entity_id,state,election_year,constituency_no,constituency_name,candidate_name,party_id,party_short_raw,votes,vote_share_pct,position,result,sex,age,education,profession,candidate_type,source_id,processing_level,processing_note
IN-AC-2008-rajasthan-589,rajasthan,2023,1,SADULSHAHAR,GURVEER SINGH,parties.IN.BJP,BJP,74433,37.798,1,won,U,,,,challenger,src-b152d3829185,minor,
IN-AC-2008-rajasthan-589,rajasthan,2023,1,SADULSHAHAR,OM BISHNOI,parties.IN.IND,IND,58973,29.9472,2,lost,U,,,,challenger,src-b152d3829185,minor,
IN-AC-2008-rajasthan-589,rajasthan,2023,1,SADULSHAHAR,JAGDISH CHANDER,parties.IN.INC,INC,57999,29.4526,3,lost,U,,,,challenger,src-b152d3829185,minor,
IN-AC-2008-rajasthan-589,rajasthan,2023,1,SADULSHAHAR,GURVINDER KOUR,parties.IN.AAP,AAP,1925,0.9775,4,forfeit,U,,,,challenger,src-b152d3829185,minor,
IN-AC-2008-rajasthan-589,rajasthan,2023,1,SADULSHAHAR,RAJENDRA KUMAR,parties.IN.BSP,BSP,824,0.4184,5,forfeit,U,,,,challenger,src-b152d3829185,minor,
IN-AC-2008-rajasthan-589,rajasthan,2023,1,SADULSHAHAR,DIVAKAR WALIA,parties.IN.IND,IND,811,0.4118,6,forfeit,U,,,,challenger,src-b152d3829185,minor,
IN-AC-2008-rajasthan-589,rajasthan,2023,1,SADULSHAHAR,RAI SAHAB,parties.IN.RPPRINAT,RPOIA,648,0.3291,7,forfeit,U,,,,challenger,src-b152d3829185,minor,
IN-AC-2008-rajasthan-589,rajasthan,2023,1,SADULSHAHAR,HARBANS SINGH,parties.IN.IND,IND,463,0.2351,8,forfeit,U,,,,challenger,src-b152d3829185,minor,
IN-AC-2008-rajasthan-589,rajasthan,2023,1,SADULSHAHAR,JAGDISH,parties.IN.IND,IND,438,0.2224,9,forfeit,U,,,,challenger,src-b152d3829185,minor,
IN-AC-2008-rajasthan-589,rajasthan,2023,1,SADULSHAHAR,NARESH GARG,parties.IN.IND,IND,409,0.2077,10,forfeit,U,,,,challenger,src-b152d3829185,minor,
IN-AC-2008-rajasthan-584,rajasthan,2023,2,GANGANAGAR,JAYDEEP BIHANI,parties.IN.BJP,BJP,81001,44.9733,1,won,U,,,,challenger,src-b152d3829185,minor,
IN-AC-2008-rajasthan-584,rajasthan,2023,2,GANGANAGAR,KARUNA ASHOK CHANDAK,parties.IN.IND,IND,51222,28.4394,2,lost,U,,,,challenger,src-b152d3829185,minor,
IN-AC-2008-rajasthan-584,rajasthan,2023,2,GANGANAGAR,ANKUR MAGLANI,parties.IN.INC,INC,39006,21.6569,3,lost,U,,,,challenger,src-b152d3829185,minor,
IN-AC-2008-rajasthan-584,rajasthan,2023,2,GANGANAGAR,HARISH RAHEJA,parties.IN.AAP,AAP,1987,1.1032,4,forfeit,U,,,,challenger,src-b152d3829185,minor,
IN-AC-2008-rajasthan-584,rajasthan,2023,2,GANGANAGAR,ARUNA CHANDAK,parties.IN.IND,IND,1302,0.7229,5,forfeit,U,,,,challenger,src-b152d3829185,minor,
IN-AC-2008-rajasthan-584,rajasthan,2023,2,GANGANAGAR,KRISHAN KUMAR,parties.IN.IND,IND,823,0.4569,6,forfeit,U,,,,challenger,src-b152d3829185,minor,
IN-AC-2008-rajasthan-584,rajasthan,2023,2,GANGANAGAR,PARMANAND,parties.IN.BSP,BSP,766,0.4253,7,forfeit,U,,,,challenger,src-b152d3829185,minor,
IN-AC-2008-rajasthan-584,rajasthan,2023,2,GANGANAGAR,HARISH CHAND KAPOOR,parties.IN.IND,IND,733,0.407,8,forfeit,U,,,,challenger,src-b152d3829185,minor,
IN-AC-2008-rajasthan-584,rajasthan,2023,2,GANGANAGAR,LALIT KUMAR,parties.IN.IND,IND,670,0.372,9,forfeit,U,,,,challenger,src-b152d3829185,minor,
IN-AC-2008-rajasthan-584,rajasthan,2023,2,GANGANAGAR,VIJAY KUMAR,parties.IN.RJAVP,RJAVP,473,0.2626,10,forfeit,U,,,,challenger,src-b152d3829185,minor,
IN-AC-2008-rajasthan-584,rajasthan,2023,2,GANGANAGAR,ASHOK KUMAR GROVER,parties.IN.IND,IND,423,0.2349,11,forfeit,U,,,,challenger,src-b152d3829185,minor,
IN-AC-2008-rajasthan-584,rajasthan,2023,2,GANGANAGAR,RAJNESH GOYAL,parties.IN.IND,IND,417,0.2315,12,forfeit,U,,,,challenger,src-b152d3829185,minor,
IN-AC-2008-rajasthan-584,rajasthan,2023,2,GANGANAGAR,JAGDISH THAKUR,parties.IN.IND,IND,404,0.2243,13,forfeit,U,,,,challenger,src-b152d3829185,minor,
IN-AC-2008-rajasthan-584,rajasthan,2023,2,GANGANAGAR,JAIDEEP,parties.IN.IND,IND,353,0.196,14,forfeit,U,,,,challenger,src-b152d3829185,minor,
IN-AC-2008-rajasthan-584,rajasthan,2023,2,GANGANAGAR,JITENDER MOHAN KAMRA,parties.IN.IND,IND,277,0.1538,15,forfeit,U,,,,challenger,src-b152d3829185,minor,
IN-AC-2008-rajasthan-584,rajasthan,2023,2,GANGANAGAR,RADHESHYAM,parties.IN.IND,IND,252,0.1399,16,forfeit,U,,,,challenger,src-b152d3829185,minor,
IN-AC-2008-rajasthan-586,rajasthan,2023,3,KARANPUR,RUPINDER SINGH KOONER,parties.IN.INC,INC,94950,48.8044,1,won,U,,,,challenger,src-b152d3829185,minor,
IN-AC-2008-rajasthan-586,rajasthan,2023,3,KARANPUR,SURENDERPAL SINGH,parties.IN.BJP,BJP,83667,43.005,2,lost,U,,,,challenger,src-b152d3829185,minor,
IN-AC-2008-rajasthan-586,rajasthan,2023,3,KARANPUR,PRITHIPAL SINGH,parties.IN.AAP,AAP,11940,6.1372,3,forfeit,U,,,,challenger,src-b152d3829185,minor,
IN-AC-2008-rajasthan-586,rajasthan,2023,3,KARANPUR,TITAR SINGH,parties.IN.IND,IND,1223,0.6286,4,forfeit,U,,,,challenger,src-b152d3829185,minor,
IN-AC-2008-rajasthan-586,rajasthan,2023,3,KARANPUR,SUKHRAM,parties.IN.IND,IND,569,0.2925,5,forfeit,U,,,,challenger,src-b152d3829185,minor,
IN-AC-2008-rajasthan-586,rajasthan,2023,3,KARANPUR,KRISHAN KUMAR,parties.IN.NJMP,NJMP,518,0.2663,6,forfeit,U,,,,challenger,src-b152d3829185,minor,
IN-AC-2008-rajasthan-586,rajasthan,2023,3,KARANPUR,ASHOK KUMAR,parties.IN.BSP,BSP,514,0.2642,7,forfeit,U,,,,challenger,src-b152d3829185,minor,
IN-AC-2008-rajasthan-586,rajasthan,2023,3,KARANPUR,CHHINDERPAL SINGH,parties.IN.IND,IND,309,0.1588,8,forfeit,U,,,,challenger,src-b152d3829185,minor,
IN-AC-2008-rajasthan-586,rajasthan,2023,3,KARANPUR,SURENDER NAGPAL,parties.IN.IND,IND,302,0.1552,9,forfeit,U,,,,challenger,src-b152d3829185,minor,
IN-AC-2008-rajasthan-586,rajasthan,2023,3,KARANPUR,CHUKI DEVI,parties.IN.IND,IND,218,0.1121,10,forfeit,U,,,,challenger,src-b152d3829185,minor,
IN-AC-2008-rajasthan-586,rajasthan,2023,3,KARANPUR,BALKARAN SINGH,parties.IN.SADM,SAD(A),213,0.1095,11,forfeit,U,,,,challenger,src-b152d3829185,minor,
IN-AC-2008-rajasthan-586,rajasthan,2023,3,KARANPUR,KALA SINGH,parties.IN.IND,IND,129,0.0663,12,forfeit,U,,,,challenger,src-b152d3829185,minor,
IN-AC-2008-rajasthan-591,rajasthan,2023,4,SURATGARH,Dungarram Gedar,parties.IN.INC,INC,116841,56.329,1,won,U,,,,challenger,src-b152d3829185,minor,
IN-AC-2008-rajasthan-591,rajasthan,2023,4,SURATGARH,Rampratap Kasania,parties.IN.BJP,BJP,66382,32.0027,2,lost,U,,,,challenger,src-b152d3829185,minor,
IN-AC-2008-rajasthan-591,rajasthan,2023,4,SURATGARH,Rajender Singh Bhadu,parties.IN.IND,IND,9826,4.7371,3,forfeit,U,,,,challenger,src-b152d3829185,minor,
IN-AC-2008-rajasthan-591,rajasthan,2023,4,SURATGARH,Prithviraj Meel,parties.IN.JJP,JJP,6840,3.2976,4,forfeit,U,,,,challenger,src-b152d3829185,minor,
IN-AC-2008-rajasthan-591,rajasthan,2023,4,SURATGARH,Mahinder Singh Bhadoo,parties.IN.BSP,BSP,2153,1.038,5,forfeit,U,,,,challenger,src-b152d3829185,minor,
IN-AC-2008-rajasthan-591,rajasthan,2023,4,SURATGARH,Liladhar,parties.IN.AAP,AAP,1895,0.9136,6,forfeit,U,,,,challenger,src-b152d3829185,minor,
IN-AC-2008-rajasthan-591,rajasthan,2023,4,SURATGARH,Pushpa Devi,parties.IN.IND,IND,683,0.3293,7,forfeit,U,,,,challenger,src-b152d3829185,minor,
IN-AC-2008-rajasthan-591,rajasthan,2023,4,SURATGARH,Mahender Kumar,parties.IN.IND,IND,649,0.3129,8,forfeit,U,,,,challenger,src-b152d3829185,minor,
IN-AC-2008-rajasthan-591,rajasthan,2023,4,SURATGARH,Ankush Gaba,parties.IN.IND,IND,569,0.2743,9,forfeit,U,,,,challenger,src-b152d3829185,minor,
IN-AC-2008-rajasthan-591,rajasthan,2023,4,SURATGARH,Prem Kumar,parties.IN.IND,IND,373,0.1798,10,forfeit,U,,,,challenger,src-b152d3829185,minor,
IN-AC-2008-rajasthan-591,rajasthan,2023,4,SURATGARH,Manphul Khan,parties.IN.IND,IND,294,0.1417,11,forfeit,U,,,,challenger,src-b152d3829185,minor,
IN-AC-2008-rajasthan-591,rajasthan,2023,4,SURATGARH,Gurchhinder Singh,parties.IN.IND,IND,284,0.1369,12,forfeit,U,,,,challenger,src-b152d3829185,minor,
IN-AC-2008-rajasthan-591,rajasthan,2023,4,SURATGARH,Mahavir Parsad Pareek Urf Tiwari,parties.IN.IND,IND,258,0.1244,13,forfeit,U,,,,challenger,src-b152d3829185,minor,
IN-AC-2008-rajasthan-591,rajasthan,2023,4,SURATGARH,Uma Shankar,parties.IN.IND,IND,213,0.1027,14,forfeit,U,,,,challenger,src-b152d3829185,minor,
IN-AC-2008-rajasthan-591,rajasthan,2023,4,SURATGARH,Sharvanram,parties.IN.BTC,BTC,166,0.08,15,forfeit,U,,,,challenger,src-b152d3829185,minor,
IN-AC-2008-rajasthan-588,rajasthan,2023,5,RAISINGH NAGAR,SOHAN LAL NAYAK,parties.IN.INC,INC,79586,37.341,1,won,U,,,,challenger,src-b152d3829185,minor,
IN-AC-2008-rajasthan-588,rajasthan,2023,5,RAISINGH NAGAR,BALVIR SINGH LUTHRA,parties.IN.BJP,BJP,65561,30.7606,2,lost,U,,,,challenger,src-b152d3829185,minor,
IN-AC-2008-rajasthan-588,rajasthan,2023,5,RAISINGH NAGAR,SHYOPAT RAM,parties.IN.CPIM,CPI(M),61057,28.6474,3,lost,U,,,,challenger,src-b152d3829185,minor,
IN-AC-2008-rajasthan-588,rajasthan,2023,5,RAISINGH NAGAR,JASAPRIT,parties.IN.BSP,BSP,984,0.4617,4,forfeit,U,,,,challenger,src-b152d3829185,minor,
IN-AC-2008-rajasthan-588,rajasthan,2023,5,RAISINGH NAGAR,DHANNARAM,parties.IN.AAP,AAP,977,0.4584,5,forfeit,U,,,,challenger,src-b152d3829185,minor,
IN-AC-2008-rajasthan-588,rajasthan,2023,5,RAISINGH NAGAR,DARSHAN SINGH,parties.IN.RLP,RLP,944,0.4429,6,forfeit,U,,,,challenger,src-b152d3829185,minor,
IN-AC-2008-rajasthan-588,rajasthan,2023,5,RAISINGH NAGAR,NAHAR SINGH,parties.IN.MKAD,MKAD,890,0.4176,7,forfeit,U,,,,challenger,src-b152d3829185,minor,
IN-AC-2008-rajasthan-588,rajasthan,2023,5,RAISINGH NAGAR,CHETRAM,parties.IN.IND,IND,847,0.3974,8,forfeit,U,,,,challenger,src-b152d3829185,minor,
IN-AC-2008-rajasthan-588,rajasthan,2023,5,RAISINGH NAGAR,GOGA DEVI,parties.IN.IND,IND,670,0.3144,9,forfeit,U,,,,challenger,src-b152d3829185,minor,
IN-AC-2008-rajasthan-588,rajasthan,2023,5,RAISINGH NAGAR,SHAMSHER SINGH,parties.IN.JHNDCGP,JHNDCGP,611,0.2867,10,forfeit,U,,,,challenger,src-b152d3829185,minor,
IN-AC-2008-rajasthan-588,rajasthan,2023,5,RAISINGH NAGAR,RAJENDER SINGH,parties.IN.IND,IND,599,0.281,11,forfeit,U,,,,challenger,src-b152d3829185,minor,
IN-AC-2008-rajasthan-588,rajasthan,2023,5,RAISINGH NAGAR,VINOD KUMAR,parties.IN.RSTWDIBHRT,RSTWDIBHRT,407,0.191,12,forfeit,U,,,,challenger,src-b152d3829185,minor,
IN-AC-2008-rajasthan-552,rajasthan,2023,6,ANUPGARH,SHIMLA DEVI,parties.IN.INC,INC,102746,53.6967,1,won,U,,,,challenger,src-b152d3829185,minor,
IN-AC-2008-rajasthan-552,rajasthan,2023,6,ANUPGARH,SANTOSH BAWRI,parties.IN.BJP,BJP,64865,33.8995,2,lost,U,,,,challenger,src-b152d3829185,minor,
IN-AC-2008-rajasthan-552,rajasthan,2023,6,ANUPGARH,SHIMLA BAWRI,parties.IN.IND,IND,10933,5.7138,3,forfeit,U,,,,challenger,src-b152d3829185,minor,
IN-AC-2008-rajasthan-552,rajasthan,2023,6,ANUPGARH,SHOBHA SINGH,parties.IN.CPIM,CPI(M),8886,4.644,4,forfeit,U,,,,challenger,src-b152d3829185,minor,
IN-AC-2008-rajasthan-552,rajasthan,2023,6,ANUPGARH,KRISHAN LAL MAGWAL,parties.IN.BSP,BSP,1637,0.8555,5,forfeit,U,,,,challenger,src-b152d3829185,minor,
IN-AC-2008-rajasthan-552,rajasthan,2023,6,ANUPGARH,SUNDER PAL,parties.IN.RLP,RLP,1609,0.8409,6,forfeit,U,,,,challenger,src-b152d3829185,minor,
IN-AC-2008-rajasthan-552,rajasthan,2023,6,ANUPGARH,OMPRAKASH,parties.IN.MKAD,MKAD,669,0.3496,7,forfeit,U,,,,challenger,src-b152d3829185,minor,
IN-AC-2008-rajasthan-590,rajasthan,2023,7,SANGARIA,ABHIMANYU,parties.IN.INC,INC,98341,47.805,1,won,U,,,,challenger,src-b152d3829185,minor,
IN-AC-2008-rajasthan-590,rajasthan,2023,7,SANGARIA,GURDEEP SINGH,parties.IN.BJP,BJP,56331,27.3833,2,lost,U,,,,challenger,src-b152d3829185,minor,
IN-AC-2008-rajasthan-590,rajasthan,2023,7,SANGARIA,GULAB SINWAR,parties.IN.IND,IND,40266,19.5739,3,lost,U,,,,challenger,src-b152d3829185,minor,
IN-AC-2008-rajasthan-590,rajasthan,2023,7,SANGARIA,DR. PARAM NAVDEEP SINGH,parties.IN.ASPKR,ASPKR,3036,1.4758,4,forfeit,U,,,,challenger,src-b152d3829185,minor,
IN-AC-2008-rajasthan-590,rajasthan,2023,7,SANGARIA,JAGJEET SINGH,parties.IN.IND,IND,2232,1.085,5,forfeit,U,,,,challenger,src-b152d3829185,minor,
IN-AC-2008-rajasthan-590,rajasthan,2023,7,SANGARIA,VIJAY KUMAR,parties.IN.BSP,BSP,1397,0.6791,6,forfeit,U,,,,challenger,src-b152d3829185,minor,
IN-AC-2008-rajasthan-590,rajasthan,2023,7,SANGARIA,SURENDRA KUMAR,parties.IN.IND,IND,1190,0.5785,7,forfeit,U,,,,challenger,src-b152d3829185,minor,
IN-AC-2008-rajasthan-590,rajasthan,2023,7,SANGARIA,SHIV KUMAR,parties.IN.IND,IND,628,0.3053,8,forfeit,U,,,,challenger,src-b152d3829185,minor,
IN-AC-2008-rajasthan-590,rajasthan,2023,7,SANGARIA,ANUPREET KAUR,parties.IN.IPGP,IPGP,602,0.2926,9,forfeit,U,,,,challenger,src-b152d3829185,minor,
IN-AC-2008-rajasthan-590,rajasthan,2023,7,SANGARIA,SANDEEP SINGH,parties.IN.AAP,AAP,589,0.2863,10,forfeit,U,,,,challenger,src-b152d3829185,minor,
IN-AC-2008-rajasthan-590,rajasthan,2023,7,SANGARIA,MEJAR SINGH,parties.IN.NJMP,NJMP,583,0.2834,11,forfeit,U,,,,challenger,src-b152d3829185,minor,
IN-AC-2008-rajasthan-590,rajasthan,2023,7,SANGARIA,DHRAMPAL,parties.IN.HJP,HJP,306,0.1488,12,forfeit,U,,,,challenger,src-b152d3829185,minor,
IN-AC-2008-rajasthan-590,rajasthan,2023,7,SANGARIA,RAJESH,parties.IN.IND,IND,212,0.1031,13,forfeit,U,,,,challenger,src-b152d3829185,minor,
IN-AC-2008-rajasthan-585,rajasthan,2023,8,HANUMANGARH,GANESHRAJ BANSAL,parties.IN.IND,IND,89323,37.2944,1,won,U,,,,challenger,src-b152d3829185,minor,
IN-AC-2008-rajasthan-585,rajasthan,2023,8,HANUMANGARH,AMIT SAHU,parties.IN.BJP,BJP,79625,33.2452,2,lost,U,,,,challenger,src-b152d3829185,minor,
IN-AC-2008-rajasthan-585,rajasthan,2023,8,HANUMANGARH,VINOD KUMAR,parties.IN.INC,INC,59366,24.7866,3,lost,U,,,,challenger,src-b152d3829185,minor,
IN-AC-2008-rajasthan-585,rajasthan,2023,8,HANUMANGARH,RAGHUVEER SINGH,parties.IN.CPIM,CPI(M),2843,1.187,4,forfeit,U,,,,challenger,src-b152d3829185,minor,
IN-AC-2008-rajasthan-585,rajasthan,2023,8,HANUMANGARH,MOHMMED EMAMDEEN,parties.IN.IND,IND,2174,0.9077,5,forfeit,U,,,,challenger,src-b152d3829185,minor,
IN-AC-2008-rajasthan-585,rajasthan,2023,8,HANUMANGARH,KAILASH,parties.IN.BSP,BSP,1787,0.7461,6,forfeit,U,,,,challenger,src-b152d3829185,minor,
IN-AC-2008-rajasthan-585,rajasthan,2023,8,HANUMANGARH,SACHIN,parties.IN.AAP,AAP,890,0.3716,7,forfeit,U,,,,challenger,src-b152d3829185,minor,
IN-AC-2008-rajasthan-585,rajasthan,2023,8,HANUMANGARH,MOHAMMAD RAFEEK,parties.IN.JHNDCGP,JHNDCGP,741,0.3094,8,forfeit,U,,,,challenger,src-b152d3829185,minor,
IN-AC-2008-rajasthan-585,rajasthan,2023,8,HANUMANGARH,RAJESH KUMAR SINGLA,parties.IN.IND,IND,673,0.281,9,forfeit,U,,,,challenger,src-b152d3829185,minor,
IN-AC-2008-rajasthan-585,rajasthan,2023,8,HANUMANGARH,KANARAM,parties.IN.IND,IND,661,0.276,10,forfeit,U,,,,challenger,src-b152d3829185,minor,
IN-AC-2008-rajasthan-585,rajasthan,2023,8,HANUMANGARH,NIRANJAN SINGH,parties.IN.IND,IND,574,0.2397,11,forfeit,U,,,,challenger,src-b152d3829185,minor,
IN-AC-2008-rajasthan-585,rajasthan,2023,8,HANUMANGARH,JAGDEV SINGH,parties.IN.IPGP,IPGP,431,0.18,12,forfeit,U,,,,challenger,src-b152d3829185,minor,
IN-AC-2008-rajasthan-585,rajasthan,2023,8,HANUMANGARH,MOHAN SINGH,parties.IN.IND,IND,420,0.1754,13,forfeit,U,,,,challenger,src-b152d3829185,minor,
IN-AC-2008-rajasthan-587,rajasthan,2023,9,PILIBANGA,VINOD KUMAR,parties.IN.INC,INC,143091,58.2023,1,won,U,,,,challenger,src-b152d3829185,minor,
IN-AC-2008-rajasthan-587,rajasthan,2023,9,PILIBANGA,DHARMENDRA KUMAR,parties.IN.BJP,BJP,87818,35.72,2,lost,U,,,,challenger,src-b152d3829185,minor,
IN-AC-2008-rajasthan-587,rajasthan,2023,9,PILIBANGA,SUNIL KUMAR,parties.IN.RLP,RLP,10525,4.281,3,forfeit,U,,,,challenger,src-b152d3829185,minor,
IN-AC-2008-rajasthan-587,rajasthan,2023,9,PILIBANGA,VARINDER KUMAR,parties.IN.AAP,AAP,1772,0.7208,4,forfeit,U,,,,challenger,src-b152d3829185,minor,
IN-AC-2008-rajasthan-587,rajasthan,2023,9,PILIBANGA,KALURAM,parties.IN.BSP,BSP,1586,0.6451,5,forfeit,U,,,,challenger,src-b152d3829185,minor,
IN-AC-2008-rajasthan-587,rajasthan,2023,9,PILIBANGA,RATTIRAM,parties.IN.IND,IND,1059,0.4307,6,forfeit,U,,,,challenger,src-b152d3829185,minor,
IN-AC-2008-rajasthan-570,rajasthan,2023,10,NOHAR,AMIT CHACHAN,parties.IN.INC,INC,103623,43.5266,1,won,U,,,,challenger,src-b152d3829185,minor,
IN-AC-2008-rajasthan-570,rajasthan,2023,10,NOHAR,ABHISHEK MATORIA,parties.IN.BJP,BJP,102728,43.1507,2,lost,U,,,,challenger,src-b152d3829185,minor,
IN-AC-2008-rajasthan-570,rajasthan,2023,10,NOHAR,MANGEJ CHOUDHARY,parties.IN.CPIM,CPI(M),26824,11.2674,3,forfeit,U,,,,challenger,src-b152d3829185,minor,
IN-AC-2008-rajasthan-570,rajasthan,2023,10,NOHAR,NIRANARAM SWAMI,parties.IN.RLP,RLP,1396,0.5864,4,forfeit,U,,,,challenger,src-b152d3829185,minor,
IN-AC-2008-rajasthan-570,rajasthan,2023,10,NOHAR,RAM PARSAD,parties.IN.BSP,BSP,1172,0.4923,5,forfeit,U,,,,challenger,src-b152d3829185,minor,
IN-AC-2008-rajasthan-570,rajasthan,2023,10,NOHAR,VINOD NAYAK,parties.IN.IND,IND,987,0.4146,6,forfeit,U,,,,challenger,src-b152d3829185,minor,
IN-AC-2008-rajasthan-570,rajasthan,2023,10,NOHAR,RAKESH KUMAR SWAMI,parties.IN.RSHTRJNTS,RSHTRJNTS,586,0.2461,7,forfeit,U,,,,challenger,src-b152d3829185,minor,
IN-AC-2008-rajasthan-570,rajasthan,2023,10,NOHAR,GHANSHYAM,parties.IN.IND,IND,426,0.1789,8,forfeit,U,,,,challenger,src-b152d3829185,minor,
IN-AC-2008-rajasthan-570,rajasthan,2023,10,NOHAR,ASARAIL,parties.IN.ALP,ALP,326,0.1369,9,forfeit,U,,,,challenger,src-b152d3829185,minor,
IN-AC-2008-rajasthan-568,rajasthan,2023,11,BHADRA,SANJEEV KUMAR,parties.IN.BJP,BJP,102748,44.8997,1,won,U,,,,challenger,src-b152d3829185,minor,
IN-AC-2008-rajasthan-568,rajasthan,2023,11,BHADRA,BALWAN POONIA,parties.IN.CPIM,CPI(M),101616,44.405,2,lost,U,,,,challenger,src-b152d3829185,minor,
IN-AC-2008-rajasthan-568,rajasthan,2023,11,BHADRA,RAJENDER PRASAD JALANDHRA,parties.IN.IND,IND,8257,3.6082,3,forfeit,U,,,,challenger,src-b152d3829185,minor,
IN-AC-2008-rajasthan-568,rajasthan,2023,11,BHADRA,BAJRANG SAHARAN,parties.IN.IND,IND,4882,2.1334,4,forfeit,U,,,,challenger,src-b152d3829185,minor,
IN-AC-2008-rajasthan-568,rajasthan,2023,11,BHADRA,AJEET SINGH BENIWAL,parties.IN.INC,INC,3771,1.6479,5,forfeit,U,,,,challenger,src-b152d3829185,minor,
IN-AC-2008-rajasthan-568,rajasthan,2023,11,BHADRA,ROOPNATH,parties.IN.AAP,AAP,2252,0.9841,6,forfeit,U,,,,challenger,src-b152d3829185,minor,
IN-AC-2008-rajasthan-568,rajasthan,2023,11,BHADRA,RAMNATH SHARMA,parties.IN.BSP,BSP,1546,0.6756,7,forfeit,U,,,,challenger,src-b152d3829185,minor,
IN-AC-2008-rajasthan-568,rajasthan,2023,11,BHADRA,MUKESH KUMAR,parties.IN.ASPKR,ASPKR,1501,0.6559,8,forfeit,U,,,,challenger,src-b152d3829185,minor,
IN-AC-2008-rajasthan-568,rajasthan,2023,11,BHADRA,KARTIKEY DUDI,parties.IN.JJP,JJP,1231,0.5379,9,forfeit,U,,,,challenger,src-b152d3829185,minor,
IN-AC-2008-rajasthan-568,rajasthan,2023,11,BHADRA,BALWAN SINGH,parties.IN.IND,IND,1035,0.4523,10,forfeit,U,,,,challenger,src-b152d3829185,minor,
IN-AC-2008-rajasthan-556,rajasthan,2023,12,KHAJUWALA,DR VISHWANATH MEGHWAL,parties.IN.BJP,BJP,91276,52.0717,1,won,U,,,,challenger,src-b152d3829185,minor,
IN-AC-2008-rajasthan-556,rajasthan,2023,12,KHAJUWALA,GOVINDRAM MEGHWAL,parties.IN.INC,INC,73902,42.1601,2,lost,U,,,,challenger,src-b152d3829185,minor,
IN-AC-2008-rajasthan-556,rajasthan,2023,12,KHAJUWALA,SITARAM,parties.IN.JJP,JJP,3953,2.2551,3,forfeit,U,,,,challenger,src-b152d3829185,minor,
IN-AC-2008-rajasthan-556,rajasthan,2023,12,KHAJUWALA,JAIPRAKASH,parties.IN.RLP,RLP,2421,1.3811,4,forfeit,U,,,,challenger,src-b152d3829185,minor,
IN-AC-2008-rajasthan-556,rajasthan,2023,12,KHAJUWALA,GHANSHYAM,parties.IN.PUPP,party-unknown-2003,1269,0.7239,5,forfeit,U,,,,challenger,src-b152d3829185,minor,
IN-AC-2008-rajasthan-556,rajasthan,2023,12,KHAJUWALA,MAYAWATI,parties.IN.BSP,BSP,1207,0.6886,6,forfeit,U,,,,challenger,src-b152d3829185,minor,
IN-AC-2008-rajasthan-556,rajasthan,2023,12,KHAJUWALA,MANGILAL,parties.IN.AASP,AASP,775,0.4421,7,forfeit,U,,,,challenger,src-b152d3829185,minor,
IN-AC-2008-rajasthan-556,rajasthan,2023,12,KHAJUWALA,PAPURAM,parties.IN.IND,IND,486,0.2773,8,forfeit,U,,,,challenger,src-b152d3829185,minor,
IN-AC-2008-rajasthan-eci13,rajasthan,2023,13,BIKANER WEST,JETHANAND VYAS,parties.IN.BJP,BJP,98648,54.988,1,won,U,,,,challenger,src-b152d3829185,minor,
IN-AC-2008-rajasthan-eci13,rajasthan,2023,13,BIKANER WEST,BULAKI DAS KALLA,parties.IN.INC,INC,78454,43.7316,2,lost,U,,,,challenger,src-b152d3829185,minor,
IN-AC-2008-rajasthan-eci13,rajasthan,2023,13,BIKANER WEST,SHABNAM BANO ALIAS MAJDOOR NETA,parties.IN.IND,IND,743,0.4142,3,forfeit,U,,,,challenger,src-b152d3829185,minor,
IN-AC-2008-rajasthan-eci13,rajasthan,2023,13,BIKANER WEST,MANISH SHARMA,parties.IN.AAP,AAP,622,0.3467,4,forfeit,U,,,,challenger,src-b152d3829185,minor,
IN-AC-2008-rajasthan-eci13,rajasthan,2023,13,BIKANER WEST,RAVINDRA KUMAR,parties.IN.BSP,BSP,245,0.1366,5,forfeit,U,,,,challenger,src-b152d3829185,minor,
IN-AC-2008-rajasthan-eci13,rajasthan,2023,13,BIKANER WEST,MOHAMMAD HUSSAIN DAR,parties.IN.IND,IND,172,0.0959,6,forfeit,U,,,,challenger,src-b152d3829185,minor,
IN-AC-2008-rajasthan-eci13,rajasthan,2023,13,BIKANER WEST,DILIP KUMAR JOSHI,parties.IN.IND,IND,157,0.0875,7,forfeit,U,,,,challenger,src-b152d3829185,minor,
IN-AC-2008-rajasthan-eci13,rajasthan,2023,13,BIKANER WEST,BAJRANG LAL KUMAWAT,parties.IN.IND,IND,123,0.0686,8,forfeit,U,,,,challenger,src-b152d3829185,minor,
IN-AC-2008-rajasthan-eci13,rajasthan,2023,13,BIKANER WEST,SURESH CHANDRA SONI,parties.IN.JSVP,party-unknown-1967,101,0.0563,9,forfeit,U,,,,challenger,src-b152d3829185,minor,
IN-AC-2008-rajasthan-eci13,rajasthan,2023,13,BIKANER WEST,JAI SINGH YADAV,parties.IN.IND,IND,68,0.0379,10,forfeit,U,,,,challenger,src-b152d3829185,minor,
IN-AC-2008-rajasthan-eci13,rajasthan,2023,13,BIKANER WEST,KISHAN,parties.IN.IND,IND,66,0.0368,11,forfeit,U,,,,challenger,src-b152d3829185,minor,
IN-AC-2008-rajasthan-553,rajasthan,2023,14,BIKANER EAST,Siddhi Kumari,parties.IN.BJP,BJP,89917,53.6187,1,won,U,,,,challenger,src-b152d3829185,minor,
IN-AC-2008-rajasthan-553,rajasthan,2023,14,BIKANER EAST,Yashpal Gehlot,parties.IN.INC,INC,70614,42.1081,2,lost,U,,,,challenger,src-b152d3829185,minor,
IN-AC-2008-rajasthan-553,rajasthan,2023,14,BIKANER EAST,Manoj Bishnoi,parties.IN.RLP,RLP,3696,2.204,3,forfeit,U,,,,challenger,src-b152d3829185,minor,
IN-AC-2008-rajasthan-553,rajasthan,2023,14,BIKANER EAST,Gomati Meghwal,parties.IN.BSP,BSP,962,0.5737,4,forfeit,U,,,,challenger,src-b152d3829185,minor,
IN-AC-2008-rajasthan-553,rajasthan,2023,14,BIKANER EAST,Mohar Singh Yadav,parties.IN.IND,IND,689,0.4109,5,forfeit,U,,,,challenger,src-b152d3829185,minor,
IN-AC-2008-rajasthan-553,rajasthan,2023,14,BIKANER EAST,Bhagawan Singh,parties.IN.PUPP,party-unknown-2003,579,0.3453,6,forfeit,U,,,,challenger,src-b152d3829185,minor,
IN-AC-2008-rajasthan-553,rajasthan,2023,14,BIKANER EAST,Lalchand Meghwal,parties.IN.IND,IND,389,0.232,7,forfeit,U,,,,challenger,src-b152d3829185,minor,
IN-AC-2008-rajasthan-553,rajasthan,2023,14,BIKANER EAST,Meena,parties.IN.IND,IND,256,0.1527,8,forfeit,U,,,,challenger,src-b152d3829185,minor,
IN-AC-2008-rajasthan-553,rajasthan,2023,14,BIKANER EAST,Nirmala Kelania,parties.IN.IND,IND,155,0.0924,9,forfeit,U,,,,challenger,src-b152d3829185,minor,
IN-AC-2008-rajasthan-553,rajasthan,2023,14,BIKANER EAST,Hardwari Lal Mehra,parties.IN.ARP,ARP,140,0.0835,10,forfeit,U,,,,challenger,src-b152d3829185,minor,
IN-AC-2008-rajasthan-553,rajasthan,2023,14,BIKANER EAST,Tolaram Upadhyay,parties.IN.IND,IND,114,0.068,11,forfeit,U,,,,challenger,src-b152d3829185,minor,
IN-AC-2008-rajasthan-553,rajasthan,2023,14,BIKANER EAST,Kedar Nath Khatri,parties.IN.IND,IND,94,0.0561,12,forfeit,U,,,,challenger,src-b152d3829185,minor,
IN-AC-2008-rajasthan-553,rajasthan,2023,14,BIKANER EAST,Tirathram,parties.IN.IND,IND,92,0.0549,13,forfeit,U,,,,challenger,src-b152d3829185,minor,
IN-AC-2008-rajasthan-557,rajasthan,2023,15,KOLAYAT,ANSHUMAN SINGH BHATI,parties.IN.BJP,BJP,101093,50.5056,1,won,U,,,,challenger,src-b152d3829185,minor,
IN-AC-2008-rajasthan-557,rajasthan,2023,15,KOLAYAT,BHANWAR SINGH BHATI,parties.IN.INC,INC,68160,34.0524,2,lost,U,,,,challenger,src-b152d3829185,minor,
IN-AC-2008-rajasthan-557,rajasthan,2023,15,KOLAYAT,REVAT RAM PANWAR,parties.IN.RLP,RLP,27854,13.9157,3,forfeit,U,,,,challenger,src-b152d3829185,minor,
IN-AC-2008-rajasthan-557,rajasthan,2023,15,KOLAYAT,PRATAP RAM,parties.IN.BSP,BSP,1390,0.6944,4,forfeit,U,,,,challenger,src-b152d3829185,minor,
IN-AC-2008-rajasthan-557,rajasthan,2023,15,KOLAYAT,MANFOOL KARVASARA,parties.IN.ARP,ARP,1210,0.6045,5,forfeit,U,,,,challenger,src-b152d3829185,minor,
IN-AC-2008-rajasthan-557,rajasthan,2023,15,KOLAYAT,VIMLA,parties.IN.IND,IND,455,0.2273,6,forfeit,U,,,,challenger,src-b152d3829185,minor,
IN-AC-2008-rajasthan-558,rajasthan,2023,16,LUNKARANSAR,SUMIT GODARA,parties.IN.BJP,BJP,60452,30.2292,1,won,U,,,,challenger,src-b152d3829185,minor,
IN-AC-2008-rajasthan-558,rajasthan,2023,16,LUNKARANSAR,DR. RAJENDRA MOOND,parties.IN.INC,INC,51583,25.7942,2,lost,U,,,,challenger,src-b152d3829185,minor,
IN-AC-2008-rajasthan-558,rajasthan,2023,16,LUNKARANSAR,PRABHUDAYAL SARSWAT,parties.IN.IND,IND,45379,22.6919,3,lost,U,,,,challenger,src-b152d3829185,minor,
IN-AC-2008-rajasthan-558,rajasthan,2023,16,LUNKARANSAR,VIRENDRA BENIWAL,parties.IN.IND,IND,29895,14.9491,4,forfeit,U,,,,challenger,src-b152d3829185,minor,
IN-AC-2008-rajasthan-558,rajasthan,2023,16,LUNKARANSAR,SHIVDAN RAM,parties.IN.RLP,RLP,3170,1.5852,5,forfeit,U,,,,challenger,src-b152d3829185,minor,
IN-AC-2008-rajasthan-558,rajasthan,2023,16,LUNKARANSAR,PHUSARAM,parties.IN.AASP,AASP,2494,1.2471,6,forfeit,U,,,,challenger,src-b152d3829185,minor,
IN-AC-2008-rajasthan-558,rajasthan,2023,16,LUNKARANSAR,SHYAM SUNDER,parties.IN.IND,IND,2383,1.1916,7,forfeit,U,,,,challenger,src-b152d3829185,minor,
IN-AC-2008-rajasthan-558,rajasthan,2023,16,LUNKARANSAR,KHETA RAM,parties.IN.BSP,BSP,1819,0.9096,8,forfeit,U,,,,challenger,src-b152d3829185,minor,
IN-AC-2008-rajasthan-558,rajasthan,2023,16,LUNKARANSAR,OM PRAKASH,parties.IN.IND,IND,1459,0.7296,9,forfeit,U,,,,challenger,src-b152d3829185,minor,
IN-AC-2008-rajasthan-558,rajasthan,2023,16,LUNKARANSAR,BHARATRAM KASWAN,parties.IN.IND,IND,1345,0.6726,10,forfeit,U,,,,challenger,src-b152d3829185,minor,
IN-AC-2008-rajasthan-555,rajasthan,2023,17,DUNGARGARH,TARACHAND,parties.IN.BJP,BJP,65690,33.1102,1,won,U,,,,challenger,src-b152d3829185,minor,
IN-AC-2008-rajasthan-555,rajasthan,2023,17,DUNGARGARH,MANGLARAM GODARA,parties.IN.INC,INC,57565,29.0149,2,lost,U,,,,challenger,src-b152d3829185,minor,
IN-AC-2008-rajasthan-555,rajasthan,2023,17,DUNGARGARH,GIRDHARI LAL,parties.IN.CPIM,CPI(M),56498,28.4771,3,lost,U,,,,challenger,src-b152d3829185,minor,
IN-AC-2008-rajasthan-555,rajasthan,2023,17,DUNGARGARH,RAJENDRA MEGHWAL BAPEU,parties.IN.BSP,BSP,6379,3.2153,4,forfeit,U,,,,challenger,src-b152d3829185,minor,
IN-AC-2008-rajasthan-555,rajasthan,2023,17,DUNGARGARH,DR. VIVEK MACHRA,parties.IN.RLP,RLP,3478,1.753,5,forfeit,U,,,,challenger,src-b152d3829185,minor,
IN-AC-2008-rajasthan-555,rajasthan,2023,17,DUNGARGARH,PREETI SHARMA,parties.IN.IND,IND,3242,1.6341,6,forfeit,U,,,,challenger,src-b152d3829185,minor,
IN-AC-2008-rajasthan-555,rajasthan,2023,17,DUNGARGARH,SANWATSINGH,parties.IN.IND,IND,1444,0.7278,7,forfeit,U,,,,challenger,src-b152d3829185,minor,
IN-AC-2008-rajasthan-555,rajasthan,2023,17,DUNGARGARH,MANOJ KUMAR SARSWAT,parties.IN.IND,IND,1415,0.7132,8,forfeit,U,,,,challenger,src-b152d3829185,minor,
IN-AC-2008-rajasthan-555,rajasthan,2023,17,DUNGARGARH,SHARWANSINGH PUNDALSAR,parties.IN.ARP,ARP,1001,0.5045,9,forfeit,U,,,,challenger,src-b152d3829185,minor,
IN-AC-2008-rajasthan-555,rajasthan,2023,17,DUNGARGARH,BHIKHA RAM NAI,parties.IN.IND,IND,512,0.2581,10,forfeit,U,,,,challenger,src-b152d3829185,minor,
IN-AC-2008-rajasthan-555,rajasthan,2023,17,DUNGARGARH,NARAYAN,parties.IN.IND,IND,422,0.2127,11,forfeit,U,,,,challenger,src-b152d3829185,minor,
IN-AC-2008-rajasthan-555,rajasthan,2023,17,DUNGARGARH,ASARAM,parties.IN.AASP,AASP,319,0.1608,12,forfeit,U,,,,challenger,src-b152d3829185,minor,
IN-AC-2008-rajasthan-555,rajasthan,2023,17,DUNGARGARH,APRAJIT BAIDA,parties.IN.IND,IND,220,0.1109,13,forfeit,U,,,,challenger,src-b152d3829185,minor,
IN-AC-2008-rajasthan-555,rajasthan,2023,17,DUNGARGARH,ISHWAR CHAND,parties.IN.IND,IND,213,0.1074,14,forfeit,U,,,,challenger,src-b152d3829185,minor,
IN-AC-2008-rajasthan-559,rajasthan,2023,18,NOKHA,SUSHILA RAMESHWAR DUDI,parties.IN.INC,INC,83215,39.1867,1,won,U,,,,challenger,src-b152d3829185,minor,
IN-AC-2008-rajasthan-559,rajasthan,2023,18,NOKHA,BIHARI LAL,parties.IN.BJP,BJP,75066,35.3493,2,lost,U,,,,challenger,src-b152d3829185,minor,
IN-AC-2008-rajasthan-559,rajasthan,2023,18,NOKHA,KANHAIYALAL JHANWAR,parties.IN.VM,VM,33781,15.9078,3,forfeit,U,,,,challenger,src-b152d3829185,minor,
IN-AC-2008-rajasthan-559,rajasthan,2023,18,NOKHA,MAGNA RAM,parties.IN.IND,IND,10333,4.8659,4,forfeit,U,,,,challenger,src-b152d3829185,minor,
IN-AC-2008-rajasthan-559,rajasthan,2023,18,NOKHA,VASUDEV BADGUJAR,parties.IN.IND,IND,1927,0.9074,5,forfeit,U,,,,challenger,src-b152d3829185,minor,
IN-AC-2008-rajasthan-559,rajasthan,2023,18,NOKHA,SUSHILA,parties.IN.IND,IND,1863,0.8773,6,forfeit,U,,,,challenger,src-b152d3829185,minor,
IN-AC-2008-rajasthan-559,rajasthan,2023,18,NOKHA,UMARDIN,parties.IN.IPGP,IPGP,1363,0.6418,7,forfeit,U,,,,challenger,src-b152d3829185,minor,
IN-AC-2008-rajasthan-559,rajasthan,2023,18,NOKHA,PARAMARAM,parties.IN.BSP,BSP,1237,0.5825,8,forfeit,U,,,,challenger,src-b152d3829185,minor,
IN-AC-2008-rajasthan-559,rajasthan,2023,18,NOKHA,KANHAIYALAL,parties.IN.IND,IND,823,0.3876,9,forfeit,U,,,,challenger,src-b152d3829185,minor,
IN-AC-2008-rajasthan-559,rajasthan,2023,18,NOKHA,MOTIRAM,parties.IN.IND,IND,763,0.3593,10,forfeit,U,,,,challenger,src-b152d3829185,minor,
IN-AC-2008-rajasthan-559,rajasthan,2023,18,NOKHA,RAMPRATAP,parties.IN.IND,IND,680,0.3202,11,forfeit,U,,,,challenger,src-b152d3829185,minor,
IN-AC-2008-rajasthan-559,rajasthan,2023,18,NOKHA,HANS RAJ PANNU,parties.IN.BMUP,BMUP,671,0.316,12,forfeit,U,,,,challenger,src-b152d3829185,minor,
IN-AC-2008-rajasthan-559,rajasthan,2023,18,NOKHA,NARPAT SINGH,parties.IN.IND,IND,328,0.1545,13,forfeit,U,,,,challenger,src-b152d3829185,minor,
IN-AC-2008-rajasthan-559,rajasthan,2023,18,NOKHA,KANHAIYALAL,parties.IN.IND,IND,305,0.1436,14,forfeit,U,,,,challenger,src-b152d3829185,minor,
IN-AC-2008-rajasthan-572,rajasthan,2023,19,SADULPUR,MANOJ KUMAR S/O SWAI SINGH,parties.IN.BSP,BSP,64368,33.0635,1,won,U,,,,challenger,src-b152d3829185,minor,
IN-AC-2008-rajasthan-572,rajasthan,2023,19,SADULPUR,KRISHNA POONIA,parties.IN.INC,INC,61794,31.7413,2,lost,U,,,,challenger,src-b152d3829185,minor,
IN-AC-2008-rajasthan-572,rajasthan,2023,19,SADULPUR,SUMITRA POONIA,parties.IN.BJP,BJP,59429,30.5265,3,lost,U,,,,challenger,src-b152d3829185,minor,
IN-AC-2008-rajasthan-572,rajasthan,2023,19,SADULPUR,SUNIL KUMAR S/O RAM PAL,parties.IN.CPIM,CPI(M),5707,2.9315,4,forfeit,U,,,,challenger,src-b152d3829185,minor,
IN-AC-2008-rajasthan-572,rajasthan,2023,19,SADULPUR,SATYAVAN SINGH,parties.IN.ASPKR,ASPKR,1256,0.6452,5,forfeit,U,,,,challenger,src-b152d3829185,minor,
IN-AC-2008-rajasthan-572,rajasthan,2023,19,SADULPUR,DHARMVEER SINGH,parties.IN.BMUP,BMUP,428,0.2198,6,forfeit,U,,,,challenger,src-b152d3829185,minor,
IN-AC-2008-rajasthan-572,rajasthan,2023,19,SADULPUR,SUNIL KUMAR S/O DEEPCHAND,parties.IN.IND,IND,392,0.2014,7,forfeit,U,,,,challenger,src-b152d3829185,minor,
IN-AC-2008-rajasthan-572,rajasthan,2023,19,SADULPUR,MANOJ KUMAR S/O KESHAR DEV,parties.IN.IND,IND,356,0.1829,8,forfeit,U,,,,challenger,src-b152d3829185,minor,
IN-AC-2008-rajasthan-572,rajasthan,2023,19,SADULPUR,SANTOSH KANWAR,parties.IN.IND,IND,287,0.1474,9,forfeit,U,,,,challenger,src-b152d3829185,minor,
IN-AC-2008-rajasthan-572,rajasthan,2023,19,SADULPUR,RAJ KUMAR SONI,parties.IN.IND,IND,273,0.1402,10,forfeit,U,,,,challenger,src-b152d3829185,minor,
IN-AC-2008-rajasthan-572,rajasthan,2023,19,SADULPUR,RAJENDER SINGH,parties.IN.IND,IND,243,0.1248,11,forfeit,U,,,,challenger,src-b152d3829185,minor,
IN-AC-2008-rajasthan-572,rajasthan,2023,19,SADULPUR,GAJANAND SONI,parties.IN.IND,IND,147,0.0755,12,forfeit,U,,,,challenger,src-b152d3829185,minor,
IN-AC-2008-rajasthan-575,rajasthan,2023,20,TARANAGAR,NARENDRA BUDANIA,parties.IN.INC,INC,108236,49.7125,1,won,U,,,,challenger,src-b152d3829185,minor,
IN-AC-2008-rajasthan-575,rajasthan,2023,20,TARANAGAR,RAJENDRA RATHORE,parties.IN.BJP,BJP,97891,44.9611,2,lost,U,,,,challenger,src-b152d3829185,minor,
IN-AC-2008-rajasthan-575,rajasthan,2023,20,TARANAGAR,CO. NIRMAL KUMAR,parties.IN.CPIM,CPI(M),6815,3.1301,3,forfeit,U,,,,challenger,src-b152d3829185,minor,
IN-AC-2008-rajasthan-575,rajasthan,2023,20,TARANAGAR,CHHOTU RAM,parties.IN.BSP,BSP,1126,0.5172,4,forfeit,U,,,,challenger,src-b152d3829185,minor,
IN-AC-2008-rajasthan-575,rajasthan,2023,20,TARANAGAR,MANJU,parties.IN.IND,IND,1030,0.4731,5,forfeit,U,,,,challenger,src-b152d3829185,minor,
IN-AC-2008-rajasthan-575,rajasthan,2023,20,TARANAGAR,VINAY KUMAR,parties.IN.JJP,JJP,966,0.4437,6,forfeit,U,,,,challenger,src-b152d3829185,minor,
IN-AC-2008-rajasthan-575,rajasthan,2023,20,TARANAGAR,SANDEEP SAHARAN ZAILDAR,parties.IN.IND,IND,786,0.361,7,forfeit,U,,,,challenger,src-b152d3829185,minor,
IN-AC-2008-rajasthan-575,rajasthan,2023,20,TARANAGAR,MUKESH LAATA,parties.IN.RLP,RLP,686,0.3151,8,forfeit,U,,,,challenger,src-b152d3829185,minor,
IN-AC-2008-rajasthan-575,rajasthan,2023,20,TARANAGAR,NIRANJAN SINGH RATHORE,parties.IN.IND,IND,188,0.0863,9,forfeit,U,,,,challenger,src-b152d3829185,minor,
IN-AC-2008-rajasthan-573,rajasthan,2023,21,SARDARSHAHAR,ANIL KUMAR SHARMA,parties.IN.INC,INC,99582,42.5233,1,won,U,,,,challenger,src-b152d3829185,minor,
IN-AC-2008-rajasthan-573,rajasthan,2023,21,SARDARSHAHAR,RAJKARAN CHOUDHARY,parties.IN.IND,IND,77250,32.9872,2,lost,U,,,,challenger,src-b152d3829185,minor,
IN-AC-2008-rajasthan-573,rajasthan,2023,21,SARDARSHAHAR,RAJKUMAR RINWA,parties.IN.BJP,BJP,52538,22.4347,3,lost,U,,,,challenger,src-b152d3829185,minor,
IN-AC-2008-rajasthan-573,rajasthan,2023,21,SARDARSHAHAR,OM PRAKASH,parties.IN.BSP,BSP,2135,0.9117,4,forfeit,U,,,,challenger,src-b152d3829185,minor,
IN-AC-2008-rajasthan-573,rajasthan,2023,21,SARDARSHAHAR,CHHAGAN LAL CHOUDHARY,parties.IN.CPIM,CPI(M),1977,0.8442,5,forfeit,U,,,,challenger,src-b152d3829185,minor,
IN-AC-2008-rajasthan-573,rajasthan,2023,21,SARDARSHAHAR,RAJENDER KUMAR BHAMBHU,parties.IN.IND,IND,700,0.2989,6,forfeit,U,,,,challenger,src-b152d3829185,minor,
IN-AC-2008-rajasthan-569,rajasthan,2023,22,CHURU,HARLAL SAHARAN,parties.IN.BJP,BJP,99432,50.3377,1,won,U,,,,challenger,src-b152d3829185,minor,
IN-AC-2008-rajasthan-569,rajasthan,2023,22,CHURU,RAFIQUE MANDELIA,parties.IN.INC,INC,92558,46.8577,2,lost,U,,,,challenger,src-b152d3829185,minor,
IN-AC-2008-rajasthan-569,rajasthan,2023,22,CHURU,SANJAY KHAN,parties.IN.AAP,AAP,1418,0.7179,3,forfeit,U,,,,challenger,src-b152d3829185,minor,
IN-AC-2008-rajasthan-569,rajasthan,2023,22,CHURU,DINESH KUMAR,parties.IN.RLP,RLP,849,0.4298,4,forfeit,U,,,,challenger,src-b152d3829185,minor,
IN-AC-2008-rajasthan-569,rajasthan,2023,22,CHURU,ASHARAM,parties.IN.BSP,BSP,764,0.3868,5,forfeit,U,,,,challenger,src-b152d3829185,minor,
IN-AC-2008-rajasthan-569,rajasthan,2023,22,CHURU,MOHAMMED HUSAIN,parties.IN.NJMP,NJMP,760,0.3848,6,forfeit,U,,,,challenger,src-b152d3829185,minor,
IN-AC-2008-rajasthan-569,rajasthan,2023,22,CHURU,RAMSINGH,parties.IN.IND,IND,651,0.3296,7,forfeit,U,,,,challenger,src-b152d3829185,minor,
IN-AC-2008-rajasthan-569,rajasthan,2023,22,CHURU,RAM CHANDRA,parties.IN.ARP,ARP,608,0.3078,8,forfeit,U,,,,challenger,src-b152d3829185,minor,
IN-AC-2008-rajasthan-569,rajasthan,2023,22,CHURU,SAMPAT SINGH,parties.IN.IND,IND,253,0.1281,9,forfeit,U,,,,challenger,src-b152d3829185,minor,
IN-AC-2008-rajasthan-569,rajasthan,2023,22,CHURU,ATMA RAM,parties.IN.IND,IND,237,0.12,10,forfeit,U,,,,challenger,src-b152d3829185,minor,
IN-AC-2008-rajasthan-571,rajasthan,2023,23,RATANGARH,POOSARAM GODARA,parties.IN.INC,INC,109383,54.2058,1,won,U,,,,challenger,src-b152d3829185,minor,
IN-AC-2008-rajasthan-571,rajasthan,2023,23,RATANGARH,ABHINESH MAHARSHI,parties.IN.BJP,BJP,79720,39.506,2,lost,U,,,,challenger,src-b152d3829185,minor,
IN-AC-2008-rajasthan-571,rajasthan,2023,23,RATANGARH,RADHESHYAM PRAJAPAT,parties.IN.IND,IND,5956,2.9516,3,forfeit,U,,,,challenger,src-b152d3829185,minor,
IN-AC-2008-rajasthan-571,rajasthan,2023,23,RATANGARH,DR. SANJU BALA,parties.IN.AAP,AAP,1505,0.7458,4,forfeit,U,,,,challenger,src-b152d3829185,minor,
IN-AC-2008-rajasthan-571,rajasthan,2023,23,RATANGARH,NIRAJ RATANGARH,parties.IN.BSP,BSP,1145,0.5674,5,forfeit,U,,,,challenger,src-b152d3829185,minor,
IN-AC-2008-rajasthan-571,rajasthan,2023,23,RATANGARH,SHISHPAL SINGH RANA,parties.IN.IND,IND,1034,0.5124,6,forfeit,U,,,,challenger,src-b152d3829185,minor,
IN-AC-2008-rajasthan-571,rajasthan,2023,23,RATANGARH,NARESH KUMAR GODARA,parties.IN.ASPKR,ASPKR,992,0.4916,7,forfeit,U,,,,challenger,src-b152d3829185,minor,
IN-AC-2008-rajasthan-571,rajasthan,2023,23,RATANGARH,SANWARMAL,parties.IN.CPI,CPI,801,0.3969,8,forfeit,U,,,,challenger,src-b152d3829185,minor,
IN-AC-2008-rajasthan-571,rajasthan,2023,23,RATANGARH,LALA RAM BHAT,parties.IN.IND,IND,575,0.2849,9,forfeit,U,,,,challenger,src-b152d3829185,minor,
IN-AC-2008-rajasthan-571,rajasthan,2023,23,RATANGARH,SANJAY KUMAR JANGIR,parties.IN.IND,IND,459,0.2275,10,forfeit,U,,,,challenger,src-b152d3829185,minor,
IN-AC-2008-rajasthan-571,rajasthan,2023,23,RATANGARH,DEVILAL MEGHWAL,parties.IN.IND,IND,222,0.11,11,forfeit,U,,,,challenger,src-b152d3829185,minor,
IN-AC-2008-rajasthan-574,rajasthan,2023,24,SUJANGARH,MANOJ KUMAR,parties.IN.INC,INC,86790,43.5691,1,won,U,,,,challenger,src-b152d3829185,minor,
IN-AC-2008-rajasthan-574,rajasthan,2023,24,SUJANGARH,SANTOSH MEGHWAL W/O MANOJ KUMAR,parties.IN.BJP,BJP,84337,42.3376,2,lost,U,,,,challenger,src-b152d3829185,minor,
IN-AC-2008-rajasthan-574,rajasthan,2023,24,SUJANGARH,BABULAL KULDEEP,parties.IN.RLP,RLP,19438,9.758,3,forfeit,U,,,,challenger,src-b152d3829185,minor,
IN-AC-2008-rajasthan-574,rajasthan,2023,24,SUJANGARH,RAJENDRA KUMAR NAYAK,parties.IN.IND,IND,4303,2.1601,4,forfeit,U,,,,challenger,src-b152d3829185,minor,
IN-AC-2008-rajasthan-574,rajasthan,2023,24,SUJANGARH,RAM KUMAR,parties.IN.IND,IND,1405,0.7053,5,forfeit,U,,,,challenger,src-b152d3829185,minor,
IN-AC-2008-rajasthan-574,rajasthan,2023,24,SUJANGARH,SANTOSH MEGHWAL W/O POORNAMAL,parties.IN.IND,IND,1292,0.6486,6,forfeit,U,,,,challenger,src-b152d3829185,minor,
IN-AC-2008-rajasthan-574,rajasthan,2023,24,SUJANGARH,DHARMACHAND NAYAK,parties.IN.IND,IND,1029,0.5166,7,forfeit,U,,,,challenger,src-b152d3829185,minor,
IN-AC-2008-rajasthan-574,rajasthan,2023,24,SUJANGARH,PRATAP RANA,parties.IN.IND,IND,607,0.3047,8,forfeit,U,,,,challenger,src-b152d3829185,minor,
IN-AC-2008-rajasthan-629,rajasthan,2023,25,PILANI,Pitram Singh Kala,parties.IN.INC,INC,72835,42.4441,1,won,U,,,,challenger,src-b152d3829185,minor,
IN-AC-2008-rajasthan-629,rajasthan,2023,25,PILANI,Rajesh Kumar Dahia,parties.IN.BJP,BJP,57990,33.7933,2,lost,U,,,,challenger,src-b152d3829185,minor,
IN-AC-2008-rajasthan-629,rajasthan,2023,25,PILANI,Kailash Chand Meghwal,parties.IN.IND,IND,35575,20.7311,3,lost,U,,,,challenger,src-b152d3829185,minor,
IN-AC-2008-rajasthan-629,rajasthan,2023,25,PILANI,Ramswaroop Singh,parties.IN.RLP,RLP,1951,1.1369,4,forfeit,U,,,,challenger,src-b152d3829185,minor,
IN-AC-2008-rajasthan-629,rajasthan,2023,25,PILANI,Rajendra Prasad,parties.IN.AAP,AAP,1143,0.6661,5,forfeit,U,,,,challenger,src-b152d3829185,minor,
IN-AC-2008-rajasthan-629,rajasthan,2023,25,PILANI,Dharmpal,parties.IN.BSP,BSP,1093,0.6369,6,forfeit,U,,,,challenger,src-b152d3829185,minor,
IN-AC-2008-rajasthan-629,rajasthan,2023,25,PILANI,Kailash Chandra,parties.IN.IND,IND,536,0.3124,7,forfeit,U,,,,challenger,src-b152d3829185,minor,
IN-AC-2008-rajasthan-629,rajasthan,2023,25,PILANI,Ratan Singh,parties.IN.IND,IND,479,0.2791,8,forfeit,U,,,,challenger,src-b152d3829185,minor,
IN-AC-2008-rajasthan-630,rajasthan,2023,26,SURAJGARH,Sharwan Kumar S/O Gokal Ram,parties.IN.INC,INC,115684,58.0382,1,won,U,,,,challenger,src-b152d3829185,minor,
IN-AC-2008-rajasthan-630,rajasthan,2023,26,SURAJGARH,Santosh Ahalawat,parties.IN.BJP,BJP,78270,39.2677,2,lost,U,,,,challenger,src-b152d3829185,minor,
IN-AC-2008-rajasthan-630,rajasthan,2023,26,SURAJGARH,Dara Singh,parties.IN.BSP,BSP,1170,0.587,3,forfeit,U,,,,challenger,src-b152d3829185,minor,
IN-AC-2008-rajasthan-630,rajasthan,2023,26,SURAJGARH,Norang Dangi,parties.IN.IND,IND,1050,0.5268,4,forfeit,U,,,,challenger,src-b152d3829185,minor,
IN-AC-2008-rajasthan-630,rajasthan,2023,26,SURAJGARH,Omprakash Jharoda,parties.IN.CPIMLL,CPI(ML) (L),820,0.4114,5,forfeit,U,,,,challenger,src-b152d3829185,minor,
IN-AC-2008-rajasthan-630,rajasthan,2023,26,SURAJGARH,Shakun Jilowa,parties.IN.ASPKR,ASPKR,785,0.3938,6,forfeit,U,,,,challenger,src-b152d3829185,minor,
IN-AC-2008-rajasthan-630,rajasthan,2023,26,SURAJGARH,Sharwan Kumar S/O Leelaram,parties.IN.IND,IND,635,0.3186,7,forfeit,U,,,,challenger,src-b152d3829185,minor,
IN-AC-2008-rajasthan-630,rajasthan,2023,26,SURAJGARH,Shrawan,parties.IN.IND,IND,449,0.2253,8,forfeit,U,,,,challenger,src-b152d3829185,minor,
IN-AC-2008-rajasthan-630,rajasthan,2023,26,SURAJGARH,Ravindra Lamba,parties.IN.ARP,ARP,200,0.1003,9,forfeit,U,,,,challenger,src-b152d3829185,minor,
IN-AC-2008-rajasthan-630,rajasthan,2023,26,SURAJGARH,Nandlal Verma,parties.IN.IND,IND,141,0.0707,10,forfeit,U,,,,challenger,src-b152d3829185,minor,
IN-AC-2008-rajasthan-630,rajasthan,2023,26,SURAJGARH,Liyakat Ali,parties.IN.IND,IND,120,0.0602,11,forfeit,U,,,,challenger,src-b152d3829185,minor,
IN-AC-2008-rajasthan-625,rajasthan,2023,27,JHUNJHUNU,Brijendra Singh Ola,parties.IN.INC,INC,86798,44.7973,1,won,U,,,,challenger,src-b152d3829185,minor,
IN-AC-2008-rajasthan-625,rajasthan,2023,27,JHUNJHUNU,Nisheet Kumar,parties.IN.BJP,BJP,57935,29.9009,2,lost,U,,,,challenger,src-b152d3829185,minor,
IN-AC-2008-rajasthan-625,rajasthan,2023,27,JHUNJHUNU,Rajendra Singh Bhamboo,parties.IN.IND,IND,42407,21.8867,3,lost,U,,,,challenger,src-b152d3829185,minor,
IN-AC-2008-rajasthan-625,rajasthan,2023,27,JHUNJHUNU,Pankaj Dhankhar,parties.IN.ASPKR,ASPKR,3095,1.5974,4,forfeit,U,,,,challenger,src-b152d3829185,minor,
IN-AC-2008-rajasthan-625,rajasthan,2023,27,JHUNJHUNU,Mahendra Singh,parties.IN.BSP,BSP,1193,0.6157,5,forfeit,U,,,,challenger,src-b152d3829185,minor,
IN-AC-2008-rajasthan-625,rajasthan,2023,27,JHUNJHUNU,Lokpal,parties.IN.IND,IND,1177,0.6075,6,forfeit,U,,,,challenger,src-b152d3829185,minor,
IN-AC-2008-rajasthan-625,rajasthan,2023,27,JHUNJHUNU,Abhimanyu Singh,parties.IN.IND,IND,457,0.2359,7,forfeit,U,,,,challenger,src-b152d3829185,minor,
IN-AC-2008-rajasthan-625,rajasthan,2023,27,JHUNJHUNU,Suman,parties.IN.BMUP,BMUP,405,0.209,8,forfeit,U,,,,challenger,src-b152d3829185,minor,
IN-AC-2008-rajasthan-625,rajasthan,2023,27,JHUNJHUNU,Rashid Khan,parties.IN.AAP,AAP,290,0.1497,9,forfeit,U,,,,challenger,src-b152d3829185,minor,
IN-AC-2008-rajasthan-627,rajasthan,2023,28,MANDAWA,Kumari Rita Chaudhary,parties.IN.INC,INC,98747,53.6362,1,won,U,,,,challenger,src-b152d3829185,minor,
IN-AC-2008-rajasthan-627,rajasthan,2023,28,MANDAWA,Narendra Kumar,parties.IN.BJP,BJP,80030,43.4698,2,lost,U,,,,challenger,src-b152d3829185,minor,
IN-AC-2008-rajasthan-627,rajasthan,2023,28,MANDAWA,Mohammad Sadique,parties.IN.BSP,BSP,2114,1.1483,3,forfeit,U,,,,challenger,src-b152d3829185,minor,
IN-AC-2008-rajasthan-627,rajasthan,2023,28,MANDAWA,Dr. Ram Krishan Suman,parties.IN.IND,IND,780,0.4237,4,forfeit,U,,,,challenger,src-b152d3829185,minor,
IN-AC-2008-rajasthan-627,rajasthan,2023,28,MANDAWA,Advocate Rohit Prajapati,parties.IN.ARP,ARP,555,0.3015,5,forfeit,U,,,,challenger,src-b152d3829185,minor,
IN-AC-2008-rajasthan-627,rajasthan,2023,28,MANDAWA,Satish Kumar Arya,parties.IN.IND,IND,468,0.2542,6,forfeit,U,,,,challenger,src-b152d3829185,minor,
IN-AC-2008-rajasthan-627,rajasthan,2023,28,MANDAWA,Satyanarayan,parties.IN.IND,IND,434,0.2357,7,forfeit,U,,,,challenger,src-b152d3829185,minor,
IN-AC-2008-rajasthan-627,rajasthan,2023,28,MANDAWA,Narendra Singh,parties.IN.IND,IND,293,0.1591,8,forfeit,U,,,,challenger,src-b152d3829185,minor,
IN-AC-2008-rajasthan-627,rajasthan,2023,28,MANDAWA,Sunil Kumar,parties.IN.IND,IND,229,0.1244,9,forfeit,U,,,,challenger,src-b152d3829185,minor,
IN-AC-2008-rajasthan-627,rajasthan,2023,28,MANDAWA,Vinod Pujari,parties.IN.IND,IND,187,0.1016,10,forfeit,U,,,,challenger,src-b152d3829185,minor,
IN-AC-2008-rajasthan-627,rajasthan,2023,28,MANDAWA,Akhtar Hussain,parties.IN.IND,IND,146,0.0793,11,forfeit,U,,,,challenger,src-b152d3829185,minor,
IN-AC-2008-rajasthan-627,rajasthan,2023,28,MANDAWA,Daleep Singh,parties.IN.IND,IND,122,0.0663,12,forfeit,U,,,,challenger,src-b152d3829185,minor,
IN-AC-2008-rajasthan-628,rajasthan,2023,29,NAWALGARH,Vikram Singh Jakhal,parties.IN.BJP,BJP,112037,54.3146,1,won,U,,,,challenger,src-b152d3829185,minor,
IN-AC-2008-rajasthan-628,rajasthan,2023,29,NAWALGARH,Dr. Rajkumar Sharma,parties.IN.INC,INC,88857,43.0772,2,lost,U,,,,challenger,src-b152d3829185,minor,
IN-AC-2008-rajasthan-628,rajasthan,2023,29,NAWALGARH,Vijendra Singh,parties.IN.AAP,AAP,1260,0.6108,3,forfeit,U,,,,challenger,src-b152d3829185,minor,
IN-AC-2008-rajasthan-628,rajasthan,2023,29,NAWALGARH,Gulam Nabi,parties.IN.BSP,BSP,1072,0.5197,4,forfeit,U,,,,challenger,src-b152d3829185,minor,
IN-AC-2008-rajasthan-628,rajasthan,2023,29,NAWALGARH,Shivnath Singh,parties.IN.IND,IND,1014,0.4916,5,forfeit,U,,,,challenger,src-b152d3829185,minor,
IN-AC-2008-rajasthan-628,rajasthan,2023,29,NAWALGARH,Sanjay,parties.IN.IND,IND,762,0.3694,6,forfeit,U,,,,challenger,src-b152d3829185,minor,
IN-AC-2008-rajasthan-628,rajasthan,2023,29,NAWALGARH,Budhram,parties.IN.ASPKR,ASPKR,464,0.2249,7,forfeit,U,,,,challenger,src-b152d3829185,minor,
IN-AC-2008-rajasthan-628,rajasthan,2023,29,NAWALGARH,Pramod Kumar,parties.IN.IND,IND,292,0.1416,8,forfeit,U,,,,challenger,src-b152d3829185,minor,
IN-AC-2008-rajasthan-628,rajasthan,2023,29,NAWALGARH,Karmendu Shishir Pandey,parties.IN.RTORP,RTORP,152,0.0737,9,forfeit,U,,,,challenger,src-b152d3829185,minor,
IN-AC-2008-rajasthan-628,rajasthan,2023,29,NAWALGARH,Tej Kumar,parties.IN.IND,IND,118,0.0572,10,forfeit,U,,,,challenger,src-b152d3829185,minor,
IN-AC-2008-rajasthan-628,rajasthan,2023,29,NAWALGARH,Subhash,parties.IN.RAJPA,RaJPa,90,0.0436,11,forfeit,U,,,,challenger,src-b152d3829185,minor,
IN-AC-2008-rajasthan-628,rajasthan,2023,29,NAWALGARH,Ashok Kumar,parties.IN.IND,IND,80,0.0388,12,forfeit,U,,,,challenger,src-b152d3829185,minor,
IN-AC-2008-rajasthan-628,rajasthan,2023,29,NAWALGARH,Aslam Khan,parties.IN.IND,IND,76,0.0368,13,forfeit,U,,,,challenger,src-b152d3829185,minor,
IN-AC-2008-rajasthan-631,rajasthan,2023,30,UDAIPURWATI,Bhagawana Ram Saini,parties.IN.INC,INC,68399,34.6098,1,won,U,,,,challenger,src-b152d3829185,minor,
IN-AC-2008-rajasthan-631,rajasthan,2023,30,UDAIPURWATI,Subhkaran Choudhary,parties.IN.BJP,BJP,67983,34.3993,2,lost,U,,,,challenger,src-b152d3829185,minor,
IN-AC-2008-rajasthan-631,rajasthan,2023,30,UDAIPURWATI,Rajendra Singh Gudha S/O Madho Singh,parties.IN.SHS,SHS,57823,29.2584,3,lost,U,,,,challenger,src-b152d3829185,minor,
IN-AC-2008-rajasthan-631,rajasthan,2023,30,UDAIPURWATI,Vikas Gill,parties.IN.RLP,RLP,914,0.4625,4,forfeit,U,,,,challenger,src-b152d3829185,minor,
IN-AC-2008-rajasthan-631,rajasthan,2023,30,UDAIPURWATI,Ramsingh,parties.IN.BMUP,BMUP,812,0.4109,5,forfeit,U,,,,challenger,src-b152d3829185,minor,
IN-AC-2008-rajasthan-631,rajasthan,2023,30,UDAIPURWATI,Sandeep Kumar Saini,parties.IN.BSP,BSP,729,0.3689,6,forfeit,U,,,,challenger,src-b152d3829185,minor,
IN-AC-2008-rajasthan-631,rajasthan,2023,30,UDAIPURWATI,Meenu,parties.IN.IND,IND,444,0.2247,7,forfeit,U,,,,challenger,src-b152d3829185,minor,
IN-AC-2008-rajasthan-631,rajasthan,2023,30,UDAIPURWATI,Rajendra Singh Gudha S/O Norang Ram,parties.IN.IND,IND,328,0.166,8,forfeit,U,,,,challenger,src-b152d3829185,minor,
IN-AC-2008-rajasthan-631,rajasthan,2023,30,UDAIPURWATI,Nisha Kanwar,parties.IN.IND,IND,197,0.0997,9,forfeit,U,,,,challenger,src-b152d3829185,minor,
IN-AC-2008-rajasthan-626,rajasthan,2023,31,KHETRI,DHARMPAL,parties.IN.BJP,BJP,70597,42.0691,1,won,U,,,,challenger,src-b152d3829185,minor,
IN-AC-2008-rajasthan-626,rajasthan,2023,31,KHETRI,MANOJ GHUMARIA,parties.IN.BSP,BSP,61483,36.638,2,lost,U,,,,challenger,src-b152d3829185,minor,
IN-AC-2008-rajasthan-626,rajasthan,2023,31,KHETRI,MANISHA,parties.IN.INC,INC,27981,16.674,3,lost,U,,,,challenger,src-b152d3829185,minor,
IN-AC-2008-rajasthan-626,rajasthan,2023,31,KHETRI,POORANMAL SAINI,parties.IN.IND,IND,4964,2.9581,4,forfeit,U,,,,challenger,src-b152d3829185,minor,
IN-AC-2008-rajasthan-626,rajasthan,2023,31,KHETRI,KAPIL JANGIR,parties.IN.IND,IND,1085,0.6466,5,forfeit,U,,,,challenger,src-b152d3829185,minor,
IN-AC-2008-rajasthan-626,rajasthan,2023,31,KHETRI,RAHUL GHUMRIYA,parties.IN.IND,IND,792,0.472,6,forfeit,U,,,,challenger,src-b152d3829185,minor,
IN-AC-2008-rajasthan-626,rajasthan,2023,31,KHETRI,SATYANARAYAN,parties.IN.IND,IND,351,0.2092,7,forfeit,U,,,,challenger,src-b152d3829185,minor,
IN-AC-2008-rajasthan-626,rajasthan,2023,31,KHETRI,PRAKASH,parties.IN.IND,IND,283,0.1686,8,forfeit,U,,,,challenger,src-b152d3829185,minor,
IN-AC-2008-rajasthan-626,rajasthan,2023,31,KHETRI,DHARMSINGH,parties.IN.IND,IND,276,0.1645,9,forfeit,U,,,,challenger,src-b152d3829185,minor,
IN-AC-2008-rajasthan-624,rajasthan,2023,32,FATEHPUR,HAKAM ALI KHAN,parties.IN.INC,INC,84194,46.5804,1,won,U,,,,challenger,src-b152d3829185,minor,
IN-AC-2008-rajasthan-624,rajasthan,2023,32,FATEHPUR,SHARAWAN CHOUDHARY S/O PREM SINGH,parties.IN.BJP,BJP,58201,32.1997,2,lost,U,,,,challenger,src-b152d3829185,minor,
IN-AC-2008-rajasthan-624,rajasthan,2023,32,FATEHPUR,NAND KISHORE MAHARIA,parties.IN.JJP,JJP,23851,13.1956,3,forfeit,U,,,,challenger,src-b152d3829185,minor,
IN-AC-2008-rajasthan-624,rajasthan,2023,32,FATEHPUR,MADHU SUDAN,parties.IN.IND,IND,8786,4.8609,4,forfeit,U,,,,challenger,src-b152d3829185,minor,
IN-AC-2008-rajasthan-624,rajasthan,2023,32,FATEHPUR,SHARWAN CHOUDHARY S/O PITHARAM,parties.IN.IND,IND,2221,1.2288,5,forfeit,U,,,,challenger,src-b152d3829185,minor,
IN-AC-2008-rajasthan-624,rajasthan,2023,32,FATEHPUR,S. P. SINGH,parties.IN.IND,IND,860,0.4758,6,forfeit,U,,,,challenger,src-b152d3829185,minor,
IN-AC-2008-rajasthan-624,rajasthan,2023,32,FATEHPUR,RAKESH KUMAR,parties.IN.BSP,BSP,834,0.4614,7,forfeit,U,,,,challenger,src-b152d3829185,minor,
IN-AC-2008-rajasthan-624,rajasthan,2023,32,FATEHPUR,ARVIND CHOUDHARY,parties.IN.BHARAT_ADIVASI_PARTY,BHRTADVSIP,664,0.3674,8,forfeit,U,,,,challenger,src-b152d3829185,minor,
IN-AC-2008-rajasthan-624,rajasthan,2023,32,FATEHPUR,JAVED ALI KHAN,parties.IN.AIMIM,party-unknown-1920,273,0.151,9,forfeit,U,,,,challenger,src-b152d3829185,minor,
IN-AC-2008-rajasthan-624,rajasthan,2023,32,FATEHPUR,HARLAL SINGH,parties.IN.ARP,ARP,249,0.1378,10,forfeit,U,,,,challenger,src-b152d3829185,minor,
IN-AC-2008-rajasthan-624,rajasthan,2023,32,FATEHPUR,GULAB ALBELA KUMHAR,parties.IN.RJVP,RJVP,165,0.0913,11,forfeit,U,,,,challenger,src-b152d3829185,minor,
IN-AC-2008-rajasthan-624,rajasthan,2023,32,FATEHPUR,ABDUL RASHID KHAN,parties.IN.IND,IND,165,0.0913,12,forfeit,U,,,,challenger,src-b152d3829185,minor,
IN-AC-2008-rajasthan-624,rajasthan,2023,32,FATEHPUR,BALBIR SINGH,parties.IN.IND,IND,148,0.0819,13,forfeit,U,,,,challenger,src-b152d3829185,minor,
IN-AC-2008-rajasthan-624,rajasthan,2023,32,FATEHPUR,CHOTHMAL,parties.IN.IND,IND,139,0.0769,14,forfeit,U,,,,challenger,src-b152d3829185,minor,
IN-AC-2008-rajasthan-684,rajasthan,2023,33,LACHHMANGARH,GOVIND SINGH DOTASRA,parties.IN.INC,INC,113304,52.8951,1,won,U,,,,challenger,src-b152d3829185,minor,
IN-AC-2008-rajasthan-684,rajasthan,2023,33,LACHHMANGARH,SUBHASH MAHARIA,parties.IN.BJP,BJP,94334,44.0391,2,lost,U,,,,challenger,src-b152d3829185,minor,
IN-AC-2008-rajasthan-684,rajasthan,2023,33,LACHHMANGARH,COMRADE VIJENDRA DHAKA,parties.IN.CPIM,CPI(M),1875,0.8753,3,forfeit,U,,,,challenger,src-b152d3829185,minor,
IN-AC-2008-rajasthan-684,rajasthan,2023,33,LACHHMANGARH,VIJAY PAL SINGH,parties.IN.RLP,RLP,1551,0.7241,4,forfeit,U,,,,challenger,src-b152d3829185,minor,
IN-AC-2008-rajasthan-684,rajasthan,2023,33,LACHHMANGARH,GOVINDA RAM SHESHMA,parties.IN.JAC,JAC,797,0.3721,5,forfeit,U,,,,challenger,src-b152d3829185,minor,
IN-AC-2008-rajasthan-684,rajasthan,2023,33,LACHHMANGARH,NAVARANG CHOUDHARI,parties.IN.BHYUJEP,BYJEP,700,0.3268,6,forfeit,U,,,,challenger,src-b152d3829185,minor,
IN-AC-2008-rajasthan-684,rajasthan,2023,33,LACHHMANGARH,ADVOCATE MAHESH MOOND,parties.IN.BSP,BSP,695,0.3245,7,forfeit,U,,,,challenger,src-b152d3829185,minor,
IN-AC-2008-rajasthan-684,rajasthan,2023,33,LACHHMANGARH,ARIF KHAN,parties.IN.IND,IND,516,0.2409,8,forfeit,U,,,,challenger,src-b152d3829185,minor,
IN-AC-2008-rajasthan-684,rajasthan,2023,33,LACHHMANGARH,SUBHASH,parties.IN.IND,IND,285,0.1331,9,forfeit,U,,,,challenger,src-b152d3829185,minor,
IN-AC-2008-rajasthan-684,rajasthan,2023,33,LACHHMANGARH,AJAY PAL DHAKA,parties.IN.IND,IND,148,0.0691,10,forfeit,U,,,,challenger,src-b152d3829185,minor,
IN-AC-2008-rajasthan-682,rajasthan,2023,34,DHOD,GORDHAN,parties.IN.BJP,BJP,85543,42.5926,1,won,U,,,,challenger,src-b152d3829185,minor,
IN-AC-2008-rajasthan-682,rajasthan,2023,34,DHOD,PEMA RAM,parties.IN.CPIM,CPI(M),72165,35.9316,2,lost,U,,,,challenger,src-b152d3829185,minor,
IN-AC-2008-rajasthan-682,rajasthan,2023,34,DHOD,JAGDISH PRASAD DANODIA,parties.IN.INC,INC,34487,17.1714,3,lost,U,,,,challenger,src-b152d3829185,minor,
IN-AC-2008-rajasthan-682,rajasthan,2023,34,DHOD,MAHESH MORDIA,parties.IN.RLP,RLP,3350,1.668,4,forfeit,U,,,,challenger,src-b152d3829185,minor,
IN-AC-2008-rajasthan-682,rajasthan,2023,34,DHOD,MANOJ,parties.IN.IND,IND,1642,0.8176,5,forfeit,U,,,,challenger,src-b152d3829185,minor,
IN-AC-2008-rajasthan-682,rajasthan,2023,34,DHOD,KALU RAM,parties.IN.BSP,BSP,1017,0.5064,6,forfeit,U,,,,challenger,src-b152d3829185,minor,
IN-AC-2008-rajasthan-682,rajasthan,2023,34,DHOD,GORDHAN,parties.IN.IND,IND,827,0.4118,7,forfeit,U,,,,challenger,src-b152d3829185,minor,
IN-AC-2008-rajasthan-682,rajasthan,2023,34,DHOD,BHAGIRATH,parties.IN.IND,IND,790,0.3933,8,forfeit,U,,,,challenger,src-b152d3829185,minor,
IN-AC-2008-rajasthan-682,rajasthan,2023,34,DHOD,HANUMAN PRASAD RAIGAR,parties.IN.BMUP,BMUP,445,0.2216,9,forfeit,U,,,,challenger,src-b152d3829185,minor,
IN-AC-2008-rajasthan-682,rajasthan,2023,34,DHOD,VIJENDRA,parties.IN.BHYUJEP,BYJEP,313,0.1558,10,forfeit,U,,,,challenger,src-b152d3829185,minor,
IN-AC-2008-rajasthan-682,rajasthan,2023,34,DHOD,BIMLA,parties.IN.PRVPOI,PRVPOI,261,0.13,11,forfeit,U,,,,challenger,src-b152d3829185,minor,
IN-AC-2008-rajasthan-686,rajasthan,2023,35,SIKAR,RAJENDRA PAREEK,parties.IN.INC,INC,97161,45.6485,1,won,U,,,,challenger,src-b152d3829185,minor,
IN-AC-2008-rajasthan-686,rajasthan,2023,35,SIKAR,RATANLAL JALDHARI,parties.IN.BJP,BJP,67123,31.5359,2,lost,U,,,,challenger,src-b152d3829185,minor,
IN-AC-2008-rajasthan-686,rajasthan,2023,35,SIKAR,TARACHAND DHAYAL,parties.IN.IND,IND,40782,19.1603,3,lost,U,,,,challenger,src-b152d3829185,minor,
IN-AC-2008-rajasthan-686,rajasthan,2023,35,SIKAR,USMAN GANI,parties.IN.CPIM,CPI(M),1760,0.8269,4,forfeit,U,,,,challenger,src-b152d3829185,minor,
IN-AC-2008-rajasthan-686,rajasthan,2023,35,SIKAR,ANIL KUMAR,parties.IN.IND,IND,1363,0.6404,5,forfeit,U,,,,challenger,src-b152d3829185,minor,
IN-AC-2008-rajasthan-686,rajasthan,2023,35,SIKAR,SHAKIL AHMED,parties.IN.BSP,BSP,981,0.4609,6,forfeit,U,,,,challenger,src-b152d3829185,minor,
IN-AC-2008-rajasthan-686,rajasthan,2023,35,SIKAR,RAJENDER KUMAR,parties.IN.IND,IND,783,0.3679,7,forfeit,U,,,,challenger,src-b152d3829185,minor,
IN-AC-2008-rajasthan-686,rajasthan,2023,35,SIKAR,VIJENDRA,parties.IN.BHYUJEP,BYJEP,601,0.2824,8,forfeit,U,,,,challenger,src-b152d3829185,minor,
IN-AC-2008-rajasthan-686,rajasthan,2023,35,SIKAR,JHABAR SINGH,parties.IN.AAP,AAP,555,0.2608,9,forfeit,U,,,,challenger,src-b152d3829185,minor,
IN-AC-2008-rajasthan-686,rajasthan,2023,35,SIKAR,NARENDRA KUMAR,parties.IN.IND,IND,543,0.2551,10,forfeit,U,,,,challenger,src-b152d3829185,minor,
IN-AC-2008-rajasthan-686,rajasthan,2023,35,SIKAR,MOHD. KASIM KHILJI,parties.IN.SDPI,SDPI,398,0.187,11,forfeit,U,,,,challenger,src-b152d3829185,minor,
IN-AC-2008-rajasthan-686,rajasthan,2023,35,SIKAR,SITARAM,parties.IN.RLP,RLP,219,0.1029,12,forfeit,U,,,,challenger,src-b152d3829185,minor,
IN-AC-2008-rajasthan-686,rajasthan,2023,35,SIKAR,LAXMI KANT,parties.IN.BJNP,BJNP,185,0.0869,13,forfeit,U,,,,challenger,src-b152d3829185,minor,
IN-AC-2008-rajasthan-686,rajasthan,2023,35,SIKAR,BARKAT MOHAMMAD,parties.IN.JJP,JJP,164,0.0771,14,forfeit,U,,,,challenger,src-b152d3829185,minor,
IN-AC-2008-rajasthan-686,rajasthan,2023,35,SIKAR,MOHAMMAD JAMIL,parties.IN.JAC,JAC,118,0.0554,15,forfeit,U,,,,challenger,src-b152d3829185,minor,
IN-AC-2008-rajasthan-686,rajasthan,2023,35,SIKAR,BHAGAVANA,parties.IN.BJSP,BJSP,110,0.0517,16,forfeit,U,,,,challenger,src-b152d3829185,minor,
IN-AC-2008-rajasthan-681,rajasthan,2023,36,DANTA RAMGARH,VIRENDRA SINGH,parties.IN.INC,INC,99413,45.3198,1,won,U,,,,challenger,src-b152d3829185,minor,
IN-AC-2008-rajasthan-681,rajasthan,2023,36,DANTA RAMGARH,GAJANAND KUMAWAT,parties.IN.BJP,BJP,91416,41.6742,2,lost,U,,,,challenger,src-b152d3829185,minor,
IN-AC-2008-rajasthan-681,rajasthan,2023,36,DANTA RAMGARH,AMRARAM,parties.IN.CPIM,CPI(M),20891,9.5237,3,forfeit,U,,,,challenger,src-b152d3829185,minor,
IN-AC-2008-rajasthan-681,rajasthan,2023,36,DANTA RAMGARH,RITA SINGH CHAUDHARY,parties.IN.JJP,JJP,1567,0.7144,4,forfeit,U,,,,challenger,src-b152d3829185,minor,
IN-AC-2008-rajasthan-681,rajasthan,2023,36,DANTA RAMGARH,DHIRENDRA KUMAR,parties.IN.UMEDPI,UMEDPI,1542,0.703,5,forfeit,U,,,,challenger,src-b152d3829185,minor,
IN-AC-2008-rajasthan-681,rajasthan,2023,36,DANTA RAMGARH,BUDHRAM,parties.IN.AAP,AAP,955,0.4354,6,forfeit,U,,,,challenger,src-b152d3829185,minor,
IN-AC-2008-rajasthan-681,rajasthan,2023,36,DANTA RAMGARH,SUBHASH BALAI,parties.IN.BSP,BSP,856,0.3902,7,forfeit,U,,,,challenger,src-b152d3829185,minor,
IN-AC-2008-rajasthan-681,rajasthan,2023,36,DANTA RAMGARH,SANTOSH KANWAR,parties.IN.IND,IND,797,0.3633,8,forfeit,U,,,,challenger,src-b152d3829185,minor,
IN-AC-2008-rajasthan-681,rajasthan,2023,36,DANTA RAMGARH,VIKRAM SINGH,parties.IN.IND,IND,704,0.3209,9,forfeit,U,,,,challenger,src-b152d3829185,minor,
IN-AC-2008-rajasthan-681,rajasthan,2023,36,DANTA RAMGARH,BANSHI LAL KATARIA,parties.IN.IND,IND,620,0.2826,10,forfeit,U,,,,challenger,src-b152d3829185,minor,
IN-AC-2008-rajasthan-681,rajasthan,2023,36,DANTA RAMGARH,ASHOK KUMAR VERMA,parties.IN.IND,IND,334,0.1523,11,forfeit,U,,,,challenger,src-b152d3829185,minor,
IN-AC-2008-rajasthan-681,rajasthan,2023,36,DANTA RAMGARH,KAMAL KISHOR RAR,parties.IN.IND,IND,264,0.1204,12,forfeit,U,,,,challenger,src-b152d3829185,minor,
IN-AC-2008-rajasthan-683,rajasthan,2023,37,KHANDELA,SUBHASH MEEL,parties.IN.BJP,BJP,114236,56.3967,1,won,U,,,,challenger,src-b152d3829185,minor,
IN-AC-2008-rajasthan-683,rajasthan,2023,37,KHANDELA,MAHADEV SINGH,parties.IN.INC,INC,71597,35.3464,2,lost,U,,,,challenger,src-b152d3829185,minor,
IN-AC-2008-rajasthan-683,rajasthan,2023,37,KHANDELA,BANSHIDHAR KHANDELA,parties.IN.IND,IND,11808,5.8294,3,forfeit,U,,,,challenger,src-b152d3829185,minor,
IN-AC-2008-rajasthan-683,rajasthan,2023,37,KHANDELA,MEENA SAINI,parties.IN.IND,IND,1670,0.8245,4,forfeit,U,,,,challenger,src-b152d3829185,minor,
IN-AC-2008-rajasthan-683,rajasthan,2023,37,KHANDELA,SARDAR SINGH ARYA,parties.IN.JJP,JJP,852,0.4206,5,forfeit,U,,,,challenger,src-b152d3829185,minor,
IN-AC-2008-rajasthan-683,rajasthan,2023,37,KHANDELA,BHANWAR SINGH GHOSALYA,parties.IN.IND,IND,837,0.4132,6,forfeit,U,,,,challenger,src-b152d3829185,minor,
IN-AC-2008-rajasthan-683,rajasthan,2023,37,KHANDELA,RAJESH,parties.IN.AAP,AAP,620,0.3061,7,forfeit,U,,,,challenger,src-b152d3829185,minor,
IN-AC-2008-rajasthan-683,rajasthan,2023,37,KHANDELA,SANWARMAL,parties.IN.BSP,BSP,525,0.2592,8,forfeit,U,,,,challenger,src-b152d3829185,minor,
IN-AC-2008-rajasthan-683,rajasthan,2023,37,KHANDELA,VIKARAM SINGH,parties.IN.IND,IND,234,0.1155,9,forfeit,U,,,,challenger,src-b152d3829185,minor,
IN-AC-2008-rajasthan-683,rajasthan,2023,37,KHANDELA,PHOOL CHAND,parties.IN.IND,IND,179,0.0884,10,forfeit,U,,,,challenger,src-b152d3829185,minor,
IN-AC-2008-rajasthan-685,rajasthan,2023,38,NEEM KA THANA,Suresh Modi,parties.IN.INC,INC,105878,53.9116,1,won,U,,,,challenger,src-b152d3829185,minor,
IN-AC-2008-rajasthan-685,rajasthan,2023,38,NEEM KA THANA,Prem Singh Bajor,parties.IN.BJP,BJP,72788,37.0626,2,lost,U,,,,challenger,src-b152d3829185,minor,
IN-AC-2008-rajasthan-685,rajasthan,2023,38,NEEM KA THANA,Rajesh Kumar,parties.IN.RLP,RLP,5500,2.8005,3,forfeit,U,,,,challenger,src-b152d3829185,minor,
IN-AC-2008-rajasthan-685,rajasthan,2023,38,NEEM KA THANA,Raghuveer Singh Tanwar,parties.IN.JJP,JJP,5202,2.6488,4,forfeit,U,,,,challenger,src-b152d3829185,minor,
IN-AC-2008-rajasthan-685,rajasthan,2023,38,NEEM KA THANA,Mahendra Mandia,parties.IN.AAP,AAP,3123,1.5902,5,forfeit,U,,,,challenger,src-b152d3829185,minor,
IN-AC-2008-rajasthan-685,rajasthan,2023,38,NEEM KA THANA,Geeta Saini,parties.IN.BSP,BSP,1300,0.6619,6,forfeit,U,,,,challenger,src-b152d3829185,minor,
IN-AC-2008-rajasthan-685,rajasthan,2023,38,NEEM KA THANA,Dashrath Kumar Sain,parties.IN.IND,IND,700,0.3564,7,forfeit,U,,,,challenger,src-b152d3829185,minor,
IN-AC-2008-rajasthan-685,rajasthan,2023,38,NEEM KA THANA,Suresh Kumar Sharma,parties.IN.IND,IND,692,0.3524,8,forfeit,U,,,,challenger,src-b152d3829185,minor,
IN-AC-2008-rajasthan-685,rajasthan,2023,38,NEEM KA THANA,Ashvini Bhardwaj,parties.IN.IND,IND,450,0.2291,9,forfeit,U,,,,challenger,src-b152d3829185,minor,
IN-AC-2008-rajasthan-685,rajasthan,2023,38,NEEM KA THANA,Satish Insha,parties.IN.IND,IND,382,0.1945,10,forfeit,U,,,,challenger,src-b152d3829185,minor,
IN-AC-2008-rajasthan-685,rajasthan,2023,38,NEEM KA THANA,Nanda Ram Gujar,parties.IN.IND,IND,377,0.192,11,forfeit,U,,,,challenger,src-b152d3829185,minor,
IN-AC-2008-rajasthan-687,rajasthan,2023,39,SRIMADHOPUR,JHABAR SINGH KHARRA,parties.IN.BJP,BJP,81080,41.8464,1,won,U,,,,challenger,src-b152d3829185,minor,
IN-AC-2008-rajasthan-687,rajasthan,2023,39,SRIMADHOPUR,DEEPENDRA SINGH,parties.IN.INC,INC,66621,34.384,2,lost,U,,,,challenger,src-b152d3829185,minor,
IN-AC-2008-rajasthan-687,rajasthan,2023,39,SRIMADHOPUR,BALRAM,parties.IN.IND,IND,41588,21.4641,3,lost,U,,,,challenger,src-b152d3829185,minor,
IN-AC-2008-rajasthan-687,rajasthan,2023,39,SRIMADHOPUR,ASHOK KUMAR SHARMA,parties.IN.AAP,AAP,1209,0.624,4,forfeit,U,,,,challenger,src-b152d3829185,minor,
IN-AC-2008-rajasthan-687,rajasthan,2023,39,SRIMADHOPUR,SITA DEVI,parties.IN.BSP,BSP,887,0.4578,5,forfeit,U,,,,challenger,src-b152d3829185,minor,
IN-AC-2008-rajasthan-687,rajasthan,2023,39,SRIMADHOPUR,PHOOLCHAND AGARWAL,parties.IN.IND,IND,727,0.3752,6,forfeit,U,,,,challenger,src-b152d3829185,minor,
IN-AC-2008-rajasthan-687,rajasthan,2023,39,SRIMADHOPUR,MANOJ KUMAR KULDEEP,parties.IN.LJPRV,LJP (RV),722,0.3726,7,forfeit,U,,,,challenger,src-b152d3829185,minor,
IN-AC-2008-rajasthan-687,rajasthan,2023,39,SRIMADHOPUR,JHABAR SINGH,parties.IN.IND,IND,632,0.3262,8,forfeit,U,,,,challenger,src-b152d3829185,minor,
IN-AC-2008-rajasthan-687,rajasthan,2023,39,SRIMADHOPUR,NANDU KANWAR,parties.IN.IND,IND,290,0.1497,9,forfeit,U,,,,challenger,src-b152d3829185,minor,
IN-AC-2008-rajasthan-604,rajasthan,2023,40,KOTPUTLI,HANSRAJ PATEL,parties.IN.BJP,BJP,67716,38.5767,1,won,U,,,,challenger,src-b152d3829185,minor,
IN-AC-2008-rajasthan-604,rajasthan,2023,40,KOTPUTLI,RAJENDRA SINGH YADAV,parties.IN.INC,INC,67395,38.3938,2,lost,U,,,,challenger,src-b152d3829185,minor,
IN-AC-2008-rajasthan-604,rajasthan,2023,40,KOTPUTLI,MUKESH GOYAL,parties.IN.IND,IND,33850,19.2838,3,lost,U,,,,challenger,src-b152d3829185,minor,
IN-AC-2008-rajasthan-604,rajasthan,2023,40,KOTPUTLI,SATISH KUMAR MANDAIYA,parties.IN.RLP,RLP,2187,1.2459,4,forfeit,U,,,,challenger,src-b152d3829185,minor,
IN-AC-2008-rajasthan-604,rajasthan,2023,40,KOTPUTLI,RAMNIWAS YADAV,parties.IN.JJP,JJP,1682,0.9582,5,forfeit,U,,,,challenger,src-b152d3829185,minor,
IN-AC-2008-rajasthan-604,rajasthan,2023,40,KOTPUTLI,PRAKASH CHAND SAINI,parties.IN.BSP,BSP,1088,0.6198,6,forfeit,U,,,,challenger,src-b152d3829185,minor,
IN-AC-2008-rajasthan-604,rajasthan,2023,40,KOTPUTLI,LAXMI,parties.IN.IND,IND,624,0.3555,7,forfeit,U,,,,challenger,src-b152d3829185,minor,
IN-AC-2008-rajasthan-604,rajasthan,2023,40,KOTPUTLI,ASHOK KUMAR SAINI,parties.IN.IND,IND,596,0.3395,8,forfeit,U,,,,challenger,src-b152d3829185,minor,
IN-AC-2008-rajasthan-604,rajasthan,2023,40,KOTPUTLI,RAM SINGH KASANA,parties.IN.IND,IND,398,0.2267,9,forfeit,U,,,,challenger,src-b152d3829185,minor,
IN-AC-2008-rajasthan-607,rajasthan,2023,41,VIRATNAGAR,KULDEEP,parties.IN.BJP,BJP,83262,47.2403,1,won,U,,,,challenger,src-b152d3829185,minor,
IN-AC-2008-rajasthan-607,rajasthan,2023,41,VIRATNAGAR,INDRAJ SINGH GURJAR,parties.IN.INC,INC,65673,37.2609,2,lost,U,,,,challenger,src-b152d3829185,minor,
IN-AC-2008-rajasthan-607,rajasthan,2023,41,VIRATNAGAR,RAMCHANDRA SARADHANA,parties.IN.ASPKR,ASPKR,18897,10.7216,3,forfeit,U,,,,challenger,src-b152d3829185,minor,
IN-AC-2008-rajasthan-607,rajasthan,2023,41,VIRATNAGAR,CHANDRA PRAKASH SAINI,parties.IN.IND,IND,3258,1.8485,4,forfeit,U,,,,challenger,src-b152d3829185,minor,
IN-AC-2008-rajasthan-607,rajasthan,2023,41,VIRATNAGAR,BHEEM SAHAN GURJAR,parties.IN.IND,IND,2098,1.1903,5,forfeit,U,,,,challenger,src-b152d3829185,minor,
IN-AC-2008-rajasthan-607,rajasthan,2023,41,VIRATNAGAR,COL. SURAJPAL SINGH SHEKHAWAT,parties.IN.IND,IND,926,0.5254,6,forfeit,U,,,,challenger,src-b152d3829185,minor,
IN-AC-2008-rajasthan-607,rajasthan,2023,41,VIRATNAGAR,JAISINGH,parties.IN.BSP,BSP,860,0.4879,7,forfeit,U,,,,challenger,src-b152d3829185,minor,
IN-AC-2008-rajasthan-607,rajasthan,2023,41,VIRATNAGAR,MAHAVEER PRASAD KUMAWAT,parties.IN.IND,IND,452,0.2565,8,forfeit,U,,,,challenger,src-b152d3829185,minor,
IN-AC-2008-rajasthan-607,rajasthan,2023,41,VIRATNAGAR,TINA YADAV,parties.IN.IND,IND,372,0.2111,9,forfeit,U,,,,challenger,src-b152d3829185,minor,
IN-AC-2008-rajasthan-607,rajasthan,2023,41,VIRATNAGAR,MAHENDRA KUMAR,parties.IN.IND,IND,308,0.1747,10,forfeit,U,,,,challenger,src-b152d3829185,minor,
IN-AC-2008-rajasthan-607,rajasthan,2023,41,VIRATNAGAR,DHOONEE LAL,parties.IN.IND,IND,146,0.0828,11,forfeit,U,,,,challenger,src-b152d3829185,minor,
IN-AC-2008-rajasthan-606,rajasthan,2023,42,SHAHPURA,MANISH YADAV,parties.IN.INC,INC,124072,62.6642,1,won,U,,,,challenger,src-b152d3829185,minor,
IN-AC-2008-rajasthan-606,rajasthan,2023,42,SHAHPURA,ALOK BENIWAL,parties.IN.IND,IND,59164,29.8816,2,lost,U,,,,challenger,src-b152d3829185,minor,
IN-AC-2008-rajasthan-606,rajasthan,2023,42,SHAHPURA,UPEN YADAV,parties.IN.BJP,BJP,11233,5.6734,3,forfeit,U,,,,challenger,src-b152d3829185,minor,
IN-AC-2008-rajasthan-606,rajasthan,2023,42,SHAHPURA,HARI PRASAD BALIWAL,parties.IN.RLP,RLP,1423,0.7187,4,forfeit,U,,,,challenger,src-b152d3829185,minor,
IN-AC-2008-rajasthan-606,rajasthan,2023,42,SHAHPURA,TULSIDAS CHINTAMANI,parties.IN.BSP,BSP,1059,0.5349,5,forfeit,U,,,,challenger,src-b152d3829185,minor,
IN-AC-2008-rajasthan-606,rajasthan,2023,42,SHAHPURA,RAMESHWAR PRASAD,parties.IN.AAP,AAP,1044,0.5273,6,forfeit,U,,,,challenger,src-b152d3829185,minor,
IN-AC-2008-rajasthan-680,rajasthan,2023,43,CHOMU,DR. SHIKHA MEEL BARALA,parties.IN.INC,INC,85746,40.3366,1,won,U,,,,challenger,src-b152d3829185,minor,
IN-AC-2008-rajasthan-680,rajasthan,2023,43,CHOMU,RAM LAL SHARMA,parties.IN.BJP,BJP,80051,37.6576,2,lost,U,,,,challenger,src-b152d3829185,minor,
IN-AC-2008-rajasthan-680,rajasthan,2023,43,CHOMU,CHHUTTAN LAL YADAV,parties.IN.RLP,RLP,42369,19.9312,3,lost,U,,,,challenger,src-b152d3829185,minor,
IN-AC-2008-rajasthan-680,rajasthan,2023,43,CHOMU,KAILASH RAJ SAINI,parties.IN.BSP,BSP,1399,0.6581,4,forfeit,U,,,,challenger,src-b152d3829185,minor,
IN-AC-2008-rajasthan-680,rajasthan,2023,43,CHOMU,HEMANT KUMAR KUMAWAT,parties.IN.AAP,AAP,1051,0.4944,5,forfeit,U,,,,challenger,src-b152d3829185,minor,
IN-AC-2008-rajasthan-680,rajasthan,2023,43,CHOMU,VINOD KUMAR GODAVARA,parties.IN.IND,IND,608,0.286,6,forfeit,U,,,,challenger,src-b152d3829185,minor,
IN-AC-2008-rajasthan-680,rajasthan,2023,43,CHOMU,SUNIL KUMAR YADAV,parties.IN.IND,IND,603,0.2837,7,forfeit,U,,,,challenger,src-b152d3829185,minor,
IN-AC-2008-rajasthan-680,rajasthan,2023,43,CHOMU,LALA RAM CHOUDHARY,parties.IN.IND,IND,485,0.2282,8,forfeit,U,,,,challenger,src-b152d3829185,minor,
IN-AC-2008-rajasthan-680,rajasthan,2023,43,CHOMU,ASHOK CHOUDHARY,parties.IN.IND,IND,264,0.1242,9,forfeit,U,,,,challenger,src-b152d3829185,minor,
IN-AC-2008-rajasthan-605,rajasthan,2023,44,PHULERA,VIDHYADHAR SINGH,parties.IN.INC,INC,112244,54.8109,1,won,U,,,,challenger,src-b152d3829185,minor,
IN-AC-2008-rajasthan-605,rajasthan,2023,44,PHULERA,NIRMAL KUMAWAT,parties.IN.BJP,BJP,85346,41.6761,2,lost,U,,,,challenger,src-b152d3829185,minor,
IN-AC-2008-rajasthan-605,rajasthan,2023,44,PHULERA,RAKESH JOYA,parties.IN.ASPKR,ASPKR,3075,1.5016,3,forfeit,U,,,,challenger,src-b152d3829185,minor,
IN-AC-2008-rajasthan-605,rajasthan,2023,44,PHULERA,IKARAMUDDIN,parties.IN.BSP,BSP,1307,0.6382,4,forfeit,U,,,,challenger,src-b152d3829185,minor,
IN-AC-2008-rajasthan-605,rajasthan,2023,44,PHULERA,AMIT,parties.IN.RSHTRJNTS,RSHTRJNTS,850,0.4151,5,forfeit,U,,,,challenger,src-b152d3829185,minor,
IN-AC-2008-rajasthan-605,rajasthan,2023,44,PHULERA,POKHAR MAL BHAMANIA,parties.IN.IND,IND,783,0.3824,6,forfeit,U,,,,challenger,src-b152d3829185,minor,
IN-AC-2008-rajasthan-605,rajasthan,2023,44,PHULERA,GOPAL LAL,parties.IN.APOI,APOI,606,0.2959,7,forfeit,U,,,,challenger,src-b152d3829185,minor,
IN-AC-2008-rajasthan-605,rajasthan,2023,44,PHULERA,SANWARMAL,parties.IN.IND,IND,573,0.2798,8,forfeit,U,,,,challenger,src-b152d3829185,minor,
IN-AC-2008-rajasthan-506,rajasthan,2023,45,DUDU,DR. PREM CHAND BAIRWA,parties.IN.BJP,BJP,116561,58.0795,1,won,U,,,,challenger,src-b152d3829185,minor,
IN-AC-2008-rajasthan-506,rajasthan,2023,45,DUDU,BABULAL NAGAR,parties.IN.INC,INC,80818,40.2697,2,lost,U,,,,challenger,src-b152d3829185,minor,
IN-AC-2008-rajasthan-506,rajasthan,2023,45,DUDU,HANUMAN PRASAD BAIRWA,parties.IN.RLP,RLP,1742,0.868,3,forfeit,U,,,,challenger,src-b152d3829185,minor,
IN-AC-2008-rajasthan-506,rajasthan,2023,45,DUDU,TEEKAM CHAND BAIRWA,parties.IN.BSP,BSP,1571,0.7828,4,forfeit,U,,,,challenger,src-b152d3829185,minor,
IN-AC-2008-rajasthan-603,rajasthan,2023,46,JHOTWARA,COL. RAJYAVARDHAN RATHORE,parties.IN.BJP,BJP,147913,47.9178,1,won,U,,,,challenger,src-b152d3829185,minor,
IN-AC-2008-rajasthan-603,rajasthan,2023,46,JHOTWARA,ABHISHEK CHOUDHARY,parties.IN.INC,INC,97746,31.6657,2,lost,U,,,,challenger,src-b152d3829185,minor,
IN-AC-2008-rajasthan-603,rajasthan,2023,46,JHOTWARA,ASHU SINGH SURPURA,parties.IN.IND,IND,55159,17.8693,3,lost,U,,,,challenger,src-b152d3829185,minor,
IN-AC-2008-rajasthan-603,rajasthan,2023,46,JHOTWARA,JEEWANRAM JAT,parties.IN.RLP,RLP,1256,0.4069,4,forfeit,U,,,,challenger,src-b152d3829185,minor,
IN-AC-2008-rajasthan-603,rajasthan,2023,46,JHOTWARA,RAJESH KUMAR YADAV,parties.IN.IND,IND,1206,0.3907,5,forfeit,U,,,,challenger,src-b152d3829185,minor,
IN-AC-2008-rajasthan-603,rajasthan,2023,46,JHOTWARA,SURGYAN SINGH GHOSLYA,parties.IN.IND,IND,841,0.2724,6,forfeit,U,,,,challenger,src-b152d3829185,minor,
IN-AC-2008-rajasthan-603,rajasthan,2023,46,JHOTWARA,DR ASHOK KUMAR SHARMA,parties.IN.BSP,BSP,740,0.2397,7,forfeit,U,,,,challenger,src-b152d3829185,minor,
IN-AC-2008-rajasthan-603,rajasthan,2023,46,JHOTWARA,ADITYA PRAKASH SHARMA,parties.IN.RTORP,RTORP,668,0.2164,8,forfeit,U,,,,challenger,src-b152d3829185,minor,
IN-AC-2008-rajasthan-603,rajasthan,2023,46,JHOTWARA,ANAND KUMAR SAINI,parties.IN.IND,IND,656,0.2125,9,forfeit,U,,,,challenger,src-b152d3829185,minor,
IN-AC-2008-rajasthan-603,rajasthan,2023,46,JHOTWARA,PRASANNA MAHESHWARI,parties.IN.IND,IND,490,0.1587,10,forfeit,U,,,,challenger,src-b152d3829185,minor,
IN-AC-2008-rajasthan-603,rajasthan,2023,46,JHOTWARA,PRAVEEN KUMAR SHARMA,parties.IN.IND,IND,477,0.1545,11,forfeit,U,,,,challenger,src-b152d3829185,minor,
IN-AC-2008-rajasthan-603,rajasthan,2023,46,JHOTWARA,YOGI JEETENDRA NATH,parties.IN.IPGP,IPGP,477,0.1545,12,forfeit,U,,,,challenger,src-b152d3829185,minor,
IN-AC-2008-rajasthan-603,rajasthan,2023,46,JHOTWARA,C.A. BHUVNESH KUMAR GOYAL,parties.IN.IND,IND,259,0.0839,13,forfeit,U,,,,challenger,src-b152d3829185,minor,
IN-AC-2008-rajasthan-603,rajasthan,2023,46,JHOTWARA,ARJUN LAL KUMAWAT,parties.IN.IND,IND,245,0.0794,14,forfeit,U,,,,challenger,src-b152d3829185,minor,
IN-AC-2008-rajasthan-603,rajasthan,2023,46,JHOTWARA,HARI KISHAN TIWARI,parties.IN.IND,IND,161,0.0522,15,forfeit,U,,,,challenger,src-b152d3829185,minor,
IN-AC-2008-rajasthan-603,rajasthan,2023,46,JHOTWARA,DEEN DAYAL JAKHAR,parties.IN.JJP,JJP,158,0.0512,16,forfeit,U,,,,challenger,src-b152d3829185,minor,
IN-AC-2008-rajasthan-603,rajasthan,2023,46,JHOTWARA,BENI PRASAD KAUSHIK,parties.IN.RSD,RSD,124,0.0402,17,forfeit,U,,,,challenger,src-b152d3829185,minor,
IN-AC-2008-rajasthan-603,rajasthan,2023,46,JHOTWARA,NAVEEN KUMAR SHARMA,parties.IN.RSHTRJNTS,RSHTRJNTS,105,0.034,18,forfeit,U,,,,challenger,src-b152d3829185,minor,
IN-AC-2008-rajasthan-600,rajasthan,2023,47,AMBER,PRASHANT SHARMA,parties.IN.INC,INC,108914,48.2736,1,won,U,,,,challenger,src-b152d3829185,minor,
IN-AC-2008-rajasthan-600,rajasthan,2023,47,AMBER,SATISH POONIA,parties.IN.BJP,BJP,99822,44.2438,2,lost,U,,,,challenger,src-b152d3829185,minor,
IN-AC-2008-rajasthan-600,rajasthan,2023,47,AMBER,VINOD JAT,parties.IN.RLP,RLP,4326,1.9174,3,forfeit,U,,,,challenger,src-b152d3829185,minor,
IN-AC-2008-rajasthan-600,rajasthan,2023,47,AMBER,RAJ KUMAR SHARMA,parties.IN.IND,IND,2585,1.1457,4,forfeit,U,,,,challenger,src-b152d3829185,minor,
IN-AC-2008-rajasthan-600,rajasthan,2023,47,AMBER,OM PRAKASH SAINI,parties.IN.IND,IND,2202,0.976,5,forfeit,U,,,,challenger,src-b152d3829185,minor,
IN-AC-2008-rajasthan-600,rajasthan,2023,47,AMBER,P. S. TOMAR,parties.IN.AAP,AAP,1412,0.6258,6,forfeit,U,,,,challenger,src-b152d3829185,minor,
IN-AC-2008-rajasthan-600,rajasthan,2023,47,AMBER,RAVINDER KUMAR YADAV,parties.IN.IND,IND,1343,0.5953,7,forfeit,U,,,,challenger,src-b152d3829185,minor,
IN-AC-2008-rajasthan-600,rajasthan,2023,47,AMBER,HEM CHAND SAINI,parties.IN.IND,IND,1010,0.4477,8,forfeit,U,,,,challenger,src-b152d3829185,minor,
IN-AC-2008-rajasthan-600,rajasthan,2023,47,AMBER,MUKESH KUMAR SHARMA,parties.IN.BSP,BSP,879,0.3896,9,forfeit,U,,,,challenger,src-b152d3829185,minor,
IN-AC-2008-rajasthan-600,rajasthan,2023,47,AMBER,KALU RAM BHAWARIYA,parties.IN.IND,IND,795,0.3524,10,forfeit,U,,,,challenger,src-b152d3829185,minor,
IN-AC-2008-rajasthan-600,rajasthan,2023,47,AMBER,MOHD SHAFIQUE,parties.IN.IND,IND,772,0.3422,11,forfeit,U,,,,challenger,src-b152d3829185,minor,
IN-AC-2008-rajasthan-600,rajasthan,2023,47,AMBER,AYYUB KURESHI,parties.IN.AADMPRVTNP,AAMAADMIPARI,689,0.3054,12,forfeit,U,,,,challenger,src-b152d3829185,minor,
IN-AC-2008-rajasthan-600,rajasthan,2023,47,AMBER,KISHAN LAL JANGID,parties.IN.IND,IND,326,0.1445,13,forfeit,U,,,,challenger,src-b152d3829185,minor,
IN-AC-2008-rajasthan-600,rajasthan,2023,47,AMBER,MURARI LAL MEENA,parties.IN.IND,IND,309,0.137,14,forfeit,U,,,,challenger,src-b152d3829185,minor,
IN-AC-2008-rajasthan-600,rajasthan,2023,47,AMBER,PRAKASH KUMAR SHARMA,parties.IN.IND,IND,234,0.1037,15,forfeit,U,,,,challenger,src-b152d3829185,minor,
IN-AC-2008-rajasthan-602,rajasthan,2023,48,JAMWA RAMGARH,MAHENDRA PAL MEENA,parties.IN.BJP,BJP,100041,56.1174,1,won,U,,,,challenger,src-b152d3829185,minor,
IN-AC-2008-rajasthan-602,rajasthan,2023,48,JAMWA RAMGARH,GOPAL LAL MEENA,parties.IN.INC,INC,61614,34.562,2,lost,U,,,,challenger,src-b152d3829185,minor,
IN-AC-2008-rajasthan-602,rajasthan,2023,48,JAMWA RAMGARH,SUMAN MEENA,parties.IN.IND,IND,13284,7.4516,3,forfeit,U,,,,challenger,src-b152d3829185,minor,
IN-AC-2008-rajasthan-602,rajasthan,2023,48,JAMWA RAMGARH,RAMESH SOLANKI,parties.IN.RLP,RLP,1201,0.6737,4,forfeit,U,,,,challenger,src-b152d3829185,minor,
IN-AC-2008-rajasthan-602,rajasthan,2023,48,JAMWA RAMGARH,ADVOCATE MAN SINGH MEENA,parties.IN.IND,IND,1135,0.6367,5,forfeit,U,,,,challenger,src-b152d3829185,minor,
IN-AC-2008-rajasthan-602,rajasthan,2023,48,JAMWA RAMGARH,KALU RAM MEENA,parties.IN.IND,IND,412,0.2311,6,forfeit,U,,,,challenger,src-b152d3829185,minor,
IN-AC-2008-rajasthan-602,rajasthan,2023,48,JAMWA RAMGARH,MEERA DEVI,parties.IN.IND,IND,386,0.2165,7,forfeit,U,,,,challenger,src-b152d3829185,minor,
IN-AC-2008-rajasthan-602,rajasthan,2023,48,JAMWA RAMGARH,GIRRAJ PRASAD MEENA,parties.IN.IND,IND,198,0.1111,8,forfeit,U,,,,challenger,src-b152d3829185,minor,
IN-AC-2008-rajasthan-eci49,rajasthan,2023,49,HAWAMAHAL,BALMUKUNDACHARY,parties.IN.BJP,BJP,95989,49.5529,1,won,U,,,,challenger,src-b152d3829185,minor,
IN-AC-2008-rajasthan-eci49,rajasthan,2023,49,HAWAMAHAL,R.R. TIWARI,parties.IN.INC,INC,95015,49.0501,2,lost,U,,,,challenger,src-b152d3829185,minor,
IN-AC-2008-rajasthan-eci49,rajasthan,2023,49,HAWAMAHAL,JAMEEL AHMED KHAN,parties.IN.AIMIM,party-unknown-1920,588,0.3035,3,forfeit,U,,,,challenger,src-b152d3829185,minor,
IN-AC-2008-rajasthan-eci49,rajasthan,2023,49,HAWAMAHAL,PAPPU QURESHI,parties.IN.AAP,AAP,573,0.2958,4,forfeit,U,,,,challenger,src-b152d3829185,minor,
IN-AC-2008-rajasthan-eci49,rajasthan,2023,49,HAWAMAHAL,SURENDRA SINGH,parties.IN.RPPRINAT,RPOIA,417,0.2153,5,forfeit,U,,,,challenger,src-b152d3829185,minor,
IN-AC-2008-rajasthan-eci49,rajasthan,2023,49,HAWAMAHAL,ANOOP,parties.IN.AADMPRVTNP,AAMAADMIPARI,409,0.2111,6,forfeit,U,,,,challenger,src-b152d3829185,minor,
IN-AC-2008-rajasthan-eci49,rajasthan,2023,49,HAWAMAHAL,YAQUB KHAN,parties.IN.IND,IND,247,0.1275,7,forfeit,U,,,,challenger,src-b152d3829185,minor,
IN-AC-2008-rajasthan-eci49,rajasthan,2023,49,HAWAMAHAL,FIROZUDDIN,parties.IN.WPOI,WPOI,190,0.0981,8,forfeit,U,,,,challenger,src-b152d3829185,minor,
IN-AC-2008-rajasthan-eci49,rajasthan,2023,49,HAWAMAHAL,SUNIL SAINI,parties.IN.RSHTRJNTS,RSHTRJNTS,142,0.0733,9,forfeit,U,,,,challenger,src-b152d3829185,minor,
IN-AC-2008-rajasthan-eci49,rajasthan,2023,49,HAWAMAHAL,SUNITA DEVI CHOUDHARY,parties.IN.LJPRV,LJP (RV),140,0.0723,10,forfeit,U,,,,challenger,src-b152d3829185,minor,
IN-AC-2008-rajasthan-eci50,rajasthan,2023,50,VIDHYADHAR NAGAR,DIYA KUMARI,parties.IN.BJP,BJP,158516,63.7017,1,won,U,,,,challenger,src-b152d3829185,minor,
IN-AC-2008-rajasthan-eci50,rajasthan,2023,50,VIDHYADHAR NAGAR,SITARAM AGARWAL,parties.IN.INC,INC,87148,35.0216,2,lost,U,,,,challenger,src-b152d3829185,minor,
IN-AC-2008-rajasthan-eci50,rajasthan,2023,50,VIDHYADHAR NAGAR,DR SANJAY BIYANI,parties.IN.AAP,AAP,780,0.3135,3,forfeit,U,,,,challenger,src-b152d3829185,minor,
IN-AC-2008-rajasthan-eci50,rajasthan,2023,50,VIDHYADHAR NAGAR,AKSHAY SAINI,parties.IN.RPPRINAT,RPOIA,548,0.2202,4,forfeit,U,,,,challenger,src-b152d3829185,minor,
IN-AC-2008-rajasthan-eci50,rajasthan,2023,50,VIDHYADHAR NAGAR,MONIKA CHANDEL,parties.IN.RLP,RLP,444,0.1784,5,forfeit,U,,,,challenger,src-b152d3829185,minor,
IN-AC-2008-rajasthan-eci50,rajasthan,2023,50,VIDHYADHAR NAGAR,DHEERAJ KUMAR MISHRA,parties.IN.IND,IND,355,0.1427,6,forfeit,U,,,,challenger,src-b152d3829185,minor,
IN-AC-2008-rajasthan-eci50,rajasthan,2023,50,VIDHYADHAR NAGAR,MOHAMMAD SAIFULLAH,parties.IN.APOI,APOI,250,0.1005,7,forfeit,U,,,,challenger,src-b152d3829185,minor,
IN-AC-2008-rajasthan-eci50,rajasthan,2023,50,VIDHYADHAR NAGAR,RUPAK SINGH DAHIMA,parties.IN.IND,IND,229,0.092,8,forfeit,U,,,,challenger,src-b152d3829185,minor,
IN-AC-2008-rajasthan-eci50,rajasthan,2023,50,VIDHYADHAR NAGAR,PAWAN KUMAR,parties.IN.IND,IND,204,0.082,9,forfeit,U,,,,challenger,src-b152d3829185,minor,
IN-AC-2008-rajasthan-eci50,rajasthan,2023,50,VIDHYADHAR NAGAR,JITENDRA SAINI,parties.IN.IND,IND,118,0.0474,10,forfeit,U,,,,challenger,src-b152d3829185,minor,
IN-AC-2008-rajasthan-eci50,rajasthan,2023,50,VIDHYADHAR NAGAR,RAJPAL SINGH SHEKHAWAT,parties.IN.PRVPOI,PRVPOI,90,0.0362,11,forfeit,U,,,,challenger,src-b152d3829185,minor,
IN-AC-2008-rajasthan-eci50,rajasthan,2023,50,VIDHYADHAR NAGAR,ER. RAJIV GARG,parties.IN.LOKJANP,LOKJANP,81,0.0326,12,forfeit,U,,,,challenger,src-b152d3829185,minor,
IN-AC-2008-rajasthan-eci50,rajasthan,2023,50,VIDHYADHAR NAGAR,SUSHILA JANGID,parties.IN.NJMP,NJMP,78,0.0313,13,forfeit,U,,,,challenger,src-b152d3829185,minor,
IN-AC-2008-rajasthan-eci51,rajasthan,2023,51,CIVIL LINES,GOPAL SHARMA,parties.IN.BJP,BJP,98661,57.2828,1,won,U,,,,challenger,src-b152d3829185,minor,
IN-AC-2008-rajasthan-eci51,rajasthan,2023,51,CIVIL LINES,PRATAP SINGH KHACHARIYAVAS,parties.IN.INC,INC,70332,40.8349,2,lost,U,,,,challenger,src-b152d3829185,minor,
IN-AC-2008-rajasthan-eci51,rajasthan,2023,51,CIVIL LINES,ARCHIT GUPTA,parties.IN.AAP,AAP,1385,0.8041,3,forfeit,U,,,,challenger,src-b152d3829185,minor,
IN-AC-2008-rajasthan-eci51,rajasthan,2023,51,CIVIL LINES,GAJENDRA SINGH,parties.IN.RDF,RDF,598,0.3472,4,forfeit,U,,,,challenger,src-b152d3829185,minor,
IN-AC-2008-rajasthan-eci51,rajasthan,2023,51,CIVIL LINES,NARAYAN SINGH,parties.IN.RLP,RLP,389,0.2259,5,forfeit,U,,,,challenger,src-b152d3829185,minor,
IN-AC-2008-rajasthan-eci51,rajasthan,2023,51,CIVIL LINES,KAILASH PALAWAT,parties.IN.IND,IND,255,0.1481,6,forfeit,U,,,,challenger,src-b152d3829185,minor,
IN-AC-2008-rajasthan-eci51,rajasthan,2023,51,CIVIL LINES,SAFIK MOHAMMAD,parties.IN.IND,IND,209,0.1213,7,forfeit,U,,,,challenger,src-b152d3829185,minor,
IN-AC-2008-rajasthan-eci51,rajasthan,2023,51,CIVIL LINES,KIRTI RATHORE,parties.IN.IND,IND,173,0.1004,8,forfeit,U,,,,challenger,src-b152d3829185,minor,
IN-AC-2008-rajasthan-eci51,rajasthan,2023,51,CIVIL LINES,NAJAMIN BEGAM,parties.IN.IPGP,IPGP,127,0.0737,9,forfeit,U,,,,challenger,src-b152d3829185,minor,
IN-AC-2008-rajasthan-eci51,rajasthan,2023,51,CIVIL LINES,LAKSHMI KANWAR SHEKHAWAT,parties.IN.IND,IND,106,0.0615,10,forfeit,U,,,,challenger,src-b152d3829185,minor,
IN-AC-2008-rajasthan-eci52,rajasthan,2023,52,KISHANPOLE,AMIN KAGZI,parties.IN.INC,INC,76611,51.8192,1,won,U,,,,challenger,src-b152d3829185,minor,
IN-AC-2008-rajasthan-eci52,rajasthan,2023,52,KISHANPOLE,CHANDRA MANOHAR BATWARA ADVOCATE,parties.IN.BJP,BJP,69555,47.0465,2,lost,U,,,,challenger,src-b152d3829185,minor,
IN-AC-2008-rajasthan-eci52,rajasthan,2023,52,KISHANPOLE,KAMAL BHARGAV,parties.IN.AAP,AAP,619,0.4187,3,forfeit,U,,,,challenger,src-b152d3829185,minor,
IN-AC-2008-rajasthan-eci52,rajasthan,2023,52,KISHANPOLE,RAFIQ KHAN KHANDELVI,parties.IN.AIMIM,party-unknown-1920,415,0.2807,4,forfeit,U,,,,challenger,src-b152d3829185,minor,
IN-AC-2008-rajasthan-eci52,rajasthan,2023,52,KISHANPOLE,HARINARAYAN JADIYA,parties.IN.BSP,BSP,313,0.2117,5,forfeit,U,,,,challenger,src-b152d3829185,minor,
IN-AC-2008-rajasthan-eci52,rajasthan,2023,52,KISHANPOLE,VINOD KUMAR TINKAR,parties.IN.IND,IND,156,0.1055,6,forfeit,U,,,,challenger,src-b152d3829185,minor,
IN-AC-2008-rajasthan-eci52,rajasthan,2023,52,KISHANPOLE,SUNIL KUMAR SHARMA,parties.IN.IND,IND,107,0.0724,7,forfeit,U,,,,challenger,src-b152d3829185,minor,
IN-AC-2008-rajasthan-eci52,rajasthan,2023,52,KISHANPOLE,AZAM ALI KHAN,parties.IN.IND,IND,67,0.0453,8,forfeit,U,,,,challenger,src-b152d3829185,minor,
IN-AC-2008-rajasthan-592,rajasthan,2023,53,ADARSH NAGAR,RAFEEK KHAN,parties.IN.INC,INC,103421,52.5406,1,won,U,,,,challenger,src-b152d3829185,minor,
IN-AC-2008-rajasthan-592,rajasthan,2023,53,ADARSH NAGAR,RAVI KUMAR NAYYAR,parties.IN.BJP,BJP,89348,45.3912,2,lost,U,,,,challenger,src-b152d3829185,minor,
IN-AC-2008-rajasthan-592,rajasthan,2023,53,ADARSH NAGAR,UMARADARAJ,parties.IN.AAP,AAP,1122,0.57,3,forfeit,U,,,,challenger,src-b152d3829185,minor,
IN-AC-2008-rajasthan-592,rajasthan,2023,53,ADARSH NAGAR,SAURABH CHHAJER,parties.IN.IND,IND,797,0.4049,4,forfeit,U,,,,challenger,src-b152d3829185,minor,
IN-AC-2008-rajasthan-592,rajasthan,2023,53,ADARSH NAGAR,SANJAY KUMAR BALMIKY,parties.IN.ASPKR,ASPKR,633,0.3216,5,forfeit,U,,,,challenger,src-b152d3829185,minor,
IN-AC-2008-rajasthan-592,rajasthan,2023,53,ADARSH NAGAR,LOVE INDERJEET ARORA,parties.IN.IND,IND,460,0.2337,6,forfeit,U,,,,challenger,src-b152d3829185,minor,
IN-AC-2008-rajasthan-592,rajasthan,2023,53,ADARSH NAGAR,CHAGAN LAL,parties.IN.PRVPOI,PRVPOI,287,0.1458,7,forfeit,U,,,,challenger,src-b152d3829185,minor,
IN-AC-2008-rajasthan-592,rajasthan,2023,53,ADARSH NAGAR,JAPHAR AKHTAR,parties.IN.AIMIM,party-unknown-1920,210,0.1067,8,forfeit,U,,,,challenger,src-b152d3829185,minor,
IN-AC-2008-rajasthan-592,rajasthan,2023,53,ADARSH NAGAR,RUMANA QURESHI,parties.IN.IND,IND,131,0.0666,9,forfeit,U,,,,challenger,src-b152d3829185,minor,
IN-AC-2008-rajasthan-592,rajasthan,2023,53,ADARSH NAGAR,RAKESH KUMAR MEENA,parties.IN.IND,IND,120,0.061,10,forfeit,U,,,,challenger,src-b152d3829185,minor,
IN-AC-2008-rajasthan-592,rajasthan,2023,53,ADARSH NAGAR,DILIP SINGH GOUR,parties.IN.IND,IND,105,0.0533,11,forfeit,U,,,,challenger,src-b152d3829185,minor,
IN-AC-2008-rajasthan-592,rajasthan,2023,53,ADARSH NAGAR,GAUTAM SHARMA,parties.IN.IND,IND,90,0.0457,12,forfeit,U,,,,challenger,src-b152d3829185,minor,
IN-AC-2008-rajasthan-592,rajasthan,2023,53,ADARSH NAGAR,KAILASH CHANDRA MISHRA,parties.IN.IND,IND,64,0.0325,13,forfeit,U,,,,challenger,src-b152d3829185,minor,
IN-AC-2008-rajasthan-592,rajasthan,2023,53,ADARSH NAGAR,PUKHRAJ GUPTA,parties.IN.RSHTRJNTS,RSHTRJNTS,52,0.0264,14,forfeit,U,,,,challenger,src-b152d3829185,minor,
IN-AC-2008-rajasthan-eci54,rajasthan,2023,54,MALVIYA NAGAR,KALICHARAN SARAF,parties.IN.BJP,BJP,92506,61.259,1,won,U,,,,challenger,src-b152d3829185,minor,
IN-AC-2008-rajasthan-eci54,rajasthan,2023,54,MALVIYA NAGAR,ARCHANA SHARMA,parties.IN.INC,INC,57012,37.7543,2,lost,U,,,,challenger,src-b152d3829185,minor,
IN-AC-2008-rajasthan-eci54,rajasthan,2023,54,MALVIYA NAGAR,MAHENDRA KUMAR,parties.IN.BSP,BSP,661,0.4377,3,forfeit,U,,,,challenger,src-b152d3829185,minor,
IN-AC-2008-rajasthan-eci54,rajasthan,2023,54,MALVIYA NAGAR,LAVESH KUMAR GOYAL,parties.IN.IND,IND,153,0.1013,4,forfeit,U,,,,challenger,src-b152d3829185,minor,
IN-AC-2008-rajasthan-eci54,rajasthan,2023,54,MALVIYA NAGAR,HARISH,parties.IN.IND,IND,150,0.0993,5,forfeit,U,,,,challenger,src-b152d3829185,minor,
IN-AC-2008-rajasthan-eci54,rajasthan,2023,54,MALVIYA NAGAR,VINEET SANKHLA,parties.IN.ASPKR,ASPKR,142,0.094,6,forfeit,U,,,,challenger,src-b152d3829185,minor,
IN-AC-2008-rajasthan-eci54,rajasthan,2023,54,MALVIYA NAGAR,SHARAD KUMAR GODHA,parties.IN.IND,IND,139,0.092,7,forfeit,U,,,,challenger,src-b152d3829185,minor,
IN-AC-2008-rajasthan-eci54,rajasthan,2023,54,MALVIYA NAGAR,ASHISH KUMAR GOYAL,parties.IN.NHP,NHP,88,0.0583,8,forfeit,U,,,,challenger,src-b152d3829185,minor,
IN-AC-2008-rajasthan-eci54,rajasthan,2023,54,MALVIYA NAGAR,RAMSWAROOP MOURYA,parties.IN.IND,IND,83,0.055,9,forfeit,U,,,,challenger,src-b152d3829185,minor,
IN-AC-2008-rajasthan-eci54,rajasthan,2023,54,MALVIYA NAGAR,KISHOR KUMAR,parties.IN.RVYP,RASHTRIYAVYA,74,0.049,10,forfeit,U,,,,challenger,src-b152d3829185,minor,
IN-AC-2008-rajasthan-eci55,rajasthan,2023,55,SANGANER,Bhajan Lal Sharma,parties.IN.BJP,BJP,145162,58.7425,1,won,U,,,,challenger,src-b152d3829185,minor,
IN-AC-2008-rajasthan-eci55,rajasthan,2023,55,SANGANER,Pushpendra Bhardwaj,parties.IN.INC,INC,97081,39.2856,2,lost,U,,,,challenger,src-b152d3829185,minor,
IN-AC-2008-rajasthan-eci55,rajasthan,2023,55,SANGANER,Amit Dadhich,parties.IN.AAP,AAP,1426,0.5771,3,forfeit,U,,,,challenger,src-b152d3829185,minor,
IN-AC-2008-rajasthan-eci55,rajasthan,2023,55,SANGANER,Mahesh Saini,parties.IN.RLP,RLP,650,0.263,4,forfeit,U,,,,challenger,src-b152d3829185,minor,
IN-AC-2008-rajasthan-eci55,rajasthan,2023,55,SANGANER,Hari Narayan Meena,parties.IN.IND,IND,598,0.242,5,forfeit,U,,,,challenger,src-b152d3829185,minor,
IN-AC-2008-rajasthan-eci55,rajasthan,2023,55,SANGANER,Bhai Vijay Sharma,parties.IN.IND,IND,475,0.1922,6,forfeit,U,,,,challenger,src-b152d3829185,minor,
IN-AC-2008-rajasthan-eci55,rajasthan,2023,55,SANGANER,Ranjeet Singh Gahlot,parties.IN.IND,IND,367,0.1485,7,forfeit,U,,,,challenger,src-b152d3829185,minor,
IN-AC-2008-rajasthan-eci55,rajasthan,2023,55,SANGANER,Nishant Mathur,parties.IN.IND,IND,258,0.1044,8,forfeit,U,,,,challenger,src-b152d3829185,minor,
IN-AC-2008-rajasthan-eci55,rajasthan,2023,55,SANGANER,Babita Wadhwani,parties.IN.IND,IND,239,0.0967,9,forfeit,U,,,,challenger,src-b152d3829185,minor,
IN-AC-2008-rajasthan-eci55,rajasthan,2023,55,SANGANER,Dr. Buddhi Prakash Bairwa,parties.IN.ALP,ALP,235,0.0951,10,forfeit,U,,,,challenger,src-b152d3829185,minor,
IN-AC-2008-rajasthan-eci55,rajasthan,2023,55,SANGANER,Mohasin,parties.IN.IND,IND,176,0.0712,11,forfeit,U,,,,challenger,src-b152d3829185,minor,
IN-AC-2008-rajasthan-eci55,rajasthan,2023,55,SANGANER,Dr. Vishnu Kumar Gupta,parties.IN.RBD,RBD,153,0.0619,12,forfeit,U,,,,challenger,src-b152d3829185,minor,
IN-AC-2008-rajasthan-eci55,rajasthan,2023,55,SANGANER,Shashank Arya,parties.IN.RTORP,RTORP,94,0.038,13,forfeit,U,,,,challenger,src-b152d3829185,minor,
IN-AC-2008-rajasthan-eci55,rajasthan,2023,55,SANGANER,Kavita Sharma,parties.IN.IND,IND,81,0.0328,14,forfeit,U,,,,challenger,src-b152d3829185,minor,
IN-AC-2008-rajasthan-eci55,rajasthan,2023,55,SANGANER,Rajesh Kumar Yadav,parties.IN.NHP,NHP,69,0.0279,15,forfeit,U,,,,challenger,src-b152d3829185,minor,
IN-AC-2008-rajasthan-eci55,rajasthan,2023,55,SANGANER,Rohitas Yadav,parties.IN.RSHTRJNTS,RSHTRJNTS,52,0.021,16,forfeit,U,,,,challenger,src-b152d3829185,minor,
IN-AC-2008-rajasthan-593,rajasthan,2023,56,BAGRU,KAILASH CHAND VERMA,parties.IN.BJP,BJP,145170,57.0769,1,won,U,,,,challenger,src-b152d3829185,minor,
IN-AC-2008-rajasthan-593,rajasthan,2023,56,BAGRU,GANGA DEVI,parties.IN.INC,INC,99920,39.2858,2,lost,U,,,,challenger,src-b152d3829185,minor,
IN-AC-2008-rajasthan-593,rajasthan,2023,56,BAGRU,TARACHAND RAIGAR,parties.IN.RLP,RLP,3732,1.4673,3,forfeit,U,,,,challenger,src-b152d3829185,minor,
IN-AC-2008-rajasthan-593,rajasthan,2023,56,BAGRU,RITU SANWARIYA,parties.IN.AAP,AAP,2194,0.8626,4,forfeit,U,,,,challenger,src-b152d3829185,minor,
IN-AC-2008-rajasthan-593,rajasthan,2023,56,BAGRU,SOHAN LAL BAIRWA,parties.IN.IND,IND,944,0.3712,5,forfeit,U,,,,challenger,src-b152d3829185,minor,
IN-AC-2008-rajasthan-593,rajasthan,2023,56,BAGRU,RAMESH KUMAR,parties.IN.IND,IND,925,0.3637,6,forfeit,U,,,,challenger,src-b152d3829185,minor,
IN-AC-2008-rajasthan-593,rajasthan,2023,56,BAGRU,DR. BHAWANI SHANKER PIPLIWAL,parties.IN.BSP,BSP,470,0.1848,7,forfeit,U,,,,challenger,src-b152d3829185,minor,
IN-AC-2008-rajasthan-593,rajasthan,2023,56,BAGRU,MADHULATA DEVI,parties.IN.IND,IND,325,0.1278,8,forfeit,U,,,,challenger,src-b152d3829185,minor,
IN-AC-2008-rajasthan-593,rajasthan,2023,56,BAGRU,HARISH DABI,parties.IN.JJP,JJP,180,0.0708,9,forfeit,U,,,,challenger,src-b152d3829185,minor,
IN-AC-2008-rajasthan-593,rajasthan,2023,56,BAGRU,RAVI VEDWAL,parties.IN.PPID,PPID,172,0.0676,10,forfeit,U,,,,challenger,src-b152d3829185,minor,
IN-AC-2008-rajasthan-593,rajasthan,2023,56,BAGRU,AMIT KUMAR,parties.IN.RSHTRJNTS,RSHTRJNTS,158,0.0621,11,forfeit,U,,,,challenger,src-b152d3829185,minor,
IN-AC-2008-rajasthan-593,rajasthan,2023,56,BAGRU,MEGHLAL KOLI,parties.IN.LJPRV,LJP (RV),151,0.0594,12,forfeit,U,,,,challenger,src-b152d3829185,minor,
IN-AC-2008-rajasthan-577,rajasthan,2023,57,BASSI,LAXMAN,parties.IN.INC,INC,88043,47.7299,1,won,U,,,,challenger,src-b152d3829185,minor,
IN-AC-2008-rajasthan-577,rajasthan,2023,57,BASSI,CHANDRAMOHAN MEENA,parties.IN.BJP,BJP,81729,44.3069,2,lost,U,,,,challenger,src-b152d3829185,minor,
IN-AC-2008-rajasthan-577,rajasthan,2023,57,BASSI,JITENDRA MEENA,parties.IN.IND,IND,9564,5.1848,3,forfeit,U,,,,challenger,src-b152d3829185,minor,
IN-AC-2008-rajasthan-577,rajasthan,2023,57,BASSI,ANJU DEVI DHANKA,parties.IN.IND,IND,1094,0.5931,4,forfeit,U,,,,challenger,src-b152d3829185,minor,
IN-AC-2008-rajasthan-577,rajasthan,2023,57,BASSI,SURESH KUMAR,parties.IN.RLP,RLP,834,0.4521,5,forfeit,U,,,,challenger,src-b152d3829185,minor,
IN-AC-2008-rajasthan-577,rajasthan,2023,57,BASSI,MAGAN CHAND MEENA,parties.IN.BSP,BSP,670,0.3632,6,forfeit,U,,,,challenger,src-b152d3829185,minor,
IN-AC-2008-rajasthan-577,rajasthan,2023,57,BASSI,RAMESHWAR,parties.IN.AAP,AAP,644,0.3491,7,forfeit,U,,,,challenger,src-b152d3829185,minor,
IN-AC-2008-rajasthan-577,rajasthan,2023,57,BASSI,RAMESH CHAND DHANKA,parties.IN.IND,IND,503,0.2727,8,forfeit,U,,,,challenger,src-b152d3829185,minor,
IN-AC-2008-rajasthan-577,rajasthan,2023,57,BASSI,SONU KUMAR DHANKA,parties.IN.IND,IND,383,0.2076,9,forfeit,U,,,,challenger,src-b152d3829185,minor,
IN-AC-2008-rajasthan-577,rajasthan,2023,57,BASSI,RAM CHANDAR MEENA,parties.IN.IND,IND,293,0.1588,10,forfeit,U,,,,challenger,src-b152d3829185,minor,
IN-AC-2008-rajasthan-577,rajasthan,2023,57,BASSI,MOHAN LAL,parties.IN.IND,IND,276,0.1496,11,forfeit,U,,,,challenger,src-b152d3829185,minor,
IN-AC-2008-rajasthan-577,rajasthan,2023,57,BASSI,MALIRAM NAYAK,parties.IN.IND,IND,222,0.1204,12,forfeit,U,,,,challenger,src-b152d3829185,minor,
IN-AC-2008-rajasthan-577,rajasthan,2023,57,BASSI,DHANSINGH MEENA,parties.IN.IND,IND,206,0.1117,13,forfeit,U,,,,challenger,src-b152d3829185,minor,
IN-AC-2008-rajasthan-578,rajasthan,2023,58,CHAKSU,RAMAVTAR BAIRWA,parties.IN.BJP,BJP,104064,59.3262,1,won,U,,,,challenger,src-b152d3829185,minor,
IN-AC-2008-rajasthan-578,rajasthan,2023,58,CHAKSU,VED PRAKASH SOLANKI,parties.IN.INC,INC,54684,31.175,2,lost,U,,,,challenger,src-b152d3829185,minor,
IN-AC-2008-rajasthan-578,rajasthan,2023,58,CHAKSU,VIKESH KHOLIA,parties.IN.RLP,RLP,14068,8.0201,3,forfeit,U,,,,challenger,src-b152d3829185,minor,
IN-AC-2008-rajasthan-578,rajasthan,2023,58,CHAKSU,ANUJ KUMAR,parties.IN.BSP,BSP,1350,0.7696,4,forfeit,U,,,,challenger,src-b152d3829185,minor,
IN-AC-2008-rajasthan-578,rajasthan,2023,58,CHAKSU,RAM AVATAR BAIRWA,parties.IN.IND,IND,1244,0.7092,5,forfeit,U,,,,challenger,src-b152d3829185,minor,
IN-AC-2008-rajasthan-519,rajasthan,2023,59,TIJARA,MAHANT BALAK NATH,parties.IN.BJP,BJP,110209,49.1967,1,won,U,,,,challenger,src-b152d3829185,minor,
IN-AC-2008-rajasthan-519,rajasthan,2023,59,TIJARA,IMRAN KHAN,parties.IN.INC,INC,104036,46.4411,2,lost,U,,,,challenger,src-b152d3829185,minor,
IN-AC-2008-rajasthan-519,rajasthan,2023,59,TIJARA,UDAMI RAM,parties.IN.ASPKR,ASPKR,8054,3.5953,3,forfeit,U,,,,challenger,src-b152d3829185,minor,
IN-AC-2008-rajasthan-519,rajasthan,2023,59,TIJARA,HEMKARAN,parties.IN.BSP,BSP,567,0.2531,4,forfeit,U,,,,challenger,src-b152d3829185,minor,
IN-AC-2008-rajasthan-519,rajasthan,2023,59,TIJARA,SULTAN SINGH PALIWAL,parties.IN.IND,IND,421,0.1879,5,forfeit,U,,,,challenger,src-b152d3829185,minor,
IN-AC-2008-rajasthan-519,rajasthan,2023,59,TIJARA,NIRMAL SINGH,parties.IN.AADMPRVTNP,AAMAADMIPARI,172,0.0768,6,forfeit,U,,,,challenger,src-b152d3829185,minor,
IN-AC-2008-rajasthan-519,rajasthan,2023,59,TIJARA,MANISH KUMAR,parties.IN.IND,IND,138,0.0616,7,forfeit,U,,,,challenger,src-b152d3829185,minor,
IN-AC-2008-rajasthan-519,rajasthan,2023,59,TIJARA,STAYENDRA KUMAR,parties.IN.IND,IND,123,0.0549,8,forfeit,U,,,,challenger,src-b152d3829185,minor,
IN-AC-2008-rajasthan-519,rajasthan,2023,59,TIJARA,RASHID KHAN,parties.IN.IND,IND,116,0.0518,9,forfeit,U,,,,challenger,src-b152d3829185,minor,
IN-AC-2008-rajasthan-519,rajasthan,2023,59,TIJARA,DEVENDER,parties.IN.IND,IND,70,0.0312,10,forfeit,U,,,,challenger,src-b152d3829185,minor,
IN-AC-2008-rajasthan-519,rajasthan,2023,59,TIJARA,RAJU DAYMA,parties.IN.IND,IND,70,0.0312,11,forfeit,U,,,,challenger,src-b152d3829185,minor,
IN-AC-2008-rajasthan-519,rajasthan,2023,59,TIJARA,PRITAM SINGH,parties.IN.IND,IND,41,0.0183,12,forfeit,U,,,,challenger,src-b152d3829185,minor,
IN-AC-2008-rajasthan-515,rajasthan,2023,60,KISHANGARH BAS,DEEPCHAND KHAIRIYA,parties.IN.INC,INC,91916,45.7175,1,won,U,,,,challenger,src-b152d3829185,minor,
IN-AC-2008-rajasthan-515,rajasthan,2023,60,KISHANGARH BAS,RAMHET SINGH YADAV,parties.IN.BJP,BJP,81420,40.497,2,lost,U,,,,challenger,src-b152d3829185,minor,
IN-AC-2008-rajasthan-515,rajasthan,2023,60,KISHANGARH BAS,SIMRAT SANDHU,parties.IN.BSP,BSP,23371,11.6244,3,forfeit,U,,,,challenger,src-b152d3829185,minor,
IN-AC-2008-rajasthan-515,rajasthan,2023,60,KISHANGARH BAS,CHARAN SINGH YADAV,parties.IN.AAP,AAP,1500,0.7461,4,forfeit,U,,,,challenger,src-b152d3829185,minor,
IN-AC-2008-rajasthan-515,rajasthan,2023,60,KISHANGARH BAS,DEEPAK KUMAR,parties.IN.IND,IND,1057,0.5257,5,forfeit,U,,,,challenger,src-b152d3829185,minor,
IN-AC-2008-rajasthan-515,rajasthan,2023,60,KISHANGARH BAS,HARINARAYAN,parties.IN.PPID,PPID,564,0.2805,6,forfeit,U,,,,challenger,src-b152d3829185,minor,
IN-AC-2008-rajasthan-515,rajasthan,2023,60,KISHANGARH BAS,REKHA CHOUDHARY,parties.IN.IND,IND,497,0.2472,7,forfeit,U,,,,challenger,src-b152d3829185,minor,
IN-AC-2008-rajasthan-515,rajasthan,2023,60,KISHANGARH BAS,JAGDISH CHANDRA YADAV,parties.IN.ARP,ARP,433,0.2154,8,forfeit,U,,,,challenger,src-b152d3829185,minor,
IN-AC-2008-rajasthan-515,rajasthan,2023,60,KISHANGARH BAS,JAVED  KHAN,parties.IN.AIMIM,party-unknown-1920,294,0.1462,9,forfeit,U,,,,challenger,src-b152d3829185,minor,
IN-AC-2008-rajasthan-516,rajasthan,2023,61,MUNDAWAR,Lalit Yadav,parties.IN.INC,INC,105735,58.0662,1,won,U,,,,challenger,src-b152d3829185,minor,
IN-AC-2008-rajasthan-516,rajasthan,2023,61,MUNDAWAR,Manjeet Dharampal Choudhary,parties.IN.BJP,BJP,70111,38.5026,2,lost,U,,,,challenger,src-b152d3829185,minor,
IN-AC-2008-rajasthan-516,rajasthan,2023,61,MUNDAWAR,Anjali Yadav,parties.IN.ASPKR,ASPKR,2986,1.6398,3,forfeit,U,,,,challenger,src-b152d3829185,minor,
IN-AC-2008-rajasthan-516,rajasthan,2023,61,MUNDAWAR,Anita Choudhary,parties.IN.AAP,AAP,1031,0.5662,4,forfeit,U,,,,challenger,src-b152d3829185,minor,
IN-AC-2008-rajasthan-516,rajasthan,2023,61,MUNDAWAR,Prathvi Raj,parties.IN.BSP,BSP,805,0.4421,5,forfeit,U,,,,challenger,src-b152d3829185,minor,
IN-AC-2008-rajasthan-516,rajasthan,2023,61,MUNDAWAR,Rajender Choudhary,parties.IN.IND,IND,460,0.2526,6,forfeit,U,,,,challenger,src-b152d3829185,minor,
IN-AC-2008-rajasthan-516,rajasthan,2023,61,MUNDAWAR,Ved Prakash Yadav,parties.IN.IND,IND,421,0.2312,7,forfeit,U,,,,challenger,src-b152d3829185,minor,
IN-AC-2008-rajasthan-516,rajasthan,2023,61,MUNDAWAR,Harisingh Sharma,parties.IN.IND,IND,217,0.1192,8,forfeit,U,,,,challenger,src-b152d3829185,minor,
IN-AC-2008-rajasthan-516,rajasthan,2023,61,MUNDAWAR,Raju Ram,parties.IN.IND,IND,168,0.0923,9,forfeit,U,,,,challenger,src-b152d3829185,minor,
IN-AC-2008-rajasthan-516,rajasthan,2023,61,MUNDAWAR,Pradeep Kumar,parties.IN.IND,IND,160,0.0879,10,forfeit,U,,,,challenger,src-b152d3829185,minor,
IN-AC-2008-rajasthan-514,rajasthan,2023,62,BEHROR,Dr. Jaswant Singh Yadav,parties.IN.BJP,BJP,70400,40.2804,1,won,U,,,,challenger,src-b152d3829185,minor,
IN-AC-2008-rajasthan-514,rajasthan,2023,62,BEHROR,Baljeet Yadav,parties.IN.RSHTRJNTS,RSHTRJNTS,53177,30.426,2,lost,U,,,,challenger,src-b152d3829185,minor,
IN-AC-2008-rajasthan-514,rajasthan,2023,62,BEHROR,Sanjay Yadav,parties.IN.INC,INC,46668,26.7018,3,lost,U,,,,challenger,src-b152d3829185,minor,
IN-AC-2008-rajasthan-514,rajasthan,2023,62,BEHROR,Hardan Singh Gurjar,parties.IN.AAP,AAP,2612,1.4945,4,forfeit,U,,,,challenger,src-b152d3829185,minor,
IN-AC-2008-rajasthan-514,rajasthan,2023,62,BEHROR,Hemant Sharma Advocate,parties.IN.IPGP,IPGP,692,0.3959,5,forfeit,U,,,,challenger,src-b152d3829185,minor,
IN-AC-2008-rajasthan-514,rajasthan,2023,62,BEHROR,Natthuram,parties.IN.BMUP,BMUP,685,0.3919,6,forfeit,U,,,,challenger,src-b152d3829185,minor,
IN-AC-2008-rajasthan-514,rajasthan,2023,62,BEHROR,Mahender Kumar,parties.IN.IND,IND,541,0.3095,7,forfeit,U,,,,challenger,src-b152d3829185,minor,
IN-AC-2008-rajasthan-601,rajasthan,2023,63,BANSUR,Devi Singh Shekhawat,parties.IN.BJP,BJP,61605,34.1485,1,won,U,,,,challenger,src-b152d3829185,minor,
IN-AC-2008-rajasthan-601,rajasthan,2023,63,BANSUR,Rohitash Kumar,parties.IN.ASPKR,ASPKR,54185,30.0355,2,lost,U,,,,challenger,src-b152d3829185,minor,
IN-AC-2008-rajasthan-601,rajasthan,2023,63,BANSUR,Shakuntala Rawat,parties.IN.INC,INC,45639,25.2984,3,lost,U,,,,challenger,src-b152d3829185,minor,
IN-AC-2008-rajasthan-601,rajasthan,2023,63,BANSUR,Mukesh,parties.IN.BSP,BSP,12580,6.9733,4,forfeit,U,,,,challenger,src-b152d3829185,minor,
IN-AC-2008-rajasthan-601,rajasthan,2023,63,BANSUR,Neeta Bai,parties.IN.IND,IND,6394,3.5443,5,forfeit,U,,,,challenger,src-b152d3829185,minor,
IN-AC-2008-rajasthan-583,rajasthan,2023,64,THANAGAZI,KANTI PRASAD,parties.IN.INC,INC,67350,40.1584,1,won,U,,,,challenger,src-b152d3829185,minor,
IN-AC-2008-rajasthan-583,rajasthan,2023,64,THANAGAZI,HEMSINGH,parties.IN.BJP,BJP,65411,39.0022,2,lost,U,,,,challenger,src-b152d3829185,minor,
IN-AC-2008-rajasthan-583,rajasthan,2023,64,THANAGAZI,KAILASH,parties.IN.AAP,AAP,19876,11.8513,3,forfeit,U,,,,challenger,src-b152d3829185,minor,
IN-AC-2008-rajasthan-583,rajasthan,2023,64,THANAGAZI,BHUPESH SINGH RAJAWAT,parties.IN.IND,IND,5696,3.3963,4,forfeit,U,,,,challenger,src-b152d3829185,minor,
IN-AC-2008-rajasthan-583,rajasthan,2023,64,THANAGAZI,ROHITASH GHANGHAL,parties.IN.ASPKR,ASPKR,4971,2.964,5,forfeit,U,,,,challenger,src-b152d3829185,minor,
IN-AC-2008-rajasthan-583,rajasthan,2023,64,THANAGAZI,RAMCHARAN KOLI,parties.IN.IND,IND,903,0.5384,6,forfeit,U,,,,challenger,src-b152d3829185,minor,
IN-AC-2008-rajasthan-583,rajasthan,2023,64,THANAGAZI,BODAN LAL BALAI,parties.IN.IND,IND,750,0.4472,7,forfeit,U,,,,challenger,src-b152d3829185,minor,
IN-AC-2008-rajasthan-583,rajasthan,2023,64,THANAGAZI,CHANDRAPRAKASH,parties.IN.APOI,APOI,746,0.4448,8,forfeit,U,,,,challenger,src-b152d3829185,minor,
IN-AC-2008-rajasthan-583,rajasthan,2023,64,THANAGAZI,BANWARI LAL SHARMA,parties.IN.BSP,BSP,696,0.415,9,forfeit,U,,,,challenger,src-b152d3829185,minor,
IN-AC-2008-rajasthan-583,rajasthan,2023,64,THANAGAZI,DHANNA LAL,parties.IN.IND,IND,357,0.2129,10,forfeit,U,,,,challenger,src-b152d3829185,minor,
IN-AC-2008-rajasthan-583,rajasthan,2023,64,THANAGAZI,NARESH KUMAR,parties.IN.IND,IND,355,0.2117,11,forfeit,U,,,,challenger,src-b152d3829185,minor,
IN-AC-2008-rajasthan-583,rajasthan,2023,64,THANAGAZI,ALKESH MEENA,parties.IN.IND,IND,250,0.1491,12,forfeit,U,,,,challenger,src-b152d3829185,minor,
IN-AC-2008-rajasthan-583,rajasthan,2023,64,THANAGAZI,SHWETA,parties.IN.SP,SP,181,0.1079,13,forfeit,U,,,,challenger,src-b152d3829185,minor,
IN-AC-2008-rajasthan-583,rajasthan,2023,64,THANAGAZI,KULDEEP SHARMA,parties.IN.IND,IND,169,0.1008,14,forfeit,U,,,,challenger,src-b152d3829185,minor,
IN-AC-2008-rajasthan-512,rajasthan,2023,65,ALWAR RURAL,Tikaram Jully,parties.IN.INC,INC,108584,55.5622,1,won,U,,,,challenger,src-b152d3829185,minor,
IN-AC-2008-rajasthan-512,rajasthan,2023,65,ALWAR RURAL,Jairam Jatav,parties.IN.BJP,BJP,81251,41.5759,2,lost,U,,,,challenger,src-b152d3829185,minor,
IN-AC-2008-rajasthan-512,rajasthan,2023,65,ALWAR RURAL,Jagdish Prasad,parties.IN.BSP,BSP,1617,0.8274,3,forfeit,U,,,,challenger,src-b152d3829185,minor,
IN-AC-2008-rajasthan-512,rajasthan,2023,65,ALWAR RURAL,Mahavir  Prasad Rajoria,parties.IN.AAP,AAP,1604,0.8208,4,forfeit,U,,,,challenger,src-b152d3829185,minor,
IN-AC-2008-rajasthan-512,rajasthan,2023,65,ALWAR RURAL,Mukesh Kumar,parties.IN.RLP,RLP,979,0.501,5,forfeit,U,,,,challenger,src-b152d3829185,minor,
IN-AC-2008-rajasthan-512,rajasthan,2023,65,ALWAR RURAL,Nisha Devi,parties.IN.IND,IND,794,0.4063,6,forfeit,U,,,,challenger,src-b152d3829185,minor,
IN-AC-2008-rajasthan-512,rajasthan,2023,65,ALWAR RURAL,Meena Kumari,parties.IN.IND,IND,599,0.3065,7,forfeit,U,,,,challenger,src-b152d3829185,minor,
IN-AC-2008-rajasthan-513,rajasthan,2023,66,ALWAR URBAN,SANJAY SHARMA,parties.IN.BJP,BJP,90504,51.8443,1,won,U,,,,challenger,src-b152d3829185,minor,
IN-AC-2008-rajasthan-513,rajasthan,2023,66,ALWAR URBAN,AJAY AGARWAL,parties.IN.INC,INC,81417,46.6389,2,lost,U,,,,challenger,src-b152d3829185,minor,
IN-AC-2008-rajasthan-513,rajasthan,2023,66,ALWAR URBAN,NEHA SHARMA,parties.IN.BSP,BSP,1076,0.6164,3,forfeit,U,,,,challenger,src-b152d3829185,minor,
IN-AC-2008-rajasthan-513,rajasthan,2023,66,ALWAR URBAN,BHARAT BHUSHAN,parties.IN.IND,IND,634,0.3632,4,forfeit,U,,,,challenger,src-b152d3829185,minor,
IN-AC-2008-rajasthan-513,rajasthan,2023,66,ALWAR URBAN,DR. MAHESH VERMA,parties.IN.IND,IND,449,0.2572,5,forfeit,U,,,,challenger,src-b152d3829185,minor,
IN-AC-2008-rajasthan-513,rajasthan,2023,66,ALWAR URBAN,PANNA LAL,parties.IN.IND,IND,325,0.1862,6,forfeit,U,,,,challenger,src-b152d3829185,minor,
IN-AC-2008-rajasthan-513,rajasthan,2023,66,ALWAR URBAN,SUNIL KUMAR AGARWAL,parties.IN.IND,IND,164,0.0939,7,forfeit,U,,,,challenger,src-b152d3829185,minor,
IN-AC-2008-rajasthan-518,rajasthan,2023,67,RAMGARH,ZUBAIR KHAN,parties.IN.INC,INC,93765,44.5516,1,won,U,,,,challenger,src-b152d3829185,minor,
IN-AC-2008-rajasthan-518,rajasthan,2023,67,RAMGARH,SUKHAVANT SINGH,parties.IN.ASPKR,ASPKR,74069,35.1932,2,lost,U,,,,challenger,src-b152d3829185,minor,
IN-AC-2008-rajasthan-518,rajasthan,2023,67,RAMGARH,JAI AAHUJA,parties.IN.BJP,BJP,34882,16.5739,3,forfeit,U,,,,challenger,src-b152d3829185,minor,
IN-AC-2008-rajasthan-518,rajasthan,2023,67,RAMGARH,DIWAN CHAND,parties.IN.BSP,BSP,1219,0.5792,4,forfeit,U,,,,challenger,src-b152d3829185,minor,
IN-AC-2008-rajasthan-518,rajasthan,2023,67,RAMGARH,VISHVENDER SINGH,parties.IN.AAP,AAP,1178,0.5597,5,forfeit,U,,,,challenger,src-b152d3829185,minor,
IN-AC-2008-rajasthan-518,rajasthan,2023,67,RAMGARH,MUKHTYAR SINGH,parties.IN.IND,IND,1169,0.5554,6,forfeit,U,,,,challenger,src-b152d3829185,minor,
IN-AC-2008-rajasthan-518,rajasthan,2023,67,RAMGARH,ANUP KUMAR,parties.IN.IND,IND,864,0.4105,7,forfeit,U,,,,challenger,src-b152d3829185,minor,
IN-AC-2008-rajasthan-518,rajasthan,2023,67,RAMGARH,BHAJAN LAL SAINI,parties.IN.IND,IND,674,0.3202,8,forfeit,U,,,,challenger,src-b152d3829185,minor,
IN-AC-2008-rajasthan-518,rajasthan,2023,67,RAMGARH,IZAHAR,parties.IN.JJP,JJP,600,0.2851,9,forfeit,U,,,,challenger,src-b152d3829185,minor,
IN-AC-2008-rajasthan-518,rajasthan,2023,67,RAMGARH,JAI SINGH,parties.IN.IND,IND,546,0.2594,10,forfeit,U,,,,challenger,src-b152d3829185,minor,
IN-AC-2008-rajasthan-518,rajasthan,2023,67,RAMGARH,NITESH KUMAR,parties.IN.IND,IND,321,0.1525,11,forfeit,U,,,,challenger,src-b152d3829185,minor,
IN-AC-2008-rajasthan-518,rajasthan,2023,67,RAMGARH,UMARDEEN KHAN,parties.IN.IND,IND,300,0.1425,12,forfeit,U,,,,challenger,src-b152d3829185,minor,
IN-AC-2008-rajasthan-518,rajasthan,2023,67,RAMGARH,GURVINDER SINGH,parties.IN.IND,IND,283,0.1345,13,forfeit,U,,,,challenger,src-b152d3829185,minor,
IN-AC-2008-rajasthan-518,rajasthan,2023,67,RAMGARH,DINESH,parties.IN.IND,IND,210,0.0998,14,forfeit,U,,,,challenger,src-b152d3829185,minor,
IN-AC-2008-rajasthan-518,rajasthan,2023,67,RAMGARH,IQBAL SINGH,parties.IN.IND,IND,193,0.0917,15,forfeit,U,,,,challenger,src-b152d3829185,minor,
IN-AC-2008-rajasthan-518,rajasthan,2023,67,RAMGARH,NAVAL SINGH,parties.IN.IND,IND,191,0.0908,16,forfeit,U,,,,challenger,src-b152d3829185,minor,
IN-AC-2008-rajasthan-517,rajasthan,2023,68,RAJGARH LAXMANGARH,MANGELAL MEENA,parties.IN.INC,INC,93459,50.3627,1,won,U,,,,challenger,src-b152d3829185,minor,
IN-AC-2008-rajasthan-517,rajasthan,2023,68,RAJGARH LAXMANGARH,BANNA RAM MEENA,parties.IN.BJP,BJP,70892,38.2019,2,lost,U,,,,challenger,src-b152d3829185,minor,
IN-AC-2008-rajasthan-517,rajasthan,2023,68,RAJGARH LAXMANGARH,RAHUL,parties.IN.IND,IND,8291,4.4678,3,forfeit,U,,,,challenger,src-b152d3829185,minor,
IN-AC-2008-rajasthan-517,rajasthan,2023,68,RAJGARH LAXMANGARH,JOHARILAL,parties.IN.IND,IND,3007,1.6204,4,forfeit,U,,,,challenger,src-b152d3829185,minor,
IN-AC-2008-rajasthan-517,rajasthan,2023,68,RAJGARH LAXMANGARH,VIJAY SAMARTHLAL,parties.IN.IND,IND,2853,1.5374,5,forfeit,U,,,,challenger,src-b152d3829185,minor,
IN-AC-2008-rajasthan-517,rajasthan,2023,68,RAJGARH LAXMANGARH,SHEELA MEENA,parties.IN.IND,IND,1222,0.6585,6,forfeit,U,,,,challenger,src-b152d3829185,minor,
IN-AC-2008-rajasthan-517,rajasthan,2023,68,RAJGARH LAXMANGARH,SURAJ BHAN DHANKA,parties.IN.SP,SP,1042,0.5615,7,forfeit,U,,,,challenger,src-b152d3829185,minor,
IN-AC-2008-rajasthan-517,rajasthan,2023,68,RAJGARH LAXMANGARH,NAND LAL,parties.IN.AAP,AAP,878,0.4731,8,forfeit,U,,,,challenger,src-b152d3829185,minor,
IN-AC-2008-rajasthan-517,rajasthan,2023,68,RAJGARH LAXMANGARH,DHARMSINGH DHANKA,parties.IN.BSP,BSP,868,0.4677,9,forfeit,U,,,,challenger,src-b152d3829185,minor,
IN-AC-2008-rajasthan-517,rajasthan,2023,68,RAJGARH LAXMANGARH,OM PRAKASH MEENA,parties.IN.IND,IND,595,0.3206,10,forfeit,U,,,,challenger,src-b152d3829185,minor,
IN-AC-2008-rajasthan-517,rajasthan,2023,68,RAJGARH LAXMANGARH,RAMOTAR MEENA,parties.IN.IND,IND,569,0.3066,11,forfeit,U,,,,challenger,src-b152d3829185,minor,
IN-AC-2008-rajasthan-517,rajasthan,2023,68,RAJGARH LAXMANGARH,MAHENDER KUMAR MEENA,parties.IN.IND,IND,495,0.2667,12,forfeit,U,,,,challenger,src-b152d3829185,minor,
IN-AC-2008-rajasthan-517,rajasthan,2023,68,RAJGARH LAXMANGARH,JASRAM MEENA,parties.IN.IND,IND,437,0.2355,13,forfeit,U,,,,challenger,src-b152d3829185,minor,
IN-AC-2008-rajasthan-517,rajasthan,2023,68,RAJGARH LAXMANGARH,AMAR CHAND MEENA,parties.IN.IND,IND,368,0.1983,14,forfeit,U,,,,challenger,src-b152d3829185,minor,
IN-AC-2008-rajasthan-517,rajasthan,2023,68,RAJGARH LAXMANGARH,KAPIL,parties.IN.IND,IND,239,0.1288,15,forfeit,U,,,,challenger,src-b152d3829185,minor,
IN-AC-2008-rajasthan-517,rajasthan,2023,68,RAJGARH LAXMANGARH,LALA RAM MEENA,parties.IN.IND,IND,210,0.1132,16,forfeit,U,,,,challenger,src-b152d3829185,minor,
IN-AC-2008-rajasthan-517,rajasthan,2023,68,RAJGARH LAXMANGARH,JAGDISH,parties.IN.IND,IND,147,0.0792,17,forfeit,U,,,,challenger,src-b152d3829185,minor,
IN-AC-2008-rajasthan-540,rajasthan,2023,69,KATHUMAR,RAMESH KHINCHI,parties.IN.BJP,BJP,79756,48.7354,1,won,U,,,,challenger,src-b152d3829185,minor,
IN-AC-2008-rajasthan-540,rajasthan,2023,69,KATHUMAR,SANJNA,parties.IN.INC,INC,79347,48.4855,2,lost,U,,,,challenger,src-b152d3829185,minor,
IN-AC-2008-rajasthan-540,rajasthan,2023,69,KATHUMAR,MANGALRAM,parties.IN.IND,IND,1432,0.875,3,forfeit,U,,,,challenger,src-b152d3829185,minor,
IN-AC-2008-rajasthan-540,rajasthan,2023,69,KATHUMAR,DINESH,parties.IN.BSP,BSP,828,0.506,4,forfeit,U,,,,challenger,src-b152d3829185,minor,
IN-AC-2008-rajasthan-540,rajasthan,2023,69,KATHUMAR,SUNIL BAIRWA,parties.IN.AAP,AAP,688,0.4204,5,forfeit,U,,,,challenger,src-b152d3829185,minor,
IN-AC-2008-rajasthan-540,rajasthan,2023,69,KATHUMAR,JAL SINGH,parties.IN.IND,IND,622,0.3801,6,forfeit,U,,,,challenger,src-b152d3829185,minor,
IN-AC-2008-rajasthan-540,rajasthan,2023,69,KATHUMAR,MOTI LAL,parties.IN.IND,IND,389,0.2377,7,forfeit,U,,,,challenger,src-b152d3829185,minor,
IN-AC-2008-rajasthan-540,rajasthan,2023,69,KATHUMAR,THAKUR SINGH PANWAR,parties.IN.IND,IND,362,0.2212,8,forfeit,U,,,,challenger,src-b152d3829185,minor,
IN-AC-2008-rajasthan-540,rajasthan,2023,69,KATHUMAR,KARAN CHAND,parties.IN.IND,IND,227,0.1387,9,forfeit,U,,,,challenger,src-b152d3829185,minor,
IN-AC-2008-rajasthan-539,rajasthan,2023,70,KAMAN,NAUKSHAM,parties.IN.BJP,BJP,78646,38.0105,1,won,U,,,,challenger,src-b152d3829185,minor,
IN-AC-2008-rajasthan-539,rajasthan,2023,70,KAMAN,MUKHTYAR AHMAD,parties.IN.IND,IND,64740,31.2896,2,lost,U,,,,challenger,src-b152d3829185,minor,
IN-AC-2008-rajasthan-539,rajasthan,2023,70,KAMAN,ZAHIDA KHAN,parties.IN.INC,INC,58130,28.0949,3,lost,U,,,,challenger,src-b152d3829185,minor,
IN-AC-2008-rajasthan-539,rajasthan,2023,70,KAMAN,MOHD SHAKEEL KHAN,parties.IN.BSP,BSP,1847,0.8927,4,forfeit,U,,,,challenger,src-b152d3829185,minor,
IN-AC-2008-rajasthan-539,rajasthan,2023,70,KAMAN,HAPIJ,parties.IN.IND,IND,1260,0.609,5,forfeit,U,,,,challenger,src-b152d3829185,minor,
IN-AC-2008-rajasthan-539,rajasthan,2023,70,KAMAN,BHAGVANTA SINGH,parties.IN.IND,IND,1006,0.4862,6,forfeit,U,,,,challenger,src-b152d3829185,minor,
IN-AC-2008-rajasthan-539,rajasthan,2023,70,KAMAN,BALRAM,parties.IN.ASPKR,ASPKR,287,0.1387,7,forfeit,U,,,,challenger,src-b152d3829185,minor,
IN-AC-2008-rajasthan-539,rajasthan,2023,70,KAMAN,SADDIQ,parties.IN.LJPRV,LJP (RV),277,0.1339,8,forfeit,U,,,,challenger,src-b152d3829185,minor,
IN-AC-2008-rajasthan-539,rajasthan,2023,70,KAMAN,JUNAID,parties.IN.IND,IND,222,0.1073,9,forfeit,U,,,,challenger,src-b152d3829185,minor,
IN-AC-2008-rajasthan-539,rajasthan,2023,70,KAMAN,SAMSUL HASAN,parties.IN.JJP,JJP,212,0.1025,10,forfeit,U,,,,challenger,src-b152d3829185,minor,
IN-AC-2008-rajasthan-539,rajasthan,2023,70,KAMAN,IMRAN,parties.IN.AIMIM,party-unknown-1920,174,0.0841,11,forfeit,U,,,,challenger,src-b152d3829185,minor,
IN-AC-2008-rajasthan-539,rajasthan,2023,70,KAMAN,PRADEEP SINGH,parties.IN.IPGP,IPGP,105,0.0507,12,forfeit,U,,,,challenger,src-b152d3829185,minor,
IN-AC-2008-rajasthan-542,rajasthan,2023,71,NAGAR,JAWAHARSINGH BEDHAM,parties.IN.BJP,BJP,75579,37.6262,1,won,U,,,,challenger,src-b152d3829185,minor,
IN-AC-2008-rajasthan-542,rajasthan,2023,71,NAGAR,WAJIB ALI,parties.IN.INC,INC,74048,36.864,2,lost,U,,,,challenger,src-b152d3829185,minor,
IN-AC-2008-rajasthan-542,rajasthan,2023,71,NAGAR,NEM SINGH,parties.IN.ASPKR,ASPKR,46314,23.0569,3,lost,U,,,,challenger,src-b152d3829185,minor,
IN-AC-2008-rajasthan-542,rajasthan,2023,71,NAGAR,DR. GOVIND SHARMA,parties.IN.SP,SP,2215,1.1027,4,forfeit,U,,,,challenger,src-b152d3829185,minor,
IN-AC-2008-rajasthan-542,rajasthan,2023,71,NAGAR,KHUSHIRD AHMAD,parties.IN.BSP,BSP,1327,0.6606,5,forfeit,U,,,,challenger,src-b152d3829185,minor,
IN-AC-2008-rajasthan-542,rajasthan,2023,71,NAGAR,MOHAN LAL NARANG,parties.IN.IND,IND,522,0.2599,6,forfeit,U,,,,challenger,src-b152d3829185,minor,
IN-AC-2008-rajasthan-542,rajasthan,2023,71,NAGAR,RAJENDRA KUMAR SHARMA,parties.IN.IND,IND,458,0.228,7,forfeit,U,,,,challenger,src-b152d3829185,minor,
IN-AC-2008-rajasthan-542,rajasthan,2023,71,NAGAR,BALVEER KASANA,parties.IN.IND,IND,405,0.2016,8,forfeit,U,,,,challenger,src-b152d3829185,minor,
IN-AC-2008-rajasthan-538,rajasthan,2023,72,DEEG-KUMHER,DR. SHAILESH SINGH,parties.IN.BJP,BJP,89063,50.2942,1,won,U,,,,challenger,src-b152d3829185,minor,
IN-AC-2008-rajasthan-538,rajasthan,2023,72,DEEG-KUMHER,VISHVENDRA SINGH,parties.IN.INC,INC,81168,45.8359,2,lost,U,,,,challenger,src-b152d3829185,minor,
IN-AC-2008-rajasthan-538,rajasthan,2023,72,DEEG-KUMHER,HARIOM SHARMA,parties.IN.BSP,BSP,4487,2.5338,3,forfeit,U,,,,challenger,src-b152d3829185,minor,
IN-AC-2008-rajasthan-538,rajasthan,2023,72,DEEG-KUMHER,MANUDEV,parties.IN.RLP,RLP,1015,0.5732,4,forfeit,U,,,,challenger,src-b152d3829185,minor,
IN-AC-2008-rajasthan-538,rajasthan,2023,72,DEEG-KUMHER,HARISHANKAR,parties.IN.IND,IND,476,0.2688,5,forfeit,U,,,,challenger,src-b152d3829185,minor,
IN-AC-2008-rajasthan-538,rajasthan,2023,72,DEEG-KUMHER,SURENDRA SINGH SINSINWAR,parties.IN.IND,IND,464,0.262,6,forfeit,U,,,,challenger,src-b152d3829185,minor,
IN-AC-2008-rajasthan-538,rajasthan,2023,72,DEEG-KUMHER,POONAM,parties.IN.IND,IND,214,0.1208,7,forfeit,U,,,,challenger,src-b152d3829185,minor,
IN-AC-2008-rajasthan-538,rajasthan,2023,72,DEEG-KUMHER,RAJ KUMAR,parties.IN.IND,IND,197,0.1112,8,forfeit,U,,,,challenger,src-b152d3829185,minor,
IN-AC-2008-rajasthan-537,rajasthan,2023,73,BHARATPUR,DR. SUBHASH GARG,parties.IN.RLD,RLD,81878,43.5973,1,won,U,,,,challenger,src-b152d3829185,minor,
IN-AC-2008-rajasthan-537,rajasthan,2023,73,BHARATPUR,VIJAY BANSAL (PAPPU BANDA),parties.IN.BJP,BJP,76491,40.7289,2,lost,U,,,,challenger,src-b152d3829185,minor,
IN-AC-2008-rajasthan-537,rajasthan,2023,73,BHARATPUR,GIRISH CHAUDHARY,parties.IN.BSP,BSP,25231,13.4347,3,forfeit,U,,,,challenger,src-b152d3829185,minor,
IN-AC-2008-rajasthan-537,rajasthan,2023,73,BHARATPUR,DR. MOHAN SINGH CHAUDHARY,parties.IN.JJP,JJP,742,0.3951,4,forfeit,U,,,,challenger,src-b152d3829185,minor,
IN-AC-2008-rajasthan-537,rajasthan,2023,73,BHARATPUR,SOHANSINGH,parties.IN.LJPRV,LJP (RV),690,0.3674,5,forfeit,U,,,,challenger,src-b152d3829185,minor,
IN-AC-2008-rajasthan-537,rajasthan,2023,73,BHARATPUR,VISHNU KUMAR SAINI,parties.IN.IND,IND,552,0.2939,6,forfeit,U,,,,challenger,src-b152d3829185,minor,
IN-AC-2008-rajasthan-537,rajasthan,2023,73,BHARATPUR,TAPAN SHARMA,parties.IN.IND,IND,539,0.287,7,forfeit,U,,,,challenger,src-b152d3829185,minor,
IN-AC-2008-rajasthan-537,rajasthan,2023,73,BHARATPUR,SANJAY KASHMIRIYA (JAIN),parties.IN.ALP,ALP,499,0.2657,8,forfeit,U,,,,challenger,src-b152d3829185,minor,
IN-AC-2008-rajasthan-537,rajasthan,2023,73,BHARATPUR,RAMVIR JATOLIYA,parties.IN.IND,IND,471,0.2508,9,forfeit,U,,,,challenger,src-b152d3829185,minor,
IN-AC-2008-rajasthan-537,rajasthan,2023,73,BHARATPUR,DUSHYANT SINGH,parties.IN.IND,IND,437,0.2327,10,forfeit,U,,,,challenger,src-b152d3829185,minor,
IN-AC-2008-rajasthan-537,rajasthan,2023,73,BHARATPUR,POORANSINGH SINSINWAR(AWAR),parties.IN.IND,IND,275,0.1464,11,forfeit,U,,,,challenger,src-b152d3829185,minor,
IN-AC-2008-rajasthan-541,rajasthan,2023,74,NADBAI,JAGAT SINGH,parties.IN.BJP,BJP,103795,50.2919,1,won,U,,,,challenger,src-b152d3829185,minor,
IN-AC-2008-rajasthan-541,rajasthan,2023,74,NADBAI,JOGINDER SINGH AWANA S/O GIRWAR SINGH,parties.IN.INC,INC,88028,42.6523,2,lost,U,,,,challenger,src-b152d3829185,minor,
IN-AC-2008-rajasthan-541,rajasthan,2023,74,NADBAI,KHAIMKARAN SINGH TAULI,parties.IN.BSP,BSP,10301,4.9912,3,forfeit,U,,,,challenger,src-b152d3829185,minor,
IN-AC-2008-rajasthan-541,rajasthan,2023,74,NADBAI,ROHIT (ROHITASH CHATURVEDI),parties.IN.AAP,AAP,877,0.4249,4,forfeit,U,,,,challenger,src-b152d3829185,minor,
IN-AC-2008-rajasthan-541,rajasthan,2023,74,NADBAI,VIJAY CHOUDHARY LAKHANPUR,parties.IN.ASPKR,ASPKR,726,0.3518,5,forfeit,U,,,,challenger,src-b152d3829185,minor,
IN-AC-2008-rajasthan-541,rajasthan,2023,74,NADBAI,SHIVRAM PATEL,parties.IN.IND,IND,714,0.346,6,forfeit,U,,,,challenger,src-b152d3829185,minor,
IN-AC-2008-rajasthan-541,rajasthan,2023,74,NADBAI,SURJEET SINGH,parties.IN.IND,IND,389,0.1885,7,forfeit,U,,,,challenger,src-b152d3829185,minor,
IN-AC-2008-rajasthan-541,rajasthan,2023,74,NADBAI,SATYENDRA SINGH S/O SHIVRAM,parties.IN.IND,IND,372,0.1802,8,forfeit,U,,,,challenger,src-b152d3829185,minor,
IN-AC-2008-rajasthan-541,rajasthan,2023,74,NADBAI,CHATAR SINGH SAINI,parties.IN.RTORP,RTORP,250,0.1211,9,forfeit,U,,,,challenger,src-b152d3829185,minor,
IN-AC-2008-rajasthan-541,rajasthan,2023,74,NADBAI,JAGAT PAL SINGH,parties.IN.IND,IND,192,0.093,10,forfeit,U,,,,challenger,src-b152d3829185,minor,
IN-AC-2008-rajasthan-541,rajasthan,2023,74,NADBAI,TAHAL SINGH,parties.IN.IND,IND,187,0.0906,11,forfeit,U,,,,challenger,src-b152d3829185,minor,
IN-AC-2008-rajasthan-541,rajasthan,2023,74,NADBAI,JOGENDRA SINGH AWANA S/O HARI SINGH,parties.IN.IND,IND,151,0.0732,12,forfeit,U,,,,challenger,src-b152d3829185,minor,
IN-AC-2008-rajasthan-541,rajasthan,2023,74,NADBAI,SAMAY SINGH,parties.IN.SP,SP,125,0.0606,13,forfeit,U,,,,challenger,src-b152d3829185,minor,
IN-AC-2008-rajasthan-541,rajasthan,2023,74,NADBAI,PUSHPA,parties.IN.IPGP,IPGP,122,0.0591,14,forfeit,U,,,,challenger,src-b152d3829185,minor,
IN-AC-2008-rajasthan-541,rajasthan,2023,74,NADBAI,SATENDRASINGH S/O VIJAYRAM,parties.IN.LJPRV,LJP (RV),88,0.0426,15,forfeit,U,,,,challenger,src-b152d3829185,minor,
IN-AC-2008-rajasthan-541,rajasthan,2023,74,NADBAI,ASHOK KUMAR,parties.IN.IND,IND,68,0.0329,16,forfeit,U,,,,challenger,src-b152d3829185,minor,
IN-AC-2008-rajasthan-543,rajasthan,2023,75,WEIR,BAHADUR SINGH,parties.IN.BJP,BJP,94056,50.0396,1,won,U,,,,challenger,src-b152d3829185,minor,
IN-AC-2008-rajasthan-543,rajasthan,2023,75,WEIR,BHAJANLAL JATAV,parties.IN.INC,INC,87084,46.3304,2,lost,U,,,,challenger,src-b152d3829185,minor,
IN-AC-2008-rajasthan-543,rajasthan,2023,75,WEIR,SUNIL KUMAR,parties.IN.RLP,RLP,3255,1.7317,3,forfeit,U,,,,challenger,src-b152d3829185,minor,
IN-AC-2008-rajasthan-543,rajasthan,2023,75,WEIR,KOMAL MAHAWAR,parties.IN.IND,IND,1176,0.6257,4,forfeit,U,,,,challenger,src-b152d3829185,minor,
IN-AC-2008-rajasthan-543,rajasthan,2023,75,WEIR,CHARAN DAS,parties.IN.AAP,AAP,1045,0.556,5,forfeit,U,,,,challenger,src-b152d3829185,minor,
IN-AC-2008-rajasthan-543,rajasthan,2023,75,WEIR,CHIRMOLI,parties.IN.BSP,BSP,925,0.4921,6,forfeit,U,,,,challenger,src-b152d3829185,minor,
IN-AC-2008-rajasthan-543,rajasthan,2023,75,WEIR,JEETU KOLI,parties.IN.IND,IND,422,0.2245,7,forfeit,U,,,,challenger,src-b152d3829185,minor,
IN-AC-2008-rajasthan-536,rajasthan,2023,76,BAYANA,Dr. RITU BANAWAT,parties.IN.IND,IND,105749,55.2237,1,won,U,,,,challenger,src-b152d3829185,minor,
IN-AC-2008-rajasthan-536,rajasthan,2023,76,BAYANA,AMAR SINGH,parties.IN.INC,INC,65107,33.9999,2,lost,U,,,,challenger,src-b152d3829185,minor,
IN-AC-2008-rajasthan-536,rajasthan,2023,76,BAYANA,BACHCHUSINGH BANSHIWAL,parties.IN.BJP,BJP,14398,7.5189,3,forfeit,U,,,,challenger,src-b152d3829185,minor,
IN-AC-2008-rajasthan-536,rajasthan,2023,76,BAYANA,MADAN MOHAN,parties.IN.BSP,BSP,1620,0.846,4,forfeit,U,,,,challenger,src-b152d3829185,minor,
IN-AC-2008-rajasthan-536,rajasthan,2023,76,BAYANA,SUDESH KUMARI,parties.IN.IND,IND,1167,0.6094,5,forfeit,U,,,,challenger,src-b152d3829185,minor,
IN-AC-2008-rajasthan-536,rajasthan,2023,76,BAYANA,PURUSHOTTAM  BABA,parties.IN.IND,IND,689,0.3598,6,forfeit,U,,,,challenger,src-b152d3829185,minor,
IN-AC-2008-rajasthan-536,rajasthan,2023,76,BAYANA,MUKESH TIGER,parties.IN.AAP,AAP,642,0.3353,7,forfeit,U,,,,challenger,src-b152d3829185,minor,
IN-AC-2008-rajasthan-536,rajasthan,2023,76,BAYANA,AJAY SINGH,parties.IN.IND,IND,634,0.3311,8,forfeit,U,,,,challenger,src-b152d3829185,minor,
IN-AC-2008-rajasthan-536,rajasthan,2023,76,BAYANA,VIJAY SINGH,parties.IN.IND,IND,528,0.2757,9,forfeit,U,,,,challenger,src-b152d3829185,minor,
IN-AC-2008-rajasthan-536,rajasthan,2023,76,BAYANA,NITU SEJWAL,parties.IN.RLP,RLP,527,0.2752,10,forfeit,U,,,,challenger,src-b152d3829185,minor,
IN-AC-2008-rajasthan-536,rajasthan,2023,76,BAYANA,MUNNIRAM,parties.IN.BHYUJEP,BYJEP,431,0.2251,11,forfeit,U,,,,challenger,src-b152d3829185,minor,
IN-AC-2008-rajasthan-641,rajasthan,2023,77,BASERI,SANJAY KUMAR,parties.IN.INC,INC,86145,57.3112,1,won,U,,,,challenger,src-b152d3829185,minor,
IN-AC-2008-rajasthan-641,rajasthan,2023,77,BASERI,SUKHRAM,parties.IN.BJP,BJP,59035,39.2752,2,lost,U,,,,challenger,src-b152d3829185,minor,
IN-AC-2008-rajasthan-641,rajasthan,2023,77,BASERI,KHILADI LAL BAIRWA,parties.IN.IND,IND,1366,0.9088,3,forfeit,U,,,,challenger,src-b152d3829185,minor,
IN-AC-2008-rajasthan-641,rajasthan,2023,77,BASERI,DAULAT RAM,parties.IN.BSP,BSP,1133,0.7538,4,forfeit,U,,,,challenger,src-b152d3829185,minor,
IN-AC-2008-rajasthan-641,rajasthan,2023,77,BASERI,DWARIKA PRASAD,parties.IN.IND,IND,830,0.5522,5,forfeit,U,,,,challenger,src-b152d3829185,minor,
IN-AC-2008-rajasthan-641,rajasthan,2023,77,BASERI,SULTAN SINGH,parties.IN.RJVP,RJVP,747,0.497,6,forfeit,U,,,,challenger,src-b152d3829185,minor,
IN-AC-2008-rajasthan-641,rajasthan,2023,77,BASERI,PANJAB SINGH,parties.IN.IND,IND,676,0.4497,7,forfeit,U,,,,challenger,src-b152d3829185,minor,
IN-AC-2008-rajasthan-641,rajasthan,2023,77,BASERI,GUDDI MAURYA,parties.IN.IND,IND,379,0.2521,8,forfeit,U,,,,challenger,src-b152d3829185,minor,
IN-AC-2008-rajasthan-640,rajasthan,2023,78,BARI,JASWANT SINGH GURJAR,parties.IN.BSP,BSP,106060,52.8645,1,won,U,,,,challenger,src-b152d3829185,minor,
IN-AC-2008-rajasthan-640,rajasthan,2023,78,BARI,"GIRRAJ SINGH ""MALINGA""",parties.IN.BJP,BJP,78636,39.1953,2,lost,U,,,,challenger,src-b152d3829185,minor,
IN-AC-2008-rajasthan-640,rajasthan,2023,78,BARI,PRASHANT SINGH PARMAR,parties.IN.INC,INC,11601,5.7824,3,forfeit,U,,,,challenger,src-b152d3829185,minor,
IN-AC-2008-rajasthan-640,rajasthan,2023,78,BARI,DR. AMAR SINGH KUSHWAH,parties.IN.AAP,AAP,1148,0.5722,4,forfeit,U,,,,challenger,src-b152d3829185,minor,
IN-AC-2008-rajasthan-640,rajasthan,2023,78,BARI,SATISH,parties.IN.IND,IND,952,0.4745,5,forfeit,U,,,,challenger,src-b152d3829185,minor,
IN-AC-2008-rajasthan-640,rajasthan,2023,78,BARI,JASVANT SINGH,parties.IN.IND,IND,686,0.3419,6,forfeit,U,,,,challenger,src-b152d3829185,minor,
IN-AC-2008-rajasthan-640,rajasthan,2023,78,BARI,DR. SAKSHI SINGH,parties.IN.IND,IND,576,0.2871,7,forfeit,U,,,,challenger,src-b152d3829185,minor,
IN-AC-2008-rajasthan-640,rajasthan,2023,78,BARI,RAMBO KUMARI,parties.IN.RLP,RLP,429,0.2138,8,forfeit,U,,,,challenger,src-b152d3829185,minor,
IN-AC-2008-rajasthan-640,rajasthan,2023,78,BARI,LALLA BABU,parties.IN.IND,IND,310,0.1545,9,forfeit,U,,,,challenger,src-b152d3829185,minor,
IN-AC-2008-rajasthan-640,rajasthan,2023,78,BARI,RAJKUMAR PACHOURI,parties.IN.IND,IND,228,0.1136,10,forfeit,U,,,,challenger,src-b152d3829185,minor,
IN-AC-2008-rajasthan-642,rajasthan,2023,79,DHOLPUR,SHOBHARANI KUSHWAH,parties.IN.INC,INC,69724,40.2964,1,won,U,,,,challenger,src-b152d3829185,minor,
IN-AC-2008-rajasthan-642,rajasthan,2023,79,DHOLPUR,RITESH SHARMA,parties.IN.BSP,BSP,52935,30.5933,2,lost,U,,,,challenger,src-b152d3829185,minor,
IN-AC-2008-rajasthan-642,rajasthan,2023,79,DHOLPUR,Dr. SHIVCHARAN SINGH KUSHWAHA,parties.IN.BJP,BJP,45637,26.3755,3,lost,U,,,,challenger,src-b152d3829185,minor,
IN-AC-2008-rajasthan-642,rajasthan,2023,79,DHOLPUR,NASIRUDDIN KHAN,parties.IN.AZSP,AZSP,1822,1.053,4,forfeit,U,,,,challenger,src-b152d3829185,minor,
IN-AC-2008-rajasthan-642,rajasthan,2023,79,DHOLPUR,SHASHI SINGH,parties.IN.IND,IND,1130,0.6531,5,forfeit,U,,,,challenger,src-b152d3829185,minor,
IN-AC-2008-rajasthan-642,rajasthan,2023,79,DHOLPUR,SAGIR KHAN,parties.IN.IND,IND,444,0.2566,6,forfeit,U,,,,challenger,src-b152d3829185,minor,
IN-AC-2008-rajasthan-642,rajasthan,2023,79,DHOLPUR,SWETA,parties.IN.SP,SP,389,0.2248,7,forfeit,U,,,,challenger,src-b152d3829185,minor,
IN-AC-2008-rajasthan-642,rajasthan,2023,79,DHOLPUR,RAJKUMAR,parties.IN.IND,IND,297,0.1716,8,forfeit,U,,,,challenger,src-b152d3829185,minor,
IN-AC-2008-rajasthan-642,rajasthan,2023,79,DHOLPUR,PRAMOD KUMAR,parties.IN.IND,IND,226,0.1306,9,forfeit,U,,,,challenger,src-b152d3829185,minor,
IN-AC-2008-rajasthan-642,rajasthan,2023,79,DHOLPUR,ABDULSIRAJ,parties.IN.IND,IND,149,0.0861,10,forfeit,U,,,,challenger,src-b152d3829185,minor,
IN-AC-2008-rajasthan-642,rajasthan,2023,79,DHOLPUR,GAFFARUDDIN,parties.IN.IND,IND,144,0.0832,11,forfeit,U,,,,challenger,src-b152d3829185,minor,
IN-AC-2008-rajasthan-642,rajasthan,2023,79,DHOLPUR,ASHARAM,parties.IN.IND,IND,131,0.0757,12,forfeit,U,,,,challenger,src-b152d3829185,minor,
IN-AC-2008-rajasthan-645,rajasthan,2023,80,RAJAKHERA,Rohit Bohra,parties.IN.INC,INC,89120,53.7509,1,won,U,,,,challenger,src-b152d3829185,minor,
IN-AC-2008-rajasthan-645,rajasthan,2023,80,RAJAKHERA,Neerja Sharma,parties.IN.BJP,BJP,73563,44.368,2,lost,U,,,,challenger,src-b152d3829185,minor,
IN-AC-2008-rajasthan-645,rajasthan,2023,80,RAJAKHERA,Vinay Sikarvar,parties.IN.IPGP,IPGP,1118,0.6743,3,forfeit,U,,,,challenger,src-b152d3829185,minor,
IN-AC-2008-rajasthan-645,rajasthan,2023,80,RAJAKHERA,Rohit Dagur,parties.IN.IND,IND,1083,0.6532,4,forfeit,U,,,,challenger,src-b152d3829185,minor,
IN-AC-2008-rajasthan-645,rajasthan,2023,80,RAJAKHERA,Rajkumar Parihar,parties.IN.IND,IND,434,0.2618,5,forfeit,U,,,,challenger,src-b152d3829185,minor,
IN-AC-2008-rajasthan-645,rajasthan,2023,80,RAJAKHERA,Bhanvarpal,parties.IN.IND,IND,249,0.1502,6,forfeit,U,,,,challenger,src-b152d3829185,minor,
IN-AC-2008-rajasthan-645,rajasthan,2023,80,RAJAKHERA,Mahaveer Tyagi,parties.IN.IND,IND,235,0.1417,7,forfeit,U,,,,challenger,src-b152d3829185,minor,
IN-AC-2008-rajasthan-647,rajasthan,2023,81,TODABHIM,GHANSHYAM,parties.IN.INC,INC,97389,54.4212,1,won,U,,,,challenger,src-b152d3829185,minor,
IN-AC-2008-rajasthan-647,rajasthan,2023,81,TODABHIM,RAMNIWAS MEENA,parties.IN.BJP,BJP,68528,38.2936,2,lost,U,,,,challenger,src-b152d3829185,minor,
IN-AC-2008-rajasthan-647,rajasthan,2023,81,TODABHIM,RAGHAV RAM MEENA,parties.IN.IND,IND,5311,2.9678,3,forfeit,U,,,,challenger,src-b152d3829185,minor,
IN-AC-2008-rajasthan-647,rajasthan,2023,81,TODABHIM,RAJNISH MEHAR,parties.IN.ASPKR,ASPKR,3436,1.92,4,forfeit,U,,,,challenger,src-b152d3829185,minor,
IN-AC-2008-rajasthan-647,rajasthan,2023,81,TODABHIM,KALPANA,parties.IN.BSP,BSP,2529,1.4132,5,forfeit,U,,,,challenger,src-b152d3829185,minor,
IN-AC-2008-rajasthan-647,rajasthan,2023,81,TODABHIM,ASHA RAM,parties.IN.AAP,AAP,1072,0.599,6,forfeit,U,,,,challenger,src-b152d3829185,minor,
IN-AC-2008-rajasthan-647,rajasthan,2023,81,TODABHIM,RAJARAM MEENA,parties.IN.IND,IND,689,0.385,7,forfeit,U,,,,challenger,src-b152d3829185,minor,
IN-AC-2008-rajasthan-643,rajasthan,2023,82,HINDAUN,ANITA JATAV,parties.IN.INC,INC,91627,49.3329,1,won,U,,,,challenger,src-b152d3829185,minor,
IN-AC-2008-rajasthan-643,rajasthan,2023,82,HINDAUN,RAJKUMARI JATAV,parties.IN.BJP,BJP,53351,28.7247,2,lost,U,,,,challenger,src-b152d3829185,minor,
IN-AC-2008-rajasthan-643,rajasthan,2023,82,HINDAUN,BRAJESH KUMAR JATAV,parties.IN.BSP,BSP,29777,16.0322,3,forfeit,U,,,,challenger,src-b152d3829185,minor,
IN-AC-2008-rajasthan-643,rajasthan,2023,82,HINDAUN,GAYATRI KOLI,parties.IN.JJP,JJP,6372,3.4307,4,forfeit,U,,,,challenger,src-b152d3829185,minor,
IN-AC-2008-rajasthan-643,rajasthan,2023,82,HINDAUN,KUSUM LATA,parties.IN.BSSSSP,BSSSSP,1782,0.9594,5,forfeit,U,,,,challenger,src-b152d3829185,minor,
IN-AC-2008-rajasthan-643,rajasthan,2023,82,HINDAUN,DHARMENDRA KUMAR JATAV,parties.IN.RLP,RLP,1138,0.6127,6,forfeit,U,,,,challenger,src-b152d3829185,minor,
IN-AC-2008-rajasthan-643,rajasthan,2023,82,HINDAUN,RAJEEV KALSADIYA,parties.IN.PRVPOI,PRVPOI,719,0.3871,7,forfeit,U,,,,challenger,src-b152d3829185,minor,
IN-AC-2008-rajasthan-643,rajasthan,2023,82,HINDAUN,MAHESH CHAND JOSHI,parties.IN.HJP,HJP,494,0.266,8,forfeit,U,,,,challenger,src-b152d3829185,minor,
IN-AC-2008-rajasthan-643,rajasthan,2023,82,HINDAUN,ROOP SINGH JATAV,parties.IN.IND,IND,472,0.2541,9,forfeit,U,,,,challenger,src-b152d3829185,minor,
IN-AC-2008-rajasthan-644,rajasthan,2023,83,KARAULI,DARSHAN SINGH,parties.IN.BJP,BJP,89666,46.2771,1,won,U,,,,challenger,src-b152d3829185,minor,
IN-AC-2008-rajasthan-644,rajasthan,2023,83,KARAULI,LAKHAN SINGH,parties.IN.INC,INC,87483,45.1504,2,lost,U,,,,challenger,src-b152d3829185,minor,
IN-AC-2008-rajasthan-644,rajasthan,2023,83,KARAULI,RAVINDRA,parties.IN.BSP,BSP,13182,6.8033,3,forfeit,U,,,,challenger,src-b152d3829185,minor,
IN-AC-2008-rajasthan-644,rajasthan,2023,83,KARAULI,MADANLAL,parties.IN.IND,IND,724,0.3737,4,forfeit,U,,,,challenger,src-b152d3829185,minor,
IN-AC-2008-rajasthan-644,rajasthan,2023,83,KARAULI,HEENA,parties.IN.AAP,AAP,691,0.3566,5,forfeit,U,,,,challenger,src-b152d3829185,minor,
IN-AC-2008-rajasthan-644,rajasthan,2023,83,KARAULI,PAPPU,parties.IN.ASPKR,ASPKR,595,0.3071,6,forfeit,U,,,,challenger,src-b152d3829185,minor,
IN-AC-2008-rajasthan-644,rajasthan,2023,83,KARAULI,MUKESH,parties.IN.IND,IND,391,0.2018,7,forfeit,U,,,,challenger,src-b152d3829185,minor,
IN-AC-2008-rajasthan-644,rajasthan,2023,83,KARAULI,BHOOPSINGH,parties.IN.IND,IND,377,0.1946,8,forfeit,U,,,,challenger,src-b152d3829185,minor,
IN-AC-2008-rajasthan-644,rajasthan,2023,83,KARAULI,NANDLAL MALI,parties.IN.IND,IND,315,0.1626,9,forfeit,U,,,,challenger,src-b152d3829185,minor,
IN-AC-2008-rajasthan-644,rajasthan,2023,83,KARAULI,DHAN SINGH,parties.IN.IND,IND,184,0.095,10,forfeit,U,,,,challenger,src-b152d3829185,minor,
IN-AC-2008-rajasthan-644,rajasthan,2023,83,KARAULI,RAMESH,parties.IN.BMUP,BMUP,151,0.0779,11,forfeit,U,,,,challenger,src-b152d3829185,minor,
IN-AC-2008-rajasthan-646,rajasthan,2023,84,SAPOTRA,HANSRAJ MEENA,parties.IN.BJP,BJP,111385,56.711,1,won,U,,,,challenger,src-b152d3829185,minor,
IN-AC-2008-rajasthan-646,rajasthan,2023,84,SAPOTRA,RAMESH CHAND MEENA,parties.IN.INC,INC,67551,34.3932,2,lost,U,,,,challenger,src-b152d3829185,minor,
IN-AC-2008-rajasthan-646,rajasthan,2023,84,SAPOTRA,VIJAY KUMAR URF KALLU,parties.IN.BSP,BSP,11304,5.7554,3,forfeit,U,,,,challenger,src-b152d3829185,minor,
IN-AC-2008-rajasthan-646,rajasthan,2023,84,SAPOTRA,PREM SINGH,parties.IN.AAP,AAP,1492,0.7596,4,forfeit,U,,,,challenger,src-b152d3829185,minor,
IN-AC-2008-rajasthan-646,rajasthan,2023,84,SAPOTRA,AMIT KUMAR,parties.IN.IND,IND,1232,0.6273,5,forfeit,U,,,,challenger,src-b152d3829185,minor,
IN-AC-2008-rajasthan-646,rajasthan,2023,84,SAPOTRA,KEDAR,parties.IN.IND,IND,1138,0.5794,6,forfeit,U,,,,challenger,src-b152d3829185,minor,
IN-AC-2008-rajasthan-646,rajasthan,2023,84,SAPOTRA,SEEMA MEENA,parties.IN.IND,IND,920,0.4684,7,forfeit,U,,,,challenger,src-b152d3829185,minor,
IN-AC-2008-rajasthan-646,rajasthan,2023,84,SAPOTRA,UDAY SINGH,parties.IN.IND,IND,802,0.4083,8,forfeit,U,,,,challenger,src-b152d3829185,minor,
IN-AC-2008-rajasthan-646,rajasthan,2023,84,SAPOTRA,IMRAT LAL,parties.IN.IND,IND,584,0.2973,9,forfeit,U,,,,challenger,src-b152d3829185,minor,
IN-AC-2008-rajasthan-576,rajasthan,2023,85,BANDIKUI,BHAGCHAND TANKDA,parties.IN.BJP,BJP,92067,51.5533,1,won,U,,,,challenger,src-b152d3829185,minor,
IN-AC-2008-rajasthan-576,rajasthan,2023,85,BANDIKUI,GAJRAJ KHATANA,parties.IN.INC,INC,79687,44.6211,2,lost,U,,,,challenger,src-b152d3829185,minor,
IN-AC-2008-rajasthan-576,rajasthan,2023,85,BANDIKUI,BHAWANI SINGH MALL,parties.IN.BSP,BSP,3308,1.8523,3,forfeit,U,,,,challenger,src-b152d3829185,minor,
IN-AC-2008-rajasthan-576,rajasthan,2023,85,BANDIKUI,PANKAJ MUHI,parties.IN.RLP,RLP,1547,0.8662,4,forfeit,U,,,,challenger,src-b152d3829185,minor,
IN-AC-2008-rajasthan-576,rajasthan,2023,85,BANDIKUI,AKASH GUPTA,parties.IN.IND,IND,620,0.3472,5,forfeit,U,,,,challenger,src-b152d3829185,minor,
IN-AC-2008-rajasthan-576,rajasthan,2023,85,BANDIKUI,BHORILAL,parties.IN.IND,IND,387,0.2167,6,forfeit,U,,,,challenger,src-b152d3829185,minor,
IN-AC-2008-rajasthan-576,rajasthan,2023,85,BANDIKUI,HAMIR SINGH ( GURUJI ),parties.IN.IND,IND,277,0.1551,7,forfeit,U,,,,challenger,src-b152d3829185,minor,
IN-AC-2008-rajasthan-576,rajasthan,2023,85,BANDIKUI,JAMALUDDIN,parties.IN.IND,IND,266,0.1489,8,forfeit,U,,,,challenger,src-b152d3829185,minor,
IN-AC-2008-rajasthan-576,rajasthan,2023,85,BANDIKUI,KAVITA SHARMA,parties.IN.IND,IND,235,0.1316,9,forfeit,U,,,,challenger,src-b152d3829185,minor,
IN-AC-2008-rajasthan-576,rajasthan,2023,85,BANDIKUI,RAJESH KUMAR MEENA,parties.IN.IND,IND,192,0.1075,10,forfeit,U,,,,challenger,src-b152d3829185,minor,
IN-AC-2008-rajasthan-581,rajasthan,2023,86,MAHUWA,RAJENDRA,parties.IN.BJP,BJP,66376,41.8341,1,won,U,,,,challenger,src-b152d3829185,minor,
IN-AC-2008-rajasthan-581,rajasthan,2023,86,MAHUWA,OMPRAKASH HUDLA,parties.IN.INC,INC,58459,36.8443,2,lost,U,,,,challenger,src-b152d3829185,minor,
IN-AC-2008-rajasthan-581,rajasthan,2023,86,MAHUWA,MUKUL BHADANA,parties.IN.ASPKR,ASPKR,14861,9.3663,3,forfeit,U,,,,challenger,src-b152d3829185,minor,
IN-AC-2008-rajasthan-581,rajasthan,2023,86,MAHUWA,RAMNIWAS GOYAL,parties.IN.IND,IND,11008,6.9379,4,forfeit,U,,,,challenger,src-b152d3829185,minor,
IN-AC-2008-rajasthan-581,rajasthan,2023,86,MAHUWA,KAMLA,parties.IN.IND,IND,3125,1.9696,5,forfeit,U,,,,challenger,src-b152d3829185,minor,
IN-AC-2008-rajasthan-581,rajasthan,2023,86,MAHUWA,BANWARI LAL SANTHA,parties.IN.BSP,BSP,2737,1.725,6,forfeit,U,,,,challenger,src-b152d3829185,minor,
IN-AC-2008-rajasthan-581,rajasthan,2023,86,MAHUWA,ASHUTOSH JHALANI,parties.IN.JJP,JJP,612,0.3857,7,forfeit,U,,,,challenger,src-b152d3829185,minor,
IN-AC-2008-rajasthan-581,rajasthan,2023,86,MAHUWA,SAVITA BAIRWA,parties.IN.JAC,JAC,353,0.2225,8,forfeit,U,,,,challenger,src-b152d3829185,minor,
IN-AC-2008-rajasthan-581,rajasthan,2023,86,MAHUWA,HARI SINGH,parties.IN.RJVP,RJVP,343,0.2162,9,forfeit,U,,,,challenger,src-b152d3829185,minor,
IN-AC-2008-rajasthan-581,rajasthan,2023,86,MAHUWA,GHANSHYAM SHARMA,parties.IN.LJPRV,LJP (RV),299,0.1884,10,forfeit,U,,,,challenger,src-b152d3829185,minor,
IN-AC-2008-rajasthan-581,rajasthan,2023,86,MAHUWA,VIMLA,parties.IN.BSSSSP,BSSSSP,282,0.1777,11,forfeit,U,,,,challenger,src-b152d3829185,minor,
IN-AC-2008-rajasthan-581,rajasthan,2023,86,MAHUWA,HAR SAHAI MEENA,parties.IN.PPID,PPID,210,0.1324,12,forfeit,U,,,,challenger,src-b152d3829185,minor,
IN-AC-2008-rajasthan-582,rajasthan,2023,87,SIKRAI,VIKRAM BANSIWAL,parties.IN.BJP,BJP,91996,50.4093,1,won,U,,,,challenger,src-b152d3829185,minor,
IN-AC-2008-rajasthan-582,rajasthan,2023,87,SIKRAI,MAMTA BHUPESH,parties.IN.INC,INC,82568,45.2432,2,lost,U,,,,challenger,src-b152d3829185,minor,
IN-AC-2008-rajasthan-582,rajasthan,2023,87,SIKRAI,MANISHA DEVI,parties.IN.ASPKR,ASPKR,2869,1.5721,3,forfeit,U,,,,challenger,src-b152d3829185,minor,
IN-AC-2008-rajasthan-582,rajasthan,2023,87,SIKRAI,LEELA RAM,parties.IN.IND,IND,1810,0.9918,4,forfeit,U,,,,challenger,src-b152d3829185,minor,
IN-AC-2008-rajasthan-582,rajasthan,2023,87,SIKRAI,ASHOK,parties.IN.BSP,BSP,1198,0.6564,5,forfeit,U,,,,challenger,src-b152d3829185,minor,
IN-AC-2008-rajasthan-582,rajasthan,2023,87,SIKRAI,VISHRAM BABU,parties.IN.IND,IND,753,0.4126,6,forfeit,U,,,,challenger,src-b152d3829185,minor,
IN-AC-2008-rajasthan-582,rajasthan,2023,87,SIKRAI,RENU KUMARI MAHAWAR,parties.IN.BSSSSP,BSSSSP,529,0.2899,7,forfeit,U,,,,challenger,src-b152d3829185,minor,
IN-AC-2008-rajasthan-582,rajasthan,2023,87,SIKRAI,RAMOTAR BAIRWA,parties.IN.IND,IND,506,0.2773,8,forfeit,U,,,,challenger,src-b152d3829185,minor,
IN-AC-2008-rajasthan-582,rajasthan,2023,87,SIKRAI,RADHESHYAM BAIRWA,parties.IN.IND,IND,269,0.1474,9,forfeit,U,,,,challenger,src-b152d3829185,minor,
IN-AC-2008-rajasthan-579,rajasthan,2023,88,DAUSA,MURARI LAL MEENA,parties.IN.INC,INC,98238,54.2152,1,won,U,,,,challenger,src-b152d3829185,minor,
IN-AC-2008-rajasthan-579,rajasthan,2023,88,DAUSA,SHANKAR LAL SHARMA,parties.IN.BJP,BJP,67034,36.9945,2,lost,U,,,,challenger,src-b152d3829185,minor,
IN-AC-2008-rajasthan-579,rajasthan,2023,88,DAUSA,RADHE SHYAM MEENA,parties.IN.ASPKR,ASPKR,11751,6.4851,3,forfeit,U,,,,challenger,src-b152d3829185,minor,
IN-AC-2008-rajasthan-579,rajasthan,2023,88,DAUSA,RAMESHWAR PRASAD GURJAR,parties.IN.BSP,BSP,1742,0.9614,4,forfeit,U,,,,challenger,src-b152d3829185,minor,
IN-AC-2008-rajasthan-579,rajasthan,2023,88,DAUSA,MOHAN LAL BHANKRI,parties.IN.IND,IND,656,0.362,5,forfeit,U,,,,challenger,src-b152d3829185,minor,
IN-AC-2008-rajasthan-579,rajasthan,2023,88,DAUSA,ASHOK KUMAR,parties.IN.RSHTRJNTS,RSHTRJNTS,609,0.3361,6,forfeit,U,,,,challenger,src-b152d3829185,minor,
IN-AC-2008-rajasthan-579,rajasthan,2023,88,DAUSA,RUKMANI,parties.IN.ALP,ALP,531,0.293,7,forfeit,U,,,,challenger,src-b152d3829185,minor,
IN-AC-2008-rajasthan-579,rajasthan,2023,88,DAUSA,BHARAT LAL MEENA,parties.IN.BHJD,party-unknown-1945,363,0.2003,8,forfeit,U,,,,challenger,src-b152d3829185,minor,
IN-AC-2008-rajasthan-579,rajasthan,2023,88,DAUSA,DESHRAJ BAIRWA,parties.IN.RDF,RDF,276,0.1523,9,forfeit,U,,,,challenger,src-b152d3829185,minor,
IN-AC-2008-rajasthan-580,rajasthan,2023,89,LALSOT,RAMBILAS,parties.IN.BJP,BJP,120962,61.5135,1,won,U,,,,challenger,src-b152d3829185,minor,
IN-AC-2008-rajasthan-580,rajasthan,2023,89,LALSOT,PARSADILAL,parties.IN.INC,INC,73894,37.5777,2,lost,U,,,,challenger,src-b152d3829185,minor,
IN-AC-2008-rajasthan-580,rajasthan,2023,89,LALSOT,DWARKA PRASAD MEENA,parties.IN.BSP,BSP,1787,0.9088,3,forfeit,U,,,,challenger,src-b152d3829185,minor,
IN-AC-2008-rajasthan-690,rajasthan,2023,90,GANGAPUR,RAMKESH,parties.IN.INC,INC,83457,41.9702,1,won,U,,,,challenger,src-b152d3829185,minor,
IN-AC-2008-rajasthan-690,rajasthan,2023,90,GANGAPUR,MANSINGH GURJAR,parties.IN.BJP,BJP,64189,32.2804,2,lost,U,,,,challenger,src-b152d3829185,minor,
IN-AC-2008-rajasthan-690,rajasthan,2023,90,GANGAPUR,CHHOTE LAL SAINI,parties.IN.IND,IND,29679,14.9255,3,forfeit,U,,,,challenger,src-b152d3829185,minor,
IN-AC-2008-rajasthan-690,rajasthan,2023,90,GANGAPUR,MUKESH KUMAR BAIRWA,parties.IN.ASPKR,ASPKR,13467,6.7725,4,forfeit,U,,,,challenger,src-b152d3829185,minor,
IN-AC-2008-rajasthan-690,rajasthan,2023,90,GANGAPUR,RAGHUVEER PRASAD MEENA,parties.IN.IND,IND,1675,0.8424,5,forfeit,U,,,,challenger,src-b152d3829185,minor,
IN-AC-2008-rajasthan-690,rajasthan,2023,90,GANGAPUR,RANGLAL MEENA,parties.IN.BSP,BSP,1648,0.8288,6,forfeit,U,,,,challenger,src-b152d3829185,minor,
IN-AC-2008-rajasthan-690,rajasthan,2023,90,GANGAPUR,HARI MOHAN,parties.IN.IND,IND,940,0.4727,7,forfeit,U,,,,challenger,src-b152d3829185,minor,
IN-AC-2008-rajasthan-690,rajasthan,2023,90,GANGAPUR,GHANSHYAM,parties.IN.AAP,AAP,862,0.4335,8,forfeit,U,,,,challenger,src-b152d3829185,minor,
IN-AC-2008-rajasthan-690,rajasthan,2023,90,GANGAPUR,OM PRAKASH,parties.IN.JJP,JJP,600,0.3017,9,forfeit,U,,,,challenger,src-b152d3829185,minor,
IN-AC-2008-rajasthan-690,rajasthan,2023,90,GANGAPUR,CHHOTE LAL MEENA,parties.IN.IND,IND,595,0.2992,10,forfeit,U,,,,challenger,src-b152d3829185,minor,
IN-AC-2008-rajasthan-690,rajasthan,2023,90,GANGAPUR,DHRAMRAJ BAIRWA,parties.IN.IND,IND,380,0.1911,11,forfeit,U,,,,challenger,src-b152d3829185,minor,
IN-AC-2008-rajasthan-690,rajasthan,2023,90,GANGAPUR,VIJENDRA,parties.IN.BHARAT_ADIVASI_PARTY,BHRTADVSIP,374,0.1881,12,forfeit,U,,,,challenger,src-b152d3829185,minor,
IN-AC-2008-rajasthan-690,rajasthan,2023,90,GANGAPUR,GOPAL BHAI GUPTA,parties.IN.IND,IND,363,0.1826,13,forfeit,U,,,,challenger,src-b152d3829185,minor,
IN-AC-2008-rajasthan-690,rajasthan,2023,90,GANGAPUR,PANKHILAL,parties.IN.AIMIM,party-unknown-1920,254,0.1277,14,forfeit,U,,,,challenger,src-b152d3829185,minor,
IN-AC-2008-rajasthan-690,rajasthan,2023,90,GANGAPUR,PRAKASH,parties.IN.IND,IND,230,0.1157,15,forfeit,U,,,,challenger,src-b152d3829185,minor,
IN-AC-2008-rajasthan-690,rajasthan,2023,90,GANGAPUR,KRISHNAKANT,parties.IN.IND,IND,135,0.0679,16,forfeit,U,,,,challenger,src-b152d3829185,minor,
IN-AC-2008-rajasthan-688,rajasthan,2023,91,BAMANWAS,INDRA,parties.IN.INC,INC,80378,51.146,1,won,U,,,,challenger,src-b152d3829185,minor,
IN-AC-2008-rajasthan-688,rajasthan,2023,91,BAMANWAS,RAJENDRA,parties.IN.BJP,BJP,72513,46.1414,2,lost,U,,,,challenger,src-b152d3829185,minor,
IN-AC-2008-rajasthan-688,rajasthan,2023,91,BAMANWAS,MANOJ KUMAR,parties.IN.BSP,BSP,1881,1.1969,3,forfeit,U,,,,challenger,src-b152d3829185,minor,
IN-AC-2008-rajasthan-688,rajasthan,2023,91,BAMANWAS,VIKAS,parties.IN.IND,IND,1750,1.1136,4,forfeit,U,,,,challenger,src-b152d3829185,minor,
IN-AC-2008-rajasthan-688,rajasthan,2023,91,BAMANWAS,SHYAM LAL MEENA,parties.IN.IND,IND,632,0.4022,5,forfeit,U,,,,challenger,src-b152d3829185,minor,
IN-AC-2008-rajasthan-694,rajasthan,2023,92,SAWAI MADHOPUR,KIRODI LAL,parties.IN.BJP,BJP,81087,44.3928,1,won,U,,,,challenger,src-b152d3829185,minor,
IN-AC-2008-rajasthan-694,rajasthan,2023,92,SAWAI MADHOPUR,DANISH ABRAR,parties.IN.INC,INC,58577,32.0692,2,lost,U,,,,challenger,src-b152d3829185,minor,
IN-AC-2008-rajasthan-694,rajasthan,2023,92,SAWAI MADHOPUR,ASHA MEENA BADOLAS,parties.IN.IND,IND,36251,19.8464,3,lost,U,,,,challenger,src-b152d3829185,minor,
IN-AC-2008-rajasthan-694,rajasthan,2023,92,SAWAI MADHOPUR,MUKESH BHUPREMI,parties.IN.AAP,AAP,1169,0.64,4,forfeit,U,,,,challenger,src-b152d3829185,minor,
IN-AC-2008-rajasthan-694,rajasthan,2023,92,SAWAI MADHOPUR,Dr. AZIZUDDIN AZAD,parties.IN.IND,IND,1072,0.5869,5,forfeit,U,,,,challenger,src-b152d3829185,minor,
IN-AC-2008-rajasthan-694,rajasthan,2023,92,SAWAI MADHOPUR,SHAJADEE BANO,parties.IN.IND,IND,915,0.5009,6,forfeit,U,,,,challenger,src-b152d3829185,minor,
IN-AC-2008-rajasthan-694,rajasthan,2023,92,SAWAI MADHOPUR,ASHA,parties.IN.IND,IND,906,0.496,7,forfeit,U,,,,challenger,src-b152d3829185,minor,
IN-AC-2008-rajasthan-694,rajasthan,2023,92,SAWAI MADHOPUR,BHRAT LAL,parties.IN.CPI,CPI,761,0.4166,8,forfeit,U,,,,challenger,src-b152d3829185,minor,
IN-AC-2008-rajasthan-694,rajasthan,2023,92,SAWAI MADHOPUR,BANAI SINGH VIJORIYA,parties.IN.BSP,BSP,698,0.3821,9,forfeit,U,,,,challenger,src-b152d3829185,minor,
IN-AC-2008-rajasthan-694,rajasthan,2023,92,SAWAI MADHOPUR,ZAFAR AHAMED,parties.IN.AIMIM,party-unknown-1920,465,0.2546,10,forfeit,U,,,,challenger,src-b152d3829185,minor,
IN-AC-2008-rajasthan-694,rajasthan,2023,92,SAWAI MADHOPUR,MANOJ KUMAR RAIGAR,parties.IN.IND,IND,447,0.2447,11,forfeit,U,,,,challenger,src-b152d3829185,minor,
IN-AC-2008-rajasthan-694,rajasthan,2023,92,SAWAI MADHOPUR,UTTAM KRISHAN,parties.IN.IPGP,IPGP,195,0.1068,12,forfeit,U,,,,challenger,src-b152d3829185,minor,
IN-AC-2008-rajasthan-694,rajasthan,2023,92,SAWAI MADHOPUR,DEEPAK KUMAR MEENA,parties.IN.SMBSP,SMBSP,115,0.063,13,forfeit,U,,,,challenger,src-b152d3829185,minor,
IN-AC-2008-rajasthan-691,rajasthan,2023,93,KHANDAR,JITENDRA KUMAR GOTHWAL,parties.IN.BJP,BJP,92059,51.6614,1,won,U,,,,challenger,src-b152d3829185,minor,
IN-AC-2008-rajasthan-691,rajasthan,2023,93,KHANDAR,ASHOK,parties.IN.INC,INC,78044,43.7965,2,lost,U,,,,challenger,src-b152d3829185,minor,
IN-AC-2008-rajasthan-691,rajasthan,2023,93,KHANDAR,ANKITA VERMA,parties.IN.RLP,RLP,2394,1.3435,3,forfeit,U,,,,challenger,src-b152d3829185,minor,
IN-AC-2008-rajasthan-691,rajasthan,2023,93,KHANDAR,MANPHOOL BAIRWA,parties.IN.AAP,AAP,1992,1.1179,4,forfeit,U,,,,challenger,src-b152d3829185,minor,
IN-AC-2008-rajasthan-691,rajasthan,2023,93,KHANDAR,MOHAN,parties.IN.BSP,BSP,1165,0.6538,5,forfeit,U,,,,challenger,src-b152d3829185,minor,
IN-AC-2008-rajasthan-691,rajasthan,2023,93,KHANDAR,MOLARAM BAIRWA,parties.IN.IND,IND,1003,0.5629,6,forfeit,U,,,,challenger,src-b152d3829185,minor,
IN-AC-2008-rajasthan-691,rajasthan,2023,93,KHANDAR,VIRENDRA SINGH,parties.IN.IND,IND,945,0.5303,7,forfeit,U,,,,challenger,src-b152d3829185,minor,
IN-AC-2008-rajasthan-691,rajasthan,2023,93,KHANDAR,ASHOK KUMAR BAIRWA,parties.IN.IND,IND,595,0.3339,8,forfeit,U,,,,challenger,src-b152d3829185,minor,
IN-AC-2008-rajasthan-692,rajasthan,2023,94,MALPURA,KANHAIYALAL,parties.IN.BJP,BJP,85915,41.5822,1,won,U,,,,challenger,src-b152d3829185,minor,
IN-AC-2008-rajasthan-692,rajasthan,2023,94,MALPURA,GHASI LAL CHOUDHARY,parties.IN.INC,INC,69726,33.7468,2,lost,U,,,,challenger,src-b152d3829185,minor,
IN-AC-2008-rajasthan-692,rajasthan,2023,94,MALPURA,GOPAL GURJAR,parties.IN.IND,IND,48184,23.3207,3,lost,U,,,,challenger,src-b152d3829185,minor,
IN-AC-2008-rajasthan-692,rajasthan,2023,94,MALPURA,JITENDRA KUMAR,parties.IN.BSP,BSP,1927,0.9327,4,forfeit,U,,,,challenger,src-b152d3829185,minor,
IN-AC-2008-rajasthan-692,rajasthan,2023,94,MALPURA,NAVEEN KUMAR JAIN,parties.IN.RTORP,RTORP,863,0.4177,5,forfeit,U,,,,challenger,src-b152d3829185,minor,
IN-AC-2008-rajasthan-693,rajasthan,2023,95,NIWAI,RAM SAHAY VARMA (REGAR),parties.IN.BJP,BJP,92775,46.9954,1,won,U,,,,challenger,src-b152d3829185,minor,
IN-AC-2008-rajasthan-693,rajasthan,2023,95,NIWAI,PRASHANT BAIRWA,parties.IN.INC,INC,79834,40.4401,2,lost,U,,,,challenger,src-b152d3829185,minor,
IN-AC-2008-rajasthan-693,rajasthan,2023,95,NIWAI,PRAHLAD NARAYAN BAIRWA,parties.IN.RLP,RLP,20362,10.3144,3,forfeit,U,,,,challenger,src-b152d3829185,minor,
IN-AC-2008-rajasthan-693,rajasthan,2023,95,NIWAI,KAJOD,parties.IN.AASP,AASP,996,0.5045,4,forfeit,U,,,,challenger,src-b152d3829185,minor,
IN-AC-2008-rajasthan-693,rajasthan,2023,95,NIWAI,MAHESH KUMAR BAIRWA (PARANA),parties.IN.AAP,AAP,872,0.4417,5,forfeit,U,,,,challenger,src-b152d3829185,minor,
IN-AC-2008-rajasthan-693,rajasthan,2023,95,NIWAI,LAL CHAND,parties.IN.IND,IND,798,0.4042,6,forfeit,U,,,,challenger,src-b152d3829185,minor,
IN-AC-2008-rajasthan-693,rajasthan,2023,95,NIWAI,BABULAL,parties.IN.BSP,BSP,666,0.3374,7,forfeit,U,,,,challenger,src-b152d3829185,minor,
IN-AC-2008-rajasthan-693,rajasthan,2023,95,NIWAI,UMA BHARTI BAIRWA,parties.IN.IND,IND,394,0.1996,8,forfeit,U,,,,challenger,src-b152d3829185,minor,
IN-AC-2008-rajasthan-693,rajasthan,2023,95,NIWAI,RAJESH PALIWAL,parties.IN.IND,IND,390,0.1976,9,forfeit,U,,,,challenger,src-b152d3829185,minor,
IN-AC-2008-rajasthan-693,rajasthan,2023,95,NIWAI,DURGA SHANKAR BARETH,parties.IN.IND,IND,326,0.1651,10,forfeit,U,,,,challenger,src-b152d3829185,minor,
IN-AC-2008-rajasthan-695,rajasthan,2023,96,TONK,Sachin Pilot,parties.IN.INC,INC,105812,56.5628,1,won,U,,,,challenger,src-b152d3829185,minor,
IN-AC-2008-rajasthan-695,rajasthan,2023,96,TONK,Ajit Singh Mehta,parties.IN.BJP,BJP,76337,40.8066,2,lost,U,,,,challenger,src-b152d3829185,minor,
IN-AC-2008-rajasthan-695,rajasthan,2023,96,TONK,Abdul Latif,parties.IN.SDPI,SDPI,1737,0.9285,3,forfeit,U,,,,challenger,src-b152d3829185,minor,
IN-AC-2008-rajasthan-695,rajasthan,2023,96,TONK,Mohammad Shoeb Khan,parties.IN.ASPKR,ASPKR,1050,0.5613,4,forfeit,U,,,,challenger,src-b152d3829185,minor,
IN-AC-2008-rajasthan-695,rajasthan,2023,96,TONK,Ashok Bairwa,parties.IN.BSP,BSP,927,0.4955,5,forfeit,U,,,,challenger,src-b152d3829185,minor,
IN-AC-2008-rajasthan-695,rajasthan,2023,96,TONK,Jagdish Prasad Sharma,parties.IN.IND,IND,645,0.3448,6,forfeit,U,,,,challenger,src-b152d3829185,minor,
IN-AC-2008-rajasthan-695,rajasthan,2023,96,TONK,Sitaram,parties.IN.IND,IND,307,0.1641,7,forfeit,U,,,,challenger,src-b152d3829185,minor,
IN-AC-2008-rajasthan-695,rajasthan,2023,96,TONK,Ganesh,parties.IN.IPGP,IPGP,255,0.1363,8,forfeit,U,,,,challenger,src-b152d3829185,minor,
IN-AC-2008-rajasthan-689,rajasthan,2023,97,DEOLI - UNIARA,Harish Chandra Meena,parties.IN.INC,INC,105001,47.8073,1,won,U,,,,challenger,src-b152d3829185,minor,
IN-AC-2008-rajasthan-689,rajasthan,2023,97,DEOLI - UNIARA,Vijay Singh Bainsla,parties.IN.BJP,BJP,85826,39.0768,2,lost,U,,,,challenger,src-b152d3829185,minor,
IN-AC-2008-rajasthan-689,rajasthan,2023,97,DEOLI - UNIARA,Vikram Singh,parties.IN.RLP,RLP,19773,9.0027,3,forfeit,U,,,,challenger,src-b152d3829185,minor,
IN-AC-2008-rajasthan-689,rajasthan,2023,97,DEOLI - UNIARA,Om Prakash Bairwa,parties.IN.BSP,BSP,1554,0.7075,4,forfeit,U,,,,challenger,src-b152d3829185,minor,
IN-AC-2008-rajasthan-689,rajasthan,2023,97,DEOLI - UNIARA,Dr. Rajendra Singh Meena,parties.IN.AAP,AAP,1495,0.6807,5,forfeit,U,,,,challenger,src-b152d3829185,minor,
IN-AC-2008-rajasthan-689,rajasthan,2023,97,DEOLI - UNIARA,Ram Singh Meena,parties.IN.IND,IND,1058,0.4817,6,forfeit,U,,,,challenger,src-b152d3829185,minor,
IN-AC-2008-rajasthan-689,rajasthan,2023,97,DEOLI - UNIARA,Manoj Kumar Pareek,parties.IN.IND,IND,1049,0.4776,7,forfeit,U,,,,challenger,src-b152d3829185,minor,
IN-AC-2008-rajasthan-689,rajasthan,2023,97,DEOLI - UNIARA,Ashish Kumar Nagar,parties.IN.ALP,ALP,1007,0.4585,8,forfeit,U,,,,challenger,src-b152d3829185,minor,
IN-AC-2008-rajasthan-689,rajasthan,2023,97,DEOLI - UNIARA,Dev Karan,parties.IN.IND,IND,933,0.4248,9,forfeit,U,,,,challenger,src-b152d3829185,minor,
IN-AC-2008-rajasthan-689,rajasthan,2023,97,DEOLI - UNIARA,Jasram Meena,parties.IN.IND,IND,614,0.2796,10,forfeit,U,,,,challenger,src-b152d3829185,minor,
IN-AC-2008-rajasthan-689,rajasthan,2023,97,DEOLI - UNIARA,Raju Raigar,parties.IN.RTORP,RTORP,364,0.1657,11,forfeit,U,,,,challenger,src-b152d3829185,minor,
IN-AC-2008-rajasthan-689,rajasthan,2023,97,DEOLI - UNIARA,Kanhaiya Lal Laxkar,parties.IN.RSTWDIBHRT,RSTWDIBHRT,328,0.1493,12,forfeit,U,,,,challenger,src-b152d3829185,minor,
IN-AC-2008-rajasthan-689,rajasthan,2023,97,DEOLI - UNIARA,Govind Singh,parties.IN.IND,IND,328,0.1493,13,forfeit,U,,,,challenger,src-b152d3829185,minor,
IN-AC-2008-rajasthan-689,rajasthan,2023,97,DEOLI - UNIARA,Kamlesh Kumar Mali,parties.IN.ARP,ARP,304,0.1384,14,forfeit,U,,,,challenger,src-b152d3829185,minor,
IN-AC-2008-rajasthan-508,rajasthan,2023,98,KISHANGARH,VIKASH CHOUDHARY,parties.IN.INC,INC,83645,39.2197,1,won,U,,,,challenger,src-b152d3829185,minor,
IN-AC-2008-rajasthan-508,rajasthan,2023,98,KISHANGARH,SURESH TAK,parties.IN.IND,IND,80025,37.5223,2,lost,U,,,,challenger,src-b152d3829185,minor,
IN-AC-2008-rajasthan-508,rajasthan,2023,98,KISHANGARH,BHAGIRATH CHOUDHARY,parties.IN.BJP,BJP,37534,17.599,3,lost,U,,,,challenger,src-b152d3829185,minor,
IN-AC-2008-rajasthan-508,rajasthan,2023,98,KISHANGARH,SATYANARAYAN SEN,parties.IN.IND,IND,2737,1.2833,4,forfeit,U,,,,challenger,src-b152d3829185,minor,
IN-AC-2008-rajasthan-508,rajasthan,2023,98,KISHANGARH,BABU LAL BAGARIYA,parties.IN.IND,IND,2217,1.0395,5,forfeit,U,,,,challenger,src-b152d3829185,minor,
IN-AC-2008-rajasthan-508,rajasthan,2023,98,KISHANGARH,RAMNIWAS,parties.IN.BSP,BSP,1456,0.6827,6,forfeit,U,,,,challenger,src-b152d3829185,minor,
IN-AC-2008-rajasthan-508,rajasthan,2023,98,KISHANGARH,RAJKUMAR SHARMA,parties.IN.IND,IND,1413,0.6625,7,forfeit,U,,,,challenger,src-b152d3829185,minor,
IN-AC-2008-rajasthan-508,rajasthan,2023,98,KISHANGARH,PUKHRAJ PRAJAPATI,parties.IN.IND,IND,1081,0.5069,8,forfeit,U,,,,challenger,src-b152d3829185,minor,
IN-AC-2008-rajasthan-508,rajasthan,2023,98,KISHANGARH,DEEPAK TAK,parties.IN.RTORP,RTORP,889,0.4168,9,forfeit,U,,,,challenger,src-b152d3829185,minor,
IN-AC-2008-rajasthan-508,rajasthan,2023,98,KISHANGARH,MAHAVEER PRASAD JAIN,parties.IN.BPLP,BPLP,888,0.4164,10,forfeit,U,,,,challenger,src-b152d3829185,minor,
IN-AC-2008-rajasthan-508,rajasthan,2023,98,KISHANGARH,NANDKISHOR MEGHAVANSHI,parties.IN.ASPKR,ASPKR,871,0.4084,11,forfeit,U,,,,challenger,src-b152d3829185,minor,
IN-AC-2008-rajasthan-508,rajasthan,2023,98,KISHANGARH,NAFIS,parties.IN.AMJNMTP,AMJNMTP,517,0.2424,12,forfeit,U,,,,challenger,src-b152d3829185,minor,
IN-AC-2008-rajasthan-511,rajasthan,2023,99,PUSHKAR,Suresh Singh Rawat,parties.IN.BJP,BJP,84619,44.8336,1,won,U,,,,challenger,src-b152d3829185,minor,
IN-AC-2008-rajasthan-511,rajasthan,2023,99,PUSHKAR,Naseem Akhtar,parties.IN.INC,INC,70750,37.4854,2,lost,U,,,,challenger,src-b152d3829185,minor,
IN-AC-2008-rajasthan-511,rajasthan,2023,99,PUSHKAR,Ashok Singh Rawat,parties.IN.RLP,RLP,16052,8.5048,3,forfeit,U,,,,challenger,src-b152d3829185,minor,
IN-AC-2008-rajasthan-511,rajasthan,2023,99,PUSHKAR,Dr. Shrigopal Baheti,parties.IN.IND,IND,8457,4.4808,4,forfeit,U,,,,challenger,src-b152d3829185,minor,
IN-AC-2008-rajasthan-511,rajasthan,2023,99,PUSHKAR,Mahaveer Singh,parties.IN.IND,IND,1410,0.7471,5,forfeit,U,,,,challenger,src-b152d3829185,minor,
IN-AC-2008-rajasthan-511,rajasthan,2023,99,PUSHKAR,Akshay Raj Singh,parties.IN.AAP,AAP,1166,0.6178,6,forfeit,U,,,,challenger,src-b152d3829185,minor,
IN-AC-2008-rajasthan-511,rajasthan,2023,99,PUSHKAR,Lalchand Ubana,parties.IN.IND,IND,1140,0.604,7,forfeit,U,,,,challenger,src-b152d3829185,minor,
IN-AC-2008-rajasthan-511,rajasthan,2023,99,PUSHKAR,Sumer Singh Chandel,parties.IN.IND,IND,1088,0.5765,8,forfeit,U,,,,challenger,src-b152d3829185,minor,
IN-AC-2008-rajasthan-511,rajasthan,2023,99,PUSHKAR,Advocate Shahabuddhin,parties.IN.BSP,BSP,973,0.5155,9,forfeit,U,,,,challenger,src-b152d3829185,minor,
IN-AC-2008-rajasthan-511,rajasthan,2023,99,PUSHKAR,Sajjan Singh Rajpurohit Ujoli,parties.IN.IND,IND,941,0.4986,10,forfeit,U,,,,challenger,src-b152d3829185,minor,
IN-AC-2008-rajasthan-511,rajasthan,2023,99,PUSHKAR,Ankit Tak,parties.IN.RTORP,RTORP,604,0.32,11,forfeit,U,,,,challenger,src-b152d3829185,minor,
IN-AC-2008-rajasthan-511,rajasthan,2023,99,PUSHKAR,Rais Ahmad Chauhan,parties.IN.IND,IND,452,0.2395,12,forfeit,U,,,,challenger,src-b152d3829185,minor,
IN-AC-2008-rajasthan-511,rajasthan,2023,99,PUSHKAR,Ashok Singh Rawat,parties.IN.IND,IND,252,0.1335,13,forfeit,U,,,,challenger,src-b152d3829185,minor,
IN-AC-2008-rajasthan-511,rajasthan,2023,99,PUSHKAR,Prem Lal Bhil,parties.IN.BTC,BTC,250,0.1325,14,forfeit,U,,,,challenger,src-b152d3829185,minor,
IN-AC-2008-rajasthan-511,rajasthan,2023,99,PUSHKAR,Alauddeen Khan,parties.IN.IND,IND,244,0.1293,15,forfeit,U,,,,challenger,src-b152d3829185,minor,
IN-AC-2008-rajasthan-511,rajasthan,2023,99,PUSHKAR,Advocate Ranjeeta Rawat,parties.IN.ABAP,AKBAP,172,0.0911,16,forfeit,U,,,,challenger,src-b152d3829185,minor,
IN-AC-2008-rajasthan-511,rajasthan,2023,99,PUSHKAR,Ranjeet Singh,parties.IN.JASP,JASP,170,0.0901,17,forfeit,U,,,,challenger,src-b152d3829185,minor,
IN-AC-2008-rajasthan-504,rajasthan,2023,100,AJMER NORTH,VASUDEV DEVNANI,parties.IN.BJP,BJP,57895,40.7889,1,won,U,,,,challenger,src-b152d3829185,minor,
IN-AC-2008-rajasthan-504,rajasthan,2023,100,AJMER NORTH,MAHENDRA SINGH RALAWATA,parties.IN.INC,INC,53251,37.5171,2,lost,U,,,,challenger,src-b152d3829185,minor,
IN-AC-2008-rajasthan-504,rajasthan,2023,100,AJMER NORTH,GYANCHAND SARASWAT,parties.IN.IND,IND,26352,18.5659,3,lost,U,,,,challenger,src-b152d3829185,minor,
IN-AC-2008-rajasthan-504,rajasthan,2023,100,AJMER NORTH,KUNDAN VAISHNAV,parties.IN.IND,IND,1971,1.3886,4,forfeit,U,,,,challenger,src-b152d3829185,minor,
IN-AC-2008-rajasthan-504,rajasthan,2023,100,AJMER NORTH,RAMESH KUMAR TEHLANI,parties.IN.AAP,AAP,688,0.4847,5,forfeit,U,,,,challenger,src-b152d3829185,minor,
IN-AC-2008-rajasthan-504,rajasthan,2023,100,AJMER NORTH,DEVENDRA,parties.IN.RTORP,RTORP,417,0.2938,6,forfeit,U,,,,challenger,src-b152d3829185,minor,
IN-AC-2008-rajasthan-504,rajasthan,2023,100,AJMER NORTH,SUSHILA,parties.IN.BSP,BSP,301,0.2121,7,forfeit,U,,,,challenger,src-b152d3829185,minor,
IN-AC-2008-rajasthan-504,rajasthan,2023,100,AJMER NORTH,BALVEER SINGH SHEKHAWAT,parties.IN.IND,IND,282,0.1987,8,forfeit,U,,,,challenger,src-b152d3829185,minor,
IN-AC-2008-rajasthan-504,rajasthan,2023,100,AJMER NORTH,HARIRAM,parties.IN.RLP,RLP,216,0.1522,9,forfeit,U,,,,challenger,src-b152d3829185,minor,
IN-AC-2008-rajasthan-504,rajasthan,2023,100,AJMER NORTH,LAL SINGH,parties.IN.IND,IND,200,0.1409,10,forfeit,U,,,,challenger,src-b152d3829185,minor,
IN-AC-2008-rajasthan-504,rajasthan,2023,100,AJMER NORTH,MEWALAL,parties.IN.APOI,APOI,183,0.1289,11,forfeit,U,,,,challenger,src-b152d3829185,minor,
IN-AC-2008-rajasthan-504,rajasthan,2023,100,AJMER NORTH,DAYA MOHAN GARG,parties.IN.IND,IND,182,0.1282,12,forfeit,U,,,,challenger,src-b152d3829185,minor,
IN-AC-2008-rajasthan-eci101,rajasthan,2023,101,AJMER SOUTH,ANITA BHADEL,parties.IN.BJP,BJP,71319,50.8223,1,won,U,,,,challenger,src-b152d3829185,minor,
IN-AC-2008-rajasthan-eci101,rajasthan,2023,101,AJMER SOUTH,DR. DROPDI KOLI,parties.IN.INC,INC,66873,47.6541,2,lost,U,,,,challenger,src-b152d3829185,minor,
IN-AC-2008-rajasthan-eci101,rajasthan,2023,101,AJMER SOUTH,VINOD KUMAR,parties.IN.IND,IND,456,0.3249,3,forfeit,U,,,,challenger,src-b152d3829185,minor,
IN-AC-2008-rajasthan-eci101,rajasthan,2023,101,AJMER SOUTH,PARMESHWAR LAL KATARIYA,parties.IN.RLP,RLP,440,0.3135,4,forfeit,U,,,,challenger,src-b152d3829185,minor,
IN-AC-2008-rajasthan-eci101,rajasthan,2023,101,AJMER SOUTH,RAVINDRA (RAVI BALOTIYA),parties.IN.AAP,AAP,362,0.258,5,forfeit,U,,,,challenger,src-b152d3829185,minor,
IN-AC-2008-rajasthan-eci101,rajasthan,2023,101,AJMER SOUTH,HEMANT KUMAR SOLANKI,parties.IN.BSP,BSP,297,0.2116,6,forfeit,U,,,,challenger,src-b152d3829185,minor,
IN-AC-2008-rajasthan-eci101,rajasthan,2023,101,AJMER SOUTH,HITESH SHAKYA,parties.IN.RTORP,RTORP,220,0.1568,7,forfeit,U,,,,challenger,src-b152d3829185,minor,
IN-AC-2008-rajasthan-eci101,rajasthan,2023,101,AJMER SOUTH,VIJAY  KHERALIYA,parties.IN.NAFP,NFP,208,0.1482,8,forfeit,U,,,,challenger,src-b152d3829185,minor,
IN-AC-2008-rajasthan-eci101,rajasthan,2023,101,AJMER SOUTH,PINKY KHORWAL,parties.IN.RPI,RPG,155,0.1105,9,forfeit,U,,,,challenger,src-b152d3829185,minor,
IN-AC-2008-rajasthan-510,rajasthan,2023,102,NASIRABAD,RAMSWAROOP LAMBA,parties.IN.BJP,BJP,79364,44.1063,1,won,U,,,,challenger,src-b152d3829185,minor,
IN-AC-2008-rajasthan-510,rajasthan,2023,102,NASIRABAD,SHIVPRAKASH GURJAR,parties.IN.INC,INC,78229,43.4755,2,lost,U,,,,challenger,src-b152d3829185,minor,
IN-AC-2008-rajasthan-510,rajasthan,2023,102,NASIRABAD,SHIVRAJ SINGH,parties.IN.RSTJNSRYP,RSTJNSRYP,15975,8.8781,3,forfeit,U,,,,challenger,src-b152d3829185,minor,
IN-AC-2008-rajasthan-510,rajasthan,2023,102,NASIRABAD,RAJUDDIN,parties.IN.IND,IND,1602,0.8903,4,forfeit,U,,,,challenger,src-b152d3829185,minor,
IN-AC-2008-rajasthan-510,rajasthan,2023,102,NASIRABAD,MUKESH KUMAR MEGHVANSHI,parties.IN.BSP,BSP,1263,0.7019,5,forfeit,U,,,,challenger,src-b152d3829185,minor,
IN-AC-2008-rajasthan-510,rajasthan,2023,102,NASIRABAD,JIVRAJ,parties.IN.JJP,JJP,1061,0.5896,6,forfeit,U,,,,challenger,src-b152d3829185,minor,
IN-AC-2008-rajasthan-510,rajasthan,2023,102,NASIRABAD,SHABUDIN,parties.IN.IND,IND,998,0.5546,7,forfeit,U,,,,challenger,src-b152d3829185,minor,
IN-AC-2008-rajasthan-510,rajasthan,2023,102,NASIRABAD,NOOR MOHAMMAD,parties.IN.IND,IND,574,0.319,8,forfeit,U,,,,challenger,src-b152d3829185,minor,
IN-AC-2008-rajasthan-510,rajasthan,2023,102,NASIRABAD,MEHENDRA,parties.IN.RPPRINAT,RPOIA,516,0.2868,9,forfeit,U,,,,challenger,src-b152d3829185,minor,
IN-AC-2008-rajasthan-510,rajasthan,2023,102,NASIRABAD,MONIKA TANK,parties.IN.RTORP,RTORP,356,0.1978,10,forfeit,U,,,,challenger,src-b152d3829185,minor,
IN-AC-2008-rajasthan-672,rajasthan,2023,103,BEAWAR,SHANKERSINGH RAWAT,parties.IN.BJP,BJP,67623,37.5769,1,won,U,,,,challenger,src-b152d3829185,minor,
IN-AC-2008-rajasthan-672,rajasthan,2023,103,BEAWAR,PARASMAL JAIN (PANCH),parties.IN.INC,INC,58745,32.6435,2,lost,U,,,,challenger,src-b152d3829185,minor,
IN-AC-2008-rajasthan-672,rajasthan,2023,103,BEAWAR,INDER SINGH BAGAWAS,parties.IN.IND,IND,28343,15.7497,3,forfeit,U,,,,challenger,src-b152d3829185,minor,
IN-AC-2008-rajasthan-672,rajasthan,2023,103,BEAWAR,MAHENDRA SINGH RAWAT,parties.IN.IND,IND,11599,6.4454,4,forfeit,U,,,,challenger,src-b152d3829185,minor,
IN-AC-2008-rajasthan-672,rajasthan,2023,103,BEAWAR,MANOJ CHOUHAN,parties.IN.IND,IND,7940,4.4121,5,forfeit,U,,,,challenger,src-b152d3829185,minor,
IN-AC-2008-rajasthan-672,rajasthan,2023,103,BEAWAR,SATYANARAYAN PALDIYA,parties.IN.RVYP,RASHTRIYAVYA,2708,1.5048,6,forfeit,U,,,,challenger,src-b152d3829185,minor,
IN-AC-2008-rajasthan-672,rajasthan,2023,103,BEAWAR,SHIVANI MEGHWAL,parties.IN.BSP,BSP,893,0.4962,7,forfeit,U,,,,challenger,src-b152d3829185,minor,
IN-AC-2008-rajasthan-672,rajasthan,2023,103,BEAWAR,PURUSHOTAM BHATI,parties.IN.IND,IND,648,0.3601,8,forfeit,U,,,,challenger,src-b152d3829185,minor,
IN-AC-2008-rajasthan-672,rajasthan,2023,103,BEAWAR,SURAJ KUMAR SUYAL,parties.IN.IND,IND,620,0.3445,9,forfeit,U,,,,challenger,src-b152d3829185,minor,
IN-AC-2008-rajasthan-672,rajasthan,2023,103,BEAWAR,RAJENDRA PRASAD,parties.IN.IND,IND,528,0.2934,10,forfeit,U,,,,challenger,src-b152d3829185,minor,
IN-AC-2008-rajasthan-672,rajasthan,2023,103,BEAWAR,RASUL KATHAT,parties.IN.IPGP,IPGP,312,0.1734,11,forfeit,U,,,,challenger,src-b152d3829185,minor,
IN-AC-2008-rajasthan-509,rajasthan,2023,104,MASUDA,VIRENDRA SINGH,parties.IN.BJP,BJP,74266,37.4332,1,won,U,,,,challenger,src-b152d3829185,minor,
IN-AC-2008-rajasthan-509,rajasthan,2023,104,MASUDA,RAKESH,parties.IN.INC,INC,47550,23.9672,2,lost,U,,,,challenger,src-b152d3829185,minor,
IN-AC-2008-rajasthan-509,rajasthan,2023,104,MASUDA,VAJID,parties.IN.BSP,BSP,29508,14.8733,3,forfeit,U,,,,challenger,src-b152d3829185,minor,
IN-AC-2008-rajasthan-509,rajasthan,2023,104,MASUDA,JASVEER SINGH,parties.IN.IND,IND,21375,10.7739,4,forfeit,U,,,,challenger,src-b152d3829185,minor,
IN-AC-2008-rajasthan-509,rajasthan,2023,104,MASUDA,SACHIN JAIN,parties.IN.RLP,RLP,18554,9.352,5,forfeit,U,,,,challenger,src-b152d3829185,minor,
IN-AC-2008-rajasthan-509,rajasthan,2023,104,MASUDA,SUNIL KUMAR JAIN,parties.IN.IND,IND,3679,1.8544,6,forfeit,U,,,,challenger,src-b152d3829185,minor,
IN-AC-2008-rajasthan-509,rajasthan,2023,104,MASUDA,RAMDEV,parties.IN.IND,IND,1406,0.7087,7,forfeit,U,,,,challenger,src-b152d3829185,minor,
IN-AC-2008-rajasthan-509,rajasthan,2023,104,MASUDA,NITIN,parties.IN.RTORP,RTORP,1255,0.6326,8,forfeit,U,,,,challenger,src-b152d3829185,minor,
IN-AC-2008-rajasthan-509,rajasthan,2023,104,MASUDA,TEJULAL,parties.IN.IND,IND,803,0.4047,9,forfeit,U,,,,challenger,src-b152d3829185,minor,
IN-AC-2008-rajasthan-507,rajasthan,2023,105,KEKRI,SHATRUGHAN GAUTAM,parties.IN.BJP,BJP,99671,50.1343,1,won,U,,,,challenger,src-b152d3829185,minor,
IN-AC-2008-rajasthan-507,rajasthan,2023,105,KEKRI,DR. RAGHU SHARMA,parties.IN.INC,INC,92129,46.3407,2,lost,U,,,,challenger,src-b152d3829185,minor,
IN-AC-2008-rajasthan-507,rajasthan,2023,105,KEKRI,JITENDRA BOYAT,parties.IN.ASPKR,ASPKR,2098,1.0553,3,forfeit,U,,,,challenger,src-b152d3829185,minor,
IN-AC-2008-rajasthan-507,rajasthan,2023,105,KEKRI,TULSI DEVI,parties.IN.BSP,BSP,1549,0.7791,4,forfeit,U,,,,challenger,src-b152d3829185,minor,
IN-AC-2008-rajasthan-507,rajasthan,2023,105,KEKRI,SURENDRA SINGH,parties.IN.IND,IND,1403,0.7057,5,forfeit,U,,,,challenger,src-b152d3829185,minor,
IN-AC-2008-rajasthan-507,rajasthan,2023,105,KEKRI,HEMRAJ GURJAR,parties.IN.IND,IND,1094,0.5503,6,forfeit,U,,,,challenger,src-b152d3829185,minor,
IN-AC-2008-rajasthan-507,rajasthan,2023,105,KEKRI,BADRILAL,parties.IN.IND,IND,539,0.2711,7,forfeit,U,,,,challenger,src-b152d3829185,minor,
IN-AC-2008-rajasthan-507,rajasthan,2023,105,KEKRI,JAGDISH JAT,parties.IN.IND,IND,325,0.1635,8,forfeit,U,,,,challenger,src-b152d3829185,minor,
IN-AC-2008-rajasthan-659,rajasthan,2023,106,LADNUN,MUKESH BHAKAR,parties.IN.INC,INC,97229,50.8411,1,won,U,,,,challenger,src-b152d3829185,minor,
IN-AC-2008-rajasthan-659,rajasthan,2023,106,LADNUN,KARNI SINGH,parties.IN.BJP,BJP,81275,42.4987,2,lost,U,,,,challenger,src-b152d3829185,minor,
IN-AC-2008-rajasthan-659,rajasthan,2023,106,LADNUN,NIYAJ MOHAMMAD KHAN,parties.IN.BSP,BSP,7225,3.778,3,forfeit,U,,,,challenger,src-b152d3829185,minor,
IN-AC-2008-rajasthan-659,rajasthan,2023,106,LADNUN,BHAGIRATH MAL,parties.IN.CPIM,CPI(M),5512,2.8822,4,forfeit,U,,,,challenger,src-b152d3829185,minor,
IN-AC-2008-rajasthan-656,rajasthan,2023,107,DEEDWANA,YOONUS KHAN,parties.IN.IND,IND,70952,36.544,1,won,U,,,,challenger,src-b152d3829185,minor,
IN-AC-2008-rajasthan-656,rajasthan,2023,107,DEEDWANA,CHETAN SINGH CHAUDHARY,parties.IN.INC,INC,68560,35.312,2,lost,U,,,,challenger,src-b152d3829185,minor,
IN-AC-2008-rajasthan-656,rajasthan,2023,107,DEEDWANA,JITENDRA SINGH,parties.IN.BJP,BJP,48814,25.1418,3,lost,U,,,,challenger,src-b152d3829185,minor,
IN-AC-2008-rajasthan-656,rajasthan,2023,107,DEEDWANA,RAMNIWAS ROYAL,parties.IN.AAP,AAP,2516,1.2959,4,forfeit,U,,,,challenger,src-b152d3829185,minor,
IN-AC-2008-rajasthan-656,rajasthan,2023,107,DEEDWANA,VIRENDAR JADAM,parties.IN.IND,IND,1087,0.5599,5,forfeit,U,,,,challenger,src-b152d3829185,minor,
IN-AC-2008-rajasthan-656,rajasthan,2023,107,DEEDWANA,RAMESHVAR,parties.IN.BSP,BSP,771,0.3971,6,forfeit,U,,,,challenger,src-b152d3829185,minor,
IN-AC-2008-rajasthan-656,rajasthan,2023,107,DEEDWANA,SAHDEW SIWAL,parties.IN.ARP,ARP,742,0.3822,7,forfeit,U,,,,challenger,src-b152d3829185,minor,
IN-AC-2008-rajasthan-656,rajasthan,2023,107,DEEDWANA,RAMDAYAL,parties.IN.IND,IND,713,0.3672,8,forfeit,U,,,,challenger,src-b152d3829185,minor,
IN-AC-2008-rajasthan-657,rajasthan,2023,108,JAYAL,Dr. Manju Baghmar,parties.IN.BJP,BJP,70468,39.6817,1,won,U,,,,challenger,src-b152d3829185,minor,
IN-AC-2008-rajasthan-657,rajasthan,2023,108,JAYAL,Dr. Manju Devi,parties.IN.INC,INC,68903,38.8004,2,lost,U,,,,challenger,src-b152d3829185,minor,
IN-AC-2008-rajasthan-657,rajasthan,2023,108,JAYAL,Bhanwarlal Bhati,parties.IN.RLP,RLP,32799,18.4697,3,lost,U,,,,challenger,src-b152d3829185,minor,
IN-AC-2008-rajasthan-657,rajasthan,2023,108,JAYAL,Ramudi Devi,parties.IN.BSP,BSP,1466,0.8255,4,forfeit,U,,,,challenger,src-b152d3829185,minor,
IN-AC-2008-rajasthan-657,rajasthan,2023,108,JAYAL,Sohan,parties.IN.IND,IND,1243,0.7,5,forfeit,U,,,,challenger,src-b152d3829185,minor,
IN-AC-2008-rajasthan-657,rajasthan,2023,108,JAYAL,Likhamaram Gunsaiwal,parties.IN.IND,IND,982,0.553,6,forfeit,U,,,,challenger,src-b152d3829185,minor,
IN-AC-2008-rajasthan-657,rajasthan,2023,108,JAYAL,Sanjay Nayak,parties.IN.ARP,ARP,887,0.4995,7,forfeit,U,,,,challenger,src-b152d3829185,minor,
IN-AC-2008-rajasthan-657,rajasthan,2023,108,JAYAL,Premraj,parties.IN.IND,IND,501,0.2821,8,forfeit,U,,,,challenger,src-b152d3829185,minor,
IN-AC-2008-rajasthan-657,rajasthan,2023,108,JAYAL,Jaikaran Meghwal,parties.IN.IND,IND,334,0.1881,9,forfeit,U,,,,challenger,src-b152d3829185,minor,
IN-AC-2008-rajasthan-661,rajasthan,2023,109,NAGAUR,HARENDRA MIRDHA,parties.IN.INC,INC,87110,46.8265,1,won,U,,,,challenger,src-b152d3829185,minor,
IN-AC-2008-rajasthan-661,rajasthan,2023,109,NAGAUR,JYOTI MIRDHA,parties.IN.BJP,BJP,72490,38.9675,2,lost,U,,,,challenger,src-b152d3829185,minor,
IN-AC-2008-rajasthan-661,rajasthan,2023,109,NAGAUR,HABIBURREHMAN ASHRAFI LAMBA,parties.IN.IND,IND,20578,11.0618,3,forfeit,U,,,,challenger,src-b152d3829185,minor,
IN-AC-2008-rajasthan-661,rajasthan,2023,109,NAGAUR,SURENDRA DOTAR,parties.IN.IND,IND,1801,0.9681,4,forfeit,U,,,,challenger,src-b152d3829185,minor,
IN-AC-2008-rajasthan-661,rajasthan,2023,109,NAGAUR,BHANWARAI,parties.IN.BSP,BSP,1502,0.8074,5,forfeit,U,,,,challenger,src-b152d3829185,minor,
IN-AC-2008-rajasthan-661,rajasthan,2023,109,NAGAUR,MEHARAM,parties.IN.ARP,ARP,915,0.4919,6,forfeit,U,,,,challenger,src-b152d3829185,minor,
IN-AC-2008-rajasthan-661,rajasthan,2023,109,NAGAUR,SURESH KUMAR,parties.IN.IND,IND,902,0.4849,7,forfeit,U,,,,challenger,src-b152d3829185,minor,
IN-AC-2008-rajasthan-661,rajasthan,2023,109,NAGAUR,ASHISH KUMAR,parties.IN.IND,IND,271,0.1457,8,forfeit,U,,,,challenger,src-b152d3829185,minor,
IN-AC-2008-rajasthan-661,rajasthan,2023,109,NAGAUR,RASHTRAPUTRA HINDU,parties.IN.IND,IND,248,0.1333,9,forfeit,U,,,,challenger,src-b152d3829185,minor,
IN-AC-2008-rajasthan-661,rajasthan,2023,109,NAGAUR,BAJARANG RAM,parties.IN.IND,IND,210,0.1129,10,forfeit,U,,,,challenger,src-b152d3829185,minor,
IN-AC-2008-rajasthan-658,rajasthan,2023,110,KHINWSAR,HANUMAN BENIWAL,parties.IN.RLP,RLP,79492,38.3591,1,won,U,,,,challenger,src-b152d3829185,minor,
IN-AC-2008-rajasthan-658,rajasthan,2023,110,KHINWSAR,REWANT RAM DANGA,parties.IN.BJP,BJP,77433,37.3655,2,lost,U,,,,challenger,src-b152d3829185,minor,
IN-AC-2008-rajasthan-658,rajasthan,2023,110,KHINWSAR,TEJPAL MIRDHA,parties.IN.INC,INC,27763,13.3971,3,forfeit,U,,,,challenger,src-b152d3829185,minor,
IN-AC-2008-rajasthan-658,rajasthan,2023,110,KHINWSAR,DURG SINGH,parties.IN.IND,IND,15872,7.6591,4,forfeit,U,,,,challenger,src-b152d3829185,minor,
IN-AC-2008-rajasthan-658,rajasthan,2023,110,KHINWSAR,DR. ASHOK CHOUDHARY,parties.IN.ARP,ARP,4357,2.1025,5,forfeit,U,,,,challenger,src-b152d3829185,minor,
IN-AC-2008-rajasthan-658,rajasthan,2023,110,KHINWSAR,NIMBA RAM,parties.IN.BMAP,BMAP,1159,0.5593,6,forfeit,U,,,,challenger,src-b152d3829185,minor,
IN-AC-2008-rajasthan-658,rajasthan,2023,110,KHINWSAR,NEMA RAM,parties.IN.BSP,BSP,1155,0.5573,7,forfeit,U,,,,challenger,src-b152d3829185,minor,
IN-AC-2008-rajasthan-677,rajasthan,2023,111,MERTA,LAXMAN RAM,parties.IN.BJP,BJP,77493,38.7289,1,won,U,,,,challenger,src-b152d3829185,minor,
IN-AC-2008-rajasthan-677,rajasthan,2023,111,MERTA,SHIVRATAN (CHIMAN VALMIKI),parties.IN.INC,INC,59978,29.9754,2,lost,U,,,,challenger,src-b152d3829185,minor,
IN-AC-2008-rajasthan-677,rajasthan,2023,111,MERTA,INDIRA DEVI,parties.IN.RLP,RLP,56761,28.3676,3,lost,U,,,,challenger,src-b152d3829185,minor,
IN-AC-2008-rajasthan-677,rajasthan,2023,111,MERTA,MADAN LAL BALOTIYA,parties.IN.ARP,ARP,3540,1.7692,4,forfeit,U,,,,challenger,src-b152d3829185,minor,
IN-AC-2008-rajasthan-677,rajasthan,2023,111,MERTA,CHANDANMAL,parties.IN.BSP,BSP,1454,0.7267,5,forfeit,U,,,,challenger,src-b152d3829185,minor,
IN-AC-2008-rajasthan-677,rajasthan,2023,111,MERTA,RAMAVTAR,parties.IN.AMJNMTP,AMJNMTP,865,0.4323,6,forfeit,U,,,,challenger,src-b152d3829185,minor,
IN-AC-2008-rajasthan-674,rajasthan,2023,112,DEGANA,AJAY SINGH,parties.IN.BJP,BJP,88752,46.8385,1,won,U,,,,challenger,src-b152d3829185,minor,
IN-AC-2008-rajasthan-674,rajasthan,2023,112,DEGANA,VIJAYPAL MIRDHA,parties.IN.INC,INC,80997,42.7459,2,lost,U,,,,challenger,src-b152d3829185,minor,
IN-AC-2008-rajasthan-674,rajasthan,2023,112,DEGANA,LAXMANSINGH MUWAL,parties.IN.RLP,RLP,12065,6.3673,3,forfeit,U,,,,challenger,src-b152d3829185,minor,
IN-AC-2008-rajasthan-674,rajasthan,2023,112,DEGANA,RAMESHWARLAL PRAJAPATI,parties.IN.IND,IND,1354,0.7146,4,forfeit,U,,,,challenger,src-b152d3829185,minor,
IN-AC-2008-rajasthan-674,rajasthan,2023,112,DEGANA,LUNARAM MEGHWAL (JARODA),parties.IN.IND,IND,1278,0.6745,5,forfeit,U,,,,challenger,src-b152d3829185,minor,
IN-AC-2008-rajasthan-674,rajasthan,2023,112,DEGANA,VAKIL GANESH RAM,parties.IN.AAP,AAP,1138,0.6006,6,forfeit,U,,,,challenger,src-b152d3829185,minor,
IN-AC-2008-rajasthan-674,rajasthan,2023,112,DEGANA,SONU,parties.IN.BSP,BSP,955,0.504,7,forfeit,U,,,,challenger,src-b152d3829185,minor,
IN-AC-2008-rajasthan-674,rajasthan,2023,112,DEGANA,SURENDRA MEGHWAL,parties.IN.IND,IND,862,0.4549,8,forfeit,U,,,,challenger,src-b152d3829185,minor,
IN-AC-2008-rajasthan-674,rajasthan,2023,112,DEGANA,GHANSHYAM SINGH (BANWADA),parties.IN.AMJNMTP,AMJNMTP,814,0.4296,9,forfeit,U,,,,challenger,src-b152d3829185,minor,
IN-AC-2008-rajasthan-674,rajasthan,2023,112,DEGANA,CHHOTURAM,parties.IN.IND,IND,541,0.2855,10,forfeit,U,,,,challenger,src-b152d3829185,minor,
IN-AC-2008-rajasthan-674,rajasthan,2023,112,DEGANA,RAMKARAN DEVASI,parties.IN.RSTWDIBHRT,RSTWDIBHRT,307,0.162,11,forfeit,U,,,,challenger,src-b152d3829185,minor,
IN-AC-2008-rajasthan-674,rajasthan,2023,112,DEGANA,GANGA RAM,parties.IN.IND,IND,227,0.1198,12,forfeit,U,,,,challenger,src-b152d3829185,minor,
IN-AC-2008-rajasthan-674,rajasthan,2023,112,DEGANA,OMPRAKASH DADHICH,parties.IN.IND,IND,195,0.1029,13,forfeit,U,,,,challenger,src-b152d3829185,minor,
IN-AC-2008-rajasthan-660,rajasthan,2023,113,MAKRANA,JAKIR HUSSAIN GESAWAT,parties.IN.INC,INC,96544,47.2919,1,won,U,,,,challenger,src-b152d3829185,minor,
IN-AC-2008-rajasthan-660,rajasthan,2023,113,MAKRANA,SUMITA BHINCHAR,parties.IN.BJP,BJP,67230,32.9325,2,lost,U,,,,challenger,src-b152d3829185,minor,
IN-AC-2008-rajasthan-660,rajasthan,2023,113,MAKRANA,AMAR SINGH,parties.IN.RLP,RLP,19932,9.7636,3,forfeit,U,,,,challenger,src-b152d3829185,minor,
IN-AC-2008-rajasthan-660,rajasthan,2023,113,MAKRANA,JAIPAL MEGHAWAL,parties.IN.IND,IND,8998,4.4077,4,forfeit,U,,,,challenger,src-b152d3829185,minor,
IN-AC-2008-rajasthan-660,rajasthan,2023,113,MAKRANA,HIMMATSINGH,parties.IN.IND,IND,7274,3.5632,5,forfeit,U,,,,challenger,src-b152d3829185,minor,
IN-AC-2008-rajasthan-660,rajasthan,2023,113,MAKRANA,SIRAJUDDIN,parties.IN.AIMIM,party-unknown-1920,1162,0.5692,6,forfeit,U,,,,challenger,src-b152d3829185,minor,
IN-AC-2008-rajasthan-660,rajasthan,2023,113,MAKRANA,MOHAMMD SADIQ,parties.IN.IND,IND,906,0.4438,7,forfeit,U,,,,challenger,src-b152d3829185,minor,
IN-AC-2008-rajasthan-660,rajasthan,2023,113,MAKRANA,SURESH CHOUDHARY,parties.IN.IND,IND,791,0.3875,8,forfeit,U,,,,challenger,src-b152d3829185,minor,
IN-AC-2008-rajasthan-660,rajasthan,2023,113,MAKRANA,KHEMARAM,parties.IN.BSP,BSP,674,0.3302,9,forfeit,U,,,,challenger,src-b152d3829185,minor,
IN-AC-2008-rajasthan-660,rajasthan,2023,113,MAKRANA,DIPARAM,parties.IN.IND,IND,634,0.3106,10,forfeit,U,,,,challenger,src-b152d3829185,minor,
IN-AC-2008-rajasthan-663,rajasthan,2023,114,PARBATSAR,RAMNIWAS GAWRIYA,parties.IN.INC,INC,91530,46.8354,1,won,U,,,,challenger,src-b152d3829185,minor,
IN-AC-2008-rajasthan-663,rajasthan,2023,114,PARBATSAR,MANSINGH KINSARIYA,parties.IN.BJP,BJP,81214,41.5568,2,lost,U,,,,challenger,src-b152d3829185,minor,
IN-AC-2008-rajasthan-663,rajasthan,2023,114,PARBATSAR,LACHCHHARAM BADARDA,parties.IN.RLP,RLP,20195,10.3337,3,forfeit,U,,,,challenger,src-b152d3829185,minor,
IN-AC-2008-rajasthan-663,rajasthan,2023,114,PARBATSAR,JITENDER SINGH DHUNDHIYA,parties.IN.BSP,BSP,1404,0.7184,4,forfeit,U,,,,challenger,src-b152d3829185,minor,
IN-AC-2008-rajasthan-663,rajasthan,2023,114,PARBATSAR,CHENARAM RANWA,parties.IN.IND,IND,1086,0.5557,5,forfeit,U,,,,challenger,src-b152d3829185,minor,
IN-AC-2008-rajasthan-662,rajasthan,2023,115,NAWAN,VIJAY SINGH,parties.IN.BJP,BJP,106159,52.8849,1,won,U,,,,challenger,src-b152d3829185,minor,
IN-AC-2008-rajasthan-662,rajasthan,2023,115,NAWAN,MAHENDRA CHOUDHARY,parties.IN.INC,INC,82211,40.9548,2,lost,U,,,,challenger,src-b152d3829185,minor,
IN-AC-2008-rajasthan-662,rajasthan,2023,115,NAWAN,RAVI MEGHWAL LUNWA,parties.IN.IND,IND,3737,1.8616,3,forfeit,U,,,,challenger,src-b152d3829185,minor,
IN-AC-2008-rajasthan-662,rajasthan,2023,115,NAWAN,GOVIND RAM,parties.IN.ASPKR,ASPKR,3041,1.5149,4,forfeit,U,,,,challenger,src-b152d3829185,minor,
IN-AC-2008-rajasthan-662,rajasthan,2023,115,NAWAN,GOVIND KUMAWAT,parties.IN.NJMP,NJMP,1607,0.8006,5,forfeit,U,,,,challenger,src-b152d3829185,minor,
IN-AC-2008-rajasthan-662,rajasthan,2023,115,NAWAN,NAVIN KUMAR JAIN,parties.IN.RLP,RLP,1504,0.7492,6,forfeit,U,,,,challenger,src-b152d3829185,minor,
IN-AC-2008-rajasthan-662,rajasthan,2023,115,NAWAN,KANARAM,parties.IN.CPIM,CPI(M),1095,0.5455,7,forfeit,U,,,,challenger,src-b152d3829185,minor,
IN-AC-2008-rajasthan-662,rajasthan,2023,115,NAWAN,GAJENDRA SINGH KUKANWALI,parties.IN.AAP,AAP,909,0.4528,8,forfeit,U,,,,challenger,src-b152d3829185,minor,
IN-AC-2008-rajasthan-662,rajasthan,2023,115,NAWAN,AMAR SINGH BHAGWANPURA,parties.IN.IND,IND,473,0.2356,9,forfeit,U,,,,challenger,src-b152d3829185,minor,
IN-AC-2008-rajasthan-675,rajasthan,2023,116,JAITARAN,AVINASH GEHLOT,parties.IN.BJP,BJP,66277,31.4994,1,won,U,,,,challenger,src-b152d3829185,minor,
IN-AC-2008-rajasthan-675,rajasthan,2023,116,JAITARAN,SURENDRA GOYAL,parties.IN.INC,INC,52751,25.0709,2,lost,U,,,,challenger,src-b152d3829185,minor,
IN-AC-2008-rajasthan-675,rajasthan,2023,116,JAITARAN,YOGI LAXMAN NATH,parties.IN.IND,IND,40539,19.2669,3,lost,U,,,,challenger,src-b152d3829185,minor,
IN-AC-2008-rajasthan-675,rajasthan,2023,116,JAITARAN,DILIP CHOUDHARY,parties.IN.ASPKR,ASPKR,28067,13.3394,4,forfeit,U,,,,challenger,src-b152d3829185,minor,
IN-AC-2008-rajasthan-675,rajasthan,2023,116,JAITARAN,MUKUT SINGH,parties.IN.IND,IND,19108,9.0814,5,forfeit,U,,,,challenger,src-b152d3829185,minor,
IN-AC-2008-rajasthan-675,rajasthan,2023,116,JAITARAN,SAROJ MEGHWAL,parties.IN.BSP,BSP,1357,0.6449,6,forfeit,U,,,,challenger,src-b152d3829185,minor,
IN-AC-2008-rajasthan-675,rajasthan,2023,116,JAITARAN,GOPALSINGH,parties.IN.ARP,ARP,998,0.4743,7,forfeit,U,,,,challenger,src-b152d3829185,minor,
IN-AC-2008-rajasthan-675,rajasthan,2023,116,JAITARAN,NATHUSINGH NARUKA,parties.IN.ALP,ALP,716,0.3403,8,forfeit,U,,,,challenger,src-b152d3829185,minor,
IN-AC-2008-rajasthan-675,rajasthan,2023,116,JAITARAN,BHAGWANSINGH,parties.IN.BLOKSP,party-unknown-1931,594,0.2823,9,forfeit,U,,,,challenger,src-b152d3829185,minor,
IN-AC-2008-rajasthan-670,rajasthan,2023,117,SOJAT,SHOBHA CHAUHAN,parties.IN.BJP,BJP,94852,56.4323,1,won,U,,,,challenger,src-b152d3829185,minor,
IN-AC-2008-rajasthan-670,rajasthan,2023,117,SOJAT,NIRANJAN ARYA,parties.IN.INC,INC,63080,37.5295,2,lost,U,,,,challenger,src-b152d3829185,minor,
IN-AC-2008-rajasthan-670,rajasthan,2023,117,SOJAT,RAMCHANDRE,parties.IN.ASPKR,ASPKR,2266,1.3482,3,forfeit,U,,,,challenger,src-b152d3829185,minor,
IN-AC-2008-rajasthan-670,rajasthan,2023,117,SOJAT,OM PRAKASH,parties.IN.AAP,AAP,1993,1.1857,4,forfeit,U,,,,challenger,src-b152d3829185,minor,
IN-AC-2008-rajasthan-670,rajasthan,2023,117,SOJAT,REKHA AVINASH PANWAR,parties.IN.IND,IND,1474,0.877,5,forfeit,U,,,,challenger,src-b152d3829185,minor,
IN-AC-2008-rajasthan-670,rajasthan,2023,117,SOJAT,MANJU JALWANIYA,parties.IN.IND,IND,1166,0.6937,6,forfeit,U,,,,challenger,src-b152d3829185,minor,
IN-AC-2008-rajasthan-670,rajasthan,2023,117,SOJAT,SURAJMAL,parties.IN.BSP,BSP,1067,0.6348,7,forfeit,U,,,,challenger,src-b152d3829185,minor,
IN-AC-2008-rajasthan-670,rajasthan,2023,117,SOJAT,PRADEEP MEGHWAL,parties.IN.IND,IND,860,0.5117,8,forfeit,U,,,,challenger,src-b152d3829185,minor,
IN-AC-2008-rajasthan-670,rajasthan,2023,117,SOJAT,GOVIND  RAM KHATAK,parties.IN.IND,IND,707,0.4206,9,forfeit,U,,,,challenger,src-b152d3829185,minor,
IN-AC-2008-rajasthan-670,rajasthan,2023,117,SOJAT,GUNESH RAWAL,parties.IN.IND,IND,333,0.1981,10,forfeit,U,,,,challenger,src-b152d3829185,minor,
IN-AC-2008-rajasthan-670,rajasthan,2023,117,SOJAT,ASHOK KUMAR KHANDPA,parties.IN.IND,IND,146,0.0869,11,forfeit,U,,,,challenger,src-b152d3829185,minor,
IN-AC-2008-rajasthan-670,rajasthan,2023,117,SOJAT,KAILASH CHAND,parties.IN.IND,IND,137,0.0815,12,forfeit,U,,,,challenger,src-b152d3829185,minor,
IN-AC-2008-rajasthan-669,rajasthan,2023,118,PALI,BHEEM RAJ BHATI,parties.IN.INC,INC,95092,50.7168,1,won,U,,,,challenger,src-b152d3829185,minor,
IN-AC-2008-rajasthan-669,rajasthan,2023,118,PALI,GYANCHAND PARAKH,parties.IN.BJP,BJP,87204,46.5098,2,lost,U,,,,challenger,src-b152d3829185,minor,
IN-AC-2008-rajasthan-669,rajasthan,2023,118,PALI,DUNGAR RAM,parties.IN.RLP,RLP,2738,1.4603,3,forfeit,U,,,,challenger,src-b152d3829185,minor,
IN-AC-2008-rajasthan-669,rajasthan,2023,118,PALI,SANDESH PANWAR,parties.IN.BSP,BSP,955,0.5093,4,forfeit,U,,,,challenger,src-b152d3829185,minor,
IN-AC-2008-rajasthan-669,rajasthan,2023,118,PALI,DR. RAMLAL MOHBARSHA,parties.IN.IIC_R,IIC(R),755,0.4027,5,forfeit,U,,,,challenger,src-b152d3829185,minor,
IN-AC-2008-rajasthan-669,rajasthan,2023,118,PALI,SHRAVAN RAM DEWASI,parties.IN.ARP,ARP,385,0.2053,6,forfeit,U,,,,challenger,src-b152d3829185,minor,
IN-AC-2008-rajasthan-669,rajasthan,2023,118,PALI,BASTI RAM,parties.IN.IPGP,IPGP,367,0.1957,7,forfeit,U,,,,challenger,src-b152d3829185,minor,
IN-AC-2008-rajasthan-667,rajasthan,2023,119,MARWAR JUNCTION,KESARAM CHOUDHARY,parties.IN.BJP,BJP,99604,55.4292,1,won,U,,,,challenger,src-b152d3829185,minor,
IN-AC-2008-rajasthan-667,rajasthan,2023,119,MARWAR JUNCTION,KHUSHVEER SINGH,parties.IN.INC,INC,66583,37.0531,2,lost,U,,,,challenger,src-b152d3829185,minor,
IN-AC-2008-rajasthan-667,rajasthan,2023,119,MARWAR JUNCTION,INDRA SINGH,parties.IN.IND,IND,7084,3.9422,3,forfeit,U,,,,challenger,src-b152d3829185,minor,
IN-AC-2008-rajasthan-667,rajasthan,2023,119,MARWAR JUNCTION,VAJARAM PARIHAR,parties.IN.ASPKR,ASPKR,2808,1.5626,4,forfeit,U,,,,challenger,src-b152d3829185,minor,
IN-AC-2008-rajasthan-667,rajasthan,2023,119,MARWAR JUNCTION,DHANNA RAM,parties.IN.IND,IND,1256,0.699,5,forfeit,U,,,,challenger,src-b152d3829185,minor,
IN-AC-2008-rajasthan-667,rajasthan,2023,119,MARWAR JUNCTION,GAJRAJ KANWAR,parties.IN.BSP,BSP,1126,0.6266,6,forfeit,U,,,,challenger,src-b152d3829185,minor,
IN-AC-2008-rajasthan-667,rajasthan,2023,119,MARWAR JUNCTION,KANARAM,parties.IN.IND,IND,551,0.3066,7,forfeit,U,,,,challenger,src-b152d3829185,minor,
IN-AC-2008-rajasthan-667,rajasthan,2023,119,MARWAR JUNCTION,NARPAT SINGH,parties.IN.AAP,AAP,447,0.2488,8,forfeit,U,,,,challenger,src-b152d3829185,minor,
IN-AC-2008-rajasthan-667,rajasthan,2023,119,MARWAR JUNCTION,MANOHAR DAS,parties.IN.JMBP,JMBP,237,0.1319,9,forfeit,U,,,,challenger,src-b152d3829185,minor,
IN-AC-2008-rajasthan-664,rajasthan,2023,120,BALI,PUSHPENDRA SINGH,parties.IN.BJP,BJP,107938,49.3147,1,won,U,,,,challenger,src-b152d3829185,minor,
IN-AC-2008-rajasthan-664,rajasthan,2023,120,BALI,BADRIRAM JAKHAR,parties.IN.INC,INC,97445,44.5206,2,lost,U,,,,challenger,src-b152d3829185,minor,
IN-AC-2008-rajasthan-664,rajasthan,2023,120,BALI,LAL SINGH DEWASI,parties.IN.AAP,AAP,5823,2.6604,3,forfeit,U,,,,challenger,src-b152d3829185,minor,
IN-AC-2008-rajasthan-664,rajasthan,2023,120,BALI,SHAILESH KUMAR MOUSALPURIYA,parties.IN.ASPKR,ASPKR,2735,1.2496,4,forfeit,U,,,,challenger,src-b152d3829185,minor,
IN-AC-2008-rajasthan-664,rajasthan,2023,120,BALI,MOHIT SUTHAR,parties.IN.IND,IND,1828,0.8352,5,forfeit,U,,,,challenger,src-b152d3829185,minor,
IN-AC-2008-rajasthan-664,rajasthan,2023,120,BALI,NENARAM,parties.IN.BHARAT_ADIVASI_PARTY,BHRTADVSIP,1259,0.5752,6,forfeit,U,,,,challenger,src-b152d3829185,minor,
IN-AC-2008-rajasthan-664,rajasthan,2023,120,BALI,MUNGLARAM,parties.IN.BTP,BTP,805,0.3678,7,forfeit,U,,,,challenger,src-b152d3829185,minor,
IN-AC-2008-rajasthan-664,rajasthan,2023,120,BALI,HEMANT KUMAR,parties.IN.BSP,BSP,589,0.2691,8,forfeit,U,,,,challenger,src-b152d3829185,minor,
IN-AC-2008-rajasthan-664,rajasthan,2023,120,BALI,BABULAL,parties.IN.BHNKP,BHNKP,454,0.2074,9,forfeit,U,,,,challenger,src-b152d3829185,minor,
IN-AC-2008-rajasthan-671,rajasthan,2023,121,SUMERPUR,JORARAM KUMAWAT,parties.IN.BJP,BJP,104044,54.7036,1,won,U,,,,challenger,src-b152d3829185,minor,
IN-AC-2008-rajasthan-671,rajasthan,2023,121,SUMERPUR,HARISHANKAR,parties.IN.INC,INC,76662,40.3068,2,lost,U,,,,challenger,src-b152d3829185,minor,
IN-AC-2008-rajasthan-671,rajasthan,2023,121,SUMERPUR,JEEVARAM RANA,parties.IN.BSP,BSP,3003,1.5789,3,forfeit,U,,,,challenger,src-b152d3829185,minor,
IN-AC-2008-rajasthan-671,rajasthan,2023,121,SUMERPUR,HARIRAM GHANCHI,parties.IN.RLP,RLP,1812,0.9527,4,forfeit,U,,,,challenger,src-b152d3829185,minor,
IN-AC-2008-rajasthan-671,rajasthan,2023,121,SUMERPUR,SHANKER LAL NARBAN,parties.IN.IND,IND,1696,0.8917,5,forfeit,U,,,,challenger,src-b152d3829185,minor,
IN-AC-2008-rajasthan-671,rajasthan,2023,121,SUMERPUR,JETARAM DEWASI,parties.IN.IND,IND,1628,0.856,6,forfeit,U,,,,challenger,src-b152d3829185,minor,
IN-AC-2008-rajasthan-671,rajasthan,2023,121,SUMERPUR,ARIF KHAN,parties.IN.IND,IND,1351,0.7103,7,forfeit,U,,,,challenger,src-b152d3829185,minor,
IN-AC-2008-rajasthan-635,rajasthan,2023,122,PHALODI,PABBA RAM BISHNOI,parties.IN.BJP,BJP,80243,45.4202,1,won,U,,,,challenger,src-b152d3829185,minor,
IN-AC-2008-rajasthan-635,rajasthan,2023,122,PHALODI,PRAKASH CHANDRA CHHANGANI,parties.IN.INC,INC,69459,39.3161,2,lost,U,,,,challenger,src-b152d3829185,minor,
IN-AC-2008-rajasthan-635,rajasthan,2023,122,PHALODI,DR. NIRNJAN MEHRA,parties.IN.IND,IND,12549,7.1032,3,forfeit,U,,,,challenger,src-b152d3829185,minor,
IN-AC-2008-rajasthan-635,rajasthan,2023,122,PHALODI,ABDUL MEHBOOB URF PAPPU KHILJEE,parties.IN.RLP,RLP,8666,4.9052,4,forfeit,U,,,,challenger,src-b152d3829185,minor,
IN-AC-2008-rajasthan-635,rajasthan,2023,122,PHALODI,SUBODH URF S.L. VYAS,parties.IN.IND,IND,1356,0.7675,5,forfeit,U,,,,challenger,src-b152d3829185,minor,
IN-AC-2008-rajasthan-635,rajasthan,2023,122,PHALODI,COLONEL R S RAJPUROHIT,parties.IN.IND,IND,1270,0.7189,6,forfeit,U,,,,challenger,src-b152d3829185,minor,
IN-AC-2008-rajasthan-635,rajasthan,2023,122,PHALODI,HARIRAM,parties.IN.BSP,BSP,1189,0.673,7,forfeit,U,,,,challenger,src-b152d3829185,minor,
IN-AC-2008-rajasthan-635,rajasthan,2023,122,PHALODI,TEEKU RAM BHEEL,parties.IN.BTC,BTC,967,0.5474,8,forfeit,U,,,,challenger,src-b152d3829185,minor,
IN-AC-2008-rajasthan-635,rajasthan,2023,122,PHALODI,BHUPAT SINGH,parties.IN.IND,IND,585,0.3311,9,forfeit,U,,,,challenger,src-b152d3829185,minor,
IN-AC-2008-rajasthan-635,rajasthan,2023,122,PHALODI,GOPALRAM MEGHWAL,parties.IN.IND,IND,384,0.2174,10,forfeit,U,,,,challenger,src-b152d3829185,minor,
IN-AC-2008-rajasthan-633,rajasthan,2023,123,LOHAWAT,GAJENDRA SINGH,parties.IN.BJP,BJP,81415,39.4118,1,won,U,,,,challenger,src-b152d3829185,minor,
IN-AC-2008-rajasthan-633,rajasthan,2023,123,LOHAWAT,KISHNA RAM VISHNOI,parties.IN.INC,INC,70866,34.3052,2,lost,U,,,,challenger,src-b152d3829185,minor,
IN-AC-2008-rajasthan-633,rajasthan,2023,123,LOHAWAT,SATYA NARAYAN BISHNOI,parties.IN.RLP,RLP,49859,24.136,3,lost,U,,,,challenger,src-b152d3829185,minor,
IN-AC-2008-rajasthan-633,rajasthan,2023,123,LOHAWAT,BHANWARLAL,parties.IN.BSP,BSP,1703,0.8244,4,forfeit,U,,,,challenger,src-b152d3829185,minor,
IN-AC-2008-rajasthan-633,rajasthan,2023,123,LOHAWAT,JAGDISH,parties.IN.BTC,BTC,1314,0.6361,5,forfeit,U,,,,challenger,src-b152d3829185,minor,
IN-AC-2008-rajasthan-633,rajasthan,2023,123,LOHAWAT,SHRAVAN KUMAR VISHNOI,parties.IN.IND,IND,986,0.4773,6,forfeit,U,,,,challenger,src-b152d3829185,minor,
IN-AC-2008-rajasthan-633,rajasthan,2023,123,LOHAWAT,VISHEK VISHNOI,parties.IN.IND,IND,432,0.2091,7,forfeit,U,,,,challenger,src-b152d3829185,minor,
IN-AC-2008-rajasthan-638,rajasthan,2023,124,SHERGARH,BABU SINGH RATHOR,parties.IN.BJP,BJP,102868,50.0394,1,won,U,,,,challenger,src-b152d3829185,minor,
IN-AC-2008-rajasthan-638,rajasthan,2023,124,SHERGARH,MEENA KANWAR,parties.IN.INC,INC,77824,37.8569,2,lost,U,,,,challenger,src-b152d3829185,minor,
IN-AC-2008-rajasthan-638,rajasthan,2023,124,SHERGARH,JORA RAM,parties.IN.RLP,RLP,16952,8.2462,3,forfeit,U,,,,challenger,src-b152d3829185,minor,
IN-AC-2008-rajasthan-638,rajasthan,2023,124,SHERGARH,JUNJARAM,parties.IN.BSP,BSP,2206,1.0731,4,forfeit,U,,,,challenger,src-b152d3829185,minor,
IN-AC-2008-rajasthan-638,rajasthan,2023,124,SHERGARH,KHEMAN SINGH,parties.IN.IPGP,IPGP,1762,0.8571,5,forfeit,U,,,,challenger,src-b152d3829185,minor,
IN-AC-2008-rajasthan-638,rajasthan,2023,124,SHERGARH,TAGARAM,parties.IN.BTP,BTP,1628,0.7919,6,forfeit,U,,,,challenger,src-b152d3829185,minor,
IN-AC-2008-rajasthan-638,rajasthan,2023,124,SHERGARH,JETHARAM BHEEL,parties.IN.BTC,BTC,1257,0.6115,7,forfeit,U,,,,challenger,src-b152d3829185,minor,
IN-AC-2008-rajasthan-638,rajasthan,2023,124,SHERGARH,BABU SINGH,parties.IN.IND,IND,1077,0.5239,8,forfeit,U,,,,challenger,src-b152d3829185,minor,
IN-AC-2008-rajasthan-668,rajasthan,2023,125,OSIAN,BHERA RAM CHOUDHARY (SIYOL),parties.IN.BJP,BJP,103746,49.9141,1,won,U,,,,challenger,src-b152d3829185,minor,
IN-AC-2008-rajasthan-668,rajasthan,2023,125,OSIAN,DIVYA MADERNA,parties.IN.INC,INC,100939,48.5636,2,lost,U,,,,challenger,src-b152d3829185,minor,
IN-AC-2008-rajasthan-668,rajasthan,2023,125,OSIAN,SOHAN RAM,parties.IN.IND,IND,1277,0.6144,3,forfeit,U,,,,challenger,src-b152d3829185,minor,
IN-AC-2008-rajasthan-668,rajasthan,2023,125,OSIAN,SHYAM NAVEEN,parties.IN.BSP,BSP,1259,0.6057,4,forfeit,U,,,,challenger,src-b152d3829185,minor,
IN-AC-2008-rajasthan-668,rajasthan,2023,125,OSIAN,VISHAL SINGH RATHORE,parties.IN.IND,IND,320,0.154,5,forfeit,U,,,,challenger,src-b152d3829185,minor,
IN-AC-2008-rajasthan-668,rajasthan,2023,125,OSIAN,BHOMARAM,parties.IN.ARP,ARP,308,0.1482,6,forfeit,U,,,,challenger,src-b152d3829185,minor,
IN-AC-2008-rajasthan-665,rajasthan,2023,126,BHOPALGARH,GEETA BARWAR,parties.IN.INC,INC,86224,42.9229,1,won,U,,,,challenger,src-b152d3829185,minor,
IN-AC-2008-rajasthan-665,rajasthan,2023,126,BHOPALGARH,PUKHRAJ GARG,parties.IN.RLP,RLP,61926,30.8272,2,lost,U,,,,challenger,src-b152d3829185,minor,
IN-AC-2008-rajasthan-665,rajasthan,2023,126,BHOPALGARH,KAMSA MEGHWAL,parties.IN.BJP,BJP,49540,24.6614,3,lost,U,,,,challenger,src-b152d3829185,minor,
IN-AC-2008-rajasthan-665,rajasthan,2023,126,BHOPALGARH,RAMPARSAD BAWARI RATKURIA,parties.IN.ARP,ARP,1211,0.6028,4,forfeit,U,,,,challenger,src-b152d3829185,minor,
IN-AC-2008-rajasthan-665,rajasthan,2023,126,BHOPALGARH,RANJEET CHOUHAN,parties.IN.BSP,BSP,1090,0.5426,5,forfeit,U,,,,challenger,src-b152d3829185,minor,
IN-AC-2008-rajasthan-665,rajasthan,2023,126,BHOPALGARH,SUBHASH,parties.IN.IPGP,IPGP,890,0.443,6,forfeit,U,,,,challenger,src-b152d3829185,minor,
IN-AC-2008-rajasthan-eci127,rajasthan,2023,127,SARDARPURA,ASHOK GEHLOT,parties.IN.INC,INC,96859,57.0806,1,won,U,,,,challenger,src-b152d3829185,minor,
IN-AC-2008-rajasthan-eci127,rajasthan,2023,127,SARDARPURA,PROFESSOR DR. MAHENDRA RATHORE,parties.IN.BJP,BJP,70463,41.525,2,lost,U,,,,challenger,src-b152d3829185,minor,
IN-AC-2008-rajasthan-eci127,rajasthan,2023,127,SARDARPURA,SHAITAN SINGH,parties.IN.ASPKR,ASPKR,813,0.4791,3,forfeit,U,,,,challenger,src-b152d3829185,minor,
IN-AC-2008-rajasthan-eci127,rajasthan,2023,127,SARDARPURA,DALPAT CHOUHAN,parties.IN.BSP,BSP,773,0.4555,4,forfeit,U,,,,challenger,src-b152d3829185,minor,
IN-AC-2008-rajasthan-eci127,rajasthan,2023,127,SARDARPURA,HARLAL SINGH RAJPUROHIT,parties.IN.IND,IND,185,0.109,5,forfeit,U,,,,challenger,src-b152d3829185,minor,
IN-AC-2008-rajasthan-eci127,rajasthan,2023,127,SARDARPURA,LABU RAM BISHNOI,parties.IN.IND,IND,179,0.1055,6,forfeit,U,,,,challenger,src-b152d3829185,minor,
IN-AC-2008-rajasthan-eci127,rajasthan,2023,127,SARDARPURA,AKASH,parties.IN.IND,IND,152,0.0896,7,forfeit,U,,,,challenger,src-b152d3829185,minor,
IN-AC-2008-rajasthan-eci127,rajasthan,2023,127,SARDARPURA,BALVEER SINGH GEHLOT,parties.IN.IND,IND,102,0.0601,8,forfeit,U,,,,challenger,src-b152d3829185,minor,
IN-AC-2008-rajasthan-eci127,rajasthan,2023,127,SARDARPURA,ASARAPH KHAN,parties.IN.IND,IND,83,0.0489,9,forfeit,U,,,,challenger,src-b152d3829185,minor,
IN-AC-2008-rajasthan-eci127,rajasthan,2023,127,SARDARPURA,SURAIYA BEGAM,parties.IN.IPGP,IPGP,79,0.0466,10,forfeit,U,,,,challenger,src-b152d3829185,minor,
IN-AC-2008-rajasthan-632,rajasthan,2023,128,JODHPUR,ATUL BHANSALI,parties.IN.BJP,BJP,71192,54.2763,1,won,U,,,,challenger,src-b152d3829185,minor,
IN-AC-2008-rajasthan-632,rajasthan,2023,128,JODHPUR,MANISHA PANWAR,parties.IN.INC,INC,57667,43.9649,2,lost,U,,,,challenger,src-b152d3829185,minor,
IN-AC-2008-rajasthan-632,rajasthan,2023,128,JODHPUR,DR. AJAY TRIVEDI,parties.IN.RLP,RLP,911,0.6945,3,forfeit,U,,,,challenger,src-b152d3829185,minor,
IN-AC-2008-rajasthan-632,rajasthan,2023,128,JODHPUR,ROHIT KUMAR JOSHI,parties.IN.AAP,AAP,490,0.3736,4,forfeit,U,,,,challenger,src-b152d3829185,minor,
IN-AC-2008-rajasthan-632,rajasthan,2023,128,JODHPUR,RITA PATWA,parties.IN.CPI,CPI,323,0.2463,5,forfeit,U,,,,challenger,src-b152d3829185,minor,
IN-AC-2008-rajasthan-632,rajasthan,2023,128,JODHPUR,ANIRUDDH SINGH,parties.IN.IND,IND,213,0.1624,6,forfeit,U,,,,challenger,src-b152d3829185,minor,
IN-AC-2008-rajasthan-632,rajasthan,2023,128,JODHPUR,MOHAMMAD ATEEK BELIM,parties.IN.WPOI,WPOI,140,0.1067,7,forfeit,U,,,,challenger,src-b152d3829185,minor,
IN-AC-2008-rajasthan-632,rajasthan,2023,128,JODHPUR,SUNITA CHOUDHARY,parties.IN.BSP,BSP,90,0.0686,8,forfeit,U,,,,challenger,src-b152d3829185,minor,
IN-AC-2008-rajasthan-632,rajasthan,2023,128,JODHPUR,MAHABUB,parties.IN.IND,IND,71,0.0541,9,forfeit,U,,,,challenger,src-b152d3829185,minor,
IN-AC-2008-rajasthan-632,rajasthan,2023,128,JODHPUR,VARSHA,parties.IN.PLBP,PLBP,69,0.0526,10,forfeit,U,,,,challenger,src-b152d3829185,minor,
IN-AC-2008-rajasthan-639,rajasthan,2023,129,SOORSAGAR,DEVENDRA  JOSHI,parties.IN.BJP,BJP,117065,58.7749,1,won,U,,,,challenger,src-b152d3829185,minor,
IN-AC-2008-rajasthan-639,rajasthan,2023,129,SOORSAGAR,ER. SHAHZAD AIYUB KHAN,parties.IN.INC,INC,78306,39.3152,2,lost,U,,,,challenger,src-b152d3829185,minor,
IN-AC-2008-rajasthan-639,rajasthan,2023,129,SOORSAGAR,RAJENDRA SINGH CHUNDAWAT,parties.IN.BSP,BSP,820,0.4117,3,forfeit,U,,,,challenger,src-b152d3829185,minor,
IN-AC-2008-rajasthan-639,rajasthan,2023,129,SOORSAGAR,SABIR BHAI SILAWAT,parties.IN.IND,IND,723,0.363,4,forfeit,U,,,,challenger,src-b152d3829185,minor,
IN-AC-2008-rajasthan-639,rajasthan,2023,129,SOORSAGAR,DWARKESH VYAS,parties.IN.CPI,CPI,632,0.3173,5,forfeit,U,,,,challenger,src-b152d3829185,minor,
IN-AC-2008-rajasthan-639,rajasthan,2023,129,SOORSAGAR,IMTIYAZ AHMMED,parties.IN.JJP,JJP,443,0.2224,6,forfeit,U,,,,challenger,src-b152d3829185,minor,
IN-AC-2008-rajasthan-639,rajasthan,2023,129,SOORSAGAR,SUNIL BHANDARI,parties.IN.IND,IND,343,0.1722,7,forfeit,U,,,,challenger,src-b152d3829185,minor,
IN-AC-2008-rajasthan-639,rajasthan,2023,129,SOORSAGAR,PRABHAKAR VYAS THELOJI,parties.IN.IND,IND,176,0.0884,8,forfeit,U,,,,challenger,src-b152d3829185,minor,
IN-AC-2008-rajasthan-639,rajasthan,2023,129,SOORSAGAR,SHYAMLAL DEORA,parties.IN.IND,IND,144,0.0723,9,forfeit,U,,,,challenger,src-b152d3829185,minor,
IN-AC-2008-rajasthan-639,rajasthan,2023,129,SOORSAGAR,GAJENDRA SINGH PANWAR,parties.IN.IND,IND,134,0.0673,10,forfeit,U,,,,challenger,src-b152d3829185,minor,
IN-AC-2008-rajasthan-639,rajasthan,2023,129,SOORSAGAR,KAMAL SHYAMWANI,parties.IN.IND,IND,125,0.0628,11,forfeit,U,,,,challenger,src-b152d3829185,minor,
IN-AC-2008-rajasthan-639,rajasthan,2023,129,SOORSAGAR,VIKAS,parties.IN.IND,IND,98,0.0492,12,forfeit,U,,,,challenger,src-b152d3829185,minor,
IN-AC-2008-rajasthan-639,rajasthan,2023,129,SOORSAGAR,SATYENDRA VYAS,parties.IN.AADMPRVTNP,AAMAADMIPARI,92,0.0462,13,forfeit,U,,,,challenger,src-b152d3829185,minor,
IN-AC-2008-rajasthan-639,rajasthan,2023,129,SOORSAGAR,VARSHA,parties.IN.PLBP,PLBP,74,0.0372,14,forfeit,U,,,,challenger,src-b152d3829185,minor,
IN-AC-2008-rajasthan-634,rajasthan,2023,130,LUNI,JOGARAM PATEL,parties.IN.BJP,BJP,123498,50.9821,1,won,U,,,,challenger,src-b152d3829185,minor,
IN-AC-2008-rajasthan-634,rajasthan,2023,130,LUNI,MAHENDRA BISHNOI,parties.IN.INC,INC,98820,40.7946,2,lost,U,,,,challenger,src-b152d3829185,minor,
IN-AC-2008-rajasthan-634,rajasthan,2023,130,LUNI,BADRILAL,parties.IN.RLP,RLP,16529,6.8235,3,forfeit,U,,,,challenger,src-b152d3829185,minor,
IN-AC-2008-rajasthan-634,rajasthan,2023,130,LUNI,RAJURAM,parties.IN.BSP,BSP,2079,0.8582,4,forfeit,U,,,,challenger,src-b152d3829185,minor,
IN-AC-2008-rajasthan-634,rajasthan,2023,130,LUNI,UGMARAM BHEEL,parties.IN.BTC,BTC,1312,0.5416,5,forfeit,U,,,,challenger,src-b152d3829185,minor,
IN-AC-2008-rajasthan-666,rajasthan,2023,131,BILARA,ARJUN LAL,parties.IN.BJP,BJP,90766,46.6894,1,won,U,,,,challenger,src-b152d3829185,minor,
IN-AC-2008-rajasthan-666,rajasthan,2023,131,BILARA,MOHANLAL KATARIYA,parties.IN.INC,INC,80342,41.3273,2,lost,U,,,,challenger,src-b152d3829185,minor,
IN-AC-2008-rajasthan-666,rajasthan,2023,131,BILARA,JAGDISH KADELA,parties.IN.RLP,RLP,20478,10.5337,3,forfeit,U,,,,challenger,src-b152d3829185,minor,
IN-AC-2008-rajasthan-666,rajasthan,2023,131,BILARA,SHYAM LAL,parties.IN.BSP,BSP,1271,0.6538,4,forfeit,U,,,,challenger,src-b152d3829185,minor,
IN-AC-2008-rajasthan-666,rajasthan,2023,131,BILARA,PUKHARAJ SONEL,parties.IN.IND,IND,878,0.4516,5,forfeit,U,,,,challenger,src-b152d3829185,minor,
IN-AC-2008-rajasthan-666,rajasthan,2023,131,BILARA,SANTOSH JAIPAL,parties.IN.IND,IND,669,0.3441,6,forfeit,U,,,,challenger,src-b152d3829185,minor,
IN-AC-2008-rajasthan-532,rajasthan,2023,132,JAISALMER,CHHOTUSINGH,parties.IN.BJP,BJP,104636,53.0509,1,won,U,,,,challenger,src-b152d3829185,minor,
IN-AC-2008-rajasthan-532,rajasthan,2023,132,JAISALMER,RUPARAM,parties.IN.INC,INC,85949,43.5765,2,lost,U,,,,challenger,src-b152d3829185,minor,
IN-AC-2008-rajasthan-532,rajasthan,2023,132,JAISALMER,RAGHUVEER SINGH,parties.IN.RLP,RLP,2262,1.1468,3,forfeit,U,,,,challenger,src-b152d3829185,minor,
IN-AC-2008-rajasthan-532,rajasthan,2023,132,JAISALMER,SHAHBAZ ALI,parties.IN.IND,IND,1623,0.8229,4,forfeit,U,,,,challenger,src-b152d3829185,minor,
IN-AC-2008-rajasthan-532,rajasthan,2023,132,JAISALMER,BEENJARAM,parties.IN.BTC,BTC,1240,0.6287,5,forfeit,U,,,,challenger,src-b152d3829185,minor,
IN-AC-2008-rajasthan-532,rajasthan,2023,132,JAISALMER,YUDISHTHIR,parties.IN.IND,IND,466,0.2363,6,forfeit,U,,,,challenger,src-b152d3829185,minor,
IN-AC-2008-rajasthan-532,rajasthan,2023,132,JAISALMER,SIKANDER KHAN,parties.IN.IND,IND,437,0.2216,7,forfeit,U,,,,challenger,src-b152d3829185,minor,
IN-AC-2008-rajasthan-532,rajasthan,2023,132,JAISALMER,POONAM SINGH,parties.IN.IND,IND,423,0.2145,8,forfeit,U,,,,challenger,src-b152d3829185,minor,
IN-AC-2008-rajasthan-532,rajasthan,2023,132,JAISALMER,MANOHAR LAL HINGDA,parties.IN.IND,IND,201,0.1019,9,forfeit,U,,,,challenger,src-b152d3829185,minor,
IN-AC-2008-rajasthan-636,rajasthan,2023,133,POKARAN,PRATAP PURI,parties.IN.BJP,BJP,112925,57.0501,1,won,U,,,,challenger,src-b152d3829185,minor,
IN-AC-2008-rajasthan-636,rajasthan,2023,133,POKARAN,SHALE MOHMMAD,parties.IN.INC,INC,77498,39.1523,2,lost,U,,,,challenger,src-b152d3829185,minor,
IN-AC-2008-rajasthan-636,rajasthan,2023,133,POKARAN,DEVI LAL,parties.IN.RLP,RLP,4690,2.3694,3,forfeit,U,,,,challenger,src-b152d3829185,minor,
IN-AC-2008-rajasthan-636,rajasthan,2023,133,POKARAN,PUNAM GIRI,parties.IN.BTC,BTC,1113,0.5623,4,forfeit,U,,,,challenger,src-b152d3829185,minor,
IN-AC-2008-rajasthan-636,rajasthan,2023,133,POKARAN,PEMI DEVI,parties.IN.IND,IND,936,0.4729,5,forfeit,U,,,,challenger,src-b152d3829185,minor,
IN-AC-2008-rajasthan-636,rajasthan,2023,133,POKARAN,SIKANDER KHAN,parties.IN.IND,IND,778,0.393,6,forfeit,U,,,,challenger,src-b152d3829185,minor,
IN-AC-2008-rajasthan-534,rajasthan,2023,134,SHEO,RAVINDRA SINGH BHATI,parties.IN.IND,IND,79495,31.8283,1,won,U,,,,challenger,src-b152d3829185,minor,
IN-AC-2008-rajasthan-534,rajasthan,2023,134,SHEO,FATEH KHAN,parties.IN.IND,IND,75545,30.2468,2,lost,U,,,,challenger,src-b152d3829185,minor,
IN-AC-2008-rajasthan-534,rajasthan,2023,134,SHEO,AMEEN KHAN,parties.IN.INC,INC,55264,22.1267,3,lost,U,,,,challenger,src-b152d3829185,minor,
IN-AC-2008-rajasthan-534,rajasthan,2023,134,SHEO,SWAROOP SINGH KHARA,parties.IN.BJP,BJP,22820,9.1367,4,forfeit,U,,,,challenger,src-b152d3829185,minor,
IN-AC-2008-rajasthan-534,rajasthan,2023,134,SHEO,JALAM SINGH,parties.IN.RLP,RLP,7345,2.9408,5,forfeit,U,,,,challenger,src-b152d3829185,minor,
IN-AC-2008-rajasthan-534,rajasthan,2023,134,SHEO,SITA,parties.IN.BTP,BTP,2736,1.0954,6,forfeit,U,,,,challenger,src-b152d3829185,minor,
IN-AC-2008-rajasthan-534,rajasthan,2023,134,SHEO,BHOORA RAM,parties.IN.IND,IND,2460,0.9849,7,forfeit,U,,,,challenger,src-b152d3829185,minor,
IN-AC-2008-rajasthan-534,rajasthan,2023,134,SHEO,JAY RAM,parties.IN.BSP,BSP,2064,0.8264,8,forfeit,U,,,,challenger,src-b152d3829185,minor,
IN-AC-2008-rajasthan-534,rajasthan,2023,134,SHEO,SAWAI RAM PUNAR,parties.IN.BMUP,BMUP,2033,0.814,9,forfeit,U,,,,challenger,src-b152d3829185,minor,
IN-AC-2008-rajasthan-528,rajasthan,2023,135,BARMER,DR. PRIYANKA CHOWDHARY,parties.IN.IND,IND,106948,49.6608,1,won,U,,,,challenger,src-b152d3829185,minor,
IN-AC-2008-rajasthan-528,rajasthan,2023,135,BARMER,MEWARAM JAIN,parties.IN.INC,INC,93611,43.4678,2,lost,U,,,,challenger,src-b152d3829185,minor,
IN-AC-2008-rajasthan-528,rajasthan,2023,135,BARMER,DEEPAK KARWASARA,parties.IN.BJP,BJP,5355,2.4866,3,forfeit,U,,,,challenger,src-b152d3829185,minor,
IN-AC-2008-rajasthan-528,rajasthan,2023,135,BARMER,BHAGWAN SINGH,parties.IN.AAP,AAP,2282,1.0596,4,forfeit,U,,,,challenger,src-b152d3829185,minor,
IN-AC-2008-rajasthan-528,rajasthan,2023,135,BARMER,HARKHA RAM MEGHWAL,parties.IN.BSP,BSP,2053,0.9533,5,forfeit,U,,,,challenger,src-b152d3829185,minor,
IN-AC-2008-rajasthan-528,rajasthan,2023,135,BARMER,JOGA RAM DUDI,parties.IN.RLP,RLP,1682,0.781,6,forfeit,U,,,,challenger,src-b152d3829185,minor,
IN-AC-2008-rajasthan-528,rajasthan,2023,135,BARMER,SURESH KUMAR MEGHWAL,parties.IN.BMUP,BMUP,1404,0.6519,7,forfeit,U,,,,challenger,src-b152d3829185,minor,
IN-AC-2008-rajasthan-528,rajasthan,2023,135,BARMER,BABU LAL,parties.IN.IND,IND,1247,0.579,8,forfeit,U,,,,challenger,src-b152d3829185,minor,
IN-AC-2008-rajasthan-528,rajasthan,2023,135,BARMER,HARKHA RAM,parties.IN.IND,IND,775,0.3599,9,forfeit,U,,,,challenger,src-b152d3829185,minor,
IN-AC-2008-rajasthan-529,rajasthan,2023,136,BAYTOO,HARISH CHAUDHARY,parties.IN.INC,INC,76821,36.3741,1,won,U,,,,challenger,src-b152d3829185,minor,
IN-AC-2008-rajasthan-529,rajasthan,2023,136,BAYTOO,UMMEDA RAM BENIWAL,parties.IN.RLP,RLP,75911,35.9432,2,lost,U,,,,challenger,src-b152d3829185,minor,
IN-AC-2008-rajasthan-529,rajasthan,2023,136,BAYTOO,BALARAM MOONDH,parties.IN.BJP,BJP,51720,24.489,3,lost,U,,,,challenger,src-b152d3829185,minor,
IN-AC-2008-rajasthan-529,rajasthan,2023,136,BAYTOO,HANIF,parties.IN.IND,IND,2277,1.0781,4,forfeit,U,,,,challenger,src-b152d3829185,minor,
IN-AC-2008-rajasthan-529,rajasthan,2023,136,BAYTOO,HARISH CHOUDHARY,parties.IN.IND,IND,1389,0.6577,5,forfeit,U,,,,challenger,src-b152d3829185,minor,
IN-AC-2008-rajasthan-529,rajasthan,2023,136,BAYTOO,NATHU RAM PRAJAPAT,parties.IN.BSSPA,BSSPA,1388,0.6572,6,forfeit,U,,,,challenger,src-b152d3829185,minor,
IN-AC-2008-rajasthan-529,rajasthan,2023,136,BAYTOO,SHIVA RAM,parties.IN.IND,IND,861,0.4077,7,forfeit,U,,,,challenger,src-b152d3829185,minor,
IN-AC-2008-rajasthan-529,rajasthan,2023,136,BAYTOO,MOHAMMAD KHAN,parties.IN.AIMIM,party-unknown-1920,507,0.2401,8,forfeit,U,,,,challenger,src-b152d3829185,minor,
IN-AC-2008-rajasthan-529,rajasthan,2023,136,BAYTOO,JOGA RAM,parties.IN.IND,IND,323,0.1529,9,forfeit,U,,,,challenger,src-b152d3829185,minor,
IN-AC-2008-rajasthan-533,rajasthan,2023,137,PACHPADRA,ARUN CHOUDHARY,parties.IN.BJP,BJP,77997,42.2952,1,won,U,,,,challenger,src-b152d3829185,minor,
IN-AC-2008-rajasthan-533,rajasthan,2023,137,PACHPADRA,MADAN PRAJAPAT,parties.IN.INC,INC,75468,40.9238,2,lost,U,,,,challenger,src-b152d3829185,minor,
IN-AC-2008-rajasthan-533,rajasthan,2023,137,PACHPADRA,THAN SINGH DOLI,parties.IN.RLP,RLP,22581,12.2449,3,forfeit,U,,,,challenger,src-b152d3829185,minor,
IN-AC-2008-rajasthan-533,rajasthan,2023,137,PACHPADRA,UTTAMA RAM,parties.IN.BTP,BTP,3030,1.6431,4,forfeit,U,,,,challenger,src-b152d3829185,minor,
IN-AC-2008-rajasthan-533,rajasthan,2023,137,PACHPADRA,RAJENDRA SINGH,parties.IN.IND,IND,1770,0.9598,5,forfeit,U,,,,challenger,src-b152d3829185,minor,
IN-AC-2008-rajasthan-533,rajasthan,2023,137,PACHPADRA,MUKHTIYAR,parties.IN.BSP,BSP,1427,0.7738,6,forfeit,U,,,,challenger,src-b152d3829185,minor,
IN-AC-2008-rajasthan-533,rajasthan,2023,137,PACHPADRA,VIKASH KUMAR,parties.IN.IND,IND,1001,0.5428,7,forfeit,U,,,,challenger,src-b152d3829185,minor,
IN-AC-2008-rajasthan-533,rajasthan,2023,137,PACHPADRA,DEVILAL,parties.IN.IND,IND,465,0.2522,8,forfeit,U,,,,challenger,src-b152d3829185,minor,
IN-AC-2008-rajasthan-533,rajasthan,2023,137,PACHPADRA,PUKHA RAM,parties.IN.IND,IND,422,0.2288,9,forfeit,U,,,,challenger,src-b152d3829185,minor,
IN-AC-2008-rajasthan-533,rajasthan,2023,137,PACHPADRA,KHIMA RAM,parties.IN.GNASURKP,GSP_ABBR_2,250,0.1356,10,forfeit,U,,,,challenger,src-b152d3829185,minor,
IN-AC-2008-rajasthan-535,rajasthan,2023,138,SIWANA,HAMEER SINGH BHAYAL,parties.IN.BJP,BJP,62875,35.6347,1,won,U,,,,challenger,src-b152d3829185,minor,
IN-AC-2008-rajasthan-535,rajasthan,2023,138,SIWANA,SUNIL PARIHAR,parties.IN.IND,IND,51068,28.9431,2,lost,U,,,,challenger,src-b152d3829185,minor,
IN-AC-2008-rajasthan-535,rajasthan,2023,138,SIWANA,MANVENDRA SINGH,parties.IN.INC,INC,44115,25.0024,3,lost,U,,,,challenger,src-b152d3829185,minor,
IN-AC-2008-rajasthan-535,rajasthan,2023,138,SIWANA,MAHENDRA KUMAR,parties.IN.RLP,RLP,7486,4.2427,4,forfeit,U,,,,challenger,src-b152d3829185,minor,
IN-AC-2008-rajasthan-535,rajasthan,2023,138,SIWANA,MANGUSINGH,parties.IN.IND,IND,3248,1.8408,5,forfeit,U,,,,challenger,src-b152d3829185,minor,
IN-AC-2008-rajasthan-535,rajasthan,2023,138,SIWANA,SUJARAM,parties.IN.BSP,BSP,2133,1.2089,6,forfeit,U,,,,challenger,src-b152d3829185,minor,
IN-AC-2008-rajasthan-535,rajasthan,2023,138,SIWANA,HANJARI MAL,parties.IN.IND,IND,2130,1.2072,7,forfeit,U,,,,challenger,src-b152d3829185,minor,
IN-AC-2008-rajasthan-535,rajasthan,2023,138,SIWANA,SHAITANA SINGH,parties.IN.IPGP,IPGP,1380,0.7821,8,forfeit,U,,,,challenger,src-b152d3829185,minor,
IN-AC-2008-rajasthan-535,rajasthan,2023,138,SIWANA,POPAT LAL,parties.IN.IND,IND,912,0.5169,9,forfeit,U,,,,challenger,src-b152d3829185,minor,
IN-AC-2008-rajasthan-535,rajasthan,2023,138,SIWANA,KHET SINGH RAJPUROHIT,parties.IN.IND,IND,587,0.3327,10,forfeit,U,,,,challenger,src-b152d3829185,minor,
IN-AC-2008-rajasthan-535,rajasthan,2023,138,SIWANA,JASWANT SINGH,parties.IN.IND,IND,509,0.2885,11,forfeit,U,,,,challenger,src-b152d3829185,minor,
IN-AC-2008-rajasthan-531,rajasthan,2023,139,GUDHAMALANI,KRISHAN KUMAR K.K. VISHNOI,parties.IN.BJP,BJP,107632,49.382,1,won,U,,,,challenger,src-b152d3829185,minor,
IN-AC-2008-rajasthan-531,rajasthan,2023,139,GUDHAMALANI,COL. SONARAM CHOUDHARY,parties.IN.INC,INC,92415,42.4004,2,lost,U,,,,challenger,src-b152d3829185,minor,
IN-AC-2008-rajasthan-531,rajasthan,2023,139,GUDHAMALANI,PRABHURAM,parties.IN.ASPKR,ASPKR,9924,4.5532,3,forfeit,U,,,,challenger,src-b152d3829185,minor,
IN-AC-2008-rajasthan-531,rajasthan,2023,139,GUDHAMALANI,ACHALARAM CHOUDHARY,parties.IN.ARP,ARP,2315,1.0621,4,forfeit,U,,,,challenger,src-b152d3829185,minor,
IN-AC-2008-rajasthan-531,rajasthan,2023,139,GUDHAMALANI,MAHENDRA KUMAR,parties.IN.BSP,BSP,2198,1.0085,5,forfeit,U,,,,challenger,src-b152d3829185,minor,
IN-AC-2008-rajasthan-531,rajasthan,2023,139,GUDHAMALANI,NAGENDRASINGH SOLANKI,parties.IN.IND,IND,1858,0.8525,6,forfeit,U,,,,challenger,src-b152d3829185,minor,
IN-AC-2008-rajasthan-531,rajasthan,2023,139,GUDHAMALANI,LADHU,parties.IN.IND,IND,621,0.2849,7,forfeit,U,,,,challenger,src-b152d3829185,minor,
IN-AC-2008-rajasthan-531,rajasthan,2023,139,GUDHAMALANI,GOMATI DEVI,parties.IN.NJMP,NJMP,591,0.2712,8,forfeit,U,,,,challenger,src-b152d3829185,minor,
IN-AC-2008-rajasthan-531,rajasthan,2023,139,GUDHAMALANI,GAJENDRA MEGHWAL,parties.IN.BMUP,BMUP,404,0.1854,9,forfeit,U,,,,challenger,src-b152d3829185,minor,
IN-AC-2008-rajasthan-530,rajasthan,2023,140,CHOHTAN,ADU RAM MEGHWAL,parties.IN.BJP,BJP,103205,44.1897,1,won,U,,,,challenger,src-b152d3829185,minor,
IN-AC-2008-rajasthan-530,rajasthan,2023,140,CHOHTAN,PADMARAM,parties.IN.INC,INC,101777,43.5782,2,lost,U,,,,challenger,src-b152d3829185,minor,
IN-AC-2008-rajasthan-530,rajasthan,2023,140,CHOHTAN,TARUN RAI KAGA,parties.IN.RLP,RLP,22149,9.4836,3,forfeit,U,,,,challenger,src-b152d3829185,minor,
IN-AC-2008-rajasthan-530,rajasthan,2023,140,CHOHTAN,BHARTHARAM,parties.IN.BSP,BSP,4572,1.9576,4,forfeit,U,,,,challenger,src-b152d3829185,minor,
IN-AC-2008-rajasthan-530,rajasthan,2023,140,CHOHTAN,SHRAVAN KUMAR,parties.IN.IND,IND,1847,0.7908,5,forfeit,U,,,,challenger,src-b152d3829185,minor,
IN-AC-2008-rajasthan-608,rajasthan,2023,141,AHORE,CHHAGAN SINGH RAJPUROHIT,parties.IN.BJP,BJP,83259,50.5304,1,won,U,,,,challenger,src-b152d3829185,minor,
IN-AC-2008-rajasthan-608,rajasthan,2023,141,AHORE,SAROJ CHOUDHARY,parties.IN.INC,INC,72044,43.724,2,lost,U,,,,challenger,src-b152d3829185,minor,
IN-AC-2008-rajasthan-608,rajasthan,2023,141,AHORE,SURAJ RATHORE,parties.IN.IND,IND,1472,0.8934,3,forfeit,U,,,,challenger,src-b152d3829185,minor,
IN-AC-2008-rajasthan-608,rajasthan,2023,141,AHORE,MASARA RAM,parties.IN.BSP,BSP,1370,0.8315,4,forfeit,U,,,,challenger,src-b152d3829185,minor,
IN-AC-2008-rajasthan-608,rajasthan,2023,141,AHORE,KARAN RAIKA,parties.IN.IND,IND,1250,0.7586,5,forfeit,U,,,,challenger,src-b152d3829185,minor,
IN-AC-2008-rajasthan-608,rajasthan,2023,141,AHORE,HANUMAN SINGH,parties.IN.IND,IND,1087,0.6597,6,forfeit,U,,,,challenger,src-b152d3829185,minor,
IN-AC-2008-rajasthan-608,rajasthan,2023,141,AHORE,ASHOK KUMAR,parties.IN.ARP,ARP,1045,0.6342,7,forfeit,U,,,,challenger,src-b152d3829185,minor,
IN-AC-2008-rajasthan-608,rajasthan,2023,141,AHORE,KARAN SINGH THANWLA,parties.IN.IND,IND,946,0.5741,8,forfeit,U,,,,challenger,src-b152d3829185,minor,
IN-AC-2008-rajasthan-608,rajasthan,2023,141,AHORE,GOPAL PARMAR,parties.IN.ASPKR,ASPKR,849,0.5153,9,forfeit,U,,,,challenger,src-b152d3829185,minor,
IN-AC-2008-rajasthan-608,rajasthan,2023,141,AHORE,RAM DEV DEWASI,parties.IN.IND,IND,521,0.3162,10,forfeit,U,,,,challenger,src-b152d3829185,minor,
IN-AC-2008-rajasthan-608,rajasthan,2023,141,AHORE,BHUDAR MAL,parties.IN.IND,IND,264,0.1602,11,forfeit,U,,,,challenger,src-b152d3829185,minor,
IN-AC-2008-rajasthan-608,rajasthan,2023,141,AHORE,BHERA RAM,parties.IN.IND,IND,263,0.1596,12,forfeit,U,,,,challenger,src-b152d3829185,minor,
IN-AC-2008-rajasthan-608,rajasthan,2023,141,AHORE,CHANDAN SINGH,parties.IN.IND,IND,212,0.1287,13,forfeit,U,,,,challenger,src-b152d3829185,minor,
IN-AC-2008-rajasthan-608,rajasthan,2023,141,AHORE,CHHAGNA RAM,parties.IN.GNASURKP,GSP_ABBR_2,188,0.1141,14,forfeit,U,,,,challenger,src-b152d3829185,minor,
IN-AC-2008-rajasthan-610,rajasthan,2023,142,JALORE,JOGESHWAR GARG,parties.IN.BJP,BJP,84519,47.2387,1,won,U,,,,challenger,src-b152d3829185,minor,
IN-AC-2008-rajasthan-610,rajasthan,2023,142,JALORE,RAMILA MEGHWAL,parties.IN.INC,INC,64983,36.3198,2,lost,U,,,,challenger,src-b152d3829185,minor,
IN-AC-2008-rajasthan-610,rajasthan,2023,142,JALORE,PAVANI DEVI,parties.IN.IND,IND,19957,11.1542,3,forfeit,U,,,,challenger,src-b152d3829185,minor,
IN-AC-2008-rajasthan-610,rajasthan,2023,142,JALORE,RAMLAL MEGHWAL,parties.IN.IND,IND,4154,2.3217,4,forfeit,U,,,,challenger,src-b152d3829185,minor,
IN-AC-2008-rajasthan-610,rajasthan,2023,142,JALORE,OM PRAKASH CHOUHAN,parties.IN.BSP,BSP,3459,1.9333,5,forfeit,U,,,,challenger,src-b152d3829185,minor,
IN-AC-2008-rajasthan-610,rajasthan,2023,142,JALORE,BHAGWANARAM,parties.IN.IND,IND,1847,1.0323,6,forfeit,U,,,,challenger,src-b152d3829185,minor,
IN-AC-2008-rajasthan-609,rajasthan,2023,143,BHINMAL,SAMARJIT SINGH,parties.IN.INC,INC,97157,48.7648,1,won,U,,,,challenger,src-b152d3829185,minor,
IN-AC-2008-rajasthan-609,rajasthan,2023,143,BHINMAL,POORA RAM,parties.IN.BJP,BJP,96130,48.2493,2,lost,U,,,,challenger,src-b152d3829185,minor,
IN-AC-2008-rajasthan-609,rajasthan,2023,143,BHINMAL,RAMESH KUMAR BHANDARI,parties.IN.IND,IND,2234,1.1213,3,forfeit,U,,,,challenger,src-b152d3829185,minor,
IN-AC-2008-rajasthan-609,rajasthan,2023,143,BHINMAL,KRISHNA KUMAR RAJPUROHIT,parties.IN.ARP,ARP,2100,1.054,4,forfeit,U,,,,challenger,src-b152d3829185,minor,
IN-AC-2008-rajasthan-609,rajasthan,2023,143,BHINMAL,TIKMA RAM BHATI,parties.IN.IND,IND,856,0.4296,5,forfeit,U,,,,challenger,src-b152d3829185,minor,
IN-AC-2008-rajasthan-609,rajasthan,2023,143,BHINMAL,RAMESH KUMAR,parties.IN.IND,IND,759,0.381,6,forfeit,U,,,,challenger,src-b152d3829185,minor,
IN-AC-2008-rajasthan-614,rajasthan,2023,144,SANCHORE,JIVA RAM CHOUDHARY,parties.IN.IND,IND,95518,37.3063,1,won,U,,,,challenger,src-b152d3829185,minor,
IN-AC-2008-rajasthan-614,rajasthan,2023,144,SANCHORE,SUKHRAM VISHNOI,parties.IN.INC,INC,90847,35.482,2,lost,U,,,,challenger,src-b152d3829185,minor,
IN-AC-2008-rajasthan-614,rajasthan,2023,144,SANCHORE,DEVJI PATEL,parties.IN.BJP,BJP,30535,11.926,3,forfeit,U,,,,challenger,src-b152d3829185,minor,
IN-AC-2008-rajasthan-614,rajasthan,2023,144,SANCHORE,Dr SHAMSHER ALI SAYYED,parties.IN.BSP,BSP,26108,10.197,4,forfeit,U,,,,challenger,src-b152d3829185,minor,
IN-AC-2008-rajasthan-614,rajasthan,2023,144,SANCHORE,Dr SURESH SAGAR,parties.IN.RLP,RLP,4612,1.8013,5,forfeit,U,,,,challenger,src-b152d3829185,minor,
IN-AC-2008-rajasthan-614,rajasthan,2023,144,SANCHORE,RAM LAL BISHNOI,parties.IN.AAP,AAP,4292,1.6763,6,forfeit,U,,,,challenger,src-b152d3829185,minor,
IN-AC-2008-rajasthan-614,rajasthan,2023,144,SANCHORE,GORDHAN RAM,parties.IN.IND,IND,1738,0.6788,7,forfeit,U,,,,challenger,src-b152d3829185,minor,
IN-AC-2008-rajasthan-614,rajasthan,2023,144,SANCHORE,DINESH SINGH,parties.IN.IND,IND,1660,0.6483,8,forfeit,U,,,,challenger,src-b152d3829185,minor,
IN-AC-2008-rajasthan-614,rajasthan,2023,144,SANCHORE,SHANKAR LAL DARJI,parties.IN.IND,IND,727,0.2839,9,forfeit,U,,,,challenger,src-b152d3829185,minor,
IN-AC-2008-rajasthan-612,rajasthan,2023,145,RANIWARA,RATAN DEVASI,parties.IN.INC,INC,112681,53.4286,1,won,U,,,,challenger,src-b152d3829185,minor,
IN-AC-2008-rajasthan-612,rajasthan,2023,145,RANIWARA,NARAYAN SINGH DEWAL,parties.IN.BJP,BJP,90319,42.8255,2,lost,U,,,,challenger,src-b152d3829185,minor,
IN-AC-2008-rajasthan-612,rajasthan,2023,145,RANIWARA,BHARAT KUMAR,parties.IN.ASPKR,ASPKR,1989,0.9431,3,forfeit,U,,,,challenger,src-b152d3829185,minor,
IN-AC-2008-rajasthan-612,rajasthan,2023,145,RANIWARA,LAKHARAM,parties.IN.BSP,BSP,1947,0.9232,4,forfeit,U,,,,challenger,src-b152d3829185,minor,
IN-AC-2008-rajasthan-612,rajasthan,2023,145,RANIWARA,MASRURAM,parties.IN.IND,IND,1865,0.8843,5,forfeit,U,,,,challenger,src-b152d3829185,minor,
IN-AC-2008-rajasthan-612,rajasthan,2023,145,RANIWARA,RAMESH KUMAR GARG,parties.IN.SWNTRABYKT,SAP_ABBR_2,682,0.3234,6,forfeit,U,,,,challenger,src-b152d3829185,minor,
IN-AC-2008-rajasthan-612,rajasthan,2023,145,RANIWARA,PARASA RAM,parties.IN.IND,IND,661,0.3134,7,forfeit,U,,,,challenger,src-b152d3829185,minor,
IN-AC-2008-rajasthan-612,rajasthan,2023,145,RANIWARA,AMRITLAL RAJPUROHIT,parties.IN.IND,IND,396,0.1878,8,forfeit,U,,,,challenger,src-b152d3829185,minor,
IN-AC-2008-rajasthan-612,rajasthan,2023,145,RANIWARA,NARAPAT SINGH,parties.IN.BMUP,BMUP,360,0.1707,9,forfeit,U,,,,challenger,src-b152d3829185,minor,
IN-AC-2008-rajasthan-615,rajasthan,2023,146,SIROHI,OTA RAM DEWASI,parties.IN.BJP,BJP,114729,57.2977,1,won,U,,,,challenger,src-b152d3829185,minor,
IN-AC-2008-rajasthan-615,rajasthan,2023,146,SIROHI,SANYAM LODHA,parties.IN.INC,INC,78924,39.4161,2,lost,U,,,,challenger,src-b152d3829185,minor,
IN-AC-2008-rajasthan-615,rajasthan,2023,146,SIROHI,MOTILAL,parties.IN.ASPKR,ASPKR,2298,1.1477,3,forfeit,U,,,,challenger,src-b152d3829185,minor,
IN-AC-2008-rajasthan-615,rajasthan,2023,146,SIROHI,HEMANT PUROHIT,parties.IN.IND,IND,2269,1.1332,4,forfeit,U,,,,challenger,src-b152d3829185,minor,
IN-AC-2008-rajasthan-615,rajasthan,2023,146,SIROHI,KALURAM,parties.IN.RRP,RRP,774,0.3865,5,forfeit,U,,,,challenger,src-b152d3829185,minor,
IN-AC-2008-rajasthan-615,rajasthan,2023,146,SIROHI,MEETHA RAM,parties.IN.IND,IND,410,0.2048,6,forfeit,U,,,,challenger,src-b152d3829185,minor,
IN-AC-2008-rajasthan-615,rajasthan,2023,146,SIROHI,BHANWAR LAL,parties.IN.GNASURKP,GSP_ABBR_2,319,0.1593,7,forfeit,U,,,,challenger,src-b152d3829185,minor,
IN-AC-2008-rajasthan-615,rajasthan,2023,146,SIROHI,BHERARAM BARAR (MEGHWAL),parties.IN.IND,IND,263,0.1313,8,forfeit,U,,,,challenger,src-b152d3829185,minor,
IN-AC-2008-rajasthan-615,rajasthan,2023,146,SIROHI,NATWAR LAL,parties.IN.IND,IND,247,0.1234,9,forfeit,U,,,,challenger,src-b152d3829185,minor,
IN-AC-2008-rajasthan-611,rajasthan,2023,147,PINDWARA ABU,SAMARAM,parties.IN.BJP,BJP,70647,44.8387,1,won,U,,,,challenger,src-b152d3829185,minor,
IN-AC-2008-rajasthan-611,rajasthan,2023,147,PINDWARA ABU,Leelaram Grasiya,parties.IN.INC,INC,57553,36.5281,2,lost,U,,,,challenger,src-b152d3829185,minor,
IN-AC-2008-rajasthan-611,rajasthan,2023,147,PINDWARA ABU,Megharam Garasiya,parties.IN.BHARAT_ADIVASI_PARTY,BHRTADVSIP,23894,15.1652,3,forfeit,U,,,,challenger,src-b152d3829185,minor,
IN-AC-2008-rajasthan-611,rajasthan,2023,147,PINDWARA ABU,Amarsingh Kalundha,parties.IN.BTC,BTC,2053,1.303,4,forfeit,U,,,,challenger,src-b152d3829185,minor,
IN-AC-2008-rajasthan-611,rajasthan,2023,147,PINDWARA ABU,Kapura Ram Meena,parties.IN.IND,IND,1798,1.1412,5,forfeit,U,,,,challenger,src-b152d3829185,minor,
IN-AC-2008-rajasthan-611,rajasthan,2023,147,PINDWARA ABU,Surendra Kumar,parties.IN.BSP,BSP,1613,1.0237,6,forfeit,U,,,,challenger,src-b152d3829185,minor,
IN-AC-2008-rajasthan-613,rajasthan,2023,148,REODAR,MOTIRAM,parties.IN.INC,INC,93120,48.197,1,won,U,,,,challenger,src-b152d3829185,minor,
IN-AC-2008-rajasthan-613,rajasthan,2023,148,REODAR,JAGSI RAM,parties.IN.BJP,BJP,89556,46.3524,2,lost,U,,,,challenger,src-b152d3829185,minor,
IN-AC-2008-rajasthan-613,rajasthan,2023,148,REODAR,VEENA RAM,parties.IN.BSP,BSP,3797,1.9652,3,forfeit,U,,,,challenger,src-b152d3829185,minor,
IN-AC-2008-rajasthan-613,rajasthan,2023,148,REODAR,GOPAL DANA,parties.IN.IND,IND,3179,1.6454,4,forfeit,U,,,,challenger,src-b152d3829185,minor,
IN-AC-2008-rajasthan-613,rajasthan,2023,148,REODAR,GANPAT LAL,parties.IN.BHARAT_ADIVASI_PARTY,BHRTADVSIP,2319,1.2003,5,forfeit,U,,,,challenger,src-b152d3829185,minor,
IN-AC-2008-rajasthan-613,rajasthan,2023,148,REODAR,SANGEETA RALHAN,parties.IN.BTC,BTC,1236,0.6397,6,forfeit,U,,,,challenger,src-b152d3829185,minor,
IN-AC-2008-rajasthan-698,rajasthan,2023,149,GOGUNDA,Pratap Lal Bheel,parties.IN.BJP,BJP,87827,45.3957,1,won,U,,,,challenger,src-b152d3829185,minor,
IN-AC-2008-rajasthan-698,rajasthan,2023,149,GOGUNDA,Dr. Mangi Lal Garasiya,parties.IN.INC,INC,84162,43.5013,2,lost,U,,,,challenger,src-b152d3829185,minor,
IN-AC-2008-rajasthan-698,rajasthan,2023,149,GOGUNDA,Udai Lal Bhil,parties.IN.BHARAT_ADIVASI_PARTY,BHRTADVSIP,8094,4.1836,3,forfeit,U,,,,challenger,src-b152d3829185,minor,
IN-AC-2008-rajasthan-698,rajasthan,2023,149,GOGUNDA,Dalapat Ram Garasiya,parties.IN.BSP,BSP,3400,1.7574,4,forfeit,U,,,,challenger,src-b152d3829185,minor,
IN-AC-2008-rajasthan-698,rajasthan,2023,149,GOGUNDA,Lahara,parties.IN.CPI,CPI,2773,1.4333,5,forfeit,U,,,,challenger,src-b152d3829185,minor,
IN-AC-2008-rajasthan-698,rajasthan,2023,149,GOGUNDA,Prem Chand Gameti,parties.IN.IND,IND,2617,1.3527,6,forfeit,U,,,,challenger,src-b152d3829185,minor,
IN-AC-2008-rajasthan-698,rajasthan,2023,149,GOGUNDA,Hema Ram,parties.IN.AAP,AAP,2483,1.2834,7,forfeit,U,,,,challenger,src-b152d3829185,minor,
IN-AC-2008-rajasthan-698,rajasthan,2023,149,GOGUNDA,Batti Lal Meena,parties.IN.IND,IND,2114,1.0927,8,forfeit,U,,,,challenger,src-b152d3829185,minor,
IN-AC-2008-rajasthan-699,rajasthan,2023,150,JHADOL,Babulal Kharadi,parties.IN.BJP,BJP,76537,36.0585,1,won,U,,,,challenger,src-b152d3829185,minor,
IN-AC-2008-rajasthan-699,rajasthan,2023,150,JHADOL,Heeralal Darangi,parties.IN.INC,INC,70049,33.0018,2,lost,U,,,,challenger,src-b152d3829185,minor,
IN-AC-2008-rajasthan-699,rajasthan,2023,150,JHADOL,Dinesh Pandor,parties.IN.BHARAT_ADIVASI_PARTY,BHRTADVSIP,44503,20.9665,3,lost,U,,,,challenger,src-b152d3829185,minor,
IN-AC-2008-rajasthan-699,rajasthan,2023,150,JHADOL,Prem Chand Pargi,parties.IN.CPIM,CPI(M),4539,2.1384,4,forfeit,U,,,,challenger,src-b152d3829185,minor,
IN-AC-2008-rajasthan-699,rajasthan,2023,150,JHADOL,Dr. Dev Vijay,parties.IN.BTP,BTP,4204,1.9806,5,forfeit,U,,,,challenger,src-b152d3829185,minor,
IN-AC-2008-rajasthan-699,rajasthan,2023,150,JHADOL,Nima Lal,parties.IN.BSP,BSP,4126,1.9439,6,forfeit,U,,,,challenger,src-b152d3829185,minor,
IN-AC-2008-rajasthan-699,rajasthan,2023,150,JHADOL,Shanti Lal,parties.IN.IND,IND,3758,1.7705,7,forfeit,U,,,,challenger,src-b152d3829185,minor,
IN-AC-2008-rajasthan-699,rajasthan,2023,150,JHADOL,Laduram,parties.IN.IND,IND,2425,1.1425,8,forfeit,U,,,,challenger,src-b152d3829185,minor,
IN-AC-2008-rajasthan-699,rajasthan,2023,150,JHADOL,Prachi Meena,parties.IN.IND,IND,2117,0.9974,9,forfeit,U,,,,challenger,src-b152d3829185,minor,
IN-AC-2008-rajasthan-700,rajasthan,2023,151,KHERWARA,Dr. Dayaram Parmar,parties.IN.INC,INC,77342,35.8209,1,won,U,,,,challenger,src-b152d3829185,minor,
IN-AC-2008-rajasthan-700,rajasthan,2023,151,KHERWARA,Nana Lal Ahari,parties.IN.BJP,BJP,60098,27.8344,2,lost,U,,,,challenger,src-b152d3829185,minor,
IN-AC-2008-rajasthan-700,rajasthan,2023,151,KHERWARA,Praveen Kumar Parmar,parties.IN.BTP,BTP,53290,24.6812,3,lost,U,,,,challenger,src-b152d3829185,minor,
IN-AC-2008-rajasthan-700,rajasthan,2023,151,KHERWARA,Vinod Kumar Meena,parties.IN.BHARAT_ADIVASI_PARTY,BHRTADVSIP,16189,7.4979,4,forfeit,U,,,,challenger,src-b152d3829185,minor,
IN-AC-2008-rajasthan-700,rajasthan,2023,151,KHERWARA,Gautam Parmar,parties.IN.AAP,AAP,2816,1.3042,5,forfeit,U,,,,challenger,src-b152d3829185,minor,
IN-AC-2008-rajasthan-700,rajasthan,2023,151,KHERWARA,Rajendra Kumar Meena,parties.IN.IPGP,IPGP,1838,0.8513,6,forfeit,U,,,,challenger,src-b152d3829185,minor,
IN-AC-2008-rajasthan-700,rajasthan,2023,151,KHERWARA,Dr.Savita,parties.IN.IND,IND,1748,0.8096,7,forfeit,U,,,,challenger,src-b152d3829185,minor,
IN-AC-2008-rajasthan-700,rajasthan,2023,151,KHERWARA,Nimalal Bhil,parties.IN.BSP,BSP,1466,0.679,8,forfeit,U,,,,challenger,src-b152d3829185,minor,
IN-AC-2008-rajasthan-700,rajasthan,2023,151,KHERWARA,Durgesh Kumar Meena,parties.IN.UMEDPI,UMEDPI,1126,0.5215,9,forfeit,U,,,,challenger,src-b152d3829185,minor,
IN-AC-2008-rajasthan-703,rajasthan,2023,152,UDAIPUR RURAL,Phool Singh Meena,parties.IN.BJP,BJP,103039,48.6396,1,won,U,,,,challenger,src-b152d3829185,minor,
IN-AC-2008-rajasthan-703,rajasthan,2023,152,UDAIPUR RURAL,Dr. Vivek Katara,parties.IN.INC,INC,75694,35.7313,2,lost,U,,,,challenger,src-b152d3829185,minor,
IN-AC-2008-rajasthan-703,rajasthan,2023,152,UDAIPUR RURAL,Amit Kumar Kharadi,parties.IN.BHARAT_ADIVASI_PARTY,BHRTADVSIP,25172,11.8824,3,forfeit,U,,,,challenger,src-b152d3829185,minor,
IN-AC-2008-rajasthan-703,rajasthan,2023,152,UDAIPUR RURAL,Khemaraj Katara,parties.IN.BSP,BSP,2173,1.0258,4,forfeit,U,,,,challenger,src-b152d3829185,minor,
IN-AC-2008-rajasthan-703,rajasthan,2023,152,UDAIPUR RURAL,Gebi Lal Damor,parties.IN.CPI,CPI,1963,0.9266,5,forfeit,U,,,,challenger,src-b152d3829185,minor,
IN-AC-2008-rajasthan-703,rajasthan,2023,152,UDAIPUR RURAL,Heera Lal Pargi,parties.IN.AAP,AAP,1741,0.8218,6,forfeit,U,,,,challenger,src-b152d3829185,minor,
IN-AC-2008-rajasthan-703,rajasthan,2023,152,UDAIPUR RURAL,Phula Alias Phool Chand Meena,parties.IN.IND,IND,1112,0.5249,7,forfeit,U,,,,challenger,src-b152d3829185,minor,
IN-AC-2008-rajasthan-703,rajasthan,2023,152,UDAIPUR RURAL,Shobha Lal Gameti,parties.IN.IND,IND,948,0.4475,8,forfeit,U,,,,challenger,src-b152d3829185,minor,
IN-AC-2008-rajasthan-eci153,rajasthan,2023,153,UDAIPUR,Tarachand Jain,parties.IN.BJP,BJP,97466,59.2967,1,won,U,,,,challenger,src-b152d3829185,minor,
IN-AC-2008-rajasthan-eci153,rajasthan,2023,153,UDAIPUR,Prof. Gourav Vallabh,parties.IN.INC,INC,64695,39.3594,2,lost,U,,,,challenger,src-b152d3829185,minor,
IN-AC-2008-rajasthan-eci153,rajasthan,2023,153,UDAIPUR,Tulsi Ram Gameti,parties.IN.BHARAT_ADIVASI_PARTY,BHRTADVSIP,589,0.3583,3,forfeit,U,,,,challenger,src-b152d3829185,minor,
IN-AC-2008-rajasthan-eci153,rajasthan,2023,153,UDAIPUR,Manoj Labana,parties.IN.AAP,AAP,348,0.2117,4,forfeit,U,,,,challenger,src-b152d3829185,minor,
IN-AC-2008-rajasthan-eci153,rajasthan,2023,153,UDAIPUR,Pramod Kumar Verma,parties.IN.IND,IND,271,0.1649,5,forfeit,U,,,,challenger,src-b152d3829185,minor,
IN-AC-2008-rajasthan-eci153,rajasthan,2023,153,UDAIPUR,Dr. Rajkumar Yadav,parties.IN.BSP,BSP,225,0.1369,6,forfeit,U,,,,challenger,src-b152d3829185,minor,
IN-AC-2008-rajasthan-eci153,rajasthan,2023,153,UDAIPUR,Ashu Agarwal,parties.IN.IND,IND,199,0.1211,7,forfeit,U,,,,challenger,src-b152d3829185,minor,
IN-AC-2008-rajasthan-eci153,rajasthan,2023,153,UDAIPUR,Arjun Upadhyay,parties.IN.IND,IND,190,0.1156,8,forfeit,U,,,,challenger,src-b152d3829185,minor,
IN-AC-2008-rajasthan-eci153,rajasthan,2023,153,UDAIPUR,Dr Deepak Rawal,parties.IN.IND,IND,149,0.0906,9,forfeit,U,,,,challenger,src-b152d3829185,minor,
IN-AC-2008-rajasthan-eci153,rajasthan,2023,153,UDAIPUR,Bhuri Singh,parties.IN.IPGP,IPGP,125,0.076,10,forfeit,U,,,,challenger,src-b152d3829185,minor,
IN-AC-2008-rajasthan-eci153,rajasthan,2023,153,UDAIPUR,Narbada Bhati,parties.IN.BMUP,BMUP,113,0.0687,11,forfeit,U,,,,challenger,src-b152d3829185,minor,
IN-AC-2008-rajasthan-564,rajasthan,2023,154,MAVLI,Pushkar Lal Dangi,parties.IN.INC,INC,77696,38.6511,1,won,U,,,,challenger,src-b152d3829185,minor,
IN-AC-2008-rajasthan-564,rajasthan,2023,154,MAVLI,Krishnagopal Paliwal,parties.IN.BJP,BJP,76129,37.8715,2,lost,U,,,,challenger,src-b152d3829185,minor,
IN-AC-2008-rajasthan-564,rajasthan,2023,154,MAVLI,Kuldeep Singh Chundawat,parties.IN.RLP,RLP,32521,16.1781,3,forfeit,U,,,,challenger,src-b152d3829185,minor,
IN-AC-2008-rajasthan-564,rajasthan,2023,154,MAVLI,Angur Lal Bheel,parties.IN.BHARAT_ADIVASI_PARTY,BHRTADVSIP,7873,3.9165,4,forfeit,U,,,,challenger,src-b152d3829185,minor,
IN-AC-2008-rajasthan-564,rajasthan,2023,154,MAVLI,Raju Puri,parties.IN.IND,IND,2126,1.0576,5,forfeit,U,,,,challenger,src-b152d3829185,minor,
IN-AC-2008-rajasthan-564,rajasthan,2023,154,MAVLI,Jeev Raj Sharma,parties.IN.CPI,CPI,1352,0.6726,6,forfeit,U,,,,challenger,src-b152d3829185,minor,
IN-AC-2008-rajasthan-564,rajasthan,2023,154,MAVLI,Dr. Raj Kumar Yadav,parties.IN.BSP,BSP,1231,0.6124,7,forfeit,U,,,,challenger,src-b152d3829185,minor,
IN-AC-2008-rajasthan-564,rajasthan,2023,154,MAVLI,Ram Lal Gurjar,parties.IN.IND,IND,1069,0.5318,8,forfeit,U,,,,challenger,src-b152d3829185,minor,
IN-AC-2008-rajasthan-564,rajasthan,2023,154,MAVLI,Praveen Singh Asoliya,parties.IN.IND,IND,623,0.3099,9,forfeit,U,,,,challenger,src-b152d3829185,minor,
IN-AC-2008-rajasthan-564,rajasthan,2023,154,MAVLI,Dinesh Purohit,parties.IN.IND,IND,399,0.1985,10,forfeit,U,,,,challenger,src-b152d3829185,minor,
IN-AC-2008-rajasthan-567,rajasthan,2023,155,VALLABH NAGAR,Udailal Dangi,parties.IN.BJP,BJP,83227,41.264,1,won,U,,,,challenger,src-b152d3829185,minor,
IN-AC-2008-rajasthan-567,rajasthan,2023,155,VALLABH NAGAR,Preeti Gajendra Singh Shaktawat,parties.IN.INC,INC,63167,31.3182,2,lost,U,,,,challenger,src-b152d3829185,minor,
IN-AC-2008-rajasthan-567,rajasthan,2023,155,VALLABH NAGAR,Ra. Deependra Kunwar Bhindar,parties.IN.UNK,JSR,47032,23.3185,3,lost,U,,,,challenger,src-b152d3829185,major,Publisher label 'JSR' unmatched against TCPD/ECI catalogues; awaiting oracle resolution per datasets/_ops/unk-ledger-2026-06-12.csv.
IN-AC-2008-rajasthan-567,rajasthan,2023,155,VALLABH NAGAR,Sukhsampat Bagdi Meena,parties.IN.BHARAT_ADIVASI_PARTY,BHRTADVSIP,3387,1.6793,4,forfeit,U,,,,challenger,src-b152d3829185,minor,
IN-AC-2008-rajasthan-567,rajasthan,2023,155,VALLABH NAGAR,Suresh Kumar Meghwal,parties.IN.BSP,BSP,1849,0.9167,5,forfeit,U,,,,challenger,src-b152d3829185,minor,
IN-AC-2008-rajasthan-567,rajasthan,2023,155,VALLABH NAGAR,Puja Urf Puran Singh Rawat,parties.IN.IND,IND,1115,0.5528,6,forfeit,U,,,,challenger,src-b152d3829185,minor,
IN-AC-2008-rajasthan-567,rajasthan,2023,155,VALLABH NAGAR,Roop Lal Menaria,parties.IN.IND,IND,1014,0.5027,7,forfeit,U,,,,challenger,src-b152d3829185,minor,
IN-AC-2008-rajasthan-567,rajasthan,2023,155,VALLABH NAGAR,Mohan Singh Rawat,parties.IN.IND,IND,903,0.4477,8,forfeit,U,,,,challenger,src-b152d3829185,minor,
IN-AC-2008-rajasthan-701,rajasthan,2023,156,SALUMBER,Amritlal Meena,parties.IN.BJP,BJP,80086,38.2059,1,won,U,,,,challenger,src-b152d3829185,minor,
IN-AC-2008-rajasthan-701,rajasthan,2023,156,SALUMBER,Raghuvir Singh Meena,parties.IN.INC,INC,65395,31.1974,2,lost,U,,,,challenger,src-b152d3829185,minor,
IN-AC-2008-rajasthan-701,rajasthan,2023,156,SALUMBER,Jitesh Kumar Meena,parties.IN.BHARAT_ADIVASI_PARTY,BHRTADVSIP,51691,24.6597,3,lost,U,,,,challenger,src-b152d3829185,minor,
IN-AC-2008-rajasthan-701,rajasthan,2023,156,SALUMBER,Govind Kalasuya,parties.IN.IND,IND,3838,1.831,4,forfeit,U,,,,challenger,src-b152d3829185,minor,
IN-AC-2008-rajasthan-701,rajasthan,2023,156,SALUMBER,Kalu Ram Meena,parties.IN.CPI,CPI,2224,1.061,5,forfeit,U,,,,challenger,src-b152d3829185,minor,
IN-AC-2008-rajasthan-701,rajasthan,2023,156,SALUMBER,Kanheya Lal Meena,parties.IN.BSP,BSP,1733,0.8267,6,forfeit,U,,,,challenger,src-b152d3829185,minor,
IN-AC-2008-rajasthan-701,rajasthan,2023,156,SALUMBER,Sewaram,parties.IN.IND,IND,1517,0.7237,7,forfeit,U,,,,challenger,src-b152d3829185,minor,
IN-AC-2008-rajasthan-701,rajasthan,2023,156,SALUMBER,Harjilal,parties.IN.IND,IND,1293,0.6168,8,forfeit,U,,,,challenger,src-b152d3829185,minor,
IN-AC-2008-rajasthan-701,rajasthan,2023,156,SALUMBER,Prakash Meena,parties.IN.BTP,BTP,1105,0.5272,9,forfeit,U,,,,challenger,src-b152d3829185,minor,
IN-AC-2008-rajasthan-701,rajasthan,2023,156,SALUMBER,Durga Prasad Meena,parties.IN.IND,IND,735,0.3506,10,forfeit,U,,,,challenger,src-b152d3829185,minor,
IN-AC-2008-rajasthan-697,rajasthan,2023,157,DHARIAWAD,Thavar Chand,parties.IN.BHARAT_ADIVASI_PARTY,BHRTADVSIP,83655,38.2358,1,won,U,,,,challenger,src-b152d3829185,minor,
IN-AC-2008-rajasthan-697,rajasthan,2023,157,DHARIAWAD,Kanhaiya lal,parties.IN.BJP,BJP,76964,35.1776,2,lost,U,,,,challenger,src-b152d3829185,minor,
IN-AC-2008-rajasthan-697,rajasthan,2023,157,DHARIAWAD,Nagraj,parties.IN.INC,INC,46449,21.2302,3,lost,U,,,,challenger,src-b152d3829185,minor,
IN-AC-2008-rajasthan-697,rajasthan,2023,157,DHARIAWAD,Vishesh Kumar Meena,parties.IN.IND,IND,3377,1.5435,4,forfeit,U,,,,challenger,src-b152d3829185,minor,
IN-AC-2008-rajasthan-697,rajasthan,2023,157,DHARIAWAD,Kaluram,parties.IN.AAP,AAP,2465,1.1267,5,forfeit,U,,,,challenger,src-b152d3829185,minor,
IN-AC-2008-rajasthan-697,rajasthan,2023,157,DHARIAWAD,Kanhaiyalal,parties.IN.BSP,BSP,2394,1.0942,6,forfeit,U,,,,challenger,src-b152d3829185,minor,
IN-AC-2008-rajasthan-697,rajasthan,2023,157,DHARIAWAD,Rajkumar,parties.IN.IND,IND,1856,0.8483,7,forfeit,U,,,,challenger,src-b152d3829185,minor,
IN-AC-2008-rajasthan-697,rajasthan,2023,157,DHARIAWAD,Puran Mal,parties.IN.CPIMLL,CPI(ML) (L),1627,0.7436,8,forfeit,U,,,,challenger,src-b152d3829185,minor,
IN-AC-2008-rajasthan-523,rajasthan,2023,158,DUNGARPUR,GANESH GHOGRA,parties.IN.INC,INC,69338,36.5919,1,won,U,,,,challenger,src-b152d3829185,minor,
IN-AC-2008-rajasthan-523,rajasthan,2023,158,DUNGARPUR,KANTILAL ROAT,parties.IN.BHARAT_ADIVASI_PARTY,BHRTADVSIP,50285,26.537,2,lost,U,,,,challenger,src-b152d3829185,minor,
IN-AC-2008-rajasthan-523,rajasthan,2023,158,DUNGARPUR,BANSHILAL KATARA,parties.IN.BJP,BJP,45602,24.0656,3,lost,U,,,,challenger,src-b152d3829185,minor,
IN-AC-2008-rajasthan-523,rajasthan,2023,158,DUNGARPUR,DEVRAM ROAT,parties.IN.IND,IND,16165,8.5308,4,forfeit,U,,,,challenger,src-b152d3829185,minor,
IN-AC-2008-rajasthan-523,rajasthan,2023,158,DUNGARPUR,DEVENDRA KATARA,parties.IN.AAP,AAP,2348,1.2391,5,forfeit,U,,,,challenger,src-b152d3829185,minor,
IN-AC-2008-rajasthan-523,rajasthan,2023,158,DUNGARPUR,GOTAMLAL,parties.IN.CPIM,CPI(M),2318,1.2233,6,forfeit,U,,,,challenger,src-b152d3829185,minor,
IN-AC-2008-rajasthan-523,rajasthan,2023,158,DUNGARPUR,DR. DEEPAK GHOGRA,parties.IN.BTP,BTP,1519,0.8016,7,forfeit,U,,,,challenger,src-b152d3829185,minor,
IN-AC-2008-rajasthan-523,rajasthan,2023,158,DUNGARPUR,VIJAYA,parties.IN.ALP,ALP,1354,0.7145,8,forfeit,U,,,,challenger,src-b152d3829185,minor,
IN-AC-2008-rajasthan-523,rajasthan,2023,158,DUNGARPUR,JEEVAN LAL,parties.IN.BSP,BSP,561,0.2961,9,forfeit,U,,,,challenger,src-b152d3829185,minor,
IN-AC-2008-rajasthan-696,rajasthan,2023,159,ASPUR,Umesh Meena,parties.IN.BHARAT_ADIVASI_PARTY,BHRTADVSIP,93742,47.4333,1,won,U,,,,challenger,src-b152d3829185,minor,
IN-AC-2008-rajasthan-696,rajasthan,2023,159,ASPUR,Gopichand,parties.IN.BJP,BJP,64802,32.7897,2,lost,U,,,,challenger,src-b152d3829185,minor,
IN-AC-2008-rajasthan-696,rajasthan,2023,159,ASPUR,Rakesh Roat,parties.IN.INC,INC,31630,16.0047,3,forfeit,U,,,,challenger,src-b152d3829185,minor,
IN-AC-2008-rajasthan-696,rajasthan,2023,159,ASPUR,Mukesh Kumar Ahari,parties.IN.AAP,AAP,3043,1.5398,4,forfeit,U,,,,challenger,src-b152d3829185,minor,
IN-AC-2008-rajasthan-696,rajasthan,2023,159,ASPUR,Mukesh,parties.IN.IND,IND,3011,1.5236,5,forfeit,U,,,,challenger,src-b152d3829185,minor,
IN-AC-2008-rajasthan-696,rajasthan,2023,159,ASPUR,Dileep Kumar,parties.IN.BSP,BSP,1401,0.7089,6,forfeit,U,,,,challenger,src-b152d3829185,minor,
IN-AC-2008-rajasthan-527,rajasthan,2023,160,SAGWARA,Shankarlal Decha,parties.IN.BJP,BJP,75175,37.0726,1,won,U,,,,challenger,src-b152d3829185,minor,
IN-AC-2008-rajasthan-527,rajasthan,2023,160,SAGWARA,Mohanlal Roat,parties.IN.BHARAT_ADIVASI_PARTY,BHRTADVSIP,63176,31.1553,2,lost,U,,,,challenger,src-b152d3829185,minor,
IN-AC-2008-rajasthan-527,rajasthan,2023,160,SAGWARA,Kailash Kumar Roat,parties.IN.INC,INC,46742,23.0508,3,lost,U,,,,challenger,src-b152d3829185,minor,
IN-AC-2008-rajasthan-527,rajasthan,2023,160,SAGWARA,Devilal Ahari,parties.IN.IND,IND,5497,2.7108,4,forfeit,U,,,,challenger,src-b152d3829185,minor,
IN-AC-2008-rajasthan-527,rajasthan,2023,160,SAGWARA,Mohanlal Dendor,parties.IN.BTP,BTP,3242,1.5988,5,forfeit,U,,,,challenger,src-b152d3829185,minor,
IN-AC-2008-rajasthan-527,rajasthan,2023,160,SAGWARA,Pannalal Dodiyar,parties.IN.IND,IND,2175,1.0726,6,forfeit,U,,,,challenger,src-b152d3829185,minor,
IN-AC-2008-rajasthan-527,rajasthan,2023,160,SAGWARA,Shivlal,parties.IN.AAP,AAP,1692,0.8344,7,forfeit,U,,,,challenger,src-b152d3829185,minor,
IN-AC-2008-rajasthan-527,rajasthan,2023,160,SAGWARA,Govardhan Nanoma,parties.IN.IND,IND,1675,0.826,8,forfeit,U,,,,challenger,src-b152d3829185,minor,
IN-AC-2008-rajasthan-527,rajasthan,2023,160,SAGWARA,Mansingh Roat,parties.IN.IND,IND,1440,0.7101,9,forfeit,U,,,,challenger,src-b152d3829185,minor,
IN-AC-2008-rajasthan-527,rajasthan,2023,160,SAGWARA,Dalji Dendor (Meena),parties.IN.BSP,BSP,1423,0.7018,10,forfeit,U,,,,challenger,src-b152d3829185,minor,
IN-AC-2008-rajasthan-527,rajasthan,2023,160,SAGWARA,Amritlal Ahari,parties.IN.BMUP,BMUP,541,0.2668,11,forfeit,U,,,,challenger,src-b152d3829185,minor,
IN-AC-2008-rajasthan-522,rajasthan,2023,161,CHORASI,Rajkumar Roat,parties.IN.BHARAT_ADIVASI_PARTY,BHRTADVSIP,111150,54.9309,1,won,U,,,,challenger,src-b152d3829185,minor,
IN-AC-2008-rajasthan-522,rajasthan,2023,161,CHORASI,Sushil Katara,parties.IN.BJP,BJP,41984,20.7487,2,lost,U,,,,challenger,src-b152d3829185,minor,
IN-AC-2008-rajasthan-522,rajasthan,2023,161,CHORASI,Tarachand Bhagora,parties.IN.INC,INC,28120,13.8971,3,forfeit,U,,,,challenger,src-b152d3829185,minor,
IN-AC-2008-rajasthan-522,rajasthan,2023,161,CHORASI,Mahendra Barjod,parties.IN.IND,IND,11314,5.5914,4,forfeit,U,,,,challenger,src-b152d3829185,minor,
IN-AC-2008-rajasthan-522,rajasthan,2023,161,CHORASI,Ranchhodlal Tabiyad,parties.IN.BTP,BTP,3318,1.6398,5,forfeit,U,,,,challenger,src-b152d3829185,minor,
IN-AC-2008-rajasthan-522,rajasthan,2023,161,CHORASI,Shankarlal Bamaniya,parties.IN.IPGP,IPGP,1969,0.9731,6,forfeit,U,,,,challenger,src-b152d3829185,minor,
IN-AC-2008-rajasthan-522,rajasthan,2023,161,CHORASI,Shankarlal,parties.IN.AAP,AAP,1914,0.9459,7,forfeit,U,,,,challenger,src-b152d3829185,minor,
IN-AC-2008-rajasthan-522,rajasthan,2023,161,CHORASI,VIJAYPAL,parties.IN.BSP,BSP,1362,0.6731,8,forfeit,U,,,,challenger,src-b152d3829185,minor,
IN-AC-2008-rajasthan-522,rajasthan,2023,161,CHORASI,Uday Kumar,parties.IN.IND,IND,1214,0.6,9,forfeit,U,,,,challenger,src-b152d3829185,minor,
IN-AC-2008-rajasthan-525,rajasthan,2023,162,GHATOL,NANALAL NINAMA,parties.IN.INC,INC,88335,37.1954,1,won,U,,,,challenger,src-b152d3829185,minor,
IN-AC-2008-rajasthan-525,rajasthan,2023,162,GHATOL,ASHOK KUMAR,parties.IN.BHARAT_ADIVASI_PARTY,BHRTADVSIP,84644,35.6412,2,lost,U,,,,challenger,src-b152d3829185,minor,
IN-AC-2008-rajasthan-525,rajasthan,2023,162,GHATOL,MANSHANKAR NINAMA,parties.IN.BJP,BJP,55537,23.3851,3,lost,U,,,,challenger,src-b152d3829185,minor,
IN-AC-2008-rajasthan-525,rajasthan,2023,162,GHATOL,NARAYAN LAL,parties.IN.AAP,AAP,3935,1.6569,4,forfeit,U,,,,challenger,src-b152d3829185,minor,
IN-AC-2008-rajasthan-525,rajasthan,2023,162,GHATOL,DHIRAJMAL NINAMA,parties.IN.BTP,BTP,1867,0.7861,5,forfeit,U,,,,challenger,src-b152d3829185,minor,
IN-AC-2008-rajasthan-525,rajasthan,2023,162,GHATOL,KANTILAL NINAMA,parties.IN.IND,IND,1586,0.6678,6,forfeit,U,,,,challenger,src-b152d3829185,minor,
IN-AC-2008-rajasthan-525,rajasthan,2023,162,GHATOL,BAPULAL GANAVA,parties.IN.BSP,BSP,1585,0.6674,7,forfeit,U,,,,challenger,src-b152d3829185,minor,
IN-AC-2008-rajasthan-524,rajasthan,2023,163,GARHI,KAILASH CHANDRA MEENA,parties.IN.BJP,BJP,87392,39.486,1,won,U,,,,challenger,src-b152d3829185,minor,
IN-AC-2008-rajasthan-524,rajasthan,2023,163,GARHI,SHANKARLAL CHARPOTA,parties.IN.INC,INC,72285,32.6603,2,lost,U,,,,challenger,src-b152d3829185,minor,
IN-AC-2008-rajasthan-524,rajasthan,2023,163,GARHI,MANI LAL GARASIYA,parties.IN.BHARAT_ADIVASI_PARTY,BHRTADVSIP,43525,19.6657,3,lost,U,,,,challenger,src-b152d3829185,minor,
IN-AC-2008-rajasthan-524,rajasthan,2023,163,GARHI,PANKAJ CHARPOTA,parties.IN.IND,IND,3946,1.7829,4,forfeit,U,,,,challenger,src-b152d3829185,minor,
IN-AC-2008-rajasthan-524,rajasthan,2023,163,GARHI,SHALENDRA ROAT,parties.IN.IND,IND,3420,1.5452,5,forfeit,U,,,,challenger,src-b152d3829185,minor,
IN-AC-2008-rajasthan-524,rajasthan,2023,163,GARHI,LAXMAN LAL,parties.IN.IND,IND,2295,1.0369,6,forfeit,U,,,,challenger,src-b152d3829185,minor,
IN-AC-2008-rajasthan-524,rajasthan,2023,163,GARHI,PREMILA KHARADI,parties.IN.IND,IND,1909,0.8625,7,forfeit,U,,,,challenger,src-b152d3829185,minor,
IN-AC-2008-rajasthan-524,rajasthan,2023,163,GARHI,SURYALAL KHANT,parties.IN.BSP,BSP,1875,0.8472,8,forfeit,U,,,,challenger,src-b152d3829185,minor,
IN-AC-2008-rajasthan-524,rajasthan,2023,163,GARHI,VIJAY PAL S/O PUNIYA KATARA,parties.IN.BTP,BTP,1609,0.727,9,forfeit,U,,,,challenger,src-b152d3829185,minor,
IN-AC-2008-rajasthan-524,rajasthan,2023,163,GARHI,NIPESH DAMOR,parties.IN.IND,IND,1140,0.5151,10,forfeit,U,,,,challenger,src-b152d3829185,minor,
IN-AC-2008-rajasthan-524,rajasthan,2023,163,GARHI,VINOD KUMAR ADIVASI,parties.IN.BMUP,BMUP,1072,0.4844,11,forfeit,U,,,,challenger,src-b152d3829185,minor,
IN-AC-2008-rajasthan-524,rajasthan,2023,163,GARHI,KUGALAL AHADA (HADA),parties.IN.IND,IND,856,0.3868,12,forfeit,U,,,,challenger,src-b152d3829185,minor,
IN-AC-2008-rajasthan-521,rajasthan,2023,164,BANSWARA,ARJUN SINGH BAMANIYA,parties.IN.INC,INC,93017,41.1718,1,won,U,,,,challenger,src-b152d3829185,minor,
IN-AC-2008-rajasthan-521,rajasthan,2023,164,BANSWARA,DHAN SINGH RAWAT,parties.IN.BJP,BJP,91617,40.5521,2,lost,U,,,,challenger,src-b152d3829185,minor,
IN-AC-2008-rajasthan-521,rajasthan,2023,164,BANSWARA,HEMANT RANA,parties.IN.BHARAT_ADIVASI_PARTY,BHRTADVSIP,34666,15.3441,3,forfeit,U,,,,challenger,src-b152d3829185,minor,
IN-AC-2008-rajasthan-521,rajasthan,2023,164,BANSWARA,DHAN SINGH BHIL,parties.IN.IND,IND,3327,1.4726,4,forfeit,U,,,,challenger,src-b152d3829185,minor,
IN-AC-2008-rajasthan-521,rajasthan,2023,164,BANSWARA,PRAKASH,parties.IN.BSP,BSP,1910,0.8454,5,forfeit,U,,,,challenger,src-b152d3829185,minor,
IN-AC-2008-rajasthan-521,rajasthan,2023,164,BANSWARA,BHAGWATI LAL DINDOR,parties.IN.BTP,BTP,1387,0.6139,6,forfeit,U,,,,challenger,src-b152d3829185,minor,
IN-AC-2008-rajasthan-520,rajasthan,2023,165,BAGIDORA,MAHENDRA JEET SINGH MALVIYA,parties.IN.INC,INC,101742,46.5543,1,won,U,,,,challenger,src-b152d3829185,minor,
IN-AC-2008-rajasthan-520,rajasthan,2023,165,BAGIDORA,JAIKRISHN PATEL,parties.IN.BHARAT_ADIVASI_PARTY,BHRTADVSIP,60387,27.6314,2,lost,U,,,,challenger,src-b152d3829185,minor,
IN-AC-2008-rajasthan-520,rajasthan,2023,165,BAGIDORA,KRISHNA KATARA,parties.IN.BJP,BJP,45140,20.6548,3,lost,U,,,,challenger,src-b152d3829185,minor,
IN-AC-2008-rajasthan-520,rajasthan,2023,165,BAGIDORA,BASANT LAL GARASIYA,parties.IN.BTP,BTP,8517,3.8971,4,forfeit,U,,,,challenger,src-b152d3829185,minor,
IN-AC-2008-rajasthan-520,rajasthan,2023,165,BAGIDORA,PRAVIN,parties.IN.BSP,BSP,2759,1.2624,5,forfeit,U,,,,challenger,src-b152d3829185,minor,
IN-AC-2008-rajasthan-526,rajasthan,2023,166,KUSHALGARH,RAMILA KHADIYA,parties.IN.INC,INC,97480,42.278,1,won,U,,,,challenger,src-b152d3829185,minor,
IN-AC-2008-rajasthan-526,rajasthan,2023,166,KUSHALGARH,BHEEMA BHAI,parties.IN.BJP,BJP,87676,38.0259,2,lost,U,,,,challenger,src-b152d3829185,minor,
IN-AC-2008-rajasthan-526,rajasthan,2023,166,KUSHALGARH,RAJENDRA,parties.IN.BHARAT_ADIVASI_PARTY,BHRTADVSIP,33758,14.6412,3,forfeit,U,,,,challenger,src-b152d3829185,minor,
IN-AC-2008-rajasthan-526,rajasthan,2023,166,KUSHALGARH,Dr. SOMESHWAR GARASIYA,parties.IN.IND,IND,4327,1.8767,4,forfeit,U,,,,challenger,src-b152d3829185,minor,
IN-AC-2008-rajasthan-526,rajasthan,2023,166,KUSHALGARH,VIJAYSINGH MAIDA,parties.IN.AAP,AAP,2480,1.0756,5,forfeit,U,,,,challenger,src-b152d3829185,minor,
IN-AC-2008-rajasthan-526,rajasthan,2023,166,KUSHALGARH,ASHOK BHAI,parties.IN.IND,IND,1353,0.5868,6,forfeit,U,,,,challenger,src-b152d3829185,minor,
IN-AC-2008-rajasthan-526,rajasthan,2023,166,KUSHALGARH,ONKARSINGH DAMAR,parties.IN.IND,IND,1041,0.4515,7,forfeit,U,,,,challenger,src-b152d3829185,minor,
IN-AC-2008-rajasthan-526,rajasthan,2023,166,KUSHALGARH,DEVCHAND MAVI,parties.IN.BTP,BTP,981,0.4255,8,forfeit,U,,,,challenger,src-b152d3829185,minor,
IN-AC-2008-rajasthan-526,rajasthan,2023,166,KUSHALGARH,DINESH,parties.IN.BMUP,BMUP,754,0.327,9,forfeit,U,,,,challenger,src-b152d3829185,minor,
IN-AC-2008-rajasthan-526,rajasthan,2023,166,KUSHALGARH,HARENDRA,parties.IN.BSP,BSP,719,0.3118,10,forfeit,U,,,,challenger,src-b152d3829185,minor,
IN-AC-2008-rajasthan-563,rajasthan,2023,167,KAPASAN,ARJUN LAL JINGAR,parties.IN.BJP,BJP,84778,42.6206,1,won,U,,,,challenger,src-b152d3829185,minor,
IN-AC-2008-rajasthan-563,rajasthan,2023,167,KAPASAN,SHANKAR LAL BERWA,parties.IN.INC,INC,63434,31.8903,2,lost,U,,,,challenger,src-b152d3829185,minor,
IN-AC-2008-rajasthan-563,rajasthan,2023,167,KAPASAN,ANANDI RAM,parties.IN.RLP,RLP,29425,14.7929,3,forfeit,U,,,,challenger,src-b152d3829185,minor,
IN-AC-2008-rajasthan-563,rajasthan,2023,167,KAPASAN,DINESH CHANDRA BUNKAR,parties.IN.IND,IND,15527,7.8059,4,forfeit,U,,,,challenger,src-b152d3829185,minor,
IN-AC-2008-rajasthan-563,rajasthan,2023,167,KAPASAN,BANSHILAL MEGHWAL,parties.IN.IND,IND,1486,0.7471,5,forfeit,U,,,,challenger,src-b152d3829185,minor,
IN-AC-2008-rajasthan-563,rajasthan,2023,167,KAPASAN,ANAND KUMAR BAIRWA,parties.IN.IND,IND,1358,0.6827,6,forfeit,U,,,,challenger,src-b152d3829185,minor,
IN-AC-2008-rajasthan-563,rajasthan,2023,167,KAPASAN,JITENDRA KUMAR BANJARA,parties.IN.RTORP,RTORP,1267,0.637,7,forfeit,U,,,,challenger,src-b152d3829185,minor,
IN-AC-2008-rajasthan-563,rajasthan,2023,167,KAPASAN,BALU NAYAK MOKHAMPURA,parties.IN.BSP,BSP,1110,0.558,8,forfeit,U,,,,challenger,src-b152d3829185,minor,
IN-AC-2008-rajasthan-563,rajasthan,2023,167,KAPASAN,MANGI LAL SOLANKI,parties.IN.BMUP,BMUP,528,0.2654,9,forfeit,U,,,,challenger,src-b152d3829185,minor,
IN-AC-2008-rajasthan-561,rajasthan,2023,168,BEGUN,DR. SURESH DHAKAR,parties.IN.BJP,BJP,136714,58.5278,1,won,U,,,,challenger,src-b152d3829185,minor,
IN-AC-2008-rajasthan-561,rajasthan,2023,168,BEGUN,GURJAR RAJENDER SINGH BIDHURI,parties.IN.INC,INC,86053,36.8396,2,lost,U,,,,challenger,src-b152d3829185,minor,
IN-AC-2008-rajasthan-561,rajasthan,2023,168,BEGUN,NARESH KUMAR GURJAR,parties.IN.RLP,RLP,4299,1.8404,3,forfeit,U,,,,challenger,src-b152d3829185,minor,
IN-AC-2008-rajasthan-561,rajasthan,2023,168,BEGUN,ONKAR,parties.IN.BSP,BSP,2297,0.9834,4,forfeit,U,,,,challenger,src-b152d3829185,minor,
IN-AC-2008-rajasthan-561,rajasthan,2023,168,BEGUN,SURESHKUMAR DHAKER,parties.IN.IND,IND,1498,0.6413,5,forfeit,U,,,,challenger,src-b152d3829185,minor,
IN-AC-2008-rajasthan-561,rajasthan,2023,168,BEGUN,ISHWAR CHOUDHARY,parties.IN.RTORP,RTORP,1133,0.485,6,forfeit,U,,,,challenger,src-b152d3829185,minor,
IN-AC-2008-rajasthan-561,rajasthan,2023,168,BEGUN,RAMESH RAGHAV,parties.IN.AAP,AAP,998,0.4272,7,forfeit,U,,,,challenger,src-b152d3829185,minor,
IN-AC-2008-rajasthan-561,rajasthan,2023,168,BEGUN,JAI PRAKASH AMETA,parties.IN.IND,IND,596,0.2552,8,forfeit,U,,,,challenger,src-b152d3829185,minor,
IN-AC-2008-rajasthan-562,rajasthan,2023,169,CHITTORGARH,Chandrabhan Singh Chouhan,parties.IN.IND,IND,98446,45.6716,1,won,U,,,,challenger,src-b152d3829185,minor,
IN-AC-2008-rajasthan-562,rajasthan,2023,169,CHITTORGARH,Surendra Singh Jadawat,parties.IN.INC,INC,91623,42.5062,2,lost,U,,,,challenger,src-b152d3829185,minor,
IN-AC-2008-rajasthan-562,rajasthan,2023,169,CHITTORGARH,Narpat Singh Rajvi,parties.IN.BJP,BJP,19913,9.2381,3,forfeit,U,,,,challenger,src-b152d3829185,minor,
IN-AC-2008-rajasthan-562,rajasthan,2023,169,CHITTORGARH,Jogendra Singh Hoda,parties.IN.ALP,ALP,1537,0.7131,4,forfeit,U,,,,challenger,src-b152d3829185,minor,
IN-AC-2008-rajasthan-562,rajasthan,2023,169,CHITTORGARH,Mohammad Wahid Khan,parties.IN.PHCPP,PHCPP,1426,0.6616,5,forfeit,U,,,,challenger,src-b152d3829185,minor,
IN-AC-2008-rajasthan-562,rajasthan,2023,169,CHITTORGARH,Dilkhush,parties.IN.IND,IND,1068,0.4955,6,forfeit,U,,,,challenger,src-b152d3829185,minor,
IN-AC-2008-rajasthan-562,rajasthan,2023,169,CHITTORGARH,Rameshwar Lal Bairwa,parties.IN.BSP,BSP,987,0.4579,7,forfeit,U,,,,challenger,src-b152d3829185,minor,
IN-AC-2008-rajasthan-562,rajasthan,2023,169,CHITTORGARH,Narayan Lal,parties.IN.IND,IND,552,0.2561,8,forfeit,U,,,,challenger,src-b152d3829185,minor,
IN-AC-2008-rajasthan-565,rajasthan,2023,170,NIMBAHERA,SHRICHAND KRIPLANI,parties.IN.BJP,BJP,116640,49.6203,1,won,U,,,,challenger,src-b152d3829185,minor,
IN-AC-2008-rajasthan-565,rajasthan,2023,170,NIMBAHERA,ANJANA UDAYALAL,parties.IN.INC,INC,112795,47.9846,2,lost,U,,,,challenger,src-b152d3829185,minor,
IN-AC-2008-rajasthan-565,rajasthan,2023,170,NIMBAHERA,RADHESHYAM MEGHWAL,parties.IN.BSP,BSP,1544,0.6568,3,forfeit,U,,,,challenger,src-b152d3829185,minor,
IN-AC-2008-rajasthan-565,rajasthan,2023,170,NIMBAHERA,GOPAL DHAKAD,parties.IN.RTORP,RTORP,1076,0.4577,4,forfeit,U,,,,challenger,src-b152d3829185,minor,
IN-AC-2008-rajasthan-565,rajasthan,2023,170,NIMBAHERA,PRAKASH CHANDRA MEGHWAL,parties.IN.ABCD_A,ABCD(A),1060,0.4509,5,forfeit,U,,,,challenger,src-b152d3829185,minor,
IN-AC-2008-rajasthan-565,rajasthan,2023,170,NIMBAHERA,SHAKIR MIYA,parties.IN.AAP,AAP,633,0.2693,6,forfeit,U,,,,challenger,src-b152d3829185,minor,
IN-AC-2008-rajasthan-565,rajasthan,2023,170,NIMBAHERA,SHAMBHU LAL,parties.IN.RLP,RLP,445,0.1893,7,forfeit,U,,,,challenger,src-b152d3829185,minor,
IN-AC-2008-rajasthan-565,rajasthan,2023,170,NIMBAHERA,RAMESH CHANDRA KUMAWAT,parties.IN.IND,IND,438,0.1863,8,forfeit,U,,,,challenger,src-b152d3829185,minor,
IN-AC-2008-rajasthan-565,rajasthan,2023,170,NIMBAHERA,GULABCHAND,parties.IN.IND,IND,221,0.094,9,forfeit,U,,,,challenger,src-b152d3829185,minor,
IN-AC-2008-rajasthan-565,rajasthan,2023,170,NIMBAHERA,LABH CHANDRA KUMHAR,parties.IN.BMUP,BMUP,213,0.0906,10,forfeit,U,,,,challenger,src-b152d3829185,minor,
IN-AC-2008-rajasthan-560,rajasthan,2023,171,BARI SADRI,GAUTAM KUMAR,parties.IN.BJP,BJP,103940,48.3298,1,won,U,,,,challenger,src-b152d3829185,minor,
IN-AC-2008-rajasthan-560,rajasthan,2023,171,BARI SADRI,BADRI LAL JAT,parties.IN.INC,INC,92108,42.8282,2,lost,U,,,,challenger,src-b152d3829185,minor,
IN-AC-2008-rajasthan-560,rajasthan,2023,171,BARI SADRI,PHOJI LAL,parties.IN.BHARAT_ADIVASI_PARTY,BHRTADVSIP,11833,5.5021,3,forfeit,U,,,,challenger,src-b152d3829185,minor,
IN-AC-2008-rajasthan-560,rajasthan,2023,171,BARI SADRI,SHYAM LAL MEGHWAL,parties.IN.IND,IND,1802,0.8379,4,forfeit,U,,,,challenger,src-b152d3829185,minor,
IN-AC-2008-rajasthan-560,rajasthan,2023,171,BARI SADRI,SHYAMLAL,parties.IN.IND,IND,1397,0.6496,5,forfeit,U,,,,challenger,src-b152d3829185,minor,
IN-AC-2008-rajasthan-560,rajasthan,2023,171,BARI SADRI,BHAGWATI LAL REGAR,parties.IN.BSP,BSP,1393,0.6477,6,forfeit,U,,,,challenger,src-b152d3829185,minor,
IN-AC-2008-rajasthan-560,rajasthan,2023,171,BARI SADRI,SHANKAR LAL MEGHWAL,parties.IN.ASPKR,ASPKR,1014,0.4715,7,forfeit,U,,,,challenger,src-b152d3829185,minor,
IN-AC-2008-rajasthan-560,rajasthan,2023,171,BARI SADRI,BHERU LAL MEENA,parties.IN.IND,IND,476,0.2213,8,forfeit,U,,,,challenger,src-b152d3829185,minor,
IN-AC-2008-rajasthan-560,rajasthan,2023,171,BARI SADRI,GHANSHYAM LAL JANWA,parties.IN.IND,IND,311,0.1446,9,forfeit,U,,,,challenger,src-b152d3829185,minor,
IN-AC-2008-rajasthan-560,rajasthan,2023,171,BARI SADRI,BHUPAL SINGH RATHORE,parties.IN.IND,IND,305,0.1418,10,forfeit,U,,,,challenger,src-b152d3829185,minor,
IN-AC-2008-rajasthan-560,rajasthan,2023,171,BARI SADRI,GULAB CHAND SAHLOT,parties.IN.IND,IND,260,0.1209,11,forfeit,U,,,,challenger,src-b152d3829185,minor,
IN-AC-2008-rajasthan-560,rajasthan,2023,171,BARI SADRI,BANSI LAL KUMAWAT,parties.IN.IND,IND,225,0.1046,12,forfeit,U,,,,challenger,src-b152d3829185,minor,
IN-AC-2008-rajasthan-566,rajasthan,2023,172,PRATAPGARH,HEMANT MEENA,parties.IN.BJP,BJP,87644,40.4273,1,won,U,,,,challenger,src-b152d3829185,minor,
IN-AC-2008-rajasthan-566,rajasthan,2023,172,PRATAPGARH,RAMLAL MEENA,parties.IN.INC,INC,62535,28.8454,2,lost,U,,,,challenger,src-b152d3829185,minor,
IN-AC-2008-rajasthan-566,rajasthan,2023,172,PRATAPGARH,MANGI LAL MEENA,parties.IN.BHARAT_ADIVASI_PARTY,BHRTADVSIP,62023,28.6092,3,lost,U,,,,challenger,src-b152d3829185,minor,
IN-AC-2008-rajasthan-566,rajasthan,2023,172,PRATAPGARH,KAMAL MEENA,parties.IN.BSP,BSP,2000,0.9225,4,forfeit,U,,,,challenger,src-b152d3829185,minor,
IN-AC-2008-rajasthan-566,rajasthan,2023,172,PRATAPGARH,RANG LAL MEENA,parties.IN.CPIMLL,CPI(ML) (L),1618,0.7463,5,forfeit,U,,,,challenger,src-b152d3829185,minor,
IN-AC-2008-rajasthan-566,rajasthan,2023,172,PRATAPGARH,RAMSINGH DAMOR,parties.IN.BMUP,BMUP,974,0.4493,6,forfeit,U,,,,challenger,src-b152d3829185,minor,
IN-AC-2008-rajasthan-673,rajasthan,2023,173,BHIM,Harisingh Rawat S/o Panna Singh,parties.IN.BJP,BJP,93905,58.009,1,won,U,,,,challenger,src-b152d3829185,minor,
IN-AC-2008-rajasthan-673,rajasthan,2023,173,BHIM,Sudarshan Singh Rawat S/o Lakshman Singh,parties.IN.INC,INC,62137,38.3846,2,lost,U,,,,challenger,src-b152d3829185,minor,
IN-AC-2008-rajasthan-673,rajasthan,2023,173,BHIM,Hukmaram Salvi,parties.IN.BSP,BSP,1334,0.8241,3,forfeit,U,,,,challenger,src-b152d3829185,minor,
IN-AC-2008-rajasthan-673,rajasthan,2023,173,BHIM,Manohar Singh Rawat,parties.IN.AAP,AAP,1288,0.7957,4,forfeit,U,,,,challenger,src-b152d3829185,minor,
IN-AC-2008-rajasthan-673,rajasthan,2023,173,BHIM,Hari Singh Rawat S/o Nathu Singh,parties.IN.IND,IND,984,0.6079,5,forfeit,U,,,,challenger,src-b152d3829185,minor,
IN-AC-2008-rajasthan-673,rajasthan,2023,173,BHIM,Hari Singh Rawat S/o Panna Singh,parties.IN.IND,IND,928,0.5733,6,forfeit,U,,,,challenger,src-b152d3829185,minor,
IN-AC-2008-rajasthan-673,rajasthan,2023,173,BHIM,Sudarshan Singh Rawat S/o Pushpendra Singh Chouhan,parties.IN.IND,IND,458,0.2829,7,forfeit,U,,,,challenger,src-b152d3829185,minor,
IN-AC-2008-rajasthan-673,rajasthan,2023,173,BHIM,Rawat Dilip Singh Sisodiya,parties.IN.IND,IND,364,0.2249,8,forfeit,U,,,,challenger,src-b152d3829185,minor,
IN-AC-2008-rajasthan-673,rajasthan,2023,173,BHIM,Govindsingh,parties.IN.LJPRV,LJP (RV),242,0.1495,9,forfeit,U,,,,challenger,src-b152d3829185,minor,
IN-AC-2008-rajasthan-673,rajasthan,2023,173,BHIM,Ghanshyam Singh,parties.IN.IND,IND,240,0.1483,10,forfeit,U,,,,challenger,src-b152d3829185,minor,
IN-AC-2008-rajasthan-676,rajasthan,2023,174,KUMBHALGARH,Surendra Singh Rathore,parties.IN.BJP,BJP,78133,50.7354,1,won,U,,,,challenger,src-b152d3829185,minor,
IN-AC-2008-rajasthan-676,rajasthan,2023,174,KUMBHALGARH,Yogendra Singh Parmar,parties.IN.INC,INC,56073,36.4108,2,lost,U,,,,challenger,src-b152d3829185,minor,
IN-AC-2008-rajasthan-676,rajasthan,2023,174,KUMBHALGARH,Dr. Ram Meena,parties.IN.BHARAT_ADIVASI_PARTY,BHRTADVSIP,8813,5.7227,3,forfeit,U,,,,challenger,src-b152d3829185,minor,
IN-AC-2008-rajasthan-676,rajasthan,2023,174,KUMBHALGARH,Neeraj Singh Ranawat,parties.IN.IND,IND,4237,2.7513,4,forfeit,U,,,,challenger,src-b152d3829185,minor,
IN-AC-2008-rajasthan-676,rajasthan,2023,174,KUMBHALGARH,Chaman Dana,parties.IN.BTP,BTP,1843,1.1967,5,forfeit,U,,,,challenger,src-b152d3829185,minor,
IN-AC-2008-rajasthan-676,rajasthan,2023,174,KUMBHALGARH,Narayan Lal Balai,parties.IN.BSP,BSP,1623,1.0539,6,forfeit,U,,,,challenger,src-b152d3829185,minor,
IN-AC-2008-rajasthan-676,rajasthan,2023,174,KUMBHALGARH,Prakash Chandra Vaishnav,parties.IN.IND,IND,1411,0.9162,7,forfeit,U,,,,challenger,src-b152d3829185,minor,
IN-AC-2008-rajasthan-676,rajasthan,2023,174,KUMBHALGARH,Anop Singh,parties.IN.IND,IND,1223,0.7942,8,forfeit,U,,,,challenger,src-b152d3829185,minor,
IN-AC-2008-rajasthan-676,rajasthan,2023,174,KUMBHALGARH,Tejraj Kalal,parties.IN.IND,IND,645,0.4188,9,forfeit,U,,,,challenger,src-b152d3829185,minor,
IN-AC-2008-rajasthan-679,rajasthan,2023,175,RAJSAMAND,DEEPTI KIRAN MAHESHWARI,parties.IN.BJP,BJP,94043,53.8755,1,won,U,,,,challenger,src-b152d3829185,minor,
IN-AC-2008-rajasthan-679,rajasthan,2023,175,RAJSAMAND,NARAYAN SINGH BHATI,parties.IN.INC,INC,62081,35.5651,2,lost,U,,,,challenger,src-b152d3829185,minor,
IN-AC-2008-rajasthan-679,rajasthan,2023,175,RAJSAMAND,DINESH BADALA,parties.IN.IND,IND,13599,7.7906,3,forfeit,U,,,,challenger,src-b152d3829185,minor,
IN-AC-2008-rajasthan-679,rajasthan,2023,175,RAJSAMAND,DR. GHANASHYAM MURDIA,parties.IN.AAP,AAP,1772,1.0151,4,forfeit,U,,,,challenger,src-b152d3829185,minor,
IN-AC-2008-rajasthan-679,rajasthan,2023,175,RAJSAMAND,MANOJ KUMAWAT,parties.IN.IND,IND,1231,0.7052,5,forfeit,U,,,,challenger,src-b152d3829185,minor,
IN-AC-2008-rajasthan-679,rajasthan,2023,175,RAJSAMAND,VINOD SONWAL,parties.IN.BSP,BSP,886,0.5076,6,forfeit,U,,,,challenger,src-b152d3829185,minor,
IN-AC-2008-rajasthan-679,rajasthan,2023,175,RAJSAMAND,JITENDRA KUMAR KHATIK,parties.IN.IND,IND,548,0.3139,7,forfeit,U,,,,challenger,src-b152d3829185,minor,
IN-AC-2008-rajasthan-679,rajasthan,2023,175,RAJSAMAND,MANISH PANDEY,parties.IN.RTORP,RTORP,396,0.2269,8,forfeit,U,,,,challenger,src-b152d3829185,minor,
IN-AC-2008-rajasthan-678,rajasthan,2023,176,NATHDWARA,VISHVARAJ SINGH MEWAR,parties.IN.BJP,BJP,94950,50.8189,1,won,U,,,,challenger,src-b152d3829185,minor,
IN-AC-2008-rajasthan-678,rajasthan,2023,176,NATHDWARA,C. P. JOSHI,parties.IN.INC,INC,87446,46.8026,2,lost,U,,,,challenger,src-b152d3829185,minor,
IN-AC-2008-rajasthan-678,rajasthan,2023,176,NATHDWARA,JITENDRA KUMAR KHATIK,parties.IN.IND,IND,2001,1.071,3,forfeit,U,,,,challenger,src-b152d3829185,minor,
IN-AC-2008-rajasthan-678,rajasthan,2023,176,NATHDWARA,BABULAL SALVI,parties.IN.BSP,BSP,1762,0.9431,4,forfeit,U,,,,challenger,src-b152d3829185,minor,
IN-AC-2008-rajasthan-678,rajasthan,2023,176,NATHDWARA,MOTI SINGH CHADANA,parties.IN.IND,IND,681,0.3645,5,forfeit,U,,,,challenger,src-b152d3829185,minor,
IN-AC-2008-rajasthan-544,rajasthan,2023,177,ASIND,Jabbar Singh Sankhala,parties.IN.BJP,BJP,74586,33.905,1,won,U,,,,challenger,src-b152d3829185,minor,
IN-AC-2008-rajasthan-544,rajasthan,2023,177,ASIND,Hagamilal Mewara,parties.IN.INC,INC,73060,33.2114,2,lost,U,,,,challenger,src-b152d3829185,minor,
IN-AC-2008-rajasthan-544,rajasthan,2023,177,ASIND,DHANRAJ GURJAR,parties.IN.RLP,RLP,56904,25.8672,3,lost,U,,,,challenger,src-b152d3829185,minor,
IN-AC-2008-rajasthan-544,rajasthan,2023,177,ASIND,Naru Lal Bhil,parties.IN.IND,IND,7676,3.4893,4,forfeit,U,,,,challenger,src-b152d3829185,minor,
IN-AC-2008-rajasthan-544,rajasthan,2023,177,ASIND,Rana Khan,parties.IN.AAP,AAP,1784,0.811,5,forfeit,U,,,,challenger,src-b152d3829185,minor,
IN-AC-2008-rajasthan-544,rajasthan,2023,177,ASIND,SAMPAT LOHAR,parties.IN.IND,IND,1578,0.7173,6,forfeit,U,,,,challenger,src-b152d3829185,minor,
IN-AC-2008-rajasthan-544,rajasthan,2023,177,ASIND,Paras Sahu,parties.IN.IPGP,IPGP,1142,0.5191,7,forfeit,U,,,,challenger,src-b152d3829185,minor,
IN-AC-2008-rajasthan-544,rajasthan,2023,177,ASIND,Dinesh Meghwanshi,parties.IN.IND,IND,754,0.3428,8,forfeit,U,,,,challenger,src-b152d3829185,minor,
IN-AC-2008-rajasthan-544,rajasthan,2023,177,ASIND,Radheshyam Vaishnav,parties.IN.APOI,APOI,719,0.3268,9,forfeit,U,,,,challenger,src-b152d3829185,minor,
IN-AC-2008-rajasthan-544,rajasthan,2023,177,ASIND,Gopal Lal Khatik,parties.IN.IND,IND,716,0.3255,10,forfeit,U,,,,challenger,src-b152d3829185,minor,
IN-AC-2008-rajasthan-544,rajasthan,2023,177,ASIND,Ram Dayal Regar,parties.IN.BSP,BSP,704,0.32,11,forfeit,U,,,,challenger,src-b152d3829185,minor,
IN-AC-2008-rajasthan-544,rajasthan,2023,177,ASIND,Shivaraj,parties.IN.RTORP,RTORP,362,0.1646,12,forfeit,U,,,,challenger,src-b152d3829185,minor,
IN-AC-2008-rajasthan-548,rajasthan,2023,178,MANDAL,UDAI LAL BHADANA,parties.IN.BJP,BJP,126291,57.4118,1,won,U,,,,challenger,src-b152d3829185,minor,
IN-AC-2008-rajasthan-548,rajasthan,2023,178,MANDAL,RAM LAL JAT,parties.IN.INC,INC,90413,41.1017,2,lost,U,,,,challenger,src-b152d3829185,minor,
IN-AC-2008-rajasthan-548,rajasthan,2023,178,MANDAL,RAMESHWAR LAL JAT,parties.IN.BSP,BSP,1597,0.726,3,forfeit,U,,,,challenger,src-b152d3829185,minor,
IN-AC-2008-rajasthan-548,rajasthan,2023,178,MANDAL,MAHAVIR SINGH,parties.IN.IND,IND,1042,0.4737,4,forfeit,U,,,,challenger,src-b152d3829185,minor,
IN-AC-2008-rajasthan-548,rajasthan,2023,178,MANDAL,ANURAG TAK,parties.IN.RTORP,RTORP,631,0.2869,5,forfeit,U,,,,challenger,src-b152d3829185,minor,
IN-AC-2008-rajasthan-550,rajasthan,2023,179,SAHARA,LADU LAL PITLIYA,parties.IN.BJP,BJP,117203,62.2824,1,won,U,,,,challenger,src-b152d3829185,minor,
IN-AC-2008-rajasthan-550,rajasthan,2023,179,SAHARA,RAJENDRA TRIVEDI,parties.IN.INC,INC,54684,29.0594,2,lost,U,,,,challenger,src-b152d3829185,minor,
IN-AC-2008-rajasthan-550,rajasthan,2023,179,SAHARA,BADRILAL JAT,parties.IN.RLP,RLP,8971,4.7672,3,forfeit,U,,,,challenger,src-b152d3829185,minor,
IN-AC-2008-rajasthan-550,rajasthan,2023,179,SAHARA,KAILASH GEHLOT,parties.IN.CPI,CPI,4125,2.1921,4,forfeit,U,,,,challenger,src-b152d3829185,minor,
IN-AC-2008-rajasthan-550,rajasthan,2023,179,SAHARA,KALU KHAN,parties.IN.BSP,BSP,1402,0.745,5,forfeit,U,,,,challenger,src-b152d3829185,minor,
IN-AC-2008-rajasthan-550,rajasthan,2023,179,SAHARA,BHAIRU LAL KUMAWAT,parties.IN.RTORP,RTORP,1156,0.6143,6,forfeit,U,,,,challenger,src-b152d3829185,minor,
IN-AC-2008-rajasthan-550,rajasthan,2023,179,SAHARA,RATAN LAL SUTHAR,parties.IN.IND,IND,639,0.3396,7,forfeit,U,,,,challenger,src-b152d3829185,minor,
IN-AC-2008-rajasthan-eci180,rajasthan,2023,180,BHILWARA,Ashok Kumar Kothari,parties.IN.IND,IND,70095,36.9251,1,won,U,,,,challenger,src-b152d3829185,minor,
IN-AC-2008-rajasthan-eci180,rajasthan,2023,180,BHILWARA,Om Prakash Naraniwal,parties.IN.INC,INC,59317,31.2474,2,lost,U,,,,challenger,src-b152d3829185,minor,
IN-AC-2008-rajasthan-eci180,rajasthan,2023,180,BHILWARA,Vitthal Shankar Awasthi,parties.IN.BJP,BJP,55625,29.3025,3,lost,U,,,,challenger,src-b152d3829185,minor,
IN-AC-2008-rajasthan-eci180,rajasthan,2023,180,BHILWARA,Abdul Rajjak Ansari,parties.IN.SDPI,SDPI,2309,1.2164,4,forfeit,U,,,,challenger,src-b152d3829185,minor,
IN-AC-2008-rajasthan-eci180,rajasthan,2023,180,BHILWARA,Kalpana Renu Channal,parties.IN.BSP,BSP,558,0.2939,5,forfeit,U,,,,challenger,src-b152d3829185,minor,
IN-AC-2008-rajasthan-eci180,rajasthan,2023,180,BHILWARA,Kamlesh Mandowara,parties.IN.IND,IND,412,0.217,6,forfeit,U,,,,challenger,src-b152d3829185,minor,
IN-AC-2008-rajasthan-eci180,rajasthan,2023,180,BHILWARA,Anurag Arot,parties.IN.IND,IND,381,0.2007,7,forfeit,U,,,,challenger,src-b152d3829185,minor,
IN-AC-2008-rajasthan-eci180,rajasthan,2023,180,BHILWARA,Dev Kumar Pal,parties.IN.IND,IND,293,0.1543,8,forfeit,U,,,,challenger,src-b152d3829185,minor,
IN-AC-2008-rajasthan-eci180,rajasthan,2023,180,BHILWARA,Dinesh Kumar Lohar,parties.IN.IND,IND,261,0.1375,9,forfeit,U,,,,challenger,src-b152d3829185,minor,
IN-AC-2008-rajasthan-eci180,rajasthan,2023,180,BHILWARA,Vivek Sukhwal,parties.IN.IND,IND,215,0.1133,10,forfeit,U,,,,challenger,src-b152d3829185,minor,
IN-AC-2008-rajasthan-eci180,rajasthan,2023,180,BHILWARA,Pavana Kumar,parties.IN.RTORP,RTORP,193,0.1017,11,forfeit,U,,,,challenger,src-b152d3829185,minor,
IN-AC-2008-rajasthan-eci180,rajasthan,2023,180,BHILWARA,Jamna Nath,parties.IN.IND,IND,171,0.0901,12,forfeit,U,,,,challenger,src-b152d3829185,minor,
IN-AC-2008-rajasthan-551,rajasthan,2023,181,SHAHPURA,LALARAM BAIRWA,parties.IN.BJP,BJP,100135,54.9724,1,won,U,,,,challenger,src-b152d3829185,minor,
IN-AC-2008-rajasthan-551,rajasthan,2023,181,SHAHPURA,NARENDRA KUMAR REGAR,parties.IN.INC,INC,40837,22.4188,2,lost,U,,,,challenger,src-b152d3829185,minor,
IN-AC-2008-rajasthan-551,rajasthan,2023,181,SHAHPURA,KAILASH CHANDRA MEGHWAL,parties.IN.IND,IND,34783,19.0953,3,lost,U,,,,challenger,src-b152d3829185,minor,
IN-AC-2008-rajasthan-551,rajasthan,2023,181,SHAHPURA,MAHAVEER REGAR,parties.IN.RTORP,RTORP,2014,1.1057,4,forfeit,U,,,,challenger,src-b152d3829185,minor,
IN-AC-2008-rajasthan-551,rajasthan,2023,181,SHAHPURA,RAMESH MEGHWANSHI,parties.IN.BSP,BSP,1437,0.7889,5,forfeit,U,,,,challenger,src-b152d3829185,minor,
IN-AC-2008-rajasthan-551,rajasthan,2023,181,SHAHPURA,POORAN MAL KHATEEK,parties.IN.AAP,AAP,1205,0.6615,6,forfeit,U,,,,challenger,src-b152d3829185,minor,
IN-AC-2008-rajasthan-551,rajasthan,2023,181,SHAHPURA,RAM DAYAL BALAI,parties.IN.IND,IND,981,0.5386,7,forfeit,U,,,,challenger,src-b152d3829185,minor,
IN-AC-2008-rajasthan-551,rajasthan,2023,181,SHAHPURA,GOPAL KESHAWAT,parties.IN.IND,IND,763,0.4189,8,forfeit,U,,,,challenger,src-b152d3829185,minor,
IN-AC-2008-rajasthan-547,rajasthan,2023,182,JAHAZPUR,GOPICHAND MEENA,parties.IN.BJP,BJP,96933,48.9702,1,won,U,,,,challenger,src-b152d3829185,minor,
IN-AC-2008-rajasthan-547,rajasthan,2023,182,JAHAZPUR,DHIRAJ GURJAR,parties.IN.INC,INC,96353,48.6771,2,lost,U,,,,challenger,src-b152d3829185,minor,
IN-AC-2008-rajasthan-547,rajasthan,2023,182,JAHAZPUR,BHARATI THAKUR,parties.IN.BSP,BSP,1567,0.7916,3,forfeit,U,,,,challenger,src-b152d3829185,minor,
IN-AC-2008-rajasthan-547,rajasthan,2023,182,JAHAZPUR,DINESH KUMAR PRAJAPATI,parties.IN.IND,IND,1426,0.7204,4,forfeit,U,,,,challenger,src-b152d3829185,minor,
IN-AC-2008-rajasthan-547,rajasthan,2023,182,JAHAZPUR,BHERU LAL REGAR,parties.IN.ASPKR,ASPKR,678,0.3425,5,forfeit,U,,,,challenger,src-b152d3829185,minor,
IN-AC-2008-rajasthan-547,rajasthan,2023,182,JAHAZPUR,GORDHAN,parties.IN.IND,IND,532,0.2688,6,forfeit,U,,,,challenger,src-b152d3829185,minor,
IN-AC-2008-rajasthan-547,rajasthan,2023,182,JAHAZPUR,MAHAVEER PRASAD KUMAWAT,parties.IN.RTORP,RTORP,454,0.2294,7,forfeit,U,,,,challenger,src-b152d3829185,minor,
IN-AC-2008-rajasthan-549,rajasthan,2023,183,MANDALGARH,GOPAL LAL SHARMA,parties.IN.BJP,BJP,93119,47.3818,1,won,U,,,,challenger,src-b152d3829185,minor,
IN-AC-2008-rajasthan-549,rajasthan,2023,183,MANDALGARH,VIVEK DHAKAR,parties.IN.INC,INC,84925,43.2125,2,lost,U,,,,challenger,src-b152d3829185,minor,
IN-AC-2008-rajasthan-549,rajasthan,2023,183,MANDALGARH,BHERU LAL GURJAR,parties.IN.RLP,RLP,10514,5.3498,3,forfeit,U,,,,challenger,src-b152d3829185,minor,
IN-AC-2008-rajasthan-549,rajasthan,2023,183,MANDALGARH,BHAWANA GURJAR,parties.IN.BHARAT_ADIVASI_PARTY,BHRTADVSIP,2281,1.1606,4,forfeit,U,,,,challenger,src-b152d3829185,minor,
IN-AC-2008-rajasthan-549,rajasthan,2023,183,MANDALGARH,BAKHTAWAR KHATIK,parties.IN.BSP,BSP,1763,0.8971,5,forfeit,U,,,,challenger,src-b152d3829185,minor,
IN-AC-2008-rajasthan-549,rajasthan,2023,183,MANDALGARH,VIVEK VISHNOI,parties.IN.JAC,JAC,919,0.4676,6,forfeit,U,,,,challenger,src-b152d3829185,minor,
IN-AC-2008-rajasthan-549,rajasthan,2023,183,MANDALGARH,BHANWAR LAL DHAKER,parties.IN.IND,IND,893,0.4544,7,forfeit,U,,,,challenger,src-b152d3829185,minor,
IN-AC-2008-rajasthan-549,rajasthan,2023,183,MANDALGARH,BHAGWAN BHIL,parties.IN.IND,IND,861,0.4381,8,forfeit,U,,,,challenger,src-b152d3829185,minor,
IN-AC-2008-rajasthan-549,rajasthan,2023,183,MANDALGARH,RAMESHWAR LAL,parties.IN.RTORP,RTORP,682,0.347,9,forfeit,U,,,,challenger,src-b152d3829185,minor,
IN-AC-2008-rajasthan-549,rajasthan,2023,183,MANDALGARH,RAMNARAYAN MEENA,parties.IN.LJPRV,LJP (RV),572,0.2911,10,forfeit,U,,,,challenger,src-b152d3829185,minor,
IN-AC-2008-rajasthan-546,rajasthan,2023,184,HINDOLI,ASHOK,parties.IN.INC,INC,127354,57.3331,1,won,U,,,,challenger,src-b152d3829185,minor,
IN-AC-2008-rajasthan-546,rajasthan,2023,184,HINDOLI,PRABHU LAL SAINI,parties.IN.BJP,BJP,82350,37.0729,2,lost,U,,,,challenger,src-b152d3829185,minor,
IN-AC-2008-rajasthan-546,rajasthan,2023,184,HINDOLI,RAMALAKHAN,parties.IN.ASPKR,ASPKR,9312,4.1921,3,forfeit,U,,,,challenger,src-b152d3829185,minor,
IN-AC-2008-rajasthan-546,rajasthan,2023,184,HINDOLI,SATYNARAYAN REGAR,parties.IN.BSP,BSP,1227,0.5524,4,forfeit,U,,,,challenger,src-b152d3829185,minor,
IN-AC-2008-rajasthan-546,rajasthan,2023,184,HINDOLI,RAMPRASHAD,parties.IN.IND,IND,1168,0.5258,5,forfeit,U,,,,challenger,src-b152d3829185,minor,
IN-AC-2008-rajasthan-546,rajasthan,2023,184,HINDOLI,UDAY LAL GURJAR,parties.IN.IND,IND,719,0.3237,6,forfeit,U,,,,challenger,src-b152d3829185,minor,
IN-AC-2008-rajasthan-649,rajasthan,2023,185,KESHORAIPATAN,CHUNNILAL C.L. PREMI BAIRWA,parties.IN.INC,INC,101541,50.001,1,won,U,,,,challenger,src-b152d3829185,minor,
IN-AC-2008-rajasthan-649,rajasthan,2023,185,KESHORAIPATAN,CHANDRAKANTA MEGHWAL,parties.IN.BJP,BJP,84454,41.587,2,lost,U,,,,challenger,src-b152d3829185,minor,
IN-AC-2008-rajasthan-649,rajasthan,2023,185,KESHORAIPATAN,RAKESH BOYAT,parties.IN.IND,IND,11733,5.7776,3,forfeit,U,,,,challenger,src-b152d3829185,minor,
IN-AC-2008-rajasthan-649,rajasthan,2023,185,KESHORAIPATAN,SORAJ SHING,parties.IN.IND,IND,1479,0.7283,4,forfeit,U,,,,challenger,src-b152d3829185,minor,
IN-AC-2008-rajasthan-649,rajasthan,2023,185,KESHORAIPATAN,RAMSWAROOP,parties.IN.BSP,BSP,1443,0.7106,5,forfeit,U,,,,challenger,src-b152d3829185,minor,
IN-AC-2008-rajasthan-649,rajasthan,2023,185,KESHORAIPATAN,KELASH VERMA,parties.IN.ASPKR,ASPKR,1185,0.5835,6,forfeit,U,,,,challenger,src-b152d3829185,minor,
IN-AC-2008-rajasthan-649,rajasthan,2023,185,KESHORAIPATAN,RAJESH KUMAR,parties.IN.IND,IND,724,0.3565,7,forfeit,U,,,,challenger,src-b152d3829185,minor,
IN-AC-2008-rajasthan-649,rajasthan,2023,185,KESHORAIPATAN,MANMOHAN BAIRWA,parties.IN.IND,IND,519,0.2556,8,forfeit,U,,,,challenger,src-b152d3829185,minor,
IN-AC-2008-rajasthan-648,rajasthan,2023,186,BUNDI,HARIMOHAN SHARMA,parties.IN.INC,INC,100107,42.4855,1,won,U,,,,challenger,src-b152d3829185,minor,
IN-AC-2008-rajasthan-648,rajasthan,2023,186,BUNDI,ASHOK DOGRA,parties.IN.BJP,BJP,81293,34.5009,2,lost,U,,,,challenger,src-b152d3829185,minor,
IN-AC-2008-rajasthan-648,rajasthan,2023,186,BUNDI,RUPESH SHARMA,parties.IN.IND,IND,39805,16.8933,3,lost,U,,,,challenger,src-b152d3829185,minor,
IN-AC-2008-rajasthan-648,rajasthan,2023,186,BUNDI,PRAKASH CHAND BANJARA,parties.IN.IND,IND,3917,1.6624,4,forfeit,U,,,,challenger,src-b152d3829185,minor,
IN-AC-2008-rajasthan-648,rajasthan,2023,186,BUNDI,LAXMAN LAL,parties.IN.ASPKR,ASPKR,2272,0.9642,5,forfeit,U,,,,challenger,src-b152d3829185,minor,
IN-AC-2008-rajasthan-648,rajasthan,2023,186,BUNDI,KISHAN LAL,parties.IN.AAP,AAP,1924,0.8165,6,forfeit,U,,,,challenger,src-b152d3829185,minor,
IN-AC-2008-rajasthan-648,rajasthan,2023,186,BUNDI,SITA MEENA,parties.IN.BSP,BSP,1344,0.5704,7,forfeit,U,,,,challenger,src-b152d3829185,minor,
IN-AC-2008-rajasthan-648,rajasthan,2023,186,BUNDI,RAKESH GOSWAMI,parties.IN.ALP,ALP,1336,0.567,8,forfeit,U,,,,challenger,src-b152d3829185,minor,
IN-AC-2008-rajasthan-648,rajasthan,2023,186,BUNDI,SONAL MORALIYA,parties.IN.IND,IND,1233,0.5233,9,forfeit,U,,,,challenger,src-b152d3829185,minor,
IN-AC-2008-rajasthan-648,rajasthan,2023,186,BUNDI,RADHESHYAM,parties.IN.IND,IND,995,0.4223,10,forfeit,U,,,,challenger,src-b152d3829185,minor,
IN-AC-2008-rajasthan-648,rajasthan,2023,186,BUNDI,RAHIMUDDIN,parties.IN.IND,IND,766,0.3251,11,forfeit,U,,,,challenger,src-b152d3829185,minor,
IN-AC-2008-rajasthan-648,rajasthan,2023,186,BUNDI,GIRRAJ SHARMA,parties.IN.IND,IND,634,0.2691,12,forfeit,U,,,,challenger,src-b152d3829185,minor,
IN-AC-2008-rajasthan-653,rajasthan,2023,187,PIPALDA,CHETAN PATEL KOLANA,parties.IN.INC,INC,89281,55.2693,1,won,U,,,,challenger,src-b152d3829185,minor,
IN-AC-2008-rajasthan-653,rajasthan,2023,187,PIPALDA,PREMCHAND GOCHAR,parties.IN.BJP,BJP,68276,42.2662,2,lost,U,,,,challenger,src-b152d3829185,minor,
IN-AC-2008-rajasthan-653,rajasthan,2023,187,PIPALDA,SHYAM LAL,parties.IN.BSP,BSP,1387,0.8586,3,forfeit,U,,,,challenger,src-b152d3829185,minor,
IN-AC-2008-rajasthan-653,rajasthan,2023,187,PIPALDA,DILIP KUMAR,parties.IN.AAP,AAP,1348,0.8345,4,forfeit,U,,,,challenger,src-b152d3829185,minor,
IN-AC-2008-rajasthan-653,rajasthan,2023,187,PIPALDA,PREM SHANKAR NAGAR,parties.IN.IND,IND,689,0.4265,5,forfeit,U,,,,challenger,src-b152d3829185,minor,
IN-AC-2008-rajasthan-653,rajasthan,2023,187,PIPALDA,MAHAVEER SHARMA,parties.IN.ALP,ALP,557,0.3448,6,forfeit,U,,,,challenger,src-b152d3829185,minor,
IN-AC-2008-rajasthan-655,rajasthan,2023,188,SANGOD,HEERALAL NAGAR,parties.IN.BJP,BJP,93435,56.2235,1,won,U,,,,challenger,src-b152d3829185,minor,
IN-AC-2008-rajasthan-655,rajasthan,2023,188,SANGOD,BHANU PRATAP SINGH,parties.IN.INC,INC,67849,40.8274,2,lost,U,,,,challenger,src-b152d3829185,minor,
IN-AC-2008-rajasthan-655,rajasthan,2023,188,SANGOD,PRABHULAL,parties.IN.BSP,BSP,1622,0.976,3,forfeit,U,,,,challenger,src-b152d3829185,minor,
IN-AC-2008-rajasthan-655,rajasthan,2023,188,SANGOD,RAMAVTAR VERMA,parties.IN.ASPKR,ASPKR,1531,0.9213,4,forfeit,U,,,,challenger,src-b152d3829185,minor,
IN-AC-2008-rajasthan-655,rajasthan,2023,188,SANGOD,RAKESHAKUMAR,parties.IN.RTORP,RTORP,1065,0.6409,5,forfeit,U,,,,challenger,src-b152d3829185,minor,
IN-AC-2008-rajasthan-655,rajasthan,2023,188,SANGOD,DEEPAK MEGHWAL,parties.IN.IND,IND,683,0.411,6,forfeit,U,,,,challenger,src-b152d3829185,minor,
IN-AC-2008-rajasthan-eci189,rajasthan,2023,189,KOTA NORTH,SHANTI DHARIWAL,parties.IN.INC,INC,94899,49.9179,1,won,U,,,,challenger,src-b152d3829185,minor,
IN-AC-2008-rajasthan-eci189,rajasthan,2023,189,KOTA NORTH,PRAHLAD GUNJAL,parties.IN.BJP,BJP,92413,48.6103,2,lost,U,,,,challenger,src-b152d3829185,minor,
IN-AC-2008-rajasthan-eci189,rajasthan,2023,189,KOTA NORTH,SAIFULLAH,parties.IN.WPOI,WPOI,860,0.4524,3,forfeit,U,,,,challenger,src-b152d3829185,minor,
IN-AC-2008-rajasthan-eci189,rajasthan,2023,189,KOTA NORTH,BHIM SINGH KUNTAL,parties.IN.BSP,BSP,811,0.4266,4,forfeit,U,,,,challenger,src-b152d3829185,minor,
IN-AC-2008-rajasthan-eci189,rajasthan,2023,189,KOTA NORTH,TARUN,parties.IN.RTORP,RTORP,463,0.2435,5,forfeit,U,,,,challenger,src-b152d3829185,minor,
IN-AC-2008-rajasthan-eci189,rajasthan,2023,189,KOTA NORTH,YOGESH KUMAR SHARMA,parties.IN.IND,IND,420,0.2209,6,forfeit,U,,,,challenger,src-b152d3829185,minor,
IN-AC-2008-rajasthan-eci189,rajasthan,2023,189,KOTA NORTH,SOHAN LAL,parties.IN.IND,IND,244,0.1283,7,forfeit,U,,,,challenger,src-b152d3829185,minor,
IN-AC-2008-rajasthan-eci190,rajasthan,2023,190,KOTA SOUTH,SANDEEP SHARMA,parties.IN.BJP,BJP,95393,52.5662,1,won,U,,,,challenger,src-b152d3829185,minor,
IN-AC-2008-rajasthan-eci190,rajasthan,2023,190,KOTA SOUTH,RAKHI GAUTAM,parties.IN.INC,INC,83431,45.9746,2,lost,U,,,,challenger,src-b152d3829185,minor,
IN-AC-2008-rajasthan-eci190,rajasthan,2023,190,KOTA SOUTH,DR. KRISHNANAND SHARMA,parties.IN.BSP,BSP,1085,0.5979,3,forfeit,U,,,,challenger,src-b152d3829185,minor,
IN-AC-2008-rajasthan-eci190,rajasthan,2023,190,KOTA SOUTH,IRSHAD AHAMAD,parties.IN.IND,IND,381,0.2099,4,forfeit,U,,,,challenger,src-b152d3829185,minor,
IN-AC-2008-rajasthan-eci190,rajasthan,2023,190,KOTA SOUTH,HABIBULLA,parties.IN.IND,IND,357,0.1967,5,forfeit,U,,,,challenger,src-b152d3829185,minor,
IN-AC-2008-rajasthan-eci190,rajasthan,2023,190,KOTA SOUTH,HANUMAN  MINA,parties.IN.IND,IND,342,0.1885,6,forfeit,U,,,,challenger,src-b152d3829185,minor,
IN-AC-2008-rajasthan-eci190,rajasthan,2023,190,KOTA SOUTH,MOHAMMAD FARID,parties.IN.IND,IND,178,0.0981,7,forfeit,U,,,,challenger,src-b152d3829185,minor,
IN-AC-2008-rajasthan-eci190,rajasthan,2023,190,KOTA SOUTH,PINTU BAJRANGI,parties.IN.IND,IND,165,0.0909,8,forfeit,U,,,,challenger,src-b152d3829185,minor,
IN-AC-2008-rajasthan-eci190,rajasthan,2023,190,KOTA SOUTH,OM PRAKASH SHAKYWAL,parties.IN.IND,IND,140,0.0771,9,forfeit,U,,,,challenger,src-b152d3829185,minor,
IN-AC-2008-rajasthan-652,rajasthan,2023,191,LADPURA,KALPANA DEVI,parties.IN.BJP,BJP,121248,54.872,1,won,U,,,,challenger,src-b152d3829185,minor,
IN-AC-2008-rajasthan-652,rajasthan,2023,191,LADPURA,NAIMUDDIN GUDDU,parties.IN.INC,INC,95726,43.3218,2,lost,U,,,,challenger,src-b152d3829185,minor,
IN-AC-2008-rajasthan-652,rajasthan,2023,191,LADPURA,UCHCHHAB LAL,parties.IN.ASPKR,ASPKR,976,0.4417,3,forfeit,U,,,,challenger,src-b152d3829185,minor,
IN-AC-2008-rajasthan-652,rajasthan,2023,191,LADPURA,HARISH KUMAR LAHRI,parties.IN.BSP,BSP,917,0.415,4,forfeit,U,,,,challenger,src-b152d3829185,minor,
IN-AC-2008-rajasthan-652,rajasthan,2023,191,LADPURA,MOHAMMAD RAFIK,parties.IN.IND,IND,847,0.3833,5,forfeit,U,,,,challenger,src-b152d3829185,minor,
IN-AC-2008-rajasthan-652,rajasthan,2023,191,LADPURA,BHAWANI SINGH RAJAWAT,parties.IN.IND,IND,721,0.3263,6,forfeit,U,,,,challenger,src-b152d3829185,minor,
IN-AC-2008-rajasthan-652,rajasthan,2023,191,LADPURA,GHANSHYAM JOSHI,parties.IN.MCPI,MCPI,290,0.1312,7,forfeit,U,,,,challenger,src-b152d3829185,minor,
IN-AC-2008-rajasthan-652,rajasthan,2023,191,LADPURA,DINESH KUMAR SHARMA,parties.IN.RTORP,RTORP,240,0.1086,8,forfeit,U,,,,challenger,src-b152d3829185,minor,
IN-AC-2008-rajasthan-654,rajasthan,2023,192,RAMGANJ MANDI,Madan Dilawar,parties.IN.BJP,BJP,103504,53.5425,1,won,U,,,,challenger,src-b152d3829185,minor,
IN-AC-2008-rajasthan-654,rajasthan,2023,192,RAMGANJ MANDI,Mahendra Rajoriya,parties.IN.INC,INC,85082,44.0128,2,lost,U,,,,challenger,src-b152d3829185,minor,
IN-AC-2008-rajasthan-654,rajasthan,2023,192,RAMGANJ MANDI,Dr. Bharat Kumar Marmath(Bairwa),parties.IN.BSP,BSP,2387,1.2348,3,forfeit,U,,,,challenger,src-b152d3829185,minor,
IN-AC-2008-rajasthan-654,rajasthan,2023,192,RAMGANJ MANDI,Deshraj Ragontha,parties.IN.IND,IND,1388,0.718,4,forfeit,U,,,,challenger,src-b152d3829185,minor,
IN-AC-2008-rajasthan-654,rajasthan,2023,192,RAMGANJ MANDI,Mukesh,parties.IN.IND,IND,951,0.492,5,forfeit,U,,,,challenger,src-b152d3829185,minor,
IN-AC-2008-rajasthan-616,rajasthan,2023,193,ANTA,KANWARLAL,parties.IN.BJP,BJP,87390,49.9963,1,won,U,,,,challenger,src-b152d3829185,minor,
IN-AC-2008-rajasthan-616,rajasthan,2023,193,ANTA,PRAMOD JAIN,parties.IN.INC,INC,81529,46.6432,2,lost,U,,,,challenger,src-b152d3829185,minor,
IN-AC-2008-rajasthan-616,rajasthan,2023,193,ANTA,OM PRAKASH GOCHAR,parties.IN.AAP,AAP,1334,0.7632,3,forfeit,U,,,,challenger,src-b152d3829185,minor,
IN-AC-2008-rajasthan-616,rajasthan,2023,193,ANTA,DHANRAJ,parties.IN.IND,IND,1159,0.6631,4,forfeit,U,,,,challenger,src-b152d3829185,minor,
IN-AC-2008-rajasthan-616,rajasthan,2023,193,ANTA,KARAMAT,parties.IN.RLP,RLP,934,0.5343,5,forfeit,U,,,,challenger,src-b152d3829185,minor,
IN-AC-2008-rajasthan-616,rajasthan,2023,193,ANTA,YOGENDRA BAIRWA,parties.IN.IND,IND,568,0.325,6,forfeit,U,,,,challenger,src-b152d3829185,minor,
IN-AC-2008-rajasthan-616,rajasthan,2023,193,ANTA,DINESH,parties.IN.BSP,BSP,530,0.3032,7,forfeit,U,,,,challenger,src-b152d3829185,minor,
IN-AC-2008-rajasthan-616,rajasthan,2023,193,ANTA,PURUSHOTTAM SUMAN,parties.IN.IND,IND,393,0.2248,8,forfeit,U,,,,challenger,src-b152d3829185,minor,
IN-AC-2008-rajasthan-616,rajasthan,2023,193,ANTA,BHUVNESH KUMAR,parties.IN.IND,IND,368,0.2105,9,forfeit,U,,,,challenger,src-b152d3829185,minor,
IN-AC-2008-rajasthan-616,rajasthan,2023,193,ANTA,NAUSHAD,parties.IN.IND,IND,313,0.1791,10,forfeit,U,,,,challenger,src-b152d3829185,minor,
IN-AC-2008-rajasthan-616,rajasthan,2023,193,ANTA,BANWARI,parties.IN.IND,IND,275,0.1573,11,forfeit,U,,,,challenger,src-b152d3829185,minor,
IN-AC-2008-rajasthan-622,rajasthan,2023,194,KISHANGANJ,LALIT MEENA,parties.IN.BJP,BJP,101857,54.0889,1,won,U,,,,challenger,src-b152d3829185,minor,
IN-AC-2008-rajasthan-622,rajasthan,2023,194,KISHANGANJ,NIRMALA,parties.IN.INC,INC,79576,42.2571,2,lost,U,,,,challenger,src-b152d3829185,minor,
IN-AC-2008-rajasthan-622,rajasthan,2023,194,KISHANGANJ,RAMDAYAL MEENA,parties.IN.BSP,BSP,1488,0.7902,3,forfeit,U,,,,challenger,src-b152d3829185,minor,
IN-AC-2008-rajasthan-622,rajasthan,2023,194,KISHANGANJ,KANYA BAI,parties.IN.IND,IND,1125,0.5974,4,forfeit,U,,,,challenger,src-b152d3829185,minor,
IN-AC-2008-rajasthan-622,rajasthan,2023,194,KISHANGANJ,RADHAKISHAN,parties.IN.IND,IND,1065,0.5655,5,forfeit,U,,,,challenger,src-b152d3829185,minor,
IN-AC-2008-rajasthan-622,rajasthan,2023,194,KISHANGANJ,RAM PRASAD,parties.IN.IND,IND,969,0.5146,6,forfeit,U,,,,challenger,src-b152d3829185,minor,
IN-AC-2008-rajasthan-622,rajasthan,2023,194,KISHANGANJ,SAVITRI,parties.IN.IND,IND,879,0.4668,7,forfeit,U,,,,challenger,src-b152d3829185,minor,
IN-AC-2008-rajasthan-622,rajasthan,2023,194,KISHANGANJ,BHANWAR LAL,parties.IN.IND,IND,370,0.1965,8,forfeit,U,,,,challenger,src-b152d3829185,minor,
IN-AC-2008-rajasthan-622,rajasthan,2023,194,KISHANGANJ,MOHANLAL,parties.IN.IND,IND,357,0.1896,9,forfeit,U,,,,challenger,src-b152d3829185,minor,
IN-AC-2008-rajasthan-622,rajasthan,2023,194,KISHANGANJ,PRAKASH,parties.IN.IND,IND,331,0.1758,10,forfeit,U,,,,challenger,src-b152d3829185,minor,
IN-AC-2008-rajasthan-622,rajasthan,2023,194,KISHANGANJ,KALLI BAI,parties.IN.IND,IND,297,0.1577,11,forfeit,U,,,,challenger,src-b152d3829185,minor,
IN-AC-2008-rajasthan-617,rajasthan,2023,195,BARAN-ATRU,RADHEYSHYAM BAIRWA,parties.IN.BJP,BJP,101530,54.4426,1,won,U,,,,challenger,src-b152d3829185,minor,
IN-AC-2008-rajasthan-617,rajasthan,2023,195,BARAN-ATRU,PANACHAND MEGHWAL,parties.IN.INC,INC,81776,43.8501,2,lost,U,,,,challenger,src-b152d3829185,minor,
IN-AC-2008-rajasthan-617,rajasthan,2023,195,BARAN-ATRU,SURESH KUMAR MANAV,parties.IN.BSP,BSP,978,0.5244,3,forfeit,U,,,,challenger,src-b152d3829185,minor,
IN-AC-2008-rajasthan-617,rajasthan,2023,195,BARAN-ATRU,ROOP SINGH JATAV,parties.IN.ASPKR,ASPKR,972,0.5212,4,forfeit,U,,,,challenger,src-b152d3829185,minor,
IN-AC-2008-rajasthan-617,rajasthan,2023,195,BARAN-ATRU,SEEMA VERMA,parties.IN.IND,IND,765,0.4102,5,forfeit,U,,,,challenger,src-b152d3829185,minor,
IN-AC-2008-rajasthan-617,rajasthan,2023,195,BARAN-ATRU,VIMAL KUMAR MEGHWAL,parties.IN.PPID,PPID,469,0.2515,6,forfeit,U,,,,challenger,src-b152d3829185,minor,
IN-AC-2008-rajasthan-618,rajasthan,2023,196,CHHABRA,PRATAP SINGH SINGHVI,parties.IN.BJP,BJP,65000,33.2511,1,won,U,,,,challenger,src-b152d3829185,minor,
IN-AC-2008-rajasthan-618,rajasthan,2023,196,CHHABRA,KARANSINGH,parties.IN.INC,INC,59892,30.6381,2,lost,U,,,,challenger,src-b152d3829185,minor,
IN-AC-2008-rajasthan-618,rajasthan,2023,196,CHHABRA,NARESH KUMAR MEENA,parties.IN.IND,IND,43921,22.4681,3,lost,U,,,,challenger,src-b152d3829185,minor,
IN-AC-2008-rajasthan-618,rajasthan,2023,196,CHHABRA,UPENDRA KUMAR,parties.IN.IND,IND,13386,6.8477,4,forfeit,U,,,,challenger,src-b152d3829185,minor,
IN-AC-2008-rajasthan-618,rajasthan,2023,196,CHHABRA,GOPAL BAJARA,parties.IN.IND,IND,4167,2.1317,5,forfeit,U,,,,challenger,src-b152d3829185,minor,
IN-AC-2008-rajasthan-618,rajasthan,2023,196,CHHABRA,GIRRAJ PRASAD MEENA,parties.IN.AAP,AAP,2918,1.4927,6,forfeit,U,,,,challenger,src-b152d3829185,minor,
IN-AC-2008-rajasthan-618,rajasthan,2023,196,CHHABRA,JAYNRAYAN,parties.IN.IND,IND,2115,1.0819,7,forfeit,U,,,,challenger,src-b152d3829185,minor,
IN-AC-2008-rajasthan-618,rajasthan,2023,196,CHHABRA,RUPKANVAR,parties.IN.ALP,ALP,1674,0.8563,8,forfeit,U,,,,challenger,src-b152d3829185,minor,
IN-AC-2008-rajasthan-618,rajasthan,2023,196,CHHABRA,CHHITARLAL,parties.IN.BSP,BSP,1327,0.6788,9,forfeit,U,,,,challenger,src-b152d3829185,minor,
IN-AC-2008-rajasthan-618,rajasthan,2023,196,CHHABRA,CHINTU LAL AHIR,parties.IN.PRVPOI,PRVPOI,1082,0.5535,10,forfeit,U,,,,challenger,src-b152d3829185,minor,
IN-AC-2008-rajasthan-619,rajasthan,2023,197,DAG,KALURAM,parties.IN.BJP,BJP,99251,47.2757,1,won,U,,,,challenger,src-b152d3829185,minor,
IN-AC-2008-rajasthan-619,rajasthan,2023,197,DAG,CHETRAJ,parties.IN.INC,INC,76990,36.6722,2,lost,U,,,,challenger,src-b152d3829185,minor,
IN-AC-2008-rajasthan-619,rajasthan,2023,197,DAG,RAMCHANDRA SUNARIWAL,parties.IN.IND,IND,23701,11.2894,3,forfeit,U,,,,challenger,src-b152d3829185,minor,
IN-AC-2008-rajasthan-619,rajasthan,2023,197,DAG,BADRILAL,parties.IN.ASPKR,ASPKR,4241,2.0201,4,forfeit,U,,,,challenger,src-b152d3829185,minor,
IN-AC-2008-rajasthan-619,rajasthan,2023,197,DAG,ANIL,parties.IN.AAP,AAP,3539,1.6857,5,forfeit,U,,,,challenger,src-b152d3829185,minor,
IN-AC-2008-rajasthan-619,rajasthan,2023,197,DAG,DALURAM,parties.IN.BSP,BSP,2219,1.057,6,forfeit,U,,,,challenger,src-b152d3829185,minor,
IN-AC-2008-rajasthan-620,rajasthan,2023,198,JHALRAPATAN,Vasundhara Raje,parties.IN.BJP,BJP,138831,60.3411,1,won,U,,,,challenger,src-b152d3829185,minor,
IN-AC-2008-rajasthan-620,rajasthan,2023,198,JHALRAPATAN,Ramlal,parties.IN.INC,INC,85638,37.2215,2,lost,U,,,,challenger,src-b152d3829185,minor,
IN-AC-2008-rajasthan-620,rajasthan,2023,198,JHALRAPATAN,Makasud,parties.IN.BSP,BSP,3431,1.4912,3,forfeit,U,,,,challenger,src-b152d3829185,minor,
IN-AC-2008-rajasthan-620,rajasthan,2023,198,JHALRAPATAN,Pawan Kumar Mehar,parties.IN.IPGP,IPGP,2177,0.9462,4,forfeit,U,,,,challenger,src-b152d3829185,minor,
IN-AC-2008-rajasthan-621,rajasthan,2023,199,KHANPUR,SURESH GURJAR,parties.IN.INC,INC,101045,50.2817,1,won,U,,,,challenger,src-b152d3829185,minor,
IN-AC-2008-rajasthan-621,rajasthan,2023,199,KHANPUR,NARENDRA NAGAR,parties.IN.BJP,BJP,92620,46.0892,2,lost,U,,,,challenger,src-b152d3829185,minor,
IN-AC-2008-rajasthan-621,rajasthan,2023,199,KHANPUR,DEEPESH KUMAR,parties.IN.AAP,AAP,2634,1.3107,3,forfeit,U,,,,challenger,src-b152d3829185,minor,
IN-AC-2008-rajasthan-621,rajasthan,2023,199,KHANPUR,SANJU,parties.IN.BSP,BSP,1778,0.8848,4,forfeit,U,,,,challenger,src-b152d3829185,minor,
IN-AC-2008-rajasthan-621,rajasthan,2023,199,KHANPUR,AJAY KUMAR,parties.IN.IND,IND,1665,0.8285,5,forfeit,U,,,,challenger,src-b152d3829185,minor,
IN-AC-2008-rajasthan-621,rajasthan,2023,199,KHANPUR,KANHAIYALAL,parties.IN.IND,IND,1216,0.6051,6,forfeit,U,,,,challenger,src-b152d3829185,minor,
IN-AC-2008-rajasthan-623,rajasthan,2023,200,MANOHAR THANA,GOVIND PRASAD,parties.IN.BJP,BJP,85304,38.3691,1,won,U,,,,challenger,src-b152d3829185,minor,
IN-AC-2008-rajasthan-623,rajasthan,2023,200,MANOHAR THANA,KAILASH CHAND,parties.IN.IND,IND,60439,27.185,2,lost,U,,,,challenger,src-b152d3829185,minor,
IN-AC-2008-rajasthan-623,rajasthan,2023,200,MANOHAR THANA,NEMICHAND MEENA,parties.IN.INC,INC,38429,17.2851,3,lost,U,,,,challenger,src-b152d3829185,minor,
IN-AC-2008-rajasthan-623,rajasthan,2023,200,MANOHAR THANA,ROSHAN SINGH,parties.IN.IND,IND,27766,12.4889,4,forfeit,U,,,,challenger,src-b152d3829185,minor,
IN-AC-2008-rajasthan-623,rajasthan,2023,200,MANOHAR THANA,RAJKUMAR,parties.IN.BTP,BTP,6345,2.8539,5,forfeit,U,,,,challenger,src-b152d3829185,minor,
IN-AC-2008-rajasthan-623,rajasthan,2023,200,MANOHAR THANA,CHANDER SINGH,parties.IN.BSP,BSP,2275,1.0233,6,forfeit,U,,,,challenger,src-b152d3829185,minor,
IN-AC-2008-rajasthan-623,rajasthan,2023,200,MANOHAR THANA,ONKAR LAL MEENA,parties.IN.IND,IND,1767,0.7948,7,forfeit,U,,,,challenger,src-b152d3829185,minor,
