{"type":"Topology","arcs":[[[36761,38621],[1232,-804],[4556,54],[3043,-986],[1499,1029],[3012,1050],[6085,-1972],[1499,1040],[3028,32],[2701,-3741]],[[63416,34323],[-787,-408],[74,-728],[-519,-1051],[-935,-729],[-401,-1007],[-727,-311],[134,-654],[-564,-590],[163,-1125]],[[59854,27720],[-623,-890],[-208,-1393],[341,-1576]],[[59364,23861],[-1588,-290],[-1929,504],[-4215,150],[-4927,794],[-1277,10],[-2062,472],[-980,-804],[-1469,257],[133,600],[-1484,1565],[-846,-246],[-1855,332],[431,922],[-1039,482],[207,633],[-252,1286],[-1217,729],[-994,-332],[-2597,-450],[-1945,-140],[-3057,54],[-2404,-225],[-267,1983],[208,772],[-431,1425],[727,386],[-267,1319],[817,1693],[860,-279],[1959,65],[861,-461],[1455,43],[2641,1436],[-460,600],[505,590],[1543,-54],[-1217,-1436],[713,-815],[1068,718],[1559,-460],[489,932]],[[65568,60177],[178,-214]],[[65746,59963],[-861,204]],[[64885,60167],[683,10]],[[66221,60960],[386,-611]],[[66607,60349],[-861,-386]],[[65568,60177],[-816,493],[742,451]],[[65494,61121],[727,-161]],[[66651,61667],[45,-139]],[[66696,61528],[-475,-568]],[[65494,61121],[1157,546]],[[66844,60327],[-237,22]],[[66696,61528],[371,86]],[[67067,61614],[163,21]],[[67230,61635],[-386,-1308]],[[64084,62482],[831,-182]],[[64915,62300],[-831,182]],[[62258,62675],[-816,-1083]],[[61442,61592],[-30,-150]],[[61412,61442],[-148,1158],[549,75]],[[61813,62675],[445,0]],[[63535,63018],[385,-300]],[[63920,62718],[-994,-247]],[[62926,62471],[238,611]],[[63164,63082],[371,-64]],[[64573,62996],[-504,76]],[[64069,63072],[445,10]],[[64514,63082],[59,-86]],[[64855,63200],[60,-900]],[[64084,62482],[311,204]],[[64395,62686],[178,310]],[[64514,63082],[341,118]],[[64395,62686],[-475,32]],[[63535,63018],[296,311]],[[63831,63329],[238,-257]],[[63149,63093],[15,-11]],[[62926,62471],[-668,204]],[[61813,62675],[371,654]],[[62184,63329],[965,-236]],[[64796,63382],[59,-182]],[[63831,63329],[119,386]],[[63950,63715],[653,85]],[[64603,63800],[193,-418]],[[66963,63929],[-45,-1072],[-638,-21]],[[66280,62836],[371,986]],[[66651,63822],[312,107]],[[66280,62836],[-1484,546]],[[64603,63800],[0,129]],[[64603,63929],[1276,107]],[[65879,64036],[772,-214]],[[75333,63329],[89,364]],[[75422,63693],[-89,-364]],[[62748,64208],[401,-1115]],[[62184,63329],[564,879]],[[62748,64208],[801,203]],[[63549,64411],[401,-696]],[[65879,64036],[416,418]],[[66295,64454],[608,22]],[[66903,64476],[60,-547]],[[64781,64411],[-178,-482]],[[63549,64411],[-29,86]],[[63520,64497],[475,32]],[[63995,64529],[786,-118]],[[64781,64411],[371,118]],[[65152,64529],[727,86]],[[65879,64615],[416,-161]],[[63520,64497],[-45,193]],[[63475,64690],[356,161]],[[63831,64851],[164,-322]],[[69026,64776],[-238,-332]],[[68788,64444],[312,-354]],[[69100,64090],[-609,-708],[446,-1200]],[[68937,62182],[-1707,-547]],[[67067,61614],[-416,53]],[[64885,60167],[-1618,42]],[[63267,60209],[-1825,1383]],[[66903,64476],[297,332],[1796,225]],[[68996,65033],[30,-257]],[[65152,64529],[-208,558],[668,525]],[[65612,65612],[980,-386],[-713,-611]],[[63831,64851],[624,1372]],[[64455,66223],[0,11]],[[64455,66223],[504,-107]],[[64959,66116],[653,-504]],[[63475,64690],[-579,579],[995,1008]],[[63891,66277],[564,-43]],[[77856,65280],[-2181,278],[-1930,-53]],[[73745,65505],[-579,21]],[[73166,65526],[0,11],[-935,1190],[-2092,75],[371,1072],[-1158,311],[-1840,-536],[-2033,-193],[-1158,300],[638,-1640]],[[63891,66277],[-74,943],[-1010,1061],[-2686,-429],[-1484,-386]],[[58637,67466],[-15,472],[-2493,161]],[[56129,68099],[0,11],[-416,1489],[104,869],[-445,696],[-1707,193],[-504,-214],[-1781,247],[-831,503]],[[50549,71893],[-223,2048],[564,1383],[2760,150],[2227,-1072],[1766,-54],[1306,204],[920,1940],[519,2487],[45,1533],[-2731,1822]],[[57702,82334],[994,739],[-1009,965],[342,2155],[1306,-333],[2211,676],[1543,-247],[3636,-2144],[1143,-246],[816,1468],[-311,826],[-60,1897],[-356,547],[831,954],[1440,32],[208,815],[920,439],[-238,568],[2375,1008],[2374,257],[1841,-1008],[875,-96],[490,-1415],[1306,-868],[89,-461],[2419,-172],[1054,-1072],[-1158,-1232],[-2894,-1008],[75,-1447],[-995,-1104],[-193,-633],[1959,-2551],[-178,-879],[-1187,-1232],[-45,-504],[1499,-1179],[-148,-1008],[742,-1415],[1039,-611],[133,-536],[-1024,-525],[-2152,-1887],[-638,-986],[-59,-964],[490,-601],[-149,-954],[-1202,-1082]],[[50549,71893],[-1203,343],[-4853,-729]],[[44493,71507],[-1484,708],[-1261,-300],[-1084,375],[832,600],[1914,172],[-861,1018],[-1781,-236],[-2077,172]],[[38691,74016],[-2241,675],[-1692,-150],[-1752,1061],[-1261,-707]],[[31745,74895],[-668,343],[-74,772],[-1247,310],[-4007,-107],[-2641,547],[-1203,0],[-3101,-397],[-728,-396],[-3012,43],[-876,728],[505,965],[-1855,397],[-832,429],[-44,1179],[-668,96],[712,1565],[149,1136],[-163,1673],[534,686],[-950,793],[-712,64],[-1069,1029],[-1840,504],[-1425,815],[-2731,493],[-3116,1565],[-683,471],[1499,1823],[1321,1254],[608,900],[1885,1683],[45,504],[1142,1286],[238,943],[-787,729],[2048,279],[2805,-172],[1796,-332],[2538,-761],[1499,-1683],[979,-375],[2835,64],[1039,-1136],[1825,-1222],[2568,-354],[1929,-664],[3265,-836],[876,-1051],[2701,-1018],[1870,-75],[1677,-1061],[2478,-922],[1158,-665],[890,54],[2345,-2015],[1410,-300],[2983,-1094],[3087,-1865],[772,-954],[3829,900],[549,-128]],[[48011,54882],[-1084,-868]],[[46927,54014],[-1024,53],[-1825,526],[-905,-247]],[[43173,54346],[-965,-118]],[[42208,54228],[-223,1222],[757,1051],[60,654],[-2657,1372]],[[40145,58527],[1484,664],[1009,75],[-74,772],[905,1276],[1099,300]],[[44568,61614],[1736,557],[1276,1522]],[[47580,63693],[802,-847],[-683,-1082],[-1083,-1115],[222,-590],[-890,-557],[534,-1844],[846,-675],[74,-1297],[609,-804]],[[51810,49640],[327,-407]],[[52137,49233],[385,-472],[-237,-954]],[[52285,47807],[-683,-139],[-1810,-1168],[-802,-279]],[[48990,46221],[178,890],[-2211,-236]],[[46957,46875],[-3606,1329],[-1588,375]],[[41763,48579],[371,1051],[682,750],[2004,279],[74,793],[1648,461],[2166,-97],[401,-825],[935,-386],[59,-557],[1707,-408]],[[46927,54014],[-222,-729],[-2939,118],[-593,943]],[[38691,74016],[-386,-1522],[-653,-804],[1128,-1308],[-416,-761],[1247,-697],[-995,-782]],[[38616,68142],[-860,-1029],[-1321,-719],[-312,451]],[[36123,66845],[-1039,568],[1173,814],[-861,772],[-534,1651],[-891,204],[505,1532],[-149,837],[-2092,-22],[-1291,954],[801,740]],[[58637,67466],[-1306,-1779],[341,-1254],[-846,-1812]],[[56826,62621],[-816,-1136]],[[56010,61485],[-1054,300],[60,676],[-1900,1061],[-2909,-65],[-2389,193]],[[47818,63650],[727,1630],[-460,1157]],[[48085,66437],[1083,22],[1514,568],[1959,-332],[1336,578],[846,-10],[579,857],[727,-21]],[[45710,68324],[921,375],[2270,-193],[-742,-879],[-74,-1190]],[[47818,63650],[-238,43]],[[44568,61614],[-446,782],[-1202,-75],[-519,697],[-2701,64],[-549,858],[-1455,-708],[-1335,1254],[-1381,-107],[342,793],[-475,440]],[[34847,65612],[1276,1233]],[[38616,68142],[1455,-108],[1009,-439],[1128,1265],[1766,-11],[-297,-857],[1158,-108],[875,440]],[[56010,61485],[-148,-611],[-1633,-1919]],[[54229,58955],[-623,-461],[-609,-1147]],[[52997,57347],[-1350,-1264],[-282,-676],[549,-450]],[[51914,54957],[980,-729]],[[52894,54228],[74,-118]],[[52968,54110],[-817,-257],[-222,-965],[-1113,-386],[-45,933],[535,911],[-327,761],[-1662,11],[-1306,-236]],[[50118,60606],[-519,-482],[-1009,0],[-1188,-686],[-445,-1083],[1158,-161],[519,976],[1351,107],[757,-472],[1662,804],[-787,686],[-237,740],[-1262,-429]],[[45710,68324],[-712,514],[297,676],[-935,1018],[133,975]],[[48990,46221],[-44,21]],[[48946,46242],[-1989,633]],[[51914,54957],[980,-729]],[[52968,54110],[1068,-396]],[[54036,53714],[-1380,-1790],[-1113,-901]],[[51543,51023],[-74,-214]],[[51469,50809],[341,-783],[1365,-321]],[[53175,49705],[-1365,-65]],[[41763,48579],[-1217,1254],[104,1640],[1231,2434],[327,321]],[[40145,58527],[-3176,1007],[-1959,43],[-1202,289],[-3161,311],[-816,1983],[-1188,1169],[0,964],[-549,933],[386,911],[3102,-300],[2003,118],[1262,-343]],[[61590,46210],[-593,879]],[[60997,47089],[593,-879]],[[73983,50101],[-357,-1865],[-1217,718],[-504,-118],[252,-1511],[1366,204],[1068,-804],[-935,-290],[-875,-1072],[-90,-750]],[[72691,44613],[-771,290]],[[71920,44903],[-312,814],[-1024,-364]],[[70584,45353],[-831,343]],[[69753,45696],[-59,1125]],[[69694,46821],[460,354]],[[70154,47175],[-742,75],[-193,2380]],[[69219,49630],[2686,750]],[[71905,50380],[2078,-279]],[[65182,50048],[-30,-1898]],[[65152,48150],[-267,526],[-1855,-343]],[[63030,48333],[801,836],[193,986],[-3858,-418],[-1054,-825],[-1217,-1480],[757,-161],[475,944],[1157,-343],[831,1232],[1039,-943]],[[62154,48161],[-1365,-718]],[[60789,47443],[-935,171],[-980,-300],[-920,-1275]],[[57954,46039],[-1988,943],[712,1544],[1172,900],[-504,890]],[[57346,50316],[-490,900],[1054,868],[1425,-997],[148,1019],[1380,-32],[757,664],[1840,-161],[-133,-793],[1232,-654],[-89,-578],[712,-504]],[[77886,54646],[-505,365],[416,836]],[[77797,55847],[757,-600],[-668,-601]],[[87384,56190],[-297,139]],[[87087,56329],[297,-139]],[[77856,65280],[341,-708],[4067,-557],[861,-751],[178,-1071],[-564,-622],[-1766,-890]],[[80973,60681],[-995,-171],[-1840,-804],[-519,-2133],[-2152,150],[-253,-429]],[[75214,57294],[-1528,-204],[-1084,504]],[[72602,57594],[-756,911],[-1128,-171],[207,1125],[-1038,97],[-475,1189],[-2568,-418]],[[68937,62182],[504,-836]],[[69441,61346],[861,-311],[89,-729],[2063,-375],[445,1222],[2019,504]],[[74918,61657],[193,428]],[[75111,62085],[-1737,-514],[-890,364],[-1039,-1093],[-356,1008]],[[71089,61850],[979,1489],[-193,644],[802,568]],[[72677,64551],[890,-161],[1083,343],[-905,772]],[[75422,63693],[-89,-364]],[[61724,45181],[-89,-1147]],[[61635,44034],[-1781,686]],[[59854,44720],[1736,1490]],[[61590,46210],[134,-1029]],[[55580,54271],[1276,-300],[-44,-986],[-1440,-890],[-15,-1211],[-638,-943],[1722,-215],[905,590]],[[57954,46039],[223,-161]],[[58177,45878],[-2449,-836],[-460,911],[-876,225],[-1320,1404],[-787,225]],[[52137,49233],[1038,472]],[[51469,50809],[74,214]],[[54036,53714],[1544,557]],[[54303,49983],[-193,0]],[[54110,49983],[193,0]],[[92534,55096],[-1202,172]],[[91332,55268],[1202,-172]],[[54229,58955],[-29,-1275],[-1203,-333]],[[65123,43563],[-223,-965],[-802,-343],[-994,193],[282,943]],[[63386,43391],[445,761],[1292,-589]],[[71920,44903],[-1336,450]],[[67349,57369],[-1826,611]],[[65523,57980],[1826,-611]],[[72677,64551],[489,975]],[[83971,52159],[1053,43]],[[85024,52202],[564,86]],[[85588,52288],[1959,-439]],[[87547,51849],[817,-515]],[[88364,51334],[29,-911]],[[88393,50423],[-608,-965],[401,-611],[-2716,-1372],[-178,-1007],[-817,-33],[-979,-1061],[-178,-718]],[[83318,44656],[-505,-1576],[-1158,-418],[-1127,547]],[[80528,43209],[519,1286]],[[81047,44495],[-1796,600],[104,890],[-1172,257],[386,772],[1498,890],[-1721,332],[-520,815],[1158,879],[668,-118]],[[79652,49812],[965,707],[1350,397],[-1217,643]],[[80750,51559],[787,472],[-74,836],[860,364]],[[82323,53231],[208,-589],[1440,-483]],[[63668,55493],[891,-204],[-104,-911],[-1470,547],[683,568]],[[72602,57594],[-296,-439],[-1232,-301],[534,-793],[-1306,-686],[-1929,1222],[-386,-1426],[2701,-932],[-45,-847],[-1261,322],[-935,-268],[-609,-1522],[-1246,-536]],[[66592,51388],[-163,428],[920,1040],[-594,2412],[-816,364]],[[65939,55632],[119,1019],[-1203,-365]],[[64855,56286],[-400,740],[1039,289],[2062,-932],[446,632],[-653,354]],[[65523,57980],[-1425,-354]],[[64098,57626],[-2137,622]],[[61961,58248],[1306,1961]],[[69694,46821],[460,354]],[[72706,50616],[-801,-236]],[[69219,49630],[-668,-193]],[[68551,49437],[-1692,-879]],[[66859,48558],[237,1190],[1336,632],[-935,386]],[[67497,50766],[3235,64],[564,483],[1410,-697]],[[80750,51559],[-1662,472],[-1336,-697],[1841,-643],[59,-879]],[[81047,44495],[-1276,204],[-787,-450],[-2389,171],[-1959,-514]],[[74636,43906],[-1945,707]],[[73983,50101],[-60,536]],[[73923,50637],[1084,558],[3754,954]],[[78761,52149],[1128,761],[2434,321]],[[65939,55632],[-965,-96],[-119,750]],[[75111,62085],[-193,-428]],[[69441,61346],[861,568],[787,-64]],[[80973,60681],[950,-396],[4289,-644]],[[86212,59641],[816,-761],[-727,-2497],[786,-54]],[[87384,56190],[-1009,-461],[-1024,-1544],[490,-439],[-253,-1458]],[[85024,52202],[-1053,-43]],[[78761,52149],[-875,2497]],[[77797,55847],[-2330,793],[-253,654]],[[72706,50616],[1217,21]],[[66592,51388],[59,-558]],[[66651,50830],[-430,-986],[-1039,204]],[[55580,54271],[163,590],[2122,621],[965,2316],[-1247,-215],[-297,686],[2731,-568],[876,858],[1068,-311]],[[60789,47443],[208,-354]],[[59854,44720],[-1677,1158]],[[66651,50830],[846,-64]],[[66859,48558],[1098,-600],[594,1479]],[[69753,45696],[-787,-311]],[[68966,45385],[-89,761],[-2092,-247],[623,-846]],[[67408,45053],[30,-708],[-2315,-782]],[[63386,43391],[-1751,643]],[[61724,45181],[757,1587],[593,-451],[-103,-1007],[890,-300],[356,1479],[816,514],[119,1147]],[[63030,48333],[-876,-172]],[[54303,49983],[-193,0]],[[87547,51849],[787,1050],[965,-632],[-935,-933]],[[69026,64776],[-238,-332]],[[69100,64090],[1024,493],[-1128,450]],[[61412,61442],[-252,-343],[-2582,804],[-1752,718]],[[92534,55096],[979,-525],[-1009,-579],[-2107,-3205],[-1380,-278]],[[89017,50509],[-624,-86]],[[86212,59641],[1884,-193],[1796,461],[386,-729],[-534,-900],[-742,-236],[-683,-1886],[3013,-890]],[[68966,45385],[-1558,-332]],[[73641,6142],[1573,-279],[2301,-750],[2523,64]],[[80038,5177],[-995,-1404],[1217,-1115],[-534,-1082],[445,-1383],[-2063,43],[-3502,-236],[-4111,482],[-980,783],[-118,954],[-757,836],[-1558,536],[-787,1147],[-742,332],[564,783],[653,2444]],[[66770,8297],[1187,-43],[638,-461],[2241,-365],[891,-696],[534,-890],[1113,-504],[267,804]],[[75363,3066],[-1870,-751],[-134,-729],[2093,-407],[816,1276],[-905,611]],[[76313,11952],[-15,-32]],[[76298,11920],[-3176,954],[-831,493]],[[72291,13367],[-104,761],[801,1393],[995,-289],[920,-1244],[1573,-1071],[-163,-965]],[[87043,11898],[-1440,-1190],[905,-460],[-1588,-1190],[-994,-461],[-2434,-193],[431,-976],[-327,-1372]],[[81596,6056],[-1009,-889],[-549,10]],[[73641,6142],[831,1040],[1974,-375],[683,1404],[-1187,364],[-238,858],[445,943],[-489,450],[638,1094]],[[76313,11952],[1024,118]],[[77337,12070],[1410,-161],[875,643],[-15,504],[2449,-11],[1826,-300],[1632,-654],[1529,-193]],[[85559,19230],[14,-321]],[[85573,18909],[-1484,-1147]],[[84089,17762],[-905,310]],[[83184,18072],[-549,1008],[1707,343],[1217,-193]],[[73359,31343],[1855,-290]],[[75214,31053],[1499,-396],[2375,-1072],[1098,-922]],[[80186,28663],[1559,-1383]],[[81745,27280],[-594,-568],[608,-890],[-920,-675],[-950,-2176],[-519,-418],[30,-1275]],[[79400,21278],[-1425,-633],[-1425,-96]],[[76550,20549],[-15,536],[980,353],[-505,676],[-1677,139],[-148,418],[846,1136],[-401,901],[-994,739],[-1158,-386],[-594,-1329],[75,-954],[-1677,408],[-327,364],[1187,1211],[178,804],[1114,751],[-223,1104],[-1306,343],[683,900]],[[72588,28663],[-950,1211],[-1930,472],[386,1179],[-1291,611],[119,536]],[[68922,32672],[1276,-665],[3161,-664]],[[79400,21278],[2641,-1190],[-59,-783]],[[81982,19305],[-1573,665],[-1143,-386],[-1529,225],[-816,-429],[327,-868]],[[77248,18512],[638,-1394]],[[77886,17118],[-475,-1007],[757,-300],[-1084,-2037],[253,-1704]],[[72291,13367],[-2004,225]],[[70287,13592],[-1380,2873],[668,1811]],[[69575,18276],[1321,-128],[1306,718],[-1099,729],[832,879],[-594,300],[549,922],[1469,493],[-311,-1426],[935,-1286],[1068,718],[1499,354]],[[90709,13088],[163,-879]],[[90872,12209],[-312,-782],[-890,-461],[385,-783],[-623,-1050],[401,-1308],[-282,-429],[-1336,-203],[-1573,-954],[-2627,203],[-2419,-386]],[[87043,11898],[2196,1212],[1470,-22]],[[69575,18276],[-1915,1233],[-1187,86],[-1840,675],[-3236,1865],[-207,718],[-831,708],[-995,300]],[[59854,27720],[1662,686],[638,-257],[2063,182],[30,-1351],[1321,-589],[712,1093],[653,-836],[1544,-472],[653,140],[2419,2025],[1039,322]],[[66770,8297],[1454,1833],[520,1318],[1187,1029],[356,1115]],[[90709,13088],[682,1222]],[[91391,14310],[2523,-204],[920,633],[2360,439]],[[97194,15178],[801,-2326],[2004,-568],[-104,-1147],[-786,-1308],[-1737,644],[-1632,-75],[-995,-343],[-2775,1061],[-1098,1093]],[[81982,19305],[490,-1479],[712,246]],[[84089,17762],[891,439],[653,-729]],[[85633,17472],[1232,150],[489,-364],[327,-1297],[3161,-976],[549,-675]],[[77886,17118],[905,86],[1039,-1436],[1588,-343],[-45,1350],[-964,1512],[-935,64],[-905,558],[-1321,-397]],[[85573,18909],[60,-1437]],[[85959,24354],[-311,-418]],[[85648,23936],[1113,-397],[1855,43],[1959,-2304]],[[90575,21278],[-920,64],[-757,-547],[-831,0],[-1217,-600],[-1291,-965]],[[81745,27280],[667,-139],[1173,-1469],[1469,-1061],[905,-257]],[[90575,21278],[579,-837],[3844,-2208],[1677,-1993],[519,-1062]],[[63416,34323],[2300,-965],[3206,-686]],[[73359,31343],[149,1265],[1083,986],[-504,1640],[-1010,182],[-282,654],[950,697]],[[73745,36767],[490,-686],[2686,343],[445,-429],[357,-1383],[1558,-1876],[-816,-889],[-1143,-376],[-1826,311],[-282,-729]],[[86983,40593],[-1499,-2561],[208,-922],[-1350,139],[-1306,-1351],[-520,-879]],[[82516,35019],[-2122,965],[-905,1254],[-713,258],[-1469,-236],[119,1018]],[[77426,38278],[979,986],[-430,1297],[727,408],[994,2026],[832,214]],[[83318,44656],[2211,-1222],[-890,-1458],[385,-1093],[1959,-290]],[[77426,38278],[-401,-654],[-1722,86],[-1246,-397]],[[74057,37313],[267,1051],[-668,664],[386,1351],[-1707,2616],[2019,611],[282,300]],[[91436,38310],[-1395,-21],[-357,-408],[-1380,483],[-549,1040],[1143,-43],[252,761],[1351,-493],[1261,246],[-638,729]],[[91124,40604],[45,1104],[979,2798],[416,482],[59,1533],[1558,1265]],[[94181,47786],[831,-761],[1188,0],[-356,-836],[-1752,-1587],[1588,-975],[1262,-129],[1009,-514],[505,-1019],[949,-975],[-311,-1790],[-1425,-300],[-920,879],[-1232,-386],[-3725,311],[-356,-1394]],[[91020,34891],[-148,-536],[1068,-1168],[-1825,150],[-653,-376],[-416,-1211],[861,-257],[757,-804],[2286,204],[148,-483],[-935,-1211],[-1069,129],[-860,718],[-1113,203]],[[89121,30249],[-1678,172],[-103,1029],[-1143,922],[-1128,-332],[-1529,32]],[[83540,32072],[238,1029],[727,814]],[[84505,33915],[1632,-214],[2301,332],[1989,1244],[593,-386]],[[89121,30249],[-832,-375],[-682,-1104],[-1603,-943],[772,-579],[-357,-686],[535,-1136],[-995,-1072]],[[80186,28663],[816,718],[1663,97],[816,696],[-371,461],[430,1437]],[[91124,40604],[-3161,547],[-980,-558]],[[89017,50509],[-342,-643],[1484,-151],[1544,-503],[-312,-376],[2301,-482],[489,-568]],[[74057,37313],[-312,-546]],[[36761,38621],[861,1565],[-2464,257],[-385,2476],[1306,-117],[-460,-1951],[890,-365],[757,322],[668,2229],[460,-1382],[979,1307],[1128,-375],[1069,257],[697,-428],[1188,396],[1335,-750],[1544,182],[2434,-268],[400,1747],[-222,2519]],[[82516,35019],[594,-782],[1395,-322]],[[91436,38310],[118,-1039],[-385,-483],[1543,-1383],[-549,-632],[-1143,118]]],"transform":{"scale":[0.000006738067380673806,0.00000932909329093291],"translate":[86.558,21.8659]},"objects":{"panchayats":{"type":"GeometryCollection","geometries":[{"arcs":[[0,1,2,3]],"type":"Polygon","properties":{"OBJECTID":318589,"gpcode":"","gpname":"","stname":"WEST BENGAL","dtname":"Jhargram","sdtname":"Gopiballavpur - I","stcode11":"19","dtcode11":"776","sdtcode11":"02457","blklgdcode":"2986","blkname":"GOPIBALLAVPUR-I","dt_lgd":703,"sdt_lgd":2457,"st_lgd":19,"vilcode11":0,"vilname11":" ","pan_local":"GOPIBALLAVPUR-I","b_pan_code":3350,"b_pan_name":"GOPIBALLAVPUR-I","d_pan_code":276162,"d_pan_name":"JHARGRAM","gp_code":"","gp_name":"","st_2011":"19","dt_2011":"776","sdt_2011":"02457","subdtname":"Gopiballavpur - I","block_name":"GOPIBALLAVPUR-I","blk_lgdcod":"2986","dtcode14":"776","SHAPE_Length":103038.91102969296,"SHAPE_Area":343499813.00294614}},{"type":null,"properties":{"OBJECTID":318590,"gpcode":"","gpname":"","stname":"WEST BENGAL","dtname":"Jhargram","sdtname":"Jhargram","stcode11":"19","dtcode11":"776","sdtcode11":"02454","blklgdcode":"2988","blkname":"JHARGRAM","dt_lgd":703,"sdt_lgd":2454,"st_lgd":19,"vilcode11":0,"vilname11":"BHAUDA","pan_local":"JHARGRAM","b_pan_code":3352,"b_pan_name":"JHARGRAM","d_pan_code":276162,"d_pan_name":"JHARGRAM","gp_code":"","gp_name":"","st_2011":"19","dt_2011":"776","sdt_2011":"02454","subdtname":"Jhargram","block_name":"JHARGRAM","blk_lgdcod":"2988","dtcode14":"776","SHAPE_Length":3460.470860542019,"SHAPE_Area":511750.9488991064}},{"type":null,"properties":{"OBJECTID":318591,"gpcode":"","gpname":"","stname":"WEST BENGAL","dtname":"Jhargram","sdtname":"Jhargram","stcode11":"19","dtcode11":"776","sdtcode11":"02454","blklgdcode":"2988","blkname":"JHARGRAM","dt_lgd":703,"sdt_lgd":2454,"st_lgd":19,"vilcode11":0,"vilname11":"ANAIL MURAI","pan_local":"JHARGRAM","b_pan_code":3352,"b_pan_name":"JHARGRAM","d_pan_code":276162,"d_pan_name":"JHARGRAM","gp_code":"","gp_name":"","st_2011":"19","dt_2011":"776","sdt_2011":"02454","subdtname":"Jhargram","block_name":"JHARGRAM","blk_lgdcod":"2988","dtcode14":"776","SHAPE_Length":2643.0512862323217,"SHAPE_Area":355208.04597355274}},{"arcs":[[4,5,6]],"type":"Polygon","properties":{"OBJECTID":318592,"gpcode":"","gpname":"","stname":"WEST BENGAL","dtname":"Jhargram","sdtname":"Jhargram","stcode11":"19","dtcode11":"776","sdtcode11":"02454","blklgdcode":"2988","blkname":"JHARGRAM","dt_lgd":703,"sdt_lgd":2454,"st_lgd":19,"vilcode11":0,"vilname11":"BANDARBHULA","pan_local":"JHARGRAM","b_pan_code":3352,"b_pan_name":"JHARGRAM","d_pan_code":276162,"d_pan_name":"JHARGRAM","gp_code":"","gp_name":"","st_2011":"19","dt_2011":"776","sdt_2011":"02454","subdtname":"Jhargram","block_name":"JHARGRAM","blk_lgdcod":"2988","dtcode14":"776","SHAPE_Length":3045.1103277985485,"SHAPE_Area":564504.9943960921}},{"arcs":[[7,8,-5,9,10]],"type":"Polygon","properties":{"OBJECTID":318593,"gpcode":"","gpname":"","stname":"WEST BENGAL","dtname":"Jhargram","sdtname":"Jhargram","stcode11":"19","dtcode11":"776","sdtcode11":"02454","blklgdcode":"2988","blkname":"JHARGRAM","dt_lgd":703,"sdt_lgd":2454,"st_lgd":19,"vilcode11":0,"vilname11":"JHARGRAM","pan_local":"JHARGRAM","b_pan_code":3352,"b_pan_name":"JHARGRAM","d_pan_code":276162,"d_pan_name":"JHARGRAM","gp_code":"","gp_name":"","st_2011":"19","dt_2011":"776","sdt_2011":"02454","subdtname":"Jhargram","block_name":"JHARGRAM","blk_lgdcod":"2988","dtcode14":"776","SHAPE_Length":4896.636237485042,"SHAPE_Area":929489.8562564029}},{"arcs":[[11,12,-11,13]],"type":"Polygon","properties":{"OBJECTID":318594,"gpcode":"","gpname":"","stname":"WEST BENGAL","dtname":"Jhargram","sdtname":"Jhargram","stcode11":"19","dtcode11":"776","sdtcode11":"02454","blklgdcode":"2988","blkname":"JHARGRAM","dt_lgd":703,"sdt_lgd":2454,"st_lgd":19,"vilcode11":0,"vilname11":"MUNISHISAL","pan_local":"JHARGRAM","b_pan_code":3352,"b_pan_name":"JHARGRAM","d_pan_code":276162,"d_pan_name":"JHARGRAM","gp_code":"","gp_name":"","st_2011":"19","dt_2011":"776","sdt_2011":"02454","subdtname":"Jhargram","block_name":"JHARGRAM","blk_lgdcod":"2988","dtcode14":"776","SHAPE_Length":2716.0355914651705,"SHAPE_Area":375991.5016447737}},{"arcs":[[14,-8,-13,15,16,17]],"type":"Polygon","properties":{"OBJECTID":318595,"gpcode":"","gpname":"","stname":"WEST BENGAL","dtname":"Jhargram","sdtname":"Jhargram","stcode11":"19","dtcode11":"776","sdtcode11":"02454","blklgdcode":"2988","blkname":"JHARGRAM","dt_lgd":703,"sdt_lgd":2454,"st_lgd":19,"vilcode11":0,"vilname11":"KHAS URF","pan_local":"JHARGRAM","b_pan_code":3352,"b_pan_name":"JHARGRAM","d_pan_code":276162,"d_pan_name":"JHARGRAM","gp_code":"","gp_name":"","st_2011":"19","dt_2011":"776","sdt_2011":"02454","subdtname":"Jhargram","block_name":"JHARGRAM","blk_lgdcod":"2988","dtcode14":"776","SHAPE_Length":4277.597704971737,"SHAPE_Area":520284.8719864373}},{"arcs":[[18,19]],"type":"Polygon","properties":{"OBJECTID":318596,"gpcode":"","gpname":"","stname":"WEST BENGAL","dtname":"Jhargram","sdtname":"Jhargram","stcode11":"19","dtcode11":"776","sdtcode11":"02454","blklgdcode":"2988","blkname":"JHARGRAM","dt_lgd":703,"sdt_lgd":2454,"st_lgd":19,"vilcode11":0,"vilname11":"NUNNUNIGERYA","pan_local":"JHARGRAM","b_pan_code":3352,"b_pan_name":"JHARGRAM","d_pan_code":276162,"d_pan_name":"JHARGRAM","gp_code":"","gp_name":"","st_2011":"19","dt_2011":"776","sdt_2011":"02454","subdtname":"Jhargram","block_name":"JHARGRAM","blk_lgdcod":"2988","dtcode14":"776","SHAPE_Length":2468.4600677492012,"SHAPE_Area":303103.1262625886}},{"arcs":[[20,21,22,23]],"type":"Polygon","properties":{"OBJECTID":318597,"gpcode":"","gpname":"","stname":"WEST BENGAL","dtname":"Jhargram","sdtname":"Jhargram","stcode11":"19","dtcode11":"776","sdtcode11":"02454","blklgdcode":"2988","blkname":"JHARGRAM","dt_lgd":703,"sdt_lgd":2454,"st_lgd":19,"vilcode11":0,"vilname11":"SRIRAMPUR","pan_local":"JHARGRAM","b_pan_code":3352,"b_pan_name":"JHARGRAM","d_pan_code":276162,"d_pan_name":"JHARGRAM","gp_code":"","gp_name":"","st_2011":"19","dt_2011":"776","sdt_2011":"02454","subdtname":"Jhargram","block_name":"JHARGRAM","blk_lgdcod":"2988","dtcode14":"776","SHAPE_Length":3981.481387115872,"SHAPE_Area":428375.42129247444}},{"arcs":[[24,25,26,27]],"type":"Polygon","properties":{"OBJECTID":318598,"gpcode":"","gpname":"","stname":"WEST BENGAL","dtname":"Jhargram","sdtname":"Jhargram","stcode11":"19","dtcode11":"776","sdtcode11":"02454","blklgdcode":"2988","blkname":"JHARGRAM","dt_lgd":703,"sdt_lgd":2454,"st_lgd":19,"vilcode11":0,"vilname11":"BENAGERYA","pan_local":"JHARGRAM","b_pan_code":3352,"b_pan_name":"JHARGRAM","d_pan_code":276162,"d_pan_name":"JHARGRAM","gp_code":"","gp_name":"","st_2011":"19","dt_2011":"776","sdt_2011":"02454","subdtname":"Jhargram","block_name":"JHARGRAM","blk_lgdcod":"2988","dtcode14":"776","SHAPE_Length":3551.5826313712305,"SHAPE_Area":551777.9544824079}},{"arcs":[[28,29,30]],"type":"Polygon","properties":{"OBJECTID":318599,"gpcode":"","gpname":"","stname":"WEST BENGAL","dtname":"Jhargram","sdtname":"Jhargram","stcode11":"19","dtcode11":"776","sdtcode11":"02454","blklgdcode":"2988","blkname":"JHARGRAM","dt_lgd":703,"sdt_lgd":2454,"st_lgd":19,"vilcode11":0,"vilname11":"KESABDIHI","pan_local":"JHARGRAM","b_pan_code":3352,"b_pan_name":"JHARGRAM","d_pan_code":276162,"d_pan_name":"JHARGRAM","gp_code":"","gp_name":"","st_2011":"19","dt_2011":"776","sdt_2011":"02454","subdtname":"Jhargram","block_name":"JHARGRAM","blk_lgdcod":"2988","dtcode14":"776","SHAPE_Length":1067.8707455700387,"SHAPE_Area":63639.18736099038}},{"arcs":[[31,-19,32,33,-31,34]],"type":"Polygon","properties":{"OBJECTID":318600,"gpcode":"","gpname":"","stname":"WEST BENGAL","dtname":"Jhargram","sdtname":"Jhargram","stcode11":"19","dtcode11":"776","sdtcode11":"02454","blklgdcode":"2988","blkname":"JHARGRAM","dt_lgd":703,"sdt_lgd":2454,"st_lgd":19,"vilcode11":801756,"vilname11":"Jhargram (M)","pan_local":"JHARGRAM","b_pan_code":3352,"b_pan_name":"JHARGRAM","d_pan_code":276162,"d_pan_name":"JHARGRAM","gp_code":"","gp_name":"","st_2011":"19","dt_2011":"776","sdt_2011":"02454","subdtname":"Jhargram","block_name":"JHARGRAM","blk_lgdcod":"2988","dtcode14":"776","SHAPE_Length":3221.050095412557,"SHAPE_Area":329452.11930707813}},{"arcs":[[-29,-34,35,-25,36,37]],"type":"Polygon","properties":{"OBJECTID":318601,"gpcode":"","gpname":"","stname":"WEST BENGAL","dtname":"Jhargram","sdtname":"Jhargram","stcode11":"19","dtcode11":"776","sdtcode11":"02454","blklgdcode":"2988","blkname":"JHARGRAM","dt_lgd":703,"sdt_lgd":2454,"st_lgd":19,"vilcode11":0,"vilname11":"CHANDIPUR","pan_local":"JHARGRAM","b_pan_code":3352,"b_pan_name":"JHARGRAM","d_pan_code":276162,"d_pan_name":"JHARGRAM","gp_code":"","gp_name":"","st_2011":"19","dt_2011":"776","sdt_2011":"02454","subdtname":"Jhargram","block_name":"JHARGRAM","blk_lgdcod":"2988","dtcode14":"776","SHAPE_Length":2722.159720926035,"SHAPE_Area":268926.4439270643}},{"arcs":[[38,-27,39,-24,40,41]],"type":"Polygon","properties":{"OBJECTID":318602,"gpcode":"","gpname":"","stname":"WEST BENGAL","dtname":"Jhargram","sdtname":"Jhargram","stcode11":"19","dtcode11":"776","sdtcode11":"02454","blklgdcode":"2988","blkname":"JHARGRAM","dt_lgd":703,"sdt_lgd":2454,"st_lgd":19,"vilcode11":0,"vilname11":"BHARATPUR","pan_local":"JHARGRAM","b_pan_code":3352,"b_pan_name":"JHARGRAM","d_pan_code":276162,"d_pan_name":"JHARGRAM","gp_code":"","gp_name":"","st_2011":"19","dt_2011":"776","sdt_2011":"02454","subdtname":"Jhargram","block_name":"JHARGRAM","blk_lgdcod":"2988","dtcode14":"776","SHAPE_Length":3991.8829686090908,"SHAPE_Area":631565.3035940684}},{"arcs":[[42,-35,-30,-38,43,44,45]],"type":"Polygon","properties":{"OBJECTID":318603,"gpcode":"","gpname":"","stname":"WEST BENGAL","dtname":"Jhargram","sdtname":"Jhargram","stcode11":"19","dtcode11":"776","sdtcode11":"02454","blklgdcode":"2988","blkname":"JHARGRAM","dt_lgd":703,"sdt_lgd":2454,"st_lgd":19,"vilcode11":0,"vilname11":"NUTANDIHI","pan_local":"JHARGRAM","b_pan_code":3352,"b_pan_name":"JHARGRAM","d_pan_code":276162,"d_pan_name":"JHARGRAM","gp_code":"","gp_name":"","st_2011":"19","dt_2011":"776","sdt_2011":"02454","subdtname":"Jhargram","block_name":"JHARGRAM","blk_lgdcod":"2988","dtcode14":"776","SHAPE_Length":2805.8795383004635,"SHAPE_Area":414084.7368022055}},{"arcs":[[46,47,48]],"type":"Polygon","properties":{"OBJECTID":318604,"gpcode":"","gpname":"","stname":"WEST BENGAL","dtname":"Jhargram","sdtname":"Jhargram","stcode11":"19","dtcode11":"776","sdtcode11":"02454","blklgdcode":"2988","blkname":"JHARGRAM","dt_lgd":703,"sdt_lgd":2454,"st_lgd":19,"vilcode11":0,"vilname11":"KADAMKANALI","pan_local":"JHARGRAM","b_pan_code":3352,"b_pan_name":"JHARGRAM","d_pan_code":276162,"d_pan_name":"JHARGRAM","gp_code":"","gp_name":"","st_2011":"19","dt_2011":"776","sdt_2011":"02454","subdtname":"Jhargram","block_name":"JHARGRAM","blk_lgdcod":"2988","dtcode14":"776","SHAPE_Length":3515.240163687644,"SHAPE_Area":510498.94018457213}},{"arcs":[[-48,49,-46,50,51,52]],"type":"Polygon","properties":{"OBJECTID":318605,"gpcode":"","gpname":"","stname":"WEST BENGAL","dtname":"Jhargram","sdtname":"Jhargram","stcode11":"19","dtcode11":"776","sdtcode11":"02454","blklgdcode":"2988","blkname":"JHARGRAM","dt_lgd":703,"sdt_lgd":2454,"st_lgd":19,"vilcode11":0,"vilname11":"BACHHURDUBA","pan_local":"JHARGRAM","b_pan_code":3352,"b_pan_name":"JHARGRAM","d_pan_code":276162,"d_pan_name":"JHARGRAM","gp_code":"","gp_name":"","st_2011":"19","dt_2011":"776","sdt_2011":"02454","subdtname":"Jhargram","block_name":"JHARGRAM","blk_lgdcod":"2988","dtcode14":"776","SHAPE_Length":5097.6941419909235,"SHAPE_Area":1187532.6365760646}},{"arcs":[[53,54]],"type":"Polygon","properties":{"OBJECTID":318606,"gpcode":"","gpname":"","stname":"WEST BENGAL","dtname":"Jhargram","sdtname":"Jhargram","stcode11":"19","dtcode11":"776","sdtcode11":"02454","blklgdcode":"2988","blkname":"JHARGRAM","dt_lgd":703,"sdt_lgd":2454,"st_lgd":19,"vilcode11":0,"vilname11":"BAROANIA","pan_local":"JHARGRAM","b_pan_code":3352,"b_pan_name":"JHARGRAM","d_pan_code":276162,"d_pan_name":"JHARGRAM","gp_code":"","gp_name":"","st_2011":"19","dt_2011":"776","sdt_2011":"02454","subdtname":"Jhargram","block_name":"JHARGRAM","blk_lgdcod":"2988","dtcode14":"776","SHAPE_Length":2622.2742553621915,"SHAPE_Area":286479.02072997915}},{"type":null,"properties":{"OBJECTID":318607,"gpcode":"","gpname":"","stname":"WEST BENGAL","dtname":"Jhargram","sdtname":"Jhargram","stcode11":"19","dtcode11":"776","sdtcode11":"02454","blklgdcode":"2988","blkname":"JHARGRAM","dt_lgd":703,"sdt_lgd":2454,"st_lgd":19,"vilcode11":0,"vilname11":"GANAKKATI","pan_local":"JHARGRAM","b_pan_code":3352,"b_pan_name":"JHARGRAM","d_pan_code":276162,"d_pan_name":"JHARGRAM","gp_code":"","gp_name":"","st_2011":"19","dt_2011":"776","sdt_2011":"02454","subdtname":"Jhargram","block_name":"JHARGRAM","blk_lgdcod":"2988","dtcode14":"776","SHAPE_Length":1969.0669284556063,"SHAPE_Area":177305.78107909337}},{"arcs":[[55,-42,56]],"type":"Polygon","properties":{"OBJECTID":318608,"gpcode":"","gpname":"","stname":"WEST BENGAL","dtname":"Jhargram","sdtname":"Jhargram","stcode11":"19","dtcode11":"776","sdtcode11":"02454","blklgdcode":"2988","blkname":"JHARGRAM","dt_lgd":703,"sdt_lgd":2454,"st_lgd":19,"vilcode11":0,"vilname11":"BHARATPUR","pan_local":"JHARGRAM","b_pan_code":3352,"b_pan_name":"JHARGRAM","d_pan_code":276162,"d_pan_name":"JHARGRAM","gp_code":"","gp_name":"","st_2011":"19","dt_2011":"776","sdt_2011":"02454","subdtname":"Jhargram","block_name":"JHARGRAM","blk_lgdcod":"2988","dtcode14":"776","SHAPE_Length":5064.7936576973225,"SHAPE_Area":610442.1631104952}},{"arcs":[[-44,-37,-28,-39,-56,57,58]],"type":"Polygon","properties":{"OBJECTID":318609,"gpcode":"","gpname":"","stname":"WEST BENGAL","dtname":"Jhargram","sdtname":"Jhargram","stcode11":"19","dtcode11":"776","sdtcode11":"02454","blklgdcode":"2988","blkname":"JHARGRAM","dt_lgd":703,"sdt_lgd":2454,"st_lgd":19,"vilcode11":0,"vilname11":"BAMDA","pan_local":"JHARGRAM","b_pan_code":3352,"b_pan_name":"JHARGRAM","d_pan_code":276162,"d_pan_name":"JHARGRAM","gp_code":"","gp_name":"","st_2011":"19","dt_2011":"776","sdt_2011":"02454","subdtname":"Jhargram","block_name":"JHARGRAM","blk_lgdcod":"2988","dtcode14":"776","SHAPE_Length":4267.384506192908,"SHAPE_Area":971323.7886204548}},{"arcs":[[-49,-53,59,60,61]],"type":"Polygon","properties":{"OBJECTID":318610,"gpcode":"","gpname":"","stname":"WEST BENGAL","dtname":"Jhargram","sdtname":"Jhargram","stcode11":"19","dtcode11":"776","sdtcode11":"02454","blklgdcode":"2988","blkname":"JHARGRAM","dt_lgd":703,"sdt_lgd":2454,"st_lgd":19,"vilcode11":0,"vilname11":"GAIGHATA","pan_local":"JHARGRAM","b_pan_code":3352,"b_pan_name":"JHARGRAM","d_pan_code":276162,"d_pan_name":"JHARGRAM","gp_code":"","gp_name":"","st_2011":"19","dt_2011":"776","sdt_2011":"02454","subdtname":"Jhargram","block_name":"JHARGRAM","blk_lgdcod":"2988","dtcode14":"776","SHAPE_Length":3060.8658876367567,"SHAPE_Area":496598.51499821414}},{"arcs":[[62,-51,-45,-59,63,64,65]],"type":"Polygon","properties":{"OBJECTID":318611,"gpcode":"","gpname":"","stname":"WEST BENGAL","dtname":"Jhargram","sdtname":"Jhargram","stcode11":"19","dtcode11":"776","sdtcode11":"02454","blklgdcode":"2988","blkname":"JHARGRAM","dt_lgd":703,"sdt_lgd":2454,"st_lgd":19,"vilcode11":0,"vilname11":"BALARAMDIHI","pan_local":"JHARGRAM","b_pan_code":3352,"b_pan_name":"JHARGRAM","d_pan_code":276162,"d_pan_name":"JHARGRAM","gp_code":"","gp_name":"","st_2011":"19","dt_2011":"776","sdt_2011":"02454","subdtname":"Jhargram","block_name":"JHARGRAM","blk_lgdcod":"2988","dtcode14":"776","SHAPE_Length":3344.950673819481,"SHAPE_Area":609730.7914394162}},{"arcs":[[-60,-52,-63,66,67,68]],"type":"Polygon","properties":{"OBJECTID":318612,"gpcode":"","gpname":"","stname":"WEST BENGAL","dtname":"Jhargram","sdtname":"Jhargram","stcode11":"19","dtcode11":"776","sdtcode11":"02454","blklgdcode":"2988","blkname":"JHARGRAM","dt_lgd":703,"sdt_lgd":2454,"st_lgd":19,"vilcode11":0,"vilname11":"JANGAL","pan_local":"JHARGRAM","b_pan_code":3352,"b_pan_name":"JHARGRAM","d_pan_code":276162,"d_pan_name":"JHARGRAM","gp_code":"","gp_name":"","st_2011":"19","dt_2011":"776","sdt_2011":"02454","subdtname":"Jhargram","block_name":"JHARGRAM","blk_lgdcod":"2988","dtcode14":"776","SHAPE_Length":4022.725862456694,"SHAPE_Area":779632.5407120205}},{"arcs":[[-65,69,70,71]],"type":"Polygon","properties":{"OBJECTID":318613,"gpcode":"","gpname":"","stname":"WEST BENGAL","dtname":"Jhargram","sdtname":"Jhargram","stcode11":"19","dtcode11":"776","sdtcode11":"02454","blklgdcode":"2988","blkname":"JHARGRAM","dt_lgd":703,"sdt_lgd":2454,"st_lgd":19,"vilcode11":0,"vilname11":"KHAS JANGAL","pan_local":"JHARGRAM","b_pan_code":3352,"b_pan_name":"JHARGRAM","d_pan_code":276162,"d_pan_name":"JHARGRAM","gp_code":"","gp_name":"","st_2011":"19","dt_2011":"776","sdt_2011":"02454","subdtname":"Jhargram","block_name":"JHARGRAM","blk_lgdcod":"2988","dtcode14":"776","SHAPE_Length":1330.398421848901,"SHAPE_Area":108817.18322929305}},{"arcs":[[72,73,74,75,-17,76,-14,-10,-7,77,78,-21,-40,-26,-36,-33,-20,-32,-43,-50,-47,-62,79,80]],"type":"Polygon","properties":{"OBJECTID":318614,"gpcode":"","gpname":"","stname":"WEST BENGAL","dtname":"Jhargram","sdtname":"Jhargram","stcode11":"19","dtcode11":"776","sdtcode11":"02454","blklgdcode":"2988","blkname":"JHARGRAM","dt_lgd":703,"sdt_lgd":2454,"st_lgd":19,"vilcode11":0,"vilname11":"JANGAL KHAS","pan_local":"JHARGRAM","b_pan_code":3352,"b_pan_name":"JHARGRAM","d_pan_code":276162,"d_pan_name":"JHARGRAM","gp_code":"","gp_name":"","st_2011":"19","dt_2011":"776","sdt_2011":"02454","subdtname":"Jhargram","block_name":"JHARGRAM","blk_lgdcod":"2988","dtcode14":"776","SHAPE_Length":31622.03996790367,"SHAPE_Area":11726014.680053074}},{"arcs":[[-68,81,82]],"type":"Polygon","properties":{"OBJECTID":318615,"gpcode":"","gpname":"","stname":"WEST BENGAL","dtname":"Jhargram","sdtname":"Jhargram","stcode11":"19","dtcode11":"776","sdtcode11":"02454","blklgdcode":"2988","blkname":"JHARGRAM","dt_lgd":703,"sdt_lgd":2454,"st_lgd":19,"vilcode11":0,"vilname11":"JHARIA","pan_local":"JHARGRAM","b_pan_code":3352,"b_pan_name":"JHARGRAM","d_pan_code":276162,"d_pan_name":"JHARGRAM","gp_code":"","gp_name":"","st_2011":"19","dt_2011":"776","sdt_2011":"02454","subdtname":"Jhargram","block_name":"JHARGRAM","blk_lgdcod":"2988","dtcode14":"776","SHAPE_Length":4076.4867081957163,"SHAPE_Area":944380.8843397816}},{"type":null,"properties":{"OBJECTID":318616,"gpcode":"","gpname":"","stname":"WEST BENGAL","dtname":"Jhargram","sdtname":"Jhargram","stcode11":"19","dtcode11":"776","sdtcode11":"02454","blklgdcode":"2988","blkname":"JHARGRAM","dt_lgd":703,"sdt_lgd":2454,"st_lgd":19,"vilcode11":0,"vilname11":"GANGUDHARPUR","pan_local":"JHARGRAM","b_pan_code":3352,"b_pan_name":"JHARGRAM","d_pan_code":276162,"d_pan_name":"JHARGRAM","gp_code":"","gp_name":"","st_2011":"19","dt_2011":"776","sdt_2011":"02454","subdtname":"Jhargram","block_name":"JHARGRAM","blk_lgdcod":"2988","dtcode14":"776","SHAPE_Length":2408.4447131488128,"SHAPE_Area":383333.3883013081}},{"arcs":[[-82,-67,-66,-72,83,84,-85,85,86]],"type":"Polygon","properties":{"OBJECTID":318617,"gpcode":"","gpname":"","stname":"WEST BENGAL","dtname":"Jhargram","sdtname":"Jhargram","stcode11":"19","dtcode11":"776","sdtcode11":"02454","blklgdcode":"2988","blkname":"JHARGRAM","dt_lgd":703,"sdt_lgd":2454,"st_lgd":19,"vilcode11":0,"vilname11":"JAMDA","pan_local":"JHARGRAM","b_pan_code":3352,"b_pan_name":"JHARGRAM","d_pan_code":276162,"d_pan_name":"JHARGRAM","gp_code":"","gp_name":"","st_2011":"19","dt_2011":"776","sdt_2011":"02454","subdtname":"Jhargram","block_name":"JHARGRAM","blk_lgdcod":"2988","dtcode14":"776","SHAPE_Length":6361.011370610701,"SHAPE_Area":1678937.9004181612}},{"arcs":[[-85,-84,-71,87,88]],"type":"Polygon","properties":{"OBJECTID":318618,"gpcode":"","gpname":"","stname":"WEST BENGAL","dtname":"Jhargram","sdtname":"Jhargram","stcode11":"19","dtcode11":"776","sdtcode11":"02454","blklgdcode":"2988","blkname":"JHARGRAM","dt_lgd":703,"sdt_lgd":2454,"st_lgd":19,"vilcode11":0,"vilname11":"CHANDABILA","pan_local":"JHARGRAM","b_pan_code":3352,"b_pan_name":"JHARGRAM","d_pan_code":276162,"d_pan_name":"JHARGRAM","gp_code":"","gp_name":"","st_2011":"19","dt_2011":"776","sdt_2011":"02454","subdtname":"Jhargram","block_name":"JHARGRAM","blk_lgdcod":"2988","dtcode14":"776","SHAPE_Length":4887.031009746074,"SHAPE_Area":1111426.438810319}},{"arcs":[[89,90,91,-86,84,-89,92,93,94,95,96]],"type":"Polygon","properties":{"OBJECTID":318619,"gpcode":"","gpname":"","stname":"WEST BENGAL","dtname":"Jhargram","sdtname":"Binpur - I","stcode11":"19","dtcode11":"776","sdtcode11":"02442","blklgdcode":"2972","blkname":"BINPUR-I","dt_lgd":703,"sdt_lgd":2442,"st_lgd":19,"vilcode11":0,"vilname11":" ","pan_local":"BINPUR-I","b_pan_code":3336,"b_pan_name":"BINPUR-I","d_pan_code":276162,"d_pan_name":"JHARGRAM","gp_code":"","gp_name":"","st_2011":"19","dt_2011":"776","sdt_2011":"02442","subdtname":"Binpur - I","block_name":"BINPUR-I","blk_lgdcod":"2972","dtcode14":"776","SHAPE_Length":128548.39907736547,"SHAPE_Area":429534443.487178}},{"arcs":[[-96,97,98,99,100]],"type":"Polygon","properties":{"OBJECTID":318620,"gpcode":"","gpname":"","stname":"WEST BENGAL","dtname":"Jhargram","sdtname":"Binpur - II","stcode11":"19","dtcode11":"776","sdtcode11":"02441","blklgdcode":"2973","blkname":"BINPUR-II","dt_lgd":703,"sdt_lgd":2441,"st_lgd":19,"vilcode11":0,"vilname11":" ","pan_local":"BINPUR-II","b_pan_code":3337,"b_pan_name":"BINPUR-II","d_pan_code":276162,"d_pan_name":"JHARGRAM","gp_code":"","gp_name":"","st_2011":"19","dt_2011":"776","sdt_2011":"02441","subdtname":"Binpur - II","block_name":"BINPUR-II","blk_lgdcod":"2973","dtcode14":"776","SHAPE_Length":148275.503946231,"SHAPE_Area":697521083.0339707}},{"arcs":[[101,102,103,104,105,106,107]],"type":"Polygon","properties":{"OBJECTID":121759,"gpcode":"110366","gpname":"CHILKIGARH","stname":"WEST BENGAL","dtname":"Jhargram","sdtname":"Jamboni","stcode11":"19","dtcode11":"776","sdtcode11":"02455","blklgdcode":"2987","blkname":"JAMBANI","dt_lgd":703,"sdt_lgd":2455,"st_lgd":19,"vilcode11":0,"vilname11":"","pan_local":"JAMBANI","b_pan_code":3351,"b_pan_name":"JAMBANI","d_pan_code":276162,"d_pan_name":"JHARGRAM","gp_code":"110366","gp_name":"CHILKIGARH","st_2011":"19","dt_2011":"776","sdt_2011":"02455","subdtname":"Jamboni","block_name":"JAMBANI","blk_lgdcod":"2987","dtcode14":"776","SHAPE_Length":35378.21521457089,"SHAPE_Area":31174856.198099855}},{"arcs":[[108,109,110,111,112,113]],"type":"Polygon","properties":{"OBJECTID":121760,"gpcode":"110367","gpname":"CHINCHRA","stname":"WEST BENGAL","dtname":"Jhargram","sdtname":"Jamboni","stcode11":"19","dtcode11":"776","sdtcode11":"02455","blklgdcode":"2987","blkname":"JAMBANI","dt_lgd":703,"sdt_lgd":2455,"st_lgd":19,"vilcode11":0,"vilname11":"","pan_local":"JAMBANI","b_pan_code":3351,"b_pan_name":"JAMBANI","d_pan_code":276162,"d_pan_name":"JHARGRAM","gp_code":"110367","gp_name":"CHINCHRA","st_2011":"19","dt_2011":"776","sdt_2011":"02455","subdtname":"Jamboni","block_name":"JAMBANI","blk_lgdcod":"2987","dtcode14":"776","SHAPE_Length":32038.45479355386,"SHAPE_Area":28999014.506972786}},{"arcs":[[114,-103]],"type":"Polygon","properties":{"OBJECTID":121761,"gpcode":"110367","gpname":"CHINCHRA","stname":"WEST BENGAL","dtname":"Jhargram","sdtname":"Jamboni","stcode11":"19","dtcode11":"776","sdtcode11":"02455","blklgdcode":"2987","blkname":"JAMBANI","dt_lgd":703,"sdt_lgd":2455,"st_lgd":19,"vilcode11":0,"vilname11":"","pan_local":"JAMBANI","b_pan_code":3351,"b_pan_name":"JAMBANI","d_pan_code":276162,"d_pan_name":"JHARGRAM","gp_code":"110367","gp_name":"CHINCHRA","st_2011":"19","dt_2011":"776","sdt_2011":"02455","subdtname":"Jamboni","block_name":"JAMBANI","blk_lgdcod":"2987","dtcode14":"776","SHAPE_Length":7927.759174831462,"SHAPE_Area":2705103.597296524}},{"type":null,"properties":{"OBJECTID":121762,"gpcode":"110367","gpname":"CHINCHRA","stname":"WEST BENGAL","dtname":"Jhargram","sdtname":"Jamboni","stcode11":"19","dtcode11":"776","sdtcode11":"02455","blklgdcode":"2987","blkname":"JAMBANI","dt_lgd":703,"sdt_lgd":2455,"st_lgd":19,"vilcode11":0,"vilname11":"","pan_local":"JAMBANI","b_pan_code":3351,"b_pan_name":"JAMBANI","d_pan_code":276162,"d_pan_name":"JHARGRAM","gp_code":"110367","gp_name":"CHINCHRA","st_2011":"19","dt_2011":"776","sdt_2011":"02455","subdtname":"Jamboni","block_name":"JAMBANI","blk_lgdcod":"2987","dtcode14":"776","SHAPE_Length":5420.807397612995,"SHAPE_Area":940156.9144602873}},{"arcs":[[115,116,117,-100]],"type":"Polygon","properties":{"OBJECTID":121763,"gpcode":"110368","gpname":"DHARSA","stname":"WEST BENGAL","dtname":"Jhargram","sdtname":"Jamboni","stcode11":"19","dtcode11":"776","sdtcode11":"02455","blklgdcode":"2987","blkname":"JAMBANI","dt_lgd":703,"sdt_lgd":2455,"st_lgd":19,"vilcode11":0,"vilname11":"","pan_local":"JAMBANI","b_pan_code":3351,"b_pan_name":"JAMBANI","d_pan_code":276162,"d_pan_name":"JHARGRAM","gp_code":"110368","gp_name":"DHARSA","st_2011":"19","dt_2011":"776","sdt_2011":"02455","subdtname":"Jamboni","block_name":"JAMBANI","blk_lgdcod":"2987","dtcode14":"776","SHAPE_Length":35876.51715527929,"SHAPE_Area":27968767.936755113}},{"type":null,"properties":{"OBJECTID":121764,"gpcode":"110369","gpname":"DUBRA","stname":"WEST BENGAL","dtname":"Jhargram","sdtname":"Jamboni","stcode11":"19","dtcode11":"776","sdtcode11":"02455","blklgdcode":"2987","blkname":"JAMBANI","dt_lgd":703,"sdt_lgd":2455,"st_lgd":19,"vilcode11":0,"vilname11":"","pan_local":"JAMBANI","b_pan_code":3351,"b_pan_name":"JAMBANI","d_pan_code":276162,"d_pan_name":"JHARGRAM","gp_code":"110369","gp_name":"DUBRA","st_2011":"19","dt_2011":"776","sdt_2011":"02455","subdtname":"Jamboni","block_name":"JAMBANI","blk_lgdcod":"2987","dtcode14":"776","SHAPE_Length":3474.423827671197,"SHAPE_Area":528042.0687121896}},{"arcs":[[118,119,120,121,122,94,-95,-94]],"type":"Polygon","properties":{"OBJECTID":121765,"gpcode":"110369","gpname":"DUBRA","stname":"WEST BENGAL","dtname":"Jhargram","sdtname":"Jamboni","stcode11":"19","dtcode11":"776","sdtcode11":"02455","blklgdcode":"2987","blkname":"JAMBANI","dt_lgd":703,"sdt_lgd":2455,"st_lgd":19,"vilcode11":0,"vilname11":"","pan_local":"JAMBANI","b_pan_code":3351,"b_pan_name":"JAMBANI","d_pan_code":276162,"d_pan_name":"JHARGRAM","gp_code":"110369","gp_name":"DUBRA","st_2011":"19","dt_2011":"776","sdt_2011":"02455","subdtname":"Jamboni","block_name":"JAMBANI","blk_lgdcod":"2987","dtcode14":"776","SHAPE_Length":37496.81667579346,"SHAPE_Area":32529125.48847839}},{"arcs":[[123,-122,124,-107,125,126,-117,127]],"type":"Polygon","properties":{"OBJECTID":121766,"gpcode":"110370","gpname":"GIDHNI","stname":"WEST BENGAL","dtname":"Jhargram","sdtname":"Jamboni","stcode11":"19","dtcode11":"776","sdtcode11":"02455","blklgdcode":"2987","blkname":"JAMBANI","dt_lgd":703,"sdt_lgd":2455,"st_lgd":19,"vilcode11":0,"vilname11":"","pan_local":"JAMBANI","b_pan_code":3351,"b_pan_name":"JAMBANI","d_pan_code":276162,"d_pan_name":"JHARGRAM","gp_code":"110370","gp_name":"GIDHNI","st_2011":"19","dt_2011":"776","sdt_2011":"02455","subdtname":"Jamboni","block_name":"JAMBANI","blk_lgdcod":"2987","dtcode14":"776","SHAPE_Length":47932.276109056904,"SHAPE_Area":53025659.64106319}},{"arcs":[[128,129,130,131,132,133,-108,-125,-121],[134]],"type":"Polygon","properties":{"OBJECTID":121767,"gpcode":"110371","gpname":"JAMBONI","stname":"WEST BENGAL","dtname":"Jhargram","sdtname":"Jamboni","stcode11":"19","dtcode11":"776","sdtcode11":"02455","blklgdcode":"2987","blkname":"JAMBANI","dt_lgd":703,"sdt_lgd":2455,"st_lgd":19,"vilcode11":0,"vilname11":"","pan_local":"JAMBANI","b_pan_code":3351,"b_pan_name":"JAMBANI","d_pan_code":276162,"d_pan_name":"JHARGRAM","gp_code":"110371","gp_name":"JAMBONI","st_2011":"19","dt_2011":"776","sdt_2011":"02455","subdtname":"Jamboni","block_name":"JAMBANI","blk_lgdcod":"2987","dtcode14":"776","SHAPE_Length":62459.25625708035,"SHAPE_Area":44980693.239754826}},{"arcs":[[-95,-123,-124,135,-98]],"type":"Polygon","properties":{"OBJECTID":121768,"gpcode":"110372","gpname":"KAPGARI","stname":"WEST BENGAL","dtname":"Jhargram","sdtname":"Jamboni","stcode11":"19","dtcode11":"776","sdtcode11":"02455","blklgdcode":"2987","blkname":"JAMBANI","dt_lgd":703,"sdt_lgd":2455,"st_lgd":19,"vilcode11":0,"vilname11":"","pan_local":"JAMBANI","b_pan_code":3351,"b_pan_name":"JAMBANI","d_pan_code":276162,"d_pan_name":"JHARGRAM","gp_code":"110372","gp_name":"KAPGARI","st_2011":"19","dt_2011":"776","sdt_2011":"02455","subdtname":"Jamboni","block_name":"JAMBANI","blk_lgdcod":"2987","dtcode14":"776","SHAPE_Length":33683.13137447776,"SHAPE_Area":38461666.32973248}},{"arcs":[[136,137,-112]],"type":"Polygon","properties":{"OBJECTID":121769,"gpcode":"110373","gpname":"KENDADANGRI","stname":"WEST BENGAL","dtname":"Jhargram","sdtname":"Jamboni","stcode11":"19","dtcode11":"776","sdtcode11":"02455","blklgdcode":"2987","blkname":"JAMBANI","dt_lgd":703,"sdt_lgd":2455,"st_lgd":19,"vilcode11":0,"vilname11":"","pan_local":"JAMBANI","b_pan_code":3351,"b_pan_name":"JAMBANI","d_pan_code":276162,"d_pan_name":"JHARGRAM","gp_code":"110373","gp_name":"KENDADANGRI","st_2011":"19","dt_2011":"776","sdt_2011":"02455","subdtname":"Jamboni","block_name":"JAMBANI","blk_lgdcod":"2987","dtcode14":"776","SHAPE_Length":4500.379700994425,"SHAPE_Area":880310.2467131189}},{"arcs":[[-132,138]],"type":"Polygon","properties":{"OBJECTID":121770,"gpcode":"110373","gpname":"KENDADANGRI","stname":"WEST BENGAL","dtname":"Jhargram","sdtname":"Jamboni","stcode11":"19","dtcode11":"776","sdtcode11":"02455","blklgdcode":"2987","blkname":"JAMBANI","dt_lgd":703,"sdt_lgd":2455,"st_lgd":19,"vilcode11":0,"vilname11":"","pan_local":"JAMBANI","b_pan_code":3351,"b_pan_name":"JAMBANI","d_pan_code":276162,"d_pan_name":"JHARGRAM","gp_code":"110373","gp_name":"KENDADANGRI","st_2011":"19","dt_2011":"776","sdt_2011":"02455","subdtname":"Jamboni","block_name":"JAMBANI","blk_lgdcod":"2987","dtcode14":"776","SHAPE_Length":2727.0929184358592,"SHAPE_Area":275834.1023827066}},{"arcs":[[139,140,141,142,143,-114,144,-104,-115,-102,-134]],"type":"Polygon","properties":{"OBJECTID":121771,"gpcode":"110373","gpname":"KENDADANGRI","stname":"WEST BENGAL","dtname":"Jhargram","sdtname":"Jamboni","stcode11":"19","dtcode11":"776","sdtcode11":"02455","blklgdcode":"2987","blkname":"JAMBANI","dt_lgd":703,"sdt_lgd":2455,"st_lgd":19,"vilcode11":0,"vilname11":"","pan_local":"JAMBANI","b_pan_code":3351,"b_pan_name":"JAMBANI","d_pan_code":276162,"d_pan_name":"JHARGRAM","gp_code":"110373","gp_name":"KENDADANGRI","st_2011":"19","dt_2011":"776","sdt_2011":"02455","subdtname":"Jamboni","block_name":"JAMBANI","blk_lgdcod":"2987","dtcode14":"776","SHAPE_Length":50020.05724705452,"SHAPE_Area":32935947.73487178}},{"arcs":[[-135]],"type":"Polygon","properties":{"OBJECTID":121772,"gpcode":"110373","gpname":"KENDADANGRI","stname":"WEST BENGAL","dtname":"Jhargram","sdtname":"Jamboni","stcode11":"19","dtcode11":"776","sdtcode11":"02455","blklgdcode":"2987","blkname":"JAMBANI","dt_lgd":703,"sdt_lgd":2455,"st_lgd":19,"vilcode11":0,"vilname11":"","pan_local":"JAMBANI","b_pan_code":3351,"b_pan_name":"JAMBANI","d_pan_code":276162,"d_pan_name":"JHARGRAM","gp_code":"110373","gp_name":"KENDADANGRI","st_2011":"19","dt_2011":"776","sdt_2011":"02455","subdtname":"Jamboni","block_name":"JAMBANI","blk_lgdcod":"2987","dtcode14":"776","SHAPE_Length":17749.782949349606,"SHAPE_Area":5585656.814608773}},{"type":null,"properties":{"OBJECTID":121773,"gpcode":"110374","gpname":"LALBANDH","stname":"WEST BENGAL","dtname":"Jhargram","sdtname":"Jamboni","stcode11":"19","dtcode11":"776","sdtcode11":"02455","blklgdcode":"2987","blkname":"JAMBANI","dt_lgd":703,"sdt_lgd":2455,"st_lgd":19,"vilcode11":0,"vilname11":"","pan_local":"JAMBANI","b_pan_code":3351,"b_pan_name":"JAMBANI","d_pan_code":276162,"d_pan_name":"JHARGRAM","gp_code":"110374","gp_name":"LALBANDH","st_2011":"19","dt_2011":"776","sdt_2011":"02455","subdtname":"Jamboni","block_name":"JAMBANI","blk_lgdcod":"2987","dtcode14":"776","SHAPE_Length":3725.9872517610575,"SHAPE_Area":582399.6788554273}},{"arcs":[[-126,-106,145]],"type":"Polygon","properties":{"OBJECTID":121774,"gpcode":"110374","gpname":"LALBANDH","stname":"WEST BENGAL","dtname":"Jhargram","sdtname":"Jamboni","stcode11":"19","dtcode11":"776","sdtcode11":"02455","blklgdcode":"2987","blkname":"JAMBANI","dt_lgd":703,"sdt_lgd":2455,"st_lgd":19,"vilcode11":0,"vilname11":"","pan_local":"JAMBANI","b_pan_code":3351,"b_pan_name":"JAMBANI","d_pan_code":276162,"d_pan_name":"JHARGRAM","gp_code":"110374","gp_name":"LALBANDH","st_2011":"19","dt_2011":"776","sdt_2011":"02455","subdtname":"Jamboni","block_name":"JAMBANI","blk_lgdcod":"2987","dtcode14":"776","SHAPE_Length":42494.06738656006,"SHAPE_Area":59621777.74428452}},{"arcs":[[-136,-128,-116,-99]],"type":"Polygon","properties":{"OBJECTID":121775,"gpcode":"110375","gpname":"PARIHATI","stname":"WEST BENGAL","dtname":"Jhargram","sdtname":"Jamboni","stcode11":"19","dtcode11":"776","sdtcode11":"02455","blklgdcode":"2987","blkname":"JAMBANI","dt_lgd":703,"sdt_lgd":2455,"st_lgd":19,"vilcode11":0,"vilname11":"","pan_local":"JAMBANI","b_pan_code":3351,"b_pan_name":"JAMBANI","d_pan_code":276162,"d_pan_name":"JHARGRAM","gp_code":"110375","gp_name":"PARIHATI","st_2011":"19","dt_2011":"776","sdt_2011":"02455","subdtname":"Jamboni","block_name":"JAMBANI","blk_lgdcod":"2987","dtcode14":"776","SHAPE_Length":39975.289666964105,"SHAPE_Area":25786165.160050254}},{"arcs":[[146,147]],"type":"Polygon","properties":{"OBJECTID":121776,"gpcode":"110376","gpname":"AGUIBONI","stname":"WEST BENGAL","dtname":"Jhargram","sdtname":"Jhargram","stcode11":"19","dtcode11":"776","sdtcode11":"02454","blklgdcode":"2988","blkname":"JHARGRAM","dt_lgd":703,"sdt_lgd":2454,"st_lgd":19,"vilcode11":0,"vilname11":"","pan_local":"JHARGRAM","b_pan_code":3352,"b_pan_name":"JHARGRAM","d_pan_code":276162,"d_pan_name":"JHARGRAM","gp_code":"110376","gp_name":"AGUIBONI","st_2011":"19","dt_2011":"776","sdt_2011":"02454","subdtname":"Jhargram","block_name":"JHARGRAM","blk_lgdcod":"2988","dtcode14":"776","SHAPE_Length":3844.9090581914134,"SHAPE_Area":614267.6749881625}},{"arcs":[[148,149,150,151,152,153,154,155,156]],"type":"Polygon","properties":{"OBJECTID":121777,"gpcode":"110376","gpname":"AGUIBONI","stname":"WEST BENGAL","dtname":"Jhargram","sdtname":"Jhargram","stcode11":"19","dtcode11":"776","sdtcode11":"02454","blklgdcode":"2988","blkname":"JHARGRAM","dt_lgd":703,"sdt_lgd":2454,"st_lgd":19,"vilcode11":0,"vilname11":"","pan_local":"JHARGRAM","b_pan_code":3352,"b_pan_name":"JHARGRAM","d_pan_code":276162,"d_pan_name":"JHARGRAM","gp_code":"110376","gp_name":"AGUIBONI","st_2011":"19","dt_2011":"776","sdt_2011":"02454","subdtname":"Jhargram","block_name":"JHARGRAM","blk_lgdcod":"2988","dtcode14":"776","SHAPE_Length":35020.29312999615,"SHAPE_Area":14363455.305149117}},{"arcs":[[157,158,159,160,161,162,163]],"type":"Polygon","properties":{"OBJECTID":121778,"gpcode":"110376","gpname":"AGUIBONI","stname":"WEST BENGAL","dtname":"Jhargram","sdtname":"Jhargram","stcode11":"19","dtcode11":"776","sdtcode11":"02454","blklgdcode":"2988","blkname":"JHARGRAM","dt_lgd":703,"sdt_lgd":2454,"st_lgd":19,"vilcode11":0,"vilname11":"","pan_local":"JHARGRAM","b_pan_code":3352,"b_pan_name":"JHARGRAM","d_pan_code":276162,"d_pan_name":"JHARGRAM","gp_code":"110376","gp_name":"AGUIBONI","st_2011":"19","dt_2011":"776","sdt_2011":"02454","subdtname":"Jhargram","block_name":"JHARGRAM","blk_lgdcod":"2988","dtcode14":"776","SHAPE_Length":57622.13572269922,"SHAPE_Area":23192828.95174949}},{"arcs":[[164,165]],"type":"Polygon","properties":{"OBJECTID":121779,"gpcode":"110376","gpname":"AGUIBONI","stname":"WEST BENGAL","dtname":"Jhargram","sdtname":"Jhargram","stcode11":"19","dtcode11":"776","sdtcode11":"02454","blklgdcode":"2988","blkname":"JHARGRAM","dt_lgd":703,"sdt_lgd":2454,"st_lgd":19,"vilcode11":0,"vilname11":"","pan_local":"JHARGRAM","b_pan_code":3352,"b_pan_name":"JHARGRAM","d_pan_code":276162,"d_pan_name":"JHARGRAM","gp_code":"110376","gp_name":"AGUIBONI","st_2011":"19","dt_2011":"776","sdt_2011":"02454","subdtname":"Jhargram","block_name":"JHARGRAM","blk_lgdcod":"2988","dtcode14":"776","SHAPE_Length":7163.679626660898,"SHAPE_Area":1079576.7751983146}},{"type":null,"properties":{"OBJECTID":121780,"gpcode":"110376","gpname":"AGUIBONI","stname":"WEST BENGAL","dtname":"Jhargram","sdtname":"Jhargram","stcode11":"19","dtcode11":"776","sdtcode11":"02454","blklgdcode":"2988","blkname":"JHARGRAM","dt_lgd":703,"sdt_lgd":2454,"st_lgd":19,"vilcode11":0,"vilname11":"","pan_local":"JHARGRAM","b_pan_code":3352,"b_pan_name":"JHARGRAM","d_pan_code":276162,"d_pan_name":"JHARGRAM","gp_code":"110376","gp_name":"AGUIBONI","st_2011":"19","dt_2011":"776","sdt_2011":"02454","subdtname":"Jhargram","block_name":"JHARGRAM","blk_lgdcod":"2988","dtcode14":"776","SHAPE_Length":2201.585335235615,"SHAPE_Area":288168.9898743656}},{"type":null,"properties":{"OBJECTID":121781,"gpcode":"110377","gpname":"BANDHGORA","stname":"WEST BENGAL","dtname":"Jhargram","sdtname":"Jhargram","stcode11":"19","dtcode11":"776","sdtcode11":"02454","blklgdcode":"2988","blkname":"JHARGRAM","dt_lgd":703,"sdt_lgd":2454,"st_lgd":19,"vilcode11":0,"vilname11":"","pan_local":"JHARGRAM","b_pan_code":3352,"b_pan_name":"JHARGRAM","d_pan_code":276162,"d_pan_name":"JHARGRAM","gp_code":"110377","gp_name":"BANDHGORA","st_2011":"19","dt_2011":"776","sdt_2011":"02454","subdtname":"Jhargram","block_name":"JHARGRAM","blk_lgdcod":"2988","dtcode14":"776","SHAPE_Length":1621.9906080183855,"SHAPE_Area":126208.22104552377}},{"arcs":[[166,167]],"type":"Polygon","properties":{"OBJECTID":121782,"gpcode":"110377","gpname":"BANDHGORA","stname":"WEST BENGAL","dtname":"Jhargram","sdtname":"Jhargram","stcode11":"19","dtcode11":"776","sdtcode11":"02454","blklgdcode":"2988","blkname":"JHARGRAM","dt_lgd":703,"sdt_lgd":2454,"st_lgd":19,"vilcode11":0,"vilname11":"","pan_local":"JHARGRAM","b_pan_code":3352,"b_pan_name":"JHARGRAM","d_pan_code":276162,"d_pan_name":"JHARGRAM","gp_code":"110377","gp_name":"BANDHGORA","st_2011":"19","dt_2011":"776","sdt_2011":"02454","subdtname":"Jhargram","block_name":"JHARGRAM","blk_lgdcod":"2988","dtcode14":"776","SHAPE_Length":3447.779388371351,"SHAPE_Area":540841.2314204039}},{"type":null,"properties":{"OBJECTID":121783,"gpcode":"110377","gpname":"BANDHGORA","stname":"WEST BENGAL","dtname":"Jhargram","sdtname":"Jhargram","stcode11":"19","dtcode11":"776","sdtcode11":"02454","blklgdcode":"2988","blkname":"JHARGRAM","dt_lgd":703,"sdt_lgd":2454,"st_lgd":19,"vilcode11":0,"vilname11":"","pan_local":"JHARGRAM","b_pan_code":3352,"b_pan_name":"JHARGRAM","d_pan_code":276162,"d_pan_name":"JHARGRAM","gp_code":"110377","gp_name":"BANDHGORA","st_2011":"19","dt_2011":"776","sdt_2011":"02454","subdtname":"Jhargram","block_name":"JHARGRAM","blk_lgdcod":"2988","dtcode14":"776","SHAPE_Length":2405.778496688482,"SHAPE_Area":197947.371861296}},{"type":null,"properties":{"OBJECTID":121784,"gpcode":"110377","gpname":"BANDHGORA","stname":"WEST BENGAL","dtname":"Jhargram","sdtname":"Jhargram","stcode11":"19","dtcode11":"776","sdtcode11":"02454","blklgdcode":"2988","blkname":"JHARGRAM","dt_lgd":703,"sdt_lgd":2454,"st_lgd":19,"vilcode11":0,"vilname11":"","pan_local":"JHARGRAM","b_pan_code":3352,"b_pan_name":"JHARGRAM","d_pan_code":276162,"d_pan_name":"JHARGRAM","gp_code":"110377","gp_name":"BANDHGORA","st_2011":"19","dt_2011":"776","sdt_2011":"02454","subdtname":"Jhargram","block_name":"JHARGRAM","blk_lgdcod":"2988","dtcode14":"776","SHAPE_Length":3180.587394496286,"SHAPE_Area":372607.2360660839}},{"arcs":[[-16,-12,-77]],"type":"Polygon","properties":{"OBJECTID":121785,"gpcode":"110377","gpname":"BANDHGORA","stname":"WEST BENGAL","dtname":"Jhargram","sdtname":"Jhargram","stcode11":"19","dtcode11":"776","sdtcode11":"02454","blklgdcode":"2988","blkname":"JHARGRAM","dt_lgd":703,"sdt_lgd":2454,"st_lgd":19,"vilcode11":0,"vilname11":"","pan_local":"JHARGRAM","b_pan_code":3352,"b_pan_name":"JHARGRAM","d_pan_code":276162,"d_pan_name":"JHARGRAM","gp_code":"110377","gp_name":"BANDHGORA","st_2011":"19","dt_2011":"776","sdt_2011":"02454","subdtname":"Jhargram","block_name":"JHARGRAM","blk_lgdcod":"2988","dtcode14":"776","SHAPE_Length":944.3343329290354,"SHAPE_Area":48722.58498706269}},{"arcs":[[168,169,170,171,-18,-76,172,173,174,175,176,177,-90]],"type":"Polygon","properties":{"OBJECTID":121786,"gpcode":"110377","gpname":"BANDHGORA","stname":"WEST BENGAL","dtname":"Jhargram","sdtname":"Jhargram","stcode11":"19","dtcode11":"776","sdtcode11":"02454","blklgdcode":"2988","blkname":"JHARGRAM","dt_lgd":703,"sdt_lgd":2454,"st_lgd":19,"vilcode11":0,"vilname11":"","pan_local":"JHARGRAM","b_pan_code":3352,"b_pan_name":"JHARGRAM","d_pan_code":276162,"d_pan_name":"JHARGRAM","gp_code":"110377","gp_name":"BANDHGORA","st_2011":"19","dt_2011":"776","sdt_2011":"02454","subdtname":"Jhargram","block_name":"JHARGRAM","blk_lgdcod":"2988","dtcode14":"776","SHAPE_Length":80375.20688499084,"SHAPE_Area":56331453.33620779}},{"arcs":[[179,180,181,182]],"type":"Polygon","properties":{"OBJECTID":121787,"gpcode":"110378","gpname":"CHANDRI","stname":"WEST BENGAL","dtname":"Jhargram","sdtname":"Jhargram","stcode11":"19","dtcode11":"776","sdtcode11":"02454","blklgdcode":"2988","blkname":"JHARGRAM","dt_lgd":703,"sdt_lgd":2454,"st_lgd":19,"vilcode11":0,"vilname11":"","pan_local":"JHARGRAM","b_pan_code":3352,"b_pan_name":"JHARGRAM","d_pan_code":276162,"d_pan_name":"JHARGRAM","gp_code":"110378","gp_name":"CHANDRI","st_2011":"19","dt_2011":"776","sdt_2011":"02454","subdtname":"Jhargram","block_name":"JHARGRAM","blk_lgdcod":"2988","dtcode14":"776","SHAPE_Length":7732.495605482691,"SHAPE_Area":1948458.8147652373}},{"type":null,"properties":{"OBJECTID":121788,"gpcode":"110378","gpname":"CHANDRI","stname":"WEST BENGAL","dtname":"Jhargram","sdtname":"Jhargram","stcode11":"19","dtcode11":"776","sdtcode11":"02454","blklgdcode":"2988","blkname":"JHARGRAM","dt_lgd":703,"sdt_lgd":2454,"st_lgd":19,"vilcode11":0,"vilname11":"","pan_local":"JHARGRAM","b_pan_code":3352,"b_pan_name":"JHARGRAM","d_pan_code":276162,"d_pan_name":"JHARGRAM","gp_code":"110378","gp_name":"CHANDRI","st_2011":"19","dt_2011":"776","sdt_2011":"02454","subdtname":"Jhargram","block_name":"JHARGRAM","blk_lgdcod":"2988","dtcode14":"776","SHAPE_Length":2660.1577654605217,"SHAPE_Area":252219.98528821373}},{"arcs":[[183,-163,184,185,-110,186,-143,187,-141,188]],"type":"Polygon","properties":{"OBJECTID":121789,"gpcode":"110378","gpname":"CHANDRI","stname":"WEST BENGAL","dtname":"Jhargram","sdtname":"Jhargram","stcode11":"19","dtcode11":"776","sdtcode11":"02454","blklgdcode":"2988","blkname":"JHARGRAM","dt_lgd":703,"sdt_lgd":2454,"st_lgd":19,"vilcode11":0,"vilname11":"","pan_local":"JHARGRAM","b_pan_code":3352,"b_pan_name":"JHARGRAM","d_pan_code":276162,"d_pan_name":"JHARGRAM","gp_code":"110378","gp_name":"CHANDRI","st_2011":"19","dt_2011":"776","sdt_2011":"02454","subdtname":"Jhargram","block_name":"JHARGRAM","blk_lgdcod":"2988","dtcode14":"776","SHAPE_Length":49042.7676573395,"SHAPE_Area":24346753.518917955}},{"arcs":[[191,192]],"type":"Polygon","properties":{"OBJECTID":121790,"gpcode":"110378","gpname":"CHANDRI","stname":"WEST BENGAL","dtname":"Jhargram","sdtname":"Jhargram","stcode11":"19","dtcode11":"776","sdtcode11":"02454","blklgdcode":"2988","blkname":"JHARGRAM","dt_lgd":703,"sdt_lgd":2454,"st_lgd":19,"vilcode11":0,"vilname11":"","pan_local":"JHARGRAM","b_pan_code":3352,"b_pan_name":"JHARGRAM","d_pan_code":276162,"d_pan_name":"JHARGRAM","gp_code":"110378","gp_name":"CHANDRI","st_2011":"19","dt_2011":"776","sdt_2011":"02454","subdtname":"Jhargram","block_name":"JHARGRAM","blk_lgdcod":"2988","dtcode14":"776","SHAPE_Length":3805.7178770022915,"SHAPE_Area":601953.9058642563}},{"type":null,"properties":{"OBJECTID":121791,"gpcode":"110378","gpname":"CHANDRI","stname":"WEST BENGAL","dtname":"Jhargram","sdtname":"Jhargram","stcode11":"19","dtcode11":"776","sdtcode11":"02454","blklgdcode":"2988","blkname":"JHARGRAM","dt_lgd":703,"sdt_lgd":2454,"st_lgd":19,"vilcode11":0,"vilname11":"","pan_local":"JHARGRAM","b_pan_code":3352,"b_pan_name":"JHARGRAM","d_pan_code":276162,"d_pan_name":"JHARGRAM","gp_code":"110378","gp_name":"CHANDRI","st_2011":"19","dt_2011":"776","sdt_2011":"02454","subdtname":"Jhargram","block_name":"JHARGRAM","blk_lgdcod":"2988","dtcode14":"776","SHAPE_Length":1477.8911721039271,"SHAPE_Area":115270.81302382822}},{"arcs":[[-130,193]],"type":"Polygon","properties":{"OBJECTID":121792,"gpcode":"110378","gpname":"CHANDRI","stname":"WEST BENGAL","dtname":"Jhargram","sdtname":"Jhargram","stcode11":"19","dtcode11":"776","sdtcode11":"02454","blklgdcode":"2988","blkname":"JHARGRAM","dt_lgd":703,"sdt_lgd":2454,"st_lgd":19,"vilcode11":0,"vilname11":"","pan_local":"JHARGRAM","b_pan_code":3352,"b_pan_name":"JHARGRAM","d_pan_code":276162,"d_pan_name":"JHARGRAM","gp_code":"110378","gp_name":"CHANDRI","st_2011":"19","dt_2011":"776","sdt_2011":"02454","subdtname":"Jhargram","block_name":"JHARGRAM","blk_lgdcod":"2988","dtcode14":"776","SHAPE_Length":6926.204492409446,"SHAPE_Area":1603268.1422668053}},{"arcs":[[194,195]],"type":"Polygon","properties":{"OBJECTID":121793,"gpcode":"110379","gpname":"CHUBKA","stname":"WEST BENGAL","dtname":"Jhargram","sdtname":"Jhargram","stcode11":"19","dtcode11":"776","sdtcode11":"02454","blklgdcode":"2988","blkname":"JHARGRAM","dt_lgd":703,"sdt_lgd":2454,"st_lgd":19,"vilcode11":0,"vilname11":"","pan_local":"JHARGRAM","b_pan_code":3352,"b_pan_name":"JHARGRAM","d_pan_code":276162,"d_pan_name":"JHARGRAM","gp_code":"110379","gp_name":"CHUBKA","st_2011":"19","dt_2011":"776","sdt_2011":"02454","subdtname":"Jhargram","block_name":"JHARGRAM","blk_lgdcod":"2988","dtcode14":"776","SHAPE_Length":8903.966524571506,"SHAPE_Area":2362256.6946764337}},{"arcs":[[196,-151]],"type":"Polygon","properties":{"OBJECTID":121794,"gpcode":"110379","gpname":"CHUBKA","stname":"WEST BENGAL","dtname":"Jhargram","sdtname":"Jhargram","stcode11":"19","dtcode11":"776","sdtcode11":"02454","blklgdcode":"2988","blkname":"JHARGRAM","dt_lgd":703,"sdt_lgd":2454,"st_lgd":19,"vilcode11":0,"vilname11":"","pan_local":"JHARGRAM","b_pan_code":3352,"b_pan_name":"JHARGRAM","d_pan_code":276162,"d_pan_name":"JHARGRAM","gp_code":"110379","gp_name":"CHUBKA","st_2011":"19","dt_2011":"776","sdt_2011":"02454","subdtname":"Jhargram","block_name":"JHARGRAM","blk_lgdcod":"2988","dtcode14":"776","SHAPE_Length":4722.930477790403,"SHAPE_Area":963359.6924570191}},{"arcs":[[197,198]],"type":"Polygon","properties":{"OBJECTID":121795,"gpcode":"110379","gpname":"CHUBKA","stname":"WEST BENGAL","dtname":"Jhargram","sdtname":"Jhargram","stcode11":"19","dtcode11":"776","sdtcode11":"02454","blklgdcode":"2988","blkname":"JHARGRAM","dt_lgd":703,"sdt_lgd":2454,"st_lgd":19,"vilcode11":0,"vilname11":"","pan_local":"JHARGRAM","b_pan_code":3352,"b_pan_name":"JHARGRAM","d_pan_code":276162,"d_pan_name":"JHARGRAM","gp_code":"110379","gp_name":"CHUBKA","st_2011":"19","dt_2011":"776","sdt_2011":"02454","subdtname":"Jhargram","block_name":"JHARGRAM","blk_lgdcod":"2988","dtcode14":"776","SHAPE_Length":4304.298792056,"SHAPE_Area":447470.6166684618}},{"arcs":[[-54,-179]],"type":"Polygon","properties":{"OBJECTID":121797,"gpcode":"110379","gpname":"CHUBKA","stname":"WEST BENGAL","dtname":"Jhargram","sdtname":"Jhargram","stcode11":"19","dtcode11":"776","sdtcode11":"02454","blklgdcode":"2988","blkname":"JHARGRAM","dt_lgd":703,"sdt_lgd":2454,"st_lgd":19,"vilcode11":0,"vilname11":"","pan_local":"JHARGRAM","b_pan_code":3352,"b_pan_name":"JHARGRAM","d_pan_code":276162,"d_pan_name":"JHARGRAM","gp_code":"110379","gp_name":"CHUBKA","st_2011":"19","dt_2011":"776","sdt_2011":"02454","subdtname":"Jhargram","block_name":"JHARGRAM","blk_lgdcod":"2988","dtcode14":"776","SHAPE_Length":2769.860142614385,"SHAPE_Area":311618.9668402621}},{"arcs":[[-178,199,91,-92,-91]],"type":"Polygon","properties":{"OBJECTID":121798,"gpcode":"110379","gpname":"CHUBKA","stname":"WEST BENGAL","dtname":"Jhargram","sdtname":"Jhargram","stcode11":"19","dtcode11":"776","sdtcode11":"02454","blklgdcode":"2988","blkname":"JHARGRAM","dt_lgd":703,"sdt_lgd":2454,"st_lgd":19,"vilcode11":0,"vilname11":"","pan_local":"JHARGRAM","b_pan_code":3352,"b_pan_name":"JHARGRAM","d_pan_code":276162,"d_pan_name":"JHARGRAM","gp_code":"110379","gp_name":"CHUBKA","st_2011":"19","dt_2011":"776","sdt_2011":"02454","subdtname":"Jhargram","block_name":"JHARGRAM","blk_lgdcod":"2988","dtcode14":"776","SHAPE_Length":5718.125589476678,"SHAPE_Area":1161211.344734213}},{"arcs":[[200,201,202,203,204,205,206,207,208,209,210,211]],"type":"Polygon","properties":{"OBJECTID":121799,"gpcode":"110380","gpname":"DUDHKUNDI","stname":"WEST BENGAL","dtname":"Jhargram","sdtname":"Jhargram","stcode11":"19","dtcode11":"776","sdtcode11":"02454","blklgdcode":"2988","blkname":"JHARGRAM","dt_lgd":703,"sdt_lgd":2454,"st_lgd":19,"vilcode11":0,"vilname11":"","pan_local":"JHARGRAM","b_pan_code":3352,"b_pan_name":"JHARGRAM","d_pan_code":276162,"d_pan_name":"JHARGRAM","gp_code":"110380","gp_name":"DUDHKUNDI","st_2011":"19","dt_2011":"776","sdt_2011":"02454","subdtname":"Jhargram","block_name":"JHARGRAM","blk_lgdcod":"2988","dtcode14":"776","SHAPE_Length":45094.990875553776,"SHAPE_Area":47473969.35669818}},{"arcs":[[212]],"type":"Polygon","properties":{"OBJECTID":121800,"gpcode":"110380","gpname":"DUDHKUNDI","stname":"WEST BENGAL","dtname":"Jhargram","sdtname":"Jhargram","stcode11":"19","dtcode11":"776","sdtcode11":"02454","blklgdcode":"2988","blkname":"JHARGRAM","dt_lgd":703,"sdt_lgd":2454,"st_lgd":19,"vilcode11":0,"vilname11":"","pan_local":"JHARGRAM","b_pan_code":3352,"b_pan_name":"JHARGRAM","d_pan_code":276162,"d_pan_name":"JHARGRAM","gp_code":"110380","gp_name":"DUDHKUNDI","st_2011":"19","dt_2011":"776","sdt_2011":"02454","subdtname":"Jhargram","block_name":"JHARGRAM","blk_lgdcod":"2988","dtcode14":"776","SHAPE_Length":3997.715426019337,"SHAPE_Area":924288.865368451}},{"arcs":[[213,214,215,216,-199,217,218,219,-78,-6,-9,-15,-172]],"type":"Polygon","properties":{"OBJECTID":121801,"gpcode":"110380","gpname":"DUDHKUNDI","stname":"WEST BENGAL","dtname":"Jhargram","sdtname":"Jhargram","stcode11":"19","dtcode11":"776","sdtcode11":"02454","blklgdcode":"2988","blkname":"JHARGRAM","dt_lgd":703,"sdt_lgd":2454,"st_lgd":19,"vilcode11":0,"vilname11":"","pan_local":"JHARGRAM","b_pan_code":3352,"b_pan_name":"JHARGRAM","d_pan_code":276162,"d_pan_name":"JHARGRAM","gp_code":"110380","gp_name":"DUDHKUNDI","st_2011":"19","dt_2011":"776","sdt_2011":"02454","subdtname":"Jhargram","block_name":"JHARGRAM","blk_lgdcod":"2988","dtcode14":"776","SHAPE_Length":74737.19816827575,"SHAPE_Area":33722154.36512743}},{"arcs":[[220,-154]],"type":"Polygon","properties":{"OBJECTID":121802,"gpcode":"110381","gpname":"LODHASULI","stname":"WEST BENGAL","dtname":"Jhargram","sdtname":"Jhargram","stcode11":"19","dtcode11":"776","sdtcode11":"02454","blklgdcode":"2988","blkname":"JHARGRAM","dt_lgd":703,"sdt_lgd":2454,"st_lgd":19,"vilcode11":0,"vilname11":"","pan_local":"JHARGRAM","b_pan_code":3352,"b_pan_name":"JHARGRAM","d_pan_code":276162,"d_pan_name":"JHARGRAM","gp_code":"110381","gp_name":"LODHASULI","st_2011":"19","dt_2011":"776","sdt_2011":"02454","subdtname":"Jhargram","block_name":"JHARGRAM","blk_lgdcod":"2988","dtcode14":"776","SHAPE_Length":3325.4318747651823,"SHAPE_Area":412089.61124350363}},{"arcs":[[221,-156,222,223,224,225]],"type":"Polygon","properties":{"OBJECTID":121803,"gpcode":"110381","gpname":"LODHASULI","stname":"WEST BENGAL","dtname":"Jhargram","sdtname":"Jhargram","stcode11":"19","dtcode11":"776","sdtcode11":"02454","blklgdcode":"2988","blkname":"JHARGRAM","dt_lgd":703,"sdt_lgd":2454,"st_lgd":19,"vilcode11":0,"vilname11":"","pan_local":"JHARGRAM","b_pan_code":3352,"b_pan_name":"JHARGRAM","d_pan_code":276162,"d_pan_name":"JHARGRAM","gp_code":"110381","gp_name":"LODHASULI","st_2011":"19","dt_2011":"776","sdt_2011":"02454","subdtname":"Jhargram","block_name":"JHARGRAM","blk_lgdcod":"2988","dtcode14":"776","SHAPE_Length":15528.119979088644,"SHAPE_Area":4642340.558497205}},{"arcs":[[-211,226,-209,227,228,-149,229,230,231]],"type":"Polygon","properties":{"OBJECTID":121804,"gpcode":"110381","gpname":"LODHASULI","stname":"WEST BENGAL","dtname":"Jhargram","sdtname":"Jhargram","stcode11":"19","dtcode11":"776","sdtcode11":"02454","blklgdcode":"2988","blkname":"JHARGRAM","dt_lgd":703,"sdt_lgd":2454,"st_lgd":19,"vilcode11":0,"vilname11":"","pan_local":"JHARGRAM","b_pan_code":3352,"b_pan_name":"JHARGRAM","d_pan_code":276162,"d_pan_name":"JHARGRAM","gp_code":"110381","gp_name":"LODHASULI","st_2011":"19","dt_2011":"776","sdt_2011":"02454","subdtname":"Jhargram","block_name":"JHARGRAM","blk_lgdcod":"2988","dtcode14":"776","SHAPE_Length":55259.17982312885,"SHAPE_Area":36936928.08550502}},{"type":null,"properties":{"OBJECTID":121805,"gpcode":"110381","gpname":"LODHASULI","stname":"WEST BENGAL","dtname":"Jhargram","sdtname":"Jhargram","stcode11":"19","dtcode11":"776","sdtcode11":"02454","blklgdcode":"2988","blkname":"JHARGRAM","dt_lgd":703,"sdt_lgd":2454,"st_lgd":19,"vilcode11":0,"vilname11":"","pan_local":"JHARGRAM","b_pan_code":3352,"b_pan_name":"JHARGRAM","d_pan_code":276162,"d_pan_name":"JHARGRAM","gp_code":"110381","gp_name":"LODHASULI","st_2011":"19","dt_2011":"776","sdt_2011":"02454","subdtname":"Jhargram","block_name":"JHARGRAM","blk_lgdcod":"2988","dtcode14":"776","SHAPE_Length":4902.068701589316,"SHAPE_Area":727431.9300439892}},{"type":null,"properties":{"OBJECTID":121806,"gpcode":"110381","gpname":"LODHASULI","stname":"WEST BENGAL","dtname":"Jhargram","sdtname":"Jhargram","stcode11":"19","dtcode11":"776","sdtcode11":"02454","blklgdcode":"2988","blkname":"JHARGRAM","dt_lgd":703,"sdt_lgd":2454,"st_lgd":19,"vilcode11":0,"vilname11":"","pan_local":"JHARGRAM","b_pan_code":3352,"b_pan_name":"JHARGRAM","d_pan_code":276162,"d_pan_name":"JHARGRAM","gp_code":"110381","gp_name":"LODHASULI","st_2011":"19","dt_2011":"776","sdt_2011":"02454","subdtname":"Jhargram","block_name":"JHARGRAM","blk_lgdcod":"2988","dtcode14":"776","SHAPE_Length":2282.211764087016,"SHAPE_Area":286531.5103656187}},{"arcs":[[-216,232]],"type":"Polygon","properties":{"OBJECTID":121807,"gpcode":"110381","gpname":"LODHASULI","stname":"WEST BENGAL","dtname":"Jhargram","sdtname":"Jhargram","stcode11":"19","dtcode11":"776","sdtcode11":"02454","blklgdcode":"2988","blkname":"JHARGRAM","dt_lgd":703,"sdt_lgd":2454,"st_lgd":19,"vilcode11":0,"vilname11":"","pan_local":"JHARGRAM","b_pan_code":3352,"b_pan_name":"JHARGRAM","d_pan_code":276162,"d_pan_name":"JHARGRAM","gp_code":"110381","gp_name":"LODHASULI","st_2011":"19","dt_2011":"776","sdt_2011":"02454","subdtname":"Jhargram","block_name":"JHARGRAM","blk_lgdcod":"2988","dtcode14":"776","SHAPE_Length":3962.6942404508914,"SHAPE_Area":922627.3925367563}},{"arcs":[[233,-174,234,-176]],"type":"Polygon","properties":{"OBJECTID":121808,"gpcode":"110381","gpname":"LODHASULI","stname":"WEST BENGAL","dtname":"Jhargram","sdtname":"Jhargram","stcode11":"19","dtcode11":"776","sdtcode11":"02454","blklgdcode":"2988","blkname":"JHARGRAM","dt_lgd":703,"sdt_lgd":2454,"st_lgd":19,"vilcode11":0,"vilname11":"","pan_local":"JHARGRAM","b_pan_code":3352,"b_pan_name":"JHARGRAM","d_pan_code":276162,"d_pan_name":"JHARGRAM","gp_code":"110381","gp_name":"LODHASULI","st_2011":"19","dt_2011":"776","sdt_2011":"02454","subdtname":"Jhargram","block_name":"JHARGRAM","blk_lgdcod":"2988","dtcode14":"776","SHAPE_Length":21912.456054967122,"SHAPE_Area":4986204.466842811}},{"arcs":[[-210,-227]],"type":"Polygon","properties":{"OBJECTID":121809,"gpcode":"110382","gpname":"MANIKPARA","stname":"WEST BENGAL","dtname":"Jhargram","sdtname":"Jhargram","stcode11":"19","dtcode11":"776","sdtcode11":"02454","blklgdcode":"2988","blkname":"JHARGRAM","dt_lgd":703,"sdt_lgd":2454,"st_lgd":19,"vilcode11":0,"vilname11":"","pan_local":"JHARGRAM","b_pan_code":3352,"b_pan_name":"JHARGRAM","d_pan_code":276162,"d_pan_name":"JHARGRAM","gp_code":"110382","gp_name":"MANIKPARA","st_2011":"19","dt_2011":"776","sdt_2011":"02454","subdtname":"Jhargram","block_name":"JHARGRAM","blk_lgdcod":"2988","dtcode14":"776","SHAPE_Length":12937.96375135781,"SHAPE_Area":3526762.9856948964}},{"type":null,"properties":{"OBJECTID":121810,"gpcode":"110382","gpname":"MANIKPARA","stname":"WEST BENGAL","dtname":"Jhargram","sdtname":"Jhargram","stcode11":"19","dtcode11":"776","sdtcode11":"02454","blklgdcode":"2988","blkname":"JHARGRAM","dt_lgd":703,"sdt_lgd":2454,"st_lgd":19,"vilcode11":0,"vilname11":"","pan_local":"JHARGRAM","b_pan_code":3352,"b_pan_name":"JHARGRAM","d_pan_code":276162,"d_pan_name":"JHARGRAM","gp_code":"110382","gp_name":"MANIKPARA","st_2011":"19","dt_2011":"776","sdt_2011":"02454","subdtname":"Jhargram","block_name":"JHARGRAM","blk_lgdcod":"2988","dtcode14":"776","SHAPE_Length":3289.8531286514494,"SHAPE_Area":558912.1400392995}},{"arcs":[[235,236,-167,237,-202,238,-212,-232,239,-166,240,-170]],"type":"Polygon","properties":{"OBJECTID":121811,"gpcode":"110382","gpname":"MANIKPARA","stname":"WEST BENGAL","dtname":"Jhargram","sdtname":"Jhargram","stcode11":"19","dtcode11":"776","sdtcode11":"02454","blklgdcode":"2988","blkname":"JHARGRAM","dt_lgd":703,"sdt_lgd":2454,"st_lgd":19,"vilcode11":0,"vilname11":"","pan_local":"JHARGRAM","b_pan_code":3352,"b_pan_name":"JHARGRAM","d_pan_code":276162,"d_pan_name":"JHARGRAM","gp_code":"110382","gp_name":"MANIKPARA","st_2011":"19","dt_2011":"776","sdt_2011":"02454","subdtname":"Jhargram","block_name":"JHARGRAM","blk_lgdcod":"2988","dtcode14":"776","SHAPE_Length":44896.061401042156,"SHAPE_Area":53585669.02484744}},{"arcs":[[-230,-157,-222,241]],"type":"Polygon","properties":{"OBJECTID":121812,"gpcode":"110383","gpname":"NEDABAHARA","stname":"WEST BENGAL","dtname":"Jhargram","sdtname":"Jhargram","stcode11":"19","dtcode11":"776","sdtcode11":"02454","blklgdcode":"2988","blkname":"JHARGRAM","dt_lgd":703,"sdt_lgd":2454,"st_lgd":19,"vilcode11":0,"vilname11":"","pan_local":"JHARGRAM","b_pan_code":3352,"b_pan_name":"JHARGRAM","d_pan_code":276162,"d_pan_name":"JHARGRAM","gp_code":"110383","gp_name":"NEDABAHARA","st_2011":"19","dt_2011":"776","sdt_2011":"02454","subdtname":"Jhargram","block_name":"JHARGRAM","blk_lgdcod":"2988","dtcode14":"776","SHAPE_Length":4981.194151002885,"SHAPE_Area":867849.3316629517}},{"type":null,"properties":{"OBJECTID":121813,"gpcode":"110383","gpname":"NEDABAHARA","stname":"WEST BENGAL","dtname":"Jhargram","sdtname":"Jhargram","stcode11":"19","dtcode11":"776","sdtcode11":"02454","blklgdcode":"2988","blkname":"JHARGRAM","dt_lgd":703,"sdt_lgd":2454,"st_lgd":19,"vilcode11":0,"vilname11":"","pan_local":"JHARGRAM","b_pan_code":3352,"b_pan_name":"JHARGRAM","d_pan_code":276162,"d_pan_name":"JHARGRAM","gp_code":"110383","gp_name":"NEDABAHARA","st_2011":"19","dt_2011":"776","sdt_2011":"02454","subdtname":"Jhargram","block_name":"JHARGRAM","blk_lgdcod":"2988","dtcode14":"776","SHAPE_Length":2821.0792158724325,"SHAPE_Area":308975.3300233989}},{"type":null,"properties":{"OBJECTID":121814,"gpcode":"110383","gpname":"NEDABAHARA","stname":"WEST BENGAL","dtname":"Jhargram","sdtname":"Jhargram","stcode11":"19","dtcode11":"776","sdtcode11":"02454","blklgdcode":"2988","blkname":"JHARGRAM","dt_lgd":703,"sdt_lgd":2454,"st_lgd":19,"vilcode11":0,"vilname11":"","pan_local":"JHARGRAM","b_pan_code":3352,"b_pan_name":"JHARGRAM","d_pan_code":276162,"d_pan_name":"JHARGRAM","gp_code":"110383","gp_name":"NEDABAHARA","st_2011":"19","dt_2011":"776","sdt_2011":"02454","subdtname":"Jhargram","block_name":"JHARGRAM","blk_lgdcod":"2988","dtcode14":"776","SHAPE_Length":1511.5311256114653,"SHAPE_Area":141518.1112266534}},{"type":null,"properties":{"OBJECTID":121815,"gpcode":"110383","gpname":"NEDABAHARA","stname":"WEST BENGAL","dtname":"Jhargram","sdtname":"Jhargram","stcode11":"19","dtcode11":"776","sdtcode11":"02454","blklgdcode":"2988","blkname":"JHARGRAM","dt_lgd":703,"sdt_lgd":2454,"st_lgd":19,"vilcode11":0,"vilname11":"","pan_local":"JHARGRAM","b_pan_code":3352,"b_pan_name":"JHARGRAM","d_pan_code":276162,"d_pan_name":"JHARGRAM","gp_code":"110383","gp_name":"NEDABAHARA","st_2011":"19","dt_2011":"776","sdt_2011":"02454","subdtname":"Jhargram","block_name":"JHARGRAM","blk_lgdcod":"2988","dtcode14":"776","SHAPE_Length":3438.941230725942,"SHAPE_Area":502050.9559234838}},{"arcs":[[-218,-198,-217,-233,-215,242,243,-164,-184,244,-219],[-213]],"type":"Polygon","properties":{"OBJECTID":121816,"gpcode":"110383","gpname":"NEDABAHARA","stname":"WEST BENGAL","dtname":"Jhargram","sdtname":"Jhargram","stcode11":"19","dtcode11":"776","sdtcode11":"02454","blklgdcode":"2988","blkname":"JHARGRAM","dt_lgd":703,"sdt_lgd":2454,"st_lgd":19,"vilcode11":0,"vilname11":"","pan_local":"JHARGRAM","b_pan_code":3352,"b_pan_name":"JHARGRAM","d_pan_code":276162,"d_pan_name":"JHARGRAM","gp_code":"110383","gp_name":"NEDABAHARA","st_2011":"19","dt_2011":"776","sdt_2011":"02454","subdtname":"Jhargram","block_name":"JHARGRAM","blk_lgdcod":"2988","dtcode14":"776","SHAPE_Length":81320.60910278582,"SHAPE_Area":51606037.40426058}},{"arcs":[[245,-147,-182,246,-185,-162]],"type":"Polygon","properties":{"OBJECTID":121817,"gpcode":"110384","gpname":"PATASHIMUL","stname":"WEST BENGAL","dtname":"Jhargram","sdtname":"Jhargram","stcode11":"19","dtcode11":"776","sdtcode11":"02454","blklgdcode":"2988","blkname":"JHARGRAM","dt_lgd":703,"sdt_lgd":2454,"st_lgd":19,"vilcode11":0,"vilname11":"","pan_local":"JHARGRAM","b_pan_code":3352,"b_pan_name":"JHARGRAM","d_pan_code":276162,"d_pan_name":"JHARGRAM","gp_code":"110384","gp_name":"PATASHIMUL","st_2011":"19","dt_2011":"776","sdt_2011":"02454","subdtname":"Jhargram","block_name":"JHARGRAM","blk_lgdcod":"2988","dtcode14":"776","SHAPE_Length":11377.692409717933,"SHAPE_Area":4741945.437183242}},{"arcs":[[-109,-144,-187]],"type":"Polygon","properties":{"OBJECTID":121818,"gpcode":"110384","gpname":"PATASHIMUL","stname":"WEST BENGAL","dtname":"Jhargram","sdtname":"Jhargram","stcode11":"19","dtcode11":"776","sdtcode11":"02454","blklgdcode":"2988","blkname":"JHARGRAM","dt_lgd":703,"sdt_lgd":2454,"st_lgd":19,"vilcode11":0,"vilname11":"","pan_local":"JHARGRAM","b_pan_code":3352,"b_pan_name":"JHARGRAM","d_pan_code":276162,"d_pan_name":"JHARGRAM","gp_code":"110384","gp_name":"PATASHIMUL","st_2011":"19","dt_2011":"776","sdt_2011":"02454","subdtname":"Jhargram","block_name":"JHARGRAM","blk_lgdcod":"2988","dtcode14":"776","SHAPE_Length":4367.8683580473025,"SHAPE_Area":488106.3394363839}},{"arcs":[[247,-225,248,-223,-155,-221,-153,249,250,251,-196,252,-180,253,-158,-244]],"type":"Polygon","properties":{"OBJECTID":121819,"gpcode":"110384","gpname":"PATASHIMUL","stname":"WEST BENGAL","dtname":"Jhargram","sdtname":"Jhargram","stcode11":"19","dtcode11":"776","sdtcode11":"02454","blklgdcode":"2988","blkname":"JHARGRAM","dt_lgd":703,"sdt_lgd":2454,"st_lgd":19,"vilcode11":0,"vilname11":"","pan_local":"JHARGRAM","b_pan_code":3352,"b_pan_name":"JHARGRAM","d_pan_code":276162,"d_pan_name":"JHARGRAM","gp_code":"110384","gp_name":"PATASHIMUL","st_2011":"19","dt_2011":"776","sdt_2011":"02454","subdtname":"Jhargram","block_name":"JHARGRAM","blk_lgdcod":"2988","dtcode14":"776","SHAPE_Length":54266.654438979305,"SHAPE_Area":24278487.996062387}},{"arcs":[[-142,-188]],"type":"Polygon","properties":{"OBJECTID":121820,"gpcode":"110384","gpname":"PATASHIMUL","stname":"WEST BENGAL","dtname":"Jhargram","sdtname":"Jhargram","stcode11":"19","dtcode11":"776","sdtcode11":"02454","blklgdcode":"2988","blkname":"JHARGRAM","dt_lgd":703,"sdt_lgd":2454,"st_lgd":19,"vilcode11":0,"vilname11":"","pan_local":"JHARGRAM","b_pan_code":3352,"b_pan_name":"JHARGRAM","d_pan_code":276162,"d_pan_name":"JHARGRAM","gp_code":"110384","gp_name":"PATASHIMUL","st_2011":"19","dt_2011":"776","sdt_2011":"02454","subdtname":"Jhargram","block_name":"JHARGRAM","blk_lgdcod":"2988","dtcode14":"776","SHAPE_Length":2815.392894939585,"SHAPE_Area":240225.89946523422}},{"arcs":[[254,-160]],"type":"Polygon","properties":{"OBJECTID":121821,"gpcode":"110384","gpname":"PATASHIMUL","stname":"WEST BENGAL","dtname":"Jhargram","sdtname":"Jhargram","stcode11":"19","dtcode11":"776","sdtcode11":"02454","blklgdcode":"2988","blkname":"JHARGRAM","dt_lgd":703,"sdt_lgd":2454,"st_lgd":19,"vilcode11":0,"vilname11":"","pan_local":"JHARGRAM","b_pan_code":3352,"b_pan_name":"JHARGRAM","d_pan_code":276162,"d_pan_name":"JHARGRAM","gp_code":"110384","gp_name":"PATASHIMUL","st_2011":"19","dt_2011":"776","sdt_2011":"02454","subdtname":"Jhargram","block_name":"JHARGRAM","blk_lgdcod":"2988","dtcode14":"776","SHAPE_Length":22606.557089405727,"SHAPE_Area":6105991.591569308}},{"type":null,"properties":{"OBJECTID":121822,"gpcode":"110384","gpname":"PATASHIMUL","stname":"WEST BENGAL","dtname":"Jhargram","sdtname":"Jhargram","stcode11":"19","dtcode11":"776","sdtcode11":"02454","blklgdcode":"2988","blkname":"JHARGRAM","dt_lgd":703,"sdt_lgd":2454,"st_lgd":19,"vilcode11":0,"vilname11":"","pan_local":"JHARGRAM","b_pan_code":3352,"b_pan_name":"JHARGRAM","d_pan_code":276162,"d_pan_name":"JHARGRAM","gp_code":"110384","gp_name":"PATASHIMUL","st_2011":"19","dt_2011":"776","sdt_2011":"02454","subdtname":"Jhargram","block_name":"JHARGRAM","blk_lgdcod":"2988","dtcode14":"776","SHAPE_Length":2417.276186824626,"SHAPE_Area":321926.68379335996}},{"type":null,"properties":{"OBJECTID":121823,"gpcode":"110384","gpname":"PATASHIMUL","stname":"WEST BENGAL","dtname":"Jhargram","sdtname":"Jhargram","stcode11":"19","dtcode11":"776","sdtcode11":"02454","blklgdcode":"2988","blkname":"JHARGRAM","dt_lgd":703,"sdt_lgd":2454,"st_lgd":19,"vilcode11":0,"vilname11":"","pan_local":"JHARGRAM","b_pan_code":3352,"b_pan_name":"JHARGRAM","d_pan_code":276162,"d_pan_name":"JHARGRAM","gp_code":"110384","gp_name":"PATASHIMUL","st_2011":"19","dt_2011":"776","sdt_2011":"02454","subdtname":"Jhargram","block_name":"JHARGRAM","blk_lgdcod":"2988","dtcode14":"776","SHAPE_Length":2707.6573966742408,"SHAPE_Area":285278.7643492418}},{"arcs":[[-224,-249]],"type":"Polygon","properties":{"OBJECTID":121824,"gpcode":"110385","gpname":"RADHANAGAR","stname":"WEST BENGAL","dtname":"Jhargram","sdtname":"Jhargram","stcode11":"19","dtcode11":"776","sdtcode11":"02454","blklgdcode":"2988","blkname":"JHARGRAM","dt_lgd":703,"sdt_lgd":2454,"st_lgd":19,"vilcode11":0,"vilname11":"","pan_local":"JHARGRAM","b_pan_code":3352,"b_pan_name":"JHARGRAM","d_pan_code":276162,"d_pan_name":"JHARGRAM","gp_code":"110385","gp_name":"RADHANAGAR","st_2011":"19","dt_2011":"776","sdt_2011":"02454","subdtname":"Jhargram","block_name":"JHARGRAM","blk_lgdcod":"2988","dtcode14":"776","SHAPE_Length":5123.193146326231,"SHAPE_Area":933491.9470967293}},{"arcs":[[255,-190]],"type":"Polygon","properties":{"OBJECTID":121825,"gpcode":"110385","gpname":"RADHANAGAR","stname":"WEST BENGAL","dtname":"Jhargram","sdtname":"Jhargram","stcode11":"19","dtcode11":"776","sdtcode11":"02454","blklgdcode":"2988","blkname":"JHARGRAM","dt_lgd":703,"sdt_lgd":2454,"st_lgd":19,"vilcode11":0,"vilname11":"","pan_local":"JHARGRAM","b_pan_code":3352,"b_pan_name":"JHARGRAM","d_pan_code":276162,"d_pan_name":"JHARGRAM","gp_code":"110385","gp_name":"RADHANAGAR","st_2011":"19","dt_2011":"776","sdt_2011":"02454","subdtname":"Jhargram","block_name":"JHARGRAM","blk_lgdcod":"2988","dtcode14":"776","SHAPE_Length":1864.450533147352,"SHAPE_Area":182258.5032211932}},{"arcs":[[-204,256]],"type":"Polygon","properties":{"OBJECTID":121826,"gpcode":"110385","gpname":"RADHANAGAR","stname":"WEST BENGAL","dtname":"Jhargram","sdtname":"Jhargram","stcode11":"19","dtcode11":"776","sdtcode11":"02454","blklgdcode":"2988","blkname":"JHARGRAM","dt_lgd":703,"sdt_lgd":2454,"st_lgd":19,"vilcode11":0,"vilname11":"","pan_local":"JHARGRAM","b_pan_code":3352,"b_pan_name":"JHARGRAM","d_pan_code":276162,"d_pan_name":"JHARGRAM","gp_code":"110385","gp_name":"RADHANAGAR","st_2011":"19","dt_2011":"776","sdt_2011":"02454","subdtname":"Jhargram","block_name":"JHARGRAM","blk_lgdcod":"2988","dtcode14":"776","SHAPE_Length":4623.58777285781,"SHAPE_Area":1353812.5992959314}},{"arcs":[[-73,257]],"type":"Polygon","properties":{"OBJECTID":121827,"gpcode":"110385","gpname":"RADHANAGAR","stname":"WEST BENGAL","dtname":"Jhargram","sdtname":"Jhargram","stcode11":"19","dtcode11":"776","sdtcode11":"02454","blklgdcode":"2988","blkname":"JHARGRAM","dt_lgd":703,"sdt_lgd":2454,"st_lgd":19,"vilcode11":0,"vilname11":"","pan_local":"JHARGRAM","b_pan_code":3352,"b_pan_name":"JHARGRAM","d_pan_code":276162,"d_pan_name":"JHARGRAM","gp_code":"110385","gp_name":"RADHANAGAR","st_2011":"19","dt_2011":"776","sdt_2011":"02454","subdtname":"Jhargram","block_name":"JHARGRAM","blk_lgdcod":"2988","dtcode14":"776","SHAPE_Length":3143.499363890158,"SHAPE_Area":326088.5483803709}},{"arcs":[[-92,-200,-177,-235,-173,-75,258,-80,-61,-69,-83,-87]],"type":"Polygon","properties":{"OBJECTID":121828,"gpcode":"110385","gpname":"RADHANAGAR","stname":"WEST BENGAL","dtname":"Jhargram","sdtname":"Jhargram","stcode11":"19","dtcode11":"776","sdtcode11":"02454","blklgdcode":"2988","blkname":"JHARGRAM","dt_lgd":703,"sdt_lgd":2454,"st_lgd":19,"vilcode11":0,"vilname11":"","pan_local":"JHARGRAM","b_pan_code":3352,"b_pan_name":"JHARGRAM","d_pan_code":276162,"d_pan_name":"JHARGRAM","gp_code":"110385","gp_name":"RADHANAGAR","st_2011":"19","dt_2011":"776","sdt_2011":"02454","subdtname":"Jhargram","block_name":"JHARGRAM","blk_lgdcod":"2988","dtcode14":"776","SHAPE_Length":41671.556592342604,"SHAPE_Area":24408311.536267858}},{"arcs":[[-88,-70,-64,-58,-57,-41,-23,259,-119,-93]],"type":"Polygon","properties":{"OBJECTID":121829,"gpcode":"110385","gpname":"RADHANAGAR","stname":"WEST BENGAL","dtname":"Jhargram","sdtname":"Jhargram","stcode11":"19","dtcode11":"776","sdtcode11":"02454","blklgdcode":"2988","blkname":"JHARGRAM","dt_lgd":703,"sdt_lgd":2454,"st_lgd":19,"vilcode11":0,"vilname11":"","pan_local":"JHARGRAM","b_pan_code":3352,"b_pan_name":"JHARGRAM","d_pan_code":276162,"d_pan_name":"JHARGRAM","gp_code":"110385","gp_name":"RADHANAGAR","st_2011":"19","dt_2011":"776","sdt_2011":"02454","subdtname":"Jhargram","block_name":"JHARGRAM","blk_lgdcod":"2988","dtcode14":"776","SHAPE_Length":27707.34322274707,"SHAPE_Area":26722533.135451388}},{"arcs":[[-254,-183,-148,-246,-161,-255,-159]],"type":"Polygon","properties":{"OBJECTID":121830,"gpcode":"110386","gpname":"SAPDHARA","stname":"WEST BENGAL","dtname":"Jhargram","sdtname":"Jhargram","stcode11":"19","dtcode11":"776","sdtcode11":"02454","blklgdcode":"2988","blkname":"JHARGRAM","dt_lgd":703,"sdt_lgd":2454,"st_lgd":19,"vilcode11":0,"vilname11":"","pan_local":"JHARGRAM","b_pan_code":3352,"b_pan_name":"JHARGRAM","d_pan_code":276162,"d_pan_name":"JHARGRAM","gp_code":"110386","gp_name":"SAPDHARA","st_2011":"19","dt_2011":"776","sdt_2011":"02454","subdtname":"Jhargram","block_name":"JHARGRAM","blk_lgdcod":"2988","dtcode14":"776","SHAPE_Length":25530.5042790032,"SHAPE_Area":6722503.78308504}},{"arcs":[[-201,-239]],"type":"Polygon","properties":{"OBJECTID":121831,"gpcode":"110386","gpname":"SAPDHARA","stname":"WEST BENGAL","dtname":"Jhargram","sdtname":"Jhargram","stcode11":"19","dtcode11":"776","sdtcode11":"02454","blklgdcode":"2988","blkname":"JHARGRAM","dt_lgd":703,"sdt_lgd":2454,"st_lgd":19,"vilcode11":0,"vilname11":"","pan_local":"JHARGRAM","b_pan_code":3352,"b_pan_name":"JHARGRAM","d_pan_code":276162,"d_pan_name":"JHARGRAM","gp_code":"110386","gp_name":"SAPDHARA","st_2011":"19","dt_2011":"776","sdt_2011":"02454","subdtname":"Jhargram","block_name":"JHARGRAM","blk_lgdcod":"2988","dtcode14":"776","SHAPE_Length":4069.318569350684,"SHAPE_Area":669995.8131746933}},{"arcs":[[-22,-79,-220,-245,-189,-140,-133,-139,-131,-194,-129,-120,-260]],"type":"Polygon","properties":{"OBJECTID":121832,"gpcode":"110386","gpname":"SAPDHARA","stname":"WEST BENGAL","dtname":"Jhargram","sdtname":"Jhargram","stcode11":"19","dtcode11":"776","sdtcode11":"02454","blklgdcode":"2988","blkname":"JHARGRAM","dt_lgd":703,"sdt_lgd":2454,"st_lgd":19,"vilcode11":0,"vilname11":"","pan_local":"JHARGRAM","b_pan_code":3352,"b_pan_name":"JHARGRAM","d_pan_code":276162,"d_pan_name":"JHARGRAM","gp_code":"110386","gp_name":"SAPDHARA","st_2011":"19","dt_2011":"776","sdt_2011":"02454","subdtname":"Jhargram","block_name":"JHARGRAM","blk_lgdcod":"2988","dtcode14":"776","SHAPE_Length":45110.03578634262,"SHAPE_Area":39345841.60757663}},{"arcs":[[-192,260,261,-205,-257,-203,-238,-168,-237,262]],"type":"Polygon","properties":{"OBJECTID":121833,"gpcode":"110387","gpname":"SARDIHA","stname":"WEST BENGAL","dtname":"Jhargram","sdtname":"Jhargram","stcode11":"19","dtcode11":"776","sdtcode11":"02454","blklgdcode":"2988","blkname":"JHARGRAM","dt_lgd":703,"sdt_lgd":2454,"st_lgd":19,"vilcode11":0,"vilname11":"","pan_local":"JHARGRAM","b_pan_code":3352,"b_pan_name":"JHARGRAM","d_pan_code":276162,"d_pan_name":"JHARGRAM","gp_code":"110387","gp_name":"SARDIHA","st_2011":"19","dt_2011":"776","sdt_2011":"02454","subdtname":"Jhargram","block_name":"JHARGRAM","blk_lgdcod":"2988","dtcode14":"776","SHAPE_Length":47479.72655209343,"SHAPE_Area":29594499.797286436}},{"arcs":[[-234,-175]],"type":"Polygon","properties":{"OBJECTID":121834,"gpcode":"110387","gpname":"SARDIHA","stname":"WEST BENGAL","dtname":"Jhargram","sdtname":"Jhargram","stcode11":"19","dtcode11":"776","sdtcode11":"02454","blklgdcode":"2988","blkname":"JHARGRAM","dt_lgd":703,"sdt_lgd":2454,"st_lgd":19,"vilcode11":0,"vilname11":"","pan_local":"JHARGRAM","b_pan_code":3352,"b_pan_name":"JHARGRAM","d_pan_code":276162,"d_pan_name":"JHARGRAM","gp_code":"110387","gp_name":"SARDIHA","st_2011":"19","dt_2011":"776","sdt_2011":"02454","subdtname":"Jhargram","block_name":"JHARGRAM","blk_lgdcod":"2988","dtcode14":"776","SHAPE_Length":3277.951801346283,"SHAPE_Area":439513.73943445896}},{"arcs":[[-74,-258,-81,-259]],"type":"Polygon","properties":{"OBJECTID":121835,"gpcode":"110387","gpname":"SARDIHA","stname":"WEST BENGAL","dtname":"Jhargram","sdtname":"Jhargram","stcode11":"19","dtcode11":"776","sdtcode11":"02454","blklgdcode":"2988","blkname":"JHARGRAM","dt_lgd":703,"sdt_lgd":2454,"st_lgd":19,"vilcode11":0,"vilname11":"","pan_local":"JHARGRAM","b_pan_code":3352,"b_pan_name":"JHARGRAM","d_pan_code":276162,"d_pan_name":"JHARGRAM","gp_code":"110387","gp_name":"SARDIHA","st_2011":"19","dt_2011":"776","sdt_2011":"02454","subdtname":"Jhargram","block_name":"JHARGRAM","blk_lgdcod":"2988","dtcode14":"776","SHAPE_Length":4157.900725646347,"SHAPE_Area":685210.5929753658}},{"arcs":[[263,-251]],"type":"Polygon","properties":{"OBJECTID":121836,"gpcode":"110388","gpname":"SHALBONI","stname":"WEST BENGAL","dtname":"Jhargram","sdtname":"Jhargram","stcode11":"19","dtcode11":"776","sdtcode11":"02454","blklgdcode":"2988","blkname":"JHARGRAM","dt_lgd":703,"sdt_lgd":2454,"st_lgd":19,"vilcode11":0,"vilname11":"","pan_local":"JHARGRAM","b_pan_code":3352,"b_pan_name":"JHARGRAM","d_pan_code":276162,"d_pan_name":"JHARGRAM","gp_code":"110388","gp_name":"SHALBONI","st_2011":"19","dt_2011":"776","sdt_2011":"02454","subdtname":"Jhargram","block_name":"JHARGRAM","blk_lgdcod":"2988","dtcode14":"776","SHAPE_Length":5258.1158238800135,"SHAPE_Area":1334603.9763084273}},{"arcs":[[-191,-256]],"type":"Polygon","properties":{"OBJECTID":121837,"gpcode":"110388","gpname":"SHALBONI","stname":"WEST BENGAL","dtname":"Jhargram","sdtname":"Jhargram","stcode11":"19","dtcode11":"776","sdtcode11":"02454","blklgdcode":"2988","blkname":"JHARGRAM","dt_lgd":703,"sdt_lgd":2454,"st_lgd":19,"vilcode11":0,"vilname11":"","pan_local":"JHARGRAM","b_pan_code":3352,"b_pan_name":"JHARGRAM","d_pan_code":276162,"d_pan_name":"JHARGRAM","gp_code":"110388","gp_name":"SHALBONI","st_2011":"19","dt_2011":"776","sdt_2011":"02454","subdtname":"Jhargram","block_name":"JHARGRAM","blk_lgdcod":"2988","dtcode14":"776","SHAPE_Length":1650.6478189298095,"SHAPE_Area":138207.86587118337}},{"arcs":[[-241,-165,-240,-231,-242,-226,-248,-243,-214,-171]],"type":"Polygon","properties":{"OBJECTID":121838,"gpcode":"110388","gpname":"SHALBONI","stname":"WEST BENGAL","dtname":"Jhargram","sdtname":"Jhargram","stcode11":"19","dtcode11":"776","sdtcode11":"02454","blklgdcode":"2988","blkname":"JHARGRAM","dt_lgd":703,"sdt_lgd":2454,"st_lgd":19,"vilcode11":0,"vilname11":"","pan_local":"JHARGRAM","b_pan_code":3352,"b_pan_name":"JHARGRAM","d_pan_code":276162,"d_pan_name":"JHARGRAM","gp_code":"110388","gp_name":"SHALBONI","st_2011":"19","dt_2011":"776","sdt_2011":"02454","subdtname":"Jhargram","block_name":"JHARGRAM","blk_lgdcod":"2988","dtcode14":"776","SHAPE_Length":59494.51812452376,"SHAPE_Area":42016752.46840155}},{"arcs":[[264,265,266],[267]],"type":"Polygon","properties":{"OBJECTID":121952,"gpcode":"110459","gpname":"ARA","stname":"WEST BENGAL","dtname":"Jhargram","sdtname":"Nayagram","stcode11":"19","dtcode11":"776","sdtcode11":"02458","blklgdcode":"2996","blkname":"NAYAGRAM","dt_lgd":703,"sdt_lgd":2458,"st_lgd":19,"vilcode11":0,"vilname11":"","pan_local":"NAYAGRAM","b_pan_code":3360,"b_pan_name":"NAYAGRAM","d_pan_code":276162,"d_pan_name":"JHARGRAM","gp_code":"110459","gp_name":"ARA","st_2011":"19","dt_2011":"776","sdt_2011":"02458","subdtname":"Nayagram","block_name":"NAYAGRAM","blk_lgdcod":"2996","dtcode14":"776","SHAPE_Length":50492.11772368026,"SHAPE_Area":58886206.271745294}},{"arcs":[[268,269,270]],"type":"Polygon","properties":{"OBJECTID":121953,"gpcode":"110459","gpname":"ARA","stname":"WEST BENGAL","dtname":"Jhargram","sdtname":"Nayagram","stcode11":"19","dtcode11":"776","sdtcode11":"02458","blklgdcode":"2996","blkname":"NAYAGRAM","dt_lgd":703,"sdt_lgd":2458,"st_lgd":19,"vilcode11":0,"vilname11":"","pan_local":"NAYAGRAM","b_pan_code":3360,"b_pan_name":"NAYAGRAM","d_pan_code":276162,"d_pan_name":"JHARGRAM","gp_code":"110459","gp_name":"ARA","st_2011":"19","dt_2011":"776","sdt_2011":"02458","subdtname":"Nayagram","block_name":"NAYAGRAM","blk_lgdcod":"2996","dtcode14":"776","SHAPE_Length":15658.139305356697,"SHAPE_Area":6441039.943837584}},{"arcs":[[271,272,-265,273,-269,274,275]],"type":"Polygon","properties":{"OBJECTID":121954,"gpcode":"110460","gpname":"BALIGERIA","stname":"WEST BENGAL","dtname":"Jhargram","sdtname":"Nayagram","stcode11":"19","dtcode11":"776","sdtcode11":"02458","blklgdcode":"2996","blkname":"NAYAGRAM","dt_lgd":703,"sdt_lgd":2458,"st_lgd":19,"vilcode11":0,"vilname11":"","pan_local":"NAYAGRAM","b_pan_code":3360,"b_pan_name":"NAYAGRAM","d_pan_code":276162,"d_pan_name":"JHARGRAM","gp_code":"110460","gp_name":"BALIGERIA","st_2011":"19","dt_2011":"776","sdt_2011":"02458","subdtname":"Nayagram","block_name":"NAYAGRAM","blk_lgdcod":"2996","dtcode14":"776","SHAPE_Length":45630.49702199502,"SHAPE_Area":49811154.18866583}},{"arcs":[[276,277,278,279]],"type":"Polygon","properties":{"OBJECTID":121955,"gpcode":"110461","gpname":"BARAKHAKRI","stname":"WEST BENGAL","dtname":"Jhargram","sdtname":"Nayagram","stcode11":"19","dtcode11":"776","sdtcode11":"02458","blklgdcode":"2996","blkname":"NAYAGRAM","dt_lgd":703,"sdt_lgd":2458,"st_lgd":19,"vilcode11":0,"vilname11":"","pan_local":"NAYAGRAM","b_pan_code":3360,"b_pan_name":"NAYAGRAM","d_pan_code":276162,"d_pan_name":"JHARGRAM","gp_code":"110461","gp_name":"BARAKHAKRI","st_2011":"19","dt_2011":"776","sdt_2011":"02458","subdtname":"Nayagram","block_name":"NAYAGRAM","blk_lgdcod":"2996","dtcode14":"776","SHAPE_Length":8128.116494156596,"SHAPE_Area":2603700.1682580295}},{"arcs":[[280,281,282,283,284,285,286,287]],"type":"Polygon","properties":{"OBJECTID":121956,"gpcode":"110461","gpname":"BARAKHAKRI","stname":"WEST BENGAL","dtname":"Jhargram","sdtname":"Nayagram","stcode11":"19","dtcode11":"776","sdtcode11":"02458","blklgdcode":"2996","blkname":"NAYAGRAM","dt_lgd":703,"sdt_lgd":2458,"st_lgd":19,"vilcode11":0,"vilname11":"","pan_local":"NAYAGRAM","b_pan_code":3360,"b_pan_name":"NAYAGRAM","d_pan_code":276162,"d_pan_name":"JHARGRAM","gp_code":"110461","gp_name":"BARAKHAKRI","st_2011":"19","dt_2011":"776","sdt_2011":"02458","subdtname":"Nayagram","block_name":"NAYAGRAM","blk_lgdcod":"2996","dtcode14":"776","SHAPE_Length":59363.726745926426,"SHAPE_Area":58247316.73265128}},{"arcs":[[-268]],"type":"Polygon","properties":{"OBJECTID":121957,"gpcode":"110462","gpname":"BARANEGUI","stname":"WEST BENGAL","dtname":"Jhargram","sdtname":"Nayagram","stcode11":"19","dtcode11":"776","sdtcode11":"02458","blklgdcode":"2996","blkname":"NAYAGRAM","dt_lgd":703,"sdt_lgd":2458,"st_lgd":19,"vilcode11":0,"vilname11":"","pan_local":"NAYAGRAM","b_pan_code":3360,"b_pan_name":"NAYAGRAM","d_pan_code":276162,"d_pan_name":"JHARGRAM","gp_code":"110462","gp_name":"BARANEGUI","st_2011":"19","dt_2011":"776","sdt_2011":"02458","subdtname":"Nayagram","block_name":"NAYAGRAM","blk_lgdcod":"2996","dtcode14":"776","SHAPE_Length":9529.911117471887,"SHAPE_Area":3245842.3622812964}},{"arcs":[[-285,288,289,290,291,-275,-271,292,293,294]],"type":"Polygon","properties":{"OBJECTID":121958,"gpcode":"110462","gpname":"BARANEGUI","stname":"WEST BENGAL","dtname":"Jhargram","sdtname":"Nayagram","stcode11":"19","dtcode11":"776","sdtcode11":"02458","blklgdcode":"2996","blkname":"NAYAGRAM","dt_lgd":703,"sdt_lgd":2458,"st_lgd":19,"vilcode11":0,"vilname11":"","pan_local":"NAYAGRAM","b_pan_code":3360,"b_pan_name":"NAYAGRAM","d_pan_code":276162,"d_pan_name":"JHARGRAM","gp_code":"110462","gp_name":"BARANEGUI","st_2011":"19","dt_2011":"776","sdt_2011":"02458","subdtname":"Nayagram","block_name":"NAYAGRAM","blk_lgdcod":"2996","dtcode14":"776","SHAPE_Length":56355.7714093265,"SHAPE_Area":46774408.94946099}},{"arcs":[[295,296,-272,297]],"type":"Polygon","properties":{"OBJECTID":121959,"gpcode":"110463","gpname":"BERAJAL","stname":"WEST BENGAL","dtname":"Jhargram","sdtname":"Nayagram","stcode11":"19","dtcode11":"776","sdtcode11":"02458","blklgdcode":"2996","blkname":"NAYAGRAM","dt_lgd":703,"sdt_lgd":2458,"st_lgd":19,"vilcode11":0,"vilname11":"","pan_local":"NAYAGRAM","b_pan_code":3360,"b_pan_name":"NAYAGRAM","d_pan_code":276162,"d_pan_name":"JHARGRAM","gp_code":"110463","gp_name":"BERAJAL","st_2011":"19","dt_2011":"776","sdt_2011":"02458","subdtname":"Nayagram","block_name":"NAYAGRAM","blk_lgdcod":"2996","dtcode14":"776","SHAPE_Length":35041.74484328454,"SHAPE_Area":28027378.546143375}},{"arcs":[[-295,298,-3,299,-286]],"type":"Polygon","properties":{"OBJECTID":121960,"gpcode":"110464","gpname":"CHANDABILLA","stname":"WEST BENGAL","dtname":"Jhargram","sdtname":"Nayagram","stcode11":"19","dtcode11":"776","sdtcode11":"02458","blklgdcode":"2996","blkname":"NAYAGRAM","dt_lgd":703,"sdt_lgd":2458,"st_lgd":19,"vilcode11":0,"vilname11":"","pan_local":"NAYAGRAM","b_pan_code":3360,"b_pan_name":"NAYAGRAM","d_pan_code":276162,"d_pan_name":"JHARGRAM","gp_code":"110464","gp_name":"CHANDABILLA","st_2011":"19","dt_2011":"776","sdt_2011":"02458","subdtname":"Nayagram","block_name":"NAYAGRAM","blk_lgdcod":"2996","dtcode14":"776","SHAPE_Length":73505.37180491192,"SHAPE_Area":89867286.29962921}},{"arcs":[[-270,-274,-267,300,-293]],"type":"Polygon","properties":{"OBJECTID":121961,"gpcode":"110465","gpname":"CHANDRAREKHA","stname":"WEST BENGAL","dtname":"Jhargram","sdtname":"Nayagram","stcode11":"19","dtcode11":"776","sdtcode11":"02458","blklgdcode":"2996","blkname":"NAYAGRAM","dt_lgd":703,"sdt_lgd":2458,"st_lgd":19,"vilcode11":0,"vilname11":"","pan_local":"NAYAGRAM","b_pan_code":3360,"b_pan_name":"NAYAGRAM","d_pan_code":276162,"d_pan_name":"JHARGRAM","gp_code":"110465","gp_name":"CHANDRAREKHA","st_2011":"19","dt_2011":"776","sdt_2011":"02458","subdtname":"Nayagram","block_name":"NAYAGRAM","blk_lgdcod":"2996","dtcode14":"776","SHAPE_Length":33319.5169929754,"SHAPE_Area":38998263.10870665}},{"arcs":[[-296,301,302,303]],"type":"Polygon","properties":{"OBJECTID":121962,"gpcode":"110466","gpname":"JAMIRAPAL","stname":"WEST BENGAL","dtname":"Jhargram","sdtname":"Nayagram","stcode11":"19","dtcode11":"776","sdtcode11":"02458","blklgdcode":"2996","blkname":"NAYAGRAM","dt_lgd":703,"sdt_lgd":2458,"st_lgd":19,"vilcode11":0,"vilname11":"","pan_local":"NAYAGRAM","b_pan_code":3360,"b_pan_name":"NAYAGRAM","d_pan_code":276162,"d_pan_name":"JHARGRAM","gp_code":"110466","gp_name":"JAMIRAPAL","st_2011":"19","dt_2011":"776","sdt_2011":"02458","subdtname":"Nayagram","block_name":"NAYAGRAM","blk_lgdcod":"2996","dtcode14":"776","SHAPE_Length":25275.242767941916,"SHAPE_Area":26779861.97978732}},{"arcs":[[304,-279,305,306,-302,-298,-276,-292,307,-290]],"type":"Polygon","properties":{"OBJECTID":121963,"gpcode":"110467","gpname":"KHARIKAMATHANI","stname":"WEST BENGAL","dtname":"Jhargram","sdtname":"Nayagram","stcode11":"19","dtcode11":"776","sdtcode11":"02458","blklgdcode":"2996","blkname":"NAYAGRAM","dt_lgd":703,"sdt_lgd":2458,"st_lgd":19,"vilcode11":0,"vilname11":"","pan_local":"NAYAGRAM","b_pan_code":3360,"b_pan_name":"NAYAGRAM","d_pan_code":276162,"d_pan_name":"JHARGRAM","gp_code":"110467","gp_name":"KHARIKAMATHANI","st_2011":"19","dt_2011":"776","sdt_2011":"02458","subdtname":"Nayagram","block_name":"NAYAGRAM","blk_lgdcod":"2996","dtcode14":"776","SHAPE_Length":56608.19895124898,"SHAPE_Area":53297691.108306386}},{"arcs":[[-291,-308]],"type":"Polygon","properties":{"OBJECTID":121964,"gpcode":"110468","gpname":"MALAM","stname":"WEST BENGAL","dtname":"Jhargram","sdtname":"Nayagram","stcode11":"19","dtcode11":"776","sdtcode11":"02458","blklgdcode":"2996","blkname":"NAYAGRAM","dt_lgd":703,"sdt_lgd":2458,"st_lgd":19,"vilcode11":0,"vilname11":"","pan_local":"NAYAGRAM","b_pan_code":3360,"b_pan_name":"NAYAGRAM","d_pan_code":276162,"d_pan_name":"JHARGRAM","gp_code":"110468","gp_name":"MALAM","st_2011":"19","dt_2011":"776","sdt_2011":"02458","subdtname":"Nayagram","block_name":"NAYAGRAM","blk_lgdcod":"2996","dtcode14":"776","SHAPE_Length":12844.96112526377,"SHAPE_Area":6288125.006648943}},{"arcs":[[308,-306,-278]],"type":"Polygon","properties":{"OBJECTID":121965,"gpcode":"110468","gpname":"MALAM","stname":"WEST BENGAL","dtname":"Jhargram","sdtname":"Nayagram","stcode11":"19","dtcode11":"776","sdtcode11":"02458","blklgdcode":"2996","blkname":"NAYAGRAM","dt_lgd":703,"sdt_lgd":2458,"st_lgd":19,"vilcode11":0,"vilname11":"","pan_local":"NAYAGRAM","b_pan_code":3360,"b_pan_name":"NAYAGRAM","d_pan_code":276162,"d_pan_name":"JHARGRAM","gp_code":"110468","gp_name":"MALAM","st_2011":"19","dt_2011":"776","sdt_2011":"02458","subdtname":"Nayagram","block_name":"NAYAGRAM","blk_lgdcod":"2996","dtcode14":"776","SHAPE_Length":6756.552734620205,"SHAPE_Area":715966.5902789901}},{"arcs":[[309,310,311,-280,-305,-289,-284,312]],"type":"Polygon","properties":{"OBJECTID":121966,"gpcode":"110468","gpname":"MALAM","stname":"WEST BENGAL","dtname":"Jhargram","sdtname":"Nayagram","stcode11":"19","dtcode11":"776","sdtcode11":"02458","blklgdcode":"2996","blkname":"NAYAGRAM","dt_lgd":703,"sdt_lgd":2458,"st_lgd":19,"vilcode11":0,"vilname11":"","pan_local":"NAYAGRAM","b_pan_code":3360,"b_pan_name":"NAYAGRAM","d_pan_code":276162,"d_pan_name":"JHARGRAM","gp_code":"110468","gp_name":"MALAM","st_2011":"19","dt_2011":"776","sdt_2011":"02458","subdtname":"Nayagram","block_name":"NAYAGRAM","blk_lgdcod":"2996","dtcode14":"776","SHAPE_Length":35674.54240906667,"SHAPE_Area":40234181.08605861}},{"arcs":[[313,-303,-307,-309,-277,-312]],"type":"Polygon","properties":{"OBJECTID":121967,"gpcode":"110469","gpname":"NAYAGRAM","stname":"WEST BENGAL","dtname":"Jhargram","sdtname":"Nayagram","stcode11":"19","dtcode11":"776","sdtcode11":"02458","blklgdcode":"2996","blkname":"NAYAGRAM","dt_lgd":703,"sdt_lgd":2458,"st_lgd":19,"vilcode11":0,"vilname11":"","pan_local":"NAYAGRAM","b_pan_code":3360,"b_pan_name":"NAYAGRAM","d_pan_code":276162,"d_pan_name":"JHARGRAM","gp_code":"110469","gp_name":"NAYAGRAM","st_2011":"19","dt_2011":"776","sdt_2011":"02458","subdtname":"Nayagram","block_name":"NAYAGRAM","blk_lgdcod":"2996","dtcode14":"776","SHAPE_Length":34188.34508210935,"SHAPE_Area":40028267.10078868}},{"arcs":[[-287,-300,-2,314]],"type":"Polygon","properties":{"OBJECTID":121968,"gpcode":"110470","gpname":"PATINA","stname":"WEST BENGAL","dtname":"Jhargram","sdtname":"Nayagram","stcode11":"19","dtcode11":"776","sdtcode11":"02458","blklgdcode":"2996","blkname":"NAYAGRAM","dt_lgd":703,"sdt_lgd":2458,"st_lgd":19,"vilcode11":0,"vilname11":"","pan_local":"NAYAGRAM","b_pan_code":3360,"b_pan_name":"NAYAGRAM","d_pan_code":276162,"d_pan_name":"JHARGRAM","gp_code":"110470","gp_name":"PATINA","st_2011":"19","dt_2011":"776","sdt_2011":"02458","subdtname":"Nayagram","block_name":"NAYAGRAM","blk_lgdcod":"2996","dtcode14":"776","SHAPE_Length":40429.14809169572,"SHAPE_Area":49349043.02920721}},{"arcs":[[-281,315,316]],"type":"Polygon","properties":{"OBJECTID":122032,"gpcode":"110504","gpname":"ANDHARI","stname":"WEST BENGAL","dtname":"Jhargram","sdtname":"Sankrail","stcode11":"19","dtcode11":"776","sdtcode11":"02459","blklgdcode":"3000","blkname":"SANKRAIL","dt_lgd":703,"sdt_lgd":2459,"st_lgd":19,"vilcode11":0,"vilname11":"","pan_local":"SANKRAIL","b_pan_code":3364,"b_pan_name":"SANKRAIL","d_pan_code":276162,"d_pan_name":"JHARGRAM","gp_code":"110504","gp_name":"ANDHARI","st_2011":"19","dt_2011":"776","sdt_2011":"02459","subdtname":"Sankrail","block_name":"SANKRAIL","blk_lgdcod":"3000","dtcode14":"776","SHAPE_Length":25586.269366275654,"SHAPE_Area":18043764.855125602}},{"arcs":[[317,318,319,-207,320]],"type":"Polygon","properties":{"OBJECTID":122033,"gpcode":"110505","gpname":"CHHATRI","stname":"WEST BENGAL","dtname":"Jhargram","sdtname":"Sankrail","stcode11":"19","dtcode11":"776","sdtcode11":"02459","blklgdcode":"3000","blkname":"SANKRAIL","dt_lgd":703,"sdt_lgd":2459,"st_lgd":19,"vilcode11":0,"vilname11":"","pan_local":"SANKRAIL","b_pan_code":3364,"b_pan_name":"SANKRAIL","d_pan_code":276162,"d_pan_name":"JHARGRAM","gp_code":"110505","gp_name":"CHHATRI","st_2011":"19","dt_2011":"776","sdt_2011":"02459","subdtname":"Sankrail","block_name":"SANKRAIL","blk_lgdcod":"3000","dtcode14":"776","SHAPE_Length":38634.0846002601,"SHAPE_Area":41782814.62956955}},{"arcs":[[-208,-320,321,322,-228]],"type":"Polygon","properties":{"OBJECTID":122034,"gpcode":"110506","gpname":"DHANGHORI","stname":"WEST BENGAL","dtname":"Jhargram","sdtname":"Sankrail","stcode11":"19","dtcode11":"776","sdtcode11":"02459","blklgdcode":"3000","blkname":"SANKRAIL","dt_lgd":703,"sdt_lgd":2459,"st_lgd":19,"vilcode11":0,"vilname11":"","pan_local":"SANKRAIL","b_pan_code":3364,"b_pan_name":"SANKRAIL","d_pan_code":276162,"d_pan_name":"JHARGRAM","gp_code":"110506","gp_name":"DHANGHORI","st_2011":"19","dt_2011":"776","sdt_2011":"02459","subdtname":"Sankrail","block_name":"SANKRAIL","blk_lgdcod":"3000","dtcode14":"776","SHAPE_Length":30112.453832877338,"SHAPE_Area":30049059.55697994}},{"arcs":[[323,324,325]],"type":"Polygon","properties":{"OBJECTID":122035,"gpcode":"110507","gpname":"KHUDMORAI","stname":"WEST BENGAL","dtname":"Jhargram","sdtname":"Sankrail","stcode11":"19","dtcode11":"776","sdtcode11":"02459","blklgdcode":"3000","blkname":"SANKRAIL","dt_lgd":703,"sdt_lgd":2459,"st_lgd":19,"vilcode11":0,"vilname11":"","pan_local":"SANKRAIL","b_pan_code":3364,"b_pan_name":"SANKRAIL","d_pan_code":276162,"d_pan_name":"JHARGRAM","gp_code":"110507","gp_name":"KHUDMORAI","st_2011":"19","dt_2011":"776","sdt_2011":"02459","subdtname":"Sankrail","block_name":"SANKRAIL","blk_lgdcod":"3000","dtcode14":"776","SHAPE_Length":46851.92212587695,"SHAPE_Area":38012443.92909868}},{"arcs":[[326,327,328,329]],"type":"Polygon","properties":{"OBJECTID":122036,"gpcode":"110508","gpname":"KULTIKRI","stname":"WEST BENGAL","dtname":"Jhargram","sdtname":"Sankrail","stcode11":"19","dtcode11":"776","sdtcode11":"02459","blklgdcode":"3000","blkname":"SANKRAIL","dt_lgd":703,"sdt_lgd":2459,"st_lgd":19,"vilcode11":0,"vilname11":"","pan_local":"SANKRAIL","b_pan_code":3364,"b_pan_name":"SANKRAIL","d_pan_code":276162,"d_pan_name":"JHARGRAM","gp_code":"110508","gp_name":"KULTIKRI","st_2011":"19","dt_2011":"776","sdt_2011":"02459","subdtname":"Sankrail","block_name":"SANKRAIL","blk_lgdcod":"3000","dtcode14":"776","SHAPE_Length":37206.269350421266,"SHAPE_Area":18553691.426852748}},{"arcs":[[330,-313,-283,331,-328]],"type":"Polygon","properties":{"OBJECTID":122037,"gpcode":"110509","gpname":"LAUDAHA","stname":"WEST BENGAL","dtname":"Jhargram","sdtname":"Sankrail","stcode11":"19","dtcode11":"776","sdtcode11":"02459","blklgdcode":"3000","blkname":"SANKRAIL","dt_lgd":703,"sdt_lgd":2459,"st_lgd":19,"vilcode11":0,"vilname11":"","pan_local":"SANKRAIL","b_pan_code":3364,"b_pan_name":"SANKRAIL","d_pan_code":276162,"d_pan_name":"JHARGRAM","gp_code":"110509","gp_name":"LAUDAHA","st_2011":"19","dt_2011":"776","sdt_2011":"02459","subdtname":"Sankrail","block_name":"SANKRAIL","blk_lgdcod":"3000","dtcode14":"776","SHAPE_Length":29795.858508511083,"SHAPE_Area":28299430.859118495}},{"arcs":[[-325,332,-321,-206,-262,333]],"type":"Polygon","properties":{"OBJECTID":122038,"gpcode":"110510","gpname":"PATHRA","stname":"WEST BENGAL","dtname":"Jhargram","sdtname":"Sankrail","stcode11":"19","dtcode11":"776","sdtcode11":"02459","blklgdcode":"3000","blkname":"SANKRAIL","dt_lgd":703,"sdt_lgd":2459,"st_lgd":19,"vilcode11":0,"vilname11":"","pan_local":"SANKRAIL","b_pan_code":3364,"b_pan_name":"SANKRAIL","d_pan_code":276162,"d_pan_name":"JHARGRAM","gp_code":"110510","gp_name":"PATHRA","st_2011":"19","dt_2011":"776","sdt_2011":"02459","subdtname":"Sankrail","block_name":"SANKRAIL","blk_lgdcod":"3000","dtcode14":"776","SHAPE_Length":37660.112443050566,"SHAPE_Area":52409070.433285825}},{"arcs":[[-247,-181,-253,-195,-252,-264,-250,-152,-197,-150,-229,-323,334,-316,-288,-315,-1,335,-137,-111,-186]],"type":"Polygon","properties":{"OBJECTID":122039,"gpcode":"110511","gpname":"RAGRAH","stname":"WEST BENGAL","dtname":"Jhargram","sdtname":"Gopiballavpur - II","stcode11":"19","dtcode11":"776","sdtcode11":"02456","blklgdcode":"2985","blkname":"GOPIBALLAV PUR -II","dt_lgd":703,"sdt_lgd":2456,"st_lgd":19,"vilcode11":0,"vilname11":"","pan_local":"GOPIBALLAV PUR -II","b_pan_code":3349,"b_pan_name":"GOPIBALLAV PUR -II","d_pan_code":276162,"d_pan_name":"JHARGRAM","gp_code":"110511","gp_name":"RAGRAH","st_2011":"19","dt_2011":"776","sdt_2011":"02456","subdtname":"Gopiballavpur - II","block_name":"GOPIBALLAV PUR -II","blk_lgdcod":"2985","dtcode14":"776","SHAPE_Length":123067.00675023037,"SHAPE_Area":245439199.1662995}},{"arcs":[[336,-329,-332,-282,-317,-335,-322,-319]],"type":"Polygon","properties":{"OBJECTID":122040,"gpcode":"110512","gpname":"ROHINI","stname":"WEST BENGAL","dtname":"Jhargram","sdtname":"Sankrail","stcode11":"19","dtcode11":"776","sdtcode11":"02459","blklgdcode":"3000","blkname":"SANKRAIL","dt_lgd":703,"sdt_lgd":2459,"st_lgd":19,"vilcode11":0,"vilname11":"","pan_local":"SANKRAIL","b_pan_code":3364,"b_pan_name":"SANKRAIL","d_pan_code":276162,"d_pan_name":"JHARGRAM","gp_code":"110512","gp_name":"ROHINI","st_2011":"19","dt_2011":"776","sdt_2011":"02459","subdtname":"Sankrail","block_name":"SANKRAIL","blk_lgdcod":"3000","dtcode14":"776","SHAPE_Length":45568.51786439192,"SHAPE_Area":36866981.3416072}},{"arcs":[[-324,337,-330,-337,-318,-333]],"type":"Polygon","properties":{"OBJECTID":122041,"gpcode":"110513","gpname":"SANKRAIL","stname":"WEST BENGAL","dtname":"Jhargram","sdtname":"Sankrail","stcode11":"19","dtcode11":"776","sdtcode11":"02459","blklgdcode":"3000","blkname":"SANKRAIL","dt_lgd":703,"sdt_lgd":2459,"st_lgd":19,"vilcode11":0,"vilname11":"","pan_local":"SANKRAIL","b_pan_code":3364,"b_pan_name":"SANKRAIL","d_pan_code":276162,"d_pan_name":"JHARGRAM","gp_code":"110513","gp_name":"SANKRAIL","st_2011":"19","dt_2011":"776","sdt_2011":"02459","subdtname":"Sankrail","block_name":"SANKRAIL","blk_lgdcod":"3000","dtcode14":"776","SHAPE_Length":46740.676498752735,"SHAPE_Area":34322137.880051985}}]}}}