entity_id,state,election_year,constituency_name,electors,votes_polled,turnout_pct,winner_candidate,winner_party_id,winner_party_short_raw,winner_votes,winner_share_pct,runnerup_candidate,runnerup_party_id,runnerup_party_short_raw,runnerup_votes,margin_votes,margin_pct,source_id,processing_level,processing_note
IN-PC-1976-andaman-and-nicobar-islands-1,andaman-and-nicobar-islands,1984,ANDAMAN & NICOBAR ISLANDS,115565,88968,76.99,MANORANJAN BHAKTA,parties.IN.INC,INC,47019,52.85,K.KANDASWAMY,parties.IN.LKD,LKD,27883,19136,21.51,src-31c65dbec869,minor,
IN-PC-1976-andhra-pradesh-1,andhra-pradesh,1984,SRIKAKULAM,692761,491364,70.93,APPAYYADORA HANUMANTU,parties.IN.TDP,TDP,298167,60.68,RAJGOPALARAO BODDEPALLI,parties.IN.INC,INC,173699,124468,25.33,src-31c65dbec869,minor,
IN-PC-1976-andhra-pradesh-10,andhra-pradesh,1984,NARASAPUR,777048,556257,71.59,VIJAYA KUMAR RAJU BHUPATHIRAJU,parties.IN.TDP,TDP,366534,65.89,ALLURI SUBHASCHANDRA BOSE,parties.IN.INC,INC,170160,196374,35.3,src-31c65dbec869,minor,
IN-PC-1976-andhra-pradesh-11,andhra-pradesh,1984,ELURU,790920,593356,75.02,BOLLA BULLI RAMAIAH,parties.IN.TDP,TDP,351340,59.21,VATTI VENKATA RANGA PARTHA SARATHI,parties.IN.INC,INC,239688,111652,18.81,src-31c65dbec869,minor,
IN-PC-1976-andhra-pradesh-12,andhra-pradesh,1984,MACHILIPATNAM,741415,546813,73.75,SAMBASIVARAO KUVURU,parties.IN.INC,INC,272513,49.84,VADDI RANGARAO,parties.IN.TDP,TDP,263420,9093,1.67,src-31c65dbec869,minor,
IN-PC-1976-andhra-pradesh-13,andhra-pradesh,1984,VIJAYAWADA,864150,623913,72.2,VADDE SOBHANADREESWARA RAO,parties.IN.TDP,TDP,318023,50.97,CHENNUPATI VIDYA,parties.IN.INC,INC,289579,28444,4.56,src-31c65dbec869,minor,
IN-PC-1976-andhra-pradesh-14,andhra-pradesh,1984,TENALI,731629,510954,69.84,NISSANKARARAO VENKATARATNAM,parties.IN.TDP,TDP,256766,50.25,BASAV PUNNAYYA SINGAM,parties.IN.INC,INC,246328,10438,2.04,src-31c65dbec869,minor,
IN-PC-1976-andhra-pradesh-15,andhra-pradesh,1984,GUNTUR,896875,592866,66.1,N.G.RANGA,parties.IN.INC,INC,293589,49.52,CHANDRASKHARA RAO MOVVA,parties.IN.TDP,TDP,281695,11894,2.01,src-31c65dbec869,minor,
IN-PC-1976-andhra-pradesh-16,andhra-pradesh,1984,BAPATLA,817197,557115,68.17,CHIMATA SAMBU,parties.IN.TDP,TDP,290492,52.14,RAJESWARA RAO MADDIRALA,parties.IN.INC,INC,256072,34420,6.18,src-31c65dbec869,minor,
IN-PC-1976-andhra-pradesh-17,andhra-pradesh,1984,NARASARAOPET,884798,591714,66.88,KATURI NARAYANASWAMY,parties.IN.TDP,TDP,295059,49.87,KASU BRAMANANDA REDDY,parties.IN.INC,INC,280821,14238,2.41,src-31c65dbec869,minor,
IN-PC-1976-andhra-pradesh-18,andhra-pradesh,1984,ONGOLE,875403,565289,64.57,BEZAWADA PAPIREDDY,parties.IN.TDP,TDP,287662,50.89,VENKATA REDDY PULI,parties.IN.INC,INC,269519,18143,3.21,src-31c65dbec869,minor,
IN-PC-1976-andhra-pradesh-19,andhra-pradesh,1984,NELLORE,858523,547786,63.81,PENCHALAIAH PUCHALAPALLI,parties.IN.TDP,TDP,296284,54.09,OREPALLI VENKATA SUBBAIAH,parties.IN.INC,INC,242733,53551,9.78,src-31c65dbec869,minor,
IN-PC-1976-andhra-pradesh-2,andhra-pradesh,1984,PARVATHIPURAM,669060,427938,63.96,KISHORE CHANDRA SURYAMARAYANA DEO VYRICHERIA,parties.IN.ICS,ICS,233175,54.49,NARASIMHA RAO VISWASA RAYI,parties.IN.INC,INC,184495,48680,11.38,src-31c65dbec869,minor,
IN-PC-1976-andhra-pradesh-20,andhra-pradesh,1984,TIRUPATHI,863056,602153,69.77,CHINTA MOHAN,parties.IN.TDP,TDP,318467,52.89,PENCHALAIAH PASALA,parties.IN.INC,INC,283686,34781,5.78,src-31c65dbec869,minor,
IN-PC-1976-andhra-pradesh-21,andhra-pradesh,1984,CHITTOOR,815085,609686,74.8,N.P.JHANSI LAKSHMI,parties.IN.TDP,TDP,332543,54.54,AMARANADHA REDDY NALLARI,parties.IN.INC,INC,271332,61211,10.04,src-31c65dbec869,minor,
IN-PC-1976-andhra-pradesh-22,andhra-pradesh,1984,RAJAMPET,776829,493737,63.56,PALAKONDRAYUDU SUGAVASI,parties.IN.TDP,TDP,298060,60.37,A.SAI PRATHAP,parties.IN.INC,INC,180913,117147,23.73,src-31c65dbec869,minor,
IN-PC-1976-andhra-pradesh-23,andhra-pradesh,1984,CUDDAPAH,890757,638866,71.72,D.N.REDDY,parties.IN.TDP,TDP,332915,52.11,OBULA REDDY KANDULA,parties.IN.INC,INC,278607,54308,8.5,src-31c65dbec869,minor,
IN-PC-1976-andhra-pradesh-24,andhra-pradesh,1984,HINDUPUR,790363,553108,69.98,K. RAMACHANDRA REDDY,parties.IN.TDP,TDP,349239,63.14,D. REDDAPPA REDDY,parties.IN.INC,INC,193902,155337,28.08,src-31c65dbec869,minor,
IN-PC-1976-andhra-pradesh-25,andhra-pradesh,1984,ANANTAPUR,798271,511203,64.04,DEVINENI NARAYANA SWAMY,parties.IN.TDP,TDP,302307,59.14,DARURU PULLAIAH,parties.IN.INC,INC,193658,108649,21.26,src-31c65dbec869,minor,
IN-PC-1976-andhra-pradesh-26,andhra-pradesh,1984,KURNOOL,757612,508259,67.09,ERASU AYYAPU REDDY,parties.IN.TDP,TDP,253832,49.94,KOTLA VIJAYA BHASKARA REDDY,parties.IN.INC,INC,246542,7290,1.43,src-31c65dbec869,minor,
IN-PC-1976-andhra-pradesh-27,andhra-pradesh,1984,NANDYAL,797893,551221,69.08,MADDUR SUBBA REDDY,parties.IN.TDP,TDP,298420,54.14,PENDEKANTI VENKATA SUBBAIAH,parties.IN.INC,INC,248157,50263,9.12,src-31c65dbec869,minor,
IN-PC-1976-andhra-pradesh-28,andhra-pradesh,1984,NAGARKURNOOL,808999,522089,64.54,V. TULSIRAM,parties.IN.TDP,TDP,301089,57.67,ANANTHARAMULU MALLU,parties.IN.INC,INC,211952,89137,17.07,src-31c65dbec869,minor,
IN-PC-1976-andhra-pradesh-29,andhra-pradesh,1984,MAHABUBNAGAR,845699,528152,62.45,SUDINI JAIPAL REDDY,parties.IN.JP,JNP,274064,51.89,MALLIKARJUN,parties.IN.INC,INC,193961,80103,15.17,src-31c65dbec869,minor,
IN-PC-1976-andhra-pradesh-3,andhra-pradesh,1984,BOBBILI,702204,508750,72.45,ANAND GAJAPATHI RAJU POOSAPATI,parties.IN.TDP,TDP,315156,61.95,PENUMETCHA SAMBA SIVA RAJU,parties.IN.INC,INC,177573,137583,27.05,src-31c65dbec869,minor,
IN-PC-1976-andhra-pradesh-30,andhra-pradesh,1984,HYDERABAD,777353,582774,74.97,SULTAN SALAHUDDIN OWAISE,parties.IN.IND,IND,222187,38.13,K.PRAHBAKARA REDDY,parties.IN.TDP,TDP,218706,3481,0.6,src-31c65dbec869,minor,
IN-PC-1976-andhra-pradesh-31,andhra-pradesh,1984,SECUNDERABAD,856674,502471,58.65,T.ANJAIAH,parties.IN.INC,INC,246309,49.02,BANDARU DATTAREYA,parties.IN.BJP,BJP,237835,8474,1.69,src-31c65dbec869,minor,
IN-PC-1976-andhra-pradesh-32,andhra-pradesh,1984,SIDDIPET,832420,543299,65.27,G.VIJAYARAMARAO,parties.IN.TDP,TDP,253243,46.61,YELLIAH NANDI,parties.IN.INC,INC,239042,14201,2.61,src-31c65dbec869,minor,
IN-PC-1976-andhra-pradesh-33,andhra-pradesh,1984,MEDAK,829933,546654,65.87,P.MANIK REDDY,parties.IN.TDP,TDP,263524,48.21,P.SHIV SHANKER,parties.IN.INC,INC,261708,1816,0.34,src-31c65dbec869,minor,
IN-PC-1976-andhra-pradesh-34,andhra-pradesh,1984,NIZAMABAD,758881,516393,68.05,TADUR BALA GOUD,parties.IN.INC,INC,251172,48.64,M. NARAYAN REDDY,parties.IN.TDP,TDP,248725,2447,0.47,src-31c65dbec869,minor,
IN-PC-1976-andhra-pradesh-35,andhra-pradesh,1984,ADILABAD,700294,428360,61.17,C. MADHAV REDDY,parties.IN.TDP,TDP,238440,55.66,C. NARISIMHA REDDY,parties.IN.INC,INC,183882,54558,12.73,src-31c65dbec869,minor,
IN-PC-1976-andhra-pradesh-36,andhra-pradesh,1984,PEDDAPALLI,852583,473876,55.58,GOTTE BHOOPATHY,parties.IN.TDP,TDP,246334,51.98,GANTA SRIHARI,parties.IN.INC,INC,199376,46958,9.91,src-31c65dbec869,minor,
IN-PC-1976-andhra-pradesh-37,andhra-pradesh,1984,KARIMNAGAR,836463,482312,57.66,JUVVADI CHOKKARAO,parties.IN.INC,INC,243357,50.46,CHENNA REDDY M.,parties.IN.IND,IND,164750,78607,16.3,src-31c65dbec869,minor,
IN-PC-1976-andhra-pradesh-38,andhra-pradesh,1984,HANAMKONDA,764721,503390,65.83,CHANDUPATLA JANGA REDDY,parties.IN.BJP,BJP,263762,52.4,P.V. NARASIMHA RAO,parties.IN.INC,INC,209564,54198,10.77,src-31c65dbec869,minor,
IN-PC-1976-andhra-pradesh-39,andhra-pradesh,1984,WARANGAL,742756,532750,71.73,T. KALPANA DEVI,parties.IN.TDP,TDP,232088,43.56,KAMALUDDIN AHMED,parties.IN.INC,INC,223632,8456,1.58,src-31c65dbec869,minor,
IN-PC-1976-andhra-pradesh-4,andhra-pradesh,1984,VISAKHAPATNAM,878786,547284,62.28,BHATTAM SREERAMA MURTHY,parties.IN.TDP,TDP,334399,61.1,APPALASWAMY KOMMURU ALIAS SANJEEVA RAO,parties.IN.INC,INC,193968,140431,25.66,src-31c65dbec869,minor,
IN-PC-1976-andhra-pradesh-40,andhra-pradesh,1984,KHAMMAM,792890,583968,73.65,JALAGAM VENGALA RAO,parties.IN.INC,INC,261056,44.7,NALLAMALA PRASAD RAO,parties.IN.CPI,CPI,169557,91499,15.66,src-31c65dbec869,minor,
IN-PC-1976-andhra-pradesh-41,andhra-pradesh,1984,NALGONDA,834650,548803,65.75,MALLAREDDY RAGUMA REDDY,parties.IN.TDP,TDP,324973,59.21,DAMODAR REDDY TUMMALPALLY,parties.IN.INC,INC,210563,114410,20.84,src-31c65dbec869,minor,
IN-PC-1976-andhra-pradesh-42,andhra-pradesh,1984,MIRYALGUDA,846549,602916,71.22,BHIMREDDY NARSIMHA REDDY,parties.IN.CPIM,CPM,282973,46.93,CHAKILAM SREENIVASA RAO,parties.IN.INC,INC,241218,41755,6.92,src-31c65dbec869,minor,
IN-PC-1976-andhra-pradesh-5,andhra-pradesh,1984,BHADRACHALAM,735992,388873,52.84,SODE RAMAIAH,parties.IN.CPI,CPI,195618,50.3,B.RADHABAI ANANDARAO,parties.IN.INC,INC,170978,24640,6.33,src-31c65dbec869,minor,
IN-PC-1976-andhra-pradesh-6,andhra-pradesh,1984,ANAKAPALLI,744527,489910,65.8,APPALANARASIMHAM P.,parties.IN.TDP,TDP,322347,65.8,APPALANAIDY S.R.A.S.,parties.IN.INC,INC,147531,174816,35.69,src-31c65dbec869,minor,
IN-PC-1976-andhra-pradesh-7,andhra-pradesh,1984,KAKINADA,804480,569750,70.82,THOTA GOPALA KRISHNA,parties.IN.TDP,TDP,344038,60.38,SANJEEVA RAO M.S.,parties.IN.INC,INC,214324,129714,22.76,src-31c65dbec869,minor,
IN-PC-1976-andhra-pradesh-8,andhra-pradesh,1984,RAJAHMUNDRY,815302,614265,75.34,SRIHARI RAO,parties.IN.TDP,TDP,381091,62.04,SATYANARAYANA RAO S.B.P.B.K.,parties.IN.INC,INC,227213,153878,25.05,src-31c65dbec869,minor,
IN-PC-1976-andhra-pradesh-9,andhra-pradesh,1984,AMALAPURAM,694686,518409,74.62,AITHABATHULA JOGESWARA VENKATA BUTHCI MAHESWARA RAO,parties.IN.TDP,TDP,317481,61.24,KUSUMA KRISHNA MURTHY,parties.IN.INC,INC,197750,119731,23.09,src-31c65dbec869,minor,
IN-PC-1976-arunachal-pradesh-1,arunachal-pradesh,1984,ARUNACHAL WEST,183170,131016,71.53,P.K.THANGON,parties.IN.INC,INC,56219,42.91,TOMO RIBA,parties.IN.PPA,PPA,55758,461,0.35,src-31c65dbec869,minor,
IN-PC-1976-arunachal-pradesh-2,arunachal-pradesh,1984,ARUNACHAL EAST,135879,95530,70.31,WANGPHA LOWANG,parties.IN.INC,INC,41912,43.87,BAKIN PERTIN,parties.IN.PPA,PPA,22697,19215,20.11,src-31c65dbec869,minor,
IN-PC-1976-bihar-1,bihar,1984,BAGAHA,708093,304522,43.01,BHOLA RAUT,parties.IN.INC,INC,209301,68.73,JAGANNATH PRASAD SWATANTRA,parties.IN.JP,JNP,43767,165534,54.36,src-31c65dbec869,minor,
IN-PC-1976-bihar-10,bihar,1984,MUZAFFARPUR,805213,548778,68.15,LALITESHWAR PRASAD SHAHI,parties.IN.INC,INC,325604,59.33,JAINARAYAN PRASAD NISHAD,parties.IN.LKD,LKD,176630,148974,27.14,src-31c65dbec869,minor,
IN-PC-1976-bihar-11,bihar,1984,SITAMARHI,878566,469981,53.49,RANSHRESTH KHIRHAR,parties.IN.INC,INC,217307,46.24,INDAL SINGH NAVIN,parties.IN.LKD,LKD,95763,121544,25.86,src-31c65dbec869,minor,
IN-PC-1976-bihar-12,bihar,1984,SHEOHAR,839483,485977,57.89,RAM DULARI SINGH,parties.IN.INC,INC,254881,52.45,HARI KISHOR SINGH,parties.IN.JP,JNP,174328,80553,16.58,src-31c65dbec869,minor,
IN-PC-1976-bihar-13,bihar,1984,MADHUBANI,846577,565339,66.78,ABDUL HANNAN AN,parties.IN.INC,INC,350684,62.03,BHOGENDRA JHA,parties.IN.CPI,CPI,201864,148820,26.32,src-31c65dbec869,minor,
IN-PC-1976-bihar-14,bihar,1984,JHANJHARPUR,782753,581972,74.35,GAURI SHANKAR RAJHANS,parties.IN.INC,INC,375745,64.56,DHANIK LAL MANDAL,parties.IN.LKD,LKD,170353,205392,35.29,src-31c65dbec869,minor,
IN-PC-1976-bihar-15,bihar,1984,DARBHANGA,770111,436415,56.67,VIJAY KUMAR MISHRA,parties.IN.LKD,LKD,224540,51.45,HARI NATH MISHRA,parties.IN.INC,INC,152373,72167,16.54,src-31c65dbec869,minor,
IN-PC-1976-bihar-16,bihar,1984,ROSERA,808683,465311,57.54,RAM BHAGAT PASWAN,parties.IN.INC,INC,268848,57.78,RAM SEWAK HAZARI,parties.IN.LKD,LKD,171630,97218,20.89,src-31c65dbec869,minor,
IN-PC-1976-bihar-17,bihar,1984,SAMASTIPUR,909700,567145,62.34,RAMDEO RAI,parties.IN.INC,INC,327585,57.76,KARPOORI THAKUR,parties.IN.LKD,LKD,219224,108361,19.11,src-31c65dbec869,minor,
IN-PC-1976-bihar-18,bihar,1984,BARH,853413,603538,70.72,PRAKASH CHANDRA,parties.IN.INC,INC,384719,63.74,DHARAMAVEER SINGH,parties.IN.ICS,ICS,161983,222736,36.9,src-31c65dbec869,minor,
IN-PC-1976-bihar-19,bihar,1984,BALIA,769052,481535,62.61,CHANDRA BHANU DEVI,parties.IN.INC,INC,246049,51.1,SURJ NARAYAN SINGH,parties.IN.CPI,CPI,122148,123901,25.73,src-31c65dbec869,minor,
IN-PC-1976-bihar-2,bihar,1984,BETTIAH,748524,401008,53.57,MANOJ KUMAR PANDE,parties.IN.INC,INC,223945,55.85,PITAMBAR SINGH,parties.IN.CPI,CPI,88677,135268,33.74,src-31c65dbec869,minor,
IN-PC-1976-bihar-20,bihar,1984,SAHARSA,913235,626702,68.62,CHANDRA KISHORE PATHAK,parties.IN.INC,INC,273793,43.69,VINAYAK PRASAD YADAV,parties.IN.LKD,LKD,165709,108084,17.25,src-31c65dbec869,minor,
IN-PC-1976-bihar-21,bihar,1984,MADHEPURA,836565,548212,65.53,MAHABIR PRASAD YADAV,parties.IN.INC,INC,298258,54.41,RAJENDRA PRASAD YADAV,parties.IN.LKD,LKD,222961,75297,13.74,src-31c65dbec869,minor,
IN-PC-1976-bihar-22,bihar,1984,ARARIA,791489,461247,58.28,DOOMAR LAL BAITHA,parties.IN.INC,INC,294582,63.87,MAHENDRA NASARDAR,parties.IN.LKD,LKD,95696,198886,43.12,src-31c65dbec869,minor,
IN-PC-1976-bihar-23,bihar,1984,KISHANGANJ,798096,433914,54.37,JAMILUR RAHMAN,parties.IN.INC,INC,191754,44.19,M. MUSHTAK,parties.IN.LKD,LKD,75624,116130,26.76,src-31c65dbec869,minor,
IN-PC-1976-bihar-24,bihar,1984,PURNEA,773952,432462,55.88,MADHUREE SINGH,parties.IN.INC,INC,294076,68,KAMAL NATHA JHA,parties.IN.LKD,LKD,103676,190400,44.03,src-31c65dbec869,minor,
IN-PC-1976-bihar-25,bihar,1984,KATIHAR,672232,459174,68.31,TARIQ ANWAR,parties.IN.INC,INC,229883,50.06,JUVRAJ,parties.IN.JP,JNP,183940,45943,10,src-31c65dbec869,minor,
IN-PC-1976-bihar-26,bihar,1984,RAJMAHAL,692614,308962,44.61,SETH HEMBROM,parties.IN.INC,INC,154676,50.06,SIMON MARANDI,parties.IN.JMM,JMM,75820,78856,25.52,src-31c65dbec869,minor,
IN-PC-1976-bihar-27,bihar,1984,DUMKA,708326,370588,52.32,PRITHIWI CHAND KISKU,parties.IN.INC,INC,199722,53.89,SHIBU SOREN,parties.IN.JMM,JMM,102535,97187,26.22,src-31c65dbec869,minor,
IN-PC-1976-bihar-28,bihar,1984,GODDA,786972,423885,53.86,SAMINUDDIN,parties.IN.INC,INC,192465,45.41,FALGUNI PRASAD YADDAV,parties.IN.BJP,BJP,72092,120373,28.4,src-31c65dbec869,minor,
IN-PC-1976-bihar-29,bihar,1984,BANKA,770286,478599,62.13,MANORMA SINGH,parties.IN.INC,INC,306703,64.08,JANARDAN YADAV,parties.IN.BJP,BJP,154731,151972,31.75,src-31c65dbec869,minor,
IN-PC-1976-bihar-3,bihar,1984,MOTIHARI,789198,427975,54.23,PRABHAWATI GUPTA,parties.IN.INC,INC,255980,59.81,KAMLA MISHRA MADHUKAR,parties.IN.CPI,CPI,111685,144295,33.71,src-31c65dbec869,minor,
IN-PC-1976-bihar-30,bihar,1984,BHAGALPUR,851928,561299,65.89,BHAGWAT JHA AZAD,parties.IN.INC,INC,228030,40.63,JAGESAR MANDAL,parties.IN.LKD,LKD,197545,30485,5.44,src-31c65dbec869,minor,
IN-PC-1976-bihar-31,bihar,1984,KHAGARIA,765769,481938,62.94,CHANDRA SHEKHAR PRASAD VERMA,parties.IN.INC,INC,252055,52.3,YOGESHWAR GOPE,parties.IN.CPIM,CPM,110529,141526,29.37,src-31c65dbec869,minor,
IN-PC-1976-bihar-32,bihar,1984,MONGHYR,862284,543826,63.07,DEVENDRA PD. YADAV,parties.IN.INC,INC,268328,49.34,BRAHMANAND SINGH,parties.IN.CPI,CPI,104985,163343,30.04,src-31c65dbec869,minor,
IN-PC-1976-bihar-33,bihar,1984,BEGUSARAI,834398,527813,63.26,KRISHNA SHAHI,parties.IN.INC,INC,387165,73.35,KAPIL DEO SINGH,parties.IN.JP,JNP,105529,281636,53.36,src-31c65dbec869,minor,
IN-PC-1976-bihar-34,bihar,1984,NALANDA,903642,623021,68.95,VIJAY KUMAR YADAV,parties.IN.CPI,CPI,230531,37,PANKAJ KUMAR SINHA,parties.IN.INC,INC,191060,39471,6.33,src-31c65dbec869,minor,
IN-PC-1976-bihar-35,bihar,1984,PATNA,963346,495684,51.45,C. P. THAKUR,parties.IN.INC,INC,214989,43.37,RAMAVATAR SHASHTRI,parties.IN.CPI,CPI,142808,72181,14.56,src-31c65dbec869,minor,
IN-PC-1976-bihar-36,bihar,1984,ARRAH,890008,427186,48,BALI RAM BHAGAT,parties.IN.INC,INC,227206,53.19,NOOR AHMAD,parties.IN.LKD,LKD,72284,154922,36.27,src-31c65dbec869,minor,
IN-PC-1976-bihar-37,bihar,1984,BUXAR,881047,449035,50.97,KAMLA KANT TIWARI,parties.IN.INC,INC,207732,46.26,TEJ NARAYAN SINGH,parties.IN.CPI,CPI,152030,55702,12.4,src-31c65dbec869,minor,
IN-PC-1976-bihar-38,bihar,1984,SASARAM,826256,429566,51.99,JAGJIWAN RAM,parties.IN.ICJ,ICJ,207275,48.25,MAHABIR PASWAN,parties.IN.INC,INC,205903,1372,0.32,src-31c65dbec869,minor,
IN-PC-1976-bihar-39,bihar,1984,BIKRAMGANJ,849458,583682,68.71,TAPESHWAR SINGH,parties.IN.INC,INC,283232,48.53,RAM AWADHESH SINGH,parties.IN.LKD,LKD,281819,1413,0.25,src-31c65dbec869,minor,
IN-PC-1976-bihar-4,bihar,1984,GOPALGANJ,785919,485309,61.75,KALI PRASAD PANDEY,parties.IN.IND,IND,287360,59.21,NAGINA ROY,parties.IN.LKD,LKD,110268,177092,36.49,src-31c65dbec869,minor,
IN-PC-1976-bihar-40,bihar,1984,AURANGABAD,826531,477527,57.77,SATYENDRA NARAIN SINGH,parties.IN.INC,INC,277567,58.13,SHANKAR DEYAL SINGH,parties.IN.JP,JNP,111532,166035,34.77,src-31c65dbec869,minor,
IN-PC-1976-bihar-41,bihar,1984,JAHANABAD,939919,743232,79.07,RAMASHARAY PD. SINGH,parties.IN.CPI,CPI,376640,50.68,MAHENDRA PRASAD,parties.IN.INC,INC,345664,30976,4.17,src-31c65dbec869,minor,
IN-PC-1976-bihar-42,bihar,1984,NAWADA,957846,545948,57,KUNWAR RAM,parties.IN.INC,INC,351358,64.36,PREM PRADEEP,parties.IN.CPIM,CPM,114256,237102,43.43,src-31c65dbec869,minor,
IN-PC-1976-bihar-43,bihar,1984,GAYA,811699,532473,65.6,RAM SWAROOP RAM,parties.IN.INC,INC,234195,43.98,ISHWAR CHAUDHARY,parties.IN.BJP,BJP,149760,84435,15.85,src-31c65dbec869,minor,
IN-PC-1976-bihar-44,bihar,1984,CHATRA,729752,374141,51.27,YOGESHWAR PRASAD YOGESH,parties.IN.INC,INC,211020,56.4,SHUKDEO PRASAD VERMA,parties.IN.ICJ,ICJ,54478,156542,41.84,src-31c65dbec869,minor,
IN-PC-1976-bihar-45,bihar,1984,KODARMA,766871,354686,46.25,TILAK DHARI SINGH,parties.IN.INC,INC,208731,58.85,RITLAL PD. VERMA,parties.IN.BJP,BJP,97348,111383,31.4,src-31c65dbec869,minor,
IN-PC-1976-bihar-46,bihar,1984,GIRIDIH,735849,365304,49.64,SARFRAJ AHMED,parties.IN.INC,INC,195519,53.52,BINOD BIHARI MAHTO,parties.IN.IND,IND,70766,124753,34.15,src-31c65dbec869,minor,
IN-PC-1976-bihar-47,bihar,1984,DHANBAD,923926,492912,53.35,SHANKAR DAYAL SINGH,parties.IN.INC,INC,203909,41.37,A.K.ROY,parties.IN.IND,IND,141614,62295,12.64,src-31c65dbec869,minor,
IN-PC-1976-bihar-48,bihar,1984,HAZARIBAGH,794720,370181,46.58,DAMODAR PANDEY,parties.IN.INC,INC,176762,47.75,BHUWANESHWAR PD. MEHTO,parties.IN.CPI,CPI,116381,60381,16.31,src-31c65dbec869,minor,
IN-PC-1976-bihar-49,bihar,1984,RANCHI,737569,329377,44.66,SHEO PRASAD SAHU,parties.IN.INC,INC,162945,49.47,RAM TAHAL CHOWDHARY,parties.IN.BJP,BJP,54384,108561,32.96,src-31c65dbec869,minor,
IN-PC-1976-bihar-5,bihar,1984,SIWAN,781000,415031,53.14,ABDUL GHAFOOR,parties.IN.INC,INC,250235,60.29,JANARDAN TIWARI,parties.IN.BJP,BJP,112243,137992,33.25,src-31c65dbec869,minor,
IN-PC-1976-bihar-50,bihar,1984,JAMSHEDPUR,752702,430721,57.22,GOPESHWAR,parties.IN.INC,INC,196965,45.73,TIKARAM MANJHI,parties.IN.CPI,CPI,130763,66202,15.37,src-31c65dbec869,minor,
IN-PC-1976-bihar-51,bihar,1984,SINGHBHUM,614503,231716,37.71,BEGUN SUMBRUI,parties.IN.INC,INC,103160,44.52,DEVENDRA MAJHI,parties.IN.IND,IND,42949,60211,25.98,src-31c65dbec869,minor,
IN-PC-1976-bihar-52,bihar,1984,KHUNTI,625719,237756,38,SIMON TIGGA,parties.IN.INC,INC,97721,41.1,NIREL ENEM HORO,parties.IN.IND,IND,64711,33010,13.88,src-31c65dbec869,minor,
IN-PC-1976-bihar-53,bihar,1984,LOHARDAGA,678981,264044,38.89,SUMATI ORAON,parties.IN.INC,INC,157284,59.57,LALIT ORAON,parties.IN.BJP,BJP,55217,102067,38.66,src-31c65dbec869,minor,
IN-PC-1976-bihar-54,bihar,1984,PALAMAU,754787,351294,46.54,KAMLA KUMARI,parties.IN.INC,INC,254846,72.54,RAM SUNDAR DAS,parties.IN.JP,JNP,69796,185050,52.67,src-31c65dbec869,minor,
IN-PC-1976-bihar-6,bihar,1984,MAHARAJGANJ,818305,404895,49.48,KRISHNAPRATAP SINGH,parties.IN.INC,INC,255462,63.09,RAM DEO SINGH,parties.IN.JP,JNP,121558,133904,33.07,src-31c65dbec869,minor,
IN-PC-1976-bihar-7,bihar,1984,CHAPRA,780710,455256,58.31,RAM BAHADUR SINGH,parties.IN.JP,JNP,163494,35.91,BHISHMAPRASAD YADAV,parties.IN.INC,INC,137488,26006,5.71,src-31c65dbec869,minor,
IN-PC-1976-bihar-8,bihar,1984,HAJIPUR,834167,587033,70.37,RAM RATAN RAM,parties.IN.INC,INC,314725,53.61,RAM BILAS PASWAN,parties.IN.LKD,LKD,263509,51216,8.72,src-31c65dbec869,minor,
IN-PC-1976-bihar-9,bihar,1984,VAISHALI,808346,563617,69.72,KISHORI SINHA,parties.IN.INC,INC,267546,47.47,TARKESHWARI SINHA,parties.IN.LKD,LKD,247593,19953,3.54,src-31c65dbec869,minor,
IN-PC-1976-chandigarh-1,chandigarh,1984,CHANDIGARH,229291,156143,68.1,JAGAN NATH KAUSHAL,parties.IN.INC,INC,103090,66.02,HARMOHAN DHAWAN,parties.IN.JP,JNP,36790,66300,42.46,src-31c65dbec869,minor,
IN-PC-1976-dadra-and-nagar-haveli-1,dadra-and-nagar-haveli,1984,DADRA & NAGAR HAVELI,54066,38380,70.99,GAVLI SITARAM JIVYABHAI,parties.IN.IND,IND,20852,54.33,MAHALA RAMJIBHAI POTIABHAI,parties.IN.INC,INC,15471,5381,14.02,src-31c65dbec869,minor,
IN-PC-1976-delhi-1,delhi,1984,NEW DELHI,304123,194413,63.93,KRSIHAN CHANDRA PANT,parties.IN.INC,INC,131932,67.86,KANWAR LAL GUPTA,parties.IN.BJP,BJP,59046,72886,37.49,src-31c65dbec869,minor,
IN-PC-1976-delhi-2,delhi,1984,SOUTH DELHI,522980,353499,67.59,LALIT MAKEN,parties.IN.INC,INC,215898,61.07,VIJAY KUMAR MALHOTRA,parties.IN.BJP,BJP,130847,85051,24.06,src-31c65dbec869,minor,
IN-PC-1976-delhi-3,delhi,1984,OUTER DELHI,854302,502376,58.81,BHARAT SINGH,parties.IN.INC,INC,365454,72.75,TARIF SINGH,parties.IN.LKD,LKD,115777,249677,49.7,src-31c65dbec869,minor,
IN-PC-1976-delhi-4,delhi,1984,EAST DELHI,832324,501822,60.29,H.K.L.BHAGAT,parties.IN.INC,INC,386150,76.95,KISHORE LAL,parties.IN.JP,JNP,73970,312180,62.21,src-31c65dbec869,minor,
IN-PC-1976-delhi-5,delhi,1984,CHANDNI CHOWK,283849,201701,71.06,JAI PARKASH AGARWAL,parties.IN.INC,INC,122069,60.52,SIKANDER BAKHT,parties.IN.BJP,BJP,74993,47076,23.34,src-31c65dbec869,minor,
IN-PC-1976-delhi-6,delhi,1984,DELHI SADAR,367575,250108,68.04,JAGDISH TYTLER,parties.IN.INC,INC,155333,62.11,MADAN LAL KHURANA,parties.IN.BJP,BJP,89480,65853,26.33,src-31c65dbec869,minor,
IN-PC-1976-delhi-7,delhi,1984,KAROL BAGH,331628,220064,66.36,SUNDERWATI NAWAL PRABHAKAR,parties.IN.INC,INC,151416,68.81,SURENDER PAL RATHWAL,parties.IN.BJP,BJP,64844,86572,39.34,src-31c65dbec869,minor,
IN-PC-1976-gujarat-1,gujarat,1984,KUTCH,557750,296597,53.18,USHABEN RAGHAVJI THAKKAR,parties.IN.INC,INC,129624,43.7,MAHIPATRAY MULSHANKER MEHTA,parties.IN.LKD,LKD,99539,30085,10.14,src-31c65dbec869,minor,
IN-PC-1976-gujarat-10,gujarat,1984,AHMEDABAD,766276,454232,59.28,HAROOBHAI MEHTA,parties.IN.INC,INC,231751,51.02,ASHOK BHATT,parties.IN.BJP,BJP,198614,33137,7.29,src-31c65dbec869,minor,
IN-PC-1976-gujarat-11,gujarat,1984,GANDHINAGAR,929582,533963,57.44,G.I.PATEL,parties.IN.INC,INC,250126,46.84,INDUBHAI CHATURBHAI PATEL,parties.IN.JP,JNP,247372,2754,0.51,src-31c65dbec869,minor,
IN-PC-1976-gujarat-12,gujarat,1984,MEHSANA,761766,543999,71.41,A.K.PATEL,parties.IN.BJP,BJP,287555,52.86,RAYANKA SAGARBHAI KALYANBHAI,parties.IN.INC,INC,243659,43896,8.07,src-31c65dbec869,minor,
IN-PC-1976-gujarat-13,gujarat,1984,PATAN,730084,386538,52.94,VANKAR PUNAMCHAND MITHABHAI,parties.IN.INC,INC,183052,47.36,CHAVDA KHEMCHANDBHAI SOMBHAI,parties.IN.JP,JNP,176265,6787,1.76,src-31c65dbec869,minor,
IN-PC-1976-gujarat-14,gujarat,1984,BANASKANTHA,697543,384786,55.16,B.K.GADHVI,parties.IN.INC,INC,182674,47.47,CHAVDA HARISINHJI PRATAPSINHJI,parties.IN.JP,JNP,155391,27283,7.09,src-31c65dbec869,minor,
IN-PC-1976-gujarat-15,gujarat,1984,SABARKANTHA,727250,443237,60.95,H.M.PATEL,parties.IN.JP,JNP,208477,47.04,SHANTUBHAI CHUNIBHAI PATEL,parties.IN.INC,INC,201718,6759,1.53,src-31c65dbec869,minor,
IN-PC-1976-gujarat-16,gujarat,1984,KAPADVANJ,744151,447256,60.1,SOLANKI NATAVERSINGH KESARISINGHJI,parties.IN.INC,INC,229664,51.35,GABHAJI MANGAJI THAKOR,parties.IN.BJP,BJP,197340,32324,7.23,src-31c65dbec869,minor,
IN-PC-1976-gujarat-17,gujarat,1984,DOHAD,667758,251863,37.72,DAMOR SOMJIBHAI PUNJABHAI,parties.IN.INC,INC,169944,67.47,HATHILA NARSINHBHAI KANJIBHAI,parties.IN.JP,JNP,55207,114737,45.55,src-31c65dbec869,minor,
IN-PC-1976-gujarat-18,gujarat,1984,GODHRA,662634,341861,51.59,JAYDEEPSINHJI,parties.IN.INC,INC,205741,60.18,SOLANKI GOPALSINH GULABSINH,parties.IN.BJP,BJP,119894,85847,25.11,src-31c65dbec869,minor,
IN-PC-1976-gujarat-19,gujarat,1984,KAIRA,741211,444179,59.93,AJITSINH FULSINHJI DYABHAI,parties.IN.INC,INC,292019,65.74,SATYAM PATEL,parties.IN.LKD,LKD,144586,147433,33.19,src-31c65dbec869,minor,
IN-PC-1976-gujarat-2,gujarat,1984,SURENDRANAGAR,656235,362578,55.25,JHALA DIGIVIJAYSINHJI PRATAPSINHJI,parties.IN.INC,INC,191632,52.85,SHAH BABULAL,parties.IN.BJP,BJP,155254,36378,10.03,src-31c65dbec869,minor,
IN-PC-1976-gujarat-20,gujarat,1984,ANAND,726873,488582,67.22,ISHVERBHAI KHODABHAI CHAVADA,parties.IN.INC,INC,250877,51.35,MANUBHAI DAHYABHAI PATEL,parties.IN.JP,JNP,175704,75173,15.39,src-31c65dbec869,minor,
IN-PC-1976-gujarat-21,gujarat,1984,CHHOTA UDAIPUR,681795,350902,51.47,RATHWA AMARSINH VIRIYABHAI,parties.IN.INC,INC,222414,63.38,KOLIDHOR BHIMSINHBHAI NAGJIBHAI,parties.IN.JP,JNP,110427,111987,31.91,src-31c65dbec869,minor,
IN-PC-1976-gujarat-22,gujarat,1984,BARODA,860270,525592,61.1,GAEKWAD RANJITSINH PRATAPSHINH,parties.IN.INC,INC,296716,56.45,JASPALSING NIRANJANSING,parties.IN.BJP,BJP,144164,152552,29.02,src-31c65dbec869,minor,
IN-PC-1976-gujarat-23,gujarat,1984,BROACH,712414,430877,60.48,PATEL AHMEDBHAI MOHAMMEDBHAI,parties.IN.INC,INC,271458,63,DESHMUKH CHANDUBHAI SHANABHAI,parties.IN.JP,JNP,148389,123069,28.56,src-31c65dbec869,minor,
IN-PC-1976-gujarat-24,gujarat,1984,SURAT,905831,534169,58.97,PATEL CHHAGANBHAI DEVABHAI,parties.IN.INC,INC,286928,53.71,RANA KASHIRAM CHHABILDAS,parties.IN.BJP,BJP,236253,50675,9.48,src-31c65dbec869,minor,
IN-PC-1976-gujarat-25,gujarat,1984,MANDVI,704976,392385,55.66,GAMIT CHHITUBHAI DEVJIBHAI,parties.IN.INC,INC,239862,61.13,AMARSINH ZINABHAI CHAUDHARY,parties.IN.JP,JNP,134339,105523,26.89,src-31c65dbec869,minor,
IN-PC-1976-gujarat-26,gujarat,1984,BULSAR,739221,395555,53.51,PATEL UTTAMBHAI HARJIBHAI,parties.IN.INC,INC,220217,55.67,PATEL KANJIBHAI MAGANBHAI,parties.IN.BJP,BJP,165527,54690,13.82,src-31c65dbec869,minor,
IN-PC-1976-gujarat-3,gujarat,1984,JAMNAGAR,639311,340991,53.34,JADEJA DAULATSINH PARTAP SINH,parties.IN.INC,INC,177317,52,CHELUBHAI RAMBHAI,parties.IN.IND,IND,154227,23090,6.77,src-31c65dbec869,minor,
IN-PC-1976-gujarat-4,gujarat,1984,RAJKOT,827629,407785,49.27,MAVANI RAMABEN RAMJIBHAI,parties.IN.INC,INC,225360,55.26,SHUKLA CHIMANBHAI HARILAL,parties.IN.BJP,BJP,167770,57590,14.12,src-31c65dbec869,minor,
IN-PC-1976-gujarat-5,gujarat,1984,PORBANDAR,681087,341332,50.12,ODEDARA BHARATBHAI MALDEVJI,parties.IN.INC,INC,205262,60.14,AMIN RAMADAS KISHORDAS (R.K.AMIN),parties.IN.BJP,BJP,127311,77951,22.84,src-31c65dbec869,minor,
IN-PC-1976-gujarat-6,gujarat,1984,JUNAGADH,693720,357549,51.54,PATEL MOHANBHAI LALJIBHAI,parties.IN.INC,INC,188441,52.7,RAMNIKBHAI DHAMI,parties.IN.JP,JNP,156498,31943,8.93,src-31c65dbec869,minor,
IN-PC-1976-gujarat-7,gujarat,1984,AMRELI,642376,392302,61.07,RAVANI NAVINCHANDRABHAI PARMANANDDAS,parties.IN.INC,INC,208205,53.07,PATELDWARKADAS MOHAN LAL,parties.IN.IND,IND,170337,37868,9.65,src-31c65dbec869,minor,
IN-PC-1976-gujarat-8,gujarat,1984,BHAVNAGAR,694984,351914,50.64,GOHIL GIGABHAI BHAVUBHAI,parties.IN.INC,INC,132444,37.64,MEHTA PRASANNVADAN MANILAL,parties.IN.JP,JNP,121449,10995,3.13,src-31c65dbec869,minor,
IN-PC-1976-gujarat-9,gujarat,1984,DHANDHUKA,691033,376637,54.5,NARSINHBHAI KARSANBHAI MAKWANA,parties.IN.INC,INC,194403,51.62,RATILAL KALIDAS VERMA,parties.IN.BJP,BJP,171787,22616,6.01,src-31c65dbec869,minor,
IN-PC-1976-haryana-1,haryana,1984,AMBALA,694840,475553,68.44,RAM PRAKASH,parties.IN.INC,INC,283062,59.52,SURAJ BHAN,parties.IN.BJP,BJP,105710,177352,37.29,src-31c65dbec869,minor,
IN-PC-1976-haryana-10,haryana,1984,SIRSA,786717,508299,64.61,DALBIR SINGH,parties.IN.INC,INC,277855,54.66,MANI RAM,parties.IN.LKD,LKD,195923,81932,16.12,src-31c65dbec869,minor,
IN-PC-1976-haryana-2,haryana,1984,KURUKSHETRA,727716,508712,69.91,HARPAL SINGH,parties.IN.INC,INC,275112,54.08,MANOHAR LAL,parties.IN.LKD,LKD,131836,143276,28.16,src-31c65dbec869,minor,
IN-PC-1976-haryana-3,haryana,1984,KARNAL,746675,507586,67.98,CHIRANJI LAL,parties.IN.INC,INC,247063,48.67,DEVI SINGH,parties.IN.ICJ,ICJ,148111,98952,19.49,src-31c65dbec869,minor,
IN-PC-1976-haryana-4,haryana,1984,SONEPAT,782505,501658,64.11,DHARAM PAL SINGH,parties.IN.INC,INC,243491,48.54,DEVI LAL,parties.IN.LKD,LKD,240550,2941,0.59,src-31c65dbec869,minor,
IN-PC-1976-haryana-5,haryana,1984,ROHTAK,742030,439037,59.17,HARDWARI LAL,parties.IN.INC,INC,216294,49.27,SARUP SINGH,parties.IN.LKD,LKD,185363,30931,7.05,src-31c65dbec869,minor,
IN-PC-1976-haryana-6,haryana,1984,FARIDABAD,869828,528050,60.71,RAHIM KHAN,parties.IN.INC,INC,285214,54.01,TAYYAB HUSSAIN,parties.IN.ICJ,ICJ,150843,134371,25.44,src-31c65dbec869,minor,
IN-PC-1976-haryana-7,haryana,1984,MAHENDRAGARH,855878,594892,69.51,BIRENDER SINGH,parties.IN.INC,INC,360971,60.68,RAM BILAS,parties.IN.BJP,BJP,130757,230214,38.7,src-31c65dbec869,minor,
IN-PC-1976-haryana-8,haryana,1984,BHIWANI,782290,526063,67.25,BANSI LAL,parties.IN.INC,INC,347226,66,JAI NARAIN,parties.IN.ICJ,ICJ,160149,187077,35.56,src-31c65dbec869,minor,
IN-PC-1976-haryana-9,haryana,1984,HISSAR,737467,483557,65.57,BIRINDER SINGH,parties.IN.INC,INC,251367,51.98,OM PARKASH,parties.IN.LKD,LKD,200161,51206,10.59,src-31c65dbec869,minor,
IN-PC-1976-himachal-pradesh-1,himachal-pradesh,1984,SIMLA,565179,306320,54.2,KRISHAN DUTT SULTANPURI,parties.IN.INC,INC,244010,79.66,KIRPAL DHARAMPURI,parties.IN.JP,JNP,47719,196291,64.08,src-31c65dbec869,minor,
IN-PC-1976-himachal-pradesh-2,himachal-pradesh,1984,MANDI,589790,331973,56.29,SUKH RAM,parties.IN.INC,INC,224146,67.52,MADHUKAR,parties.IN.BJP,BJP,92495,131651,39.66,src-31c65dbec869,minor,
IN-PC-1976-himachal-pradesh-3,himachal-pradesh,1984,KANGRA,568075,371954,65.48,CHANDRESH KUMARI,parties.IN.INC,INC,232287,62.45,SARVAN KUMAR,parties.IN.BJP,BJP,114854,117433,31.57,src-31c65dbec869,minor,
IN-PC-1976-himachal-pradesh-4,himachal-pradesh,1984,HAMIRPUR,590980,384592,65.08,NARAIN CHAND,parties.IN.INC,INC,242214,62.98,PREM KUMAR DHUMEL,parties.IN.BJP,BJP,117281,124933,32.49,src-31c65dbec869,minor,
IN-PC-1976-jammu-and-kashmir-1,jammu-and-kashmir,1984,BARAMULLA,571205,336293,58.87,SAIF -UD- DIN SOZ,parties.IN.JKNC,JKN,234357,69.69,MOHI -UD -DIN -WANI,parties.IN.IND,IND,93938,140419,41.76,src-31c65dbec869,minor,
IN-PC-1976-jammu-and-kashmir-2,jammu-and-kashmir,1984,SRINAGAR,640514,452936,70.71,ABDUL RASHID KABULI,parties.IN.JKNC,JKN,367249,81.08,MUZAFFER AHMED SHAH,parties.IN.IND,IND,80972,286277,63.2,src-31c65dbec869,minor,
IN-PC-1976-jammu-and-kashmir-3,jammu-and-kashmir,1984,ANANTNAG,611518,411826,67.34,AKBAR JAHAN BEGUM,parties.IN.JKNC,JKN,240973,58.51,PEER HUSSAN-UD-DIN,parties.IN.INC,INC,158963,82010,19.91,src-31c65dbec869,minor,
IN-PC-1976-jammu-and-kashmir-4,jammu-and-kashmir,1984,LADAKH,89717,59428,66.24,PHUNTSOG NAMGYAL,parties.IN.INC,INC,33037,55.59,QAMAR ALI,parties.IN.JKNC,JKN,25060,7977,13.42,src-31c65dbec869,minor,
IN-PC-1976-jammu-and-kashmir-5,jammu-and-kashmir,1984,UDHAMPUR,675228,362630,53.7,GIRDHARI LAL DOGRA,parties.IN.INC,INC,206639,56.98,BHIM SINGH,parties.IN.JPP,JPP,95149,111490,30.74,src-31c65dbec869,minor,
IN-PC-1976-jammu-and-kashmir-6,jammu-and-kashmir,1984,JAMMU,811828,565043,69.6,JANAK RAJ GUPTA,parties.IN.INC,INC,262796,46.51,SHABIR AHMED SALARIA,parties.IN.JKNC,JKN,142604,120192,21.27,src-31c65dbec869,minor,
IN-PC-1976-karnataka-1,karnataka,1984,BIDAR,769422,337013,43.8,NASING SURYAVANSI,parties.IN.INC,INC,179836,53.36,RAJENDRA VERMA,parties.IN.BJP,BJP,120221,59615,17.69,src-31c65dbec869,minor,
IN-PC-1976-karnataka-10,karnataka,1984,KOLAR,714137,461385,64.61,V. VENKATESH,parties.IN.JP,JNP,239562,51.92,G. Y. KRISHNAN,parties.IN.INC,INC,194797,44765,9.7,src-31c65dbec869,minor,
IN-PC-1976-karnataka-11,karnataka,1984,KANAKAPURA,903602,638720,70.69,M. V. CHANDRASHEKARA MURTHY,parties.IN.INC,INC,305210,47.78,P. G. R. SINDHIYA,parties.IN.JP,JNP,298184,7026,1.1,src-31c65dbec869,minor,
IN-PC-1976-karnataka-12,karnataka,1984,BANGALORE NORTH,869205,509062,58.57,C. K. JAFFER SHARIEF,parties.IN.INC,INC,260279,51.13,GEORGE FERNANDES,parties.IN.JP,JNP,218733,41546,8.16,src-31c65dbec869,minor,
IN-PC-1976-karnataka-13,karnataka,1984,BANGALORE SOUTH,987244,556427,56.36,V. S. KRISHNA IYER,parties.IN.JP,JNP,264765,47.58,K. VENKATAGIRI GOWDA,parties.IN.INC,INC,252033,12732,2.29,src-31c65dbec869,minor,
IN-PC-1976-karnataka-14,karnataka,1984,MANDYA,722855,545109,75.41,K. V. SHANKARAGOWDA,parties.IN.JP,JNP,319176,58.55,S. M. KRISHNA,parties.IN.INC,INC,198780,120396,22.08,src-31c65dbec869,minor,
IN-PC-1976-karnataka-15,karnataka,1984,CHAMARAJANAGAR,719216,447713,62.25,V. SREENIVASA PRASAD,parties.IN.INC,INC,240665,53.75,G. N. MALLESHAIAH,parties.IN.JP,JNP,160012,80653,18.01,src-31c65dbec869,minor,
IN-PC-1976-karnataka-16,karnataka,1984,MYSORE,751631,452885,60.25,SRIKANTADATTA NARASIMHARAJA WADIYAR,parties.IN.INC,INC,247754,54.71,K. P. SHANTHAMURTHY,parties.IN.IND,IND,183144,64610,14.27,src-31c65dbec869,minor,
IN-PC-1976-karnataka-17,karnataka,1984,MANGALORE,670001,482800,72.06,JANARDHANA POOJARY,parties.IN.INC,INC,299490,62.03,K. RAMA BHAT,parties.IN.BJP,BJP,180091,119399,24.73,src-31c65dbec869,minor,
IN-PC-1976-karnataka-18,karnataka,1984,UDUPI,650251,460814,70.87,OSCAR FERNANDES,parties.IN.INC,INC,287412,62.37,K. S. HEGDE,parties.IN.BJP,BJP,145076,142336,30.89,src-31c65dbec869,minor,
IN-PC-1976-karnataka-19,karnataka,1984,HASSAN,774758,536111,69.2,H. N. NANJEGOWDA,parties.IN.INC,INC,265488,49.52,K. B. MALLAPPA,parties.IN.JP,JNP,233519,31969,5.96,src-31c65dbec869,minor,
IN-PC-1976-karnataka-2,karnataka,1984,GULBARGA,768520,401269,52.21,VEERENIRA PATIL,parties.IN.INC,INC,235751,58.75,VIDYADHAR GURUJI,parties.IN.JP,JNP,140261,95490,23.8,src-31c65dbec869,minor,
IN-PC-1976-karnataka-20,karnataka,1984,CHIKMAGALUR,677667,435137,64.21,D. K. TARADEVI,parties.IN.INC,INC,268912,61.8,B. K. SUNDARESH,parties.IN.CPI,CPI,128872,140040,32.18,src-31c65dbec869,minor,
IN-PC-1976-karnataka-21,karnataka,1984,SHIMOGA,745840,516801,69.29,T. V. CHANDRASHEKARAPPA,parties.IN.INC,INC,299038,57.86,D. G. SHIVANNAGOWDA,parties.IN.BJP,BJP,175364,123674,23.93,src-31c65dbec869,minor,
IN-PC-1976-karnataka-22,karnataka,1984,KANARA,732187,471741,64.43,G. DEVARAY NAIK,parties.IN.INC,INC,237064,50.25,G. S. HEGDE AJJIBAL,parties.IN.JP,JNP,187866,49198,10.43,src-31c65dbec869,minor,
IN-PC-1976-karnataka-23,karnataka,1984,DHARWAD SOUTH,700921,485203,69.22,AZEEZ SAIT,parties.IN.INC,INC,257834,53.14,ABDUL NAIRSAB,parties.IN.JP,JNP,200227,57607,11.87,src-31c65dbec869,minor,
IN-PC-1976-karnataka-24,karnataka,1984,DHARWAD NORTH,719826,439404,61.04,NAIKAR DYAMAPPA KALLAPPA,parties.IN.INC,INC,229865,52.31,S. I. SHETTAR,parties.IN.JP,JNP,185014,44851,10.2,src-31c65dbec869,minor,
IN-PC-1976-karnataka-25,karnataka,1984,BELGAUM,771731,474671,61.51,SIDNAL SHANMUKHAPPA BASAPPA,parties.IN.INC,INC,202506,42.66,APPAYYAGOUDA BASAGOUDA PATIL,parties.IN.JP,JNP,166966,35540,7.48,src-31c65dbec869,minor,
IN-PC-1976-karnataka-26,karnataka,1984,CHIKKODI,705279,477292,67.67,B. SHANKARANAD,parties.IN.INC,INC,228030,47.78,ANNAPPA KALLAPPA RAYANNAVAR,parties.IN.JP,JNP,224385,3645,0.77,src-31c65dbec869,minor,
IN-PC-1976-karnataka-27,karnataka,1984,BAGALKOT,728816,471652,64.71,PATIL HANMANTAGOUDA BHIMANAGOUDA,parties.IN.INC,INC,234955,49.82,NADAGOUDA MALLANGAGOUDA PRAVATAGOUDA,parties.IN.JP,JNP,224443,10512,2.23,src-31c65dbec869,minor,
IN-PC-1976-karnataka-28,karnataka,1984,BIJAPUR,707905,425210,60.07,GURADDI SHIVASHANKAREPPA MALLAPPA,parties.IN.JP,JNP,206737,48.62,CHOUDHARI RAYAGONDAPPA BHIMANNA,parties.IN.INC,INC,204318,2419,0.57,src-31c65dbec869,minor,
IN-PC-1976-karnataka-3,karnataka,1984,RAICHUR,734816,392451,53.41,B. V. DESAI,parties.IN.INC,INC,212244,54.08,VISHWANATH REDDY,parties.IN.JP,JNP,154858,57386,14.62,src-31c65dbec869,minor,
IN-PC-1976-karnataka-4,karnataka,1984,KOPPAL,777786,459573,59.09,H. G. RAMULU,parties.IN.INC,INC,238466,51.89,K. PAPARAO VEERAYYA,parties.IN.JP,JNP,180515,57951,12.61,src-31c65dbec869,minor,
IN-PC-1976-karnataka-5,karnataka,1984,BELLARY,768267,493575,64.25,BASAVARAJESWARI,parties.IN.INC,INC,276640,56.05,M. P. PRAKASH,parties.IN.JP,JNP,204354,72286,14.65,src-31c65dbec869,minor,
IN-PC-1976-karnataka-6,karnataka,1984,DAVANGERE,790941,536196,67.79,CHANNAIAH ODEYAR,parties.IN.INC,INC,290003,54.09,K. G. MAHESWARAPPA,parties.IN.JP,JNP,224262,65741,12.27,src-31c65dbec869,minor,
IN-PC-1976-karnataka-7,karnataka,1984,CHITRADURGA,773621,533729,68.99,K. H. RANGANATH,parties.IN.INC,INC,279146,52.3,B. L. GOWDA,parties.IN.JP,JNP,222335,56811,10.64,src-31c65dbec869,minor,
IN-PC-1976-karnataka-8,karnataka,1984,TUMKUR,715198,520111,72.72,G. S. BASAVARAJU,parties.IN.INC,INC,265249,51,Y. K. RAMAIAH,parties.IN.JP,JNP,234839,30410,5.85,src-31c65dbec869,minor,
IN-PC-1976-karnataka-9,karnataka,1984,CHIKBALLAPUR,750841,544943,72.58,V. KRISHNA RAO,parties.IN.INC,INC,282279,51.8,R. L .JALAPPA,parties.IN.JP,JNP,237965,44314,8.13,src-31c65dbec869,minor,
IN-PC-1976-kerala-1,kerala,1984,KASARAGOD,745222,577331,77.47,I. RAMA RAI,parties.IN.INC,INC,262904,45.54,BALANANDAN,parties.IN.CPIM,CPM,251535,11369,1.97,src-31c65dbec869,minor,
IN-PC-1976-kerala-10,kerala,1984,MUKUNDAPURAM,703029,564866,80.35,K. MOHANDAS,parties.IN.KECJ,KEC(J),290594,51.44,M. M. LAWRENCE,parties.IN.CPIM,CPM,246209,44385,7.85,src-31c65dbec869,minor,
IN-PC-1976-kerala-11,kerala,1984,ERNAKULAM,727741,547865,75.28,K. V. THOMAS,parties.IN.INC,INC,277374,50.63,A. A. KOCHUNNY MASTER,parties.IN.ICS,ICS,207050,70324,12.84,src-31c65dbec869,minor,
IN-PC-1976-kerala-12,kerala,1984,MUVATTUPUZHA,690388,519776,75.29,GEORGE JOSEPH MUNDAKKAL (BABY),parties.IN.KECJ,KEC(J),307519,59.16,P. P. ESTHOSE,parties.IN.CPIM,CPM,199319,108200,20.81,src-31c65dbec869,minor,
IN-PC-1976-kerala-13,kerala,1984,KOTTAYAM,695101,556784,80.1,SURESH KURUP,parties.IN.CPIM,CPM,264444,47.49,SKARIA THOMAS,parties.IN.KEC,KEC,258591,5853,1.05,src-31c65dbec869,minor,
IN-PC-1976-kerala-14,kerala,1984,IDUKKI,717790,534172,74.42,P. J. KURIAN,parties.IN.INC,INC,308056,57.67,C. A. KURIAN,parties.IN.CPI,CPI,177432,130624,24.45,src-31c65dbec869,minor,
IN-PC-1976-kerala-15,kerala,1984,ALLEPPEY,701138,584666,83.39,VAKKON PURUSHOTHAMAN,parties.IN.INC,INC,303732,51.95,SUSEELA GOPALAN,parties.IN.CPIM,CPM,265968,37764,6.46,src-31c65dbec869,minor,
IN-PC-1976-kerala-16,kerala,1984,MAVELIKARA,673469,499463,74.16,THAMPAN THOMAS,parties.IN.JP,JNP,232339,46.52,T. N. UPENDRANATHA KURUP,parties.IN.IND,IND,231052,1287,0.26,src-31c65dbec869,minor,
IN-PC-1976-kerala-17,kerala,1984,ADOOR,674208,505878,75.03,K. K. KUNHAMBU,parties.IN.INC,INC,273463,54.06,P. K. RAGHAVAN,parties.IN.CPI,CPI,222491,50972,10.08,src-31c65dbec869,minor,
IN-PC-1976-kerala-18,kerala,1984,QUILON,726304,562086,77.39,S. KRISHNA KUMAR,parties.IN.INC,INC,279728,49.77,R. S. UNNI,parties.IN.IND,IND,259371,20357,3.63,src-31c65dbec869,minor,
IN-PC-1976-kerala-19,kerala,1984,CHIRAYINKIL,728111,525386,72.16,THALEKKUNNIL BASHEER,parties.IN.INC,INC,266230,50.67,K. SUDHAKARAN,parties.IN.CPIM,CPM,234765,31465,5.99,src-31c65dbec869,minor,
IN-PC-1976-kerala-2,kerala,1984,CANNANORE,693093,559056,80.66,MULIAPPALLI RAMACHANDRAN,parties.IN.INC,INC,288791,51.66,PATTIAM RAJAN,parties.IN.CPIM,CPM,263738,25053,4.48,src-31c65dbec869,minor,
IN-PC-1976-kerala-20,kerala,1984,TRIVANDRUM,786593,557700,70.9,A. CHARLES,parties.IN.INC,INC,239791,43,A. NEELA LOHITHADASAN NADAR,parties.IN.LKD,LKD,186353,53438,9.59,src-31c65dbec869,minor,
IN-PC-1976-kerala-3,kerala,1984,BADAGARA,740431,579462,78.26,K. P. UNNIKRISHNAN,parties.IN.ICS,ICS,270416,46.67,K. M. RADHAKRISHNAN,parties.IN.IND,IND,259437,10979,1.9,src-31c65dbec869,minor,
IN-PC-1976-kerala-4,kerala,1984,CALICUT,706343,556858,78.84,K. G. ADIYODI,parties.IN.INC,INC,278216,49.96,MOIDEENKUTTY HAJI (BAVAE HAJI),parties.IN.IML,IML,224155,54061,9.71,src-31c65dbec869,minor,
IN-PC-1976-kerala-5,kerala,1984,MANJERI,736698,564898,76.68,EBRAHIM SULAMAN SAIT,parties.IN.IUML,MUL,287538,50.9,E. K. IMBICHI BAVA,parties.IN.CPIM,CPM,216363,71175,12.6,src-31c65dbec869,minor,
IN-PC-1976-kerala-6,kerala,1984,PONNANI,718121,492911,68.64,G. M. BANATWALLA,parties.IN.IUML,MUL,288216,58.47,KOLADI GOVINDANKUTTY,parties.IN.CPI,CPI,185890,102326,20.76,src-31c65dbec869,minor,
IN-PC-1976-kerala-7,kerala,1984,PALGHAT,731568,556296,76.04,V. S. VIJAYARAGHAVAN,parties.IN.INC,INC,287170,51.62,T. SIVADASA MENON,parties.IN.CPIM,CPM,249017,38153,6.86,src-31c65dbec869,minor,
IN-PC-1976-kerala-8,kerala,1984,OTTAPALAM,705020,530080,75.19,K. R. NARAYANAN,parties.IN.INC,INC,290177,54.74,A. K. BALAN,parties.IN.CPIM,CPM,234607,55570,10.48,src-31c65dbec869,minor,
IN-PC-1976-kerala-9,kerala,1984,TRICHUR,675704,517477,76.58,P. A. ANTONY,parties.IN.INC,INC,268683,51.92,V. V. RAGHAVAN,parties.IN.CPI,CPI,217393,51290,9.91,src-31c65dbec869,minor,
IN-PC-1976-lakshadweep-1,lakshadweep,1984,LAKSHADWEEP,21964,19023,86.61,MOHAMMAD SAYEED PADANNATHA,parties.IN.INC,INC,10361,54.47,MOHAMMADKOYA KUNNAMAKULAM,parties.IN.IND,IND,8662,1699,8.94,src-31c65dbec869,minor,
IN-PC-1976-madhya-pradesh-1,madhya-pradesh,1984,MORENA,740577,329052,44.43,KAMMODILAL JATAV,parties.IN.INC,INC,157683,47.92,MUNSILAL,parties.IN.BJP,BJP,136115,21568,6.55,src-31c65dbec869,minor,
IN-PC-1976-madhya-pradesh-10,madhya-pradesh,1984,SIDHI,743683,361219,48.57,MOTILAL SINGH,parties.IN.INC,INC,223248,61.8,JAGANNATH SINGH,parties.IN.BJP,BJP,103279,119969,33.21,src-31c65dbec869,minor,
IN-PC-1976-madhya-pradesh-11,madhya-pradesh,1984,SHAHDOL,716012,315148,44.01,DALBIR SINGH,parties.IN.INC,INC,193579,61.42,GYAN SINGH,parties.IN.BJP,BJP,53322,140257,44.5,src-31c65dbec869,minor,
IN-PC-1976-madhya-pradesh-12,madhya-pradesh,1984,SURGUJA,673662,324875,48.23,VIJAI PRATAP SINGH,parties.IN.INC,INC,180878,55.68,LARANG SAI,parties.IN.BJP,BJP,93708,87170,26.84,src-31c65dbec869,minor,
IN-PC-1976-madhya-pradesh-13,madhya-pradesh,1984,RAIGARH,645887,346796,53.69,PUSHPA DEVI,parties.IN.INC,INC,216777,62.51,NAND KUMAR SAI,parties.IN.BJP,BJP,103986,112791,32.53,src-31c65dbec869,minor,
IN-PC-1976-madhya-pradesh-14,madhya-pradesh,1984,JANJGIR,722845,364638,50.44,PRABHAT KUMAR MISHRA,parties.IN.INC,INC,213710,58.61,BADRI DHAR DIWAN,parties.IN.BJP,BJP,61530,152180,41.74,src-31c65dbec869,minor,
IN-PC-1976-madhya-pradesh-15,madhya-pradesh,1984,BILASPUR,650819,337427,51.85,KHELAN RAM JANGDE,parties.IN.INC,INC,213395,63.24,GOVINDRAM MIRI,parties.IN.BJP,BJP,99128,114267,33.86,src-31c65dbec869,minor,
IN-PC-1976-madhya-pradesh-16,madhya-pradesh,1984,SARANGARH,706488,352675,49.92,PARASRAM BHARADWAJ,parties.IN.INC,INC,232861,66.03,RESHAMLAL JANGDE,parties.IN.BJP,BJP,67682,165179,46.84,src-31c65dbec869,minor,
IN-PC-1976-madhya-pradesh-17,madhya-pradesh,1984,RAIPUR,666503,382731,57.42,KAIYUR BHUSHAN,parties.IN.INC,INC,223192,58.32,RAMESH BAIS,parties.IN.BJP,BJP,119151,104041,27.19,src-31c65dbec869,minor,
IN-PC-1976-madhya-pradesh-18,madhya-pradesh,1984,MAHASAMUND,681455,409101,60.03,VIDYACHARAN SHUKLA,parties.IN.INC,INC,233325,57.03,RAMESH,parties.IN.BJP,BJP,94185,139140,34.01,src-31c65dbec869,minor,
IN-PC-1976-madhya-pradesh-19,madhya-pradesh,1984,KANKER,656383,330006,50.28,ARVIND NETAM,parties.IN.INC,INC,225545,68.35,AGHAN SINGH THAKUR,parties.IN.BJP,BJP,89358,136187,41.27,src-31c65dbec869,minor,
IN-PC-1976-madhya-pradesh-2,madhya-pradesh,1984,BHIND,771477,406747,52.72,KRISHNA SINGH,parties.IN.INC,INC,194160,47.73,VASUNDHARA RAJE,parties.IN.BJP,BJP,106757,87403,21.48,src-31c65dbec869,minor,
IN-PC-1976-madhya-pradesh-20,madhya-pradesh,1984,BASTAR,590530,217204,36.78,MANKURAM SODI,parties.IN.INC,INC,118729,54.66,MAHENDRA KARMA,parties.IN.CPI,CPI,42419,76310,35.13,src-31c65dbec869,minor,
IN-PC-1976-madhya-pradesh-21,madhya-pradesh,1984,DURG,754373,484110,64.17,CHANDULAL CHANDRAKAR,parties.IN.INC,INC,311000,64.24,DHARAMPAL SINGH GUPTA,parties.IN.BJP,BJP,138406,172594,35.65,src-31c65dbec869,minor,
IN-PC-1976-madhya-pradesh-22,madhya-pradesh,1984,RAJNANDGAON,629132,335657,53.35,SHIVENDRA BAHADUR SINGH,parties.IN.INC,INC,165891,49.42,KISHORILAL SHUKLA,parties.IN.IND,IND,64838,101053,30.1,src-31c65dbec869,minor,
IN-PC-1976-madhya-pradesh-23,madhya-pradesh,1984,BALAGHAT,635884,406216,63.88,NANDKISHORE SHARMA,parties.IN.INC,INC,169497,41.73,LOCHANLAL NARAYAN THAKRE,parties.IN.BJP,BJP,101380,68117,16.77,src-31c65dbec869,minor,
IN-PC-1976-madhya-pradesh-24,madhya-pradesh,1984,MANDLA,609529,284662,46.7,MOHAN LAL,parties.IN.INC,INC,198095,69.59,SHYAMLAL DHURVE,parties.IN.BJP,BJP,69787,128308,45.07,src-31c65dbec869,minor,
IN-PC-1976-madhya-pradesh-25,madhya-pradesh,1984,JABALPUR,720103,418243,58.08,AJAY NARAYAN MUSHRAN,parties.IN.INC,INC,256911,61.43,BABHURAO PARANJPE,parties.IN.BJP,BJP,134588,122323,29.25,src-31c65dbec869,minor,
IN-PC-1976-madhya-pradesh-26,madhya-pradesh,1984,SEONI,678298,349433,51.52,GARGISHANKER MISHRA,parties.IN.INC,INC,190241,54.44,MAHESH PRASAD,parties.IN.BJP,BJP,138191,52050,14.89,src-31c65dbec869,minor,
IN-PC-1976-madhya-pradesh-27,madhya-pradesh,1984,CHHINDWARA,638430,349646,54.77,KAMAL NATH,parties.IN.INC,INC,234846,67.17,BATRA RAM KISHAN,parties.IN.BJP,BJP,81021,153825,44,src-31c65dbec869,minor,
IN-PC-1976-madhya-pradesh-28,madhya-pradesh,1984,BETUL,613591,313649,51.12,ASLAM SHERKHAN,parties.IN.INC,INC,147190,46.93,M. N. BUCH,parties.IN.IND,IND,109240,37950,12.1,src-31c65dbec869,minor,
IN-PC-1976-madhya-pradesh-29,madhya-pradesh,1984,HOSHANGABAD,698049,423701,60.7,RAMESHWAR NIKHRA,parties.IN.INC,INC,238358,56.26,NAGEEN KOCHAR,parties.IN.BJP,BJP,167779,70579,16.66,src-31c65dbec869,minor,
IN-PC-1976-madhya-pradesh-3,madhya-pradesh,1984,GWALIOR,704433,461275,65.48,MADHAVRAO JIWAJIRAO SCINDIA,parties.IN.INC,INC,307735,66.71,ATAL BEHARI,parties.IN.BJP,BJP,132141,175594,38.06,src-31c65dbec869,minor,
IN-PC-1976-madhya-pradesh-30,madhya-pradesh,1984,BHOPAL,797498,389943,48.9,K. N. PRADHAN,parties.IN.INC,INC,240717,61.73,LAXMI NARAYAN SHARMA,parties.IN.BJP,BJP,112053,128664,32.99,src-31c65dbec869,minor,
IN-PC-1976-madhya-pradesh-31,madhya-pradesh,1984,VIDISHA,716699,430053,60,PRATAPBHANU KRISHNA GOPAL,parties.IN.INC,INC,205437,47.77,RAGHAVJI,parties.IN.BJP,BJP,195884,9553,2.22,src-31c65dbec869,minor,
IN-PC-1976-madhya-pradesh-32,madhya-pradesh,1984,RAJGARH,711481,437306,61.46,DIGVIJAI SINGH,parties.IN.INC,INC,277435,63.44,JAMNALAL,parties.IN.BJP,BJP,125338,152097,34.78,src-31c65dbec869,minor,
IN-PC-1976-madhya-pradesh-33,madhya-pradesh,1984,SHAJAPUR,731379,465960,63.71,BAPULAL MALVIYA,parties.IN.INC,INC,257753,55.32,PHOOLCHAND VERMA,parties.IN.BJP,BJP,187477,70276,15.09,src-31c65dbec869,minor,
IN-PC-1976-madhya-pradesh-34,madhya-pradesh,1984,KHANDWA,677218,422068,62.32,KALICHARAN RAMRATAN,parties.IN.INC,INC,239563,56.76,ARIF BEG KARAMAT BEG,parties.IN.BJP,BJP,152093,87470,20.72,src-31c65dbec869,minor,
IN-PC-1976-madhya-pradesh-35,madhya-pradesh,1984,KHARGONE,663149,425207,64.12,SUBHASH YADAV,parties.IN.INC,INC,229669,54.01,RAMESHWAR PATIDAR,parties.IN.BJP,BJP,162467,67202,15.8,src-31c65dbec869,minor,
IN-PC-1976-madhya-pradesh-36,madhya-pradesh,1984,DHAR,683486,413082,60.44,PRATAPSINGH BAGHEL,parties.IN.INC,INC,264577,64.05,DHEERENDRASINGH LACHHAMANSINGH,parties.IN.BJP,BJP,129222,135355,32.77,src-31c65dbec869,minor,
IN-PC-1976-madhya-pradesh-37,madhya-pradesh,1984,INDORE,790468,478826,60.58,PRAKASH CHAND SETHI,parties.IN.INC,INC,272122,56.83,RAJENDRA NILKANTH DHARKAR,parties.IN.BJP,BJP,181296,90826,18.97,src-31c65dbec869,minor,
IN-PC-1976-madhya-pradesh-38,madhya-pradesh,1984,UJJAIN,691919,429036,62.01,SATYANARAYAN PAWAR,parties.IN.INC,INC,226342,52.76,SATYANARAYAN JATIYA,parties.IN.BJP,BJP,183983,42359,9.88,src-31c65dbec869,minor,
IN-PC-1976-madhya-pradesh-39,madhya-pradesh,1984,JHABUA,668183,334119,50,DILEEP SINGH BHURIO,parties.IN.INC,INC,216786,64.88,BHAGWAN SINGH CHAUHAN,parties.IN.BJP,BJP,82254,134532,40.26,src-31c65dbec869,minor,
IN-PC-1976-madhya-pradesh-4,madhya-pradesh,1984,GUNA,784995,367746,46.85,MAHENDRA SINGH,parties.IN.INC,INC,229091,62.3,UDHAV SINGH,parties.IN.BJP,BJP,88611,140480,38.2,src-31c65dbec869,minor,
IN-PC-1976-madhya-pradesh-40,madhya-pradesh,1984,MANDSAUR,767994,538761,70.15,BALKAVI BAIRAGI (NANDRAMDAS DWARKADAS),parties.IN.INC,INC,292131,54.22,LAXMI NARAYAN PANDEY,parties.IN.BJP,BJP,232368,59763,11.09,src-31c65dbec869,minor,
IN-PC-1976-madhya-pradesh-5,madhya-pradesh,1984,SAGAR,679457,382616,56.31,NANDLAL CHOUDHARY,parties.IN.INC,INC,228673,59.77,RAMPRASAD AHIRWAR,parties.IN.BJP,BJP,141232,87441,22.86,src-31c65dbec869,minor,
IN-PC-1976-madhya-pradesh-6,madhya-pradesh,1984,KHAJURAHO,827715,470554,56.85,CHATURVEDI VIDYAWATI,parties.IN.INC,INC,195820,41.61,UMA BHARTI,parties.IN.BJP,BJP,144994,50826,10.8,src-31c65dbec869,minor,
IN-PC-1976-madhya-pradesh-7,madhya-pradesh,1984,DAMOH,771797,442630,57.35,DAL CHANDRA JAIN,parties.IN.INC,INC,227570,51.41,NARENDRA SINGH YADVENDRA SINGH,parties.IN.BJP,BJP,177301,50269,11.35,src-31c65dbec869,minor,
IN-PC-1976-madhya-pradesh-8,madhya-pradesh,1984,SATNA,730872,418630,57.28,AZIZ QURESHI,parties.IN.INC,INC,224684,53.67,BRIJENDRA PATHAK,parties.IN.BJP,BJP,125374,99310,23.72,src-31c65dbec869,minor,
IN-PC-1976-madhya-pradesh-9,madhya-pradesh,1984,REWA,801185,439025,54.8,MARTAND SINGH,parties.IN.INC,INC,223619,50.94,YAMUNA PRASAD SHASTRI,parties.IN.JP,JNP,106790,116829,26.62,src-31c65dbec869,minor,
IN-PC-1976-maharashtra-1,maharashtra,1984,RAJAPUR,612195,377215,61.62,MADHU DANDAVATE,parties.IN.JP,JNP,182034,48.26,BHAI SAWANT,parties.IN.INC,INC,155903,26131,6.93,src-31c65dbec869,minor,
IN-PC-1976-maharashtra-10,maharashtra,1984,THANE,975995,559696,57.35,GHOPAL SHANTARAM GOPAL,parties.IN.INC,INC,328709,58.73,PATIL JAGANNATH SHIVRAM,parties.IN.BJP,BJP,213319,115390,20.62,src-31c65dbec869,minor,
IN-PC-1976-maharashtra-11,maharashtra,1984,DAHANU,774100,350827,45.32,SHINGADA DAMU BARKU,parties.IN.INC,INC,166655,47.5,LAHANU SHIDAVA,parties.IN.CPIM,CPM,96935,69720,19.87,src-31c65dbec869,minor,
IN-PC-1976-maharashtra-12,maharashtra,1984,NASHIK,791519,437177,55.23,MANE MURLIDHAR PANDURANG,parties.IN.INC,INC,197428,45.16,PRALHAD NAMDEO PATILKARAD,parties.IN.ICS,ICS,159882,37546,8.59,src-31c65dbec869,minor,
IN-PC-1976-maharashtra-13,maharashtra,1984,MALEGAON,705668,384231,54.45,BHOYE SITARAM SAYAJI,parties.IN.INC,INC,202424,52.68,MAHALE HARI SHANKAR,parties.IN.JP,JNP,164149,38275,9.96,src-31c65dbec869,minor,
IN-PC-1976-maharashtra-14,maharashtra,1984,DHULE,706445,390328,55.25,BHOYE RESHAMA MOTIRAM,parties.IN.INC,INC,219323,56.19,VALVI KUWARSING FULZI,parties.IN.BJP,BJP,153391,65932,16.89,src-31c65dbec869,minor,
IN-PC-1976-maharashtra-15,maharashtra,1984,NANDURBAR,689376,386045,56,GAVIT MANIKRAO HOLDYA,parties.IN.INC,INC,254327,65.88,VASAVE ZINA SHAMYA,parties.IN.JP,JNP,96808,157519,40.8,src-31c65dbec869,minor,
IN-PC-1976-maharashtra-16,maharashtra,1984,ERANDOL,778541,457277,58.74,VIJAYKUMAR NAVAL PATIL,parties.IN.INC,INC,221522,48.44,PATIL BRIJLAL BHUTTA,parties.IN.JP,JNP,156367,65155,14.24,src-31c65dbec869,minor,
IN-PC-1976-maharashtra-17,maharashtra,1984,JALGAON,759154,451845,59.52,MAHAJAN YADAV SHIVRAM,parties.IN.INC,INC,231537,51.24,PATIL PRALHADRAO EKNATHRAO,parties.IN.ICS,ICS,177072,54465,12.05,src-31c65dbec869,minor,
IN-PC-1976-maharashtra-18,maharashtra,1984,BULDHANA,743946,463003,62.24,WASNIK MUKUL BALKRISHNA,parties.IN.INC,INC,166281,35.91,KALE SUKHDEV NANDJI,parties.IN.ICS,ICS,118223,48058,10.38,src-31c65dbec869,minor,
IN-PC-1976-maharashtra-19,maharashtra,1984,AKOLA,736060,513158,69.72,MADHUSUDAN ATMARAM VAIRALE,parties.IN.INC,INC,178874,34.86,AMBEDKAR PRAKASH YESHWANT,parties.IN.IND,IND,165064,13810,2.69,src-31c65dbec869,minor,
IN-PC-1976-maharashtra-2,maharashtra,1984,RATNAGIRI,617107,382140,61.92,HUSEN DALWAI,parties.IN.INC,INC,167859,43.93,NATU SHRIDHAR DATTATREY,parties.IN.BJP,BJP,144014,23845,6.24,src-31c65dbec869,minor,
IN-PC-1976-maharashtra-20,maharashtra,1984,WASHIM,686573,467887,68.15,GHULAM NABI AZAD,parties.IN.INC,INC,197822,42.28,RATHOD GOKULDAS DEKHSING,parties.IN.ICS,ICS,187463,10359,2.21,src-31c65dbec869,minor,
IN-PC-1976-maharashtra-21,maharashtra,1984,AMRAVATI,702357,417125,59.39,CHOUDHARY USHATAI PRAKASH,parties.IN.INC,INC,217910,52.24,TASAR SHARAD MOTIRAM,parties.IN.ICS,ICS,96164,121746,29.19,src-31c65dbec869,minor,
IN-PC-1976-maharashtra-22,maharashtra,1984,RAMTEK,705819,447579,63.41,NARSIMHA RAO P. V.,parties.IN.INC,INC,290905,65,GEDAM SHANKARRAO DAULATRAO,parties.IN.ICS,ICS,104933,185972,41.56,src-31c65dbec869,minor,
IN-PC-1976-maharashtra-23,maharashtra,1984,NAGPUR,845805,554354,65.54,BANWARILAL BHAGWANDAS PUROHIT,parties.IN.INC,INC,293739,52.99,KHOBRAGDE SHYAM DEWAJI,parties.IN.RPK,RPK,163056,130683,23.58,src-31c65dbec869,minor,
IN-PC-1976-maharashtra-24,maharashtra,1984,BHANDARA,709457,468835,66.08,KESHAORAO ATMARAMJI PARDHI,parties.IN.INC,INC,249195,53.15,MANKAR LAXMANRAO BISANLAL,parties.IN.BJP,BJP,127491,121704,25.96,src-31c65dbec869,minor,
IN-PC-1976-maharashtra-25,maharashtra,1984,CHIMUR,751666,543843,72.35,MUTTEMWAR VILAS BABURAO,parties.IN.INC,INC,282404,51.93,RAMTEKE HARICHANDRA SADASHIO,parties.IN.IND,IND,110304,172100,31.65,src-31c65dbec869,minor,
IN-PC-1976-maharashtra-26,maharashtra,1984,CHANDRAPUR,771242,441488,57.24,POTDUKHE SHANTARAM RAJESHWAR,parties.IN.INC,INC,249994,56.63,DADA DESHKAR,parties.IN.BJP,BJP,60839,189155,42.85,src-31c65dbec869,minor,
IN-PC-1976-maharashtra-27,maharashtra,1984,WARDHA,723787,499127,68.96,SATHE VASANT PURUSHOTTAM,parties.IN.INC,INC,244390,48.96,GHANGARE RAMCHANDRA MAROTRAO,parties.IN.CPIM,CPM,220967,23423,4.69,src-31c65dbec869,minor,
IN-PC-1976-maharashtra-28,maharashtra,1984,YAVATMAL,711775,432116,60.71,PATIL UTTAMRAO DEORAO,parties.IN.INC,INC,274957,63.63,GILANI JANMOHAMMED NOORMOHAMMED,parties.IN.ICS,ICS,108755,166202,38.46,src-31c65dbec869,minor,
IN-PC-1976-maharashtra-29,maharashtra,1984,HINGOLI,727842,402842,55.35,RATHODE UTTAMRAOJI BALIRAMJI,parties.IN.INC,INC,221026,54.87,KHARATE SHANKARRAO SAMBHAJI,parties.IN.JP,JNP,85935,135091,33.54,src-31c65dbec869,minor,
IN-PC-1976-maharashtra-3,maharashtra,1984,KOLABA,706929,456618,64.59,D. B. PATIL,parties.IN.PWP,PWP,211194,46.25,A. R. ANTULAY,parties.IN.IND,IND,173270,37924,8.3,src-31c65dbec869,minor,
IN-PC-1976-maharashtra-30,maharashtra,1984,NANDED,820467,511356,62.32,CHAVAN SHANKARRAO BHURAO,parties.IN.INC,INC,306026,59.85,KADAM KAMALKISHOR NANASAHEB,parties.IN.ICS,ICS,134502,171524,33.55,src-31c65dbec869,minor,
IN-PC-1976-maharashtra-31,maharashtra,1984,PARBHANI,713367,382899,53.67,YADAV RAMRAO NARAYANRAO,parties.IN.INC,INC,212958,55.62,DESHMUKH SHESHRAO APPARAO,parties.IN.PWP,PWP,124640,88318,23.07,src-31c65dbec869,minor,
IN-PC-1976-maharashtra-32,maharashtra,1984,JALNA,781442,394625,50.5,BALASAHEB RAMRAO PAWAR,parties.IN.INC,INC,186318,47.21,PUNDLIK HARI DANWE,parties.IN.BJP,BJP,119751,66567,16.86,src-31c65dbec869,minor,
IN-PC-1976-maharashtra-33,maharashtra,1984,AURANGABAD,849481,482029,56.74,SAHEBRAO P.DONGAONKAR,parties.IN.ICS,ICS,246136,51.06,ABDUL AZIM ABDUL HAMID,parties.IN.INC,INC,153717,92419,19.17,src-31c65dbec869,minor,
IN-PC-1976-maharashtra-34,maharashtra,1984,BEED,866071,456168,52.67,KSHIRSAGAR KEHSARBAI SONAJIRAO,parties.IN.INC,INC,221421,48.54,GITE (PATIL) SHRIDHARRAO GANGARAMJI,parties.IN.IND,IND,111059,110362,24.19,src-31c65dbec869,minor,
IN-PC-1976-maharashtra-35,maharashtra,1984,LATUR,754786,531815,70.46,PATIL SHIVRAJ VISHWANATH,parties.IN.INC,INC,289466,54.43,PADMASINHA BAJIRAO PATIL,parties.IN.ICS,ICS,203929,85537,16.08,src-31c65dbec869,minor,
IN-PC-1976-maharashtra-36,maharashtra,1984,OSMANABAD,680500,396649,58.29,ARVIND TULSHIRAMJI KAMBLE,parties.IN.INC,INC,210727,53.13,SHRUNGARE TUKARAM SADASHIV,parties.IN.ICS,ICS,153599,57128,14.41,src-31c65dbec869,minor,
IN-PC-1976-maharashtra-37,maharashtra,1984,SHOLAPUR,663152,419646,63.28,KUCHAN GANGADHAR SINRAMAPPA,parties.IN.INC,INC,258050,61.49,RACHETI HANMANTAPPAERAPPA,parties.IN.BJP,BJP,67418,190632,45.42,src-31c65dbec869,minor,
IN-PC-1976-maharashtra-38,maharashtra,1984,PANDHARPUR,785735,472272,60.11,THORAT SANDIPAN BHAGWAN,parties.IN.INC,INC,269989,57.17,LAXMANRAO DHOBALE,parties.IN.ICS,ICS,179156,90833,19.24,src-31c65dbec869,minor,
IN-PC-1976-maharashtra-39,maharashtra,1984,AHMEDNAGAR,771205,478676,62.07,GADAKH YESHWANTRAO KANKARRAO,parties.IN.INC,INC,281873,58.89,DHAKNE BABANRAO DADABA,parties.IN.JP,JNP,181550,100323,20.96,src-31c65dbec869,minor,
IN-PC-1976-maharashtra-4,maharashtra,1984,BOMBAY SOUTH,653042,332606,50.93,DEORA MURLI,parties.IN.INC,INC,200152,60.18,JAYAWANTIBEN NAVINCHANDRA MEHTA,parties.IN.BJP,BJP,94874,105278,31.66,src-31c65dbec869,minor,
IN-PC-1976-maharashtra-40,maharashtra,1984,KOPARGAON,669507,378438,56.52,VIKHE EKNATHRAO ALIAS BALESAHEB VITHALRAO,parties.IN.INC,INC,217982,57.6,GAIKWAD MADHAVRAO BAYAJI,parties.IN.CPI,CPI,146497,71485,18.89,src-31c65dbec869,minor,
IN-PC-1976-maharashtra-41,maharashtra,1984,KHED,693984,440451,63.47,RAMKRISHNA MORE,parties.IN.INC,INC,219413,49.82,KAKDE SAMBHAJIRAO SAHEBRAO,parties.IN.JP,JNP,201389,18024,4.1,src-31c65dbec869,minor,
IN-PC-1976-maharashtra-42,maharashtra,1984,PUNE,788975,515541,65.34,GADIL VITHALRAO NARHARI,parties.IN.INC,INC,311278,60.38,JAGANNATH RAO JOSHI,parties.IN.BJP,BJP,112924,198354,38.48,src-31c65dbec869,minor,
IN-PC-1976-maharashtra-43,maharashtra,1984,BARAMATI,859626,596407,69.38,PAWAR SHARADCHANDRA GOVINDRAO,parties.IN.ICS,ICS,361618,60.63,PATIL SHANKARRAO BAJIRAO,parties.IN.INC,INC,221086,140532,23.56,src-31c65dbec869,minor,
IN-PC-1976-maharashtra-44,maharashtra,1984,SATARA,712736,461882,64.8,BHOSALE PRATAPRAO BABURAO,parties.IN.INC,INC,270110,58.48,NIMBALKAR YASHWANT SINGH APPASAHEB ALIAS DADRAJE KHARDEKAR,parties.IN.ICS,ICS,174590,95520,20.68,src-31c65dbec869,minor,
IN-PC-1976-maharashtra-45,maharashtra,1984,KARAD,758980,417120,54.96,CHAVAN PREMALABAI DAJISAHEB,parties.IN.INC,INC,346579,83.09,KACCHI YUNU AHMAD,parties.IN.JP,JNP,61311,285268,68.39,src-31c65dbec869,minor,
IN-PC-1976-maharashtra-46,maharashtra,1984,SANGLI,717441,466711,65.05,PATIL PRAKASH VASANTRAO,parties.IN.INC,INC,304202,65.18,PATIL VISHWASRAO RAMRAO,parties.IN.JP,JNP,162509,141693,30.36,src-31c65dbec869,minor,
IN-PC-1976-maharashtra-47,maharashtra,1984,ICHALKARANJI,755413,517775,68.54,MANE BALASO ALIAS RAJARAM SHANKARRAO,parties.IN.INC,INC,278457,53.78,KADAMBANDE RAJVARDHAN RAGHUJIRAO,parties.IN.ICS,ICS,234319,44138,8.53,src-31c65dbec869,minor,
IN-PC-1976-maharashtra-48,maharashtra,1984,KOLHAPUR,737957,424923,57.58,GAIKWAD UDAYSINGRAO NANASAHEB,parties.IN.INC,INC,277603,65.33,KILLEDAR B.D.,parties.IN.PWP,PWP,128129,149474,35.18,src-31c65dbec869,minor,
IN-PC-1976-maharashtra-5,maharashtra,1984,BOMBAY SOUTH CENTRAL,648214,384933,59.38,DATTA SAMANT,parties.IN.IND,IND,158841,41.26,DESHPANDE ROZA VIDYADHAR,parties.IN.IND,IND,86230,72611,18.86,src-31c65dbec869,minor,
IN-PC-1976-maharashtra-6,maharashtra,1984,BOMBAY NORTH CENTRAL,790090,436526,55.25,DIGHE SHARAD SHANKAR,parties.IN.INC,INC,211443,48.44,MANOHAR JOSHI,parties.IN.BJP,BJP,79345,132098,30.26,src-31c65dbec869,minor,
IN-PC-1976-maharashtra-7,maharashtra,1984,BOMBAY NORTH EAST,1082419,642516,59.36,GURUDAS KAMAT,parties.IN.INC,INC,273847,42.62,PRAMOD MAHAJAN,parties.IN.BJP,BJP,177573,96274,14.98,src-31c65dbec869,minor,
IN-PC-1976-maharashtra-8,maharashtra,1984,BOMBAY NORTH WEST,878652,509312,57.97,SUNIL DUTT,parties.IN.INC,INC,308989,60.67,RAM JETHMALANI,parties.IN.BJP,BJP,154349,154640,30.36,src-31c65dbec869,minor,
IN-PC-1976-maharashtra-9,maharashtra,1984,BOMBAY NORTH,992937,491595,49.51,ANOOPCHAND KHIMCHAND SHAH,parties.IN.INC,INC,275522,56.05,RAVINDER VERMA,parties.IN.JP,JNP,175398,100124,20.37,src-31c65dbec869,minor,
IN-PC-1976-manipur-1,manipur,1984,INNER MANIPUR,514101,427757,83.2,N.TOMBI SINGH,parties.IN.INC,INC,104091,24.33,OINAM TOMBA,parties.IN.IND,IND,89362,14729,3.44,src-31c65dbec869,minor,
IN-PC-1976-manipur-2,manipur,1984,OUTER MANIPUR,499970,413455,82.7,MEIJINLUNG,parties.IN.INC,INC,189911,45.93,LHINGZANENG,parties.IN.MPP,MRP,149019,40892,9.89,src-31c65dbec869,minor,
IN-PC-1976-meghalaya-1,meghalaya,1984,SHILLONG,469793,255855,54.46,G.G.SWELL,parties.IN.INC,INC,142638,55.75,PAKEM,parties.IN.IND,IND,91812,50826,19.87,src-31c65dbec869,minor,
IN-PC-1976-meghalaya-2,meghalaya,1984,TURA,281490,143509,50.98,PURNO AGITOK SANGMA,parties.IN.INC,INC,106628,74.3,WILLNAN SANGMA,parties.IN.IND,IND,27890,78738,54.87,src-31c65dbec869,minor,
IN-PC-1976-nagaland-1,nagaland,1984,NAGALAND,594062,388464,65.39,CHINGWANG,parties.IN.INC,INC,251101,64.64,CHALIE KEVICHUSA,parties.IN.NND,NND,113919,137182,35.31,src-31c65dbec869,minor,
IN-PC-1976-odisha-1,odisha,1984,MAYURBHANJ,630339,300437,47.66,SIDHALAL MURMU,parties.IN.INC,INC,175013,58.25,BHAGEY GOHARDHAN,parties.IN.JP,JNP,105775,69238,23.04,src-31c65dbec869,minor,
IN-PC-1976-odisha-10,odisha,1984,ASKA,768077,401994,52.34,SOMNATH RATH,parties.IN.INC,INC,244253,60.76,RAM CHANDRA RATH,parties.IN.JP,JNP,126209,118044,29.36,src-31c65dbec869,minor,
IN-PC-1976-odisha-11,odisha,1984,BERHAMPUR,710421,347004,48.84,R.JAGANNATH RAO,parties.IN.INC,INC,235466,67.86,SUJIYANARAYAN PATRA,parties.IN.JP,JNP,90606,144860,41.75,src-31c65dbec869,minor,
IN-PC-1976-odisha-12,odisha,1984,KORAPUT,679722,225785,33.22,GRIDHAR GOMANGO,parties.IN.INC,INC,154713,68.52,LABANYO SABORO,parties.IN.JP,JNP,54891,99822,44.21,src-31c65dbec869,minor,
IN-PC-1976-odisha-13,odisha,1984,NOWRANGPUR,647780,240875,37.18,KHAGAPATI PRADHANI,parties.IN.INC,INC,172305,71.53,JABAB MAJHI,parties.IN.JP,JNP,68570,103735,43.06,src-31c65dbec869,minor,
IN-PC-1976-odisha-14,odisha,1984,KALAHANDI,631264,325486,51.56,JAGANNATH PATNAIK,parties.IN.INC,INC,154941,47.6,PRATAP KESHARI DEO,parties.IN.JP,JNP,130867,24074,7.39,src-31c65dbec869,minor,
IN-PC-1976-odisha-15,odisha,1984,PHULBANI,730571,350934,48.04,RADHA KANTA DIGAL,parties.IN.INC,INC,227667,64.87,RAJENDRA NAYAK,parties.IN.JP,JNP,102588,125079,35.64,src-31c65dbec869,minor,
IN-PC-1976-odisha-16,odisha,1984,BOLANGIR,647765,350334,54.08,NITYANAND MISRA,parties.IN.INC,INC,184386,52.63,ANANG UDAY SINGH DEO,parties.IN.JP,JNP,149434,34952,9.98,src-31c65dbec869,minor,
IN-PC-1976-odisha-17,odisha,1984,SAMBALPUR,779089,411458,52.81,KRUPASINDHU BHOI,parties.IN.INC,INC,249662,60.68,SAIRINDRI NAYAK,parties.IN.JP,JNP,110002,139660,33.95,src-31c65dbec869,minor,
IN-PC-1976-odisha-18,odisha,1984,DEOGARH,732492,385954,52.69,SRIBALLAV PANIGRAHI,parties.IN.INC,INC,215256,55.77,PRASANNA KUMAR PANDA,parties.IN.CPI,CPI,121734,93522,24.23,src-31c65dbec869,minor,
IN-PC-1976-odisha-19,odisha,1984,DHENKANAL,696446,406581,58.38,RAJA KAMAKHYA PRASAD SINGH DEO MAHINDRA BAHADUR,parties.IN.INC,INC,295754,72.74,ADWAIT PRASAD SINGH,parties.IN.JP,JNP,92181,203573,50.07,src-31c65dbec869,minor,
IN-PC-1976-odisha-2,odisha,1984,BALASORE,736899,485051,65.82,CHINTAMANI JENA,parties.IN.INC,INC,274294,56.55,SAMARENDRA KUNDU,parties.IN.JP,JNP,195109,79185,16.33,src-31c65dbec869,minor,
IN-PC-1976-odisha-20,odisha,1984,SUNDARGARH,678480,309010,45.54,MAURICE KUJUR,parties.IN.INC,INC,176107,56.99,IGNACE MAJHI,parties.IN.JP,JNP,69560,106547,34.48,src-31c65dbec869,minor,
IN-PC-1976-odisha-21,odisha,1984,KEONJHAR,678101,314113,46.32,HARINDER SOREN,parties.IN.INC,INC,181169,57.68,GOVINDA CHANDRA MUNDA,parties.IN.JP,JNP,96545,84624,26.94,src-31c65dbec869,minor,
IN-PC-1976-odisha-3,odisha,1984,BHADRAK,736023,462916,62.89,ANANTA PRASAD SETHI,parties.IN.INC,INC,256854,55.49,MANGARAJ MALIK,parties.IN.JP,JNP,189435,67419,14.57,src-31c65dbec869,minor,
IN-PC-1976-odisha-4,odisha,1984,JAJPUR,721932,466415,64.61,ANADI CHARAN DAS,parties.IN.INC,INC,252316,54.1,RAMA CHANDRA MALLICK,parties.IN.JP,JNP,192811,59505,12.76,src-31c65dbec869,minor,
IN-PC-1976-odisha-5,odisha,1984,KENDRAPARA,733910,509596,69.44,BIJAYANANDA PATTNAIK,parties.IN.JP,JNP,255506,50.14,BHAGABAT PRASAD MOHANTY,parties.IN.INC,INC,238730,16776,3.29,src-31c65dbec869,minor,
IN-PC-1976-odisha-6,odisha,1984,CUTTACK,755436,475977,63.01,JAYANTI PATTANIK,parties.IN.INC,INC,263960,55.46,JOGESH CHANDRA ROUT,parties.IN.JP,JNP,185039,78921,16.58,src-31c65dbec869,minor,
IN-PC-1976-odisha-7,odisha,1984,JAGATSINGHPUR,778255,546508,70.22,LAKSHMAN MALLICK,parties.IN.INC,INC,263352,48.19,RABI ROY,parties.IN.JP,JNP,262394,958,0.18,src-31c65dbec869,minor,
IN-PC-1976-odisha-8,odisha,1984,PURI,737702,454749,61.64,BRAJAMOHAN MOHENTY,parties.IN.INC,INC,239019,52.56,RANJIT MOHANTY,parties.IN.JP,JNP,134579,104440,22.97,src-31c65dbec869,minor,
IN-PC-1976-odisha-9,odisha,1984,BHUBANESWAR,732752,395730,54.01,CHINTAMONI PANIGRAHI,parties.IN.INC,INC,237716,60.07,SIVAJI PATNAIK,parties.IN.CPIM,CPM,147862,89854,22.71,src-31c65dbec869,minor,
IN-PC-1976-puducherry-1,puducherry,1984,PONDICHERRY,381366,270781,71,P.SHAMMUGAM,parties.IN.INC,INC,159376,58.86,C.P.THIRUNAVUKKARASU,parties.IN.DMK,DMK,97672,61704,22.79,src-31c65dbec869,minor,
IN-PC-1976-rajasthan-1,rajasthan,1984,GANGANAGAR,829728,443467,53.45,BIRBAL,parties.IN.INC,INC,282573,63.72,BEGARAM,parties.IN.LKD,LKD,117059,165514,37.32,src-31c65dbec869,minor,
IN-PC-1976-rajasthan-10,rajasthan,1984,BAYANA,739563,325115,43.96,LALA RAM KEN,parties.IN.INC,INC,156708,48.2,SHYAM SUNDER,parties.IN.LKD,LKD,78306,78402,24.11,src-31c65dbec869,minor,
IN-PC-1976-rajasthan-11,rajasthan,1984,SAWAI MADHOPUR,803663,416190,51.79,RAM KUMAR,parties.IN.INC,INC,248422,59.69,KIRODILAL,parties.IN.BJP,BJP,147424,100998,24.27,src-31c65dbec869,minor,
IN-PC-1976-rajasthan-12,rajasthan,1984,AJMER,742253,429593,57.88,VISHNU KUMAR MODI,parties.IN.INC,INC,216173,50.32,KAILASH MEGHWAL,parties.IN.BJP,BJP,159479,56694,13.2,src-31c65dbec869,minor,
IN-PC-1976-rajasthan-13,rajasthan,1984,TONK,765205,410931,53.7,BANWARI LAL,parties.IN.INC,INC,231678,56.38,JIYA LAL,parties.IN.BJP,BJP,128969,102709,25,src-31c65dbec869,minor,
IN-PC-1976-rajasthan-14,rajasthan,1984,KOTA,721248,435429,60.37,SHANTI KUMAR DHARIWAL,parties.IN.INC,INC,230375,52.91,KRISHAN KUMAR GOYAL,parties.IN.BJP,BJP,175528,54847,12.6,src-31c65dbec869,minor,
IN-PC-1976-rajasthan-15,rajasthan,1984,JHALAWAR,700480,389301,55.58,JUJHARSINGH,parties.IN.INC,INC,212489,54.58,CHATURBHUJ,parties.IN.BJP,BJP,143176,69313,17.8,src-31c65dbec869,minor,
IN-PC-1976-rajasthan-16,rajasthan,1984,BANSWARA,733798,394453,53.75,PRABHULAL RAWAT,parties.IN.INC,INC,199308,50.53,HIRA BHAI,parties.IN.LKD,LKD,78183,121125,30.71,src-31c65dbec869,minor,
IN-PC-1976-rajasthan-17,rajasthan,1984,SALUMBER,716391,352714,49.23,ALKHA RAM,parties.IN.INC,INC,185000,52.45,NAND LAL MEENA,parties.IN.BJP,BJP,105989,79011,22.4,src-31c65dbec869,minor,
IN-PC-1976-rajasthan-18,rajasthan,1984,UDAIPUR,824612,448584,54.4,INDUBALA SUKHADIA,parties.IN.INC,INC,264214,58.9,BHANU KUMAR SHASTRI,parties.IN.BJP,BJP,159412,104802,23.36,src-31c65dbec869,minor,
IN-PC-1976-rajasthan-19,rajasthan,1984,CHITTORGARH,803392,427257,53.18,NIRMLA KUMARI,parties.IN.INC,INC,226717,53.06,HARI KRISHAN,parties.IN.BJP,BJP,150328,76389,17.88,src-31c65dbec869,minor,
IN-PC-1976-rajasthan-2,rajasthan,1984,BIKANER,1005582,545651,54.26,MANPHOOL SINGH,parties.IN.INC,INC,280090,51.33,KEDAR NATH,parties.IN.JP,JNP,154008,126082,23.11,src-31c65dbec869,minor,
IN-PC-1976-rajasthan-20,rajasthan,1984,BHILWARA,779185,402854,51.7,GIRDHARI LAL VYAS,parties.IN.INC,INC,250254,62.12,ARJUN LAL CHOCHANI,parties.IN.BJP,BJP,98618,151636,37.64,src-31c65dbec869,minor,
IN-PC-1976-rajasthan-21,rajasthan,1984,PALI,768806,425196,55.31,MOOL CHAND DAGA,parties.IN.INC,INC,188274,44.28,PUSHPA JAIN,parties.IN.BJP,BJP,152553,35721,8.4,src-31c65dbec869,minor,
IN-PC-1976-rajasthan-22,rajasthan,1984,JALORE,835714,423767,50.71,BUTA SINGH,parties.IN.INC,INC,281627,66.46,HUKAM RAM MEGHWAL,parties.IN.BJP,BJP,118163,163464,38.58,src-31c65dbec869,minor,
IN-PC-1976-rajasthan-23,rajasthan,1984,BARMER,910267,486863,53.49,VIRDHI CHAND,parties.IN.INC,INC,220658,45.32,GANGARAM CHOODHARI,parties.IN.LKD,LKD,113945,106713,21.92,src-31c65dbec869,minor,
IN-PC-1976-rajasthan-24,rajasthan,1984,JODHPUR,855909,461230,53.89,ASHOK GEHLOT,parties.IN.INC,INC,282066,61.16,BALVEER SINGH,parties.IN.BJP,BJP,128718,153348,33.25,src-31c65dbec869,minor,
IN-PC-1976-rajasthan-25,rajasthan,1984,NAGAUR,839812,543005,64.66,RAM NIWAS,parties.IN.INC,INC,219961,40.51,NATHURAM,parties.IN.LKD,LKD,171426,48535,8.94,src-31c65dbec869,minor,
IN-PC-1976-rajasthan-3,rajasthan,1984,CHURU,831213,497929,59.9,MOHAR SINGH,parties.IN.INC,INC,255348,51.28,DAULAT RAM,parties.IN.LKD,LKD,143925,111423,22.38,src-31c65dbec869,minor,
IN-PC-1976-rajasthan-4,rajasthan,1984,JHUNJHUNU,887702,552712,62.26,MOHD. AYUB KHAN,parties.IN.INC,INC,261152,47.25,SUMITRA SINGH,parties.IN.LKD,LKD,203846,57306,10.37,src-31c65dbec869,minor,
IN-PC-1976-rajasthan-5,rajasthan,1984,SIKAR,882753,556851,63.08,BAL RAM,parties.IN.INC,INC,292132,52.46,GHANSHYAM TIWARI,parties.IN.BJP,BJP,112573,179559,32.24,src-31c65dbec869,minor,
IN-PC-1976-rajasthan-6,rajasthan,1984,JAIPUR,871295,502493,57.67,NAWAL KISHORE SHARMA,parties.IN.INC,INC,280436,55.81,SATISH CHANDRA AGRAWAL,parties.IN.BJP,BJP,196579,83857,16.69,src-31c65dbec869,minor,
IN-PC-1976-rajasthan-7,rajasthan,1984,DAUSA,801509,454682,56.73,RAJESH PILOT,parties.IN.INC,INC,245246,53.94,NATHU SINGH,parties.IN.BJP,BJP,170903,74343,16.35,src-31c65dbec869,minor,
IN-PC-1976-rajasthan-8,rajasthan,1984,ALWAR,751298,413456,55.03,RAM SINGH YADEV,parties.IN.INC,INC,199910,48.35,SAMPAT RAM,parties.IN.IND,IND,74379,125531,30.36,src-31c65dbec869,minor,
IN-PC-1976-rajasthan-9,rajasthan,1984,BHARATPUR,715907,448534,62.65,K.NATWAR SINGH,parties.IN.INC,INC,187305,41.76,NATHI SINGH,parties.IN.LKD,LKD,107996,79309,17.68,src-31c65dbec869,minor,
IN-PC-1976-sikkim-1,sikkim,1984,SIKKIM,149256,82646,55.37,NAR BHADUR BHANDARI,parties.IN.IND,IND,56614,68.5,PAHALMAN SUBBA,parties.IN.INC,INC,21327,35287,42.69,src-31c65dbec869,minor,
IN-PC-1976-tamil-nadu-1,tamil-nadu,1984,MADRAS NORTH,991099,501827,50.63,N.V.N.SOMU,parties.IN.DMK,DMK,261941,52.2,G.LAKSHMANAN,parties.IN.INC,INC,225491,36450,7.27,src-31c65dbec869,minor,
IN-PC-1976-tamil-nadu-10,tamil-nadu,1984,TINDIVANAM,737933,520155,70.49,S.S. ERAMASAMY PADAYATCHI,parties.IN.INC,INC,356127,68.47,M.R. LAKSHMINARAYANAN,parties.IN.JP,JNP,154269,201858,38.81,src-31c65dbec869,minor,
IN-PC-1976-tamil-nadu-11,tamil-nadu,1984,CUDDALORE,733050,535105,73,VENKATESAN P.R.S.,parties.IN.INC,INC,327393,61.18,RAMU T. ALIAS KILLIVALAVAN,parties.IN.DMK,DMK,195439,131954,24.66,src-31c65dbec869,minor,
IN-PC-1976-tamil-nadu-12,tamil-nadu,1984,CHIDAMBARAM,734012,538893,73.42,VALLALPERUMAN P.,parties.IN.INC,INC,329892,61.22,KANNAPIRAN S.,parties.IN.DMK,DMK,209001,120891,22.44,src-31c65dbec869,minor,
IN-PC-1976-tamil-nadu-13,tamil-nadu,1984,DHARMAPURI,780371,526456,67.46,M. THAMBI DURIAI,parties.IN.ADK,ADK,333427,63.33,PARVATHI KRISHNAN,parties.IN.CPI,CPI,182175,151252,28.73,src-31c65dbec869,minor,
IN-PC-1976-tamil-nadu-14,tamil-nadu,1984,KRISHNAGIRI,724417,470922,65.01,K. RAMAMURTHI,parties.IN.INC,INC,304854,64.74,T. CHANDRASEKARAN,parties.IN.DMK,DMK,138488,166366,35.33,src-31c65dbec869,minor,
IN-PC-1976-tamil-nadu-15,tamil-nadu,1984,RASIPURAM,789509,533146,67.53,DEVARAJAN B.,parties.IN.INC,INC,367276,68.89,DURAISAMI P.,parties.IN.DMK,DMK,165870,201406,37.78,src-31c65dbec869,minor,
IN-PC-1976-tamil-nadu-16,tamil-nadu,1984,SALEM,766792,519863,67.8,RANGARAJAN KUMAR MANGALAM,parties.IN.INC,INC,359819,69.21,KANDASAMY M.A.,parties.IN.JP,JNP,123644,236175,45.43,src-31c65dbec869,minor,
IN-PC-1976-tamil-nadu-17,tamil-nadu,1984,TIRUCHENGODE,998164,700269,70.16,KANNAN P.,parties.IN.ADK,ADK,426648,60.93,KANDASWAMY M.,parties.IN.DMK,DMK,268582,158066,22.58,src-31c65dbec869,minor,
IN-PC-1976-tamil-nadu-18,tamil-nadu,1984,NILGIRIS,827733,566742,68.47,R.PRABHU,parties.IN.INC,INC,341824,60.31,C.T. DHANDAPANI,parties.IN.DMK,DMK,209885,131939,23.28,src-31c65dbec869,minor,
IN-PC-1976-tamil-nadu-19,tamil-nadu,1984,GOBICHETTIPALAYAM,733501,524523,71.51,KHOLANDAIVELU P.,parties.IN.ADK,ADK,338243,64.49,SAMINATHAN P.A.,parties.IN.DMK,DMK,177616,160627,30.63,src-31c65dbec869,minor,
IN-PC-1976-tamil-nadu-2,tamil-nadu,1984,MADRAS CENTRAL,862989,539119,62.47,KALANIDHI A.,parties.IN.DMK,DMK,313848,58.21,EARNEST PAUL E.,parties.IN.GKC,GKC,217104,96744,17.94,src-31c65dbec869,minor,
IN-PC-1976-tamil-nadu-20,tamil-nadu,1984,COIMBATORE,902773,615365,68.16,KUPPUSWAMY C. K.,parties.IN.INC,INC,355525,57.77,UMANATH R.,parties.IN.CPIM,CPM,253006,102519,16.66,src-31c65dbec869,minor,
IN-PC-1976-tamil-nadu-21,tamil-nadu,1984,POLLACHI,768435,546970,71.18,ANNA NAMBI R.,parties.IN.ADK,ADK,324200,59.27,KRISHNASWAMY K.,parties.IN.DMK,DMK,222770,101430,18.54,src-31c65dbec869,minor,
IN-PC-1976-tamil-nadu-22,tamil-nadu,1984,PALANI,810013,572693,70.7,SENAPATHY GOUNDER A.,parties.IN.INC,INC,408104,71.26,VELUSAMY S.R.,parties.IN.TNC,TNC,144076,264028,46.1,src-31c65dbec869,minor,
IN-PC-1976-tamil-nadu-23,tamil-nadu,1984,DINDIGUL,813821,555997,68.32,K.R. NATARAJAN,parties.IN.ADK,ADK,343571,61.79,K.MAYA THEVAR,parties.IN.DMK,DMK,202253,141318,25.41,src-31c65dbec869,minor,
IN-PC-1976-tamil-nadu-24,tamil-nadu,1984,MADURAI,856315,583444,68.13,SUBBURAMAN A.G.,parties.IN.INC,INC,365948,62.72,SANKARIAH N.,parties.IN.CPIM,CPM,192937,173011,29.65,src-31c65dbec869,minor,
IN-PC-1976-tamil-nadu-25,tamil-nadu,1984,PERIYAKULAM,801476,554704,69.21,SELVENDRAN P.,parties.IN.ADK,ADK,348903,62.9,AGNIRAJU S.,parties.IN.DMK,DMK,190290,158613,28.6,src-31c65dbec869,minor,
IN-PC-1976-tamil-nadu-26,tamil-nadu,1984,KARUR,817972,604929,73.95,MURUGAIAH A. R.,parties.IN.INC,INC,413533,68.36,"KANDASWAMY, M.",parties.IN.DMK,DMK,177970,235563,38.94,src-31c65dbec869,minor,
IN-PC-1976-tamil-nadu-27,tamil-nadu,1984,TIRUCHIRAPPALLI,795398,581882,73.16,ADAIKALARAJ,parties.IN.INC,INC,337786,58.05,N. SELVARASU,parties.IN.DMK,DMK,234881,102905,17.68,src-31c65dbec869,minor,
IN-PC-1976-tamil-nadu-28,tamil-nadu,1984,PERAMBALUR,742190,551432,74.3,S. THANGARAJU,parties.IN.ADK,ADK,350549,63.57,C. THIYAGARAJAN,parties.IN.DMK,DMK,197780,152769,27.7,src-31c65dbec869,minor,
IN-PC-1976-tamil-nadu-29,tamil-nadu,1984,MAYILADUTURAI,721157,556859,77.22,PAKEER MOHAMED E.S.M.,parties.IN.INC,INC,335033,60.16,KALAYANAM P.,parties.IN.DMK,DMK,215390,119643,21.48,src-31c65dbec869,minor,
IN-PC-1976-tamil-nadu-3,tamil-nadu,1984,MADRAS SOUTH,1018795,647851,63.59,VYJAYANTHIMALA,parties.IN.INC,INC,336353,51.92,ERA SEZHIYAN,parties.IN.JP,JNP,288336,48017,7.41,src-31c65dbec869,minor,
IN-PC-1976-tamil-nadu-30,tamil-nadu,1984,NAGAPATTINAM,755903,602911,79.76,"MAHALINGAM, M.",parties.IN.ADK,ADK,300912,49.91,MURUGAIYAN K.,parties.IN.CPI,CPI,298623,2289,0.38,src-31c65dbec869,minor,
IN-PC-1976-tamil-nadu-31,tamil-nadu,1984,THANJAVUR,725425,553470,76.3,SINGARAVADIVEL,parties.IN.INC,INC,306351,55.35,PALANIMANICKAM S.,parties.IN.DMK,DMK,217030,89321,16.14,src-31c65dbec869,minor,
IN-PC-1976-tamil-nadu-32,tamil-nadu,1984,PUDUKKOTTAI,806752,623559,77.29,SUNDARARAJ N.,parties.IN.INC,INC,426717,68.43,VEERIAH K.,parties.IN.DMK,DMK,161813,264904,42.48,src-31c65dbec869,minor,
IN-PC-1976-tamil-nadu-33,tamil-nadu,1984,SIVAGANGA,784016,553792,70.64,P. CHIDAMBARAM,parties.IN.INC,INC,377160,68.1,THA KRUTINAN,parties.IN.DMK,DMK,164627,212533,38.37,src-31c65dbec869,minor,
IN-PC-1976-tamil-nadu-34,tamil-nadu,1984,RAMANATHAPURAM,810454,538082,66.39,V. RAJESHWARAN,parties.IN.INC,INC,274922,51.09,M.S.K. SATHIYENDREN,parties.IN.DMK,DMK,174778,100144,18.61,src-31c65dbec869,minor,
IN-PC-1976-tamil-nadu-35,tamil-nadu,1984,SIVAKASI,838018,603034,71.96,N. SOUNDARARAJAN,parties.IN.ADK,ADK,323786,53.69,A. SRINIVASAN,parties.IN.CPI,CPI,257308,66478,11.02,src-31c65dbec869,minor,
IN-PC-1976-tamil-nadu-36,tamil-nadu,1984,TIRUNELVELI,757930,515091,67.96,M.R. JANARDHANAN,parties.IN.ADK,ADK,296897,57.64,D.S.A. SIVAPRAKASAM,parties.IN.DMK,DMK,210951,85946,16.69,src-31c65dbec869,minor,
IN-PC-1976-tamil-nadu-37,tamil-nadu,1984,TENKASI,735912,529467,71.95,M. ARUNACHALAM,parties.IN.INC,INC,360517,68.09,R. KRISHNAN,parties.IN.CPIM,CPM,168950,191567,36.18,src-31c65dbec869,minor,
IN-PC-1976-tamil-nadu-38,tamil-nadu,1984,TIRUCHENDUR,749008,484579,64.7,K.T. KOSALRAM,parties.IN.INC,INC,345381,71.27,JAWAHARLAL,parties.IN.JP,JNP,121954,223427,46.1,src-31c65dbec869,minor,
IN-PC-1976-tamil-nadu-39,tamil-nadu,1984,NAGERCOIL,720980,470589,65.27,N. DENNIS,parties.IN.INC,INC,235365,50.01,P. VIJAYARAGHAVAN,parties.IN.JP,JNP,223728,11637,2.47,src-31c65dbec869,minor,
IN-PC-1976-tamil-nadu-4,tamil-nadu,1984,SRIPERUMBUDUR,787638,558437,70.9,MARAGATHAM CHANDRASEKHAR,parties.IN.INC,INC,332468,59.54,NAGARATNAM T.,parties.IN.DMK,DMK,222994,109474,19.61,src-31c65dbec869,minor,
IN-PC-1976-tamil-nadu-5,tamil-nadu,1984,CHENGALPATTU,737434,549896,74.57,S. JAGATHRAKSHAKAN,parties.IN.ADK,ADK,297415,54.09,M.V.RAMU,parties.IN.DMK,DMK,239206,58209,10.59,src-31c65dbec869,minor,
IN-PC-1976-tamil-nadu-6,tamil-nadu,1984,ARAKKONAM,757665,560559,73.99,R. JEEVARATHINAM,parties.IN.INC,INC,292606,52.2,PULAVAR K. GOVINDAN,parties.IN.DMK,DMK,231664,60942,10.87,src-31c65dbec869,minor,
IN-PC-1976-tamil-nadu-7,tamil-nadu,1984,VELLORE,748776,537377,71.77,A.C. SHANMUGAM,parties.IN.ADK,ADK,284416,52.93,A.M. RAMALINGAM,parties.IN.DMK,DMK,209693,74723,13.91,src-31c65dbec869,minor,
IN-PC-1976-tamil-nadu-8,tamil-nadu,1984,TIRUPPATTUR,751122,536372,71.41,JAYAMOHAN A.,parties.IN.INC,INC,298159,55.59,ABDUL LATHEEF M.,parties.IN.DMK,DMK,176372,121787,22.71,src-31c65dbec869,minor,
IN-PC-1976-tamil-nadu-9,tamil-nadu,1984,VANDAVASI,763132,547642,71.76,BALARAMAN L.,parties.IN.INC,INC,341267,62.32,PANDIAN R.K.,parties.IN.DMK,DMK,206375,134892,24.64,src-31c65dbec869,minor,
IN-PC-1976-tripura-1,tripura,1984,TRIPURA WEST,622082,477259,76.72,AJOY BISWAS,parties.IN.CPIM,CPM,232339,48.68,SUDHIR RANJAN MAJUMDER,parties.IN.INC,INC,228819,3520,0.74,src-31c65dbec869,minor,
IN-PC-1976-tripura-2,tripura,1984,TRIPURA EAST,586885,440901,75.13,BAJU BAN RIYAN,parties.IN.CPIM,CPM,231023,52.4,KIRIT BIKRAM KISHORE DEBBARMAN,parties.IN.INC,INC,189960,41063,9.32,src-31c65dbec869,minor,
IN-PC-1976-uttar-pradesh-1,uttar-pradesh,1984,TEHRI GARHWAL,665741,320667,48.17,BRAHMA DUTT,parties.IN.INC,INC,203883,63.58,TREPAN SINGH,parties.IN.LKD,LKD,63291,140592,43.84,src-31c65dbec869,minor,
IN-PC-1976-uttar-pradesh-10,uttar-pradesh,1984,BUDAUN,675019,411597,60.98,SALEEM IQBAL SHERWANI,parties.IN.INC,INC,183524,44.59,SHARAD YADAV,parties.IN.LKD,LKD,133782,49742,12.09,src-31c65dbec869,minor,
IN-PC-1976-uttar-pradesh-11,uttar-pradesh,1984,AONLA,656877,319206,48.59,KALYAN SINGH SOLANKI,parties.IN.INC,INC,117327,36.76,JAI PAL SINGH KASHYAP,parties.IN.IND,IND,64504,52823,16.55,src-31c65dbec869,minor,
IN-PC-1976-uttar-pradesh-12,uttar-pradesh,1984,BAREILLY,646148,341322,52.82,ABIDA AHMAD,parties.IN.INC,INC,156904,45.97,SANTOSH KUMAR GANGWAR,parties.IN.BJP,BJP,100996,55908,16.38,src-31c65dbec869,minor,
IN-PC-1976-uttar-pradesh-13,uttar-pradesh,1984,PILIBHIT,712701,436694,61.27,BHANU PRATAP SINGH,parties.IN.INC,INC,278803,63.84,MOHD. SHAMSHUL HASAN KHAN,parties.IN.IND,IND,102133,176670,40.45,src-31c65dbec869,minor,
IN-PC-1976-uttar-pradesh-14,uttar-pradesh,1984,SHAHJAHANPUR,726495,437303,60.19,JITENDRA PRASAD,parties.IN.INC,INC,220912,50.52,SATYA PAL SINGH,parties.IN.ICJ,ICJ,185642,35270,8.07,src-31c65dbec869,minor,
IN-PC-1976-uttar-pradesh-15,uttar-pradesh,1984,KHERI,769692,387267,50.31,USHA KUMARI,parties.IN.INC,INC,279573,72.19,KARAN SINGH,parties.IN.BJP,BJP,43058,236515,61.07,src-31c65dbec869,minor,
IN-PC-1976-uttar-pradesh-16,uttar-pradesh,1984,SHAHABAD,725078,388901,53.64,DHARAMGAJ SINGH,parties.IN.INC,INC,186182,47.87,ASHOK BAJPAYE,parties.IN.JP,JNP,73023,113159,29.09,src-31c65dbec869,minor,
IN-PC-1976-uttar-pradesh-17,uttar-pradesh,1984,SITAPUR,729112,369569,50.69,RAJENDRA KUMARI,parties.IN.INC,INC,185722,50.25,HARGOVIND VERMA,parties.IN.LKD,LKD,92424,93298,25.24,src-31c65dbec869,minor,
IN-PC-1976-uttar-pradesh-18,uttar-pradesh,1984,MISRIKH,722288,366858,50.79,SANKATA PRASAD,parties.IN.INC,INC,237741,64.8,RAM LAL RAHI,parties.IN.LKD,LKD,92462,145279,39.6,src-31c65dbec869,minor,
IN-PC-1976-uttar-pradesh-19,uttar-pradesh,1984,HARDOI,722243,365421,50.6,KINDAR LAL,parties.IN.INC,INC,195088,53.39,PARMAI LAL,parties.IN.LKD,LKD,134685,60403,16.53,src-31c65dbec869,minor,
IN-PC-1976-uttar-pradesh-2,uttar-pradesh,1984,GARHWAL,662209,342251,51.68,CHANDRA MOHAN SINGH,parties.IN.INC,INC,207451,60.61,BHARAT SINGH,parties.IN.LKD,LKD,88570,118881,34.73,src-31c65dbec869,minor,
IN-PC-1976-uttar-pradesh-20,uttar-pradesh,1984,LUCKNOW,754460,304058,40.3,SHEILA KAUL,parties.IN.INC,INC,169260,55.67,MOHD. YUNUS SALEEM,parties.IN.LKD,LKD,47140,122120,40.17,src-31c65dbec869,minor,
IN-PC-1976-uttar-pradesh-21,uttar-pradesh,1984,MOHANLALGANJ,698491,341689,48.92,JAGANNATH PD.,parties.IN.INC,INC,189704,55.52,RAM LAL KUREEL,parties.IN.LKD,LKD,56655,133049,38.94,src-31c65dbec869,minor,
IN-PC-1976-uttar-pradesh-22,uttar-pradesh,1984,UNNAO,715790,410357,57.33,ZIAURRAHMAN ANSARI,parties.IN.INC,INC,215433,52.5,MANOHAR LAL,parties.IN.LKD,LKD,171437,43996,10.72,src-31c65dbec869,minor,
IN-PC-1976-uttar-pradesh-23,uttar-pradesh,1984,RAE BARELI,770192,448143,58.19,ARUN KUMAR NEHRU,parties.IN.INC,INC,314028,70.07,AMBEDKAR SAVITA,parties.IN.LKD,LKD,56475,257553,57.47,src-31c65dbec869,minor,
IN-PC-1976-uttar-pradesh-24,uttar-pradesh,1984,PRATAPGARH,751774,390044,51.88,RAJA DINESH SINGH,parties.IN.INC,INC,279354,71.62,RAM DEO,parties.IN.LKD,LKD,46847,232507,59.61,src-31c65dbec869,minor,
IN-PC-1976-uttar-pradesh-25,uttar-pradesh,1984,AMETHI,740782,436263,58.89,RAJIV GANDHI,parties.IN.INC,INC,365041,83.67,MANEKA GANDHI,parties.IN.IND,IND,50163,314878,72.17,src-31c65dbec869,minor,
IN-PC-1976-uttar-pradesh-26,uttar-pradesh,1984,SULTANPUR,758038,402822,53.14,RAJ KARAN SINGH,parties.IN.INC,INC,219682,54.54,MUSTAKEEM,parties.IN.IND,IND,59625,160057,39.74,src-31c65dbec869,minor,
IN-PC-1976-uttar-pradesh-27,uttar-pradesh,1984,AKBARPUR,756377,434460,57.44,RAM PIYARE SUMAN,parties.IN.INC,INC,194148,44.69,RAM AWADH,parties.IN.LKD,LKD,124527,69621,16.03,src-31c65dbec869,minor,
IN-PC-1976-uttar-pradesh-28,uttar-pradesh,1984,FAIZABAD,723860,388508,53.67,NIRMAL KHATRI,parties.IN.INC,INC,173152,44.57,MITRASEN,parties.IN.CPI,CPI,68660,104492,26.9,src-31c65dbec869,minor,
IN-PC-1976-uttar-pradesh-29,uttar-pradesh,1984,BARA BANKI,692717,380210,54.89,KAMLA PRASAD,parties.IN.INC,INC,202790,53.34,RAM SAGAR,parties.IN.LKD,LKD,108129,94661,24.9,src-31c65dbec869,minor,
IN-PC-1976-uttar-pradesh-3,uttar-pradesh,1984,ALMORA,670370,302012,45.05,HARISH CHANDRA SINGH,parties.IN.INC,INC,185006,61.26,MURLI MANOHAR JOSHI,parties.IN.BJP,BJP,44674,140332,46.47,src-31c65dbec869,minor,
IN-PC-1976-uttar-pradesh-30,uttar-pradesh,1984,KAISERGANJ,724076,338436,46.74,RANA VIR SINGH,parties.IN.INC,INC,179948,53.17,BERI PRASAD VERMA,parties.IN.LKD,LKD,63118,116830,34.52,src-31c65dbec869,minor,
IN-PC-1976-uttar-pradesh-31,uttar-pradesh,1984,BAHRAICH,762567,353231,46.32,ARIF MOHAMMAD KHAN,parties.IN.INC,INC,178621,50.57,RUDRA SEN CHAUDHARI,parties.IN.BJP,BJP,77601,101020,28.6,src-31c65dbec869,minor,
IN-PC-1976-uttar-pradesh-32,uttar-pradesh,1984,BALRAMPUR,753870,397774,52.76,DEEP NARAIN VAN MAHANTH,parties.IN.INC,INC,128207,32.23,FALLUL BARI ALIAS BANNEY BHAI,parties.IN.IND,IND,119551,8656,2.17,src-31c65dbec869,minor,
IN-PC-1976-uttar-pradesh-33,uttar-pradesh,1984,GONDA,759335,385104,50.72,ANAND SINGH ALIAS ANNU BHAIYA,parties.IN.INC,INC,260112,67.54,DEEP NARAIN PANDEY,parties.IN.LKD,LKD,94136,165976,43.1,src-31c65dbec869,minor,
IN-PC-1976-uttar-pradesh-34,uttar-pradesh,1984,BASTI,753818,337717,44.8,RAM AWADH PRASAD,parties.IN.INC,INC,227397,67.33,RAM DULERA SONKAR,parties.IN.LKD,LKD,72795,154602,45.77,src-31c65dbec869,minor,
IN-PC-1976-uttar-pradesh-35,uttar-pradesh,1984,DOMARIAGANJ,783353,437316,55.83,KAZI JALIL ABBASI,parties.IN.INC,INC,226388,51.77,BRIJ BHUSHAN TIWARI,parties.IN.LKD,LKD,113401,112987,25.84,src-31c65dbec869,minor,
IN-PC-1976-uttar-pradesh-36,uttar-pradesh,1984,KHALILABAD,782374,456093,58.3,CHANDRA SHEKHAR,parties.IN.INC,INC,227083,49.79,RAM PRASAD CHAUDHARI,parties.IN.LKD,LKD,90719,136364,29.9,src-31c65dbec869,minor,
IN-PC-1976-uttar-pradesh-37,uttar-pradesh,1984,BANSGAON,771602,369830,47.93,MAHAVIR PRASAD,parties.IN.INC,INC,232747,62.93,RAM SURAT,parties.IN.ICJ,ICJ,58518,174229,47.11,src-31c65dbec869,minor,
IN-PC-1976-uttar-pradesh-38,uttar-pradesh,1984,GORAKHPUR,700548,374203,53.42,MADAN PANDEY,parties.IN.INC,INC,191020,51.05,HARIKESH BAHADUR,parties.IN.LKD,LKD,94420,96600,25.82,src-31c65dbec869,minor,
IN-PC-1976-uttar-pradesh-39,uttar-pradesh,1984,MAHARAJGANJ,715620,445862,62.3,JITENDRA SINGH,parties.IN.INC,INC,208692,46.81,HARI SHANKER TIWARI,parties.IN.IND,IND,84218,124474,27.92,src-31c65dbec869,minor,
IN-PC-1976-uttar-pradesh-4,uttar-pradesh,1984,NAINITAL,681281,426013,62.53,SATENDRA CHANDRA,parties.IN.INC,INC,274557,64.45,AKBAR AHMAD,parties.IN.IND,IND,107897,166660,39.12,src-31c65dbec869,minor,
IN-PC-1976-uttar-pradesh-40,uttar-pradesh,1984,PADRAUNA,776630,396675,51.08,CHANDRA PRATAP NARAIN SINGH,parties.IN.INC,INC,189209,47.7,SIRAJ AHMAD,parties.IN.LKD,LKD,112831,76378,19.26,src-31c65dbec869,minor,
IN-PC-1976-uttar-pradesh-41,uttar-pradesh,1984,DEORIA,793421,430279,54.23,RAJMANGAL PANDEY,parties.IN.INC,INC,239708,55.71,RAMDHARI SHASTRI,parties.IN.LKD,LKD,94607,145101,33.72,src-31c65dbec869,minor,
IN-PC-1976-uttar-pradesh-42,uttar-pradesh,1984,SALEMPUR,814874,383143,47.02,RAM NAGINA MISRA,parties.IN.INC,INC,152231,39.73,JANESHWAR MISRA,parties.IN.LKD,LKD,91695,60536,15.8,src-31c65dbec869,minor,
IN-PC-1976-uttar-pradesh-43,uttar-pradesh,1984,BALLIA,795336,429646,54.02,JAGANNATH CHOWDHARI,parties.IN.INC,INC,225984,52.6,CHANDRASHEKHAR,parties.IN.JP,JNP,172044,53940,12.56,src-31c65dbec869,minor,
IN-PC-1976-uttar-pradesh-44,uttar-pradesh,1984,GHOSI,771606,412859,53.51,RAJ KUMAR,parties.IN.INC,INC,160102,38.78,RAMESHWAR SINGH,parties.IN.LKD,LKD,95256,64846,15.71,src-31c65dbec869,minor,
IN-PC-1976-uttar-pradesh-45,uttar-pradesh,1984,AZAMGARH,760683,418008,54.95,SANTOSH KUMAR SINGH,parties.IN.INC,INC,170051,40.68,RAM NARESH YADAV,parties.IN.LKD,LKD,167265,2786,0.67,src-31c65dbec869,minor,
IN-PC-1976-uttar-pradesh-46,uttar-pradesh,1984,LALGANJ,826179,416816,50.45,RAMDHAN,parties.IN.INC,INC,218963,52.53,LALSA,parties.IN.LKD,LKD,114695,104268,25.01,src-31c65dbec869,minor,
IN-PC-1976-uttar-pradesh-47,uttar-pradesh,1984,MACHHLISHAHR,770722,401680,52.12,SRIPATI,parties.IN.INC,INC,179140,44.6,SHIV SHARAN VARMA,parties.IN.LKD,LKD,111278,67862,16.9,src-31c65dbec869,minor,
IN-PC-1976-uttar-pradesh-48,uttar-pradesh,1984,JAUNPUR,760090,431951,56.83,KAMALA PRASAD SINGH,parties.IN.INC,INC,201311,46.61,RAM DAS,parties.IN.LKD,LKD,119788,81523,18.88,src-31c65dbec869,minor,
IN-PC-1976-uttar-pradesh-49,uttar-pradesh,1984,SAIDPUR,802047,378120,47.14,RAM SMUJHAWAN,parties.IN.INC,INC,174291,46.09,AWADHESH KUMAR,parties.IN.LKD,LKD,97757,76534,20.24,src-31c65dbec869,minor,
IN-PC-1976-uttar-pradesh-5,uttar-pradesh,1984,BIJNOR,725760,386008,53.19,GIRDHAR LAL,parties.IN.INC,INC,219185,56.78,MANGAL RAM PREMI,parties.IN.LKD,LKD,119372,99813,25.86,src-31c65dbec869,minor,
IN-PC-1976-uttar-pradesh-50,uttar-pradesh,1984,GHAZIPUR,798528,459287,57.52,ZAINUL BASHER,parties.IN.INC,INC,167194,36.4,JAGDISH,parties.IN.LKD,LKD,96633,70561,15.36,src-31c65dbec869,minor,
IN-PC-1976-uttar-pradesh-51,uttar-pradesh,1984,CHANDAULI,770457,448575,58.22,CHANDA TRIPATI,parties.IN.INC,INC,201516,44.92,NIHAL,parties.IN.ICJ,ICJ,150415,51101,11.39,src-31c65dbec869,minor,
IN-PC-1976-uttar-pradesh-52,uttar-pradesh,1984,VARANASI,684495,368112,53.78,SHYAM LAL YADAVA,parties.IN.INC,INC,153076,41.58,UDAL,parties.IN.CPI,CPI,58646,94430,25.65,src-31c65dbec869,minor,
IN-PC-1976-uttar-pradesh-53,uttar-pradesh,1984,ROBERTSGANJ,804364,379528,47.18,RAM PYARE,parties.IN.INC,INC,189588,49.95,PANNA LAL,parties.IN.LKD,LKD,99529,90059,23.73,src-31c65dbec869,minor,
IN-PC-1976-uttar-pradesh-54,uttar-pradesh,1984,MIRZAPUR,781816,403971,51.67,UMA KANT MISHRA,parties.IN.INC,INC,149606,37.03,ASHA RAM,parties.IN.LKD,LKD,118238,31368,7.76,src-31c65dbec869,minor,
IN-PC-1976-uttar-pradesh-55,uttar-pradesh,1984,PHULPUR,756590,450838,59.59,RAM PUJAN PATEL,parties.IN.INC,INC,242538,53.8,RAHMAN ALI,parties.IN.LKD,LKD,127966,114572,25.42,src-31c65dbec869,minor,
IN-PC-1976-uttar-pradesh-56,uttar-pradesh,1984,ALLAHABAD,777652,436120,56.08,AMITABH BACHCHAN,parties.IN.INC,INC,297461,68.21,HEMWATI NANDAN BAHUGANA,parties.IN.LKD,LKD,109666,187795,43.06,src-31c65dbec869,minor,
IN-PC-1976-uttar-pradesh-57,uttar-pradesh,1984,CHAIL,759882,319433,42.04,BIHARI LAL SHAILESH,parties.IN.INC,INC,150306,47.05,RAMNISHORE RAKESH,parties.IN.LKD,LKD,146888,3418,1.07,src-31c65dbec869,minor,
IN-PC-1976-uttar-pradesh-58,uttar-pradesh,1984,FATEHPUR,752578,374482,49.76,HARI KRISHNA SHASTRI,parties.IN.INC,INC,208578,55.7,SYED LIAQUAT HUSAIN,parties.IN.LKD,LKD,115695,92883,24.81,src-31c65dbec869,minor,
IN-PC-1976-uttar-pradesh-59,uttar-pradesh,1984,BANDA,708382,378132,53.38,BHISM DEO DUBEY,parties.IN.INC,INC,142085,37.58,RAM SAJIWAN,parties.IN.CPI,CPI,84586,57499,15.21,src-31c65dbec869,minor,
IN-PC-1976-uttar-pradesh-6,uttar-pradesh,1984,AMROHA,702442,455698,64.87,RAM PAL SINGH,parties.IN.INC,INC,181642,39.86,ISHRAT ALI ANSARI,parties.IN.IND,IND,164365,17277,3.79,src-31c65dbec869,minor,
IN-PC-1976-uttar-pradesh-60,uttar-pradesh,1984,HAMIRPUR,672800,379394,56.39,SWAMI PRASAD SINGH,parties.IN.INC,INC,199460,52.57,BRIJENDRA SINGH,parties.IN.LKD,LKD,136149,63311,16.68,src-31c65dbec869,minor,
IN-PC-1976-uttar-pradesh-61,uttar-pradesh,1984,JHANSI,773224,460729,59.59,SUJAN SINGH BUNDELA,parties.IN.INC,INC,245029,53.18,RAJENDRA AGNIHOTRI,parties.IN.BJP,BJP,129106,115923,25.16,src-31c65dbec869,minor,
IN-PC-1976-uttar-pradesh-62,uttar-pradesh,1984,JALAUN,732228,374740,51.18,LACHHI RAM,parties.IN.INC,INC,170510,45.5,RAM SEWAK BHATIYA,parties.IN.LKD,LKD,117273,53237,14.21,src-31c65dbec869,minor,
IN-PC-1976-uttar-pradesh-63,uttar-pradesh,1984,GHATAMPUR,728540,364037,49.97,ASKARAN,parties.IN.INC,INC,177975,48.89,KESHRI LAL,parties.IN.LKD,LKD,129105,48870,13.43,src-31c65dbec869,minor,
IN-PC-1976-uttar-pradesh-64,uttar-pradesh,1984,BILHAUR,735505,428402,58.25,JAGDISH AWASTHI,parties.IN.INC,INC,234466,54.73,RAGHUNATH SINGH,parties.IN.IND,IND,152856,81610,19.05,src-31c65dbec869,minor,
IN-PC-1976-uttar-pradesh-65,uttar-pradesh,1984,KANPUR,672538,376216,55.94,NARESH CHANDRA CHATURVEDI,parties.IN.INC,INC,214160,56.92,SAYED SHAHABUDDIN,parties.IN.JP,JNP,76791,137369,36.51,src-31c65dbec869,minor,
IN-PC-1976-uttar-pradesh-66,uttar-pradesh,1984,ETAWAH,722895,428220,59.24,RAGHURAJ SINGH,parties.IN.INC,INC,184404,43.06,DHANI RAM VERMA,parties.IN.LKD,LKD,161336,23068,5.38,src-31c65dbec869,minor,
IN-PC-1976-uttar-pradesh-67,uttar-pradesh,1984,KANNAUJ,746090,481675,64.56,SHEILA DIXIT,parties.IN.INC,INC,199621,41.44,CHHOTEY SINGH YADAV,parties.IN.LKD,LKD,137806,61815,12.83,src-31c65dbec869,minor,
IN-PC-1976-uttar-pradesh-68,uttar-pradesh,1984,FARRUKHABAD,774883,451359,58.25,KHURSHED ALAM KHAN,parties.IN.INC,INC,236892,52.48,DAYA RAM SHAKYA,parties.IN.BJP,BJP,110281,126611,28.05,src-31c65dbec869,minor,
IN-PC-1976-uttar-pradesh-69,uttar-pradesh,1984,MAINPURI,708050,427855,60.43,BALRAM SINGH YADAV,parties.IN.INC,INC,214322,50.09,RAVINDRA SINGH CHAUHAN,parties.IN.LKD,LKD,159314,55008,12.85,src-31c65dbec869,minor,
IN-PC-1976-uttar-pradesh-7,uttar-pradesh,1984,MORADABAD,670189,397672,59.34,HAFIZ MOHD. SIDDIQUE,parties.IN.INC,INC,116942,29.41,HAZI GULAM MOHD. KHAN,parties.IN.LKD,LKD,109829,7113,1.79,src-31c65dbec869,minor,
IN-PC-1976-uttar-pradesh-70,uttar-pradesh,1984,JALESAR,687471,383572,55.79,KAILASH CHANDRA YADAV,parties.IN.INC,INC,149004,38.85,SUSHILA DEVI,parties.IN.LKD,LKD,139266,9738,2.54,src-31c65dbec869,minor,
IN-PC-1976-uttar-pradesh-71,uttar-pradesh,1984,ETAH,655413,350403,53.46,MUHAMMAD MEHFOOJ ALI KHAN ALIAS PYAREY MAIN,parties.IN.LKD,LKD,110627,31.57,MALIK MOH. MUSHIR AHMAD KHAN,parties.IN.INC,INC,107196,3431,0.98,src-31c65dbec869,minor,
IN-PC-1976-uttar-pradesh-72,uttar-pradesh,1984,FIROZABAD,717338,336998,46.98,GANGA RAM,parties.IN.INC,INC,161079,47.8,RAJESH KUMAR SINGH,parties.IN.LKD,LKD,97577,63502,18.85,src-31c65dbec869,minor,
IN-PC-1976-uttar-pradesh-73,uttar-pradesh,1984,AGRA,639657,342057,53.48,NIHAL SINGH,parties.IN.INC,INC,147473,43.11,UDAYAN SHARMA,parties.IN.LKD,LKD,107796,39677,11.6,src-31c65dbec869,minor,
IN-PC-1976-uttar-pradesh-74,uttar-pradesh,1984,MATHURA,727822,448564,61.63,MANVENDRA SINGH,parties.IN.INC,INC,263248,58.69,GAYATREE DEVI,parties.IN.LKD,LKD,159848,103400,23.05,src-31c65dbec869,minor,
IN-PC-1976-uttar-pradesh-75,uttar-pradesh,1984,HATHRAS,744969,371544,49.87,PURAN CHAND,parties.IN.INC,INC,165387,44.51,BANGALI SINGH,parties.IN.LKD,LKD,120749,44638,12.01,src-31c65dbec869,minor,
IN-PC-1976-uttar-pradesh-76,uttar-pradesh,1984,ALIGARH,735424,398208,54.15,USHA RANI,parties.IN.INC,INC,216329,54.33,BUDHPRIYA MORYA,parties.IN.LKD,LKD,114098,102231,25.68,src-31c65dbec869,minor,
IN-PC-1976-uttar-pradesh-77,uttar-pradesh,1984,KHURJA,714153,362749,50.79,VEER SEN,parties.IN.INC,INC,212932,58.7,TRILIK CHAND,parties.IN.LKD,LKD,94907,118025,32.54,src-31c65dbec869,minor,
IN-PC-1976-uttar-pradesh-78,uttar-pradesh,1984,BULANDSHAHR,711066,401555,56.47,KR. SURENDRA PAL,parties.IN.INC,INC,228039,56.79,KIRAN PAL SINGH,parties.IN.LKD,LKD,132139,95900,23.88,src-31c65dbec869,minor,
IN-PC-1976-uttar-pradesh-79,uttar-pradesh,1984,HAPUR,768575,453122,58.96,KEDAR NATH,parties.IN.INC,INC,254823,56.24,KISHAN CHAND TYAGI,parties.IN.LKD,LKD,104147,150676,33.26,src-31c65dbec869,minor,
IN-PC-1976-uttar-pradesh-8,uttar-pradesh,1984,RAMPUR,752171,482733,64.18,ZULFIQUAR ALI KHAN,parties.IN.INC,INC,242209,50.17,RAJENDRA KUMAR SHARMA,parties.IN.BJP,BJP,123252,118957,24.64,src-31c65dbec869,minor,
IN-PC-1976-uttar-pradesh-80,uttar-pradesh,1984,MEERUT,744181,473109,63.57,MOHSINA KIDWAI,parties.IN.INC,INC,238236,50.36,MANZOOR AHMAD,parties.IN.LKD,LKD,141718,96518,20.41,src-31c65dbec869,minor,
IN-PC-1976-uttar-pradesh-81,uttar-pradesh,1984,BAGHPAT,754811,471814,62.51,CHARAN SINGH,parties.IN.LKD,LKD,253463,53.72,MAHESH CHAND,parties.IN.INC,INC,167789,85674,18.16,src-31c65dbec869,minor,
IN-PC-1976-uttar-pradesh-82,uttar-pradesh,1984,MUZAFFARNAGAR,713140,476513,66.82,DHARAM VIR SINGH,parties.IN.INC,INC,242751,50.94,NARAIN SINGH,parties.IN.LKD,LKD,134730,108021,22.67,src-31c65dbec869,minor,
IN-PC-1976-uttar-pradesh-83,uttar-pradesh,1984,KAIRANA,702980,447137,63.61,AKHTAR HASAN,parties.IN.INC,INC,236904,52.98,SHYAM SINGH,parties.IN.LKD,LKD,138355,98549,22.04,src-31c65dbec869,minor,
IN-PC-1976-uttar-pradesh-84,uttar-pradesh,1984,SAHARANPUR,740467,521955,70.49,YASHPAL SINGH,parties.IN.INC,INC,277339,53.13,RASHEED MASOOD,parties.IN.LKD,LKD,204730,72609,13.91,src-31c65dbec869,minor,
IN-PC-1976-uttar-pradesh-85,uttar-pradesh,1984,HARDWAR,692463,442724,63.93,SUNDER LAL,parties.IN.INC,INC,253892,57.35,JAGPAL SINGH,parties.IN.LKD,LKD,118704,135188,30.54,src-31c65dbec869,minor,
IN-PC-1976-uttar-pradesh-9,uttar-pradesh,1984,SAMBHAL,666568,340543,51.09,SHANTI DEVI,parties.IN.INC,INC,124175,36.46,SULTAN SINGH YADAV,parties.IN.LKD,LKD,82932,41243,12.11,src-31c65dbec869,minor,
IN-PC-1976-west-bengal-1,west-bengal,1984,COOCH BEHAR,777024,650717,83.74,AMAR ROY PRODHAN,parties.IN.AIFB,FBL,345160,53.04,PRASENJIT BARMAN,parties.IN.INC,INC,299643,45517,6.99,src-31c65dbec869,minor,
IN-PC-1976-west-bengal-10,west-bengal,1984,BERHAMPORE,867180,652616,75.26,ATISH CHANDRA SINHA,parties.IN.INC,INC,317011,48.58,TRIDIB CHAUDHURI,parties.IN.RSP,RSP,313964,3047,0.47,src-31c65dbec869,minor,
IN-PC-1976-west-bengal-11,west-bengal,1984,KRISHNAGAR,730764,598263,81.87,RENU PADA DAS,parties.IN.CPIM,CPM,294657,49.25,SANKAR DAS BANERJI,parties.IN.INC,INC,289870,4787,0.8,src-31c65dbec869,minor,
IN-PC-1976-west-bengal-12,west-bengal,1984,NABADWIP,856500,682823,79.72,BIBHA GHOSH (GOSWAMI),parties.IN.CPIM,CPM,341188,49.97,APURBA LAL MAJUMDAR,parties.IN.INC,INC,334536,6652,0.98,src-31c65dbec869,minor,
IN-PC-1976-west-bengal-13,west-bengal,1984,BARASAT,839673,693855,82.63,TARUN KANTI GHOSH,parties.IN.INC,INC,343184,49.46,CHITTA BASU,parties.IN.AIFB,FBL,330572,12612,1.82,src-31c65dbec869,minor,
IN-PC-1976-west-bengal-14,west-bengal,1984,BASIRHAT,754765,607779,80.53,INDRAJIT GUPTA,parties.IN.CPI,CPI,315444,51.9,KAMAL BASU,parties.IN.INC,INC,276401,39043,6.42,src-31c65dbec869,minor,
IN-PC-1976-west-bengal-15,west-bengal,1984,JOYNAGAR,762924,598555,78.46,SANT KUMAR MANDAL,parties.IN.RSP,RSP,264406,44.17,ARDHENDU SEKHAR NASKAR,parties.IN.INC,INC,243957,20449,3.41,src-31c65dbec869,minor,
IN-PC-1976-west-bengal-16,west-bengal,1984,MATHURAPUR,734234,590776,80.46,MANORANJAN HALDER,parties.IN.INC,INC,282343,47.79,NIRMAL SINHA,parties.IN.CPIM,CPM,280044,2299,0.39,src-31c65dbec869,minor,
IN-PC-1976-west-bengal-17,west-bengal,1984,DIAMOND HARBOUR,795313,586029,73.69,AMAL DATTA,parties.IN.CPIM,CPM,281271,48,SUDHENDU MUNDLE,parties.IN.INC,INC,276598,4673,0.8,src-31c65dbec869,minor,
IN-PC-1976-west-bengal-18,west-bengal,1984,JADAVPUR,871732,651905,74.78,MAMATA BANERJEE,parties.IN.INC,INC,331618,50.87,SOMNATH CHATTERJEE,parties.IN.CPIM,CPM,311958,19660,3.02,src-31c65dbec869,minor,
IN-PC-1976-west-bengal-19,west-bengal,1984,BARRACKPORE,778226,604376,77.66,DEBI GHOSAL,parties.IN.INC,INC,323483,53.52,MOHAMMED AMIN,parties.IN.CPIM,CPM,269814,53669,8.88,src-31c65dbec869,minor,
IN-PC-1976-west-bengal-2,west-bengal,1984,ALIPURDUARS,736742,536181,72.78,PIJUS TIRKEY,parties.IN.RSP,RSP,278358,51.91,PHILIP MINJ,parties.IN.INC,INC,248176,30182,5.62,src-31c65dbec869,minor,
IN-PC-1976-west-bengal-20,west-bengal,1984,DUM DUM,1005879,761265,75.68,ASUTOSH LAW,parties.IN.INC,INC,381984,50.18,NIREN GHOSH,parties.IN.CPIM,CPM,379281,2703,0.36,src-31c65dbec869,minor,
IN-PC-1976-west-bengal-21,west-bengal,1984,CALCUTTA NORTH WEST,598108,378221,63.24,ASHOK KUMAR SEN,parties.IN.INC,INC,242982,64.24,AMIYA NATH BOSE,parties.IN.AIFB,FBL,110560,132422,35.01,src-31c65dbec869,minor,
IN-PC-1976-west-bengal-22,west-bengal,1984,CALCUTTA NORTH EAST,709568,497876,70.17,AJIT KUMAR PANJA,parties.IN.INC,INC,284324,57.11,SUNIL MAITRA,parties.IN.CPIM,CPM,195748,88576,17.79,src-31c65dbec869,minor,
IN-PC-1976-west-bengal-23,west-bengal,1984,CALCUTTA SOUTH,803022,570566,71.05,BHOLA NATH SEN,parties.IN.INC,INC,324823,56.93,SATYASADHAN CHAKRABORTY,parties.IN.CPIM,CPM,235884,88939,15.59,src-31c65dbec869,minor,
IN-PC-1976-west-bengal-24,west-bengal,1984,HOWRAH,899038,677347,75.34,PRIYA RANJAN DAS MUNSHI,parties.IN.INC,INC,381216,56.28,SAMAR MUKHERJEE,parties.IN.CPIM,CPM,287174,94042,13.88,src-31c65dbec869,minor,
IN-PC-1976-west-bengal-25,west-bengal,1984,ULUBERIA,774360,618097,79.82,HANNAN MOLLAH,parties.IN.CPIM,CPM,312041,50.48,ANWAR ALI SK.,parties.IN.INC,INC,299616,12425,2.01,src-31c65dbec869,minor,
IN-PC-1976-west-bengal-26,west-bengal,1984,SERAMPORE,875228,656564,75.02,BIMAL KANTI GHOSH,parties.IN.INC,INC,338152,51.5,AJIT BAG,parties.IN.CPIM,CPM,307921,30231,4.6,src-31c65dbec869,minor,
IN-PC-1976-west-bengal-27,west-bengal,1984,HOOGHLY,774719,634706,81.93,INDUMATI BHATTACHARYYA,parties.IN.INC,INC,320436,50.49,RUP CHAND PAL,parties.IN.CPIM,CPM,309469,10967,1.73,src-31c65dbec869,minor,
IN-PC-1976-west-bengal-28,west-bengal,1984,ARAMBAGH,768645,649912,84.55,ANIL BASU,parties.IN.CPIM,CPM,327786,50.44,GOPAL DAS NAG,parties.IN.INC,INC,313626,14160,2.18,src-31c65dbec869,minor,
IN-PC-1976-west-bengal-29,west-bengal,1984,PANSKURA,709027,599884,84.61,GEETA MUKHERJEE,parties.IN.CPI,CPI,321694,53.63,CHITTARANJAN CHAKRABORTY,parties.IN.INC,INC,273818,47876,7.98,src-31c65dbec869,minor,
IN-PC-1976-west-bengal-3,west-bengal,1984,JALPAIGURI,747874,565704,75.64,MANIK SANYAL,parties.IN.CPIM,CPM,285619,50.49,ARUN MOITRA,parties.IN.INC,INC,252447,33172,5.86,src-31c65dbec869,minor,
IN-PC-1976-west-bengal-30,west-bengal,1984,TAMLUK,766616,628754,82.02,MISHRA SATYAGOPAL,parties.IN.CPIM,CPM,313955,49.93,SARADINDU SAMANTA,parties.IN.INC,INC,302263,11692,1.86,src-31c65dbec869,minor,
IN-PC-1976-west-bengal-31,west-bengal,1984,CONTAI,697117,557365,79.95,PHULRENU GUHA,parties.IN.INC,INC,282065,50.61,SUDHI KUMAR GIRI,parties.IN.CPIM,CPM,268307,13758,2.47,src-31c65dbec869,minor,
IN-PC-1976-west-bengal-32,west-bengal,1984,MIDNAPORE,761479,599292,78.7,NARAYAN CHOUBEY,parties.IN.CPI,CPI,318511,53.15,AJIT KUMAR KHANRA,parties.IN.INC,INC,261514,56997,9.51,src-31c65dbec869,minor,
IN-PC-1976-west-bengal-33,west-bengal,1984,JHARGRAM,746406,575366,77.08,MOTILAL HANSDA,parties.IN.CPIM,CPM,290454,50.48,AMIYA KUMAR KISKU,parties.IN.INC,INC,215212,75242,13.08,src-31c65dbec869,minor,
IN-PC-1976-west-bengal-34,west-bengal,1984,PURULIA,754447,544769,72.21,CHITTARANJAN MAHATA,parties.IN.AIFB,FBL,261460,47.99,K.P. SINGH DEO,parties.IN.INC,INC,247709,13751,2.52,src-31c65dbec869,minor,
IN-PC-1976-west-bengal-35,west-bengal,1984,BANKURA,771050,551500,71.53,ACHARIA BASUDEB,parties.IN.CPIM,CPM,268136,48.62,ARUN KUMAR BHATTACHARYA,parties.IN.INC,INC,243920,24216,4.39,src-31c65dbec869,minor,
IN-PC-1976-west-bengal-36,west-bengal,1984,VISHNUPUR,761725,599875,78.75,AJIT KUMAR SAHA,parties.IN.CPIM,CPM,328580,54.77,GOURANDR CHA LOHAR,parties.IN.INC,INC,252940,75640,12.6,src-31c65dbec869,minor,
IN-PC-1976-west-bengal-37,west-bengal,1984,DURGAPUR,828869,630608,76.08,PURNA CHANDRA MALIK,parties.IN.CPIM,CPM,334688,53.07,GOPAL MONDAL,parties.IN.INC,INC,295920,38768,6.14,src-31c65dbec869,minor,
IN-PC-1976-west-bengal-38,west-bengal,1984,ASANSOL,893685,605628,67.77,ANADA GOPAL MUKHERJEE,parties.IN.INC,INC,334212,55.18,BAMAPADA MUKHERJEE,parties.IN.CPIM,CPM,247546,86666,14.31,src-31c65dbec869,minor,
IN-PC-1976-west-bengal-39,west-bengal,1984,BURDWAN,840465,685114,81.52,SUDHIR RAY,parties.IN.CPIM,CPM,366547,53.5,PRADYUT GUHA,parties.IN.INC,INC,308863,57684,8.42,src-31c65dbec869,minor,
IN-PC-1976-west-bengal-4,west-bengal,1984,DARJEELING,824564,544977,66.09,ANANDA PRASAD PATHAK,parties.IN.CPIM,CPM,228679,41.96,DAWA NARBULA,parties.IN.INC,INC,227290,1389,0.25,src-31c65dbec869,minor,
IN-PC-1976-west-bengal-40,west-bengal,1984,KATWA,800536,649052,81.08,SAIFUDDIN CHOWDHURY,parties.IN.CPIM,CPM,346251,53.35,CHOWDHURY SIDDIQULLAH,parties.IN.INC,INC,302801,43450,6.7,src-31c65dbec869,minor,
IN-PC-1976-west-bengal-41,west-bengal,1984,BOLPUR,752853,576737,76.61,SARADISH ROY,parties.IN.CPIM,CPM,317749,55.09,NIHAR DUTTA,parties.IN.INC,INC,256818,60931,10.56,src-31c65dbec869,minor,
IN-PC-1976-west-bengal-42,west-bengal,1984,BIRBHUM,751344,552778,73.57,GADAHAR SAHA,parties.IN.CPIM,CPM,278155,50.32,BADAL BAGDI,parties.IN.INC,INC,264674,13481,2.44,src-31c65dbec869,minor,
IN-PC-1976-west-bengal-5,west-bengal,1984,RAIGANJ,767348,562100,73.25,GOLAM YAZDANI,parties.IN.INC,INC,271983,48.39,SUBRATA MUKHERJEE,parties.IN.CPIM,CPM,251759,20224,3.6,src-31c65dbec869,minor,
IN-PC-1976-west-bengal-6,west-bengal,1984,BALURGHAT,768931,616530,80.18,PALAS BARMAN,parties.IN.RSP,RSP,317141,51.44,SATYENDRA NATH RAY,parties.IN.INC,INC,294924,22217,3.6,src-31c65dbec869,minor,
IN-PC-1976-west-bengal-7,west-bengal,1984,MALDA,716971,587355,81.92,ABU BARKAT ATAUL GHANI KHAN CHOUDHURY,parties.IN.INC,INC,304963,51.92,DINESH JOARDAR,parties.IN.CPIM,CPM,258337,46626,7.94,src-31c65dbec869,minor,
IN-PC-1976-west-bengal-8,west-bengal,1984,JANGIPUR,774538,586736,75.75,ABEDIN ZAINAL,parties.IN.CPIM,CPM,283977,48.4,MD. SOHORAB,parties.IN.INC,INC,269239,14738,2.51,src-31c65dbec869,minor,
IN-PC-1976-west-bengal-9,west-bengal,1984,MURSHIDABAD,806154,672829,83.46,SYED MUSUDAL HOSSAIN,parties.IN.CPIM,CPM,316571,47.05,AZIZUR RAHMAN,parties.IN.INC,INC,310309,6262,0.93,src-31c65dbec869,minor,
