entity_id,state,election_year,constituency_no,constituency_name,candidate_name,party_id,votes,vote_share_pct,position,result,sex,age,education,profession,candidate_type,source_id
IN-AC-2008-assam-1792,assam,2011,1,RATABARI,KRIPANATH MALLAH,,33043,39.82,1,won,U,35,Graduate,Ex MLA,challenger,src-1b7bc1c9d39a
IN-AC-2008-assam-1792,assam,2011,1,RATABARI,NIKHIL SUKLABAIDYA,,20614,24.84,2,lost,U,44,Others,,challenger,src-1b7bc1c9d39a
IN-AC-2008-assam-1792,assam,2011,1,RATABARI,PRIYADA RANJAN MALLICK,,17500,21.09,3,lost,U,63,12th Pass,,challenger,src-1b7bc1c9d39a
IN-AC-2008-assam-1792,assam,2011,1,RATABARI,AMARESH ROY,,3938,4.75,4,forfeit,U,41,Post Graduate,,challenger,src-1b7bc1c9d39a
IN-AC-2008-assam-1792,assam,2011,1,RATABARI,RAGENDRA CHANDRA DAS,,3147,3.79,5,forfeit,U,46,10th Pass,,challenger,src-1b7bc1c9d39a
IN-AC-2008-assam-1792,assam,2011,1,RATABARI,MOON SWARNAKAR,,1741,2.1,6,forfeit,U,36,Graduate,,challenger,src-1b7bc1c9d39a
IN-AC-2008-assam-1792,assam,2011,1,RATABARI,BIJOY PRASAD MALLAH,,813,0.98,7,forfeit,U,33,,,challenger,src-1b7bc1c9d39a
IN-AC-2008-assam-1792,assam,2011,1,RATABARI,MUNILAL RABIDAS,,571,0.69,8,forfeit,U,41,8th Pass,,challenger,src-1b7bc1c9d39a
IN-AC-2008-assam-1792,assam,2011,1,RATABARI,NIRMAL MALLICK,,457,0.55,9,forfeit,U,37,8th Pass,,challenger,src-1b7bc1c9d39a
IN-AC-2008-assam-1792,assam,2011,1,RATABARI,PARIKSHIT ROY,,414,0.5,10,forfeit,U,39,10th Pass,,challenger,src-1b7bc1c9d39a
IN-AC-2008-assam-1792,assam,2011,1,RATABARI,ANANDA SANKAR MALLAH,,406,0.49,11,forfeit,U,39,8th Pass,,challenger,src-1b7bc1c9d39a
IN-AC-2008-assam-1792,assam,2011,1,RATABARI,PRADIP BANIA,,329,0.4,12,forfeit,U,35,,,challenger,src-1b7bc1c9d39a
IN-AC-2008-assam-1791,assam,2011,2,PATHARKANDI,MONILAL GOWALA,,44986,42.26,1,won,U,67,Graduate Professional,,challenger,src-1b7bc1c9d39a
IN-AC-2008-assam-1791,assam,2011,2,PATHARKANDI,KARTIK SENA SINHA,,41762,39.23,2,lost,U,37,12th Pass,,incumbent,src-1b7bc1c9d39a
IN-AC-2008-assam-1791,assam,2011,2,PATHARKANDI,SUKHENDU SHEKHAR DUTTA,,9424,8.85,3,forfeit,U,70,Doctorate,Lawyer,challenger,src-1b7bc1c9d39a
IN-AC-2008-assam-1791,assam,2011,2,PATHARKANDI,KRIPESH RANJAN DASGUPTA,,6234,5.86,4,forfeit,U,59,12th Pass,,challenger,src-1b7bc1c9d39a
IN-AC-2008-assam-1791,assam,2011,2,PATHARKANDI,NIKHIL KUMAR SEN,,1417,1.33,5,forfeit,U,58,Graduate,,challenger,src-1b7bc1c9d39a
IN-AC-2008-assam-1791,assam,2011,2,PATHARKANDI,RUPAM NANDI PURKAYASTHA,,1267,1.19,6,forfeit,U,43,12th Pass,,challenger,src-1b7bc1c9d39a
IN-AC-2008-assam-1791,assam,2011,2,PATHARKANDI,DEBANGSHU NATH,,764,0.72,7,forfeit,U,42,Graduate,School Teacher,challenger,src-1b7bc1c9d39a
IN-AC-2008-assam-1791,assam,2011,2,PATHARKANDI,MAIN UDDIN CHOUDHURY,,602,0.57,8,forfeit,U,58,10th Pass,,challenger,src-1b7bc1c9d39a
IN-AC-2008-assam-1788,assam,2011,3,KARIMGANJ NORTH,KAMALAKHYA DEY PURKAYASTHA,,45027,41.53,1,won,U,33,Graduate,,challenger,src-1b7bc1c9d39a
IN-AC-2008-assam-1788,assam,2011,3,KARIMGANJ NORTH,MISSION RANJAN DAS,,27257,25.14,2,lost,U,50,Graduate Professional,Lawyer,incumbent,src-1b7bc1c9d39a
IN-AC-2008-assam-1788,assam,2011,3,KARIMGANJ NORTH,ABDUL MUQTADIR CHOUDHURY,,23497,21.67,3,lost,U,70,Post Graduate,,crossover,src-1b7bc1c9d39a
IN-AC-2008-assam-1788,assam,2011,3,KARIMGANJ NORTH,NAZRUL ISLAM CHOUDHURY,,7784,7.18,4,forfeit,U,49,12th Pass,,challenger,src-1b7bc1c9d39a
IN-AC-2008-assam-1788,assam,2011,3,KARIMGANJ NORTH,SATYAJIT PAUL PURKAYASTHA (SAJAL),,2388,2.2,5,forfeit,U,33,10th Pass,,challenger,src-1b7bc1c9d39a
IN-AC-2008-assam-1788,assam,2011,3,KARIMGANJ NORTH,SAHAB UDDIN CHOUDHURY,,530,0.49,6,forfeit,U,37,Post Graduate,,challenger,src-1b7bc1c9d39a
IN-AC-2008-assam-1788,assam,2011,3,KARIMGANJ NORTH,PIKLU DAS,,433,0.4,7,forfeit,U,50,Graduate,School Teacher,challenger,src-1b7bc1c9d39a
IN-AC-2008-assam-1788,assam,2011,3,KARIMGANJ NORTH,AKSHAY SUKLABAIDYA,,334,0.31,8,forfeit,U,38,10th Pass,,challenger,src-1b7bc1c9d39a
IN-AC-2008-assam-1788,assam,2011,3,KARIMGANJ NORTH,SATH KARI SAHA,,318,0.29,9,forfeit,U,37,10th Pass,,challenger,src-1b7bc1c9d39a
IN-AC-2008-assam-1788,assam,2011,3,KARIMGANJ NORTH,BIKASH KANTI ROY,,252,0.23,10,forfeit,U,52,12th Pass,,challenger,src-1b7bc1c9d39a
IN-AC-2008-assam-1788,assam,2011,3,KARIMGANJ NORTH,SAD UDDIN,,217,0.2,11,forfeit,U,36,8th Pass,,challenger,src-1b7bc1c9d39a
IN-AC-2008-assam-1788,assam,2011,3,KARIMGANJ NORTH,BAHARUL ISLAM CHOUDHURY,,194,0.18,12,forfeit,U,28,,,challenger,src-1b7bc1c9d39a
IN-AC-2008-assam-1788,assam,2011,3,KARIMGANJ NORTH,NITAI DEB,,184,0.17,13,forfeit,U,35,,,challenger,src-1b7bc1c9d39a
IN-AC-2008-assam-1789,assam,2011,4,KARIMGANJ SOUTH,SIDDEQUE AHMED,,45395,43.42,1,won,U,44,10th Pass,,incumbent,src-1b7bc1c9d39a
IN-AC-2008-assam-1789,assam,2011,4,KARIMGANJ SOUTH,EKBAL HUSSAIN,,22282,21.31,2,lost,U,33,Graduate,,challenger,src-1b7bc1c9d39a
IN-AC-2008-assam-1789,assam,2011,4,KARIMGANJ SOUTH,SIPRA GOON,,20443,19.55,3,lost,U,42,Graduate,,challenger,src-1b7bc1c9d39a
IN-AC-2008-assam-1789,assam,2011,4,KARIMGANJ SOUTH,DR. K.M. BAHARUL ISLAM,,9853,9.42,4,forfeit,U,41,Doctorate,Real Estate or Builder or Developer or Construction,challenger,src-1b7bc1c9d39a
IN-AC-2008-assam-1789,assam,2011,4,KARIMGANJ SOUTH,AZIZUR RAHMAN TALUKDAR,,2742,2.62,5,forfeit,U,48,12th Pass,Self-employed,crossover,src-1b7bc1c9d39a
IN-AC-2008-assam-1789,assam,2011,4,KARIMGANJ SOUTH,MOSTAK AHMED,,387,0.37,6,forfeit,U,38,10th Pass,,challenger,src-1b7bc1c9d39a
IN-AC-2008-assam-1789,assam,2011,4,KARIMGANJ SOUTH,BADRUL ISLAM,,358,0.34,7,forfeit,U,25,10th Pass,,challenger,src-1b7bc1c9d39a
IN-AC-2008-assam-1789,assam,2011,4,KARIMGANJ SOUTH,NEZAM UDDIN,,324,0.31,8,forfeit,U,38,10th Pass,,challenger,src-1b7bc1c9d39a
IN-AC-2008-assam-1789,assam,2011,4,KARIMGANJ SOUTH,ABDUR RAHIM KHAN,,298,0.29,9,forfeit,U,29,12th Pass,,challenger,src-1b7bc1c9d39a
IN-AC-2008-assam-1789,assam,2011,4,KARIMGANJ SOUTH,TAPU ROY,,263,0.25,10,forfeit,U,30,10th Pass,,challenger,src-1b7bc1c9d39a
IN-AC-2008-assam-1789,assam,2011,4,KARIMGANJ SOUTH,RAMKRISHNA NAMASUDRA,,255,0.24,11,forfeit,U,36,10th Pass,,challenger,src-1b7bc1c9d39a
IN-AC-2008-assam-1789,assam,2011,4,KARIMGANJ SOUTH,RANJIT NAMASUDRA,,232,0.22,12,forfeit,U,38,10th Pass,,challenger,src-1b7bc1c9d39a
IN-AC-2008-assam-1789,assam,2011,4,KARIMGANJ SOUTH,RUPAK NATH,,203,0.19,13,forfeit,U,40,Graduate,,challenger,src-1b7bc1c9d39a
IN-AC-2008-assam-1789,assam,2011,4,KARIMGANJ SOUTH,ABDUL MANNAN,,189,0.18,14,forfeit,U,32,8th Pass,,challenger,src-1b7bc1c9d39a
IN-AC-2008-assam-1789,assam,2011,4,KARIMGANJ SOUTH,TAJ UDDIN,,176,0.17,15,forfeit,U,31,8th Pass,,challenger,src-1b7bc1c9d39a
IN-AC-2008-assam-1789,assam,2011,4,KARIMGANJ SOUTH,NAZRUL ISLAM,,168,0.16,16,forfeit,U,40,12th Pass,,challenger,src-1b7bc1c9d39a
IN-AC-2008-assam-1789,assam,2011,4,KARIMGANJ SOUTH,ABDUL HAMID,,132,0.13,17,forfeit,U,37,10th Pass,,challenger,src-1b7bc1c9d39a
IN-AC-2008-assam-1789,assam,2011,4,KARIMGANJ SOUTH,MAHBUB AHMED KHAN,,131,0.13,18,forfeit,U,26,8th Pass,,challenger,src-1b7bc1c9d39a
IN-AC-2008-assam-1789,assam,2011,4,KARIMGANJ SOUTH,AMIRUL HUSSAIN,,126,0.12,19,forfeit,U,28,12th Pass,,challenger,src-1b7bc1c9d39a
IN-AC-2008-assam-1789,assam,2011,4,KARIMGANJ SOUTH,BAPPON NATH,,119,0.11,20,forfeit,U,28,8th Pass,,challenger,src-1b7bc1c9d39a
IN-AC-2008-assam-1789,assam,2011,4,KARIMGANJ SOUTH,ALAL UDDIN,,102,0.1,21,forfeit,U,43,Literate,,challenger,src-1b7bc1c9d39a
IN-AC-2008-assam-1789,assam,2011,4,KARIMGANJ SOUTH,ABDUL MALIK,,99,0.09,22,forfeit,U,35,8th Pass,,challenger,src-1b7bc1c9d39a
IN-AC-2008-assam-1789,assam,2011,4,KARIMGANJ SOUTH,LIAKAT ALI,,97,0.09,23,forfeit,U,43,5th Pass,,challenger,src-1b7bc1c9d39a
IN-AC-2008-assam-1789,assam,2011,4,KARIMGANJ SOUTH,HIFJUR RAHMAN,,90,0.09,24,forfeit,U,50,5th Pass,,challenger,src-1b7bc1c9d39a
IN-AC-2008-assam-1789,assam,2011,4,KARIMGANJ SOUTH,SIDDEQUE AHMED,,80,0.08,25,forfeit,U,39,5th Pass,,incumbent,src-1b7bc1c9d39a
IN-AC-2008-assam-1786,assam,2011,5,BADARPUR,JAMAL UDDIN AHMED,,35869,39.16,1,won,U,56,5th Pass,Self-employed,challenger,src-1b7bc1c9d39a
IN-AC-2008-assam-1786,assam,2011,5,BADARPUR,HELAL UDDIN CHOUDHURY,,28487,31.1,2,lost,U,38,Post Graduate,Lawyer,challenger,src-1b7bc1c9d39a
IN-AC-2008-assam-1786,assam,2011,5,BADARPUR,BISWARUP BHATTACHARJEE,,24573,26.83,3,lost,U,59,Graduate,,challenger,src-1b7bc1c9d39a
IN-AC-2008-assam-1786,assam,2011,5,BADARPUR,HAZI FAKAR UDDIN,,1194,1.3,4,forfeit,U,53,8th Pass,Unspecified,challenger,src-1b7bc1c9d39a
IN-AC-2008-assam-1786,assam,2011,5,BADARPUR,MD MAINUL ISLAM,,837,0.91,5,forfeit,U,52,10th Pass,,challenger,src-1b7bc1c9d39a
IN-AC-2008-assam-1786,assam,2011,5,BADARPUR,FAKAR UDDIN ALI AHMED,,644,0.7,6,forfeit,U,48,Others,Mechanic,challenger,src-1b7bc1c9d39a
IN-AC-2008-assam-1787,assam,2011,6,HAILAKANDI,ABDUL MUHIB MAZUMDER,,33038,37.87,1,won,U,77,Post Graduate,Lawyer,challenger,src-1b7bc1c9d39a
IN-AC-2008-assam-1787,assam,2011,6,HAILAKANDI,SUBRATA KUMAR NATH,,28045,32.14,2,lost,U,42,Graduate,,challenger,src-1b7bc1c9d39a
IN-AC-2008-assam-1787,assam,2011,6,HAILAKANDI,SALIM UDDIN BARBHUIYA,,17208,19.72,3,lost,U,52,10th Pass,,incumbent,src-1b7bc1c9d39a
IN-AC-2008-assam-1787,assam,2011,6,HAILAKANDI,KAMRUL ISLAM BARBHUIYA,,1532,1.76,4,forfeit,U,44,Graduate,,challenger,src-1b7bc1c9d39a
IN-AC-2008-assam-1787,assam,2011,6,HAILAKANDI,JALANTA SENGUPTA,,1267,1.45,5,forfeit,U,62,10th Pass,,challenger,src-1b7bc1c9d39a
IN-AC-2008-assam-1787,assam,2011,6,HAILAKANDI,MRITYUNJOY CHAKRABORTY,,1173,1.34,6,forfeit,U,61,Graduate,,challenger,src-1b7bc1c9d39a
IN-AC-2008-assam-1787,assam,2011,6,HAILAKANDI,KAMAL UDDIN CHOUDHURY,,1012,1.16,7,forfeit,U,45,,,challenger,src-1b7bc1c9d39a
IN-AC-2008-assam-1787,assam,2011,6,HAILAKANDI,ANOWAR UDDIN BARLASKAR,,740,0.85,8,forfeit,U,69,Graduate Professional,,challenger,src-1b7bc1c9d39a
IN-AC-2008-assam-1787,assam,2011,6,HAILAKANDI,GIAS UDDIN MAZUMDER,,441,0.51,9,forfeit,U,41,Graduate Professional,Self-employed,challenger,src-1b7bc1c9d39a
IN-AC-2008-assam-1787,assam,2011,6,HAILAKANDI,SAHAB UDDIN CHOUDHURY,,439,0.5,10,forfeit,U,63,10th Pass,Retired or Pension,challenger,src-1b7bc1c9d39a
IN-AC-2008-assam-1787,assam,2011,6,HAILAKANDI,SUSHIL PAUL,,374,0.43,11,forfeit,U,50,,,challenger,src-1b7bc1c9d39a
IN-AC-2008-assam-1787,assam,2011,6,HAILAKANDI,GULAM MUSTAFA CHOUDHURY,,355,0.41,12,forfeit,U,63,Others,,challenger,src-1b7bc1c9d39a
IN-AC-2008-assam-1787,assam,2011,6,HAILAKANDI,HILAL UDDIN MAZUMDER,,327,0.37,13,forfeit,U,35,8th Pass,,challenger,src-1b7bc1c9d39a
IN-AC-2008-assam-1787,assam,2011,6,HAILAKANDI,SUAL AHMED MAZUMDER,,265,0.3,14,forfeit,U,26,12th Pass,,challenger,src-1b7bc1c9d39a
IN-AC-2008-assam-1787,assam,2011,6,HAILAKANDI,BABUL MIA MAZUMDER,,222,0.25,15,forfeit,U,32,10th Pass,,challenger,src-1b7bc1c9d39a
IN-AC-2008-assam-1787,assam,2011,6,HAILAKANDI,ANOWAR HUSSAIN MAZUMDER,,216,0.25,16,forfeit,U,26,,,challenger,src-1b7bc1c9d39a
IN-AC-2008-assam-1787,assam,2011,6,HAILAKANDI,SIRAJ UDDIN MAZUMDER,,174,0.2,17,forfeit,U,40,10th Pass,,challenger,src-1b7bc1c9d39a
IN-AC-2008-assam-1787,assam,2011,6,HAILAKANDI,MATIUR RAHMAN BARBHUIYA,,158,0.18,18,forfeit,U,36,10th Pass,,challenger,src-1b7bc1c9d39a
IN-AC-2008-assam-1787,assam,2011,6,HAILAKANDI,JOYBRATHA ROY,,152,0.17,19,forfeit,U,25,,,challenger,src-1b7bc1c9d39a
IN-AC-2008-assam-1787,assam,2011,6,HAILAKANDI,ABJAL HAQUE CHOUDHURY,,112,0.13,20,forfeit,U,31,12th Pass,,challenger,src-1b7bc1c9d39a
IN-AC-2008-assam-1790,assam,2011,7,KATLICHERRA,GAUTAM ROY,,65435,60.08,1,won,U,57,12th Pass,Ex Govt Employee,incumbent,src-1b7bc1c9d39a
IN-AC-2008-assam-1790,assam,2011,7,KATLICHERRA,JYOTISH CHANDRA DEY,,33468,30.73,2,lost,U,63,10th Pass,,challenger,src-1b7bc1c9d39a
IN-AC-2008-assam-1790,assam,2011,7,KATLICHERRA,JOYDIPA PAUL,,4947,4.54,3,forfeit,U,40,12th Pass,Private Company,challenger,src-1b7bc1c9d39a
IN-AC-2008-assam-1790,assam,2011,7,KATLICHERRA,NAZRUL ISLAM MIRA,,1344,1.23,4,forfeit,U,38,12th Pass,,challenger,src-1b7bc1c9d39a
IN-AC-2008-assam-1790,assam,2011,7,KATLICHERRA,GIAS UDDIN LASKAR,,1063,0.98,5,forfeit,U,30,Others,,challenger,src-1b7bc1c9d39a
IN-AC-2008-assam-1790,assam,2011,7,KATLICHERRA,HIMANGSHU DAS,,1035,0.95,6,forfeit,U,58,10th Pass,Ex Military,challenger,src-1b7bc1c9d39a
IN-AC-2008-assam-1790,assam,2011,7,KATLICHERRA,NAZRUL HAQUE MAZARBHUIYAN,,750,0.69,7,forfeit,U,58,Post Graduate,Lawyer,challenger,src-1b7bc1c9d39a
IN-AC-2008-assam-1790,assam,2011,7,KATLICHERRA,ANIL NATH,,514,0.47,8,forfeit,U,50,10th Pass,,challenger,src-1b7bc1c9d39a
IN-AC-2008-assam-1790,assam,2011,7,KATLICHERRA,SAHAB UDDIN LASKAR,,354,0.33,9,forfeit,U,55,Graduate Professional,Lawyer,challenger,src-1b7bc1c9d39a
IN-AC-2008-assam-1785,assam,2011,8,ALGAPUR,SAHIDUL ALAM CHOUDHURY,,57167,53.77,1,won,U,65,12th Pass,,crossover,src-1b7bc1c9d39a
IN-AC-2008-assam-1785,assam,2011,8,ALGAPUR,RAHUL ROY,,42126,39.62,2,lost,U,38,Post Graduate,MLA,incumbent,src-1b7bc1c9d39a
IN-AC-2008-assam-1785,assam,2011,8,ALGAPUR,SUDIP KUMAR DEB,,3786,3.56,3,forfeit,U,43,12th Pass,,challenger,src-1b7bc1c9d39a
IN-AC-2008-assam-1785,assam,2011,8,ALGAPUR,SWAPAN SEN,,913,0.86,4,forfeit,U,58,10th Pass,,challenger,src-1b7bc1c9d39a
IN-AC-2008-assam-1785,assam,2011,8,ALGAPUR,SAHAB UDDIN BARBHUIYA,,465,0.44,5,forfeit,U,39,Graduate,,challenger,src-1b7bc1c9d39a
IN-AC-2008-assam-1785,assam,2011,8,ALGAPUR,SHIDUL ALOM CHOUDHURY,,422,0.4,6,forfeit,U,26,10th Pass,,challenger,src-1b7bc1c9d39a
IN-AC-2008-assam-1785,assam,2011,8,ALGAPUR,KHALIL UDDIN BARBHUIYA,,199,0.19,7,forfeit,U,34,12th Pass,,challenger,src-1b7bc1c9d39a
IN-AC-2008-assam-1785,assam,2011,8,ALGAPUR,ABDUL JALIL LASKAR,,178,0.17,8,forfeit,U,55,10th Pass,,challenger,src-1b7bc1c9d39a
IN-AC-2008-assam-1785,assam,2011,8,ALGAPUR,CHAYAN DEY,,154,0.14,9,forfeit,U,59,Graduate,,challenger,src-1b7bc1c9d39a
IN-AC-2008-assam-1785,assam,2011,8,ALGAPUR,MOTIUR RAHMAN BARBHUIYA,,145,0.14,10,forfeit,U,31,10th Pass,,challenger,src-1b7bc1c9d39a
IN-AC-2008-assam-1785,assam,2011,8,ALGAPUR,JAMAL UDDIN CHOUDHURY,,145,0.14,11,forfeit,U,30,10th Pass,,challenger,src-1b7bc1c9d39a
IN-AC-2008-assam-1785,assam,2011,8,ALGAPUR,NURUL HOQUE LASKAR,,138,0.13,12,forfeit,U,36,10th Pass,,challenger,src-1b7bc1c9d39a
IN-AC-2008-assam-1785,assam,2011,8,ALGAPUR,KAIDUL ALAM SAHA,,131,0.12,13,forfeit,U,27,10th Pass,,challenger,src-1b7bc1c9d39a
IN-AC-2008-assam-1785,assam,2011,8,ALGAPUR,MOHIR UDDIN CHOUDHURY,,127,0.12,14,forfeit,U,42,8th Pass,,challenger,src-1b7bc1c9d39a
IN-AC-2008-assam-1785,assam,2011,8,ALGAPUR,IKRAMUL HOQUE BARBHUIYA,,111,0.1,15,forfeit,U,40,10th Pass,,challenger,src-1b7bc1c9d39a
IN-AC-2008-assam-1785,assam,2011,8,ALGAPUR,ALTAF HUSSAIN LASKAR,,108,0.1,16,forfeit,U,32,,,challenger,src-1b7bc1c9d39a
IN-AC-2008-assam-1835,assam,2011,9,SILCHAR,SUSHMITA DEV,,60978,50.34,1,won,U,38,Post Graduate,Lawyer,challenger,src-1b7bc1c9d39a
IN-AC-2008-assam-1835,assam,2011,9,SILCHAR,RAJDEEP ROY,,45127,37.25,2,lost,U,38,Post Graduate,Doctor,challenger,src-1b7bc1c9d39a
IN-AC-2008-assam-1835,assam,2011,9,SILCHAR,PARIMAL KANTI PAUL,,6163,5.09,3,forfeit,U,57,Graduate Professional,Managerial Position,challenger,src-1b7bc1c9d39a
IN-AC-2008-assam-1835,assam,2011,9,SILCHAR,FAKRUL ISLAM MAZUMDER,,4295,3.55,4,forfeit,U,44,10th Pass,,challenger,src-1b7bc1c9d39a
IN-AC-2008-assam-1835,assam,2011,9,SILCHAR,DHRUBOJYOTI GUPTA,,1049,0.87,5,forfeit,U,67,Graduate,Activist,challenger,src-1b7bc1c9d39a
IN-AC-2008-assam-1835,assam,2011,9,SILCHAR,TUSHAR KANTI PURKAYASTHA,,856,0.71,6,forfeit,U,50,12th Pass,,challenger,src-1b7bc1c9d39a
IN-AC-2008-assam-1835,assam,2011,9,SILCHAR,DIBAKAR BHATTACHARJEE,,785,0.65,7,forfeit,U,51,Post Graduate,Lawyer,challenger,src-1b7bc1c9d39a
IN-AC-2008-assam-1835,assam,2011,9,SILCHAR,SHEKHAR ROY,,692,0.57,8,forfeit,U,37,12th Pass,,challenger,src-1b7bc1c9d39a
IN-AC-2008-assam-1835,assam,2011,9,SILCHAR,RAJDEEP DEB ROY,,567,0.47,9,forfeit,U,33,10th Pass,,challenger,src-1b7bc1c9d39a
IN-AC-2008-assam-1835,assam,2011,9,SILCHAR,AMRIT LAL DAS,,361,0.3,10,forfeit,U,49,10th Pass,,challenger,src-1b7bc1c9d39a
IN-AC-2008-assam-1835,assam,2011,9,SILCHAR,KAMAL DAS,,268,0.22,11,forfeit,U,36,5th Pass,,challenger,src-1b7bc1c9d39a
IN-AC-2008-assam-1836,assam,2011,10,SONAI,ANAMUL HAQUE,,63611,61.75,1,won,U,62,Graduate Professional,Ex Govt Employee,challenger,src-1b7bc1c9d39a
IN-AC-2008-assam-1836,assam,2011,10,SONAI,AUDESH KUMAR SINGH,,21583,20.95,2,lost,U,50,Graduate,,challenger,src-1b7bc1c9d39a
IN-AC-2008-assam-1836,assam,2011,10,SONAI,RASHID AHMED MAZUMDER,,5184,5.03,3,forfeit,U,48,Others,,challenger,src-1b7bc1c9d39a
IN-AC-2008-assam-1836,assam,2011,10,SONAI,ANWAR HUSSAIN LASKAR,,4264,4.14,4,forfeit,U,49,8th Pass,,challenger,src-1b7bc1c9d39a
IN-AC-2008-assam-1836,assam,2011,10,SONAI,RAMIJ UDDIN MAZUMDER,,3288,3.19,5,forfeit,U,60,5th Pass,"Contractor, Transport",challenger,src-1b7bc1c9d39a
IN-AC-2008-assam-1836,assam,2011,10,SONAI,SAMSUR ROHMAN CHOUDHURY,,1961,1.9,6,forfeit,U,35,,,challenger,src-1b7bc1c9d39a
IN-AC-2008-assam-1836,assam,2011,10,SONAI,JABARUT ALOM CHOUDHURY,,1270,1.23,7,forfeit,U,38,10th Pass,,challenger,src-1b7bc1c9d39a
IN-AC-2008-assam-1836,assam,2011,10,SONAI,MOHARAM ALI LASKAR,,413,0.4,8,forfeit,U,55,10th Pass,Doctor,challenger,src-1b7bc1c9d39a
IN-AC-2008-assam-1836,assam,2011,10,SONAI,FUZAIL AHMED LASKAR,,320,0.31,9,forfeit,U,41,12th Pass,,challenger,src-1b7bc1c9d39a
IN-AC-2008-assam-1836,assam,2011,10,SONAI,ZILANI HOQUE LASKAR,,316,0.31,10,forfeit,U,45,,,challenger,src-1b7bc1c9d39a
IN-AC-2008-assam-1836,assam,2011,10,SONAI,FIDEL CHOUDHURY,,301,0.29,11,forfeit,U,35,10th Pass,Household,challenger,src-1b7bc1c9d39a
IN-AC-2008-assam-1836,assam,2011,10,SONAI,DWIJAMONI SINHA,,255,0.25,12,forfeit,U,43,,,challenger,src-1b7bc1c9d39a
IN-AC-2008-assam-1836,assam,2011,10,SONAI,ALTAF HUSSAIN LASKAR,,250,0.24,13,forfeit,U,44,12th Pass,,challenger,src-1b7bc1c9d39a
IN-AC-2008-assam-1832,assam,2011,11,DHOLAI,GIRINDRA MALLIK,,52734,51.26,1,won,U,72,Graduate Professional,Ex Military,challenger,src-1b7bc1c9d39a
IN-AC-2008-assam-1832,assam,2011,11,DHOLAI,PARIMAL SUKLABAIDYA,,38364,37.29,2,lost,U,51,Graduate,,incumbent,src-1b7bc1c9d39a
IN-AC-2008-assam-1832,assam,2011,11,DHOLAI,RATHINDRA DAS LASKAR,,5030,4.89,3,forfeit,U,39,Graduate,,challenger,src-1b7bc1c9d39a
IN-AC-2008-assam-1832,assam,2011,11,DHOLAI,BROJENDRA DAS,,2065,2.01,4,forfeit,U,35,10th Pass,Traditional Medicine,challenger,src-1b7bc1c9d39a
IN-AC-2008-assam-1832,assam,2011,11,DHOLAI,MRINMOY KANTI DAS,,1656,1.61,5,forfeit,U,36,Graduate,,challenger,src-1b7bc1c9d39a
IN-AC-2008-assam-1832,assam,2011,11,DHOLAI,PRANAY BARDHAN,,1094,1.06,6,forfeit,U,48,12th Pass,,challenger,src-1b7bc1c9d39a
IN-AC-2008-assam-1832,assam,2011,11,DHOLAI,KRISHNA PRASAD BHAR,,1045,1.02,7,forfeit,U,51,Graduate,,challenger,src-1b7bc1c9d39a
IN-AC-2008-assam-1832,assam,2011,11,DHOLAI,MANINDRA CHANDRA DAS,,893,0.87,8,forfeit,U,55,10th Pass,,challenger,src-1b7bc1c9d39a
IN-AC-2008-assam-1837,assam,2011,12,UDHARBOND,AJIT SINGH,,56755,61.41,1,won,U,49,Graduate,,incumbent,src-1b7bc1c9d39a
IN-AC-2008-assam-1837,assam,2011,12,UDHARBOND,SURENDRA PRASAD SINHA,,12320,13.33,2,forfeit,U,41,10th Pass,Trader,challenger,src-1b7bc1c9d39a
IN-AC-2008-assam-1837,assam,2011,12,UDHARBOND,MIHIR KANTI SHOME,,11329,12.26,3,forfeit,U,45,10th Pass,,challenger,src-1b7bc1c9d39a
IN-AC-2008-assam-1837,assam,2011,12,UDHARBOND,MAZIBUR RAHMAN MAZUMDER,,5609,6.07,4,forfeit,U,40,10th Pass,,challenger,src-1b7bc1c9d39a
IN-AC-2008-assam-1837,assam,2011,12,UDHARBOND,NANDA BABU SINGHA,,2588,2.8,5,forfeit,U,47,10th Pass,,challenger,src-1b7bc1c9d39a
IN-AC-2008-assam-1837,assam,2011,12,UDHARBOND,PRABIR KUMAR SINGH,,1122,1.21,6,forfeit,U,48,10th Pass,,challenger,src-1b7bc1c9d39a
IN-AC-2008-assam-1837,assam,2011,12,UDHARBOND,HAIDAR HUSSAIN CHOUDHURY,,1068,1.16,7,forfeit,U,42,10th Pass,Unspecified,challenger,src-1b7bc1c9d39a
IN-AC-2008-assam-1837,assam,2011,12,UDHARBOND,MASUK AHMED LASKAR,,634,0.69,8,forfeit,U,31,8th Pass,,challenger,src-1b7bc1c9d39a
IN-AC-2008-assam-1837,assam,2011,12,UDHARBOND,BABACHAND SINGHA,,509,0.55,9,forfeit,U,64,Graduate,Ex Govt Employee,challenger,src-1b7bc1c9d39a
IN-AC-2008-assam-1837,assam,2011,12,UDHARBOND,NUR UDDIN BARBHUIYA,,480,0.52,10,forfeit,U,40,Literate,,challenger,src-1b7bc1c9d39a
IN-AC-2008-assam-1834,assam,2011,13,LAKHIPUR,DINESH PRASAD GOALA,,51975,54.9,1,won,U,62,Post Graduate,,incumbent,src-1b7bc1c9d39a
IN-AC-2008-assam-1834,assam,2011,13,LAKHIPUR,REENA SINGH,,21897,23.13,2,lost,U,40,Post Graduate,Lawyer,challenger,src-1b7bc1c9d39a
IN-AC-2008-assam-1834,assam,2011,13,LAKHIPUR,CHAUBA MIA,,11326,11.96,3,forfeit,U,47,,,crossover,src-1b7bc1c9d39a
IN-AC-2008-assam-1834,assam,2011,13,LAKHIPUR,SANJAY ADITYA SINGH,,5112,5.4,4,forfeit,U,32,Post Graduate,,challenger,src-1b7bc1c9d39a
IN-AC-2008-assam-1834,assam,2011,13,LAKHIPUR,DWIJAMANI SINGHA,,1643,1.74,5,forfeit,U,40,Graduate,,challenger,src-1b7bc1c9d39a
IN-AC-2008-assam-1834,assam,2011,13,LAKHIPUR,MASRAF ALI CHOUDHURY,,1143,1.21,6,forfeit,U,61,10th Pass,,challenger,src-1b7bc1c9d39a
IN-AC-2008-assam-1834,assam,2011,13,LAKHIPUR,NAJIM UDDIN MAZUMDAR,,1024,1.08,7,forfeit,U,45,5th Pass,,challenger,src-1b7bc1c9d39a
IN-AC-2008-assam-1834,assam,2011,13,LAKHIPUR,NAZMUL HOQUE LASKAR,,546,0.58,8,forfeit,U,36,10th Pass,,challenger,src-1b7bc1c9d39a
IN-AC-2008-assam-1831,assam,2011,14,BARKHOLA,RUMI NATH,,44824,50.68,1,won,U,31,Graduate Professional,MLA,incumbent,src-1b7bc1c9d39a
IN-AC-2008-assam-1831,assam,2011,14,BARKHOLA,MISBAHUL ISLAM LASKAR,,34189,38.65,2,lost,U,55,Graduate Professional,Lawyer,challenger,src-1b7bc1c9d39a
IN-AC-2008-assam-1831,assam,2011,14,BARKHOLA,BIJOY LAKSHMI CHAKRABORTY,,4177,4.72,3,forfeit,U,48,10th Pass,,challenger,src-1b7bc1c9d39a
IN-AC-2008-assam-1831,assam,2011,14,BARKHOLA,MOHAMMAD ALI LASKAR,,1531,1.73,4,forfeit,U,61,Others,Retired Teacher,challenger,src-1b7bc1c9d39a
IN-AC-2008-assam-1831,assam,2011,14,BARKHOLA,HIFJUR RAHMAN BARBHUIYA,,808,0.91,5,forfeit,U,38,12th Pass,,challenger,src-1b7bc1c9d39a
IN-AC-2008-assam-1831,assam,2011,14,BARKHOLA,BADRUL ISLAM MAZUMDER,,701,0.79,6,forfeit,U,39,5th Pass,,challenger,src-1b7bc1c9d39a
IN-AC-2008-assam-1831,assam,2011,14,BARKHOLA,AKMAL HUSSAIN BARBHUIYA,,608,0.69,7,forfeit,U,39,Graduate Professional,Lawyer,challenger,src-1b7bc1c9d39a
IN-AC-2008-assam-1831,assam,2011,14,BARKHOLA,SADIK AHMED LASKAR,,442,0.5,8,forfeit,U,26,Post Graduate,,challenger,src-1b7bc1c9d39a
IN-AC-2008-assam-1831,assam,2011,14,BARKHOLA,RAFIQUL HOQUE MAZUMDER,,287,0.32,9,forfeit,U,58,8th Pass,,challenger,src-1b7bc1c9d39a
IN-AC-2008-assam-1831,assam,2011,14,BARKHOLA,BADRUL ISLAM BARBHUIYA,,217,0.25,10,forfeit,U,40,12th Pass,,challenger,src-1b7bc1c9d39a
IN-AC-2008-assam-1831,assam,2011,14,BARKHOLA,KANU DEB NATH,,180,0.2,11,forfeit,U,48,8th Pass,Carpenter,challenger,src-1b7bc1c9d39a
IN-AC-2008-assam-1831,assam,2011,14,BARKHOLA,OLIUL HASNATH LASKAR,,173,0.2,12,forfeit,U,43,10th Pass,,challenger,src-1b7bc1c9d39a
IN-AC-2008-assam-1831,assam,2011,14,BARKHOLA,SHAMS UDDIN BARBHUIYA,,158,0.18,13,forfeit,U,46,Graduate,,challenger,src-1b7bc1c9d39a
IN-AC-2008-assam-1831,assam,2011,14,BARKHOLA,ABDUL JALIL BARBHUIYA,,152,0.17,14,forfeit,U,39,12th Pass,,challenger,src-1b7bc1c9d39a
IN-AC-2008-assam-1833,assam,2011,15,KATIGORA,ATAUR RAHMAN MAZARBHUIYA,,33226,32.41,1,won,U,59,12th Pass,,incumbent,src-1b7bc1c9d39a
IN-AC-2008-assam-1833,assam,2011,15,KATIGORA,ANWARUL HAQUE,,27084,26.42,2,lost,U,60,Post Graduate,Lawyer,incumbent,src-1b7bc1c9d39a
IN-AC-2008-assam-1833,assam,2011,15,KATIGORA,ANIL CHANDRA DEY,,19133,18.66,3,lost,U,62,Post Graduate,Lawyer,challenger,src-1b7bc1c9d39a
IN-AC-2008-assam-1833,assam,2011,15,KATIGORA,AMAR CHAND JAIN,,12808,12.49,4,forfeit,U,54,10th Pass,,challenger,src-1b7bc1c9d39a
IN-AC-2008-assam-1833,assam,2011,15,KATIGORA,ANUP KUMAR DUTTA,,3892,3.8,5,forfeit,U,43,Graduate,Contractor,challenger,src-1b7bc1c9d39a
IN-AC-2008-assam-1833,assam,2011,15,KATIGORA,KUMARJIT DEB,,2148,2.1,6,forfeit,U,47,10th Pass,,challenger,src-1b7bc1c9d39a
IN-AC-2008-assam-1833,assam,2011,15,KATIGORA,G.M.C SAHAB UDDIN AHMED,,1880,1.83,7,forfeit,U,36,,,challenger,src-1b7bc1c9d39a
IN-AC-2008-assam-1833,assam,2011,15,KATIGORA,ASHIT CHANDRA DEY,,1501,1.46,8,forfeit,U,47,12th Pass,Contractor,challenger,src-1b7bc1c9d39a
IN-AC-2008-assam-1833,assam,2011,15,KATIGORA,ALOK SEN,,857,0.84,9,forfeit,U,40,Graduate,,challenger,src-1b7bc1c9d39a
IN-AC-2008-assam-1724,assam,2011,16,HAFLONG,GOBINDA CH. LANGTHASA,,38076,57.04,1,won,U,79,Graduate,MLA,incumbent,src-1b7bc1c9d39a
IN-AC-2008-assam-1724,assam,2011,16,HAFLONG,KULENDRA DAULAGUPU,,12588,18.86,2,lost,U,38,Post Graduate,Film Director,challenger,src-1b7bc1c9d39a
IN-AC-2008-assam-1724,assam,2011,16,HAFLONG,MOHET HOJAI,,10361,15.52,3,forfeit,U,45,Graduate,,challenger,src-1b7bc1c9d39a
IN-AC-2008-assam-1724,assam,2011,16,HAFLONG,IJIRANGBE JEME,,5732,8.59,4,forfeit,U,65,Graduate,,challenger,src-1b7bc1c9d39a
IN-AC-2008-assam-1722,assam,2011,17,BOKAJAN,KLENGDOON ENGTI,,53332,54.01,1,won,U,30,Graduate Professional,Self-employed,challenger,src-1b7bc1c9d39a
IN-AC-2008-assam-1722,assam,2011,17,BOKAJAN,JAGAT SING ENGTI,,36524,36.99,2,lost,U,49,Graduate,MLA,incumbent,src-1b7bc1c9d39a
IN-AC-2008-assam-1722,assam,2011,17,BOKAJAN,SANDHYARANI SANGMA,,5259,5.33,3,forfeit,U,50,10th Pass,School Teacher,challenger,src-1b7bc1c9d39a
IN-AC-2008-assam-1722,assam,2011,17,BOKAJAN,BABURAM BEY,,2226,2.25,4,forfeit,U,60,10th Pass,,challenger,src-1b7bc1c9d39a
IN-AC-2008-assam-1722,assam,2011,17,BOKAJAN,CHANDRA SING RONGPI,,1411,1.43,5,forfeit,U,43,12th Pass,,challenger,src-1b7bc1c9d39a
IN-AC-2008-assam-1725,assam,2011,18,HOWRAGHAT,KHORSING ENGTI,,43014,50.57,1,won,U,62,Graduate,,incumbent,src-1b7bc1c9d39a
IN-AC-2008-assam-1725,assam,2011,18,HOWRAGHAT,CHOMANG KRO,,33279,39.13,2,lost,U,54,,,challenger,src-1b7bc1c9d39a
IN-AC-2008-assam-1725,assam,2011,18,HOWRAGHAT,TOPAN TERON,,5697,6.7,3,forfeit,U,32,10th Pass,,challenger,src-1b7bc1c9d39a
IN-AC-2008-assam-1725,assam,2011,18,HOWRAGHAT,HORI TERANG,,2069,2.43,4,forfeit,U,43,,,challenger,src-1b7bc1c9d39a
IN-AC-2008-assam-1725,assam,2011,18,HOWRAGHAT,DEWAN RONGPI,,998,1.17,5,forfeit,U,33,,,challenger,src-1b7bc1c9d39a
IN-AC-2008-assam-1723,assam,2011,19,DIPHU,BIDYA SING ENGLENG,,54022,45.98,1,won,U,56,Graduate,,incumbent,src-1b7bc1c9d39a
IN-AC-2008-assam-1723,assam,2011,19,DIPHU,GEORGE MILLICK,,41551,35.37,2,lost,U,36,12th Pass,,challenger,src-1b7bc1c9d39a
IN-AC-2008-assam-1723,assam,2011,19,DIPHU,PADMA MAIBANGSA,,12773,10.87,3,forfeit,U,56,12th Pass,,challenger,src-1b7bc1c9d39a
IN-AC-2008-assam-1723,assam,2011,19,DIPHU,J.I. KATHAR,,9135,7.78,4,forfeit,U,60,,,challenger,src-1b7bc1c9d39a
IN-AC-2008-assam-1721,assam,2011,20,BAITHALANGSO,MANSING RONGPI,,64059,49.49,1,won,U,53,Graduate Professional,,incumbent,src-1b7bc1c9d39a
IN-AC-2008-assam-1721,assam,2011,20,BAITHALANGSO,JOTSON BEY,,54721,42.28,2,lost,U,50,12th Pass,Self-employed,challenger,src-1b7bc1c9d39a
IN-AC-2008-assam-1721,assam,2011,20,BAITHALANGSO,ARUN TERANG,,10654,8.23,3,forfeit,U,56,12th Pass,,challenger,src-1b7bc1c9d39a
IN-AC-2008-assam-1744,assam,2011,21,MANKACHAR,ZABED ISLAM,,64639,45.86,1,won,U,42,Graduate,,challenger,src-1b7bc1c9d39a
IN-AC-2008-assam-1744,assam,2011,21,MANKACHAR,DR. MOTIUR ROHMAN MONDAL,,53852,38.21,2,lost,U,62,Post Graduate,Doctor,incumbent,src-1b7bc1c9d39a
IN-AC-2008-assam-1744,assam,2011,21,MANKACHAR,GALIB ISLAM,,14252,10.11,3,forfeit,U,40,10th Pass,,crossover,src-1b7bc1c9d39a
IN-AC-2008-assam-1744,assam,2011,21,MANKACHAR,ABDUL SALAM SHAH,,5334,3.78,4,forfeit,U,44,10th Pass,Retired Teacher,challenger,src-1b7bc1c9d39a
IN-AC-2008-assam-1744,assam,2011,21,MANKACHAR,SURAT JAMAN MONDAL,,1034,0.73,5,forfeit,U,60,Graduate,Party Worker,challenger,src-1b7bc1c9d39a
IN-AC-2008-assam-1744,assam,2011,21,MANKACHAR,BANAWARI LAL AGARWALLA,,966,0.69,6,forfeit,U,58,10th Pass,,challenger,src-1b7bc1c9d39a
IN-AC-2008-assam-1744,assam,2011,21,MANKACHAR,NITISH ALLIMMYAN (DAS),,490,0.35,7,forfeit,U,39,10th Pass,,challenger,src-1b7bc1c9d39a
IN-AC-2008-assam-1744,assam,2011,21,MANKACHAR,ABDUL MANNAN,,379,0.27,8,forfeit,U,49,Graduate,,challenger,src-1b7bc1c9d39a
IN-AC-2008-assam-1745,assam,2011,22,SALMARA SOUTH,ABDUR RAHMAN AJMAL,,62254,50.55,1,won,U,29,Post Graduate,,challenger,src-1b7bc1c9d39a
IN-AC-2008-assam-1745,assam,2011,22,SALMARA SOUTH,WAZED ALI CHOUDHURY,,58498,47.5,2,lost,U,49,Graduate,,incumbent,src-1b7bc1c9d39a
IN-AC-2008-assam-1745,assam,2011,22,SALMARA SOUTH,DEWAN JOYNAL ABEDIN,,1600,1.3,3,forfeit,U,67,Post Graduate,Retired Teacher,challenger,src-1b7bc1c9d39a
IN-AC-2008-assam-1745,assam,2011,22,SALMARA SOUTH,MOFIDUL HOQUE,,794,0.64,4,forfeit,U,35,10th Pass,,challenger,src-1b7bc1c9d39a
IN-AC-2008-assam-1738,assam,2011,23,DHUBRI,JAHAN UDDIN,,53937,43.1,1,won,U,38,Graduate,,challenger,src-1b7bc1c9d39a
IN-AC-2008-assam-1738,assam,2011,23,DHUBRI,NAZIBUL UMAR,,46455,37.12,2,lost,U,64,12th Pass,,challenger,src-1b7bc1c9d39a
IN-AC-2008-assam-1738,assam,2011,23,DHUBRI,DR. DEBAMOY SANYAL,,18301,14.62,3,forfeit,U,52,Graduate Professional,Doctor,challenger,src-1b7bc1c9d39a
IN-AC-2008-assam-1738,assam,2011,23,DHUBRI,ABU ADIL MD. ENAMUL HAQUE,,2948,2.36,4,forfeit,U,41,Graduate Professional,Lawyer,challenger,src-1b7bc1c9d39a
IN-AC-2008-assam-1738,assam,2011,23,DHUBRI,FAIZUL HAQUE,,1475,1.18,5,forfeit,U,50,5th Pass,Unspecified,crossover,src-1b7bc1c9d39a
IN-AC-2008-assam-1738,assam,2011,23,DHUBRI,ROUSHON ZAMIR ALFARUQUE,,1339,1.07,6,forfeit,U,38,12th Pass,,challenger,src-1b7bc1c9d39a
IN-AC-2008-assam-1738,assam,2011,23,DHUBRI,KAZI JAMIR UDDIN AHMED,,686,0.55,7,forfeit,U,40,12th Pass,,challenger,src-1b7bc1c9d39a
IN-AC-2008-assam-1739,assam,2011,24,GAURIPUR,BANENDRA KUMAR MUSHAHARY,,53849,40.43,1,won,U,52,,,crossover,src-1b7bc1c9d39a
IN-AC-2008-assam-1739,assam,2011,24,GAURIPUR,NIZANUR RAHMAN,,37190,27.92,2,lost,U,38,Graduate,,challenger,src-1b7bc1c9d39a
IN-AC-2008-assam-1739,assam,2011,24,GAURIPUR,MOHIBUL HAQUE,,28444,21.36,3,lost,U,53,Post Graduate,,incumbent,src-1b7bc1c9d39a
IN-AC-2008-assam-1739,assam,2011,24,GAURIPUR,ASHOK KUMAR ROY PRODHANI,,4136,3.11,4,forfeit,U,40,12th Pass,,challenger,src-1b7bc1c9d39a
IN-AC-2008-assam-1739,assam,2011,24,GAURIPUR,NURAL ISLAM SK,,2531,1.9,5,forfeit,U,41,Graduate,,challenger,src-1b7bc1c9d39a
IN-AC-2008-assam-1739,assam,2011,24,GAURIPUR,ZAHIRUL HOQUE,,2315,1.74,6,forfeit,U,36,Graduate,,challenger,src-1b7bc1c9d39a
IN-AC-2008-assam-1739,assam,2011,24,GAURIPUR,BISWAJEET ROY,,2258,1.7,7,forfeit,U,36,Graduate,Home Teacher or Tuition,challenger,src-1b7bc1c9d39a
IN-AC-2008-assam-1739,assam,2011,24,GAURIPUR,RANJAN SAHA,,1283,0.96,8,forfeit,U,33,12th Pass,,challenger,src-1b7bc1c9d39a
IN-AC-2008-assam-1739,assam,2011,24,GAURIPUR,MOKBUL HUSSAIN,,616,0.46,9,forfeit,U,45,10th Pass,,crossover,src-1b7bc1c9d39a
IN-AC-2008-assam-1739,assam,2011,24,GAURIPUR,ABHISEKH DEY SARKAR,,567,0.43,10,forfeit,U,25,,,challenger,src-1b7bc1c9d39a
IN-AC-2008-assam-1742,assam,2011,25,GOLAKGANJ,ABU TAHER BEPARI,,59320,43.95,1,won,U,46,Post Graduate,,incumbent,src-1b7bc1c9d39a
IN-AC-2008-assam-1742,assam,2011,25,GOLAKGANJ,ASWINI ROY SARKAR,,55312,40.98,2,lost,U,38,Post Graduate,,challenger,src-1b7bc1c9d39a
IN-AC-2008-assam-1742,assam,2011,25,GOLAKGANJ,SAFER ALI AHMED,,15522,11.5,3,forfeit,U,47,Graduate,,challenger,src-1b7bc1c9d39a
IN-AC-2008-assam-1742,assam,2011,25,GOLAKGANJ,SANTOSH KUMAR SARKAR,,1879,1.39,4,forfeit,U,55,Post Graduate,,challenger,src-1b7bc1c9d39a
IN-AC-2008-assam-1742,assam,2011,25,GOLAKGANJ,JALAL UDDIN AHMED,,1575,1.17,5,forfeit,U,61,8th Pass,,challenger,src-1b7bc1c9d39a
IN-AC-2008-assam-1742,assam,2011,25,GOLAKGANJ,ALI HUSSAIN,,1360,1.01,6,forfeit,U,50,8th Pass,,challenger,src-1b7bc1c9d39a
IN-AC-2008-assam-1800,assam,2011,26,BILASIPARA WEST,HAFIZ BASHIR AHMED,,40501,36.19,1,won,U,51,Post Graduate,,incumbent,src-1b7bc1c9d39a
IN-AC-2008-assam-1800,assam,2011,26,BILASIPARA WEST,ALI AKBAR MIAH,,36717,32.81,2,lost,U,46,Graduate,,crossover,src-1b7bc1c9d39a
IN-AC-2008-assam-1800,assam,2011,26,BILASIPARA WEST,BATENDRA NATH BRAHMA,,23070,20.62,3,lost,U,69,,,challenger,src-1b7bc1c9d39a
IN-AC-2008-assam-1800,assam,2011,26,BILASIPARA WEST,GIASUDDIN AHMED,,4532,4.05,4,forfeit,U,82,Graduate Professional,Lawyer,challenger,src-1b7bc1c9d39a
IN-AC-2008-assam-1800,assam,2011,26,BILASIPARA WEST,HATEM ALI CHOUDHURY,,2261,2.02,5,forfeit,U,53,12th Pass,,challenger,src-1b7bc1c9d39a
IN-AC-2008-assam-1800,assam,2011,26,BILASIPARA WEST,SHEIKH MONSUR RAHMAN,,1635,1.46,6,forfeit,U,50,Graduate,,challenger,src-1b7bc1c9d39a
IN-AC-2008-assam-1800,assam,2011,26,BILASIPARA WEST,ENTAZ ALI,,1250,1.12,7,forfeit,U,48,,,challenger,src-1b7bc1c9d39a
IN-AC-2008-assam-1800,assam,2011,26,BILASIPARA WEST,MINATI SARKAR ROY,,1007,0.9,8,forfeit,U,55,Post Graduate,School Teacher,challenger,src-1b7bc1c9d39a
IN-AC-2008-assam-1800,assam,2011,26,BILASIPARA WEST,MOKLES RAHMAN,,573,0.51,9,forfeit,U,37,10th Pass,,challenger,src-1b7bc1c9d39a
IN-AC-2008-assam-1800,assam,2011,26,BILASIPARA WEST,AKBAR ALI,,362,0.32,10,forfeit,U,48,,,challenger,src-1b7bc1c9d39a
IN-AC-2008-assam-1736,assam,2011,27,BILASIPARA EAST,GUL AKHTARA BEGUM,,49519,36.67,1,won,U,39,Post Graduate,Household,challenger,src-1b7bc1c9d39a
IN-AC-2008-assam-1736,assam,2011,27,BILASIPARA EAST,PRASANTA KUMAR BARUA,,25094,18.58,2,lost,U,61,12th Pass,MLA,incumbent,src-1b7bc1c9d39a
IN-AC-2008-assam-1736,assam,2011,27,BILASIPARA EAST,UMA RANI BASUMATARY,,23326,17.27,3,lost,U,50,,,challenger,src-1b7bc1c9d39a
IN-AC-2008-assam-1736,assam,2011,27,BILASIPARA EAST,BHARATI BARUAH,,17830,13.2,4,forfeit,U,45,12th Pass,Party Worker,challenger,src-1b7bc1c9d39a
IN-AC-2008-assam-1736,assam,2011,27,BILASIPARA EAST,WASIM RAJA,,7613,5.64,5,forfeit,U,51,Graduate,,challenger,src-1b7bc1c9d39a
IN-AC-2008-assam-1736,assam,2011,27,BILASIPARA EAST,ABDUL HAMID,,3904,2.89,6,forfeit,U,59,Graduate,,challenger,src-1b7bc1c9d39a
IN-AC-2008-assam-1736,assam,2011,27,BILASIPARA EAST,PURANDAR NATH,,2529,1.87,7,forfeit,U,63,Graduate,Retired or Pension,challenger,src-1b7bc1c9d39a
IN-AC-2008-assam-1736,assam,2011,27,BILASIPARA EAST,MOINUL HOQUE,,1889,1.4,8,forfeit,U,33,10th Pass,Contractor,challenger,src-1b7bc1c9d39a
IN-AC-2008-assam-1736,assam,2011,27,BILASIPARA EAST,MONIRUR ZAMAN,,1707,1.26,9,forfeit,U,57,,,challenger,src-1b7bc1c9d39a
IN-AC-2008-assam-1736,assam,2011,27,BILASIPARA EAST,BIPIN BARMAN,,970,0.72,10,forfeit,U,64,Graduate,Ex Govt Employee,challenger,src-1b7bc1c9d39a
IN-AC-2008-assam-1736,assam,2011,27,BILASIPARA EAST,MOHENDRA CHANDRA ROY,,648,0.48,11,forfeit,U,40,8th Pass,,challenger,src-1b7bc1c9d39a
IN-AC-2008-assam-1797,assam,2011,28,GOSSALGAON,MAJENDRA NARZARY,,47543,36.2,1,won,U,53,,,incumbent,src-1b7bc1c9d39a
IN-AC-2008-assam-1797,assam,2011,28,GOSSALGAON,KHAIRUL ALAM MIAH,,26598,20.25,2,lost,U,46,10th Pass,,crossover,src-1b7bc1c9d39a
IN-AC-2008-assam-1797,assam,2011,28,GOSSALGAON,ASHIM HASDA,,21355,16.26,3,forfeit,U,41,Graduate,,challenger,src-1b7bc1c9d39a
IN-AC-2008-assam-1797,assam,2011,28,GOSSALGAON,CHRISOSTOM TUDU,,17297,13.17,4,forfeit,U,41,Graduate,,challenger,src-1b7bc1c9d39a
IN-AC-2008-assam-1797,assam,2011,28,GOSSALGAON,RAJENDRA MUSHAHARY,,7613,5.8,5,forfeit,U,53,12th Pass,,challenger,src-1b7bc1c9d39a
IN-AC-2008-assam-1797,assam,2011,28,GOSSALGAON,SANTOSH TARAFDAR,,5444,4.15,6,forfeit,U,43,10th Pass,,challenger,src-1b7bc1c9d39a
IN-AC-2008-assam-1797,assam,2011,28,GOSSALGAON,NIBARAN BASUMATARY,,2577,1.96,7,forfeit,U,49,Graduate,,challenger,src-1b7bc1c9d39a
IN-AC-2008-assam-1797,assam,2011,28,GOSSALGAON,JUNASH MURMU,,1594,1.21,8,forfeit,U,56,12th Pass,,challenger,src-1b7bc1c9d39a
IN-AC-2008-assam-1797,assam,2011,28,GOSSALGAON,SOMARI BASUMATARY,,1304,0.99,9,forfeit,U,45,8th Pass,,challenger,src-1b7bc1c9d39a
IN-AC-2008-assam-1799,assam,2011,29,KOKRAJHAR WEST,PRADIP KUMAR BRAHMA,,68838,57.58,1,won,U,47,,,challenger,src-1b7bc1c9d39a
IN-AC-2008-assam-1799,assam,2011,29,KOKRAJHAR WEST,URKHAO GWRA BRAHMA,,37335,31.23,2,lost,U,47,Graduate,Ex MP,challenger,src-1b7bc1c9d39a
IN-AC-2008-assam-1799,assam,2011,29,KOKRAJHAR WEST,LAHENDRA BASUMATARY,,9107,7.62,3,forfeit,U,67,Graduate Professional,Lawyer,challenger,src-1b7bc1c9d39a
IN-AC-2008-assam-1799,assam,2011,29,KOKRAJHAR WEST,PRADIP KR. BRAHMA,,4280,3.58,4,forfeit,U,42,12th Pass,,challenger,src-1b7bc1c9d39a
IN-AC-2008-assam-1798,assam,2011,30,KOKRAJHAR EAST,PRAMILA RANI BRAHMA,,74670,66.13,1,won,U,59,,,challenger,src-1b7bc1c9d39a
IN-AC-2008-assam-1798,assam,2011,30,KOKRAJHAR EAST,KISHORE BASUMATARY,,28766,25.48,2,lost,U,50,Graduate,Retired Teacher,challenger,src-1b7bc1c9d39a
IN-AC-2008-assam-1798,assam,2011,30,KOKRAJHAR EAST,RAJESWAR BRAHMA,,4571,4.05,3,forfeit,U,59,10th Pass,,challenger,src-1b7bc1c9d39a
IN-AC-2008-assam-1798,assam,2011,30,KOKRAJHAR EAST,BISWAJIT NARZARY,,2756,2.44,4,forfeit,U,30,,,challenger,src-1b7bc1c9d39a
IN-AC-2008-assam-1798,assam,2011,30,KOKRAJHAR EAST,SUBHADRA NARZARY,,2147,1.9,5,forfeit,U,38,10th Pass,,challenger,src-1b7bc1c9d39a
IN-AC-2008-assam-1801,assam,2011,31,SIDLI,CHANDAN BRAHMA,,68127,54.56,1,won,U,41,,,incumbent,src-1b7bc1c9d39a
IN-AC-2008-assam-1801,assam,2011,31,SIDLI,MAOTI BRAHMA HAZOWARY,,31246,25.02,2,lost,U,43,12th Pass,,challenger,src-1b7bc1c9d39a
IN-AC-2008-assam-1801,assam,2011,31,SIDLI,SUPRIYA BRAHMA,,13430,10.76,3,forfeit,U,55,Graduate Professional,Party Worker,challenger,src-1b7bc1c9d39a
IN-AC-2008-assam-1801,assam,2011,31,SIDLI,TAPAN MUCHAHARY,,7598,6.09,4,forfeit,U,27,10th Pass,,challenger,src-1b7bc1c9d39a
IN-AC-2008-assam-1801,assam,2011,31,SIDLI,SUNIL BASUMATARY,,2311,1.85,5,forfeit,U,33,Graduate,,challenger,src-1b7bc1c9d39a
IN-AC-2008-assam-1801,assam,2011,31,SIDLI,GOPINATH GOYARY,,2150,1.72,6,forfeit,U,33,10th Pass,,challenger,src-1b7bc1c9d39a
IN-AC-2008-assam-1730,assam,2011,32,BONGAIGAON,PHANI BHUSAN CHOUDHURY,,45871,40.78,1,won,U,58,Graduate,,incumbent,src-1b7bc1c9d39a
IN-AC-2008-assam-1730,assam,2011,32,BONGAIGAON,PRABHAT BAISNAB,,33474,29.76,2,lost,U,54,Graduate,,challenger,src-1b7bc1c9d39a
IN-AC-2008-assam-1730,assam,2011,32,BONGAIGAON,SASHANKA BRAHMA,,21955,19.52,3,lost,U,46,,,challenger,src-1b7bc1c9d39a
IN-AC-2008-assam-1730,assam,2011,32,BONGAIGAON,MONI KONCH,,7782,6.92,4,forfeit,U,47,12th Pass,,challenger,src-1b7bc1c9d39a
IN-AC-2008-assam-1730,assam,2011,32,BONGAIGAON,SIBU CHANDA,,2056,1.83,5,forfeit,U,48,Illiterate,Shop Keeper,challenger,src-1b7bc1c9d39a
IN-AC-2008-assam-1730,assam,2011,32,BONGAIGAON,KIRANMAYEE NATH,,1344,1.19,6,forfeit,U,41,10th Pass,Household,challenger,src-1b7bc1c9d39a
IN-AC-2008-assam-1795,assam,2011,33,BIJNI,KAMALSHING NARZARY,,39861,41.83,1,won,U,55,,,incumbent,src-1b7bc1c9d39a
IN-AC-2008-assam-1795,assam,2011,33,BIJNI,KHALILUR RAHMAN,,26536,27.84,2,lost,U,44,Graduate,,crossover,src-1b7bc1c9d39a
IN-AC-2008-assam-1795,assam,2011,33,BIJNI,GAJENDRA BARMAN,,22151,23.24,3,lost,U,48,Post Graduate,,challenger,src-1b7bc1c9d39a
IN-AC-2008-assam-1795,assam,2011,33,BIJNI,ROMIO BRAHMA,,4118,4.32,4,forfeit,U,44,Graduate,Ex MLA,challenger,src-1b7bc1c9d39a
IN-AC-2008-assam-1795,assam,2011,33,BIJNI,PARIMAL BISWAS,,1626,1.71,5,forfeit,U,63,Graduate,,challenger,src-1b7bc1c9d39a
IN-AC-2008-assam-1795,assam,2011,33,BIJNI,HAREN GOGOI,,1011,1.06,6,forfeit,U,51,Graduate,,challenger,src-1b7bc1c9d39a
IN-AC-2008-assam-1726,assam,2011,34,ABHAYAPURI NORTH,BHUPEN ROY,,38111,36.32,1,won,U,52,Graduate,,challenger,src-1b7bc1c9d39a
IN-AC-2008-assam-1726,assam,2011,34,ABHAYAPURI NORTH,ABDUL HAI NAGORI,,36574,34.85,2,lost,U,56,Graduate Professional,Lawyer,incumbent,src-1b7bc1c9d39a
IN-AC-2008-assam-1726,assam,2011,34,ABHAYAPURI NORTH,ABDUL LATIF MONDAL,,19695,18.77,3,lost,U,40,Post Graduate,,challenger,src-1b7bc1c9d39a
IN-AC-2008-assam-1726,assam,2011,34,ABHAYAPURI NORTH,ANJU MONOWARA BEGUM,,4733,4.51,4,forfeit,U,29,,,challenger,src-1b7bc1c9d39a
IN-AC-2008-assam-1726,assam,2011,34,ABHAYAPURI NORTH,RABIN DAS,,2844,2.71,5,forfeit,U,56,Graduate,,challenger,src-1b7bc1c9d39a
IN-AC-2008-assam-1726,assam,2011,34,ABHAYAPURI NORTH,RATUL BHARALI,,1041,0.99,6,forfeit,U,37,10th Pass,,challenger,src-1b7bc1c9d39a
IN-AC-2008-assam-1726,assam,2011,34,ABHAYAPURI NORTH,NILANANDA RAJBONGSHI,,709,0.68,7,forfeit,U,35,10th Pass,,challenger,src-1b7bc1c9d39a
IN-AC-2008-assam-1726,assam,2011,34,ABHAYAPURI NORTH,AMINUL HOQUE JWADDER,,466,0.44,8,forfeit,U,28,Post Graduate,,challenger,src-1b7bc1c9d39a
IN-AC-2008-assam-1726,assam,2011,34,ABHAYAPURI NORTH,SAMSUL HOQUE,,423,0.4,9,forfeit,U,51,10th Pass,,challenger,src-1b7bc1c9d39a
IN-AC-2008-assam-1726,assam,2011,34,ABHAYAPURI NORTH,HABIBAR RAHMAN,,337,0.32,10,forfeit,U,44,Post Graduate,Advocacy,challenger,src-1b7bc1c9d39a
IN-AC-2008-assam-1727,assam,2011,35,ABHAYAPURI SOUTH,CHANDAN KUMAR SARKAR,,51510,42.24,1,won,U,54,10th Pass,Rent,challenger,src-1b7bc1c9d39a
IN-AC-2008-assam-1727,assam,2011,35,ABHAYAPURI SOUTH,BIJAY DAS,,35621,29.21,2,lost,U,51,8th Pass,,challenger,src-1b7bc1c9d39a
IN-AC-2008-assam-1727,assam,2011,35,ABHAYAPURI SOUTH,DHRUBAJYOTI BANIKYA,,26485,21.72,3,lost,U,27,12th Pass,Musician or Artist,challenger,src-1b7bc1c9d39a
IN-AC-2008-assam-1727,assam,2011,35,ABHAYAPURI SOUTH,DINESH SARKAR,,2998,2.46,4,forfeit,U,40,Graduate,,challenger,src-1b7bc1c9d39a
IN-AC-2008-assam-1727,assam,2011,35,ABHAYAPURI SOUTH,KAUSTAV KUMAR DAS,,2628,2.15,5,forfeit,U,45,Graduate,,challenger,src-1b7bc1c9d39a
IN-AC-2008-assam-1727,assam,2011,35,ABHAYAPURI SOUTH,ASHOK DUTTA,,1211,0.99,6,forfeit,U,41,8th Pass,,challenger,src-1b7bc1c9d39a
IN-AC-2008-assam-1727,assam,2011,35,ABHAYAPURI SOUTH,BIMAL CHANDRA DAS,,996,0.82,7,forfeit,U,30,,,challenger,src-1b7bc1c9d39a
IN-AC-2008-assam-1727,assam,2011,35,ABHAYAPURI SOUTH,MOHADEV CH. DAS,,510,0.42,8,forfeit,U,59,5th Pass,,challenger,src-1b7bc1c9d39a
IN-AC-2008-assam-1759,assam,2011,36,DUDHNAI,SIB CHARAN BASUMATARY,,46890,37.33,1,won,U,40,10th Pass,,challenger,src-1b7bc1c9d39a
IN-AC-2008-assam-1759,assam,2011,36,DUDHNAI,DIGANTA KUMAR RAVA,,40873,32.54,2,lost,U,43,Graduate,,challenger,src-1b7bc1c9d39a
IN-AC-2008-assam-1759,assam,2011,36,DUDHNAI,FLORENCE G. MOMIN,,21003,16.72,3,lost,U,56,8th Pass,,challenger,src-1b7bc1c9d39a
IN-AC-2008-assam-1759,assam,2011,36,DUDHNAI,BALI RAM BORO,,10445,8.32,4,forfeit,U,39,Others,Contractor,challenger,src-1b7bc1c9d39a
IN-AC-2008-assam-1759,assam,2011,36,DUDHNAI,RAMA KANTA KHAKHALARY,,3480,2.77,5,forfeit,U,37,Graduate Professional,Lawyer,challenger,src-1b7bc1c9d39a
IN-AC-2008-assam-1759,assam,2011,36,DUDHNAI,KAUSHALYA CHAUDHURY KHAKHALARY,,1597,1.27,6,forfeit,U,48,Graduate,Household,challenger,src-1b7bc1c9d39a
IN-AC-2008-assam-1759,assam,2011,36,DUDHNAI,BHUPENDRA RAVA,,1321,1.05,7,forfeit,U,59,10th Pass,,challenger,src-1b7bc1c9d39a
IN-AC-2008-assam-1740,assam,2011,37,GOALPARA EAST,MONOWAR HUSSAIN,,36353,26.79,1,won,U,65,Graduate Professional,Lawyer,crossover,src-1b7bc1c9d39a
IN-AC-2008-assam-1740,assam,2011,37,GOALPARA EAST,JYOTISH DAS,,34511,25.43,2,lost,U,53,Post Graduate,College Professor or Lecturer,challenger,src-1b7bc1c9d39a
IN-AC-2008-assam-1740,assam,2011,37,GOALPARA EAST,SHADEED MAZUMDER,,23580,17.38,3,lost,U,53,,,challenger,src-1b7bc1c9d39a
IN-AC-2008-assam-1740,assam,2011,37,GOALPARA EAST,DULAL CH. GHOSH,,19898,14.66,4,forfeit,U,67,Graduate,MLA,challenger,src-1b7bc1c9d39a
IN-AC-2008-assam-1740,assam,2011,37,GOALPARA EAST,ELBARTH MARAK,,13102,9.66,5,forfeit,U,47,8th Pass,Ex Civil Service,challenger,src-1b7bc1c9d39a
IN-AC-2008-assam-1740,assam,2011,37,GOALPARA EAST,MANO MOHAN NATH,,3195,2.35,6,forfeit,U,66,Graduate Professional,,challenger,src-1b7bc1c9d39a
IN-AC-2008-assam-1740,assam,2011,37,GOALPARA EAST,JESMINA ISLAM,,2069,1.52,7,forfeit,U,47,10th Pass,Household,challenger,src-1b7bc1c9d39a
IN-AC-2008-assam-1740,assam,2011,37,GOALPARA EAST,ARUN DAS,,1662,1.22,8,forfeit,U,39,10th Pass,,challenger,src-1b7bc1c9d39a
IN-AC-2008-assam-1740,assam,2011,37,GOALPARA EAST,GOLE RAHMAN,,665,0.49,9,forfeit,U,49,,,challenger,src-1b7bc1c9d39a
IN-AC-2008-assam-1740,assam,2011,37,GOALPARA EAST,AZHAR HUSSAIN,,657,0.48,10,forfeit,U,62,12th Pass,Retired Teacher,challenger,src-1b7bc1c9d39a
IN-AC-2008-assam-1741,assam,2011,38,GOALPARA WEST,SHEIKH SHAH ALAM,,37800,34.18,1,won,U,40,Graduate,,crossover,src-1b7bc1c9d39a
IN-AC-2008-assam-1741,assam,2011,38,GOALPARA WEST,PURANDAR RABHA,,26862,24.29,2,lost,U,42,Graduate,,challenger,src-1b7bc1c9d39a
IN-AC-2008-assam-1741,assam,2011,38,GOALPARA WEST,ABDUR RASHID MANDAL,,22261,20.13,3,lost,U,48,12th Pass,MLA,incumbent,src-1b7bc1c9d39a
IN-AC-2008-assam-1741,assam,2011,38,GOALPARA WEST,ABU BAKKER SIDDIQUE JOTDER,,19154,17.32,4,lost,U,43,Graduate,,challenger,src-1b7bc1c9d39a
IN-AC-2008-assam-1741,assam,2011,38,GOALPARA WEST,NOZMUL HOQUE,,2069,1.87,5,forfeit,U,71,Graduate,Party Worker,challenger,src-1b7bc1c9d39a
IN-AC-2008-assam-1741,assam,2011,38,GOALPARA WEST,NISHI KANTA HAJONG,,1563,1.41,6,forfeit,U,67,8th Pass,,challenger,src-1b7bc1c9d39a
IN-AC-2008-assam-1741,assam,2011,38,GOALPARA WEST,DILIP RAY,,894,0.81,7,forfeit,U,51,,,challenger,src-1b7bc1c9d39a
IN-AC-2008-assam-1743,assam,2011,39,JALESWAR,MOIN UDDIN AHMED,,52643,50.75,1,won,U,40,Post Graduate,,challenger,src-1b7bc1c9d39a
IN-AC-2008-assam-1743,assam,2011,39,JALESWAR,AFTAB UDDIN MOLLAH,,35847,34.55,2,lost,U,45,Post Graduate,,challenger,src-1b7bc1c9d39a
IN-AC-2008-assam-1743,assam,2011,39,JALESWAR,KAILASH CHANDRA RABHA,,7331,7.07,3,forfeit,U,43,10th Pass,,challenger,src-1b7bc1c9d39a
IN-AC-2008-assam-1743,assam,2011,39,JALESWAR,AFZALUR RAHMAN,,4657,4.49,4,forfeit,U,65,Graduate Professional,,incumbent,src-1b7bc1c9d39a
IN-AC-2008-assam-1743,assam,2011,39,JALESWAR,SONAUDDIN AHMED,,936,0.9,5,forfeit,U,40,Graduate Professional,Advocacy,challenger,src-1b7bc1c9d39a
IN-AC-2008-assam-1743,assam,2011,39,JALESWAR,SHAFIQUL HUSSAIN (PRINCE),,913,0.88,6,forfeit,U,43,Post Graduate,College Professor or Lecturer,challenger,src-1b7bc1c9d39a
IN-AC-2008-assam-1743,assam,2011,39,JALESWAR,KASIRUDDIN SHEIKH,,792,0.76,7,forfeit,U,62,12th Pass,Retired or Pension,challenger,src-1b7bc1c9d39a
IN-AC-2008-assam-1743,assam,2011,39,JALESWAR,ABDUL HAMID,,621,0.6,8,forfeit,U,52,Graduate,,challenger,src-1b7bc1c9d39a
IN-AC-2008-assam-1735,assam,2011,40,SORBHOG,RANJEET KUMAR DASS,,40716,31.25,1,won,U,45,Post Graduate,,challenger,src-1b7bc1c9d39a
IN-AC-2008-assam-1735,assam,2011,40,SORBHOG,A. SALIM,,21534,16.53,2,forfeit,U,42,8th Pass,,challenger,src-1b7bc1c9d39a
IN-AC-2008-assam-1735,assam,2011,40,SORBHOG,ABDUS SAMAD AHMED,,21099,16.2,3,forfeit,U,45,Post Graduate,Lawyer,challenger,src-1b7bc1c9d39a
IN-AC-2008-assam-1735,assam,2011,40,SORBHOG,MANORANJAN TALUKDAR,,20609,15.82,4,forfeit,U,58,Graduate,,challenger,src-1b7bc1c9d39a
IN-AC-2008-assam-1735,assam,2011,40,SORBHOG,IYAD ALI,,20516,15.75,5,forfeit,U,51,Graduate Professional,,challenger,src-1b7bc1c9d39a
IN-AC-2008-assam-1735,assam,2011,40,SORBHOG,MOHIDUL ISLAM,,1392,1.07,6,forfeit,U,31,Graduate,,challenger,src-1b7bc1c9d39a
IN-AC-2008-assam-1735,assam,2011,40,SORBHOG,MRINAL KANTI SARKAR,,1190,0.91,7,forfeit,U,52,10th Pass,,challenger,src-1b7bc1c9d39a
IN-AC-2008-assam-1735,assam,2011,40,SORBHOG,KHANINDRA NATH PATHAK,,809,0.62,8,forfeit,U,53,8th Pass,,challenger,src-1b7bc1c9d39a
IN-AC-2008-assam-1735,assam,2011,40,SORBHOG,FAIZAN NESSA,,807,0.62,9,forfeit,U,37,8th Pass,Household,challenger,src-1b7bc1c9d39a
IN-AC-2008-assam-1735,assam,2011,40,SORBHOG,NIRMAL KUMAR AGARWALLA,,556,0.43,10,forfeit,U,58,,,challenger,src-1b7bc1c9d39a
IN-AC-2008-assam-1735,assam,2011,40,SORBHOG,MANIRAM PATGIRI,,552,0.42,11,forfeit,U,67,12th Pass,Retired or Pension,challenger,src-1b7bc1c9d39a
IN-AC-2008-assam-1735,assam,2011,40,SORBHOG,KHALILUR RAHMAN,,492,0.38,12,forfeit,U,50,Graduate,,challenger,src-1b7bc1c9d39a
IN-AC-2008-assam-1794,assam,2011,41,BHABANIPUR,ABUL KALAM AZAD,,24756,26.85,1,won,U,46,10th Pass,,challenger,src-1b7bc1c9d39a
IN-AC-2008-assam-1794,assam,2011,41,BHABANIPUR,PHANIDHAR TALUKDAR,,19714,21.38,2,lost,U,44,12th Pass,,challenger,src-1b7bc1c9d39a
IN-AC-2008-assam-1794,assam,2011,41,BHABANIPUR,MILAN BARO,,18491,20.06,3,lost,U,56,,,challenger,src-1b7bc1c9d39a
IN-AC-2008-assam-1794,assam,2011,41,BHABANIPUR,KARTIK SARMA,,7469,8.1,4,forfeit,U,44,12th Pass,,challenger,src-1b7bc1c9d39a
IN-AC-2008-assam-1794,assam,2011,41,BHABANIPUR,DR.MANORANJAN DAS,,7325,7.95,5,forfeit,U,58,Doctorate,MLA,incumbent,src-1b7bc1c9d39a
IN-AC-2008-assam-1794,assam,2011,41,BHABANIPUR,MANIK BASUMATARY,,7024,7.62,6,forfeit,U,35,Graduate,Contractor,challenger,src-1b7bc1c9d39a
IN-AC-2008-assam-1794,assam,2011,41,BHABANIPUR,MANJUSHREE PATHAK,,3126,3.39,7,forfeit,U,58,Doctorate,Lawyer,crossover,src-1b7bc1c9d39a
IN-AC-2008-assam-1794,assam,2011,41,BHABANIPUR,MONSER ALI,,1403,1.52,8,forfeit,U,30,,,challenger,src-1b7bc1c9d39a
IN-AC-2008-assam-1794,assam,2011,41,BHABANIPUR,AJAD ALI,,1228,1.33,9,forfeit,U,47,Others,,challenger,src-1b7bc1c9d39a
IN-AC-2008-assam-1794,assam,2011,41,BHABANIPUR,RATNA KANTA DEKA,,917,0.99,10,forfeit,U,46,10th Pass,,challenger,src-1b7bc1c9d39a
IN-AC-2008-assam-1794,assam,2011,41,BHABANIPUR,MANOJ KUMAR BAISHYA,,736,0.8,11,forfeit,U,35,12th Pass,,challenger,src-1b7bc1c9d39a
IN-AC-2008-assam-eci42,assam,2011,42,PATACHARKUCHI,MANORANJAN DAS,,30829,34.96,1,won,U,64,Post Graduate,Ex Govt Employee,challenger,src-1b7bc1c9d39a
IN-AC-2008-assam-eci42,assam,2011,42,PATACHARKUCHI,PABINDRA DEKA,,26248,29.76,2,lost,U,60,Graduate,,challenger,src-1b7bc1c9d39a
IN-AC-2008-assam-eci42,assam,2011,42,PATACHARKUCHI,DR. MALAYA BORMAN,,18418,20.88,3,lost,U,60,Doctorate,Party Worker,incumbent,src-1b7bc1c9d39a
IN-AC-2008-assam-eci42,assam,2011,42,PATACHARKUCHI,DILIP BARUAH,,4354,4.94,4,forfeit,U,54,Post Graduate,,challenger,src-1b7bc1c9d39a
IN-AC-2008-assam-eci42,assam,2011,42,PATACHARKUCHI,PHANI PATHAK,,2846,3.23,5,forfeit,U,42,Graduate,,challenger,src-1b7bc1c9d39a
IN-AC-2008-assam-eci42,assam,2011,42,PATACHARKUCHI,TAPAN BHUYAN,,2210,2.51,6,forfeit,U,35,,,challenger,src-1b7bc1c9d39a
IN-AC-2008-assam-eci42,assam,2011,42,PATACHARKUCHI,BISHAL JYOTI KALITA,,1587,1.8,7,forfeit,U,37,Graduate Professional,,challenger,src-1b7bc1c9d39a
IN-AC-2008-assam-eci42,assam,2011,42,PATACHARKUCHI,AJIT SARMA,,765,0.87,8,forfeit,U,56,10th Pass,Retired or Pension,challenger,src-1b7bc1c9d39a
IN-AC-2008-assam-eci42,assam,2011,42,PATACHARKUCHI,SYED MAHIMUDDIN AHMED,,469,0.53,9,forfeit,U,60,12th Pass,Ex Govt Employee,challenger,src-1b7bc1c9d39a
IN-AC-2008-assam-eci42,assam,2011,42,PATACHARKUCHI,PRADIP KUMAR KALITA,,469,0.53,10,forfeit,U,55,Graduate,Retired or Pension,challenger,src-1b7bc1c9d39a
IN-AC-2008-assam-1729,assam,2011,43,BARPETA,ABDUR RAHIM KHAN,,56915,43.39,1,won,U,43,Graduate,Retired or Pension,challenger,src-1b7bc1c9d39a
IN-AC-2008-assam-1729,assam,2011,43,BARPETA,GUNINDRA NATH DAS,,44606,34.01,2,lost,U,51,Graduate,Distributors,incumbent,src-1b7bc1c9d39a
IN-AC-2008-assam-1729,assam,2011,43,BARPETA,ABDUL KAYEM,,19443,14.82,3,forfeit,U,63,Graduate Professional,Lawyer,challenger,src-1b7bc1c9d39a
IN-AC-2008-assam-1729,assam,2011,43,BARPETA,ABDUL KADDUS,,4941,3.77,4,forfeit,U,38,,,challenger,src-1b7bc1c9d39a
IN-AC-2008-assam-1729,assam,2011,43,BARPETA,AMIYA KUMAR DAS,,3962,3.02,5,forfeit,U,55,Graduate Professional,Lawyer,challenger,src-1b7bc1c9d39a
IN-AC-2008-assam-1729,assam,2011,43,BARPETA,JEHERUL HAQUE,,1297,0.99,6,forfeit,U,57,Post Graduate,Ex Govt Employee,challenger,src-1b7bc1c9d39a
IN-AC-2008-assam-1733,assam,2011,44,JANIA,RAFIQUL ISLAM,,59978,52.23,1,won,U,35,Post Graduate,,challenger,src-1b7bc1c9d39a
IN-AC-2008-assam-1733,assam,2011,44,JANIA,ABDUL KHALEQUE,,42464,36.98,2,lost,U,36,Post Graduate,MLA,incumbent,src-1b7bc1c9d39a
IN-AC-2008-assam-1733,assam,2011,44,JANIA,ABDUL KARIM BHUYAN,,6450,5.62,3,forfeit,U,47,Post Graduate,,challenger,src-1b7bc1c9d39a
IN-AC-2008-assam-1733,assam,2011,44,JANIA,AYNAL HOQUE,,2101,1.83,4,forfeit,U,35,Post Graduate,College Professor or Lecturer,challenger,src-1b7bc1c9d39a
IN-AC-2008-assam-1733,assam,2011,44,JANIA,UPENDRA CH. ARJYA,,1290,1.12,5,forfeit,U,66,Illiterate,,challenger,src-1b7bc1c9d39a
IN-AC-2008-assam-1733,assam,2011,44,JANIA,NAZRUL ISLAM,,860,0.75,6,forfeit,U,55,12th Pass,,challenger,src-1b7bc1c9d39a
IN-AC-2008-assam-1733,assam,2011,44,JANIA,SHAHIDUL ISLAM,,745,0.65,7,forfeit,U,37,12th Pass,,crossover,src-1b7bc1c9d39a
IN-AC-2008-assam-1733,assam,2011,44,JANIA,ABDUL JALIL TALUKDAR,,561,0.49,8,forfeit,U,54,12th Pass,,challenger,src-1b7bc1c9d39a
IN-AC-2008-assam-1733,assam,2011,44,JANIA,MAHMUD ALI MAZAR BHUIYA,,382,0.33,9,forfeit,U,46,10th Pass,,challenger,src-1b7bc1c9d39a
IN-AC-2008-assam-1728,assam,2011,45,BAGHBAR,SHERMAN ALI AHMED,,60434,64.62,1,won,U,46,Graduate,Ex Govt Employee,challenger,src-1b7bc1c9d39a
IN-AC-2008-assam-1728,assam,2011,45,BAGHBAR,RAJIB AHMED,,28313,30.27,2,lost,U,46,10th Pass,Contractor,challenger,src-1b7bc1c9d39a
IN-AC-2008-assam-1728,assam,2011,45,BAGHBAR,MANUMATI SARKAR,,2139,2.29,3,forfeit,U,32,8th Pass,Contractor,challenger,src-1b7bc1c9d39a
IN-AC-2008-assam-1728,assam,2011,45,BAGHBAR,MD JALAL UDDIN ALI,,772,0.83,4,forfeit,U,52,Graduate,Ex Govt Employee,challenger,src-1b7bc1c9d39a
IN-AC-2008-assam-1728,assam,2011,45,BAGHBAR,AZMUL HOQUE,,772,0.83,5,forfeit,U,30,Graduate,,challenger,src-1b7bc1c9d39a
IN-AC-2008-assam-1728,assam,2011,45,BAGHBAR,ABDUS SALAM AHMED,,423,0.45,6,forfeit,U,42,Graduate,Self-employed,challenger,src-1b7bc1c9d39a
IN-AC-2008-assam-1728,assam,2011,45,BAGHBAR,ABU CHAND MAHMMAD,,342,0.37,7,forfeit,U,66,,,challenger,src-1b7bc1c9d39a
IN-AC-2008-assam-1728,assam,2011,45,BAGHBAR,MD. AMIR ALI,,331,0.35,8,forfeit,U,44,Post Graduate,,challenger,src-1b7bc1c9d39a
IN-AC-2008-assam-1734,assam,2011,46,SARUKHETRI,ALI HOSSAIN,,51537,42.63,1,won,U,49,Post Graduate,,challenger,src-1b7bc1c9d39a
IN-AC-2008-assam-1734,assam,2011,46,SARUKHETRI,TARA PRASAD DAS,,23915,19.78,2,lost,U,60,Graduate Professional,MLA,challenger,src-1b7bc1c9d39a
IN-AC-2008-assam-1734,assam,2011,46,SARUKHETRI,KAMALESWAR MEDHI,,20614,17.05,3,lost,U,54,8th Pass,Real Estate or Builder or Developer or Construction,challenger,src-1b7bc1c9d39a
IN-AC-2008-assam-1734,assam,2011,46,SARUKHETRI,GHOLAM SARUWAR,,8517,7.05,4,forfeit,U,44,Post Graduate,Home Teacher or Tuition,challenger,src-1b7bc1c9d39a
IN-AC-2008-assam-1734,assam,2011,46,SARUKHETRI,CHANAKYA PATHAK,,7830,6.48,5,forfeit,U,50,Post Graduate,Lawyer,challenger,src-1b7bc1c9d39a
IN-AC-2008-assam-1734,assam,2011,46,SARUKHETRI,KANDARPA KUMAR DAS,,3834,3.17,6,forfeit,U,65,,,crossover,src-1b7bc1c9d39a
IN-AC-2008-assam-1734,assam,2011,46,SARUKHETRI,SUBHASH SARKAR,,2318,1.92,7,forfeit,U,42,Graduate,,challenger,src-1b7bc1c9d39a
IN-AC-2008-assam-1734,assam,2011,46,SARUKHETRI,MANOJ SARMA,,817,0.68,8,forfeit,U,37,10th Pass,Unspecified,challenger,src-1b7bc1c9d39a
IN-AC-2008-assam-1734,assam,2011,46,SARUKHETRI,SAYDUR RAHMAN KHAN,,380,0.31,9,forfeit,U,37,Graduate,,challenger,src-1b7bc1c9d39a
IN-AC-2008-assam-1734,assam,2011,46,SARUKHETRI,RAKIBUL HUSSAIN,,327,0.27,10,forfeit,U,29,12th Pass,,challenger,src-1b7bc1c9d39a
IN-AC-2008-assam-1734,assam,2011,46,SARUKHETRI,NASHER KHAN,,299,0.25,11,forfeit,U,55,,,challenger,src-1b7bc1c9d39a
IN-AC-2008-assam-1734,assam,2011,46,SARUKHETRI,BASER UDDIN,,252,0.21,12,forfeit,U,35,10th Pass,,challenger,src-1b7bc1c9d39a
IN-AC-2008-assam-1734,assam,2011,46,SARUKHETRI,KAMAL UDDIN,,245,0.2,13,forfeit,U,64,Literate,,challenger,src-1b7bc1c9d39a
IN-AC-2008-assam-1731,assam,2011,47,CHENGA,SUKUR ALI AHMED,,36886,42.06,1,won,U,46,12th Pass,Party Worker,challenger,src-1b7bc1c9d39a
IN-AC-2008-assam-1731,assam,2011,47,CHENGA,LIAKAT ALI KHAN,,24404,27.83,2,lost,U,53,Graduate,,incumbent,src-1b7bc1c9d39a
IN-AC-2008-assam-1731,assam,2011,47,CHENGA,ILIM UDDIN DEWAN,,20658,23.56,3,lost,U,43,12th Pass,,challenger,src-1b7bc1c9d39a
IN-AC-2008-assam-1731,assam,2011,47,CHENGA,NABAKUMAR DAS,,2052,2.34,4,forfeit,U,45,12th Pass,,challenger,src-1b7bc1c9d39a
IN-AC-2008-assam-1731,assam,2011,47,CHENGA,ABDUL KUDDUS,,1838,2.1,5,forfeit,U,60,10th Pass,,challenger,src-1b7bc1c9d39a
IN-AC-2008-assam-1731,assam,2011,47,CHENGA,SEIKH SAFIKUL HAQUE,,1391,1.59,6,forfeit,U,33,10th Pass,,challenger,src-1b7bc1c9d39a
IN-AC-2008-assam-1731,assam,2011,47,CHENGA,AKSHED ALI,,460,0.52,7,forfeit,U,42,,,challenger,src-1b7bc1c9d39a
IN-AC-2008-assam-1756,assam,2011,48,BOKO,GOPI NATH DAS,,54388,38.52,1,won,U,51,Graduate,,crossover,src-1b7bc1c9d39a
IN-AC-2008-assam-1756,assam,2011,48,BOKO,JAYANTA DAS,,43697,30.95,2,lost,U,39,Others,Real Estate or Builder or Developer or Construction,challenger,src-1b7bc1c9d39a
IN-AC-2008-assam-1756,assam,2011,48,BOKO,JYOTI PRASAD DAS,,24086,17.06,3,lost,U,47,,,incumbent,src-1b7bc1c9d39a
IN-AC-2008-assam-1756,assam,2011,48,BOKO,PRABIN MANDAL,,13318,9.43,4,forfeit,U,41,,,challenger,src-1b7bc1c9d39a
IN-AC-2008-assam-1756,assam,2011,48,BOKO,JITEN SARKAR,,3656,2.59,5,forfeit,U,55,8th Pass,,challenger,src-1b7bc1c9d39a
IN-AC-2008-assam-1756,assam,2011,48,BOKO,NIRANJAN DAS,,2050,1.45,6,forfeit,U,66,Graduate,Ex Govt Employee,challenger,src-1b7bc1c9d39a
IN-AC-2008-assam-1757,assam,2011,49,CHAYGAON,REKIBUDDIN AHMED,,64307,54.4,1,won,U,37,12th Pass,Contractor,challenger,src-1b7bc1c9d39a
IN-AC-2008-assam-1757,assam,2011,49,CHAYGAON,DR. KAMALA KALITA,,48714,41.21,2,lost,U,52,Graduate Professional,Doctor,incumbent,src-1b7bc1c9d39a
IN-AC-2008-assam-1757,assam,2011,49,CHAYGAON,AMINUL HAQUE,,3118,2.64,3,forfeit,U,35,Post Graduate,,challenger,src-1b7bc1c9d39a
IN-AC-2008-assam-1757,assam,2011,49,CHAYGAON,ROBIN NATH,,2067,1.75,4,forfeit,U,34,Graduate,,challenger,src-1b7bc1c9d39a
IN-AC-2008-assam-1764,assam,2011,50,PALASBARI,JATIN MALI,,36718,34.68,1,won,U,55,Post Graduate,,challenger,src-1b7bc1c9d39a
IN-AC-2008-assam-1764,assam,2011,50,PALASBARI,PRANAB KALITA,,36038,34.04,2,lost,U,51,Post Graduate,,incumbent,src-1b7bc1c9d39a
IN-AC-2008-assam-1764,assam,2011,50,PALASBARI,NIVA SHARMA THAKURIA,,19993,18.88,3,lost,U,52,Post Graduate,Lawyer,challenger,src-1b7bc1c9d39a
IN-AC-2008-assam-1764,assam,2011,50,PALASBARI,ANUP KR. MEDHI,,10577,9.99,4,forfeit,U,39,Graduate,,challenger,src-1b7bc1c9d39a
IN-AC-2008-assam-1764,assam,2011,50,PALASBARI,HEMANGA THAKURIA,,1953,1.84,5,forfeit,U,36,Post Graduate,Lawyer,challenger,src-1b7bc1c9d39a
IN-AC-2008-assam-1764,assam,2011,50,PALASBARI,LALITA BAISHYA,,593,0.56,6,forfeit,U,45,10th Pass,Party Worker,challenger,src-1b7bc1c9d39a
IN-AC-2008-assam-1763,assam,2011,51,JALUKBARI,HIMANTA BISWA SARMA.,,93812,72.09,1,won,U,42,Doctorate,Lawyer,incumbent,src-1b7bc1c9d39a
IN-AC-2008-assam-1763,assam,2011,51,JALUKBARI,PRODYUT KUMAR BORA,,16409,12.61,2,forfeit,U,37,,,challenger,src-1b7bc1c9d39a
IN-AC-2008-assam-1763,assam,2011,51,JALUKBARI,MONOJ SAIKIA.,,14887,11.44,3,forfeit,U,40,12th Pass,,crossover,src-1b7bc1c9d39a
IN-AC-2008-assam-1763,assam,2011,51,JALUKBARI,BIMAL MOCHAHARY.,,1250,0.96,4,forfeit,U,38,10th Pass,,challenger,src-1b7bc1c9d39a
IN-AC-2008-assam-1763,assam,2011,51,JALUKBARI,RAMEN LAHKAR.,,1037,0.8,5,forfeit,U,36,,,challenger,src-1b7bc1c9d39a
IN-AC-2008-assam-1763,assam,2011,51,JALUKBARI,ATMA RAM DEKA.,,933,0.72,6,forfeit,U,63,12th Pass,,challenger,src-1b7bc1c9d39a
IN-AC-2008-assam-1763,assam,2011,51,JALUKBARI,NATHUNI DAS.,,836,0.64,7,forfeit,U,50,8th Pass,Auto-rickshaw Driver,challenger,src-1b7bc1c9d39a
IN-AC-2008-assam-1763,assam,2011,51,JALUKBARI,PRAFULLA BHARALI.,,495,0.38,8,forfeit,U,62,,,challenger,src-1b7bc1c9d39a
IN-AC-2008-assam-1763,assam,2011,51,JALUKBARI,NABA KUMAR NATH.,,473,0.36,9,forfeit,U,39,,,challenger,src-1b7bc1c9d39a
IN-AC-2008-assam-1758,assam,2011,52,DISPUR,AKON BORA,,83096,41.48,1,won,U,58,Graduate,"MLA, Party Worker",incumbent,src-1b7bc1c9d39a
IN-AC-2008-assam-1758,assam,2011,52,DISPUR,ATUL BORA.,,74849,37.37,2,lost,U,60,Graduate,,crossover,src-1b7bc1c9d39a
IN-AC-2008-assam-1758,assam,2011,52,DISPUR,RANJIT RAHANG,,29065,14.51,3,forfeit,U,44,,,challenger,src-1b7bc1c9d39a
IN-AC-2008-assam-1758,assam,2011,52,DISPUR,BIREN SARMA.,,3314,1.65,4,forfeit,U,50,Graduate,,challenger,src-1b7bc1c9d39a
IN-AC-2008-assam-1758,assam,2011,52,DISPUR,ANOWAR ALI.,,2417,1.21,5,forfeit,U,32,Graduate Professional,Lawyer,challenger,src-1b7bc1c9d39a
IN-AC-2008-assam-1758,assam,2011,52,DISPUR,LUIT KR. BARMAN.,,1813,0.91,6,forfeit,U,31,,,challenger,src-1b7bc1c9d39a
IN-AC-2008-assam-1758,assam,2011,52,DISPUR,GOBINDA DAS.,,1455,0.73,7,forfeit,U,35,,,challenger,src-1b7bc1c9d39a
IN-AC-2008-assam-1758,assam,2011,52,DISPUR,MAMATA BAIRAGI,,1288,0.64,8,forfeit,U,49,8th Pass,,challenger,src-1b7bc1c9d39a
IN-AC-2008-assam-1758,assam,2011,52,DISPUR,MINA BORAH.,,823,0.41,9,forfeit,U,36,,,challenger,src-1b7bc1c9d39a
IN-AC-2008-assam-1758,assam,2011,52,DISPUR,PRADIP BARUAH.,,654,0.33,10,forfeit,U,47,Post Graduate,School Teacher,challenger,src-1b7bc1c9d39a
IN-AC-2008-assam-1758,assam,2011,52,DISPUR,HITLAR KING BASUMATARY.,,604,0.3,11,forfeit,U,35,,,challenger,src-1b7bc1c9d39a
IN-AC-2008-assam-1758,assam,2011,52,DISPUR,MUKTI RAM LASKAR.,,505,0.25,12,forfeit,U,45,Post Graduate,Lawyer,challenger,src-1b7bc1c9d39a
IN-AC-2008-assam-1758,assam,2011,52,DISPUR,RATUL KUMAR CHOUDHURY.,,433,0.22,13,forfeit,U,40,Graduate,,challenger,src-1b7bc1c9d39a
IN-AC-2008-assam-1760,assam,2011,53,GAUHATI EAST,CAPT. ROBIN BORDOLOI.,,47727,37.44,1,won,U,69,Graduate,MLA,incumbent,src-1b7bc1c9d39a
IN-AC-2008-assam-1760,assam,2011,53,GAUHATI EAST,SIDDHARTHA BHATTACHARYA.,,43730,34.3,2,lost,U,50,Post Graduate,Lawyer,challenger,src-1b7bc1c9d39a
IN-AC-2008-assam-1760,assam,2011,53,GAUHATI EAST,QUEEN OJA.,,29644,23.25,3,lost,U,59,10th Pass,,challenger,src-1b7bc1c9d39a
IN-AC-2008-assam-1760,assam,2011,53,GAUHATI EAST,UPENDRA NATH TALUKDAR.,,1795,1.41,4,forfeit,U,75,Post Graduate,,challenger,src-1b7bc1c9d39a
IN-AC-2008-assam-1760,assam,2011,53,GAUHATI EAST,KAILASH KANTA SARMA.,,1318,1.03,5,forfeit,U,49,Graduate Professional,Self-employed,challenger,src-1b7bc1c9d39a
IN-AC-2008-assam-1760,assam,2011,53,GAUHATI EAST,DHIRENDRA DEB ADHIKARI,,794,0.62,6,forfeit,U,65,Graduate,,challenger,src-1b7bc1c9d39a
IN-AC-2008-assam-1760,assam,2011,53,GAUHATI EAST,BHUPEN SARMA,,607,0.48,7,forfeit,U,43,Graduate,,challenger,src-1b7bc1c9d39a
IN-AC-2008-assam-1760,assam,2011,53,GAUHATI EAST,TUTU SARKAR,,505,0.4,8,forfeit,U,26,10th Pass,,challenger,src-1b7bc1c9d39a
IN-AC-2008-assam-1760,assam,2011,53,GAUHATI EAST,KAZI NEKIB AHMED.,,419,0.33,9,forfeit,U,52,,,challenger,src-1b7bc1c9d39a
IN-AC-2008-assam-1760,assam,2011,53,GAUHATI EAST,BHUPEN BORO,,353,0.28,10,forfeit,U,51,10th Pass,Traditional Medicine,challenger,src-1b7bc1c9d39a
IN-AC-2008-assam-1760,assam,2011,53,GAUHATI EAST,UMESH CHANDRA DAS.,,322,0.25,11,forfeit,U,73,12th Pass,,challenger,src-1b7bc1c9d39a
IN-AC-2008-assam-1760,assam,2011,53,GAUHATI EAST,JAYANTA KUMAR BARUAH.,,261,0.2,12,forfeit,U,49,,,challenger,src-1b7bc1c9d39a
IN-AC-2008-assam-1761,assam,2011,54,GAUHATI WEST,HEMENTA TALUKDAR.,,54343,34.5,1,won,U,61,,,challenger,src-1b7bc1c9d39a
IN-AC-2008-assam-1761,assam,2011,54,GAUHATI WEST,MANOJ RAM PHOOKAN.,,43017,27.31,2,lost,U,62,Graduate,,challenger,src-1b7bc1c9d39a
IN-AC-2008-assam-1761,assam,2011,54,GAUHATI WEST,RAMENDRA NARAYAN KALITA,,35361,22.45,3,lost,U,52,Graduate Professional,,incumbent,src-1b7bc1c9d39a
IN-AC-2008-assam-1761,assam,2011,54,GAUHATI WEST,ASHOK ANAND SINGHAL,,12642,8.03,4,forfeit,U,43,Graduate,,challenger,src-1b7bc1c9d39a
IN-AC-2008-assam-1761,assam,2011,54,GAUHATI WEST,PRASANNA MALLA BUZAR BARUAH.,,6174,3.92,5,forfeit,U,60,,,challenger,src-1b7bc1c9d39a
IN-AC-2008-assam-1761,assam,2011,54,GAUHATI WEST,PARUL SAIKIA,,1382,0.88,6,forfeit,U,61,Doctorate,,challenger,src-1b7bc1c9d39a
IN-AC-2008-assam-1761,assam,2011,54,GAUHATI WEST,SWAPAN KUMAR BASUMATARY.,,1374,0.87,7,forfeit,U,60,,,challenger,src-1b7bc1c9d39a
IN-AC-2008-assam-1761,assam,2011,54,GAUHATI WEST,RANJEET KUMAR DEKA.,,1114,0.71,8,forfeit,U,42,,,challenger,src-1b7bc1c9d39a
IN-AC-2008-assam-1761,assam,2011,54,GAUHATI WEST,HASINA AHMED.,,738,0.47,9,forfeit,U,37,10th Pass,Household,challenger,src-1b7bc1c9d39a
IN-AC-2008-assam-1761,assam,2011,54,GAUHATI WEST,CHANDRA KAMAL BHAGAWATI,,707,0.45,10,forfeit,U,64,Graduate,,challenger,src-1b7bc1c9d39a
IN-AC-2008-assam-1761,assam,2011,54,GAUHATI WEST,NANDA KISHOR SONI,,646,0.41,11,forfeit,U,46,8th Pass,Artisan,challenger,src-1b7bc1c9d39a
IN-AC-2008-assam-1762,assam,2011,55,HAJO,DWIPEN PATHAK,,33331,30.77,1,won,U,48,Graduate,,challenger,src-1b7bc1c9d39a
IN-AC-2008-assam-1762,assam,2011,55,HAJO,KIRIP CHALIHA,,27731,25.6,2,lost,U,55,Post Graduate,Lawyer,challenger,src-1b7bc1c9d39a
IN-AC-2008-assam-1762,assam,2011,55,HAJO,NURUL HUSSAIN,,21140,19.52,3,lost,U,50,Graduate Professional,,incumbent,src-1b7bc1c9d39a
IN-AC-2008-assam-1762,assam,2011,55,HAJO,PRANJAL BHARALI,,12075,11.15,4,forfeit,U,42,,,challenger,src-1b7bc1c9d39a
IN-AC-2008-assam-1762,assam,2011,55,HAJO,NUR MAHAMMAD,,10360,9.56,5,forfeit,U,60,Post Graduate,,challenger,src-1b7bc1c9d39a
IN-AC-2008-assam-1762,assam,2011,55,HAJO,RAMEN CH. LAHKAR,,2134,1.97,6,forfeit,U,40,12th Pass,,challenger,src-1b7bc1c9d39a
IN-AC-2008-assam-1762,assam,2011,55,HAJO,JOGESH DAS,,1070,0.99,7,forfeit,U,69,Post Graduate,Ex Govt Employee,challenger,src-1b7bc1c9d39a
IN-AC-2008-assam-1762,assam,2011,55,HAJO,PRANABJYOTI BHARALI,,471,0.43,8,forfeit,U,30,,,challenger,src-1b7bc1c9d39a
IN-AC-2008-assam-1814,assam,2011,56,KAMALPUR,JADAB CHANDRA DEKA,,40288,37.32,1,won,U,55,Post Graduate,,challenger,src-1b7bc1c9d39a
IN-AC-2008-assam-1814,assam,2011,56,KAMALPUR,UTTARA KALITA,,28141,26.07,2,lost,U,56,Graduate,,incumbent,src-1b7bc1c9d39a
IN-AC-2008-assam-1814,assam,2011,56,KAMALPUR,OMAR RASHID,,21583,19.99,3,lost,U,42,Graduate,,challenger,src-1b7bc1c9d39a
IN-AC-2008-assam-1814,assam,2011,56,KAMALPUR,MAYIDUL ISLAM BORAH,,7475,6.92,4,forfeit,U,51,Graduate,,challenger,src-1b7bc1c9d39a
IN-AC-2008-assam-1814,assam,2011,56,KAMALPUR,BIRENDRA NATH DEKA,,4461,4.13,5,forfeit,U,47,Graduate,,challenger,src-1b7bc1c9d39a
IN-AC-2008-assam-1814,assam,2011,56,KAMALPUR,IMRAN HUSSAIN,,2651,2.46,6,forfeit,U,58,Graduate,,challenger,src-1b7bc1c9d39a
IN-AC-2008-assam-1814,assam,2011,56,KAMALPUR,KIRAN CHANDRA KAKATI,,1157,1.07,7,forfeit,U,51,Post Graduate,School Teacher,challenger,src-1b7bc1c9d39a
IN-AC-2008-assam-1814,assam,2011,56,KAMALPUR,BABUL ALI,,873,0.81,8,forfeit,U,30,12th Pass,,challenger,src-1b7bc1c9d39a
IN-AC-2008-assam-1814,assam,2011,56,KAMALPUR,JYOTSNA CHOUDHURY,,709,0.66,9,forfeit,U,50,8th Pass,Household,challenger,src-1b7bc1c9d39a
IN-AC-2008-assam-1814,assam,2011,56,KAMALPUR,SISIR KR. KAKATI,,620,0.57,10,forfeit,U,48,Graduate,,challenger,src-1b7bc1c9d39a
IN-AC-2008-assam-1819,assam,2011,57,RANGIYA,GHANASHYAM KALITA,,34119,29.11,1,won,U,57,Graduate,,challenger,src-1b7bc1c9d39a
IN-AC-2008-assam-1819,assam,2011,57,RANGIYA,THANESWAR BORO,,24045,20.52,2,lost,U,70,Post Graduate,,challenger,src-1b7bc1c9d39a
IN-AC-2008-assam-1819,assam,2011,57,RANGIYA,ANANTA DEKA,,23274,19.86,3,lost,U,54,Post Graduate,,incumbent,src-1b7bc1c9d39a
IN-AC-2008-assam-1819,assam,2011,57,RANGIYA,MAHESWAR BASUMATARY,,21106,18.01,4,lost,U,40,,,challenger,src-1b7bc1c9d39a
IN-AC-2008-assam-1819,assam,2011,57,RANGIYA,PRADIP THAKURIA,,5776,4.93,5,forfeit,U,48,Doctorate,College Professor or Lecturer,challenger,src-1b7bc1c9d39a
IN-AC-2008-assam-1819,assam,2011,57,RANGIYA,JAMSHED ALI,,3626,3.09,6,forfeit,U,35,8th Pass,,challenger,src-1b7bc1c9d39a
IN-AC-2008-assam-1819,assam,2011,57,RANGIYA,KHASNUR AHMED,,2992,2.55,7,forfeit,U,70,Graduate,,challenger,src-1b7bc1c9d39a
IN-AC-2008-assam-1819,assam,2011,57,RANGIYA,BABUL BARO,,985,0.84,8,forfeit,U,32,12th Pass,,challenger,src-1b7bc1c9d39a
IN-AC-2008-assam-1819,assam,2011,57,RANGIYA,KAMAL DAS,,647,0.55,9,forfeit,U,38,Post Graduate,Party Worker,challenger,src-1b7bc1c9d39a
IN-AC-2008-assam-1819,assam,2011,57,RANGIYA,DHANI RAM BARO,,621,0.53,10,forfeit,U,61,Graduate,,challenger,src-1b7bc1c9d39a
IN-AC-2008-assam-1802,assam,2011,58,TAMULPUR,EMMANUEL MOSAHARY,,44017,36.19,1,won,U,47,,,challenger,src-1b7bc1c9d39a
IN-AC-2008-assam-1802,assam,2011,58,TAMULPUR,CHANDI BASUMATARY,,39409,32.4,2,lost,U,36,Graduate,MLA,incumbent,src-1b7bc1c9d39a
IN-AC-2008-assam-1802,assam,2011,58,TAMULPUR,PADUM BAHADUR CHOUHAN,,25693,21.12,3,lost,U,60,Post Graduate,Ex MLA,challenger,src-1b7bc1c9d39a
IN-AC-2008-assam-1802,assam,2011,58,TAMULPUR,PARAMESWAR BASKEY,,7736,6.36,4,forfeit,U,40,10th Pass,Party Worker,challenger,src-1b7bc1c9d39a
IN-AC-2008-assam-1802,assam,2011,58,TAMULPUR,DERHAGRA MOCHAHARY,,2994,2.46,5,forfeit,U,62,10th Pass,,challenger,src-1b7bc1c9d39a
IN-AC-2008-assam-1802,assam,2011,58,TAMULPUR,SATYA NATH KALITA,,1788,1.47,6,forfeit,U,40,Graduate Professional,Lawyer,challenger,src-1b7bc1c9d39a
IN-AC-2008-assam-1817,assam,2011,59,NALBARI,JAYANTA MALLA BARUAH,,39896,33.93,1,won,U,38,Graduate,,challenger,src-1b7bc1c9d39a
IN-AC-2008-assam-1817,assam,2011,59,NALBARI,ALAKA SARMA,,31673,26.94,2,lost,U,54,Doctorate,,incumbent,src-1b7bc1c9d39a
IN-AC-2008-assam-1817,assam,2011,59,NALBARI,ANJAN BARMAN,,15970,13.58,3,forfeit,U,31,Graduate,,challenger,src-1b7bc1c9d39a
IN-AC-2008-assam-1817,assam,2011,59,NALBARI,DILIP SAIKIA,,12507,10.64,4,forfeit,U,35,Graduate,,challenger,src-1b7bc1c9d39a
IN-AC-2008-assam-1817,assam,2011,59,NALBARI,MADAN KALITA,,9615,8.18,5,forfeit,U,58,Graduate,Ex MLA,challenger,src-1b7bc1c9d39a
IN-AC-2008-assam-1817,assam,2011,59,NALBARI,RABIN MISRA,,4613,3.92,6,forfeit,U,50,Graduate,Shop Keeper,challenger,src-1b7bc1c9d39a
IN-AC-2008-assam-1817,assam,2011,59,NALBARI,DIPIKA DUTTA,,1411,1.2,7,forfeit,U,43,Post Graduate,Household,challenger,src-1b7bc1c9d39a
IN-AC-2008-assam-1817,assam,2011,59,NALBARI,NANDA MEDHI,,842,0.72,8,forfeit,U,73,Illiterate,,challenger,src-1b7bc1c9d39a
IN-AC-2008-assam-1817,assam,2011,59,NALBARI,TAIJUDDIN AHMED,,562,0.48,9,forfeit,U,56,Graduate,Party Worker,challenger,src-1b7bc1c9d39a
IN-AC-2008-assam-1817,assam,2011,59,NALBARI,SABITRI DEKA,,480,0.41,10,forfeit,U,36,12th Pass,,challenger,src-1b7bc1c9d39a
IN-AC-2008-assam-1755,assam,2011,60,BARKHETRY,BHUMIDHAR BARMAN,,53958,45.54,1,won,U,79,Graduate Professional,Ex Govt Employee,incumbent,src-1b7bc1c9d39a
IN-AC-2008-assam-1755,assam,2011,60,BARKHETRY,PULAKESH BARUA,,47612,40.19,2,lost,U,61,Graduate Professional,Lawyer,crossover,src-1b7bc1c9d39a
IN-AC-2008-assam-1755,assam,2011,60,BARKHETRY,MUMTAZ UDDIN AHMED,,13236,11.17,3,forfeit,U,60,Post Graduate,,challenger,src-1b7bc1c9d39a
IN-AC-2008-assam-1755,assam,2011,60,BARKHETRY,DIBAN DEKA,,2328,1.96,4,forfeit,U,33,Graduate,,challenger,src-1b7bc1c9d39a
IN-AC-2008-assam-1755,assam,2011,60,BARKHETRY,MANOJ KUMAR DEKA,,1347,1.14,5,forfeit,U,53,Graduate Professional,,challenger,src-1b7bc1c9d39a
IN-AC-2008-assam-1732,assam,2011,61,DHARMAPUR,NILAMANI SEN DEKA,,50786,51.34,1,won,U,55,Graduate Professional,Lawyer,challenger,src-1b7bc1c9d39a
IN-AC-2008-assam-1732,assam,2011,61,DHARMAPUR,CHANDRA MOHAN PATOWARY,,45455,45.95,2,lost,U,54,Post Graduate,MLA,incumbent,src-1b7bc1c9d39a
IN-AC-2008-assam-1732,assam,2011,61,DHARMAPUR,ATUL SARMA,,1372,1.39,3,forfeit,U,61,Graduate,,challenger,src-1b7bc1c9d39a
IN-AC-2008-assam-1732,assam,2011,61,DHARMAPUR,SYED MIZANUR RAHMAN,,837,0.85,4,forfeit,U,28,Graduate,,challenger,src-1b7bc1c9d39a
IN-AC-2008-assam-1732,assam,2011,61,DHARMAPUR,RENU KAKATI,,470,0.48,5,forfeit,U,44,10th Pass,,challenger,src-1b7bc1c9d39a
IN-AC-2008-assam-1793,assam,2011,62,BARAMA,MANESWAR BRAHMA,,42692,41.45,1,won,U,39,,,incumbent,src-1b7bc1c9d39a
IN-AC-2008-assam-1793,assam,2011,62,BARAMA,REKHA RANI DASBORO,,24373,23.66,2,lost,U,50,Post Graduate,Party Worker,challenger,src-1b7bc1c9d39a
IN-AC-2008-assam-1793,assam,2011,62,BARAMA,PANIRAM RABHA,,21215,20.6,3,lost,U,51,Graduate,Party Worker,challenger,src-1b7bc1c9d39a
IN-AC-2008-assam-1793,assam,2011,62,BARAMA,PHULEN BORO,,11873,11.53,4,forfeit,U,39,12th Pass,,challenger,src-1b7bc1c9d39a
IN-AC-2008-assam-1793,assam,2011,62,BARAMA,KUMUD DAS,,2855,2.77,5,forfeit,U,31,Graduate,,challenger,src-1b7bc1c9d39a
IN-AC-2008-assam-1796,assam,2011,63,CHAPAGURI,HITESH BASUMATARY,,70981,70.57,1,won,U,41,,,challenger,src-1b7bc1c9d39a
IN-AC-2008-assam-1796,assam,2011,63,CHAPAGURI,TIJEN BASUMATARY,,19059,18.95,2,lost,U,56,Graduate,,incumbent,src-1b7bc1c9d39a
IN-AC-2008-assam-1796,assam,2011,63,CHAPAGURI,BIKRAM SINGH BRAHMA,,10538,10.48,3,forfeit,U,53,10th Pass,,challenger,src-1b7bc1c9d39a
IN-AC-2008-assam-1818,assam,2011,64,PANERY,KAMALI BASUMATARI,,38202,41.36,1,won,U,53,,,incumbent,src-1b7bc1c9d39a
IN-AC-2008-assam-1818,assam,2011,64,PANERY,SANTIUSE KUJUR,,37646,40.76,2,lost,U,39,Graduate,Party Worker,challenger,src-1b7bc1c9d39a
IN-AC-2008-assam-1818,assam,2011,64,PANERY,UPEN DEV,,6146,6.65,3,forfeit,U,41,10th Pass,Party Worker,challenger,src-1b7bc1c9d39a
IN-AC-2008-assam-1818,assam,2011,64,PANERY,TULSI KUJUR,,2232,2.42,4,forfeit,U,43,10th Pass,,challenger,src-1b7bc1c9d39a
IN-AC-2008-assam-1818,assam,2011,64,PANERY,PHUNGSWRANG BODOSA,,2104,2.28,5,forfeit,U,46,12th Pass,,challenger,src-1b7bc1c9d39a
IN-AC-2008-assam-1818,assam,2011,64,PANERY,HITESH SARMAH,,1745,1.89,6,forfeit,U,38,Post Graduate,College Professor or Lecturer,challenger,src-1b7bc1c9d39a
IN-AC-2008-assam-1818,assam,2011,64,PANERY,BALEN SARANIA,,1552,1.68,7,forfeit,U,28,10th Pass,,challenger,src-1b7bc1c9d39a
IN-AC-2008-assam-1818,assam,2011,64,PANERY,KUMUD CHANDRA DAS,,1166,1.26,8,forfeit,U,49,12th Pass,,challenger,src-1b7bc1c9d39a
IN-AC-2008-assam-1818,assam,2011,64,PANERY,SWARNALATA CHALIHA,,886,0.96,9,forfeit,U,35,Post Graduate,,challenger,src-1b7bc1c9d39a
IN-AC-2008-assam-1818,assam,2011,64,PANERY,RATNESWAR RABHA,,686,0.74,10,forfeit,U,48,10th Pass,,challenger,src-1b7bc1c9d39a
IN-AC-2008-assam-1813,assam,2011,65,KALAIGAON,MUKUNDA RAM CHOUDHURY,,42550,37.38,1,won,U,62,12th Pass,,challenger,src-1b7bc1c9d39a
IN-AC-2008-assam-1813,assam,2011,65,KALAIGAON,MAHESWAR BARO,,39742,34.91,2,lost,U,43,,,incumbent,src-1b7bc1c9d39a
IN-AC-2008-assam-1813,assam,2011,65,KALAIGAON,RUPA RANI BHUYAN,,15382,13.51,3,forfeit,U,42,Post Graduate,College Professor or Lecturer,crossover,src-1b7bc1c9d39a
IN-AC-2008-assam-1813,assam,2011,65,KALAIGAON,POWAL CH BORA,,10350,9.09,4,forfeit,U,62,Others,Retired Teacher,challenger,src-1b7bc1c9d39a
IN-AC-2008-assam-1813,assam,2011,65,KALAIGAON,MRIDUL DEKA,,2386,2.1,5,forfeit,U,46,10th Pass,,challenger,src-1b7bc1c9d39a
IN-AC-2008-assam-1813,assam,2011,65,KALAIGAON,JUTIPRAN PATHAK,,1110,0.98,6,forfeit,U,30,Graduate,Journalist or Editor,challenger,src-1b7bc1c9d39a
IN-AC-2008-assam-1813,assam,2011,65,KALAIGAON,PABITRA DEKA,,1093,0.96,7,forfeit,U,30,10th Pass,Contractor,challenger,src-1b7bc1c9d39a
IN-AC-2008-assam-1813,assam,2011,65,KALAIGAON,RAMESH CH DEKA,,661,0.58,8,forfeit,U,37,12th Pass,,challenger,src-1b7bc1c9d39a
IN-AC-2008-assam-1813,assam,2011,65,KALAIGAON,JITENDRA CHALIHA,,571,0.5,9,forfeit,U,43,12th Pass,,challenger,src-1b7bc1c9d39a
IN-AC-2008-assam-1820,assam,2011,66,SIPAJHAR,BINANDA KUMAR SAIKIA,,51927,45.83,1,won,U,46,Post Graduate,MLA,incumbent,src-1b7bc1c9d39a
IN-AC-2008-assam-1820,assam,2011,66,SIPAJHAR,DR. ZOII NATH SARMAH,,43181,38.11,2,lost,U,54,Doctorate,,challenger,src-1b7bc1c9d39a
IN-AC-2008-assam-1820,assam,2011,66,SIPAJHAR,MUNNA AHMED,,7803,6.89,3,forfeit,U,36,12th Pass,,challenger,src-1b7bc1c9d39a
IN-AC-2008-assam-1820,assam,2011,66,SIPAJHAR,KULADHAR SAHARIA,,4539,4.01,4,forfeit,U,67,Graduate Professional,Retired or Pension,challenger,src-1b7bc1c9d39a
IN-AC-2008-assam-1820,assam,2011,66,SIPAJHAR,MUKUT SARMA,,3850,3.4,5,forfeit,U,39,Graduate,,challenger,src-1b7bc1c9d39a
IN-AC-2008-assam-1820,assam,2011,66,SIPAJHAR,PAHESWARI BARUA,,731,0.65,6,forfeit,U,36,10th Pass,,challenger,src-1b7bc1c9d39a
IN-AC-2008-assam-1820,assam,2011,66,SIPAJHAR,SADEK ALI,,640,0.56,7,forfeit,U,40,,,challenger,src-1b7bc1c9d39a
IN-AC-2008-assam-1820,assam,2011,66,SIPAJHAR,AMIYA DEKA,,628,0.55,8,forfeit,U,33,12th Pass,,challenger,src-1b7bc1c9d39a
IN-AC-2008-assam-1815,assam,2011,67,MANGALDOI,BASANTA DAS,,65440,45.36,1,won,U,40,Graduate,Ex MLA,challenger,src-1b7bc1c9d39a
IN-AC-2008-assam-1815,assam,2011,67,MANGALDOI,MAHENDRA DAS,,41717,28.91,2,lost,U,52,Graduate,,challenger,src-1b7bc1c9d39a
IN-AC-2008-assam-1815,assam,2011,67,MANGALDOI,HIREN DAS,,21215,14.7,3,forfeit,U,49,Graduate,MLA,incumbent,src-1b7bc1c9d39a
IN-AC-2008-assam-1815,assam,2011,67,MANGALDOI,NRIPENDRA MOHAN DAS,,13460,9.33,4,forfeit,U,49,10th Pass,Manufacturer,crossover,src-1b7bc1c9d39a
IN-AC-2008-assam-1815,assam,2011,67,MANGALDOI,SURAMA DAS,,2447,1.7,5,forfeit,U,50,8th Pass,Household,challenger,src-1b7bc1c9d39a
IN-AC-2008-assam-1812,assam,2011,68,DALGAON,ILIAS ALI,,62280,44.31,1,won,U,51,10th Pass,MLA,incumbent,src-1b7bc1c9d39a
IN-AC-2008-assam-1812,assam,2011,68,DALGAON,MAZIBUR RAHMAN,,58616,41.71,2,lost,U,37,Graduate Professional,Lawyer,crossover,src-1b7bc1c9d39a
IN-AC-2008-assam-1812,assam,2011,68,DALGAON,PRADIP GHOSH,,9997,7.11,3,forfeit,U,48,Graduate,,challenger,src-1b7bc1c9d39a
IN-AC-2008-assam-1812,assam,2011,68,DALGAON,DELWAR HUSSAIN,,5527,3.93,4,forfeit,U,52,,,crossover,src-1b7bc1c9d39a
IN-AC-2008-assam-1812,assam,2011,68,DALGAON,MOHIBUR RAHMAN,,2264,1.61,5,forfeit,U,46,12th Pass,Agricultural Business,challenger,src-1b7bc1c9d39a
IN-AC-2008-assam-1812,assam,2011,68,DALGAON,ABDUL KUDDUSH,,1863,1.33,6,forfeit,U,60,Graduate Professional,,challenger,src-1b7bc1c9d39a
IN-AC-2008-assam-1821,assam,2011,69,UDALGURI,RIHON DAIMARI,,40970,43.43,1,won,U,45,,,challenger,src-1b7bc1c9d39a
IN-AC-2008-assam-1821,assam,2011,69,UDALGURI,BHRAMON BAGLARI,,24776,26.26,2,lost,U,42,Post Graduate,Party Worker,challenger,src-1b7bc1c9d39a
IN-AC-2008-assam-1821,assam,2011,69,UDALGURI,BISTI KUMAR BASUMATARY,,22765,24.13,3,lost,U,47,Graduate,Party Worker,challenger,src-1b7bc1c9d39a
IN-AC-2008-assam-1821,assam,2011,69,UDALGURI,SARAT BASUMATARY,,4418,4.68,4,forfeit,U,61,12th Pass,,challenger,src-1b7bc1c9d39a
IN-AC-2008-assam-1821,assam,2011,69,UDALGURI,DR. DEVA KANTA RAMCHIARY,,1405,1.49,5,forfeit,U,48,Graduate Professional,Doctor,challenger,src-1b7bc1c9d39a
IN-AC-2008-assam-1816,assam,2011,70,MAZBAT,RAKHESWAR BRAHMA,,25268,27.77,1,won,U,54,,,challenger,src-1b7bc1c9d39a
IN-AC-2008-assam-1816,assam,2011,70,MAZBAT,JITU KISSAN,,23642,25.98,2,lost,U,31,Graduate,MLA,crossover,src-1b7bc1c9d39a
IN-AC-2008-assam-1816,assam,2011,70,MAZBAT,KESHAB BARUAH,,12672,13.92,3,forfeit,U,62,Post Graduate,,challenger,src-1b7bc1c9d39a
IN-AC-2008-assam-1816,assam,2011,70,MAZBAT,DEEPJYOTI SAHARIA,,12371,13.59,4,forfeit,U,28,Graduate,,challenger,src-1b7bc1c9d39a
IN-AC-2008-assam-1816,assam,2011,70,MAZBAT,KARENDRA BASUMATARY,,7953,8.74,5,forfeit,U,56,Graduate,Party Worker,incumbent,src-1b7bc1c9d39a
IN-AC-2008-assam-1816,assam,2011,70,MAZBAT,RIMISH LINDA,,3508,3.85,6,forfeit,U,38,10th Pass,,challenger,src-1b7bc1c9d39a
IN-AC-2008-assam-1816,assam,2011,70,MAZBAT,SURESH MAHATOO,,2163,2.38,7,forfeit,U,39,12th Pass,,challenger,src-1b7bc1c9d39a
IN-AC-2008-assam-1816,assam,2011,70,MAZBAT,SATYA RANJAN SINGHA,,2036,2.24,8,forfeit,U,34,12th Pass,,challenger,src-1b7bc1c9d39a
IN-AC-2008-assam-1816,assam,2011,70,MAZBAT,KISHORI MOHAN DAS,,1391,1.53,9,forfeit,U,63,Post Graduate,Retired or Pension,challenger,src-1b7bc1c9d39a
IN-AC-2008-assam-1842,assam,2011,71,DHEKIAJULI,HABUL CHAKRABORTY,,45799,38.28,1,won,U,47,10th Pass,,challenger,src-1b7bc1c9d39a
IN-AC-2008-assam-1842,assam,2011,71,DHEKIAJULI,APURBA KUMAR BHATTACHARJEE,,25352,21.19,2,lost,U,45,Graduate Professional,,challenger,src-1b7bc1c9d39a
IN-AC-2008-assam-1842,assam,2011,71,DHEKIAJULI,BATASH ORANG,,21997,18.38,3,lost,U,33,,,challenger,src-1b7bc1c9d39a
IN-AC-2008-assam-1842,assam,2011,71,DHEKIAJULI,BIBEK BORAH,,16776,14.02,4,forfeit,U,46,,,challenger,src-1b7bc1c9d39a
IN-AC-2008-assam-1842,assam,2011,71,DHEKIAJULI,BINA DAIMARI,,6039,5.05,5,forfeit,U,41,10th Pass,,challenger,src-1b7bc1c9d39a
IN-AC-2008-assam-1842,assam,2011,71,DHEKIAJULI,JUNUMA BORO,,1903,1.59,6,forfeit,U,39,10th Pass,Household,challenger,src-1b7bc1c9d39a
IN-AC-2008-assam-1842,assam,2011,71,DHEKIAJULI,UMESH SAIKIA,,1785,1.49,7,forfeit,U,45,,,challenger,src-1b7bc1c9d39a
IN-AC-2008-assam-1838,assam,2011,72,BORCHALLA,TANKA BAHADUR RAI,,47270,48.19,1,won,U,60,Post Graduate,Lawyer,incumbent,src-1b7bc1c9d39a
IN-AC-2008-assam-1838,assam,2011,72,BORCHALLA,RATUL KUMAR NATH,,29696,30.27,2,lost,U,47,Graduate,,challenger,src-1b7bc1c9d39a
IN-AC-2008-assam-1838,assam,2011,72,BORCHALLA,KARUNA KANTA MEDHI,,11040,11.25,3,forfeit,U,46,10th Pass,,challenger,src-1b7bc1c9d39a
IN-AC-2008-assam-1838,assam,2011,72,BORCHALLA,GANESH KUMAR LIMBU,,6790,6.92,4,forfeit,U,39,12th Pass,,challenger,src-1b7bc1c9d39a
IN-AC-2008-assam-1838,assam,2011,72,BORCHALLA,ABDUL SATTAR,,3302,3.37,5,forfeit,U,36,Graduate,,challenger,src-1b7bc1c9d39a
IN-AC-2008-assam-1846,assam,2011,73,TEZPUR,RAJEN BORTHAKUR,,43738,41.27,1,won,U,44,12th Pass,,challenger,src-1b7bc1c9d39a
IN-AC-2008-assam-1846,assam,2011,73,TEZPUR,BRINDABAN GOSWAMI,,22156,20.9,2,lost,U,61,Graduate,,incumbent,src-1b7bc1c9d39a
IN-AC-2008-assam-1846,assam,2011,73,TEZPUR,BIZIT SAIKIA,,16140,15.23,3,forfeit,U,67,12th Pass,,crossover,src-1b7bc1c9d39a
IN-AC-2008-assam-1846,assam,2011,73,TEZPUR,MANIK GOGOI,,10966,10.35,4,forfeit,U,40,10th Pass,Contractor,challenger,src-1b7bc1c9d39a
IN-AC-2008-assam-1846,assam,2011,73,TEZPUR,RITU BARAN SARMAH,,9464,8.93,5,forfeit,U,42,Others,,challenger,src-1b7bc1c9d39a
IN-AC-2008-assam-1846,assam,2011,73,TEZPUR,SANTANU MAHANTA,,2360,2.23,6,forfeit,U,46,,,challenger,src-1b7bc1c9d39a
IN-AC-2008-assam-1846,assam,2011,73,TEZPUR,MAHENDRA BHUYAN,,645,0.61,7,forfeit,U,60,Graduate,,challenger,src-1b7bc1c9d39a
IN-AC-2008-assam-1846,assam,2011,73,TEZPUR,MIA HUSSAIN,,522,0.49,8,forfeit,U,52,,,challenger,src-1b7bc1c9d39a
IN-AC-2008-assam-1844,assam,2011,74,RANGAPARA,BHIMANANDA TANTI,,40364,40.32,1,won,U,55,Graduate,,challenger,src-1b7bc1c9d39a
IN-AC-2008-assam-1844,assam,2011,74,RANGAPARA,NIRANJAN NATH,,16838,16.82,2,lost,U,40,Graduate,,challenger,src-1b7bc1c9d39a
IN-AC-2008-assam-1844,assam,2011,74,RANGAPARA,BIJOY TIRU,,14809,14.79,3,forfeit,U,55,Graduate,Ex Govt Employee,challenger,src-1b7bc1c9d39a
IN-AC-2008-assam-1844,assam,2011,74,RANGAPARA,RABIN TAMULI,,7795,7.79,4,forfeit,U,53,12th Pass,Party Worker,challenger,src-1b7bc1c9d39a
IN-AC-2008-assam-1844,assam,2011,74,RANGAPARA,ABBAS KHAN,,7694,7.69,5,forfeit,U,49,,,challenger,src-1b7bc1c9d39a
IN-AC-2008-assam-1844,assam,2011,74,RANGAPARA,SAHIDUR RAHMAN,,6444,6.44,6,forfeit,U,51,Graduate,,challenger,src-1b7bc1c9d39a
IN-AC-2008-assam-1844,assam,2011,74,RANGAPARA,KARAN MINZ,,2255,2.25,7,forfeit,U,30,8th Pass,,challenger,src-1b7bc1c9d39a
IN-AC-2008-assam-1844,assam,2011,74,RANGAPARA,BIJOY MUKHARJEE,,1542,1.54,8,forfeit,U,29,10th Pass,,challenger,src-1b7bc1c9d39a
IN-AC-2008-assam-1844,assam,2011,74,RANGAPARA,MONOJ KUMAR TAMULI,,1221,1.22,9,forfeit,U,37,12th Pass,Contractor,challenger,src-1b7bc1c9d39a
IN-AC-2008-assam-1844,assam,2011,74,RANGAPARA,JAYANTI NAYAK SAIKIA,,1143,1.14,10,forfeit,U,30,10th Pass,,challenger,src-1b7bc1c9d39a
IN-AC-2008-assam-1845,assam,2011,75,SOOTEA,PADMA HAZARIKA,,45155,41.35,1,won,U,47,12th Pass,,challenger,src-1b7bc1c9d39a
IN-AC-2008-assam-1845,assam,2011,75,SOOTEA,KHEMRAJ CHETRI,,32362,29.63,2,lost,U,51,Graduate,Party Worker,challenger,src-1b7bc1c9d39a
IN-AC-2008-assam-1845,assam,2011,75,SOOTEA,HIRANYA BORA,,16485,15.1,3,forfeit,U,68,Graduate,,challenger,src-1b7bc1c9d39a
IN-AC-2008-assam-1845,assam,2011,75,SOOTEA,PREM NEWAR,,10644,9.75,4,forfeit,U,39,,,challenger,src-1b7bc1c9d39a
IN-AC-2008-assam-1845,assam,2011,75,SOOTEA,DHANESWAR BASUMATARY,,2112,1.93,5,forfeit,U,45,10th Pass,,challenger,src-1b7bc1c9d39a
IN-AC-2008-assam-1845,assam,2011,75,SOOTEA,RAJESH SARMA,,1403,1.28,6,forfeit,U,27,Graduate,,challenger,src-1b7bc1c9d39a
IN-AC-2008-assam-1845,assam,2011,75,SOOTEA,ARUN CHANDRA ROY,,1041,0.95,7,forfeit,U,41,10th Pass,,challenger,src-1b7bc1c9d39a
IN-AC-2008-assam-1841,assam,2011,76,BISWANATH,PRABIN HAZARIKA,,48104,45.51,1,won,U,54,Graduate,,challenger,src-1b7bc1c9d39a
IN-AC-2008-assam-1841,assam,2011,76,BISWANATH,NURJAMAL SARKAR,,46605,44.09,2,lost,U,59,Post Graduate,Lawyer,incumbent,src-1b7bc1c9d39a
IN-AC-2008-assam-1841,assam,2011,76,BISWANATH,DIGANTA GHATOWAL,,6156,5.82,3,forfeit,U,29,12th Pass,,challenger,src-1b7bc1c9d39a
IN-AC-2008-assam-1841,assam,2011,76,BISWANATH,ABDUL RAJEK,,2178,2.06,4,forfeit,U,61,,,challenger,src-1b7bc1c9d39a
IN-AC-2008-assam-1841,assam,2011,76,BISWANATH,HIFZUR RAHMAN,,1566,1.48,5,forfeit,U,25,10th Pass,,challenger,src-1b7bc1c9d39a
IN-AC-2008-assam-1841,assam,2011,76,BISWANATH,KALYAN KUMAR DEORI BHARALI,,1102,1.04,6,forfeit,U,72,Post Graduate,Retired Teacher,challenger,src-1b7bc1c9d39a
IN-AC-2008-assam-1839,assam,2011,77,BIHALI,PALLAB LOCHAN DAS,,40798,50.44,1,won,U,32,Graduate,,challenger,src-1b7bc1c9d39a
IN-AC-2008-assam-1839,assam,2011,77,BIHALI,RANJIT DUTTA,,22662,28.02,2,lost,U,49,10th Pass,,incumbent,src-1b7bc1c9d39a
IN-AC-2008-assam-1839,assam,2011,77,BIHALI,BIBEK DAS,,12784,15.81,3,forfeit,U,44,Graduate,Trade Union,challenger,src-1b7bc1c9d39a
IN-AC-2008-assam-1839,assam,2011,77,BIHALI,BISWAJEET GOSWAMI,,3307,4.09,4,forfeit,U,48,,,challenger,src-1b7bc1c9d39a
IN-AC-2008-assam-1839,assam,2011,77,BIHALI,MALAY DAS,,1330,1.64,5,forfeit,U,30,10th Pass,,challenger,src-1b7bc1c9d39a
IN-AC-2008-assam-1843,assam,2011,78,GAHPUR,MONIKA BORA,,60441,46.67,1,won,U,52,12th Pass,Household,challenger,src-1b7bc1c9d39a
IN-AC-2008-assam-1843,assam,2011,78,GAHPUR,UTPAL BORAH,,24217,18.7,2,lost,U,44,,,challenger,src-1b7bc1c9d39a
IN-AC-2008-assam-1843,assam,2011,78,GAHPUR,KAMAL KURMI,,15659,12.09,3,forfeit,U,34,,,challenger,src-1b7bc1c9d39a
IN-AC-2008-assam-1843,assam,2011,78,GAHPUR,BHUPEN KUMAR BORAH,,12507,9.66,4,forfeit,U,45,12th Pass,,challenger,src-1b7bc1c9d39a
IN-AC-2008-assam-1843,assam,2011,78,GAHPUR,SANKAR JYOTI KUTUM,,10005,7.73,5,forfeit,U,33,Graduate Professional,Doctor,challenger,src-1b7bc1c9d39a
IN-AC-2008-assam-1843,assam,2011,78,GAHPUR,UTTAM GOWALA,,4203,3.25,6,forfeit,U,33,10th Pass,,challenger,src-1b7bc1c9d39a
IN-AC-2008-assam-1843,assam,2011,78,GAHPUR,MILAN CH. KAKATI,,2467,1.91,7,forfeit,U,65,Graduate,Retired or Pension,challenger,src-1b7bc1c9d39a
IN-AC-2008-assam-1824,assam,2011,79,JAGIROAD,BIBEKANANDA DALAI,,67659,48,1,won,U,44,12th Pass,MLA,incumbent,src-1b7bc1c9d39a
IN-AC-2008-assam-1824,assam,2011,79,JAGIROAD,BUBUL DAS,,33211,23.56,2,lost,U,51,Graduate,Ex MLA,crossover,src-1b7bc1c9d39a
IN-AC-2008-assam-1824,assam,2011,79,JAGIROAD,SAILESH DAS,,26376,18.71,3,lost,U,52,5th Pass,,challenger,src-1b7bc1c9d39a
IN-AC-2008-assam-1824,assam,2011,79,JAGIROAD,BHABA KANTA BHARALI,,11636,8.25,4,forfeit,U,51,12th Pass,,challenger,src-1b7bc1c9d39a
IN-AC-2008-assam-1824,assam,2011,79,JAGIROAD,JUGAL KISHORE SAIKIA,,2076,1.47,5,forfeit,U,64,,,challenger,src-1b7bc1c9d39a
IN-AC-2008-assam-1828,assam,2011,80,MORIGAON,JONJONALI BARUAH,,55811,48.02,1,won,U,53,Graduate,MLA,incumbent,src-1b7bc1c9d39a
IN-AC-2008-assam-1828,assam,2011,80,MORIGAON,BIRESWAR MEDHI,,28090,24.17,2,lost,U,43,Graduate,Trader,challenger,src-1b7bc1c9d39a
IN-AC-2008-assam-1828,assam,2011,80,MORIGAON,MUNIN MAHANTA,,19114,16.45,3,forfeit,U,61,12th Pass,Party Worker,challenger,src-1b7bc1c9d39a
IN-AC-2008-assam-1828,assam,2011,80,MORIGAON,PRAHLAD CHANDRA BHUYAN,,7514,6.46,4,forfeit,U,63,Post Graduate,Rent,challenger,src-1b7bc1c9d39a
IN-AC-2008-assam-1828,assam,2011,80,MORIGAON,ANUPAM BORUAH,,2414,2.08,5,forfeit,U,40,Graduate,,challenger,src-1b7bc1c9d39a
IN-AC-2008-assam-1828,assam,2011,80,MORIGAON,MILESWAR PATAR,,2283,1.96,6,forfeit,U,60,Graduate,Ex Govt Employee,challenger,src-1b7bc1c9d39a
IN-AC-2008-assam-1828,assam,2011,80,MORIGAON,ABUDDIN AHMED,,1002,0.86,7,forfeit,U,65,Post Graduate,Lawyer,challenger,src-1b7bc1c9d39a
IN-AC-2008-assam-1826,assam,2011,81,LAHARIGHAT,DR. NAZRUL ISLAM,,53550,49.55,1,won,U,63,Graduate Professional,MLA,incumbent,src-1b7bc1c9d39a
IN-AC-2008-assam-1826,assam,2011,81,LAHARIGHAT,FAROOK RAHMAN KHAN,,40927,37.87,2,lost,U,33,Post Graduate,Agricultural Business,challenger,src-1b7bc1c9d39a
IN-AC-2008-assam-1826,assam,2011,81,LAHARIGHAT,ROMEO DEKA,,6429,5.95,3,forfeit,U,50,10th Pass,,challenger,src-1b7bc1c9d39a
IN-AC-2008-assam-1826,assam,2011,81,LAHARIGHAT,WAHIDA BEGUM,,4518,4.18,4,forfeit,U,40,Graduate,,challenger,src-1b7bc1c9d39a
IN-AC-2008-assam-1826,assam,2011,81,LAHARIGHAT,KAMRUL HUSSAIN CHOUDHURY,,2639,2.44,5,forfeit,U,43,10th Pass,,challenger,src-1b7bc1c9d39a
IN-AC-2008-assam-1830,assam,2011,82,RAHA,PIJUSH HAZARIKA,,56430,43.51,1,won,U,33,Graduate,,challenger,src-1b7bc1c9d39a
IN-AC-2008-assam-1830,assam,2011,82,RAHA,GUNESWAR DAS,,38447,29.64,2,lost,U,53,10th Pass,MLA,incumbent,src-1b7bc1c9d39a
IN-AC-2008-assam-1830,assam,2011,82,RAHA,SURYYA KUMAR DAS,,18238,14.06,3,forfeit,U,46,12th Pass,,challenger,src-1b7bc1c9d39a
IN-AC-2008-assam-1830,assam,2011,82,RAHA,UMESH CHANDRA DAS,,13894,10.71,4,forfeit,U,57,Graduate,Ex MLA,crossover,src-1b7bc1c9d39a
IN-AC-2008-assam-1830,assam,2011,82,RAHA,DILIP DAS,,1499,1.16,5,forfeit,U,41,Graduate,Self-employed,challenger,src-1b7bc1c9d39a
IN-AC-2008-assam-1830,assam,2011,82,RAHA,THULESWAR DAS,,1197,0.92,6,forfeit,U,55,10th Pass,,challenger,src-1b7bc1c9d39a
IN-AC-2008-assam-1778,assam,2011,83,DHING,AMINUL ISLAM,,72457,54.92,1,won,U,39,Post Graduate,Self-employed,challenger,src-1b7bc1c9d39a
IN-AC-2008-assam-1778,assam,2011,83,DHING,DR. IDRIS ALI,,53285,40.39,2,lost,U,55,Doctorate,Ex Civil Service,challenger,src-1b7bc1c9d39a
IN-AC-2008-assam-1778,assam,2011,83,DHING,NUR MOHAMMAD,,3083,2.34,3,forfeit,U,53,Graduate Professional,Self-employed,challenger,src-1b7bc1c9d39a
IN-AC-2008-assam-1778,assam,2011,83,DHING,MUSTAFA SHAHIDUL ISLAM,,2236,1.69,4,forfeit,U,55,10th Pass,Ex MLA,challenger,src-1b7bc1c9d39a
IN-AC-2008-assam-1778,assam,2011,83,DHING,ANJUMONI DEKA,,873,0.66,5,forfeit,U,39,10th Pass,,challenger,src-1b7bc1c9d39a
IN-AC-2008-assam-1775,assam,2011,84,BATADROBA,GAUTAM BORA,,40950,39.92,1,won,U,51,Graduate,MLA,incumbent,src-1b7bc1c9d39a
IN-AC-2008-assam-1775,assam,2011,84,BATADROBA,MATIUR RAHMAN,,40819,39.79,2,lost,U,39,Graduate,Self-employed,crossover,src-1b7bc1c9d39a
IN-AC-2008-assam-1775,assam,2011,84,BATADROBA,MAMANI BORAH,,14192,13.83,3,forfeit,U,47,Graduate,,challenger,src-1b7bc1c9d39a
IN-AC-2008-assam-1775,assam,2011,84,BATADROBA,KUSUM KUMAR MAHANTA,,2712,2.64,4,forfeit,U,55,,,challenger,src-1b7bc1c9d39a
IN-AC-2008-assam-1775,assam,2011,84,BATADROBA,DILWAR AHMED,,1243,1.21,5,forfeit,U,51,,Activist,challenger,src-1b7bc1c9d39a
IN-AC-2008-assam-1775,assam,2011,84,BATADROBA,PRAFULLA RAJKHOWA,,960,0.94,6,forfeit,U,55,Graduate,Retired or Pension,challenger,src-1b7bc1c9d39a
IN-AC-2008-assam-1775,assam,2011,84,BATADROBA,JATIN BHUYAN,,746,0.73,7,forfeit,U,47,10th Pass,,challenger,src-1b7bc1c9d39a
IN-AC-2008-assam-1775,assam,2011,84,BATADROBA,HARIQUL ISLAM,,591,0.58,8,forfeit,U,39,Graduate Professional,Lawyer,challenger,src-1b7bc1c9d39a
IN-AC-2008-assam-1775,assam,2011,84,BATADROBA,BISWAJYOTI SAIKIA,,373,0.36,9,forfeit,U,36,12th Pass,Shop Keeper,challenger,src-1b7bc1c9d39a
IN-AC-2008-assam-1782,assam,2011,85,RUPOHIHAT,MAZIBUR RAHMAN,,44441,37.11,1,won,U,40,Post Graduate,Self-employed,challenger,src-1b7bc1c9d39a
IN-AC-2008-assam-1782,assam,2011,85,RUPOHIHAT,SALMA JESMIN,,44208,36.92,2,lost,U,37,Graduate,,challenger,src-1b7bc1c9d39a
IN-AC-2008-assam-1782,assam,2011,85,RUPOHIHAT,ABDUL AZIZ,,22197,18.54,3,lost,U,51,Graduate,MLA,incumbent,src-1b7bc1c9d39a
IN-AC-2008-assam-1782,assam,2011,85,RUPOHIHAT,NURUL HOQUE MOHAMMAD FARHAD,,4293,3.59,4,forfeit,U,39,12th Pass,,challenger,src-1b7bc1c9d39a
IN-AC-2008-assam-1782,assam,2011,85,RUPOHIHAT,DHARMARAJ HAZARIKA,,2783,2.32,5,forfeit,U,50,Graduate,Self-employed,challenger,src-1b7bc1c9d39a
IN-AC-2008-assam-1782,assam,2011,85,RUPOHIHAT,SAMSUL ALAM,,948,0.79,6,forfeit,U,29,12th Pass,,challenger,src-1b7bc1c9d39a
IN-AC-2008-assam-1782,assam,2011,85,RUPOHIHAT,MOSTAFA HUSSAIN,,869,0.73,7,forfeit,U,46,Graduate,Self-employed,challenger,src-1b7bc1c9d39a
IN-AC-2008-assam-1829,assam,2011,86,NOWGONG,DR. DURLAV CHANDRA CHAMUA,,47977,42.14,1,won,U,50,Graduate Professional,Doctor,challenger,src-1b7bc1c9d39a
IN-AC-2008-assam-1829,assam,2011,86,NOWGONG,GIRINDRA KUMAR BARUAH,,39957,35.1,2,lost,U,51,Post Graduate,MLA,incumbent,src-1b7bc1c9d39a
IN-AC-2008-assam-1829,assam,2011,86,NOWGONG,NURUL AMIN CHOWDHURY,,17111,15.03,3,forfeit,U,47,Graduate,,challenger,src-1b7bc1c9d39a
IN-AC-2008-assam-1829,assam,2011,86,NOWGONG,DEVA KUMAR SAIKIA,,6447,5.66,4,forfeit,U,58,Post Graduate,Lawyer,challenger,src-1b7bc1c9d39a
IN-AC-2008-assam-1829,assam,2011,86,NOWGONG,NURUL ISLAM,,615,0.54,5,forfeit,U,42,8th Pass,Shop Keeper,challenger,src-1b7bc1c9d39a
IN-AC-2008-assam-1829,assam,2011,86,NOWGONG,ABDUL AWAL BHUYAN,,581,0.51,6,forfeit,U,51,Graduate,,crossover,src-1b7bc1c9d39a
IN-AC-2008-assam-1829,assam,2011,86,NOWGONG,RIPUNJOY BORA,,527,0.46,7,forfeit,U,67,Post Graduate,Self-employed,challenger,src-1b7bc1c9d39a
IN-AC-2008-assam-1829,assam,2011,86,NOWGONG,GITANJALI DEKA,,361,0.32,8,forfeit,U,35,Graduate,Household,challenger,src-1b7bc1c9d39a
IN-AC-2008-assam-1829,assam,2011,86,NOWGONG,ARUP SAIKIA,,265,0.23,9,forfeit,U,43,10th Pass,,challenger,src-1b7bc1c9d39a
IN-AC-2008-assam-1822,assam,2011,87,BARHAMPUR,PRAFULLA KUMAR MAHANTA,,55889,51.74,1,won,U,59,Graduate Professional,Party Worker,incumbent,src-1b7bc1c9d39a
IN-AC-2008-assam-1822,assam,2011,87,BARHAMPUR,SURESH BORAH,,39933,36.97,2,lost,U,32,12th Pass,Contractor,challenger,src-1b7bc1c9d39a
IN-AC-2008-assam-1822,assam,2011,87,BARHAMPUR,NIRMAL BORA,,5188,4.8,3,forfeit,U,51,10th Pass,Self-employed,challenger,src-1b7bc1c9d39a
IN-AC-2008-assam-1822,assam,2011,87,BARHAMPUR,ABDUL MALEK DHALI,,3867,3.58,4,forfeit,U,35,12th Pass,,challenger,src-1b7bc1c9d39a
IN-AC-2008-assam-1822,assam,2011,87,BARHAMPUR,CHANDRA KAMAL BORA,,1216,1.13,5,forfeit,U,57,12th Pass,,challenger,src-1b7bc1c9d39a
IN-AC-2008-assam-1822,assam,2011,87,BARHAMPUR,SONA RAM BORA,,1163,1.08,6,forfeit,U,55,8th Pass,,challenger,src-1b7bc1c9d39a
IN-AC-2008-assam-1822,assam,2011,87,BARHAMPUR,MANIK ULLAH,,768,0.71,7,forfeit,U,43,8th Pass,,challenger,src-1b7bc1c9d39a
IN-AC-2008-assam-1783,assam,2011,88,SAMAGURI,ROCKYBUL HUSSAIN,,61332,57.12,1,won,U,46,Graduate,MLA,incumbent,src-1b7bc1c9d39a
IN-AC-2008-assam-1783,assam,2011,88,SAMAGURI,PRAFULLA KUMAR MAHANTA,,41472,38.62,2,lost,U,59,Graduate Professional,,incumbent,src-1b7bc1c9d39a
IN-AC-2008-assam-1783,assam,2011,88,SAMAGURI,TAHIDA SULTANA SARKAR,,1675,1.56,3,forfeit,U,33,10th Pass,,challenger,src-1b7bc1c9d39a
IN-AC-2008-assam-1783,assam,2011,88,SAMAGURI,PINKI MIRDHA,,1170,1.09,4,forfeit,U,30,Graduate,Household,challenger,src-1b7bc1c9d39a
IN-AC-2008-assam-1783,assam,2011,88,SAMAGURI,HEM KANTA MAZUMDAR,,1088,1.01,5,forfeit,U,51,8th Pass,,challenger,src-1b7bc1c9d39a
IN-AC-2008-assam-1783,assam,2011,88,SAMAGURI,PAWAN PANIKA,,646,0.6,6,forfeit,U,38,10th Pass,,challenger,src-1b7bc1c9d39a
IN-AC-2008-assam-1780,assam,2011,89,KALIABOR,KESHAB MAHANTA,,44886,49.56,1,won,U,51,Post Graduate,MLA,incumbent,src-1b7bc1c9d39a
IN-AC-2008-assam-1780,assam,2011,89,KALIABOR,TAPAN KUMAR BORAH,,35857,39.59,2,lost,U,32,10th Pass,,challenger,src-1b7bc1c9d39a
IN-AC-2008-assam-1780,assam,2011,89,KALIABOR,HARE KRISHNA MAHATO,,5737,6.33,3,forfeit,U,42,,,challenger,src-1b7bc1c9d39a
IN-AC-2008-assam-1780,assam,2011,89,KALIABOR,BIREN MIRDHA,,1573,1.74,4,forfeit,U,55,10th Pass,Self-employed,challenger,src-1b7bc1c9d39a
IN-AC-2008-assam-1780,assam,2011,89,KALIABOR,PROMODE BHUYAN,,1228,1.36,5,forfeit,U,55,Graduate,,challenger,src-1b7bc1c9d39a
IN-AC-2008-assam-1780,assam,2011,89,KALIABOR,DITUMONI GOGOI,,863,0.95,6,forfeit,U,32,10th Pass,,challenger,src-1b7bc1c9d39a
IN-AC-2008-assam-1780,assam,2011,89,KALIABOR,MANAB JYOTI MAHANTA,,420,0.46,7,forfeit,U,28,Graduate,,challenger,src-1b7bc1c9d39a
IN-AC-2008-assam-1825,assam,2011,90,JAMUNAMUKH,MOHAMMED SIRAJUDDIN AJMAL,,61267,50.08,1,won,U,54,12th Pass,,challenger,src-1b7bc1c9d39a
IN-AC-2008-assam-1825,assam,2011,90,JAMUNAMUKH,REJAUL KARIM CHOWDHURY,,48541,39.68,2,lost,U,29,10th Pass,Unspecified,challenger,src-1b7bc1c9d39a
IN-AC-2008-assam-1825,assam,2011,90,JAMUNAMUKH,NAZMUL ALAM LASKAR,,4238,3.46,3,forfeit,U,50,Literate,,challenger,src-1b7bc1c9d39a
IN-AC-2008-assam-1825,assam,2011,90,JAMUNAMUKH,BODOR UDDIN,,3907,3.19,4,forfeit,U,31,10th Pass,,challenger,src-1b7bc1c9d39a
IN-AC-2008-assam-1825,assam,2011,90,JAMUNAMUKH,BENUDHAR BORA,,1468,1.2,5,forfeit,U,29,10th Pass,,challenger,src-1b7bc1c9d39a
IN-AC-2008-assam-1825,assam,2011,90,JAMUNAMUKH,SUNTI BORA,,678,0.55,6,forfeit,U,35,10th Pass,,challenger,src-1b7bc1c9d39a
IN-AC-2008-assam-1825,assam,2011,90,JAMUNAMUKH,SHAFIQUR RAHMAN,,625,0.51,7,forfeit,U,47,10th Pass,Ex Military,challenger,src-1b7bc1c9d39a
IN-AC-2008-assam-1825,assam,2011,90,JAMUNAMUKH,MD NURUL AMIN,,440,0.36,8,forfeit,U,41,,,challenger,src-1b7bc1c9d39a
IN-AC-2008-assam-1825,assam,2011,90,JAMUNAMUKH,JANAK GUWALA,,432,0.35,9,forfeit,U,42,10th Pass,,challenger,src-1b7bc1c9d39a
IN-AC-2008-assam-1825,assam,2011,90,JAMUNAMUKH,WAZID ALI,,298,0.24,10,forfeit,U,36,8th Pass,,challenger,src-1b7bc1c9d39a
IN-AC-2008-assam-1825,assam,2011,90,JAMUNAMUKH,ABUL HUSSAIN,,245,0.2,11,forfeit,U,46,8th Pass,,challenger,src-1b7bc1c9d39a
IN-AC-2008-assam-1825,assam,2011,90,JAMUNAMUKH,KOWSHIK GHOSH,,200,0.16,12,forfeit,U,37,5th Pass,,challenger,src-1b7bc1c9d39a
IN-AC-2008-assam-1823,assam,2011,91,HOJAI,DR. ARDHENDU KUMAR DEY,,70649,44.4,1,won,U,71,Graduate Professional,Doctor,challenger,src-1b7bc1c9d39a
IN-AC-2008-assam-1823,assam,2011,91,HOJAI,DR. ADITYA LANGTHASA,,50755,31.9,2,lost,U,47,Graduate Professional,Doctor,incumbent,src-1b7bc1c9d39a
IN-AC-2008-assam-1823,assam,2011,91,HOJAI,SHILADITYA DEV,,30011,18.86,3,lost,U,42,Post Graduate,MP,challenger,src-1b7bc1c9d39a
IN-AC-2008-assam-1823,assam,2011,91,HOJAI,NARAYAN CHANDRA BHOWMIK,,2623,1.65,4,forfeit,U,63,Graduate Professional,Retired Teacher,challenger,src-1b7bc1c9d39a
IN-AC-2008-assam-1823,assam,2011,91,HOJAI,JOGNESHWAR DAS,,1577,0.99,5,forfeit,U,56,12th Pass,Party Worker,challenger,src-1b7bc1c9d39a
IN-AC-2008-assam-1823,assam,2011,91,HOJAI,DEBA PRASAD CHAUHAN,,1420,0.89,6,forfeit,U,63,10th Pass,,challenger,src-1b7bc1c9d39a
IN-AC-2008-assam-1823,assam,2011,91,HOJAI,DEBASISH DUTTA,,941,0.59,7,forfeit,U,42,Others,Consultant,challenger,src-1b7bc1c9d39a
IN-AC-2008-assam-1823,assam,2011,91,HOJAI,ABDUL KARIM,,672,0.42,8,forfeit,U,46,12th Pass,,challenger,src-1b7bc1c9d39a
IN-AC-2008-assam-1823,assam,2011,91,HOJAI,ARUN DEB,,476,0.3,9,forfeit,U,68,8th Pass,Ex Govt Employee,challenger,src-1b7bc1c9d39a
IN-AC-2008-assam-1827,assam,2011,92,LUMDING,SWAPAN KAR,,39443,31.33,1,won,U,54,Graduate,,crossover,src-1b7bc1c9d39a
IN-AC-2008-assam-1827,assam,2011,92,LUMDING,SUSHIL DUTTA,,37612,29.87,2,lost,U,51,10th Pass,,challenger,src-1b7bc1c9d39a
IN-AC-2008-assam-1827,assam,2011,92,LUMDING,SHEFALI DEY,,35124,27.9,3,lost,U,62,Graduate Professional,Household,challenger,src-1b7bc1c9d39a
IN-AC-2008-assam-1827,assam,2011,92,LUMDING,IDRIS ALI,,5207,4.14,4,forfeit,U,60,Post Graduate,Retired Teacher,challenger,src-1b7bc1c9d39a
IN-AC-2008-assam-1827,assam,2011,92,LUMDING,UMA BHOWMICK,,2915,2.32,5,forfeit,U,62,Post Graduate,,challenger,src-1b7bc1c9d39a
IN-AC-2008-assam-1827,assam,2011,92,LUMDING,TANKESWAR KAKOTI,,2049,1.63,6,forfeit,U,44,,,challenger,src-1b7bc1c9d39a
IN-AC-2008-assam-1827,assam,2011,92,LUMDING,MUKUT PATAR,,1477,1.17,7,forfeit,U,33,12th Pass,,challenger,src-1b7bc1c9d39a
IN-AC-2008-assam-1827,assam,2011,92,LUMDING,MD. AZHARUL HOQUE,,1087,0.86,8,forfeit,U,32,12th Pass,,challenger,src-1b7bc1c9d39a
IN-AC-2008-assam-1827,assam,2011,92,LUMDING,ASHIM MAJUMDER,,990,0.79,9,forfeit,U,40,,,challenger,src-1b7bc1c9d39a
IN-AC-2008-assam-1776,assam,2011,93,BOKAKHAT,ARUN PHUKAN,,32020,34.54,1,won,U,60,10th Pass,,challenger,src-1b7bc1c9d39a
IN-AC-2008-assam-1776,assam,2011,93,BOKAKHAT,JITEN GOGOI,,30291,32.68,2,lost,U,49,8th Pass,Agricultural Business,incumbent,src-1b7bc1c9d39a
IN-AC-2008-assam-1776,assam,2011,93,BOKAKHAT,ATUL BORA,,22216,23.97,3,lost,U,50,Graduate,,challenger,src-1b7bc1c9d39a
IN-AC-2008-assam-1776,assam,2011,93,BOKAKHAT,DEBA PRADIP BORA,,4922,5.31,4,forfeit,U,40,Graduate,,challenger,src-1b7bc1c9d39a
IN-AC-2008-assam-1776,assam,2011,93,BOKAKHAT,BIR KUMAR CHETRY,,1115,1.2,5,forfeit,U,30,12th Pass,,challenger,src-1b7bc1c9d39a
IN-AC-2008-assam-1776,assam,2011,93,BOKAKHAT,MRIDUL SAIKIA,,1073,1.16,6,forfeit,U,39,10th Pass,,challenger,src-1b7bc1c9d39a
IN-AC-2008-assam-1776,assam,2011,93,BOKAKHAT,BOLO BORA,,1055,1.14,7,forfeit,U,55,10th Pass,,challenger,src-1b7bc1c9d39a
IN-AC-2008-assam-1784,assam,2011,94,SARUPATHAR,AKLIUS TIRKEY,,74428,50.39,1,won,U,60,Graduate Professional,Ex MLA,challenger,src-1b7bc1c9d39a
IN-AC-2008-assam-1784,assam,2011,94,SARUPATHAR,BINOD GOWALA,,42335,28.66,2,lost,U,51,12th Pass,,incumbent,src-1b7bc1c9d39a
IN-AC-2008-assam-1784,assam,2011,94,SARUPATHAR,DINESH BHILWARIA,,17172,11.63,3,forfeit,U,36,Graduate,,challenger,src-1b7bc1c9d39a
IN-AC-2008-assam-1784,assam,2011,94,SARUPATHAR,DIP BORBORA,,5463,3.7,4,forfeit,U,52,8th Pass,,challenger,src-1b7bc1c9d39a
IN-AC-2008-assam-1784,assam,2011,94,SARUPATHAR,NANI RAM TANTI,,3322,2.25,5,forfeit,U,35,12th Pass,,challenger,src-1b7bc1c9d39a
IN-AC-2008-assam-1784,assam,2011,94,SARUPATHAR,AFCHANA BEGUM,,2515,1.7,6,forfeit,U,41,Post Graduate,,challenger,src-1b7bc1c9d39a
IN-AC-2008-assam-1784,assam,2011,94,SARUPATHAR,RIZAUL HAQUE,,2471,1.67,7,forfeit,U,38,12th Pass,,challenger,src-1b7bc1c9d39a
IN-AC-2008-assam-1779,assam,2011,95,GOLAGHAT,AJANTA NEOG,,79648,64.88,1,won,U,47,Post Graduate,MLA,incumbent,src-1b7bc1c9d39a
IN-AC-2008-assam-1779,assam,2011,95,GOLAGHAT,AMIYO KUMAR BORAH,,33477,27.27,2,lost,U,57,Graduate Professional,Lawyer,challenger,src-1b7bc1c9d39a
IN-AC-2008-assam-1779,assam,2011,95,GOLAGHAT,DEBESWAR BORA,,5006,4.08,3,forfeit,U,51,Post Graduate,,challenger,src-1b7bc1c9d39a
IN-AC-2008-assam-1779,assam,2011,95,GOLAGHAT,DEBAJIT BORA,,3179,2.59,4,forfeit,U,37,Post Graduate,School Teacher,challenger,src-1b7bc1c9d39a
IN-AC-2008-assam-1779,assam,2011,95,GOLAGHAT,AMRIT BALLAV GOSWAMI,,1447,1.18,5,forfeit,U,33,10th Pass,,challenger,src-1b7bc1c9d39a
IN-AC-2008-assam-1781,assam,2011,96,KHUMTAI,BISMITA GOGOI,,41123,47.77,1,won,U,37,Post Graduate,,challenger,src-1b7bc1c9d39a
IN-AC-2008-assam-1781,assam,2011,96,KHUMTAI,UPASHANA GOGOI,,22734,26.41,2,lost,U,41,Post Graduate,,challenger,src-1b7bc1c9d39a
IN-AC-2008-assam-1781,assam,2011,96,KHUMTAI,MRIDUL KUMAR DUTTA,,11577,13.45,3,forfeit,U,50,Doctorate,College Professor or Lecturer,challenger,src-1b7bc1c9d39a
IN-AC-2008-assam-1781,assam,2011,96,KHUMTAI,DIGANTA KUMAR SAIKIA,,5326,6.19,4,forfeit,U,41,10th Pass,,challenger,src-1b7bc1c9d39a
IN-AC-2008-assam-1781,assam,2011,96,KHUMTAI,PROBIN KUMAR RAJKHOWA,,2713,3.15,5,forfeit,U,56,Graduate Professional,Ex Govt Employee,challenger,src-1b7bc1c9d39a
IN-AC-2008-assam-1781,assam,2011,96,KHUMTAI,SATYADEV SAHU,,1860,2.16,6,forfeit,U,41,,,challenger,src-1b7bc1c9d39a
IN-AC-2008-assam-1781,assam,2011,96,KHUMTAI,DIPALI BORAH,,745,0.87,7,forfeit,U,54,,,challenger,src-1b7bc1c9d39a
IN-AC-2008-assam-1777,assam,2011,97,DERGAON,AROTI HAZARIKA KACHARI,,55705,56.06,1,won,U,50,12th Pass,,challenger,src-1b7bc1c9d39a
IN-AC-2008-assam-1777,assam,2011,97,DERGAON,SUSHILA HAZARIKA,,34445,34.66,2,lost,U,49,12th Pass,,incumbent,src-1b7bc1c9d39a
IN-AC-2008-assam-1777,assam,2011,97,DERGAON,MRIDU PABAN DAS,,6533,6.57,3,forfeit,U,43,Graduate,,challenger,src-1b7bc1c9d39a
IN-AC-2008-assam-1777,assam,2011,97,DERGAON,RAJIB DAS,,2690,2.71,4,forfeit,U,39,Graduate,,challenger,src-1b7bc1c9d39a
IN-AC-2008-assam-1766,assam,2011,98,JORHAT,RANA GOSWAMI,,68049,64.85,1,won,U,51,Graduate,"Transport, Rent",incumbent,src-1b7bc1c9d39a
IN-AC-2008-assam-1766,assam,2011,98,JORHAT,HITENDRA NATH GOSWAMI,,30079,28.67,2,lost,U,51,Post Graduate,Lawyer,challenger,src-1b7bc1c9d39a
IN-AC-2008-assam-1766,assam,2011,98,JORHAT,KARABI CHAKRABORTY,,5354,5.1,3,forfeit,U,62,12th Pass,,challenger,src-1b7bc1c9d39a
IN-AC-2008-assam-1766,assam,2011,98,JORHAT,SARIFUN NISHA,,1449,1.38,4,forfeit,U,57,Graduate,,challenger,src-1b7bc1c9d39a
IN-AC-2008-assam-1809,assam,2011,99,MAJULI,RAJIB LOCHAN PEGU,,39655,46.36,1,won,U,50,Post Graduate,,incumbent,src-1b7bc1c9d39a
IN-AC-2008-assam-1809,assam,2011,99,MAJULI,PADMESWAR DOLEY,,23691,27.7,2,lost,U,65,,,challenger,src-1b7bc1c9d39a
IN-AC-2008-assam-1809,assam,2011,99,MAJULI,PREMADHAR DOLEY,,19690,23.02,3,lost,U,42,,,challenger,src-1b7bc1c9d39a
IN-AC-2008-assam-1809,assam,2011,99,MAJULI,ANAMIKA DOLEY,,2500,2.92,4,forfeit,U,31,,,challenger,src-1b7bc1c9d39a
IN-AC-2008-assam-1774,assam,2011,100,TITABAR,TARUN GOGOI,,65418,74.12,1,won,U,74,Graduate Professional,Minister,incumbent,src-1b7bc1c9d39a
IN-AC-2008-assam-1774,assam,2011,100,TITABAR,MONTU MONI DUTTA,,11219,12.71,2,forfeit,U,60,Doctorate,Retired or Pension,challenger,src-1b7bc1c9d39a
IN-AC-2008-assam-1774,assam,2011,100,TITABAR,KAMINISH DEORI,,4257,4.82,3,forfeit,U,53,10th Pass,,challenger,src-1b7bc1c9d39a
IN-AC-2008-assam-1774,assam,2011,100,TITABAR,KULA DAS,,3108,3.52,4,forfeit,U,66,Graduate,,challenger,src-1b7bc1c9d39a
IN-AC-2008-assam-1774,assam,2011,100,TITABAR,DILIP GOGOI,,1775,2.01,5,forfeit,U,43,,,challenger,src-1b7bc1c9d39a
IN-AC-2008-assam-1774,assam,2011,100,TITABAR,BIREN GOGOI,,927,1.05,6,forfeit,U,55,10th Pass,,challenger,src-1b7bc1c9d39a
IN-AC-2008-assam-1774,assam,2011,100,TITABAR,SUBODH DUTTA,,905,1.03,7,forfeit,U,57,Graduate Professional,Home Teacher or Tuition,challenger,src-1b7bc1c9d39a
IN-AC-2008-assam-1774,assam,2011,100,TITABAR,MANASHI BORDOLOI,,648,0.73,8,forfeit,U,35,Post Graduate,,challenger,src-1b7bc1c9d39a
IN-AC-2008-assam-1768,assam,2011,101,MORIANI,RUPJYOTI KURMI,,35754,46.93,1,won,U,33,Others,,incumbent,src-1b7bc1c9d39a
IN-AC-2008-assam-1768,assam,2011,101,MORIANI,ALAK KUMAR GHOSE,,28696,37.67,2,lost,U,52,10th Pass,Hospitality,crossover,src-1b7bc1c9d39a
IN-AC-2008-assam-1768,assam,2011,101,MORIANI,DULEN NAYAK,,3961,5.2,3,forfeit,U,45,12th Pass,,challenger,src-1b7bc1c9d39a
IN-AC-2008-assam-1768,assam,2011,101,MORIANI,SANTANU KUMAR GOGOI,,3376,4.43,4,forfeit,U,47,Graduate,,challenger,src-1b7bc1c9d39a
IN-AC-2008-assam-1768,assam,2011,101,MORIANI,SANJIB GOGOI,,3320,4.36,5,forfeit,U,46,Post Graduate,,challenger,src-1b7bc1c9d39a
IN-AC-2008-assam-1768,assam,2011,101,MORIANI,JUNE TANTI,,1071,1.41,6,forfeit,U,40,8th Pass,,challenger,src-1b7bc1c9d39a
IN-AC-2008-assam-1772,assam,2011,102,TEOK,MEMBAR GOGOI,,48117,59.94,1,won,U,74,Graduate Professional,MLA,incumbent,src-1b7bc1c9d39a
IN-AC-2008-assam-1772,assam,2011,102,TEOK,HEMANTA KALITA,,17784,22.16,2,lost,U,48,Graduate,Ex MLA,challenger,src-1b7bc1c9d39a
IN-AC-2008-assam-1772,assam,2011,102,TEOK,JITU HAZARIKA,,10219,12.73,3,forfeit,U,42,Graduate,NGO,challenger,src-1b7bc1c9d39a
IN-AC-2008-assam-1772,assam,2011,102,TEOK,JITEN TANTI,,2161,2.69,4,forfeit,U,32,10th Pass,Party Worker,challenger,src-1b7bc1c9d39a
IN-AC-2008-assam-1772,assam,2011,102,TEOK,JAYAJYOTI GOGOI,,1012,1.26,5,forfeit,U,59,Graduate,Workshop or Small Manufacturer,challenger,src-1b7bc1c9d39a
IN-AC-2008-assam-1772,assam,2011,102,TEOK,RUNU SAIKIA,,977,1.22,6,forfeit,U,43,Graduate,,challenger,src-1b7bc1c9d39a
IN-AC-2008-assam-eci103,assam,2011,103,AMGURI,ANJAN DUTTA,,39549,47.54,1,won,U,59,10th Pass,Private Company,challenger,src-1b7bc1c9d39a
IN-AC-2008-assam-eci103,assam,2011,103,AMGURI,PRODIP HAZARIKA,,39263,47.2,2,lost,U,59,Post Graduate,MLA,incumbent,src-1b7bc1c9d39a
IN-AC-2008-assam-eci103,assam,2011,103,AMGURI,ANUP GOGOI,,1823,2.19,3,forfeit,U,41,10th Pass,,challenger,src-1b7bc1c9d39a
IN-AC-2008-assam-eci103,assam,2011,103,AMGURI,RAJ KUMAR DUWARAH,,1405,1.69,4,forfeit,U,43,Graduate,,crossover,src-1b7bc1c9d39a
IN-AC-2008-assam-eci103,assam,2011,103,AMGURI,MANIK DUTTA,,598,0.72,5,forfeit,U,61,Post Graduate,Retired or Pension,challenger,src-1b7bc1c9d39a
IN-AC-2008-assam-eci103,assam,2011,103,AMGURI,JAYANTA GOGOI,,553,0.66,6,forfeit,U,30,Graduate,,challenger,src-1b7bc1c9d39a
IN-AC-2008-assam-1769,assam,2011,104,NAZIRA,DEBABRATA SAIKIA,,52510,63.4,1,won,U,46,Graduate,,challenger,src-1b7bc1c9d39a
IN-AC-2008-assam-1769,assam,2011,104,NAZIRA,DRUPAD BORGOHAIN,,18700,22.58,2,lost,U,70,Graduate,MLA,incumbent,src-1b7bc1c9d39a
IN-AC-2008-assam-1769,assam,2011,104,NAZIRA,JURI KONWAR,,5282,6.38,3,forfeit,U,38,,,challenger,src-1b7bc1c9d39a
IN-AC-2008-assam-1769,assam,2011,104,NAZIRA,AJIT HAZARIKA,,1921,2.32,4,forfeit,U,50,Graduate Professional,Lawyer,challenger,src-1b7bc1c9d39a
IN-AC-2008-assam-1769,assam,2011,104,NAZIRA,SYED ABDUL RAKIM,,1887,2.28,5,forfeit,U,50,12th Pass,,challenger,src-1b7bc1c9d39a
IN-AC-2008-assam-1769,assam,2011,104,NAZIRA,SOFIQUDDIN AHMED,,1304,1.57,6,forfeit,U,40,10th Pass,Contractor,challenger,src-1b7bc1c9d39a
IN-AC-2008-assam-1769,assam,2011,104,NAZIRA,HARI KRISHNA GOGOI,,1223,1.48,7,forfeit,U,34,Graduate,,challenger,src-1b7bc1c9d39a
IN-AC-2008-assam-1767,assam,2011,105,MAHMARA,SARAT SAIKIA,,40607,47.71,1,won,U,60,Graduate,MLA,incumbent,src-1b7bc1c9d39a
IN-AC-2008-assam-1767,assam,2011,105,MAHMARA,HIRANYA KONWAR,,24873,29.22,2,lost,U,49,Post Graduate,Ex MLA,challenger,src-1b7bc1c9d39a
IN-AC-2008-assam-1767,assam,2011,105,MAHMARA,JOGEN MOHAN,,14582,17.13,3,lost,U,50,,,challenger,src-1b7bc1c9d39a
IN-AC-2008-assam-1767,assam,2011,105,MAHMARA,MOHESH GHATOWAR,,1655,1.94,4,forfeit,U,27,Graduate,,challenger,src-1b7bc1c9d39a
IN-AC-2008-assam-1767,assam,2011,105,MAHMARA,RASHADUL HAQUE,,987,1.16,5,forfeit,U,41,Graduate,,challenger,src-1b7bc1c9d39a
IN-AC-2008-assam-1767,assam,2011,105,MAHMARA,RAJEN GOGOI,,897,1.05,6,forfeit,U,45,10th Pass,,challenger,src-1b7bc1c9d39a
IN-AC-2008-assam-1767,assam,2011,105,MAHMARA,NITYA NANDA GOGOI,,794,0.93,7,forfeit,U,61,,,challenger,src-1b7bc1c9d39a
IN-AC-2008-assam-1767,assam,2011,105,MAHMARA,HOREN BORGOHAIN,,714,0.84,8,forfeit,U,34,10th Pass,,challenger,src-1b7bc1c9d39a
IN-AC-2008-assam-1771,assam,2011,106,SONARI,SARAT BORKOTOKY,,56655,53.38,1,won,U,72,Graduate Professional,MLA,incumbent,src-1b7bc1c9d39a
IN-AC-2008-assam-1771,assam,2011,106,SONARI,ANUP SINGH RAJPURUHIT,,27751,26.15,2,lost,U,41,10th Pass,,challenger,src-1b7bc1c9d39a
IN-AC-2008-assam-1771,assam,2011,106,SONARI,MONIL BOKALIAL,,8258,7.78,3,forfeit,U,40,10th Pass,,challenger,src-1b7bc1c9d39a
IN-AC-2008-assam-1771,assam,2011,106,SONARI,BIMALA PRASAD PHUKON,,4830,4.55,4,forfeit,U,66,Post Graduate,,challenger,src-1b7bc1c9d39a
IN-AC-2008-assam-1771,assam,2011,106,SONARI,KRISHNA KANTA GOGOI,,3676,3.46,5,forfeit,U,62,Graduate,,challenger,src-1b7bc1c9d39a
IN-AC-2008-assam-1771,assam,2011,106,SONARI,LAKHINARAYAN GOGOI,,3535,3.33,6,forfeit,U,32,,,challenger,src-1b7bc1c9d39a
IN-AC-2008-assam-1771,assam,2011,106,SONARI,RAJENDRA BURAGOHAIN,,1423,1.34,7,forfeit,U,47,12th Pass,,challenger,src-1b7bc1c9d39a
IN-AC-2008-assam-eci107,assam,2011,107,THOWRA,SUSHANTA BORGOHAIN,,28560,39.98,1,won,U,37,Graduate,,challenger,src-1b7bc1c9d39a
IN-AC-2008-assam-eci107,assam,2011,107,THOWRA,KUSHAL DOWARI,,24274,33.98,2,lost,U,45,10th Pass,MLA,incumbent,src-1b7bc1c9d39a
IN-AC-2008-assam-eci107,assam,2011,107,THOWRA,SIBA PRASAD BODRA,,9765,13.67,3,forfeit,U,47,Graduate,,challenger,src-1b7bc1c9d39a
IN-AC-2008-assam-eci107,assam,2011,107,THOWRA,LILA JYOTI PHUKAN,,8843,12.38,4,forfeit,U,35,Graduate,,challenger,src-1b7bc1c9d39a
IN-AC-2008-assam-1770,assam,2011,108,SIBSAGAR,PRANAB GOGOI,,48941,51.41,1,won,U,75,Graduate Professional,Ex Govt Employee,incumbent,src-1b7bc1c9d39a
IN-AC-2008-assam-1770,assam,2011,108,SIBSAGAR,PRANABJIT CHALIHA,,31691,33.29,2,lost,U,60,Graduate,,challenger,src-1b7bc1c9d39a
IN-AC-2008-assam-1770,assam,2011,108,SIBSAGAR,PROMODE CH. GOGOI,,6196,6.51,3,forfeit,U,79,12th Pass,Ex MLA,challenger,src-1b7bc1c9d39a
IN-AC-2008-assam-1770,assam,2011,108,SIBSAGAR,JAYANTA RAJKONWAR,,5405,5.68,4,forfeit,U,48,Graduate,,challenger,src-1b7bc1c9d39a
IN-AC-2008-assam-1770,assam,2011,108,SIBSAGAR,SEIKH MUJIBUR RAHMAN,,1272,1.34,5,forfeit,U,38,Graduate Professional,Lawyer,challenger,src-1b7bc1c9d39a
IN-AC-2008-assam-1770,assam,2011,108,SIBSAGAR,AMANUDDIN AHMED,,1049,1.1,6,forfeit,U,63,12th Pass,Ex Govt Employee,challenger,src-1b7bc1c9d39a
IN-AC-2008-assam-1770,assam,2011,108,SIBSAGAR,PRADIP PACHANI,,650,0.68,7,forfeit,U,42,Graduate,,challenger,src-1b7bc1c9d39a
IN-AC-2008-assam-1840,assam,2011,109,BIHPURIA,BHUPEN KUMAR BORA,,45920,49.48,1,won,U,41,Post Graduate,Party Worker,incumbent,src-1b7bc1c9d39a
IN-AC-2008-assam-1840,assam,2011,109,BIHPURIA,KESHARAM BORA,,33764,36.38,2,lost,U,55,Graduate,,challenger,src-1b7bc1c9d39a
IN-AC-2008-assam-1840,assam,2011,109,BIHPURIA,PRAFULLA BORA,,5836,6.29,3,forfeit,U,48,10th Pass,,challenger,src-1b7bc1c9d39a
IN-AC-2008-assam-1840,assam,2011,109,BIHPURIA,DHRUBA BANIA,,4304,4.64,4,forfeit,U,43,Graduate Professional,Lawyer,challenger,src-1b7bc1c9d39a
IN-AC-2008-assam-1840,assam,2011,109,BIHPURIA,MUHIRAM BASUMATARY,,1129,1.22,5,forfeit,U,38,,,challenger,src-1b7bc1c9d39a
IN-AC-2008-assam-1840,assam,2011,109,BIHPURIA,HIUEN BASUMATARY,,806,0.87,6,forfeit,U,32,12th Pass,,challenger,src-1b7bc1c9d39a
IN-AC-2008-assam-1840,assam,2011,109,BIHPURIA,PREMADHAR BORA,,555,0.6,7,forfeit,U,78,Graduate,,challenger,src-1b7bc1c9d39a
IN-AC-2008-assam-1840,assam,2011,109,BIHPURIA,PROBIN BORA,,244,0.26,8,forfeit,U,58,,,challenger,src-1b7bc1c9d39a
IN-AC-2008-assam-1840,assam,2011,109,BIHPURIA,KISHORE DEORI,,241,0.26,9,forfeit,U,52,Graduate,Retired or Pension,challenger,src-1b7bc1c9d39a
IN-AC-2008-assam-1810,assam,2011,110,NAOBOICHA,SANJAY RAJ SUBBA,,33946,27.06,1,won,U,50,8th Pass,MLA,incumbent,src-1b7bc1c9d39a
IN-AC-2008-assam-1810,assam,2011,110,NAOBOICHA,MAMUN IMADADUL HAQUE CHOWDHURY,,27288,21.76,2,lost,U,31,Post Graduate,Lawyer,challenger,src-1b7bc1c9d39a
IN-AC-2008-assam-1810,assam,2011,110,NAOBOICHA,RAO GAJENDRA SINGH,,22328,17.8,3,lost,U,51,Graduate,Hospitality,challenger,src-1b7bc1c9d39a
IN-AC-2008-assam-1810,assam,2011,110,NAOBOICHA,SULTAN MEHDI,,16855,13.44,4,forfeit,U,32,Graduate Professional,Advocacy,challenger,src-1b7bc1c9d39a
IN-AC-2008-assam-1810,assam,2011,110,NAOBOICHA,PHANIDHAR BARUAH,,11721,9.35,5,forfeit,U,54,Graduate,,challenger,src-1b7bc1c9d39a
IN-AC-2008-assam-1810,assam,2011,110,NAOBOICHA,GANESH PRADHAN,,4207,3.35,6,forfeit,U,42,12th Pass,,challenger,src-1b7bc1c9d39a
IN-AC-2008-assam-1810,assam,2011,110,NAOBOICHA,DR. PRADIP KR. PATRA,,2938,2.34,7,forfeit,U,63,,,challenger,src-1b7bc1c9d39a
IN-AC-2008-assam-1810,assam,2011,110,NAOBOICHA,JAYANTA KHOUND,,1995,1.59,8,forfeit,U,42,Graduate,"Contractor, Trader",challenger,src-1b7bc1c9d39a
IN-AC-2008-assam-1810,assam,2011,110,NAOBOICHA,VINOD PASI,,1671,1.33,9,forfeit,U,26,,,challenger,src-1b7bc1c9d39a
IN-AC-2008-assam-1810,assam,2011,110,NAOBOICHA,EUNUS ALI,,942,0.75,10,forfeit,U,45,,,challenger,src-1b7bc1c9d39a
IN-AC-2008-assam-1810,assam,2011,110,NAOBOICHA,SUCHIL BORI,,673,0.54,11,forfeit,U,30,,,challenger,src-1b7bc1c9d39a
IN-AC-2008-assam-1810,assam,2011,110,NAOBOICHA,KHALILUR RAHMAN,,463,0.37,12,forfeit,U,46,,,challenger,src-1b7bc1c9d39a
IN-AC-2008-assam-1810,assam,2011,110,NAOBOICHA,SHYAMAL HAZARIKA.,,398,0.32,13,forfeit,U,26,,,challenger,src-1b7bc1c9d39a
IN-AC-2008-assam-1808,assam,2011,111,LAKHIMPUR,UTPAL DUTTA,,52563,47.46,1,won,U,50,Graduate,,crossover,src-1b7bc1c9d39a
IN-AC-2008-assam-1808,assam,2011,111,LAKHIMPUR,GHANA BURAGOHAIN,,51464,46.47,2,lost,U,45,12th Pass,Party Worker,incumbent,src-1b7bc1c9d39a
IN-AC-2008-assam-1808,assam,2011,111,LAKHIMPUR,BANTI BONIA,,2040,1.84,3,forfeit,U,43,10th Pass,Party Worker,challenger,src-1b7bc1c9d39a
IN-AC-2008-assam-1808,assam,2011,111,LAKHIMPUR,DILWAR HUSSAIN,,1707,1.54,4,forfeit,U,37,10th Pass,,challenger,src-1b7bc1c9d39a
IN-AC-2008-assam-1808,assam,2011,111,LAKHIMPUR,ARUP KALITA,,1392,1.26,5,forfeit,U,40,Graduate Professional,Lawyer,challenger,src-1b7bc1c9d39a
IN-AC-2008-assam-1808,assam,2011,111,LAKHIMPUR,BULU GOGOI,,1076,0.97,6,forfeit,U,44,8th Pass,,challenger,src-1b7bc1c9d39a
IN-AC-2008-assam-1808,assam,2011,111,LAKHIMPUR,BIRINCHI PEGU,,502,0.45,7,forfeit,U,31,12th Pass,Party Worker,challenger,src-1b7bc1c9d39a
IN-AC-2008-assam-1804,assam,2011,112,DHAKUAKHANA,NABA KUMAR DOLEY,,63963,50.31,1,won,U,38,12th Pass,,challenger,src-1b7bc1c9d39a
IN-AC-2008-assam-1804,assam,2011,112,DHAKUAKHANA,BHARAT CHANDRA NARAH,,56456,44.4,2,lost,U,54,Post Graduate,,incumbent,src-1b7bc1c9d39a
IN-AC-2008-assam-1804,assam,2011,112,DHAKUAKHANA,GYANA NATH MILI,,2033,1.6,3,forfeit,U,33,Post Graduate,,challenger,src-1b7bc1c9d39a
IN-AC-2008-assam-1804,assam,2011,112,DHAKUAKHANA,LAKHIMAI PEGU,,1873,1.47,4,forfeit,U,25,Graduate,,challenger,src-1b7bc1c9d39a
IN-AC-2008-assam-1804,assam,2011,112,DHAKUAKHANA,RANJIT DOLEY,,1130,0.89,5,forfeit,U,31,Graduate,,challenger,src-1b7bc1c9d39a
IN-AC-2008-assam-1804,assam,2011,112,DHAKUAKHANA,MEMUD PAGAG,,525,0.41,6,forfeit,U,29,Graduate,,challenger,src-1b7bc1c9d39a
IN-AC-2008-assam-1804,assam,2011,112,DHAKUAKHANA,INDRAJIT NARAH,,437,0.34,7,forfeit,U,30,8th Pass,,challenger,src-1b7bc1c9d39a
IN-AC-2008-assam-1804,assam,2011,112,DHAKUAKHANA,JUTIKA DOLEY,,398,0.31,8,forfeit,U,29,Graduate,,challenger,src-1b7bc1c9d39a
IN-AC-2008-assam-1804,assam,2011,112,DHAKUAKHANA,BHABEN KUMAR PANYANG,,330,0.26,9,forfeit,U,65,Graduate,,challenger,src-1b7bc1c9d39a
IN-AC-2008-assam-1805,assam,2011,113,DHEMAJI,SUMITRA DOLEY PATIR,,59633,42.64,1,won,U,54,Post Graduate,MLA,incumbent,src-1b7bc1c9d39a
IN-AC-2008-assam-1805,assam,2011,113,DHEMAJI,PARAMANANDA SONOWAL,,52348,37.43,2,lost,U,40,Doctorate,School Teacher,challenger,src-1b7bc1c9d39a
IN-AC-2008-assam-1805,assam,2011,113,DHEMAJI,SAILEN SONOWAL,,21957,15.7,3,forfeit,U,37,Graduate,,challenger,src-1b7bc1c9d39a
IN-AC-2008-assam-1805,assam,2011,113,DHEMAJI,KHADGARAJ PEGU,,2792,2,4,forfeit,U,37,Graduate,,challenger,src-1b7bc1c9d39a
IN-AC-2008-assam-1805,assam,2011,113,DHEMAJI,HEMKANTA MIRI,,1357,0.97,5,forfeit,U,28,Graduate Professional,Lawyer,challenger,src-1b7bc1c9d39a
IN-AC-2008-assam-1805,assam,2011,113,DHEMAJI,DIMPAL SONOWAL,,1168,0.84,6,forfeit,U,37,10th Pass,,challenger,src-1b7bc1c9d39a
IN-AC-2008-assam-1805,assam,2011,113,DHEMAJI,LALIT NARAH,,604,0.43,7,forfeit,U,50,8th Pass,,challenger,src-1b7bc1c9d39a
IN-AC-2008-assam-1807,assam,2011,114,JONAI,PRADAN BARUAH,,97326,52.89,1,won,U,46,10th Pass,,challenger,src-1b7bc1c9d39a
IN-AC-2008-assam-1807,assam,2011,114,JONAI,BHUBAN PEGU,,77816,42.28,2,lost,U,40,,,incumbent,src-1b7bc1c9d39a
IN-AC-2008-assam-1807,assam,2011,114,JONAI,ASWINI PAIT,,6475,3.52,3,forfeit,U,40,10th Pass,Real Estate or Builder or Developer or Construction,challenger,src-1b7bc1c9d39a
IN-AC-2008-assam-1807,assam,2011,114,JONAI,MAKHAN KAMAN KULI,,2411,1.31,4,forfeit,U,60,Post Graduate,,crossover,src-1b7bc1c9d39a
IN-AC-2008-assam-1751,assam,2011,115,MORAN,JIBONTARA GHATOWAR,,47143,57.17,1,won,U,50,8th Pass,MLA,incumbent,src-1b7bc1c9d39a
IN-AC-2008-assam-1751,assam,2011,115,MORAN,SUNIL RAJKONWAR,,17650,21.4,2,lost,U,42,12th Pass,,challenger,src-1b7bc1c9d39a
IN-AC-2008-assam-1751,assam,2011,115,MORAN,SWARNA SAIKIA DEORI,,14571,17.67,3,lost,U,49,10th Pass,Self-employed,challenger,src-1b7bc1c9d39a
IN-AC-2008-assam-1751,assam,2011,115,MORAN,SHYAMAL BHUMIJ,,2343,2.84,4,forfeit,U,38,Others,,challenger,src-1b7bc1c9d39a
IN-AC-2008-assam-1751,assam,2011,115,MORAN,LAKHICHARAN SWAUSI,,752,0.91,5,forfeit,U,47,10th Pass,,challenger,src-1b7bc1c9d39a
IN-AC-2008-assam-1746,assam,2011,116,DIBRUGARH,PRASANTA PHUKAN,,46506,55.15,1,won,U,55,10th Pass,MLA,incumbent,src-1b7bc1c9d39a
IN-AC-2008-assam-1746,assam,2011,116,DIBRUGARH,KALYAN KUMAR GOGOI,,26897,31.9,2,lost,U,65,Graduate Professional,Doctor,challenger,src-1b7bc1c9d39a
IN-AC-2008-assam-1746,assam,2011,116,DIBRUGARH,SHYAMAL BARUAH,,5223,6.19,3,forfeit,U,39,10th Pass,,challenger,src-1b7bc1c9d39a
IN-AC-2008-assam-1746,assam,2011,116,DIBRUGARH,THANESWAR BORAH,,1969,2.34,4,forfeit,U,57,10th Pass,Contractor,challenger,src-1b7bc1c9d39a
IN-AC-2008-assam-1746,assam,2011,116,DIBRUGARH,PARBEZ KHAN,,1663,1.97,5,forfeit,U,31,10th Pass,,challenger,src-1b7bc1c9d39a
IN-AC-2008-assam-1746,assam,2011,116,DIBRUGARH,SIMA GHOSH,,1013,1.2,6,forfeit,U,43,10th Pass,,challenger,src-1b7bc1c9d39a
IN-AC-2008-assam-1746,assam,2011,116,DIBRUGARH,AVINASH SINGH,,529,0.63,7,forfeit,U,25,12th Pass,,challenger,src-1b7bc1c9d39a
IN-AC-2008-assam-1746,assam,2011,116,DIBRUGARH,PADMESWAR PHUKAN,,519,0.62,8,forfeit,U,53,10th Pass,,challenger,src-1b7bc1c9d39a
IN-AC-2008-assam-1749,assam,2011,117,LAHOWAL,PRITHIBI MAJHI,,39857,46.9,1,won,U,59,Graduate Professional,,incumbent,src-1b7bc1c9d39a
IN-AC-2008-assam-1749,assam,2011,117,LAHOWAL,RANJIT KONWAR,,20137,23.7,2,lost,U,41,10th Pass,,challenger,src-1b7bc1c9d39a
IN-AC-2008-assam-1749,assam,2011,117,LAHOWAL,TERASH GOWALLA,,15934,18.75,3,lost,U,36,Graduate,,challenger,src-1b7bc1c9d39a
IN-AC-2008-assam-1749,assam,2011,117,LAHOWAL,KUMUD GOGOI,,3219,3.79,4,forfeit,U,43,Literate,Self-employed,challenger,src-1b7bc1c9d39a
IN-AC-2008-assam-1749,assam,2011,117,LAHOWAL,RATUL GOGOI,,1791,2.11,5,forfeit,U,33,Graduate,,challenger,src-1b7bc1c9d39a
IN-AC-2008-assam-1749,assam,2011,117,LAHOWAL,ANANTA DEKA BARUAH,,1556,1.83,6,forfeit,U,58,12th Pass,Ex Govt Employee,challenger,src-1b7bc1c9d39a
IN-AC-2008-assam-1749,assam,2011,117,LAHOWAL,GHANASHYAM MUNDA,,1392,1.64,7,forfeit,U,30,10th Pass,Party Worker,challenger,src-1b7bc1c9d39a
IN-AC-2008-assam-1749,assam,2011,117,LAHOWAL,PRAFULLA GOGOI,,1095,1.29,8,forfeit,U,39,8th Pass,,challenger,src-1b7bc1c9d39a
IN-AC-2008-assam-1748,assam,2011,118,DULIAJAN,AMIYA GOGOI,,39511,42.17,1,won,U,64,12th Pass,,challenger,src-1b7bc1c9d39a
IN-AC-2008-assam-1748,assam,2011,118,DULIAJAN,RAMESWAR TELI,,36175,38.61,2,lost,U,40,10th Pass,,incumbent,src-1b7bc1c9d39a
IN-AC-2008-assam-1748,assam,2011,118,DULIAJAN,HITESWAR PHUKAN,,9777,10.44,3,forfeit,U,40,12th Pass,,challenger,src-1b7bc1c9d39a
IN-AC-2008-assam-1748,assam,2011,118,DULIAJAN,PRONOB BORAH,,2617,2.79,4,forfeit,U,37,Graduate,School Teacher,challenger,src-1b7bc1c9d39a
IN-AC-2008-assam-1748,assam,2011,118,DULIAJAN,PULAK GOGOI,,2475,2.64,5,forfeit,U,36,Graduate,,challenger,src-1b7bc1c9d39a
IN-AC-2008-assam-1748,assam,2011,118,DULIAJAN,NAVAJYOTI KALITA,,1339,1.43,6,forfeit,U,33,10th Pass,,challenger,src-1b7bc1c9d39a
IN-AC-2008-assam-1748,assam,2011,118,DULIAJAN,BINA KONWER BARUAH,,898,0.96,7,forfeit,U,50,Graduate,,challenger,src-1b7bc1c9d39a
IN-AC-2008-assam-1748,assam,2011,118,DULIAJAN,RAJEN GOGOI,,896,0.96,8,forfeit,U,41,8th Pass,,challenger,src-1b7bc1c9d39a
IN-AC-2008-assam-1753,assam,2011,119,TINGKHONG,ATUWA MUNDA,,41839,48.96,1,won,U,49,Graduate,Ex MLA,challenger,src-1b7bc1c9d39a
IN-AC-2008-assam-1753,assam,2011,119,TINGKHONG,ANUP PHUKAN,,26315,30.8,2,lost,U,53,Post Graduate,MLA,incumbent,src-1b7bc1c9d39a
IN-AC-2008-assam-1753,assam,2011,119,TINGKHONG,DIPURANJAN MAKRARI,,13626,15.95,3,forfeit,U,39,Graduate,,challenger,src-1b7bc1c9d39a
IN-AC-2008-assam-1753,assam,2011,119,TINGKHONG,TUFAN GOWALA,,2306,2.7,4,forfeit,U,29,5th Pass,Carpenter,challenger,src-1b7bc1c9d39a
IN-AC-2008-assam-1753,assam,2011,119,TINGKHONG,KESHAB SAIKIA,,1364,1.6,5,forfeit,U,41,5th Pass,,crossover,src-1b7bc1c9d39a
IN-AC-2008-assam-1752,assam,2011,120,NAHARKATIA,PRANATI PHUKAN,,35373,41.58,1,won,U,47,Graduate,MLA,incumbent,src-1b7bc1c9d39a
IN-AC-2008-assam-1752,assam,2011,120,NAHARKATIA,NAREN SONOWAL,,20976,24.66,2,lost,U,51,10th Pass,"Contractor, Distributors",challenger,src-1b7bc1c9d39a
IN-AC-2008-assam-1752,assam,2011,120,NAHARKATIA,PRADIP BURAGOHAIN,,18917,22.24,3,lost,U,59,12th Pass,,challenger,src-1b7bc1c9d39a
IN-AC-2008-assam-1752,assam,2011,120,NAHARKATIA,SASHAKAMAL HANDIQUE,,2699,3.17,4,forfeit,U,72,Graduate,,challenger,src-1b7bc1c9d39a
IN-AC-2008-assam-1752,assam,2011,120,NAHARKATIA,KARTIK TANTI,,2498,2.94,5,forfeit,U,39,10th Pass,,challenger,src-1b7bc1c9d39a
IN-AC-2008-assam-1752,assam,2011,120,NAHARKATIA,TIRTHA GOGOI,,1714,2.01,6,forfeit,U,37,,,challenger,src-1b7bc1c9d39a
IN-AC-2008-assam-1752,assam,2011,120,NAHARKATIA,MOHENDRA DHADUMIA,,1554,1.83,7,forfeit,U,63,,,challenger,src-1b7bc1c9d39a
IN-AC-2008-assam-1752,assam,2011,120,NAHARKATIA,IMRANUDDIN AHMED,,1339,1.57,8,forfeit,U,43,12th Pass,,challenger,src-1b7bc1c9d39a
IN-AC-2008-assam-1803,assam,2011,121,CHABUA,RAJU SAHU,,38576,40.02,1,won,U,41,12th Pass,,incumbent,src-1b7bc1c9d39a
IN-AC-2008-assam-1803,assam,2011,121,CHABUA,BINOD HAZARIKA,,27468,28.5,2,lost,U,34,10th Pass,,challenger,src-1b7bc1c9d39a
IN-AC-2008-assam-1803,assam,2011,121,CHABUA,BHABEN BARUAH,,19716,20.45,3,lost,U,52,12th Pass,Ex MLA,challenger,src-1b7bc1c9d39a
IN-AC-2008-assam-1803,assam,2011,121,CHABUA,GONGARAM KOUL,,3042,3.16,4,forfeit,U,41,Graduate,Party Worker,challenger,src-1b7bc1c9d39a
IN-AC-2008-assam-1803,assam,2011,121,CHABUA,KARTICK SAMASHI,,2804,2.91,5,forfeit,U,33,10th Pass,Ex MLA,challenger,src-1b7bc1c9d39a
IN-AC-2008-assam-1803,assam,2011,121,CHABUA,PRAKASH TANTI,,2271,2.36,6,forfeit,U,39,10th Pass,,challenger,src-1b7bc1c9d39a
IN-AC-2008-assam-1803,assam,2011,121,CHABUA,HARENDRA NATH SAIKIA,,1286,1.33,7,forfeit,U,45,12th Pass,,challenger,src-1b7bc1c9d39a
IN-AC-2008-assam-1803,assam,2011,121,CHABUA,SUMIT KUMAR TIWARI,,1225,1.27,8,forfeit,U,26,8th Pass,,challenger,src-1b7bc1c9d39a
IN-AC-2008-assam-1754,assam,2011,122,TINSUKIA,RAJENDRA PRASAD SINGH,,41238,44.15,1,won,U,48,Graduate,Agricultural Business,incumbent,src-1b7bc1c9d39a
IN-AC-2008-assam-1754,assam,2011,122,TINSUKIA,SANJAY KISHAN,,29265,31.33,2,lost,U,41,10th Pass,,challenger,src-1b7bc1c9d39a
IN-AC-2008-assam-1754,assam,2011,122,TINSUKIA,MONORANJAN SHARMA,,15567,16.67,3,lost,U,47,12th Pass,Trader,challenger,src-1b7bc1c9d39a
IN-AC-2008-assam-1754,assam,2011,122,TINSUKIA,RAJEN BARUA,,3020,3.23,4,forfeit,U,61,,,crossover,src-1b7bc1c9d39a
IN-AC-2008-assam-1754,assam,2011,122,TINSUKIA,ANANTA HAZARIKA,,2224,2.38,5,forfeit,U,42,10th Pass,,challenger,src-1b7bc1c9d39a
IN-AC-2008-assam-1754,assam,2011,122,TINSUKIA,RAM NARAYAN SINGH,,2085,2.23,6,forfeit,U,45,Post Graduate,,challenger,src-1b7bc1c9d39a
IN-AC-2008-assam-1747,assam,2011,123,DIGBOI,RAMESWAR DHANOWAR,,38663,50.04,1,won,U,73,,Activist,incumbent,src-1b7bc1c9d39a
IN-AC-2008-assam-1747,assam,2011,123,DIGBOI,SUREN PHUKAN,,27905,36.11,2,lost,U,41,10th Pass,,crossover,src-1b7bc1c9d39a
IN-AC-2008-assam-1747,assam,2011,123,DIGBOI,BHULEN BORUAH,,6253,8.09,3,forfeit,U,40,Graduate,,challenger,src-1b7bc1c9d39a
IN-AC-2008-assam-1747,assam,2011,123,DIGBOI,CHANDAN BAGH,,2514,3.25,4,forfeit,U,39,,,challenger,src-1b7bc1c9d39a
IN-AC-2008-assam-1747,assam,2011,123,DIGBOI,ALOK ROY,,1936,2.51,5,forfeit,U,42,Others,,challenger,src-1b7bc1c9d39a
IN-AC-2008-assam-1750,assam,2011,124,MARGHERITA,PRADYUT BORDOLOI,,57615,52.15,1,won,U,52,Post Graduate,Self-employed,incumbent,src-1b7bc1c9d39a
IN-AC-2008-assam-1750,assam,2011,124,MARGHERITA,KAMAKHYA TASA,,41006,37.11,2,lost,U,35,Post Graduate,,challenger,src-1b7bc1c9d39a
IN-AC-2008-assam-1750,assam,2011,124,MARGHERITA,SUREN PHUKON,,7066,6.4,3,forfeit,U,59,10th Pass,Private Company,challenger,src-1b7bc1c9d39a
IN-AC-2008-assam-1750,assam,2011,124,MARGHERITA,JOIKRISHNA TANTI,,2923,2.65,4,forfeit,U,60,,Retired or Pension,challenger,src-1b7bc1c9d39a
IN-AC-2008-assam-1750,assam,2011,124,MARGHERITA,ABANI MOHAN MEDHI,,1874,1.7,5,forfeit,U,36,,,challenger,src-1b7bc1c9d39a
IN-AC-2008-assam-1806,assam,2011,125,DOOM DOOMA,DILIP MORAN,,31709,37,1,won,U,44,12th Pass,Unspecified,challenger,src-1b7bc1c9d39a
IN-AC-2008-assam-1806,assam,2011,125,DOOM DOOMA,RUPESH GOWALA,,27053,31.57,2,lost,U,33,Graduate,Trader,challenger,src-1b7bc1c9d39a
IN-AC-2008-assam-1806,assam,2011,125,DOOM DOOMA,DURGA BHUMIJ,,16971,19.8,3,lost,U,43,Graduate,,incumbent,src-1b7bc1c9d39a
IN-AC-2008-assam-1806,assam,2011,125,DOOM DOOMA,BHABO KANTO CHUTIA,,4072,4.75,4,forfeit,U,45,8th Pass,,challenger,src-1b7bc1c9d39a
IN-AC-2008-assam-1806,assam,2011,125,DOOM DOOMA,MANOJ MANKI,,2944,3.44,5,forfeit,U,49,12th Pass,,challenger,src-1b7bc1c9d39a
IN-AC-2008-assam-1806,assam,2011,125,DOOM DOOMA,BHAGWAN TANTI,,1510,1.76,6,forfeit,U,68,,,challenger,src-1b7bc1c9d39a
IN-AC-2008-assam-1806,assam,2011,125,DOOM DOOMA,BHARAT YADAV,,1432,1.67,7,forfeit,U,44,10th Pass,,challenger,src-1b7bc1c9d39a
IN-AC-2008-assam-1811,assam,2011,126,SADIYA,BOLIN CHETIA,,46318,44.95,1,won,U,40,12th Pass,,incumbent,src-1b7bc1c9d39a
IN-AC-2008-assam-1811,assam,2011,126,SADIYA,JAGADISH BHUYAN,,39451,38.28,2,lost,U,45,Post Graduate,,challenger,src-1b7bc1c9d39a
IN-AC-2008-assam-1811,assam,2011,126,SADIYA,RUPSIKHA BARUAH,,7018,6.81,3,forfeit,U,31,Graduate,Self-employed,challenger,src-1b7bc1c9d39a
IN-AC-2008-assam-1811,assam,2011,126,SADIYA,LABHESWAR GOGOI,,4116,3.99,4,forfeit,U,51,Post Graduate,,challenger,src-1b7bc1c9d39a
IN-AC-2008-assam-1811,assam,2011,126,SADIYA,GOPAL PRADHAN,,2607,2.53,5,forfeit,U,43,Graduate,,challenger,src-1b7bc1c9d39a
IN-AC-2008-assam-1811,assam,2011,126,SADIYA,ANUP PRATIM BORBARUAH,,1690,1.64,6,forfeit,U,43,Post Graduate,Home Teacher or Tuition,challenger,src-1b7bc1c9d39a
IN-AC-2008-assam-1811,assam,2011,126,SADIYA,LALIT DEORI,,994,0.96,7,forfeit,U,50,,,challenger,src-1b7bc1c9d39a
IN-AC-2008-assam-1811,assam,2011,126,SADIYA,DEBAJIT MORAN,,854,0.83,8,forfeit,U,31,12th Pass,,challenger,src-1b7bc1c9d39a
