entity_id,time,product,value,source_id
andaman-and-nicobar,2010,diesel-hsd,94,src-cba8334fedc5
andaman-and-nicobar,2010,kerosene,6,src-cba8334fedc5
andaman-and-nicobar,2010,lpg,6,src-cba8334fedc5
andaman-and-nicobar,2010,petrol,10,src-cba8334fedc5
andaman-and-nicobar,2011,diesel-hsd,90,src-cba8334fedc5
andaman-and-nicobar,2011,kerosene,6,src-cba8334fedc5
andaman-and-nicobar,2011,lpg,7,src-cba8334fedc5
andaman-and-nicobar,2011,petrol,10,src-cba8334fedc5
andaman-and-nicobar,2012,diesel-hsd,90,src-cba8334fedc5
andaman-and-nicobar,2012,kerosene,5,src-cba8334fedc5
andaman-and-nicobar,2012,lpg,7,src-cba8334fedc5
andaman-and-nicobar,2012,petrol,11,src-cba8334fedc5
andaman-and-nicobar,2013,diesel-hsd,116,src-cba8334fedc5
andaman-and-nicobar,2013,kerosene,5,src-cba8334fedc5
andaman-and-nicobar,2013,lpg,7,src-cba8334fedc5
andaman-and-nicobar,2013,petrol,12,src-cba8334fedc5
andaman-and-nicobar,2014,diesel-hsd,119.8,src-cba8334fedc5
andaman-and-nicobar,2014,kerosene,4,src-cba8334fedc5
andaman-and-nicobar,2014,lpg,7.9,src-cba8334fedc5
andaman-and-nicobar,2014,petrol,12,src-cba8334fedc5
andaman-and-nicobar,2015,diesel-hsd,124.3,src-cba8334fedc5
andaman-and-nicobar,2015,kerosene,5,src-cba8334fedc5
andaman-and-nicobar,2015,lpg,8.7,src-cba8334fedc5
andaman-and-nicobar,2015,petrol,14,src-cba8334fedc5
andaman-and-nicobar,2016,diesel-hsd,126.69,src-cba8334fedc5
andaman-and-nicobar,2016,kerosene,3.84835,src-cba8334fedc5
andaman-and-nicobar,2016,lpg,9.47,src-cba8334fedc5
andaman-and-nicobar,2016,petrol,15.1,src-cba8334fedc5
andaman-and-nicobar,2017,diesel-hsd,139.97,src-cba8334fedc5
andaman-and-nicobar,2017,kerosene,3.18,src-cba8334fedc5
andaman-and-nicobar,2017,lpg,10.23,src-cba8334fedc5
andaman-and-nicobar,2017,petrol,16.85,src-cba8334fedc5
andaman-and-nicobar,2018,diesel-hsd,149.246,src-cba8334fedc5
andaman-and-nicobar,2018,kerosene,2.988,src-cba8334fedc5
andaman-and-nicobar,2018,lpg,11.005,src-cba8334fedc5
andaman-and-nicobar,2018,petrol,18.059,src-cba8334fedc5
andaman-and-nicobar,2019,diesel-hsd,157.204,src-cba8334fedc5
andaman-and-nicobar,2019,kerosene,1.247,src-cba8334fedc5
andaman-and-nicobar,2019,lpg,12.172,src-cba8334fedc5
andaman-and-nicobar,2019,petrol,18.857834968107735,src-cba8334fedc5
andaman-and-nicobar,2020,diesel-hsd,132,src-cba8334fedc5
andaman-and-nicobar,2020,kerosene,0.1,src-cba8334fedc5
andaman-and-nicobar,2020,lpg,12.084144,src-cba8334fedc5
andaman-and-nicobar,2020,petrol,13.8,src-cba8334fedc5
andaman-and-nicobar,2021,diesel-hsd,141.87252038016535,src-cba8334fedc5
andaman-and-nicobar,2021,kerosene,0.027006,src-cba8334fedc5
andaman-and-nicobar,2021,lpg,13.071539000000001,src-cba8334fedc5
andaman-and-nicobar,2021,petrol,15.659900992204117,src-cba8334fedc5
andaman-and-nicobar,2022,diesel-hsd,162.76162390082652,src-cba8334fedc5
andaman-and-nicobar,2022,kerosene,0.02502551750972763,src-cba8334fedc5
andaman-and-nicobar,2022,lpg,13.551127999999993,src-cba8334fedc5
andaman-and-nicobar,2022,petrol,19.39346596739903,src-cba8334fedc5
andaman-and-nicobar,2023,diesel-hsd,160.81572233884302,src-cba8334fedc5
andaman-and-nicobar,2023,kerosene,0.039557143968871604,src-cba8334fedc5
andaman-and-nicobar,2023,lpg,13.835424000000001,src-cba8334fedc5
andaman-and-nicobar,2023,petrol,20.24133695960315,src-cba8334fedc5
andaman-and-nicobar,2024,diesel-hsd,179,src-cba8334fedc5
andaman-and-nicobar,2024,kerosene,0,src-cba8334fedc5
andaman-and-nicobar,2024,lpg,14.2,src-cba8334fedc5
andaman-and-nicobar,2024,petrol,21.8,src-cba8334fedc5
andhra-pradesh,2010,diesel-hsd,5752,src-cba8334fedc5
andhra-pradesh,2010,kerosene,466,src-cba8334fedc5
andhra-pradesh,2010,lpg,1232,src-cba8334fedc5
andhra-pradesh,2010,naphtha,63,src-cba8334fedc5
andhra-pradesh,2010,others,187,src-cba8334fedc5
andhra-pradesh,2010,petrol,1073,src-cba8334fedc5
andhra-pradesh,2011,diesel-hsd,6232,src-cba8334fedc5
andhra-pradesh,2011,kerosene,416,src-cba8334fedc5
andhra-pradesh,2011,lpg,1344,src-cba8334fedc5
andhra-pradesh,2011,naphtha,40,src-cba8334fedc5
andhra-pradesh,2011,others,196,src-cba8334fedc5
andhra-pradesh,2011,petrol,1169,src-cba8334fedc5
andhra-pradesh,2012,diesel-hsd,6583,src-cba8334fedc5
andhra-pradesh,2012,kerosene,364,src-cba8334fedc5
andhra-pradesh,2012,lpg,1410,src-cba8334fedc5
andhra-pradesh,2012,naphtha,48,src-cba8334fedc5
andhra-pradesh,2012,others,193,src-cba8334fedc5
andhra-pradesh,2012,petrol,1237,src-cba8334fedc5
andhra-pradesh,2013,diesel-hsd,6298,src-cba8334fedc5
andhra-pradesh,2013,kerosene,365,src-cba8334fedc5
andhra-pradesh,2013,lpg,1406,src-cba8334fedc5
andhra-pradesh,2013,naphtha,58,src-cba8334fedc5
andhra-pradesh,2013,others,137,src-cba8334fedc5
andhra-pradesh,2013,petrol,1370,src-cba8334fedc5
andhra-pradesh,2014,diesel-hsd,3650,src-cba8334fedc5
andhra-pradesh,2014,kerosene,228,src-cba8334fedc5
andhra-pradesh,2014,lpg,871.6,src-cba8334fedc5
andhra-pradesh,2014,naphtha,53,src-cba8334fedc5
andhra-pradesh,2014,others,153,src-cba8334fedc5
andhra-pradesh,2014,petrol,795,src-cba8334fedc5
andhra-pradesh,2015,diesel-hsd,3298.3,src-cba8334fedc5
andhra-pradesh,2015,kerosene,183,src-cba8334fedc5
andhra-pradesh,2015,lpg,923,src-cba8334fedc5
andhra-pradesh,2015,naphtha,48.2,src-cba8334fedc5
andhra-pradesh,2015,others,314,src-cba8334fedc5
andhra-pradesh,2015,petrol,845,src-cba8334fedc5
andhra-pradesh,2016,diesel-hsd,3467.36,src-cba8334fedc5
andhra-pradesh,2016,kerosene,151.32347000000004,src-cba8334fedc5
andhra-pradesh,2016,lpg,1014.42,src-cba8334fedc5
andhra-pradesh,2016,naphtha,29.42,src-cba8334fedc5
andhra-pradesh,2016,others,123.746,src-cba8334fedc5
andhra-pradesh,2016,petrol,944.52,src-cba8334fedc5
andhra-pradesh,2016,petroleum-coke,206.307,src-cba8334fedc5
andhra-pradesh,2017,diesel-hsd,3663.5,src-cba8334fedc5
andhra-pradesh,2017,kerosene,23.38,src-cba8334fedc5
andhra-pradesh,2017,lpg,1098.52,src-cba8334fedc5
andhra-pradesh,2017,naphtha,30.07,src-cba8334fedc5
andhra-pradesh,2017,others,167.216,src-cba8334fedc5
andhra-pradesh,2017,petrol,1061.75,src-cba8334fedc5
andhra-pradesh,2017,petroleum-coke,279.226,src-cba8334fedc5
andhra-pradesh,2018,diesel-hsd,3947.16,src-cba8334fedc5
andhra-pradesh,2018,kerosene,1.566,src-cba8334fedc5
andhra-pradesh,2018,lpg,1150.168,src-cba8334fedc5
andhra-pradesh,2018,naphtha,24.708,src-cba8334fedc5
andhra-pradesh,2018,others,221.803,src-cba8334fedc5
andhra-pradesh,2018,petrol,1161.894,src-cba8334fedc5
andhra-pradesh,2018,petroleum-coke,587.701,src-cba8334fedc5
andhra-pradesh,2019,diesel-hsd,3833.61,src-cba8334fedc5
andhra-pradesh,2019,kerosene,0.943,src-cba8334fedc5
andhra-pradesh,2019,lpg,1190.029,src-cba8334fedc5
andhra-pradesh,2019,naphtha,26.078,src-cba8334fedc5
andhra-pradesh,2019,others,189.34663255595913,src-cba8334fedc5
andhra-pradesh,2019,petrol,1278.3828914054761,src-cba8334fedc5
andhra-pradesh,2019,petroleum-coke,541.339,src-cba8334fedc5
andhra-pradesh,2020,diesel-hsd,3405.42,src-cba8334fedc5
andhra-pradesh,2020,kerosene,0.7,src-cba8334fedc5
andhra-pradesh,2020,lpg,1292.995190162001,src-cba8334fedc5
andhra-pradesh,2020,naphtha,26.5,src-cba8334fedc5
andhra-pradesh,2020,others,179.759165950869,src-cba8334fedc5
andhra-pradesh,2020,petrol,1321.9,src-cba8334fedc5
andhra-pradesh,2020,petroleum-coke,402.05586200000016,src-cba8334fedc5
andhra-pradesh,2021,diesel-hsd,3432.17933154989,src-cba8334fedc5
andhra-pradesh,2021,kerosene,0.7914356420233459,src-cba8334fedc5
andhra-pradesh,2021,lpg,1325.4649661539993,src-cba8334fedc5
andhra-pradesh,2021,naphtha,27.710039999999996,src-cba8334fedc5
andhra-pradesh,2021,others,193.44477807320854,src-cba8334fedc5
andhra-pradesh,2021,petrol,1419.4083263006448,src-cba8334fedc5
andhra-pradesh,2021,petroleum-coke,524.9,src-cba8334fedc5
andhra-pradesh,2022,diesel-hsd,3460.460646451187,src-cba8334fedc5
andhra-pradesh,2022,kerosene,1.8603837354085597,src-cba8334fedc5
andhra-pradesh,2022,lpg,1335.366756989999,src-cba8334fedc5
andhra-pradesh,2022,naphtha,23.69444,src-cba8334fedc5
andhra-pradesh,2022,others,178.61310517031114,src-cba8334fedc5
andhra-pradesh,2022,petrol,1504.167374978256,src-cba8334fedc5
andhra-pradesh,2022,petroleum-coke,774.9555630000004,src-cba8334fedc5
andhra-pradesh,2023,diesel-hsd,3639.501031501869,src-cba8334fedc5
andhra-pradesh,2023,kerosene,2.344745517509727,src-cba8334fedc5
andhra-pradesh,2023,lpg,1329.7348352230035,src-cba8334fedc5
andhra-pradesh,2023,naphtha,27.09938,src-cba8334fedc5
andhra-pradesh,2023,others,181.59359813360038,src-cba8334fedc5
andhra-pradesh,2023,petrol,1571.437365826828,src-cba8334fedc5
andhra-pradesh,2023,petroleum-coke,599.12554,src-cba8334fedc5
andhra-pradesh,2024,diesel-hsd,3512,src-cba8334fedc5
andhra-pradesh,2024,kerosene,2.1,src-cba8334fedc5
andhra-pradesh,2024,lpg,1359.8,src-cba8334fedc5
andhra-pradesh,2024,naphtha,20.5,src-cba8334fedc5
andhra-pradesh,2024,petrol,1627.3,src-cba8334fedc5
andhra-pradesh,2024,petroleum-coke,557.9,src-cba8334fedc5
arunachal-pradesh,2010,diesel-hsd,80,src-cba8334fedc5
arunachal-pradesh,2010,kerosene,14,src-cba8334fedc5
arunachal-pradesh,2010,lpg,13,src-cba8334fedc5
arunachal-pradesh,2010,others,1,src-cba8334fedc5
arunachal-pradesh,2010,petrol,19,src-cba8334fedc5
arunachal-pradesh,2011,diesel-hsd,87,src-cba8334fedc5
arunachal-pradesh,2011,kerosene,13,src-cba8334fedc5
arunachal-pradesh,2011,lpg,14,src-cba8334fedc5
arunachal-pradesh,2011,others,1,src-cba8334fedc5
arunachal-pradesh,2011,petrol,21,src-cba8334fedc5
arunachal-pradesh,2012,diesel-hsd,92,src-cba8334fedc5
arunachal-pradesh,2012,kerosene,15,src-cba8334fedc5
arunachal-pradesh,2012,lpg,13,src-cba8334fedc5
arunachal-pradesh,2012,others,0.1,src-cba8334fedc5
arunachal-pradesh,2012,petrol,23,src-cba8334fedc5
arunachal-pradesh,2013,diesel-hsd,105,src-cba8334fedc5
arunachal-pradesh,2013,kerosene,14,src-cba8334fedc5
arunachal-pradesh,2013,lpg,15,src-cba8334fedc5
arunachal-pradesh,2013,others,1,src-cba8334fedc5
arunachal-pradesh,2013,petrol,27,src-cba8334fedc5
arunachal-pradesh,2014,diesel-hsd,109,src-cba8334fedc5
arunachal-pradesh,2014,kerosene,15,src-cba8334fedc5
arunachal-pradesh,2014,lpg,15.6,src-cba8334fedc5
arunachal-pradesh,2014,petrol,28,src-cba8334fedc5
arunachal-pradesh,2015,diesel-hsd,118.5,src-cba8334fedc5
arunachal-pradesh,2015,kerosene,14,src-cba8334fedc5
arunachal-pradesh,2015,lpg,16.5,src-cba8334fedc5
arunachal-pradesh,2015,petrol,31,src-cba8334fedc5
arunachal-pradesh,2016,diesel-hsd,132.39,src-cba8334fedc5
arunachal-pradesh,2016,kerosene,13.198779999999994,src-cba8334fedc5
arunachal-pradesh,2016,lpg,17.84,src-cba8334fedc5
arunachal-pradesh,2016,others,0.084,src-cba8334fedc5
arunachal-pradesh,2016,petrol,35.41,src-cba8334fedc5
arunachal-pradesh,2017,diesel-hsd,146.42,src-cba8334fedc5
arunachal-pradesh,2017,kerosene,11.72,src-cba8334fedc5
arunachal-pradesh,2017,lpg,19.92,src-cba8334fedc5
arunachal-pradesh,2017,petrol,39.88,src-cba8334fedc5
arunachal-pradesh,2018,diesel-hsd,150.109,src-cba8334fedc5
arunachal-pradesh,2018,kerosene,11.975,src-cba8334fedc5
arunachal-pradesh,2018,lpg,21.639,src-cba8334fedc5
arunachal-pradesh,2018,others,0.031,src-cba8334fedc5
arunachal-pradesh,2018,petrol,46.15,src-cba8334fedc5
arunachal-pradesh,2019,diesel-hsd,161.495,src-cba8334fedc5
arunachal-pradesh,2019,kerosene,10.02,src-cba8334fedc5
arunachal-pradesh,2019,lpg,23.194,src-cba8334fedc5
arunachal-pradesh,2019,others,0.031120000000000002,src-cba8334fedc5
arunachal-pradesh,2019,petrol,51.77016924167251,src-cba8334fedc5
arunachal-pradesh,2020,diesel-hsd,174.87,src-cba8334fedc5
arunachal-pradesh,2020,kerosene,10.5,src-cba8334fedc5
arunachal-pradesh,2020,lpg,23.770035000000007,src-cba8334fedc5
arunachal-pradesh,2020,others,0.016762,src-cba8334fedc5
arunachal-pradesh,2020,petrol,50.6,src-cba8334fedc5
arunachal-pradesh,2021,diesel-hsd,192.45689342148768,src-cba8334fedc5
arunachal-pradesh,2021,kerosene,9.655831953307395,src-cba8334fedc5
arunachal-pradesh,2021,lpg,25.362636000000037,src-cba8334fedc5
arunachal-pradesh,2021,others,0.001006,src-cba8334fedc5
arunachal-pradesh,2021,petrol,55.40792729978736,src-cba8334fedc5
arunachal-pradesh,2022,diesel-hsd,227.00561523967025,src-cba8334fedc5
arunachal-pradesh,2022,kerosene,8.123611151750957,src-cba8334fedc5
arunachal-pradesh,2022,lpg,26.89626000000002,src-cba8334fedc5
arunachal-pradesh,2022,others,0.001006,src-cba8334fedc5
arunachal-pradesh,2022,petrol,66.70055512402557,src-cba8334fedc5
arunachal-pradesh,2023,diesel-hsd,244.5251241157033,src-cba8334fedc5
arunachal-pradesh,2023,kerosene,8.84036631906614,src-cba8334fedc5
arunachal-pradesh,2023,lpg,28.381815999999958,src-cba8334fedc5
arunachal-pradesh,2023,others,0.509,src-cba8334fedc5
arunachal-pradesh,2023,petrol,77.99412600283489,src-cba8334fedc5
arunachal-pradesh,2024,diesel-hsd,253,src-cba8334fedc5
arunachal-pradesh,2024,kerosene,8.5,src-cba8334fedc5
arunachal-pradesh,2024,lpg,29.8,src-cba8334fedc5
arunachal-pradesh,2024,petrol,89.7,src-cba8334fedc5
assam,2010,diesel-hsd,699,src-cba8334fedc5
assam,2010,kerosene,260,src-cba8334fedc5
assam,2010,lpg,204,src-cba8334fedc5
assam,2010,others,233,src-cba8334fedc5
assam,2010,petrol,149,src-cba8334fedc5
assam,2011,diesel-hsd,758,src-cba8334fedc5
assam,2011,kerosene,257,src-cba8334fedc5
assam,2011,lpg,216,src-cba8334fedc5
assam,2011,others,201,src-cba8334fedc5
assam,2011,petrol,164,src-cba8334fedc5
assam,2012,diesel-hsd,731,src-cba8334fedc5
assam,2012,kerosene,257,src-cba8334fedc5
assam,2012,lpg,212,src-cba8334fedc5
assam,2012,others,163,src-cba8334fedc5
assam,2012,petrol,168,src-cba8334fedc5
assam,2013,diesel-hsd,762,src-cba8334fedc5
assam,2013,kerosene,257,src-cba8334fedc5
assam,2013,lpg,238,src-cba8334fedc5
assam,2013,others,269,src-cba8334fedc5
assam,2013,petrol,190,src-cba8334fedc5
assam,2014,diesel-hsd,777.2,src-cba8334fedc5
assam,2014,kerosene,257,src-cba8334fedc5
assam,2014,lpg,267.1,src-cba8334fedc5
assam,2014,others,228,src-cba8334fedc5
assam,2014,petrol,220,src-cba8334fedc5
assam,2015,diesel-hsd,851.7,src-cba8334fedc5
assam,2015,kerosene,252,src-cba8334fedc5
assam,2015,lpg,294.7,src-cba8334fedc5
assam,2015,naphtha,25,src-cba8334fedc5
assam,2015,others,265,src-cba8334fedc5
assam,2015,petrol,267,src-cba8334fedc5
assam,2016,diesel-hsd,860.72,src-cba8334fedc5
assam,2016,kerosene,225.42199999999997,src-cba8334fedc5
assam,2016,lpg,324.98,src-cba8334fedc5
assam,2016,naphtha,58.322100000000006,src-cba8334fedc5
assam,2016,others,33.721,src-cba8334fedc5
assam,2016,petrol,307.82,src-cba8334fedc5
assam,2016,petroleum-coke,239.811,src-cba8334fedc5
assam,2017,diesel-hsd,925.5865599999994,src-cba8334fedc5
assam,2017,kerosene,192.01,src-cba8334fedc5
assam,2017,lpg,372.59,src-cba8334fedc5
assam,2017,naphtha,152.54083,src-cba8334fedc5
assam,2017,others,26.557,src-cba8334fedc5
assam,2017,petrol,356.75,src-cba8334fedc5
assam,2017,petroleum-coke,289.6,src-cba8334fedc5
assam,2018,diesel-hsd,984.561,src-cba8334fedc5
assam,2018,kerosene,190.145,src-cba8334fedc5
assam,2018,lpg,420.853,src-cba8334fedc5
assam,2018,naphtha,204.6,src-cba8334fedc5
assam,2018,others,18.872,src-cba8334fedc5
assam,2018,petrol,411.631,src-cba8334fedc5
assam,2018,petroleum-coke,267.012,src-cba8334fedc5
assam,2019,diesel-hsd,1023.8010742671939,src-cba8334fedc5
assam,2019,kerosene,138.814,src-cba8334fedc5
assam,2019,lpg,450.898,src-cba8334fedc5
assam,2019,naphtha,303.182383,src-cba8334fedc5
assam,2019,others,51.49254006951787,src-cba8334fedc5
assam,2019,petrol,445.1451335304964,src-cba8334fedc5
assam,2019,petroleum-coke,183.36138999999997,src-cba8334fedc5
assam,2020,diesel-hsd,904.01,src-cba8334fedc5
assam,2020,kerosene,120.3,src-cba8334fedc5
assam,2020,lpg,505.74646869999816,src-cba8334fedc5
assam,2020,naphtha,320.1,src-cba8334fedc5
assam,2020,others,44.34207131761537,src-cba8334fedc5
assam,2020,petrol,431.9,src-cba8334fedc5
assam,2020,petroleum-coke,205.93279000000004,src-cba8334fedc5
assam,2021,diesel-hsd,1122.9435358630856,src-cba8334fedc5
assam,2021,kerosene,92.31737287159528,src-cba8334fedc5
assam,2021,lpg,486.32033380000024,src-cba8334fedc5
assam,2021,naphtha,297.42463799999996,src-cba8334fedc5
assam,2021,others,39.33457015545341,src-cba8334fedc5
assam,2021,petrol,510.00191794296205,src-cba8334fedc5
assam,2021,petroleum-coke,182.28362999999996,src-cba8334fedc5
assam,2022,diesel-hsd,1327.5294485535078,src-cba8334fedc5
assam,2022,kerosene,10.670526536964953,src-cba8334fedc5
assam,2022,lpg,509.3977180000008,src-cba8334fedc5
assam,2022,naphtha,217.482166,src-cba8334fedc5
assam,2022,others,44.748291792262265,src-cba8334fedc5
assam,2022,petrol,611.2136631246084,src-cba8334fedc5
assam,2022,petroleum-coke,184.03231000000002,src-cba8334fedc5
assam,2023,diesel-hsd,1312.1991882472048,src-cba8334fedc5
assam,2023,kerosene,8.812208544747065,src-cba8334fedc5
assam,2023,lpg,536.1690585120009,src-cba8334fedc5
assam,2023,naphtha,260.11726300000004,src-cba8334fedc5
assam,2023,others,37.904056054789734,src-cba8334fedc5
assam,2023,petrol,668.1388142277524,src-cba8334fedc5
assam,2023,petroleum-coke,158.57202,src-cba8334fedc5
assam,2024,diesel-hsd,1278,src-cba8334fedc5
assam,2024,kerosene,4.7,src-cba8334fedc5
assam,2024,lpg,614.5,src-cba8334fedc5
assam,2024,naphtha,306.7,src-cba8334fedc5
assam,2024,petrol,720.1,src-cba8334fedc5
assam,2024,petroleum-coke,158.8,src-cba8334fedc5
bihar,2010,diesel-hsd,1854,src-cba8334fedc5
bihar,2010,kerosene,638,src-cba8334fedc5
bihar,2010,lpg,370,src-cba8334fedc5
bihar,2010,others,195,src-cba8334fedc5
bihar,2010,petrol,271,src-cba8334fedc5
bihar,2011,diesel-hsd,1951,src-cba8334fedc5
bihar,2011,kerosene,635,src-cba8334fedc5
bihar,2011,lpg,441,src-cba8334fedc5
bihar,2011,others,171,src-cba8334fedc5
bihar,2011,petrol,297,src-cba8334fedc5
bihar,2012,diesel-hsd,2030,src-cba8334fedc5
bihar,2012,kerosene,634,src-cba8334fedc5
bihar,2012,lpg,474,src-cba8334fedc5
bihar,2012,others,133,src-cba8334fedc5
bihar,2012,petrol,322,src-cba8334fedc5
bihar,2013,diesel-hsd,2024,src-cba8334fedc5
bihar,2013,kerosene,627,src-cba8334fedc5
bihar,2013,lpg,553,src-cba8334fedc5
bihar,2013,others,146,src-cba8334fedc5
bihar,2013,petrol,375,src-cba8334fedc5
bihar,2014,diesel-hsd,1980.6,src-cba8334fedc5
bihar,2014,kerosene,626,src-cba8334fedc5
bihar,2014,lpg,665.9,src-cba8334fedc5
bihar,2014,others,172,src-cba8334fedc5
bihar,2014,petrol,432,src-cba8334fedc5
bihar,2015,diesel-hsd,2254.8,src-cba8334fedc5
bihar,2015,kerosene,619,src-cba8334fedc5
bihar,2015,lpg,768.9,src-cba8334fedc5
bihar,2015,others,165,src-cba8334fedc5
bihar,2015,petrol,545,src-cba8334fedc5
bihar,2016,diesel-hsd,2183.998,src-cba8334fedc5
bihar,2016,kerosene,549.0395900000002,src-cba8334fedc5
bihar,2016,lpg,943.93,src-cba8334fedc5
bihar,2016,others,8.595,src-cba8334fedc5
bihar,2016,petrol,610.14,src-cba8334fedc5
bihar,2016,petroleum-coke,168.046,src-cba8334fedc5
bihar,2017,diesel-hsd,2278.4,src-cba8334fedc5
bihar,2017,kerosene,381.69,src-cba8334fedc5
bihar,2017,lpg,1127.6,src-cba8334fedc5
bihar,2017,others,5.368,src-cba8334fedc5
bihar,2017,petrol,697.03,src-cba8334fedc5
bihar,2017,petroleum-coke,188.6,src-cba8334fedc5
bihar,2018,diesel-hsd,2441.78,src-cba8334fedc5
bihar,2018,kerosene,256.592,src-cba8334fedc5
bihar,2018,lpg,1234.835,src-cba8334fedc5
bihar,2018,others,6.354,src-cba8334fedc5
bihar,2018,petrol,793.003,src-cba8334fedc5
bihar,2018,petroleum-coke,188.573,src-cba8334fedc5
bihar,2019,diesel-hsd,2366.717,src-cba8334fedc5
bihar,2019,kerosene,189.935,src-cba8334fedc5
bihar,2019,lpg,1404.387,src-cba8334fedc5
bihar,2019,others,5.650807969999999,src-cba8334fedc5
bihar,2019,petrol,852.051594168503,src-cba8334fedc5
bihar,2019,petroleum-coke,194.41858000000002,src-cba8334fedc5
bihar,2020,diesel-hsd,2136.6,src-cba8334fedc5
bihar,2020,kerosene,165.4,src-cba8334fedc5
bihar,2020,lpg,1642.9933540800107,src-cba8334fedc5
bihar,2020,others,5.7019541290322575,src-cba8334fedc5
bihar,2020,petrol,848.9,src-cba8334fedc5
bihar,2020,petroleum-coke,198.03688999999994,src-cba8334fedc5
bihar,2021,diesel-hsd,2055.1456471049405,src-cba8334fedc5
bihar,2021,kerosene,132.18429929182835,src-cba8334fedc5
bihar,2021,lpg,1624.9763297399993,src-cba8334fedc5
bihar,2021,others,4.968648999999999,src-cba8334fedc5
bihar,2021,petrol,926.6854533517591,src-cba8334fedc5
bihar,2021,petroleum-coke,155.01899999999998,src-cba8334fedc5
bihar,2022,diesel-hsd,2398.44577551725,src-cba8334fedc5
bihar,2022,kerosene,37.735013377431855,src-cba8334fedc5
bihar,2022,lpg,1528.3411805199987,src-cba8334fedc5
bihar,2022,others,7.6986979999999985,src-cba8334fedc5
bihar,2022,petrol,1034.2516683687422,src-cba8334fedc5
bihar,2022,petroleum-coke,185.18720000000002,src-cba8334fedc5
bihar,2023,diesel-hsd,2366.8596460658987,src-cba8334fedc5
bihar,2023,kerosene,19.343671673151732,src-cba8334fedc5
bihar,2023,lpg,1607.1991937850019,src-cba8334fedc5
bihar,2023,others,17.053507209999992,src-cba8334fedc5
bihar,2023,petrol,1081.6997675628238,src-cba8334fedc5
bihar,2023,petroleum-coke,240.10345,src-cba8334fedc5
bihar,2024,diesel-hsd,2445,src-cba8334fedc5
bihar,2024,kerosene,5.9,src-cba8334fedc5
bihar,2024,lpg,1736.5,src-cba8334fedc5
bihar,2024,petrol,1161.2,src-cba8334fedc5
bihar,2024,petroleum-coke,238.7,src-cba8334fedc5
chandigarh,2010,diesel-hsd,77,src-cba8334fedc5
chandigarh,2010,kerosene,7,src-cba8334fedc5
chandigarh,2010,lpg,43,src-cba8334fedc5
chandigarh,2010,others,9,src-cba8334fedc5
chandigarh,2010,petrol,91,src-cba8334fedc5
chandigarh,2011,diesel-hsd,73,src-cba8334fedc5
chandigarh,2011,kerosene,6,src-cba8334fedc5
chandigarh,2011,lpg,45,src-cba8334fedc5
chandigarh,2011,others,8,src-cba8334fedc5
chandigarh,2011,petrol,88,src-cba8334fedc5
chandigarh,2012,diesel-hsd,75,src-cba8334fedc5
chandigarh,2012,kerosene,3,src-cba8334fedc5
chandigarh,2012,lpg,42,src-cba8334fedc5
chandigarh,2012,others,2,src-cba8334fedc5
chandigarh,2012,petrol,83,src-cba8334fedc5
chandigarh,2013,diesel-hsd,71,src-cba8334fedc5
chandigarh,2013,kerosene,3,src-cba8334fedc5
chandigarh,2013,lpg,41,src-cba8334fedc5
chandigarh,2013,others,75,src-cba8334fedc5
chandigarh,2013,petrol,82,src-cba8334fedc5
chandigarh,2014,diesel-hsd,83,src-cba8334fedc5
chandigarh,2014,kerosene,2,src-cba8334fedc5
chandigarh,2014,lpg,42.3,src-cba8334fedc5
chandigarh,2014,others,97,src-cba8334fedc5
chandigarh,2014,petrol,85,src-cba8334fedc5
chandigarh,2015,diesel-hsd,115,src-cba8334fedc5
chandigarh,2015,kerosene,1,src-cba8334fedc5
chandigarh,2015,lpg,45.7,src-cba8334fedc5
chandigarh,2015,others,63,src-cba8334fedc5
chandigarh,2015,petrol,101,src-cba8334fedc5
chandigarh,2016,diesel-hsd,102.07113000000001,src-cba8334fedc5
chandigarh,2016,kerosene,0.06537,src-cba8334fedc5
chandigarh,2016,lpg,52.2,src-cba8334fedc5
chandigarh,2016,others,1.899,src-cba8334fedc5
chandigarh,2016,petrol,96.89,src-cba8334fedc5
chandigarh,2016,petroleum-coke,88.266,src-cba8334fedc5
chandigarh,2017,diesel-hsd,130.13,src-cba8334fedc5
chandigarh,2017,kerosene,0.17,src-cba8334fedc5
chandigarh,2017,lpg,55.07,src-cba8334fedc5
chandigarh,2017,others,1.846,src-cba8334fedc5
chandigarh,2017,petrol,104.57,src-cba8334fedc5
chandigarh,2017,petroleum-coke,94.337,src-cba8334fedc5
chandigarh,2018,diesel-hsd,192.417,src-cba8334fedc5
chandigarh,2018,kerosene,0.211,src-cba8334fedc5
chandigarh,2018,lpg,55.702,src-cba8334fedc5
chandigarh,2018,others,0.381,src-cba8334fedc5
chandigarh,2018,petrol,122.648,src-cba8334fedc5
chandigarh,2018,petroleum-coke,28.414,src-cba8334fedc5
chandigarh,2019,diesel-hsd,197.686,src-cba8334fedc5
chandigarh,2019,kerosene,0.055,src-cba8334fedc5
chandigarh,2019,lpg,56.384,src-cba8334fedc5
chandigarh,2019,others,0.07854,src-cba8334fedc5
chandigarh,2019,petrol,126.79703653437278,src-cba8334fedc5
chandigarh,2019,petroleum-coke,21.753337000000002,src-cba8334fedc5
chandigarh,2020,diesel-hsd,126.5918,src-cba8334fedc5
chandigarh,2020,kerosene,0.1,src-cba8334fedc5
chandigarh,2020,lpg,46.53917899999999,src-cba8334fedc5
chandigarh,2020,others,0.074658,src-cba8334fedc5
chandigarh,2020,petrol,91.4,src-cba8334fedc5
chandigarh,2020,petroleum-coke,10.3062,src-cba8334fedc5
chandigarh,2021,diesel-hsd,171.0287436859507,src-cba8334fedc5
chandigarh,2021,kerosene,0.093384046692607,src-cba8334fedc5
chandigarh,2021,lpg,52.643279,src-cba8334fedc5
chandigarh,2021,others,0.12105099999999999,src-cba8334fedc5
chandigarh,2021,petrol,110.02161361445786,src-cba8334fedc5
chandigarh,2021,petroleum-coke,1.8127000000000002,src-cba8334fedc5
chandigarh,2022,diesel-hsd,210.56432012396706,src-cba8334fedc5
chandigarh,2022,kerosene,0.0744910505836576,src-cba8334fedc5
chandigarh,2022,lpg,55.14430060000003,src-cba8334fedc5
chandigarh,2022,others,0.0542,src-cba8334fedc5
chandigarh,2022,petrol,114.36167312544296,src-cba8334fedc5
chandigarh,2022,petroleum-coke,2.9336900000000004,src-cba8334fedc5
chandigarh,2023,diesel-hsd,244.5845400909093,src-cba8334fedc5
chandigarh,2023,kerosene,0.1540818754863813,src-cba8334fedc5
chandigarh,2023,lpg,54.469229469999995,src-cba8334fedc5
chandigarh,2023,others,0.07213,src-cba8334fedc5
chandigarh,2023,petrol,119.78304776045363,src-cba8334fedc5
chandigarh,2023,petroleum-coke,14.2899,src-cba8334fedc5
chandigarh,2024,diesel-hsd,257,src-cba8334fedc5
chandigarh,2024,kerosene,0.2,src-cba8334fedc5
chandigarh,2024,lpg,55.8,src-cba8334fedc5
chandigarh,2024,petrol,129.4,src-cba8334fedc5
chandigarh,2024,petroleum-coke,9.9,src-cba8334fedc5
chhattisgarh,2010,diesel-hsd,996,src-cba8334fedc5
chhattisgarh,2010,kerosene,145,src-cba8334fedc5
chhattisgarh,2010,lpg,135,src-cba8334fedc5
chhattisgarh,2010,others,19,src-cba8334fedc5
chhattisgarh,2010,petrol,233,src-cba8334fedc5
chhattisgarh,2011,diesel-hsd,1093,src-cba8334fedc5
chhattisgarh,2011,kerosene,145,src-cba8334fedc5
chhattisgarh,2011,lpg,148,src-cba8334fedc5
chhattisgarh,2011,others,18,src-cba8334fedc5
chhattisgarh,2011,petrol,254,src-cba8334fedc5
chhattisgarh,2012,diesel-hsd,1154,src-cba8334fedc5
chhattisgarh,2012,kerosene,136,src-cba8334fedc5
chhattisgarh,2012,lpg,149,src-cba8334fedc5
chhattisgarh,2012,others,218,src-cba8334fedc5
chhattisgarh,2012,petrol,271,src-cba8334fedc5
chhattisgarh,2013,diesel-hsd,1237,src-cba8334fedc5
chhattisgarh,2013,kerosene,136,src-cba8334fedc5
chhattisgarh,2013,lpg,156,src-cba8334fedc5
chhattisgarh,2013,others,251,src-cba8334fedc5
chhattisgarh,2013,petrol,310,src-cba8334fedc5
chhattisgarh,2014,diesel-hsd,1302,src-cba8334fedc5
chhattisgarh,2014,kerosene,131,src-cba8334fedc5
chhattisgarh,2014,lpg,177.3,src-cba8334fedc5
chhattisgarh,2014,others,228,src-cba8334fedc5
chhattisgarh,2014,petrol,357,src-cba8334fedc5
chhattisgarh,2015,diesel-hsd,1461,src-cba8334fedc5
chhattisgarh,2015,kerosene,124,src-cba8334fedc5
chhattisgarh,2015,lpg,197.7,src-cba8334fedc5
chhattisgarh,2015,others,232,src-cba8334fedc5
chhattisgarh,2015,petrol,418,src-cba8334fedc5
chhattisgarh,2016,diesel-hsd,1494.93,src-cba8334fedc5
chhattisgarh,2016,kerosene,94.83089,src-cba8334fedc5
chhattisgarh,2016,lpg,232.44,src-cba8334fedc5
chhattisgarh,2016,others,24.841,src-cba8334fedc5
chhattisgarh,2016,petrol,452.81,src-cba8334fedc5
chhattisgarh,2016,petroleum-coke,213.255,src-cba8334fedc5
chhattisgarh,2017,diesel-hsd,1649.460009999998,src-cba8334fedc5
chhattisgarh,2017,kerosene,72.33,src-cba8334fedc5
chhattisgarh,2017,lpg,257.39,src-cba8334fedc5
chhattisgarh,2017,others,27.909,src-cba8334fedc5
chhattisgarh,2017,petrol,517.83,src-cba8334fedc5
chhattisgarh,2017,petroleum-coke,602.16,src-cba8334fedc5
chhattisgarh,2018,diesel-hsd,1698.782,src-cba8334fedc5
chhattisgarh,2018,kerosene,71.456,src-cba8334fedc5
chhattisgarh,2018,lpg,272.525,src-cba8334fedc5
chhattisgarh,2018,others,30.315,src-cba8334fedc5
chhattisgarh,2018,petrol,559.642,src-cba8334fedc5
chhattisgarh,2018,petroleum-coke,927.029,src-cba8334fedc5
chhattisgarh,2019,diesel-hsd,1648.218,src-cba8334fedc5
chhattisgarh,2019,kerosene,54.08,src-cba8334fedc5
chhattisgarh,2019,lpg,294.81,src-cba8334fedc5
chhattisgarh,2019,others,25.767062044838656,src-cba8334fedc5
chhattisgarh,2019,petrol,613.1378738385614,src-cba8334fedc5
chhattisgarh,2019,petroleum-coke,633.9714929999999,src-cba8334fedc5
chhattisgarh,2020,diesel-hsd,1607.66,src-cba8334fedc5
chhattisgarh,2020,kerosene,43.8,src-cba8334fedc5
chhattisgarh,2020,lpg,344.2098990199987,src-cba8334fedc5
chhattisgarh,2020,others,27.52930970457536,src-cba8334fedc5
chhattisgarh,2020,petrol,604.3,src-cba8334fedc5
chhattisgarh,2020,petroleum-coke,395.5212320000001,src-cba8334fedc5
chhattisgarh,2021,diesel-hsd,1656.8547297676212,src-cba8334fedc5
chhattisgarh,2021,kerosene,34.36986592996103,src-cba8334fedc5
chhattisgarh,2021,lpg,331.98722317,src-cba8334fedc5
chhattisgarh,2021,others,31.89105309895288,src-cba8334fedc5
chhattisgarh,2021,petrol,660.891276105466,src-cba8334fedc5
chhattisgarh,2021,petroleum-coke,442.3,src-cba8334fedc5
chhattisgarh,2022,diesel-hsd,1930.3168402820538,src-cba8334fedc5
chhattisgarh,2022,kerosene,7.747011649805436,src-cba8334fedc5
chhattisgarh,2022,lpg,330.15002292000116,src-cba8334fedc5
chhattisgarh,2022,others,32.702049757360484,src-cba8334fedc5
chhattisgarh,2022,petrol,743.3824057890749,src-cba8334fedc5
chhattisgarh,2022,petroleum-coke,595.12823,src-cba8334fedc5
chhattisgarh,2023,diesel-hsd,2125.5739803207043,src-cba8334fedc5
chhattisgarh,2023,kerosene,5.13765119299611,src-cba8334fedc5
chhattisgarh,2023,lpg,346.2385524770017,src-cba8334fedc5
chhattisgarh,2023,others,33.73335878808061,src-cba8334fedc5
chhattisgarh,2023,petrol,798.1460083650384,src-cba8334fedc5
chhattisgarh,2023,petroleum-coke,457.1877099999998,src-cba8334fedc5
chhattisgarh,2024,diesel-hsd,2318,src-cba8334fedc5
chhattisgarh,2024,kerosene,2.9,src-cba8334fedc5
chhattisgarh,2024,lpg,392.5,src-cba8334fedc5
chhattisgarh,2024,petrol,881.4,src-cba8334fedc5
chhattisgarh,2024,petroleum-coke,289.2,src-cba8334fedc5
dadra-and-nagar-haveli-and-daman-and-diu,2010,diesel-hsd,57,src-cba8334fedc5
dadra-and-nagar-haveli-and-daman-and-diu,2010,kerosene,2,src-cba8334fedc5
dadra-and-nagar-haveli-and-daman-and-diu,2010,lpg,7,src-cba8334fedc5
dadra-and-nagar-haveli-and-daman-and-diu,2010,others,3,src-cba8334fedc5
dadra-and-nagar-haveli-and-daman-and-diu,2010,petrol,14,src-cba8334fedc5
dadra-and-nagar-haveli-and-daman-and-diu,2011,diesel-hsd,63,src-cba8334fedc5
dadra-and-nagar-haveli-and-daman-and-diu,2011,kerosene,2,src-cba8334fedc5
dadra-and-nagar-haveli-and-daman-and-diu,2011,lpg,8,src-cba8334fedc5
dadra-and-nagar-haveli-and-daman-and-diu,2011,others,2,src-cba8334fedc5
dadra-and-nagar-haveli-and-daman-and-diu,2011,petrol,15,src-cba8334fedc5
dadra-and-nagar-haveli-and-daman-and-diu,2012,diesel-hsd,77,src-cba8334fedc5
dadra-and-nagar-haveli-and-daman-and-diu,2012,kerosene,1,src-cba8334fedc5
dadra-and-nagar-haveli-and-daman-and-diu,2012,lpg,9,src-cba8334fedc5
dadra-and-nagar-haveli-and-daman-and-diu,2012,others,3,src-cba8334fedc5
dadra-and-nagar-haveli-and-daman-and-diu,2012,petrol,16,src-cba8334fedc5
dadra-and-nagar-haveli-and-daman-and-diu,2013,diesel-hsd,87,src-cba8334fedc5
dadra-and-nagar-haveli-and-daman-and-diu,2013,kerosene,1,src-cba8334fedc5
dadra-and-nagar-haveli-and-daman-and-diu,2013,lpg,9,src-cba8334fedc5
dadra-and-nagar-haveli-and-daman-and-diu,2013,others,2,src-cba8334fedc5
dadra-and-nagar-haveli-and-daman-and-diu,2013,petrol,16,src-cba8334fedc5
dadra-and-nagar-haveli-and-daman-and-diu,2014,diesel-hsd,85,src-cba8334fedc5
dadra-and-nagar-haveli-and-daman-and-diu,2014,kerosene,1,src-cba8334fedc5
dadra-and-nagar-haveli-and-daman-and-diu,2014,lpg,8.9,src-cba8334fedc5
dadra-and-nagar-haveli-and-daman-and-diu,2014,others,4,src-cba8334fedc5
dadra-and-nagar-haveli-and-daman-and-diu,2014,petrol,16,src-cba8334fedc5
dadra-and-nagar-haveli-and-daman-and-diu,2015,diesel-hsd,81,src-cba8334fedc5
dadra-and-nagar-haveli-and-daman-and-diu,2015,kerosene,1,src-cba8334fedc5
dadra-and-nagar-haveli-and-daman-and-diu,2015,lpg,8.5,src-cba8334fedc5
dadra-and-nagar-haveli-and-daman-and-diu,2015,others,3,src-cba8334fedc5
dadra-and-nagar-haveli-and-daman-and-diu,2015,petrol,19,src-cba8334fedc5
dadra-and-nagar-haveli-and-daman-and-diu,2016,diesel-hsd,102.44,src-cba8334fedc5
dadra-and-nagar-haveli-and-daman-and-diu,2016,kerosene,0.43,src-cba8334fedc5
dadra-and-nagar-haveli-and-daman-and-diu,2016,lpg,10.04,src-cba8334fedc5
dadra-and-nagar-haveli-and-daman-and-diu,2016,others,4.691,src-cba8334fedc5
dadra-and-nagar-haveli-and-daman-and-diu,2016,petrol,20.57,src-cba8334fedc5
dadra-and-nagar-haveli-and-daman-and-diu,2016,petroleum-coke,0.472,src-cba8334fedc5
dadra-and-nagar-haveli-and-daman-and-diu,2017,diesel-hsd,113.29,src-cba8334fedc5
dadra-and-nagar-haveli-and-daman-and-diu,2017,kerosene,0.16,src-cba8334fedc5
dadra-and-nagar-haveli-and-daman-and-diu,2017,lpg,10.88,src-cba8334fedc5
dadra-and-nagar-haveli-and-daman-and-diu,2017,others,3.082,src-cba8334fedc5
dadra-and-nagar-haveli-and-daman-and-diu,2017,petrol,21.31,src-cba8334fedc5
dadra-and-nagar-haveli-and-daman-and-diu,2018,diesel-hsd,109.711,src-cba8334fedc5
dadra-and-nagar-haveli-and-daman-and-diu,2018,kerosene,0.249,src-cba8334fedc5
dadra-and-nagar-haveli-and-daman-and-diu,2018,lpg,10.873,src-cba8334fedc5
dadra-and-nagar-haveli-and-daman-and-diu,2018,others,2.976,src-cba8334fedc5
dadra-and-nagar-haveli-and-daman-and-diu,2018,petrol,20.664,src-cba8334fedc5
dadra-and-nagar-haveli-and-daman-and-diu,2019,diesel-hsd,234.00799999999998,src-cba8334fedc5
dadra-and-nagar-haveli-and-daman-and-diu,2019,kerosene,0.14,src-cba8334fedc5
dadra-and-nagar-haveli-and-daman-and-diu,2019,lpg,31.292,src-cba8334fedc5
dadra-and-nagar-haveli-and-daman-and-diu,2019,others,6.909707516721079,src-cba8334fedc5
dadra-and-nagar-haveli-and-daman-and-diu,2019,petrol,38.932,src-cba8334fedc5
dadra-and-nagar-haveli-and-daman-and-diu,2020,diesel-hsd,162,src-cba8334fedc5
dadra-and-nagar-haveli-and-daman-and-diu,2020,kerosene,0.02,src-cba8334fedc5
dadra-and-nagar-haveli-and-daman-and-diu,2020,lpg,30.5,src-cba8334fedc5
dadra-and-nagar-haveli-and-daman-and-diu,2020,others,9.29,src-cba8334fedc5
dadra-and-nagar-haveli-and-daman-and-diu,2020,petrol,30,src-cba8334fedc5
dadra-and-nagar-haveli-and-daman-and-diu,2021,diesel-hsd,174.9999999999998,src-cba8334fedc5
dadra-and-nagar-haveli-and-daman-and-diu,2021,lpg,29.20682165000002,src-cba8334fedc5
dadra-and-nagar-haveli-and-daman-and-diu,2021,others,20.65457627349601,src-cba8334fedc5
dadra-and-nagar-haveli-and-daman-and-diu,2021,petrol,38.6282349751949,src-cba8334fedc5
dadra-and-nagar-haveli-and-daman-and-diu,2022,diesel-hsd,212.7313522975206,src-cba8334fedc5
dadra-and-nagar-haveli-and-daman-and-diu,2022,lpg,33.15225205,src-cba8334fedc5
dadra-and-nagar-haveli-and-daman-and-diu,2022,others,5.029804286,src-cba8334fedc5
dadra-and-nagar-haveli-and-daman-and-diu,2022,petrol,44.16589089,src-cba8334fedc5
dadra-and-nagar-haveli-and-daman-and-diu,2023,diesel-hsd,182.6402324793387,src-cba8334fedc5
dadra-and-nagar-haveli-and-daman-and-diu,2023,lpg,33.19205069,src-cba8334fedc5
dadra-and-nagar-haveli-and-daman-and-diu,2023,others,5.644010687198053,src-cba8334fedc5
dadra-and-nagar-haveli-and-daman-and-diu,2023,petrol,46.257472019844066,src-cba8334fedc5
dadra-and-nagar-haveli-and-daman-and-diu,2024,diesel-hsd,173,src-cba8334fedc5
dadra-and-nagar-haveli-and-daman-and-diu,2024,lpg,34,src-cba8334fedc5
dadra-and-nagar-haveli-and-daman-and-diu,2024,petrol,47.9,src-cba8334fedc5
delhi,2010,diesel-hsd,805,src-cba8334fedc5
delhi,2010,kerosene,107,src-cba8334fedc5
delhi,2010,lpg,709,src-cba8334fedc5
delhi,2010,others,7,src-cba8334fedc5
delhi,2010,petrol,825,src-cba8334fedc5
delhi,2011,diesel-hsd,930,src-cba8334fedc5
delhi,2011,kerosene,48,src-cba8334fedc5
delhi,2011,lpg,731,src-cba8334fedc5
delhi,2011,others,5,src-cba8334fedc5
delhi,2011,petrol,813,src-cba8334fedc5
delhi,2012,diesel-hsd,1029,src-cba8334fedc5
delhi,2012,kerosene,42,src-cba8334fedc5
delhi,2012,lpg,716,src-cba8334fedc5
delhi,2012,others,29,src-cba8334fedc5
delhi,2012,petrol,787,src-cba8334fedc5
delhi,2013,diesel-hsd,1129,src-cba8334fedc5
delhi,2013,kerosene,9,src-cba8334fedc5
delhi,2013,lpg,702,src-cba8334fedc5
delhi,2013,others,55,src-cba8334fedc5
delhi,2013,petrol,797,src-cba8334fedc5
delhi,2014,diesel-hsd,1269,src-cba8334fedc5
delhi,2014,kerosene,1,src-cba8334fedc5
delhi,2014,lpg,732.4,src-cba8334fedc5
delhi,2014,others,94,src-cba8334fedc5
delhi,2014,petrol,831,src-cba8334fedc5
delhi,2015,diesel-hsd,1508,src-cba8334fedc5
delhi,2015,kerosene,1,src-cba8334fedc5
delhi,2015,lpg,776.7,src-cba8334fedc5
delhi,2015,others,100,src-cba8334fedc5
delhi,2015,petrol,902,src-cba8334fedc5
delhi,2016,diesel-hsd,1267.4733199999996,src-cba8334fedc5
delhi,2016,kerosene,0.79995,src-cba8334fedc5
delhi,2016,lpg,797.75,src-cba8334fedc5
delhi,2016,others,31.019,src-cba8334fedc5
delhi,2016,petrol,906.11,src-cba8334fedc5
delhi,2016,petroleum-coke,49.17,src-cba8334fedc5
delhi,2017,diesel-hsd,1193.7777899999985,src-cba8334fedc5
delhi,2017,kerosene,0.75,src-cba8334fedc5
delhi,2017,lpg,807.64,src-cba8334fedc5
delhi,2017,others,31.854,src-cba8334fedc5
delhi,2017,petrol,926.69,src-cba8334fedc5
delhi,2017,petroleum-coke,17.627,src-cba8334fedc5
delhi,2018,diesel-hsd,1020.8272976363626,src-cba8334fedc5
delhi,2018,kerosene,1.041,src-cba8334fedc5
delhi,2018,lpg,824.923,src-cba8334fedc5
delhi,2018,others,17.48,src-cba8334fedc5
delhi,2018,petrol,903.113,src-cba8334fedc5
delhi,2019,diesel-hsd,835.2596912495867,src-cba8334fedc5
delhi,2019,kerosene,0.707,src-cba8334fedc5
delhi,2019,lpg,822.564,src-cba8334fedc5
delhi,2019,others,8.047736797235022,src-cba8334fedc5
delhi,2019,petrol,875.9657401984398,src-cba8334fedc5
delhi,2020,diesel-hsd,499.1941,src-cba8334fedc5
delhi,2020,kerosene,0.1,src-cba8334fedc5
delhi,2020,lpg,733.0017362000017,src-cba8334fedc5
delhi,2020,others,9.045440864823348,src-cba8334fedc5
delhi,2020,petrol,668.8,src-cba8334fedc5
delhi,2021,diesel-hsd,597.4655052727253,src-cba8334fedc5
delhi,2021,kerosene,0.1073924747081712,src-cba8334fedc5
delhi,2021,lpg,771.11881433,src-cba8334fedc5
delhi,2021,others,8.707011000000001,src-cba8334fedc5
delhi,2021,petrol,693.314278688873,src-cba8334fedc5
delhi,2022,diesel-hsd,662.026032793386,src-cba8334fedc5
delhi,2022,kerosene,0.16653644357976655,src-cba8334fedc5
delhi,2022,lpg,787.7714854000005,src-cba8334fedc5
delhi,2022,others,8.39844430107527,src-cba8334fedc5
delhi,2022,petrol,899.5126191743458,src-cba8334fedc5
delhi,2023,diesel-hsd,614.1923125950389,src-cba8334fedc5
delhi,2023,kerosene,0.1556420233463035,src-cba8334fedc5
delhi,2023,lpg,792.9288515100004,src-cba8334fedc5
delhi,2023,others,7.96035790168971,src-cba8334fedc5
delhi,2023,petrol,960.2809944932679,src-cba8334fedc5
delhi,2024,diesel-hsd,558,src-cba8334fedc5
delhi,2024,kerosene,0.1,src-cba8334fedc5
delhi,2024,lpg,783.6,src-cba8334fedc5
delhi,2024,petrol,1035.3,src-cba8334fedc5
goa,2010,diesel-hsd,373,src-cba8334fedc5
goa,2010,kerosene,18,src-cba8334fedc5
goa,2010,lpg,59,src-cba8334fedc5
goa,2010,naphtha,258,src-cba8334fedc5
goa,2010,others,3,src-cba8334fedc5
goa,2010,petrol,99,src-cba8334fedc5
goa,2011,diesel-hsd,375,src-cba8334fedc5
goa,2011,kerosene,15,src-cba8334fedc5
goa,2011,lpg,62,src-cba8334fedc5
goa,2011,naphtha,231,src-cba8334fedc5
goa,2011,others,5,src-cba8334fedc5
goa,2011,petrol,104,src-cba8334fedc5
goa,2012,diesel-hsd,303,src-cba8334fedc5
goa,2012,kerosene,4,src-cba8334fedc5
goa,2012,lpg,59,src-cba8334fedc5
goa,2012,naphtha,215,src-cba8334fedc5
goa,2012,others,3,src-cba8334fedc5
goa,2012,petrol,117,src-cba8334fedc5
goa,2013,diesel-hsd,264,src-cba8334fedc5
goa,2013,kerosene,4,src-cba8334fedc5
goa,2013,lpg,53,src-cba8334fedc5
goa,2013,naphtha,9,src-cba8334fedc5
goa,2013,others,4,src-cba8334fedc5
goa,2013,petrol,127,src-cba8334fedc5
goa,2014,diesel-hsd,283,src-cba8334fedc5
goa,2014,kerosene,4,src-cba8334fedc5
goa,2014,lpg,56,src-cba8334fedc5
goa,2014,others,4,src-cba8334fedc5
goa,2014,petrol,141,src-cba8334fedc5
goa,2015,diesel-hsd,309,src-cba8334fedc5
goa,2015,kerosene,4,src-cba8334fedc5
goa,2015,lpg,57.9,src-cba8334fedc5
goa,2015,others,3,src-cba8334fedc5
goa,2015,petrol,151,src-cba8334fedc5
goa,2016,diesel-hsd,343.83,src-cba8334fedc5
goa,2016,kerosene,2.04758,src-cba8334fedc5
goa,2016,lpg,62.57,src-cba8334fedc5
goa,2016,others,3.563,src-cba8334fedc5
goa,2016,petrol,162.17,src-cba8334fedc5
goa,2016,petroleum-coke,0.29,src-cba8334fedc5
goa,2017,diesel-hsd,328.86,src-cba8334fedc5
goa,2017,kerosene,1.11,src-cba8334fedc5
goa,2017,lpg,65.97,src-cba8334fedc5
goa,2017,others,3.437,src-cba8334fedc5
goa,2017,petrol,174.56,src-cba8334fedc5
goa,2017,petroleum-coke,11.895,src-cba8334fedc5
goa,2018,diesel-hsd,315.543,src-cba8334fedc5
goa,2018,kerosene,1.104,src-cba8334fedc5
goa,2018,lpg,69.716,src-cba8334fedc5
goa,2018,others,4.39,src-cba8334fedc5
goa,2018,petrol,183.558,src-cba8334fedc5
goa,2018,petroleum-coke,4.008,src-cba8334fedc5
goa,2019,diesel-hsd,305.51,src-cba8334fedc5
goa,2019,kerosene,0.504,src-cba8334fedc5
goa,2019,lpg,71.159,src-cba8334fedc5
goa,2019,others,3.9451996210550604,src-cba8334fedc5
goa,2019,petrol,186.0694730403969,src-cba8334fedc5
goa,2019,petroleum-coke,6.481,src-cba8334fedc5
goa,2020,diesel-hsd,233,src-cba8334fedc5
goa,2020,kerosene,0.3,src-cba8334fedc5
goa,2020,lpg,65.36985068000003,src-cba8334fedc5
goa,2020,others,5.737863049673873,src-cba8334fedc5
goa,2020,petrol,145.1,src-cba8334fedc5
goa,2020,petroleum-coke,12.576210000000001,src-cba8334fedc5
goa,2021,diesel-hsd,276.36516142975273,src-cba8334fedc5
goa,2021,kerosene,0.2241203424124514,src-cba8334fedc5
goa,2021,lpg,71.08617741,src-cba8334fedc5
goa,2021,others,5.69475463531293,src-cba8334fedc5
goa,2021,petrol,167.04672977321061,src-cba8334fedc5
goa,2021,petroleum-coke,6.319699999999999,src-cba8334fedc5
goa,2022,diesel-hsd,294.01470969421433,src-cba8334fedc5
goa,2022,lpg,74.72366300999995,src-cba8334fedc5
goa,2022,others,5.321714718433443,src-cba8334fedc5
goa,2022,petrol,204.73237438695915,src-cba8334fedc5
goa,2022,petroleum-coke,11.850190000000001,src-cba8334fedc5
goa,2023,diesel-hsd,274.0355481809921,src-cba8334fedc5
goa,2023,lpg,77.00061812900003,src-cba8334fedc5
goa,2023,others,4.079187461089319,src-cba8334fedc5
goa,2023,petrol,216.64187797306838,src-cba8334fedc5
goa,2023,petroleum-coke,5.01733,src-cba8334fedc5
goa,2024,diesel-hsd,281,src-cba8334fedc5
goa,2024,kerosene,0,src-cba8334fedc5
goa,2024,lpg,78.6,src-cba8334fedc5
goa,2024,petrol,227.1,src-cba8334fedc5
goa,2024,petroleum-coke,2.6,src-cba8334fedc5
gujarat,2010,diesel-hsd,3523,src-cba8334fedc5
gujarat,2010,kerosene,722,src-cba8334fedc5
gujarat,2010,lpg,726,src-cba8334fedc5
gujarat,2010,naphtha,5365,src-cba8334fedc5
gujarat,2010,others,2464,src-cba8334fedc5
gujarat,2010,petrol,993,src-cba8334fedc5
gujarat,2011,diesel-hsd,4045,src-cba8334fedc5
gujarat,2011,kerosene,527,src-cba8334fedc5
gujarat,2011,lpg,761,src-cba8334fedc5
gujarat,2011,naphtha,5399,src-cba8334fedc5
gujarat,2011,others,2740,src-cba8334fedc5
gujarat,2011,petrol,1049,src-cba8334fedc5
gujarat,2012,diesel-hsd,4356,src-cba8334fedc5
gujarat,2012,kerosene,527,src-cba8334fedc5
gujarat,2012,lpg,751,src-cba8334fedc5
gujarat,2012,naphtha,5765,src-cba8334fedc5
gujarat,2012,others,3068,src-cba8334fedc5
gujarat,2012,petrol,1108,src-cba8334fedc5
gujarat,2013,diesel-hsd,4319,src-cba8334fedc5
gujarat,2013,kerosene,527,src-cba8334fedc5
gujarat,2013,lpg,766,src-cba8334fedc5
gujarat,2013,naphtha,5328,src-cba8334fedc5
gujarat,2013,others,3510,src-cba8334fedc5
gujarat,2013,petrol,1205,src-cba8334fedc5
gujarat,2014,diesel-hsd,4591,src-cba8334fedc5
gujarat,2014,kerosene,525,src-cba8334fedc5
gujarat,2014,lpg,819.9,src-cba8334fedc5
gujarat,2014,naphtha,5489,src-cba8334fedc5
gujarat,2014,others,3596,src-cba8334fedc5
gujarat,2014,petrol,1339,src-cba8334fedc5
gujarat,2015,diesel-hsd,5077,src-cba8334fedc5
gujarat,2015,kerosene,515,src-cba8334fedc5
gujarat,2015,lpg,868.2,src-cba8334fedc5
gujarat,2015,naphtha,6068.3,src-cba8334fedc5
gujarat,2015,others,3438,src-cba8334fedc5
gujarat,2015,petrol,1526,src-cba8334fedc5
gujarat,2016,diesel-hsd,4994.16,src-cba8334fedc5
gujarat,2016,kerosene,387.14642000000015,src-cba8334fedc5
gujarat,2016,lpg,970.93,src-cba8334fedc5
gujarat,2016,naphtha,5854.93835,src-cba8334fedc5
gujarat,2016,others,2093.957,src-cba8334fedc5
gujarat,2016,petrol,1665.6,src-cba8334fedc5
gujarat,2016,petroleum-coke,1380.046,src-cba8334fedc5
gujarat,2017,diesel-hsd,5277.78198,src-cba8334fedc5
gujarat,2017,kerosene,266.77,src-cba8334fedc5
gujarat,2017,lpg,1040.9,src-cba8334fedc5
gujarat,2017,naphtha,5683.02,src-cba8334fedc5
gujarat,2017,others,2107.47,src-cba8334fedc5
gujarat,2017,petrol,1817.23,src-cba8334fedc5
gujarat,2017,petroleum-coke,1216.417,src-cba8334fedc5
gujarat,2018,diesel-hsd,5429.913,src-cba8334fedc5
gujarat,2018,kerosene,197.332,src-cba8334fedc5
gujarat,2018,lpg,1105.238,src-cba8334fedc5
gujarat,2018,naphtha,6107.363,src-cba8334fedc5
gujarat,2018,others,3303.104,src-cba8334fedc5
gujarat,2018,petrol,1976.003,src-cba8334fedc5
gujarat,2018,petroleum-coke,1480.946,src-cba8334fedc5
gujarat,2019,diesel-hsd,5607.538,src-cba8334fedc5
gujarat,2019,kerosene,97.579,src-cba8334fedc5
gujarat,2019,lpg,1173.636,src-cba8334fedc5
gujarat,2019,naphtha,6710.79864827273,src-cba8334fedc5
gujarat,2019,others,3784.9246349392124,src-cba8334fedc5
gujarat,2019,petrol,2066.8104448481336,src-cba8334fedc5
gujarat,2019,petroleum-coke,1594.068,src-cba8334fedc5
gujarat,2020,diesel-hsd,5089.835,src-cba8334fedc5
gujarat,2020,kerosene,68.2,src-cba8334fedc5
gujarat,2020,lpg,1186.2569014800022,src-cba8334fedc5
gujarat,2020,naphtha,7791.7,src-cba8334fedc5
gujarat,2020,others,3488.5587309162856,src-cba8334fedc5
gujarat,2020,petrol,1860.2,src-cba8334fedc5
gujarat,2020,petroleum-coke,904.5241099999998,src-cba8334fedc5
gujarat,2021,diesel-hsd,5780.033529699317,src-cba8334fedc5
gujarat,2021,kerosene,44.39552745525281,src-cba8334fedc5
gujarat,2021,lpg,1281.9912607099996,src-cba8334fedc5
gujarat,2021,naphtha,7867.744331999998,src-cba8334fedc5
gujarat,2021,others,3924.969504581102,src-cba8334fedc5
gujarat,2021,petrol,2134.0147280242923,src-cba8334fedc5
gujarat,2021,petroleum-coke,1161.7839599999998,src-cba8334fedc5
gujarat,2022,diesel-hsd,6927.2668390984745,src-cba8334fedc5
gujarat,2022,kerosene,6.550871260700385,src-cba8334fedc5
gujarat,2022,lpg,1405.0285706000027,src-cba8334fedc5
gujarat,2022,naphtha,7464.7377528,src-cba8334fedc5
gujarat,2022,others,3856.953669414556,src-cba8334fedc5
gujarat,2022,petrol,2397.8116803589382,src-cba8334fedc5
gujarat,2022,petroleum-coke,1104.7951699999999,src-cba8334fedc5
gujarat,2023,diesel-hsd,7178.693136774311,src-cba8334fedc5
gujarat,2023,kerosene,2.2630231050583656,src-cba8334fedc5
gujarat,2023,lpg,1441.8816663979906,src-cba8334fedc5
gujarat,2023,naphtha,6694.768583000001,src-cba8334fedc5
gujarat,2023,others,3665.290163826967,src-cba8334fedc5
gujarat,2023,petrol,2546.1026374375233,src-cba8334fedc5
gujarat,2023,petroleum-coke,981.3005459999999,src-cba8334fedc5
gujarat,2024,diesel-hsd,7318,src-cba8334fedc5
gujarat,2024,kerosene,2.4,src-cba8334fedc5
gujarat,2024,lpg,1518.3,src-cba8334fedc5
gujarat,2024,naphtha,6988.4,src-cba8334fedc5
gujarat,2024,petrol,2701.2,src-cba8334fedc5
gujarat,2024,petroleum-coke,867.1,src-cba8334fedc5
haryana,2010,diesel-hsd,4546,src-cba8334fedc5
haryana,2010,kerosene,135,src-cba8334fedc5
haryana,2010,lpg,479,src-cba8334fedc5
haryana,2010,naphtha,1389,src-cba8334fedc5
haryana,2010,others,216,src-cba8334fedc5
haryana,2010,petrol,624,src-cba8334fedc5
haryana,2011,diesel-hsd,4817,src-cba8334fedc5
haryana,2011,kerosene,123,src-cba8334fedc5
haryana,2011,lpg,509,src-cba8334fedc5
haryana,2011,naphtha,2096,src-cba8334fedc5
haryana,2011,others,188,src-cba8334fedc5
haryana,2011,petrol,635,src-cba8334fedc5
haryana,2012,diesel-hsd,5023,src-cba8334fedc5
haryana,2012,kerosene,75,src-cba8334fedc5
haryana,2012,lpg,509,src-cba8334fedc5
haryana,2012,naphtha,2654,src-cba8334fedc5
haryana,2012,others,177,src-cba8334fedc5
haryana,2012,petrol,626,src-cba8334fedc5
haryana,2013,diesel-hsd,5004,src-cba8334fedc5
haryana,2013,kerosene,70,src-cba8334fedc5
haryana,2013,lpg,530,src-cba8334fedc5
haryana,2013,naphtha,2958,src-cba8334fedc5
haryana,2013,others,521,src-cba8334fedc5
haryana,2013,petrol,664,src-cba8334fedc5
haryana,2014,diesel-hsd,5029,src-cba8334fedc5
haryana,2014,kerosene,71,src-cba8334fedc5
haryana,2014,lpg,585.9,src-cba8334fedc5
haryana,2014,naphtha,3259,src-cba8334fedc5
haryana,2014,others,539,src-cba8334fedc5
haryana,2014,petrol,724,src-cba8334fedc5
haryana,2015,diesel-hsd,5014,src-cba8334fedc5
haryana,2015,kerosene,58,src-cba8334fedc5
haryana,2015,lpg,629.5,src-cba8334fedc5
haryana,2015,naphtha,3405.1,src-cba8334fedc5
haryana,2015,others,471,src-cba8334fedc5
haryana,2015,petrol,783,src-cba8334fedc5
haryana,2016,diesel-hsd,4952.321389999986,src-cba8334fedc5
haryana,2016,kerosene,31.428399999999996,src-cba8334fedc5
haryana,2016,lpg,674.71,src-cba8334fedc5
haryana,2016,naphtha,3458.9874,src-cba8334fedc5
haryana,2016,others,89.693,src-cba8334fedc5
haryana,2016,petrol,873.25,src-cba8334fedc5
haryana,2016,petroleum-coke,252.132,src-cba8334fedc5
haryana,2017,diesel-hsd,5146.607809999998,src-cba8334fedc5
haryana,2017,kerosene,2.37,src-cba8334fedc5
haryana,2017,lpg,740.34,src-cba8334fedc5
haryana,2017,naphtha,3340.06,src-cba8334fedc5
haryana,2017,others,98.693,src-cba8334fedc5
haryana,2017,petrol,937.92,src-cba8334fedc5
haryana,2017,petroleum-coke,324.682,src-cba8334fedc5
haryana,2018,diesel-hsd,4847.02606926153,src-cba8334fedc5
haryana,2018,kerosene,3.218,src-cba8334fedc5
haryana,2018,lpg,804.984,src-cba8334fedc5
haryana,2018,naphtha,3444.107,src-cba8334fedc5
haryana,2018,others,124.097,src-cba8334fedc5
haryana,2018,petrol,978.459,src-cba8334fedc5
haryana,2018,petroleum-coke,0.24,src-cba8334fedc5
haryana,2019,diesel-hsd,4716.803855364959,src-cba8334fedc5
haryana,2019,kerosene,2.45,src-cba8334fedc5
haryana,2019,lpg,858.185,src-cba8334fedc5
haryana,2019,naphtha,3198.9698300000005,src-cba8334fedc5
haryana,2019,others,119.89902618534644,src-cba8334fedc5
haryana,2019,petrol,1029.4003599050031,src-cba8334fedc5
haryana,2020,diesel-hsd,4434.891,src-cba8334fedc5
haryana,2020,kerosene,1.5,src-cba8334fedc5
haryana,2020,lpg,869.4398345839983,src-cba8334fedc5
haryana,2020,naphtha,3003.9,src-cba8334fedc5
haryana,2020,others,120.13879506934708,src-cba8334fedc5
haryana,2020,petrol,1011.6,src-cba8334fedc5
haryana,2021,diesel-hsd,4450.078526631239,src-cba8334fedc5
haryana,2021,kerosene,0.8957722412451361,src-cba8334fedc5
haryana,2021,lpg,930.8036689500002,src-cba8334fedc5
haryana,2021,naphtha,3446.60382098,src-cba8334fedc5
haryana,2021,others,139.2249115138028,src-cba8334fedc5
haryana,2021,petrol,1113.6802453644395,src-cba8334fedc5
haryana,2022,diesel-hsd,4205.926128557381,src-cba8334fedc5
haryana,2022,kerosene,0.583642980544747,src-cba8334fedc5
haryana,2022,lpg,981.744799749999,src-cba8334fedc5
haryana,2022,naphtha,2540.548194988,src-cba8334fedc5
haryana,2022,others,138.34648855493958,src-cba8334fedc5
haryana,2022,petrol,1203.3401650587705,src-cba8334fedc5
haryana,2023,diesel-hsd,4274.540326888391,src-cba8334fedc5
haryana,2023,kerosene,0.6623535642023346,src-cba8334fedc5
haryana,2023,lpg,1058.7205502580016,src-cba8334fedc5
haryana,2023,naphtha,3331.191503939999,src-cba8334fedc5
haryana,2023,others,159.86646106741972,src-cba8334fedc5
haryana,2023,petrol,1289.9443743505512,src-cba8334fedc5
haryana,2024,diesel-hsd,4286,src-cba8334fedc5
haryana,2024,kerosene,0.9,src-cba8334fedc5
haryana,2024,lpg,1080.3,src-cba8334fedc5
haryana,2024,naphtha,3490.1,src-cba8334fedc5
haryana,2024,petrol,1430.3,src-cba8334fedc5
haryana,2024,petroleum-coke,0,src-cba8334fedc5
himachal-pradesh,2010,diesel-hsd,441,src-cba8334fedc5
himachal-pradesh,2010,kerosene,35,src-cba8334fedc5
himachal-pradesh,2010,lpg,107,src-cba8334fedc5
himachal-pradesh,2010,others,153,src-cba8334fedc5
himachal-pradesh,2010,petrol,105,src-cba8334fedc5
himachal-pradesh,2011,diesel-hsd,479,src-cba8334fedc5
himachal-pradesh,2011,kerosene,29,src-cba8334fedc5
himachal-pradesh,2011,lpg,112,src-cba8334fedc5
himachal-pradesh,2011,others,213,src-cba8334fedc5
himachal-pradesh,2011,petrol,111,src-cba8334fedc5
himachal-pradesh,2012,diesel-hsd,533,src-cba8334fedc5
himachal-pradesh,2012,kerosene,23,src-cba8334fedc5
himachal-pradesh,2012,lpg,112,src-cba8334fedc5
himachal-pradesh,2012,others,387,src-cba8334fedc5
himachal-pradesh,2012,petrol,114,src-cba8334fedc5
himachal-pradesh,2013,diesel-hsd,512,src-cba8334fedc5
himachal-pradesh,2013,kerosene,23,src-cba8334fedc5
himachal-pradesh,2013,lpg,106,src-cba8334fedc5
himachal-pradesh,2013,others,434,src-cba8334fedc5
himachal-pradesh,2013,petrol,124,src-cba8334fedc5
himachal-pradesh,2014,diesel-hsd,521,src-cba8334fedc5
himachal-pradesh,2014,kerosene,23,src-cba8334fedc5
himachal-pradesh,2014,lpg,120.5,src-cba8334fedc5
himachal-pradesh,2014,others,337,src-cba8334fedc5
himachal-pradesh,2014,petrol,137,src-cba8334fedc5
himachal-pradesh,2015,diesel-hsd,576,src-cba8334fedc5
himachal-pradesh,2015,kerosene,23,src-cba8334fedc5
himachal-pradesh,2015,lpg,130.5,src-cba8334fedc5
himachal-pradesh,2015,others,525,src-cba8334fedc5
himachal-pradesh,2015,petrol,163,src-cba8334fedc5
himachal-pradesh,2016,diesel-hsd,586.1129400000003,src-cba8334fedc5
himachal-pradesh,2016,kerosene,17.56463999999999,src-cba8334fedc5
himachal-pradesh,2016,lpg,142.39,src-cba8334fedc5
himachal-pradesh,2016,others,7.098,src-cba8334fedc5
himachal-pradesh,2016,petrol,183.07,src-cba8334fedc5
himachal-pradesh,2016,petroleum-coke,632.8,src-cba8334fedc5
himachal-pradesh,2017,diesel-hsd,616.2373600000009,src-cba8334fedc5
himachal-pradesh,2017,kerosene,14.55,src-cba8334fedc5
himachal-pradesh,2017,lpg,152.98,src-cba8334fedc5
himachal-pradesh,2017,others,7.049,src-cba8334fedc5
himachal-pradesh,2017,petrol,207.89,src-cba8334fedc5
himachal-pradesh,2017,petroleum-coke,432.581,src-cba8334fedc5
himachal-pradesh,2018,diesel-hsd,646.2491225289252,src-cba8334fedc5
himachal-pradesh,2018,kerosene,14.688,src-cba8334fedc5
himachal-pradesh,2018,lpg,165.084,src-cba8334fedc5
himachal-pradesh,2018,others,8.353,src-cba8334fedc5
himachal-pradesh,2018,petrol,224.631,src-cba8334fedc5
himachal-pradesh,2018,petroleum-coke,356.328,src-cba8334fedc5
himachal-pradesh,2019,diesel-hsd,667.6065455702479,src-cba8334fedc5
himachal-pradesh,2019,kerosene,11.869,src-cba8334fedc5
himachal-pradesh,2019,lpg,180.082,src-cba8334fedc5
himachal-pradesh,2019,others,6.971975401012024,src-cba8334fedc5
himachal-pradesh,2019,petrol,238.0266303118354,src-cba8334fedc5
himachal-pradesh,2019,petroleum-coke,462.981,src-cba8334fedc5
himachal-pradesh,2020,diesel-hsd,609.80538,src-cba8334fedc5
himachal-pradesh,2020,kerosene,8.7,src-cba8334fedc5
himachal-pradesh,2020,lpg,183.83896039999954,src-cba8334fedc5
himachal-pradesh,2020,others,6.283865416373885,src-cba8334fedc5
himachal-pradesh,2020,petrol,233.1,src-cba8334fedc5
himachal-pradesh,2020,petroleum-coke,343.73736999999994,src-cba8334fedc5
himachal-pradesh,2021,diesel-hsd,776.6005457851169,src-cba8334fedc5
himachal-pradesh,2021,kerosene,5.410066933852141,src-cba8334fedc5
himachal-pradesh,2021,lpg,194.22541608000003,src-cba8334fedc5
himachal-pradesh,2021,others,7.322766947540099,src-cba8334fedc5
himachal-pradesh,2021,petrol,272.2587952374199,src-cba8334fedc5
himachal-pradesh,2021,petroleum-coke,532.29013,src-cba8334fedc5
himachal-pradesh,2022,diesel-hsd,1002.7873393305724,src-cba8334fedc5
himachal-pradesh,2022,kerosene,3.716588303501945,src-cba8334fedc5
himachal-pradesh,2022,lpg,195.96959779999978,src-cba8334fedc5
himachal-pradesh,2022,others,7.889574229747679,src-cba8334fedc5
himachal-pradesh,2022,petrol,306.43641615166496,src-cba8334fedc5
himachal-pradesh,2022,petroleum-coke,497.04968000000025,src-cba8334fedc5
himachal-pradesh,2023,diesel-hsd,795.1826501404892,src-cba8334fedc5
himachal-pradesh,2023,kerosene,3.556124785992218,src-cba8334fedc5
himachal-pradesh,2023,lpg,200.06079996500014,src-cba8334fedc5
himachal-pradesh,2023,others,8.510749699867198,src-cba8334fedc5
himachal-pradesh,2023,petrol,320.82337862331656,src-cba8334fedc5
himachal-pradesh,2023,petroleum-coke,617.1580799999999,src-cba8334fedc5
himachal-pradesh,2024,diesel-hsd,787,src-cba8334fedc5
himachal-pradesh,2024,kerosene,3.2,src-cba8334fedc5
himachal-pradesh,2024,lpg,204.9,src-cba8334fedc5
himachal-pradesh,2024,petrol,356.9,src-cba8334fedc5
himachal-pradesh,2024,petroleum-coke,483,src-cba8334fedc5
jammu-and-kashmir,2010,diesel-hsd,488,src-cba8334fedc5
jammu-and-kashmir,2010,kerosene,155,src-cba8334fedc5
jammu-and-kashmir,2010,lpg,141,src-cba8334fedc5
jammu-and-kashmir,2010,others,51,src-cba8334fedc5
jammu-and-kashmir,2010,petrol,125,src-cba8334fedc5
jammu-and-kashmir,2011,diesel-hsd,551,src-cba8334fedc5
jammu-and-kashmir,2011,kerosene,154,src-cba8334fedc5
jammu-and-kashmir,2011,lpg,153,src-cba8334fedc5
jammu-and-kashmir,2011,others,61,src-cba8334fedc5
jammu-and-kashmir,2011,petrol,136,src-cba8334fedc5
jammu-and-kashmir,2012,diesel-hsd,589,src-cba8334fedc5
jammu-and-kashmir,2012,kerosene,155,src-cba8334fedc5
jammu-and-kashmir,2012,lpg,143,src-cba8334fedc5
jammu-and-kashmir,2012,others,68,src-cba8334fedc5
jammu-and-kashmir,2012,petrol,145,src-cba8334fedc5
jammu-and-kashmir,2013,diesel-hsd,589,src-cba8334fedc5
jammu-and-kashmir,2013,kerosene,147,src-cba8334fedc5
jammu-and-kashmir,2013,lpg,150,src-cba8334fedc5
jammu-and-kashmir,2013,others,64,src-cba8334fedc5
jammu-and-kashmir,2013,petrol,157,src-cba8334fedc5
jammu-and-kashmir,2014,diesel-hsd,563,src-cba8334fedc5
jammu-and-kashmir,2014,kerosene,144,src-cba8334fedc5
jammu-and-kashmir,2014,lpg,163,src-cba8334fedc5
jammu-and-kashmir,2014,others,66,src-cba8334fedc5
jammu-and-kashmir,2014,petrol,171,src-cba8334fedc5
jammu-and-kashmir,2015,diesel-hsd,635,src-cba8334fedc5
jammu-and-kashmir,2015,kerosene,142,src-cba8334fedc5
jammu-and-kashmir,2015,lpg,169,src-cba8334fedc5
jammu-and-kashmir,2015,others,88,src-cba8334fedc5
jammu-and-kashmir,2015,petrol,200,src-cba8334fedc5
jammu-and-kashmir,2016,diesel-hsd,585.2311600000011,src-cba8334fedc5
jammu-and-kashmir,2016,kerosene,136.26373000000012,src-cba8334fedc5
jammu-and-kashmir,2016,lpg,172.21,src-cba8334fedc5
jammu-and-kashmir,2016,others,7.401,src-cba8334fedc5
jammu-and-kashmir,2016,petrol,209.65,src-cba8334fedc5
jammu-and-kashmir,2016,petroleum-coke,59.775,src-cba8334fedc5
jammu-and-kashmir,2017,diesel-hsd,684.5282700000018,src-cba8334fedc5
jammu-and-kashmir,2017,kerosene,126.89,src-cba8334fedc5
jammu-and-kashmir,2017,lpg,188.8,src-cba8334fedc5
jammu-and-kashmir,2017,others,6.911,src-cba8334fedc5
jammu-and-kashmir,2017,petrol,249.25,src-cba8334fedc5
jammu-and-kashmir,2017,petroleum-coke,76.887,src-cba8334fedc5
jammu-and-kashmir,2018,diesel-hsd,697.0047583404926,src-cba8334fedc5
jammu-and-kashmir,2018,kerosene,124.381,src-cba8334fedc5
jammu-and-kashmir,2018,lpg,204.716,src-cba8334fedc5
jammu-and-kashmir,2018,others,7.533,src-cba8334fedc5
jammu-and-kashmir,2018,petrol,274.697,src-cba8334fedc5
jammu-and-kashmir,2018,petroleum-coke,72.376,src-cba8334fedc5
jammu-and-kashmir,2019,diesel-hsd,675.5246486694177,src-cba8334fedc5
jammu-and-kashmir,2019,kerosene,118.630465112841,src-cba8334fedc5
jammu-and-kashmir,2019,lpg,210.55822389999997,src-cba8334fedc5
jammu-and-kashmir,2019,others,6.753452987711214,src-cba8334fedc5
jammu-and-kashmir,2019,petrol,300.3900237916363,src-cba8334fedc5
jammu-and-kashmir,2019,petroleum-coke,73.37,src-cba8334fedc5
jammu-and-kashmir,2020,diesel-hsd,576.0081982148735,src-cba8334fedc5
jammu-and-kashmir,2020,kerosene,79,src-cba8334fedc5
jammu-and-kashmir,2020,lpg,210.02180249999935,src-cba8334fedc5
jammu-and-kashmir,2020,others,6.426645213493185,src-cba8334fedc5
jammu-and-kashmir,2020,petrol,273.1,src-cba8334fedc5
jammu-and-kashmir,2020,petroleum-coke,75.29951000000001,src-cba8334fedc5
jammu-and-kashmir,2021,diesel-hsd,698.4957251553651,src-cba8334fedc5
jammu-and-kashmir,2021,kerosene,67.14870302723726,src-cba8334fedc5
jammu-and-kashmir,2021,lpg,215.82398104000006,src-cba8334fedc5
jammu-and-kashmir,2021,others,5.686616187110237,src-cba8334fedc5
jammu-and-kashmir,2021,petrol,316.3381853153791,src-cba8334fedc5
jammu-and-kashmir,2021,petroleum-coke,87.93241,src-cba8334fedc5
jammu-and-kashmir,2022,diesel-hsd,821.6939106057838,src-cba8334fedc5
jammu-and-kashmir,2022,kerosene,44.8510786848248,src-cba8334fedc5
jammu-and-kashmir,2022,lpg,217.4771247099995,src-cba8334fedc5
jammu-and-kashmir,2022,others,4.754031493075318,src-cba8334fedc5
jammu-and-kashmir,2022,petrol,354.7328037987239,src-cba8334fedc5
jammu-and-kashmir,2022,petroleum-coke,87.16059000000001,src-cba8334fedc5
jammu-and-kashmir,2023,diesel-hsd,916.1688812214861,src-cba8334fedc5
jammu-and-kashmir,2023,kerosene,43.94666017120617,src-cba8334fedc5
jammu-and-kashmir,2023,lpg,236.9976048189997,src-cba8334fedc5
jammu-and-kashmir,2023,others,5.684362519201229,src-cba8334fedc5
jammu-and-kashmir,2023,petrol,380.23841306874505,src-cba8334fedc5
jammu-and-kashmir,2023,petroleum-coke,55.53949999999998,src-cba8334fedc5
jammu-and-kashmir,2024,diesel-hsd,942,src-cba8334fedc5
jammu-and-kashmir,2024,kerosene,42.2,src-cba8334fedc5
jammu-and-kashmir,2024,lpg,248.7,src-cba8334fedc5
jammu-and-kashmir,2024,petrol,412.9,src-cba8334fedc5
jammu-and-kashmir,2024,petroleum-coke,52.3,src-cba8334fedc5
jharkhand,2010,diesel-hsd,1256,src-cba8334fedc5
jharkhand,2010,kerosene,209,src-cba8334fedc5
jharkhand,2010,lpg,134,src-cba8334fedc5
jharkhand,2010,others,12,src-cba8334fedc5
jharkhand,2010,petrol,217,src-cba8334fedc5
jharkhand,2011,diesel-hsd,1298,src-cba8334fedc5
jharkhand,2011,kerosene,210,src-cba8334fedc5
jharkhand,2011,lpg,155,src-cba8334fedc5
jharkhand,2011,others,11,src-cba8334fedc5
jharkhand,2011,petrol,222,src-cba8334fedc5
jharkhand,2012,diesel-hsd,1361,src-cba8334fedc5
jharkhand,2012,kerosene,209,src-cba8334fedc5
jharkhand,2012,lpg,161,src-cba8334fedc5
jharkhand,2012,others,62,src-cba8334fedc5
jharkhand,2012,petrol,235,src-cba8334fedc5
jharkhand,2013,diesel-hsd,1461,src-cba8334fedc5
jharkhand,2013,kerosene,208,src-cba8334fedc5
jharkhand,2013,lpg,175,src-cba8334fedc5
jharkhand,2013,others,33,src-cba8334fedc5
jharkhand,2013,petrol,266,src-cba8334fedc5
jharkhand,2014,diesel-hsd,1554,src-cba8334fedc5
jharkhand,2014,kerosene,208,src-cba8334fedc5
jharkhand,2014,lpg,195.7,src-cba8334fedc5
jharkhand,2014,others,14,src-cba8334fedc5
jharkhand,2014,petrol,303,src-cba8334fedc5
jharkhand,2015,diesel-hsd,1602,src-cba8334fedc5
jharkhand,2015,kerosene,203,src-cba8334fedc5
jharkhand,2015,lpg,215.9,src-cba8334fedc5
jharkhand,2015,others,21,src-cba8334fedc5
jharkhand,2015,petrol,349,src-cba8334fedc5
jharkhand,2016,diesel-hsd,1633.17,src-cba8334fedc5
jharkhand,2016,kerosene,170.53031000000004,src-cba8334fedc5
jharkhand,2016,lpg,249.83,src-cba8334fedc5
jharkhand,2016,others,19.84,src-cba8334fedc5
jharkhand,2016,petrol,375.1,src-cba8334fedc5
jharkhand,2016,petroleum-coke,27.223,src-cba8334fedc5
jharkhand,2017,diesel-hsd,1766.03,src-cba8334fedc5
jharkhand,2017,kerosene,137.23,src-cba8334fedc5
jharkhand,2017,lpg,294.06,src-cba8334fedc5
jharkhand,2017,others,17.788,src-cba8334fedc5
jharkhand,2017,petrol,425.19,src-cba8334fedc5
jharkhand,2017,petroleum-coke,81.779,src-cba8334fedc5
jharkhand,2018,diesel-hsd,1901.406,src-cba8334fedc5
jharkhand,2018,kerosene,117.032,src-cba8334fedc5
jharkhand,2018,lpg,340.611,src-cba8334fedc5
jharkhand,2018,naphtha,0.555,src-cba8334fedc5
jharkhand,2018,others,10.546,src-cba8334fedc5
jharkhand,2018,petrol,487.034,src-cba8334fedc5
jharkhand,2018,petroleum-coke,96.063,src-cba8334fedc5
jharkhand,2019,diesel-hsd,1968.411,src-cba8334fedc5
jharkhand,2019,kerosene,83.512,src-cba8334fedc5
jharkhand,2019,lpg,378.026,src-cba8334fedc5
jharkhand,2019,naphtha,1.474,src-cba8334fedc5
jharkhand,2019,others,10.479893148341013,src-cba8334fedc5
jharkhand,2019,petrol,526.454031700039,src-cba8334fedc5
jharkhand,2019,petroleum-coke,65.247,src-cba8334fedc5
jharkhand,2020,diesel-hsd,1742,src-cba8334fedc5
jharkhand,2020,kerosene,64.8,src-cba8334fedc5
jharkhand,2020,lpg,424.65464294999845,src-cba8334fedc5
jharkhand,2020,naphtha,2.6,src-cba8334fedc5
jharkhand,2020,others,10.940459918341015,src-cba8334fedc5
jharkhand,2020,petrol,512.5,src-cba8334fedc5
jharkhand,2020,petroleum-coke,30.643649999999997,src-cba8334fedc5
jharkhand,2021,diesel-hsd,1660.603406109218,src-cba8334fedc5
jharkhand,2021,kerosene,53.72107568871595,src-cba8334fedc5
jharkhand,2021,lpg,399.33753593,src-cba8334fedc5
jharkhand,2021,naphtha,0.8694600000000001,src-cba8334fedc5
jharkhand,2021,others,165.80275607834105,src-cba8334fedc5
jharkhand,2021,petrol,574.1362268798583,src-cba8334fedc5
jharkhand,2021,petroleum-coke,9.190460000000002,src-cba8334fedc5
jharkhand,2022,diesel-hsd,1754.8051880932592,src-cba8334fedc5
jharkhand,2022,kerosene,14.809148249027224,src-cba8334fedc5
jharkhand,2022,lpg,393.1367190600002,src-cba8334fedc5
jharkhand,2022,others,64.56986076820276,src-cba8334fedc5
jharkhand,2022,petrol,660.3666511004031,src-cba8334fedc5
jharkhand,2022,petroleum-coke,3.51347,src-cba8334fedc5
jharkhand,2023,diesel-hsd,1888.5113195399426,src-cba8334fedc5
jharkhand,2023,kerosene,8.350070505836573,src-cba8334fedc5
jharkhand,2023,lpg,414.4938859690015,src-cba8334fedc5
jharkhand,2023,naphtha,4.03112,src-cba8334fedc5
jharkhand,2023,others,23.301854114086023,src-cba8334fedc5
jharkhand,2023,petrol,692.991834771167,src-cba8334fedc5
jharkhand,2023,petroleum-coke,33.48021,src-cba8334fedc5
jharkhand,2024,diesel-hsd,2020,src-cba8334fedc5
jharkhand,2024,kerosene,3,src-cba8334fedc5
jharkhand,2024,lpg,452.2,src-cba8334fedc5
jharkhand,2024,naphtha,4.8,src-cba8334fedc5
jharkhand,2024,petrol,756.3,src-cba8334fedc5
jharkhand,2024,petroleum-coke,92.4,src-cba8334fedc5
karnataka,2010,diesel-hsd,3693,src-cba8334fedc5
karnataka,2010,kerosene,441,src-cba8334fedc5
karnataka,2010,lpg,972,src-cba8334fedc5
karnataka,2010,naphtha,164,src-cba8334fedc5
karnataka,2010,others,81,src-cba8334fedc5
karnataka,2010,petrol,972,src-cba8334fedc5
karnataka,2011,diesel-hsd,3944,src-cba8334fedc5
karnataka,2011,kerosene,423,src-cba8334fedc5
karnataka,2011,lpg,1027,src-cba8334fedc5
karnataka,2011,naphtha,148,src-cba8334fedc5
karnataka,2011,others,73,src-cba8334fedc5
karnataka,2011,petrol,1045,src-cba8334fedc5
karnataka,2012,diesel-hsd,4376,src-cba8334fedc5
karnataka,2012,kerosene,408,src-cba8334fedc5
karnataka,2012,lpg,1060,src-cba8334fedc5
karnataka,2012,naphtha,169,src-cba8334fedc5
karnataka,2012,others,82,src-cba8334fedc5
karnataka,2012,petrol,1127,src-cba8334fedc5
karnataka,2013,diesel-hsd,4733,src-cba8334fedc5
karnataka,2013,kerosene,410,src-cba8334fedc5
karnataka,2013,lpg,1109,src-cba8334fedc5
karnataka,2013,naphtha,170,src-cba8334fedc5
karnataka,2013,others,159,src-cba8334fedc5
karnataka,2013,petrol,1247,src-cba8334fedc5
karnataka,2014,diesel-hsd,5056,src-cba8334fedc5
karnataka,2014,kerosene,395,src-cba8334fedc5
karnataka,2014,lpg,1238.7,src-cba8334fedc5
karnataka,2014,naphtha,124,src-cba8334fedc5
karnataka,2014,others,302,src-cba8334fedc5
karnataka,2014,petrol,1431,src-cba8334fedc5
karnataka,2015,diesel-hsd,5747,src-cba8334fedc5
karnataka,2015,kerosene,379,src-cba8334fedc5
karnataka,2015,lpg,1330.4,src-cba8334fedc5
karnataka,2015,naphtha,161.7,src-cba8334fedc5
karnataka,2015,others,687,src-cba8334fedc5
karnataka,2015,petrol,1664,src-cba8334fedc5
karnataka,2016,diesel-hsd,5936.9,src-cba8334fedc5
karnataka,2016,kerosene,205.69917000000018,src-cba8334fedc5
karnataka,2016,lpg,1448.51,src-cba8334fedc5
karnataka,2016,naphtha,315.57,src-cba8334fedc5
karnataka,2016,others,72.096,src-cba8334fedc5
karnataka,2016,petrol,1799.09,src-cba8334fedc5
karnataka,2016,petroleum-coke,518.25,src-cba8334fedc5
karnataka,2017,diesel-hsd,6610.33119000005,src-cba8334fedc5
karnataka,2017,kerosene,104.31,src-cba8334fedc5
karnataka,2017,lpg,1573.71,src-cba8334fedc5
karnataka,2017,naphtha,300.45,src-cba8334fedc5
karnataka,2017,others,79.437,src-cba8334fedc5
karnataka,2017,petrol,1974.3,src-cba8334fedc5
karnataka,2017,petroleum-coke,646.214,src-cba8334fedc5
karnataka,2018,diesel-hsd,6904.565,src-cba8334fedc5
karnataka,2018,kerosene,99.781,src-cba8334fedc5
karnataka,2018,lpg,1687.287,src-cba8334fedc5
karnataka,2018,naphtha,146.408,src-cba8334fedc5
karnataka,2018,others,107.219,src-cba8334fedc5
karnataka,2018,petrol,2142.738,src-cba8334fedc5
karnataka,2018,petroleum-coke,833.914,src-cba8334fedc5
karnataka,2019,diesel-hsd,6601.845,src-cba8334fedc5
karnataka,2019,kerosene,64.479,src-cba8334fedc5
karnataka,2019,lpg,1769.561,src-cba8334fedc5
karnataka,2019,naphtha,157.499,src-cba8334fedc5
karnataka,2019,others,90.73096914929747,src-cba8334fedc5
karnataka,2019,petrol,2270.491200085069,src-cba8334fedc5
karnataka,2019,petroleum-coke,865.202,src-cba8334fedc5
karnataka,2020,diesel-hsd,5574.482299,src-cba8334fedc5
karnataka,2020,kerosene,41.4,src-cba8334fedc5
karnataka,2020,lpg,1840.7150558000112,src-cba8334fedc5
karnataka,2020,naphtha,65.7,src-cba8334fedc5
karnataka,2020,others,88.03150920005424,src-cba8334fedc5
karnataka,2020,petrol,2123.9,src-cba8334fedc5
karnataka,2020,petroleum-coke,518.342448,src-cba8334fedc5
karnataka,2021,diesel-hsd,6203.581291319505,src-cba8334fedc5
karnataka,2021,kerosene,26.328293727626445,src-cba8334fedc5
karnataka,2021,lpg,1927.8619046100011,src-cba8334fedc5
karnataka,2021,others,345.31336824853713,src-cba8334fedc5
karnataka,2021,petrol,2234.964448676825,src-cba8334fedc5
karnataka,2021,petroleum-coke,804,src-cba8334fedc5
karnataka,2022,diesel-hsd,8042.145965782575,src-cba8334fedc5
karnataka,2022,kerosene,14.717466879377417,src-cba8334fedc5
karnataka,2022,lpg,1996.8280204380123,src-cba8334fedc5
karnataka,2022,others,362.68781587535204,src-cba8334fedc5
karnataka,2022,petrol,2648.1308440588796,src-cba8334fedc5
karnataka,2022,petroleum-coke,774.6054019999999,src-cba8334fedc5
karnataka,2023,diesel-hsd,8350.588728791243,src-cba8334fedc5
karnataka,2023,kerosene,15.511530911284051,src-cba8334fedc5
karnataka,2023,lpg,2094.5629307129975,src-cba8334fedc5
karnataka,2023,others,168.224759749023,src-cba8334fedc5
karnataka,2023,petrol,2899.3637104601275,src-cba8334fedc5
karnataka,2023,petroleum-coke,576.6965700000001,src-cba8334fedc5
karnataka,2024,diesel-hsd,8259,src-cba8334fedc5
karnataka,2024,kerosene,15.7,src-cba8334fedc5
karnataka,2024,lpg,2230.3,src-cba8334fedc5
karnataka,2024,naphtha,0.3,src-cba8334fedc5
karnataka,2024,petrol,3054.3,src-cba8334fedc5
karnataka,2024,petroleum-coke,690.8,src-cba8334fedc5
kerala,2010,diesel-hsd,1910,src-cba8334fedc5
kerala,2010,kerosene,183,src-cba8334fedc5
kerala,2010,lpg,636,src-cba8334fedc5
kerala,2010,naphtha,488,src-cba8334fedc5
kerala,2010,others,83,src-cba8334fedc5
kerala,2010,petrol,745,src-cba8334fedc5
kerala,2011,diesel-hsd,2105,src-cba8334fedc5
kerala,2011,kerosene,155,src-cba8334fedc5
kerala,2011,lpg,656,src-cba8334fedc5
kerala,2011,naphtha,273,src-cba8334fedc5
kerala,2011,others,71,src-cba8334fedc5
kerala,2011,petrol,788,src-cba8334fedc5
kerala,2012,diesel-hsd,2339,src-cba8334fedc5
kerala,2012,kerosene,98,src-cba8334fedc5
kerala,2012,lpg,669,src-cba8334fedc5
kerala,2012,naphtha,403,src-cba8334fedc5
kerala,2012,others,71,src-cba8334fedc5
kerala,2012,petrol,834,src-cba8334fedc5
kerala,2013,diesel-hsd,2466,src-cba8334fedc5
kerala,2013,kerosene,94,src-cba8334fedc5
kerala,2013,lpg,668,src-cba8334fedc5
kerala,2013,naphtha,269,src-cba8334fedc5
kerala,2013,others,53,src-cba8334fedc5
kerala,2013,petrol,904,src-cba8334fedc5
kerala,2014,diesel-hsd,2498,src-cba8334fedc5
kerala,2014,kerosene,94,src-cba8334fedc5
kerala,2014,lpg,712.8,src-cba8334fedc5
kerala,2014,naphtha,181,src-cba8334fedc5
kerala,2014,others,53,src-cba8334fedc5
kerala,2014,petrol,1009,src-cba8334fedc5
kerala,2015,diesel-hsd,2537,src-cba8334fedc5
kerala,2015,kerosene,97,src-cba8334fedc5
kerala,2015,lpg,774.1,src-cba8334fedc5
kerala,2015,naphtha,23.5,src-cba8334fedc5
kerala,2015,others,47,src-cba8334fedc5
kerala,2015,petrol,1130,src-cba8334fedc5
kerala,2016,diesel-hsd,2536.66,src-cba8334fedc5
kerala,2016,kerosene,80.0322800000001,src-cba8334fedc5
kerala,2016,lpg,852.35,src-cba8334fedc5
kerala,2016,others,50.801,src-cba8334fedc5
kerala,2016,petrol,1238.02,src-cba8334fedc5
kerala,2016,petroleum-coke,8.707,src-cba8334fedc5
kerala,2017,diesel-hsd,2608.57,src-cba8334fedc5
kerala,2017,kerosene,66.66,src-cba8334fedc5
kerala,2017,lpg,931.89,src-cba8334fedc5
kerala,2017,naphtha,3.98,src-cba8334fedc5
kerala,2017,others,122.891,src-cba8334fedc5
kerala,2017,petrol,1380.86,src-cba8334fedc5
kerala,2017,petroleum-coke,28.909,src-cba8334fedc5
kerala,2018,diesel-hsd,2575.954,src-cba8334fedc5
kerala,2018,kerosene,70.169,src-cba8334fedc5
kerala,2018,lpg,989.198,src-cba8334fedc5
kerala,2018,others,200.291,src-cba8334fedc5
kerala,2018,petrol,1462.569,src-cba8334fedc5
kerala,2018,petroleum-coke,14.709,src-cba8334fedc5
kerala,2019,diesel-hsd,2557.166,src-cba8334fedc5
kerala,2019,kerosene,58.136,src-cba8334fedc5
kerala,2019,lpg,1033.354,src-cba8334fedc5
kerala,2019,naphtha,0.363,src-cba8334fedc5
kerala,2019,others,207.42567718781694,src-cba8334fedc5
kerala,2019,petrol,1558.843462884477,src-cba8334fedc5
kerala,2019,petroleum-coke,15.322,src-cba8334fedc5
kerala,2020,diesel-hsd,1922.6608,src-cba8334fedc5
kerala,2020,kerosene,53.1,src-cba8334fedc5
kerala,2020,lpg,1071.6869544300016,src-cba8334fedc5
kerala,2020,naphtha,3,src-cba8334fedc5
kerala,2020,others,167.6217870306406,src-cba8334fedc5
kerala,2020,petrol,1371.1,src-cba8334fedc5
kerala,2020,petroleum-coke,26.655576000000003,src-cba8334fedc5
kerala,2021,diesel-hsd,2101.081201164479,src-cba8334fedc5
kerala,2021,kerosene,44.56084385214005,src-cba8334fedc5
kerala,2021,lpg,1111.4117278800004,src-cba8334fedc5
kerala,2021,naphtha,0.08,src-cba8334fedc5
kerala,2021,others,186.3044373412965,src-cba8334fedc5
kerala,2021,petrol,1495.808923556165,src-cba8334fedc5
kerala,2021,petroleum-coke,15.329059999999998,src-cba8334fedc5
kerala,2022,diesel-hsd,2485.5619968772826,src-cba8334fedc5
kerala,2022,kerosene,24.05973520622564,src-cba8334fedc5
kerala,2022,lpg,1133.3480921900043,src-cba8334fedc5
kerala,2022,others,273.3884391639844,src-cba8334fedc5
kerala,2022,petrol,1747.6097568983037,src-cba8334fedc5
kerala,2022,petroleum-coke,20.67525,src-cba8334fedc5
kerala,2023,diesel-hsd,2413.269698812401,src-cba8334fedc5
kerala,2023,kerosene,14.275384357976645,src-cba8334fedc5
kerala,2023,lpg,1135.1628330790018,src-cba8334fedc5
kerala,2023,others,292.4946965084254,src-cba8334fedc5
kerala,2023,petrol,1791.4755479872483,src-cba8334fedc5
kerala,2023,petroleum-coke,24.702232000000002,src-cba8334fedc5
kerala,2024,diesel-hsd,2419,src-cba8334fedc5
kerala,2024,kerosene,6.3,src-cba8334fedc5
kerala,2024,lpg,1167.9,src-cba8334fedc5
kerala,2024,naphtha,0.4,src-cba8334fedc5
kerala,2024,petrol,1879.4,src-cba8334fedc5
kerala,2024,petroleum-coke,18.4,src-cba8334fedc5
ladakh,2014,diesel-hsd,0,src-cba8334fedc5
ladakh,2014,lpg,0,src-cba8334fedc5
ladakh,2015,lpg,0,src-cba8334fedc5
ladakh,2019,diesel-hsd,4.96499688512397,src-cba8334fedc5
ladakh,2019,kerosene,1.4381170194552528,src-cba8334fedc5
ladakh,2019,lpg,1.699141,src-cba8334fedc5
ladakh,2019,petrol,3.587029844082212,src-cba8334fedc5
ladakh,2020,diesel-hsd,56.106494,src-cba8334fedc5
ladakh,2020,kerosene,47.3,src-cba8334fedc5
ladakh,2020,lpg,6.452159999999999,src-cba8334fedc5
ladakh,2020,others,0.4,src-cba8334fedc5
ladakh,2020,petrol,12.5,src-cba8334fedc5
ladakh,2021,diesel-hsd,67.7004673652893,src-cba8334fedc5
ladakh,2021,kerosene,48.01004365758753,src-cba8334fedc5
ladakh,2021,lpg,7.9925552,src-cba8334fedc5
ladakh,2021,petrol,16.790783253012048,src-cba8334fedc5
ladakh,2022,diesel-hsd,80.25210402479341,src-cba8334fedc5
ladakh,2022,kerosene,44.65551313618676,src-cba8334fedc5
ladakh,2022,lpg,8.8752623,src-cba8334fedc5
ladakh,2022,petrol,20.344889978738475,src-cba8334fedc5
ladakh,2023,diesel-hsd,97.2833561983471,src-cba8334fedc5
ladakh,2023,kerosene,46.849001431906615,src-cba8334fedc5
ladakh,2023,lpg,9.498863780999997,src-cba8334fedc5
ladakh,2023,others,0.2142,src-cba8334fedc5
ladakh,2023,petrol,21.707816052445082,src-cba8334fedc5
ladakh,2024,diesel-hsd,103,src-cba8334fedc5
ladakh,2024,kerosene,46.3,src-cba8334fedc5
ladakh,2024,lpg,10.1,src-cba8334fedc5
ladakh,2024,petrol,22.4,src-cba8334fedc5
lakshadweep,2010,diesel-hsd,21,src-cba8334fedc5
lakshadweep,2010,kerosene,1,src-cba8334fedc5
lakshadweep,2011,diesel-hsd,12,src-cba8334fedc5
lakshadweep,2011,kerosene,1,src-cba8334fedc5
lakshadweep,2012,diesel-hsd,12,src-cba8334fedc5
lakshadweep,2012,kerosene,1,src-cba8334fedc5
lakshadweep,2012,lpg,0.2,src-cba8334fedc5
lakshadweep,2013,diesel-hsd,12,src-cba8334fedc5
lakshadweep,2013,kerosene,1,src-cba8334fedc5
lakshadweep,2014,diesel-hsd,14,src-cba8334fedc5
lakshadweep,2014,kerosene,1,src-cba8334fedc5
lakshadweep,2014,lpg,0.2,src-cba8334fedc5
lakshadweep,2015,diesel-hsd,14,src-cba8334fedc5
lakshadweep,2015,kerosene,1,src-cba8334fedc5
lakshadweep,2015,lpg,0.3,src-cba8334fedc5
lakshadweep,2016,diesel-hsd,12.6,src-cba8334fedc5
lakshadweep,2016,kerosene,0.7284,src-cba8334fedc5
lakshadweep,2016,lpg,0.33,src-cba8334fedc5
lakshadweep,2017,diesel-hsd,13.45,src-cba8334fedc5
lakshadweep,2017,kerosene,0.6,src-cba8334fedc5
lakshadweep,2017,lpg,0.35,src-cba8334fedc5
lakshadweep,2017,others,0.013,src-cba8334fedc5
lakshadweep,2018,diesel-hsd,13.965,src-cba8334fedc5
lakshadweep,2018,kerosene,0.598,src-cba8334fedc5
lakshadweep,2018,lpg,0.463,src-cba8334fedc5
lakshadweep,2019,diesel-hsd,15.259,src-cba8334fedc5
lakshadweep,2019,kerosene,0.486,src-cba8334fedc5
lakshadweep,2019,lpg,0.609,src-cba8334fedc5
lakshadweep,2020,diesel-hsd,15.982517,src-cba8334fedc5
lakshadweep,2020,kerosene,0.7,src-cba8334fedc5
lakshadweep,2020,lpg,0.8044000000000001,src-cba8334fedc5
lakshadweep,2020,others,0.3,src-cba8334fedc5
lakshadweep,2021,diesel-hsd,16.066275,src-cba8334fedc5
lakshadweep,2021,kerosene,0.4669240155642024,src-cba8334fedc5
lakshadweep,2021,lpg,0.833949,src-cba8334fedc5
lakshadweep,2021,petrol,0.00596500354358611,src-cba8334fedc5
lakshadweep,2022,diesel-hsd,16.273504000000006,src-cba8334fedc5
lakshadweep,2022,kerosene,0.018677003891050585,src-cba8334fedc5
lakshadweep,2022,lpg,0.904498,src-cba8334fedc5
lakshadweep,2022,petrol,0.7294790077958896,src-cba8334fedc5
lakshadweep,2023,diesel-hsd,19.087927999999998,src-cba8334fedc5
lakshadweep,2023,kerosene,0.018677003891050585,src-cba8334fedc5
lakshadweep,2023,lpg,0.980618,src-cba8334fedc5
lakshadweep,2023,petrol,1.2619660028348687,src-cba8334fedc5
lakshadweep,2024,diesel-hsd,21,src-cba8334fedc5
lakshadweep,2024,kerosene,0,src-cba8334fedc5
lakshadweep,2024,lpg,1,src-cba8334fedc5
lakshadweep,2024,petrol,1.5,src-cba8334fedc5
madhya-pradesh,2010,diesel-hsd,2513,src-cba8334fedc5
madhya-pradesh,2010,kerosene,482,src-cba8334fedc5
madhya-pradesh,2010,lpg,557,src-cba8334fedc5
madhya-pradesh,2010,naphtha,23,src-cba8334fedc5
madhya-pradesh,2010,others,362,src-cba8334fedc5
madhya-pradesh,2010,petrol,620,src-cba8334fedc5
madhya-pradesh,2011,diesel-hsd,2639,src-cba8334fedc5
madhya-pradesh,2011,kerosene,489,src-cba8334fedc5
madhya-pradesh,2011,lpg,606,src-cba8334fedc5
madhya-pradesh,2011,naphtha,1,src-cba8334fedc5
madhya-pradesh,2011,others,373,src-cba8334fedc5
madhya-pradesh,2011,petrol,652,src-cba8334fedc5
madhya-pradesh,2012,diesel-hsd,2838,src-cba8334fedc5
madhya-pradesh,2012,kerosene,488,src-cba8334fedc5
madhya-pradesh,2012,lpg,613,src-cba8334fedc5
madhya-pradesh,2012,naphtha,1,src-cba8334fedc5
madhya-pradesh,2012,others,688,src-cba8334fedc5
madhya-pradesh,2012,petrol,703,src-cba8334fedc5
madhya-pradesh,2013,diesel-hsd,2914,src-cba8334fedc5
madhya-pradesh,2013,kerosene,482,src-cba8334fedc5
madhya-pradesh,2013,lpg,643,src-cba8334fedc5
madhya-pradesh,2013,others,731,src-cba8334fedc5
madhya-pradesh,2013,petrol,783,src-cba8334fedc5
madhya-pradesh,2014,diesel-hsd,2966,src-cba8334fedc5
madhya-pradesh,2014,kerosene,458,src-cba8334fedc5
madhya-pradesh,2014,lpg,708.9,src-cba8334fedc5
madhya-pradesh,2014,others,869,src-cba8334fedc5
madhya-pradesh,2014,petrol,898,src-cba8334fedc5
madhya-pradesh,2015,diesel-hsd,3283,src-cba8334fedc5
madhya-pradesh,2015,kerosene,453,src-cba8334fedc5
madhya-pradesh,2015,lpg,751,src-cba8334fedc5
madhya-pradesh,2015,others,965,src-cba8334fedc5
madhya-pradesh,2015,petrol,1038,src-cba8334fedc5
madhya-pradesh,2016,diesel-hsd,3211.9,src-cba8334fedc5
madhya-pradesh,2016,kerosene,333.5296300000005,src-cba8334fedc5
madhya-pradesh,2016,lpg,838.76,src-cba8334fedc5
madhya-pradesh,2016,others,128.737,src-cba8334fedc5
madhya-pradesh,2016,petrol,1109.49,src-cba8334fedc5
madhya-pradesh,2016,petroleum-coke,825.203,src-cba8334fedc5
madhya-pradesh,2017,diesel-hsd,3562.137710000002,src-cba8334fedc5
madhya-pradesh,2017,kerosene,262.5,src-cba8334fedc5
madhya-pradesh,2017,lpg,914.32,src-cba8334fedc5
madhya-pradesh,2017,others,132.188,src-cba8334fedc5
madhya-pradesh,2017,petrol,1257.3921400000036,src-cba8334fedc5
madhya-pradesh,2017,petroleum-coke,768.956,src-cba8334fedc5
madhya-pradesh,2018,diesel-hsd,3797.4641253546265,src-cba8334fedc5
madhya-pradesh,2018,kerosene,253.985,src-cba8334fedc5
madhya-pradesh,2018,lpg,995.35,src-cba8334fedc5
madhya-pradesh,2018,others,143.623,src-cba8334fedc5
madhya-pradesh,2018,petrol,1372.129,src-cba8334fedc5
madhya-pradesh,2018,petroleum-coke,869.496,src-cba8334fedc5
madhya-pradesh,2019,diesel-hsd,3654.912151337834,src-cba8334fedc5
madhya-pradesh,2019,kerosene,185.926,src-cba8334fedc5
madhya-pradesh,2019,lpg,1068.206,src-cba8334fedc5
madhya-pradesh,2019,naphtha,1.195,src-cba8334fedc5
madhya-pradesh,2019,others,165.92151650613317,src-cba8334fedc5
madhya-pradesh,2019,petrol,1463.685511206439,src-cba8334fedc5
madhya-pradesh,2019,petroleum-coke,822.2207760000006,src-cba8334fedc5
madhya-pradesh,2020,diesel-hsd,3368.9478577859577,src-cba8334fedc5
madhya-pradesh,2020,kerosene,145.9,src-cba8334fedc5
madhya-pradesh,2020,lpg,1136.9943371400066,src-cba8334fedc5
madhya-pradesh,2020,naphtha,2.8,src-cba8334fedc5
madhya-pradesh,2020,others,114.85223497661237,src-cba8334fedc5
madhya-pradesh,2020,petrol,1461.1,src-cba8334fedc5
madhya-pradesh,2020,petroleum-coke,579.9830299999996,src-cba8334fedc5
madhya-pradesh,2021,diesel-hsd,3375.011532937031,src-cba8334fedc5
madhya-pradesh,2021,kerosene,90.98375317276248,src-cba8334fedc5
madhya-pradesh,2021,lpg,1140.1591563500017,src-cba8334fedc5
madhya-pradesh,2021,naphtha,0.39184,src-cba8334fedc5
madhya-pradesh,2021,others,170.5954842997012,src-cba8334fedc5
madhya-pradesh,2021,petrol,1542.7263234868449,src-cba8334fedc5
madhya-pradesh,2021,petroleum-coke,725.7067899999996,src-cba8334fedc5
madhya-pradesh,2022,diesel-hsd,3884.619402194848,src-cba8334fedc5
madhya-pradesh,2022,kerosene,2.821253470038911,src-cba8334fedc5
madhya-pradesh,2022,lpg,1140.3758106339944,src-cba8334fedc5
madhya-pradesh,2022,others,136.89104663738053,src-cba8334fedc5
madhya-pradesh,2022,petrol,1705.2761750061882,src-cba8334fedc5
madhya-pradesh,2022,petroleum-coke,1022.5165389999997,src-cba8334fedc5
madhya-pradesh,2023,diesel-hsd,4163.666551232085,src-cba8334fedc5
madhya-pradesh,2023,kerosene,0.4732195953307394,src-cba8334fedc5
madhya-pradesh,2023,lpg,1192.5684999719997,src-cba8334fedc5
madhya-pradesh,2023,others,155.32068232976474,src-cba8334fedc5
madhya-pradesh,2023,petrol,1825.1269371103235,src-cba8334fedc5
madhya-pradesh,2023,petroleum-coke,955.5611700000002,src-cba8334fedc5
madhya-pradesh,2024,diesel-hsd,4392,src-cba8334fedc5
madhya-pradesh,2024,kerosene,0.2,src-cba8334fedc5
madhya-pradesh,2024,lpg,1263.7,src-cba8334fedc5
madhya-pradesh,2024,naphtha,0.1,src-cba8334fedc5
madhya-pradesh,2024,petrol,1955.2,src-cba8334fedc5
madhya-pradesh,2024,petroleum-coke,926.2,src-cba8334fedc5
maharashtra,2010,diesel-hsd,6658,src-cba8334fedc5
maharashtra,2010,kerosene,1228,src-cba8334fedc5
maharashtra,2010,lpg,2012,src-cba8334fedc5
maharashtra,2010,naphtha,204,src-cba8334fedc5
maharashtra,2010,others,638,src-cba8334fedc5
maharashtra,2010,petrol,1966,src-cba8334fedc5
maharashtra,2011,diesel-hsd,7483,src-cba8334fedc5
maharashtra,2011,kerosene,990,src-cba8334fedc5
maharashtra,2011,lpg,2128,src-cba8334fedc5
maharashtra,2011,naphtha,254,src-cba8334fedc5
maharashtra,2011,others,656,src-cba8334fedc5
maharashtra,2011,petrol,2087,src-cba8334fedc5
maharashtra,2012,diesel-hsd,7741,src-cba8334fedc5
maharashtra,2012,kerosene,745,src-cba8334fedc5
maharashtra,2012,lpg,2135,src-cba8334fedc5
maharashtra,2012,naphtha,286,src-cba8334fedc5
maharashtra,2012,others,1122,src-cba8334fedc5
maharashtra,2012,petrol,2162,src-cba8334fedc5
maharashtra,2013,diesel-hsd,7347,src-cba8334fedc5
maharashtra,2013,kerosene,576,src-cba8334fedc5
maharashtra,2013,lpg,2164,src-cba8334fedc5
maharashtra,2013,naphtha,270,src-cba8334fedc5
maharashtra,2013,others,1097,src-cba8334fedc5
maharashtra,2013,petrol,2272,src-cba8334fedc5
maharashtra,2014,diesel-hsd,7301,src-cba8334fedc5
maharashtra,2014,kerosene,551,src-cba8334fedc5
maharashtra,2014,lpg,2284.9,src-cba8334fedc5
maharashtra,2014,naphtha,296,src-cba8334fedc5
maharashtra,2014,others,1119,src-cba8334fedc5
maharashtra,2014,petrol,2483,src-cba8334fedc5
maharashtra,2015,diesel-hsd,7814,src-cba8334fedc5
maharashtra,2015,kerosene,486,src-cba8334fedc5
maharashtra,2015,lpg,2425.2,src-cba8334fedc5
maharashtra,2015,naphtha,296.6,src-cba8334fedc5
maharashtra,2015,others,1281,src-cba8334fedc5
maharashtra,2015,petrol,2837,src-cba8334fedc5
maharashtra,2016,diesel-hsd,8071.35,src-cba8334fedc5
maharashtra,2016,kerosene,413.1004,src-cba8334fedc5
maharashtra,2016,lpg,2634.58,src-cba8334fedc5
maharashtra,2016,naphtha,401.16,src-cba8334fedc5
maharashtra,2016,others,1468.706,src-cba8334fedc5
maharashtra,2016,petrol,3024.98,src-cba8334fedc5
maharashtra,2016,petroleum-coke,64.103,src-cba8334fedc5
maharashtra,2017,diesel-hsd,8671.901880000121,src-cba8334fedc5
maharashtra,2017,kerosene,305,src-cba8334fedc5
maharashtra,2017,lpg,2799.08,src-cba8334fedc5
maharashtra,2017,naphtha,370.8,src-cba8334fedc5
maharashtra,2017,others,1730.564,src-cba8334fedc5
maharashtra,2017,petrol,3225.5742800000016,src-cba8334fedc5
maharashtra,2017,petroleum-coke,93.62,src-cba8334fedc5
maharashtra,2018,diesel-hsd,9291.818,src-cba8334fedc5
maharashtra,2018,kerosene,200.202,src-cba8334fedc5
maharashtra,2018,lpg,2989.605,src-cba8334fedc5
maharashtra,2018,naphtha,363.058,src-cba8334fedc5
maharashtra,2018,others,1094.467,src-cba8334fedc5
maharashtra,2018,petrol,3358.064,src-cba8334fedc5
maharashtra,2018,petroleum-coke,187.312,src-cba8334fedc5
maharashtra,2019,diesel-hsd,9529.383,src-cba8334fedc5
maharashtra,2019,kerosene,54.01,src-cba8334fedc5
maharashtra,2019,lpg,3123.617,src-cba8334fedc5
maharashtra,2019,naphtha,344.6670272727273,src-cba8334fedc5
maharashtra,2019,others,948.4170999597748,src-cba8334fedc5
maharashtra,2019,petrol,3462.0092713647073,src-cba8334fedc5
maharashtra,2019,petroleum-coke,125.90445499999997,src-cba8334fedc5
maharashtra,2020,diesel-hsd,8031.191093035415,src-cba8334fedc5
maharashtra,2020,kerosene,23.8,src-cba8334fedc5
maharashtra,2020,lpg,3089.1105420500135,src-cba8334fedc5
maharashtra,2020,naphtha,290.9,src-cba8334fedc5
maharashtra,2020,others,965.0788320631685,src-cba8334fedc5
maharashtra,2020,petrol,3014.4,src-cba8334fedc5
maharashtra,2020,petroleum-coke,69.64951000000002,src-cba8334fedc5
maharashtra,2021,diesel-hsd,8322.034137264369,src-cba8334fedc5
maharashtra,2021,kerosene,14.851465401556426,src-cba8334fedc5
maharashtra,2021,lpg,3307.0298757139944,src-cba8334fedc5
maharashtra,2021,naphtha,279.357322,src-cba8334fedc5
maharashtra,2021,others,1028.302457250205,src-cba8334fedc5
maharashtra,2021,petrol,3387.5842483076876,src-cba8334fedc5
maharashtra,2021,petroleum-coke,93.011988,src-cba8334fedc5
maharashtra,2022,diesel-hsd,9291.087551794277,src-cba8334fedc5
maharashtra,2022,kerosene,5.785967260700378,src-cba8334fedc5
maharashtra,2022,lpg,3363.633401551042,src-cba8334fedc5
maharashtra,2022,naphtha,328.47276799999986,src-cba8334fedc5
maharashtra,2022,others,935.4415671926556,src-cba8334fedc5
maharashtra,2022,petrol,3815.2484474781872,src-cba8334fedc5
maharashtra,2022,petroleum-coke,124.05830399999999,src-cba8334fedc5
maharashtra,2023,diesel-hsd,9926.711929116087,src-cba8334fedc5
maharashtra,2023,kerosene,3.929942684824903,src-cba8334fedc5
maharashtra,2023,lpg,3425.889382719008,src-cba8334fedc5
maharashtra,2023,naphtha,376.74902499999996,src-cba8334fedc5
maharashtra,2023,others,693.4305492522891,src-cba8334fedc5
maharashtra,2023,petrol,4068.0261040282076,src-cba8334fedc5
maharashtra,2023,petroleum-coke,108.16306800000001,src-cba8334fedc5
maharashtra,2024,diesel-hsd,10450,src-cba8334fedc5
maharashtra,2024,kerosene,2.7,src-cba8334fedc5
maharashtra,2024,lpg,3533,src-cba8334fedc5
maharashtra,2024,naphtha,327.6,src-cba8334fedc5
maharashtra,2024,petrol,4370.5,src-cba8334fedc5
maharashtra,2024,petroleum-coke,131.7,src-cba8334fedc5
manipur,2010,diesel-hsd,48,src-cba8334fedc5
manipur,2010,kerosene,11,src-cba8334fedc5
manipur,2010,lpg,13,src-cba8334fedc5
manipur,2010,petrol,20,src-cba8334fedc5
manipur,2011,diesel-hsd,62,src-cba8334fedc5
manipur,2011,kerosene,18,src-cba8334fedc5
manipur,2011,lpg,16,src-cba8334fedc5
manipur,2011,petrol,28,src-cba8334fedc5
manipur,2012,diesel-hsd,74,src-cba8334fedc5
manipur,2012,kerosene,20,src-cba8334fedc5
manipur,2012,lpg,19,src-cba8334fedc5
manipur,2012,others,0.02,src-cba8334fedc5
manipur,2012,petrol,33,src-cba8334fedc5
manipur,2013,diesel-hsd,76,src-cba8334fedc5
manipur,2013,kerosene,20,src-cba8334fedc5
manipur,2013,lpg,23,src-cba8334fedc5
manipur,2013,petrol,37,src-cba8334fedc5
manipur,2014,diesel-hsd,83,src-cba8334fedc5
manipur,2014,kerosene,20,src-cba8334fedc5
manipur,2014,lpg,22.3,src-cba8334fedc5
manipur,2014,petrol,41,src-cba8334fedc5
manipur,2015,diesel-hsd,88,src-cba8334fedc5
manipur,2015,kerosene,19,src-cba8334fedc5
manipur,2015,lpg,23.6,src-cba8334fedc5
manipur,2015,petrol,44,src-cba8334fedc5
manipur,2016,diesel-hsd,80.13,src-cba8334fedc5
manipur,2016,kerosene,12.202239999999996,src-cba8334fedc5
manipur,2016,lpg,23.73,src-cba8334fedc5
manipur,2016,petrol,41.84,src-cba8334fedc5
manipur,2017,diesel-hsd,102.52291999999997,src-cba8334fedc5
manipur,2017,kerosene,14.56,src-cba8334fedc5
manipur,2017,lpg,28.36,src-cba8334fedc5
manipur,2017,others,0.171,src-cba8334fedc5
manipur,2017,petrol,54.028220000000005,src-cba8334fedc5
manipur,2018,diesel-hsd,115.79307587603321,src-cba8334fedc5
manipur,2018,kerosene,14.164,src-cba8334fedc5
manipur,2018,lpg,35.73,src-cba8334fedc5
manipur,2018,others,0.031,src-cba8334fedc5
manipur,2018,petrol,61.213,src-cba8334fedc5
manipur,2019,diesel-hsd,118.37205656198378,src-cba8334fedc5
manipur,2019,kerosene,10.264,src-cba8334fedc5
manipur,2019,lpg,40.837,src-cba8334fedc5
manipur,2019,petrol,68.23197895818572,src-cba8334fedc5
manipur,2020,diesel-hsd,108.95600326446288,src-cba8334fedc5
manipur,2020,kerosene,9.1,src-cba8334fedc5
manipur,2020,lpg,48.56972199999994,src-cba8334fedc5
manipur,2020,others,0.42323880645161294,src-cba8334fedc5
manipur,2020,petrol,62.1,src-cba8334fedc5
manipur,2021,diesel-hsd,119.40915057851258,src-cba8334fedc5
manipur,2021,kerosene,7.8979611284046705,src-cba8334fedc5
manipur,2021,lpg,51.88577499999999,src-cba8334fedc5
manipur,2021,others,0.3238492519201228,src-cba8334fedc5
manipur,2021,petrol,67.52203177179298,src-cba8334fedc5
manipur,2022,diesel-hsd,149.47979912396727,src-cba8334fedc5
manipur,2022,kerosene,2.180517042801556,src-cba8334fedc5
manipur,2022,lpg,55.609037999999956,src-cba8334fedc5
manipur,2022,others,0.043782,src-cba8334fedc5
manipur,2022,petrol,88.43158190644921,src-cba8334fedc5
manipur,2023,diesel-hsd,103.63155994214893,src-cba8334fedc5
manipur,2023,kerosene,2.319041035019454,src-cba8334fedc5
manipur,2023,lpg,53.56007159999999,src-cba8334fedc5
manipur,2023,others,0.059714,src-cba8334fedc5
manipur,2023,petrol,75.49623736357199,src-cba8334fedc5
manipur,2024,diesel-hsd,118,src-cba8334fedc5
manipur,2024,kerosene,1.6,src-cba8334fedc5
manipur,2024,lpg,49.9,src-cba8334fedc5
manipur,2024,petrol,83.3,src-cba8334fedc5
meghalaya,2010,diesel-hsd,296,src-cba8334fedc5
meghalaya,2010,kerosene,21,src-cba8334fedc5
meghalaya,2010,lpg,15,src-cba8334fedc5
meghalaya,2010,others,3,src-cba8334fedc5
meghalaya,2010,petrol,48,src-cba8334fedc5
meghalaya,2011,diesel-hsd,348,src-cba8334fedc5
meghalaya,2011,kerosene,20,src-cba8334fedc5
meghalaya,2011,lpg,14,src-cba8334fedc5
meghalaya,2011,others,4,src-cba8334fedc5
meghalaya,2011,petrol,52,src-cba8334fedc5
meghalaya,2012,diesel-hsd,354,src-cba8334fedc5
meghalaya,2012,kerosene,20,src-cba8334fedc5
meghalaya,2012,lpg,14,src-cba8334fedc5
meghalaya,2012,others,3,src-cba8334fedc5
meghalaya,2012,petrol,56,src-cba8334fedc5
meghalaya,2013,diesel-hsd,346,src-cba8334fedc5
meghalaya,2013,kerosene,20,src-cba8334fedc5
meghalaya,2013,lpg,15,src-cba8334fedc5
meghalaya,2013,others,3,src-cba8334fedc5
meghalaya,2013,petrol,59,src-cba8334fedc5
meghalaya,2014,diesel-hsd,302,src-cba8334fedc5
meghalaya,2014,kerosene,20,src-cba8334fedc5
meghalaya,2014,lpg,16.1,src-cba8334fedc5
meghalaya,2014,others,3,src-cba8334fedc5
meghalaya,2014,petrol,59,src-cba8334fedc5
meghalaya,2015,diesel-hsd,295,src-cba8334fedc5
meghalaya,2015,kerosene,20,src-cba8334fedc5
meghalaya,2015,lpg,17.1,src-cba8334fedc5
meghalaya,2015,others,2,src-cba8334fedc5
meghalaya,2015,petrol,65,src-cba8334fedc5
meghalaya,2016,diesel-hsd,299.15,src-cba8334fedc5
meghalaya,2016,kerosene,17.79916,src-cba8334fedc5
meghalaya,2016,lpg,18.75,src-cba8334fedc5
meghalaya,2016,others,1.26,src-cba8334fedc5
meghalaya,2016,petrol,72.98,src-cba8334fedc5
meghalaya,2016,petroleum-coke,3.853,src-cba8334fedc5
meghalaya,2017,diesel-hsd,326.11,src-cba8334fedc5
meghalaya,2017,kerosene,15.2,src-cba8334fedc5
meghalaya,2017,lpg,21.32,src-cba8334fedc5
meghalaya,2017,others,0.759,src-cba8334fedc5
meghalaya,2017,petrol,85.49161000000001,src-cba8334fedc5
meghalaya,2017,petroleum-coke,21.703,src-cba8334fedc5
meghalaya,2018,diesel-hsd,343.665,src-cba8334fedc5
meghalaya,2018,kerosene,15.119,src-cba8334fedc5
meghalaya,2018,lpg,25.137,src-cba8334fedc5
meghalaya,2018,others,0.139,src-cba8334fedc5
meghalaya,2018,petrol,93.675,src-cba8334fedc5
meghalaya,2018,petroleum-coke,3.173,src-cba8334fedc5
meghalaya,2019,diesel-hsd,355.886,src-cba8334fedc5
meghalaya,2019,kerosene,14.857,src-cba8334fedc5
meghalaya,2019,lpg,26.585,src-cba8334fedc5
meghalaya,2019,others,0.05,src-cba8334fedc5
meghalaya,2019,petrol,99.76422211906444,src-cba8334fedc5
meghalaya,2019,petroleum-coke,48.141,src-cba8334fedc5
meghalaya,2020,diesel-hsd,281.05261667768616,src-cba8334fedc5
meghalaya,2020,kerosene,14,src-cba8334fedc5
meghalaya,2020,lpg,27.369934599999954,src-cba8334fedc5
meghalaya,2020,others,0.088221,src-cba8334fedc5
meghalaya,2020,petrol,81.3,src-cba8334fedc5
meghalaya,2021,diesel-hsd,331.12398756198377,src-cba8334fedc5
meghalaya,2021,kerosene,12.532163268482496,src-cba8334fedc5
meghalaya,2021,lpg,27.74832019999999,src-cba8334fedc5
meghalaya,2021,others,0.020097,src-cba8334fedc5
meghalaya,2021,petrol,95.46459923458536,src-cba8334fedc5
meghalaya,2022,diesel-hsd,397.36296147933905,src-cba8334fedc5
meghalaya,2022,kerosene,2.1197827237354083,src-cba8334fedc5
meghalaya,2022,lpg,31.195631399999996,src-cba8334fedc5
meghalaya,2022,petrol,124.59083102055274,src-cba8334fedc5
meghalaya,2023,diesel-hsd,438.39974376859544,src-cba8334fedc5
meghalaya,2023,kerosene,2.446634684824902,src-cba8334fedc5
meghalaya,2023,lpg,32.76989321299995,src-cba8334fedc5
meghalaya,2023,petrol,135.4809949893691,src-cba8334fedc5
meghalaya,2024,diesel-hsd,413,src-cba8334fedc5
meghalaya,2024,kerosene,1.6,src-cba8334fedc5
meghalaya,2024,lpg,36.3,src-cba8334fedc5
meghalaya,2024,petrol,146.8,src-cba8334fedc5
meghalaya,2024,petroleum-coke,0.4,src-cba8334fedc5
mizoram,2010,diesel-hsd,41,src-cba8334fedc5
mizoram,2010,kerosene,6,src-cba8334fedc5
mizoram,2010,lpg,19,src-cba8334fedc5
mizoram,2010,petrol,16,src-cba8334fedc5
mizoram,2011,diesel-hsd,48,src-cba8334fedc5
mizoram,2011,kerosene,6,src-cba8334fedc5
mizoram,2011,lpg,20,src-cba8334fedc5
mizoram,2011,others,1,src-cba8334fedc5
mizoram,2011,petrol,18,src-cba8334fedc5
mizoram,2012,diesel-hsd,53,src-cba8334fedc5
mizoram,2012,kerosene,6,src-cba8334fedc5
mizoram,2012,lpg,20,src-cba8334fedc5
mizoram,2012,others,0.1,src-cba8334fedc5
mizoram,2012,petrol,19,src-cba8334fedc5
mizoram,2013,diesel-hsd,53,src-cba8334fedc5
mizoram,2013,kerosene,6,src-cba8334fedc5
mizoram,2013,lpg,19,src-cba8334fedc5
mizoram,2013,petrol,22,src-cba8334fedc5
mizoram,2014,diesel-hsd,54,src-cba8334fedc5
mizoram,2014,kerosene,6,src-cba8334fedc5
mizoram,2014,lpg,21.1,src-cba8334fedc5
mizoram,2014,petrol,23,src-cba8334fedc5
mizoram,2015,diesel-hsd,57,src-cba8334fedc5
mizoram,2015,kerosene,5,src-cba8334fedc5
mizoram,2015,lpg,21.6,src-cba8334fedc5
mizoram,2015,petrol,24,src-cba8334fedc5
mizoram,2016,diesel-hsd,61.47,src-cba8334fedc5
mizoram,2016,kerosene,4.6786200000000004,src-cba8334fedc5
mizoram,2016,lpg,22.1,src-cba8334fedc5
mizoram,2016,others,0.067,src-cba8334fedc5
mizoram,2016,petrol,24.93,src-cba8334fedc5
mizoram,2017,diesel-hsd,67.6,src-cba8334fedc5
mizoram,2017,kerosene,3.74,src-cba8334fedc5
mizoram,2017,lpg,21.67,src-cba8334fedc5
mizoram,2017,others,0.017,src-cba8334fedc5
mizoram,2017,petrol,25.36393000000001,src-cba8334fedc5
mizoram,2018,diesel-hsd,72.627,src-cba8334fedc5
mizoram,2018,kerosene,3.736,src-cba8334fedc5
mizoram,2018,lpg,25.118,src-cba8334fedc5
mizoram,2018,others,0.02,src-cba8334fedc5
mizoram,2018,petrol,28.204,src-cba8334fedc5
mizoram,2019,diesel-hsd,75.458,src-cba8334fedc5
mizoram,2019,kerosene,2.801,src-cba8334fedc5
mizoram,2019,lpg,27.155,src-cba8334fedc5
mizoram,2019,others,0.016,src-cba8334fedc5
mizoram,2019,petrol,31.16631799433031,src-cba8334fedc5
mizoram,2020,diesel-hsd,68.854857371901,src-cba8334fedc5
mizoram,2020,kerosene,2.5,src-cba8334fedc5
mizoram,2020,lpg,28.995267999999978,src-cba8334fedc5
mizoram,2020,petrol,26,src-cba8334fedc5
mizoram,2021,diesel-hsd,82.69213165289278,src-cba8334fedc5
mizoram,2021,kerosene,2.0917360077821,src-cba8334fedc5
mizoram,2021,lpg,29.566856000000005,src-cba8334fedc5
mizoram,2021,petrol,26.014673458540024,src-cba8334fedc5
mizoram,2022,diesel-hsd,100.68495792562007,src-cba8334fedc5
mizoram,2022,kerosene,0.11205599999999999,src-cba8334fedc5
mizoram,2022,lpg,31.76969000000001,src-cba8334fedc5
mizoram,2022,petrol,35.446319631467,src-cba8334fedc5
mizoram,2023,diesel-hsd,111.23255142148794,src-cba8334fedc5
mizoram,2023,kerosene,0.09338100389105057,src-cba8334fedc5
mizoram,2023,lpg,33.31102899999998,src-cba8334fedc5
mizoram,2023,petrol,42.66893785258677,src-cba8334fedc5
mizoram,2024,diesel-hsd,119,src-cba8334fedc5
mizoram,2024,kerosene,0.1,src-cba8334fedc5
mizoram,2024,lpg,34.4,src-cba8334fedc5
mizoram,2024,petrol,59.3,src-cba8334fedc5
nagaland,2010,diesel-hsd,49,src-cba8334fedc5
nagaland,2010,kerosene,14,src-cba8334fedc5
nagaland,2010,lpg,15,src-cba8334fedc5
nagaland,2010,petrol,23,src-cba8334fedc5
nagaland,2011,diesel-hsd,52,src-cba8334fedc5
nagaland,2011,kerosene,14,src-cba8334fedc5
nagaland,2011,lpg,17,src-cba8334fedc5
nagaland,2011,petrol,23,src-cba8334fedc5
nagaland,2012,diesel-hsd,55,src-cba8334fedc5
nagaland,2012,kerosene,14,src-cba8334fedc5
nagaland,2012,lpg,16,src-cba8334fedc5
nagaland,2012,others,2,src-cba8334fedc5
nagaland,2012,petrol,23,src-cba8334fedc5
nagaland,2013,diesel-hsd,57,src-cba8334fedc5
nagaland,2013,kerosene,14,src-cba8334fedc5
nagaland,2013,lpg,16,src-cba8334fedc5
nagaland,2013,others,1,src-cba8334fedc5
nagaland,2013,petrol,26,src-cba8334fedc5
nagaland,2014,diesel-hsd,57,src-cba8334fedc5
nagaland,2014,kerosene,14,src-cba8334fedc5
nagaland,2014,lpg,17.2,src-cba8334fedc5
nagaland,2014,others,1,src-cba8334fedc5
nagaland,2014,petrol,25,src-cba8334fedc5
nagaland,2015,diesel-hsd,59,src-cba8334fedc5
nagaland,2015,kerosene,13,src-cba8334fedc5
nagaland,2015,lpg,18.7,src-cba8334fedc5
nagaland,2015,petrol,26,src-cba8334fedc5
nagaland,2016,diesel-hsd,64.33620999999997,src-cba8334fedc5
nagaland,2016,kerosene,7.18118,src-cba8334fedc5
nagaland,2016,lpg,19.95,src-cba8334fedc5
nagaland,2016,petrol,34.42,src-cba8334fedc5
nagaland,2017,diesel-hsd,69.77152000000002,src-cba8334fedc5
nagaland,2017,kerosene,7.48,src-cba8334fedc5
nagaland,2017,lpg,22.22,src-cba8334fedc5
nagaland,2017,others,0.015,src-cba8334fedc5
nagaland,2017,petrol,37.33632000000004,src-cba8334fedc5
nagaland,2018,diesel-hsd,77.49311304958687,src-cba8334fedc5
nagaland,2018,kerosene,7.773,src-cba8334fedc5
nagaland,2018,lpg,22.631,src-cba8334fedc5
nagaland,2018,others,0.001,src-cba8334fedc5
nagaland,2018,petrol,36.752,src-cba8334fedc5
nagaland,2019,diesel-hsd,90.43902872727278,src-cba8334fedc5
nagaland,2019,kerosene,7.121,src-cba8334fedc5
nagaland,2019,lpg,24.154,src-cba8334fedc5
nagaland,2019,petrol,39.227048100637816,src-cba8334fedc5
nagaland,2020,diesel-hsd,88.92504062809917,src-cba8334fedc5
nagaland,2020,kerosene,6.7,src-cba8334fedc5
nagaland,2020,lpg,24.758256199999995,src-cba8334fedc5
nagaland,2020,others,0.3,src-cba8334fedc5
nagaland,2020,petrol,31.9,src-cba8334fedc5
nagaland,2021,diesel-hsd,101.14626537190112,src-cba8334fedc5
nagaland,2021,kerosene,6.109567291828792,src-cba8334fedc5
nagaland,2021,lpg,27.519857000000005,src-cba8334fedc5
nagaland,2021,petrol,40.92283296952517,src-cba8334fedc5
nagaland,2022,diesel-hsd,109.85984812396694,src-cba8334fedc5
nagaland,2022,kerosene,0.9828301089494161,src-cba8334fedc5
nagaland,2022,lpg,29.214240200000024,src-cba8334fedc5
nagaland,2022,petrol,51.17767346562722,src-cba8334fedc5
nagaland,2023,diesel-hsd,121.94331433884325,src-cba8334fedc5
nagaland,2023,kerosene,0.933803081712062,src-cba8334fedc5
nagaland,2023,lpg,30.372162680000052,src-cba8334fedc5
nagaland,2023,others,0.1,src-cba8334fedc5
nagaland,2023,petrol,58.46374379872425,src-cba8334fedc5
nagaland,2024,diesel-hsd,127,src-cba8334fedc5
nagaland,2024,kerosene,0.1,src-cba8334fedc5
nagaland,2024,lpg,32.4,src-cba8334fedc5
nagaland,2024,petrol,59.8,src-cba8334fedc5
odisha,2010,diesel-hsd,1776,src-cba8334fedc5
odisha,2010,kerosene,312,src-cba8334fedc5
odisha,2010,lpg,192,src-cba8334fedc5
odisha,2010,naphtha,0.1,src-cba8334fedc5
odisha,2010,others,30,src-cba8334fedc5
odisha,2010,petrol,318,src-cba8334fedc5
odisha,2011,diesel-hsd,1806,src-cba8334fedc5
odisha,2011,kerosene,311,src-cba8334fedc5
odisha,2011,lpg,201,src-cba8334fedc5
odisha,2011,others,57,src-cba8334fedc5
odisha,2011,petrol,343,src-cba8334fedc5
odisha,2012,diesel-hsd,1834,src-cba8334fedc5
odisha,2012,kerosene,309,src-cba8334fedc5
odisha,2012,lpg,213,src-cba8334fedc5
odisha,2012,naphtha,0.1,src-cba8334fedc5
odisha,2012,others,86,src-cba8334fedc5
odisha,2012,petrol,365,src-cba8334fedc5
odisha,2013,diesel-hsd,1990,src-cba8334fedc5
odisha,2013,kerosene,312,src-cba8334fedc5
odisha,2013,lpg,242,src-cba8334fedc5
odisha,2013,others,76,src-cba8334fedc5
odisha,2013,petrol,413,src-cba8334fedc5
odisha,2014,diesel-hsd,1943,src-cba8334fedc5
odisha,2014,kerosene,308,src-cba8334fedc5
odisha,2014,lpg,324.5,src-cba8334fedc5
odisha,2014,others,107,src-cba8334fedc5
odisha,2014,petrol,472,src-cba8334fedc5
odisha,2015,diesel-hsd,2232,src-cba8334fedc5
odisha,2015,kerosene,300,src-cba8334fedc5
odisha,2015,lpg,391.9,src-cba8334fedc5
odisha,2015,naphtha,0.1,src-cba8334fedc5
odisha,2015,others,142,src-cba8334fedc5
odisha,2015,petrol,554,src-cba8334fedc5
odisha,2016,diesel-hsd,2331.101819999993,src-cba8334fedc5
odisha,2016,kerosene,220.28096999999985,src-cba8334fedc5
odisha,2016,lpg,476.79,src-cba8334fedc5
odisha,2016,naphtha,0.11,src-cba8334fedc5
odisha,2016,others,105.619,src-cba8334fedc5
odisha,2016,petrol,614.89,src-cba8334fedc5
odisha,2016,petroleum-coke,404.599,src-cba8334fedc5
odisha,2017,diesel-hsd,2506.0047599999903,src-cba8334fedc5
odisha,2017,kerosene,190.2,src-cba8334fedc5
odisha,2017,lpg,533.56,src-cba8334fedc5
odisha,2017,naphtha,0.11,src-cba8334fedc5
odisha,2017,others,258.263,src-cba8334fedc5
odisha,2017,petrol,703.7731300000016,src-cba8334fedc5
odisha,2017,petroleum-coke,485.531,src-cba8334fedc5
odisha,2018,diesel-hsd,2613.31,src-cba8334fedc5
odisha,2018,kerosene,192.859,src-cba8334fedc5
odisha,2018,lpg,548.522,src-cba8334fedc5
odisha,2018,naphtha,0.123,src-cba8334fedc5
odisha,2018,others,270.641,src-cba8334fedc5
odisha,2018,petrol,775.895,src-cba8334fedc5
odisha,2018,petroleum-coke,407.765,src-cba8334fedc5
odisha,2019,diesel-hsd,2661.7447239520934,src-cba8334fedc5
odisha,2019,kerosene,162.148,src-cba8334fedc5
odisha,2019,lpg,553.11,src-cba8334fedc5
odisha,2019,naphtha,0.068,src-cba8334fedc5
odisha,2019,others,271.21829890166936,src-cba8334fedc5
odisha,2019,petrol,834.45633911592,src-cba8334fedc5
odisha,2019,petroleum-coke,356.3711199999999,src-cba8334fedc5
odisha,2020,diesel-hsd,2534.5064692740534,src-cba8334fedc5
odisha,2020,kerosene,148.1,src-cba8334fedc5
odisha,2020,lpg,691.9875816500003,src-cba8334fedc5
odisha,2020,naphtha,0.3,src-cba8334fedc5
odisha,2020,others,223.96,src-cba8334fedc5
odisha,2020,petrol,782.4,src-cba8334fedc5
odisha,2020,petroleum-coke,406.54629000000006,src-cba8334fedc5
odisha,2021,diesel-hsd,2594,src-cba8334fedc5
odisha,2021,kerosene,117.00349184435782,src-cba8334fedc5
odisha,2021,lpg,638.3624369599999,src-cba8334fedc5
odisha,2021,naphtha,0.11879999999999999,src-cba8334fedc5
odisha,2021,others,237.31461631823055,src-cba8334fedc5
odisha,2021,petrol,863.8741882072337,src-cba8334fedc5
odisha,2021,petroleum-coke,424.82435999999996,src-cba8334fedc5
odisha,2022,diesel-hsd,2929.2724897061157,src-cba8334fedc5
odisha,2022,kerosene,22.36241694941627,src-cba8334fedc5
odisha,2022,lpg,627.2103507999993,src-cba8334fedc5
odisha,2022,naphtha,0.13171,src-cba8334fedc5
odisha,2022,others,244.42311822376365,src-cba8334fedc5
odisha,2022,petrol,992.559688998223,src-cba8334fedc5
odisha,2022,petroleum-coke,519.9700400000002,src-cba8334fedc5
odisha,2023,diesel-hsd,3286.80373327214,src-cba8334fedc5
odisha,2023,kerosene,15.058206871595328,src-cba8334fedc5
odisha,2023,lpg,683.6460458470012,src-cba8334fedc5
odisha,2023,naphtha,0.11401,src-cba8334fedc5
odisha,2023,others,298.71648634900885,src-cba8334fedc5
odisha,2023,petrol,1058.6087723420264,src-cba8334fedc5
odisha,2023,petroleum-coke,697.37518,src-cba8334fedc5
odisha,2024,diesel-hsd,3391,src-cba8334fedc5
odisha,2024,kerosene,5.5,src-cba8334fedc5
odisha,2024,lpg,767.9,src-cba8334fedc5
odisha,2024,naphtha,0.1,src-cba8334fedc5
odisha,2024,petrol,1156.3,src-cba8334fedc5
odisha,2024,petroleum-coke,649.4,src-cba8334fedc5
puducherry,2010,diesel-hsd,350,src-cba8334fedc5
puducherry,2010,kerosene,12,src-cba8334fedc5
puducherry,2010,lpg,36,src-cba8334fedc5
puducherry,2010,others,4,src-cba8334fedc5
puducherry,2010,petrol,90,src-cba8334fedc5
puducherry,2011,diesel-hsd,347,src-cba8334fedc5
puducherry,2011,kerosene,8,src-cba8334fedc5
puducherry,2011,lpg,36,src-cba8334fedc5
puducherry,2011,others,4,src-cba8334fedc5
puducherry,2011,petrol,93,src-cba8334fedc5
puducherry,2012,diesel-hsd,334,src-cba8334fedc5
puducherry,2012,kerosene,3,src-cba8334fedc5
puducherry,2012,lpg,35,src-cba8334fedc5
puducherry,2012,others,2,src-cba8334fedc5
puducherry,2012,petrol,92,src-cba8334fedc5
puducherry,2013,diesel-hsd,290,src-cba8334fedc5
puducherry,2013,kerosene,3,src-cba8334fedc5
puducherry,2013,lpg,32,src-cba8334fedc5
puducherry,2013,others,1,src-cba8334fedc5
puducherry,2013,petrol,94,src-cba8334fedc5
puducherry,2014,diesel-hsd,284,src-cba8334fedc5
puducherry,2014,kerosene,3,src-cba8334fedc5
puducherry,2014,lpg,34.9,src-cba8334fedc5
puducherry,2014,others,3,src-cba8334fedc5
puducherry,2014,petrol,101,src-cba8334fedc5
puducherry,2015,diesel-hsd,330,src-cba8334fedc5
puducherry,2015,kerosene,3,src-cba8334fedc5
puducherry,2015,lpg,38.8,src-cba8334fedc5
puducherry,2015,others,3,src-cba8334fedc5
puducherry,2015,petrol,113,src-cba8334fedc5
puducherry,2016,diesel-hsd,337.53,src-cba8334fedc5
puducherry,2016,kerosene,2.97904,src-cba8334fedc5
puducherry,2016,lpg,41.46,src-cba8334fedc5
puducherry,2016,others,3.931,src-cba8334fedc5
puducherry,2016,petrol,120.09,src-cba8334fedc5
puducherry,2016,petroleum-coke,0.537,src-cba8334fedc5
puducherry,2017,diesel-hsd,332.67,src-cba8334fedc5
puducherry,2017,kerosene,0.51,src-cba8334fedc5
puducherry,2017,lpg,42.98,src-cba8334fedc5
puducherry,2017,others,6.333,src-cba8334fedc5
puducherry,2017,petrol,129.88503000000003,src-cba8334fedc5
puducherry,2017,petroleum-coke,0.125,src-cba8334fedc5
puducherry,2018,diesel-hsd,314.152,src-cba8334fedc5
puducherry,2018,lpg,44.182,src-cba8334fedc5
puducherry,2018,others,5.325,src-cba8334fedc5
puducherry,2018,petrol,132.851,src-cba8334fedc5
puducherry,2019,diesel-hsd,290.324,src-cba8334fedc5
puducherry,2019,kerosene,0.016,src-cba8334fedc5
puducherry,2019,lpg,44.897,src-cba8334fedc5
puducherry,2019,others,3.85409830979988,src-cba8334fedc5
puducherry,2019,petrol,133.7641508646351,src-cba8334fedc5
puducherry,2020,diesel-hsd,210.9232137024794,src-cba8334fedc5
puducherry,2020,lpg,47.191210100000006,src-cba8334fedc5
puducherry,2020,others,6.978041949880797,src-cba8334fedc5
puducherry,2020,petrol,108.4,src-cba8334fedc5
puducherry,2021,diesel-hsd,300.23355227272697,src-cba8334fedc5
puducherry,2021,lpg,47.82743374999999,src-cba8334fedc5
puducherry,2021,others,12.29436519913352,src-cba8334fedc5
puducherry,2021,petrol,128.47161349397587,src-cba8334fedc5
puducherry,2022,diesel-hsd,553.0100887272724,src-cba8334fedc5
puducherry,2022,lpg,46.92073389000004,src-cba8334fedc5
puducherry,2022,others,10.094972044943663,src-cba8334fedc5
puducherry,2022,petrol,168.3569875549256,src-cba8334fedc5
puducherry,2022,petroleum-coke,0.38711,src-cba8334fedc5
puducherry,2023,diesel-hsd,572.747067107438,src-cba8334fedc5
puducherry,2023,lpg,49.04361642799999,src-cba8334fedc5
puducherry,2023,others,11.986328922185564,src-cba8334fedc5
puducherry,2023,petrol,181.05650163004958,src-cba8334fedc5
puducherry,2023,petroleum-coke,1.4945300000000001,src-cba8334fedc5
puducherry,2024,diesel-hsd,584,src-cba8334fedc5
puducherry,2024,kerosene,0,src-cba8334fedc5
puducherry,2024,lpg,49.9,src-cba8334fedc5
puducherry,2024,petrol,192.3,src-cba8334fedc5
puducherry,2024,petroleum-coke,2,src-cba8334fedc5
punjab,2010,diesel-hsd,2936,src-cba8334fedc5
punjab,2010,kerosene,223,src-cba8334fedc5
punjab,2010,lpg,618,src-cba8334fedc5
punjab,2010,others,196,src-cba8334fedc5
punjab,2010,petrol,590,src-cba8334fedc5
punjab,2011,diesel-hsd,3109,src-cba8334fedc5
punjab,2011,kerosene,213,src-cba8334fedc5
punjab,2011,lpg,664,src-cba8334fedc5
punjab,2011,naphtha,4,src-cba8334fedc5
punjab,2011,others,155,src-cba8334fedc5
punjab,2011,petrol,584,src-cba8334fedc5
punjab,2012,diesel-hsd,3255,src-cba8334fedc5
punjab,2012,kerosene,75,src-cba8334fedc5
punjab,2012,lpg,659,src-cba8334fedc5
punjab,2012,naphtha,2,src-cba8334fedc5
punjab,2012,others,304,src-cba8334fedc5
punjab,2012,petrol,578,src-cba8334fedc5
punjab,2013,diesel-hsd,3213,src-cba8334fedc5
punjab,2013,kerosene,69,src-cba8334fedc5
punjab,2013,lpg,664,src-cba8334fedc5
punjab,2013,others,616,src-cba8334fedc5
punjab,2013,petrol,609,src-cba8334fedc5
punjab,2014,diesel-hsd,3216,src-cba8334fedc5
punjab,2014,kerosene,71,src-cba8334fedc5
punjab,2014,lpg,732.1,src-cba8334fedc5
punjab,2014,others,674,src-cba8334fedc5
punjab,2014,petrol,663,src-cba8334fedc5
punjab,2015,diesel-hsd,3302,src-cba8334fedc5
punjab,2015,kerosene,66,src-cba8334fedc5
punjab,2015,lpg,779.7,src-cba8334fedc5
punjab,2015,others,705,src-cba8334fedc5
punjab,2015,petrol,745,src-cba8334fedc5
punjab,2016,diesel-hsd,3348.4782499999883,src-cba8334fedc5
punjab,2016,kerosene,50.857280000000124,src-cba8334fedc5
punjab,2016,lpg,823.93,src-cba8334fedc5
punjab,2016,others,70.002,src-cba8334fedc5
punjab,2016,petrol,805.93,src-cba8334fedc5
punjab,2016,petroleum-coke,659.68,src-cba8334fedc5
punjab,2017,diesel-hsd,3362.64,src-cba8334fedc5
punjab,2017,kerosene,1.92,src-cba8334fedc5
punjab,2017,lpg,873.81,src-cba8334fedc5
punjab,2017,others,78.9,src-cba8334fedc5
punjab,2017,petrol,847.3460900000042,src-cba8334fedc5
punjab,2017,petroleum-coke,1092.434,src-cba8334fedc5
punjab,2018,diesel-hsd,3216.731,src-cba8334fedc5
punjab,2018,kerosene,2.265,src-cba8334fedc5
punjab,2018,lpg,937.535,src-cba8334fedc5
punjab,2018,others,104.037,src-cba8334fedc5
punjab,2018,petrol,879.203,src-cba8334fedc5
punjab,2018,petroleum-coke,1317.623,src-cba8334fedc5
punjab,2019,diesel-hsd,3213.695,src-cba8334fedc5
punjab,2019,kerosene,4.481,src-cba8334fedc5
punjab,2019,lpg,980.696,src-cba8334fedc5
punjab,2019,others,85.35156333683926,src-cba8334fedc5
punjab,2019,petrol,960.2426391278029,src-cba8334fedc5
punjab,2019,petroleum-coke,1249.278,src-cba8334fedc5
punjab,2020,diesel-hsd,2741.733867402352,src-cba8334fedc5
punjab,2020,kerosene,1.2,src-cba8334fedc5
punjab,2020,lpg,991.5384762500003,src-cba8334fedc5
punjab,2020,others,105.19412648507645,src-cba8334fedc5
punjab,2020,petrol,888.4,src-cba8334fedc5
punjab,2020,petroleum-coke,783.75859,src-cba8334fedc5
punjab,2021,diesel-hsd,3112.965841978056,src-cba8334fedc5
punjab,2021,kerosene,0.7206184591439685,src-cba8334fedc5
punjab,2021,lpg,1027.103372518,src-cba8334fedc5
punjab,2021,others,122.68103668397565,src-cba8334fedc5
punjab,2021,petrol,1015.8446677805177,src-cba8334fedc5
punjab,2021,petroleum-coke,801.80601,src-cba8334fedc5
punjab,2022,diesel-hsd,3265.038515188028,src-cba8334fedc5
punjab,2022,kerosene,0.3981956887159534,src-cba8334fedc5
punjab,2022,lpg,1004.1094405919999,src-cba8334fedc5
punjab,2022,naphtha,7.05537,src-cba8334fedc5
punjab,2022,others,75.8515826288237,src-cba8334fedc5
punjab,2022,petrol,1133.638032396015,src-cba8334fedc5
punjab,2022,petroleum-coke,621.5791600000001,src-cba8334fedc5
punjab,2023,diesel-hsd,3466.9827002487564,src-cba8334fedc5
punjab,2023,kerosene,0.3468433385214008,src-cba8334fedc5
punjab,2023,lpg,1048.3272678099984,src-cba8334fedc5
punjab,2023,naphtha,38.437635,src-cba8334fedc5
punjab,2023,others,93.04863314969577,src-cba8334fedc5
punjab,2023,petrol,1182.9251762139268,src-cba8334fedc5
punjab,2023,petroleum-coke,614.3692000000002,src-cba8334fedc5
punjab,2024,diesel-hsd,3347,src-cba8334fedc5
punjab,2024,kerosene,0.4,src-cba8334fedc5
punjab,2024,lpg,1045.3,src-cba8334fedc5
punjab,2024,naphtha,0,src-cba8334fedc5
punjab,2024,petrol,1252.4,src-cba8334fedc5
punjab,2024,petroleum-coke,558.6,src-cba8334fedc5
rajasthan,2010,diesel-hsd,3845,src-cba8334fedc5
rajasthan,2010,kerosene,400,src-cba8334fedc5
rajasthan,2010,lpg,633,src-cba8334fedc5
rajasthan,2010,naphtha,1,src-cba8334fedc5
rajasthan,2010,others,1026,src-cba8334fedc5
rajasthan,2010,petrol,678,src-cba8334fedc5
rajasthan,2011,diesel-hsd,4298,src-cba8334fedc5
rajasthan,2011,kerosene,400,src-cba8334fedc5
rajasthan,2011,lpg,713,src-cba8334fedc5
rajasthan,2011,others,1902,src-cba8334fedc5
rajasthan,2011,petrol,725,src-cba8334fedc5
rajasthan,2012,diesel-hsd,4680,src-cba8334fedc5
rajasthan,2012,kerosene,397,src-cba8334fedc5
rajasthan,2012,lpg,744,src-cba8334fedc5
rajasthan,2012,others,2869,src-cba8334fedc5
rajasthan,2012,petrol,787,src-cba8334fedc5
rajasthan,2013,diesel-hsd,4864,src-cba8334fedc5
rajasthan,2013,kerosene,391,src-cba8334fedc5
rajasthan,2013,lpg,815,src-cba8334fedc5
rajasthan,2013,others,2922,src-cba8334fedc5
rajasthan,2013,petrol,898,src-cba8334fedc5
rajasthan,2014,diesel-hsd,5038,src-cba8334fedc5
rajasthan,2014,kerosene,389,src-cba8334fedc5
rajasthan,2014,lpg,916.6,src-cba8334fedc5
rajasthan,2014,others,2885,src-cba8334fedc5
rajasthan,2014,petrol,1025,src-cba8334fedc5
rajasthan,2015,diesel-hsd,5316,src-cba8334fedc5
rajasthan,2015,kerosene,377,src-cba8334fedc5
rajasthan,2015,lpg,995.2,src-cba8334fedc5
rajasthan,2015,naphtha,0.5,src-cba8334fedc5
rajasthan,2015,others,2667,src-cba8334fedc5
rajasthan,2015,petrol,1183,src-cba8334fedc5
rajasthan,2016,diesel-hsd,5211.508099999995,src-cba8334fedc5
rajasthan,2016,kerosene,278.9567800000001,src-cba8334fedc5
rajasthan,2016,lpg,1107.9,src-cba8334fedc5
rajasthan,2016,naphtha,0.25,src-cba8334fedc5
rajasthan,2016,others,66.248,src-cba8334fedc5
rajasthan,2016,petrol,1298.28,src-cba8334fedc5
rajasthan,2016,petroleum-coke,2408.815,src-cba8334fedc5
rajasthan,2017,diesel-hsd,5477.140100000013,src-cba8334fedc5
rajasthan,2017,kerosene,87.81,src-cba8334fedc5
rajasthan,2017,lpg,1193.77,src-cba8334fedc5
rajasthan,2017,naphtha,1.48,src-cba8334fedc5
rajasthan,2017,others,66.018,src-cba8334fedc5
rajasthan,2017,petrol,1440.3255900000029,src-cba8334fedc5
rajasthan,2017,petroleum-coke,2338.503,src-cba8334fedc5
rajasthan,2018,diesel-hsd,5440.437763441971,src-cba8334fedc5
rajasthan,2018,kerosene,56.643,src-cba8334fedc5
rajasthan,2018,lpg,1292.508,src-cba8334fedc5
rajasthan,2018,naphtha,1.608,src-cba8334fedc5
rajasthan,2018,others,61.698,src-cba8334fedc5
rajasthan,2018,petrol,1550.675,src-cba8334fedc5
rajasthan,2018,petroleum-coke,2211.1,src-cba8334fedc5
rajasthan,2019,diesel-hsd,5271.862917553651,src-cba8334fedc5
rajasthan,2019,kerosene,14.216,src-cba8334fedc5
rajasthan,2019,lpg,1389.864,src-cba8334fedc5
rajasthan,2019,others,67.63915405178479,src-cba8334fedc5
rajasthan,2019,petrol,1657.0040135233144,src-cba8334fedc5
rajasthan,2019,petroleum-coke,1835.525,src-cba8334fedc5
rajasthan,2020,diesel-hsd,4336.774269112837,src-cba8334fedc5
rajasthan,2020,kerosene,2.5,src-cba8334fedc5
rajasthan,2020,lpg,1412.6532504700017,src-cba8334fedc5
rajasthan,2020,others,80.29275371548201,src-cba8334fedc5
rajasthan,2020,petrol,1549.4,src-cba8334fedc5
rajasthan,2020,petroleum-coke,1197.7113300000003,src-cba8334fedc5
rajasthan,2021,diesel-hsd,4452.27554657895,src-cba8334fedc5
rajasthan,2021,kerosene,1.923886957198443,src-cba8334fedc5
rajasthan,2021,lpg,1494.1428130800014,src-cba8334fedc5
rajasthan,2021,naphtha,2.6913,src-cba8334fedc5
rajasthan,2021,others,66.69563309191851,src-cba8334fedc5
rajasthan,2021,petrol,1621.4547717419914,src-cba8334fedc5
rajasthan,2021,petroleum-coke,1924.5562809999985,src-cba8334fedc5
rajasthan,2022,diesel-hsd,5074.272016826778,src-cba8334fedc5
rajasthan,2022,kerosene,1.5438836964980538,src-cba8334fedc5
rajasthan,2022,lpg,1534.8461759800032,src-cba8334fedc5
rajasthan,2022,naphtha,4.995340000000001,src-cba8334fedc5
rajasthan,2022,others,75.93723004609713,src-cba8334fedc5
rajasthan,2022,petrol,1790.4186561572108,src-cba8334fedc5
rajasthan,2022,petroleum-coke,1670.2256500000008,src-cba8334fedc5
rajasthan,2023,diesel-hsd,5495.016524385229,src-cba8334fedc5
rajasthan,2023,kerosene,2.1712136498054475,src-cba8334fedc5
rajasthan,2023,lpg,1633.9035581069977,src-cba8334fedc5
rajasthan,2023,others,74.96171241744148,src-cba8334fedc5
rajasthan,2023,petrol,1896.432757289209,src-cba8334fedc5
rajasthan,2023,petroleum-coke,1514.359180000001,src-cba8334fedc5
rajasthan,2024,diesel-hsd,5814,src-cba8334fedc5
rajasthan,2024,kerosene,1.7,src-cba8334fedc5
rajasthan,2024,lpg,1692.7,src-cba8334fedc5
rajasthan,2024,naphtha,0,src-cba8334fedc5
rajasthan,2024,petrol,2035.7,src-cba8334fedc5
rajasthan,2024,petroleum-coke,1517.1,src-cba8334fedc5
sikkim,2010,diesel-hsd,59,src-cba8334fedc5
sikkim,2010,kerosene,12,src-cba8334fedc5
sikkim,2010,lpg,11,src-cba8334fedc5
sikkim,2010,petrol,11,src-cba8334fedc5
sikkim,2011,diesel-hsd,56,src-cba8334fedc5
sikkim,2011,kerosene,11,src-cba8334fedc5
sikkim,2011,lpg,11,src-cba8334fedc5
sikkim,2011,others,1,src-cba8334fedc5
sikkim,2011,petrol,12,src-cba8334fedc5
sikkim,2012,diesel-hsd,53,src-cba8334fedc5
sikkim,2012,kerosene,11,src-cba8334fedc5
sikkim,2012,lpg,10,src-cba8334fedc5
sikkim,2012,others,0.01,src-cba8334fedc5
sikkim,2012,petrol,12,src-cba8334fedc5
sikkim,2013,diesel-hsd,57,src-cba8334fedc5
sikkim,2013,kerosene,11,src-cba8334fedc5
sikkim,2013,lpg,11,src-cba8334fedc5
sikkim,2013,petrol,13,src-cba8334fedc5
sikkim,2014,diesel-hsd,54,src-cba8334fedc5
sikkim,2014,kerosene,11,src-cba8334fedc5
sikkim,2014,lpg,11.3,src-cba8334fedc5
sikkim,2014,petrol,15,src-cba8334fedc5
sikkim,2015,diesel-hsd,58,src-cba8334fedc5
sikkim,2015,kerosene,12,src-cba8334fedc5
sikkim,2015,lpg,12,src-cba8334fedc5
sikkim,2015,petrol,16,src-cba8334fedc5
sikkim,2016,diesel-hsd,60.73,src-cba8334fedc5
sikkim,2016,kerosene,10.130160000000002,src-cba8334fedc5
sikkim,2016,lpg,12.86,src-cba8334fedc5
sikkim,2016,petrol,16.53,src-cba8334fedc5
sikkim,2017,diesel-hsd,69.04,src-cba8334fedc5
sikkim,2017,kerosene,10.54,src-cba8334fedc5
sikkim,2017,lpg,14,src-cba8334fedc5
sikkim,2017,others,0.004,src-cba8334fedc5
sikkim,2017,petrol,17.525040000000004,src-cba8334fedc5
sikkim,2018,diesel-hsd,77.711,src-cba8334fedc5
sikkim,2018,kerosene,10.13,src-cba8334fedc5
sikkim,2018,lpg,15.56,src-cba8334fedc5
sikkim,2018,naphtha,0.036,src-cba8334fedc5
sikkim,2018,petrol,19.695,src-cba8334fedc5
sikkim,2019,diesel-hsd,77.962,src-cba8334fedc5
sikkim,2019,kerosene,8.812,src-cba8334fedc5
sikkim,2019,lpg,16.849,src-cba8334fedc5
sikkim,2019,naphtha,1.418,src-cba8334fedc5
sikkim,2019,petrol,21.109342530120486,src-cba8334fedc5
sikkim,2020,diesel-hsd,60.35225158677685,src-cba8334fedc5
sikkim,2020,kerosene,10.2,src-cba8334fedc5
sikkim,2020,lpg,16.160032999999984,src-cba8334fedc5
sikkim,2020,petrol,15.8,src-cba8334fedc5
sikkim,2021,diesel-hsd,73.5660121074381,src-cba8334fedc5
sikkim,2021,kerosene,10.18705025680934,src-cba8334fedc5
sikkim,2021,lpg,18.154455999999993,src-cba8334fedc5
sikkim,2021,naphtha,0.05878,src-cba8334fedc5
sikkim,2021,petrol,19.438562076541473,src-cba8334fedc5
sikkim,2022,diesel-hsd,90.75463239669409,src-cba8334fedc5
sikkim,2022,kerosene,9.461784498054474,src-cba8334fedc5
sikkim,2022,lpg,20.286060400000004,src-cba8334fedc5
sikkim,2022,petrol,26.46009243090009,src-cba8334fedc5
sikkim,2023,diesel-hsd,89.88119335537196,src-cba8334fedc5
sikkim,2023,kerosene,7.866453385214006,src-cba8334fedc5
sikkim,2023,lpg,21.238482104999992,src-cba8334fedc5
sikkim,2023,petrol,28.885647448618016,src-cba8334fedc5
sikkim,2024,diesel-hsd,87,src-cba8334fedc5
sikkim,2024,kerosene,8.8,src-cba8334fedc5
sikkim,2024,lpg,22,src-cba8334fedc5
sikkim,2024,naphtha,0,src-cba8334fedc5
sikkim,2024,petrol,30.5,src-cba8334fedc5
tamil-nadu,2010,diesel-hsd,5483,src-cba8334fedc5
tamil-nadu,2010,kerosene,543,src-cba8334fedc5
tamil-nadu,2010,lpg,1362,src-cba8334fedc5
tamil-nadu,2010,naphtha,452,src-cba8334fedc5
tamil-nadu,2010,others,334,src-cba8334fedc5
tamil-nadu,2010,petrol,1346,src-cba8334fedc5
tamil-nadu,2011,diesel-hsd,5989,src-cba8334fedc5
tamil-nadu,2011,kerosene,467,src-cba8334fedc5
tamil-nadu,2011,lpg,1419,src-cba8334fedc5
tamil-nadu,2011,naphtha,640,src-cba8334fedc5
tamil-nadu,2011,others,496,src-cba8334fedc5
tamil-nadu,2011,petrol,1470,src-cba8334fedc5
tamil-nadu,2012,diesel-hsd,6964,src-cba8334fedc5
tamil-nadu,2012,kerosene,401,src-cba8334fedc5
tamil-nadu,2012,lpg,1487,src-cba8334fedc5
tamil-nadu,2012,naphtha,611,src-cba8334fedc5
tamil-nadu,2012,others,370,src-cba8334fedc5
tamil-nadu,2012,petrol,1583,src-cba8334fedc5
tamil-nadu,2013,diesel-hsd,6195,src-cba8334fedc5
tamil-nadu,2013,kerosene,304,src-cba8334fedc5
tamil-nadu,2013,lpg,1583,src-cba8334fedc5
tamil-nadu,2013,naphtha,488,src-cba8334fedc5
tamil-nadu,2013,others,275,src-cba8334fedc5
tamil-nadu,2013,petrol,1696,src-cba8334fedc5
tamil-nadu,2014,diesel-hsd,5962,src-cba8334fedc5
tamil-nadu,2014,kerosene,309,src-cba8334fedc5
tamil-nadu,2014,lpg,1680.3,src-cba8334fedc5
tamil-nadu,2014,naphtha,368,src-cba8334fedc5
tamil-nadu,2014,others,307,src-cba8334fedc5
tamil-nadu,2014,petrol,1849,src-cba8334fedc5
tamil-nadu,2015,diesel-hsd,6312,src-cba8334fedc5
tamil-nadu,2015,kerosene,305,src-cba8334fedc5
tamil-nadu,2015,lpg,1819,src-cba8334fedc5
tamil-nadu,2015,naphtha,206.9,src-cba8334fedc5
tamil-nadu,2015,others,290,src-cba8334fedc5
tamil-nadu,2015,petrol,2052,src-cba8334fedc5
tamil-nadu,2016,diesel-hsd,6468.17,src-cba8334fedc5
tamil-nadu,2016,kerosene,281.8443300000004,src-cba8334fedc5
tamil-nadu,2016,lpg,1910.3,src-cba8334fedc5
tamil-nadu,2016,naphtha,248.62349999999998,src-cba8334fedc5
tamil-nadu,2016,others,224.714,src-cba8334fedc5
tamil-nadu,2016,petrol,2254.68,src-cba8334fedc5
tamil-nadu,2016,petroleum-coke,143.509,src-cba8334fedc5
tamil-nadu,2017,diesel-hsd,6448.106960000024,src-cba8334fedc5
tamil-nadu,2017,kerosene,204.66,src-cba8334fedc5
tamil-nadu,2017,lpg,2019,src-cba8334fedc5
tamil-nadu,2017,naphtha,198.23823,src-cba8334fedc5
tamil-nadu,2017,others,275.071,src-cba8334fedc5
tamil-nadu,2017,petrol,2420.6916699999974,src-cba8334fedc5
tamil-nadu,2017,petroleum-coke,622.999,src-cba8334fedc5
tamil-nadu,2018,diesel-hsd,6354.308,src-cba8334fedc5
tamil-nadu,2018,kerosene,196.442,src-cba8334fedc5
tamil-nadu,2018,lpg,2114.258,src-cba8334fedc5
tamil-nadu,2018,naphtha,179.102,src-cba8334fedc5
tamil-nadu,2018,others,259.759,src-cba8334fedc5
tamil-nadu,2018,petrol,2601.951,src-cba8334fedc5
tamil-nadu,2018,petroleum-coke,824.939,src-cba8334fedc5
tamil-nadu,2019,diesel-hsd,6191.208,src-cba8334fedc5
tamil-nadu,2019,kerosene,153.906,src-cba8334fedc5
tamil-nadu,2019,lpg,2178.058,src-cba8334fedc5
tamil-nadu,2019,naphtha,1.723,src-cba8334fedc5
tamil-nadu,2019,others,314.0089669248489,src-cba8334fedc5
tamil-nadu,2019,petrol,2735.4494858299286,src-cba8334fedc5
tamil-nadu,2019,petroleum-coke,815.582,src-cba8334fedc5
tamil-nadu,2020,diesel-hsd,5006.939089047499,src-cba8334fedc5
tamil-nadu,2020,kerosene,130.4,src-cba8334fedc5
tamil-nadu,2020,lpg,2292.4850683410205,src-cba8334fedc5
tamil-nadu,2020,naphtha,3.7,src-cba8334fedc5
tamil-nadu,2020,others,322.3458326230539,src-cba8334fedc5
tamil-nadu,2020,petrol,2580.6,src-cba8334fedc5
tamil-nadu,2020,petroleum-coke,538.6770390000001,src-cba8334fedc5
tamil-nadu,2021,diesel-hsd,5371.107522480139,src-cba8334fedc5
tamil-nadu,2021,kerosene,104.93117196887138,src-cba8334fedc5
tamil-nadu,2021,lpg,2375.5563329620027,src-cba8334fedc5
tamil-nadu,2021,naphtha,1.7355099999999999,src-cba8334fedc5
tamil-nadu,2021,others,338.56494934283825,src-cba8334fedc5
tamil-nadu,2021,petrol,2758.0931619549474,src-cba8334fedc5
tamil-nadu,2021,petroleum-coke,736,src-cba8334fedc5
tamil-nadu,2022,diesel-hsd,5999.357058653177,src-cba8334fedc5
tamil-nadu,2022,kerosene,73.78599505836539,src-cba8334fedc5
tamil-nadu,2022,lpg,2369.2356411300043,src-cba8334fedc5
tamil-nadu,2022,naphtha,5.373030000000001,src-cba8334fedc5
tamil-nadu,2022,others,334.422574809081,src-cba8334fedc5
tamil-nadu,2022,petrol,3152.905839895082,src-cba8334fedc5
tamil-nadu,2022,petroleum-coke,828.91484,src-cba8334fedc5
tamil-nadu,2023,diesel-hsd,6287.178001444447,src-cba8334fedc5
tamil-nadu,2023,kerosene,55.799323688715546,src-cba8334fedc5
tamil-nadu,2023,lpg,2375.4415473470044,src-cba8334fedc5
tamil-nadu,2023,naphtha,6.391859999999999,src-cba8334fedc5
tamil-nadu,2023,others,569.0937642308656,src-cba8334fedc5
tamil-nadu,2023,petrol,3352.0430889340123,src-cba8334fedc5
tamil-nadu,2023,petroleum-coke,965.3322830000002,src-cba8334fedc5
tamil-nadu,2024,diesel-hsd,6344,src-cba8334fedc5
tamil-nadu,2024,kerosene,41.7,src-cba8334fedc5
tamil-nadu,2024,lpg,2483.6,src-cba8334fedc5
tamil-nadu,2024,naphtha,15.2,src-cba8334fedc5
tamil-nadu,2024,petrol,3533.7,src-cba8334fedc5
tamil-nadu,2024,petroleum-coke,1026.4,src-cba8334fedc5
telangana,2014,diesel-hsd,2668,src-cba8334fedc5
telangana,2014,kerosene,141,src-cba8334fedc5
telangana,2014,lpg,670.1,src-cba8334fedc5
telangana,2014,others,39,src-cba8334fedc5
telangana,2014,petrol,757,src-cba8334fedc5
telangana,2015,diesel-hsd,3078,src-cba8334fedc5
telangana,2015,kerosene,133,src-cba8334fedc5
telangana,2015,lpg,762.5,src-cba8334fedc5
telangana,2015,others,84,src-cba8334fedc5
telangana,2015,petrol,915,src-cba8334fedc5
telangana,2016,diesel-hsd,3294.701829999998,src-cba8334fedc5
telangana,2016,kerosene,105.22318000000018,src-cba8334fedc5
telangana,2016,lpg,836.52,src-cba8334fedc5
telangana,2016,others,36.195,src-cba8334fedc5
telangana,2016,petrol,976.78,src-cba8334fedc5
telangana,2016,petroleum-coke,152.627,src-cba8334fedc5
telangana,2017,diesel-hsd,3684.5475999999967,src-cba8334fedc5
telangana,2017,kerosene,79.33,src-cba8334fedc5
telangana,2017,lpg,891.71,src-cba8334fedc5
telangana,2017,others,40.724,src-cba8334fedc5
telangana,2017,petrol,1092.2985600000025,src-cba8334fedc5
telangana,2017,petroleum-coke,42.173,src-cba8334fedc5
telangana,2018,diesel-hsd,3753.3689714324346,src-cba8334fedc5
telangana,2018,kerosene,74.252,src-cba8334fedc5
telangana,2018,lpg,963.473,src-cba8334fedc5
telangana,2018,others,44.629,src-cba8334fedc5
telangana,2018,petrol,1198.779,src-cba8334fedc5
telangana,2018,petroleum-coke,44.748,src-cba8334fedc5
telangana,2019,diesel-hsd,3621.7557781857654,src-cba8334fedc5
telangana,2019,kerosene,23.882,src-cba8334fedc5
telangana,2019,lpg,1001.438,src-cba8334fedc5
telangana,2019,others,40.1342954644189,src-cba8334fedc5
telangana,2019,petrol,1288.2979077576288,src-cba8334fedc5
telangana,2019,petroleum-coke,77.047,src-cba8334fedc5
telangana,2020,diesel-hsd,3253.3266272688284,src-cba8334fedc5
telangana,2020,kerosene,2.7,src-cba8334fedc5
telangana,2020,lpg,1027.4733180699986,src-cba8334fedc5
telangana,2020,naphtha,0.1,src-cba8334fedc5
telangana,2020,others,40.960915068206965,src-cba8334fedc5
telangana,2020,petrol,1199.5,src-cba8334fedc5
telangana,2020,petroleum-coke,75.76826399999999,src-cba8334fedc5
telangana,2021,diesel-hsd,3555.838199625764,src-cba8334fedc5
telangana,2021,kerosene,0.7424024280155646,src-cba8334fedc5
telangana,2021,lpg,1086.8791212700005,src-cba8334fedc5
telangana,2021,others,45.57735990611099,src-cba8334fedc5
telangana,2021,petrol,1357.3,src-cba8334fedc5
telangana,2021,petroleum-coke,161.3,src-cba8334fedc5
telangana,2022,diesel-hsd,3528.8418355813274,src-cba8334fedc5
telangana,2022,kerosene,0.308171206225681,src-cba8334fedc5
telangana,2022,lpg,1123.6783253599963,src-cba8334fedc5
telangana,2022,others,35.381658238779,src-cba8334fedc5
telangana,2022,petrol,1541.4315224496668,src-cba8334fedc5
telangana,2022,petroleum-coke,234.754761,src-cba8334fedc5
telangana,2023,diesel-hsd,3668.291378944692,src-cba8334fedc5
telangana,2023,kerosene,0.270817120622568,src-cba8334fedc5
telangana,2023,lpg,1133.0874695030002,src-cba8334fedc5
telangana,2023,others,48.32377270096207,src-cba8334fedc5
telangana,2023,petrol,1675.0950028848513,src-cba8334fedc5
telangana,2023,petroleum-coke,196.48107699999997,src-cba8334fedc5
telangana,2024,diesel-hsd,3647,src-cba8334fedc5
telangana,2024,kerosene,0.3,src-cba8334fedc5
telangana,2024,lpg,1181.4,src-cba8334fedc5
telangana,2024,naphtha,0,src-cba8334fedc5
telangana,2024,petrol,1801.2,src-cba8334fedc5
telangana,2024,petroleum-coke,153.9,src-cba8334fedc5
tripura,2010,diesel-hsd,78,src-cba8334fedc5
tripura,2010,kerosene,31,src-cba8334fedc5
tripura,2010,lpg,25,src-cba8334fedc5
tripura,2010,petrol,26,src-cba8334fedc5
tripura,2011,diesel-hsd,79,src-cba8334fedc5
tripura,2011,kerosene,30,src-cba8334fedc5
tripura,2011,lpg,27,src-cba8334fedc5
tripura,2011,others,2,src-cba8334fedc5
tripura,2011,petrol,27,src-cba8334fedc5
tripura,2012,diesel-hsd,81,src-cba8334fedc5
tripura,2012,kerosene,31,src-cba8334fedc5
tripura,2012,lpg,25,src-cba8334fedc5
tripura,2012,others,0.1,src-cba8334fedc5
tripura,2012,petrol,29,src-cba8334fedc5
tripura,2013,diesel-hsd,80,src-cba8334fedc5
tripura,2013,kerosene,31,src-cba8334fedc5
tripura,2013,lpg,29,src-cba8334fedc5
tripura,2013,petrol,31,src-cba8334fedc5
tripura,2014,diesel-hsd,82,src-cba8334fedc5
tripura,2014,kerosene,31,src-cba8334fedc5
tripura,2014,lpg,31.6,src-cba8334fedc5
tripura,2014,petrol,33,src-cba8334fedc5
tripura,2015,diesel-hsd,93,src-cba8334fedc5
tripura,2015,kerosene,30,src-cba8334fedc5
tripura,2015,lpg,35.4,src-cba8334fedc5
tripura,2015,petrol,38,src-cba8334fedc5
tripura,2016,diesel-hsd,90.46,src-cba8334fedc5
tripura,2016,kerosene,26.87295,src-cba8334fedc5
tripura,2016,lpg,37.6,src-cba8334fedc5
tripura,2016,others,0.044,src-cba8334fedc5
tripura,2016,petrol,41.49,src-cba8334fedc5
tripura,2017,diesel-hsd,99.58,src-cba8334fedc5
tripura,2017,kerosene,22.88,src-cba8334fedc5
tripura,2017,lpg,44.1,src-cba8334fedc5
tripura,2017,others,0.214,src-cba8334fedc5
tripura,2017,petrol,47.564830000000015,src-cba8334fedc5
tripura,2018,diesel-hsd,93.565,src-cba8334fedc5
tripura,2018,kerosene,22.811,src-cba8334fedc5
tripura,2018,lpg,49.155,src-cba8334fedc5
tripura,2018,others,0.089,src-cba8334fedc5
tripura,2018,petrol,54.146,src-cba8334fedc5
tripura,2019,diesel-hsd,86.792,src-cba8334fedc5
tripura,2019,kerosene,20.372,src-cba8334fedc5
tripura,2019,lpg,52.863,src-cba8334fedc5
tripura,2019,others,0.12391999999999997,src-cba8334fedc5
tripura,2019,petrol,57.67840666194189,src-cba8334fedc5
tripura,2020,diesel-hsd,88.65476955371922,src-cba8334fedc5
tripura,2020,kerosene,19.5,src-cba8334fedc5
tripura,2020,lpg,60.04662399999995,src-cba8334fedc5
tripura,2020,others,0.149142,src-cba8334fedc5
tripura,2020,petrol,53.7,src-cba8334fedc5
tripura,2021,diesel-hsd,94.70067525619858,src-cba8334fedc5
tripura,2021,kerosene,17.50182112062258,src-cba8334fedc5
tripura,2021,lpg,57.73113119999997,src-cba8334fedc5
tripura,2021,others,0.095543,src-cba8334fedc5
tripura,2021,petrol,57.52931166548549,src-cba8334fedc5
tripura,2022,diesel-hsd,101.32820061983493,src-cba8334fedc5
tripura,2022,kerosene,6.5166291595330765,src-cba8334fedc5
tripura,2022,lpg,57.54646740000007,src-cba8334fedc5
tripura,2022,others,0.09578999999999999,src-cba8334fedc5
tripura,2022,petrol,64.30445257973064,src-cba8334fedc5
tripura,2023,diesel-hsd,108.89197502479367,src-cba8334fedc5
tripura,2023,kerosene,7.103404108949416,src-cba8334fedc5
tripura,2023,lpg,60.42404745200005,src-cba8334fedc5
tripura,2023,others,0.048026,src-cba8334fedc5
tripura,2023,petrol,68.1364927356484,src-cba8334fedc5
tripura,2024,diesel-hsd,118,src-cba8334fedc5
tripura,2024,kerosene,3.9,src-cba8334fedc5
tripura,2024,lpg,66.3,src-cba8334fedc5
tripura,2024,petrol,70.9,src-cba8334fedc5
uttar-pradesh,2010,diesel-hsd,5997,src-cba8334fedc5
uttar-pradesh,2010,kerosene,1241,src-cba8334fedc5
uttar-pradesh,2010,lpg,1487,src-cba8334fedc5
uttar-pradesh,2010,naphtha,12,src-cba8334fedc5
uttar-pradesh,2010,others,420,src-cba8334fedc5
uttar-pradesh,2010,petrol,1315,src-cba8334fedc5
uttar-pradesh,2011,diesel-hsd,6252,src-cba8334fedc5
uttar-pradesh,2011,kerosene,1240,src-cba8334fedc5
uttar-pradesh,2011,lpg,1640,src-cba8334fedc5
uttar-pradesh,2011,others,457,src-cba8334fedc5
uttar-pradesh,2011,petrol,1374,src-cba8334fedc5
uttar-pradesh,2012,diesel-hsd,6483,src-cba8334fedc5
uttar-pradesh,2012,kerosene,1239,src-cba8334fedc5
uttar-pradesh,2012,lpg,1649,src-cba8334fedc5
uttar-pradesh,2012,naphtha,14,src-cba8334fedc5
uttar-pradesh,2012,others,566,src-cba8334fedc5
uttar-pradesh,2012,petrol,1446,src-cba8334fedc5
uttar-pradesh,2013,diesel-hsd,6256,src-cba8334fedc5
uttar-pradesh,2013,kerosene,1238,src-cba8334fedc5
uttar-pradesh,2013,lpg,1841,src-cba8334fedc5
uttar-pradesh,2013,others,669,src-cba8334fedc5
uttar-pradesh,2013,petrol,1617,src-cba8334fedc5
uttar-pradesh,2014,diesel-hsd,6420,src-cba8334fedc5
uttar-pradesh,2014,kerosene,1238,src-cba8334fedc5
uttar-pradesh,2014,lpg,2132,src-cba8334fedc5
uttar-pradesh,2014,others,782,src-cba8334fedc5
uttar-pradesh,2014,petrol,1816,src-cba8334fedc5
uttar-pradesh,2015,diesel-hsd,7098,src-cba8334fedc5
uttar-pradesh,2015,kerosene,1216,src-cba8334fedc5
uttar-pradesh,2015,lpg,2351.4,src-cba8334fedc5
uttar-pradesh,2015,naphtha,0.7,src-cba8334fedc5
uttar-pradesh,2015,others,939,src-cba8334fedc5
uttar-pradesh,2015,petrol,2164,src-cba8334fedc5
uttar-pradesh,2016,diesel-hsd,7705.656750000038,src-cba8334fedc5
uttar-pradesh,2016,kerosene,915.1879199999995,src-cba8334fedc5
uttar-pradesh,2016,lpg,2703.43,src-cba8334fedc5
uttar-pradesh,2016,naphtha,1.13,src-cba8334fedc5
uttar-pradesh,2016,others,277.472,src-cba8334fedc5
uttar-pradesh,2016,petrol,2423.43,src-cba8334fedc5
uttar-pradesh,2016,petroleum-coke,619.669,src-cba8334fedc5
uttar-pradesh,2017,diesel-hsd,8608.041540000126,src-cba8334fedc5
uttar-pradesh,2017,kerosene,707.44,src-cba8334fedc5
uttar-pradesh,2017,lpg,2923.67,src-cba8334fedc5
uttar-pradesh,2017,naphtha,2.04,src-cba8334fedc5
uttar-pradesh,2017,others,266.346,src-cba8334fedc5
uttar-pradesh,2017,petrol,2759.514129999993,src-cba8334fedc5
uttar-pradesh,2017,petroleum-coke,392.246,src-cba8334fedc5
uttar-pradesh,2018,diesel-hsd,9453.40740262397,src-cba8334fedc5
uttar-pradesh,2018,kerosene,686.385,src-cba8334fedc5
uttar-pradesh,2018,lpg,3166.162,src-cba8334fedc5
uttar-pradesh,2018,naphtha,1.317,src-cba8334fedc5
uttar-pradesh,2018,others,315.382,src-cba8334fedc5
uttar-pradesh,2018,petrol,3119.222,src-cba8334fedc5
uttar-pradesh,2018,petroleum-coke,43.264,src-cba8334fedc5
uttar-pradesh,2019,diesel-hsd,9484.9278329845,src-cba8334fedc5
uttar-pradesh,2019,kerosene,353.482,src-cba8334fedc5
uttar-pradesh,2019,lpg,3531.68,src-cba8334fedc5
uttar-pradesh,2019,others,319.90859711091724,src-cba8334fedc5
uttar-pradesh,2019,petrol,3319.9173503759066,src-cba8334fedc5
uttar-pradesh,2019,petroleum-coke,108.83344000000001,src-cba8334fedc5
uttar-pradesh,2020,diesel-hsd,9384.75376104622,src-cba8334fedc5
uttar-pradesh,2020,kerosene,23.8,src-cba8334fedc5
uttar-pradesh,2020,lpg,3819.4285669899937,src-cba8334fedc5
uttar-pradesh,2020,others,302.6213242441583,src-cba8334fedc5
uttar-pradesh,2020,petrol,3210.1,src-cba8334fedc5
uttar-pradesh,2020,petroleum-coke,105.00671999999997,src-cba8334fedc5
uttar-pradesh,2021,diesel-hsd,9496.283566388478,src-cba8334fedc5
uttar-pradesh,2021,kerosene,2.5158488793774323,src-cba8334fedc5
uttar-pradesh,2021,lpg,3855.400227829998,src-cba8334fedc5
uttar-pradesh,2021,naphtha,1.1709100000000001,src-cba8334fedc5
uttar-pradesh,2021,others,399.90847538703736,src-cba8334fedc5
uttar-pradesh,2021,petrol,3696.102882252301,src-cba8334fedc5
uttar-pradesh,2021,petroleum-coke,38.42842,src-cba8334fedc5
uttar-pradesh,2022,diesel-hsd,9858.63960313148,src-cba8334fedc5
uttar-pradesh,2022,kerosene,1.6949200077821005,src-cba8334fedc5
uttar-pradesh,2022,lpg,3778.7513550250087,src-cba8334fedc5
uttar-pradesh,2022,naphtha,8.268730000000001,src-cba8334fedc5
uttar-pradesh,2022,others,331.3456611856155,src-cba8334fedc5
uttar-pradesh,2022,petrol,4103.410580225236,src-cba8334fedc5
uttar-pradesh,2022,petroleum-coke,43.726670000000006,src-cba8334fedc5
uttar-pradesh,2023,diesel-hsd,10307.553718088093,src-cba8334fedc5
uttar-pradesh,2023,kerosene,1.1551183190661476,src-cba8334fedc5
uttar-pradesh,2023,lpg,4085.4213173430035,src-cba8334fedc5
uttar-pradesh,2023,others,360.5588071604962,src-cba8334fedc5
uttar-pradesh,2023,petrol,4368.628595481068,src-cba8334fedc5
uttar-pradesh,2023,petroleum-coke,34.046079999999996,src-cba8334fedc5
uttar-pradesh,2024,diesel-hsd,10636,src-cba8334fedc5
uttar-pradesh,2024,kerosene,1.1,src-cba8334fedc5
uttar-pradesh,2024,lpg,4313.4,src-cba8334fedc5
uttar-pradesh,2024,naphtha,0.1,src-cba8334fedc5
uttar-pradesh,2024,petrol,4832.8,src-cba8334fedc5
uttar-pradesh,2024,petroleum-coke,15,src-cba8334fedc5
uttarakhand,2010,diesel-hsd,551,src-cba8334fedc5
uttarakhand,2010,kerosene,90,src-cba8334fedc5
uttarakhand,2010,lpg,180,src-cba8334fedc5
uttarakhand,2010,others,20,src-cba8334fedc5
uttarakhand,2010,petrol,156,src-cba8334fedc5
uttarakhand,2011,diesel-hsd,578,src-cba8334fedc5
uttarakhand,2011,kerosene,87,src-cba8334fedc5
uttarakhand,2011,lpg,195,src-cba8334fedc5
uttarakhand,2011,others,25,src-cba8334fedc5
uttarakhand,2011,petrol,165,src-cba8334fedc5
uttarakhand,2012,diesel-hsd,675,src-cba8334fedc5
uttarakhand,2012,kerosene,33,src-cba8334fedc5
uttarakhand,2012,lpg,198,src-cba8334fedc5
uttarakhand,2012,others,28,src-cba8334fedc5
uttarakhand,2012,petrol,176,src-cba8334fedc5
uttarakhand,2013,diesel-hsd,635,src-cba8334fedc5
uttarakhand,2013,kerosene,32,src-cba8334fedc5
uttarakhand,2013,lpg,200,src-cba8334fedc5
uttarakhand,2013,others,41,src-cba8334fedc5
uttarakhand,2013,petrol,191,src-cba8334fedc5
uttarakhand,2014,diesel-hsd,660,src-cba8334fedc5
uttarakhand,2014,kerosene,31,src-cba8334fedc5
uttarakhand,2014,lpg,213.6,src-cba8334fedc5
uttarakhand,2014,others,52,src-cba8334fedc5
uttarakhand,2014,petrol,216,src-cba8334fedc5
uttarakhand,2015,diesel-hsd,747,src-cba8334fedc5
uttarakhand,2015,kerosene,31,src-cba8334fedc5
uttarakhand,2015,lpg,232,src-cba8334fedc5
uttarakhand,2015,others,84,src-cba8334fedc5
uttarakhand,2015,petrol,253,src-cba8334fedc5
uttarakhand,2016,diesel-hsd,721.7995100000021,src-cba8334fedc5
uttarakhand,2016,kerosene,27.72952999999999,src-cba8334fedc5
uttarakhand,2016,lpg,249.66,src-cba8334fedc5
uttarakhand,2016,others,12.401,src-cba8334fedc5
uttarakhand,2016,petrol,263.78,src-cba8334fedc5
uttarakhand,2016,petroleum-coke,45.002,src-cba8334fedc5
uttarakhand,2017,diesel-hsd,713.0712300000025,src-cba8334fedc5
uttarakhand,2017,kerosene,13.84,src-cba8334fedc5
uttarakhand,2017,lpg,268.47,src-cba8334fedc5
uttarakhand,2017,others,10.405,src-cba8334fedc5
uttarakhand,2017,petrol,286.89452999999975,src-cba8334fedc5
uttarakhand,2017,petroleum-coke,68.033,src-cba8334fedc5
uttarakhand,2018,diesel-hsd,762.2449896776825,src-cba8334fedc5
uttarakhand,2018,kerosene,11.507,src-cba8334fedc5
uttarakhand,2018,lpg,288.094,src-cba8334fedc5
uttarakhand,2018,others,10.95,src-cba8334fedc5
uttarakhand,2018,petrol,309.238,src-cba8334fedc5
uttarakhand,2018,petroleum-coke,121.207,src-cba8334fedc5
uttarakhand,2019,diesel-hsd,744.0101747008262,src-cba8334fedc5
uttarakhand,2019,kerosene,3.813,src-cba8334fedc5
uttarakhand,2019,lpg,308.176,src-cba8334fedc5
uttarakhand,2019,others,10.053233347497336,src-cba8334fedc5
uttarakhand,2019,petrol,326.2756813876684,src-cba8334fedc5
uttarakhand,2019,petroleum-coke,111.25482899999997,src-cba8334fedc5
uttarakhand,2020,diesel-hsd,657.1608263607408,src-cba8334fedc5
uttarakhand,2020,kerosene,4.1,src-cba8334fedc5
uttarakhand,2020,lpg,304.5299166200007,src-cba8334fedc5
uttarakhand,2020,others,8.337710257133862,src-cba8334fedc5
uttarakhand,2020,petrol,293,src-cba8334fedc5
uttarakhand,2020,petroleum-coke,73.44511,src-cba8334fedc5
uttarakhand,2021,diesel-hsd,699.6112959008217,src-cba8334fedc5
uttarakhand,2021,kerosene,3.456791182879378,src-cba8334fedc5
uttarakhand,2021,lpg,321.7578708249999,src-cba8334fedc5
uttarakhand,2021,others,10.158688808772283,src-cba8334fedc5
uttarakhand,2021,petrol,338.42939664776725,src-cba8334fedc5
uttarakhand,2021,petroleum-coke,77.76057000000002,src-cba8334fedc5
uttarakhand,2022,diesel-hsd,779.6905593173539,src-cba8334fedc5
uttarakhand,2022,kerosene,3.9579494863813234,src-cba8334fedc5
uttarakhand,2022,lpg,336.8241304600011,src-cba8334fedc5
uttarakhand,2022,others,11.59376639184698,src-cba8334fedc5
uttarakhand,2022,petrol,410.22226687455577,src-cba8334fedc5
uttarakhand,2022,petroleum-coke,27.806960000000004,src-cba8334fedc5
uttarakhand,2023,diesel-hsd,815.2867999570212,src-cba8334fedc5
uttarakhand,2023,kerosene,3.797640038910507,src-cba8334fedc5
uttarakhand,2023,lpg,350.04275786900087,src-cba8334fedc5
uttarakhand,2023,others,11.36001637873592,src-cba8334fedc5
uttarakhand,2023,petrol,438.65591625797254,src-cba8334fedc5
uttarakhand,2023,petroleum-coke,37.10144,src-cba8334fedc5
uttarakhand,2024,diesel-hsd,822,src-cba8334fedc5
uttarakhand,2024,kerosene,3.5,src-cba8334fedc5
uttarakhand,2024,lpg,358.2,src-cba8334fedc5
uttarakhand,2024,petrol,488.6,src-cba8334fedc5
uttarakhand,2024,petroleum-coke,22,src-cba8334fedc5
west-bengal,2010,diesel-hsd,2464,src-cba8334fedc5
west-bengal,2010,kerosene,758,src-cba8334fedc5
west-bengal,2010,lpg,739,src-cba8334fedc5
west-bengal,2010,naphtha,547,src-cba8334fedc5
west-bengal,2010,others,137,src-cba8334fedc5
west-bengal,2010,petrol,392,src-cba8334fedc5
west-bengal,2011,diesel-hsd,2561,src-cba8334fedc5
west-bengal,2011,kerosene,758,src-cba8334fedc5
west-bengal,2011,lpg,821,src-cba8334fedc5
west-bengal,2011,naphtha,368,src-cba8334fedc5
west-bengal,2011,others,95,src-cba8334fedc5
west-bengal,2011,petrol,406,src-cba8334fedc5
west-bengal,2012,diesel-hsd,2733,src-cba8334fedc5
west-bengal,2012,kerosene,751,src-cba8334fedc5
west-bengal,2012,lpg,857,src-cba8334fedc5
west-bengal,2012,naphtha,686,src-cba8334fedc5
west-bengal,2012,others,99,src-cba8334fedc5
west-bengal,2012,petrol,443,src-cba8334fedc5
west-bengal,2013,diesel-hsd,2637,src-cba8334fedc5
west-bengal,2013,kerosene,754,src-cba8334fedc5
west-bengal,2013,lpg,932,src-cba8334fedc5
west-bengal,2013,naphtha,1040,src-cba8334fedc5
west-bengal,2013,others,98,src-cba8334fedc5
west-bengal,2013,petrol,484,src-cba8334fedc5
west-bengal,2014,diesel-hsd,2640,src-cba8334fedc5
west-bengal,2014,kerosene,756,src-cba8334fedc5
west-bengal,2014,lpg,1058.5,src-cba8334fedc5
west-bengal,2014,naphtha,454,src-cba8334fedc5
west-bengal,2014,others,97,src-cba8334fedc5
west-bengal,2014,petrol,555,src-cba8334fedc5
west-bengal,2015,diesel-hsd,2955,src-cba8334fedc5
west-bengal,2015,kerosene,736,src-cba8334fedc5
west-bengal,2015,lpg,1226.3,src-cba8334fedc5
west-bengal,2015,naphtha,517,src-cba8334fedc5
west-bengal,2015,others,108,src-cba8334fedc5
west-bengal,2015,petrol,655,src-cba8334fedc5
west-bengal,2016,diesel-hsd,3096.07,src-cba8334fedc5
west-bengal,2016,kerosene,616.5692900000008,src-cba8334fedc5
west-bengal,2016,lpg,1427.06,src-cba8334fedc5
west-bengal,2016,naphtha,449.53,src-cba8334fedc5
west-bengal,2016,others,90.343,src-cba8334fedc5
west-bengal,2016,petrol,725.5,src-cba8334fedc5
west-bengal,2016,petroleum-coke,24.088,src-cba8334fedc5
west-bengal,2017,diesel-hsd,3390.54,src-cba8334fedc5
west-bengal,2017,kerosene,511.4,src-cba8334fedc5
west-bengal,2017,lpg,1597.23,src-cba8334fedc5
west-bengal,2017,naphtha,767.33,src-cba8334fedc5
west-bengal,2017,others,104.681,src-cba8334fedc5
west-bengal,2017,petrol,812.0909600000043,src-cba8334fedc5
west-bengal,2017,petroleum-coke,33.62,src-cba8334fedc5
west-bengal,2018,diesel-hsd,3448.668,src-cba8334fedc5
west-bengal,2018,kerosene,546.667,src-cba8334fedc5
west-bengal,2018,lpg,1689.653,src-cba8334fedc5
west-bengal,2018,naphtha,947.169,src-cba8334fedc5
west-bengal,2018,others,108.319,src-cba8334fedc5
west-bengal,2018,petrol,904.127,src-cba8334fedc5
west-bengal,2018,petroleum-coke,53.811,src-cba8334fedc5
west-bengal,2019,diesel-hsd,3438.599,src-cba8334fedc5
west-bengal,2019,kerosene,541.694,src-cba8334fedc5
west-bengal,2019,lpg,1794.881,src-cba8334fedc5
west-bengal,2019,naphtha,1156.758,src-cba8334fedc5
west-bengal,2019,others,151.78695391087297,src-cba8334fedc5
west-bengal,2019,petrol,996.0956012810203,src-cba8334fedc5
west-bengal,2019,petroleum-coke,67.03918000000002,src-cba8334fedc5
west-bengal,2020,diesel-hsd,3007.9372524004953,src-cba8334fedc5
west-bengal,2020,kerosene,544.5,src-cba8334fedc5
west-bengal,2020,lpg,1983.8780032800114,src-cba8334fedc5
west-bengal,2020,naphtha,849.2,src-cba8334fedc5
west-bengal,2020,others,176.30070278173943,src-cba8334fedc5
west-bengal,2020,petrol,997.5,src-cba8334fedc5
west-bengal,2020,petroleum-coke,115.91633,src-cba8334fedc5
west-bengal,2021,diesel-hsd,2962.2949577796326,src-cba8334fedc5
west-bengal,2021,kerosene,539.2135662163425,src-cba8334fedc5
west-bengal,2021,lpg,1945.0529436800032,src-cba8334fedc5
west-bengal,2021,naphtha,783.1808779999998,src-cba8334fedc5
west-bengal,2021,others,206.8624169295719,src-cba8334fedc5
west-bengal,2021,petrol,1076.9368015644793,src-cba8334fedc5
west-bengal,2021,petroleum-coke,214.68363000000014,src-cba8334fedc5
west-bengal,2022,diesel-hsd,3496.887639476869,src-cba8334fedc5
west-bengal,2022,kerosene,135.182904322179,src-cba8334fedc5
west-bengal,2022,lpg,1924.7383827799947,src-cba8334fedc5
west-bengal,2022,naphtha,534.7729800000001,src-cba8334fedc5
west-bengal,2022,others,338.98533925366144,src-cba8334fedc5
west-bengal,2022,petrol,1191.083213804178,src-cba8334fedc5
west-bengal,2022,petroleum-coke,230.79780000000017,src-cba8334fedc5
west-bengal,2023,diesel-hsd,3522.3370887859082,src-cba8334fedc5
west-bengal,2023,kerosene,195.04949483735413,src-cba8334fedc5
west-bengal,2023,lpg,2028.9637756710042,src-cba8334fedc5
west-bengal,2023,naphtha,722.919319,src-cba8334fedc5
west-bengal,2023,others,493.9054687585456,src-cba8334fedc5
west-bengal,2023,petrol,1259.0867108670104,src-cba8334fedc5
west-bengal,2023,petroleum-coke,322.59795999999994,src-cba8334fedc5
west-bengal,2024,diesel-hsd,3546,src-cba8334fedc5
west-bengal,2024,kerosene,190.4,src-cba8334fedc5
west-bengal,2024,lpg,2246.6,src-cba8334fedc5
west-bengal,2024,naphtha,869.2,src-cba8334fedc5
west-bengal,2024,petrol,1378.7,src-cba8334fedc5
west-bengal,2024,petroleum-coke,365.4,src-cba8334fedc5
