{"type": "FeatureCollection", "features": [{"type": "Feature", "geometry": {"type": "Polygon", "coordinates": [[[89.869, 25.9035], [89.8693, 25.9025], [89.8684, 25.9021], [89.8682, 25.9014], [89.8694, 25.9008], [89.8692, 25.8949], [89.8694, 25.8922], [89.8689, 25.8905], [89.8674, 25.8899], [89.8665, 25.8898], [89.8661, 25.8874], [89.8658, 25.8837], [89.866, 25.8831], [89.866, 25.883], [89.8631, 25.8827], [89.8581, 25.8811], [89.8531, 25.8801], [89.8505, 25.8795], [89.847, 25.8801], [89.8444, 25.882], [89.8433, 25.8827], [89.8435, 25.8829], [89.8439, 25.8834], [89.8441, 25.8836], [89.8441, 25.8837], [89.8445, 25.884], [89.8449, 25.8845], [89.8455, 25.8852], [89.8462, 25.8858], [89.8464, 25.886], [89.8468, 25.8863], [89.8472, 25.8867], [89.8477, 25.8871], [89.8479, 25.8872], [89.8485, 25.8877], [89.8488, 25.8878], [89.8487, 25.888], [89.8486, 25.8884], [89.8485, 25.8886], [89.8484, 25.889], [89.8484, 25.8891], [89.8483, 25.8894], [89.8483, 25.8897], [89.8483, 25.8898], [89.8482, 25.8899], [89.8482, 25.8903], [89.8482, 25.8905], [89.8481, 25.8914], [89.8482, 25.8916], [89.8482, 25.8917], [89.8482, 25.8918], [89.8482, 25.8919], [89.8482, 25.892], [89.8483, 25.8921], [89.8489, 25.8928], [89.849, 25.8929], [89.8493, 25.8932], [89.8495, 25.8933], [89.8499, 25.8936], [89.8507, 25.8941], [89.851, 25.8943], [89.8511, 25.8944], [89.8512, 25.8945], [89.8513, 25.8947], [89.8513, 25.8951], [89.8514, 25.8954], [89.8515, 25.8955], [89.8515, 25.8957], [89.8516, 25.8958], [89.8523, 25.8964], [89.8528, 25.8967], [89.853, 25.8969], [89.8534, 25.8972], [89.8537, 25.8973], [89.854, 25.8975], [89.8545, 25.8978], [89.8546, 25.8979], [89.8548, 25.8981], [89.8553, 25.8984], [89.8556, 25.8986], [89.8559, 25.8989], [89.8564, 25.8993], [89.8568, 25.8997], [89.8571, 25.9001], [89.8572, 25.9002], [89.8574, 25.9004], [89.8574, 25.9006], [89.8577, 25.9009], [89.8578, 25.9011], [89.8579, 25.9011], [89.8581, 25.9014], [89.8582, 25.9015], [89.8582, 25.9017], [89.8584, 25.9019], [89.8584, 25.902], [89.8585, 25.9023], [89.8586, 25.9025], [89.8587, 25.9027], [89.8591, 25.9034], [89.8638, 25.9029], [89.8681, 25.9047], [89.869, 25.9035]]]}, "properties": {"OBJECTID": 268247, "gpcode": "", "gpname": "", "stname": "ASSAM", "dtname": "Dhubri", "sdtname": "Dhubri", "stcode11": "18", "dtcode11": "301", "sdtcode11": "02008", "blklgdcode": "2555", "blkname": "GAURIPUR", "dt_lgd": 285, "sdt_lgd": 6014, "st_lgd": 18, "vilcode11": 0, "vilname11": "FULKATA P-1", "pan_local": "GOURIPUR", "b_pan_code": 2955, "b_pan_name": "GAURIPUR", "d_pan_code": 248, "d_pan_name": "DHUBRI", "gp_code": "", "gp_name": "", "st_2011": "18", "dt_2011": "301", "sdt_2011": "02008", "subdtname": "Dhubri", "block_name": "GAURIPUR", "blk_lgdcod": "2555", "dtcode14": "301", "SHAPE_Length": 10149.012954646312, "SHAPE_Area": 5420406.456870081}}, {"type": "Feature", "geometry": {"type": "Polygon", "coordinates": [[[89.9111, 25.9204], [89.9134, 25.9204], [89.9166, 25.9197], [89.9167, 25.9196], [89.9201, 25.919], [89.9224, 25.918], [89.9243, 25.9168], [89.9262, 25.9155], [89.9275, 25.914], [89.9284, 25.9127], [89.9309, 25.9121], [89.9336, 25.9115], [89.9337, 25.9115], [89.9337, 25.9114], [89.9323, 25.9086], [89.9304, 25.9063], [89.9281, 25.9059], [89.9246, 25.9066], [89.9225, 25.907], [89.9224, 25.907], [89.9213, 25.9072], [89.9184, 25.9068], [89.9162, 25.9044], [89.9126, 25.9045], [89.9094, 25.9038], [89.9038, 25.903], [89.9009, 25.9016], [89.8979, 25.9003], [89.8978, 25.9003], [89.8985, 25.9024], [89.8992, 25.904], [89.9001, 25.9065], [89.9013, 25.9092], [89.9015, 25.9095], [89.9029, 25.912], [89.9038, 25.9148], [89.904, 25.9161], [89.9032, 25.9176], [89.9011, 25.9202], [89.9035, 25.9204], [89.9074, 25.9207], [89.9111, 25.9204]]]}, "properties": {"OBJECTID": 268255, "gpcode": "", "gpname": "", "stname": "ASSAM", "dtname": "Dhubri", "sdtname": "Dhubri", "stcode11": "18", "dtcode11": "301", "sdtcode11": "02008", "blklgdcode": "2555", "blkname": "GAURIPUR", "dt_lgd": 285, "sdt_lgd": 6014, "st_lgd": 18, "vilcode11": 0, "vilname11": "BOLDIAR ALGA N.C.", "pan_local": "GOURIPUR", "b_pan_code": 2955, "b_pan_name": "GAURIPUR", "d_pan_code": 248, "d_pan_name": "DHUBRI", "gp_code": "", "gp_name": "", "st_2011": "18", "dt_2011": "301", "sdt_2011": "02008", "subdtname": "Dhubri", "block_name": "GAURIPUR", "blk_lgdcod": "2555", "dtcode14": "301", "SHAPE_Length": 11308.426285335145, "SHAPE_Area": 5570042.564962624}}, {"type": "Feature", "geometry": {"type": "Polygon", "coordinates": [[[89.893, 25.959], [89.8932, 25.9589], [89.8946, 25.958], [89.8948, 25.9574], [89.894, 25.9561], [89.8929, 25.9541], [89.8923, 25.9523], [89.892, 25.9512], [89.8918, 25.9505], [89.8923, 25.9478], [89.887, 25.9453], [89.8868, 25.9453], [89.8865, 25.9454], [89.8863, 25.9454], [89.8859, 25.9455], [89.8854, 25.9456], [89.8852, 25.9457], [89.8847, 25.9458], [89.8843, 25.9458], [89.8839, 25.9459], [89.8838, 25.9459], [89.8833, 25.946], [89.8832, 25.9459], [89.8828, 25.946], [89.8839, 25.9488], [89.8843, 25.9506], [89.8845, 25.9523], [89.8844, 25.9544], [89.8842, 25.9558], [89.8846, 25.9561], [89.887, 25.9563], [89.889, 25.9568], [89.8914, 25.9581], [89.8928, 25.959], [89.893, 25.959]]]}, "properties": {"OBJECTID": 268273, "gpcode": "", "gpname": "", "stname": "ASSAM", "dtname": "Dhubri", "sdtname": "Dhubri", "stcode11": "18", "dtcode11": "301", "sdtcode11": "02008", "blklgdcode": "2555", "blkname": "GAURIPUR", "dt_lgd": 285, "sdt_lgd": 6014, "st_lgd": 18, "vilcode11": 0, "vilname11": "BOLDIARALGA N.C.", "pan_local": "GOURIPUR", "b_pan_code": 2955, "b_pan_name": "GAURIPUR", "d_pan_code": 248, "d_pan_name": "DHUBRI", "gp_code": "", "gp_name": "", "st_2011": "18", "dt_2011": "301", "sdt_2011": "02008", "subdtname": "Dhubri", "block_name": "GAURIPUR", "blk_lgdcod": "2555", "dtcode14": "301", "SHAPE_Length": 5027.230480544489, "SHAPE_Area": 1319285.118365195}}, {"type": "Feature", "geometry": {"type": "Polygon", "coordinates": [[[89.9848, 26.014], [89.9863, 26.0135], [89.9866, 26.0125], [89.9875, 26.0115], [89.989, 26.0103], [89.9878, 26.0099], [89.9855, 26.0085], [89.9835, 26.0067], [89.9811, 26.0045], [89.979, 26.0026], [89.9784, 26.0049], [89.9781, 26.0065], [89.9787, 26.0077], [89.9796, 26.0087], [89.9798, 26.0097], [89.9798, 26.0105], [89.9795, 26.011], [89.9787, 26.012], [89.9789, 26.0137], [89.9798, 26.0145], [89.9814, 26.0149], [89.9834, 26.0151], [89.9848, 26.014]]]}, "properties": {"OBJECTID": 268313, "gpcode": "", "gpname": "", "stname": "ASSAM", "dtname": "Dhubri", "sdtname": "Dhubri", "stcode11": "18", "dtcode11": "301", "sdtcode11": "02008", "blklgdcode": "2555", "blkname": "GAURIPUR", "dt_lgd": 285, "sdt_lgd": 6014, "st_lgd": 18, "vilcode11": 0, "vilname11": "BAHADURTARI DHUBRI TOWN", "pan_local": "GOURIPUR", "b_pan_code": 2955, "b_pan_name": "GAURIPUR", "d_pan_code": 248, "d_pan_name": "DHUBRI", "gp_code": "", "gp_name": "", "st_2011": "18", "dt_2011": "301", "sdt_2011": "02008", "subdtname": "Dhubri", "block_name": "GAURIPUR", "blk_lgdcod": "2555", "dtcode14": "301", "SHAPE_Length": 4415.888056571301, "SHAPE_Area": 949972.8082288767}}, {"type": "Feature", "geometry": {"type": "Polygon", "coordinates": [[[89.996, 26.018], [89.9958, 26.0177], [89.9946, 26.0166], [89.9938, 26.0163], [89.9922, 26.0144], [89.9912, 26.0124], [89.9895, 26.0105], [89.989, 26.0103], [89.9875, 26.0115], [89.9866, 26.0125], [89.9863, 26.0135], [89.9882, 26.014], [89.9901, 26.0146], [89.9915, 26.0155], [89.9929, 26.0169], [89.9942, 26.0175], [89.9952, 26.0181], [89.996, 26.018]]]}, "properties": {"OBJECTID": 268319, "gpcode": "", "gpname": "", "stname": "ASSAM", "dtname": "Dhubri", "sdtname": "Dhubri", "stcode11": "18", "dtcode11": "301", "sdtcode11": "02008", "blklgdcode": "2555", "blkname": "GAURIPUR", "dt_lgd": 285, "sdt_lgd": 6014, "st_lgd": 18, "vilcode11": 0, "vilname11": "ABDULLAGANJ  DHUBRI TOWN", "pan_local": "GOURIPUR", "b_pan_code": 2955, "b_pan_name": "GAURIPUR", "d_pan_code": 248, "d_pan_name": "DHUBRI", "gp_code": "", "gp_name": "", "st_2011": "18", "dt_2011": "301", "sdt_2011": "02008", "subdtname": "Dhubri", "block_name": "GAURIPUR", "blk_lgdcod": "2555", "dtcode14": "301", "SHAPE_Length": 3029.5882547174956, "SHAPE_Area": 280888.2721228087}}, {"type": "Feature", "geometry": {"type": "Polygon", "coordinates": [[[89.9893, 26.0225], [89.9907, 26.0217], [89.9923, 26.0215], [89.9938, 26.0219], [89.9955, 26.022], [89.9972, 26.0217], [89.9972, 26.0181], [89.9965, 26.0184], [89.996, 26.018], [89.9952, 26.0181], [89.9942, 26.0175], [89.9929, 26.0169], [89.9915, 26.0155], [89.9901, 26.0146], [89.9882, 26.014], [89.9863, 26.0135], [89.9848, 26.014], [89.9834, 26.0151], [89.9843, 26.0171], [89.9851, 26.0177], [89.9857, 26.0194], [89.9857, 26.0204], [89.9864, 26.0213], [89.987, 26.0222], [89.9875, 26.0232], [89.9893, 26.0225]]]}, "properties": {"OBJECTID": 268322, "gpcode": "", "gpname": "", "stname": "ASSAM", "dtname": "Dhubri", "sdtname": "Dhubri", "stcode11": "18", "dtcode11": "301", "sdtcode11": "02008", "blklgdcode": "2555", "blkname": "GAURIPUR", "dt_lgd": 285, "sdt_lgd": 6014, "st_lgd": 18, "vilcode11": 0, "vilname11": "DHUBRI TOWN KHAS MAHAN", "pan_local": "GOURIPUR", "b_pan_code": 2955, "b_pan_name": "GAURIPUR", "d_pan_code": 248, "d_pan_name": "DHUBRI", "gp_code": "", "gp_name": "", "st_2011": "18", "dt_2011": "301", "sdt_2011": "02008", "subdtname": "Dhubri", "block_name": "GAURIPUR", "blk_lgdcod": "2555", "dtcode14": "301", "SHAPE_Length": 4509.570615515785, "SHAPE_Area": 1068359.7385130627}}, {"type": "Feature", "geometry": {"type": "Polygon", "coordinates": [[[89.8734, 26.024], [89.8749, 26.024], [89.8747, 26.0227], [89.8743, 26.0216], [89.8735, 26.0208], [89.8734, 26.0193], [89.8736, 26.0176], [89.8726, 26.0162], [89.8724, 26.0126], [89.8671, 26.0121], [89.8678, 26.0133], [89.8686, 26.0153], [89.8722, 26.0243], [89.8734, 26.024]]]}, "properties": {"OBJECTID": 268325, "gpcode": "", "gpname": "", "stname": "ASSAM", "dtname": "Dhubri", "sdtname": "Dhubri", "stcode11": "18", "dtcode11": "301", "sdtcode11": "02008", "blklgdcode": "2555", "blkname": "GAURIPUR", "dt_lgd": 285, "sdt_lgd": 6014, "st_lgd": 18, "vilcode11": 0, "vilname11": "TISTARPAR", "pan_local": "GOURIPUR", "b_pan_code": 2955, "b_pan_name": "GAURIPUR", "d_pan_code": 248, "d_pan_name": "DHUBRI", "gp_code": "", "gp_name": "", "st_2011": "18", "dt_2011": "301", "sdt_2011": "02008", "subdtname": "Dhubri", "block_name": "GAURIPUR", "blk_lgdcod": "2555", "dtcode14": "301", "SHAPE_Length": 4003.772655077344, "SHAPE_Area": 588694.3992773312}}, {"type": "Feature", "geometry": {"type": "Polygon", "coordinates": [[[89.998, 26.0242], [89.9972, 26.0217], [89.9955, 26.022], [89.9938, 26.0219], [89.9944, 26.0234], [89.9957, 26.0255], [89.998, 26.0242]]]}, "properties": {"OBJECTID": 268327, "gpcode": "", "gpname": "", "stname": "ASSAM", "dtname": "Dhubri", "sdtname": "Dhubri", "stcode11": "18", "dtcode11": "301", "sdtcode11": "02008", "blklgdcode": "2555", "blkname": "GAURIPUR", "dt_lgd": 285, "sdt_lgd": 6014, "st_lgd": 18, "vilcode11": 0, "vilname11": "ABDULLAGANJ DHUBRI TOWN NC", "pan_local": "GOURIPUR", "b_pan_code": 2955, "b_pan_name": "GAURIPUR", "d_pan_code": 248, "d_pan_name": "DHUBRI", "gp_code": "", "gp_name": "", "st_2011": "18", "dt_2011": "301", "sdt_2011": "02008", "subdtname": "Dhubri", "block_name": "GAURIPUR", "blk_lgdcod": "2555", "dtcode14": "301", "SHAPE_Length": 1500.9086196837175, "SHAPE_Area": 134074.94346576885}}, {"type": "Feature", "geometry": {"type": "Polygon", "coordinates": [[[89.9725, 26.0338], [89.9737, 26.0334], [89.9744, 26.032], [89.9749, 26.0311], [89.9748, 26.0299], [89.9747, 26.0285], [89.9756, 26.0267], [89.9774, 26.0244], [89.9785, 26.0224], [89.9793, 26.0205], [89.9785, 26.0194], [89.9768, 26.0183], [89.9765, 26.019], [89.9759, 26.0198], [89.9746, 26.0208], [89.9729, 26.0213], [89.9722, 26.0222], [89.9708, 26.0243], [89.9692, 26.0263], [89.969, 26.0264], [89.9701, 26.0268], [89.971, 26.0288], [89.9707, 26.0309], [89.9705, 26.0326], [89.9705, 26.0339], [89.9713, 26.0347], [89.9725, 26.0338]]]}, "properties": {"OBJECTID": 268333, "gpcode": "", "gpname": "", "stname": "ASSAM", "dtname": "Dhubri", "sdtname": "Dhubri", "stcode11": "18", "dtcode11": "301", "sdtcode11": "02008", "blklgdcode": "2555", "blkname": "GAURIPUR", "dt_lgd": 285, "sdt_lgd": 6014, "st_lgd": 18, "vilcode11": 801549, "vilname11": "Dhubri (MB)", "pan_local": "GOURIPUR", "b_pan_code": 2955, "b_pan_name": "GAURIPUR", "d_pan_code": 248, "d_pan_name": "DHUBRI", "gp_code": "", "gp_name": "", "st_2011": "18", "dt_2011": "301", "sdt_2011": "02008", "subdtname": "Dhubri", "block_name": "GAURIPUR", "blk_lgdcod": "2555", "dtcode14": "301", "SHAPE_Length": 5003.93074219268, "SHAPE_Area": 1010303.4271573593}}, {"type": "Feature", "geometry": {"type": "Polygon", "coordinates": [[[90.0072, 26.0416], [90.0073, 26.0406], [90.0078, 26.0396], [90.0095, 26.0394], [90.0119, 26.0401], [90.0159, 26.0414], [90.0182, 26.0423], [90.0197, 26.0402], [90.022, 26.0365], [90.0237, 26.0338], [90.0262, 26.0293], [90.0277, 26.0279], [90.0295, 26.0264], [90.0292, 26.0248], [90.0298, 26.0245], [90.0307, 26.0239], [90.0311, 26.0236], [90.0315, 26.0229], [90.032, 26.0223], [90.0324, 26.0209], [90.0328, 26.0196], [90.0332, 26.0187], [90.0343, 26.0172], [90.0355, 26.0157], [90.0361, 26.0148], [90.0358, 26.0142], [90.036, 26.0142], [90.0344, 26.014], [90.0334, 26.0139], [90.0319, 26.0139], [90.0311, 26.0138], [90.0301, 26.0138], [90.0289, 26.0136], [90.0279, 26.0128], [90.0268, 26.013], [90.0258, 26.0132], [90.025, 26.0133], [90.0246, 26.0134], [90.0237, 26.0129], [90.0226, 26.0128], [90.0223, 26.0123], [90.0215, 26.0123], [90.0207, 26.0126], [90.0201, 26.013], [90.0195, 26.0134], [90.0184, 26.0142], [90.0179, 26.0142], [90.0174, 26.0143], [90.0165, 26.0138], [90.0159, 26.0133], [90.015, 26.0122], [90.0145, 26.0111], [90.0145, 26.0104], [90.0145, 26.0094], [90.0144, 26.0083], [90.0149, 26.0068], [90.0145, 26.0068], [90.0131, 26.0082], [90.0117, 26.0104], [90.0104, 26.0129], [90.0088, 26.0158], [90.0085, 26.0187], [90.0075, 26.0238], [90.0065, 26.0271], [90.006, 26.0295], [90.0052, 26.0326], [90.0049, 26.0341], [90.005, 26.0351], [90.0053, 26.0363], [90.0059, 26.0388], [90.0056, 26.0407], [90.0058, 26.0422], [90.0059, 26.0423], [90.0062, 26.0424], [90.0072, 26.0416]]]}, "properties": {"OBJECTID": 268340, "gpcode": "", "gpname": "", "stname": "ASSAM", "dtname": "Dhubri", "sdtname": "Dhubri", "stcode11": "18", "dtcode11": "301", "sdtcode11": "02008", "blklgdcode": "2551", "blkname": "BIRSHING-JARUA", "dt_lgd": 285, "sdt_lgd": 6014, "st_lgd": 18, "vilcode11": 0, "vilname11": "RIVER BLOCK NC", "pan_local": "BIRSHING-JARUA", "b_pan_code": 2951, "b_pan_name": "BIRSHING-JARUA", "d_pan_code": 248, "d_pan_name": "DHUBRI", "gp_code": "", "gp_name": "", "st_2011": "18", "dt_2011": "301", "sdt_2011": "02008", "subdtname": "Dhubri", "block_name": "BIRSHING-JARUA", "blk_lgdcod": "2551", "dtcode14": "301", "SHAPE_Length": 13816.525370146583, "SHAPE_Area": 8263438.178455761}}, {"type": "Feature", "geometry": {"type": "Polygon", "coordinates": [[[90.081, 26.0545], [90.0844, 26.0537], [90.0878, 26.053], [90.0881, 26.0529], [90.0898, 26.0525], [90.0903, 26.0524], [90.0916, 26.0521], [90.0932, 26.053], [90.0948, 26.0529], [90.0959, 26.0523], [90.097, 26.0517], [90.0986, 26.053], [90.0998, 26.0528], [90.1029, 26.0529], [90.1039, 26.0509], [90.1062, 26.0446], [90.1063, 26.0445], [90.1011, 26.0408], [90.0909, 26.0392], [90.0896, 26.0393], [90.0857, 26.0396], [90.0854, 26.0394], [90.0853, 26.0394], [90.0849, 26.0397], [90.0832, 26.041], [90.0811, 26.0421], [90.0782, 26.0437], [90.077, 26.0443], [90.0753, 26.0452], [90.0749, 26.0454], [90.075, 26.0456], [90.0761, 26.0473], [90.0773, 26.0492], [90.0773, 26.0503], [90.0791, 26.0518], [90.0801, 26.0538], [90.0802, 26.0545], [90.081, 26.0545]]]}, "properties": {"OBJECTID": 268348, "gpcode": "", "gpname": "", "stname": "ASSAM", "dtname": "Dhubri", "sdtname": "Bagribari (Pt)", "stcode11": "18", "dtcode11": "301", "sdtcode11": "02005", "blklgdcode": "2551", "blkname": "BIRSHING-JARUA", "dt_lgd": 285, "sdt_lgd": 2005, "st_lgd": 18, "vilcode11": 0, "vilname11": "DHUTBARI P.1", "pan_local": "BIRSHING-JARUA", "b_pan_code": 2951, "b_pan_name": "BIRSHING-JARUA", "d_pan_code": 248, "d_pan_name": "DHUBRI", "gp_code": "", "gp_name": "", "st_2011": "18", "dt_2011": "301", "sdt_2011": "02005", "subdtname": "Bagribari (Pt)", "block_name": "BIRSHING-JARUA", "blk_lgdcod": "2551", "dtcode14": "301", "SHAPE_Length": 9025.597646471748, "SHAPE_Area": 4685641.979336322}}, {"type": "Feature", "geometry": {"type": "Polygon", "coordinates": [[[90.0895, 26.0673], [90.0924, 26.0666], [90.0956, 26.0666], [90.0988, 26.0665], [90.1015, 26.0664], [90.1022, 26.0661], [90.1036, 26.0621], [90.1033, 26.0586], [90.103, 26.0552], [90.1028, 26.053], [90.1029, 26.0529], [90.0998, 26.0528], [90.0986, 26.053], [90.097, 26.0517], [90.0959, 26.0523], [90.0948, 26.0529], [90.0932, 26.053], [90.0916, 26.0521], [90.0903, 26.0524], [90.0898, 26.0525], [90.0881, 26.0529], [90.0878, 26.053], [90.0844, 26.0537], [90.081, 26.0545], [90.0802, 26.0545], [90.0767, 26.0556], [90.0714, 26.0571], [90.0682, 26.058], [90.0681, 26.058], [90.0682, 26.0581], [90.0696, 26.0594], [90.072, 26.0609], [90.0724, 26.0611], [90.0751, 26.0628], [90.0789, 26.0649], [90.0822, 26.0666], [90.0848, 26.0671], [90.0855, 26.0672], [90.0877, 26.0676], [90.0895, 26.0673]]]}, "properties": {"OBJECTID": 268360, "gpcode": "", "gpname": "", "stname": "ASSAM", "dtname": "Dhubri", "sdtname": "Bagribari (Pt)", "stcode11": "18", "dtcode11": "301", "sdtcode11": "02005", "blklgdcode": "2551", "blkname": "BIRSHING-JARUA", "dt_lgd": 285, "sdt_lgd": 2005, "st_lgd": 18, "vilcode11": 0, "vilname11": "KATIAMARI P.2", "pan_local": "BIRSHING-JARUA", "b_pan_code": 2951, "b_pan_name": "BIRSHING-JARUA", "d_pan_code": 248, "d_pan_name": "DHUBRI", "gp_code": "", "gp_name": "", "st_2011": "18", "dt_2011": "301", "sdt_2011": "02005", "subdtname": "Bagribari (Pt)", "block_name": "BIRSHING-JARUA", "blk_lgdcod": "2551", "dtcode14": "301", "SHAPE_Length": 9945.264039285681, "SHAPE_Area": 5301279.521108211}}, {"type": "Feature", "geometry": {"type": "Polygon", "coordinates": [[[90.034, 26.0843], [90.0351, 26.0847], [90.0366, 26.0846], [90.0368, 26.0846], [90.0367, 26.0845], [90.0365, 26.0844], [90.0349, 26.0827], [90.0341, 26.0817], [90.033, 26.081], [90.031, 26.0802], [90.0306, 26.0796], [90.0305, 26.0796], [90.0263, 26.0799], [90.0219, 26.0805], [90.022, 26.0825], [90.0232, 26.0844], [90.0233, 26.0843], [90.0254, 26.084], [90.0281, 26.0838], [90.0285, 26.0839], [90.0301, 26.0843], [90.0317, 26.0846], [90.0326, 26.0848], [90.034, 26.0843]]]}, "properties": {"OBJECTID": 268382, "gpcode": "", "gpname": "", "stname": "ASSAM", "dtname": "Dhubri", "sdtname": "Dhubri", "stcode11": "18", "dtcode11": "301", "sdtcode11": "02008", "blklgdcode": "2553", "blkname": "DEBITOLA", "dt_lgd": 285, "sdt_lgd": 6014, "st_lgd": 18, "vilcode11": 0, "vilname11": "BARAIBARI P.1", "pan_local": "DEBITOLA", "b_pan_code": 2953, "b_pan_name": "DEBITOLA", "d_pan_code": 248, "d_pan_name": "DHUBRI", "gp_code": "", "gp_name": "", "st_2011": "18", "dt_2011": "301", "sdt_2011": "02008", "subdtname": "Dhubri", "block_name": "DEBITOLA", "blk_lgdcod": "2553", "dtcode14": "301", "SHAPE_Length": 3992.511115122131, "SHAPE_Area": 705430.8978683167}}, {"type": "Feature", "geometry": {"type": "Polygon", "coordinates": [[[90.1286, 26.0893], [90.1286, 26.0882], [90.1285, 26.087], [90.1296, 26.0855], [90.1294, 26.0845], [90.1293, 26.0829], [90.1302, 26.0828], [90.1301, 26.082], [90.13, 26.0804], [90.1301, 26.0792], [90.125, 26.0756], [90.1203, 26.0729], [90.1202, 26.073], [90.119, 26.0731], [90.1173, 26.0738], [90.1164, 26.0754], [90.1164, 26.076], [90.1164, 26.0763], [90.114, 26.0774], [90.1139, 26.0775], [90.1157, 26.0812], [90.1175, 26.0846], [90.1187, 26.0871], [90.1195, 26.0896], [90.1286, 26.0893]]]}, "properties": {"OBJECTID": 268388, "gpcode": "", "gpname": "", "stname": "ASSAM", "dtname": "Dhubri", "sdtname": "Bagribari (Pt)", "stcode11": "18", "dtcode11": "301", "sdtcode11": "02005", "blklgdcode": "2551", "blkname": "BIRSHING-JARUA", "dt_lgd": 285, "sdt_lgd": 2005, "st_lgd": 18, "vilcode11": 0, "vilname11": "TANBHITA KATIAMARI NO2", "pan_local": "BIRSHING-JARUA", "b_pan_code": 2951, "b_pan_name": "BIRSHING-JARUA", "d_pan_code": 248, "d_pan_name": "DHUBRI", "gp_code": "", "gp_name": "", "st_2011": "18", "dt_2011": "301", "sdt_2011": "02005", "subdtname": "Bagribari (Pt)", "block_name": "BIRSHING-JARUA", "blk_lgdcod": "2551", "dtcode14": "301", "SHAPE_Length": 6405.056740879803, "SHAPE_Area": 2538962.342780385}}, {"type": "Feature", "geometry": {"type": "Polygon", "coordinates": [[[89.9642, 26.091], [89.9649, 26.0906], [89.968, 26.0897], [89.9708, 26.0892], [89.9714, 26.0891], [89.969, 26.0838], [89.9667, 26.0839], [89.9645, 26.084], [89.9624, 26.084], [89.9619, 26.0841], [89.9614, 26.0846], [89.9614, 26.0847], [89.9612, 26.0849], [89.9617, 26.0855], [89.9626, 26.0867], [89.9629, 26.0878], [89.9639, 26.0901], [89.9642, 26.091]]]}, "properties": {"OBJECTID": 268390, "gpcode": "", "gpname": "", "stname": "ASSAM", "dtname": "Dhubri", "sdtname": "Dhubri", "stcode11": "18", "dtcode11": "301", "sdtcode11": "02008", "blklgdcode": "2555", "blkname": "GAURIPUR", "dt_lgd": 285, "sdt_lgd": 6014, "st_lgd": 18, "vilcode11": 0, "vilname11": "GAURIPUR TOWN P-III", "pan_local": "GOURIPUR", "b_pan_code": 2955, "b_pan_name": "GAURIPUR", "d_pan_code": 248, "d_pan_name": "DHUBRI", "gp_code": "", "gp_name": "", "st_2011": "18", "dt_2011": "301", "sdt_2011": "02008", "subdtname": "Dhubri", "block_name": "GAURIPUR", "blk_lgdcod": "2555", "dtcode14": "301", "SHAPE_Length": 3294.7781684078054, "SHAPE_Area": 647098.1641157097}}, {"type": "Feature", "geometry": {"type": "Polygon", "coordinates": [[[89.9483, 26.0927], [89.9497, 26.0927], [89.9498, 26.0915], [89.95, 26.0898], [89.9501, 26.0883], [89.9508, 26.0871], [89.9521, 26.0865], [89.9532, 26.0863], [89.954, 26.0861], [89.955, 26.086], [89.9561, 26.0868], [89.9579, 26.087], [89.9595, 26.0864], [89.961, 26.0858], [89.9612, 26.0858], [89.9617, 26.0855], [89.9612, 26.0849], [89.9614, 26.0847], [89.9609, 26.0837], [89.9608, 26.0829], [89.9604, 26.0822], [89.9598, 26.0812], [89.9595, 26.0801], [89.9591, 26.0792], [89.9584, 26.0783], [89.9581, 26.0775], [89.9575, 26.0769], [89.9566, 26.0769], [89.9558, 26.0772], [89.9542, 26.0775], [89.9537, 26.0771], [89.9524, 26.0765], [89.9523, 26.0763], [89.9517, 26.0758], [89.9507, 26.0741], [89.951, 26.073], [89.9509, 26.0718], [89.9511, 26.0709], [89.9514, 26.07], [89.9524, 26.0693], [89.9534, 26.0688], [89.9542, 26.0684], [89.9551, 26.0679], [89.9552, 26.0677], [89.9548, 26.067], [89.9549, 26.0668], [89.9553, 26.0658], [89.9554, 26.0647], [89.9553, 26.0646], [89.9545, 26.0642], [89.954, 26.0638], [89.953, 26.063], [89.9526, 26.062], [89.9523, 26.0607], [89.9516, 26.0595], [89.9513, 26.0593], [89.9502, 26.0583], [89.9494, 26.0574], [89.9481, 26.0562], [89.9457, 26.0556], [89.9428, 26.0557], [89.9411, 26.0562], [89.9398, 26.058], [89.9389, 26.0602], [89.9375, 26.062], [89.9378, 26.063], [89.9381, 26.0647], [89.9386, 26.0666], [89.9391, 26.0689], [89.9396, 26.0706], [89.9402, 26.0725], [89.9411, 26.0742], [89.9416, 26.076], [89.9423, 26.0779], [89.9429, 26.0796], [89.9428, 26.0808], [89.9427, 26.0825], [89.9427, 26.0829], [89.9421, 26.0853], [89.9424, 26.0862], [89.9427, 26.0872], [89.944, 26.089], [89.9451, 26.0913], [89.9452, 26.0926], [89.9466, 26.0928], [89.9483, 26.0927]]]}, "properties": {"OBJECTID": 268392, "gpcode": "", "gpname": "", "stname": "ASSAM", "dtname": "Dhubri", "sdtname": "Dhubri", "stcode11": "18", "dtcode11": "301", "sdtcode11": "02008", "blklgdcode": "2555", "blkname": "GAURIPUR", "dt_lgd": 285, "sdt_lgd": 6014, "st_lgd": 18, "vilcode11": 801548, "vilname11": "Gauripur (TC)", "pan_local": "GOURIPUR", "b_pan_code": 2955, "b_pan_name": "GAURIPUR", "d_pan_code": 248, "d_pan_name": "DHUBRI", "gp_code": "", "gp_name": "", "st_2011": "18", "dt_2011": "301", "sdt_2011": "02008", "subdtname": "Dhubri", "block_name": "GAURIPUR", "blk_lgdcod": "2555", "dtcode14": "301", "SHAPE_Length": 13077.210399028936, "SHAPE_Area": 6510352.923408798}}, {"type": "Feature", "geometry": {"type": "Polygon", "coordinates": [[[89.9595, 26.0927], [89.962, 26.0922], [89.9642, 26.091], [89.9639, 26.0901], [89.9629, 26.0878], [89.9626, 26.0867], [89.9617, 26.0855], [89.9612, 26.0858], [89.961, 26.0858], [89.9595, 26.0864], [89.9579, 26.087], [89.9561, 26.0868], [89.955, 26.086], [89.954, 26.0861], [89.9532, 26.0863], [89.9521, 26.0865], [89.9508, 26.0871], [89.9501, 26.0883], [89.95, 26.0898], [89.9498, 26.0915], [89.9503, 26.0919], [89.9509, 26.0922], [89.9512, 26.0924], [89.9518, 26.0927], [89.9521, 26.0938], [89.953, 26.0934], [89.9543, 26.093], [89.955, 26.0933], [89.9562, 26.094], [89.9566, 26.0941], [89.9595, 26.0927]]]}, "properties": {"OBJECTID": 268395, "gpcode": "", "gpname": "", "stname": "ASSAM", "dtname": "Dhubri", "sdtname": "Dhubri", "stcode11": "18", "dtcode11": "301", "sdtcode11": "02008", "blklgdcode": "2555", "blkname": "GAURIPUR", "dt_lgd": 285, "sdt_lgd": 6014, "st_lgd": 18, "vilcode11": 0, "vilname11": "GAURIPUR TOWN P-I", "pan_local": "GOURIPUR", "b_pan_code": 2955, "b_pan_name": "GAURIPUR", "d_pan_code": 248, "d_pan_name": "DHUBRI", "gp_code": "", "gp_name": "", "st_2011": "18", "dt_2011": "301", "sdt_2011": "02008", "subdtname": "Dhubri", "block_name": "GAURIPUR", "blk_lgdcod": "2555", "dtcode14": "301", "SHAPE_Length": 4522.46943368505, "SHAPE_Area": 1181921.5976489035}}, {"type": "Feature", "geometry": {"type": "Polygon", "coordinates": [[[89.9718, 26.0945], [89.973, 26.0934], [89.9732, 26.0932], [89.9732, 26.093], [89.9732, 26.0923], [89.9719, 26.0907], [89.9714, 26.0892], [89.9714, 26.0891], [89.9708, 26.0892], [89.968, 26.0897], [89.9649, 26.0906], [89.9642, 26.091], [89.9642, 26.0912], [89.9649, 26.0929], [89.9667, 26.0945], [89.9696, 26.0949], [89.9718, 26.0945]]]}, "properties": {"OBJECTID": 268397, "gpcode": "", "gpname": "", "stname": "ASSAM", "dtname": "Dhubri", "sdtname": "Dhubri", "stcode11": "18", "dtcode11": "301", "sdtcode11": "02008", "blklgdcode": "2555", "blkname": "GAURIPUR", "dt_lgd": 285, "sdt_lgd": 6014, "st_lgd": 18, "vilcode11": 0, "vilname11": "GAURIPUR TOWN P-II", "pan_local": "GOURIPUR", "b_pan_code": 2955, "b_pan_name": "GAURIPUR", "d_pan_code": 248, "d_pan_name": "DHUBRI", "gp_code": "", "gp_name": "", "st_2011": "18", "dt_2011": "301", "sdt_2011": "02008", "subdtname": "Dhubri", "block_name": "GAURIPUR", "blk_lgdcod": "2555", "dtcode14": "301", "SHAPE_Length": 2735.2401115051566, "SHAPE_Area": 508537.6081524757}}, {"type": "Feature", "geometry": {"type": "Polygon", "coordinates": [[[90.1461, 26.0966], [90.1486, 26.0952], [90.1517, 26.094], [90.1522, 26.0939], [90.1516, 26.0931], [90.1494, 26.0879], [90.1492, 26.0877], [90.1474, 26.0847], [90.1443, 26.0828], [90.1422, 26.0821], [90.1367, 26.0803], [90.1324, 26.0796], [90.1301, 26.0792], [90.13, 26.0804], [90.1301, 26.082], [90.1302, 26.0828], [90.1293, 26.0829], [90.1294, 26.0845], [90.1296, 26.0855], [90.1314, 26.0855], [90.1338, 26.0866], [90.1355, 26.088], [90.137, 26.0893], [90.1385, 26.0905], [90.1389, 26.0918], [90.1404, 26.0932], [90.1416, 26.0952], [90.1428, 26.0966], [90.1434, 26.097], [90.1461, 26.0966]]]}, "properties": {"OBJECTID": 268403, "gpcode": "", "gpname": "", "stname": "ASSAM", "dtname": "Dhubri", "sdtname": "Bagribari (Pt)", "stcode11": "18", "dtcode11": "301", "sdtcode11": "02005", "blklgdcode": "2551", "blkname": "BIRSHING-JARUA", "dt_lgd": 285, "sdt_lgd": 2005, "st_lgd": 18, "vilcode11": 0, "vilname11": "FAKIRPARA", "pan_local": "BIRSHING-JARUA", "b_pan_code": 2951, "b_pan_name": "BIRSHING-JARUA", "d_pan_code": 248, "d_pan_name": "DHUBRI", "gp_code": "", "gp_name": "", "st_2011": "18", "dt_2011": "301", "sdt_2011": "02005", "subdtname": "Bagribari (Pt)", "block_name": "BIRSHING-JARUA", "blk_lgdcod": "2551", "dtcode14": "301", "SHAPE_Length": 7488.884048773081, "SHAPE_Area": 2823902.314083375}}, {"type": "Feature", "geometry": {"type": "Polygon", "coordinates": [[[89.9805, 26.0984], [89.9814, 26.0978], [89.9817, 26.0968], [89.9814, 26.0957], [89.9799, 26.0952], [89.9796, 26.0946], [89.9794, 26.0942], [89.9781, 26.092], [89.9769, 26.0916], [89.9732, 26.0903], [89.9714, 26.0892], [89.9719, 26.0907], [89.9732, 26.0923], [89.9732, 26.093], [89.9732, 26.0932], [89.973, 26.0934], [89.9718, 26.0945], [89.9696, 26.0949], [89.9667, 26.0945], [89.9649, 26.0929], [89.9642, 26.0912], [89.9642, 26.091], [89.962, 26.0922], [89.9647, 26.0944], [89.9661, 26.0961], [89.9662, 26.0962], [89.9671, 26.0966], [89.9691, 26.0971], [89.9707, 26.0975], [89.9718, 26.0978], [89.9718, 26.0976], [89.9731, 26.0958], [89.9752, 26.095], [89.9771, 26.0952], [89.9778, 26.0965], [89.9784, 26.0979], [89.9787, 26.0987], [89.9795, 26.0988], [89.9805, 26.0984]]]}, "properties": {"OBJECTID": 268405, "gpcode": "", "gpname": "", "stname": "ASSAM", "dtname": "Dhubri", "sdtname": "Dhubri", "stcode11": "18", "dtcode11": "301", "sdtcode11": "02008", "blklgdcode": "2555", "blkname": "GAURIPUR", "dt_lgd": 285, "sdt_lgd": 6014, "st_lgd": 18, "vilcode11": 801548, "vilname11": "Gauripur (TC)", "pan_local": "GOURIPUR", "b_pan_code": 2955, "b_pan_name": "GAURIPUR", "d_pan_code": 248, "d_pan_name": "DHUBRI", "gp_code": "", "gp_name": "", "st_2011": "18", "dt_2011": "301", "sdt_2011": "02008", "subdtname": "Dhubri", "block_name": "GAURIPUR", "blk_lgdcod": "2555", "dtcode14": "301", "SHAPE_Length": 6789.184502447573, "SHAPE_Area": 848271.3465401981}}, {"type": "Feature", "geometry": {"type": "Polygon", "coordinates": [[[89.8347, 26.1009], [89.8351, 26.0986], [89.8342, 26.0978], [89.8338, 26.0976], [89.8322, 26.0967], [89.8309, 26.096], [89.8283, 26.0959], [89.8271, 26.0958], [89.8252, 26.0971], [89.8229, 26.0971], [89.8213, 26.0971], [89.8212, 26.0971], [89.8201, 26.1004], [89.8203, 26.1018], [89.8203, 26.1019], [89.8243, 26.1016], [89.8342, 26.1033], [89.8347, 26.1009]]]}, "properties": {"OBJECTID": 268407, "gpcode": "", "gpname": "", "stname": "ASSAM", "dtname": "Dhubri", "sdtname": "Golakganj Pt", "stcode11": "18", "dtcode11": "301", "sdtcode11": "02007", "blklgdcode": "2556", "blkname": "GOLAKGANJ", "dt_lgd": 285, "sdt_lgd": 6015, "st_lgd": 18, "vilcode11": 0, "vilname11": "DAKHIN TOKRERCHAR P.4", "pan_local": "GOLOKGANJ", "b_pan_code": 2956, "b_pan_name": "GOLAKGANJ", "d_pan_code": 248, "d_pan_name": "DHUBRI", "gp_code": "", "gp_name": "", "st_2011": "18", "dt_2011": "301", "sdt_2011": "02007", "subdtname": "Golakganj Pt", "block_name": "GOLAKGANJ", "blk_lgdcod": "2556", "dtcode14": "301", "SHAPE_Length": 4467.553791509523, "SHAPE_Area": 1091941.1089085948}}, {"type": "Feature", "geometry": {"type": "Polygon", "coordinates": [[[89.8459, 26.104], [89.8507, 26.1037], [89.8499, 26.1018], [89.8509, 26.0997], [89.8509, 26.0995], [89.8474, 26.0991], [89.8425, 26.0973], [89.8366, 26.0976], [89.8342, 26.0978], [89.8351, 26.0986], [89.8347, 26.1009], [89.8342, 26.1033], [89.8344, 26.1033], [89.8424, 26.104], [89.8459, 26.104]]]}, "properties": {"OBJECTID": 268408, "gpcode": "", "gpname": "", "stname": "ASSAM", "dtname": "Dhubri", "sdtname": "Golakganj Pt", "stcode11": "18", "dtcode11": "301", "sdtcode11": "02007", "blklgdcode": "2556", "blkname": "GOLAKGANJ", "dt_lgd": 285, "sdt_lgd": 6015, "st_lgd": 18, "vilcode11": 0, "vilname11": "DAKHIN TOKRERCHAR", "pan_local": "GOLOKGANJ", "b_pan_code": 2956, "b_pan_name": "GOLAKGANJ", "d_pan_code": 248, "d_pan_name": "DHUBRI", "gp_code": "", "gp_name": "", "st_2011": "18", "dt_2011": "301", "sdt_2011": "02007", "subdtname": "Golakganj Pt", "block_name": "GOLAKGANJ", "blk_lgdcod": "2556", "dtcode14": "301", "SHAPE_Length": 5036.492492365422, "SHAPE_Area": 1239509.8007957167}}, {"type": "Feature", "geometry": {"type": "Polygon", "coordinates": [[[90.1228, 26.1063], [90.124, 26.1055], [90.1256, 26.1053], [90.1282, 26.1051], [90.1312, 26.1051], [90.1327, 26.1047], [90.1336, 26.1038], [90.1354, 26.103], [90.1371, 26.1016], [90.1372, 26.1013], [90.1429, 26.0985], [90.144, 26.098], [90.1434, 26.097], [90.1428, 26.0966], [90.1416, 26.0952], [90.1404, 26.0932], [90.1389, 26.0918], [90.1385, 26.0905], [90.137, 26.0893], [90.1355, 26.088], [90.1338, 26.0866], [90.1314, 26.0855], [90.1296, 26.0855], [90.1285, 26.087], [90.1286, 26.0882], [90.1286, 26.0893], [90.1287, 26.0894], [90.1291, 26.0902], [90.1297, 26.0911], [90.1303, 26.0928], [90.1299, 26.0945], [90.1292, 26.0951], [90.1281, 26.0964], [90.1262, 26.0984], [90.1253, 26.0987], [90.1247, 26.0998], [90.1235, 26.1009], [90.1232, 26.1013], [90.1219, 26.1026], [90.1204, 26.1044], [90.1203, 26.1052], [90.1221, 26.1067], [90.1228, 26.1063]]]}, "properties": {"OBJECTID": 268410, "gpcode": "", "gpname": "", "stname": "ASSAM", "dtname": "Dhubri", "sdtname": "Bagribari (Pt)", "stcode11": "18", "dtcode11": "301", "sdtcode11": "02005", "blklgdcode": "2551", "blkname": "BIRSHING-JARUA", "dt_lgd": 285, "sdt_lgd": 2005, "st_lgd": 18, "vilcode11": 0, "vilname11": "CHANI KHOWA", "pan_local": "BIRSHING-JARUA", "b_pan_code": 2951, "b_pan_name": "BIRSHING-JARUA", "d_pan_code": 248, "d_pan_name": "DHUBRI", "gp_code": "", "gp_name": "", "st_2011": "18", "dt_2011": "301", "sdt_2011": "02005", "subdtname": "Bagribari (Pt)", "block_name": "BIRSHING-JARUA", "blk_lgdcod": "2551", "dtcode14": "301", "SHAPE_Length": 8354.04661789017, "SHAPE_Area": 3164897.309404946}}, {"type": "Feature", "geometry": {"type": "Polygon", "coordinates": [[[90.0184, 26.1105], [90.0184, 26.1104], [90.0178, 26.1091], [90.0167, 26.1074], [90.0156, 26.106], [90.0147, 26.1033], [90.0137, 26.1009], [90.0135, 26.1011], [90.0117, 26.1031], [90.01, 26.105], [90.0087, 26.1068], [90.0085, 26.107], [90.0086, 26.1071], [90.0087, 26.1071], [90.0115, 26.1082], [90.0129, 26.109], [90.014, 26.1094], [90.0155, 26.1114], [90.0171, 26.1125], [90.0184, 26.1105]]]}, "properties": {"OBJECTID": 268419, "gpcode": "", "gpname": "", "stname": "ASSAM", "dtname": "Dhubri", "sdtname": "Dhubri", "stcode11": "18", "dtcode11": "301", "sdtcode11": "02008", "blklgdcode": "2553", "blkname": "DEBITOLA", "dt_lgd": 285, "sdt_lgd": 6014, "st_lgd": 18, "vilcode11": 0, "vilname11": "GERAMARI P.5", "pan_local": "DEBITOLA", "b_pan_code": 2953, "b_pan_name": "DEBITOLA", "d_pan_code": 248, "d_pan_name": "DHUBRI", "gp_code": "", "gp_name": "", "st_2011": "18", "dt_2011": "301", "sdt_2011": "02008", "subdtname": "Dhubri", "block_name": "DEBITOLA", "blk_lgdcod": "2553", "dtcode14": "301", "SHAPE_Length": 3766.2640886980034, "SHAPE_Area": 634888.1488277758}}, {"type": "Feature", "geometry": {"type": "Polygon", "coordinates": [[[90.0855, 26.1174], [90.0873, 26.1166], [90.0894, 26.1159], [90.0915, 26.1153], [90.0951, 26.1143], [90.0959, 26.114], [90.0968, 26.1137], [90.0988, 26.1131], [90.1001, 26.1121], [90.1002, 26.1121], [90.0987, 26.111], [90.096, 26.1094], [90.0939, 26.1085], [90.0938, 26.1084], [90.0934, 26.1096], [90.0917, 26.1101], [90.0903, 26.1105], [90.0881, 26.1109], [90.0866, 26.111], [90.0867, 26.1113], [90.0865, 26.1114], [90.0846, 26.112], [90.0839, 26.1131], [90.0833, 26.1138], [90.084, 26.1152], [90.084, 26.1159], [90.084, 26.1171], [90.0855, 26.1173], [90.0855, 26.1174]]]}, "properties": {"OBJECTID": 268425, "gpcode": "", "gpname": "", "stname": "ASSAM", "dtname": "Dhubri", "sdtname": "Bagribari (Pt)", "stcode11": "18", "dtcode11": "301", "sdtcode11": "02005", "blklgdcode": "2551", "blkname": "BIRSHING-JARUA", "dt_lgd": 285, "sdt_lgd": 2005, "st_lgd": 18, "vilcode11": 0, "vilname11": "MAJERALGA P 2", "pan_local": "BIRSHING-JARUA", "b_pan_code": 2951, "b_pan_name": "BIRSHING-JARUA", "d_pan_code": 248, "d_pan_name": "DHUBRI", "gp_code": "", "gp_name": "", "st_2011": "18", "dt_2011": "301", "sdt_2011": "02005", "subdtname": "Bagribari (Pt)", "block_name": "BIRSHING-JARUA", "blk_lgdcod": "2551", "dtcode14": "301", "SHAPE_Length": 4725.782813726686, "SHAPE_Area": 1042047.5420992263}}, {"type": "Feature", "geometry": {"type": "Polygon", "coordinates": [[[90.1782, 26.1249], [90.1794, 26.1243], [90.1821, 26.1249], [90.1845, 26.1246], [90.1866, 26.1225], [90.189, 26.1213], [90.1888, 26.1204], [90.1886, 26.1201], [90.1886, 26.12], [90.188, 26.1174], [90.1879, 26.1161], [90.1876, 26.1138], [90.1874, 26.1134], [90.1861, 26.1107], [90.185, 26.1096], [90.1849, 26.1095], [90.1839, 26.1084], [90.1836, 26.1082], [90.181, 26.1065], [90.1778, 26.1049], [90.1771, 26.1046], [90.1749, 26.1036], [90.1748, 26.1036], [90.1718, 26.1052], [90.1692, 26.1053], [90.1668, 26.1045], [90.1654, 26.1036], [90.1655, 26.1048], [90.1656, 26.105], [90.1674, 26.1068], [90.1688, 26.1091], [90.1685, 26.1104], [90.1691, 26.1115], [90.1695, 26.1123], [90.1704, 26.1143], [90.1706, 26.1162], [90.1708, 26.118], [90.171, 26.1207], [90.1728, 26.1221], [90.1723, 26.1225], [90.1703, 26.1246], [90.1724, 26.1242], [90.1739, 26.1246], [90.1762, 26.1252], [90.1782, 26.1249]]]}, "properties": {"OBJECTID": 268438, "gpcode": "", "gpname": "", "stname": "ASSAM", "dtname": "Dhubri", "sdtname": "Bagribari (Pt)", "stcode11": "18", "dtcode11": "301", "sdtcode11": "02005", "blklgdcode": "2551", "blkname": "BIRSHING-JARUA", "dt_lgd": 285, "sdt_lgd": 2005, "st_lgd": 18, "vilcode11": 0, "vilname11": "BAYJER ALGA NO.1", "pan_local": "BIRSHING-JARUA", "b_pan_code": 2951, "b_pan_name": "BIRSHING-JARUA", "d_pan_code": 248, "d_pan_name": "DHUBRI", "gp_code": "", "gp_name": "", "st_2011": "18", "dt_2011": "301", "sdt_2011": "02005", "subdtname": "Bagribari (Pt)", "block_name": "BIRSHING-JARUA", "blk_lgdcod": "2551", "dtcode14": "301", "SHAPE_Length": 9339.608263133397, "SHAPE_Area": 4479147.364918456}}, {"type": "Feature", "geometry": {"type": "Polygon", "coordinates": [[[90.0633, 26.1288], [90.0634, 26.1278], [90.0635, 26.1269], [90.0627, 26.1253], [90.0615, 26.1241], [90.0603, 26.1218], [90.0602, 26.1218], [90.0584, 26.1218], [90.0569, 26.1208], [90.0558, 26.1214], [90.0544, 26.1247], [90.0548, 26.1249], [90.0579, 26.1266], [90.0606, 26.1277], [90.0619, 26.1292], [90.0619, 26.1294], [90.0633, 26.1288]]]}, "properties": {"OBJECTID": 268445, "gpcode": "", "gpname": "", "stname": "ASSAM", "dtname": "Dhubri", "sdtname": "Bagribari (Pt)", "stcode11": "18", "dtcode11": "301", "sdtcode11": "02005", "blklgdcode": "2551", "blkname": "BIRSHING-JARUA", "dt_lgd": 285, "sdt_lgd": 2005, "st_lgd": 18, "vilcode11": 0, "vilname11": "CHIRAKHOWA CHAR P-1", "pan_local": "BIRSHING-JARUA", "b_pan_code": 2951, "b_pan_name": "BIRSHING-JARUA", "d_pan_code": 248, "d_pan_name": "DHUBRI", "gp_code": "", "gp_name": "", "st_2011": "18", "dt_2011": "301", "sdt_2011": "02005", "subdtname": "Bagribari (Pt)", "block_name": "BIRSHING-JARUA", "blk_lgdcod": "2551", "dtcode14": "301", "SHAPE_Length": 3176.8234607627223, "SHAPE_Area": 544045.4488147335}}, {"type": "Feature", "geometry": {"type": "Polygon", "coordinates": [[[90.1252, 26.1376], [90.1253, 26.1367], [90.1254, 26.1346], [90.126, 26.1335], [90.1265, 26.1323], [90.1265, 26.1306], [90.1264, 26.1288], [90.1264, 26.127], [90.1264, 26.1252], [90.1264, 26.1242], [90.126, 26.1226], [90.1258, 26.1219], [90.1248, 26.1205], [90.1233, 26.1208], [90.1207, 26.1214], [90.1197, 26.123], [90.1193, 26.1238], [90.1183, 26.1241], [90.117, 26.1246], [90.1156, 26.1251], [90.1148, 26.1259], [90.1132, 26.126], [90.1102, 26.1254], [90.1079, 26.125], [90.1054, 26.1244], [90.1041, 26.1237], [90.1038, 26.1255], [90.1031, 26.1287], [90.1021, 26.1306], [90.1008, 26.1325], [90.1007, 26.1327], [90.1, 26.1337], [90.1001, 26.1339], [90.1005, 26.1349], [90.1024, 26.1369], [90.104, 26.1378], [90.1069, 26.1384], [90.1077, 26.1385], [90.1092, 26.1388], [90.1117, 26.1383], [90.115, 26.1386], [90.1169, 26.1388], [90.1197, 26.1389], [90.1219, 26.1391], [90.1251, 26.1392], [90.1252, 26.1376]]]}, "properties": {"OBJECTID": 268470, "gpcode": "", "gpname": "", "stname": "ASSAM", "dtname": "Dhubri", "sdtname": "Bagribari (Pt)", "stcode11": "18", "dtcode11": "301", "sdtcode11": "02005", "blklgdcode": "2551", "blkname": "BIRSHING-JARUA", "dt_lgd": 285, "sdt_lgd": 2005, "st_lgd": 18, "vilcode11": 0, "vilname11": "SALMARA P-3", "pan_local": "BIRSHING-JARUA", "b_pan_code": 2951, "b_pan_name": "BIRSHING-JARUA", "d_pan_code": 248, "d_pan_name": "DHUBRI", "gp_code": "", "gp_name": "", "st_2011": "18", "dt_2011": "301", "sdt_2011": "02005", "subdtname": "Bagribari (Pt)", "block_name": "BIRSHING-JARUA", "blk_lgdcod": "2551", "dtcode14": "301", "SHAPE_Length": 9438.813950529366, "SHAPE_Area": 4828941.51503605}}, {"type": "Feature", "geometry": {"type": "Polygon", "coordinates": [[[90.079, 26.1396], [90.079, 26.1391], [90.0765, 26.1367], [90.0749, 26.134], [90.0739, 26.1322], [90.0733, 26.1309], [90.0723, 26.1285], [90.0721, 26.1274], [90.0725, 26.127], [90.0762, 26.1288], [90.0785, 26.1302], [90.0788, 26.1292], [90.0793, 26.1275], [90.0793, 26.1274], [90.0792, 26.1261], [90.0773, 26.1247], [90.0753, 26.1231], [90.0748, 26.1225], [90.0741, 26.1217], [90.0724, 26.1204], [90.0713, 26.1194], [90.0702, 26.1174], [90.07, 26.1171], [90.0695, 26.1164], [90.0684, 26.1146], [90.0676, 26.1143], [90.0663, 26.1137], [90.0647, 26.1135], [90.0648, 26.1146], [90.065, 26.1183], [90.0653, 26.1213], [90.065, 26.1214], [90.0667, 26.1247], [90.0671, 26.126], [90.0676, 26.1278], [90.069, 26.1298], [90.0694, 26.1317], [90.069, 26.1332], [90.0691, 26.1345], [90.0692, 26.1345], [90.0714, 26.1356], [90.0738, 26.1367], [90.0768, 26.1383], [90.079, 26.1397], [90.079, 26.1396]]]}, "properties": {"OBJECTID": 268473, "gpcode": "", "gpname": "", "stname": "ASSAM", "dtname": "Dhubri", "sdtname": "Bagribari (Pt)", "stcode11": "18", "dtcode11": "301", "sdtcode11": "02005", "blklgdcode": "2551", "blkname": "BIRSHING-JARUA", "dt_lgd": 285, "sdt_lgd": 2005, "st_lgd": 18, "vilcode11": 0, "vilname11": "SAND BLOCK NO 1", "pan_local": "BIRSHING-JARUA", "b_pan_code": 2951, "b_pan_name": "BIRSHING-JARUA", "d_pan_code": 248, "d_pan_name": "DHUBRI", "gp_code": "", "gp_name": "", "st_2011": "18", "dt_2011": "301", "sdt_2011": "02005", "subdtname": "Bagribari (Pt)", "block_name": "BIRSHING-JARUA", "blk_lgdcod": "2551", "dtcode14": "301", "SHAPE_Length": 9417.705569974361, "SHAPE_Area": 2184756.105983721}}, {"type": "Feature", "geometry": {"type": "Polygon", "coordinates": [[[90.0702, 26.1434], [90.0709, 26.1393], [90.0714, 26.1357], [90.0714, 26.1356], [90.0692, 26.1345], [90.0691, 26.1345], [90.069, 26.1344], [90.0647, 26.1324], [90.0623, 26.1313], [90.0616, 26.132], [90.0617, 26.1332], [90.062, 26.1354], [90.0609, 26.1353], [90.0608, 26.1359], [90.0599, 26.1382], [90.0597, 26.1397], [90.0594, 26.142], [90.0599, 26.1414], [90.0625, 26.1417], [90.0641, 26.1419], [90.0649, 26.1419], [90.0656, 26.142], [90.0672, 26.1424], [90.0687, 26.1432], [90.0701, 26.1434], [90.0702, 26.1434]]]}, "properties": {"OBJECTID": 268484, "gpcode": "", "gpname": "", "stname": "ASSAM", "dtname": "Dhubri", "sdtname": "Dhubri", "stcode11": "18", "dtcode11": "301", "sdtcode11": "02008", "blklgdcode": "2553", "blkname": "DEBITOLA", "dt_lgd": 285, "sdt_lgd": 6014, "st_lgd": 18, "vilcode11": 0, "vilname11": "BAGLAMARI P.2", "pan_local": "DEBITOLA", "b_pan_code": 2953, "b_pan_name": "DEBITOLA", "d_pan_code": 248, "d_pan_name": "DHUBRI", "gp_code": "", "gp_name": "", "st_2011": "18", "dt_2011": "301", "sdt_2011": "02008", "subdtname": "Dhubri", "block_name": "DEBITOLA", "blk_lgdcod": "2553", "dtcode14": "301", "SHAPE_Length": 4944.618902428374, "SHAPE_Area": 1297609.7698675417}}, {"type": "Feature", "geometry": {"type": "Polygon", "coordinates": [[[90.1006, 26.1501], [90.1008, 26.1491], [90.101, 26.1477], [90.1013, 26.1463], [90.1014, 26.1458], [90.1015, 26.1452], [90.1022, 26.1444], [90.1023, 26.1417], [90.1023, 26.1396], [90.1024, 26.1375], [90.1024, 26.1369], [90.1005, 26.1349], [90.1001, 26.1339], [90.0978, 26.1351], [90.0962, 26.1355], [90.0943, 26.1364], [90.0942, 26.1369], [90.0946, 26.1377], [90.0955, 26.1386], [90.0961, 26.1398], [90.0954, 26.1401], [90.0943, 26.1406], [90.0932, 26.1411], [90.0915, 26.1409], [90.0887, 26.1413], [90.0873, 26.1418], [90.0867, 26.1419], [90.0845, 26.1423], [90.083, 26.1421], [90.0812, 26.1412], [90.079, 26.1396], [90.079, 26.1397], [90.0796, 26.1421], [90.0771, 26.1434], [90.077, 26.1434], [90.0767, 26.1434], [90.0769, 26.1435], [90.0812, 26.1453], [90.0811, 26.1454], [90.0829, 26.1459], [90.0842, 26.1461], [90.0868, 26.1463], [90.0869, 26.1463], [90.0897, 26.1465], [90.092, 26.147], [90.0947, 26.148], [90.0948, 26.148], [90.0991, 26.1494], [90.1005, 26.1502], [90.1006, 26.1501]]]}, "properties": {"OBJECTID": 268507, "gpcode": "", "gpname": "", "stname": "ASSAM", "dtname": "Dhubri", "sdtname": "Bagribari (Pt)", "stcode11": "18", "dtcode11": "301", "sdtcode11": "02005", "blklgdcode": "2558", "blkname": "MAHAMAYA", "dt_lgd": 285, "sdt_lgd": 2005, "st_lgd": 18, "vilcode11": 0, "vilname11": "SALMARA NO 3", "pan_local": "MAHAMAYA", "b_pan_code": 2958, "b_pan_name": "MAHAMAYA", "d_pan_code": 248, "d_pan_name": "DHUBRI", "gp_code": "", "gp_name": "", "st_2011": "18", "dt_2011": "301", "sdt_2011": "02005", "subdtname": "Bagribari (Pt)", "block_name": "MAHAMAYA", "blk_lgdcod": "2558", "dtcode14": "301", "SHAPE_Length": 8941.068942900494, "SHAPE_Area": 2435453.759772334}}, {"type": "Feature", "geometry": {"type": "Polygon", "coordinates": [[[90.1496, 26.1497], [90.1504, 26.1474], [90.1515, 26.1473], [90.154, 26.1471], [90.1576, 26.1478], [90.1594, 26.1486], [90.1602, 26.1478], [90.1585, 26.1446], [90.1567, 26.1407], [90.1566, 26.1406], [90.1553, 26.1378], [90.1541, 26.1351], [90.153, 26.1324], [90.1515, 26.1299], [90.1498, 26.1284], [90.1474, 26.1304], [90.1452, 26.1313], [90.1439, 26.1338], [90.1433, 26.1345], [90.1407, 26.1346], [90.1403, 26.1353], [90.1404, 26.1374], [90.1412, 26.1398], [90.1432, 26.1442], [90.144, 26.1447], [90.1473, 26.1441], [90.1481, 26.1446], [90.1483, 26.146], [90.1478, 26.1495], [90.1497, 26.1506], [90.1496, 26.1497]]]}, "properties": {"OBJECTID": 268508, "gpcode": "", "gpname": "", "stname": "ASSAM", "dtname": "Dhubri", "sdtname": "Bagribari (Pt)", "stcode11": "18", "dtcode11": "301", "sdtcode11": "02005", "blklgdcode": "2551", "blkname": "BIRSHING-JARUA", "dt_lgd": 285, "sdt_lgd": 2005, "st_lgd": 18, "vilcode11": 0, "vilname11": "BAYJER ALGA NO.3", "pan_local": "BIRSHING-JARUA", "b_pan_code": 2951, "b_pan_name": "BIRSHING-JARUA", "d_pan_code": 248, "d_pan_name": "DHUBRI", "gp_code": "", "gp_name": "", "st_2011": "18", "dt_2011": "301", "sdt_2011": "02005", "subdtname": "Bagribari (Pt)", "block_name": "BIRSHING-JARUA", "blk_lgdcod": "2551", "dtcode14": "301", "SHAPE_Length": 8355.837609570763, "SHAPE_Area": 3092082.13743318}}, {"type": "Feature", "geometry": {"type": "Polygon", "coordinates": [[[90.1569, 26.1569], [90.1586, 26.1557], [90.1597, 26.1553], [90.1601, 26.1552], [90.1627, 26.1552], [90.1637, 26.1552], [90.1638, 26.1552], [90.1654, 26.1553], [90.1683, 26.1545], [90.17, 26.1543], [90.1719, 26.1536], [90.1714, 26.1524], [90.1712, 26.1518], [90.1701, 26.1515], [90.1695, 26.1502], [90.169, 26.1492], [90.1665, 26.1485], [90.1654, 26.1482], [90.1643, 26.1479], [90.1629, 26.1479], [90.162, 26.1479], [90.1609, 26.1482], [90.1602, 26.1477], [90.1602, 26.1478], [90.1594, 26.1486], [90.1576, 26.1478], [90.154, 26.1471], [90.1515, 26.1473], [90.1504, 26.1474], [90.1496, 26.1497], [90.1497, 26.1506], [90.1499, 26.1525], [90.1487, 26.1554], [90.1488, 26.1554], [90.1503, 26.1566], [90.1533, 26.1576], [90.1547, 26.1577], [90.1569, 26.1569]]]}, "properties": {"OBJECTID": 268524, "gpcode": "", "gpname": "", "stname": "ASSAM", "dtname": "Dhubri", "sdtname": "Bagribari (Pt)", "stcode11": "18", "dtcode11": "301", "sdtcode11": "02005", "blklgdcode": "2551", "blkname": "BIRSHING-JARUA", "dt_lgd": 285, "sdt_lgd": 2005, "st_lgd": 18, "vilcode11": 0, "vilname11": "BAYZER ALGA NO.1", "pan_local": "BIRSHING-JARUA", "b_pan_code": 2951, "b_pan_name": "BIRSHING-JARUA", "d_pan_code": 248, "d_pan_name": "DHUBRI", "gp_code": "", "gp_name": "", "st_2011": "18", "dt_2011": "301", "sdt_2011": "02005", "subdtname": "Bagribari (Pt)", "block_name": "BIRSHING-JARUA", "blk_lgdcod": "2551", "dtcode14": "301", "SHAPE_Length": 6697.372225755967, "SHAPE_Area": 2280416.0346766044}}, {"type": "Feature", "geometry": {"type": "Polygon", "coordinates": [[[90.2471, 26.1576], [90.2491, 26.1574], [90.2497, 26.1572], [90.2499, 26.1504], [90.2498, 26.1495], [90.2497, 26.1493], [90.2495, 26.1478], [90.2491, 26.1459], [90.2488, 26.1444], [90.2481, 26.1414], [90.2479, 26.1404], [90.2473, 26.1403], [90.2472, 26.1402], [90.2471, 26.1402], [90.2418, 26.1379], [90.2417, 26.1379], [90.2415, 26.1378], [90.2396, 26.137], [90.2395, 26.1369], [90.2394, 26.1369], [90.239, 26.1367], [90.2394, 26.1372], [90.2408, 26.1407], [90.2408, 26.1408], [90.243, 26.1439], [90.2444, 26.1483], [90.2444, 26.1484], [90.2453, 26.1533], [90.2468, 26.1577], [90.2471, 26.1576]]]}, "properties": {"OBJECTID": 268525, "gpcode": "", "gpname": "", "stname": "ASSAM", "dtname": "Dhubri", "sdtname": "Bilasipara Pt", "stcode11": "18", "dtcode11": "301", "sdtcode11": "02009", "blklgdcode": "2560", "blkname": "NAYERALGA", "dt_lgd": 285, "sdt_lgd": 6018, "st_lgd": 18, "vilcode11": 0, "vilname11": "PATAKATA NO. 2", "pan_local": "NAYERALGA", "b_pan_code": 2960, "b_pan_name": "NAYERALGA", "d_pan_code": 248, "d_pan_name": "DHUBRI", "gp_code": "", "gp_name": "", "st_2011": "18", "dt_2011": "301", "sdt_2011": "02009", "subdtname": "Bilasipara Pt", "block_name": "NAYERALGA", "blk_lgdcod": "2560", "dtcode14": "301", "SHAPE_Length": 6303.607438147929, "SHAPE_Area": 1373910.0342315019}}, {"type": "Feature", "geometry": {"type": "Polygon", "coordinates": [[[90.0876, 26.1562], [90.0878, 26.1546], [90.0889, 26.154], [90.0908, 26.1537], [90.0926, 26.1533], [90.0926, 26.1524], [90.0929, 26.1508], [90.0931, 26.15], [90.0933, 26.1491], [90.0946, 26.1487], [90.0947, 26.148], [90.092, 26.147], [90.0897, 26.1465], [90.0869, 26.1463], [90.0868, 26.1463], [90.0842, 26.1461], [90.0829, 26.1459], [90.0811, 26.1454], [90.0804, 26.1462], [90.0785, 26.1475], [90.0762, 26.1486], [90.0753, 26.1496], [90.0747, 26.152], [90.0747, 26.1533], [90.0752, 26.1542], [90.0755, 26.1554], [90.0785, 26.1568], [90.0792, 26.1569], [90.0829, 26.1577], [90.0831, 26.1578], [90.0873, 26.1582], [90.0876, 26.1562]]]}, "properties": {"OBJECTID": 268529, "gpcode": "", "gpname": "", "stname": "ASSAM", "dtname": "Dhubri", "sdtname": "Bagribari (Pt)", "stcode11": "18", "dtcode11": "301", "sdtcode11": "02005", "blklgdcode": "2558", "blkname": "MAHAMAYA", "dt_lgd": 285, "sdt_lgd": 2005, "st_lgd": 18, "vilcode11": 0, "vilname11": "KANUBARI", "pan_local": "MAHAMAYA", "b_pan_code": 2958, "b_pan_name": "MAHAMAYA", "d_pan_code": 248, "d_pan_name": "DHUBRI", "gp_code": "", "gp_name": "", "st_2011": "18", "dt_2011": "301", "sdt_2011": "02005", "subdtname": "Bagribari (Pt)", "block_name": "MAHAMAYA", "blk_lgdcod": "2558", "dtcode14": "301", "SHAPE_Length": 6294.9389328118095, "SHAPE_Area": 2349749.2260154244}}, {"type": "Feature", "geometry": {"type": "Polygon", "coordinates": [[[90.1192, 26.1568], [90.1183, 26.1555], [90.1185, 26.1552], [90.1201, 26.1527], [90.1197, 26.1512], [90.119, 26.1491], [90.1188, 26.1487], [90.1178, 26.1474], [90.1163, 26.1453], [90.1153, 26.1431], [90.1147, 26.1417], [90.115, 26.1386], [90.1117, 26.1383], [90.1092, 26.1388], [90.1077, 26.1385], [90.1069, 26.1384], [90.104, 26.1378], [90.1024, 26.1369], [90.1024, 26.1375], [90.1023, 26.1396], [90.1023, 26.1417], [90.1022, 26.1444], [90.1015, 26.1452], [90.1014, 26.1458], [90.1034, 26.1463], [90.1077, 26.1462], [90.1118, 26.1478], [90.1135, 26.1491], [90.1136, 26.15], [90.1111, 26.1557], [90.1124, 26.1559], [90.1129, 26.156], [90.1163, 26.1576], [90.1193, 26.1597], [90.1192, 26.1568]]]}, "properties": {"OBJECTID": 268533, "gpcode": "", "gpname": "", "stname": "ASSAM", "dtname": "Dhubri", "sdtname": "Bagribari (Pt)", "stcode11": "18", "dtcode11": "301", "sdtcode11": "02005", "blklgdcode": "2558", "blkname": "MAHAMAYA", "dt_lgd": 285, "sdt_lgd": 2005, "st_lgd": 18, "vilcode11": 0, "vilname11": "SALMARA NO 2", "pan_local": "MAHAMAYA", "b_pan_code": 2958, "b_pan_name": "MAHAMAYA", "d_pan_code": 248, "d_pan_name": "DHUBRI", "gp_code": "", "gp_name": "", "st_2011": "18", "dt_2011": "301", "sdt_2011": "02005", "subdtname": "Bagribari (Pt)", "block_name": "MAHAMAYA", "blk_lgdcod": "2558", "dtcode14": "301", "SHAPE_Length": 8798.739633878962, "SHAPE_Area": 2520620.738638395}}, {"type": "Feature", "geometry": {"type": "Polygon", "coordinates": [[[90.0917, 26.1621], [90.0931, 26.1614], [90.0938, 26.1611], [90.095, 26.1612], [90.0947, 26.1609], [90.094, 26.1601], [90.0919, 26.1591], [90.0908, 26.1586], [90.0889, 26.1588], [90.0873, 26.1582], [90.0831, 26.1578], [90.0828, 26.1587], [90.0824, 26.1593], [90.0816, 26.1605], [90.0813, 26.1621], [90.0818, 26.1625], [90.0824, 26.1628], [90.084, 26.1627], [90.0863, 26.1626], [90.0876, 26.1625], [90.0888, 26.1624], [90.0897, 26.1628], [90.0906, 26.1633], [90.0917, 26.1621]]]}, "properties": {"OBJECTID": 268543, "gpcode": "", "gpname": "", "stname": "ASSAM", "dtname": "Dhubri", "sdtname": "Bagribari (Pt)", "stcode11": "18", "dtcode11": "301", "sdtcode11": "02005", "blklgdcode": "2558", "blkname": "MAHAMAYA", "dt_lgd": 285, "sdt_lgd": 2005, "st_lgd": 18, "vilcode11": 0, "vilname11": "TAPPARA JHAUPARA", "pan_local": "MAHAMAYA", "b_pan_code": 2958, "b_pan_name": "MAHAMAYA", "d_pan_code": 248, "d_pan_name": "DHUBRI", "gp_code": "", "gp_name": "", "st_2011": "18", "dt_2011": "301", "sdt_2011": "02005", "subdtname": "Bagribari (Pt)", "block_name": "MAHAMAYA", "blk_lgdcod": "2558", "dtcode14": "301", "SHAPE_Length": 3709.645029865191, "SHAPE_Area": 658991.7169372644}}, {"type": "Feature", "geometry": {"type": "Polygon", "coordinates": [[[90.1324, 26.1637], [90.133, 26.1633], [90.1334, 26.1624], [90.1347, 26.162], [90.1358, 26.1609], [90.1365, 26.1595], [90.1382, 26.1573], [90.1399, 26.1551], [90.1413, 26.155], [90.1404, 26.1521], [90.1389, 26.1491], [90.138, 26.1469], [90.1363, 26.1406], [90.1362, 26.1402], [90.1346, 26.1396], [90.1326, 26.1398], [90.1319, 26.1399], [90.1317, 26.1399], [90.1318, 26.1412], [90.1315, 26.1442], [90.1308, 26.1466], [90.1316, 26.149], [90.1322, 26.1508], [90.1309, 26.1537], [90.1294, 26.1557], [90.1301, 26.1584], [90.1302, 26.1589], [90.1304, 26.1598], [90.1312, 26.1638], [90.1324, 26.1637]]]}, "properties": {"OBJECTID": 268545, "gpcode": "", "gpname": "", "stname": "ASSAM", "dtname": "Dhubri", "sdtname": "Bagribari (Pt)", "stcode11": "18", "dtcode11": "301", "sdtcode11": "02005", "blklgdcode": "2551", "blkname": "BIRSHING-JARUA", "dt_lgd": 285, "sdt_lgd": 2005, "st_lgd": 18, "vilcode11": 0, "vilname11": "SALMARA NO.2", "pan_local": "BIRSHING-JARUA", "b_pan_code": 2951, "b_pan_name": "BIRSHING-JARUA", "d_pan_code": 248, "d_pan_name": "DHUBRI", "gp_code": "", "gp_name": "", "st_2011": "18", "dt_2011": "301", "sdt_2011": "02005", "subdtname": "Bagribari (Pt)", "block_name": "BIRSHING-JARUA", "blk_lgdcod": "2551", "dtcode14": "301", "SHAPE_Length": 7227.245864272485, "SHAPE_Area": 2237098.713794498}}, {"type": "Feature", "geometry": {"type": "Polygon", "coordinates": [[[90.0665, 26.1654], [90.0667, 26.1654], [90.0668, 26.1654], [90.0677, 26.1629], [90.0679, 26.1606], [90.0665, 26.16], [90.0637, 26.1587], [90.0613, 26.1588], [90.0575, 26.1589], [90.0572, 26.1588], [90.0583, 26.1612], [90.0605, 26.163], [90.0642, 26.1651], [90.0654, 26.1657], [90.0665, 26.1654]]]}, "properties": {"OBJECTID": 268551, "gpcode": "", "gpname": "", "stname": "ASSAM", "dtname": "Dhubri", "sdtname": "Bagribari (Pt)", "stcode11": "18", "dtcode11": "301", "sdtcode11": "02005", "blklgdcode": "2558", "blkname": "MAHAMAYA", "dt_lgd": 285, "sdt_lgd": 2005, "st_lgd": 18, "vilcode11": 0, "vilname11": "BANIAMARI P-3", "pan_local": "MAHAMAYA", "b_pan_code": 2958, "b_pan_name": "MAHAMAYA", "d_pan_code": 248, "d_pan_name": "DHUBRI", "gp_code": "", "gp_name": "", "st_2011": "18", "dt_2011": "301", "sdt_2011": "02005", "subdtname": "Bagribari (Pt)", "block_name": "MAHAMAYA", "blk_lgdcod": "2558", "dtcode14": "301", "SHAPE_Length": 3319.5597182705737, "SHAPE_Area": 647084.7494285286}}, {"type": "Feature", "geometry": {"type": "Polygon", "coordinates": [[[90.1291, 26.1702], [90.1335, 26.1697], [90.1364, 26.1697], [90.137, 26.1697], [90.1368, 26.1688], [90.1358, 26.1667], [90.1353, 26.1646], [90.1358, 26.1609], [90.1347, 26.162], [90.1334, 26.1624], [90.133, 26.1633], [90.1324, 26.1637], [90.1312, 26.1638], [90.1313, 26.1641], [90.1301, 26.1649], [90.1288, 26.1654], [90.1281, 26.1653], [90.128, 26.1672], [90.1288, 26.1685], [90.129, 26.1702], [90.1291, 26.1702]]]}, "properties": {"OBJECTID": 268569, "gpcode": "", "gpname": "", "stname": "ASSAM", "dtname": "Dhubri", "sdtname": "Bagribari (Pt)", "stcode11": "18", "dtcode11": "301", "sdtcode11": "02005", "blklgdcode": "2560", "blkname": "NAYERALGA", "dt_lgd": 285, "sdt_lgd": 2005, "st_lgd": 18, "vilcode11": 0, "vilname11": "GUTIPARA P.1", "pan_local": "NAYERALGA", "b_pan_code": 2960, "b_pan_name": "NAYERALGA", "d_pan_code": 248, "d_pan_name": "DHUBRI", "gp_code": "", "gp_name": "", "st_2011": "18", "dt_2011": "301", "sdt_2011": "02005", "subdtname": "Bagribari (Pt)", "block_name": "NAYERALGA", "blk_lgdcod": "2560", "dtcode14": "301", "SHAPE_Length": 3773.883703391157, "SHAPE_Area": 654344.6373068024}}, {"type": "Feature", "geometry": {"type": "Polygon", "coordinates": [[[89.7467, 26.1783], [89.7463, 26.1625], [89.7456, 26.1627], [89.7443, 26.1628], [89.7441, 26.1629], [89.7428, 26.1632], [89.7424, 26.1636], [89.742, 26.1645], [89.742, 26.1653], [89.7416, 26.1671], [89.7409, 26.1683], [89.74, 26.1689], [89.7396, 26.1693], [89.7393, 26.17], [89.7393, 26.1706], [89.7394, 26.1711], [89.7398, 26.1741], [89.7397, 26.1765], [89.7396, 26.1784], [89.7399, 26.1794], [89.7408, 26.1799], [89.7422, 26.1807], [89.744, 26.1817], [89.7462, 26.1824], [89.7467, 26.183], [89.7468, 26.183], [89.7467, 26.1783]]]}, "properties": {"OBJECTID": 268609, "gpcode": "", "gpname": "", "stname": "ASSAM", "dtname": "Dhubri", "sdtname": "Agamoni", "stcode11": "18", "dtcode11": "301", "sdtcode11": "02006", "blklgdcode": "2549", "blkname": "AGOMANI", "dt_lgd": 285, "sdt_lgd": 2006, "st_lgd": 18, "vilcode11": 0, "vilname11": "RAIDAKN", "pan_local": "AGOMONI", "b_pan_code": 2949, "b_pan_name": "AGOMANI", "d_pan_code": 248, "d_pan_name": "DHUBRI", "gp_code": "", "gp_name": "", "st_2011": "18", "dt_2011": "301", "sdt_2011": "02006", "subdtname": "Agamoni", "block_name": "AGOMANI", "blk_lgdcod": "2549", "dtcode14": "301", "SHAPE_Length": 5984.035741068818, "SHAPE_Area": 1558597.3090999604}}, {"type": "Feature", "geometry": {"type": "Polygon", "coordinates": [[[90.3376, 26.19], [90.3396, 26.1897], [90.3414, 26.1896], [90.3412, 26.1867], [90.3398, 26.1853], [90.3374, 26.1843], [90.3337, 26.1831], [90.3308, 26.1825], [90.3306, 26.1827], [90.3302, 26.1829], [90.3288, 26.1838], [90.3265, 26.1856], [90.3263, 26.1857], [90.3244, 26.188], [90.3232, 26.1901], [90.3335, 26.19], [90.334, 26.19], [90.3355, 26.1902], [90.3376, 26.19]]]}, "properties": {"OBJECTID": 268636, "gpcode": "", "gpname": "", "stname": "ASSAM", "dtname": "Dhubri", "sdtname": "Chapar Pt", "stcode11": "18", "dtcode11": "301", "sdtcode11": "02010", "blklgdcode": "2552", "blkname": "CHAPAR SALKOCHA", "dt_lgd": 285, "sdt_lgd": 6019, "st_lgd": 18, "vilcode11": 0, "vilname11": "SINGULIPARA KILLAHARA PART-3", "pan_local": "CHAPOR SHALKOCHA", "b_pan_code": 2952, "b_pan_name": "CHAPAR SALKOCHA", "d_pan_code": 248, "d_pan_name": "DHUBRI", "gp_code": "", "gp_name": "", "st_2011": "18", "dt_2011": "301", "sdt_2011": "02010", "subdtname": "Chapar Pt", "block_name": "CHAPAR SALKOCHA", "blk_lgdcod": "2552", "dtcode14": "301", "SHAPE_Length": 4975.062587807621, "SHAPE_Area": 1328938.7278547543}}, {"type": "Feature", "geometry": {"type": "Polygon", "coordinates": [[[89.7564, 26.1905], [89.7573, 26.1904], [89.7606, 26.1904], [89.7629, 26.1902], [89.7656, 26.19], [89.7667, 26.1892], [89.7678, 26.1886], [89.7673, 26.187], [89.7672, 26.1866], [89.7657, 26.186], [89.7633, 26.1842], [89.7624, 26.1843], [89.7599, 26.1852], [89.758, 26.1859], [89.7569, 26.1872], [89.7565, 26.1877], [89.7561, 26.1881], [89.7553, 26.1901], [89.7564, 26.1905]]]}, "properties": {"OBJECTID": 268639, "gpcode": "", "gpname": "", "stname": "ASSAM", "dtname": "Dhubri", "sdtname": "Agamoni", "stcode11": "18", "dtcode11": "301", "sdtcode11": "02006", "blklgdcode": "2549", "blkname": "AGOMANI", "dt_lgd": 285, "sdt_lgd": 2006, "st_lgd": 18, "vilcode11": 0, "vilname11": "JAPSABARI P.6", "pan_local": "AGOMONI", "b_pan_code": 2949, "b_pan_name": "AGOMANI", "d_pan_code": 248, "d_pan_name": "DHUBRI", "gp_code": "", "gp_name": "", "st_2011": "18", "dt_2011": "301", "sdt_2011": "02006", "subdtname": "Agamoni", "block_name": "AGOMANI", "blk_lgdcod": "2549", "dtcode14": "301", "SHAPE_Length": 3501.409371573612, "SHAPE_Area": 740159.8407592062}}, {"type": "Feature", "geometry": {"type": "Polygon", "coordinates": [[[90.1251, 26.1901], [90.1245, 26.1883], [90.1243, 26.1876], [90.125, 26.1867], [90.1269, 26.1865], [90.1294, 26.1862], [90.1297, 26.1862], [90.1274, 26.1801], [90.1227, 26.1787], [90.1197, 26.1776], [90.1138, 26.1766], [90.1125, 26.1773], [90.1154, 26.1788], [90.1171, 26.1808], [90.1188, 26.1828], [90.119, 26.1831], [90.124, 26.1906], [90.1251, 26.1901]]]}, "properties": {"OBJECTID": 268640, "gpcode": "", "gpname": "", "stname": "ASSAM", "dtname": "Dhubri", "sdtname": "Bagribari (Pt)", "stcode11": "18", "dtcode11": "301", "sdtcode11": "02005", "blklgdcode": "2560", "blkname": "NAYERALGA", "dt_lgd": 285, "sdt_lgd": 2005, "st_lgd": 18, "vilcode11": 0, "vilname11": "JOHARMURA", "pan_local": "NAYERALGA", "b_pan_code": 2960, "b_pan_name": "NAYERALGA", "d_pan_code": 248, "d_pan_name": "DHUBRI", "gp_code": "", "gp_name": "", "st_2011": "18", "dt_2011": "301", "sdt_2011": "02005", "subdtname": "Bagribari (Pt)", "block_name": "NAYERALGA", "blk_lgdcod": "2560", "dtcode14": "301", "SHAPE_Length": 5800.630750693849, "SHAPE_Area": 1299201.7952803688}}, {"type": "Feature", "geometry": {"type": "Polygon", "coordinates": [[[90.1413, 26.2023], [90.1452, 26.1985], [90.1445, 26.1982], [90.1434, 26.1966], [90.1412, 26.1963], [90.1395, 26.1952], [90.1366, 26.1933], [90.1355, 26.1922], [90.1389, 26.1963], [90.1361, 26.1957], [90.1322, 26.1949], [90.1271, 26.1971], [90.1305, 26.1978], [90.131, 26.1981], [90.1334, 26.1993], [90.1355, 26.2004], [90.1364, 26.2009], [90.1366, 26.2009], [90.1398, 26.2011], [90.1413, 26.2023]]]}, "properties": {"OBJECTID": 268679, "gpcode": "", "gpname": "", "stname": "ASSAM", "dtname": "Dhubri", "sdtname": "Bagribari (Pt)", "stcode11": "18", "dtcode11": "301", "sdtcode11": "02005", "blklgdcode": "2558", "blkname": "MAHAMAYA", "dt_lgd": 285, "sdt_lgd": 2005, "st_lgd": 18, "vilcode11": 0, "vilname11": "NAYACHARDHAR", "pan_local": "MAHAMAYA", "b_pan_code": 2958, "b_pan_name": "MAHAMAYA", "d_pan_code": 248, "d_pan_name": "DHUBRI", "gp_code": "", "gp_name": "", "st_2011": "18", "dt_2011": "301", "sdt_2011": "02005", "subdtname": "Bagribari (Pt)", "block_name": "MAHAMAYA", "blk_lgdcod": "2558", "dtcode14": "301", "SHAPE_Length": 5792.024101895098, "SHAPE_Area": 951468.2418805355}}, {"type": "Feature", "geometry": {"type": "Polygon", "coordinates": [[[89.8537, 26.2122], [89.8531, 26.2058], [89.8518, 26.2047], [89.8517, 26.2026], [89.8522, 26.2018], [89.8523, 26.2018], [89.8506, 26.2001], [89.8504, 26.1999], [89.85, 26.1995], [89.8469, 26.1998], [89.8458, 26.2], [89.8413, 26.1974], [89.84, 26.1961], [89.8386, 26.1922], [89.8385, 26.1921], [89.8379, 26.1916], [89.8371, 26.1909], [89.8341, 26.1906], [89.8312, 26.1917], [89.8299, 26.1927], [89.8294, 26.1931], [89.8295, 26.1959], [89.8298, 26.197], [89.8298, 26.1972], [89.8308, 26.199], [89.8299, 26.2002], [89.8291, 26.2024], [89.8312, 26.2037], [89.8326, 26.2051], [89.8329, 26.2078], [89.8332, 26.2099], [89.8341, 26.2113], [89.8373, 26.2125], [89.8387, 26.2141], [89.8393, 26.2153], [89.8398, 26.2161], [89.8401, 26.2161], [89.8427, 26.2161], [89.8456, 26.216], [89.8474, 26.2158], [89.8488, 26.216], [89.8516, 26.2162], [89.8539, 26.2163], [89.8541, 26.2163], [89.8537, 26.2122]]]}, "properties": {"OBJECTID": 268716, "gpcode": "", "gpname": "", "stname": "ASSAM", "dtname": "Dhubri", "sdtname": "Golakganj Pt", "stcode11": "18", "dtcode11": "301", "sdtcode11": "02007", "blklgdcode": "2556", "blkname": "GOLAKGANJ", "dt_lgd": 285, "sdt_lgd": 6015, "st_lgd": 18, "vilcode11": 0, "vilname11": "DIHI PRATAP GANJ", "pan_local": "GOLOKGANJ", "b_pan_code": 2956, "b_pan_name": "GOLAKGANJ", "d_pan_code": 248, "d_pan_name": "DHUBRI", "gp_code": "", "gp_name": "", "st_2011": "18", "dt_2011": "301", "sdt_2011": "02007", "subdtname": "Golakganj Pt", "block_name": "GOLAKGANJ", "blk_lgdcod": "2556", "dtcode14": "301", "SHAPE_Length": 10290.65831301911, "SHAPE_Area": 5616540.728364973}}, {"type": "Feature", "geometry": {"type": "Polygon", "coordinates": [[[90.3198, 26.2241], [90.3237, 26.2235], [90.322, 26.2206], [90.3217, 26.2201], [90.321, 26.2192], [90.3175, 26.2188], [90.3134, 26.2195], [90.3109, 26.2206], [90.3118, 26.2216], [90.3131, 26.2246], [90.3136, 26.2256], [90.3198, 26.2241]]]}, "properties": {"OBJECTID": 268738, "gpcode": "", "gpname": "", "stname": "ASSAM", "dtname": "Dhubri", "sdtname": "Chapar Pt", "stcode11": "18", "dtcode11": "301", "sdtcode11": "02010", "blklgdcode": "2552", "blkname": "CHAPAR SALKOCHA", "dt_lgd": 285, "sdt_lgd": 6019, "st_lgd": 18, "vilcode11": 0, "vilname11": "SYMMIPARA", "pan_local": "CHAPOR SHALKOCHA", "b_pan_code": 2952, "b_pan_name": "CHAPAR SALKOCHA", "d_pan_code": 248, "d_pan_name": "DHUBRI", "gp_code": "", "gp_name": "", "st_2011": "18", "dt_2011": "301", "sdt_2011": "02010", "subdtname": "Chapar Pt", "block_name": "CHAPAR SALKOCHA", "blk_lgdcod": "2552", "dtcode14": "301", "SHAPE_Length": 3641.5098563740225, "SHAPE_Area": 780967.1814886192}}, {"type": "Feature", "geometry": {"type": "Polygon", "coordinates": [[[90.2371, 26.2287], [90.238, 26.227], [90.238, 26.2264], [90.2381, 26.2253], [90.2386, 26.2238], [90.239, 26.2226], [90.2393, 26.222], [90.2406, 26.22], [90.2434, 26.2166], [90.2453, 26.214], [90.2438, 26.212], [90.2424, 26.2105], [90.2399, 26.2068], [90.2379, 26.2048], [90.2368, 26.2047], [90.236, 26.2053], [90.2346, 26.2065], [90.2331, 26.2077], [90.2315, 26.2071], [90.2286, 26.2068], [90.2285, 26.2069], [90.2281, 26.2078], [90.2279, 26.2106], [90.2278, 26.2108], [90.2274, 26.2116], [90.2277, 26.2134], [90.2268, 26.2169], [90.2265, 26.2194], [90.2264, 26.2198], [90.2264, 26.2205], [90.2265, 26.2209], [90.2266, 26.2212], [90.2273, 26.2235], [90.2268, 26.2242], [90.2266, 26.2247], [90.2275, 26.2261], [90.2301, 26.227], [90.2329, 26.2285], [90.2353, 26.2298], [90.2366, 26.231], [90.2371, 26.2287]]]}, "properties": {"OBJECTID": 268749, "gpcode": "", "gpname": "", "stname": "ASSAM", "dtname": "Dhubri", "sdtname": "Bilasipara Pt", "stcode11": "18", "dtcode11": "301", "sdtcode11": "02009", "blklgdcode": "2550", "blkname": "BILASIPARA", "dt_lgd": 285, "sdt_lgd": 6018, "st_lgd": 18, "vilcode11": 801551, "vilname11": "Bilasipara (TC)", "pan_local": "BILASIPARA", "b_pan_code": 2950, "b_pan_name": "BILASIPARA", "d_pan_code": 248, "d_pan_name": "DHUBRI", "gp_code": "", "gp_name": "", "st_2011": "18", "dt_2011": "301", "sdt_2011": "02009", "subdtname": "Bilasipara Pt", "block_name": "BILASIPARA", "blk_lgdcod": "2550", "dtcode14": "301", "SHAPE_Length": 8659.379546766388, "SHAPE_Area": 4190749.400906128}}, {"type": "Feature", "geometry": {"type": "Polygon", "coordinates": [[[90.4126, 26.2411], [90.4151, 26.2393], [90.4166, 26.2363], [90.4168, 26.2361], [90.4155, 26.235], [90.4152, 26.2348], [90.4146, 26.2344], [90.4121, 26.2327], [90.4104, 26.2318], [90.4092, 26.2311], [90.4077, 26.2291], [90.407, 26.228], [90.4051, 26.2263], [90.4044, 26.2256], [90.4042, 26.225], [90.4034, 26.2239], [90.4028, 26.223], [90.4016, 26.2223], [90.3997, 26.2209], [90.3985, 26.2203], [90.3972, 26.2202], [90.3952, 26.2203], [90.394, 26.2206], [90.3925, 26.2218], [90.3914, 26.2229], [90.3902, 26.2241], [90.3891, 26.2251], [90.3885, 26.2254], [90.3897, 26.2254], [90.3908, 26.2249], [90.3929, 26.2281], [90.394, 26.23], [90.3966, 26.2322], [90.3997, 26.2349], [90.4012, 26.237], [90.4036, 26.2388], [90.4062, 26.2402], [90.4089, 26.2417], [90.4107, 26.2427], [90.4126, 26.2411]]]}, "properties": {"OBJECTID": 268771, "gpcode": "", "gpname": "", "stname": "ASSAM", "dtname": "Dhubri", "sdtname": "Chapar Pt", "stcode11": "18", "dtcode11": "301", "sdtcode11": "02010", "blklgdcode": "2552", "blkname": "CHAPAR SALKOCHA", "dt_lgd": 285, "sdt_lgd": 6019, "st_lgd": 18, "vilcode11": 0, "vilname11": "SIMLABARI NO 3", "pan_local": "CHAPOR SHALKOCHA", "b_pan_code": 2952, "b_pan_name": "CHAPAR SALKOCHA", "d_pan_code": 248, "d_pan_name": "DHUBRI", "gp_code": "", "gp_name": "", "st_2011": "18", "dt_2011": "301", "sdt_2011": "02010", "subdtname": "Chapar Pt", "block_name": "CHAPAR SALKOCHA", "blk_lgdcod": "2552", "dtcode14": "301", "SHAPE_Length": 8767.982313007782, "SHAPE_Area": 3727663.778709753}}, {"type": "Feature", "geometry": {"type": "Polygon", "coordinates": [[[90.2496, 26.2433], [90.2509, 26.2426], [90.2522, 26.2419], [90.2534, 26.2409], [90.2511, 26.2405], [90.2492, 26.239], [90.249, 26.2389], [90.2486, 26.2398], [90.248, 26.2413], [90.2475, 26.2425], [90.2491, 26.2437], [90.2496, 26.2433]]]}, "properties": {"OBJECTID": 268776, "gpcode": "", "gpname": "", "stname": "ASSAM", "dtname": "Dhubri", "sdtname": "Bilasipara Pt", "stcode11": "18", "dtcode11": "301", "sdtcode11": "02009", "blklgdcode": "2550", "blkname": "BILASIPARA", "dt_lgd": 285, "sdt_lgd": 6018, "st_lgd": 18, "vilcode11": 0, "vilname11": "BAMUNPARA P-3", "pan_local": "BILASIPARA", "b_pan_code": 2950, "b_pan_name": "BILASIPARA", "d_pan_code": 248, "d_pan_name": "DHUBRI", "gp_code": "", "gp_name": "", "st_2011": "18", "dt_2011": "301", "sdt_2011": "02009", "subdtname": "Bilasipara Pt", "block_name": "BILASIPARA", "blk_lgdcod": "2550", "dtcode14": "301", "SHAPE_Length": 1873.179724773528, "SHAPE_Area": 181464.78992444245}}, {"type": "Feature", "geometry": {"type": "Polygon", "coordinates": [[[90.2471, 26.2447], [90.2474, 26.2428], [90.2475, 26.2425], [90.248, 26.2413], [90.2486, 26.2398], [90.249, 26.2389], [90.2492, 26.2384], [90.2491, 26.2351], [90.2477, 26.2347], [90.2471, 26.2345], [90.2468, 26.2344], [90.2462, 26.2343], [90.2444, 26.235], [90.2443, 26.2354], [90.2441, 26.2359], [90.2437, 26.2367], [90.243, 26.2373], [90.241, 26.2364], [90.2397, 26.2369], [90.2393, 26.2375], [90.2403, 26.2399], [90.2407, 26.2406], [90.2421, 26.2408], [90.2428, 26.2414], [90.2445, 26.2434], [90.2471, 26.2447]]]}, "properties": {"OBJECTID": 268777, "gpcode": "", "gpname": "", "stname": "ASSAM", "dtname": "Dhubri", "sdtname": "Bilasipara Pt", "stcode11": "18", "dtcode11": "301", "sdtcode11": "02009", "blklgdcode": "2550", "blkname": "BILASIPARA", "dt_lgd": 285, "sdt_lgd": 6018, "st_lgd": 18, "vilcode11": 0, "vilname11": "BAMUNPARA P-5", "pan_local": "BILASIPARA", "b_pan_code": 2950, "b_pan_name": "BILASIPARA", "d_pan_code": 248, "d_pan_name": "DHUBRI", "gp_code": "", "gp_name": "", "st_2011": "18", "dt_2011": "301", "sdt_2011": "02009", "subdtname": "Bilasipara Pt", "block_name": "BILASIPARA", "blk_lgdcod": "2550", "dtcode14": "301", "SHAPE_Length": 3930.1124618860185, "SHAPE_Area": 819380.391680067}}, {"type": "Feature", "geometry": {"type": "Polygon", "coordinates": [[[90.2489, 26.2439], [90.2491, 26.2437], [90.2475, 26.2425], [90.2474, 26.2428], [90.2471, 26.2447], [90.2489, 26.2463], [90.2489, 26.2439]]]}, "properties": {"OBJECTID": 268778, "gpcode": "", "gpname": "", "stname": "ASSAM", "dtname": "Dhubri", "sdtname": "Bilasipara Pt", "stcode11": "18", "dtcode11": "301", "sdtcode11": "02009", "blklgdcode": "2550", "blkname": "BILASIPARA", "dt_lgd": 285, "sdt_lgd": 6018, "st_lgd": 18, "vilcode11": 0, "vilname11": "BAMUNPARA P-2", "pan_local": "BILASIPARA", "b_pan_code": 2950, "b_pan_name": "BILASIPARA", "d_pan_code": 248, "d_pan_name": "DHUBRI", "gp_code": "", "gp_name": "", "st_2011": "18", "dt_2011": "301", "sdt_2011": "02009", "subdtname": "Bilasipara Pt", "block_name": "BILASIPARA", "blk_lgdcod": "2550", "dtcode14": "301", "SHAPE_Length": 1107.6227796360413, "SHAPE_Area": 58394.11547634066}}, {"type": "Feature", "geometry": {"type": "Polygon", "coordinates": [[[90.2673, 26.2478], [90.2683, 26.2455], [90.2698, 26.2454], [90.2699, 26.2454], [90.2698, 26.2453], [90.2698, 26.2452], [90.2697, 26.2451], [90.269, 26.2437], [90.2661, 26.2409], [90.2654, 26.2405], [90.2653, 26.2406], [90.2652, 26.2406], [90.2634, 26.2414], [90.2612, 26.2416], [90.2583, 26.2408], [90.2568, 26.2411], [90.2553, 26.2413], [90.2534, 26.2409], [90.2522, 26.2419], [90.2509, 26.2426], [90.2496, 26.2433], [90.2491, 26.2437], [90.2489, 26.2439], [90.2489, 26.2463], [90.2504, 26.2474], [90.2505, 26.2473], [90.2531, 26.2458], [90.2538, 26.2466], [90.2539, 26.2466], [90.2555, 26.2483], [90.2562, 26.2485], [90.2613, 26.2487], [90.2656, 26.249], [90.2673, 26.2478]]]}, "properties": {"OBJECTID": 268780, "gpcode": "", "gpname": "", "stname": "ASSAM", "dtname": "Dhubri", "sdtname": "Bilasipara Pt", "stcode11": "18", "dtcode11": "301", "sdtcode11": "02009", "blklgdcode": "2550", "blkname": "BILASIPARA", "dt_lgd": 285, "sdt_lgd": 6018, "st_lgd": 18, "vilcode11": 0, "vilname11": "BAMUNPARA PART-1", "pan_local": "BILASIPARA", "b_pan_code": 2950, "b_pan_name": "BILASIPARA", "d_pan_code": 248, "d_pan_name": "DHUBRI", "gp_code": "", "gp_name": "", "st_2011": "18", "dt_2011": "301", "sdt_2011": "02009", "subdtname": "Bilasipara Pt", "block_name": "BILASIPARA", "blk_lgdcod": "2550", "dtcode14": "301", "SHAPE_Length": 5932.1638350391, "SHAPE_Area": 1740317.8556561251}}, {"type": "Feature", "geometry": {"type": "Polygon", "coordinates": [[[90.2426, 26.2505], [90.2443, 26.25], [90.2461, 26.2496], [90.2464, 26.2489], [90.2471, 26.2482], [90.2504, 26.2474], [90.2489, 26.2463], [90.2471, 26.2447], [90.2445, 26.2434], [90.2428, 26.2414], [90.2421, 26.2408], [90.2407, 26.2406], [90.2402, 26.2427], [90.2402, 26.2454], [90.2409, 26.2473], [90.2417, 26.2493], [90.2417, 26.2495], [90.2426, 26.2505]]]}, "properties": {"OBJECTID": 268785, "gpcode": "", "gpname": "", "stname": "ASSAM", "dtname": "Dhubri", "sdtname": "Bilasipara Pt", "stcode11": "18", "dtcode11": "301", "sdtcode11": "02009", "blklgdcode": "2550", "blkname": "BILASIPARA", "dt_lgd": 285, "sdt_lgd": 6018, "st_lgd": 18, "vilcode11": 0, "vilname11": "HAKAMA PT-4", "pan_local": "BILASIPARA", "b_pan_code": 2950, "b_pan_name": "BILASIPARA", "d_pan_code": 248, "d_pan_name": "DHUBRI", "gp_code": "", "gp_name": "", "st_2011": "18", "dt_2011": "301", "sdt_2011": "02009", "subdtname": "Bilasipara Pt", "block_name": "BILASIPARA", "blk_lgdcod": "2550", "dtcode14": "301", "SHAPE_Length": 3687.530571048804, "SHAPE_Area": 722905.1373566866}}, {"type": "Feature", "geometry": {"type": "Polygon", "coordinates": [[[90.1816, 26.2515], [90.1851, 26.2507], [90.1847, 26.2505], [90.1846, 26.2503], [90.1839, 26.2496], [90.183, 26.2485], [90.1821, 26.2474], [90.1805, 26.2455], [90.1785, 26.2462], [90.177, 26.2467], [90.1758, 26.2482], [90.1749, 26.2492], [90.1743, 26.2501], [90.1766, 26.2505], [90.1765, 26.2509], [90.1768, 26.2515], [90.1774, 26.2523], [90.1775, 26.2524], [90.1816, 26.2515]]]}, "properties": {"OBJECTID": 268791, "gpcode": "", "gpname": "", "stname": "ASSAM", "dtname": "Dhubri", "sdtname": "Bilasipara Pt", "stcode11": "18", "dtcode11": "301", "sdtcode11": "02009", "blklgdcode": "2558", "blkname": "MAHAMAYA", "dt_lgd": 285, "sdt_lgd": 6018, "st_lgd": 18, "vilcode11": 0, "vilname11": "PALASKANDI", "pan_local": "MAHAMAYA", "b_pan_code": 2958, "b_pan_name": "MAHAMAYA", "d_pan_code": 248, "d_pan_name": "DHUBRI", "gp_code": "", "gp_name": "", "st_2011": "18", "dt_2011": "301", "sdt_2011": "02009", "subdtname": "Bilasipara Pt", "block_name": "MAHAMAYA", "blk_lgdcod": "2558", "dtcode14": "301", "SHAPE_Length": 3163.6052274866925, "SHAPE_Area": 559770.74280677}}, {"type": "Feature", "geometry": {"type": "Polygon", "coordinates": [[[90.3697, 26.253], [90.3699, 26.2526], [90.3697, 26.2519], [90.369, 26.2512], [90.3681, 26.2505], [90.3668, 26.2499], [90.3665, 26.2499], [90.3662, 26.2501], [90.3666, 26.2505], [90.3669, 26.2508], [90.3677, 26.2515], [90.3678, 26.2515], [90.3685, 26.2516], [90.3689, 26.2519], [90.3693, 26.2525], [90.3695, 26.253], [90.3697, 26.253]]]}, "properties": {"OBJECTID": 268794, "gpcode": "", "gpname": "", "stname": "ASSAM", "dtname": "Dhubri", "sdtname": "Chapar Pt", "stcode11": "18", "dtcode11": "301", "sdtcode11": "02010", "blklgdcode": "2552", "blkname": "CHAPAR SALKOCHA", "dt_lgd": 285, "sdt_lgd": 6019, "st_lgd": 18, "vilcode11": 0, "vilname11": "SHRIGRAM R.F.", "pan_local": "CHAPOR SHALKOCHA", "b_pan_code": 2952, "b_pan_name": "CHAPAR SALKOCHA", "d_pan_code": 248, "d_pan_name": "DHUBRI", "gp_code": "", "gp_name": "", "st_2011": "18", "dt_2011": "301", "sdt_2011": "02010", "subdtname": "Chapar Pt", "block_name": "CHAPAR SALKOCHA", "blk_lgdcod": "2552", "dtcode14": "301", "SHAPE_Length": 1196.187788730875, "SHAPE_Area": 45475.998514928724}}, {"type": "Feature", "geometry": {"type": "Polygon", "coordinates": [[[90.3183, 26.2582], [90.3192, 26.2546], [90.3207, 26.2516], [90.3209, 26.2512], [90.3214, 26.2505], [90.3221, 26.2493], [90.3241, 26.2463], [90.3228, 26.2453], [90.3176, 26.244], [90.3114, 26.2427], [90.3091, 26.2427], [90.3077, 26.2444], [90.3089, 26.2447], [90.3077, 26.2462], [90.3052, 26.2496], [90.3052, 26.2497], [90.3051, 26.2498], [90.305, 26.2499], [90.305, 26.25], [90.3049, 26.2503], [90.3049, 26.2504], [90.3048, 26.2505], [90.3049, 26.2505], [90.3065, 26.2509], [90.3072, 26.2509], [90.3099, 26.2517], [90.3111, 26.2525], [90.3131, 26.2538], [90.3134, 26.254], [90.3147, 26.2551], [90.3156, 26.2566], [90.3154, 26.2573], [90.3177, 26.2603], [90.3183, 26.2582]]]}, "properties": {"OBJECTID": 268808, "gpcode": "", "gpname": "", "stname": "ASSAM", "dtname": "Dhubri", "sdtname": "Chapar Pt", "stcode11": "18", "dtcode11": "301", "sdtcode11": "02010", "blklgdcode": "2552", "blkname": "CHAPAR SALKOCHA", "dt_lgd": 285, "sdt_lgd": 6019, "st_lgd": 18, "vilcode11": 0, "vilname11": "GAURANGTARI NO-2", "pan_local": "CHAPOR SHALKOCHA", "b_pan_code": 2952, "b_pan_name": "CHAPAR SALKOCHA", "d_pan_code": 248, "d_pan_name": "DHUBRI", "gp_code": "", "gp_name": "", "st_2011": "18", "dt_2011": "301", "sdt_2011": "02010", "subdtname": "Chapar Pt", "block_name": "CHAPAR SALKOCHA", "blk_lgdcod": "2552", "dtcode14": "301", "SHAPE_Length": 6902.058883171959, "SHAPE_Area": 2231438.388096366}}, {"type": "Feature", "geometry": {"type": "Polygon", "coordinates": [[[90.1485, 26.2595], [90.1491, 26.2591], [90.1524, 26.2569], [90.1538, 26.2565], [90.1546, 26.256], [90.1546, 26.2558], [90.1539, 26.2537], [90.1536, 26.2526], [90.1529, 26.2505], [90.1528, 26.2491], [90.1533, 26.2472], [90.1516, 26.2479], [90.1488, 26.2491], [90.1469, 26.2505], [90.1462, 26.2509], [90.1443, 26.2532], [90.1446, 26.2549], [90.1443, 26.2586], [90.1438, 26.2599], [90.1454, 26.2602], [90.1462, 26.261], [90.1485, 26.2595]]]}, "properties": {"OBJECTID": 268810, "gpcode": "", "gpname": "", "stname": "ASSAM", "dtname": "Dhubri", "sdtname": "Bilasipara Pt", "stcode11": "18", "dtcode11": "301", "sdtcode11": "02009", "blklgdcode": "2558", "blkname": "MAHAMAYA", "dt_lgd": 285, "sdt_lgd": 6018, "st_lgd": 18, "vilcode11": 0, "vilname11": "JAGIRMAHALI", "pan_local": "MAHAMAYA", "b_pan_code": 2958, "b_pan_name": "MAHAMAYA", "d_pan_code": 248, "d_pan_name": "DHUBRI", "gp_code": "", "gp_name": "", "st_2011": "18", "dt_2011": "301", "sdt_2011": "02009", "subdtname": "Bilasipara Pt", "block_name": "MAHAMAYA", "blk_lgdcod": "2558", "dtcode14": "301", "SHAPE_Length": 4685.694725224222, "SHAPE_Area": 1196959.830475607}}, {"type": "Feature", "geometry": {"type": "Polygon", "coordinates": [[[90.1657, 26.2605], [90.166, 26.2592], [90.1662, 26.2581], [90.1665, 26.2577], [90.1652, 26.2572], [90.1638, 26.2564], [90.1599, 26.2563], [90.1597, 26.2566], [90.1596, 26.258], [90.1591, 26.2597], [90.1584, 26.2609], [90.1589, 26.2615], [90.1611, 26.2614], [90.1632, 26.2614], [90.1652, 26.2617], [90.1653, 26.2617], [90.1657, 26.2605]]]}, "properties": {"OBJECTID": 268814, "gpcode": "", "gpname": "", "stname": "ASSAM", "dtname": "Dhubri", "sdtname": "Bilasipara Pt", "stcode11": "18", "dtcode11": "301", "sdtcode11": "02009", "blklgdcode": "2558", "blkname": "MAHAMAYA", "dt_lgd": 285, "sdt_lgd": 6018, "st_lgd": 18, "vilcode11": 0, "vilname11": "HALDIBARI  PART-2", "pan_local": "MAHAMAYA", "b_pan_code": 2958, "b_pan_name": "MAHAMAYA", "d_pan_code": 248, "d_pan_name": "DHUBRI", "gp_code": "", "gp_name": "", "st_2011": "18", "dt_2011": "301", "sdt_2011": "02009", "subdtname": "Bilasipara Pt", "block_name": "MAHAMAYA", "blk_lgdcod": "2558", "dtcode14": "301", "SHAPE_Length": 2705.5789399373766, "SHAPE_Area": 451160.60831059323}}, {"type": "Feature", "geometry": {"type": "Polygon", "coordinates": [[[90.4335, 26.2682], [90.4352, 26.2664], [90.4349, 26.2647], [90.4338, 26.262], [90.4336, 26.2616], [90.4328, 26.2612], [90.4325, 26.261], [90.4322, 26.2609], [90.4321, 26.2608], [90.4321, 26.2607], [90.432, 26.2607], [90.4319, 26.2605], [90.4318, 26.2604], [90.4317, 26.2603], [90.4317, 26.2602], [90.4316, 26.2601], [90.4315, 26.26], [90.4314, 26.2599], [90.4313, 26.2598], [90.4311, 26.2597], [90.4292, 26.2594], [90.4285, 26.2619], [90.427, 26.2665], [90.4262, 26.2694], [90.4272, 26.2708], [90.4286, 26.2716], [90.4335, 26.2682]]]}, "properties": {"OBJECTID": 268828, "gpcode": "", "gpname": "", "stname": "ASSAM", "dtname": "Dhubri", "sdtname": "Chapar Pt", "stcode11": "18", "dtcode11": "301", "sdtcode11": "02010", "blklgdcode": "2552", "blkname": "CHAPAR SALKOCHA", "dt_lgd": 285, "sdt_lgd": 6019, "st_lgd": 18, "vilcode11": 0, "vilname11": "MOWTARI", "pan_local": "CHAPOR SHALKOCHA", "b_pan_code": 2952, "b_pan_name": "CHAPAR SALKOCHA", "d_pan_code": 248, "d_pan_name": "DHUBRI", "gp_code": "", "gp_name": "", "st_2011": "18", "dt_2011": "301", "sdt_2011": "02010", "subdtname": "Chapar Pt", "block_name": "CHAPAR SALKOCHA", "blk_lgdcod": "2552", "dtcode14": "301", "SHAPE_Length": 3873.3541344037385, "SHAPE_Area": 923049.7916107632}}, {"type": "Feature", "geometry": {"type": "Polygon", "coordinates": [[[90.4529, 26.2755], [90.4525, 26.2738], [90.4535, 26.2722], [90.4539, 26.2717], [90.4537, 26.2718], [90.4537, 26.2719], [90.4534, 26.2721], [90.4528, 26.2723], [90.4521, 26.2723], [90.4511, 26.2719], [90.4494, 26.271], [90.4482, 26.2703], [90.4475, 26.2698], [90.4463, 26.2691], [90.4459, 26.2687], [90.446, 26.2689], [90.4463, 26.2723], [90.4473, 26.2749], [90.4503, 26.2764], [90.4524, 26.2769], [90.4527, 26.277], [90.4529, 26.2755]]]}, "properties": {"OBJECTID": 268838, "gpcode": "", "gpname": "", "stname": "ASSAM", "dtname": "Dhubri", "sdtname": "Chapar Pt", "stcode11": "18", "dtcode11": "301", "sdtcode11": "02010", "blklgdcode": "2552", "blkname": "CHAPAR SALKOCHA", "dt_lgd": 285, "sdt_lgd": 6019, "st_lgd": 18, "vilcode11": 0, "vilname11": "KAJIPARA", "pan_local": "CHAPOR SHALKOCHA", "b_pan_code": 2952, "b_pan_name": "CHAPAR SALKOCHA", "d_pan_code": 248, "d_pan_name": "DHUBRI", "gp_code": "", "gp_name": "", "st_2011": "18", "dt_2011": "301", "sdt_2011": "02010", "subdtname": "Chapar Pt", "block_name": "CHAPAR SALKOCHA", "blk_lgdcod": "2552", "dtcode14": "301", "SHAPE_Length": 3219.51753497463, "SHAPE_Area": 441934.5245373962}}, {"type": "Feature", "geometry": {"type": "Polygon", "coordinates": [[[90.4538, 26.2808], [90.4524, 26.2769], [90.4503, 26.2764], [90.4473, 26.2749], [90.4463, 26.2723], [90.446, 26.2689], [90.4459, 26.2687], [90.4454, 26.2682], [90.4453, 26.2678], [90.4452, 26.2677], [90.4452, 26.2676], [90.445, 26.2672], [90.4449, 26.2671], [90.4448, 26.2668], [90.4431, 26.2637], [90.4403, 26.2629], [90.4373, 26.2621], [90.4367, 26.2619], [90.4365, 26.2617], [90.4357, 26.2618], [90.4349, 26.2619], [90.4342, 26.2618], [90.4336, 26.2616], [90.4338, 26.262], [90.4349, 26.2647], [90.4352, 26.2664], [90.4393, 26.2675], [90.442, 26.2692], [90.4429, 26.2697], [90.4443, 26.2726], [90.446, 26.2771], [90.4472, 26.2799], [90.4508, 26.28], [90.4527, 26.2807], [90.4538, 26.2811], [90.4538, 26.2808]]]}, "properties": {"OBJECTID": 268845, "gpcode": "", "gpname": "", "stname": "ASSAM", "dtname": "Dhubri", "sdtname": "Chapar Pt", "stcode11": "18", "dtcode11": "301", "sdtcode11": "02010", "blklgdcode": "2552", "blkname": "CHAPAR SALKOCHA", "dt_lgd": 285, "sdt_lgd": 6019, "st_lgd": 18, "vilcode11": 0, "vilname11": "KAJIPARA NO 1", "pan_local": "CHAPOR SHALKOCHA", "b_pan_code": 2952, "b_pan_name": "CHAPAR SALKOCHA", "d_pan_code": 248, "d_pan_name": "DHUBRI", "gp_code": "", "gp_name": "", "st_2011": "18", "dt_2011": "301", "sdt_2011": "02010", "subdtname": "Chapar Pt", "block_name": "CHAPAR SALKOCHA", "blk_lgdcod": "2552", "dtcode14": "301", "SHAPE_Length": 7451.896655635197, "SHAPE_Area": 1304878.2398544408}}, {"type": "Feature", "geometry": {"type": "Polygon", "coordinates": [[[90.4222, 26.2799], [90.4238, 26.2768], [90.4254, 26.2722], [90.4262, 26.2694], [90.427, 26.2665], [90.4285, 26.2619], [90.4292, 26.2594], [90.4274, 26.2591], [90.4243, 26.2582], [90.4211, 26.258], [90.4212, 26.2592], [90.4205, 26.2618], [90.4192, 26.2639], [90.418, 26.2679], [90.414, 26.2721], [90.4096, 26.2764], [90.4111, 26.2781], [90.4153, 26.28], [90.4201, 26.2815], [90.4206, 26.2815], [90.4222, 26.2799]]]}, "properties": {"OBJECTID": 268847, "gpcode": "", "gpname": "", "stname": "ASSAM", "dtname": "Dhubri", "sdtname": "Chapar Pt", "stcode11": "18", "dtcode11": "301", "sdtcode11": "02010", "blklgdcode": "2552", "blkname": "CHAPAR SALKOCHA", "dt_lgd": 285, "sdt_lgd": 6019, "st_lgd": 18, "vilcode11": 0, "vilname11": "SIMLABARI NO 3", "pan_local": "CHAPOR SHALKOCHA", "b_pan_code": 2952, "b_pan_name": "CHAPAR SALKOCHA", "d_pan_code": 248, "d_pan_name": "DHUBRI", "gp_code": "", "gp_name": "", "st_2011": "18", "dt_2011": "301", "sdt_2011": "02010", "subdtname": "Chapar Pt", "block_name": "CHAPAR SALKOCHA", "blk_lgdcod": "2552", "dtcode14": "301", "SHAPE_Length": 7975.404790289514, "SHAPE_Area": 3055496.518358729}}, {"type": "Feature", "geometry": {"type": "Polygon", "coordinates": [[[90.4246, 26.2802], [90.43, 26.2796], [90.4302, 26.2794], [90.4307, 26.2789], [90.4316, 26.2777], [90.4317, 26.2755], [90.4308, 26.2738], [90.4286, 26.2716], [90.4272, 26.2708], [90.4262, 26.2694], [90.4254, 26.2722], [90.4238, 26.2768], [90.4222, 26.2799], [90.4206, 26.2815], [90.4222, 26.2819], [90.4246, 26.2802]]]}, "properties": {"OBJECTID": 268848, "gpcode": "", "gpname": "", "stname": "ASSAM", "dtname": "Dhubri", "sdtname": "Chapar Pt", "stcode11": "18", "dtcode11": "301", "sdtcode11": "02010", "blklgdcode": "2552", "blkname": "CHAPAR SALKOCHA", "dt_lgd": 285, "sdt_lgd": 6019, "st_lgd": 18, "vilcode11": 0, "vilname11": "SIMLABARI NO 1", "pan_local": "CHAPOR SHALKOCHA", "b_pan_code": 2952, "b_pan_name": "CHAPAR SALKOCHA", "d_pan_code": 248, "d_pan_name": "DHUBRI", "gp_code": "", "gp_name": "", "st_2011": "18", "dt_2011": "301", "sdt_2011": "02010", "subdtname": "Chapar Pt", "block_name": "CHAPAR SALKOCHA", "blk_lgdcod": "2552", "dtcode14": "301", "SHAPE_Length": 4353.954404184056, "SHAPE_Area": 875157.5354310372}}, {"type": "Feature", "geometry": {"type": "Polygon", "coordinates": [[[90.4344, 26.2878], [90.4378, 26.2863], [90.44, 26.285], [90.4416, 26.2835], [90.4438, 26.2819], [90.4449, 26.2812], [90.4473, 26.28], [90.4472, 26.2799], [90.446, 26.2771], [90.4443, 26.2726], [90.4429, 26.2697], [90.442, 26.2692], [90.4393, 26.2675], [90.4352, 26.2664], [90.4335, 26.2682], [90.4286, 26.2716], [90.4308, 26.2738], [90.4317, 26.2755], [90.4316, 26.2777], [90.4307, 26.2789], [90.4302, 26.2794], [90.43, 26.2796], [90.4311, 26.2822], [90.4318, 26.2858], [90.4316, 26.2892], [90.4344, 26.2878]]]}, "properties": {"OBJECTID": 268854, "gpcode": "", "gpname": "", "stname": "ASSAM", "dtname": "Dhubri", "sdtname": "Chapar Pt", "stcode11": "18", "dtcode11": "301", "sdtcode11": "02010", "blklgdcode": "2552", "blkname": "CHAPAR SALKOCHA", "dt_lgd": 285, "sdt_lgd": 6019, "st_lgd": 18, "vilcode11": 801552, "vilname11": "Chapar (TC)", "pan_local": "CHAPOR SHALKOCHA", "b_pan_code": 2952, "b_pan_name": "CHAPAR SALKOCHA", "d_pan_code": 248, "d_pan_name": "DHUBRI", "gp_code": "", "gp_name": "", "st_2011": "18", "dt_2011": "301", "sdt_2011": "02010", "subdtname": "Chapar Pt", "block_name": "CHAPAR SALKOCHA", "blk_lgdcod": "2552", "dtcode14": "301", "SHAPE_Length": 7800.259372441772, "SHAPE_Area": 3429770.770614856}}, {"type": "Feature", "geometry": {"type": "Polygon", "coordinates": [[[90.4363, 26.2931], [90.4378, 26.2915], [90.4406, 26.2895], [90.4435, 26.2901], [90.4463, 26.2904], [90.4481, 26.2906], [90.447, 26.2888], [90.446, 26.287], [90.4455, 26.2846], [90.444, 26.2825], [90.4438, 26.2819], [90.4416, 26.2835], [90.44, 26.285], [90.4378, 26.2863], [90.4344, 26.2878], [90.4316, 26.2892], [90.4313, 26.2913], [90.4337, 26.2926], [90.4362, 26.293], [90.4363, 26.2931]]]}, "properties": {"OBJECTID": 268857, "gpcode": "", "gpname": "", "stname": "ASSAM", "dtname": "Dhubri", "sdtname": "Chapar Pt", "stcode11": "18", "dtcode11": "301", "sdtcode11": "02010", "blklgdcode": "2552", "blkname": "CHAPAR SALKOCHA", "dt_lgd": 285, "sdt_lgd": 6019, "st_lgd": 18, "vilcode11": 0, "vilname11": "BHAKATPARA", "pan_local": "CHAPOR SHALKOCHA", "b_pan_code": 2952, "b_pan_name": "CHAPAR SALKOCHA", "d_pan_code": 248, "d_pan_name": "DHUBRI", "gp_code": "", "gp_name": "", "st_2011": "18", "dt_2011": "301", "sdt_2011": "02010", "subdtname": "Chapar Pt", "block_name": "CHAPAR SALKOCHA", "blk_lgdcod": "2552", "dtcode14": "301", "SHAPE_Length": 5205.845684105301, "SHAPE_Area": 1146560.6202531036}}, {"type": "Feature", "geometry": {"type": "Polygon", "coordinates": [[[90.4471, 26.2966], [90.4481, 26.2943], [90.4486, 26.2927], [90.4483, 26.291], [90.4481, 26.2906], [90.4463, 26.2904], [90.4435, 26.2901], [90.4406, 26.2895], [90.4378, 26.2915], [90.4363, 26.2931], [90.4405, 26.2948], [90.4436, 26.296], [90.4461, 26.297], [90.4471, 26.2966]]]}, "properties": {"OBJECTID": 268864, "gpcode": "", "gpname": "", "stname": "ASSAM", "dtname": "Dhubri", "sdtname": "Chapar Pt", "stcode11": "18", "dtcode11": "301", "sdtcode11": "02010", "blklgdcode": "2552", "blkname": "CHAPAR SALKOCHA", "dt_lgd": 285, "sdt_lgd": 6019, "st_lgd": 18, "vilcode11": 0, "vilname11": "KHANABARI", "pan_local": "CHAPOR SHALKOCHA", "b_pan_code": 2952, "b_pan_name": "CHAPAR SALKOCHA", "d_pan_code": 248, "d_pan_name": "DHUBRI", "gp_code": "", "gp_name": "", "st_2011": "18", "dt_2011": "301", "sdt_2011": "02010", "subdtname": "Chapar Pt", "block_name": "CHAPAR SALKOCHA", "blk_lgdcod": "2552", "dtcode14": "301", "SHAPE_Length": 3596.1219202623056, "SHAPE_Area": 782670.1763866732}}, {"type": "Feature", "geometry": {"type": "Polygon", "coordinates": [[[89.816, 26.3105], [89.818, 26.3099], [89.8181, 26.3098], [89.8177, 26.3083], [89.8178, 26.307], [89.8182, 26.3062], [89.8186, 26.3051], [89.8183, 26.3033], [89.8181, 26.3018], [89.8172, 26.3013], [89.8171, 26.3012], [89.8157, 26.3007], [89.8127, 26.3003], [89.811, 26.3003], [89.8084, 26.3006], [89.8067, 26.3004], [89.8043, 26.3], [89.8026, 26.3001], [89.7987, 26.3004], [89.7968, 26.3002], [89.795, 26.2999], [89.7948, 26.2993], [89.7943, 26.2981], [89.7948, 26.2953], [89.7948, 26.2952], [89.7938, 26.2953], [89.7914, 26.2949], [89.789, 26.2941], [89.7867, 26.2934], [89.7867, 26.2933], [89.7867, 26.2934], [89.7847, 26.2939], [89.7822, 26.2953], [89.7803, 26.2968], [89.7789, 26.2986], [89.7792, 26.2999], [89.7813, 26.3025], [89.7814, 26.3026], [89.7826, 26.3038], [89.7831, 26.3043], [89.783, 26.3043], [89.7832, 26.3042], [89.7882, 26.3013], [89.7935, 26.3004], [89.7993, 26.301], [89.8024, 26.302], [89.8059, 26.3056], [89.8089, 26.3097], [89.8123, 26.3109], [89.816, 26.3105]]]}, "properties": {"OBJECTID": 268880, "gpcode": "", "gpname": "", "stname": "ASSAM", "dtname": "Dhubri", "sdtname": "Gossaigaon (Pt)", "stcode11": "18", "dtcode11": "301", "sdtcode11": "02001", "blklgdcode": "2549", "blkname": "AGOMANI", "dt_lgd": 285, "sdt_lgd": 2001, "st_lgd": 18, "vilcode11": 0, "vilname11": "KAIMARI P.1", "pan_local": "AGOMONI", "b_pan_code": 2949, "b_pan_name": "AGOMANI", "d_pan_code": 248, "d_pan_name": "DHUBRI", "gp_code": "", "gp_name": "", "st_2011": "18", "dt_2011": "301", "sdt_2011": "02001", "subdtname": "Gossaigaon (Pt)", "block_name": "AGOMANI", "blk_lgdcod": "2549", "dtcode14": "301", "SHAPE_Length": 11749.985442590845, "SHAPE_Area": 3309381.4011903345}}, {"type": "Feature", "geometry": {"type": "Polygon", "coordinates": [[[89.8323, 26.3159], [89.8345, 26.315], [89.8347, 26.3157], [89.837, 26.3112], [89.8373, 26.3077], [89.8367, 26.307], [89.8368, 26.3069], [89.8341, 26.3065], [89.8306, 26.3072], [89.8259, 26.3077], [89.823, 26.3078], [89.8222, 26.3078], [89.822, 26.3079], [89.8199, 26.3093], [89.8181, 26.3098], [89.818, 26.3099], [89.8177, 26.3173], [89.8197, 26.3178], [89.8237, 26.3187], [89.8243, 26.3181], [89.8282, 26.3168], [89.8323, 26.3159]]]}, "properties": {"OBJECTID": 268890, "gpcode": "", "gpname": "", "stname": "ASSAM", "dtname": "Dhubri", "sdtname": "Gossaigaon (Pt)", "stcode11": "18", "dtcode11": "301", "sdtcode11": "02001", "blklgdcode": "6559", "blkname": "HATIDHURA", "dt_lgd": 285, "sdt_lgd": 2001, "st_lgd": 18, "vilcode11": 0, "vilname11": "KALACHAN PARA", "pan_local": "HATIDHURA", "b_pan_code": 6819, "b_pan_name": "HATIDHURA", "d_pan_code": 248, "d_pan_name": "DHUBRI", "gp_code": "", "gp_name": "", "st_2011": "18", "dt_2011": "301", "sdt_2011": "02001", "subdtname": "Gossaigaon (Pt)", "block_name": "HATIDHURA", "blk_lgdcod": "6559", "dtcode14": "301", "SHAPE_Length": 6357.882134943986, "SHAPE_Area": 2400576.3199385977}}, {"type": "Feature", "geometry": {"type": "Polygon", "coordinates": [[[89.8538, 26.3192], [89.8567, 26.3154], [89.8562, 26.3103], [89.8547, 26.3049], [89.8535, 26.3023], [89.8541, 26.3003], [89.8541, 26.3002], [89.8539, 26.3001], [89.8502, 26.2983], [89.8487, 26.2984], [89.8482, 26.2984], [89.8457, 26.2985], [89.8433, 26.3004], [89.8407, 26.3024], [89.8406, 26.3025], [89.8415, 26.3064], [89.843, 26.3103], [89.844, 26.3142], [89.849, 26.3216], [89.8491, 26.3216], [89.8516, 26.3218], [89.8538, 26.3192]]]}, "properties": {"OBJECTID": 268900, "gpcode": "", "gpname": "", "stname": "ASSAM", "dtname": "Dhubri", "sdtname": "Gossaigaon (Pt)", "stcode11": "18", "dtcode11": "301", "sdtcode11": "02001", "blklgdcode": "6559", "blkname": "HATIDHURA", "dt_lgd": 285, "sdt_lgd": 2001, "st_lgd": 18, "vilcode11": 0, "vilname11": "NATABARI", "pan_local": "HATIDHURA", "b_pan_code": 6819, "b_pan_name": "HATIDHURA", "d_pan_code": 248, "d_pan_name": "DHUBRI", "gp_code": "", "gp_name": "", "st_2011": "18", "dt_2011": "301", "sdt_2011": "02001", "subdtname": "Gossaigaon (Pt)", "block_name": "HATIDHURA", "blk_lgdcod": "6559", "dtcode14": "301", "SHAPE_Length": 7541.414999144734, "SHAPE_Area": 3548537.707406542}}, {"type": "Feature", "geometry": {"type": "Polygon", "coordinates": [[[89.8448, 26.3216], [89.8491, 26.3217], [89.849, 26.3216], [89.8491, 26.3217], [89.8491, 26.3216], [89.849, 26.3216], [89.844, 26.3142], [89.843, 26.3103], [89.8415, 26.3064], [89.8406, 26.3025], [89.84, 26.303], [89.838, 26.3036], [89.8368, 26.3069], [89.8367, 26.307], [89.8373, 26.3077], [89.837, 26.3112], [89.8347, 26.3157], [89.8353, 26.3178], [89.8365, 26.3208], [89.8362, 26.3217], [89.8406, 26.3221], [89.8448, 26.3216]]]}, "properties": {"OBJECTID": 268901, "gpcode": "", "gpname": "", "stname": "ASSAM", "dtname": "Dhubri", "sdtname": "Gossaigaon (Pt)", "stcode11": "18", "dtcode11": "301", "sdtcode11": "02001", "blklgdcode": "6559", "blkname": "HATIDHURA", "dt_lgd": 285, "sdt_lgd": 2001, "st_lgd": 18, "vilcode11": 0, "vilname11": "AKCHAIGURI", "pan_local": "HATIDHURA", "b_pan_code": 6819, "b_pan_name": "HATIDHURA", "d_pan_code": 248, "d_pan_name": "DHUBRI", "gp_code": "", "gp_name": "", "st_2011": "18", "dt_2011": "301", "sdt_2011": "02001", "subdtname": "Gossaigaon (Pt)", "block_name": "HATIDHURA", "blk_lgdcod": "6559", "dtcode14": "301", "SHAPE_Length": 6807.747655849142, "SHAPE_Area": 1978673.9821525712}}, {"type": "Feature", "geometry": {"type": "Polygon", "coordinates": [[[90.2626, 26.3202], [90.2629, 26.3192], [90.2632, 26.3179], [90.2639, 26.3154], [90.2642, 26.3144], [90.2646, 26.3129], [90.2648, 26.3128], [90.2647, 26.3121], [90.2655, 26.3101], [90.2663, 26.3081], [90.266, 26.305], [90.2655, 26.3041], [90.2653, 26.2992], [90.2649, 26.2963], [90.2642, 26.2952], [90.2636, 26.2935], [90.2633, 26.2937], [90.2631, 26.2942], [90.2632, 26.2945], [90.2636, 26.2947], [90.2635, 26.2951], [90.2631, 26.2954], [90.2627, 26.2955], [90.262, 26.2956], [90.2617, 26.2959], [90.2617, 26.2961], [90.2621, 26.296], [90.2626, 26.2959], [90.2634, 26.2958], [90.2639, 26.2959], [90.2642, 26.2962], [90.2643, 26.2967], [90.2642, 26.297], [90.2642, 26.2974], [90.2642, 26.2979], [90.2639, 26.298], [90.2636, 26.2984], [90.2631, 26.2988], [90.263, 26.2991], [90.2628, 26.2997], [90.2629, 26.3002], [90.2628, 26.3007], [90.2626, 26.301], [90.2622, 26.301], [90.2617, 26.3012], [90.2613, 26.3017], [90.261, 26.302], [90.2606, 26.3019], [90.2599, 26.3016], [90.2592, 26.3014], [90.2591, 26.3016], [90.2588, 26.302], [90.2583, 26.3025], [90.2583, 26.3029], [90.2585, 26.3032], [90.2583, 26.3037], [90.2582, 26.3044], [90.2583, 26.3049], [90.2581, 26.3052], [90.2575, 26.3053], [90.2572, 26.3058], [90.2571, 26.3063], [90.2576, 26.3064], [90.2581, 26.3065], [90.2583, 26.3067], [90.2584, 26.3071], [90.2584, 26.3072], [90.2584, 26.3076], [90.2582, 26.308], [90.2583, 26.3084], [90.2585, 26.3085], [90.2585, 26.3088], [90.2582, 26.3092], [90.2577, 26.3096], [90.2579, 26.3098], [90.2582, 26.3098], [90.2587, 26.3095], [90.2594, 26.3091], [90.2598, 26.3088], [90.2604, 26.3083], [90.2609, 26.3082], [90.2613, 26.3084], [90.2614, 26.3089], [90.2611, 26.3093], [90.2607, 26.3098], [90.2606, 26.3107], [90.2604, 26.3118], [90.2607, 26.3124], [90.2608, 26.3132], [90.2606, 26.3139], [90.2601, 26.3143], [90.2595, 26.3144], [90.2591, 26.3143], [90.2587, 26.3139], [90.2581, 26.3133], [90.2577, 26.3133], [90.2578, 26.3135], [90.2584, 26.3141], [90.2586, 26.3146], [90.2585, 26.3151], [90.2581, 26.3157], [90.2579, 26.3163], [90.2579, 26.3172], [90.2578, 26.3179], [90.2572, 26.3182], [90.2572, 26.3183], [90.2567, 26.3181], [90.2559, 26.3174], [90.2556, 26.3168], [90.2558, 26.3161], [90.2563, 26.3156], [90.2568, 26.3151], [90.2571, 26.3145], [90.2568, 26.3142], [90.256, 26.3143], [90.2555, 26.3145], [90.255, 26.3155], [90.2548, 26.3161], [90.2553, 26.317], [90.2559, 26.3178], [90.2565, 26.3184], [90.2569, 26.3188], [90.2572, 26.3197], [90.2575, 26.3206], [90.2582, 26.3214], [90.2591, 26.3219], [90.2598, 26.322], [90.2603, 26.3219], [90.261, 26.3219], [90.2614, 26.322], [90.2617, 26.3224], [90.2626, 26.3202]]]}, "properties": {"OBJECTID": 268903, "gpcode": "", "gpname": "", "stname": "ASSAM", "dtname": "Dhubri", "sdtname": "Bilasipara Pt", "stcode11": "18", "dtcode11": "301", "sdtcode11": "02009", "blklgdcode": "2550", "blkname": "BILASIPARA", "dt_lgd": 285, "sdt_lgd": 6018, "st_lgd": 18, "vilcode11": 0, "vilname11": "KHUDIGAON PART-2", "pan_local": "BILASIPARA", "b_pan_code": 2950, "b_pan_name": "BILASIPARA", "d_pan_code": 248, "d_pan_name": "DHUBRI", "gp_code": "", "gp_name": "", "st_2011": "18", "dt_2011": "301", "sdt_2011": "02009", "subdtname": "Bilasipara Pt", "block_name": "BILASIPARA", "blk_lgdcod": "2550", "dtcode14": "301", "SHAPE_Length": 11430.273547002682, "SHAPE_Area": 1900930.4583140505}}, {"type": "Feature", "geometry": {"type": "Polygon", "coordinates": [[[90.1456, 26.3238], [90.1469, 26.3235], [90.1502, 26.3233], [90.1503, 26.3225], [90.1508, 26.3189], [90.1502, 26.3168], [90.1474, 26.3163], [90.1449, 26.3152], [90.1415, 26.3144], [90.1425, 26.3119], [90.1396, 26.31], [90.139, 26.3097], [90.1345, 26.3135], [90.1312, 26.3164], [90.135, 26.3185], [90.1393, 26.321], [90.1395, 26.3211], [90.1395, 26.3212], [90.1435, 26.3233], [90.1453, 26.3239], [90.1456, 26.3238]]]}, "properties": {"OBJECTID": 268905, "gpcode": "", "gpname": "", "stname": "ASSAM", "dtname": "Dhubri", "sdtname": "Bilasipara Pt", "stcode11": "18", "dtcode11": "301", "sdtcode11": "02009", "blklgdcode": "2558", "blkname": "MAHAMAYA", "dt_lgd": 285, "sdt_lgd": 6018, "st_lgd": 18, "vilcode11": 0, "vilname11": "BARKARNI", "pan_local": "MAHAMAYA", "b_pan_code": 2958, "b_pan_name": "MAHAMAYA", "d_pan_code": 248, "d_pan_name": "DHUBRI", "gp_code": "", "gp_name": "", "st_2011": "18", "dt_2011": "301", "sdt_2011": "02009", "subdtname": "Bilasipara Pt", "block_name": "MAHAMAYA", "blk_lgdcod": "2558", "dtcode14": "301", "SHAPE_Length": 6239.969778933695, "SHAPE_Area": 1958343.6080527073}}, {"type": "Feature", "geometry": {"type": "Polygon", "coordinates": [[[90.2487, 26.3248], [90.2488, 26.3247], [90.249, 26.3246], [90.249, 26.3245], [90.2497, 26.3241], [90.25, 26.3245], [90.2501, 26.3245], [90.2502, 26.3246], [90.2503, 26.3244], [90.2506, 26.3239], [90.2507, 26.3233], [90.2508, 26.3229], [90.2511, 26.3225], [90.2512, 26.3222], [90.2509, 26.322], [90.2506, 26.3219], [90.25, 26.3221], [90.2498, 26.3219], [90.2497, 26.3216], [90.2496, 26.321], [90.2494, 26.3208], [90.2487, 26.3203], [90.2485, 26.3198], [90.2486, 26.3196], [90.2491, 26.3192], [90.2497, 26.3191], [90.2502, 26.3189], [90.2504, 26.319], [90.2509, 26.3191], [90.2511, 26.3187], [90.2512, 26.3182], [90.2514, 26.3179], [90.2516, 26.3175], [90.2512, 26.3172], [90.2508, 26.3172], [90.2507, 26.3174], [90.2507, 26.3178], [90.2501, 26.3183], [90.2496, 26.3183], [90.2492, 26.3185], [90.2487, 26.3187], [90.2481, 26.3186], [90.2478, 26.3182], [90.2478, 26.3178], [90.2479, 26.3173], [90.2478, 26.3168], [90.2478, 26.3161], [90.2479, 26.3157], [90.2482, 26.3156], [90.2483, 26.3158], [90.2487, 26.316], [90.2489, 26.3158], [90.2488, 26.3155], [90.2484, 26.3153], [90.2478, 26.315], [90.2474, 26.3144], [90.2473, 26.3138], [90.2475, 26.3136], [90.2478, 26.3132], [90.2482, 26.3129], [90.2487, 26.3126], [90.2489, 26.3124], [90.2492, 26.3123], [90.2494, 26.3116], [90.2493, 26.3114], [90.2487, 26.3116], [90.2482, 26.3121], [90.2476, 26.3125], [90.2472, 26.3126], [90.2464, 26.3128], [90.2457, 26.3126], [90.2451, 26.3124], [90.2444, 26.3117], [90.2441, 26.3128], [90.2439, 26.3139], [90.244, 26.314], [90.2453, 26.3149], [90.2462, 26.3162], [90.2466, 26.3169], [90.247, 26.3182], [90.2471, 26.3191], [90.2465, 26.3209], [90.2471, 26.3211], [90.2476, 26.3223], [90.2482, 26.3237], [90.2487, 26.3247], [90.2487, 26.3248]]]}, "properties": {"OBJECTID": 268907, "gpcode": "", "gpname": "", "stname": "ASSAM", "dtname": "Dhubri", "sdtname": "Bilasipara Pt", "stcode11": "18", "dtcode11": "301", "sdtcode11": "02009", "blklgdcode": "2550", "blkname": "BILASIPARA", "dt_lgd": 285, "sdt_lgd": 6018, "st_lgd": 18, "vilcode11": 0, "vilname11": "KHUDIGAON PART-2", "pan_local": "BILASIPARA", "b_pan_code": 2950, "b_pan_name": "BILASIPARA", "d_pan_code": 248, "d_pan_name": "DHUBRI", "gp_code": "", "gp_name": "", "st_2011": "18", "dt_2011": "301", "sdt_2011": "02009", "subdtname": "Bilasipara Pt", "block_name": "BILASIPARA", "blk_lgdcod": "2550", "dtcode14": "301", "SHAPE_Length": 5790.459217907271, "SHAPE_Area": 439416.55257007707}}, {"type": "Feature", "geometry": {"type": "Polygon", "coordinates": [[[89.8078, 26.3266], [89.808, 26.3265], [89.8111, 26.3237], [89.8127, 26.3228], [89.8129, 26.3227], [89.8147, 26.3216], [89.8174, 26.3209], [89.8179, 26.3213], [89.819, 26.3213], [89.8199, 26.3212], [89.8199, 26.3211], [89.8219, 26.3204], [89.8237, 26.3187], [89.8197, 26.3178], [89.8177, 26.3173], [89.8175, 26.3172], [89.8105, 26.3167], [89.8083, 26.3165], [89.7992, 26.3161], [89.7972, 26.3157], [89.7977, 26.3171], [89.8022, 26.3207], [89.805, 26.3239], [89.8045, 26.3281], [89.8051, 26.3279], [89.8061, 26.3275], [89.8078, 26.3266]]]}, "properties": {"OBJECTID": 268914, "gpcode": "", "gpname": "", "stname": "ASSAM", "dtname": "Dhubri", "sdtname": "Gossaigaon (Pt)", "stcode11": "18", "dtcode11": "301", "sdtcode11": "02001", "blklgdcode": "6559", "blkname": "HATIDHURA", "dt_lgd": 285, "sdt_lgd": 2001, "st_lgd": 18, "vilcode11": 0, "vilname11": "BELPARA", "pan_local": "HATIDHURA", "b_pan_code": 6819, "b_pan_name": "HATIDHURA", "d_pan_code": 248, "d_pan_name": "DHUBRI", "gp_code": "", "gp_name": "", "st_2011": "18", "dt_2011": "301", "sdt_2011": "02001", "subdtname": "Gossaigaon (Pt)", "block_name": "HATIDHURA", "blk_lgdcod": "6559", "dtcode14": "301", "SHAPE_Length": 7411.306196401509, "SHAPE_Area": 1915049.2718856053}}, {"type": "Feature", "geometry": {"type": "Polygon", "coordinates": [[[89.8812, 26.3281], [89.8829, 26.3273], [89.8843, 26.3263], [89.8844, 26.3262], [89.8843, 26.3262], [89.8835, 26.3248], [89.8821, 26.3233], [89.8793, 26.3205], [89.8775, 26.318], [89.8767, 26.3173], [89.8755, 26.3164], [89.8738, 26.3155], [89.8722, 26.3152], [89.872, 26.3148], [89.872, 26.3147], [89.8719, 26.3148], [89.8695, 26.3172], [89.8656, 26.3189], [89.8657, 26.319], [89.8665, 26.3221], [89.8657, 26.3246], [89.8656, 26.3247], [89.8722, 26.3261], [89.8737, 26.3268], [89.8745, 26.327], [89.876, 26.3272], [89.8789, 26.3278], [89.8803, 26.3282], [89.8812, 26.3281]]]}, "properties": {"OBJECTID": 268915, "gpcode": "", "gpname": "", "stname": "ASSAM", "dtname": "Dhubri", "sdtname": "Gossaigaon (Pt)", "stcode11": "18", "dtcode11": "301", "sdtcode11": "02001", "blklgdcode": "6559", "blkname": "HATIDHURA", "dt_lgd": 285, "sdt_lgd": 2001, "st_lgd": 18, "vilcode11": 0, "vilname11": "BARKHA SUAGAON", "pan_local": "HATIDHURA", "b_pan_code": 6819, "b_pan_name": "HATIDHURA", "d_pan_code": 248, "d_pan_name": "DHUBRI", "gp_code": "", "gp_name": "", "st_2011": "18", "dt_2011": "301", "sdt_2011": "02001", "subdtname": "Gossaigaon (Pt)", "block_name": "HATIDHURA", "blk_lgdcod": "6559", "dtcode14": "301", "SHAPE_Length": 5899.006209319783, "SHAPE_Area": 2013973.6162592722}}, {"type": "Feature", "geometry": {"type": "Polygon", "coordinates": [[[89.8553, 26.3362], [89.86, 26.335], [89.8643, 26.3335], [89.8644, 26.3335], [89.8639, 26.3303], [89.8635, 26.3298], [89.8615, 26.3275], [89.8601, 26.3274], [89.8579, 26.3274], [89.8568, 26.3273], [89.853, 26.3278], [89.8532, 26.3285], [89.8519, 26.3284], [89.8475, 26.3296], [89.8448, 26.3339], [89.8456, 26.3345], [89.8463, 26.335], [89.8484, 26.3377], [89.8553, 26.3362]]]}, "properties": {"OBJECTID": 268923, "gpcode": "", "gpname": "", "stname": "ASSAM", "dtname": "Dhubri", "sdtname": "Gossaigaon (Pt)", "stcode11": "18", "dtcode11": "301", "sdtcode11": "02001", "blklgdcode": "6559", "blkname": "HATIDHURA", "dt_lgd": 285, "sdt_lgd": 2001, "st_lgd": 18, "vilcode11": 0, "vilname11": "DHUTURAMARI", "pan_local": "HATIDHURA", "b_pan_code": 6819, "b_pan_name": "HATIDHURA", "d_pan_code": 248, "d_pan_name": "DHUBRI", "gp_code": "", "gp_name": "", "st_2011": "18", "dt_2011": "301", "sdt_2011": "02001", "subdtname": "Gossaigaon (Pt)", "block_name": "HATIDHURA", "blk_lgdcod": "6559", "dtcode14": "301", "SHAPE_Length": 5649.08762095911, "SHAPE_Area": 1905979.4764381675}}, {"type": "Feature", "geometry": {"type": "Polygon", "coordinates": [[[89.7902, 26.3412], [89.7911, 26.3412], [89.7934, 26.3414], [89.7964, 26.3397], [89.7965, 26.3396], [89.7968, 26.3392], [89.7981, 26.3378], [89.7973, 26.3355], [89.7961, 26.333], [89.7962, 26.3329], [89.798, 26.3313], [89.7916, 26.3296], [89.7886, 26.327], [89.7885, 26.3267], [89.7853, 26.3286], [89.7844, 26.3291], [89.7833, 26.3297], [89.783, 26.3299], [89.7833, 26.3304], [89.7835, 26.331], [89.7836, 26.3313], [89.7837, 26.3321], [89.7837, 26.3337], [89.7836, 26.3351], [89.7836, 26.3352], [89.7832, 26.3366], [89.7829, 26.3373], [89.7824, 26.3387], [89.7825, 26.3387], [89.7835, 26.339], [89.7855, 26.3398], [89.7864, 26.3402], [89.7883, 26.3409], [89.7899, 26.3416], [89.7902, 26.3412]]]}, "properties": {"OBJECTID": 268927, "gpcode": "", "gpname": "", "stname": "ASSAM", "dtname": "Dhubri", "sdtname": "Gossaigaon (Pt)", "stcode11": "18", "dtcode11": "301", "sdtcode11": "02001", "blklgdcode": "6559", "blkname": "HATIDHURA", "dt_lgd": 285, "sdt_lgd": 2001, "st_lgd": 18, "vilcode11": 0, "vilname11": "BELGURI", "pan_local": "HATIDHURA", "b_pan_code": 6819, "b_pan_name": "HATIDHURA", "d_pan_code": 248, "d_pan_name": "DHUBRI", "gp_code": "", "gp_name": "", "st_2011": "18", "dt_2011": "301", "sdt_2011": "02001", "subdtname": "Gossaigaon (Pt)", "block_name": "HATIDHURA", "blk_lgdcod": "6559", "dtcode14": "301", "SHAPE_Length": 6054.466121327754, "SHAPE_Area": 2190115.599731781}}, {"type": "Feature", "geometry": {"type": "Polygon", "coordinates": [[[89.8801, 26.3467], [89.8808, 26.3463], [89.8831, 26.3448], [89.8862, 26.3432], [89.8878, 26.3427], [89.888, 26.3401], [89.8875, 26.3373], [89.8866, 26.3397], [89.8846, 26.3435], [89.882, 26.3444], [89.8779, 26.3454], [89.8789, 26.347], [89.8801, 26.3467]]]}, "properties": {"OBJECTID": 268934, "gpcode": "", "gpname": "", "stname": "ASSAM", "dtname": "Dhubri", "sdtname": "Gossaigaon (Pt)", "stcode11": "18", "dtcode11": "301", "sdtcode11": "02001", "blklgdcode": "6559", "blkname": "HATIDHURA", "dt_lgd": 285, "sdt_lgd": 2001, "st_lgd": 18, "vilcode11": 0, "vilname11": "THAKURPUR", "pan_local": "HATIDHURA", "b_pan_code": 6819, "b_pan_name": "HATIDHURA", "d_pan_code": 248, "d_pan_name": "DHUBRI", "gp_code": "", "gp_name": "", "st_2011": "18", "dt_2011": "301", "sdt_2011": "02001", "subdtname": "Gossaigaon (Pt)", "block_name": "HATIDHURA", "blk_lgdcod": "6559", "dtcode14": "301", "SHAPE_Length": 3659.779233636081, "SHAPE_Area": 243928.98761466634}}, {"type": "Feature", "geometry": {"type": "Polygon", "coordinates": [[[89.7954, 26.3475], [89.7954, 26.3465], [89.7941, 26.3438], [89.7916, 26.3427], [89.7899, 26.3426], [89.7897, 26.3418], [89.7899, 26.3416], [89.7883, 26.3409], [89.7864, 26.3402], [89.7855, 26.3398], [89.7835, 26.339], [89.7825, 26.3387], [89.7824, 26.3387], [89.7823, 26.339], [89.7821, 26.3396], [89.7816, 26.3409], [89.7816, 26.3414], [89.7815, 26.3416], [89.7817, 26.344], [89.7818, 26.3455], [89.7823, 26.347], [89.7824, 26.3479], [89.7853, 26.348], [89.7884, 26.3481], [89.7927, 26.3483], [89.7954, 26.3475]]]}, "properties": {"OBJECTID": 268937, "gpcode": "", "gpname": "", "stname": "ASSAM", "dtname": "Dhubri", "sdtname": "Gossaigaon (Pt)", "stcode11": "18", "dtcode11": "301", "sdtcode11": "02001", "blklgdcode": "6559", "blkname": "HATIDHURA", "dt_lgd": 285, "sdt_lgd": 2001, "st_lgd": 18, "vilcode11": 0, "vilname11": "BANYA GURI NO 1", "pan_local": "HATIDHURA", "b_pan_code": 6819, "b_pan_name": "HATIDHURA", "d_pan_code": 248, "d_pan_name": "DHUBRI", "gp_code": "", "gp_name": "", "st_2011": "18", "dt_2011": "301", "sdt_2011": "02001", "subdtname": "Gossaigaon (Pt)", "block_name": "HATIDHURA", "blk_lgdcod": "6559", "dtcode14": "301", "SHAPE_Length": 4662.820069336552, "SHAPE_Area": 1232567.8155993235}}, {"type": "Feature", "geometry": {"type": "Polygon", "coordinates": [[[90.2137, 26.3507], [90.2141, 26.3498], [90.2143, 26.3489], [90.214, 26.3476], [90.2139, 26.3449], [90.2129, 26.3449], [90.2118, 26.3451], [90.2107, 26.3448], [90.209, 26.3446], [90.207, 26.3448], [90.2071, 26.3457], [90.2077, 26.3474], [90.2087, 26.3505], [90.209, 26.3503], [90.2098, 26.3497], [90.2098, 26.3485], [90.2133, 26.3478], [90.2131, 26.3483], [90.2129, 26.349], [90.2126, 26.3505], [90.2132, 26.3507], [90.2137, 26.3507]]]}, "properties": {"OBJECTID": 268943, "gpcode": "", "gpname": "", "stname": "ASSAM", "dtname": "Dhubri", "sdtname": "Bilasipara Pt", "stcode11": "18", "dtcode11": "301", "sdtcode11": "02009", "blklgdcode": "2550", "blkname": "BILASIPARA", "dt_lgd": 285, "sdt_lgd": 6018, "st_lgd": 18, "vilcode11": 0, "vilname11": "BARJHARA KAURAGAON", "pan_local": "BILASIPARA", "b_pan_code": 2950, "b_pan_name": "BILASIPARA", "d_pan_code": 248, "d_pan_name": "DHUBRI", "gp_code": "", "gp_name": "", "st_2011": "18", "dt_2011": "301", "sdt_2011": "02009", "subdtname": "Bilasipara Pt", "block_name": "BILASIPARA", "blk_lgdcod": "2550", "dtcode14": "301", "SHAPE_Length": 3426.4697987323398, "SHAPE_Area": 388760.848455577}}, {"type": "Feature", "geometry": {"type": "Polygon", "coordinates": [[[90.4558, 26.3577], [90.4559, 26.3577], [90.4569, 26.3571], [90.4576, 26.3561], [90.4576, 26.355], [90.457, 26.3537], [90.4556, 26.3522], [90.4546, 26.3511], [90.4544, 26.3504], [90.4542, 26.3496], [90.4541, 26.3494], [90.4561, 26.3476], [90.4574, 26.3468], [90.4576, 26.3467], [90.4579, 26.3464], [90.4571, 26.345], [90.4571, 26.3449], [90.4569, 26.3434], [90.4546, 26.3418], [90.4538, 26.3421], [90.4498, 26.3456], [90.4487, 26.3475], [90.4486, 26.3494], [90.4492, 26.3505], [90.4507, 26.3533], [90.4515, 26.3548], [90.4518, 26.3554], [90.452, 26.3557], [90.4528, 26.3572], [90.4535, 26.3576], [90.4537, 26.3577], [90.454, 26.3579], [90.4544, 26.358], [90.4558, 26.3577]]]}, "properties": {"OBJECTID": 268953, "gpcode": "", "gpname": "", "stname": "ASSAM", "dtname": "Dhubri", "sdtname": "Chapar Pt", "stcode11": "18", "dtcode11": "301", "sdtcode11": "02010", "blklgdcode": "2552", "blkname": "CHAPAR SALKOCHA", "dt_lgd": 285, "sdt_lgd": 6019, "st_lgd": 18, "vilcode11": 0, "vilname11": "JATULKARTAL", "pan_local": "CHAPOR SHALKOCHA", "b_pan_code": 2952, "b_pan_name": "CHAPAR SALKOCHA", "d_pan_code": 248, "d_pan_name": "DHUBRI", "gp_code": "", "gp_name": "", "st_2011": "18", "dt_2011": "301", "sdt_2011": "02010", "subdtname": "Chapar Pt", "block_name": "CHAPAR SALKOCHA", "blk_lgdcod": "2552", "dtcode14": "301", "SHAPE_Length": 5187.1222106606865, "SHAPE_Area": 1243553.3361280595}}, {"type": "Feature", "geometry": {"type": "Polygon", "coordinates": [[[89.8757, 26.3613], [89.8757, 26.3612], [89.8753, 26.3596], [89.8755, 26.3586], [89.8756, 26.3576], [89.8757, 26.3568], [89.8758, 26.3554], [89.8748, 26.3538], [89.8732, 26.3528], [89.8719, 26.3523], [89.87, 26.3511], [89.8699, 26.351], [89.8687, 26.3495], [89.8712, 26.348], [89.8716, 26.3481], [89.8718, 26.3481], [89.8723, 26.3481], [89.8724, 26.3481], [89.8743, 26.3479], [89.8744, 26.3479], [89.8746, 26.348], [89.8747, 26.348], [89.8756, 26.3481], [89.8758, 26.348], [89.876, 26.3479], [89.8766, 26.3476], [89.8789, 26.347], [89.8779, 26.3454], [89.8759, 26.3459], [89.8739, 26.3464], [89.8727, 26.3473], [89.8722, 26.3474], [89.8701, 26.3471], [89.8698, 26.347], [89.8648, 26.3466], [89.8608, 26.3484], [89.8608, 26.3489], [89.861, 26.3491], [89.8645, 26.3511], [89.868, 26.3543], [89.8708, 26.358], [89.8705, 26.3614], [89.8737, 26.3614], [89.8757, 26.3613]]]}, "properties": {"OBJECTID": 268957, "gpcode": "", "gpname": "", "stname": "ASSAM", "dtname": "Dhubri", "sdtname": "Gossaigaon (Pt)", "stcode11": "18", "dtcode11": "301", "sdtcode11": "02001", "blklgdcode": "6559", "blkname": "HATIDHURA", "dt_lgd": 285, "sdt_lgd": 2001, "st_lgd": 18, "vilcode11": 0, "vilname11": "GRAHAMPUR", "pan_local": "HATIDHURA", "b_pan_code": 6819, "b_pan_name": "HATIDHURA", "d_pan_code": 248, "d_pan_name": "DHUBRI", "gp_code": "", "gp_name": "", "st_2011": "18", "dt_2011": "301", "sdt_2011": "02001", "subdtname": "Gossaigaon (Pt)", "block_name": "HATIDHURA", "blk_lgdcod": "6559", "dtcode14": "301", "SHAPE_Length": 7989.698872309103, "SHAPE_Area": 1432549.8244839895}}, {"type": "Feature", "geometry": {"type": "Polygon", "coordinates": [[[89.8718, 26.3644], [89.8719, 26.3644], [89.8721, 26.3643], [89.8734, 26.3637], [89.8751, 26.3628], [89.8755, 26.3621], [89.8758, 26.3617], [89.8757, 26.3613], [89.8737, 26.3614], [89.8705, 26.3614], [89.8681, 26.3628], [89.8684, 26.3632], [89.8692, 26.3639], [89.8707, 26.3642], [89.8713, 26.3645], [89.8718, 26.3644]]]}, "properties": {"OBJECTID": 268961, "gpcode": "", "gpname": "", "stname": "ASSAM", "dtname": "Dhubri", "sdtname": "Gossaigaon (Pt)", "stcode11": "18", "dtcode11": "301", "sdtcode11": "02001", "blklgdcode": "6559", "blkname": "HATIDHURA", "dt_lgd": 285, "sdt_lgd": 2001, "st_lgd": 18, "vilcode11": 0, "vilname11": "KERAP PUR", "pan_local": "HATIDHURA", "b_pan_code": 6819, "b_pan_name": "HATIDHURA", "d_pan_code": 248, "d_pan_name": "DHUBRI", "gp_code": "", "gp_name": "", "st_2011": "18", "dt_2011": "301", "sdt_2011": "02001", "subdtname": "Gossaigaon (Pt)", "block_name": "HATIDHURA", "blk_lgdcod": "6559", "dtcode14": "301", "SHAPE_Length": 2012.4994237815588, "SHAPE_Area": 221667.45693798666}}, {"type": "Feature", "geometry": {"type": "Polygon", "coordinates": [[[89.8407, 26.3783], [89.8421, 26.378], [89.8422, 26.378], [89.8427, 26.3772], [89.8431, 26.3753], [89.844, 26.3734], [89.8445, 26.3724], [89.8462, 26.3709], [89.8477, 26.3698], [89.8482, 26.3695], [89.8485, 26.3689], [89.8497, 26.3682], [89.844, 26.3677], [89.8392, 26.3675], [89.8387, 26.3692], [89.8379, 26.3755], [89.8404, 26.3781], [89.8406, 26.3783], [89.8407, 26.3783]]]}, "properties": {"OBJECTID": 268980, "gpcode": "", "gpname": "", "stname": "ASSAM", "dtname": "Dhubri", "sdtname": "Gossaigaon (Pt)", "stcode11": "18", "dtcode11": "301", "sdtcode11": "02001", "blklgdcode": "6559", "blkname": "HATIDHURA", "dt_lgd": 285, "sdt_lgd": 2001, "st_lgd": 18, "vilcode11": 0, "vilname11": "PALASH GUR", "pan_local": "HATIDHURA", "b_pan_code": 6819, "b_pan_name": "HATIDHURA", "d_pan_code": 248, "d_pan_name": "DHUBRI", "gp_code": "", "gp_name": "", "st_2011": "18", "dt_2011": "301", "sdt_2011": "02001", "subdtname": "Gossaigaon (Pt)", "block_name": "HATIDHURA", "blk_lgdcod": "6559", "dtcode14": "301", "SHAPE_Length": 4346.785212613019, "SHAPE_Area": 923264.3273606212}}, {"type": "Feature", "geometry": {"type": "Polygon", "coordinates": [[[90.31, 26.1928], [90.3103, 26.1925], [90.3104, 26.1923], [90.3106, 26.1921], [90.3107, 26.1917], [90.3108, 26.1912], [90.3111, 26.1903], [90.3139, 26.1902], [90.3138, 26.1895], [90.3124, 26.1869], [90.3106, 26.1841], [90.3074, 26.1833], [90.3023, 26.1819], [90.3023, 26.1807], [90.302, 26.1802], [90.2987, 26.1816], [90.2981, 26.1818], [90.2978, 26.1819], [90.2954, 26.1832], [90.2933, 26.184], [90.293, 26.1841], [90.2904, 26.1849], [90.2889, 26.1853], [90.287, 26.185], [90.2848, 26.1848], [90.2827, 26.1849], [90.2791, 26.1855], [90.2768, 26.1852], [90.2748, 26.1845], [90.2747, 26.1845], [90.2745, 26.1844], [90.2742, 26.1843], [90.2733, 26.1839], [90.2722, 26.1839], [90.2714, 26.1841], [90.2713, 26.1841], [90.2713, 26.1844], [90.2727, 26.1848], [90.2742, 26.1851], [90.2742, 26.1852], [90.2745, 26.1852], [90.2756, 26.1861], [90.2765, 26.1869], [90.2772, 26.1873], [90.2785, 26.1871], [90.2802, 26.1866], [90.2816, 26.1866], [90.2829, 26.1873], [90.2846, 26.1876], [90.2866, 26.1876], [90.2875, 26.1875], [90.2891, 26.1872], [90.2907, 26.1877], [90.2911, 26.1879], [90.2918, 26.1883], [90.294, 26.1889], [90.2985, 26.1902], [90.2997, 26.1905], [90.3004, 26.1908], [90.3005, 26.1908], [90.3019, 26.1914], [90.3039, 26.1923], [90.3048, 26.1927], [90.3078, 26.1929], [90.31, 26.1928]]]}, "properties": {"OBJECTID": 271046, "gpcode": "", "gpname": "", "stname": "ASSAM", "dtname": "Dhubri", "sdtname": "Chapar Pt", "stcode11": "18", "dtcode11": "301", "sdtcode11": "02010", "blklgdcode": "2552", "blkname": "CHAPAR SALKOCHA", "dt_lgd": 285, "sdt_lgd": 6019, "st_lgd": 18, "vilcode11": 0, "vilname11": "SINGULIPARA KILLAHARA PART-4", "pan_local": "CHAPOR SHALKOCHA", "b_pan_code": 2952, "b_pan_name": "CHAPAR SALKOCHA", "d_pan_code": 248, "d_pan_name": "DHUBRI", "gp_code": "", "gp_name": "", "st_2011": "18", "dt_2011": "301", "sdt_2011": "02010", "subdtname": "Chapar Pt", "block_name": "CHAPAR SALKOCHA", "blk_lgdcod": "2552", "dtcode14": "301", "SHAPE_Length": 10924.117440829581, "SHAPE_Area": 2877462.0675493367}}, {"type": "Feature", "geometry": {"type": "Polygon", "coordinates": [[[89.8721, 26.1726], [89.872, 26.1726], [89.872, 26.1738], [89.8712, 26.1756], [89.8709, 26.1761], [89.8741, 26.1819], [89.8754, 26.1816], [89.8765, 26.1804], [89.877, 26.1791], [89.8769, 26.1769], [89.8763, 26.1754], [89.8751, 26.1749], [89.8741, 26.1729], [89.8729, 26.1729], [89.8721, 26.1726]]]}, "properties": {"OBJECTID": 271055, "gpcode": "", "gpname": "", "stname": "ASSAM", "dtname": "Dhubri", "sdtname": "Golakganj Pt", "stcode11": "18", "dtcode11": "301", "sdtcode11": "02007", "blklgdcode": "2556", "blkname": "GOLAKGANJ", "dt_lgd": 285, "sdt_lgd": 6015, "st_lgd": 18, "vilcode11": 0, "vilname11": "DUKHISUKHI JHAR P-3", "pan_local": "GOLOKGANJ", "b_pan_code": 2956, "b_pan_name": "GOLAKGANJ", "d_pan_code": 248, "d_pan_name": "DHUBRI", "gp_code": "", "gp_name": "", "st_2011": "18", "dt_2011": "301", "sdt_2011": "02007", "subdtname": "Golakganj Pt", "block_name": "GOLAKGANJ", "blk_lgdcod": "2556", "dtcode14": "301", "SHAPE_Length": 2906.1697169965, "SHAPE_Area": 483466.15037400357}}, {"type": "Feature", "geometry": {"type": "Polygon", "coordinates": [[[89.8047, 26.2288], [89.806, 26.2278], [89.8067, 26.2269], [89.8078, 26.2254], [89.8098, 26.2244], [89.8108, 26.2239], [89.8111, 26.2221], [89.8097, 26.2204], [89.8078, 26.2187], [89.8071, 26.2172], [89.8064, 26.215], [89.8063, 26.213], [89.8083, 26.2111], [89.8106, 26.2104], [89.8111, 26.2099], [89.8121, 26.2091], [89.812, 26.2083], [89.8109, 26.2066], [89.8102, 26.2051], [89.809, 26.2012], [89.8084, 26.1993], [89.8083, 26.1992], [89.8075, 26.1947], [89.8072, 26.1905], [89.8071, 26.1892], [89.8075, 26.1879], [89.8037, 26.1842], [89.8022, 26.1814], [89.802, 26.1785], [89.8023, 26.1765], [89.8035, 26.175], [89.8039, 26.1747], [89.8071, 26.1726], [89.8106, 26.1703], [89.812, 26.1685], [89.8147, 26.1591], [89.8142, 26.1592], [89.8109, 26.1597], [89.8093, 26.1619], [89.807, 26.162], [89.8054, 26.1636], [89.8024, 26.1664], [89.8005, 26.1673], [89.7994, 26.1685], [89.7974, 26.1723], [89.7967, 26.1752], [89.7949, 26.1773], [89.7933, 26.1809], [89.7943, 26.1853], [89.7914, 26.1855], [89.7914, 26.1872], [89.7916, 26.1884], [89.7922, 26.1913], [89.7918, 26.1928], [89.7919, 26.1942], [89.7917, 26.1954], [89.7913, 26.1966], [89.7905, 26.1974], [89.789, 26.1981], [89.7887, 26.1982], [89.7866, 26.1987], [89.7842, 26.1993], [89.7807, 26.2002], [89.7792, 26.2006], [89.7782, 26.2004], [89.7791, 26.2025], [89.7798, 26.204], [89.7796, 26.207], [89.7794, 26.2092], [89.7785, 26.2106], [89.7774, 26.2118], [89.7784, 26.2128], [89.7783, 26.2128], [89.778, 26.2144], [89.7773, 26.2158], [89.7772, 26.2177], [89.778, 26.2183], [89.7795, 26.2194], [89.7799, 26.2204], [89.7803, 26.2214], [89.7813, 26.2224], [89.7822, 26.2223], [89.783, 26.2206], [89.7846, 26.2193], [89.7852, 26.2188], [89.7863, 26.2187], [89.7878, 26.2199], [89.7893, 26.2211], [89.7917, 26.2215], [89.7932, 26.2213], [89.7947, 26.221], [89.7959, 26.2216], [89.7967, 26.2217], [89.7963, 26.2225], [89.7957, 26.224], [89.7958, 26.2248], [89.796, 26.2261], [89.7958, 26.2272], [89.7968, 26.2273], [89.7978, 26.2279], [89.7988, 26.2284], [89.8006, 26.2281], [89.8019, 26.2283], [89.803, 26.2289], [89.8047, 26.2288]]]}, "properties": {"OBJECTID": 114984, "gpcode": "106086", "gpname": "AGOMANI", "stname": "ASSAM", "dtname": "Dhubri", "sdtname": "Agamoni", "stcode11": "18", "dtcode11": "301", "sdtcode11": "02006", "blklgdcode": "2549", "blkname": "AGOMANI", "dt_lgd": 285, "sdt_lgd": 2006, "st_lgd": 18, "vilcode11": 0, "vilname11": "", "pan_local": "AGOMONI", "b_pan_code": 2949, "b_pan_name": "AGOMANI", "d_pan_code": 248, "d_pan_name": "DHUBRI", "gp_code": "106086", "gp_name": "AGOMANI", "st_2011": "18", "dt_2011": "301", "sdt_2011": "02006", "subdtname": "Agamoni", "block_name": "AGOMANI", "blk_lgdcod": "2549", "dtcode14": "301", "SHAPE_Length": 24966.869705064684, "SHAPE_Area": 16469561.303316329}}, {"type": "Feature", "geometry": {"type": "Polygon", "coordinates": [[[89.7462, 26.2347], [89.7439, 26.2333], [89.7433, 26.2328], [89.7432, 26.2324], [89.7433, 26.2315], [89.7444, 26.2305], [89.7458, 26.2296], [89.7464, 26.2293], [89.7462, 26.2265], [89.7461, 26.2256], [89.7465, 26.2241], [89.7472, 26.2233], [89.7477, 26.2226], [89.7492, 26.2219], [89.7502, 26.2217], [89.7517, 26.2218], [89.7517, 26.2223], [89.7518, 26.2227], [89.7527, 26.223], [89.7551, 26.2238], [89.7559, 26.2245], [89.7578, 26.2243], [89.7585, 26.224], [89.7598, 26.2229], [89.7601, 26.2217], [89.76, 26.221], [89.7571, 26.2203], [89.7569, 26.221], [89.7561, 26.2208], [89.7557, 26.2186], [89.7566, 26.218], [89.7575, 26.2177], [89.7592, 26.2178], [89.7628, 26.2192], [89.7638, 26.2197], [89.764, 26.2207], [89.7645, 26.2231], [89.7652, 26.2234], [89.7667, 26.2231], [89.7678, 26.2223], [89.7702, 26.2198], [89.771, 26.218], [89.7709, 26.2166], [89.7691, 26.2141], [89.7672, 26.2128], [89.7658, 26.2114], [89.7662, 26.2096], [89.7664, 26.2084], [89.7668, 26.2063], [89.7673, 26.2037], [89.7675, 26.2028], [89.7687, 26.2015], [89.769, 26.2007], [89.7687, 26.2004], [89.7687, 26.2003], [89.7663, 26.2005], [89.7638, 26.1999], [89.7616, 26.1994], [89.7599, 26.1985], [89.7586, 26.197], [89.7578, 26.1962], [89.7574, 26.1948], [89.7573, 26.1941], [89.7572, 26.1951], [89.7573, 26.1962], [89.7571, 26.1978], [89.757, 26.1996], [89.7564, 26.2058], [89.7559, 26.2081], [89.7556, 26.2099], [89.7559, 26.2116], [89.756, 26.2134], [89.7547, 26.2143], [89.7535, 26.2146], [89.7525, 26.2146], [89.7516, 26.2146], [89.7508, 26.2153], [89.7494, 26.2144], [89.748, 26.2134], [89.7475, 26.2133], [89.7472, 26.2133], [89.7459, 26.213], [89.7436, 26.2118], [89.7408, 26.2108], [89.7396, 26.2116], [89.7373, 26.2118], [89.7358, 26.212], [89.7352, 26.212], [89.7351, 26.212], [89.7334, 26.2114], [89.7329, 26.2113], [89.733, 26.2115], [89.7332, 26.212], [89.7332, 26.2124], [89.7332, 26.2125], [89.7331, 26.2135], [89.733, 26.214], [89.7329, 26.2143], [89.7329, 26.2144], [89.7328, 26.2145], [89.7326, 26.2151], [89.7317, 26.2162], [89.7312, 26.2164], [89.7299, 26.2168], [89.7291, 26.2168], [89.7281, 26.2173], [89.727, 26.2177], [89.7257, 26.2182], [89.7249, 26.2179], [89.724, 26.2173], [89.7234, 26.2171], [89.7225, 26.2166], [89.7224, 26.2166], [89.7219, 26.2164], [89.7214, 26.2161], [89.7205, 26.2155], [89.7191, 26.2147], [89.7188, 26.2146], [89.7174, 26.2142], [89.7154, 26.2139], [89.7145, 26.2134], [89.7134, 26.2127], [89.7129, 26.2125], [89.7117, 26.2123], [89.7113, 26.2122], [89.7108, 26.2123], [89.71, 26.2121], [89.7089, 26.212], [89.7075, 26.2123], [89.7064, 26.2125], [89.7058, 26.2127], [89.705, 26.2131], [89.7042, 26.2136], [89.7038, 26.2138], [89.7027, 26.2147], [89.7024, 26.2149], [89.7021, 26.2152], [89.7019, 26.2154], [89.7018, 26.2155], [89.7012, 26.216], [89.7009, 26.2163], [89.7009, 26.2165], [89.7008, 26.2169], [89.7008, 26.217], [89.7008, 26.2172], [89.7006, 26.2176], [89.7006, 26.2177], [89.7005, 26.2179], [89.7005, 26.218], [89.7004, 26.2183], [89.7004, 26.2184], [89.7007, 26.2192], [89.7012, 26.2199], [89.7018, 26.2198], [89.7022, 26.2196], [89.7028, 26.2194], [89.7032, 26.2193], [89.7036, 26.219], [89.7037, 26.2189], [89.7039, 26.2187], [89.704, 26.2178], [89.7041, 26.2174], [89.7045, 26.2172], [89.7053, 26.2172], [89.7061, 26.2172], [89.7069, 26.217], [89.708, 26.217], [89.7091, 26.2173], [89.71, 26.2178], [89.7105, 26.2182], [89.7115, 26.2188], [89.712, 26.2192], [89.7122, 26.2195], [89.7126, 26.22], [89.713, 26.2206], [89.7136, 26.2221], [89.7137, 26.2224], [89.7136, 26.223], [89.7136, 26.2231], [89.7136, 26.2233], [89.7136, 26.2235], [89.7135, 26.2244], [89.7135, 26.225], [89.7136, 26.2253], [89.7136, 26.2262], [89.7136, 26.2263], [89.7136, 26.2267], [89.7136, 26.2273], [89.7136, 26.2278], [89.7136, 26.2288], [89.7136, 26.2293], [89.7136, 26.2294], [89.7138, 26.2299], [89.714, 26.2301], [89.7141, 26.2302], [89.7145, 26.2305], [89.7149, 26.2306], [89.7158, 26.2312], [89.7166, 26.2314], [89.717, 26.2316], [89.7171, 26.2316], [89.7183, 26.2318], [89.7186, 26.2318], [89.7198, 26.2317], [89.7205, 26.2317], [89.7206, 26.2321], [89.721, 26.2326], [89.7218, 26.2327], [89.7227, 26.2327], [89.7242, 26.2326], [89.725, 26.2326], [89.726, 26.2327], [89.7262, 26.2328], [89.7265, 26.233], [89.7271, 26.2332], [89.7272, 26.2332], [89.7276, 26.2336], [89.7282, 26.2339], [89.7284, 26.2341], [89.7288, 26.2344], [89.7294, 26.2348], [89.7296, 26.2352], [89.7297, 26.2348], [89.7299, 26.2343], [89.7315, 26.2335], [89.7322, 26.2337], [89.7334, 26.2333], [89.7352, 26.2337], [89.7383, 26.2346], [89.739, 26.2347], [89.7405, 26.2346], [89.7429, 26.2348], [89.7447, 26.2352], [89.7472, 26.2358], [89.7462, 26.2347]]]}, "properties": {"OBJECTID": 114985, "gpcode": "106087", "gpname": "BHAMUNDANGA", "stname": "ASSAM", "dtname": "Dhubri", "sdtname": "Agamoni", "stcode11": "18", "dtcode11": "301", "sdtcode11": "02006", "blklgdcode": "2549", "blkname": "AGOMANI", "dt_lgd": 285, "sdt_lgd": 2006, "st_lgd": 18, "vilcode11": 0, "vilname11": "", "pan_local": "AGOMONI", "b_pan_code": 2949, "b_pan_name": "AGOMANI", "d_pan_code": 248, "d_pan_name": "DHUBRI", "gp_code": "106087", "gp_name": "BHAMUNDANGA", "st_2011": "18", "dt_2011": "301", "sdt_2011": "02006", "subdtname": "Agamoni", "block_name": "AGOMANI", "blk_lgdcod": "2549", "dtcode14": "301", "SHAPE_Length": 28563.485161189994, "SHAPE_Area": 14198784.558752839}}, {"type": "Feature", "geometry": {"type": "Polygon", "coordinates": [[[89.8188, 26.2731], [89.8178, 26.2722], [89.8154, 26.27], [89.8139, 26.2694], [89.8133, 26.2685], [89.8131, 26.2672], [89.8138, 26.2653], [89.8112, 26.2654], [89.8096, 26.2652], [89.8088, 26.2641], [89.8059, 26.2641], [89.8051, 26.2652], [89.8046, 26.2659], [89.8044, 26.2671], [89.8048, 26.2689], [89.8054, 26.2702], [89.8058, 26.272], [89.8056, 26.2731], [89.8081, 26.2726], [89.8098, 26.2722], [89.8117, 26.2724], [89.8128, 26.2732], [89.8148, 26.2744], [89.8167, 26.2757], [89.8175, 26.276], [89.8188, 26.2752], [89.819, 26.2743], [89.8188, 26.2731]]]}, "properties": {"OBJECTID": 114986, "gpcode": "106088", "gpname": "BIDYARDABRI", "stname": "ASSAM", "dtname": "Dhubri", "sdtname": "Agamoni", "stcode11": "18", "dtcode11": "301", "sdtcode11": "02006", "blklgdcode": "2549", "blkname": "AGOMANI", "dt_lgd": 285, "sdt_lgd": 2006, "st_lgd": 18, "vilcode11": 0, "vilname11": "", "pan_local": "AGOMONI", "b_pan_code": 2949, "b_pan_name": "AGOMANI", "d_pan_code": 248, "d_pan_name": "DHUBRI", "gp_code": "106088", "gp_name": "BIDYARDABRI", "st_2011": "18", "dt_2011": "301", "sdt_2011": "02006", "subdtname": "Agamoni", "block_name": "AGOMANI", "blk_lgdcod": "2549", "dtcode14": "301", "SHAPE_Length": 5335.032212915208, "SHAPE_Area": 1223598.5701518517}}, {"type": "Feature", "geometry": {"type": "Polygon", "coordinates": [[[89.7807, 26.2891], [89.7824, 26.2882], [89.784, 26.2881], [89.7852, 26.288], [89.7864, 26.2879], [89.7892, 26.2865], [89.7909, 26.2863], [89.7958, 26.2865], [89.7974, 26.2865], [89.7976, 26.2865], [89.7985, 26.2857], [89.8007, 26.2853], [89.8013, 26.285], [89.8017, 26.2838], [89.8021, 26.2822], [89.8032, 26.2804], [89.8036, 26.2785], [89.8018, 26.2781], [89.799, 26.2776], [89.7987, 26.2776], [89.7953, 26.2773], [89.7945, 26.2775], [89.7936, 26.2782], [89.7921, 26.2775], [89.7902, 26.2773], [89.7877, 26.2771], [89.7839, 26.2768], [89.7801, 26.2765], [89.781, 26.2732], [89.7813, 26.2703], [89.7816, 26.2664], [89.7816, 26.2663], [89.7816, 26.2662], [89.7815, 26.2635], [89.7809, 26.2624], [89.7781, 26.2623], [89.7754, 26.2622], [89.7727, 26.2621], [89.7708, 26.2624], [89.7696, 26.2622], [89.7674, 26.2618], [89.7645, 26.2612], [89.7644, 26.2612], [89.7634, 26.2609], [89.7614, 26.2606], [89.7596, 26.2603], [89.7587, 26.2609], [89.7579, 26.261], [89.7562, 26.2609], [89.7549, 26.2611], [89.7529, 26.2606], [89.7516, 26.2607], [89.7522, 26.2617], [89.7527, 26.2634], [89.7524, 26.2648], [89.752, 26.2659], [89.752, 26.266], [89.7523, 26.267], [89.7528, 26.269], [89.7529, 26.2707], [89.753, 26.2727], [89.7533, 26.2742], [89.7532, 26.2759], [89.7535, 26.2767], [89.7528, 26.2789], [89.7532, 26.2797], [89.7534, 26.2806], [89.7532, 26.2819], [89.7567, 26.2796], [89.7582, 26.2785], [89.7592, 26.2778], [89.7602, 26.2781], [89.7611, 26.2812], [89.762, 26.2825], [89.7624, 26.283], [89.7623, 26.284], [89.7653, 26.2862], [89.7673, 26.2867], [89.7702, 26.287], [89.7728, 26.2868], [89.7752, 26.2867], [89.7754, 26.2867], [89.7765, 26.2866], [89.7782, 26.2873], [89.7784, 26.2874], [89.7789, 26.2879], [89.7793, 26.2885], [89.7797, 26.289], [89.7807, 26.2891]]]}, "properties": {"OBJECTID": 114987, "gpcode": "106088", "gpname": "BIDYARDABRI", "stname": "ASSAM", "dtname": "Dhubri", "sdtname": "Agamoni", "stcode11": "18", "dtcode11": "301", "sdtcode11": "02006", "blklgdcode": "2549", "blkname": "AGOMANI", "dt_lgd": 285, "sdt_lgd": 2006, "st_lgd": 18, "vilcode11": 0, "vilname11": "", "pan_local": "AGOMONI", "b_pan_code": 2949, "b_pan_name": "AGOMANI", "d_pan_code": 248, "d_pan_name": "DHUBRI", "gp_code": "106088", "gp_name": "BIDYARDABRI", "st_2011": "18", "dt_2011": "301", "sdt_2011": "02006", "subdtname": "Agamoni", "block_name": "AGOMANI", "blk_lgdcod": "2549", "dtcode14": "301", "SHAPE_Length": 17829.14031069902, "SHAPE_Area": 11771424.671496693}}, {"type": "Feature", "geometry": {"type": "Polygon", "coordinates": [[[89.7606, 26.3162], [89.7609, 26.3147], [89.7607, 26.3147], [89.7606, 26.3146], [89.7586, 26.3124], [89.7625, 26.308], [89.7666, 26.3063], [89.7667, 26.3063], [89.7707, 26.306], [89.774, 26.3069], [89.7782, 26.3068], [89.7812, 26.3057], [89.7822, 26.305], [89.7822, 26.3049], [89.7828, 26.3045], [89.7831, 26.3043], [89.7826, 26.3038], [89.7814, 26.3026], [89.7813, 26.3025], [89.7792, 26.2999], [89.7789, 26.2986], [89.7803, 26.2968], [89.7822, 26.2953], [89.7847, 26.2939], [89.7867, 26.2934], [89.7867, 26.2933], [89.7867, 26.2934], [89.789, 26.2941], [89.7914, 26.2949], [89.7938, 26.2953], [89.7948, 26.2952], [89.7948, 26.2953], [89.7957, 26.2952], [89.7971, 26.2947], [89.7972, 26.2939], [89.7968, 26.2919], [89.7962, 26.2887], [89.7957, 26.2869], [89.7974, 26.2865], [89.7958, 26.2865], [89.7909, 26.2863], [89.7892, 26.2865], [89.7864, 26.2879], [89.7852, 26.288], [89.784, 26.2881], [89.7824, 26.2882], [89.7807, 26.2891], [89.7797, 26.289], [89.7793, 26.2885], [89.7789, 26.2879], [89.7784, 26.2874], [89.7782, 26.2873], [89.7765, 26.2866], [89.7754, 26.2867], [89.7752, 26.2867], [89.7728, 26.2868], [89.7702, 26.287], [89.7673, 26.2867], [89.7653, 26.2862], [89.7623, 26.284], [89.7624, 26.283], [89.762, 26.2825], [89.7611, 26.2812], [89.7602, 26.2781], [89.7592, 26.2778], [89.7582, 26.2785], [89.7567, 26.2796], [89.7532, 26.2819], [89.7516, 26.2831], [89.7491, 26.2848], [89.7472, 26.2856], [89.7471, 26.2856], [89.7465, 26.2858], [89.7459, 26.2859], [89.7455, 26.2862], [89.745, 26.2867], [89.7452, 26.2881], [89.7455, 26.2905], [89.7464, 26.2914], [89.7468, 26.2918], [89.747, 26.292], [89.7471, 26.2917], [89.7478, 26.2913], [89.7481, 26.2911], [89.7483, 26.291], [89.7486, 26.2908], [89.7487, 26.2908], [89.7488, 26.2908], [89.749, 26.2906], [89.7495, 26.2905], [89.7496, 26.2904], [89.75, 26.2903], [89.7505, 26.2901], [89.7507, 26.29], [89.7508, 26.29], [89.752, 26.2895], [89.7524, 26.2893], [89.7526, 26.2892], [89.7529, 26.2891], [89.7535, 26.2891], [89.7546, 26.2888], [89.7548, 26.2882], [89.7569, 26.2885], [89.7571, 26.288], [89.7581, 26.2878], [89.758, 26.2891], [89.7598, 26.2897], [89.7609, 26.2921], [89.7606, 26.2927], [89.7602, 26.2934], [89.7601, 26.2935], [89.7597, 26.2942], [89.7593, 26.2947], [89.7589, 26.2954], [89.7587, 26.2958], [89.7585, 26.2961], [89.7583, 26.2968], [89.7582, 26.2971], [89.7581, 26.2974], [89.758, 26.2978], [89.7578, 26.2981], [89.7578, 26.2982], [89.7577, 26.2983], [89.7574, 26.2986], [89.7573, 26.2987], [89.7572, 26.2988], [89.7571, 26.2989], [89.757, 26.299], [89.7566, 26.2995], [89.7565, 26.2995], [89.7561, 26.2999], [89.7555, 26.3005], [89.755, 26.301], [89.7544, 26.3016], [89.7541, 26.3022], [89.754, 26.3027], [89.7541, 26.3034], [89.7541, 26.3035], [89.7541, 26.3048], [89.7535, 26.3059], [89.7533, 26.3063], [89.753, 26.3072], [89.753, 26.3073], [89.7529, 26.308], [89.7529, 26.3081], [89.7528, 26.3084], [89.7525, 26.31], [89.7525, 26.3115], [89.7521, 26.3127], [89.752, 26.3141], [89.7519, 26.3154], [89.7516, 26.3173], [89.7513, 26.319], [89.7512, 26.321], [89.7526, 26.322], [89.7533, 26.3227], [89.7543, 26.3229], [89.7553, 26.3232], [89.7555, 26.3231], [89.7556, 26.323], [89.7572, 26.3219], [89.7578, 26.3209], [89.7586, 26.3186], [89.7595, 26.3175], [89.7603, 26.3166], [89.761, 26.3164], [89.7613, 26.3163], [89.7606, 26.3162]]]}, "properties": {"OBJECTID": 114988, "gpcode": "106089", "gpname": "CHAGOLIA", "stname": "ASSAM", "dtname": "Dhubri", "sdtname": "Agamoni", "stcode11": "18", "dtcode11": "301", "sdtcode11": "02006", "blklgdcode": "2549", "blkname": "AGOMANI", "dt_lgd": 285, "sdt_lgd": 2006, "st_lgd": 18, "vilcode11": 0, "vilname11": "", "pan_local": "AGOMONI", "b_pan_code": 2949, "b_pan_name": "AGOMANI", "d_pan_code": 248, "d_pan_name": "DHUBRI", "gp_code": "106089", "gp_name": "CHAGOLIA", "st_2011": "18", "dt_2011": "301", "sdt_2011": "02006", "subdtname": "Agamoni", "block_name": "AGOMANI", "blk_lgdcod": "2549", "dtcode14": "301", "SHAPE_Length": 23643.921368546453, "SHAPE_Area": 11391771.52033206}}, {"type": "Feature", "geometry": {"type": "Polygon", "coordinates": [[[89.739, 26.2622], [89.7408, 26.2606], [89.7418, 26.2615], [89.7428, 26.2606], [89.7455, 26.2612], [89.7472, 26.261], [89.7485, 26.2609], [89.7505, 26.2607], [89.7516, 26.2607], [89.7529, 26.2606], [89.7549, 26.2611], [89.7562, 26.2609], [89.7579, 26.261], [89.7587, 26.2609], [89.7596, 26.2603], [89.7614, 26.2606], [89.7634, 26.2609], [89.7644, 26.2612], [89.7645, 26.2612], [89.7654, 26.2607], [89.767, 26.2597], [89.7677, 26.259], [89.7677, 26.2578], [89.768, 26.2574], [89.7696, 26.2565], [89.7708, 26.2549], [89.7717, 26.2538], [89.7726, 26.2527], [89.774, 26.2526], [89.7741, 26.2539], [89.7751, 26.2544], [89.7756, 26.2535], [89.7764, 26.2523], [89.7775, 26.2524], [89.7776, 26.2524], [89.779, 26.254], [89.7801, 26.2548], [89.7812, 26.2552], [89.782, 26.255], [89.7818, 26.2542], [89.782, 26.2507], [89.782, 26.2505], [89.7819, 26.2499], [89.7815, 26.2491], [89.7813, 26.2488], [89.7801, 26.2476], [89.7801, 26.2474], [89.7806, 26.2468], [89.7847, 26.2402], [89.7867, 26.2387], [89.7852, 26.2387], [89.7831, 26.2385], [89.7825, 26.2382], [89.7822, 26.2372], [89.782, 26.2344], [89.7824, 26.2326], [89.7814, 26.2311], [89.7813, 26.2274], [89.7813, 26.2237], [89.7813, 26.2224], [89.7803, 26.2214], [89.7799, 26.2204], [89.7795, 26.2194], [89.778, 26.2183], [89.7772, 26.2177], [89.7771, 26.2194], [89.777, 26.2202], [89.777, 26.2207], [89.7776, 26.2219], [89.7774, 26.2225], [89.7768, 26.2227], [89.7755, 26.2231], [89.7718, 26.2229], [89.7694, 26.2222], [89.7678, 26.2223], [89.7667, 26.2231], [89.7652, 26.2234], [89.7645, 26.2231], [89.764, 26.2207], [89.7638, 26.2197], [89.7628, 26.2192], [89.7592, 26.2178], [89.7575, 26.2177], [89.7566, 26.218], [89.7557, 26.2186], [89.7561, 26.2208], [89.7569, 26.221], [89.7571, 26.2203], [89.76, 26.221], [89.7601, 26.2217], [89.7598, 26.2229], [89.7585, 26.224], [89.7578, 26.2243], [89.7559, 26.2245], [89.7551, 26.2238], [89.7527, 26.223], [89.7518, 26.2227], [89.7517, 26.2223], [89.7517, 26.2218], [89.7502, 26.2217], [89.7492, 26.2219], [89.7477, 26.2226], [89.7472, 26.2233], [89.7465, 26.2241], [89.7461, 26.2256], [89.7462, 26.2265], [89.7464, 26.2293], [89.7458, 26.2296], [89.7444, 26.2305], [89.7433, 26.2315], [89.7432, 26.2324], [89.7433, 26.2328], [89.7439, 26.2333], [89.7462, 26.2347], [89.7472, 26.2358], [89.7447, 26.2352], [89.7429, 26.2348], [89.7405, 26.2346], [89.739, 26.2347], [89.7383, 26.2346], [89.7352, 26.2337], [89.7334, 26.2333], [89.7322, 26.2337], [89.7324, 26.2343], [89.7324, 26.2347], [89.7325, 26.2355], [89.7327, 26.2366], [89.7327, 26.2375], [89.7329, 26.2384], [89.7332, 26.2395], [89.733, 26.2403], [89.7325, 26.2411], [89.7326, 26.2418], [89.7325, 26.2436], [89.7331, 26.2449], [89.7331, 26.2459], [89.7329, 26.247], [89.733, 26.2484], [89.7346, 26.2483], [89.7358, 26.2485], [89.7364, 26.2486], [89.7371, 26.2486], [89.7376, 26.2483], [89.7383, 26.2484], [89.739, 26.2485], [89.7393, 26.2485], [89.7399, 26.2482], [89.741, 26.248], [89.7426, 26.2481], [89.7434, 26.2483], [89.7446, 26.2487], [89.7456, 26.2487], [89.7472, 26.2486], [89.7477, 26.2486], [89.748, 26.249], [89.7485, 26.2495], [89.7486, 26.2501], [89.7486, 26.2503], [89.7486, 26.2505], [89.7486, 26.2509], [89.7482, 26.2519], [89.7477, 26.253], [89.7472, 26.2547], [89.7457, 26.2558], [89.7431, 26.2566], [89.7397, 26.2578], [89.7393, 26.2602], [89.739, 26.2622]]]}, "properties": {"OBJECTID": 114989, "gpcode": "106090", "gpname": "HALAKURA", "stname": "ASSAM", "dtname": "Dhubri", "sdtname": "Agamoni", "stcode11": "18", "dtcode11": "301", "sdtcode11": "02006", "blklgdcode": "2549", "blkname": "AGOMANI", "dt_lgd": 285, "sdt_lgd": 2006, "st_lgd": 18, "vilcode11": 0, "vilname11": "", "pan_local": "AGOMONI", "b_pan_code": 2949, "b_pan_name": "AGOMANI", "d_pan_code": 248, "d_pan_name": "DHUBRI", "gp_code": "106090", "gp_name": "HALAKURA", "st_2011": "18", "dt_2011": "301", "sdt_2011": "02006", "subdtname": "Agamoni", "block_name": "AGOMANI", "blk_lgdcod": "2549", "dtcode14": "301", "SHAPE_Length": 27352.83805792205, "SHAPE_Area": 20942623.800040096}}, {"type": "Feature", "geometry": {"type": "Polygon", "coordinates": [[[89.8271, 26.2803], [89.8268, 26.2796], [89.8269, 26.2784], [89.8273, 26.2759], [89.827, 26.2747], [89.8267, 26.2731], [89.8272, 26.2716], [89.8277, 26.2702], [89.8275, 26.268], [89.8274, 26.2667], [89.8259, 26.2663], [89.8245, 26.266], [89.8225, 26.2643], [89.82, 26.2632], [89.8173, 26.2633], [89.8148, 26.2637], [89.8138, 26.2653], [89.8131, 26.2672], [89.8133, 26.2685], [89.8139, 26.2694], [89.8154, 26.27], [89.8178, 26.2722], [89.8188, 26.2731], [89.819, 26.2743], [89.8188, 26.2752], [89.8175, 26.276], [89.8167, 26.2757], [89.8148, 26.2744], [89.8128, 26.2732], [89.8117, 26.2724], [89.8098, 26.2722], [89.8107, 26.2751], [89.8107, 26.277], [89.8101, 26.279], [89.8099, 26.2802], [89.8099, 26.2803], [89.8116, 26.2796], [89.8151, 26.2794], [89.819, 26.2798], [89.8215, 26.2803], [89.8232, 26.2802], [89.8246, 26.2798], [89.8271, 26.2803]]]}, "properties": {"OBJECTID": 114990, "gpcode": "106091", "gpname": "KAIMARI", "stname": "ASSAM", "dtname": "Dhubri", "sdtname": "Agamoni", "stcode11": "18", "dtcode11": "301", "sdtcode11": "02006", "blklgdcode": "2549", "blkname": "AGOMANI", "dt_lgd": 285, "sdt_lgd": 2006, "st_lgd": 18, "vilcode11": 0, "vilname11": "", "pan_local": "AGOMONI", "b_pan_code": 2949, "b_pan_name": "AGOMANI", "d_pan_code": 248, "d_pan_name": "DHUBRI", "gp_code": "106091", "gp_name": "KAIMARI", "st_2011": "18", "dt_2011": "301", "sdt_2011": "02006", "subdtname": "Agamoni", "block_name": "AGOMANI", "blk_lgdcod": "2549", "dtcode14": "301", "SHAPE_Length": 9174.358009115313, "SHAPE_Area": 2919486.6927224663}}, {"type": "Feature", "geometry": {"type": "Polygon", "coordinates": [[[89.8271, 26.2803], [89.8271, 26.2804], [89.8264, 26.2821], [89.8261, 26.2838], [89.8258, 26.2861], [89.8256, 26.2877], [89.8259, 26.291], [89.826, 26.2923], [89.8254, 26.2942], [89.8254, 26.2958], [89.8253, 26.2977], [89.8249, 26.2985], [89.8229, 26.2987], [89.8229, 26.2986], [89.8213, 26.298], [89.8189, 26.2969], [89.8173, 26.2971], [89.8168, 26.2967], [89.8151, 26.2972], [89.8133, 26.2968], [89.8119, 26.2954], [89.8091, 26.2937], [89.8072, 26.2925], [89.8035, 26.2901], [89.7994, 26.2866], [89.7974, 26.2865], [89.7957, 26.2869], [89.7962, 26.2887], [89.7968, 26.2919], [89.7972, 26.2939], [89.7971, 26.2947], [89.7957, 26.2952], [89.7948, 26.2953], [89.7943, 26.2981], [89.7948, 26.2993], [89.795, 26.2999], [89.7968, 26.3002], [89.7987, 26.3004], [89.8026, 26.3001], [89.8043, 26.3], [89.8067, 26.3004], [89.8084, 26.3006], [89.811, 26.3003], [89.8127, 26.3003], [89.8157, 26.3007], [89.8171, 26.3012], [89.8172, 26.3013], [89.8181, 26.3018], [89.8183, 26.3033], [89.8186, 26.3051], [89.8182, 26.3062], [89.8178, 26.307], [89.8177, 26.3083], [89.8181, 26.3098], [89.8199, 26.3093], [89.822, 26.3079], [89.8222, 26.3078], [89.823, 26.3078], [89.8269, 26.3073], [89.8283, 26.3065], [89.8295, 26.3048], [89.8306, 26.3027], [89.8311, 26.3017], [89.8326, 26.3005], [89.835, 26.2995], [89.8364, 26.2979], [89.8365, 26.2979], [89.8373, 26.2975], [89.8376, 26.2954], [89.8375, 26.2925], [89.838, 26.2895], [89.8382, 26.2883], [89.8391, 26.2869], [89.84, 26.2854], [89.8408, 26.281], [89.8409, 26.2804], [89.8375, 26.2808], [89.8356, 26.2806], [89.8338, 26.2803], [89.832, 26.2801], [89.8302, 26.2805], [89.8271, 26.2803]]]}, "properties": {"OBJECTID": 114991, "gpcode": "106091", "gpname": "KAIMARI", "stname": "ASSAM", "dtname": "Dhubri", "sdtname": "Agamoni", "stcode11": "18", "dtcode11": "301", "sdtcode11": "02006", "blklgdcode": "2549", "blkname": "AGOMANI", "dt_lgd": 285, "sdt_lgd": 2006, "st_lgd": 18, "vilcode11": 0, "vilname11": "", "pan_local": "AGOMONI", "b_pan_code": 2949, "b_pan_name": "AGOMANI", "d_pan_code": 248, "d_pan_name": "DHUBRI", "gp_code": "106091", "gp_name": "KAIMARI", "st_2011": "18", "dt_2011": "301", "sdt_2011": "02006", "subdtname": "Agamoni", "block_name": "AGOMANI", "blk_lgdcod": "2549", "dtcode14": "301", "SHAPE_Length": 18120.849056034865, "SHAPE_Area": 7479515.043695295}}, {"type": "Feature", "geometry": {"type": "Polygon", "coordinates": [[[89.792, 26.3175], [89.7948, 26.3159], [89.7972, 26.3157], [89.7948, 26.3133], [89.792, 26.312], [89.7897, 26.3097], [89.7861, 26.3073], [89.7822, 26.305], [89.7812, 26.3057], [89.7782, 26.3068], [89.774, 26.3069], [89.7707, 26.306], [89.7667, 26.3063], [89.7666, 26.3063], [89.7625, 26.308], [89.7586, 26.3124], [89.7606, 26.3146], [89.7607, 26.3147], [89.7609, 26.3147], [89.7606, 26.3162], [89.7613, 26.3163], [89.7618, 26.3161], [89.7627, 26.316], [89.7643, 26.3161], [89.7657, 26.3169], [89.7664, 26.3178], [89.7665, 26.3179], [89.7672, 26.3187], [89.7683, 26.32], [89.7691, 26.3213], [89.7694, 26.3226], [89.7693, 26.3234], [89.7693, 26.3243], [89.7709, 26.3247], [89.7726, 26.3251], [89.7734, 26.3254], [89.7759, 26.3259], [89.7789, 26.3267], [89.7804, 26.3274], [89.7811, 26.3279], [89.782, 26.3287], [89.7827, 26.3294], [89.783, 26.3299], [89.7833, 26.3297], [89.7844, 26.3291], [89.7853, 26.3286], [89.7885, 26.3267], [89.7903, 26.3218], [89.792, 26.3175]]]}, "properties": {"OBJECTID": 114992, "gpcode": "106091", "gpname": "KAIMARI", "stname": "ASSAM", "dtname": "Dhubri", "sdtname": "Gossaigaon (Pt)", "stcode11": "18", "dtcode11": "301", "sdtcode11": "02001", "blklgdcode": "6559", "blkname": "HATIDHURA", "dt_lgd": 285, "sdt_lgd": 2001, "st_lgd": 18, "vilcode11": 0, "vilname11": "", "pan_local": "HATIDHURA", "b_pan_code": 6819, "b_pan_name": "HATIDHURA", "d_pan_code": 248, "d_pan_name": "DHUBRI", "gp_code": "106091", "gp_name": "KAIMARI", "st_2011": "18", "dt_2011": "301", "sdt_2011": "02001", "subdtname": "Gossaigaon (Pt)", "block_name": "HATIDHURA", "blk_lgdcod": "6559", "dtcode14": "301", "SHAPE_Length": 11703.36751497164, "SHAPE_Area": 7418691.890963909}}, {"type": "Feature", "geometry": {"type": "Polygon", "coordinates": [[[89.7237, 26.3093], [89.7248, 26.3083], [89.7258, 26.3072], [89.7255, 26.3065], [89.7247, 26.3046], [89.7244, 26.3043], [89.7242, 26.3042], [89.724, 26.304], [89.7237, 26.3037], [89.7227, 26.3022], [89.7226, 26.302], [89.7226, 26.3018], [89.7223, 26.3008], [89.7222, 26.3006], [89.7221, 26.3005], [89.7217, 26.2999], [89.7214, 26.2995], [89.7218, 26.2989], [89.7218, 26.2988], [89.7219, 26.2986], [89.7228, 26.2974], [89.7233, 26.2966], [89.724, 26.2963], [89.7263, 26.2947], [89.7274, 26.2942], [89.7276, 26.2941], [89.7293, 26.2937], [89.7294, 26.2937], [89.7319, 26.2932], [89.7321, 26.2932], [89.734, 26.2928], [89.7345, 26.2927], [89.7347, 26.2927], [89.7369, 26.2926], [89.7377, 26.2927], [89.7378, 26.2928], [89.7381, 26.2929], [89.7392, 26.2934], [89.7407, 26.2942], [89.7417, 26.2944], [89.7424, 26.2947], [89.7436, 26.2957], [89.7437, 26.2957], [89.7438, 26.2958], [89.744, 26.2958], [89.7445, 26.2962], [89.7446, 26.2965], [89.7447, 26.2967], [89.7448, 26.2968], [89.7448, 26.2969], [89.7451, 26.2965], [89.7457, 26.2958], [89.7465, 26.2941], [89.7462, 26.294], [89.7461, 26.294], [89.746, 26.2939], [89.746, 26.2938], [89.7461, 26.2936], [89.7462, 26.2935], [89.7463, 26.2933], [89.7468, 26.2935], [89.7467, 26.2929], [89.7468, 26.2928], [89.7468, 26.2927], [89.747, 26.292], [89.7468, 26.2918], [89.7464, 26.2914], [89.7455, 26.2905], [89.7452, 26.2881], [89.745, 26.2867], [89.7455, 26.2862], [89.7459, 26.2859], [89.7465, 26.2858], [89.7471, 26.2856], [89.7472, 26.2856], [89.7491, 26.2848], [89.7516, 26.2831], [89.7532, 26.2819], [89.7534, 26.2806], [89.7532, 26.2797], [89.7528, 26.2789], [89.7535, 26.2767], [89.7532, 26.2759], [89.7533, 26.2742], [89.753, 26.2727], [89.7529, 26.2707], [89.7528, 26.269], [89.7523, 26.267], [89.752, 26.266], [89.752, 26.2659], [89.7524, 26.2648], [89.7527, 26.2634], [89.7522, 26.2617], [89.7516, 26.2607], [89.7505, 26.2607], [89.7485, 26.2609], [89.7472, 26.261], [89.7455, 26.2612], [89.7428, 26.2606], [89.7418, 26.2615], [89.7408, 26.2606], [89.739, 26.2622], [89.7393, 26.2602], [89.7397, 26.2578], [89.7431, 26.2566], [89.7457, 26.2558], [89.7472, 26.2547], [89.7477, 26.253], [89.7482, 26.2519], [89.7486, 26.2509], [89.7486, 26.2505], [89.7486, 26.2503], [89.7486, 26.2501], [89.7485, 26.2495], [89.748, 26.249], [89.7477, 26.2486], [89.7472, 26.2486], [89.7456, 26.2487], [89.7446, 26.2487], [89.7434, 26.2483], [89.7426, 26.2481], [89.741, 26.248], [89.7399, 26.2482], [89.7393, 26.2485], [89.739, 26.2485], [89.7383, 26.2484], [89.7376, 26.2483], [89.7371, 26.2486], [89.7364, 26.2486], [89.7358, 26.2485], [89.7346, 26.2483], [89.733, 26.2484], [89.7329, 26.247], [89.7331, 26.2459], [89.7331, 26.2449], [89.7325, 26.2436], [89.7326, 26.2418], [89.7325, 26.2411], [89.733, 26.2403], [89.7332, 26.2395], [89.7329, 26.2384], [89.7327, 26.2375], [89.7327, 26.2366], [89.7325, 26.2355], [89.7324, 26.2347], [89.7324, 26.2343], [89.7322, 26.2337], [89.7315, 26.2335], [89.7299, 26.2343], [89.7297, 26.2348], [89.7296, 26.2352], [89.7304, 26.2359], [89.7307, 26.2362], [89.7316, 26.2367], [89.732, 26.2371], [89.7321, 26.2378], [89.7322, 26.2378], [89.7321, 26.2384], [89.7321, 26.2387], [89.732, 26.2391], [89.732, 26.2395], [89.7319, 26.2396], [89.7318, 26.2399], [89.7317, 26.2399], [89.7317, 26.24], [89.731, 26.2403], [89.7303, 26.2407], [89.7296, 26.2412], [89.7284, 26.2417], [89.7263, 26.2429], [89.7248, 26.2436], [89.7243, 26.2438], [89.7232, 26.2442], [89.7225, 26.2445], [89.7222, 26.2446], [89.7214, 26.2449], [89.721, 26.245], [89.72, 26.2453], [89.7197, 26.2455], [89.7192, 26.2457], [89.7184, 26.2453], [89.718, 26.2452], [89.7179, 26.2452], [89.7176, 26.2456], [89.7174, 26.2462], [89.7173, 26.2463], [89.7173, 26.2464], [89.7173, 26.2465], [89.7172, 26.2465], [89.7169, 26.2467], [89.7168, 26.2467], [89.7167, 26.2468], [89.7166, 26.2469], [89.7166, 26.247], [89.7165, 26.2471], [89.7165, 26.2475], [89.7166, 26.248], [89.7167, 26.2482], [89.7168, 26.249], [89.7169, 26.2499], [89.7172, 26.2505], [89.7174, 26.2507], [89.7175, 26.2509], [89.7181, 26.2524], [89.7182, 26.2525], [89.7182, 26.2526], [89.7183, 26.2531], [89.7183, 26.2532], [89.7184, 26.254], [89.7184, 26.2541], [89.7185, 26.2542], [89.7185, 26.2551], [89.7185, 26.2556], [89.7185, 26.2557], [89.7184, 26.2558], [89.7184, 26.2559], [89.7184, 26.256], [89.7184, 26.2564], [89.7174, 26.2572], [89.7171, 26.2574], [89.7163, 26.2578], [89.7155, 26.2583], [89.7144, 26.2583], [89.713, 26.2577], [89.7119, 26.2573], [89.7107, 26.2569], [89.7097, 26.2566], [89.7077, 26.2562], [89.7058, 26.2562], [89.7039, 26.2568], [89.7035, 26.2571], [89.7027, 26.2578], [89.7026, 26.2579], [89.7026, 26.2581], [89.7026, 26.2587], [89.7025, 26.2594], [89.7025, 26.2601], [89.7024, 26.2608], [89.7024, 26.2609], [89.7024, 26.2611], [89.7025, 26.2611], [89.7025, 26.2612], [89.7028, 26.2615], [89.7031, 26.2618], [89.7032, 26.262], [89.7036, 26.2625], [89.7039, 26.2628], [89.704, 26.2629], [89.7041, 26.263], [89.7041, 26.2631], [89.7043, 26.2635], [89.7044, 26.2636], [89.7045, 26.2639], [89.7046, 26.2643], [89.7047, 26.2651], [89.7047, 26.2653], [89.7048, 26.2655], [89.7048, 26.2657], [89.7048, 26.266], [89.7049, 26.2662], [89.7049, 26.2663], [89.7049, 26.2664], [89.7049, 26.2671], [89.7049, 26.2673], [89.705, 26.2678], [89.705, 26.2682], [89.7054, 26.2691], [89.7054, 26.2693], [89.7054, 26.2694], [89.7059, 26.2704], [89.7073, 26.2708], [89.7088, 26.271], [89.7103, 26.271], [89.7116, 26.2708], [89.7116, 26.2713], [89.7122, 26.271], [89.7133, 26.2707], [89.7135, 26.2707], [89.7147, 26.2699], [89.7147, 26.2687], [89.7147, 26.2686], [89.7147, 26.2678], [89.7146, 26.2674], [89.7146, 26.2673], [89.7145, 26.2657], [89.7139, 26.2652], [89.7138, 26.2651], [89.7137, 26.265], [89.7137, 26.2649], [89.7135, 26.2647], [89.7134, 26.2646], [89.7133, 26.2645], [89.7132, 26.2644], [89.7131, 26.2643], [89.7131, 26.2642], [89.7129, 26.264], [89.7125, 26.2631], [89.7125, 26.2628], [89.7125, 26.2626], [89.7126, 26.2619], [89.7131, 26.2612], [89.7138, 26.2606], [89.7147, 26.2599], [89.7166, 26.2594], [89.7171, 26.2591], [89.718, 26.2586], [89.719, 26.2583], [89.7199, 26.2576], [89.722, 26.2575], [89.7222, 26.2575], [89.7229, 26.2576], [89.7236, 26.2577], [89.7247, 26.2577], [89.7255, 26.2579], [89.7259, 26.2579], [89.7268, 26.2581], [89.7272, 26.2581], [89.7296, 26.2584], [89.7298, 26.2584], [89.7315, 26.2586], [89.7328, 26.2589], [89.7329, 26.2589], [89.7335, 26.2592], [89.734, 26.2594], [89.7341, 26.2595], [89.7345, 26.2601], [89.7348, 26.2604], [89.7349, 26.2606], [89.7352, 26.2609], [89.7356, 26.2615], [89.7354, 26.2629], [89.7353, 26.2634], [89.7352, 26.2638], [89.7348, 26.2652], [89.7343, 26.2668], [89.7343, 26.267], [89.7348, 26.2672], [89.7354, 26.2673], [89.7369, 26.2681], [89.737, 26.2681], [89.7374, 26.2687], [89.7379, 26.2693], [89.7381, 26.2695], [89.7384, 26.2698], [89.7385, 26.2699], [89.7385, 26.2714], [89.7377, 26.2729], [89.737, 26.2744], [89.7369, 26.2745], [89.7366, 26.2751], [89.7364, 26.2754], [89.7359, 26.2763], [89.7354, 26.277], [89.735, 26.2777], [89.7341, 26.2787], [89.7326, 26.2806], [89.7321, 26.2811], [89.7306, 26.2827], [89.7297, 26.2836], [89.7294, 26.2837], [89.7294, 26.2838], [89.7293, 26.2838], [89.7291, 26.2839], [89.7288, 26.284], [89.7273, 26.2847], [89.727, 26.2849], [89.7268, 26.285], [89.7261, 26.2859], [89.7257, 26.2863], [89.7241, 26.2876], [89.724, 26.2878], [89.7226, 26.2893], [89.7221, 26.2901], [89.7214, 26.2909], [89.7211, 26.2915], [89.7204, 26.2926], [89.7199, 26.2932], [89.7192, 26.294], [89.7187, 26.2947], [89.7182, 26.2954], [89.718, 26.2955], [89.7178, 26.2958], [89.7182, 26.2986], [89.7182, 26.2987], [89.7183, 26.2998], [89.7187, 26.3014], [89.7188, 26.3017], [89.7189, 26.302], [89.7191, 26.3023], [89.7193, 26.3038], [89.7193, 26.3043], [89.7193, 26.3051], [89.7195, 26.306], [89.7195, 26.3061], [89.7196, 26.3063], [89.7197, 26.3066], [89.7197, 26.3069], [89.7198, 26.3073], [89.7203, 26.3079], [89.7212, 26.3083], [89.7217, 26.309], [89.7224, 26.3091], [89.7226, 26.3091], [89.723, 26.3091], [89.7231, 26.3091], [89.7232, 26.3092], [89.7237, 26.3093]]]}, "properties": {"OBJECTID": 114993, "gpcode": "106092", "gpname": "POKALAGI", "stname": "ASSAM", "dtname": "Dhubri", "sdtname": "Agamoni", "stcode11": "18", "dtcode11": "301", "sdtcode11": "02006", "blklgdcode": "2549", "blkname": "AGOMANI", "dt_lgd": 285, "sdt_lgd": 2006, "st_lgd": 18, "vilcode11": 0, "vilname11": "", "pan_local": "AGOMONI", "b_pan_code": 2949, "b_pan_name": "AGOMANI", "d_pan_code": 248, "d_pan_name": "DHUBRI", "gp_code": "106092", "gp_name": "POKALAGI", "st_2011": "18", "dt_2011": "301", "sdt_2011": "02006", "subdtname": "Agamoni", "block_name": "AGOMANI", "blk_lgdcod": "2549", "dtcode14": "301", "SHAPE_Length": 37706.92336107249, "SHAPE_Area": 17063590.12264421}}, {"type": "Feature", "geometry": {"type": "Polygon", "coordinates": [[[89.7559, 26.2116], [89.7556, 26.2099], [89.7559, 26.2081], [89.7564, 26.2058], [89.757, 26.1996], [89.7571, 26.1978], [89.7573, 26.1962], [89.7572, 26.1951], [89.7573, 26.1941], [89.7574, 26.1934], [89.7569, 26.1923], [89.7557, 26.1915], [89.7562, 26.1909], [89.7564, 26.1905], [89.7553, 26.1901], [89.7539, 26.1905], [89.7529, 26.1904], [89.752, 26.1897], [89.752, 26.1889], [89.752, 26.1871], [89.7517, 26.1854], [89.7512, 26.1845], [89.75, 26.1838], [89.7486, 26.1834], [89.7472, 26.1831], [89.7468, 26.183], [89.7467, 26.183], [89.7462, 26.1824], [89.744, 26.1817], [89.7422, 26.1807], [89.7408, 26.1799], [89.7399, 26.1794], [89.7396, 26.1784], [89.7397, 26.1765], [89.7398, 26.1741], [89.7394, 26.1711], [89.7393, 26.1706], [89.7393, 26.17], [89.7396, 26.1693], [89.74, 26.1689], [89.7409, 26.1683], [89.7392, 26.1684], [89.7368, 26.1685], [89.7354, 26.1691], [89.7338, 26.17], [89.7335, 26.1701], [89.732, 26.1704], [89.7309, 26.1711], [89.7303, 26.171], [89.729, 26.1708], [89.7282, 26.1709], [89.7277, 26.1716], [89.7275, 26.172], [89.7279, 26.1729], [89.7281, 26.1735], [89.7289, 26.1741], [89.7295, 26.1743], [89.7301, 26.1743], [89.7306, 26.174], [89.7314, 26.1734], [89.7323, 26.173], [89.7333, 26.1729], [89.734, 26.1728], [89.7348, 26.1726], [89.7352, 26.1725], [89.736, 26.1726], [89.7362, 26.1726], [89.7366, 26.1728], [89.7356, 26.1734], [89.735, 26.1737], [89.7346, 26.1747], [89.7344, 26.1753], [89.7338, 26.1763], [89.7329, 26.1775], [89.7325, 26.1778], [89.7316, 26.1778], [89.7309, 26.178], [89.7296, 26.1779], [89.7292, 26.1779], [89.7289, 26.1779], [89.7275, 26.1778], [89.7266, 26.1776], [89.7262, 26.1776], [89.726, 26.1779], [89.7259, 26.1779], [89.7256, 26.178], [89.7251, 26.1779], [89.7247, 26.1777], [89.7244, 26.1776], [89.7231, 26.1777], [89.7224, 26.1777], [89.7217, 26.1774], [89.721, 26.177], [89.72, 26.1764], [89.7181, 26.1753], [89.7171, 26.1746], [89.7169, 26.1744], [89.7153, 26.1738], [89.7142, 26.1733], [89.7138, 26.173], [89.7137, 26.1727], [89.7129, 26.1726], [89.7124, 26.1726], [89.7112, 26.1726], [89.7109, 26.1722], [89.7101, 26.1724], [89.7092, 26.1728], [89.709, 26.1736], [89.7088, 26.1742], [89.7085, 26.1747], [89.7066, 26.176], [89.7061, 26.1764], [89.7055, 26.1767], [89.7051, 26.1769], [89.705, 26.177], [89.7048, 26.1773], [89.7044, 26.1778], [89.7036, 26.178], [89.7035, 26.1781], [89.7035, 26.1786], [89.7035, 26.1787], [89.7035, 26.1793], [89.7034, 26.1801], [89.7034, 26.1803], [89.7034, 26.1811], [89.7033, 26.1812], [89.7033, 26.1826], [89.7033, 26.183], [89.7031, 26.1832], [89.7031, 26.1833], [89.7028, 26.1838], [89.7025, 26.1845], [89.7019, 26.1855], [89.7016, 26.1862], [89.7014, 26.1868], [89.7013, 26.187], [89.701, 26.1876], [89.6996, 26.1893], [89.6991, 26.1899], [89.6988, 26.1907], [89.6988, 26.1908], [89.6986, 26.1912], [89.6992, 26.1913], [89.7002, 26.1906], [89.7006, 26.1903], [89.7024, 26.1891], [89.7029, 26.1889], [89.7048, 26.1881], [89.7061, 26.1877], [89.7063, 26.1878], [89.7079, 26.1874], [89.7092, 26.1872], [89.7102, 26.1872], [89.7109, 26.1874], [89.7122, 26.1876], [89.7131, 26.1877], [89.7139, 26.1886], [89.715, 26.1894], [89.716, 26.1901], [89.7174, 26.1911], [89.7176, 26.1912], [89.7188, 26.192], [89.7191, 26.1923], [89.7197, 26.1931], [89.7198, 26.1935], [89.7202, 26.1948], [89.7204, 26.1956], [89.7203, 26.1959], [89.7201, 26.1968], [89.72, 26.1972], [89.7199, 26.1977], [89.7196, 26.1982], [89.7196, 26.1983], [89.7194, 26.1989], [89.7193, 26.199], [89.7192, 26.1992], [89.7192, 26.1994], [89.7186, 26.2004], [89.7178, 26.2013], [89.7173, 26.2018], [89.7169, 26.202], [89.7154, 26.2025], [89.7147, 26.2026], [89.7136, 26.2027], [89.7124, 26.2028], [89.7123, 26.2029], [89.712, 26.2029], [89.7116, 26.203], [89.7118, 26.2032], [89.7123, 26.2036], [89.7133, 26.2043], [89.7136, 26.2045], [89.7146, 26.2048], [89.7164, 26.2058], [89.7171, 26.206], [89.7175, 26.2062], [89.7187, 26.2064], [89.7192, 26.2066], [89.7204, 26.2066], [89.7214, 26.2063], [89.7219, 26.2063], [89.7224, 26.2065], [89.7227, 26.2066], [89.7234, 26.2065], [89.724, 26.2062], [89.725, 26.2059], [89.7262, 26.2059], [89.7268, 26.2059], [89.7272, 26.206], [89.7272, 26.2065], [89.7282, 26.2066], [89.7286, 26.2067], [89.7287, 26.2067], [89.7291, 26.2069], [89.7298, 26.2076], [89.7302, 26.2078], [89.7309, 26.2084], [89.7319, 26.2097], [89.7329, 26.2113], [89.7334, 26.2114], [89.7351, 26.212], [89.7352, 26.212], [89.7358, 26.212], [89.7373, 26.2118], [89.7396, 26.2116], [89.7408, 26.2108], [89.7436, 26.2118], [89.7459, 26.213], [89.7472, 26.2133], [89.7475, 26.2133], [89.748, 26.2134], [89.7494, 26.2144], [89.7508, 26.2153], [89.7516, 26.2146], [89.7525, 26.2146], [89.7535, 26.2146], [89.7547, 26.2143], [89.756, 26.2134], [89.7559, 26.2116]]]}, "properties": {"OBJECTID": 114994, "gpcode": "106093", "gpname": "RANPAGLI", "stname": "ASSAM", "dtname": "Dhubri", "sdtname": "Agamoni", "stcode11": "18", "dtcode11": "301", "sdtcode11": "02006", "blklgdcode": "2549", "blkname": "AGOMANI", "dt_lgd": 285, "sdt_lgd": 2006, "st_lgd": 18, "vilcode11": 0, "vilname11": "", "pan_local": "AGOMONI", "b_pan_code": 2949, "b_pan_name": "AGOMANI", "d_pan_code": 248, "d_pan_name": "DHUBRI", "gp_code": "106093", "gp_name": "RANPAGLI", "st_2011": "18", "dt_2011": "301", "sdt_2011": "02006", "subdtname": "Agamoni", "block_name": "AGOMANI", "blk_lgdcod": "2549", "dtcode14": "301", "SHAPE_Length": 26622.304618201553, "SHAPE_Area": 19895664.592052303}}, {"type": "Feature", "geometry": {"type": "Polygon", "coordinates": [[[89.7707, 26.1628], [89.7723, 26.1615], [89.7718, 26.1603], [89.7722, 26.1588], [89.7739, 26.1586], [89.7748, 26.1585], [89.7769, 26.1604], [89.7784, 26.1609], [89.78, 26.1606], [89.7806, 26.1599], [89.7812, 26.1592], [89.7792, 26.1578], [89.7787, 26.1564], [89.7788, 26.1554], [89.7803, 26.1546], [89.7814, 26.1541], [89.7815, 26.1533], [89.7806, 26.1523], [89.7787, 26.1514], [89.7782, 26.151], [89.78, 26.1509], [89.7858, 26.1514], [89.7903, 26.1521], [89.7913, 26.1507], [89.7914, 26.1487], [89.7916, 26.147], [89.7916, 26.1468], [89.7898, 26.1455], [89.7899, 26.1432], [89.7906, 26.1414], [89.7902, 26.1406], [89.7891, 26.1405], [89.788, 26.1419], [89.7875, 26.1431], [89.7868, 26.144], [89.7841, 26.1446], [89.7814, 26.1445], [89.7791, 26.1456], [89.7779, 26.1456], [89.7763, 26.144], [89.7753, 26.1419], [89.7741, 26.1414], [89.7729, 26.1422], [89.7717, 26.1429], [89.7692, 26.1424], [89.7676, 26.1421], [89.7651, 26.1416], [89.765, 26.1402], [89.7648, 26.1373], [89.7639, 26.136], [89.7637, 26.1363], [89.7633, 26.1369], [89.7631, 26.137], [89.7628, 26.1372], [89.7618, 26.1377], [89.7617, 26.1377], [89.7612, 26.138], [89.761, 26.1381], [89.7602, 26.1382], [89.7597, 26.1383], [89.7596, 26.1383], [89.7595, 26.1384], [89.7591, 26.1384], [89.7588, 26.1385], [89.7584, 26.1386], [89.7579, 26.1388], [89.7576, 26.1389], [89.7571, 26.139], [89.7566, 26.1391], [89.7561, 26.1391], [89.7558, 26.1392], [89.7555, 26.1393], [89.7551, 26.1393], [89.755, 26.1391], [89.754, 26.1394], [89.754, 26.1395], [89.7542, 26.1408], [89.7544, 26.1422], [89.7544, 26.1427], [89.7544, 26.1429], [89.7543, 26.1435], [89.7543, 26.1437], [89.7543, 26.1439], [89.7542, 26.144], [89.7541, 26.1445], [89.754, 26.1452], [89.7539, 26.1457], [89.7537, 26.1465], [89.7536, 26.1471], [89.7535, 26.1473], [89.7533, 26.1484], [89.7532, 26.1485], [89.7529, 26.1492], [89.7528, 26.1493], [89.7524, 26.15], [89.7524, 26.1501], [89.7523, 26.1502], [89.7522, 26.1504], [89.7518, 26.1511], [89.7517, 26.1513], [89.7516, 26.1516], [89.7514, 26.1517], [89.7513, 26.1519], [89.7513, 26.152], [89.7512, 26.1522], [89.7509, 26.1527], [89.7506, 26.1531], [89.7501, 26.1538], [89.7499, 26.1542], [89.7493, 26.155], [89.7489, 26.1557], [89.7486, 26.1561], [89.7477, 26.1574], [89.7467, 26.158], [89.7466, 26.1581], [89.746, 26.1584], [89.7458, 26.1585], [89.7453, 26.1588], [89.7445, 26.159], [89.7439, 26.1592], [89.7436, 26.1593], [89.7433, 26.1593], [89.7431, 26.1593], [89.7426, 26.1593], [89.7425, 26.1593], [89.7423, 26.1592], [89.742, 26.1591], [89.7417, 26.1591], [89.7412, 26.159], [89.7411, 26.159], [89.7408, 26.1589], [89.7407, 26.1589], [89.7398, 26.1587], [89.7394, 26.1586], [89.7393, 26.1584], [89.7391, 26.1587], [89.7389, 26.1591], [89.7383, 26.1591], [89.7379, 26.1587], [89.7378, 26.1585], [89.7376, 26.1583], [89.7375, 26.1582], [89.7373, 26.1582], [89.737, 26.1582], [89.7369, 26.1582], [89.7365, 26.1582], [89.7362, 26.1586], [89.7357, 26.1586], [89.7352, 26.1587], [89.7349, 26.1581], [89.7346, 26.1577], [89.7341, 26.1579], [89.7337, 26.158], [89.7334, 26.158], [89.733, 26.1581], [89.7329, 26.1581], [89.7326, 26.1582], [89.7324, 26.1582], [89.732, 26.1583], [89.7318, 26.1583], [89.7315, 26.1582], [89.7314, 26.1582], [89.731, 26.1582], [89.7306, 26.1582], [89.7304, 26.1582], [89.73, 26.1581], [89.7297, 26.1581], [89.7293, 26.158], [89.7291, 26.158], [89.7286, 26.1579], [89.7281, 26.1577], [89.7277, 26.1576], [89.7273, 26.1575], [89.7269, 26.1575], [89.7266, 26.1574], [89.7261, 26.1574], [89.7257, 26.1573], [89.7255, 26.1573], [89.7251, 26.1572], [89.7249, 26.1572], [89.7246, 26.1571], [89.7243, 26.157], [89.724, 26.1569], [89.7237, 26.1567], [89.7232, 26.1564], [89.7228, 26.1562], [89.7225, 26.156], [89.7223, 26.1565], [89.722, 26.1563], [89.7218, 26.1561], [89.7213, 26.1562], [89.721, 26.1562], [89.7205, 26.1563], [89.7205, 26.1571], [89.7206, 26.1578], [89.7206, 26.158], [89.7206, 26.1582], [89.7206, 26.1585], [89.7206, 26.1588], [89.7206, 26.1589], [89.7206, 26.1591], [89.7206, 26.1592], [89.7204, 26.1601], [89.7204, 26.1603], [89.7204, 26.1605], [89.7203, 26.161], [89.7201, 26.1619], [89.72, 26.1622], [89.7199, 26.1625], [89.7197, 26.1631], [89.7196, 26.1635], [89.7195, 26.1637], [89.7194, 26.1643], [89.7193, 26.1648], [89.7193, 26.1652], [89.7193, 26.1654], [89.7193, 26.1656], [89.7193, 26.1659], [89.7194, 26.1663], [89.7185, 26.1659], [89.7179, 26.1656], [89.7175, 26.1655], [89.7171, 26.1653], [89.717, 26.1654], [89.7174, 26.1656], [89.7178, 26.1657], [89.7184, 26.166], [89.7193, 26.1664], [89.7202, 26.1668], [89.7207, 26.167], [89.7215, 26.1673], [89.7218, 26.1675], [89.7227, 26.1675], [89.7239, 26.1676], [89.725, 26.1675], [89.7258, 26.1673], [89.7267, 26.1673], [89.7276, 26.1673], [89.7283, 26.1676], [89.7289, 26.1679], [89.7289, 26.1689], [89.7289, 26.1694], [89.7288, 26.17], [89.7283, 26.1707], [89.7282, 26.1709], [89.729, 26.1708], [89.7303, 26.171], [89.7309, 26.1711], [89.732, 26.1704], [89.7335, 26.1701], [89.7338, 26.17], [89.7354, 26.1691], [89.7368, 26.1685], [89.7392, 26.1684], [89.7409, 26.1683], [89.7416, 26.1671], [89.742, 26.1653], [89.742, 26.1645], [89.7424, 26.1636], [89.7428, 26.1632], [89.7441, 26.1629], [89.7443, 26.1628], [89.7456, 26.1627], [89.7463, 26.1625], [89.7467, 26.1783], [89.7468, 26.183], [89.7472, 26.1831], [89.7486, 26.1834], [89.75, 26.1838], [89.7512, 26.1845], [89.7517, 26.1854], [89.752, 26.1871], [89.752, 26.1889], [89.752, 26.1897], [89.7529, 26.1904], [89.7539, 26.1905], [89.7553, 26.1901], [89.7561, 26.1881], [89.7565, 26.1877], [89.7569, 26.1872], [89.758, 26.1859], [89.7599, 26.1852], [89.7624, 26.1843], [89.7623, 26.1828], [89.7622, 26.1803], [89.7624, 26.1792], [89.7626, 26.1776], [89.7628, 26.1765], [89.7628, 26.1764], [89.7627, 26.1746], [89.7627, 26.1736], [89.7598, 26.1721], [89.7579, 26.171], [89.7544, 26.1685], [89.754, 26.1674], [89.7549, 26.1656], [89.7562, 26.1647], [89.7599, 26.1632], [89.7644, 26.1632], [89.7693, 26.1629], [89.7707, 26.1628]]]}, "properties": {"OBJECTID": 114995, "gpcode": "106094", "gpname": "SATRASAL", "stname": "ASSAM", "dtname": "Dhubri", "sdtname": "Agamoni", "stcode11": "18", "dtcode11": "301", "sdtcode11": "02006", "blklgdcode": "2549", "blkname": "AGOMANI", "dt_lgd": 285, "sdt_lgd": 2006, "st_lgd": 18, "vilcode11": 0, "vilname11": "", "pan_local": "AGOMONI", "b_pan_code": 2949, "b_pan_name": "AGOMANI", "d_pan_code": 248, "d_pan_name": "DHUBRI", "gp_code": "106094", "gp_name": "SATRASAL", "st_2011": "18", "dt_2011": "301", "sdt_2011": "02006", "subdtname": "Agamoni", "block_name": "AGOMANI", "blk_lgdcod": "2549", "dtcode14": "301", "SHAPE_Length": 33381.63406809599, "SHAPE_Area": 17513542.231532235}}, {"type": "Feature", "geometry": {"type": "Polygon", "coordinates": [[[89.7774, 26.2225], [89.7776, 26.2219], [89.777, 26.2207], [89.777, 26.2202], [89.7771, 26.2194], [89.7772, 26.2177], [89.7773, 26.2158], [89.778, 26.2144], [89.7783, 26.2128], [89.7784, 26.2128], [89.7774, 26.2118], [89.7785, 26.2106], [89.7794, 26.2092], [89.7796, 26.207], [89.7798, 26.204], [89.7791, 26.2025], [89.7782, 26.2004], [89.7792, 26.2006], [89.7807, 26.2002], [89.7842, 26.1993], [89.7866, 26.1987], [89.7887, 26.1982], [89.789, 26.1981], [89.7905, 26.1974], [89.7913, 26.1966], [89.7917, 26.1954], [89.7919, 26.1942], [89.7918, 26.1928], [89.7922, 26.1913], [89.7916, 26.1884], [89.7914, 26.1872], [89.7914, 26.1855], [89.7914, 26.1852], [89.7909, 26.1837], [89.7906, 26.1824], [89.7892, 26.1814], [89.7871, 26.1807], [89.786, 26.1813], [89.7847, 26.1814], [89.7829, 26.1803], [89.7818, 26.1802], [89.7811, 26.181], [89.7808, 26.1832], [89.78, 26.1844], [89.7793, 26.185], [89.7788, 26.1866], [89.7775, 26.1881], [89.7757, 26.1883], [89.7736, 26.1886], [89.7727, 26.1881], [89.7735, 26.186], [89.7737, 26.1844], [89.7729, 26.1809], [89.7713, 26.1783], [89.7703, 26.1768], [89.7702, 26.1766], [89.7686, 26.1763], [89.7657, 26.1762], [89.7628, 26.1765], [89.7626, 26.1776], [89.7624, 26.1792], [89.7622, 26.1803], [89.7623, 26.1828], [89.7624, 26.1843], [89.7633, 26.1842], [89.7657, 26.186], [89.7672, 26.1866], [89.7673, 26.187], [89.7678, 26.1886], [89.7667, 26.1892], [89.7656, 26.19], [89.7629, 26.1902], [89.7606, 26.1904], [89.7573, 26.1904], [89.7564, 26.1905], [89.7562, 26.1909], [89.7557, 26.1915], [89.7569, 26.1923], [89.7574, 26.1934], [89.7573, 26.1941], [89.7574, 26.1948], [89.7578, 26.1962], [89.7586, 26.197], [89.7599, 26.1985], [89.7616, 26.1994], [89.7638, 26.1999], [89.7663, 26.2005], [89.7687, 26.2003], [89.7687, 26.2004], [89.769, 26.2007], [89.7687, 26.2015], [89.7675, 26.2028], [89.7673, 26.2037], [89.7668, 26.2063], [89.7664, 26.2084], [89.7662, 26.2096], [89.7658, 26.2114], [89.7672, 26.2128], [89.7691, 26.2141], [89.7709, 26.2166], [89.771, 26.218], [89.7702, 26.2198], [89.7678, 26.2223], [89.7694, 26.2222], [89.7718, 26.2229], [89.7755, 26.2231], [89.7768, 26.2227], [89.7774, 26.2225]]]}, "properties": {"OBJECTID": 114996, "gpcode": "106095", "gpname": "SHERNAGAR", "stname": "ASSAM", "dtname": "Dhubri", "sdtname": "Agamoni", "stcode11": "18", "dtcode11": "301", "sdtcode11": "02006", "blklgdcode": "2549", "blkname": "AGOMANI", "dt_lgd": 285, "sdt_lgd": 2006, "st_lgd": 18, "vilcode11": 0, "vilname11": "", "pan_local": "AGOMONI", "b_pan_code": 2949, "b_pan_name": "AGOMANI", "d_pan_code": 248, "d_pan_name": "DHUBRI", "gp_code": "106095", "gp_name": "SHERNAGAR", "st_2011": "18", "dt_2011": "301", "sdt_2011": "02006", "subdtname": "Agamoni", "block_name": "AGOMANI", "blk_lgdcod": "2549", "dtcode14": "301", "SHAPE_Length": 21081.675670061017, "SHAPE_Area": 10859193.317412395}}, {"type": "Feature", "geometry": {"type": "Polygon", "coordinates": [[[89.7811, 26.181], [89.7818, 26.1802], [89.7829, 26.1803], [89.7847, 26.1814], [89.786, 26.1813], [89.7871, 26.1807], [89.7892, 26.1814], [89.7906, 26.1824], [89.7909, 26.1837], [89.7914, 26.1852], [89.7914, 26.1855], [89.7943, 26.1853], [89.7933, 26.1809], [89.7949, 26.1773], [89.7967, 26.1752], [89.7974, 26.1723], [89.7994, 26.1685], [89.8005, 26.1673], [89.8024, 26.1664], [89.8054, 26.1636], [89.807, 26.162], [89.8069, 26.162], [89.806, 26.1607], [89.8059, 26.1606], [89.8048, 26.1571], [89.8035, 26.1549], [89.8011, 26.1545], [89.7985, 26.1546], [89.7965, 26.1531], [89.7963, 26.1514], [89.797, 26.1502], [89.7961, 26.1484], [89.7949, 26.1476], [89.7944, 26.1472], [89.7916, 26.147], [89.7914, 26.1487], [89.7913, 26.1507], [89.7903, 26.1521], [89.7858, 26.1514], [89.78, 26.1509], [89.7782, 26.151], [89.7787, 26.1514], [89.7806, 26.1523], [89.7815, 26.1533], [89.7814, 26.1541], [89.7803, 26.1546], [89.7788, 26.1554], [89.7787, 26.1564], [89.7792, 26.1578], [89.7812, 26.1592], [89.7806, 26.1599], [89.78, 26.1606], [89.7784, 26.1609], [89.7769, 26.1604], [89.7748, 26.1585], [89.7739, 26.1586], [89.7722, 26.1588], [89.7718, 26.1603], [89.7723, 26.1615], [89.7707, 26.1628], [89.7693, 26.1629], [89.7644, 26.1632], [89.7599, 26.1632], [89.7562, 26.1647], [89.7549, 26.1656], [89.754, 26.1674], [89.7544, 26.1685], [89.7579, 26.171], [89.7598, 26.1721], [89.7627, 26.1736], [89.7627, 26.1746], [89.7628, 26.1764], [89.7628, 26.1765], [89.7657, 26.1762], [89.7686, 26.1763], [89.7702, 26.1766], [89.7703, 26.1768], [89.7713, 26.1783], [89.7729, 26.1809], [89.7737, 26.1844], [89.7735, 26.186], [89.7727, 26.1881], [89.7736, 26.1886], [89.7757, 26.1883], [89.7775, 26.1881], [89.7788, 26.1866], [89.7793, 26.185], [89.78, 26.1844], [89.7808, 26.1832], [89.7811, 26.181]]]}, "properties": {"OBJECTID": 114997, "gpcode": "106096", "gpname": "SINDURAI", "stname": "ASSAM", "dtname": "Dhubri", "sdtname": "Agamoni", "stcode11": "18", "dtcode11": "301", "sdtcode11": "02006", "blklgdcode": "2549", "blkname": "AGOMANI", "dt_lgd": 285, "sdt_lgd": 2006, "st_lgd": 18, "vilcode11": 0, "vilname11": "", "pan_local": "AGOMONI", "b_pan_code": 2949, "b_pan_name": "AGOMANI", "d_pan_code": 248, "d_pan_name": "DHUBRI", "gp_code": "106096", "gp_name": "SINDURAI", "st_2011": "18", "dt_2011": "301", "sdt_2011": "02006", "subdtname": "Agamoni", "block_name": "AGOMANI", "blk_lgdcod": "2549", "dtcode14": "301", "SHAPE_Length": 21328.140774708576, "SHAPE_Area": 14286496.290348463}}, {"type": "Feature", "geometry": {"type": "Polygon", "coordinates": [[[89.8036, 26.2776], [89.8035, 26.2767], [89.804, 26.2755], [89.8052, 26.2736], [89.8056, 26.2731], [89.8058, 26.272], [89.8054, 26.2702], [89.8048, 26.2689], [89.8044, 26.2671], [89.8046, 26.2659], [89.8051, 26.2652], [89.8059, 26.2641], [89.8088, 26.2641], [89.8096, 26.2652], [89.8112, 26.2654], [89.8138, 26.2653], [89.8148, 26.2637], [89.8143, 26.2614], [89.8132, 26.2605], [89.8131, 26.2605], [89.8133, 26.2592], [89.814, 26.2575], [89.8149, 26.2552], [89.8149, 26.2534], [89.8131, 26.2536], [89.8118, 26.2542], [89.8098, 26.2543], [89.8087, 26.2544], [89.8077, 26.2542], [89.8076, 26.2541], [89.8073, 26.2536], [89.8066, 26.2527], [89.806, 26.2518], [89.8051, 26.2507], [89.8049, 26.2505], [89.8028, 26.2491], [89.801, 26.2485], [89.7986, 26.2471], [89.7966, 26.2461], [89.7933, 26.2433], [89.7917, 26.2412], [89.7894, 26.2381], [89.7883, 26.2375], [89.7884, 26.2348], [89.7887, 26.2328], [89.7892, 26.2319], [89.79, 26.2302], [89.7913, 26.2284], [89.7921, 26.2279], [89.7922, 26.2278], [89.7937, 26.2275], [89.7948, 26.2275], [89.7958, 26.2272], [89.796, 26.2261], [89.7958, 26.2248], [89.7957, 26.224], [89.7963, 26.2225], [89.7967, 26.2217], [89.7959, 26.2216], [89.7947, 26.221], [89.7932, 26.2213], [89.7917, 26.2215], [89.7893, 26.2211], [89.7878, 26.2199], [89.7863, 26.2187], [89.7852, 26.2188], [89.7846, 26.2193], [89.783, 26.2206], [89.7822, 26.2223], [89.7813, 26.2224], [89.7813, 26.2237], [89.7813, 26.2274], [89.7814, 26.2311], [89.7824, 26.2326], [89.782, 26.2344], [89.7822, 26.2372], [89.7825, 26.2382], [89.7831, 26.2385], [89.7852, 26.2387], [89.7867, 26.2387], [89.7847, 26.2402], [89.7806, 26.2468], [89.7801, 26.2474], [89.7801, 26.2476], [89.7813, 26.2488], [89.7815, 26.2491], [89.7819, 26.2499], [89.782, 26.2505], [89.782, 26.2507], [89.7818, 26.2542], [89.782, 26.255], [89.7812, 26.2552], [89.7801, 26.2548], [89.779, 26.254], [89.7776, 26.2524], [89.7775, 26.2524], [89.7764, 26.2523], [89.7756, 26.2535], [89.7751, 26.2544], [89.7741, 26.2539], [89.774, 26.2526], [89.7726, 26.2527], [89.7717, 26.2538], [89.7708, 26.2549], [89.7696, 26.2565], [89.768, 26.2574], [89.7677, 26.2578], [89.7677, 26.259], [89.767, 26.2597], [89.7654, 26.2607], [89.7645, 26.2612], [89.7674, 26.2618], [89.7696, 26.2622], [89.7708, 26.2624], [89.7727, 26.2621], [89.7754, 26.2622], [89.7781, 26.2623], [89.7809, 26.2624], [89.7815, 26.2635], [89.7816, 26.2662], [89.7816, 26.2663], [89.7816, 26.2664], [89.7813, 26.2703], [89.781, 26.2732], [89.7801, 26.2765], [89.7839, 26.2768], [89.7877, 26.2771], [89.7902, 26.2773], [89.7921, 26.2775], [89.7936, 26.2782], [89.7945, 26.2775], [89.7953, 26.2773], [89.7987, 26.2776], [89.799, 26.2776], [89.8018, 26.2781], [89.8036, 26.2785], [89.8036, 26.2776]]]}, "properties": {"OBJECTID": 114998, "gpcode": "106097", "gpname": "SONAKHULI", "stname": "ASSAM", "dtname": "Dhubri", "sdtname": "Agamoni", "stcode11": "18", "dtcode11": "301", "sdtcode11": "02006", "blklgdcode": "2549", "blkname": "AGOMANI", "dt_lgd": 285, "sdt_lgd": 2006, "st_lgd": 18, "vilcode11": 0, "vilname11": "", "pan_local": "AGOMONI", "b_pan_code": 2949, "b_pan_name": "AGOMANI", "d_pan_code": 248, "d_pan_name": "DHUBRI", "gp_code": "106097", "gp_name": "SONAKHULI", "st_2011": "18", "dt_2011": "301", "sdt_2011": "02006", "subdtname": "Agamoni", "block_name": "AGOMANI", "blk_lgdcod": "2549", "dtcode14": "301", "SHAPE_Length": 27008.427294504756, "SHAPE_Area": 16464004.237836473}}, {"type": "Feature", "geometry": {"type": "Polygon", "coordinates": [[[90.2293, 26.27], [90.2302, 26.2689], [90.2307, 26.2681], [90.2317, 26.2667], [90.2325, 26.2652], [90.2327, 26.2649], [90.2336, 26.2629], [90.2336, 26.2615], [90.2326, 26.2594], [90.2317, 26.2578], [90.2313, 26.2573], [90.2297, 26.2552], [90.2285, 26.2532], [90.2271, 26.2511], [90.2276, 26.2508], [90.2277, 26.2507], [90.228, 26.2505], [90.2282, 26.2475], [90.2282, 26.2461], [90.2295, 26.2456], [90.2308, 26.2452], [90.2327, 26.2452], [90.2332, 26.2463], [90.2336, 26.2474], [90.2347, 26.25], [90.2349, 26.2505], [90.2354, 26.2529], [90.2369, 26.2533], [90.2381, 26.2538], [90.2402, 26.254], [90.2421, 26.2544], [90.2423, 26.2544], [90.2425, 26.2543], [90.2435, 26.2536], [90.2443, 26.2526], [90.2444, 26.2523], [90.2445, 26.252], [90.2441, 26.251], [90.2426, 26.2505], [90.2417, 26.2495], [90.2417, 26.2493], [90.2409, 26.2473], [90.2402, 26.2454], [90.2402, 26.2427], [90.2407, 26.2406], [90.2403, 26.2399], [90.2393, 26.2375], [90.2397, 26.2369], [90.241, 26.2364], [90.243, 26.2373], [90.2437, 26.2367], [90.2441, 26.2359], [90.2443, 26.2354], [90.2444, 26.235], [90.2433, 26.2347], [90.2424, 26.2344], [90.2396, 26.2329], [90.2383, 26.2313], [90.2379, 26.2312], [90.2366, 26.231], [90.2353, 26.2298], [90.2329, 26.2285], [90.2301, 26.227], [90.2275, 26.2261], [90.2266, 26.2247], [90.2268, 26.2242], [90.2273, 26.2235], [90.2266, 26.2212], [90.2265, 26.2209], [90.2264, 26.2205], [90.2264, 26.2198], [90.2241, 26.2191], [90.2144, 26.2181], [90.2104, 26.2177], [90.2103, 26.2177], [90.2103, 26.2175], [90.2107, 26.215], [90.2096, 26.2131], [90.2046, 26.2106], [90.2041, 26.2103], [90.2042, 26.2102], [90.201, 26.2087], [90.2005, 26.2085], [90.1987, 26.2116], [90.1977, 26.2132], [90.1998, 26.2141], [90.2016, 26.2141], [90.2033, 26.2147], [90.2064, 26.2159], [90.2067, 26.2178], [90.2062, 26.2184], [90.2048, 26.2191], [90.2035, 26.2197], [90.2021, 26.2204], [90.2023, 26.2227], [90.203, 26.2228], [90.2046, 26.2232], [90.208, 26.2248], [90.2102, 26.2254], [90.2127, 26.2256], [90.2107, 26.2281], [90.2086, 26.2303], [90.2083, 26.2339], [90.2076, 26.2352], [90.2064, 26.2372], [90.2063, 26.2388], [90.206, 26.241], [90.2056, 26.2426], [90.2056, 26.2431], [90.2044, 26.2463], [90.203, 26.2454], [90.1992, 26.2447], [90.1971, 26.2451], [90.1968, 26.2462], [90.196, 26.2503], [90.1959, 26.2505], [90.199, 26.2512], [90.2006, 26.2526], [90.2015, 26.2533], [90.2015, 26.2534], [90.2067, 26.2552], [90.2071, 26.2556], [90.2079, 26.2558], [90.2088, 26.2559], [90.2109, 26.2555], [90.2115, 26.2554], [90.21, 26.2576], [90.2059, 26.2618], [90.2059, 26.2623], [90.206, 26.2632], [90.208, 26.2638], [90.2096, 26.2648], [90.2108, 26.2657], [90.2115, 26.2666], [90.2124, 26.2675], [90.2128, 26.2663], [90.2138, 26.2653], [90.2152, 26.2647], [90.2161, 26.2638], [90.2175, 26.2627], [90.2188, 26.2616], [90.22, 26.2604], [90.2221, 26.2618], [90.2233, 26.2633], [90.2242, 26.2657], [90.2243, 26.268], [90.224, 26.2703], [90.2255, 26.27], [90.2269, 26.2704], [90.2276, 26.2709], [90.2277, 26.2709], [90.2288, 26.2706], [90.2291, 26.2703], [90.2293, 26.27]]]}, "properties": {"OBJECTID": 114999, "gpcode": "106098", "gpname": "ANANDANAGAR BANGALIPARA", "stname": "ASSAM", "dtname": "Dhubri", "sdtname": "Bilasipara Pt", "stcode11": "18", "dtcode11": "301", "sdtcode11": "02009", "blklgdcode": "2550", "blkname": "BILASIPARA", "dt_lgd": 285, "sdt_lgd": 6018, "st_lgd": 18, "vilcode11": 0, "vilname11": "", "pan_local": "BILASIPARA", "b_pan_code": 2950, "b_pan_name": "BILASIPARA", "d_pan_code": 248, "d_pan_name": "DHUBRI", "gp_code": "106098", "gp_name": "ANANDANAGAR BANGALIPARA", "st_2011": "18", "dt_2011": "301", "sdt_2011": "02009", "subdtname": "Bilasipara Pt", "block_name": "BILASIPARA", "blk_lgdcod": "2550", "dtcode14": "301", "SHAPE_Length": 31330.011605367723, "SHAPE_Area": 19848989.41957746}}, {"type": "Feature", "geometry": {"type": "Polygon", "coordinates": [[[90.2217, 26.2848], [90.2252, 26.2847], [90.228, 26.2849], [90.2282, 26.2849], [90.2287, 26.2849], [90.2297, 26.2843], [90.2311, 26.2825], [90.2316, 26.2818], [90.2306, 26.2812], [90.2298, 26.2802], [90.2288, 26.2783], [90.2283, 26.2758], [90.2286, 26.2742], [90.2284, 26.2725], [90.2282, 26.2717], [90.2277, 26.2709], [90.2276, 26.2709], [90.2269, 26.2704], [90.2255, 26.27], [90.224, 26.2703], [90.2243, 26.268], [90.2242, 26.2657], [90.2233, 26.2633], [90.2221, 26.2618], [90.22, 26.2604], [90.2188, 26.2616], [90.2175, 26.2627], [90.2161, 26.2638], [90.2152, 26.2647], [90.2138, 26.2653], [90.2128, 26.2663], [90.2124, 26.2675], [90.2115, 26.2666], [90.2108, 26.2657], [90.2096, 26.2648], [90.208, 26.2638], [90.206, 26.2632], [90.2059, 26.2623], [90.2059, 26.2618], [90.21, 26.2576], [90.2115, 26.2554], [90.2109, 26.2555], [90.2088, 26.2559], [90.2079, 26.2558], [90.2071, 26.2556], [90.2067, 26.2552], [90.2015, 26.2534], [90.2013, 26.2548], [90.2006, 26.2556], [90.2003, 26.2572], [90.199, 26.2571], [90.1973, 26.2565], [90.1955, 26.2557], [90.1944, 26.2551], [90.1933, 26.2545], [90.1922, 26.2542], [90.1911, 26.2541], [90.1901, 26.2539], [90.1893, 26.2535], [90.1877, 26.2531], [90.1877, 26.2535], [90.1876, 26.2557], [90.1873, 26.2568], [90.1862, 26.2586], [90.185, 26.26], [90.1847, 26.2607], [90.1848, 26.2607], [90.1851, 26.2619], [90.1852, 26.2635], [90.1854, 26.2637], [90.1855, 26.2649], [90.1848, 26.2664], [90.1845, 26.2672], [90.1837, 26.2689], [90.1829, 26.27], [90.1822, 26.2711], [90.1817, 26.2718], [90.1853, 26.2722], [90.1857, 26.2723], [90.1891, 26.2726], [90.1905, 26.2728], [90.1933, 26.273], [90.195, 26.2731], [90.1971, 26.2733], [90.1987, 26.2735], [90.2021, 26.2742], [90.2049, 26.2748], [90.2069, 26.2754], [90.2087, 26.2758], [90.2098, 26.2764], [90.2094, 26.2773], [90.2093, 26.2778], [90.2088, 26.2794], [90.2085, 26.2824], [90.2084, 26.2831], [90.2105, 26.284], [90.2116, 26.2854], [90.2118, 26.2872], [90.2122, 26.2887], [90.2127, 26.2898], [90.2123, 26.2913], [90.2117, 26.2931], [90.2113, 26.2948], [90.2109, 26.2968], [90.2107, 26.2984], [90.2121, 26.2982], [90.2142, 26.2974], [90.2166, 26.2968], [90.2183, 26.2963], [90.2181, 26.2943], [90.2172, 26.2926], [90.2162, 26.2912], [90.2145, 26.2905], [90.2152, 26.2903], [90.2166, 26.2893], [90.2183, 26.2878], [90.2193, 26.2864], [90.2201, 26.2852], [90.2217, 26.2848]]]}, "properties": {"OBJECTID": 115000, "gpcode": "106099", "gpname": "BAGHMARI", "stname": "ASSAM", "dtname": "Dhubri", "sdtname": "Bilasipara Pt", "stcode11": "18", "dtcode11": "301", "sdtcode11": "02009", "blklgdcode": "2550", "blkname": "BILASIPARA", "dt_lgd": 285, "sdt_lgd": 6018, "st_lgd": 18, "vilcode11": 0, "vilname11": "", "pan_local": "BILASIPARA", "b_pan_code": 2950, "b_pan_name": "BILASIPARA", "d_pan_code": 248, "d_pan_name": "DHUBRI", "gp_code": "106099", "gp_name": "BAGHMARI", "st_2011": "18", "dt_2011": "301", "sdt_2011": "02009", "subdtname": "Bilasipara Pt", "block_name": "BILASIPARA", "blk_lgdcod": "2550", "dtcode14": "301", "SHAPE_Length": 22779.648971789407, "SHAPE_Area": 12524568.02539499}}, {"type": "Feature", "geometry": {"type": "Polygon", "coordinates": [[[90.2333, 26.1971], [90.2348, 26.1968], [90.2369, 26.1969], [90.2367, 26.1948], [90.2377, 26.1904], [90.2394, 26.1859], [90.24, 26.1798], [90.2401, 26.1798], [90.2404, 26.1758], [90.2413, 26.1724], [90.2417, 26.1691], [90.2412, 26.169], [90.2401, 26.1689], [90.2356, 26.17], [90.2355, 26.1699], [90.2338, 26.1733], [90.2318, 26.1751], [90.2301, 26.1765], [90.2273, 26.1788], [90.2245, 26.1815], [90.224, 26.1847], [90.2237, 26.1858], [90.2229, 26.188], [90.224, 26.1907], [90.2244, 26.1906], [90.226, 26.1907], [90.2275, 26.1924], [90.2289, 26.1941], [90.2313, 26.1955], [90.2333, 26.1971]]]}, "properties": {"OBJECTID": 115001, "gpcode": "106100", "gpname": "BAHIRSUAPATA", "stname": "ASSAM", "dtname": "Dhubri", "sdtname": "Bilasipara Pt", "stcode11": "18", "dtcode11": "301", "sdtcode11": "02009", "blklgdcode": "2550", "blkname": "BILASIPARA", "dt_lgd": 285, "sdt_lgd": 6018, "st_lgd": 18, "vilcode11": 0, "vilname11": "", "pan_local": "BILASIPARA", "b_pan_code": 2950, "b_pan_name": "BILASIPARA", "d_pan_code": 248, "d_pan_name": "DHUBRI", "gp_code": "106100", "gp_name": "BAHIRSUAPATA", "st_2011": "18", "dt_2011": "301", "sdt_2011": "02009", "subdtname": "Bilasipara Pt", "block_name": "BILASIPARA", "blk_lgdcod": "2550", "dtcode14": "301", "SHAPE_Length": 9114.617028695551, "SHAPE_Area": 4258147.309003579}}, {"type": "Feature", "geometry": {"type": "Polygon", "coordinates": [[[90.2821, 26.2111], [90.2839, 26.208], [90.2848, 26.207], [90.2854, 26.206], [90.286, 26.2054], [90.2879, 26.204], [90.2885, 26.2037], [90.2886, 26.2036], [90.2929, 26.2016], [90.2955, 26.2004], [90.2956, 26.2003], [90.2958, 26.2004], [90.2972, 26.1989], [90.2983, 26.1981], [90.2984, 26.1981], [90.3, 26.1974], [90.3012, 26.1967], [90.3034, 26.1958], [90.3066, 26.1944], [90.309, 26.1934], [90.3091, 26.1933], [90.31, 26.1928], [90.3078, 26.1929], [90.3048, 26.1927], [90.3039, 26.1923], [90.3019, 26.1914], [90.3005, 26.1908], [90.3004, 26.1908], [90.2997, 26.1905], [90.2985, 26.1902], [90.294, 26.1889], [90.2918, 26.1883], [90.2911, 26.1879], [90.2907, 26.1877], [90.2891, 26.1872], [90.2875, 26.1875], [90.2866, 26.1876], [90.2846, 26.1876], [90.2829, 26.1873], [90.2816, 26.1866], [90.2802, 26.1866], [90.2785, 26.1871], [90.2772, 26.1873], [90.2765, 26.1869], [90.2756, 26.1861], [90.2745, 26.1852], [90.2742, 26.1852], [90.2742, 26.1851], [90.2727, 26.1848], [90.2713, 26.1844], [90.2713, 26.1841], [90.2709, 26.1843], [90.2691, 26.185], [90.2683, 26.1852], [90.2668, 26.1846], [90.2645, 26.1837], [90.2642, 26.1836], [90.2626, 26.1844], [90.2617, 26.1855], [90.2604, 26.1873], [90.2603, 26.1903], [90.2592, 26.1937], [90.2564, 26.1989], [90.2539, 26.2027], [90.2531, 26.2039], [90.251, 26.2058], [90.2545, 26.2078], [90.2564, 26.2097], [90.2588, 26.2089], [90.2633, 26.209], [90.2657, 26.2091], [90.2702, 26.2105], [90.2727, 26.2107], [90.2751, 26.2109], [90.2763, 26.2106], [90.2794, 26.2128], [90.2797, 26.2128], [90.2799, 26.2129], [90.2809, 26.2128], [90.2821, 26.2111]]]}, "properties": {"OBJECTID": 115002, "gpcode": "106100", "gpname": "BAHIRSUAPATA", "stname": "ASSAM", "dtname": "Dhubri", "sdtname": "Bilasipara Pt", "stcode11": "18", "dtcode11": "301", "sdtcode11": "02009", "blklgdcode": "2550", "blkname": "BILASIPARA", "dt_lgd": 285, "sdt_lgd": 6018, "st_lgd": 18, "vilcode11": 0, "vilname11": "", "pan_local": "BILASIPARA", "b_pan_code": 2950, "b_pan_name": "BILASIPARA", "d_pan_code": 248, "d_pan_name": "DHUBRI", "gp_code": "106100", "gp_name": "BAHIRSUAPATA", "st_2011": "18", "dt_2011": "301", "sdt_2011": "02009", "subdtname": "Bilasipara Pt", "block_name": "BILASIPARA", "blk_lgdcod": "2550", "dtcode14": "301", "SHAPE_Length": 16574.121355843945, "SHAPE_Area": 12622982.945519634}}, {"type": "Feature", "geometry": {"type": "Polygon", "coordinates": [[[90.2198, 26.3367], [90.2196, 26.3365], [90.2167, 26.3324], [90.2161, 26.3306], [90.2164, 26.329], [90.2169, 26.3281], [90.217, 26.3281], [90.2174, 26.3279], [90.2176, 26.3277], [90.2178, 26.3276], [90.2184, 26.3272], [90.2187, 26.3273], [90.219, 26.3273], [90.2192, 26.3274], [90.2196, 26.3275], [90.2207, 26.3283], [90.2213, 26.3287], [90.2236, 26.3318], [90.2257, 26.3337], [90.2262, 26.3338], [90.2271, 26.3341], [90.2273, 26.3342], [90.2274, 26.3341], [90.2281, 26.334], [90.2284, 26.334], [90.23, 26.3337], [90.2309, 26.3329], [90.2316, 26.3322], [90.2317, 26.332], [90.232, 26.3312], [90.2328, 26.3295], [90.2328, 26.3294], [90.233, 26.3279], [90.233, 26.3278], [90.233, 26.3276], [90.233, 26.3275], [90.2331, 26.3274], [90.2333, 26.3273], [90.2337, 26.327], [90.2338, 26.3269], [90.2338, 26.3268], [90.2339, 26.3268], [90.234, 26.3267], [90.2341, 26.3266], [90.2347, 26.3262], [90.235, 26.3259], [90.2351, 26.3234], [90.2354, 26.3215], [90.2361, 26.319], [90.2373, 26.3155], [90.2381, 26.3141], [90.2385, 26.3132], [90.2392, 26.3113], [90.2394, 26.3099], [90.2392, 26.3088], [90.238, 26.3083], [90.236, 26.308], [90.2356, 26.308], [90.232, 26.3079], [90.2319, 26.3081], [90.2319, 26.3084], [90.2309, 26.3134], [90.23, 26.316], [90.2278, 26.3149], [90.2247, 26.3135], [90.2214, 26.3124], [90.2154, 26.311], [90.2109, 26.3114], [90.2068, 26.313], [90.2068, 26.3131], [90.2068, 26.3144], [90.2063, 26.3156], [90.2063, 26.3174], [90.2079, 26.3181], [90.2097, 26.3194], [90.2121, 26.3211], [90.2108, 26.3224], [90.2099, 26.3238], [90.2091, 26.3254], [90.2084, 26.3272], [90.208, 26.3292], [90.2079, 26.3311], [90.2078, 26.3321], [90.2075, 26.3333], [90.2076, 26.3334], [90.2084, 26.3342], [90.2091, 26.3347], [90.2097, 26.3348], [90.2108, 26.335], [90.2115, 26.3351], [90.2125, 26.3347], [90.2144, 26.3345], [90.2162, 26.335], [90.2198, 26.3367]]]}, "properties": {"OBJECTID": 115003, "gpcode": "106101", "gpname": "FUTKIBARI", "stname": "ASSAM", "dtname": "Dhubri", "sdtname": "Bilasipara Pt", "stcode11": "18", "dtcode11": "301", "sdtcode11": "02009", "blklgdcode": "2550", "blkname": "BILASIPARA", "dt_lgd": 285, "sdt_lgd": 6018, "st_lgd": 18, "vilcode11": 0, "vilname11": "", "pan_local": "BILASIPARA", "b_pan_code": 2950, "b_pan_name": "BILASIPARA", "d_pan_code": 248, "d_pan_name": "DHUBRI", "gp_code": "106101", "gp_name": "FUTKIBARI", "st_2011": "18", "dt_2011": "301", "sdt_2011": "02009", "subdtname": "Bilasipara Pt", "block_name": "BILASIPARA", "blk_lgdcod": "2550", "dtcode14": "301", "SHAPE_Length": 15531.43662189647, "SHAPE_Area": 7826837.922089931}}, {"type": "Feature", "geometry": {"type": "Polygon", "coordinates": [[[90.2198, 26.3367], [90.22, 26.3396], [90.2182, 26.3418], [90.2166, 26.3435], [90.2157, 26.3441], [90.2145, 26.3447], [90.2139, 26.3449], [90.214, 26.3476], [90.2143, 26.3489], [90.2141, 26.3498], [90.2137, 26.3507], [90.2148, 26.351], [90.2149, 26.3509], [90.2153, 26.3499], [90.2164, 26.3489], [90.218, 26.3485], [90.2219, 26.35], [90.2251, 26.3517], [90.2251, 26.3515], [90.2251, 26.3514], [90.2251, 26.3509], [90.2251, 26.3491], [90.2252, 26.3486], [90.2252, 26.3461], [90.2251, 26.3443], [90.2251, 26.3441], [90.225, 26.3435], [90.2249, 26.3434], [90.2249, 26.3431], [90.2249, 26.3429], [90.2248, 26.3425], [90.2245, 26.3419], [90.2243, 26.3413], [90.2236, 26.3407], [90.2228, 26.3399], [90.2198, 26.3367]]]}, "properties": {"OBJECTID": 115004, "gpcode": "106101", "gpname": "FUTKIBARI", "stname": "ASSAM", "dtname": "Dhubri", "sdtname": "Bilasipara Pt", "stcode11": "18", "dtcode11": "301", "sdtcode11": "02009", "blklgdcode": "2550", "blkname": "BILASIPARA", "dt_lgd": 285, "sdt_lgd": 6018, "st_lgd": 18, "vilcode11": 0, "vilname11": "", "pan_local": "BILASIPARA", "b_pan_code": 2950, "b_pan_name": "BILASIPARA", "d_pan_code": 248, "d_pan_name": "DHUBRI", "gp_code": "106101", "gp_name": "FUTKIBARI", "st_2011": "18", "dt_2011": "301", "sdt_2011": "02009", "subdtname": "Bilasipara Pt", "block_name": "BILASIPARA", "blk_lgdcod": "2550", "dtcode14": "301", "SHAPE_Length": 5633.263775125409, "SHAPE_Area": 1305650.5532368238}}, {"type": "Feature", "geometry": {"type": "Polygon", "coordinates": [[[90.1972, 26.346], [90.1923, 26.3446], [90.1936, 26.3436], [90.1968, 26.3411], [90.1998, 26.3385], [90.2, 26.3371], [90.1998, 26.3361], [90.1992, 26.3347], [90.201, 26.334], [90.2021, 26.3333], [90.1998, 26.3317], [90.198, 26.3307], [90.1962, 26.3295], [90.1946, 26.3278], [90.1929, 26.3266], [90.1913, 26.33], [90.1907, 26.3308], [90.1896, 26.3324], [90.1879, 26.3346], [90.1855, 26.3382], [90.1835, 26.3423], [90.1815, 26.3462], [90.1823, 26.3466], [90.183, 26.3467], [90.1831, 26.3467], [90.1841, 26.3468], [90.1861, 26.346], [90.1874, 26.3457], [90.1877, 26.3457], [90.1881, 26.3458], [90.1881, 26.3459], [90.1887, 26.3462], [90.1889, 26.3465], [90.1893, 26.3473], [90.1894, 26.3474], [90.1895, 26.3478], [90.19, 26.3495], [90.1901, 26.3497], [90.1905, 26.3502], [90.1909, 26.3507], [90.191, 26.3509], [90.1916, 26.3519], [90.1917, 26.3521], [90.1928, 26.3532], [90.1941, 26.3548], [90.1959, 26.3558], [90.1992, 26.3578], [90.2004, 26.3583], [90.202, 26.3589], [90.2032, 26.3594], [90.2055, 26.3606], [90.2056, 26.3607], [90.2056, 26.3604], [90.2053, 26.3598], [90.2055, 26.359], [90.2059, 26.3581], [90.2059, 26.3569], [90.2056, 26.356], [90.2053, 26.3547], [90.2055, 26.354], [90.2054, 26.353], [90.2053, 26.3529], [90.2069, 26.3517], [90.2074, 26.3514], [90.2059, 26.3498], [90.2034, 26.3482], [90.1972, 26.346]]]}, "properties": {"OBJECTID": 115005, "gpcode": "106101", "gpname": "FUTKIBARI", "stname": "ASSAM", "dtname": "Dhubri", "sdtname": "Bilasipara Pt", "stcode11": "18", "dtcode11": "301", "sdtcode11": "02009", "blklgdcode": "2550", "blkname": "BILASIPARA", "dt_lgd": 285, "sdt_lgd": 6018, "st_lgd": 18, "vilcode11": 0, "vilname11": "", "pan_local": "BILASIPARA", "b_pan_code": 2950, "b_pan_name": "BILASIPARA", "d_pan_code": 248, "d_pan_name": "DHUBRI", "gp_code": "106101", "gp_name": "FUTKIBARI", "st_2011": "18", "dt_2011": "301", "sdt_2011": "02009", "subdtname": "Bilasipara Pt", "block_name": "BILASIPARA", "blk_lgdcod": "2550", "dtcode14": "301", "SHAPE_Length": 12852.944145224217, "SHAPE_Area": 4949334.271455344}}, {"type": "Feature", "geometry": {"type": "Polygon", "coordinates": [[[90.2395, 26.267], [90.2399, 26.2639], [90.2397, 26.264], [90.2398, 26.263], [90.24, 26.261], [90.2403, 26.2604], [90.2449, 26.2612], [90.2471, 26.2613], [90.2504, 26.2626], [90.2505, 26.2628], [90.2513, 26.2643], [90.2515, 26.2647], [90.2515, 26.2644], [90.2516, 26.2644], [90.2518, 26.2644], [90.2519, 26.2644], [90.254, 26.2642], [90.2555, 26.264], [90.2563, 26.2639], [90.2593, 26.2635], [90.2673, 26.2617], [90.2684, 26.2615], [90.2719, 26.2609], [90.2725, 26.2608], [90.2733, 26.2607], [90.2736, 26.2607], [90.2736, 26.2606], [90.2736, 26.2603], [90.2737, 26.2601], [90.2737, 26.2599], [90.2738, 26.2589], [90.2737, 26.2577], [90.2735, 26.2565], [90.2733, 26.2547], [90.2727, 26.2529], [90.2727, 26.2528], [90.2726, 26.2526], [90.2727, 26.2526], [90.2727, 26.2525], [90.2719, 26.2504], [90.2714, 26.2482], [90.2699, 26.2454], [90.2698, 26.2454], [90.2683, 26.2455], [90.2673, 26.2478], [90.2656, 26.249], [90.2613, 26.2487], [90.2562, 26.2485], [90.2555, 26.2483], [90.2539, 26.2466], [90.2538, 26.2466], [90.2531, 26.2458], [90.2505, 26.2473], [90.2504, 26.2474], [90.2471, 26.2482], [90.2464, 26.2489], [90.2461, 26.2496], [90.2443, 26.25], [90.2426, 26.2505], [90.2441, 26.251], [90.2445, 26.252], [90.2444, 26.2523], [90.2443, 26.2526], [90.2435, 26.2536], [90.2425, 26.2543], [90.2423, 26.2544], [90.2421, 26.2544], [90.2402, 26.254], [90.2381, 26.2538], [90.2369, 26.2533], [90.2354, 26.2529], [90.2349, 26.2505], [90.2347, 26.25], [90.2336, 26.2474], [90.2332, 26.2463], [90.2327, 26.2452], [90.2308, 26.2452], [90.2295, 26.2456], [90.2282, 26.2461], [90.2282, 26.2475], [90.228, 26.2505], [90.2277, 26.2507], [90.2276, 26.2508], [90.2271, 26.2511], [90.2285, 26.2532], [90.2297, 26.2552], [90.2313, 26.2573], [90.2317, 26.2578], [90.2326, 26.2594], [90.2336, 26.2615], [90.2336, 26.2629], [90.2327, 26.2649], [90.2325, 26.2652], [90.2317, 26.2667], [90.2307, 26.2681], [90.2302, 26.2689], [90.2293, 26.27], [90.2291, 26.2703], [90.2288, 26.2706], [90.2277, 26.2709], [90.2282, 26.2717], [90.2284, 26.2725], [90.2286, 26.2742], [90.2283, 26.2758], [90.2288, 26.2783], [90.2298, 26.2802], [90.2306, 26.2812], [90.2316, 26.2818], [90.2329, 26.2797], [90.2336, 26.2779], [90.2342, 26.2756], [90.2345, 26.2727], [90.2346, 26.2713], [90.2343, 26.2699], [90.2344, 26.2686], [90.2351, 26.2684], [90.2384, 26.2675], [90.2393, 26.2671], [90.2395, 26.267]]]}, "properties": {"OBJECTID": 115006, "gpcode": "106102", "gpname": "HAKAMA", "stname": "ASSAM", "dtname": "Dhubri", "sdtname": "Bilasipara Pt", "stcode11": "18", "dtcode11": "301", "sdtcode11": "02009", "blklgdcode": "2550", "blkname": "BILASIPARA", "dt_lgd": 285, "sdt_lgd": 6018, "st_lgd": 18, "vilcode11": 0, "vilname11": "", "pan_local": "BILASIPARA", "b_pan_code": 2950, "b_pan_name": "BILASIPARA", "d_pan_code": 248, "d_pan_name": "DHUBRI", "gp_code": "106102", "gp_name": "HAKAMA", "st_2011": "18", "dt_2011": "301", "sdt_2011": "02009", "subdtname": "Bilasipara Pt", "block_name": "BILASIPARA", "blk_lgdcod": "2550", "dtcode14": "301", "SHAPE_Length": 20847.606563234967, "SHAPE_Area": 9396122.457404315}}, {"type": "Feature", "geometry": {"type": "Polygon", "coordinates": [[[90.2527, 26.2144], [90.2532, 26.2134], [90.2537, 26.2122], [90.2559, 26.2105], [90.2566, 26.2099], [90.2564, 26.2097], [90.2545, 26.2078], [90.251, 26.2058], [90.2496, 26.2049], [90.2478, 26.2038], [90.2471, 26.2034], [90.2437, 26.2013], [90.2388, 26.1979], [90.2369, 26.1969], [90.2348, 26.1968], [90.2333, 26.1971], [90.2332, 26.1971], [90.2338, 26.1981], [90.2364, 26.2023], [90.2379, 26.2048], [90.2399, 26.2068], [90.2424, 26.2105], [90.2438, 26.212], [90.2453, 26.214], [90.2471, 26.2148], [90.2482, 26.2153], [90.2515, 26.2166], [90.2516, 26.2167], [90.2527, 26.2144]]]}, "properties": {"OBJECTID": 115007, "gpcode": "106103", "gpname": "HATIPOTA", "stname": "ASSAM", "dtname": "Dhubri", "sdtname": "Bilasipara Pt", "stcode11": "18", "dtcode11": "301", "sdtcode11": "02009", "blklgdcode": "2550", "blkname": "BILASIPARA", "dt_lgd": 285, "sdt_lgd": 6018, "st_lgd": 18, "vilcode11": 0, "vilname11": "", "pan_local": "BILASIPARA", "b_pan_code": 2950, "b_pan_name": "BILASIPARA", "d_pan_code": 248, "d_pan_name": "DHUBRI", "gp_code": "106103", "gp_name": "HATIPOTA", "st_2011": "18", "dt_2011": "301", "sdt_2011": "02009", "subdtname": "Bilasipara Pt", "block_name": "BILASIPARA", "blk_lgdcod": "2550", "dtcode14": "301", "SHAPE_Length": 7474.185219733126, "SHAPE_Area": 2520394.270822044}}, {"type": "Feature", "geometry": {"type": "Polygon", "coordinates": [[[90.3668, 26.2356], [90.3674, 26.2345], [90.3692, 26.2349], [90.3701, 26.2346], [90.3716, 26.2322], [90.3721, 26.2309], [90.3758, 26.2342], [90.3762, 26.2345], [90.3761, 26.2343], [90.3768, 26.2336], [90.3755, 26.2288], [90.3736, 26.2246], [90.3735, 26.2241], [90.3718, 26.2218], [90.3658, 26.2186], [90.3673, 26.2177], [90.3658, 26.2142], [90.3656, 26.2139], [90.3651, 26.2137], [90.3645, 26.2133], [90.3617, 26.2158], [90.3602, 26.2152], [90.3591, 26.216], [90.3594, 26.218], [90.3605, 26.2257], [90.3594, 26.2269], [90.359, 26.2296], [90.3579, 26.2332], [90.3599, 26.234], [90.3615, 26.2347], [90.3634, 26.2349], [90.3646, 26.2353], [90.3668, 26.2356]]]}, "properties": {"OBJECTID": 115008, "gpcode": "106103", "gpname": "HATIPOTA", "stname": "ASSAM", "dtname": "Dhubri", "sdtname": "Chapar Pt", "stcode11": "18", "dtcode11": "301", "sdtcode11": "02010", "blklgdcode": "2552", "blkname": "CHAPAR SALKOCHA", "dt_lgd": 285, "sdt_lgd": 6019, "st_lgd": 18, "vilcode11": 0, "vilname11": "", "pan_local": "CHAPOR SHALKOCHA", "b_pan_code": 2952, "b_pan_name": "CHAPAR SALKOCHA", "d_pan_code": 248, "d_pan_name": "DHUBRI", "gp_code": "106103", "gp_name": "HATIPOTA", "st_2011": "18", "dt_2011": "301", "sdt_2011": "02010", "subdtname": "Chapar Pt", "block_name": "CHAPAR SALKOCHA", "blk_lgdcod": "2552", "dtcode14": "301", "SHAPE_Length": 9012.084573445545, "SHAPE_Area": 3437431.814537001}}, {"type": "Feature", "geometry": {"type": "Polygon", "coordinates": [[[90.2438, 26.3286], [90.2444, 26.3284], [90.2448, 26.3282], [90.2457, 26.3279], [90.2457, 26.3278], [90.2458, 26.3278], [90.246, 26.3276], [90.246, 26.3275], [90.2461, 26.3274], [90.2463, 26.3273], [90.2464, 26.3272], [90.2468, 26.3268], [90.247, 26.3266], [90.2475, 26.326], [90.2477, 26.3259], [90.2479, 26.3256], [90.2486, 26.3249], [90.2486, 26.3248], [90.2487, 26.3248], [90.2487, 26.3247], [90.2482, 26.3237], [90.2476, 26.3223], [90.2471, 26.3211], [90.2465, 26.3209], [90.2471, 26.3191], [90.247, 26.3182], [90.2466, 26.3169], [90.2462, 26.3162], [90.2453, 26.3149], [90.244, 26.314], [90.2439, 26.3139], [90.2441, 26.3128], [90.2444, 26.3117], [90.2443, 26.3116], [90.2436, 26.3104], [90.2432, 26.31], [90.2425, 26.3099], [90.2422, 26.3096], [90.2421, 26.3088], [90.2422, 26.3082], [90.2419, 26.3077], [90.2419, 26.3076], [90.2414, 26.3068], [90.2412, 26.3061], [90.2413, 26.3052], [90.2412, 26.3047], [90.2415, 26.304], [90.2423, 26.3036], [90.2436, 26.3038], [90.2437, 26.3041], [90.2435, 26.3046], [90.2434, 26.3053], [90.2437, 26.306], [90.2445, 26.3059], [90.2449, 26.3063], [90.2454, 26.3069], [90.2459, 26.3071], [90.2463, 26.3068], [90.2468, 26.3067], [90.2471, 26.3069], [90.2476, 26.307], [90.2479, 26.3073], [90.2481, 26.3075], [90.2483, 26.3076], [90.2486, 26.3077], [90.2491, 26.3076], [90.2495, 26.3077], [90.25, 26.3079], [90.2504, 26.3081], [90.2509, 26.3081], [90.2513, 26.308], [90.2518, 26.3078], [90.2519, 26.3076], [90.2516, 26.3073], [90.2511, 26.3074], [90.2506, 26.3076], [90.2501, 26.3076], [90.2497, 26.3074], [90.2493, 26.307], [90.2489, 26.3067], [90.2488, 26.3063], [90.2493, 26.3059], [90.2501, 26.3057], [90.2506, 26.3053], [90.2507, 26.3051], [90.2505, 26.3049], [90.25, 26.3051], [90.2496, 26.3053], [90.2491, 26.3053], [90.2488, 26.3053], [90.2485, 26.3054], [90.2485, 26.3056], [90.248, 26.3058], [90.2471, 26.3057], [90.2465, 26.3058], [90.246, 26.3055], [90.2454, 26.3052], [90.2451, 26.3049], [90.245, 26.3043], [90.2454, 26.3044], [90.2456, 26.3045], [90.2459, 26.3048], [90.2462, 26.305], [90.2465, 26.3049], [90.2462, 26.3044], [90.2459, 26.3038], [90.2462, 26.3036], [90.2467, 26.3035], [90.2471, 26.3038], [90.2475, 26.3038], [90.2476, 26.304], [90.2477, 26.3043], [90.2478, 26.3044], [90.2479, 26.3043], [90.248, 26.3039], [90.2481, 26.3036], [90.2485, 26.3036], [90.2486, 26.3038], [90.2488, 26.3042], [90.249, 26.3043], [90.2492, 26.304], [90.2495, 26.3039], [90.2499, 26.3037], [90.2499, 26.3033], [90.2494, 26.3031], [90.2485, 26.3031], [90.2476, 26.303], [90.2471, 26.3029], [90.2469, 26.3031], [90.2464, 26.3032], [90.246, 26.3034], [90.2456, 26.3033], [90.2453, 26.3031], [90.2452, 26.3026], [90.2454, 26.3022], [90.2458, 26.3022], [90.2465, 26.3024], [90.247, 26.3024], [90.247, 26.3023], [90.247, 26.3022], [90.2468, 26.302], [90.2468, 26.3018], [90.2468, 26.3016], [90.2468, 26.3014], [90.2471, 26.301], [90.2472, 26.301], [90.2475, 26.3009], [90.248, 26.3009], [90.2482, 26.301], [90.2488, 26.3011], [90.2489, 26.3008], [90.2493, 26.3008], [90.2493, 26.3009], [90.2494, 26.3011], [90.2497, 26.3016], [90.2501, 26.302], [90.2502, 26.3024], [90.2505, 26.3027], [90.2511, 26.3028], [90.2514, 26.303], [90.2518, 26.3029], [90.252, 26.3026], [90.2523, 26.3025], [90.2528, 26.3025], [90.2531, 26.3023], [90.253, 26.3021], [90.2523, 26.3022], [90.2518, 26.3022], [90.251, 26.3023], [90.2507, 26.3021], [90.2507, 26.3016], [90.2509, 26.3015], [90.2515, 26.3015], [90.2515, 26.3012], [90.2518, 26.3011], [90.252, 26.3009], [90.2514, 26.3008], [90.2506, 26.3008], [90.2505, 26.3006], [90.2509, 26.3004], [90.2508, 26.3], [90.2504, 26.2996], [90.2502, 26.2999], [90.2501, 26.3005], [90.2496, 26.3005], [90.2492, 26.3004], [90.2492, 26.2998], [90.2493, 26.2994], [90.2495, 26.299], [90.2499, 26.2984], [90.2498, 26.2978], [90.2495, 26.297], [90.249, 26.2963], [90.2487, 26.2959], [90.2486, 26.2957], [90.2488, 26.2956], [90.2494, 26.2955], [90.2496, 26.2953], [90.2497, 26.2951], [90.2494, 26.2948], [90.2486, 26.2948], [90.248, 26.295], [90.2477, 26.2949], [90.2476, 26.2945], [90.2478, 26.2943], [90.2481, 26.2941], [90.2485, 26.294], [90.2493, 26.294], [90.2499, 26.2941], [90.2504, 26.2941], [90.2485, 26.2924], [90.2471, 26.291], [90.246, 26.2902], [90.245, 26.2887], [90.2439, 26.2871], [90.2419, 26.2849], [90.2402, 26.2838], [90.2377, 26.283], [90.2376, 26.2833], [90.2365, 26.2835], [90.2356, 26.2831], [90.2342, 26.2828], [90.2333, 26.2824], [90.2323, 26.2824], [90.2316, 26.2818], [90.2311, 26.2825], [90.2297, 26.2843], [90.2287, 26.2849], [90.2282, 26.2849], [90.228, 26.2849], [90.2252, 26.2847], [90.2217, 26.2848], [90.2201, 26.2852], [90.2193, 26.2864], [90.2183, 26.2878], [90.2166, 26.2893], [90.2152, 26.2903], [90.2145, 26.2905], [90.2162, 26.2912], [90.2172, 26.2926], [90.2181, 26.2943], [90.2183, 26.2963], [90.2166, 26.2968], [90.2142, 26.2974], [90.2121, 26.2982], [90.2107, 26.2984], [90.2092, 26.3021], [90.2088, 26.3041], [90.2084, 26.3056], [90.208, 26.3063], [90.2078, 26.3079], [90.2077, 26.3088], [90.2076, 26.3094], [90.2069, 26.3117], [90.2068, 26.313], [90.2109, 26.3114], [90.2154, 26.311], [90.2214, 26.3124], [90.2247, 26.3135], [90.2278, 26.3149], [90.23, 26.316], [90.2309, 26.3134], [90.2319, 26.3084], [90.2319, 26.3081], [90.232, 26.3079], [90.2356, 26.308], [90.236, 26.308], [90.238, 26.3083], [90.2392, 26.3088], [90.2394, 26.3099], [90.2392, 26.3113], [90.2385, 26.3132], [90.2381, 26.3141], [90.2373, 26.3155], [90.2361, 26.319], [90.2354, 26.3215], [90.2351, 26.3234], [90.235, 26.3259], [90.2354, 26.3256], [90.2374, 26.325], [90.2378, 26.3249], [90.239, 26.325], [90.2393, 26.325], [90.2397, 26.3251], [90.24, 26.3254], [90.2404, 26.3258], [90.2407, 26.3261], [90.2411, 26.3264], [90.2411, 26.3265], [90.2413, 26.3267], [90.2422, 26.328], [90.2425, 26.3285], [90.2427, 26.3285], [90.2431, 26.3285], [90.2431, 26.3286], [90.2438, 26.3286]]]}, "properties": {"OBJECTID": 115009, "gpcode": "106104", "gpname": "LAKHIGANJ", "stname": "ASSAM", "dtname": "Dhubri", "sdtname": "Bilasipara Pt", "stcode11": "18", "dtcode11": "301", "sdtcode11": "02009", "blklgdcode": "2550", "blkname": "BILASIPARA", "dt_lgd": 285, "sdt_lgd": 6018, "st_lgd": 18, "vilcode11": 0, "vilname11": "", "pan_local": "BILASIPARA", "b_pan_code": 2950, "b_pan_name": "BILASIPARA", "d_pan_code": 248, "d_pan_name": "DHUBRI", "gp_code": "106104", "gp_name": "LAKHIGANJ", "st_2011": "18", "dt_2011": "301", "sdt_2011": "02009", "subdtname": "Bilasipara Pt", "block_name": "BILASIPARA", "blk_lgdcod": "2550", "dtcode14": "301", "SHAPE_Length": 29220.807599744265, "SHAPE_Area": 14719957.346336903}}, {"type": "Feature", "geometry": {"type": "Polygon", "coordinates": [[[90.2634, 26.2414], [90.2652, 26.2406], [90.2653, 26.2406], [90.2654, 26.2405], [90.2653, 26.2405], [90.2615, 26.2382], [90.2602, 26.2372], [90.26, 26.2352], [90.2621, 26.2331], [90.2673, 26.2315], [90.2711, 26.23], [90.2731, 26.2289], [90.2759, 26.2273], [90.2765, 26.2261], [90.2755, 26.2254], [90.275, 26.2252], [90.2732, 26.2256], [90.27, 26.226], [90.2692, 26.2251], [90.2707, 26.2218], [90.2722, 26.2214], [90.2743, 26.2211], [90.2728, 26.2198], [90.2712, 26.2185], [90.2721, 26.218], [90.2732, 26.2173], [90.2737, 26.2167], [90.2745, 26.2161], [90.2764, 26.2146], [90.2765, 26.2145], [90.2787, 26.2127], [90.2794, 26.2128], [90.2763, 26.2106], [90.2751, 26.2109], [90.2727, 26.2107], [90.2702, 26.2105], [90.2657, 26.2091], [90.2633, 26.209], [90.2588, 26.2089], [90.2564, 26.2097], [90.2566, 26.2099], [90.2559, 26.2105], [90.2537, 26.2122], [90.2532, 26.2134], [90.2527, 26.2144], [90.2516, 26.2167], [90.2515, 26.2166], [90.252, 26.2196], [90.2524, 26.2223], [90.2525, 26.2228], [90.2525, 26.2235], [90.2528, 26.225], [90.252, 26.2274], [90.2518, 26.2276], [90.2508, 26.2293], [90.249, 26.2319], [90.2489, 26.232], [90.2477, 26.2347], [90.2491, 26.2351], [90.2492, 26.2384], [90.249, 26.2389], [90.2492, 26.239], [90.2511, 26.2405], [90.2534, 26.2409], [90.2553, 26.2413], [90.2568, 26.2411], [90.2583, 26.2408], [90.2612, 26.2416], [90.2634, 26.2414]]]}, "properties": {"OBJECTID": 115010, "gpcode": "106105", "gpname": "MASANERALGA", "stname": "ASSAM", "dtname": "Dhubri", "sdtname": "Bilasipara Pt", "stcode11": "18", "dtcode11": "301", "sdtcode11": "02009", "blklgdcode": "2550", "blkname": "BILASIPARA", "dt_lgd": 285, "sdt_lgd": 6018, "st_lgd": 18, "vilcode11": 0, "vilname11": "", "pan_local": "BILASIPARA", "b_pan_code": 2950, "b_pan_name": "BILASIPARA", "d_pan_code": 248, "d_pan_name": "DHUBRI", "gp_code": "106105", "gp_name": "MASANERALGA", "st_2011": "18", "dt_2011": "301", "sdt_2011": "02009", "subdtname": "Bilasipara Pt", "block_name": "BILASIPARA", "blk_lgdcod": "2550", "dtcode14": "301", "SHAPE_Length": 15390.15212538542, "SHAPE_Area": 8124456.052232547}}, {"type": "Feature", "geometry": {"type": "Polygon", "coordinates": [[[90.2068, 26.313], [90.2069, 26.3117], [90.2076, 26.3094], [90.2077, 26.3088], [90.2078, 26.3079], [90.208, 26.3063], [90.2084, 26.3056], [90.2088, 26.3041], [90.2092, 26.3021], [90.2107, 26.2984], [90.2109, 26.2968], [90.2113, 26.2948], [90.2117, 26.2931], [90.2123, 26.2913], [90.2127, 26.2898], [90.2122, 26.2887], [90.2118, 26.2872], [90.2116, 26.2854], [90.2105, 26.284], [90.2084, 26.2831], [90.2085, 26.2824], [90.2088, 26.2794], [90.2093, 26.2778], [90.2094, 26.2773], [90.2098, 26.2764], [90.2087, 26.2758], [90.2069, 26.2754], [90.2049, 26.2748], [90.2021, 26.2742], [90.1987, 26.2735], [90.1971, 26.2733], [90.195, 26.2731], [90.1933, 26.273], [90.1905, 26.2728], [90.1891, 26.2726], [90.1857, 26.2723], [90.1853, 26.2722], [90.1817, 26.2718], [90.1808, 26.2738], [90.1809, 26.2762], [90.1811, 26.2779], [90.1808, 26.2803], [90.1806, 26.2823], [90.1804, 26.2844], [90.1806, 26.2865], [90.1804, 26.2865], [90.1782, 26.287], [90.1784, 26.2893], [90.178, 26.2906], [90.1769, 26.2937], [90.1758, 26.2955], [90.1746, 26.2969], [90.1732, 26.2988], [90.1729, 26.2993], [90.1711, 26.3013], [90.1714, 26.3041], [90.1716, 26.3044], [90.173, 26.3044], [90.1738, 26.3041], [90.1749, 26.3038], [90.1757, 26.3036], [90.1761, 26.3033], [90.1767, 26.3027], [90.1769, 26.3042], [90.1774, 26.3048], [90.178, 26.3052], [90.1785, 26.306], [90.1789, 26.3069], [90.1793, 26.3077], [90.1791, 26.3082], [90.1788, 26.3088], [90.1798, 26.3095], [90.181, 26.3107], [90.1811, 26.3109], [90.1815, 26.3118], [90.1823, 26.315], [90.1826, 26.3171], [90.1828, 26.3187], [90.1827, 26.32], [90.1826, 26.32], [90.1847, 26.3204], [90.1882, 26.3224], [90.1914, 26.3249], [90.1929, 26.3266], [90.1948, 26.3248], [90.1962, 26.3233], [90.1971, 26.3221], [90.1979, 26.3212], [90.1994, 26.3202], [90.2011, 26.3188], [90.2032, 26.3179], [90.205, 26.3176], [90.2063, 26.3174], [90.2063, 26.3156], [90.2068, 26.3144], [90.2068, 26.3131], [90.2068, 26.313]], [[90.1848, 26.303], [90.1821, 26.3021], [90.1824, 26.302], [90.1832, 26.3], [90.1836, 26.2957], [90.1836, 26.2955], [90.1859, 26.2952], [90.1884, 26.296], [90.1911, 26.2975], [90.1931, 26.2998], [90.1941, 26.3016], [90.1947, 26.3038], [90.1947, 26.3041], [90.1948, 26.3066], [90.1942, 26.3092], [90.1937, 26.3109], [90.1929, 26.3128], [90.1915, 26.3124], [90.19, 26.3116], [90.1883, 26.3112], [90.1884, 26.3087], [90.1882, 26.3065], [90.1874, 26.3047], [90.186, 26.3035], [90.1848, 26.303]]]}, "properties": {"OBJECTID": 115011, "gpcode": "106106", "gpname": "RANIGANJ", "stname": "ASSAM", "dtname": "Dhubri", "sdtname": "Bilasipara Pt", "stcode11": "18", "dtcode11": "301", "sdtcode11": "02009", "blklgdcode": "2550", "blkname": "BILASIPARA", "dt_lgd": 285, "sdt_lgd": 6018, "st_lgd": 18, "vilcode11": 0, "vilname11": "", "pan_local": "BILASIPARA", "b_pan_code": 2950, "b_pan_name": "BILASIPARA", "d_pan_code": 248, "d_pan_name": "DHUBRI", "gp_code": "106106", "gp_name": "RANIGANJ", "st_2011": "18", "dt_2011": "301", "sdt_2011": "02009", "subdtname": "Bilasipara Pt", "block_name": "BILASIPARA", "blk_lgdcod": "2550", "dtcode14": "301", "SHAPE_Length": 25392.30789603616, "SHAPE_Area": 18406798.41566941}}, {"type": "Feature", "geometry": {"type": "Polygon", "coordinates": [[[90.2666, 26.3309], [90.2672, 26.3305], [90.2656, 26.3292], [90.2649, 26.3285], [90.2639, 26.3276], [90.2628, 26.3266], [90.2607, 26.3249], [90.2606, 26.3248], [90.2614, 26.3231], [90.2616, 26.3225], [90.2617, 26.3224], [90.2614, 26.322], [90.261, 26.3219], [90.2603, 26.3219], [90.2598, 26.322], [90.2591, 26.3219], [90.2582, 26.3214], [90.2575, 26.3206], [90.2572, 26.3197], [90.2569, 26.3188], [90.2565, 26.3184], [90.2559, 26.3178], [90.2553, 26.317], [90.2548, 26.3161], [90.255, 26.3155], [90.2555, 26.3145], [90.256, 26.3143], [90.2568, 26.3142], [90.2571, 26.3145], [90.2568, 26.3151], [90.2563, 26.3156], [90.2558, 26.3161], [90.2556, 26.3168], [90.2559, 26.3174], [90.2567, 26.3181], [90.2572, 26.3183], [90.2572, 26.3182], [90.2578, 26.3179], [90.2579, 26.3172], [90.2579, 26.3163], [90.2581, 26.3157], [90.2585, 26.3151], [90.2586, 26.3146], [90.2584, 26.3141], [90.2578, 26.3135], [90.2577, 26.3133], [90.2581, 26.3133], [90.2587, 26.3139], [90.2591, 26.3143], [90.2595, 26.3144], [90.2601, 26.3143], [90.2606, 26.3139], [90.2608, 26.3132], [90.2607, 26.3124], [90.2604, 26.3118], [90.2606, 26.3107], [90.2607, 26.3098], [90.2611, 26.3093], [90.2614, 26.3089], [90.2613, 26.3084], [90.2609, 26.3082], [90.2604, 26.3083], [90.2598, 26.3088], [90.2594, 26.3091], [90.2587, 26.3095], [90.2582, 26.3098], [90.2579, 26.3098], [90.2577, 26.3096], [90.2582, 26.3092], [90.2585, 26.3088], [90.2585, 26.3085], [90.2583, 26.3084], [90.2582, 26.308], [90.2584, 26.3076], [90.2584, 26.3072], [90.2584, 26.3071], [90.2583, 26.3067], [90.2581, 26.3065], [90.2576, 26.3064], [90.2571, 26.3063], [90.2572, 26.3058], [90.2575, 26.3053], [90.2581, 26.3052], [90.2583, 26.3049], [90.2582, 26.3044], [90.2583, 26.3037], [90.2585, 26.3032], [90.2583, 26.3029], [90.2583, 26.3025], [90.2588, 26.302], [90.2591, 26.3016], [90.2592, 26.3014], [90.2599, 26.3016], [90.2606, 26.3019], [90.261, 26.302], [90.2613, 26.3017], [90.2617, 26.3012], [90.2622, 26.301], [90.2626, 26.301], [90.2628, 26.3007], [90.2629, 26.3002], [90.2628, 26.2997], [90.263, 26.2991], [90.2631, 26.2988], [90.2636, 26.2984], [90.2639, 26.298], [90.2642, 26.2979], [90.2642, 26.2974], [90.2642, 26.297], [90.2643, 26.2967], [90.2642, 26.2962], [90.2639, 26.2959], [90.2634, 26.2958], [90.2626, 26.2959], [90.2621, 26.296], [90.2617, 26.2961], [90.2617, 26.2959], [90.262, 26.2956], [90.2627, 26.2955], [90.2631, 26.2954], [90.2635, 26.2951], [90.2636, 26.2947], [90.2632, 26.2945], [90.2631, 26.2942], [90.2633, 26.2937], [90.2636, 26.2935], [90.2642, 26.2952], [90.2649, 26.2963], [90.2653, 26.2992], [90.2655, 26.3041], [90.266, 26.305], [90.2663, 26.3081], [90.2655, 26.3101], [90.2647, 26.3121], [90.2648, 26.3128], [90.2671, 26.311], [90.2672, 26.3109], [90.2675, 26.3107], [90.2676, 26.3106], [90.2679, 26.3105], [90.2681, 26.3104], [90.2683, 26.3103], [90.2687, 26.3102], [90.2688, 26.3101], [90.2692, 26.3099], [90.2693, 26.3099], [90.2697, 26.3097], [90.2699, 26.3097], [90.2702, 26.3095], [90.2705, 26.3094], [90.2708, 26.3093], [90.2709, 26.3092], [90.2712, 26.3091], [90.2713, 26.3091], [90.2735, 26.3061], [90.2732, 26.3057], [90.273, 26.3055], [90.2728, 26.3052], [90.2724, 26.3046], [90.2724, 26.3044], [90.2724, 26.3043], [90.2725, 26.3032], [90.2725, 26.3031], [90.2725, 26.3025], [90.2728, 26.3021], [90.2737, 26.3011], [90.2738, 26.3011], [90.274, 26.3009], [90.2741, 26.3009], [90.2743, 26.3007], [90.2744, 26.3007], [90.2746, 26.3005], [90.2747, 26.3005], [90.275, 26.3003], [90.2753, 26.3001], [90.2754, 26.3], [90.276, 26.2997], [90.2761, 26.2996], [90.2781, 26.2992], [90.2782, 26.2991], [90.2788, 26.2986], [90.2804, 26.2974], [90.2806, 26.297], [90.2807, 26.2968], [90.2812, 26.2953], [90.2814, 26.2947], [90.2814, 26.2944], [90.2812, 26.2933], [90.2811, 26.2928], [90.281, 26.2922], [90.2806, 26.291], [90.2805, 26.2907], [90.2799, 26.2888], [90.2797, 26.288], [90.2796, 26.2878], [90.279, 26.2866], [90.2788, 26.2862], [90.2781, 26.2849], [90.2778, 26.2843], [90.2776, 26.2839], [90.2774, 26.2834], [90.2767, 26.2826], [90.2766, 26.2824], [90.276, 26.2817], [90.2753, 26.2802], [90.2752, 26.28], [90.2747, 26.279], [90.2744, 26.2784], [90.2743, 26.2782], [90.274, 26.2775], [90.2737, 26.277], [90.2735, 26.2765], [90.2733, 26.2758], [90.2729, 26.2745], [90.2727, 26.2739], [90.2726, 26.2737], [90.2721, 26.2726], [90.272, 26.2722], [90.2719, 26.272], [90.2718, 26.2705], [90.2718, 26.27], [90.2719, 26.2691], [90.272, 26.2687], [90.272, 26.2683], [90.2721, 26.2681], [90.2722, 26.2675], [90.2723, 26.2674], [90.2723, 26.2673], [90.2722, 26.2673], [90.2721, 26.2673], [90.272, 26.2674], [90.2719, 26.2675], [90.2717, 26.2675], [90.2716, 26.2676], [90.2715, 26.2677], [90.2713, 26.2677], [90.2712, 26.2678], [90.2711, 26.2679], [90.271, 26.2679], [90.2709, 26.268], [90.2707, 26.268], [90.2706, 26.2681], [90.2705, 26.2681], [90.2704, 26.2682], [90.2703, 26.2682], [90.27, 26.2683], [90.2695, 26.2686], [90.2691, 26.2687], [90.2685, 26.269], [90.2681, 26.2692], [90.2676, 26.2694], [90.2675, 26.2694], [90.2671, 26.2696], [90.2664, 26.2699], [90.2662, 26.2699], [90.2652, 26.2703], [90.2649, 26.2704], [90.2643, 26.2707], [90.2638, 26.2709], [90.2633, 26.2711], [90.2629, 26.2713], [90.2622, 26.2715], [90.2622, 26.2716], [90.2618, 26.2717], [90.2608, 26.2721], [90.2607, 26.2721], [90.2605, 26.2722], [90.2592, 26.2727], [90.2587, 26.2729], [90.2586, 26.273], [90.2574, 26.2725], [90.2573, 26.2724], [90.2568, 26.2723], [90.2559, 26.2719], [90.2553, 26.2716], [90.2541, 26.2711], [90.2541, 26.271], [90.2532, 26.2706], [90.2522, 26.2701], [90.2521, 26.27], [90.2521, 26.2695], [90.2521, 26.2692], [90.2521, 26.2682], [90.252, 26.2681], [90.252, 26.2674], [90.2519, 26.2671], [90.2519, 26.267], [90.2519, 26.2668], [90.2516, 26.2659], [90.2515, 26.2655], [90.2515, 26.2652], [90.2515, 26.2647], [90.2513, 26.2643], [90.2505, 26.2628], [90.2504, 26.2626], [90.2471, 26.2613], [90.2449, 26.2612], [90.2403, 26.2604], [90.24, 26.261], [90.2398, 26.263], [90.2397, 26.264], [90.2399, 26.2639], [90.2395, 26.267], [90.2393, 26.2671], [90.2384, 26.2675], [90.2351, 26.2684], [90.2344, 26.2686], [90.2343, 26.2699], [90.2346, 26.2713], [90.2345, 26.2727], [90.2342, 26.2756], [90.2336, 26.2779], [90.2329, 26.2797], [90.2316, 26.2818], [90.2323, 26.2824], [90.2333, 26.2824], [90.2342, 26.2828], [90.2356, 26.2831], [90.2365, 26.2835], [90.2376, 26.2833], [90.2377, 26.283], [90.2402, 26.2838], [90.2419, 26.2849], [90.2439, 26.2871], [90.245, 26.2887], [90.246, 26.2902], [90.2471, 26.291], [90.2485, 26.2924], [90.2504, 26.2941], [90.2499, 26.2941], [90.2493, 26.294], [90.2485, 26.294], [90.2481, 26.2941], [90.2478, 26.2943], [90.2476, 26.2945], [90.2477, 26.2949], [90.248, 26.295], [90.2486, 26.2948], [90.2494, 26.2948], [90.2497, 26.2951], [90.2496, 26.2953], [90.2494, 26.2955], [90.2488, 26.2956], [90.2486, 26.2957], [90.2487, 26.2959], [90.249, 26.2963], [90.2495, 26.297], [90.2498, 26.2978], [90.2499, 26.2984], [90.2495, 26.299], [90.2493, 26.2994], [90.2492, 26.2998], [90.2492, 26.3004], [90.2496, 26.3005], [90.2501, 26.3005], [90.2502, 26.2999], [90.2504, 26.2996], [90.2508, 26.3], [90.2509, 26.3004], [90.2505, 26.3006], [90.2506, 26.3008], [90.2514, 26.3008], [90.252, 26.3009], [90.2518, 26.3011], [90.2515, 26.3012], [90.2515, 26.3015], [90.2509, 26.3015], [90.2507, 26.3016], [90.2507, 26.3021], [90.251, 26.3023], [90.2518, 26.3022], [90.2523, 26.3022], [90.253, 26.3021], [90.2531, 26.3023], [90.2528, 26.3025], [90.2523, 26.3025], [90.252, 26.3026], [90.2518, 26.3029], [90.2514, 26.303], [90.2511, 26.3028], [90.2505, 26.3027], [90.2502, 26.3024], [90.2501, 26.302], [90.2497, 26.3016], [90.2494, 26.3011], [90.2493, 26.3009], [90.2493, 26.3008], [90.2489, 26.3008], [90.2488, 26.3011], [90.2482, 26.301], [90.248, 26.3009], [90.2475, 26.3009], [90.2472, 26.301], [90.2471, 26.301], [90.2468, 26.3014], [90.2468, 26.3016], [90.2468, 26.3018], [90.2468, 26.302], [90.247, 26.3022], [90.247, 26.3023], [90.247, 26.3024], [90.2465, 26.3024], [90.2458, 26.3022], [90.2454, 26.3022], [90.2452, 26.3026], [90.2453, 26.3031], [90.2456, 26.3033], [90.246, 26.3034], [90.2464, 26.3032], [90.2469, 26.3031], [90.2471, 26.3029], [90.2476, 26.303], [90.2485, 26.3031], [90.2494, 26.3031], [90.2499, 26.3033], [90.2499, 26.3037], [90.2495, 26.3039], [90.2492, 26.304], [90.249, 26.3043], [90.2488, 26.3042], [90.2486, 26.3038], [90.2485, 26.3036], [90.2481, 26.3036], [90.248, 26.3039], [90.2479, 26.3043], [90.2478, 26.3044], [90.2477, 26.3043], [90.2476, 26.304], [90.2475, 26.3038], [90.2471, 26.3038], [90.2467, 26.3035], [90.2462, 26.3036], [90.2459, 26.3038], [90.2462, 26.3044], [90.2465, 26.3049], [90.2462, 26.305], [90.2459, 26.3048], [90.2456, 26.3045], [90.2454, 26.3044], [90.245, 26.3043], [90.2451, 26.3049], [90.2454, 26.3052], [90.246, 26.3055], [90.2465, 26.3058], [90.2471, 26.3057], [90.248, 26.3058], [90.2485, 26.3056], [90.2485, 26.3054], [90.2488, 26.3053], [90.2491, 26.3053], [90.2496, 26.3053], [90.25, 26.3051], [90.2505, 26.3049], [90.2507, 26.3051], [90.2506, 26.3053], [90.2501, 26.3057], [90.2493, 26.3059], [90.2488, 26.3063], [90.2489, 26.3067], [90.2493, 26.307], [90.2497, 26.3074], [90.2501, 26.3076], [90.2506, 26.3076], [90.2511, 26.3074], [90.2516, 26.3073], [90.2519, 26.3076], [90.2518, 26.3078], [90.2513, 26.308], [90.2509, 26.3081], [90.2504, 26.3081], [90.25, 26.3079], [90.2495, 26.3077], [90.2491, 26.3076], [90.2486, 26.3077], [90.2483, 26.3076], [90.2481, 26.3075], [90.2479, 26.3073], [90.2476, 26.307], [90.2471, 26.3069], [90.2468, 26.3067], [90.2463, 26.3068], [90.2459, 26.3071], [90.2454, 26.3069], [90.2449, 26.3063], [90.2445, 26.3059], [90.2437, 26.306], [90.2434, 26.3053], [90.2435, 26.3046], [90.2437, 26.3041], [90.2436, 26.3038], [90.2423, 26.3036], [90.2415, 26.304], [90.2412, 26.3047], [90.2413, 26.3052], [90.2412, 26.3061], [90.2414, 26.3068], [90.2419, 26.3076], [90.2419, 26.3077], [90.2422, 26.3082], [90.2421, 26.3088], [90.2422, 26.3096], [90.2425, 26.3099], [90.2432, 26.31], [90.2436, 26.3104], [90.2443, 26.3116], [90.2444, 26.3117], [90.2451, 26.3124], [90.2457, 26.3126], [90.2464, 26.3128], [90.2472, 26.3126], [90.2476, 26.3125], [90.2482, 26.3121], [90.2487, 26.3116], [90.2493, 26.3114], [90.2494, 26.3116], [90.2492, 26.3123], [90.2489, 26.3124], [90.2487, 26.3126], [90.2482, 26.3129], [90.2478, 26.3132], [90.2475, 26.3136], [90.2473, 26.3138], [90.2474, 26.3144], [90.2478, 26.315], [90.2484, 26.3153], [90.2488, 26.3155], [90.2489, 26.3158], [90.2487, 26.316], [90.2483, 26.3158], [90.2482, 26.3156], [90.2479, 26.3157], [90.2478, 26.3161], [90.2478, 26.3168], [90.2479, 26.3173], [90.2478, 26.3178], [90.2478, 26.3182], [90.2481, 26.3186], [90.2487, 26.3187], [90.2492, 26.3185], [90.2496, 26.3183], [90.2501, 26.3183], [90.2507, 26.3178], [90.2507, 26.3174], [90.2508, 26.3172], [90.2512, 26.3172], [90.2516, 26.3175], [90.2514, 26.3179], [90.2512, 26.3182], [90.2511, 26.3187], [90.2509, 26.3191], [90.2504, 26.319], [90.2502, 26.3189], [90.2497, 26.3191], [90.2491, 26.3192], [90.2486, 26.3196], [90.2485, 26.3198], [90.2487, 26.3203], [90.2494, 26.3208], [90.2496, 26.321], [90.2497, 26.3216], [90.2498, 26.3219], [90.25, 26.3221], [90.2506, 26.3219], [90.2509, 26.322], [90.2512, 26.3222], [90.2511, 26.3225], [90.2508, 26.3229], [90.2507, 26.3233], [90.2506, 26.3239], [90.2503, 26.3244], [90.2502, 26.3246], [90.2506, 26.3249], [90.2511, 26.3253], [90.2516, 26.3257], [90.2517, 26.3258], [90.2517, 26.3259], [90.2518, 26.3261], [90.252, 26.3264], [90.2521, 26.3264], [90.2524, 26.3265], [90.2528, 26.3269], [90.2529, 26.3272], [90.2534, 26.3272], [90.2542, 26.327], [90.2551, 26.3269], [90.2558, 26.327], [90.2563, 26.3268], [90.2564, 26.3263], [90.2565, 26.3255], [90.2569, 26.325], [90.2578, 26.3247], [90.2581, 26.3247], [90.2582, 26.325], [90.2578, 26.3252], [90.2574, 26.3253], [90.257, 26.3258], [90.2569, 26.3263], [90.2571, 26.3268], [90.2576, 26.3274], [90.2583, 26.3274], [90.2588, 26.3275], [90.2599, 26.3274], [90.2605, 26.3277], [90.2609, 26.328], [90.2611, 26.3287], [90.2611, 26.3293], [90.2612, 26.3296], [90.2615, 26.3303], [90.2621, 26.3311], [90.2627, 26.3316], [90.2632, 26.3315], [90.2638, 26.3312], [90.2645, 26.3308], [90.2649, 26.3309], [90.2654, 26.3314], [90.2647, 26.3318], [90.2644, 26.3319], [90.2641, 26.332], [90.2637, 26.3322], [90.2632, 26.3323], [90.2626, 26.3324], [90.2617, 26.3325], [90.261, 26.3327], [90.2609, 26.333], [90.2611, 26.3334], [90.2613, 26.3336], [90.263, 26.3329], [90.2632, 26.3328], [90.2633, 26.3327], [90.2634, 26.3327], [90.2635, 26.3326], [90.2636, 26.3326], [90.2636, 26.3325], [90.2637, 26.3325], [90.2638, 26.3325], [90.2638, 26.3324], [90.2639, 26.3324], [90.264, 26.3324], [90.264, 26.3323], [90.2641, 26.3323], [90.2642, 26.3322], [90.2644, 26.3321], [90.2646, 26.332], [90.2649, 26.3319], [90.265, 26.3318], [90.2652, 26.3317], [90.2654, 26.3316], [90.2657, 26.3314], [90.2658, 26.3314], [90.2663, 26.331], [90.2664, 26.331], [90.2666, 26.3309]]]}, "properties": {"OBJECTID": 115012, "gpcode": "106107", "gpname": "UDMARI", "stname": "ASSAM", "dtname": "Dhubri", "sdtname": "Bilasipara Pt", "stcode11": "18", "dtcode11": "301", "sdtcode11": "02009", "blklgdcode": "2550", "blkname": "BILASIPARA", "dt_lgd": 285, "sdt_lgd": 6018, "st_lgd": 18, "vilcode11": 0, "vilname11": "", "pan_local": "BILASIPARA", "b_pan_code": 2950, "b_pan_name": "BILASIPARA", "d_pan_code": 248, "d_pan_name": "DHUBRI", "gp_code": "106107", "gp_name": "UDMARI", "st_2011": "18", "dt_2011": "301", "sdt_2011": "02009", "subdtname": "Bilasipara Pt", "block_name": "BILASIPARA", "blk_lgdcod": "2550", "dtcode14": "301", "SHAPE_Length": 46769.74068153238, "SHAPE_Area": 21977071.12574364}}, {"type": "Feature", "geometry": {"type": "Polygon", "coordinates": [[[90.1021, 26.1306], [90.1031, 26.1287], [90.1038, 26.1255], [90.1041, 26.1237], [90.1039, 26.1236], [90.1025, 26.1236], [90.0999, 26.1229], [90.0976, 26.121], [90.0964, 26.1211], [90.0952, 26.1212], [90.0938, 26.1212], [90.0916, 26.1213], [90.088, 26.1219], [90.0881, 26.1224], [90.0869, 26.1229], [90.0859, 26.1237], [90.0825, 26.125], [90.0823, 26.1252], [90.0793, 26.1275], [90.0788, 26.1292], [90.0785, 26.1302], [90.0798, 26.1303], [90.081, 26.1307], [90.0831, 26.1304], [90.0857, 26.1298], [90.0863, 26.1297], [90.0878, 26.1295], [90.089, 26.1294], [90.0911, 26.1292], [90.0926, 26.1293], [90.0941, 26.1297], [90.0947, 26.1313], [90.0956, 26.1335], [90.0962, 26.1355], [90.0978, 26.1351], [90.1001, 26.1339], [90.1, 26.1337], [90.1007, 26.1327], [90.1008, 26.1325], [90.1021, 26.1306]]]}, "properties": {"OBJECTID": 115013, "gpcode": "106108", "gpname": "BAHIR SALMARA", "stname": "ASSAM", "dtname": "Dhubri", "sdtname": "Bagribari (Pt)", "stcode11": "18", "dtcode11": "301", "sdtcode11": "02005", "blklgdcode": "2551", "blkname": "BIRSHING-JARUA", "dt_lgd": 285, "sdt_lgd": 2005, "st_lgd": 18, "vilcode11": 0, "vilname11": "", "pan_local": "BIRSHING-JARUA", "b_pan_code": 2951, "b_pan_name": "BIRSHING-JARUA", "d_pan_code": 248, "d_pan_name": "DHUBRI", "gp_code": "106108", "gp_name": "BAHIR SALMARA", "st_2011": "18", "dt_2011": "301", "sdt_2011": "02005", "subdtname": "Bagribari (Pt)", "block_name": "BIRSHING-JARUA", "blk_lgdcod": "2551", "dtcode14": "301", "SHAPE_Length": 7880.960691536696, "SHAPE_Area": 2728061.1994166207}}, {"type": "Feature", "geometry": {"type": "Polygon", "coordinates": [[[90.1741, 26.1503], [90.1726, 26.1475], [90.1723, 26.1474], [90.1725, 26.1474], [90.1715, 26.1455], [90.171, 26.1447], [90.1708, 26.1419], [90.1704, 26.1416], [90.1703, 26.1413], [90.17, 26.1402], [90.1695, 26.1386], [90.1686, 26.1357], [90.1679, 26.1333], [90.1656, 26.134], [90.1646, 26.1341], [90.1625, 26.1344], [90.1603, 26.1346], [90.1578, 26.1353], [90.1541, 26.1351], [90.1553, 26.1378], [90.1566, 26.1406], [90.1567, 26.1407], [90.1585, 26.1446], [90.1602, 26.1478], [90.1602, 26.1477], [90.1609, 26.1482], [90.162, 26.1479], [90.1629, 26.1479], [90.1643, 26.1479], [90.1654, 26.1482], [90.1665, 26.1485], [90.169, 26.1492], [90.1695, 26.1502], [90.1701, 26.1515], [90.1712, 26.1518], [90.1714, 26.1524], [90.1719, 26.1536], [90.1738, 26.1521], [90.1741, 26.1503]]]}, "properties": {"OBJECTID": 115014, "gpcode": "106108", "gpname": "BAHIR SALMARA", "stname": "ASSAM", "dtname": "Dhubri", "sdtname": "Bagribari (Pt)", "stcode11": "18", "dtcode11": "301", "sdtcode11": "02005", "blklgdcode": "2551", "blkname": "BIRSHING-JARUA", "dt_lgd": 285, "sdt_lgd": 2005, "st_lgd": 18, "vilcode11": 0, "vilname11": "", "pan_local": "BIRSHING-JARUA", "b_pan_code": 2951, "b_pan_name": "BIRSHING-JARUA", "d_pan_code": 248, "d_pan_name": "DHUBRI", "gp_code": "106108", "gp_name": "BAHIR SALMARA", "st_2011": "18", "dt_2011": "301", "sdt_2011": "02005", "subdtname": "Bagribari (Pt)", "block_name": "BIRSHING-JARUA", "blk_lgdcod": "2551", "dtcode14": "301", "SHAPE_Length": 7777.346422251043, "SHAPE_Area": 2770864.9413404046}}, {"type": "Feature", "geometry": {"type": "Polygon", "coordinates": [[[90.1318, 26.1412], [90.1317, 26.1399], [90.1319, 26.1399], [90.1326, 26.1398], [90.1346, 26.1396], [90.1362, 26.1402], [90.1379, 26.1398], [90.1384, 26.1397], [90.1412, 26.1398], [90.1404, 26.1374], [90.1403, 26.1353], [90.1407, 26.1346], [90.1433, 26.1345], [90.1439, 26.1338], [90.1452, 26.1313], [90.1474, 26.1304], [90.1498, 26.1284], [90.1512, 26.1271], [90.1515, 26.1248], [90.1495, 26.1242], [90.1482, 26.1227], [90.1466, 26.1208], [90.1442, 26.1195], [90.142, 26.1187], [90.1393, 26.1183], [90.1358, 26.1182], [90.132, 26.1185], [90.1288, 26.1193], [90.1268, 26.1196], [90.125, 26.1204], [90.1248, 26.1205], [90.1258, 26.1219], [90.126, 26.1226], [90.1264, 26.1242], [90.1264, 26.1252], [90.1264, 26.127], [90.1264, 26.1288], [90.1265, 26.1306], [90.1265, 26.1323], [90.126, 26.1335], [90.1254, 26.1346], [90.1253, 26.1367], [90.1252, 26.1376], [90.1251, 26.1392], [90.1219, 26.1391], [90.1197, 26.1389], [90.1169, 26.1388], [90.115, 26.1386], [90.1147, 26.1417], [90.1153, 26.1431], [90.1163, 26.1453], [90.1178, 26.1474], [90.1188, 26.1487], [90.119, 26.1491], [90.1197, 26.1512], [90.1201, 26.1527], [90.1185, 26.1552], [90.1183, 26.1555], [90.1192, 26.1568], [90.1193, 26.1597], [90.1217, 26.1613], [90.1263, 26.1639], [90.1278, 26.1652], [90.1281, 26.1653], [90.1288, 26.1654], [90.1301, 26.1649], [90.1313, 26.1641], [90.1312, 26.1638], [90.1304, 26.1598], [90.1302, 26.1589], [90.1301, 26.1584], [90.1294, 26.1557], [90.1309, 26.1537], [90.1322, 26.1508], [90.1316, 26.149], [90.1308, 26.1466], [90.1315, 26.1442], [90.1318, 26.1412]]]}, "properties": {"OBJECTID": 115015, "gpcode": "106108", "gpname": "BAHIR SALMARA", "stname": "ASSAM", "dtname": "Dhubri", "sdtname": "Bagribari (Pt)", "stcode11": "18", "dtcode11": "301", "sdtcode11": "02005", "blklgdcode": "2551", "blkname": "BIRSHING-JARUA", "dt_lgd": 285, "sdt_lgd": 2005, "st_lgd": 18, "vilcode11": 0, "vilname11": "", "pan_local": "BIRSHING-JARUA", "b_pan_code": 2951, "b_pan_name": "BIRSHING-JARUA", "d_pan_code": 248, "d_pan_name": "DHUBRI", "gp_code": "106108", "gp_name": "BAHIR SALMARA", "st_2011": "18", "dt_2011": "301", "sdt_2011": "02005", "subdtname": "Bagribari (Pt)", "block_name": "BIRSHING-JARUA", "blk_lgdcod": "2551", "dtcode14": "301", "SHAPE_Length": 18055.05020378045, "SHAPE_Area": 10075953.123894596}}, {"type": "Feature", "geometry": {"type": "Polygon", "coordinates": [[[90.1631, 26.0881], [90.1675, 26.0878], [90.1722, 26.0869], [90.1722, 26.0868], [90.1718, 26.0863], [90.1708, 26.0848], [90.17, 26.0836], [90.1694, 26.0826], [90.1689, 26.0806], [90.1689, 26.0801], [90.1689, 26.0795], [90.1688, 26.0782], [90.1688, 26.0777], [90.1687, 26.0775], [90.1715, 26.0751], [90.174, 26.0731], [90.1748, 26.0724], [90.1761, 26.0709], [90.179, 26.0675], [90.1805, 26.0654], [90.1808, 26.065], [90.1821, 26.0632], [90.1823, 26.0629], [90.183, 26.062], [90.1835, 26.0603], [90.1842, 26.0579], [90.1843, 26.0578], [90.1844, 26.0559], [90.1844, 26.0557], [90.1844, 26.0546], [90.1844, 26.0539], [90.1846, 26.0516], [90.1836, 26.05], [90.1822, 26.049], [90.1821, 26.0488], [90.1816, 26.0486], [90.1813, 26.0485], [90.1804, 26.0481], [90.1803, 26.048], [90.18, 26.0479], [90.1799, 26.0479], [90.1638, 26.0476], [90.159, 26.0476], [90.1589, 26.0477], [90.1588, 26.0477], [90.1566, 26.0477], [90.1432, 26.0521], [90.1322, 26.0542], [90.1254, 26.0547], [90.1182, 26.053], [90.1182, 26.0531], [90.1183, 26.0593], [90.1201, 26.0616], [90.1223, 26.0644], [90.1237, 26.067], [90.1239, 26.0695], [90.1239, 26.0696], [90.1242, 26.0696], [90.1242, 26.0721], [90.1213, 26.0716], [90.1203, 26.0729], [90.125, 26.0756], [90.1301, 26.0792], [90.1324, 26.0796], [90.1367, 26.0803], [90.1422, 26.0821], [90.1443, 26.0828], [90.1474, 26.0847], [90.1492, 26.0877], [90.1494, 26.0879], [90.1505, 26.0877], [90.1563, 26.0881], [90.1601, 26.0881], [90.1631, 26.0881]]]}, "properties": {"OBJECTID": 115016, "gpcode": "106109", "gpname": "BANDIHANA", "stname": "ASSAM", "dtname": "Dhubri", "sdtname": "Bagribari (Pt)", "stcode11": "18", "dtcode11": "301", "sdtcode11": "02005", "blklgdcode": "2551", "blkname": "BIRSHING-JARUA", "dt_lgd": 285, "sdt_lgd": 2005, "st_lgd": 18, "vilcode11": 0, "vilname11": "", "pan_local": "BIRSHING-JARUA", "b_pan_code": 2951, "b_pan_name": "BIRSHING-JARUA", "d_pan_code": 248, "d_pan_name": "DHUBRI", "gp_code": "106109", "gp_name": "BANDIHANA", "st_2011": "18", "dt_2011": "301", "sdt_2011": "02005", "subdtname": "Bagribari (Pt)", "block_name": "BIRSHING-JARUA", "blk_lgdcod": "2551", "dtcode14": "301", "SHAPE_Length": 22354.302642665094, "SHAPE_Area": 25936681.868772842}}, {"type": "Feature", "geometry": {"type": "Polygon", "coordinates": [[[90.1176, 26.0973], [90.1191, 26.0972], [90.122, 26.0977], [90.1228, 26.0978], [90.1253, 26.0987], [90.1262, 26.0984], [90.1281, 26.0964], [90.1292, 26.0951], [90.1299, 26.0945], [90.1303, 26.0928], [90.1297, 26.0911], [90.1291, 26.0902], [90.1287, 26.0894], [90.1286, 26.0893], [90.1195, 26.0896], [90.1187, 26.0871], [90.1175, 26.0846], [90.1157, 26.0812], [90.1139, 26.0775], [90.1138, 26.0774], [90.1119, 26.0788], [90.1092, 26.0802], [90.1064, 26.0816], [90.1057, 26.082], [90.1051, 26.0823], [90.1021, 26.0833], [90.1002, 26.0835], [90.0985, 26.0845], [90.0997, 26.0859], [90.0998, 26.0872], [90.1024, 26.0882], [90.1048, 26.088], [90.1067, 26.0889], [90.1069, 26.089], [90.1069, 26.0898], [90.1071, 26.092], [90.1083, 26.0936], [90.1084, 26.0936], [90.1099, 26.0935], [90.1101, 26.0944], [90.1103, 26.0951], [90.1106, 26.0958], [90.1103, 26.0976], [90.109, 26.1002], [90.1077, 26.1014], [90.106, 26.1041], [90.106, 26.1042], [90.1062, 26.1051], [90.1067, 26.1055], [90.1076, 26.1063], [90.11, 26.1066], [90.1102, 26.1064], [90.1121, 26.1052], [90.1137, 26.1037], [90.1151, 26.1028], [90.1153, 26.1018], [90.1154, 26.1011], [90.1157, 26.099], [90.1176, 26.0973]]]}, "properties": {"OBJECTID": 115017, "gpcode": "106109", "gpname": "BANDIHANA", "stname": "ASSAM", "dtname": "Dhubri", "sdtname": "Bagribari (Pt)", "stcode11": "18", "dtcode11": "301", "sdtcode11": "02005", "blklgdcode": "2551", "blkname": "BIRSHING-JARUA", "dt_lgd": 285, "sdt_lgd": 2005, "st_lgd": 18, "vilcode11": 0, "vilname11": "", "pan_local": "BIRSHING-JARUA", "b_pan_code": 2951, "b_pan_name": "BIRSHING-JARUA", "d_pan_code": 248, "d_pan_name": "DHUBRI", "gp_code": "106109", "gp_name": "BANDIHANA", "st_2011": "18", "dt_2011": "301", "sdt_2011": "02005", "subdtname": "Bagribari (Pt)", "block_name": "BIRSHING-JARUA", "blk_lgdcod": "2551", "dtcode14": "301", "SHAPE_Length": 12536.432372150217, "SHAPE_Area": 5114719.387575033}}, {"type": "Feature", "geometry": {"type": "Polygon", "coordinates": [[[90.1554, 26.1208], [90.1553, 26.1167], [90.1532, 26.1142], [90.1503, 26.1111], [90.1501, 26.1111], [90.1439, 26.1075], [90.1419, 26.1064], [90.1397, 26.1051], [90.1383, 26.1043], [90.1369, 26.1035], [90.1369, 26.1031], [90.1371, 26.1016], [90.1354, 26.103], [90.1336, 26.1038], [90.1327, 26.1047], [90.1312, 26.1051], [90.1282, 26.1051], [90.1256, 26.1053], [90.124, 26.1055], [90.1228, 26.1063], [90.1221, 26.1067], [90.1203, 26.1052], [90.1196, 26.106], [90.1184, 26.1068], [90.1174, 26.1071], [90.1165, 26.1073], [90.1149, 26.1078], [90.1133, 26.1082], [90.1139, 26.11], [90.1148, 26.1118], [90.1157, 26.1136], [90.1181, 26.1161], [90.1185, 26.117], [90.1194, 26.1187], [90.1202, 26.1204], [90.1207, 26.1214], [90.1233, 26.1208], [90.1248, 26.1205], [90.125, 26.1204], [90.1268, 26.1196], [90.1288, 26.1193], [90.132, 26.1185], [90.1358, 26.1182], [90.1393, 26.1183], [90.142, 26.1187], [90.1442, 26.1195], [90.1466, 26.1208], [90.1482, 26.1227], [90.1495, 26.1242], [90.1515, 26.1248], [90.1515, 26.1247], [90.1527, 26.1224], [90.1554, 26.1208]]]}, "properties": {"OBJECTID": 115018, "gpcode": "106109", "gpname": "BANDIHANA", "stname": "ASSAM", "dtname": "Dhubri", "sdtname": "Bagribari (Pt)", "stcode11": "18", "dtcode11": "301", "sdtcode11": "02005", "blklgdcode": "2551", "blkname": "BIRSHING-JARUA", "dt_lgd": 285, "sdt_lgd": 2005, "st_lgd": 18, "vilcode11": 0, "vilname11": "", "pan_local": "BIRSHING-JARUA", "b_pan_code": 2951, "b_pan_name": "BIRSHING-JARUA", "d_pan_code": 248, "d_pan_name": "DHUBRI", "gp_code": "106109", "gp_name": "BANDIHANA", "st_2011": "18", "dt_2011": "301", "sdt_2011": "02005", "subdtname": "Bagribari (Pt)", "block_name": "BIRSHING-JARUA", "blk_lgdcod": "2551", "dtcode14": "301", "SHAPE_Length": 12752.559613433566, "SHAPE_Area": 7061693.0457638465}}, {"type": "Feature", "geometry": {"type": "Polygon", "coordinates": [[[90.17, 26.1402], [90.1808, 26.1377], [90.1883, 26.1389], [90.1895, 26.1374], [90.1921, 26.1341], [90.1929, 26.1322], [90.1913, 26.1304], [90.1917, 26.1289], [90.1939, 26.1263], [90.1927, 26.1257], [90.1916, 26.1246], [90.19, 26.1228], [90.1892, 26.1217], [90.189, 26.1213], [90.1866, 26.1225], [90.1845, 26.1246], [90.1821, 26.1249], [90.1794, 26.1243], [90.1782, 26.1249], [90.1762, 26.1252], [90.1739, 26.1246], [90.1724, 26.1242], [90.1703, 26.1246], [90.1723, 26.1225], [90.1728, 26.1221], [90.171, 26.1207], [90.1708, 26.118], [90.1706, 26.1162], [90.1704, 26.1143], [90.1695, 26.1123], [90.1691, 26.1115], [90.1685, 26.1104], [90.1688, 26.1091], [90.1674, 26.1068], [90.1656, 26.105], [90.1655, 26.1048], [90.1654, 26.1036], [90.1668, 26.1045], [90.1692, 26.1053], [90.1718, 26.1052], [90.1748, 26.1036], [90.1749, 26.1036], [90.1737, 26.103], [90.1733, 26.1018], [90.1728, 26.1001], [90.1728, 26.0973], [90.1732, 26.0961], [90.1732, 26.096], [90.1737, 26.094], [90.1736, 26.0926], [90.1734, 26.0904], [90.1734, 26.0902], [90.1726, 26.088], [90.1722, 26.0869], [90.1675, 26.0878], [90.1631, 26.0881], [90.1601, 26.0881], [90.1563, 26.0881], [90.1505, 26.0877], [90.1494, 26.0879], [90.1516, 26.0931], [90.1522, 26.0939], [90.1517, 26.094], [90.1486, 26.0952], [90.1461, 26.0966], [90.1434, 26.097], [90.144, 26.098], [90.1429, 26.0985], [90.1372, 26.1013], [90.1371, 26.1016], [90.1369, 26.1031], [90.1369, 26.1035], [90.1383, 26.1043], [90.1397, 26.1051], [90.1419, 26.1064], [90.1439, 26.1075], [90.1501, 26.1111], [90.1503, 26.1111], [90.1532, 26.1142], [90.1553, 26.1167], [90.1554, 26.1208], [90.1527, 26.1224], [90.1515, 26.1247], [90.1515, 26.1248], [90.1512, 26.1271], [90.1498, 26.1284], [90.1515, 26.1299], [90.153, 26.1324], [90.1541, 26.1351], [90.1578, 26.1353], [90.1603, 26.1346], [90.1625, 26.1344], [90.1646, 26.1341], [90.1656, 26.134], [90.1679, 26.1333], [90.1686, 26.1357], [90.1695, 26.1386], [90.17, 26.1402]]]}, "properties": {"OBJECTID": 115020, "gpcode": "106111", "gpname": "BOYZERALGA", "stname": "ASSAM", "dtname": "Dhubri", "sdtname": "Bagribari (Pt)", "stcode11": "18", "dtcode11": "301", "sdtcode11": "02005", "blklgdcode": "2551", "blkname": "BIRSHING-JARUA", "dt_lgd": 285, "sdt_lgd": 2005, "st_lgd": 18, "vilcode11": 0, "vilname11": "", "pan_local": "BIRSHING-JARUA", "b_pan_code": 2951, "b_pan_name": "BIRSHING-JARUA", "d_pan_code": 248, "d_pan_name": "DHUBRI", "gp_code": "106111", "gp_name": "BOYZERALGA", "st_2011": "18", "dt_2011": "301", "sdt_2011": "02005", "subdtname": "Bagribari (Pt)", "block_name": "BIRSHING-JARUA", "blk_lgdcod": "2551", "dtcode14": "301", "SHAPE_Length": 26908.537751913816, "SHAPE_Area": 18727707.60612641}}, {"type": "Feature", "geometry": {"type": "Polygon", "coordinates": [[[90.0599, 26.0362], [90.0609, 26.0329], [90.0617, 26.0301], [90.0625, 26.0289], [90.0628, 26.0288], [90.0629, 26.0287], [90.0648, 26.028], [90.0657, 26.0277], [90.0672, 26.0272], [90.0679, 26.0265], [90.0697, 26.0259], [90.071, 26.0263], [90.0725, 26.0254], [90.0717, 26.0237], [90.0704, 26.0223], [90.0682, 26.0162], [90.0681, 26.0161], [90.0678, 26.0155], [90.0677, 26.0154], [90.0667, 26.0133], [90.0655, 26.0117], [90.0649, 26.0095], [90.0636, 26.0055], [90.0621, 26.0044], [90.062, 26.0044], [90.0611, 26.0048], [90.0593, 26.0047], [90.058, 26.0039], [90.0572, 26.0033], [90.0569, 26.0029], [90.0569, 26.0028], [90.0567, 26.0025], [90.0562, 26.0015], [90.0563, 26.0004], [90.056, 26.0004], [90.0554, 26.0004], [90.0553, 26.0004], [90.0545, 25.9978], [90.0534, 25.9967], [90.0527, 25.9962], [90.0525, 25.9958], [90.0496, 25.9923], [90.0484, 25.9909], [90.0471, 25.9882], [90.0463, 25.988], [90.0444, 25.9875], [90.0437, 25.9871], [90.0424, 25.9873], [90.0406, 25.9867], [90.038, 25.9859], [90.0372, 25.9858], [90.0359, 25.9857], [90.0349, 25.9857], [90.0346, 25.9858], [90.0345, 25.9853], [90.0337, 25.9858], [90.0323, 25.9868], [90.0292, 25.9883], [90.0276, 25.9885], [90.0262, 25.9891], [90.0261, 25.9892], [90.0263, 25.9901], [90.0265, 25.991], [90.0262, 25.992], [90.0266, 25.9928], [90.0273, 25.9941], [90.027, 25.9952], [90.0269, 25.9957], [90.0266, 25.9968], [90.0265, 25.9974], [90.0257, 26.0005], [90.0242, 26.0027], [90.0241, 26.0026], [90.0241, 26.0027], [90.022, 26.005], [90.0213, 26.005], [90.0199, 26.0045], [90.0183, 26.0043], [90.015, 26.0068], [90.0149, 26.0068], [90.0144, 26.0083], [90.0145, 26.0094], [90.0145, 26.0104], [90.0145, 26.0111], [90.015, 26.0122], [90.0159, 26.0133], [90.0165, 26.0138], [90.0174, 26.0143], [90.0179, 26.0142], [90.0184, 26.0142], [90.0195, 26.0134], [90.0201, 26.013], [90.0207, 26.0126], [90.0215, 26.0123], [90.0223, 26.0123], [90.0226, 26.0128], [90.0237, 26.0129], [90.0246, 26.0134], [90.025, 26.0133], [90.0258, 26.0132], [90.0268, 26.013], [90.0279, 26.0128], [90.0289, 26.0136], [90.0301, 26.0138], [90.0311, 26.0138], [90.0319, 26.0139], [90.0334, 26.0139], [90.0344, 26.014], [90.036, 26.0142], [90.0358, 26.0142], [90.0361, 26.0148], [90.0355, 26.0157], [90.0343, 26.0172], [90.0332, 26.0187], [90.0328, 26.0196], [90.0324, 26.0209], [90.032, 26.0223], [90.0315, 26.0229], [90.0311, 26.0236], [90.0307, 26.0239], [90.0298, 26.0245], [90.0292, 26.0248], [90.0295, 26.0264], [90.03, 26.0268], [90.032, 26.0281], [90.0348, 26.0293], [90.0358, 26.0296], [90.0372, 26.0295], [90.0373, 26.0295], [90.0386, 26.0295], [90.0403, 26.0301], [90.0416, 26.0306], [90.0425, 26.0316], [90.044, 26.033], [90.0453, 26.0338], [90.0461, 26.0338], [90.0486, 26.0336], [90.049, 26.0336], [90.054, 26.035], [90.0553, 26.0356], [90.059, 26.0374], [90.059, 26.0373], [90.0599, 26.0362]]]}, "properties": {"OBJECTID": 115021, "gpcode": "106112", "gpname": "CHALAKURA", "stname": "ASSAM", "dtname": "Dhubri", "sdtname": "Dhubri", "stcode11": "18", "dtcode11": "301", "sdtcode11": "02008", "blklgdcode": "2551", "blkname": "BIRSHING-JARUA", "dt_lgd": 285, "sdt_lgd": 6014, "st_lgd": 18, "vilcode11": 0, "vilname11": "", "pan_local": "BIRSHING-JARUA", "b_pan_code": 2951, "b_pan_name": "BIRSHING-JARUA", "d_pan_code": 248, "d_pan_name": "DHUBRI", "gp_code": "106112", "gp_name": "CHALAKURA", "st_2011": "18", "dt_2011": "301", "sdt_2011": "02008", "subdtname": "Dhubri", "block_name": "BIRSHING-JARUA", "blk_lgdcod": "2551", "dtcode14": "301", "SHAPE_Length": 22618.116579878984, "SHAPE_Area": 21780956.617993593}}, {"type": "Feature", "geometry": {"type": "Polygon", "coordinates": [[[89.9013, 25.9092], [89.9001, 25.9065], [89.8992, 25.904], [89.8985, 25.9024], [89.8978, 25.9003], [89.8979, 25.9003], [89.8978, 25.9002], [89.896, 25.8983], [89.8929, 25.896], [89.8905, 25.8961], [89.8902, 25.896], [89.8901, 25.896], [89.889, 25.8956], [89.8868, 25.8904], [89.8867, 25.8903], [89.8865, 25.8899], [89.8832, 25.8843], [89.8827, 25.8837], [89.8826, 25.8836], [89.8794, 25.8802], [89.8777, 25.8795], [89.8765, 25.879], [89.8723, 25.8798], [89.8721, 25.8798], [89.8721, 25.8799], [89.8719, 25.88], [89.8692, 25.8816], [89.8673, 25.8832], [89.866, 25.883], [89.866, 25.8831], [89.8658, 25.8837], [89.8661, 25.8874], [89.8665, 25.8898], [89.8674, 25.8899], [89.8689, 25.8905], [89.8694, 25.8922], [89.8692, 25.8949], [89.8694, 25.9008], [89.8682, 25.9014], [89.8684, 25.9021], [89.8693, 25.9025], [89.869, 25.9035], [89.8681, 25.9047], [89.8638, 25.9029], [89.8591, 25.9034], [89.8592, 25.9037], [89.8595, 25.9043], [89.8597, 25.9046], [89.86, 25.9053], [89.8602, 25.9057], [89.8604, 25.9064], [89.8605, 25.9067], [89.8607, 25.907], [89.8608, 25.9073], [89.8615, 25.907], [89.8618, 25.9068], [89.8619, 25.9069], [89.8623, 25.9074], [89.8629, 25.9079], [89.8631, 25.9082], [89.8633, 25.9084], [89.8636, 25.9087], [89.8641, 25.9092], [89.8647, 25.9099], [89.8653, 25.9105], [89.8657, 25.911], [89.866, 25.9113], [89.8664, 25.9117], [89.8668, 25.9122], [89.8669, 25.9123], [89.8676, 25.913], [89.8679, 25.9132], [89.8683, 25.9136], [89.8688, 25.9141], [89.8693, 25.9147], [89.8699, 25.9152], [89.87, 25.9153], [89.8701, 25.9154], [89.8705, 25.9158], [89.8711, 25.9164], [89.8717, 25.917], [89.8725, 25.9179], [89.8735, 25.9188], [89.8743, 25.9196], [89.8748, 25.9201], [89.8755, 25.921], [89.8762, 25.9218], [89.8769, 25.9227], [89.8775, 25.9234], [89.8777, 25.9236], [89.8781, 25.9242], [89.8782, 25.9242], [89.8783, 25.9248], [89.8784, 25.925], [89.8784, 25.9252], [89.8784, 25.9257], [89.8773, 25.9257], [89.8773, 25.9258], [89.8777, 25.9267], [89.8778, 25.9269], [89.8779, 25.9272], [89.8781, 25.9278], [89.8783, 25.9281], [89.8785, 25.9286], [89.8787, 25.9289], [89.8791, 25.9299], [89.8792, 25.93], [89.8796, 25.9307], [89.8797, 25.9309], [89.8798, 25.9312], [89.88, 25.9317], [89.8801, 25.9319], [89.8802, 25.9322], [89.8807, 25.9334], [89.8811, 25.9344], [89.8814, 25.9349], [89.8814, 25.935], [89.8815, 25.935], [89.8836, 25.9335], [89.8868, 25.9312], [89.8899, 25.9289], [89.8927, 25.9275], [89.8955, 25.9255], [89.8984, 25.923], [89.9011, 25.9202], [89.9032, 25.9176], [89.904, 25.9161], [89.9038, 25.9148], [89.9029, 25.912], [89.9015, 25.9095], [89.9013, 25.9092]]]}, "properties": {"OBJECTID": 115022, "gpcode": "106113", "gpname": "FULKAKATA", "stname": "ASSAM", "dtname": "Dhubri", "sdtname": "Dhubri", "stcode11": "18", "dtcode11": "301", "sdtcode11": "02008", "blklgdcode": "2555", "blkname": "GAURIPUR", "dt_lgd": 285, "sdt_lgd": 6014, "st_lgd": 18, "vilcode11": 0, "vilname11": "", "pan_local": "GOURIPUR", "b_pan_code": 2955, "b_pan_name": "GAURIPUR", "d_pan_code": 248, "d_pan_name": "DHUBRI", "gp_code": "106113", "gp_name": "FULKAKATA", "st_2011": "18", "dt_2011": "301", "sdt_2011": "02008", "subdtname": "Dhubri", "block_name": "GAURIPUR", "blk_lgdcod": "2555", "dtcode14": "301", "SHAPE_Length": 19819.19370695003, "SHAPE_Area": 17553856.1873041}}, {"type": "Feature", "geometry": {"type": "Polygon", "coordinates": [[[90.0667, 26.1247], [90.065, 26.1214], [90.0653, 26.1213], [90.065, 26.1183], [90.0648, 26.1146], [90.0647, 26.1135], [90.0663, 26.1137], [90.0676, 26.1143], [90.0684, 26.1146], [90.0695, 26.1164], [90.07, 26.1171], [90.0702, 26.117], [90.0705, 26.1146], [90.0705, 26.1131], [90.0697, 26.1118], [90.0695, 26.1115], [90.0685, 26.1103], [90.0683, 26.1085], [90.0675, 26.1066], [90.0657, 26.1039], [90.0656, 26.104], [90.0641, 26.1028], [90.0632, 26.1009], [90.0632, 26.1008], [90.063, 26.0989], [90.0628, 26.0966], [90.0626, 26.0948], [90.063, 26.0919], [90.063, 26.0912], [90.0586, 26.0889], [90.0577, 26.0876], [90.0555, 26.087], [90.0553, 26.087], [90.0534, 26.0869], [90.0496, 26.0854], [90.0475, 26.0842], [90.0452, 26.0829], [90.0451, 26.0828], [90.0411, 26.0826], [90.0387, 26.0813], [90.0354, 26.0795], [90.0329, 26.079], [90.0312, 26.0788], [90.0308, 26.0788], [90.0306, 26.0788], [90.0305, 26.0788], [90.0306, 26.0795], [90.0306, 26.0796], [90.031, 26.0802], [90.033, 26.081], [90.0341, 26.0817], [90.0349, 26.0827], [90.0365, 26.0844], [90.0367, 26.0845], [90.0368, 26.0846], [90.0379, 26.0856], [90.039, 26.0872], [90.0398, 26.0891], [90.0398, 26.0902], [90.0407, 26.0914], [90.0412, 26.0921], [90.04, 26.094], [90.0399, 26.0941], [90.0388, 26.0955], [90.038, 26.0965], [90.0371, 26.0981], [90.0363, 26.0994], [90.0344, 26.1017], [90.0343, 26.1018], [90.0328, 26.1035], [90.0327, 26.1045], [90.0327, 26.1046], [90.0343, 26.1111], [90.0348, 26.1127], [90.0374, 26.1133], [90.0394, 26.1138], [90.0395, 26.1139], [90.0398, 26.1139], [90.0418, 26.1147], [90.043, 26.1152], [90.044, 26.1157], [90.0464, 26.1174], [90.047, 26.1178], [90.047, 26.1179], [90.0499, 26.1201], [90.0509, 26.1213], [90.051, 26.1213], [90.0521, 26.1227], [90.0527, 26.1234], [90.0544, 26.1247], [90.0558, 26.1214], [90.0569, 26.1208], [90.0584, 26.1218], [90.0602, 26.1218], [90.0603, 26.1218], [90.0615, 26.1241], [90.0627, 26.1253], [90.0635, 26.1269], [90.0634, 26.1278], [90.0633, 26.1288], [90.0619, 26.1294], [90.0623, 26.1312], [90.0623, 26.1313], [90.0647, 26.1324], [90.069, 26.1344], [90.0691, 26.1345], [90.069, 26.1332], [90.0694, 26.1317], [90.069, 26.1298], [90.0676, 26.1278], [90.0671, 26.126], [90.0667, 26.1247]]]}, "properties": {"OBJECTID": 115023, "gpcode": "106114", "gpname": "PHULKATARI", "stname": "ASSAM", "dtname": "Dhubri", "sdtname": "Bagribari (Pt)", "stcode11": "18", "dtcode11": "301", "sdtcode11": "02005", "blklgdcode": "2551", "blkname": "BIRSHING-JARUA", "dt_lgd": 285, "sdt_lgd": 2005, "st_lgd": 18, "vilcode11": 0, "vilname11": "", "pan_local": "BIRSHING-JARUA", "b_pan_code": 2951, "b_pan_name": "BIRSHING-JARUA", "d_pan_code": 248, "d_pan_name": "DHUBRI", "gp_code": "106114", "gp_name": "PHULKATARI", "st_2011": "18", "dt_2011": "301", "sdt_2011": "02005", "subdtname": "Bagribari (Pt)", "block_name": "BIRSHING-JARUA", "blk_lgdcod": "2551", "dtcode14": "301", "SHAPE_Length": 21971.760648865773, "SHAPE_Area": 14315745.685013702}}, {"type": "Feature", "geometry": {"type": "Polygon", "coordinates": [[[90.0887, 26.1413], [90.0915, 26.1409], [90.0932, 26.1411], [90.0943, 26.1406], [90.0954, 26.1401], [90.0961, 26.1398], [90.0955, 26.1386], [90.0946, 26.1377], [90.0942, 26.1369], [90.0943, 26.1364], [90.0962, 26.1355], [90.0956, 26.1335], [90.0947, 26.1313], [90.0941, 26.1297], [90.0926, 26.1293], [90.0911, 26.1292], [90.089, 26.1294], [90.0878, 26.1295], [90.0863, 26.1297], [90.0857, 26.1298], [90.0831, 26.1304], [90.081, 26.1307], [90.0798, 26.1303], [90.0785, 26.1302], [90.0762, 26.1288], [90.0725, 26.127], [90.0721, 26.1274], [90.0723, 26.1285], [90.0733, 26.1309], [90.0739, 26.1322], [90.0749, 26.134], [90.0765, 26.1367], [90.079, 26.1391], [90.079, 26.1396], [90.0812, 26.1412], [90.083, 26.1421], [90.0845, 26.1423], [90.0867, 26.1419], [90.0873, 26.1418], [90.0887, 26.1413]]]}, "properties": {"OBJECTID": 115024, "gpcode": "106114", "gpname": "PHULKATARI", "stname": "ASSAM", "dtname": "Dhubri", "sdtname": "Bagribari (Pt)", "stcode11": "18", "dtcode11": "301", "sdtcode11": "02005", "blklgdcode": "2551", "blkname": "BIRSHING-JARUA", "dt_lgd": 285, "sdt_lgd": 2005, "st_lgd": 18, "vilcode11": 0, "vilname11": "", "pan_local": "BIRSHING-JARUA", "b_pan_code": 2951, "b_pan_name": "BIRSHING-JARUA", "d_pan_code": 248, "d_pan_name": "DHUBRI", "gp_code": "106114", "gp_name": "PHULKATARI", "st_2011": "18", "dt_2011": "301", "sdt_2011": "02005", "subdtname": "Bagribari (Pt)", "block_name": "BIRSHING-JARUA", "blk_lgdcod": "2551", "dtcode14": "301", "SHAPE_Length": 7894.528430414481, "SHAPE_Area": 3140398.3742682044}}, {"type": "Feature", "geometry": {"type": "Polygon", "coordinates": [[[90.1483, 26.146], [90.1481, 26.1446], [90.1473, 26.1441], [90.144, 26.1447], [90.1432, 26.1442], [90.1412, 26.1398], [90.1384, 26.1397], [90.1379, 26.1398], [90.1362, 26.1402], [90.1363, 26.1406], [90.138, 26.1469], [90.1389, 26.1491], [90.1404, 26.1521], [90.1413, 26.155], [90.1442, 26.1554], [90.1488, 26.1554], [90.1487, 26.1554], [90.1499, 26.1525], [90.1497, 26.1506], [90.1478, 26.1495], [90.1483, 26.146]]]}, "properties": {"OBJECTID": 115025, "gpcode": "106114", "gpname": "PHULKATARI", "stname": "ASSAM", "dtname": "Dhubri", "sdtname": "Bagribari (Pt)", "stcode11": "18", "dtcode11": "301", "sdtcode11": "02005", "blklgdcode": "2551", "blkname": "BIRSHING-JARUA", "dt_lgd": 285, "sdt_lgd": 2005, "st_lgd": 18, "vilcode11": 0, "vilname11": "", "pan_local": "BIRSHING-JARUA", "b_pan_code": 2951, "b_pan_name": "BIRSHING-JARUA", "d_pan_code": 248, "d_pan_name": "DHUBRI", "gp_code": "106114", "gp_name": "PHULKATARI", "st_2011": "18", "dt_2011": "301", "sdt_2011": "02005", "subdtname": "Bagribari (Pt)", "block_name": "BIRSHING-JARUA", "blk_lgdcod": "2551", "dtcode14": "301", "SHAPE_Length": 6008.371607484123, "SHAPE_Area": 1774588.1860415295}}, {"type": "Feature", "geometry": {"type": "Polygon", "coordinates": [[[90.122, 26.0977], [90.1191, 26.0972], [90.1176, 26.0973], [90.1157, 26.099], [90.1154, 26.1011], [90.1153, 26.1018], [90.1151, 26.1028], [90.1137, 26.1037], [90.1121, 26.1052], [90.1102, 26.1064], [90.11, 26.1066], [90.1091, 26.1075], [90.1079, 26.1098], [90.1089, 26.1092], [90.1113, 26.1084], [90.1133, 26.1082], [90.1149, 26.1078], [90.1165, 26.1073], [90.1174, 26.1071], [90.1184, 26.1068], [90.1196, 26.106], [90.1203, 26.1052], [90.1204, 26.1044], [90.1219, 26.1026], [90.1232, 26.1013], [90.1235, 26.1009], [90.1247, 26.0998], [90.1253, 26.0987], [90.1228, 26.0978], [90.122, 26.0977]]]}, "properties": {"OBJECTID": 115027, "gpcode": "106115", "gpname": "GOSSAIDUBI TINDUBI", "stname": "ASSAM", "dtname": "Dhubri", "sdtname": "Bagribari (Pt)", "stcode11": "18", "dtcode11": "301", "sdtcode11": "02005", "blklgdcode": "2551", "blkname": "BIRSHING-JARUA", "dt_lgd": 285, "sdt_lgd": 2005, "st_lgd": 18, "vilcode11": 0, "vilname11": "", "pan_local": "BIRSHING-JARUA", "b_pan_code": 2951, "b_pan_name": "BIRSHING-JARUA", "d_pan_code": 248, "d_pan_name": "DHUBRI", "gp_code": "106115", "gp_name": "GOSSAIDUBI TINDUBI", "st_2011": "18", "dt_2011": "301", "sdt_2011": "02005", "subdtname": "Bagribari (Pt)", "block_name": "BIRSHING-JARUA", "blk_lgdcod": "2551", "dtcode14": "301", "SHAPE_Length": 5397.165856021032, "SHAPE_Area": 1176339.4681185817}}, {"type": "Feature", "geometry": {"type": "Polygon", "coordinates": [[[90.0964, 26.1211], [90.0976, 26.121], [90.0999, 26.1229], [90.1025, 26.1236], [90.1039, 26.1236], [90.1041, 26.1237], [90.1054, 26.1244], [90.1079, 26.125], [90.1102, 26.1254], [90.1132, 26.126], [90.1148, 26.1259], [90.1156, 26.1251], [90.117, 26.1246], [90.1183, 26.1241], [90.1193, 26.1238], [90.1197, 26.123], [90.1207, 26.1214], [90.1202, 26.1204], [90.1194, 26.1187], [90.1185, 26.117], [90.1181, 26.1161], [90.1157, 26.1136], [90.1148, 26.1118], [90.1139, 26.11], [90.1133, 26.1082], [90.1113, 26.1084], [90.1089, 26.1092], [90.1079, 26.1098], [90.1091, 26.1075], [90.11, 26.1066], [90.1076, 26.1063], [90.1067, 26.1055], [90.1062, 26.1051], [90.106, 26.1042], [90.106, 26.1041], [90.1077, 26.1014], [90.109, 26.1002], [90.1103, 26.0976], [90.1106, 26.0958], [90.1103, 26.0951], [90.1101, 26.0944], [90.1099, 26.0935], [90.1084, 26.0936], [90.1083, 26.0936], [90.1071, 26.092], [90.1069, 26.0898], [90.1069, 26.089], [90.1067, 26.0889], [90.1027, 26.0929], [90.0936, 26.0935], [90.0862, 26.0939], [90.0868, 26.0947], [90.0887, 26.0968], [90.0873, 26.097], [90.0845, 26.097], [90.084, 26.0969], [90.0814, 26.0964], [90.0806, 26.0958], [90.0804, 26.0957], [90.0796, 26.0956], [90.0773, 26.0952], [90.0706, 26.0931], [90.0678, 26.0924], [90.0657, 26.0919], [90.0656, 26.0919], [90.0631, 26.0911], [90.063, 26.0912], [90.063, 26.0919], [90.0626, 26.0948], [90.0628, 26.0966], [90.063, 26.0989], [90.0632, 26.1008], [90.0632, 26.1009], [90.0641, 26.1028], [90.0656, 26.104], [90.0657, 26.1039], [90.0675, 26.1066], [90.0683, 26.1085], [90.0685, 26.1103], [90.0695, 26.1115], [90.0697, 26.1118], [90.0705, 26.1131], [90.0705, 26.1146], [90.0702, 26.117], [90.07, 26.1171], [90.0702, 26.1174], [90.0713, 26.1194], [90.0724, 26.1204], [90.0741, 26.1217], [90.0748, 26.1225], [90.0753, 26.1231], [90.0773, 26.1247], [90.0792, 26.1261], [90.0793, 26.1274], [90.0793, 26.1275], [90.0823, 26.1252], [90.0825, 26.125], [90.0859, 26.1237], [90.0869, 26.1229], [90.0881, 26.1224], [90.088, 26.1219], [90.0916, 26.1213], [90.0938, 26.1212], [90.0952, 26.1212], [90.0964, 26.1211]], [[90.0934, 26.1096], [90.0938, 26.1084], [90.0939, 26.1085], [90.096, 26.1094], [90.0987, 26.111], [90.1002, 26.1121], [90.1001, 26.1121], [90.0988, 26.1131], [90.0968, 26.1137], [90.0959, 26.114], [90.0951, 26.1143], [90.0915, 26.1153], [90.0894, 26.1159], [90.0873, 26.1166], [90.0855, 26.1174], [90.0855, 26.1173], [90.084, 26.1171], [90.084, 26.1159], [90.084, 26.1152], [90.0833, 26.1138], [90.0839, 26.1131], [90.0846, 26.112], [90.0865, 26.1114], [90.0867, 26.1113], [90.0866, 26.111], [90.0881, 26.1109], [90.0903, 26.1105], [90.0917, 26.1101], [90.0934, 26.1096]]]}, "properties": {"OBJECTID": 115028, "gpcode": "106116", "gpname": "JARUARCHAR", "stname": "ASSAM", "dtname": "Dhubri", "sdtname": "Bagribari (Pt)", "stcode11": "18", "dtcode11": "301", "sdtcode11": "02005", "blklgdcode": "2551", "blkname": "BIRSHING-JARUA", "dt_lgd": 285, "sdt_lgd": 2005, "st_lgd": 18, "vilcode11": 0, "vilname11": "", "pan_local": "BIRSHING-JARUA", "b_pan_code": 2951, "b_pan_name": "BIRSHING-JARUA", "d_pan_code": 248, "d_pan_name": "DHUBRI", "gp_code": "106116", "gp_name": "JARUARCHAR", "st_2011": "18", "dt_2011": "301", "sdt_2011": "02005", "subdtname": "Bagribari (Pt)", "block_name": "BIRSHING-JARUA", "blk_lgdcod": "2551", "dtcode14": "301", "SHAPE_Length": 27032.77112371807, "SHAPE_Area": 17821263.339537397}}, {"type": "Feature", "geometry": {"type": "Polygon", "coordinates": [[[90.0491, 26.0791], [90.0509, 26.0789], [90.0528, 26.0789], [90.0563, 26.0733], [90.057, 26.0712], [90.0565, 26.0693], [90.0557, 26.0681], [90.0516, 26.0651], [90.0494, 26.0628], [90.0465, 26.0601], [90.0447, 26.0597], [90.0414, 26.0588], [90.0416, 26.0582], [90.0428, 26.0578], [90.0438, 26.0573], [90.0461, 26.0569], [90.0502, 26.0584], [90.0519, 26.0587], [90.0527, 26.0596], [90.0528, 26.0597], [90.0528, 26.0596], [90.053, 26.0595], [90.0539, 26.0595], [90.0569, 26.06], [90.0598, 26.0598], [90.0626, 26.0596], [90.063, 26.0591], [90.0681, 26.058], [90.0682, 26.058], [90.0714, 26.0571], [90.0767, 26.0556], [90.0802, 26.0545], [90.0801, 26.0538], [90.0791, 26.0518], [90.0773, 26.0503], [90.0773, 26.0492], [90.0761, 26.0473], [90.075, 26.0456], [90.0749, 26.0454], [90.0753, 26.0452], [90.077, 26.0443], [90.0782, 26.0437], [90.0811, 26.0421], [90.0832, 26.041], [90.0849, 26.0397], [90.0853, 26.0394], [90.0854, 26.0394], [90.0853, 26.0393], [90.0834, 26.0404], [90.0826, 26.0405], [90.0812, 26.0393], [90.081, 26.0367], [90.0782, 26.0322], [90.0765, 26.0311], [90.0739, 26.0292], [90.0716, 26.0265], [90.071, 26.0263], [90.0697, 26.0259], [90.0679, 26.0265], [90.0672, 26.0272], [90.0657, 26.0277], [90.0648, 26.028], [90.0629, 26.0287], [90.0628, 26.0288], [90.0625, 26.0289], [90.0617, 26.0301], [90.0609, 26.0329], [90.0599, 26.0362], [90.059, 26.0373], [90.059, 26.0374], [90.0553, 26.0356], [90.054, 26.035], [90.049, 26.0336], [90.0486, 26.0336], [90.0461, 26.0338], [90.0453, 26.0338], [90.044, 26.033], [90.0425, 26.0316], [90.0416, 26.0306], [90.0403, 26.0301], [90.0386, 26.0295], [90.0373, 26.0295], [90.0372, 26.0295], [90.0358, 26.0296], [90.0348, 26.0293], [90.032, 26.0281], [90.03, 26.0268], [90.0295, 26.0264], [90.0277, 26.0279], [90.0262, 26.0293], [90.0237, 26.0338], [90.022, 26.0365], [90.0197, 26.0402], [90.0182, 26.0423], [90.0182, 26.0424], [90.0197, 26.0432], [90.0217, 26.0443], [90.0233, 26.0455], [90.0231, 26.046], [90.0245, 26.0489], [90.0269, 26.0525], [90.0286, 26.0541], [90.0309, 26.0558], [90.0313, 26.0561], [90.0316, 26.0563], [90.0314, 26.0564], [90.0308, 26.0568], [90.0302, 26.0573], [90.0289, 26.0576], [90.027, 26.0571], [90.0224, 26.0563], [90.0198, 26.0557], [90.0198, 26.0572], [90.0198, 26.0581], [90.0182, 26.0585], [90.0173, 26.0589], [90.0176, 26.06], [90.0185, 26.0609], [90.0235, 26.0638], [90.0247, 26.0644], [90.0253, 26.0651], [90.0283, 26.0665], [90.0293, 26.0674], [90.03, 26.0676], [90.03, 26.0692], [90.03, 26.0701], [90.0313, 26.0719], [90.0328, 26.0741], [90.0337, 26.0754], [90.0351, 26.0762], [90.0364, 26.0766], [90.0376, 26.0761], [90.0383, 26.0759], [90.0407, 26.0762], [90.0421, 26.0768], [90.0442, 26.078], [90.0456, 26.0785], [90.0478, 26.0785], [90.0491, 26.0791]]]}, "properties": {"OBJECTID": 115029, "gpcode": "106117", "gpname": "MAJERCHAR CHALAKURA", "stname": "ASSAM", "dtname": "Dhubri", "sdtname": "Dhubri", "stcode11": "18", "dtcode11": "301", "sdtcode11": "02008", "blklgdcode": "2551", "blkname": "BIRSHING-JARUA", "dt_lgd": 285, "sdt_lgd": 6014, "st_lgd": 18, "vilcode11": 0, "vilname11": "", "pan_local": "BIRSHING-JARUA", "b_pan_code": 2951, "b_pan_name": "BIRSHING-JARUA", "d_pan_code": 248, "d_pan_name": "DHUBRI", "gp_code": "106117", "gp_name": "MAJERCHAR CHALAKURA", "st_2011": "18", "dt_2011": "301", "sdt_2011": "02008", "subdtname": "Dhubri", "block_name": "BIRSHING-JARUA", "blk_lgdcod": "2551", "dtcode14": "301", "SHAPE_Length": 31229.780168301295, "SHAPE_Area": 27672368.27529958}}, {"type": "Feature", "geometry": {"type": "Polygon", "coordinates": [[[90.1027, 26.0929], [90.1067, 26.0889], [90.1048, 26.088], [90.1024, 26.0882], [90.0998, 26.0872], [90.0997, 26.0859], [90.0985, 26.0845], [90.1002, 26.0835], [90.1021, 26.0833], [90.1051, 26.0823], [90.1057, 26.082], [90.1064, 26.0816], [90.1092, 26.0802], [90.1119, 26.0788], [90.1138, 26.0774], [90.1139, 26.0775], [90.114, 26.0774], [90.1164, 26.0763], [90.1164, 26.076], [90.1164, 26.0754], [90.1173, 26.0738], [90.119, 26.0731], [90.1202, 26.073], [90.1203, 26.0729], [90.1213, 26.0716], [90.1242, 26.0721], [90.1242, 26.0696], [90.1239, 26.0696], [90.1239, 26.0695], [90.1237, 26.067], [90.1223, 26.0644], [90.1201, 26.0616], [90.1183, 26.0593], [90.1182, 26.0531], [90.1182, 26.053], [90.118, 26.0529], [90.1095, 26.0468], [90.1063, 26.0445], [90.1062, 26.0446], [90.1039, 26.0509], [90.1029, 26.0529], [90.1028, 26.053], [90.103, 26.0552], [90.1033, 26.0586], [90.1036, 26.0621], [90.1022, 26.0661], [90.1015, 26.0664], [90.0988, 26.0665], [90.0956, 26.0666], [90.0924, 26.0666], [90.0895, 26.0673], [90.0877, 26.0676], [90.0855, 26.0672], [90.0848, 26.0671], [90.0822, 26.0666], [90.0789, 26.0649], [90.0751, 26.0628], [90.0724, 26.0611], [90.072, 26.0609], [90.0696, 26.0594], [90.0682, 26.0581], [90.0681, 26.058], [90.063, 26.0591], [90.0626, 26.0596], [90.0598, 26.0598], [90.0569, 26.06], [90.0539, 26.0595], [90.053, 26.0595], [90.0528, 26.0596], [90.0528, 26.0597], [90.0522, 26.0601], [90.0539, 26.0622], [90.0567, 26.0646], [90.0584, 26.0663], [90.0606, 26.0694], [90.063, 26.071], [90.0645, 26.0719], [90.0688, 26.0736], [90.0719, 26.0751], [90.0736, 26.0754], [90.0735, 26.0755], [90.0733, 26.0762], [90.0732, 26.0793], [90.0733, 26.0808], [90.0724, 26.0813], [90.0723, 26.0814], [90.0721, 26.0815], [90.0684, 26.0797], [90.0666, 26.0786], [90.0637, 26.0758], [90.0611, 26.0747], [90.0603, 26.0744], [90.0598, 26.0748], [90.0588, 26.0768], [90.0581, 26.078], [90.0569, 26.0792], [90.0554, 26.08], [90.0542, 26.0809], [90.0524, 26.081], [90.0517, 26.081], [90.05, 26.0816], [90.0476, 26.0823], [90.0467, 26.0824], [90.0452, 26.0828], [90.0451, 26.0828], [90.0452, 26.0829], [90.0475, 26.0842], [90.0496, 26.0854], [90.0534, 26.0869], [90.0553, 26.087], [90.0555, 26.087], [90.0577, 26.0876], [90.0586, 26.0889], [90.063, 26.0912], [90.0631, 26.0911], [90.0656, 26.0919], [90.0657, 26.0919], [90.0678, 26.0924], [90.0706, 26.0931], [90.0773, 26.0952], [90.0796, 26.0956], [90.0804, 26.0957], [90.0806, 26.0958], [90.0814, 26.0964], [90.084, 26.0969], [90.0845, 26.097], [90.0873, 26.097], [90.0887, 26.0968], [90.0868, 26.0947], [90.0862, 26.0939], [90.0936, 26.0935], [90.1027, 26.0929]]]}, "properties": {"OBJECTID": 115039, "gpcode": "106121", "gpname": "PADMERALGA", "stname": "ASSAM", "dtname": "Dhubri", "sdtname": "Bagribari (Pt)", "stcode11": "18", "dtcode11": "301", "sdtcode11": "02005", "blklgdcode": "2551", "blkname": "BIRSHING-JARUA", "dt_lgd": 285, "sdt_lgd": 2005, "st_lgd": 18, "vilcode11": 0, "vilname11": "", "pan_local": "BIRSHING-JARUA", "b_pan_code": 2951, "b_pan_name": "BIRSHING-JARUA", "d_pan_code": 248, "d_pan_name": "DHUBRI", "gp_code": "106121", "gp_name": "PADMERALGA", "st_2011": "18", "dt_2011": "301", "sdt_2011": "02005", "subdtname": "Bagribari (Pt)", "block_name": "BIRSHING-JARUA", "blk_lgdcod": "2551", "dtcode14": "301", "SHAPE_Length": 33729.50990656623, "SHAPE_Area": 25326745.46704251}}, {"type": "Feature", "geometry": {"type": "Polygon", "coordinates": [[[90.4716, 26.329], [90.4698, 26.3284], [90.4691, 26.3282], [90.4671, 26.3274], [90.4662, 26.3264], [90.466, 26.3257], [90.4659, 26.3254], [90.4659, 26.3252], [90.4661, 26.3249], [90.4661, 26.3248], [90.4667, 26.3234], [90.4673, 26.3224], [90.4678, 26.3216], [90.4688, 26.32], [90.469, 26.3198], [90.4695, 26.3193], [90.4704, 26.3184], [90.4708, 26.318], [90.4716, 26.317], [90.4722, 26.3164], [90.4727, 26.3157], [90.4729, 26.3154], [90.4732, 26.315], [90.4739, 26.3141], [90.4759, 26.3123], [90.476, 26.3122], [90.4769, 26.3113], [90.4772, 26.311], [90.4785, 26.3094], [90.4786, 26.3092], [90.4791, 26.3083], [90.4791, 26.3081], [90.4792, 26.3076], [90.4793, 26.307], [90.4796, 26.3057], [90.4797, 26.3054], [90.4797, 26.3045], [90.4795, 26.3039], [90.4791, 26.3031], [90.4791, 26.303], [90.479, 26.3021], [90.4791, 26.3018], [90.4793, 26.3015], [90.4802, 26.3004], [90.4804, 26.3001], [90.4809, 26.2995], [90.4823, 26.2981], [90.4833, 26.2969], [90.4834, 26.2968], [90.4835, 26.2967], [90.4837, 26.2959], [90.4836, 26.2949], [90.4832, 26.2943], [90.4829, 26.2938], [90.4823, 26.2933], [90.4822, 26.2933], [90.4814, 26.2926], [90.4802, 26.2921], [90.4793, 26.2918], [90.4789, 26.2914], [90.4788, 26.2914], [90.4787, 26.2913], [90.4785, 26.2909], [90.4784, 26.2908], [90.4783, 26.2907], [90.4783, 26.2906], [90.4779, 26.2899], [90.4775, 26.2894], [90.4768, 26.2883], [90.4764, 26.2877], [90.4761, 26.2877], [90.4757, 26.2877], [90.4736, 26.2882], [90.4734, 26.2882], [90.4727, 26.2886], [90.4713, 26.2884], [90.4704, 26.2882], [90.4703, 26.2882], [90.47, 26.2881], [90.4696, 26.288], [90.4695, 26.288], [90.4691, 26.2879], [90.469, 26.2878], [90.4685, 26.2876], [90.4679, 26.2875], [90.4678, 26.2876], [90.4673, 26.2881], [90.4668, 26.2887], [90.4666, 26.2889], [90.4656, 26.2896], [90.465, 26.2899], [90.4649, 26.2899], [90.4645, 26.2898], [90.4644, 26.2898], [90.4641, 26.2895], [90.4636, 26.2887], [90.4636, 26.2876], [90.4637, 26.2869], [90.4637, 26.2868], [90.4638, 26.2863], [90.4641, 26.2859], [90.4643, 26.2857], [90.4651, 26.2848], [90.4668, 26.2838], [90.4677, 26.2828], [90.4683, 26.2822], [90.4697, 26.2811], [90.4702, 26.2801], [90.4702, 26.28], [90.4705, 26.279], [90.4706, 26.2788], [90.4703, 26.2783], [90.4702, 26.2781], [90.4702, 26.278], [90.47, 26.2777], [90.4697, 26.2773], [90.469, 26.2769], [90.4677, 26.2764], [90.4663, 26.2762], [90.4662, 26.2762], [90.4659, 26.2762], [90.4658, 26.2762], [90.4643, 26.2761], [90.461, 26.2759], [90.4602, 26.2761], [90.4591, 26.2764], [90.4586, 26.2769], [90.4581, 26.2781], [90.4577, 26.2792], [90.4577, 26.2799], [90.4577, 26.2801], [90.4577, 26.2809], [90.4574, 26.2824], [90.4571, 26.2834], [90.457, 26.284], [90.4568, 26.2842], [90.4567, 26.2844], [90.4566, 26.2846], [90.4565, 26.2846], [90.4565, 26.2847], [90.4564, 26.2848], [90.4562, 26.285], [90.4561, 26.285], [90.456, 26.2851], [90.456, 26.2852], [90.4558, 26.2863], [90.4556, 26.2875], [90.4549, 26.2891], [90.4549, 26.2893], [90.4547, 26.2895], [90.4538, 26.2917], [90.4538, 26.2915], [90.451, 26.2912], [90.4481, 26.2906], [90.4483, 26.291], [90.4486, 26.2927], [90.4481, 26.2943], [90.4471, 26.2966], [90.4461, 26.297], [90.4476, 26.2995], [90.4484, 26.3022], [90.4495, 26.3064], [90.4505, 26.3096], [90.4508, 26.3096], [90.4485, 26.3123], [90.448, 26.313], [90.4462, 26.3168], [90.4462, 26.3169], [90.446, 26.3182], [90.4464, 26.3193], [90.4502, 26.322], [90.4538, 26.3246], [90.4534, 26.3247], [90.453, 26.3251], [90.4554, 26.3273], [90.4577, 26.3306], [90.4589, 26.3321], [90.459, 26.3322], [90.4591, 26.332], [90.4602, 26.3305], [90.461, 26.3297], [90.4628, 26.3288], [90.4641, 26.329], [90.4648, 26.3293], [90.467, 26.3311], [90.4679, 26.3322], [90.4687, 26.3331], [90.469, 26.3334], [90.4701, 26.3342], [90.4702, 26.3342], [90.4703, 26.3343], [90.4704, 26.3343], [90.4705, 26.3343], [90.4706, 26.3343], [90.4721, 26.3346], [90.473, 26.3341], [90.4736, 26.3333], [90.4736, 26.3332], [90.4739, 26.3326], [90.474, 26.3321], [90.474, 26.3311], [90.474, 26.331], [90.474, 26.3308], [90.4736, 26.3304], [90.4736, 26.3303], [90.4727, 26.3296], [90.4716, 26.329]]]}, "properties": {"OBJECTID": 115043, "gpcode": "106123", "gpname": "BAHALPUR", "stname": "ASSAM", "dtname": "Dhubri", "sdtname": "Chapar Pt", "stcode11": "18", "dtcode11": "301", "sdtcode11": "02010", "blklgdcode": "2552", "blkname": "CHAPAR SALKOCHA", "dt_lgd": 285, "sdt_lgd": 6019, "st_lgd": 18, "vilcode11": 0, "vilname11": "", "pan_local": "CHAPOR SHALKOCHA", "b_pan_code": 2952, "b_pan_name": "CHAPAR SALKOCHA", "d_pan_code": 248, "d_pan_name": "DHUBRI", "gp_code": "106123", "gp_name": "BAHALPUR", "st_2011": "18", "dt_2011": "301", "sdt_2011": "02010", "subdtname": "Chapar Pt", "block_name": "CHAPAR SALKOCHA", "blk_lgdcod": "2552", "dtcode14": "301", "SHAPE_Length": 22904.84512410147, "SHAPE_Area": 17007544.874671128}}, {"type": "Feature", "geometry": {"type": "Polygon", "coordinates": [[[90.4558, 26.2863], [90.456, 26.2852], [90.456, 26.2851], [90.4559, 26.2852], [90.4555, 26.2852], [90.4554, 26.2851], [90.4553, 26.285], [90.4551, 26.2848], [90.4549, 26.2842], [90.4549, 26.2841], [90.4551, 26.2832], [90.4549, 26.2831], [90.4538, 26.2811], [90.4527, 26.2807], [90.4508, 26.28], [90.4472, 26.2799], [90.4473, 26.28], [90.4449, 26.2812], [90.4438, 26.2819], [90.444, 26.2825], [90.4455, 26.2846], [90.446, 26.287], [90.447, 26.2888], [90.4481, 26.2906], [90.451, 26.2912], [90.4538, 26.2915], [90.4538, 26.2917], [90.4547, 26.2895], [90.4549, 26.2893], [90.4549, 26.2891], [90.4556, 26.2875], [90.4558, 26.2863]]]}, "properties": {"OBJECTID": 115044, "gpcode": "106124", "gpname": "BARUNITARA BOTORDOL", "stname": "ASSAM", "dtname": "Dhubri", "sdtname": "Chapar Pt", "stcode11": "18", "dtcode11": "301", "sdtcode11": "02010", "blklgdcode": "2552", "blkname": "CHAPAR SALKOCHA", "dt_lgd": 285, "sdt_lgd": 6019, "st_lgd": 18, "vilcode11": 0, "vilname11": "", "pan_local": "CHAPOR SHALKOCHA", "b_pan_code": 2952, "b_pan_name": "CHAPAR SALKOCHA", "d_pan_code": 248, "d_pan_name": "DHUBRI", "gp_code": "106124", "gp_name": "BARUNITARA BOTORDOL", "st_2011": "18", "dt_2011": "301", "sdt_2011": "02010", "subdtname": "Chapar Pt", "block_name": "CHAPAR SALKOCHA", "blk_lgdcod": "2552", "dtcode14": "301", "SHAPE_Length": 4584.645716917151, "SHAPE_Area": 1356324.3963591012}}, {"type": "Feature", "geometry": {"type": "Polygon", "coordinates": [[[90.4462, 26.3168], [90.448, 26.313], [90.4485, 26.3123], [90.4508, 26.3096], [90.4505, 26.3096], [90.4495, 26.3064], [90.4484, 26.3022], [90.4476, 26.2995], [90.4461, 26.297], [90.4436, 26.296], [90.4405, 26.2948], [90.4363, 26.2931], [90.4362, 26.293], [90.4337, 26.2926], [90.4313, 26.2913], [90.4316, 26.2892], [90.4318, 26.2858], [90.4311, 26.2822], [90.43, 26.2796], [90.4246, 26.2802], [90.4222, 26.2819], [90.4206, 26.2815], [90.4201, 26.2815], [90.4153, 26.28], [90.4111, 26.2781], [90.4096, 26.2764], [90.4078, 26.275], [90.4048, 26.2716], [90.4029, 26.2678], [90.399, 26.2694], [90.397, 26.2726], [90.3933, 26.2794], [90.3966, 26.2794], [90.4007, 26.2815], [90.4034, 26.2848], [90.4058, 26.2871], [90.4085, 26.2887], [90.4084, 26.2895], [90.4103, 26.2905], [90.4126, 26.2938], [90.4141, 26.2987], [90.4196, 26.2966], [90.4223, 26.2954], [90.42, 26.2995], [90.4185, 26.3049], [90.4169, 26.3099], [90.4159, 26.3137], [90.4154, 26.315], [90.4155, 26.3151], [90.4193, 26.3146], [90.4213, 26.3145], [90.4204, 26.3156], [90.4206, 26.317], [90.4275, 26.322], [90.4326, 26.325], [90.4373, 26.3269], [90.4402, 26.3284], [90.4412, 26.3268], [90.4428, 26.3245], [90.4452, 26.3199], [90.4464, 26.3193], [90.446, 26.3182], [90.4462, 26.3169], [90.4462, 26.3168]]]}, "properties": {"OBJECTID": 115045, "gpcode": "106124", "gpname": "BARUNITARA BOTORDOL", "stname": "ASSAM", "dtname": "Dhubri", "sdtname": "Chapar Pt", "stcode11": "18", "dtcode11": "301", "sdtcode11": "02010", "blklgdcode": "2552", "blkname": "CHAPAR SALKOCHA", "dt_lgd": 285, "sdt_lgd": 6019, "st_lgd": 18, "vilcode11": 0, "vilname11": "", "pan_local": "CHAPOR SHALKOCHA", "b_pan_code": 2952, "b_pan_name": "CHAPAR SALKOCHA", "d_pan_code": 248, "d_pan_name": "DHUBRI", "gp_code": "106124", "gp_name": "BARUNITARA BOTORDOL", "st_2011": "18", "dt_2011": "301", "sdt_2011": "02010", "subdtname": "Chapar Pt", "block_name": "CHAPAR SALKOCHA", "blk_lgdcod": "2552", "dtcode14": "301", "SHAPE_Length": 24202.176292835, "SHAPE_Area": 18474875.57414819}}, {"type": "Feature", "geometry": {"type": "Polygon", "coordinates": [[[90.3104, 26.2084], [90.3118, 26.209], [90.3141, 26.2099], [90.3171, 26.2102], [90.321, 26.2113], [90.3233, 26.2129], [90.3238, 26.2143], [90.3255, 26.2157], [90.3277, 26.2165], [90.3292, 26.2134], [90.331, 26.2097], [90.3313, 26.2063], [90.3291, 26.2048], [90.3259, 26.202], [90.3206, 26.1996], [90.3171, 26.1981], [90.3108, 26.197], [90.31, 26.1969], [90.3103, 26.1962], [90.3109, 26.1959], [90.3114, 26.1956], [90.3132, 26.1928], [90.3133, 26.1925], [90.313, 26.1916], [90.3117, 26.1931], [90.3101, 26.1948], [90.309, 26.1934], [90.3066, 26.1944], [90.3034, 26.1958], [90.3012, 26.1967], [90.3, 26.1974], [90.2984, 26.1981], [90.2983, 26.1981], [90.2972, 26.1989], [90.2958, 26.2004], [90.2956, 26.2003], [90.2955, 26.2004], [90.2929, 26.2016], [90.2886, 26.2036], [90.2885, 26.2037], [90.2886, 26.2037], [90.2907, 26.2042], [90.2908, 26.2048], [90.2909, 26.206], [90.2919, 26.2061], [90.294, 26.2091], [90.2929, 26.212], [90.2948, 26.2126], [90.2965, 26.213], [90.2974, 26.2147], [90.2973, 26.2166], [90.2969, 26.218], [90.2947, 26.2213], [90.2926, 26.2247], [90.2892, 26.2277], [90.2892, 26.2279], [90.2887, 26.233], [90.2873, 26.2374], [90.287, 26.2379], [90.2872, 26.238], [90.2875, 26.2381], [90.2907, 26.2388], [90.2913, 26.2389], [90.2917, 26.239], [90.2938, 26.2395], [90.2973, 26.2407], [90.2989, 26.242], [90.3009, 26.2424], [90.302, 26.2426], [90.304, 26.243], [90.3058, 26.2439], [90.3077, 26.2444], [90.3091, 26.2427], [90.3123, 26.237], [90.3128, 26.2363], [90.3134, 26.2355], [90.3138, 26.2351], [90.314, 26.2311], [90.3138, 26.2273], [90.3136, 26.2256], [90.3131, 26.2246], [90.3118, 26.2216], [90.3109, 26.2206], [90.3105, 26.22], [90.3098, 26.2185], [90.3095, 26.2163], [90.3102, 26.212], [90.3104, 26.2084]]]}, "properties": {"OBJECTID": 115046, "gpcode": "106125", "gpname": "TILAPARA", "stname": "ASSAM", "dtname": "Dhubri", "sdtname": "Chapar Pt", "stcode11": "18", "dtcode11": "301", "sdtcode11": "02010", "blklgdcode": "2552", "blkname": "CHAPAR SALKOCHA", "dt_lgd": 285, "sdt_lgd": 6019, "st_lgd": 18, "vilcode11": 0, "vilname11": "", "pan_local": "CHAPOR SHALKOCHA", "b_pan_code": 2952, "b_pan_name": "CHAPAR SALKOCHA", "d_pan_code": 248, "d_pan_name": "DHUBRI", "gp_code": "106125", "gp_name": "TILAPARA", "st_2011": "18", "dt_2011": "301", "sdt_2011": "02010", "subdtname": "Chapar Pt", "block_name": "CHAPAR SALKOCHA", "blk_lgdcod": "2552", "dtcode14": "301", "SHAPE_Length": 23004.291266046563, "SHAPE_Area": 15343969.506905358}}, {"type": "Feature", "geometry": {"type": "Polygon", "coordinates": [[[90.2727, 26.2526], [90.2756, 26.2522], [90.2774, 26.2522], [90.2788, 26.2523], [90.2792, 26.2523], [90.2798, 26.2523], [90.2815, 26.2524], [90.282, 26.2524], [90.2838, 26.2524], [90.2839, 26.2524], [90.2844, 26.2524], [90.2862, 26.2522], [90.2865, 26.2522], [90.288, 26.2521], [90.2879, 26.2521], [90.2879, 26.252], [90.2878, 26.2515], [90.2874, 26.2505], [90.2873, 26.2501], [90.2872, 26.25], [90.2872, 26.2498], [90.287, 26.2494], [90.2868, 26.2486], [90.2867, 26.2484], [90.2866, 26.2484], [90.2865, 26.2481], [90.2862, 26.2476], [90.2859, 26.247], [90.2853, 26.2458], [90.2848, 26.2433], [90.2845, 26.2405], [90.2845, 26.2397], [90.2844, 26.2389], [90.2842, 26.2373], [90.2841, 26.2366], [90.287, 26.2379], [90.2873, 26.2374], [90.2887, 26.233], [90.2892, 26.2279], [90.2892, 26.2277], [90.2926, 26.2247], [90.2947, 26.2213], [90.2969, 26.218], [90.2973, 26.2166], [90.2974, 26.2147], [90.2965, 26.213], [90.2948, 26.2126], [90.2929, 26.212], [90.294, 26.2091], [90.2919, 26.2061], [90.2909, 26.206], [90.2908, 26.2048], [90.2907, 26.2042], [90.2886, 26.2037], [90.2885, 26.2037], [90.2879, 26.204], [90.286, 26.2054], [90.2854, 26.206], [90.2848, 26.207], [90.2839, 26.208], [90.2821, 26.2111], [90.2809, 26.2128], [90.2799, 26.2129], [90.2797, 26.2128], [90.2794, 26.2128], [90.2787, 26.2127], [90.2765, 26.2145], [90.2764, 26.2146], [90.2745, 26.2161], [90.2737, 26.2167], [90.2732, 26.2173], [90.2721, 26.218], [90.2712, 26.2185], [90.2728, 26.2198], [90.2743, 26.2211], [90.2722, 26.2214], [90.2707, 26.2218], [90.2692, 26.2251], [90.27, 26.226], [90.2732, 26.2256], [90.275, 26.2252], [90.2755, 26.2254], [90.2765, 26.2261], [90.2759, 26.2273], [90.2731, 26.2289], [90.2711, 26.23], [90.2673, 26.2315], [90.2621, 26.2331], [90.26, 26.2352], [90.2602, 26.2372], [90.2615, 26.2382], [90.2653, 26.2405], [90.2654, 26.2405], [90.2661, 26.2409], [90.269, 26.2437], [90.2697, 26.2451], [90.2698, 26.2452], [90.2698, 26.2453], [90.2699, 26.2454], [90.2714, 26.2482], [90.2719, 26.2504], [90.2727, 26.2525], [90.2727, 26.2526]]]}, "properties": {"OBJECTID": 115047, "gpcode": "106126", "gpname": "CHIRAKUTA", "stname": "ASSAM", "dtname": "Dhubri", "sdtname": "Chapar Pt", "stcode11": "18", "dtcode11": "301", "sdtcode11": "02010", "blklgdcode": "2552", "blkname": "CHAPAR SALKOCHA", "dt_lgd": 285, "sdt_lgd": 6019, "st_lgd": 18, "vilcode11": 0, "vilname11": "", "pan_local": "CHAPOR SHALKOCHA", "b_pan_code": 2952, "b_pan_name": "CHAPAR SALKOCHA", "d_pan_code": 248, "d_pan_name": "DHUBRI", "gp_code": "106126", "gp_name": "CHIRAKUTA", "st_2011": "18", "dt_2011": "301", "sdt_2011": "02010", "subdtname": "Chapar Pt", "block_name": "CHAPAR SALKOCHA", "blk_lgdcod": "2552", "dtcode14": "301", "SHAPE_Length": 19281.723798705694, "SHAPE_Area": 12077314.785772443}}, {"type": "Feature", "geometry": {"type": "Polygon", "coordinates": [[[90.4418, 26.2449], [90.4421, 26.2439], [90.4421, 26.2432], [90.4421, 26.2427], [90.4417, 26.242], [90.4411, 26.2417], [90.4405, 26.2418], [90.4403, 26.2419], [90.4398, 26.242], [90.4369, 26.2425], [90.4342, 26.243], [90.4318, 26.2437], [90.4308, 26.2438], [90.4286, 26.244], [90.4271, 26.2438], [90.4248, 26.2425], [90.423, 26.2414], [90.4227, 26.2412], [90.4224, 26.2409], [90.4223, 26.241], [90.4203, 26.2453], [90.4182, 26.2501], [90.4178, 26.2505], [90.4158, 26.2563], [90.4168, 26.2565], [90.4191, 26.2569], [90.4211, 26.258], [90.4243, 26.2582], [90.4274, 26.2591], [90.4292, 26.2594], [90.4311, 26.2597], [90.4313, 26.2598], [90.4313, 26.2597], [90.4312, 26.2597], [90.4312, 26.2596], [90.4311, 26.2595], [90.431, 26.2593], [90.4307, 26.2587], [90.4306, 26.2584], [90.4305, 26.2572], [90.4306, 26.2571], [90.4307, 26.2566], [90.431, 26.2555], [90.4317, 26.2544], [90.433, 26.2532], [90.4352, 26.2515], [90.4361, 26.2507], [90.436, 26.2504], [90.4361, 26.25], [90.4363, 26.2495], [90.4365, 26.2489], [90.4372, 26.2477], [90.4382, 26.2471], [90.4389, 26.2468], [90.4396, 26.2464], [90.4407, 26.2457], [90.4414, 26.2452], [90.4418, 26.2449]]]}, "properties": {"OBJECTID": 115050, "gpcode": "106127", "gpname": "DHIRERCHAR TARANGAPUR", "stname": "ASSAM", "dtname": "Dhubri", "sdtname": "Chapar Pt", "stcode11": "18", "dtcode11": "301", "sdtcode11": "02010", "blklgdcode": "2552", "blkname": "CHAPAR SALKOCHA", "dt_lgd": 285, "sdt_lgd": 6019, "st_lgd": 18, "vilcode11": 0, "vilname11": "", "pan_local": "CHAPOR SHALKOCHA", "b_pan_code": 2952, "b_pan_name": "CHAPAR SALKOCHA", "d_pan_code": 248, "d_pan_name": "DHUBRI", "gp_code": "106127", "gp_name": "DHIRERCHAR TARANGAPUR", "st_2011": "18", "dt_2011": "301", "sdt_2011": "02010", "subdtname": "Chapar Pt", "block_name": "CHAPAR SALKOCHA", "blk_lgdcod": "2552", "dtcode14": "301", "SHAPE_Length": 8922.738449884495, "SHAPE_Area": 3739890.243048742}}, {"type": "Feature", "geometry": {"type": "Polygon", "coordinates": [[[90.4492, 26.2483], [90.4482, 26.248], [90.4473, 26.248], [90.4463, 26.2485], [90.4449, 26.2496], [90.4444, 26.25], [90.4443, 26.25], [90.4438, 26.2503], [90.4436, 26.2504], [90.4435, 26.2504], [90.4433, 26.2505], [90.4418, 26.252], [90.4413, 26.2525], [90.4405, 26.2538], [90.4402, 26.2541], [90.4401, 26.2542], [90.4399, 26.2546], [90.4396, 26.2555], [90.4394, 26.2562], [90.4392, 26.257], [90.4392, 26.2571], [90.4388, 26.2581], [90.4386, 26.2586], [90.4383, 26.2593], [90.438, 26.2599], [90.438, 26.26], [90.4377, 26.2607], [90.4372, 26.2612], [90.437, 26.2614], [90.4368, 26.2615], [90.4367, 26.2616], [90.4365, 26.2617], [90.4367, 26.2619], [90.4373, 26.2621], [90.4403, 26.2629], [90.4431, 26.2637], [90.4448, 26.2668], [90.4446, 26.2658], [90.4445, 26.2653], [90.4448, 26.2632], [90.445, 26.2621], [90.445, 26.2616], [90.4452, 26.2613], [90.4455, 26.2606], [90.4462, 26.2598], [90.4471, 26.2591], [90.4474, 26.259], [90.4474, 26.2589], [90.4479, 26.2586], [90.448, 26.2585], [90.4481, 26.2584], [90.4485, 26.2581], [90.4493, 26.2577], [90.4501, 26.2571], [90.451, 26.2566], [90.4514, 26.2562], [90.4514, 26.2561], [90.4519, 26.2552], [90.452, 26.2549], [90.452, 26.2548], [90.4518, 26.2539], [90.4515, 26.2521], [90.4515, 26.252], [90.4515, 26.2517], [90.4513, 26.2505], [90.4511, 26.25], [90.4504, 26.2492], [90.4492, 26.2483]]]}, "properties": {"OBJECTID": 115051, "gpcode": "106127", "gpname": "DHIRERCHAR TARANGAPUR", "stname": "ASSAM", "dtname": "Dhubri", "sdtname": "Chapar Pt", "stcode11": "18", "dtcode11": "301", "sdtcode11": "02010", "blklgdcode": "2552", "blkname": "CHAPAR SALKOCHA", "dt_lgd": 285, "sdt_lgd": 6019, "st_lgd": 18, "vilcode11": 0, "vilname11": "", "pan_local": "CHAPOR SHALKOCHA", "b_pan_code": 2952, "b_pan_name": "CHAPAR SALKOCHA", "d_pan_code": 248, "d_pan_name": "DHUBRI", "gp_code": "106127", "gp_name": "DHIRERCHAR TARANGAPUR", "st_2011": "18", "dt_2011": "301", "sdt_2011": "02010", "subdtname": "Chapar Pt", "block_name": "CHAPAR SALKOCHA", "blk_lgdcod": "2552", "dtcode14": "301", "SHAPE_Length": 6326.169486283149, "SHAPE_Area": 1901135.7596164588}}, {"type": "Feature", "geometry": {"type": "Polygon", "coordinates": [[[90.4556, 26.2775], [90.4556, 26.2763], [90.4559, 26.2754], [90.4561, 26.2751], [90.4564, 26.2745], [90.4566, 26.274], [90.4577, 26.2727], [90.4582, 26.2725], [90.4583, 26.2725], [90.4597, 26.272], [90.4608, 26.2718], [90.4617, 26.2717], [90.4626, 26.2722], [90.4631, 26.2723], [90.4646, 26.2725], [90.4654, 26.2726], [90.4655, 26.2726], [90.4656, 26.2726], [90.4662, 26.2727], [90.4681, 26.2731], [90.4688, 26.2733], [90.4708, 26.2735], [90.4717, 26.2733], [90.4722, 26.2731], [90.4726, 26.2728], [90.4728, 26.2727], [90.473, 26.2721], [90.4732, 26.2709], [90.4732, 26.2706], [90.4733, 26.2703], [90.4732, 26.2698], [90.4729, 26.2694], [90.4723, 26.2688], [90.4721, 26.2686], [90.4719, 26.2685], [90.4709, 26.2679], [90.4701, 26.2675], [90.4696, 26.2673], [90.4695, 26.2673], [90.4694, 26.2672], [90.4689, 26.267], [90.4682, 26.2669], [90.4681, 26.2669], [90.4679, 26.2668], [90.4678, 26.2668], [90.4677, 26.2668], [90.4676, 26.2668], [90.4675, 26.2668], [90.4675, 26.2667], [90.4674, 26.2667], [90.4672, 26.2667], [90.4669, 26.2666], [90.4668, 26.2666], [90.4667, 26.2665], [90.466, 26.2663], [90.4655, 26.2662], [90.4643, 26.2662], [90.4636, 26.2663], [90.463, 26.2662], [90.4623, 26.2662], [90.4616, 26.2661], [90.461, 26.2661], [90.4605, 26.266], [90.4591, 26.2658], [90.4577, 26.2658], [90.4572, 26.2661], [90.4564, 26.2665], [90.4561, 26.2671], [90.4556, 26.2679], [90.4554, 26.2684], [90.4553, 26.2686], [90.4553, 26.2688], [90.4552, 26.2693], [90.4546, 26.2705], [90.4543, 26.2711], [90.4539, 26.2717], [90.4535, 26.2722], [90.4525, 26.2738], [90.4529, 26.2755], [90.4527, 26.277], [90.4524, 26.2769], [90.4538, 26.2808], [90.4538, 26.2811], [90.4549, 26.2831], [90.4551, 26.2832], [90.4551, 26.2829], [90.4551, 26.2828], [90.4551, 26.2827], [90.4552, 26.2826], [90.4552, 26.2825], [90.4553, 26.2809], [90.4555, 26.2791], [90.4555, 26.2783], [90.4556, 26.2775]]]}, "properties": {"OBJECTID": 115052, "gpcode": "106127", "gpname": "DHIRERCHAR TARANGAPUR", "stname": "ASSAM", "dtname": "Dhubri", "sdtname": "Chapar Pt", "stcode11": "18", "dtcode11": "301", "sdtcode11": "02010", "blklgdcode": "2552", "blkname": "CHAPAR SALKOCHA", "dt_lgd": 285, "sdt_lgd": 6019, "st_lgd": 18, "vilcode11": 0, "vilname11": "", "pan_local": "CHAPOR SHALKOCHA", "b_pan_code": 2952, "b_pan_name": "CHAPAR SALKOCHA", "d_pan_code": 248, "d_pan_name": "DHUBRI", "gp_code": "106127", "gp_name": "DHIRERCHAR TARANGAPUR", "st_2011": "18", "dt_2011": "301", "sdt_2011": "02010", "subdtname": "Chapar Pt", "block_name": "CHAPAR SALKOCHA", "blk_lgdcod": "2552", "dtcode14": "301", "SHAPE_Length": 7819.51344080333, "SHAPE_Area": 1871415.6911522206}}, {"type": "Feature", "geometry": {"type": "Polygon", "coordinates": [[[90.4204, 26.3156], [90.4213, 26.3145], [90.4193, 26.3146], [90.4155, 26.3151], [90.4154, 26.315], [90.4159, 26.3137], [90.4169, 26.3099], [90.4185, 26.3049], [90.42, 26.2995], [90.4223, 26.2954], [90.4196, 26.2966], [90.4141, 26.2987], [90.4126, 26.2938], [90.4103, 26.2905], [90.4084, 26.2895], [90.4085, 26.2887], [90.4058, 26.2871], [90.4034, 26.2848], [90.4007, 26.2815], [90.3966, 26.2794], [90.3933, 26.2794], [90.397, 26.2726], [90.399, 26.2694], [90.3987, 26.2681], [90.3966, 26.2677], [90.3931, 26.2666], [90.3911, 26.2661], [90.3892, 26.2656], [90.3839, 26.2665], [90.3812, 26.2687], [90.3829, 26.2723], [90.3828, 26.2727], [90.3826, 26.2733], [90.3823, 26.2746], [90.3813, 26.278], [90.3805, 26.2792], [90.3802, 26.2796], [90.3786, 26.2819], [90.3785, 26.2822], [90.3781, 26.2829], [90.3776, 26.2838], [90.3769, 26.285], [90.3765, 26.2856], [90.3758, 26.2868], [90.3757, 26.2871], [90.3748, 26.2905], [90.3747, 26.2909], [90.3753, 26.2949], [90.3754, 26.2959], [90.3764, 26.2992], [90.3764, 26.2993], [90.3776, 26.3006], [90.3794, 26.3026], [90.3794, 26.3031], [90.3794, 26.3032], [90.3794, 26.3043], [90.3794, 26.3044], [90.3794, 26.3054], [90.3795, 26.3071], [90.3792, 26.3093], [90.3793, 26.3093], [90.3834, 26.3114], [90.3838, 26.3116], [90.388, 26.312], [90.3886, 26.3121], [90.3919, 26.3127], [90.3933, 26.313], [90.3934, 26.313], [90.3955, 26.3137], [90.3987, 26.3147], [90.4035, 26.3159], [90.404, 26.316], [90.4041, 26.316], [90.4043, 26.3176], [90.4049, 26.3206], [90.4049, 26.3208], [90.4047, 26.322], [90.404, 26.3261], [90.4039, 26.3266], [90.404, 26.3273], [90.404, 26.3288], [90.4042, 26.3331], [90.4038, 26.3338], [90.4038, 26.3339], [90.4011, 26.3388], [90.401, 26.339], [90.4005, 26.34], [90.3999, 26.3412], [90.3973, 26.3454], [90.3967, 26.3463], [90.3965, 26.3467], [90.396, 26.3475], [90.396, 26.3476], [90.3956, 26.3488], [90.3947, 26.3522], [90.3945, 26.3527], [90.394, 26.3546], [90.395, 26.3586], [90.3951, 26.3593], [90.3956, 26.3598], [90.3974, 26.3616], [90.3976, 26.3618], [90.3988, 26.3627], [90.3999, 26.3635], [90.402, 26.3639], [90.4037, 26.3637], [90.4047, 26.3637], [90.4102, 26.3633], [90.4129, 26.3631], [90.4136, 26.363], [90.4141, 26.3569], [90.4138, 26.3513], [90.4139, 26.3459], [90.414, 26.3421], [90.4151, 26.341], [90.4159, 26.3409], [90.4123, 26.3392], [90.4096, 26.3361], [90.4094, 26.3351], [90.4096, 26.335], [90.4109, 26.3335], [90.4123, 26.3318], [90.4143, 26.3279], [90.4158, 26.3248], [90.4189, 26.3203], [90.4196, 26.3184], [90.4206, 26.317], [90.4204, 26.3156]]]}, "properties": {"OBJECTID": 115054, "gpcode": "106128", "gpname": "FALIMARI KRISHNAKALI", "stname": "ASSAM", "dtname": "Dhubri", "sdtname": "Chapar Pt", "stcode11": "18", "dtcode11": "301", "sdtcode11": "02010", "blklgdcode": "2552", "blkname": "CHAPAR SALKOCHA", "dt_lgd": 285, "sdt_lgd": 6019, "st_lgd": 18, "vilcode11": 0, "vilname11": "", "pan_local": "CHAPOR SHALKOCHA", "b_pan_code": 2952, "b_pan_name": "CHAPAR SALKOCHA", "d_pan_code": 248, "d_pan_name": "DHUBRI", "gp_code": "106128", "gp_name": "FALIMARI KRISHNAKALI", "st_2011": "18", "dt_2011": "301", "sdt_2011": "02010", "subdtname": "Chapar Pt", "block_name": "CHAPAR SALKOCHA", "blk_lgdcod": "2552", "dtcode14": "301", "SHAPE_Length": 34637.98124422183, "SHAPE_Area": 28713258.410318702}}, {"type": "Feature", "geometry": {"type": "Polygon", "coordinates": [[[90.3134, 26.2195], [90.3175, 26.2188], [90.321, 26.2192], [90.3217, 26.2201], [90.3223, 26.219], [90.3226, 26.2185], [90.3234, 26.2153], [90.3238, 26.2143], [90.3233, 26.2129], [90.321, 26.2113], [90.3171, 26.2102], [90.3141, 26.2099], [90.3118, 26.209], [90.3104, 26.2084], [90.3102, 26.212], [90.3095, 26.2163], [90.3098, 26.2185], [90.3105, 26.22], [90.3109, 26.2206], [90.3134, 26.2195]]]}, "properties": {"OBJECTID": 115055, "gpcode": "106129", "gpname": "GERAVITA", "stname": "ASSAM", "dtname": "Dhubri", "sdtname": "Chapar Pt", "stcode11": "18", "dtcode11": "301", "sdtcode11": "02010", "blklgdcode": "2552", "blkname": "CHAPAR SALKOCHA", "dt_lgd": 285, "sdt_lgd": 6019, "st_lgd": 18, "vilcode11": 0, "vilname11": "", "pan_local": "CHAPOR SHALKOCHA", "b_pan_code": 2952, "b_pan_name": "CHAPAR SALKOCHA", "d_pan_code": 248, "d_pan_name": "DHUBRI", "gp_code": "106129", "gp_name": "GERAVITA", "st_2011": "18", "dt_2011": "301", "sdt_2011": "02010", "subdtname": "Chapar Pt", "block_name": "CHAPAR SALKOCHA", "blk_lgdcod": "2552", "dtcode14": "301", "SHAPE_Length": 5373.206608210377, "SHAPE_Area": 1655105.9830026662}}, {"type": "Feature", "geometry": {"type": "Polygon", "coordinates": [[[90.3389, 26.2316], [90.3423, 26.2313], [90.3436, 26.2304], [90.3443, 26.229], [90.3447, 26.2276], [90.3446, 26.2272], [90.3435, 26.2243], [90.3434, 26.2242], [90.3466, 26.2238], [90.3487, 26.2236], [90.3488, 26.2236], [90.3511, 26.2214], [90.3523, 26.2203], [90.3532, 26.2197], [90.3555, 26.218], [90.3554, 26.2164], [90.3553, 26.2157], [90.3547, 26.2138], [90.3494, 26.2117], [90.3496, 26.2102], [90.3491, 26.2065], [90.3483, 26.2038], [90.3474, 26.2019], [90.3475, 26.2016], [90.352, 26.1918], [90.3522, 26.1914], [90.3527, 26.1912], [90.3558, 26.1914], [90.3591, 26.1918], [90.3606, 26.1922], [90.3632, 26.1944], [90.365, 26.1958], [90.3655, 26.1978], [90.3672, 26.1983], [90.3683, 26.197], [90.369, 26.1968], [90.371, 26.197], [90.375, 26.1972], [90.3705, 26.1952], [90.3694, 26.1954], [90.3672, 26.1948], [90.3654, 26.1941], [90.3627, 26.1921], [90.3597, 26.1908], [90.3576, 26.19], [90.3565, 26.19], [90.3536, 26.1898], [90.3503, 26.1898], [90.3499, 26.1898], [90.3484, 26.1899], [90.3456, 26.1896], [90.3414, 26.1896], [90.3396, 26.1897], [90.3376, 26.19], [90.3355, 26.1902], [90.334, 26.19], [90.3335, 26.19], [90.3232, 26.1901], [90.3225, 26.1901], [90.3217, 26.19], [90.3211, 26.19], [90.3201, 26.1899], [90.3183, 26.1898], [90.3147, 26.1901], [90.3139, 26.1902], [90.3111, 26.1903], [90.3108, 26.1912], [90.3107, 26.1917], [90.3106, 26.1921], [90.3104, 26.1923], [90.3103, 26.1925], [90.31, 26.1928], [90.3091, 26.1933], [90.309, 26.1934], [90.3101, 26.1948], [90.3117, 26.1931], [90.313, 26.1916], [90.3133, 26.1925], [90.3132, 26.1928], [90.3114, 26.1956], [90.3109, 26.1959], [90.3103, 26.1962], [90.31, 26.1969], [90.3108, 26.197], [90.3171, 26.1981], [90.3206, 26.1996], [90.3259, 26.202], [90.3291, 26.2048], [90.3313, 26.2063], [90.331, 26.2097], [90.3292, 26.2134], [90.3277, 26.2165], [90.3279, 26.2165], [90.3299, 26.2185], [90.3317, 26.2204], [90.3327, 26.2212], [90.3361, 26.2218], [90.3385, 26.222], [90.3372, 26.2234], [90.3366, 26.2242], [90.3352, 26.226], [90.335, 26.2262], [90.335, 26.2259], [90.3297, 26.225], [90.324, 26.2242], [90.3247, 26.2266], [90.325, 26.2315], [90.3252, 26.2315], [90.3285, 26.2325], [90.3297, 26.233], [90.3302, 26.2332], [90.3326, 26.233], [90.336, 26.2322], [90.3389, 26.2316]]]}, "properties": {"OBJECTID": 115056, "gpcode": "106129", "gpname": "GERAVITA", "stname": "ASSAM", "dtname": "Dhubri", "sdtname": "Chapar Pt", "stcode11": "18", "dtcode11": "301", "sdtcode11": "02010", "blklgdcode": "2552", "blkname": "CHAPAR SALKOCHA", "dt_lgd": 285, "sdt_lgd": 6019, "st_lgd": 18, "vilcode11": 0, "vilname11": "", "pan_local": "CHAPOR SHALKOCHA", "b_pan_code": 2952, "b_pan_name": "CHAPAR SALKOCHA", "d_pan_code": 248, "d_pan_name": "DHUBRI", "gp_code": "106129", "gp_name": "GERAVITA", "st_2011": "18", "dt_2011": "301", "sdt_2011": "02010", "subdtname": "Chapar Pt", "block_name": "CHAPAR SALKOCHA", "blk_lgdcod": "2552", "dtcode14": "301", "SHAPE_Length": 29199.97615208857, "SHAPE_Area": 14622594.58816332}}, {"type": "Feature", "geometry": {"type": "Polygon", "coordinates": [[[90.2444, 26.235], [90.2462, 26.2343], [90.2468, 26.2344], [90.2471, 26.2345], [90.2477, 26.2347], [90.2489, 26.232], [90.249, 26.2319], [90.2508, 26.2293], [90.2518, 26.2276], [90.252, 26.2274], [90.2528, 26.225], [90.2525, 26.2235], [90.2525, 26.2228], [90.2524, 26.2223], [90.252, 26.2196], [90.2515, 26.2166], [90.2482, 26.2153], [90.2471, 26.2148], [90.2453, 26.214], [90.2434, 26.2166], [90.2406, 26.22], [90.2393, 26.222], [90.239, 26.2226], [90.2386, 26.2238], [90.2381, 26.2253], [90.238, 26.2264], [90.238, 26.227], [90.2371, 26.2287], [90.2366, 26.231], [90.2379, 26.2312], [90.2383, 26.2313], [90.2396, 26.2329], [90.2424, 26.2344], [90.2433, 26.2347], [90.2444, 26.235]]]}, "properties": {"OBJECTID": 115057, "gpcode": "106130", "gpname": "HATIPOTA", "stname": "ASSAM", "dtname": "Dhubri", "sdtname": "Bilasipara Pt", "stcode11": "18", "dtcode11": "301", "sdtcode11": "02009", "blklgdcode": "2550", "blkname": "BILASIPARA", "dt_lgd": 285, "sdt_lgd": 6018, "st_lgd": 18, "vilcode11": 0, "vilname11": "", "pan_local": "BILASIPARA", "b_pan_code": 2950, "b_pan_name": "BILASIPARA", "d_pan_code": 248, "d_pan_name": "DHUBRI", "gp_code": "106130", "gp_name": "HATIPOTA", "st_2011": "18", "dt_2011": "301", "sdt_2011": "02009", "subdtname": "Bilasipara Pt", "block_name": "BILASIPARA", "blk_lgdcod": "2550", "dtcode14": "301", "SHAPE_Length": 6927.083266146947, "SHAPE_Area": 3106760.089515616}}, {"type": "Feature", "geometry": {"type": "Polygon", "coordinates": [[[90.4054, 26.2662], [90.4096, 26.2634], [90.4105, 26.2628], [90.4137, 26.2587], [90.4158, 26.2563], [90.4107, 26.2557], [90.407, 26.2547], [90.4031, 26.2525], [90.4009, 26.2505], [90.3993, 26.2494], [90.3976, 26.2485], [90.3965, 26.2479], [90.3933, 26.2459], [90.3893, 26.2439], [90.3853, 26.2419], [90.382, 26.2405], [90.3796, 26.2388], [90.3778, 26.2365], [90.3768, 26.2353], [90.3762, 26.2345], [90.3758, 26.2342], [90.3721, 26.2309], [90.3716, 26.2322], [90.3701, 26.2346], [90.3692, 26.2349], [90.3674, 26.2345], [90.3668, 26.2356], [90.3646, 26.2353], [90.3634, 26.2349], [90.3615, 26.2347], [90.3599, 26.234], [90.3579, 26.2332], [90.359, 26.2296], [90.3594, 26.2269], [90.3605, 26.2257], [90.3594, 26.218], [90.3591, 26.216], [90.3602, 26.2152], [90.3617, 26.2158], [90.3645, 26.2133], [90.3651, 26.2137], [90.3656, 26.2139], [90.3658, 26.2142], [90.3673, 26.2177], [90.3658, 26.2186], [90.3718, 26.2218], [90.3735, 26.2241], [90.3736, 26.2246], [90.3755, 26.2288], [90.3768, 26.2336], [90.3776, 26.2328], [90.3785, 26.2306], [90.3787, 26.23], [90.3798, 26.2273], [90.3798, 26.2235], [90.3788, 26.2232], [90.3777, 26.2224], [90.3769, 26.2214], [90.3765, 26.2198], [90.3766, 26.2182], [90.3768, 26.2163], [90.3766, 26.213], [90.3767, 26.2112], [90.377, 26.2094], [90.3772, 26.2084], [90.3774, 26.2079], [90.3782, 26.206], [90.3789, 26.2032], [90.3788, 26.2025], [90.3779, 26.2015], [90.3773, 26.2003], [90.3774, 26.199], [90.3773, 26.1989], [90.3771, 26.198], [90.3769, 26.1972], [90.375, 26.1972], [90.371, 26.197], [90.369, 26.1968], [90.3683, 26.197], [90.3672, 26.1983], [90.3655, 26.1978], [90.365, 26.1958], [90.3632, 26.1944], [90.3606, 26.1922], [90.3591, 26.1918], [90.3558, 26.1914], [90.3527, 26.1912], [90.3522, 26.1914], [90.352, 26.1918], [90.3475, 26.2016], [90.3474, 26.2019], [90.3483, 26.2038], [90.3491, 26.2065], [90.3496, 26.2102], [90.3494, 26.2117], [90.3547, 26.2138], [90.3553, 26.2157], [90.3554, 26.2164], [90.3555, 26.218], [90.3532, 26.2197], [90.3523, 26.2203], [90.3511, 26.2214], [90.3488, 26.2236], [90.3487, 26.2236], [90.3466, 26.2238], [90.3434, 26.2242], [90.3435, 26.2243], [90.3446, 26.2272], [90.3455, 26.2275], [90.3489, 26.2288], [90.3507, 26.2298], [90.351, 26.2299], [90.3509, 26.2299], [90.3495, 26.2321], [90.3484, 26.2334], [90.3485, 26.2333], [90.3487, 26.2351], [90.3493, 26.2371], [90.3508, 26.2384], [90.3527, 26.2395], [90.3523, 26.2408], [90.3515, 26.2437], [90.3513, 26.2458], [90.3515, 26.2483], [90.3518, 26.2485], [90.3525, 26.2481], [90.3529, 26.248], [90.3527, 26.2477], [90.3524, 26.2476], [90.3525, 26.2472], [90.3528, 26.2466], [90.3532, 26.2464], [90.354, 26.2462], [90.3548, 26.2461], [90.3557, 26.2462], [90.3562, 26.2465], [90.3567, 26.2464], [90.357, 26.2461], [90.3573, 26.2456], [90.3577, 26.2456], [90.3577, 26.2464], [90.3572, 26.2465], [90.357, 26.2468], [90.3569, 26.247], [90.3572, 26.2474], [90.3577, 26.2475], [90.3579, 26.248], [90.3579, 26.2483], [90.3581, 26.249], [90.3584, 26.2494], [90.3593, 26.2497], [90.3604, 26.2502], [90.3608, 26.2505], [90.3602, 26.2512], [90.3599, 26.2516], [90.3592, 26.2519], [90.359, 26.2524], [90.3597, 26.253], [90.3595, 26.2537], [90.3589, 26.2539], [90.3591, 26.2546], [90.3587, 26.2551], [90.3586, 26.2557], [90.3581, 26.2565], [90.3581, 26.2569], [90.358, 26.2577], [90.3573, 26.2579], [90.3573, 26.2592], [90.3581, 26.26], [90.3584, 26.2604], [90.3587, 26.2609], [90.359, 26.2615], [90.3597, 26.262], [90.3599, 26.2622], [90.36, 26.2624], [90.36, 26.263], [90.3602, 26.2636], [90.3608, 26.2641], [90.3617, 26.2645], [90.3627, 26.2646], [90.3634, 26.2647], [90.3637, 26.2647], [90.3638, 26.2647], [90.3649, 26.2647], [90.3654, 26.2645], [90.3658, 26.2644], [90.3663, 26.2644], [90.3668, 26.2645], [90.3672, 26.2647], [90.3675, 26.2651], [90.3675, 26.2653], [90.3674, 26.2658], [90.3675, 26.266], [90.3679, 26.2662], [90.3683, 26.2663], [90.3689, 26.2664], [90.3696, 26.2661], [90.3698, 26.2662], [90.3704, 26.2665], [90.3712, 26.2666], [90.3715, 26.267], [90.3718, 26.2671], [90.3719, 26.267], [90.3721, 26.2668], [90.3725, 26.2667], [90.3726, 26.2667], [90.3732, 26.2666], [90.3738, 26.2664], [90.3743, 26.2663], [90.3745, 26.2664], [90.3746, 26.2664], [90.3753, 26.2666], [90.3773, 26.2673], [90.3784, 26.2677], [90.3787, 26.2678], [90.3812, 26.2686], [90.3812, 26.2687], [90.3839, 26.2665], [90.3892, 26.2656], [90.3911, 26.2661], [90.3931, 26.2666], [90.3966, 26.2677], [90.3987, 26.2681], [90.399, 26.2694], [90.4029, 26.2678], [90.4054, 26.2662]], [[90.3662, 26.2501], [90.3665, 26.2499], [90.3668, 26.2499], [90.3681, 26.2505], [90.369, 26.2512], [90.3697, 26.2519], [90.3699, 26.2526], [90.3697, 26.253], [90.3695, 26.253], [90.3693, 26.2525], [90.3689, 26.2519], [90.3685, 26.2516], [90.3678, 26.2515], [90.3677, 26.2515], [90.3669, 26.2508], [90.3666, 26.2505], [90.3662, 26.2501]]]}, "properties": {"OBJECTID": 115058, "gpcode": "106130", "gpname": "HATIPOTA", "stname": "ASSAM", "dtname": "Dhubri", "sdtname": "Chapar Pt", "stcode11": "18", "dtcode11": "301", "sdtcode11": "02010", "blklgdcode": "2552", "blkname": "CHAPAR SALKOCHA", "dt_lgd": 285, "sdt_lgd": 6019, "st_lgd": 18, "vilcode11": 0, "vilname11": "", "pan_local": "CHAPOR SHALKOCHA", "b_pan_code": 2952, "b_pan_name": "CHAPAR SALKOCHA", "d_pan_code": 248, "d_pan_name": "DHUBRI", "gp_code": "106130", "gp_name": "HATIPOTA", "st_2011": "18", "dt_2011": "301", "sdt_2011": "02010", "subdtname": "Chapar Pt", "block_name": "CHAPAR SALKOCHA", "blk_lgdcod": "2552", "dtcode14": "301", "SHAPE_Length": 44038.404107734474, "SHAPE_Area": 30626964.932901815}}, {"type": "Feature", "geometry": {"type": "Polygon", "coordinates": [[[90.3254, 26.2766], [90.3257, 26.2766], [90.3264, 26.2769], [90.3268, 26.277], [90.3271, 26.2772], [90.3271, 26.2771], [90.3271, 26.277], [90.3267, 26.2763], [90.3264, 26.2756], [90.326, 26.2748], [90.326, 26.2724], [90.3261, 26.2716], [90.3263, 26.2714], [90.3276, 26.2702], [90.3277, 26.2702], [90.3285, 26.2703], [90.3312, 26.2707], [90.3335, 26.2715], [90.3353, 26.2721], [90.3359, 26.2722], [90.3369, 26.2723], [90.3382, 26.2725], [90.3385, 26.2725], [90.3393, 26.2723], [90.3402, 26.272], [90.3404, 26.2719], [90.3405, 26.2718], [90.3406, 26.2718], [90.3407, 26.2717], [90.3408, 26.2716], [90.3409, 26.2716], [90.341, 26.2715], [90.3414, 26.2713], [90.3416, 26.2711], [90.342, 26.2709], [90.3423, 26.2709], [90.344, 26.2707], [90.3445, 26.2713], [90.3452, 26.272], [90.3452, 26.2721], [90.3453, 26.2723], [90.3454, 26.2726], [90.3457, 26.2735], [90.3457, 26.2738], [90.346, 26.2747], [90.3461, 26.2749], [90.3464, 26.2757], [90.3465, 26.2759], [90.3466, 26.2761], [90.3468, 26.2767], [90.347, 26.2771], [90.347, 26.2772], [90.3471, 26.2772], [90.3486, 26.2777], [90.3493, 26.2778], [90.3496, 26.2776], [90.3494, 26.2769], [90.3486, 26.2765], [90.3479, 26.2761], [90.3474, 26.2758], [90.3473, 26.275], [90.3475, 26.2749], [90.348, 26.2746], [90.3484, 26.2744], [90.3486, 26.2739], [90.3489, 26.2738], [90.3492, 26.274], [90.3497, 26.2739], [90.35, 26.2731], [90.3499, 26.2728], [90.3496, 26.2724], [90.3497, 26.2723], [90.3502, 26.2719], [90.3504, 26.2714], [90.3505, 26.2708], [90.3503, 26.2704], [90.3498, 26.27], [90.3496, 26.2697], [90.3492, 26.2692], [90.3487, 26.269], [90.3486, 26.2686], [90.3488, 26.2682], [90.349, 26.2679], [90.349, 26.2674], [90.3487, 26.2673], [90.3479, 26.2671], [90.3475, 26.2669], [90.3471, 26.2666], [90.3464, 26.2666], [90.346, 26.2665], [90.3455, 26.2666], [90.3448, 26.2664], [90.3443, 26.2659], [90.3436, 26.2654], [90.3431, 26.2647], [90.3426, 26.2642], [90.3424, 26.2632], [90.3428, 26.2627], [90.3434, 26.2625], [90.3438, 26.2627], [90.3437, 26.2634], [90.344, 26.2639], [90.3445, 26.264], [90.3448, 26.2637], [90.3445, 26.2633], [90.3446, 26.2628], [90.345, 26.2625], [90.3457, 26.2626], [90.3461, 26.2625], [90.3462, 26.2624], [90.3454, 26.2612], [90.344, 26.26], [90.3435, 26.258], [90.3435, 26.2579], [90.3434, 26.2578], [90.3434, 26.2577], [90.3433, 26.2558], [90.3434, 26.2522], [90.3432, 26.2509], [90.3395, 26.2513], [90.3369, 26.2509], [90.3368, 26.2506], [90.3358, 26.2507], [90.3335, 26.2509], [90.332, 26.251], [90.329, 26.2513], [90.3283, 26.2505], [90.3263, 26.2481], [90.3241, 26.2463], [90.3221, 26.2493], [90.3214, 26.2505], [90.3209, 26.2512], [90.3207, 26.2516], [90.3192, 26.2546], [90.3183, 26.2582], [90.3177, 26.2603], [90.3154, 26.2573], [90.3156, 26.2566], [90.3147, 26.2551], [90.3134, 26.254], [90.3131, 26.2538], [90.3111, 26.2525], [90.3099, 26.2517], [90.3072, 26.2509], [90.3065, 26.2509], [90.3049, 26.2505], [90.3048, 26.2505], [90.3048, 26.2506], [90.3046, 26.2512], [90.3045, 26.2515], [90.3044, 26.2517], [90.3044, 26.2518], [90.304, 26.2527], [90.304, 26.2531], [90.304, 26.254], [90.3041, 26.2546], [90.3039, 26.2553], [90.3038, 26.2555], [90.3037, 26.2561], [90.3034, 26.2574], [90.3034, 26.2575], [90.3036, 26.2578], [90.3039, 26.2583], [90.3044, 26.259], [90.3046, 26.2593], [90.3052, 26.2603], [90.306, 26.2612], [90.3074, 26.2627], [90.3074, 26.2626], [90.3096, 26.2617], [90.3113, 26.2628], [90.3131, 26.264], [90.3134, 26.2642], [90.3165, 26.2664], [90.3169, 26.2668], [90.3181, 26.2678], [90.3181, 26.268], [90.319, 26.2707], [90.3192, 26.2713], [90.3193, 26.2719], [90.3199, 26.2744], [90.3199, 26.2756], [90.32, 26.2765], [90.32, 26.2773], [90.3202, 26.2776], [90.3202, 26.2778], [90.3203, 26.2778], [90.3207, 26.2788], [90.3215, 26.279], [90.3218, 26.279], [90.3228, 26.279], [90.3235, 26.2787], [90.3235, 26.2786], [90.3238, 26.2783], [90.3239, 26.2782], [90.324, 26.278], [90.3243, 26.277], [90.3244, 26.277], [90.3248, 26.2767], [90.3249, 26.2767], [90.3249, 26.2766], [90.3254, 26.2766]]]}, "properties": {"OBJECTID": 115059, "gpcode": "106131", "gpname": "PUKHURIPARA", "stname": "ASSAM", "dtname": "Dhubri", "sdtname": "Chapar Pt", "stcode11": "18", "dtcode11": "301", "sdtcode11": "02010", "blklgdcode": "2552", "blkname": "CHAPAR SALKOCHA", "dt_lgd": 285, "sdt_lgd": 6019, "st_lgd": 18, "vilcode11": 0, "vilname11": "", "pan_local": "CHAPOR SHALKOCHA", "b_pan_code": 2952, "b_pan_name": "CHAPAR SALKOCHA", "d_pan_code": 248, "d_pan_name": "DHUBRI", "gp_code": "106131", "gp_name": "PUKHURIPARA", "st_2011": "18", "dt_2011": "301", "sdt_2011": "02010", "subdtname": "Chapar Pt", "block_name": "CHAPAR SALKOCHA", "blk_lgdcod": "2552", "dtcode14": "301", "SHAPE_Length": 20932.466407768778, "SHAPE_Area": 10428163.252487138}}, {"type": "Feature", "geometry": {"type": "Polygon", "coordinates": [[[90.4158, 26.2563], [90.4178, 26.2505], [90.4182, 26.2501], [90.4203, 26.2453], [90.4223, 26.241], [90.4224, 26.2409], [90.4207, 26.2394], [90.4192, 26.2382], [90.4172, 26.2364], [90.4168, 26.2361], [90.4166, 26.2363], [90.4151, 26.2393], [90.4126, 26.2411], [90.4107, 26.2427], [90.4089, 26.2417], [90.4062, 26.2402], [90.4036, 26.2388], [90.4012, 26.237], [90.3997, 26.2349], [90.3966, 26.2322], [90.394, 26.23], [90.3929, 26.2281], [90.3908, 26.2249], [90.3897, 26.2254], [90.3885, 26.2254], [90.388, 26.2257], [90.3862, 26.2257], [90.3845, 26.2252], [90.3843, 26.2252], [90.3822, 26.2246], [90.3805, 26.2238], [90.3803, 26.2237], [90.3798, 26.2235], [90.3798, 26.2273], [90.3787, 26.23], [90.3785, 26.2306], [90.3776, 26.2328], [90.3768, 26.2336], [90.3761, 26.2343], [90.3762, 26.2345], [90.3768, 26.2353], [90.3778, 26.2365], [90.3796, 26.2388], [90.382, 26.2405], [90.3853, 26.2419], [90.3893, 26.2439], [90.3933, 26.2459], [90.3965, 26.2479], [90.3976, 26.2485], [90.3993, 26.2494], [90.4009, 26.2505], [90.4031, 26.2525], [90.407, 26.2547], [90.4107, 26.2557], [90.4158, 26.2563]]]}, "properties": {"OBJECTID": 115060, "gpcode": "106132", "gpname": "PUTHIMARI", "stname": "ASSAM", "dtname": "Dhubri", "sdtname": "Chapar Pt", "stcode11": "18", "dtcode11": "301", "sdtcode11": "02010", "blklgdcode": "2552", "blkname": "CHAPAR SALKOCHA", "dt_lgd": 285, "sdt_lgd": 6019, "st_lgd": 18, "vilcode11": 0, "vilname11": "", "pan_local": "CHAPOR SHALKOCHA", "b_pan_code": 2952, "b_pan_name": "CHAPAR SALKOCHA", "d_pan_code": 248, "d_pan_name": "DHUBRI", "gp_code": "106132", "gp_name": "PUTHIMARI", "st_2011": "18", "dt_2011": "301", "sdt_2011": "02010", "subdtname": "Chapar Pt", "block_name": "CHAPAR SALKOCHA", "blk_lgdcod": "2552", "dtcode14": "301", "SHAPE_Length": 15279.0997537542, "SHAPE_Area": 8952751.046089059}}, {"type": "Feature", "geometry": {"type": "Polygon", "coordinates": [[[90.4158, 26.2563], [90.4137, 26.2587], [90.4105, 26.2628], [90.4096, 26.2634], [90.4054, 26.2662], [90.4029, 26.2678], [90.4048, 26.2716], [90.4078, 26.275], [90.4096, 26.2764], [90.414, 26.2721], [90.418, 26.2679], [90.4192, 26.2639], [90.4205, 26.2618], [90.4212, 26.2592], [90.4211, 26.258], [90.4191, 26.2569], [90.4168, 26.2565], [90.4158, 26.2563]]]}, "properties": {"OBJECTID": 115062, "gpcode": "106132", "gpname": "PUTHIMARI", "stname": "ASSAM", "dtname": "Dhubri", "sdtname": "Chapar Pt", "stcode11": "18", "dtcode11": "301", "sdtcode11": "02010", "blklgdcode": "2552", "blkname": "CHAPAR SALKOCHA", "dt_lgd": 285, "sdt_lgd": 6019, "st_lgd": 18, "vilcode11": 0, "vilname11": "", "pan_local": "CHAPOR SHALKOCHA", "b_pan_code": 2952, "b_pan_name": "CHAPAR SALKOCHA", "d_pan_code": 248, "d_pan_name": "DHUBRI", "gp_code": "106132", "gp_name": "PUTHIMARI", "st_2011": "18", "dt_2011": "301", "sdt_2011": "02010", "subdtname": "Chapar Pt", "block_name": "CHAPAR SALKOCHA", "blk_lgdcod": "2552", "dtcode14": "301", "SHAPE_Length": 6713.172627708113, "SHAPE_Area": 2474033.933409438}}, {"type": "Feature", "geometry": {"type": "Polygon", "coordinates": [[[90.4251, 26.3629], [90.4253, 26.3623], [90.4254, 26.3623], [90.4254, 26.3621], [90.4255, 26.3621], [90.4257, 26.3616], [90.4259, 26.3611], [90.4263, 26.3605], [90.4264, 26.3603], [90.4274, 26.3589], [90.4275, 26.3589], [90.4276, 26.3586], [90.4278, 26.3584], [90.4279, 26.3582], [90.4281, 26.358], [90.4283, 26.3579], [90.4287, 26.3575], [90.429, 26.3573], [90.4295, 26.357], [90.4296, 26.3568], [90.4298, 26.3567], [90.4301, 26.3565], [90.4307, 26.3562], [90.431, 26.356], [90.4312, 26.3558], [90.4313, 26.3557], [90.4319, 26.3551], [90.4325, 26.3539], [90.4323, 26.3525], [90.432, 26.3518], [90.4319, 26.3516], [90.4319, 26.3515], [90.4311, 26.3497], [90.4309, 26.3494], [90.4307, 26.3484], [90.4306, 26.348], [90.4306, 26.3472], [90.4306, 26.347], [90.4314, 26.3455], [90.4315, 26.3452], [90.4329, 26.3435], [90.434, 26.3428], [90.4344, 26.3426], [90.4344, 26.3425], [90.4345, 26.3425], [90.4346, 26.3424], [90.4356, 26.3423], [90.4358, 26.3424], [90.4379, 26.3429], [90.4384, 26.3431], [90.4388, 26.3438], [90.4388, 26.3443], [90.4388, 26.3453], [90.4386, 26.3463], [90.4386, 26.3468], [90.4385, 26.3488], [90.4384, 26.3489], [90.4385, 26.3501], [90.4384, 26.3507], [90.4382, 26.3515], [90.438, 26.3535], [90.438, 26.3546], [90.4377, 26.3551], [90.4373, 26.3556], [90.4365, 26.3566], [90.4363, 26.3568], [90.4355, 26.3576], [90.4351, 26.3581], [90.4351, 26.3588], [90.4352, 26.3593], [90.4357, 26.3597], [90.4363, 26.3599], [90.4369, 26.36], [90.4397, 26.3598], [90.4406, 26.3599], [90.4408, 26.3599], [90.4412, 26.36], [90.4417, 26.36], [90.4424, 26.3603], [90.4427, 26.3602], [90.4433, 26.3602], [90.4434, 26.3598], [90.4432, 26.3586], [90.4429, 26.3573], [90.4429, 26.3572], [90.4427, 26.3567], [90.4427, 26.3565], [90.4426, 26.3559], [90.4425, 26.3558], [90.4424, 26.3554], [90.4424, 26.3542], [90.4424, 26.3539], [90.4423, 26.3533], [90.4423, 26.3532], [90.4423, 26.353], [90.4429, 26.3531], [90.4437, 26.3535], [90.4445, 26.3538], [90.4446, 26.3539], [90.4454, 26.3545], [90.4459, 26.3542], [90.4462, 26.354], [90.446, 26.3533], [90.4459, 26.3532], [90.4452, 26.352], [90.4441, 26.3504], [90.4435, 26.3496], [90.4424, 26.3481], [90.4423, 26.3473], [90.443, 26.3466], [90.4432, 26.3465], [90.444, 26.3461], [90.4445, 26.3459], [90.445, 26.3458], [90.4451, 26.3459], [90.4452, 26.3459], [90.4464, 26.3463], [90.4472, 26.347], [90.4478, 26.3481], [90.4482, 26.3488], [90.4486, 26.3494], [90.4487, 26.3475], [90.4498, 26.3456], [90.4538, 26.3421], [90.4546, 26.3418], [90.4542, 26.3413], [90.4541, 26.3412], [90.4541, 26.341], [90.454, 26.3408], [90.4539, 26.3398], [90.4547, 26.3382], [90.4549, 26.3379], [90.4553, 26.3374], [90.4576, 26.3341], [90.4577, 26.334], [90.4578, 26.3338], [90.4579, 26.3338], [90.4585, 26.3329], [90.4587, 26.3326], [90.459, 26.3322], [90.4589, 26.3321], [90.4577, 26.3306], [90.4554, 26.3273], [90.453, 26.3251], [90.4534, 26.3247], [90.4538, 26.3246], [90.4502, 26.322], [90.4464, 26.3193], [90.4452, 26.3199], [90.4428, 26.3245], [90.4412, 26.3268], [90.4402, 26.3284], [90.4373, 26.3269], [90.4326, 26.325], [90.4275, 26.322], [90.4206, 26.317], [90.4196, 26.3184], [90.4189, 26.3203], [90.4158, 26.3248], [90.4143, 26.3279], [90.4123, 26.3318], [90.4109, 26.3335], [90.4096, 26.335], [90.4094, 26.3351], [90.4096, 26.3361], [90.4123, 26.3392], [90.4159, 26.3409], [90.4151, 26.341], [90.414, 26.3421], [90.4139, 26.3459], [90.4138, 26.3513], [90.4141, 26.3569], [90.4136, 26.363], [90.4177, 26.3629], [90.4189, 26.3629], [90.419, 26.3629], [90.4221, 26.364], [90.4226, 26.3641], [90.4228, 26.3642], [90.4234, 26.3641], [90.4241, 26.3639], [90.4248, 26.3637], [90.4249, 26.3633], [90.425, 26.363], [90.4251, 26.3629]]]}, "properties": {"OBJECTID": 115063, "gpcode": "106133", "gpname": "RANGAMATI", "stname": "ASSAM", "dtname": "Dhubri", "sdtname": "Chapar Pt", "stcode11": "18", "dtcode11": "301", "sdtcode11": "02010", "blklgdcode": "2552", "blkname": "CHAPAR SALKOCHA", "dt_lgd": 285, "sdt_lgd": 6019, "st_lgd": 18, "vilcode11": 0, "vilname11": "", "pan_local": "CHAPOR SHALKOCHA", "b_pan_code": 2952, "b_pan_name": "CHAPAR SALKOCHA", "d_pan_code": 248, "d_pan_name": "DHUBRI", "gp_code": "106133", "gp_name": "RANGAMATI", "st_2011": "18", "dt_2011": "301", "sdt_2011": "02010", "subdtname": "Chapar Pt", "block_name": "CHAPAR SALKOCHA", "blk_lgdcod": "2552", "dtcode14": "301", "SHAPE_Length": 26651.348506528906, "SHAPE_Area": 18094937.49165706}}, {"type": "Feature", "geometry": {"type": "Polygon", "coordinates": [[[90.3531, 26.2623], [90.3534, 26.2619], [90.3539, 26.262], [90.3544, 26.2621], [90.3548, 26.2623], [90.3551, 26.2621], [90.3549, 26.2616], [90.3546, 26.2612], [90.3545, 26.2606], [90.3541, 26.2602], [90.3536, 26.26], [90.3533, 26.2596], [90.3537, 26.2592], [90.3542, 26.2591], [90.355, 26.2586], [90.3548, 26.2586], [90.3549, 26.2585], [90.3552, 26.2583], [90.3554, 26.2582], [90.3556, 26.2583], [90.3564, 26.2585], [90.3566, 26.2587], [90.3573, 26.2592], [90.3573, 26.2579], [90.358, 26.2577], [90.3581, 26.2569], [90.3581, 26.2565], [90.3586, 26.2557], [90.3587, 26.2551], [90.3591, 26.2546], [90.3589, 26.2539], [90.3595, 26.2537], [90.3597, 26.253], [90.359, 26.2524], [90.3592, 26.2519], [90.3599, 26.2516], [90.3602, 26.2512], [90.3608, 26.2505], [90.3604, 26.2502], [90.3593, 26.2497], [90.3584, 26.2494], [90.3581, 26.249], [90.3579, 26.2483], [90.3579, 26.248], [90.3577, 26.2475], [90.3572, 26.2474], [90.3569, 26.247], [90.357, 26.2468], [90.3572, 26.2465], [90.3577, 26.2464], [90.3577, 26.2456], [90.3573, 26.2456], [90.357, 26.2461], [90.3567, 26.2464], [90.3562, 26.2465], [90.3557, 26.2462], [90.3548, 26.2461], [90.354, 26.2462], [90.3532, 26.2464], [90.3528, 26.2466], [90.3525, 26.2472], [90.3524, 26.2476], [90.3527, 26.2477], [90.3529, 26.248], [90.3525, 26.2481], [90.3518, 26.2485], [90.3515, 26.2483], [90.3513, 26.2458], [90.3515, 26.2437], [90.3523, 26.2408], [90.3527, 26.2395], [90.3508, 26.2384], [90.3493, 26.2371], [90.3487, 26.2351], [90.3485, 26.2333], [90.3484, 26.2334], [90.3495, 26.2321], [90.3509, 26.2299], [90.351, 26.2299], [90.3507, 26.2298], [90.3489, 26.2288], [90.3455, 26.2275], [90.3446, 26.2272], [90.3447, 26.2276], [90.3443, 26.229], [90.3436, 26.2304], [90.3423, 26.2313], [90.3389, 26.2316], [90.336, 26.2322], [90.3326, 26.233], [90.3302, 26.2332], [90.3297, 26.233], [90.3285, 26.2325], [90.3252, 26.2315], [90.325, 26.2315], [90.3247, 26.2266], [90.324, 26.2242], [90.3297, 26.225], [90.335, 26.2259], [90.335, 26.2262], [90.3352, 26.226], [90.3366, 26.2242], [90.3372, 26.2234], [90.3385, 26.222], [90.3361, 26.2218], [90.3327, 26.2212], [90.3317, 26.2204], [90.3299, 26.2185], [90.3279, 26.2165], [90.3277, 26.2165], [90.3255, 26.2157], [90.3238, 26.2143], [90.3234, 26.2153], [90.3226, 26.2185], [90.3223, 26.219], [90.3217, 26.2201], [90.322, 26.2206], [90.3237, 26.2235], [90.3198, 26.2241], [90.3136, 26.2256], [90.3138, 26.2273], [90.314, 26.2311], [90.3138, 26.2351], [90.3134, 26.2355], [90.3128, 26.2363], [90.3123, 26.237], [90.3091, 26.2427], [90.3114, 26.2427], [90.3176, 26.244], [90.3228, 26.2453], [90.3241, 26.2463], [90.3263, 26.2481], [90.3283, 26.2505], [90.329, 26.2513], [90.332, 26.251], [90.3335, 26.2509], [90.3358, 26.2507], [90.3368, 26.2506], [90.3369, 26.2509], [90.3395, 26.2513], [90.3432, 26.2509], [90.3434, 26.2522], [90.3433, 26.2558], [90.3434, 26.2577], [90.3434, 26.2578], [90.3435, 26.2579], [90.3435, 26.258], [90.344, 26.26], [90.3454, 26.2612], [90.3462, 26.2624], [90.3464, 26.2623], [90.3468, 26.2623], [90.3474, 26.2624], [90.3477, 26.2622], [90.3481, 26.2621], [90.3499, 26.262], [90.3501, 26.262], [90.3504, 26.2615], [90.3507, 26.2612], [90.3508, 26.2611], [90.351, 26.262], [90.3515, 26.2625], [90.3519, 26.2627], [90.3521, 26.2625], [90.352, 26.262], [90.3519, 26.2616], [90.3518, 26.2611], [90.3521, 26.2613], [90.3524, 26.262], [90.3525, 26.2628], [90.3528, 26.2629], [90.3532, 26.2627], [90.3531, 26.2623]]]}, "properties": {"OBJECTID": 115064, "gpcode": "106134", "gpname": "SALKOCHA", "stname": "ASSAM", "dtname": "Dhubri", "sdtname": "Chapar Pt", "stcode11": "18", "dtcode11": "301", "sdtcode11": "02010", "blklgdcode": "2552", "blkname": "CHAPAR SALKOCHA", "dt_lgd": 285, "sdt_lgd": 6019, "st_lgd": 18, "vilcode11": 0, "vilname11": "", "pan_local": "CHAPOR SHALKOCHA", "b_pan_code": 2952, "b_pan_name": "CHAPAR SALKOCHA", "d_pan_code": 248, "d_pan_name": "DHUBRI", "gp_code": "106134", "gp_name": "SALKOCHA", "st_2011": "18", "dt_2011": "301", "sdt_2011": "02010", "subdtname": "Chapar Pt", "block_name": "CHAPAR SALKOCHA", "blk_lgdcod": "2552", "dtcode14": "301", "SHAPE_Length": 27087.483998332213, "SHAPE_Area": 14129516.4806145}}, {"type": "Feature", "geometry": {"type": "Polygon", "coordinates": [[[90.0769, 26.1435], [90.0767, 26.1434], [90.077, 26.1434], [90.0771, 26.1434], [90.0796, 26.1421], [90.079, 26.1397], [90.0768, 26.1383], [90.0738, 26.1367], [90.0714, 26.1356], [90.0714, 26.1357], [90.0709, 26.1393], [90.0702, 26.1434], [90.0701, 26.1434], [90.0687, 26.1432], [90.0672, 26.1424], [90.0656, 26.142], [90.0649, 26.1419], [90.0649, 26.142], [90.0647, 26.1427], [90.064, 26.1465], [90.0639, 26.1478], [90.0643, 26.1499], [90.0644, 26.1501], [90.0661, 26.1513], [90.0689, 26.1528], [90.0702, 26.1535], [90.0713, 26.154], [90.0718, 26.1542], [90.0755, 26.1554], [90.0752, 26.1542], [90.0747, 26.1533], [90.0747, 26.152], [90.0753, 26.1496], [90.0762, 26.1486], [90.0785, 26.1475], [90.0804, 26.1462], [90.0811, 26.1454], [90.0812, 26.1453], [90.0769, 26.1435]]]}, "properties": {"OBJECTID": 115065, "gpcode": "106135", "gpname": "ALOMGANJ", "stname": "ASSAM", "dtname": "Dhubri", "sdtname": "Bagribari (Pt)", "stcode11": "18", "dtcode11": "301", "sdtcode11": "02005", "blklgdcode": "2558", "blkname": "MAHAMAYA", "dt_lgd": 285, "sdt_lgd": 2005, "st_lgd": 18, "vilcode11": 0, "vilname11": "", "pan_local": "MAHAMAYA", "b_pan_code": 2958, "b_pan_name": "MAHAMAYA", "d_pan_code": 248, "d_pan_name": "DHUBRI", "gp_code": "106135", "gp_name": "ALOMGANJ", "st_2011": "18", "dt_2011": "301", "sdt_2011": "02005", "subdtname": "Bagribari (Pt)", "block_name": "MAHAMAYA", "blk_lgdcod": "2558", "dtcode14": "301", "SHAPE_Length": 7843.782814908358, "SHAPE_Area": 2476305.9862503516}}, {"type": "Feature", "geometry": {"type": "Polygon", "coordinates": [[[90.0586, 26.1545], [90.0585, 26.1527], [90.0582, 26.1517], [90.0581, 26.1508], [90.0575, 26.1499], [90.057, 26.1476], [90.0572, 26.1464], [90.0572, 26.1463], [90.058, 26.1445], [90.0593, 26.1422], [90.0594, 26.142], [90.0597, 26.1397], [90.0599, 26.1382], [90.0608, 26.1359], [90.0609, 26.1353], [90.062, 26.1354], [90.0617, 26.1332], [90.0616, 26.132], [90.0623, 26.1313], [90.0623, 26.1312], [90.0619, 26.1294], [90.0619, 26.1292], [90.0606, 26.1277], [90.0579, 26.1266], [90.0548, 26.1249], [90.0544, 26.1247], [90.0527, 26.1234], [90.0521, 26.1227], [90.051, 26.1213], [90.0509, 26.1213], [90.0499, 26.1201], [90.047, 26.1179], [90.047, 26.1178], [90.0464, 26.1174], [90.044, 26.1157], [90.043, 26.1152], [90.0418, 26.1147], [90.0398, 26.1139], [90.0395, 26.1139], [90.0394, 26.1138], [90.0374, 26.1133], [90.0348, 26.1127], [90.0343, 26.1111], [90.0327, 26.1046], [90.0319, 26.1046], [90.0301, 26.104], [90.0282, 26.1034], [90.0271, 26.1028], [90.0266, 26.1029], [90.0262, 26.1031], [90.0263, 26.1054], [90.0268, 26.1078], [90.0261, 26.1079], [90.0259, 26.1079], [90.0258, 26.1079], [90.024, 26.1063], [90.0236, 26.1067], [90.0224, 26.108], [90.0215, 26.1083], [90.0204, 26.1084], [90.0198, 26.1085], [90.0196, 26.1093], [90.019, 26.1099], [90.0184, 26.1104], [90.0184, 26.1105], [90.0171, 26.1125], [90.0155, 26.1114], [90.014, 26.1094], [90.0129, 26.109], [90.0128, 26.1105], [90.0125, 26.1117], [90.0109, 26.1121], [90.0086, 26.1135], [90.0083, 26.1147], [90.0082, 26.1146], [90.008, 26.117], [90.0078, 26.1186], [90.0079, 26.1192], [90.0083, 26.1212], [90.009, 26.1228], [90.0098, 26.1265], [90.0151, 26.1268], [90.0152, 26.1268], [90.0175, 26.1271], [90.0199, 26.1272], [90.0217, 26.1267], [90.0219, 26.1267], [90.025, 26.1268], [90.0266, 26.131], [90.027, 26.1319], [90.0282, 26.1354], [90.029, 26.1372], [90.0298, 26.139], [90.0309, 26.1404], [90.0322, 26.142], [90.0333, 26.1442], [90.0358, 26.1465], [90.0364, 26.1471], [90.0374, 26.148], [90.0384, 26.1485], [90.0402, 26.1494], [90.0403, 26.1495], [90.0413, 26.1506], [90.042, 26.151], [90.0448, 26.1526], [90.0485, 26.1541], [90.0486, 26.1542], [90.051, 26.155], [90.0522, 26.1554], [90.0524, 26.1555], [90.0525, 26.1555], [90.0526, 26.1555], [90.0541, 26.1537], [90.0547, 26.1536], [90.0556, 26.1548], [90.0568, 26.1563], [90.0582, 26.1567], [90.0584, 26.1557], [90.0584, 26.1556], [90.0585, 26.1548], [90.0585, 26.1547], [90.0586, 26.1545]]]}, "properties": {"OBJECTID": 115066, "gpcode": "106135", "gpname": "ALOMGANJ", "stname": "ASSAM", "dtname": "Dhubri", "sdtname": "Dhubri", "stcode11": "18", "dtcode11": "301", "sdtcode11": "02008", "blklgdcode": "2553", "blkname": "DEBITOLA", "dt_lgd": 285, "sdt_lgd": 6014, "st_lgd": 18, "vilcode11": 0, "vilname11": "", "pan_local": "DEBITOLA", "b_pan_code": 2953, "b_pan_name": "DEBITOLA", "d_pan_code": 248, "d_pan_name": "DHUBRI", "gp_code": "106135", "gp_name": "ALOMGANJ", "st_2011": "18", "dt_2011": "301", "sdt_2011": "02008", "subdtname": "Dhubri", "block_name": "DEBITOLA", "blk_lgdcod": "2553", "dtcode14": "301", "SHAPE_Length": 22153.169969413357, "SHAPE_Area": 19617678.16900783}}, {"type": "Feature", "geometry": {"type": "Polygon", "coordinates": [[[90.0157, 26.0746], [90.0167, 26.0733], [90.0167, 26.0732], [90.0166, 26.0726], [90.0165, 26.0717], [90.016, 26.071], [90.0154, 26.0703], [90.0146, 26.0698], [90.0127, 26.0687], [90.0118, 26.068], [90.0104, 26.0673], [90.0088, 26.067], [90.0069, 26.0665], [90.0055, 26.0662], [90.0044, 26.0661], [90.0044, 26.0696], [90.0042, 26.0713], [90.0041, 26.072], [90.0045, 26.0726], [90.0049, 26.0733], [90.0055, 26.0737], [90.0061, 26.074], [90.0067, 26.0739], [90.0073, 26.074], [90.0081, 26.0752], [90.0096, 26.0761], [90.0103, 26.0764], [90.0107, 26.0768], [90.0108, 26.0769], [90.0109, 26.0769], [90.012, 26.0773], [90.0125, 26.0776], [90.013, 26.0777], [90.0137, 26.0763], [90.0147, 26.0755], [90.0157, 26.0746]]]}, "properties": {"OBJECTID": 115067, "gpcode": "106136", "gpname": "ASHARIKANDI", "stname": "ASSAM", "dtname": "Dhubri", "sdtname": "Dhubri", "stcode11": "18", "dtcode11": "301", "sdtcode11": "02008", "blklgdcode": "2553", "blkname": "DEBITOLA", "dt_lgd": 285, "sdt_lgd": 6014, "st_lgd": 18, "vilcode11": 0, "vilname11": "", "pan_local": "DEBITOLA", "b_pan_code": 2953, "b_pan_name": "DEBITOLA", "d_pan_code": 248, "d_pan_name": "DHUBRI", "gp_code": "106136", "gp_name": "ASHARIKANDI", "st_2011": "18", "dt_2011": "301", "sdt_2011": "02008", "subdtname": "Dhubri", "block_name": "DEBITOLA", "blk_lgdcod": "2553", "dtcode14": "301", "SHAPE_Length": 4493.853072139434, "SHAPE_Area": 1256781.0271695098}}, {"type": "Feature", "geometry": {"type": "Polygon", "coordinates": [[[90.0236, 26.1067], [90.024, 26.1063], [90.0258, 26.1079], [90.0259, 26.1079], [90.0261, 26.1079], [90.0268, 26.1078], [90.0263, 26.1054], [90.0262, 26.1031], [90.026, 26.1005], [90.0251, 26.0978], [90.023, 26.0959], [90.023, 26.0958], [90.0225, 26.0938], [90.0223, 26.0926], [90.0219, 26.0914], [90.0213, 26.0899], [90.0201, 26.0891], [90.0184, 26.0887], [90.0183, 26.0882], [90.0184, 26.0882], [90.0196, 26.0876], [90.0206, 26.087], [90.0205, 26.0858], [90.0197, 26.0855], [90.0183, 26.0847], [90.0164, 26.084], [90.0162, 26.0819], [90.0127, 26.0822], [90.0091, 26.0824], [90.0068, 26.0826], [90.0056, 26.0831], [90.0062, 26.0836], [90.0061, 26.0847], [90.0065, 26.0855], [90.0071, 26.0864], [90.0068, 26.0871], [90.0057, 26.0872], [90.0046, 26.0878], [90.0017, 26.0854], [90.0016, 26.0854], [90.0014, 26.0854], [89.9999, 26.0855], [89.9957, 26.0853], [89.9959, 26.0872], [89.995, 26.0909], [89.9934, 26.0951], [89.996, 26.0979], [89.9961, 26.0985], [89.9972, 26.1018], [89.9979, 26.1023], [89.9979, 26.1022], [89.9991, 26.1032], [90.0012, 26.1045], [90.0028, 26.1051], [90.0056, 26.1059], [90.0085, 26.1071], [90.0085, 26.107], [90.0087, 26.1068], [90.01, 26.105], [90.0117, 26.1031], [90.0135, 26.1011], [90.0137, 26.1009], [90.0147, 26.1033], [90.0156, 26.106], [90.0167, 26.1074], [90.0178, 26.1091], [90.0184, 26.1104], [90.019, 26.1099], [90.0196, 26.1093], [90.0198, 26.1085], [90.0204, 26.1084], [90.0215, 26.1083], [90.0224, 26.108], [90.0236, 26.1067]]]}, "properties": {"OBJECTID": 115068, "gpcode": "106136", "gpname": "ASHARIKANDI", "stname": "ASSAM", "dtname": "Dhubri", "sdtname": "Dhubri", "stcode11": "18", "dtcode11": "301", "sdtcode11": "02008", "blklgdcode": "2553", "blkname": "DEBITOLA", "dt_lgd": 285, "sdt_lgd": 6014, "st_lgd": 18, "vilcode11": 0, "vilname11": "", "pan_local": "DEBITOLA", "b_pan_code": 2953, "b_pan_name": "DEBITOLA", "d_pan_code": 248, "d_pan_name": "DHUBRI", "gp_code": "106136", "gp_name": "ASHARIKANDI", "st_2011": "18", "dt_2011": "301", "sdt_2011": "02008", "subdtname": "Dhubri", "block_name": "DEBITOLA", "blk_lgdcod": "2553", "dtcode14": "301", "SHAPE_Length": 14327.508334134212, "SHAPE_Area": 8144005.943504685}}, {"type": "Feature", "geometry": {"type": "Polygon", "coordinates": [[[90.0328, 26.1035], [90.0343, 26.1018], [90.0344, 26.1017], [90.0363, 26.0994], [90.0371, 26.0981], [90.038, 26.0965], [90.0388, 26.0955], [90.0399, 26.0941], [90.04, 26.094], [90.0412, 26.0921], [90.0407, 26.0914], [90.0398, 26.0902], [90.0398, 26.0891], [90.039, 26.0872], [90.0379, 26.0856], [90.0368, 26.0846], [90.0366, 26.0846], [90.0351, 26.0847], [90.034, 26.0843], [90.0326, 26.0848], [90.0317, 26.0846], [90.0301, 26.0843], [90.0285, 26.0839], [90.0281, 26.0838], [90.0254, 26.084], [90.0233, 26.0843], [90.0232, 26.0844], [90.022, 26.0825], [90.0219, 26.0805], [90.0263, 26.0799], [90.0305, 26.0796], [90.0306, 26.0796], [90.0306, 26.0795], [90.0305, 26.0788], [90.0306, 26.0788], [90.0284, 26.0769], [90.0243, 26.0744], [90.0167, 26.0732], [90.0167, 26.0733], [90.0157, 26.0746], [90.0147, 26.0755], [90.0137, 26.0763], [90.013, 26.0777], [90.0125, 26.0776], [90.012, 26.0773], [90.0109, 26.0769], [90.0108, 26.0769], [90.0115, 26.0783], [90.0118, 26.0811], [90.0127, 26.0822], [90.0162, 26.0819], [90.0164, 26.084], [90.0183, 26.0847], [90.0197, 26.0855], [90.0205, 26.0858], [90.0206, 26.087], [90.0196, 26.0876], [90.0184, 26.0882], [90.0183, 26.0882], [90.0184, 26.0887], [90.0201, 26.0891], [90.0213, 26.0899], [90.0219, 26.0914], [90.0223, 26.0926], [90.0225, 26.0938], [90.023, 26.0958], [90.023, 26.0959], [90.0251, 26.0978], [90.026, 26.1005], [90.0262, 26.1031], [90.0266, 26.1029], [90.0271, 26.1028], [90.0282, 26.1034], [90.0301, 26.104], [90.0319, 26.1046], [90.0327, 26.1046], [90.0327, 26.1045], [90.0328, 26.1035]]]}, "properties": {"OBJECTID": 115070, "gpcode": "106137", "gpname": "BORAIBARI", "stname": "ASSAM", "dtname": "Dhubri", "sdtname": "Dhubri", "stcode11": "18", "dtcode11": "301", "sdtcode11": "02008", "blklgdcode": "2553", "blkname": "DEBITOLA", "dt_lgd": 285, "sdt_lgd": 6014, "st_lgd": 18, "vilcode11": 0, "vilname11": "", "pan_local": "DEBITOLA", "b_pan_code": 2953, "b_pan_name": "DEBITOLA", "d_pan_code": 248, "d_pan_name": "DHUBRI", "gp_code": "106137", "gp_name": "BORAIBARI", "st_2011": "18", "dt_2011": "301", "sdt_2011": "02008", "subdtname": "Dhubri", "block_name": "DEBITOLA", "blk_lgdcod": "2553", "dtcode14": "301", "SHAPE_Length": 14095.483898782395, "SHAPE_Area": 5800111.78943095}}, {"type": "Feature", "geometry": {"type": "Polygon", "coordinates": [[[89.9869, 26.0801], [89.9879, 26.0798], [89.9916, 26.0806], [89.9946, 26.0826], [89.9954, 26.0841], [89.9956, 26.0846], [89.9957, 26.0853], [89.9999, 26.0855], [90.0014, 26.0854], [90.0016, 26.0854], [90.0017, 26.0854], [90.0046, 26.0878], [90.0057, 26.0872], [90.0068, 26.0871], [90.0071, 26.0864], [90.0065, 26.0855], [90.0061, 26.0847], [90.0062, 26.0836], [90.0056, 26.0831], [90.0068, 26.0826], [90.0091, 26.0824], [90.0127, 26.0822], [90.0118, 26.0811], [90.0115, 26.0783], [90.0108, 26.0769], [90.0107, 26.0768], [90.0103, 26.0764], [90.0096, 26.0761], [90.0081, 26.0752], [90.0073, 26.074], [90.0067, 26.0739], [90.0061, 26.074], [90.0055, 26.0737], [90.0049, 26.0733], [90.0045, 26.0726], [90.0041, 26.072], [90.0042, 26.0713], [90.0044, 26.0696], [90.0044, 26.0661], [90.0044, 26.066], [90.0028, 26.0654], [90.0029, 26.0648], [90.0023, 26.0642], [90.0007, 26.0635], [89.9992, 26.0625], [89.9972, 26.0605], [89.9958, 26.0562], [89.9944, 26.0567], [89.994, 26.058], [89.9927, 26.0576], [89.9926, 26.0594], [89.9926, 26.0605], [89.9927, 26.0616], [89.9926, 26.0628], [89.9918, 26.0635], [89.9883, 26.0637], [89.9863, 26.0634], [89.984, 26.0639], [89.9818, 26.0647], [89.979, 26.0657], [89.9767, 26.0683], [89.9762, 26.0691], [89.9746, 26.0717], [89.9728, 26.075], [89.9711, 26.078], [89.9698, 26.0807], [89.969, 26.0838], [89.9714, 26.0891], [89.9714, 26.0892], [89.9732, 26.0903], [89.9769, 26.0916], [89.9781, 26.092], [89.9794, 26.0942], [89.9796, 26.0946], [89.9795, 26.0925], [89.9794, 26.0916], [89.9802, 26.0907], [89.9805, 26.0893], [89.9804, 26.0875], [89.981, 26.0857], [89.9823, 26.0831], [89.9825, 26.0829], [89.9851, 26.0807], [89.9869, 26.0801]]]}, "properties": {"OBJECTID": 115071, "gpcode": "106138", "gpname": "DAKHIN GERAMARI", "stname": "ASSAM", "dtname": "Dhubri", "sdtname": "Dhubri", "stcode11": "18", "dtcode11": "301", "sdtcode11": "02008", "blklgdcode": "2553", "blkname": "DEBITOLA", "dt_lgd": 285, "sdt_lgd": 6014, "st_lgd": 18, "vilcode11": 0, "vilname11": "", "pan_local": "DEBITOLA", "b_pan_code": 2953, "b_pan_name": "DEBITOLA", "d_pan_code": 248, "d_pan_name": "DHUBRI", "gp_code": "106138", "gp_name": "DAKHIN GERAMARI", "st_2011": "18", "dt_2011": "301", "sdt_2011": "02008", "subdtname": "Dhubri", "block_name": "DEBITOLA", "blk_lgdcod": "2553", "dtcode14": "301", "SHAPE_Length": 17508.257530920335, "SHAPE_Area": 10512834.333959335}}, {"type": "Feature", "geometry": {"type": "Polygon", "coordinates": [[[89.9871, 26.0988], [89.9874, 26.0986], [89.9911, 26.0956], [89.9934, 26.0951], [89.995, 26.0909], [89.9959, 26.0872], [89.9957, 26.0853], [89.9956, 26.0846], [89.9954, 26.0841], [89.9946, 26.0826], [89.9916, 26.0806], [89.9879, 26.0798], [89.9869, 26.0801], [89.9851, 26.0807], [89.9825, 26.0829], [89.9823, 26.0831], [89.981, 26.0857], [89.9804, 26.0875], [89.9805, 26.0893], [89.9802, 26.0907], [89.9794, 26.0916], [89.9795, 26.0925], [89.9796, 26.0946], [89.9799, 26.0952], [89.9814, 26.0957], [89.9817, 26.0968], [89.9814, 26.0978], [89.9805, 26.0984], [89.9795, 26.0988], [89.9787, 26.0987], [89.9802, 26.0995], [89.9813, 26.0997], [89.9821, 26.1], [89.9824, 26.1013], [89.9871, 26.0988]]]}, "properties": {"OBJECTID": 115072, "gpcode": "106139", "gpname": "SILAIRPAR", "stname": "ASSAM", "dtname": "Dhubri", "sdtname": "Dhubri", "stcode11": "18", "dtcode11": "301", "sdtcode11": "02008", "blklgdcode": "2553", "blkname": "DEBITOLA", "dt_lgd": 285, "sdt_lgd": 6014, "st_lgd": 18, "vilcode11": 0, "vilname11": "", "pan_local": "DEBITOLA", "b_pan_code": 2953, "b_pan_name": "DEBITOLA", "d_pan_code": 248, "d_pan_name": "DHUBRI", "gp_code": "106139", "gp_name": "SILAIRPAR", "st_2011": "18", "dt_2011": "301", "sdt_2011": "02008", "subdtname": "Dhubri", "block_name": "DEBITOLA", "blk_lgdcod": "2553", "dtcode14": "301", "SHAPE_Length": 7627.67225481927, "SHAPE_Area": 3347985.3770346646}}, {"type": "Feature", "geometry": {"type": "Polygon", "coordinates": [[[89.9797, 26.128], [89.9807, 26.1235], [89.9812, 26.123], [89.9817, 26.1223], [89.9838, 26.1223], [89.9854, 26.1229], [89.9871, 26.1231], [89.9875, 26.1227], [89.9887, 26.1214], [89.9893, 26.12], [89.9891, 26.1187], [89.9895, 26.1177], [89.9893, 26.1176], [89.9884, 26.117], [89.9883, 26.1168], [89.9865, 26.1164], [89.9852, 26.1166], [89.9845, 26.1168], [89.9835, 26.1162], [89.9833, 26.1162], [89.982, 26.1157], [89.9807, 26.1148], [89.9804, 26.1145], [89.9784, 26.1128], [89.9765, 26.1109], [89.9767, 26.1123], [89.9767, 26.113], [89.9763, 26.1138], [89.9752, 26.1148], [89.9742, 26.1156], [89.9728, 26.1159], [89.9714, 26.1164], [89.971, 26.1159], [89.9702, 26.1156], [89.9694, 26.1155], [89.9682, 26.1155], [89.9678, 26.1161], [89.9643, 26.1168], [89.9613, 26.1182], [89.958, 26.1201], [89.9549, 26.1227], [89.9549, 26.1232], [89.9544, 26.1241], [89.9528, 26.1262], [89.9609, 26.1255], [89.9626, 26.1248], [89.9649, 26.1245], [89.967, 26.1247], [89.9693, 26.1246], [89.9719, 26.1254], [89.972, 26.1255], [89.9714, 26.1275], [89.9702, 26.1275], [89.9688, 26.1274], [89.967, 26.1269], [89.9645, 26.127], [89.9616, 26.1274], [89.9603, 26.128], [89.9602, 26.128], [89.9602, 26.1281], [89.9601, 26.1287], [89.9603, 26.1293], [89.9601, 26.1307], [89.9599, 26.1319], [89.9604, 26.1335], [89.9608, 26.1348], [89.9608, 26.135], [89.9662, 26.1351], [89.9712, 26.1352], [89.9782, 26.1354], [89.9787, 26.1354], [89.9805, 26.1354], [89.9807, 26.1354], [89.9821, 26.1355], [89.9828, 26.1355], [89.9853, 26.1356], [89.9843, 26.1347], [89.9821, 26.1345], [89.9803, 26.1325], [89.9797, 26.1314], [89.9794, 26.1299], [89.9793, 26.1296], [89.9798, 26.1281], [89.9797, 26.128]]]}, "properties": {"OBJECTID": 115073, "gpcode": "106139", "gpname": "SILAIRPAR", "stname": "ASSAM", "dtname": "Dhubri", "sdtname": "Dhubri", "stcode11": "18", "dtcode11": "301", "sdtcode11": "02008", "blklgdcode": "2553", "blkname": "DEBITOLA", "dt_lgd": 285, "sdt_lgd": 6014, "st_lgd": 18, "vilcode11": 0, "vilname11": "", "pan_local": "DEBITOLA", "b_pan_code": 2953, "b_pan_name": "DEBITOLA", "d_pan_code": 248, "d_pan_name": "DHUBRI", "gp_code": "106139", "gp_name": "SILAIRPAR", "st_2011": "18", "dt_2011": "301", "sdt_2011": "02008", "subdtname": "Dhubri", "block_name": "DEBITOLA", "blk_lgdcod": "2553", "dtcode14": "301", "SHAPE_Length": 16260.995253405878, "SHAPE_Area": 6265712.510278471}}, {"type": "Feature", "geometry": {"type": "Polygon", "coordinates": [[[90.0011, 26.1262], [90.0019, 26.1262], [90.0021, 26.1262], [90.0045, 26.1264], [90.0061, 26.1264], [90.0066, 26.1264], [90.0092, 26.1265], [90.0095, 26.1265], [90.0098, 26.1265], [90.009, 26.1228], [90.0083, 26.1212], [90.0079, 26.1192], [90.0078, 26.1186], [90.008, 26.117], [90.0082, 26.1146], [90.0083, 26.1147], [90.0086, 26.1135], [90.0109, 26.1121], [90.0125, 26.1117], [90.0128, 26.1105], [90.0129, 26.109], [90.0115, 26.1082], [90.0087, 26.1071], [90.0086, 26.1071], [90.0085, 26.107], [90.0085, 26.1071], [90.0056, 26.1059], [90.0028, 26.1051], [90.0012, 26.1045], [89.9991, 26.1032], [89.9979, 26.1022], [89.9979, 26.1023], [89.9972, 26.1018], [89.9961, 26.0985], [89.996, 26.0979], [89.9934, 26.0951], [89.9911, 26.0956], [89.9874, 26.0986], [89.9871, 26.0988], [89.9824, 26.1013], [89.9827, 26.1024], [89.9827, 26.1051], [89.9834, 26.1067], [89.9842, 26.1081], [89.9845, 26.1097], [89.9846, 26.1099], [89.9847, 26.1109], [89.9854, 26.1126], [89.9867, 26.1148], [89.9877, 26.1159], [89.9883, 26.1168], [89.9884, 26.117], [89.9893, 26.1176], [89.9895, 26.1177], [89.9891, 26.1187], [89.9893, 26.12], [89.9887, 26.1214], [89.9875, 26.1227], [89.9871, 26.1231], [89.9854, 26.1229], [89.9838, 26.1223], [89.9817, 26.1223], [89.9812, 26.123], [89.9807, 26.1235], [89.9797, 26.128], [89.9798, 26.1281], [89.9793, 26.1296], [89.9794, 26.1299], [89.9797, 26.1314], [89.9803, 26.1325], [89.9821, 26.1345], [89.9843, 26.1347], [89.9853, 26.1356], [89.9863, 26.1356], [89.9866, 26.1359], [89.9889, 26.1358], [89.992, 26.1353], [89.9938, 26.1349], [89.9948, 26.1343], [89.9954, 26.134], [89.9968, 26.1327], [89.9969, 26.1324], [89.9974, 26.1306], [89.9966, 26.1286], [89.9974, 26.1274], [89.9993, 26.1265], [90.0, 26.1262], [90.0001, 26.1262], [90.0011, 26.1262]]]}, "properties": {"OBJECTID": 115074, "gpcode": "106140", "gpname": "UTTAR GERAMARI", "stname": "ASSAM", "dtname": "Dhubri", "sdtname": "Dhubri", "stcode11": "18", "dtcode11": "301", "sdtcode11": "02008", "blklgdcode": "2553", "blkname": "DEBITOLA", "dt_lgd": 285, "sdt_lgd": 6014, "st_lgd": 18, "vilcode11": 0, "vilname11": "", "pan_local": "DEBITOLA", "b_pan_code": 2953, "b_pan_name": "DEBITOLA", "d_pan_code": 248, "d_pan_name": "DHUBRI", "gp_code": "106140", "gp_name": "UTTAR GERAMARI", "st_2011": "18", "dt_2011": "301", "sdt_2011": "02008", "subdtname": "Dhubri", "block_name": "DEBITOLA", "blk_lgdcod": "2553", "dtcode14": "301", "SHAPE_Length": 16158.346021417892, "SHAPE_Area": 10572196.648696903}}, {"type": "Feature", "geometry": {"type": "Polygon", "coordinates": [[[89.9309, 26.0434], [89.9317, 26.0428], [89.9319, 26.0442], [89.9324, 26.0457], [89.933, 26.0472], [89.9344, 26.0474], [89.9357, 26.0475], [89.9368, 26.0482], [89.9383, 26.0484], [89.94, 26.0485], [89.9415, 26.0486], [89.9431, 26.0487], [89.9447, 26.0484], [89.9469, 26.0481], [89.9491, 26.0482], [89.951, 26.0479], [89.9504, 26.0465], [89.9492, 26.0453], [89.9478, 26.0441], [89.9458, 26.0436], [89.9445, 26.0434], [89.9433, 26.0433], [89.9422, 26.0428], [89.9411, 26.0421], [89.94, 26.0416], [89.9396, 26.0406], [89.9397, 26.039], [89.9421, 26.0388], [89.945, 26.0383], [89.9484, 26.0378], [89.9485, 26.0372], [89.9485, 26.0348], [89.9482, 26.0325], [89.9478, 26.0319], [89.9481, 26.0318], [89.9502, 26.0309], [89.9521, 26.0304], [89.9528, 26.0293], [89.9529, 26.0282], [89.9515, 26.0267], [89.9506, 26.0255], [89.9504, 26.025], [89.9502, 26.0249], [89.9516, 26.0245], [89.9523, 26.0252], [89.9534, 26.0259], [89.9549, 26.0261], [89.9559, 26.0254], [89.9566, 26.0244], [89.9565, 26.0225], [89.9555, 26.021], [89.9549, 26.0203], [89.9527, 26.0196], [89.9507, 26.0192], [89.9485, 26.0192], [89.9473, 26.0189], [89.9474, 26.0189], [89.9479, 26.0174], [89.9492, 26.0161], [89.9515, 26.0152], [89.9534, 26.0145], [89.954, 26.0139], [89.9523, 26.0127], [89.9502, 26.0122], [89.9487, 26.0119], [89.9468, 26.0116], [89.9454, 26.0111], [89.9439, 26.011], [89.9421, 26.0113], [89.9406, 26.0102], [89.9388, 26.01], [89.9371, 26.0099], [89.9372, 26.01], [89.9382, 26.0115], [89.939, 26.0126], [89.9392, 26.014], [89.939, 26.0152], [89.9392, 26.0169], [89.9398, 26.0183], [89.9403, 26.0196], [89.9409, 26.0215], [89.9398, 26.0219], [89.9382, 26.0228], [89.9367, 26.0228], [89.9344, 26.0233], [89.9326, 26.0237], [89.9311, 26.0243], [89.9292, 26.0242], [89.9281, 26.0241], [89.926, 26.0244], [89.9243, 26.0255], [89.9234, 26.0263], [89.9231, 26.0267], [89.9232, 26.0281], [89.9234, 26.0294], [89.9229, 26.0308], [89.922, 26.0315], [89.9211, 26.0326], [89.9206, 26.0331], [89.9202, 26.0343], [89.9195, 26.0356], [89.9196, 26.0365], [89.9194, 26.0373], [89.92, 26.0389], [89.9201, 26.0398], [89.9198, 26.0414], [89.9199, 26.0428], [89.9195, 26.0437], [89.919, 26.0449], [89.9192, 26.0462], [89.9193, 26.0472], [89.9194, 26.0479], [89.9198, 26.0488], [89.9218, 26.0484], [89.9243, 26.0479], [89.9252, 26.0468], [89.9274, 26.0447], [89.929, 26.0436], [89.9309, 26.0434]]]}, "properties": {"OBJECTID": 115093, "gpcode": "106154", "gpname": "ADABARI", "stname": "ASSAM", "dtname": "Dhubri", "sdtname": "Dhubri", "stcode11": "18", "dtcode11": "301", "sdtcode11": "02008", "blklgdcode": "2555", "blkname": "GAURIPUR", "dt_lgd": 285, "sdt_lgd": 6014, "st_lgd": 18, "vilcode11": 0, "vilname11": "", "pan_local": "GOURIPUR", "b_pan_code": 2955, "b_pan_name": "GAURIPUR", "d_pan_code": 248, "d_pan_name": "DHUBRI", "gp_code": "106154", "gp_name": "ADABARI", "st_2011": "18", "dt_2011": "301", "sdt_2011": "02008", "subdtname": "Dhubri", "block_name": "GAURIPUR", "blk_lgdcod": "2555", "dtcode14": "301", "SHAPE_Length": 21115.1539975736, "SHAPE_Area": 11048511.503376113}}, {"type": "Feature", "geometry": {"type": "Polygon", "coordinates": [[[89.9563, 26.0195], [89.9572, 26.0188], [89.959, 26.0186], [89.9607, 26.0182], [89.9618, 26.0178], [89.9636, 26.017], [89.9646, 26.016], [89.9654, 26.0155], [89.9661, 26.0147], [89.9672, 26.0138], [89.9683, 26.0132], [89.9686, 26.0131], [89.9696, 26.0129], [89.9709, 26.0127], [89.9723, 26.013], [89.9741, 26.0131], [89.9754, 26.0128], [89.977, 26.0124], [89.9787, 26.012], [89.9795, 26.011], [89.9798, 26.0105], [89.9798, 26.0097], [89.9796, 26.0087], [89.9787, 26.0077], [89.9781, 26.0065], [89.9784, 26.0049], [89.979, 26.0026], [89.9771, 26.0014], [89.9724, 26.0005], [89.9721, 26.0005], [89.9649, 25.996], [89.9556, 25.9894], [89.9539, 25.9883], [89.9503, 25.986], [89.9461, 25.9862], [89.9458, 25.9861], [89.9446, 25.9863], [89.9435, 25.9865], [89.9415, 25.9872], [89.9397, 25.9884], [89.938, 25.9897], [89.9365, 25.9913], [89.9355, 25.9923], [89.9349, 25.9938], [89.9338, 25.9941], [89.9324, 25.9946], [89.9311, 25.9956], [89.9295, 25.9964], [89.9281, 25.9973], [89.9269, 25.9978], [89.9244, 25.9987], [89.923, 25.9993], [89.9221, 25.9991], [89.9214, 25.9987], [89.9213, 25.9993], [89.9209, 26.0004], [89.9246, 26.0006], [89.9259, 26.0012], [89.9265, 26.0013], [89.9284, 26.0017], [89.9307, 26.0022], [89.9311, 26.0034], [89.9308, 26.0036], [89.93, 26.0041], [89.9285, 26.0048], [89.9271, 26.0058], [89.9268, 26.0059], [89.9286, 26.0066], [89.9313, 26.0069], [89.934, 26.0074], [89.9354, 26.0081], [89.9367, 26.0096], [89.9371, 26.0099], [89.9388, 26.01], [89.9406, 26.0102], [89.9421, 26.0113], [89.9439, 26.011], [89.9454, 26.0111], [89.9468, 26.0116], [89.9487, 26.0119], [89.9502, 26.0122], [89.9523, 26.0127], [89.954, 26.0139], [89.9534, 26.0145], [89.9515, 26.0152], [89.9492, 26.0161], [89.9479, 26.0174], [89.9474, 26.0189], [89.9473, 26.0189], [89.9485, 26.0192], [89.9507, 26.0192], [89.9527, 26.0196], [89.9549, 26.0203], [89.9563, 26.0195]]]}, "properties": {"OBJECTID": 115094, "gpcode": "106155", "gpname": "BHASANIRCHAR", "stname": "ASSAM", "dtname": "Dhubri", "sdtname": "Dhubri", "stcode11": "18", "dtcode11": "301", "sdtcode11": "02008", "blklgdcode": "2555", "blkname": "GAURIPUR", "dt_lgd": 285, "sdt_lgd": 6014, "st_lgd": 18, "vilcode11": 0, "vilname11": "", "pan_local": "GOURIPUR", "b_pan_code": 2955, "b_pan_name": "GAURIPUR", "d_pan_code": 248, "d_pan_name": "DHUBRI", "gp_code": "106155", "gp_name": "BHASANIRCHAR", "st_2011": "18", "dt_2011": "301", "sdt_2011": "02008", "subdtname": "Dhubri", "block_name": "GAURIPUR", "blk_lgdcod": "2555", "dtcode14": "301", "SHAPE_Length": 19184.10148047811, "SHAPE_Area": 14285785.159938745}}, {"type": "Feature", "geometry": {"type": "Polygon", "coordinates": [[[89.9429, 25.9851], [89.941, 25.9815], [89.9381, 25.9786], [89.936, 25.977], [89.931, 25.9733], [89.926, 25.97], [89.9206, 25.9672], [89.9198, 25.9668], [89.9178, 25.965], [89.913, 25.9608], [89.9069, 25.9575], [89.9003, 25.9525], [89.895, 25.949], [89.8947, 25.9488], [89.8923, 25.9478], [89.8918, 25.9505], [89.892, 25.9512], [89.8923, 25.9523], [89.8929, 25.9541], [89.894, 25.9561], [89.8948, 25.9574], [89.8946, 25.958], [89.8932, 25.9589], [89.893, 25.959], [89.8928, 25.959], [89.8914, 25.9581], [89.889, 25.9568], [89.887, 25.9563], [89.8846, 25.9561], [89.8842, 25.9558], [89.8836, 25.9562], [89.8823, 25.9567], [89.882, 25.9571], [89.8817, 25.9579], [89.8812, 25.959], [89.8801, 25.9606], [89.8793, 25.9609], [89.8782, 25.9608], [89.8778, 25.9613], [89.8777, 25.9623], [89.8768, 25.9637], [89.8764, 25.9654], [89.8765, 25.9665], [89.8768, 25.9682], [89.8773, 25.9692], [89.8776, 25.9699], [89.8776, 25.97], [89.878, 25.9702], [89.8802, 25.971], [89.8819, 25.972], [89.8838, 25.9734], [89.8851, 25.9744], [89.8868, 25.9761], [89.8882, 25.9774], [89.8896, 25.9789], [89.8905, 25.9799], [89.8921, 25.9813], [89.8932, 25.9822], [89.8943, 25.9833], [89.8953, 25.9849], [89.8963, 25.9863], [89.8971, 25.988], [89.8975, 25.9892], [89.8981, 25.9905], [89.8991, 25.9916], [89.8999, 25.9921], [89.8999, 25.9919], [89.9001, 25.9904], [89.9003, 25.9895], [89.9004, 25.9882], [89.9002, 25.9868], [89.9006, 25.9857], [89.9008, 25.9848], [89.9014, 25.9844], [89.9028, 25.9839], [89.9042, 25.9837], [89.9069, 25.983], [89.9089, 25.9826], [89.91, 25.9823], [89.9101, 25.9823], [89.9107, 25.9839], [89.9119, 25.9868], [89.9134, 25.9891], [89.9148, 25.9914], [89.9159, 25.9929], [89.9173, 25.9937], [89.9188, 25.9944], [89.92, 25.9952], [89.9205, 25.9958], [89.9219, 25.996], [89.9218, 25.9963], [89.9217, 25.9978], [89.9214, 25.9987], [89.9221, 25.9991], [89.923, 25.9993], [89.9244, 25.9987], [89.9269, 25.9978], [89.9281, 25.9973], [89.9295, 25.9964], [89.9311, 25.9956], [89.9324, 25.9946], [89.9338, 25.9941], [89.9349, 25.9938], [89.9355, 25.9923], [89.9365, 25.9913], [89.938, 25.9897], [89.9397, 25.9884], [89.9415, 25.9872], [89.9435, 25.9865], [89.9446, 25.9863], [89.9458, 25.9861], [89.9429, 25.9851]]]}, "properties": {"OBJECTID": 115095, "gpcode": "106156", "gpname": "BHOGDAHAR", "stname": "ASSAM", "dtname": "Dhubri", "sdtname": "Dhubri", "stcode11": "18", "dtcode11": "301", "sdtcode11": "02008", "blklgdcode": "2555", "blkname": "GAURIPUR", "dt_lgd": 285, "sdt_lgd": 6014, "st_lgd": 18, "vilcode11": 0, "vilname11": "", "pan_local": "GOURIPUR", "b_pan_code": 2955, "b_pan_name": "GAURIPUR", "d_pan_code": 248, "d_pan_name": "DHUBRI", "gp_code": "106156", "gp_name": "BHOGDAHAR", "st_2011": "18", "dt_2011": "301", "sdt_2011": "02008", "subdtname": "Dhubri", "block_name": "GAURIPUR", "blk_lgdcod": "2555", "dtcode14": "301", "SHAPE_Length": 24288.80072581625, "SHAPE_Area": 21339955.190022804}}, {"type": "Feature", "geometry": {"type": "Polygon", "coordinates": [[[89.8155, 26.0203], [89.8175, 26.0194], [89.8183, 26.0201], [89.8209, 26.0197], [89.8224, 26.0201], [89.8247, 26.0199], [89.828, 26.0197], [89.8286, 26.0199], [89.8298, 26.0173], [89.8304, 26.0157], [89.8313, 26.0145], [89.8319, 26.0148], [89.8338, 26.0151], [89.8362, 26.015], [89.8386, 26.0149], [89.8409, 26.0146], [89.8421, 26.0145], [89.8422, 26.0132], [89.8446, 26.0097], [89.8433, 26.0093], [89.8426, 26.0095], [89.8419, 26.0097], [89.8406, 26.0101], [89.8398, 26.0103], [89.8382, 26.0104], [89.838, 26.0105], [89.8379, 26.0107], [89.8378, 26.0109], [89.8377, 26.011], [89.8377, 26.0111], [89.8377, 26.0112], [89.8377, 26.0113], [89.8375, 26.0114], [89.8371, 26.0119], [89.837, 26.012], [89.8369, 26.0121], [89.8366, 26.0123], [89.8364, 26.0124], [89.8362, 26.0125], [89.8358, 26.0126], [89.8356, 26.0126], [89.8353, 26.0126], [89.8349, 26.0125], [89.8344, 26.0124], [89.8342, 26.0124], [89.8341, 26.0123], [89.8339, 26.0121], [89.8337, 26.0119], [89.8336, 26.0118], [89.8335, 26.0117], [89.8335, 26.0115], [89.8334, 26.0114], [89.8333, 26.0113], [89.8331, 26.011], [89.8331, 26.0109], [89.8329, 26.0108], [89.8327, 26.0107], [89.8326, 26.0107], [89.8325, 26.0106], [89.8324, 26.0105], [89.8322, 26.0104], [89.832, 26.0102], [89.8318, 26.01], [89.8317, 26.0099], [89.8315, 26.0098], [89.8314, 26.0098], [89.8311, 26.0098], [89.8312, 26.0097], [89.8312, 26.0095], [89.8313, 26.0094], [89.8313, 26.0091], [89.8314, 26.0089], [89.8315, 26.0088], [89.8315, 26.0087], [89.8316, 26.0085], [89.8316, 26.0083], [89.8317, 26.0081], [89.8317, 26.008], [89.8317, 26.0079], [89.8317, 26.0078], [89.8317, 26.0074], [89.8317, 26.0072], [89.8317, 26.007], [89.8316, 26.0069], [89.8316, 26.0068], [89.8316, 26.0066], [89.8316, 26.0064], [89.8316, 26.0063], [89.8316, 26.0062], [89.8315, 26.0059], [89.8315, 26.0056], [89.8314, 26.0053], [89.8313, 26.0049], [89.8313, 26.0045], [89.8312, 26.0041], [89.8311, 26.0037], [89.831, 26.0035], [89.831, 26.0029], [89.831, 26.0027], [89.8309, 26.002], [89.8309, 26.0018], [89.8309, 26.0017], [89.831, 26.0015], [89.8311, 26.0011], [89.8311, 26.0008], [89.8312, 26.0005], [89.8312, 26.0004], [89.8313, 26.0002], [89.8314, 26.0], [89.8315, 25.9996], [89.8316, 25.9994], [89.8318, 25.999], [89.8319, 25.9989], [89.8321, 25.9986], [89.8324, 25.9981], [89.8326, 25.9977], [89.8328, 25.9973], [89.8329, 25.9972], [89.8329, 25.9971], [89.833, 25.9967], [89.8332, 25.9961], [89.8333, 25.9955], [89.8334, 25.995], [89.8334, 25.9949], [89.8335, 25.9945], [89.8335, 25.9944], [89.8336, 25.9942], [89.8336, 25.9941], [89.8336, 25.994], [89.8336, 25.9939], [89.8337, 25.993], [89.8337, 25.9926], [89.8336, 25.9919], [89.8336, 25.9918], [89.8335, 25.9918], [89.8333, 25.9917], [89.8334, 25.9916], [89.8335, 25.9915], [89.8335, 25.9913], [89.8335, 25.9912], [89.8335, 25.9911], [89.8335, 25.991], [89.8334, 25.9908], [89.8332, 25.9906], [89.8334, 25.9905], [89.8337, 25.9904], [89.8338, 25.9903], [89.8339, 25.9902], [89.834, 25.99], [89.8342, 25.9897], [89.8343, 25.9896], [89.8345, 25.9894], [89.8343, 25.9892], [89.8342, 25.9892], [89.8342, 25.9891], [89.8345, 25.9889], [89.8347, 25.9888], [89.835, 25.9885], [89.8349, 25.9885], [89.8352, 25.9883], [89.8351, 25.9882], [89.835, 25.9881], [89.8357, 25.9875], [89.8357, 25.9874], [89.8359, 25.9873], [89.8359, 25.987], [89.836, 25.987], [89.8362, 25.987], [89.8363, 25.9869], [89.8364, 25.9868], [89.8364, 25.9867], [89.8364, 25.9866], [89.8365, 25.9866], [89.8366, 25.9866], [89.8366, 25.9858], [89.8367, 25.9856], [89.8367, 25.9852], [89.8367, 25.985], [89.8364, 25.985], [89.8364, 25.9846], [89.8364, 25.9845], [89.8364, 25.9843], [89.8363, 25.9839], [89.8362, 25.9836], [89.8361, 25.9832], [89.8361, 25.983], [89.8359, 25.9824], [89.8348, 25.9827], [89.8347, 25.9827], [89.834, 25.9828], [89.833, 25.9831], [89.8325, 25.9832], [89.8321, 25.9832], [89.8312, 25.9833], [89.8309, 25.9834], [89.8306, 25.9834], [89.83, 25.9835], [89.8298, 25.9835], [89.8297, 25.9835], [89.8291, 25.9836], [89.8286, 25.9837], [89.8285, 25.9837], [89.8283, 25.9838], [89.828, 25.9838], [89.8277, 25.9839], [89.8275, 25.9839], [89.827, 25.9841], [89.8264, 25.9843], [89.8259, 25.9844], [89.8256, 25.9845], [89.8249, 25.9847], [89.8246, 25.9848], [89.8242, 25.985], [89.824, 25.9851], [89.8235, 25.9853], [89.8234, 25.9854], [89.8229, 25.9857], [89.8224, 25.986], [89.8222, 25.9861], [89.8221, 25.9862], [89.822, 25.9862], [89.8219, 25.9862], [89.8217, 25.9863], [89.8214, 25.9866], [89.8212, 25.9868], [89.821, 25.9869], [89.8209, 25.9871], [89.8208, 25.9872], [89.8205, 25.9875], [89.8204, 25.9875], [89.8203, 25.9876], [89.8198, 25.9882], [89.8197, 25.9884], [89.8195, 25.9886], [89.8194, 25.9888], [89.8192, 25.9891], [89.8191, 25.9891], [89.819, 25.9893], [89.8189, 25.9894], [89.8189, 25.9895], [89.8188, 25.9897], [89.8186, 25.9899], [89.8183, 25.9903], [89.8183, 25.9904], [89.8182, 25.9904], [89.818, 25.9907], [89.8179, 25.9907], [89.8178, 25.9909], [89.8176, 25.9912], [89.8175, 25.9914], [89.8174, 25.9917], [89.8172, 25.9919], [89.817, 25.9921], [89.8171, 25.9922], [89.8168, 25.9928], [89.8167, 25.993], [89.8166, 25.993], [89.8166, 25.9932], [89.8163, 25.9936], [89.8163, 25.9937], [89.8162, 25.9941], [89.8161, 25.9942], [89.8161, 25.9943], [89.816, 25.9947], [89.8158, 25.9952], [89.8156, 25.9956], [89.8156, 25.9957], [89.8155, 25.9958], [89.8155, 25.996], [89.8154, 25.9962], [89.8153, 25.9965], [89.8151, 25.9969], [89.8151, 25.9974], [89.815, 25.9975], [89.8149, 25.9977], [89.8149, 25.9979], [89.815, 25.9979], [89.8151, 25.9978], [89.8153, 25.9977], [89.8158, 25.9974], [89.8161, 25.9971], [89.8163, 25.997], [89.8165, 25.9969], [89.8168, 25.9967], [89.8169, 25.9965], [89.8171, 25.9963], [89.8173, 25.9962], [89.8175, 25.9961], [89.8176, 25.996], [89.8177, 25.996], [89.8179, 25.996], [89.8181, 25.9959], [89.8183, 25.9959], [89.8186, 25.9959], [89.819, 25.9959], [89.8193, 25.9959], [89.8195, 25.9961], [89.8198, 25.9964], [89.82, 25.9967], [89.8202, 25.997], [89.8203, 25.9972], [89.8204, 25.9974], [89.8204, 25.9976], [89.8205, 25.9979], [89.8206, 25.9984], [89.8206, 25.9987], [89.8206, 25.9988], [89.8206, 25.9992], [89.8206, 25.9993], [89.8206, 25.9995], [89.8206, 25.9996], [89.8204, 26.0001], [89.8203, 26.0004], [89.8201, 26.0008], [89.82, 26.001], [89.8199, 26.0011], [89.8199, 26.0013], [89.8197, 26.0016], [89.8196, 26.0018], [89.8196, 26.0019], [89.8193, 26.0025], [89.8191, 26.003], [89.8191, 26.0033], [89.8192, 26.0039], [89.8192, 26.0041], [89.8192, 26.0042], [89.8193, 26.0044], [89.8194, 26.0048], [89.8195, 26.0051], [89.8196, 26.0052], [89.8197, 26.0054], [89.8198, 26.0055], [89.8199, 26.0058], [89.82, 26.0062], [89.8201, 26.0064], [89.8203, 26.0069], [89.8203, 26.0072], [89.8204, 26.0072], [89.8204, 26.0074], [89.8205, 26.0077], [89.8209, 26.0077], [89.8211, 26.0076], [89.8214, 26.0076], [89.822, 26.0076], [89.8221, 26.008], [89.822, 26.0082], [89.822, 26.0083], [89.822, 26.0085], [89.8219, 26.0088], [89.8219, 26.009], [89.8219, 26.0092], [89.8219, 26.0093], [89.822, 26.0096], [89.822, 26.0097], [89.822, 26.0099], [89.8219, 26.01], [89.8219, 26.0101], [89.8214, 26.0105], [89.8214, 26.0107], [89.8214, 26.0109], [89.8214, 26.0111], [89.8214, 26.0113], [89.8213, 26.0116], [89.8213, 26.0119], [89.8213, 26.012], [89.8211, 26.0121], [89.8209, 26.0123], [89.8206, 26.0126], [89.8204, 26.0128], [89.8201, 26.0131], [89.8199, 26.0133], [89.8198, 26.0134], [89.8197, 26.0136], [89.8196, 26.0138], [89.8196, 26.014], [89.8194, 26.0144], [89.8193, 26.0147], [89.8192, 26.015], [89.8191, 26.0151], [89.819, 26.0155], [89.819, 26.0156], [89.8187, 26.0159], [89.8183, 26.0163], [89.818, 26.0166], [89.8178, 26.0168], [89.8175, 26.017], [89.8171, 26.0171], [89.8167, 26.0172], [89.8164, 26.0171], [89.8164, 26.017], [89.8162, 26.017], [89.8161, 26.0171], [89.8158, 26.0177], [89.8157, 26.0179], [89.8157, 26.0181], [89.8156, 26.0185], [89.8155, 26.0189], [89.8155, 26.0191], [89.8154, 26.0196], [89.8154, 26.0199], [89.8154, 26.0202], [89.8154, 26.0204], [89.8155, 26.0203]]]}, "properties": {"OBJECTID": 115096, "gpcode": "106157", "gpname": "BINNACHARA", "stname": "ASSAM", "dtname": "Dhubri", "sdtname": "Dhubri", "stcode11": "18", "dtcode11": "301", "sdtcode11": "02008", "blklgdcode": "2555", "blkname": "GAURIPUR", "dt_lgd": 285, "sdt_lgd": 6014, "st_lgd": 18, "vilcode11": 0, "vilname11": "", "pan_local": "GOURIPUR", "b_pan_code": 2955, "b_pan_name": "GAURIPUR", "d_pan_code": 248, "d_pan_name": "DHUBRI", "gp_code": "106157", "gp_name": "BINNACHARA", "st_2011": "18", "dt_2011": "301", "sdt_2011": "02008", "subdtname": "Dhubri", "block_name": "GAURIPUR", "blk_lgdcod": "2555", "dtcode14": "301", "SHAPE_Length": 17365.894457482245, "SHAPE_Area": 7102513.029140891}}, {"type": "Feature", "geometry": {"type": "Polygon", "coordinates": [[[89.9198, 26.0414], [89.9201, 26.0398], [89.92, 26.0389], [89.9194, 26.0373], [89.9196, 26.0365], [89.9195, 26.0356], [89.9202, 26.0343], [89.9206, 26.0331], [89.9211, 26.0326], [89.922, 26.0315], [89.9229, 26.0308], [89.9234, 26.0294], [89.9232, 26.0281], [89.9231, 26.0267], [89.9219, 26.0258], [89.921, 26.0253], [89.92, 26.0244], [89.9187, 26.0237], [89.9184, 26.0236], [89.9177, 26.0233], [89.9157, 26.0229], [89.9139, 26.0225], [89.9113, 26.0221], [89.9093, 26.0217], [89.9084, 26.0215], [89.9056, 26.0204], [89.9041, 26.0201], [89.9022, 26.0206], [89.8994, 26.021], [89.8971, 26.0197], [89.8946, 26.0187], [89.8926, 26.0177], [89.8917, 26.0174], [89.8915, 26.0153], [89.8913, 26.0143], [89.8892, 26.0132], [89.8877, 26.0118], [89.8859, 26.0128], [89.8855, 26.0125], [89.8851, 26.0121], [89.8837, 26.011], [89.8831, 26.0099], [89.8827, 26.009], [89.882, 26.008], [89.8809, 26.0067], [89.8795, 26.0048], [89.8783, 26.0035], [89.8766, 26.0049], [89.8748, 26.0065], [89.8733, 26.0083], [89.8742, 26.0096], [89.8757, 26.0106], [89.8776, 26.0116], [89.879, 26.0118], [89.8802, 26.0121], [89.881, 26.0123], [89.8815, 26.0122], [89.8824, 26.0139], [89.8833, 26.0153], [89.8834, 26.0168], [89.8836, 26.0181], [89.8837, 26.0192], [89.8848, 26.02], [89.8856, 26.0207], [89.8865, 26.0217], [89.8874, 26.0224], [89.8871, 26.0226], [89.8846, 26.0223], [89.8824, 26.0221], [89.8802, 26.0218], [89.8803, 26.0225], [89.8807, 26.0246], [89.8817, 26.0263], [89.8822, 26.0276], [89.8824, 26.0294], [89.8825, 26.0301], [89.8833, 26.0308], [89.8841, 26.0322], [89.8839, 26.0322], [89.8846, 26.0331], [89.8855, 26.0341], [89.8866, 26.0333], [89.8879, 26.0329], [89.89, 26.0345], [89.892, 26.0365], [89.8931, 26.0376], [89.8938, 26.0383], [89.8958, 26.0382], [89.8969, 26.038], [89.897, 26.038], [89.8987, 26.0373], [89.9003, 26.0365], [89.9004, 26.0364], [89.9013, 26.0364], [89.9015, 26.0378], [89.9018, 26.0389], [89.9028, 26.0399], [89.9039, 26.0411], [89.905, 26.0422], [89.9058, 26.0438], [89.9059, 26.0431], [89.9072, 26.0433], [89.9091, 26.0419], [89.9106, 26.041], [89.9128, 26.0427], [89.9146, 26.043], [89.9159, 26.0433], [89.9164, 26.0434], [89.9176, 26.0436], [89.918, 26.0439], [89.9183, 26.0441], [89.919, 26.0449], [89.9195, 26.0437], [89.9199, 26.0428], [89.9198, 26.0414]]]}, "properties": {"OBJECTID": 115097, "gpcode": "106158", "gpname": "DHARMASALA", "stname": "ASSAM", "dtname": "Dhubri", "sdtname": "Dhubri", "stcode11": "18", "dtcode11": "301", "sdtcode11": "02008", "blklgdcode": "2555", "blkname": "GAURIPUR", "dt_lgd": 285, "sdt_lgd": 6014, "st_lgd": 18, "vilcode11": 0, "vilname11": "", "pan_local": "GOURIPUR", "b_pan_code": 2955, "b_pan_name": "GAURIPUR", "d_pan_code": 248, "d_pan_name": "DHUBRI", "gp_code": "106158", "gp_name": "DHARMASALA", "st_2011": "18", "dt_2011": "301", "sdt_2011": "02008", "subdtname": "Dhubri", "block_name": "GAURIPUR", "blk_lgdcod": "2555", "dtcode14": "301", "SHAPE_Length": 19739.129292402493, "SHAPE_Area": 11208633.18576126}}, {"type": "Feature", "geometry": {"type": "Polygon", "coordinates": [[[89.8679, 26.045], [89.8734, 26.0427], [89.8751, 26.0431], [89.8765, 26.0429], [89.8773, 26.0415], [89.878, 26.0411], [89.8799, 26.0406], [89.8812, 26.0402], [89.8827, 26.0393], [89.8837, 26.0385], [89.8842, 26.037], [89.8842, 26.0356], [89.8841, 26.0355], [89.8841, 26.0351], [89.883, 26.0343], [89.8806, 26.0331], [89.8783, 26.0321], [89.8762, 26.0304], [89.875, 26.0294], [89.8745, 26.0308], [89.8733, 26.0317], [89.8722, 26.0326], [89.87, 26.0334], [89.8656, 26.0304], [89.8641, 26.0293], [89.8638, 26.0289], [89.8631, 26.028], [89.862, 26.0266], [89.8616, 26.0251], [89.8624, 26.0252], [89.8642, 26.0247], [89.8654, 26.0242], [89.8662, 26.0238], [89.8722, 26.0243], [89.8686, 26.0153], [89.8678, 26.0133], [89.8671, 26.0121], [89.8671, 26.012], [89.8655, 26.0115], [89.8633, 26.0107], [89.8615, 26.0106], [89.8594, 26.0119], [89.8582, 26.0117], [89.8579, 26.0104], [89.8577, 26.0083], [89.8591, 26.0056], [89.8601, 26.0036], [89.8585, 26.0039], [89.8575, 26.005], [89.8556, 26.007], [89.8553, 26.0074], [89.8527, 26.0099], [89.8495, 26.0102], [89.8463, 26.0099], [89.8446, 26.0097], [89.8422, 26.0132], [89.8421, 26.0145], [89.8409, 26.0146], [89.8386, 26.0149], [89.8362, 26.015], [89.8338, 26.0151], [89.8319, 26.0148], [89.8313, 26.0145], [89.8304, 26.0157], [89.8298, 26.0173], [89.8286, 26.0199], [89.828, 26.0197], [89.8247, 26.0199], [89.8224, 26.0201], [89.8209, 26.0197], [89.8183, 26.0201], [89.8175, 26.0194], [89.8155, 26.0203], [89.8154, 26.0204], [89.8155, 26.0206], [89.8155, 26.0207], [89.8156, 26.021], [89.8157, 26.0212], [89.8158, 26.0213], [89.8158, 26.0214], [89.816, 26.0216], [89.8162, 26.022], [89.8163, 26.0222], [89.8165, 26.0225], [89.8168, 26.0228], [89.8169, 26.023], [89.817, 26.0228], [89.817, 26.0227], [89.8171, 26.0222], [89.8178, 26.0209], [89.8192, 26.0201], [89.8225, 26.0207], [89.825, 26.0256], [89.8256, 26.026], [89.827, 26.0241], [89.8283, 26.0222], [89.8294, 26.0222], [89.8327, 26.0236], [89.8356, 26.0255], [89.8363, 26.0287], [89.8352, 26.0313], [89.8348, 26.0331], [89.8348, 26.0332], [89.8353, 26.0358], [89.8362, 26.0362], [89.8363, 26.0363], [89.8368, 26.0354], [89.8397, 26.0309], [89.8405, 26.0284], [89.8424, 26.0253], [89.8428, 26.0252], [89.8429, 26.0252], [89.8444, 26.0251], [89.8458, 26.0262], [89.8461, 26.0291], [89.8468, 26.0305], [89.8485, 26.0316], [89.8509, 26.0317], [89.8552, 26.0318], [89.8579, 26.0325], [89.8597, 26.0337], [89.8599, 26.0344], [89.8599, 26.0345], [89.8606, 26.037], [89.8606, 26.0432], [89.8608, 26.0436], [89.8608, 26.0437], [89.8632, 26.0484], [89.866, 26.0494], [89.8679, 26.045]]]}, "properties": {"OBJECTID": 115098, "gpcode": "106159", "gpname": "DURAHATI", "stname": "ASSAM", "dtname": "Dhubri", "sdtname": "Dhubri", "stcode11": "18", "dtcode11": "301", "sdtcode11": "02008", "blklgdcode": "2555", "blkname": "GAURIPUR", "dt_lgd": 285, "sdt_lgd": 6014, "st_lgd": 18, "vilcode11": 0, "vilname11": "", "pan_local": "GOURIPUR", "b_pan_code": 2955, "b_pan_name": "GAURIPUR", "d_pan_code": 248, "d_pan_name": "DHUBRI", "gp_code": "106159", "gp_name": "DURAHATI", "st_2011": "18", "dt_2011": "301", "sdt_2011": "02008", "subdtname": "Dhubri", "block_name": "GAURIPUR", "blk_lgdcod": "2555", "dtcode14": "301", "SHAPE_Length": 28907.500082044888, "SHAPE_Area": 13771431.089577619}}, {"type": "Feature", "geometry": {"type": "Polygon", "coordinates": [[[90.0569, 26.0792], [90.0581, 26.078], [90.0588, 26.0768], [90.0598, 26.0748], [90.0603, 26.0744], [90.0611, 26.0747], [90.0637, 26.0758], [90.0666, 26.0786], [90.0684, 26.0797], [90.0721, 26.0815], [90.0723, 26.0814], [90.0724, 26.0813], [90.0733, 26.0808], [90.0732, 26.0793], [90.0733, 26.0762], [90.0735, 26.0755], [90.0736, 26.0754], [90.0719, 26.0751], [90.0688, 26.0736], [90.0645, 26.0719], [90.063, 26.071], [90.0606, 26.0694], [90.0584, 26.0663], [90.0567, 26.0646], [90.0539, 26.0622], [90.0522, 26.0601], [90.0528, 26.0597], [90.0527, 26.0596], [90.0519, 26.0587], [90.0502, 26.0584], [90.0461, 26.0569], [90.0438, 26.0573], [90.0428, 26.0578], [90.0416, 26.0582], [90.0414, 26.0588], [90.0447, 26.0597], [90.0465, 26.0601], [90.0494, 26.0628], [90.0516, 26.0651], [90.0557, 26.0681], [90.0565, 26.0693], [90.057, 26.0712], [90.0563, 26.0733], [90.0528, 26.0789], [90.0509, 26.0789], [90.0491, 26.0791], [90.0478, 26.0785], [90.0456, 26.0785], [90.0442, 26.078], [90.0421, 26.0768], [90.0407, 26.0762], [90.0383, 26.0759], [90.0376, 26.0761], [90.0364, 26.0766], [90.0351, 26.0762], [90.0337, 26.0754], [90.0328, 26.0741], [90.0313, 26.0719], [90.03, 26.0701], [90.03, 26.0692], [90.03, 26.0676], [90.0293, 26.0674], [90.0283, 26.0665], [90.0253, 26.0651], [90.0247, 26.0644], [90.0235, 26.0638], [90.0185, 26.0609], [90.0176, 26.06], [90.0173, 26.0589], [90.0182, 26.0585], [90.0198, 26.0581], [90.0198, 26.0572], [90.0198, 26.0557], [90.0224, 26.0563], [90.027, 26.0571], [90.0289, 26.0576], [90.0302, 26.0573], [90.0308, 26.0568], [90.0314, 26.0564], [90.0316, 26.0563], [90.0313, 26.0561], [90.0309, 26.0558], [90.0286, 26.0541], [90.0269, 26.0525], [90.0245, 26.0489], [90.0231, 26.046], [90.0233, 26.0455], [90.0217, 26.0443], [90.0197, 26.0432], [90.0182, 26.0424], [90.0182, 26.0423], [90.0159, 26.0414], [90.0119, 26.0401], [90.0095, 26.0394], [90.0078, 26.0396], [90.0073, 26.0406], [90.0072, 26.0416], [90.0062, 26.0424], [90.0059, 26.0423], [90.0058, 26.0422], [90.0056, 26.0407], [90.0059, 26.0388], [90.0053, 26.0363], [90.005, 26.0351], [90.0049, 26.0341], [90.0052, 26.0326], [90.006, 26.0295], [90.0065, 26.0271], [90.0075, 26.0238], [90.0085, 26.0187], [90.0088, 26.0158], [90.0104, 26.0129], [90.0117, 26.0104], [90.0131, 26.0082], [90.0145, 26.0068], [90.0149, 26.0068], [90.015, 26.0068], [90.0183, 26.0043], [90.0199, 26.0045], [90.0213, 26.005], [90.022, 26.005], [90.0241, 26.0027], [90.0241, 26.0026], [90.0195, 26.0022], [90.0194, 26.0022], [90.0166, 26.0004], [90.0146, 25.9993], [90.0121, 25.9982], [90.0119, 25.9981], [90.008, 25.9953], [90.0047, 25.9928], [90.0035, 25.9917], [90.0027, 25.9918], [90.0001, 25.9911], [89.9972, 25.9887], [89.9904, 25.9834], [89.9852, 25.9801], [89.9829, 25.9792], [89.9801, 25.9799], [89.9785, 25.9795], [89.9756, 25.9785], [89.9727, 25.976], [89.9722, 25.9756], [89.968, 25.9729], [89.9647, 25.9696], [89.9646, 25.9696], [89.9627, 25.9672], [89.9625, 25.967], [89.9613, 25.9654], [89.9587, 25.9631], [89.9586, 25.963], [89.9585, 25.9605], [89.9584, 25.9593], [89.9584, 25.9591], [89.9584, 25.9583], [89.9581, 25.9543], [89.9565, 25.9524], [89.9542, 25.9513], [89.9522, 25.9513], [89.9506, 25.9514], [89.9478, 25.9515], [89.9452, 25.9499], [89.9438, 25.9462], [89.9433, 25.9429], [89.9439, 25.939], [89.9436, 25.935], [89.9445, 25.9325], [89.9473, 25.929], [89.9482, 25.9279], [89.9483, 25.9279], [89.9493, 25.9267], [89.949, 25.925], [89.9473, 25.9246], [89.9435, 25.9253], [89.9433, 25.9253], [89.9393, 25.9257], [89.9374, 25.9246], [89.9343, 25.9214], [89.9342, 25.9211], [89.9342, 25.921], [89.9333, 25.9188], [89.9336, 25.9173], [89.9339, 25.9143], [89.9337, 25.9115], [89.9336, 25.9115], [89.9309, 25.9121], [89.9284, 25.9127], [89.9275, 25.914], [89.9262, 25.9155], [89.9243, 25.9168], [89.9224, 25.918], [89.9201, 25.919], [89.9167, 25.9196], [89.9166, 25.9197], [89.9134, 25.9204], [89.9111, 25.9204], [89.9074, 25.9207], [89.9035, 25.9204], [89.9011, 25.9202], [89.8984, 25.923], [89.8955, 25.9255], [89.8927, 25.9275], [89.8899, 25.9289], [89.8868, 25.9312], [89.8836, 25.9335], [89.8815, 25.935], [89.8814, 25.935], [89.8818, 25.9359], [89.8822, 25.9369], [89.8825, 25.9375], [89.8826, 25.9379], [89.8827, 25.938], [89.8837, 25.9398], [89.8843, 25.9408], [89.8848, 25.9416], [89.8855, 25.9427], [89.8858, 25.9432], [89.8861, 25.9436], [89.8866, 25.9445], [89.8871, 25.9452], [89.8869, 25.9452], [89.8868, 25.9453], [89.887, 25.9453], [89.8923, 25.9478], [89.8947, 25.9488], [89.895, 25.949], [89.9003, 25.9525], [89.9069, 25.9575], [89.913, 25.9608], [89.9178, 25.965], [89.9198, 25.9668], [89.9206, 25.9672], [89.926, 25.97], [89.931, 25.9733], [89.936, 25.977], [89.9381, 25.9786], [89.941, 25.9815], [89.9429, 25.9851], [89.9458, 25.9861], [89.9461, 25.9862], [89.9503, 25.986], [89.9539, 25.9883], [89.9556, 25.9894], [89.9649, 25.996], [89.9721, 26.0005], [89.9724, 26.0005], [89.9771, 26.0014], [89.979, 26.0026], [89.9811, 26.0045], [89.9835, 26.0067], [89.9855, 26.0085], [89.9878, 26.0099], [89.989, 26.0103], [89.9895, 26.0105], [89.9912, 26.0124], [89.9922, 26.0144], [89.9938, 26.0163], [89.9946, 26.0166], [89.9958, 26.0177], [89.996, 26.018], [89.9965, 26.0184], [89.9972, 26.0181], [89.9972, 26.0217], [89.998, 26.0242], [89.9957, 26.0255], [89.9944, 26.0234], [89.9938, 26.0219], [89.9923, 26.0215], [89.9907, 26.0217], [89.9893, 26.0225], [89.9875, 26.0232], [89.9865, 26.0242], [89.9849, 26.0248], [89.9839, 26.0253], [89.9828, 26.0256], [89.9816, 26.0268], [89.9804, 26.0278], [89.9797, 26.0288], [89.9783, 26.0296], [89.9773, 26.0299], [89.9763, 26.0302], [89.9756, 26.0304], [89.9751, 26.0313], [89.9744, 26.032], [89.9737, 26.0334], [89.9725, 26.0338], [89.9713, 26.0347], [89.9709, 26.0357], [89.97, 26.0374], [89.9681, 26.0409], [89.9663, 26.0438], [89.9653, 26.046], [89.9652, 26.0491], [89.9651, 26.0528], [89.9653, 26.0553], [89.9657, 26.0576], [89.966, 26.0603], [89.9657, 26.063], [89.9661, 26.0631], [89.9673, 26.0633], [89.969, 26.0632], [89.9701, 26.063], [89.9746, 26.0666], [89.9767, 26.0683], [89.979, 26.0657], [89.9818, 26.0647], [89.984, 26.0639], [89.9863, 26.0634], [89.9883, 26.0637], [89.9918, 26.0635], [89.9926, 26.0628], [89.9927, 26.0616], [89.9926, 26.0605], [89.9926, 26.0594], [89.9927, 26.0576], [89.994, 26.058], [89.9944, 26.0567], [89.9958, 26.0562], [89.9972, 26.0605], [89.9992, 26.0625], [90.0007, 26.0635], [90.0023, 26.0642], [90.0029, 26.0648], [90.0028, 26.0654], [90.0044, 26.066], [90.0044, 26.0661], [90.0055, 26.0662], [90.0069, 26.0665], [90.0088, 26.067], [90.0104, 26.0673], [90.0118, 26.068], [90.0127, 26.0687], [90.0146, 26.0698], [90.0154, 26.0703], [90.016, 26.071], [90.0165, 26.0717], [90.0166, 26.0726], [90.0167, 26.0732], [90.0243, 26.0744], [90.0284, 26.0769], [90.0306, 26.0788], [90.0308, 26.0788], [90.0312, 26.0788], [90.0329, 26.079], [90.0354, 26.0795], [90.0387, 26.0813], [90.0411, 26.0826], [90.0451, 26.0828], [90.0452, 26.0828], [90.0467, 26.0824], [90.0476, 26.0823], [90.05, 26.0816], [90.0517, 26.081], [90.0524, 26.081], [90.0542, 26.0809], [90.0554, 26.08], [90.0569, 26.0792]]]}, "properties": {"OBJECTID": 115099, "gpcode": "106160", "gpname": "FALIMARI", "stname": "ASSAM", "dtname": "Dhubri", "sdtname": "Dhubri", "stcode11": "18", "dtcode11": "301", "sdtcode11": "02008", "blklgdcode": "2555", "blkname": "GAURIPUR", "dt_lgd": 285, "sdt_lgd": 6014, "st_lgd": 18, "vilcode11": 0, "vilname11": "", "pan_local": "GOURIPUR", "b_pan_code": 2955, "b_pan_name": "GAURIPUR", "d_pan_code": 248, "d_pan_name": "DHUBRI", "gp_code": "106160", "gp_name": "FALIMARI", "st_2011": "18", "dt_2011": "301", "sdt_2011": "02008", "subdtname": "Dhubri", "block_name": "GAURIPUR", "blk_lgdcod": "2555", "dtcode14": "301", "SHAPE_Length": 92066.93725440378, "SHAPE_Area": 93654624.85332333}}, {"type": "Feature", "geometry": {"type": "Polygon", "coordinates": [[[89.8846, 26.0331], [89.8839, 26.0322], [89.8841, 26.0322], [89.8833, 26.0308], [89.8825, 26.0301], [89.8824, 26.0294], [89.8822, 26.0276], [89.8817, 26.0263], [89.8807, 26.0246], [89.8803, 26.0225], [89.8802, 26.0218], [89.8824, 26.0221], [89.8846, 26.0223], [89.8871, 26.0226], [89.8874, 26.0224], [89.8865, 26.0217], [89.8856, 26.0207], [89.8848, 26.02], [89.8837, 26.0192], [89.8836, 26.0181], [89.8834, 26.0168], [89.8833, 26.0153], [89.8824, 26.0139], [89.8815, 26.0122], [89.881, 26.0123], [89.8802, 26.0121], [89.879, 26.0118], [89.8776, 26.0116], [89.8757, 26.0106], [89.8742, 26.0096], [89.8733, 26.0083], [89.8748, 26.0065], [89.8766, 26.0049], [89.8783, 26.0035], [89.8795, 26.0048], [89.8809, 26.0067], [89.882, 26.008], [89.8827, 26.009], [89.8831, 26.0099], [89.8837, 26.011], [89.8851, 26.0121], [89.8855, 26.0125], [89.8859, 26.0128], [89.8877, 26.0118], [89.8892, 26.0132], [89.8913, 26.0143], [89.8913, 26.0141], [89.8917, 26.0122], [89.8934, 26.01], [89.893, 26.009], [89.8918, 26.0072], [89.89, 26.0055], [89.8914, 26.0054], [89.8939, 26.0045], [89.8965, 26.0031], [89.8973, 26.0022], [89.8946, 26.001], [89.8935, 26.0005], [89.8875, 25.9992], [89.8863, 25.9983], [89.885, 25.997], [89.8836, 25.9957], [89.8835, 25.9956], [89.8825, 25.9944], [89.8809, 25.9926], [89.8802, 25.9913], [89.879, 25.9898], [89.8783, 25.9888], [89.8774, 25.9884], [89.8754, 25.9882], [89.8743, 25.988], [89.8737, 25.9876], [89.8733, 25.9869], [89.8727, 25.9861], [89.8722, 25.9855], [89.8711, 25.9845], [89.8701, 25.9834], [89.8681, 25.9817], [89.8684, 25.9796], [89.8683, 25.9796], [89.8682, 25.9796], [89.868, 25.9796], [89.8678, 25.9796], [89.8675, 25.9797], [89.8673, 25.9798], [89.867, 25.9799], [89.8668, 25.9801], [89.8667, 25.9801], [89.8665, 25.9803], [89.8665, 25.9804], [89.8664, 25.9805], [89.8664, 25.9807], [89.8664, 25.9808], [89.8664, 25.981], [89.8664, 25.9812], [89.8664, 25.9813], [89.8665, 25.9816], [89.8666, 25.982], [89.8667, 25.9823], [89.8668, 25.9824], [89.8669, 25.9824], [89.867, 25.9825], [89.8671, 25.9826], [89.867, 25.9826], [89.8669, 25.9826], [89.8668, 25.9826], [89.8667, 25.9826], [89.8666, 25.9827], [89.8664, 25.9828], [89.866, 25.9831], [89.866, 25.9832], [89.8658, 25.9833], [89.8658, 25.9834], [89.8656, 25.9834], [89.8653, 25.9835], [89.8651, 25.9835], [89.8649, 25.9836], [89.8648, 25.9836], [89.8646, 25.9836], [89.8644, 25.9836], [89.8642, 25.9836], [89.8641, 25.9838], [89.8641, 25.984], [89.864, 25.984], [89.8639, 25.984], [89.8637, 25.9841], [89.8635, 25.9842], [89.8633, 25.9844], [89.863, 25.9845], [89.8626, 25.9848], [89.8625, 25.9849], [89.8623, 25.985], [89.8622, 25.985], [89.8619, 25.9852], [89.8614, 25.9855], [89.8612, 25.9856], [89.8611, 25.9856], [89.8609, 25.9857], [89.8605, 25.9858], [89.8601, 25.986], [89.8597, 25.9861], [89.8593, 25.9861], [89.859, 25.9862], [89.8588, 25.9863], [89.8586, 25.9864], [89.8585, 25.9865], [89.8584, 25.9867], [89.8583, 25.9868], [89.8582, 25.9869], [89.858, 25.9869], [89.8579, 25.9869], [89.8578, 25.9869], [89.8577, 25.987], [89.8575, 25.9872], [89.8573, 25.9873], [89.8573, 25.9874], [89.8572, 25.9875], [89.8572, 25.9876], [89.8571, 25.9876], [89.857, 25.9876], [89.8569, 25.9875], [89.8567, 25.9875], [89.8567, 25.9876], [89.8566, 25.9877], [89.8566, 25.9879], [89.8565, 25.9879], [89.8565, 25.988], [89.8564, 25.9881], [89.8563, 25.9882], [89.8563, 25.9883], [89.856, 25.9883], [89.8558, 25.9884], [89.8554, 25.9884], [89.855, 25.9885], [89.8545, 25.9887], [89.8543, 25.9887], [89.8543, 25.9888], [89.8541, 25.9888], [89.8538, 25.9889], [89.8536, 25.9889], [89.8532, 25.9891], [89.8529, 25.9891], [89.8528, 25.9892], [89.8524, 25.9893], [89.8521, 25.9893], [89.8518, 25.9893], [89.8517, 25.9893], [89.8515, 25.9893], [89.8512, 25.9894], [89.851, 25.9896], [89.8509, 25.9896], [89.8507, 25.9897], [89.8506, 25.9898], [89.8504, 25.99], [89.8504, 25.9901], [89.8504, 25.9904], [89.8504, 25.9906], [89.8502, 25.9907], [89.8501, 25.9908], [89.8501, 25.9909], [89.8499, 25.9912], [89.8498, 25.9914], [89.8496, 25.9916], [89.8494, 25.9919], [89.8492, 25.9922], [89.8491, 25.9923], [89.849, 25.9926], [89.8489, 25.9929], [89.8488, 25.9929], [89.8487, 25.993], [89.8487, 25.9932], [89.8486, 25.9934], [89.8484, 25.9938], [89.8484, 25.9939], [89.8483, 25.9941], [89.8482, 25.9944], [89.8481, 25.9946], [89.848, 25.9948], [89.848, 25.995], [89.8479, 25.9954], [89.8478, 25.9957], [89.8477, 25.996], [89.8477, 25.9961], [89.8476, 25.9964], [89.8476, 25.9967], [89.8475, 25.9968], [89.8473, 25.9968], [89.8473, 25.997], [89.8473, 25.9972], [89.8473, 25.9975], [89.8473, 25.9977], [89.8473, 25.9979], [89.8473, 25.9981], [89.8473, 25.9983], [89.8473, 25.9985], [89.8473, 25.9987], [89.8473, 25.9992], [89.8473, 25.9995], [89.8474, 25.9997], [89.8474, 26.0], [89.8474, 26.0001], [89.8475, 26.0001], [89.8475, 26.0003], [89.8477, 26.0007], [89.8476, 26.0008], [89.8475, 26.001], [89.8474, 26.0011], [89.8471, 26.0014], [89.847, 26.0016], [89.8468, 26.0019], [89.8465, 26.0023], [89.8462, 26.0026], [89.8461, 26.0028], [89.846, 26.003], [89.8459, 26.0032], [89.8457, 26.0036], [89.8456, 26.0038], [89.8455, 26.004], [89.8453, 26.0043], [89.8452, 26.0044], [89.8451, 26.0045], [89.845, 26.0047], [89.8449, 26.0048], [89.8448, 26.0051], [89.8445, 26.0056], [89.8443, 26.006], [89.8442, 26.0061], [89.8441, 26.0062], [89.8439, 26.0064], [89.8438, 26.0064], [89.8438, 26.0065], [89.8434, 26.0068], [89.8434, 26.0069], [89.8433, 26.007], [89.8431, 26.0071], [89.8429, 26.0072], [89.8428, 26.0073], [89.8424, 26.0076], [89.8423, 26.0077], [89.8422, 26.0077], [89.8418, 26.0081], [89.8417, 26.0082], [89.8414, 26.0084], [89.8412, 26.0084], [89.841, 26.0085], [89.8409, 26.0086], [89.8407, 26.0087], [89.8406, 26.0087], [89.8404, 26.0088], [89.8403, 26.0088], [89.8401, 26.0089], [89.84, 26.0089], [89.8397, 26.0089], [89.8394, 26.0092], [89.8391, 26.0094], [89.8387, 26.0097], [89.8385, 26.0099], [89.8385, 26.01], [89.8383, 26.0101], [89.8381, 26.0104], [89.838, 26.0104], [89.838, 26.0105], [89.8382, 26.0104], [89.8398, 26.0103], [89.8406, 26.0101], [89.8419, 26.0097], [89.8426, 26.0095], [89.8433, 26.0093], [89.8446, 26.0097], [89.8463, 26.0099], [89.8495, 26.0102], [89.8527, 26.0099], [89.8553, 26.0074], [89.8556, 26.007], [89.8575, 26.005], [89.8585, 26.0039], [89.8601, 26.0036], [89.8591, 26.0056], [89.8577, 26.0083], [89.8579, 26.0104], [89.8582, 26.0117], [89.8594, 26.0119], [89.8615, 26.0106], [89.8633, 26.0107], [89.8655, 26.0115], [89.8671, 26.012], [89.8671, 26.0121], [89.8724, 26.0126], [89.8726, 26.0162], [89.8736, 26.0176], [89.8734, 26.0193], [89.8735, 26.0208], [89.8743, 26.0216], [89.8747, 26.0227], [89.8749, 26.024], [89.8734, 26.024], [89.8722, 26.0243], [89.8662, 26.0238], [89.8654, 26.0242], [89.8642, 26.0247], [89.8624, 26.0252], [89.8616, 26.0251], [89.862, 26.0266], [89.8631, 26.028], [89.8638, 26.0289], [89.8641, 26.0293], [89.8656, 26.0304], [89.87, 26.0334], [89.8722, 26.0326], [89.8733, 26.0317], [89.8745, 26.0308], [89.875, 26.0294], [89.8762, 26.0304], [89.8783, 26.0321], [89.8806, 26.0331], [89.883, 26.0343], [89.8841, 26.0351], [89.8841, 26.0355], [89.8853, 26.0342], [89.8855, 26.0341], [89.8846, 26.0331]]]}, "properties": {"OBJECTID": 115100, "gpcode": "106161", "gpname": "GASPARA", "stname": "ASSAM", "dtname": "Dhubri", "sdtname": "Dhubri", "stcode11": "18", "dtcode11": "301", "sdtcode11": "02008", "blklgdcode": "2555", "blkname": "GAURIPUR", "dt_lgd": 285, "sdt_lgd": 6014, "st_lgd": 18, "vilcode11": 0, "vilname11": "", "pan_local": "GOURIPUR", "b_pan_code": 2955, "b_pan_name": "GAURIPUR", "d_pan_code": 248, "d_pan_name": "DHUBRI", "gp_code": "106161", "gp_name": "GASPARA", "st_2011": "18", "dt_2011": "301", "sdt_2011": "02008", "subdtname": "Dhubri", "block_name": "GAURIPUR", "blk_lgdcod": "2555", "dtcode14": "301", "SHAPE_Length": 33062.572727748055, "SHAPE_Area": 16884258.6845216}}, {"type": "Feature", "geometry": {"type": "Polygon", "coordinates": [[[89.8911, 25.9823], [89.8921, 25.9813], [89.8905, 25.9799], [89.8896, 25.9789], [89.8882, 25.9774], [89.8868, 25.9761], [89.8851, 25.9744], [89.8838, 25.9734], [89.8819, 25.972], [89.8802, 25.971], [89.878, 25.9702], [89.8776, 25.97], [89.8775, 25.97], [89.8772, 25.9701], [89.8771, 25.9702], [89.8768, 25.9701], [89.8765, 25.9701], [89.8753, 25.97], [89.8739, 25.9701], [89.8727, 25.9699], [89.8722, 25.9695], [89.8709, 25.9681], [89.8704, 25.9678], [89.869, 25.967], [89.8674, 25.9655], [89.8652, 25.9642], [89.8642, 25.9638], [89.8627, 25.9626], [89.8623, 25.966], [89.8622, 25.9663], [89.8642, 25.9672], [89.8639, 25.9685], [89.8638, 25.9694], [89.8648, 25.9717], [89.8648, 25.9719], [89.865, 25.9719], [89.8652, 25.9719], [89.8654, 25.9719], [89.8656, 25.9719], [89.866, 25.9719], [89.8663, 25.9719], [89.8665, 25.9719], [89.8666, 25.972], [89.8667, 25.972], [89.8668, 25.972], [89.8671, 25.9722], [89.8675, 25.9724], [89.868, 25.9727], [89.8686, 25.9729], [89.8691, 25.9731], [89.8695, 25.9733], [89.8699, 25.9734], [89.8702, 25.9735], [89.8705, 25.9736], [89.8708, 25.9738], [89.8711, 25.9739], [89.8713, 25.9739], [89.8715, 25.974], [89.8717, 25.974], [89.8718, 25.974], [89.872, 25.9742], [89.8722, 25.9744], [89.8724, 25.9747], [89.8725, 25.9748], [89.8727, 25.9751], [89.8728, 25.9753], [89.873, 25.9754], [89.8731, 25.9756], [89.8733, 25.9759], [89.8733, 25.976], [89.8732, 25.9762], [89.8731, 25.9762], [89.873, 25.9764], [89.8729, 25.9766], [89.8729, 25.9767], [89.8728, 25.9768], [89.8728, 25.977], [89.8728, 25.9771], [89.8727, 25.9773], [89.8726, 25.9774], [89.8726, 25.9776], [89.8725, 25.9777], [89.8723, 25.9779], [89.8721, 25.978], [89.8719, 25.9782], [89.8717, 25.9784], [89.8715, 25.9786], [89.8714, 25.9787], [89.8713, 25.9788], [89.871, 25.979], [89.871, 25.9791], [89.8711, 25.9792], [89.8711, 25.9794], [89.8712, 25.9795], [89.8712, 25.9797], [89.8712, 25.9798], [89.8712, 25.9799], [89.8713, 25.98], [89.8713, 25.9801], [89.8712, 25.9803], [89.8711, 25.9804], [89.871, 25.9807], [89.871, 25.9808], [89.8708, 25.981], [89.8707, 25.9811], [89.8705, 25.9812], [89.8703, 25.9813], [89.8702, 25.9814], [89.87, 25.9815], [89.8699, 25.9815], [89.8698, 25.9815], [89.8695, 25.9815], [89.8693, 25.9815], [89.8692, 25.9814], [89.869, 25.9811], [89.8689, 25.9809], [89.8689, 25.9806], [89.8689, 25.9803], [89.8688, 25.9802], [89.8688, 25.98], [89.8687, 25.9798], [89.8686, 25.9797], [89.8685, 25.9796], [89.8684, 25.9796], [89.8681, 25.9817], [89.8701, 25.9834], [89.8711, 25.9845], [89.8722, 25.9855], [89.8727, 25.9861], [89.8733, 25.9869], [89.8737, 25.9876], [89.8743, 25.988], [89.8754, 25.9882], [89.8774, 25.9884], [89.8783, 25.9888], [89.879, 25.9898], [89.8802, 25.9913], [89.8809, 25.9926], [89.8825, 25.9944], [89.8835, 25.9956], [89.8844, 25.9939], [89.8856, 25.9915], [89.8871, 25.9888], [89.8884, 25.9866], [89.8893, 25.9847], [89.8902, 25.9835], [89.8911, 25.9823]]]}, "properties": {"OBJECTID": 115102, "gpcode": "106162", "gpname": "HAWRARPAR", "stname": "ASSAM", "dtname": "Dhubri", "sdtname": "Dhubri", "stcode11": "18", "dtcode11": "301", "sdtcode11": "02008", "blklgdcode": "2555", "blkname": "GAURIPUR", "dt_lgd": 285, "sdt_lgd": 6014, "st_lgd": 18, "vilcode11": 0, "vilname11": "", "pan_local": "GOURIPUR", "b_pan_code": 2955, "b_pan_name": "GAURIPUR", "d_pan_code": 248, "d_pan_name": "DHUBRI", "gp_code": "106162", "gp_name": "HAWRARPAR", "st_2011": "18", "dt_2011": "301", "sdt_2011": "02008", "subdtname": "Dhubri", "block_name": "GAURIPUR", "blk_lgdcod": "2555", "dtcode14": "301", "SHAPE_Length": 12632.27851148683, "SHAPE_Area": 5203414.224189269}}, {"type": "Feature", "geometry": {"type": "Polygon", "coordinates": [[[89.9189, 26.0216], [89.92, 26.0199], [89.922, 26.0188], [89.9244, 26.0185], [89.9267, 26.0188], [89.9284, 26.0181], [89.9294, 26.0167], [89.9273, 26.0157], [89.9246, 26.0148], [89.9223, 26.0142], [89.9191, 26.0133], [89.9165, 26.0124], [89.9148, 26.0116], [89.9146, 26.0112], [89.914, 26.0098], [89.913, 26.0077], [89.9127, 26.007], [89.9108, 26.0068], [89.9094, 26.0071], [89.9079, 26.0055], [89.9064, 26.004], [89.9049, 26.0027], [89.9029, 26.0031], [89.8998, 26.0027], [89.8973, 26.0022], [89.8965, 26.0031], [89.8939, 26.0045], [89.8914, 26.0054], [89.89, 26.0055], [89.8918, 26.0072], [89.893, 26.009], [89.8934, 26.01], [89.8917, 26.0122], [89.8913, 26.0141], [89.8913, 26.0143], [89.8915, 26.0153], [89.8917, 26.0174], [89.8926, 26.0177], [89.8946, 26.0187], [89.8971, 26.0197], [89.8994, 26.021], [89.9022, 26.0206], [89.9041, 26.0201], [89.9056, 26.0204], [89.9084, 26.0215], [89.9093, 26.0217], [89.9113, 26.0221], [89.9139, 26.0225], [89.9157, 26.0229], [89.9177, 26.0233], [89.9184, 26.0236], [89.9187, 26.0237], [89.9187, 26.023], [89.9189, 26.0216]]]}, "properties": {"OBJECTID": 115103, "gpcode": "106162", "gpname": "HAWRARPAR", "stname": "ASSAM", "dtname": "Dhubri", "sdtname": "Dhubri", "stcode11": "18", "dtcode11": "301", "sdtcode11": "02008", "blklgdcode": "2555", "blkname": "GAURIPUR", "dt_lgd": 285, "sdt_lgd": 6014, "st_lgd": 18, "vilcode11": 0, "vilname11": "", "pan_local": "GOURIPUR", "b_pan_code": 2955, "b_pan_name": "GAURIPUR", "d_pan_code": 248, "d_pan_name": "DHUBRI", "gp_code": "106162", "gp_name": "HAWRARPAR", "st_2011": "18", "dt_2011": "301", "sdt_2011": "02008", "subdtname": "Dhubri", "block_name": "GAURIPUR", "blk_lgdcod": "2555", "dtcode14": "301", "SHAPE_Length": 11824.943747800198, "SHAPE_Area": 6217386.322137764}}, {"type": "Feature", "geometry": {"type": "Polygon", "coordinates": [[[89.971, 26.0288], [89.9701, 26.0268], [89.969, 26.0264], [89.9678, 26.0265], [89.9652, 26.0268], [89.9636, 26.0275], [89.9636, 26.0254], [89.9624, 26.0225], [89.9613, 26.02], [89.9607, 26.0182], [89.959, 26.0186], [89.9572, 26.0188], [89.9563, 26.0195], [89.9549, 26.0203], [89.9555, 26.021], [89.9565, 26.0225], [89.9566, 26.0244], [89.9559, 26.0254], [89.9549, 26.0261], [89.9534, 26.0259], [89.9523, 26.0252], [89.9516, 26.0245], [89.9502, 26.0249], [89.9504, 26.025], [89.9506, 26.0255], [89.9515, 26.0267], [89.9529, 26.0282], [89.9528, 26.0293], [89.9521, 26.0304], [89.9502, 26.0309], [89.9481, 26.0318], [89.9478, 26.0319], [89.9482, 26.0325], [89.9485, 26.0348], [89.9485, 26.0372], [89.9484, 26.0378], [89.945, 26.0383], [89.9421, 26.0388], [89.9397, 26.039], [89.9396, 26.0406], [89.94, 26.0416], [89.9411, 26.0421], [89.9422, 26.0428], [89.9433, 26.0433], [89.9445, 26.0434], [89.9458, 26.0436], [89.9478, 26.0441], [89.9492, 26.0453], [89.9504, 26.0465], [89.951, 26.0479], [89.9523, 26.0482], [89.9537, 26.0495], [89.9548, 26.0517], [89.9563, 26.0536], [89.9564, 26.0551], [89.9576, 26.0566], [89.959, 26.0577], [89.959, 26.058], [89.96, 26.0601], [89.9614, 26.0616], [89.9635, 26.0624], [89.9648, 26.0628], [89.9657, 26.063], [89.966, 26.0603], [89.9657, 26.0576], [89.9653, 26.0553], [89.9651, 26.0528], [89.9652, 26.0491], [89.9653, 26.046], [89.9663, 26.0438], [89.9681, 26.0409], [89.97, 26.0374], [89.9709, 26.0357], [89.9713, 26.0347], [89.9705, 26.0339], [89.9705, 26.0326], [89.9707, 26.0309], [89.971, 26.0288]]]}, "properties": {"OBJECTID": 115104, "gpcode": "106163", "gpname": "JHAGRARPAR", "stname": "ASSAM", "dtname": "Dhubri", "sdtname": "Dhubri", "stcode11": "18", "dtcode11": "301", "sdtcode11": "02008", "blklgdcode": "2555", "blkname": "GAURIPUR", "dt_lgd": 285, "sdt_lgd": 6014, "st_lgd": 18, "vilcode11": 0, "vilname11": "", "pan_local": "GOURIPUR", "b_pan_code": 2955, "b_pan_name": "GAURIPUR", "d_pan_code": 248, "d_pan_name": "DHUBRI", "gp_code": "106163", "gp_name": "JHAGRARPAR", "st_2011": "18", "dt_2011": "301", "sdt_2011": "02008", "subdtname": "Dhubri", "block_name": "GAURIPUR", "blk_lgdcod": "2555", "dtcode14": "301", "SHAPE_Length": 16379.180514439411, "SHAPE_Area": 8745641.409146486}}, {"type": "Feature", "geometry": {"type": "Polygon", "coordinates": [[[89.8825, 26.0659], [89.8848, 26.0655], [89.8863, 26.0658], [89.8889, 26.0653], [89.8923, 26.0653], [89.8955, 26.0653], [89.8981, 26.0663], [89.901, 26.0668], [89.9018, 26.0669], [89.9038, 26.0661], [89.9055, 26.0631], [89.9058, 26.0626], [89.9069, 26.0593], [89.9069, 26.0592], [89.9069, 26.0591], [89.9062, 26.0592], [89.9053, 26.0591], [89.904, 26.0586], [89.9037, 26.0586], [89.9019, 26.0576], [89.9018, 26.0576], [89.9017, 26.0577], [89.9009, 26.0581], [89.9007, 26.0582], [89.8986, 26.058], [89.8964, 26.0579], [89.8945, 26.0577], [89.8921, 26.058], [89.892, 26.058], [89.892, 26.056], [89.8921, 26.0539], [89.8922, 26.0518], [89.8921, 26.0513], [89.892, 26.0494], [89.8909, 26.0502], [89.8891, 26.0509], [89.8877, 26.051], [89.8861, 26.0516], [89.8846, 26.0512], [89.8831, 26.0507], [89.8816, 26.0502], [89.8811, 26.0489], [89.881, 26.0476], [89.8805, 26.0467], [89.8796, 26.0457], [89.8785, 26.0443], [89.8794, 26.0429], [89.8791, 26.0423], [89.878, 26.0411], [89.8773, 26.0415], [89.8765, 26.0429], [89.8751, 26.0431], [89.8734, 26.0427], [89.8679, 26.045], [89.866, 26.0494], [89.8632, 26.0484], [89.8608, 26.0437], [89.8607, 26.0437], [89.8571, 26.0428], [89.85, 26.041], [89.8477, 26.0412], [89.8461, 26.0425], [89.8448, 26.0445], [89.8445, 26.0475], [89.8439, 26.0504], [89.8449, 26.0556], [89.8443, 26.0557], [89.8419, 26.0578], [89.842, 26.0588], [89.8425, 26.0599], [89.8429, 26.0626], [89.8449, 26.0638], [89.845, 26.0656], [89.8468, 26.0669], [89.8468, 26.067], [89.847, 26.067], [89.8486, 26.0668], [89.8501, 26.0672], [89.8513, 26.0685], [89.8529, 26.069], [89.8536, 26.0687], [89.8551, 26.0655], [89.8552, 26.0653], [89.859, 26.0614], [89.8603, 26.0616], [89.8616, 26.0626], [89.8632, 26.0644], [89.8662, 26.0656], [89.8679, 26.0669], [89.8687, 26.0694], [89.8695, 26.072], [89.8718, 26.0714], [89.8729, 26.0711], [89.8748, 26.0706], [89.8781, 26.0682], [89.8825, 26.0659]]]}, "properties": {"OBJECTID": 115105, "gpcode": "106164", "gpname": "KACHARIHAT", "stname": "ASSAM", "dtname": "Dhubri", "sdtname": "Golakganj Pt", "stcode11": "18", "dtcode11": "301", "sdtcode11": "02007", "blklgdcode": "2555", "blkname": "GAURIPUR", "dt_lgd": 285, "sdt_lgd": 6015, "st_lgd": 18, "vilcode11": 0, "vilname11": "", "pan_local": "GOURIPUR", "b_pan_code": 2955, "b_pan_name": "GAURIPUR", "d_pan_code": 248, "d_pan_name": "DHUBRI", "gp_code": "106164", "gp_name": "KACHARIHAT", "st_2011": "18", "dt_2011": "301", "sdt_2011": "02007", "subdtname": "Golakganj Pt", "block_name": "GAURIPUR", "blk_lgdcod": "2555", "dtcode14": "301", "SHAPE_Length": 22407.135987419446, "SHAPE_Area": 15645570.921207273}}, {"type": "Feature", "geometry": {"type": "Polygon", "coordinates": [[[89.9084, 26.0589], [89.911, 26.0584], [89.9122, 26.0585], [89.9135, 26.0586], [89.9142, 26.0588], [89.9142, 26.0586], [89.9142, 26.0567], [89.9146, 26.0555], [89.9149, 26.0546], [89.9163, 26.0532], [89.919, 26.0528], [89.9196, 26.0508], [89.9198, 26.0488], [89.9194, 26.0479], [89.9193, 26.0472], [89.9192, 26.0462], [89.919, 26.0449], [89.9183, 26.0441], [89.918, 26.0439], [89.9176, 26.0436], [89.9164, 26.0434], [89.9159, 26.0433], [89.9146, 26.043], [89.9128, 26.0427], [89.9106, 26.041], [89.9091, 26.0419], [89.9072, 26.0433], [89.9059, 26.0431], [89.9058, 26.0438], [89.905, 26.0422], [89.9039, 26.0411], [89.9028, 26.0399], [89.9018, 26.0389], [89.9015, 26.0378], [89.9013, 26.0364], [89.9004, 26.0364], [89.9003, 26.0365], [89.8987, 26.0373], [89.897, 26.038], [89.8969, 26.038], [89.8958, 26.0382], [89.8938, 26.0383], [89.8931, 26.0376], [89.892, 26.0365], [89.89, 26.0345], [89.8879, 26.0329], [89.8866, 26.0333], [89.8855, 26.0341], [89.8853, 26.0342], [89.8841, 26.0355], [89.8842, 26.0356], [89.8842, 26.037], [89.8837, 26.0385], [89.8827, 26.0393], [89.8812, 26.0402], [89.8799, 26.0406], [89.878, 26.0411], [89.8791, 26.0423], [89.8794, 26.0429], [89.8785, 26.0443], [89.8796, 26.0457], [89.8805, 26.0467], [89.881, 26.0476], [89.8811, 26.0489], [89.8816, 26.0502], [89.8831, 26.0507], [89.8846, 26.0512], [89.8861, 26.0516], [89.8877, 26.051], [89.8891, 26.0509], [89.8909, 26.0502], [89.892, 26.0494], [89.8921, 26.0513], [89.8922, 26.0518], [89.8921, 26.0539], [89.892, 26.056], [89.892, 26.058], [89.8921, 26.058], [89.8945, 26.0577], [89.8964, 26.0579], [89.8986, 26.058], [89.9007, 26.0582], [89.9009, 26.0581], [89.9017, 26.0577], [89.9018, 26.0576], [89.9019, 26.0576], [89.9037, 26.0586], [89.904, 26.0586], [89.9053, 26.0591], [89.9062, 26.0592], [89.9069, 26.0591], [89.907, 26.0591], [89.9084, 26.0589]]]}, "properties": {"OBJECTID": 115106, "gpcode": "106165", "gpname": "KALARHAT", "stname": "ASSAM", "dtname": "Dhubri", "sdtname": "Dhubri", "stcode11": "18", "dtcode11": "301", "sdtcode11": "02008", "blklgdcode": "2555", "blkname": "GAURIPUR", "dt_lgd": 285, "sdt_lgd": 6014, "st_lgd": 18, "vilcode11": 0, "vilname11": "", "pan_local": "GOURIPUR", "b_pan_code": 2955, "b_pan_name": "GAURIPUR", "d_pan_code": 248, "d_pan_name": "DHUBRI", "gp_code": "106165", "gp_name": "KALARHAT", "st_2011": "18", "dt_2011": "301", "sdt_2011": "02008", "subdtname": "Dhubri", "block_name": "GAURIPUR", "blk_lgdcod": "2555", "dtcode14": "301", "SHAPE_Length": 14613.238419201029, "SHAPE_Area": 8769143.724035777}}, {"type": "Feature", "geometry": {"type": "Polygon", "coordinates": [[[89.9428, 26.0557], [89.9457, 26.0556], [89.9481, 26.0562], [89.9494, 26.0574], [89.9502, 26.0583], [89.9513, 26.0593], [89.9516, 26.0595], [89.9523, 26.0607], [89.9526, 26.062], [89.953, 26.063], [89.954, 26.0638], [89.9545, 26.0642], [89.9553, 26.0646], [89.9554, 26.0647], [89.9553, 26.0658], [89.9549, 26.0668], [89.9548, 26.067], [89.9552, 26.0677], [89.9551, 26.0679], [89.9542, 26.0684], [89.9534, 26.0688], [89.9524, 26.0693], [89.9514, 26.07], [89.9511, 26.0709], [89.9509, 26.0718], [89.951, 26.073], [89.9507, 26.0741], [89.9517, 26.0758], [89.9523, 26.0763], [89.9524, 26.0765], [89.9537, 26.0771], [89.9542, 26.0775], [89.9558, 26.0772], [89.9566, 26.0769], [89.9575, 26.0769], [89.9591, 26.076], [89.9614, 26.0751], [89.9635, 26.0742], [89.9649, 26.0738], [89.9666, 26.0736], [89.9671, 26.0734], [89.9674, 26.0732], [89.9682, 26.0728], [89.969, 26.072], [89.9689, 26.0705], [89.9689, 26.0697], [89.9687, 26.0687], [89.9685, 26.0673], [89.968, 26.0661], [89.9685, 26.0646], [89.969, 26.0632], [89.9673, 26.0633], [89.9661, 26.0631], [89.9657, 26.063], [89.9648, 26.0628], [89.9635, 26.0624], [89.9614, 26.0616], [89.96, 26.0601], [89.959, 26.058], [89.959, 26.0577], [89.9576, 26.0566], [89.9564, 26.0551], [89.9563, 26.0536], [89.9548, 26.0517], [89.9537, 26.0495], [89.9523, 26.0482], [89.951, 26.0479], [89.9491, 26.0482], [89.9469, 26.0481], [89.9447, 26.0484], [89.9431, 26.0487], [89.9415, 26.0486], [89.94, 26.0485], [89.9383, 26.0484], [89.9368, 26.0482], [89.9357, 26.0475], [89.9344, 26.0474], [89.933, 26.0472], [89.9324, 26.0457], [89.9319, 26.0442], [89.9317, 26.0428], [89.9309, 26.0434], [89.929, 26.0436], [89.9274, 26.0447], [89.9252, 26.0468], [89.9243, 26.0479], [89.9218, 26.0484], [89.9198, 26.0488], [89.9196, 26.0508], [89.919, 26.0528], [89.9163, 26.0532], [89.9149, 26.0546], [89.9146, 26.0555], [89.9142, 26.0567], [89.9142, 26.0586], [89.9142, 26.0588], [89.9143, 26.0588], [89.9157, 26.059], [89.9172, 26.0598], [89.9188, 26.0609], [89.92, 26.062], [89.9221, 26.0633], [89.9227, 26.0637], [89.9228, 26.0637], [89.9239, 26.0643], [89.924, 26.0644], [89.9242, 26.0645], [89.9256, 26.0661], [89.9271, 26.0674], [89.9277, 26.0688], [89.9286, 26.0704], [89.9288, 26.0719], [89.9293, 26.0736], [89.9297, 26.0745], [89.9288, 26.0767], [89.9287, 26.077], [89.9286, 26.0774], [89.9286, 26.0775], [89.9285, 26.0782], [89.9291, 26.0803], [89.9291, 26.0804], [89.9291, 26.0818], [89.9289, 26.0821], [89.9287, 26.0833], [89.928, 26.0842], [89.9276, 26.0852], [89.9274, 26.0862], [89.9269, 26.0873], [89.9268, 26.0874], [89.9268, 26.0876], [89.9263, 26.089], [89.9256, 26.0907], [89.9262, 26.0923], [89.9277, 26.0935], [89.9295, 26.0946], [89.93, 26.0952], [89.9321, 26.0943], [89.9346, 26.0938], [89.9373, 26.0937], [89.9396, 26.0936], [89.9417, 26.0929], [89.944, 26.0928], [89.9452, 26.0926], [89.9451, 26.0913], [89.944, 26.089], [89.9427, 26.0872], [89.9424, 26.0862], [89.9421, 26.0853], [89.9427, 26.0829], [89.9427, 26.0825], [89.9428, 26.0808], [89.9429, 26.0796], [89.9423, 26.0779], [89.9416, 26.076], [89.9411, 26.0742], [89.9402, 26.0725], [89.9396, 26.0706], [89.9391, 26.0689], [89.9386, 26.0666], [89.9381, 26.0647], [89.9378, 26.063], [89.9375, 26.062], [89.9389, 26.0602], [89.9398, 26.058], [89.9411, 26.0562], [89.9428, 26.0557]]]}, "properties": {"OBJECTID": 115107, "gpcode": "106166", "gpname": "MADHUSOULMARI TIYAMARI", "stname": "ASSAM", "dtname": "Dhubri", "sdtname": "Dhubri", "stcode11": "18", "dtcode11": "301", "sdtcode11": "02008", "blklgdcode": "2555", "blkname": "GAURIPUR", "dt_lgd": 285, "sdt_lgd": 6014, "st_lgd": 18, "vilcode11": 0, "vilname11": "", "pan_local": "GOURIPUR", "b_pan_code": 2955, "b_pan_name": "GAURIPUR", "d_pan_code": 248, "d_pan_name": "DHUBRI", "gp_code": "106166", "gp_name": "MADHUSOULMARI TIYAMARI", "st_2011": "18", "dt_2011": "301", "sdt_2011": "02008", "subdtname": "Dhubri", "block_name": "GAURIPUR", "blk_lgdcod": "2555", "dtcode14": "301", "SHAPE_Length": 28097.438857105994, "SHAPE_Area": 16078419.846374556}}, {"type": "Feature", "geometry": {"type": "Polygon", "coordinates": [[[89.926, 26.0244], [89.9281, 26.0241], [89.9292, 26.0242], [89.9311, 26.0243], [89.9326, 26.0237], [89.9344, 26.0233], [89.9367, 26.0228], [89.9382, 26.0228], [89.9398, 26.0219], [89.9409, 26.0215], [89.9403, 26.0196], [89.9398, 26.0183], [89.9392, 26.0169], [89.939, 26.0152], [89.9392, 26.014], [89.939, 26.0126], [89.9382, 26.0115], [89.9372, 26.01], [89.9371, 26.0099], [89.9367, 26.0096], [89.9354, 26.0081], [89.934, 26.0074], [89.9313, 26.0069], [89.9286, 26.0066], [89.9268, 26.0059], [89.9271, 26.0058], [89.9285, 26.0048], [89.93, 26.0041], [89.9308, 26.0036], [89.9311, 26.0034], [89.9307, 26.0022], [89.9284, 26.0017], [89.9265, 26.0013], [89.9259, 26.0012], [89.9246, 26.0006], [89.9209, 26.0004], [89.9213, 25.9993], [89.9214, 25.9987], [89.9217, 25.9978], [89.9218, 25.9963], [89.9219, 25.996], [89.9205, 25.9958], [89.92, 25.9952], [89.9188, 25.9944], [89.9173, 25.9937], [89.9159, 25.9929], [89.9148, 25.9914], [89.9134, 25.9891], [89.9119, 25.9868], [89.9107, 25.9839], [89.9101, 25.9823], [89.91, 25.9823], [89.9089, 25.9826], [89.9069, 25.983], [89.9042, 25.9837], [89.9028, 25.9839], [89.9014, 25.9844], [89.9008, 25.9848], [89.9006, 25.9857], [89.9002, 25.9868], [89.9004, 25.9882], [89.9003, 25.9895], [89.9001, 25.9904], [89.8999, 25.9919], [89.8999, 25.9921], [89.8991, 25.9916], [89.8981, 25.9905], [89.8975, 25.9892], [89.8971, 25.988], [89.8963, 25.9863], [89.8953, 25.9849], [89.8943, 25.9833], [89.8932, 25.9822], [89.8921, 25.9813], [89.8911, 25.9823], [89.8902, 25.9835], [89.8893, 25.9847], [89.8884, 25.9866], [89.8871, 25.9888], [89.8856, 25.9915], [89.8844, 25.9939], [89.8835, 25.9956], [89.8836, 25.9957], [89.885, 25.997], [89.8863, 25.9983], [89.8875, 25.9992], [89.8935, 26.0005], [89.8946, 26.001], [89.8973, 26.0022], [89.8998, 26.0027], [89.9029, 26.0031], [89.9049, 26.0027], [89.9064, 26.004], [89.9079, 26.0055], [89.9094, 26.0071], [89.9108, 26.0068], [89.9127, 26.007], [89.913, 26.0077], [89.914, 26.0098], [89.9146, 26.0112], [89.9148, 26.0116], [89.9165, 26.0124], [89.9191, 26.0133], [89.9223, 26.0142], [89.9246, 26.0148], [89.9273, 26.0157], [89.9294, 26.0167], [89.9284, 26.0181], [89.9267, 26.0188], [89.9244, 26.0185], [89.922, 26.0188], [89.92, 26.0199], [89.9189, 26.0216], [89.9187, 26.023], [89.9187, 26.0237], [89.92, 26.0244], [89.921, 26.0253], [89.9219, 26.0258], [89.9231, 26.0267], [89.9234, 26.0263], [89.9243, 26.0255], [89.926, 26.0244]]]}, "properties": {"OBJECTID": 115108, "gpcode": "106167", "gpname": "MATIRCHAR", "stname": "ASSAM", "dtname": "Dhubri", "sdtname": "Dhubri", "stcode11": "18", "dtcode11": "301", "sdtcode11": "02008", "blklgdcode": "2555", "blkname": "GAURIPUR", "dt_lgd": 285, "sdt_lgd": 6014, "st_lgd": 18, "vilcode11": 0, "vilname11": "", "pan_local": "GOURIPUR", "b_pan_code": 2955, "b_pan_name": "GAURIPUR", "d_pan_code": 248, "d_pan_name": "DHUBRI", "gp_code": "106167", "gp_name": "MATIRCHAR", "st_2011": "18", "dt_2011": "301", "sdt_2011": "02008", "subdtname": "Dhubri", "block_name": "GAURIPUR", "blk_lgdcod": "2555", "dtcode14": "301", "SHAPE_Length": 23790.512436045385, "SHAPE_Area": 13351715.860466434}}, {"type": "Feature", "geometry": {"type": "Polygon", "coordinates": [[[89.9857, 26.0194], [89.9851, 26.0177], [89.9843, 26.0171], [89.9834, 26.0151], [89.9814, 26.0149], [89.9798, 26.0145], [89.9789, 26.0137], [89.9787, 26.012], [89.977, 26.0124], [89.9754, 26.0128], [89.9741, 26.0131], [89.9723, 26.013], [89.9709, 26.0127], [89.9696, 26.0129], [89.9686, 26.0131], [89.9683, 26.0132], [89.9672, 26.0138], [89.9661, 26.0147], [89.9654, 26.0155], [89.9646, 26.016], [89.9636, 26.017], [89.9618, 26.0178], [89.9607, 26.0182], [89.9613, 26.02], [89.9624, 26.0225], [89.9636, 26.0254], [89.9636, 26.0275], [89.9652, 26.0268], [89.9678, 26.0265], [89.969, 26.0264], [89.9692, 26.0263], [89.9708, 26.0243], [89.9722, 26.0222], [89.9729, 26.0213], [89.9746, 26.0208], [89.9759, 26.0198], [89.9765, 26.019], [89.9768, 26.0183], [89.9785, 26.0194], [89.9793, 26.0205], [89.9785, 26.0224], [89.9774, 26.0244], [89.9756, 26.0267], [89.9747, 26.0285], [89.9748, 26.0299], [89.9749, 26.0311], [89.9744, 26.032], [89.9751, 26.0313], [89.9756, 26.0304], [89.9763, 26.0302], [89.9773, 26.0299], [89.9783, 26.0296], [89.9797, 26.0288], [89.9804, 26.0278], [89.9816, 26.0268], [89.9828, 26.0256], [89.9839, 26.0253], [89.9849, 26.0248], [89.9865, 26.0242], [89.9875, 26.0232], [89.987, 26.0222], [89.9864, 26.0213], [89.9857, 26.0204], [89.9857, 26.0194]]]}, "properties": {"OBJECTID": 115109, "gpcode": "106167", "gpname": "MATIRCHAR", "stname": "ASSAM", "dtname": "Dhubri", "sdtname": "Dhubri", "stcode11": "18", "dtcode11": "301", "sdtcode11": "02008", "blklgdcode": "2555", "blkname": "GAURIPUR", "dt_lgd": 285, "sdt_lgd": 6014, "st_lgd": 18, "vilcode11": 0, "vilname11": "", "pan_local": "GOURIPUR", "b_pan_code": 2955, "b_pan_name": "GAURIPUR", "d_pan_code": 248, "d_pan_name": "DHUBRI", "gp_code": "106167", "gp_name": "MATIRCHAR", "st_2011": "18", "dt_2011": "301", "sdt_2011": "02008", "subdtname": "Dhubri", "block_name": "GAURIPUR", "blk_lgdcod": "2555", "dtcode14": "301", "SHAPE_Length": 11193.615763407119, "SHAPE_Area": 3638568.8520019446}}, {"type": "Feature", "geometry": {"type": "Polygon", "coordinates": [[[89.8638, 25.9694], [89.8639, 25.9685], [89.8642, 25.9672], [89.8622, 25.9663], [89.8623, 25.966], [89.8627, 25.9626], [89.8642, 25.9638], [89.8652, 25.9642], [89.8674, 25.9655], [89.869, 25.967], [89.8704, 25.9678], [89.8709, 25.9681], [89.8722, 25.9695], [89.8727, 25.9699], [89.8739, 25.9701], [89.8753, 25.97], [89.8765, 25.9701], [89.8768, 25.9701], [89.8771, 25.9702], [89.8772, 25.9701], [89.8775, 25.97], [89.8776, 25.97], [89.8776, 25.9699], [89.8773, 25.9692], [89.8768, 25.9682], [89.8765, 25.9665], [89.8764, 25.9654], [89.8768, 25.9637], [89.8777, 25.9623], [89.8778, 25.9613], [89.8782, 25.9608], [89.8793, 25.9609], [89.8801, 25.9606], [89.8812, 25.959], [89.8817, 25.9579], [89.882, 25.9571], [89.8823, 25.9567], [89.8836, 25.9562], [89.8842, 25.9558], [89.8844, 25.9544], [89.8845, 25.9523], [89.8843, 25.9506], [89.8839, 25.9488], [89.8828, 25.946], [89.8825, 25.946], [89.8824, 25.9461], [89.8822, 25.9461], [89.8819, 25.9461], [89.8814, 25.9462], [89.8811, 25.9462], [89.8808, 25.9463], [89.8804, 25.9463], [89.8801, 25.9464], [89.8795, 25.9464], [89.8792, 25.9465], [89.8785, 25.9466], [89.8777, 25.9468], [89.877, 25.9469], [89.8765, 25.9469], [89.8762, 25.9468], [89.8759, 25.9468], [89.8754, 25.9467], [89.8749, 25.9466], [89.8739, 25.9465], [89.8736, 25.9464], [89.873, 25.9462], [89.8727, 25.9461], [89.8724, 25.946], [89.8718, 25.9457], [89.8716, 25.9456], [89.871, 25.9454], [89.8708, 25.9453], [89.8705, 25.9452], [89.8702, 25.9451], [89.8699, 25.945], [89.8698, 25.945], [89.8696, 25.9449], [89.8694, 25.9448], [89.8693, 25.9447], [89.8691, 25.9446], [89.8688, 25.9444], [89.8685, 25.9444], [89.8679, 25.9445], [89.8674, 25.9446], [89.8672, 25.9446], [89.8671, 25.9446], [89.867, 25.9446], [89.8664, 25.9444], [89.8655, 25.9442], [89.8652, 25.9441], [89.8647, 25.944], [89.8646, 25.9439], [89.8643, 25.9439], [89.8638, 25.9439], [89.8635, 25.9438], [89.8633, 25.9438], [89.862, 25.9437], [89.861, 25.9435], [89.8609, 25.9435], [89.8604, 25.9435], [89.8602, 25.9434], [89.8598, 25.9434], [89.8596, 25.9433], [89.8592, 25.9433], [89.8588, 25.9433], [89.8585, 25.9433], [89.8584, 25.9433], [89.8578, 25.9433], [89.8574, 25.9433], [89.857, 25.9433], [89.8567, 25.9433], [89.8563, 25.9433], [89.856, 25.9433], [89.8555, 25.9433], [89.8551, 25.9433], [89.8548, 25.9433], [89.8545, 25.9433], [89.8543, 25.9433], [89.8539, 25.9433], [89.8535, 25.9433], [89.8531, 25.9433], [89.8526, 25.9433], [89.8522, 25.9433], [89.8518, 25.9433], [89.8511, 25.9432], [89.8501, 25.9431], [89.8495, 25.943], [89.8486, 25.9429], [89.8483, 25.9426], [89.8468, 25.9415], [89.845, 25.94], [89.8446, 25.94], [89.8445, 25.94], [89.8442, 25.94], [89.8431, 25.94], [89.8427, 25.94], [89.8425, 25.9401], [89.8419, 25.9403], [89.8416, 25.9404], [89.8397, 25.9409], [89.8392, 25.9411], [89.8393, 25.9413], [89.8394, 25.9413], [89.8398, 25.9419], [89.8402, 25.9423], [89.8407, 25.9428], [89.8409, 25.943], [89.841, 25.9432], [89.8416, 25.9437], [89.8419, 25.944], [89.8421, 25.9441], [89.8423, 25.9443], [89.8421, 25.9443], [89.8417, 25.9443], [89.8412, 25.9443], [89.841, 25.9443], [89.8408, 25.9443], [89.8404, 25.9443], [89.8402, 25.9443], [89.8399, 25.9444], [89.8394, 25.9445], [89.8393, 25.9445], [89.8389, 25.9446], [89.8383, 25.9447], [89.8378, 25.9449], [89.8373, 25.945], [89.837, 25.9451], [89.8369, 25.9451], [89.8366, 25.9451], [89.836, 25.9452], [89.8357, 25.9452], [89.8355, 25.9452], [89.8352, 25.9452], [89.8346, 25.9452], [89.8342, 25.9452], [89.8338, 25.9452], [89.8333, 25.9453], [89.8331, 25.9453], [89.8328, 25.9453], [89.8327, 25.9453], [89.8325, 25.9453], [89.8318, 25.9452], [89.8315, 25.9452], [89.8311, 25.9453], [89.8308, 25.9454], [89.8304, 25.9455], [89.8301, 25.9456], [89.83, 25.9457], [89.8298, 25.9457], [89.8294, 25.9457], [89.829, 25.9457], [89.8285, 25.9457], [89.8279, 25.9457], [89.8275, 25.9457], [89.8268, 25.9456], [89.8266, 25.9456], [89.8263, 25.9456], [89.8261, 25.9456], [89.8256, 25.9455], [89.8254, 25.9455], [89.8253, 25.9459], [89.8252, 25.9462], [89.8252, 25.9464], [89.8251, 25.9468], [89.8251, 25.9469], [89.8251, 25.9473], [89.8251, 25.9475], [89.8251, 25.9476], [89.8251, 25.9479], [89.8251, 25.9483], [89.825, 25.9485], [89.825, 25.9487], [89.8251, 25.9489], [89.8252, 25.9492], [89.8252, 25.9496], [89.8253, 25.9498], [89.8253, 25.9499], [89.8253, 25.9502], [89.8253, 25.9503], [89.8254, 25.9507], [89.8255, 25.951], [89.8256, 25.9513], [89.8257, 25.9515], [89.8258, 25.9516], [89.8259, 25.9517], [89.8259, 25.9518], [89.8263, 25.9522], [89.8267, 25.9526], [89.8272, 25.9532], [89.8275, 25.9535], [89.8277, 25.9537], [89.828, 25.954], [89.8281, 25.954], [89.8282, 25.9541], [89.8284, 25.9543], [89.8287, 25.9545], [89.8289, 25.9546], [89.829, 25.9547], [89.8291, 25.9547], [89.8292, 25.9548], [89.8294, 25.9548], [89.8296, 25.9549], [89.8297, 25.9549], [89.8298, 25.9549], [89.83, 25.955], [89.8302, 25.9551], [89.8303, 25.9551], [89.8304, 25.9551], [89.8306, 25.9552], [89.8307, 25.9552], [89.8308, 25.9552], [89.8309, 25.9552], [89.831, 25.9551], [89.8311, 25.9551], [89.8313, 25.9551], [89.8315, 25.955], [89.8317, 25.955], [89.8323, 25.9549], [89.8325, 25.9548], [89.8326, 25.9548], [89.8327, 25.9547], [89.8329, 25.9547], [89.8331, 25.9546], [89.8334, 25.9544], [89.8336, 25.9544], [89.8339, 25.9542], [89.8342, 25.9541], [89.8345, 25.9539], [89.8347, 25.9539], [89.8351, 25.9536], [89.8352, 25.9536], [89.8355, 25.9535], [89.8369, 25.9529], [89.8375, 25.9526], [89.8383, 25.9522], [89.839, 25.9519], [89.8393, 25.9518], [89.8396, 25.9517], [89.8398, 25.9515], [89.8401, 25.9514], [89.8404, 25.9513], [89.8413, 25.9511], [89.8414, 25.9511], [89.8422, 25.9509], [89.843, 25.9507], [89.8435, 25.9506], [89.8439, 25.9506], [89.8441, 25.9506], [89.8443, 25.9505], [89.8451, 25.9505], [89.8456, 25.9504], [89.8461, 25.9504], [89.8462, 25.9504], [89.8474, 25.9499], [89.8487, 25.9493], [89.849, 25.9492], [89.8491, 25.9492], [89.8493, 25.9491], [89.8493, 25.9492], [89.8487, 25.9495], [89.8486, 25.9496], [89.8484, 25.9497], [89.8482, 25.9499], [89.8479, 25.9502], [89.8475, 25.9505], [89.8473, 25.9507], [89.8471, 25.9509], [89.8468, 25.9512], [89.8465, 25.9515], [89.8463, 25.9517], [89.846, 25.952], [89.8459, 25.9522], [89.8457, 25.9526], [89.8455, 25.9529], [89.8454, 25.9531], [89.8452, 25.9535], [89.8451, 25.9537], [89.845, 25.9539], [89.8449, 25.9541], [89.8447, 25.9544], [89.8445, 25.9548], [89.8446, 25.9548], [89.8448, 25.955], [89.845, 25.9552], [89.8453, 25.9554], [89.8457, 25.9558], [89.8459, 25.956], [89.8461, 25.9562], [89.8465, 25.9564], [89.8467, 25.9565], [89.8468, 25.9566], [89.8469, 25.9566], [89.8472, 25.9567], [89.8471, 25.9568], [89.847, 25.9569], [89.8469, 25.9572], [89.8467, 25.9574], [89.8465, 25.9577], [89.8464, 25.9579], [89.846, 25.9584], [89.8459, 25.9586], [89.8459, 25.9587], [89.8458, 25.9588], [89.8458, 25.9589], [89.8456, 25.9593], [89.8451, 25.96], [89.845, 25.9602], [89.845, 25.9604], [89.8448, 25.9607], [89.8447, 25.9609], [89.8446, 25.9609], [89.8443, 25.9614], [89.8442, 25.9617], [89.8439, 25.9622], [89.8438, 25.9624], [89.8437, 25.9626], [89.8436, 25.9628], [89.8434, 25.9631], [89.8433, 25.9632], [89.8432, 25.9635], [89.8431, 25.9639], [89.843, 25.9641], [89.8429, 25.9642], [89.8427, 25.9644], [89.8426, 25.9645], [89.8424, 25.9646], [89.8422, 25.9646], [89.8419, 25.9647], [89.8415, 25.9647], [89.8414, 25.9647], [89.8412, 25.9647], [89.8411, 25.9648], [89.8409, 25.9649], [89.8407, 25.965], [89.8406, 25.9651], [89.8403, 25.9651], [89.8399, 25.9653], [89.8397, 25.9654], [89.8394, 25.9655], [89.8392, 25.9656], [89.839, 25.9657], [89.8387, 25.9658], [89.8385, 25.9659], [89.8386, 25.9662], [89.8386, 25.9664], [89.8386, 25.9667], [89.8386, 25.9673], [89.8385, 25.9677], [89.8386, 25.9679], [89.8387, 25.968], [89.8389, 25.9681], [89.839, 25.9682], [89.8393, 25.9682], [89.8397, 25.9682], [89.8398, 25.9682], [89.8401, 25.9681], [89.8406, 25.9682], [89.8409, 25.9682], [89.8411, 25.9683], [89.8411, 25.9684], [89.8412, 25.9687], [89.8413, 25.9691], [89.8414, 25.9695], [89.8414, 25.9697], [89.8415, 25.97], [89.8415, 25.9704], [89.8417, 25.9705], [89.842, 25.9706], [89.8424, 25.9708], [89.8426, 25.9708], [89.843, 25.9709], [89.8433, 25.9709], [89.8436, 25.9709], [89.8439, 25.971], [89.8445, 25.971], [89.8448, 25.971], [89.8449, 25.971], [89.8453, 25.9711], [89.8459, 25.9711], [89.8463, 25.9711], [89.8466, 25.9711], [89.8468, 25.9711], [89.8469, 25.9711], [89.8471, 25.9711], [89.8474, 25.9711], [89.8478, 25.9711], [89.8484, 25.971], [89.8488, 25.971], [89.8489, 25.971], [89.849, 25.971], [89.8491, 25.9709], [89.8493, 25.9709], [89.8495, 25.9708], [89.8498, 25.9706], [89.85, 25.9706], [89.8503, 25.9705], [89.8505, 25.9704], [89.8509, 25.9702], [89.8512, 25.9701], [89.8516, 25.9699], [89.852, 25.9698], [89.8523, 25.9697], [89.8529, 25.9694], [89.8532, 25.9694], [89.8533, 25.9693], [89.8535, 25.9692], [89.8539, 25.9691], [89.8543, 25.969], [89.8546, 25.9688], [89.8548, 25.9687], [89.8549, 25.9687], [89.8552, 25.9687], [89.8554, 25.9687], [89.8558, 25.9688], [89.8562, 25.9688], [89.8564, 25.9688], [89.8567, 25.9688], [89.857, 25.9688], [89.8573, 25.9689], [89.8576, 25.9689], [89.8577, 25.9689], [89.8581, 25.9689], [89.8586, 25.9691], [89.8588, 25.9691], [89.8591, 25.9692], [89.8593, 25.9693], [89.8595, 25.9694], [89.8597, 25.9694], [89.86, 25.9696], [89.8601, 25.9696], [89.8603, 25.9696], [89.8606, 25.9698], [89.8608, 25.9699], [89.8611, 25.9701], [89.8612, 25.9702], [89.8615, 25.9703], [89.8617, 25.9705], [89.862, 25.9706], [89.8624, 25.9709], [89.8626, 25.971], [89.8627, 25.9711], [89.8629, 25.9712], [89.8629, 25.9713], [89.8633, 25.9715], [89.8635, 25.9716], [89.8636, 25.9716], [89.8638, 25.9717], [89.8639, 25.9717], [89.8642, 25.9717], [89.8643, 25.9718], [89.8647, 25.9718], [89.8648, 25.9719], [89.8648, 25.9717], [89.8638, 25.9694]]]}, "properties": {"OBJECTID": 115110, "gpcode": "106168", "gpname": "PATAMARI", "stname": "ASSAM", "dtname": "Dhubri", "sdtname": "Dhubri", "stcode11": "18", "dtcode11": "301", "sdtcode11": "02008", "blklgdcode": "2555", "blkname": "GAURIPUR", "dt_lgd": 285, "sdt_lgd": 6014, "st_lgd": 18, "vilcode11": 0, "vilname11": "", "pan_local": "GOURIPUR", "b_pan_code": 2955, "b_pan_name": "GAURIPUR", "d_pan_code": 248, "d_pan_name": "DHUBRI", "gp_code": "106168", "gp_name": "PATAMARI", "st_2011": "18", "dt_2011": "301", "sdt_2011": "02008", "subdtname": "Dhubri", "block_name": "GAURIPUR", "blk_lgdcod": "2555", "dtcode14": "301", "SHAPE_Length": 24530.20567110365, "SHAPE_Area": 14988943.945106652}}, {"type": "Feature", "geometry": {"type": "Polygon", "coordinates": [[[89.8337, 26.1395], [89.8323, 26.1338], [89.832, 26.1328], [89.8316, 26.1314], [89.8317, 26.1314], [89.8317, 26.129], [89.8312, 26.1279], [89.83, 26.1271], [89.8305, 26.1266], [89.8321, 26.1257], [89.8375, 26.1223], [89.8433, 26.1228], [89.8443, 26.1234], [89.845, 26.1237], [89.845, 26.1241], [89.8473, 26.1235], [89.849, 26.1232], [89.8507, 26.1228], [89.8515, 26.1232], [89.8524, 26.1259], [89.8523, 26.1279], [89.8522, 26.1299], [89.8537, 26.1304], [89.8547, 26.1318], [89.8566, 26.1314], [89.8568, 26.1243], [89.8568, 26.1237], [89.8564, 26.1203], [89.8564, 26.1199], [89.8541, 26.1155], [89.854, 26.1152], [89.8516, 26.1107], [89.8508, 26.1091], [89.8502, 26.1058], [89.8512, 26.1048], [89.8495, 26.1055], [89.8474, 26.1063], [89.8462, 26.1072], [89.8464, 26.1089], [89.8468, 26.1099], [89.8462, 26.1104], [89.8452, 26.1106], [89.8438, 26.1108], [89.8426, 26.1114], [89.8412, 26.111], [89.8398, 26.1116], [89.8396, 26.1117], [89.8385, 26.1117], [89.8376, 26.1118], [89.8368, 26.1112], [89.8363, 26.1095], [89.8348, 26.1096], [89.8336, 26.1086], [89.8295, 26.1081], [89.8252, 26.1082], [89.824, 26.1081], [89.8258, 26.111], [89.826, 26.115], [89.8279, 26.1186], [89.8279, 26.1187], [89.8273, 26.1194], [89.8271, 26.1208], [89.8259, 26.1235], [89.8259, 26.1239], [89.8259, 26.124], [89.826, 26.1248], [89.8257, 26.1268], [89.8256, 26.127], [89.8255, 26.1276], [89.8244, 26.1317], [89.8232, 26.1357], [89.8228, 26.1363], [89.8228, 26.1364], [89.8236, 26.1369], [89.8244, 26.1361], [89.8275, 26.1374], [89.8289, 26.1389], [89.8293, 26.1413], [89.8302, 26.1419], [89.8324, 26.1419], [89.833, 26.1412], [89.8331, 26.1412], [89.8337, 26.1395]]]}, "properties": {"OBJECTID": 115111, "gpcode": "106169", "gpname": "BARUNDANGA", "stname": "ASSAM", "dtname": "Dhubri", "sdtname": "Golakganj Pt", "stcode11": "18", "dtcode11": "301", "sdtcode11": "02007", "blklgdcode": "2561", "blkname": "RUPSHI", "dt_lgd": 285, "sdt_lgd": 6015, "st_lgd": 18, "vilcode11": 0, "vilname11": "", "pan_local": "RUPSHI", "b_pan_code": 2961, "b_pan_name": "RUPSHI", "d_pan_code": 248, "d_pan_name": "DHUBRI", "gp_code": "106169", "gp_name": "BARUNDANGA", "st_2011": "18", "dt_2011": "301", "sdt_2011": "02007", "subdtname": "Golakganj Pt", "block_name": "RUPSHI", "blk_lgdcod": "2561", "dtcode14": "301", "SHAPE_Length": 18701.22230801693, "SHAPE_Area": 7583317.469575426}}, {"type": "Feature", "geometry": {"type": "Polygon", "coordinates": [[[89.8719, 26.1455], [89.8724, 26.144], [89.874, 26.1425], [89.874, 26.1413], [89.8734, 26.1401], [89.8718, 26.1391], [89.8722, 26.1374], [89.8721, 26.1375], [89.8719, 26.137], [89.8707, 26.1347], [89.8684, 26.1301], [89.8673, 26.1296], [89.863, 26.1299], [89.8629, 26.1344], [89.8639, 26.1367], [89.864, 26.1367], [89.864, 26.1369], [89.8639, 26.1406], [89.8634, 26.1424], [89.8636, 26.1448], [89.8659, 26.1446], [89.8668, 26.1446], [89.8682, 26.1457], [89.8719, 26.1456], [89.8719, 26.1455]]]}, "properties": {"OBJECTID": 115112, "gpcode": "106169", "gpname": "BARUNDANGA", "stname": "ASSAM", "dtname": "Dhubri", "sdtname": "Golakganj Pt", "stcode11": "18", "dtcode11": "301", "sdtcode11": "02007", "blklgdcode": "2556", "blkname": "GOLAKGANJ", "dt_lgd": 285, "sdt_lgd": 6015, "st_lgd": 18, "vilcode11": 0, "vilname11": "", "pan_local": "GOLOKGANJ", "b_pan_code": 2956, "b_pan_name": "GOLAKGANJ", "d_pan_code": 248, "d_pan_name": "DHUBRI", "gp_code": "106169", "gp_name": "BARUNDANGA", "st_2011": "18", "dt_2011": "301", "sdt_2011": "02007", "subdtname": "Golakganj Pt", "block_name": "GOLAKGANJ", "blk_lgdcod": "2556", "dtcode14": "301", "SHAPE_Length": 5699.289662349642, "SHAPE_Area": 1723439.612445777}}, {"type": "Feature", "geometry": {"type": "Polygon", "coordinates": [[[89.8754, 26.1874], [89.8741, 26.1847], [89.8732, 26.1838], [89.8732, 26.1837], [89.8725, 26.1828], [89.8719, 26.1819], [89.8713, 26.1814], [89.8703, 26.1807], [89.8701, 26.1803], [89.8698, 26.1795], [89.8697, 26.1782], [89.8703, 26.1772], [89.8709, 26.1761], [89.8712, 26.1756], [89.872, 26.1738], [89.872, 26.1726], [89.872, 26.1725], [89.8721, 26.1709], [89.872, 26.1686], [89.8719, 26.1674], [89.8715, 26.1655], [89.8712, 26.1636], [89.871, 26.1626], [89.8709, 26.1617], [89.8697, 26.1589], [89.8689, 26.157], [89.8684, 26.1542], [89.8682, 26.1519], [89.8669, 26.153], [89.866, 26.1551], [89.8648, 26.1546], [89.8646, 26.1535], [89.8644, 26.1523], [89.8643, 26.151], [89.8642, 26.1493], [89.8641, 26.1493], [89.8639, 26.1491], [89.8624, 26.1478], [89.8616, 26.146], [89.8597, 26.1436], [89.8583, 26.142], [89.8569, 26.1405], [89.8547, 26.1406], [89.8544, 26.1406], [89.8537, 26.1402], [89.8529, 26.1385], [89.8515, 26.1371], [89.8493, 26.1365], [89.8469, 26.1412], [89.8443, 26.145], [89.8433, 26.148], [89.8431, 26.1493], [89.8428, 26.1523], [89.8418, 26.1536], [89.8393, 26.1567], [89.8425, 26.1587], [89.8428, 26.159], [89.8455, 26.1607], [89.8531, 26.1645], [89.8539, 26.1661], [89.857, 26.1676], [89.8573, 26.1677], [89.8581, 26.1681], [89.8585, 26.1698], [89.8582, 26.1711], [89.8562, 26.1715], [89.8544, 26.1716], [89.8566, 26.1775], [89.8571, 26.1781], [89.858, 26.1796], [89.8582, 26.1797], [89.8609, 26.1811], [89.8619, 26.1816], [89.862, 26.1828], [89.8611, 26.1844], [89.86, 26.1851], [89.8579, 26.1864], [89.8577, 26.1876], [89.8583, 26.1881], [89.86, 26.1886], [89.86, 26.1881], [89.8606, 26.1867], [89.8622, 26.1856], [89.8639, 26.1852], [89.866, 26.1848], [89.8687, 26.1858], [89.8697, 26.1875], [89.87, 26.1889], [89.8705, 26.1908], [89.8717, 26.1913], [89.8726, 26.1913], [89.8734, 26.1912], [89.8742, 26.1908], [89.8747, 26.1906], [89.875, 26.1898], [89.8751, 26.1896], [89.8753, 26.1891], [89.8754, 26.1874]]]}, "properties": {"OBJECTID": 115113, "gpcode": "106169", "gpname": "BARUNDANGA", "stname": "ASSAM", "dtname": "Dhubri", "sdtname": "Golakganj Pt", "stcode11": "18", "dtcode11": "301", "sdtcode11": "02007", "blklgdcode": "2556", "blkname": "GOLAKGANJ", "dt_lgd": 285, "sdt_lgd": 6015, "st_lgd": 18, "vilcode11": 0, "vilname11": "", "pan_local": "GOLOKGANJ", "b_pan_code": 2956, "b_pan_name": "GOLAKGANJ", "d_pan_code": 248, "d_pan_name": "DHUBRI", "gp_code": "106169", "gp_name": "BARUNDANGA", "st_2011": "18", "dt_2011": "301", "sdt_2011": "02007", "subdtname": "Golakganj Pt", "block_name": "GOLAKGANJ", "blk_lgdcod": "2556", "dtcode14": "301", "SHAPE_Length": 20261.52038810952, "SHAPE_Area": 11846823.376216197}}, {"type": "Feature", "geometry": {"type": "Polygon", "coordinates": [[[89.8028, 26.1424], [89.8021, 26.1389], [89.7987, 26.1353], [89.7946, 26.133], [89.7953, 26.1315], [89.7953, 26.1308], [89.7953, 26.1287], [89.7972, 26.1247], [89.7963, 26.1223], [89.7997, 26.1163], [89.8035, 26.109], [89.8029, 26.1089], [89.8019, 26.1082], [89.8019, 26.1077], [89.8019, 26.1071], [89.8028, 26.1059], [89.8011, 26.1062], [89.7987, 26.1067], [89.7973, 26.1071], [89.797, 26.1076], [89.7964, 26.1088], [89.7949, 26.1093], [89.7901, 26.1094], [89.7877, 26.1105], [89.7864, 26.1115], [89.7864, 26.1116], [89.7855, 26.1122], [89.7841, 26.1122], [89.7827, 26.111], [89.7819, 26.1093], [89.7808, 26.1071], [89.7808, 26.107], [89.7807, 26.107], [89.7805, 26.1071], [89.7801, 26.1073], [89.7798, 26.1074], [89.7797, 26.1075], [89.7795, 26.1076], [89.7793, 26.1078], [89.7789, 26.1081], [89.7786, 26.1081], [89.7785, 26.1081], [89.7783, 26.108], [89.7781, 26.1079], [89.778, 26.1078], [89.7779, 26.1077], [89.7776, 26.1076], [89.7775, 26.1076], [89.7773, 26.1075], [89.7772, 26.1074], [89.7771, 26.1072], [89.777, 26.1069], [89.7769, 26.1068], [89.7768, 26.1064], [89.7766, 26.1062], [89.7764, 26.1058], [89.7763, 26.1058], [89.7762, 26.1057], [89.776, 26.1057], [89.7759, 26.1057], [89.7758, 26.1056], [89.7757, 26.1056], [89.7755, 26.1056], [89.7754, 26.1056], [89.7752, 26.1055], [89.7751, 26.1055], [89.7749, 26.1056], [89.7748, 26.1056], [89.7747, 26.1056], [89.7746, 26.1057], [89.7744, 26.1057], [89.7742, 26.1057], [89.7741, 26.1057], [89.7739, 26.1057], [89.7737, 26.1057], [89.7733, 26.1057], [89.7732, 26.1057], [89.7731, 26.1057], [89.773, 26.1056], [89.7728, 26.1056], [89.7725, 26.1054], [89.7724, 26.1054], [89.7722, 26.1053], [89.7719, 26.1051], [89.7716, 26.1051], [89.771, 26.1047], [89.7707, 26.1046], [89.7705, 26.1046], [89.7703, 26.1046], [89.77, 26.1045], [89.7698, 26.1048], [89.7697, 26.1048], [89.7697, 26.105], [89.7696, 26.1052], [89.7696, 26.1054], [89.7695, 26.1055], [89.7693, 26.106], [89.7692, 26.1062], [89.7692, 26.1065], [89.7691, 26.1065], [89.7691, 26.1067], [89.769, 26.1067], [89.769, 26.1068], [89.7689, 26.1069], [89.7688, 26.107], [89.7687, 26.1071], [89.7687, 26.1072], [89.7686, 26.1076], [89.7685, 26.1076], [89.7684, 26.1078], [89.7683, 26.1079], [89.7682, 26.108], [89.7681, 26.108], [89.7678, 26.1081], [89.7675, 26.1081], [89.7673, 26.1082], [89.7671, 26.1083], [89.767, 26.1084], [89.7663, 26.1088], [89.7661, 26.1089], [89.7659, 26.109], [89.7653, 26.1094], [89.765, 26.1095], [89.7648, 26.1096], [89.7644, 26.1097], [89.7642, 26.1098], [89.7639, 26.1098], [89.7638, 26.1099], [89.7637, 26.1099], [89.7633, 26.1098], [89.7627, 26.1098], [89.7623, 26.1097], [89.7616, 26.1095], [89.7612, 26.1094], [89.7606, 26.1092], [89.7598, 26.1091], [89.7596, 26.1089], [89.7595, 26.1088], [89.7592, 26.1085], [89.7589, 26.1083], [89.7587, 26.1082], [89.7587, 26.1081], [89.7585, 26.1081], [89.7582, 26.1079], [89.7579, 26.1079], [89.7577, 26.1079], [89.7575, 26.108], [89.7574, 26.108], [89.7573, 26.1081], [89.757, 26.1083], [89.7569, 26.1084], [89.7566, 26.1087], [89.7566, 26.1088], [89.7564, 26.109], [89.7562, 26.1094], [89.7561, 26.1096], [89.7559, 26.1101], [89.7558, 26.1105], [89.7557, 26.1108], [89.7556, 26.1111], [89.7555, 26.1113], [89.7554, 26.1115], [89.7553, 26.1118], [89.7553, 26.1122], [89.7553, 26.1124], [89.7552, 26.1126], [89.7553, 26.1128], [89.7553, 26.113], [89.7553, 26.1132], [89.7553, 26.1135], [89.7554, 26.1136], [89.7554, 26.1137], [89.7555, 26.1138], [89.7558, 26.114], [89.7561, 26.1142], [89.7563, 26.1143], [89.7565, 26.1145], [89.7569, 26.1147], [89.7571, 26.1148], [89.7574, 26.115], [89.7576, 26.1151], [89.7579, 26.1153], [89.758, 26.1154], [89.7581, 26.1155], [89.7583, 26.1158], [89.7584, 26.116], [89.7589, 26.1166], [89.7591, 26.1169], [89.7592, 26.117], [89.7595, 26.1173], [89.7597, 26.1175], [89.7598, 26.1176], [89.7603, 26.118], [89.7604, 26.1181], [89.7607, 26.1184], [89.7609, 26.1186], [89.761, 26.1187], [89.7613, 26.1191], [89.7615, 26.1195], [89.7618, 26.12], [89.762, 26.1205], [89.7623, 26.121], [89.7625, 26.1213], [89.7629, 26.1218], [89.7631, 26.1222], [89.7632, 26.1222], [89.7633, 26.1224], [89.7635, 26.1227], [89.7639, 26.1232], [89.7641, 26.1236], [89.7645, 26.124], [89.765, 26.1245], [89.7652, 26.1247], [89.7653, 26.1248], [89.7654, 26.125], [89.7656, 26.1255], [89.7657, 26.1257], [89.766, 26.1263], [89.7661, 26.1266], [89.7662, 26.127], [89.7664, 26.1274], [89.7665, 26.1275], [89.7665, 26.1277], [89.7666, 26.128], [89.7665, 26.1282], [89.7666, 26.1283], [89.7666, 26.1287], [89.7666, 26.1292], [89.7666, 26.1294], [89.7666, 26.1297], [89.7666, 26.1301], [89.7666, 26.1305], [89.7665, 26.1307], [89.7665, 26.1308], [89.7665, 26.1309], [89.7663, 26.1313], [89.7661, 26.1316], [89.7659, 26.1319], [89.7656, 26.1325], [89.7654, 26.1328], [89.7652, 26.1333], [89.765, 26.1336], [89.7649, 26.1338], [89.7648, 26.1341], [89.7646, 26.1346], [89.7644, 26.1351], [89.7642, 26.1356], [89.7641, 26.1357], [89.764, 26.1358], [89.7639, 26.136], [89.7648, 26.1373], [89.765, 26.1402], [89.7651, 26.1416], [89.7676, 26.1421], [89.7692, 26.1424], [89.7717, 26.1429], [89.7729, 26.1422], [89.7741, 26.1414], [89.7753, 26.1419], [89.7763, 26.144], [89.7779, 26.1456], [89.7791, 26.1456], [89.7814, 26.1445], [89.7841, 26.1446], [89.7868, 26.144], [89.7875, 26.1431], [89.788, 26.1419], [89.7891, 26.1405], [89.7902, 26.1406], [89.7906, 26.1414], [89.7899, 26.1432], [89.7898, 26.1455], [89.7916, 26.1468], [89.7916, 26.147], [89.7944, 26.1472], [89.7949, 26.1476], [89.8012, 26.1455], [89.8028, 26.1424]]]}, "properties": {"OBJECTID": 115114, "gpcode": "106170", "gpname": "BISHKHOWA", "stname": "ASSAM", "dtname": "Dhubri", "sdtname": "Agamoni", "stcode11": "18", "dtcode11": "301", "sdtcode11": "02006", "blklgdcode": "2556", "blkname": "GOLAKGANJ", "dt_lgd": 285, "sdt_lgd": 2006, "st_lgd": 18, "vilcode11": 0, "vilname11": "", "pan_local": "GOLOKGANJ", "b_pan_code": 2956, "b_pan_name": "GOLAKGANJ", "d_pan_code": 248, "d_pan_name": "DHUBRI", "gp_code": "106170", "gp_name": "BISHKHOWA", "st_2011": "18", "dt_2011": "301", "sdt_2011": "02006", "subdtname": "Agamoni", "block_name": "GOLAKGANJ", "blk_lgdcod": "2556", "dtcode14": "301", "SHAPE_Length": 22357.02584211505, "SHAPE_Area": 18109230.893032905}}, {"type": "Feature", "geometry": {"type": "Polygon", "coordinates": [[[89.8147, 26.1591], [89.8166, 26.1588], [89.8191, 26.1594], [89.82, 26.1593], [89.8201, 26.1593], [89.82, 26.1598], [89.8199, 26.1601], [89.8199, 26.1602], [89.8199, 26.1603], [89.8206, 26.16], [89.8225, 26.1594], [89.8244, 26.158], [89.825, 26.1551], [89.825, 26.1513], [89.825, 26.1475], [89.825, 26.1417], [89.8237, 26.1373], [89.8236, 26.1369], [89.8228, 26.1364], [89.8228, 26.1363], [89.8232, 26.1357], [89.8244, 26.1317], [89.8255, 26.1276], [89.8256, 26.127], [89.8257, 26.1268], [89.826, 26.1248], [89.8259, 26.124], [89.823, 26.1232], [89.819, 26.1225], [89.8163, 26.1215], [89.8136, 26.1206], [89.8093, 26.1192], [89.8065, 26.1163], [89.8063, 26.1134], [89.8038, 26.1172], [89.8026, 26.1223], [89.8029, 26.1265], [89.8018, 26.131], [89.8026, 26.1324], [89.8042, 26.1354], [89.803, 26.1356], [89.7988, 26.1335], [89.7987, 26.1353], [89.8021, 26.1389], [89.8028, 26.1424], [89.8012, 26.1455], [89.7949, 26.1476], [89.7961, 26.1484], [89.797, 26.1502], [89.7963, 26.1514], [89.7965, 26.1531], [89.7985, 26.1546], [89.8011, 26.1545], [89.8035, 26.1549], [89.8048, 26.1571], [89.8059, 26.1606], [89.806, 26.1607], [89.8069, 26.162], [89.807, 26.162], [89.8093, 26.1619], [89.8109, 26.1597], [89.8142, 26.1592], [89.8147, 26.1591]]]}, "properties": {"OBJECTID": 115115, "gpcode": "106171", "gpname": "BISONDOI", "stname": "ASSAM", "dtname": "Dhubri", "sdtname": "Agamoni", "stcode11": "18", "dtcode11": "301", "sdtcode11": "02006", "blklgdcode": "2556", "blkname": "GOLAKGANJ", "dt_lgd": 285, "sdt_lgd": 2006, "st_lgd": 18, "vilcode11": 0, "vilname11": "", "pan_local": "GOLOKGANJ", "b_pan_code": 2956, "b_pan_name": "GOLAKGANJ", "d_pan_code": 248, "d_pan_name": "DHUBRI", "gp_code": "106171", "gp_name": "BISONDOI", "st_2011": "18", "dt_2011": "301", "sdt_2011": "02006", "subdtname": "Agamoni", "block_name": "GOLAKGANJ", "blk_lgdcod": "2556", "dtcode14": "301", "SHAPE_Length": 18048.086979794552, "SHAPE_Area": 12823112.249120276}}, {"type": "Feature", "geometry": {"type": "Polygon", "coordinates": [[[89.8398, 26.1767], [89.8411, 26.1757], [89.8418, 26.1747], [89.8417, 26.1717], [89.8423, 26.1713], [89.8477, 26.1719], [89.8479, 26.1719], [89.8512, 26.1722], [89.8544, 26.1715], [89.8544, 26.1716], [89.8562, 26.1715], [89.8582, 26.1711], [89.8585, 26.1698], [89.8581, 26.1681], [89.8573, 26.1677], [89.857, 26.1676], [89.8539, 26.1661], [89.8531, 26.1645], [89.8455, 26.1607], [89.8428, 26.159], [89.8425, 26.1587], [89.8393, 26.1567], [89.8418, 26.1536], [89.8428, 26.1523], [89.8431, 26.1493], [89.8433, 26.148], [89.8443, 26.145], [89.8469, 26.1412], [89.8493, 26.1365], [89.8491, 26.1364], [89.8488, 26.1364], [89.8444, 26.1361], [89.8383, 26.1364], [89.8371, 26.136], [89.8367, 26.1345], [89.8359, 26.1315], [89.8344, 26.1308], [89.8332, 26.1317], [89.8321, 26.1325], [89.832, 26.1326], [89.832, 26.1328], [89.8323, 26.1338], [89.8337, 26.1395], [89.8331, 26.1412], [89.833, 26.1412], [89.835, 26.1451], [89.837, 26.1458], [89.8376, 26.147], [89.836, 26.1494], [89.8352, 26.152], [89.8341, 26.1534], [89.8301, 26.155], [89.828, 26.1582], [89.8268, 26.1594], [89.8252, 26.1595], [89.8261, 26.1608], [89.8285, 26.1643], [89.8298, 26.167], [89.8299, 26.1693], [89.8309, 26.1712], [89.8312, 26.1735], [89.8298, 26.1747], [89.8296, 26.1755], [89.8306, 26.1764], [89.8336, 26.1757], [89.8345, 26.177], [89.8362, 26.1774], [89.8383, 26.1774], [89.8398, 26.1767]]]}, "properties": {"OBJECTID": 115116, "gpcode": "106171", "gpname": "BISONDOI", "stname": "ASSAM", "dtname": "Dhubri", "sdtname": "Golakganj Pt", "stcode11": "18", "dtcode11": "301", "sdtcode11": "02007", "blklgdcode": "2556", "blkname": "GOLAKGANJ", "dt_lgd": 285, "sdt_lgd": 6015, "st_lgd": 18, "vilcode11": 0, "vilname11": "", "pan_local": "GOLOKGANJ", "b_pan_code": 2956, "b_pan_name": "GOLAKGANJ", "d_pan_code": 248, "d_pan_name": "DHUBRI", "gp_code": "106171", "gp_name": "BISONDOI", "st_2011": "18", "dt_2011": "301", "sdt_2011": "02007", "subdtname": "Golakganj Pt", "block_name": "GOLAKGANJ", "blk_lgdcod": "2556", "dtcode14": "301", "SHAPE_Length": 18589.03088851959, "SHAPE_Area": 8580693.447315222}}, {"type": "Feature", "geometry": {"type": "Polygon", "coordinates": [[[89.8333, 26.1879], [89.834, 26.187], [89.8355, 26.1853], [89.8362, 26.1827], [89.8355, 26.1799], [89.8342, 26.177], [89.8345, 26.177], [89.8336, 26.1757], [89.8306, 26.1764], [89.8296, 26.1755], [89.8298, 26.1747], [89.8312, 26.1735], [89.8309, 26.1712], [89.8299, 26.1693], [89.8298, 26.167], [89.8285, 26.1643], [89.8261, 26.1608], [89.8252, 26.1595], [89.8251, 26.1594], [89.8246, 26.1579], [89.8244, 26.158], [89.8225, 26.1594], [89.8206, 26.16], [89.8199, 26.1603], [89.8199, 26.1602], [89.8199, 26.1601], [89.82, 26.1598], [89.8201, 26.1593], [89.82, 26.1593], [89.8191, 26.1594], [89.8166, 26.1588], [89.8147, 26.1591], [89.812, 26.1685], [89.8106, 26.1703], [89.8071, 26.1726], [89.8039, 26.1747], [89.8035, 26.175], [89.8023, 26.1765], [89.802, 26.1785], [89.8022, 26.1814], [89.8037, 26.1842], [89.8075, 26.1879], [89.8075, 26.1877], [89.8076, 26.1876], [89.8078, 26.1881], [89.8113, 26.1903], [89.8189, 26.1915], [89.82, 26.1933], [89.8209, 26.1975], [89.8226, 26.2028], [89.8227, 26.2028], [89.8226, 26.2028], [89.8205, 26.2078], [89.8233, 26.2107], [89.8321, 26.216], [89.8396, 26.2193], [89.8396, 26.2181], [89.8398, 26.2161], [89.8393, 26.2153], [89.8387, 26.2141], [89.8373, 26.2125], [89.8341, 26.2113], [89.8332, 26.2099], [89.8329, 26.2078], [89.8326, 26.2051], [89.8312, 26.2037], [89.8291, 26.2024], [89.8299, 26.2002], [89.8308, 26.199], [89.8298, 26.1972], [89.8298, 26.197], [89.8295, 26.1959], [89.8294, 26.1931], [89.8291, 26.1924], [89.829, 26.1917], [89.8291, 26.1914], [89.83, 26.191], [89.8299, 26.1906], [89.8296, 26.1896], [89.8299, 26.1892], [89.831, 26.189], [89.8333, 26.1879]]]}, "properties": {"OBJECTID": 115117, "gpcode": "106173", "gpname": "HARIRHAT", "stname": "ASSAM", "dtname": "Dhubri", "sdtname": "Golakganj Pt", "stcode11": "18", "dtcode11": "301", "sdtcode11": "02007", "blklgdcode": "2556", "blkname": "GOLAKGANJ", "dt_lgd": 285, "sdt_lgd": 6015, "st_lgd": 18, "vilcode11": 0, "vilname11": "", "pan_local": "GOLOKGANJ", "b_pan_code": 2956, "b_pan_name": "GOLAKGANJ", "d_pan_code": 248, "d_pan_name": "DHUBRI", "gp_code": "106173", "gp_name": "HARIRHAT", "st_2011": "18", "dt_2011": "301", "sdt_2011": "02007", "subdtname": "Golakganj Pt", "block_name": "GOLAKGANJ", "blk_lgdcod": "2556", "dtcode14": "301", "SHAPE_Length": 21306.892818563498, "SHAPE_Area": 13852232.631720899}}, {"type": "Feature", "geometry": {"type": "Polygon", "coordinates": [[[89.8709, 26.299], [89.8722, 26.2979], [89.8745, 26.2945], [89.8739, 26.2906], [89.8722, 26.2866], [89.8706, 26.2834], [89.8692, 26.2805], [89.8684, 26.278], [89.8682, 26.278], [89.867, 26.2755], [89.8669, 26.275], [89.8655, 26.2711], [89.8652, 26.2664], [89.8658, 26.265], [89.8639, 26.264], [89.8628, 26.2634], [89.8604, 26.2602], [89.8597, 26.2577], [89.8599, 26.2543], [89.8584, 26.2507], [89.8583, 26.2505], [89.8581, 26.2488], [89.8438, 26.249], [89.8439, 26.2503], [89.8439, 26.2504], [89.8442, 26.252], [89.8442, 26.2521], [89.8444, 26.2544], [89.8451, 26.2569], [89.8452, 26.2577], [89.8465, 26.2607], [89.8478, 26.2633], [89.848, 26.2658], [89.8488, 26.2671], [89.8489, 26.2672], [89.8495, 26.2682], [89.8512, 26.2714], [89.852, 26.2745], [89.8529, 26.2776], [89.8532, 26.2805], [89.8531, 26.2806], [89.8529, 26.2815], [89.8524, 26.2847], [89.8519, 26.2875], [89.8513, 26.2899], [89.8506, 26.2926], [89.8494, 26.2962], [89.8485, 26.2978], [89.8482, 26.2984], [89.8487, 26.2984], [89.8502, 26.2983], [89.8539, 26.3001], [89.8541, 26.3002], [89.8596, 26.3019], [89.8623, 26.3026], [89.8624, 26.3027], [89.8657, 26.3035], [89.867, 26.3037], [89.869, 26.3008], [89.8709, 26.299]]]}, "properties": {"OBJECTID": 115118, "gpcode": "106175", "gpname": "KUMARGANJ", "stname": "ASSAM", "dtname": "Dhubri", "sdtname": "Golakganj Pt", "stcode11": "18", "dtcode11": "301", "sdtcode11": "02007", "blklgdcode": "2556", "blkname": "GOLAKGANJ", "dt_lgd": 285, "sdt_lgd": 6015, "st_lgd": 18, "vilcode11": 0, "vilname11": "", "pan_local": "GOLOKGANJ", "b_pan_code": 2956, "b_pan_name": "GOLAKGANJ", "d_pan_code": 248, "d_pan_name": "DHUBRI", "gp_code": "106175", "gp_name": "KUMARGANJ", "st_2011": "18", "dt_2011": "301", "sdt_2011": "02007", "subdtname": "Golakganj Pt", "block_name": "GOLAKGANJ", "blk_lgdcod": "2556", "dtcode14": "301", "SHAPE_Length": 17842.07597842532, "SHAPE_Area": 12727523.73496807}}, {"type": "Feature", "geometry": {"type": "Polygon", "coordinates": [[[89.8338, 26.0976], [89.8346, 26.0957], [89.8352, 26.0949], [89.8352, 26.0937], [89.8356, 26.0931], [89.8369, 26.0929], [89.8375, 26.092], [89.8377, 26.0911], [89.8375, 26.0901], [89.8371, 26.0886], [89.8367, 26.0865], [89.8335, 26.0866], [89.8259, 26.0855], [89.8258, 26.0855], [89.824, 26.0901], [89.8213, 26.0971], [89.8229, 26.0971], [89.8252, 26.0971], [89.8271, 26.0958], [89.8283, 26.0959], [89.8309, 26.096], [89.8322, 26.0967], [89.8338, 26.0976]]]}, "properties": {"OBJECTID": 115119, "gpcode": "106176", "gpname": "LAKHIMARI", "stname": "ASSAM", "dtname": "Dhubri", "sdtname": "Golakganj Pt", "stcode11": "18", "dtcode11": "301", "sdtcode11": "02007", "blklgdcode": "2561", "blkname": "RUPSHI", "dt_lgd": 285, "sdt_lgd": 6015, "st_lgd": 18, "vilcode11": 0, "vilname11": "", "pan_local": "RUPSHI", "b_pan_code": 2961, "b_pan_name": "RUPSHI", "d_pan_code": 248, "d_pan_name": "DHUBRI", "gp_code": "106176", "gp_name": "LAKHIMARI", "st_2011": "18", "dt_2011": "301", "sdt_2011": "02007", "subdtname": "Golakganj Pt", "block_name": "RUPSHI", "blk_lgdcod": "2561", "dtcode14": "301", "SHAPE_Length": 5815.608894897302, "SHAPE_Area": 1853547.7009322848}}, {"type": "Feature", "geometry": {"type": "Polygon", "coordinates": [[[89.8042, 26.1354], [89.8026, 26.1324], [89.8018, 26.131], [89.8029, 26.1265], [89.8026, 26.1223], [89.8038, 26.1172], [89.8063, 26.1134], [89.8065, 26.1163], [89.8093, 26.1192], [89.8136, 26.1206], [89.8163, 26.1215], [89.819, 26.1225], [89.823, 26.1232], [89.8259, 26.124], [89.8259, 26.1239], [89.8259, 26.1235], [89.8271, 26.1208], [89.8273, 26.1194], [89.8279, 26.1187], [89.8279, 26.1186], [89.826, 26.115], [89.8258, 26.111], [89.824, 26.1081], [89.8252, 26.1082], [89.8295, 26.1081], [89.8336, 26.1086], [89.8348, 26.1096], [89.8363, 26.1095], [89.8368, 26.1112], [89.8376, 26.1118], [89.8385, 26.1117], [89.8396, 26.1117], [89.8398, 26.1116], [89.8412, 26.111], [89.8426, 26.1114], [89.8438, 26.1108], [89.8452, 26.1106], [89.8462, 26.1104], [89.8468, 26.1099], [89.8464, 26.1089], [89.8462, 26.1072], [89.8474, 26.1063], [89.8495, 26.1055], [89.8512, 26.1048], [89.8507, 26.1037], [89.8459, 26.104], [89.8424, 26.104], [89.8344, 26.1033], [89.8342, 26.1033], [89.8243, 26.1016], [89.8203, 26.1019], [89.8203, 26.1018], [89.8201, 26.1004], [89.8189, 26.0891], [89.817, 26.0891], [89.8155, 26.0901], [89.8142, 26.0909], [89.8142, 26.091], [89.8141, 26.091], [89.8133, 26.0902], [89.8132, 26.0899], [89.8124, 26.0828], [89.8125, 26.0828], [89.8116, 26.0806], [89.8113, 26.0799], [89.8099, 26.0797], [89.8082, 26.0801], [89.8062, 26.0793], [89.8044, 26.0774], [89.8023, 26.0768], [89.8029, 26.0797], [89.8032, 26.0808], [89.8014, 26.0811], [89.798, 26.0811], [89.7949, 26.083], [89.7949, 26.0831], [89.795, 26.0832], [89.795, 26.0833], [89.795, 26.0834], [89.7951, 26.0835], [89.7951, 26.0836], [89.7951, 26.0837], [89.7951, 26.0839], [89.7952, 26.0841], [89.7953, 26.0845], [89.7952, 26.0849], [89.7952, 26.0853], [89.795, 26.0853], [89.795, 26.0854], [89.795, 26.0858], [89.795, 26.0859], [89.795, 26.0863], [89.795, 26.0868], [89.7949, 26.0873], [89.7949, 26.0875], [89.7946, 26.0879], [89.7945, 26.0881], [89.7945, 26.0882], [89.7942, 26.0885], [89.7941, 26.0886], [89.7939, 26.0887], [89.7938, 26.0888], [89.7934, 26.0889], [89.7932, 26.0889], [89.7929, 26.089], [89.7927, 26.0891], [89.7925, 26.0891], [89.7924, 26.0892], [89.792, 26.0894], [89.7918, 26.0894], [89.7912, 26.0893], [89.7906, 26.0893], [89.7905, 26.0892], [89.7901, 26.0891], [89.7894, 26.0889], [89.7893, 26.0888], [89.789, 26.0887], [89.7889, 26.0887], [89.7887, 26.0886], [89.7885, 26.0884], [89.7882, 26.0881], [89.788, 26.0878], [89.7879, 26.0877], [89.7878, 26.0875], [89.7877, 26.0873], [89.7875, 26.0869], [89.7873, 26.0865], [89.7871, 26.0862], [89.787, 26.0859], [89.7869, 26.0858], [89.7867, 26.0854], [89.7866, 26.0852], [89.7866, 26.0851], [89.7865, 26.0849], [89.7862, 26.0847], [89.786, 26.0845], [89.7855, 26.0839], [89.7854, 26.0838], [89.7853, 26.0835], [89.7851, 26.0833], [89.7849, 26.0833], [89.7843, 26.0833], [89.7833, 26.0832], [89.7832, 26.0832], [89.7822, 26.0831], [89.7822, 26.0833], [89.782, 26.0834], [89.7818, 26.0834], [89.7816, 26.0834], [89.7813, 26.0834], [89.7814, 26.0837], [89.7814, 26.0838], [89.7815, 26.0841], [89.7815, 26.0847], [89.7816, 26.0848], [89.7818, 26.0849], [89.7817, 26.0852], [89.7817, 26.0854], [89.7817, 26.0855], [89.7817, 26.0856], [89.7817, 26.0857], [89.7818, 26.0859], [89.7818, 26.086], [89.7818, 26.0863], [89.7818, 26.0864], [89.7818, 26.0865], [89.7818, 26.0866], [89.7817, 26.0868], [89.7817, 26.0871], [89.7817, 26.0872], [89.7816, 26.0874], [89.7816, 26.0879], [89.7817, 26.0881], [89.7817, 26.0883], [89.7817, 26.0886], [89.7818, 26.0887], [89.7818, 26.0888], [89.7819, 26.0892], [89.782, 26.0895], [89.7821, 26.0898], [89.7823, 26.0901], [89.7825, 26.0904], [89.7825, 26.0905], [89.7828, 26.0908], [89.7828, 26.0909], [89.7829, 26.0911], [89.7829, 26.0912], [89.7831, 26.0915], [89.783, 26.0917], [89.7829, 26.0919], [89.7829, 26.0922], [89.7829, 26.0924], [89.7829, 26.0927], [89.783, 26.093], [89.783, 26.0932], [89.7831, 26.0935], [89.7831, 26.0936], [89.7832, 26.0937], [89.7832, 26.0938], [89.7833, 26.0939], [89.7833, 26.094], [89.7833, 26.0942], [89.7834, 26.0942], [89.7835, 26.0944], [89.7836, 26.0945], [89.7838, 26.0948], [89.7839, 26.0948], [89.7842, 26.0949], [89.7846, 26.0953], [89.7848, 26.0954], [89.785, 26.0956], [89.7854, 26.0959], [89.7856, 26.096], [89.7859, 26.0962], [89.786, 26.0963], [89.786, 26.0964], [89.7859, 26.0965], [89.7858, 26.0968], [89.7858, 26.097], [89.7857, 26.0971], [89.7856, 26.0973], [89.7855, 26.0976], [89.7854, 26.0978], [89.7853, 26.0981], [89.7852, 26.0982], [89.7849, 26.0984], [89.7848, 26.0985], [89.7845, 26.0986], [89.7844, 26.0987], [89.7841, 26.0986], [89.7839, 26.0985], [89.7837, 26.0984], [89.7835, 26.0984], [89.7831, 26.0983], [89.7829, 26.0983], [89.7826, 26.0983], [89.7822, 26.0982], [89.782, 26.0982], [89.7818, 26.0982], [89.7817, 26.0988], [89.7817, 26.0992], [89.7816, 26.0994], [89.7822, 26.0999], [89.7825, 26.1002], [89.7825, 26.1003], [89.7827, 26.1005], [89.7829, 26.1007], [89.7832, 26.101], [89.7834, 26.1012], [89.7836, 26.1013], [89.7838, 26.1014], [89.784, 26.1014], [89.7843, 26.1014], [89.7845, 26.1014], [89.7849, 26.1014], [89.7852, 26.1014], [89.7854, 26.1013], [89.7858, 26.1013], [89.7858, 26.1014], [89.7858, 26.1015], [89.7858, 26.1016], [89.7857, 26.1018], [89.7857, 26.1019], [89.7856, 26.1021], [89.7856, 26.1023], [89.7856, 26.1024], [89.7856, 26.1025], [89.7856, 26.1026], [89.7856, 26.1027], [89.7856, 26.1028], [89.7856, 26.103], [89.7855, 26.1032], [89.7855, 26.1033], [89.7854, 26.1035], [89.7854, 26.1036], [89.7853, 26.1038], [89.7851, 26.104], [89.785, 26.1042], [89.7847, 26.1046], [89.7845, 26.1049], [89.7843, 26.1051], [89.7842, 26.1053], [89.7839, 26.1055], [89.7837, 26.1056], [89.7836, 26.1057], [89.7832, 26.106], [89.783, 26.1061], [89.7825, 26.1063], [89.7819, 26.1065], [89.7816, 26.1067], [89.7812, 26.1069], [89.7808, 26.107], [89.7808, 26.1071], [89.7819, 26.1093], [89.7827, 26.111], [89.7841, 26.1122], [89.7855, 26.1122], [89.7864, 26.1116], [89.7864, 26.1115], [89.7877, 26.1105], [89.7901, 26.1094], [89.7949, 26.1093], [89.7964, 26.1088], [89.797, 26.1076], [89.7973, 26.1071], [89.7987, 26.1067], [89.8011, 26.1062], [89.8028, 26.1059], [89.8019, 26.1071], [89.8019, 26.1077], [89.8019, 26.1082], [89.8029, 26.1089], [89.8035, 26.109], [89.7997, 26.1163], [89.7963, 26.1223], [89.7972, 26.1247], [89.7953, 26.1287], [89.7953, 26.1308], [89.7953, 26.1315], [89.7946, 26.133], [89.7987, 26.1353], [89.7988, 26.1335], [89.803, 26.1356], [89.8042, 26.1354]]]}, "properties": {"OBJECTID": 115120, "gpcode": "106176", "gpname": "LAKHIMARI", "stname": "ASSAM", "dtname": "Dhubri", "sdtname": "Agamoni", "stcode11": "18", "dtcode11": "301", "sdtcode11": "02006", "blklgdcode": "2556", "blkname": "GOLAKGANJ", "dt_lgd": 285, "sdt_lgd": 2006, "st_lgd": 18, "vilcode11": 0, "vilname11": "", "pan_local": "GOLOKGANJ", "b_pan_code": 2956, "b_pan_name": "GOLAKGANJ", "d_pan_code": 248, "d_pan_name": "DHUBRI", "gp_code": "106176", "gp_name": "LAKHIMARI", "st_2011": "18", "dt_2011": "301", "sdt_2011": "02006", "subdtname": "Agamoni", "block_name": "GOLAKGANJ", "blk_lgdcod": "2556", "dtcode14": "301", "SHAPE_Length": 36527.94614924412, "SHAPE_Area": 20542303.94924498}}, {"type": "Feature", "geometry": {"type": "Polygon", "coordinates": [[[89.828, 26.1582], [89.8301, 26.155], [89.8341, 26.1534], [89.8352, 26.152], [89.836, 26.1494], [89.8376, 26.147], [89.837, 26.1458], [89.835, 26.1451], [89.833, 26.1412], [89.8324, 26.1419], [89.8302, 26.1419], [89.8293, 26.1413], [89.8289, 26.1389], [89.8275, 26.1374], [89.8244, 26.1361], [89.8236, 26.1369], [89.8237, 26.1373], [89.825, 26.1417], [89.825, 26.1475], [89.825, 26.1513], [89.825, 26.1551], [89.8244, 26.158], [89.8246, 26.1579], [89.8251, 26.1594], [89.8252, 26.1595], [89.8268, 26.1594], [89.828, 26.1582]]]}, "properties": {"OBJECTID": 115121, "gpcode": "106176", "gpname": "LAKHIMARI", "stname": "ASSAM", "dtname": "Dhubri", "sdtname": "Golakganj Pt", "stcode11": "18", "dtcode11": "301", "sdtcode11": "02007", "blklgdcode": "2556", "blkname": "GOLAKGANJ", "dt_lgd": 285, "sdt_lgd": 6015, "st_lgd": 18, "vilcode11": 0, "vilname11": "", "pan_local": "GOLOKGANJ", "b_pan_code": 2956, "b_pan_name": "GOLAKGANJ", "d_pan_code": 248, "d_pan_name": "DHUBRI", "gp_code": "106176", "gp_name": "LAKHIMARI", "st_2011": "18", "dt_2011": "301", "sdt_2011": "02007", "subdtname": "Golakganj Pt", "block_name": "GOLAKGANJ", "blk_lgdcod": "2556", "dtcode14": "301", "SHAPE_Length": 7599.263971521089, "SHAPE_Area": 2386165.559355598}}, {"type": "Feature", "geometry": {"type": "Polygon", "coordinates": [[[89.872, 26.2498], [89.8741, 26.2479], [89.8744, 26.2477], [89.8743, 26.2475], [89.8742, 26.2474], [89.8721, 26.2463], [89.8695, 26.2444], [89.8682, 26.2431], [89.8678, 26.2412], [89.8678, 26.241], [89.8672, 26.2395], [89.8647, 26.2396], [89.8618, 26.2398], [89.8603, 26.2399], [89.8596, 26.2396], [89.8589, 26.239], [89.8587, 26.2384], [89.8588, 26.2383], [89.8609, 26.2384], [89.8652, 26.2377], [89.8683, 26.2362], [89.8697, 26.2341], [89.87, 26.2317], [89.8696, 26.2301], [89.8689, 26.2287], [89.867, 26.2269], [89.8648, 26.226], [89.8619, 26.2243], [89.8602, 26.2223], [89.86, 26.22], [89.8611, 26.2166], [89.8612, 26.2165], [89.8629, 26.2139], [89.8651, 26.2116], [89.8669, 26.2107], [89.8688, 26.2096], [89.8709, 26.2073], [89.8721, 26.2056], [89.8727, 26.2033], [89.873, 26.2021], [89.8729, 26.2015], [89.8726, 26.2004], [89.8726, 26.2003], [89.8722, 26.1991], [89.8709, 26.1973], [89.8695, 26.1963], [89.8662, 26.1952], [89.8632, 26.1942], [89.8627, 26.1939], [89.8616, 26.1933], [89.8614, 26.1931], [89.8603, 26.1914], [89.86, 26.1896], [89.86, 26.1886], [89.8583, 26.1881], [89.8577, 26.1876], [89.8579, 26.1864], [89.86, 26.1851], [89.8611, 26.1844], [89.862, 26.1828], [89.8619, 26.1816], [89.8609, 26.1811], [89.8582, 26.1797], [89.858, 26.1796], [89.8571, 26.1781], [89.8566, 26.1775], [89.8544, 26.1716], [89.8544, 26.1715], [89.8512, 26.1722], [89.8479, 26.1719], [89.8477, 26.1719], [89.8423, 26.1713], [89.8417, 26.1717], [89.8418, 26.1747], [89.8411, 26.1757], [89.8398, 26.1767], [89.8383, 26.1774], [89.8362, 26.1774], [89.8345, 26.177], [89.8342, 26.177], [89.8355, 26.1799], [89.8362, 26.1827], [89.8355, 26.1853], [89.834, 26.187], [89.8333, 26.1879], [89.831, 26.189], [89.8299, 26.1892], [89.8296, 26.1896], [89.8299, 26.1906], [89.83, 26.191], [89.8291, 26.1914], [89.829, 26.1917], [89.8291, 26.1924], [89.8294, 26.1931], [89.8299, 26.1927], [89.8312, 26.1917], [89.8341, 26.1906], [89.8371, 26.1909], [89.8379, 26.1916], [89.8385, 26.1921], [89.8386, 26.1922], [89.84, 26.1961], [89.8413, 26.1974], [89.8458, 26.2], [89.8469, 26.1998], [89.85, 26.1995], [89.8504, 26.1999], [89.8506, 26.2001], [89.8523, 26.2018], [89.8522, 26.2018], [89.8517, 26.2026], [89.8518, 26.2047], [89.8531, 26.2058], [89.8537, 26.2122], [89.8541, 26.2163], [89.8539, 26.2163], [89.8516, 26.2162], [89.8488, 26.216], [89.8474, 26.2158], [89.8456, 26.216], [89.8427, 26.2161], [89.8401, 26.2161], [89.8398, 26.2161], [89.8396, 26.2181], [89.8396, 26.2193], [89.8401, 26.2196], [89.8485, 26.2244], [89.8458, 26.2272], [89.846, 26.2285], [89.8462, 26.2308], [89.8463, 26.2309], [89.8465, 26.2328], [89.8459, 26.2345], [89.8437, 26.2412], [89.8426, 26.2449], [89.8437, 26.2475], [89.8438, 26.2489], [89.8438, 26.249], [89.8581, 26.2488], [89.8641, 26.2491], [89.8663, 26.2506], [89.8675, 26.2521], [89.8686, 26.2529], [89.869, 26.2524], [89.8701, 26.2515], [89.8709, 26.2506], [89.871, 26.2504], [89.8712, 26.2503], [89.8714, 26.2502], [89.872, 26.2498]]]}, "properties": {"OBJECTID": 115122, "gpcode": "106177", "gpname": "PAGLAHAT", "stname": "ASSAM", "dtname": "Dhubri", "sdtname": "Golakganj Pt", "stcode11": "18", "dtcode11": "301", "sdtcode11": "02007", "blklgdcode": "2556", "blkname": "GOLAKGANJ", "dt_lgd": 285, "sdt_lgd": 6015, "st_lgd": 18, "vilcode11": 0, "vilname11": "", "pan_local": "GOLOKGANJ", "b_pan_code": 2956, "b_pan_name": "GOLAKGANJ", "d_pan_code": 248, "d_pan_name": "DHUBRI", "gp_code": "106177", "gp_name": "PAGLAHAT", "st_2011": "18", "dt_2011": "301", "sdt_2011": "02007", "subdtname": "Golakganj Pt", "block_name": "GOLAKGANJ", "blk_lgdcod": "2556", "dtcode14": "301", "SHAPE_Length": 34922.622486469234, "SHAPE_Area": 22845053.597821716}}, {"type": "Feature", "geometry": {"type": "Polygon", "coordinates": [[[89.8087, 26.2544], [89.8098, 26.2543], [89.8118, 26.2542], [89.8131, 26.2536], [89.8149, 26.2534], [89.815, 26.2532], [89.8154, 26.2515], [89.8161, 26.2505], [89.8168, 26.2487], [89.8169, 26.2487], [89.8211, 26.2478], [89.8243, 26.2476], [89.8293, 26.2486], [89.832, 26.2491], [89.8352, 26.2497], [89.8362, 26.2498], [89.8383, 26.2491], [89.8395, 26.2493], [89.8399, 26.2494], [89.8439, 26.2504], [89.8439, 26.2503], [89.8438, 26.249], [89.8438, 26.2489], [89.8437, 26.2475], [89.8426, 26.2449], [89.8437, 26.2412], [89.8459, 26.2345], [89.8465, 26.2328], [89.8463, 26.2309], [89.8462, 26.2308], [89.846, 26.2285], [89.8458, 26.2272], [89.8485, 26.2244], [89.8401, 26.2196], [89.8396, 26.2193], [89.8321, 26.216], [89.8233, 26.2107], [89.8205, 26.2078], [89.8226, 26.2028], [89.8227, 26.2028], [89.8226, 26.2028], [89.8209, 26.1975], [89.82, 26.1933], [89.8189, 26.1915], [89.8113, 26.1903], [89.8078, 26.1881], [89.8076, 26.1876], [89.8075, 26.1877], [89.8075, 26.1879], [89.8071, 26.1892], [89.8072, 26.1905], [89.8075, 26.1947], [89.8083, 26.1992], [89.8084, 26.1993], [89.809, 26.2012], [89.8102, 26.2051], [89.8109, 26.2066], [89.812, 26.2083], [89.8121, 26.2091], [89.8111, 26.2099], [89.8106, 26.2104], [89.8083, 26.2111], [89.8063, 26.213], [89.8064, 26.215], [89.8071, 26.2172], [89.8078, 26.2187], [89.8097, 26.2204], [89.8111, 26.2221], [89.8108, 26.2239], [89.8098, 26.2244], [89.8078, 26.2254], [89.8067, 26.2269], [89.806, 26.2278], [89.8047, 26.2288], [89.803, 26.2289], [89.8019, 26.2283], [89.8006, 26.2281], [89.7988, 26.2284], [89.7978, 26.2279], [89.7968, 26.2273], [89.7958, 26.2272], [89.7948, 26.2275], [89.7937, 26.2275], [89.7922, 26.2278], [89.7921, 26.2279], [89.7913, 26.2284], [89.79, 26.2302], [89.7892, 26.2319], [89.7887, 26.2328], [89.7884, 26.2348], [89.7883, 26.2375], [89.7894, 26.2381], [89.7917, 26.2412], [89.7933, 26.2433], [89.7966, 26.2461], [89.7986, 26.2471], [89.801, 26.2485], [89.8028, 26.2491], [89.8049, 26.2505], [89.8051, 26.2507], [89.806, 26.2518], [89.8066, 26.2527], [89.8073, 26.2536], [89.8076, 26.2541], [89.8077, 26.2542], [89.8087, 26.2544]]]}, "properties": {"OBJECTID": 115123, "gpcode": "106178", "gpname": "UTTAR MORAGODADHAR", "stname": "ASSAM", "dtname": "Dhubri", "sdtname": "Agamoni", "stcode11": "18", "dtcode11": "301", "sdtcode11": "02006", "blklgdcode": "2556", "blkname": "GOLAKGANJ", "dt_lgd": 285, "sdt_lgd": 2006, "st_lgd": 18, "vilcode11": 0, "vilname11": "", "pan_local": "GOLOKGANJ", "b_pan_code": 2956, "b_pan_name": "GOLAKGANJ", "d_pan_code": 248, "d_pan_name": "DHUBRI", "gp_code": "106178", "gp_name": "UTTAR MORAGODADHAR", "st_2011": "18", "dt_2011": "301", "sdt_2011": "02006", "subdtname": "Agamoni", "block_name": "GOLAKGANJ", "blk_lgdcod": "2556", "dtcode14": "301", "SHAPE_Length": 27199.101584338037, "SHAPE_Area": 26492560.29693868}}, {"type": "Feature", "geometry": {"type": "Polygon", "coordinates": [[[90.1609, 26.2197], [90.1602, 26.2151], [90.158, 26.2149], [90.1565, 26.2163], [90.1556, 26.2164], [90.1544, 26.217], [90.1534, 26.2172], [90.1533, 26.2172], [90.1521, 26.2166], [90.1521, 26.2165], [90.1519, 26.2164], [90.1517, 26.2164], [90.1514, 26.2158], [90.1503, 26.2146], [90.1484, 26.2121], [90.1409, 26.2144], [90.1391, 26.215], [90.1417, 26.2151], [90.1445, 26.2177], [90.1462, 26.2197], [90.1475, 26.22], [90.148, 26.2192], [90.1481, 26.2192], [90.1484, 26.2197], [90.1486, 26.2201], [90.149, 26.2235], [90.1481, 26.2267], [90.1494, 26.227], [90.15, 26.2269], [90.1516, 26.2267], [90.152, 26.2248], [90.1607, 26.2247], [90.1622, 26.2247], [90.1618, 26.2235], [90.1616, 26.2216], [90.1609, 26.2197]]]}, "properties": {"OBJECTID": 115135, "gpcode": "106188", "gpname": "BARKANDA", "stname": "ASSAM", "dtname": "Dhubri", "sdtname": "Bilasipara Pt", "stcode11": "18", "dtcode11": "301", "sdtcode11": "02009", "blklgdcode": "2558", "blkname": "MAHAMAYA", "dt_lgd": 285, "sdt_lgd": 6018, "st_lgd": 18, "vilcode11": 0, "vilname11": "", "pan_local": "MAHAMAYA", "b_pan_code": 2958, "b_pan_name": "MAHAMAYA", "d_pan_code": 248, "d_pan_name": "DHUBRI", "gp_code": "106188", "gp_name": "BARKANDA", "st_2011": "18", "dt_2011": "301", "sdt_2011": "02009", "subdtname": "Bilasipara Pt", "block_name": "MAHAMAYA", "blk_lgdcod": "2558", "dtcode14": "301", "SHAPE_Length": 8090.245134164769, "SHAPE_Area": 2155558.842468703}}, {"type": "Feature", "geometry": {"type": "Polygon", "coordinates": [[[90.164, 26.2299], [90.1623, 26.2288], [90.1617, 26.2309], [90.1635, 26.235], [90.1635, 26.236], [90.1625, 26.2366], [90.1626, 26.2367], [90.1632, 26.2373], [90.1649, 26.238], [90.1667, 26.2388], [90.1679, 26.2406], [90.1696, 26.2413], [90.1708, 26.2413], [90.1711, 26.2413], [90.1717, 26.2413], [90.1717, 26.2402], [90.1721, 26.2396], [90.1724, 26.2392], [90.1741, 26.2376], [90.1759, 26.235], [90.1765, 26.233], [90.1751, 26.2326], [90.1718, 26.2318], [90.164, 26.2299]]]}, "properties": {"OBJECTID": 115136, "gpcode": "106188", "gpname": "BARKANDA", "stname": "ASSAM", "dtname": "Dhubri", "sdtname": "Bilasipara Pt", "stcode11": "18", "dtcode11": "301", "sdtcode11": "02009", "blklgdcode": "2558", "blkname": "MAHAMAYA", "dt_lgd": 285, "sdt_lgd": 6018, "st_lgd": 18, "vilcode11": 0, "vilname11": "", "pan_local": "MAHAMAYA", "b_pan_code": 2958, "b_pan_name": "MAHAMAYA", "d_pan_code": 248, "d_pan_name": "DHUBRI", "gp_code": "106188", "gp_name": "BARKANDA", "st_2011": "18", "dt_2011": "301", "sdt_2011": "02009", "subdtname": "Bilasipara Pt", "block_name": "MAHAMAYA", "blk_lgdcod": "2558", "dtcode14": "301", "SHAPE_Length": 5212.179413028602, "SHAPE_Area": 1442690.1172366461}}, {"type": "Feature", "geometry": {"type": "Polygon", "coordinates": [[[90.1658, 26.2729], [90.1679, 26.272], [90.1706, 26.2708], [90.1716, 26.2697], [90.172, 26.2698], [90.1753, 26.2705], [90.1764, 26.2709], [90.1789, 26.2717], [90.1801, 26.2719], [90.1817, 26.2718], [90.1822, 26.2711], [90.1829, 26.27], [90.1837, 26.2689], [90.1845, 26.2672], [90.1848, 26.2664], [90.1855, 26.2649], [90.1854, 26.2637], [90.1852, 26.2635], [90.1851, 26.2619], [90.1848, 26.2607], [90.1847, 26.2607], [90.185, 26.26], [90.1862, 26.2586], [90.1873, 26.2568], [90.1876, 26.2557], [90.1877, 26.2535], [90.1877, 26.2531], [90.1893, 26.2535], [90.1901, 26.2539], [90.1911, 26.2541], [90.1922, 26.2542], [90.1933, 26.2545], [90.1944, 26.2551], [90.1955, 26.2557], [90.1973, 26.2565], [90.199, 26.2571], [90.2003, 26.2572], [90.2006, 26.2556], [90.2013, 26.2548], [90.2015, 26.2534], [90.2015, 26.2533], [90.2006, 26.2526], [90.199, 26.2512], [90.1959, 26.2505], [90.196, 26.2503], [90.195, 26.2502], [90.1932, 26.2502], [90.1912, 26.2498], [90.1892, 26.2496], [90.1882, 26.2501], [90.1858, 26.2503], [90.1846, 26.2503], [90.1847, 26.2505], [90.1851, 26.2507], [90.1816, 26.2515], [90.1775, 26.2524], [90.1774, 26.2523], [90.1768, 26.2515], [90.1765, 26.2509], [90.1766, 26.2505], [90.1743, 26.2501], [90.1743, 26.25], [90.1672, 26.2488], [90.1663, 26.2505], [90.1646, 26.2517], [90.1641, 26.2514], [90.1626, 26.2505], [90.1603, 26.2514], [90.1593, 26.253], [90.1591, 26.2557], [90.1599, 26.2563], [90.1638, 26.2564], [90.1652, 26.2572], [90.1665, 26.2577], [90.1662, 26.2581], [90.166, 26.2592], [90.1657, 26.2605], [90.1653, 26.2617], [90.1667, 26.262], [90.1678, 26.2627], [90.1687, 26.2635], [90.1689, 26.2637], [90.1693, 26.2645], [90.1696, 26.2653], [90.1696, 26.2654], [90.1695, 26.2662], [90.1683, 26.2659], [90.1642, 26.2655], [90.1614, 26.2655], [90.1624, 26.2676], [90.1626, 26.2692], [90.1627, 26.2709], [90.1626, 26.2722], [90.1623, 26.2729], [90.1635, 26.2728], [90.1643, 26.2736], [90.1658, 26.2729]]]}, "properties": {"OBJECTID": 115137, "gpcode": "106189", "gpname": "GOBARDHANPARA", "stname": "ASSAM", "dtname": "Dhubri", "sdtname": "Bilasipara Pt", "stcode11": "18", "dtcode11": "301", "sdtcode11": "02009", "blklgdcode": "2558", "blkname": "MAHAMAYA", "dt_lgd": 285, "sdt_lgd": 6018, "st_lgd": 18, "vilcode11": 0, "vilname11": "", "pan_local": "MAHAMAYA", "b_pan_code": 2958, "b_pan_name": "MAHAMAYA", "d_pan_code": 248, "d_pan_name": "DHUBRI", "gp_code": "106189", "gp_name": "GOBARDHANPARA", "st_2011": "18", "dt_2011": "301", "sdt_2011": "02009", "subdtname": "Bilasipara Pt", "block_name": "MAHAMAYA", "blk_lgdcod": "2558", "dtcode14": "301", "SHAPE_Length": 16936.458467848166, "SHAPE_Area": 7246047.187568754}}, {"type": "Feature", "geometry": {"type": "Polygon", "coordinates": [[[90.1525, 26.3526], [90.1536, 26.3525], [90.154, 26.3525], [90.1541, 26.3525], [90.1543, 26.3525], [90.1544, 26.3525], [90.1545, 26.3525], [90.1546, 26.3524], [90.1547, 26.3524], [90.1548, 26.3522], [90.1548, 26.3521], [90.1547, 26.3519], [90.1547, 26.3517], [90.1546, 26.3516], [90.1546, 26.3515], [90.1546, 26.3514], [90.1549, 26.3513], [90.155, 26.3513], [90.1551, 26.3513], [90.1553, 26.3514], [90.1555, 26.3516], [90.1557, 26.3518], [90.1559, 26.3518], [90.156, 26.3519], [90.1561, 26.3519], [90.1563, 26.3519], [90.1565, 26.3519], [90.1566, 26.3518], [90.1567, 26.3516], [90.1568, 26.3515], [90.1568, 26.3514], [90.1568, 26.3513], [90.1568, 26.3511], [90.1567, 26.351], [90.1563, 26.3507], [90.1562, 26.3505], [90.1561, 26.3505], [90.1561, 26.3504], [90.156, 26.3503], [90.156, 26.3502], [90.1561, 26.3501], [90.1561, 26.35], [90.1563, 26.3499], [90.1564, 26.3499], [90.1566, 26.3499], [90.1568, 26.35], [90.157, 26.3502], [90.1572, 26.3503], [90.1573, 26.3505], [90.1574, 26.3505], [90.1574, 26.3506], [90.1574, 26.3507], [90.1574, 26.3508], [90.1575, 26.3508], [90.1576, 26.3508], [90.1577, 26.3507], [90.1577, 26.3506], [90.1577, 26.3505], [90.1578, 26.3505], [90.1577, 26.3505], [90.1578, 26.3505], [90.1577, 26.3503], [90.1578, 26.3502], [90.1578, 26.3501], [90.1579, 26.3501], [90.1579, 26.35], [90.158, 26.35], [90.1582, 26.3499], [90.1583, 26.3499], [90.1584, 26.3498], [90.1585, 26.3498], [90.1586, 26.3497], [90.1586, 26.3496], [90.1584, 26.3495], [90.1583, 26.3492], [90.1582, 26.3492], [90.1582, 26.3491], [90.1582, 26.349], [90.1582, 26.3489], [90.1583, 26.3488], [90.1585, 26.3488], [90.1586, 26.3488], [90.1587, 26.3488], [90.1589, 26.3488], [90.159, 26.3488], [90.1592, 26.3487], [90.1594, 26.3486], [90.1595, 26.3486], [90.1596, 26.3486], [90.1598, 26.3485], [90.1599, 26.3485], [90.16, 26.3485], [90.16, 26.3486], [90.1601, 26.3486], [90.1602, 26.3486], [90.1603, 26.3486], [90.1605, 26.3486], [90.1607, 26.3485], [90.1608, 26.3483], [90.1611, 26.348], [90.1611, 26.3479], [90.1612, 26.3478], [90.1612, 26.3477], [90.1614, 26.3477], [90.1615, 26.3476], [90.1616, 26.3477], [90.1617, 26.3478], [90.1618, 26.3479], [90.1619, 26.348], [90.1619, 26.3481], [90.162, 26.3481], [90.1621, 26.3482], [90.1622, 26.3482], [90.1623, 26.3483], [90.1624, 26.3483], [90.1626, 26.3483], [90.1627, 26.3483], [90.1628, 26.3483], [90.1629, 26.3483], [90.163, 26.3483], [90.1631, 26.3483], [90.1632, 26.3483], [90.1633, 26.3482], [90.1635, 26.3482], [90.1641, 26.3483], [90.165, 26.3486], [90.1652, 26.3486], [90.1652, 26.3485], [90.1656, 26.3485], [90.1662, 26.3484], [90.1665, 26.3484], [90.1671, 26.3483], [90.1674, 26.3483], [90.1678, 26.3482], [90.168, 26.3482], [90.1682, 26.3481], [90.1687, 26.3479], [90.1688, 26.3477], [90.1689, 26.3475], [90.169, 26.3473], [90.169, 26.3472], [90.169, 26.347], [90.1693, 26.3454], [90.1699, 26.3437], [90.17, 26.3436], [90.17, 26.3435], [90.1701, 26.3435], [90.1701, 26.3434], [90.1702, 26.3434], [90.1703, 26.3433], [90.1704, 26.3432], [90.1704, 26.3431], [90.1705, 26.3431], [90.1706, 26.343], [90.1707, 26.3428], [90.1708, 26.3428], [90.1709, 26.3427], [90.1709, 26.3426], [90.171, 26.3425], [90.1711, 26.3425], [90.1711, 26.3424], [90.1712, 26.3424], [90.1712, 26.3423], [90.1713, 26.3423], [90.1713, 26.3422], [90.1714, 26.3422], [90.1715, 26.3422], [90.1716, 26.3421], [90.1721, 26.342], [90.1727, 26.3417], [90.1741, 26.3418], [90.1754, 26.3425], [90.1777, 26.3436], [90.1783, 26.3439], [90.1784, 26.344], [90.1787, 26.3442], [90.1812, 26.346], [90.1815, 26.3462], [90.1835, 26.3423], [90.1855, 26.3382], [90.1879, 26.3346], [90.1896, 26.3324], [90.1907, 26.3308], [90.1913, 26.33], [90.1929, 26.3266], [90.1914, 26.3249], [90.1882, 26.3224], [90.1847, 26.3204], [90.1826, 26.32], [90.1827, 26.32], [90.1828, 26.3187], [90.1826, 26.3171], [90.1823, 26.315], [90.1815, 26.3118], [90.1811, 26.3109], [90.181, 26.3107], [90.1798, 26.3095], [90.1788, 26.3088], [90.1786, 26.3093], [90.1783, 26.3098], [90.179, 26.3098], [90.1802, 26.3116], [90.1798, 26.3126], [90.1786, 26.3145], [90.1756, 26.317], [90.1734, 26.3169], [90.1733, 26.3169], [90.1723, 26.3153], [90.1716, 26.3146], [90.1706, 26.3137], [90.1694, 26.3109], [90.1695, 26.3109], [90.168, 26.3094], [90.1665, 26.3089], [90.164, 26.3078], [90.1625, 26.3077], [90.161, 26.308], [90.1605, 26.3082], [90.1595, 26.3086], [90.1578, 26.3076], [90.1569, 26.3067], [90.1563, 26.3071], [90.1531, 26.3086], [90.1508, 26.3096], [90.15, 26.3083], [90.1497, 26.3077], [90.146, 26.3084], [90.1432, 26.309], [90.1426, 26.3082], [90.1415, 26.3072], [90.1412, 26.3068], [90.1405, 26.3056], [90.1404, 26.3084], [90.139, 26.3097], [90.1396, 26.31], [90.1425, 26.3119], [90.1415, 26.3144], [90.1449, 26.3152], [90.1474, 26.3163], [90.1502, 26.3168], [90.1508, 26.3189], [90.1503, 26.3225], [90.1502, 26.3233], [90.1469, 26.3235], [90.1456, 26.3238], [90.1453, 26.3239], [90.1435, 26.3233], [90.1395, 26.3212], [90.1395, 26.3211], [90.1393, 26.321], [90.135, 26.3185], [90.1312, 26.3164], [90.1302, 26.3172], [90.1301, 26.3218], [90.1332, 26.3247], [90.1334, 26.3249], [90.134, 26.3254], [90.135, 26.3264], [90.1349, 26.3288], [90.1349, 26.3309], [90.1347, 26.3385], [90.1347, 26.3393], [90.1346, 26.3438], [90.1345, 26.3467], [90.1345, 26.348], [90.1344, 26.3481], [90.1345, 26.3484], [90.1347, 26.3485], [90.1358, 26.3488], [90.1382, 26.3495], [90.139, 26.3497], [90.1395, 26.3498], [90.1402, 26.3501], [90.141, 26.3503], [90.1423, 26.3507], [90.1424, 26.3507], [90.1428, 26.3507], [90.143, 26.3508], [90.1431, 26.3508], [90.1446, 26.351], [90.1472, 26.3517], [90.1501, 26.3524], [90.1504, 26.3525], [90.1508, 26.3525], [90.151, 26.3526], [90.1514, 26.3526], [90.1525, 26.3526]]]}, "properties": {"OBJECTID": 115138, "gpcode": "106190", "gpname": "KADOMTOLA", "stname": "ASSAM", "dtname": "Dhubri", "sdtname": "Bilasipara Pt", "stcode11": "18", "dtcode11": "301", "sdtcode11": "02009", "blklgdcode": "2558", "blkname": "MAHAMAYA", "dt_lgd": 285, "sdt_lgd": 6018, "st_lgd": 18, "vilcode11": 0, "vilname11": "", "pan_local": "MAHAMAYA", "b_pan_code": 2958, "b_pan_name": "MAHAMAYA", "d_pan_code": 248, "d_pan_name": "DHUBRI", "gp_code": "106190", "gp_name": "KADOMTOLA", "st_2011": "18", "dt_2011": "301", "sdt_2011": "02009", "subdtname": "Bilasipara Pt", "block_name": "MAHAMAYA", "blk_lgdcod": "2558", "dtcode14": "301", "SHAPE_Length": 28872.678848037172, "SHAPE_Area": 25555976.138174422}}, {"type": "Feature", "geometry": {"type": "Polygon", "coordinates": [[[90.1002, 26.1626], [90.101, 26.161], [90.1022, 26.1611], [90.1044, 26.1614], [90.1049, 26.1619], [90.1061, 26.1609], [90.1073, 26.1612], [90.1079, 26.1613], [90.1097, 26.1616], [90.1097, 26.1615], [90.1109, 26.1597], [90.1107, 26.1579], [90.1111, 26.1557], [90.1084, 26.1545], [90.1062, 26.153], [90.1033, 26.1516], [90.1022, 26.1512], [90.1006, 26.1501], [90.1005, 26.1502], [90.1005, 26.1505], [90.1009, 26.1514], [90.1008, 26.1532], [90.1007, 26.1545], [90.1007, 26.1557], [90.1007, 26.1558], [90.0998, 26.1564], [90.0999, 26.1585], [90.1001, 26.1606], [90.1002, 26.1626]]]}, "properties": {"OBJECTID": 115139, "gpcode": "106191", "gpname": "PANBARI", "stname": "ASSAM", "dtname": "Dhubri", "sdtname": "Bagribari (Pt)", "stcode11": "18", "dtcode11": "301", "sdtcode11": "02005", "blklgdcode": "2558", "blkname": "MAHAMAYA", "dt_lgd": 285, "sdt_lgd": 2005, "st_lgd": 18, "vilcode11": 0, "vilname11": "", "pan_local": "MAHAMAYA", "b_pan_code": 2958, "b_pan_name": "MAHAMAYA", "d_pan_code": 248, "d_pan_name": "DHUBRI", "gp_code": "106191", "gp_name": "PANBARI", "st_2011": "18", "dt_2011": "301", "sdt_2011": "02005", "subdtname": "Bagribari (Pt)", "block_name": "MAHAMAYA", "blk_lgdcod": "2558", "dtcode14": "301", "SHAPE_Length": 5015.172567857225, "SHAPE_Area": 1213530.2212008242}}, {"type": "Feature", "geometry": {"type": "Polygon", "coordinates": [[[90.1002, 26.1626], [90.1002, 26.1628], [90.0992, 26.1624], [90.0975, 26.1619], [90.0968, 26.1617], [90.0964, 26.1615], [90.0947, 26.1609], [90.095, 26.1612], [90.0938, 26.1611], [90.0931, 26.1614], [90.0917, 26.1621], [90.0906, 26.1633], [90.0897, 26.1628], [90.0888, 26.1624], [90.0876, 26.1625], [90.0863, 26.1626], [90.084, 26.1627], [90.0824, 26.1628], [90.0818, 26.1625], [90.0813, 26.1621], [90.0816, 26.1605], [90.0824, 26.1593], [90.0828, 26.1587], [90.0831, 26.1578], [90.0829, 26.1577], [90.0792, 26.1569], [90.0785, 26.1568], [90.0755, 26.1554], [90.0718, 26.1542], [90.0713, 26.154], [90.0702, 26.1535], [90.0689, 26.1528], [90.0661, 26.1513], [90.0644, 26.1501], [90.0643, 26.1499], [90.0639, 26.1478], [90.064, 26.1465], [90.0647, 26.1427], [90.0649, 26.142], [90.0649, 26.1419], [90.0641, 26.1419], [90.0625, 26.1417], [90.0599, 26.1414], [90.0594, 26.142], [90.0593, 26.1422], [90.058, 26.1445], [90.0572, 26.1463], [90.0572, 26.1464], [90.057, 26.1476], [90.0575, 26.1499], [90.0581, 26.1508], [90.0582, 26.1517], [90.0585, 26.1527], [90.0586, 26.1545], [90.0585, 26.1547], [90.0585, 26.1548], [90.0584, 26.1556], [90.0584, 26.1557], [90.0582, 26.1567], [90.0568, 26.1563], [90.0556, 26.1548], [90.0547, 26.1536], [90.0541, 26.1537], [90.0526, 26.1555], [90.0525, 26.1555], [90.0526, 26.1557], [90.0542, 26.1589], [90.0542, 26.159], [90.055, 26.1606], [90.0554, 26.1615], [90.0555, 26.1615], [90.0555, 26.1616], [90.0555, 26.1617], [90.0556, 26.1617], [90.0556, 26.1618], [90.0556, 26.1619], [90.0557, 26.1621], [90.0558, 26.1622], [90.0558, 26.1623], [90.0559, 26.1624], [90.0559, 26.1625], [90.0562, 26.163], [90.0563, 26.1633], [90.0564, 26.1635], [90.0571, 26.1646], [90.0572, 26.1648], [90.0581, 26.1662], [90.0582, 26.1664], [90.0586, 26.1671], [90.0591, 26.1676], [90.0594, 26.1679], [90.0595, 26.168], [90.0604, 26.169], [90.0607, 26.1693], [90.0614, 26.1701], [90.0616, 26.1702], [90.062, 26.1707], [90.0623, 26.1711], [90.0624, 26.1712], [90.0638, 26.1726], [90.0657, 26.1737], [90.067, 26.1744], [90.0682, 26.1751], [90.0683, 26.175], [90.0684, 26.175], [90.0686, 26.1748], [90.0694, 26.1743], [90.0694, 26.1742], [90.0694, 26.1737], [90.0694, 26.1732], [90.0694, 26.1725], [90.0693, 26.1719], [90.0693, 26.1715], [90.0693, 26.1711], [90.0693, 26.1709], [90.0692, 26.1701], [90.0696, 26.1695], [90.0665, 26.1655], [90.0665, 26.1654], [90.0654, 26.1657], [90.0642, 26.1651], [90.0605, 26.163], [90.0583, 26.1612], [90.0572, 26.1588], [90.0575, 26.1589], [90.0613, 26.1588], [90.0637, 26.1587], [90.0665, 26.16], [90.0679, 26.1606], [90.0686, 26.1606], [90.0725, 26.1621], [90.0733, 26.1625], [90.0753, 26.1649], [90.0755, 26.1652], [90.0772, 26.1645], [90.078, 26.1643], [90.0794, 26.1651], [90.0814, 26.1662], [90.0828, 26.1677], [90.0836, 26.1686], [90.0865, 26.1698], [90.0884, 26.1717], [90.0891, 26.173], [90.0907, 26.1731], [90.0907, 26.1732], [90.0912, 26.1754], [90.0925, 26.1771], [90.0932, 26.1777], [90.0943, 26.1767], [90.0957, 26.1764], [90.0975, 26.1761], [90.0976, 26.176], [90.0985, 26.1767], [90.1005, 26.1781], [90.102, 26.1792], [90.1043, 26.1783], [90.1097, 26.1777], [90.1125, 26.1773], [90.1092, 26.1747], [90.1089, 26.1748], [90.1074, 26.174], [90.1054, 26.1724], [90.1035, 26.1709], [90.1026, 26.1694], [90.1021, 26.1682], [90.1011, 26.1662], [90.1009, 26.1629], [90.1002, 26.1626]]]}, "properties": {"OBJECTID": 115140, "gpcode": "106191", "gpname": "PANBARI", "stname": "ASSAM", "dtname": "Dhubri", "sdtname": "Bagribari (Pt)", "stcode11": "18", "dtcode11": "301", "sdtcode11": "02005", "blklgdcode": "2558", "blkname": "MAHAMAYA", "dt_lgd": 285, "sdt_lgd": 2005, "st_lgd": 18, "vilcode11": 0, "vilname11": "", "pan_local": "MAHAMAYA", "b_pan_code": 2958, "b_pan_name": "MAHAMAYA", "d_pan_code": 248, "d_pan_name": "DHUBRI", "gp_code": "106191", "gp_name": "PANBARI", "st_2011": "18", "dt_2011": "301", "sdt_2011": "02005", "subdtname": "Bagribari (Pt)", "block_name": "MAHAMAYA", "blk_lgdcod": "2558", "dtcode14": "301", "SHAPE_Length": 25657.74780409778, "SHAPE_Area": 8903467.580828693}}, {"type": "Feature", "geometry": {"type": "Polygon", "coordinates": [[[90.1111, 26.1557], [90.1136, 26.15], [90.1135, 26.1491], [90.1118, 26.1478], [90.1077, 26.1462], [90.1034, 26.1463], [90.1014, 26.1458], [90.1013, 26.1463], [90.101, 26.1477], [90.1008, 26.1491], [90.1006, 26.1501], [90.1022, 26.1512], [90.1033, 26.1516], [90.1062, 26.153], [90.1084, 26.1545], [90.1111, 26.1557]]]}, "properties": {"OBJECTID": 115142, "gpcode": "106192", "gpname": "SADHUBHASHA", "stname": "ASSAM", "dtname": "Dhubri", "sdtname": "Bagribari (Pt)", "stcode11": "18", "dtcode11": "301", "sdtcode11": "02005", "blklgdcode": "2558", "blkname": "MAHAMAYA", "dt_lgd": 285, "sdt_lgd": 2005, "st_lgd": 18, "vilcode11": 0, "vilname11": "", "pan_local": "MAHAMAYA", "b_pan_code": 2958, "b_pan_name": "MAHAMAYA", "d_pan_code": 248, "d_pan_name": "DHUBRI", "gp_code": "106192", "gp_name": "SADHUBHASHA", "st_2011": "18", "dt_2011": "301", "sdt_2011": "02005", "subdtname": "Bagribari (Pt)", "block_name": "MAHAMAYA", "blk_lgdcod": "2558", "dtcode14": "301", "SHAPE_Length": 4250.251763002433, "SHAPE_Area": 1093354.219475217}}, {"type": "Feature", "geometry": {"type": "Polygon", "coordinates": [[[90.1002, 26.1626], [90.1001, 26.1606], [90.0999, 26.1585], [90.0998, 26.1564], [90.1007, 26.1558], [90.1007, 26.1557], [90.1007, 26.1545], [90.1008, 26.1532], [90.1009, 26.1514], [90.1005, 26.1505], [90.1005, 26.1502], [90.0991, 26.1494], [90.0948, 26.148], [90.0947, 26.148], [90.0946, 26.1487], [90.0933, 26.1491], [90.0931, 26.15], [90.0929, 26.1508], [90.0926, 26.1524], [90.0926, 26.1533], [90.0908, 26.1537], [90.0889, 26.154], [90.0878, 26.1546], [90.0876, 26.1562], [90.0873, 26.1582], [90.0889, 26.1588], [90.0908, 26.1586], [90.0919, 26.1591], [90.094, 26.1601], [90.0947, 26.1609], [90.0964, 26.1615], [90.0968, 26.1617], [90.0975, 26.1619], [90.0992, 26.1624], [90.1002, 26.1628], [90.1002, 26.1626]]]}, "properties": {"OBJECTID": 115143, "gpcode": "106192", "gpname": "SADHUBHASHA", "stname": "ASSAM", "dtname": "Dhubri", "sdtname": "Bagribari (Pt)", "stcode11": "18", "dtcode11": "301", "sdtcode11": "02005", "blklgdcode": "2558", "blkname": "MAHAMAYA", "dt_lgd": 285, "sdt_lgd": 2005, "st_lgd": 18, "vilcode11": 0, "vilname11": "", "pan_local": "MAHAMAYA", "b_pan_code": 2958, "b_pan_name": "MAHAMAYA", "d_pan_code": 248, "d_pan_name": "DHUBRI", "gp_code": "106192", "gp_name": "SADHUBHASHA", "st_2011": "18", "dt_2011": "301", "sdt_2011": "02005", "subdtname": "Bagribari (Pt)", "block_name": "MAHAMAYA", "blk_lgdcod": "2558", "dtcode14": "301", "SHAPE_Length": 5697.383502247203, "SHAPE_Area": 1660039.0388404585}}, {"type": "Feature", "geometry": {"type": "Polygon", "coordinates": [[[90.1111, 26.1557], [90.1107, 26.1579], [90.1109, 26.1597], [90.1097, 26.1615], [90.1097, 26.1616], [90.1079, 26.1613], [90.1073, 26.1612], [90.1061, 26.1609], [90.1049, 26.1619], [90.1044, 26.1614], [90.1022, 26.1611], [90.101, 26.161], [90.1002, 26.1626], [90.1009, 26.1629], [90.1011, 26.1662], [90.1021, 26.1682], [90.1026, 26.1694], [90.1035, 26.1709], [90.1054, 26.1724], [90.1074, 26.174], [90.1089, 26.1748], [90.1092, 26.1747], [90.1125, 26.1773], [90.1138, 26.1766], [90.1197, 26.1776], [90.1227, 26.1787], [90.1224, 26.1751], [90.1228, 26.1746], [90.1229, 26.1746], [90.1247, 26.1748], [90.1254, 26.1748], [90.1259, 26.174], [90.1267, 26.1725], [90.1284, 26.1709], [90.1291, 26.1702], [90.129, 26.1702], [90.1288, 26.1685], [90.128, 26.1672], [90.1281, 26.1653], [90.1278, 26.1652], [90.1263, 26.1639], [90.1217, 26.1613], [90.1193, 26.1597], [90.1163, 26.1576], [90.1129, 26.156], [90.1124, 26.1559], [90.1111, 26.1557]]]}, "properties": {"OBJECTID": 115144, "gpcode": "106192", "gpname": "SADHUBHASHA", "stname": "ASSAM", "dtname": "Dhubri", "sdtname": "Bagribari (Pt)", "stcode11": "18", "dtcode11": "301", "sdtcode11": "02005", "blklgdcode": "2560", "blkname": "NAYERALGA", "dt_lgd": 285, "sdt_lgd": 2005, "st_lgd": 18, "vilcode11": 0, "vilname11": "", "pan_local": "NAYERALGA", "b_pan_code": 2960, "b_pan_name": "NAYERALGA", "d_pan_code": 248, "d_pan_name": "DHUBRI", "gp_code": "106192", "gp_name": "SADHUBHASHA", "st_2011": "18", "dt_2011": "301", "sdt_2011": "02005", "subdtname": "Bagribari (Pt)", "block_name": "NAYERALGA", "blk_lgdcod": "2560", "dtcode14": "301", "SHAPE_Length": 10111.738268567491, "SHAPE_Area": 5409712.203375805}}, {"type": "Feature", "geometry": {"type": "Polygon", "coordinates": [[[90.1158, 26.1864], [90.1127, 26.1824], [90.1111, 26.1812], [90.1099, 26.1782], [90.1097, 26.1777], [90.1043, 26.1783], [90.102, 26.1792], [90.1005, 26.1781], [90.0985, 26.1767], [90.0976, 26.176], [90.0975, 26.1761], [90.0957, 26.1764], [90.0943, 26.1767], [90.0932, 26.1777], [90.0925, 26.1771], [90.0912, 26.1754], [90.0907, 26.1732], [90.0907, 26.1731], [90.0891, 26.173], [90.0884, 26.1717], [90.0865, 26.1698], [90.0836, 26.1686], [90.0828, 26.1677], [90.0814, 26.1662], [90.0794, 26.1651], [90.078, 26.1643], [90.0772, 26.1645], [90.0755, 26.1652], [90.0753, 26.1649], [90.0752, 26.1651], [90.0741, 26.1673], [90.0697, 26.1694], [90.0708, 26.171], [90.0726, 26.1727], [90.0727, 26.1727], [90.0731, 26.1734], [90.0737, 26.1745], [90.074, 26.175], [90.0746, 26.1753], [90.0765, 26.1763], [90.0766, 26.1765], [90.0783, 26.1781], [90.0807, 26.1803], [90.0809, 26.1804], [90.0836, 26.1812], [90.0839, 26.1815], [90.0843, 26.1818], [90.0849, 26.1822], [90.0863, 26.1845], [90.0868, 26.1851], [90.0872, 26.1862], [90.0873, 26.1862], [90.091, 26.1866], [90.0912, 26.1866], [90.0937, 26.1878], [90.0942, 26.1883], [90.0959, 26.1898], [90.0967, 26.1905], [90.0971, 26.1908], [90.0975, 26.1909], [90.0976, 26.1909], [90.0979, 26.1909], [90.098, 26.1908], [90.0984, 26.1899], [90.0987, 26.1888], [90.0989, 26.1883], [90.0989, 26.1882], [90.0991, 26.1874], [90.0991, 26.187], [90.0993, 26.1868], [90.1011, 26.1851], [90.1013, 26.185], [90.1014, 26.185], [90.1016, 26.1851], [90.1019, 26.1852], [90.1046, 26.1865], [90.105, 26.1867], [90.1066, 26.1877], [90.1093, 26.1894], [90.1125, 26.1913], [90.1128, 26.1915], [90.1128, 26.1916], [90.1129, 26.1915], [90.1146, 26.1876], [90.1158, 26.1864]]]}, "properties": {"OBJECTID": 115145, "gpcode": "106192", "gpname": "SADHUBHASHA", "stname": "ASSAM", "dtname": "Dhubri", "sdtname": "Bagribari (Pt)", "stcode11": "18", "dtcode11": "301", "sdtcode11": "02005", "blklgdcode": "2558", "blkname": "MAHAMAYA", "dt_lgd": 285, "sdt_lgd": 2005, "st_lgd": 18, "vilcode11": 0, "vilname11": "", "pan_local": "MAHAMAYA", "b_pan_code": 2958, "b_pan_name": "MAHAMAYA", "d_pan_code": 248, "d_pan_name": "DHUBRI", "gp_code": "106192", "gp_name": "SADHUBHASHA", "st_2011": "18", "dt_2011": "301", "sdt_2011": "02005", "subdtname": "Bagribari (Pt)", "block_name": "MAHAMAYA", "blk_lgdcod": "2558", "dtcode14": "301", "SHAPE_Length": 14576.477504737093, "SHAPE_Area": 6555499.171496216}}, {"type": "Feature", "geometry": {"type": "Polygon", "coordinates": [[[90.1884, 26.296], [90.1859, 26.2952], [90.1836, 26.2955], [90.1836, 26.2957], [90.1832, 26.3], [90.1824, 26.302], [90.1821, 26.3021], [90.1848, 26.303], [90.186, 26.3035], [90.1874, 26.3047], [90.1882, 26.3065], [90.1884, 26.3087], [90.1883, 26.3112], [90.19, 26.3116], [90.1915, 26.3124], [90.1929, 26.3128], [90.1937, 26.3109], [90.1942, 26.3092], [90.1948, 26.3066], [90.1947, 26.3041], [90.1947, 26.3038], [90.1941, 26.3016], [90.1931, 26.2998], [90.1911, 26.2975], [90.1884, 26.296]]]}, "properties": {"OBJECTID": 115147, "gpcode": "106193", "gpname": "SALTARI", "stname": "ASSAM", "dtname": "Dhubri", "sdtname": "Bilasipara Pt", "stcode11": "18", "dtcode11": "301", "sdtcode11": "02009", "blklgdcode": "2550", "blkname": "BILASIPARA", "dt_lgd": 285, "sdt_lgd": 6018, "st_lgd": 18, "vilcode11": 0, "vilname11": "", "pan_local": "BILASIPARA", "b_pan_code": 2950, "b_pan_name": "BILASIPARA", "d_pan_code": 248, "d_pan_name": "DHUBRI", "gp_code": "106193", "gp_name": "SALTARI", "st_2011": "18", "dt_2011": "301", "sdt_2011": "02009", "subdtname": "Bilasipara Pt", "block_name": "BILASIPARA", "blk_lgdcod": "2550", "dtcode14": "301", "SHAPE_Length": 5883.685998182651, "SHAPE_Area": 1740060.997745422}}, {"type": "Feature", "geometry": {"type": "Polygon", "coordinates": [[[90.179, 26.3098], [90.1783, 26.3098], [90.1786, 26.3093], [90.1788, 26.3088], [90.1791, 26.3082], [90.1793, 26.3077], [90.1789, 26.3069], [90.1785, 26.306], [90.178, 26.3052], [90.1774, 26.3048], [90.1769, 26.3042], [90.1767, 26.3027], [90.1761, 26.3033], [90.1757, 26.3036], [90.1749, 26.3038], [90.1738, 26.3041], [90.173, 26.3044], [90.1716, 26.3044], [90.1714, 26.3041], [90.1711, 26.3013], [90.1729, 26.2993], [90.1732, 26.2988], [90.1746, 26.2969], [90.1758, 26.2955], [90.1769, 26.2937], [90.178, 26.2906], [90.1784, 26.2893], [90.1782, 26.287], [90.1804, 26.2865], [90.1806, 26.2865], [90.1804, 26.2844], [90.1806, 26.2823], [90.1808, 26.2803], [90.1811, 26.2779], [90.1809, 26.2762], [90.1808, 26.2738], [90.1817, 26.2718], [90.1801, 26.2719], [90.1789, 26.2717], [90.1764, 26.2709], [90.1753, 26.2705], [90.172, 26.2698], [90.1716, 26.2697], [90.1706, 26.2708], [90.1679, 26.272], [90.1658, 26.2729], [90.1643, 26.2736], [90.1635, 26.2728], [90.1623, 26.2729], [90.1598, 26.2754], [90.159, 26.2759], [90.1599, 26.2769], [90.1612, 26.2789], [90.1611, 26.279], [90.1605, 26.2792], [90.1595, 26.2795], [90.1588, 26.2795], [90.1578, 26.2791], [90.1574, 26.2788], [90.1565, 26.2786], [90.1554, 26.2787], [90.1542, 26.2788], [90.1528, 26.2789], [90.1509, 26.2784], [90.1511, 26.279], [90.1515, 26.2821], [90.1531, 26.2854], [90.1541, 26.2865], [90.1547, 26.2875], [90.1558, 26.289], [90.1557, 26.2893], [90.1553, 26.2921], [90.1547, 26.2942], [90.1509, 26.2906], [90.1469, 26.2905], [90.1459, 26.2905], [90.1434, 26.2947], [90.1408, 26.2933], [90.1395, 26.2942], [90.1378, 26.2953], [90.135, 26.2954], [90.134, 26.2955], [90.1307, 26.2933], [90.1304, 26.2928], [90.1293, 26.2911], [90.1289, 26.2896], [90.1287, 26.2874], [90.1295, 26.2851], [90.1297, 26.284], [90.1292, 26.2833], [90.1285, 26.283], [90.1261, 26.2832], [90.1234, 26.2855], [90.1229, 26.2874], [90.1207, 26.2908], [90.1195, 26.2926], [90.1194, 26.2928], [90.1194, 26.2931], [90.123, 26.2943], [90.1292, 26.297], [90.1341, 26.2993], [90.1368, 26.2993], [90.1394, 26.2985], [90.1411, 26.2987], [90.1425, 26.2988], [90.1454, 26.2985], [90.1487, 26.2996], [90.1504, 26.2986], [90.1519, 26.2979], [90.1521, 26.2978], [90.153, 26.3003], [90.1537, 26.3018], [90.1536, 26.3017], [90.1547, 26.3028], [90.1548, 26.3032], [90.1561, 26.3053], [90.1562, 26.3053], [90.1564, 26.3058], [90.1569, 26.3066], [90.1569, 26.3067], [90.1578, 26.3076], [90.1595, 26.3086], [90.1605, 26.3082], [90.161, 26.308], [90.1625, 26.3077], [90.164, 26.3078], [90.1665, 26.3089], [90.168, 26.3094], [90.1695, 26.3109], [90.1694, 26.3109], [90.1706, 26.3137], [90.1716, 26.3146], [90.1723, 26.3153], [90.1733, 26.3169], [90.1734, 26.3169], [90.1756, 26.317], [90.1786, 26.3145], [90.1798, 26.3126], [90.1802, 26.3116], [90.179, 26.3098]]]}, "properties": {"OBJECTID": 115148, "gpcode": "106193", "gpname": "SALTARI", "stname": "ASSAM", "dtname": "Dhubri", "sdtname": "Bilasipara Pt", "stcode11": "18", "dtcode11": "301", "sdtcode11": "02009", "blklgdcode": "2558", "blkname": "MAHAMAYA", "dt_lgd": 285, "sdt_lgd": 6018, "st_lgd": 18, "vilcode11": 0, "vilname11": "", "pan_local": "MAHAMAYA", "b_pan_code": 2958, "b_pan_name": "MAHAMAYA", "d_pan_code": 248, "d_pan_name": "DHUBRI", "gp_code": "106193", "gp_name": "SALTARI", "st_2011": "18", "dt_2011": "301", "sdt_2011": "02009", "subdtname": "Bilasipara Pt", "block_name": "MAHAMAYA", "blk_lgdcod": "2558", "dtcode14": "301", "SHAPE_Length": 28484.018640552138, "SHAPE_Area": 15498057.678435069}}, {"type": "Feature", "geometry": {"type": "Polygon", "coordinates": [[[90.1345, 26.3135], [90.139, 26.3097], [90.1404, 26.3084], [90.1405, 26.3056], [90.1412, 26.3068], [90.1415, 26.3072], [90.1426, 26.3082], [90.1432, 26.309], [90.146, 26.3084], [90.1497, 26.3077], [90.15, 26.3083], [90.1508, 26.3096], [90.1531, 26.3086], [90.1563, 26.3071], [90.1569, 26.3067], [90.1569, 26.3066], [90.1564, 26.3058], [90.1562, 26.3053], [90.1561, 26.3053], [90.1548, 26.3032], [90.1547, 26.3028], [90.1536, 26.3017], [90.1537, 26.3018], [90.153, 26.3003], [90.1521, 26.2978], [90.1519, 26.2979], [90.1504, 26.2986], [90.1487, 26.2996], [90.1454, 26.2985], [90.1425, 26.2988], [90.1411, 26.2987], [90.1394, 26.2985], [90.1368, 26.2993], [90.1341, 26.2993], [90.1292, 26.297], [90.123, 26.2943], [90.1194, 26.2931], [90.1191, 26.2945], [90.12, 26.2961], [90.1225, 26.2975], [90.1251, 26.2988], [90.1256, 26.3013], [90.1243, 26.3038], [90.1227, 26.305], [90.1218, 26.3056], [90.1216, 26.3058], [90.1199, 26.3081], [90.1186, 26.3085], [90.1179, 26.3088], [90.1155, 26.3094], [90.1142, 26.3098], [90.1136, 26.3099], [90.1122, 26.3102], [90.1078, 26.3125], [90.1068, 26.3123], [90.1074, 26.3154], [90.1088, 26.3178], [90.1103, 26.3211], [90.11, 26.3234], [90.1102, 26.3252], [90.1112, 26.3352], [90.1113, 26.3353], [90.1168, 26.3388], [90.1168, 26.3389], [90.1179, 26.3395], [90.1203, 26.3411], [90.1222, 26.3424], [90.1226, 26.3427], [90.1227, 26.3428], [90.1228, 26.3429], [90.1229, 26.3429], [90.1264, 26.3452], [90.1279, 26.3461], [90.1292, 26.3465], [90.1293, 26.3466], [90.1298, 26.3467], [90.1337, 26.3479], [90.1341, 26.348], [90.1344, 26.3481], [90.1345, 26.348], [90.1345, 26.3467], [90.1346, 26.3438], [90.1347, 26.3393], [90.1347, 26.3385], [90.1349, 26.3309], [90.1349, 26.3288], [90.135, 26.3264], [90.134, 26.3254], [90.1334, 26.3249], [90.1332, 26.3247], [90.1301, 26.3218], [90.1302, 26.3172], [90.1312, 26.3164], [90.1345, 26.3135]]]}, "properties": {"OBJECTID": 115149, "gpcode": "106194", "gpname": "SONAMOYEE", "stname": "ASSAM", "dtname": "Dhubri", "sdtname": "Bilasipara Pt", "stcode11": "18", "dtcode11": "301", "sdtcode11": "02009", "blklgdcode": "2558", "blkname": "MAHAMAYA", "dt_lgd": 285, "sdt_lgd": 6018, "st_lgd": 18, "vilcode11": 0, "vilname11": "", "pan_local": "MAHAMAYA", "b_pan_code": 2958, "b_pan_name": "MAHAMAYA", "d_pan_code": 248, "d_pan_name": "DHUBRI", "gp_code": "106194", "gp_name": "SONAMOYEE", "st_2011": "18", "dt_2011": "301", "sdt_2011": "02009", "subdtname": "Bilasipara Pt", "block_name": "MAHAMAYA", "blk_lgdcod": "2558", "dtcode14": "301", "SHAPE_Length": 23507.873579091098, "SHAPE_Area": 15710873.239543818}}, {"type": "Feature", "geometry": {"type": "Polygon", "coordinates": [[[90.1599, 26.2563], [90.1591, 26.2557], [90.1582, 26.2557], [90.1566, 26.2558], [90.1546, 26.256], [90.155, 26.2573], [90.1565, 26.2587], [90.1574, 26.2597], [90.158, 26.2604], [90.1584, 26.2609], [90.1591, 26.2597], [90.1596, 26.258], [90.1597, 26.2566], [90.1599, 26.2563]]]}, "properties": {"OBJECTID": 115150, "gpcode": "106195", "gpname": "TUSHPARA", "stname": "ASSAM", "dtname": "Dhubri", "sdtname": "Bilasipara Pt", "stcode11": "18", "dtcode11": "301", "sdtcode11": "02009", "blklgdcode": "2558", "blkname": "MAHAMAYA", "dt_lgd": 285, "sdt_lgd": 6018, "st_lgd": 18, "vilcode11": 0, "vilname11": "", "pan_local": "MAHAMAYA", "b_pan_code": 2958, "b_pan_name": "MAHAMAYA", "d_pan_code": 248, "d_pan_name": "DHUBRI", "gp_code": "106195", "gp_name": "TUSHPARA", "st_2011": "18", "dt_2011": "301", "sdt_2011": "02009", "subdtname": "Bilasipara Pt", "block_name": "MAHAMAYA", "blk_lgdcod": "2558", "dtcode14": "301", "SHAPE_Length": 1976.706595957308, "SHAPE_Area": 221983.90747206745}}, {"type": "Feature", "geometry": {"type": "Polygon", "coordinates": [[[90.1272, 26.2603], [90.1274, 26.2603], [90.1278, 26.2604], [90.1286, 26.2604], [90.129, 26.2605], [90.1294, 26.2605], [90.13, 26.2605], [90.1303, 26.2605], [90.1304, 26.2605], [90.1304, 26.2603], [90.1305, 26.2598], [90.1308, 26.2592], [90.1315, 26.2571], [90.132, 26.2561], [90.1325, 26.2551], [90.1333, 26.2535], [90.134, 26.252], [90.1343, 26.2509], [90.1341, 26.2505], [90.1336, 26.2496], [90.1333, 26.2491], [90.1338, 26.2478], [90.1338, 26.2472], [90.1323, 26.2467], [90.1323, 26.2459], [90.1322, 26.2454], [90.1326, 26.2447], [90.1328, 26.2447], [90.1327, 26.2434], [90.1321, 26.2428], [90.1315, 26.2404], [90.1318, 26.2392], [90.1312, 26.2375], [90.1302, 26.2343], [90.1301, 26.2343], [90.1262, 26.235], [90.1261, 26.235], [90.1248, 26.2352], [90.1219, 26.2363], [90.1218, 26.2363], [90.1216, 26.2366], [90.1215, 26.2368], [90.1207, 26.2384], [90.1206, 26.2387], [90.1205, 26.2388], [90.1207, 26.2418], [90.121, 26.2457], [90.1211, 26.2468], [90.1212, 26.248], [90.1212, 26.2485], [90.1211, 26.2486], [90.121, 26.2488], [90.1203, 26.2488], [90.12, 26.2489], [90.1183, 26.2491], [90.1157, 26.2497], [90.1141, 26.2497], [90.1135, 26.2498], [90.1119, 26.2491], [90.1117, 26.249], [90.1111, 26.2487], [90.1102, 26.2487], [90.1097, 26.2487], [90.1087, 26.2486], [90.1082, 26.2488], [90.108, 26.2491], [90.108, 26.2505], [90.1076, 26.2524], [90.1092, 26.2552], [90.1116, 26.2582], [90.1131, 26.2601], [90.1137, 26.2608], [90.1139, 26.2609], [90.1143, 26.2608], [90.1145, 26.2607], [90.1148, 26.2606], [90.115, 26.2606], [90.1153, 26.2606], [90.1156, 26.2605], [90.1158, 26.2604], [90.116, 26.2603], [90.1163, 26.2602], [90.1167, 26.2599], [90.1172, 26.2596], [90.1175, 26.2592], [90.1177, 26.259], [90.1178, 26.2588], [90.1179, 26.2587], [90.118, 26.2586], [90.1181, 26.2584], [90.1181, 26.2582], [90.1181, 26.2579], [90.118, 26.2574], [90.1178, 26.2571], [90.1176, 26.2567], [90.1175, 26.2564], [90.1175, 26.256], [90.1175, 26.2555], [90.1177, 26.2549], [90.1178, 26.2545], [90.1179, 26.2542], [90.118, 26.2541], [90.1184, 26.2535], [90.1186, 26.2534], [90.1189, 26.2532], [90.1194, 26.253], [90.1199, 26.2529], [90.1202, 26.2529], [90.1206, 26.253], [90.1211, 26.2529], [90.1216, 26.2529], [90.122, 26.2529], [90.1221, 26.2529], [90.1227, 26.2529], [90.1237, 26.253], [90.124, 26.2536], [90.1241, 26.2538], [90.1243, 26.2541], [90.1244, 26.2543], [90.1245, 26.2544], [90.1246, 26.2547], [90.1247, 26.2551], [90.1247, 26.2554], [90.1247, 26.2557], [90.1246, 26.256], [90.1246, 26.2568], [90.1245, 26.2577], [90.1244, 26.2581], [90.1243, 26.2584], [90.1243, 26.2588], [90.1241, 26.2593], [90.1239, 26.2597], [90.1239, 26.2601], [90.124, 26.2604], [90.124, 26.2607], [90.1241, 26.2609], [90.1242, 26.2611], [90.1248, 26.2612], [90.1252, 26.2612], [90.1257, 26.261], [90.1261, 26.2609], [90.1265, 26.2607], [90.1268, 26.2605], [90.1272, 26.2603]]]}, "properties": {"OBJECTID": 115151, "gpcode": "106195", "gpname": "TUSHPARA", "stname": "ASSAM", "dtname": "Dhubri", "sdtname": "Bilasipara Pt", "stcode11": "18", "dtcode11": "301", "sdtcode11": "02009", "blklgdcode": "2558", "blkname": "MAHAMAYA", "dt_lgd": 285, "sdt_lgd": 6018, "st_lgd": 18, "vilcode11": 0, "vilname11": "", "pan_local": "MAHAMAYA", "b_pan_code": 2958, "b_pan_name": "MAHAMAYA", "d_pan_code": 248, "d_pan_name": "DHUBRI", "gp_code": "106195", "gp_name": "TUSHPARA", "st_2011": "18", "dt_2011": "301", "sdt_2011": "02009", "subdtname": "Bilasipara Pt", "block_name": "MAHAMAYA", "blk_lgdcod": "2558", "dtcode14": "301", "SHAPE_Length": 12955.09515513762, "SHAPE_Area": 5064948.530870506}}, {"type": "Feature", "geometry": {"type": "Polygon", "coordinates": [[[90.146, 26.2706], [90.1473, 26.2704], [90.1483, 26.2706], [90.1481, 26.2702], [90.148, 26.2696], [90.1478, 26.2691], [90.1477, 26.2688], [90.1475, 26.2684], [90.147, 26.2678], [90.1459, 26.2671], [90.1449, 26.2666], [90.1447, 26.2665], [90.1444, 26.2662], [90.1439, 26.2661], [90.1432, 26.266], [90.1431, 26.266], [90.1421, 26.266], [90.1412, 26.2661], [90.1401, 26.2662], [90.14, 26.2662], [90.1396, 26.2669], [90.139, 26.2678], [90.1375, 26.2689], [90.1359, 26.2694], [90.1331, 26.2696], [90.1328, 26.2702], [90.1344, 26.2707], [90.1344, 26.2724], [90.1369, 26.273], [90.1379, 26.2732], [90.1393, 26.2741], [90.1399, 26.2746], [90.14, 26.2748], [90.1427, 26.2726], [90.1439, 26.272], [90.145, 26.2715], [90.146, 26.2706]]]}, "properties": {"OBJECTID": 115152, "gpcode": "106195", "gpname": "TUSHPARA", "stname": "ASSAM", "dtname": "Dhubri", "sdtname": "Bilasipara Pt", "stcode11": "18", "dtcode11": "301", "sdtcode11": "02009", "blklgdcode": "2558", "blkname": "MAHAMAYA", "dt_lgd": 285, "sdt_lgd": 6018, "st_lgd": 18, "vilcode11": 0, "vilname11": "", "pan_local": "MAHAMAYA", "b_pan_code": 2958, "b_pan_name": "MAHAMAYA", "d_pan_code": 248, "d_pan_name": "DHUBRI", "gp_code": "106195", "gp_name": "TUSHPARA", "st_2011": "18", "dt_2011": "301", "sdt_2011": "02009", "subdtname": "Bilasipara Pt", "block_name": "MAHAMAYA", "blk_lgdcod": "2558", "dtcode14": "301", "SHAPE_Length": 4492.3894749043575, "SHAPE_Area": 970301.8225806388}}, {"type": "Feature", "geometry": {"type": "Polygon", "coordinates": [[[90.2053, 26.2074], [90.2074, 26.204], [90.2082, 26.2032], [90.2083, 26.2033], [90.2114, 26.2001], [90.2155, 26.1963], [90.2157, 26.1962], [90.2127, 26.1925], [90.2119, 26.1897], [90.2119, 26.1896], [90.2116, 26.1889], [90.2114, 26.1888], [90.2094, 26.1882], [90.2049, 26.1882], [90.204, 26.1884], [90.2022, 26.1891], [90.2002, 26.1882], [90.1968, 26.1879], [90.1932, 26.187], [90.1915, 26.1862], [90.1898, 26.1855], [90.1897, 26.1787], [90.1897, 26.1788], [90.1889, 26.1796], [90.1869, 26.1816], [90.1868, 26.1817], [90.1862, 26.1823], [90.1819, 26.1844], [90.1778, 26.1855], [90.1741, 26.1861], [90.174, 26.1861], [90.1722, 26.1863], [90.1707, 26.1859], [90.168, 26.187], [90.1658, 26.1878], [90.1629, 26.1884], [90.1629, 26.1888], [90.1628, 26.1889], [90.1628, 26.1896], [90.1618, 26.1919], [90.1592, 26.1944], [90.1565, 26.1971], [90.1554, 26.1979], [90.1566, 26.1987], [90.1566, 26.1988], [90.1568, 26.1989], [90.1576, 26.1996], [90.1594, 26.2009], [90.1616, 26.2014], [90.1625, 26.2008], [90.1642, 26.2004], [90.165, 26.2001], [90.1666, 26.1987], [90.1698, 26.2], [90.1727, 26.2005], [90.1761, 26.2021], [90.176, 26.2023], [90.1775, 26.2028], [90.1791, 26.2043], [90.1846, 26.2071], [90.1865, 26.2071], [90.1875, 26.207], [90.1902, 26.2072], [90.1915, 26.2072], [90.1967, 26.2076], [90.2005, 26.2085], [90.201, 26.2087], [90.2042, 26.2102], [90.2053, 26.2074]]]}, "properties": {"OBJECTID": 115167, "gpcode": "106211", "gpname": "KAZAIKATA", "stname": "ASSAM", "dtname": "Dhubri", "sdtname": "Bilasipara Pt", "stcode11": "18", "dtcode11": "301", "sdtcode11": "02009", "blklgdcode": "2560", "blkname": "NAYERALGA", "dt_lgd": 285, "sdt_lgd": 6018, "st_lgd": 18, "vilcode11": 0, "vilname11": "", "pan_local": "NAYERALGA", "b_pan_code": 2960, "b_pan_name": "NAYERALGA", "d_pan_code": 248, "d_pan_name": "DHUBRI", "gp_code": "106211", "gp_name": "KAZAIKATA", "st_2011": "18", "dt_2011": "301", "sdt_2011": "02009", "subdtname": "Bilasipara Pt", "block_name": "NAYERALGA", "blk_lgdcod": "2560", "dtcode14": "301", "SHAPE_Length": 17518.693423586075, "SHAPE_Area": 13178897.989953103}}, {"type": "Feature", "geometry": {"type": "Polygon", "coordinates": [[[90.2401, 26.1798], [90.24, 26.1798], [90.2394, 26.1859], [90.2377, 26.1904], [90.2367, 26.1948], [90.2369, 26.1969], [90.2388, 26.1979], [90.2437, 26.2013], [90.2471, 26.2034], [90.2478, 26.2038], [90.2496, 26.2049], [90.251, 26.2058], [90.2531, 26.2039], [90.2539, 26.2027], [90.2564, 26.1989], [90.2592, 26.1937], [90.2603, 26.1903], [90.2604, 26.1873], [90.2578, 26.1865], [90.255, 26.1855], [90.2512, 26.1841], [90.2471, 26.1822], [90.2409, 26.1799], [90.2401, 26.1798]]]}, "properties": {"OBJECTID": 115169, "gpcode": "106212", "gpname": "KAZAIKATA SUAPATA", "stname": "ASSAM", "dtname": "Dhubri", "sdtname": "Bilasipara Pt", "stcode11": "18", "dtcode11": "301", "sdtcode11": "02009", "blklgdcode": "2560", "blkname": "NAYERALGA", "dt_lgd": 285, "sdt_lgd": 6018, "st_lgd": 18, "vilcode11": 0, "vilname11": "", "pan_local": "NAYERALGA", "b_pan_code": 2960, "b_pan_name": "NAYERALGA", "d_pan_code": 248, "d_pan_name": "DHUBRI", "gp_code": "106212", "gp_name": "KAZAIKATA SUAPATA", "st_2011": "18", "dt_2011": "301", "sdt_2011": "02009", "subdtname": "Bilasipara Pt", "block_name": "NAYERALGA", "blk_lgdcod": "2560", "dtcode14": "301", "SHAPE_Length": 9145.737697514134, "SHAPE_Area": 5336597.283621613}}, {"type": "Feature", "geometry": {"type": "Polygon", "coordinates": [[[90.2285, 26.2069], [90.2286, 26.2068], [90.2315, 26.2071], [90.2331, 26.2077], [90.2346, 26.2065], [90.236, 26.2053], [90.2368, 26.2047], [90.2379, 26.2048], [90.2364, 26.2023], [90.2338, 26.1981], [90.2332, 26.1971], [90.2333, 26.1971], [90.2313, 26.1955], [90.2289, 26.1941], [90.2275, 26.1924], [90.226, 26.1907], [90.2244, 26.1906], [90.224, 26.1907], [90.2229, 26.188], [90.2237, 26.1858], [90.224, 26.1847], [90.2245, 26.1815], [90.2212, 26.1817], [90.2172, 26.1812], [90.2164, 26.1828], [90.2136, 26.1845], [90.2127, 26.1866], [90.2114, 26.1888], [90.2116, 26.1889], [90.2119, 26.1896], [90.2119, 26.1897], [90.2127, 26.1925], [90.2157, 26.1962], [90.2155, 26.1963], [90.2114, 26.2001], [90.2083, 26.2033], [90.2082, 26.2032], [90.2074, 26.204], [90.2053, 26.2074], [90.2042, 26.2102], [90.2041, 26.2103], [90.2046, 26.2106], [90.2096, 26.2131], [90.2107, 26.215], [90.2103, 26.2175], [90.2103, 26.2177], [90.2104, 26.2177], [90.2144, 26.2181], [90.2241, 26.2191], [90.2264, 26.2198], [90.2265, 26.2194], [90.2268, 26.2169], [90.2277, 26.2134], [90.2274, 26.2116], [90.2278, 26.2108], [90.2279, 26.2106], [90.2281, 26.2078], [90.2285, 26.2069]]]}, "properties": {"OBJECTID": 115170, "gpcode": "106212", "gpname": "KAZAIKATA SUAPATA", "stname": "ASSAM", "dtname": "Dhubri", "sdtname": "Bilasipara Pt", "stcode11": "18", "dtcode11": "301", "sdtcode11": "02009", "blklgdcode": "2560", "blkname": "NAYERALGA", "dt_lgd": 285, "sdt_lgd": 6018, "st_lgd": 18, "vilcode11": 0, "vilname11": "", "pan_local": "NAYERALGA", "b_pan_code": 2960, "b_pan_name": "NAYERALGA", "d_pan_code": 248, "d_pan_name": "DHUBRI", "gp_code": "106212", "gp_name": "KAZAIKATA SUAPATA", "st_2011": "18", "dt_2011": "301", "sdt_2011": "02009", "subdtname": "Bilasipara Pt", "block_name": "NAYERALGA", "blk_lgdcod": "2560", "dtcode14": "301", "SHAPE_Length": 14904.409372252396, "SHAPE_Area": 9348978.328667292}}, {"type": "Feature", "geometry": {"type": "Polygon", "coordinates": [[[90.2232, 26.1601], [90.2267, 26.1587], [90.2269, 26.1588], [90.2317, 26.1581], [90.2358, 26.1576], [90.2377, 26.1582], [90.2395, 26.1588], [90.2416, 26.1589], [90.2436, 26.1583], [90.2468, 26.1577], [90.2453, 26.1533], [90.2444, 26.1484], [90.2444, 26.1483], [90.243, 26.1439], [90.2408, 26.1408], [90.2408, 26.1407], [90.2395, 26.1408], [90.2357, 26.1418], [90.2327, 26.1413], [90.2312, 26.1407], [90.2298, 26.1397], [90.2263, 26.14], [90.2243, 26.1398], [90.2228, 26.1391], [90.2199, 26.1378], [90.2178, 26.1339], [90.2165, 26.1327], [90.2152, 26.1321], [90.2132, 26.1322], [90.2119, 26.1323], [90.209, 26.1321], [90.2083, 26.1315], [90.2083, 26.1314], [90.2145, 26.1273], [90.2146, 26.1272], [90.2121, 26.1272], [90.2118, 26.1271], [90.2113, 26.1271], [90.2099, 26.1272], [90.2084, 26.1273], [90.2038, 26.1274], [90.2034, 26.1274], [90.1999, 26.1273], [90.1981, 26.1273], [90.1955, 26.1273], [90.1954, 26.1273], [90.1951, 26.127], [90.1939, 26.1263], [90.1917, 26.1289], [90.1913, 26.1304], [90.1929, 26.1322], [90.1921, 26.1341], [90.1895, 26.1374], [90.1883, 26.1389], [90.1898, 26.1414], [90.1896, 26.1414], [90.1897, 26.1422], [90.1897, 26.1425], [90.1869, 26.1449], [90.187, 26.146], [90.187, 26.1467], [90.187, 26.147], [90.1887, 26.1476], [90.1897, 26.1477], [90.1932, 26.1483], [90.1948, 26.1491], [90.1963, 26.1519], [90.1952, 26.1538], [90.1943, 26.1556], [90.1943, 26.1557], [90.1943, 26.1559], [90.1985, 26.156], [90.2022, 26.1557], [90.2066, 26.1554], [90.2069, 26.1555], [90.2103, 26.1562], [90.2115, 26.1565], [90.2134, 26.1569], [90.2167, 26.1583], [90.2189, 26.1598], [90.2191, 26.1598], [90.2232, 26.1601]]]}, "properties": {"OBJECTID": 115171, "gpcode": "106213", "gpname": "MAYERCHAR", "stname": "ASSAM", "dtname": "Dhubri", "sdtname": "Bilasipara Pt", "stcode11": "18", "dtcode11": "301", "sdtcode11": "02009", "blklgdcode": "2560", "blkname": "NAYERALGA", "dt_lgd": 285, "sdt_lgd": 6018, "st_lgd": 18, "vilcode11": 0, "vilname11": "", "pan_local": "NAYERALGA", "b_pan_code": 2960, "b_pan_name": "NAYERALGA", "d_pan_code": 248, "d_pan_name": "DHUBRI", "gp_code": "106213", "gp_name": "MAYERCHAR", "st_2011": "18", "dt_2011": "301", "sdt_2011": "02009", "subdtname": "Bilasipara Pt", "block_name": "NAYERALGA", "blk_lgdcod": "2560", "dtcode14": "301", "SHAPE_Length": 20615.690446087738, "SHAPE_Area": 16949234.080640078}}, {"type": "Feature", "geometry": {"type": "Polygon", "coordinates": [[[90.2049, 26.1882], [90.2094, 26.1882], [90.2114, 26.1888], [90.2127, 26.1866], [90.2136, 26.1845], [90.2164, 26.1828], [90.2172, 26.1812], [90.2212, 26.1817], [90.2245, 26.1815], [90.2273, 26.1788], [90.2301, 26.1765], [90.2318, 26.1751], [90.2338, 26.1733], [90.2355, 26.1699], [90.2356, 26.17], [90.2401, 26.1689], [90.2412, 26.169], [90.2417, 26.1691], [90.2413, 26.1724], [90.2404, 26.1758], [90.2401, 26.1798], [90.2409, 26.1799], [90.2471, 26.1822], [90.2512, 26.1841], [90.255, 26.1855], [90.2578, 26.1865], [90.2604, 26.1873], [90.2617, 26.1855], [90.2626, 26.1844], [90.2642, 26.1836], [90.2625, 26.183], [90.256, 26.1799], [90.2518, 26.1782], [90.25, 26.1772], [90.25, 26.1771], [90.2499, 26.1749], [90.2497, 26.1663], [90.2496, 26.1626], [90.2497, 26.1583], [90.2497, 26.1572], [90.2491, 26.1574], [90.2471, 26.1576], [90.2468, 26.1577], [90.2436, 26.1583], [90.2416, 26.1589], [90.2395, 26.1588], [90.2377, 26.1582], [90.2358, 26.1576], [90.2317, 26.1581], [90.2269, 26.1588], [90.2267, 26.1587], [90.2232, 26.1601], [90.2191, 26.1598], [90.2189, 26.1598], [90.2167, 26.1583], [90.2134, 26.1569], [90.2115, 26.1565], [90.2103, 26.1562], [90.2069, 26.1555], [90.2066, 26.1554], [90.2022, 26.1557], [90.1985, 26.156], [90.1943, 26.1559], [90.1939, 26.1568], [90.1925, 26.1607], [90.1912, 26.1626], [90.1918, 26.1652], [90.1911, 26.1703], [90.1914, 26.1728], [90.191, 26.1753], [90.191, 26.1754], [90.1909, 26.1759], [90.1898, 26.1786], [90.1897, 26.1787], [90.1898, 26.1855], [90.1915, 26.1862], [90.1932, 26.187], [90.1968, 26.1879], [90.2002, 26.1882], [90.2022, 26.1891], [90.204, 26.1884], [90.2049, 26.1882]]]}, "properties": {"OBJECTID": 115172, "gpcode": "106214", "gpname": "NAYERALGA", "stname": "ASSAM", "dtname": "Dhubri", "sdtname": "Bilasipara Pt", "stcode11": "18", "dtcode11": "301", "sdtcode11": "02009", "blklgdcode": "2560", "blkname": "NAYERALGA", "dt_lgd": 285, "sdt_lgd": 6018, "st_lgd": 18, "vilcode11": 0, "vilname11": "", "pan_local": "NAYERALGA", "b_pan_code": 2960, "b_pan_name": "NAYERALGA", "d_pan_code": 248, "d_pan_name": "DHUBRI", "gp_code": "106214", "gp_name": "NAYERALGA", "st_2011": "18", "dt_2011": "301", "sdt_2011": "02009", "subdtname": "Bilasipara Pt", "block_name": "NAYERALGA", "blk_lgdcod": "2560", "dtcode14": "301", "SHAPE_Length": 26016.057978121335, "SHAPE_Area": 20752310.695794888}}, {"type": "Feature", "geometry": {"type": "Polygon", "coordinates": [[[90.1922, 26.2312], [90.1928, 26.2309], [90.1929, 26.2309], [90.1944, 26.231], [90.1982, 26.2313], [90.2017, 26.2313], [90.2022, 26.2296], [90.2031, 26.2283], [90.2045, 26.2276], [90.206, 26.2287], [90.2079, 26.2311], [90.2083, 26.2339], [90.2086, 26.2303], [90.2107, 26.2281], [90.2127, 26.2256], [90.2102, 26.2254], [90.208, 26.2248], [90.2046, 26.2232], [90.203, 26.2228], [90.2023, 26.2227], [90.2021, 26.2204], [90.2035, 26.2197], [90.2048, 26.2191], [90.2062, 26.2184], [90.2067, 26.2178], [90.2064, 26.2159], [90.2033, 26.2147], [90.2016, 26.2141], [90.1998, 26.2141], [90.1977, 26.2132], [90.1987, 26.2116], [90.2005, 26.2085], [90.1967, 26.2076], [90.1915, 26.2072], [90.1902, 26.2072], [90.1875, 26.207], [90.1865, 26.2071], [90.1846, 26.2071], [90.1791, 26.2043], [90.1775, 26.2028], [90.176, 26.2023], [90.1766, 26.204], [90.1786, 26.2067], [90.1812, 26.2124], [90.1815, 26.214], [90.182, 26.2166], [90.1829, 26.2167], [90.1839, 26.2191], [90.1835, 26.219], [90.1822, 26.2189], [90.1832, 26.221], [90.1844, 26.224], [90.184, 26.225], [90.1836, 26.2258], [90.1832, 26.2262], [90.1813, 26.2281], [90.1812, 26.2281], [90.183, 26.2305], [90.1851, 26.2325], [90.1853, 26.2335], [90.1854, 26.2338], [90.1852, 26.235], [90.1878, 26.2357], [90.1881, 26.2358], [90.1892, 26.2353], [90.1892, 26.2349], [90.1894, 26.2334], [90.1909, 26.232], [90.1922, 26.2312]]]}, "properties": {"OBJECTID": 115173, "gpcode": "106215", "gpname": "SAGUNMARI", "stname": "ASSAM", "dtname": "Dhubri", "sdtname": "Bilasipara Pt", "stcode11": "18", "dtcode11": "301", "sdtcode11": "02009", "blklgdcode": "2560", "blkname": "NAYERALGA", "dt_lgd": 285, "sdt_lgd": 6018, "st_lgd": 18, "vilcode11": 0, "vilname11": "", "pan_local": "NAYERALGA", "b_pan_code": 2960, "b_pan_name": "NAYERALGA", "d_pan_code": 248, "d_pan_name": "DHUBRI", "gp_code": "106215", "gp_name": "SAGUNMARI", "st_2011": "18", "dt_2011": "301", "sdt_2011": "02009", "subdtname": "Bilasipara Pt", "block_name": "NAYERALGA", "blk_lgdcod": "2560", "dtcode14": "301", "SHAPE_Length": 16749.762994460518, "SHAPE_Area": 7691978.6964361705}}, {"type": "Feature", "geometry": {"type": "Polygon", "coordinates": [[[89.9071, 26.0937], [89.9071, 26.092], [89.9038, 26.091], [89.902, 26.09], [89.9014, 26.0884], [89.8993, 26.0863], [89.8984, 26.0855], [89.8978, 26.0849], [89.8976, 26.0849], [89.8967, 26.085], [89.8954, 26.0849], [89.8943, 26.0853], [89.8936, 26.0848], [89.8926, 26.0841], [89.8905, 26.0836], [89.888, 26.0832], [89.888, 26.0831], [89.8861, 26.0832], [89.8806, 26.0831], [89.8788, 26.0829], [89.8776, 26.0826], [89.875, 26.0819], [89.8731, 26.082], [89.8713, 26.0832], [89.8713, 26.0872], [89.8699, 26.0902], [89.8715, 26.0923], [89.8718, 26.0931], [89.8745, 26.0931], [89.8754, 26.0936], [89.8754, 26.0937], [89.8759, 26.0918], [89.8763, 26.0913], [89.8774, 26.0902], [89.8792, 26.0893], [89.8801, 26.0893], [89.8818, 26.0903], [89.8846, 26.0903], [89.8862, 26.089], [89.8885, 26.0878], [89.8899, 26.0874], [89.891, 26.0921], [89.8914, 26.0948], [89.8938, 26.0974], [89.8965, 26.1003], [89.8978, 26.1008], [89.8973, 26.1021], [89.8961, 26.1021], [89.8951, 26.1029], [89.8946, 26.1061], [89.8936, 26.1081], [89.8942, 26.111], [89.8943, 26.1111], [89.8937, 26.1117], [89.8929, 26.1139], [89.8917, 26.1161], [89.8923, 26.118], [89.8913, 26.1196], [89.8932, 26.1219], [89.8946, 26.1202], [89.8962, 26.1191], [89.8988, 26.1183], [89.8993, 26.1182], [89.8996, 26.1168], [89.8997, 26.1163], [89.9004, 26.1158], [89.9021, 26.1147], [89.9021, 26.1137], [89.9019, 26.1121], [89.9025, 26.1107], [89.9038, 26.1103], [89.9074, 26.1092], [89.9091, 26.1088], [89.9103, 26.108], [89.9116, 26.1072], [89.9107, 26.1061], [89.9103, 26.1047], [89.9103, 26.1039], [89.9102, 26.1039], [89.9096, 26.1005], [89.9087, 26.0993], [89.9086, 26.0978], [89.9078, 26.0971], [89.908, 26.0962], [89.9071, 26.0937]]]}, "properties": {"OBJECTID": 115174, "gpcode": "106216", "gpname": "BALAJAN", "stname": "ASSAM", "dtname": "Dhubri", "sdtname": "Golakganj Pt", "stcode11": "18", "dtcode11": "301", "sdtcode11": "02007", "blklgdcode": "2561", "blkname": "RUPSHI", "dt_lgd": 285, "sdt_lgd": 6015, "st_lgd": 18, "vilcode11": 0, "vilname11": "", "pan_local": "RUPSHI", "b_pan_code": 2961, "b_pan_name": "RUPSHI", "d_pan_code": 248, "d_pan_name": "DHUBRI", "gp_code": "106216", "gp_name": "BALAJAN", "st_2011": "18", "dt_2011": "301", "sdt_2011": "02007", "subdtname": "Golakganj Pt", "block_name": "RUPSHI", "blk_lgdcod": "2561", "dtcode14": "301", "SHAPE_Length": 18450.076002954127, "SHAPE_Area": 7935665.373616561}}, {"type": "Feature", "geometry": {"type": "Polygon", "coordinates": [[[89.863, 26.1299], [89.8673, 26.1296], [89.8696, 26.1226], [89.8705, 26.12], [89.871, 26.1185], [89.8717, 26.118], [89.8736, 26.1168], [89.8742, 26.1153], [89.8698, 26.1146], [89.8678, 26.1147], [89.8647, 26.114], [89.8626, 26.1143], [89.8615, 26.1149], [89.8618, 26.1177], [89.8623, 26.1205], [89.8629, 26.1239], [89.863, 26.1297], [89.863, 26.1299]]]}, "properties": {"OBJECTID": 115175, "gpcode": "106216", "gpname": "BALAJAN", "stname": "ASSAM", "dtname": "Dhubri", "sdtname": "Golakganj Pt", "stcode11": "18", "dtcode11": "301", "sdtcode11": "02007", "blklgdcode": "2561", "blkname": "RUPSHI", "dt_lgd": 285, "sdt_lgd": 6015, "st_lgd": 18, "vilcode11": 0, "vilname11": "", "pan_local": "RUPSHI", "b_pan_code": 2961, "b_pan_name": "RUPSHI", "d_pan_code": 248, "d_pan_name": "DHUBRI", "gp_code": "106216", "gp_name": "BALAJAN", "st_2011": "18", "dt_2011": "301", "sdt_2011": "02007", "subdtname": "Golakganj Pt", "block_name": "RUPSHI", "blk_lgdcod": "2561", "dtcode14": "301", "SHAPE_Length": 5782.734570021601, "SHAPE_Area": 1616185.7832821389}}, {"type": "Feature", "geometry": {"type": "Polygon", "coordinates": [[[89.8367, 26.0654], [89.8377, 26.0631], [89.8389, 26.0617], [89.8406, 26.0605], [89.842, 26.0588], [89.8419, 26.0578], [89.8386, 26.0557], [89.8352, 26.0541], [89.8325, 26.0517], [89.8314, 26.0495], [89.8339, 26.0476], [89.8369, 26.0457], [89.8366, 26.0419], [89.8364, 26.0393], [89.8362, 26.0364], [89.8378, 26.0363], [89.8389, 26.0369], [89.8394, 26.0388], [89.8401, 26.0415], [89.8411, 26.0431], [89.8419, 26.0445], [89.8448, 26.0445], [89.8461, 26.0425], [89.8477, 26.0412], [89.85, 26.041], [89.8571, 26.0428], [89.8607, 26.0437], [89.8608, 26.0437], [89.8608, 26.0436], [89.8606, 26.0432], [89.8606, 26.037], [89.8599, 26.0345], [89.8599, 26.0344], [89.8597, 26.0337], [89.8579, 26.0325], [89.8552, 26.0318], [89.8509, 26.0317], [89.8485, 26.0316], [89.8468, 26.0305], [89.8461, 26.0291], [89.8458, 26.0262], [89.8444, 26.0251], [89.8429, 26.0252], [89.8428, 26.0252], [89.8424, 26.0253], [89.8405, 26.0284], [89.8397, 26.0309], [89.8368, 26.0354], [89.8363, 26.0363], [89.8362, 26.0362], [89.8353, 26.0358], [89.8348, 26.0332], [89.8348, 26.0331], [89.8352, 26.0313], [89.8363, 26.0287], [89.8356, 26.0255], [89.8327, 26.0236], [89.8294, 26.0222], [89.8283, 26.0222], [89.827, 26.0241], [89.8256, 26.026], [89.825, 26.0256], [89.8225, 26.0207], [89.8192, 26.0201], [89.8178, 26.0209], [89.8171, 26.0222], [89.817, 26.0227], [89.817, 26.0228], [89.8169, 26.023], [89.8171, 26.0232], [89.8174, 26.0236], [89.8176, 26.0237], [89.8177, 26.0239], [89.8178, 26.024], [89.8179, 26.0242], [89.818, 26.0244], [89.8184, 26.0248], [89.8187, 26.0252], [89.8191, 26.0256], [89.8192, 26.0257], [89.8193, 26.0258], [89.8189, 26.0262], [89.8187, 26.0264], [89.8184, 26.0267], [89.8182, 26.0269], [89.8179, 26.0272], [89.8178, 26.0273], [89.8174, 26.0277], [89.8172, 26.0279], [89.8169, 26.0282], [89.8166, 26.0285], [89.8164, 26.0286], [89.8162, 26.0289], [89.8158, 26.0292], [89.8155, 26.0294], [89.8153, 26.0297], [89.815, 26.03], [89.8149, 26.0301], [89.8146, 26.0306], [89.8144, 26.0309], [89.8141, 26.0314], [89.814, 26.0316], [89.8139, 26.0318], [89.8138, 26.032], [89.8138, 26.0321], [89.8137, 26.0323], [89.8136, 26.0326], [89.8136, 26.0329], [89.8135, 26.0331], [89.8135, 26.0335], [89.8134, 26.0338], [89.8134, 26.0341], [89.8134, 26.0342], [89.8133, 26.0346], [89.8133, 26.0349], [89.8132, 26.0351], [89.8132, 26.0355], [89.8131, 26.0359], [89.8131, 26.0361], [89.813, 26.036], [89.8129, 26.0361], [89.8129, 26.0362], [89.8129, 26.0365], [89.8129, 26.0366], [89.8129, 26.0368], [89.8128, 26.0369], [89.8128, 26.0372], [89.8127, 26.0376], [89.8126, 26.0379], [89.8125, 26.0383], [89.8124, 26.0387], [89.8122, 26.0391], [89.8121, 26.0393], [89.812, 26.0395], [89.8119, 26.0397], [89.8117, 26.0402], [89.8116, 26.0405], [89.8114, 26.0408], [89.811, 26.0413], [89.8108, 26.0416], [89.8105, 26.0419], [89.8102, 26.0422], [89.8099, 26.0425], [89.8097, 26.0426], [89.8096, 26.0427], [89.8095, 26.0428], [89.8094, 26.0429], [89.8091, 26.0431], [89.8089, 26.0432], [89.8088, 26.0433], [89.8086, 26.0434], [89.8082, 26.0436], [89.8074, 26.044], [89.8069, 26.0442], [89.8065, 26.0443], [89.8061, 26.0444], [89.8058, 26.0445], [89.8056, 26.0445], [89.8055, 26.0443], [89.8054, 26.044], [89.8052, 26.0438], [89.8051, 26.0435], [89.805, 26.0434], [89.805, 26.0432], [89.8048, 26.0427], [89.8047, 26.0423], [89.8046, 26.0419], [89.8045, 26.0417], [89.8045, 26.0416], [89.8046, 26.0414], [89.8046, 26.0413], [89.8046, 26.0412], [89.8046, 26.041], [89.8046, 26.0409], [89.8046, 26.0407], [89.8046, 26.0406], [89.8046, 26.0405], [89.8046, 26.0403], [89.8046, 26.0402], [89.8046, 26.04], [89.8045, 26.0399], [89.8044, 26.0397], [89.8043, 26.0396], [89.8042, 26.0396], [89.8041, 26.0396], [89.804, 26.0395], [89.8037, 26.0395], [89.8037, 26.0392], [89.8037, 26.0388], [89.8036, 26.0384], [89.8035, 26.0378], [89.8033, 26.0371], [89.8033, 26.0366], [89.8031, 26.036], [89.8031, 26.0358], [89.803, 26.0353], [89.803, 26.035], [89.8029, 26.0347], [89.8028, 26.0344], [89.8027, 26.034], [89.8027, 26.0336], [89.8027, 26.0335], [89.8026, 26.0332], [89.8025, 26.0327], [89.8023, 26.0323], [89.8022, 26.032], [89.802, 26.0317], [89.8019, 26.0314], [89.8017, 26.0313], [89.8016, 26.031], [89.8013, 26.0307], [89.8012, 26.0306], [89.8011, 26.0304], [89.801, 26.0303], [89.8009, 26.0301], [89.8007, 26.0298], [89.8007, 26.0296], [89.8006, 26.0295], [89.8005, 26.0293], [89.8004, 26.029], [89.8003, 26.0288], [89.8002, 26.0286], [89.8001, 26.0284], [89.8, 26.0283], [89.7999, 26.0281], [89.7997, 26.0278], [89.7997, 26.0276], [89.7995, 26.0273], [89.7993, 26.027], [89.7992, 26.0267], [89.799, 26.0263], [89.7989, 26.0262], [89.7988, 26.0261], [89.7986, 26.0258], [89.7984, 26.0255], [89.7983, 26.0253], [89.798, 26.025], [89.7978, 26.0247], [89.7977, 26.0245], [89.7976, 26.0244], [89.7975, 26.0243], [89.7974, 26.0242], [89.7972, 26.024], [89.797, 26.0238], [89.7968, 26.0236], [89.7967, 26.0234], [89.7965, 26.0233], [89.7964, 26.0231], [89.7962, 26.023], [89.7961, 26.023], [89.796, 26.0229], [89.7959, 26.0229], [89.7957, 26.0229], [89.7956, 26.0229], [89.7955, 26.0229], [89.7954, 26.0229], [89.7953, 26.0229], [89.7952, 26.023], [89.7951, 26.0231], [89.795, 26.0232], [89.7942, 26.0223], [89.7946, 26.022], [89.7947, 26.022], [89.7948, 26.022], [89.7954, 26.0218], [89.7951, 26.0217], [89.7949, 26.0216], [89.7947, 26.0215], [89.7948, 26.0213], [89.7945, 26.0211], [89.7944, 26.0209], [89.7943, 26.0209], [89.7943, 26.0208], [89.7942, 26.0205], [89.7939, 26.0201], [89.7933, 26.0196], [89.7931, 26.0194], [89.7928, 26.0191], [89.7924, 26.0187], [89.7918, 26.0183], [89.7916, 26.0182], [89.7915, 26.0181], [89.7914, 26.0181], [89.7913, 26.018], [89.7911, 26.018], [89.7909, 26.0179], [89.7906, 26.0178], [89.7903, 26.0178], [89.7902, 26.0178], [89.7901, 26.0178], [89.79, 26.0178], [89.7898, 26.0179], [89.7894, 26.0181], [89.7892, 26.0182], [89.7889, 26.0184], [89.7888, 26.0184], [89.7885, 26.0187], [89.788, 26.0192], [89.7879, 26.0194], [89.7877, 26.0196], [89.7876, 26.0199], [89.7875, 26.0201], [89.7875, 26.0204], [89.7875, 26.0205], [89.7875, 26.0208], [89.7877, 26.0213], [89.7878, 26.0214], [89.7879, 26.0213], [89.788, 26.0212], [89.7882, 26.0211], [89.7887, 26.0207], [89.7886, 26.0211], [89.7889, 26.021], [89.7892, 26.021], [89.7893, 26.021], [89.7897, 26.021], [89.7901, 26.0209], [89.7906, 26.0209], [89.7911, 26.0209], [89.7916, 26.0209], [89.7921, 26.0211], [89.7923, 26.0212], [89.7925, 26.0214], [89.793, 26.0217], [89.7932, 26.022], [89.7935, 26.0222], [89.7937, 26.0224], [89.7939, 26.0226], [89.794, 26.0227], [89.7938, 26.0231], [89.7937, 26.0237], [89.7936, 26.024], [89.7935, 26.0242], [89.7934, 26.0245], [89.7934, 26.0248], [89.7934, 26.025], [89.7933, 26.0254], [89.7933, 26.0258], [89.7933, 26.026], [89.7933, 26.0264], [89.7934, 26.0269], [89.7934, 26.0271], [89.7935, 26.0276], [89.7937, 26.0281], [89.7941, 26.0282], [89.7945, 26.0283], [89.7949, 26.0283], [89.795, 26.0284], [89.7951, 26.0284], [89.7952, 26.0285], [89.7952, 26.0286], [89.7953, 26.0286], [89.7954, 26.0288], [89.7955, 26.0289], [89.7958, 26.0291], [89.7961, 26.0291], [89.7962, 26.0292], [89.7963, 26.0292], [89.7964, 26.0292], [89.7964, 26.0293], [89.7965, 26.0294], [89.7968, 26.0296], [89.7969, 26.0297], [89.7971, 26.0299], [89.7972, 26.03], [89.7974, 26.0303], [89.7975, 26.0304], [89.7977, 26.0306], [89.7978, 26.0307], [89.7979, 26.0309], [89.7977, 26.0309], [89.7975, 26.031], [89.7978, 26.0315], [89.798, 26.0317], [89.7982, 26.032], [89.7983, 26.0323], [89.7985, 26.0325], [89.7987, 26.0329], [89.7987, 26.033], [89.7986, 26.0331], [89.7985, 26.0331], [89.7986, 26.0333], [89.7986, 26.0335], [89.7987, 26.0337], [89.7987, 26.0339], [89.7988, 26.0341], [89.7988, 26.0343], [89.799, 26.0346], [89.7991, 26.0349], [89.7993, 26.0352], [89.7995, 26.0355], [89.7998, 26.0359], [89.7999, 26.036], [89.8001, 26.0362], [89.8001, 26.0363], [89.8001, 26.0364], [89.8002, 26.0365], [89.8006, 26.0367], [89.8009, 26.0369], [89.8011, 26.0369], [89.8013, 26.0371], [89.8015, 26.0372], [89.8016, 26.0374], [89.8018, 26.0376], [89.8019, 26.0377], [89.802, 26.0378], [89.8021, 26.0379], [89.8022, 26.038], [89.8023, 26.0382], [89.8023, 26.0385], [89.8021, 26.0386], [89.802, 26.0386], [89.802, 26.0387], [89.8019, 26.0389], [89.8019, 26.039], [89.8018, 26.0393], [89.8016, 26.0395], [89.8016, 26.0396], [89.8016, 26.0397], [89.8017, 26.0399], [89.8018, 26.0402], [89.8018, 26.0403], [89.8014, 26.0405], [89.8009, 26.0407], [89.8006, 26.0409], [89.8001, 26.0412], [89.7997, 26.0414], [89.7995, 26.0414], [89.7993, 26.0415], [89.7988, 26.0416], [89.7983, 26.0418], [89.798, 26.0418], [89.7977, 26.0419], [89.7974, 26.042], [89.797, 26.0421], [89.7969, 26.0421], [89.7968, 26.0421], [89.7965, 26.0422], [89.7961, 26.0423], [89.7958, 26.0423], [89.7954, 26.0424], [89.795, 26.0425], [89.7948, 26.0425], [89.7947, 26.0425], [89.7945, 26.0425], [89.7944, 26.0425], [89.794, 26.0424], [89.7936, 26.0423], [89.7935, 26.0423], [89.7932, 26.042], [89.7929, 26.0417], [89.7927, 26.0414], [89.7926, 26.0412], [89.7924, 26.041], [89.7924, 26.0408], [89.7923, 26.0406], [89.7923, 26.0403], [89.7924, 26.0399], [89.7924, 26.0397], [89.7924, 26.0396], [89.7924, 26.0393], [89.7926, 26.0388], [89.7927, 26.0383], [89.7928, 26.0379], [89.7928, 26.0377], [89.7929, 26.0374], [89.793, 26.037], [89.7931, 26.0367], [89.7931, 26.0364], [89.7931, 26.0362], [89.793, 26.0359], [89.793, 26.0358], [89.7929, 26.0357], [89.7926, 26.0357], [89.7925, 26.0355], [89.7924, 26.0352], [89.7923, 26.0351], [89.7922, 26.0349], [89.792, 26.0348], [89.7919, 26.0347], [89.7918, 26.0346], [89.7915, 26.0345], [89.7911, 26.0344], [89.7908, 26.0343], [89.7906, 26.0343], [89.7904, 26.0343], [89.7901, 26.0343], [89.7898, 26.0344], [89.7897, 26.0345], [89.7895, 26.0346], [89.7894, 26.0348], [89.7892, 26.0349], [89.789, 26.035], [89.7889, 26.035], [89.7888, 26.035], [89.7887, 26.0351], [89.7886, 26.0351], [89.7885, 26.0351], [89.7883, 26.035], [89.7882, 26.0351], [89.7881, 26.0352], [89.788, 26.0354], [89.788, 26.0355], [89.7879, 26.0357], [89.7878, 26.0359], [89.7877, 26.036], [89.7876, 26.0363], [89.7876, 26.0365], [89.7876, 26.0367], [89.7876, 26.0368], [89.7876, 26.037], [89.7877, 26.0373], [89.7877, 26.0374], [89.7878, 26.0376], [89.7879, 26.0377], [89.7881, 26.0379], [89.7882, 26.038], [89.7883, 26.0382], [89.7885, 26.0383], [89.7885, 26.0384], [89.7886, 26.0385], [89.7886, 26.0386], [89.7888, 26.0388], [89.7889, 26.039], [89.7891, 26.0392], [89.7892, 26.0392], [89.7893, 26.0394], [89.7894, 26.0396], [89.7895, 26.0396], [89.7894, 26.0397], [89.7894, 26.0398], [89.7891, 26.0399], [89.7888, 26.04], [89.7885, 26.0402], [89.7884, 26.0402], [89.7883, 26.0402], [89.7881, 26.0403], [89.788, 26.0403], [89.7876, 26.0404], [89.7874, 26.0404], [89.7873, 26.0404], [89.7872, 26.0404], [89.7868, 26.0405], [89.7866, 26.0405], [89.7863, 26.0406], [89.7861, 26.0406], [89.7859, 26.0406], [89.7854, 26.0407], [89.7853, 26.0407], [89.7851, 26.0407], [89.7849, 26.0408], [89.7848, 26.0408], [89.7844, 26.0408], [89.784, 26.0408], [89.7838, 26.0408], [89.7836, 26.0408], [89.7832, 26.0408], [89.7832, 26.0407], [89.7828, 26.0406], [89.7827, 26.0406], [89.7822, 26.0405], [89.782, 26.0405], [89.7815, 26.0405], [89.7808, 26.0405], [89.7807, 26.0405], [89.7805, 26.0405], [89.7801, 26.0405], [89.7799, 26.0404], [89.7797, 26.04], [89.7797, 26.0399], [89.7796, 26.0395], [89.7795, 26.0393], [89.7794, 26.0389], [89.7793, 26.0388], [89.7792, 26.0386], [89.7792, 26.0385], [89.779, 26.0382], [89.7789, 26.0378], [89.7788, 26.0376], [89.7787, 26.0375], [89.7784, 26.0371], [89.7782, 26.0368], [89.778, 26.0365], [89.7779, 26.0362], [89.7777, 26.0361], [89.7775, 26.0359], [89.7774, 26.0358], [89.7774, 26.0357], [89.7773, 26.0357], [89.7771, 26.0354], [89.777, 26.0353], [89.7769, 26.0351], [89.7767, 26.035], [89.7766, 26.0349], [89.7763, 26.0352], [89.7761, 26.0354], [89.7759, 26.0355], [89.7759, 26.0356], [89.7757, 26.0357], [89.7756, 26.0358], [89.7755, 26.036], [89.7754, 26.0361], [89.7752, 26.0363], [89.7748, 26.0366], [89.7747, 26.0367], [89.7744, 26.037], [89.7742, 26.0372], [89.7741, 26.0374], [89.7739, 26.0375], [89.7738, 26.0376], [89.7737, 26.0376], [89.7738, 26.0379], [89.7738, 26.038], [89.7739, 26.0383], [89.7739, 26.0385], [89.774, 26.0388], [89.7741, 26.0389], [89.7741, 26.039], [89.7742, 26.0391], [89.7743, 26.0393], [89.7744, 26.0394], [89.7745, 26.0396], [89.7746, 26.0398], [89.7747, 26.04], [89.775, 26.0402], [89.7752, 26.0404], [89.7754, 26.0406], [89.7756, 26.0408], [89.7758, 26.041], [89.776, 26.0412], [89.7761, 26.0413], [89.7763, 26.0415], [89.7765, 26.0417], [89.777, 26.0422], [89.7771, 26.0423], [89.7775, 26.0427], [89.7775, 26.0428], [89.7776, 26.0428], [89.7778, 26.043], [89.778, 26.0433], [89.7782, 26.0435], [89.7785, 26.0437], [89.7786, 26.0438], [89.7787, 26.0439], [89.779, 26.0442], [89.7792, 26.0444], [89.7794, 26.0445], [89.7797, 26.0446], [89.7799, 26.0447], [89.78, 26.0449], [89.7803, 26.045], [89.7805, 26.045], [89.7806, 26.045], [89.7808, 26.045], [89.781, 26.045], [89.7813, 26.045], [89.7814, 26.045], [89.7817, 26.045], [89.7819, 26.045], [89.7821, 26.045], [89.7822, 26.045], [89.7823, 26.045], [89.7826, 26.0451], [89.7827, 26.0451], [89.7828, 26.0452], [89.7829, 26.0452], [89.7831, 26.0454], [89.7832, 26.0455], [89.7833, 26.0456], [89.7834, 26.0456], [89.7836, 26.0459], [89.7837, 26.046], [89.7838, 26.0462], [89.7838, 26.0463], [89.7839, 26.0464], [89.784, 26.0466], [89.7841, 26.0467], [89.7843, 26.0468], [89.7844, 26.0469], [89.7845, 26.0469], [89.7845, 26.047], [89.7846, 26.047], [89.7847, 26.047], [89.7846, 26.0472], [89.7846, 26.0474], [89.7846, 26.0475], [89.7846, 26.0476], [89.7847, 26.0476], [89.7849, 26.0476], [89.7853, 26.0475], [89.7857, 26.0475], [89.786, 26.0475], [89.7863, 26.0475], [89.7865, 26.0476], [89.7868, 26.0476], [89.787, 26.0477], [89.7874, 26.0479], [89.7878, 26.048], [89.7879, 26.0481], [89.7881, 26.0482], [89.7883, 26.0483], [89.7885, 26.0484], [89.7886, 26.0485], [89.7887, 26.0487], [89.7888, 26.0489], [89.7888, 26.049], [89.7889, 26.0492], [89.7889, 26.0493], [89.7888, 26.0495], [89.7888, 26.0496], [89.7886, 26.0498], [89.7885, 26.05], [89.7883, 26.0502], [89.7882, 26.0503], [89.788, 26.0504], [89.7879, 26.0505], [89.7878, 26.0506], [89.7877, 26.0507], [89.7873, 26.0509], [89.7871, 26.0511], [89.7869, 26.0512], [89.7866, 26.0513], [89.7864, 26.0513], [89.7862, 26.0513], [89.7858, 26.0514], [89.7855, 26.0514], [89.7854, 26.0514], [89.7849, 26.0514], [89.7848, 26.0514], [89.7848, 26.0515], [89.7848, 26.0516], [89.7848, 26.0518], [89.7848, 26.0519], [89.7847, 26.052], [89.7847, 26.0522], [89.7847, 26.0524], [89.7846, 26.0526], [89.7847, 26.0526], [89.7849, 26.0526], [89.7849, 26.0528], [89.7848, 26.0529], [89.7848, 26.0531], [89.7847, 26.0534], [89.7847, 26.0537], [89.7847, 26.0538], [89.7847, 26.0539], [89.7845, 26.0538], [89.7843, 26.0538], [89.7843, 26.054], [89.7843, 26.0542], [89.7844, 26.0542], [89.7845, 26.0542], [89.7847, 26.0542], [89.7848, 26.0543], [89.7849, 26.0543], [89.7848, 26.0543], [89.7848, 26.0545], [89.7848, 26.0546], [89.7848, 26.0548], [89.7848, 26.055], [89.7848, 26.0552], [89.7847, 26.0554], [89.7847, 26.0555], [89.7847, 26.0557], [89.7847, 26.0558], [89.7847, 26.0559], [89.7848, 26.0559], [89.785, 26.0559], [89.7851, 26.0559], [89.7852, 26.0559], [89.7852, 26.056], [89.7852, 26.0561], [89.7852, 26.0563], [89.7853, 26.0565], [89.7853, 26.0566], [89.7853, 26.0568], [89.7853, 26.0569], [89.7854, 26.0569], [89.7856, 26.0569], [89.7858, 26.0568], [89.7858, 26.0569], [89.7858, 26.057], [89.7858, 26.0571], [89.7859, 26.0571], [89.7862, 26.0571], [89.7864, 26.0571], [89.7866, 26.0571], [89.7866, 26.057], [89.7866, 26.0569], [89.7867, 26.0569], [89.7868, 26.0569], [89.7869, 26.0569], [89.787, 26.057], [89.7871, 26.057], [89.7873, 26.057], [89.7875, 26.057], [89.7877, 26.057], [89.7878, 26.057], [89.788, 26.057], [89.7881, 26.057], [89.7881, 26.0569], [89.7881, 26.0568], [89.7882, 26.0567], [89.7882, 26.0568], [89.7883, 26.0568], [89.7885, 26.0568], [89.7886, 26.0569], [89.7888, 26.0569], [89.7891, 26.057], [89.7892, 26.057], [89.7893, 26.057], [89.7894, 26.0571], [89.7897, 26.0572], [89.7898, 26.0572], [89.7899, 26.0572], [89.7901, 26.0573], [89.7904, 26.0573], [89.7904, 26.0574], [89.7906, 26.0574], [89.7907, 26.0574], [89.7907, 26.0573], [89.7908, 26.0574], [89.7909, 26.0574], [89.7911, 26.0574], [89.7912, 26.0573], [89.7913, 26.0573], [89.7915, 26.0573], [89.7916, 26.0573], [89.7917, 26.0573], [89.7918, 26.0573], [89.7919, 26.0574], [89.792, 26.0574], [89.7922, 26.0574], [89.7923, 26.0575], [89.7924, 26.0575], [89.7925, 26.0575], [89.7926, 26.0575], [89.7927, 26.0575], [89.7928, 26.0575], [89.7929, 26.0576], [89.793, 26.0576], [89.7932, 26.0576], [89.7934, 26.0577], [89.7935, 26.0577], [89.7936, 26.0577], [89.7938, 26.0577], [89.7939, 26.0578], [89.794, 26.0578], [89.7941, 26.0578], [89.7942, 26.0578], [89.7943, 26.0578], [89.7944, 26.0578], [89.7945, 26.0578], [89.7946, 26.0579], [89.7948, 26.0579], [89.7951, 26.058], [89.7952, 26.058], [89.7953, 26.058], [89.7955, 26.0581], [89.7956, 26.0581], [89.7958, 26.0581], [89.7959, 26.0582], [89.7959, 26.0583], [89.7959, 26.0584], [89.7959, 26.0585], [89.7958, 26.0586], [89.7959, 26.0586], [89.796, 26.0587], [89.796, 26.0588], [89.796, 26.059], [89.796, 26.0592], [89.796, 26.0593], [89.796, 26.0594], [89.796, 26.0596], [89.796, 26.0597], [89.7961, 26.0597], [89.7962, 26.0597], [89.7963, 26.0597], [89.7964, 26.0597], [89.7966, 26.0597], [89.7968, 26.0597], [89.7969, 26.0596], [89.7971, 26.0596], [89.7972, 26.0596], [89.7974, 26.0595], [89.7976, 26.0595], [89.7977, 26.0595], [89.7977, 26.0594], [89.7978, 26.0594], [89.7978, 26.0593], [89.7979, 26.0593], [89.798, 26.0593], [89.798, 26.0592], [89.7979, 26.059], [89.798, 26.059], [89.7981, 26.0589], [89.7982, 26.0589], [89.7983, 26.059], [89.7984, 26.0591], [89.7985, 26.0592], [89.7986, 26.0594], [89.7987, 26.0595], [89.7988, 26.0596], [89.7988, 26.0598], [89.7988, 26.06], [89.7988, 26.0601], [89.7988, 26.0602], [89.7988, 26.0604], [89.7988, 26.0607], [89.7987, 26.0608], [89.7986, 26.0608], [89.7985, 26.0609], [89.7985, 26.0611], [89.7985, 26.0612], [89.7984, 26.0613], [89.7984, 26.0614], [89.7984, 26.0615], [89.8025, 26.0618], [89.803, 26.0619], [89.8043, 26.0602], [89.8051, 26.0586], [89.8049, 26.0568], [89.8042, 26.0555], [89.8037, 26.0534], [89.8037, 26.0523], [89.8039, 26.0522], [89.8046, 26.0498], [89.8049, 26.0486], [89.8096, 26.0481], [89.8115, 26.0473], [89.8121, 26.0465], [89.8122, 26.0446], [89.8129, 26.0428], [89.8134, 26.0424], [89.8144, 26.041], [89.8164, 26.0402], [89.8179, 26.0392], [89.8213, 26.0387], [89.8236, 26.04], [89.8236, 26.0401], [89.8246, 26.042], [89.8253, 26.0459], [89.8272, 26.0486], [89.8297, 26.0496], [89.8303, 26.05], [89.8291, 26.0516], [89.8274, 26.0538], [89.8262, 26.0564], [89.8249, 26.0582], [89.8232, 26.0592], [89.8223, 26.0609], [89.8212, 26.0613], [89.8181, 26.0615], [89.8173, 26.0618], [89.8172, 26.0618], [89.8177, 26.0632], [89.8178, 26.0632], [89.8208, 26.0645], [89.8252, 26.0644], [89.8311, 26.0646], [89.8345, 26.0656], [89.835, 26.0658], [89.8362, 26.0664], [89.8363, 26.0664], [89.8367, 26.0654]]]}, "properties": {"OBJECTID": 115176, "gpcode": "106217", "gpname": "BERBHANGI", "stname": "ASSAM", "dtname": "Dhubri", "sdtname": "Golakganj Pt", "stcode11": "18", "dtcode11": "301", "sdtcode11": "02007", "blklgdcode": "2561", "blkname": "RUPSHI", "dt_lgd": 285, "sdt_lgd": 6015, "st_lgd": 18, "vilcode11": 0, "vilname11": "", "pan_local": "GOURIPUR", "b_pan_code": 2955, "b_pan_name": "GAURIPUR", "d_pan_code": 248, "d_pan_name": "DHUBRI", "gp_code": "106217", "gp_name": "BERBHANGI", "st_2011": "18", "dt_2011": "301", "sdt_2011": "02007", "subdtname": "Golakganj Pt", "block_name": "RUPSHI", "blk_lgdcod": "2561", "dtcode14": "301", "SHAPE_Length": 52817.71723632498, "SHAPE_Area": 20142399.8871535}}, {"type": "Feature", "geometry": {"type": "Polygon", "coordinates": [[[89.958, 26.1201], [89.9613, 26.1182], [89.9643, 26.1168], [89.9678, 26.1161], [89.9682, 26.1155], [89.9694, 26.1155], [89.9702, 26.1156], [89.971, 26.1159], [89.9714, 26.1164], [89.9728, 26.1159], [89.9742, 26.1156], [89.9752, 26.1148], [89.9763, 26.1138], [89.9767, 26.113], [89.9767, 26.1123], [89.9765, 26.1109], [89.9784, 26.1128], [89.9804, 26.1145], [89.9807, 26.1148], [89.982, 26.1157], [89.9833, 26.1162], [89.9835, 26.1162], [89.9845, 26.1168], [89.9852, 26.1166], [89.9865, 26.1164], [89.9883, 26.1168], [89.9877, 26.1159], [89.9867, 26.1148], [89.9854, 26.1126], [89.9847, 26.1109], [89.9846, 26.1099], [89.9845, 26.1097], [89.9842, 26.1081], [89.9834, 26.1067], [89.9827, 26.1051], [89.9827, 26.1024], [89.9824, 26.1013], [89.9821, 26.1], [89.9813, 26.0997], [89.9802, 26.0995], [89.9787, 26.0987], [89.9784, 26.0979], [89.9778, 26.0965], [89.9771, 26.0952], [89.9752, 26.095], [89.9731, 26.0958], [89.9718, 26.0976], [89.9718, 26.0978], [89.9707, 26.0975], [89.9691, 26.0971], [89.9671, 26.0966], [89.9662, 26.0962], [89.9661, 26.0961], [89.9647, 26.0944], [89.962, 26.0922], [89.9595, 26.0927], [89.9566, 26.0941], [89.9562, 26.094], [89.9556, 26.0953], [89.955, 26.0967], [89.9543, 26.0988], [89.9539, 26.1007], [89.9541, 26.1026], [89.9544, 26.1041], [89.9536, 26.104], [89.9521, 26.1028], [89.9504, 26.1019], [89.9493, 26.1016], [89.9483, 26.1019], [89.9476, 26.103], [89.9474, 26.104], [89.9476, 26.1047], [89.9479, 26.1055], [89.949, 26.1061], [89.9494, 26.1068], [89.9495, 26.1081], [89.9493, 26.1087], [89.9475, 26.1098], [89.9456, 26.1104], [89.9444, 26.1111], [89.9444, 26.1113], [89.9428, 26.1112], [89.9417, 26.1105], [89.94, 26.1092], [89.9376, 26.1074], [89.9346, 26.1059], [89.9361, 26.1079], [89.9377, 26.1096], [89.9391, 26.1122], [89.9397, 26.1145], [89.9396, 26.1148], [89.9396, 26.1149], [89.9393, 26.1162], [89.9389, 26.118], [89.9403, 26.1193], [89.9417, 26.1196], [89.9441, 26.119], [89.9445, 26.1196], [89.9445, 26.1197], [89.9448, 26.1202], [89.9454, 26.1241], [89.9454, 26.126], [89.9452, 26.1261], [89.9454, 26.1261], [89.9526, 26.1262], [89.9528, 26.1262], [89.9544, 26.1241], [89.9549, 26.1232], [89.9549, 26.1227], [89.958, 26.1201]]]}, "properties": {"OBJECTID": 115177, "gpcode": "106218", "gpname": "CHAPGARH", "stname": "ASSAM", "dtname": "Dhubri", "sdtname": "Dhubri", "stcode11": "18", "dtcode11": "301", "sdtcode11": "02008", "blklgdcode": "2561", "blkname": "RUPSHI", "dt_lgd": 285, "sdt_lgd": 6014, "st_lgd": 18, "vilcode11": 0, "vilname11": "", "pan_local": "RUPSHI", "b_pan_code": 2961, "b_pan_name": "RUPSHI", "d_pan_code": 248, "d_pan_name": "DHUBRI", "gp_code": "106218", "gp_name": "CHAPGARH", "st_2011": "18", "dt_2011": "301", "sdt_2011": "02008", "subdtname": "Dhubri", "block_name": "RUPSHI", "blk_lgdcod": "2561", "dtcode14": "301", "SHAPE_Length": 20270.896792375745, "SHAPE_Area": 12004959.710840872}}, {"type": "Feature", "geometry": {"type": "Polygon", "coordinates": [[[89.8699, 26.0902], [89.8713, 26.0872], [89.8713, 26.0832], [89.8731, 26.082], [89.875, 26.0819], [89.8776, 26.0826], [89.8788, 26.0829], [89.8806, 26.0831], [89.8861, 26.0832], [89.888, 26.0831], [89.8885, 26.0812], [89.8884, 26.0795], [89.8875, 26.0777], [89.8875, 26.0764], [89.8875, 26.0751], [89.8874, 26.0724], [89.8868, 26.0717], [89.8868, 26.07], [89.8864, 26.0691], [89.8865, 26.0671], [89.8863, 26.0658], [89.8848, 26.0655], [89.8825, 26.0659], [89.8781, 26.0682], [89.8748, 26.0706], [89.8729, 26.0711], [89.8718, 26.0714], [89.8695, 26.072], [89.8687, 26.0694], [89.8679, 26.0669], [89.8662, 26.0656], [89.8632, 26.0644], [89.8616, 26.0626], [89.8603, 26.0616], [89.859, 26.0614], [89.8552, 26.0653], [89.8551, 26.0655], [89.8536, 26.0687], [89.8529, 26.069], [89.8513, 26.0685], [89.8501, 26.0672], [89.8486, 26.0668], [89.847, 26.067], [89.8468, 26.067], [89.8473, 26.0688], [89.8473, 26.0689], [89.8481, 26.0704], [89.8476, 26.072], [89.8466, 26.0749], [89.8471, 26.0762], [89.8492, 26.0782], [89.8515, 26.081], [89.8526, 26.0832], [89.8526, 26.0835], [89.8529, 26.0855], [89.8539, 26.0889], [89.8548, 26.0901], [89.8561, 26.0901], [89.8569, 26.0901], [89.8588, 26.0894], [89.8593, 26.0892], [89.8603, 26.0888], [89.8609, 26.0891], [89.8634, 26.0924], [89.8651, 26.0937], [89.8662, 26.094], [89.8664, 26.0941], [89.8681, 26.0946], [89.8688, 26.0948], [89.871, 26.0936], [89.8718, 26.0931], [89.8715, 26.0923], [89.8699, 26.0902]]]}, "properties": {"OBJECTID": 115178, "gpcode": "106219", "gpname": "DHEPDHEPI", "stname": "ASSAM", "dtname": "Dhubri", "sdtname": "Golakganj Pt", "stcode11": "18", "dtcode11": "301", "sdtcode11": "02007", "blklgdcode": "2561", "blkname": "RUPSHI", "dt_lgd": 285, "sdt_lgd": 6015, "st_lgd": 18, "vilcode11": 0, "vilname11": "", "pan_local": "RUPSHI", "b_pan_code": 2961, "b_pan_name": "RUPSHI", "d_pan_code": 248, "d_pan_name": "DHUBRI", "gp_code": "106219", "gp_name": "DHEPDHEPI", "st_2011": "18", "dt_2011": "301", "sdt_2011": "02007", "subdtname": "Golakganj Pt", "block_name": "RUPSHI", "blk_lgdcod": "2561", "dtcode14": "301", "SHAPE_Length": 16869.88799381928, "SHAPE_Area": 10737222.920479663}}, {"type": "Feature", "geometry": {"type": "Polygon", "coordinates": [[[89.8389, 26.0369], [89.8378, 26.0363], [89.8362, 26.0364], [89.8364, 26.0393], [89.8366, 26.0419], [89.8369, 26.0457], [89.8339, 26.0476], [89.8314, 26.0495], [89.8325, 26.0517], [89.8352, 26.0541], [89.8386, 26.0557], [89.8419, 26.0578], [89.8443, 26.0557], [89.8449, 26.0556], [89.8439, 26.0504], [89.8445, 26.0475], [89.8448, 26.0445], [89.8419, 26.0445], [89.8411, 26.0431], [89.8401, 26.0415], [89.8394, 26.0388], [89.8389, 26.0369]]]}, "properties": {"OBJECTID": 115179, "gpcode": "106220", "gpname": "DUMARDAHA", "stname": "ASSAM", "dtname": "Dhubri", "sdtname": "Golakganj Pt", "stcode11": "18", "dtcode11": "301", "sdtcode11": "02007", "blklgdcode": "2555", "blkname": "GAURIPUR", "dt_lgd": 285, "sdt_lgd": 6015, "st_lgd": 18, "vilcode11": 0, "vilname11": "", "pan_local": "GOURIPUR", "b_pan_code": 2955, "b_pan_name": "GAURIPUR", "d_pan_code": 248, "d_pan_name": "DHUBRI", "gp_code": "106220", "gp_name": "DUMARDAHA", "st_2011": "18", "dt_2011": "301", "sdt_2011": "02007", "subdtname": "Golakganj Pt", "block_name": "GAURIPUR", "blk_lgdcod": "2555", "dtcode14": "301", "SHAPE_Length": 7007.810635722062, "SHAPE_Area": 2038007.0918595863}}, {"type": "Feature", "geometry": {"type": "Polygon", "coordinates": [[[89.9277, 26.105], [89.9264, 26.1022], [89.9297, 26.1011], [89.9298, 26.101], [89.9298, 26.1009], [89.9306, 26.0989], [89.931, 26.0965], [89.93, 26.0952], [89.9295, 26.0946], [89.9277, 26.0935], [89.9262, 26.0923], [89.9256, 26.0907], [89.9263, 26.089], [89.9268, 26.0876], [89.9268, 26.0874], [89.9269, 26.0873], [89.9274, 26.0862], [89.9276, 26.0852], [89.928, 26.0842], [89.9287, 26.0833], [89.9289, 26.0821], [89.9291, 26.0818], [89.9291, 26.0804], [89.9291, 26.0803], [89.9285, 26.0782], [89.9286, 26.0775], [89.9286, 26.0774], [89.9287, 26.077], [89.9288, 26.0767], [89.9297, 26.0745], [89.9293, 26.0736], [89.9288, 26.0719], [89.9286, 26.0704], [89.9277, 26.0688], [89.9271, 26.0674], [89.9256, 26.0661], [89.9242, 26.0645], [89.924, 26.0644], [89.9239, 26.0643], [89.9228, 26.0637], [89.9227, 26.0637], [89.9221, 26.0633], [89.92, 26.062], [89.9188, 26.0609], [89.9172, 26.0598], [89.9157, 26.059], [89.9143, 26.0588], [89.9142, 26.0588], [89.9135, 26.0586], [89.9122, 26.0585], [89.911, 26.0584], [89.9084, 26.0589], [89.907, 26.0591], [89.9069, 26.0591], [89.9069, 26.0592], [89.9069, 26.0593], [89.9058, 26.0626], [89.9055, 26.0631], [89.9038, 26.0661], [89.9018, 26.0669], [89.901, 26.0668], [89.8981, 26.0663], [89.8955, 26.0653], [89.8923, 26.0653], [89.8889, 26.0653], [89.8863, 26.0658], [89.8865, 26.0671], [89.8864, 26.0691], [89.8868, 26.07], [89.8868, 26.0717], [89.8874, 26.0724], [89.8875, 26.0751], [89.8875, 26.0764], [89.8875, 26.0777], [89.8884, 26.0795], [89.8885, 26.0812], [89.888, 26.0831], [89.888, 26.0832], [89.8905, 26.0836], [89.8926, 26.0841], [89.8936, 26.0848], [89.8943, 26.0853], [89.8954, 26.0849], [89.8967, 26.085], [89.8976, 26.0849], [89.8978, 26.0849], [89.8984, 26.0855], [89.8993, 26.0863], [89.9014, 26.0884], [89.902, 26.09], [89.9038, 26.091], [89.9071, 26.092], [89.9071, 26.0937], [89.908, 26.0962], [89.9078, 26.0971], [89.9086, 26.0978], [89.9087, 26.0993], [89.9096, 26.1005], [89.9102, 26.1039], [89.912, 26.1031], [89.9141, 26.1035], [89.9162, 26.1039], [89.9219, 26.1063], [89.9255, 26.1073], [89.9271, 26.1063], [89.9277, 26.105]]]}, "properties": {"OBJECTID": 115180, "gpcode": "106220", "gpname": "DUMARDAHA", "stname": "ASSAM", "dtname": "Dhubri", "sdtname": "Golakganj Pt", "stcode11": "18", "dtcode11": "301", "sdtcode11": "02007", "blklgdcode": "2561", "blkname": "RUPSHI", "dt_lgd": 285, "sdt_lgd": 6015, "st_lgd": 18, "vilcode11": 0, "vilname11": "", "pan_local": "RUPSHI", "b_pan_code": 2961, "b_pan_name": "RUPSHI", "d_pan_code": 248, "d_pan_name": "DHUBRI", "gp_code": "106220", "gp_name": "DUMARDAHA", "st_2011": "18", "dt_2011": "301", "sdt_2011": "02007", "subdtname": "Golakganj Pt", "block_name": "RUPSHI", "blk_lgdcod": "2561", "dtcode14": "301", "SHAPE_Length": 19561.010830400515, "SHAPE_Area": 18299090.87793312}}, {"type": "Feature", "geometry": {"type": "Polygon", "coordinates": [[[89.8564, 26.1025], [89.8595, 26.1016], [89.8609, 26.1025], [89.8629, 26.1022], [89.8644, 26.1016], [89.8665, 26.1013], [89.8672, 26.1017], [89.8679, 26.1024], [89.8684, 26.1027], [89.8708, 26.103], [89.8724, 26.1025], [89.8723, 26.1013], [89.8716, 26.0996], [89.8723, 26.0983], [89.8736, 26.0985], [89.8744, 26.0981], [89.8748, 26.097], [89.8747, 26.097], [89.8751, 26.0951], [89.8754, 26.0936], [89.8745, 26.0931], [89.8718, 26.0931], [89.871, 26.0936], [89.8688, 26.0948], [89.8681, 26.0946], [89.8664, 26.0941], [89.8662, 26.094], [89.8651, 26.0937], [89.8634, 26.0924], [89.8609, 26.0891], [89.8603, 26.0888], [89.8593, 26.0892], [89.8588, 26.0894], [89.8569, 26.0901], [89.8561, 26.0901], [89.8548, 26.0901], [89.8539, 26.0889], [89.8529, 26.0855], [89.8526, 26.0835], [89.8526, 26.0832], [89.8515, 26.081], [89.8492, 26.0782], [89.8471, 26.0762], [89.8466, 26.0749], [89.8476, 26.072], [89.8481, 26.0704], [89.8473, 26.0689], [89.8473, 26.0688], [89.8468, 26.067], [89.8468, 26.0669], [89.845, 26.0656], [89.8449, 26.0638], [89.8429, 26.0626], [89.8425, 26.0599], [89.842, 26.0588], [89.8406, 26.0605], [89.8389, 26.0617], [89.8377, 26.0631], [89.8367, 26.0654], [89.8363, 26.0664], [89.8362, 26.0664], [89.8363, 26.0664], [89.8342, 26.0671], [89.8336, 26.0681], [89.8323, 26.0688], [89.8319, 26.0707], [89.8292, 26.0719], [89.8266, 26.0743], [89.8266, 26.0764], [89.8264, 26.0833], [89.8256, 26.0851], [89.8258, 26.0855], [89.8259, 26.0855], [89.8335, 26.0866], [89.8367, 26.0865], [89.8371, 26.0886], [89.8375, 26.0901], [89.8377, 26.0911], [89.8375, 26.092], [89.8369, 26.0929], [89.8356, 26.0931], [89.8352, 26.0937], [89.8352, 26.0949], [89.8346, 26.0957], [89.8338, 26.0976], [89.8342, 26.0978], [89.8366, 26.0976], [89.8425, 26.0973], [89.8474, 26.0991], [89.8509, 26.0995], [89.8509, 26.0997], [89.8499, 26.1018], [89.8507, 26.1037], [89.8512, 26.1048], [89.8533, 26.1039], [89.8564, 26.1025]]]}, "properties": {"OBJECTID": 115181, "gpcode": "106221", "gpname": "GAIKHOWA", "stname": "ASSAM", "dtname": "Dhubri", "sdtname": "Golakganj Pt", "stcode11": "18", "dtcode11": "301", "sdtcode11": "02007", "blklgdcode": "2561", "blkname": "RUPSHI", "dt_lgd": 285, "sdt_lgd": 6015, "st_lgd": 18, "vilcode11": 0, "vilname11": "", "pan_local": "RUPSHI", "b_pan_code": 2961, "b_pan_name": "RUPSHI", "d_pan_code": 248, "d_pan_name": "DHUBRI", "gp_code": "106221", "gp_name": "GAIKHOWA", "st_2011": "18", "dt_2011": "301", "sdt_2011": "02007", "subdtname": "Golakganj Pt", "block_name": "RUPSHI", "blk_lgdcod": "2561", "dtcode14": "301", "SHAPE_Length": 20658.898662778694, "SHAPE_Area": 12243855.088644579}}, {"type": "Feature", "geometry": {"type": "Polygon", "coordinates": [[[89.9746, 26.0666], [89.9701, 26.063], [89.969, 26.0632], [89.9685, 26.0646], [89.968, 26.0661], [89.9685, 26.0673], [89.9687, 26.0687], [89.9689, 26.0697], [89.9689, 26.0705], [89.969, 26.072], [89.9682, 26.0728], [89.9674, 26.0732], [89.9671, 26.0734], [89.9666, 26.0736], [89.9649, 26.0738], [89.9635, 26.0742], [89.9614, 26.0751], [89.9591, 26.076], [89.9575, 26.0769], [89.9581, 26.0775], [89.9584, 26.0783], [89.9591, 26.0792], [89.9595, 26.0801], [89.9598, 26.0812], [89.9604, 26.0822], [89.9608, 26.0829], [89.9609, 26.0837], [89.9614, 26.0847], [89.9614, 26.0846], [89.9619, 26.0841], [89.9624, 26.084], [89.9645, 26.084], [89.9667, 26.0839], [89.969, 26.0838], [89.9698, 26.0807], [89.9711, 26.078], [89.9728, 26.075], [89.9746, 26.0717], [89.9762, 26.0691], [89.9767, 26.0683], [89.9746, 26.0666]]]}, "properties": {"OBJECTID": 115182, "gpcode": "106222", "gpname": "MADHUSOULMARI", "stname": "ASSAM", "dtname": "Dhubri", "sdtname": "Dhubri", "stcode11": "18", "dtcode11": "301", "sdtcode11": "02008", "blklgdcode": "2555", "blkname": "GAURIPUR", "dt_lgd": 285, "sdt_lgd": 6014, "st_lgd": 18, "vilcode11": 0, "vilname11": "", "pan_local": "GOURIPUR", "b_pan_code": 2955, "b_pan_name": "GAURIPUR", "d_pan_code": 248, "d_pan_name": "DHUBRI", "gp_code": "106222", "gp_name": "MADHUSOULMARI", "st_2011": "18", "dt_2011": "301", "sdt_2011": "02008", "subdtname": "Dhubri", "block_name": "GAURIPUR", "blk_lgdcod": "2555", "dtcode14": "301", "SHAPE_Length": 7740.107350102908, "SHAPE_Area": 2390091.793010423}}, {"type": "Feature", "geometry": {"type": "Polygon", "coordinates": [[[89.9483, 26.1019], [89.9493, 26.1016], [89.9504, 26.1019], [89.9521, 26.1028], [89.9536, 26.104], [89.9544, 26.1041], [89.9541, 26.1026], [89.9539, 26.1007], [89.9543, 26.0988], [89.955, 26.0967], [89.9556, 26.0953], [89.9562, 26.094], [89.955, 26.0933], [89.9543, 26.093], [89.953, 26.0934], [89.9521, 26.0938], [89.9518, 26.0927], [89.9512, 26.0924], [89.9509, 26.0922], [89.9503, 26.0919], [89.9498, 26.0915], [89.9497, 26.0927], [89.9483, 26.0927], [89.9466, 26.0928], [89.9452, 26.0926], [89.944, 26.0928], [89.9417, 26.0929], [89.9396, 26.0936], [89.9373, 26.0937], [89.9346, 26.0938], [89.9321, 26.0943], [89.93, 26.0952], [89.931, 26.0965], [89.9306, 26.0989], [89.9298, 26.1009], [89.9298, 26.101], [89.93, 26.1039], [89.9328, 26.1046], [89.9342, 26.1053], [89.9345, 26.1057], [89.9346, 26.1059], [89.9376, 26.1074], [89.94, 26.1092], [89.9417, 26.1105], [89.9428, 26.1112], [89.9444, 26.1113], [89.9444, 26.1111], [89.9456, 26.1104], [89.9475, 26.1098], [89.9493, 26.1087], [89.9495, 26.1081], [89.9494, 26.1068], [89.949, 26.1061], [89.9479, 26.1055], [89.9476, 26.1047], [89.9474, 26.104], [89.9476, 26.103], [89.9483, 26.1019]]]}, "properties": {"OBJECTID": 115183, "gpcode": "106222", "gpname": "MADHUSOULMARI", "stname": "ASSAM", "dtname": "Dhubri", "sdtname": "Dhubri", "stcode11": "18", "dtcode11": "301", "sdtcode11": "02008", "blklgdcode": "2561", "blkname": "RUPSHI", "dt_lgd": 285, "sdt_lgd": 6014, "st_lgd": 18, "vilcode11": 0, "vilname11": "", "pan_local": "RUPSHI", "b_pan_code": 2961, "b_pan_name": "RUPSHI", "d_pan_code": 248, "d_pan_name": "DHUBRI", "gp_code": "106222", "gp_name": "MADHUSOULMARI", "st_2011": "18", "dt_2011": "301", "sdt_2011": "02008", "subdtname": "Dhubri", "block_name": "RUPSHI", "blk_lgdcod": "2561", "dtcode14": "301", "SHAPE_Length": 10011.264189500367, "SHAPE_Area": 4527717.075465043}}, {"type": "Feature", "geometry": {"type": "Polygon", "coordinates": [[[89.8923, 26.118], [89.8917, 26.1161], [89.8929, 26.1139], [89.8937, 26.1117], [89.8943, 26.1111], [89.8942, 26.111], [89.8936, 26.1081], [89.8946, 26.1061], [89.8951, 26.1029], [89.8961, 26.1021], [89.8973, 26.1021], [89.8978, 26.1008], [89.8965, 26.1003], [89.8938, 26.0974], [89.8914, 26.0948], [89.891, 26.0921], [89.8899, 26.0874], [89.8885, 26.0878], [89.8862, 26.089], [89.8846, 26.0903], [89.8818, 26.0903], [89.8801, 26.0893], [89.8792, 26.0893], [89.8774, 26.0902], [89.8763, 26.0913], [89.8759, 26.0918], [89.8754, 26.0937], [89.8754, 26.0936], [89.8751, 26.0951], [89.8747, 26.097], [89.8748, 26.097], [89.8762, 26.097], [89.8779, 26.0964], [89.8783, 26.0962], [89.8783, 26.0977], [89.8778, 26.0998], [89.8776, 26.1004], [89.88, 26.1008], [89.8815, 26.103], [89.8823, 26.1042], [89.8827, 26.1049], [89.8836, 26.105], [89.8854, 26.1072], [89.8867, 26.1116], [89.8872, 26.1129], [89.8857, 26.1133], [89.8837, 26.1145], [89.8831, 26.1155], [89.8833, 26.1175], [89.8833, 26.1176], [89.8845, 26.1176], [89.887, 26.1171], [89.8878, 26.1173], [89.889, 26.1176], [89.8912, 26.1194], [89.8913, 26.1196], [89.8923, 26.118]]]}, "properties": {"OBJECTID": 115184, "gpcode": "106223", "gpname": "MOTERJHAR", "stname": "ASSAM", "dtname": "Dhubri", "sdtname": "Golakganj Pt", "stcode11": "18", "dtcode11": "301", "sdtcode11": "02007", "blklgdcode": "2561", "blkname": "RUPSHI", "dt_lgd": 285, "sdt_lgd": 6015, "st_lgd": 18, "vilcode11": 0, "vilname11": "", "pan_local": "RUPSHI", "b_pan_code": 2961, "b_pan_name": "RUPSHI", "d_pan_code": 248, "d_pan_name": "DHUBRI", "gp_code": "106223", "gp_name": "MOTERJHAR", "st_2011": "18", "dt_2011": "301", "sdt_2011": "02007", "subdtname": "Golakganj Pt", "block_name": "RUPSHI", "blk_lgdcod": "2561", "dtcode14": "301", "SHAPE_Length": 11961.27903705757, "SHAPE_Area": 4845053.851025541}}, {"type": "Feature", "geometry": {"type": "Polygon", "coordinates": [[[89.8786, 26.1385], [89.8758, 26.1339], [89.8757, 26.134], [89.8764, 26.1322], [89.8777, 26.1287], [89.8789, 26.1258], [89.8787, 26.1196], [89.8814, 26.1175], [89.8808, 26.1171], [89.8805, 26.117], [89.8798, 26.1165], [89.8775, 26.1159], [89.8772, 26.1158], [89.8742, 26.1153], [89.8736, 26.1168], [89.8717, 26.118], [89.871, 26.1185], [89.8705, 26.12], [89.8696, 26.1226], [89.8673, 26.1296], [89.8684, 26.1301], [89.8707, 26.1347], [89.8719, 26.137], [89.8721, 26.1375], [89.8722, 26.1374], [89.8718, 26.1391], [89.8734, 26.1401], [89.874, 26.1413], [89.874, 26.1425], [89.8724, 26.144], [89.8719, 26.1455], [89.8723, 26.1452], [89.8745, 26.1439], [89.8759, 26.1436], [89.8772, 26.1434], [89.8788, 26.143], [89.8803, 26.1408], [89.8807, 26.1396], [89.8786, 26.1385]]]}, "properties": {"OBJECTID": 115185, "gpcode": "106223", "gpname": "MOTERJHAR", "stname": "ASSAM", "dtname": "Dhubri", "sdtname": "Golakganj Pt", "stcode11": "18", "dtcode11": "301", "sdtcode11": "02007", "blklgdcode": "2561", "blkname": "RUPSHI", "dt_lgd": 285, "sdt_lgd": 6015, "st_lgd": 18, "vilcode11": 0, "vilname11": "", "pan_local": "RUPSHI", "b_pan_code": 2961, "b_pan_name": "RUPSHI", "d_pan_code": 248, "d_pan_name": "DHUBRI", "gp_code": "106223", "gp_name": "MOTERJHAR", "st_2011": "18", "dt_2011": "301", "sdt_2011": "02007", "subdtname": "Golakganj Pt", "block_name": "RUPSHI", "blk_lgdcod": "2561", "dtcode14": "301", "SHAPE_Length": 9682.446504834252, "SHAPE_Area": 3007480.9862585613}}, {"type": "Feature", "geometry": {"type": "Polygon", "coordinates": [[[89.8709, 26.1464], [89.8719, 26.1456], [89.8682, 26.1457], [89.8668, 26.1446], [89.8659, 26.1446], [89.8636, 26.1448], [89.8634, 26.1424], [89.8639, 26.1406], [89.864, 26.1369], [89.864, 26.1367], [89.8639, 26.1367], [89.8629, 26.1344], [89.863, 26.1299], [89.863, 26.1297], [89.8629, 26.1239], [89.8623, 26.1205], [89.8618, 26.1177], [89.8615, 26.1149], [89.8597, 26.1146], [89.8591, 26.1142], [89.8591, 26.1135], [89.8596, 26.1126], [89.8614, 26.1106], [89.8625, 26.1093], [89.8635, 26.1069], [89.8659, 26.1048], [89.8668, 26.104], [89.8679, 26.1024], [89.8672, 26.1017], [89.8665, 26.1013], [89.8644, 26.1016], [89.8629, 26.1022], [89.8609, 26.1025], [89.8595, 26.1016], [89.8564, 26.1025], [89.8533, 26.1039], [89.8512, 26.1048], [89.8502, 26.1058], [89.8508, 26.1091], [89.8516, 26.1107], [89.854, 26.1152], [89.8541, 26.1155], [89.8564, 26.1199], [89.8564, 26.1203], [89.8568, 26.1237], [89.8568, 26.1243], [89.8566, 26.1314], [89.8547, 26.1318], [89.8537, 26.1304], [89.8522, 26.1299], [89.8523, 26.1279], [89.8524, 26.1259], [89.8515, 26.1232], [89.8507, 26.1228], [89.849, 26.1232], [89.8473, 26.1235], [89.845, 26.1241], [89.845, 26.1237], [89.8443, 26.1234], [89.8433, 26.1228], [89.8375, 26.1223], [89.8321, 26.1257], [89.8305, 26.1266], [89.83, 26.1271], [89.8312, 26.1279], [89.8317, 26.129], [89.8317, 26.1314], [89.8316, 26.1314], [89.832, 26.1328], [89.832, 26.1326], [89.8321, 26.1325], [89.8332, 26.1317], [89.8344, 26.1308], [89.8359, 26.1315], [89.8367, 26.1345], [89.8371, 26.136], [89.8383, 26.1364], [89.8444, 26.1361], [89.8488, 26.1364], [89.8491, 26.1364], [89.8493, 26.1365], [89.8515, 26.1371], [89.8529, 26.1385], [89.8537, 26.1402], [89.8544, 26.1406], [89.8547, 26.1406], [89.8569, 26.1405], [89.8583, 26.142], [89.8597, 26.1436], [89.8616, 26.146], [89.8624, 26.1478], [89.8639, 26.1491], [89.8641, 26.1493], [89.8642, 26.1493], [89.8643, 26.151], [89.8644, 26.1523], [89.8646, 26.1535], [89.8648, 26.1546], [89.866, 26.1551], [89.8669, 26.153], [89.8682, 26.1519], [89.8686, 26.1498], [89.8689, 26.149], [89.8701, 26.1471], [89.8709, 26.1464]]]}, "properties": {"OBJECTID": 115186, "gpcode": "106223", "gpname": "MOTERJHAR", "stname": "ASSAM", "dtname": "Dhubri", "sdtname": "Golakganj Pt", "stcode11": "18", "dtcode11": "301", "sdtcode11": "02007", "blklgdcode": "2556", "blkname": "GOLAKGANJ", "dt_lgd": 285, "sdt_lgd": 6015, "st_lgd": 18, "vilcode11": 0, "vilname11": "", "pan_local": "GOLOKGANJ", "b_pan_code": 2956, "b_pan_name": "GOLAKGANJ", "d_pan_code": 248, "d_pan_name": "DHUBRI", "gp_code": "106223", "gp_name": "MOTERJHAR", "st_2011": "18", "dt_2011": "301", "sdt_2011": "02007", "subdtname": "Golakganj Pt", "block_name": "GOLAKGANJ", "blk_lgdcod": "2556", "dtcode14": "301", "SHAPE_Length": 24471.766932541716, "SHAPE_Area": 9185128.293439163}}, {"type": "Feature", "geometry": {"type": "Polygon", "coordinates": [[[89.824, 26.0901], [89.8258, 26.0855], [89.8256, 26.0851], [89.8264, 26.0833], [89.8266, 26.0764], [89.8266, 26.0743], [89.8292, 26.0719], [89.8319, 26.0707], [89.8323, 26.0688], [89.8336, 26.0681], [89.8342, 26.0671], [89.8363, 26.0664], [89.8362, 26.0664], [89.835, 26.0658], [89.8345, 26.0656], [89.8311, 26.0646], [89.8252, 26.0644], [89.8208, 26.0645], [89.8178, 26.0632], [89.8177, 26.0632], [89.8172, 26.0618], [89.8173, 26.0618], [89.8181, 26.0615], [89.8212, 26.0613], [89.8223, 26.0609], [89.8232, 26.0592], [89.8249, 26.0582], [89.8262, 26.0564], [89.8274, 26.0538], [89.8291, 26.0516], [89.8303, 26.05], [89.8297, 26.0496], [89.8272, 26.0486], [89.8253, 26.0459], [89.8246, 26.042], [89.8236, 26.0401], [89.8236, 26.04], [89.8213, 26.0387], [89.8179, 26.0392], [89.8164, 26.0402], [89.8144, 26.041], [89.8134, 26.0424], [89.8129, 26.0428], [89.8122, 26.0446], [89.8121, 26.0465], [89.8115, 26.0473], [89.8096, 26.0481], [89.8049, 26.0486], [89.8046, 26.0498], [89.8039, 26.0522], [89.8037, 26.0523], [89.8037, 26.0534], [89.8042, 26.0555], [89.8049, 26.0568], [89.8051, 26.0586], [89.8043, 26.0602], [89.803, 26.0619], [89.8025, 26.0618], [89.7984, 26.0615], [89.7984, 26.0616], [89.7983, 26.0617], [89.7983, 26.0619], [89.7982, 26.0619], [89.7982, 26.062], [89.7982, 26.0621], [89.7981, 26.0621], [89.798, 26.0622], [89.798, 26.0623], [89.798, 26.0624], [89.798, 26.0625], [89.798, 26.0626], [89.7979, 26.0627], [89.7978, 26.0626], [89.7977, 26.0626], [89.7975, 26.0625], [89.7974, 26.0625], [89.7974, 26.0626], [89.7974, 26.0627], [89.7973, 26.0628], [89.7973, 26.063], [89.7973, 26.0631], [89.7973, 26.0632], [89.7974, 26.0633], [89.7975, 26.0633], [89.7976, 26.0633], [89.7979, 26.0632], [89.798, 26.0632], [89.7981, 26.0634], [89.7982, 26.0634], [89.7983, 26.0635], [89.7984, 26.0636], [89.7985, 26.0637], [89.7986, 26.0639], [89.7987, 26.0639], [89.7987, 26.064], [89.7987, 26.0641], [89.7987, 26.0642], [89.7986, 26.0645], [89.7986, 26.0646], [89.7986, 26.0648], [89.7986, 26.0649], [89.7985, 26.0651], [89.7984, 26.0651], [89.7981, 26.0651], [89.798, 26.065], [89.7979, 26.0648], [89.7978, 26.0646], [89.7977, 26.0646], [89.7977, 26.0644], [89.7975, 26.0644], [89.7974, 26.0644], [89.7973, 26.0644], [89.7971, 26.0643], [89.797, 26.0643], [89.7969, 26.0643], [89.7968, 26.0643], [89.7966, 26.0643], [89.7965, 26.0643], [89.7962, 26.0644], [89.796, 26.0645], [89.7959, 26.0645], [89.7956, 26.0646], [89.7956, 26.0647], [89.7956, 26.0648], [89.7957, 26.065], [89.7957, 26.0651], [89.7957, 26.0652], [89.7957, 26.0653], [89.7958, 26.0653], [89.7958, 26.0654], [89.7959, 26.0655], [89.796, 26.0655], [89.7961, 26.0658], [89.7963, 26.0658], [89.7966, 26.0658], [89.7969, 26.0658], [89.7971, 26.0658], [89.7972, 26.0658], [89.7972, 26.0657], [89.7973, 26.0657], [89.7975, 26.0657], [89.7979, 26.0657], [89.7981, 26.0657], [89.7981, 26.0658], [89.798, 26.066], [89.7979, 26.0661], [89.7978, 26.0663], [89.7977, 26.0664], [89.7977, 26.0665], [89.7976, 26.0668], [89.7975, 26.067], [89.7974, 26.0673], [89.7974, 26.0675], [89.7973, 26.0676], [89.7973, 26.0678], [89.7973, 26.068], [89.7972, 26.0682], [89.7972, 26.0683], [89.7973, 26.0684], [89.7972, 26.0688], [89.7972, 26.0689], [89.7971, 26.0692], [89.7971, 26.0695], [89.797, 26.0696], [89.7969, 26.0699], [89.7969, 26.07], [89.7968, 26.0703], [89.7967, 26.0707], [89.7967, 26.0708], [89.7966, 26.0709], [89.7964, 26.071], [89.7963, 26.0711], [89.796, 26.0713], [89.7958, 26.0715], [89.7957, 26.0717], [89.7955, 26.0718], [89.7954, 26.0719], [89.7953, 26.0721], [89.7952, 26.0722], [89.7951, 26.0725], [89.795, 26.0727], [89.795, 26.0729], [89.7949, 26.073], [89.7949, 26.0732], [89.795, 26.0734], [89.795, 26.0735], [89.7951, 26.0735], [89.7951, 26.0736], [89.7952, 26.0737], [89.7953, 26.0737], [89.7954, 26.0738], [89.7955, 26.0739], [89.7957, 26.0741], [89.7958, 26.0742], [89.7959, 26.0743], [89.7959, 26.0744], [89.796, 26.0745], [89.796, 26.0746], [89.796, 26.0747], [89.7961, 26.075], [89.7961, 26.0752], [89.7961, 26.0753], [89.7962, 26.0754], [89.7962, 26.0755], [89.7962, 26.0756], [89.7963, 26.0758], [89.7964, 26.0759], [89.7964, 26.0761], [89.7966, 26.0762], [89.7966, 26.0763], [89.7966, 26.0764], [89.7964, 26.0764], [89.7963, 26.0765], [89.7962, 26.0765], [89.7961, 26.0765], [89.796, 26.0764], [89.7959, 26.0764], [89.7957, 26.0763], [89.7956, 26.0766], [89.7955, 26.0768], [89.7954, 26.0768], [89.795, 26.0768], [89.795, 26.0769], [89.7949, 26.0769], [89.7948, 26.077], [89.7947, 26.077], [89.7943, 26.0768], [89.7938, 26.0767], [89.7938, 26.0766], [89.7938, 26.0765], [89.7938, 26.0763], [89.7937, 26.0763], [89.7934, 26.0761], [89.7933, 26.0761], [89.7932, 26.0759], [89.7929, 26.0758], [89.7927, 26.0757], [89.7924, 26.0756], [89.7922, 26.0754], [89.7918, 26.0752], [89.7914, 26.075], [89.7913, 26.075], [89.7912, 26.075], [89.7908, 26.0752], [89.7906, 26.0752], [89.7905, 26.0753], [89.7901, 26.0754], [89.7902, 26.0755], [89.7903, 26.0758], [89.7904, 26.0759], [89.7904, 26.0761], [89.7905, 26.0762], [89.7905, 26.0763], [89.7905, 26.0764], [89.7906, 26.0767], [89.7906, 26.0768], [89.7907, 26.077], [89.7907, 26.0771], [89.7907, 26.0772], [89.7907, 26.0773], [89.7908, 26.0774], [89.7908, 26.0775], [89.7909, 26.0777], [89.7909, 26.0779], [89.791, 26.078], [89.7911, 26.0782], [89.7912, 26.0784], [89.7913, 26.0785], [89.7914, 26.0787], [89.7915, 26.0789], [89.7918, 26.0792], [89.7919, 26.0794], [89.7922, 26.0797], [89.7925, 26.08], [89.7926, 26.0802], [89.7931, 26.0806], [89.7933, 26.0808], [89.7934, 26.081], [89.7937, 26.0812], [89.7941, 26.0817], [89.7942, 26.0818], [89.7944, 26.0821], [89.7946, 26.0824], [89.7947, 26.0826], [89.7948, 26.0828], [89.7948, 26.0829], [89.7949, 26.083], [89.798, 26.0811], [89.8014, 26.0811], [89.8032, 26.0808], [89.8029, 26.0797], [89.8023, 26.0768], [89.8044, 26.0774], [89.8062, 26.0793], [89.8082, 26.0801], [89.8099, 26.0797], [89.8113, 26.0799], [89.8116, 26.0806], [89.8125, 26.0828], [89.8124, 26.0828], [89.8132, 26.0899], [89.8133, 26.0902], [89.8141, 26.091], [89.8142, 26.091], [89.8142, 26.0909], [89.8155, 26.0901], [89.817, 26.0891], [89.8189, 26.0891], [89.8201, 26.1004], [89.8212, 26.0971], [89.8213, 26.0971], [89.824, 26.0901]]]}, "properties": {"OBJECTID": 115187, "gpcode": "106224", "gpname": "NALIA", "stname": "ASSAM", "dtname": "Dhubri", "sdtname": "Golakganj Pt", "stcode11": "18", "dtcode11": "301", "sdtcode11": "02007", "blklgdcode": "2561", "blkname": "RUPSHI", "dt_lgd": 285, "sdt_lgd": 6015, "st_lgd": 18, "vilcode11": 0, "vilname11": "", "pan_local": "RUPSHI", "b_pan_code": 2961, "b_pan_name": "RUPSHI", "d_pan_code": 248, "d_pan_name": "DHUBRI", "gp_code": "106224", "gp_name": "NALIA", "st_2011": "18", "dt_2011": "301", "sdt_2011": "02007", "subdtname": "Golakganj Pt", "block_name": "RUPSHI", "blk_lgdcod": "2561", "dtcode14": "301", "SHAPE_Length": 27140.698008264117, "SHAPE_Area": 15988233.483423982}}, {"type": "Feature", "geometry": {"type": "Polygon", "coordinates": [[[89.9404, 26.1285], [89.9404, 26.1284], [89.9405, 26.1284], [89.9452, 26.1261], [89.9454, 26.126], [89.9454, 26.1241], [89.9448, 26.1202], [89.9445, 26.1197], [89.9445, 26.1196], [89.9441, 26.119], [89.9417, 26.1196], [89.9403, 26.1193], [89.9389, 26.118], [89.9393, 26.1162], [89.9396, 26.1149], [89.9396, 26.1148], [89.9397, 26.1145], [89.9391, 26.1122], [89.9377, 26.1096], [89.9361, 26.1079], [89.9346, 26.1059], [89.9345, 26.1057], [89.9342, 26.1053], [89.9328, 26.1046], [89.93, 26.1039], [89.9298, 26.101], [89.9297, 26.1011], [89.9264, 26.1022], [89.9277, 26.105], [89.9271, 26.1063], [89.9255, 26.1073], [89.9219, 26.1063], [89.9162, 26.1039], [89.9141, 26.1035], [89.912, 26.1031], [89.9102, 26.1039], [89.9103, 26.1039], [89.9103, 26.1047], [89.9107, 26.1061], [89.9116, 26.1072], [89.9145, 26.1102], [89.9157, 26.1128], [89.9166, 26.113], [89.9196, 26.1135], [89.9225, 26.1144], [89.9241, 26.1148], [89.9278, 26.1149], [89.9296, 26.1152], [89.931, 26.1152], [89.9321, 26.1156], [89.9336, 26.1162], [89.9346, 26.1165], [89.9356, 26.1169], [89.9366, 26.1181], [89.9382, 26.12], [89.9383, 26.1204], [89.9395, 26.1233], [89.9396, 26.1239], [89.9402, 26.1256], [89.9408, 26.127], [89.9404, 26.1285]]]}, "properties": {"OBJECTID": 115188, "gpcode": "106225", "gpname": "RUPSHI", "stname": "ASSAM", "dtname": "Dhubri", "sdtname": "Golakganj Pt", "stcode11": "18", "dtcode11": "301", "sdtcode11": "02007", "blklgdcode": "2561", "blkname": "RUPSHI", "dt_lgd": 285, "sdt_lgd": 6015, "st_lgd": 18, "vilcode11": 0, "vilname11": "", "pan_local": "RUPSHI", "b_pan_code": 2961, "b_pan_name": "RUPSHI", "d_pan_code": 248, "d_pan_name": "DHUBRI", "gp_code": "106225", "gp_name": "RUPSHI", "st_2011": "18", "dt_2011": "301", "sdt_2011": "02007", "subdtname": "Golakganj Pt", "block_name": "RUPSHI", "blk_lgdcod": "2561", "dtcode14": "301", "SHAPE_Length": 12994.967869782853, "SHAPE_Area": 4162109.181841236}}, {"type": "Feature", "geometry": {"type": "Polygon", "coordinates": [[[89.9163, 26.1188], [89.9163, 26.1177], [89.9163, 26.1171], [89.9162, 26.1164], [89.9156, 26.1155], [89.9148, 26.1146], [89.9141, 26.114], [89.9129, 26.1138], [89.9117, 26.1133], [89.9104, 26.1136], [89.9073, 26.1154], [89.9066, 26.116], [89.9048, 26.1177], [89.903, 26.1186], [89.9014, 26.1187], [89.901, 26.1181], [89.901, 26.118], [89.8993, 26.1182], [89.8988, 26.1183], [89.8962, 26.1191], [89.8946, 26.1202], [89.8932, 26.1219], [89.8962, 26.1248], [89.8965, 26.1253], [89.9006, 26.1311], [89.9024, 26.1328], [89.9029, 26.1331], [89.9038, 26.1336], [89.9051, 26.1337], [89.9064, 26.1334], [89.9086, 26.1325], [89.9088, 26.1322], [89.9095, 26.1313], [89.9107, 26.1283], [89.912, 26.1263], [89.9126, 26.1257], [89.9135, 26.1244], [89.9148, 26.1222], [89.9152, 26.1213], [89.9155, 26.1204], [89.9156, 26.1201], [89.9158, 26.1198], [89.9163, 26.1188]]]}, "properties": {"OBJECTID": 115189, "gpcode": "106225", "gpname": "RUPSHI", "stname": "ASSAM", "dtname": "Dhubri", "sdtname": "Golakganj Pt", "stcode11": "18", "dtcode11": "301", "sdtcode11": "02007", "blklgdcode": "2561", "blkname": "RUPSHI", "dt_lgd": 285, "sdt_lgd": 6015, "st_lgd": 18, "vilcode11": 0, "vilname11": "", "pan_local": "RUPSHI", "b_pan_code": 2961, "b_pan_name": "RUPSHI", "d_pan_code": 248, "d_pan_name": "DHUBRI", "gp_code": "106225", "gp_name": "RUPSHI", "st_2011": "18", "dt_2011": "301", "sdt_2011": "02007", "subdtname": "Golakganj Pt", "block_name": "RUPSHI", "blk_lgdcod": "2561", "dtcode14": "301", "SHAPE_Length": 7825.1073490643475, "SHAPE_Area": 3685143.639251789}}, {"type": "Feature", "geometry": {"type": "Polygon", "coordinates": [[[89.9089, 26.1125], [89.9109, 26.1122], [89.9133, 26.1123], [89.9157, 26.1128], [89.9145, 26.1102], [89.9116, 26.1072], [89.9103, 26.108], [89.9091, 26.1088], [89.9074, 26.1092], [89.9038, 26.1103], [89.9025, 26.1107], [89.9019, 26.1121], [89.9021, 26.1137], [89.9021, 26.1147], [89.9004, 26.1158], [89.8997, 26.1163], [89.8996, 26.1168], [89.8993, 26.1182], [89.901, 26.118], [89.9009, 26.1173], [89.9018, 26.1162], [89.9042, 26.115], [89.9058, 26.1141], [89.9089, 26.1125]]]}, "properties": {"OBJECTID": 115190, "gpcode": "106226", "gpname": "SAHEBGANJ", "stname": "ASSAM", "dtname": "Dhubri", "sdtname": "Golakganj Pt", "stcode11": "18", "dtcode11": "301", "sdtcode11": "02007", "blklgdcode": "2561", "blkname": "RUPSHI", "dt_lgd": 285, "sdt_lgd": 6015, "st_lgd": 18, "vilcode11": 0, "vilname11": "", "pan_local": "RUPSHI", "b_pan_code": 2961, "b_pan_name": "RUPSHI", "d_pan_code": 248, "d_pan_name": "DHUBRI", "gp_code": "106226", "gp_name": "SAHEBGANJ", "st_2011": "18", "dt_2011": "301", "sdt_2011": "02007", "subdtname": "Golakganj Pt", "block_name": "RUPSHI", "blk_lgdcod": "2561", "dtcode14": "301", "SHAPE_Length": 5187.36177731085, "SHAPE_Area": 811157.7400157818}}, {"type": "Feature", "geometry": {"type": "Polygon", "coordinates": [[[89.8903, 26.1344], [89.892, 26.1339], [89.8934, 26.1336], [89.8943, 26.1334], [89.895, 26.1334], [89.8974, 26.1331], [89.8996, 26.1331], [89.9024, 26.1328], [89.9006, 26.1311], [89.8965, 26.1253], [89.8962, 26.1248], [89.8932, 26.1219], [89.8913, 26.1196], [89.8912, 26.1194], [89.889, 26.1176], [89.8878, 26.1173], [89.887, 26.1171], [89.8845, 26.1176], [89.8833, 26.1176], [89.8833, 26.1175], [89.8831, 26.1155], [89.8837, 26.1145], [89.8857, 26.1133], [89.8872, 26.1129], [89.8867, 26.1116], [89.8854, 26.1072], [89.8836, 26.105], [89.8827, 26.1049], [89.8823, 26.1042], [89.8815, 26.103], [89.88, 26.1008], [89.8776, 26.1004], [89.8778, 26.0998], [89.8783, 26.0977], [89.8783, 26.0962], [89.8779, 26.0964], [89.8762, 26.097], [89.8748, 26.097], [89.8744, 26.0981], [89.8736, 26.0985], [89.8723, 26.0983], [89.8716, 26.0996], [89.8723, 26.1013], [89.8724, 26.1025], [89.8708, 26.103], [89.8684, 26.1027], [89.8679, 26.1024], [89.8668, 26.104], [89.8659, 26.1048], [89.8635, 26.1069], [89.8625, 26.1093], [89.8614, 26.1106], [89.8596, 26.1126], [89.8591, 26.1135], [89.8591, 26.1142], [89.8597, 26.1146], [89.8615, 26.1149], [89.8626, 26.1143], [89.8647, 26.114], [89.8678, 26.1147], [89.8698, 26.1146], [89.8742, 26.1153], [89.8772, 26.1158], [89.8775, 26.1159], [89.8798, 26.1165], [89.8805, 26.117], [89.8808, 26.1171], [89.8814, 26.1175], [89.8787, 26.1196], [89.8789, 26.1258], [89.8777, 26.1287], [89.8764, 26.1322], [89.8757, 26.134], [89.8758, 26.1339], [89.8786, 26.1385], [89.8807, 26.1396], [89.8807, 26.1394], [89.882, 26.1387], [89.8825, 26.1385], [89.8827, 26.1382], [89.8822, 26.1374], [89.882, 26.1366], [89.8826, 26.1357], [89.8837, 26.1353], [89.8863, 26.1352], [89.8884, 26.1349], [89.8903, 26.1344]]]}, "properties": {"OBJECTID": 115191, "gpcode": "106226", "gpname": "SAHEBGANJ", "stname": "ASSAM", "dtname": "Dhubri", "sdtname": "Golakganj Pt", "stcode11": "18", "dtcode11": "301", "sdtcode11": "02007", "blklgdcode": "2561", "blkname": "RUPSHI", "dt_lgd": 285, "sdt_lgd": 6015, "st_lgd": 18, "vilcode11": 0, "vilname11": "", "pan_local": "RUPSHI", "b_pan_code": 2961, "b_pan_name": "RUPSHI", "d_pan_code": 248, "d_pan_name": "DHUBRI", "gp_code": "106226", "gp_name": "SAHEBGANJ", "st_2011": "18", "dt_2011": "301", "sdt_2011": "02007", "subdtname": "Golakganj Pt", "block_name": "RUPSHI", "blk_lgdcod": "2561", "dtcode14": "301", "SHAPE_Length": 18799.69429192163, "SHAPE_Area": 8886896.814622717}}, {"type": "Feature", "geometry": {"type": "Polygon", "coordinates": [[[90.0696, 26.1695], [90.0697, 26.1693], [90.0697, 26.1694], [90.0741, 26.1673], [90.0752, 26.1651], [90.0753, 26.1649], [90.0733, 26.1625], [90.0725, 26.1621], [90.0686, 26.1606], [90.0679, 26.1606], [90.0677, 26.1629], [90.0668, 26.1654], [90.0667, 26.1654], [90.0665, 26.1654], [90.0665, 26.1655], [90.0696, 26.1695]]]}, "properties": {"OBJECTID": 118009, "gpcode": "237313", "gpname": "AMBARI PONENAYANI", "stname": "ASSAM", "dtname": "Dhubri", "sdtname": "Bagribari (Pt)", "stcode11": "18", "dtcode11": "301", "sdtcode11": "02005", "blklgdcode": "2558", "blkname": "MAHAMAYA", "dt_lgd": 285, "sdt_lgd": 2005, "st_lgd": 18, "vilcode11": 0, "vilname11": "", "pan_local": "MAHAMAYA", "b_pan_code": 2958, "b_pan_name": "MAHAMAYA", "d_pan_code": 248, "d_pan_name": "DHUBRI", "gp_code": "237313", "gp_name": "AMBARI PONENAYANI", "st_2011": "18", "dt_2011": "301", "sdt_2011": "02005", "subdtname": "Bagribari (Pt)", "block_name": "MAHAMAYA", "blk_lgdcod": "2558", "dtcode14": "301", "SHAPE_Length": 3181.0416293904627, "SHAPE_Area": 657317.5879496391}}, {"type": "Feature", "geometry": {"type": "Polygon", "coordinates": [[[90.1255, 26.1958], [90.1256, 26.1957], [90.1259, 26.1959], [90.1266, 26.1963], [90.1266, 26.1969], [90.1266, 26.197], [90.1271, 26.1971], [90.1322, 26.1949], [90.1361, 26.1957], [90.1389, 26.1963], [90.1355, 26.1922], [90.1325, 26.1916], [90.1273, 26.1916], [90.1251, 26.1901], [90.124, 26.1906], [90.119, 26.1831], [90.1188, 26.1828], [90.1194, 26.1866], [90.1199, 26.19], [90.1206, 26.1944], [90.1223, 26.1986], [90.1227, 26.1983], [90.1237, 26.1973], [90.1238, 26.1972], [90.1239, 26.1971], [90.1247, 26.1963], [90.1249, 26.1962], [90.1254, 26.1959], [90.1255, 26.1958]]]}, "properties": {"OBJECTID": 118010, "gpcode": "237313", "gpname": "AMBARI PONENAYANI", "stname": "ASSAM", "dtname": "Dhubri", "sdtname": "Bagribari (Pt)", "stcode11": "18", "dtcode11": "301", "sdtcode11": "02005", "blklgdcode": "2558", "blkname": "MAHAMAYA", "dt_lgd": 285, "sdt_lgd": 2005, "st_lgd": 18, "vilcode11": 0, "vilname11": "", "pan_local": "MAHAMAYA", "b_pan_code": 2958, "b_pan_name": "MAHAMAYA", "d_pan_code": 248, "d_pan_name": "DHUBRI", "gp_code": "237313", "gp_name": "AMBARI PONENAYANI", "st_2011": "18", "dt_2011": "301", "sdt_2011": "02005", "subdtname": "Bagribari (Pt)", "block_name": "MAHAMAYA", "blk_lgdcod": "2558", "dtcode14": "301", "SHAPE_Length": 7313.639702812392, "SHAPE_Area": 1325574.6238295287}}, {"type": "Feature", "geometry": {"type": "Polygon", "coordinates": [[[90.1536, 26.2092], [90.1552, 26.205], [90.156, 26.2027], [90.1531, 26.2021], [90.15, 26.2009], [90.1486, 26.2002], [90.1462, 26.199], [90.1452, 26.1985], [90.1413, 26.2023], [90.142, 26.2028], [90.1421, 26.2029], [90.1436, 26.2039], [90.1451, 26.2049], [90.1466, 26.206], [90.1471, 26.2062], [90.1493, 26.2074], [90.1496, 26.2076], [90.1519, 26.2089], [90.152, 26.209], [90.1522, 26.2089], [90.1536, 26.2092]]]}, "properties": {"OBJECTID": 118011, "gpcode": "237313", "gpname": "AMBARI PONENAYANI", "stname": "ASSAM", "dtname": "Dhubri", "sdtname": "Bagribari (Pt)", "stcode11": "18", "dtcode11": "301", "sdtcode11": "02005", "blklgdcode": "2558", "blkname": "MAHAMAYA", "dt_lgd": 285, "sdt_lgd": 2005, "st_lgd": 18, "vilcode11": 0, "vilname11": "", "pan_local": "MAHAMAYA", "b_pan_code": 2958, "b_pan_name": "MAHAMAYA", "d_pan_code": 248, "d_pan_name": "DHUBRI", "gp_code": "237313", "gp_name": "AMBARI PONENAYANI", "st_2011": "18", "dt_2011": "301", "sdt_2011": "02005", "subdtname": "Bagribari (Pt)", "block_name": "MAHAMAYA", "blk_lgdcod": "2558", "dtcode14": "301", "SHAPE_Length": 4447.382813916739, "SHAPE_Area": 1093296.5590283738}}, {"type": "Feature", "geometry": {"type": "Polygon", "coordinates": [[[90.1351, 26.2491], [90.1393, 26.2489], [90.1425, 26.249], [90.143, 26.2491], [90.1443, 26.2492], [90.1445, 26.2492], [90.1445, 26.2465], [90.1444, 26.2465], [90.1471, 26.2442], [90.1478, 26.2414], [90.1475, 26.2387], [90.1474, 26.2386], [90.1494, 26.2388], [90.1513, 26.2389], [90.1527, 26.2388], [90.153, 26.2387], [90.1548, 26.2392], [90.1565, 26.2396], [90.157, 26.2401], [90.1573, 26.2403], [90.158, 26.2388], [90.1584, 26.239], [90.1593, 26.2388], [90.1603, 26.2378], [90.1609, 26.2366], [90.1613, 26.2359], [90.1625, 26.2366], [90.1635, 26.236], [90.1635, 26.235], [90.1617, 26.2309], [90.1623, 26.2288], [90.1623, 26.2287], [90.1624, 26.2285], [90.1627, 26.2282], [90.1623, 26.2251], [90.1622, 26.2247], [90.1607, 26.2247], [90.152, 26.2248], [90.1516, 26.2267], [90.15, 26.2269], [90.1494, 26.227], [90.1481, 26.2267], [90.149, 26.2235], [90.1486, 26.2201], [90.1484, 26.2197], [90.1481, 26.2192], [90.148, 26.2192], [90.1475, 26.22], [90.1462, 26.2197], [90.1445, 26.2177], [90.1417, 26.2151], [90.1391, 26.215], [90.1389, 26.215], [90.1388, 26.215], [90.1387, 26.215], [90.1386, 26.215], [90.1385, 26.215], [90.1383, 26.215], [90.1381, 26.215], [90.1364, 26.2154], [90.135, 26.22], [90.1351, 26.222], [90.1351, 26.2221], [90.1351, 26.2224], [90.1352, 26.2225], [90.1352, 26.2235], [90.1357, 26.2295], [90.1357, 26.2296], [90.1342, 26.2321], [90.134, 26.2323], [90.1339, 26.2323], [90.1309, 26.2341], [90.1302, 26.2342], [90.1301, 26.2343], [90.1302, 26.2343], [90.1312, 26.2375], [90.1318, 26.2392], [90.1315, 26.2404], [90.1321, 26.2428], [90.1327, 26.2434], [90.1328, 26.2447], [90.1326, 26.2447], [90.1322, 26.2454], [90.1323, 26.2459], [90.1323, 26.2467], [90.1338, 26.2472], [90.1338, 26.2478], [90.1333, 26.2491], [90.1336, 26.2496], [90.1351, 26.2491]]]}, "properties": {"OBJECTID": 118012, "gpcode": "237314", "gpname": "NAYAHAT", "stname": "ASSAM", "dtname": "Dhubri", "sdtname": "Bilasipara Pt", "stcode11": "18", "dtcode11": "301", "sdtcode11": "02009", "blklgdcode": "2558", "blkname": "MAHAMAYA", "dt_lgd": 285, "sdt_lgd": 6018, "st_lgd": 18, "vilcode11": 0, "vilname11": "", "pan_local": "MAHAMAYA", "b_pan_code": 2958, "b_pan_name": "MAHAMAYA", "d_pan_code": 248, "d_pan_name": "DHUBRI", "gp_code": "237314", "gp_name": "NAYAHAT", "st_2011": "18", "dt_2011": "301", "sdt_2011": "02009", "subdtname": "Bilasipara Pt", "block_name": "MAHAMAYA", "blk_lgdcod": "2558", "dtcode14": "301", "SHAPE_Length": 15549.554679373838, "SHAPE_Area": 8972613.630321676}}, {"type": "Feature", "geometry": {"type": "Polygon", "coordinates": [[[90.1882, 26.2501], [90.1892, 26.2496], [90.1912, 26.2498], [90.1932, 26.2502], [90.195, 26.2502], [90.196, 26.2503], [90.1968, 26.2462], [90.1971, 26.2451], [90.1992, 26.2447], [90.203, 26.2454], [90.2044, 26.2463], [90.2056, 26.2431], [90.2056, 26.2426], [90.206, 26.241], [90.2063, 26.2388], [90.2064, 26.2372], [90.2076, 26.2352], [90.2083, 26.2339], [90.2079, 26.2311], [90.206, 26.2287], [90.2045, 26.2276], [90.2031, 26.2283], [90.2022, 26.2296], [90.2017, 26.2313], [90.1982, 26.2313], [90.1944, 26.231], [90.1929, 26.2309], [90.1928, 26.2309], [90.1922, 26.2312], [90.1909, 26.232], [90.1894, 26.2334], [90.1892, 26.2349], [90.1892, 26.2353], [90.1881, 26.2358], [90.1878, 26.2357], [90.1852, 26.235], [90.1854, 26.2338], [90.1853, 26.2335], [90.1851, 26.2325], [90.183, 26.2305], [90.1812, 26.2281], [90.1772, 26.2284], [90.1764, 26.2309], [90.1766, 26.2329], [90.1766, 26.233], [90.1765, 26.233], [90.1759, 26.235], [90.1741, 26.2376], [90.1724, 26.2392], [90.1721, 26.2396], [90.1717, 26.2402], [90.1717, 26.2413], [90.1711, 26.2413], [90.1708, 26.2413], [90.1701, 26.2435], [90.1704, 26.2444], [90.1721, 26.2457], [90.1726, 26.2462], [90.1744, 26.2455], [90.1758, 26.2442], [90.1778, 26.2425], [90.1789, 26.2415], [90.1791, 26.2405], [90.1806, 26.2404], [90.1827, 26.2411], [90.1828, 26.2425], [90.1829, 26.2431], [90.1824, 26.2444], [90.1809, 26.2453], [90.1805, 26.2455], [90.1821, 26.2474], [90.183, 26.2485], [90.1839, 26.2496], [90.1846, 26.2503], [90.1858, 26.2503], [90.1882, 26.2501]]]}, "properties": {"OBJECTID": 118013, "gpcode": "237315", "gpname": "MASPARA-SONKOSH", "stname": "ASSAM", "dtname": "Dhubri", "sdtname": "Bilasipara Pt", "stcode11": "18", "dtcode11": "301", "sdtcode11": "02009", "blklgdcode": "2558", "blkname": "MAHAMAYA", "dt_lgd": 285, "sdt_lgd": 6018, "st_lgd": 18, "vilcode11": 0, "vilname11": "", "pan_local": "MAHAMAYA", "b_pan_code": 2958, "b_pan_name": "MAHAMAYA", "d_pan_code": 248, "d_pan_name": "DHUBRI", "gp_code": "237315", "gp_name": "MASPARA-SONKOSH", "st_2011": "18", "dt_2011": "301", "sdt_2011": "02009", "subdtname": "Bilasipara Pt", "block_name": "MAHAMAYA", "blk_lgdcod": "2558", "dtcode14": "301", "SHAPE_Length": 15105.827043844605, "SHAPE_Area": 7199871.251003065}}, {"type": "Feature", "geometry": {"type": "Polygon", "coordinates": [[[90.1546, 26.256], [90.1538, 26.2565], [90.1524, 26.2569], [90.1491, 26.2591], [90.1485, 26.2595], [90.1462, 26.261], [90.1454, 26.2602], [90.1438, 26.2599], [90.1443, 26.2586], [90.1446, 26.2549], [90.1443, 26.2532], [90.1462, 26.2509], [90.1469, 26.2505], [90.1488, 26.2491], [90.1516, 26.2479], [90.1533, 26.2472], [90.1528, 26.2491], [90.1529, 26.2505], [90.1536, 26.2526], [90.1539, 26.2537], [90.1546, 26.2558], [90.1546, 26.256], [90.1566, 26.2558], [90.1582, 26.2557], [90.1591, 26.2557], [90.1593, 26.253], [90.1603, 26.2514], [90.1626, 26.2505], [90.1641, 26.2514], [90.1646, 26.2517], [90.1663, 26.2505], [90.1672, 26.2488], [90.1743, 26.25], [90.1743, 26.2501], [90.1749, 26.2492], [90.1758, 26.2482], [90.177, 26.2467], [90.1785, 26.2462], [90.1805, 26.2455], [90.1809, 26.2453], [90.1824, 26.2444], [90.1829, 26.2431], [90.1828, 26.2425], [90.1827, 26.2411], [90.1806, 26.2404], [90.1791, 26.2405], [90.1789, 26.2415], [90.1778, 26.2425], [90.1758, 26.2442], [90.1744, 26.2455], [90.1726, 26.2462], [90.1721, 26.2457], [90.1704, 26.2444], [90.1701, 26.2435], [90.1708, 26.2413], [90.1696, 26.2413], [90.1679, 26.2406], [90.1667, 26.2388], [90.1649, 26.238], [90.1632, 26.2373], [90.1626, 26.2367], [90.1625, 26.2366], [90.1613, 26.2359], [90.1609, 26.2366], [90.1603, 26.2378], [90.1593, 26.2388], [90.1584, 26.239], [90.158, 26.2388], [90.1573, 26.2403], [90.157, 26.2401], [90.1565, 26.2396], [90.1548, 26.2392], [90.153, 26.2387], [90.1527, 26.2388], [90.1513, 26.2389], [90.1494, 26.2388], [90.1474, 26.2386], [90.1475, 26.2387], [90.1478, 26.2414], [90.1471, 26.2442], [90.1444, 26.2465], [90.1445, 26.2465], [90.1445, 26.2492], [90.1443, 26.2492], [90.143, 26.2491], [90.1425, 26.249], [90.1393, 26.2489], [90.1351, 26.2491], [90.1336, 26.2496], [90.1341, 26.2505], [90.1343, 26.2509], [90.134, 26.252], [90.1333, 26.2535], [90.1325, 26.2551], [90.132, 26.2561], [90.1315, 26.2571], [90.1308, 26.2592], [90.1305, 26.2598], [90.1304, 26.2603], [90.1304, 26.2605], [90.1309, 26.2606], [90.1316, 26.2609], [90.1322, 26.2612], [90.1326, 26.2615], [90.1327, 26.2615], [90.1328, 26.2616], [90.1334, 26.2621], [90.1338, 26.2625], [90.134, 26.2629], [90.1341, 26.263], [90.1342, 26.2632], [90.1343, 26.2637], [90.1343, 26.2644], [90.1343, 26.2648], [90.1343, 26.265], [90.1343, 26.2652], [90.1344, 26.2653], [90.1346, 26.2655], [90.1349, 26.2657], [90.1352, 26.2659], [90.1355, 26.266], [90.1365, 26.2661], [90.137, 26.2661], [90.1379, 26.2661], [90.1384, 26.2662], [90.1389, 26.2662], [90.1395, 26.2663], [90.14, 26.2662], [90.1401, 26.2662], [90.1412, 26.2661], [90.1421, 26.266], [90.1431, 26.266], [90.1432, 26.266], [90.1439, 26.2661], [90.1444, 26.2662], [90.1447, 26.2665], [90.1449, 26.2666], [90.1459, 26.2671], [90.147, 26.2678], [90.1475, 26.2684], [90.1477, 26.2688], [90.1478, 26.2691], [90.148, 26.2696], [90.1481, 26.2702], [90.1483, 26.2706], [90.1473, 26.2704], [90.146, 26.2706], [90.145, 26.2715], [90.1439, 26.272], [90.1427, 26.2726], [90.14, 26.2748], [90.1405, 26.276], [90.1405, 26.2762], [90.1408, 26.278], [90.1413, 26.28], [90.1421, 26.2831], [90.1425, 26.2845], [90.1427, 26.2852], [90.1432, 26.2877], [90.1431, 26.2889], [90.143, 26.2904], [90.142, 26.2921], [90.1413, 26.2928], [90.1409, 26.2933], [90.1408, 26.2933], [90.1434, 26.2947], [90.1459, 26.2905], [90.1469, 26.2905], [90.1509, 26.2906], [90.1547, 26.2942], [90.1553, 26.2921], [90.1557, 26.2893], [90.1558, 26.289], [90.1547, 26.2875], [90.1541, 26.2865], [90.1531, 26.2854], [90.1515, 26.2821], [90.1511, 26.279], [90.1509, 26.2784], [90.1528, 26.2789], [90.1542, 26.2788], [90.1554, 26.2787], [90.1565, 26.2786], [90.1574, 26.2788], [90.1578, 26.2791], [90.1588, 26.2795], [90.1595, 26.2795], [90.1605, 26.2792], [90.1611, 26.279], [90.1612, 26.2789], [90.1599, 26.2769], [90.159, 26.2759], [90.1598, 26.2754], [90.1623, 26.2729], [90.1626, 26.2722], [90.1627, 26.2709], [90.1626, 26.2692], [90.1624, 26.2676], [90.1614, 26.2655], [90.1642, 26.2655], [90.1683, 26.2659], [90.1695, 26.2662], [90.1696, 26.2654], [90.1696, 26.2653], [90.1693, 26.2645], [90.1689, 26.2637], [90.1687, 26.2635], [90.1678, 26.2627], [90.1667, 26.262], [90.1653, 26.2617], [90.1652, 26.2617], [90.1632, 26.2614], [90.1611, 26.2614], [90.1589, 26.2615], [90.1584, 26.2609], [90.158, 26.2604], [90.1574, 26.2597], [90.1565, 26.2587], [90.155, 26.2573], [90.1546, 26.256]]]}, "properties": {"OBJECTID": 118014, "gpcode": "237316", "gpname": "JOGIRMAHAL", "stname": "ASSAM", "dtname": "Dhubri", "sdtname": "Bilasipara Pt", "stcode11": "18", "dtcode11": "301", "sdtcode11": "02009", "blklgdcode": "2558", "blkname": "MAHAMAYA", "dt_lgd": 285, "sdt_lgd": 6018, "st_lgd": 18, "vilcode11": 0, "vilname11": "", "pan_local": "MAHAMAYA", "b_pan_code": 2958, "b_pan_name": "MAHAMAYA", "d_pan_code": 248, "d_pan_name": "DHUBRI", "gp_code": "237316", "gp_name": "JOGIRMAHAL", "st_2011": "18", "dt_2011": "301", "sdt_2011": "02009", "subdtname": "Bilasipara Pt", "block_name": "MAHAMAYA", "blk_lgdcod": "2558", "dtcode14": "301", "SHAPE_Length": 35573.9177974187, "SHAPE_Area": 14862201.289743228}}, {"type": "Feature", "geometry": {"type": "Polygon", "coordinates": [[[89.8345, 26.3323], [89.8339, 26.3311], [89.8352, 26.3313], [89.8362, 26.3311], [89.8406, 26.3312], [89.8443, 26.3335], [89.8448, 26.3339], [89.8475, 26.3296], [89.8519, 26.3284], [89.8532, 26.3285], [89.853, 26.3278], [89.8568, 26.3273], [89.8579, 26.3274], [89.8601, 26.3274], [89.8615, 26.3275], [89.8616, 26.3274], [89.8656, 26.3247], [89.8657, 26.3246], [89.8665, 26.3221], [89.8657, 26.319], [89.8656, 26.3189], [89.8695, 26.3172], [89.8719, 26.3148], [89.872, 26.3147], [89.872, 26.3148], [89.8722, 26.3152], [89.8738, 26.3155], [89.8755, 26.3164], [89.8787, 26.3156], [89.8807, 26.3155], [89.8815, 26.3155], [89.8845, 26.3147], [89.8862, 26.3142], [89.8866, 26.3141], [89.8865, 26.314], [89.8859, 26.3133], [89.8862, 26.3123], [89.8863, 26.3118], [89.886, 26.3114], [89.8856, 26.3107], [89.8841, 26.3099], [89.8831, 26.3098], [89.8827, 26.3097], [89.8819, 26.3083], [89.8804, 26.3078], [89.8796, 26.3073], [89.8793, 26.3071], [89.8796, 26.3071], [89.8797, 26.3056], [89.8792, 26.3037], [89.8759, 26.3034], [89.8722, 26.3042], [89.867, 26.3037], [89.8657, 26.3035], [89.8624, 26.3027], [89.8623, 26.3026], [89.8596, 26.3019], [89.8541, 26.3002], [89.8541, 26.3003], [89.8535, 26.3023], [89.8547, 26.3049], [89.8562, 26.3103], [89.8567, 26.3154], [89.8538, 26.3192], [89.8516, 26.3218], [89.8491, 26.3216], [89.8491, 26.3217], [89.849, 26.3216], [89.8491, 26.3217], [89.8448, 26.3216], [89.8406, 26.3221], [89.8362, 26.3217], [89.8365, 26.3208], [89.8353, 26.3178], [89.8347, 26.3157], [89.8345, 26.315], [89.8323, 26.3159], [89.8282, 26.3168], [89.8243, 26.3181], [89.8237, 26.3187], [89.8219, 26.3204], [89.8199, 26.3211], [89.8199, 26.3212], [89.819, 26.3213], [89.8179, 26.3213], [89.8202, 26.3232], [89.8231, 26.3279], [89.823, 26.3298], [89.8198, 26.3329], [89.8197, 26.333], [89.8192, 26.3349], [89.8194, 26.3368], [89.8198, 26.3372], [89.824, 26.3391], [89.8243, 26.3392], [89.8257, 26.3397], [89.8312, 26.3415], [89.8317, 26.3415], [89.8356, 26.3376], [89.8354, 26.3371], [89.8339, 26.3344], [89.8345, 26.3323]]]}, "properties": {"OBJECTID": 118015, "gpcode": "243424", "gpname": "TAMARHAT", "stname": "ASSAM", "dtname": "Dhubri", "sdtname": "Gossaigaon (Pt)", "stcode11": "18", "dtcode11": "301", "sdtcode11": "02001", "blklgdcode": "6559", "blkname": "HATIDHURA", "dt_lgd": 285, "sdt_lgd": 2001, "st_lgd": 18, "vilcode11": 0, "vilname11": "", "pan_local": "HATIDHURA", "b_pan_code": 6819, "b_pan_name": "HATIDHURA", "d_pan_code": 248, "d_pan_name": "DHUBRI", "gp_code": "243424", "gp_name": "TAMARHAT", "st_2011": "18", "dt_2011": "301", "sdt_2011": "02001", "subdtname": "Gossaigaon (Pt)", "block_name": "HATIDHURA", "blk_lgdcod": "6559", "dtcode14": "301", "SHAPE_Length": 25211.077781032815, "SHAPE_Area": 13501029.67965847}}, {"type": "Feature", "geometry": {"type": "Polygon", "coordinates": [[[89.8608, 26.3484], [89.8648, 26.3466], [89.8698, 26.347], [89.8701, 26.3471], [89.8722, 26.3474], [89.8727, 26.3473], [89.8739, 26.3464], [89.8759, 26.3459], [89.8779, 26.3454], [89.882, 26.3444], [89.8846, 26.3435], [89.8866, 26.3397], [89.8875, 26.3373], [89.888, 26.3401], [89.8878, 26.3427], [89.8888, 26.3424], [89.889, 26.3423], [89.8896, 26.3423], [89.8899, 26.3423], [89.89, 26.3423], [89.8907, 26.3422], [89.8913, 26.3422], [89.8916, 26.3422], [89.8919, 26.3422], [89.892, 26.3422], [89.8922, 26.3421], [89.8931, 26.3418], [89.8935, 26.3417], [89.8949, 26.3412], [89.895, 26.3411], [89.8951, 26.3411], [89.8964, 26.3407], [89.8975, 26.3403], [89.8981, 26.3401], [89.8995, 26.3396], [89.9021, 26.3387], [89.9022, 26.3387], [89.9025, 26.3385], [89.9036, 26.3377], [89.9037, 26.3376], [89.9043, 26.3367], [89.9044, 26.3364], [89.9045, 26.3346], [89.9042, 26.3338], [89.9041, 26.3335], [89.9043, 26.3319], [89.9051, 26.3309], [89.9051, 26.3293], [89.9052, 26.3278], [89.9052, 26.3276], [89.9052, 26.3268], [89.9049, 26.3262], [89.9049, 26.3259], [89.905, 26.3258], [89.9049, 26.3254], [89.9047, 26.3254], [89.9046, 26.3255], [89.9045, 26.3258], [89.9044, 26.3261], [89.9042, 26.3263], [89.904, 26.3264], [89.9037, 26.3265], [89.9031, 26.3265], [89.9027, 26.3261], [89.9022, 26.3255], [89.9021, 26.3254], [89.902, 26.3253], [89.9014, 26.3252], [89.9007, 26.3251], [89.8994, 26.3245], [89.8987, 26.3242], [89.8969, 26.3235], [89.895, 26.3216], [89.895, 26.3215], [89.8943, 26.3205], [89.8938, 26.3198], [89.8932, 26.3191], [89.8928, 26.3185], [89.8921, 26.3179], [89.8914, 26.3173], [89.8914, 26.3172], [89.8915, 26.317], [89.8916, 26.3168], [89.8923, 26.3163], [89.8927, 26.3159], [89.8929, 26.3155], [89.893, 26.3151], [89.8929, 26.3148], [89.8924, 26.3142], [89.8921, 26.3138], [89.8919, 26.3136], [89.8916, 26.3133], [89.8913, 26.3128], [89.8911, 26.3127], [89.891, 26.3126], [89.8909, 26.3126], [89.8908, 26.3125], [89.8904, 26.3123], [89.8901, 26.3123], [89.89, 26.3123], [89.8898, 26.3124], [89.8898, 26.3126], [89.8899, 26.3127], [89.8899, 26.3128], [89.89, 26.3129], [89.8901, 26.3132], [89.8903, 26.3139], [89.8902, 26.3139], [89.8902, 26.314], [89.8901, 26.3141], [89.8898, 26.3143], [89.8896, 26.3143], [89.8891, 26.3144], [89.8884, 26.3142], [89.8875, 26.3143], [89.8874, 26.3143], [89.8872, 26.3143], [89.8867, 26.3143], [89.8867, 26.3142], [89.8866, 26.3141], [89.8862, 26.3142], [89.8845, 26.3147], [89.8815, 26.3155], [89.8807, 26.3155], [89.8787, 26.3156], [89.8755, 26.3164], [89.8767, 26.3173], [89.8775, 26.318], [89.8793, 26.3205], [89.8821, 26.3233], [89.8835, 26.3248], [89.8843, 26.3262], [89.8844, 26.3262], [89.8843, 26.3263], [89.8829, 26.3273], [89.8812, 26.3281], [89.8803, 26.3282], [89.8789, 26.3278], [89.876, 26.3272], [89.8745, 26.327], [89.8737, 26.3268], [89.8722, 26.3261], [89.8656, 26.3247], [89.8616, 26.3274], [89.8615, 26.3275], [89.8635, 26.3298], [89.8639, 26.3303], [89.8644, 26.3335], [89.8643, 26.3335], [89.86, 26.335], [89.8553, 26.3362], [89.8484, 26.3377], [89.8489, 26.3398], [89.8489, 26.3399], [89.849, 26.3399], [89.8508, 26.3415], [89.8543, 26.3442], [89.8579, 26.3461], [89.8608, 26.3489], [89.8608, 26.3484]]]}, "properties": {"OBJECTID": 118017, "gpcode": "243425", "gpname": "DINGDINGA", "stname": "ASSAM", "dtname": "Dhubri", "sdtname": "Gossaigaon (Pt)", "stcode11": "18", "dtcode11": "301", "sdtcode11": "02001", "blklgdcode": "6559", "blkname": "HATIDHURA", "dt_lgd": 285, "sdt_lgd": 2001, "st_lgd": 18, "vilcode11": 0, "vilname11": "", "pan_local": "HATIDHURA", "b_pan_code": 6819, "b_pan_name": "HATIDHURA", "d_pan_code": 248, "d_pan_name": "DHUBRI", "gp_code": "243425", "gp_name": "DINGDINGA", "st_2011": "18", "dt_2011": "301", "sdt_2011": "02001", "subdtname": "Gossaigaon (Pt)", "block_name": "HATIDHURA", "blk_lgdcod": "6559", "dtcode14": "301", "SHAPE_Length": 21778.924869346076, "SHAPE_Area": 13980400.187242853}}, {"type": "Feature", "geometry": {"type": "Polygon", "coordinates": [[[89.8387, 26.3692], [89.8392, 26.3675], [89.844, 26.3677], [89.8497, 26.3682], [89.8505, 26.3678], [89.8517, 26.3677], [89.8521, 26.3676], [89.8523, 26.3676], [89.8531, 26.3676], [89.8533, 26.3677], [89.8544, 26.3677], [89.8549, 26.3678], [89.8556, 26.368], [89.859, 26.3691], [89.8597, 26.3691], [89.86, 26.369], [89.8604, 26.3688], [89.8608, 26.3687], [89.8614, 26.3681], [89.8623, 26.3671], [89.8629, 26.3656], [89.8638, 26.3643], [89.8651, 26.3626], [89.8659, 26.3623], [89.8663, 26.3624], [89.8664, 26.3624], [89.867, 26.3625], [89.8684, 26.3632], [89.8681, 26.3628], [89.8705, 26.3614], [89.8708, 26.358], [89.868, 26.3543], [89.8645, 26.3511], [89.861, 26.3491], [89.8608, 26.3489], [89.8579, 26.3461], [89.8543, 26.3442], [89.8508, 26.3415], [89.849, 26.3399], [89.8489, 26.3399], [89.8489, 26.3398], [89.8484, 26.3377], [89.8463, 26.335], [89.8456, 26.3345], [89.8448, 26.3339], [89.8443, 26.3335], [89.8406, 26.3312], [89.8362, 26.3311], [89.8352, 26.3313], [89.8339, 26.3311], [89.8345, 26.3323], [89.8339, 26.3344], [89.8354, 26.3371], [89.8356, 26.3376], [89.8317, 26.3415], [89.8312, 26.3415], [89.8257, 26.3397], [89.8243, 26.3392], [89.824, 26.3391], [89.8198, 26.3372], [89.8194, 26.3368], [89.8186, 26.3388], [89.8161, 26.3427], [89.8161, 26.3428], [89.8126, 26.3453], [89.811, 26.3463], [89.8067, 26.3491], [89.8023, 26.3506], [89.8, 26.3506], [89.7977, 26.3503], [89.7962, 26.3497], [89.796, 26.3502], [89.7957, 26.3556], [89.7956, 26.3577], [89.7956, 26.358], [89.7955, 26.3588], [89.7955, 26.3593], [89.7965, 26.3595], [89.798, 26.36], [89.7983, 26.3601], [89.7984, 26.3601], [89.7986, 26.3602], [89.7996, 26.3606], [89.8012, 26.361], [89.8027, 26.3617], [89.8036, 26.3621], [89.804, 26.3624], [89.8048, 26.3628], [89.8068, 26.3643], [89.8081, 26.3652], [89.8098, 26.3674], [89.8104, 26.3682], [89.8114, 26.3692], [89.8117, 26.3694], [89.812, 26.3696], [89.8135, 26.3707], [89.8137, 26.371], [89.8144, 26.371], [89.8158, 26.3714], [89.8172, 26.371], [89.8183, 26.3709], [89.8188, 26.3711], [89.8188, 26.3708], [89.8194, 26.3709], [89.8197, 26.3709], [89.8198, 26.3703], [89.8201, 26.3702], [89.8203, 26.3703], [89.8202, 26.3707], [89.8202, 26.3714], [89.8205, 26.3718], [89.821, 26.3718], [89.8211, 26.3718], [89.8219, 26.3718], [89.822, 26.3709], [89.8218, 26.3694], [89.8206, 26.3675], [89.82, 26.3666], [89.8188, 26.3658], [89.8176, 26.365], [89.8156, 26.3643], [89.8145, 26.3625], [89.8133, 26.3615], [89.8128, 26.3594], [89.8128, 26.3571], [89.813, 26.357], [89.8138, 26.356], [89.8147, 26.3548], [89.8151, 26.354], [89.8151, 26.3538], [89.8151, 26.3537], [89.8152, 26.353], [89.8153, 26.3527], [89.8154, 26.3526], [89.8157, 26.3531], [89.8162, 26.353], [89.8166, 26.3526], [89.8169, 26.3524], [89.817, 26.3524], [89.8178, 26.3525], [89.8179, 26.3525], [89.8182, 26.3524], [89.8185, 26.3525], [89.8187, 26.3524], [89.8194, 26.352], [89.8199, 26.3517], [89.82, 26.3516], [89.8205, 26.3515], [89.8211, 26.3514], [89.8219, 26.3514], [89.8228, 26.3516], [89.8236, 26.3524], [89.8245, 26.3532], [89.8249, 26.3536], [89.8258, 26.3548], [89.8253, 26.3558], [89.8246, 26.3568], [89.8237, 26.3576], [89.823, 26.3585], [89.8222, 26.3593], [89.822, 26.3597], [89.8218, 26.3615], [89.8221, 26.3631], [89.8226, 26.3638], [89.8233, 26.3645], [89.8244, 26.3651], [89.8259, 26.3651], [89.8264, 26.3661], [89.8276, 26.3663], [89.8282, 26.3675], [89.8283, 26.3678], [89.8286, 26.3687], [89.8288, 26.3692], [89.8291, 26.3699], [89.8295, 26.3708], [89.8281, 26.3725], [89.8272, 26.3737], [89.8275, 26.3743], [89.8278, 26.3751], [89.8278, 26.3755], [89.8275, 26.3758], [89.8266, 26.3763], [89.8259, 26.3776], [89.8272, 26.3791], [89.8275, 26.3803], [89.828, 26.3811], [89.829, 26.3819], [89.8308, 26.3831], [89.832, 26.3839], [89.8329, 26.3842], [89.8338, 26.3842], [89.8345, 26.3842], [89.8352, 26.384], [89.836, 26.3833], [89.8363, 26.3825], [89.8364, 26.3818], [89.8365, 26.3816], [89.8365, 26.3814], [89.8373, 26.3809], [89.8383, 26.3802], [89.8387, 26.3796], [89.8397, 26.3786], [89.84, 26.3784], [89.8406, 26.3783], [89.8404, 26.3781], [89.8379, 26.3755], [89.8387, 26.3692]]]}, "properties": {"OBJECTID": 118018, "gpcode": "243426", "gpname": "KAMANDANGA", "stname": "ASSAM", "dtname": "Dhubri", "sdtname": "Gossaigaon (Pt)", "stcode11": "18", "dtcode11": "301", "sdtcode11": "02001", "blklgdcode": "6559", "blkname": "HATIDHURA", "dt_lgd": 285, "sdt_lgd": 2001, "st_lgd": 18, "vilcode11": 0, "vilname11": "", "pan_local": "HATIDHURA", "b_pan_code": 6819, "b_pan_name": "HATIDHURA", "d_pan_code": 248, "d_pan_name": "DHUBRI", "gp_code": "243426", "gp_name": "KAMANDANGA", "st_2011": "18", "dt_2011": "301", "sdt_2011": "02001", "subdtname": "Gossaigaon (Pt)", "block_name": "HATIDHURA", "blk_lgdcod": "6559", "dtcode14": "301", "SHAPE_Length": 33336.73876308814, "SHAPE_Area": 24709446.913952652}}, {"type": "Feature", "geometry": {"type": "Polygon", "coordinates": [[[89.7972, 26.3157], [89.7992, 26.3161], [89.8083, 26.3165], [89.8105, 26.3167], [89.8175, 26.3172], [89.8177, 26.3173], [89.818, 26.3099], [89.816, 26.3105], [89.8123, 26.3109], [89.8089, 26.3097], [89.8059, 26.3056], [89.8024, 26.302], [89.7993, 26.301], [89.7935, 26.3004], [89.7882, 26.3013], [89.7832, 26.3042], [89.783, 26.3043], [89.7831, 26.3043], [89.7828, 26.3045], [89.7822, 26.3049], [89.7822, 26.305], [89.7861, 26.3073], [89.7897, 26.3097], [89.792, 26.312], [89.7948, 26.3133], [89.7972, 26.3157]]]}, "properties": {"OBJECTID": 118020, "gpcode": "243427", "gpname": "CHOTOGUMA", "stname": "ASSAM", "dtname": "Dhubri", "sdtname": "Gossaigaon (Pt)", "stcode11": "18", "dtcode11": "301", "sdtcode11": "02001", "blklgdcode": "6559", "blkname": "HATIDHURA", "dt_lgd": 285, "sdt_lgd": 2001, "st_lgd": 18, "vilcode11": 0, "vilname11": "", "pan_local": "HATIDHURA", "b_pan_code": 6819, "b_pan_name": "HATIDHURA", "d_pan_code": 248, "d_pan_name": "DHUBRI", "gp_code": "243427", "gp_name": "CHOTOGUMA", "st_2011": "18", "dt_2011": "301", "sdt_2011": "02001", "subdtname": "Gossaigaon (Pt)", "block_name": "HATIDHURA", "blk_lgdcod": "6559", "dtcode14": "301", "SHAPE_Length": 10079.260064335982, "SHAPE_Area": 4557105.7722027805}}, {"type": "Feature", "geometry": {"type": "Polygon", "coordinates": [[[89.7972, 26.3157], [89.7948, 26.3159], [89.792, 26.3175], [89.7903, 26.3218], [89.7885, 26.3267], [89.7886, 26.327], [89.7916, 26.3296], [89.798, 26.3313], [89.7998, 26.3297], [89.8007, 26.3297], [89.8028, 26.3296], [89.8053, 26.3284], [89.8078, 26.3266], [89.8061, 26.3275], [89.8051, 26.3279], [89.8045, 26.3281], [89.805, 26.3239], [89.8022, 26.3207], [89.7977, 26.3171], [89.7972, 26.3157]]]}, "properties": {"OBJECTID": 118021, "gpcode": "243427", "gpname": "CHOTOGUMA", "stname": "ASSAM", "dtname": "Dhubri", "sdtname": "Gossaigaon (Pt)", "stcode11": "18", "dtcode11": "301", "sdtcode11": "02001", "blklgdcode": "6559", "blkname": "HATIDHURA", "dt_lgd": 285, "sdt_lgd": 2001, "st_lgd": 18, "vilcode11": 0, "vilname11": "", "pan_local": "HATIDHURA", "b_pan_code": 6819, "b_pan_name": "HATIDHURA", "d_pan_code": 248, "d_pan_name": "DHUBRI", "gp_code": "243427", "gp_name": "CHOTOGUMA", "st_2011": "18", "dt_2011": "301", "sdt_2011": "02001", "subdtname": "Gossaigaon (Pt)", "block_name": "HATIDHURA", "blk_lgdcod": "6559", "dtcode14": "301", "SHAPE_Length": 6686.5400236740725, "SHAPE_Area": 2393602.4366623596}}, {"type": "Feature", "geometry": {"type": "Polygon", "coordinates": [[[89.7956, 26.3494], [89.7954, 26.3475], [89.7927, 26.3483], [89.7884, 26.3481], [89.7853, 26.348], [89.7824, 26.3479], [89.7827, 26.3499], [89.7832, 26.3514], [89.7844, 26.3524], [89.7847, 26.3527], [89.7859, 26.3536], [89.7877, 26.3553], [89.7889, 26.3561], [89.79, 26.3569], [89.7912, 26.3577], [89.793, 26.3587], [89.7955, 26.3593], [89.7955, 26.3588], [89.7956, 26.358], [89.7956, 26.3577], [89.7957, 26.3556], [89.796, 26.3502], [89.7962, 26.3497], [89.7956, 26.3494]]]}, "properties": {"OBJECTID": 118022, "gpcode": "243427", "gpname": "CHOTOGUMA", "stname": "ASSAM", "dtname": "Dhubri", "sdtname": "Gossaigaon (Pt)", "stcode11": "18", "dtcode11": "301", "sdtcode11": "02001", "blklgdcode": "6559", "blkname": "HATIDHURA", "dt_lgd": 285, "sdt_lgd": 2001, "st_lgd": 18, "vilcode11": 0, "vilname11": "", "pan_local": "HATIDHURA", "b_pan_code": 6819, "b_pan_name": "HATIDHURA", "d_pan_code": 248, "d_pan_name": "DHUBRI", "gp_code": "243427", "gp_name": "CHOTOGUMA", "st_2011": "18", "dt_2011": "301", "sdt_2011": "02001", "subdtname": "Gossaigaon (Pt)", "block_name": "HATIDHURA", "blk_lgdcod": "6559", "dtcode14": "301", "SHAPE_Length": 5139.658457018262, "SHAPE_Area": 1429175.9443777732}}, {"type": "Feature", "geometry": {"type": "Polygon", "coordinates": [[[89.8271, 26.2803], [89.8246, 26.2798], [89.8232, 26.2802], [89.8215, 26.2803], [89.819, 26.2798], [89.8151, 26.2794], [89.8116, 26.2796], [89.8099, 26.2803], [89.8099, 26.2802], [89.8101, 26.279], [89.8107, 26.277], [89.8107, 26.2751], [89.8098, 26.2722], [89.8081, 26.2726], [89.8056, 26.2731], [89.8052, 26.2736], [89.804, 26.2755], [89.8035, 26.2767], [89.8036, 26.2776], [89.8036, 26.2785], [89.8032, 26.2804], [89.8021, 26.2822], [89.8017, 26.2838], [89.8013, 26.285], [89.8007, 26.2853], [89.7985, 26.2857], [89.7976, 26.2865], [89.7974, 26.2865], [89.7994, 26.2866], [89.8035, 26.2901], [89.8072, 26.2925], [89.8091, 26.2937], [89.8119, 26.2954], [89.8133, 26.2968], [89.8151, 26.2972], [89.8168, 26.2967], [89.8173, 26.2971], [89.8189, 26.2969], [89.8213, 26.298], [89.8229, 26.2986], [89.8229, 26.2987], [89.8249, 26.2985], [89.8253, 26.2977], [89.8254, 26.2958], [89.8254, 26.2942], [89.826, 26.2923], [89.8259, 26.291], [89.8256, 26.2877], [89.8258, 26.2861], [89.8261, 26.2838], [89.8264, 26.2821], [89.8271, 26.2804], [89.8271, 26.2803]]]}, "properties": {"OBJECTID": 118024, "gpcode": "245280", "gpname": "BOTERHAT", "stname": "ASSAM", "dtname": "Dhubri", "sdtname": "Agamoni", "stcode11": "18", "dtcode11": "301", "sdtcode11": "02006", "blklgdcode": "2549", "blkname": "AGOMANI", "dt_lgd": 285, "sdt_lgd": 2006, "st_lgd": 18, "vilcode11": 0, "vilname11": "", "pan_local": "AGOMONI", "b_pan_code": 2949, "b_pan_name": "AGOMANI", "d_pan_code": 248, "d_pan_name": "DHUBRI", "gp_code": "245280", "gp_name": "BOTERHAT", "st_2011": "18", "dt_2011": "301", "sdt_2011": "02006", "subdtname": "Agamoni", "block_name": "AGOMANI", "blk_lgdcod": "2549", "dtcode14": "301", "SHAPE_Length": 11425.72022479665, "SHAPE_Area": 5808829.232694979}}, {"type": "Feature", "geometry": {"type": "Polygon", "coordinates": [[[89.8271, 26.2803], [89.8302, 26.2805], [89.832, 26.2801], [89.8338, 26.2803], [89.8356, 26.2806], [89.8375, 26.2808], [89.8409, 26.2804], [89.8408, 26.281], [89.84, 26.2854], [89.8391, 26.2869], [89.8382, 26.2883], [89.838, 26.2895], [89.8375, 26.2925], [89.8376, 26.2954], [89.8373, 26.2975], [89.8365, 26.2979], [89.8364, 26.2979], [89.835, 26.2995], [89.8326, 26.3005], [89.8311, 26.3017], [89.8306, 26.3027], [89.8295, 26.3048], [89.8283, 26.3065], [89.8269, 26.3073], [89.823, 26.3078], [89.8259, 26.3077], [89.8306, 26.3072], [89.8341, 26.3065], [89.8368, 26.3069], [89.838, 26.3036], [89.84, 26.303], [89.8406, 26.3025], [89.8407, 26.3024], [89.8433, 26.3004], [89.8457, 26.2985], [89.8482, 26.2984], [89.8485, 26.2978], [89.8494, 26.2962], [89.8506, 26.2926], [89.8513, 26.2899], [89.8519, 26.2875], [89.8524, 26.2847], [89.8529, 26.2815], [89.8531, 26.2806], [89.8532, 26.2805], [89.8529, 26.2776], [89.852, 26.2745], [89.8512, 26.2714], [89.8495, 26.2682], [89.8489, 26.2672], [89.8488, 26.2671], [89.848, 26.2658], [89.8478, 26.2633], [89.8465, 26.2607], [89.8452, 26.2577], [89.8451, 26.2569], [89.8444, 26.2544], [89.8442, 26.2521], [89.8442, 26.252], [89.8439, 26.2504], [89.8399, 26.2494], [89.8395, 26.2493], [89.8383, 26.2491], [89.8362, 26.2498], [89.8352, 26.2497], [89.832, 26.2491], [89.8293, 26.2486], [89.8243, 26.2476], [89.8211, 26.2478], [89.8169, 26.2487], [89.8168, 26.2487], [89.8161, 26.2505], [89.8154, 26.2515], [89.815, 26.2532], [89.8149, 26.2534], [89.8149, 26.2552], [89.814, 26.2575], [89.8133, 26.2592], [89.8131, 26.2605], [89.8132, 26.2605], [89.8143, 26.2614], [89.8148, 26.2637], [89.8173, 26.2633], [89.82, 26.2632], [89.8225, 26.2643], [89.8245, 26.266], [89.8259, 26.2663], [89.8274, 26.2667], [89.8275, 26.268], [89.8277, 26.2702], [89.8272, 26.2716], [89.8267, 26.2731], [89.827, 26.2747], [89.8273, 26.2759], [89.8269, 26.2784], [89.8268, 26.2796], [89.8271, 26.2803]]]}, "properties": {"OBJECTID": 118025, "gpcode": "245280", "gpname": "BOTERHAT", "stname": "ASSAM", "dtname": "Dhubri", "sdtname": "Agamoni", "stcode11": "18", "dtcode11": "301", "sdtcode11": "02006", "blklgdcode": "2549", "blkname": "AGOMANI", "dt_lgd": 285, "sdt_lgd": 2006, "st_lgd": 18, "vilcode11": 0, "vilname11": "", "pan_local": "AGOMONI", "b_pan_code": 2949, "b_pan_name": "AGOMANI", "d_pan_code": 248, "d_pan_name": "DHUBRI", "gp_code": "245280", "gp_name": "BOTERHAT", "st_2011": "18", "dt_2011": "301", "sdt_2011": "02006", "subdtname": "Agamoni", "block_name": "AGOMANI", "blk_lgdcod": "2549", "dtcode14": "301", "SHAPE_Length": 23838.859662209838, "SHAPE_Area": 16146201.01977769}}, {"type": "Feature", "geometry": {"type": "Polygon", "coordinates": [[[90.1565, 26.1971], [90.1592, 26.1944], [90.1618, 26.1919], [90.1628, 26.1896], [90.1628, 26.1889], [90.1593, 26.1894], [90.1565, 26.1899], [90.1534, 26.1891], [90.1517, 26.1878], [90.1539, 26.1837], [90.1537, 26.1818], [90.1527, 26.1798], [90.1517, 26.1785], [90.1502, 26.1763], [90.1477, 26.1728], [90.1469, 26.1713], [90.1458, 26.1686], [90.1438, 26.1634], [90.1426, 26.1604], [90.1413, 26.155], [90.1399, 26.1551], [90.1382, 26.1573], [90.1365, 26.1595], [90.1358, 26.1609], [90.1353, 26.1646], [90.1358, 26.1667], [90.1368, 26.1688], [90.137, 26.1697], [90.1364, 26.1697], [90.1335, 26.1697], [90.1291, 26.1702], [90.1284, 26.1709], [90.1267, 26.1725], [90.1259, 26.174], [90.1254, 26.1748], [90.1247, 26.1748], [90.1229, 26.1746], [90.1228, 26.1746], [90.1224, 26.1751], [90.1227, 26.1787], [90.1274, 26.1801], [90.1297, 26.1862], [90.1294, 26.1862], [90.1269, 26.1865], [90.125, 26.1867], [90.1243, 26.1876], [90.1245, 26.1883], [90.1251, 26.1901], [90.1273, 26.1916], [90.1325, 26.1916], [90.1355, 26.1922], [90.1366, 26.1933], [90.1395, 26.1952], [90.1412, 26.1963], [90.1434, 26.1966], [90.1445, 26.1982], [90.1449, 26.1976], [90.1459, 26.1966], [90.1473, 26.1964], [90.1492, 26.1962], [90.1504, 26.1964], [90.1536, 26.1979], [90.1553, 26.1988], [90.1566, 26.1989], [90.1568, 26.1989], [90.1566, 26.1988], [90.1566, 26.1987], [90.1554, 26.1979], [90.1565, 26.1971]]]}, "properties": {"OBJECTID": 118026, "gpcode": "245291", "gpname": "MASLAPARA", "stname": "ASSAM", "dtname": "Dhubri", "sdtname": "Bagribari (Pt)", "stcode11": "18", "dtcode11": "301", "sdtcode11": "02005", "blklgdcode": "2560", "blkname": "NAYERALGA", "dt_lgd": 285, "sdt_lgd": 2005, "st_lgd": 18, "vilcode11": 0, "vilname11": "", "pan_local": "NAYERALGA", "b_pan_code": 2960, "b_pan_name": "NAYERALGA", "d_pan_code": 248, "d_pan_name": "DHUBRI", "gp_code": "245291", "gp_name": "MASLAPARA", "st_2011": "18", "dt_2011": "301", "sdt_2011": "02005", "subdtname": "Bagribari (Pt)", "block_name": "NAYERALGA", "blk_lgdcod": "2560", "dtcode14": "301", "SHAPE_Length": 18369.25915573384, "SHAPE_Area": 10858397.441250779}}, {"type": "Feature", "geometry": {"type": "Polygon", "coordinates": [[[90.1154, 26.1788], [90.1125, 26.1773], [90.1097, 26.1777], [90.1099, 26.1782], [90.1111, 26.1812], [90.1127, 26.1824], [90.1158, 26.1864], [90.1173, 26.1912], [90.1183, 26.1985], [90.1205, 26.1993], [90.1212, 26.1992], [90.1216, 26.1992], [90.1217, 26.1992], [90.1218, 26.1992], [90.1218, 26.1991], [90.1219, 26.1991], [90.1223, 26.1986], [90.1206, 26.1944], [90.1199, 26.19], [90.1194, 26.1866], [90.1188, 26.1828], [90.1171, 26.1808], [90.1154, 26.1788]]]}, "properties": {"OBJECTID": 118027, "gpcode": "245291", "gpname": "MASLAPARA", "stname": "ASSAM", "dtname": "Dhubri", "sdtname": "Bagribari (Pt)", "stcode11": "18", "dtcode11": "301", "sdtcode11": "02005", "blklgdcode": "2558", "blkname": "MAHAMAYA", "dt_lgd": 285, "sdt_lgd": 2005, "st_lgd": 18, "vilcode11": 0, "vilname11": "", "pan_local": "MAHAMAYA", "b_pan_code": 2958, "b_pan_name": "MAHAMAYA", "d_pan_code": 248, "d_pan_name": "DHUBRI", "gp_code": "245291", "gp_name": "MASLAPARA", "st_2011": "18", "dt_2011": "301", "sdt_2011": "02005", "subdtname": "Bagribari (Pt)", "block_name": "MAHAMAYA", "blk_lgdcod": "2558", "dtcode14": "301", "SHAPE_Length": 6653.776603280541, "SHAPE_Area": 1196428.217053044}}, {"type": "Feature", "geometry": {"type": "Polygon", "coordinates": [[[90.207, 26.3448], [90.209, 26.3446], [90.2107, 26.3448], [90.2118, 26.3451], [90.2129, 26.3449], [90.2139, 26.3449], [90.2145, 26.3447], [90.2157, 26.3441], [90.2166, 26.3435], [90.2182, 26.3418], [90.22, 26.3396], [90.2198, 26.3367], [90.2162, 26.335], [90.2144, 26.3345], [90.2125, 26.3347], [90.2115, 26.3351], [90.2108, 26.335], [90.2097, 26.3348], [90.2091, 26.3347], [90.2084, 26.3342], [90.2076, 26.3334], [90.2075, 26.3333], [90.2078, 26.3321], [90.2079, 26.3311], [90.208, 26.3292], [90.2084, 26.3272], [90.2091, 26.3254], [90.2099, 26.3238], [90.2108, 26.3224], [90.2121, 26.3211], [90.2097, 26.3194], [90.2079, 26.3181], [90.2063, 26.3174], [90.205, 26.3176], [90.2032, 26.3179], [90.2011, 26.3188], [90.1994, 26.3202], [90.1979, 26.3212], [90.1971, 26.3221], [90.1962, 26.3233], [90.1948, 26.3248], [90.1929, 26.3266], [90.1946, 26.3278], [90.1962, 26.3295], [90.198, 26.3307], [90.1998, 26.3317], [90.2021, 26.3333], [90.201, 26.334], [90.1992, 26.3347], [90.1998, 26.3361], [90.2, 26.3371], [90.1998, 26.3385], [90.1968, 26.3411], [90.1936, 26.3436], [90.1923, 26.3446], [90.1972, 26.346], [90.2034, 26.3482], [90.2059, 26.3498], [90.2074, 26.3514], [90.2087, 26.3505], [90.2077, 26.3474], [90.2071, 26.3457], [90.207, 26.3448]]]}, "properties": {"OBJECTID": 118028, "gpcode": "245291", "gpname": "MASLAPARA", "stname": "ASSAM", "dtname": "Dhubri", "sdtname": "Bilasipara Pt", "stcode11": "18", "dtcode11": "301", "sdtcode11": "02009", "blklgdcode": "2550", "blkname": "BILASIPARA", "dt_lgd": 285, "sdt_lgd": 6018, "st_lgd": 18, "vilcode11": 0, "vilname11": "", "pan_local": "BILASIPARA", "b_pan_code": 2950, "b_pan_name": "BILASIPARA", "d_pan_code": 248, "d_pan_name": "DHUBRI", "gp_code": "245291", "gp_name": "MASLAPARA", "st_2011": "18", "dt_2011": "301", "sdt_2011": "02009", "subdtname": "Bilasipara Pt", "block_name": "BILASIPARA", "blk_lgdcod": "2550", "dtcode14": "301", "SHAPE_Length": 14147.993798444126, "SHAPE_Area": 6109976.659589612}}, {"type": "Feature", "geometry": {"type": "Polygon", "coordinates": [[[90.1832, 26.221], [90.1822, 26.2189], [90.1835, 26.219], [90.1839, 26.2191], [90.1829, 26.2167], [90.182, 26.2166], [90.1815, 26.214], [90.1812, 26.2124], [90.1786, 26.2067], [90.1766, 26.204], [90.176, 26.2023], [90.1761, 26.2021], [90.1727, 26.2005], [90.1698, 26.2], [90.1666, 26.1987], [90.165, 26.2001], [90.1642, 26.2004], [90.1625, 26.2008], [90.1616, 26.2014], [90.1594, 26.2009], [90.1576, 26.1996], [90.1568, 26.1989], [90.1566, 26.1989], [90.1553, 26.1988], [90.1536, 26.1979], [90.1504, 26.1964], [90.1492, 26.1962], [90.1473, 26.1964], [90.1459, 26.1966], [90.1449, 26.1976], [90.1445, 26.1982], [90.1452, 26.1985], [90.1462, 26.199], [90.1486, 26.2002], [90.15, 26.2009], [90.1531, 26.2021], [90.156, 26.2027], [90.1552, 26.205], [90.1536, 26.2092], [90.1522, 26.2089], [90.1522, 26.2107], [90.1526, 26.2117], [90.1527, 26.2146], [90.1521, 26.2165], [90.1521, 26.2166], [90.1533, 26.2172], [90.1534, 26.2172], [90.1544, 26.217], [90.1556, 26.2164], [90.1565, 26.2163], [90.158, 26.2149], [90.1602, 26.2151], [90.1609, 26.2197], [90.1616, 26.2216], [90.1618, 26.2235], [90.1622, 26.2247], [90.1623, 26.2251], [90.1627, 26.2282], [90.1624, 26.2285], [90.1623, 26.2287], [90.1623, 26.2288], [90.164, 26.2299], [90.1718, 26.2318], [90.1751, 26.2326], [90.1765, 26.233], [90.1766, 26.233], [90.1766, 26.2329], [90.1764, 26.2309], [90.1772, 26.2284], [90.1812, 26.2281], [90.1813, 26.2281], [90.1832, 26.2262], [90.1836, 26.2258], [90.184, 26.225], [90.1844, 26.224], [90.1832, 26.221]]]}, "properties": {"OBJECTID": 118029, "gpcode": "245292", "gpname": "DUBACHURI", "stname": "ASSAM", "dtname": "Dhubri", "sdtname": "Bilasipara Pt", "stcode11": "18", "dtcode11": "301", "sdtcode11": "02009", "blklgdcode": "2560", "blkname": "NAYERALGA", "dt_lgd": 285, "sdt_lgd": 6018, "st_lgd": 18, "vilcode11": 0, "vilname11": "", "pan_local": "NAYERALGA", "b_pan_code": 2960, "b_pan_name": "NAYERALGA", "d_pan_code": 248, "d_pan_name": "DHUBRI", "gp_code": "245292", "gp_name": "DUBACHURI", "st_2011": "18", "dt_2011": "301", "sdt_2011": "02009", "subdtname": "Bilasipara Pt", "block_name": "NAYERALGA", "blk_lgdcod": "2560", "dtcode14": "301", "SHAPE_Length": 16758.16250433315, "SHAPE_Area": 10267613.353397204}}, {"type": "Feature", "geometry": {"type": "Polygon", "coordinates": [[[90.168, 26.187], [90.1707, 26.1859], [90.1722, 26.1863], [90.174, 26.1861], [90.1741, 26.1861], [90.1778, 26.1855], [90.1819, 26.1844], [90.1862, 26.1823], [90.1868, 26.1817], [90.1869, 26.1816], [90.1889, 26.1796], [90.1897, 26.1788], [90.1897, 26.1787], [90.1898, 26.1786], [90.1909, 26.1759], [90.191, 26.1754], [90.1909, 26.1754], [90.1897, 26.1748], [90.1871, 26.1735], [90.1837, 26.1724], [90.1795, 26.1693], [90.1775, 26.1684], [90.1774, 26.1685], [90.1755, 26.1668], [90.1748, 26.1648], [90.1738, 26.1646], [90.1722, 26.1635], [90.1706, 26.1624], [90.1692, 26.1606], [90.1683, 26.1594], [90.1674, 26.1581], [90.1649, 26.1562], [90.1638, 26.1552], [90.1637, 26.1552], [90.1627, 26.1552], [90.1601, 26.1552], [90.1597, 26.1553], [90.1586, 26.1557], [90.1569, 26.1569], [90.1547, 26.1577], [90.1533, 26.1576], [90.1503, 26.1566], [90.1488, 26.1554], [90.1442, 26.1554], [90.1413, 26.155], [90.1426, 26.1604], [90.1438, 26.1634], [90.1458, 26.1686], [90.1469, 26.1713], [90.1477, 26.1728], [90.1502, 26.1763], [90.1517, 26.1785], [90.1527, 26.1798], [90.1537, 26.1818], [90.1539, 26.1837], [90.1517, 26.1878], [90.1534, 26.1891], [90.1565, 26.1899], [90.1593, 26.1894], [90.1628, 26.1889], [90.1629, 26.1888], [90.1629, 26.1884], [90.1658, 26.1878], [90.168, 26.187]]]}, "properties": {"OBJECTID": 118030, "gpcode": "245293", "gpname": "GUTIPARA", "stname": "ASSAM", "dtname": "Dhubri", "sdtname": "Bagribari (Pt)", "stcode11": "18", "dtcode11": "301", "sdtcode11": "02005", "blklgdcode": "2560", "blkname": "NAYERALGA", "dt_lgd": 285, "sdt_lgd": 2005, "st_lgd": 18, "vilcode11": 0, "vilname11": "", "pan_local": "NAYERALGA", "b_pan_code": 2960, "b_pan_name": "NAYERALGA", "d_pan_code": 248, "d_pan_name": "DHUBRI", "gp_code": "245293", "gp_name": "GUTIPARA", "st_2011": "18", "dt_2011": "301", "sdt_2011": "02005", "subdtname": "Bagribari (Pt)", "block_name": "NAYERALGA", "blk_lgdcod": "2560", "dtcode14": "301", "SHAPE_Length": 16339.199713848884, "SHAPE_Area": 13907314.206599677}}, {"type": "Feature", "geometry": {"type": "Polygon", "coordinates": [[[90.1911, 26.1703], [90.1918, 26.1652], [90.1912, 26.1626], [90.1925, 26.1607], [90.1939, 26.1568], [90.1943, 26.1559], [90.1943, 26.1557], [90.1943, 26.1556], [90.1952, 26.1538], [90.1963, 26.1519], [90.1948, 26.1491], [90.1932, 26.1483], [90.1897, 26.1477], [90.1887, 26.1476], [90.187, 26.147], [90.187, 26.1467], [90.187, 26.146], [90.1869, 26.1449], [90.1897, 26.1425], [90.1897, 26.1422], [90.1896, 26.1414], [90.1898, 26.1414], [90.1883, 26.1389], [90.1808, 26.1377], [90.17, 26.1402], [90.1703, 26.1413], [90.1704, 26.1416], [90.1708, 26.1419], [90.171, 26.1447], [90.1715, 26.1455], [90.1725, 26.1474], [90.1723, 26.1474], [90.1726, 26.1475], [90.1741, 26.1503], [90.1738, 26.1521], [90.1719, 26.1536], [90.17, 26.1543], [90.1683, 26.1545], [90.1654, 26.1553], [90.1638, 26.1552], [90.1649, 26.1562], [90.1674, 26.1581], [90.1683, 26.1594], [90.1692, 26.1606], [90.1706, 26.1624], [90.1722, 26.1635], [90.1738, 26.1646], [90.1748, 26.1648], [90.1755, 26.1668], [90.1774, 26.1685], [90.1775, 26.1684], [90.1795, 26.1693], [90.1837, 26.1724], [90.1871, 26.1735], [90.1897, 26.1748], [90.1909, 26.1754], [90.191, 26.1754], [90.191, 26.1753], [90.1914, 26.1728], [90.1911, 26.1703]]]}, "properties": {"OBJECTID": 118031, "gpcode": "245294", "gpname": "BOYZERALGA", "stname": "ASSAM", "dtname": "Dhubri", "sdtname": "Bagribari (Pt)", "stcode11": "18", "dtcode11": "301", "sdtcode11": "02005", "blklgdcode": "2560", "blkname": "NAYERALGA", "dt_lgd": 285, "sdt_lgd": 2005, "st_lgd": 18, "vilcode11": 0, "vilname11": "", "pan_local": "NAYERALGA", "b_pan_code": 2960, "b_pan_name": "NAYERALGA", "d_pan_code": 248, "d_pan_name": "DHUBRI", "gp_code": "245294", "gp_name": "BOYZERALGA", "st_2011": "18", "dt_2011": "301", "sdt_2011": "02005", "subdtname": "Bagribari (Pt)", "block_name": "NAYERALGA", "blk_lgdcod": "2560", "dtcode14": "301", "SHAPE_Length": 14562.98522167206, "SHAPE_Area": 9174930.804461697}}, {"type": "Feature", "geometry": {"type": "Polygon", "coordinates": [[[89.9438, 26.1309], [89.9481, 26.1284], [89.9514, 26.1292], [89.9553, 26.1288], [89.958, 26.1289], [89.9602, 26.128], [89.9603, 26.128], [89.9616, 26.1274], [89.9645, 26.127], [89.967, 26.1269], [89.9688, 26.1274], [89.9702, 26.1275], [89.9714, 26.1275], [89.972, 26.1255], [89.9719, 26.1254], [89.9693, 26.1246], [89.967, 26.1247], [89.9649, 26.1245], [89.9626, 26.1248], [89.9609, 26.1255], [89.9528, 26.1262], [89.9526, 26.1262], [89.9454, 26.1261], [89.9452, 26.1261], [89.9405, 26.1284], [89.9404, 26.1284], [89.9404, 26.1285], [89.94, 26.1302], [89.9382, 26.1317], [89.9383, 26.1328], [89.9408, 26.1319], [89.9438, 26.1309]]]}, "properties": {"OBJECTID": 118347, "gpcode": "253627", "gpname": "Modati", "stname": "ASSAM", "dtname": "Dhubri", "sdtname": "Dhubri", "stcode11": "18", "dtcode11": "301", "sdtcode11": "02008", "blklgdcode": "2553", "blkname": "DEBITOLA", "dt_lgd": 285, "sdt_lgd": 6014, "st_lgd": 18, "vilcode11": 0, "vilname11": "", "pan_local": "DEBITOLA", "b_pan_code": 2953, "b_pan_name": "DEBITOLA", "d_pan_code": 248, "d_pan_name": "DHUBRI", "gp_code": "253627", "gp_name": "Modati", "st_2011": "18", "dt_2011": "301", "sdt_2011": "02008", "subdtname": "Dhubri", "block_name": "DEBITOLA", "blk_lgdcod": "2553", "dtcode14": "301", "SHAPE_Length": 8429.743152964726, "SHAPE_Area": 1302340.4430480085}}, {"type": "Feature", "geometry": {"type": "Polygon", "coordinates": [[[90.2647, 26.3318], [90.2654, 26.3314], [90.2649, 26.3309], [90.2645, 26.3308], [90.2638, 26.3312], [90.2632, 26.3315], [90.2627, 26.3316], [90.2621, 26.3311], [90.2615, 26.3303], [90.2612, 26.3296], [90.2611, 26.3293], [90.2611, 26.3287], [90.2609, 26.328], [90.2605, 26.3277], [90.2599, 26.3274], [90.2588, 26.3275], [90.2583, 26.3274], [90.2576, 26.3274], [90.2571, 26.3268], [90.2569, 26.3263], [90.257, 26.3258], [90.2574, 26.3253], [90.2578, 26.3252], [90.2582, 26.325], [90.2581, 26.3247], [90.2578, 26.3247], [90.2569, 26.325], [90.2565, 26.3255], [90.2564, 26.3263], [90.2563, 26.3268], [90.2558, 26.327], [90.2551, 26.3269], [90.2542, 26.327], [90.2534, 26.3272], [90.2529, 26.3272], [90.2528, 26.3269], [90.2524, 26.3265], [90.2521, 26.3264], [90.252, 26.3264], [90.2526, 26.3273], [90.2527, 26.3275], [90.2528, 26.3277], [90.2536, 26.3304], [90.2538, 26.3311], [90.254, 26.3317], [90.2543, 26.3326], [90.2543, 26.3327], [90.2549, 26.3343], [90.2554, 26.3351], [90.2556, 26.3354], [90.2558, 26.3354], [90.2563, 26.3353], [90.257, 26.3353], [90.2582, 26.3349], [90.2586, 26.3347], [90.2595, 26.3344], [90.2602, 26.3341], [90.261, 26.3338], [90.2613, 26.3336], [90.2611, 26.3334], [90.2609, 26.333], [90.261, 26.3327], [90.2617, 26.3325], [90.2626, 26.3324], [90.2632, 26.3323], [90.2637, 26.3322], [90.2641, 26.332], [90.2644, 26.3319], [90.2647, 26.3318]]]}, "properties": {"OBJECTID": 118363, "gpcode": "253633", "gpname": "Ujanpara", "stname": "ASSAM", "dtname": "Dhubri", "sdtname": "Bilasipara Pt", "stcode11": "18", "dtcode11": "301", "sdtcode11": "02009", "blklgdcode": "2550", "blkname": "BILASIPARA", "dt_lgd": 285, "sdt_lgd": 6018, "st_lgd": 18, "vilcode11": 0, "vilname11": "", "pan_local": "BILASIPARA", "b_pan_code": 2950, "b_pan_name": "BILASIPARA", "d_pan_code": 248, "d_pan_name": "DHUBRI", "gp_code": "253633", "gp_name": "Ujanpara", "st_2011": "18", "dt_2011": "301", "sdt_2011": "02009", "subdtname": "Bilasipara Pt", "block_name": "BILASIPARA", "blk_lgdcod": "2550", "dtcode14": "301", "SHAPE_Length": 5129.297626592073, "SHAPE_Area": 854164.4221542567}}, {"type": "Feature", "geometry": {"type": "Polygon", "coordinates": [[[89.9147, 26.1498], [89.9204, 26.1475], [89.9255, 26.1476], [89.9327, 26.1446], [89.933, 26.1438], [89.9341, 26.1414], [89.9357, 26.1402], [89.937, 26.1395], [89.938, 26.1382], [89.9396, 26.1371], [89.9405, 26.1364], [89.9408, 26.1348], [89.9406, 26.1335], [89.9408, 26.132], [89.9408, 26.1319], [89.9383, 26.1328], [89.9382, 26.1317], [89.94, 26.1302], [89.9404, 26.1285], [89.9404, 26.1284], [89.9404, 26.1285], [89.9408, 26.127], [89.9402, 26.1256], [89.9396, 26.1239], [89.9395, 26.1233], [89.9383, 26.1204], [89.9382, 26.12], [89.9366, 26.1181], [89.9356, 26.1169], [89.9346, 26.1165], [89.9336, 26.1162], [89.9321, 26.1156], [89.931, 26.1152], [89.9296, 26.1152], [89.9278, 26.1149], [89.9241, 26.1148], [89.9225, 26.1144], [89.9196, 26.1135], [89.9166, 26.113], [89.9157, 26.1128], [89.9133, 26.1123], [89.9109, 26.1122], [89.9089, 26.1125], [89.9058, 26.1141], [89.9042, 26.115], [89.9018, 26.1162], [89.9009, 26.1173], [89.901, 26.118], [89.901, 26.1181], [89.9014, 26.1187], [89.903, 26.1186], [89.9048, 26.1177], [89.9066, 26.116], [89.9073, 26.1154], [89.9104, 26.1136], [89.9117, 26.1133], [89.9129, 26.1138], [89.9141, 26.114], [89.9148, 26.1146], [89.9156, 26.1155], [89.9162, 26.1164], [89.9163, 26.1171], [89.9163, 26.1177], [89.9163, 26.1188], [89.9158, 26.1198], [89.9156, 26.1201], [89.9155, 26.1204], [89.9152, 26.1213], [89.9148, 26.1222], [89.9135, 26.1244], [89.9126, 26.1257], [89.912, 26.1263], [89.9107, 26.1283], [89.9095, 26.1313], [89.9088, 26.1322], [89.9132, 26.133], [89.9151, 26.1329], [89.9153, 26.139], [89.9152, 26.1416], [89.9145, 26.1432], [89.9133, 26.144], [89.9139, 26.1461], [89.9121, 26.1471], [89.9099, 26.1516], [89.9098, 26.1519], [89.9102, 26.1517], [89.9147, 26.1498]]]}, "properties": {"OBJECTID": 118366, "gpcode": "253635", "gpname": "Rupshi", "stname": "ASSAM", "dtname": "Dhubri", "sdtname": "Golakganj Pt", "stcode11": "18", "dtcode11": "301", "sdtcode11": "02007", "blklgdcode": "2556", "blkname": "GOLAKGANJ", "dt_lgd": 285, "sdt_lgd": 6015, "st_lgd": 18, "vilcode11": 0, "vilname11": "", "pan_local": "GOLOKGANJ", "b_pan_code": 2956, "b_pan_name": "GOLAKGANJ", "d_pan_code": 248, "d_pan_name": "DHUBRI", "gp_code": "253635", "gp_name": "Rupshi", "st_2011": "18", "dt_2011": "301", "sdt_2011": "02007", "subdtname": "Golakganj Pt", "block_name": "GOLAKGANJ", "blk_lgdcod": "2556", "dtcode14": "301", "SHAPE_Length": 19065.62114879149, "SHAPE_Area": 11283505.370473823}}, {"type": "Feature", "geometry": {"type": "Polygon", "coordinates": [[[89.8912, 26.2408], [89.8921, 26.237], [89.8921, 26.2367], [89.8919, 26.2314], [89.8918, 26.2274], [89.8922, 26.2184], [89.8922, 26.2169], [89.8925, 26.2118], [89.8926, 26.2095], [89.8881, 26.1959], [89.8883, 26.1915], [89.8922, 26.1852], [89.8932, 26.1835], [89.8917, 26.1797], [89.8906, 26.1777], [89.8895, 26.1769], [89.8896, 26.1769], [89.8796, 26.1711], [89.8799, 26.1693], [89.8796, 26.1676], [89.8785, 26.1655], [89.8791, 26.1651], [89.88, 26.1648], [89.8802, 26.165], [89.8798, 26.1639], [89.8816, 26.1617], [89.8818, 26.1604], [89.8799, 26.1592], [89.8802, 26.1578], [89.8825, 26.1577], [89.8843, 26.1582], [89.8838, 26.1596], [89.8849, 26.1609], [89.8862, 26.1619], [89.8885, 26.1643], [89.8887, 26.1647], [89.8931, 26.1643], [89.8951, 26.1615], [89.8947, 26.1603], [89.8948, 26.1603], [89.8927, 26.157], [89.888, 26.1527], [89.8792, 26.1446], [89.8788, 26.143], [89.8772, 26.1434], [89.8759, 26.1436], [89.8745, 26.1439], [89.8723, 26.1452], [89.8719, 26.1455], [89.8719, 26.1456], [89.8709, 26.1464], [89.8701, 26.1471], [89.8689, 26.149], [89.8686, 26.1498], [89.8682, 26.1519], [89.8684, 26.1542], [89.8689, 26.157], [89.8697, 26.1589], [89.8709, 26.1617], [89.871, 26.1626], [89.8712, 26.1636], [89.8715, 26.1655], [89.8719, 26.1674], [89.872, 26.1686], [89.8721, 26.1709], [89.872, 26.1725], [89.872, 26.1726], [89.8721, 26.1726], [89.8729, 26.1729], [89.8741, 26.1729], [89.8751, 26.1749], [89.8763, 26.1754], [89.8769, 26.1769], [89.877, 26.1791], [89.8765, 26.1804], [89.8754, 26.1816], [89.8741, 26.1819], [89.8709, 26.1761], [89.8703, 26.1772], [89.8697, 26.1782], [89.8698, 26.1795], [89.8701, 26.1803], [89.8703, 26.1807], [89.8713, 26.1814], [89.8719, 26.1819], [89.8725, 26.1828], [89.8732, 26.1837], [89.8732, 26.1838], [89.8741, 26.1847], [89.8754, 26.1874], [89.8753, 26.1891], [89.8751, 26.1896], [89.875, 26.1898], [89.8747, 26.1906], [89.8742, 26.1908], [89.8734, 26.1912], [89.8726, 26.1913], [89.8717, 26.1913], [89.8705, 26.1908], [89.87, 26.1889], [89.8697, 26.1875], [89.8687, 26.1858], [89.866, 26.1848], [89.8639, 26.1852], [89.8622, 26.1856], [89.8606, 26.1867], [89.86, 26.1881], [89.86, 26.1886], [89.86, 26.1896], [89.8603, 26.1914], [89.8614, 26.1931], [89.8616, 26.1933], [89.8627, 26.1939], [89.8632, 26.1942], [89.8662, 26.1952], [89.8695, 26.1963], [89.8709, 26.1973], [89.8722, 26.1991], [89.8726, 26.2003], [89.8726, 26.2004], [89.8729, 26.2015], [89.873, 26.2021], [89.8727, 26.2033], [89.8721, 26.2056], [89.8709, 26.2073], [89.8688, 26.2096], [89.8669, 26.2107], [89.8651, 26.2116], [89.8629, 26.2139], [89.8612, 26.2165], [89.8611, 26.2166], [89.86, 26.22], [89.8602, 26.2223], [89.8619, 26.2243], [89.8648, 26.226], [89.867, 26.2269], [89.8689, 26.2287], [89.8696, 26.2301], [89.87, 26.2317], [89.8697, 26.2341], [89.8683, 26.2362], [89.8652, 26.2377], [89.8609, 26.2384], [89.8588, 26.2383], [89.8587, 26.2384], [89.8589, 26.239], [89.8596, 26.2396], [89.8603, 26.2399], [89.8618, 26.2398], [89.8647, 26.2396], [89.8672, 26.2395], [89.8678, 26.241], [89.8678, 26.2412], [89.8682, 26.2431], [89.8695, 26.2444], [89.8721, 26.2463], [89.8742, 26.2474], [89.8743, 26.2475], [89.8744, 26.2477], [89.8756, 26.2467], [89.8766, 26.2459], [89.8775, 26.2454], [89.8792, 26.2444], [89.8826, 26.243], [89.8827, 26.2429], [89.8867, 26.2427], [89.8892, 26.2426], [89.8899, 26.2424], [89.8904, 26.242], [89.8907, 26.2418], [89.8908, 26.2417], [89.891, 26.2413], [89.8912, 26.2408]]]}, "properties": {"OBJECTID": 118367, "gpcode": "253636", "gpname": "Joldoba", "stname": "ASSAM", "dtname": "Dhubri", "sdtname": "Golakganj Pt", "stcode11": "18", "dtcode11": "301", "sdtcode11": "02007", "blklgdcode": "2556", "blkname": "GOLAKGANJ", "dt_lgd": 285, "sdt_lgd": 6015, "st_lgd": 18, "vilcode11": 0, "vilname11": "", "pan_local": "GOLOKGANJ", "b_pan_code": 2956, "b_pan_name": "GOLAKGANJ", "d_pan_code": 248, "d_pan_name": "DHUBRI", "gp_code": "253636", "gp_name": "Joldoba", "st_2011": "18", "dt_2011": "301", "sdt_2011": "02007", "subdtname": "Golakganj Pt", "block_name": "GOLAKGANJ", "blk_lgdcod": "2556", "dtcode14": "301", "SHAPE_Length": 41684.346641510594, "SHAPE_Area": 28650431.42761799}}, {"type": "Feature", "geometry": {"type": "Polygon", "coordinates": [[[89.9153, 26.139], [89.9151, 26.1329], [89.9132, 26.133], [89.9088, 26.1322], [89.9086, 26.1325], [89.9064, 26.1334], [89.9051, 26.1337], [89.9038, 26.1336], [89.9029, 26.1331], [89.9024, 26.1328], [89.8996, 26.1331], [89.8974, 26.1331], [89.895, 26.1334], [89.8943, 26.1334], [89.8934, 26.1336], [89.892, 26.1339], [89.8903, 26.1344], [89.8884, 26.1349], [89.8863, 26.1352], [89.8837, 26.1353], [89.8826, 26.1357], [89.882, 26.1366], [89.8822, 26.1374], [89.8827, 26.1382], [89.8825, 26.1385], [89.882, 26.1387], [89.8807, 26.1394], [89.8807, 26.1396], [89.8803, 26.1408], [89.8788, 26.143], [89.8792, 26.1446], [89.888, 26.1527], [89.8927, 26.157], [89.8948, 26.1603], [89.9062, 26.1539], [89.9098, 26.1519], [89.9099, 26.1516], [89.9121, 26.1471], [89.9139, 26.1461], [89.9133, 26.144], [89.9145, 26.1432], [89.9152, 26.1416], [89.9153, 26.139]]]}, "properties": {"OBJECTID": 118368, "gpcode": "253637", "gpname": "Bashbari", "stname": "ASSAM", "dtname": "Dhubri", "sdtname": "Golakganj Pt", "stcode11": "18", "dtcode11": "301", "sdtcode11": "02007", "blklgdcode": "2556", "blkname": "GOLAKGANJ", "dt_lgd": 285, "sdt_lgd": 6015, "st_lgd": 18, "vilcode11": 0, "vilname11": "", "pan_local": "GOLOKGANJ", "b_pan_code": 2956, "b_pan_name": "GOLAKGANJ", "d_pan_code": 248, "d_pan_name": "DHUBRI", "gp_code": "253637", "gp_name": "Bashbari", "st_2011": "18", "dt_2011": "301", "sdt_2011": "02007", "subdtname": "Golakganj Pt", "block_name": "GOLAKGANJ", "blk_lgdcod": "2556", "dtcode14": "301", "SHAPE_Length": 12281.471788249808, "SHAPE_Area": 9290884.00627252}}, {"type": "Feature", "geometry": {"type": "Polygon", "coordinates": [[[89.8992, 26.1738], [89.8951, 26.1615], [89.8931, 26.1643], [89.8887, 26.1647], [89.8885, 26.1643], [89.8862, 26.1619], [89.8849, 26.1609], [89.8838, 26.1596], [89.8843, 26.1582], [89.8825, 26.1577], [89.8802, 26.1578], [89.8799, 26.1592], [89.8818, 26.1604], [89.8816, 26.1617], [89.8798, 26.1639], [89.8802, 26.165], [89.88, 26.1648], [89.8791, 26.1651], [89.8785, 26.1655], [89.8796, 26.1676], [89.8799, 26.1693], [89.8796, 26.1711], [89.8896, 26.1769], [89.8895, 26.1769], [89.8906, 26.1777], [89.8917, 26.1797], [89.8932, 26.1835], [89.8938, 26.1826], [89.8992, 26.1738]]]}, "properties": {"OBJECTID": 118369, "gpcode": "253637", "gpname": "Bashbari", "stname": "ASSAM", "dtname": "Dhubri", "sdtname": "Golakganj Pt", "stcode11": "18", "dtcode11": "301", "sdtcode11": "02007", "blklgdcode": "2556", "blkname": "GOLAKGANJ", "dt_lgd": 285, "sdt_lgd": 6015, "st_lgd": 18, "vilcode11": 0, "vilname11": "", "pan_local": "GOLOKGANJ", "b_pan_code": 2956, "b_pan_name": "GOLAKGANJ", "d_pan_code": 248, "d_pan_name": "DHUBRI", "gp_code": "253637", "gp_name": "Bashbari", "st_2011": "18", "dt_2011": "301", "sdt_2011": "02007", "subdtname": "Golakganj Pt", "block_name": "GOLAKGANJ", "blk_lgdcod": "2556", "dtcode14": "301", "SHAPE_Length": 9625.52354634214, "SHAPE_Area": 3560418.9120003893}}, {"type": "Feature", "geometry": {"type": "Polygon", "coordinates": [[[90.1074, 26.3154], [90.1068, 26.3123], [90.1078, 26.3125], [90.1122, 26.3102], [90.1136, 26.3099], [90.1142, 26.3098], [90.1155, 26.3094], [90.1179, 26.3088], [90.1186, 26.3085], [90.1199, 26.3081], [90.1216, 26.3058], [90.1102, 26.3084], [90.1092, 26.3069], [90.1075, 26.3053], [90.1053, 26.3034], [90.1028, 26.3035], [90.1018, 26.3097], [90.1007, 26.3114], [90.0995, 26.3132], [90.0993, 26.3159], [90.0967, 26.3195], [90.0971, 26.3235], [90.0982, 26.3246], [90.0986, 26.3264], [90.0999, 26.3273], [90.0997, 26.3278], [90.1019, 26.3293], [90.1051, 26.3312], [90.1051, 26.3313], [90.1072, 26.3326], [90.1073, 26.3327], [90.1112, 26.3352], [90.1102, 26.3252], [90.11, 26.3234], [90.1103, 26.3211], [90.1088, 26.3178], [90.1074, 26.3154]]]}, "properties": {"OBJECTID": 118500, "gpcode": "253732", "gpname": "Panbari", "stname": "ASSAM", "dtname": "Dhubri", "sdtname": "Bilasipara Pt", "stcode11": "18", "dtcode11": "301", "sdtcode11": "02009", "blklgdcode": "2558", "blkname": "MAHAMAYA", "dt_lgd": 285, "sdt_lgd": 6018, "st_lgd": 18, "vilcode11": 0, "vilname11": "", "pan_local": "MAHAMAYA", "b_pan_code": 2958, "b_pan_name": "MAHAMAYA", "d_pan_code": 248, "d_pan_name": "DHUBRI", "gp_code": "253732", "gp_name": "Panbari", "st_2011": "18", "dt_2011": "301", "sdt_2011": "02009", "subdtname": "Bilasipara Pt", "block_name": "MAHAMAYA", "blk_lgdcod": "2558", "dtcode14": "301", "SHAPE_Length": 12166.217206440924, "SHAPE_Area": 4071286.425572663}}]}
