entity_id,state,election_year,constituency_no,constituency_name,candidate_name,party_id,votes,vote_share_pct,position,result,sex,age,education,profession,candidate_type,source_id
IN-AC-2008-assam-1792,assam,2016,1,RATABARI,KRIPANATH MALLAH,,53975,47.93,1,won,U,40,Graduate,Ex MLA,incumbent,src-1b7bc1c9d39a
IN-AC-2008-assam-1792,assam,2016,1,RATABARI,AKHIL RANJAN TALUKDAR,,29449,26.15,2,lost,U,60,10th Pass,,challenger,src-1b7bc1c9d39a
IN-AC-2008-assam-1792,assam,2016,1,RATABARI,RAJIB BISWAS,,23926,21.25,3,lost,U,37,12th Pass,,challenger,src-1b7bc1c9d39a
IN-AC-2008-assam-1792,assam,2016,1,RATABARI,SETUL CHANDRA NAMASUDRA,,908,0.81,4,forfeit,U,66,10th Pass,,challenger,src-1b7bc1c9d39a
IN-AC-2008-assam-1792,assam,2016,1,RATABARI,NIRMAL MALLICK,,542,0.48,6,forfeit,U,42,8th Pass,,challenger,src-1b7bc1c9d39a
IN-AC-2008-assam-1792,assam,2016,1,RATABARI,PRABIR BARDHAN,,487,0.43,7,forfeit,U,36,8th Pass,,challenger,src-1b7bc1c9d39a
IN-AC-2008-assam-1792,assam,2016,1,RATABARI,SANJOY KUMAR MALLAH,,419,0.37,8,forfeit,U,39,8th Pass,,challenger,src-1b7bc1c9d39a
IN-AC-2008-assam-1792,assam,2016,1,RATABARI,KALIPADA BISWAS,,380,0.34,9,forfeit,U,40,Literate,,challenger,src-1b7bc1c9d39a
IN-AC-2008-assam-1792,assam,2016,1,RATABARI,MANILAL RABIDAS,,370,0.33,10,forfeit,U,67,10th Pass,,challenger,src-1b7bc1c9d39a
IN-AC-2008-assam-1792,assam,2016,1,RATABARI,SATYENDRA NAMASUDRA,,354,0.31,11,forfeit,U,40,Graduate,,challenger,src-1b7bc1c9d39a
IN-AC-2008-assam-1792,assam,2016,1,RATABARI,NIRANJAN MALLAH,,267,0.24,12,forfeit,U,58,5th Pass,Ex MLA,challenger,src-1b7bc1c9d39a
IN-AC-2008-assam-1792,assam,2016,1,RATABARI,RANJU ROY,,247,0.22,13,forfeit,U,51,8th Pass,,challenger,src-1b7bc1c9d39a
IN-AC-2008-assam-1792,assam,2016,1,RATABARI,UMESH MALAH,,204,0.18,14,forfeit,U,29,8th Pass,,challenger,src-1b7bc1c9d39a
IN-AC-2008-assam-1792,assam,2016,1,RATABARI,AMULYA NAMASUDRA,,191,0.17,15,forfeit,U,56,8th Pass,Ex MLA,challenger,src-1b7bc1c9d39a
IN-AC-2008-assam-1791,assam,2016,2,PATHARKANDI,KRISHNENDU PAUL,,46544,37.94,1,won,U,42,Graduate,,challenger,src-1b7bc1c9d39a
IN-AC-2008-assam-1791,assam,2016,2,PATHARKANDI,DEBENDRA KUMAR SINHA,,37276,30.38,2,lost,U,62,Graduate Professional,Doctor,challenger,src-1b7bc1c9d39a
IN-AC-2008-assam-1791,assam,2016,2,PATHARKANDI,MONI LAL GOWALA,,32048,26.12,3,lost,U,73,Graduate,,incumbent,src-1b7bc1c9d39a
IN-AC-2008-assam-1791,assam,2016,2,PATHARKANDI,KRIPESH RANJAN DASGUPTA,,1638,1.34,4,forfeit,U,65,12th Pass,,challenger,src-1b7bc1c9d39a
IN-AC-2008-assam-1791,assam,2016,2,PATHARKANDI,KABIR AHMED,,892,0.73,6,forfeit,U,34,8th Pass,,challenger,src-1b7bc1c9d39a
IN-AC-2008-assam-1791,assam,2016,2,PATHARKANDI,RAHIM UDDIN AHMED,,743,0.61,7,forfeit,U,46,Graduate,,challenger,src-1b7bc1c9d39a
IN-AC-2008-assam-1791,assam,2016,2,PATHARKANDI,MISBAQUE UDDIN,,599,0.49,8,forfeit,U,42,10th Pass,,challenger,src-1b7bc1c9d39a
IN-AC-2008-assam-1791,assam,2016,2,PATHARKANDI,DEBANGSHU NATH,,509,0.41,9,forfeit,U,47,Graduate,Home Teacher or Tuition,challenger,src-1b7bc1c9d39a
IN-AC-2008-assam-1791,assam,2016,2,PATHARKANDI,ASAD UDDIN AHMED,,501,0.41,10,forfeit,U,34,12th Pass,,challenger,src-1b7bc1c9d39a
IN-AC-2008-assam-1791,assam,2016,2,PATHARKANDI,NITAI DEY,,495,0.4,11,forfeit,U,46,8th Pass,,challenger,src-1b7bc1c9d39a
IN-AC-2008-assam-1791,assam,2016,2,PATHARKANDI,NIHAR RANJAN DEB NATH,,419,0.34,12,forfeit,U,44,10th Pass,,challenger,src-1b7bc1c9d39a
IN-AC-2008-assam-1788,assam,2016,3,KARIMGANJ NORTH,KAMALAKHYA DEY PURKAYASTHA,,45289,34.63,1,won,U,38,12th Pass,,incumbent,src-1b7bc1c9d39a
IN-AC-2008-assam-1788,assam,2016,3,KARIMGANJ NORTH,MISSION RANJAN DAS,,44821,34.27,2,lost,U,54,Graduate Professional,Lawyer,challenger,src-1b7bc1c9d39a
IN-AC-2008-assam-1788,assam,2016,3,KARIMGANJ NORTH,SAHABUL ISLAM CHOUDHURY,,34207,26.16,3,lost,U,47,Post Graduate,,challenger,src-1b7bc1c9d39a
IN-AC-2008-assam-1788,assam,2016,3,KARIMGANJ NORTH,NAZRUL ISLAM CHOUDHURY,,1704,1.3,4,forfeit,U,55,10th Pass,,challenger,src-1b7bc1c9d39a
IN-AC-2008-assam-1788,assam,2016,3,KARIMGANJ NORTH,ABDUL AHAD CHOUDHURY,,1052,0.8,5,forfeit,U,40,8th Pass,,challenger,src-1b7bc1c9d39a
IN-AC-2008-assam-1788,assam,2016,3,KARIMGANJ NORTH,MOIN UDDIN,,708,0.54,6,forfeit,U,44,8th Pass,,challenger,src-1b7bc1c9d39a
IN-AC-2008-assam-1788,assam,2016,3,KARIMGANJ NORTH,ARUNANGSHU BHATTACHARJEE,,468,0.36,8,forfeit,U,57,Post Graduate,Lawyer,challenger,src-1b7bc1c9d39a
IN-AC-2008-assam-1788,assam,2016,3,KARIMGANJ NORTH,MUHAMMAD MUHSIN ALAM,,420,0.32,9,forfeit,U,29,Graduate,,challenger,src-1b7bc1c9d39a
IN-AC-2008-assam-1788,assam,2016,3,KARIMGANJ NORTH,SIBIR AHMED,,265,0.2,10,forfeit,U,34,8th Pass,,challenger,src-1b7bc1c9d39a
IN-AC-2008-assam-1788,assam,2016,3,KARIMGANJ NORTH,BIKASH KANTI ROY,,253,0.19,11,forfeit,U,57,,,challenger,src-1b7bc1c9d39a
IN-AC-2008-assam-1788,assam,2016,3,KARIMGANJ NORTH,DEEPAN NATH,,241,0.18,12,forfeit,U,35,10th Pass,,challenger,src-1b7bc1c9d39a
IN-AC-2008-assam-1788,assam,2016,3,KARIMGANJ NORTH,KAYSAR AHMED CHOUDHURY,,237,0.18,13,forfeit,U,35,5th Pass,Shop Keeper,challenger,src-1b7bc1c9d39a
IN-AC-2008-assam-1788,assam,2016,3,KARIMGANJ NORTH,AMJAD HUSSAIN,,161,0.12,14,forfeit,U,47,Graduate,,challenger,src-1b7bc1c9d39a
IN-AC-2008-assam-1788,assam,2016,3,KARIMGANJ NORTH,TAJ UDDIN CHOUDHURY,,144,0.11,15,forfeit,U,43,Graduate Professional,,challenger,src-1b7bc1c9d39a
IN-AC-2008-assam-1788,assam,2016,3,KARIMGANJ NORTH,ARUN KUMAR DAS,,137,0.1,16,forfeit,U,64,8th Pass,,challenger,src-1b7bc1c9d39a
IN-AC-2008-assam-1789,assam,2016,4,KARIMGANJ SOUTH,AZIZ AHMED KHAN,,58060,45.2,1,won,U,38,8th Pass,,challenger,src-1b7bc1c9d39a
IN-AC-2008-assam-1789,assam,2016,4,KARIMGANJ SOUTH,SIDDEQUE AHMED,,53644,41.77,2,lost,U,53,10th Pass,,incumbent,src-1b7bc1c9d39a
IN-AC-2008-assam-1789,assam,2016,4,KARIMGANJ SOUTH,SIPRA GOON,,11861,9.23,3,forfeit,U,47,Graduate,,challenger,src-1b7bc1c9d39a
IN-AC-2008-assam-1789,assam,2016,4,KARIMGANJ SOUTH,MONARUL HAQUE,,815,0.63,4,forfeit,U,28,5th Pass,,challenger,src-1b7bc1c9d39a
IN-AC-2008-assam-1789,assam,2016,4,KARIMGANJ SOUTH,MOSUD AHMED,,592,0.46,5,forfeit,U,41,5th Pass,,challenger,src-1b7bc1c9d39a
IN-AC-2008-assam-1789,assam,2016,4,KARIMGANJ SOUTH,AZIR UDDIN,,391,0.3,6,forfeit,U,43,5th Pass,,challenger,src-1b7bc1c9d39a
IN-AC-2008-assam-1789,assam,2016,4,KARIMGANJ SOUTH,MOIN UDDIN,,366,0.28,7,forfeit,U,44,10th Pass,,challenger,src-1b7bc1c9d39a
IN-AC-2008-assam-1789,assam,2016,4,KARIMGANJ SOUTH,MAYNUL HAQUE,,265,0.21,8,forfeit,U,40,Literate,,challenger,src-1b7bc1c9d39a
IN-AC-2008-assam-1789,assam,2016,4,KARIMGANJ SOUTH,SUFIAN AHMED,,264,0.21,9,forfeit,U,44,8th Pass,,challenger,src-1b7bc1c9d39a
IN-AC-2008-assam-1789,assam,2016,4,KARIMGANJ SOUTH,BILAL UDDIN,,242,0.19,10,forfeit,U,41,12th Pass,,challenger,src-1b7bc1c9d39a
IN-AC-2008-assam-1789,assam,2016,4,KARIMGANJ SOUTH,TAJ MD KAMAL UDDIN KHAN,,212,0.17,11,forfeit,U,33,12th Pass,,challenger,src-1b7bc1c9d39a
IN-AC-2008-assam-1789,assam,2016,4,KARIMGANJ SOUTH,JAMAL AHMED,,199,0.15,12,forfeit,U,35,8th Pass,,challenger,src-1b7bc1c9d39a
IN-AC-2008-assam-1789,assam,2016,4,KARIMGANJ SOUTH,ABDUL HAMID,,159,0.12,14,forfeit,U,42,8th Pass,,challenger,src-1b7bc1c9d39a
IN-AC-2008-assam-1789,assam,2016,4,KARIMGANJ SOUTH,AHMED ALI,,157,0.12,15,forfeit,U,33,8th Pass,,challenger,src-1b7bc1c9d39a
IN-AC-2008-assam-1789,assam,2016,4,KARIMGANJ SOUTH,ABU BARKAT NIZAM UDDIN AHMED,,150,0.12,16,forfeit,U,50,5th Pass,,challenger,src-1b7bc1c9d39a
IN-AC-2008-assam-1789,assam,2016,4,KARIMGANJ SOUTH,MUKTAR HUSSAIN,,122,0.09,17,forfeit,U,25,10th Pass,,challenger,src-1b7bc1c9d39a
IN-AC-2008-assam-1789,assam,2016,4,KARIMGANJ SOUTH,SAD UDDIN,,106,0.08,18,forfeit,U,53,5th Pass,,challenger,src-1b7bc1c9d39a
IN-AC-2008-assam-1789,assam,2016,4,KARIMGANJ SOUTH,SAHAJAN AHMED,,105,0.08,19,forfeit,U,38,Literate,,challenger,src-1b7bc1c9d39a
IN-AC-2008-assam-1789,assam,2016,4,KARIMGANJ SOUTH,QUAMRUL ISLAM,,98,0.08,20,forfeit,U,35,8th Pass,,challenger,src-1b7bc1c9d39a
IN-AC-2008-assam-1789,assam,2016,4,KARIMGANJ SOUTH,SARIF UDDIN,,97,0.08,21,forfeit,U,36,5th Pass,,challenger,src-1b7bc1c9d39a
IN-AC-2008-assam-1789,assam,2016,4,KARIMGANJ SOUTH,FAIZUL HAQUE,,95,0.07,22,forfeit,U,25,5th Pass,,challenger,src-1b7bc1c9d39a
IN-AC-2008-assam-1789,assam,2016,4,KARIMGANJ SOUTH,KABIR UDDIN,,90,0.07,23,forfeit,U,39,8th Pass,,challenger,src-1b7bc1c9d39a
IN-AC-2008-assam-1789,assam,2016,4,KARIMGANJ SOUTH,SALIM UDDIN,,80,0.06,24,forfeit,U,30,10th Pass,,challenger,src-1b7bc1c9d39a
IN-AC-2008-assam-1789,assam,2016,4,KARIMGANJ SOUTH,SABIR AHMED,,56,0.04,25,forfeit,U,27,8th Pass,,challenger,src-1b7bc1c9d39a
IN-AC-2008-assam-1789,assam,2016,4,KARIMGANJ SOUTH,RAJIB DAS,,43,0.03,26,forfeit,U,34,10th Pass,,challenger,src-1b7bc1c9d39a
IN-AC-2008-assam-1786,assam,2016,5,BADARPUR,JAMAL UDDIN AHMED,,38266,34.01,1,won,U,61,5th Pass,Party Worker,incumbent,src-1b7bc1c9d39a
IN-AC-2008-assam-1786,assam,2016,5,BADARPUR,ABDUL AZIZ,,36178,32.15,2,lost,U,48,12th Pass,Trader,challenger,src-1b7bc1c9d39a
IN-AC-2008-assam-1786,assam,2016,5,BADARPUR,DIPAK DEB,,35694,31.72,3,lost,U,50,10th Pass,,challenger,src-1b7bc1c9d39a
IN-AC-2008-assam-1786,assam,2016,5,BADARPUR,SAZIDUL HOQUE,,418,0.37,5,forfeit,U,31,12th Pass,,challenger,src-1b7bc1c9d39a
IN-AC-2008-assam-1786,assam,2016,5,BADARPUR,KAMRUL ISLAM,,303,0.27,6,forfeit,U,29,8th Pass,,challenger,src-1b7bc1c9d39a
IN-AC-2008-assam-1786,assam,2016,5,BADARPUR,SUBODH SUKLABAIDYA,,295,0.26,7,forfeit,U,50,8th Pass,,challenger,src-1b7bc1c9d39a
IN-AC-2008-assam-1786,assam,2016,5,BADARPUR,OLIOUR RAHAMAN TAPADAR,,168,0.15,8,forfeit,U,43,10th Pass,,challenger,src-1b7bc1c9d39a
IN-AC-2008-assam-1786,assam,2016,5,BADARPUR,SOLMON SHAIKH,,147,0.13,9,forfeit,U,33,Graduate,,challenger,src-1b7bc1c9d39a
IN-AC-2008-assam-1786,assam,2016,5,BADARPUR,ABDUS SUKKUR BEIG,,142,0.13,10,forfeit,U,41,8th Pass,,challenger,src-1b7bc1c9d39a
IN-AC-2008-assam-1786,assam,2016,5,BADARPUR,KHASRUZZAMAN TALUKDAR,,132,0.12,11,forfeit,U,26,12th Pass,,challenger,src-1b7bc1c9d39a
IN-AC-2008-assam-1786,assam,2016,5,BADARPUR,ANAM UDDIN,,101,0.09,12,forfeit,U,36,8th Pass,,challenger,src-1b7bc1c9d39a
IN-AC-2008-assam-1786,assam,2016,5,BADARPUR,BINOY NAMASUDRA,,79,0.07,13,forfeit,U,54,Literate,,challenger,src-1b7bc1c9d39a
IN-AC-2008-assam-1787,assam,2016,6,HAILAKANDI,ANWAR HUSSAIN LASKAR,,41647,36.86,1,won,U,45,10th Pass,,challenger,src-1b7bc1c9d39a
IN-AC-2008-assam-1787,assam,2016,6,HAILAKANDI,SOUMYAJIT DUTTA CHOUDHURY,,39039,34.55,2,lost,U,38,12th Pass,,challenger,src-1b7bc1c9d39a
IN-AC-2008-assam-1787,assam,2016,6,HAILAKANDI,ZAKIR HUSSAIN LASKAR,,15633,13.84,3,forfeit,U,45,10th Pass,,challenger,src-1b7bc1c9d39a
IN-AC-2008-assam-1787,assam,2016,6,HAILAKANDI,ANAM UDDIN LASKAR,,9287,8.22,4,forfeit,U,45,12th Pass,,challenger,src-1b7bc1c9d39a
IN-AC-2008-assam-1787,assam,2016,6,HAILAKANDI,HAJI SALIM UDDIN BARBHUIYA,,1119,0.99,5,forfeit,U,58,,,challenger,src-1b7bc1c9d39a
IN-AC-2008-assam-1787,assam,2016,6,HAILAKANDI,PREMRAJ GOALA,,1104,0.98,6,forfeit,U,49,Post Graduate,,challenger,src-1b7bc1c9d39a
IN-AC-2008-assam-1787,assam,2016,6,HAILAKANDI,SAMIR UDDIN LASKAR,,602,0.53,7,forfeit,U,63,Post Graduate,Retired or Pension,challenger,src-1b7bc1c9d39a
IN-AC-2008-assam-1787,assam,2016,6,HAILAKANDI,FAKRUL ALAM MAZARBHUIYA,,579,0.51,8,forfeit,U,32,,,challenger,src-1b7bc1c9d39a
IN-AC-2008-assam-1787,assam,2016,6,HAILAKANDI,ALI HUSSAIN MIRA,,430,0.38,9,forfeit,U,33,12th Pass,,challenger,src-1b7bc1c9d39a
IN-AC-2008-assam-1787,assam,2016,6,HAILAKANDI,NIREN DAS,,376,0.33,10,forfeit,U,36,,,challenger,src-1b7bc1c9d39a
IN-AC-2008-assam-1787,assam,2016,6,HAILAKANDI,AJIT KUMAR PAUL,,372,0.33,11,forfeit,U,73,10th Pass,Party Worker,challenger,src-1b7bc1c9d39a
IN-AC-2008-assam-1787,assam,2016,6,HAILAKANDI,LUTFUR RAHMAN LASKAR,,366,0.32,12,forfeit,U,42,12th Pass,,challenger,src-1b7bc1c9d39a
IN-AC-2008-assam-1787,assam,2016,6,HAILAKANDI,AMIT KUMAR DEB,,363,0.32,13,forfeit,U,28,10th Pass,,challenger,src-1b7bc1c9d39a
IN-AC-2008-assam-1787,assam,2016,6,HAILAKANDI,MITUZZAMAN LASKAR,,244,0.22,15,forfeit,U,36,,,challenger,src-1b7bc1c9d39a
IN-AC-2008-assam-1787,assam,2016,6,HAILAKANDI,PARBEJ KHASRU LASKAR,,228,0.2,16,forfeit,U,37,12th Pass,,challenger,src-1b7bc1c9d39a
IN-AC-2008-assam-1787,assam,2016,6,HAILAKANDI,AMAR CHAND BHOWMIK,,211,0.19,17,forfeit,U,52,12th Pass,,challenger,src-1b7bc1c9d39a
IN-AC-2008-assam-1787,assam,2016,6,HAILAKANDI,BURHAN UDDIN BARBHUIYA,,199,0.18,18,forfeit,U,32,10th Pass,,challenger,src-1b7bc1c9d39a
IN-AC-2008-assam-1787,assam,2016,6,HAILAKANDI,SAHARUZZAMAN LASKAR,,180,0.16,19,forfeit,U,40,,,challenger,src-1b7bc1c9d39a
IN-AC-2008-assam-1787,assam,2016,6,HAILAKANDI,ABUL HUSSAIN BARBHUIYA,,176,0.16,20,forfeit,U,28,8th Pass,,challenger,src-1b7bc1c9d39a
IN-AC-2008-assam-1787,assam,2016,6,HAILAKANDI,SUSHIL PAUL,,163,0.14,21,forfeit,U,55,10th Pass,Traditional Medicine,challenger,src-1b7bc1c9d39a
IN-AC-2008-assam-1787,assam,2016,6,HAILAKANDI,ADHIR CHANDA,,158,0.14,22,forfeit,U,48,10th Pass,,challenger,src-1b7bc1c9d39a
IN-AC-2008-assam-1787,assam,2016,6,HAILAKANDI,AJAY KUMAR ROY,,122,0.11,23,forfeit,U,34,,,challenger,src-1b7bc1c9d39a
IN-AC-2008-assam-1787,assam,2016,6,HAILAKANDI,SANKAR CHAKROBARTY,,114,0.1,24,forfeit,U,39,,,challenger,src-1b7bc1c9d39a
IN-AC-2008-assam-1790,assam,2016,7,KATLICHERRA,SUZAM UDDIN LASKAR,,50676,40.6,1,won,U,49,12th Pass,,challenger,src-1b7bc1c9d39a
IN-AC-2008-assam-1790,assam,2016,7,KATLICHERRA,GAUTAM ROY,,35592,28.51,2,lost,U,68,12th Pass,Minister,incumbent,src-1b7bc1c9d39a
IN-AC-2008-assam-1790,assam,2016,7,KATLICHERRA,RAJ KUMAR DAS,,32164,25.77,3,lost,U,51,Graduate Professional,Self-employed,challenger,src-1b7bc1c9d39a
IN-AC-2008-assam-1790,assam,2016,7,KATLICHERRA,MULNEILAL HRANGKHOL,,898,0.72,5,forfeit,U,40,10th Pass,,challenger,src-1b7bc1c9d39a
IN-AC-2008-assam-1790,assam,2016,7,KATLICHERRA,SUZAM UDDIN LASKAR,,782,0.63,6,forfeit,U,26,Literate,,challenger,src-1b7bc1c9d39a
IN-AC-2008-assam-1790,assam,2016,7,KATLICHERRA,ANIL NATH,,755,0.6,7,forfeit,U,55,10th Pass,,challenger,src-1b7bc1c9d39a
IN-AC-2008-assam-1790,assam,2016,7,KATLICHERRA,BHASKAR DEB,,661,0.53,8,forfeit,U,35,10th Pass,,challenger,src-1b7bc1c9d39a
IN-AC-2008-assam-1790,assam,2016,7,KATLICHERRA,BACHCHU PAUL,,567,0.45,9,forfeit,U,38,Graduate,,challenger,src-1b7bc1c9d39a
IN-AC-2008-assam-1790,assam,2016,7,KATLICHERRA,MINNOTULLA CHOUDHURY,,429,0.34,10,forfeit,U,28,8th Pass,,challenger,src-1b7bc1c9d39a
IN-AC-2008-assam-1790,assam,2016,7,KATLICHERRA,MOHAN DEB,,383,0.31,11,forfeit,U,26,10th Pass,,challenger,src-1b7bc1c9d39a
IN-AC-2008-assam-1790,assam,2016,7,KATLICHERRA,ASHIK AHMED LASKAR,,364,0.29,12,forfeit,U,26,Graduate,,challenger,src-1b7bc1c9d39a
IN-AC-2008-assam-1790,assam,2016,7,KATLICHERRA,BAPPA PURKAYASTHA,,329,0.26,13,forfeit,U,38,12th Pass,Self-employed,challenger,src-1b7bc1c9d39a
IN-AC-2008-assam-1790,assam,2016,7,KATLICHERRA,NOROKANTO DAS,,300,0.24,14,forfeit,U,46,,,challenger,src-1b7bc1c9d39a
IN-AC-2008-assam-1785,assam,2016,8,ALGAPUR,NIZAM UDDIN CHOUDHURY,,50531,42.32,1,won,U,43,8th Pass,,challenger,src-1b7bc1c9d39a
IN-AC-2008-assam-1785,assam,2016,8,ALGAPUR,KAUSHIK RAI,,32777,27.45,2,lost,U,39,Graduate Professional,Lawyer,challenger,src-1b7bc1c9d39a
IN-AC-2008-assam-1785,assam,2016,8,ALGAPUR,RAHUL ROY,,25927,21.72,3,lost,U,41,Post Graduate,,challenger,src-1b7bc1c9d39a
IN-AC-2008-assam-1785,assam,2016,8,ALGAPUR,MEHNAZ SAHID CHOUDHURY,,5822,4.88,4,forfeit,U,26,Post Graduate,,challenger,src-1b7bc1c9d39a
IN-AC-2008-assam-1785,assam,2016,8,ALGAPUR,SAHIDUL ISLAM LASKAR,,585,0.49,6,forfeit,U,32,Graduate Professional,Lawyer,challenger,src-1b7bc1c9d39a
IN-AC-2008-assam-1785,assam,2016,8,ALGAPUR,AHMED HUSSAIN LASKAR,,509,0.43,7,forfeit,U,25,12th Pass,Home Teacher or Tuition,challenger,src-1b7bc1c9d39a
IN-AC-2008-assam-1785,assam,2016,8,ALGAPUR,RAJU DAS,,475,0.4,8,forfeit,U,40,12th Pass,,challenger,src-1b7bc1c9d39a
IN-AC-2008-assam-1785,assam,2016,8,ALGAPUR,RUPU DEB,,475,0.4,9,forfeit,U,34,8th Pass,,challenger,src-1b7bc1c9d39a
IN-AC-2008-assam-1785,assam,2016,8,ALGAPUR,SAMIN AHMED CHOUDHURY,,461,0.39,10,forfeit,U,34,,,challenger,src-1b7bc1c9d39a
IN-AC-2008-assam-1785,assam,2016,8,ALGAPUR,AHMED KARIM BARBHUIYA,,260,0.22,11,forfeit,U,38,12th Pass,Home Teacher or Tuition,challenger,src-1b7bc1c9d39a
IN-AC-2008-assam-1785,assam,2016,8,ALGAPUR,IMADUL ISLAM LASKAR,,229,0.19,12,forfeit,U,42,8th Pass,,challenger,src-1b7bc1c9d39a
IN-AC-2008-assam-1785,assam,2016,8,ALGAPUR,BINAYAK DEB,,222,0.19,13,forfeit,U,27,12th Pass,,challenger,src-1b7bc1c9d39a
IN-AC-2008-assam-1785,assam,2016,8,ALGAPUR,KAZI MUZAKKIR HUSSAIN,,179,0.15,14,forfeit,U,33,12th Pass,,challenger,src-1b7bc1c9d39a
IN-AC-2008-assam-1785,assam,2016,8,ALGAPUR,SALEH AHMED MAZUMDER,,173,0.14,15,forfeit,U,30,8th Pass,,challenger,src-1b7bc1c9d39a
IN-AC-2008-assam-1835,assam,2016,9,SILCHAR,DILIP KUMAR PAUL,,94787,60.53,1,won,U,60,Graduate,,incumbent,src-1b7bc1c9d39a
IN-AC-2008-assam-1835,assam,2016,9,SILCHAR,BITHIKA DEV,,54867,35.04,2,lost,U,80,12th Pass,,challenger,src-1b7bc1c9d39a
IN-AC-2008-assam-1835,assam,2016,9,SILCHAR,SUPRIYA BHATTACHARJEE,,1961,1.25,3,forfeit,U,57,Graduate,,challenger,src-1b7bc1c9d39a
IN-AC-2008-assam-1835,assam,2016,9,SILCHAR,SHUVADIP DATTA,,657,0.42,5,forfeit,U,50,,,challenger,src-1b7bc1c9d39a
IN-AC-2008-assam-1835,assam,2016,9,SILCHAR,RITA MAZUMDER,,526,0.34,6,forfeit,U,41,10th Pass,Household,challenger,src-1b7bc1c9d39a
IN-AC-2008-assam-1835,assam,2016,9,SILCHAR,IMDAD HUSSAIN LASKAR,,512,0.33,7,forfeit,U,42,12th Pass,,challenger,src-1b7bc1c9d39a
IN-AC-2008-assam-1835,assam,2016,9,SILCHAR,SAHIN AHMED CHOUDHURY,,332,0.21,8,forfeit,U,38,10th Pass,,challenger,src-1b7bc1c9d39a
IN-AC-2008-assam-1835,assam,2016,9,SILCHAR,PRADIP KUMAR DEB,,324,0.21,9,forfeit,U,62,Graduate Professional,Retired Teacher,challenger,src-1b7bc1c9d39a
IN-AC-2008-assam-1835,assam,2016,9,SILCHAR,BIJU CHANDA,,318,0.2,10,forfeit,U,35,8th Pass,,challenger,src-1b7bc1c9d39a
IN-AC-2008-assam-1835,assam,2016,9,SILCHAR,KHAIRUL ALAM BARBHUIYA,,270,0.17,11,forfeit,U,61,10th Pass,Ex Civil Service,challenger,src-1b7bc1c9d39a
IN-AC-2008-assam-1835,assam,2016,9,SILCHAR,BROJALAL DAS,,232,0.15,12,forfeit,U,38,12th Pass,,challenger,src-1b7bc1c9d39a
IN-AC-2008-assam-1835,assam,2016,9,SILCHAR,ASCHAM UDDIN LASKAR,,211,0.13,13,forfeit,U,45,8th Pass,,challenger,src-1b7bc1c9d39a
IN-AC-2008-assam-1835,assam,2016,9,SILCHAR,NILOM SANJIB SARMAH,,199,0.13,14,forfeit,U,32,,,challenger,src-1b7bc1c9d39a
IN-AC-2008-assam-1835,assam,2016,9,SILCHAR,MONILAL DAS,,158,0.1,15,forfeit,U,40,,,challenger,src-1b7bc1c9d39a
IN-AC-2008-assam-1835,assam,2016,9,SILCHAR,ASHIM KUMAR DAS,,97,0.06,16,forfeit,U,31,10th Pass,,challenger,src-1b7bc1c9d39a
IN-AC-2008-assam-1836,assam,2016,10,SONAI,AMINUL HAQUE LASKAR,,44236,35.83,1,won,U,50,Graduate,,crossover,src-1b7bc1c9d39a
IN-AC-2008-assam-1836,assam,2016,10,SONAI,ANAMUL HAQUE,,36683,29.71,2,lost,U,66,Graduate Professional,Ex MLA,incumbent,src-1b7bc1c9d39a
IN-AC-2008-assam-1836,assam,2016,10,SONAI,KARIM UDDIN BARBHUIYA,,32109,26.01,3,lost,U,46,12th Pass,,challenger,src-1b7bc1c9d39a
IN-AC-2008-assam-1836,assam,2016,10,SONAI,IBUNGOBI SINGHA,,2987,2.42,4,forfeit,U,42,10th Pass,,challenger,src-1b7bc1c9d39a
IN-AC-2008-assam-1836,assam,2016,10,SONAI,ANWAR HUSSAIN LASKAR,,2408,1.95,5,forfeit,U,54,8th Pass,,challenger,src-1b7bc1c9d39a
IN-AC-2008-assam-1836,assam,2016,10,SONAI,SANJIB KUMAR DAS,,943,0.76,7,forfeit,U,39,8th Pass,,challenger,src-1b7bc1c9d39a
IN-AC-2008-assam-1836,assam,2016,10,SONAI,SANTOSH DAS,,598,0.48,8,forfeit,U,38,8th Pass,,challenger,src-1b7bc1c9d39a
IN-AC-2008-assam-1836,assam,2016,10,SONAI,REJAUL ISLAM BARBHUIYA,,579,0.47,9,forfeit,U,32,12th Pass,,challenger,src-1b7bc1c9d39a
IN-AC-2008-assam-1836,assam,2016,10,SONAI,PRANESH NATH,,522,0.42,10,forfeit,U,46,10th Pass,Transport,challenger,src-1b7bc1c9d39a
IN-AC-2008-assam-1836,assam,2016,10,SONAI,JAWAHAR LAL GOALA,,401,0.32,11,forfeit,U,67,8th Pass,,challenger,src-1b7bc1c9d39a
IN-AC-2008-assam-1836,assam,2016,10,SONAI,MANINDRA CHANDRA DAS,,401,0.32,12,forfeit,U,62,10th Pass,,challenger,src-1b7bc1c9d39a
IN-AC-2008-assam-1836,assam,2016,10,SONAI,MAKSUS AHMED LASKAR,,306,0.25,13,forfeit,U,34,12th Pass,,challenger,src-1b7bc1c9d39a
IN-AC-2008-assam-1832,assam,2016,11,DHOLAI,PARIMAL SUKLABAIDYA,,68694,53.54,1,won,U,58,Graduate,,challenger,src-1b7bc1c9d39a
IN-AC-2008-assam-1832,assam,2016,11,DHOLAI,GIRINDRA MALLIK,,41857,32.62,2,lost,U,77,Graduate Professional,Ex Military,incumbent,src-1b7bc1c9d39a
IN-AC-2008-assam-1832,assam,2016,11,DHOLAI,LALTA PROSAD MALA,,13382,10.43,3,forfeit,U,61,8th Pass,,challenger,src-1b7bc1c9d39a
IN-AC-2008-assam-1832,assam,2016,11,DHOLAI,GOUR CHANDRA DAS,,1146,0.89,5,forfeit,U,31,Post Graduate,Party Worker,challenger,src-1b7bc1c9d39a
IN-AC-2008-assam-1832,assam,2016,11,DHOLAI,NIHAR RANJAN DAS,,1114,0.87,6,forfeit,U,43,,,challenger,src-1b7bc1c9d39a
IN-AC-2008-assam-1837,assam,2016,12,UDHARBOND,MIHIR KANTI SHOME,,54204,48.33,1,won,U,49,10th Pass,,challenger,src-1b7bc1c9d39a
IN-AC-2008-assam-1837,assam,2016,12,UDHARBOND,AJIT SINGH,,45598,40.65,2,lost,U,55,Graduate,,incumbent,src-1b7bc1c9d39a
IN-AC-2008-assam-1837,assam,2016,12,UDHARBOND,LIAKAT ALI LASKAR,,8715,7.77,3,forfeit,U,56,8th Pass,,challenger,src-1b7bc1c9d39a
IN-AC-2008-assam-1837,assam,2016,12,UDHARBOND,SADIK HUSSAIN BARLASKAR,,882,0.79,5,forfeit,U,41,10th Pass,,challenger,src-1b7bc1c9d39a
IN-AC-2008-assam-1837,assam,2016,12,UDHARBOND,APARNA TEWARI,,542,0.48,6,forfeit,U,48,10th Pass,,challenger,src-1b7bc1c9d39a
IN-AC-2008-assam-1837,assam,2016,12,UDHARBOND,MOINUL HOQUE LASKAR,,474,0.42,7,forfeit,U,47,12th Pass,,challenger,src-1b7bc1c9d39a
IN-AC-2008-assam-1834,assam,2016,13,LAKHIPUR,RAJDEEP GOALA,,60135,55,1,won,U,31,Graduate,,incumbent,src-1b7bc1c9d39a
IN-AC-2008-assam-1834,assam,2016,13,LAKHIPUR,THOIBA SINGHA,,35768,32.71,2,lost,U,41,Graduate,,challenger,src-1b7bc1c9d39a
IN-AC-2008-assam-1834,assam,2016,13,LAKHIPUR,LALTHOMLIEN HMAR,,8923,8.16,3,forfeit,U,37,12th Pass,Minister,challenger,src-1b7bc1c9d39a
IN-AC-2008-assam-1834,assam,2016,13,LAKHIPUR,JOY SINGH CHATRI,,1346,1.23,4,forfeit,U,56,8th Pass,,challenger,src-1b7bc1c9d39a
IN-AC-2008-assam-1834,assam,2016,13,LAKHIPUR,SANJAY KUMAR THAKUR,,741,0.68,6,forfeit,U,42,Graduate Professional,Lawyer,challenger,src-1b7bc1c9d39a
IN-AC-2008-assam-1834,assam,2016,13,LAKHIPUR,AJMUL HUSSAIN LASKAR,,660,0.6,7,forfeit,U,48,10th Pass,Ex Military,challenger,src-1b7bc1c9d39a
IN-AC-2008-assam-1834,assam,2016,13,LAKHIPUR,UJJAL DHUBI,,456,0.42,8,forfeit,U,29,8th Pass,,challenger,src-1b7bc1c9d39a
IN-AC-2008-assam-1831,assam,2016,14,BARKHOLA,KISHOR NATH,,36482,34.9,1,won,U,51,10th Pass,Distributors,challenger,src-1b7bc1c9d39a
IN-AC-2008-assam-1831,assam,2016,14,BARKHOLA,MISBAHUL ISLAM LASKAR,,36440,34.86,2,lost,U,60,Graduate Professional,Lawyer,challenger,src-1b7bc1c9d39a
IN-AC-2008-assam-1831,assam,2016,14,BARKHOLA,DR. RUMI NATH,,21946,20.99,3,lost,U,36,Graduate Professional,MLA,incumbent,src-1b7bc1c9d39a
IN-AC-2008-assam-1831,assam,2016,14,BARKHOLA,JAHURUL ISLAM BARBHUIYA,,4051,3.88,4,forfeit,U,33,12th Pass,,challenger,src-1b7bc1c9d39a
IN-AC-2008-assam-1831,assam,2016,14,BARKHOLA,CHUNILAL BHATTACHARJEE,,2438,2.33,5,forfeit,U,74,Graduate Professional,,challenger,src-1b7bc1c9d39a
IN-AC-2008-assam-1831,assam,2016,14,BARKHOLA,BADRUL ISLAM MAZUMDER,,619,0.59,7,forfeit,U,40,12th Pass,,challenger,src-1b7bc1c9d39a
IN-AC-2008-assam-1831,assam,2016,14,BARKHOLA,ANAM UDDIN MAZUMDER,,473,0.45,8,forfeit,U,40,10th Pass,,challenger,src-1b7bc1c9d39a
IN-AC-2008-assam-1831,assam,2016,14,BARKHOLA,NAZMUL HOQUE LASKAR,,464,0.44,9,forfeit,U,45,10th Pass,,challenger,src-1b7bc1c9d39a
IN-AC-2008-assam-1833,assam,2016,15,KATIGORA,AMAR CHAND JAIN,,59764,44.04,1,won,U,59,10th Pass,,challenger,src-1b7bc1c9d39a
IN-AC-2008-assam-1833,assam,2016,15,KATIGORA,KHALIL UDDIN MAZUMDER,,50956,37.55,2,lost,U,37,8th Pass,,challenger,src-1b7bc1c9d39a
IN-AC-2008-assam-1833,assam,2016,15,KATIGORA,ATAUR RAHMAN MAZARBHUIYA,,16418,12.1,3,forfeit,U,63,Post Graduate,,incumbent,src-1b7bc1c9d39a
IN-AC-2008-assam-1833,assam,2016,15,KATIGORA,TRAYABASHI DAS,,1949,1.44,4,forfeit,U,41,Graduate,,challenger,src-1b7bc1c9d39a
IN-AC-2008-assam-1833,assam,2016,15,KATIGORA,MOINUL HOQUE,,1372,1.01,5,forfeit,U,61,Graduate,Retired Teacher,challenger,src-1b7bc1c9d39a
IN-AC-2008-assam-1833,assam,2016,15,KATIGORA,SAMUJJAL DAS,,906,0.67,6,forfeit,U,25,8th Pass,,challenger,src-1b7bc1c9d39a
IN-AC-2008-assam-1833,assam,2016,15,KATIGORA,HANIF ALOM MAZARBHUIYA,,826,0.61,8,forfeit,U,32,Graduate,,challenger,src-1b7bc1c9d39a
IN-AC-2008-assam-1833,assam,2016,15,KATIGORA,ALA UDDIN CHOUDHURY,,552,0.41,9,forfeit,U,64,12th Pass,,challenger,src-1b7bc1c9d39a
IN-AC-2008-assam-1833,assam,2016,15,KATIGORA,SALEH AHMED TALUKDAR,,541,0.4,10,forfeit,U,28,Others,Religious Teacher,challenger,src-1b7bc1c9d39a
IN-AC-2008-assam-1833,assam,2016,15,KATIGORA,ARUN KARMAKAR,,425,0.31,11,forfeit,U,48,Literate,,challenger,src-1b7bc1c9d39a
IN-AC-2008-assam-1833,assam,2016,15,KATIGORA,RAFIQUE UZZAMAN LASKAR,,356,0.26,12,forfeit,U,51,Graduate,,challenger,src-1b7bc1c9d39a
IN-AC-2008-assam-1833,assam,2016,15,KATIGORA,MAHENDRA SINHA,,284,0.21,13,forfeit,U,46,12th Pass,,challenger,src-1b7bc1c9d39a
IN-AC-2008-assam-1833,assam,2016,15,KATIGORA,SUJATA SINHA,,273,0.2,14,forfeit,U,37,Post Graduate,,challenger,src-1b7bc1c9d39a
IN-AC-2008-assam-1833,assam,2016,15,KATIGORA,DIPAK LAL DAS,,184,0.14,15,forfeit,U,58,10th Pass,,challenger,src-1b7bc1c9d39a
IN-AC-2008-assam-1724,assam,2016,16,HAFLONG,BIR BHADRA HAGJER,,52037,50.77,1,won,U,65,Graduate,Ex Civil Service,challenger,src-1b7bc1c9d39a
IN-AC-2008-assam-1724,assam,2016,16,HAFLONG,NIRMAL LANGTHASA,,43731,42.67,2,lost,U,42,Graduate,,challenger,src-1b7bc1c9d39a
IN-AC-2008-assam-1724,assam,2016,16,HAFLONG,MAYASING DAULAGUPU,,2893,2.82,3,forfeit,U,62,Graduate,,challenger,src-1b7bc1c9d39a
IN-AC-2008-assam-1724,assam,2016,16,HAFLONG,NEIKHOL HAOLAI CHANGSAN,,2723,2.66,4,forfeit,U,42,12th Pass,,challenger,src-1b7bc1c9d39a
IN-AC-2008-assam-1722,assam,2016,17,BOKAJAN,NUMAL MOMIN,,40170,37.49,1,won,U,43,Post Graduate,Doctor,challenger,src-1b7bc1c9d39a
IN-AC-2008-assam-1722,assam,2016,17,BOKAJAN,KLENGDOON ENGTI,,35426,33.06,2,lost,U,35,Graduate Professional,Self-employed,incumbent,src-1b7bc1c9d39a
IN-AC-2008-assam-1722,assam,2016,17,BOKAJAN,JAGAT SING ENGTI,,25388,23.69,3,lost,U,46,Graduate,,challenger,src-1b7bc1c9d39a
IN-AC-2008-assam-1722,assam,2016,17,BOKAJAN,DANIEL MOMIN,,1628,1.52,5,forfeit,U,31,12th Pass,,challenger,src-1b7bc1c9d39a
IN-AC-2008-assam-1722,assam,2016,17,BOKAJAN,SANJAY KEMPRAI,,1441,1.34,6,forfeit,U,35,10th Pass,,challenger,src-1b7bc1c9d39a
IN-AC-2008-assam-1722,assam,2016,17,BOKAJAN,BIKHA TOKBI,,959,0.89,7,forfeit,U,35,10th Pass,,challenger,src-1b7bc1c9d39a
IN-AC-2008-assam-1725,assam,2016,18,HOWRAGHAT,JOY RAM ENGLENG,,43378,44.19,1,won,U,56,10th Pass,,challenger,src-1b7bc1c9d39a
IN-AC-2008-assam-1725,assam,2016,18,HOWRAGHAT,KHORSING ENGTI,,36987,37.68,2,lost,U,65,Graduate,,incumbent,src-1b7bc1c9d39a
IN-AC-2008-assam-1725,assam,2016,18,HOWRAGHAT,CHOMANG KRO,,15899,16.2,3,forfeit,U,50,Graduate,,challenger,src-1b7bc1c9d39a
IN-AC-2008-assam-1723,assam,2016,19,DIPHU,SUM RONGHANG,,64421,46.59,1,won,U,53,Graduate,,challenger,src-1b7bc1c9d39a
IN-AC-2008-assam-1723,assam,2016,19,DIPHU,BIDYA SING ENGLENG,,36185,26.17,2,lost,U,61,Graduate,,incumbent,src-1b7bc1c9d39a
IN-AC-2008-assam-1723,assam,2016,19,DIPHU,DR. JAYANTA RONGPI,,31647,22.89,3,lost,U,59,Post Graduate,Self-employed,challenger,src-1b7bc1c9d39a
IN-AC-2008-assam-1723,assam,2016,19,DIPHU,DIPENDRA RONGPI,,1975,1.43,5,forfeit,U,54,10th Pass,Activist,crossover,src-1b7bc1c9d39a
IN-AC-2008-assam-1723,assam,2016,19,DIPHU,MARY KRAMSAPI,,1231,0.89,6,forfeit,U,53,Graduate,Household,challenger,src-1b7bc1c9d39a
IN-AC-2008-assam-1721,assam,2016,20,BAITHALANGSO,Dr. Mansing Rongpi,,72160,54.96,1,won,U,,,,incumbent,src-1b7bc1c9d39a
IN-AC-2008-assam-1721,assam,2016,20,BAITHALANGSO,Ruponsing Ronghang,,55560,42.32,2,lost,U,,,,challenger,src-1b7bc1c9d39a
IN-AC-2008-assam-1721,assam,2016,20,BAITHALANGSO,Rajen Timung,,3576,2.72,3,forfeit,U,,,,challenger,src-1b7bc1c9d39a
IN-AC-2008-assam-1744,assam,2016,21,MANKACHAR,DR. MOTIUR ROHMAN MONDAL,,54181,31.57,1,won,U,66,Post Graduate,Ex Military,challenger,src-1b7bc1c9d39a
IN-AC-2008-assam-1744,assam,2016,21,MANKACHAR,MD. AMINUL ISLAM,,49868,29.06,2,lost,U,41,Post Graduate,Lawyer,challenger,src-1b7bc1c9d39a
IN-AC-2008-assam-1744,assam,2016,21,MANKACHAR,ZABED ISLAM,,48358,28.18,3,lost,U,48,Graduate,MLA,incumbent,src-1b7bc1c9d39a
IN-AC-2008-assam-1744,assam,2016,21,MANKACHAR,ABDUL SALAM SHAH,,8490,4.95,4,forfeit,U,48,12th Pass,Retired Teacher,crossover,src-1b7bc1c9d39a
IN-AC-2008-assam-1744,assam,2016,21,MANKACHAR,AMINUL ISLAM,,6718,3.91,5,forfeit,U,66,Post Graduate,"Ex MLA, Ex Minister",challenger,src-1b7bc1c9d39a
IN-AC-2008-assam-1744,assam,2016,21,MANKACHAR,RUKUNUR ZAMAN,,1399,0.82,6,forfeit,U,39,8th Pass,Artisan,challenger,src-1b7bc1c9d39a
IN-AC-2008-assam-1744,assam,2016,21,MANKACHAR,PAHCHAN ALI,,1186,0.69,7,forfeit,U,66,12th Pass,,challenger,src-1b7bc1c9d39a
IN-AC-2008-assam-1744,assam,2016,21,MANKACHAR,MOSTAQUE MD MOKSEDUR HASSAN,,590,0.34,9,forfeit,U,37,Graduate Professional,Engineer,challenger,src-1b7bc1c9d39a
IN-AC-2008-assam-1745,assam,2016,22,SALMARA SOUTH,WAZED ALI CHOUDHURY,,80066,54.43,1,won,U,54,Graduate,,challenger,src-1b7bc1c9d39a
IN-AC-2008-assam-1745,assam,2016,22,SALMARA SOUTH,BADRUDDIN AJMAL,,63343,43.06,2,lost,U,61,Post Graduate,,crossover,src-1b7bc1c9d39a
IN-AC-2008-assam-1745,assam,2016,22,SALMARA SOUTH,SHIRAJ HUSSAIN,,1954,1.33,3,forfeit,U,28,12th Pass,,challenger,src-1b7bc1c9d39a
IN-AC-2008-assam-1745,assam,2016,22,SALMARA SOUTH,DEWAN JOYNAL ABEDIN,,1153,0.78,4,forfeit,U,73,Post Graduate,Retired Teacher,challenger,src-1b7bc1c9d39a
IN-AC-2008-assam-1738,assam,2016,23,DHUBRI,NAJRUL HOQUE,,60933,40.08,1,won,U,46,Graduate,,challenger,src-1b7bc1c9d39a
IN-AC-2008-assam-1738,assam,2016,23,DHUBRI,NAZIBUL UMAR,,36847,24.24,2,lost,U,69,12th Pass,,challenger,src-1b7bc1c9d39a
IN-AC-2008-assam-1738,assam,2016,23,DHUBRI,DR. DEBAMOY SANYAL,,33648,22.13,3,lost,U,57,Post Graduate,Doctor,challenger,src-1b7bc1c9d39a
IN-AC-2008-assam-1738,assam,2016,23,DHUBRI,ABEDUR ZAMAN,,13126,8.63,4,forfeit,U,33,Graduate,,challenger,src-1b7bc1c9d39a
IN-AC-2008-assam-1738,assam,2016,23,DHUBRI,RASUL HOQUE,,3486,2.29,5,forfeit,U,45,10th Pass,,challenger,src-1b7bc1c9d39a
IN-AC-2008-assam-1738,assam,2016,23,DHUBRI,ALI HUSSAIN,,975,0.64,7,forfeit,U,38,Graduate,,challenger,src-1b7bc1c9d39a
IN-AC-2008-assam-1738,assam,2016,23,DHUBRI,SOPIAR RAHMAN,,669,0.44,8,forfeit,U,45,Post Graduate,School Teacher,challenger,src-1b7bc1c9d39a
IN-AC-2008-assam-1738,assam,2016,23,DHUBRI,AZHAR HUSSAIN,,552,0.36,9,forfeit,U,66,12th Pass,Retired Teacher,challenger,src-1b7bc1c9d39a
IN-AC-2008-assam-1738,assam,2016,23,DHUBRI,MUKTA BEGUM,,406,0.27,10,forfeit,U,43,12th Pass,Household,challenger,src-1b7bc1c9d39a
IN-AC-2008-assam-1738,assam,2016,23,DHUBRI,BAHARUL SK.,,312,0.21,11,forfeit,U,32,Literate,,challenger,src-1b7bc1c9d39a
IN-AC-2008-assam-1739,assam,2016,24,GAURIPUR,NIJANUR RAHMAN,,73423,45.66,1,won,U,43,Graduate,,challenger,src-1b7bc1c9d39a
IN-AC-2008-assam-1739,assam,2016,24,GAURIPUR,BANENDRA KUMAR MUSHAHARY,,53512,33.28,2,lost,U,57,,,incumbent,src-1b7bc1c9d39a
IN-AC-2008-assam-1739,assam,2016,24,GAURIPUR,SUSHIL KUMAR ROY,,23102,14.37,3,forfeit,U,60,Graduate,,challenger,src-1b7bc1c9d39a
IN-AC-2008-assam-1739,assam,2016,24,GAURIPUR,SUKUMAR ROY,,5420,3.37,4,forfeit,U,52,Graduate,,challenger,src-1b7bc1c9d39a
IN-AC-2008-assam-1739,assam,2016,24,GAURIPUR,ABDUR RAZZAQUE SHEIKH,,768,0.48,6,forfeit,U,48,Post Graduate,Lawyer,challenger,src-1b7bc1c9d39a
IN-AC-2008-assam-1739,assam,2016,24,GAURIPUR,SUNIL DAS,,669,0.42,7,forfeit,U,45,Graduate,,challenger,src-1b7bc1c9d39a
IN-AC-2008-assam-1739,assam,2016,24,GAURIPUR,MOINUL HOQUE,,595,0.37,8,forfeit,U,42,12th Pass,,challenger,src-1b7bc1c9d39a
IN-AC-2008-assam-1739,assam,2016,24,GAURIPUR,HELIM ZAMAN,,539,0.34,9,forfeit,U,32,Others,,challenger,src-1b7bc1c9d39a
IN-AC-2008-assam-1739,assam,2016,24,GAURIPUR,BIKROMJIT ROY,,534,0.33,10,forfeit,U,38,10th Pass,,challenger,src-1b7bc1c9d39a
IN-AC-2008-assam-1739,assam,2016,24,GAURIPUR,MD. MAHIJUR RAHMAN,,487,0.3,11,forfeit,U,38,10th Pass,Unspecified,challenger,src-1b7bc1c9d39a
IN-AC-2008-assam-1739,assam,2016,24,GAURIPUR,MIR HUSSAIN SARKAR,,301,0.19,12,forfeit,U,25,Graduate,,challenger,src-1b7bc1c9d39a
IN-AC-2008-assam-1742,assam,2016,25,GOLAKGANJ,ASHWINI RAY SARKAR,,74644,46.2,1,won,U,44,Post Graduate,,challenger,src-1b7bc1c9d39a
IN-AC-2008-assam-1742,assam,2016,25,GOLAKGANJ,ABDUS SOBAHAN ALI SARKAR,,68253,42.25,2,lost,U,40,Graduate,,challenger,src-1b7bc1c9d39a
IN-AC-2008-assam-1742,assam,2016,25,GOLAKGANJ,SAFER ALI AHMED,,16843,10.43,3,forfeit,U,53,Graduate,,challenger,src-1b7bc1c9d39a
IN-AC-2008-assam-1742,assam,2016,25,GOLAKGANJ,JALAL UDDIN KHAN,,814,0.5,5,forfeit,U,48,8th Pass,,challenger,src-1b7bc1c9d39a
IN-AC-2008-assam-1800,assam,2016,26,BILASIPARA WEST,HAFIZ BASHIR AHMED,,44407,32.29,1,won,U,55,Post Graduate,,incumbent,src-1b7bc1c9d39a
IN-AC-2008-assam-1800,assam,2016,26,BILASIPARA WEST,ALI AKBAR MIAH,,33205,24.15,2,lost,U,57,Graduate,,challenger,src-1b7bc1c9d39a
IN-AC-2008-assam-1800,assam,2016,26,BILASIPARA WEST,SABANA AKTAR,,25515,18.55,3,lost,U,43,Graduate,,challenger,src-1b7bc1c9d39a
IN-AC-2008-assam-1800,assam,2016,26,BILASIPARA WEST,ALI AZOM SHEIKH,,14688,10.68,4,forfeit,U,60,Post Graduate,Ex Civil Service,challenger,src-1b7bc1c9d39a
IN-AC-2008-assam-1800,assam,2016,26,BILASIPARA WEST,GIAS UDDIN AHMED,,6792,4.94,5,forfeit,U,87,Graduate Professional,Lawyer,challenger,src-1b7bc1c9d39a
IN-AC-2008-assam-1800,assam,2016,26,BILASIPARA WEST,BIPLAB MUKHERJEE,,5812,4.23,6,forfeit,U,44,12th Pass,,challenger,src-1b7bc1c9d39a
IN-AC-2008-assam-1800,assam,2016,26,BILASIPARA WEST,ATOWAR HUSSAIN,,1997,1.45,7,forfeit,U,35,10th Pass,,challenger,src-1b7bc1c9d39a
IN-AC-2008-assam-1800,assam,2016,26,BILASIPARA WEST,SAIFUL ISLAM,,1412,1.03,8,forfeit,U,44,Post Graduate,,challenger,src-1b7bc1c9d39a
IN-AC-2008-assam-1800,assam,2016,26,BILASIPARA WEST,SHEIKH MONSHUR RAHMAN,,616,0.45,10,forfeit,U,55,Graduate,,challenger,src-1b7bc1c9d39a
IN-AC-2008-assam-1800,assam,2016,26,BILASIPARA WEST,MOHAR UDDIN MONDAL,,577,0.42,11,forfeit,U,46,Post Graduate,Lawyer,crossover,src-1b7bc1c9d39a
IN-AC-2008-assam-1800,assam,2016,26,BILASIPARA WEST,AFZALUR RAHMAN,,498,0.36,12,forfeit,U,29,Post Graduate,,challenger,src-1b7bc1c9d39a
IN-AC-2008-assam-1800,assam,2016,26,BILASIPARA WEST,AJMIRA AKTAR,,492,0.36,13,forfeit,U,25,8th Pass,Household,challenger,src-1b7bc1c9d39a
IN-AC-2008-assam-1800,assam,2016,26,BILASIPARA WEST,PRAKRITA KUMAR N ATH,,486,0.35,14,forfeit,U,49,,,challenger,src-1b7bc1c9d39a
IN-AC-2008-assam-1800,assam,2016,26,BILASIPARA WEST,YOUSUB ALI AHMED,,250,0.18,15,forfeit,U,68,12th Pass,,challenger,src-1b7bc1c9d39a
IN-AC-2008-assam-1736,assam,2016,27,BILASIPARA EAST,ASHOK KUMAR SINGHI,,59206,35.3,1,won,U,52,12th Pass,Contractor,challenger,src-1b7bc1c9d39a
IN-AC-2008-assam-1736,assam,2016,27,BILASIPARA EAST,AMRIT BADSHA,,54110,32.26,2,lost,U,33,10th Pass,,challenger,src-1b7bc1c9d39a
IN-AC-2008-assam-1736,assam,2016,27,BILASIPARA EAST,MOSHLEM UDDIN CHOUDHURY,,43213,25.76,3,lost,U,46,Graduate,,challenger,src-1b7bc1c9d39a
IN-AC-2008-assam-1736,assam,2016,27,BILASIPARA EAST,ANWAR HUSSAIN,,4941,2.95,4,forfeit,U,68,Graduate,Party Worker,challenger,src-1b7bc1c9d39a
IN-AC-2008-assam-1736,assam,2016,27,BILASIPARA EAST,SIDDIQUE HUSSEIN,,1047,0.62,6,forfeit,U,38,5th Pass,,challenger,src-1b7bc1c9d39a
IN-AC-2008-assam-1736,assam,2016,27,BILASIPARA EAST,AMARENDRA NATH,,749,0.45,7,forfeit,U,46,Graduate,District Council,challenger,src-1b7bc1c9d39a
IN-AC-2008-assam-1736,assam,2016,27,BILASIPARA EAST,MARTIAL RUSSEL,,733,0.44,8,forfeit,U,59,10th Pass,,challenger,src-1b7bc1c9d39a
IN-AC-2008-assam-1736,assam,2016,27,BILASIPARA EAST,NISHIL KUMAR RAY,,720,0.43,9,forfeit,U,69,12th Pass,,challenger,src-1b7bc1c9d39a
IN-AC-2008-assam-1736,assam,2016,27,BILASIPARA EAST,TRIDIP PATI SINGHA,,700,0.42,10,forfeit,U,50,12th Pass,,challenger,src-1b7bc1c9d39a
IN-AC-2008-assam-1736,assam,2016,27,BILASIPARA EAST,AMZAD HUSSEIN,,500,0.3,11,forfeit,U,54,Graduate,Unspecified,challenger,src-1b7bc1c9d39a
IN-AC-2008-assam-1736,assam,2016,27,BILASIPARA EAST,DR. ASHWIN KUMAR MAHANTA,,406,0.24,12,forfeit,U,41,,,challenger,src-1b7bc1c9d39a
IN-AC-2008-assam-1736,assam,2016,27,BILASIPARA EAST,MOMINUR ALI SHEIKH,,340,0.2,13,forfeit,U,30,12th Pass,,challenger,src-1b7bc1c9d39a
IN-AC-2008-assam-1797,assam,2016,28,GOSSALGAON,MAJENDRA NARZARY,,45517,31.93,1,won,U,59,,,incumbent,src-1b7bc1c9d39a
IN-AC-2008-assam-1797,assam,2016,28,GOSSALGAON,RAVI SANKAR KASIREDDY,,39476,27.69,2,lost,U,40,Graduate,,challenger,src-1b7bc1c9d39a
IN-AC-2008-assam-1797,assam,2016,28,GOSSALGAON,ASHIM HASDA,,32187,22.58,3,lost,U,46,Graduate,,challenger,src-1b7bc1c9d39a
IN-AC-2008-assam-1797,assam,2016,28,GOSSALGAON,SOMNATH NARZARY,,17924,12.57,4,forfeit,U,35,Post Graduate,,challenger,src-1b7bc1c9d39a
IN-AC-2008-assam-1797,assam,2016,28,GOSSALGAON,WILSON HASDA,,3786,2.66,5,forfeit,U,35,Post Graduate,,challenger,src-1b7bc1c9d39a
IN-AC-2008-assam-1797,assam,2016,28,GOSSALGAON,MITHUN NATH,,1199,0.84,7,forfeit,U,30,10th Pass,,challenger,src-1b7bc1c9d39a
IN-AC-2008-assam-1797,assam,2016,28,GOSSALGAON,RAJENDRA MUSHAHARY,,969,0.68,8,forfeit,U,58,12th Pass,,challenger,src-1b7bc1c9d39a
IN-AC-2008-assam-1799,assam,2016,29,KOKRAJHAR WEST,RABIRAM NARZARY,,64423,45.71,1,won,U,48,,,challenger,src-1b7bc1c9d39a
IN-AC-2008-assam-1799,assam,2016,29,KOKRAJHAR WEST,DAHIT CHANDRA BRAHMA,,47083,33.41,2,lost,U,40,12th Pass,,challenger,src-1b7bc1c9d39a
IN-AC-2008-assam-1799,assam,2016,29,KOKRAJHAR WEST,URKHAO GWRA BRAHMA,,18629,13.22,3,forfeit,U,52,Graduate,Ex MP,challenger,src-1b7bc1c9d39a
IN-AC-2008-assam-1799,assam,2016,29,KOKRAJHAR WEST,NILIMA BRAHMA,,3545,2.52,4,forfeit,U,43,Graduate,Household,challenger,src-1b7bc1c9d39a
IN-AC-2008-assam-1799,assam,2016,29,KOKRAJHAR WEST,BHADRESWAR BRAHMA,,1437,1.02,5,forfeit,U,64,10th Pass,,challenger,src-1b7bc1c9d39a
IN-AC-2008-assam-1799,assam,2016,29,KOKRAJHAR WEST,MUKUNDA KOCH,,1116,0.79,7,forfeit,U,46,Graduate,,challenger,src-1b7bc1c9d39a
IN-AC-2008-assam-1799,assam,2016,29,KOKRAJHAR WEST,SUBHADRA NARZARY,,1044,0.74,8,forfeit,U,43,10th Pass,,challenger,src-1b7bc1c9d39a
IN-AC-2008-assam-1799,assam,2016,29,KOKRAJHAR WEST,SUJILA BASUMATARY,,977,0.69,9,forfeit,U,48,12th Pass,,challenger,src-1b7bc1c9d39a
IN-AC-2008-assam-1799,assam,2016,29,KOKRAJHAR WEST,ARUNA BRAHMA,,775,0.55,10,forfeit,U,41,12th Pass,,challenger,src-1b7bc1c9d39a
IN-AC-2008-assam-1799,assam,2016,29,KOKRAJHAR WEST,RANJOY KR. BRAHMA,,627,0.44,11,forfeit,U,28,,,challenger,src-1b7bc1c9d39a
IN-AC-2008-assam-1798,assam,2016,30,KOKRAJHAR EAST,PRAMILA RANI BRAHMA,,76496,55.34,1,won,U,65,,,incumbent,src-1b7bc1c9d39a
IN-AC-2008-assam-1798,assam,2016,30,KOKRAJHAR EAST,PRATIBHA BRAHMA,,36405,26.34,2,lost,U,48,Post Graduate,,challenger,src-1b7bc1c9d39a
IN-AC-2008-assam-1798,assam,2016,30,KOKRAJHAR EAST,MANU BORGAYARY,,12588,9.11,3,forfeit,U,35,12th Pass,,challenger,src-1b7bc1c9d39a
IN-AC-2008-assam-1798,assam,2016,30,KOKRAJHAR EAST,BASANTA KUMAR MEDHI,,6994,5.06,4,forfeit,U,36,Graduate,,challenger,src-1b7bc1c9d39a
IN-AC-2008-assam-1798,assam,2016,30,KOKRAJHAR EAST,AJAY KUMAR NARZARY,,1816,1.31,6,forfeit,U,53,Graduate,Retired or Pension,challenger,src-1b7bc1c9d39a
IN-AC-2008-assam-1798,assam,2016,30,KOKRAJHAR EAST,RAJESH NARZARY,,1642,1.19,7,forfeit,U,42,12th Pass,,challenger,src-1b7bc1c9d39a
IN-AC-2008-assam-1801,assam,2016,31,SIDLI,CHANDAN BRAHMA,,66037,42,1,won,U,46,,,incumbent,src-1b7bc1c9d39a
IN-AC-2008-assam-1801,assam,2016,31,SIDLI,RWNGWRA NARZARY,,57049,36.28,2,lost,U,46,Graduate,MLA,challenger,src-1b7bc1c9d39a
IN-AC-2008-assam-1801,assam,2016,31,SIDLI,DILIP KUMAR SARANIA,,21601,13.74,3,forfeit,U,42,Graduate,,challenger,src-1b7bc1c9d39a
IN-AC-2008-assam-1801,assam,2016,31,SIDLI,PANKAJ ISLARY,,8083,5.14,4,forfeit,U,51,Graduate,,challenger,src-1b7bc1c9d39a
IN-AC-2008-assam-1801,assam,2016,31,SIDLI,PHALMARSTON BRAHMA,,1548,0.98,6,forfeit,U,30,10th Pass,,challenger,src-1b7bc1c9d39a
IN-AC-2008-assam-1730,assam,2016,32,BONGAIGAON,PHANI BHUSAN CHOUDHURY,,77292,56.03,1,won,U,64,Graduate,,incumbent,src-1b7bc1c9d39a
IN-AC-2008-assam-1730,assam,2016,32,BONGAIGAON,SHANKAR PRASAD RAY,,45972,33.33,2,lost,U,47,Post Graduate,,challenger,src-1b7bc1c9d39a
IN-AC-2008-assam-1730,assam,2016,32,BONGAIGAON,DR. ITESH BORDOLOI,,7087,5.14,3,forfeit,U,49,,,challenger,src-1b7bc1c9d39a
IN-AC-2008-assam-1730,assam,2016,32,BONGAIGAON,DHIRABATI CHOUDHURY,,1902,1.38,5,forfeit,U,42,10th Pass,Household,challenger,src-1b7bc1c9d39a
IN-AC-2008-assam-1730,assam,2016,32,BONGAIGAON,PRABHAT BAISNAB,,1404,1.02,6,forfeit,U,59,Graduate,,challenger,src-1b7bc1c9d39a
IN-AC-2008-assam-1730,assam,2016,32,BONGAIGAON,FULBAR ALI MOLYA,,1099,0.8,7,forfeit,U,40,5th Pass,,challenger,src-1b7bc1c9d39a
IN-AC-2008-assam-1730,assam,2016,32,BONGAIGAON,DEEPAK KUMAR DAS,,815,0.59,8,forfeit,U,32,12th Pass,,challenger,src-1b7bc1c9d39a
IN-AC-2008-assam-1795,assam,2016,33,BIJNI,KAMAL SHING NARZARY,,29240,24.5,1,won,U,58,,,incumbent,src-1b7bc1c9d39a
IN-AC-2008-assam-1795,assam,2016,33,BIJNI,AJAY KUMAR RAY,,27562,23.09,2,lost,U,29,,,challenger,src-1b7bc1c9d39a
IN-AC-2008-assam-1795,assam,2016,33,BIJNI,SANTOSH KHAKHLARY,,19350,16.21,3,forfeit,U,65,Post Graduate,Retired Teacher,challenger,src-1b7bc1c9d39a
IN-AC-2008-assam-1795,assam,2016,33,BIJNI,KAMALESWAR RAY,,18197,15.25,4,forfeit,U,43,8th Pass,,challenger,src-1b7bc1c9d39a
IN-AC-2008-assam-1795,assam,2016,33,BIJNI,KHALILUR RAHMAN,,12619,10.57,5,forfeit,U,49,Graduate,,challenger,src-1b7bc1c9d39a
IN-AC-2008-assam-1795,assam,2016,33,BIJNI,GAJENDRA BARMAN,,5991,5.02,6,forfeit,U,53,Post Graduate,,challenger,src-1b7bc1c9d39a
IN-AC-2008-assam-1795,assam,2016,33,BIJNI,BISWAJIT RAY,,3861,3.23,7,forfeit,U,42,Graduate,Trader,challenger,src-1b7bc1c9d39a
IN-AC-2008-assam-1795,assam,2016,33,BIJNI,PHILIP MARANDI,,1236,1.04,9,forfeit,U,35,10th Pass,,challenger,src-1b7bc1c9d39a
IN-AC-2008-assam-1726,assam,2016,34,ABHAYAPURI NORTH,ABDUL HAI NAGORI,,48354,35.38,1,won,U,62,Graduate Professional,Lawyer,challenger,src-1b7bc1c9d39a
IN-AC-2008-assam-1726,assam,2016,34,ABHAYAPURI NORTH,BHUPEN ROY,,46211,33.81,2,lost,U,57,Graduate,Agricultural Business,incumbent,src-1b7bc1c9d39a
IN-AC-2008-assam-1726,assam,2016,34,ABHAYAPURI NORTH,ABDUL BATIN KHANDAKAR,,32699,23.92,3,lost,U,48,Graduate Professional,,challenger,src-1b7bc1c9d39a
IN-AC-2008-assam-1726,assam,2016,34,ABHAYAPURI NORTH,SWAPAN MUKHERJEE,,3968,2.9,4,forfeit,U,57,,,challenger,src-1b7bc1c9d39a
IN-AC-2008-assam-1726,assam,2016,34,ABHAYAPURI NORTH,TAREN CHANDRA RAY,,3315,2.43,5,forfeit,U,64,Graduate Professional,,challenger,src-1b7bc1c9d39a
IN-AC-2008-assam-1726,assam,2016,34,ABHAYAPURI NORTH,BHAGIRATH RAY,,836,0.61,6,forfeit,U,52,Graduate,Self-employed,challenger,src-1b7bc1c9d39a
IN-AC-2008-assam-1726,assam,2016,34,ABHAYAPURI NORTH,SAMSUL HOQUE,,501,0.37,8,forfeit,U,55,8th Pass,,challenger,src-1b7bc1c9d39a
IN-AC-2008-assam-1727,assam,2016,35,ABHAYAPURI SOUTH,ANANTA KUMAR MALO,,51525,32.5,1,won,U,60,10th Pass,,challenger,src-1b7bc1c9d39a
IN-AC-2008-assam-1727,assam,2016,35,ABHAYAPURI SOUTH,CHANDAN KUMAR SARKAR,,51334,32.38,2,lost,U,59,10th Pass,,incumbent,src-1b7bc1c9d39a
IN-AC-2008-assam-1727,assam,2016,35,ABHAYAPURI SOUTH,RABIN BANIKYA,,50957,32.14,3,lost,U,69,Graduate,,challenger,src-1b7bc1c9d39a
IN-AC-2008-assam-1727,assam,2016,35,ABHAYAPURI SOUTH,NIRMALENDU BANIKYA,,1602,1.01,4,forfeit,U,48,Post Graduate,,challenger,src-1b7bc1c9d39a
IN-AC-2008-assam-1727,assam,2016,35,ABHAYAPURI SOUTH,ASHOK DUTTA,,1304,0.82,5,forfeit,U,45,8th Pass,,challenger,src-1b7bc1c9d39a
IN-AC-2008-assam-1727,assam,2016,35,ABHAYAPURI SOUTH,DHIREN MAJUMDAR,,694,0.44,7,forfeit,U,38,10th Pass,,challenger,src-1b7bc1c9d39a
IN-AC-2008-assam-1759,assam,2016,36,DUDHNAI,DIPAK KUMAR RABHA,,79983,49.97,1,won,U,41,10th Pass,,challenger,src-1b7bc1c9d39a
IN-AC-2008-assam-1759,assam,2016,36,DUDHNAI,SIBCHARAN BASUMATARY,,51316,32.06,2,lost,U,41,10th Pass,MLA,incumbent,src-1b7bc1c9d39a
IN-AC-2008-assam-1759,assam,2016,36,DUDHNAI,MEERA BASUMATARY,,11305,7.06,3,forfeit,U,36,Graduate,Artisan,challenger,src-1b7bc1c9d39a
IN-AC-2008-assam-1759,assam,2016,36,DUDHNAI,KANGKAN KHAKHALARY,,7278,4.55,4,forfeit,U,45,Graduate,,challenger,src-1b7bc1c9d39a
IN-AC-2008-assam-1759,assam,2016,36,DUDHNAI,DEBEN DAIMARY,,2936,1.83,5,forfeit,U,56,10th Pass,,challenger,src-1b7bc1c9d39a
IN-AC-2008-assam-1759,assam,2016,36,DUDHNAI,BHUPENDRA RABHA,,1567,0.98,6,forfeit,U,64,10th Pass,Retired Teacher,challenger,src-1b7bc1c9d39a
IN-AC-2008-assam-1759,assam,2016,36,DUDHNAI,THARMAN MOMIN,,1413,0.88,7,forfeit,U,41,,,challenger,src-1b7bc1c9d39a
IN-AC-2008-assam-1759,assam,2016,36,DUDHNAI,RAJESWAR RABHA,,1210,0.76,8,forfeit,U,33,8th Pass,Lawyer,challenger,src-1b7bc1c9d39a
IN-AC-2008-assam-1759,assam,2016,36,DUDHNAI,REXSTAR B. SANGMA,,1054,0.66,10,forfeit,U,40,12th Pass,,challenger,src-1b7bc1c9d39a
IN-AC-2008-assam-1759,assam,2016,36,DUDHNAI,STINDRO MARAK,,850,0.53,11,forfeit,U,59,12th Pass,Ex Military,challenger,src-1b7bc1c9d39a
IN-AC-2008-assam-1740,assam,2016,37,GOALPARA EAST,ABUL KALAM RASHEED ALAM,,57374,33.51,1,won,U,44,Graduate,,challenger,src-1b7bc1c9d39a
IN-AC-2008-assam-1740,assam,2016,37,GOALPARA EAST,GAURANGA PRASAD DAS,,54793,32,2,lost,U,61,Graduate,Ex Govt Employee,challenger,src-1b7bc1c9d39a
IN-AC-2008-assam-1740,assam,2016,37,GOALPARA EAST,SHADEED MAZUMDER,,27778,16.22,3,forfeit,U,60,12th Pass,Retired or Pension,challenger,src-1b7bc1c9d39a
IN-AC-2008-assam-1740,assam,2016,37,GOALPARA EAST,ABUL KALAM HUSSAIN,,12138,7.09,4,forfeit,U,52,12th Pass,,challenger,src-1b7bc1c9d39a
IN-AC-2008-assam-1740,assam,2016,37,GOALPARA EAST,ELBARTH MARAK,,7172,4.19,5,forfeit,U,53,8th Pass,,challenger,src-1b7bc1c9d39a
IN-AC-2008-assam-1740,assam,2016,37,GOALPARA EAST,PUNAM CHAND SHARMA (LILU),,6710,3.92,6,forfeit,U,49,8th Pass,,challenger,src-1b7bc1c9d39a
IN-AC-2008-assam-1740,assam,2016,37,GOALPARA EAST,KOFIL UDDIN AHMED,,971,0.57,8,forfeit,U,46,Graduate,,challenger,src-1b7bc1c9d39a
IN-AC-2008-assam-1740,assam,2016,37,GOALPARA EAST,BIRMAL RAY,,770,0.45,9,forfeit,U,50,12th Pass,Retired or Pension,challenger,src-1b7bc1c9d39a
IN-AC-2008-assam-1740,assam,2016,37,GOALPARA EAST,SOLEMAN ALI,,592,0.35,10,forfeit,U,40,12th Pass,Insurance Agent,challenger,src-1b7bc1c9d39a
IN-AC-2008-assam-1740,assam,2016,37,GOALPARA EAST,NAREN SANKAR RABHA,,495,0.29,11,forfeit,U,63,Graduate,Retired or Pension,challenger,src-1b7bc1c9d39a
IN-AC-2008-assam-1740,assam,2016,37,GOALPARA EAST,MEHBUBAR RAHMAN,,483,0.28,12,forfeit,U,44,10th Pass,,challenger,src-1b7bc1c9d39a
IN-AC-2008-assam-1740,assam,2016,37,GOALPARA EAST,MUJAHARUL ISLAM,,447,0.26,13,forfeit,U,25,12th Pass,,challenger,src-1b7bc1c9d39a
IN-AC-2008-assam-1740,assam,2016,37,GOALPARA EAST,ABDUL HAMID,,420,0.25,14,forfeit,U,57,Graduate,,challenger,src-1b7bc1c9d39a
IN-AC-2008-assam-1741,assam,2016,38,GOALPARA WEST,ABDUR RASHID MANDAL,,61007,44.77,1,won,U,53,Others,Ex MLA,challenger,src-1b7bc1c9d39a
IN-AC-2008-assam-1741,assam,2016,38,GOALPARA WEST,SHEIKH SHAH ALAM,,36668,26.91,2,lost,U,45,Graduate,MLA,incumbent,src-1b7bc1c9d39a
IN-AC-2008-assam-1741,assam,2016,38,GOALPARA WEST,JABEEN BARBHUIYAN,,32432,23.8,3,lost,U,56,10th Pass,Household,challenger,src-1b7bc1c9d39a
IN-AC-2008-assam-1741,assam,2016,38,GOALPARA WEST,ANOWAR HUSSAIN,,1154,0.85,4,forfeit,U,47,Graduate,Self-employed,challenger,src-1b7bc1c9d39a
IN-AC-2008-assam-1741,assam,2016,38,GOALPARA WEST,MOHIBUL ISLAM,,1016,0.75,5,forfeit,U,43,Graduate,,challenger,src-1b7bc1c9d39a
IN-AC-2008-assam-1741,assam,2016,38,GOALPARA WEST,ZESMINA KHATUN,,582,0.43,7,forfeit,U,28,12th Pass,Home Teacher or Tuition,challenger,src-1b7bc1c9d39a
IN-AC-2008-assam-1741,assam,2016,38,GOALPARA WEST,MIZANUR RAHMAN,,523,0.38,8,forfeit,U,66,,,challenger,src-1b7bc1c9d39a
IN-AC-2008-assam-1741,assam,2016,38,GOALPARA WEST,KHANINDRA CHANDRA NATH,,489,0.36,9,forfeit,U,35,Graduate,,challenger,src-1b7bc1c9d39a
IN-AC-2008-assam-1741,assam,2016,38,GOALPARA WEST,BABLI GOSWAMI CHAKRABORTY,,480,0.35,10,forfeit,U,41,Graduate,,challenger,src-1b7bc1c9d39a
IN-AC-2008-assam-1741,assam,2016,38,GOALPARA WEST,ALI AKBAR,,457,0.34,11,forfeit,U,30,Graduate,,challenger,src-1b7bc1c9d39a
IN-AC-2008-assam-1741,assam,2016,38,GOALPARA WEST,JALI BEGUM,,289,0.21,12,forfeit,U,50,,,challenger,src-1b7bc1c9d39a
IN-AC-2008-assam-1741,assam,2016,38,GOALPARA WEST,JOYNAL ABEDIN,,269,0.2,13,forfeit,U,34,12th Pass,,challenger,src-1b7bc1c9d39a
IN-AC-2008-assam-1741,assam,2016,38,GOALPARA WEST,GIAS UDDIN AHMED,,252,0.18,14,forfeit,U,34,,,challenger,src-1b7bc1c9d39a
IN-AC-2008-assam-1743,assam,2016,39,JALESWAR,SAHAB UDDIN AHMED,,56003,43.65,1,won,U,56,Graduate,,crossover,src-1b7bc1c9d39a
IN-AC-2008-assam-1743,assam,2016,39,JALESWAR,AFTAB UDDIN MOLLAH,,49341,38.45,2,lost,U,49,Post Graduate,,challenger,src-1b7bc1c9d39a
IN-AC-2008-assam-1743,assam,2016,39,JALESWAR,ABDUR RAHIM ZIBRAN,,11535,8.99,3,forfeit,U,32,10th Pass,,challenger,src-1b7bc1c9d39a
IN-AC-2008-assam-1743,assam,2016,39,JALESWAR,ABUL FAZAL NASIR UDDIN MOLLAH,,6567,5.12,4,forfeit,U,38,Post Graduate,Lawyer,challenger,src-1b7bc1c9d39a
IN-AC-2008-assam-1743,assam,2016,39,JALESWAR,ABDUL WAHAB SHEIKH,,1433,1.12,5,forfeit,U,25,12th Pass,,challenger,src-1b7bc1c9d39a
IN-AC-2008-assam-1743,assam,2016,39,JALESWAR,KHAIRUL ISLAM MONDAL,,1355,1.06,6,forfeit,U,58,Post Graduate,,challenger,src-1b7bc1c9d39a
IN-AC-2008-assam-1743,assam,2016,39,JALESWAR,ABDUS SALAM,,761,0.59,7,forfeit,U,34,Graduate,Lawyer,challenger,src-1b7bc1c9d39a
IN-AC-2008-assam-1743,assam,2016,39,JALESWAR,INNAS ALI,,690,0.54,8,forfeit,U,40,Graduate,,challenger,src-1b7bc1c9d39a
IN-AC-2008-assam-1735,assam,2016,40,SORBHOG,RANJEET KUMAR DASS,,56454,33.34,1,won,U,50,Post Graduate,,incumbent,src-1b7bc1c9d39a
IN-AC-2008-assam-1735,assam,2016,40,SORBHOG,ANURUPA HANNAN,,36928,21.81,2,lost,U,47,Graduate,,challenger,src-1b7bc1c9d39a
IN-AC-2008-assam-1735,assam,2016,40,SORBHOG,MANORANJAN TALUKDAR,,29082,17.17,3,lost,U,62,Graduate,,challenger,src-1b7bc1c9d39a
IN-AC-2008-assam-1735,assam,2016,40,SORBHOG,PRADIP DEB NATH,,19387,11.45,4,forfeit,U,36,Post Graduate,Home Teacher or Tuition,challenger,src-1b7bc1c9d39a
IN-AC-2008-assam-1735,assam,2016,40,SORBHOG,SAMSUL HOQUE,,17504,10.34,5,forfeit,U,65,10th Pass,,crossover,src-1b7bc1c9d39a
IN-AC-2008-assam-1735,assam,2016,40,SORBHOG,ANILANANDA PATHAK,,3755,2.22,6,forfeit,U,61,10th Pass,,challenger,src-1b7bc1c9d39a
IN-AC-2008-assam-1735,assam,2016,40,SORBHOG,HIMANGSHU BHARALI,,1181,0.7,7,forfeit,U,40,12th Pass,,challenger,src-1b7bc1c9d39a
IN-AC-2008-assam-1735,assam,2016,40,SORBHOG,MOHIDUL ISLAM,,1010,0.6,9,forfeit,U,36,,,challenger,src-1b7bc1c9d39a
IN-AC-2008-assam-1735,assam,2016,40,SORBHOG,NIRMAL KUMAR AGARWALA,,630,0.37,10,forfeit,U,59,Illiterate,,challenger,src-1b7bc1c9d39a
IN-AC-2008-assam-1735,assam,2016,40,SORBHOG,IKBAL HUSSAIN,,602,0.36,11,forfeit,U,36,Graduate Professional,Lawyer,challenger,src-1b7bc1c9d39a
IN-AC-2008-assam-1735,assam,2016,40,SORBHOG,MANJU SHABNAM,,466,0.28,12,forfeit,U,31,Graduate,Household,challenger,src-1b7bc1c9d39a
IN-AC-2008-assam-1735,assam,2016,40,SORBHOG,MUKTAR HUSSAIN,,435,0.26,13,forfeit,U,35,10th Pass,,challenger,src-1b7bc1c9d39a
IN-AC-2008-assam-1735,assam,2016,40,SORBHOG,SUBAL CH. DAS,,414,0.24,14,forfeit,U,38,,,challenger,src-1b7bc1c9d39a
IN-AC-2008-assam-1735,assam,2016,40,SORBHOG,ABDUL HAKIM AHMED,,370,0.22,15,forfeit,U,51,10th Pass,,challenger,src-1b7bc1c9d39a
IN-AC-2008-assam-1794,assam,2016,41,BHABANIPUR,ABUL KALAM AZAD,,28383,25.74,1,won,U,51,10th Pass,,incumbent,src-1b7bc1c9d39a
IN-AC-2008-assam-1794,assam,2016,41,BHABANIPUR,PHANIHDAR TALUKDAR,,25944,23.53,2,lost,U,49,12th Pass,,challenger,src-1b7bc1c9d39a
IN-AC-2008-assam-1794,assam,2016,41,BHABANIPUR,MANOJ BARUAH,,22380,20.29,3,lost,U,43,Post Graduate,,challenger,src-1b7bc1c9d39a
IN-AC-2008-assam-1794,assam,2016,41,BHABANIPUR,MILAN BARO,,14500,13.15,4,forfeit,U,59,,,challenger,src-1b7bc1c9d39a
IN-AC-2008-assam-1794,assam,2016,41,BHABANIPUR,KANAK CHANDRA BARO,,8748,7.93,5,forfeit,U,54,,,challenger,src-1b7bc1c9d39a
IN-AC-2008-assam-1794,assam,2016,41,BHABANIPUR,RAJIB DAS,,6620,6,6,forfeit,U,44,10th Pass,,challenger,src-1b7bc1c9d39a
IN-AC-2008-assam-1794,assam,2016,41,BHABANIPUR,KAZI SHAMSUL ARFIN,,921,0.84,7,forfeit,U,41,Post Graduate,School Teacher,challenger,src-1b7bc1c9d39a
IN-AC-2008-assam-1794,assam,2016,41,BHABANIPUR,BHUPENDRA KALITA,,511,0.46,9,forfeit,U,51,Graduate,Ex Govt Employee,challenger,src-1b7bc1c9d39a
IN-AC-2008-assam-1794,assam,2016,41,BHABANIPUR,SATYACHARAN ARJYA,,447,0.41,10,forfeit,U,40,10th Pass,,challenger,src-1b7bc1c9d39a
IN-AC-2008-assam-1794,assam,2016,41,BHABANIPUR,ANOWAR ISLAM AKAND,,401,0.36,11,forfeit,U,27,Graduate Professional,Self-employed,challenger,src-1b7bc1c9d39a
IN-AC-2008-assam-1794,assam,2016,41,BHABANIPUR,HAIDAR ALI,,378,0.34,12,forfeit,U,41,12th Pass,,challenger,src-1b7bc1c9d39a
IN-AC-2008-assam-1794,assam,2016,41,BHABANIPUR,MESER MOLLAH,,341,0.31,13,forfeit,U,28,8th Pass,,challenger,src-1b7bc1c9d39a
IN-AC-2008-assam-eci42,assam,2016,42,PATACHARKUCHI,PABINDRA DEKA,,64558,61.72,1,won,U,65,Graduate,Ex MLA,challenger,src-1b7bc1c9d39a
IN-AC-2008-assam-eci42,assam,2016,42,PATACHARKUCHI,SAILEN KALITA,,12582,12.03,2,forfeit,U,33,Graduate,Contractor,challenger,src-1b7bc1c9d39a
IN-AC-2008-assam-eci42,assam,2016,42,PATACHARKUCHI,KAMALESWAR MEDHI,,12306,11.77,3,forfeit,U,59,8th Pass,Real Estate or Builder or Developer or Construction,challenger,src-1b7bc1c9d39a
IN-AC-2008-assam-eci42,assam,2016,42,PATACHARKUCHI,MANORANJAN DAS,,8227,7.87,4,forfeit,U,69,Post Graduate,MLA,incumbent,src-1b7bc1c9d39a
IN-AC-2008-assam-eci42,assam,2016,42,PATACHARKUCHI,KARTIK DEKA,,3134,3,5,forfeit,U,43,,,challenger,src-1b7bc1c9d39a
IN-AC-2008-assam-eci42,assam,2016,42,PATACHARKUCHI,BAIKUNTHA SARMA,,960,0.92,7,forfeit,U,50,12th Pass,,challenger,src-1b7bc1c9d39a
IN-AC-2008-assam-eci42,assam,2016,42,PATACHARKUCHI,PUSPAK DUTTA,,936,0.89,8,forfeit,U,40,12th Pass,Party Worker,challenger,src-1b7bc1c9d39a
IN-AC-2008-assam-eci42,assam,2016,42,PATACHARKUCHI,NILIMA BHATTACHARJYA,,846,0.81,9,forfeit,U,57,Graduate Professional,Lawyer,challenger,src-1b7bc1c9d39a
IN-AC-2008-assam-1729,assam,2016,43,BARPETA,GUNINDRA NATH DAS,,63563,38.96,1,won,U,55,Graduate,Distributors,challenger,src-1b7bc1c9d39a
IN-AC-2008-assam-1729,assam,2016,43,BARPETA,A.RAHIM AHMED,,57753,35.4,2,lost,U,32,Graduate,,challenger,src-1b7bc1c9d39a
IN-AC-2008-assam-1729,assam,2016,43,BARPETA,ABDUR RAHIM KHAN,,37697,23.11,3,lost,U,47,Post Graduate,MLA,incumbent,src-1b7bc1c9d39a
IN-AC-2008-assam-1729,assam,2016,43,BARPETA,SANJAY KR. DAS,,936,0.57,5,forfeit,U,41,,,challenger,src-1b7bc1c9d39a
IN-AC-2008-assam-1729,assam,2016,43,BARPETA,ATIKUR RAHMAN,,820,0.5,6,forfeit,U,33,Graduate,,challenger,src-1b7bc1c9d39a
IN-AC-2008-assam-1729,assam,2016,43,BARPETA,FARUK KHAN,,774,0.47,7,forfeit,U,39,Graduate,,challenger,src-1b7bc1c9d39a
IN-AC-2008-assam-1729,assam,2016,43,BARPETA,SORHAB HUSSAIN,,672,0.41,8,forfeit,U,60,,,challenger,src-1b7bc1c9d39a
IN-AC-2008-assam-1733,assam,2016,44,JANIA,ABDUL KHALEQUE,,86930,56.4,1,won,U,41,Post Graduate,,challenger,src-1b7bc1c9d39a
IN-AC-2008-assam-1733,assam,2016,44,JANIA,RAFIQUL ISLAM,,57194,37.11,2,lost,U,41,Post Graduate,MLA,incumbent,src-1b7bc1c9d39a
IN-AC-2008-assam-1733,assam,2016,44,JANIA,BENAZIR ARFAN,,6067,3.94,3,forfeit,U,30,Others,,challenger,src-1b7bc1c9d39a
IN-AC-2008-assam-1733,assam,2016,44,JANIA,MAINUL HOQUE,,1976,1.28,4,forfeit,U,66,Post Graduate,,challenger,src-1b7bc1c9d39a
IN-AC-2008-assam-1733,assam,2016,44,JANIA,AMIR HUSSAIN,,769,0.5,5,forfeit,U,44,Graduate,,crossover,src-1b7bc1c9d39a
IN-AC-2008-assam-1733,assam,2016,44,JANIA,MD. SULTAN MAHMUD,,506,0.33,7,forfeit,U,38,Graduate Professional,Advocacy,challenger,src-1b7bc1c9d39a
IN-AC-2008-assam-1728,assam,2016,45,BAGHBAR,SHERMAN ALI AHMED,,73340,57.58,1,won,U,49,Graduate,Ex Govt Employee,incumbent,src-1b7bc1c9d39a
IN-AC-2008-assam-1728,assam,2016,45,BAGHBAR,SHEIKH ABDUL HAMID,,29907,23.48,2,lost,U,58,Post Graduate,,crossover,src-1b7bc1c9d39a
IN-AC-2008-assam-1728,assam,2016,45,BAGHBAR,RAJIB AHMED,,18357,14.41,3,forfeit,U,51,10th Pass,Contractor,challenger,src-1b7bc1c9d39a
IN-AC-2008-assam-1728,assam,2016,45,BAGHBAR,ABDUL BARIK,,1418,1.11,4,forfeit,U,31,Post Graduate,,challenger,src-1b7bc1c9d39a
IN-AC-2008-assam-1728,assam,2016,45,BAGHBAR,ALTAF HUSSAIN,,1022,0.8,5,forfeit,U,40,10th Pass,,challenger,src-1b7bc1c9d39a
IN-AC-2008-assam-1728,assam,2016,45,BAGHBAR,JAMAL UDDIN,,868,0.68,7,forfeit,U,46,Graduate,,challenger,src-1b7bc1c9d39a
IN-AC-2008-assam-1728,assam,2016,45,BAGHBAR,JAHIDUL ISLAM,,642,0.5,8,forfeit,U,33,10th Pass,,challenger,src-1b7bc1c9d39a
IN-AC-2008-assam-1728,assam,2016,45,BAGHBAR,REJAUL KARIM,,435,0.34,9,forfeit,U,32,10th Pass,,challenger,src-1b7bc1c9d39a
IN-AC-2008-assam-1728,assam,2016,45,BAGHBAR,ALI ASGAR,,411,0.32,10,forfeit,U,63,12th Pass,Ex Military,challenger,src-1b7bc1c9d39a
IN-AC-2008-assam-1734,assam,2016,46,SARUKHETRI,JAKIR HUSSAIN SIKDAR,,70062,45.06,1,won,U,35,Graduate,,challenger,src-1b7bc1c9d39a
IN-AC-2008-assam-1734,assam,2016,46,SARUKHETRI,CHITTARANJAN BARMAN,,45815,29.46,2,lost,U,40,Graduate Professional,Lawyer,challenger,src-1b7bc1c9d39a
IN-AC-2008-assam-1734,assam,2016,46,SARUKHETRI,ALI HOSSAIN,,21460,13.8,3,forfeit,U,53,Post Graduate,MLA,incumbent,src-1b7bc1c9d39a
IN-AC-2008-assam-1734,assam,2016,46,SARUKHETRI,TARA PRASAD DAS,,9623,6.19,4,forfeit,U,65,Graduate Professional,,challenger,src-1b7bc1c9d39a
IN-AC-2008-assam-1734,assam,2016,46,SARUKHETRI,PEARUL ISLAM AHMED,,3626,2.33,5,forfeit,U,44,Post Graduate,Party Worker,challenger,src-1b7bc1c9d39a
IN-AC-2008-assam-1734,assam,2016,46,SARUKHETRI,HARESWAR DEKA,,1308,0.84,6,forfeit,U,44,10th Pass,,challenger,src-1b7bc1c9d39a
IN-AC-2008-assam-1734,assam,2016,46,SARUKHETRI,MATIAR RAHMAN,,836,0.54,7,forfeit,U,33,10th Pass,,challenger,src-1b7bc1c9d39a
IN-AC-2008-assam-1734,assam,2016,46,SARUKHETRI,HEMANTA KALITA,,523,0.34,9,forfeit,U,30,,,challenger,src-1b7bc1c9d39a
IN-AC-2008-assam-1734,assam,2016,46,SARUKHETRI,ANOWAR ISLAM AKAND,,516,0.33,10,forfeit,U,27,Graduate Professional,Doctor,challenger,src-1b7bc1c9d39a
IN-AC-2008-assam-1734,assam,2016,46,SARUKHETRI,JABIDUR RAHMAN KHAN,,505,0.32,11,forfeit,U,41,12th Pass,,challenger,src-1b7bc1c9d39a
IN-AC-2008-assam-1734,assam,2016,46,SARUKHETRI,ARUN DAS,,442,0.28,12,forfeit,U,44,12th Pass,,challenger,src-1b7bc1c9d39a
IN-AC-2008-assam-1731,assam,2016,47,CHENGA,SUKUR ALI AHMED,,51882,47.25,1,won,U,57,12th Pass,Party Worker,incumbent,src-1b7bc1c9d39a
IN-AC-2008-assam-1731,assam,2016,47,CHENGA,MONOWARA KHATUN,,28525,25.98,2,lost,U,44,Graduate,Party Worker,challenger,src-1b7bc1c9d39a
IN-AC-2008-assam-1731,assam,2016,47,CHENGA,GUNAJIT ADHIKARY,,25902,23.59,3,lost,U,47,Graduate,,challenger,src-1b7bc1c9d39a
IN-AC-2008-assam-1731,assam,2016,47,CHENGA,SHAFIKUL HOQUE,,2190,1.99,4,forfeit,U,37,10th Pass,,challenger,src-1b7bc1c9d39a
IN-AC-2008-assam-1731,assam,2016,47,CHENGA,SURJYA MALLIQUE,,639,0.58,6,forfeit,U,51,10th Pass,,challenger,src-1b7bc1c9d39a
IN-AC-2008-assam-1756,assam,2016,48,BOKO,NANDITA DAS,,69986,39.66,1,won,U,46,Graduate,Party Worker,challenger,src-1b7bc1c9d39a
IN-AC-2008-assam-1756,assam,2016,48,BOKO,JYOTI PRASAD DAS,,52392,29.69,2,lost,U,54,Graduate,Party Worker,challenger,src-1b7bc1c9d39a
IN-AC-2008-assam-1756,assam,2016,48,BOKO,GOPI NATH DAS,,42338,23.99,3,lost,U,55,Graduate,MLA,incumbent,src-1b7bc1c9d39a
IN-AC-2008-assam-1756,assam,2016,48,BOKO,DR. GHANASHYAM DAS,,5794,3.28,4,forfeit,U,58,,,challenger,src-1b7bc1c9d39a
IN-AC-2008-assam-1756,assam,2016,48,BOKO,ANIRBAN DAS,,2976,1.69,5,forfeit,U,43,10th Pass,,challenger,src-1b7bc1c9d39a
IN-AC-2008-assam-1756,assam,2016,48,BOKO,NITISH RANJAN DAS,,1148,0.65,7,forfeit,U,44,12th Pass,,challenger,src-1b7bc1c9d39a
IN-AC-2008-assam-1757,assam,2016,49,CHAYGAON,REKIBUDDIN AHMED,,72211,49.66,1,won,U,42,12th Pass,MLA,incumbent,src-1b7bc1c9d39a
IN-AC-2008-assam-1757,assam,2016,49,CHAYGAON,DR. KAMALA KANTA KALITA,,64390,44.28,2,lost,U,58,Graduate Professional,Doctor,challenger,src-1b7bc1c9d39a
IN-AC-2008-assam-1757,assam,2016,49,CHAYGAON,DERAJUDDIN AHMED,,4984,3.43,3,forfeit,U,52,10th Pass,,challenger,src-1b7bc1c9d39a
IN-AC-2008-assam-1757,assam,2016,49,CHAYGAON,BECKNIUR K. MARAK,,2225,1.53,4,forfeit,U,62,,,challenger,src-1b7bc1c9d39a
IN-AC-2008-assam-1764,assam,2016,50,PALASBARI,PRANAB KALITA,,75210,61.93,1,won,U,55,Post Graduate,Ex MLA,challenger,src-1b7bc1c9d39a
IN-AC-2008-assam-1764,assam,2016,50,PALASBARI,NABAJYOTI TALUKDAR,,26468,21.8,2,lost,U,47,Graduate,,crossover,src-1b7bc1c9d39a
IN-AC-2008-assam-1764,assam,2016,50,PALASBARI,JATIN MALI,,15755,12.97,3,forfeit,U,59,Post Graduate,,incumbent,src-1b7bc1c9d39a
IN-AC-2008-assam-1764,assam,2016,50,PALASBARI,KUSHAL CHANDRA SARMA,,991,0.82,5,forfeit,U,50,10th Pass,Astrologer,challenger,src-1b7bc1c9d39a
IN-AC-2008-assam-1764,assam,2016,50,PALASBARI,JURI MALI,,980,0.81,6,forfeit,U,34,10th Pass,,challenger,src-1b7bc1c9d39a
IN-AC-2008-assam-1764,assam,2016,50,PALASBARI,PALASH JYOTI DAS,,467,0.38,7,forfeit,U,29,10th Pass,"Contractor, Trader",challenger,src-1b7bc1c9d39a
IN-AC-2008-assam-1763,assam,2016,51,JALUKBARI,HIMANTA BISWA SARMA,,118390,76.62,1,won,U,47,Doctorate,Lawyer,incumbent,src-1b7bc1c9d39a
IN-AC-2008-assam-1763,assam,2016,51,JALUKBARI,NIREN DEKA,,32455,21.01,2,lost,U,41,Graduate,,challenger,src-1b7bc1c9d39a
IN-AC-2008-assam-1763,assam,2016,51,JALUKBARI,RAMEN CHANDRA LAHKAR,,636,0.41,4,forfeit,U,42,12th Pass,,challenger,src-1b7bc1c9d39a
IN-AC-2008-assam-1763,assam,2016,51,JALUKBARI,AMIT BASFOR,,614,0.4,5,forfeit,U,34,10th Pass,,challenger,src-1b7bc1c9d39a
IN-AC-2008-assam-1763,assam,2016,51,JALUKBARI,SADEK ALI,,371,0.24,6,forfeit,U,45,10th Pass,,challenger,src-1b7bc1c9d39a
IN-AC-2008-assam-1763,assam,2016,51,JALUKBARI,NABA KUMAR NATH,,290,0.19,7,forfeit,U,44,Graduate,,challenger,src-1b7bc1c9d39a
IN-AC-2008-assam-1763,assam,2016,51,JALUKBARI,BAPI AICH,,180,0.12,8,forfeit,U,44,,,challenger,src-1b7bc1c9d39a
IN-AC-2008-assam-1763,assam,2016,51,JALUKBARI,MOINUL HOQUE,,168,0.11,9,forfeit,U,37,12th Pass,,challenger,src-1b7bc1c9d39a
IN-AC-2008-assam-1763,assam,2016,51,JALUKBARI,NATHUNI DAS,,164,0.11,10,forfeit,U,55,8th Pass,Auto-rickshaw Driver,crossover,src-1b7bc1c9d39a
IN-AC-2008-assam-1763,assam,2016,51,JALUKBARI,MAKANI BARMAN,,164,0.11,11,forfeit,U,45,Post Graduate,Lawyer,challenger,src-1b7bc1c9d39a
IN-AC-2008-assam-1758,assam,2016,52,DISPUR,ATUL BORA,,198378,71.14,1,won,U,65,Graduate,Shop Keeper,crossover,src-1b7bc1c9d39a
IN-AC-2008-assam-1758,assam,2016,52,DISPUR,AKON BORA,,68181,24.45,2,lost,U,63,Graduate,MLA,incumbent,src-1b7bc1c9d39a
IN-AC-2008-assam-1758,assam,2016,52,DISPUR,SANGITA DAS,,1944,0.7,4,forfeit,U,26,Post Graduate,,challenger,src-1b7bc1c9d39a
IN-AC-2008-assam-1758,assam,2016,52,DISPUR,HARESWAR RAHANG,,1756,0.63,5,forfeit,U,50,10th Pass,,challenger,src-1b7bc1c9d39a
IN-AC-2008-assam-1758,assam,2016,52,DISPUR,PRADIP BARUAH,,1259,0.45,6,forfeit,U,52,Post Graduate,School Teacher,challenger,src-1b7bc1c9d39a
IN-AC-2008-assam-1758,assam,2016,52,DISPUR,BIDYUT BORA,,1022,0.37,7,forfeit,U,47,Graduate,,challenger,src-1b7bc1c9d39a
IN-AC-2008-assam-1758,assam,2016,52,DISPUR,DADHISWAR PHANGCHO,,717,0.26,8,forfeit,U,30,Graduate,,challenger,src-1b7bc1c9d39a
IN-AC-2008-assam-1758,assam,2016,52,DISPUR,BISHNU PRASAD SARMA,,614,0.22,9,forfeit,U,42,5th Pass,,challenger,src-1b7bc1c9d39a
IN-AC-2008-assam-1758,assam,2016,52,DISPUR,GOBINDA DAS,,551,0.2,10,forfeit,U,41,8th Pass,,challenger,src-1b7bc1c9d39a
IN-AC-2008-assam-1758,assam,2016,52,DISPUR,RIJUMONI GOGOI,,485,0.17,11,forfeit,U,43,Graduate,,challenger,src-1b7bc1c9d39a
IN-AC-2008-assam-1758,assam,2016,52,DISPUR,DR. JITENDRA KUMAR TALUKDAR,,420,0.15,12,forfeit,U,61,Doctorate,College Professor or Lecturer,challenger,src-1b7bc1c9d39a
IN-AC-2008-assam-1758,assam,2016,52,DISPUR,DR. FARUK AHMED BHUYAN,,384,0.14,13,forfeit,U,37,Post Graduate,Contractor,challenger,src-1b7bc1c9d39a
IN-AC-2008-assam-1758,assam,2016,52,DISPUR,BANDANA BARMAN BARUAH,,336,0.12,14,forfeit,U,32,Graduate,Rent,challenger,src-1b7bc1c9d39a
IN-AC-2008-assam-1758,assam,2016,52,DISPUR,PARAG KOCH,,222,0.08,15,forfeit,U,48,Post Graduate,Lawyer,challenger,src-1b7bc1c9d39a
IN-AC-2008-assam-1760,assam,2016,53,GAUHATI EAST,SIDDHARTHA BHATTACHARYA,,127602,78.49,1,won,U,55,Post Graduate,Lawyer,challenger,src-1b7bc1c9d39a
IN-AC-2008-assam-1760,assam,2016,53,GAUHATI EAST,BOBBEETA SHARMA,,30965,19.05,2,lost,U,48,Post Graduate,,challenger,src-1b7bc1c9d39a
IN-AC-2008-assam-1760,assam,2016,53,GAUHATI EAST,DR. AVIJIT CHAKRABORTY,,591,0.36,4,forfeit,U,46,,,challenger,src-1b7bc1c9d39a
IN-AC-2008-assam-1760,assam,2016,53,GAUHATI EAST,PRODYUT KUMAR BORA,,499,0.31,5,forfeit,U,42,Graduate,Party Worker,challenger,src-1b7bc1c9d39a
IN-AC-2008-assam-1760,assam,2016,53,GAUHATI EAST,RAKTIMAVA SWAMI,,377,0.23,6,forfeit,U,52,Graduate,,challenger,src-1b7bc1c9d39a
IN-AC-2008-assam-1760,assam,2016,53,GAUHATI EAST,BIPUL KUMAR TALUKDAR,,243,0.15,7,forfeit,U,42,Post Graduate,Lawyer,challenger,src-1b7bc1c9d39a
IN-AC-2008-assam-1760,assam,2016,53,GAUHATI EAST,BHUPEN SARMA,,196,0.12,8,forfeit,U,49,Graduate,,challenger,src-1b7bc1c9d39a
IN-AC-2008-assam-1760,assam,2016,53,GAUHATI EAST,PRADIP KUMAR DAS,,189,0.12,9,forfeit,U,52,10th Pass,,challenger,src-1b7bc1c9d39a
IN-AC-2008-assam-1760,assam,2016,53,GAUHATI EAST,SUBHASH CHANDRA GUPTA,,182,0.11,10,forfeit,U,39,Graduate Professional,,challenger,src-1b7bc1c9d39a
IN-AC-2008-assam-1760,assam,2016,53,GAUHATI EAST,KAZI NEKIB AHMED,,181,0.11,11,forfeit,U,58,Graduate,Rent,challenger,src-1b7bc1c9d39a
IN-AC-2008-assam-1760,assam,2016,53,GAUHATI EAST,PRANAB JYOTI DAS,,137,0.08,12,forfeit,U,51,Graduate,,challenger,src-1b7bc1c9d39a
IN-AC-2008-assam-1760,assam,2016,53,GAUHATI EAST,BANDANA BARMAN BARUAH,,129,0.08,13,forfeit,U,32,Graduate,Rent,challenger,src-1b7bc1c9d39a
IN-AC-2008-assam-1761,assam,2016,54,GAUHATI WEST,RAMENDRA NARAYAN KALITA,,132184,64.07,1,won,U,57,Graduate Professional,Lawyer,challenger,src-1b7bc1c9d39a
IN-AC-2008-assam-1761,assam,2016,54,GAUHATI WEST,DR. JURY SHARMA BORDOLOI,,42274,20.49,2,lost,U,39,Doctorate,,challenger,src-1b7bc1c9d39a
IN-AC-2008-assam-1761,assam,2016,54,GAUHATI WEST,HEMANTA TALUKDAR,,12397,6.01,3,forfeit,U,67,Others,,incumbent,src-1b7bc1c9d39a
IN-AC-2008-assam-1761,assam,2016,54,GAUHATI WEST,PRANAB SARMAH,,5838,2.83,4,forfeit,U,48,Graduate,Ex Military,challenger,src-1b7bc1c9d39a
IN-AC-2008-assam-1761,assam,2016,54,GAUHATI WEST,DEBA KUMAR BARMAN,,4269,2.07,5,forfeit,U,44,Others,,challenger,src-1b7bc1c9d39a
IN-AC-2008-assam-1761,assam,2016,54,GAUHATI WEST,JAYANTA BORO,,1771,0.86,7,forfeit,U,52,10th Pass,,challenger,src-1b7bc1c9d39a
IN-AC-2008-assam-1761,assam,2016,54,GAUHATI WEST,JAVED HUSSAIN TANWAR,,1741,0.84,8,forfeit,U,29,10th Pass,,challenger,src-1b7bc1c9d39a
IN-AC-2008-assam-1761,assam,2016,54,GAUHATI WEST,IFTAZUR RAHMAN,,763,0.37,9,forfeit,U,42,,,challenger,src-1b7bc1c9d39a
IN-AC-2008-assam-1761,assam,2016,54,GAUHATI WEST,SUBIMAL BISWAS,,684,0.33,10,forfeit,U,70,,,challenger,src-1b7bc1c9d39a
IN-AC-2008-assam-1761,assam,2016,54,GAUHATI WEST,MITAN SARKAR,,613,0.3,11,forfeit,U,33,12th Pass,"Contractor, Trader",challenger,src-1b7bc1c9d39a
IN-AC-2008-assam-1761,assam,2016,54,GAUHATI WEST,PULAK RANJAN CHAKRABARTY,,612,0.3,12,forfeit,U,35,12th Pass,,challenger,src-1b7bc1c9d39a
IN-AC-2008-assam-1761,assam,2016,54,GAUHATI WEST,HASNUR ALI,,496,0.24,13,forfeit,U,37,Graduate Professional,,challenger,src-1b7bc1c9d39a
IN-AC-2008-assam-1761,assam,2016,54,GAUHATI WEST,MANAS PRATIM DAS,,398,0.19,14,forfeit,U,30,12th Pass,Rent,challenger,src-1b7bc1c9d39a
IN-AC-2008-assam-1762,assam,2016,55,HAJO,SUMAN HARIPRIYA,,55096,40.76,1,won,U,47,Post Graduate,Hospitality,challenger,src-1b7bc1c9d39a
IN-AC-2008-assam-1762,assam,2016,55,HAJO,DULU AHMED,,46188,34.17,2,lost,U,41,Graduate,,challenger,src-1b7bc1c9d39a
IN-AC-2008-assam-1762,assam,2016,55,HAJO,NURUL HUSSAIN,,16608,12.29,3,forfeit,U,55,Graduate Professional,,challenger,src-1b7bc1c9d39a
IN-AC-2008-assam-1762,assam,2016,55,HAJO,DWIPEN PATHAK,,6673,4.94,4,forfeit,U,53,Graduate,,incumbent,src-1b7bc1c9d39a
IN-AC-2008-assam-1762,assam,2016,55,HAJO,MUJIBUR RAHMAN,,3567,2.64,5,forfeit,U,43,12th Pass,,challenger,src-1b7bc1c9d39a
IN-AC-2008-assam-1762,assam,2016,55,HAJO,HEMANTA KALITA,,1380,1.02,6,forfeit,U,34,Graduate,,challenger,src-1b7bc1c9d39a
IN-AC-2008-assam-1762,assam,2016,55,HAJO,RAMANI MALAKAR,,1017,0.75,8,forfeit,U,67,Graduate,,challenger,src-1b7bc1c9d39a
IN-AC-2008-assam-1762,assam,2016,55,HAJO,IMDADUR RAHMAN,,696,0.51,9,forfeit,U,36,Graduate Professional,Advocacy,challenger,src-1b7bc1c9d39a
IN-AC-2008-assam-1762,assam,2016,55,HAJO,RAMEN CHANDRA LAHKAR,,556,0.41,10,forfeit,U,50,12th Pass,,challenger,src-1b7bc1c9d39a
IN-AC-2008-assam-1762,assam,2016,55,HAJO,TRIPTI KANA MAJUMDAR CHOUDHURY,,501,0.37,11,forfeit,U,52,,,challenger,src-1b7bc1c9d39a
IN-AC-2008-assam-1762,assam,2016,55,HAJO,TAHER ALI TALUKDAR,,369,0.27,12,forfeit,U,35,10th Pass,,challenger,src-1b7bc1c9d39a
IN-AC-2008-assam-1762,assam,2016,55,HAJO,REKIBUDDIN AHMED,,338,0.25,13,forfeit,U,40,12th Pass,Contractor,challenger,src-1b7bc1c9d39a
IN-AC-2008-assam-1762,assam,2016,55,HAJO,MAKANI BARMAN,,301,0.22,14,forfeit,U,45,Post Graduate,Lawyer,challenger,src-1b7bc1c9d39a
IN-AC-2008-assam-1762,assam,2016,55,HAJO,MOHAN CHANDRA MALAKAR,,261,0.19,15,forfeit,U,67,Graduate,,challenger,src-1b7bc1c9d39a
IN-AC-2008-assam-1762,assam,2016,55,HAJO,TABIBAR RAHMAN,,240,0.18,16,forfeit,U,33,12th Pass,,challenger,src-1b7bc1c9d39a
IN-AC-2008-assam-1762,assam,2016,55,HAJO,TAIZUDDIN AHMED,,214,0.16,17,forfeit,U,55,12th Pass,,challenger,src-1b7bc1c9d39a
IN-AC-2008-assam-1814,assam,2016,56,KAMALPUR,SATYABRAT KALITA,,78170,57.7,1,won,U,50,Post Graduate,Party Worker,challenger,src-1b7bc1c9d39a
IN-AC-2008-assam-1814,assam,2016,56,KAMALPUR,PRANJIT CHOUDHURY,,41261,30.46,2,lost,U,39,Post Graduate,,challenger,src-1b7bc1c9d39a
IN-AC-2008-assam-1814,assam,2016,56,KAMALPUR,MATLEBUDDIN AHMED,,6882,5.08,3,forfeit,U,45,Graduate,,challenger,src-1b7bc1c9d39a
IN-AC-2008-assam-1814,assam,2016,56,KAMALPUR,OMAR RASHID,,3400,2.51,4,forfeit,U,47,Graduate,Rent,challenger,src-1b7bc1c9d39a
IN-AC-2008-assam-1814,assam,2016,56,KAMALPUR,MADHABI DEKA,,1840,1.36,5,forfeit,U,53,Graduate,,challenger,src-1b7bc1c9d39a
IN-AC-2008-assam-1814,assam,2016,56,KAMALPUR,HARMOHAN CHANDRA RAJBONGSHI,,1021,0.75,6,forfeit,U,47,10th Pass,,challenger,src-1b7bc1c9d39a
IN-AC-2008-assam-1814,assam,2016,56,KAMALPUR,RAMEN CHANDRA MAHANTA,,650,0.48,8,forfeit,U,42,12th Pass,,challenger,src-1b7bc1c9d39a
IN-AC-2008-assam-1814,assam,2016,56,KAMALPUR,SAIDUR RAHMAN,,505,0.37,9,forfeit,U,48,10th Pass,,challenger,src-1b7bc1c9d39a
IN-AC-2008-assam-1814,assam,2016,56,KAMALPUR,REKIBAR RAHMAN,,441,0.33,10,forfeit,U,28,12th Pass,,challenger,src-1b7bc1c9d39a
IN-AC-2008-assam-1814,assam,2016,56,KAMALPUR,SISIR KUMAR KAKATI,,361,0.27,11,forfeit,U,54,Graduate,,challenger,src-1b7bc1c9d39a
IN-AC-2008-assam-1819,assam,2016,57,RANGIYA,BHABESH KALITA,,58353,40.72,1,won,U,44,Graduate Professional,Lawyer,challenger,src-1b7bc1c9d39a
IN-AC-2008-assam-1819,assam,2016,57,RANGIYA,GHANASHYAM KALITA,,26286,18.34,2,lost,U,63,Graduate,MLA,incumbent,src-1b7bc1c9d39a
IN-AC-2008-assam-1819,assam,2016,57,RANGIYA,MRINAL DEKA,,17772,12.4,3,forfeit,U,43,Graduate Professional,,challenger,src-1b7bc1c9d39a
IN-AC-2008-assam-1819,assam,2016,57,RANGIYA,ABDUL SAMAD CHOUDHURY,,14411,10.06,4,forfeit,U,29,10th Pass,,challenger,src-1b7bc1c9d39a
IN-AC-2008-assam-1819,assam,2016,57,RANGIYA,ANANTA DEKA,,12261,8.56,5,forfeit,U,58,Post Graduate,Ex MLA,challenger,src-1b7bc1c9d39a
IN-AC-2008-assam-1819,assam,2016,57,RANGIYA,THANESWAR BORO,,5358,3.74,6,forfeit,U,75,Post Graduate,,challenger,src-1b7bc1c9d39a
IN-AC-2008-assam-1819,assam,2016,57,RANGIYA,SAMSUL HAQUE,,4472,3.12,7,forfeit,U,39,12th Pass,,challenger,src-1b7bc1c9d39a
IN-AC-2008-assam-1819,assam,2016,57,RANGIYA,PABITRA BARO,,1230,0.86,8,forfeit,U,42,12th Pass,,challenger,src-1b7bc1c9d39a
IN-AC-2008-assam-1819,assam,2016,57,RANGIYA,RAJIB KAKOTI,,1066,0.74,9,forfeit,U,44,,,challenger,src-1b7bc1c9d39a
IN-AC-2008-assam-1819,assam,2016,57,RANGIYA,BISWAJIT BRAHMA,,616,0.43,11,forfeit,U,36,Graduate Professional,Lawyer,challenger,src-1b7bc1c9d39a
IN-AC-2008-assam-1819,assam,2016,57,RANGIYA,BABUL BARO,,570,0.4,12,forfeit,U,41,,,challenger,src-1b7bc1c9d39a
IN-AC-2008-assam-1802,assam,2016,58,TAMULPUR,EMMANUEL MOSAHARY,,63031,42.87,1,won,U,52,,,incumbent,src-1b7bc1c9d39a
IN-AC-2008-assam-1802,assam,2016,58,TAMULPUR,RABINDRA BISWAS,,43084,29.3,2,lost,U,39,10th Pass,,challenger,src-1b7bc1c9d39a
IN-AC-2008-assam-1802,assam,2016,58,TAMULPUR,CHANDI BASUMATARY,,21704,14.76,3,forfeit,U,45,Graduate,Ex MLA,challenger,src-1b7bc1c9d39a
IN-AC-2008-assam-1802,assam,2016,58,TAMULPUR,JAMIR UDDIN AHMED,,5331,3.63,4,forfeit,U,51,Graduate,,challenger,src-1b7bc1c9d39a
IN-AC-2008-assam-1802,assam,2016,58,TAMULPUR,GIRISH CHANDRA MAHANTA,,3532,2.4,5,forfeit,U,65,Graduate,Ex Govt Employee,challenger,src-1b7bc1c9d39a
IN-AC-2008-assam-1802,assam,2016,58,TAMULPUR,MANDAL BASKEY,,3120,2.12,6,forfeit,U,59,8th Pass,,challenger,src-1b7bc1c9d39a
IN-AC-2008-assam-1802,assam,2016,58,TAMULPUR,HIRANYA CHOUDHURY,,1697,1.15,8,forfeit,U,50,12th Pass,,challenger,src-1b7bc1c9d39a
IN-AC-2008-assam-1802,assam,2016,58,TAMULPUR,DERHAGRA MOCHAHARY,,1527,1.04,9,forfeit,U,66,10th Pass,Ex MLA,challenger,src-1b7bc1c9d39a
IN-AC-2008-assam-1802,assam,2016,58,TAMULPUR,RANJIT KR BISWAS,,1339,0.91,10,forfeit,U,43,12th Pass,,challenger,src-1b7bc1c9d39a
IN-AC-2008-assam-1817,assam,2016,59,NALBARI,ASHOK SARMA,,99131,62.93,1,won,U,51,12th Pass,NGO,challenger,src-1b7bc1c9d39a
IN-AC-2008-assam-1817,assam,2016,59,NALBARI,PRADYUT KUMAR BHUYAN,,46087,29.26,2,lost,U,45,Graduate,,challenger,src-1b7bc1c9d39a
IN-AC-2008-assam-1817,assam,2016,59,NALBARI,KHURSHID ALAM,,3608,2.29,3,forfeit,U,55,Graduate,Ex Military,challenger,src-1b7bc1c9d39a
IN-AC-2008-assam-1817,assam,2016,59,NALBARI,SHRISTI SARMA,,3028,1.92,4,forfeit,U,36,12th Pass,Unspecified,challenger,src-1b7bc1c9d39a
IN-AC-2008-assam-1817,assam,2016,59,NALBARI,MAHESWAR DUTTA,,1676,1.06,5,forfeit,U,62,12th Pass,Party Worker,challenger,src-1b7bc1c9d39a
IN-AC-2008-assam-1817,assam,2016,59,NALBARI,HARINARAYAN DAS,,698,0.44,7,forfeit,U,51,Post Graduate,,challenger,src-1b7bc1c9d39a
IN-AC-2008-assam-1817,assam,2016,59,NALBARI,JYOTIRMAY GOSWAMI,,611,0.39,8,forfeit,U,39,Graduate,,challenger,src-1b7bc1c9d39a
IN-AC-2008-assam-1817,assam,2016,59,NALBARI,MAHARISHI PARASAR CHAKRAVARTY,,398,0.25,9,forfeit,U,25,Post Graduate,Home Teacher or Tuition,challenger,src-1b7bc1c9d39a
IN-AC-2008-assam-1817,assam,2016,59,NALBARI,GOPI BARUAH,,271,0.17,10,forfeit,U,52,8th Pass,,challenger,src-1b7bc1c9d39a
IN-AC-2008-assam-1817,assam,2016,59,NALBARI,JITEN KALITA,,229,0.15,11,forfeit,U,43,10th Pass,,challenger,src-1b7bc1c9d39a
IN-AC-2008-assam-1817,assam,2016,59,NALBARI,MUNINDRA DOLEY,,222,0.14,12,forfeit,U,34,Graduate,,challenger,src-1b7bc1c9d39a
IN-AC-2008-assam-1755,assam,2016,60,BARKHETRY,NARAYAN DEKA,,69223,47.15,1,won,U,48,12th Pass,,challenger,src-1b7bc1c9d39a
IN-AC-2008-assam-1755,assam,2016,60,BARKHETRY,DIGANTA BARMAN,,60610,41.29,2,lost,U,52,Graduate,,challenger,src-1b7bc1c9d39a
IN-AC-2008-assam-1755,assam,2016,60,BARKHETRY,MD. AKRAM HUSSAIN TALUKDAR,,9950,6.78,3,forfeit,U,59,10th Pass,Ex Govt Employee,challenger,src-1b7bc1c9d39a
IN-AC-2008-assam-1755,assam,2016,60,BARKHETRY,KAMALESH DEKA,,2316,1.58,4,forfeit,U,68,Post Graduate,,challenger,src-1b7bc1c9d39a
IN-AC-2008-assam-1755,assam,2016,60,BARKHETRY,RAAJU BARMAN,,874,0.6,5,forfeit,U,26,10th Pass,,challenger,src-1b7bc1c9d39a
IN-AC-2008-assam-1755,assam,2016,60,BARKHETRY,DEEPAK KALITA,,670,0.46,7,forfeit,U,42,Post Graduate,,challenger,src-1b7bc1c9d39a
IN-AC-2008-assam-1755,assam,2016,60,BARKHETRY,BHUPEN TALUKDAR,,551,0.38,8,forfeit,U,43,12th Pass,,challenger,src-1b7bc1c9d39a
IN-AC-2008-assam-1755,assam,2016,60,BARKHETRY,MANOMATI DAS,,475,0.32,9,forfeit,U,39,Graduate,Household,challenger,src-1b7bc1c9d39a
IN-AC-2008-assam-1755,assam,2016,60,BARKHETRY,BIPUL GOSWAMI,,382,0.26,10,forfeit,U,46,Graduate,,challenger,src-1b7bc1c9d39a
IN-AC-2008-assam-1755,assam,2016,60,BARKHETRY,MANTU BARUAH,,368,0.25,11,forfeit,U,63,Graduate,,challenger,src-1b7bc1c9d39a
IN-AC-2008-assam-1755,assam,2016,60,BARKHETRY,RAJU DEKA,,347,0.24,12,forfeit,U,44,Post Graduate,,challenger,src-1b7bc1c9d39a
IN-AC-2008-assam-1755,assam,2016,60,BARKHETRY,BHUMIDHAR BARMAN,,255,0.17,13,forfeit,U,42,Graduate,,challenger,src-1b7bc1c9d39a
IN-AC-2008-assam-1732,assam,2016,61,DHARMAPUR,CHANDRA MOHAN PATOWARY,,70503,63.55,1,won,U,58,Post Graduate,Party Worker,crossover,src-1b7bc1c9d39a
IN-AC-2008-assam-1732,assam,2016,61,DHARMAPUR,NILAMANI SEN DEKA,,36560,32.95,2,lost,U,62,Graduate Professional,Lawyer,incumbent,src-1b7bc1c9d39a
IN-AC-2008-assam-1732,assam,2016,61,DHARMAPUR,DIPAK BARMAN,,2194,1.98,3,forfeit,U,48,10th Pass,"Contractor, Trader",challenger,src-1b7bc1c9d39a
IN-AC-2008-assam-1732,assam,2016,61,DHARMAPUR,SANKAR TALUKDAR,,699,0.63,5,forfeit,U,30,Graduate,Real Estate or Builder or Developer or Construction,challenger,src-1b7bc1c9d39a
IN-AC-2008-assam-1793,assam,2016,62,BARAMA,MANESWAR BRAHMA,,45289,37.9,1,won,U,44,,,incumbent,src-1b7bc1c9d39a
IN-AC-2008-assam-1793,assam,2016,62,BARAMA,REKHA RANI DAS BORO,,35493,29.7,2,lost,U,55,Post Graduate,Ex MLA,challenger,src-1b7bc1c9d39a
IN-AC-2008-assam-1793,assam,2016,62,BARAMA,KATI RAM BARO,,20870,17.47,3,lost,U,45,,,challenger,src-1b7bc1c9d39a
IN-AC-2008-assam-1793,assam,2016,62,BARAMA,PANI RAM RABHA,,14373,12.03,4,forfeit,U,56,Graduate,Ex MLA,challenger,src-1b7bc1c9d39a
IN-AC-2008-assam-1793,assam,2016,62,BARAMA,BHUPEN DAS,,1484,1.24,6,forfeit,U,61,Graduate,,challenger,src-1b7bc1c9d39a
IN-AC-2008-assam-1796,assam,2016,63,CHAPAGURI,THANESWAR BASUMATARY,,43250,37.8,1,won,U,49,,,challenger,src-1b7bc1c9d39a
IN-AC-2008-assam-1796,assam,2016,63,CHAPAGURI,SUJAN DAS,,41769,36.51,2,lost,U,41,Post Graduate,,challenger,src-1b7bc1c9d39a
IN-AC-2008-assam-1796,assam,2016,63,CHAPAGURI,HITESH BASUMATARY,,27342,23.9,3,lost,U,45,12th Pass,MLA,incumbent,src-1b7bc1c9d39a
IN-AC-2008-assam-1818,assam,2016,64,PANERY,KAMALI BASUMATARI,,38668,35.93,1,won,U,58,,,incumbent,src-1b7bc1c9d39a
IN-AC-2008-assam-1818,assam,2016,64,PANERY,NANDA RAM BARO,,22866,21.25,2,lost,U,46,12th Pass,,challenger,src-1b7bc1c9d39a
IN-AC-2008-assam-1818,assam,2016,64,PANERY,DURGADAS BORO,,19089,17.74,3,lost,U,58,Graduate,,crossover,src-1b7bc1c9d39a
IN-AC-2008-assam-1818,assam,2016,64,PANERY,PRABHAT DAS PANIKA,,12812,11.91,4,forfeit,U,35,10th Pass,,challenger,src-1b7bc1c9d39a
IN-AC-2008-assam-1818,assam,2016,64,PANERY,SUDHENDU MOHAN TALUKDAR,,3644,3.39,5,forfeit,U,40,Graduate,,challenger,src-1b7bc1c9d39a
IN-AC-2008-assam-1818,assam,2016,64,PANERY,BIKAN CHANDRA DEKA,,3276,3.04,6,forfeit,U,52,Graduate Professional,Self-employed,challenger,src-1b7bc1c9d39a
IN-AC-2008-assam-1818,assam,2016,64,PANERY,MAHESH CHANDRA SARMA,,1978,1.84,8,forfeit,U,57,Graduate,,challenger,src-1b7bc1c9d39a
IN-AC-2008-assam-1818,assam,2016,64,PANERY,DINA NATH DAS,,1489,1.38,9,forfeit,U,71,Post Graduate,,challenger,src-1b7bc1c9d39a
IN-AC-2008-assam-1818,assam,2016,64,PANERY,SWARNALATA CHALIHA,,1364,1.27,10,forfeit,U,40,Post Graduate,Activist,challenger,src-1b7bc1c9d39a
IN-AC-2008-assam-1813,assam,2016,65,KALAIGAON,MAHESWAR BARO,,47206,35.54,1,won,U,48,,,challenger,src-1b7bc1c9d39a
IN-AC-2008-assam-1813,assam,2016,65,KALAIGAON,NATHU RAM BORO,,29585,22.28,2,lost,U,45,Post Graduate,Ex MLA,challenger,src-1b7bc1c9d39a
IN-AC-2008-assam-1813,assam,2016,65,KALAIGAON,MUKUNDA RAM CHOUDHURY,,24287,18.29,3,lost,U,67,Others,MLA,incumbent,src-1b7bc1c9d39a
IN-AC-2008-assam-1813,assam,2016,65,KALAIGAON,BABUL BASUMATARY,,11344,8.54,4,forfeit,U,38,,,challenger,src-1b7bc1c9d39a
IN-AC-2008-assam-1813,assam,2016,65,KALAIGAON,INDRAJIT KUMAR SAIKIA,,10367,7.81,5,forfeit,U,37,Graduate Professional,,challenger,src-1b7bc1c9d39a
IN-AC-2008-assam-1813,assam,2016,65,KALAIGAON,SUDHENDU MOHAN TALUKDAR,,2238,1.69,6,forfeit,U,40,,,challenger,src-1b7bc1c9d39a
IN-AC-2008-assam-1813,assam,2016,65,KALAIGAON,BRAJEN MAHANTA,,1411,1.06,7,forfeit,U,62,10th Pass,Retired or Pension,challenger,src-1b7bc1c9d39a
IN-AC-2008-assam-1813,assam,2016,65,KALAIGAON,RADHE SHYAM CHAUHAN,,1140,0.86,9,forfeit,U,47,Graduate Professional,Lawyer,challenger,src-1b7bc1c9d39a
IN-AC-2008-assam-1813,assam,2016,65,KALAIGAON,BIJOY DAS,,783,0.59,10,forfeit,U,26,,,challenger,src-1b7bc1c9d39a
IN-AC-2008-assam-1813,assam,2016,65,KALAIGAON,AROON BAROOA,,708,0.53,11,forfeit,U,60,,,crossover,src-1b7bc1c9d39a
IN-AC-2008-assam-1813,assam,2016,65,KALAIGAON,DR. NAYAN MANI BHAGAWATI,,634,0.48,12,forfeit,U,27,,,challenger,src-1b7bc1c9d39a
IN-AC-2008-assam-1813,assam,2016,65,KALAIGAON,SUSHIL KUMAR SARMA,,594,0.45,13,forfeit,U,52,12th Pass,Unspecified,challenger,src-1b7bc1c9d39a
IN-AC-2008-assam-1813,assam,2016,65,KALAIGAON,JITENDRA CHALIHA,,531,0.4,14,forfeit,U,46,12th Pass,Activist,challenger,src-1b7bc1c9d39a
IN-AC-2008-assam-1813,assam,2016,65,KALAIGAON,GOPAL SARKAR,,484,0.36,15,forfeit,U,35,,,challenger,src-1b7bc1c9d39a
IN-AC-2008-assam-1813,assam,2016,65,KALAIGAON,ABDUL SABUR,,305,0.23,16,forfeit,U,47,,,challenger,src-1b7bc1c9d39a
IN-AC-2008-assam-1820,assam,2016,66,SIPAJHAR,BINANDA KUMAR SAIKIA,,65487,47.89,1,won,U,51,Post Graduate,,incumbent,src-1b7bc1c9d39a
IN-AC-2008-assam-1820,assam,2016,66,SIPAJHAR,DR ZOII NATH SARMAH,,53312,38.98,2,lost,U,60,Doctorate,Managerial Position,challenger,src-1b7bc1c9d39a
IN-AC-2008-assam-1820,assam,2016,66,SIPAJHAR,JAYANTA SAHARIA,,10818,7.91,3,forfeit,U,42,Post Graduate,District Council,challenger,src-1b7bc1c9d39a
IN-AC-2008-assam-1820,assam,2016,66,SIPAJHAR,SYED ABDULLAH,,2476,1.81,4,forfeit,U,36,12th Pass,Mechanic,challenger,src-1b7bc1c9d39a
IN-AC-2008-assam-1820,assam,2016,66,SIPAJHAR,TRIDIB SARMA,,1033,0.76,5,forfeit,U,51,Graduate,Journalist or Editor,challenger,src-1b7bc1c9d39a
IN-AC-2008-assam-1820,assam,2016,66,SIPAJHAR,REJAUL HOQUE,,793,0.58,7,forfeit,U,33,10th Pass,,challenger,src-1b7bc1c9d39a
IN-AC-2008-assam-1820,assam,2016,66,SIPAJHAR,SARAT CHANDRA SARMA,,780,0.57,8,forfeit,U,61,12th Pass,,challenger,src-1b7bc1c9d39a
IN-AC-2008-assam-1820,assam,2016,66,SIPAJHAR,THANESWAR DAS,,351,0.26,9,forfeit,U,61,Graduate,,challenger,src-1b7bc1c9d39a
IN-AC-2008-assam-1820,assam,2016,66,SIPAJHAR,UMESH BANIA,,339,0.25,10,forfeit,U,63,10th Pass,,challenger,src-1b7bc1c9d39a
IN-AC-2008-assam-1820,assam,2016,66,SIPAJHAR,PAHESWARI BARUA,,242,0.18,11,forfeit,U,41,10th Pass,Activist,challenger,src-1b7bc1c9d39a
IN-AC-2008-assam-1820,assam,2016,66,SIPAJHAR,AMIYA KUMAR DEKA,,171,0.13,12,forfeit,U,41,,,challenger,src-1b7bc1c9d39a
IN-AC-2008-assam-1815,assam,2016,67,MANGALDOI,GURUJYOTI DAS,,73423,41.31,1,won,U,37,Graduate,,challenger,src-1b7bc1c9d39a
IN-AC-2008-assam-1815,assam,2016,67,MANGALDOI,BASANTA DAS,,51378,28.91,2,lost,U,45,Graduate,"MLA, Minister",incumbent,src-1b7bc1c9d39a
IN-AC-2008-assam-1815,assam,2016,67,MANGALDOI,HIREN KR DAS,,48417,27.24,3,lost,U,54,Graduate,Ex MLA,challenger,src-1b7bc1c9d39a
IN-AC-2008-assam-1815,assam,2016,67,MANGALDOI,JITENDRA SARKAR,,953,0.54,5,forfeit,U,27,10th Pass,Unspecified,challenger,src-1b7bc1c9d39a
IN-AC-2008-assam-1815,assam,2016,67,MANGALDOI,BHUPEN CH. DAS,,874,0.49,6,forfeit,U,59,Graduate,,challenger,src-1b7bc1c9d39a
IN-AC-2008-assam-1815,assam,2016,67,MANGALDOI,ARJUN CH. DAS,,841,0.47,7,forfeit,U,55,,,challenger,src-1b7bc1c9d39a
IN-AC-2008-assam-1815,assam,2016,67,MANGALDOI,JAGADISH CHANDRA SARKAR,,466,0.26,8,forfeit,U,39,,,challenger,src-1b7bc1c9d39a
IN-AC-2008-assam-1812,assam,2016,68,DALGAON,ILIAS ALI,,76607,42.48,1,won,U,56,10th Pass,MLA,incumbent,src-1b7bc1c9d39a
IN-AC-2008-assam-1812,assam,2016,68,DALGAON,MAZIBUR RAHMAN,,74287,41.2,2,lost,U,41,Graduate Professional,,challenger,src-1b7bc1c9d39a
IN-AC-2008-assam-1812,assam,2016,68,DALGAON,HABIBAR RAHMAN,,24714,13.71,3,forfeit,U,56,Graduate Professional,Film Director,challenger,src-1b7bc1c9d39a
IN-AC-2008-assam-1812,assam,2016,68,DALGAON,SARIFUDDIN AHMED,,1016,0.56,5,forfeit,U,50,Graduate,,challenger,src-1b7bc1c9d39a
IN-AC-2008-assam-1812,assam,2016,68,DALGAON,ABDUR RAHIM,,926,0.51,6,forfeit,U,31,,,challenger,src-1b7bc1c9d39a
IN-AC-2008-assam-1812,assam,2016,68,DALGAON,MUSTAFA FAROOK AHMED,,900,0.5,7,forfeit,U,36,,,challenger,src-1b7bc1c9d39a
IN-AC-2008-assam-1812,assam,2016,68,DALGAON,AHMED ALI,,707,0.39,8,forfeit,U,56,Graduate Professional,Doctor,challenger,src-1b7bc1c9d39a
IN-AC-2008-assam-1821,assam,2016,69,UDALGURI,RIHON DAIMARI,,45037,40.94,1,won,U,54,,,incumbent,src-1b7bc1c9d39a
IN-AC-2008-assam-1821,assam,2016,69,UDALGURI,ANJALI PRABHA DAIMARI,,20663,18.79,2,lost,U,51,Post Graduate,Activist,challenger,src-1b7bc1c9d39a
IN-AC-2008-assam-1821,assam,2016,69,UDALGURI,DILIP KR. BARO,,20204,18.37,3,lost,U,51,,,challenger,src-1b7bc1c9d39a
IN-AC-2008-assam-1821,assam,2016,69,UDALGURI,JAMAN SINGH BRAHMA,,16343,14.86,4,forfeit,U,64,12th Pass,,challenger,src-1b7bc1c9d39a
IN-AC-2008-assam-1821,assam,2016,69,UDALGURI,BIPUL NARZARY,,3624,3.29,5,forfeit,U,38,12th Pass,,challenger,src-1b7bc1c9d39a
IN-AC-2008-assam-1821,assam,2016,69,UDALGURI,SANTOSH MADAHI,,1668,1.52,7,forfeit,U,27,,,challenger,src-1b7bc1c9d39a
IN-AC-2008-assam-1816,assam,2016,70,MAZBAT,CHARAN BORO,,48351,43.16,1,won,U,36,,,challenger,src-1b7bc1c9d39a
IN-AC-2008-assam-1816,assam,2016,70,MAZBAT,TEHARU GOUR,,22133,19.76,2,lost,U,31,8th Pass,,challenger,src-1b7bc1c9d39a
IN-AC-2008-assam-1816,assam,2016,70,MAZBAT,RAPHAEL KUJUR,,20577,18.37,3,lost,U,42,Graduate,,challenger,src-1b7bc1c9d39a
IN-AC-2008-assam-1816,assam,2016,70,MAZBAT,RABINDRA BASUMATARY,,8763,7.82,4,forfeit,U,51,12th Pass,,challenger,src-1b7bc1c9d39a
IN-AC-2008-assam-1816,assam,2016,70,MAZBAT,SAPNA DAIMARY,,2841,2.54,5,forfeit,U,41,,,challenger,src-1b7bc1c9d39a
IN-AC-2008-assam-1816,assam,2016,70,MAZBAT,GIRISH CHANDRA CHOUDHURY,,2117,1.89,6,forfeit,U,62,Graduate,,challenger,src-1b7bc1c9d39a
IN-AC-2008-assam-1816,assam,2016,70,MAZBAT,SUNIL SARKAR,,1906,1.7,8,forfeit,U,56,Literate,Mechanic,challenger,src-1b7bc1c9d39a
IN-AC-2008-assam-1816,assam,2016,70,MAZBAT,BALDEV CHOUHAN,,1276,1.14,9,forfeit,U,43,10th Pass,,challenger,src-1b7bc1c9d39a
IN-AC-2008-assam-1816,assam,2016,70,MAZBAT,LAL SOREN,,1007,0.9,10,forfeit,U,42,10th Pass,,challenger,src-1b7bc1c9d39a
IN-AC-2008-assam-1816,assam,2016,70,MAZBAT,MANOJ KUMAR TAMULI,,707,0.63,11,forfeit,U,43,12th Pass,,challenger,src-1b7bc1c9d39a
IN-AC-2008-assam-1816,assam,2016,70,MAZBAT,ABUL QUASIM,,380,0.34,12,forfeit,U,53,10th Pass,,challenger,src-1b7bc1c9d39a
IN-AC-2008-assam-1842,assam,2016,71,DHEKIAJULI,ASHOK SINGHAL,,71425,49.57,1,won,U,48,Graduate,Unspecified,challenger,src-1b7bc1c9d39a
IN-AC-2008-assam-1842,assam,2016,71,DHEKIAJULI,HABUL CHAKRABORTY,,36430,25.28,2,lost,U,52,10th Pass,,incumbent,src-1b7bc1c9d39a
IN-AC-2008-assam-1842,assam,2016,71,DHEKIAJULI,DHANIRAM RAJOWAR,,16690,11.58,3,forfeit,U,42,8th Pass,,challenger,src-1b7bc1c9d39a
IN-AC-2008-assam-1842,assam,2016,71,DHEKIAJULI,BENUDHAR NATH,,8142,5.65,4,forfeit,U,47,12th Pass,,challenger,src-1b7bc1c9d39a
IN-AC-2008-assam-1842,assam,2016,71,DHEKIAJULI,RANJAY BASUMATARY,,2972,2.06,5,forfeit,U,55,10th Pass,,challenger,src-1b7bc1c9d39a
IN-AC-2008-assam-1842,assam,2016,71,DHEKIAJULI,JAHIRUL ISLAM,,2164,1.5,7,forfeit,U,33,12th Pass,,challenger,src-1b7bc1c9d39a
IN-AC-2008-assam-1842,assam,2016,71,DHEKIAJULI,SATRUGHNA SASONI,,1603,1.11,8,forfeit,U,36,10th Pass,,challenger,src-1b7bc1c9d39a
IN-AC-2008-assam-1842,assam,2016,71,DHEKIAJULI,MOHAN CH NAG,,1159,0.8,9,forfeit,U,56,,,challenger,src-1b7bc1c9d39a
IN-AC-2008-assam-1842,assam,2016,71,DHEKIAJULI,MANORANJAN DAIMARI,,1127,0.78,10,forfeit,U,32,,,challenger,src-1b7bc1c9d39a
IN-AC-2008-assam-1838,assam,2016,72,BORCHALLA,GANESH KUMAR LIMBU,,53912,45,1,won,U,44,Post Graduate,,challenger,src-1b7bc1c9d39a
IN-AC-2008-assam-1838,assam,2016,72,BORCHALLA,TANKA BAHADUR RAI,,30230,25.23,2,lost,U,65,Post Graduate,Lawyer,incumbent,src-1b7bc1c9d39a
IN-AC-2008-assam-1838,assam,2016,72,BORCHALLA,BINA DAIMARI,,23821,19.88,3,lost,U,43,Graduate,,challenger,src-1b7bc1c9d39a
IN-AC-2008-assam-1838,assam,2016,72,BORCHALLA,NARAYAN SARMAH,,8847,7.38,4,forfeit,U,61,Graduate,,challenger,src-1b7bc1c9d39a
IN-AC-2008-assam-1838,assam,2016,72,BORCHALLA,BIPHAI MINJ,,1216,1.01,6,forfeit,U,61,10th Pass,,challenger,src-1b7bc1c9d39a
IN-AC-2008-assam-1846,assam,2016,73,TEZPUR,BRINDABAN GOSWAMI,,71170,52.56,1,won,U,66,Graduate,"MLA, Ex MLA, Ex Minister",challenger,src-1b7bc1c9d39a
IN-AC-2008-assam-1846,assam,2016,73,TEZPUR,HIRANYA BHUYAN,,36507,26.96,2,lost,U,31,Graduate,,challenger,src-1b7bc1c9d39a
IN-AC-2008-assam-1846,assam,2016,73,TEZPUR,SUKENDRA NATH,,22295,16.46,3,forfeit,U,51,12th Pass,,challenger,src-1b7bc1c9d39a
IN-AC-2008-assam-1846,assam,2016,73,TEZPUR,BIZIT SAIKIA,,1096,0.81,5,forfeit,U,72,12th Pass,,challenger,src-1b7bc1c9d39a
IN-AC-2008-assam-1846,assam,2016,73,TEZPUR,NAYAN MONI CHOUDHURY,,855,0.63,6,forfeit,U,26,Post Graduate,Home Teacher or Tuition,challenger,src-1b7bc1c9d39a
IN-AC-2008-assam-1846,assam,2016,73,TEZPUR,BHABANANDA DEKA,,742,0.55,7,forfeit,U,53,10th Pass,,challenger,src-1b7bc1c9d39a
IN-AC-2008-assam-1846,assam,2016,73,TEZPUR,SUJIT SARMA,,662,0.49,8,forfeit,U,40,12th Pass,,challenger,src-1b7bc1c9d39a
IN-AC-2008-assam-1846,assam,2016,73,TEZPUR,MAHENDRA BHUYAN,,569,0.42,9,forfeit,U,65,Graduate,,challenger,src-1b7bc1c9d39a
IN-AC-2008-assam-1844,assam,2016,74,RANGAPARA,PALLAB LOCHAN DAS,,51597,43.92,1,won,U,38,Graduate,Ex MLA,incumbent,src-1b7bc1c9d39a
IN-AC-2008-assam-1844,assam,2016,74,RANGAPARA,BHIMANANDA TANTI,,28606,24.35,2,lost,U,58,Graduate,,incumbent,src-1b7bc1c9d39a
IN-AC-2008-assam-1844,assam,2016,74,RANGAPARA,BIJOY KUMAR TIRU,,13281,11.3,3,forfeit,U,60,Graduate,,challenger,src-1b7bc1c9d39a
IN-AC-2008-assam-1844,assam,2016,74,RANGAPARA,ROYAL SORENG,,8033,6.84,4,forfeit,U,34,8th Pass,Party Worker,challenger,src-1b7bc1c9d39a
IN-AC-2008-assam-1844,assam,2016,74,RANGAPARA,CHRISTOPHER DHANWAR,,6415,5.46,5,forfeit,U,31,10th Pass,,challenger,src-1b7bc1c9d39a
IN-AC-2008-assam-1844,assam,2016,74,RANGAPARA,ABHIJIT HAZARIKA,,3438,2.93,6,forfeit,U,47,Post Graduate,,challenger,src-1b7bc1c9d39a
IN-AC-2008-assam-1844,assam,2016,74,RANGAPARA,JITENDRA KUMAR SHARMA,,1362,1.16,8,forfeit,U,43,10th Pass,,challenger,src-1b7bc1c9d39a
IN-AC-2008-assam-1844,assam,2016,74,RANGAPARA,MITHU MALAKAR,,1255,1.07,9,forfeit,U,41,10th Pass,,challenger,src-1b7bc1c9d39a
IN-AC-2008-assam-1844,assam,2016,74,RANGAPARA,ABBAS KHAN,,687,0.58,10,forfeit,U,55,,,challenger,src-1b7bc1c9d39a
IN-AC-2008-assam-1844,assam,2016,74,RANGAPARA,ARCHANA PAUL CHOUDHURY,,490,0.42,11,forfeit,U,33,10th Pass,,challenger,src-1b7bc1c9d39a
IN-AC-2008-assam-1845,assam,2016,75,SOOTEA,PADMA HAZARIKA,,60440,45.89,1,won,U,53,12th Pass,,incumbent,src-1b7bc1c9d39a
IN-AC-2008-assam-1845,assam,2016,75,SOOTEA,PRANESWAR BASUMATARY,,58622,44.51,2,lost,U,46,Graduate,,challenger,src-1b7bc1c9d39a
IN-AC-2008-assam-1845,assam,2016,75,SOOTEA,KHEMRAJ CHETRY,,4914,3.73,3,forfeit,U,57,12th Pass,Party Worker,challenger,src-1b7bc1c9d39a
IN-AC-2008-assam-1845,assam,2016,75,SOOTEA,JYOTI SUBBA,,2484,1.89,4,forfeit,U,43,10th Pass,,challenger,src-1b7bc1c9d39a
IN-AC-2008-assam-1845,assam,2016,75,SOOTEA,MAHENDRA URANG,,2112,1.6,5,forfeit,U,37,10th Pass,,challenger,src-1b7bc1c9d39a
IN-AC-2008-assam-1845,assam,2016,75,SOOTEA,ARUN NATH,,1189,0.9,7,forfeit,U,42,Graduate Professional,Advocacy,challenger,src-1b7bc1c9d39a
IN-AC-2008-assam-1841,assam,2016,76,BISWANATH,PROMOD BORTHAKUR,,64225,52.33,1,won,U,52,Post Graduate,Retired Teacher,challenger,src-1b7bc1c9d39a
IN-AC-2008-assam-1841,assam,2016,76,BISWANATH,NURJAMAL SARKAR,,54105,44.09,2,lost,U,64,Post Graduate,Lawyer,challenger,src-1b7bc1c9d39a
IN-AC-2008-assam-1841,assam,2016,76,BISWANATH,GOPI CHAND SHAHABADI,,2056,1.68,4,forfeit,U,72,10th Pass,,crossover,src-1b7bc1c9d39a
IN-AC-2008-assam-1839,assam,2016,77,BIHALI,RANJIT DUTTA,,52152,56.2,1,won,U,59,12th Pass,,challenger,src-1b7bc1c9d39a
IN-AC-2008-assam-1839,assam,2016,77,BIHALI,RUPAK SARMA,,28551,30.77,2,lost,U,41,Graduate,,challenger,src-1b7bc1c9d39a
IN-AC-2008-assam-1839,assam,2016,77,BIHALI,BIBEK DAS,,8025,8.65,3,forfeit,U,48,Graduate,Trade Union,challenger,src-1b7bc1c9d39a
IN-AC-2008-assam-1839,assam,2016,77,BIHALI,ZULFIKAR HUSSAIN,,1573,1.7,5,forfeit,U,33,12th Pass,,challenger,src-1b7bc1c9d39a
IN-AC-2008-assam-1843,assam,2016,78,GAHPUR,UTPAL BORAH,,85424,58.26,1,won,U,49,Graduate Professional,Contractor,challenger,src-1b7bc1c9d39a
IN-AC-2008-assam-1843,assam,2016,78,GAHPUR,MONIKA BORA,,56489,38.53,2,lost,U,55,12th Pass,,incumbent,src-1b7bc1c9d39a
IN-AC-2008-assam-1843,assam,2016,78,GAHPUR,HALAN PURTTI,,1189,0.81,4,forfeit,U,54,8th Pass,Trade Union,challenger,src-1b7bc1c9d39a
IN-AC-2008-assam-1843,assam,2016,78,GAHPUR,SABIR NARZARY,,967,0.66,5,forfeit,U,42,10th Pass,,challenger,src-1b7bc1c9d39a
IN-AC-2008-assam-1843,assam,2016,78,GAHPUR,DEBEN SAIKIA,,928,0.63,6,forfeit,U,42,Graduate Professional,Lawyer,challenger,src-1b7bc1c9d39a
IN-AC-2008-assam-1824,assam,2016,79,JAGIROAD,PIJUSH HAZARIKA,,94550,54.98,1,won,U,38,Graduate,,incumbent,src-1b7bc1c9d39a
IN-AC-2008-assam-1824,assam,2016,79,JAGIROAD,BIBEKANANDA DALAI,,66224,38.51,2,lost,U,49,12th Pass,MLA,incumbent,src-1b7bc1c9d39a
IN-AC-2008-assam-1824,assam,2016,79,JAGIROAD,PUTUL DAS,,7192,4.18,3,forfeit,U,49,Graduate,,challenger,src-1b7bc1c9d39a
IN-AC-2008-assam-1824,assam,2016,79,JAGIROAD,DILIP DAS,,1357,0.79,4,forfeit,U,50,5th Pass,,challenger,src-1b7bc1c9d39a
IN-AC-2008-assam-1824,assam,2016,79,JAGIROAD,SUKANTA MAZUMDAR,,576,0.33,6,forfeit,U,31,,,challenger,src-1b7bc1c9d39a
IN-AC-2008-assam-1824,assam,2016,79,JAGIROAD,MAMANI DAS,,523,0.3,7,forfeit,U,27,,,challenger,src-1b7bc1c9d39a
IN-AC-2008-assam-1824,assam,2016,79,JAGIROAD,SURJYA KUMAR DAS,,401,0.23,8,forfeit,U,30,Graduate,,challenger,src-1b7bc1c9d39a
IN-AC-2008-assam-1828,assam,2016,80,MORIGAON,RAMA KANTA DEWRI,,80669,57.09,1,won,U,52,10th Pass,Agricultural Business,challenger,src-1b7bc1c9d39a
IN-AC-2008-assam-1828,assam,2016,80,MORIGAON,JONJONALI BARUAH,,51046,36.13,2,lost,U,57,Graduate,Rent,incumbent,src-1b7bc1c9d39a
IN-AC-2008-assam-1828,assam,2016,80,MORIGAON,MUNIN MAHANTA,,3526,2.5,3,forfeit,U,64,Graduate,,challenger,src-1b7bc1c9d39a
IN-AC-2008-assam-1828,assam,2016,80,MORIGAON,LACHIT CH MEDHI,,2441,1.73,4,forfeit,U,54,Graduate,District Council,challenger,src-1b7bc1c9d39a
IN-AC-2008-assam-1828,assam,2016,80,MORIGAON,RAMEN NATH,,1403,0.99,5,forfeit,U,49,,,challenger,src-1b7bc1c9d39a
IN-AC-2008-assam-1828,assam,2016,80,MORIGAON,KHAIRUN NESSA,,920,0.65,6,forfeit,U,42,Others,,challenger,src-1b7bc1c9d39a
IN-AC-2008-assam-1828,assam,2016,80,MORIGAON,DR. DHIREN CHANDRA NATH,,417,0.3,8,forfeit,U,59,Post Graduate,Medical Professional,challenger,src-1b7bc1c9d39a
IN-AC-2008-assam-1826,assam,2016,81,LAHARIGHAT,DR. NAZRUL ISLAM,,57904,41.4,1,won,U,68,Graduate Professional,Doctor,incumbent,src-1b7bc1c9d39a
IN-AC-2008-assam-1826,assam,2016,81,LAHARIGHAT,SIDDIQUE AHMED,,52098,37.25,2,lost,U,46,10th Pass,,challenger,src-1b7bc1c9d39a
IN-AC-2008-assam-1826,assam,2016,81,LAHARIGHAT,JADUMONI PATAR,,25692,18.37,3,lost,U,43,12th Pass,,challenger,src-1b7bc1c9d39a
IN-AC-2008-assam-1826,assam,2016,81,LAHARIGHAT,RABINDRA NATH BISWAS,,1752,1.25,4,forfeit,U,46,,,challenger,src-1b7bc1c9d39a
IN-AC-2008-assam-1826,assam,2016,81,LAHARIGHAT,RANJIT KUMAR DEKA,,1494,1.07,5,forfeit,U,36,,,challenger,src-1b7bc1c9d39a
IN-AC-2008-assam-1830,assam,2016,82,RAHA,DIMBESWAR DAS,,76941,47.6,1,won,U,66,12th Pass,,crossover,src-1b7bc1c9d39a
IN-AC-2008-assam-1830,assam,2016,82,RAHA,SASHI KANTA DAS,,43867,27.14,2,lost,U,44,12th Pass,"Contractor, Agricultural Business",challenger,src-1b7bc1c9d39a
IN-AC-2008-assam-1830,assam,2016,82,RAHA,GUNESWAR DAS,,38767,23.99,3,lost,U,58,12th Pass,Ex MLA,challenger,src-1b7bc1c9d39a
IN-AC-2008-assam-1778,assam,2016,83,DHING,AMINUL ISLAM,,82786,47.78,1,won,U,44,Post Graduate,MLA,incumbent,src-1b7bc1c9d39a
IN-AC-2008-assam-1778,assam,2016,83,DHING,ANWAR HUSSAIN,,58233,33.61,2,lost,U,48,Graduate Professional,Contractor,challenger,src-1b7bc1c9d39a
IN-AC-2008-assam-1778,assam,2016,83,DHING,MUZIBUR RAHMAN,,17807,10.28,3,forfeit,U,73,Post Graduate,,challenger,src-1b7bc1c9d39a
IN-AC-2008-assam-1778,assam,2016,83,DHING,MUKUT KUMAR DEBNATH,,8958,5.17,4,forfeit,U,36,Graduate Professional,Doctor,challenger,src-1b7bc1c9d39a
IN-AC-2008-assam-1778,assam,2016,83,DHING,MUBARAK ALI PATHAN,,1004,0.58,6,forfeit,U,62,8th Pass,Ex MLA,challenger,src-1b7bc1c9d39a
IN-AC-2008-assam-1778,assam,2016,83,DHING,MAINUL HOQUE,,843,0.49,7,forfeit,U,38,5th Pass,,challenger,src-1b7bc1c9d39a
IN-AC-2008-assam-1778,assam,2016,83,DHING,RAJANI KANTA NATH,,823,0.48,8,forfeit,U,49,10th Pass,,challenger,src-1b7bc1c9d39a
IN-AC-2008-assam-1778,assam,2016,83,DHING,JAMANUR RAHMAN,,737,0.43,9,forfeit,U,45,12th Pass,,challenger,src-1b7bc1c9d39a
IN-AC-2008-assam-1778,assam,2016,83,DHING,JEHIRUL ISLAM,,710,0.41,10,forfeit,U,39,8th Pass,,challenger,src-1b7bc1c9d39a
IN-AC-2008-assam-1775,assam,2016,84,BATADROBA,ANGOORLATA DEKA,,46343,37.61,1,won,U,30,Graduate,Actor,challenger,src-1b7bc1c9d39a
IN-AC-2008-assam-1775,assam,2016,84,BATADROBA,GAUTAM BORA,,40458,32.83,2,lost,U,56,12th Pass,MLA,incumbent,src-1b7bc1c9d39a
IN-AC-2008-assam-1775,assam,2016,84,BATADROBA,NAJIR UDDIN AHMED,,33022,26.8,3,lost,U,69,8th Pass,Contractor,crossover,src-1b7bc1c9d39a
IN-AC-2008-assam-1775,assam,2016,84,BATADROBA,RAJASREE BORA,,830,0.67,4,forfeit,U,54,Post Graduate,,challenger,src-1b7bc1c9d39a
IN-AC-2008-assam-1775,assam,2016,84,BATADROBA,ARUP KUMAR MAHANTA,,559,0.45,6,forfeit,U,48,Graduate,Party Worker,challenger,src-1b7bc1c9d39a
IN-AC-2008-assam-1775,assam,2016,84,BATADROBA,MUKUL BORA,,551,0.45,7,forfeit,U,36,,,challenger,src-1b7bc1c9d39a
IN-AC-2008-assam-1775,assam,2016,84,BATADROBA,PABAN PRAN RABI DAS,,434,0.35,8,forfeit,U,37,12th Pass,,challenger,src-1b7bc1c9d39a
IN-AC-2008-assam-1775,assam,2016,84,BATADROBA,DILWAR AHMED,,237,0.19,9,forfeit,U,55,12th Pass,Activist,challenger,src-1b7bc1c9d39a
IN-AC-2008-assam-1782,assam,2016,85,RUPOHIHAT,NURUL HUDA,,72627,47.5,1,won,U,51,10th Pass,Unspecified,challenger,src-1b7bc1c9d39a
IN-AC-2008-assam-1782,assam,2016,85,RUPOHIHAT,NURUL AMIN CHOWDHURY,,50783,33.21,2,lost,U,52,Graduate,,challenger,src-1b7bc1c9d39a
IN-AC-2008-assam-1782,assam,2016,85,RUPOHIHAT,JAKARIA HAQUE CHOUDHURY,,15963,10.44,3,forfeit,U,34,10th Pass,,challenger,src-1b7bc1c9d39a
IN-AC-2008-assam-1782,assam,2016,85,RUPOHIHAT,ABDUL AZIZ,,9671,6.33,4,forfeit,U,56,,,challenger,src-1b7bc1c9d39a
IN-AC-2008-assam-1782,assam,2016,85,RUPOHIHAT,ABU HANIFA,,1019,0.67,5,forfeit,U,33,Graduate,,challenger,src-1b7bc1c9d39a
IN-AC-2008-assam-1782,assam,2016,85,RUPOHIHAT,FAIZUR RAHMAN,,901,0.59,6,forfeit,U,42,8th Pass,,challenger,src-1b7bc1c9d39a
IN-AC-2008-assam-1782,assam,2016,85,RUPOHIHAT,BIJU BORO,,709,0.46,8,forfeit,U,52,,,challenger,src-1b7bc1c9d39a
IN-AC-2008-assam-1782,assam,2016,85,RUPOHIHAT,NAZIR HUSSAIN,,419,0.27,9,forfeit,U,39,10th Pass,,challenger,src-1b7bc1c9d39a
IN-AC-2008-assam-1829,assam,2016,86,NOWGONG,RUPAK SARMAH,,66706,47.43,1,won,U,43,Graduate,Distributors,challenger,src-1b7bc1c9d39a
IN-AC-2008-assam-1829,assam,2016,86,NOWGONG,DR. DURLAV CHAMUA,,53442,38,2,lost,U,55,Graduate Professional,MLA,incumbent,src-1b7bc1c9d39a
IN-AC-2008-assam-1829,assam,2016,86,NOWGONG,KARTICK SAHA,,18038,12.82,3,forfeit,U,53,10th Pass,"Trader, Hospitality",challenger,src-1b7bc1c9d39a
IN-AC-2008-assam-1829,assam,2016,86,NOWGONG,BIREN CHANDRA DAS,,491,0.35,5,forfeit,U,58,8th Pass,,challenger,src-1b7bc1c9d39a
IN-AC-2008-assam-1829,assam,2016,86,NOWGONG,SHANTANA MAHATO,,376,0.27,6,forfeit,U,36,12th Pass,,challenger,src-1b7bc1c9d39a
IN-AC-2008-assam-1829,assam,2016,86,NOWGONG,JESMIN AHMED,,322,0.23,7,forfeit,U,33,8th Pass,Household,challenger,src-1b7bc1c9d39a
IN-AC-2008-assam-1829,assam,2016,86,NOWGONG,MIHIR PAUL,,268,0.19,8,forfeit,U,39,12th Pass,,challenger,src-1b7bc1c9d39a
IN-AC-2008-assam-1829,assam,2016,86,NOWGONG,ANSER ALI ALOM,,230,0.16,9,forfeit,U,39,10th Pass,,challenger,src-1b7bc1c9d39a
IN-AC-2008-assam-1822,assam,2016,87,BARHAMPUR,PRAFULLA KUMAR MAHANTA,,65768,48.43,1,won,U,64,Graduate Professional,Party Worker,incumbent,src-1b7bc1c9d39a
IN-AC-2008-assam-1822,assam,2016,87,BARHAMPUR,SURESH BORA,,60599,44.63,2,lost,U,44,12th Pass,Contractor,challenger,src-1b7bc1c9d39a
IN-AC-2008-assam-1822,assam,2016,87,BARHAMPUR,SHARIFUL ISLAM SIDDIQUE,,2787,2.05,3,forfeit,U,35,Graduate,Contractor,challenger,src-1b7bc1c9d39a
IN-AC-2008-assam-1822,assam,2016,87,BARHAMPUR,LAKHAN MIRDHA,,1687,1.24,4,forfeit,U,44,12th Pass,,challenger,src-1b7bc1c9d39a
IN-AC-2008-assam-1822,assam,2016,87,BARHAMPUR,PRAHLAD CHANDRA BHUYAN,,1184,0.87,5,forfeit,U,68,Post Graduate,Ex Military,challenger,src-1b7bc1c9d39a
IN-AC-2008-assam-1822,assam,2016,87,BARHAMPUR,ABIDA BEGUM,,754,0.56,7,forfeit,U,47,Graduate Professional,,challenger,src-1b7bc1c9d39a
IN-AC-2008-assam-1822,assam,2016,87,BARHAMPUR,PAWAN PANIKA,,607,0.45,8,forfeit,U,39,10th Pass,,challenger,src-1b7bc1c9d39a
IN-AC-2008-assam-1822,assam,2016,87,BARHAMPUR,ABDUL ALI,,480,0.35,9,forfeit,U,45,Graduate,Agricultural Business,challenger,src-1b7bc1c9d39a
IN-AC-2008-assam-1822,assam,2016,87,BARHAMPUR,DEBABRATA SAIKIA,,461,0.34,10,forfeit,U,50,Post Graduate,Lawyer,challenger,src-1b7bc1c9d39a
IN-AC-2008-assam-1822,assam,2016,87,BARHAMPUR,SONA RAM BORA,,284,0.21,11,forfeit,U,60,8th Pass,,challenger,src-1b7bc1c9d39a
IN-AC-2008-assam-1783,assam,2016,88,SAMAGURI,RAKIBUL HUSSAIN,,66364,51.95,1,won,U,51,Graduate,Minister,incumbent,src-1b7bc1c9d39a
IN-AC-2008-assam-1783,assam,2016,88,SAMAGURI,JITU GOSWAMI,,51849,40.59,2,lost,U,45,12th Pass,,challenger,src-1b7bc1c9d39a
IN-AC-2008-assam-1783,assam,2016,88,SAMAGURI,MOSKUR RAHMAN CHOUDHURY,,6726,5.26,3,forfeit,U,46,Graduate,,challenger,src-1b7bc1c9d39a
IN-AC-2008-assam-1783,assam,2016,88,SAMAGURI,CHITTA RANJAN PAUL,,1282,1,4,forfeit,U,52,,,challenger,src-1b7bc1c9d39a
IN-AC-2008-assam-1783,assam,2016,88,SAMAGURI,PRADIP KALITA,,562,0.44,6,forfeit,U,47,12th Pass,,challenger,src-1b7bc1c9d39a
IN-AC-2008-assam-1780,assam,2016,89,KALIABOR,KESHAB MAHANTA,,64759,62.03,1,won,U,56,Post Graduate,MLA,incumbent,src-1b7bc1c9d39a
IN-AC-2008-assam-1780,assam,2016,89,KALIABOR,BINDU GANJU,,26769,25.64,2,lost,U,56,5th Pass,,challenger,src-1b7bc1c9d39a
IN-AC-2008-assam-1780,assam,2016,89,KALIABOR,BOLORAM NAG,,3682,3.53,3,forfeit,U,71,Graduate,Retired or Pension,challenger,src-1b7bc1c9d39a
IN-AC-2008-assam-1780,assam,2016,89,KALIABOR,BIJAY KUMAR CHAMARIA,,2325,2.23,4,forfeit,U,41,12th Pass,,challenger,src-1b7bc1c9d39a
IN-AC-2008-assam-1780,assam,2016,89,KALIABOR,PROMODE BHUYAN,,2063,1.98,5,forfeit,U,60,Graduate,Activist,challenger,src-1b7bc1c9d39a
IN-AC-2008-assam-1780,assam,2016,89,KALIABOR,JAYANTA ORANG,,1016,0.97,7,forfeit,U,41,10th Pass,,challenger,src-1b7bc1c9d39a
IN-AC-2008-assam-1780,assam,2016,89,KALIABOR,BHUPEN CHANDRA BORAH,,870,0.83,8,forfeit,U,43,Graduate,,challenger,src-1b7bc1c9d39a
IN-AC-2008-assam-1780,assam,2016,89,KALIABOR,BHASKAR SHARMA,,794,0.76,9,forfeit,U,29,12th Pass,Author,challenger,src-1b7bc1c9d39a
IN-AC-2008-assam-1780,assam,2016,89,KALIABOR,BIREN MIRDHA,,503,0.48,10,forfeit,U,61,10th Pass,,challenger,src-1b7bc1c9d39a
IN-AC-2008-assam-1825,assam,2016,90,JAMUNAMUKH,ABDUR RAHIM AJMAL,,65599,42.57,1,won,U,31,Post Graduate,,incumbent,src-1b7bc1c9d39a
IN-AC-2008-assam-1825,assam,2016,90,JAMUNAMUKH,REJAUL KARIM CHOWDHURY,,52195,33.87,2,lost,U,34,10th Pass,,challenger,src-1b7bc1c9d39a
IN-AC-2008-assam-1825,assam,2016,90,JAMUNAMUKH,BASHIR UDDIN LASKAR,,23849,15.48,3,forfeit,U,62,12th Pass,Trader,challenger,src-1b7bc1c9d39a
IN-AC-2008-assam-1825,assam,2016,90,JAMUNAMUKH,ZIA UDDIN AHMED,,4732,3.07,4,forfeit,U,37,Graduate,Self-employed,challenger,src-1b7bc1c9d39a
IN-AC-2008-assam-1825,assam,2016,90,JAMUNAMUKH,BADAR UDDIN,,1956,1.27,5,forfeit,U,50,10th Pass,Agricultural Business,challenger,src-1b7bc1c9d39a
IN-AC-2008-assam-1825,assam,2016,90,JAMUNAMUKH,ABDUL WAHID,,904,0.59,7,forfeit,U,57,Others,Agricultural Business,challenger,src-1b7bc1c9d39a
IN-AC-2008-assam-1825,assam,2016,90,JAMUNAMUKH,JUGAL (DILU) BODO,,808,0.52,8,forfeit,U,35,,,challenger,src-1b7bc1c9d39a
IN-AC-2008-assam-1825,assam,2016,90,JAMUNAMUKH,SHAMAL DAS,,757,0.49,9,forfeit,U,25,10th Pass,,challenger,src-1b7bc1c9d39a
IN-AC-2008-assam-1825,assam,2016,90,JAMUNAMUKH,SUMITRA BORA,,653,0.42,10,forfeit,U,32,,,challenger,src-1b7bc1c9d39a
IN-AC-2008-assam-1825,assam,2016,90,JAMUNAMUKH,NURUL HOQUE,,489,0.32,11,forfeit,U,42,8th Pass,,challenger,src-1b7bc1c9d39a
IN-AC-2008-assam-1825,assam,2016,90,JAMUNAMUKH,SUNTI BORA,,309,0.2,12,forfeit,U,42,8th Pass,Household,crossover,src-1b7bc1c9d39a
IN-AC-2008-assam-1825,assam,2016,90,JAMUNAMUKH,MINAZ UDDIN,,266,0.17,13,forfeit,U,33,10th Pass,,challenger,src-1b7bc1c9d39a
IN-AC-2008-assam-1825,assam,2016,90,JAMUNAMUKH,BASIR UDDIN,,233,0.15,14,forfeit,U,30,5th Pass,Shop Keeper,challenger,src-1b7bc1c9d39a
IN-AC-2008-assam-1825,assam,2016,90,JAMUNAMUKH,KAMAL UDDIN,,208,0.13,15,forfeit,U,41,8th Pass,,challenger,src-1b7bc1c9d39a
IN-AC-2008-assam-1823,assam,2016,91,HOJAI,SHILADITYA DEV,,105615,54.4,1,won,U,47,Graduate,,challenger,src-1b7bc1c9d39a
IN-AC-2008-assam-1823,assam,2016,91,HOJAI,DHANIRAM THOUSEN,,49756,25.63,2,lost,U,64,10th Pass,,challenger,src-1b7bc1c9d39a
IN-AC-2008-assam-1823,assam,2016,91,HOJAI,ARDHENDU KUMAR DEY,,35207,18.13,3,lost,U,76,Graduate Professional,Doctor,incumbent,src-1b7bc1c9d39a
IN-AC-2008-assam-1823,assam,2016,91,HOJAI,ZAKIR HUSSAIN,,1432,0.74,4,forfeit,U,46,,,challenger,src-1b7bc1c9d39a
IN-AC-2008-assam-1823,assam,2016,91,HOJAI,MAINUL HOQUE,,795,0.41,6,forfeit,U,35,8th Pass,,challenger,src-1b7bc1c9d39a
IN-AC-2008-assam-1827,assam,2016,92,LUMDING,SIBU MISRA,,72072,46.05,1,won,U,49,10th Pass,,challenger,src-1b7bc1c9d39a
IN-AC-2008-assam-1827,assam,2016,92,LUMDING,NETRA RANJAN MAHANTA,,41672,26.62,2,lost,U,52,12th Pass,Contractor,challenger,src-1b7bc1c9d39a
IN-AC-2008-assam-1827,assam,2016,92,LUMDING,SWAPAN KAR,,39075,24.96,3,lost,U,59,Graduate,,incumbent,src-1b7bc1c9d39a
IN-AC-2008-assam-1827,assam,2016,92,LUMDING,UJJAL DEB,,1109,0.71,5,forfeit,U,38,10th Pass,,challenger,src-1b7bc1c9d39a
IN-AC-2008-assam-1827,assam,2016,92,LUMDING,KAMRUL ISLAM BARBHUYAN,,746,0.48,6,forfeit,U,34,10th Pass,Self-employed,challenger,src-1b7bc1c9d39a
IN-AC-2008-assam-1827,assam,2016,92,LUMDING,KAMAL PATAR,,618,0.39,7,forfeit,U,42,8th Pass,,challenger,src-1b7bc1c9d39a
IN-AC-2008-assam-1776,assam,2016,93,BOKAKHAT,ATUL BORA,,62962,59.71,1,won,U,55,Post Graduate,,challenger,src-1b7bc1c9d39a
IN-AC-2008-assam-1776,assam,2016,93,BOKAKHAT,ARUN PHUKAN,,22769,21.59,2,lost,U,64,Others,,incumbent,src-1b7bc1c9d39a
IN-AC-2008-assam-1776,assam,2016,93,BOKAKHAT,ANIMA GOGOI,,11872,11.26,3,forfeit,U,48,10th Pass,Household,challenger,src-1b7bc1c9d39a
IN-AC-2008-assam-1776,assam,2016,93,BOKAKHAT,REBA KANTA GOGOI,,3414,3.24,4,forfeit,U,48,Graduate,Agricultural Business,challenger,src-1b7bc1c9d39a
IN-AC-2008-assam-1776,assam,2016,93,BOKAKHAT,BIJOY KUTUM,,1351,1.28,6,forfeit,U,31,Post Graduate,Distributors,challenger,src-1b7bc1c9d39a
IN-AC-2008-assam-1776,assam,2016,93,BOKAKHAT,MRITYUNJOY PEGU,,905,0.86,7,forfeit,U,33,Graduate Professional,Lawyer,challenger,src-1b7bc1c9d39a
IN-AC-2008-assam-1784,assam,2016,94,SARUPATHAR,ROSELINA TIRKEY,,67150,36.05,1,won,U,34,Post Graduate,,challenger,src-1b7bc1c9d39a
IN-AC-2008-assam-1784,assam,2016,94,SARUPATHAR,BINOD GOWALLA,,64223,34.48,2,lost,U,56,Graduate,,challenger,src-1b7bc1c9d39a
IN-AC-2008-assam-1784,assam,2016,94,SARUPATHAR,BISWAJIT PHUKAN,,37281,20.02,3,lost,U,43,Post Graduate,,challenger,src-1b7bc1c9d39a
IN-AC-2008-assam-1784,assam,2016,94,SARUPATHAR,SATYA DEV SAHU,,7596,4.08,4,forfeit,U,46,12th Pass,,challenger,src-1b7bc1c9d39a
IN-AC-2008-assam-1784,assam,2016,94,SARUPATHAR,BHADRESWAR TANTI,,4058,2.18,5,forfeit,U,74,Graduate Professional,Lawyer,challenger,src-1b7bc1c9d39a
IN-AC-2008-assam-1784,assam,2016,94,SARUPATHAR,RUHIT BASUMATARY,,1554,0.83,7,forfeit,U,25,Graduate,,challenger,src-1b7bc1c9d39a
IN-AC-2008-assam-1784,assam,2016,94,SARUPATHAR,DIPU SAIKIA,,1189,0.64,8,forfeit,U,57,10th Pass,,challenger,src-1b7bc1c9d39a
IN-AC-2008-assam-1779,assam,2016,95,GOLAGHAT,AJANTA NEOG,,73862,50.17,1,won,U,52,Post Graduate,Party Worker,incumbent,src-1b7bc1c9d39a
IN-AC-2008-assam-1779,assam,2016,95,GOLAGHAT,BITUPAN SAIKIA,,68649,46.63,2,lost,U,38,12th Pass,,challenger,src-1b7bc1c9d39a
IN-AC-2008-assam-1779,assam,2016,95,GOLAGHAT,SYED JAHID ABDULLAH,,1804,1.23,3,forfeit,U,38,Graduate Professional,Lawyer,challenger,src-1b7bc1c9d39a
IN-AC-2008-assam-1779,assam,2016,95,GOLAGHAT,DIPANKAR DAS,,1193,0.81,5,forfeit,U,29,Post Graduate,Self-employed,challenger,src-1b7bc1c9d39a
IN-AC-2008-assam-1781,assam,2016,96,KHUMTAI,MRINAL SAIKIA,,57637,55.28,1,won,U,48,Post Graduate,,challenger,src-1b7bc1c9d39a
IN-AC-2008-assam-1781,assam,2016,96,KHUMTAI,BISMITA GOGOI,,40763,39.09,2,lost,U,44,Post Graduate,,incumbent,src-1b7bc1c9d39a
IN-AC-2008-assam-1781,assam,2016,96,KHUMTAI,LALAN THAKUR,,2005,1.92,3,forfeit,U,50,12th Pass,,challenger,src-1b7bc1c9d39a
IN-AC-2008-assam-1781,assam,2016,96,KHUMTAI,SAHJAHAN ALI,,1763,1.69,4,forfeit,U,36,12th Pass,Self-employed,challenger,src-1b7bc1c9d39a
IN-AC-2008-assam-1781,assam,2016,96,KHUMTAI,HEMANTA DOLOI,,813,0.78,6,forfeit,U,37,10th Pass,,challenger,src-1b7bc1c9d39a
IN-AC-2008-assam-1777,assam,2016,97,DERGAON,BHABENDRA NATH BHARALI,,63079,52.3,1,won,U,58,Graduate,,crossover,src-1b7bc1c9d39a
IN-AC-2008-assam-1777,assam,2016,97,DERGAON,AROTI HAZARIKA KACHARI,,46807,38.81,2,lost,U,55,12th Pass,,incumbent,src-1b7bc1c9d39a
IN-AC-2008-assam-1777,assam,2016,97,DERGAON,RITA DAS,,3622,3,3,forfeit,U,65,12th Pass,Household,challenger,src-1b7bc1c9d39a
IN-AC-2008-assam-1777,assam,2016,97,DERGAON,BHUBAN CHANDRA SAIKIA,,3225,2.67,4,forfeit,U,49,10th Pass,Contractor,challenger,src-1b7bc1c9d39a
IN-AC-2008-assam-1777,assam,2016,97,DERGAON,AJIT HAZARIKA,,1828,1.52,6,forfeit,U,58,Graduate Professional,Advocacy,challenger,src-1b7bc1c9d39a
IN-AC-2008-assam-1766,assam,2016,98,JORHAT,HITENDRA NATH GOSWAMI,,69209,52.91,1,won,U,57,Post Graduate,Lawyer,crossover,src-1b7bc1c9d39a
IN-AC-2008-assam-1766,assam,2016,98,JORHAT,RANA GOSWAMI,,55571,42.48,2,lost,U,56,Graduate,Rent,incumbent,src-1b7bc1c9d39a
IN-AC-2008-assam-1766,assam,2016,98,JORHAT,NIRMAL CHANDRA GOGOI,,1548,1.18,3,forfeit,U,62,Graduate Professional,Retired or Pension,challenger,src-1b7bc1c9d39a
IN-AC-2008-assam-1766,assam,2016,98,JORHAT,PRODYUT KUMAR BORA,,1372,1.05,4,forfeit,U,42,Graduate,Party Worker,challenger,src-1b7bc1c9d39a
IN-AC-2008-assam-1766,assam,2016,98,JORHAT,SANJEEV RAJKHOWA,,842,0.64,6,forfeit,U,44,Graduate Professional,Lawyer,challenger,src-1b7bc1c9d39a
IN-AC-2008-assam-1766,assam,2016,98,JORHAT,BHASKAR JYOTI MAHANTA,,635,0.49,7,forfeit,U,36,10th Pass,Contractor,challenger,src-1b7bc1c9d39a
IN-AC-2008-assam-1766,assam,2016,98,JORHAT,JIBON CHANDRA SARMAH,,448,0.34,8,forfeit,U,60,10th Pass,Retired or Pension,challenger,src-1b7bc1c9d39a
IN-AC-2008-assam-1809,assam,2016,99,MAJULI,SARBANANDA SONOWAL,,49602,50.74,1,won,U,54,Graduate Professional,Qualified Professional,crossover,src-1b7bc1c9d39a
IN-AC-2008-assam-1809,assam,2016,99,MAJULI,RAJIB LOCHAN PEGU,,30679,31.38,2,lost,U,55,Post Graduate,"Ex MLA, Ex Minister",incumbent,src-1b7bc1c9d39a
IN-AC-2008-assam-1809,assam,2016,99,MAJULI,RANJIT DOLEY,,15695,16.05,3,forfeit,U,58,Graduate,Retired Teacher,challenger,src-1b7bc1c9d39a
IN-AC-2008-assam-1809,assam,2016,99,MAJULI,HEMANTA PEGU,,798,0.82,5,forfeit,U,34,Post Graduate,,challenger,src-1b7bc1c9d39a
IN-AC-2008-assam-1774,assam,2016,100,TITABAR,TARUN GOGOI,,62025,54.65,1,won,U,79,Graduate Professional,Minister,incumbent,src-1b7bc1c9d39a
IN-AC-2008-assam-1774,assam,2016,100,TITABAR,KAMAKHYA PRASAD TASA,,44530,39.23,2,lost,U,40,Post Graduate,Party Worker,challenger,src-1b7bc1c9d39a
IN-AC-2008-assam-1774,assam,2016,100,TITABAR,KULA DAS,,2413,2.13,3,forfeit,U,70,Graduate,,challenger,src-1b7bc1c9d39a
IN-AC-2008-assam-1774,assam,2016,100,TITABAR,BIREN GOGOI,,1332,1.17,5,forfeit,U,62,10th Pass,,crossover,src-1b7bc1c9d39a
IN-AC-2008-assam-1774,assam,2016,100,TITABAR,DILIP GOGOI,,763,0.67,6,forfeit,U,47,Graduate,Shop Keeper,challenger,src-1b7bc1c9d39a
IN-AC-2008-assam-1774,assam,2016,100,TITABAR,SMRITIREKHA SHYAM,,715,0.63,7,forfeit,U,40,,,challenger,src-1b7bc1c9d39a
IN-AC-2008-assam-1768,assam,2016,101,MORIANI,RUPJYOTI KURMI,,36701,40.53,1,won,U,38,12th Pass,,incumbent,src-1b7bc1c9d39a
IN-AC-2008-assam-1768,assam,2016,101,MORIANI,ALOK KUMAR GHOSH,,34908,38.55,2,lost,U,58,10th Pass,Hospitality,crossover,src-1b7bc1c9d39a
IN-AC-2008-assam-1768,assam,2016,101,MORIANI,DULEN NAYAK,,14602,16.13,3,forfeit,U,51,12th Pass,,crossover,src-1b7bc1c9d39a
IN-AC-2008-assam-1768,assam,2016,101,MORIANI,JINTU HAZARIKA,,1954,2.16,4,forfeit,U,40,,,challenger,src-1b7bc1c9d39a
IN-AC-2008-assam-1768,assam,2016,101,MORIANI,DIGANTA PHUKAN,,770,0.85,6,forfeit,U,37,,,challenger,src-1b7bc1c9d39a
IN-AC-2008-assam-1772,assam,2016,102,TEOK,RENUPOMA RAJKHOWA,,40928,42.88,1,won,U,61,12th Pass,,challenger,src-1b7bc1c9d39a
IN-AC-2008-assam-1772,assam,2016,102,TEOK,PALLABI SAIKIA GOGOI,,35879,37.59,2,lost,U,37,12th Pass,,challenger,src-1b7bc1c9d39a
IN-AC-2008-assam-1772,assam,2016,102,TEOK,GOJANAND MUNDA,,3923,4.11,3,forfeit,U,32,8th Pass,,challenger,src-1b7bc1c9d39a
IN-AC-2008-assam-1772,assam,2016,102,TEOK,BUBUL DUTTA,,3645,3.82,4,forfeit,U,44,12th Pass,,challenger,src-1b7bc1c9d39a
IN-AC-2008-assam-1772,assam,2016,102,TEOK,MOHENDRA KUMAR GOGOI,,3270,3.43,5,forfeit,U,63,Graduate,,challenger,src-1b7bc1c9d39a
IN-AC-2008-assam-1772,assam,2016,102,TEOK,JITEN TANTI,,1611,1.69,6,forfeit,U,34,10th Pass,Party Worker,challenger,src-1b7bc1c9d39a
IN-AC-2008-assam-1772,assam,2016,102,TEOK,RANJAN JYOTI PHUKON,,1441,1.51,8,forfeit,U,38,12th Pass,,challenger,src-1b7bc1c9d39a
IN-AC-2008-assam-1772,assam,2016,102,TEOK,CHIRANJIT BORAH,,1088,1.14,9,forfeit,U,43,Graduate,Contractor,challenger,src-1b7bc1c9d39a
IN-AC-2008-assam-1772,assam,2016,102,TEOK,KRISHNAA GOGOI,,811,0.85,10,forfeit,U,47,Graduate Professional,Lawyer,challenger,src-1b7bc1c9d39a
IN-AC-2008-assam-1772,assam,2016,102,TEOK,ASHRAF HUSSAIN,,753,0.79,11,forfeit,U,54,12th Pass,Contractor,challenger,src-1b7bc1c9d39a
IN-AC-2008-assam-1772,assam,2016,102,TEOK,JOTIN SAIKIA,,527,0.55,12,forfeit,U,52,Graduate,,challenger,src-1b7bc1c9d39a
IN-AC-2008-assam-eci103,assam,2016,103,AMGURI,PRODIP HAZARIKA,,42010,43.75,1,won,U,64,Post Graduate,Ex MLA,challenger,src-1b7bc1c9d39a
IN-AC-2008-assam-eci103,assam,2016,103,AMGURI,ANGKITA DUTTA,,40390,42.07,2,lost,U,28,Graduate Professional,"Private Company, Unspecified",challenger,src-1b7bc1c9d39a
IN-AC-2008-assam-eci103,assam,2016,103,AMGURI,DULAL BARUAH,,5498,5.73,3,forfeit,U,53,Graduate,,challenger,src-1b7bc1c9d39a
IN-AC-2008-assam-eci103,assam,2016,103,AMGURI,JANARDAN HAZARIKA,,3420,3.56,4,forfeit,U,32,12th Pass,,challenger,src-1b7bc1c9d39a
IN-AC-2008-assam-eci103,assam,2016,103,AMGURI,DILRAM KARMAKAR,,1053,1.1,6,forfeit,U,39,10th Pass,,challenger,src-1b7bc1c9d39a
IN-AC-2008-assam-eci103,assam,2016,103,AMGURI,GAYATRI BORAH KALITA,,873,0.91,7,forfeit,U,45,12th Pass,Household,challenger,src-1b7bc1c9d39a
IN-AC-2008-assam-eci103,assam,2016,103,AMGURI,RAJKUMAR DOWARAH,,699,0.73,8,forfeit,U,50,10th Pass,,challenger,src-1b7bc1c9d39a
IN-AC-2008-assam-eci103,assam,2016,103,AMGURI,ANWAR HUSSAIN,,672,0.7,9,forfeit,U,61,Post Graduate,Ex Govt Employee,challenger,src-1b7bc1c9d39a
IN-AC-2008-assam-1769,assam,2016,104,NAZIRA,DEBABRATA SAIKIA,,52869,53.77,1,won,U,50,Graduate,,incumbent,src-1b7bc1c9d39a
IN-AC-2008-assam-1769,assam,2016,104,NAZIRA,PROHLAD GOWALA,,38014,38.66,2,lost,U,37,12th Pass,Activist,challenger,src-1b7bc1c9d39a
IN-AC-2008-assam-1769,assam,2016,104,NAZIRA,KANAK GOGOI,,4507,4.58,3,forfeit,U,40,Post Graduate,Insurance Agent,challenger,src-1b7bc1c9d39a
IN-AC-2008-assam-1769,assam,2016,104,NAZIRA,RIBULAYA GOGOI,,1501,1.53,4,forfeit,U,35,12th Pass,Activist,challenger,src-1b7bc1c9d39a
IN-AC-2008-assam-1767,assam,2016,105,MAHMARA,JOGEN MOHAN,,49036,47.5,1,won,U,53,12th Pass,,challenger,src-1b7bc1c9d39a
IN-AC-2008-assam-1767,assam,2016,105,MAHMARA,SURUJ DEHINGIA,,34711,33.63,2,lost,U,40,Graduate,,challenger,src-1b7bc1c9d39a
IN-AC-2008-assam-1767,assam,2016,105,MAHMARA,HIRANYA KUMAR KONWAR,,9316,9.02,3,forfeit,U,55,Post Graduate,Ex MLA,challenger,src-1b7bc1c9d39a
IN-AC-2008-assam-1767,assam,2016,105,MAHMARA,HEMEN PEGU,,2194,2.13,4,forfeit,U,39,Graduate,,challenger,src-1b7bc1c9d39a
IN-AC-2008-assam-1767,assam,2016,105,MAHMARA,BALDEV TELI,,1178,1.14,6,forfeit,U,32,Graduate,,challenger,src-1b7bc1c9d39a
IN-AC-2008-assam-1767,assam,2016,105,MAHMARA,PRASUN RAJKONWAR,,1140,1.1,7,forfeit,U,30,12th Pass,,challenger,src-1b7bc1c9d39a
IN-AC-2008-assam-1767,assam,2016,105,MAHMARA,SUNIT KUMAR MAHANTA,,872,0.84,8,forfeit,U,50,12th Pass,,challenger,src-1b7bc1c9d39a
IN-AC-2008-assam-1767,assam,2016,105,MAHMARA,RAJEN GOGOI,,812,0.79,9,forfeit,U,53,10th Pass,,challenger,src-1b7bc1c9d39a
IN-AC-2008-assam-1767,assam,2016,105,MAHMARA,KALI BORUAH,,744,0.72,10,forfeit,U,58,12th Pass,,challenger,src-1b7bc1c9d39a
IN-AC-2008-assam-1767,assam,2016,105,MAHMARA,DIBYA BURAGOHAIN GOGOI,,731,0.71,11,forfeit,U,61,Post Graduate,Retired Teacher,challenger,src-1b7bc1c9d39a
IN-AC-2008-assam-1767,assam,2016,105,MAHMARA,NITYANANDA GOGOI,,448,0.43,12,forfeit,U,67,10th Pass,,challenger,src-1b7bc1c9d39a
IN-AC-2008-assam-1767,assam,2016,105,MAHMARA,GIRISH PHUKON,,251,0.24,13,forfeit,U,48,10th Pass,,challenger,src-1b7bc1c9d39a
IN-AC-2008-assam-1771,assam,2016,106,SONARI,TOPON KUMAR GOGOI,,73327,55.83,1,won,U,47,Post Graduate,Agricultural Business,challenger,src-1b7bc1c9d39a
IN-AC-2008-assam-1771,assam,2016,106,SONARI,SARAT BARKATAKY,,49210,37.47,2,lost,U,77,Graduate Professional,Minister,incumbent,src-1b7bc1c9d39a
IN-AC-2008-assam-1771,assam,2016,106,SONARI,RATAN HEMROM,,1579,1.2,4,forfeit,U,36,12th Pass,,challenger,src-1b7bc1c9d39a
IN-AC-2008-assam-1771,assam,2016,106,SONARI,ANUP BHOWMIK,,1330,1.01,5,forfeit,U,37,12th Pass,,challenger,src-1b7bc1c9d39a
IN-AC-2008-assam-1771,assam,2016,106,SONARI,BISHNU KOYA,,1254,0.95,6,forfeit,U,38,Graduate,,challenger,src-1b7bc1c9d39a
IN-AC-2008-assam-1771,assam,2016,106,SONARI,RAYMOND KUJUR,,770,0.59,7,forfeit,U,28,10th Pass,,challenger,src-1b7bc1c9d39a
IN-AC-2008-assam-1771,assam,2016,106,SONARI,MONIL BOKALIAL,,732,0.56,8,forfeit,U,45,10th Pass,,crossover,src-1b7bc1c9d39a
IN-AC-2008-assam-eci107,assam,2016,107,THOWRA,KUSHAL DOWARI,,41560,48.42,1,won,U,50,10th Pass,,challenger,src-1b7bc1c9d39a
IN-AC-2008-assam-eci107,assam,2016,107,THOWRA,SUSHANTA BORGOHAIN,,40334,46.99,2,lost,U,41,Graduate,,incumbent,src-1b7bc1c9d39a
IN-AC-2008-assam-eci107,assam,2016,107,THOWRA,KUSHAL BORGOHAIN,,2066,2.41,3,forfeit,U,63,12th Pass,,challenger,src-1b7bc1c9d39a
IN-AC-2008-assam-1770,assam,2016,108,SIBSAGAR,PRANAB KUMAR GOGOI,,48584,42.87,1,won,U,80,Graduate Professional,MLA,incumbent,src-1b7bc1c9d39a
IN-AC-2008-assam-1770,assam,2016,108,SIBSAGAR,SURABHI RAJKONWAR,,48042,42.39,2,lost,U,42,Graduate,Household,challenger,src-1b7bc1c9d39a
IN-AC-2008-assam-1770,assam,2016,108,SIBSAGAR,ASHINI KUMAR CHETIA,,10188,8.99,3,forfeit,U,45,Graduate,,challenger,src-1b7bc1c9d39a
IN-AC-2008-assam-1770,assam,2016,108,SIBSAGAR,JITEN BORPATRA GOHAIN,,2174,1.92,4,forfeit,U,65,Post Graduate,,challenger,src-1b7bc1c9d39a
IN-AC-2008-assam-1770,assam,2016,108,SIBSAGAR,JAYANTA RAJKONWAR,,1506,1.33,5,forfeit,U,53,Graduate,,challenger,src-1b7bc1c9d39a
IN-AC-2008-assam-1770,assam,2016,108,SIBSAGAR,ANWAR HUSSAIN,,722,0.64,7,forfeit,U,61,Post Graduate,Ex Govt Employee,challenger,src-1b7bc1c9d39a
IN-AC-2008-assam-1770,assam,2016,108,SIBSAGAR,DILSHAD HUSSAIN AHMED,,663,0.59,8,forfeit,U,40,Post Graduate,College Professor or Lecturer,challenger,src-1b7bc1c9d39a
IN-AC-2008-assam-1770,assam,2016,108,SIBSAGAR,DR. GUNIN BASUMATARI,,559,0.49,9,forfeit,U,64,Graduate Professional,Retired or Pension,challenger,src-1b7bc1c9d39a
IN-AC-2008-assam-1840,assam,2016,109,BIHPURIA,DEBANANDA HAZARIKA,,66563,60.68,1,won,U,63,Post Graduate,Retired or Pension,challenger,src-1b7bc1c9d39a
IN-AC-2008-assam-1840,assam,2016,109,BIHPURIA,BHUPEN KUMAR BORAH,,40376,36.81,2,lost,U,45,Post Graduate,MLA,incumbent,src-1b7bc1c9d39a
IN-AC-2008-assam-1840,assam,2016,109,BIHPURIA,PREMADHAR BORAH,,754,0.69,4,forfeit,U,82,,,challenger,src-1b7bc1c9d39a
IN-AC-2008-assam-1840,assam,2016,109,BIHPURIA,SUNDER DEURI,,693,0.63,5,forfeit,U,40,Graduate,,challenger,src-1b7bc1c9d39a
IN-AC-2008-assam-1840,assam,2016,109,BIHPURIA,GARGI DEORI,,474,0.43,6,forfeit,U,37,Graduate Professional,Lawyer,challenger,src-1b7bc1c9d39a
IN-AC-2008-assam-1810,assam,2016,110,NAOBOICHA,MAMUN IMDADUL HAQUE CHAWDHURY,,56003,34.52,1,won,U,36,Post Graduate,Lawyer,challenger,src-1b7bc1c9d39a
IN-AC-2008-assam-1810,assam,2016,110,NAOBOICHA,RAO GAJENDRA SINGH,,54770,33.76,2,lost,U,55,Graduate,,challenger,src-1b7bc1c9d39a
IN-AC-2008-assam-1810,assam,2016,110,NAOBOICHA,SANJAY RAJ SUBBA,,33862,20.87,3,lost,U,56,8th Pass,,incumbent,src-1b7bc1c9d39a
IN-AC-2008-assam-1810,assam,2016,110,NAOBOICHA,JAYANTA KHAUND,,8070,4.97,4,forfeit,U,48,Graduate,,challenger,src-1b7bc1c9d39a
IN-AC-2008-assam-1810,assam,2016,110,NAOBOICHA,SIMANTA BORUAH,,2787,1.72,5,forfeit,U,42,,,challenger,src-1b7bc1c9d39a
IN-AC-2008-assam-1810,assam,2016,110,NAOBOICHA,PAWAN MAJHI SAUTAL,,2481,1.53,6,forfeit,U,30,12th Pass,,challenger,src-1b7bc1c9d39a
IN-AC-2008-assam-1810,assam,2016,110,NAOBOICHA,SAHEBA AHMED,,827,0.51,8,forfeit,U,41,Graduate Professional,Lawyer,challenger,src-1b7bc1c9d39a
IN-AC-2008-assam-1810,assam,2016,110,NAOBOICHA,ANUPAM CHUTIA,,737,0.45,9,forfeit,U,34,Graduate,,challenger,src-1b7bc1c9d39a
IN-AC-2008-assam-1810,assam,2016,110,NAOBOICHA,DR. DEBABRAT GOGOI,,640,0.39,10,forfeit,U,43,Graduate Professional,Doctor,challenger,src-1b7bc1c9d39a
IN-AC-2008-assam-1810,assam,2016,110,NAOBOICHA,SOFIQUL ISLAM,,512,0.32,11,forfeit,U,40,,,challenger,src-1b7bc1c9d39a
IN-AC-2008-assam-1810,assam,2016,110,NAOBOICHA,DILWAR HUSSAIN,,371,0.23,12,forfeit,U,39,10th Pass,,challenger,src-1b7bc1c9d39a
IN-AC-2008-assam-1808,assam,2016,111,LAKHIMPUR,UTPAL DUTTA,,45917,33.88,1,won,U,55,Graduate,,incumbent,src-1b7bc1c9d39a
IN-AC-2008-assam-1808,assam,2016,111,LAKHIMPUR,JOY PRAKASH DAS,,41762,30.82,2,lost,U,38,Doctorate,,challenger,src-1b7bc1c9d39a
IN-AC-2008-assam-1808,assam,2016,111,LAKHIMPUR,GHANA BURAGOHAIN,,23493,17.34,3,lost,U,51,Graduate,,challenger,src-1b7bc1c9d39a
IN-AC-2008-assam-1808,assam,2016,111,LAKHIMPUR,MAHIM HAZARIKA,,11272,8.32,4,forfeit,U,48,Graduate,Party Worker,challenger,src-1b7bc1c9d39a
IN-AC-2008-assam-1808,assam,2016,111,LAKHIMPUR,UDAY SHANKAR HAZARIKA,,4750,3.51,5,forfeit,U,56,Graduate,,challenger,src-1b7bc1c9d39a
IN-AC-2008-assam-1808,assam,2016,111,LAKHIMPUR,DIPAK CHETIA,,1313,0.97,6,forfeit,U,39,Post Graduate,,challenger,src-1b7bc1c9d39a
IN-AC-2008-assam-1808,assam,2016,111,LAKHIMPUR,ARUP KALITA,,1313,0.97,7,forfeit,U,49,Graduate Professional,Advocacy,challenger,src-1b7bc1c9d39a
IN-AC-2008-assam-1808,assam,2016,111,LAKHIMPUR,MINAKHI GOHAIN BARUAH,,1092,0.81,8,forfeit,U,57,Graduate Professional,Advocacy,challenger,src-1b7bc1c9d39a
IN-AC-2008-assam-1808,assam,2016,111,LAKHIMPUR,HIRA GOGOI,,861,0.64,10,forfeit,U,37,Graduate,,challenger,src-1b7bc1c9d39a
IN-AC-2008-assam-1808,assam,2016,111,LAKHIMPUR,FAZLUR RAHMAN,,730,0.54,11,forfeit,U,32,,,challenger,src-1b7bc1c9d39a
IN-AC-2008-assam-1808,assam,2016,111,LAKHIMPUR,DILIP DUTTA,,662,0.49,12,forfeit,U,51,Graduate,Contractor,challenger,src-1b7bc1c9d39a
IN-AC-2008-assam-1808,assam,2016,111,LAKHIMPUR,NANDA KISHORE MAHESWARI,,640,0.47,13,forfeit,U,68,Graduate,Journalist or Editor,challenger,src-1b7bc1c9d39a
IN-AC-2008-assam-1808,assam,2016,111,LAKHIMPUR,MAHIM KONWAR,,481,0.35,14,forfeit,U,67,5th Pass,,challenger,src-1b7bc1c9d39a
IN-AC-2008-assam-1808,assam,2016,111,LAKHIMPUR,BIRINCHI PEGU,,344,0.25,15,forfeit,U,35,12th Pass,,challenger,src-1b7bc1c9d39a
IN-AC-2008-assam-1804,assam,2016,112,DHAKUAKHANA,NABA KUMAR DOLEY,,81556,55.45,1,won,U,45,12th Pass,,incumbent,src-1b7bc1c9d39a
IN-AC-2008-assam-1804,assam,2016,112,DHAKUAKHANA,BHARAT CHANDRA NARAH,,57014,38.77,2,lost,U,58,Post Graduate,Party Worker,challenger,src-1b7bc1c9d39a
IN-AC-2008-assam-1804,assam,2016,112,DHAKUAKHANA,LAKHI NATH SONOWAL,,2270,1.54,3,forfeit,U,60,Graduate,School Teacher,challenger,src-1b7bc1c9d39a
IN-AC-2008-assam-1804,assam,2016,112,DHAKUAKHANA,DILIP KUMAR CHOWDHURY,,2032,1.38,4,forfeit,U,53,Graduate,Ex Military,challenger,src-1b7bc1c9d39a
IN-AC-2008-assam-1804,assam,2016,112,DHAKUAKHANA,BHUMI RANJAN DOLEY,,1855,1.26,5,forfeit,U,60,,,challenger,src-1b7bc1c9d39a
IN-AC-2008-assam-1804,assam,2016,112,DHAKUAKHANA,DR RAJENDRA NATH PEGU,,812,0.55,7,forfeit,U,61,Graduate Professional,Retired or Pension,challenger,src-1b7bc1c9d39a
IN-AC-2008-assam-1804,assam,2016,112,DHAKUAKHANA,JUTIKA DOLEY,,422,0.29,8,forfeit,U,34,Graduate,,challenger,src-1b7bc1c9d39a
IN-AC-2008-assam-1805,assam,2016,113,DHEMAJI,PRADAN BARUAH,,69592,40.9,1,won,U,50,Others,,incumbent,src-1b7bc1c9d39a
IN-AC-2008-assam-1805,assam,2016,113,DHEMAJI,SUMITRA DOLEY PATIR,,50471,29.66,2,lost,U,59,Post Graduate,MLA,incumbent,src-1b7bc1c9d39a
IN-AC-2008-assam-1805,assam,2016,113,DHEMAJI,PARAMANANDA CHAYENGIA,,21874,12.85,3,forfeit,U,55,Graduate,Self-employed,challenger,src-1b7bc1c9d39a
IN-AC-2008-assam-1805,assam,2016,113,DHEMAJI,SAILEN SONOWAL,,16548,9.72,4,forfeit,U,42,Graduate,,challenger,src-1b7bc1c9d39a
IN-AC-2008-assam-1805,assam,2016,113,DHEMAJI,GANDHESWAR BORAH,,3830,2.25,5,forfeit,U,55,12th Pass,,challenger,src-1b7bc1c9d39a
IN-AC-2008-assam-1805,assam,2016,113,DHEMAJI,KIRANBAN DEORI,,2456,1.44,6,forfeit,U,50,Graduate,,challenger,src-1b7bc1c9d39a
IN-AC-2008-assam-1805,assam,2016,113,DHEMAJI,RAJKUMAR DOLEY,,2173,1.28,7,forfeit,U,42,12th Pass,,challenger,src-1b7bc1c9d39a
IN-AC-2008-assam-1805,assam,2016,113,DHEMAJI,DURGESWAR PATIR,,1275,0.75,9,forfeit,U,69,Graduate,,challenger,src-1b7bc1c9d39a
IN-AC-2008-assam-1805,assam,2016,113,DHEMAJI,HEM KANTA MIRI,,524,0.31,10,forfeit,U,33,Graduate Professional,Advocacy,challenger,src-1b7bc1c9d39a
IN-AC-2008-assam-1807,assam,2016,114,JONAI,BHUBON PEGU,,88441,42.89,1,won,U,45,10th Pass,,challenger,src-1b7bc1c9d39a
IN-AC-2008-assam-1807,assam,2016,114,JONAI,ASWINI PAIT,,39148,18.98,2,lost,U,46,10th Pass,,challenger,src-1b7bc1c9d39a
IN-AC-2008-assam-1807,assam,2016,114,JONAI,SATHO BASUMATARY,,33265,16.13,3,forfeit,U,43,8th Pass,Contractor,challenger,src-1b7bc1c9d39a
IN-AC-2008-assam-1807,assam,2016,114,JONAI,SUSHIL PEGU,,30890,14.98,4,forfeit,U,45,Graduate,,challenger,src-1b7bc1c9d39a
IN-AC-2008-assam-1807,assam,2016,114,JONAI,LENINDRA KUMAR DOLEY,,5625,2.73,5,forfeit,U,61,Graduate Professional,,challenger,src-1b7bc1c9d39a
IN-AC-2008-assam-1807,assam,2016,114,JONAI,HITESH DEORI,,2290,1.11,6,forfeit,U,30,12th Pass,,challenger,src-1b7bc1c9d39a
IN-AC-2008-assam-1807,assam,2016,114,JONAI,BHUPEN NARAH,,2120,1.03,7,forfeit,U,54,Post Graduate,,challenger,src-1b7bc1c9d39a
IN-AC-2008-assam-1807,assam,2016,114,JONAI,JANKI KUMAR PEGU,,1519,0.74,9,forfeit,U,42,Post Graduate,,challenger,src-1b7bc1c9d39a
IN-AC-2008-assam-1807,assam,2016,114,JONAI,NAREN SONOWAL,,1068,0.52,10,forfeit,U,55,8th Pass,,challenger,src-1b7bc1c9d39a
IN-AC-2008-assam-1751,assam,2016,115,MORAN,CHAKRADHAR GOGOI,,54571,54.13,1,won,U,45,Graduate,"Trader, Agricultural Business",challenger,src-1b7bc1c9d39a
IN-AC-2008-assam-1751,assam,2016,115,MORAN,PABAN SINGH GHATOWAR,,38340,38.03,2,lost,U,67,Graduate,Party Worker,challenger,src-1b7bc1c9d39a
IN-AC-2008-assam-1751,assam,2016,115,MORAN,ASHOK KUMAR URANG,,2322,2.3,3,forfeit,U,40,,,challenger,src-1b7bc1c9d39a
IN-AC-2008-assam-1751,assam,2016,115,MORAN,HIRANYA BORUAH,,1650,1.64,5,forfeit,U,35,10th Pass,,challenger,src-1b7bc1c9d39a
IN-AC-2008-assam-1751,assam,2016,115,MORAN,SUNIL RAJKONWAR,,1464,1.45,6,forfeit,U,46,12th Pass,,challenger,src-1b7bc1c9d39a
IN-AC-2008-assam-1751,assam,2016,115,MORAN,RUBUL BURAGOHAIN,,791,0.78,7,forfeit,U,39,10th Pass,,challenger,src-1b7bc1c9d39a
IN-AC-2008-assam-1746,assam,2016,116,DIBRUGARH,PRASANTA PHUKAN,,63985,61.02,1,won,U,60,10th Pass,MLA,incumbent,src-1b7bc1c9d39a
IN-AC-2008-assam-1746,assam,2016,116,DIBRUGARH,CHANDRA KANTA BARUA,,36611,34.91,2,lost,U,61,Graduate,"Trader, Unspecified",challenger,src-1b7bc1c9d39a
IN-AC-2008-assam-1746,assam,2016,116,DIBRUGARH,DIGANTA PHUKAN,,1086,1.04,4,forfeit,U,43,Graduate,,challenger,src-1b7bc1c9d39a
IN-AC-2008-assam-1746,assam,2016,116,DIBRUGARH,BIPUL CHANDRA DAS,,748,0.71,5,forfeit,U,52,Graduate,,challenger,src-1b7bc1c9d39a
IN-AC-2008-assam-1746,assam,2016,116,DIBRUGARH,AVINASH SINGH,,503,0.48,6,forfeit,U,30,10th Pass,,challenger,src-1b7bc1c9d39a
IN-AC-2008-assam-1746,assam,2016,116,DIBRUGARH,JUGEN KACHARI,,501,0.48,7,forfeit,U,42,12th Pass,Self-employed,challenger,src-1b7bc1c9d39a
IN-AC-2008-assam-1746,assam,2016,116,DIBRUGARH,PADMESWAR PHUKAN,,311,0.3,8,forfeit,U,58,10th Pass,Trader,challenger,src-1b7bc1c9d39a
IN-AC-2008-assam-1749,assam,2016,117,LAHOWAL,RITUPARNA BARUAH,,59013,53.86,1,won,U,43,Graduate Professional,,challenger,src-1b7bc1c9d39a
IN-AC-2008-assam-1749,assam,2016,117,LAHOWAL,PRITHIBI MAJHI,,39414,35.97,2,lost,U,64,Graduate Professional,MLA,incumbent,src-1b7bc1c9d39a
IN-AC-2008-assam-1749,assam,2016,117,LAHOWAL,RAJESH RAJPUT,,3022,2.76,4,forfeit,U,42,12th Pass,,challenger,src-1b7bc1c9d39a
IN-AC-2008-assam-1749,assam,2016,117,LAHOWAL,RANJIT KONWAR,,1753,1.6,5,forfeit,U,46,8th Pass,,challenger,src-1b7bc1c9d39a
IN-AC-2008-assam-1749,assam,2016,117,LAHOWAL,SOMBHULAL SABOR,,1568,1.43,6,forfeit,U,54,10th Pass,,challenger,src-1b7bc1c9d39a
IN-AC-2008-assam-1749,assam,2016,117,LAHOWAL,PRIYA NATH GOGOI,,911,0.83,7,forfeit,U,39,12th Pass,,challenger,src-1b7bc1c9d39a
IN-AC-2008-assam-1749,assam,2016,117,LAHOWAL,BOGA KUMAR NAG,,857,0.78,8,forfeit,U,60,10th Pass,,challenger,src-1b7bc1c9d39a
IN-AC-2008-assam-1748,assam,2016,118,DULIAJAN,TERASH GOWALLA,,58450,51.13,1,won,U,42,Graduate,,crossover,src-1b7bc1c9d39a
IN-AC-2008-assam-1748,assam,2016,118,DULIAJAN,DHRUBA JYOTI GOGOI,,41364,36.18,2,lost,U,37,10th Pass,,challenger,src-1b7bc1c9d39a
IN-AC-2008-assam-1748,assam,2016,118,DULIAJAN,AMIYA GOGOI,,4376,3.83,3,forfeit,U,68,12th Pass,,incumbent,src-1b7bc1c9d39a
IN-AC-2008-assam-1748,assam,2016,118,DULIAJAN,RAMESH CHANDRA PHUKAN,,1816,1.59,5,forfeit,U,66,12th Pass,Retired or Pension,challenger,src-1b7bc1c9d39a
IN-AC-2008-assam-1748,assam,2016,118,DULIAJAN,HIRANYA SONOWAL (RAJU),,1144,1,6,forfeit,U,39,,,challenger,src-1b7bc1c9d39a
IN-AC-2008-assam-1748,assam,2016,118,DULIAJAN,ANJALI SENAPATI,,1037,0.91,7,forfeit,U,47,12th Pass,,challenger,src-1b7bc1c9d39a
IN-AC-2008-assam-1748,assam,2016,118,DULIAJAN,JATIN KONWAR,,825,0.72,8,forfeit,U,38,8th Pass,,challenger,src-1b7bc1c9d39a
IN-AC-2008-assam-1748,assam,2016,118,DULIAJAN,SUNIL TANTI,,710,0.62,9,forfeit,U,31,12th Pass,,challenger,src-1b7bc1c9d39a
IN-AC-2008-assam-1748,assam,2016,118,DULIAJAN,PROBIN KUMAR HAZARIKA,,651,0.57,10,forfeit,U,56,,,challenger,src-1b7bc1c9d39a
IN-AC-2008-assam-1748,assam,2016,118,DULIAJAN,ISAK KARKARIA,,637,0.56,11,forfeit,U,47,,,challenger,src-1b7bc1c9d39a
IN-AC-2008-assam-1748,assam,2016,118,DULIAJAN,JHUMA DEB NATH,,542,0.47,12,forfeit,U,45,10th Pass,,challenger,src-1b7bc1c9d39a
IN-AC-2008-assam-1753,assam,2016,119,TINGKHONG,BIMAL BORAH,,57072,54.61,1,won,U,40,Graduate,,challenger,src-1b7bc1c9d39a
IN-AC-2008-assam-1753,assam,2016,119,TINGKHONG,ATUWA MUNDA,,38734,37.07,2,lost,U,55,Graduate,Party Worker,incumbent,src-1b7bc1c9d39a
IN-AC-2008-assam-1753,assam,2016,119,TINGKHONG,ANUP PHUKON,,2935,2.81,3,forfeit,U,58,,,challenger,src-1b7bc1c9d39a
IN-AC-2008-assam-1753,assam,2016,119,TINGKHONG,MIRA TANTI,,1299,1.24,5,forfeit,U,34,Illiterate,Party Worker,challenger,src-1b7bc1c9d39a
IN-AC-2008-assam-1753,assam,2016,119,TINGKHONG,DILIP BHARALI,,1235,1.18,6,forfeit,U,45,10th Pass,,challenger,src-1b7bc1c9d39a
IN-AC-2008-assam-1753,assam,2016,119,TINGKHONG,ELIASH SICHAN,,1150,1.1,7,forfeit,U,49,10th Pass,,challenger,src-1b7bc1c9d39a
IN-AC-2008-assam-1752,assam,2016,120,NAHARKATIA,NAREN SONOWAL (BOTALI),,46051,46.75,1,won,U,56,10th Pass,,challenger,src-1b7bc1c9d39a
IN-AC-2008-assam-1752,assam,2016,120,NAHARKATIA,PRANATEE PHUKAN,,42520,43.17,2,lost,U,53,Graduate,MLA,incumbent,src-1b7bc1c9d39a
IN-AC-2008-assam-1752,assam,2016,120,NAHARKATIA,SURESH CH. DEKA,,4026,4.09,3,forfeit,U,61,Graduate,,challenger,src-1b7bc1c9d39a
IN-AC-2008-assam-1752,assam,2016,120,NAHARKATIA,MOHAN NAG,,2708,2.75,4,forfeit,U,39,12th Pass,Contractor,challenger,src-1b7bc1c9d39a
IN-AC-2008-assam-1752,assam,2016,120,NAHARKATIA,MAHENDRA DHADUMIYA,,783,0.79,6,forfeit,U,68,,,challenger,src-1b7bc1c9d39a
IN-AC-2008-assam-1752,assam,2016,120,NAHARKATIA,SADANANDA DAS,,697,0.71,7,forfeit,U,48,10th Pass,,challenger,src-1b7bc1c9d39a
IN-AC-2008-assam-1803,assam,2016,121,CHABUA,BINOD HAZARIKA,,69351,59.76,1,won,U,40,10th Pass,,challenger,src-1b7bc1c9d39a
IN-AC-2008-assam-1803,assam,2016,121,CHABUA,RAJU SAHU,,38597,33.26,2,lost,U,46,12th Pass,MLA,incumbent,src-1b7bc1c9d39a
IN-AC-2008-assam-1803,assam,2016,121,CHABUA,DEBNATH MAJHI,,2516,2.17,4,forfeit,U,37,8th Pass,Insurance Agent,challenger,src-1b7bc1c9d39a
IN-AC-2008-assam-1803,assam,2016,121,CHABUA,RABIN CHANDRA KACHARI,,1315,1.13,5,forfeit,U,61,,,challenger,src-1b7bc1c9d39a
IN-AC-2008-assam-1803,assam,2016,121,CHABUA,UTPAL KAKOTI,,1252,1.08,6,forfeit,U,52,Post Graduate,Activist,challenger,src-1b7bc1c9d39a
IN-AC-2008-assam-1754,assam,2016,122,TINSUKIA,SANJOY KISHAN,,70937,61.24,1,won,U,46,10th Pass,,challenger,src-1b7bc1c9d39a
IN-AC-2008-assam-1754,assam,2016,122,TINSUKIA,RAJENDRA PRASAD SINGH,,35868,30.96,2,lost,U,53,Graduate,Agricultural Business,incumbent,src-1b7bc1c9d39a
IN-AC-2008-assam-1754,assam,2016,122,TINSUKIA,LAKHYAJYOTI BORUAH,,4056,3.5,3,forfeit,U,26,,,challenger,src-1b7bc1c9d39a
IN-AC-2008-assam-1754,assam,2016,122,TINSUKIA,CINTU BARUAH,,1020,0.88,5,forfeit,U,33,12th Pass,,challenger,src-1b7bc1c9d39a
IN-AC-2008-assam-1754,assam,2016,122,TINSUKIA,ANANTA JYOTI BHATTACHARJEE,,773,0.67,6,forfeit,U,26,Graduate,,challenger,src-1b7bc1c9d39a
IN-AC-2008-assam-1754,assam,2016,122,TINSUKIA,RAM DARSHAN SINGH,,667,0.58,7,forfeit,U,48,10th Pass,,challenger,src-1b7bc1c9d39a
IN-AC-2008-assam-1754,assam,2016,122,TINSUKIA,RAM NARAYAN SINGH,,536,0.46,8,forfeit,U,51,Others,,challenger,src-1b7bc1c9d39a
IN-AC-2008-assam-1747,assam,2016,123,DIGBOI,SUREN PHUKAN,,49167,51.47,1,won,U,46,10th Pass,,challenger,src-1b7bc1c9d39a
IN-AC-2008-assam-1747,assam,2016,123,DIGBOI,GAUTAM DHANOWAR,,34874,36.51,2,lost,U,38,Post Graduate,,challenger,src-1b7bc1c9d39a
IN-AC-2008-assam-1747,assam,2016,123,DIGBOI,PRANAB CHETIA,,4841,5.07,3,forfeit,U,49,12th Pass,,challenger,src-1b7bc1c9d39a
IN-AC-2008-assam-1747,assam,2016,123,DIGBOI,IMRAN SIDDIQUE,,1166,1.22,5,forfeit,U,35,Others,,challenger,src-1b7bc1c9d39a
IN-AC-2008-assam-1747,assam,2016,123,DIGBOI,BISWANATH SARMA BORDOLOI,,977,1.02,6,forfeit,U,50,12th Pass,,challenger,src-1b7bc1c9d39a
IN-AC-2008-assam-1747,assam,2016,123,DIGBOI,NOGEN DHEKIAL PHUKAN,,923,0.97,7,forfeit,U,46,12th Pass,,challenger,src-1b7bc1c9d39a
IN-AC-2008-assam-1747,assam,2016,123,DIGBOI,BHABAKANTA CHUTIA,,743,0.78,8,forfeit,U,50,,,challenger,src-1b7bc1c9d39a
IN-AC-2008-assam-1747,assam,2016,123,DIGBOI,CHANDAN BAGH,,588,0.62,9,forfeit,U,43,Literate,,challenger,src-1b7bc1c9d39a
IN-AC-2008-assam-1750,assam,2016,124,MARGHERITA,BHASKAR SHARMA,,76365,55.85,1,won,U,47,10th Pass,,challenger,src-1b7bc1c9d39a
IN-AC-2008-assam-1750,assam,2016,124,MARGHERITA,PRADYUT BORDOLOI,,53621,39.21,2,lost,U,57,Post Graduate,Self-employed,incumbent,src-1b7bc1c9d39a
IN-AC-2008-assam-1750,assam,2016,124,MARGHERITA,NIDAN PURTY,,1332,0.97,4,forfeit,U,31,12th Pass,,challenger,src-1b7bc1c9d39a
IN-AC-2008-assam-1750,assam,2016,124,MARGHERITA,BISHWANATH SINGHA,,1306,0.96,5,forfeit,U,49,,,challenger,src-1b7bc1c9d39a
IN-AC-2008-assam-1750,assam,2016,124,MARGHERITA,UMESH BORA,,1289,0.94,6,forfeit,U,60,Graduate,Retired Teacher,challenger,src-1b7bc1c9d39a
IN-AC-2008-assam-1750,assam,2016,124,MARGHERITA,PURNA CHETRI,,690,0.5,7,forfeit,U,54,8th Pass,,challenger,src-1b7bc1c9d39a
IN-AC-2008-assam-1806,assam,2016,125,DOOM DOOMA,DURGA BHUMIJ,,46938,45.4,1,won,U,48,Graduate,,challenger,src-1b7bc1c9d39a
IN-AC-2008-assam-1806,assam,2016,125,DOOM DOOMA,DILIP MORAN,,46156,44.64,2,lost,U,48,12th Pass,MLA,incumbent,src-1b7bc1c9d39a
IN-AC-2008-assam-1806,assam,2016,125,DOOM DOOMA,HRISHIKESH BARUAH,,1481,1.43,4,forfeit,U,29,Post Graduate,,challenger,src-1b7bc1c9d39a
IN-AC-2008-assam-1806,assam,2016,125,DOOM DOOMA,MONOJ KUMAR SAWASHI,,1443,1.4,5,forfeit,U,50,10th Pass,School Teacher,challenger,src-1b7bc1c9d39a
IN-AC-2008-assam-1806,assam,2016,125,DOOM DOOMA,RAJESH KARMAKAR,,1441,1.39,6,forfeit,U,43,12th Pass,,challenger,src-1b7bc1c9d39a
IN-AC-2008-assam-1806,assam,2016,125,DOOM DOOMA,SARFARAZ ALAM,,846,0.82,7,forfeit,U,29,8th Pass,,challenger,src-1b7bc1c9d39a
IN-AC-2008-assam-1806,assam,2016,125,DOOM DOOMA,ISAB HUSSAIN,,642,0.62,8,forfeit,U,40,8th Pass,,challenger,src-1b7bc1c9d39a
IN-AC-2008-assam-1806,assam,2016,125,DOOM DOOMA,RANJIT SINGH GORH,,571,0.55,9,forfeit,U,48,Graduate,,challenger,src-1b7bc1c9d39a
IN-AC-2008-assam-1806,assam,2016,125,DOOM DOOMA,BHABA KANTA CHUTIA,,557,0.54,10,forfeit,U,50,8th Pass,,challenger,src-1b7bc1c9d39a
IN-AC-2008-assam-1811,assam,2016,126,SADIYA,BOLIN CHETIA,,38845,32.14,1,won,U,46,12th Pass,,incumbent,src-1b7bc1c9d39a
IN-AC-2008-assam-1811,assam,2016,126,SADIYA,BIRINCHI NEOG,,32279,26.71,2,lost,U,46,Graduate,Contractor,challenger,src-1b7bc1c9d39a
IN-AC-2008-assam-1811,assam,2016,126,SADIYA,LAKHIN CHANDRA CHETIA,,22005,18.21,3,lost,U,53,Post Graduate,,challenger,src-1b7bc1c9d39a
IN-AC-2008-assam-1811,assam,2016,126,SADIYA,DINDAYAL VERMA,,12481,10.33,4,forfeit,U,48,10th Pass,,challenger,src-1b7bc1c9d39a
IN-AC-2008-assam-1811,assam,2016,126,SADIYA,TIKENDRA THAPA,,5047,4.18,5,forfeit,U,60,Graduate,Ex Govt Employee,challenger,src-1b7bc1c9d39a
IN-AC-2008-assam-1811,assam,2016,126,SADIYA,DRONA CHARINGIA PHUKAN,,2310,1.91,6,forfeit,U,63,Graduate,Retired Teacher,challenger,src-1b7bc1c9d39a
IN-AC-2008-assam-1811,assam,2016,126,SADIYA,BISWANATH BARUAH,,1430,1.18,8,forfeit,U,62,Post Graduate,,challenger,src-1b7bc1c9d39a
IN-AC-2008-assam-1811,assam,2016,126,SADIYA,SHRIKUMAR DOHUTIA,,1264,1.05,9,forfeit,U,64,Post Graduate,,challenger,src-1b7bc1c9d39a
IN-AC-2008-assam-1811,assam,2016,126,SADIYA,ANUP PRATIM BORBARUAH,,846,0.7,10,forfeit,U,48,Post Graduate,,challenger,src-1b7bc1c9d39a
IN-AC-2008-assam-1811,assam,2016,126,SADIYA,BULBUL GOWALA,,783,0.65,11,forfeit,U,50,12th Pass,,challenger,src-1b7bc1c9d39a
IN-AC-2008-assam-1811,assam,2016,126,SADIYA,RAMEN BORGOHAIN,,758,0.63,12,forfeit,U,37,12th Pass,,challenger,src-1b7bc1c9d39a
IN-AC-2008-assam-1811,assam,2016,126,SADIYA,LALIT DEORI,,756,0.63,13,forfeit,U,58,10th Pass,,challenger,src-1b7bc1c9d39a
