entity_id,state,election_year,constituency_no,constituency_name,candidate_name,party_id,party_short_raw,votes,vote_share_pct,position,result,sex,age,education,profession,candidate_type,source_id
IN-AC-1967-uttar-pradesh-1,uttar-pradesh,1969,1,UTTAR KASHI,KRISHAN SINGH,parties.IN.INC,INC,17180,52.24,1,won,U,,,,challenger,src-1b7bc1c9d39a
IN-AC-1967-uttar-pradesh-1,uttar-pradesh,1969,1,UTTAR KASHI,KAMLA RAM,parties.IN.CPI,CPI,12169,37,2,lost,U,,,,challenger,src-1b7bc1c9d39a
IN-AC-1967-uttar-pradesh-1,uttar-pradesh,1969,1,UTTAR KASHI,ATTAR SINGH,parties.IN.BJS,BJS,3537,10.76,3,forfeit,U,,,,challenger,src-1b7bc1c9d39a
IN-AC-1967-uttar-pradesh-2,uttar-pradesh,1969,2,TEHRI,GOVIND SINGH,parties.IN.CPI,CPI,15636,46.68,1,won,U,,,,challenger,src-1b7bc1c9d39a
IN-AC-1967-uttar-pradesh-2,uttar-pradesh,1969,2,TEHRI,TREPAN SINGH,parties.IN.INC,INC,14495,43.28,2,lost,U,,,,challenger,src-1b7bc1c9d39a
IN-AC-1967-uttar-pradesh-2,uttar-pradesh,1969,2,TEHRI,SOMBERI LAL,parties.IN.BJS,BJS,3363,10.04,3,forfeit,U,,,,challenger,src-1b7bc1c9d39a
IN-AC-1967-uttar-pradesh-3,uttar-pradesh,1969,3,DEOPRAYAG,INDRA MANI,parties.IN.INC,INC,13919,42.25,1,won,U,,,,challenger,src-1b7bc1c9d39a
IN-AC-1967-uttar-pradesh-3,uttar-pradesh,1969,3,DEOPRAYAG,GOVIND PRASAD,parties.IN.IND,IND,10224,31.03,2,lost,U,,,,challenger,src-1b7bc1c9d39a
IN-AC-1967-uttar-pradesh-3,uttar-pradesh,1969,3,DEOPRAYAG,HOSHIYAR SINGH CHAUHAN,parties.IN.BKD,BKD,5591,16.97,3,lost,U,,,,challenger,src-1b7bc1c9d39a
IN-AC-1967-uttar-pradesh-3,uttar-pradesh,1969,3,DEOPRAYAG,RAJESHWAR PRASAD,parties.IN.CPI,CPI,2403,7.29,4,forfeit,U,,,,challenger,src-1b7bc1c9d39a
IN-AC-1967-uttar-pradesh-3,uttar-pradesh,1969,3,DEOPRAYAG,GOPAL SINGH,parties.IN.SSP,SSP,807,2.45,5,forfeit,U,,,,challenger,src-1b7bc1c9d39a
IN-AC-1967-uttar-pradesh-4,uttar-pradesh,1969,4,LANSDOWNE,CHANDRA MOHAN,parties.IN.INC,INC,21850,55.29,1,won,U,,,,challenger,src-1b7bc1c9d39a
IN-AC-1967-uttar-pradesh-4,uttar-pradesh,1969,4,LANSDOWNE,UMRAO SINGH,parties.IN.BJS,BJS,12647,32,2,lost,U,,,,challenger,src-1b7bc1c9d39a
IN-AC-1967-uttar-pradesh-4,uttar-pradesh,1969,4,LANSDOWNE,HARI RAM,parties.IN.MAP,MAP,1682,4.26,3,forfeit,U,,,,challenger,src-1b7bc1c9d39a
IN-AC-1967-uttar-pradesh-4,uttar-pradesh,1969,4,LANSDOWNE,KARIM BUX,parties.IN.IND,IND,1129,2.86,4,forfeit,U,,,,challenger,src-1b7bc1c9d39a
IN-AC-1967-uttar-pradesh-4,uttar-pradesh,1969,4,LANSDOWNE,BHAWANI SINGH,parties.IN.CPI,CPI,664,1.68,5,forfeit,U,,,,challenger,src-1b7bc1c9d39a
IN-AC-1967-uttar-pradesh-4,uttar-pradesh,1969,4,LANSDOWNE,DAYA SHANKAR,parties.IN.IND,IND,512,1.3,6,forfeit,U,,,,challenger,src-1b7bc1c9d39a
IN-AC-1967-uttar-pradesh-4,uttar-pradesh,1969,4,LANSDOWNE,SADA NAND,parties.IN.IND,IND,463,1.17,7,forfeit,U,,,,challenger,src-1b7bc1c9d39a
IN-AC-1967-uttar-pradesh-4,uttar-pradesh,1969,4,LANSDOWNE,SURESHANAND,parties.IN.SSP,SSP,294,0.74,8,forfeit,U,,,,challenger,src-1b7bc1c9d39a
IN-AC-1967-uttar-pradesh-4,uttar-pradesh,1969,4,LANSDOWNE,UTTAM SINGH,parties.IN.BKD,BKD,278,0.7,9,forfeit,U,,,,challenger,src-1b7bc1c9d39a
IN-AC-1967-uttar-pradesh-5,uttar-pradesh,1969,5,EKESHWAR,MEHARBAN SINGH,parties.IN.IND,IND,12284,39.23,1,won,U,,,,challenger,src-1b7bc1c9d39a
IN-AC-1967-uttar-pradesh-5,uttar-pradesh,1969,5,EKESHWAR,SHYAMA,parties.IN.INC,INC,6206,19.82,2,lost,U,,,,challenger,src-1b7bc1c9d39a
IN-AC-1967-uttar-pradesh-5,uttar-pradesh,1969,5,EKESHWAR,PADMA DATT,parties.IN.BJS,BJS,4994,15.95,3,forfeit,U,,,,challenger,src-1b7bc1c9d39a
IN-AC-1967-uttar-pradesh-5,uttar-pradesh,1969,5,EKESHWAR,KUNWAR SINGH,parties.IN.IND,IND,2706,8.64,4,forfeit,U,,,,challenger,src-1b7bc1c9d39a
IN-AC-1967-uttar-pradesh-5,uttar-pradesh,1969,5,EKESHWAR,RISHI BALLABH,parties.IN.SWA,SWA,2134,6.81,5,forfeit,U,,,,challenger,src-1b7bc1c9d39a
IN-AC-1967-uttar-pradesh-5,uttar-pradesh,1969,5,EKESHWAR,JHABBAN LAL,parties.IN.IND,IND,1251,3.99,6,forfeit,U,,,,challenger,src-1b7bc1c9d39a
IN-AC-1967-uttar-pradesh-5,uttar-pradesh,1969,5,EKESHWAR,NATHI SINGH,parties.IN.IND,IND,872,2.78,7,forfeit,U,,,,challenger,src-1b7bc1c9d39a
IN-AC-1967-uttar-pradesh-5,uttar-pradesh,1969,5,EKESHWAR,GANGA SINGH,parties.IN.BKD,BKD,486,1.55,8,forfeit,U,,,,challenger,src-1b7bc1c9d39a
IN-AC-1967-uttar-pradesh-5,uttar-pradesh,1969,5,EKESHWAR,YOGESWAR PRASAD,parties.IN.IND,IND,383,1.22,9,forfeit,U,,,,challenger,src-1b7bc1c9d39a
IN-AC-1967-uttar-pradesh-6,uttar-pradesh,1969,6,PAURI,SHIVA NAND NAUTIYAL,parties.IN.IND,IND,16238,48.69,1,won,U,,,,challenger,src-1b7bc1c9d39a
IN-AC-1967-uttar-pradesh-6,uttar-pradesh,1969,6,PAURI,CHANDRA SINGH,parties.IN.INC,INC,8828,26.47,2,lost,U,,,,challenger,src-1b7bc1c9d39a
IN-AC-1967-uttar-pradesh-6,uttar-pradesh,1969,6,PAURI,GULAB SINGH,parties.IN.BJS,BJS,3865,11.59,3,forfeit,U,,,,challenger,src-1b7bc1c9d39a
IN-AC-1967-uttar-pradesh-6,uttar-pradesh,1969,6,PAURI,BHAGWATI CHARAN,parties.IN.IND,IND,2481,7.44,4,forfeit,U,,,,challenger,src-1b7bc1c9d39a
IN-AC-1967-uttar-pradesh-6,uttar-pradesh,1969,6,PAURI,BALWANT SINGH BHARTIYA,parties.IN.MAP,MAP,628,1.88,5,forfeit,U,,,,challenger,src-1b7bc1c9d39a
IN-AC-1967-uttar-pradesh-6,uttar-pradesh,1969,6,PAURI,SATISH KUMAR NAITHANI,parties.IN.BKD,BKD,499,1.5,6,forfeit,U,,,,challenger,src-1b7bc1c9d39a
IN-AC-1967-uttar-pradesh-6,uttar-pradesh,1969,6,PAURI,LOKMANI KOTHIYAL,parties.IN.SSP,SSP,447,1.34,7,forfeit,U,,,,challenger,src-1b7bc1c9d39a
IN-AC-1967-uttar-pradesh-6,uttar-pradesh,1969,6,PAURI,DEENDAYAL SINGH,parties.IN.IND,IND,365,1.09,8,forfeit,U,,,,challenger,src-1b7bc1c9d39a
IN-AC-1967-uttar-pradesh-7,uttar-pradesh,1969,7,KARANPRAYAG,SHER SINGH DANU,parties.IN.BJS,BJS,14231,50.42,1,won,U,,,,challenger,src-1b7bc1c9d39a
IN-AC-1967-uttar-pradesh-7,uttar-pradesh,1969,7,KARANPRAYAG,RAM PRASAD,parties.IN.INC,INC,9989,35.39,2,lost,U,,,,challenger,src-1b7bc1c9d39a
IN-AC-1967-uttar-pradesh-7,uttar-pradesh,1969,7,KARANPRAYAG,KUNDI LAL,parties.IN.BKD,BKD,1463,5.18,3,forfeit,U,,,,challenger,src-1b7bc1c9d39a
IN-AC-1967-uttar-pradesh-7,uttar-pradesh,1969,7,KARANPRAYAG,MANSA RAM,parties.IN.IND,IND,1029,3.65,4,forfeit,U,,,,challenger,src-1b7bc1c9d39a
IN-AC-1967-uttar-pradesh-7,uttar-pradesh,1969,7,KARANPRAYAG,URBI DATT,parties.IN.CPI,CPI,991,3.51,5,forfeit,U,,,,challenger,src-1b7bc1c9d39a
IN-AC-1967-uttar-pradesh-7,uttar-pradesh,1969,7,KARANPRAYAG,BACHAN SINGH,parties.IN.MAP,MAP,522,1.85,6,forfeit,U,,,,challenger,src-1b7bc1c9d39a
IN-AC-1967-uttar-pradesh-8,uttar-pradesh,1969,8,BADRI KEDAR,NARENDRA SINGH,parties.IN.IND,IND,12603,33.77,1,won,U,,,,challenger,src-1b7bc1c9d39a
IN-AC-1967-uttar-pradesh-8,uttar-pradesh,1969,8,BADRI KEDAR,GANGA DHAR,parties.IN.INC,INC,9066,24.29,2,lost,U,,,,challenger,src-1b7bc1c9d39a
IN-AC-1967-uttar-pradesh-8,uttar-pradesh,1969,8,BADRI KEDAR,KEDAR SINGH,parties.IN.IND,IND,7655,20.51,3,lost,U,,,,challenger,src-1b7bc1c9d39a
IN-AC-1967-uttar-pradesh-8,uttar-pradesh,1969,8,BADRI KEDAR,PREM LAL,parties.IN.MAP,MAP,3541,9.49,4,forfeit,U,,,,challenger,src-1b7bc1c9d39a
IN-AC-1967-uttar-pradesh-8,uttar-pradesh,1969,8,BADRI KEDAR,PRATAP SINGH,parties.IN.BJS,BJS,3478,9.32,5,forfeit,U,,,,challenger,src-1b7bc1c9d39a
IN-AC-1967-uttar-pradesh-8,uttar-pradesh,1969,8,BADRI KEDAR,KALIYAL LAL,parties.IN.IND,IND,678,1.82,6,forfeit,U,,,,challenger,src-1b7bc1c9d39a
IN-AC-1967-uttar-pradesh-8,uttar-pradesh,1969,8,BADRI KEDAR,HARI DATT,parties.IN.IND,IND,298,0.8,7,forfeit,U,,,,challenger,src-1b7bc1c9d39a
IN-AC-1967-uttar-pradesh-9,uttar-pradesh,1969,9,DIDIHAT,GOPAL DATT,parties.IN.INC,INC,9574,37.07,1,won,U,,,,challenger,src-1b7bc1c9d39a
IN-AC-1967-uttar-pradesh-9,uttar-pradesh,1969,9,DIDIHAT,GOVIND SINGH PANGTEY,parties.IN.BJS,BJS,8455,32.73,2,lost,U,,,,challenger,src-1b7bc1c9d39a
IN-AC-1967-uttar-pradesh-9,uttar-pradesh,1969,9,DIDIHAT,JAWAHAR SINGH,parties.IN.IND,IND,3816,14.77,3,forfeit,U,,,,challenger,src-1b7bc1c9d39a
IN-AC-1967-uttar-pradesh-9,uttar-pradesh,1969,9,DIDIHAT,CHHATRA SINGH,parties.IN.BKD,BKD,1600,6.19,4,forfeit,U,,,,challenger,src-1b7bc1c9d39a
IN-AC-1967-uttar-pradesh-9,uttar-pradesh,1969,9,DIDIHAT,KALU CHAND,parties.IN.IND,IND,1014,3.93,5,forfeit,U,,,,challenger,src-1b7bc1c9d39a
IN-AC-1967-uttar-pradesh-9,uttar-pradesh,1969,9,DIDIHAT,GAMBHIR SINGH,parties.IN.SSP,SSP,956,3.7,6,forfeit,U,,,,challenger,src-1b7bc1c9d39a
IN-AC-1967-uttar-pradesh-9,uttar-pradesh,1969,9,DIDIHAT,NAIN RAM TAMTA,parties.IN.IND,IND,414,1.6,7,forfeit,U,,,,challenger,src-1b7bc1c9d39a
IN-AC-1967-uttar-pradesh-10,uttar-pradesh,1969,10,PITHORAGARH,NARENDRA SINGH,parties.IN.INC,INC,12905,45.12,1,won,U,,,,challenger,src-1b7bc1c9d39a
IN-AC-1967-uttar-pradesh-10,uttar-pradesh,1969,10,PITHORAGARH,MOHAN SINGH CHAND,parties.IN.BJS,BJS,10781,37.7,2,lost,U,,,,challenger,src-1b7bc1c9d39a
IN-AC-1967-uttar-pradesh-10,uttar-pradesh,1969,10,PITHORAGARH,SHAMSER SINGH,parties.IN.BKD,BKD,1792,6.27,3,forfeit,U,,,,challenger,src-1b7bc1c9d39a
IN-AC-1967-uttar-pradesh-10,uttar-pradesh,1969,10,PITHORAGARH,MANOHAR PRASAD,parties.IN.IND,IND,1083,3.79,4,forfeit,U,,,,challenger,src-1b7bc1c9d39a
IN-AC-1967-uttar-pradesh-10,uttar-pradesh,1969,10,PITHORAGARH,MADHAWA NAND,parties.IN.MAP,MAP,1054,3.69,5,forfeit,U,,,,challenger,src-1b7bc1c9d39a
IN-AC-1967-uttar-pradesh-10,uttar-pradesh,1969,10,PITHORAGARH,GAURI DATT,parties.IN.SSP,SSP,537,1.88,6,forfeit,U,,,,challenger,src-1b7bc1c9d39a
IN-AC-1967-uttar-pradesh-10,uttar-pradesh,1969,10,PITHORAGARH,KARAM SINGH BHANDARI,parties.IN.IND,IND,448,1.57,7,forfeit,U,,,,challenger,src-1b7bc1c9d39a
IN-AC-1967-uttar-pradesh-11,uttar-pradesh,1969,11,ALMORA,HARI SINGH,parties.IN.INC,INC,16270,51,1,won,U,,,,challenger,src-1b7bc1c9d39a
IN-AC-1967-uttar-pradesh-11,uttar-pradesh,1969,11,ALMORA,MANOHAR SINGH,parties.IN.BJS,BJS,15630,49,2,lost,U,,,,challenger,src-1b7bc1c9d39a
IN-AC-1967-uttar-pradesh-12,uttar-pradesh,1969,12,BAGESHWAR,SARASWATI DEVI,parties.IN.INC,INC,10320,36.6,1,won,U,,,,challenger,src-1b7bc1c9d39a
IN-AC-1967-uttar-pradesh-12,uttar-pradesh,1969,12,BAGESHWAR,MOHAN CHANDRA,parties.IN.BJS,BJS,8288,29.39,2,lost,U,,,,challenger,src-1b7bc1c9d39a
IN-AC-1967-uttar-pradesh-12,uttar-pradesh,1969,12,BAGESHWAR,GOPAL RAM DAS,parties.IN.BKD,BKD,5421,19.23,3,lost,U,,,,challenger,src-1b7bc1c9d39a
IN-AC-1967-uttar-pradesh-12,uttar-pradesh,1969,12,BAGESHWAR,BALA RAM,parties.IN.SSP,SSP,4168,14.78,4,forfeit,U,,,,challenger,src-1b7bc1c9d39a
IN-AC-1967-uttar-pradesh-13,uttar-pradesh,1969,13,DWARAHAT,HARI DATT,parties.IN.INC,INC,11632,36.41,1,won,U,,,,challenger,src-1b7bc1c9d39a
IN-AC-1967-uttar-pradesh-13,uttar-pradesh,1969,13,DWARAHAT,PYARE LAL,parties.IN.BJS,BJS,10976,34.36,2,lost,U,,,,challenger,src-1b7bc1c9d39a
IN-AC-1967-uttar-pradesh-13,uttar-pradesh,1969,13,DWARAHAT,JAI DATT,parties.IN.PSP,PSP,3790,11.86,3,forfeit,U,,,,challenger,src-1b7bc1c9d39a
IN-AC-1967-uttar-pradesh-13,uttar-pradesh,1969,13,DWARAHAT,JASWANT SINGH,parties.IN.SSP,SSP,3408,10.67,4,forfeit,U,,,,challenger,src-1b7bc1c9d39a
IN-AC-1967-uttar-pradesh-13,uttar-pradesh,1969,13,DWARAHAT,RAM DATT,parties.IN.RPI,RPI,1505,4.71,5,forfeit,U,,,,challenger,src-1b7bc1c9d39a
IN-AC-1967-uttar-pradesh-13,uttar-pradesh,1969,13,DWARAHAT,RAM LAL,parties.IN.IND,IND,633,1.98,6,forfeit,U,,,,challenger,src-1b7bc1c9d39a
IN-AC-1967-uttar-pradesh-14,uttar-pradesh,1969,14,RANIKHET,CHANDRA BHANU GUPTA,parties.IN.INC,INC,22163,48.44,1,won,U,,,,challenger,src-1b7bc1c9d39a
IN-AC-1967-uttar-pradesh-14,uttar-pradesh,1969,14,RANIKHET,GOVIND SINGH,parties.IN.BKD,BKD,21320,46.59,2,lost,U,,,,challenger,src-1b7bc1c9d39a
IN-AC-1967-uttar-pradesh-14,uttar-pradesh,1969,14,RANIKHET,PANCHAM SINGH,parties.IN.IND,IND,1267,2.77,3,forfeit,U,,,,challenger,src-1b7bc1c9d39a
IN-AC-1967-uttar-pradesh-14,uttar-pradesh,1969,14,RANIKHET,MAHESH CHANDRA,parties.IN.MAP,MAP,1006,2.2,4,forfeit,U,,,,challenger,src-1b7bc1c9d39a
IN-AC-1967-uttar-pradesh-15,uttar-pradesh,1969,15,NAINITAL,DOONGAR SINGH,parties.IN.INC,INC,16608,37.02,1,won,U,,,,challenger,src-1b7bc1c9d39a
IN-AC-1967-uttar-pradesh-15,uttar-pradesh,1969,15,NAINITAL,OM PRAKASH,parties.IN.IND,IND,8615,19.2,2,lost,U,,,,challenger,src-1b7bc1c9d39a
IN-AC-1967-uttar-pradesh-15,uttar-pradesh,1969,15,NAINITAL,PRATAP SINGH,parties.IN.PSP,PSP,7025,15.66,3,forfeit,U,,,,challenger,src-1b7bc1c9d39a
IN-AC-1967-uttar-pradesh-15,uttar-pradesh,1969,15,NAINITAL,DUNGAR SINGH RAWAT,parties.IN.IND,IND,3364,7.5,4,forfeit,U,,,,challenger,src-1b7bc1c9d39a
IN-AC-1967-uttar-pradesh-15,uttar-pradesh,1969,15,NAINITAL,REWA DHAR,parties.IN.BJS,BJS,2742,6.11,5,forfeit,U,,,,challenger,src-1b7bc1c9d39a
IN-AC-1967-uttar-pradesh-15,uttar-pradesh,1969,15,NAINITAL,SATYA PRAKASH,parties.IN.CPIM,CPM,2091,4.66,6,forfeit,U,,,,challenger,src-1b7bc1c9d39a
IN-AC-1967-uttar-pradesh-15,uttar-pradesh,1969,15,NAINITAL,INDRA SINGH NAYAL,parties.IN.BKD,BKD,2073,4.62,7,forfeit,U,,,,challenger,src-1b7bc1c9d39a
IN-AC-1967-uttar-pradesh-15,uttar-pradesh,1969,15,NAINITAL,DEVI DATT,parties.IN.SSP,SSP,942,2.1,8,forfeit,U,,,,challenger,src-1b7bc1c9d39a
IN-AC-1967-uttar-pradesh-15,uttar-pradesh,1969,15,NAINITAL,LALIT MOHAN,parties.IN.CPI,CPI,487,1.09,9,forfeit,U,,,,challenger,src-1b7bc1c9d39a
IN-AC-1967-uttar-pradesh-15,uttar-pradesh,1969,15,NAINITAL,NUNNA LAL,parties.IN.IND,IND,440,0.98,10,forfeit,U,,,,challenger,src-1b7bc1c9d39a
IN-AC-1967-uttar-pradesh-15,uttar-pradesh,1969,15,NAINITAL,LACHAM SINGH,parties.IN.KMP,KMP,313,0.7,11,forfeit,U,,,,challenger,src-1b7bc1c9d39a
IN-AC-1967-uttar-pradesh-15,uttar-pradesh,1969,15,NAINITAL,BHAIRAB DATT,parties.IN.IND,IND,160,0.36,12,forfeit,U,,,,challenger,src-1b7bc1c9d39a
IN-AC-1967-uttar-pradesh-16,uttar-pradesh,1969,16,HALDWANI,INDRA LAL,parties.IN.INC,INC,21140,43.45,1,won,U,,,,challenger,src-1b7bc1c9d39a
IN-AC-1967-uttar-pradesh-16,uttar-pradesh,1969,16,HALDWANI,SHREE CHAND,parties.IN.BKD,BKD,14732,30.28,2,lost,U,,,,challenger,src-1b7bc1c9d39a
IN-AC-1967-uttar-pradesh-16,uttar-pradesh,1969,16,HALDWANI,LAKHAN SINGH,parties.IN.BJS,BJS,9830,20.2,3,lost,U,,,,challenger,src-1b7bc1c9d39a
IN-AC-1967-uttar-pradesh-16,uttar-pradesh,1969,16,HALDWANI,RAMJIMAL RAJ,parties.IN.RPI,RPI,1004,2.06,4,forfeit,U,,,,challenger,src-1b7bc1c9d39a
IN-AC-1967-uttar-pradesh-16,uttar-pradesh,1969,16,HALDWANI,BHUMITRA,parties.IN.SSP,SSP,854,1.76,5,forfeit,U,,,,challenger,src-1b7bc1c9d39a
IN-AC-1967-uttar-pradesh-16,uttar-pradesh,1969,16,HALDWANI,KERNAIL SINGH,parties.IN.PSP,PSP,566,1.16,6,forfeit,U,,,,challenger,src-1b7bc1c9d39a
IN-AC-1967-uttar-pradesh-16,uttar-pradesh,1969,16,HALDWANI,ASA SINGH,parties.IN.KMP,KMP,532,1.09,7,forfeit,U,,,,challenger,src-1b7bc1c9d39a
IN-AC-1967-uttar-pradesh-17,uttar-pradesh,1969,17,KASHIPUR,NARAIAN DATT,parties.IN.INC,INC,28867,47.98,1,won,U,,,,challenger,src-1b7bc1c9d39a
IN-AC-1967-uttar-pradesh-17,uttar-pradesh,1969,17,KASHIPUR,RAM DATT JOSHI,parties.IN.PSP,PSP,11395,18.94,2,lost,U,,,,challenger,src-1b7bc1c9d39a
IN-AC-1967-uttar-pradesh-17,uttar-pradesh,1969,17,KASHIPUR,JAGAN NATH,parties.IN.BKD,BKD,10462,17.39,3,lost,U,,,,challenger,src-1b7bc1c9d39a
IN-AC-1967-uttar-pradesh-17,uttar-pradesh,1969,17,KASHIPUR,RAJENDRA SINGH,parties.IN.BJS,BJS,4902,8.15,4,forfeit,U,,,,challenger,src-1b7bc1c9d39a
IN-AC-1967-uttar-pradesh-17,uttar-pradesh,1969,17,KASHIPUR,SHIFAYT NABI,parties.IN.IND,IND,2315,3.85,5,forfeit,U,,,,challenger,src-1b7bc1c9d39a
IN-AC-1967-uttar-pradesh-17,uttar-pradesh,1969,17,KASHIPUR,AMIR HUSSAIN,parties.IN.CPI,CPI,1206,2,6,forfeit,U,,,,challenger,src-1b7bc1c9d39a
IN-AC-1967-uttar-pradesh-17,uttar-pradesh,1969,17,KASHIPUR,ISLAM QAMAR,parties.IN.SSP,SSP,517,0.86,7,forfeit,U,,,,challenger,src-1b7bc1c9d39a
IN-AC-1967-uttar-pradesh-17,uttar-pradesh,1969,17,KASHIPUR,AMAR NATH,parties.IN.IND,IND,505,0.84,8,forfeit,U,,,,challenger,src-1b7bc1c9d39a
IN-AC-1967-uttar-pradesh-18,uttar-pradesh,1969,18,NOORPUR,SHEO NATH SINGH,parties.IN.BKD,BKD,34270,52.4,1,won,U,,,,challenger,src-1b7bc1c9d39a
IN-AC-1967-uttar-pradesh-18,uttar-pradesh,1969,18,NOORPUR,KHUB SINGH,parties.IN.INC,INC,22022,33.67,2,lost,U,,,,challenger,src-1b7bc1c9d39a
IN-AC-1967-uttar-pradesh-18,uttar-pradesh,1969,18,NOORPUR,BHIM SINGH VIDYARTHY,parties.IN.IND,IND,3674,5.62,3,forfeit,U,,,,challenger,src-1b7bc1c9d39a
IN-AC-1967-uttar-pradesh-18,uttar-pradesh,1969,18,NOORPUR,MAHENDRA PAL SINGH,parties.IN.BJS,BJS,1896,2.9,4,forfeit,U,,,,challenger,src-1b7bc1c9d39a
IN-AC-1967-uttar-pradesh-18,uttar-pradesh,1969,18,NOORPUR,INDER SINGH,parties.IN.MAP,MAP,942,1.44,5,forfeit,U,,,,challenger,src-1b7bc1c9d39a
IN-AC-1967-uttar-pradesh-18,uttar-pradesh,1969,18,NOORPUR,ALBEL SINGH,parties.IN.CPIM,CPM,904,1.38,6,forfeit,U,,,,challenger,src-1b7bc1c9d39a
IN-AC-1967-uttar-pradesh-18,uttar-pradesh,1969,18,NOORPUR,MANGU SINGH,parties.IN.IND,IND,898,1.37,7,forfeit,U,,,,challenger,src-1b7bc1c9d39a
IN-AC-1967-uttar-pradesh-18,uttar-pradesh,1969,18,NOORPUR,BANKEY JI NIRMAL,parties.IN.IND,IND,793,1.21,8,forfeit,U,,,,challenger,src-1b7bc1c9d39a
IN-AC-1967-uttar-pradesh-19,uttar-pradesh,1969,19,DHAMPUR,SATTAR AHMAD,parties.IN.BKD,BKD,28976,39.98,1,won,U,,,,challenger,src-1b7bc1c9d39a
IN-AC-1967-uttar-pradesh-19,uttar-pradesh,1969,19,DHAMPUR,KRANTI KUMAR,parties.IN.INC,INC,22040,30.41,2,lost,U,,,,challenger,src-1b7bc1c9d39a
IN-AC-1967-uttar-pradesh-19,uttar-pradesh,1969,19,DHAMPUR,BASANT SINGH GAHLOT,parties.IN.BJS,BJS,10822,14.93,3,forfeit,U,,,,challenger,src-1b7bc1c9d39a
IN-AC-1967-uttar-pradesh-19,uttar-pradesh,1969,19,DHAMPUR,MEHAR SINGH PUSHAN,parties.IN.IND,IND,4691,6.47,4,forfeit,U,,,,challenger,src-1b7bc1c9d39a
IN-AC-1967-uttar-pradesh-19,uttar-pradesh,1969,19,DHAMPUR,AMIRI SINGH,parties.IN.SSP,SSP,2101,2.9,5,forfeit,U,,,,crossover,src-1b7bc1c9d39a
IN-AC-1967-uttar-pradesh-19,uttar-pradesh,1969,19,DHAMPUR,RAM SINGH,parties.IN.IND,IND,1663,2.29,6,forfeit,U,,,,challenger,src-1b7bc1c9d39a
IN-AC-1967-uttar-pradesh-19,uttar-pradesh,1969,19,DHAMPUR,RAIS AHMAD,parties.IN.IND,IND,1454,2.01,7,forfeit,U,,,,challenger,src-1b7bc1c9d39a
IN-AC-1967-uttar-pradesh-19,uttar-pradesh,1969,19,DHAMPUR,SHIMBHU,parties.IN.IND,IND,728,1,8,forfeit,U,,,,challenger,src-1b7bc1c9d39a
IN-AC-1967-uttar-pradesh-20,uttar-pradesh,1969,20,AFZALGARH,GIRDHARI LAL,parties.IN.INC,INC,20505,44.05,1,won,U,,,,challenger,src-1b7bc1c9d39a
IN-AC-1967-uttar-pradesh-20,uttar-pradesh,1969,20,AFZALGARH,SHIVA RAM,parties.IN.BJS,BJS,12297,26.42,2,lost,U,,,,challenger,src-1b7bc1c9d39a
IN-AC-1967-uttar-pradesh-20,uttar-pradesh,1969,20,AFZALGARH,HAR GOVIND,parties.IN.CPI,CPI,8329,17.89,3,lost,U,,,,challenger,src-1b7bc1c9d39a
IN-AC-1967-uttar-pradesh-20,uttar-pradesh,1969,20,AFZALGARH,BALWANT,parties.IN.IND,IND,5419,11.64,4,forfeit,U,,,,challenger,src-1b7bc1c9d39a
IN-AC-1967-uttar-pradesh-21,uttar-pradesh,1969,21,NAGINA,ATIQUR REHMAN,parties.IN.INC,INC,28242,45.41,1,won,U,,,,challenger,src-1b7bc1c9d39a
IN-AC-1967-uttar-pradesh-21,uttar-pradesh,1969,21,NAGINA,ABDUL MAJEED,parties.IN.BKD,BKD,24541,39.46,2,lost,U,,,,challenger,src-1b7bc1c9d39a
IN-AC-1967-uttar-pradesh-21,uttar-pradesh,1969,21,NAGINA,SHRI RAM,parties.IN.BJS,BJS,3514,5.65,3,forfeit,U,,,,challenger,src-1b7bc1c9d39a
IN-AC-1967-uttar-pradesh-21,uttar-pradesh,1969,21,NAGINA,KIRPO DEVI,parties.IN.IND,IND,2438,3.92,4,forfeit,U,,,,challenger,src-1b7bc1c9d39a
IN-AC-1967-uttar-pradesh-21,uttar-pradesh,1969,21,NAGINA,SHER SINGH,parties.IN.CPI,CPI,2252,3.62,5,forfeit,U,,,,challenger,src-1b7bc1c9d39a
IN-AC-1967-uttar-pradesh-21,uttar-pradesh,1969,21,NAGINA,NAIPAL SINGH ARYA,parties.IN.SWA,SWA,825,1.33,6,forfeit,U,,,,challenger,src-1b7bc1c9d39a
IN-AC-1967-uttar-pradesh-21,uttar-pradesh,1969,21,NAGINA,RAM CHANDRA,parties.IN.IND,IND,384,0.62,7,forfeit,U,,,,challenger,src-1b7bc1c9d39a
IN-AC-1967-uttar-pradesh-22,uttar-pradesh,1969,22,NAJIBABAD,DEVENDER SINGH,parties.IN.BKD,BKD,28138,42.74,1,won,U,,,,challenger,src-1b7bc1c9d39a
IN-AC-1967-uttar-pradesh-22,uttar-pradesh,1969,22,NAJIBABAD,SHAFIQ AHMAD,parties.IN.INC,INC,27965,42.48,2,lost,U,,,,challenger,src-1b7bc1c9d39a
IN-AC-1967-uttar-pradesh-22,uttar-pradesh,1969,22,NAJIBABAD,BANWARI LAL,parties.IN.IND,IND,6113,9.28,3,forfeit,U,,,,challenger,src-1b7bc1c9d39a
IN-AC-1967-uttar-pradesh-22,uttar-pradesh,1969,22,NAJIBABAD,RAGHUNATH SINGH,parties.IN.BJS,BJS,3622,5.5,4,forfeit,U,,,,challenger,src-1b7bc1c9d39a
IN-AC-1967-uttar-pradesh-23,uttar-pradesh,1969,23,BIJNOR,RAM PAL SINGH,parties.IN.BKD,BKD,28759,41.47,1,won,U,,,,challenger,src-1b7bc1c9d39a
IN-AC-1967-uttar-pradesh-23,uttar-pradesh,1969,23,BIJNOR,KUNWAR SATYA VIRA,parties.IN.INC,INC,20346,29.34,2,lost,U,,,,challenger,src-1b7bc1c9d39a
IN-AC-1967-uttar-pradesh-23,uttar-pradesh,1969,23,BIJNOR,GHAZANFAR ALI,parties.IN.IND,IND,16227,23.4,3,lost,U,,,,challenger,src-1b7bc1c9d39a
IN-AC-1967-uttar-pradesh-23,uttar-pradesh,1969,23,BIJNOR,TARUWA,parties.IN.IND,IND,1333,1.92,4,forfeit,U,,,,challenger,src-1b7bc1c9d39a
IN-AC-1967-uttar-pradesh-23,uttar-pradesh,1969,23,BIJNOR,MUNNA SINGH,parties.IN.IND,IND,1147,1.65,5,forfeit,U,,,,challenger,src-1b7bc1c9d39a
IN-AC-1967-uttar-pradesh-23,uttar-pradesh,1969,23,BIJNOR,CHHATAR SINGH,parties.IN.BJS,BJS,670,0.97,6,forfeit,U,,,,challenger,src-1b7bc1c9d39a
IN-AC-1967-uttar-pradesh-23,uttar-pradesh,1969,23,BIJNOR,MANGU SINGH,parties.IN.IND,IND,543,0.78,7,forfeit,U,,,,challenger,src-1b7bc1c9d39a
IN-AC-1967-uttar-pradesh-23,uttar-pradesh,1969,23,BIJNOR,RISHI KUMAR,parties.IN.MAP,MAP,323,0.47,8,forfeit,U,,,,challenger,src-1b7bc1c9d39a
IN-AC-1967-uttar-pradesh-24,uttar-pradesh,1969,24,CHANDPUR,SHIV MAHENDAR SINGH,parties.IN.BKD,BKD,38721,54.16,1,won,U,,,,challenger,src-1b7bc1c9d39a
IN-AC-1967-uttar-pradesh-24,uttar-pradesh,1969,24,CHANDPUR,NARDEO SINGH,parties.IN.INC,INC,27321,38.22,2,lost,U,,,,challenger,src-1b7bc1c9d39a
IN-AC-1967-uttar-pradesh-24,uttar-pradesh,1969,24,CHANDPUR,ZAFAR ALI,parties.IN.CPIM,CPM,2381,3.33,3,forfeit,U,,,,challenger,src-1b7bc1c9d39a
IN-AC-1967-uttar-pradesh-24,uttar-pradesh,1969,24,CHANDPUR,DURGA SINGH,parties.IN.IND,IND,1250,1.75,4,forfeit,U,,,,challenger,src-1b7bc1c9d39a
IN-AC-1967-uttar-pradesh-24,uttar-pradesh,1969,24,CHANDPUR,CHANDER PAL SINGH,parties.IN.IND,IND,948,1.33,5,forfeit,U,,,,challenger,src-1b7bc1c9d39a
IN-AC-1967-uttar-pradesh-24,uttar-pradesh,1969,24,CHANDPUR,NAND KISHORE SINGH,parties.IN.BJS,BJS,868,1.21,6,forfeit,U,,,,challenger,src-1b7bc1c9d39a
IN-AC-1967-uttar-pradesh-25,uttar-pradesh,1969,25,KANTH,NAU NIHAL SINGH,parties.IN.BKD,BKD,21550,36.46,1,won,U,,,,challenger,src-1b7bc1c9d39a
IN-AC-1967-uttar-pradesh-25,uttar-pradesh,1969,25,KANTH,CHANDRA PAL SINGH,parties.IN.INC,INC,12551,21.23,2,lost,U,,,,challenger,src-1b7bc1c9d39a
IN-AC-1967-uttar-pradesh-25,uttar-pradesh,1969,25,KANTH,ANWAR ALI,parties.IN.CPI,CPI,7467,12.63,3,forfeit,U,,,,challenger,src-1b7bc1c9d39a
IN-AC-1967-uttar-pradesh-25,uttar-pradesh,1969,25,KANTH,RIAZ UDDIN,parties.IN.IND,IND,6952,11.76,4,forfeit,U,,,,challenger,src-1b7bc1c9d39a
IN-AC-1967-uttar-pradesh-25,uttar-pradesh,1969,25,KANTH,RATAN LAL SENI,parties.IN.BJS,BJS,4770,8.07,5,forfeit,U,,,,challenger,src-1b7bc1c9d39a
IN-AC-1967-uttar-pradesh-25,uttar-pradesh,1969,25,KANTH,RAM SINGH,parties.IN.IND,IND,4228,7.15,6,forfeit,U,,,,challenger,src-1b7bc1c9d39a
IN-AC-1967-uttar-pradesh-25,uttar-pradesh,1969,25,KANTH,BAL KRISHNA,parties.IN.IND,IND,1150,1.95,7,forfeit,U,,,,challenger,src-1b7bc1c9d39a
IN-AC-1967-uttar-pradesh-25,uttar-pradesh,1969,25,KANTH,GHALIB KAMAL NAWABZADA,parties.IN.SWA,SWA,438,0.74,8,forfeit,U,,,,challenger,src-1b7bc1c9d39a
IN-AC-1967-uttar-pradesh-26,uttar-pradesh,1969,26,AMROHA,SAUBHAGYAWATI,parties.IN.BKD,BKD,35339,48.4,1,won,U,,,,crossover,src-1b7bc1c9d39a
IN-AC-1967-uttar-pradesh-26,uttar-pradesh,1969,26,AMROHA,MOHAMMAD YASIN HAJI,parties.IN.INC,INC,20241,27.72,2,lost,U,,,,challenger,src-1b7bc1c9d39a
IN-AC-1967-uttar-pradesh-26,uttar-pradesh,1969,26,AMROHA,SHARAFAT HUSAIN,parties.IN.CPIM,CPM,13127,17.98,3,lost,U,,,,challenger,src-1b7bc1c9d39a
IN-AC-1967-uttar-pradesh-26,uttar-pradesh,1969,26,AMROHA,PREM NARAIN,parties.IN.IND,IND,2390,3.27,4,forfeit,U,,,,challenger,src-1b7bc1c9d39a
IN-AC-1967-uttar-pradesh-26,uttar-pradesh,1969,26,AMROHA,DAL CHAND,parties.IN.PSP,PSP,890,1.22,5,forfeit,U,,,,challenger,src-1b7bc1c9d39a
IN-AC-1967-uttar-pradesh-26,uttar-pradesh,1969,26,AMROHA,LAKH RAJ,parties.IN.IND,IND,776,1.06,6,forfeit,U,,,,challenger,src-1b7bc1c9d39a
IN-AC-1967-uttar-pradesh-26,uttar-pradesh,1969,26,AMROHA,AHMAD HUSAIN,parties.IN.IND,IND,252,0.35,7,forfeit,U,,,,challenger,src-1b7bc1c9d39a
IN-AC-1967-uttar-pradesh-27,uttar-pradesh,1969,27,HASANPUR,MAHENDRA SINGH,parties.IN.BKD,BKD,19467,27.12,1,won,U,,,,challenger,src-1b7bc1c9d39a
IN-AC-1967-uttar-pradesh-27,uttar-pradesh,1969,27,HASANPUR,RAMA SHANKER KAUSHIK,parties.IN.SSP,SSP,16959,23.63,2,lost,U,,,,challenger,src-1b7bc1c9d39a
IN-AC-1967-uttar-pradesh-27,uttar-pradesh,1969,27,HASANPUR,RAISUDDIN,parties.IN.INC,INC,16642,23.19,3,lost,U,,,,challenger,src-1b7bc1c9d39a
IN-AC-1967-uttar-pradesh-27,uttar-pradesh,1969,27,HASANPUR,CHUTTAN SINGH MANU,parties.IN.BJS,BJS,8533,11.89,4,forfeit,U,,,,challenger,src-1b7bc1c9d39a
IN-AC-1967-uttar-pradesh-27,uttar-pradesh,1969,27,HASANPUR,MAUZZAM ALI,parties.IN.CPI,CPI,7655,10.67,5,forfeit,U,,,,challenger,src-1b7bc1c9d39a
IN-AC-1967-uttar-pradesh-27,uttar-pradesh,1969,27,HASANPUR,SUKKHI RAM,parties.IN.RPI,RPI,1579,2.2,6,forfeit,U,,,,challenger,src-1b7bc1c9d39a
IN-AC-1967-uttar-pradesh-27,uttar-pradesh,1969,27,HASANPUR,ROOP SINGH,parties.IN.IND,IND,937,1.31,7,forfeit,U,,,,challenger,src-1b7bc1c9d39a
IN-AC-1967-uttar-pradesh-28,uttar-pradesh,1969,28,GANESHWARI,JITENDRA PAL SINGH,parties.IN.BKD,BKD,31442,63.87,1,won,U,,,,challenger,src-1b7bc1c9d39a
IN-AC-1967-uttar-pradesh-28,uttar-pradesh,1969,28,GANESHWARI,SUKKHAN LAL,parties.IN.INC,INC,12380,25.15,2,lost,U,,,,challenger,src-1b7bc1c9d39a
IN-AC-1967-uttar-pradesh-28,uttar-pradesh,1969,28,GANESHWARI,RAM CHARAN LAL,parties.IN.BJS,BJS,5409,10.99,3,forfeit,U,,,,challenger,src-1b7bc1c9d39a
IN-AC-1967-uttar-pradesh-29,uttar-pradesh,1969,29,SAMBHAL,MAHMOOD HASAN KHAN,parties.IN.BKD,BKD,21075,32.21,1,won,U,,,,challenger,src-1b7bc1c9d39a
IN-AC-1967-uttar-pradesh-29,uttar-pradesh,1969,29,SAMBHAL,AZHAR HUSSAIN,parties.IN.INC,INC,12812,19.58,2,lost,U,,,,challenger,src-1b7bc1c9d39a
IN-AC-1967-uttar-pradesh-29,uttar-pradesh,1969,29,SAMBHAL,SHAFIQUL REHMAN BARQ,parties.IN.SWA,SWA,11528,17.62,3,lost,U,,,,challenger,src-1b7bc1c9d39a
IN-AC-1967-uttar-pradesh-29,uttar-pradesh,1969,29,SAMBHAL,KUNJ BEHARI LAL,parties.IN.BJS,BJS,10272,15.7,4,forfeit,U,,,,challenger,src-1b7bc1c9d39a
IN-AC-1967-uttar-pradesh-29,uttar-pradesh,1969,29,SAMBHAL,BHONDA,parties.IN.IND,IND,5849,8.94,5,forfeit,U,,,,challenger,src-1b7bc1c9d39a
IN-AC-1967-uttar-pradesh-29,uttar-pradesh,1969,29,SAMBHAL,SADHU SINGH,parties.IN.IND,IND,2492,3.81,6,forfeit,U,,,,challenger,src-1b7bc1c9d39a
IN-AC-1967-uttar-pradesh-29,uttar-pradesh,1969,29,SAMBHAL,GOPESHWAR PRASAD,parties.IN.IND,IND,638,0.98,7,forfeit,U,,,,challenger,src-1b7bc1c9d39a
IN-AC-1967-uttar-pradesh-29,uttar-pradesh,1969,29,SAMBHAL,OM PRAKASH,parties.IN.PSP,PSP,543,0.83,8,forfeit,U,,,,challenger,src-1b7bc1c9d39a
IN-AC-1967-uttar-pradesh-29,uttar-pradesh,1969,29,SAMBHAL,MARISH CHAND SOTI,parties.IN.IND,IND,213,0.33,9,forfeit,U,,,,challenger,src-1b7bc1c9d39a
IN-AC-1967-uttar-pradesh-30,uttar-pradesh,1969,30,BAHJOI,BISHAN LAL,parties.IN.BKD,BKD,18874,37.96,1,won,U,,,,crossover,src-1b7bc1c9d39a
IN-AC-1967-uttar-pradesh-30,uttar-pradesh,1969,30,BAHJOI,SULTAN SINGH,parties.IN.INC,INC,15774,31.72,2,lost,U,,,,challenger,src-1b7bc1c9d39a
IN-AC-1967-uttar-pradesh-30,uttar-pradesh,1969,30,BAHJOI,JODHA SINGH,parties.IN.SSP,SSP,5928,11.92,3,forfeit,U,,,,challenger,src-1b7bc1c9d39a
IN-AC-1967-uttar-pradesh-30,uttar-pradesh,1969,30,BAHJOI,MUKHTAR AHMAD,parties.IN.IND,IND,4233,8.51,4,forfeit,U,,,,challenger,src-1b7bc1c9d39a
IN-AC-1967-uttar-pradesh-30,uttar-pradesh,1969,30,BAHJOI,BALWANT SINGH,parties.IN.PSP,PSP,1487,2.99,5,forfeit,U,,,,challenger,src-1b7bc1c9d39a
IN-AC-1967-uttar-pradesh-30,uttar-pradesh,1969,30,BAHJOI,MUNSHI SINGH,parties.IN.IND,IND,1318,2.65,6,forfeit,U,,,,challenger,src-1b7bc1c9d39a
IN-AC-1967-uttar-pradesh-30,uttar-pradesh,1969,30,BAHJOI,BABU RAM SHUKLA,parties.IN.IND,IND,940,1.89,7,forfeit,U,,,,challenger,src-1b7bc1c9d39a
IN-AC-1967-uttar-pradesh-30,uttar-pradesh,1969,30,BAHJOI,KRISHNA AVTAR,parties.IN.BJS,BJS,800,1.61,8,forfeit,U,,,,challenger,src-1b7bc1c9d39a
IN-AC-1967-uttar-pradesh-30,uttar-pradesh,1969,30,BAHJOI,CHIRANJIV LAL SHASTRI,parties.IN.SWA,SWA,371,0.75,9,forfeit,U,,,,challenger,src-1b7bc1c9d39a
IN-AC-1967-uttar-pradesh-31,uttar-pradesh,1969,31,CHANDAUSI,INDRA MOHINI,parties.IN.INC,INC,22426,34.95,1,won,U,,,,challenger,src-1b7bc1c9d39a
IN-AC-1967-uttar-pradesh-31,uttar-pradesh,1969,31,CHANDAUSI,DHIRENDRA SINGH,parties.IN.BJS,BJS,14751,22.99,2,lost,U,,,,challenger,src-1b7bc1c9d39a
IN-AC-1967-uttar-pradesh-31,uttar-pradesh,1969,31,CHANDAUSI,NARENDRA SINGH,parties.IN.BKD,BKD,14313,22.31,3,lost,U,,,,challenger,src-1b7bc1c9d39a
IN-AC-1967-uttar-pradesh-31,uttar-pradesh,1969,31,CHANDAUSI,DEVENDRA,parties.IN.SSP,SSP,10005,15.59,4,forfeit,U,,,,challenger,src-1b7bc1c9d39a
IN-AC-1967-uttar-pradesh-31,uttar-pradesh,1969,31,CHANDAUSI,BHOOPAL,parties.IN.SWA,SWA,2670,4.16,5,forfeit,U,,,,challenger,src-1b7bc1c9d39a
IN-AC-1967-uttar-pradesh-32,uttar-pradesh,1969,32,KUNDARKI,MAHI LAL,parties.IN.BKD,BKD,23398,48.01,1,won,U,,,,crossover,src-1b7bc1c9d39a
IN-AC-1967-uttar-pradesh-32,uttar-pradesh,1969,32,KUNDARKI,DEBI SINGH,parties.IN.INC,INC,20685,42.45,2,lost,U,,,,challenger,src-1b7bc1c9d39a
IN-AC-1967-uttar-pradesh-32,uttar-pradesh,1969,32,KUNDARKI,KHARAK SINGH,parties.IN.IND,IND,1342,2.75,3,forfeit,U,,,,challenger,src-1b7bc1c9d39a
IN-AC-1967-uttar-pradesh-32,uttar-pradesh,1969,32,KUNDARKI,RAM DHUN,parties.IN.BJS,BJS,1174,2.41,4,forfeit,U,,,,challenger,src-1b7bc1c9d39a
IN-AC-1967-uttar-pradesh-32,uttar-pradesh,1969,32,KUNDARKI,BEHARI LAL,parties.IN.SWA,SWA,1096,2.25,5,forfeit,U,,,,challenger,src-1b7bc1c9d39a
IN-AC-1967-uttar-pradesh-32,uttar-pradesh,1969,32,KUNDARKI,RAM PRASHAD,parties.IN.IND,IND,1037,2.13,6,forfeit,U,,,,challenger,src-1b7bc1c9d39a
IN-AC-1967-uttar-pradesh-33,uttar-pradesh,1969,33,MORADABAD CITY,HALIMUDDIN RAHAT MAULAEY,parties.IN.IND,IND,21602,29.71,1,won,U,,,,challenger,src-1b7bc1c9d39a
IN-AC-1967-uttar-pradesh-33,uttar-pradesh,1969,33,MORADABAD CITY,ONKAR SARAN,parties.IN.INC,INC,19486,26.8,2,lost,U,,,,challenger,src-1b7bc1c9d39a
IN-AC-1967-uttar-pradesh-33,uttar-pradesh,1969,33,MORADABAD CITY,SAHU RAMESH KUMAR,parties.IN.BJS,BJS,18136,24.94,3,lost,U,,,,challenger,src-1b7bc1c9d39a
IN-AC-1967-uttar-pradesh-33,uttar-pradesh,1969,33,MORADABAD CITY,MOHAMMAD AYUB,parties.IN.BKD,BKD,11844,16.29,4,forfeit,U,,,,challenger,src-1b7bc1c9d39a
IN-AC-1967-uttar-pradesh-33,uttar-pradesh,1969,33,MORADABAD CITY,MOHABBE HASAN,parties.IN.IND,IND,900,1.24,5,forfeit,U,,,,challenger,src-1b7bc1c9d39a
IN-AC-1967-uttar-pradesh-33,uttar-pradesh,1969,33,MORADABAD CITY,AMOD KUMAR AGARWAL,parties.IN.SSP,SSP,483,0.66,6,forfeit,U,,,,challenger,src-1b7bc1c9d39a
IN-AC-1967-uttar-pradesh-33,uttar-pradesh,1969,33,MORADABAD CITY,ZAHID BEG,parties.IN.IND,IND,263,0.36,7,forfeit,U,,,,challenger,src-1b7bc1c9d39a
IN-AC-1967-uttar-pradesh-34,uttar-pradesh,1969,34,MORADABAD RURAL,RIASAT HUSAIN,parties.IN.PSP,PSP,20972,38.08,1,won,U,,,,challenger,src-1b7bc1c9d39a
IN-AC-1967-uttar-pradesh-34,uttar-pradesh,1969,34,MORADABAD RURAL,KRISHNA SEN,parties.IN.BKD,BKD,12475,22.65,2,lost,U,,,,challenger,src-1b7bc1c9d39a
IN-AC-1967-uttar-pradesh-34,uttar-pradesh,1969,34,MORADABAD RURAL,MAHENDRA PAL SINGH,parties.IN.BJS,BJS,11132,20.21,3,lost,U,,,,challenger,src-1b7bc1c9d39a
IN-AC-1967-uttar-pradesh-34,uttar-pradesh,1969,34,MORADABAD RURAL,MOHAN SINGH,parties.IN.INC,INC,8704,15.8,4,forfeit,U,,,,challenger,src-1b7bc1c9d39a
IN-AC-1967-uttar-pradesh-34,uttar-pradesh,1969,34,MORADABAD RURAL,MAHBOOB HUSAIN,parties.IN.SWA,SWA,1235,2.24,5,forfeit,U,,,,challenger,src-1b7bc1c9d39a
IN-AC-1967-uttar-pradesh-34,uttar-pradesh,1969,34,MORADABAD RURAL,HASHMAT ALI KHAN,parties.IN.IND,IND,560,1.02,6,forfeit,U,,,,challenger,src-1b7bc1c9d39a
IN-AC-1967-uttar-pradesh-35,uttar-pradesh,1969,35,THAKURDWARA,AHMAD ULLAM KHAN,parties.IN.SWA,SWA,26594,35.8,1,won,U,,,,challenger,src-1b7bc1c9d39a
IN-AC-1967-uttar-pradesh-35,uttar-pradesh,1969,35,THAKURDWARA,SHIV SAROOP SINGH,parties.IN.BKD,BKD,24508,32.99,2,lost,U,,,,challenger,src-1b7bc1c9d39a
IN-AC-1967-uttar-pradesh-35,uttar-pradesh,1969,35,THAKURDWARA,RAM PAL SINGH,parties.IN.INC,INC,18539,24.96,3,lost,U,,,,challenger,src-1b7bc1c9d39a
IN-AC-1967-uttar-pradesh-35,uttar-pradesh,1969,35,THAKURDWARA,RAM SINGH,parties.IN.BJS,BJS,1903,2.56,4,forfeit,U,,,,challenger,src-1b7bc1c9d39a
IN-AC-1967-uttar-pradesh-35,uttar-pradesh,1969,35,THAKURDWARA,MOHAN,parties.IN.IND,IND,1196,1.61,5,forfeit,U,,,,challenger,src-1b7bc1c9d39a
IN-AC-1967-uttar-pradesh-35,uttar-pradesh,1969,35,THAKURDWARA,ABDUL AZIZ ANSARI,parties.IN.IND,IND,1064,1.43,6,forfeit,U,,,,challenger,src-1b7bc1c9d39a
IN-AC-1967-uttar-pradesh-35,uttar-pradesh,1969,35,THAKURDWARA,MUKHTAR AHMAD,parties.IN.IND,IND,485,0.65,7,forfeit,U,,,,challenger,src-1b7bc1c9d39a
IN-AC-1967-uttar-pradesh-36,uttar-pradesh,1969,36,SUAR TANDA,RAJENDRA KUMAR SHARMA,parties.IN.BJS,BJS,21239,32.6,1,won,U,,,,challenger,src-1b7bc1c9d39a
IN-AC-1967-uttar-pradesh-36,uttar-pradesh,1969,36,SUAR TANDA,SUBHAN HAJI,parties.IN.INC,INC,18939,29.07,2,lost,U,,,,challenger,src-1b7bc1c9d39a
IN-AC-1967-uttar-pradesh-36,uttar-pradesh,1969,36,SUAR TANDA,AKHTAR ALI KHAN,parties.IN.BKD,BKD,17751,27.24,3,lost,U,,,,challenger,src-1b7bc1c9d39a
IN-AC-1967-uttar-pradesh-36,uttar-pradesh,1969,36,SUAR TANDA,ZAHID HUSAIN,parties.IN.IND,IND,3081,4.73,4,forfeit,U,,,,challenger,src-1b7bc1c9d39a
IN-AC-1967-uttar-pradesh-36,uttar-pradesh,1969,36,SUAR TANDA,PRITAM KUMAR SUJI,parties.IN.IND,IND,1614,2.48,5,forfeit,U,,,,challenger,src-1b7bc1c9d39a
IN-AC-1967-uttar-pradesh-36,uttar-pradesh,1969,36,SUAR TANDA,PEARAY KHAN,parties.IN.IND,IND,1356,2.08,6,forfeit,U,,,,challenger,src-1b7bc1c9d39a
IN-AC-1967-uttar-pradesh-36,uttar-pradesh,1969,36,SUAR TANDA,MUJTABA ABEDI,parties.IN.IND,IND,1178,1.81,7,forfeit,U,,,,challenger,src-1b7bc1c9d39a
IN-AC-1967-uttar-pradesh-37,uttar-pradesh,1969,37,RAMPUR,SYED MURTAZA ALI KHAN,parties.IN.INC,INC,29947,45.04,1,won,U,,,,challenger,src-1b7bc1c9d39a
IN-AC-1967-uttar-pradesh-37,uttar-pradesh,1969,37,RAMPUR,RAFAT ZAMANI BEGUM,parties.IN.IND,IND,28131,42.31,2,lost,U,,,,challenger,src-1b7bc1c9d39a
IN-AC-1967-uttar-pradesh-37,uttar-pradesh,1969,37,RAMPUR,RAMESH NARAIN GUPTA,parties.IN.BJS,BJS,4917,7.4,3,forfeit,U,,,,challenger,src-1b7bc1c9d39a
IN-AC-1967-uttar-pradesh-37,uttar-pradesh,1969,37,RAMPUR,FAZAL HAQUE KHAN,parties.IN.IND,IND,3488,5.25,4,forfeit,U,,,,challenger,src-1b7bc1c9d39a
IN-AC-1967-uttar-pradesh-38,uttar-pradesh,1969,38,BILASPUR,CHANCHAL SINGH,parties.IN.INC,INC,22347,31.58,1,won,U,,,,challenger,src-1b7bc1c9d39a
IN-AC-1967-uttar-pradesh-38,uttar-pradesh,1969,38,BILASPUR,SOHAN LAL,parties.IN.PSP,PSP,21231,30.01,2,lost,U,,,,challenger,src-1b7bc1c9d39a
IN-AC-1967-uttar-pradesh-38,uttar-pradesh,1969,38,BILASPUR,RAJENDRA SINGH,parties.IN.BJS,BJS,12398,17.52,3,lost,U,,,,challenger,src-1b7bc1c9d39a
IN-AC-1967-uttar-pradesh-38,uttar-pradesh,1969,38,BILASPUR,TAYYAB MIYAN,parties.IN.IND,IND,7509,10.61,4,forfeit,U,,,,challenger,src-1b7bc1c9d39a
IN-AC-1967-uttar-pradesh-38,uttar-pradesh,1969,38,BILASPUR,HAR PRASAD,parties.IN.BKD,BKD,5676,8.02,5,forfeit,U,,,,challenger,src-1b7bc1c9d39a
IN-AC-1967-uttar-pradesh-38,uttar-pradesh,1969,38,BILASPUR,SIR JEET SINGH,parties.IN.CPI,CPI,1252,1.77,6,forfeit,U,,,,challenger,src-1b7bc1c9d39a
IN-AC-1967-uttar-pradesh-38,uttar-pradesh,1969,38,BILASPUR,HASIB RAZA HYDRI,parties.IN.RPA,RPA,341,0.48,7,forfeit,U,,,,challenger,src-1b7bc1c9d39a
IN-AC-1967-uttar-pradesh-39,uttar-pradesh,1969,39,SHAHABAD,BANSHI DHAR,parties.IN.BKD,BKD,22430,50.7,1,won,U,,,,challenger,src-1b7bc1c9d39a
IN-AC-1967-uttar-pradesh-39,uttar-pradesh,1969,39,SHAHABAD,JAGAN SINGH,parties.IN.INC,INC,15810,35.73,2,lost,U,,,,challenger,src-1b7bc1c9d39a
IN-AC-1967-uttar-pradesh-39,uttar-pradesh,1969,39,SHAHABAD,KHOB CHAND,parties.IN.BJS,BJS,3486,7.88,3,forfeit,U,,,,challenger,src-1b7bc1c9d39a
IN-AC-1967-uttar-pradesh-39,uttar-pradesh,1969,39,SHAHABAD,BANSHI RAM,parties.IN.IND,IND,2517,5.69,4,forfeit,U,,,,challenger,src-1b7bc1c9d39a
IN-AC-1967-uttar-pradesh-40,uttar-pradesh,1969,40,BISAULI,SHIV RAJ SINGH,parties.IN.BKD,BKD,24658,35.96,1,won,U,,,,challenger,src-1b7bc1c9d39a
IN-AC-1967-uttar-pradesh-40,uttar-pradesh,1969,40,BISAULI,BRIJ BALLABH,parties.IN.INC,INC,22227,32.42,2,lost,U,,,,challenger,src-1b7bc1c9d39a
IN-AC-1967-uttar-pradesh-40,uttar-pradesh,1969,40,BISAULI,SHIAM SINGH,parties.IN.BJS,BJS,11463,16.72,3,lost,U,,,,crossover,src-1b7bc1c9d39a
IN-AC-1967-uttar-pradesh-40,uttar-pradesh,1969,40,BISAULI,MOHAN LAL SHARMA,parties.IN.IND,IND,5581,8.14,4,forfeit,U,,,,challenger,src-1b7bc1c9d39a
IN-AC-1967-uttar-pradesh-40,uttar-pradesh,1969,40,BISAULI,MATHURA PRASAD,parties.IN.MAP,MAP,2387,3.48,5,forfeit,U,,,,challenger,src-1b7bc1c9d39a
IN-AC-1967-uttar-pradesh-40,uttar-pradesh,1969,40,BISAULI,BADRI PRASAD,parties.IN.IND,IND,1597,2.33,6,forfeit,U,,,,challenger,src-1b7bc1c9d39a
IN-AC-1967-uttar-pradesh-40,uttar-pradesh,1969,40,BISAULI,NATHU RAM,parties.IN.IND,IND,652,0.95,7,forfeit,U,,,,challenger,src-1b7bc1c9d39a
IN-AC-1967-uttar-pradesh-41,uttar-pradesh,1969,41,GUNNAUR,RISHI PAL SINGH,parties.IN.BJS,BJS,21589,34.08,1,won,U,,,,challenger,src-1b7bc1c9d39a
IN-AC-1967-uttar-pradesh-41,uttar-pradesh,1969,41,GUNNAUR,JUGAL KISHORE,parties.IN.BKD,BKD,21261,33.56,2,lost,U,,,,crossover,src-1b7bc1c9d39a
IN-AC-1967-uttar-pradesh-41,uttar-pradesh,1969,41,GUNNAUR,SRI DUTTA GAUR,parties.IN.IND,IND,14462,22.83,3,lost,U,,,,challenger,src-1b7bc1c9d39a
IN-AC-1967-uttar-pradesh-41,uttar-pradesh,1969,41,GUNNAUR,SURAJPAL SINGH,parties.IN.INC,INC,6035,9.53,4,forfeit,U,,,,challenger,src-1b7bc1c9d39a
IN-AC-1967-uttar-pradesh-42,uttar-pradesh,1969,42,SAHASWAN,SHANTI DEVI,parties.IN.BKD,BKD,18260,31.01,1,won,U,,,,challenger,src-1b7bc1c9d39a
IN-AC-1967-uttar-pradesh-42,uttar-pradesh,1969,42,SAHASWAN,MAHESH CHAND,parties.IN.INC,INC,13667,23.21,2,lost,U,,,,challenger,src-1b7bc1c9d39a
IN-AC-1967-uttar-pradesh-42,uttar-pradesh,1969,42,SAHASWAN,ASHARFI LAL,parties.IN.BJS,BJS,12657,21.5,3,lost,U,,,,challenger,src-1b7bc1c9d39a
IN-AC-1967-uttar-pradesh-42,uttar-pradesh,1969,42,SAHASWAN,MUZAMMIL HUSAIN,parties.IN.IND,IND,8937,15.18,4,forfeit,U,,,,challenger,src-1b7bc1c9d39a
IN-AC-1967-uttar-pradesh-42,uttar-pradesh,1969,42,SAHASWAN,RAM SAWRUP,parties.IN.IND,IND,1874,3.18,5,forfeit,U,,,,challenger,src-1b7bc1c9d39a
IN-AC-1967-uttar-pradesh-42,uttar-pradesh,1969,42,SAHASWAN,RAM CHARAN SINGH,parties.IN.SSP,SSP,1251,2.12,6,forfeit,U,,,,challenger,src-1b7bc1c9d39a
IN-AC-1967-uttar-pradesh-42,uttar-pradesh,1969,42,SAHASWAN,THAN SINGH,parties.IN.IND,IND,970,1.65,7,forfeit,U,,,,challenger,src-1b7bc1c9d39a
IN-AC-1967-uttar-pradesh-42,uttar-pradesh,1969,42,SAHASWAN,DARYAO SINGH,parties.IN.IND,IND,870,1.48,8,forfeit,U,,,,challenger,src-1b7bc1c9d39a
IN-AC-1967-uttar-pradesh-42,uttar-pradesh,1969,42,SAHASWAN,MAHMOOD HASAN,parties.IN.IND,IND,396,0.67,9,forfeit,U,,,,challenger,src-1b7bc1c9d39a
IN-AC-1967-uttar-pradesh-43,uttar-pradesh,1969,43,AMBIAPUR,KESHO RAM,parties.IN.INC,INC,32136,50.11,1,won,U,,,,challenger,src-1b7bc1c9d39a
IN-AC-1967-uttar-pradesh-43,uttar-pradesh,1969,43,AMBIAPUR,SOHAN LAL,parties.IN.BJS,BJS,24323,37.93,2,lost,U,,,,challenger,src-1b7bc1c9d39a
IN-AC-1967-uttar-pradesh-43,uttar-pradesh,1969,43,AMBIAPUR,ISHWARI PRASAD,parties.IN.BKD,BKD,3740,5.83,3,forfeit,U,,,,challenger,src-1b7bc1c9d39a
IN-AC-1967-uttar-pradesh-43,uttar-pradesh,1969,43,AMBIAPUR,GHASI RAM,parties.IN.IND,IND,2412,3.76,4,forfeit,U,,,,challenger,src-1b7bc1c9d39a
IN-AC-1967-uttar-pradesh-43,uttar-pradesh,1969,43,AMBIAPUR,DUNNOO LAL,parties.IN.SSP,SSP,1518,2.37,5,forfeit,U,,,,challenger,src-1b7bc1c9d39a
IN-AC-1967-uttar-pradesh-44,uttar-pradesh,1969,44,BUDAUN,KRISHAN SWAROOP,parties.IN.BJS,BJS,34730,56.47,1,won,U,,,,challenger,src-1b7bc1c9d39a
IN-AC-1967-uttar-pradesh-44,uttar-pradesh,1969,44,BUDAUN,FAKHRE ALAM,parties.IN.INC,INC,24361,39.61,2,lost,U,,,,challenger,src-1b7bc1c9d39a
IN-AC-1967-uttar-pradesh-44,uttar-pradesh,1969,44,BUDAUN,LOK PAL SINGH,parties.IN.CPI,CPI,2415,3.93,3,forfeit,U,,,,challenger,src-1b7bc1c9d39a
IN-AC-1967-uttar-pradesh-45,uttar-pradesh,1969,45,USEHAT,NAROTTAM SINGH,parties.IN.INC,INC,27777,37.51,1,won,U,,,,challenger,src-1b7bc1c9d39a
IN-AC-1967-uttar-pradesh-45,uttar-pradesh,1969,45,USEHAT,BRIJ PAL SINGH,parties.IN.BJS,BJS,25877,34.95,2,lost,U,,,,challenger,src-1b7bc1c9d39a
IN-AC-1967-uttar-pradesh-45,uttar-pradesh,1969,45,USEHAT,MOHD. QASIM HUSAIN,parties.IN.BKD,BKD,16120,21.77,3,lost,U,,,,challenger,src-1b7bc1c9d39a
IN-AC-1967-uttar-pradesh-45,uttar-pradesh,1969,45,USEHAT,HAMID ALI KHAN,parties.IN.IND,IND,2344,3.17,4,forfeit,U,,,,challenger,src-1b7bc1c9d39a
IN-AC-1967-uttar-pradesh-45,uttar-pradesh,1969,45,USEHAT,JAMADAR,parties.IN.IND,IND,1130,1.53,5,forfeit,U,,,,challenger,src-1b7bc1c9d39a
IN-AC-1967-uttar-pradesh-45,uttar-pradesh,1969,45,USEHAT,HANSI,parties.IN.SSP,SSP,527,0.71,6,forfeit,U,,,,challenger,src-1b7bc1c9d39a
IN-AC-1967-uttar-pradesh-45,uttar-pradesh,1969,45,USEHAT,KRISHNA DEV,parties.IN.MAP,MAP,275,0.37,7,forfeit,U,,,,challenger,src-1b7bc1c9d39a
IN-AC-1967-uttar-pradesh-46,uttar-pradesh,1969,46,DATAGANJ,TRIBENI SAHAI,parties.IN.INC,INC,30282,49.76,1,won,U,,,,challenger,src-1b7bc1c9d39a
IN-AC-1967-uttar-pradesh-46,uttar-pradesh,1969,46,DATAGANJ,HARISH CHANDRA SINGH,parties.IN.BKD,BKD,18780,30.86,2,lost,U,,,,crossover,src-1b7bc1c9d39a
IN-AC-1967-uttar-pradesh-46,uttar-pradesh,1969,46,DATAGANJ,RAMESHWAR DAYAL,parties.IN.BJS,BJS,5428,8.92,3,forfeit,U,,,,crossover,src-1b7bc1c9d39a
IN-AC-1967-uttar-pradesh-46,uttar-pradesh,1969,46,DATAGANJ,RAM SAHAI,parties.IN.SSP,SSP,3756,6.17,4,forfeit,U,,,,challenger,src-1b7bc1c9d39a
IN-AC-1967-uttar-pradesh-46,uttar-pradesh,1969,46,DATAGANJ,MABOLA DEVI,parties.IN.IND,IND,2609,4.29,5,forfeit,U,,,,challenger,src-1b7bc1c9d39a
IN-AC-1967-uttar-pradesh-47,uttar-pradesh,1969,47,BINAWAR,MOHD. ASRAR AHMAD,parties.IN.IND,IND,18176,30.31,1,won,U,,,,challenger,src-1b7bc1c9d39a
IN-AC-1967-uttar-pradesh-47,uttar-pradesh,1969,47,BINAWAR,PREM PAL SINGH,parties.IN.BJS,BJS,16649,27.77,2,lost,U,,,,challenger,src-1b7bc1c9d39a
IN-AC-1967-uttar-pradesh-47,uttar-pradesh,1969,47,BINAWAR,GAURI SINGH RATHAUR,parties.IN.INC,INC,15574,25.97,3,lost,U,,,,challenger,src-1b7bc1c9d39a
IN-AC-1967-uttar-pradesh-47,uttar-pradesh,1969,47,BINAWAR,NATHOO SINGH,parties.IN.SSP,SSP,5257,8.77,4,forfeit,U,,,,challenger,src-1b7bc1c9d39a
IN-AC-1967-uttar-pradesh-47,uttar-pradesh,1969,47,BINAWAR,SHER SINGH,parties.IN.IND,IND,1159,1.93,5,forfeit,U,,,,challenger,src-1b7bc1c9d39a
IN-AC-1967-uttar-pradesh-47,uttar-pradesh,1969,47,BINAWAR,AMAN ULLAH KHAN,parties.IN.IND,IND,982,1.64,6,forfeit,U,,,,challenger,src-1b7bc1c9d39a
IN-AC-1967-uttar-pradesh-47,uttar-pradesh,1969,47,BINAWAR,BADAN SINGH,parties.IN.BKD,BKD,881,1.47,7,forfeit,U,,,,challenger,src-1b7bc1c9d39a
IN-AC-1967-uttar-pradesh-47,uttar-pradesh,1969,47,BINAWAR,GANGA RAM,parties.IN.IND,IND,852,1.42,8,forfeit,U,,,,challenger,src-1b7bc1c9d39a
IN-AC-1967-uttar-pradesh-47,uttar-pradesh,1969,47,BINAWAR,HEM RAJ,parties.IN.IND,IND,433,0.72,9,forfeit,U,,,,challenger,src-1b7bc1c9d39a
IN-AC-1967-uttar-pradesh-48,uttar-pradesh,1969,48,AONLA,KESHO RAM,parties.IN.INC,INC,19430,38.97,1,won,U,,,,challenger,src-1b7bc1c9d39a
IN-AC-1967-uttar-pradesh-48,uttar-pradesh,1969,48,AONLA,OM PRAKASH,parties.IN.BJS,BJS,16598,33.29,2,lost,U,,,,challenger,src-1b7bc1c9d39a
IN-AC-1967-uttar-pradesh-48,uttar-pradesh,1969,48,AONLA,ROSHAN LAL,parties.IN.BKD,BKD,10854,21.77,3,lost,U,,,,challenger,src-1b7bc1c9d39a
IN-AC-1967-uttar-pradesh-48,uttar-pradesh,1969,48,AONLA,NATHOO LAL NETA,parties.IN.IND,IND,1913,3.84,4,forfeit,U,,,,challenger,src-1b7bc1c9d39a
IN-AC-1967-uttar-pradesh-48,uttar-pradesh,1969,48,AONLA,SUKH LAL,parties.IN.IND,IND,1060,2.13,5,forfeit,U,,,,challenger,src-1b7bc1c9d39a
IN-AC-1967-uttar-pradesh-49,uttar-pradesh,1969,49,ALAMPUR,OM PRAKASH SINGH,parties.IN.BKD,BKD,30602,51.45,1,won,U,,,,challenger,src-1b7bc1c9d39a
IN-AC-1967-uttar-pradesh-49,uttar-pradesh,1969,49,ALAMPUR,NAWAL KISHORE,parties.IN.INC,INC,21649,36.4,2,lost,U,,,,challenger,src-1b7bc1c9d39a
IN-AC-1967-uttar-pradesh-49,uttar-pradesh,1969,49,ALAMPUR,SHYAM LAL MAURYA,parties.IN.AIFB,FBL,4310,7.25,3,forfeit,U,,,,challenger,src-1b7bc1c9d39a
IN-AC-1967-uttar-pradesh-49,uttar-pradesh,1969,49,ALAMPUR,JADDU SINGH,parties.IN.MAP,MAP,1106,1.86,4,forfeit,U,,,,challenger,src-1b7bc1c9d39a
IN-AC-1967-uttar-pradesh-49,uttar-pradesh,1969,49,ALAMPUR,DAYA RAM,parties.IN.BJS,BJS,1057,1.78,5,forfeit,U,,,,challenger,src-1b7bc1c9d39a
IN-AC-1967-uttar-pradesh-49,uttar-pradesh,1969,49,ALAMPUR,SURJIT SINGH,parties.IN.CPI,CPI,756,1.27,6,forfeit,U,,,,challenger,src-1b7bc1c9d39a
IN-AC-1967-uttar-pradesh-50,uttar-pradesh,1969,50,FARIDPUR,RAJESHWAR SINGH,parties.IN.BKD,BKD,25365,50.28,1,won,U,,,,challenger,src-1b7bc1c9d39a
IN-AC-1967-uttar-pradesh-50,uttar-pradesh,1969,50,FARIDPUR,HEM RAJ,parties.IN.RPI,RPI,12606,24.99,2,lost,U,,,,crossover,src-1b7bc1c9d39a
IN-AC-1967-uttar-pradesh-50,uttar-pradesh,1969,50,FARIDPUR,GONDAN SINGH,parties.IN.BJS,BJS,6995,13.87,3,forfeit,U,,,,challenger,src-1b7bc1c9d39a
IN-AC-1967-uttar-pradesh-50,uttar-pradesh,1969,50,FARIDPUR,DURRAB SINGH,parties.IN.INC,INC,3437,6.81,4,forfeit,U,,,,challenger,src-1b7bc1c9d39a
IN-AC-1967-uttar-pradesh-50,uttar-pradesh,1969,50,FARIDPUR,DEVKI NANDAN SHARMA,parties.IN.MAP,MAP,1215,2.41,5,forfeit,U,,,,challenger,src-1b7bc1c9d39a
IN-AC-1967-uttar-pradesh-50,uttar-pradesh,1969,50,FARIDPUR,RAM BILAS,parties.IN.SSP,SSP,826,1.64,6,forfeit,U,,,,challenger,src-1b7bc1c9d39a
IN-AC-1967-uttar-pradesh-51,uttar-pradesh,1969,51,NAWABGANJ,CHETRAM GANGWAR,parties.IN.BJS,BJS,17625,33.81,1,won,U,,,,challenger,src-1b7bc1c9d39a
IN-AC-1967-uttar-pradesh-51,uttar-pradesh,1969,51,NAWABGANJ,NAURANG LAL,parties.IN.INC,INC,16470,31.59,2,lost,U,,,,challenger,src-1b7bc1c9d39a
IN-AC-1967-uttar-pradesh-51,uttar-pradesh,1969,51,NAWABGANJ,UMA KANT,parties.IN.BKD,BKD,7745,14.86,3,forfeit,U,,,,challenger,src-1b7bc1c9d39a
IN-AC-1967-uttar-pradesh-51,uttar-pradesh,1969,51,NAWABGANJ,SHAMBHU DATT,parties.IN.CPIM,CPM,4934,9.46,4,forfeit,U,,,,challenger,src-1b7bc1c9d39a
IN-AC-1967-uttar-pradesh-51,uttar-pradesh,1969,51,NAWABGANJ,INDER JEET,parties.IN.RPI,RPI,1755,3.37,5,forfeit,U,,,,challenger,src-1b7bc1c9d39a
IN-AC-1967-uttar-pradesh-51,uttar-pradesh,1969,51,NAWABGANJ,INDRA DEV,parties.IN.IND,IND,1533,2.94,6,forfeit,U,,,,challenger,src-1b7bc1c9d39a
IN-AC-1967-uttar-pradesh-51,uttar-pradesh,1969,51,NAWABGANJ,NEM CHAND GANGWAR,parties.IN.HMS,HMS,1427,2.74,7,forfeit,U,,,,challenger,src-1b7bc1c9d39a
IN-AC-1967-uttar-pradesh-51,uttar-pradesh,1969,51,NAWABGANJ,LAKSHMI PRASAD GANGWAR,parties.IN.KMP,KMP,515,0.99,8,forfeit,U,,,,challenger,src-1b7bc1c9d39a
IN-AC-1967-uttar-pradesh-51,uttar-pradesh,1969,51,NAWABGANJ,SOHAN LAL GANGWAR,parties.IN.SSP,SSP,126,0.24,9,forfeit,U,,,,challenger,src-1b7bc1c9d39a
IN-AC-1967-uttar-pradesh-52,uttar-pradesh,1969,52,BAREILLY CITY,RAM SINGH KHANNA,parties.IN.BKD,BKD,30025,50.49,1,won,U,,,,challenger,src-1b7bc1c9d39a
IN-AC-1967-uttar-pradesh-52,uttar-pradesh,1969,52,BAREILLY CITY,AGRAWAL JAGDISH SARAN,parties.IN.INC,INC,15133,25.45,2,lost,U,,,,challenger,src-1b7bc1c9d39a
IN-AC-1967-uttar-pradesh-52,uttar-pradesh,1969,52,BAREILLY CITY,SATYA PRAKASH,parties.IN.BJS,BJS,11743,19.75,3,lost,U,,,,challenger,src-1b7bc1c9d39a
IN-AC-1967-uttar-pradesh-52,uttar-pradesh,1969,52,BAREILLY CITY,M . P . SINGH,parties.IN.MAP,MAP,1205,2.03,4,forfeit,U,,,,challenger,src-1b7bc1c9d39a
IN-AC-1967-uttar-pradesh-52,uttar-pradesh,1969,52,BAREILLY CITY,AGRAWAL RAJENDRA KUMAR,parties.IN.BPI,BKP,460,0.77,5,forfeit,U,,,,challenger,src-1b7bc1c9d39a
IN-AC-1967-uttar-pradesh-52,uttar-pradesh,1969,52,BAREILLY CITY,SHIVE HARI,parties.IN.IND,IND,331,0.56,6,forfeit,U,,,,challenger,src-1b7bc1c9d39a
IN-AC-1967-uttar-pradesh-52,uttar-pradesh,1969,52,BAREILLY CITY,VED NARAIN TRIPATHI,parties.IN.IND,IND,205,0.34,7,forfeit,U,,,,challenger,src-1b7bc1c9d39a
IN-AC-1967-uttar-pradesh-52,uttar-pradesh,1969,52,BAREILLY CITY,HAMID RASHID,parties.IN.IND,IND,169,0.28,8,forfeit,U,,,,challenger,src-1b7bc1c9d39a
IN-AC-1967-uttar-pradesh-52,uttar-pradesh,1969,52,BAREILLY CITY,WAHEEDUL REHMAN,parties.IN.IND,IND,99,0.17,9,forfeit,U,,,,challenger,src-1b7bc1c9d39a
IN-AC-1967-uttar-pradesh-52,uttar-pradesh,1969,52,BAREILLY CITY,SRI RAM AGRAWAL,parties.IN.SSP,SSP,96,0.16,10,forfeit,U,,,,challenger,src-1b7bc1c9d39a
IN-AC-1967-uttar-pradesh-53,uttar-pradesh,1969,53,BAREILLY CANTONMENT,ASHFAQ AHMAD,parties.IN.INC,INC,21127,45.43,1,won,U,,,,challenger,src-1b7bc1c9d39a
IN-AC-1967-uttar-pradesh-53,uttar-pradesh,1969,53,BAREILLY CANTONMENT,SADHU RAM,parties.IN.BKD,BKD,14688,31.59,2,lost,U,,,,challenger,src-1b7bc1c9d39a
IN-AC-1967-uttar-pradesh-53,uttar-pradesh,1969,53,BAREILLY CANTONMENT,RAMA BALLABH,parties.IN.BJS,BJS,5647,12.14,3,forfeit,U,,,,challenger,src-1b7bc1c9d39a
IN-AC-1967-uttar-pradesh-53,uttar-pradesh,1969,53,BAREILLY CANTONMENT,OM PRAKASH,parties.IN.MAP,MAP,1065,2.29,4,forfeit,U,,,,challenger,src-1b7bc1c9d39a
IN-AC-1967-uttar-pradesh-53,uttar-pradesh,1969,53,BAREILLY CANTONMENT,JAYANDRA PAL SINGH,parties.IN.HMS,HMS,894,1.92,5,forfeit,U,,,,challenger,src-1b7bc1c9d39a
IN-AC-1967-uttar-pradesh-53,uttar-pradesh,1969,53,BAREILLY CANTONMENT,MOHD. YASIN AKBAR,parties.IN.PSP,PSP,856,1.84,6,forfeit,U,,,,challenger,src-1b7bc1c9d39a
IN-AC-1967-uttar-pradesh-53,uttar-pradesh,1969,53,BAREILLY CANTONMENT,KRISHAN MURARI ASAR,parties.IN.SSP,SSP,848,1.82,7,forfeit,U,,,,crossover,src-1b7bc1c9d39a
IN-AC-1967-uttar-pradesh-53,uttar-pradesh,1969,53,BAREILLY CANTONMENT,MOHD. SHABHIR,parties.IN.MMUP,MUM,498,1.07,8,forfeit,U,,,,challenger,src-1b7bc1c9d39a
IN-AC-1967-uttar-pradesh-53,uttar-pradesh,1969,53,BAREILLY CANTONMENT,SHIAH BABU,parties.IN.IND,IND,452,0.97,9,forfeit,U,,,,challenger,src-1b7bc1c9d39a
IN-AC-1967-uttar-pradesh-53,uttar-pradesh,1969,53,BAREILLY CANTONMENT,RAM SINGH,parties.IN.PBI,PBI,256,0.55,10,forfeit,U,,,,challenger,src-1b7bc1c9d39a
IN-AC-1967-uttar-pradesh-53,uttar-pradesh,1969,53,BAREILLY CANTONMENT,KRISHAN LAL,parties.IN.IND,IND,169,0.36,11,forfeit,U,,,,challenger,src-1b7bc1c9d39a
IN-AC-1967-uttar-pradesh-54,uttar-pradesh,1969,54,BHOJIPURA,BHANU PRATAP SINGH,parties.IN.INC,INC,31915,53.71,1,won,U,,,,challenger,src-1b7bc1c9d39a
IN-AC-1967-uttar-pradesh-54,uttar-pradesh,1969,54,BHOJIPURA,HARISH KUMAR GANGWAR,parties.IN.BJS,BJS,22155,37.29,2,lost,U,,,,challenger,src-1b7bc1c9d39a
IN-AC-1967-uttar-pradesh-54,uttar-pradesh,1969,54,BHOJIPURA,CHUNNI LAL MAURYA,parties.IN.AIFB,FBL,4369,7.35,3,forfeit,U,,,,challenger,src-1b7bc1c9d39a
IN-AC-1967-uttar-pradesh-54,uttar-pradesh,1969,54,BHOJIPURA,ALIRAJ SINGH,parties.IN.CPI,CPI,979,1.65,4,forfeit,U,,,,challenger,src-1b7bc1c9d39a
IN-AC-1967-uttar-pradesh-55,uttar-pradesh,1969,55,SHERGARH,DHARAM DATT,parties.IN.INC,INC,23772,38.99,1,won,U,,,,challenger,src-1b7bc1c9d39a
IN-AC-1967-uttar-pradesh-55,uttar-pradesh,1969,55,SHERGARH,REWA RAM RANA,parties.IN.BKD,BKD,11290,18.52,2,lost,U,,,,challenger,src-1b7bc1c9d39a
IN-AC-1967-uttar-pradesh-55,uttar-pradesh,1969,55,SHERGARH,MAHENDRA PRATAP SINGH,parties.IN.IND,IND,9423,15.46,3,forfeit,U,,,,challenger,src-1b7bc1c9d39a
IN-AC-1967-uttar-pradesh-55,uttar-pradesh,1969,55,SHERGARH,BHUWAN CHANDRA,parties.IN.SWA,SWA,8608,14.12,4,forfeit,U,,,,challenger,src-1b7bc1c9d39a
IN-AC-1967-uttar-pradesh-55,uttar-pradesh,1969,55,SHERGARH,HARDWARI LAL,parties.IN.BJS,BJS,6426,10.54,5,forfeit,U,,,,challenger,src-1b7bc1c9d39a
IN-AC-1967-uttar-pradesh-55,uttar-pradesh,1969,55,SHERGARH,GULZARI,parties.IN.IND,IND,903,1.48,6,forfeit,U,,,,challenger,src-1b7bc1c9d39a
IN-AC-1967-uttar-pradesh-55,uttar-pradesh,1969,55,SHERGARH,NATHU LAL,parties.IN.IND,IND,544,0.89,7,forfeit,U,,,,challenger,src-1b7bc1c9d39a
IN-AC-1967-uttar-pradesh-56,uttar-pradesh,1969,56,BAHERI,SHAFIQ AHMAD KHAN,parties.IN.BKD,BKD,25138,35.32,1,won,U,,,,challenger,src-1b7bc1c9d39a
IN-AC-1967-uttar-pradesh-56,uttar-pradesh,1969,56,BAHERI,RAM MURTI,parties.IN.INC,INC,24949,35.05,2,lost,U,,,,challenger,src-1b7bc1c9d39a
IN-AC-1967-uttar-pradesh-56,uttar-pradesh,1969,56,BAHERI,CHEDA LAL,parties.IN.PSP,PSP,10816,15.2,3,forfeit,U,,,,challenger,src-1b7bc1c9d39a
IN-AC-1967-uttar-pradesh-56,uttar-pradesh,1969,56,BAHERI,DHARMENDER,parties.IN.BJS,BJS,7752,10.89,4,forfeit,U,,,,challenger,src-1b7bc1c9d39a
IN-AC-1967-uttar-pradesh-56,uttar-pradesh,1969,56,BAHERI,FAQIR CHAND,parties.IN.IND,IND,1985,2.79,5,forfeit,U,,,,challenger,src-1b7bc1c9d39a
IN-AC-1967-uttar-pradesh-56,uttar-pradesh,1969,56,BAHERI,SATYA DEV,parties.IN.IND,IND,539,0.76,6,forfeit,U,,,,challenger,src-1b7bc1c9d39a
IN-AC-1967-uttar-pradesh-57,uttar-pradesh,1969,57,PILIBHIT,ALI ZAHEER,parties.IN.INC,INC,18811,32.89,1,won,U,,,,challenger,src-1b7bc1c9d39a
IN-AC-1967-uttar-pradesh-57,uttar-pradesh,1969,57,PILIBHIT,BABOO RAM,parties.IN.BJS,BJS,14140,24.72,2,lost,U,,,,challenger,src-1b7bc1c9d39a
IN-AC-1967-uttar-pradesh-57,uttar-pradesh,1969,57,PILIBHIT,DHIRENDRA SAHAI,parties.IN.PSP,PSP,13350,23.34,3,lost,U,,,,challenger,src-1b7bc1c9d39a
IN-AC-1967-uttar-pradesh-57,uttar-pradesh,1969,57,PILIBHIT,NAFIS AHMAD,parties.IN.CPI,CPI,8102,14.16,4,forfeit,U,,,,challenger,src-1b7bc1c9d39a
IN-AC-1967-uttar-pradesh-57,uttar-pradesh,1969,57,PILIBHIT,MUNNI LAL PATEL,parties.IN.IND,IND,2219,3.88,5,forfeit,U,,,,challenger,src-1b7bc1c9d39a
IN-AC-1967-uttar-pradesh-57,uttar-pradesh,1969,57,PILIBHIT,HARISH CHANDRA,parties.IN.MAP,MAP,580,1.01,6,forfeit,U,,,,challenger,src-1b7bc1c9d39a
IN-AC-1967-uttar-pradesh-58,uttar-pradesh,1969,58,BARKHERA,KISHAN LAL,parties.IN.BJS,BJS,14413,35.66,1,won,U,,,,challenger,src-1b7bc1c9d39a
IN-AC-1967-uttar-pradesh-58,uttar-pradesh,1969,58,BARKHERA,DURGA PRASAD,parties.IN.INC,INC,13053,32.3,2,lost,U,,,,challenger,src-1b7bc1c9d39a
IN-AC-1967-uttar-pradesh-58,uttar-pradesh,1969,58,BARKHERA,INDAL PRASAD,parties.IN.BKD,BKD,10322,25.54,3,lost,U,,,,challenger,src-1b7bc1c9d39a
IN-AC-1967-uttar-pradesh-58,uttar-pradesh,1969,58,BARKHERA,KHEM KARAN,parties.IN.PSP,PSP,1321,3.27,4,forfeit,U,,,,challenger,src-1b7bc1c9d39a
IN-AC-1967-uttar-pradesh-58,uttar-pradesh,1969,58,BARKHERA,GENDAN LAL,parties.IN.IND,IND,836,2.07,5,forfeit,U,,,,challenger,src-1b7bc1c9d39a
IN-AC-1967-uttar-pradesh-58,uttar-pradesh,1969,58,BARKHERA,RAM PRASAD,parties.IN.MAP,MAP,473,1.17,6,forfeit,U,,,,challenger,src-1b7bc1c9d39a
IN-AC-1967-uttar-pradesh-59,uttar-pradesh,1969,59,BISALPUR,TEJ BAHADUR,parties.IN.BKD,BKD,24028,45.47,1,won,U,,,,challenger,src-1b7bc1c9d39a
IN-AC-1967-uttar-pradesh-59,uttar-pradesh,1969,59,BISALPUR,MUNINDAR PAL SINGH,parties.IN.INC,INC,19705,37.29,2,lost,U,,,,challenger,src-1b7bc1c9d39a
IN-AC-1967-uttar-pradesh-59,uttar-pradesh,1969,59,BISALPUR,SHRI DHAR,parties.IN.BJS,BJS,3057,5.78,3,forfeit,U,,,,challenger,src-1b7bc1c9d39a
IN-AC-1967-uttar-pradesh-59,uttar-pradesh,1969,59,BISALPUR,GALIB HUSAIN,parties.IN.IND,IND,1542,2.92,4,forfeit,U,,,,challenger,src-1b7bc1c9d39a
IN-AC-1967-uttar-pradesh-59,uttar-pradesh,1969,59,BISALPUR,JALIL AHMAD,parties.IN.IND,IND,1134,2.15,5,forfeit,U,,,,challenger,src-1b7bc1c9d39a
IN-AC-1967-uttar-pradesh-59,uttar-pradesh,1969,59,BISALPUR,RAMA SHANKER,parties.IN.IND,IND,986,1.87,6,forfeit,U,,,,challenger,src-1b7bc1c9d39a
IN-AC-1967-uttar-pradesh-59,uttar-pradesh,1969,59,BISALPUR,RAJ KUMAR SINGH,parties.IN.PSP,PSP,931,1.76,7,forfeit,U,,,,challenger,src-1b7bc1c9d39a
IN-AC-1967-uttar-pradesh-59,uttar-pradesh,1969,59,BISALPUR,MANMOHAM SAHAI,parties.IN.MAP,MAP,763,1.44,8,forfeit,U,,,,challenger,src-1b7bc1c9d39a
IN-AC-1967-uttar-pradesh-59,uttar-pradesh,1969,59,BISALPUR,LALA RAM,parties.IN.CPI,CPI,698,1.32,9,forfeit,U,,,,challenger,src-1b7bc1c9d39a
IN-AC-1967-uttar-pradesh-60,uttar-pradesh,1969,60,PURANPUR,HAR NARAIN,parties.IN.BKD,BKD,17649,25.95,1,won,U,,,,challenger,src-1b7bc1c9d39a
IN-AC-1967-uttar-pradesh-60,uttar-pradesh,1969,60,PURANPUR,HARISH CHANDRA,parties.IN.BJS,BJS,17377,25.55,2,lost,U,,,,challenger,src-1b7bc1c9d39a
IN-AC-1967-uttar-pradesh-60,uttar-pradesh,1969,60,PURANPUR,MOHAN LAL ACHARYA,parties.IN.INC,INC,13866,20.39,3,lost,U,,,,challenger,src-1b7bc1c9d39a
IN-AC-1967-uttar-pradesh-60,uttar-pradesh,1969,60,PURANPUR,RAM SAGAR,parties.IN.IND,IND,8119,11.94,4,forfeit,U,,,,challenger,src-1b7bc1c9d39a
IN-AC-1967-uttar-pradesh-60,uttar-pradesh,1969,60,PURANPUR,JAGIR SINGH,parties.IN.MAP,MAP,5012,7.37,5,forfeit,U,,,,challenger,src-1b7bc1c9d39a
IN-AC-1967-uttar-pradesh-60,uttar-pradesh,1969,60,PURANPUR,SHUGAN CHAND,parties.IN.IND,IND,3242,4.77,6,forfeit,U,,,,challenger,src-1b7bc1c9d39a
IN-AC-1967-uttar-pradesh-60,uttar-pradesh,1969,60,PURANPUR,BRIJ BEHARI LAL,parties.IN.CPI,CPI,1638,2.41,7,forfeit,U,,,,challenger,src-1b7bc1c9d39a
IN-AC-1967-uttar-pradesh-60,uttar-pradesh,1969,60,PURANPUR,RAMU,parties.IN.IND,IND,1100,1.62,8,forfeit,U,,,,challenger,src-1b7bc1c9d39a
IN-AC-1967-uttar-pradesh-61,uttar-pradesh,1969,61,POWAYAN,KANDHAI,parties.IN.INC,INC,10478,32.57,1,won,U,,,,challenger,src-1b7bc1c9d39a
IN-AC-1967-uttar-pradesh-61,uttar-pradesh,1969,61,POWAYAN,DHARAM JEET,parties.IN.BJS,BJS,8246,25.63,2,lost,U,,,,challenger,src-1b7bc1c9d39a
IN-AC-1967-uttar-pradesh-61,uttar-pradesh,1969,61,POWAYAN,CHAUDHARI LAKHAN DASS,parties.IN.IND,IND,3260,10.13,3,forfeit,U,,,,challenger,src-1b7bc1c9d39a
IN-AC-1967-uttar-pradesh-61,uttar-pradesh,1969,61,POWAYAN,LAL SINGH,parties.IN.RPI,RPI,3119,9.7,4,forfeit,U,,,,challenger,src-1b7bc1c9d39a
IN-AC-1967-uttar-pradesh-61,uttar-pradesh,1969,61,POWAYAN,SURAJ PRASAD,parties.IN.SSP,SSP,2869,8.92,5,forfeit,U,,,,challenger,src-1b7bc1c9d39a
IN-AC-1967-uttar-pradesh-61,uttar-pradesh,1969,61,POWAYAN,BADRI PRASAD,parties.IN.SWA,SWA,2456,7.63,6,forfeit,U,,,,challenger,src-1b7bc1c9d39a
IN-AC-1967-uttar-pradesh-61,uttar-pradesh,1969,61,POWAYAN,MATHU LAL,parties.IN.MAP,MAP,1084,3.37,7,forfeit,U,,,,challenger,src-1b7bc1c9d39a
IN-AC-1967-uttar-pradesh-61,uttar-pradesh,1969,61,POWAYAN,KAMLESH CHANDRA,parties.IN.IND,IND,659,2.05,8,forfeit,U,,,,challenger,src-1b7bc1c9d39a
IN-AC-1967-uttar-pradesh-62,uttar-pradesh,1969,62,NIGOHI,SHEO KUMAR,parties.IN.INC,INC,14978,26.59,1,won,U,,,,challenger,src-1b7bc1c9d39a
IN-AC-1967-uttar-pradesh-62,uttar-pradesh,1969,62,NIGOHI,OM PRAKASH,parties.IN.BKD,BKD,12260,21.76,2,lost,U,,,,challenger,src-1b7bc1c9d39a
IN-AC-1967-uttar-pradesh-62,uttar-pradesh,1969,62,NIGOHI,RAM NATH,parties.IN.PSP,PSP,9469,16.81,3,lost,U,,,,challenger,src-1b7bc1c9d39a
IN-AC-1967-uttar-pradesh-62,uttar-pradesh,1969,62,NIGOHI,SALIG RAM,parties.IN.BJS,BJS,6211,11.03,4,forfeit,U,,,,challenger,src-1b7bc1c9d39a
IN-AC-1967-uttar-pradesh-62,uttar-pradesh,1969,62,NIGOHI,RAM CHANDRA SINGH,parties.IN.IND,IND,3883,6.89,5,forfeit,U,,,,challenger,src-1b7bc1c9d39a
IN-AC-1967-uttar-pradesh-62,uttar-pradesh,1969,62,NIGOHI,DAYA RAM,parties.IN.SSP,SSP,2677,4.75,6,forfeit,U,,,,challenger,src-1b7bc1c9d39a
IN-AC-1967-uttar-pradesh-62,uttar-pradesh,1969,62,NIGOHI,RAM CHANDRA,parties.IN.HMS,HMS,2528,4.49,7,forfeit,U,,,,challenger,src-1b7bc1c9d39a
IN-AC-1967-uttar-pradesh-62,uttar-pradesh,1969,62,NIGOHI,VIJAI VERMA SINGH,parties.IN.RPI,RPI,1247,2.21,8,forfeit,U,,,,challenger,src-1b7bc1c9d39a
IN-AC-1967-uttar-pradesh-62,uttar-pradesh,1969,62,NIGOHI,NAURANGI LAL,parties.IN.IND,IND,1079,1.92,9,forfeit,U,,,,challenger,src-1b7bc1c9d39a
IN-AC-1967-uttar-pradesh-62,uttar-pradesh,1969,62,NIGOHI,KRISHAN SAHAI,parties.IN.PBI,PBI,673,1.19,10,forfeit,U,,,,challenger,src-1b7bc1c9d39a
IN-AC-1967-uttar-pradesh-62,uttar-pradesh,1969,62,NIGOHI,JANE ALAM,parties.IN.IND,IND,467,0.83,11,forfeit,U,,,,challenger,src-1b7bc1c9d39a
IN-AC-1967-uttar-pradesh-62,uttar-pradesh,1969,62,NIGOHI,AKHTAR ALI,parties.IN.IND,IND,347,0.62,12,forfeit,U,,,,challenger,src-1b7bc1c9d39a
IN-AC-1967-uttar-pradesh-62,uttar-pradesh,1969,62,NIGOHI,SATISH CHANDRA,parties.IN.IND,IND,323,0.57,13,forfeit,U,,,,challenger,src-1b7bc1c9d39a
IN-AC-1967-uttar-pradesh-62,uttar-pradesh,1969,62,NIGOHI,MOHAMMAD YUSUF BEG,parties.IN.IND,IND,193,0.34,14,forfeit,U,,,,challenger,src-1b7bc1c9d39a
IN-AC-1967-uttar-pradesh-63,uttar-pradesh,1969,63,TILHAR,SURENDRA VIKRAM,parties.IN.INC,INC,18121,33.76,1,won,U,,,,challenger,src-1b7bc1c9d39a
IN-AC-1967-uttar-pradesh-63,uttar-pradesh,1969,63,TILHAR,ROOM SINGH,parties.IN.SSP,SSP,15865,29.56,2,lost,U,,,,challenger,src-1b7bc1c9d39a
IN-AC-1967-uttar-pradesh-63,uttar-pradesh,1969,63,TILHAR,SATYAPAL SINGH,parties.IN.BJS,BJS,14086,26.24,3,lost,U,,,,challenger,src-1b7bc1c9d39a
IN-AC-1967-uttar-pradesh-63,uttar-pradesh,1969,63,TILHAR,LAL SINGH,parties.IN.BKD,BKD,2179,4.06,4,forfeit,U,,,,challenger,src-1b7bc1c9d39a
IN-AC-1967-uttar-pradesh-63,uttar-pradesh,1969,63,TILHAR,REOTI RAM,parties.IN.RPI,RPI,2100,3.91,5,forfeit,U,,,,challenger,src-1b7bc1c9d39a
IN-AC-1967-uttar-pradesh-63,uttar-pradesh,1969,63,TILHAR,DAFEDAR,parties.IN.IND,IND,917,1.71,6,forfeit,U,,,,challenger,src-1b7bc1c9d39a
IN-AC-1967-uttar-pradesh-63,uttar-pradesh,1969,63,TILHAR,HARDAYAL,parties.IN.IND,IND,253,0.47,7,forfeit,U,,,,challenger,src-1b7bc1c9d39a
IN-AC-1967-uttar-pradesh-63,uttar-pradesh,1969,63,TILHAR,ABDUL AZIZ,parties.IN.IND,IND,157,0.29,8,forfeit,U,,,,challenger,src-1b7bc1c9d39a
IN-AC-1967-uttar-pradesh-64,uttar-pradesh,1969,64,JALALABAD,KESHAV CHANDRA SINGH,parties.IN.INC,INC,18072,32.94,1,won,U,,,,challenger,src-1b7bc1c9d39a
IN-AC-1967-uttar-pradesh-64,uttar-pradesh,1969,64,JALALABAD,KANHAI SINGH,parties.IN.SSP,SSP,16865,30.74,2,lost,U,,,,crossover,src-1b7bc1c9d39a
IN-AC-1967-uttar-pradesh-64,uttar-pradesh,1969,64,JALALABAD,DAL SINGH YADAV,parties.IN.BJS,BJS,15939,29.06,3,lost,U,,,,challenger,src-1b7bc1c9d39a
IN-AC-1967-uttar-pradesh-64,uttar-pradesh,1969,64,JALALABAD,RAM GULAM SINGH,parties.IN.BKD,BKD,2179,3.97,4,forfeit,U,,,,challenger,src-1b7bc1c9d39a
IN-AC-1967-uttar-pradesh-64,uttar-pradesh,1969,64,JALALABAD,CHHOTEY LAL,parties.IN.IND,IND,1006,1.83,5,forfeit,U,,,,challenger,src-1b7bc1c9d39a
IN-AC-1967-uttar-pradesh-64,uttar-pradesh,1969,64,JALALABAD,NISAR AHMAD,parties.IN.IND,IND,496,0.9,6,forfeit,U,,,,challenger,src-1b7bc1c9d39a
IN-AC-1967-uttar-pradesh-64,uttar-pradesh,1969,64,JALALABAD,RAM PAL,parties.IN.IND,IND,301,0.55,7,forfeit,U,,,,challenger,src-1b7bc1c9d39a
IN-AC-1967-uttar-pradesh-65,uttar-pradesh,1969,65,DADRAUL,RAM MURTI ANCHAL,parties.IN.INC,INC,13486,29.33,1,won,U,,,,challenger,src-1b7bc1c9d39a
IN-AC-1967-uttar-pradesh-65,uttar-pradesh,1969,65,DADRAUL,SHIV RAJ SINGH,parties.IN.BJS,BJS,11108,24.16,2,lost,U,,,,challenger,src-1b7bc1c9d39a
IN-AC-1967-uttar-pradesh-65,uttar-pradesh,1969,65,DADRAUL,GIRJA KISHORE MISRA,parties.IN.IND,IND,8789,19.11,3,lost,U,,,,challenger,src-1b7bc1c9d39a
IN-AC-1967-uttar-pradesh-65,uttar-pradesh,1969,65,DADRAUL,CHHOTEY LAL,parties.IN.SWA,SWA,5541,12.05,4,forfeit,U,,,,challenger,src-1b7bc1c9d39a
IN-AC-1967-uttar-pradesh-65,uttar-pradesh,1969,65,DADRAUL,RAJENDRA PRAKASH CHYAVAN,parties.IN.SSP,SSP,2415,5.25,5,forfeit,U,,,,challenger,src-1b7bc1c9d39a
IN-AC-1967-uttar-pradesh-65,uttar-pradesh,1969,65,DADRAUL,RAM PAL SINGH,parties.IN.MAP,MAP,1267,2.76,6,forfeit,U,,,,challenger,src-1b7bc1c9d39a
IN-AC-1967-uttar-pradesh-65,uttar-pradesh,1969,65,DADRAUL,SHYAM VINOD,parties.IN.IND,IND,1051,2.29,7,forfeit,U,,,,challenger,src-1b7bc1c9d39a
IN-AC-1967-uttar-pradesh-65,uttar-pradesh,1969,65,DADRAUL,CHANDRA SAMAI SAXENA,parties.IN.IND,IND,973,2.12,8,forfeit,U,,,,challenger,src-1b7bc1c9d39a
IN-AC-1967-uttar-pradesh-65,uttar-pradesh,1969,65,DADRAUL,GAYA DEEN,parties.IN.BKD,BKD,648,1.41,9,forfeit,U,,,,challenger,src-1b7bc1c9d39a
IN-AC-1967-uttar-pradesh-65,uttar-pradesh,1969,65,DADRAUL,BHAGWAN SARAN AVASTHI,parties.IN.HMS,HMS,538,1.17,10,forfeit,U,,,,challenger,src-1b7bc1c9d39a
IN-AC-1967-uttar-pradesh-65,uttar-pradesh,1969,65,DADRAUL,RAM LOTAN,parties.IN.IND,IND,168,0.37,11,forfeit,U,,,,challenger,src-1b7bc1c9d39a
IN-AC-1967-uttar-pradesh-66,uttar-pradesh,1969,66,SHAHJAHANPUR,UMA SHANKAR SHUKLA,parties.IN.BJS,BJS,22757,39.29,1,won,U,,,,challenger,src-1b7bc1c9d39a
IN-AC-1967-uttar-pradesh-66,uttar-pradesh,1969,66,SHAHJAHANPUR,MOHD. RAFI KHAN,parties.IN.INC,INC,22294,38.49,2,lost,U,,,,challenger,src-1b7bc1c9d39a
IN-AC-1967-uttar-pradesh-66,uttar-pradesh,1969,66,SHAHJAHANPUR,ASHOK KUMAR,parties.IN.RPI,RPI,3101,5.35,3,forfeit,U,,,,challenger,src-1b7bc1c9d39a
IN-AC-1967-uttar-pradesh-66,uttar-pradesh,1969,66,SHAHJAHANPUR,JALIL KHAN,parties.IN.IND,IND,3095,5.34,4,forfeit,U,,,,challenger,src-1b7bc1c9d39a
IN-AC-1967-uttar-pradesh-66,uttar-pradesh,1969,66,SHAHJAHANPUR,WAHABUDDIN,parties.IN.IND,IND,2410,4.16,5,forfeit,U,,,,challenger,src-1b7bc1c9d39a
IN-AC-1967-uttar-pradesh-66,uttar-pradesh,1969,66,SHAHJAHANPUR,DAMODAR SWARUP VIDROHI,parties.IN.BKD,BKD,1600,2.76,6,forfeit,U,,,,challenger,src-1b7bc1c9d39a
IN-AC-1967-uttar-pradesh-66,uttar-pradesh,1969,66,SHAHJAHANPUR,MOTI LAL,parties.IN.SWA,SWA,1487,2.57,7,forfeit,U,,,,challenger,src-1b7bc1c9d39a
IN-AC-1967-uttar-pradesh-66,uttar-pradesh,1969,66,SHAHJAHANPUR,RAJENDRA KUMAR SHUKLA,parties.IN.MAP,MAP,906,1.56,8,forfeit,U,,,,challenger,src-1b7bc1c9d39a
IN-AC-1967-uttar-pradesh-66,uttar-pradesh,1969,66,SHAHJAHANPUR,ABRARHASAN KHAN,parties.IN.IND,IND,152,0.26,9,forfeit,U,,,,challenger,src-1b7bc1c9d39a
IN-AC-1967-uttar-pradesh-66,uttar-pradesh,1969,66,SHAHJAHANPUR,NARENDRA KUMAR,parties.IN.SSP,SSP,115,0.2,10,forfeit,U,,,,challenger,src-1b7bc1c9d39a
IN-AC-1967-uttar-pradesh-67,uttar-pradesh,1969,67,MOHAMDI,SEWA RAM,parties.IN.INC,INC,16063,33.05,1,won,U,,,,challenger,src-1b7bc1c9d39a
IN-AC-1967-uttar-pradesh-67,uttar-pradesh,1969,67,MOHAMDI,MANNA LAL,parties.IN.BJS,BJS,14873,30.61,2,lost,U,,,,challenger,src-1b7bc1c9d39a
IN-AC-1967-uttar-pradesh-67,uttar-pradesh,1969,67,MOHAMDI,CHOTEY LAL,parties.IN.BKD,BKD,10312,21.22,3,lost,U,,,,challenger,src-1b7bc1c9d39a
IN-AC-1967-uttar-pradesh-67,uttar-pradesh,1969,67,MOHAMDI,BUDHA,parties.IN.RPI,RPI,5451,11.22,4,forfeit,U,,,,challenger,src-1b7bc1c9d39a
IN-AC-1967-uttar-pradesh-67,uttar-pradesh,1969,67,MOHAMDI,BANWARI LAL,parties.IN.IND,IND,1897,3.9,5,forfeit,U,,,,challenger,src-1b7bc1c9d39a
IN-AC-1967-uttar-pradesh-68,uttar-pradesh,1969,68,HAIDERABAD,MAKHAN LAL,parties.IN.INC,INC,16913,37.27,1,won,U,,,,challenger,src-1b7bc1c9d39a
IN-AC-1967-uttar-pradesh-68,uttar-pradesh,1969,68,HAIDERABAD,RAM SINGH CHODHARY,parties.IN.BKD,BKD,11064,24.38,2,lost,U,,,,challenger,src-1b7bc1c9d39a
IN-AC-1967-uttar-pradesh-68,uttar-pradesh,1969,68,HAIDERABAD,RAJ RAJESHWAR,parties.IN.BJS,BJS,10984,24.2,3,lost,U,,,,challenger,src-1b7bc1c9d39a
IN-AC-1967-uttar-pradesh-68,uttar-pradesh,1969,68,HAIDERABAD,BABU RAM,parties.IN.RPI,RPI,3405,7.5,4,forfeit,U,,,,challenger,src-1b7bc1c9d39a
IN-AC-1967-uttar-pradesh-68,uttar-pradesh,1969,68,HAIDERABAD,NOOR KHAN,parties.IN.IND,IND,1186,2.61,5,forfeit,U,,,,challenger,src-1b7bc1c9d39a
IN-AC-1967-uttar-pradesh-68,uttar-pradesh,1969,68,HAIDERABAD,MALTI PRASAD,parties.IN.MAP,MAP,811,1.79,6,forfeit,U,,,,challenger,src-1b7bc1c9d39a
IN-AC-1967-uttar-pradesh-68,uttar-pradesh,1969,68,HAIDERABAD,IDRIS,parties.IN.PSP,PSP,787,1.73,7,forfeit,U,,,,challenger,src-1b7bc1c9d39a
IN-AC-1967-uttar-pradesh-68,uttar-pradesh,1969,68,HAIDERABAD,JAMUNA PRASAD,parties.IN.IND,IND,233,0.51,8,forfeit,U,,,,challenger,src-1b7bc1c9d39a
IN-AC-1967-uttar-pradesh-69,uttar-pradesh,1969,69,LAKHIMPUR,TEJ NARAIN,parties.IN.INC,INC,25638,52.95,1,won,U,,,,challenger,src-1b7bc1c9d39a
IN-AC-1967-uttar-pradesh-69,uttar-pradesh,1969,69,LAKHIMPUR,CHET RAM VERMA,parties.IN.BJS,BJS,17728,36.61,2,lost,U,,,,challenger,src-1b7bc1c9d39a
IN-AC-1967-uttar-pradesh-69,uttar-pradesh,1969,69,LAKHIMPUR,BANSI DHAR,parties.IN.BKD,BKD,1544,3.19,3,forfeit,U,,,,challenger,src-1b7bc1c9d39a
IN-AC-1967-uttar-pradesh-69,uttar-pradesh,1969,69,LAKHIMPUR,I . P . SINGH,parties.IN.CPI,CPI,1007,2.08,4,forfeit,U,,,,challenger,src-1b7bc1c9d39a
IN-AC-1967-uttar-pradesh-69,uttar-pradesh,1969,69,LAKHIMPUR,OM PRAKASH,parties.IN.MAP,MAP,907,1.87,5,forfeit,U,,,,challenger,src-1b7bc1c9d39a
IN-AC-1967-uttar-pradesh-69,uttar-pradesh,1969,69,LAKHIMPUR,TAJUDDIN,parties.IN.IND,IND,886,1.83,6,forfeit,U,,,,challenger,src-1b7bc1c9d39a
IN-AC-1967-uttar-pradesh-69,uttar-pradesh,1969,69,LAKHIMPUR,FAQIRA,parties.IN.PSP,PSP,710,1.47,7,forfeit,U,,,,challenger,src-1b7bc1c9d39a
IN-AC-1967-uttar-pradesh-70,uttar-pradesh,1969,70,BANKEYGANJ,CHHEDA LAL CHAUGHRY,parties.IN.INC,INC,15134,54.46,1,won,U,,,,challenger,src-1b7bc1c9d39a
IN-AC-1967-uttar-pradesh-70,uttar-pradesh,1969,70,BANKEYGANJ,DURGA PRASAD,parties.IN.BJS,BJS,5535,19.92,2,lost,U,,,,challenger,src-1b7bc1c9d39a
IN-AC-1967-uttar-pradesh-70,uttar-pradesh,1969,70,BANKEYGANJ,GANGA RAM,parties.IN.BKD,BKD,2624,9.44,3,forfeit,U,,,,challenger,src-1b7bc1c9d39a
IN-AC-1967-uttar-pradesh-70,uttar-pradesh,1969,70,BANKEYGANJ,PANCHAM LAL,parties.IN.RPI,RPI,2162,7.78,4,forfeit,U,,,,challenger,src-1b7bc1c9d39a
IN-AC-1967-uttar-pradesh-70,uttar-pradesh,1969,70,BANKEYGANJ,MEDAI LAL,parties.IN.PSP,PSP,2031,7.31,5,forfeit,U,,,,challenger,src-1b7bc1c9d39a
IN-AC-1967-uttar-pradesh-70,uttar-pradesh,1969,70,BANKEYGANJ,LAXMAN PRASAD,parties.IN.CPI,CPI,302,1.09,6,forfeit,U,,,,challenger,src-1b7bc1c9d39a
IN-AC-1967-uttar-pradesh-71,uttar-pradesh,1969,71,PHOOL BEHAR,BANSHI DHAR MISRA,parties.IN.INC,INC,17703,43.39,1,won,U,,,,challenger,src-1b7bc1c9d39a
IN-AC-1967-uttar-pradesh-71,uttar-pradesh,1969,71,PHOOL BEHAR,SHANTI SWARUP GUPTA,parties.IN.BJS,BJS,10786,26.44,2,lost,U,,,,challenger,src-1b7bc1c9d39a
IN-AC-1967-uttar-pradesh-71,uttar-pradesh,1969,71,PHOOL BEHAR,KRISHNA PROMOD TEWARI,parties.IN.PSP,PSP,6860,16.82,3,lost,U,,,,challenger,src-1b7bc1c9d39a
IN-AC-1967-uttar-pradesh-71,uttar-pradesh,1969,71,PHOOL BEHAR,HARINANDAN PRASAD,parties.IN.BKD,BKD,2835,6.95,4,forfeit,U,,,,challenger,src-1b7bc1c9d39a
IN-AC-1967-uttar-pradesh-71,uttar-pradesh,1969,71,PHOOL BEHAR,SABIR ALI,parties.IN.CPI,CPI,2612,6.4,5,forfeit,U,,,,challenger,src-1b7bc1c9d39a
IN-AC-1967-uttar-pradesh-72,uttar-pradesh,1969,72,NIGHASAN,KARAN SINGH,parties.IN.INC,INC,18956,36.39,1,won,U,,,,challenger,src-1b7bc1c9d39a
IN-AC-1967-uttar-pradesh-72,uttar-pradesh,1969,72,NIGHASAN,RAM CHARAN SHAH,parties.IN.BJS,BJS,18563,35.63,2,lost,U,,,,challenger,src-1b7bc1c9d39a
IN-AC-1967-uttar-pradesh-72,uttar-pradesh,1969,72,NIGHASAN,S . B . SHAH ALIAS SURATH,parties.IN.PSP,PSP,12098,23.22,3,lost,U,,,,challenger,src-1b7bc1c9d39a
IN-AC-1967-uttar-pradesh-72,uttar-pradesh,1969,72,NIGHASAN,WALI ULLAM SIDDIQI,parties.IN.BKD,BKD,2477,4.75,4,forfeit,U,,,,challenger,src-1b7bc1c9d39a
IN-AC-1967-uttar-pradesh-73,uttar-pradesh,1969,73,DHAUREHRA,JAGANNATH PRASAD,parties.IN.INC,INC,22790,43.48,1,won,U,,,,crossover,src-1b7bc1c9d39a
IN-AC-1967-uttar-pradesh-73,uttar-pradesh,1969,73,DHAUREHRA,JAGDAMSA PRASAD,parties.IN.BKD,BKD,20649,39.4,2,lost,U,,,,challenger,src-1b7bc1c9d39a
IN-AC-1967-uttar-pradesh-73,uttar-pradesh,1969,73,DHAUREHRA,JAI PRAKASH,parties.IN.PSP,PSP,8975,17.12,3,lost,U,,,,challenger,src-1b7bc1c9d39a
IN-AC-1967-uttar-pradesh-74,uttar-pradesh,1969,74,BEHTA,KRISHNA KANT,parties.IN.INC,INC,16194,37.51,1,won,U,,,,challenger,src-1b7bc1c9d39a
IN-AC-1967-uttar-pradesh-74,uttar-pradesh,1969,74,BEHTA,GANGA SWARUP BHATNAGAR,parties.IN.IND,IND,11868,27.49,2,lost,U,,,,challenger,src-1b7bc1c9d39a
IN-AC-1967-uttar-pradesh-74,uttar-pradesh,1969,74,BEHTA,TRIBHUWAN PD. SHUKLA,parties.IN.BJS,BJS,10554,24.45,3,lost,U,,,,challenger,src-1b7bc1c9d39a
IN-AC-1967-uttar-pradesh-74,uttar-pradesh,1969,74,BEHTA,HOLI,parties.IN.RPI,RPI,1886,4.37,4,forfeit,U,,,,challenger,src-1b7bc1c9d39a
IN-AC-1967-uttar-pradesh-74,uttar-pradesh,1969,74,BEHTA,BHAGIRATH,parties.IN.IND,IND,1744,4.04,5,forfeit,U,,,,challenger,src-1b7bc1c9d39a
IN-AC-1967-uttar-pradesh-74,uttar-pradesh,1969,74,BEHTA,BANS GOPAL,parties.IN.IND,IND,927,2.15,6,forfeit,U,,,,challenger,src-1b7bc1c9d39a
IN-AC-1967-uttar-pradesh-75,uttar-pradesh,1969,75,BISWAN,KRIPAL DAYAL,parties.IN.INC,INC,39850,54.35,1,won,U,,,,challenger,src-1b7bc1c9d39a
IN-AC-1967-uttar-pradesh-75,uttar-pradesh,1969,75,BISWAN,GAYA PD. MAHROTRA,parties.IN.BJS,BJS,30620,41.76,2,lost,U,,,,challenger,src-1b7bc1c9d39a
IN-AC-1967-uttar-pradesh-75,uttar-pradesh,1969,75,BISWAN,BISHAMBHAR DAYAL,parties.IN.BKD,BKD,2852,3.89,3,forfeit,U,,,,challenger,src-1b7bc1c9d39a
IN-AC-1967-uttar-pradesh-76,uttar-pradesh,1969,76,MAHMUDABAD,SHAYAM SUNDAR LAL GUPTA,parties.IN.INC,INC,19028,32.33,1,won,U,,,,challenger,src-1b7bc1c9d39a
IN-AC-1967-uttar-pradesh-76,uttar-pradesh,1969,76,MAHMUDABAD,SHIVENDRA PRATAP SINGH,parties.IN.BJS,BJS,13129,22.3,2,lost,U,,,,challenger,src-1b7bc1c9d39a
IN-AC-1967-uttar-pradesh-76,uttar-pradesh,1969,76,MAHMUDABAD,HANUMAN PD. MISRA,parties.IN.PSP,PSP,10312,17.52,3,lost,U,,,,challenger,src-1b7bc1c9d39a
IN-AC-1967-uttar-pradesh-76,uttar-pradesh,1969,76,MAHMUDABAD,SIYA RAM VERMA,parties.IN.BKD,BKD,7763,13.19,4,forfeit,U,,,,challenger,src-1b7bc1c9d39a
IN-AC-1967-uttar-pradesh-76,uttar-pradesh,1969,76,MAHMUDABAD,RAM KUMAR VERMA,parties.IN.SSP,SSP,7756,13.18,5,forfeit,U,,,,challenger,src-1b7bc1c9d39a
IN-AC-1967-uttar-pradesh-76,uttar-pradesh,1969,76,MAHMUDABAD,HASNAIN ZAIDI,parties.IN.MAP,MAP,875,1.49,6,forfeit,U,,,,challenger,src-1b7bc1c9d39a
IN-AC-1967-uttar-pradesh-77,uttar-pradesh,1969,77,SIDHAULI,SHYAM LAL RAWAT,parties.IN.INC,INC,21896,46.17,1,won,U,,,,challenger,src-1b7bc1c9d39a
IN-AC-1967-uttar-pradesh-77,uttar-pradesh,1969,77,SIDHAULI,RAM ASREY,parties.IN.BJS,BJS,10848,22.87,2,lost,U,,,,challenger,src-1b7bc1c9d39a
IN-AC-1967-uttar-pradesh-77,uttar-pradesh,1969,77,SIDHAULI,HARI KRISHNA LAL,parties.IN.BKD,BKD,9981,21.05,3,lost,U,,,,challenger,src-1b7bc1c9d39a
IN-AC-1967-uttar-pradesh-77,uttar-pradesh,1969,77,SIDHAULI,K . R . CHAUDHARI RAVIDASS,parties.IN.SSP,SSP,3215,6.78,4,forfeit,U,,,,challenger,src-1b7bc1c9d39a
IN-AC-1967-uttar-pradesh-77,uttar-pradesh,1969,77,SIDHAULI,MANSA DEEN RAWAT,parties.IN.PBI,PBI,1485,3.13,5,forfeit,U,,,,challenger,src-1b7bc1c9d39a
IN-AC-1967-uttar-pradesh-78,uttar-pradesh,1969,78,SITAPUR,SHYAM KISHORE,parties.IN.INC,INC,31799,55.58,1,won,U,,,,challenger,src-1b7bc1c9d39a
IN-AC-1967-uttar-pradesh-78,uttar-pradesh,1969,78,SITAPUR,TAMBRESHWER PD.,parties.IN.BJS,BJS,15893,27.78,2,lost,U,,,,challenger,src-1b7bc1c9d39a
IN-AC-1967-uttar-pradesh-78,uttar-pradesh,1969,78,SITAPUR,MADON GOPAL MAHENDRA,parties.IN.CPI,CPI,6091,10.65,3,forfeit,U,,,,challenger,src-1b7bc1c9d39a
IN-AC-1967-uttar-pradesh-78,uttar-pradesh,1969,78,SITAPUR,MATHURA PD. RATHORE,parties.IN.IND,IND,2580,4.51,4,forfeit,U,,,,challenger,src-1b7bc1c9d39a
IN-AC-1967-uttar-pradesh-78,uttar-pradesh,1969,78,SITAPUR,KRISHNA KUMAR TRIPATHI,parties.IN.BKD,BKD,472,0.82,5,forfeit,U,,,,challenger,src-1b7bc1c9d39a
IN-AC-1967-uttar-pradesh-78,uttar-pradesh,1969,78,SITAPUR,HARI PD.,parties.IN.MAP,MAP,381,0.67,6,forfeit,U,,,,challenger,src-1b7bc1c9d39a
IN-AC-1967-uttar-pradesh-79,uttar-pradesh,1969,79,LAHARPUR,ABID ALI,parties.IN.INC,INC,19308,36.82,1,won,U,,,,challenger,src-1b7bc1c9d39a
IN-AC-1967-uttar-pradesh-79,uttar-pradesh,1969,79,LAHARPUR,BIPIN BEHARI TIWARI,parties.IN.BJS,BJS,16343,31.16,2,lost,U,,,,challenger,src-1b7bc1c9d39a
IN-AC-1967-uttar-pradesh-79,uttar-pradesh,1969,79,LAHARPUR,HAR GOVIND,parties.IN.SSP,SSP,12940,24.67,3,lost,U,,,,challenger,src-1b7bc1c9d39a
IN-AC-1967-uttar-pradesh-79,uttar-pradesh,1969,79,LAHARPUR,CHHATRA PAL,parties.IN.IND,IND,1657,3.16,4,forfeit,U,,,,challenger,src-1b7bc1c9d39a
IN-AC-1967-uttar-pradesh-79,uttar-pradesh,1969,79,LAHARPUR,RAM KRISHNA MEHROTRA,parties.IN.BKD,BKD,1113,2.12,5,forfeit,U,,,,challenger,src-1b7bc1c9d39a
IN-AC-1967-uttar-pradesh-79,uttar-pradesh,1969,79,LAHARPUR,SOBRAN LAL,parties.IN.PSP,PSP,1085,2.07,6,forfeit,U,,,,challenger,src-1b7bc1c9d39a
IN-AC-1967-uttar-pradesh-80,uttar-pradesh,1969,80,HARGAON,RAM LAL RAHI,parties.IN.INC,INC,20995,46.84,1,won,U,,,,challenger,src-1b7bc1c9d39a
IN-AC-1967-uttar-pradesh-80,uttar-pradesh,1969,80,HARGAON,MAKKA RAM,parties.IN.BJS,BJS,13948,31.12,2,lost,U,,,,challenger,src-1b7bc1c9d39a
IN-AC-1967-uttar-pradesh-80,uttar-pradesh,1969,80,HARGAON,DALLA RAM,parties.IN.BKD,BKD,6314,14.09,3,forfeit,U,,,,challenger,src-1b7bc1c9d39a
IN-AC-1967-uttar-pradesh-80,uttar-pradesh,1969,80,HARGAON,DURGA DAS,parties.IN.RPI,RPI,2078,4.64,4,forfeit,U,,,,challenger,src-1b7bc1c9d39a
IN-AC-1967-uttar-pradesh-80,uttar-pradesh,1969,80,HARGAON,NIRANJAN LAL,parties.IN.SSP,SSP,1492,3.33,5,forfeit,U,,,,challenger,src-1b7bc1c9d39a
IN-AC-1967-uttar-pradesh-81,uttar-pradesh,1969,81,MISRIKH,AVADHESH KUMAR,parties.IN.SSP,SSP,22500,39.82,1,won,U,,,,crossover,src-1b7bc1c9d39a
IN-AC-1967-uttar-pradesh-81,uttar-pradesh,1969,81,MISRIKH,RAJ BAHADU,parties.IN.INC,INC,20715,36.66,2,lost,U,,,,challenger,src-1b7bc1c9d39a
IN-AC-1967-uttar-pradesh-81,uttar-pradesh,1969,81,MISRIKH,CHANDRA KUMAR SINGH,parties.IN.BJS,BJS,6407,11.34,3,forfeit,U,,,,challenger,src-1b7bc1c9d39a
IN-AC-1967-uttar-pradesh-81,uttar-pradesh,1969,81,MISRIKH,RAJA RAM SINGH,parties.IN.BKD,BKD,3380,5.98,4,forfeit,U,,,,challenger,src-1b7bc1c9d39a
IN-AC-1967-uttar-pradesh-81,uttar-pradesh,1969,81,MISRIKH,RAM DAYAL,parties.IN.RPI,RPI,2162,3.83,5,forfeit,U,,,,challenger,src-1b7bc1c9d39a
IN-AC-1967-uttar-pradesh-81,uttar-pradesh,1969,81,MISRIKH,NARAIN SINGH,parties.IN.IND,IND,1345,2.38,6,forfeit,U,,,,challenger,src-1b7bc1c9d39a
IN-AC-1967-uttar-pradesh-82,uttar-pradesh,1969,82,MACHHRETHA,CHAUDHARY VIRENDRA KUMAR,parties.IN.INC,INC,18029,44.25,1,won,U,,,,challenger,src-1b7bc1c9d39a
IN-AC-1967-uttar-pradesh-82,uttar-pradesh,1969,82,MACHHRETHA,NATTHU LAL,parties.IN.SSP,SSP,11715,28.75,2,lost,U,,,,challenger,src-1b7bc1c9d39a
IN-AC-1967-uttar-pradesh-82,uttar-pradesh,1969,82,MACHHRETHA,JAWAMER LAL,parties.IN.BJS,BJS,9878,24.24,3,lost,U,,,,challenger,src-1b7bc1c9d39a
IN-AC-1967-uttar-pradesh-82,uttar-pradesh,1969,82,MACHHRETHA,RAM BHAROSEY,parties.IN.BKD,BKD,1122,2.75,4,forfeit,U,,,,challenger,src-1b7bc1c9d39a
IN-AC-1967-uttar-pradesh-83,uttar-pradesh,1969,83,BENIGANJ,SHUKRU,parties.IN.BKD,BKD,14311,34.59,1,won,U,,,,challenger,src-1b7bc1c9d39a
IN-AC-1967-uttar-pradesh-83,uttar-pradesh,1969,83,BENIGANJ,NIRANJAN,parties.IN.INC,INC,12681,30.65,2,lost,U,,,,challenger,src-1b7bc1c9d39a
IN-AC-1967-uttar-pradesh-83,uttar-pradesh,1969,83,BENIGANJ,ANGNE LAL,parties.IN.BJS,BJS,10736,25.95,3,lost,U,,,,challenger,src-1b7bc1c9d39a
IN-AC-1967-uttar-pradesh-83,uttar-pradesh,1969,83,BENIGANJ,FAQIREY LAL,parties.IN.RPI,RPI,1926,4.66,4,forfeit,U,,,,challenger,src-1b7bc1c9d39a
IN-AC-1967-uttar-pradesh-83,uttar-pradesh,1969,83,BENIGANJ,KHOOB LAL,parties.IN.IND,IND,1161,2.81,5,forfeit,U,,,,challenger,src-1b7bc1c9d39a
IN-AC-1967-uttar-pradesh-83,uttar-pradesh,1969,83,BENIGANJ,MUNESHWAR PRASAD,parties.IN.IND,IND,556,1.34,6,forfeit,U,,,,challenger,src-1b7bc1c9d39a
IN-AC-1967-uttar-pradesh-84,uttar-pradesh,1969,84,SANDILA,KUDSIA BEGAM,parties.IN.INC,INC,32031,46.89,1,won,U,,,,challenger,src-1b7bc1c9d39a
IN-AC-1967-uttar-pradesh-84,uttar-pradesh,1969,84,SANDILA,KASHI NATH,parties.IN.BJS,BJS,31955,46.78,2,lost,U,,,,challenger,src-1b7bc1c9d39a
IN-AC-1967-uttar-pradesh-84,uttar-pradesh,1969,84,SANDILA,SHAMBHOO,parties.IN.RPI,RPI,1382,2.02,3,forfeit,U,,,,challenger,src-1b7bc1c9d39a
IN-AC-1967-uttar-pradesh-84,uttar-pradesh,1969,84,SANDILA,JANKI PRASAD,parties.IN.KMP,KMP,1271,1.86,4,forfeit,U,,,,challenger,src-1b7bc1c9d39a
IN-AC-1967-uttar-pradesh-84,uttar-pradesh,1969,84,SANDILA,JITENDRA NATH,parties.IN.IND,IND,619,0.91,5,forfeit,U,,,,challenger,src-1b7bc1c9d39a
IN-AC-1967-uttar-pradesh-84,uttar-pradesh,1969,84,SANDILA,AYODHYA PRASAD,parties.IN.IND,IND,542,0.79,6,forfeit,U,,,,challenger,src-1b7bc1c9d39a
IN-AC-1967-uttar-pradesh-84,uttar-pradesh,1969,84,SANDILA,BHAGWAN BUX SINGH,parties.IN.BKD,BKD,515,0.75,7,forfeit,U,,,,challenger,src-1b7bc1c9d39a
IN-AC-1967-uttar-pradesh-85,uttar-pradesh,1969,85,AHIRORI,PARMAI LAL,parties.IN.IND,IND,13508,33.98,1,won,U,,,,challenger,src-1b7bc1c9d39a
IN-AC-1967-uttar-pradesh-85,uttar-pradesh,1969,85,AHIRORI,MANNI LAL,parties.IN.INC,INC,13271,33.38,2,lost,U,,,,challenger,src-1b7bc1c9d39a
IN-AC-1967-uttar-pradesh-85,uttar-pradesh,1969,85,AHIRORI,RAM SEWAK,parties.IN.BJS,BJS,4281,10.77,3,forfeit,U,,,,challenger,src-1b7bc1c9d39a
IN-AC-1967-uttar-pradesh-85,uttar-pradesh,1969,85,AHIRORI,PANCHAM DASS,parties.IN.BKD,BKD,3881,9.76,4,forfeit,U,,,,challenger,src-1b7bc1c9d39a
IN-AC-1967-uttar-pradesh-85,uttar-pradesh,1969,85,AHIRORI,SARDAR BUX SINGH,parties.IN.RPI,RPI,2774,6.98,5,forfeit,U,,,,challenger,src-1b7bc1c9d39a
IN-AC-1967-uttar-pradesh-85,uttar-pradesh,1969,85,AHIRORI,RAMESHWAR,parties.IN.CPIM,CPM,2042,5.14,6,forfeit,U,,,,challenger,src-1b7bc1c9d39a
IN-AC-1967-uttar-pradesh-86,uttar-pradesh,1969,86,HARDOI,SMT. ASHA SINGH,parties.IN.INC,INC,19392,40.68,1,won,U,,,,challenger,src-1b7bc1c9d39a
IN-AC-1967-uttar-pradesh-86,uttar-pradesh,1969,86,HARDOI,HARISH CHANDRA SINGH,parties.IN.BKD,BKD,12997,27.27,2,lost,U,,,,crossover,src-1b7bc1c9d39a
IN-AC-1967-uttar-pradesh-86,uttar-pradesh,1969,86,HARDOI,JAGANNATH,parties.IN.BJS,BJS,6733,14.13,3,forfeit,U,,,,challenger,src-1b7bc1c9d39a
IN-AC-1967-uttar-pradesh-86,uttar-pradesh,1969,86,HARDOI,PAHLAD,parties.IN.RPI,RPI,2476,5.19,4,forfeit,U,,,,challenger,src-1b7bc1c9d39a
IN-AC-1967-uttar-pradesh-86,uttar-pradesh,1969,86,HARDOI,RAMESHWAR,parties.IN.IND,IND,1480,3.1,5,forfeit,U,,,,challenger,src-1b7bc1c9d39a
IN-AC-1967-uttar-pradesh-86,uttar-pradesh,1969,86,HARDOI,PRAG,parties.IN.IND,IND,1425,2.99,6,forfeit,U,,,,challenger,src-1b7bc1c9d39a
IN-AC-1967-uttar-pradesh-86,uttar-pradesh,1969,86,HARDOI,RAM NARAIN,parties.IN.PSP,PSP,1344,2.82,7,forfeit,U,,,,challenger,src-1b7bc1c9d39a
IN-AC-1967-uttar-pradesh-86,uttar-pradesh,1969,86,HARDOI,OM PRAKASH,parties.IN.IND,IND,965,2.02,8,forfeit,U,,,,challenger,src-1b7bc1c9d39a
IN-AC-1967-uttar-pradesh-86,uttar-pradesh,1969,86,HARDOI,BRIJ RAJ KUNWARI,parties.IN.IND,IND,855,1.79,9,forfeit,U,,,,challenger,src-1b7bc1c9d39a
IN-AC-1967-uttar-pradesh-87,uttar-pradesh,1969,87,BAWAN,SHRISH CHAND,parties.IN.INC,INC,29768,49.03,1,won,U,,,,challenger,src-1b7bc1c9d39a
IN-AC-1967-uttar-pradesh-87,uttar-pradesh,1969,87,BAWAN,GANGA BHAKT SINGH,parties.IN.BJS,BJS,24904,41.02,2,lost,U,,,,challenger,src-1b7bc1c9d39a
IN-AC-1967-uttar-pradesh-87,uttar-pradesh,1969,87,BAWAN,BENI,parties.IN.IND,IND,1638,2.7,3,forfeit,U,,,,challenger,src-1b7bc1c9d39a
IN-AC-1967-uttar-pradesh-87,uttar-pradesh,1969,87,BAWAN,DULAREY LAL ADIM,parties.IN.RPI,RPI,1031,1.7,4,forfeit,U,,,,challenger,src-1b7bc1c9d39a
IN-AC-1967-uttar-pradesh-87,uttar-pradesh,1969,87,BAWAN,JUGUL KISHORE,parties.IN.SWA,SWA,1022,1.68,5,forfeit,U,,,,challenger,src-1b7bc1c9d39a
IN-AC-1967-uttar-pradesh-87,uttar-pradesh,1969,87,BAWAN,SURENDRA VIKRAM SINGH,parties.IN.BKD,BKD,810,1.33,6,forfeit,U,,,,challenger,src-1b7bc1c9d39a
IN-AC-1967-uttar-pradesh-87,uttar-pradesh,1969,87,BAWAN,JHAMMAN LAL,parties.IN.IND,IND,693,1.14,7,forfeit,U,,,,challenger,src-1b7bc1c9d39a
IN-AC-1967-uttar-pradesh-87,uttar-pradesh,1969,87,BAWAN,RAM SAGAR,parties.IN.IND,IND,527,0.87,8,forfeit,U,,,,challenger,src-1b7bc1c9d39a
IN-AC-1967-uttar-pradesh-87,uttar-pradesh,1969,87,BAWAN,MOTI LAL BHAKT,parties.IN.IND,IND,322,0.53,9,forfeit,U,,,,challenger,src-1b7bc1c9d39a
IN-AC-1967-uttar-pradesh-88,uttar-pradesh,1969,88,PIHANI,KANHAIYA LAL BALMIKI,parties.IN.INC,INC,12955,38.07,1,won,U,,,,challenger,src-1b7bc1c9d39a
IN-AC-1967-uttar-pradesh-88,uttar-pradesh,1969,88,PIHANI,POORAN LAL,parties.IN.BJS,BJS,10016,29.43,2,lost,U,,,,challenger,src-1b7bc1c9d39a
IN-AC-1967-uttar-pradesh-88,uttar-pradesh,1969,88,PIHANI,HIRA LAL ARYA,parties.IN.BKD,BKD,5227,15.36,3,forfeit,U,,,,challenger,src-1b7bc1c9d39a
IN-AC-1967-uttar-pradesh-88,uttar-pradesh,1969,88,PIHANI,NATHOO LAL,parties.IN.IND,IND,2985,8.77,4,forfeit,U,,,,challenger,src-1b7bc1c9d39a
IN-AC-1967-uttar-pradesh-88,uttar-pradesh,1969,88,PIHANI,PUTTU LAL,parties.IN.RPI,RPI,1370,4.03,5,forfeit,U,,,,challenger,src-1b7bc1c9d39a
IN-AC-1967-uttar-pradesh-88,uttar-pradesh,1969,88,PIHANI,HAR SAHAI,parties.IN.IND,IND,956,2.81,6,forfeit,U,,,,challenger,src-1b7bc1c9d39a
IN-AC-1967-uttar-pradesh-88,uttar-pradesh,1969,88,PIHANI,MADHO RAM JAUHAR,parties.IN.RPA,RPA,520,1.53,7,forfeit,U,,,,challenger,src-1b7bc1c9d39a
IN-AC-1967-uttar-pradesh-89,uttar-pradesh,1969,89,SHAHABAD,HARIHAR BUX SINGH,parties.IN.INC,INC,20538,39.61,1,won,U,,,,challenger,src-1b7bc1c9d39a
IN-AC-1967-uttar-pradesh-89,uttar-pradesh,1969,89,SHAHABAD,PIYARE LAL,parties.IN.BJS,BJS,20117,38.8,2,lost,U,,,,challenger,src-1b7bc1c9d39a
IN-AC-1967-uttar-pradesh-89,uttar-pradesh,1969,89,SHAHABAD,RAM AUTAR,parties.IN.BKD,BKD,8226,15.86,3,forfeit,U,,,,challenger,src-1b7bc1c9d39a
IN-AC-1967-uttar-pradesh-89,uttar-pradesh,1969,89,SHAHABAD,JAGANNATH,parties.IN.RPI,RPI,2701,5.21,4,forfeit,U,,,,challenger,src-1b7bc1c9d39a
IN-AC-1967-uttar-pradesh-89,uttar-pradesh,1969,89,SHAHABAD,GOKARAN NATH,parties.IN.IND,IND,272,0.52,5,forfeit,U,,,,challenger,src-1b7bc1c9d39a
IN-AC-1967-uttar-pradesh-90,uttar-pradesh,1969,90,BILGRAM,KALA RANI,parties.IN.INC,INC,18647,32.7,1,won,U,,,,incumbent,src-1b7bc1c9d39a
IN-AC-1967-uttar-pradesh-90,uttar-pradesh,1969,90,BILGRAM,BISHRAM SINGH,parties.IN.SSP,SSP,12345,21.65,2,lost,U,,,,challenger,src-1b7bc1c9d39a
IN-AC-1967-uttar-pradesh-90,uttar-pradesh,1969,90,BILGRAM,RAM BABU TIWARI,parties.IN.BJS,BJS,9237,16.2,3,forfeit,U,,,,challenger,src-1b7bc1c9d39a
IN-AC-1967-uttar-pradesh-90,uttar-pradesh,1969,90,BILGRAM,VISHUN NARAIN,parties.IN.IND,IND,7993,14.02,4,forfeit,U,,,,challenger,src-1b7bc1c9d39a
IN-AC-1967-uttar-pradesh-90,uttar-pradesh,1969,90,BILGRAM,CHANDRA HAS,parties.IN.BKD,BKD,5036,8.83,5,forfeit,U,,,,challenger,src-1b7bc1c9d39a
IN-AC-1967-uttar-pradesh-90,uttar-pradesh,1969,90,BILGRAM,DEVI SINGH,parties.IN.IND,IND,1738,3.05,6,forfeit,U,,,,challenger,src-1b7bc1c9d39a
IN-AC-1967-uttar-pradesh-90,uttar-pradesh,1969,90,BILGRAM,CHHOTEY LAL,parties.IN.RPI,RPI,1189,2.09,7,forfeit,U,,,,challenger,src-1b7bc1c9d39a
IN-AC-1967-uttar-pradesh-90,uttar-pradesh,1969,90,BILGRAM,YOGENDRA NATH,parties.IN.IND,IND,833,1.46,8,forfeit,U,,,,challenger,src-1b7bc1c9d39a
IN-AC-1967-uttar-pradesh-91,uttar-pradesh,1969,91,MALLAWAN,LALAN SHARMA,parties.IN.INC,INC,18585,30.22,1,won,U,,,,challenger,src-1b7bc1c9d39a
IN-AC-1967-uttar-pradesh-91,uttar-pradesh,1969,91,MALLAWAN,MOHAN LAL VERMA,parties.IN.BKD,BKD,17589,28.6,2,lost,U,,,,challenger,src-1b7bc1c9d39a
IN-AC-1967-uttar-pradesh-91,uttar-pradesh,1969,91,MALLAWAN,J . P . MISRA,parties.IN.IND,IND,14554,23.67,3,lost,U,,,,challenger,src-1b7bc1c9d39a
IN-AC-1967-uttar-pradesh-91,uttar-pradesh,1969,91,MALLAWAN,LAXMAN PRASAD,parties.IN.RPI,RPI,4345,7.07,4,forfeit,U,,,,challenger,src-1b7bc1c9d39a
IN-AC-1967-uttar-pradesh-91,uttar-pradesh,1969,91,MALLAWAN,RADHEY SHYAM,parties.IN.PSP,PSP,3838,6.24,5,forfeit,U,,,,challenger,src-1b7bc1c9d39a
IN-AC-1967-uttar-pradesh-91,uttar-pradesh,1969,91,MALLAWAN,RAM PAL,parties.IN.SSP,SSP,1567,2.55,6,forfeit,U,,,,challenger,src-1b7bc1c9d39a
IN-AC-1967-uttar-pradesh-91,uttar-pradesh,1969,91,MALLAWAN,RAJENDRA KUMAR,parties.IN.RPA,RPA,1013,1.65,7,forfeit,U,,,,challenger,src-1b7bc1c9d39a
IN-AC-1967-uttar-pradesh-92,uttar-pradesh,1969,92,BANGARMAU,GOPI NATH DIXIT,parties.IN.INC,INC,17163,31.74,1,won,U,,,,challenger,src-1b7bc1c9d39a
IN-AC-1967-uttar-pradesh-92,uttar-pradesh,1969,92,BANGARMAU,BAL GANGA DHAR,parties.IN.BKD,BKD,13799,25.52,2,lost,U,,,,challenger,src-1b7bc1c9d39a
IN-AC-1967-uttar-pradesh-92,uttar-pradesh,1969,92,BANGARMAU,J . P . AZAD,parties.IN.BJS,BJS,8061,14.91,3,forfeit,U,,,,challenger,src-1b7bc1c9d39a
IN-AC-1967-uttar-pradesh-92,uttar-pradesh,1969,92,BANGARMAU,MULLA PRASAD HANS,parties.IN.IND,IND,4496,8.31,4,forfeit,U,,,,challenger,src-1b7bc1c9d39a
IN-AC-1967-uttar-pradesh-92,uttar-pradesh,1969,92,BANGARMAU,JUMMAN MIAN,parties.IN.IND,IND,2684,4.96,5,forfeit,U,,,,challenger,src-1b7bc1c9d39a
IN-AC-1967-uttar-pradesh-92,uttar-pradesh,1969,92,BANGARMAU,RAMESHWAR,parties.IN.IND,IND,2265,4.19,6,forfeit,U,,,,challenger,src-1b7bc1c9d39a
IN-AC-1967-uttar-pradesh-92,uttar-pradesh,1969,92,BANGARMAU,MUTIUR RAHMAN,parties.IN.SWA,SWA,1953,3.61,7,forfeit,U,,,,challenger,src-1b7bc1c9d39a
IN-AC-1967-uttar-pradesh-92,uttar-pradesh,1969,92,BANGARMAU,SEWA RAM,parties.IN.IND,IND,1400,2.59,8,forfeit,U,,,,challenger,src-1b7bc1c9d39a
IN-AC-1967-uttar-pradesh-92,uttar-pradesh,1969,92,BANGARMAU,SHEO GOPAL,parties.IN.IND,IND,1167,2.16,9,forfeit,U,,,,challenger,src-1b7bc1c9d39a
IN-AC-1967-uttar-pradesh-92,uttar-pradesh,1969,92,BANGARMAU,KRISHNA BEHARI,parties.IN.SSP,SSP,579,1.07,10,forfeit,U,,,,challenger,src-1b7bc1c9d39a
IN-AC-1967-uttar-pradesh-92,uttar-pradesh,1969,92,BANGARMAU,CHHEDI LAL,parties.IN.IND,IND,507,0.94,11,forfeit,U,,,,challenger,src-1b7bc1c9d39a
IN-AC-1967-uttar-pradesh-93,uttar-pradesh,1969,93,UNNAO,ANWAR AHMAD,parties.IN.BKD,BKD,18622,36.51,1,won,U,,,,challenger,src-1b7bc1c9d39a
IN-AC-1967-uttar-pradesh-93,uttar-pradesh,1969,93,UNNAO,ZIA-UR - RAHMAN,parties.IN.INC,INC,16657,32.66,2,lost,U,,,,incumbent,src-1b7bc1c9d39a
IN-AC-1967-uttar-pradesh-93,uttar-pradesh,1969,93,UNNAO,KR. BIR PAL SINGH,parties.IN.BJS,BJS,12025,23.57,3,lost,U,,,,challenger,src-1b7bc1c9d39a
IN-AC-1967-uttar-pradesh-93,uttar-pradesh,1969,93,UNNAO,LAXAMI NARAIN SINGH,parties.IN.IND,IND,1896,3.72,4,forfeit,U,,,,challenger,src-1b7bc1c9d39a
IN-AC-1967-uttar-pradesh-93,uttar-pradesh,1969,93,UNNAO,KESHO PARSAD,parties.IN.IND,IND,983,1.93,5,forfeit,U,,,,challenger,src-1b7bc1c9d39a
IN-AC-1967-uttar-pradesh-93,uttar-pradesh,1969,93,UNNAO,CHANDRA PAL SINGH,parties.IN.PSP,PSP,826,1.62,6,forfeit,U,,,,challenger,src-1b7bc1c9d39a
IN-AC-1967-uttar-pradesh-94,uttar-pradesh,1969,94,BICHHIA,SHIVA PAL SINGH,parties.IN.BKD,BKD,17051,36.84,1,won,U,,,,challenger,src-1b7bc1c9d39a
IN-AC-1967-uttar-pradesh-94,uttar-pradesh,1969,94,BICHHIA,RAM ADHIN SINGH,parties.IN.INC,INC,14227,30.74,2,lost,U,,,,challenger,src-1b7bc1c9d39a
IN-AC-1967-uttar-pradesh-94,uttar-pradesh,1969,94,BICHHIA,MOHAN LAL,parties.IN.CPI,CPI,8128,17.56,3,lost,U,,,,challenger,src-1b7bc1c9d39a
IN-AC-1967-uttar-pradesh-94,uttar-pradesh,1969,94,BICHHIA,CHANDRA BHUSHAN,parties.IN.BJS,BJS,5240,11.32,4,forfeit,U,,,,challenger,src-1b7bc1c9d39a
IN-AC-1967-uttar-pradesh-94,uttar-pradesh,1969,94,BICHHIA,YAGYA DUTT BAJPAI,parties.IN.IND,IND,782,1.69,5,forfeit,U,,,,challenger,src-1b7bc1c9d39a
IN-AC-1967-uttar-pradesh-94,uttar-pradesh,1969,94,BICHHIA,SULTAN BAHADUR,parties.IN.SSP,SSP,594,1.28,6,forfeit,U,,,,challenger,src-1b7bc1c9d39a
IN-AC-1967-uttar-pradesh-94,uttar-pradesh,1969,94,BICHHIA,GANESH PRASAD,parties.IN.PSP,PSP,262,0.57,7,forfeit,U,,,,challenger,src-1b7bc1c9d39a
IN-AC-1967-uttar-pradesh-95,uttar-pradesh,1969,95,BHAGWANTNAGAR,BHAGWATI SINGH VISHARAD,parties.IN.INC,INC,28664,51.01,1,won,U,,,,incumbent,src-1b7bc1c9d39a
IN-AC-1967-uttar-pradesh-95,uttar-pradesh,1969,95,BHAGWANTNAGAR,DEVENDRA SINGH,parties.IN.BJS,BJS,13461,23.95,2,lost,U,,,,challenger,src-1b7bc1c9d39a
IN-AC-1967-uttar-pradesh-95,uttar-pradesh,1969,95,BHAGWANTNAGAR,CHANDRA PAL SINGH,parties.IN.PSP,PSP,7751,13.79,3,forfeit,U,,,,challenger,src-1b7bc1c9d39a
IN-AC-1967-uttar-pradesh-95,uttar-pradesh,1969,95,BHAGWANTNAGAR,BRIJ KISHORE,parties.IN.BKD,BKD,4120,7.33,4,forfeit,U,,,,challenger,src-1b7bc1c9d39a
IN-AC-1967-uttar-pradesh-95,uttar-pradesh,1969,95,BHAGWANTNAGAR,TAPESHWAR PRASAD MISRA,parties.IN.IND,IND,1194,2.12,5,forfeit,U,,,,challenger,src-1b7bc1c9d39a
IN-AC-1967-uttar-pradesh-95,uttar-pradesh,1969,95,BHAGWANTNAGAR,RAMA MAHESH AWASTHI,parties.IN.RRP,RRP,505,0.9,6,forfeit,U,,,,challenger,src-1b7bc1c9d39a
IN-AC-1967-uttar-pradesh-95,uttar-pradesh,1969,95,BHAGWANTNAGAR,RAJA RAM,parties.IN.SSP,SSP,501,0.89,7,forfeit,U,,,,challenger,src-1b7bc1c9d39a
IN-AC-1967-uttar-pradesh-96,uttar-pradesh,1969,96,PURWA,DULAREY LAL,parties.IN.INC,INC,17687,43.05,1,won,U,,,,challenger,src-1b7bc1c9d39a
IN-AC-1967-uttar-pradesh-96,uttar-pradesh,1969,96,PURWA,LAKHAN ALIAS LAXMI CHAND,parties.IN.BJS,BJS,13828,33.65,2,lost,U,,,,challenger,src-1b7bc1c9d39a
IN-AC-1967-uttar-pradesh-96,uttar-pradesh,1969,96,PURWA,GURU DAYAL KUREEL,parties.IN.BKD,BKD,8831,21.49,3,lost,U,,,,challenger,src-1b7bc1c9d39a
IN-AC-1967-uttar-pradesh-96,uttar-pradesh,1969,96,PURWA,AYODHYA PRASAD ABHILASHI,parties.IN.IND,IND,742,1.81,4,forfeit,U,,,,challenger,src-1b7bc1c9d39a
IN-AC-1967-uttar-pradesh-97,uttar-pradesh,1969,97,HASANGANJ,SAJIWAN LAL,parties.IN.CPI,CPI,18110,34.57,1,won,U,,,,challenger,src-1b7bc1c9d39a
IN-AC-1967-uttar-pradesh-97,uttar-pradesh,1969,97,HASANGANJ,SHRI RAM,parties.IN.INC,INC,17997,34.36,2,lost,U,,,,challenger,src-1b7bc1c9d39a
IN-AC-1967-uttar-pradesh-97,uttar-pradesh,1969,97,HASANGANJ,SHIV MUNISHWAR BUX SINGH,parties.IN.BJS,BJS,11633,22.21,3,lost,U,,,,challenger,src-1b7bc1c9d39a
IN-AC-1967-uttar-pradesh-97,uttar-pradesh,1969,97,HASANGANJ,RAM GULAM SINGH,parties.IN.BKD,BKD,4645,8.87,4,forfeit,U,,,,challenger,src-1b7bc1c9d39a
IN-AC-1967-uttar-pradesh-98,uttar-pradesh,1969,98,MIYANGANJ,BADRI PRASAD,parties.IN.INC,INC,22371,49.83,1,won,U,,,,challenger,src-1b7bc1c9d39a
IN-AC-1967-uttar-pradesh-98,uttar-pradesh,1969,98,MIYANGANJ,BHIKHA LAL,parties.IN.CPI,CPI,16832,37.49,2,lost,U,,,,challenger,src-1b7bc1c9d39a
IN-AC-1967-uttar-pradesh-98,uttar-pradesh,1969,98,MIYANGANJ,RISAL,parties.IN.BJS,BJS,4420,9.85,3,forfeit,U,,,,challenger,src-1b7bc1c9d39a
IN-AC-1967-uttar-pradesh-98,uttar-pradesh,1969,98,MIYANGANJ,TEEKA,parties.IN.BKD,BKD,1272,2.83,4,forfeit,U,,,,challenger,src-1b7bc1c9d39a
IN-AC-1967-uttar-pradesh-99,uttar-pradesh,1969,99,MALIHABAD,BASANT LAL,parties.IN.INC,INC,23516,47.19,1,won,U,,,,challenger,src-1b7bc1c9d39a
IN-AC-1967-uttar-pradesh-99,uttar-pradesh,1969,99,MALIHABAD,SUKH LAL,parties.IN.BJS,BJS,17739,35.6,2,lost,U,,,,challenger,src-1b7bc1c9d39a
IN-AC-1967-uttar-pradesh-99,uttar-pradesh,1969,99,MALIHABAD,RAM BHAROSE,parties.IN.BKD,BKD,6104,12.25,3,forfeit,U,,,,challenger,src-1b7bc1c9d39a
IN-AC-1967-uttar-pradesh-99,uttar-pradesh,1969,99,MALIHABAD,JAG JIWAN,parties.IN.CPI,CPI,2470,4.96,4,forfeit,U,,,,challenger,src-1b7bc1c9d39a
IN-AC-1967-uttar-pradesh-100,uttar-pradesh,1969,100,MAHONA,RAM PAL TRIVEDI,parties.IN.INC,INC,14975,29.19,1,won,U,,,,challenger,src-1b7bc1c9d39a
IN-AC-1967-uttar-pradesh-100,uttar-pradesh,1969,100,MAHONA,MAHIPAL SINGH SHASTRI,parties.IN.BKD,BKD,13339,26,2,lost,U,,,,challenger,src-1b7bc1c9d39a
IN-AC-1967-uttar-pradesh-100,uttar-pradesh,1969,100,MAHONA,BHAGAWTI SINGH,parties.IN.SSP,SSP,6618,12.9,3,forfeit,U,,,,challenger,src-1b7bc1c9d39a
IN-AC-1967-uttar-pradesh-100,uttar-pradesh,1969,100,MAHONA,BHOLA NATH VERMA,parties.IN.BJS,BJS,6528,12.72,4,forfeit,U,,,,challenger,src-1b7bc1c9d39a
IN-AC-1967-uttar-pradesh-100,uttar-pradesh,1969,100,MAHONA,GOPAL DAS,parties.IN.CPIM,CPM,4196,8.18,5,forfeit,U,,,,challenger,src-1b7bc1c9d39a
IN-AC-1967-uttar-pradesh-100,uttar-pradesh,1969,100,MAHONA,ACHCHHAN,parties.IN.MAP,MAP,2829,5.51,6,forfeit,U,,,,challenger,src-1b7bc1c9d39a
IN-AC-1967-uttar-pradesh-100,uttar-pradesh,1969,100,MAHONA,SURAJ LAL VERMA,parties.IN.IND,IND,1131,2.2,7,forfeit,U,,,,challenger,src-1b7bc1c9d39a
IN-AC-1967-uttar-pradesh-100,uttar-pradesh,1969,100,MAHONA,KASHI PRASAD,parties.IN.PBI,PBI,892,1.74,8,forfeit,U,,,,challenger,src-1b7bc1c9d39a
IN-AC-1967-uttar-pradesh-100,uttar-pradesh,1969,100,MAHONA,JAGDISHWAR PRASAD,parties.IN.UJC,UJC,794,1.55,9,forfeit,U,,,,challenger,src-1b7bc1c9d39a
IN-AC-1967-uttar-pradesh-101,uttar-pradesh,1969,101,LUCKNOW EAST,BANS GOPAL SHUKAL,parties.IN.BKD,BKD,21505,44.72,1,won,U,,,,challenger,src-1b7bc1c9d39a
IN-AC-1967-uttar-pradesh-101,uttar-pradesh,1969,101,LUCKNOW EAST,SIDDHU MADAN MOHAN SINGH,parties.IN.INC,INC,12976,26.98,2,lost,U,,,,challenger,src-1b7bc1c9d39a
IN-AC-1967-uttar-pradesh-101,uttar-pradesh,1969,101,LUCKNOW EAST,KALYANI SUKUL,parties.IN.MAP,MAP,8794,18.29,3,lost,U,,,,challenger,src-1b7bc1c9d39a
IN-AC-1967-uttar-pradesh-101,uttar-pradesh,1969,101,LUCKNOW EAST,RADHEY SHAYAM KAPOOR,parties.IN.BJS,BJS,4491,9.34,4,forfeit,U,,,,challenger,src-1b7bc1c9d39a
IN-AC-1967-uttar-pradesh-101,uttar-pradesh,1969,101,LUCKNOW EAST,RAIS FATMI,parties.IN.IND,IND,326,0.68,5,forfeit,U,,,,challenger,src-1b7bc1c9d39a
IN-AC-1967-uttar-pradesh-102,uttar-pradesh,1969,102,LUCKNOW CENTRAL,IMTIAZ HUSAIN,parties.IN.BKD,BKD,15148,31.06,1,won,U,,,,challenger,src-1b7bc1c9d39a
IN-AC-1967-uttar-pradesh-102,uttar-pradesh,1969,102,LUCKNOW CENTRAL,TRILOKI SINGH,parties.IN.INC,INC,14779,30.3,2,lost,U,,,,crossover,src-1b7bc1c9d39a
IN-AC-1967-uttar-pradesh-102,uttar-pradesh,1969,102,LUCKNOW CENTRAL,KUNWAR SHANTI PRAKASH,parties.IN.BJS,BJS,12356,25.33,3,lost,U,,,,challenger,src-1b7bc1c9d39a
IN-AC-1967-uttar-pradesh-102,uttar-pradesh,1969,102,LUCKNOW CENTRAL,MOHD. AIZAZ RIZVI,parties.IN.MAP,MAP,5258,10.78,4,forfeit,U,,,,challenger,src-1b7bc1c9d39a
IN-AC-1967-uttar-pradesh-102,uttar-pradesh,1969,102,LUCKNOW CENTRAL,GYANENDRA NATH NIGAM,parties.IN.SSP,SSP,532,1.09,5,forfeit,U,,,,challenger,src-1b7bc1c9d39a
IN-AC-1967-uttar-pradesh-102,uttar-pradesh,1969,102,LUCKNOW CENTRAL,YASIN ALI KHAN,parties.IN.IND,IND,404,0.83,6,forfeit,U,,,,challenger,src-1b7bc1c9d39a
IN-AC-1967-uttar-pradesh-102,uttar-pradesh,1969,102,LUCKNOW CENTRAL,MAIYADIN SAHU `BUNDEL`,parties.IN.KMP,KMP,146,0.3,7,forfeit,U,,,,challenger,src-1b7bc1c9d39a
IN-AC-1967-uttar-pradesh-102,uttar-pradesh,1969,102,LUCKNOW CENTRAL,KUNWAR S . S . JOHARI,parties.IN.IND,IND,99,0.2,8,forfeit,U,,,,challenger,src-1b7bc1c9d39a
IN-AC-1967-uttar-pradesh-102,uttar-pradesh,1969,102,LUCKNOW CENTRAL,ANIS AHMAD,parties.IN.IND,IND,50,0.1,9,forfeit,U,,,,challenger,src-1b7bc1c9d39a
IN-AC-1967-uttar-pradesh-103,uttar-pradesh,1969,103,LUCKNOW WEST,D . P . BORA,parties.IN.BKD,BKD,24887,42.95,1,won,U,,,,challenger,src-1b7bc1c9d39a
IN-AC-1967-uttar-pradesh-103,uttar-pradesh,1969,103,LUCKNOW WEST,MOHD. RAZA ANSARI,parties.IN.INC,INC,13855,23.91,2,lost,U,,,,challenger,src-1b7bc1c9d39a
IN-AC-1967-uttar-pradesh-103,uttar-pradesh,1969,103,LUCKNOW WEST,GIRI RAJ DHARAN,parties.IN.BJS,BJS,9827,16.96,3,lost,U,,,,challenger,src-1b7bc1c9d39a
IN-AC-1967-uttar-pradesh-103,uttar-pradesh,1969,103,LUCKNOW WEST,HAIDER ABBAS RAZA,parties.IN.MAP,MAP,8210,14.17,4,forfeit,U,,,,challenger,src-1b7bc1c9d39a
IN-AC-1967-uttar-pradesh-103,uttar-pradesh,1969,103,LUCKNOW WEST,ZAINUL NAWAB,parties.IN.IND,IND,420,0.72,5,forfeit,U,,,,challenger,src-1b7bc1c9d39a
IN-AC-1967-uttar-pradesh-103,uttar-pradesh,1969,103,LUCKNOW WEST,NIRMALA SATHI,parties.IN.PBI,PBI,282,0.49,6,forfeit,U,,,,challenger,src-1b7bc1c9d39a
IN-AC-1967-uttar-pradesh-103,uttar-pradesh,1969,103,LUCKNOW WEST,THAKUR PRASAD SAXENA,parties.IN.USS,USS,167,0.29,7,forfeit,U,,,,challenger,src-1b7bc1c9d39a
IN-AC-1967-uttar-pradesh-103,uttar-pradesh,1969,103,LUCKNOW WEST,AZMAT ULLAH,parties.IN.IND,IND,151,0.26,8,forfeit,U,,,,challenger,src-1b7bc1c9d39a
IN-AC-1967-uttar-pradesh-103,uttar-pradesh,1969,103,LUCKNOW WEST,SYED MOHD. MEHOI,parties.IN.IND,IND,139,0.24,9,forfeit,U,,,,challenger,src-1b7bc1c9d39a
IN-AC-1967-uttar-pradesh-104,uttar-pradesh,1969,104,LUCKNOW CANTONMENT,SACHCHIDA NAND,parties.IN.BKD,BKD,19721,42.15,1,won,U,,,,challenger,src-1b7bc1c9d39a
IN-AC-1967-uttar-pradesh-104,uttar-pradesh,1969,104,LUCKNOW CANTONMENT,BALAK RAM VAISH,parties.IN.INC,INC,11859,25.35,2,lost,U,,,,challenger,src-1b7bc1c9d39a
IN-AC-1967-uttar-pradesh-104,uttar-pradesh,1969,104,LUCKNOW CANTONMENT,BADRI PRASAD AWASTHI,parties.IN.BJS,BJS,8969,19.17,3,lost,U,,,,challenger,src-1b7bc1c9d39a
IN-AC-1967-uttar-pradesh-104,uttar-pradesh,1969,104,LUCKNOW CANTONMENT,SRI BABU KHAN,parties.IN.CPI,CPI,3733,7.98,4,forfeit,U,,,,challenger,src-1b7bc1c9d39a
IN-AC-1967-uttar-pradesh-104,uttar-pradesh,1969,104,LUCKNOW CANTONMENT,SHIVA PRASAD DWIVEDI,parties.IN.MAP,MAP,1913,4.09,5,forfeit,U,,,,challenger,src-1b7bc1c9d39a
IN-AC-1967-uttar-pradesh-104,uttar-pradesh,1969,104,LUCKNOW CANTONMENT,THAKUR PRASAD SAKSENA,parties.IN.IND,IND,372,0.8,6,forfeit,U,,,,challenger,src-1b7bc1c9d39a
IN-AC-1967-uttar-pradesh-104,uttar-pradesh,1969,104,LUCKNOW CANTONMENT,GULSHAN LAL BHASIN,parties.IN.SSP,SSP,170,0.36,7,forfeit,U,,,,challenger,src-1b7bc1c9d39a
IN-AC-1967-uttar-pradesh-104,uttar-pradesh,1969,104,LUCKNOW CANTONMENT,GAJ RAJ SINGH TYAGI,parties.IN.IND,IND,53,0.11,8,forfeit,U,,,,challenger,src-1b7bc1c9d39a
IN-AC-1967-uttar-pradesh-105,uttar-pradesh,1969,105,SAROJININAGAR,CHANDRA BHANU GUPTA,parties.IN.INC,INC,27529,46.9,1,won,U,,,,challenger,src-1b7bc1c9d39a
IN-AC-1967-uttar-pradesh-105,uttar-pradesh,1969,105,SAROJININAGAR,HIRA LAL YADAV,parties.IN.BJS,BJS,20775,35.39,2,lost,U,,,,challenger,src-1b7bc1c9d39a
IN-AC-1967-uttar-pradesh-105,uttar-pradesh,1969,105,SAROJININAGAR,RAM SAGAR AZAD,parties.IN.SSP,SSP,4063,6.92,3,forfeit,U,,,,challenger,src-1b7bc1c9d39a
IN-AC-1967-uttar-pradesh-105,uttar-pradesh,1969,105,SAROJININAGAR,MOHD. HANIF KHAN,parties.IN.CPI,CPI,2166,3.69,4,forfeit,U,,,,challenger,src-1b7bc1c9d39a
IN-AC-1967-uttar-pradesh-105,uttar-pradesh,1969,105,SAROJININAGAR,VISHWA NATH SINGH YADAV,parties.IN.IND,IND,1556,2.65,5,forfeit,U,,,,challenger,src-1b7bc1c9d39a
IN-AC-1967-uttar-pradesh-105,uttar-pradesh,1969,105,SAROJININAGAR,SHIVA KUAMR MISRA,parties.IN.MAP,MAP,1092,1.86,6,forfeit,U,,,,challenger,src-1b7bc1c9d39a
IN-AC-1967-uttar-pradesh-105,uttar-pradesh,1969,105,SAROJININAGAR,NOOR BEG,parties.IN.IND,IND,1079,1.84,7,forfeit,U,,,,challenger,src-1b7bc1c9d39a
IN-AC-1967-uttar-pradesh-105,uttar-pradesh,1969,105,SAROJININAGAR,GARIBE LAL YADAV,parties.IN.IND,IND,437,0.74,8,forfeit,U,,,,challenger,src-1b7bc1c9d39a
IN-AC-1967-uttar-pradesh-106,uttar-pradesh,1969,106,MOHANLALGANJ,NARAIN DASS,parties.IN.INC,INC,13115,34.55,1,won,U,,,,challenger,src-1b7bc1c9d39a
IN-AC-1967-uttar-pradesh-106,uttar-pradesh,1969,106,MOHANLALGANJ,SANT BUX,parties.IN.BKD,BKD,9917,26.13,2,lost,U,,,,challenger,src-1b7bc1c9d39a
IN-AC-1967-uttar-pradesh-106,uttar-pradesh,1969,106,MOHANLALGANJ,SHRI RAM,parties.IN.SSP,SSP,8519,22.44,3,lost,U,,,,challenger,src-1b7bc1c9d39a
IN-AC-1967-uttar-pradesh-106,uttar-pradesh,1969,106,MOHANLALGANJ,MASTER SANT RAM,parties.IN.BJS,BJS,6405,16.87,4,lost,U,,,,challenger,src-1b7bc1c9d39a
IN-AC-1967-uttar-pradesh-107,uttar-pradesh,1969,107,BACHHRAWAN,RAM DULAREY,parties.IN.INC,INC,21004,52.82,1,won,U,,,,challenger,src-1b7bc1c9d39a
IN-AC-1967-uttar-pradesh-107,uttar-pradesh,1969,107,BACHHRAWAN,SHIVE DARSHAN,parties.IN.SSP,SSP,7884,19.83,2,lost,U,,,,challenger,src-1b7bc1c9d39a
IN-AC-1967-uttar-pradesh-107,uttar-pradesh,1969,107,BACHHRAWAN,RAMESHWAR PRASAD,parties.IN.IND,IND,7056,17.74,3,lost,U,,,,challenger,src-1b7bc1c9d39a
IN-AC-1967-uttar-pradesh-107,uttar-pradesh,1969,107,BACHHRAWAN,SARJOO,parties.IN.BJS,BJS,2579,6.49,4,forfeit,U,,,,challenger,src-1b7bc1c9d39a
IN-AC-1967-uttar-pradesh-107,uttar-pradesh,1969,107,BACHHRAWAN,BHAGWAN DIN,parties.IN.BKD,BKD,1242,3.12,5,forfeit,U,,,,challenger,src-1b7bc1c9d39a
IN-AC-1967-uttar-pradesh-108,uttar-pradesh,1969,108,TILOI,MOHAN SINGH,parties.IN.BJS,BJS,19960,39.8,1,won,U,,,,challenger,src-1b7bc1c9d39a
IN-AC-1967-uttar-pradesh-108,uttar-pradesh,1969,108,TILOI,WASI NAQVI,parties.IN.INC,INC,17698,35.29,2,lost,U,,,,challenger,src-1b7bc1c9d39a
IN-AC-1967-uttar-pradesh-108,uttar-pradesh,1969,108,TILOI,RAM BAHADUR,parties.IN.SSP,SSP,6433,12.83,3,forfeit,U,,,,challenger,src-1b7bc1c9d39a
IN-AC-1967-uttar-pradesh-108,uttar-pradesh,1969,108,TILOI,RAM NARESH SINGH,parties.IN.BKD,BKD,3927,7.83,4,forfeit,U,,,,challenger,src-1b7bc1c9d39a
IN-AC-1967-uttar-pradesh-108,uttar-pradesh,1969,108,TILOI,MOHD. WALI,parties.IN.IND,IND,1245,2.48,5,forfeit,U,,,,challenger,src-1b7bc1c9d39a
IN-AC-1967-uttar-pradesh-108,uttar-pradesh,1969,108,TILOI,RAM BHAROSEY,parties.IN.IND,IND,893,1.78,6,forfeit,U,,,,challenger,src-1b7bc1c9d39a
IN-AC-1967-uttar-pradesh-109,uttar-pradesh,1969,109,RAE BARELI,MADAN MOHAN MISRA,parties.IN.INC,INC,23214,51.67,1,won,U,,,,challenger,src-1b7bc1c9d39a
IN-AC-1967-uttar-pradesh-109,uttar-pradesh,1969,109,RAE BARELI,RAUR DIN,parties.IN.SSP,SSP,11265,25.07,2,lost,U,,,,challenger,src-1b7bc1c9d39a
IN-AC-1967-uttar-pradesh-109,uttar-pradesh,1969,109,RAE BARELI,JAGAN NATH SINGH,parties.IN.BKD,BKD,4383,9.75,3,forfeit,U,,,,challenger,src-1b7bc1c9d39a
IN-AC-1967-uttar-pradesh-109,uttar-pradesh,1969,109,RAE BARELI,KRISHNA CHANDRA,parties.IN.BJS,BJS,3809,8.48,4,forfeit,U,,,,challenger,src-1b7bc1c9d39a
IN-AC-1967-uttar-pradesh-109,uttar-pradesh,1969,109,RAE BARELI,NAND KISHORE,parties.IN.MAP,MAP,1685,3.75,5,forfeit,U,,,,challenger,src-1b7bc1c9d39a
IN-AC-1967-uttar-pradesh-109,uttar-pradesh,1969,109,RAE BARELI,SHITLA DIN,parties.IN.IND,IND,575,1.28,6,forfeit,U,,,,challenger,src-1b7bc1c9d39a
IN-AC-1967-uttar-pradesh-110,uttar-pradesh,1969,110,SATAON,RAJENDRA PRATAP SINGH,parties.IN.INC,INC,23187,52.93,1,won,U,,,,challenger,src-1b7bc1c9d39a
IN-AC-1967-uttar-pradesh-110,uttar-pradesh,1969,110,SATAON,RAM KRISHNA,parties.IN.SSP,SSP,10616,24.23,2,lost,U,,,,challenger,src-1b7bc1c9d39a
IN-AC-1967-uttar-pradesh-110,uttar-pradesh,1969,110,SATAON,SURYA PD. DIXIT,parties.IN.BJS,BJS,6732,15.37,3,forfeit,U,,,,challenger,src-1b7bc1c9d39a
IN-AC-1967-uttar-pradesh-110,uttar-pradesh,1969,110,SATAON,BHAGWATI,parties.IN.IND,IND,1836,4.19,4,forfeit,U,,,,challenger,src-1b7bc1c9d39a
IN-AC-1967-uttar-pradesh-110,uttar-pradesh,1969,110,SATAON,JAI KARAN NATH,parties.IN.BKD,BKD,741,1.69,5,forfeit,U,,,,challenger,src-1b7bc1c9d39a
IN-AC-1967-uttar-pradesh-110,uttar-pradesh,1969,110,SATAON,DASHRATH LAL TRIPATHI,parties.IN.IND,IND,695,1.59,6,forfeit,U,,,,challenger,src-1b7bc1c9d39a
IN-AC-1967-uttar-pradesh-111,uttar-pradesh,1969,111,SARENI,GUPTAR SINGH,parties.IN.INC,INC,28270,50.65,1,won,U,,,,challenger,src-1b7bc1c9d39a
IN-AC-1967-uttar-pradesh-111,uttar-pradesh,1969,111,SARENI,JAYA KARAN SINGH,parties.IN.BJS,BJS,21691,38.86,2,lost,U,,,,challenger,src-1b7bc1c9d39a
IN-AC-1967-uttar-pradesh-111,uttar-pradesh,1969,111,SARENI,DEVENDRA KUMAR BAJPAI,parties.IN.BKD,BKD,5853,10.49,3,forfeit,U,,,,challenger,src-1b7bc1c9d39a
IN-AC-1967-uttar-pradesh-112,uttar-pradesh,1969,112,DALMAU,SHIVA SHANKER SINGH,parties.IN.INC,INC,28175,54.31,1,won,U,,,,challenger,src-1b7bc1c9d39a
IN-AC-1967-uttar-pradesh-112,uttar-pradesh,1969,112,DALMAU,SHAMBHOO,parties.IN.BKD,BKD,18395,35.46,2,lost,U,,,,crossover,src-1b7bc1c9d39a
IN-AC-1967-uttar-pradesh-112,uttar-pradesh,1969,112,DALMAU,RANA SHIVAMBER SINGH,parties.IN.IND,IND,5311,10.24,3,forfeit,U,,,,challenger,src-1b7bc1c9d39a
IN-AC-1967-uttar-pradesh-113,uttar-pradesh,1969,113,SALON,SHEO PRASAD PANDIA,parties.IN.SSP,SSP,26164,49.36,1,won,U,,,,crossover,src-1b7bc1c9d39a
IN-AC-1967-uttar-pradesh-113,uttar-pradesh,1969,113,SALON,DAL BAHADUR SINGH,parties.IN.INC,INC,17902,33.77,2,lost,U,,,,challenger,src-1b7bc1c9d39a
IN-AC-1967-uttar-pradesh-113,uttar-pradesh,1969,113,SALON,MANBODH,parties.IN.BKD,BKD,6244,11.78,3,forfeit,U,,,,challenger,src-1b7bc1c9d39a
IN-AC-1967-uttar-pradesh-113,uttar-pradesh,1969,113,SALON,BHAGWATI PD. SAHU,parties.IN.PSP,PSP,2699,5.09,4,forfeit,U,,,,challenger,src-1b7bc1c9d39a
IN-AC-1967-uttar-pradesh-114,uttar-pradesh,1969,114,ROKHA,RAM PRASAD,parties.IN.INC,INC,15712,46.27,1,won,U,,,,challenger,src-1b7bc1c9d39a
IN-AC-1967-uttar-pradesh-114,uttar-pradesh,1969,114,ROKHA,SHIVA BALAK,parties.IN.BJS,BJS,12024,35.41,2,lost,U,,,,challenger,src-1b7bc1c9d39a
IN-AC-1967-uttar-pradesh-114,uttar-pradesh,1969,114,ROKHA,VISHWA NATH PRASAD,parties.IN.BKD,BKD,6219,18.32,3,lost,U,,,,challenger,src-1b7bc1c9d39a
IN-AC-1967-uttar-pradesh-115,uttar-pradesh,1969,115,KUNDA,JAI RAM,parties.IN.SSP,SSP,24049,43.99,1,won,U,,,,challenger,src-1b7bc1c9d39a
IN-AC-1967-uttar-pradesh-115,uttar-pradesh,1969,115,KUNDA,NIAZ HASAN,parties.IN.INC,INC,19354,35.4,2,lost,U,,,,incumbent,src-1b7bc1c9d39a
IN-AC-1967-uttar-pradesh-115,uttar-pradesh,1969,115,KUNDA,KAMALENDRA PRATAP SINGH,parties.IN.BJS,BJS,10004,18.3,3,lost,U,,,,challenger,src-1b7bc1c9d39a
IN-AC-1967-uttar-pradesh-115,uttar-pradesh,1969,115,KUNDA,RAM KRIPAL,parties.IN.RRP,RRP,763,1.4,4,forfeit,U,,,,challenger,src-1b7bc1c9d39a
IN-AC-1967-uttar-pradesh-115,uttar-pradesh,1969,115,KUNDA,SHRIPAT RAM,parties.IN.BKD,BKD,496,0.91,5,forfeit,U,,,,challenger,src-1b7bc1c9d39a
IN-AC-1967-uttar-pradesh-116,uttar-pradesh,1969,116,BIHAR,GAYA PRASAD,parties.IN.SSP,SSP,14991,43.84,1,won,U,,,,challenger,src-1b7bc1c9d39a
IN-AC-1967-uttar-pradesh-116,uttar-pradesh,1969,116,BIHAR,RAM SWAROOP,parties.IN.INC,INC,12166,35.58,2,lost,U,,,,challenger,src-1b7bc1c9d39a
IN-AC-1967-uttar-pradesh-116,uttar-pradesh,1969,116,BIHAR,MOHAN,parties.IN.BJS,BJS,4811,14.07,3,forfeit,U,,,,challenger,src-1b7bc1c9d39a
IN-AC-1967-uttar-pradesh-116,uttar-pradesh,1969,116,BIHAR,MANOHAR LAL,parties.IN.BKD,BKD,2229,6.52,4,forfeit,U,,,,challenger,src-1b7bc1c9d39a
IN-AC-1967-uttar-pradesh-117,uttar-pradesh,1969,117,RAMPUR KHAS,KUNWAR TEJ BHAN SINGH,parties.IN.SSP,SSP,22383,51.47,1,won,U,,,,crossover,src-1b7bc1c9d39a
IN-AC-1967-uttar-pradesh-117,uttar-pradesh,1969,117,RAMPUR KHAS,RAM ANJORE MISRA,parties.IN.INC,INC,10001,23,2,lost,U,,,,challenger,src-1b7bc1c9d39a
IN-AC-1967-uttar-pradesh-117,uttar-pradesh,1969,117,RAMPUR KHAS,BHAGWAN DAS,parties.IN.BKD,BKD,9197,21.15,3,lost,U,,,,challenger,src-1b7bc1c9d39a
IN-AC-1967-uttar-pradesh-117,uttar-pradesh,1969,117,RAMPUR KHAS,RAM DULARE,parties.IN.IND,IND,1232,2.83,4,forfeit,U,,,,challenger,src-1b7bc1c9d39a
IN-AC-1967-uttar-pradesh-117,uttar-pradesh,1969,117,RAMPUR KHAS,RAM NIWAS,parties.IN.IND,IND,672,1.55,5,forfeit,U,,,,challenger,src-1b7bc1c9d39a
IN-AC-1967-uttar-pradesh-118,uttar-pradesh,1969,118,LACHMANPUR,VASDEO,parties.IN.SSP,SSP,17699,41.6,1,won,U,,,,challenger,src-1b7bc1c9d39a
IN-AC-1967-uttar-pradesh-118,uttar-pradesh,1969,118,LACHMANPUR,RAM NARESH,parties.IN.INC,INC,14040,33,2,lost,U,,,,challenger,src-1b7bc1c9d39a
IN-AC-1967-uttar-pradesh-118,uttar-pradesh,1969,118,LACHMANPUR,LAL TRIBHUWAN SINGH,parties.IN.IND,IND,5759,13.54,3,forfeit,U,,,,challenger,src-1b7bc1c9d39a
IN-AC-1967-uttar-pradesh-118,uttar-pradesh,1969,118,LACHMANPUR,GOBARDHAN,parties.IN.BKD,BKD,2797,6.57,4,forfeit,U,,,,challenger,src-1b7bc1c9d39a
IN-AC-1967-uttar-pradesh-118,uttar-pradesh,1969,118,LACHMANPUR,RAM KHELAWAN,parties.IN.CPI,CPI,1494,3.51,5,forfeit,U,,,,challenger,src-1b7bc1c9d39a
IN-AC-1967-uttar-pradesh-118,uttar-pradesh,1969,118,LACHMANPUR,SHRI RAM,parties.IN.IND,IND,752,1.77,6,forfeit,U,,,,challenger,src-1b7bc1c9d39a
IN-AC-1967-uttar-pradesh-119,uttar-pradesh,1969,119,PRATAPGARH,AJIT PRATAP SINGH,parties.IN.INC,INC,18726,39.08,1,won,U,,,,challenger,src-1b7bc1c9d39a
IN-AC-1967-uttar-pradesh-119,uttar-pradesh,1969,119,PRATAPGARH,DEVI SHARAN,parties.IN.SSP,SSP,13724,28.64,2,lost,U,,,,challenger,src-1b7bc1c9d39a
IN-AC-1967-uttar-pradesh-119,uttar-pradesh,1969,119,PRATAPGARH,DINESH PRATAP SINGH,parties.IN.BJS,BJS,6399,13.35,3,forfeit,U,,,,challenger,src-1b7bc1c9d39a
IN-AC-1967-uttar-pradesh-119,uttar-pradesh,1969,119,PRATAPGARH,META PRASAD,parties.IN.BKD,BKD,5809,12.12,4,forfeit,U,,,,challenger,src-1b7bc1c9d39a
IN-AC-1967-uttar-pradesh-119,uttar-pradesh,1969,119,PRATAPGARH,WAZIR AHMAD,parties.IN.IND,IND,1299,2.71,5,forfeit,U,,,,challenger,src-1b7bc1c9d39a
IN-AC-1967-uttar-pradesh-119,uttar-pradesh,1969,119,PRATAPGARH,JAGDISH PRASAD,parties.IN.MAP,MAP,1023,2.13,6,forfeit,U,,,,challenger,src-1b7bc1c9d39a
IN-AC-1967-uttar-pradesh-119,uttar-pradesh,1969,119,PRATAPGARH,PREM SHANKAR SINGH,parties.IN.CPIM,CPM,937,1.96,7,forfeit,U,,,,challenger,src-1b7bc1c9d39a
IN-AC-1967-uttar-pradesh-120,uttar-pradesh,1969,120,BIRAPUR,RAM DEO,parties.IN.SSP,SSP,17567,33.21,1,won,U,,,,crossover,src-1b7bc1c9d39a
IN-AC-1967-uttar-pradesh-120,uttar-pradesh,1969,120,BIRAPUR,SHYAM SUNDER,parties.IN.INC,INC,12114,22.9,2,lost,U,,,,challenger,src-1b7bc1c9d39a
IN-AC-1967-uttar-pradesh-120,uttar-pradesh,1969,120,BIRAPUR,MOHD. ISRAR KHAN,parties.IN.IND,IND,7846,14.83,3,forfeit,U,,,,challenger,src-1b7bc1c9d39a
IN-AC-1967-uttar-pradesh-120,uttar-pradesh,1969,120,BIRAPUR,ONKAR NATH DWIVEDI,parties.IN.BJS,BJS,6630,12.53,4,forfeit,U,,,,challenger,src-1b7bc1c9d39a
IN-AC-1967-uttar-pradesh-120,uttar-pradesh,1969,120,BIRAPUR,TEJ BAHADUR SINGH,parties.IN.BKD,BKD,4333,8.19,5,forfeit,U,,,,challenger,src-1b7bc1c9d39a
IN-AC-1967-uttar-pradesh-120,uttar-pradesh,1969,120,BIRAPUR,RAM RAJ,parties.IN.IND,IND,3749,7.09,6,forfeit,U,,,,challenger,src-1b7bc1c9d39a
IN-AC-1967-uttar-pradesh-120,uttar-pradesh,1969,120,BIRAPUR,SARDAR SINGH,parties.IN.IND,IND,655,1.24,7,forfeit,U,,,,challenger,src-1b7bc1c9d39a
IN-AC-1967-uttar-pradesh-121,uttar-pradesh,1969,121,PATTI,RAM KINKAR,parties.IN.BKD,BKD,20278,45.72,1,won,U,,,,crossover,src-1b7bc1c9d39a
IN-AC-1967-uttar-pradesh-121,uttar-pradesh,1969,121,PATTI,JOKHU ALIAS SAHTU,parties.IN.INC,INC,12974,29.25,2,lost,U,,,,challenger,src-1b7bc1c9d39a
IN-AC-1967-uttar-pradesh-121,uttar-pradesh,1969,121,PATTI,MAHADEO KHARWAR,parties.IN.BJS,BJS,8213,18.52,3,lost,U,,,,challenger,src-1b7bc1c9d39a
IN-AC-1967-uttar-pradesh-121,uttar-pradesh,1969,121,PATTI,MAHABIR PRASAD,parties.IN.CPI,CPI,1524,3.44,4,forfeit,U,,,,challenger,src-1b7bc1c9d39a
IN-AC-1967-uttar-pradesh-121,uttar-pradesh,1969,121,PATTI,NANHKU RAM,parties.IN.PSP,PSP,1365,3.08,5,forfeit,U,,,,challenger,src-1b7bc1c9d39a
IN-AC-1967-uttar-pradesh-122,uttar-pradesh,1969,122,AMETHI,RAJA RANANJAYA SINGH,parties.IN.BJS,BJS,22372,47.16,1,won,U,,,,challenger,src-1b7bc1c9d39a
IN-AC-1967-uttar-pradesh-122,uttar-pradesh,1969,122,AMETHI,BAIJ NATH SINGH VAIDYA,parties.IN.INC,INC,17689,37.29,2,lost,U,,,,challenger,src-1b7bc1c9d39a
IN-AC-1967-uttar-pradesh-122,uttar-pradesh,1969,122,AMETHI,SURYA NARAIN SINGH,parties.IN.BKD,BKD,6555,13.82,3,forfeit,U,,,,challenger,src-1b7bc1c9d39a
IN-AC-1967-uttar-pradesh-122,uttar-pradesh,1969,122,AMETHI,UDIT NARAIN,parties.IN.IND,IND,825,1.74,4,forfeit,U,,,,challenger,src-1b7bc1c9d39a
IN-AC-1967-uttar-pradesh-123,uttar-pradesh,1969,123,GAURIGANJ,RAJ PATI DEVI,parties.IN.INC,INC,19024,44.06,1,won,U,,,,challenger,src-1b7bc1c9d39a
IN-AC-1967-uttar-pradesh-123,uttar-pradesh,1969,123,GAURIGANJ,RAVINDRA PRATAP SINGH,parties.IN.BJS,BJS,14256,33.02,2,lost,U,,,,challenger,src-1b7bc1c9d39a
IN-AC-1967-uttar-pradesh-123,uttar-pradesh,1969,123,GAURIGANJ,ANAND PRAKASH,parties.IN.BKD,BKD,2881,6.67,3,forfeit,U,,,,challenger,src-1b7bc1c9d39a
IN-AC-1967-uttar-pradesh-123,uttar-pradesh,1969,123,GAURIGANJ,SADHU RAM MORYA,parties.IN.SSP,SSP,2240,5.19,4,forfeit,U,,,,challenger,src-1b7bc1c9d39a
IN-AC-1967-uttar-pradesh-123,uttar-pradesh,1969,123,GAURIGANJ,ABDUL RASHID KHAN,parties.IN.IND,IND,1940,4.49,5,forfeit,U,,,,challenger,src-1b7bc1c9d39a
IN-AC-1967-uttar-pradesh-123,uttar-pradesh,1969,123,GAURIGANJ,KIRPA SHANKER YADO,parties.IN.IND,IND,1864,4.32,6,forfeit,U,,,,challenger,src-1b7bc1c9d39a
IN-AC-1967-uttar-pradesh-123,uttar-pradesh,1969,123,GAURIGANJ,HAR NARAIN SINGH,parties.IN.IND,IND,968,2.24,7,forfeit,U,,,,challenger,src-1b7bc1c9d39a
IN-AC-1967-uttar-pradesh-124,uttar-pradesh,1969,124,JAGDISHPUR,RAM SEWAK,parties.IN.BJS,BJS,13812,46.38,1,won,U,,,,crossover,src-1b7bc1c9d39a
IN-AC-1967-uttar-pradesh-124,uttar-pradesh,1969,124,JAGDISHPUR,INDER PAL,parties.IN.INC,INC,9774,32.82,2,lost,U,,,,challenger,src-1b7bc1c9d39a
IN-AC-1967-uttar-pradesh-124,uttar-pradesh,1969,124,JAGDISHPUR,RAM NATH,parties.IN.CPI,CPI,3107,10.43,3,forfeit,U,,,,challenger,src-1b7bc1c9d39a
IN-AC-1967-uttar-pradesh-124,uttar-pradesh,1969,124,JAGDISHPUR,RAM BALI,parties.IN.SSP,SSP,2111,7.09,4,forfeit,U,,,,challenger,src-1b7bc1c9d39a
IN-AC-1967-uttar-pradesh-124,uttar-pradesh,1969,124,JAGDISHPUR,SHIVA NATH,parties.IN.BKD,BKD,975,3.27,5,forfeit,U,,,,challenger,src-1b7bc1c9d39a
IN-AC-1967-uttar-pradesh-125,uttar-pradesh,1969,125,ISSAULI,RAM JIAWAN,parties.IN.BKD,BKD,18558,44.31,1,won,U,,,,challenger,src-1b7bc1c9d39a
IN-AC-1967-uttar-pradesh-125,uttar-pradesh,1969,125,ISSAULI,RAM BALI MISRA,parties.IN.INC,INC,11410,27.24,2,lost,U,,,,challenger,src-1b7bc1c9d39a
IN-AC-1967-uttar-pradesh-125,uttar-pradesh,1969,125,ISSAULI,TRIBHUWAN NATH SANDA,parties.IN.SSP,SSP,6406,15.3,3,forfeit,U,,,,challenger,src-1b7bc1c9d39a
IN-AC-1967-uttar-pradesh-125,uttar-pradesh,1969,125,ISSAULI,VISHWANATH LAL,parties.IN.MAP,MAP,3359,8.02,4,forfeit,U,,,,challenger,src-1b7bc1c9d39a
IN-AC-1967-uttar-pradesh-125,uttar-pradesh,1969,125,ISSAULI,SHEO PRASAD CHAUBE,parties.IN.PSP,PSP,1484,3.54,5,forfeit,U,,,,challenger,src-1b7bc1c9d39a
IN-AC-1967-uttar-pradesh-125,uttar-pradesh,1969,125,ISSAULI,PARAS NATH,parties.IN.IND,IND,664,1.59,6,forfeit,U,,,,challenger,src-1b7bc1c9d39a
IN-AC-1967-uttar-pradesh-126,uttar-pradesh,1969,126,JAISINGHPUR,SHEO KUMAR,parties.IN.INC,INC,20218,37.19,1,won,U,,,,challenger,src-1b7bc1c9d39a
IN-AC-1967-uttar-pradesh-126,uttar-pradesh,1969,126,JAISINGHPUR,BRIJENDRA SINGH,parties.IN.BJS,BJS,16955,31.19,2,lost,U,,,,challenger,src-1b7bc1c9d39a
IN-AC-1967-uttar-pradesh-126,uttar-pradesh,1969,126,JAISINGHPUR,RAM KUBER,parties.IN.BKD,BKD,8069,14.84,3,forfeit,U,,,,challenger,src-1b7bc1c9d39a
IN-AC-1967-uttar-pradesh-126,uttar-pradesh,1969,126,JAISINGHPUR,SHITLA PRASAD SINGH,parties.IN.SSP,SSP,7973,14.67,4,forfeit,U,,,,challenger,src-1b7bc1c9d39a
IN-AC-1967-uttar-pradesh-126,uttar-pradesh,1969,126,JAISINGHPUR,BIRJOO,parties.IN.RPI,RPI,1144,2.1,5,forfeit,U,,,,challenger,src-1b7bc1c9d39a
IN-AC-1967-uttar-pradesh-127,uttar-pradesh,1969,127,SULTANPUR,RAM PIARE SHUKLA,parties.IN.BJS,BJS,25756,48.8,1,won,U,,,,challenger,src-1b7bc1c9d39a
IN-AC-1967-uttar-pradesh-127,uttar-pradesh,1969,127,SULTANPUR,MAQBOOL HUSAIN KHAN,parties.IN.INC,INC,22166,42,2,lost,U,,,,challenger,src-1b7bc1c9d39a
IN-AC-1967-uttar-pradesh-127,uttar-pradesh,1969,127,SULTANPUR,RAM SUMIRAN,parties.IN.PSP,PSP,2427,4.6,3,forfeit,U,,,,challenger,src-1b7bc1c9d39a
IN-AC-1967-uttar-pradesh-127,uttar-pradesh,1969,127,SULTANPUR,YUSUF KHAN,parties.IN.IND,IND,1584,3,4,forfeit,U,,,,challenger,src-1b7bc1c9d39a
IN-AC-1967-uttar-pradesh-127,uttar-pradesh,1969,127,SULTANPUR,GIRDHARI LAL,parties.IN.IND,IND,596,1.13,5,forfeit,U,,,,challenger,src-1b7bc1c9d39a
IN-AC-1967-uttar-pradesh-127,uttar-pradesh,1969,127,SULTANPUR,SHIVA NARAIN PANDEY,parties.IN.IND,IND,246,0.47,6,forfeit,U,,,,challenger,src-1b7bc1c9d39a
IN-AC-1967-uttar-pradesh-128,uttar-pradesh,1969,128,LAMBHUA,UDAI PRATAP SINGH,parties.IN.BJS,BJS,23594,42.16,1,won,U,,,,challenger,src-1b7bc1c9d39a
IN-AC-1967-uttar-pradesh-128,uttar-pradesh,1969,128,LAMBHUA,SRI PATI MISRA,parties.IN.BKD,BKD,13417,23.97,2,lost,U,,,,crossover,src-1b7bc1c9d39a
IN-AC-1967-uttar-pradesh-128,uttar-pradesh,1969,128,LAMBHUA,UMA DUTT,parties.IN.INC,INC,11873,21.21,3,lost,U,,,,challenger,src-1b7bc1c9d39a
IN-AC-1967-uttar-pradesh-128,uttar-pradesh,1969,128,LAMBHUA,RAJESHWAR SAHAI TRIPATHI,parties.IN.PSP,PSP,3321,5.93,4,forfeit,U,,,,challenger,src-1b7bc1c9d39a
IN-AC-1967-uttar-pradesh-128,uttar-pradesh,1969,128,LAMBHUA,JAGANNATH PD. VERMA,parties.IN.SSP,SSP,1965,3.51,5,forfeit,U,,,,challenger,src-1b7bc1c9d39a
IN-AC-1967-uttar-pradesh-128,uttar-pradesh,1969,128,LAMBHUA,RAM AUTAR,parties.IN.RPI,RPI,1799,3.21,6,forfeit,U,,,,challenger,src-1b7bc1c9d39a
IN-AC-1967-uttar-pradesh-129,uttar-pradesh,1969,129,KADIPUR,JAGDISH PRASAD,parties.IN.INC,INC,17519,39.37,1,won,U,,,,challenger,src-1b7bc1c9d39a
IN-AC-1967-uttar-pradesh-129,uttar-pradesh,1969,129,KADIPUR,SUKHDEO,parties.IN.BKD,BKD,13171,29.6,2,lost,U,,,,incumbent,src-1b7bc1c9d39a
IN-AC-1967-uttar-pradesh-129,uttar-pradesh,1969,129,KADIPUR,JAGRAM,parties.IN.CPIM,CPM,7473,16.79,3,lost,U,,,,challenger,src-1b7bc1c9d39a
IN-AC-1967-uttar-pradesh-129,uttar-pradesh,1969,129,KADIPUR,HARKHALI,parties.IN.BJS,BJS,6335,14.24,4,forfeit,U,,,,challenger,src-1b7bc1c9d39a
IN-AC-1967-uttar-pradesh-130,uttar-pradesh,1969,130,KATEHRI,BHAGWATI PRASAD SHUKLA,parties.IN.INC,INC,16299,32.33,1,won,U,,,,challenger,src-1b7bc1c9d39a
IN-AC-1967-uttar-pradesh-130,uttar-pradesh,1969,130,KATEHRI,DEBI PRASAD SINGH,parties.IN.BKD,BKD,10973,21.76,2,lost,U,,,,challenger,src-1b7bc1c9d39a
IN-AC-1967-uttar-pradesh-130,uttar-pradesh,1969,130,KATEHRI,UDAI PRATAP SINGH,parties.IN.IND,IND,7251,14.38,3,forfeit,U,,,,challenger,src-1b7bc1c9d39a
IN-AC-1967-uttar-pradesh-130,uttar-pradesh,1969,130,KATEHRI,RAM PRASAD,parties.IN.IND,IND,5677,11.26,4,forfeit,U,,,,challenger,src-1b7bc1c9d39a
IN-AC-1967-uttar-pradesh-130,uttar-pradesh,1969,130,KATEHRI,SACHCHIDA NAND SINGH,parties.IN.CPI,CPI,5269,10.45,5,forfeit,U,,,,challenger,src-1b7bc1c9d39a
IN-AC-1967-uttar-pradesh-130,uttar-pradesh,1969,130,KATEHRI,RAM DEO SINGH,parties.IN.BJS,BJS,4301,8.53,6,forfeit,U,,,,challenger,src-1b7bc1c9d39a
IN-AC-1967-uttar-pradesh-130,uttar-pradesh,1969,130,KATEHRI,JURAIN ALIAS JHRAI RAM,parties.IN.SSP,SSP,651,1.29,7,forfeit,U,,,,challenger,src-1b7bc1c9d39a
IN-AC-1967-uttar-pradesh-131,uttar-pradesh,1969,131,AKBARPUR,PRIYA DARSHI JETLY,parties.IN.INC,INC,31754,45.42,1,won,U,,,,challenger,src-1b7bc1c9d39a
IN-AC-1967-uttar-pradesh-131,uttar-pradesh,1969,131,AKBARPUR,JAI RAM VARMA,parties.IN.BKD,BKD,16527,23.64,2,lost,U,,,,challenger,src-1b7bc1c9d39a
IN-AC-1967-uttar-pradesh-131,uttar-pradesh,1969,131,AKBARPUR,RAM ADHAR,parties.IN.CPIM,CPM,14443,20.66,3,lost,U,,,,challenger,src-1b7bc1c9d39a
IN-AC-1967-uttar-pradesh-131,uttar-pradesh,1969,131,AKBARPUR,RAM ANJORE YADAVA,parties.IN.IND,IND,4582,6.55,4,forfeit,U,,,,challenger,src-1b7bc1c9d39a
IN-AC-1967-uttar-pradesh-131,uttar-pradesh,1969,131,AKBARPUR,SHYAM LAL,parties.IN.SSP,SSP,1390,1.99,5,forfeit,U,,,,challenger,src-1b7bc1c9d39a
IN-AC-1967-uttar-pradesh-131,uttar-pradesh,1969,131,AKBARPUR,HARISH CHAND SINGH,parties.IN.BJS,BJS,1216,1.74,6,forfeit,U,,,,challenger,src-1b7bc1c9d39a
IN-AC-1967-uttar-pradesh-132,uttar-pradesh,1969,132,JALALPUR,JAGDAMBA PRASAD,parties.IN.INC,INC,19785,27.54,1,won,U,,,,challenger,src-1b7bc1c9d39a
IN-AC-1967-uttar-pradesh-132,uttar-pradesh,1969,132,JALALPUR,MANSA RAM,parties.IN.BKD,BKD,15522,21.61,2,lost,U,,,,challenger,src-1b7bc1c9d39a
IN-AC-1967-uttar-pradesh-132,uttar-pradesh,1969,132,JALALPUR,BHAGWATI SINGH,parties.IN.CPIM,CPM,11702,16.29,3,forfeit,U,,,,challenger,src-1b7bc1c9d39a
IN-AC-1967-uttar-pradesh-132,uttar-pradesh,1969,132,JALALPUR,RAM AWADH,parties.IN.IND,IND,11050,15.38,4,forfeit,U,,,,challenger,src-1b7bc1c9d39a
IN-AC-1967-uttar-pradesh-132,uttar-pradesh,1969,132,JALALPUR,JAGPATI SINGH,parties.IN.BJS,BJS,6402,8.91,5,forfeit,U,,,,challenger,src-1b7bc1c9d39a
IN-AC-1967-uttar-pradesh-132,uttar-pradesh,1969,132,JALALPUR,RAM PRASAD SINGH,parties.IN.PSP,PSP,4742,6.6,6,forfeit,U,,,,challenger,src-1b7bc1c9d39a
IN-AC-1967-uttar-pradesh-132,uttar-pradesh,1969,132,JALALPUR,GANGA SHARAN,parties.IN.SSP,SSP,2641,3.68,7,forfeit,U,,,,challenger,src-1b7bc1c9d39a
IN-AC-1967-uttar-pradesh-133,uttar-pradesh,1969,133,JAHANGIRGANJ,RAM AWADH,parties.IN.BKD,BKD,11602,28.43,1,won,U,,,,challenger,src-1b7bc1c9d39a
IN-AC-1967-uttar-pradesh-133,uttar-pradesh,1969,133,JAHANGIRGANJ,RAM RATI DEVI,parties.IN.INC,INC,9124,22.35,2,lost,U,,,,challenger,src-1b7bc1c9d39a
IN-AC-1967-uttar-pradesh-133,uttar-pradesh,1969,133,JAHANGIRGANJ,BADAL RAM,parties.IN.SSP,SSP,9090,22.27,3,lost,U,,,,challenger,src-1b7bc1c9d39a
IN-AC-1967-uttar-pradesh-133,uttar-pradesh,1969,133,JAHANGIRGANJ,RAM JEET,parties.IN.BJS,BJS,6612,16.2,4,forfeit,U,,,,challenger,src-1b7bc1c9d39a
IN-AC-1967-uttar-pradesh-133,uttar-pradesh,1969,133,JAHANGIRGANJ,DAULAT RAM,parties.IN.CPIM,CPM,2203,5.4,5,forfeit,U,,,,challenger,src-1b7bc1c9d39a
IN-AC-1967-uttar-pradesh-133,uttar-pradesh,1969,133,JAHANGIRGANJ,PRABHU RAM,parties.IN.RPI,RPI,990,2.43,6,forfeit,U,,,,challenger,src-1b7bc1c9d39a
IN-AC-1967-uttar-pradesh-133,uttar-pradesh,1969,133,JAHANGIRGANJ,RAM SUMER,parties.IN.MAP,MAP,895,2.19,7,forfeit,U,,,,challenger,src-1b7bc1c9d39a
IN-AC-1967-uttar-pradesh-133,uttar-pradesh,1969,133,JAHANGIRGANJ,SHRI RAM,parties.IN.PSP,PSP,299,0.73,8,forfeit,U,,,,challenger,src-1b7bc1c9d39a
IN-AC-1967-uttar-pradesh-134,uttar-pradesh,1969,134,TANDA,RAM CHANDRA AZAD,parties.IN.BKD,BKD,22995,33.78,1,won,U,,,,challenger,src-1b7bc1c9d39a
IN-AC-1967-uttar-pradesh-134,uttar-pradesh,1969,134,TANDA,MUKHTAR AMMAD,parties.IN.INC,INC,21312,31.31,2,lost,U,,,,challenger,src-1b7bc1c9d39a
IN-AC-1967-uttar-pradesh-134,uttar-pradesh,1969,134,TANDA,PUTTO RAM,parties.IN.RPI,RPI,11703,17.19,3,lost,U,,,,challenger,src-1b7bc1c9d39a
IN-AC-1967-uttar-pradesh-134,uttar-pradesh,1969,134,TANDA,VIJAI KRISHNA JAISWAL,parties.IN.BJS,BJS,8244,12.11,4,forfeit,U,,,,challenger,src-1b7bc1c9d39a
IN-AC-1967-uttar-pradesh-134,uttar-pradesh,1969,134,TANDA,MOHD. HANIF,parties.IN.AIFB,FBL,2305,3.39,5,forfeit,U,,,,challenger,src-1b7bc1c9d39a
IN-AC-1967-uttar-pradesh-134,uttar-pradesh,1969,134,TANDA,MUKHTAR AHMAD,parties.IN.SSP,SSP,1513,2.22,6,forfeit,U,,,,challenger,src-1b7bc1c9d39a
IN-AC-1967-uttar-pradesh-135,uttar-pradesh,1969,135,MAYA,SHAMBHOO NARAIN SINGH,parties.IN.CPI,CPI,17282,36.7,1,won,U,,,,challenger,src-1b7bc1c9d39a
IN-AC-1967-uttar-pradesh-135,uttar-pradesh,1969,135,MAYA,ADYA PRASAD PANDEY,parties.IN.INC,INC,12168,25.84,2,lost,U,,,,challenger,src-1b7bc1c9d39a
IN-AC-1967-uttar-pradesh-135,uttar-pradesh,1969,135,MAYA,THAKURDIN,parties.IN.BKD,BKD,9207,19.55,3,lost,U,,,,challenger,src-1b7bc1c9d39a
IN-AC-1967-uttar-pradesh-135,uttar-pradesh,1969,135,MAYA,DHARAM RAJ SINGH,parties.IN.BJS,BJS,7886,16.75,4,lost,U,,,,challenger,src-1b7bc1c9d39a
IN-AC-1967-uttar-pradesh-135,uttar-pradesh,1969,135,MAYA,TRIBHUWAN NATH,parties.IN.SVC,SVC,550,1.17,5,forfeit,U,,,,challenger,src-1b7bc1c9d39a
IN-AC-1967-uttar-pradesh-136,uttar-pradesh,1969,136,AYODHYA,VISHWANATH KAPOOR,parties.IN.INC,INC,19569,37.8,1,won,U,,,,challenger,src-1b7bc1c9d39a
IN-AC-1967-uttar-pradesh-136,uttar-pradesh,1969,136,AYODHYA,RAM NARAIN TRIPATHI,parties.IN.BKD,BKD,15652,30.24,2,lost,U,,,,challenger,src-1b7bc1c9d39a
IN-AC-1967-uttar-pradesh-136,uttar-pradesh,1969,136,AYODHYA,MAHENDRA PRATAP SINGH,parties.IN.BJS,BJS,14291,27.61,3,lost,U,,,,challenger,src-1b7bc1c9d39a
IN-AC-1967-uttar-pradesh-136,uttar-pradesh,1969,136,AYODHYA,P . K . SINGH,parties.IN.MAP,MAP,1020,1.97,4,forfeit,U,,,,challenger,src-1b7bc1c9d39a
IN-AC-1967-uttar-pradesh-136,uttar-pradesh,1969,136,AYODHYA,KRISHNA PAL SINGH,parties.IN.SSP,SSP,646,1.25,5,forfeit,U,,,,challenger,src-1b7bc1c9d39a
IN-AC-1967-uttar-pradesh-136,uttar-pradesh,1969,136,AYODHYA,MAHADEO PRASAD BARAI,parties.IN.IND,IND,586,1.13,6,forfeit,U,,,,challenger,src-1b7bc1c9d39a
IN-AC-1967-uttar-pradesh-137,uttar-pradesh,1969,137,BIKAPUR,MANWATI DEVI,parties.IN.INC,INC,22069,41.62,1,won,U,,,,challenger,src-1b7bc1c9d39a
IN-AC-1967-uttar-pradesh-137,uttar-pradesh,1969,137,BIKAPUR,RAJ BAHADUR DIVEDI,parties.IN.BKD,BKD,13722,25.88,2,lost,U,,,,challenger,src-1b7bc1c9d39a
IN-AC-1967-uttar-pradesh-137,uttar-pradesh,1969,137,BIKAPUR,SITA RAM NISHAO,parties.IN.CPI,CPI,11677,22.02,3,lost,U,,,,challenger,src-1b7bc1c9d39a
IN-AC-1967-uttar-pradesh-137,uttar-pradesh,1969,137,BIKAPUR,RAJ BAHADUR,parties.IN.BJS,BJS,3896,7.35,4,forfeit,U,,,,challenger,src-1b7bc1c9d39a
IN-AC-1967-uttar-pradesh-137,uttar-pradesh,1969,137,BIKAPUR,SARBJIT LAL,parties.IN.PSP,PSP,844,1.59,5,forfeit,U,,,,challenger,src-1b7bc1c9d39a
IN-AC-1967-uttar-pradesh-137,uttar-pradesh,1969,137,BIKAPUR,ABHAI RAJ,parties.IN.IND,IND,811,1.53,6,forfeit,U,,,,challenger,src-1b7bc1c9d39a
IN-AC-1967-uttar-pradesh-138,uttar-pradesh,1969,138,MILKIPUR,HARI NATH TEWARI,parties.IN.BJS,BJS,12780,32.16,1,won,U,,,,challenger,src-1b7bc1c9d39a
IN-AC-1967-uttar-pradesh-138,uttar-pradesh,1969,138,MILKIPUR,BRIJ BASI LAL,parties.IN.INC,INC,9201,23.15,2,lost,U,,,,challenger,src-1b7bc1c9d39a
IN-AC-1967-uttar-pradesh-138,uttar-pradesh,1969,138,MILKIPUR,UDAI RAJ,parties.IN.CPI,CPI,8354,21.02,3,lost,U,,,,challenger,src-1b7bc1c9d39a
IN-AC-1967-uttar-pradesh-138,uttar-pradesh,1969,138,MILKIPUR,DHARAM CHAND MISRA,parties.IN.BKD,BKD,7505,18.88,4,lost,U,,,,challenger,src-1b7bc1c9d39a
IN-AC-1967-uttar-pradesh-138,uttar-pradesh,1969,138,MILKIPUR,RAM HARASH,parties.IN.IND,IND,1902,4.79,5,forfeit,U,,,,challenger,src-1b7bc1c9d39a
IN-AC-1967-uttar-pradesh-139,uttar-pradesh,1969,139,SOHAWAL,DHOOM PRASAD,parties.IN.BJS,BJS,16705,47.21,1,won,U,,,,challenger,src-1b7bc1c9d39a
IN-AC-1967-uttar-pradesh-139,uttar-pradesh,1969,139,SOHAWAL,JANKI PRASAD,parties.IN.INC,INC,11326,32.01,2,lost,U,,,,challenger,src-1b7bc1c9d39a
IN-AC-1967-uttar-pradesh-139,uttar-pradesh,1969,139,SOHAWAL,BHARAT LAL,parties.IN.BKD,BKD,6380,18.03,3,lost,U,,,,challenger,src-1b7bc1c9d39a
IN-AC-1967-uttar-pradesh-139,uttar-pradesh,1969,139,SOHAWAL,MIHI LAL,parties.IN.CPI,CPI,971,2.74,4,forfeit,U,,,,challenger,src-1b7bc1c9d39a
IN-AC-1967-uttar-pradesh-140,uttar-pradesh,1969,140,RUDAULI,KRISHNA MAGAN SINGH,parties.IN.INC,INC,15981,28.01,1,won,U,,,,challenger,src-1b7bc1c9d39a
IN-AC-1967-uttar-pradesh-140,uttar-pradesh,1969,140,RUDAULI,CHANDRA KUMAR,parties.IN.IND,IND,15459,27.09,2,lost,U,,,,challenger,src-1b7bc1c9d39a
IN-AC-1967-uttar-pradesh-140,uttar-pradesh,1969,140,RUDAULI,MUKUT BEHARI LAL,parties.IN.BJS,BJS,10010,17.54,3,lost,U,,,,challenger,src-1b7bc1c9d39a
IN-AC-1967-uttar-pradesh-140,uttar-pradesh,1969,140,RUDAULI,HARIKARAN NATH SINGH,parties.IN.SSP,SSP,9339,16.37,4,forfeit,U,,,,challenger,src-1b7bc1c9d39a
IN-AC-1967-uttar-pradesh-140,uttar-pradesh,1969,140,RUDAULI,RAM DASS,parties.IN.BKD,BKD,6266,10.98,5,forfeit,U,,,,challenger,src-1b7bc1c9d39a
IN-AC-1967-uttar-pradesh-141,uttar-pradesh,1969,141,DARYABAD,GIRJA SHANKAR,parties.IN.INC,INC,24265,38.58,1,won,U,,,,challenger,src-1b7bc1c9d39a
IN-AC-1967-uttar-pradesh-141,uttar-pradesh,1969,141,DARYABAD,BRAJESHWAR BALI,parties.IN.SWA,SWA,19489,30.98,2,lost,U,,,,challenger,src-1b7bc1c9d39a
IN-AC-1967-uttar-pradesh-141,uttar-pradesh,1969,141,DARYABAD,ASHARFI LAL YADAV,parties.IN.SSP,SSP,10389,16.52,3,forfeit,U,,,,challenger,src-1b7bc1c9d39a
IN-AC-1967-uttar-pradesh-141,uttar-pradesh,1969,141,DARYABAD,MOHD. SHAMIM,parties.IN.BKD,BKD,4976,7.91,4,forfeit,U,,,,challenger,src-1b7bc1c9d39a
IN-AC-1967-uttar-pradesh-141,uttar-pradesh,1969,141,DARYABAD,MADHAV PRASAD,parties.IN.BJS,BJS,2416,3.84,5,forfeit,U,,,,challenger,src-1b7bc1c9d39a
IN-AC-1967-uttar-pradesh-141,uttar-pradesh,1969,141,DARYABAD,BALRAM SHARMA,parties.IN.MAP,MAP,1365,2.17,6,forfeit,U,,,,challenger,src-1b7bc1c9d39a
IN-AC-1967-uttar-pradesh-142,uttar-pradesh,1969,142,SIDDHAUR,SHEO KAILASH,parties.IN.SSP,SSP,12407,30.83,1,won,U,,,,challenger,src-1b7bc1c9d39a
IN-AC-1967-uttar-pradesh-142,uttar-pradesh,1969,142,SIDDHAUR,SHATROHAN,parties.IN.BJS,BJS,9861,24.51,2,lost,U,,,,challenger,src-1b7bc1c9d39a
IN-AC-1967-uttar-pradesh-142,uttar-pradesh,1969,142,SIDDHAUR,MENDI LAL,parties.IN.BKD,BKD,8774,21.8,3,lost,U,,,,crossover,src-1b7bc1c9d39a
IN-AC-1967-uttar-pradesh-142,uttar-pradesh,1969,142,SIDDHAUR,GHANSHYAM DASS,parties.IN.INC,INC,8140,20.23,4,lost,U,,,,challenger,src-1b7bc1c9d39a
IN-AC-1967-uttar-pradesh-142,uttar-pradesh,1969,142,SIDDHAUR,ASHOKA NAND BRAMHVETTA,parties.IN.MAP,MAP,1058,2.63,5,forfeit,U,,,,challenger,src-1b7bc1c9d39a
IN-AC-1967-uttar-pradesh-143,uttar-pradesh,1969,143,HAIDERGARH,HAMIDA HABIULLAH,parties.IN.INC,INC,22240,41.87,1,won,U,,,,challenger,src-1b7bc1c9d39a
IN-AC-1967-uttar-pradesh-143,uttar-pradesh,1969,143,HAIDERGARH,RAM KISHORE TRIPATHI,parties.IN.IND,IND,10818,20.37,2,lost,U,,,,challenger,src-1b7bc1c9d39a
IN-AC-1967-uttar-pradesh-143,uttar-pradesh,1969,143,HAIDERGARH,JANG BAHADUR,parties.IN.SSP,SSP,9517,17.92,3,lost,U,,,,challenger,src-1b7bc1c9d39a
IN-AC-1967-uttar-pradesh-143,uttar-pradesh,1969,143,HAIDERGARH,BHAGWAN VATS,parties.IN.BKD,BKD,7956,14.98,4,forfeit,U,,,,challenger,src-1b7bc1c9d39a
IN-AC-1967-uttar-pradesh-143,uttar-pradesh,1969,143,HAIDERGARH,SUNDER LAL,parties.IN.PSP,PSP,1431,2.69,5,forfeit,U,,,,challenger,src-1b7bc1c9d39a
IN-AC-1967-uttar-pradesh-143,uttar-pradesh,1969,143,HAIDERGARH,DEO LAL DUBE AZAD,parties.IN.MAP,MAP,1153,2.17,6,forfeit,U,,,,challenger,src-1b7bc1c9d39a
IN-AC-1967-uttar-pradesh-144,uttar-pradesh,1969,144,MASAULI,MUSTAFA KAMIL KIDWAI,parties.IN.IND,IND,19362,36.92,1,won,U,,,,challenger,src-1b7bc1c9d39a
IN-AC-1967-uttar-pradesh-144,uttar-pradesh,1969,144,MASAULI,JAMILUR REHMAN KIDWAI,parties.IN.INC,INC,13501,25.74,2,lost,U,,,,challenger,src-1b7bc1c9d39a
IN-AC-1967-uttar-pradesh-144,uttar-pradesh,1969,144,MASAULI,PUTTI LAL,parties.IN.SSP,SSP,8429,16.07,3,forfeit,U,,,,challenger,src-1b7bc1c9d39a
IN-AC-1967-uttar-pradesh-144,uttar-pradesh,1969,144,MASAULI,HARI PRASAD,parties.IN.BKD,BKD,6926,13.21,4,forfeit,U,,,,challenger,src-1b7bc1c9d39a
IN-AC-1967-uttar-pradesh-144,uttar-pradesh,1969,144,MASAULI,PARBATI,parties.IN.IND,IND,1575,3,5,forfeit,U,,,,challenger,src-1b7bc1c9d39a
IN-AC-1967-uttar-pradesh-144,uttar-pradesh,1969,144,MASAULI,RAJA RAM,parties.IN.CPI,CPI,1533,2.92,6,forfeit,U,,,,challenger,src-1b7bc1c9d39a
IN-AC-1967-uttar-pradesh-144,uttar-pradesh,1969,144,MASAULI,JAGAT NARAIN DIXIT,parties.IN.BJS,BJS,1119,2.13,7,forfeit,U,,,,challenger,src-1b7bc1c9d39a
IN-AC-1967-uttar-pradesh-145,uttar-pradesh,1969,145,NAWABGANJ,ANANT RAM JAISWAL,parties.IN.SSP,SSP,21517,32.51,1,won,U,,,,challenger,src-1b7bc1c9d39a
IN-AC-1967-uttar-pradesh-145,uttar-pradesh,1969,145,NAWABGANJ,SHYAM LAL BAJPAYEE,parties.IN.INC,INC,15748,23.79,2,lost,U,,,,challenger,src-1b7bc1c9d39a
IN-AC-1967-uttar-pradesh-145,uttar-pradesh,1969,145,NAWABGANJ,BHAGAUTI PRASAD,parties.IN.BKD,BKD,13700,20.7,3,lost,U,,,,challenger,src-1b7bc1c9d39a
IN-AC-1967-uttar-pradesh-145,uttar-pradesh,1969,145,NAWABGANJ,AMIR HAIDER,parties.IN.MAP,MAP,5406,8.17,4,forfeit,U,,,,challenger,src-1b7bc1c9d39a
IN-AC-1967-uttar-pradesh-145,uttar-pradesh,1969,145,NAWABGANJ,MOHD. AHSAN ANSARI,parties.IN.IND,IND,5238,7.91,5,forfeit,U,,,,challenger,src-1b7bc1c9d39a
IN-AC-1967-uttar-pradesh-145,uttar-pradesh,1969,145,NAWABGANJ,SHEO RATAN LAL,parties.IN.BJS,BJS,2519,3.81,6,forfeit,U,,,,challenger,src-1b7bc1c9d39a
IN-AC-1967-uttar-pradesh-145,uttar-pradesh,1969,145,NAWABGANJ,NATTHA RAM RAWAT,parties.IN.IND,IND,1536,2.32,7,forfeit,U,,,,challenger,src-1b7bc1c9d39a
IN-AC-1967-uttar-pradesh-145,uttar-pradesh,1969,145,NAWABGANJ,SIYA RAM,parties.IN.CPI,CPI,520,0.79,8,forfeit,U,,,,challenger,src-1b7bc1c9d39a
IN-AC-1967-uttar-pradesh-146,uttar-pradesh,1969,146,FATEHPUR,NATTHA RAM,parties.IN.INC,INC,21498,43.81,1,won,U,,,,challenger,src-1b7bc1c9d39a
IN-AC-1967-uttar-pradesh-146,uttar-pradesh,1969,146,FATEHPUR,NANHE LAL,parties.IN.SSP,SSP,19399,39.53,2,lost,U,,,,challenger,src-1b7bc1c9d39a
IN-AC-1967-uttar-pradesh-146,uttar-pradesh,1969,146,FATEHPUR,MUKUNDI LAL,parties.IN.BJS,BJS,4195,8.55,3,forfeit,U,,,,challenger,src-1b7bc1c9d39a
IN-AC-1967-uttar-pradesh-146,uttar-pradesh,1969,146,FATEHPUR,TULA RAM RAWAT,parties.IN.BKD,BKD,3979,8.11,4,forfeit,U,,,,challenger,src-1b7bc1c9d39a
IN-AC-1967-uttar-pradesh-147,uttar-pradesh,1969,147,RAMNAGAR,SHESH NARAIN SHUKLA,parties.IN.INC,INC,25360,44.69,1,won,U,,,,challenger,src-1b7bc1c9d39a
IN-AC-1967-uttar-pradesh-147,uttar-pradesh,1969,147,RAMNAGAR,HANSRAJ SINGH,parties.IN.SSP,SSP,17409,30.68,2,lost,U,,,,challenger,src-1b7bc1c9d39a
IN-AC-1967-uttar-pradesh-147,uttar-pradesh,1969,147,RAMNAGAR,SHANKAR LAL,parties.IN.BKD,BKD,8528,15.03,3,forfeit,U,,,,challenger,src-1b7bc1c9d39a
IN-AC-1967-uttar-pradesh-147,uttar-pradesh,1969,147,RAMNAGAR,SHYAM BEHARI,parties.IN.BJS,BJS,5044,8.89,4,forfeit,U,,,,challenger,src-1b7bc1c9d39a
IN-AC-1967-uttar-pradesh-147,uttar-pradesh,1969,147,RAMNAGAR,RADHEY SHYAM JAISWAL,parties.IN.MAP,MAP,400,0.7,5,forfeit,U,,,,challenger,src-1b7bc1c9d39a
IN-AC-1967-uttar-pradesh-148,uttar-pradesh,1969,148,KAISARGANJ,BHAGWATI SINGH,parties.IN.INC,INC,22784,38.75,1,won,U,,,,challenger,src-1b7bc1c9d39a
IN-AC-1967-uttar-pradesh-148,uttar-pradesh,1969,148,KAISARGANJ,BABU LAL VERMA,parties.IN.BJS,BJS,21058,35.81,2,lost,U,,,,challenger,src-1b7bc1c9d39a
IN-AC-1967-uttar-pradesh-148,uttar-pradesh,1969,148,KAISARGANJ,MAHADEO SINGH,parties.IN.BKD,BKD,8700,14.79,3,forfeit,U,,,,challenger,src-1b7bc1c9d39a
IN-AC-1967-uttar-pradesh-148,uttar-pradesh,1969,148,KAISARGANJ,PRAYAG NARAIN,parties.IN.SSP,SSP,6263,10.65,4,forfeit,U,,,,challenger,src-1b7bc1c9d39a
IN-AC-1967-uttar-pradesh-149,uttar-pradesh,1969,149,FAKHARPUR,BASUDEO SINGH,parties.IN.BJS,BJS,22469,48.99,1,won,U,,,,challenger,src-1b7bc1c9d39a
IN-AC-1967-uttar-pradesh-149,uttar-pradesh,1969,149,FAKHARPUR,SUNDER SINGH,parties.IN.INC,INC,13729,29.93,2,lost,U,,,,challenger,src-1b7bc1c9d39a
IN-AC-1967-uttar-pradesh-149,uttar-pradesh,1969,149,FAKHARPUR,PRATAP BAHADUR SINGH,parties.IN.SWA,SWA,3161,6.89,3,forfeit,U,,,,challenger,src-1b7bc1c9d39a
IN-AC-1967-uttar-pradesh-149,uttar-pradesh,1969,149,FAKHARPUR,ABDUL HASEEB KHAN,parties.IN.IND,IND,2923,6.37,4,forfeit,U,,,,challenger,src-1b7bc1c9d39a
IN-AC-1967-uttar-pradesh-149,uttar-pradesh,1969,149,FAKHARPUR,CHIRAUNJI LAL,parties.IN.KMP,KMP,1227,2.68,5,forfeit,U,,,,challenger,src-1b7bc1c9d39a
IN-AC-1967-uttar-pradesh-149,uttar-pradesh,1969,149,FAKHARPUR,PARAS NATH,parties.IN.BKD,BKD,1184,2.58,6,forfeit,U,,,,challenger,src-1b7bc1c9d39a
IN-AC-1967-uttar-pradesh-149,uttar-pradesh,1969,149,FAKHARPUR,MATA PRASAD,parties.IN.IND,IND,1170,2.55,7,forfeit,U,,,,challenger,src-1b7bc1c9d39a
IN-AC-1967-uttar-pradesh-150,uttar-pradesh,1969,150,MAHSI,RAM HARAKH,parties.IN.INC,INC,14643,39.15,1,won,U,,,,challenger,src-1b7bc1c9d39a
IN-AC-1967-uttar-pradesh-150,uttar-pradesh,1969,150,MAHSI,GAYA PRASAD,parties.IN.BJS,BJS,14496,38.76,2,lost,U,,,,challenger,src-1b7bc1c9d39a
IN-AC-1967-uttar-pradesh-150,uttar-pradesh,1969,150,MAHSI,MUNNA SINGH,parties.IN.SWA,SWA,5247,14.03,3,forfeit,U,,,,challenger,src-1b7bc1c9d39a
IN-AC-1967-uttar-pradesh-150,uttar-pradesh,1969,150,MAHSI,RAM CHANDRA,parties.IN.BKD,BKD,1661,4.44,4,forfeit,U,,,,challenger,src-1b7bc1c9d39a
IN-AC-1967-uttar-pradesh-150,uttar-pradesh,1969,150,MAHSI,SABIT KHAN,parties.IN.RPI,RPI,730,1.95,5,forfeit,U,,,,challenger,src-1b7bc1c9d39a
IN-AC-1967-uttar-pradesh-150,uttar-pradesh,1969,150,MAHSI,TIRTH RAJ MANI,parties.IN.SSP,SSP,627,1.68,6,forfeit,U,,,,challenger,src-1b7bc1c9d39a
IN-AC-1967-uttar-pradesh-151,uttar-pradesh,1969,151,SHEOPUR,BASANT LAL,parties.IN.INC,INC,19107,45.83,1,won,U,,,,challenger,src-1b7bc1c9d39a
IN-AC-1967-uttar-pradesh-151,uttar-pradesh,1969,151,SHEOPUR,RAM ACHAL SINGH SENGER,parties.IN.BJS,BJS,18063,43.33,2,lost,U,,,,challenger,src-1b7bc1c9d39a
IN-AC-1967-uttar-pradesh-151,uttar-pradesh,1969,151,SHEOPUR,MOHD. NIZAMUDDIN,parties.IN.BKD,BKD,2438,5.85,3,forfeit,U,,,,challenger,src-1b7bc1c9d39a
IN-AC-1967-uttar-pradesh-151,uttar-pradesh,1969,151,SHEOPUR,SATTAR,parties.IN.SOC,SOC,1045,2.51,4,forfeit,U,,,,challenger,src-1b7bc1c9d39a
IN-AC-1967-uttar-pradesh-151,uttar-pradesh,1969,151,SHEOPUR,SHYAM NARAIN SHARMA,parties.IN.SWA,SWA,1036,2.49,5,forfeit,U,,,,challenger,src-1b7bc1c9d39a
IN-AC-1967-uttar-pradesh-152,uttar-pradesh,1969,152,NANPARA,PARAS NATH SINGH,parties.IN.BJS,BJS,17558,44.45,1,won,U,,,,challenger,src-1b7bc1c9d39a
IN-AC-1967-uttar-pradesh-152,uttar-pradesh,1969,152,NANPARA,SARDAR ALI,parties.IN.INC,INC,13612,34.46,2,lost,U,,,,challenger,src-1b7bc1c9d39a
IN-AC-1967-uttar-pradesh-152,uttar-pradesh,1969,152,NANPARA,JAGDISH NARAIN,parties.IN.CPI,CPI,3356,8.5,3,forfeit,U,,,,challenger,src-1b7bc1c9d39a
IN-AC-1967-uttar-pradesh-152,uttar-pradesh,1969,152,NANPARA,KAPILDEO SINGH,parties.IN.IND,IND,2588,6.55,4,forfeit,U,,,,challenger,src-1b7bc1c9d39a
IN-AC-1967-uttar-pradesh-152,uttar-pradesh,1969,152,NANPARA,BHAGWAN DEEN,parties.IN.BKD,BKD,1597,4.04,5,forfeit,U,,,,challenger,src-1b7bc1c9d39a
IN-AC-1967-uttar-pradesh-152,uttar-pradesh,1969,152,NANPARA,MOHD. SHAKIR,parties.IN.RPI,RPI,792,2,6,forfeit,U,,,,challenger,src-1b7bc1c9d39a
IN-AC-1967-uttar-pradesh-153,uttar-pradesh,1969,153,CHARDA,MAHADEO PRASAD,parties.IN.INC,INC,15462,46.95,1,won,U,,,,challenger,src-1b7bc1c9d39a
IN-AC-1967-uttar-pradesh-153,uttar-pradesh,1969,153,CHARDA,GAJADHAR,parties.IN.BJS,BJS,13111,39.81,2,lost,U,,,,challenger,src-1b7bc1c9d39a
IN-AC-1967-uttar-pradesh-153,uttar-pradesh,1969,153,CHARDA,FATAI,parties.IN.RPI,RPI,2201,6.68,3,forfeit,U,,,,challenger,src-1b7bc1c9d39a
IN-AC-1967-uttar-pradesh-153,uttar-pradesh,1969,153,CHARDA,PRAHLAD,parties.IN.CPI,CPI,1235,3.75,4,forfeit,U,,,,challenger,src-1b7bc1c9d39a
IN-AC-1967-uttar-pradesh-153,uttar-pradesh,1969,153,CHARDA,SHYAM KUMARI,parties.IN.BKD,BKD,924,2.81,5,forfeit,U,,,,challenger,src-1b7bc1c9d39a
IN-AC-1967-uttar-pradesh-154,uttar-pradesh,1969,154,BHINGA,CHANDRA MANI KANT SINGH,parties.IN.INC,INC,27547,66.95,1,won,U,,,,challenger,src-1b7bc1c9d39a
IN-AC-1967-uttar-pradesh-154,uttar-pradesh,1969,154,BHINGA,KAMLA PRASAD,parties.IN.BJS,BJS,11575,28.13,2,lost,U,,,,challenger,src-1b7bc1c9d39a
IN-AC-1967-uttar-pradesh-154,uttar-pradesh,1969,154,BHINGA,DWARIKA PRASAD,parties.IN.SSP,SSP,1029,2.5,3,forfeit,U,,,,challenger,src-1b7bc1c9d39a
IN-AC-1967-uttar-pradesh-154,uttar-pradesh,1969,154,BHINGA,IQBAL BAHADUR,parties.IN.BKD,BKD,624,1.52,4,forfeit,U,,,,challenger,src-1b7bc1c9d39a
IN-AC-1967-uttar-pradesh-154,uttar-pradesh,1969,154,BHINGA,RAMESHWAR PD. PANDEY,parties.IN.KMP,KMP,371,0.9,5,forfeit,U,,,,challenger,src-1b7bc1c9d39a
IN-AC-1967-uttar-pradesh-155,uttar-pradesh,1969,155,BAHRAICH,KEDAR NATH,parties.IN.INC,INC,29104,50.74,1,won,U,,,,challenger,src-1b7bc1c9d39a
IN-AC-1967-uttar-pradesh-155,uttar-pradesh,1969,155,BAHRAICH,KRISHNA BAHADUR,parties.IN.BJS,BJS,25761,44.91,2,lost,U,,,,challenger,src-1b7bc1c9d39a
IN-AC-1967-uttar-pradesh-155,uttar-pradesh,1969,155,BAHRAICH,M. A. HALEEM,parties.IN.SOC,SOC,1569,2.74,3,forfeit,U,,,,challenger,src-1b7bc1c9d39a
IN-AC-1967-uttar-pradesh-155,uttar-pradesh,1969,155,BAHRAICH,MAHABEER PD. (CHATIYA),parties.IN.BKD,BKD,923,1.61,4,forfeit,U,,,,challenger,src-1b7bc1c9d39a
IN-AC-1967-uttar-pradesh-156,uttar-pradesh,1969,156,IKAUNA,BHAGWATI,parties.IN.BJS,BJS,13882,47.43,1,won,U,,,,incumbent,src-1b7bc1c9d39a
IN-AC-1967-uttar-pradesh-156,uttar-pradesh,1969,156,IKAUNA,DEVI PRASAD,parties.IN.INC,INC,9345,31.93,2,lost,U,,,,challenger,src-1b7bc1c9d39a
IN-AC-1967-uttar-pradesh-156,uttar-pradesh,1969,156,IKAUNA,MANGAL PRASAD,parties.IN.BKD,BKD,3913,13.37,3,forfeit,U,,,,challenger,src-1b7bc1c9d39a
IN-AC-1967-uttar-pradesh-156,uttar-pradesh,1969,156,IKAUNA,KEDAR,parties.IN.CPI,CPI,1429,4.88,4,forfeit,U,,,,challenger,src-1b7bc1c9d39a
IN-AC-1967-uttar-pradesh-156,uttar-pradesh,1969,156,IKAUNA,RAM ADHAR KANAUJIA,parties.IN.SWA,SWA,702,2.4,5,forfeit,U,,,,challenger,src-1b7bc1c9d39a
IN-AC-1967-uttar-pradesh-157,uttar-pradesh,1969,157,TULSIPUR,SANT RAM,parties.IN.INC,INC,22874,53.53,1,won,U,,,,challenger,src-1b7bc1c9d39a
IN-AC-1967-uttar-pradesh-157,uttar-pradesh,1969,157,TULSIPUR,SUKHDEO PRASAD,parties.IN.BJS,BJS,18093,42.34,2,lost,U,,,,challenger,src-1b7bc1c9d39a
IN-AC-1967-uttar-pradesh-157,uttar-pradesh,1969,157,TULSIPUR,ASHARFI LAL,parties.IN.BKD,BKD,1766,4.13,3,forfeit,U,,,,challenger,src-1b7bc1c9d39a
IN-AC-1967-uttar-pradesh-158,uttar-pradesh,1969,158,GAINSAPI,VIJAI PAL SINGH,parties.IN.BJS,BJS,32176,54.13,1,won,U,,,,challenger,src-1b7bc1c9d39a
IN-AC-1967-uttar-pradesh-158,uttar-pradesh,1969,158,GAINSAPI,ABDUL MUNIM,parties.IN.INC,INC,24840,41.79,2,lost,U,,,,challenger,src-1b7bc1c9d39a
IN-AC-1967-uttar-pradesh-158,uttar-pradesh,1969,158,GAINSAPI,SHIAM NARAIN YADAV,parties.IN.BKD,BKD,2431,4.09,3,forfeit,U,,,,challenger,src-1b7bc1c9d39a
IN-AC-1967-uttar-pradesh-159,uttar-pradesh,1969,159,BALRAMPUR,MAHESHWAR DUTT SINGH,parties.IN.INC,INC,25415,41.71,1,won,U,,,,challenger,src-1b7bc1c9d39a
IN-AC-1967-uttar-pradesh-159,uttar-pradesh,1969,159,BALRAMPUR,LAT BUX SINGH,parties.IN.BJS,BJS,24307,39.89,2,lost,U,,,,challenger,src-1b7bc1c9d39a
IN-AC-1967-uttar-pradesh-159,uttar-pradesh,1969,159,BALRAMPUR,BABBAN SINGH,parties.IN.IND,IND,8202,13.46,3,forfeit,U,,,,challenger,src-1b7bc1c9d39a
IN-AC-1967-uttar-pradesh-159,uttar-pradesh,1969,159,BALRAMPUR,PREM NARAIN TEWARI,parties.IN.BKD,BKD,1650,2.71,4,forfeit,U,,,,challenger,src-1b7bc1c9d39a
IN-AC-1967-uttar-pradesh-159,uttar-pradesh,1969,159,BALRAMPUR,PARAS RAM,parties.IN.SSP,SSP,1359,2.23,5,forfeit,U,,,,challenger,src-1b7bc1c9d39a
IN-AC-1967-uttar-pradesh-160,uttar-pradesh,1969,160,UTRAULA,SURAJ LAL,parties.IN.BJS,BJS,31628,46.84,1,won,U,,,,challenger,src-1b7bc1c9d39a
IN-AC-1967-uttar-pradesh-160,uttar-pradesh,1969,160,UTRAULA,RAFI AHMAD KHAN,parties.IN.INC,INC,29586,43.81,2,lost,U,,,,challenger,src-1b7bc1c9d39a
IN-AC-1967-uttar-pradesh-160,uttar-pradesh,1969,160,UTRAULA,MASROOR AHMAD,parties.IN.IND,IND,4148,6.14,3,forfeit,U,,,,challenger,src-1b7bc1c9d39a
IN-AC-1967-uttar-pradesh-160,uttar-pradesh,1969,160,UTRAULA,MOHAMMAD HUSAIN GAUR,parties.IN.MAP,MAP,1879,2.78,4,forfeit,U,,,,challenger,src-1b7bc1c9d39a
IN-AC-1967-uttar-pradesh-160,uttar-pradesh,1969,160,UTRAULA,AFSAR HUSAIN JAFRI,parties.IN.BKD,BKD,285,0.42,5,forfeit,U,,,,challenger,src-1b7bc1c9d39a
IN-AC-1967-uttar-pradesh-161,uttar-pradesh,1969,161,SADULLANAGAR,ABDUL GHAFFAR HASHMI,parties.IN.SWA,SWA,17477,32.14,1,won,U,,,,challenger,src-1b7bc1c9d39a
IN-AC-1967-uttar-pradesh-161,uttar-pradesh,1969,161,SADULLANAGAR,DASHRATH SINGH,parties.IN.BJS,BJS,15924,29.28,2,lost,U,,,,challenger,src-1b7bc1c9d39a
IN-AC-1967-uttar-pradesh-161,uttar-pradesh,1969,161,SADULLANAGAR,RAGHURAN TEJ BAHADUR SINGH,parties.IN.BKD,BKD,9439,17.36,3,lost,U,,,,challenger,src-1b7bc1c9d39a
IN-AC-1967-uttar-pradesh-161,uttar-pradesh,1969,161,SADULLANAGAR,VISHNU PRATAP SINGH,parties.IN.INC,INC,7991,14.7,4,forfeit,U,,,,challenger,src-1b7bc1c9d39a
IN-AC-1967-uttar-pradesh-161,uttar-pradesh,1969,161,SADULLANAGAR,PIAREY,parties.IN.IND,IND,1695,3.12,5,forfeit,U,,,,challenger,src-1b7bc1c9d39a
IN-AC-1967-uttar-pradesh-161,uttar-pradesh,1969,161,SADULLANAGAR,MOHAMMAD NAIM,parties.IN.IND,IND,1168,2.15,6,forfeit,U,,,,challenger,src-1b7bc1c9d39a
IN-AC-1967-uttar-pradesh-161,uttar-pradesh,1969,161,SADULLANAGAR,RAJA RAM,parties.IN.IND,IND,685,1.26,7,forfeit,U,,,,challenger,src-1b7bc1c9d39a
IN-AC-1967-uttar-pradesh-162,uttar-pradesh,1969,162,MANKAPUR,ANAND SINGH,parties.IN.INC,INC,40225,77.63,1,won,U,,,,challenger,src-1b7bc1c9d39a
IN-AC-1967-uttar-pradesh-162,uttar-pradesh,1969,162,MANKAPUR,AVADHPATI SINGH,parties.IN.BJS,BJS,6956,13.43,2,forfeit,U,,,,challenger,src-1b7bc1c9d39a
IN-AC-1967-uttar-pradesh-162,uttar-pradesh,1969,162,MANKAPUR,KISHORI LAL,parties.IN.IND,IND,4632,8.94,3,forfeit,U,,,,challenger,src-1b7bc1c9d39a
IN-AC-1967-uttar-pradesh-163,uttar-pradesh,1969,163,MUJEHNA,DEEP NARAIN BAN,parties.IN.INC,INC,21472,43.11,1,won,U,,,,challenger,src-1b7bc1c9d39a
IN-AC-1967-uttar-pradesh-163,uttar-pradesh,1969,163,MUJEHNA,PRATAP NARAIN TEWARI,parties.IN.BJS,BJS,19970,40.09,2,lost,U,,,,challenger,src-1b7bc1c9d39a
IN-AC-1967-uttar-pradesh-163,uttar-pradesh,1969,163,MUJEHNA,SRI MAN NARAIN,parties.IN.CPI,CPI,2377,4.77,3,forfeit,U,,,,challenger,src-1b7bc1c9d39a
IN-AC-1967-uttar-pradesh-163,uttar-pradesh,1969,163,MUJEHNA,BADRI PRASAD,parties.IN.HMS,HMS,1962,3.94,4,forfeit,U,,,,challenger,src-1b7bc1c9d39a
IN-AC-1967-uttar-pradesh-163,uttar-pradesh,1969,163,MUJEHNA,SHYAM SUNDER CHAUDHRI,parties.IN.SSP,SSP,1941,3.9,5,forfeit,U,,,,challenger,src-1b7bc1c9d39a
IN-AC-1967-uttar-pradesh-163,uttar-pradesh,1969,163,MUJEHNA,SURAJ PRASAD OJHA,parties.IN.BKD,BKD,1049,2.11,6,forfeit,U,,,,challenger,src-1b7bc1c9d39a
IN-AC-1967-uttar-pradesh-163,uttar-pradesh,1969,163,MUJEHNA,SARJU PRASAD,parties.IN.SWA,SWA,1040,2.09,7,forfeit,U,,,,challenger,src-1b7bc1c9d39a
IN-AC-1967-uttar-pradesh-164,uttar-pradesh,1969,164,GONDA,TRIVENI SAHAI,parties.IN.BJS,BJS,10801,29.24,1,won,U,,,,challenger,src-1b7bc1c9d39a
IN-AC-1967-uttar-pradesh-164,uttar-pradesh,1969,164,GONDA,MADHVI KANCHAN SINHA,parties.IN.RPA,RPA,8988,24.33,2,lost,U,,,,challenger,src-1b7bc1c9d39a
IN-AC-1967-uttar-pradesh-164,uttar-pradesh,1969,164,GONDA,ISHWAR SARAN,parties.IN.INC,INC,8904,24.1,3,lost,U,,,,challenger,src-1b7bc1c9d39a
IN-AC-1967-uttar-pradesh-164,uttar-pradesh,1969,164,GONDA,ZAMIR AHMAD,parties.IN.SSP,SSP,2865,7.75,4,forfeit,U,,,,challenger,src-1b7bc1c9d39a
IN-AC-1967-uttar-pradesh-164,uttar-pradesh,1969,164,GONDA,JAGDAMBA SINGH,parties.IN.BKD,BKD,2559,6.93,5,forfeit,U,,,,challenger,src-1b7bc1c9d39a
IN-AC-1967-uttar-pradesh-164,uttar-pradesh,1969,164,GONDA,MANGLI PRASAD,parties.IN.IND,IND,2238,6.06,6,forfeit,U,,,,challenger,src-1b7bc1c9d39a
IN-AC-1967-uttar-pradesh-164,uttar-pradesh,1969,164,GONDA,GIRDHAR PRASAD,parties.IN.MAP,MAP,589,1.59,7,forfeit,U,,,,challenger,src-1b7bc1c9d39a
IN-AC-1967-uttar-pradesh-165,uttar-pradesh,1969,165,KATRABAZAR,RAM SINGH,parties.IN.BJS,BJS,14266,43.37,1,won,U,,,,crossover,src-1b7bc1c9d39a
IN-AC-1967-uttar-pradesh-165,uttar-pradesh,1969,165,KATRABAZAR,SURAJ NARAIN PANDEY,parties.IN.INC,INC,9304,28.29,2,lost,U,,,,challenger,src-1b7bc1c9d39a
IN-AC-1967-uttar-pradesh-165,uttar-pradesh,1969,165,KATRABAZAR,K. DUTT RAM PANDEY,parties.IN.SWA,SWA,5554,16.89,3,lost,U,,,,challenger,src-1b7bc1c9d39a
IN-AC-1967-uttar-pradesh-165,uttar-pradesh,1969,165,KATRABAZAR,SURYA NARAIN SHARMA,parties.IN.BKD,BKD,2098,6.38,4,forfeit,U,,,,challenger,src-1b7bc1c9d39a
IN-AC-1967-uttar-pradesh-165,uttar-pradesh,1969,165,KATRABAZAR,LALTA PRASAD CHATURVEDI,parties.IN.MAP,MAP,1669,5.07,5,forfeit,U,,,,challenger,src-1b7bc1c9d39a
IN-AC-1967-uttar-pradesh-166,uttar-pradesh,1969,166,COLONEGANJ,BHAGELU SINGH,parties.IN.SSP,SSP,15684,38.74,1,won,U,,,,challenger,src-1b7bc1c9d39a
IN-AC-1967-uttar-pradesh-166,uttar-pradesh,1969,166,COLONEGANJ,KAMLA DEVI,parties.IN.INC,INC,14099,34.83,2,lost,U,,,,challenger,src-1b7bc1c9d39a
IN-AC-1967-uttar-pradesh-166,uttar-pradesh,1969,166,COLONEGANJ,CHHEDI SINGH,parties.IN.BJS,BJS,8250,20.38,3,lost,U,,,,challenger,src-1b7bc1c9d39a
IN-AC-1967-uttar-pradesh-166,uttar-pradesh,1969,166,COLONEGANJ,SURYA DUTT,parties.IN.BKD,BKD,2451,6.05,4,forfeit,U,,,,challenger,src-1b7bc1c9d39a
IN-AC-1967-uttar-pradesh-167,uttar-pradesh,1969,167,TARABGANJ,SHIUTLA PRASAD SINGH,parties.IN.INC,INC,11678,29.65,1,won,U,,,,challenger,src-1b7bc1c9d39a
IN-AC-1967-uttar-pradesh-167,uttar-pradesh,1969,167,TARABGANJ,SATYA PAL SINGH,parties.IN.BKD,BKD,10820,27.48,2,lost,U,,,,challenger,src-1b7bc1c9d39a
IN-AC-1967-uttar-pradesh-167,uttar-pradesh,1969,167,TARABGANJ,PATAN DEEN,parties.IN.SSP,SSP,8670,22.02,3,lost,U,,,,challenger,src-1b7bc1c9d39a
IN-AC-1967-uttar-pradesh-167,uttar-pradesh,1969,167,TARABGANJ,ANRUDH SINGH,parties.IN.BJS,BJS,4385,11.13,4,forfeit,U,,,,challenger,src-1b7bc1c9d39a
IN-AC-1967-uttar-pradesh-167,uttar-pradesh,1969,167,TARABGANJ,RAM MILAN,parties.IN.SOC,SOC,3828,9.72,5,forfeit,U,,,,challenger,src-1b7bc1c9d39a
IN-AC-1967-uttar-pradesh-168,uttar-pradesh,1969,168,MAHADEVA,GANGA PRASAD,parties.IN.INC,INC,12223,39.42,1,won,U,,,,challenger,src-1b7bc1c9d39a
IN-AC-1967-uttar-pradesh-168,uttar-pradesh,1969,168,MAHADEVA,GAURI PRASAD,parties.IN.BJS,BJS,6534,21.07,2,lost,U,,,,challenger,src-1b7bc1c9d39a
IN-AC-1967-uttar-pradesh-168,uttar-pradesh,1969,168,MAHADEVA,JAG MOHAN,parties.IN.BKD,BKD,6424,20.72,3,lost,U,,,,challenger,src-1b7bc1c9d39a
IN-AC-1967-uttar-pradesh-168,uttar-pradesh,1969,168,MAHADEVA,BHADAIN,parties.IN.SSP,SSP,3959,12.77,4,forfeit,U,,,,challenger,src-1b7bc1c9d39a
IN-AC-1967-uttar-pradesh-168,uttar-pradesh,1969,168,MAHADEVA,JUGUN PRASAD,parties.IN.SWA,SWA,1126,3.63,5,forfeit,U,,,,challenger,src-1b7bc1c9d39a
IN-AC-1967-uttar-pradesh-168,uttar-pradesh,1969,168,MAHADEVA,DIN DAYAL,parties.IN.IND,IND,745,2.4,6,forfeit,U,,,,challenger,src-1b7bc1c9d39a
IN-AC-1967-uttar-pradesh-169,uttar-pradesh,1969,169,BIKRAMJOT,SUKHPAL PANDEY,parties.IN.PSP,PSP,12747,25.43,1,won,U,,,,challenger,src-1b7bc1c9d39a
IN-AC-1967-uttar-pradesh-169,uttar-pradesh,1969,169,BIKRAMJOT,BINDBASINI PD. SINGH,parties.IN.INC,INC,12283,24.5,2,lost,U,,,,challenger,src-1b7bc1c9d39a
IN-AC-1967-uttar-pradesh-169,uttar-pradesh,1969,169,BIKRAMJOT,RAM KISHORE SINGH,parties.IN.SWA,SWA,9334,18.62,3,lost,U,,,,challenger,src-1b7bc1c9d39a
IN-AC-1967-uttar-pradesh-169,uttar-pradesh,1969,169,BIKRAMJOT,RAM SHANKAR SINGH,parties.IN.BKD,BKD,6248,12.46,4,forfeit,U,,,,challenger,src-1b7bc1c9d39a
IN-AC-1967-uttar-pradesh-169,uttar-pradesh,1969,169,BIKRAMJOT,KAILASA,parties.IN.SSP,SSP,3604,7.19,5,forfeit,U,,,,challenger,src-1b7bc1c9d39a
IN-AC-1967-uttar-pradesh-169,uttar-pradesh,1969,169,BIKRAMJOT,BHAGWAN DEEN,parties.IN.IND,IND,2184,4.36,6,forfeit,U,,,,challenger,src-1b7bc1c9d39a
IN-AC-1967-uttar-pradesh-169,uttar-pradesh,1969,169,BIKRAMJOT,UMA NATH PANDEY,parties.IN.BJS,BJS,2113,4.22,7,forfeit,U,,,,challenger,src-1b7bc1c9d39a
IN-AC-1967-uttar-pradesh-169,uttar-pradesh,1969,169,BIKRAMJOT,GIRDHARI SINGH,parties.IN.IND,IND,1038,2.07,8,forfeit,U,,,,challenger,src-1b7bc1c9d39a
IN-AC-1967-uttar-pradesh-169,uttar-pradesh,1969,169,BIKRAMJOT,RAM LAKHAN MISRA,parties.IN.PBI,PBI,575,1.15,9,forfeit,U,,,,challenger,src-1b7bc1c9d39a
IN-AC-1967-uttar-pradesh-170,uttar-pradesh,1969,170,HARRAIYA,LALU,parties.IN.INC,INC,13309,39.08,1,won,U,,,,challenger,src-1b7bc1c9d39a
IN-AC-1967-uttar-pradesh-170,uttar-pradesh,1969,170,HARRAIYA,BUDHI RAM,parties.IN.BJS,BJS,10252,30.1,2,lost,U,,,,challenger,src-1b7bc1c9d39a
IN-AC-1967-uttar-pradesh-170,uttar-pradesh,1969,170,HARRAIYA,CHAITU,parties.IN.PSP,PSP,5078,14.91,3,forfeit,U,,,,challenger,src-1b7bc1c9d39a
IN-AC-1967-uttar-pradesh-170,uttar-pradesh,1969,170,HARRAIYA,RAM AUTAR,parties.IN.BKD,BKD,3054,8.97,4,forfeit,U,,,,challenger,src-1b7bc1c9d39a
IN-AC-1967-uttar-pradesh-170,uttar-pradesh,1969,170,HARRAIYA,RAM DEEN,parties.IN.RPI,RPI,2363,6.94,5,forfeit,U,,,,challenger,src-1b7bc1c9d39a
IN-AC-1967-uttar-pradesh-171,uttar-pradesh,1969,171,BAHADURPUR,RAM LAKHAN SINGH,parties.IN.INC,INC,17843,40.29,1,won,U,,,,challenger,src-1b7bc1c9d39a
IN-AC-1967-uttar-pradesh-171,uttar-pradesh,1969,171,BAHADURPUR,KRISHAN KUMAR PAL,parties.IN.BKD,BKD,17452,39.41,2,lost,U,,,,challenger,src-1b7bc1c9d39a
IN-AC-1967-uttar-pradesh-171,uttar-pradesh,1969,171,BAHADURPUR,BINDESHWARI,parties.IN.BJS,BJS,3165,7.15,3,forfeit,U,,,,crossover,src-1b7bc1c9d39a
IN-AC-1967-uttar-pradesh-171,uttar-pradesh,1969,171,BAHADURPUR,SUMESHWAR BHARTI,parties.IN.IND,IND,2949,6.66,4,forfeit,U,,,,challenger,src-1b7bc1c9d39a
IN-AC-1967-uttar-pradesh-171,uttar-pradesh,1969,171,BAHADURPUR,RAM LAKHAN,parties.IN.IND,IND,1735,3.92,5,forfeit,U,,,,challenger,src-1b7bc1c9d39a
IN-AC-1967-uttar-pradesh-171,uttar-pradesh,1969,171,BAHADURPUR,SHEO PRASAD,parties.IN.PBI,PBI,1142,2.58,6,forfeit,U,,,,challenger,src-1b7bc1c9d39a
IN-AC-1967-uttar-pradesh-172,uttar-pradesh,1969,172,BASTI,RAJENDRA KISHORI,parties.IN.INC,INC,15901,33.69,1,won,U,,,,challenger,src-1b7bc1c9d39a
IN-AC-1967-uttar-pradesh-172,uttar-pradesh,1969,172,BASTI,KASHI NATH BAHADUR PAL,parties.IN.SWA,SWA,13312,28.21,2,lost,U,,,,challenger,src-1b7bc1c9d39a
IN-AC-1967-uttar-pradesh-172,uttar-pradesh,1969,172,BASTI,MUNISHWAR PRASAD,parties.IN.BKD,BKD,6293,13.33,3,forfeit,U,,,,challenger,src-1b7bc1c9d39a
IN-AC-1967-uttar-pradesh-172,uttar-pradesh,1969,172,BASTI,T. K. GHOSH,parties.IN.MAP,MAP,4749,10.06,4,forfeit,U,,,,challenger,src-1b7bc1c9d39a
IN-AC-1967-uttar-pradesh-172,uttar-pradesh,1969,172,BASTI,RAVI PRATAP NARAIN,parties.IN.BJS,BJS,4559,9.66,5,forfeit,U,,,,challenger,src-1b7bc1c9d39a
IN-AC-1967-uttar-pradesh-172,uttar-pradesh,1969,172,BASTI,DUDHAI RAM,parties.IN.RPI,RPI,1529,3.24,6,forfeit,U,,,,challenger,src-1b7bc1c9d39a
IN-AC-1967-uttar-pradesh-172,uttar-pradesh,1969,172,BASTI,JAGDISH,parties.IN.IND,IND,531,1.13,7,forfeit,U,,,,challenger,src-1b7bc1c9d39a
IN-AC-1967-uttar-pradesh-172,uttar-pradesh,1969,172,BASTI,VISHWA NATH,parties.IN.PBI,PBI,323,0.68,8,forfeit,U,,,,challenger,src-1b7bc1c9d39a
IN-AC-1967-uttar-pradesh-173,uttar-pradesh,1969,173,SAONGHAT,SOHAN LAL DHUSIYA,parties.IN.INC,INC,12659,35.58,1,won,U,,,,challenger,src-1b7bc1c9d39a
IN-AC-1967-uttar-pradesh-173,uttar-pradesh,1969,173,SAONGHAT,GIRDHARI,parties.IN.BKD,BKD,9892,27.8,2,lost,U,,,,challenger,src-1b7bc1c9d39a
IN-AC-1967-uttar-pradesh-173,uttar-pradesh,1969,173,SAONGHAT,RAM PIARE,parties.IN.BJS,BJS,5931,16.67,3,lost,U,,,,challenger,src-1b7bc1c9d39a
IN-AC-1967-uttar-pradesh-173,uttar-pradesh,1969,173,SAONGHAT,BIRJOO,parties.IN.SSP,SSP,4107,11.54,4,forfeit,U,,,,challenger,src-1b7bc1c9d39a
IN-AC-1967-uttar-pradesh-173,uttar-pradesh,1969,173,SAONGHAT,DUKHI RAM RAHI,parties.IN.RPI,RPI,2011,5.65,5,forfeit,U,,,,challenger,src-1b7bc1c9d39a
IN-AC-1967-uttar-pradesh-173,uttar-pradesh,1969,173,SAONGHAT,GOMTI,parties.IN.SWA,SWA,980,2.75,6,forfeit,U,,,,challenger,src-1b7bc1c9d39a
IN-AC-1967-uttar-pradesh-174,uttar-pradesh,1969,174,DOMARIAGANJ,JALIL ABBASI,parties.IN.INC,INC,37254,49.14,1,won,U,,,,challenger,src-1b7bc1c9d39a
IN-AC-1967-uttar-pradesh-174,uttar-pradesh,1969,174,DOMARIAGANJ,JAI DATT SINGH,parties.IN.BJS,BJS,33112,43.67,2,lost,U,,,,crossover,src-1b7bc1c9d39a
IN-AC-1967-uttar-pradesh-174,uttar-pradesh,1969,174,DOMARIAGANJ,SURYA NARAIN,parties.IN.SSP,SSP,3503,4.62,3,forfeit,U,,,,challenger,src-1b7bc1c9d39a
IN-AC-1967-uttar-pradesh-174,uttar-pradesh,1969,174,DOMARIAGANJ,RAJENDRA PRATAP SINGH,parties.IN.BKD,BKD,1946,2.57,4,forfeit,U,,,,challenger,src-1b7bc1c9d39a
IN-AC-1967-uttar-pradesh-175,uttar-pradesh,1969,175,BHANWAPUR,BHANU PRATAP SINGH,parties.IN.SWA,SWA,18844,37.35,1,won,U,,,,challenger,src-1b7bc1c9d39a
IN-AC-1967-uttar-pradesh-175,uttar-pradesh,1969,175,BHANWAPUR,RAN BAHADUR SINGH,parties.IN.INC,INC,17166,34.03,2,lost,U,,,,challenger,src-1b7bc1c9d39a
IN-AC-1967-uttar-pradesh-175,uttar-pradesh,1969,175,BHANWAPUR,JASODA NAND,parties.IN.BJS,BJS,12600,24.98,3,lost,U,,,,challenger,src-1b7bc1c9d39a
IN-AC-1967-uttar-pradesh-175,uttar-pradesh,1969,175,BHANWAPUR,TRIBENI PRASAD,parties.IN.BKD,BKD,1029,2.04,4,forfeit,U,,,,challenger,src-1b7bc1c9d39a
IN-AC-1967-uttar-pradesh-175,uttar-pradesh,1969,175,BHANWAPUR,RAM SURAT CHAUDHARY,parties.IN.SVC,SVC,807,1.6,5,forfeit,U,,,,challenger,src-1b7bc1c9d39a
IN-AC-1967-uttar-pradesh-176,uttar-pradesh,1969,176,BANGANGA,RAM KUMAR SHASTRI,parties.IN.INC,INC,16383,35.34,1,won,U,,,,challenger,src-1b7bc1c9d39a
IN-AC-1967-uttar-pradesh-176,uttar-pradesh,1969,176,BANGANGA,SHEO LAL MITTAL,parties.IN.BJS,BJS,14791,31.91,2,lost,U,,,,challenger,src-1b7bc1c9d39a
IN-AC-1967-uttar-pradesh-176,uttar-pradesh,1969,176,BANGANGA,ABDUL RAUF,parties.IN.SWA,SWA,6307,13.61,3,forfeit,U,,,,challenger,src-1b7bc1c9d39a
IN-AC-1967-uttar-pradesh-176,uttar-pradesh,1969,176,BANGANGA,ABDUL QAYUM,parties.IN.IND,IND,4350,9.38,4,forfeit,U,,,,challenger,src-1b7bc1c9d39a
IN-AC-1967-uttar-pradesh-176,uttar-pradesh,1969,176,BANGANGA,SATYA NARAIN,parties.IN.IND,IND,3119,6.73,5,forfeit,U,,,,challenger,src-1b7bc1c9d39a
IN-AC-1967-uttar-pradesh-176,uttar-pradesh,1969,176,BANGANGA,SHRI KRISHNA CHANDRA,parties.IN.BKD,BKD,1030,2.22,6,forfeit,U,,,,challenger,src-1b7bc1c9d39a
IN-AC-1967-uttar-pradesh-176,uttar-pradesh,1969,176,BANGANGA,HRISHWAR,parties.IN.MAP,MAP,377,0.81,7,forfeit,U,,,,challenger,src-1b7bc1c9d39a
IN-AC-1967-uttar-pradesh-177,uttar-pradesh,1969,177,NAUGARH,ABIMANYU,parties.IN.INC,INC,24386,44.24,1,won,U,,,,challenger,src-1b7bc1c9d39a
IN-AC-1967-uttar-pradesh-177,uttar-pradesh,1969,177,NAUGARH,DHANRAJ YADAVA,parties.IN.BJS,BJS,15517,28.15,2,lost,U,,,,challenger,src-1b7bc1c9d39a
IN-AC-1967-uttar-pradesh-177,uttar-pradesh,1969,177,NAUGARH,MOHD. NASIB,parties.IN.BKD,BKD,10861,19.7,3,lost,U,,,,challenger,src-1b7bc1c9d39a
IN-AC-1967-uttar-pradesh-177,uttar-pradesh,1969,177,NAUGARH,SANT PRASAD TRIPATHI,parties.IN.SSP,SSP,2360,4.28,4,forfeit,U,,,,challenger,src-1b7bc1c9d39a
IN-AC-1967-uttar-pradesh-177,uttar-pradesh,1969,177,NAUGARH,KALIKA PRASAD,parties.IN.IND,IND,1168,2.12,5,forfeit,U,,,,challenger,src-1b7bc1c9d39a
IN-AC-1967-uttar-pradesh-177,uttar-pradesh,1969,177,NAUGARH,RAM CHANDRA,parties.IN.MAP,MAP,835,1.51,6,forfeit,U,,,,challenger,src-1b7bc1c9d39a
IN-AC-1967-uttar-pradesh-178,uttar-pradesh,1969,178,BANSI,MADHAVA PRASAD TRIPATHI,parties.IN.BJS,BJS,34949,53.96,1,won,U,,,,challenger,src-1b7bc1c9d39a
IN-AC-1967-uttar-pradesh-178,uttar-pradesh,1969,178,BANSI,PRABHU DAYAL,parties.IN.INC,INC,25929,40.03,2,lost,U,,,,challenger,src-1b7bc1c9d39a
IN-AC-1967-uttar-pradesh-178,uttar-pradesh,1969,178,BANSI,RAHMATULLAH,parties.IN.IND,IND,1588,2.45,3,forfeit,U,,,,challenger,src-1b7bc1c9d39a
IN-AC-1967-uttar-pradesh-178,uttar-pradesh,1969,178,BANSI,TEJ BAHADUR,parties.IN.SWA,SWA,1509,2.33,4,forfeit,U,,,,challenger,src-1b7bc1c9d39a
IN-AC-1967-uttar-pradesh-178,uttar-pradesh,1969,178,BANSI,RAM BARAN,parties.IN.BKD,BKD,417,0.64,5,forfeit,U,,,,challenger,src-1b7bc1c9d39a
IN-AC-1967-uttar-pradesh-178,uttar-pradesh,1969,178,BANSI,RAJENDRA PRASAD,parties.IN.IND,IND,377,0.58,6,forfeit,U,,,,challenger,src-1b7bc1c9d39a
IN-AC-1967-uttar-pradesh-179,uttar-pradesh,1969,179,KHESRAHA,RAJ BAHADUR CHAND,parties.IN.INC,INC,21506,41.9,1,won,U,,,,challenger,src-1b7bc1c9d39a
IN-AC-1967-uttar-pradesh-179,uttar-pradesh,1969,179,KHESRAHA,JAGDISH PRASAD,parties.IN.BJS,BJS,20603,40.14,2,lost,U,,,,challenger,src-1b7bc1c9d39a
IN-AC-1967-uttar-pradesh-179,uttar-pradesh,1969,179,KHESRAHA,KAMLA,parties.IN.CPI,CPI,4137,8.06,3,forfeit,U,,,,challenger,src-1b7bc1c9d39a
IN-AC-1967-uttar-pradesh-179,uttar-pradesh,1969,179,KHESRAHA,TRILOKI NATH,parties.IN.SSP,SSP,2967,5.78,4,forfeit,U,,,,challenger,src-1b7bc1c9d39a
IN-AC-1967-uttar-pradesh-179,uttar-pradesh,1969,179,KHESRAHA,BHAWANI PRASAD,parties.IN.BKD,BKD,2116,4.12,5,forfeit,U,,,,challenger,src-1b7bc1c9d39a
IN-AC-1967-uttar-pradesh-180,uttar-pradesh,1969,180,RUDHAULI,MAHAMMAD NABI,parties.IN.BKD,BKD,22010,42.39,1,won,U,,,,challenger,src-1b7bc1c9d39a
IN-AC-1967-uttar-pradesh-180,uttar-pradesh,1969,180,RUDHAULI,ABDUL MOIZ,parties.IN.INC,INC,17570,33.84,2,lost,U,,,,challenger,src-1b7bc1c9d39a
IN-AC-1967-uttar-pradesh-180,uttar-pradesh,1969,180,RUDHAULI,INDRA DEO MISHRA,parties.IN.BJS,BJS,10134,19.52,3,lost,U,,,,challenger,src-1b7bc1c9d39a
IN-AC-1967-uttar-pradesh-180,uttar-pradesh,1969,180,RUDHAULI,MAULVI MURTAZA HUSAIN,parties.IN.CPI,CPI,1779,3.43,4,forfeit,U,,,,challenger,src-1b7bc1c9d39a
IN-AC-1967-uttar-pradesh-180,uttar-pradesh,1969,180,RUDHAULI,LALJEE,parties.IN.PBI,PBI,429,0.83,5,forfeit,U,,,,challenger,src-1b7bc1c9d39a
IN-AC-1967-uttar-pradesh-181,uttar-pradesh,1969,181,MENHDAWAL,LALSA PRASAD,parties.IN.INC,INC,24608,44.98,1,won,U,,,,challenger,src-1b7bc1c9d39a
IN-AC-1967-uttar-pradesh-181,uttar-pradesh,1969,181,MENHDAWAL,CHANDRA SHEKHAR SINGH,parties.IN.BJS,BJS,21838,39.92,2,lost,U,,,,challenger,src-1b7bc1c9d39a
IN-AC-1967-uttar-pradesh-181,uttar-pradesh,1969,181,MENHDAWAL,RAM DULAREY SINGH,parties.IN.CPI,CPI,5044,9.22,3,forfeit,U,,,,challenger,src-1b7bc1c9d39a
IN-AC-1967-uttar-pradesh-181,uttar-pradesh,1969,181,MENHDAWAL,LAL VIJAI SINGH,parties.IN.IND,IND,1973,3.61,4,forfeit,U,,,,challenger,src-1b7bc1c9d39a
IN-AC-1967-uttar-pradesh-181,uttar-pradesh,1969,181,MENHDAWAL,VIBHUTI,parties.IN.BKD,BKD,629,1.15,5,forfeit,U,,,,challenger,src-1b7bc1c9d39a
IN-AC-1967-uttar-pradesh-181,uttar-pradesh,1969,181,MENHDAWAL,MOHAMMAD HANIF KHAN,parties.IN.SSP,SSP,616,1.13,6,forfeit,U,,,,challenger,src-1b7bc1c9d39a
IN-AC-1967-uttar-pradesh-182,uttar-pradesh,1969,182,KHALILABAD,DHANUSH DHARI PANDEY,parties.IN.INC,INC,30857,45.89,1,won,U,,,,challenger,src-1b7bc1c9d39a
IN-AC-1967-uttar-pradesh-182,uttar-pradesh,1969,182,KHALILABAD,RAJ KISHORE SHARMA,parties.IN.BJS,BJS,24757,36.82,2,lost,U,,,,challenger,src-1b7bc1c9d39a
IN-AC-1967-uttar-pradesh-182,uttar-pradesh,1969,182,KHALILABAD,NAZIRUL HASAN ANSARI,parties.IN.CPI,CPI,5839,8.68,3,forfeit,U,,,,challenger,src-1b7bc1c9d39a
IN-AC-1967-uttar-pradesh-182,uttar-pradesh,1969,182,KHALILABAD,PARSHURAM,parties.IN.IND,IND,2572,3.82,4,forfeit,U,,,,challenger,src-1b7bc1c9d39a
IN-AC-1967-uttar-pradesh-182,uttar-pradesh,1969,182,KHALILABAD,ALMELU AMMAL,parties.IN.SSP,SSP,1360,2.02,5,forfeit,U,,,,challenger,src-1b7bc1c9d39a
IN-AC-1967-uttar-pradesh-182,uttar-pradesh,1969,182,KHALILABAD,RAM SHORAT,parties.IN.BKD,BKD,1095,1.63,6,forfeit,U,,,,challenger,src-1b7bc1c9d39a
IN-AC-1967-uttar-pradesh-182,uttar-pradesh,1969,182,KHALILABAD,RAM HIT,parties.IN.IND,IND,590,0.88,7,forfeit,U,,,,challenger,src-1b7bc1c9d39a
IN-AC-1967-uttar-pradesh-182,uttar-pradesh,1969,182,KHALILABAD,SURAJ NATH,parties.IN.PBI,PBI,175,0.26,8,forfeit,U,,,,challenger,src-1b7bc1c9d39a
IN-AC-1967-uttar-pradesh-183,uttar-pradesh,1969,183,HAINSARBAZAR,SANTU,parties.IN.BJS,BJS,12344,28.16,1,won,U,,,,challenger,src-1b7bc1c9d39a
IN-AC-1967-uttar-pradesh-183,uttar-pradesh,1969,183,HAINSARBAZAR,GENDA DEVI,parties.IN.INC,INC,11520,26.28,2,lost,U,,,,challenger,src-1b7bc1c9d39a
IN-AC-1967-uttar-pradesh-183,uttar-pradesh,1969,183,HAINSARBAZAR,BHISHAM,parties.IN.BKD,BKD,11510,26.25,3,lost,U,,,,challenger,src-1b7bc1c9d39a
IN-AC-1967-uttar-pradesh-183,uttar-pradesh,1969,183,HAINSARBAZAR,BAHADUR,parties.IN.SSP,SSP,3978,9.07,4,forfeit,U,,,,challenger,src-1b7bc1c9d39a
IN-AC-1967-uttar-pradesh-183,uttar-pradesh,1969,183,HAINSARBAZAR,DAYA RAM,parties.IN.CPI,CPI,2587,5.9,5,forfeit,U,,,,challenger,src-1b7bc1c9d39a
IN-AC-1967-uttar-pradesh-183,uttar-pradesh,1969,183,HAINSARBAZAR,RAM PAT,parties.IN.RPI,RPI,1902,4.34,6,forfeit,U,,,,challenger,src-1b7bc1c9d39a
IN-AC-1967-uttar-pradesh-184,uttar-pradesh,1969,184,BANSGAON,MASALI DEVI,parties.IN.SSP,SSP,18660,38.15,1,won,U,,,,challenger,src-1b7bc1c9d39a
IN-AC-1967-uttar-pradesh-184,uttar-pradesh,1969,184,BANSGAON,JAGDISH,parties.IN.INC,INC,14098,28.82,2,lost,U,,,,challenger,src-1b7bc1c9d39a
IN-AC-1967-uttar-pradesh-184,uttar-pradesh,1969,184,BANSGAON,JANARDAN SINGH AZAD,parties.IN.BKD,BKD,6154,12.58,3,forfeit,U,,,,challenger,src-1b7bc1c9d39a
IN-AC-1967-uttar-pradesh-184,uttar-pradesh,1969,184,BANSGAON,RAMA KANT SHUKLA,parties.IN.PSP,PSP,2969,6.07,4,forfeit,U,,,,challenger,src-1b7bc1c9d39a
IN-AC-1967-uttar-pradesh-184,uttar-pradesh,1969,184,BANSGAON,VIBHUTI,parties.IN.BJS,BJS,2853,5.83,5,forfeit,U,,,,challenger,src-1b7bc1c9d39a
IN-AC-1967-uttar-pradesh-184,uttar-pradesh,1969,184,BANSGAON,MOTI LAL,parties.IN.RPI,RPI,2446,5,6,forfeit,U,,,,challenger,src-1b7bc1c9d39a
IN-AC-1967-uttar-pradesh-184,uttar-pradesh,1969,184,BANSGAON,RAVINDRA SINGH YADAV,parties.IN.SOC,SOC,1374,2.81,7,forfeit,U,,,,challenger,src-1b7bc1c9d39a
IN-AC-1967-uttar-pradesh-184,uttar-pradesh,1969,184,BANSGAON,RAM BAHAL,parties.IN.IND,IND,360,0.74,8,forfeit,U,,,,challenger,src-1b7bc1c9d39a
IN-AC-1967-uttar-pradesh-185,uttar-pradesh,1969,185,DHURIAPUR,RAM PATI,parties.IN.SSP,SSP,12379,31.99,1,won,U,,,,challenger,src-1b7bc1c9d39a
IN-AC-1967-uttar-pradesh-185,uttar-pradesh,1969,185,DHURIAPUR,MOLAI,parties.IN.BJS,BJS,9358,24.18,2,lost,U,,,,challenger,src-1b7bc1c9d39a
IN-AC-1967-uttar-pradesh-185,uttar-pradesh,1969,185,DHURIAPUR,JASHODA,parties.IN.INC,INC,9113,23.55,3,lost,U,,,,challenger,src-1b7bc1c9d39a
IN-AC-1967-uttar-pradesh-185,uttar-pradesh,1969,185,DHURIAPUR,BABU LAL,parties.IN.BKD,BKD,7845,20.27,4,lost,U,,,,challenger,src-1b7bc1c9d39a
IN-AC-1967-uttar-pradesh-186,uttar-pradesh,1969,186,CHILLUPAR,KALP NATH SINGH,parties.IN.INC,INC,13594,25.89,1,won,U,,,,crossover,src-1b7bc1c9d39a
IN-AC-1967-uttar-pradesh-186,uttar-pradesh,1969,186,CHILLUPAR,BHAGWAT,parties.IN.BJS,BJS,10065,19.17,2,lost,U,,,,challenger,src-1b7bc1c9d39a
IN-AC-1967-uttar-pradesh-186,uttar-pradesh,1969,186,CHILLUPAR,SHYAM NARAIN,parties.IN.SSP,SSP,9784,18.63,3,lost,U,,,,challenger,src-1b7bc1c9d39a
IN-AC-1967-uttar-pradesh-186,uttar-pradesh,1969,186,CHILLUPAR,RAM KAMAL,parties.IN.BKD,BKD,8301,15.81,4,forfeit,U,,,,challenger,src-1b7bc1c9d39a
IN-AC-1967-uttar-pradesh-186,uttar-pradesh,1969,186,CHILLUPAR,RAJMANGAL,parties.IN.CPIM,CPM,3645,6.94,5,forfeit,U,,,,crossover,src-1b7bc1c9d39a
IN-AC-1967-uttar-pradesh-186,uttar-pradesh,1969,186,CHILLUPAR,CHATURANAN PD.,parties.IN.RPI,RPI,2939,5.6,6,forfeit,U,,,,challenger,src-1b7bc1c9d39a
IN-AC-1967-uttar-pradesh-186,uttar-pradesh,1969,186,CHILLUPAR,KRISHNA,parties.IN.SOC,SOC,1820,3.47,7,forfeit,U,,,,challenger,src-1b7bc1c9d39a
IN-AC-1967-uttar-pradesh-186,uttar-pradesh,1969,186,CHILLUPAR,SHEO BALI,parties.IN.HMS,HMS,1579,3.01,8,forfeit,U,,,,challenger,src-1b7bc1c9d39a
IN-AC-1967-uttar-pradesh-186,uttar-pradesh,1969,186,CHILLUPAR,RAM PATI,parties.IN.SWA,SWA,778,1.48,9,forfeit,U,,,,challenger,src-1b7bc1c9d39a
IN-AC-1967-uttar-pradesh-187,uttar-pradesh,1969,187,KAURIRAM,RAM LAKHAN SHUKLA,parties.IN.INC,INC,23150,47.08,1,won,U,,,,challenger,src-1b7bc1c9d39a
IN-AC-1967-uttar-pradesh-187,uttar-pradesh,1969,187,KAURIRAM,ASHWANI KUMAR,parties.IN.SSP,SSP,15570,31.67,2,lost,U,,,,challenger,src-1b7bc1c9d39a
IN-AC-1967-uttar-pradesh-187,uttar-pradesh,1969,187,KAURIRAM,SHAMBHOO SARAN VAKIL,parties.IN.BKD,BKD,10449,21.25,3,lost,U,,,,challenger,src-1b7bc1c9d39a
IN-AC-1967-uttar-pradesh-188,uttar-pradesh,1969,188,JHANGAHA,PHIRANGI,parties.IN.BKD,BKD,12180,33.93,1,won,U,,,,challenger,src-1b7bc1c9d39a
IN-AC-1967-uttar-pradesh-188,uttar-pradesh,1969,188,JHANGAHA,RAM PATI,parties.IN.INC,INC,11865,33.05,2,lost,U,,,,crossover,src-1b7bc1c9d39a
IN-AC-1967-uttar-pradesh-188,uttar-pradesh,1969,188,JHANGAHA,MANGAL,parties.IN.BJS,BJS,4414,12.3,3,forfeit,U,,,,challenger,src-1b7bc1c9d39a
IN-AC-1967-uttar-pradesh-188,uttar-pradesh,1969,188,JHANGAHA,HOOB LAL,parties.IN.SSP,SSP,3299,9.19,4,forfeit,U,,,,challenger,src-1b7bc1c9d39a
IN-AC-1967-uttar-pradesh-188,uttar-pradesh,1969,188,JHANGAHA,RAM BARAN,parties.IN.HMS,HMS,1917,5.34,5,forfeit,U,,,,challenger,src-1b7bc1c9d39a
IN-AC-1967-uttar-pradesh-188,uttar-pradesh,1969,188,JHANGAHA,RAM MILAN,parties.IN.IND,IND,1212,3.38,6,forfeit,U,,,,challenger,src-1b7bc1c9d39a
IN-AC-1967-uttar-pradesh-188,uttar-pradesh,1969,188,JHANGAHA,SHEO SARAN,parties.IN.SWA,SWA,538,1.5,7,forfeit,U,,,,challenger,src-1b7bc1c9d39a
IN-AC-1967-uttar-pradesh-188,uttar-pradesh,1969,188,JHANGAHA,SHYAM SUNDER,parties.IN.RPI,RPI,472,1.31,8,forfeit,U,,,,challenger,src-1b7bc1c9d39a
IN-AC-1967-uttar-pradesh-189,uttar-pradesh,1969,189,PIPRAICH,HARI PRASAD SHAHI,parties.IN.INC,INC,14213,26.51,1,won,U,,,,challenger,src-1b7bc1c9d39a
IN-AC-1967-uttar-pradesh-189,uttar-pradesh,1969,189,PIPRAICH,BISHWANATH SINGH,parties.IN.BKD,BKD,12161,22.68,2,lost,U,,,,challenger,src-1b7bc1c9d39a
IN-AC-1967-uttar-pradesh-189,uttar-pradesh,1969,189,PIPRAICH,NAUMI NATH,parties.IN.HMS,HMS,12123,22.61,3,lost,U,,,,challenger,src-1b7bc1c9d39a
IN-AC-1967-uttar-pradesh-189,uttar-pradesh,1969,189,PIPRAICH,MADHUKAR DIGHE,parties.IN.SSP,SSP,8844,16.49,4,forfeit,U,,,,crossover,src-1b7bc1c9d39a
IN-AC-1967-uttar-pradesh-189,uttar-pradesh,1969,189,PIPRAICH,BHARDOOL,parties.IN.SOC,SOC,1864,3.48,5,forfeit,U,,,,challenger,src-1b7bc1c9d39a
IN-AC-1967-uttar-pradesh-189,uttar-pradesh,1969,189,PIPRAICH,RAM SAMUJH CHAUDHRI,parties.IN.SUCI,SUC,1710,3.19,6,forfeit,U,,,,challenger,src-1b7bc1c9d39a
IN-AC-1967-uttar-pradesh-189,uttar-pradesh,1969,189,PIPRAICH,HASHIM RAZA OADRI,parties.IN.RPI,RPI,1309,2.44,7,forfeit,U,,,,challenger,src-1b7bc1c9d39a
IN-AC-1967-uttar-pradesh-189,uttar-pradesh,1969,189,PIPRAICH,YASHWANT SINGH TYAGI,parties.IN.BJS,BJS,933,1.74,8,forfeit,U,,,,challenger,src-1b7bc1c9d39a
IN-AC-1967-uttar-pradesh-189,uttar-pradesh,1969,189,PIPRAICH,HARI LAL,parties.IN.MAP,MAP,462,0.86,9,forfeit,U,,,,challenger,src-1b7bc1c9d39a
IN-AC-1967-uttar-pradesh-190,uttar-pradesh,1969,190,GORAKHPUR,RAM LAL BHAI,parties.IN.INC,INC,16959,33.03,1,won,U,,,,challenger,src-1b7bc1c9d39a
IN-AC-1967-uttar-pradesh-190,uttar-pradesh,1969,190,GORAKHPUR,UDAI PRATAP DUBE,parties.IN.BJS,BJS,16662,32.45,2,lost,U,,,,challenger,src-1b7bc1c9d39a
IN-AC-1967-uttar-pradesh-190,uttar-pradesh,1969,190,GORAKHPUR,RATAN SINGH,parties.IN.UNK,USP,11890,23.16,3,lost,U,,,,challenger,src-1b7bc1c9d39a
IN-AC-1967-uttar-pradesh-190,uttar-pradesh,1969,190,GORAKHPUR,ZAMIN ALI,parties.IN.CPI,CPI,2387,4.65,4,forfeit,U,,,,challenger,src-1b7bc1c9d39a
IN-AC-1967-uttar-pradesh-190,uttar-pradesh,1969,190,GORAKHPUR,CHANDRAKANT SHANTARAM,parties.IN.BKD,BKD,1071,2.09,5,forfeit,U,,,,challenger,src-1b7bc1c9d39a
IN-AC-1967-uttar-pradesh-190,uttar-pradesh,1969,190,GORAKHPUR,GOPPO LAL,parties.IN.RPI,RPI,946,1.84,6,forfeit,U,,,,challenger,src-1b7bc1c9d39a
IN-AC-1967-uttar-pradesh-190,uttar-pradesh,1969,190,GORAKHPUR,HAIDER ALI,parties.IN.SSP,SSP,724,1.41,7,forfeit,U,,,,challenger,src-1b7bc1c9d39a
IN-AC-1967-uttar-pradesh-190,uttar-pradesh,1969,190,GORAKHPUR,SATYA NARAIN SINGH,parties.IN.MAP,MAP,371,0.72,8,forfeit,U,,,,challenger,src-1b7bc1c9d39a
IN-AC-1967-uttar-pradesh-190,uttar-pradesh,1969,190,GORAKHPUR,KESHAVA SINGH,parties.IN.SOC,SOC,329,0.64,9,forfeit,U,,,,challenger,src-1b7bc1c9d39a
IN-AC-1967-uttar-pradesh-191,uttar-pradesh,1969,191,MANIRAM,AVIDYA NATH,parties.IN.HMS,HMS,19644,35.71,1,won,U,,,,challenger,src-1b7bc1c9d39a
IN-AC-1967-uttar-pradesh-191,uttar-pradesh,1969,191,MANIRAM,RAM KRISHNA DWIVEDI,parties.IN.INC,INC,16663,30.29,2,lost,U,,,,challenger,src-1b7bc1c9d39a
IN-AC-1967-uttar-pradesh-191,uttar-pradesh,1969,191,MANIRAM,SITA RAM,parties.IN.BKD,BKD,8288,15.07,3,forfeit,U,,,,challenger,src-1b7bc1c9d39a
IN-AC-1967-uttar-pradesh-191,uttar-pradesh,1969,191,MANIRAM,SATAI PRASAD,parties.IN.RPA,RPA,4126,7.5,4,forfeit,U,,,,challenger,src-1b7bc1c9d39a
IN-AC-1967-uttar-pradesh-191,uttar-pradesh,1969,191,MANIRAM,SUBHASH CHANDRA,parties.IN.SSP,SSP,3080,5.6,5,forfeit,U,,,,challenger,src-1b7bc1c9d39a
IN-AC-1967-uttar-pradesh-191,uttar-pradesh,1969,191,MANIRAM,RAM NARESH,parties.IN.PSP,PSP,1226,2.23,6,forfeit,U,,,,challenger,src-1b7bc1c9d39a
IN-AC-1967-uttar-pradesh-191,uttar-pradesh,1969,191,MANIRAM,TULSHI,parties.IN.RPI,RPI,1067,1.94,7,forfeit,U,,,,challenger,src-1b7bc1c9d39a
IN-AC-1967-uttar-pradesh-191,uttar-pradesh,1969,191,MANIRAM,KAUSHALENDRA PRATAP,parties.IN.BJS,BJS,918,1.67,8,forfeit,U,,,,challenger,src-1b7bc1c9d39a
IN-AC-1967-uttar-pradesh-192,uttar-pradesh,1969,192,SAHJANWAN,RAM KARAN,parties.IN.PSP,PSP,18213,34.29,1,won,U,,,,challenger,src-1b7bc1c9d39a
IN-AC-1967-uttar-pradesh-192,uttar-pradesh,1969,192,SAHJANWAN,RAM KRISHNA SHUKLA,parties.IN.BJS,BJS,12775,24.05,2,lost,U,,,,challenger,src-1b7bc1c9d39a
IN-AC-1967-uttar-pradesh-192,uttar-pradesh,1969,192,SAHJANWAN,ACHHAIVER SINGH,parties.IN.INC,INC,11375,21.42,3,lost,U,,,,challenger,src-1b7bc1c9d39a
IN-AC-1967-uttar-pradesh-192,uttar-pradesh,1969,192,SAHJANWAN,SANT BALI,parties.IN.RPI,RPI,3231,6.08,4,forfeit,U,,,,challenger,src-1b7bc1c9d39a
IN-AC-1967-uttar-pradesh-192,uttar-pradesh,1969,192,SAHJANWAN,RAM DARASH,parties.IN.SSP,SSP,3217,6.06,5,forfeit,U,,,,challenger,src-1b7bc1c9d39a
IN-AC-1967-uttar-pradesh-192,uttar-pradesh,1969,192,SAHJANWAN,RAM RAKSHA YADAV,parties.IN.BKD,BKD,2780,5.23,6,forfeit,U,,,,challenger,src-1b7bc1c9d39a
IN-AC-1967-uttar-pradesh-192,uttar-pradesh,1969,192,SAHJANWAN,BALDAU,parties.IN.HMS,HMS,1518,2.86,7,forfeit,U,,,,challenger,src-1b7bc1c9d39a
IN-AC-1967-uttar-pradesh-193,uttar-pradesh,1969,193,PANIARA,BIR BAHADUR SINGH,parties.IN.INC,INC,13903,37,1,won,U,,,,challenger,src-1b7bc1c9d39a
IN-AC-1967-uttar-pradesh-193,uttar-pradesh,1969,193,PANIARA,MAHENDRA,parties.IN.BJS,BJS,9808,26.1,2,lost,U,,,,challenger,src-1b7bc1c9d39a
IN-AC-1967-uttar-pradesh-193,uttar-pradesh,1969,193,PANIARA,KAPILDEO,parties.IN.BKD,BKD,3553,9.45,3,forfeit,U,,,,challenger,src-1b7bc1c9d39a
IN-AC-1967-uttar-pradesh-193,uttar-pradesh,1969,193,PANIARA,RAM AUTAR,parties.IN.PSP,PSP,2875,7.65,4,forfeit,U,,,,challenger,src-1b7bc1c9d39a
IN-AC-1967-uttar-pradesh-193,uttar-pradesh,1969,193,PANIARA,SITA RAM,parties.IN.HMS,HMS,2509,6.68,5,forfeit,U,,,,challenger,src-1b7bc1c9d39a
IN-AC-1967-uttar-pradesh-193,uttar-pradesh,1969,193,PANIARA,RAMANUJ,parties.IN.IND,IND,2353,6.26,6,forfeit,U,,,,challenger,src-1b7bc1c9d39a
IN-AC-1967-uttar-pradesh-193,uttar-pradesh,1969,193,PANIARA,GULAB,parties.IN.SSP,SSP,2241,5.96,7,forfeit,U,,,,challenger,src-1b7bc1c9d39a
IN-AC-1967-uttar-pradesh-193,uttar-pradesh,1969,193,PANIARA,RAM RAKCHHA,parties.IN.SWA,SWA,337,0.9,8,forfeit,U,,,,challenger,src-1b7bc1c9d39a
IN-AC-1967-uttar-pradesh-194,uttar-pradesh,1969,194,PHARENDA,PYARI,parties.IN.INC,INC,16172,35.57,1,won,U,,,,challenger,src-1b7bc1c9d39a
IN-AC-1967-uttar-pradesh-194,uttar-pradesh,1969,194,PHARENDA,MISRI LAL,parties.IN.BJS,BJS,10624,23.37,2,lost,U,,,,challenger,src-1b7bc1c9d39a
IN-AC-1967-uttar-pradesh-194,uttar-pradesh,1969,194,PHARENDA,LAXMI NARAIN,parties.IN.CPI,CPI,7998,17.59,3,lost,U,,,,challenger,src-1b7bc1c9d39a
IN-AC-1967-uttar-pradesh-194,uttar-pradesh,1969,194,PHARENDA,SHIBBAN LAL SEXENA,parties.IN.IND,IND,6845,15.06,4,forfeit,U,,,,challenger,src-1b7bc1c9d39a
IN-AC-1967-uttar-pradesh-194,uttar-pradesh,1969,194,PHARENDA,RAM RAKCHHA,parties.IN.BKD,BKD,2220,4.88,5,forfeit,U,,,,challenger,src-1b7bc1c9d39a
IN-AC-1967-uttar-pradesh-194,uttar-pradesh,1969,194,PHARENDA,LAL CHAND,parties.IN.IND,IND,1602,3.52,6,forfeit,U,,,,challenger,src-1b7bc1c9d39a
IN-AC-1967-uttar-pradesh-195,uttar-pradesh,1969,195,LAKSHMIPUR,RAM LAGAN DUBEY,parties.IN.INC,INC,23827,41.83,1,won,U,,,,challenger,src-1b7bc1c9d39a
IN-AC-1967-uttar-pradesh-195,uttar-pradesh,1969,195,LAKSHMIPUR,RAGHURAJ SINGH,parties.IN.BJS,BJS,13586,23.85,2,lost,U,,,,challenger,src-1b7bc1c9d39a
IN-AC-1967-uttar-pradesh-195,uttar-pradesh,1969,195,LAKSHMIPUR,A. RAUF,parties.IN.BKD,BKD,8543,15,3,forfeit,U,,,,crossover,src-1b7bc1c9d39a
IN-AC-1967-uttar-pradesh-195,uttar-pradesh,1969,195,LAKSHMIPUR,DURVIJAI,parties.IN.HMS,HMS,4748,8.33,4,forfeit,U,,,,challenger,src-1b7bc1c9d39a
IN-AC-1967-uttar-pradesh-195,uttar-pradesh,1969,195,LAKSHMIPUR,MUKUT,parties.IN.SSP,SSP,2153,3.78,5,forfeit,U,,,,challenger,src-1b7bc1c9d39a
IN-AC-1967-uttar-pradesh-195,uttar-pradesh,1969,195,LAKSHMIPUR,RANJIT,parties.IN.SWA,SWA,2060,3.62,6,forfeit,U,,,,challenger,src-1b7bc1c9d39a
IN-AC-1967-uttar-pradesh-195,uttar-pradesh,1969,195,LAKSHMIPUR,RAM SEWAK,parties.IN.IND,IND,2048,3.6,7,forfeit,U,,,,challenger,src-1b7bc1c9d39a
IN-AC-1967-uttar-pradesh-196,uttar-pradesh,1969,196,SISWA,YADVENDRA SINGH,parties.IN.INC,INC,25963,48.43,1,won,U,,,,incumbent,src-1b7bc1c9d39a
IN-AC-1967-uttar-pradesh-196,uttar-pradesh,1969,196,SISWA,JAGAT NARAIN,parties.IN.BKD,BKD,23979,44.73,2,lost,U,,,,challenger,src-1b7bc1c9d39a
IN-AC-1967-uttar-pradesh-196,uttar-pradesh,1969,196,SISWA,MADAN PANDE,parties.IN.SSP,SSP,2565,4.78,3,forfeit,U,,,,crossover,src-1b7bc1c9d39a
IN-AC-1967-uttar-pradesh-196,uttar-pradesh,1969,196,SISWA,ANIRUDH SHUKLA,parties.IN.BJS,BJS,1099,2.05,4,forfeit,U,,,,challenger,src-1b7bc1c9d39a
IN-AC-1967-uttar-pradesh-197,uttar-pradesh,1969,197,MAHARAJGANJ,HANSA,parties.IN.BKD,BKD,16636,50.95,1,won,U,,,,challenger,src-1b7bc1c9d39a
IN-AC-1967-uttar-pradesh-197,uttar-pradesh,1969,197,MAHARAJGANJ,DURYODHAN,parties.IN.INC,INC,8228,25.2,2,lost,U,,,,incumbent,src-1b7bc1c9d39a
IN-AC-1967-uttar-pradesh-197,uttar-pradesh,1969,197,MAHARAJGANJ,MUNDER,parties.IN.HMS,HMS,5059,15.49,3,forfeit,U,,,,challenger,src-1b7bc1c9d39a
IN-AC-1967-uttar-pradesh-197,uttar-pradesh,1969,197,MAHARAJGANJ,DEBAR,parties.IN.BJS,BJS,2305,7.06,4,forfeit,U,,,,challenger,src-1b7bc1c9d39a
IN-AC-1967-uttar-pradesh-197,uttar-pradesh,1969,197,MAHARAJGANJ,CHHOTKAN,parties.IN.SSP,SSP,426,1.3,5,forfeit,U,,,,challenger,src-1b7bc1c9d39a
IN-AC-1967-uttar-pradesh-198,uttar-pradesh,1969,198,SHYAM DEURWA,MAHATAM,parties.IN.BKD,BKD,16255,33.89,1,won,U,,,,crossover,src-1b7bc1c9d39a
IN-AC-1967-uttar-pradesh-198,uttar-pradesh,1969,198,SHYAM DEURWA,JANARDA OJHA,parties.IN.PSP,PSP,12620,26.31,2,lost,U,,,,challenger,src-1b7bc1c9d39a
IN-AC-1967-uttar-pradesh-198,uttar-pradesh,1969,198,SHYAM DEURWA,MOHD. ZAKI,parties.IN.INC,INC,12565,26.2,3,lost,U,,,,challenger,src-1b7bc1c9d39a
IN-AC-1967-uttar-pradesh-198,uttar-pradesh,1969,198,SHYAM DEURWA,SAHEBYADA,parties.IN.HMS,HMS,2602,5.43,4,forfeit,U,,,,challenger,src-1b7bc1c9d39a
IN-AC-1967-uttar-pradesh-198,uttar-pradesh,1969,198,SHYAM DEURWA,SHIBBAN LAL SAXENA,parties.IN.IND,IND,2463,5.14,5,forfeit,U,,,,challenger,src-1b7bc1c9d39a
IN-AC-1967-uttar-pradesh-198,uttar-pradesh,1969,198,SHYAM DEURWA,SHREE LAL JI PRASAD,parties.IN.BJS,BJS,1457,3.04,6,forfeit,U,,,,challenger,src-1b7bc1c9d39a
IN-AC-1967-uttar-pradesh-199,uttar-pradesh,1969,199,NAURANGIA,BAIJ NATH,parties.IN.BKD,BKD,26057,51.99,1,won,U,,,,challenger,src-1b7bc1c9d39a
IN-AC-1967-uttar-pradesh-199,uttar-pradesh,1969,199,NAURANGIA,SHRI NARAIN ALIAS BHULAI,parties.IN.BJS,BJS,10933,21.82,2,lost,U,,,,challenger,src-1b7bc1c9d39a
IN-AC-1967-uttar-pradesh-199,uttar-pradesh,1969,199,NAURANGIA,DASHARATH PRASAD,parties.IN.INC,INC,7020,14.01,3,forfeit,U,,,,challenger,src-1b7bc1c9d39a
IN-AC-1967-uttar-pradesh-199,uttar-pradesh,1969,199,NAURANGIA,CHAMPA DEVI,parties.IN.SOC,SOC,3816,7.61,4,forfeit,U,,,,challenger,src-1b7bc1c9d39a
IN-AC-1967-uttar-pradesh-199,uttar-pradesh,1969,199,NAURANGIA,BACHCHAN,parties.IN.RPI,RPI,2290,4.57,5,forfeit,U,,,,challenger,src-1b7bc1c9d39a
IN-AC-1967-uttar-pradesh-200,uttar-pradesh,1969,200,RAMKOLA,MANGAL UPADHYA,parties.IN.BKD,BKD,27045,53.25,1,won,U,,,,challenger,src-1b7bc1c9d39a
IN-AC-1967-uttar-pradesh-200,uttar-pradesh,1969,200,RAMKOLA,RAJ DEO,parties.IN.INC,INC,8454,16.65,2,forfeit,U,,,,incumbent,src-1b7bc1c9d39a
IN-AC-1967-uttar-pradesh-200,uttar-pradesh,1969,200,RAMKOLA,BASDEO,parties.IN.BJS,BJS,6737,13.26,3,forfeit,U,,,,challenger,src-1b7bc1c9d39a
IN-AC-1967-uttar-pradesh-200,uttar-pradesh,1969,200,RAMKOLA,BHAGWAT,parties.IN.SOC,SOC,4054,7.98,4,forfeit,U,,,,challenger,src-1b7bc1c9d39a
IN-AC-1967-uttar-pradesh-200,uttar-pradesh,1969,200,RAMKOLA,SUKAI,parties.IN.RPI,RPI,2122,4.18,5,forfeit,U,,,,challenger,src-1b7bc1c9d39a
IN-AC-1967-uttar-pradesh-200,uttar-pradesh,1969,200,RAMKOLA,RAM GOPAL KEDIA,parties.IN.HMS,HMS,1109,2.18,6,forfeit,U,,,,challenger,src-1b7bc1c9d39a
IN-AC-1967-uttar-pradesh-200,uttar-pradesh,1969,200,RAMKOLA,DEEPAI,parties.IN.SSP,SSP,976,1.92,7,forfeit,U,,,,challenger,src-1b7bc1c9d39a
IN-AC-1967-uttar-pradesh-200,uttar-pradesh,1969,200,RAMKOLA,PARAMHANS,parties.IN.IND,IND,291,0.57,8,forfeit,U,,,,challenger,src-1b7bc1c9d39a
IN-AC-1967-uttar-pradesh-201,uttar-pradesh,1969,201,HATA,BANKEY LAL,parties.IN.SSP,SSP,16004,32.81,1,won,U,,,,challenger,src-1b7bc1c9d39a
IN-AC-1967-uttar-pradesh-201,uttar-pradesh,1969,201,HATA,RAJA RAM,parties.IN.INC,INC,11455,23.49,2,lost,U,,,,challenger,src-1b7bc1c9d39a
IN-AC-1967-uttar-pradesh-201,uttar-pradesh,1969,201,HATA,SURENDRA,parties.IN.BKD,BKD,10013,20.53,3,lost,U,,,,challenger,src-1b7bc1c9d39a
IN-AC-1967-uttar-pradesh-201,uttar-pradesh,1969,201,HATA,KISHUNI,parties.IN.RPI,RPI,3438,7.05,4,forfeit,U,,,,challenger,src-1b7bc1c9d39a
IN-AC-1967-uttar-pradesh-201,uttar-pradesh,1969,201,HATA,RAM ROOP,parties.IN.SOC,SOC,3232,6.63,5,forfeit,U,,,,challenger,src-1b7bc1c9d39a
IN-AC-1967-uttar-pradesh-201,uttar-pradesh,1969,201,HATA,RAM RATAN,parties.IN.PSP,PSP,2451,5.03,6,forfeit,U,,,,challenger,src-1b7bc1c9d39a
IN-AC-1967-uttar-pradesh-201,uttar-pradesh,1969,201,HATA,SHRIPATI,parties.IN.BJS,BJS,2182,4.47,7,forfeit,U,,,,challenger,src-1b7bc1c9d39a
IN-AC-1967-uttar-pradesh-202,uttar-pradesh,1969,202,PADRAUNA,CHANDRA PRATAP N. SINGH,parties.IN.BKD,BKD,30464,47.98,1,won,U,,,,challenger,src-1b7bc1c9d39a
IN-AC-1967-uttar-pradesh-202,uttar-pradesh,1969,202,PADRAUNA,CHANDRA DEO,parties.IN.INC,INC,17604,27.73,2,lost,U,,,,challenger,src-1b7bc1c9d39a
IN-AC-1967-uttar-pradesh-202,uttar-pradesh,1969,202,PADRAUNA,BANARSI GOPAL,parties.IN.BJS,BJS,8779,13.83,3,forfeit,U,,,,challenger,src-1b7bc1c9d39a
IN-AC-1967-uttar-pradesh-202,uttar-pradesh,1969,202,PADRAUNA,RAM SARAN,parties.IN.SSP,SSP,3199,5.04,4,forfeit,U,,,,challenger,src-1b7bc1c9d39a
IN-AC-1967-uttar-pradesh-202,uttar-pradesh,1969,202,PADRAUNA,ASGAR,parties.IN.RPI,RPI,2313,3.64,5,forfeit,U,,,,challenger,src-1b7bc1c9d39a
IN-AC-1967-uttar-pradesh-202,uttar-pradesh,1969,202,PADRAUNA,RAM BACHAN,parties.IN.CPI,CPI,1130,1.78,6,forfeit,U,,,,challenger,src-1b7bc1c9d39a
IN-AC-1967-uttar-pradesh-203,uttar-pradesh,1969,203,SEORAHI,GENDA SINGH,parties.IN.INC,INC,21136,44.97,1,won,U,,,,crossover,src-1b7bc1c9d39a
IN-AC-1967-uttar-pradesh-203,uttar-pradesh,1969,203,SEORAHI,KRIPA SHANKER,parties.IN.BKD,BKD,20230,43.04,2,lost,U,,,,challenger,src-1b7bc1c9d39a
IN-AC-1967-uttar-pradesh-203,uttar-pradesh,1969,203,SEORAHI,PATANJALI,parties.IN.BJS,BJS,3286,6.99,3,forfeit,U,,,,challenger,src-1b7bc1c9d39a
IN-AC-1967-uttar-pradesh-203,uttar-pradesh,1969,203,SEORAHI,RAM SUBHAG,parties.IN.SSP,SSP,1191,2.53,4,forfeit,U,,,,challenger,src-1b7bc1c9d39a
IN-AC-1967-uttar-pradesh-203,uttar-pradesh,1969,203,SEORAHI,INDRASAN SINGH,parties.IN.PSP,PSP,604,1.29,5,forfeit,U,,,,challenger,src-1b7bc1c9d39a
IN-AC-1967-uttar-pradesh-203,uttar-pradesh,1969,203,SEORAHI,SIRIKRISHNA,parties.IN.CPI,CPI,551,1.17,6,forfeit,U,,,,challenger,src-1b7bc1c9d39a
IN-AC-1967-uttar-pradesh-204,uttar-pradesh,1969,204,FAZILNAGAR,RAM DHARI,parties.IN.SSP,SSP,29305,51.08,1,won,U,,,,challenger,src-1b7bc1c9d39a
IN-AC-1967-uttar-pradesh-204,uttar-pradesh,1969,204,FAZILNAGAR,RAMAYAN RAI,parties.IN.INC,INC,19344,33.72,2,lost,U,,,,challenger,src-1b7bc1c9d39a
IN-AC-1967-uttar-pradesh-204,uttar-pradesh,1969,204,FAZILNAGAR,KHALIL SHAH,parties.IN.BKD,BKD,4292,7.48,3,forfeit,U,,,,challenger,src-1b7bc1c9d39a
IN-AC-1967-uttar-pradesh-204,uttar-pradesh,1969,204,FAZILNAGAR,GANGA,parties.IN.BJS,BJS,2724,4.75,4,forfeit,U,,,,challenger,src-1b7bc1c9d39a
IN-AC-1967-uttar-pradesh-204,uttar-pradesh,1969,204,FAZILNAGAR,NAWA NIDHI,parties.IN.IND,IND,1707,2.98,5,forfeit,U,,,,challenger,src-1b7bc1c9d39a
IN-AC-1967-uttar-pradesh-205,uttar-pradesh,1969,205,KUSHINAGAR,RAJ MANGAL PANDEY,parties.IN.INC,INC,30779,49.98,1,won,U,,,,challenger,src-1b7bc1c9d39a
IN-AC-1967-uttar-pradesh-205,uttar-pradesh,1969,205,KUSHINAGAR,SHIVA AWATAR,parties.IN.BKD,BKD,12424,20.17,2,lost,U,,,,challenger,src-1b7bc1c9d39a
IN-AC-1967-uttar-pradesh-205,uttar-pradesh,1969,205,KUSHINAGAR,RAVINDRA KISHORE SHAHI,parties.IN.BJS,BJS,10337,16.79,3,lost,U,,,,challenger,src-1b7bc1c9d39a
IN-AC-1967-uttar-pradesh-205,uttar-pradesh,1969,205,KUSHINAGAR,RAM NARESH PANDEY,parties.IN.SSP,SSP,6876,11.17,4,forfeit,U,,,,challenger,src-1b7bc1c9d39a
IN-AC-1967-uttar-pradesh-205,uttar-pradesh,1969,205,KUSHINAGAR,SHEO PUJAN,parties.IN.SOC,SOC,854,1.39,5,forfeit,U,,,,challenger,src-1b7bc1c9d39a
IN-AC-1967-uttar-pradesh-205,uttar-pradesh,1969,205,KUSHINAGAR,JAWAHAR LAL,parties.IN.PBI,PBI,314,0.51,6,forfeit,U,,,,challenger,src-1b7bc1c9d39a
IN-AC-1967-uttar-pradesh-206,uttar-pradesh,1969,206,GAURI BAZAR,RAM LAL,parties.IN.INC,INC,12151,24.02,1,won,U,,,,challenger,src-1b7bc1c9d39a
IN-AC-1967-uttar-pradesh-206,uttar-pradesh,1969,206,GAURI BAZAR,BHAGWAT,parties.IN.BKD,BKD,11790,23.3,2,lost,U,,,,challenger,src-1b7bc1c9d39a
IN-AC-1967-uttar-pradesh-206,uttar-pradesh,1969,206,GAURI BAZAR,CHANDRA BALI,parties.IN.SOC,SOC,5747,11.36,3,forfeit,U,,,,crossover,src-1b7bc1c9d39a
IN-AC-1967-uttar-pradesh-206,uttar-pradesh,1969,206,GAURI BAZAR,DEVENDRA,parties.IN.BJS,BJS,5574,11.02,4,forfeit,U,,,,challenger,src-1b7bc1c9d39a
IN-AC-1967-uttar-pradesh-206,uttar-pradesh,1969,206,GAURI BAZAR,HABIBUR RAHMAN,parties.IN.RPI,RPI,4217,8.34,5,forfeit,U,,,,challenger,src-1b7bc1c9d39a
IN-AC-1967-uttar-pradesh-206,uttar-pradesh,1969,206,GAURI BAZAR,CHHATARDHARI,parties.IN.PSP,PSP,3201,6.33,6,forfeit,U,,,,challenger,src-1b7bc1c9d39a
IN-AC-1967-uttar-pradesh-206,uttar-pradesh,1969,206,GAURI BAZAR,NOOR MOHD,parties.IN.IND,IND,2263,4.47,7,forfeit,U,,,,challenger,src-1b7bc1c9d39a
IN-AC-1967-uttar-pradesh-206,uttar-pradesh,1969,206,GAURI BAZAR,MAHENDRA,parties.IN.HMS,HMS,1745,3.45,8,forfeit,U,,,,challenger,src-1b7bc1c9d39a
IN-AC-1967-uttar-pradesh-206,uttar-pradesh,1969,206,GAURI BAZAR,SANT PRASAD,parties.IN.IND,IND,1700,3.36,9,forfeit,U,,,,challenger,src-1b7bc1c9d39a
IN-AC-1967-uttar-pradesh-206,uttar-pradesh,1969,206,GAURI BAZAR,RAM NANDAN,parties.IN.IND,IND,1239,2.45,10,forfeit,U,,,,challenger,src-1b7bc1c9d39a
IN-AC-1967-uttar-pradesh-206,uttar-pradesh,1969,206,GAURI BAZAR,RAMAYAN,parties.IN.SSP,SSP,966,1.91,11,forfeit,U,,,,challenger,src-1b7bc1c9d39a
IN-AC-1967-uttar-pradesh-207,uttar-pradesh,1969,207,RUDRAPUR,SITA RAM,parties.IN.INC,INC,19659,41.13,1,won,U,,,,challenger,src-1b7bc1c9d39a
IN-AC-1967-uttar-pradesh-207,uttar-pradesh,1969,207,RUDRAPUR,MAHESH,parties.IN.BKD,BKD,12086,25.29,2,lost,U,,,,challenger,src-1b7bc1c9d39a
IN-AC-1967-uttar-pradesh-207,uttar-pradesh,1969,207,RUDRAPUR,BIDESHI,parties.IN.BJS,BJS,8665,18.13,3,lost,U,,,,challenger,src-1b7bc1c9d39a
IN-AC-1967-uttar-pradesh-207,uttar-pradesh,1969,207,RUDRAPUR,SHYAM DHANI,parties.IN.SOC,SOC,3566,7.46,4,forfeit,U,,,,challenger,src-1b7bc1c9d39a
IN-AC-1967-uttar-pradesh-207,uttar-pradesh,1969,207,RUDRAPUR,BASANT,parties.IN.SSP,SSP,2233,4.67,5,forfeit,U,,,,challenger,src-1b7bc1c9d39a
IN-AC-1967-uttar-pradesh-207,uttar-pradesh,1969,207,RUDRAPUR,GANESH PRASAD,parties.IN.RPI,RPI,1135,2.37,6,forfeit,U,,,,challenger,src-1b7bc1c9d39a
IN-AC-1967-uttar-pradesh-207,uttar-pradesh,1969,207,RUDRAPUR,PHULBASI,parties.IN.IND,IND,450,0.94,7,forfeit,U,,,,challenger,src-1b7bc1c9d39a
IN-AC-1967-uttar-pradesh-208,uttar-pradesh,1969,208,DEORIA,DEEP NARAIN,parties.IN.BKD,BKD,12764,22.34,1,won,U,,,,challenger,src-1b7bc1c9d39a
IN-AC-1967-uttar-pradesh-208,uttar-pradesh,1969,208,DEORIA,KRISHNA RAI,parties.IN.SSP,SSP,12288,21.51,2,lost,U,,,,challenger,src-1b7bc1c9d39a
IN-AC-1967-uttar-pradesh-208,uttar-pradesh,1969,208,DEORIA,BRIJIS,parties.IN.INC,INC,11399,19.95,3,lost,U,,,,challenger,src-1b7bc1c9d39a
IN-AC-1967-uttar-pradesh-208,uttar-pradesh,1969,208,DEORIA,MAHENDRA SINGH,parties.IN.PSP,PSP,5179,9.06,4,forfeit,U,,,,challenger,src-1b7bc1c9d39a
IN-AC-1967-uttar-pradesh-208,uttar-pradesh,1969,208,DEORIA,NAWAL KISHORE,parties.IN.BJS,BJS,5086,8.9,5,forfeit,U,,,,challenger,src-1b7bc1c9d39a
IN-AC-1967-uttar-pradesh-208,uttar-pradesh,1969,208,DEORIA,BANDHU PRASAD,parties.IN.RPI,RPI,3926,6.87,6,forfeit,U,,,,challenger,src-1b7bc1c9d39a
IN-AC-1967-uttar-pradesh-208,uttar-pradesh,1969,208,DEORIA,RAM AGYA,parties.IN.SOC,SOC,3327,5.82,7,forfeit,U,,,,crossover,src-1b7bc1c9d39a
IN-AC-1967-uttar-pradesh-208,uttar-pradesh,1969,208,DEORIA,CHHITANYA DEO,parties.IN.MAP,MAP,2522,4.41,8,forfeit,U,,,,challenger,src-1b7bc1c9d39a
IN-AC-1967-uttar-pradesh-208,uttar-pradesh,1969,208,DEORIA,RAIS,parties.IN.IND,IND,647,1.13,9,forfeit,U,,,,challenger,src-1b7bc1c9d39a
IN-AC-1967-uttar-pradesh-209,uttar-pradesh,1969,209,BHATPAR RANI,HARIBANSH,parties.IN.SSP,SSP,18295,31.13,1,won,U,,,,challenger,src-1b7bc1c9d39a
IN-AC-1967-uttar-pradesh-209,uttar-pradesh,1969,209,BHATPAR RANI,TRIGUNA NAND,parties.IN.IND,IND,14640,24.91,2,lost,U,,,,challenger,src-1b7bc1c9d39a
IN-AC-1967-uttar-pradesh-209,uttar-pradesh,1969,209,BHATPAR RANI,AYODHYA PRASAD ARYA,parties.IN.INC,INC,11886,20.22,3,lost,U,,,,challenger,src-1b7bc1c9d39a
IN-AC-1967-uttar-pradesh-209,uttar-pradesh,1969,209,BHATPAR RANI,MADAN MOHAN MISHRA,parties.IN.BJS,BJS,6478,11.02,4,forfeit,U,,,,challenger,src-1b7bc1c9d39a
IN-AC-1967-uttar-pradesh-209,uttar-pradesh,1969,209,BHATPAR RANI,RAM RAJ,parties.IN.IND,IND,3338,5.68,5,forfeit,U,,,,challenger,src-1b7bc1c9d39a
IN-AC-1967-uttar-pradesh-209,uttar-pradesh,1969,209,BHATPAR RANI,SUKHDEO PRASAD,parties.IN.BKD,BKD,1610,2.74,6,forfeit,U,,,,challenger,src-1b7bc1c9d39a
IN-AC-1967-uttar-pradesh-209,uttar-pradesh,1969,209,BHATPAR RANI,AKSHAIBER,parties.IN.PBI,PBI,870,1.48,7,forfeit,U,,,,challenger,src-1b7bc1c9d39a
IN-AC-1967-uttar-pradesh-209,uttar-pradesh,1969,209,BHATPAR RANI,RAM DARAS,parties.IN.CPI,CPI,869,1.48,8,forfeit,U,,,,challenger,src-1b7bc1c9d39a
IN-AC-1967-uttar-pradesh-209,uttar-pradesh,1969,209,BHATPAR RANI,RAMA SHANKER,parties.IN.HMS,HMS,785,1.34,9,forfeit,U,,,,challenger,src-1b7bc1c9d39a
IN-AC-1967-uttar-pradesh-210,uttar-pradesh,1969,210,SALEMPUR,SHEO BACHAN,parties.IN.INC,INC,18236,31.15,1,won,U,,,,challenger,src-1b7bc1c9d39a
IN-AC-1967-uttar-pradesh-210,uttar-pradesh,1969,210,SALEMPUR,HARIKEWAL PRASAD,parties.IN.SSP,SSP,15159,25.89,2,lost,U,,,,challenger,src-1b7bc1c9d39a
IN-AC-1967-uttar-pradesh-210,uttar-pradesh,1969,210,SALEMPUR,RAM JI BHAI,parties.IN.BKD,BKD,10407,17.78,3,lost,U,,,,challenger,src-1b7bc1c9d39a
IN-AC-1967-uttar-pradesh-210,uttar-pradesh,1969,210,SALEMPUR,RAM NAGINA,parties.IN.BJS,BJS,6053,10.34,4,forfeit,U,,,,challenger,src-1b7bc1c9d39a
IN-AC-1967-uttar-pradesh-210,uttar-pradesh,1969,210,SALEMPUR,SAHDEO,parties.IN.IND,IND,4318,7.38,5,forfeit,U,,,,challenger,src-1b7bc1c9d39a
IN-AC-1967-uttar-pradesh-210,uttar-pradesh,1969,210,SALEMPUR,RAM KRISHNA,parties.IN.CPI,CPI,3227,5.51,6,forfeit,U,,,,challenger,src-1b7bc1c9d39a
IN-AC-1967-uttar-pradesh-210,uttar-pradesh,1969,210,SALEMPUR,NOORJAHAN,parties.IN.SOC,SOC,1142,1.95,7,forfeit,U,,,,challenger,src-1b7bc1c9d39a
IN-AC-1967-uttar-pradesh-211,uttar-pradesh,1969,211,BARHAJ,AWADHESH PRATAP MALL,parties.IN.INC,INC,18985,35.39,1,won,U,,,,challenger,src-1b7bc1c9d39a
IN-AC-1967-uttar-pradesh-211,uttar-pradesh,1969,211,BARHAJ,DINA NATH,parties.IN.BJS,BJS,11741,21.88,2,lost,U,,,,challenger,src-1b7bc1c9d39a
IN-AC-1967-uttar-pradesh-211,uttar-pradesh,1969,211,BARHAJ,UGRA SEN,parties.IN.SSP,SSP,10320,19.24,3,lost,U,,,,crossover,src-1b7bc1c9d39a
IN-AC-1967-uttar-pradesh-211,uttar-pradesh,1969,211,BARHAJ,TEJ NARAIN,parties.IN.BKD,BKD,4302,8.02,4,forfeit,U,,,,challenger,src-1b7bc1c9d39a
IN-AC-1967-uttar-pradesh-211,uttar-pradesh,1969,211,BARHAJ,MUKH LAL,parties.IN.RPI,RPI,3183,5.93,5,forfeit,U,,,,challenger,src-1b7bc1c9d39a
IN-AC-1967-uttar-pradesh-211,uttar-pradesh,1969,211,BARHAJ,RAM ADHAR,parties.IN.IND,IND,2115,3.94,6,forfeit,U,,,,challenger,src-1b7bc1c9d39a
IN-AC-1967-uttar-pradesh-211,uttar-pradesh,1969,211,BARHAJ,JANG BAHADUR,parties.IN.PSP,PSP,1756,3.27,7,forfeit,U,,,,challenger,src-1b7bc1c9d39a
IN-AC-1967-uttar-pradesh-211,uttar-pradesh,1969,211,BARHAJ,KAILASH,parties.IN.MAP,MAP,1247,2.32,8,forfeit,U,,,,challenger,src-1b7bc1c9d39a
IN-AC-1967-uttar-pradesh-212,uttar-pradesh,1969,212,NATHPUR,LALSA,parties.IN.INC,INC,20369,42.94,1,won,U,,,,challenger,src-1b7bc1c9d39a
IN-AC-1967-uttar-pradesh-212,uttar-pradesh,1969,212,NATHPUR,HARDEO,parties.IN.SSP,SSP,10759,22.68,2,lost,U,,,,challenger,src-1b7bc1c9d39a
IN-AC-1967-uttar-pradesh-212,uttar-pradesh,1969,212,NATHPUR,JALESHWAR,parties.IN.CPI,CPI,6046,12.75,3,forfeit,U,,,,challenger,src-1b7bc1c9d39a
IN-AC-1967-uttar-pradesh-212,uttar-pradesh,1969,212,NATHPUR,BAL CHAND,parties.IN.BKD,BKD,5944,12.53,4,forfeit,U,,,,crossover,src-1b7bc1c9d39a
IN-AC-1967-uttar-pradesh-212,uttar-pradesh,1969,212,NATHPUR,GODHAN,parties.IN.BJS,BJS,2985,6.29,5,forfeit,U,,,,challenger,src-1b7bc1c9d39a
IN-AC-1967-uttar-pradesh-212,uttar-pradesh,1969,212,NATHPUR,RAM KISHUN,parties.IN.IND,IND,1334,2.81,6,forfeit,U,,,,challenger,src-1b7bc1c9d39a
IN-AC-1967-uttar-pradesh-213,uttar-pradesh,1969,213,GHOSI,RAM BELAS,parties.IN.INC,INC,20994,31.31,1,won,U,,,,challenger,src-1b7bc1c9d39a
IN-AC-1967-uttar-pradesh-213,uttar-pradesh,1969,213,GHOSI,JAFAR AZMI,parties.IN.CPI,CPI,17645,26.31,2,lost,U,,,,challenger,src-1b7bc1c9d39a
IN-AC-1967-uttar-pradesh-213,uttar-pradesh,1969,213,GHOSI,KALP NATH,parties.IN.SSP,SSP,12267,18.29,3,lost,U,,,,crossover,src-1b7bc1c9d39a
IN-AC-1967-uttar-pradesh-213,uttar-pradesh,1969,213,GHOSI,CHANDRADEO CHAUHAN,parties.IN.RPI,RPI,5963,8.89,4,forfeit,U,,,,challenger,src-1b7bc1c9d39a
IN-AC-1967-uttar-pradesh-213,uttar-pradesh,1969,213,GHOSI,RAM SURAT RAI,parties.IN.SOC,SOC,3719,5.55,5,forfeit,U,,,,challenger,src-1b7bc1c9d39a
IN-AC-1967-uttar-pradesh-213,uttar-pradesh,1969,213,GHOSI,BRIJ MOHAN,parties.IN.BKD,BKD,3312,4.94,6,forfeit,U,,,,challenger,src-1b7bc1c9d39a
IN-AC-1967-uttar-pradesh-213,uttar-pradesh,1969,213,GHOSI,ACHARYA RAMJI,parties.IN.BJS,BJS,2024,3.02,7,forfeit,U,,,,challenger,src-1b7bc1c9d39a
IN-AC-1967-uttar-pradesh-213,uttar-pradesh,1969,213,GHOSI,KRISHNANAND,parties.IN.MAP,MAP,466,0.69,8,forfeit,U,,,,challenger,src-1b7bc1c9d39a
IN-AC-1967-uttar-pradesh-213,uttar-pradesh,1969,213,GHOSI,SURESH,parties.IN.IND,IND,465,0.69,9,forfeit,U,,,,challenger,src-1b7bc1c9d39a
IN-AC-1967-uttar-pradesh-213,uttar-pradesh,1969,213,GHOSI,PARAS NATH,parties.IN.IND,IND,200,0.3,10,forfeit,U,,,,challenger,src-1b7bc1c9d39a
IN-AC-1967-uttar-pradesh-214,uttar-pradesh,1969,214,SAGRI,RAM KUNWAR,parties.IN.INC,INC,26084,40.56,1,won,U,,,,challenger,src-1b7bc1c9d39a
IN-AC-1967-uttar-pradesh-214,uttar-pradesh,1969,214,SAGRI,RAM SUNDER PANDE,parties.IN.SSP,SSP,21334,33.18,2,lost,U,,,,challenger,src-1b7bc1c9d39a
IN-AC-1967-uttar-pradesh-214,uttar-pradesh,1969,214,SAGRI,NARBADESHWAR,parties.IN.CPI,CPI,12475,19.4,3,lost,U,,,,incumbent,src-1b7bc1c9d39a
IN-AC-1967-uttar-pradesh-214,uttar-pradesh,1969,214,SAGRI,ROHAN,parties.IN.BKD,BKD,2283,3.55,4,forfeit,U,,,,crossover,src-1b7bc1c9d39a
IN-AC-1967-uttar-pradesh-214,uttar-pradesh,1969,214,SAGRI,MELHU CHAUHAN,parties.IN.RPI,RPI,2130,3.31,5,forfeit,U,,,,challenger,src-1b7bc1c9d39a
IN-AC-1967-uttar-pradesh-215,uttar-pradesh,1969,215,GOPALPUR,DAL SINGAR,parties.IN.SSP,SSP,21195,38.74,1,won,U,,,,challenger,src-1b7bc1c9d39a
IN-AC-1967-uttar-pradesh-215,uttar-pradesh,1969,215,GOPALPUR,MUKTI NATH,parties.IN.INC,INC,10552,19.29,2,lost,U,,,,challenger,src-1b7bc1c9d39a
IN-AC-1967-uttar-pradesh-215,uttar-pradesh,1969,215,GOPALPUR,SHANKAR RAM,parties.IN.RPI,RPI,7771,14.2,3,forfeit,U,,,,challenger,src-1b7bc1c9d39a
IN-AC-1967-uttar-pradesh-215,uttar-pradesh,1969,215,GOPALPUR,KAMLA KANT,parties.IN.SWA,SWA,6059,11.08,4,forfeit,U,,,,challenger,src-1b7bc1c9d39a
IN-AC-1967-uttar-pradesh-215,uttar-pradesh,1969,215,GOPALPUR,GANGA SARAN,parties.IN.BJS,BJS,4991,9.12,5,forfeit,U,,,,challenger,src-1b7bc1c9d39a
IN-AC-1967-uttar-pradesh-215,uttar-pradesh,1969,215,GOPALPUR,AHSANULLA,parties.IN.RPA,RPA,2844,5.2,6,forfeit,U,,,,challenger,src-1b7bc1c9d39a
IN-AC-1967-uttar-pradesh-215,uttar-pradesh,1969,215,GOPALPUR,AVDHESH,parties.IN.BKD,BKD,907,1.66,7,forfeit,U,,,,challenger,src-1b7bc1c9d39a
IN-AC-1967-uttar-pradesh-215,uttar-pradesh,1969,215,GOPALPUR,SAMPURNANAND,parties.IN.MAP,MAP,389,0.71,8,forfeit,U,,,,challenger,src-1b7bc1c9d39a
IN-AC-1967-uttar-pradesh-216,uttar-pradesh,1969,216,AZAMGARH,BHIMA PRASAD,parties.IN.SSP,SSP,20144,30.42,1,won,U,,,,challenger,src-1b7bc1c9d39a
IN-AC-1967-uttar-pradesh-216,uttar-pradesh,1969,216,AZAMGARH,CHANDRA BALI BARHMCHARI,parties.IN.INC,INC,16190,24.45,2,lost,U,,,,challenger,src-1b7bc1c9d39a
IN-AC-1967-uttar-pradesh-216,uttar-pradesh,1969,216,AZAMGARH,BALI RAM,parties.IN.RPI,RPI,12283,18.55,3,lost,U,,,,challenger,src-1b7bc1c9d39a
IN-AC-1967-uttar-pradesh-216,uttar-pradesh,1969,216,AZAMGARH,RAJ BALI,parties.IN.BJS,BJS,11186,16.89,4,lost,U,,,,challenger,src-1b7bc1c9d39a
IN-AC-1967-uttar-pradesh-216,uttar-pradesh,1969,216,AZAMGARH,RAMO DEVI,parties.IN.BKD,BKD,5105,7.71,5,forfeit,U,,,,challenger,src-1b7bc1c9d39a
IN-AC-1967-uttar-pradesh-216,uttar-pradesh,1969,216,AZAMGARH,BALESHWAR,parties.IN.SVC,SVC,1313,1.98,6,forfeit,U,,,,challenger,src-1b7bc1c9d39a
IN-AC-1967-uttar-pradesh-217,uttar-pradesh,1969,217,RANI KI SARAI,RAM BACHAN,parties.IN.BJS,BJS,17203,29.68,1,won,U,,,,challenger,src-1b7bc1c9d39a
IN-AC-1967-uttar-pradesh-217,uttar-pradesh,1969,217,RANI KI SARAI,AMJAD ALI,parties.IN.INC,INC,14268,24.62,2,lost,U,,,,challenger,src-1b7bc1c9d39a
IN-AC-1967-uttar-pradesh-217,uttar-pradesh,1969,217,RANI KI SARAI,JITENDRA NATH,parties.IN.SSP,SSP,10200,17.6,3,lost,U,,,,challenger,src-1b7bc1c9d39a
IN-AC-1967-uttar-pradesh-217,uttar-pradesh,1969,217,RANI KI SARAI,PRAHLAD,parties.IN.RPI,RPI,10034,17.31,4,lost,U,,,,challenger,src-1b7bc1c9d39a
IN-AC-1967-uttar-pradesh-217,uttar-pradesh,1969,217,RANI KI SARAI,DHANOO,parties.IN.BPI,BPI,3165,5.46,5,forfeit,U,,,,challenger,src-1b7bc1c9d39a
IN-AC-1967-uttar-pradesh-217,uttar-pradesh,1969,217,RANI KI SARAI,KEDAR NATH,parties.IN.BKD,BKD,3086,5.32,6,forfeit,U,,,,challenger,src-1b7bc1c9d39a
IN-AC-1967-uttar-pradesh-218,uttar-pradesh,1969,218,ATRAULIA,JANG BAHADUR SINGH,parties.IN.INC,INC,18786,30.14,1,won,U,,,,challenger,src-1b7bc1c9d39a
IN-AC-1967-uttar-pradesh-218,uttar-pradesh,1969,218,ATRAULIA,MARKANDE,parties.IN.SSP,SSP,13264,21.28,2,lost,U,,,,incumbent,src-1b7bc1c9d39a
IN-AC-1967-uttar-pradesh-218,uttar-pradesh,1969,218,ATRAULIA,BHAGWATI PRASAD,parties.IN.BKD,BKD,13210,21.2,3,lost,U,,,,challenger,src-1b7bc1c9d39a
IN-AC-1967-uttar-pradesh-218,uttar-pradesh,1969,218,ATRAULIA,DAYA RAM BHASKAR,parties.IN.RPI,RPI,11901,19.09,4,lost,U,,,,challenger,src-1b7bc1c9d39a
IN-AC-1967-uttar-pradesh-218,uttar-pradesh,1969,218,ATRAULIA,SABHAJIT SINGH,parties.IN.BJS,BJS,3795,6.09,5,forfeit,U,,,,challenger,src-1b7bc1c9d39a
IN-AC-1967-uttar-pradesh-218,uttar-pradesh,1969,218,ATRAULIA,JAGANNATH DUBE,parties.IN.IND,IND,726,1.16,6,forfeit,U,,,,challenger,src-1b7bc1c9d39a
IN-AC-1967-uttar-pradesh-218,uttar-pradesh,1969,218,ATRAULIA,DEWESHWARE NAND,parties.IN.IND,IND,644,1.03,7,forfeit,U,,,,challenger,src-1b7bc1c9d39a
IN-AC-1967-uttar-pradesh-219,uttar-pradesh,1969,219,PHULPUR,RAM VACHAN,parties.IN.BKD,BKD,15167,29.94,1,won,U,,,,challenger,src-1b7bc1c9d39a
IN-AC-1967-uttar-pradesh-219,uttar-pradesh,1969,219,PHULPUR,DAULAT LAL,parties.IN.SSP,SSP,12667,25.01,2,lost,U,,,,crossover,src-1b7bc1c9d39a
IN-AC-1967-uttar-pradesh-219,uttar-pradesh,1969,219,PHULPUR,CHHOTE LAL NIRBHAY,parties.IN.RPI,RPI,9887,19.52,3,lost,U,,,,challenger,src-1b7bc1c9d39a
IN-AC-1967-uttar-pradesh-219,uttar-pradesh,1969,219,PHULPUR,NOODH NATH,parties.IN.INC,INC,7577,14.96,4,forfeit,U,,,,challenger,src-1b7bc1c9d39a
IN-AC-1967-uttar-pradesh-219,uttar-pradesh,1969,219,PHULPUR,RAM KRISHNA,parties.IN.CPI,CPI,2776,5.48,5,forfeit,U,,,,challenger,src-1b7bc1c9d39a
IN-AC-1967-uttar-pradesh-219,uttar-pradesh,1969,219,PHULPUR,GOKARAN,parties.IN.BJS,BJS,2261,4.46,6,forfeit,U,,,,challenger,src-1b7bc1c9d39a
IN-AC-1967-uttar-pradesh-219,uttar-pradesh,1969,219,PHULPUR,RAM SUMER DESH SEWAK,parties.IN.IND,IND,320,0.63,7,forfeit,U,,,,challenger,src-1b7bc1c9d39a
IN-AC-1967-uttar-pradesh-220,uttar-pradesh,1969,220,MARTINGANJ,BANARSI,parties.IN.BKD,BKD,12886,30.85,1,won,U,,,,challenger,src-1b7bc1c9d39a
IN-AC-1967-uttar-pradesh-220,uttar-pradesh,1969,220,MARTINGANJ,ARJUN RAM,parties.IN.INC,INC,11631,27.84,2,lost,U,,,,challenger,src-1b7bc1c9d39a
IN-AC-1967-uttar-pradesh-220,uttar-pradesh,1969,220,MARTINGANJ,PATIRAJ,parties.IN.BJS,BJS,9572,22.92,3,lost,U,,,,challenger,src-1b7bc1c9d39a
IN-AC-1967-uttar-pradesh-220,uttar-pradesh,1969,220,MARTINGANJ,BHIKHA RAM,parties.IN.SSP,SSP,5260,12.59,4,forfeit,U,,,,challenger,src-1b7bc1c9d39a
IN-AC-1967-uttar-pradesh-220,uttar-pradesh,1969,220,MARTINGANJ,SHAMBHU NATH,parties.IN.RPI,RPI,2422,5.8,5,forfeit,U,,,,challenger,src-1b7bc1c9d39a
IN-AC-1967-uttar-pradesh-221,uttar-pradesh,1969,221,MEHNAGAR,CHHANGUR,parties.IN.CPIM,CPM,16368,35.66,1,won,U,,,,challenger,src-1b7bc1c9d39a
IN-AC-1967-uttar-pradesh-221,uttar-pradesh,1969,221,MEHNAGAR,RAM DHARI,parties.IN.BKD,BKD,10066,21.93,2,lost,U,,,,challenger,src-1b7bc1c9d39a
IN-AC-1967-uttar-pradesh-221,uttar-pradesh,1969,221,MEHNAGAR,SURJAN,parties.IN.INC,INC,8647,18.84,3,lost,U,,,,challenger,src-1b7bc1c9d39a
IN-AC-1967-uttar-pradesh-221,uttar-pradesh,1969,221,MEHNAGAR,JAINOO,parties.IN.BJS,BJS,8503,18.53,4,lost,U,,,,incumbent,src-1b7bc1c9d39a
IN-AC-1967-uttar-pradesh-221,uttar-pradesh,1969,221,MEHNAGAR,PALTAN,parties.IN.BPI,BPI,1721,3.75,5,forfeit,U,,,,challenger,src-1b7bc1c9d39a
IN-AC-1967-uttar-pradesh-221,uttar-pradesh,1969,221,MEHNAGAR,CHETU ALIAS CHET NARAIN,parties.IN.RPI,RPI,595,1.3,6,forfeit,U,,,,challenger,src-1b7bc1c9d39a
IN-AC-1967-uttar-pradesh-222,uttar-pradesh,1969,222,LALGANJ,TRIVENI,parties.IN.INC,INC,18019,28.15,1,won,U,,,,incumbent,src-1b7bc1c9d39a
IN-AC-1967-uttar-pradesh-222,uttar-pradesh,1969,222,LALGANJ,TEJ BAHADUR,parties.IN.IND,IND,15049,23.51,2,lost,U,,,,challenger,src-1b7bc1c9d39a
IN-AC-1967-uttar-pradesh-222,uttar-pradesh,1969,222,LALGANJ,KUNWAR SHRIPAL,parties.IN.BJS,BJS,14689,22.95,3,lost,U,,,,challenger,src-1b7bc1c9d39a
IN-AC-1967-uttar-pradesh-222,uttar-pradesh,1969,222,LALGANJ,ISH DUTT,parties.IN.BKD,BKD,12610,19.7,4,lost,U,,,,challenger,src-1b7bc1c9d39a
IN-AC-1967-uttar-pradesh-222,uttar-pradesh,1969,222,LALGANJ,CHIKHURI CHAUHAN,parties.IN.RPI,RPI,3643,5.69,5,forfeit,U,,,,challenger,src-1b7bc1c9d39a
IN-AC-1967-uttar-pradesh-223,uttar-pradesh,1969,223,MUBARAKPUR,BHABHI,parties.IN.SSP,SSP,16778,29.04,1,won,U,,,,crossover,src-1b7bc1c9d39a
IN-AC-1967-uttar-pradesh-223,uttar-pradesh,1969,223,MUBARAKPUR,VISHWANATH,parties.IN.INC,INC,14454,25.02,2,lost,U,,,,incumbent,src-1b7bc1c9d39a
IN-AC-1967-uttar-pradesh-223,uttar-pradesh,1969,223,MUBARAKPUR,KAMTA,parties.IN.BKD,BKD,9185,15.9,3,forfeit,U,,,,challenger,src-1b7bc1c9d39a
IN-AC-1967-uttar-pradesh-223,uttar-pradesh,1969,223,MUBARAKPUR,M. KHALIL,parties.IN.PSP,PSP,8713,15.08,4,forfeit,U,,,,challenger,src-1b7bc1c9d39a
IN-AC-1967-uttar-pradesh-223,uttar-pradesh,1969,223,MUBARAKPUR,BRIJESH KUMAR,parties.IN.RPI,RPI,4984,8.63,5,forfeit,U,,,,challenger,src-1b7bc1c9d39a
IN-AC-1967-uttar-pradesh-223,uttar-pradesh,1969,223,MUBARAKPUR,RAM CHANDRA,parties.IN.BJS,BJS,3655,6.33,6,forfeit,U,,,,challenger,src-1b7bc1c9d39a
IN-AC-1967-uttar-pradesh-224,uttar-pradesh,1969,224,MOHAMMADABAD GOHNA,SHYAM LAL,parties.IN.SSP,SSP,13164,29.15,1,won,U,,,,challenger,src-1b7bc1c9d39a
IN-AC-1967-uttar-pradesh-224,uttar-pradesh,1969,224,MOHAMMADABAD GOHNA,DIPA,parties.IN.BJS,BJS,10979,24.31,2,lost,U,,,,challenger,src-1b7bc1c9d39a
IN-AC-1967-uttar-pradesh-224,uttar-pradesh,1969,224,MOHAMMADABAD GOHNA,SHRINATH,parties.IN.INC,INC,9938,22.01,3,lost,U,,,,challenger,src-1b7bc1c9d39a
IN-AC-1967-uttar-pradesh-224,uttar-pradesh,1969,224,MOHAMMADABAD GOHNA,SHEO,parties.IN.BKD,BKD,5581,12.36,4,forfeit,U,,,,challenger,src-1b7bc1c9d39a
IN-AC-1967-uttar-pradesh-224,uttar-pradesh,1969,224,MOHAMMADABAD GOHNA,TAPESHWAR RAM,parties.IN.CPI,CPI,5493,12.16,5,forfeit,U,,,,challenger,src-1b7bc1c9d39a
IN-AC-1967-uttar-pradesh-225,uttar-pradesh,1969,225,MAU,HABIBUR RAHMAN,parties.IN.BKD,BKD,15810,23.52,1,won,U,,,,challenger,src-1b7bc1c9d39a
IN-AC-1967-uttar-pradesh-225,uttar-pradesh,1969,225,MAU,M. A. BAQI,parties.IN.CPI,CPI,12615,18.77,2,lost,U,,,,challenger,src-1b7bc1c9d39a
IN-AC-1967-uttar-pradesh-225,uttar-pradesh,1969,225,MAU,PADAMNATH,parties.IN.INC,INC,12608,18.76,3,lost,U,,,,challenger,src-1b7bc1c9d39a
IN-AC-1967-uttar-pradesh-225,uttar-pradesh,1969,225,MAU,VRIJ MOHAN,parties.IN.BJS,BJS,12099,18,4,lost,U,,,,challenger,src-1b7bc1c9d39a
IN-AC-1967-uttar-pradesh-225,uttar-pradesh,1969,225,MAU,PHOOL CHAND,parties.IN.RPI,RPI,5761,8.57,5,forfeit,U,,,,challenger,src-1b7bc1c9d39a
IN-AC-1967-uttar-pradesh-225,uttar-pradesh,1969,225,MAU,VISHWANATH,parties.IN.SOC,SOC,5032,7.49,6,forfeit,U,,,,challenger,src-1b7bc1c9d39a
IN-AC-1967-uttar-pradesh-225,uttar-pradesh,1969,225,MAU,JHAKRI,parties.IN.PSP,PSP,1816,2.7,7,forfeit,U,,,,challenger,src-1b7bc1c9d39a
IN-AC-1967-uttar-pradesh-225,uttar-pradesh,1969,225,MAU,UDAI NARAIN,parties.IN.HMS,HMS,1032,1.54,8,forfeit,U,,,,challenger,src-1b7bc1c9d39a
IN-AC-1967-uttar-pradesh-225,uttar-pradesh,1969,225,MAU,RAM DATT SINGH,parties.IN.IND,IND,433,0.64,9,forfeit,U,,,,challenger,src-1b7bc1c9d39a
IN-AC-1967-uttar-pradesh-226,uttar-pradesh,1969,226,RASRA,RAM RATAN,parties.IN.INC,INC,17394,43.03,1,won,U,,,,challenger,src-1b7bc1c9d39a
IN-AC-1967-uttar-pradesh-226,uttar-pradesh,1969,226,RASRA,RAGHU NATH,parties.IN.CPI,CPI,17102,42.31,2,lost,U,,,,challenger,src-1b7bc1c9d39a
IN-AC-1967-uttar-pradesh-226,uttar-pradesh,1969,226,RASRA,DHARAMDEO,parties.IN.BJS,BJS,2989,7.39,3,forfeit,U,,,,challenger,src-1b7bc1c9d39a
IN-AC-1967-uttar-pradesh-226,uttar-pradesh,1969,226,RASRA,RAM NARESH,parties.IN.BKD,BKD,2939,7.27,4,forfeit,U,,,,challenger,src-1b7bc1c9d39a
IN-AC-1967-uttar-pradesh-227,uttar-pradesh,1969,227,SIAR,BABBAN,parties.IN.IND,IND,19606,30.99,1,won,U,,,,challenger,src-1b7bc1c9d39a
IN-AC-1967-uttar-pradesh-227,uttar-pradesh,1969,227,SIAR,RAMGYA,parties.IN.SSP,SSP,17128,27.07,2,lost,U,,,,challenger,src-1b7bc1c9d39a
IN-AC-1967-uttar-pradesh-227,uttar-pradesh,1969,227,SIAR,SHEO SHANKER,parties.IN.IND,IND,9822,15.52,3,forfeit,U,,,,challenger,src-1b7bc1c9d39a
IN-AC-1967-uttar-pradesh-227,uttar-pradesh,1969,227,SIAR,RAM SARIKHA,parties.IN.RPI,RPI,7155,11.31,4,forfeit,U,,,,challenger,src-1b7bc1c9d39a
IN-AC-1967-uttar-pradesh-227,uttar-pradesh,1969,227,SIAR,PARMANAND,parties.IN.INC,INC,5996,9.48,5,forfeit,U,,,,challenger,src-1b7bc1c9d39a
IN-AC-1967-uttar-pradesh-227,uttar-pradesh,1969,227,SIAR,MUNESHAR,parties.IN.BKD,BKD,2675,4.23,6,forfeit,U,,,,challenger,src-1b7bc1c9d39a
IN-AC-1967-uttar-pradesh-227,uttar-pradesh,1969,227,SIAR,BAHADUR,parties.IN.BJS,BJS,884,1.4,7,forfeit,U,,,,challenger,src-1b7bc1c9d39a
IN-AC-1967-uttar-pradesh-228,uttar-pradesh,1969,228,CHILKAHAR,JAGAR NATH,parties.IN.INC,INC,34127,55.37,1,won,U,,,,crossover,src-1b7bc1c9d39a
IN-AC-1967-uttar-pradesh-228,uttar-pradesh,1969,228,CHILKAHAR,KAMTA,parties.IN.CPI,CPI,21909,35.54,2,lost,U,,,,challenger,src-1b7bc1c9d39a
IN-AC-1967-uttar-pradesh-228,uttar-pradesh,1969,228,CHILKAHAR,RAJDEO,parties.IN.BJS,BJS,4868,7.9,3,forfeit,U,,,,challenger,src-1b7bc1c9d39a
IN-AC-1967-uttar-pradesh-228,uttar-pradesh,1969,228,CHILKAHAR,RAMM PRATAP,parties.IN.BKD,BKD,736,1.19,4,forfeit,U,,,,challenger,src-1b7bc1c9d39a
IN-AC-1967-uttar-pradesh-229,uttar-pradesh,1969,229,SIKANDARPUR,NORBHAI NARAIN SINGH,parties.IN.IND,IND,41295,57.11,1,won,U,,,,challenger,src-1b7bc1c9d39a
IN-AC-1967-uttar-pradesh-229,uttar-pradesh,1969,229,SIKANDARPUR,SHEO MANGAL SINGH,parties.IN.INC,INC,28269,39.1,2,lost,U,,,,challenger,src-1b7bc1c9d39a
IN-AC-1967-uttar-pradesh-229,uttar-pradesh,1969,229,SIKANDARPUR,RAMASHANKAR,parties.IN.PSP,PSP,2420,3.35,3,forfeit,U,,,,challenger,src-1b7bc1c9d39a
IN-AC-1967-uttar-pradesh-229,uttar-pradesh,1969,229,SIKANDARPUR,CHANDRA DEO PRASAD MAURYA,parties.IN.IND,IND,319,0.44,4,forfeit,U,,,,challenger,src-1b7bc1c9d39a
IN-AC-1967-uttar-pradesh-230,uttar-pradesh,1969,230,BANSDIH,BACHCHA PATHAK,parties.IN.INC,INC,22172,37.66,1,won,U,,,,challenger,src-1b7bc1c9d39a
IN-AC-1967-uttar-pradesh-230,uttar-pradesh,1969,230,BANSDIH,VIJAI BAHADUR,parties.IN.IND,IND,13276,22.55,2,lost,U,,,,challenger,src-1b7bc1c9d39a
IN-AC-1967-uttar-pradesh-230,uttar-pradesh,1969,230,BANSDIH,SHEO PRASAD SULTANPURI,parties.IN.CPI,CPI,9944,16.89,3,lost,U,,,,challenger,src-1b7bc1c9d39a
IN-AC-1967-uttar-pradesh-230,uttar-pradesh,1969,230,BANSDIH,PARSHURAM,parties.IN.BKD,BKD,5053,8.58,4,forfeit,U,,,,challenger,src-1b7bc1c9d39a
IN-AC-1967-uttar-pradesh-230,uttar-pradesh,1969,230,BANSDIH,DURGA NATH,parties.IN.BJS,BJS,4431,7.53,5,forfeit,U,,,,challenger,src-1b7bc1c9d39a
IN-AC-1967-uttar-pradesh-230,uttar-pradesh,1969,230,BANSDIH,RAMCHANDAR,parties.IN.SSP,SSP,3995,6.79,6,forfeit,U,,,,challenger,src-1b7bc1c9d39a
IN-AC-1967-uttar-pradesh-231,uttar-pradesh,1969,231,DUABA,MANAGER SINGH,parties.IN.IND,IND,19335,30.34,1,won,U,,,,challenger,src-1b7bc1c9d39a
IN-AC-1967-uttar-pradesh-231,uttar-pradesh,1969,231,DUABA,LAL VIRENDRA VIKRAM SINGH,parties.IN.INC,INC,17147,26.9,2,lost,U,,,,challenger,src-1b7bc1c9d39a
IN-AC-1967-uttar-pradesh-231,uttar-pradesh,1969,231,DUABA,BANWARI RAM YADAV,parties.IN.BKD,BKD,16044,25.17,3,lost,U,,,,challenger,src-1b7bc1c9d39a
IN-AC-1967-uttar-pradesh-231,uttar-pradesh,1969,231,DUABA,KASHI NATH MISHRA,parties.IN.SSP,SSP,5973,9.37,4,forfeit,U,,,,challenger,src-1b7bc1c9d39a
IN-AC-1967-uttar-pradesh-231,uttar-pradesh,1969,231,DUABA,RAM NATH PATHAK,parties.IN.IND,IND,3999,6.27,5,forfeit,U,,,,challenger,src-1b7bc1c9d39a
IN-AC-1967-uttar-pradesh-231,uttar-pradesh,1969,231,DUABA,SUDHAKAR,parties.IN.BJS,BJS,1239,1.94,6,forfeit,U,,,,challenger,src-1b7bc1c9d39a
IN-AC-1967-uttar-pradesh-232,uttar-pradesh,1969,232,BALLIA,SHAMBHOO NATH CHAUDHARI,parties.IN.SSP,SSP,17538,31.55,1,won,U,,,,challenger,src-1b7bc1c9d39a
IN-AC-1967-uttar-pradesh-232,uttar-pradesh,1969,232,BALLIA,RAMLAKSHAN TIWARI,parties.IN.INC,INC,16111,28.98,2,lost,U,,,,challenger,src-1b7bc1c9d39a
IN-AC-1967-uttar-pradesh-232,uttar-pradesh,1969,232,BALLIA,RAMESHWAR SINGH,parties.IN.BJS,BJS,11439,20.58,3,lost,U,,,,crossover,src-1b7bc1c9d39a
IN-AC-1967-uttar-pradesh-232,uttar-pradesh,1969,232,BALLIA,AJAI SINGH,parties.IN.SWA,SWA,4149,7.46,4,forfeit,U,,,,challenger,src-1b7bc1c9d39a
IN-AC-1967-uttar-pradesh-232,uttar-pradesh,1969,232,BALLIA,RAM ANANT PANDEY,parties.IN.BKD,BKD,1701,3.06,5,forfeit,U,,,,crossover,src-1b7bc1c9d39a
IN-AC-1967-uttar-pradesh-232,uttar-pradesh,1969,232,BALLIA,BIRBAL RAI,parties.IN.MAP,MAP,1630,2.93,6,forfeit,U,,,,challenger,src-1b7bc1c9d39a
IN-AC-1967-uttar-pradesh-232,uttar-pradesh,1969,232,BALLIA,HARNANDAN PRASAD,parties.IN.IND,IND,1257,2.26,7,forfeit,U,,,,challenger,src-1b7bc1c9d39a
IN-AC-1967-uttar-pradesh-232,uttar-pradesh,1969,232,BALLIA,HARI HAR OJHA,parties.IN.IND,IND,1220,2.19,8,forfeit,U,,,,challenger,src-1b7bc1c9d39a
IN-AC-1967-uttar-pradesh-232,uttar-pradesh,1969,232,BALLIA,PRABHU NATH TIWARI,parties.IN.KMP,KMP,548,0.99,9,forfeit,U,,,,challenger,src-1b7bc1c9d39a
IN-AC-1967-uttar-pradesh-233,uttar-pradesh,1969,233,KOPACHIT,NAGINA SINGH,parties.IN.SSP,SSP,19871,37.05,1,won,U,,,,challenger,src-1b7bc1c9d39a
IN-AC-1967-uttar-pradesh-233,uttar-pradesh,1969,233,KOPACHIT,SRI NARAIN TIWARI,parties.IN.INC,INC,13287,24.77,2,lost,U,,,,challenger,src-1b7bc1c9d39a
IN-AC-1967-uttar-pradesh-233,uttar-pradesh,1969,233,KOPACHIT,BALESAR,parties.IN.BKD,BKD,6208,11.57,3,forfeit,U,,,,challenger,src-1b7bc1c9d39a
IN-AC-1967-uttar-pradesh-233,uttar-pradesh,1969,233,KOPACHIT,LACHHMI SHANKER,parties.IN.CPIM,CPM,4981,9.29,4,forfeit,U,,,,challenger,src-1b7bc1c9d39a
IN-AC-1967-uttar-pradesh-233,uttar-pradesh,1969,233,KOPACHIT,RAM VICHAR,parties.IN.PSP,PSP,4338,8.09,5,forfeit,U,,,,challenger,src-1b7bc1c9d39a
IN-AC-1967-uttar-pradesh-233,uttar-pradesh,1969,233,KOPACHIT,VIPIN BEHARI,parties.IN.BJS,BJS,3957,7.38,6,forfeit,U,,,,challenger,src-1b7bc1c9d39a
IN-AC-1967-uttar-pradesh-233,uttar-pradesh,1969,233,KOPACHIT,BRAHMDEO SINGH,parties.IN.IND,IND,996,1.86,7,forfeit,U,,,,challenger,src-1b7bc1c9d39a
IN-AC-1967-uttar-pradesh-234,uttar-pradesh,1969,234,QASIMABAD,SHEO SHANKER,parties.IN.INC,INC,24077,39.9,1,won,U,,,,challenger,src-1b7bc1c9d39a
IN-AC-1967-uttar-pradesh-234,uttar-pradesh,1969,234,QASIMABAD,RAGHUBIR,parties.IN.CPI,CPI,17064,28.28,2,lost,U,,,,incumbent,src-1b7bc1c9d39a
IN-AC-1967-uttar-pradesh-234,uttar-pradesh,1969,234,QASIMABAD,SUBEDAR,parties.IN.SSP,SSP,9104,15.09,3,forfeit,U,,,,challenger,src-1b7bc1c9d39a
IN-AC-1967-uttar-pradesh-234,uttar-pradesh,1969,234,QASIMABAD,PARAS,parties.IN.BJS,BJS,4356,7.22,4,forfeit,U,,,,challenger,src-1b7bc1c9d39a
IN-AC-1967-uttar-pradesh-234,uttar-pradesh,1969,234,QASIMABAD,RAM AGYA,parties.IN.RPI,RPI,3029,5.02,5,forfeit,U,,,,challenger,src-1b7bc1c9d39a
IN-AC-1967-uttar-pradesh-234,uttar-pradesh,1969,234,QASIMABAD,DHONDHA RAM,parties.IN.SOC,SOC,1230,2.04,6,forfeit,U,,,,challenger,src-1b7bc1c9d39a
IN-AC-1967-uttar-pradesh-234,uttar-pradesh,1969,234,QASIMABAD,SHRI KANT,parties.IN.IND,IND,883,1.46,7,forfeit,U,,,,challenger,src-1b7bc1c9d39a
IN-AC-1967-uttar-pradesh-234,uttar-pradesh,1969,234,QASIMABAD,BALCHAND YADAVA,parties.IN.MAP,MAP,605,1,8,forfeit,U,,,,challenger,src-1b7bc1c9d39a
IN-AC-1967-uttar-pradesh-235,uttar-pradesh,1969,235,MOHAMMADABAD,VIJAI SHANKER SINGH,parties.IN.INC,INC,19724,37.44,1,won,U,,,,challenger,src-1b7bc1c9d39a
IN-AC-1967-uttar-pradesh-235,uttar-pradesh,1969,235,MOHAMMADABAD,VIJAI NARAIN,parties.IN.CPI,CPI,16746,31.78,2,lost,U,,,,challenger,src-1b7bc1c9d39a
IN-AC-1967-uttar-pradesh-235,uttar-pradesh,1969,235,MOHAMMADABAD,RAM CHHABILA TEWARI,parties.IN.BJS,BJS,5933,11.26,3,forfeit,U,,,,challenger,src-1b7bc1c9d39a
IN-AC-1967-uttar-pradesh-235,uttar-pradesh,1969,235,MOHAMMADABAD,UMA SHANKER,parties.IN.BKD,BKD,5871,11.14,4,forfeit,U,,,,challenger,src-1b7bc1c9d39a
IN-AC-1967-uttar-pradesh-235,uttar-pradesh,1969,235,MOHAMMADABAD,KESHAW RAM,parties.IN.RPI,RPI,4413,8.38,5,forfeit,U,,,,challenger,src-1b7bc1c9d39a
IN-AC-1967-uttar-pradesh-236,uttar-pradesh,1969,236,DILDARNAGAR,KRISHNANAND RAI,parties.IN.INC,INC,20575,34.16,1,won,U,,,,challenger,src-1b7bc1c9d39a
IN-AC-1967-uttar-pradesh-236,uttar-pradesh,1969,236,DILDARNAGAR,RAM JI,parties.IN.CPI,CPI,13357,22.18,2,lost,U,,,,challenger,src-1b7bc1c9d39a
IN-AC-1967-uttar-pradesh-236,uttar-pradesh,1969,236,DILDARNAGAR,TILESHWAR RAI,parties.IN.BJS,BJS,12634,20.98,3,lost,U,,,,challenger,src-1b7bc1c9d39a
IN-AC-1967-uttar-pradesh-236,uttar-pradesh,1969,236,DILDARNAGAR,MAQSOOD ALI,parties.IN.BKD,BKD,7121,11.82,4,forfeit,U,,,,challenger,src-1b7bc1c9d39a
IN-AC-1967-uttar-pradesh-236,uttar-pradesh,1969,236,DILDARNAGAR,MAULANA ABUL WAFA,parties.IN.IND,IND,3140,5.21,5,forfeit,U,,,,challenger,src-1b7bc1c9d39a
IN-AC-1967-uttar-pradesh-236,uttar-pradesh,1969,236,DILDARNAGAR,MUNI RAM,parties.IN.IND,IND,1442,2.39,6,forfeit,U,,,,challenger,src-1b7bc1c9d39a
IN-AC-1967-uttar-pradesh-236,uttar-pradesh,1969,236,DILDARNAGAR,SATISH,parties.IN.MAP,MAP,1174,1.95,7,forfeit,U,,,,challenger,src-1b7bc1c9d39a
IN-AC-1967-uttar-pradesh-236,uttar-pradesh,1969,236,DILDARNAGAR,RAM NATH,parties.IN.PSP,PSP,787,1.31,8,forfeit,U,,,,challenger,src-1b7bc1c9d39a
IN-AC-1967-uttar-pradesh-237,uttar-pradesh,1969,237,ZAMANIA,BASHISHTH NARAIN SHARMA,parties.IN.INC,INC,21780,34.89,1,won,U,,,,challenger,src-1b7bc1c9d39a
IN-AC-1967-uttar-pradesh-237,uttar-pradesh,1969,237,ZAMANIA,RAM SUNDER SHASTRI,parties.IN.CPI,CPI,16313,26.13,2,lost,U,,,,challenger,src-1b7bc1c9d39a
IN-AC-1967-uttar-pradesh-237,uttar-pradesh,1969,237,ZAMANIA,PARAS NATH SINGH GAUTAM,parties.IN.BJS,BJS,11258,18.04,3,lost,U,,,,challenger,src-1b7bc1c9d39a
IN-AC-1967-uttar-pradesh-237,uttar-pradesh,1969,237,ZAMANIA,JAI NARAIN TEWARI,parties.IN.BKD,BKD,9572,15.34,4,forfeit,U,,,,challenger,src-1b7bc1c9d39a
IN-AC-1967-uttar-pradesh-237,uttar-pradesh,1969,237,ZAMANIA,MOHANNAD HAFIZ,parties.IN.IND,IND,2500,4.01,5,forfeit,U,,,,challenger,src-1b7bc1c9d39a
IN-AC-1967-uttar-pradesh-237,uttar-pradesh,1969,237,ZAMANIA,BIKRAMA,parties.IN.IND,IND,996,1.6,6,forfeit,U,,,,challenger,src-1b7bc1c9d39a
IN-AC-1967-uttar-pradesh-238,uttar-pradesh,1969,238,GHAZIPUR,RAM SURAT SINGH,parties.IN.INC,INC,16939,28.3,1,won,U,,,,challenger,src-1b7bc1c9d39a
IN-AC-1967-uttar-pradesh-238,uttar-pradesh,1969,238,GHAZIPUR,KAMLA SINGH,parties.IN.BKD,BKD,8782,14.67,2,forfeit,U,,,,challenger,src-1b7bc1c9d39a
IN-AC-1967-uttar-pradesh-238,uttar-pradesh,1969,238,GHAZIPUR,PABBAR RAM,parties.IN.CPI,CPI,8194,13.69,3,forfeit,U,,,,challenger,src-1b7bc1c9d39a
IN-AC-1967-uttar-pradesh-238,uttar-pradesh,1969,238,GHAZIPUR,CHAMAN LAL,parties.IN.BJS,BJS,8186,13.68,4,forfeit,U,,,,challenger,src-1b7bc1c9d39a
IN-AC-1967-uttar-pradesh-238,uttar-pradesh,1969,238,GHAZIPUR,MOHAMMAD KHALILULLAH,parties.IN.IND,IND,5031,8.41,5,forfeit,U,,,,challenger,src-1b7bc1c9d39a
IN-AC-1967-uttar-pradesh-238,uttar-pradesh,1969,238,GHAZIPUR,DARBARI,parties.IN.SOC,SOC,4039,6.75,6,forfeit,U,,,,challenger,src-1b7bc1c9d39a
IN-AC-1967-uttar-pradesh-238,uttar-pradesh,1969,238,GHAZIPUR,BALRUP SHARMA,parties.IN.IND,IND,3230,5.4,7,forfeit,U,,,,challenger,src-1b7bc1c9d39a
IN-AC-1967-uttar-pradesh-238,uttar-pradesh,1969,238,GHAZIPUR,SHRI NARAIN SINGH,parties.IN.IND,IND,3116,5.21,8,forfeit,U,,,,challenger,src-1b7bc1c9d39a
IN-AC-1967-uttar-pradesh-238,uttar-pradesh,1969,238,GHAZIPUR,BASUDEO,parties.IN.MAP,MAP,1067,1.78,9,forfeit,U,,,,challenger,src-1b7bc1c9d39a
IN-AC-1967-uttar-pradesh-238,uttar-pradesh,1969,238,GHAZIPUR,RAM NATH,parties.IN.PSP,PSP,735,1.23,10,forfeit,U,,,,challenger,src-1b7bc1c9d39a
IN-AC-1967-uttar-pradesh-238,uttar-pradesh,1969,238,GHAZIPUR,INDRAJIT,parties.IN.IND,IND,531,0.89,11,forfeit,U,,,,challenger,src-1b7bc1c9d39a
IN-AC-1967-uttar-pradesh-239,uttar-pradesh,1969,239,JAKHANIA,DEO RAM,parties.IN.INC,INC,16241,35.57,1,won,U,,,,challenger,src-1b7bc1c9d39a
IN-AC-1967-uttar-pradesh-239,uttar-pradesh,1969,239,JAKHANIA,JHILMIT,parties.IN.CPI,CPI,15046,32.95,2,lost,U,,,,challenger,src-1b7bc1c9d39a
IN-AC-1967-uttar-pradesh-239,uttar-pradesh,1969,239,JAKHANIA,CHHEDI,parties.IN.BKD,BKD,8271,18.11,3,lost,U,,,,challenger,src-1b7bc1c9d39a
IN-AC-1967-uttar-pradesh-239,uttar-pradesh,1969,239,JAKHANIA,JAGARDEO,parties.IN.BJS,BJS,5415,11.86,4,forfeit,U,,,,challenger,src-1b7bc1c9d39a
IN-AC-1967-uttar-pradesh-239,uttar-pradesh,1969,239,JAKHANIA,RANJIT,parties.IN.PSP,PSP,689,1.51,5,forfeit,U,,,,challenger,src-1b7bc1c9d39a
IN-AC-1967-uttar-pradesh-240,uttar-pradesh,1969,240,SADAT,RAJ NATH,parties.IN.INC,INC,18288,29.49,1,won,U,,,,challenger,src-1b7bc1c9d39a
IN-AC-1967-uttar-pradesh-240,uttar-pradesh,1969,240,SADAT,KALI CHARAN,parties.IN.SSP,SSP,16989,27.39,2,lost,U,,,,challenger,src-1b7bc1c9d39a
IN-AC-1967-uttar-pradesh-240,uttar-pradesh,1969,240,SADAT,RAM DHARI YADAV,parties.IN.BKD,BKD,13804,22.26,3,lost,U,,,,challenger,src-1b7bc1c9d39a
IN-AC-1967-uttar-pradesh-240,uttar-pradesh,1969,240,SADAT,RAM RAJ,parties.IN.BJS,BJS,8394,13.53,4,forfeit,U,,,,challenger,src-1b7bc1c9d39a
IN-AC-1967-uttar-pradesh-240,uttar-pradesh,1969,240,SADAT,RAMJEET,parties.IN.IND,IND,2279,3.67,5,forfeit,U,,,,challenger,src-1b7bc1c9d39a
IN-AC-1967-uttar-pradesh-240,uttar-pradesh,1969,240,SADAT,GOPI,parties.IN.RPI,RPI,1322,2.13,6,forfeit,U,,,,challenger,src-1b7bc1c9d39a
IN-AC-1967-uttar-pradesh-240,uttar-pradesh,1969,240,SADAT,PREM NARAIN,parties.IN.IND,IND,563,0.91,7,forfeit,U,,,,challenger,src-1b7bc1c9d39a
IN-AC-1967-uttar-pradesh-240,uttar-pradesh,1969,240,SADAT,ABDUL RAZZAK,parties.IN.SWA,SWA,383,0.62,8,forfeit,U,,,,challenger,src-1b7bc1c9d39a
IN-AC-1967-uttar-pradesh-241,uttar-pradesh,1969,241,SAIDPUR,RAMKARAN,parties.IN.BKD,BKD,23966,33.5,1,won,U,,,,challenger,src-1b7bc1c9d39a
IN-AC-1967-uttar-pradesh-241,uttar-pradesh,1969,241,SAIDPUR,PRABHU NARAIN,parties.IN.SSP,SSP,18190,25.42,2,lost,U,,,,challenger,src-1b7bc1c9d39a
IN-AC-1967-uttar-pradesh-241,uttar-pradesh,1969,241,SAIDPUR,RAM PRAWESH,parties.IN.INC,INC,15246,21.31,3,lost,U,,,,challenger,src-1b7bc1c9d39a
IN-AC-1967-uttar-pradesh-241,uttar-pradesh,1969,241,SAIDPUR,KIRPA SHANKER,parties.IN.BJS,BJS,10095,14.11,4,forfeit,U,,,,challenger,src-1b7bc1c9d39a
IN-AC-1967-uttar-pradesh-241,uttar-pradesh,1969,241,SAIDPUR,RAM SURAT,parties.IN.RPI,RPI,2072,2.9,5,forfeit,U,,,,challenger,src-1b7bc1c9d39a
IN-AC-1967-uttar-pradesh-241,uttar-pradesh,1969,241,SAIDPUR,LALJI,parties.IN.IND,IND,1163,1.63,6,forfeit,U,,,,challenger,src-1b7bc1c9d39a
IN-AC-1967-uttar-pradesh-241,uttar-pradesh,1969,241,SAIDPUR,ABHAI NATH,parties.IN.IND,IND,818,1.14,7,forfeit,U,,,,challenger,src-1b7bc1c9d39a
IN-AC-1967-uttar-pradesh-242,uttar-pradesh,1969,242,DHANAPUR,BAIJ NATH,parties.IN.BKD,BKD,25905,41.1,1,won,U,,,,incumbent,src-1b7bc1c9d39a
IN-AC-1967-uttar-pradesh-242,uttar-pradesh,1969,242,DHANAPUR,LOK NATH S/O RAM PD.,parties.IN.INC,INC,19594,31.09,2,lost,U,,,,challenger,src-1b7bc1c9d39a
IN-AC-1967-uttar-pradesh-242,uttar-pradesh,1969,242,DHANAPUR,SADA NAND,parties.IN.PSP,PSP,6912,10.97,3,forfeit,U,,,,challenger,src-1b7bc1c9d39a
IN-AC-1967-uttar-pradesh-242,uttar-pradesh,1969,242,DHANAPUR,HARIDWAR,parties.IN.BJS,BJS,4234,6.72,4,forfeit,U,,,,challenger,src-1b7bc1c9d39a
IN-AC-1967-uttar-pradesh-242,uttar-pradesh,1969,242,DHANAPUR,RAMJI,parties.IN.SOC,SOC,4232,6.71,5,forfeit,U,,,,challenger,src-1b7bc1c9d39a
IN-AC-1967-uttar-pradesh-242,uttar-pradesh,1969,242,DHANAPUR,KEDAR NATH,parties.IN.IND,IND,1187,1.88,6,forfeit,U,,,,challenger,src-1b7bc1c9d39a
IN-AC-1967-uttar-pradesh-242,uttar-pradesh,1969,242,DHANAPUR,LOK NATH S/O JAG NANDAN,parties.IN.SSP,SSP,967,1.53,7,forfeit,U,,,,challenger,src-1b7bc1c9d39a
IN-AC-1967-uttar-pradesh-243,uttar-pradesh,1969,243,CHANDAULI,KAMLAPATI,parties.IN.INC,INC,38310,48.16,1,won,U,,,,challenger,src-1b7bc1c9d39a
IN-AC-1967-uttar-pradesh-243,uttar-pradesh,1969,243,CHANDAULI,MOTI RAM SHASTRI,parties.IN.BKD,BKD,19752,24.83,2,lost,U,,,,challenger,src-1b7bc1c9d39a
IN-AC-1967-uttar-pradesh-243,uttar-pradesh,1969,243,CHANDAULI,CHANDRA SHEKHER,parties.IN.SSP,SSP,16819,21.14,3,lost,U,,,,challenger,src-1b7bc1c9d39a
IN-AC-1967-uttar-pradesh-243,uttar-pradesh,1969,243,CHANDAULI,GANPAT RAI (DR. JALAN),parties.IN.BJS,BJS,2236,2.81,4,forfeit,U,,,,challenger,src-1b7bc1c9d39a
IN-AC-1967-uttar-pradesh-243,uttar-pradesh,1969,243,CHANDAULI,RAJ NATH,parties.IN.PSP,PSP,1074,1.35,5,forfeit,U,,,,challenger,src-1b7bc1c9d39a
IN-AC-1967-uttar-pradesh-243,uttar-pradesh,1969,243,CHANDAULI,RAM SURAT,parties.IN.RPI,RPI,1039,1.31,6,forfeit,U,,,,challenger,src-1b7bc1c9d39a
IN-AC-1967-uttar-pradesh-243,uttar-pradesh,1969,243,CHANDAULI,RAM JEE,parties.IN.SWA,SWA,324,0.41,7,forfeit,U,,,,challenger,src-1b7bc1c9d39a
IN-AC-1967-uttar-pradesh-244,uttar-pradesh,1969,244,CHAKIA,RAMLAKHAN,parties.IN.INC,INC,18217,32.66,1,won,U,,,,challenger,src-1b7bc1c9d39a
IN-AC-1967-uttar-pradesh-244,uttar-pradesh,1969,244,CHAKIA,BECHAN RAM,parties.IN.SSP,SSP,15662,28.08,2,lost,U,,,,incumbent,src-1b7bc1c9d39a
IN-AC-1967-uttar-pradesh-244,uttar-pradesh,1969,244,CHAKIA,BECHAN RAM VAKIL,parties.IN.BKD,BKD,10528,18.87,3,lost,U,,,,challenger,src-1b7bc1c9d39a
IN-AC-1967-uttar-pradesh-244,uttar-pradesh,1969,244,CHAKIA,SAMDEO,parties.IN.BJS,BJS,8141,14.59,4,forfeit,U,,,,challenger,src-1b7bc1c9d39a
IN-AC-1967-uttar-pradesh-244,uttar-pradesh,1969,244,CHAKIA,KHARAPAT,parties.IN.CPIM,CPM,3234,5.8,5,forfeit,U,,,,challenger,src-1b7bc1c9d39a
IN-AC-1967-uttar-pradesh-245,uttar-pradesh,1969,245,MUGHALSARAI,UMA SHANKER,parties.IN.INC,INC,26839,42.06,1,won,U,,,,crossover,src-1b7bc1c9d39a
IN-AC-1967-uttar-pradesh-245,uttar-pradesh,1969,245,MUGHALSARAI,SHYAM LAL YADEO,parties.IN.BKD,BKD,22214,34.81,2,lost,U,,,,challenger,src-1b7bc1c9d39a
IN-AC-1967-uttar-pradesh-245,uttar-pradesh,1969,245,MUGHALSARAI,MURARI PRASAD,parties.IN.BJS,BJS,8770,13.74,3,forfeit,U,,,,challenger,src-1b7bc1c9d39a
IN-AC-1967-uttar-pradesh-245,uttar-pradesh,1969,245,MUGHALSARAI,RAM CHANDER,parties.IN.IND,IND,2031,3.18,4,forfeit,U,,,,challenger,src-1b7bc1c9d39a
IN-AC-1967-uttar-pradesh-245,uttar-pradesh,1969,245,MUGHALSARAI,SHANKER,parties.IN.SOC,SOC,1233,1.93,5,forfeit,U,,,,challenger,src-1b7bc1c9d39a
IN-AC-1967-uttar-pradesh-245,uttar-pradesh,1969,245,MUGHALSARAI,RAM ADHAR,parties.IN.SSP,SSP,680,1.07,6,forfeit,U,,,,challenger,src-1b7bc1c9d39a
IN-AC-1967-uttar-pradesh-245,uttar-pradesh,1969,245,MUGHALSARAI,PANNALAL,parties.IN.RPI,RPI,620,0.97,7,forfeit,U,,,,challenger,src-1b7bc1c9d39a
IN-AC-1967-uttar-pradesh-245,uttar-pradesh,1969,245,MUGHALSARAI,RAM PRAKASH,parties.IN.PSP,PSP,537,0.84,8,forfeit,U,,,,challenger,src-1b7bc1c9d39a
IN-AC-1967-uttar-pradesh-245,uttar-pradesh,1969,245,MUGHALSARAI,MUNNI LAL,parties.IN.IND,IND,384,0.6,9,forfeit,U,,,,challenger,src-1b7bc1c9d39a
IN-AC-1967-uttar-pradesh-245,uttar-pradesh,1969,245,MUGHALSARAI,AKBAL AHMAD,parties.IN.IND,IND,279,0.44,10,forfeit,U,,,,challenger,src-1b7bc1c9d39a
IN-AC-1967-uttar-pradesh-245,uttar-pradesh,1969,245,MUGHALSARAI,RAM JEE,parties.IN.SWA,SWA,227,0.36,11,forfeit,U,,,,challenger,src-1b7bc1c9d39a
IN-AC-1967-uttar-pradesh-246,uttar-pradesh,1969,246,VARANASI CANTONMENT,LAL BAHADUR,parties.IN.INC,INC,20776,36.99,1,won,U,,,,challenger,src-1b7bc1c9d39a
IN-AC-1967-uttar-pradesh-246,uttar-pradesh,1969,246,VARANASI CANTONMENT,VARMESHWAR PANDE,parties.IN.BJS,BJS,13389,23.84,2,lost,U,,,,challenger,src-1b7bc1c9d39a
IN-AC-1967-uttar-pradesh-246,uttar-pradesh,1969,246,VARANASI CANTONMENT,VIJAI BAHADUR,parties.IN.SSP,SSP,5525,9.84,3,forfeit,U,,,,challenger,src-1b7bc1c9d39a
IN-AC-1967-uttar-pradesh-246,uttar-pradesh,1969,246,VARANASI CANTONMENT,SATYA NARAIN TEWARI,parties.IN.CPIM,CPM,4156,7.4,4,forfeit,U,,,,challenger,src-1b7bc1c9d39a
IN-AC-1967-uttar-pradesh-246,uttar-pradesh,1969,246,VARANASI CANTONMENT,IQBAL AHAMAD,parties.IN.IND,IND,3697,6.58,5,forfeit,U,,,,challenger,src-1b7bc1c9d39a
IN-AC-1967-uttar-pradesh-246,uttar-pradesh,1969,246,VARANASI CANTONMENT,SAGAR SINGH,parties.IN.PSP,PSP,3482,6.2,6,forfeit,U,,,,challenger,src-1b7bc1c9d39a
IN-AC-1967-uttar-pradesh-246,uttar-pradesh,1969,246,VARANASI CANTONMENT,SITA ALIAS SITA RAM MAHANT,parties.IN.RPI,RPI,1357,2.42,7,forfeit,U,,,,challenger,src-1b7bc1c9d39a
IN-AC-1967-uttar-pradesh-246,uttar-pradesh,1969,246,VARANASI CANTONMENT,HARI SHANKER PATHAK,parties.IN.BKD,BKD,1329,2.37,8,forfeit,U,,,,challenger,src-1b7bc1c9d39a
IN-AC-1967-uttar-pradesh-246,uttar-pradesh,1969,246,VARANASI CANTONMENT,RAM JI LAL,parties.IN.IND,IND,887,1.58,9,forfeit,U,,,,challenger,src-1b7bc1c9d39a
IN-AC-1967-uttar-pradesh-246,uttar-pradesh,1969,246,VARANASI CANTONMENT,RAGHUBIR PRASAD,parties.IN.MAP,MAP,559,1,10,forfeit,U,,,,challenger,src-1b7bc1c9d39a
IN-AC-1967-uttar-pradesh-246,uttar-pradesh,1969,246,VARANASI CANTONMENT,VISHWANATH,parties.IN.IND,IND,508,0.9,11,forfeit,U,,,,challenger,src-1b7bc1c9d39a
IN-AC-1967-uttar-pradesh-246,uttar-pradesh,1969,246,VARANASI CANTONMENT,GAURI ALIAS GAURI SHANKER,parties.IN.IND,IND,310,0.55,12,forfeit,U,,,,challenger,src-1b7bc1c9d39a
IN-AC-1967-uttar-pradesh-246,uttar-pradesh,1969,246,VARANASI CANTONMENT,JAGARNATH PRASAD,parties.IN.IND,IND,189,0.34,13,forfeit,U,,,,challenger,src-1b7bc1c9d39a
IN-AC-1967-uttar-pradesh-247,uttar-pradesh,1969,247,VARANASI NORTH,SANKAR PRASAD JAISWAL,parties.IN.BJS,BJS,27291,44.55,1,won,U,,,,challenger,src-1b7bc1c9d39a
IN-AC-1967-uttar-pradesh-247,uttar-pradesh,1969,247,VARANASI NORTH,GANESH PD. JAISWAL,parties.IN.INC,INC,23649,38.6,2,lost,U,,,,challenger,src-1b7bc1c9d39a
IN-AC-1967-uttar-pradesh-247,uttar-pradesh,1969,247,VARANASI NORTH,MOHD. HANIF ALIAS LOLA,parties.IN.BKD,BKD,8350,13.63,3,forfeit,U,,,,challenger,src-1b7bc1c9d39a
IN-AC-1967-uttar-pradesh-247,uttar-pradesh,1969,247,VARANASI NORTH,DURGA PRASAD,parties.IN.PSP,PSP,625,1.02,4,forfeit,U,,,,challenger,src-1b7bc1c9d39a
IN-AC-1967-uttar-pradesh-247,uttar-pradesh,1969,247,VARANASI NORTH,BAIYA LAL GUPTA,parties.IN.SSP,SSP,518,0.85,5,forfeit,U,,,,challenger,src-1b7bc1c9d39a
IN-AC-1967-uttar-pradesh-247,uttar-pradesh,1969,247,VARANASI NORTH,MIRZA,parties.IN.IND,IND,410,0.67,6,forfeit,U,,,,challenger,src-1b7bc1c9d39a
IN-AC-1967-uttar-pradesh-247,uttar-pradesh,1969,247,VARANASI NORTH,SARSWATI,parties.IN.IND,IND,224,0.37,7,forfeit,U,,,,challenger,src-1b7bc1c9d39a
IN-AC-1967-uttar-pradesh-247,uttar-pradesh,1969,247,VARANASI NORTH,KALICHARAN,parties.IN.IND,IND,199,0.32,8,forfeit,U,,,,challenger,src-1b7bc1c9d39a
IN-AC-1967-uttar-pradesh-248,uttar-pradesh,1969,248,VARANASI SOUTH,SACHINDRA NATH BAKSHI,parties.IN.BJS,BJS,20896,35.28,1,won,U,,,,challenger,src-1b7bc1c9d39a
IN-AC-1967-uttar-pradesh-248,uttar-pradesh,1969,248,VARANASI SOUTH,RUSTAM SATIN,parties.IN.CPI,CPI,20059,33.87,2,lost,U,,,,challenger,src-1b7bc1c9d39a
IN-AC-1967-uttar-pradesh-248,uttar-pradesh,1969,248,VARANASI SOUTH,KUNJ BIHARI GUPTA,parties.IN.INC,INC,15927,26.89,3,lost,U,,,,challenger,src-1b7bc1c9d39a
IN-AC-1967-uttar-pradesh-248,uttar-pradesh,1969,248,VARANASI SOUTH,GULAB SINGH,parties.IN.BKD,BKD,1370,2.31,4,forfeit,U,,,,challenger,src-1b7bc1c9d39a
IN-AC-1967-uttar-pradesh-248,uttar-pradesh,1969,248,VARANASI SOUTH,PANDIT RAJ LAL PD. MISRA,parties.IN.RRP,RRP,550,0.93,5,forfeit,U,,,,challenger,src-1b7bc1c9d39a
IN-AC-1967-uttar-pradesh-248,uttar-pradesh,1969,248,VARANASI SOUTH,PRAN NATH PANDEY,parties.IN.MAP,MAP,237,0.4,6,forfeit,U,,,,challenger,src-1b7bc1c9d39a
IN-AC-1967-uttar-pradesh-248,uttar-pradesh,1969,248,VARANASI SOUTH,BIRENDRA KUMAR BANERJEE,parties.IN.IND,IND,192,0.32,7,forfeit,U,,,,challenger,src-1b7bc1c9d39a
IN-AC-1967-uttar-pradesh-249,uttar-pradesh,1969,249,ARAZILINE,RAJ BEHARI,parties.IN.INC,INC,20252,31.84,1,won,U,,,,challenger,src-1b7bc1c9d39a
IN-AC-1967-uttar-pradesh-249,uttar-pradesh,1969,249,ARAZILINE,BALDEO,parties.IN.BKD,BKD,18324,28.8,2,lost,U,,,,challenger,src-1b7bc1c9d39a
IN-AC-1967-uttar-pradesh-249,uttar-pradesh,1969,249,ARAZILINE,BHIRGUNATH,parties.IN.SSP,SSP,11063,17.39,3,lost,U,,,,challenger,src-1b7bc1c9d39a
IN-AC-1967-uttar-pradesh-249,uttar-pradesh,1969,249,ARAZILINE,VISHWANATH SINGH,parties.IN.BJS,BJS,4572,7.19,4,forfeit,U,,,,challenger,src-1b7bc1c9d39a
IN-AC-1967-uttar-pradesh-249,uttar-pradesh,1969,249,ARAZILINE,RAMESHWAR PRASAD,parties.IN.RPI,RPI,4160,6.54,5,forfeit,U,,,,challenger,src-1b7bc1c9d39a
IN-AC-1967-uttar-pradesh-249,uttar-pradesh,1969,249,ARAZILINE,MOHD. IQBAL,parties.IN.IND,IND,2993,4.7,6,forfeit,U,,,,challenger,src-1b7bc1c9d39a
IN-AC-1967-uttar-pradesh-249,uttar-pradesh,1969,249,ARAZILINE,RADHEY KRISHNA,parties.IN.IND,IND,1112,1.75,7,forfeit,U,,,,challenger,src-1b7bc1c9d39a
IN-AC-1967-uttar-pradesh-249,uttar-pradesh,1969,249,ARAZILINE,RAM SUDHAR,parties.IN.PBI,PBI,595,0.94,8,forfeit,U,,,,challenger,src-1b7bc1c9d39a
IN-AC-1967-uttar-pradesh-249,uttar-pradesh,1969,249,ARAZILINE,SHITLA ALIAS SHITLA SINGH,parties.IN.MAP,MAP,544,0.86,9,forfeit,U,,,,challenger,src-1b7bc1c9d39a
IN-AC-1967-uttar-pradesh-250,uttar-pradesh,1969,250,CHIRAIGAON,UDAI NATH,parties.IN.BKD,BKD,18817,30.38,1,won,U,,,,challenger,src-1b7bc1c9d39a
IN-AC-1967-uttar-pradesh-250,uttar-pradesh,1969,250,CHIRAIGAON,HIMMAT BAHADUR SINGH,parties.IN.INC,INC,15956,25.76,2,lost,U,,,,challenger,src-1b7bc1c9d39a
IN-AC-1967-uttar-pradesh-250,uttar-pradesh,1969,250,CHIRAIGAON,JAWAHER LAL,parties.IN.CPI,CPI,13579,21.92,3,lost,U,,,,challenger,src-1b7bc1c9d39a
IN-AC-1967-uttar-pradesh-250,uttar-pradesh,1969,250,CHIRAIGAON,BHOLA NATH,parties.IN.BJS,BJS,8995,14.52,4,forfeit,U,,,,challenger,src-1b7bc1c9d39a
IN-AC-1967-uttar-pradesh-250,uttar-pradesh,1969,250,CHIRAIGAON,NANAK CHAND JAISWAL,parties.IN.RPI,RPI,2084,3.36,5,forfeit,U,,,,challenger,src-1b7bc1c9d39a
IN-AC-1967-uttar-pradesh-250,uttar-pradesh,1969,250,CHIRAIGAON,ARJUN,parties.IN.IND,IND,1270,2.05,6,forfeit,U,,,,challenger,src-1b7bc1c9d39a
IN-AC-1967-uttar-pradesh-250,uttar-pradesh,1969,250,CHIRAIGAON,RAM SAGAR,parties.IN.SSP,SSP,1243,2.01,7,forfeit,U,,,,challenger,src-1b7bc1c9d39a
IN-AC-1967-uttar-pradesh-251,uttar-pradesh,1969,251,KOLASLAH,AMAR NATH,parties.IN.INC,INC,30337,39.9,1,won,U,,,,challenger,src-1b7bc1c9d39a
IN-AC-1967-uttar-pradesh-251,uttar-pradesh,1969,251,KOLASLAH,UDAL,parties.IN.CPI,CPI,28401,37.35,2,lost,U,,,,incumbent,src-1b7bc1c9d39a
IN-AC-1967-uttar-pradesh-251,uttar-pradesh,1969,251,KOLASLAH,SANKATHA,parties.IN.BKD,BKD,8626,11.35,3,forfeit,U,,,,challenger,src-1b7bc1c9d39a
IN-AC-1967-uttar-pradesh-251,uttar-pradesh,1969,251,KOLASLAH,ANANTA,parties.IN.BJS,BJS,3802,5,4,forfeit,U,,,,challenger,src-1b7bc1c9d39a
IN-AC-1967-uttar-pradesh-251,uttar-pradesh,1969,251,KOLASLAH,DOODH NATH SINGH,parties.IN.IND,IND,2792,3.67,5,forfeit,U,,,,challenger,src-1b7bc1c9d39a
IN-AC-1967-uttar-pradesh-251,uttar-pradesh,1969,251,KOLASLAH,SHYAM NARAIN,parties.IN.IND,IND,1065,1.4,6,forfeit,U,,,,challenger,src-1b7bc1c9d39a
IN-AC-1967-uttar-pradesh-251,uttar-pradesh,1969,251,KOLASLAH,MORI,parties.IN.RPI,RPI,636,0.84,7,forfeit,U,,,,challenger,src-1b7bc1c9d39a
IN-AC-1967-uttar-pradesh-251,uttar-pradesh,1969,251,KOLASLAH,MOTI LAL SHASTRI AZAD,parties.IN.SWA,SWA,373,0.49,8,forfeit,U,,,,challenger,src-1b7bc1c9d39a
IN-AC-1967-uttar-pradesh-252,uttar-pradesh,1969,252,AURAI,NIHALA SINGH,parties.IN.INC,INC,23744,33.97,1,won,U,,,,challenger,src-1b7bc1c9d39a
IN-AC-1967-uttar-pradesh-252,uttar-pradesh,1969,252,AURAI,GANGA RAM,parties.IN.BKD,BKD,14635,20.94,2,lost,U,,,,challenger,src-1b7bc1c9d39a
IN-AC-1967-uttar-pradesh-252,uttar-pradesh,1969,252,AURAI,GANGA PRASAD,parties.IN.SSP,SSP,9823,14.05,3,forfeit,U,,,,challenger,src-1b7bc1c9d39a
IN-AC-1967-uttar-pradesh-252,uttar-pradesh,1969,252,AURAI,RAJ KISHORE,parties.IN.CPI,CPI,8623,12.34,4,forfeit,U,,,,challenger,src-1b7bc1c9d39a
IN-AC-1967-uttar-pradesh-252,uttar-pradesh,1969,252,AURAI,CHANDRA BHAN MISHRA,parties.IN.BJS,BJS,6195,8.86,5,forfeit,U,,,,challenger,src-1b7bc1c9d39a
IN-AC-1967-uttar-pradesh-252,uttar-pradesh,1969,252,AURAI,MOTI LAL,parties.IN.RPI,RPI,4738,6.78,6,forfeit,U,,,,challenger,src-1b7bc1c9d39a
IN-AC-1967-uttar-pradesh-252,uttar-pradesh,1969,252,AURAI,KAMLAPATHI TRIPATHI,parties.IN.CPIM,CPM,1190,1.7,7,forfeit,U,,,,challenger,src-1b7bc1c9d39a
IN-AC-1967-uttar-pradesh-252,uttar-pradesh,1969,252,AURAI,DUDH NATH,parties.IN.SWA,SWA,957,1.37,8,forfeit,U,,,,challenger,src-1b7bc1c9d39a
IN-AC-1967-uttar-pradesh-253,uttar-pradesh,1969,253,GYANPUR,BANSHIDHAR PANDEY,parties.IN.INC,INC,22564,33.1,1,won,U,,,,challenger,src-1b7bc1c9d39a
IN-AC-1967-uttar-pradesh-253,uttar-pradesh,1969,253,GYANPUR,SHARDA PRASAD BIND,parties.IN.BKD,BKD,18294,26.84,2,lost,U,,,,challenger,src-1b7bc1c9d39a
IN-AC-1967-uttar-pradesh-253,uttar-pradesh,1969,253,GYANPUR,MURLIDHAR,parties.IN.BJS,BJS,17218,25.26,3,lost,U,,,,challenger,src-1b7bc1c9d39a
IN-AC-1967-uttar-pradesh-253,uttar-pradesh,1969,253,GYANPUR,RAM NARESH,parties.IN.SSP,SSP,4516,6.63,4,forfeit,U,,,,challenger,src-1b7bc1c9d39a
IN-AC-1967-uttar-pradesh-253,uttar-pradesh,1969,253,GYANPUR,RAM NATH,parties.IN.IND,IND,3258,4.78,5,forfeit,U,,,,challenger,src-1b7bc1c9d39a
IN-AC-1967-uttar-pradesh-253,uttar-pradesh,1969,253,GYANPUR,MOHAMMAD HASAN,parties.IN.MAP,MAP,1109,1.63,6,forfeit,U,,,,challenger,src-1b7bc1c9d39a
IN-AC-1967-uttar-pradesh-253,uttar-pradesh,1969,253,GYANPUR,SUKARU,parties.IN.RPI,RPI,634,0.93,7,forfeit,U,,,,challenger,src-1b7bc1c9d39a
IN-AC-1967-uttar-pradesh-253,uttar-pradesh,1969,253,GYANPUR,PUNWASI,parties.IN.IND,IND,458,0.67,8,forfeit,U,,,,challenger,src-1b7bc1c9d39a
IN-AC-1967-uttar-pradesh-253,uttar-pradesh,1969,253,GYANPUR,QAMARUDDIN,parties.IN.IND,IND,110,0.16,9,forfeit,U,,,,challenger,src-1b7bc1c9d39a
IN-AC-1967-uttar-pradesh-254,uttar-pradesh,1969,254,BHADOHI,RAM NIHOR,parties.IN.BKD,BKD,18088,30.64,1,won,U,,,,challenger,src-1b7bc1c9d39a
IN-AC-1967-uttar-pradesh-254,uttar-pradesh,1969,254,BHADOHI,HARIGAIN,parties.IN.INC,INC,17857,30.24,2,lost,U,,,,challenger,src-1b7bc1c9d39a
IN-AC-1967-uttar-pradesh-254,uttar-pradesh,1969,254,BHADOHI,KASHI PRASAD,parties.IN.BJS,BJS,12839,21.75,3,lost,U,,,,challenger,src-1b7bc1c9d39a
IN-AC-1967-uttar-pradesh-254,uttar-pradesh,1969,254,BHADOHI,MITHAI LAL,parties.IN.SSP,SSP,7243,12.27,4,forfeit,U,,,,challenger,src-1b7bc1c9d39a
IN-AC-1967-uttar-pradesh-254,uttar-pradesh,1969,254,BHADOHI,RAM PAT,parties.IN.IND,IND,3015,5.11,5,forfeit,U,,,,challenger,src-1b7bc1c9d39a
IN-AC-1967-uttar-pradesh-255,uttar-pradesh,1969,255,BARSATHI,YADVENDRA DUTT DUBEY,parties.IN.BJS,BJS,21559,38.85,1,won,U,,,,challenger,src-1b7bc1c9d39a
IN-AC-1967-uttar-pradesh-255,uttar-pradesh,1969,255,BARSATHI,MAJU RAM,parties.IN.BKD,BKD,17713,31.92,2,lost,U,,,,challenger,src-1b7bc1c9d39a
IN-AC-1967-uttar-pradesh-255,uttar-pradesh,1969,255,BARSATHI,KAMLA PRASAD,parties.IN.INC,INC,13947,25.13,3,lost,U,,,,challenger,src-1b7bc1c9d39a
IN-AC-1967-uttar-pradesh-255,uttar-pradesh,1969,255,BARSATHI,RAM MURTI,parties.IN.CPI,CPI,2279,4.11,4,forfeit,U,,,,challenger,src-1b7bc1c9d39a
IN-AC-1967-uttar-pradesh-256,uttar-pradesh,1969,256,MARIAHU,JAGANNATH RAO,parties.IN.BJS,BJS,25552,38.61,1,won,U,,,,challenger,src-1b7bc1c9d39a
IN-AC-1967-uttar-pradesh-256,uttar-pradesh,1969,256,MARIAHU,RAJ KISHORE,parties.IN.INC,INC,25485,38.51,2,lost,U,,,,challenger,src-1b7bc1c9d39a
IN-AC-1967-uttar-pradesh-256,uttar-pradesh,1969,256,MARIAHU,BRIJ BEHARI,parties.IN.BKD,BKD,10371,15.67,3,forfeit,U,,,,challenger,src-1b7bc1c9d39a
IN-AC-1967-uttar-pradesh-256,uttar-pradesh,1969,256,MARIAHU,BALI RAM,parties.IN.IND,IND,2061,3.11,4,forfeit,U,,,,challenger,src-1b7bc1c9d39a
IN-AC-1967-uttar-pradesh-256,uttar-pradesh,1969,256,MARIAHU,RAM AUTAR,parties.IN.IND,IND,1236,1.87,5,forfeit,U,,,,challenger,src-1b7bc1c9d39a
IN-AC-1967-uttar-pradesh-256,uttar-pradesh,1969,256,MARIAHU,GUDAR,parties.IN.SSP,SSP,1006,1.52,6,forfeit,U,,,,challenger,src-1b7bc1c9d39a
IN-AC-1967-uttar-pradesh-256,uttar-pradesh,1969,256,MARIAHU,KAPILDEO,parties.IN.RRP,RRP,465,0.7,7,forfeit,U,,,,challenger,src-1b7bc1c9d39a
IN-AC-1967-uttar-pradesh-257,uttar-pradesh,1969,257,KERAKAT,RAM SAGAR,parties.IN.BJS,BJS,22565,43.43,1,won,U,,,,challenger,src-1b7bc1c9d39a
IN-AC-1967-uttar-pradesh-257,uttar-pradesh,1969,257,KERAKAT,RAM SAMJHAWAN,parties.IN.INC,INC,18557,35.71,2,lost,U,,,,challenger,src-1b7bc1c9d39a
IN-AC-1967-uttar-pradesh-257,uttar-pradesh,1969,257,KERAKAT,SHYAM LAL,parties.IN.BKD,BKD,10839,20.86,3,lost,U,,,,challenger,src-1b7bc1c9d39a
IN-AC-1967-uttar-pradesh-258,uttar-pradesh,1969,258,BEYALSI,UMA NATH,parties.IN.BJS,BJS,28550,40.91,1,won,U,,,,challenger,src-1b7bc1c9d39a
IN-AC-1967-uttar-pradesh-258,uttar-pradesh,1969,258,BEYALSI,LAL BAHADUR,parties.IN.INC,INC,23896,34.24,2,lost,U,,,,challenger,src-1b7bc1c9d39a
IN-AC-1967-uttar-pradesh-258,uttar-pradesh,1969,258,BEYALSI,BEHARI,parties.IN.BKD,BKD,12597,18.05,3,lost,U,,,,challenger,src-1b7bc1c9d39a
IN-AC-1967-uttar-pradesh-258,uttar-pradesh,1969,258,BEYALSI,GIRDHARI,parties.IN.IND,IND,2937,4.21,4,forfeit,U,,,,challenger,src-1b7bc1c9d39a
IN-AC-1967-uttar-pradesh-258,uttar-pradesh,1969,258,BEYALSI,NAND LAL,parties.IN.SSP,SSP,1032,1.48,5,forfeit,U,,,,challenger,src-1b7bc1c9d39a
IN-AC-1967-uttar-pradesh-258,uttar-pradesh,1969,258,BEYALSI,UDREJ,parties.IN.MAP,MAP,775,1.11,6,forfeit,U,,,,challenger,src-1b7bc1c9d39a
IN-AC-1967-uttar-pradesh-259,uttar-pradesh,1969,259,JAUNPUR,JANG BAHADUR,parties.IN.BJS,BJS,32843,47.03,1,won,U,,,,challenger,src-1b7bc1c9d39a
IN-AC-1967-uttar-pradesh-259,uttar-pradesh,1969,259,JAUNPUR,VISHNU SAHAI,parties.IN.INC,INC,29790,42.66,2,lost,U,,,,challenger,src-1b7bc1c9d39a
IN-AC-1967-uttar-pradesh-259,uttar-pradesh,1969,259,JAUNPUR,RAM GOVIND,parties.IN.IND,IND,1865,2.67,3,forfeit,U,,,,challenger,src-1b7bc1c9d39a
IN-AC-1967-uttar-pradesh-259,uttar-pradesh,1969,259,JAUNPUR,BIND BASINI,parties.IN.IND,IND,1459,2.09,4,forfeit,U,,,,challenger,src-1b7bc1c9d39a
IN-AC-1967-uttar-pradesh-259,uttar-pradesh,1969,259,JAUNPUR,ACHHAIBAR,parties.IN.IND,IND,1351,1.93,5,forfeit,U,,,,challenger,src-1b7bc1c9d39a
IN-AC-1967-uttar-pradesh-259,uttar-pradesh,1969,259,JAUNPUR,MOHD. HANIF,parties.IN.CPI,CPI,1129,1.62,6,forfeit,U,,,,challenger,src-1b7bc1c9d39a
IN-AC-1967-uttar-pradesh-259,uttar-pradesh,1969,259,JAUNPUR,RAJAI,parties.IN.IND,IND,602,0.86,7,forfeit,U,,,,challenger,src-1b7bc1c9d39a
IN-AC-1967-uttar-pradesh-259,uttar-pradesh,1969,259,JAUNPUR,MOHAN SWAROOP,parties.IN.MAP,MAP,561,0.8,8,forfeit,U,,,,challenger,src-1b7bc1c9d39a
IN-AC-1967-uttar-pradesh-259,uttar-pradesh,1969,259,JAUNPUR,AKHTAR HUSAIN,parties.IN.BKD,BKD,239,0.34,9,forfeit,U,,,,challenger,src-1b7bc1c9d39a
IN-AC-1967-uttar-pradesh-260,uttar-pradesh,1969,260,RARI,SURYA NATH,parties.IN.INC,INC,27809,43.84,1,won,U,,,,challenger,src-1b7bc1c9d39a
IN-AC-1967-uttar-pradesh-260,uttar-pradesh,1969,260,RARI,RAJ BAHADUR,parties.IN.BKD,BKD,25332,39.94,2,lost,U,,,,incumbent,src-1b7bc1c9d39a
IN-AC-1967-uttar-pradesh-260,uttar-pradesh,1969,260,RARI,MUNDER,parties.IN.IND,IND,3531,5.57,3,forfeit,U,,,,challenger,src-1b7bc1c9d39a
IN-AC-1967-uttar-pradesh-260,uttar-pradesh,1969,260,RARI,AMRAWATI,parties.IN.BJS,BJS,2627,4.14,4,forfeit,U,,,,challenger,src-1b7bc1c9d39a
IN-AC-1967-uttar-pradesh-260,uttar-pradesh,1969,260,RARI,RAM SURAT,parties.IN.IND,IND,2049,3.23,5,forfeit,U,,,,challenger,src-1b7bc1c9d39a
IN-AC-1967-uttar-pradesh-260,uttar-pradesh,1969,260,RARI,TALUKDAR,parties.IN.IND,IND,1212,1.91,6,forfeit,U,,,,challenger,src-1b7bc1c9d39a
IN-AC-1967-uttar-pradesh-260,uttar-pradesh,1969,260,RARI,PHOOL CHAND,parties.IN.SSP,SSP,869,1.37,7,forfeit,U,,,,challenger,src-1b7bc1c9d39a
IN-AC-1967-uttar-pradesh-261,uttar-pradesh,1969,261,SHAHGANJ,MATA PRASAD,parties.IN.INC,INC,28315,52.34,1,won,U,,,,challenger,src-1b7bc1c9d39a
IN-AC-1967-uttar-pradesh-261,uttar-pradesh,1969,261,SHAHGANJ,RAM PRATAP,parties.IN.BJS,BJS,13761,25.44,2,lost,U,,,,challenger,src-1b7bc1c9d39a
IN-AC-1967-uttar-pradesh-261,uttar-pradesh,1969,261,SHAHGANJ,BANSHRAJ,parties.IN.BKD,BKD,8259,15.27,3,forfeit,U,,,,challenger,src-1b7bc1c9d39a
IN-AC-1967-uttar-pradesh-261,uttar-pradesh,1969,261,SHAHGANJ,MAIKOO LAL,parties.IN.SSP,SSP,2085,3.85,4,forfeit,U,,,,challenger,src-1b7bc1c9d39a
IN-AC-1967-uttar-pradesh-261,uttar-pradesh,1969,261,SHAHGANJ,HARI RAM,parties.IN.IND,IND,1675,3.1,5,forfeit,U,,,,challenger,src-1b7bc1c9d39a
IN-AC-1967-uttar-pradesh-262,uttar-pradesh,1969,262,KHUTAHAN,LAXSHMI SHANKAR YADAVA,parties.IN.INC,INC,38998,60.77,1,won,U,,,,challenger,src-1b7bc1c9d39a
IN-AC-1967-uttar-pradesh-262,uttar-pradesh,1969,262,KHUTAHAN,GANPATI RAM,parties.IN.BJS,BJS,15278,23.81,2,lost,U,,,,challenger,src-1b7bc1c9d39a
IN-AC-1967-uttar-pradesh-262,uttar-pradesh,1969,262,KHUTAHAN,VISHWANATH PRASAD,parties.IN.BKD,BKD,3781,5.89,3,forfeit,U,,,,challenger,src-1b7bc1c9d39a
IN-AC-1967-uttar-pradesh-262,uttar-pradesh,1969,262,KHUTAHAN,RAM DIN,parties.IN.IND,IND,2981,4.65,4,forfeit,U,,,,challenger,src-1b7bc1c9d39a
IN-AC-1967-uttar-pradesh-262,uttar-pradesh,1969,262,KHUTAHAN,CHANDRA SEKHAR,parties.IN.CPI,CPI,2429,3.78,5,forfeit,U,,,,challenger,src-1b7bc1c9d39a
IN-AC-1967-uttar-pradesh-262,uttar-pradesh,1969,262,KHUTAHAN,ONKAR NATH,parties.IN.SSP,SSP,708,1.1,6,forfeit,U,,,,challenger,src-1b7bc1c9d39a
IN-AC-1967-uttar-pradesh-263,uttar-pradesh,1969,263,GARWARA,RAM SHIROMANI,parties.IN.INC,INC,14694,33.63,1,won,U,,,,challenger,src-1b7bc1c9d39a
IN-AC-1967-uttar-pradesh-263,uttar-pradesh,1969,263,GARWARA,ADITYA PRASAD,parties.IN.BKD,BKD,13223,30.26,2,lost,U,,,,challenger,src-1b7bc1c9d39a
IN-AC-1967-uttar-pradesh-263,uttar-pradesh,1969,263,GARWARA,DEBI SEWAK TRIPATHI,parties.IN.BJS,BJS,8854,20.26,3,lost,U,,,,challenger,src-1b7bc1c9d39a
IN-AC-1967-uttar-pradesh-263,uttar-pradesh,1969,263,GARWARA,JAGDEO,parties.IN.CPIM,CPM,2685,6.14,4,forfeit,U,,,,challenger,src-1b7bc1c9d39a
IN-AC-1967-uttar-pradesh-263,uttar-pradesh,1969,263,GARWARA,RAM LAKHAN,parties.IN.CPI,CPI,2678,6.13,5,forfeit,U,,,,challenger,src-1b7bc1c9d39a
IN-AC-1967-uttar-pradesh-263,uttar-pradesh,1969,263,GARWARA,BANKEY LAL,parties.IN.SSP,SSP,1071,2.45,6,forfeit,U,,,,crossover,src-1b7bc1c9d39a
IN-AC-1967-uttar-pradesh-263,uttar-pradesh,1969,263,GARWARA,SUMIRAN,parties.IN.IND,IND,493,1.13,7,forfeit,U,,,,challenger,src-1b7bc1c9d39a
IN-AC-1967-uttar-pradesh-264,uttar-pradesh,1969,264,MACHHLISHAHR,MOTI LAL,parties.IN.BKD,BKD,21844,39.61,1,won,U,,,,challenger,src-1b7bc1c9d39a
IN-AC-1967-uttar-pradesh-264,uttar-pradesh,1969,264,MACHHLISHAHR,RAM LAGAN,parties.IN.INC,INC,18782,34.06,2,lost,U,,,,challenger,src-1b7bc1c9d39a
IN-AC-1967-uttar-pradesh-264,uttar-pradesh,1969,264,MACHHLISHAHR,SHITLA PRASAD,parties.IN.BJS,BJS,6290,11.41,3,forfeit,U,,,,challenger,src-1b7bc1c9d39a
IN-AC-1967-uttar-pradesh-264,uttar-pradesh,1969,264,MACHHLISHAHR,WASIUL HASAN,parties.IN.IND,IND,3749,6.8,4,forfeit,U,,,,challenger,src-1b7bc1c9d39a
IN-AC-1967-uttar-pradesh-264,uttar-pradesh,1969,264,MACHHLISHAHR,PARAS NATH,parties.IN.SOC,SOC,3707,6.72,5,forfeit,U,,,,challenger,src-1b7bc1c9d39a
IN-AC-1967-uttar-pradesh-264,uttar-pradesh,1969,264,MACHHLISHAHR,KESARI PRASAD,parties.IN.PSP,PSP,769,1.39,6,forfeit,U,,,,challenger,src-1b7bc1c9d39a
IN-AC-1967-uttar-pradesh-265,uttar-pradesh,1969,265,DUDHI,RAM PYARE,parties.IN.INC,INC,18224,47,1,won,U,,,,challenger,src-1b7bc1c9d39a
IN-AC-1967-uttar-pradesh-265,uttar-pradesh,1969,265,DUDHI,SHEO SAMPAT RAM,parties.IN.BJS,BJS,14577,37.6,2,lost,U,,,,challenger,src-1b7bc1c9d39a
IN-AC-1967-uttar-pradesh-265,uttar-pradesh,1969,265,DUDHI,RAM PRASAD,parties.IN.BKD,BKD,3410,8.79,3,forfeit,U,,,,challenger,src-1b7bc1c9d39a
IN-AC-1967-uttar-pradesh-265,uttar-pradesh,1969,265,DUDHI,RAM KISHORE,parties.IN.IND,IND,2562,6.61,4,forfeit,U,,,,challenger,src-1b7bc1c9d39a
IN-AC-1967-uttar-pradesh-266,uttar-pradesh,1969,266,ROBERTSGANJ,SUBEDAR,parties.IN.BJS,BJS,16698,35.44,1,won,U,,,,challenger,src-1b7bc1c9d39a
IN-AC-1967-uttar-pradesh-266,uttar-pradesh,1969,266,ROBERTSGANJ,RUP NARAIN,parties.IN.INC,INC,10315,21.89,2,lost,U,,,,challenger,src-1b7bc1c9d39a
IN-AC-1967-uttar-pradesh-266,uttar-pradesh,1969,266,ROBERTSGANJ,SHOBH NATH,parties.IN.BKD,BKD,8446,17.92,3,lost,U,,,,crossover,src-1b7bc1c9d39a
IN-AC-1967-uttar-pradesh-266,uttar-pradesh,1969,266,ROBERTSGANJ,MAN MOHAN,parties.IN.SSP,SSP,5182,11,4,forfeit,U,,,,challenger,src-1b7bc1c9d39a
IN-AC-1967-uttar-pradesh-266,uttar-pradesh,1969,266,ROBERTSGANJ,MOTI,parties.IN.PSP,PSP,3850,8.17,5,forfeit,U,,,,challenger,src-1b7bc1c9d39a
IN-AC-1967-uttar-pradesh-266,uttar-pradesh,1969,266,ROBERTSGANJ,VISHWANATH,parties.IN.RPI,RPI,2631,5.58,6,forfeit,U,,,,challenger,src-1b7bc1c9d39a
IN-AC-1967-uttar-pradesh-267,uttar-pradesh,1969,267,RAJGARH,RAJA ANAND,parties.IN.BKD,BKD,26040,36,1,won,U,,,,challenger,src-1b7bc1c9d39a
IN-AC-1967-uttar-pradesh-267,uttar-pradesh,1969,267,RAJGARH,RAM NATH,parties.IN.INC,INC,16278,22.5,2,lost,U,,,,challenger,src-1b7bc1c9d39a
IN-AC-1967-uttar-pradesh-267,uttar-pradesh,1969,267,RAJGARH,RAMA SHANKER,parties.IN.BJS,BJS,15465,21.38,3,lost,U,,,,challenger,src-1b7bc1c9d39a
IN-AC-1967-uttar-pradesh-267,uttar-pradesh,1969,267,RAJGARH,RAMA SHANKER,parties.IN.SSP,SSP,12223,16.9,4,lost,U,,,,challenger,src-1b7bc1c9d39a
IN-AC-1967-uttar-pradesh-267,uttar-pradesh,1969,267,RAJGARH,VIKARMA,parties.IN.PSP,PSP,2335,3.23,5,forfeit,U,,,,challenger,src-1b7bc1c9d39a
IN-AC-1967-uttar-pradesh-268,uttar-pradesh,1969,268,CHUNAR,SHIVA DAS,parties.IN.SSP,SSP,18637,25.98,1,won,U,,,,crossover,src-1b7bc1c9d39a
IN-AC-1967-uttar-pradesh-268,uttar-pradesh,1969,268,CHUNAR,RAJ NARAIN SINGH,parties.IN.BKD,BKD,16974,23.66,2,lost,U,,,,challenger,src-1b7bc1c9d39a
IN-AC-1967-uttar-pradesh-268,uttar-pradesh,1969,268,CHUNAR,B. B. MISRA GRAMWASI,parties.IN.INC,INC,14680,20.47,3,lost,U,,,,incumbent,src-1b7bc1c9d39a
IN-AC-1967-uttar-pradesh-268,uttar-pradesh,1969,268,CHUNAR,SHIVA SHANKAR,parties.IN.BJS,BJS,12717,17.73,4,lost,U,,,,challenger,src-1b7bc1c9d39a
IN-AC-1967-uttar-pradesh-268,uttar-pradesh,1969,268,CHUNAR,NANHKOO,parties.IN.IND,IND,3579,4.99,5,forfeit,U,,,,challenger,src-1b7bc1c9d39a
IN-AC-1967-uttar-pradesh-268,uttar-pradesh,1969,268,CHUNAR,AMAR NATH,parties.IN.RPI,RPI,3361,4.69,6,forfeit,U,,,,challenger,src-1b7bc1c9d39a
IN-AC-1967-uttar-pradesh-268,uttar-pradesh,1969,268,CHUNAR,MANNI RAM,parties.IN.IND,IND,1022,1.42,7,forfeit,U,,,,challenger,src-1b7bc1c9d39a
IN-AC-1967-uttar-pradesh-268,uttar-pradesh,1969,268,CHUNAR,DAYA RAM,parties.IN.PSP,PSP,761,1.06,8,forfeit,U,,,,challenger,src-1b7bc1c9d39a
IN-AC-1967-uttar-pradesh-269,uttar-pradesh,1969,269,MAJHWA,RAM NIHORE RAM,parties.IN.BJS,BJS,16038,37.75,1,won,U,,,,challenger,src-1b7bc1c9d39a
IN-AC-1967-uttar-pradesh-269,uttar-pradesh,1969,269,MAJHWA,BECHAN RAM,parties.IN.INC,INC,12456,29.32,2,lost,U,,,,incumbent,src-1b7bc1c9d39a
IN-AC-1967-uttar-pradesh-269,uttar-pradesh,1969,269,MAJHWA,RAM KISHUN,parties.IN.BKD,BKD,5883,13.85,3,forfeit,U,,,,challenger,src-1b7bc1c9d39a
IN-AC-1967-uttar-pradesh-269,uttar-pradesh,1969,269,MAJHWA,PHUDULLI,parties.IN.IND,IND,2050,4.83,4,forfeit,U,,,,challenger,src-1b7bc1c9d39a
IN-AC-1967-uttar-pradesh-269,uttar-pradesh,1969,269,MAJHWA,BAIJ NATH,parties.IN.RPI,RPI,2004,4.72,5,forfeit,U,,,,challenger,src-1b7bc1c9d39a
IN-AC-1967-uttar-pradesh-269,uttar-pradesh,1969,269,MAJHWA,RAM AUTHAR,parties.IN.SSP,SSP,1847,4.35,6,forfeit,U,,,,challenger,src-1b7bc1c9d39a
IN-AC-1967-uttar-pradesh-269,uttar-pradesh,1969,269,MAJHWA,YAG NARAIN URF LALA,parties.IN.IND,IND,1416,3.33,7,forfeit,U,,,,challenger,src-1b7bc1c9d39a
IN-AC-1967-uttar-pradesh-269,uttar-pradesh,1969,269,MAJHWA,KULBUL,parties.IN.PSP,PSP,481,1.13,8,forfeit,U,,,,challenger,src-1b7bc1c9d39a
IN-AC-1967-uttar-pradesh-269,uttar-pradesh,1969,269,MAJHWA,VISHWANATH PRASAD,parties.IN.SVC,SVC,311,0.73,9,forfeit,U,,,,challenger,src-1b7bc1c9d39a
IN-AC-1967-uttar-pradesh-270,uttar-pradesh,1969,270,MIRZAPUR,VIJAI BAHADUR SINGH,parties.IN.BJS,BJS,21956,35.15,1,won,U,,,,challenger,src-1b7bc1c9d39a
IN-AC-1967-uttar-pradesh-270,uttar-pradesh,1969,270,MIRZAPUR,AZIZ IMAM,parties.IN.INC,INC,20270,32.45,2,lost,U,,,,challenger,src-1b7bc1c9d39a
IN-AC-1967-uttar-pradesh-270,uttar-pradesh,1969,270,MIRZAPUR,A. K. CHATURVEDI RAKESH,parties.IN.SSP,SSP,13210,21.15,3,lost,U,,,,challenger,src-1b7bc1c9d39a
IN-AC-1967-uttar-pradesh-270,uttar-pradesh,1969,270,MIRZAPUR,BECHAN,parties.IN.BKD,BKD,3378,5.41,4,forfeit,U,,,,challenger,src-1b7bc1c9d39a
IN-AC-1967-uttar-pradesh-270,uttar-pradesh,1969,270,MIRZAPUR,BIHARI,parties.IN.RPI,RPI,3016,4.83,5,forfeit,U,,,,challenger,src-1b7bc1c9d39a
IN-AC-1967-uttar-pradesh-270,uttar-pradesh,1969,270,MIRZAPUR,ANANT RAM,parties.IN.IND,IND,631,1.01,6,forfeit,U,,,,challenger,src-1b7bc1c9d39a
IN-AC-1967-uttar-pradesh-271,uttar-pradesh,1969,271,CHHANVEY,RAJA SRINIWAS PRASAD SINGH,parties.IN.INC,INC,33442,58.27,1,won,U,,,,challenger,src-1b7bc1c9d39a
IN-AC-1967-uttar-pradesh-271,uttar-pradesh,1969,271,CHHANVEY,BRAHMA NAND SHASTRI,parties.IN.BJS,BJS,17181,29.94,2,lost,U,,,,challenger,src-1b7bc1c9d39a
IN-AC-1967-uttar-pradesh-271,uttar-pradesh,1969,271,CHHANVEY,BRAHMEDEO SINGH,parties.IN.BKD,BKD,4493,7.83,3,forfeit,U,,,,challenger,src-1b7bc1c9d39a
IN-AC-1967-uttar-pradesh-271,uttar-pradesh,1969,271,CHHANVEY,BUDHIMAN,parties.IN.PSP,PSP,1350,2.35,4,forfeit,U,,,,challenger,src-1b7bc1c9d39a
IN-AC-1967-uttar-pradesh-271,uttar-pradesh,1969,271,CHHANVEY,SURYA NARAIN MISRA,parties.IN.SSP,SSP,924,1.61,5,forfeit,U,,,,challenger,src-1b7bc1c9d39a
IN-AC-1967-uttar-pradesh-272,uttar-pradesh,1969,272,MEJA,VISHRAM DAS,parties.IN.INC,INC,16795,33.15,1,won,U,,,,challenger,src-1b7bc1c9d39a
IN-AC-1967-uttar-pradesh-272,uttar-pradesh,1969,272,MEJA,RAM DEO,parties.IN.SSP,SSP,11410,22.52,2,lost,U,,,,challenger,src-1b7bc1c9d39a
IN-AC-1967-uttar-pradesh-272,uttar-pradesh,1969,272,MEJA,SHYAM NARAIN,parties.IN.BJS,BJS,10281,20.29,3,lost,U,,,,challenger,src-1b7bc1c9d39a
IN-AC-1967-uttar-pradesh-272,uttar-pradesh,1969,272,MEJA,BHAGWATI PRASAD,parties.IN.BKD,BKD,7412,14.63,4,forfeit,U,,,,challenger,src-1b7bc1c9d39a
IN-AC-1967-uttar-pradesh-272,uttar-pradesh,1969,272,MEJA,RAM GAMBHIR,parties.IN.RPA,RPA,4768,9.41,5,forfeit,U,,,,challenger,src-1b7bc1c9d39a
IN-AC-1967-uttar-pradesh-273,uttar-pradesh,1969,273,KARCHANA,RAM KISHORE SHUKLA,parties.IN.INC,INC,16587,29.05,1,won,U,,,,challenger,src-1b7bc1c9d39a
IN-AC-1967-uttar-pradesh-273,uttar-pradesh,1969,273,KARCHANA,KRISHNA PRAKASH,parties.IN.SSP,SSP,11676,20.45,2,lost,U,,,,challenger,src-1b7bc1c9d39a
IN-AC-1967-uttar-pradesh-273,uttar-pradesh,1969,273,KARCHANA,SATYA NARAIN PANDE,parties.IN.BKD,BKD,11386,19.94,3,lost,U,,,,crossover,src-1b7bc1c9d39a
IN-AC-1967-uttar-pradesh-273,uttar-pradesh,1969,273,KARCHANA,SHEETLA DIN DWIVEDI,parties.IN.IND,IND,10167,17.81,4,lost,U,,,,challenger,src-1b7bc1c9d39a
IN-AC-1967-uttar-pradesh-273,uttar-pradesh,1969,273,KARCHANA,BANSROOP,parties.IN.IND,IND,6605,11.57,5,forfeit,U,,,,challenger,src-1b7bc1c9d39a
IN-AC-1967-uttar-pradesh-273,uttar-pradesh,1969,273,KARCHANA,KRISHNA DEV SHARMA,parties.IN.BJS,BJS,676,1.18,6,forfeit,U,,,,challenger,src-1b7bc1c9d39a
IN-AC-1967-uttar-pradesh-274,uttar-pradesh,1969,274,BARA,SARVA SUKH SINGH,parties.IN.BKD,BKD,21457,34.31,1,won,U,,,,challenger,src-1b7bc1c9d39a
IN-AC-1967-uttar-pradesh-274,uttar-pradesh,1969,274,BARA,HEMWATI NANDAN BAHUGUNA,parties.IN.INC,INC,20535,32.84,2,lost,U,,,,incumbent,src-1b7bc1c9d39a
IN-AC-1967-uttar-pradesh-274,uttar-pradesh,1969,274,BARA,LALTA PRASAD ZZZPATHIKZZZ,parties.IN.IND,IND,8164,13.05,3,forfeit,U,,,,challenger,src-1b7bc1c9d39a
IN-AC-1967-uttar-pradesh-274,uttar-pradesh,1969,274,BARA,SWARAJ PRAKASH SRIVASTAVA,parties.IN.SSP,SSP,6024,9.63,4,forfeit,U,,,,challenger,src-1b7bc1c9d39a
IN-AC-1967-uttar-pradesh-274,uttar-pradesh,1969,274,BARA,DIN BANDHU PATHAK,parties.IN.IND,IND,2645,4.23,5,forfeit,U,,,,challenger,src-1b7bc1c9d39a
IN-AC-1967-uttar-pradesh-274,uttar-pradesh,1969,274,BARA,DASHRATH LAL,parties.IN.SOC,SOC,2131,3.41,6,forfeit,U,,,,challenger,src-1b7bc1c9d39a
IN-AC-1967-uttar-pradesh-274,uttar-pradesh,1969,274,BARA,SITA RAM,parties.IN.RPI,RPI,937,1.5,7,forfeit,U,,,,challenger,src-1b7bc1c9d39a
IN-AC-1967-uttar-pradesh-274,uttar-pradesh,1969,274,BARA,UDAI RAJ SINGH,parties.IN.BJS,BJS,644,1.03,8,forfeit,U,,,,challenger,src-1b7bc1c9d39a
IN-AC-1967-uttar-pradesh-275,uttar-pradesh,1969,275,BAHADURPUR,RUP NATH SINGH YADAVA,parties.IN.SSP,SSP,16223,32.49,1,won,U,,,,challenger,src-1b7bc1c9d39a
IN-AC-1967-uttar-pradesh-275,uttar-pradesh,1969,275,BAHADURPUR,BHAGAUTI SINGH,parties.IN.INC,INC,9316,18.66,2,lost,U,,,,challenger,src-1b7bc1c9d39a
IN-AC-1967-uttar-pradesh-275,uttar-pradesh,1969,275,BAHADURPUR,RAM SHIROMINA,parties.IN.BJS,BJS,7267,14.55,3,forfeit,U,,,,challenger,src-1b7bc1c9d39a
IN-AC-1967-uttar-pradesh-275,uttar-pradesh,1969,275,BAHADURPUR,RAM PRATAP,parties.IN.IND,IND,7153,14.32,4,forfeit,U,,,,challenger,src-1b7bc1c9d39a
IN-AC-1967-uttar-pradesh-275,uttar-pradesh,1969,275,BAHADURPUR,RAM SUMER,parties.IN.RPI,RPI,4780,9.57,5,forfeit,U,,,,challenger,src-1b7bc1c9d39a
IN-AC-1967-uttar-pradesh-275,uttar-pradesh,1969,275,BAHADURPUR,SIDDHA NARAIN,parties.IN.IND,IND,2911,5.83,6,forfeit,U,,,,challenger,src-1b7bc1c9d39a
IN-AC-1967-uttar-pradesh-275,uttar-pradesh,1969,275,BAHADURPUR,RUP NARAIN TRIPATHI,parties.IN.BKD,BKD,1753,3.51,7,forfeit,U,,,,challenger,src-1b7bc1c9d39a
IN-AC-1967-uttar-pradesh-275,uttar-pradesh,1969,275,BAHADURPUR,RAMANAND YADAV,parties.IN.IND,IND,535,1.07,8,forfeit,U,,,,challenger,src-1b7bc1c9d39a
IN-AC-1967-uttar-pradesh-276,uttar-pradesh,1969,276,HANDIA,RAJIT RAM,parties.IN.SSP,SSP,17012,30.27,1,won,U,,,,challenger,src-1b7bc1c9d39a
IN-AC-1967-uttar-pradesh-276,uttar-pradesh,1969,276,HANDIA,ATHAI RAM,parties.IN.BKD,BKD,15468,27.53,2,lost,U,,,,challenger,src-1b7bc1c9d39a
IN-AC-1967-uttar-pradesh-276,uttar-pradesh,1969,276,HANDIA,RAJENDRA PRASAD TRIPATHI,parties.IN.INC,INC,10372,18.46,3,lost,U,,,,challenger,src-1b7bc1c9d39a
IN-AC-1967-uttar-pradesh-276,uttar-pradesh,1969,276,HANDIA,RAJA RAM,parties.IN.RPI,RPI,9143,16.27,4,forfeit,U,,,,challenger,src-1b7bc1c9d39a
IN-AC-1967-uttar-pradesh-276,uttar-pradesh,1969,276,HANDIA,RAM REKHA SINGH,parties.IN.BJS,BJS,2992,5.32,5,forfeit,U,,,,challenger,src-1b7bc1c9d39a
IN-AC-1967-uttar-pradesh-276,uttar-pradesh,1969,276,HANDIA,MAHADEO SINGH,parties.IN.IND,IND,1206,2.15,6,forfeit,U,,,,challenger,src-1b7bc1c9d39a
IN-AC-1967-uttar-pradesh-277,uttar-pradesh,1969,277,PRATAPPUR,SHYAM SURAT,parties.IN.SSP,SSP,13777,28.72,1,won,U,,,,challenger,src-1b7bc1c9d39a
IN-AC-1967-uttar-pradesh-277,uttar-pradesh,1969,277,PRATAPPUR,MUZAFFAR HASAN,parties.IN.INC,INC,11469,23.91,2,lost,U,,,,challenger,src-1b7bc1c9d39a
IN-AC-1967-uttar-pradesh-277,uttar-pradesh,1969,277,PRATAPPUR,MOHAN LAL,parties.IN.BKD,BKD,8270,17.24,3,lost,U,,,,challenger,src-1b7bc1c9d39a
IN-AC-1967-uttar-pradesh-277,uttar-pradesh,1969,277,PRATAPPUR,DURGA PRASAD,parties.IN.IND,IND,7110,14.82,4,forfeit,U,,,,challenger,src-1b7bc1c9d39a
IN-AC-1967-uttar-pradesh-277,uttar-pradesh,1969,277,PRATAPPUR,JOKHAI,parties.IN.RPI,RPI,3724,7.76,5,forfeit,U,,,,challenger,src-1b7bc1c9d39a
IN-AC-1967-uttar-pradesh-277,uttar-pradesh,1969,277,PRATAPPUR,RAM KOMAL,parties.IN.BJS,BJS,2673,5.57,6,forfeit,U,,,,challenger,src-1b7bc1c9d39a
IN-AC-1967-uttar-pradesh-277,uttar-pradesh,1969,277,PRATAPPUR,RAM KIRPAL SINGH YADAV,parties.IN.IND,IND,940,1.96,7,forfeit,U,,,,challenger,src-1b7bc1c9d39a
IN-AC-1967-uttar-pradesh-278,uttar-pradesh,1969,278,SORAON,VISHWA NATH PRATAP SINGH,parties.IN.INC,INC,12117,26.56,1,won,U,,,,challenger,src-1b7bc1c9d39a
IN-AC-1967-uttar-pradesh-278,uttar-pradesh,1969,278,SORAON,RAM ADHAR PANDEY,parties.IN.SSP,SSP,10929,23.95,2,lost,U,,,,challenger,src-1b7bc1c9d39a
IN-AC-1967-uttar-pradesh-278,uttar-pradesh,1969,278,SORAON,MUNIR AHMAD,parties.IN.RPA,RPA,6211,13.61,3,forfeit,U,,,,challenger,src-1b7bc1c9d39a
IN-AC-1967-uttar-pradesh-278,uttar-pradesh,1969,278,SORAON,RAM DULAR PATEL,parties.IN.BKD,BKD,5633,12.35,4,forfeit,U,,,,challenger,src-1b7bc1c9d39a
IN-AC-1967-uttar-pradesh-278,uttar-pradesh,1969,278,SORAON,JOKHU LAL,parties.IN.BJS,BJS,3805,8.34,5,forfeit,U,,,,challenger,src-1b7bc1c9d39a
IN-AC-1967-uttar-pradesh-278,uttar-pradesh,1969,278,SORAON,KAREY DIN YADAV,parties.IN.RPI,RPI,2475,5.42,6,forfeit,U,,,,challenger,src-1b7bc1c9d39a
IN-AC-1967-uttar-pradesh-278,uttar-pradesh,1969,278,SORAON,FATEH BAHADUR SINGH,parties.IN.PSP,PSP,1900,4.16,7,forfeit,U,,,,challenger,src-1b7bc1c9d39a
IN-AC-1967-uttar-pradesh-278,uttar-pradesh,1969,278,SORAON,RAM BHAJAN,parties.IN.IND,IND,1590,3.48,8,forfeit,U,,,,challenger,src-1b7bc1c9d39a
IN-AC-1967-uttar-pradesh-278,uttar-pradesh,1969,278,SORAON,HAROON RASEED,parties.IN.IND,IND,529,1.16,9,forfeit,U,,,,challenger,src-1b7bc1c9d39a
IN-AC-1967-uttar-pradesh-278,uttar-pradesh,1969,278,SORAON,CHHOTEY LAL,parties.IN.IND,IND,440,0.96,10,forfeit,U,,,,challenger,src-1b7bc1c9d39a
IN-AC-1967-uttar-pradesh-279,uttar-pradesh,1969,279,KAURIHAR,RAM PUJAN PATEL,parties.IN.SSP,SSP,16643,37.38,1,won,U,,,,challenger,src-1b7bc1c9d39a
IN-AC-1967-uttar-pradesh-279,uttar-pradesh,1969,279,KAURIHAR,CH. SHIVA NATH SINGH,parties.IN.INC,INC,8197,18.41,2,lost,U,,,,challenger,src-1b7bc1c9d39a
IN-AC-1967-uttar-pradesh-279,uttar-pradesh,1969,279,KAURIHAR,HAR PRATAP SINGH,parties.IN.BKD,BKD,7027,15.78,3,forfeit,U,,,,challenger,src-1b7bc1c9d39a
IN-AC-1967-uttar-pradesh-279,uttar-pradesh,1969,279,KAURIHAR,SITA RAM,parties.IN.IND,IND,5598,12.57,4,forfeit,U,,,,challenger,src-1b7bc1c9d39a
IN-AC-1967-uttar-pradesh-279,uttar-pradesh,1969,279,KAURIHAR,RADHA RAMAN,parties.IN.BJS,BJS,2513,5.64,5,forfeit,U,,,,challenger,src-1b7bc1c9d39a
IN-AC-1967-uttar-pradesh-279,uttar-pradesh,1969,279,KAURIHAR,BABULAL UPADHYAY,parties.IN.IND,IND,1813,4.07,6,forfeit,U,,,,challenger,src-1b7bc1c9d39a
IN-AC-1967-uttar-pradesh-279,uttar-pradesh,1969,279,KAURIHAR,CHHOTEY LAL,parties.IN.IND,IND,1426,3.2,7,forfeit,U,,,,challenger,src-1b7bc1c9d39a
IN-AC-1967-uttar-pradesh-279,uttar-pradesh,1969,279,KAURIHAR,MAHFOOJUL HASAN,parties.IN.PSP,PSP,1031,2.32,8,forfeit,U,,,,challenger,src-1b7bc1c9d39a
IN-AC-1967-uttar-pradesh-279,uttar-pradesh,1969,279,KAURIHAR,LAKSHMI DEVI PATEL,parties.IN.IND,IND,276,0.62,9,forfeit,U,,,,challenger,src-1b7bc1c9d39a
IN-AC-1967-uttar-pradesh-280,uttar-pradesh,1969,280,ALLAHABAD NORTH,RAJENDRA KUMARI BAJPAI,parties.IN.INC,INC,14160,33.22,1,won,U,,,,challenger,src-1b7bc1c9d39a
IN-AC-1967-uttar-pradesh-280,uttar-pradesh,1969,280,ALLAHABAD NORTH,RAMADHAR YADAVA,parties.IN.SSP,SSP,12001,28.15,2,lost,U,,,,challenger,src-1b7bc1c9d39a
IN-AC-1967-uttar-pradesh-280,uttar-pradesh,1969,280,ALLAHABAD NORTH,GANGA RAM GUPTA,parties.IN.BJS,BJS,8547,20.05,3,lost,U,,,,challenger,src-1b7bc1c9d39a
IN-AC-1967-uttar-pradesh-280,uttar-pradesh,1969,280,ALLAHABAD NORTH,CHOTEY LAL KUSHWAHA,parties.IN.BKD,BKD,4825,11.32,4,forfeit,U,,,,challenger,src-1b7bc1c9d39a
IN-AC-1967-uttar-pradesh-280,uttar-pradesh,1969,280,ALLAHABAD NORTH,RAM AUTAR,parties.IN.RPI,RPI,2253,5.29,5,forfeit,U,,,,challenger,src-1b7bc1c9d39a
IN-AC-1967-uttar-pradesh-280,uttar-pradesh,1969,280,ALLAHABAD NORTH,MEENA KUMARI,parties.IN.IND,IND,268,0.63,6,forfeit,U,,,,challenger,src-1b7bc1c9d39a
IN-AC-1967-uttar-pradesh-280,uttar-pradesh,1969,280,ALLAHABAD NORTH,CHHABI NATH,parties.IN.IND,IND,253,0.59,7,forfeit,U,,,,challenger,src-1b7bc1c9d39a
IN-AC-1967-uttar-pradesh-280,uttar-pradesh,1969,280,ALLAHABAD NORTH,CHHEDI LAL,parties.IN.IND,IND,200,0.47,8,forfeit,U,,,,challenger,src-1b7bc1c9d39a
IN-AC-1967-uttar-pradesh-280,uttar-pradesh,1969,280,ALLAHABAD NORTH,PANNA LAL VARSHAVEY,parties.IN.IND,IND,123,0.29,9,forfeit,U,,,,challenger,src-1b7bc1c9d39a
IN-AC-1967-uttar-pradesh-281,uttar-pradesh,1969,281,ALLAHABAD SOUTH,RAM GOPAL SAND,parties.IN.BJS,BJS,17319,31.34,1,won,U,,,,challenger,src-1b7bc1c9d39a
IN-AC-1967-uttar-pradesh-281,uttar-pradesh,1969,281,ALLAHABAD SOUTH,JAI PAL SINGH KASHYAP,parties.IN.RPA,RPA,11993,21.7,2,lost,U,,,,challenger,src-1b7bc1c9d39a
IN-AC-1967-uttar-pradesh-281,uttar-pradesh,1969,281,ALLAHABAD SOUTH,CHAUDHARY NAUNIHAL SINGH,parties.IN.INC,INC,10658,19.29,3,lost,U,,,,crossover,src-1b7bc1c9d39a
IN-AC-1967-uttar-pradesh-281,uttar-pradesh,1969,281,ALLAHABAD SOUTH,KAMLA PRASAD MOHILEY,parties.IN.SSP,SSP,7548,13.66,4,forfeit,U,,,,challenger,src-1b7bc1c9d39a
IN-AC-1967-uttar-pradesh-281,uttar-pradesh,1969,281,ALLAHABAD SOUTH,OM PRAKASH GAUR,parties.IN.MAP,MAP,2444,4.42,5,forfeit,U,,,,challenger,src-1b7bc1c9d39a
IN-AC-1967-uttar-pradesh-281,uttar-pradesh,1969,281,ALLAHABAD SOUTH,MAHENDRA KUMAR SHARMA,parties.IN.HMS,HMS,2104,3.81,6,forfeit,U,,,,challenger,src-1b7bc1c9d39a
IN-AC-1967-uttar-pradesh-281,uttar-pradesh,1969,281,ALLAHABAD SOUTH,IQBAL HUSAIN,parties.IN.BKD,BKD,1454,2.63,7,forfeit,U,,,,challenger,src-1b7bc1c9d39a
IN-AC-1967-uttar-pradesh-281,uttar-pradesh,1969,281,ALLAHABAD SOUTH,RADHEY SHYAM PATHAK,parties.IN.PSP,PSP,573,1.04,8,forfeit,U,,,,challenger,src-1b7bc1c9d39a
IN-AC-1967-uttar-pradesh-281,uttar-pradesh,1969,281,ALLAHABAD SOUTH,DAYA SHANKER MALVIYA,parties.IN.IND,IND,540,0.98,9,forfeit,U,,,,challenger,src-1b7bc1c9d39a
IN-AC-1967-uttar-pradesh-281,uttar-pradesh,1969,281,ALLAHABAD SOUTH,MITHAI LAL,parties.IN.IND,IND,429,0.78,10,forfeit,U,,,,challenger,src-1b7bc1c9d39a
IN-AC-1967-uttar-pradesh-281,uttar-pradesh,1969,281,ALLAHABAD SOUTH,RAM KISHORE JAISWAL,parties.IN.IND,IND,199,0.36,11,forfeit,U,,,,challenger,src-1b7bc1c9d39a
IN-AC-1967-uttar-pradesh-282,uttar-pradesh,1969,282,ALLAHABAD WEST,HABIB AHMED,parties.IN.IND,IND,18029,34.39,1,won,U,,,,challenger,src-1b7bc1c9d39a
IN-AC-1967-uttar-pradesh-282,uttar-pradesh,1969,282,ALLAHABAD WEST,TIRATH RAM KOHLI,parties.IN.BJS,BJS,13121,25.03,2,lost,U,,,,challenger,src-1b7bc1c9d39a
IN-AC-1967-uttar-pradesh-282,uttar-pradesh,1969,282,ALLAHABAD WEST,B . N . PD. KUSHWAHA LUKERGAN,parties.IN.BKD,BKD,11065,21.11,3,lost,U,,,,challenger,src-1b7bc1c9d39a
IN-AC-1967-uttar-pradesh-282,uttar-pradesh,1969,282,ALLAHABAD WEST,GEND LAL,parties.IN.INC,INC,7049,13.45,4,forfeit,U,,,,challenger,src-1b7bc1c9d39a
IN-AC-1967-uttar-pradesh-282,uttar-pradesh,1969,282,ALLAHABAD WEST,BARKAT ULLAH,parties.IN.SSP,SSP,1292,2.46,5,forfeit,U,,,,challenger,src-1b7bc1c9d39a
IN-AC-1967-uttar-pradesh-282,uttar-pradesh,1969,282,ALLAHABAD WEST,RAM HIT CHAURASIA,parties.IN.IND,IND,815,1.55,6,forfeit,U,,,,challenger,src-1b7bc1c9d39a
IN-AC-1967-uttar-pradesh-282,uttar-pradesh,1969,282,ALLAHABAD WEST,RAJ KUMAR JAIN,parties.IN.CPI,CPI,570,1.09,7,forfeit,U,,,,challenger,src-1b7bc1c9d39a
IN-AC-1967-uttar-pradesh-282,uttar-pradesh,1969,282,ALLAHABAD WEST,B . N . PD. KUSHWAHA N . P . KARE,parties.IN.IND,IND,480,0.92,8,forfeit,U,,,,challenger,src-1b7bc1c9d39a
IN-AC-1967-uttar-pradesh-283,uttar-pradesh,1969,283,CHAIL,KANHAIYA LAL SONKER,parties.IN.BJS,BJS,12366,32.91,1,won,U,,,,challenger,src-1b7bc1c9d39a
IN-AC-1967-uttar-pradesh-283,uttar-pradesh,1969,283,CHAIL,JAWAHAR LAL,parties.IN.INC,INC,11301,30.08,2,lost,U,,,,challenger,src-1b7bc1c9d39a
IN-AC-1967-uttar-pradesh-283,uttar-pradesh,1969,283,CHAIL,MANNI LAL,parties.IN.IND,IND,8537,22.72,3,lost,U,,,,challenger,src-1b7bc1c9d39a
IN-AC-1967-uttar-pradesh-283,uttar-pradesh,1969,283,CHAIL,BHAIYA LAL,parties.IN.BKD,BKD,4946,13.16,4,forfeit,U,,,,challenger,src-1b7bc1c9d39a
IN-AC-1967-uttar-pradesh-283,uttar-pradesh,1969,283,CHAIL,RAM NATH,parties.IN.MAP,MAP,426,1.13,5,forfeit,U,,,,challenger,src-1b7bc1c9d39a
IN-AC-1967-uttar-pradesh-284,uttar-pradesh,1969,284,MANJHANPUR,DHARAM VIR,parties.IN.INC,INC,18004,48.31,1,won,U,,,,challenger,src-1b7bc1c9d39a
IN-AC-1967-uttar-pradesh-284,uttar-pradesh,1969,284,MANJHANPUR,NATHU RAM SHIKSHAK,parties.IN.BJS,BJS,11870,31.85,2,lost,U,,,,challenger,src-1b7bc1c9d39a
IN-AC-1967-uttar-pradesh-284,uttar-pradesh,1969,284,MANJHANPUR,RAM DULARE,parties.IN.BKD,BKD,4122,11.06,3,forfeit,U,,,,challenger,src-1b7bc1c9d39a
IN-AC-1967-uttar-pradesh-284,uttar-pradesh,1969,284,MANJHANPUR,NARAIN DAS,parties.IN.SSP,SSP,2159,5.79,4,forfeit,U,,,,challenger,src-1b7bc1c9d39a
IN-AC-1967-uttar-pradesh-284,uttar-pradesh,1969,284,MANJHANPUR,RAM PRASHAD,parties.IN.RPI,RPI,1113,2.99,5,forfeit,U,,,,challenger,src-1b7bc1c9d39a
IN-AC-1967-uttar-pradesh-285,uttar-pradesh,1969,285,SIRATHU,RAM CHARAN,parties.IN.SSP,SSP,17803,46.47,1,won,U,,,,challenger,src-1b7bc1c9d39a
IN-AC-1967-uttar-pradesh-285,uttar-pradesh,1969,285,SIRATHU,MANGALA PRASAD,parties.IN.INC,INC,11348,29.62,2,lost,U,,,,challenger,src-1b7bc1c9d39a
IN-AC-1967-uttar-pradesh-285,uttar-pradesh,1969,285,SIRATHU,TIKKAM SINGH,parties.IN.BKD,BKD,5665,14.79,3,forfeit,U,,,,challenger,src-1b7bc1c9d39a
IN-AC-1967-uttar-pradesh-285,uttar-pradesh,1969,285,SIRATHU,MAHRAJ DIN,parties.IN.BJS,BJS,3494,9.12,4,forfeit,U,,,,challenger,src-1b7bc1c9d39a
IN-AC-1967-uttar-pradesh-286,uttar-pradesh,1969,286,KHAGA,KRISHNA DATTA ALIAS BALRAJ,parties.IN.INC,INC,15740,32.56,1,won,U,,,,challenger,src-1b7bc1c9d39a
IN-AC-1967-uttar-pradesh-286,uttar-pradesh,1969,286,KHAGA,BRAJESH CHANDRA SINGH,parties.IN.IND,IND,12338,25.52,2,lost,U,,,,challenger,src-1b7bc1c9d39a
IN-AC-1967-uttar-pradesh-286,uttar-pradesh,1969,286,KHAGA,ABDUL RAUF KHAN,parties.IN.BKD,BKD,7452,15.42,3,forfeit,U,,,,challenger,src-1b7bc1c9d39a
IN-AC-1967-uttar-pradesh-286,uttar-pradesh,1969,286,KHAGA,RAMESHWAR PRASAD YADAV,parties.IN.BJS,BJS,5970,12.35,4,forfeit,U,,,,challenger,src-1b7bc1c9d39a
IN-AC-1967-uttar-pradesh-286,uttar-pradesh,1969,286,KHAGA,CHANDRA KISHORE TEWARI,parties.IN.IND,IND,4726,9.78,5,forfeit,U,,,,challenger,src-1b7bc1c9d39a
IN-AC-1967-uttar-pradesh-286,uttar-pradesh,1969,286,KHAGA,SUMER SINGH,parties.IN.SSP,SSP,1633,3.38,6,forfeit,U,,,,challenger,src-1b7bc1c9d39a
IN-AC-1967-uttar-pradesh-286,uttar-pradesh,1969,286,KHAGA,CHAUDHARI ALEEN YAR,parties.IN.IND,IND,481,1,7,forfeit,U,,,,challenger,src-1b7bc1c9d39a
IN-AC-1967-uttar-pradesh-287,uttar-pradesh,1969,287,KISHUNPUR,INDRAJIT,parties.IN.INC,INC,9704,38.9,1,won,U,,,,incumbent,src-1b7bc1c9d39a
IN-AC-1967-uttar-pradesh-287,uttar-pradesh,1969,287,KISHUNPUR,SUKDEO PRASAD,parties.IN.BJS,BJS,5918,23.73,2,lost,U,,,,challenger,src-1b7bc1c9d39a
IN-AC-1967-uttar-pradesh-287,uttar-pradesh,1969,287,KISHUNPUR,JAGESHWAR,parties.IN.SSP,SSP,5114,20.5,3,lost,U,,,,crossover,src-1b7bc1c9d39a
IN-AC-1967-uttar-pradesh-287,uttar-pradesh,1969,287,KISHUNPUR,DEEN DAYAL GIHAR,parties.IN.BKD,BKD,4208,16.87,4,lost,U,,,,challenger,src-1b7bc1c9d39a
IN-AC-1967-uttar-pradesh-288,uttar-pradesh,1969,288,HASWA,JAI NARAIN SINGH,parties.IN.INC,INC,20010,45.38,1,won,U,,,,challenger,src-1b7bc1c9d39a
IN-AC-1967-uttar-pradesh-288,uttar-pradesh,1969,288,HASWA,RAJA RAM SINGH,parties.IN.BKD,BKD,11471,26.02,2,lost,U,,,,challenger,src-1b7bc1c9d39a
IN-AC-1967-uttar-pradesh-288,uttar-pradesh,1969,288,HASWA,JAGGANNATH PRASAD DWEVEDI,parties.IN.BJS,BJS,8940,20.28,3,lost,U,,,,challenger,src-1b7bc1c9d39a
IN-AC-1967-uttar-pradesh-288,uttar-pradesh,1969,288,HASWA,JAI PAL SINGH,parties.IN.IND,IND,1891,4.29,4,forfeit,U,,,,challenger,src-1b7bc1c9d39a
IN-AC-1967-uttar-pradesh-288,uttar-pradesh,1969,288,HASWA,CHHEDA LAL,parties.IN.IND,IND,978,2.22,5,forfeit,U,,,,challenger,src-1b7bc1c9d39a
IN-AC-1967-uttar-pradesh-288,uttar-pradesh,1969,288,HASWA,SHYAM JAI PANDEY,parties.IN.SSP,SSP,801,1.82,6,forfeit,U,,,,challenger,src-1b7bc1c9d39a
IN-AC-1967-uttar-pradesh-289,uttar-pradesh,1969,289,FATEHPUR,UMA KANT BAJPAI,parties.IN.BJS,BJS,15237,29.54,1,won,U,,,,challenger,src-1b7bc1c9d39a
IN-AC-1967-uttar-pradesh-289,uttar-pradesh,1969,289,FATEHPUR,BRAJ LAL VERMA,parties.IN.BKD,BKD,14822,28.73,2,lost,U,,,,challenger,src-1b7bc1c9d39a
IN-AC-1967-uttar-pradesh-289,uttar-pradesh,1969,289,FATEHPUR,SHABBIR HASAN,parties.IN.INC,INC,13280,25.74,3,lost,U,,,,challenger,src-1b7bc1c9d39a
IN-AC-1967-uttar-pradesh-289,uttar-pradesh,1969,289,FATEHPUR,RAM LAL,parties.IN.SSP,SSP,4787,9.28,4,forfeit,U,,,,challenger,src-1b7bc1c9d39a
IN-AC-1967-uttar-pradesh-289,uttar-pradesh,1969,289,FATEHPUR,RAGHUBIR SAHAI,parties.IN.PSP,PSP,1596,3.09,5,forfeit,U,,,,challenger,src-1b7bc1c9d39a
IN-AC-1967-uttar-pradesh-289,uttar-pradesh,1969,289,FATEHPUR,RAM ASRE KALPANADHEESH,parties.IN.IND,IND,961,1.86,6,forfeit,U,,,,challenger,src-1b7bc1c9d39a
IN-AC-1967-uttar-pradesh-289,uttar-pradesh,1969,289,FATEHPUR,JIVENDRA KUMAR,parties.IN.MAP,MAP,904,1.75,7,forfeit,U,,,,challenger,src-1b7bc1c9d39a
IN-AC-1967-uttar-pradesh-290,uttar-pradesh,1969,290,KHAJUHA,UDIT NARAIN,parties.IN.BKD,BKD,27040,49.72,1,won,U,,,,challenger,src-1b7bc1c9d39a
IN-AC-1967-uttar-pradesh-290,uttar-pradesh,1969,290,KHAJUHA,PREM DATTA,parties.IN.INC,INC,18000,33.1,2,lost,U,,,,challenger,src-1b7bc1c9d39a
IN-AC-1967-uttar-pradesh-290,uttar-pradesh,1969,290,KHAJUHA,DEEP NARAIN SINGH,parties.IN.IND,IND,3680,6.77,3,forfeit,U,,,,challenger,src-1b7bc1c9d39a
IN-AC-1967-uttar-pradesh-290,uttar-pradesh,1969,290,KHAJUHA,SHEO ADHAR,parties.IN.SSP,SSP,2430,4.47,4,forfeit,U,,,,challenger,src-1b7bc1c9d39a
IN-AC-1967-uttar-pradesh-290,uttar-pradesh,1969,290,KHAJUHA,HASAN AHMAD,parties.IN.IND,IND,1712,3.15,5,forfeit,U,,,,challenger,src-1b7bc1c9d39a
IN-AC-1967-uttar-pradesh-290,uttar-pradesh,1969,290,KHAJUHA,SURYA PAL GUPTA,parties.IN.BJS,BJS,1097,2.02,6,forfeit,U,,,,challenger,src-1b7bc1c9d39a
IN-AC-1967-uttar-pradesh-290,uttar-pradesh,1969,290,KHAJUHA,CHACHI SHANTI SHIROMANI,parties.IN.PSP,PSP,425,0.78,7,forfeit,U,,,,challenger,src-1b7bc1c9d39a
IN-AC-1967-uttar-pradesh-291,uttar-pradesh,1969,291,BINDKI,PANNA LAL,parties.IN.BKD,BKD,29485,50.7,1,won,U,,,,challenger,src-1b7bc1c9d39a
IN-AC-1967-uttar-pradesh-291,uttar-pradesh,1969,291,BINDKI,RAMA KANT DWEVEDI,parties.IN.INC,INC,20545,35.33,2,lost,U,,,,challenger,src-1b7bc1c9d39a
IN-AC-1967-uttar-pradesh-291,uttar-pradesh,1969,291,BINDKI,BISHUNPAL SINGH,parties.IN.BJS,BJS,3897,6.7,3,forfeit,U,,,,challenger,src-1b7bc1c9d39a
IN-AC-1967-uttar-pradesh-291,uttar-pradesh,1969,291,BINDKI,BABU LAL,parties.IN.SSP,SSP,2061,3.54,4,forfeit,U,,,,challenger,src-1b7bc1c9d39a
IN-AC-1967-uttar-pradesh-291,uttar-pradesh,1969,291,BINDKI,SUGHAR SINGH,parties.IN.IND,IND,1534,2.64,5,forfeit,U,,,,challenger,src-1b7bc1c9d39a
IN-AC-1967-uttar-pradesh-291,uttar-pradesh,1969,291,BINDKI,RAM SWARUP BAJPAI,parties.IN.IND,IND,376,0.65,6,forfeit,U,,,,challenger,src-1b7bc1c9d39a
IN-AC-1967-uttar-pradesh-291,uttar-pradesh,1969,291,BINDKI,ANJANI KUMAR MISRA,parties.IN.MAP,MAP,256,0.44,7,forfeit,U,,,,challenger,src-1b7bc1c9d39a
IN-AC-1967-uttar-pradesh-292,uttar-pradesh,1969,292,ARYANAGAR,SHIV LAL,parties.IN.INC,INC,13516,29.77,1,won,U,,,,challenger,src-1b7bc1c9d39a
IN-AC-1967-uttar-pradesh-292,uttar-pradesh,1969,292,ARYANAGAR,MUNSHI LAL DOHAREY,parties.IN.BJS,BJS,11766,25.92,2,lost,U,,,,challenger,src-1b7bc1c9d39a
IN-AC-1967-uttar-pradesh-292,uttar-pradesh,1969,292,ARYANAGAR,JAWAHAR LAL JATAV,parties.IN.BKD,BKD,11115,24.48,3,lost,U,,,,challenger,src-1b7bc1c9d39a
IN-AC-1967-uttar-pradesh-292,uttar-pradesh,1969,292,ARYANAGAR,LALTA PRASAD DARIYAWADI,parties.IN.SSP,SSP,4052,8.93,4,forfeit,U,,,,challenger,src-1b7bc1c9d39a
IN-AC-1967-uttar-pradesh-292,uttar-pradesh,1969,292,ARYANAGAR,MOTI RAM,parties.IN.RPI,RPI,3975,8.76,5,forfeit,U,,,,challenger,src-1b7bc1c9d39a
IN-AC-1967-uttar-pradesh-292,uttar-pradesh,1969,292,ARYANAGAR,MAIKOO LAL,parties.IN.PBI,PBI,300,0.66,6,forfeit,U,,,,challenger,src-1b7bc1c9d39a
IN-AC-1967-uttar-pradesh-292,uttar-pradesh,1969,292,ARYANAGAR,MOTI LAL,parties.IN.MAP,MAP,290,0.64,7,forfeit,U,,,,challenger,src-1b7bc1c9d39a
IN-AC-1967-uttar-pradesh-292,uttar-pradesh,1969,292,ARYANAGAR,PHULLI DAS KUREE,parties.IN.RPA,RPA,221,0.49,8,forfeit,U,,,,crossover,src-1b7bc1c9d39a
IN-AC-1967-uttar-pradesh-292,uttar-pradesh,1969,292,ARYANAGAR,MUNNI LAL,parties.IN.IND,IND,165,0.36,9,forfeit,U,,,,challenger,src-1b7bc1c9d39a
IN-AC-1967-uttar-pradesh-293,uttar-pradesh,1969,293,CHAMANGANJ,NASEEMUDDIN,parties.IN.IND,IND,15694,30.9,1,won,U,,,,challenger,src-1b7bc1c9d39a
IN-AC-1967-uttar-pradesh-293,uttar-pradesh,1969,293,CHAMANGANJ,HAMEED KHAN,parties.IN.INC,INC,10330,20.34,2,lost,U,,,,challenger,src-1b7bc1c9d39a
IN-AC-1967-uttar-pradesh-293,uttar-pradesh,1969,293,CHAMANGANJ,MAQBOOL HUSSAIN QURESHI,parties.IN.BKD,BKD,8673,17.08,3,lost,U,,,,challenger,src-1b7bc1c9d39a
IN-AC-1967-uttar-pradesh-293,uttar-pradesh,1969,293,CHAMANGANJ,BABOO BADRE,parties.IN.SSP,SSP,5900,11.62,4,forfeit,U,,,,challenger,src-1b7bc1c9d39a
IN-AC-1967-uttar-pradesh-293,uttar-pradesh,1969,293,CHAMANGANJ,SHAFIQUE AHMAD KHAN TATARI,parties.IN.BJS,BJS,3723,7.33,5,forfeit,U,,,,challenger,src-1b7bc1c9d39a
IN-AC-1967-uttar-pradesh-293,uttar-pradesh,1969,293,CHAMANGANJ,BABU SINGH SAIYA,parties.IN.RPI,RPI,3294,6.49,6,forfeit,U,,,,challenger,src-1b7bc1c9d39a
IN-AC-1967-uttar-pradesh-293,uttar-pradesh,1969,293,CHAMANGANJ,MUNNU LAL,parties.IN.IND,IND,1033,2.03,7,forfeit,U,,,,challenger,src-1b7bc1c9d39a
IN-AC-1967-uttar-pradesh-293,uttar-pradesh,1969,293,CHAMANGANJ,HAFIZ MOHD . ALI WAL,parties.IN.IND,IND,951,1.87,8,forfeit,U,,,,challenger,src-1b7bc1c9d39a
IN-AC-1967-uttar-pradesh-293,uttar-pradesh,1969,293,CHAMANGANJ,SHYAM LAL,parties.IN.IND,IND,389,0.77,9,forfeit,U,,,,challenger,src-1b7bc1c9d39a
IN-AC-1967-uttar-pradesh-293,uttar-pradesh,1969,293,CHAMANGANJ,FARZAND MOHANI,parties.IN.IND,IND,277,0.55,10,forfeit,U,,,,challenger,src-1b7bc1c9d39a
IN-AC-1967-uttar-pradesh-293,uttar-pradesh,1969,293,CHAMANGANJ,SHYAM SHARMA,parties.IN.MAP,MAP,222,0.44,11,forfeit,U,,,,challenger,src-1b7bc1c9d39a
IN-AC-1967-uttar-pradesh-293,uttar-pradesh,1969,293,CHAMANGANJ,SAEED UDDIN,parties.IN.IND,IND,143,0.28,12,forfeit,U,,,,challenger,src-1b7bc1c9d39a
IN-AC-1967-uttar-pradesh-293,uttar-pradesh,1969,293,CHAMANGANJ,LALTA PRASAD,parties.IN.IND,IND,139,0.27,13,forfeit,U,,,,challenger,src-1b7bc1c9d39a
IN-AC-1967-uttar-pradesh-293,uttar-pradesh,1969,293,CHAMANGANJ,MOHAMMAD ALAM,parties.IN.IND,IND,24,0.05,14,forfeit,U,,,,challenger,src-1b7bc1c9d39a
IN-AC-1967-uttar-pradesh-294,uttar-pradesh,1969,294,GENERALGANJ,GANESH DUTT BAJPAYI,parties.IN.INC,INC,19634,41.74,1,won,U,,,,challenger,src-1b7bc1c9d39a
IN-AC-1967-uttar-pradesh-294,uttar-pradesh,1969,294,GENERALGANJ,GANGA RAM TALWAR,parties.IN.BJS,BJS,13542,28.79,2,lost,U,,,,challenger,src-1b7bc1c9d39a
IN-AC-1967-uttar-pradesh-294,uttar-pradesh,1969,294,GENERALGANJ,SHYAM MISRA,parties.IN.SSP,SSP,11074,23.54,3,lost,U,,,,challenger,src-1b7bc1c9d39a
IN-AC-1967-uttar-pradesh-294,uttar-pradesh,1969,294,GENERALGANJ,BAIJ NATH BAJPAI,parties.IN.BKD,BKD,1743,3.71,4,forfeit,U,,,,challenger,src-1b7bc1c9d39a
IN-AC-1967-uttar-pradesh-294,uttar-pradesh,1969,294,GENERALGANJ,MANNI LAL GUPTA,parties.IN.IND,IND,433,0.92,5,forfeit,U,,,,challenger,src-1b7bc1c9d39a
IN-AC-1967-uttar-pradesh-294,uttar-pradesh,1969,294,GENERALGANJ,SUBHASH CHANDRA BOSE,parties.IN.IND,IND,346,0.74,6,forfeit,U,,,,challenger,src-1b7bc1c9d39a
IN-AC-1967-uttar-pradesh-294,uttar-pradesh,1969,294,GENERALGANJ,MAHESH CHANDRA CHAUDHARI,parties.IN.IND,IND,159,0.34,7,forfeit,U,,,,challenger,src-1b7bc1c9d39a
IN-AC-1967-uttar-pradesh-294,uttar-pradesh,1969,294,GENERALGANJ,KALIKA PRASAD,parties.IN.MAP,MAP,108,0.23,8,forfeit,U,,,,challenger,src-1b7bc1c9d39a
IN-AC-1967-uttar-pradesh-295,uttar-pradesh,1969,295,KANPUR CANTONMENT,MANOHAR LAL,parties.IN.BKD,BKD,25376,53.21,1,won,U,,,,challenger,src-1b7bc1c9d39a
IN-AC-1967-uttar-pradesh-295,uttar-pradesh,1969,295,KANPUR CANTONMENT,DEVI SAHAI BAJPAI,parties.IN.INC,INC,14997,31.45,2,lost,U,,,,challenger,src-1b7bc1c9d39a
IN-AC-1967-uttar-pradesh-295,uttar-pradesh,1969,295,KANPUR CANTONMENT,VASUDEO KAPOOR,parties.IN.BJS,BJS,4778,10.02,3,forfeit,U,,,,challenger,src-1b7bc1c9d39a
IN-AC-1967-uttar-pradesh-295,uttar-pradesh,1969,295,KANPUR CANTONMENT,NANHA SINGH,parties.IN.IND,IND,862,1.81,4,forfeit,U,,,,challenger,src-1b7bc1c9d39a
IN-AC-1967-uttar-pradesh-295,uttar-pradesh,1969,295,KANPUR CANTONMENT,SHIVA MOHAN,parties.IN.RPI,RPI,481,1.01,5,forfeit,U,,,,challenger,src-1b7bc1c9d39a
IN-AC-1967-uttar-pradesh-295,uttar-pradesh,1969,295,KANPUR CANTONMENT,MUNSHI RAZA,parties.IN.IND,IND,472,0.99,6,forfeit,U,,,,challenger,src-1b7bc1c9d39a
IN-AC-1967-uttar-pradesh-295,uttar-pradesh,1969,295,KANPUR CANTONMENT,BHARAT PRASAD,parties.IN.IND,IND,374,0.78,7,forfeit,U,,,,challenger,src-1b7bc1c9d39a
IN-AC-1967-uttar-pradesh-295,uttar-pradesh,1969,295,KANPUR CANTONMENT,KAILASH NATH,parties.IN.MAP,MAP,265,0.56,8,forfeit,U,,,,challenger,src-1b7bc1c9d39a
IN-AC-1967-uttar-pradesh-295,uttar-pradesh,1969,295,KANPUR CANTONMENT,ABDUL RAHMAN,parties.IN.IND,IND,84,0.18,9,forfeit,U,,,,challenger,src-1b7bc1c9d39a
IN-AC-1967-uttar-pradesh-296,uttar-pradesh,1969,296,GOVINDNAGAR,PRABHAKAR TRIPATHI,parties.IN.INC,INC,18510,31.3,1,won,U,,,,challenger,src-1b7bc1c9d39a
IN-AC-1967-uttar-pradesh-296,uttar-pradesh,1969,296,GOVINDNAGAR,HANSDEO SINGH GAUTAM,parties.IN.BJS,BJS,15490,26.2,2,lost,U,,,,challenger,src-1b7bc1c9d39a
IN-AC-1967-uttar-pradesh-296,uttar-pradesh,1969,296,GOVINDNAGAR,SANT SINGH YUSUF,parties.IN.CPI,CPI,14004,23.68,3,lost,U,,,,challenger,src-1b7bc1c9d39a
IN-AC-1967-uttar-pradesh-296,uttar-pradesh,1969,296,GOVINDNAGAR,JAMUNA PRASAD DIXIT,parties.IN.BKD,BKD,8416,14.23,4,forfeit,U,,,,challenger,src-1b7bc1c9d39a
IN-AC-1967-uttar-pradesh-296,uttar-pradesh,1969,296,GOVINDNAGAR,GAURI SHANKAR AHERWAR,parties.IN.RPI,RPI,1516,2.56,5,forfeit,U,,,,challenger,src-1b7bc1c9d39a
IN-AC-1967-uttar-pradesh-296,uttar-pradesh,1969,296,GOVINDNAGAR,JUGUN,parties.IN.IND,IND,305,0.52,6,forfeit,U,,,,challenger,src-1b7bc1c9d39a
IN-AC-1967-uttar-pradesh-296,uttar-pradesh,1969,296,GOVINDNAGAR,SURENDRA CHANDRA,parties.IN.IND,IND,256,0.43,7,forfeit,U,,,,challenger,src-1b7bc1c9d39a
IN-AC-1967-uttar-pradesh-296,uttar-pradesh,1969,296,GOVINDNAGAR,MAHESH PRASAD,parties.IN.MAP,MAP,188,0.32,8,forfeit,U,,,,challenger,src-1b7bc1c9d39a
IN-AC-1967-uttar-pradesh-296,uttar-pradesh,1969,296,GOVINDNAGAR,RAVI PRATAP NARAIN SINGH,parties.IN.IND,IND,160,0.27,9,forfeit,U,,,,challenger,src-1b7bc1c9d39a
IN-AC-1967-uttar-pradesh-296,uttar-pradesh,1969,296,GOVINDNAGAR,PRABHU DAYAL AGRAWAL,parties.IN.IND,IND,150,0.25,10,forfeit,U,,,,challenger,src-1b7bc1c9d39a
IN-AC-1967-uttar-pradesh-296,uttar-pradesh,1969,296,GOVINDNAGAR,NARESH CHAND SRIVASTAVA,parties.IN.RRP,RRP,136,0.23,11,forfeit,U,,,,challenger,src-1b7bc1c9d39a
IN-AC-1967-uttar-pradesh-297,uttar-pradesh,1969,297,KALYANPUR,KRISHNA BAJPAI,parties.IN.BKD,BKD,18582,30.86,1,won,U,,,,challenger,src-1b7bc1c9d39a
IN-AC-1967-uttar-pradesh-297,uttar-pradesh,1969,297,KALYANPUR,S . G . DATTA,parties.IN.INC,INC,18476,30.68,2,lost,U,,,,incumbent,src-1b7bc1c9d39a
IN-AC-1967-uttar-pradesh-297,uttar-pradesh,1969,297,KALYANPUR,BABU RAM SHUKLA,parties.IN.BJS,BJS,15407,25.59,3,lost,U,,,,challenger,src-1b7bc1c9d39a
IN-AC-1967-uttar-pradesh-297,uttar-pradesh,1969,297,KALYANPUR,RAMA KANT,parties.IN.IND,IND,1775,2.95,4,forfeit,U,,,,challenger,src-1b7bc1c9d39a
IN-AC-1967-uttar-pradesh-297,uttar-pradesh,1969,297,KALYANPUR,DEVI CHARAN SINGH PAL,parties.IN.RPI,RPI,1408,2.34,5,forfeit,U,,,,challenger,src-1b7bc1c9d39a
IN-AC-1967-uttar-pradesh-297,uttar-pradesh,1969,297,KALYANPUR,RAM GULAM,parties.IN.IND,IND,1322,2.2,6,forfeit,U,,,,challenger,src-1b7bc1c9d39a
IN-AC-1967-uttar-pradesh-297,uttar-pradesh,1969,297,KALYANPUR,GYANENDRA MISRA,parties.IN.PSP,PSP,1167,1.94,7,forfeit,U,,,,challenger,src-1b7bc1c9d39a
IN-AC-1967-uttar-pradesh-297,uttar-pradesh,1969,297,KALYANPUR,BHAGWANDIN,parties.IN.IND,IND,1045,1.74,8,forfeit,U,,,,challenger,src-1b7bc1c9d39a
IN-AC-1967-uttar-pradesh-297,uttar-pradesh,1969,297,KALYANPUR,R . K . BABA,parties.IN.MAP,MAP,1030,1.71,9,forfeit,U,,,,challenger,src-1b7bc1c9d39a
IN-AC-1967-uttar-pradesh-298,uttar-pradesh,1969,298,SARSAUL,UPENDRA NATH,parties.IN.BKD,BKD,25600,46.52,1,won,U,,,,challenger,src-1b7bc1c9d39a
IN-AC-1967-uttar-pradesh-298,uttar-pradesh,1969,298,SARSAUL,JANG BAHADUR SINGH,parties.IN.INC,INC,25164,45.72,2,lost,U,,,,challenger,src-1b7bc1c9d39a
IN-AC-1967-uttar-pradesh-298,uttar-pradesh,1969,298,SARSAUL,PUTTI LAL YADAV,parties.IN.BJS,BJS,3021,5.49,3,forfeit,U,,,,challenger,src-1b7bc1c9d39a
IN-AC-1967-uttar-pradesh-298,uttar-pradesh,1969,298,SARSAUL,ANOOP DASS,parties.IN.RPI,RPI,1249,2.27,4,forfeit,U,,,,challenger,src-1b7bc1c9d39a
IN-AC-1967-uttar-pradesh-299,uttar-pradesh,1969,299,GHATAMPUR,BENI SINGH,parties.IN.INC,INC,27928,41.64,1,won,U,,,,challenger,src-1b7bc1c9d39a
IN-AC-1967-uttar-pradesh-299,uttar-pradesh,1969,299,GHATAMPUR,SHEO NATH SINGH KUSHWAHA,parties.IN.SSP,SSP,22041,32.86,2,lost,U,,,,challenger,src-1b7bc1c9d39a
IN-AC-1967-uttar-pradesh-299,uttar-pradesh,1969,299,GHATAMPUR,REOTI RAMAN SACHAN,parties.IN.BKD,BKD,10887,16.23,3,forfeit,U,,,,challenger,src-1b7bc1c9d39a
IN-AC-1967-uttar-pradesh-299,uttar-pradesh,1969,299,GHATAMPUR,RAM SAJEEWAN SACHAN,parties.IN.RPI,RPI,2310,3.44,4,forfeit,U,,,,challenger,src-1b7bc1c9d39a
IN-AC-1967-uttar-pradesh-299,uttar-pradesh,1969,299,GHATAMPUR,RAJENDRA KUMARI,parties.IN.BJS,BJS,2045,3.05,5,forfeit,U,,,,challenger,src-1b7bc1c9d39a
IN-AC-1967-uttar-pradesh-299,uttar-pradesh,1969,299,GHATAMPUR,PRATAP SINGH,parties.IN.PSP,PSP,1858,2.77,6,forfeit,U,,,,challenger,src-1b7bc1c9d39a
IN-AC-1967-uttar-pradesh-300,uttar-pradesh,1969,300,BHOGANIPUR,JWALA PRASAD KUREEL,parties.IN.INC,INC,19910,34.13,1,won,U,,,,challenger,src-1b7bc1c9d39a
IN-AC-1967-uttar-pradesh-300,uttar-pradesh,1969,300,BHOGANIPUR,KESHARI LAL,parties.IN.BKD,BKD,19070,32.69,2,lost,U,,,,challenger,src-1b7bc1c9d39a
IN-AC-1967-uttar-pradesh-300,uttar-pradesh,1969,300,BHOGANIPUR,LAL CHAND SANKHWAR,parties.IN.RPI,RPI,10835,18.57,3,lost,U,,,,challenger,src-1b7bc1c9d39a
IN-AC-1967-uttar-pradesh-300,uttar-pradesh,1969,300,BHOGANIPUR,GOVERDHAN LAL SANKHWAR,parties.IN.BJS,BJS,5525,9.47,4,forfeit,U,,,,challenger,src-1b7bc1c9d39a
IN-AC-1967-uttar-pradesh-300,uttar-pradesh,1969,300,BHOGANIPUR,JANKI PRASAD SANKHWAR,parties.IN.SSP,SSP,2996,5.14,5,forfeit,U,,,,challenger,src-1b7bc1c9d39a
IN-AC-1967-uttar-pradesh-301,uttar-pradesh,1969,301,RAJPUR,RAM SWARUP VERMA,parties.IN.IND,IND,36997,56.92,1,won,U,,,,challenger,src-1b7bc1c9d39a
IN-AC-1967-uttar-pradesh-301,uttar-pradesh,1969,301,RAJPUR,RAM DULAREY MISRA,parties.IN.INC,INC,22198,34.15,2,lost,U,,,,challenger,src-1b7bc1c9d39a
IN-AC-1967-uttar-pradesh-301,uttar-pradesh,1969,301,RAJPUR,SHIVA RAM SINGH,parties.IN.SSP,SSP,4113,6.33,3,forfeit,U,,,,challenger,src-1b7bc1c9d39a
IN-AC-1967-uttar-pradesh-301,uttar-pradesh,1969,301,RAJPUR,BAJI LAL,parties.IN.IND,IND,903,1.39,4,forfeit,U,,,,challenger,src-1b7bc1c9d39a
IN-AC-1967-uttar-pradesh-301,uttar-pradesh,1969,301,RAJPUR,GIRISH CHANDRA,parties.IN.BJS,BJS,790,1.22,5,forfeit,U,,,,challenger,src-1b7bc1c9d39a
IN-AC-1967-uttar-pradesh-302,uttar-pradesh,1969,302,SARVANKHERA,RAGHU NATH SINGH,parties.IN.INC,INC,21598,35.09,1,won,U,,,,challenger,src-1b7bc1c9d39a
IN-AC-1967-uttar-pradesh-302,uttar-pradesh,1969,302,SARVANKHERA,DWIJENDRA NATH SHUKLA,parties.IN.BJS,BJS,13031,21.17,2,lost,U,,,,challenger,src-1b7bc1c9d39a
IN-AC-1967-uttar-pradesh-302,uttar-pradesh,1969,302,SARVANKHERA,HAR MOHAN SINGH,parties.IN.BKD,BKD,8479,13.78,3,forfeit,U,,,,challenger,src-1b7bc1c9d39a
IN-AC-1967-uttar-pradesh-302,uttar-pradesh,1969,302,SARVANKHERA,BALWAN SINGH,parties.IN.PSP,PSP,7096,11.53,4,forfeit,U,,,,challenger,src-1b7bc1c9d39a
IN-AC-1967-uttar-pradesh-302,uttar-pradesh,1969,302,SARVANKHERA,DHANI RAM,parties.IN.RPA,RPA,3685,5.99,5,forfeit,U,,,,challenger,src-1b7bc1c9d39a
IN-AC-1967-uttar-pradesh-302,uttar-pradesh,1969,302,SARVANKHERA,RAM AUTAR SINGH,parties.IN.RPI,RPI,3558,5.78,6,forfeit,U,,,,challenger,src-1b7bc1c9d39a
IN-AC-1967-uttar-pradesh-302,uttar-pradesh,1969,302,SARVANKHERA,RANJIT SINGH,parties.IN.CPI,CPI,3049,4.95,7,forfeit,U,,,,challenger,src-1b7bc1c9d39a
IN-AC-1967-uttar-pradesh-302,uttar-pradesh,1969,302,SARVANKHERA,RAO SHEO PAL SINGH CHAUHAN,parties.IN.IND,IND,1047,1.7,8,forfeit,U,,,,challenger,src-1b7bc1c9d39a
IN-AC-1967-uttar-pradesh-303,uttar-pradesh,1969,303,CHAUBEPUR,RAM KUMAR,parties.IN.INC,INC,22575,37.74,1,won,U,,,,challenger,src-1b7bc1c9d39a
IN-AC-1967-uttar-pradesh-303,uttar-pradesh,1969,303,CHAUBEPUR,JAGDISH AWASTHI,parties.IN.SSP,SSP,17793,29.74,2,lost,U,,,,challenger,src-1b7bc1c9d39a
IN-AC-1967-uttar-pradesh-303,uttar-pradesh,1969,303,CHAUBEPUR,JAGESHWAR,parties.IN.BKD,BKD,13743,22.97,3,lost,U,,,,challenger,src-1b7bc1c9d39a
IN-AC-1967-uttar-pradesh-303,uttar-pradesh,1969,303,CHAUBEPUR,DAMODAR PRASAD DUBE,parties.IN.BJS,BJS,3330,5.57,4,forfeit,U,,,,challenger,src-1b7bc1c9d39a
IN-AC-1967-uttar-pradesh-303,uttar-pradesh,1969,303,CHAUBEPUR,SURJAN SINGH,parties.IN.RPI,RPI,1161,1.94,5,forfeit,U,,,,challenger,src-1b7bc1c9d39a
IN-AC-1967-uttar-pradesh-303,uttar-pradesh,1969,303,CHAUBEPUR,BALLJIT SINGH,parties.IN.PSP,PSP,959,1.6,6,forfeit,U,,,,challenger,src-1b7bc1c9d39a
IN-AC-1967-uttar-pradesh-303,uttar-pradesh,1969,303,CHAUBEPUR,UMA SHANKAR,parties.IN.RRP,RRP,264,0.44,7,forfeit,U,,,,challenger,src-1b7bc1c9d39a
IN-AC-1967-uttar-pradesh-304,uttar-pradesh,1969,304,BILHAUR,MOTI LAL DEHALVI,parties.IN.SSP,SSP,14936,37.65,1,won,U,,,,incumbent,src-1b7bc1c9d39a
IN-AC-1967-uttar-pradesh-304,uttar-pradesh,1969,304,BILHAUR,SUNDER LAL,parties.IN.INC,INC,11001,27.73,2,lost,U,,,,challenger,src-1b7bc1c9d39a
IN-AC-1967-uttar-pradesh-304,uttar-pradesh,1969,304,BILHAUR,MURLI DHAR,parties.IN.BKD,BKD,5784,14.58,3,forfeit,U,,,,challenger,src-1b7bc1c9d39a
IN-AC-1967-uttar-pradesh-304,uttar-pradesh,1969,304,BILHAUR,RAM SHANKER AHERWAR,parties.IN.PSP,PSP,5348,13.48,4,forfeit,U,,,,challenger,src-1b7bc1c9d39a
IN-AC-1967-uttar-pradesh-304,uttar-pradesh,1969,304,BILHAUR,KAMTA PRASAD,parties.IN.BJS,BJS,2602,6.56,5,forfeit,U,,,,challenger,src-1b7bc1c9d39a
IN-AC-1967-uttar-pradesh-305,uttar-pradesh,1969,305,DERAPUR,RAM PAL SINGH YADA,parties.IN.SSP,SSP,23939,34.38,1,won,U,,,,challenger,src-1b7bc1c9d39a
IN-AC-1967-uttar-pradesh-305,uttar-pradesh,1969,305,DERAPUR,NITYA NAND PANDEY,parties.IN.INC,INC,20164,28.96,2,lost,U,,,,challenger,src-1b7bc1c9d39a
IN-AC-1967-uttar-pradesh-305,uttar-pradesh,1969,305,DERAPUR,RAGHURAJ SINGH,parties.IN.BJS,BJS,12068,17.33,3,lost,U,,,,challenger,src-1b7bc1c9d39a
IN-AC-1967-uttar-pradesh-305,uttar-pradesh,1969,305,DERAPUR,KESHO RAM,parties.IN.RPI,RPI,7508,10.78,4,forfeit,U,,,,challenger,src-1b7bc1c9d39a
IN-AC-1967-uttar-pradesh-305,uttar-pradesh,1969,305,DERAPUR,PRATAP SINGH,parties.IN.BKD,BKD,4005,5.75,5,forfeit,U,,,,challenger,src-1b7bc1c9d39a
IN-AC-1967-uttar-pradesh-305,uttar-pradesh,1969,305,DERAPUR,CHHOTEY LAL BAJPAI,parties.IN.IND,IND,1948,2.8,6,forfeit,U,,,,challenger,src-1b7bc1c9d39a
IN-AC-1967-uttar-pradesh-306,uttar-pradesh,1969,306,AURAIYA,CHAUHAN BHARAT SINGH,parties.IN.BKD,BKD,19827,30.59,1,won,U,,,,incumbent,src-1b7bc1c9d39a
IN-AC-1967-uttar-pradesh-306,uttar-pradesh,1969,306,AURAIYA,SATYA NARAIN DUBEY,parties.IN.INC,INC,12679,19.56,2,lost,U,,,,challenger,src-1b7bc1c9d39a
IN-AC-1967-uttar-pradesh-306,uttar-pradesh,1969,306,AURAIYA,LAXMI NARAIN TRIPATHI,parties.IN.BJS,BJS,8505,13.12,3,forfeit,U,,,,challenger,src-1b7bc1c9d39a
IN-AC-1967-uttar-pradesh-306,uttar-pradesh,1969,306,AURAIYA,RATI RAM,parties.IN.RPI,RPI,7147,11.03,4,forfeit,U,,,,challenger,src-1b7bc1c9d39a
IN-AC-1967-uttar-pradesh-306,uttar-pradesh,1969,306,AURAIYA,RAM SINGH,parties.IN.IND,IND,6622,10.22,5,forfeit,U,,,,challenger,src-1b7bc1c9d39a
IN-AC-1967-uttar-pradesh-306,uttar-pradesh,1969,306,AURAIYA,SATYA DEO TRIPATHI,parties.IN.SSP,SSP,4341,6.7,6,forfeit,U,,,,challenger,src-1b7bc1c9d39a
IN-AC-1967-uttar-pradesh-306,uttar-pradesh,1969,306,AURAIYA,DUBE BALRAM,parties.IN.CPI,CPI,3138,4.84,7,forfeit,U,,,,challenger,src-1b7bc1c9d39a
IN-AC-1967-uttar-pradesh-306,uttar-pradesh,1969,306,AURAIYA,KRISHNA PAL SINGH,parties.IN.SWA,SWA,2106,3.25,8,forfeit,U,,,,challenger,src-1b7bc1c9d39a
IN-AC-1967-uttar-pradesh-306,uttar-pradesh,1969,306,AURAIYA,BACHCHAN LAL,parties.IN.IND,IND,459,0.71,9,forfeit,U,,,,challenger,src-1b7bc1c9d39a
IN-AC-1967-uttar-pradesh-307,uttar-pradesh,1969,307,AJITMAL,KORI SUKH LAL,parties.IN.INC,INC,12687,29.63,1,won,U,,,,challenger,src-1b7bc1c9d39a
IN-AC-1967-uttar-pradesh-307,uttar-pradesh,1969,307,AJITMAL,MUNSHI LAL ODHRE,parties.IN.BJS,BJS,9069,21.18,2,lost,U,,,,challenger,src-1b7bc1c9d39a
IN-AC-1967-uttar-pradesh-307,uttar-pradesh,1969,307,AJITMAL,SUKHWASI LAL,parties.IN.RPI,RPI,8724,20.38,3,lost,U,,,,challenger,src-1b7bc1c9d39a
IN-AC-1967-uttar-pradesh-307,uttar-pradesh,1969,307,AJITMAL,RAM CHARAN DOHRE,parties.IN.BKD,BKD,8373,19.56,4,lost,U,,,,challenger,src-1b7bc1c9d39a
IN-AC-1967-uttar-pradesh-307,uttar-pradesh,1969,307,AJITMAL,SOBRAN SINGH,parties.IN.SSP,SSP,3962,9.25,5,forfeit,U,,,,challenger,src-1b7bc1c9d39a
IN-AC-1967-uttar-pradesh-308,uttar-pradesh,1969,308,LAKHANA,GHASI RAM,parties.IN.INC,INC,10609,28.72,1,won,U,,,,challenger,src-1b7bc1c9d39a
IN-AC-1967-uttar-pradesh-308,uttar-pradesh,1969,308,LAKHANA,SADA SHEO,parties.IN.SSP,SSP,6709,18.16,2,lost,U,,,,challenger,src-1b7bc1c9d39a
IN-AC-1967-uttar-pradesh-308,uttar-pradesh,1969,308,LAKHANA,KANHAIYA LAL,parties.IN.BKD,BKD,6618,17.92,3,lost,U,,,,challenger,src-1b7bc1c9d39a
IN-AC-1967-uttar-pradesh-308,uttar-pradesh,1969,308,LAKHANA,RANGI LAL,parties.IN.BJS,BJS,6000,16.24,4,forfeit,U,,,,challenger,src-1b7bc1c9d39a
IN-AC-1967-uttar-pradesh-308,uttar-pradesh,1969,308,LAKHANA,JAISI RAM,parties.IN.CPI,CPI,4486,12.14,5,forfeit,U,,,,challenger,src-1b7bc1c9d39a
IN-AC-1967-uttar-pradesh-308,uttar-pradesh,1969,308,LAKHANA,RAM SEWAK,parties.IN.RPI,RPI,2516,6.81,6,forfeit,U,,,,challenger,src-1b7bc1c9d39a
IN-AC-1967-uttar-pradesh-309,uttar-pradesh,1969,309,ETAWAH,AGARWAL HOTI LAL,parties.IN.INC,INC,19629,36.83,1,won,U,,,,challenger,src-1b7bc1c9d39a
IN-AC-1967-uttar-pradesh-309,uttar-pradesh,1969,309,ETAWAH,BHUVANESH BHUSHAN SHARMA,parties.IN.BJS,BJS,13598,25.52,2,lost,U,,,,challenger,src-1b7bc1c9d39a
IN-AC-1967-uttar-pradesh-309,uttar-pradesh,1969,309,ETAWAH,CHAUDHARI GIRJA SHANKER,parties.IN.BKD,BKD,13264,24.89,3,lost,U,,,,challenger,src-1b7bc1c9d39a
IN-AC-1967-uttar-pradesh-309,uttar-pradesh,1969,309,ETAWAH,CHET RAM NIM,parties.IN.RPI,RPI,3969,7.45,4,forfeit,U,,,,challenger,src-1b7bc1c9d39a
IN-AC-1967-uttar-pradesh-309,uttar-pradesh,1969,309,ETAWAH,RAM LAKHAN,parties.IN.IND,IND,1744,3.27,5,forfeit,U,,,,challenger,src-1b7bc1c9d39a
IN-AC-1967-uttar-pradesh-309,uttar-pradesh,1969,309,ETAWAH,RAM BAHADUR,parties.IN.MAP,MAP,1088,2.04,6,forfeit,U,,,,challenger,src-1b7bc1c9d39a
IN-AC-1967-uttar-pradesh-310,uttar-pradesh,1969,310,JASWANTNAGAR,BISHAMBHAR SINGH YADAV,parties.IN.INC,INC,24559,39.65,1,won,U,,,,challenger,src-1b7bc1c9d39a
IN-AC-1967-uttar-pradesh-310,uttar-pradesh,1969,310,JASWANTNAGAR,MULAIM SINGH,parties.IN.SSP,SSP,19282,31.13,2,lost,U,,,,challenger,src-1b7bc1c9d39a
IN-AC-1967-uttar-pradesh-310,uttar-pradesh,1969,310,JASWANTNAGAR,JAISI RAM,parties.IN.BKD,BKD,11650,18.81,3,lost,U,,,,challenger,src-1b7bc1c9d39a
IN-AC-1967-uttar-pradesh-310,uttar-pradesh,1969,310,JASWANTNAGAR,BANSHIDHAR DHANGAR,parties.IN.SWA,SWA,6450,10.41,4,forfeit,U,,,,challenger,src-1b7bc1c9d39a
IN-AC-1967-uttar-pradesh-311,uttar-pradesh,1969,311,BINDHUNA,GAJENDRA SINGH,parties.IN.BKD,BKD,15612,23.82,1,won,U,,,,crossover,src-1b7bc1c9d39a
IN-AC-1967-uttar-pradesh-311,uttar-pradesh,1969,311,BINDHUNA,RAGHUVIR SINGH YADAV,parties.IN.BJS,BJS,15608,23.82,2,lost,U,,,,challenger,src-1b7bc1c9d39a
IN-AC-1967-uttar-pradesh-311,uttar-pradesh,1969,311,BINDHUNA,KUSHWAN RAM PAL SINGH,parties.IN.INC,INC,11204,17.1,3,lost,U,,,,challenger,src-1b7bc1c9d39a
IN-AC-1967-uttar-pradesh-311,uttar-pradesh,1969,311,BINDHUNA,RAMADAR SHASTRI,parties.IN.SSP,SSP,10506,16.03,4,forfeit,U,,,,challenger,src-1b7bc1c9d39a
IN-AC-1967-uttar-pradesh-311,uttar-pradesh,1969,311,BINDHUNA,HIRA LAL DOHRE,parties.IN.RPI,RPI,6277,9.58,5,forfeit,U,,,,challenger,src-1b7bc1c9d39a
IN-AC-1967-uttar-pradesh-311,uttar-pradesh,1969,311,BINDHUNA,TOMAR RAGHUNATH SINGH,parties.IN.IND,IND,4425,6.75,6,forfeit,U,,,,challenger,src-1b7bc1c9d39a
IN-AC-1967-uttar-pradesh-311,uttar-pradesh,1969,311,BINDHUNA,NAND KISHORE,parties.IN.MAP,MAP,1899,2.9,7,forfeit,U,,,,challenger,src-1b7bc1c9d39a
IN-AC-1967-uttar-pradesh-312,uttar-pradesh,1969,312,BHARTHANA,BALRAM SINGH YADAV,parties.IN.INC,INC,22958,38.8,1,won,U,,,,challenger,src-1b7bc1c9d39a
IN-AC-1967-uttar-pradesh-312,uttar-pradesh,1969,312,BHARTHANA,MAHENDRA SINGH,parties.IN.BKD,BKD,14703,24.85,2,lost,U,,,,challenger,src-1b7bc1c9d39a
IN-AC-1967-uttar-pradesh-312,uttar-pradesh,1969,312,BHARTHANA,VANSHIDHAR SHAKYA,parties.IN.BJS,BJS,10492,17.73,3,lost,U,,,,challenger,src-1b7bc1c9d39a
IN-AC-1967-uttar-pradesh-312,uttar-pradesh,1969,312,BHARTHANA,SURAJ PRASAD,parties.IN.SSP,SSP,9458,15.98,4,forfeit,U,,,,challenger,src-1b7bc1c9d39a
IN-AC-1967-uttar-pradesh-312,uttar-pradesh,1969,312,BHARTHANA,NATHU RAM,parties.IN.MAP,MAP,1562,2.64,5,forfeit,U,,,,challenger,src-1b7bc1c9d39a
IN-AC-1967-uttar-pradesh-313,uttar-pradesh,1969,313,KANNAUJ,BEHARI LAL,parties.IN.BKD,BKD,25145,52.97,1,won,U,,,,challenger,src-1b7bc1c9d39a
IN-AC-1967-uttar-pradesh-313,uttar-pradesh,1969,313,KANNAUJ,PATI RAM AHERWAR,parties.IN.INC,INC,15512,32.68,2,lost,U,,,,challenger,src-1b7bc1c9d39a
IN-AC-1967-uttar-pradesh-313,uttar-pradesh,1969,313,KANNAUJ,RAM GULAM,parties.IN.BJS,BJS,6362,13.4,3,forfeit,U,,,,challenger,src-1b7bc1c9d39a
IN-AC-1967-uttar-pradesh-313,uttar-pradesh,1969,313,KANNAUJ,SITA RAM,parties.IN.SSP,SSP,454,0.96,4,forfeit,U,,,,crossover,src-1b7bc1c9d39a
IN-AC-1967-uttar-pradesh-314,uttar-pradesh,1969,314,UMARDHA,RAM RATAN PANDEY,parties.IN.INC,INC,20964,32.97,1,won,U,,,,challenger,src-1b7bc1c9d39a
IN-AC-1967-uttar-pradesh-314,uttar-pradesh,1969,314,UMARDHA,DHARAM PAL SINGH,parties.IN.BJS,BJS,20633,32.45,2,lost,U,,,,challenger,src-1b7bc1c9d39a
IN-AC-1967-uttar-pradesh-314,uttar-pradesh,1969,314,UMARDHA,HORI LAL YADAV,parties.IN.SSP,SSP,15312,24.08,3,lost,U,,,,challenger,src-1b7bc1c9d39a
IN-AC-1967-uttar-pradesh-314,uttar-pradesh,1969,314,UMARDHA,BATESHWER,parties.IN.IND,IND,2155,3.39,4,forfeit,U,,,,challenger,src-1b7bc1c9d39a
IN-AC-1967-uttar-pradesh-314,uttar-pradesh,1969,314,UMARDHA,SARJOO PRASAD,parties.IN.BKD,BKD,1701,2.68,5,forfeit,U,,,,challenger,src-1b7bc1c9d39a
IN-AC-1967-uttar-pradesh-314,uttar-pradesh,1969,314,UMARDHA,PRATAP SINGH,parties.IN.IND,IND,880,1.38,6,forfeit,U,,,,challenger,src-1b7bc1c9d39a
IN-AC-1967-uttar-pradesh-314,uttar-pradesh,1969,314,UMARDHA,RAM SIROMAN,parties.IN.MAP,MAP,725,1.14,7,forfeit,U,,,,challenger,src-1b7bc1c9d39a
IN-AC-1967-uttar-pradesh-314,uttar-pradesh,1969,314,UMARDHA,SONPAL,parties.IN.RPA,RPA,638,1,8,forfeit,U,,,,challenger,src-1b7bc1c9d39a
IN-AC-1967-uttar-pradesh-314,uttar-pradesh,1969,314,UMARDHA,BABU RAM,parties.IN.IND,IND,576,0.91,9,forfeit,U,,,,challenger,src-1b7bc1c9d39a
IN-AC-1967-uttar-pradesh-315,uttar-pradesh,1969,315,CHHIBRAMAU,JAGDISHWAR DAYAL,parties.IN.INC,INC,22690,29.08,1,won,U,,,,challenger,src-1b7bc1c9d39a
IN-AC-1967-uttar-pradesh-315,uttar-pradesh,1969,315,CHHIBRAMAU,RAM PRAKASH TRIPATHI,parties.IN.BJS,BJS,18485,23.69,2,lost,U,,,,incumbent,src-1b7bc1c9d39a
IN-AC-1967-uttar-pradesh-315,uttar-pradesh,1969,315,CHHIBRAMAU,SHAYAM SINGH YADAV,parties.IN.SSP,SSP,17226,22.08,3,lost,U,,,,challenger,src-1b7bc1c9d39a
IN-AC-1967-uttar-pradesh-315,uttar-pradesh,1969,315,CHHIBRAMAU,BADAM SINGH,parties.IN.MAP,MAP,7967,10.21,4,forfeit,U,,,,challenger,src-1b7bc1c9d39a
IN-AC-1967-uttar-pradesh-315,uttar-pradesh,1969,315,CHHIBRAMAU,KOTWAL SINGH BHADAURIA,parties.IN.BKD,BKD,6668,8.55,5,forfeit,U,,,,crossover,src-1b7bc1c9d39a
IN-AC-1967-uttar-pradesh-315,uttar-pradesh,1969,315,CHHIBRAMAU,SURYA PRASAD,parties.IN.IND,IND,1440,1.85,6,forfeit,U,,,,challenger,src-1b7bc1c9d39a
IN-AC-1967-uttar-pradesh-315,uttar-pradesh,1969,315,CHHIBRAMAU,BABU RAM VERMA,parties.IN.IND,IND,879,1.13,7,forfeit,U,,,,challenger,src-1b7bc1c9d39a
IN-AC-1967-uttar-pradesh-315,uttar-pradesh,1969,315,CHHIBRAMAU,SUBEDAR DIWAKAR,parties.IN.IND,IND,872,1.12,8,forfeit,U,,,,challenger,src-1b7bc1c9d39a
IN-AC-1967-uttar-pradesh-315,uttar-pradesh,1969,315,CHHIBRAMAU,PATI RAM SUMAN,parties.IN.RPI,RPI,860,1.1,9,forfeit,U,,,,challenger,src-1b7bc1c9d39a
IN-AC-1967-uttar-pradesh-315,uttar-pradesh,1969,315,CHHIBRAMAU,SONEY LAL,parties.IN.PSP,PSP,631,0.81,10,forfeit,U,,,,challenger,src-1b7bc1c9d39a
IN-AC-1967-uttar-pradesh-315,uttar-pradesh,1969,315,CHHIBRAMAU,MOOL CHAND,parties.IN.IND,IND,295,0.38,11,forfeit,U,,,,challenger,src-1b7bc1c9d39a
IN-AC-1967-uttar-pradesh-316,uttar-pradesh,1969,316,KAMALGANJ,ABDUL SALAM SHAH,parties.IN.INC,INC,21220,31.48,1,won,U,,,,challenger,src-1b7bc1c9d39a
IN-AC-1967-uttar-pradesh-316,uttar-pradesh,1969,316,KAMALGANJ,BABU RAM,parties.IN.BJS,BJS,19899,29.52,2,lost,U,,,,challenger,src-1b7bc1c9d39a
IN-AC-1967-uttar-pradesh-316,uttar-pradesh,1969,316,KAMALGANJ,BALBIR SINGH,parties.IN.BKD,BKD,10986,16.3,3,forfeit,U,,,,challenger,src-1b7bc1c9d39a
IN-AC-1967-uttar-pradesh-316,uttar-pradesh,1969,316,KAMALGANJ,CHIRAUNJI LAL,parties.IN.IND,IND,5898,8.75,4,forfeit,U,,,,challenger,src-1b7bc1c9d39a
IN-AC-1967-uttar-pradesh-316,uttar-pradesh,1969,316,KAMALGANJ,YASHWANT SINGH KATYAR,parties.IN.SSP,SSP,3800,5.64,5,forfeit,U,,,,challenger,src-1b7bc1c9d39a
IN-AC-1967-uttar-pradesh-316,uttar-pradesh,1969,316,KAMALGANJ,MUKAT BEHARI,parties.IN.CPI,CPI,1765,2.62,6,forfeit,U,,,,challenger,src-1b7bc1c9d39a
IN-AC-1967-uttar-pradesh-316,uttar-pradesh,1969,316,KAMALGANJ,RAM NARAIN,parties.IN.IND,IND,919,1.36,7,forfeit,U,,,,challenger,src-1b7bc1c9d39a
IN-AC-1967-uttar-pradesh-316,uttar-pradesh,1969,316,KAMALGANJ,PRAKASH CHANDRA,parties.IN.RPI,RPI,649,0.96,8,forfeit,U,,,,challenger,src-1b7bc1c9d39a
IN-AC-1967-uttar-pradesh-316,uttar-pradesh,1969,316,KAMALGANJ,MOHD. SHAFI KHAN,parties.IN.IND,IND,510,0.76,9,forfeit,U,,,,challenger,src-1b7bc1c9d39a
IN-AC-1967-uttar-pradesh-316,uttar-pradesh,1969,316,KAMALGANJ,MOHD. QAISAR KHAN,parties.IN.CPIM,CPM,460,0.68,10,forfeit,U,,,,challenger,src-1b7bc1c9d39a
IN-AC-1967-uttar-pradesh-316,uttar-pradesh,1969,316,KAMALGANJ,CHHOTEY SINGH,parties.IN.IND,IND,440,0.65,11,forfeit,U,,,,challenger,src-1b7bc1c9d39a
IN-AC-1967-uttar-pradesh-316,uttar-pradesh,1969,316,KAMALGANJ,SUKH LAL,parties.IN.IND,IND,429,0.64,12,forfeit,U,,,,challenger,src-1b7bc1c9d39a
IN-AC-1967-uttar-pradesh-316,uttar-pradesh,1969,316,KAMALGANJ,ZAMIR AHMAD,parties.IN.MAP,MAP,425,0.63,13,forfeit,U,,,,challenger,src-1b7bc1c9d39a
IN-AC-1967-uttar-pradesh-317,uttar-pradesh,1969,317,FARRUKHABAD,MAHARAM SINGH,parties.IN.INC,INC,24604,44.37,1,won,U,,,,challenger,src-1b7bc1c9d39a
IN-AC-1967-uttar-pradesh-317,uttar-pradesh,1969,317,FARRUKHABAD,BADRI VISHAL,parties.IN.BJS,BJS,13424,24.21,2,lost,U,,,,challenger,src-1b7bc1c9d39a
IN-AC-1967-uttar-pradesh-317,uttar-pradesh,1969,317,FARRUKHABAD,BABU SINGH,parties.IN.SSP,SSP,11291,20.36,3,lost,U,,,,challenger,src-1b7bc1c9d39a
IN-AC-1967-uttar-pradesh-317,uttar-pradesh,1969,317,FARRUKHABAD,KANAUJI LAL,parties.IN.RPI,RPI,2849,5.14,4,forfeit,U,,,,challenger,src-1b7bc1c9d39a
IN-AC-1967-uttar-pradesh-317,uttar-pradesh,1969,317,FARRUKHABAD,MUKTA PRASAD,parties.IN.BKD,BKD,2173,3.92,5,forfeit,U,,,,challenger,src-1b7bc1c9d39a
IN-AC-1967-uttar-pradesh-317,uttar-pradesh,1969,317,FARRUKHABAD,MALIKHAN SINGH,parties.IN.PBI,PBI,562,1.01,6,forfeit,U,,,,challenger,src-1b7bc1c9d39a
IN-AC-1967-uttar-pradesh-317,uttar-pradesh,1969,317,FARRUKHABAD,RAM SHANKAR,parties.IN.MAP,MAP,413,0.74,7,forfeit,U,,,,challenger,src-1b7bc1c9d39a
IN-AC-1967-uttar-pradesh-317,uttar-pradesh,1969,317,FARRUKHABAD,HAKIM A . JALIL,parties.IN.RPA,RPA,131,0.24,8,forfeit,U,,,,challenger,src-1b7bc1c9d39a
IN-AC-1967-uttar-pradesh-318,uttar-pradesh,1969,318,KAIMGANJ,SIYA RAM GANGWAR,parties.IN.INC,INC,22164,30.6,1,won,U,,,,challenger,src-1b7bc1c9d39a
IN-AC-1967-uttar-pradesh-318,uttar-pradesh,1969,318,KAIMGANJ,MUSHTAQ HASAN KHAN,parties.IN.RPI,RPI,13836,19.1,2,lost,U,,,,challenger,src-1b7bc1c9d39a
IN-AC-1967-uttar-pradesh-318,uttar-pradesh,1969,318,KAIMGANJ,GIRISH CHANDRA TEWARI,parties.IN.BJS,BJS,13011,17.96,3,lost,U,,,,challenger,src-1b7bc1c9d39a
IN-AC-1967-uttar-pradesh-318,uttar-pradesh,1969,318,KAIMGANJ,MALIKHAN SINGH,parties.IN.BKD,BKD,12004,16.57,4,forfeit,U,,,,challenger,src-1b7bc1c9d39a
IN-AC-1967-uttar-pradesh-318,uttar-pradesh,1969,318,KAIMGANJ,TIKA RAM,parties.IN.CPI,CPI,7717,10.65,5,forfeit,U,,,,challenger,src-1b7bc1c9d39a
IN-AC-1967-uttar-pradesh-318,uttar-pradesh,1969,318,KAIMGANJ,DESH RAJ,parties.IN.SSP,SSP,1908,2.63,6,forfeit,U,,,,challenger,src-1b7bc1c9d39a
IN-AC-1967-uttar-pradesh-318,uttar-pradesh,1969,318,KAIMGANJ,BHARAT SINGH,parties.IN.PSP,PSP,1033,1.43,7,forfeit,U,,,,challenger,src-1b7bc1c9d39a
IN-AC-1967-uttar-pradesh-318,uttar-pradesh,1969,318,KAIMGANJ,BANSH GOPAL,parties.IN.PBI,PBI,767,1.06,8,forfeit,U,,,,challenger,src-1b7bc1c9d39a
IN-AC-1967-uttar-pradesh-319,uttar-pradesh,1969,319,MOHAMMADABAD,VIDYAWATI,parties.IN.INC,INC,40698,53.54,1,won,U,,,,challenger,src-1b7bc1c9d39a
IN-AC-1967-uttar-pradesh-319,uttar-pradesh,1969,319,MOHAMMADABAD,RAJENDRA SINGH YADAV,parties.IN.BKD,BKD,32649,42.95,2,lost,U,,,,challenger,src-1b7bc1c9d39a
IN-AC-1967-uttar-pradesh-319,uttar-pradesh,1969,319,MOHAMMADABAD,NATTHU LAL,parties.IN.RPA,RPA,1350,1.78,3,forfeit,U,,,,challenger,src-1b7bc1c9d39a
IN-AC-1967-uttar-pradesh-319,uttar-pradesh,1969,319,MOHAMMADABAD,PRAKASH,parties.IN.PBI,PBI,1322,1.74,4,forfeit,U,,,,challenger,src-1b7bc1c9d39a
IN-AC-1967-uttar-pradesh-320,uttar-pradesh,1969,320,MANIKPUR,SIYA DULARI,parties.IN.INC,INC,19585,50.97,1,won,U,,,,challenger,src-1b7bc1c9d39a
IN-AC-1967-uttar-pradesh-320,uttar-pradesh,1969,320,MANIKPUR,BODHAN PRASAD MAHAWAR,parties.IN.BKD,BKD,11489,29.9,2,lost,U,,,,challenger,src-1b7bc1c9d39a
IN-AC-1967-uttar-pradesh-320,uttar-pradesh,1969,320,MANIKPUR,NANKOO BHAI,parties.IN.CPI,CPI,4151,10.8,3,forfeit,U,,,,challenger,src-1b7bc1c9d39a
IN-AC-1967-uttar-pradesh-320,uttar-pradesh,1969,320,MANIKPUR,LALLOO RAM,parties.IN.PSP,PSP,3198,8.32,4,forfeit,U,,,,challenger,src-1b7bc1c9d39a
IN-AC-1967-uttar-pradesh-321,uttar-pradesh,1969,321,KARWI,RADHA KRISHNA GOSWAMI,parties.IN.INC,INC,19526,37.42,1,won,U,,,,challenger,src-1b7bc1c9d39a
IN-AC-1967-uttar-pradesh-321,uttar-pradesh,1969,321,KARWI,RAM SAJIWAN,parties.IN.CPI,CPI,17204,32.97,2,lost,U,,,,challenger,src-1b7bc1c9d39a
IN-AC-1967-uttar-pradesh-321,uttar-pradesh,1969,321,KARWI,JAGPAT SINGH,parties.IN.BJS,BJS,12861,24.64,3,lost,U,,,,challenger,src-1b7bc1c9d39a
IN-AC-1967-uttar-pradesh-321,uttar-pradesh,1969,321,KARWI,PREM CHANDRA,parties.IN.IND,IND,1508,2.89,4,forfeit,U,,,,challenger,src-1b7bc1c9d39a
IN-AC-1967-uttar-pradesh-321,uttar-pradesh,1969,321,KARWI,JAGDISH PRASAD KARWARIA,parties.IN.BKD,BKD,1087,2.08,5,forfeit,U,,,,challenger,src-1b7bc1c9d39a
IN-AC-1967-uttar-pradesh-322,uttar-pradesh,1969,322,BABERU,DURJAN,parties.IN.CPI,CPI,22977,40.9,1,won,U,,,,challenger,src-1b7bc1c9d39a
IN-AC-1967-uttar-pradesh-322,uttar-pradesh,1969,322,BABERU,ARJUN SINGH,parties.IN.INC,INC,16466,29.31,2,lost,U,,,,challenger,src-1b7bc1c9d39a
IN-AC-1967-uttar-pradesh-322,uttar-pradesh,1969,322,BABERU,JABBAR SINGH,parties.IN.BJS,BJS,9823,17.48,3,lost,U,,,,challenger,src-1b7bc1c9d39a
IN-AC-1967-uttar-pradesh-322,uttar-pradesh,1969,322,BABERU,CHUNNA,parties.IN.RPI,RPI,4072,7.25,4,forfeit,U,,,,challenger,src-1b7bc1c9d39a
IN-AC-1967-uttar-pradesh-322,uttar-pradesh,1969,322,BABERU,KAMAL KUMAR,parties.IN.BKD,BKD,1285,2.29,5,forfeit,U,,,,challenger,src-1b7bc1c9d39a
IN-AC-1967-uttar-pradesh-322,uttar-pradesh,1969,322,BABERU,HOLLA,parties.IN.IND,IND,800,1.42,6,forfeit,U,,,,challenger,src-1b7bc1c9d39a
IN-AC-1967-uttar-pradesh-322,uttar-pradesh,1969,322,BABERU,BARHEY RAM,parties.IN.SSP,SSP,560,1,7,forfeit,U,,,,challenger,src-1b7bc1c9d39a
IN-AC-1967-uttar-pradesh-322,uttar-pradesh,1969,322,BABERU,RAM SANEHI,parties.IN.IND,IND,197,0.35,8,forfeit,U,,,,challenger,src-1b7bc1c9d39a
IN-AC-1967-uttar-pradesh-323,uttar-pradesh,1969,323,NARAINI,HARBANSH PRASAD,parties.IN.INC,INC,19535,33.42,1,won,U,,,,challenger,src-1b7bc1c9d39a
IN-AC-1967-uttar-pradesh-323,uttar-pradesh,1969,323,NARAINI,R . K . G . PRAPANNA BAJPAI,parties.IN.BJS,BJS,11495,19.66,2,lost,U,,,,challenger,src-1b7bc1c9d39a
IN-AC-1967-uttar-pradesh-323,uttar-pradesh,1969,323,NARAINI,ASADUZZMAN,parties.IN.CPI,CPI,8990,15.38,3,forfeit,U,,,,challenger,src-1b7bc1c9d39a
IN-AC-1967-uttar-pradesh-323,uttar-pradesh,1969,323,NARAINI,CHANDRABHAN SINGH AZAD,parties.IN.SSP,SSP,8509,14.56,4,forfeit,U,,,,challenger,src-1b7bc1c9d39a
IN-AC-1967-uttar-pradesh-323,uttar-pradesh,1969,323,NARAINI,JAGANNATH,parties.IN.BKD,BKD,5470,9.36,5,forfeit,U,,,,challenger,src-1b7bc1c9d39a
IN-AC-1967-uttar-pradesh-323,uttar-pradesh,1969,323,NARAINI,PARSAN,parties.IN.RPI,RPI,4459,7.63,6,forfeit,U,,,,challenger,src-1b7bc1c9d39a
IN-AC-1967-uttar-pradesh-324,uttar-pradesh,1969,324,BANDA,MAHIRAJ DHWAJ SINGH,parties.IN.INC,INC,21471,38.28,1,won,U,,,,challenger,src-1b7bc1c9d39a
IN-AC-1967-uttar-pradesh-324,uttar-pradesh,1969,324,BANDA,JAMUANA PRASAD,parties.IN.PSP,PSP,14721,26.25,2,lost,U,,,,challenger,src-1b7bc1c9d39a
IN-AC-1967-uttar-pradesh-324,uttar-pradesh,1969,324,BANDA,SHEO RAM,parties.IN.CPI,CPI,8119,14.47,3,forfeit,U,,,,challenger,src-1b7bc1c9d39a
IN-AC-1967-uttar-pradesh-324,uttar-pradesh,1969,324,BANDA,GAURI SHANKER SARRAF,parties.IN.BJS,BJS,6368,11.35,4,forfeit,U,,,,challenger,src-1b7bc1c9d39a
IN-AC-1967-uttar-pradesh-324,uttar-pradesh,1969,324,BANDA,JAGDEO,parties.IN.IND,IND,2797,4.99,5,forfeit,U,,,,challenger,src-1b7bc1c9d39a
IN-AC-1967-uttar-pradesh-324,uttar-pradesh,1969,324,BANDA,MOOL CHAND,parties.IN.RPI,RPI,966,1.72,6,forfeit,U,,,,challenger,src-1b7bc1c9d39a
IN-AC-1967-uttar-pradesh-324,uttar-pradesh,1969,324,BANDA,CHUNNU LAL,parties.IN.MAP,MAP,846,1.51,7,forfeit,U,,,,challenger,src-1b7bc1c9d39a
IN-AC-1967-uttar-pradesh-324,uttar-pradesh,1969,324,BANDA,GIRJA PRASAD,parties.IN.IND,IND,598,1.07,8,forfeit,U,,,,challenger,src-1b7bc1c9d39a
IN-AC-1967-uttar-pradesh-324,uttar-pradesh,1969,324,BANDA,ALI MEHDI,parties.IN.IND,IND,204,0.36,9,forfeit,U,,,,challenger,src-1b7bc1c9d39a
IN-AC-1967-uttar-pradesh-325,uttar-pradesh,1969,325,HAMIRPUR,PRATAP NARAIN,parties.IN.INC,INC,25165,41.04,1,won,U,,,,challenger,src-1b7bc1c9d39a
IN-AC-1967-uttar-pradesh-325,uttar-pradesh,1969,325,HAMIRPUR,BAJRANGBALI BRAHMACHARI,parties.IN.BJS,BJS,12158,19.83,2,lost,U,,,,challenger,src-1b7bc1c9d39a
IN-AC-1967-uttar-pradesh-325,uttar-pradesh,1969,325,HAMIRPUR,BABU SINGH,parties.IN.BKD,BKD,7956,12.97,3,forfeit,U,,,,challenger,src-1b7bc1c9d39a
IN-AC-1967-uttar-pradesh-325,uttar-pradesh,1969,325,HAMIRPUR,LAKSHMI CHAND,parties.IN.IND,IND,6676,10.89,4,forfeit,U,,,,challenger,src-1b7bc1c9d39a
IN-AC-1967-uttar-pradesh-325,uttar-pradesh,1969,325,HAMIRPUR,PRATAPI,parties.IN.CPI,CPI,4455,7.26,5,forfeit,U,,,,challenger,src-1b7bc1c9d39a
IN-AC-1967-uttar-pradesh-325,uttar-pradesh,1969,325,HAMIRPUR,LAXMI SHANKAR,parties.IN.IND,IND,1762,2.87,6,forfeit,U,,,,challenger,src-1b7bc1c9d39a
IN-AC-1967-uttar-pradesh-325,uttar-pradesh,1969,325,HAMIRPUR,SIDDHAGOPAL SINGH,parties.IN.IND,IND,1661,2.71,7,forfeit,U,,,,challenger,src-1b7bc1c9d39a
IN-AC-1967-uttar-pradesh-325,uttar-pradesh,1969,325,HAMIRPUR,YADUNATH SINGH,parties.IN.SSP,SSP,1018,1.66,8,forfeit,U,,,,crossover,src-1b7bc1c9d39a
IN-AC-1967-uttar-pradesh-325,uttar-pradesh,1969,325,HAMIRPUR,DIGVIJAY SINGH,parties.IN.PBI,PBI,471,0.77,9,forfeit,U,,,,challenger,src-1b7bc1c9d39a
IN-AC-1967-uttar-pradesh-326,uttar-pradesh,1969,326,MAUDAHA,BRAJ RAJ SINGH,parties.IN.INC,INC,36050,60.87,1,won,U,,,,challenger,src-1b7bc1c9d39a
IN-AC-1967-uttar-pradesh-326,uttar-pradesh,1969,326,MAUDAHA,SHEO NARAIN SINGH,parties.IN.BJS,BJS,9916,16.74,2,lost,U,,,,challenger,src-1b7bc1c9d39a
IN-AC-1967-uttar-pradesh-326,uttar-pradesh,1969,326,MAUDAHA,GURU DAS MUKHERJI,parties.IN.CPI,CPI,5842,9.86,3,forfeit,U,,,,challenger,src-1b7bc1c9d39a
IN-AC-1967-uttar-pradesh-326,uttar-pradesh,1969,326,MAUDAHA,MURLI,parties.IN.IND,IND,3557,6.01,4,forfeit,U,,,,challenger,src-1b7bc1c9d39a
IN-AC-1967-uttar-pradesh-326,uttar-pradesh,1969,326,MAUDAHA,BADLOO RAM,parties.IN.RPI,RPI,2399,4.05,5,forfeit,U,,,,challenger,src-1b7bc1c9d39a
IN-AC-1967-uttar-pradesh-326,uttar-pradesh,1969,326,MAUDAHA,SUKHLLAL SINGH,parties.IN.SSP,SSP,1035,1.75,6,forfeit,U,,,,challenger,src-1b7bc1c9d39a
IN-AC-1967-uttar-pradesh-326,uttar-pradesh,1969,326,MAUDAHA,SWAMI PRASAD SHARMA,parties.IN.PBI,PBI,427,0.72,7,forfeit,U,,,,challenger,src-1b7bc1c9d39a
IN-AC-1967-uttar-pradesh-327,uttar-pradesh,1969,327,RATH,SWAMI PRASAD SINGH,parties.IN.INC,INC,20060,35.55,1,won,U,,,,challenger,src-1b7bc1c9d39a
IN-AC-1967-uttar-pradesh-327,uttar-pradesh,1969,327,RATH,RAM SRI RAJPUT,parties.IN.BJS,BJS,14427,25.57,2,lost,U,,,,challenger,src-1b7bc1c9d39a
IN-AC-1967-uttar-pradesh-327,uttar-pradesh,1969,327,RATH,BAL KRISHNA,parties.IN.BKD,BKD,12638,22.4,3,lost,U,,,,challenger,src-1b7bc1c9d39a
IN-AC-1967-uttar-pradesh-327,uttar-pradesh,1969,327,RATH,JAGNANDAN,parties.IN.IND,IND,3183,5.64,4,forfeit,U,,,,challenger,src-1b7bc1c9d39a
IN-AC-1967-uttar-pradesh-327,uttar-pradesh,1969,327,RATH,CHHOTE LAL,parties.IN.IND,IND,1923,3.41,5,forfeit,U,,,,challenger,src-1b7bc1c9d39a
IN-AC-1967-uttar-pradesh-327,uttar-pradesh,1969,327,RATH,KRISHNA,parties.IN.IND,IND,1553,2.75,6,forfeit,U,,,,challenger,src-1b7bc1c9d39a
IN-AC-1967-uttar-pradesh-327,uttar-pradesh,1969,327,RATH,BANSHIDHAR,parties.IN.SSP,SSP,1337,2.37,7,forfeit,U,,,,challenger,src-1b7bc1c9d39a
IN-AC-1967-uttar-pradesh-327,uttar-pradesh,1969,327,RATH,KAMTA PRASAD,parties.IN.IND,IND,1305,2.31,8,forfeit,U,,,,challenger,src-1b7bc1c9d39a
IN-AC-1967-uttar-pradesh-328,uttar-pradesh,1969,328,CHARKHARI,CHANDRA NARAIN SINGH,parties.IN.BJS,BJS,16216,30.81,1,won,U,,,,challenger,src-1b7bc1c9d39a
IN-AC-1967-uttar-pradesh-328,uttar-pradesh,1969,328,CHARKHARI,RAJENDRA KUMAR,parties.IN.INC,INC,15892,30.19,2,lost,U,,,,challenger,src-1b7bc1c9d39a
IN-AC-1967-uttar-pradesh-328,uttar-pradesh,1969,328,CHARKHARI,MOONGA LAL,parties.IN.CPI,CPI,7590,14.42,3,forfeit,U,,,,challenger,src-1b7bc1c9d39a
IN-AC-1967-uttar-pradesh-328,uttar-pradesh,1969,328,CHARKHARI,BHAGWAN DAS BALENDU,parties.IN.BKD,BKD,7199,13.68,4,forfeit,U,,,,challenger,src-1b7bc1c9d39a
IN-AC-1967-uttar-pradesh-328,uttar-pradesh,1969,328,CHARKHARI,BINDA PD.,parties.IN.IND,IND,3812,7.24,5,forfeit,U,,,,challenger,src-1b7bc1c9d39a
IN-AC-1967-uttar-pradesh-328,uttar-pradesh,1969,328,CHARKHARI,RAM GOPAL,parties.IN.IND,IND,1102,2.09,6,forfeit,U,,,,challenger,src-1b7bc1c9d39a
IN-AC-1967-uttar-pradesh-328,uttar-pradesh,1969,328,CHARKHARI,RAM SAHAI GOSWAMI,parties.IN.IND,IND,828,1.57,7,forfeit,U,,,,challenger,src-1b7bc1c9d39a
IN-AC-1967-uttar-pradesh-329,uttar-pradesh,1969,329,MAHOBA,MOHAN LAL,parties.IN.INC,INC,15863,40.01,1,won,U,,,,challenger,src-1b7bc1c9d39a
IN-AC-1967-uttar-pradesh-329,uttar-pradesh,1969,329,MAHOBA,RAJA RAM,parties.IN.BKD,BKD,15739,39.7,2,lost,U,,,,challenger,src-1b7bc1c9d39a
IN-AC-1967-uttar-pradesh-329,uttar-pradesh,1969,329,MAHOBA,ZORAWAR VERMA,parties.IN.BJS,BJS,5492,13.85,3,forfeit,U,,,,challenger,src-1b7bc1c9d39a
IN-AC-1967-uttar-pradesh-329,uttar-pradesh,1969,329,MAHOBA,SHAMBHOO DAYAL,parties.IN.CPI,CPI,2555,6.44,4,forfeit,U,,,,challenger,src-1b7bc1c9d39a
IN-AC-1967-uttar-pradesh-330,uttar-pradesh,1969,330,MEHRONI,KRISHNA CHANDRA,parties.IN.INC,INC,32045,48,1,won,U,,,,challenger,src-1b7bc1c9d39a
IN-AC-1967-uttar-pradesh-330,uttar-pradesh,1969,330,MEHRONI,RAGHUNATH SINGH,parties.IN.BJS,BJS,23884,35.78,2,lost,U,,,,challenger,src-1b7bc1c9d39a
IN-AC-1967-uttar-pradesh-330,uttar-pradesh,1969,330,MEHRONI,INDRAPAL SINGH,parties.IN.BKD,BKD,7991,11.97,3,forfeit,U,,,,challenger,src-1b7bc1c9d39a
IN-AC-1967-uttar-pradesh-330,uttar-pradesh,1969,330,MEHRONI,GANPAT,parties.IN.IND,IND,2836,4.25,4,forfeit,U,,,,challenger,src-1b7bc1c9d39a
IN-AC-1967-uttar-pradesh-331,uttar-pradesh,1969,331,LALITPUR,BHAGWAT DAYAL,parties.IN.BJS,BJS,20045,37.33,1,won,U,,,,challenger,src-1b7bc1c9d39a
IN-AC-1967-uttar-pradesh-331,uttar-pradesh,1969,331,LALITPUR,RADHEY LAL,parties.IN.INC,INC,18430,34.32,2,lost,U,,,,challenger,src-1b7bc1c9d39a
IN-AC-1967-uttar-pradesh-331,uttar-pradesh,1969,331,LALITPUR,BHAGIRATH,parties.IN.CPI,CPI,7650,14.25,3,forfeit,U,,,,challenger,src-1b7bc1c9d39a
IN-AC-1967-uttar-pradesh-331,uttar-pradesh,1969,331,LALITPUR,NARAIN DASS,parties.IN.SSP,SSP,5850,10.89,4,forfeit,U,,,,challenger,src-1b7bc1c9d39a
IN-AC-1967-uttar-pradesh-331,uttar-pradesh,1969,331,LALITPUR,AYODHYA PRASAD,parties.IN.BKD,BKD,1728,3.22,5,forfeit,U,,,,crossover,src-1b7bc1c9d39a
IN-AC-1967-uttar-pradesh-332,uttar-pradesh,1969,332,JHANSI,JAGMOHAN VERMA,parties.IN.BKD,BKD,16705,36.09,1,won,U,,,,challenger,src-1b7bc1c9d39a
IN-AC-1967-uttar-pradesh-332,uttar-pradesh,1969,332,JHANSI,KRISHNA CHANDRA PENGORIA,parties.IN.INC,INC,15712,33.95,2,lost,U,,,,challenger,src-1b7bc1c9d39a
IN-AC-1967-uttar-pradesh-332,uttar-pradesh,1969,332,JHANSI,BACHCHI LAL,parties.IN.BJS,BJS,10416,22.51,3,lost,U,,,,challenger,src-1b7bc1c9d39a
IN-AC-1967-uttar-pradesh-332,uttar-pradesh,1969,332,JHANSI,LAKHPAT RAM SHARMA,parties.IN.IND,IND,1692,3.66,4,forfeit,U,,,,challenger,src-1b7bc1c9d39a
IN-AC-1967-uttar-pradesh-332,uttar-pradesh,1969,332,JHANSI,RAJA LAL VYAS,parties.IN.MAP,MAP,878,1.9,5,forfeit,U,,,,challenger,src-1b7bc1c9d39a
IN-AC-1967-uttar-pradesh-332,uttar-pradesh,1969,332,JHANSI,KISHORI LAL,parties.IN.IND,IND,442,0.95,6,forfeit,U,,,,challenger,src-1b7bc1c9d39a
IN-AC-1967-uttar-pradesh-332,uttar-pradesh,1969,332,JHANSI,BABU LAL SAHU,parties.IN.SSP,SSP,291,0.63,7,forfeit,U,,,,challenger,src-1b7bc1c9d39a
IN-AC-1967-uttar-pradesh-332,uttar-pradesh,1969,332,JHANSI,MOHD. MUSHTAQ RIZVI,parties.IN.IND,IND,147,0.32,8,forfeit,U,,,,challenger,src-1b7bc1c9d39a
IN-AC-1967-uttar-pradesh-333,uttar-pradesh,1969,333,BABINA,SUDAMA PRASAD,parties.IN.INC,INC,19653,33.52,1,won,U,,,,challenger,src-1b7bc1c9d39a
IN-AC-1967-uttar-pradesh-333,uttar-pradesh,1969,333,BABINA,SURAT SINGH YADAV,parties.IN.BJS,BJS,15443,26.34,2,lost,U,,,,challenger,src-1b7bc1c9d39a
IN-AC-1967-uttar-pradesh-333,uttar-pradesh,1969,333,BABINA,CHANDRABHAN SINGH,parties.IN.BKD,BKD,10050,17.14,3,lost,U,,,,challenger,src-1b7bc1c9d39a
IN-AC-1967-uttar-pradesh-333,uttar-pradesh,1969,333,BABINA,CHANDAN SINGH,parties.IN.CPI,CPI,7808,13.32,4,forfeit,U,,,,challenger,src-1b7bc1c9d39a
IN-AC-1967-uttar-pradesh-333,uttar-pradesh,1969,333,BABINA,MUNNA,parties.IN.IND,IND,3139,5.35,5,forfeit,U,,,,challenger,src-1b7bc1c9d39a
IN-AC-1967-uttar-pradesh-333,uttar-pradesh,1969,333,BABINA,BANSHI,parties.IN.IND,IND,1530,2.61,6,forfeit,U,,,,challenger,src-1b7bc1c9d39a
IN-AC-1967-uttar-pradesh-333,uttar-pradesh,1969,333,BABINA,SARSWATI DEVI GURUDEVA,parties.IN.MAP,MAP,1002,1.71,7,forfeit,U,,,,challenger,src-1b7bc1c9d39a
IN-AC-1967-uttar-pradesh-334,uttar-pradesh,1969,334,MAURANIPUR,PREM NARAIN,parties.IN.BJS,BJS,25723,45.34,1,won,U,,,,challenger,src-1b7bc1c9d39a
IN-AC-1967-uttar-pradesh-334,uttar-pradesh,1969,334,MAURANIPUR,BENI BAI,parties.IN.INC,INC,25478,44.91,2,lost,U,,,,challenger,src-1b7bc1c9d39a
IN-AC-1967-uttar-pradesh-334,uttar-pradesh,1969,334,MAURANIPUR,PHOOLA DEVI,parties.IN.BKD,BKD,3198,5.64,3,forfeit,U,,,,challenger,src-1b7bc1c9d39a
IN-AC-1967-uttar-pradesh-334,uttar-pradesh,1969,334,MAURANIPUR,PRABHOO,parties.IN.IND,IND,1638,2.89,4,forfeit,U,,,,challenger,src-1b7bc1c9d39a
IN-AC-1967-uttar-pradesh-334,uttar-pradesh,1969,334,MAURANIPUR,SURAJ BHAN,parties.IN.HMS,HMS,699,1.23,5,forfeit,U,,,,challenger,src-1b7bc1c9d39a
IN-AC-1967-uttar-pradesh-335,uttar-pradesh,1969,335,GAROUTHA,ATMA RAM GOVIND KHER,parties.IN.INC,INC,26540,39.96,1,won,U,,,,challenger,src-1b7bc1c9d39a
IN-AC-1967-uttar-pradesh-335,uttar-pradesh,1969,335,GAROUTHA,BHAGWAN DASS,parties.IN.BKD,BKD,21760,32.77,2,lost,U,,,,challenger,src-1b7bc1c9d39a
IN-AC-1967-uttar-pradesh-335,uttar-pradesh,1969,335,GAROUTHA,VISHWANATH SINGH,parties.IN.BJS,BJS,12699,19.12,3,lost,U,,,,challenger,src-1b7bc1c9d39a
IN-AC-1967-uttar-pradesh-335,uttar-pradesh,1969,335,GAROUTHA,THAKUR DAS,parties.IN.RPI,RPI,2513,3.78,4,forfeit,U,,,,challenger,src-1b7bc1c9d39a
IN-AC-1967-uttar-pradesh-335,uttar-pradesh,1969,335,GAROUTHA,BHAWANI PRASAD,parties.IN.IND,IND,1634,2.46,5,forfeit,U,,,,challenger,src-1b7bc1c9d39a
IN-AC-1967-uttar-pradesh-335,uttar-pradesh,1969,335,GAROUTHA,NARAIN DASS VERMA,parties.IN.SSP,SSP,1263,1.9,6,forfeit,U,,,,challenger,src-1b7bc1c9d39a
IN-AC-1967-uttar-pradesh-336,uttar-pradesh,1969,336,KONCH,BASANT LAL,parties.IN.INC,INC,22837,42.38,1,won,U,,,,challenger,src-1b7bc1c9d39a
IN-AC-1967-uttar-pradesh-336,uttar-pradesh,1969,336,KONCH,JWALA PRASAD AHIRWAR,parties.IN.BJS,BJS,21304,39.53,2,lost,U,,,,challenger,src-1b7bc1c9d39a
IN-AC-1967-uttar-pradesh-336,uttar-pradesh,1969,336,KONCH,GHAN SHYAM SINGH,parties.IN.BKD,BKD,9749,18.09,3,lost,U,,,,challenger,src-1b7bc1c9d39a
IN-AC-1967-uttar-pradesh-337,uttar-pradesh,1969,337,ORAI,CHATURBHUJ SHARMA,parties.IN.INC,INC,26766,39.45,1,won,U,,,,challenger,src-1b7bc1c9d39a
IN-AC-1967-uttar-pradesh-337,uttar-pradesh,1969,337,ORAI,SURENDRA PAL SINGH,parties.IN.BKD,BKD,25979,38.29,2,lost,U,,,,challenger,src-1b7bc1c9d39a
IN-AC-1967-uttar-pradesh-337,uttar-pradesh,1969,337,ORAI,BANWARI LAL,parties.IN.SSP,SSP,5073,7.48,3,forfeit,U,,,,challenger,src-1b7bc1c9d39a
IN-AC-1967-uttar-pradesh-337,uttar-pradesh,1969,337,ORAI,SHOBHA,parties.IN.RPI,RPI,2953,4.35,4,forfeit,U,,,,challenger,src-1b7bc1c9d39a
IN-AC-1967-uttar-pradesh-337,uttar-pradesh,1969,337,ORAI,YAGYA DUTTA,parties.IN.PSP,PSP,2527,3.72,5,forfeit,U,,,,challenger,src-1b7bc1c9d39a
IN-AC-1967-uttar-pradesh-337,uttar-pradesh,1969,337,ORAI,SUKHLAL,parties.IN.IND,IND,2442,3.6,6,forfeit,U,,,,challenger,src-1b7bc1c9d39a
IN-AC-1967-uttar-pradesh-337,uttar-pradesh,1969,337,ORAI,RADHA KANT SHUKLA,parties.IN.IND,IND,1489,2.19,7,forfeit,U,,,,challenger,src-1b7bc1c9d39a
IN-AC-1967-uttar-pradesh-337,uttar-pradesh,1969,337,ORAI,MAKUND LAL,parties.IN.IND,IND,616,0.91,8,forfeit,U,,,,challenger,src-1b7bc1c9d39a
IN-AC-1967-uttar-pradesh-338,uttar-pradesh,1969,338,KALPI,SHEO SAMPATTI,parties.IN.INC,INC,21880,34.26,1,won,U,,,,challenger,src-1b7bc1c9d39a
IN-AC-1967-uttar-pradesh-338,uttar-pradesh,1969,338,KALPI,CHOUDHRY SHANKER SINGH,parties.IN.BJS,BJS,18531,29.02,2,lost,U,,,,challenger,src-1b7bc1c9d39a
IN-AC-1967-uttar-pradesh-338,uttar-pradesh,1969,338,KALPI,GOVIND NARAIN,parties.IN.IND,IND,10194,15.96,3,forfeit,U,,,,challenger,src-1b7bc1c9d39a
IN-AC-1967-uttar-pradesh-338,uttar-pradesh,1969,338,KALPI,TAQDIR SINGH,parties.IN.IND,IND,6106,9.56,4,forfeit,U,,,,challenger,src-1b7bc1c9d39a
IN-AC-1967-uttar-pradesh-338,uttar-pradesh,1969,338,KALPI,MANNI LAL AGARWAL,parties.IN.SSP,SSP,3387,5.3,5,forfeit,U,,,,crossover,src-1b7bc1c9d39a
IN-AC-1967-uttar-pradesh-338,uttar-pradesh,1969,338,KALPI,RAM NARAIN,parties.IN.BKD,BKD,2486,3.89,6,forfeit,U,,,,challenger,src-1b7bc1c9d39a
IN-AC-1967-uttar-pradesh-338,uttar-pradesh,1969,338,KALPI,RADHEY LAL,parties.IN.RPI,RPI,1281,2.01,7,forfeit,U,,,,challenger,src-1b7bc1c9d39a
IN-AC-1967-uttar-pradesh-339,uttar-pradesh,1969,339,MADHOGARH,CHITTAR SINGH,parties.IN.IND,IND,30712,46.47,1,won,U,,,,challenger,src-1b7bc1c9d39a
IN-AC-1967-uttar-pradesh-339,uttar-pradesh,1969,339,MADHOGARH,DAL CHAND,parties.IN.RPI,RPI,13521,20.46,2,lost,U,,,,challenger,src-1b7bc1c9d39a
IN-AC-1967-uttar-pradesh-339,uttar-pradesh,1969,339,MADHOGARH,RAJKUMARI DEVI,parties.IN.INC,INC,11835,17.91,3,lost,U,,,,challenger,src-1b7bc1c9d39a
IN-AC-1967-uttar-pradesh-339,uttar-pradesh,1969,339,MADHOGARH,RAMDAS,parties.IN.BKD,BKD,6740,10.2,4,forfeit,U,,,,challenger,src-1b7bc1c9d39a
IN-AC-1967-uttar-pradesh-339,uttar-pradesh,1969,339,MADHOGARH,BALRAM VAIDYA,parties.IN.MAP,MAP,1404,2.12,5,forfeit,U,,,,challenger,src-1b7bc1c9d39a
IN-AC-1967-uttar-pradesh-339,uttar-pradesh,1969,339,MADHOGARH,RADHEY SHYAM,parties.IN.CPI,CPI,1002,1.52,6,forfeit,U,,,,challenger,src-1b7bc1c9d39a
IN-AC-1967-uttar-pradesh-339,uttar-pradesh,1969,339,MADHOGARH,DAMRU LAL,parties.IN.IND,IND,879,1.33,7,forfeit,U,,,,challenger,src-1b7bc1c9d39a
IN-AC-1967-uttar-pradesh-340,uttar-pradesh,1969,340,BHONGAON,SUBEDAR SINGH,parties.IN.BKD,BKD,22415,36.41,1,won,U,,,,challenger,src-1b7bc1c9d39a
IN-AC-1967-uttar-pradesh-340,uttar-pradesh,1969,340,BHONGAON,JAGDISH NARAIN TRIPATHI,parties.IN.CPI,CPI,14974,24.32,2,lost,U,,,,challenger,src-1b7bc1c9d39a
IN-AC-1967-uttar-pradesh-340,uttar-pradesh,1969,340,BHONGAON,DHARMENDRA NARAIN PANDEY,parties.IN.INC,INC,13635,22.15,3,lost,U,,,,challenger,src-1b7bc1c9d39a
IN-AC-1967-uttar-pradesh-340,uttar-pradesh,1969,340,BHONGAON,HARI RAM SAKYA,parties.IN.BJS,BJS,10544,17.13,4,lost,U,,,,challenger,src-1b7bc1c9d39a
IN-AC-1967-uttar-pradesh-341,uttar-pradesh,1969,341,KISHNI,SHEO BUX SINGH,parties.IN.INC,INC,25587,40.3,1,won,U,,,,challenger,src-1b7bc1c9d39a
IN-AC-1967-uttar-pradesh-341,uttar-pradesh,1969,341,KISHNI,SHEO RAJ SINGH,parties.IN.SSP,SSP,15691,24.72,2,lost,U,,,,challenger,src-1b7bc1c9d39a
IN-AC-1967-uttar-pradesh-341,uttar-pradesh,1969,341,KISHNI,BHIM SEN,parties.IN.BKD,BKD,8498,13.39,3,forfeit,U,,,,challenger,src-1b7bc1c9d39a
IN-AC-1967-uttar-pradesh-341,uttar-pradesh,1969,341,KISHNI,LALA RAM,parties.IN.RPI,RPI,4919,7.75,4,forfeit,U,,,,challenger,src-1b7bc1c9d39a
IN-AC-1967-uttar-pradesh-341,uttar-pradesh,1969,341,KISHNI,ALKESH SINGH,parties.IN.SWA,SWA,3478,5.48,5,forfeit,U,,,,challenger,src-1b7bc1c9d39a
IN-AC-1967-uttar-pradesh-341,uttar-pradesh,1969,341,KISHNI,UDAI BHAN SINGH,parties.IN.PBI,PBI,2162,3.41,6,forfeit,U,,,,challenger,src-1b7bc1c9d39a
IN-AC-1967-uttar-pradesh-341,uttar-pradesh,1969,341,KISHNI,VIRBABO,parties.IN.BJS,BJS,1261,1.99,7,forfeit,U,,,,challenger,src-1b7bc1c9d39a
IN-AC-1967-uttar-pradesh-341,uttar-pradesh,1969,341,KISHNI,JODHAN SINGH,parties.IN.IND,IND,962,1.52,8,forfeit,U,,,,challenger,src-1b7bc1c9d39a
IN-AC-1967-uttar-pradesh-341,uttar-pradesh,1969,341,KISHNI,RAM SEWAK,parties.IN.IND,IND,564,0.89,9,forfeit,U,,,,challenger,src-1b7bc1c9d39a
IN-AC-1967-uttar-pradesh-341,uttar-pradesh,1969,341,KISHNI,TALE SINGH,parties.IN.IND,IND,362,0.57,10,forfeit,U,,,,challenger,src-1b7bc1c9d39a
IN-AC-1967-uttar-pradesh-342,uttar-pradesh,1969,342,KARHAL,MUNSHILAL CHAMAR,parties.IN.SWA,SWA,22562,47.99,1,won,U,,,,challenger,src-1b7bc1c9d39a
IN-AC-1967-uttar-pradesh-342,uttar-pradesh,1969,342,KARHAL,RAM SINGH,parties.IN.BJS,BJS,7826,16.65,2,forfeit,U,,,,crossover,src-1b7bc1c9d39a
IN-AC-1967-uttar-pradesh-342,uttar-pradesh,1969,342,KARHAL,ARYAN HAMMIR SINGH,parties.IN.INC,INC,5834,12.41,3,forfeit,U,,,,challenger,src-1b7bc1c9d39a
IN-AC-1967-uttar-pradesh-342,uttar-pradesh,1969,342,KARHAL,MANGAL CHANDRA,parties.IN.BKD,BKD,5203,11.07,4,forfeit,U,,,,challenger,src-1b7bc1c9d39a
IN-AC-1967-uttar-pradesh-342,uttar-pradesh,1969,342,KARHAL,RADHEY,parties.IN.PBI,PBI,3436,7.31,5,forfeit,U,,,,challenger,src-1b7bc1c9d39a
IN-AC-1967-uttar-pradesh-342,uttar-pradesh,1969,342,KARHAL,RAM SINGH S/O CHET RAM,parties.IN.IND,IND,1269,2.7,6,forfeit,U,,,,challenger,src-1b7bc1c9d39a
IN-AC-1967-uttar-pradesh-342,uttar-pradesh,1969,342,KARHAL,MITHOO LAL,parties.IN.IND,IND,458,0.97,7,forfeit,U,,,,challenger,src-1b7bc1c9d39a
IN-AC-1967-uttar-pradesh-342,uttar-pradesh,1969,342,KARHAL,HOTI LAL,parties.IN.IND,IND,422,0.9,8,forfeit,U,,,,challenger,src-1b7bc1c9d39a
IN-AC-1967-uttar-pradesh-343,uttar-pradesh,1969,343,SHIKOHABAD,MANSA RAM,parties.IN.BKD,BKD,26823,45.71,1,won,U,,,,challenger,src-1b7bc1c9d39a
IN-AC-1967-uttar-pradesh-343,uttar-pradesh,1969,343,SHIKOHABAD,HAKIM SINGH,parties.IN.INC,INC,22307,38.01,2,lost,U,,,,challenger,src-1b7bc1c9d39a
IN-AC-1967-uttar-pradesh-343,uttar-pradesh,1969,343,SHIKOHABAD,DATA RAM,parties.IN.IND,IND,5740,9.78,3,forfeit,U,,,,challenger,src-1b7bc1c9d39a
IN-AC-1967-uttar-pradesh-343,uttar-pradesh,1969,343,SHIKOHABAD,VIRENDRA SINGH,parties.IN.IND,IND,987,1.68,4,forfeit,U,,,,challenger,src-1b7bc1c9d39a
IN-AC-1967-uttar-pradesh-343,uttar-pradesh,1969,343,SHIKOHABAD,RAJENDRA SINGH,parties.IN.IND,IND,976,1.66,5,forfeit,U,,,,challenger,src-1b7bc1c9d39a
IN-AC-1967-uttar-pradesh-343,uttar-pradesh,1969,343,SHIKOHABAD,JAGDISH SINGH,parties.IN.BJS,BJS,703,1.2,6,forfeit,U,,,,challenger,src-1b7bc1c9d39a
IN-AC-1967-uttar-pradesh-343,uttar-pradesh,1969,343,SHIKOHABAD,KRISHAN DIXIT,parties.IN.SSP,SSP,693,1.18,7,forfeit,U,,,,challenger,src-1b7bc1c9d39a
IN-AC-1967-uttar-pradesh-343,uttar-pradesh,1969,343,SHIKOHABAD,JAIDEO SINGH ARYA,parties.IN.IND,IND,458,0.78,8,forfeit,U,,,,challenger,src-1b7bc1c9d39a
IN-AC-1967-uttar-pradesh-344,uttar-pradesh,1969,344,JASRANA,RAGHU NATH SINGH VERMA,parties.IN.INC,INC,24579,35.3,1,won,U,,,,challenger,src-1b7bc1c9d39a
IN-AC-1967-uttar-pradesh-344,uttar-pradesh,1969,344,JASRANA,JAIDAN SINGH,parties.IN.BKD,BKD,23206,33.33,2,lost,U,,,,challenger,src-1b7bc1c9d39a
IN-AC-1967-uttar-pradesh-344,uttar-pradesh,1969,344,JASRANA,BALBIR SINGH,parties.IN.SWA,SWA,16163,23.21,3,lost,U,,,,challenger,src-1b7bc1c9d39a
IN-AC-1967-uttar-pradesh-344,uttar-pradesh,1969,344,JASRANA,SHYAM VIR SINGH,parties.IN.BJS,BJS,2795,4.01,4,forfeit,U,,,,challenger,src-1b7bc1c9d39a
IN-AC-1967-uttar-pradesh-344,uttar-pradesh,1969,344,JASRANA,DEEN DAYAL,parties.IN.IND,IND,2004,2.88,5,forfeit,U,,,,challenger,src-1b7bc1c9d39a
IN-AC-1967-uttar-pradesh-344,uttar-pradesh,1969,344,JASRANA,SWAMI SIDH MUNI,parties.IN.IND,IND,885,1.27,6,forfeit,U,,,,challenger,src-1b7bc1c9d39a
IN-AC-1967-uttar-pradesh-345,uttar-pradesh,1969,345,GHIROR,RAGHU VIR SINGH YADAV,parties.IN.BKD,BKD,21544,41.46,1,won,U,,,,challenger,src-1b7bc1c9d39a
IN-AC-1967-uttar-pradesh-345,uttar-pradesh,1969,345,GHIROR,GANDARF SINGH,parties.IN.BJS,BJS,9534,18.35,2,lost,U,,,,challenger,src-1b7bc1c9d39a
IN-AC-1967-uttar-pradesh-345,uttar-pradesh,1969,345,GHIROR,LALLU SINGH CHAUMAN,parties.IN.IND,IND,7195,13.85,3,forfeit,U,,,,challenger,src-1b7bc1c9d39a
IN-AC-1967-uttar-pradesh-345,uttar-pradesh,1969,345,GHIROR,UDAI VIR SINGH,parties.IN.INC,INC,6865,13.21,4,forfeit,U,,,,challenger,src-1b7bc1c9d39a
IN-AC-1967-uttar-pradesh-345,uttar-pradesh,1969,345,GHIROR,HUKUM SINGH,parties.IN.RPI,RPI,4200,8.08,5,forfeit,U,,,,challenger,src-1b7bc1c9d39a
IN-AC-1967-uttar-pradesh-345,uttar-pradesh,1969,345,GHIROR,SOBARAN SINGH,parties.IN.SSP,SSP,1830,3.52,6,forfeit,U,,,,challenger,src-1b7bc1c9d39a
IN-AC-1967-uttar-pradesh-345,uttar-pradesh,1969,345,GHIROR,VIJAI BAHADUR SINGH,parties.IN.SWA,SWA,797,1.53,7,forfeit,U,,,,challenger,src-1b7bc1c9d39a
IN-AC-1967-uttar-pradesh-346,uttar-pradesh,1969,346,MAINPURI,MALIKHAN SINGH,parties.IN.BJS,BJS,14180,25.29,1,won,U,,,,challenger,src-1b7bc1c9d39a
IN-AC-1967-uttar-pradesh-346,uttar-pradesh,1969,346,MAINPURI,BADSHAH GUPTA,parties.IN.INC,INC,13409,23.92,2,lost,U,,,,challenger,src-1b7bc1c9d39a
IN-AC-1967-uttar-pradesh-346,uttar-pradesh,1969,346,MAINPURI,HAWALDAR SINGH VERMA,parties.IN.BKD,BKD,13014,23.21,3,lost,U,,,,challenger,src-1b7bc1c9d39a
IN-AC-1967-uttar-pradesh-346,uttar-pradesh,1969,346,MAINPURI,RAM NATH,parties.IN.CPIM,CPM,11464,20.45,4,lost,U,,,,challenger,src-1b7bc1c9d39a
IN-AC-1967-uttar-pradesh-346,uttar-pradesh,1969,346,MAINPURI,RAMPAL SINGH CHAUHAN,parties.IN.PBI,PBI,1217,2.17,5,forfeit,U,,,,challenger,src-1b7bc1c9d39a
IN-AC-1967-uttar-pradesh-346,uttar-pradesh,1969,346,MAINPURI,NATHU RAM,parties.IN.RPI,RPI,1159,2.07,6,forfeit,U,,,,challenger,src-1b7bc1c9d39a
IN-AC-1967-uttar-pradesh-346,uttar-pradesh,1969,346,MAINPURI,LALU SINGH CHAUHAN,parties.IN.IND,IND,604,1.08,7,forfeit,U,,,,challenger,src-1b7bc1c9d39a
IN-AC-1967-uttar-pradesh-346,uttar-pradesh,1969,346,MAINPURI,NARENDRA SINGH VAIDYA,parties.IN.IND,IND,445,0.79,8,forfeit,U,,,,challenger,src-1b7bc1c9d39a
IN-AC-1967-uttar-pradesh-346,uttar-pradesh,1969,346,MAINPURI,PATI RAM,parties.IN.IND,IND,389,0.69,9,forfeit,U,,,,challenger,src-1b7bc1c9d39a
IN-AC-1967-uttar-pradesh-346,uttar-pradesh,1969,346,MAINPURI,BRAHMA PRAKASH BADHAN,parties.IN.IND,IND,184,0.33,10,forfeit,U,,,,challenger,src-1b7bc1c9d39a
IN-AC-1967-uttar-pradesh-347,uttar-pradesh,1969,347,ALIGANJ,SATISH CHANDRA,parties.IN.BJS,BJS,24938,32.69,1,won,U,,,,challenger,src-1b7bc1c9d39a
IN-AC-1967-uttar-pradesh-347,uttar-pradesh,1969,347,ALIGANJ,LATOORI SINGH,parties.IN.INC,INC,24884,32.62,2,lost,U,,,,challenger,src-1b7bc1c9d39a
IN-AC-1967-uttar-pradesh-347,uttar-pradesh,1969,347,ALIGANJ,MUNSHI LAL,parties.IN.RPI,RPI,15873,20.81,3,lost,U,,,,challenger,src-1b7bc1c9d39a
IN-AC-1967-uttar-pradesh-347,uttar-pradesh,1969,347,ALIGANJ,RAGHUBIR SINGH,parties.IN.BKD,BKD,8344,10.94,4,forfeit,U,,,,challenger,src-1b7bc1c9d39a
IN-AC-1967-uttar-pradesh-347,uttar-pradesh,1969,347,ALIGANJ,MAHARAJ SINGH,parties.IN.SWA,SWA,1007,1.32,5,forfeit,U,,,,challenger,src-1b7bc1c9d39a
IN-AC-1967-uttar-pradesh-347,uttar-pradesh,1969,347,ALIGANJ,SARVAJIT SINGH,parties.IN.PBI,PBI,803,1.05,6,forfeit,U,,,,challenger,src-1b7bc1c9d39a
IN-AC-1967-uttar-pradesh-347,uttar-pradesh,1969,347,ALIGANJ,HIRALAL,parties.IN.IND,IND,430,0.56,7,forfeit,U,,,,challenger,src-1b7bc1c9d39a
IN-AC-1967-uttar-pradesh-348,uttar-pradesh,1969,348,PATIALI,TIRMAL SINGH,parties.IN.BKD,BKD,21507,32.44,1,won,U,,,,challenger,src-1b7bc1c9d39a
IN-AC-1967-uttar-pradesh-348,uttar-pradesh,1969,348,PATIALI,BANARSI DAS,parties.IN.INC,INC,15651,23.6,2,lost,U,,,,challenger,src-1b7bc1c9d39a
IN-AC-1967-uttar-pradesh-348,uttar-pradesh,1969,348,PATIALI,RAJENDRA SINGH,parties.IN.BJS,BJS,14906,22.48,3,lost,U,,,,challenger,src-1b7bc1c9d39a
IN-AC-1967-uttar-pradesh-348,uttar-pradesh,1969,348,PATIALI,DAL CHAND,parties.IN.RPI,RPI,8778,13.24,4,forfeit,U,,,,challenger,src-1b7bc1c9d39a
IN-AC-1967-uttar-pradesh-348,uttar-pradesh,1969,348,PATIALI,HARISH CHANDRA,parties.IN.RPA,RPA,2525,3.81,5,forfeit,U,,,,challenger,src-1b7bc1c9d39a
IN-AC-1967-uttar-pradesh-348,uttar-pradesh,1969,348,PATIALI,RAM SINGH,parties.IN.IND,IND,1070,1.61,6,forfeit,U,,,,challenger,src-1b7bc1c9d39a
IN-AC-1967-uttar-pradesh-348,uttar-pradesh,1969,348,PATIALI,ARYENDRA KUMAR,parties.IN.IND,IND,714,1.08,7,forfeit,U,,,,challenger,src-1b7bc1c9d39a
IN-AC-1967-uttar-pradesh-348,uttar-pradesh,1969,348,PATIALI,MANNI LAL,parties.IN.PBI,PBI,618,0.93,8,forfeit,U,,,,challenger,src-1b7bc1c9d39a
IN-AC-1967-uttar-pradesh-348,uttar-pradesh,1969,348,PATIALI,GOHAR ALI KHAN,parties.IN.IND,IND,294,0.44,9,forfeit,U,,,,challenger,src-1b7bc1c9d39a
IN-AC-1967-uttar-pradesh-348,uttar-pradesh,1969,348,PATIALI,MOHD. MASHKOOR ULLAH,parties.IN.IND,IND,244,0.37,10,forfeit,U,,,,challenger,src-1b7bc1c9d39a
IN-AC-1967-uttar-pradesh-349,uttar-pradesh,1969,349,SAKIT,BADAN SINGH,parties.IN.BKD,BKD,21808,34.89,1,won,U,,,,challenger,src-1b7bc1c9d39a
IN-AC-1967-uttar-pradesh-349,uttar-pradesh,1969,349,SAKIT,CHHOTEY LAL PALIWAL,parties.IN.INC,INC,17086,27.34,2,lost,U,,,,challenger,src-1b7bc1c9d39a
IN-AC-1967-uttar-pradesh-349,uttar-pradesh,1969,349,SAKIT,ROHAN LAL,parties.IN.RPI,RPI,11206,17.93,3,lost,U,,,,challenger,src-1b7bc1c9d39a
IN-AC-1967-uttar-pradesh-349,uttar-pradesh,1969,349,SAKIT,YOGENDRAPAL SINGH,parties.IN.PSP,PSP,7388,11.82,4,forfeit,U,,,,challenger,src-1b7bc1c9d39a
IN-AC-1967-uttar-pradesh-349,uttar-pradesh,1969,349,SAKIT,RAM DAS,parties.IN.BJS,BJS,5014,8.02,5,forfeit,U,,,,challenger,src-1b7bc1c9d39a
IN-AC-1967-uttar-pradesh-350,uttar-pradesh,1969,350,SORON,SIYA RAM,parties.IN.BJS,BJS,29819,55.29,1,won,U,,,,incumbent,src-1b7bc1c9d39a
IN-AC-1967-uttar-pradesh-350,uttar-pradesh,1969,350,SORON,BHOLA NATH,parties.IN.INC,INC,16512,30.62,2,lost,U,,,,challenger,src-1b7bc1c9d39a
IN-AC-1967-uttar-pradesh-350,uttar-pradesh,1969,350,SORON,BEDRI LAL,parties.IN.BKD,BKD,4642,8.61,3,forfeit,U,,,,challenger,src-1b7bc1c9d39a
IN-AC-1967-uttar-pradesh-350,uttar-pradesh,1969,350,SORON,RAJA RAM,parties.IN.RPI,RPI,2960,5.49,4,forfeit,U,,,,challenger,src-1b7bc1c9d39a
IN-AC-1967-uttar-pradesh-351,uttar-pradesh,1969,351,KASGANJ,NETRAM SINGH,parties.IN.BJS,BJS,21663,34.64,1,won,U,,,,challenger,src-1b7bc1c9d39a
IN-AC-1967-uttar-pradesh-351,uttar-pradesh,1969,351,KASGANJ,KALI CHARAN,parties.IN.INC,INC,19597,31.34,2,lost,U,,,,challenger,src-1b7bc1c9d39a
IN-AC-1967-uttar-pradesh-351,uttar-pradesh,1969,351,KASGANJ,JAI SINGH,parties.IN.BKD,BKD,14888,23.81,3,lost,U,,,,challenger,src-1b7bc1c9d39a
IN-AC-1967-uttar-pradesh-351,uttar-pradesh,1969,351,KASGANJ,GIRWAR PRASAD,parties.IN.RPI,RPI,4595,7.35,4,forfeit,U,,,,crossover,src-1b7bc1c9d39a
IN-AC-1967-uttar-pradesh-351,uttar-pradesh,1969,351,KASGANJ,KALI CHARAN,parties.IN.IND,IND,942,1.51,5,forfeit,U,,,,challenger,src-1b7bc1c9d39a
IN-AC-1967-uttar-pradesh-351,uttar-pradesh,1969,351,KASGANJ,MISHRI LAL,parties.IN.PBI,PBI,546,0.87,6,forfeit,U,,,,challenger,src-1b7bc1c9d39a
IN-AC-1967-uttar-pradesh-351,uttar-pradesh,1969,351,KASGANJ,ANAND PRAKASH,parties.IN.IND,IND,299,0.48,7,forfeit,U,,,,challenger,src-1b7bc1c9d39a
IN-AC-1967-uttar-pradesh-352,uttar-pradesh,1969,352,ETAH,GANGA PRASAD,parties.IN.INC,INC,28775,44.19,1,won,U,,,,crossover,src-1b7bc1c9d39a
IN-AC-1967-uttar-pradesh-352,uttar-pradesh,1969,352,ETAH,DEVRAJ,parties.IN.BJS,BJS,25872,39.73,2,lost,U,,,,challenger,src-1b7bc1c9d39a
IN-AC-1967-uttar-pradesh-352,uttar-pradesh,1969,352,ETAH,GANGADHAR,parties.IN.RPI,RPI,5916,9.09,3,forfeit,U,,,,challenger,src-1b7bc1c9d39a
IN-AC-1967-uttar-pradesh-352,uttar-pradesh,1969,352,ETAH,MAKKHAN SINGH,parties.IN.PBI,PBI,2658,4.08,4,forfeit,U,,,,challenger,src-1b7bc1c9d39a
IN-AC-1967-uttar-pradesh-352,uttar-pradesh,1969,352,ETAH,SURAJ PAL SINGH,parties.IN.BKD,BKD,1444,2.22,5,forfeit,U,,,,challenger,src-1b7bc1c9d39a
IN-AC-1967-uttar-pradesh-352,uttar-pradesh,1969,352,ETAH,LAJPAT SINGH ARYA,parties.IN.MAP,MAP,448,0.69,6,forfeit,U,,,,challenger,src-1b7bc1c9d39a
IN-AC-1967-uttar-pradesh-353,uttar-pradesh,1969,353,NIDHAULI KALAN,GANGA SINGH,parties.IN.BKD,BKD,15969,27.23,1,won,U,,,,challenger,src-1b7bc1c9d39a
IN-AC-1967-uttar-pradesh-353,uttar-pradesh,1969,353,NIDHAULI KALAN,JODH PAL SINGH,parties.IN.BJS,BJS,14044,23.95,2,lost,U,,,,challenger,src-1b7bc1c9d39a
IN-AC-1967-uttar-pradesh-353,uttar-pradesh,1969,353,NIDHAULI KALAN,RAGHUBIR SINGH,parties.IN.INC,INC,13729,23.41,3,lost,U,,,,challenger,src-1b7bc1c9d39a
IN-AC-1967-uttar-pradesh-353,uttar-pradesh,1969,353,NIDHAULI KALAN,NANNU MAL,parties.IN.RPI,RPI,5017,8.55,4,forfeit,U,,,,challenger,src-1b7bc1c9d39a
IN-AC-1967-uttar-pradesh-353,uttar-pradesh,1969,353,NIDHAULI KALAN,PANNA LAL,parties.IN.RPA,RPA,2641,4.5,5,forfeit,U,,,,challenger,src-1b7bc1c9d39a
IN-AC-1967-uttar-pradesh-353,uttar-pradesh,1969,353,NIDHAULI KALAN,NETRA PAL SINGH,parties.IN.PBI,PBI,2224,3.79,6,forfeit,U,,,,challenger,src-1b7bc1c9d39a
IN-AC-1967-uttar-pradesh-353,uttar-pradesh,1969,353,NIDHAULI KALAN,KUNDAN LAL,parties.IN.SWA,SWA,1412,2.41,7,forfeit,U,,,,challenger,src-1b7bc1c9d39a
IN-AC-1967-uttar-pradesh-353,uttar-pradesh,1969,353,NIDHAULI KALAN,HARI DAS,parties.IN.HMS,HMS,1285,2.19,8,forfeit,U,,,,challenger,src-1b7bc1c9d39a
IN-AC-1967-uttar-pradesh-353,uttar-pradesh,1969,353,NIDHAULI KALAN,JANKI DEVI,parties.IN.IND,IND,847,1.44,9,forfeit,U,,,,challenger,src-1b7bc1c9d39a
IN-AC-1967-uttar-pradesh-353,uttar-pradesh,1969,353,NIDHAULI KALAN,RAMESH CHANDRA,parties.IN.IND,IND,764,1.3,10,forfeit,U,,,,challenger,src-1b7bc1c9d39a
IN-AC-1967-uttar-pradesh-353,uttar-pradesh,1969,353,NIDHAULI KALAN,BABU SINGH,parties.IN.MAP,MAP,714,1.22,11,forfeit,U,,,,challenger,src-1b7bc1c9d39a
IN-AC-1967-uttar-pradesh-354,uttar-pradesh,1969,354,JALESAR,CHIRANJI LAL,parties.IN.BKD,BKD,12222,30.03,1,won,U,,,,challenger,src-1b7bc1c9d39a
IN-AC-1967-uttar-pradesh-354,uttar-pradesh,1969,354,JALESAR,MUKANDI LAL,parties.IN.INC,INC,12218,30.02,2,lost,U,,,,challenger,src-1b7bc1c9d39a
IN-AC-1967-uttar-pradesh-354,uttar-pradesh,1969,354,JALESAR,MADHAW SINGH,parties.IN.BJS,BJS,6397,15.72,3,forfeit,U,,,,challenger,src-1b7bc1c9d39a
IN-AC-1967-uttar-pradesh-354,uttar-pradesh,1969,354,JALESAR,KHAJANCHI LAL,parties.IN.SWA,SWA,3660,8.99,4,forfeit,U,,,,challenger,src-1b7bc1c9d39a
IN-AC-1967-uttar-pradesh-354,uttar-pradesh,1969,354,JALESAR,HIRA LAL,parties.IN.RPI,RPI,2742,6.74,5,forfeit,U,,,,challenger,src-1b7bc1c9d39a
IN-AC-1967-uttar-pradesh-354,uttar-pradesh,1969,354,JALESAR,SATYA VIR,parties.IN.SSP,SSP,1785,4.39,6,forfeit,U,,,,challenger,src-1b7bc1c9d39a
IN-AC-1967-uttar-pradesh-354,uttar-pradesh,1969,354,JALESAR,PEARY LAL,parties.IN.PBI,PBI,941,2.31,7,forfeit,U,,,,challenger,src-1b7bc1c9d39a
IN-AC-1967-uttar-pradesh-354,uttar-pradesh,1969,354,JALESAR,NATHI LAL,parties.IN.RPA,RPA,734,1.8,8,forfeit,U,,,,challenger,src-1b7bc1c9d39a
IN-AC-1967-uttar-pradesh-355,uttar-pradesh,1969,355,FIROZABAD,RAJA RAM,parties.IN.IND,IND,31541,44.61,1,won,U,,,,incumbent,src-1b7bc1c9d39a
IN-AC-1967-uttar-pradesh-355,uttar-pradesh,1969,355,FIROZABAD,BAL BEHARI LAL,parties.IN.INC,INC,12705,17.97,2,lost,U,,,,challenger,src-1b7bc1c9d39a
IN-AC-1967-uttar-pradesh-355,uttar-pradesh,1969,355,FIROZABAD,RAGHUBAR DAYAL VERMA,parties.IN.SSP,SSP,6681,9.45,3,forfeit,U,,,,challenger,src-1b7bc1c9d39a
IN-AC-1967-uttar-pradesh-355,uttar-pradesh,1969,355,FIROZABAD,JAGDISH PD. UPADHIYAY,parties.IN.BJS,BJS,6490,9.18,4,forfeit,U,,,,challenger,src-1b7bc1c9d39a
IN-AC-1967-uttar-pradesh-355,uttar-pradesh,1969,355,FIROZABAD,BHAGWAN DASS YADVENDU,parties.IN.RPI,RPI,6056,8.56,5,forfeit,U,,,,challenger,src-1b7bc1c9d39a
IN-AC-1967-uttar-pradesh-355,uttar-pradesh,1969,355,FIROZABAD,MUGAL BEG,parties.IN.IND,IND,3053,4.32,6,forfeit,U,,,,challenger,src-1b7bc1c9d39a
IN-AC-1967-uttar-pradesh-355,uttar-pradesh,1969,355,FIROZABAD,SANAK SINGH,parties.IN.BKD,BKD,2602,3.68,7,forfeit,U,,,,challenger,src-1b7bc1c9d39a
IN-AC-1967-uttar-pradesh-355,uttar-pradesh,1969,355,FIROZABAD,KESHAV DEO,parties.IN.SWA,SWA,944,1.34,8,forfeit,U,,,,challenger,src-1b7bc1c9d39a
IN-AC-1967-uttar-pradesh-355,uttar-pradesh,1969,355,FIROZABAD,CHAKRAVATI,parties.IN.PBI,PBI,225,0.32,9,forfeit,U,,,,challenger,src-1b7bc1c9d39a
IN-AC-1967-uttar-pradesh-355,uttar-pradesh,1969,355,FIROZABAD,RAM NATH,parties.IN.IND,IND,173,0.24,10,forfeit,U,,,,challenger,src-1b7bc1c9d39a
IN-AC-1967-uttar-pradesh-355,uttar-pradesh,1969,355,FIROZABAD,ASHFAQ ALI,parties.IN.CPI,CPI,137,0.19,11,forfeit,U,,,,challenger,src-1b7bc1c9d39a
IN-AC-1967-uttar-pradesh-355,uttar-pradesh,1969,355,FIROZABAD,MUNSHI LAL GOSWAMI,parties.IN.AIFB,FBL,104,0.15,12,forfeit,U,,,,challenger,src-1b7bc1c9d39a
IN-AC-1967-uttar-pradesh-356,uttar-pradesh,1969,356,BAH,RAM CHARAN,parties.IN.SWA,SWA,15070,37.44,1,won,U,,,,challenger,src-1b7bc1c9d39a
IN-AC-1967-uttar-pradesh-356,uttar-pradesh,1969,356,BAH,CHHATRAPATI AMBESH,parties.IN.INC,INC,13611,33.81,2,lost,U,,,,challenger,src-1b7bc1c9d39a
IN-AC-1967-uttar-pradesh-356,uttar-pradesh,1969,356,BAH,RAM DAS,parties.IN.BJS,BJS,7128,17.71,3,lost,U,,,,challenger,src-1b7bc1c9d39a
IN-AC-1967-uttar-pradesh-356,uttar-pradesh,1969,356,BAH,BAIJ NATH,parties.IN.BKD,BKD,3553,8.83,4,forfeit,U,,,,challenger,src-1b7bc1c9d39a
IN-AC-1967-uttar-pradesh-356,uttar-pradesh,1969,356,BAH,NIRMAL KUMAR,parties.IN.IND,IND,892,2.22,5,forfeit,U,,,,challenger,src-1b7bc1c9d39a
IN-AC-1967-uttar-pradesh-357,uttar-pradesh,1969,357,FATEHABAD,HUKAM SINGH,parties.IN.SSP,SSP,19018,35.95,1,won,U,,,,crossover,src-1b7bc1c9d39a
IN-AC-1967-uttar-pradesh-357,uttar-pradesh,1969,357,FATEHABAD,BRAHMA LAL SINGH,parties.IN.INC,INC,18261,34.52,2,lost,U,,,,challenger,src-1b7bc1c9d39a
IN-AC-1967-uttar-pradesh-357,uttar-pradesh,1969,357,FATEHABAD,SHYAM SUNDER SHARMA,parties.IN.BJS,BJS,4689,8.86,3,forfeit,U,,,,challenger,src-1b7bc1c9d39a
IN-AC-1967-uttar-pradesh-357,uttar-pradesh,1969,357,FATEHABAD,CHATURI,parties.IN.IND,IND,4421,8.36,4,forfeit,U,,,,challenger,src-1b7bc1c9d39a
IN-AC-1967-uttar-pradesh-357,uttar-pradesh,1969,357,FATEHABAD,GULAB SINGH,parties.IN.RPI,RPI,1763,3.33,5,forfeit,U,,,,challenger,src-1b7bc1c9d39a
IN-AC-1967-uttar-pradesh-357,uttar-pradesh,1969,357,FATEHABAD,PANNA LAL,parties.IN.BKD,BKD,1355,2.56,6,forfeit,U,,,,challenger,src-1b7bc1c9d39a
IN-AC-1967-uttar-pradesh-357,uttar-pradesh,1969,357,FATEHABAD,BANWARI LAL,parties.IN.IND,IND,1309,2.47,7,forfeit,U,,,,challenger,src-1b7bc1c9d39a
IN-AC-1967-uttar-pradesh-357,uttar-pradesh,1969,357,FATEHABAD,KARTAR SINGH,parties.IN.SWA,SWA,1244,2.35,8,forfeit,U,,,,challenger,src-1b7bc1c9d39a
IN-AC-1967-uttar-pradesh-357,uttar-pradesh,1969,357,FATEHABAD,YATISH CHANDRA,parties.IN.PBI,PBI,847,1.6,9,forfeit,U,,,,challenger,src-1b7bc1c9d39a
IN-AC-1967-uttar-pradesh-358,uttar-pradesh,1969,358,TUNDLA,MULTAN SINGH,parties.IN.BKD,BKD,17863,30.25,1,won,U,,,,challenger,src-1b7bc1c9d39a
IN-AC-1967-uttar-pradesh-358,uttar-pradesh,1969,358,TUNDLA,ATAR SINGH,parties.IN.INC,INC,14754,24.98,2,lost,U,,,,challenger,src-1b7bc1c9d39a
IN-AC-1967-uttar-pradesh-358,uttar-pradesh,1969,358,TUNDLA,CHANDRA BHAN MAURYA,parties.IN.RPI,RPI,11218,19,3,lost,U,,,,challenger,src-1b7bc1c9d39a
IN-AC-1967-uttar-pradesh-358,uttar-pradesh,1969,358,TUNDLA,SHRIDHWAJ SINGH,parties.IN.BJS,BJS,6657,11.27,4,forfeit,U,,,,challenger,src-1b7bc1c9d39a
IN-AC-1967-uttar-pradesh-358,uttar-pradesh,1969,358,TUNDLA,BRIJ RAJ SINGH,parties.IN.SSP,SSP,6134,10.39,5,forfeit,U,,,,challenger,src-1b7bc1c9d39a
IN-AC-1967-uttar-pradesh-358,uttar-pradesh,1969,358,TUNDLA,MAHI PAL,parties.IN.IND,IND,1233,2.09,6,forfeit,U,,,,challenger,src-1b7bc1c9d39a
IN-AC-1967-uttar-pradesh-358,uttar-pradesh,1969,358,TUNDLA,BABOO LAL S/O BIHARI LAL,parties.IN.IND,IND,529,0.9,7,forfeit,U,,,,challenger,src-1b7bc1c9d39a
IN-AC-1967-uttar-pradesh-358,uttar-pradesh,1969,358,TUNDLA,LAXMI NARAYAN,parties.IN.PBI,PBI,493,0.83,8,forfeit,U,,,,challenger,src-1b7bc1c9d39a
IN-AC-1967-uttar-pradesh-358,uttar-pradesh,1969,358,TUNDLA,BABOO LAL,parties.IN.IND,IND,174,0.29,9,forfeit,U,,,,challenger,src-1b7bc1c9d39a
IN-AC-1967-uttar-pradesh-359,uttar-pradesh,1969,359,DAYALBAGH,LILADHAR,parties.IN.BKD,BKD,11666,32.55,1,won,U,,,,challenger,src-1b7bc1c9d39a
IN-AC-1967-uttar-pradesh-359,uttar-pradesh,1969,359,DAYALBAGH,RAM PRASAD,parties.IN.INC,INC,10096,28.17,2,lost,U,,,,challenger,src-1b7bc1c9d39a
IN-AC-1967-uttar-pradesh-359,uttar-pradesh,1969,359,DAYALBAGH,RAMJI LAL,parties.IN.RPI,RPI,7264,20.27,3,lost,U,,,,challenger,src-1b7bc1c9d39a
IN-AC-1967-uttar-pradesh-359,uttar-pradesh,1969,359,DAYALBAGH,KARAN SINGH VERMA,parties.IN.BJS,BJS,3672,10.24,4,forfeit,U,,,,challenger,src-1b7bc1c9d39a
IN-AC-1967-uttar-pradesh-359,uttar-pradesh,1969,359,DAYALBAGH,RAJESH KUAMR SINGH,parties.IN.SSP,SSP,1958,5.46,5,forfeit,U,,,,challenger,src-1b7bc1c9d39a
IN-AC-1967-uttar-pradesh-359,uttar-pradesh,1969,359,DAYALBAGH,SHIVA GANESH,parties.IN.SWA,SWA,512,1.43,6,forfeit,U,,,,challenger,src-1b7bc1c9d39a
IN-AC-1967-uttar-pradesh-359,uttar-pradesh,1969,359,DAYALBAGH,SHIV NARAYAN,parties.IN.PBI,PBI,364,1.02,7,forfeit,U,,,,challenger,src-1b7bc1c9d39a
IN-AC-1967-uttar-pradesh-359,uttar-pradesh,1969,359,DAYALBAGH,SHYAM SUNDER LAL,parties.IN.MAP,MAP,310,0.86,8,forfeit,U,,,,challenger,src-1b7bc1c9d39a
IN-AC-1967-uttar-pradesh-360,uttar-pradesh,1969,360,AGRA CANTONMENT,DEOKI NANDAN BIBAV,parties.IN.INC,INC,20324,35.06,1,won,U,,,,challenger,src-1b7bc1c9d39a
IN-AC-1967-uttar-pradesh-360,uttar-pradesh,1969,360,AGRA CANTONMENT,RAJ KUMAR SAMA,parties.IN.BJS,BJS,19813,34.18,2,lost,U,,,,challenger,src-1b7bc1c9d39a
IN-AC-1967-uttar-pradesh-360,uttar-pradesh,1969,360,AGRA CANTONMENT,SAEED UDDIN QURAISHI,parties.IN.RPI,RPI,10468,18.06,3,lost,U,,,,challenger,src-1b7bc1c9d39a
IN-AC-1967-uttar-pradesh-360,uttar-pradesh,1969,360,AGRA CANTONMENT,RAMESH CHAND,parties.IN.BKD,BKD,4679,8.07,4,forfeit,U,,,,challenger,src-1b7bc1c9d39a
IN-AC-1967-uttar-pradesh-360,uttar-pradesh,1969,360,AGRA CANTONMENT,ABDUL HAFIZ,parties.IN.CPI,CPI,1792,3.09,5,forfeit,U,,,,challenger,src-1b7bc1c9d39a
IN-AC-1967-uttar-pradesh-360,uttar-pradesh,1969,360,AGRA CANTONMENT,BANGALI MAL,parties.IN.IND,IND,551,0.95,6,forfeit,U,,,,challenger,src-1b7bc1c9d39a
IN-AC-1967-uttar-pradesh-360,uttar-pradesh,1969,360,AGRA CANTONMENT,SHIV CHARAN LAL,parties.IN.IND,IND,135,0.23,7,forfeit,U,,,,challenger,src-1b7bc1c9d39a
IN-AC-1967-uttar-pradesh-360,uttar-pradesh,1969,360,AGRA CANTONMENT,DEVI PRASAD SHARMA DIVYA,parties.IN.PBI,PBI,123,0.21,8,forfeit,U,,,,challenger,src-1b7bc1c9d39a
IN-AC-1967-uttar-pradesh-360,uttar-pradesh,1969,360,AGRA CANTONMENT,HUKAM CHAND,parties.IN.IND,IND,79,0.14,9,forfeit,U,,,,challenger,src-1b7bc1c9d39a
IN-AC-1967-uttar-pradesh-361,uttar-pradesh,1969,361,AGRA EAST,PRAKASH NARAIN GUPTA,parties.IN.INC,INC,23358,40.94,1,won,U,,,,challenger,src-1b7bc1c9d39a
IN-AC-1967-uttar-pradesh-361,uttar-pradesh,1969,361,AGRA EAST,AGARWAL BALOJI,parties.IN.SSP,SSP,17340,30.39,2,lost,U,,,,challenger,src-1b7bc1c9d39a
IN-AC-1967-uttar-pradesh-361,uttar-pradesh,1969,361,AGRA EAST,RAMA SHANKER AGARWAL,parties.IN.BJS,BJS,13700,24.01,3,lost,U,,,,challenger,src-1b7bc1c9d39a
IN-AC-1967-uttar-pradesh-361,uttar-pradesh,1969,361,AGRA EAST,SWARUP SINGH,parties.IN.BKD,BKD,758,1.33,4,forfeit,U,,,,challenger,src-1b7bc1c9d39a
IN-AC-1967-uttar-pradesh-361,uttar-pradesh,1969,361,AGRA EAST,KISHAN SINGH,parties.IN.MAP,MAP,415,0.73,5,forfeit,U,,,,challenger,src-1b7bc1c9d39a
IN-AC-1967-uttar-pradesh-361,uttar-pradesh,1969,361,AGRA EAST,BALO MAL,parties.IN.IND,IND,255,0.45,6,forfeit,U,,,,challenger,src-1b7bc1c9d39a
IN-AC-1967-uttar-pradesh-361,uttar-pradesh,1969,361,AGRA EAST,RAM SHANKER,parties.IN.IND,IND,241,0.42,7,forfeit,U,,,,challenger,src-1b7bc1c9d39a
IN-AC-1967-uttar-pradesh-361,uttar-pradesh,1969,361,AGRA EAST,RASHID AHMED,parties.IN.KMP,KMP,157,0.28,8,forfeit,U,,,,challenger,src-1b7bc1c9d39a
IN-AC-1967-uttar-pradesh-361,uttar-pradesh,1969,361,AGRA EAST,SUBHASH CHANDRA,parties.IN.IND,IND,142,0.25,9,forfeit,U,,,,challenger,src-1b7bc1c9d39a
IN-AC-1967-uttar-pradesh-361,uttar-pradesh,1969,361,AGRA EAST,NATHI LAL BHARTI,parties.IN.IND,IND,134,0.23,10,forfeit,U,,,,challenger,src-1b7bc1c9d39a
IN-AC-1967-uttar-pradesh-361,uttar-pradesh,1969,361,AGRA EAST,VIRENDRA NATH,parties.IN.IND,IND,106,0.19,11,forfeit,U,,,,challenger,src-1b7bc1c9d39a
IN-AC-1967-uttar-pradesh-361,uttar-pradesh,1969,361,AGRA EAST,PRAKASH,parties.IN.IND,IND,94,0.16,12,forfeit,U,,,,challenger,src-1b7bc1c9d39a
IN-AC-1967-uttar-pradesh-361,uttar-pradesh,1969,361,AGRA EAST,DHARAM PRAKASH,parties.IN.IND,IND,93,0.16,13,forfeit,U,,,,challenger,src-1b7bc1c9d39a
IN-AC-1967-uttar-pradesh-361,uttar-pradesh,1969,361,AGRA EAST,DURGA PRASAD,parties.IN.IND,IND,88,0.15,14,forfeit,U,,,,challenger,src-1b7bc1c9d39a
IN-AC-1967-uttar-pradesh-361,uttar-pradesh,1969,361,AGRA EAST,BRIJ KISHORE GUPTA,parties.IN.RPI,RPI,76,0.13,15,forfeit,U,,,,challenger,src-1b7bc1c9d39a
IN-AC-1967-uttar-pradesh-361,uttar-pradesh,1969,361,AGRA EAST,RATI RAM,parties.IN.IND,IND,51,0.09,16,forfeit,U,,,,challenger,src-1b7bc1c9d39a
IN-AC-1967-uttar-pradesh-361,uttar-pradesh,1969,361,AGRA EAST,KR. BHUPENDRA SINGH,parties.IN.PBI,PBI,50,0.09,17,forfeit,U,,,,challenger,src-1b7bc1c9d39a
IN-AC-1967-uttar-pradesh-362,uttar-pradesh,1969,362,AGRA WEST,HUKAM SINGH,parties.IN.BKD,BKD,15209,27.59,1,won,U,,,,challenger,src-1b7bc1c9d39a
IN-AC-1967-uttar-pradesh-362,uttar-pradesh,1969,362,AGRA WEST,BHOGI LAL MISRA,parties.IN.INC,INC,14793,26.84,2,lost,U,,,,challenger,src-1b7bc1c9d39a
IN-AC-1967-uttar-pradesh-362,uttar-pradesh,1969,362,AGRA WEST,KHEM CHAND SAUGAT,parties.IN.RPI,RPI,10846,19.68,3,lost,U,,,,challenger,src-1b7bc1c9d39a
IN-AC-1967-uttar-pradesh-362,uttar-pradesh,1969,362,AGRA WEST,ANAND PRAKASH,parties.IN.BJS,BJS,9990,18.13,4,lost,U,,,,challenger,src-1b7bc1c9d39a
IN-AC-1967-uttar-pradesh-362,uttar-pradesh,1969,362,AGRA WEST,INTIZAR HUSSAIN,parties.IN.IND,IND,1968,3.57,5,forfeit,U,,,,challenger,src-1b7bc1c9d39a
IN-AC-1967-uttar-pradesh-362,uttar-pradesh,1969,362,AGRA WEST,MAN SINGH,parties.IN.IND,IND,884,1.6,6,forfeit,U,,,,challenger,src-1b7bc1c9d39a
IN-AC-1967-uttar-pradesh-362,uttar-pradesh,1969,362,AGRA WEST,JANKI PRASAD,parties.IN.AIFB,FBL,721,1.31,7,forfeit,U,,,,challenger,src-1b7bc1c9d39a
IN-AC-1967-uttar-pradesh-362,uttar-pradesh,1969,362,AGRA WEST,MATHURA PRASAD,parties.IN.MAP,MAP,390,0.71,8,forfeit,U,,,,challenger,src-1b7bc1c9d39a
IN-AC-1967-uttar-pradesh-362,uttar-pradesh,1969,362,AGRA WEST,BALBIR SAHAI,parties.IN.PBI,PBI,315,0.57,9,forfeit,U,,,,challenger,src-1b7bc1c9d39a
IN-AC-1967-uttar-pradesh-363,uttar-pradesh,1969,363,KHERAGARH,JAGAN PRASAD RAWAT,parties.IN.INC,INC,32088,55.76,1,won,U,,,,challenger,src-1b7bc1c9d39a
IN-AC-1967-uttar-pradesh-363,uttar-pradesh,1969,363,KHERAGARH,KRISHNA KANT,parties.IN.BKD,BKD,22435,38.99,2,lost,U,,,,challenger,src-1b7bc1c9d39a
IN-AC-1967-uttar-pradesh-363,uttar-pradesh,1969,363,KHERAGARH,BADAN SINGH,parties.IN.IND,IND,3021,5.25,3,forfeit,U,,,,challenger,src-1b7bc1c9d39a
IN-AC-1967-uttar-pradesh-364,uttar-pradesh,1969,364,FATEHPUR SIKRI,RAGHUNATH SINGH S/O R . LAL,parties.IN.BKD,BKD,19110,32.85,1,won,U,,,,challenger,src-1b7bc1c9d39a
IN-AC-1967-uttar-pradesh-364,uttar-pradesh,1969,364,FATEHPUR SIKRI,CHAMPAWATI,parties.IN.INC,INC,18041,31.01,2,lost,U,,,,challenger,src-1b7bc1c9d39a
IN-AC-1967-uttar-pradesh-364,uttar-pradesh,1969,364,FATEHPUR SIKRI,RAM KHILARI VERMA,parties.IN.RPI,RPI,8577,14.74,3,forfeit,U,,,,challenger,src-1b7bc1c9d39a
IN-AC-1967-uttar-pradesh-364,uttar-pradesh,1969,364,FATEHPUR SIKRI,KRISHAN SINGH,parties.IN.BJS,BJS,7583,13.04,4,forfeit,U,,,,challenger,src-1b7bc1c9d39a
IN-AC-1967-uttar-pradesh-364,uttar-pradesh,1969,364,FATEHPUR SIKRI,NIHAL SINGH,parties.IN.MAP,MAP,1964,3.38,5,forfeit,U,,,,challenger,src-1b7bc1c9d39a
IN-AC-1967-uttar-pradesh-364,uttar-pradesh,1969,364,FATEHPUR SIKRI,HARI SHANKER VIMAL,parties.IN.SWA,SWA,1429,2.46,6,forfeit,U,,,,challenger,src-1b7bc1c9d39a
IN-AC-1967-uttar-pradesh-364,uttar-pradesh,1969,364,FATEHPUR SIKRI,OM PRAKASH,parties.IN.IND,IND,1108,1.9,7,forfeit,U,,,,challenger,src-1b7bc1c9d39a
IN-AC-1967-uttar-pradesh-364,uttar-pradesh,1969,364,FATEHPUR SIKRI,RAGHUNATH SINGH,parties.IN.IND,IND,360,0.62,8,forfeit,U,,,,challenger,src-1b7bc1c9d39a
IN-AC-1967-uttar-pradesh-365,uttar-pradesh,1969,365,GOVERDHAN,KANHAIYA LAL,parties.IN.INC,INC,26999,44.33,1,won,U,,,,challenger,src-1b7bc1c9d39a
IN-AC-1967-uttar-pradesh-365,uttar-pradesh,1969,365,GOVERDHAN,K . S . AZAD,parties.IN.BKD,BKD,25494,41.86,2,lost,U,,,,challenger,src-1b7bc1c9d39a
IN-AC-1967-uttar-pradesh-365,uttar-pradesh,1969,365,GOVERDHAN,SHANKAR LAL,parties.IN.BJS,BJS,5314,8.73,3,forfeit,U,,,,challenger,src-1b7bc1c9d39a
IN-AC-1967-uttar-pradesh-365,uttar-pradesh,1969,365,GOVERDHAN,GIRWAR,parties.IN.SWA,SWA,1171,1.92,4,forfeit,U,,,,challenger,src-1b7bc1c9d39a
IN-AC-1967-uttar-pradesh-365,uttar-pradesh,1969,365,GOVERDHAN,SHIV CHARAN,parties.IN.IND,IND,964,1.58,5,forfeit,U,,,,challenger,src-1b7bc1c9d39a
IN-AC-1967-uttar-pradesh-365,uttar-pradesh,1969,365,GOVERDHAN,JAGAN PRASAD,parties.IN.SSP,SSP,961,1.58,6,forfeit,U,,,,challenger,src-1b7bc1c9d39a
IN-AC-1967-uttar-pradesh-366,uttar-pradesh,1969,366,MATHURA,SHANTI CHARAN PIDARA,parties.IN.INC,INC,19179,32.37,1,won,U,,,,challenger,src-1b7bc1c9d39a
IN-AC-1967-uttar-pradesh-366,uttar-pradesh,1969,366,MATHURA,AGNIHOTRI DEVI CHARAN,parties.IN.BKD,BKD,18982,32.04,2,lost,U,,,,challenger,src-1b7bc1c9d39a
IN-AC-1967-uttar-pradesh-366,uttar-pradesh,1969,366,MATHURA,BANKEY BEHARI,parties.IN.BJS,BJS,16529,27.9,3,lost,U,,,,challenger,src-1b7bc1c9d39a
IN-AC-1967-uttar-pradesh-366,uttar-pradesh,1969,366,MATHURA,SHAUKAT ALI,parties.IN.RPI,RPI,1773,2.99,4,forfeit,U,,,,challenger,src-1b7bc1c9d39a
IN-AC-1967-uttar-pradesh-366,uttar-pradesh,1969,366,MATHURA,LAXMAN PD. GUPTA,parties.IN.SSP,SSP,882,1.49,5,forfeit,U,,,,challenger,src-1b7bc1c9d39a
IN-AC-1967-uttar-pradesh-366,uttar-pradesh,1969,366,MATHURA,RAM BABU,parties.IN.IND,IND,819,1.38,6,forfeit,U,,,,challenger,src-1b7bc1c9d39a
IN-AC-1967-uttar-pradesh-366,uttar-pradesh,1969,366,MATHURA,PREM BALLABH VYAS,parties.IN.RRP,RRP,698,1.18,7,forfeit,U,,,,challenger,src-1b7bc1c9d39a
IN-AC-1967-uttar-pradesh-366,uttar-pradesh,1969,366,MATHURA,SHITAAL CHANDRA SWAMI,parties.IN.PBI,PBI,204,0.34,8,forfeit,U,,,,challenger,src-1b7bc1c9d39a
IN-AC-1967-uttar-pradesh-366,uttar-pradesh,1969,366,MATHURA,DURGA RAM NAGAR,parties.IN.IND,IND,181,0.31,9,forfeit,U,,,,challenger,src-1b7bc1c9d39a
IN-AC-1967-uttar-pradesh-367,uttar-pradesh,1969,367,CHHATA,TEJ PAL,parties.IN.INC,INC,15594,23.55,1,won,U,,,,challenger,src-1b7bc1c9d39a
IN-AC-1967-uttar-pradesh-367,uttar-pradesh,1969,367,CHHATA,RADHA CHARAN,parties.IN.BKD,BKD,14523,21.93,2,lost,U,,,,challenger,src-1b7bc1c9d39a
IN-AC-1967-uttar-pradesh-367,uttar-pradesh,1969,367,CHHATA,LAKKHI SINGH,parties.IN.SSP,SSP,10139,15.31,3,forfeit,U,,,,challenger,src-1b7bc1c9d39a
IN-AC-1967-uttar-pradesh-367,uttar-pradesh,1969,367,CHHATA,MOOL CHAND,parties.IN.BJS,BJS,10137,15.31,4,forfeit,U,,,,challenger,src-1b7bc1c9d39a
IN-AC-1967-uttar-pradesh-367,uttar-pradesh,1969,367,CHHATA,KARAN SINGH,parties.IN.RPI,RPI,6736,10.17,5,forfeit,U,,,,challenger,src-1b7bc1c9d39a
IN-AC-1967-uttar-pradesh-367,uttar-pradesh,1969,367,CHHATA,PADAM SINGH,parties.IN.IND,IND,5960,9,6,forfeit,U,,,,challenger,src-1b7bc1c9d39a
IN-AC-1967-uttar-pradesh-367,uttar-pradesh,1969,367,CHHATA,KANSI RAM,parties.IN.IND,IND,1712,2.59,7,forfeit,U,,,,challenger,src-1b7bc1c9d39a
IN-AC-1967-uttar-pradesh-367,uttar-pradesh,1969,367,CHHATA,AMAR SINGH,parties.IN.IND,IND,421,0.64,8,forfeit,U,,,,challenger,src-1b7bc1c9d39a
IN-AC-1967-uttar-pradesh-367,uttar-pradesh,1969,367,CHHATA,OM PRAKASH,parties.IN.PBI,PBI,420,0.63,9,forfeit,U,,,,challenger,src-1b7bc1c9d39a
IN-AC-1967-uttar-pradesh-367,uttar-pradesh,1969,367,CHHATA,AZIZ,parties.IN.IND,IND,405,0.61,10,forfeit,U,,,,challenger,src-1b7bc1c9d39a
IN-AC-1967-uttar-pradesh-367,uttar-pradesh,1969,367,CHHATA,TIKAM SINGH,parties.IN.IND,IND,166,0.25,11,forfeit,U,,,,challenger,src-1b7bc1c9d39a
IN-AC-1967-uttar-pradesh-368,uttar-pradesh,1969,368,MAT,LAXMI RAMAN ACHARYA,parties.IN.INC,INC,23695,37.02,1,won,U,,,,challenger,src-1b7bc1c9d39a
IN-AC-1967-uttar-pradesh-368,uttar-pradesh,1969,368,MAT,CHATUR SINGH,parties.IN.BKD,BKD,20523,32.07,2,lost,U,,,,challenger,src-1b7bc1c9d39a
IN-AC-1967-uttar-pradesh-368,uttar-pradesh,1969,368,MAT,RADHEY SHYAM,parties.IN.SSP,SSP,13182,20.6,3,lost,U,,,,crossover,src-1b7bc1c9d39a
IN-AC-1967-uttar-pradesh-368,uttar-pradesh,1969,368,MAT,DATA RAM,parties.IN.IND,IND,1986,3.1,4,forfeit,U,,,,challenger,src-1b7bc1c9d39a
IN-AC-1967-uttar-pradesh-368,uttar-pradesh,1969,368,MAT,MAHI PAL,parties.IN.BJS,BJS,1655,2.59,5,forfeit,U,,,,challenger,src-1b7bc1c9d39a
IN-AC-1967-uttar-pradesh-368,uttar-pradesh,1969,368,MAT,CHHIDDA,parties.IN.IND,IND,1193,1.86,6,forfeit,U,,,,challenger,src-1b7bc1c9d39a
IN-AC-1967-uttar-pradesh-368,uttar-pradesh,1969,368,MAT,BED RAM,parties.IN.IND,IND,993,1.55,7,forfeit,U,,,,challenger,src-1b7bc1c9d39a
IN-AC-1967-uttar-pradesh-368,uttar-pradesh,1969,368,MAT,MALIKHAN,parties.IN.RPI,RPI,777,1.21,8,forfeit,U,,,,challenger,src-1b7bc1c9d39a
IN-AC-1967-uttar-pradesh-369,uttar-pradesh,1969,369,GOKUL,CHANDRA PAL AZAD,parties.IN.BKD,BKD,31196,49.87,1,won,U,,,,challenger,src-1b7bc1c9d39a
IN-AC-1967-uttar-pradesh-369,uttar-pradesh,1969,369,GOKUL,GANGA PRASAD,parties.IN.INC,INC,18486,29.55,2,lost,U,,,,challenger,src-1b7bc1c9d39a
IN-AC-1967-uttar-pradesh-369,uttar-pradesh,1969,369,GOKUL,SARFARAZULH,parties.IN.RPI,RPI,5036,8.05,3,forfeit,U,,,,challenger,src-1b7bc1c9d39a
IN-AC-1967-uttar-pradesh-369,uttar-pradesh,1969,369,GOKUL,GARHPATI,parties.IN.BJS,BJS,3579,5.72,4,forfeit,U,,,,challenger,src-1b7bc1c9d39a
IN-AC-1967-uttar-pradesh-369,uttar-pradesh,1969,369,GOKUL,GANGA PRASAD S/O PAIMA,parties.IN.IND,IND,1581,2.53,5,forfeit,U,,,,challenger,src-1b7bc1c9d39a
IN-AC-1967-uttar-pradesh-369,uttar-pradesh,1969,369,GOKUL,MAHENDRA SINGH,parties.IN.SSP,SSP,716,1.14,6,forfeit,U,,,,challenger,src-1b7bc1c9d39a
IN-AC-1967-uttar-pradesh-369,uttar-pradesh,1969,369,GOKUL,BABU LAL,parties.IN.IND,IND,503,0.8,7,forfeit,U,,,,challenger,src-1b7bc1c9d39a
IN-AC-1967-uttar-pradesh-369,uttar-pradesh,1969,369,GOKUL,DATA RAM,parties.IN.IND,IND,454,0.73,8,forfeit,U,,,,challenger,src-1b7bc1c9d39a
IN-AC-1967-uttar-pradesh-369,uttar-pradesh,1969,369,GOKUL,BIRENDRA SINGH,parties.IN.SWA,SWA,286,0.46,9,forfeit,U,,,,challenger,src-1b7bc1c9d39a
IN-AC-1967-uttar-pradesh-369,uttar-pradesh,1969,369,GOKUL,BALVIR SINGH,parties.IN.IND,IND,271,0.43,10,forfeit,U,,,,challenger,src-1b7bc1c9d39a
IN-AC-1967-uttar-pradesh-369,uttar-pradesh,1969,369,GOKUL,BHUNDA SINGH,parties.IN.IND,IND,265,0.42,11,forfeit,U,,,,challenger,src-1b7bc1c9d39a
IN-AC-1967-uttar-pradesh-369,uttar-pradesh,1969,369,GOKUL,SURAJ BHAN,parties.IN.PBI,PBI,178,0.28,12,forfeit,U,,,,challenger,src-1b7bc1c9d39a
IN-AC-1967-uttar-pradesh-370,uttar-pradesh,1969,370,SADABAD,ASHRAF ALI KHAN,parties.IN.INC,INC,27223,39.61,1,won,U,,,,challenger,src-1b7bc1c9d39a
IN-AC-1967-uttar-pradesh-370,uttar-pradesh,1969,370,SADABAD,DIGAMBAR SINGH,parties.IN.BKD,BKD,24870,36.19,2,lost,U,,,,challenger,src-1b7bc1c9d39a
IN-AC-1967-uttar-pradesh-370,uttar-pradesh,1969,370,SADABAD,RAM PRAKASH,parties.IN.BJS,BJS,7448,10.84,3,forfeit,U,,,,challenger,src-1b7bc1c9d39a
IN-AC-1967-uttar-pradesh-370,uttar-pradesh,1969,370,SADABAD,ROOP RAM,parties.IN.RPI,RPI,4622,6.73,4,forfeit,U,,,,challenger,src-1b7bc1c9d39a
IN-AC-1967-uttar-pradesh-370,uttar-pradesh,1969,370,SADABAD,JUGENDRA SINGH,parties.IN.SSP,SSP,2079,3.03,5,forfeit,U,,,,challenger,src-1b7bc1c9d39a
IN-AC-1967-uttar-pradesh-370,uttar-pradesh,1969,370,SADABAD,KHUBI RAM,parties.IN.IND,IND,863,1.26,6,forfeit,U,,,,challenger,src-1b7bc1c9d39a
IN-AC-1967-uttar-pradesh-370,uttar-pradesh,1969,370,SADABAD,KANHI,parties.IN.IND,IND,680,0.99,7,forfeit,U,,,,challenger,src-1b7bc1c9d39a
IN-AC-1967-uttar-pradesh-370,uttar-pradesh,1969,370,SADABAD,HRISHIKESH,parties.IN.PBI,PBI,341,0.5,8,forfeit,U,,,,challenger,src-1b7bc1c9d39a
IN-AC-1967-uttar-pradesh-370,uttar-pradesh,1969,370,SADABAD,BABU LAL,parties.IN.IND,IND,297,0.43,9,forfeit,U,,,,challenger,src-1b7bc1c9d39a
IN-AC-1967-uttar-pradesh-370,uttar-pradesh,1969,370,SADABAD,RAM DAS,parties.IN.IND,IND,163,0.24,10,forfeit,U,,,,challenger,src-1b7bc1c9d39a
IN-AC-1967-uttar-pradesh-370,uttar-pradesh,1969,370,SADABAD,DHARMA,parties.IN.IND,IND,138,0.2,11,forfeit,U,,,,challenger,src-1b7bc1c9d39a
IN-AC-1967-uttar-pradesh-371,uttar-pradesh,1969,371,HATHRAS,PREM CHANDRA SHARMA,parties.IN.INC,INC,14886,25.23,1,won,U,,,,challenger,src-1b7bc1c9d39a
IN-AC-1967-uttar-pradesh-371,uttar-pradesh,1969,371,HATHRAS,KISHAN PRASAD,parties.IN.BKD,BKD,14704,24.92,2,lost,U,,,,challenger,src-1b7bc1c9d39a
IN-AC-1967-uttar-pradesh-371,uttar-pradesh,1969,371,HATHRAS,RAMZAN KHAN,parties.IN.RPI,RPI,10221,17.32,3,lost,U,,,,challenger,src-1b7bc1c9d39a
IN-AC-1967-uttar-pradesh-371,uttar-pradesh,1969,371,HATHRAS,RAM SARAN SINGH,parties.IN.BJS,BJS,8249,13.98,4,forfeit,U,,,,challenger,src-1b7bc1c9d39a
IN-AC-1967-uttar-pradesh-371,uttar-pradesh,1969,371,HATHRAS,SURAJ BHAN,parties.IN.SWA,SWA,8216,13.92,5,forfeit,U,,,,challenger,src-1b7bc1c9d39a
IN-AC-1967-uttar-pradesh-371,uttar-pradesh,1969,371,HATHRAS,HANS RAJ SHUKLA,parties.IN.SSP,SSP,877,1.49,6,forfeit,U,,,,challenger,src-1b7bc1c9d39a
IN-AC-1967-uttar-pradesh-371,uttar-pradesh,1969,371,HATHRAS,AJUDHIYA PRASAD,parties.IN.IND,IND,626,1.06,7,forfeit,U,,,,challenger,src-1b7bc1c9d39a
IN-AC-1967-uttar-pradesh-371,uttar-pradesh,1969,371,HATHRAS,VED RAM KARDAM,parties.IN.RPA,RPA,366,0.62,8,forfeit,U,,,,challenger,src-1b7bc1c9d39a
IN-AC-1967-uttar-pradesh-371,uttar-pradesh,1969,371,HATHRAS,PHOOL CHAND,parties.IN.IND,IND,312,0.53,9,forfeit,U,,,,challenger,src-1b7bc1c9d39a
IN-AC-1967-uttar-pradesh-371,uttar-pradesh,1969,371,HATHRAS,SUKH RAM,parties.IN.IND,IND,284,0.48,10,forfeit,U,,,,challenger,src-1b7bc1c9d39a
IN-AC-1967-uttar-pradesh-371,uttar-pradesh,1969,371,HATHRAS,DINESH CHAND KAUSHIK,parties.IN.IND,IND,271,0.46,11,forfeit,U,,,,challenger,src-1b7bc1c9d39a
IN-AC-1967-uttar-pradesh-372,uttar-pradesh,1969,372,SASNI,RAM PRASAD DESHMUKH,parties.IN.BKD,BKD,21091,37.22,1,won,U,,,,challenger,src-1b7bc1c9d39a
IN-AC-1967-uttar-pradesh-372,uttar-pradesh,1969,372,SASNI,NAHAR SINGH,parties.IN.INC,INC,15142,26.72,2,lost,U,,,,challenger,src-1b7bc1c9d39a
IN-AC-1967-uttar-pradesh-372,uttar-pradesh,1969,372,SASNI,CHANDRA PAL SHAILANI,parties.IN.RPI,RPI,10594,18.69,3,lost,U,,,,challenger,src-1b7bc1c9d39a
IN-AC-1967-uttar-pradesh-372,uttar-pradesh,1969,372,SASNI,MAHAVIR,parties.IN.BJS,BJS,6995,12.34,4,forfeit,U,,,,challenger,src-1b7bc1c9d39a
IN-AC-1967-uttar-pradesh-372,uttar-pradesh,1969,372,SASNI,SUSHILA DEVI,parties.IN.IND,IND,1131,2,5,forfeit,U,,,,challenger,src-1b7bc1c9d39a
IN-AC-1967-uttar-pradesh-372,uttar-pradesh,1969,372,SASNI,CHUNNI,parties.IN.IND,IND,1075,1.9,6,forfeit,U,,,,challenger,src-1b7bc1c9d39a
IN-AC-1967-uttar-pradesh-372,uttar-pradesh,1969,372,SASNI,RAGHUBIR SINGH RAHI,parties.IN.IND,IND,532,0.94,7,forfeit,U,,,,challenger,src-1b7bc1c9d39a
IN-AC-1967-uttar-pradesh-372,uttar-pradesh,1969,372,SASNI,SANTOSH SINGH AZAD,parties.IN.IND,IND,110,0.19,8,forfeit,U,,,,challenger,src-1b7bc1c9d39a
IN-AC-1967-uttar-pradesh-373,uttar-pradesh,1969,373,SIKANDRA RAO,JAGDISH GANDHI,parties.IN.IND,IND,21881,31.84,1,won,U,,,,challenger,src-1b7bc1c9d39a
IN-AC-1967-uttar-pradesh-373,uttar-pradesh,1969,373,SIKANDRA RAO,FARZAND ALI,parties.IN.RPI,RPI,17031,24.79,2,lost,U,,,,challenger,src-1b7bc1c9d39a
IN-AC-1967-uttar-pradesh-373,uttar-pradesh,1969,373,SIKANDRA RAO,NEK RAM SHARMA,parties.IN.INC,INC,16234,23.63,3,lost,U,,,,challenger,src-1b7bc1c9d39a
IN-AC-1967-uttar-pradesh-373,uttar-pradesh,1969,373,SIKANDRA RAO,HIRA LAL YADAV,parties.IN.BKD,BKD,8005,11.65,4,forfeit,U,,,,challenger,src-1b7bc1c9d39a
IN-AC-1967-uttar-pradesh-373,uttar-pradesh,1969,373,SIKANDRA RAO,RAGHUBIR PRASAD TRIVEDI,parties.IN.BJS,BJS,3687,5.37,5,forfeit,U,,,,challenger,src-1b7bc1c9d39a
IN-AC-1967-uttar-pradesh-373,uttar-pradesh,1969,373,SIKANDRA RAO,BALVIR SINGH,parties.IN.IND,IND,1068,1.55,6,forfeit,U,,,,challenger,src-1b7bc1c9d39a
IN-AC-1967-uttar-pradesh-373,uttar-pradesh,1969,373,SIKANDRA RAO,CHIRANJI LAL,parties.IN.IND,IND,340,0.49,7,forfeit,U,,,,challenger,src-1b7bc1c9d39a
IN-AC-1967-uttar-pradesh-373,uttar-pradesh,1969,373,SIKANDRA RAO,SWAMI YAGANAND,parties.IN.IND,IND,326,0.47,8,forfeit,U,,,,challenger,src-1b7bc1c9d39a
IN-AC-1967-uttar-pradesh-373,uttar-pradesh,1969,373,SIKANDRA RAO,INDER JIT,parties.IN.IND,IND,140,0.2,9,forfeit,U,,,,challenger,src-1b7bc1c9d39a
IN-AC-1967-uttar-pradesh-374,uttar-pradesh,1969,374,GANGIRI,ANISUR REHMAN,parties.IN.SSP,SSP,16321,23.27,1,won,U,,,,crossover,src-1b7bc1c9d39a
IN-AC-1967-uttar-pradesh-374,uttar-pradesh,1969,374,GANGIRI,BHAGWAN SINGH,parties.IN.INC,INC,15805,22.53,2,lost,U,,,,challenger,src-1b7bc1c9d39a
IN-AC-1967-uttar-pradesh-374,uttar-pradesh,1969,374,GANGIRI,BABOO SINGH,parties.IN.PSP,PSP,11889,16.95,3,lost,U,,,,challenger,src-1b7bc1c9d39a
IN-AC-1967-uttar-pradesh-374,uttar-pradesh,1969,374,GANGIRI,BHAGWAN DAS,parties.IN.KMP,KMP,7553,10.77,4,forfeit,U,,,,challenger,src-1b7bc1c9d39a
IN-AC-1967-uttar-pradesh-374,uttar-pradesh,1969,374,GANGIRI,SARDAR SINGH,parties.IN.BKD,BKD,7252,10.34,5,forfeit,U,,,,challenger,src-1b7bc1c9d39a
IN-AC-1967-uttar-pradesh-374,uttar-pradesh,1969,374,GANGIRI,MAHI PAL SINGH,parties.IN.RPI,RPI,4699,6.7,6,forfeit,U,,,,challenger,src-1b7bc1c9d39a
IN-AC-1967-uttar-pradesh-374,uttar-pradesh,1969,374,GANGIRI,VIJENDRA PAL SINGH UPADHYA,parties.IN.BJS,BJS,3213,4.58,7,forfeit,U,,,,challenger,src-1b7bc1c9d39a
IN-AC-1967-uttar-pradesh-374,uttar-pradesh,1969,374,GANGIRI,PRABHU SINGH,parties.IN.IND,IND,2136,3.05,8,forfeit,U,,,,challenger,src-1b7bc1c9d39a
IN-AC-1967-uttar-pradesh-374,uttar-pradesh,1969,374,GANGIRI,MAHAVIR SINGH,parties.IN.IND,IND,1271,1.81,9,forfeit,U,,,,challenger,src-1b7bc1c9d39a
IN-AC-1967-uttar-pradesh-375,uttar-pradesh,1969,375,ATRAULI,KALYAN SINGH,parties.IN.BJS,BJS,24234,33.61,1,won,U,,,,incumbent,src-1b7bc1c9d39a
IN-AC-1967-uttar-pradesh-375,uttar-pradesh,1969,375,ATRAULI,AMAR SINGH,parties.IN.INC,INC,23696,32.86,2,lost,U,,,,challenger,src-1b7bc1c9d39a
IN-AC-1967-uttar-pradesh-375,uttar-pradesh,1969,375,ATRAULI,ANWAR KHAN,parties.IN.BKD,BKD,14285,19.81,3,lost,U,,,,challenger,src-1b7bc1c9d39a
IN-AC-1967-uttar-pradesh-375,uttar-pradesh,1969,375,ATRAULI,DAL CHAND,parties.IN.PSP,PSP,6558,9.1,4,forfeit,U,,,,challenger,src-1b7bc1c9d39a
IN-AC-1967-uttar-pradesh-375,uttar-pradesh,1969,375,ATRAULI,DAMODAR SHASHTRI,parties.IN.CPI,CPI,2000,2.77,5,forfeit,U,,,,challenger,src-1b7bc1c9d39a
IN-AC-1967-uttar-pradesh-375,uttar-pradesh,1969,375,ATRAULI,GYAN SINGH,parties.IN.IND,IND,1329,1.84,6,forfeit,U,,,,challenger,src-1b7bc1c9d39a
IN-AC-1967-uttar-pradesh-376,uttar-pradesh,1969,376,ALIGARH,AHMAD LOOT KHAN,parties.IN.INC,INC,25980,36.95,1,won,U,,,,challenger,src-1b7bc1c9d39a
IN-AC-1967-uttar-pradesh-376,uttar-pradesh,1969,376,ALIGARH,SHRICHAND SINGHAL,parties.IN.BKD,BKD,17087,24.3,2,lost,U,,,,challenger,src-1b7bc1c9d39a
IN-AC-1967-uttar-pradesh-376,uttar-pradesh,1969,376,ALIGARH,INDRA PAL SINGH,parties.IN.BJS,BJS,15604,22.19,3,lost,U,,,,challenger,src-1b7bc1c9d39a
IN-AC-1967-uttar-pradesh-376,uttar-pradesh,1969,376,ALIGARH,TULSI PRASAD SAHYOGI,parties.IN.RPI,RPI,9979,14.19,4,forfeit,U,,,,challenger,src-1b7bc1c9d39a
IN-AC-1967-uttar-pradesh-376,uttar-pradesh,1969,376,ALIGARH,KANTI SWAROOP BNANDHU,parties.IN.AIFB,FBL,430,0.61,5,forfeit,U,,,,challenger,src-1b7bc1c9d39a
IN-AC-1967-uttar-pradesh-376,uttar-pradesh,1969,376,ALIGARH,OM PRAKASH GAUTAM,parties.IN.IND,IND,403,0.57,6,forfeit,U,,,,challenger,src-1b7bc1c9d39a
IN-AC-1967-uttar-pradesh-376,uttar-pradesh,1969,376,ALIGARH,RAGHUBIR SINGH VERMA,parties.IN.SSP,SSP,338,0.48,7,forfeit,U,,,,challenger,src-1b7bc1c9d39a
IN-AC-1967-uttar-pradesh-376,uttar-pradesh,1969,376,ALIGARH,JAI KRISHAN SHARMA,parties.IN.MAP,MAP,320,0.46,8,forfeit,U,,,,challenger,src-1b7bc1c9d39a
IN-AC-1967-uttar-pradesh-376,uttar-pradesh,1969,376,ALIGARH,B . K . SHARMA,parties.IN.SWA,SWA,172,0.24,9,forfeit,U,,,,challenger,src-1b7bc1c9d39a
IN-AC-1967-uttar-pradesh-377,uttar-pradesh,1969,377,KOIL,POORAN CHAND,parties.IN.BKD,BKD,16776,33.47,1,won,U,,,,challenger,src-1b7bc1c9d39a
IN-AC-1967-uttar-pradesh-377,uttar-pradesh,1969,377,KOIL,RAMESH CHANDRA KARAN,parties.IN.INC,INC,13528,26.99,2,lost,U,,,,challenger,src-1b7bc1c9d39a
IN-AC-1967-uttar-pradesh-377,uttar-pradesh,1969,377,KOIL,KANHIYA LAL SANT,parties.IN.RPI,RPI,10721,21.39,3,lost,U,,,,challenger,src-1b7bc1c9d39a
IN-AC-1967-uttar-pradesh-377,uttar-pradesh,1969,377,KOIL,KISHAN LAL DILER,parties.IN.BJS,BJS,4833,9.64,4,forfeit,U,,,,challenger,src-1b7bc1c9d39a
IN-AC-1967-uttar-pradesh-377,uttar-pradesh,1969,377,KOIL,CHAMPA LAL,parties.IN.IND,IND,1670,3.33,5,forfeit,U,,,,challenger,src-1b7bc1c9d39a
IN-AC-1967-uttar-pradesh-377,uttar-pradesh,1969,377,KOIL,BHOOP SINGH,parties.IN.MAP,MAP,990,1.98,6,forfeit,U,,,,crossover,src-1b7bc1c9d39a
IN-AC-1967-uttar-pradesh-377,uttar-pradesh,1969,377,KOIL,PARWATI,parties.IN.IND,IND,645,1.29,7,forfeit,U,,,,challenger,src-1b7bc1c9d39a
IN-AC-1967-uttar-pradesh-377,uttar-pradesh,1969,377,KOIL,PANNA LAL,parties.IN.IND,IND,533,1.06,8,forfeit,U,,,,challenger,src-1b7bc1c9d39a
IN-AC-1967-uttar-pradesh-377,uttar-pradesh,1969,377,KOIL,SUKHANA URF SUKHRAM,parties.IN.SSP,SSP,429,0.86,9,forfeit,U,,,,challenger,src-1b7bc1c9d39a
IN-AC-1967-uttar-pradesh-378,uttar-pradesh,1969,378,IGLAS,GAYATRI DEVI,parties.IN.BKD,BKD,36786,53.19,1,won,U,,,,challenger,src-1b7bc1c9d39a
IN-AC-1967-uttar-pradesh-378,uttar-pradesh,1969,378,IGLAS,MOHAN LAL GAUTAM,parties.IN.INC,INC,28109,40.65,2,lost,U,,,,challenger,src-1b7bc1c9d39a
IN-AC-1967-uttar-pradesh-378,uttar-pradesh,1969,378,IGLAS,BRIJ PAL SINGH,parties.IN.IND,IND,2383,3.45,3,forfeit,U,,,,challenger,src-1b7bc1c9d39a
IN-AC-1967-uttar-pradesh-378,uttar-pradesh,1969,378,IGLAS,LAXMI NARAYAN,parties.IN.BJS,BJS,1298,1.88,4,forfeit,U,,,,challenger,src-1b7bc1c9d39a
IN-AC-1967-uttar-pradesh-378,uttar-pradesh,1969,378,IGLAS,LAJI PRASAD LAVANIA,parties.IN.SSP,SSP,319,0.46,5,forfeit,U,,,,challenger,src-1b7bc1c9d39a
IN-AC-1967-uttar-pradesh-378,uttar-pradesh,1969,378,IGLAS,KANCHAN SINGH DAS,parties.IN.IND,IND,262,0.38,6,forfeit,U,,,,challenger,src-1b7bc1c9d39a
IN-AC-1967-uttar-pradesh-379,uttar-pradesh,1969,379,KHAIR,MAHENDRA SINGH,parties.IN.BKD,BKD,38952,55.55,1,won,U,,,,challenger,src-1b7bc1c9d39a
IN-AC-1967-uttar-pradesh-379,uttar-pradesh,1969,379,KHAIR,PEAREY LAL,parties.IN.INC,INC,20441,29.15,2,lost,U,,,,challenger,src-1b7bc1c9d39a
IN-AC-1967-uttar-pradesh-379,uttar-pradesh,1969,379,KHAIR,LAXMAN SINGH MUSAFIR,parties.IN.RPI,RPI,8091,11.54,3,forfeit,U,,,,challenger,src-1b7bc1c9d39a
IN-AC-1967-uttar-pradesh-379,uttar-pradesh,1969,379,KHAIR,KHUSHI RAM,parties.IN.IND,IND,1630,2.32,4,forfeit,U,,,,challenger,src-1b7bc1c9d39a
IN-AC-1967-uttar-pradesh-379,uttar-pradesh,1969,379,KHAIR,HARI SHANKER AJAD,parties.IN.BJS,BJS,1010,1.44,5,forfeit,U,,,,challenger,src-1b7bc1c9d39a
IN-AC-1967-uttar-pradesh-380,uttar-pradesh,1969,380,CHANDAUS,MAHAVIR SINGH,parties.IN.BKD,BKD,19984,37.8,1,won,U,,,,challenger,src-1b7bc1c9d39a
IN-AC-1967-uttar-pradesh-380,uttar-pradesh,1969,380,CHANDAUS,RAJ BAHADUR SINGH,parties.IN.INC,INC,10717,20.27,2,lost,U,,,,challenger,src-1b7bc1c9d39a
IN-AC-1967-uttar-pradesh-380,uttar-pradesh,1969,380,CHANDAUS,RAJVIR SINGH CHAUHAN,parties.IN.RPI,RPI,8322,15.74,3,forfeit,U,,,,challenger,src-1b7bc1c9d39a
IN-AC-1967-uttar-pradesh-380,uttar-pradesh,1969,380,CHANDAUS,BHOOP SINGH,parties.IN.IND,IND,3456,6.54,4,forfeit,U,,,,challenger,src-1b7bc1c9d39a
IN-AC-1967-uttar-pradesh-380,uttar-pradesh,1969,380,CHANDAUS,YAD RAM,parties.IN.IND,IND,2434,4.6,5,forfeit,U,,,,challenger,src-1b7bc1c9d39a
IN-AC-1967-uttar-pradesh-380,uttar-pradesh,1969,380,CHANDAUS,VIRPAL SINGH RAGHAV,parties.IN.AIFB,FBL,2127,4.02,6,forfeit,U,,,,challenger,src-1b7bc1c9d39a
IN-AC-1967-uttar-pradesh-380,uttar-pradesh,1969,380,CHANDAUS,ROOP KISHORE,parties.IN.IND,IND,1514,2.86,7,forfeit,U,,,,challenger,src-1b7bc1c9d39a
IN-AC-1967-uttar-pradesh-380,uttar-pradesh,1969,380,CHANDAUS,DUND PAL,parties.IN.IND,IND,1341,2.54,8,forfeit,U,,,,challenger,src-1b7bc1c9d39a
IN-AC-1967-uttar-pradesh-380,uttar-pradesh,1969,380,CHANDAUS,NAND KISHORE PANDIT,parties.IN.SSP,SSP,1180,2.23,9,forfeit,U,,,,challenger,src-1b7bc1c9d39a
IN-AC-1967-uttar-pradesh-380,uttar-pradesh,1969,380,CHANDAUS,BHARAT MITRA,parties.IN.BJS,BJS,996,1.88,10,forfeit,U,,,,challenger,src-1b7bc1c9d39a
IN-AC-1967-uttar-pradesh-380,uttar-pradesh,1969,380,CHANDAUS,JODHPAL SINGH,parties.IN.IND,IND,792,1.5,11,forfeit,U,,,,challenger,src-1b7bc1c9d39a
IN-AC-1967-uttar-pradesh-381,uttar-pradesh,1969,381,JEWAR,DHARAM SINGH,parties.IN.BKD,BKD,19989,44.42,1,won,U,,,,challenger,src-1b7bc1c9d39a
IN-AC-1967-uttar-pradesh-381,uttar-pradesh,1969,381,JEWAR,RAM PRASAD,parties.IN.INC,INC,13806,30.68,2,lost,U,,,,challenger,src-1b7bc1c9d39a
IN-AC-1967-uttar-pradesh-381,uttar-pradesh,1969,381,JEWAR,HARI SINGH,parties.IN.PSP,PSP,6239,13.86,3,forfeit,U,,,,challenger,src-1b7bc1c9d39a
IN-AC-1967-uttar-pradesh-381,uttar-pradesh,1969,381,JEWAR,GOPAL DAS,parties.IN.IND,IND,2076,4.61,4,forfeit,U,,,,challenger,src-1b7bc1c9d39a
IN-AC-1967-uttar-pradesh-381,uttar-pradesh,1969,381,JEWAR,RAM SWARUP ARYA,parties.IN.BJS,BJS,1242,2.76,5,forfeit,U,,,,challenger,src-1b7bc1c9d39a
IN-AC-1967-uttar-pradesh-381,uttar-pradesh,1969,381,JEWAR,RAJ BIR,parties.IN.SWA,SWA,1143,2.54,6,forfeit,U,,,,challenger,src-1b7bc1c9d39a
IN-AC-1967-uttar-pradesh-381,uttar-pradesh,1969,381,JEWAR,GANPAT HUSAIN RAJORIA,parties.IN.SSP,SSP,507,1.13,7,forfeit,U,,,,challenger,src-1b7bc1c9d39a
IN-AC-1967-uttar-pradesh-382,uttar-pradesh,1969,382,KHURJA,RAGHURAJ SINGH,parties.IN.BKD,BKD,22431,37.46,1,won,U,,,,challenger,src-1b7bc1c9d39a
IN-AC-1967-uttar-pradesh-382,uttar-pradesh,1969,382,KHURJA,SUKHBIR SINGH,parties.IN.BJS,BJS,13965,23.32,2,lost,U,,,,challenger,src-1b7bc1c9d39a
IN-AC-1967-uttar-pradesh-382,uttar-pradesh,1969,382,KHURJA,BAHORI SINGH,parties.IN.INC,INC,13469,22.49,3,lost,U,,,,challenger,src-1b7bc1c9d39a
IN-AC-1967-uttar-pradesh-382,uttar-pradesh,1969,382,KHURJA,SANGH PRIYA GAUTAM,parties.IN.IND,IND,7396,12.35,4,forfeit,U,,,,challenger,src-1b7bc1c9d39a
IN-AC-1967-uttar-pradesh-382,uttar-pradesh,1969,382,KHURJA,BAHORI LAL,parties.IN.IND,IND,1638,2.74,5,forfeit,U,,,,challenger,src-1b7bc1c9d39a
IN-AC-1967-uttar-pradesh-382,uttar-pradesh,1969,382,KHURJA,TAQI HAIDER,parties.IN.RPI,RPI,987,1.65,6,forfeit,U,,,,challenger,src-1b7bc1c9d39a
IN-AC-1967-uttar-pradesh-383,uttar-pradesh,1969,383,CHHATARI,TRILOK CHAND,parties.IN.BKD,BKD,29526,57.88,1,won,U,,,,crossover,src-1b7bc1c9d39a
IN-AC-1967-uttar-pradesh-383,uttar-pradesh,1969,383,CHHATARI,VIJAI PAL SINGH,parties.IN.INC,INC,15590,30.56,2,lost,U,,,,challenger,src-1b7bc1c9d39a
IN-AC-1967-uttar-pradesh-383,uttar-pradesh,1969,383,CHHATARI,VIDYA BHUSHAN,parties.IN.SWA,SWA,2165,4.24,3,forfeit,U,,,,challenger,src-1b7bc1c9d39a
IN-AC-1967-uttar-pradesh-383,uttar-pradesh,1969,383,CHHATARI,RADHEY SHYAM,parties.IN.IND,IND,1695,3.32,4,forfeit,U,,,,challenger,src-1b7bc1c9d39a
IN-AC-1967-uttar-pradesh-383,uttar-pradesh,1969,383,CHHATARI,KISHNA,parties.IN.BJS,BJS,1017,1.99,5,forfeit,U,,,,challenger,src-1b7bc1c9d39a
IN-AC-1967-uttar-pradesh-383,uttar-pradesh,1969,383,CHHATARI,RAM PRAKASH,parties.IN.SSP,SSP,1017,1.99,6,forfeit,U,,,,challenger,src-1b7bc1c9d39a
IN-AC-1967-uttar-pradesh-384,uttar-pradesh,1969,384,DEBAI,HIMMAT SINGH,parties.IN.BJS,BJS,21035,31.35,1,won,U,,,,challenger,src-1b7bc1c9d39a
IN-AC-1967-uttar-pradesh-384,uttar-pradesh,1969,384,DEBAI,SHAMBHOO NATH,parties.IN.BKD,BKD,16649,24.82,2,lost,U,,,,challenger,src-1b7bc1c9d39a
IN-AC-1967-uttar-pradesh-384,uttar-pradesh,1969,384,DEBAI,CHUNNI LAL,parties.IN.INC,INC,15552,23.18,3,lost,U,,,,challenger,src-1b7bc1c9d39a
IN-AC-1967-uttar-pradesh-384,uttar-pradesh,1969,384,DEBAI,BADAN SINGH,parties.IN.RPI,RPI,5614,8.37,4,forfeit,U,,,,challenger,src-1b7bc1c9d39a
IN-AC-1967-uttar-pradesh-384,uttar-pradesh,1969,384,DEBAI,DEVENDRA SINGH,parties.IN.CPI,CPI,5281,7.87,5,forfeit,U,,,,challenger,src-1b7bc1c9d39a
IN-AC-1967-uttar-pradesh-384,uttar-pradesh,1969,384,DEBAI,SHANTI SWARUP SHARMA,parties.IN.SWA,SWA,1674,2.5,6,forfeit,U,,,,challenger,src-1b7bc1c9d39a
IN-AC-1967-uttar-pradesh-384,uttar-pradesh,1969,384,DEBAI,BAL KRISHNA GUPIA,parties.IN.IND,IND,1284,1.91,7,forfeit,U,,,,challenger,src-1b7bc1c9d39a
IN-AC-1967-uttar-pradesh-385,uttar-pradesh,1969,385,ANUPSHAHR,KHACHERU SINGH MOHARIA,parties.IN.INC,INC,21184,32.09,1,won,U,,,,challenger,src-1b7bc1c9d39a
IN-AC-1967-uttar-pradesh-385,uttar-pradesh,1969,385,ANUPSHAHR,VIRPAL,parties.IN.BKD,BKD,20561,31.14,2,lost,U,,,,challenger,src-1b7bc1c9d39a
IN-AC-1967-uttar-pradesh-385,uttar-pradesh,1969,385,ANUPSHAHR,DHURUV KUMAR,parties.IN.BJS,BJS,14667,22.22,3,lost,U,,,,challenger,src-1b7bc1c9d39a
IN-AC-1967-uttar-pradesh-385,uttar-pradesh,1969,385,ANUPSHAHR,BHAGWAN DEI,parties.IN.PSP,PSP,3149,4.77,4,forfeit,U,,,,challenger,src-1b7bc1c9d39a
IN-AC-1967-uttar-pradesh-385,uttar-pradesh,1969,385,ANUPSHAHR,LACHMAN SARAN,parties.IN.IND,IND,2702,4.09,5,forfeit,U,,,,challenger,src-1b7bc1c9d39a
IN-AC-1967-uttar-pradesh-385,uttar-pradesh,1969,385,ANUPSHAHR,BADAN SINGH,parties.IN.SSP,SSP,2094,3.17,6,forfeit,U,,,,challenger,src-1b7bc1c9d39a
IN-AC-1967-uttar-pradesh-385,uttar-pradesh,1969,385,ANUPSHAHR,JIWAN SINGH VERMA,parties.IN.CPI,CPI,1077,1.63,7,forfeit,U,,,,challenger,src-1b7bc1c9d39a
IN-AC-1967-uttar-pradesh-385,uttar-pradesh,1969,385,ANUPSHAHR,CHOKHEY LAL KASUMRA,parties.IN.IND,IND,584,0.88,8,forfeit,U,,,,challenger,src-1b7bc1c9d39a
IN-AC-1967-uttar-pradesh-386,uttar-pradesh,1969,386,SIANA,MUMTAZ MOHAMMAD KHAN,parties.IN.INC,INC,22909,36.86,1,won,U,,,,crossover,src-1b7bc1c9d39a
IN-AC-1967-uttar-pradesh-386,uttar-pradesh,1969,386,SIANA,JWALA SINGH,parties.IN.BJS,BJS,15466,24.88,2,lost,U,,,,challenger,src-1b7bc1c9d39a
IN-AC-1967-uttar-pradesh-386,uttar-pradesh,1969,386,SIANA,LIAQAT HUSSAIN,parties.IN.BKD,BKD,15084,24.27,3,lost,U,,,,challenger,src-1b7bc1c9d39a
IN-AC-1967-uttar-pradesh-386,uttar-pradesh,1969,386,SIANA,BIJENDRA PRAKASH,parties.IN.RPI,RPI,8697,13.99,4,forfeit,U,,,,challenger,src-1b7bc1c9d39a
IN-AC-1967-uttar-pradesh-387,uttar-pradesh,1969,387,AGOTA,JAGBIR SINGH,parties.IN.BKD,BKD,23945,34.18,1,won,U,,,,crossover,src-1b7bc1c9d39a
IN-AC-1967-uttar-pradesh-387,uttar-pradesh,1969,387,AGOTA,ACHARYA VACHASPATI,parties.IN.INC,INC,13497,19.27,2,lost,U,,,,challenger,src-1b7bc1c9d39a
IN-AC-1967-uttar-pradesh-387,uttar-pradesh,1969,387,AGOTA,ABBAS ALI,parties.IN.SSP,SSP,11707,16.71,3,lost,U,,,,challenger,src-1b7bc1c9d39a
IN-AC-1967-uttar-pradesh-387,uttar-pradesh,1969,387,AGOTA,JAGBIR SINGH SIROHI,parties.IN.RPI,RPI,8778,12.53,4,forfeit,U,,,,challenger,src-1b7bc1c9d39a
IN-AC-1967-uttar-pradesh-387,uttar-pradesh,1969,387,AGOTA,JEET SINGH,parties.IN.BJS,BJS,4490,6.41,5,forfeit,U,,,,challenger,src-1b7bc1c9d39a
IN-AC-1967-uttar-pradesh-387,uttar-pradesh,1969,387,AGOTA,RAM PHAL,parties.IN.IND,IND,3261,4.66,6,forfeit,U,,,,challenger,src-1b7bc1c9d39a
IN-AC-1967-uttar-pradesh-387,uttar-pradesh,1969,387,AGOTA,LEELA SINGH,parties.IN.PSP,PSP,1971,2.81,7,forfeit,U,,,,challenger,src-1b7bc1c9d39a
IN-AC-1967-uttar-pradesh-387,uttar-pradesh,1969,387,AGOTA,GANGABAL,parties.IN.SWA,SWA,958,1.37,8,forfeit,U,,,,challenger,src-1b7bc1c9d39a
IN-AC-1967-uttar-pradesh-387,uttar-pradesh,1969,387,AGOTA,HARBIR SINGH,parties.IN.CPI,CPI,786,1.12,9,forfeit,U,,,,challenger,src-1b7bc1c9d39a
IN-AC-1967-uttar-pradesh-387,uttar-pradesh,1969,387,AGOTA,GURBACHAN SINGH,parties.IN.KMP,KMP,657,0.94,10,forfeit,U,,,,challenger,src-1b7bc1c9d39a
IN-AC-1967-uttar-pradesh-388,uttar-pradesh,1969,388,BULANDSHAHR,SHAMIM ALAM,parties.IN.RPI,RPI,12413,19.21,1,won,U,,,,challenger,src-1b7bc1c9d39a
IN-AC-1967-uttar-pradesh-388,uttar-pradesh,1969,388,BULANDSHAHR,BALBIR SINGH,parties.IN.BJS,BJS,11918,18.45,2,lost,U,,,,challenger,src-1b7bc1c9d39a
IN-AC-1967-uttar-pradesh-388,uttar-pradesh,1969,388,BULANDSHAHR,MATLOOB ALI,parties.IN.BKD,BKD,10833,16.77,3,lost,U,,,,challenger,src-1b7bc1c9d39a
IN-AC-1967-uttar-pradesh-388,uttar-pradesh,1969,388,BULANDSHAHR,ISHWARI SINGH,parties.IN.INC,INC,10479,16.22,4,forfeit,U,,,,challenger,src-1b7bc1c9d39a
IN-AC-1967-uttar-pradesh-388,uttar-pradesh,1969,388,BULANDSHAHR,NEM PAL SINGH,parties.IN.PSP,PSP,10095,15.63,5,forfeit,U,,,,challenger,src-1b7bc1c9d39a
IN-AC-1967-uttar-pradesh-388,uttar-pradesh,1969,388,BULANDSHAHR,GIAN CHAND,parties.IN.IND,IND,4043,6.26,6,forfeit,U,,,,challenger,src-1b7bc1c9d39a
IN-AC-1967-uttar-pradesh-388,uttar-pradesh,1969,388,BULANDSHAHR,ABDUL RAUF KHAN,parties.IN.IND,IND,2520,3.9,7,forfeit,U,,,,challenger,src-1b7bc1c9d39a
IN-AC-1967-uttar-pradesh-388,uttar-pradesh,1969,388,BULANDSHAHR,DESH BAGHAT,parties.IN.SSP,SSP,1070,1.66,8,forfeit,U,,,,challenger,src-1b7bc1c9d39a
IN-AC-1967-uttar-pradesh-388,uttar-pradesh,1969,388,BULANDSHAHR,GANGA RAM SAGAR,parties.IN.RPA,RPA,623,0.96,9,forfeit,U,,,,challenger,src-1b7bc1c9d39a
IN-AC-1967-uttar-pradesh-388,uttar-pradesh,1969,388,BULANDSHAHR,MAHENDRA SINGH,parties.IN.IND,IND,471,0.73,10,forfeit,U,,,,challenger,src-1b7bc1c9d39a
IN-AC-1967-uttar-pradesh-388,uttar-pradesh,1969,388,BULANDSHAHR,N . P . KASHYAP JAI JAGAT,parties.IN.IND,IND,137,0.21,11,forfeit,U,,,,challenger,src-1b7bc1c9d39a
IN-AC-1967-uttar-pradesh-389,uttar-pradesh,1969,389,SIKANDRABAD,VIRENDRA SWARUP,parties.IN.IND,IND,16407,24.47,1,won,U,,,,challenger,src-1b7bc1c9d39a
IN-AC-1967-uttar-pradesh-389,uttar-pradesh,1969,389,SIKANDRABAD,KISHAN LAL NISANK,parties.IN.BKD,BKD,12876,19.2,2,lost,U,,,,challenger,src-1b7bc1c9d39a
IN-AC-1967-uttar-pradesh-389,uttar-pradesh,1969,389,SIKANDRABAD,SUKH DEO SINGH,parties.IN.INC,INC,8075,12.04,3,forfeit,U,,,,challenger,src-1b7bc1c9d39a
IN-AC-1967-uttar-pradesh-389,uttar-pradesh,1969,389,SIKANDRABAD,SHIV RANI,parties.IN.RPI,RPI,6735,10.04,4,forfeit,U,,,,challenger,src-1b7bc1c9d39a
IN-AC-1967-uttar-pradesh-389,uttar-pradesh,1969,389,SIKANDRABAD,AMAR SINGH,parties.IN.BJS,BJS,6694,9.98,5,forfeit,U,,,,challenger,src-1b7bc1c9d39a
IN-AC-1967-uttar-pradesh-389,uttar-pradesh,1969,389,SIKANDRABAD,PADAM SINGH,parties.IN.IND,IND,6202,9.25,6,forfeit,U,,,,challenger,src-1b7bc1c9d39a
IN-AC-1967-uttar-pradesh-389,uttar-pradesh,1969,389,SIKANDRABAD,PURI,parties.IN.IND,IND,3947,5.89,7,forfeit,U,,,,challenger,src-1b7bc1c9d39a
IN-AC-1967-uttar-pradesh-389,uttar-pradesh,1969,389,SIKANDRABAD,MAHENDRA,parties.IN.SSP,SSP,2863,4.27,8,forfeit,U,,,,challenger,src-1b7bc1c9d39a
IN-AC-1967-uttar-pradesh-389,uttar-pradesh,1969,389,SIKANDRABAD,CHHAJJU RAM,parties.IN.IND,IND,1764,2.63,9,forfeit,U,,,,challenger,src-1b7bc1c9d39a
IN-AC-1967-uttar-pradesh-389,uttar-pradesh,1969,389,SIKANDRABAD,JAI DEO SHARMA,parties.IN.IND,IND,782,1.17,10,forfeit,U,,,,challenger,src-1b7bc1c9d39a
IN-AC-1967-uttar-pradesh-389,uttar-pradesh,1969,389,SIKANDRABAD,HARPAL SINGH,parties.IN.IND,IND,387,0.58,11,forfeit,U,,,,challenger,src-1b7bc1c9d39a
IN-AC-1967-uttar-pradesh-389,uttar-pradesh,1969,389,SIKANDRABAD,TEJESHWAR DAYAL,parties.IN.IND,IND,321,0.48,12,forfeit,U,,,,challenger,src-1b7bc1c9d39a
IN-AC-1967-uttar-pradesh-390,uttar-pradesh,1969,390,DADRI,RAM CHANDRA VIKAL,parties.IN.KMP,KMP,16106,22.21,1,won,U,,,,crossover,src-1b7bc1c9d39a
IN-AC-1967-uttar-pradesh-390,uttar-pradesh,1969,390,DADRI,TEJ SINGH,parties.IN.INC,INC,15673,21.61,2,lost,U,,,,challenger,src-1b7bc1c9d39a
IN-AC-1967-uttar-pradesh-390,uttar-pradesh,1969,390,DADRI,BISHAMBER DAYAL,parties.IN.PSP,PSP,15187,20.94,3,lost,U,,,,challenger,src-1b7bc1c9d39a
IN-AC-1967-uttar-pradesh-390,uttar-pradesh,1969,390,DADRI,RAJENDRA SINGH,parties.IN.BKD,BKD,14656,20.21,4,lost,U,,,,challenger,src-1b7bc1c9d39a
IN-AC-1967-uttar-pradesh-390,uttar-pradesh,1969,390,DADRI,MAHENDRA,parties.IN.RPI,RPI,9771,13.47,5,forfeit,U,,,,challenger,src-1b7bc1c9d39a
IN-AC-1967-uttar-pradesh-390,uttar-pradesh,1969,390,DADRI,HEERA,parties.IN.IND,IND,1135,1.56,6,forfeit,U,,,,challenger,src-1b7bc1c9d39a
IN-AC-1967-uttar-pradesh-391,uttar-pradesh,1969,391,GHAZIABAD,PEAREY LAL,parties.IN.SSP,SSP,19159,26.08,1,won,U,,,,challenger,src-1b7bc1c9d39a
IN-AC-1967-uttar-pradesh-391,uttar-pradesh,1969,391,GHAZIABAD,AFTAB ALI,parties.IN.INC,INC,12824,17.45,2,lost,U,,,,challenger,src-1b7bc1c9d39a
IN-AC-1967-uttar-pradesh-391,uttar-pradesh,1969,391,GHAZIABAD,MEGHNATH SINGH SHISHODIA,parties.IN.RPI,RPI,12496,17.01,3,lost,U,,,,challenger,src-1b7bc1c9d39a
IN-AC-1967-uttar-pradesh-391,uttar-pradesh,1969,391,GHAZIABAD,DINESH CHANDRA,parties.IN.BJS,BJS,12315,16.76,4,lost,U,,,,challenger,src-1b7bc1c9d39a
IN-AC-1967-uttar-pradesh-391,uttar-pradesh,1969,391,GHAZIABAD,RATAN SINGH,parties.IN.BKD,BKD,9526,12.97,5,forfeit,U,,,,challenger,src-1b7bc1c9d39a
IN-AC-1967-uttar-pradesh-391,uttar-pradesh,1969,391,GHAZIABAD,ABBAS ALI KHAN,parties.IN.MMUP,MUM,2909,3.96,6,forfeit,U,,,,challenger,src-1b7bc1c9d39a
IN-AC-1967-uttar-pradesh-391,uttar-pradesh,1969,391,GHAZIABAD,MAHENDRA SINGH,parties.IN.IND,IND,2323,3.16,7,forfeit,U,,,,challenger,src-1b7bc1c9d39a
IN-AC-1967-uttar-pradesh-391,uttar-pradesh,1969,391,GHAZIABAD,CHAMAN SINGH RAWAT,parties.IN.IND,IND,786,1.07,8,forfeit,U,,,,challenger,src-1b7bc1c9d39a
IN-AC-1967-uttar-pradesh-391,uttar-pradesh,1969,391,GHAZIABAD,KARAN SINGH,parties.IN.PBI,PBI,582,0.79,9,forfeit,U,,,,challenger,src-1b7bc1c9d39a
IN-AC-1967-uttar-pradesh-391,uttar-pradesh,1969,391,GHAZIABAD,MATHURA PRASAD ARYA,parties.IN.IND,IND,553,0.75,10,forfeit,U,,,,challenger,src-1b7bc1c9d39a
IN-AC-1967-uttar-pradesh-392,uttar-pradesh,1969,392,MURADNAGAR,ISHWAR DAYAL,parties.IN.BKD,BKD,26934,38.69,1,won,U,,,,challenger,src-1b7bc1c9d39a
IN-AC-1967-uttar-pradesh-392,uttar-pradesh,1969,392,MURADNAGAR,RAJ PAL SINGH,parties.IN.INC,INC,24251,34.84,2,lost,U,,,,challenger,src-1b7bc1c9d39a
IN-AC-1967-uttar-pradesh-392,uttar-pradesh,1969,392,MURADNAGAR,G . S . CHAUDHRY,parties.IN.RPI,RPI,11220,16.12,3,forfeit,U,,,,challenger,src-1b7bc1c9d39a
IN-AC-1967-uttar-pradesh-392,uttar-pradesh,1969,392,MURADNAGAR,MANGAL SINGH,parties.IN.BJS,BJS,2535,3.64,4,forfeit,U,,,,challenger,src-1b7bc1c9d39a
IN-AC-1967-uttar-pradesh-392,uttar-pradesh,1969,392,MURADNAGAR,SAJAN LAL,parties.IN.AIFB,FBL,2435,3.5,5,forfeit,U,,,,challenger,src-1b7bc1c9d39a
IN-AC-1967-uttar-pradesh-392,uttar-pradesh,1969,392,MURADNAGAR,ATTAR SINGH,parties.IN.IND,IND,1186,1.7,6,forfeit,U,,,,challenger,src-1b7bc1c9d39a
IN-AC-1967-uttar-pradesh-392,uttar-pradesh,1969,392,MURADNAGAR,CHARAN SINGH,parties.IN.IND,IND,931,1.34,7,forfeit,U,,,,challenger,src-1b7bc1c9d39a
IN-AC-1967-uttar-pradesh-392,uttar-pradesh,1969,392,MURADNAGAR,HARDWARI,parties.IN.IND,IND,120,0.17,8,forfeit,U,,,,challenger,src-1b7bc1c9d39a
IN-AC-1967-uttar-pradesh-393,uttar-pradesh,1969,393,MODINAGAR,SHER ALI KHAN,parties.IN.BKD,BKD,21478,29.94,1,won,U,,,,challenger,src-1b7bc1c9d39a
IN-AC-1967-uttar-pradesh-393,uttar-pradesh,1969,393,MODINAGAR,ABDUL HALLIM KHAN,parties.IN.INC,INC,16227,22.62,2,lost,U,,,,challenger,src-1b7bc1c9d39a
IN-AC-1967-uttar-pradesh-393,uttar-pradesh,1969,393,MODINAGAR,SARYU PRASAD,parties.IN.RPI,RPI,14265,19.89,3,lost,U,,,,challenger,src-1b7bc1c9d39a
IN-AC-1967-uttar-pradesh-393,uttar-pradesh,1969,393,MODINAGAR,SHANTI SWARUP TIAGI,parties.IN.CPI,CPI,10566,14.73,4,forfeit,U,,,,challenger,src-1b7bc1c9d39a
IN-AC-1967-uttar-pradesh-393,uttar-pradesh,1969,393,MODINAGAR,MAHAVIR NEHRA,parties.IN.BJS,BJS,5524,7.7,5,forfeit,U,,,,challenger,src-1b7bc1c9d39a
IN-AC-1967-uttar-pradesh-393,uttar-pradesh,1969,393,MODINAGAR,DALU,parties.IN.IND,IND,1901,2.65,6,forfeit,U,,,,challenger,src-1b7bc1c9d39a
IN-AC-1967-uttar-pradesh-393,uttar-pradesh,1969,393,MODINAGAR,DALEL,parties.IN.IND,IND,724,1.01,7,forfeit,U,,,,challenger,src-1b7bc1c9d39a
IN-AC-1967-uttar-pradesh-393,uttar-pradesh,1969,393,MODINAGAR,CHHIDDA MAL,parties.IN.UNK,BAS,506,0.71,8,forfeit,U,,,,challenger,src-1b7bc1c9d39a
IN-AC-1967-uttar-pradesh-393,uttar-pradesh,1969,393,MODINAGAR,VIDHI CHAND SHASTRI,parties.IN.IND,IND,313,0.44,9,forfeit,U,,,,challenger,src-1b7bc1c9d39a
IN-AC-1967-uttar-pradesh-393,uttar-pradesh,1969,393,MODINAGAR,BANSI LAL,parties.IN.PBI,PBI,223,0.31,10,forfeit,U,,,,challenger,src-1b7bc1c9d39a
IN-AC-1967-uttar-pradesh-394,uttar-pradesh,1969,394,HAPUR,LAKSHMAN SWAROOP,parties.IN.BKD,BKD,26743,38.11,1,won,U,,,,challenger,src-1b7bc1c9d39a
IN-AC-1967-uttar-pradesh-394,uttar-pradesh,1969,394,HAPUR,VIR SEN,parties.IN.INC,INC,19966,28.45,2,lost,U,,,,challenger,src-1b7bc1c9d39a
IN-AC-1967-uttar-pradesh-394,uttar-pradesh,1969,394,HAPUR,DEVI DAYAL SEN,parties.IN.RPI,RPI,17488,24.92,3,lost,U,,,,crossover,src-1b7bc1c9d39a
IN-AC-1967-uttar-pradesh-394,uttar-pradesh,1969,394,HAPUR,SATISH CHAND,parties.IN.BJS,BJS,2898,4.13,4,forfeit,U,,,,challenger,src-1b7bc1c9d39a
IN-AC-1967-uttar-pradesh-394,uttar-pradesh,1969,394,HAPUR,MANGAL SEN PARCHA,parties.IN.SWA,SWA,1820,2.59,5,forfeit,U,,,,challenger,src-1b7bc1c9d39a
IN-AC-1967-uttar-pradesh-394,uttar-pradesh,1969,394,HAPUR,NATHI,parties.IN.SSP,SSP,1093,1.56,6,forfeit,U,,,,challenger,src-1b7bc1c9d39a
IN-AC-1967-uttar-pradesh-394,uttar-pradesh,1969,394,HAPUR,JAINTI PRASAD,parties.IN.PBI,PBI,166,0.24,7,forfeit,U,,,,challenger,src-1b7bc1c9d39a
IN-AC-1967-uttar-pradesh-395,uttar-pradesh,1969,395,GARHMUKTESHWAR,BALBIR SINGH,parties.IN.BKD,BKD,29519,38.96,1,won,U,,,,challenger,src-1b7bc1c9d39a
IN-AC-1967-uttar-pradesh-395,uttar-pradesh,1969,395,GARHMUKTESHWAR,SAKHAWAT HUSAIN,parties.IN.INC,INC,23813,31.43,2,lost,U,,,,challenger,src-1b7bc1c9d39a
IN-AC-1967-uttar-pradesh-395,uttar-pradesh,1969,395,GARHMUKTESHWAR,INDERJEET,parties.IN.RPI,RPI,11124,14.68,3,forfeit,U,,,,challenger,src-1b7bc1c9d39a
IN-AC-1967-uttar-pradesh-395,uttar-pradesh,1969,395,GARHMUKTESHWAR,MANSAB,parties.IN.IND,IND,5530,7.3,4,forfeit,U,,,,challenger,src-1b7bc1c9d39a
IN-AC-1967-uttar-pradesh-395,uttar-pradesh,1969,395,GARHMUKTESHWAR,DHAN PAL SINGH,parties.IN.BJS,BJS,4752,6.27,5,forfeit,U,,,,challenger,src-1b7bc1c9d39a
IN-AC-1967-uttar-pradesh-395,uttar-pradesh,1969,395,GARHMUKTESHWAR,RAM NATH,parties.IN.PBI,PBI,1029,1.36,6,forfeit,U,,,,challenger,src-1b7bc1c9d39a
IN-AC-1967-uttar-pradesh-396,uttar-pradesh,1969,396,KITHORE,MANZOOR AHMAD,parties.IN.SSP,SSP,20761,28.63,1,won,U,,,,challenger,src-1b7bc1c9d39a
IN-AC-1967-uttar-pradesh-396,uttar-pradesh,1969,396,KITHORE,RAM SWARUP,parties.IN.BKD,BKD,20124,27.75,2,lost,U,,,,challenger,src-1b7bc1c9d39a
IN-AC-1967-uttar-pradesh-396,uttar-pradesh,1969,396,KITHORE,SHARDHA DEVI,parties.IN.INC,INC,19244,26.54,3,lost,U,,,,challenger,src-1b7bc1c9d39a
IN-AC-1967-uttar-pradesh-396,uttar-pradesh,1969,396,KITHORE,TASNEEM AHAMAD,parties.IN.IND,IND,5794,7.99,4,forfeit,U,,,,challenger,src-1b7bc1c9d39a
IN-AC-1967-uttar-pradesh-396,uttar-pradesh,1969,396,KITHORE,KIRPAL SINGH,parties.IN.BJS,BJS,2026,2.79,5,forfeit,U,,,,challenger,src-1b7bc1c9d39a
IN-AC-1967-uttar-pradesh-396,uttar-pradesh,1969,396,KITHORE,MANPHOOL SINGH,parties.IN.IND,IND,1248,1.72,6,forfeit,U,,,,challenger,src-1b7bc1c9d39a
IN-AC-1967-uttar-pradesh-396,uttar-pradesh,1969,396,KITHORE,OMKAR SINGH,parties.IN.IND,IND,944,1.3,7,forfeit,U,,,,challenger,src-1b7bc1c9d39a
IN-AC-1967-uttar-pradesh-396,uttar-pradesh,1969,396,KITHORE,GULFAM,parties.IN.IND,IND,925,1.28,8,forfeit,U,,,,challenger,src-1b7bc1c9d39a
IN-AC-1967-uttar-pradesh-396,uttar-pradesh,1969,396,KITHORE,JAGDISH,parties.IN.PBI,PBI,376,0.52,9,forfeit,U,,,,challenger,src-1b7bc1c9d39a
IN-AC-1967-uttar-pradesh-396,uttar-pradesh,1969,396,KITHORE,HEERA SINGH,parties.IN.SWA,SWA,329,0.45,10,forfeit,U,,,,challenger,src-1b7bc1c9d39a
IN-AC-1967-uttar-pradesh-396,uttar-pradesh,1969,396,KITHORE,JAGDISH DUTTA,parties.IN.RPI,RPI,300,0.41,11,forfeit,U,,,,challenger,src-1b7bc1c9d39a
IN-AC-1967-uttar-pradesh-396,uttar-pradesh,1969,396,KITHORE,JAI PRAKASH,parties.IN.IND,IND,292,0.4,12,forfeit,U,,,,challenger,src-1b7bc1c9d39a
IN-AC-1967-uttar-pradesh-396,uttar-pradesh,1969,396,KITHORE,A . RAHIM,parties.IN.IND,IND,151,0.21,13,forfeit,U,,,,challenger,src-1b7bc1c9d39a
IN-AC-1967-uttar-pradesh-397,uttar-pradesh,1969,397,HASTINAPUR,ASHA RAM INDU,parties.IN.BKD,BKD,19547,31.7,1,won,U,,,,challenger,src-1b7bc1c9d39a
IN-AC-1967-uttar-pradesh-397,uttar-pradesh,1969,397,HASTINAPUR,BHAGWAN DASS,parties.IN.INC,INC,17045,27.64,2,lost,U,,,,challenger,src-1b7bc1c9d39a
IN-AC-1967-uttar-pradesh-397,uttar-pradesh,1969,397,HASTINAPUR,DAL CHAND,parties.IN.RPI,RPI,9442,15.31,3,forfeit,U,,,,challenger,src-1b7bc1c9d39a
IN-AC-1967-uttar-pradesh-397,uttar-pradesh,1969,397,HASTINAPUR,NATHOO SINGH,parties.IN.BJS,BJS,7959,12.91,4,forfeit,U,,,,challenger,src-1b7bc1c9d39a
IN-AC-1967-uttar-pradesh-397,uttar-pradesh,1969,397,HASTINAPUR,MAN SINGH,parties.IN.KMP,KMP,4311,6.99,5,forfeit,U,,,,challenger,src-1b7bc1c9d39a
IN-AC-1967-uttar-pradesh-397,uttar-pradesh,1969,397,HASTINAPUR,CHHOTE RAM,parties.IN.IND,IND,1566,2.54,6,forfeit,U,,,,challenger,src-1b7bc1c9d39a
IN-AC-1967-uttar-pradesh-397,uttar-pradesh,1969,397,HASTINAPUR,MEHAR SINGH,parties.IN.IND,IND,1086,1.76,7,forfeit,U,,,,challenger,src-1b7bc1c9d39a
IN-AC-1967-uttar-pradesh-397,uttar-pradesh,1969,397,HASTINAPUR,JILESH KUMAR,parties.IN.SSP,SSP,707,1.15,8,forfeit,U,,,,challenger,src-1b7bc1c9d39a
IN-AC-1967-uttar-pradesh-398,uttar-pradesh,1969,398,SARDHANA,JAMADAR,parties.IN.INC,INC,30325,43.75,1,won,U,,,,challenger,src-1b7bc1c9d39a
IN-AC-1967-uttar-pradesh-398,uttar-pradesh,1969,398,SARDHANA,ALIM UDDIN,parties.IN.BKD,BKD,24092,34.76,2,lost,U,,,,challenger,src-1b7bc1c9d39a
IN-AC-1967-uttar-pradesh-398,uttar-pradesh,1969,398,SARDHANA,JABAR SINGH,parties.IN.RPI,RPI,11986,17.29,3,lost,U,,,,challenger,src-1b7bc1c9d39a
IN-AC-1967-uttar-pradesh-398,uttar-pradesh,1969,398,SARDHANA,SHIV DUTTA,parties.IN.IND,IND,1393,2.01,4,forfeit,U,,,,challenger,src-1b7bc1c9d39a
IN-AC-1967-uttar-pradesh-398,uttar-pradesh,1969,398,SARDHANA,GAITRI DEVI,parties.IN.SSP,SSP,814,1.17,5,forfeit,U,,,,challenger,src-1b7bc1c9d39a
IN-AC-1967-uttar-pradesh-398,uttar-pradesh,1969,398,SARDHANA,SYED MOHD. ZUBEER,parties.IN.SWA,SWA,402,0.58,6,forfeit,U,,,,challenger,src-1b7bc1c9d39a
IN-AC-1967-uttar-pradesh-398,uttar-pradesh,1969,398,SARDHANA,SITA RAM,parties.IN.IND,IND,307,0.44,7,forfeit,U,,,,challenger,src-1b7bc1c9d39a
IN-AC-1967-uttar-pradesh-399,uttar-pradesh,1969,399,BARNAWA,DHARAM VIR SINGH,parties.IN.BKD,BKD,43387,59.13,1,won,U,,,,challenger,src-1b7bc1c9d39a
IN-AC-1967-uttar-pradesh-399,uttar-pradesh,1969,399,BARNAWA,ZULFIKAR HUSSAN,parties.IN.RPI,RPI,15142,20.64,2,lost,U,,,,challenger,src-1b7bc1c9d39a
IN-AC-1967-uttar-pradesh-399,uttar-pradesh,1969,399,BARNAWA,SOHAN VIR,parties.IN.INC,INC,12819,17.47,3,lost,U,,,,challenger,src-1b7bc1c9d39a
IN-AC-1967-uttar-pradesh-399,uttar-pradesh,1969,399,BARNAWA,KANTI PRASAD,parties.IN.SSP,SSP,1333,1.82,4,forfeit,U,,,,challenger,src-1b7bc1c9d39a
IN-AC-1967-uttar-pradesh-399,uttar-pradesh,1969,399,BARNAWA,RAM NIWAS,parties.IN.PBI,PBI,693,0.94,5,forfeit,U,,,,challenger,src-1b7bc1c9d39a
IN-AC-1967-uttar-pradesh-400,uttar-pradesh,1969,400,MEERUT,MOHAN LAL KAPOOR,parties.IN.BJS,BJS,25735,34.21,1,won,U,,,,incumbent,src-1b7bc1c9d39a
IN-AC-1967-uttar-pradesh-400,uttar-pradesh,1969,400,MEERUT,BASIR AHMAD KHAN,parties.IN.IND,IND,23259,30.92,2,lost,U,,,,challenger,src-1b7bc1c9d39a
IN-AC-1967-uttar-pradesh-400,uttar-pradesh,1969,400,MEERUT,SHAKUNTLA PUNDRIKAKSH,parties.IN.INC,INC,17346,23.06,3,lost,U,,,,challenger,src-1b7bc1c9d39a
IN-AC-1967-uttar-pradesh-400,uttar-pradesh,1969,400,MEERUT,NAZIR AHMAD,parties.IN.BKD,BKD,5036,6.69,4,forfeit,U,,,,challenger,src-1b7bc1c9d39a
IN-AC-1967-uttar-pradesh-400,uttar-pradesh,1969,400,MEERUT,BUDH PRAKASH,parties.IN.IND,IND,1782,2.37,5,forfeit,U,,,,challenger,src-1b7bc1c9d39a
IN-AC-1967-uttar-pradesh-400,uttar-pradesh,1969,400,MEERUT,SHYAM BHAROSAY,parties.IN.PBI,PBI,547,0.73,6,forfeit,U,,,,challenger,src-1b7bc1c9d39a
IN-AC-1967-uttar-pradesh-400,uttar-pradesh,1969,400,MEERUT,SATENDRA KUMAR,parties.IN.IND,IND,539,0.72,7,forfeit,U,,,,challenger,src-1b7bc1c9d39a
IN-AC-1967-uttar-pradesh-400,uttar-pradesh,1969,400,MEERUT,VED PRAKASH SHARMA,parties.IN.IND,IND,260,0.35,8,forfeit,U,,,,challenger,src-1b7bc1c9d39a
IN-AC-1967-uttar-pradesh-400,uttar-pradesh,1969,400,MEERUT,KARAN SINGH,parties.IN.MAP,MAP,239,0.32,9,forfeit,U,,,,challenger,src-1b7bc1c9d39a
IN-AC-1967-uttar-pradesh-400,uttar-pradesh,1969,400,MEERUT,SATYA PRAKASH MANGLIK,parties.IN.IND,IND,161,0.21,10,forfeit,U,,,,challenger,src-1b7bc1c9d39a
IN-AC-1967-uttar-pradesh-400,uttar-pradesh,1969,400,MEERUT,RAMESHWAR DAYAL,parties.IN.SSP,SSP,119,0.16,11,forfeit,U,,,,challenger,src-1b7bc1c9d39a
IN-AC-1967-uttar-pradesh-400,uttar-pradesh,1969,400,MEERUT,CHAKRAPAN SHARMA,parties.IN.IND,IND,109,0.14,12,forfeit,U,,,,challenger,src-1b7bc1c9d39a
IN-AC-1967-uttar-pradesh-400,uttar-pradesh,1969,400,MEERUT,VED PRAKASH,parties.IN.AIFB,FBL,101,0.13,13,forfeit,U,,,,challenger,src-1b7bc1c9d39a
IN-AC-1967-uttar-pradesh-401,uttar-pradesh,1969,401,MEERUT CANTONMENT,UMA DATT SHARMA,parties.IN.INC,INC,17911,33.34,1,won,U,,,,challenger,src-1b7bc1c9d39a
IN-AC-1967-uttar-pradesh-401,uttar-pradesh,1969,401,MEERUT CANTONMENT,THAKUR DASS,parties.IN.BJS,BJS,9758,18.17,2,lost,U,,,,challenger,src-1b7bc1c9d39a
IN-AC-1967-uttar-pradesh-401,uttar-pradesh,1969,401,MEERUT CANTONMENT,VIRESHWAR TYAGI,parties.IN.SSP,SSP,7264,13.52,3,forfeit,U,,,,challenger,src-1b7bc1c9d39a
IN-AC-1967-uttar-pradesh-401,uttar-pradesh,1969,401,MEERUT CANTONMENT,MAHENDRA DUTT SHARMA,parties.IN.BKD,BKD,7128,13.27,4,forfeit,U,,,,challenger,src-1b7bc1c9d39a
IN-AC-1967-uttar-pradesh-401,uttar-pradesh,1969,401,MEERUT CANTONMENT,MAIRAJ AHMED,parties.IN.IND,IND,5419,10.09,5,forfeit,U,,,,challenger,src-1b7bc1c9d39a
IN-AC-1967-uttar-pradesh-401,uttar-pradesh,1969,401,MEERUT CANTONMENT,BANARSI DASS,parties.IN.KMP,KMP,3088,5.75,6,forfeit,U,,,,challenger,src-1b7bc1c9d39a
IN-AC-1967-uttar-pradesh-401,uttar-pradesh,1969,401,MEERUT CANTONMENT,JAGPAL,parties.IN.IND,IND,761,1.42,7,forfeit,U,,,,challenger,src-1b7bc1c9d39a
IN-AC-1967-uttar-pradesh-401,uttar-pradesh,1969,401,MEERUT CANTONMENT,FAYAZ,parties.IN.IND,IND,659,1.23,8,forfeit,U,,,,challenger,src-1b7bc1c9d39a
IN-AC-1967-uttar-pradesh-401,uttar-pradesh,1969,401,MEERUT CANTONMENT,VIPIN BEHARI,parties.IN.RPI,RPI,505,0.94,9,forfeit,U,,,,challenger,src-1b7bc1c9d39a
IN-AC-1967-uttar-pradesh-401,uttar-pradesh,1969,401,MEERUT CANTONMENT,VIRENDRA SINGH,parties.IN.PBI,PBI,494,0.92,10,forfeit,U,,,,challenger,src-1b7bc1c9d39a
IN-AC-1967-uttar-pradesh-401,uttar-pradesh,1969,401,MEERUT CANTONMENT,SARUP SINGH SHANTOO,parties.IN.IND,IND,380,0.71,11,forfeit,U,,,,challenger,src-1b7bc1c9d39a
IN-AC-1967-uttar-pradesh-401,uttar-pradesh,1969,401,MEERUT CANTONMENT,JASWANT SINGH,parties.IN.MAP,MAP,350,0.65,12,forfeit,U,,,,challenger,src-1b7bc1c9d39a
IN-AC-1967-uttar-pradesh-402,uttar-pradesh,1969,402,ROHTA,RAMJI LAL SAHAYEK,parties.IN.INC,INC,28404,41.08,1,won,U,,,,challenger,src-1b7bc1c9d39a
IN-AC-1967-uttar-pradesh-402,uttar-pradesh,1969,402,ROHTA,HARI SINGH,parties.IN.BKD,BKD,27106,39.2,2,lost,U,,,,challenger,src-1b7bc1c9d39a
IN-AC-1967-uttar-pradesh-402,uttar-pradesh,1969,402,ROHTA,REOTI SHARAN MAURYA,parties.IN.RPI,RPI,9728,14.07,3,forfeit,U,,,,challenger,src-1b7bc1c9d39a
IN-AC-1967-uttar-pradesh-402,uttar-pradesh,1969,402,ROHTA,DAL CHAND GAUTAM,parties.IN.SSP,SSP,1608,2.33,4,forfeit,U,,,,challenger,src-1b7bc1c9d39a
IN-AC-1967-uttar-pradesh-402,uttar-pradesh,1969,402,ROHTA,MURLI SHARAN,parties.IN.IND,IND,1499,2.17,5,forfeit,U,,,,challenger,src-1b7bc1c9d39a
IN-AC-1967-uttar-pradesh-402,uttar-pradesh,1969,402,ROHTA,HARDEV SAHAI,parties.IN.PBI,PBI,803,1.16,6,forfeit,U,,,,challenger,src-1b7bc1c9d39a
IN-AC-1967-uttar-pradesh-403,uttar-pradesh,1969,403,KHEKHRA,NAIPAL,parties.IN.BKD,BKD,28308,44.78,1,won,U,,,,challenger,src-1b7bc1c9d39a
IN-AC-1967-uttar-pradesh-403,uttar-pradesh,1969,403,KHEKHRA,MAN SINGH,parties.IN.INC,INC,23537,37.23,2,lost,U,,,,challenger,src-1b7bc1c9d39a
IN-AC-1967-uttar-pradesh-403,uttar-pradesh,1969,403,KHEKHRA,ACHARIYA DEEPANKER,parties.IN.CPI,CPI,7764,12.28,3,forfeit,U,,,,challenger,src-1b7bc1c9d39a
IN-AC-1967-uttar-pradesh-403,uttar-pradesh,1969,403,KHEKHRA,DNKAR,parties.IN.IND,IND,2389,3.78,4,forfeit,U,,,,challenger,src-1b7bc1c9d39a
IN-AC-1967-uttar-pradesh-403,uttar-pradesh,1969,403,KHEKHRA,RAMANAND TIAGI,parties.IN.BJS,BJS,1222,1.93,5,forfeit,U,,,,challenger,src-1b7bc1c9d39a
IN-AC-1967-uttar-pradesh-404,uttar-pradesh,1969,404,BARAUT,VIKRAM SINGH,parties.IN.INC,INC,30630,43.33,1,won,U,,,,challenger,src-1b7bc1c9d39a
IN-AC-1967-uttar-pradesh-404,uttar-pradesh,1969,404,BARAUT,MOHD. RAFIQ,parties.IN.BKD,BKD,25319,35.82,2,lost,U,,,,challenger,src-1b7bc1c9d39a
IN-AC-1967-uttar-pradesh-404,uttar-pradesh,1969,404,BARAUT,JAI PRAKASH PREMDEV,parties.IN.SSP,SSP,6145,8.69,3,forfeit,U,,,,challenger,src-1b7bc1c9d39a
IN-AC-1967-uttar-pradesh-404,uttar-pradesh,1969,404,BARAUT,ONKAR DUTT SHARMA,parties.IN.BJS,BJS,3561,5.04,4,forfeit,U,,,,challenger,src-1b7bc1c9d39a
IN-AC-1967-uttar-pradesh-404,uttar-pradesh,1969,404,BARAUT,PREM NARAIN,parties.IN.IND,IND,3271,4.63,5,forfeit,U,,,,challenger,src-1b7bc1c9d39a
IN-AC-1967-uttar-pradesh-404,uttar-pradesh,1969,404,BARAUT,GANGA SARAN,parties.IN.RPI,RPI,925,1.31,6,forfeit,U,,,,challenger,src-1b7bc1c9d39a
IN-AC-1967-uttar-pradesh-404,uttar-pradesh,1969,404,BARAUT,MOOL CHAND,parties.IN.PBI,PBI,473,0.67,7,forfeit,U,,,,challenger,src-1b7bc1c9d39a
IN-AC-1967-uttar-pradesh-404,uttar-pradesh,1969,404,BARAUT,AMEER HUSAIN,parties.IN.IND,IND,360,0.51,8,forfeit,U,,,,challenger,src-1b7bc1c9d39a
IN-AC-1967-uttar-pradesh-405,uttar-pradesh,1969,405,CHAPRAULI,CHARAN SINGH,parties.IN.BKD,BKD,62419,78.78,1,won,U,,,,challenger,src-1b7bc1c9d39a
IN-AC-1967-uttar-pradesh-405,uttar-pradesh,1969,405,CHAPRAULI,MUNSHI RAM,parties.IN.INC,INC,14479,18.27,2,lost,U,,,,challenger,src-1b7bc1c9d39a
IN-AC-1967-uttar-pradesh-405,uttar-pradesh,1969,405,CHAPRAULI,BANWARI LAL,parties.IN.IND,IND,1769,2.23,3,forfeit,U,,,,challenger,src-1b7bc1c9d39a
IN-AC-1967-uttar-pradesh-405,uttar-pradesh,1969,405,CHAPRAULI,SURAJ MAL,parties.IN.IND,IND,562,0.71,4,forfeit,U,,,,challenger,src-1b7bc1c9d39a
IN-AC-1967-uttar-pradesh-406,uttar-pradesh,1969,406,KANDHLA,AJAB SINGH,parties.IN.BKD,BKD,39469,49.52,1,won,U,,,,challenger,src-1b7bc1c9d39a
IN-AC-1967-uttar-pradesh-406,uttar-pradesh,1969,406,KANDHLA,SHAFQUAT JANG,parties.IN.INC,INC,17427,21.86,2,lost,U,,,,challenger,src-1b7bc1c9d39a
IN-AC-1967-uttar-pradesh-406,uttar-pradesh,1969,406,KANDHLA,VIJAY PAL SINGH,parties.IN.CPI,CPI,15125,18.98,3,lost,U,,,,challenger,src-1b7bc1c9d39a
IN-AC-1967-uttar-pradesh-406,uttar-pradesh,1969,406,KANDHLA,ISHWAR DAYAL,parties.IN.BJS,BJS,3898,4.89,4,forfeit,U,,,,challenger,src-1b7bc1c9d39a
IN-AC-1967-uttar-pradesh-406,uttar-pradesh,1969,406,KANDHLA,SUKKHA,parties.IN.RPI,RPI,2890,3.63,5,forfeit,U,,,,challenger,src-1b7bc1c9d39a
IN-AC-1967-uttar-pradesh-406,uttar-pradesh,1969,406,KANDHLA,PITAM SINGH,parties.IN.SWA,SWA,895,1.12,6,forfeit,U,,,,challenger,src-1b7bc1c9d39a
IN-AC-1967-uttar-pradesh-407,uttar-pradesh,1969,407,KHATAULI,VIRENDRA VERMA,parties.IN.BKD,BKD,28605,40.7,1,won,U,,,,challenger,src-1b7bc1c9d39a
IN-AC-1967-uttar-pradesh-407,uttar-pradesh,1969,407,KHATAULI,RAJENDRA DATTA,parties.IN.INC,INC,21756,30.96,2,lost,U,,,,challenger,src-1b7bc1c9d39a
IN-AC-1967-uttar-pradesh-407,uttar-pradesh,1969,407,KHATAULI,GANGA SAHAI,parties.IN.BJS,BJS,5918,8.42,3,forfeit,U,,,,challenger,src-1b7bc1c9d39a
IN-AC-1967-uttar-pradesh-407,uttar-pradesh,1969,407,KHATAULI,IFTIKHARUL HAQUE,parties.IN.KMP,KMP,5901,8.4,4,forfeit,U,,,,challenger,src-1b7bc1c9d39a
IN-AC-1967-uttar-pradesh-407,uttar-pradesh,1969,407,KHATAULI,VEER NARAIN SINGH,parties.IN.RPI,RPI,5378,7.65,5,forfeit,U,,,,challenger,src-1b7bc1c9d39a
IN-AC-1967-uttar-pradesh-407,uttar-pradesh,1969,407,KHATAULI,SHAMSHAD,parties.IN.SWA,SWA,1527,2.17,6,forfeit,U,,,,challenger,src-1b7bc1c9d39a
IN-AC-1967-uttar-pradesh-407,uttar-pradesh,1969,407,KHATAULI,KALU RAM,parties.IN.PBI,PBI,706,1,7,forfeit,U,,,,challenger,src-1b7bc1c9d39a
IN-AC-1967-uttar-pradesh-407,uttar-pradesh,1969,407,KHATAULI,AMIRUDDIN TUFANI,parties.IN.IND,IND,489,0.7,8,forfeit,U,,,,challenger,src-1b7bc1c9d39a
IN-AC-1967-uttar-pradesh-408,uttar-pradesh,1969,408,JANSATH,MANPHOOL SINGH,parties.IN.BKD,BKD,28391,50.55,1,won,U,,,,challenger,src-1b7bc1c9d39a
IN-AC-1967-uttar-pradesh-408,uttar-pradesh,1969,408,JANSATH,SHUGAN CHAND MAZDOOR,parties.IN.INC,INC,11589,20.64,2,lost,U,,,,challenger,src-1b7bc1c9d39a
IN-AC-1967-uttar-pradesh-408,uttar-pradesh,1969,408,JANSATH,MITHAN SINGH,parties.IN.KMP,KMP,7036,12.53,3,forfeit,U,,,,challenger,src-1b7bc1c9d39a
IN-AC-1967-uttar-pradesh-408,uttar-pradesh,1969,408,JANSATH,BHIKAM SINGH PREMI,parties.IN.RPI,RPI,4509,8.03,4,forfeit,U,,,,challenger,src-1b7bc1c9d39a
IN-AC-1967-uttar-pradesh-408,uttar-pradesh,1969,408,JANSATH,PRABHU DAYAL,parties.IN.CPI,CPI,2636,4.69,5,forfeit,U,,,,challenger,src-1b7bc1c9d39a
IN-AC-1967-uttar-pradesh-408,uttar-pradesh,1969,408,JANSATH,FATTU SINGH,parties.IN.IND,IND,1026,1.83,6,forfeit,U,,,,challenger,src-1b7bc1c9d39a
IN-AC-1967-uttar-pradesh-408,uttar-pradesh,1969,408,JANSATH,RAJA RAM,parties.IN.IND,IND,972,1.73,7,forfeit,U,,,,challenger,src-1b7bc1c9d39a
IN-AC-1967-uttar-pradesh-409,uttar-pradesh,1969,409,MORNA,DHARAMVIR SINGH,parties.IN.BKD,BKD,23982,36.97,1,won,U,,,,challenger,src-1b7bc1c9d39a
IN-AC-1967-uttar-pradesh-409,uttar-pradesh,1969,409,MORNA,MOHD . ZAMIRUDDIN,parties.IN.INC,INC,16042,24.73,2,lost,U,,,,challenger,src-1b7bc1c9d39a
IN-AC-1967-uttar-pradesh-409,uttar-pradesh,1969,409,MORNA,MUNFAIT,parties.IN.KMP,KMP,15055,23.21,3,lost,U,,,,challenger,src-1b7bc1c9d39a
IN-AC-1967-uttar-pradesh-409,uttar-pradesh,1969,409,MORNA,DHIR SINGH,parties.IN.CPI,CPI,4641,7.15,4,forfeit,U,,,,challenger,src-1b7bc1c9d39a
IN-AC-1967-uttar-pradesh-409,uttar-pradesh,1969,409,MORNA,PHOOL SINGH,parties.IN.PBI,PBI,2321,3.58,5,forfeit,U,,,,challenger,src-1b7bc1c9d39a
IN-AC-1967-uttar-pradesh-409,uttar-pradesh,1969,409,MORNA,DALIP,parties.IN.BJS,BJS,1596,2.46,6,forfeit,U,,,,challenger,src-1b7bc1c9d39a
IN-AC-1967-uttar-pradesh-409,uttar-pradesh,1969,409,MORNA,INDRA PAL,parties.IN.IND,IND,776,1.2,7,forfeit,U,,,,challenger,src-1b7bc1c9d39a
IN-AC-1967-uttar-pradesh-409,uttar-pradesh,1969,409,MORNA,RAM PRASAD,parties.IN.SWA,SWA,453,0.7,8,forfeit,U,,,,challenger,src-1b7bc1c9d39a
IN-AC-1967-uttar-pradesh-410,uttar-pradesh,1969,410,MUZAFFARNAGAR,SAEED MURTAZA,parties.IN.BKD,BKD,21665,32.53,1,won,U,,,,challenger,src-1b7bc1c9d39a
IN-AC-1967-uttar-pradesh-410,uttar-pradesh,1969,410,MUZAFFARNAGAR,KESHAV GUPTA,parties.IN.INC,INC,18596,27.92,2,lost,U,,,,challenger,src-1b7bc1c9d39a
IN-AC-1967-uttar-pradesh-410,uttar-pradesh,1969,410,MUZAFFARNAGAR,MALTI SHARMA,parties.IN.BJS,BJS,15161,22.77,3,lost,U,,,,challenger,src-1b7bc1c9d39a
IN-AC-1967-uttar-pradesh-410,uttar-pradesh,1969,410,MUZAFFARNAGAR,MOHAMMAD AFZAL,parties.IN.KMP,KMP,5825,8.75,4,forfeit,U,,,,challenger,src-1b7bc1c9d39a
IN-AC-1967-uttar-pradesh-410,uttar-pradesh,1969,410,MUZAFFARNAGAR,MAN SINGH,parties.IN.IND,IND,1749,2.63,5,forfeit,U,,,,challenger,src-1b7bc1c9d39a
IN-AC-1967-uttar-pradesh-410,uttar-pradesh,1969,410,MUZAFFARNAGAR,RAM KISHAN MITAL,parties.IN.IND,IND,1337,2.01,6,forfeit,U,,,,challenger,src-1b7bc1c9d39a
IN-AC-1967-uttar-pradesh-410,uttar-pradesh,1969,410,MUZAFFARNAGAR,TARA CHAND,parties.IN.IND,IND,837,1.26,7,forfeit,U,,,,challenger,src-1b7bc1c9d39a
IN-AC-1967-uttar-pradesh-410,uttar-pradesh,1969,410,MUZAFFARNAGAR,HARBIR,parties.IN.PBI,PBI,424,0.64,8,forfeit,U,,,,challenger,src-1b7bc1c9d39a
IN-AC-1967-uttar-pradesh-410,uttar-pradesh,1969,410,MUZAFFARNAGAR,BALJIT SINGH,parties.IN.MAP,MAP,371,0.56,9,forfeit,U,,,,challenger,src-1b7bc1c9d39a
IN-AC-1967-uttar-pradesh-410,uttar-pradesh,1969,410,MUZAFFARNAGAR,VIJENDRA PAL,parties.IN.SSP,SSP,318,0.48,10,forfeit,U,,,,challenger,src-1b7bc1c9d39a
IN-AC-1967-uttar-pradesh-410,uttar-pradesh,1969,410,MUZAFFARNAGAR,GIAN PRAKASH,parties.IN.IND,IND,157,0.24,11,forfeit,U,,,,challenger,src-1b7bc1c9d39a
IN-AC-1967-uttar-pradesh-410,uttar-pradesh,1969,410,MUZAFFARNAGAR,BHOPAL SINGH JAIN,parties.IN.IND,IND,153,0.23,12,forfeit,U,,,,challenger,src-1b7bc1c9d39a
IN-AC-1967-uttar-pradesh-411,uttar-pradesh,1969,411,CHARTHAWAL,NAIN SINGH,parties.IN.BKD,BKD,38060,59.95,1,won,U,,,,challenger,src-1b7bc1c9d39a
IN-AC-1967-uttar-pradesh-411,uttar-pradesh,1969,411,CHARTHAWAL,HARISH CHANDRA,parties.IN.IND,IND,20048,31.58,2,lost,U,,,,challenger,src-1b7bc1c9d39a
IN-AC-1967-uttar-pradesh-411,uttar-pradesh,1969,411,CHARTHAWAL,JAI SINGH,parties.IN.CPI,CPI,1335,2.1,3,forfeit,U,,,,challenger,src-1b7bc1c9d39a
IN-AC-1967-uttar-pradesh-411,uttar-pradesh,1969,411,CHARTHAWAL,JANGLESH,parties.IN.BJS,BJS,1212,1.91,4,forfeit,U,,,,challenger,src-1b7bc1c9d39a
IN-AC-1967-uttar-pradesh-411,uttar-pradesh,1969,411,CHARTHAWAL,RAM SINGH,parties.IN.IND,IND,1093,1.72,5,forfeit,U,,,,challenger,src-1b7bc1c9d39a
IN-AC-1967-uttar-pradesh-411,uttar-pradesh,1969,411,CHARTHAWAL,DINA NATH,parties.IN.SSP,SSP,987,1.55,6,forfeit,U,,,,challenger,src-1b7bc1c9d39a
IN-AC-1967-uttar-pradesh-411,uttar-pradesh,1969,411,CHARTHAWAL,ILAM CHAND,parties.IN.RPI,RPI,750,1.18,7,forfeit,U,,,,challenger,src-1b7bc1c9d39a
IN-AC-1967-uttar-pradesh-412,uttar-pradesh,1969,412,KAIRANA,CHANDRA BHAN,parties.IN.BKD,BKD,47244,60.37,1,won,U,,,,challenger,src-1b7bc1c9d39a
IN-AC-1967-uttar-pradesh-412,uttar-pradesh,1969,412,KAIRANA,SALEK CHAND SANGAL,parties.IN.INC,INC,27291,34.87,2,lost,U,,,,challenger,src-1b7bc1c9d39a
IN-AC-1967-uttar-pradesh-412,uttar-pradesh,1969,412,KAIRANA,RAGHUYIR SINGH,parties.IN.KMP,KMP,1500,1.92,3,forfeit,U,,,,challenger,src-1b7bc1c9d39a
IN-AC-1967-uttar-pradesh-412,uttar-pradesh,1969,412,KAIRANA,MEHAR DASS,parties.IN.BJS,BJS,1307,1.67,4,forfeit,U,,,,challenger,src-1b7bc1c9d39a
IN-AC-1967-uttar-pradesh-412,uttar-pradesh,1969,412,KAIRANA,RAM KISHAN MITAL,parties.IN.IND,IND,916,1.17,5,forfeit,U,,,,challenger,src-1b7bc1c9d39a
IN-AC-1967-uttar-pradesh-413,uttar-pradesh,1969,413,BHAWAN,RAO ABDUR RAFEY KHAN,parties.IN.BKD,BKD,42108,56.01,1,won,U,,,,challenger,src-1b7bc1c9d39a
IN-AC-1967-uttar-pradesh-413,uttar-pradesh,1969,413,BHAWAN,GAJENDRA SINGH,parties.IN.INC,INC,22093,29.39,2,lost,U,,,,challenger,src-1b7bc1c9d39a
IN-AC-1967-uttar-pradesh-413,uttar-pradesh,1969,413,BHAWAN,HASAN MEHDI,parties.IN.SSP,SSP,6274,8.35,3,forfeit,U,,,,challenger,src-1b7bc1c9d39a
IN-AC-1967-uttar-pradesh-413,uttar-pradesh,1969,413,BHAWAN,LAKHPAT,parties.IN.BJS,BJS,2458,3.27,4,forfeit,U,,,,challenger,src-1b7bc1c9d39a
IN-AC-1967-uttar-pradesh-413,uttar-pradesh,1969,413,BHAWAN,SHYAM,parties.IN.IND,IND,1189,1.58,5,forfeit,U,,,,challenger,src-1b7bc1c9d39a
IN-AC-1967-uttar-pradesh-413,uttar-pradesh,1969,413,BHAWAN,PREM CHAND,parties.IN.IND,IND,1051,1.4,6,forfeit,U,,,,challenger,src-1b7bc1c9d39a
IN-AC-1967-uttar-pradesh-414,uttar-pradesh,1969,414,NAKUR,QAZI MASOOD,parties.IN.IND,IND,22264,32.04,1,won,U,,,,challenger,src-1b7bc1c9d39a
IN-AC-1967-uttar-pradesh-414,uttar-pradesh,1969,414,NAKUR,SUKHBIR SINGH,parties.IN.KMP,KMP,14265,20.53,2,lost,U,,,,challenger,src-1b7bc1c9d39a
IN-AC-1967-uttar-pradesh-414,uttar-pradesh,1969,414,NAKUR,TUNGAL SINGH,parties.IN.BKD,BKD,13965,20.1,3,lost,U,,,,challenger,src-1b7bc1c9d39a
IN-AC-1967-uttar-pradesh-414,uttar-pradesh,1969,414,NAKUR,NARAIN SINGH,parties.IN.INC,INC,8112,11.67,4,forfeit,U,,,,challenger,src-1b7bc1c9d39a
IN-AC-1967-uttar-pradesh-414,uttar-pradesh,1969,414,NAKUR,CHOTTAN,parties.IN.IND,IND,3222,4.64,5,forfeit,U,,,,challenger,src-1b7bc1c9d39a
IN-AC-1967-uttar-pradesh-414,uttar-pradesh,1969,414,NAKUR,SUNHERA SINGH,parties.IN.SSP,SSP,2703,3.89,6,forfeit,U,,,,challenger,src-1b7bc1c9d39a
IN-AC-1967-uttar-pradesh-414,uttar-pradesh,1969,414,NAKUR,DHARAM SINGH,parties.IN.IND,IND,2150,3.09,7,forfeit,U,,,,challenger,src-1b7bc1c9d39a
IN-AC-1967-uttar-pradesh-414,uttar-pradesh,1969,414,NAKUR,GURBUX SINGH,parties.IN.BJS,BJS,1770,2.55,8,forfeit,U,,,,challenger,src-1b7bc1c9d39a
IN-AC-1967-uttar-pradesh-414,uttar-pradesh,1969,414,NAKUR,BISHAMBER,parties.IN.IND,IND,1037,1.49,9,forfeit,U,,,,challenger,src-1b7bc1c9d39a
IN-AC-1967-uttar-pradesh-415,uttar-pradesh,1969,415,SARSAWA,MOHD. MAHMOOD ALI KHAN,parties.IN.INC,INC,25236,42.2,1,won,U,,,,challenger,src-1b7bc1c9d39a
IN-AC-1967-uttar-pradesh-415,uttar-pradesh,1969,415,SARSAWA,RULHA SINGH,parties.IN.BKD,BKD,14579,24.38,2,lost,U,,,,challenger,src-1b7bc1c9d39a
IN-AC-1967-uttar-pradesh-415,uttar-pradesh,1969,415,SARSAWA,RAO MUKHTAR ALI KHAN,parties.IN.CPI,CPI,9778,16.35,3,forfeit,U,,,,challenger,src-1b7bc1c9d39a
IN-AC-1967-uttar-pradesh-415,uttar-pradesh,1969,415,SARSAWA,HARDEV SINGH,parties.IN.SWA,SWA,3768,6.3,4,forfeit,U,,,,challenger,src-1b7bc1c9d39a
IN-AC-1967-uttar-pradesh-415,uttar-pradesh,1969,415,SARSAWA,BUDHWA,parties.IN.IND,IND,2647,4.43,5,forfeit,U,,,,challenger,src-1b7bc1c9d39a
IN-AC-1967-uttar-pradesh-415,uttar-pradesh,1969,415,SARSAWA,SANGAT RAM,parties.IN.IND,IND,1581,2.64,6,forfeit,U,,,,challenger,src-1b7bc1c9d39a
IN-AC-1967-uttar-pradesh-415,uttar-pradesh,1969,415,SARSAWA,TARA CHAND,parties.IN.PSP,PSP,1524,2.55,7,forfeit,U,,,,challenger,src-1b7bc1c9d39a
IN-AC-1967-uttar-pradesh-415,uttar-pradesh,1969,415,SARSAWA,KAMIL,parties.IN.IND,IND,683,1.14,8,forfeit,U,,,,challenger,src-1b7bc1c9d39a
IN-AC-1967-uttar-pradesh-416,uttar-pradesh,1969,416,NAGAL,RAM SINGH,parties.IN.INC,INC,19351,33.71,1,won,U,,,,challenger,src-1b7bc1c9d39a
IN-AC-1967-uttar-pradesh-416,uttar-pradesh,1969,416,NAGAL,CHATAR SAIN,parties.IN.BKD,BKD,17819,31.05,2,lost,U,,,,challenger,src-1b7bc1c9d39a
IN-AC-1967-uttar-pradesh-416,uttar-pradesh,1969,416,NAGAL,BALWANT SINGH,parties.IN.RPI,RPI,8555,14.91,3,forfeit,U,,,,challenger,src-1b7bc1c9d39a
IN-AC-1967-uttar-pradesh-416,uttar-pradesh,1969,416,NAGAL,BUDH SINGH,parties.IN.KMP,KMP,6487,11.3,4,forfeit,U,,,,challenger,src-1b7bc1c9d39a
IN-AC-1967-uttar-pradesh-416,uttar-pradesh,1969,416,NAGAL,BHAGWAT,parties.IN.BJS,BJS,5184,9.03,5,forfeit,U,,,,challenger,src-1b7bc1c9d39a
IN-AC-1967-uttar-pradesh-417,uttar-pradesh,1969,417,DEOBAND,MAHABIR SINGH,parties.IN.INC,INC,26279,37.55,1,won,U,,,,challenger,src-1b7bc1c9d39a
IN-AC-1967-uttar-pradesh-417,uttar-pradesh,1969,417,DEOBAND,JAMIL AHMAD,parties.IN.BKD,BKD,20061,28.66,2,lost,U,,,,challenger,src-1b7bc1c9d39a
IN-AC-1967-uttar-pradesh-417,uttar-pradesh,1969,417,DEOBAND,KASHI RAM,parties.IN.RPI,RPI,11034,15.77,3,forfeit,U,,,,challenger,src-1b7bc1c9d39a
IN-AC-1967-uttar-pradesh-417,uttar-pradesh,1969,417,DEOBAND,KHARAK SINGH,parties.IN.BJS,BJS,5231,7.47,4,forfeit,U,,,,challenger,src-1b7bc1c9d39a
IN-AC-1967-uttar-pradesh-417,uttar-pradesh,1969,417,DEOBAND,TIKA RAM,parties.IN.KMP,KMP,3001,4.29,5,forfeit,U,,,,challenger,src-1b7bc1c9d39a
IN-AC-1967-uttar-pradesh-417,uttar-pradesh,1969,417,DEOBAND,MAHIPAL SINGH,parties.IN.IND,IND,1725,2.46,6,forfeit,U,,,,challenger,src-1b7bc1c9d39a
IN-AC-1967-uttar-pradesh-417,uttar-pradesh,1969,417,DEOBAND,JAI SINGH,parties.IN.SSP,SSP,1386,1.98,7,forfeit,U,,,,challenger,src-1b7bc1c9d39a
IN-AC-1967-uttar-pradesh-417,uttar-pradesh,1969,417,DEOBAND,NAGINA,parties.IN.IND,IND,972,1.39,8,forfeit,U,,,,challenger,src-1b7bc1c9d39a
IN-AC-1967-uttar-pradesh-417,uttar-pradesh,1969,417,DEOBAND,ISHRAT HUSAIN,parties.IN.IND,IND,298,0.43,9,forfeit,U,,,,challenger,src-1b7bc1c9d39a
IN-AC-1967-uttar-pradesh-418,uttar-pradesh,1969,418,HARORA,SHAKUNTLA DEVI,parties.IN.INC,INC,24118,46.47,1,won,U,,,,incumbent,src-1b7bc1c9d39a
IN-AC-1967-uttar-pradesh-418,uttar-pradesh,1969,418,HARORA,BIMLA RAKESH,parties.IN.BKD,BKD,20661,39.81,2,lost,U,,,,challenger,src-1b7bc1c9d39a
IN-AC-1967-uttar-pradesh-418,uttar-pradesh,1969,418,HARORA,OM PRAKASH,parties.IN.SSP,SSP,4007,7.72,3,forfeit,U,,,,challenger,src-1b7bc1c9d39a
IN-AC-1967-uttar-pradesh-418,uttar-pradesh,1969,418,HARORA,DINESH KUMAR,parties.IN.IND,IND,2211,4.26,4,forfeit,U,,,,challenger,src-1b7bc1c9d39a
IN-AC-1967-uttar-pradesh-418,uttar-pradesh,1969,418,HARORA,SHYAM LAL,parties.IN.SWA,SWA,908,1.75,5,forfeit,U,,,,challenger,src-1b7bc1c9d39a
IN-AC-1967-uttar-pradesh-419,uttar-pradesh,1969,419,SAHARANPUR,JAGGAN NATH KHANNA,parties.IN.BJS,BJS,31569,45.57,1,won,U,,,,challenger,src-1b7bc1c9d39a
IN-AC-1967-uttar-pradesh-419,uttar-pradesh,1969,419,SAHARANPUR,ABDUL KHALIQ,parties.IN.INC,INC,30405,43.89,2,lost,U,,,,challenger,src-1b7bc1c9d39a
IN-AC-1967-uttar-pradesh-419,uttar-pradesh,1969,419,SAHARANPUR,PHOOL CHAND,parties.IN.BKD,BKD,4220,6.09,3,forfeit,U,,,,challenger,src-1b7bc1c9d39a
IN-AC-1967-uttar-pradesh-419,uttar-pradesh,1969,419,SAHARANPUR,BANWARI,parties.IN.IND,IND,1808,2.61,4,forfeit,U,,,,challenger,src-1b7bc1c9d39a
IN-AC-1967-uttar-pradesh-419,uttar-pradesh,1969,419,SAHARANPUR,JAMEEL AHMAD,parties.IN.IND,IND,617,0.89,5,forfeit,U,,,,challenger,src-1b7bc1c9d39a
IN-AC-1967-uttar-pradesh-419,uttar-pradesh,1969,419,SAHARANPUR,KISHAN SINGH,parties.IN.IND,IND,440,0.64,6,forfeit,U,,,,challenger,src-1b7bc1c9d39a
IN-AC-1967-uttar-pradesh-419,uttar-pradesh,1969,419,SAHARANPUR,VIJAY PAL,parties.IN.PBI,PBI,218,0.31,7,forfeit,U,,,,challenger,src-1b7bc1c9d39a
IN-AC-1967-uttar-pradesh-420,uttar-pradesh,1969,420,MUZAFFARABAD,SARDAR SINGH,parties.IN.BKD,BKD,20970,28.15,1,won,U,,,,challenger,src-1b7bc1c9d39a
IN-AC-1967-uttar-pradesh-420,uttar-pradesh,1969,420,MUZAFFARABAD,PHOOL SINGH,parties.IN.INC,INC,20435,27.43,2,lost,U,,,,challenger,src-1b7bc1c9d39a
IN-AC-1967-uttar-pradesh-420,uttar-pradesh,1969,420,MUZAFFARABAD,MULKI RAJ,parties.IN.SSP,SSP,10614,14.25,3,forfeit,U,,,,challenger,src-1b7bc1c9d39a
IN-AC-1967-uttar-pradesh-420,uttar-pradesh,1969,420,MUZAFFARABAD,RAO MAHMOOD AHMAD KHAN,parties.IN.IND,IND,8928,11.99,4,forfeit,U,,,,challenger,src-1b7bc1c9d39a
IN-AC-1967-uttar-pradesh-420,uttar-pradesh,1969,420,MUZAFFARABAD,JASWANT SINGH,parties.IN.IND,IND,4683,6.29,5,forfeit,U,,,,challenger,src-1b7bc1c9d39a
IN-AC-1967-uttar-pradesh-420,uttar-pradesh,1969,420,MUZAFFARABAD,JAMIL AHMAD,parties.IN.IND,IND,2698,3.62,6,forfeit,U,,,,challenger,src-1b7bc1c9d39a
IN-AC-1967-uttar-pradesh-420,uttar-pradesh,1969,420,MUZAFFARABAD,FAKIR CHAND,parties.IN.SWA,SWA,1799,2.41,7,forfeit,U,,,,challenger,src-1b7bc1c9d39a
IN-AC-1967-uttar-pradesh-420,uttar-pradesh,1969,420,MUZAFFARABAD,ATTAR SINGH,parties.IN.BJS,BJS,1687,2.26,8,forfeit,U,,,,challenger,src-1b7bc1c9d39a
IN-AC-1967-uttar-pradesh-420,uttar-pradesh,1969,420,MUZAFFARABAD,PHULLO,parties.IN.IND,IND,1060,1.42,9,forfeit,U,,,,challenger,src-1b7bc1c9d39a
IN-AC-1967-uttar-pradesh-420,uttar-pradesh,1969,420,MUZAFFARABAD,HASHMAT,parties.IN.IND,IND,832,1.12,10,forfeit,U,,,,challenger,src-1b7bc1c9d39a
IN-AC-1967-uttar-pradesh-420,uttar-pradesh,1969,420,MUZAFFARABAD,SHAFIQ AHMAD,parties.IN.IND,IND,787,1.06,11,forfeit,U,,,,challenger,src-1b7bc1c9d39a
IN-AC-1967-uttar-pradesh-421,uttar-pradesh,1969,421,ROORKEE,J . N . SINHA,parties.IN.INC,INC,26692,33.92,1,won,U,,,,incumbent,src-1b7bc1c9d39a
IN-AC-1967-uttar-pradesh-421,uttar-pradesh,1969,421,ROORKEE,RAO MUSHTAQ,parties.IN.BKD,BKD,26017,33.06,2,lost,U,,,,challenger,src-1b7bc1c9d39a
IN-AC-1967-uttar-pradesh-421,uttar-pradesh,1969,421,ROORKEE,MOLJAR SINGH,parties.IN.SSP,SSP,13762,17.49,3,lost,U,,,,challenger,src-1b7bc1c9d39a
IN-AC-1967-uttar-pradesh-421,uttar-pradesh,1969,421,ROORKEE,CHANDRAKANT,parties.IN.BJS,BJS,12214,15.52,4,forfeit,U,,,,challenger,src-1b7bc1c9d39a
IN-AC-1967-uttar-pradesh-422,uttar-pradesh,1969,422,LHAKSAR,SUKHBIR,parties.IN.BKD,BKD,21845,33.1,1,won,U,,,,challenger,src-1b7bc1c9d39a
IN-AC-1967-uttar-pradesh-422,uttar-pradesh,1969,422,LHAKSAR,SAYEED AHMED,parties.IN.INC,INC,17856,27.06,2,lost,U,,,,challenger,src-1b7bc1c9d39a
IN-AC-1967-uttar-pradesh-422,uttar-pradesh,1969,422,LHAKSAR,GAJENDRA SINGH,parties.IN.KMP,KMP,16687,25.29,3,lost,U,,,,challenger,src-1b7bc1c9d39a
IN-AC-1967-uttar-pradesh-422,uttar-pradesh,1969,422,LHAKSAR,BHARAT SINGH,parties.IN.SSP,SSP,3028,4.59,4,forfeit,U,,,,challenger,src-1b7bc1c9d39a
IN-AC-1967-uttar-pradesh-422,uttar-pradesh,1969,422,LHAKSAR,VIJA PAL SINGH,parties.IN.IND,IND,2939,4.45,5,forfeit,U,,,,challenger,src-1b7bc1c9d39a
IN-AC-1967-uttar-pradesh-422,uttar-pradesh,1969,422,LHAKSAR,VISHWANATH,parties.IN.BJS,BJS,1577,2.39,6,forfeit,U,,,,challenger,src-1b7bc1c9d39a
IN-AC-1967-uttar-pradesh-422,uttar-pradesh,1969,422,LHAKSAR,NASIR ALI,parties.IN.IND,IND,1314,1.99,7,forfeit,U,,,,challenger,src-1b7bc1c9d39a
IN-AC-1967-uttar-pradesh-422,uttar-pradesh,1969,422,LHAKSAR,KABOOL AHMED,parties.IN.IND,IND,745,1.13,8,forfeit,U,,,,challenger,src-1b7bc1c9d39a
IN-AC-1967-uttar-pradesh-423,uttar-pradesh,1969,423,HARDWAR,SHANTI PRAPAN SHARMA,parties.IN.INC,INC,37491,62.58,1,won,U,,,,challenger,src-1b7bc1c9d39a
IN-AC-1967-uttar-pradesh-423,uttar-pradesh,1969,423,HARDWAR,RAM MURTI VIR,parties.IN.BJS,BJS,16696,27.87,2,lost,U,,,,challenger,src-1b7bc1c9d39a
IN-AC-1967-uttar-pradesh-423,uttar-pradesh,1969,423,HARDWAR,CHANDER BHAN,parties.IN.IND,IND,2938,4.9,3,forfeit,U,,,,challenger,src-1b7bc1c9d39a
IN-AC-1967-uttar-pradesh-423,uttar-pradesh,1969,423,HARDWAR,DEWAN SINGH,parties.IN.SSP,SSP,1540,2.57,4,forfeit,U,,,,challenger,src-1b7bc1c9d39a
IN-AC-1967-uttar-pradesh-423,uttar-pradesh,1969,423,HARDWAR,DAL CHAND CHHACHHAR,parties.IN.IND,IND,595,0.99,5,forfeit,U,,,,challenger,src-1b7bc1c9d39a
IN-AC-1967-uttar-pradesh-423,uttar-pradesh,1969,423,HARDWAR,SHOBA NATH,parties.IN.IND,IND,446,0.74,6,forfeit,U,,,,challenger,src-1b7bc1c9d39a
IN-AC-1967-uttar-pradesh-423,uttar-pradesh,1969,423,HARDWAR,JAGAN NAIN BAHUGUNA,parties.IN.IND,IND,202,0.34,7,forfeit,U,,,,challenger,src-1b7bc1c9d39a
IN-AC-1967-uttar-pradesh-424,uttar-pradesh,1969,424,DEHRA DUN,NITYA NAND SWAMI,parties.IN.BJS,BJS,20349,35.97,1,won,U,,,,challenger,src-1b7bc1c9d39a
IN-AC-1967-uttar-pradesh-424,uttar-pradesh,1969,424,DEHRA DUN,KRISHAN CHAND SINGHAL,parties.IN.INC,INC,17185,30.37,2,lost,U,,,,challenger,src-1b7bc1c9d39a
IN-AC-1967-uttar-pradesh-424,uttar-pradesh,1969,424,DEHRA DUN,SUNIL CHANDRA DATTA,parties.IN.IND,IND,15076,26.65,3,lost,U,,,,challenger,src-1b7bc1c9d39a
IN-AC-1967-uttar-pradesh-424,uttar-pradesh,1969,424,DEHRA DUN,RAJENDRA PRASAD DOBHAL,parties.IN.PSP,PSP,3210,5.67,4,forfeit,U,,,,challenger,src-1b7bc1c9d39a
IN-AC-1967-uttar-pradesh-424,uttar-pradesh,1969,424,DEHRA DUN,RAM CHANDER,parties.IN.IND,IND,335,0.59,5,forfeit,U,,,,challenger,src-1b7bc1c9d39a
IN-AC-1967-uttar-pradesh-424,uttar-pradesh,1969,424,DEHRA DUN,GIRISH CHANDRA JUYAL,parties.IN.IND,IND,185,0.33,6,forfeit,U,,,,challenger,src-1b7bc1c9d39a
IN-AC-1967-uttar-pradesh-424,uttar-pradesh,1969,424,DEHRA DUN,RAM AVTAR,parties.IN.PBI,PBI,157,0.28,7,forfeit,U,,,,challenger,src-1b7bc1c9d39a
IN-AC-1967-uttar-pradesh-424,uttar-pradesh,1969,424,DEHRA DUN,IRSHAD AHMAD,parties.IN.IND,IND,81,0.14,8,forfeit,U,,,,challenger,src-1b7bc1c9d39a
IN-AC-1967-uttar-pradesh-425,uttar-pradesh,1969,425,MUSSOORIE,GULAB SINGH,parties.IN.INC,INC,17872,45.45,1,won,U,,,,incumbent,src-1b7bc1c9d39a
IN-AC-1967-uttar-pradesh-425,uttar-pradesh,1969,425,MUSSOORIE,BRAHM DATT,parties.IN.SSP,SSP,9524,24.22,2,lost,U,,,,challenger,src-1b7bc1c9d39a
IN-AC-1967-uttar-pradesh-425,uttar-pradesh,1969,425,MUSSOORIE,BHISHAM DEV NAUTIYAL,parties.IN.BJS,BJS,7838,19.93,3,lost,U,,,,challenger,src-1b7bc1c9d39a
IN-AC-1967-uttar-pradesh-425,uttar-pradesh,1969,425,MUSSOORIE,WAHID HUSSAIN,parties.IN.RPI,RPI,4089,10.4,4,forfeit,U,,,,challenger,src-1b7bc1c9d39a
