{"type":"Topology","arcs":[[[35859,40742],[93,9]],[[35952,40751],[153,103]],[[36105,40854],[40,21]],[[36145,40875],[-121,273]],[[36024,41148],[-4,-3]],[[36020,41145],[4,3]],[[36024,41148],[157,461]],[[36181,41609],[254,136]],[[36435,41745],[517,-123]],[[36952,41622],[-161,-545]],[[36791,41077],[147,-282]],[[36938,40795],[127,-65]],[[37065,40730],[-386,-19],[6,-570]],[[36685,40141],[-93,19]],[[36592,40160],[-191,3]],[[36401,40163],[-260,-62]],[[36141,40101],[-177,109]],[[35964,40210],[-258,563]],[[35706,40773],[153,-31]],[[36141,40101],[-581,-421]],[[35560,39680],[-176,517]],[[35384,40197],[580,13]],[[36791,41077],[115,-56]],[[36906,41021],[32,-226]],[[36952,41622],[226,-165]],[[37178,41457],[-31,-74]],[[37147,41383],[19,-186]],[[37166,41197],[4,-3]],[[37170,41194],[52,-102]],[[37222,41092],[-316,-71]],[[37147,41383],[23,-189]],[[37170,41194],[-4,3]],[[37178,41457],[491,-133]],[[37669,41324],[-26,-681]],[[37643,40643],[-395,59]],[[37248,40702],[-26,390]],[[37669,41324],[94,229]],[[37763,41553],[381,-399]],[[38144,41154],[-377,-731]],[[37767,40423],[-90,214]],[[37677,40637],[-34,6]],[[37733,39739],[254,-703],[517,-418]],[[38504,38618],[-793,-1003],[2,-366],[-618,-269]],[[37095,36980],[117,1167],[-304,276],[38,867]],[[36946,39290],[531,628],[256,-179]],[[38144,41154],[362,-220],[2,0]],[[38508,40934],[350,-214]],[[38858,40720],[415,-1093]],[[39273,39627],[-262,-275],[-513,851],[-582,-62]],[[37916,40141],[-149,282]],[[37733,39739],[183,402]],[[39273,39627],[116,-365]],[[39389,39262],[-557,3],[-121,-870]],[[38711,38395],[-207,223]],[[36181,41609],[-410,121]],[[35771,41730],[203,545]],[[35974,42275],[461,-530]],[[35771,41730],[-6,-3]],[[35765,41727],[-224,-40]],[[35541,41687],[-225,37]],[[35316,41724],[471,666]],[[35787,42390],[187,-115]],[[35316,41724],[-58,-189]],[[35258,41535],[-349,415],[-108,960],[-276,585],[52,588]],[[34577,44083],[21,245]],[[34598,44328],[275,-59]],[[34873,44269],[389,-799],[694,-173],[-169,-907]],[[36020,41145],[-48,102]],[[35972,41247],[-207,480]],[[35384,40197],[-94,3]],[[35290,40200],[-213,493],[110,619]],[[35187,41312],[268,-279],[197,109]],[[35652,41142],[38,-13]],[[35690,41129],[16,-356]],[[36105,40854],[40,21]],[[37248,40702],[-2,0]],[[37246,40702],[-181,28]],[[37246,40702],[-185,-539]],[[37061,40163],[-8,0]],[[37053,40163],[-368,-22]],[[35859,40742],[93,9]],[[35652,41142],[38,-13]],[[35972,41247],[-306,46]],[[35666,41293],[-125,394]],[[35666,41293],[-14,-151]],[[35187,41312],[32,102]],[[35219,41414],[27,84]],[[35246,41498],[12,37]],[[37677,40637],[-149,-449],[-467,-25]],[[37053,40163],[-87,-477],[-374,474]],[[36946,39290],[-517,356]],[[36429,39646],[-28,517]],[[35290,40200],[-350,-74]],[[34940,40126],[-39,80]],[[34901,40206],[157,703],[161,505]],[[35219,41414],[27,84]],[[36429,39646],[-533,-220]],[[35896,39426],[-336,254]],[[31993,34645],[417,-824]],[[32410,33821],[-173,-576],[243,-755],[-374,-456]],[[32106,32034],[-433,598],[-1088,31],[-200,1062],[-211,220]],[[30174,33945],[324,737],[435,-204],[563,483],[497,-316]],[[29705,39092],[348,-62],[36,2387]],[[30089,41417],[324,935]],[[30413,42352],[143,-789],[1888,313],[282,-304]],[[32726,41572],[-385,-297],[-265,-1106],[-711,-272],[-90,-378],[577,-2127]],[[31852,37392],[-692,-25],[-618,340]],[[30542,37707],[-211,697],[-660,332],[34,356]],[[30174,33945],[-505,-728],[-1063,483]],[[28606,33700],[686,2171]],[[29292,35871],[479,-319],[363,839],[654,-247],[135,486],[-381,1077]],[[31852,37392],[-16,-452]],[[31836,36940],[177,-552],[455,267],[12,-1422],[-487,-588]],[[34940,40126],[-369,-316],[-342,-858]],[[34229,38952],[-267,1741]],[[33962,40693],[768,148],[171,-635]],[[30413,42352],[17,880],[310,755]],[[30740,43987],[408,431],[435,-74]],[[31583,44344],[318,58],[557,700]],[[32458,45102],[562,-52],[787,-864]],[[33807,44186],[-63,-1128],[-748,-418],[22,-501],[624,-397],[128,-579]],[[33770,41163],[-368,47]],[[33402,41210],[-676,362]],[[33189,41086],[145,68]],[[33334,41154],[-145,-68]],[[31836,36940],[683,222],[201,2177],[477,140]],[[33197,39479],[781,-790]],[[33978,38689],[-151,-554],[217,-1109]],[[34044,37026],[48,-1372]],[[34092,35654],[-984,-752],[-487,99],[-211,-1180]],[[32106,32034],[58,-411]],[[32164,31623],[-4,-490]],[[32160,31133],[-370,-170],[-193,-567]],[[31597,30396],[-723,-839],[-183,359],[-555,3]],[[30136,29919],[-312,419],[-532,-62]],[[29292,30276],[-533,195],[-346,588],[-700,712]],[[27713,31771],[139,263]],[[27852,32034],[360,409],[394,1257]],[[33402,41210],[-68,-56]],[[33189,41086],[-377,-400],[385,-1207]],[[29292,35871],[-303,1666]],[[28989,37537],[436,1604]],[[29425,39141],[280,-49]],[[34229,38952],[-251,-263]],[[33770,41163],[192,-470]],[[38562,30595],[862,77],[209,-715],[690,-152]],[[40323,29805],[-199,-1685],[95,-693]],[[40219,27427],[-564,449],[-1884,-319]],[[37771,27557],[-281,901],[483,260],[151,1725],[438,152]],[[38562,30595],[-1163,359]],[[37399,30954],[-276,542]],[[37123,31496],[435,387],[-38,864],[660,929]],[[38180,33676],[479,-610],[861,402],[1000,-362]],[[40520,33106],[-116,-845]],[[40404,32261],[-77,-462],[356,-523],[6,-1199],[375,-86]],[[41064,29991],[-741,-186]],[[40219,27427],[173,-1316]],[[40392,26111],[42,-1217]],[[40434,24894],[-517,-768],[-445,-994]],[[39472,23132],[-1264,-99],[-720,319]],[[37488,23352],[169,1136],[-1057,1375]],[[36600,25863],[648,1700]],[[37248,27563],[523,-6]],[[38180,33676],[10,1316]],[[38190,34992],[298,511],[640,-115],[714,505],[503,56]],[[40345,35949],[117,-344],[-431,-960],[33,-1050],[456,-489]],[[40345,35949],[640,-47]],[[40985,35902],[940,-1204],[34,-415]],[[41959,34283],[-678,68],[-137,-480],[258,-647],[-401,-796]],[[41001,32428],[-597,-167]],[[37248,27563],[-551,285]],[[36697,27848],[666,443],[64,1217],[169,387],[-589,467]],[[37007,30362],[392,592]],[[41001,32428],[1023,-1007]],[[42024,31421],[-471,-337],[292,-595],[-278,-625]],[[41567,29864],[-503,127]],[[33807,44186],[770,-103]],[[35896,39426],[-586,-257],[-107,-1369],[-483,-266],[-122,-458],[-554,-50]],[[12580,39531],[807,827]],[[13387,40358],[451,-371]],[[13838,39987],[-167,-267],[-1004,-511]],[[12667,39209],[-87,322]],[[11769,38383],[159,492],[652,656]],[[12667,39209],[569,-1006],[-50,-443]],[[13186,37760],[-388,-229]],[[12798,37531],[-606,954],[-423,-102]],[[13838,39987],[970,21]],[[14808,40008],[-34,-1022],[465,-752],[-393,-167]],[[14846,38067],[-2,0],[-996,-651],[-662,344]],[[18181,42569],[262,3]],[[18443,42572],[111,3]],[[18554,42575],[24,-709],[473,-792]],[[19051,41074],[-141,-508]],[[18910,40566],[68,-771],[-881,114]],[[18097,39909],[-882,914]],[[17215,40823],[753,991],[213,755]],[[21866,43681],[332,-1474]],[[22198,42207],[-1203,-40],[-358,-1183],[241,-1031]],[[20878,39953],[-887,46]],[[19991,39999],[-1081,567]],[[19051,41074],[813,9],[561,399],[18,685],[-382,551]],[[20061,42718],[147,114],[84,1889],[157,378],[820,-80],[462,-378],[135,-960]],[[16281,44467],[-499,-1362],[79,-660],[396,-257]],[[16257,42188],[-632,-15]],[[15625,42173],[-239,3]],[[15386,42176],[-193,1403],[298,576],[790,312]],[[12798,37531],[-441,-681],[117,-830],[426,-316],[314,-740]],[[13214,34964],[-837,-19],[-823,251],[-1065,-858],[-831,-235]],[[9658,34103],[-159,285]],[[9499,34388],[674,1158],[-271,455],[895,564],[429,972],[-34,558],[577,288]],[[9477,34366],[4,3]],[[9481,34369],[0,3]],[[9481,34369],[-4,-3]],[[18276,36989],[-71,700]],[[18205,37689],[753,-273],[497,-842]],[[19455,36574],[-706,47],[-473,368]],[[13387,40358],[636,725],[526,344]],[[14549,41427],[368,-480],[241,-846]],[[15158,40101],[-350,-93]],[[12935,33685],[617,90],[-144,557]],[[13408,34332],[531,-415],[1097,106]],[[15036,34023],[642,-1800]],[[15678,32223],[-12,-3]],[[15666,32220],[-960,325],[-25,-848],[-853,-480]],[[13828,31217],[-483,520],[-410,1948]],[[14549,41427],[770,337],[67,412]],[[15625,42173],[449,-827]],[[16074,41346],[-916,-1245]],[[15158,40101],[795,-579]],[[15953,39522],[850,53]],[[16803,39575],[1292,71]],[[18095,39646],[110,-1957]],[[18276,36989],[-308,452],[-328,-356]],[[17640,37085],[-32,638],[-608,387],[-564,-365],[-849,-1180]],[[15587,36565],[-741,1502]],[[17736,43433],[7,-37]],[[17743,43396],[84,-610],[354,-217]],[[17215,40823],[-831,489]],[[16384,41312],[356,331]],[[16740,41643],[1003,1753]],[[17743,43396],[-7,37]],[[13214,34964],[194,-632]],[[12935,33685],[-789,-74],[-349,250],[-1251,-195],[-387,-511]],[[10159,33155],[-501,948]],[[15587,36565],[401,-505],[422,-963]],[[16410,35097],[-1113,-136],[-436,232],[175,-1170]],[[17736,35147],[316,411]],[[18052,35558],[198,679],[1006,-378],[606,285],[191,368]],[[20053,36512],[292,-34]],[[20345,36478],[-246,-1551],[-173,-10]],[[19926,34917],[-292,-356],[-432,260],[-59,-1012]],[[19143,33809],[-1388,1183],[-19,155]],[[17640,37085],[412,-1527]],[[17736,35147],[-696,-378],[-630,328]],[[19455,36574],[598,-62]],[[13828,31217],[-930,-752]],[[12898,30465],[-833,253],[-537,967],[-171,-418],[-511,-38]],[[10846,31229],[-797,920],[110,1006]],[[19143,33809],[200,-471]],[[19343,33338],[-882,-260]],[[18461,33078],[-831,269],[-256,-331],[-428,691],[-809,-158],[521,-877]],[[16658,32672],[-980,-449]],[[18443,42572],[111,3]],[[18554,42575],[1054,-49],[453,192]],[[16740,41643],[-483,545]],[[16281,44467],[510,112],[893,-784],[52,-362]],[[6637,32945],[298,582],[1143,886],[666,-164],[733,117]],[[9481,34372],[18,16]],[[10846,31229],[-455,-136],[-234,-762]],[[10157,30331],[-265,-489],[-1385,245]],[[8507,30087],[-403,319],[254,610],[-835,898],[-119,1130],[-767,-99]],[[18097,39909],[-2,-263]],[[16803,39575],[-471,545],[-379,-598]],[[16074,41346],[310,-34]],[[19991,39999],[316,-1124],[348,-650]],[[20655,38225],[197,-1307],[284,-505]],[[21136,36413],[-791,65]],[[22709,39655],[1307,44]],[[24016,39699],[-256,-456],[1008,-105]],[[24768,39138],[-438,-1254]],[[24330,37884],[-53,-9]],[[24277,37875],[-1324,86]],[[22953,37961],[-771,852],[527,842]],[[22709,39655],[-483,911],[475,799],[387,6]],[[23088,41371],[410,322]],[[23498,41693],[-90,-858],[408,-486],[425,118]],[[24241,40467],[139,-4]],[[24380,40463],[-364,-764]],[[21136,36413],[-149,-796],[1400,-706]],[[22387,34911],[-175,-662]],[[22212,34249],[-1934,117]],[[20278,34366],[-352,551]],[[24241,40467],[-201,263],[336,1511],[849,-718],[244,987]],[[25469,42510],[694,-876]],[[26163,41634],[-616,-629],[-280,-1037]],[[25267,39968],[-543,22],[-344,473]],[[25267,39968],[31,-245]],[[25298,39723],[-530,-585]],[[20655,38225],[2407,-629],[-109,365]],[[24277,37875],[-149,-1093],[-575,-505],[24,-1264]],[[23577,35013],[-30,-523],[-868,316]],[[22679,34806],[-292,105]],[[22212,34249],[-100,-880],[-628,304],[298,-1351],[-793,-253]],[[20989,32069],[-371,1935],[-340,362]],[[29425,39141],[-700,434],[-332,613]],[[28393,40188],[573,-102],[361,783]],[[29327,40869],[762,548]],[[28989,37537],[-1280,979]],[[27709,38516],[-8,777]],[[27701,39293],[320,690]],[[28021,39983],[372,205]],[[25298,39723],[-141,-1328],[157,-344]],[[25314,38051],[-101,-644]],[[25213,37407],[-883,477]],[[29327,40869],[-737,1325]],[[28590,42194],[399,790],[-508,749]],[[28481,43733],[167,437]],[[28648,44170],[149,-46]],[[28797,44124],[1943,-137]],[[27852,32034],[-212,917],[-340,375],[-64,1034]],[[27236,34360],[622,1223]],[[27858,35583],[229,449],[392,-272],[813,111]],[[22198,42207],[37,-514]],[[22235,41693],[853,-322]],[[22709,39655],[-909,344],[-922,-46]],[[23337,43356],[-28,-459],[435,-814],[-246,-390]],[[21866,43681],[332,-146]],[[22198,43535],[145,548],[640,-65],[354,-662]],[[27713,31771],[-411,-374]],[[27302,31397],[-1511,27],[-946,121]],[[24845,31545],[219,740]],[[25064,32285],[260,954]],[[25324,33239],[1028,1669]],[[26352,34908],[884,-548]],[[20989,32069],[509,-518],[-678,-294]],[[20820,31257],[-646,455],[-638,171]],[[19536,31883],[372,424],[519,6],[-688,1208],[-396,-183]],[[25213,37407],[209,-1149],[930,-1350]],[[25324,33239],[-1095,437],[-119,529],[-533,808]],[[20820,31257],[374,-913],[475,-242],[189,-588]],[[21858,29514],[-471,-115]],[[21387,29399],[-763,-483]],[[20624,28916],[-493,731],[-102,796],[-791,1139]],[[19238,31582],[298,301]],[[21387,29399],[242,-1591],[215,-13]],[[21844,27795],[-26,-1015],[-1127,-171]],[[20691,26609],[-282,449]],[[20409,27058],[-290,409],[330,632],[175,817]],[[25314,38051],[116,174]],[[25430,38225],[556,-970],[817,-58],[421,216]],[[27224,37413],[402,-62]],[[27626,37351],[232,-1768]],[[22679,34806],[-143,-437],[226,-1628],[-155,-511],[511,-202],[12,-517],[1153,78]],[[24283,31589],[-1167,-1202]],[[23116,30387],[-851,-929],[-407,56]],[[27302,31397],[-606,-1673],[-173,-114]],[[26523,29610],[-1827,-901]],[[24696,28709],[-433,-257]],[[24263,28452],[-54,455],[497,793],[-566,483],[-28,703],[600,15],[133,644]],[[23116,30387],[-290,-2115],[590,328],[129,-576]],[[23545,28024],[-441,-1210]],[[23104,26814],[-694,55]],[[22410,26869],[46,1007],[-612,-81]],[[25430,38225],[53,399],[1137,-145],[217,-456]],[[26837,38023],[99,0]],[[26936,38023],[288,-610]],[[18461,33078],[-485,-437],[183,-675]],[[18159,31966],[-420,-681],[-747,-254]],[[16992,31031],[-419,564],[499,325],[12,526],[-426,226]],[[20409,27058],[-247,-158],[-1622,-216]],[[18540,26684],[-431,532],[398,489],[-298,858],[-394,-56]],[[17815,28507],[-44,1159]],[[17771,29666],[74,226]],[[17845,29892],[839,-19],[232,443]],[[18916,30316],[151,780]],[[19067,31096],[171,486]],[[15666,32220],[-159,-696],[507,-688],[-220,-997],[63,-756],[-556,-288],[-249,-529],[877,-409]],[[15929,27857],[-412,-155],[-304,-706],[-747,536],[-219,666]],[[14247,28198],[-177,514],[-590,622],[-582,1131]],[[20691,26609],[288,-700]],[[20979,25909],[-35,-833],[-893,-579],[-332,694],[-737,6]],[[18982,25197],[-481,143],[-296,529]],[[18205,25869],[576,105],[-241,710]],[[15929,27857],[558,-786],[644,771]],[[17131,27842],[98,-725],[-779,-480],[0,-1115]],[[16450,25522],[552,10],[332,-895]],[[17334,24637],[-588,-257],[-984,-164],[-1085,-1360]],[[14677,22856],[-251,-260],[-898,848],[-201,388],[-1358,-796]],[[11969,23036],[18,916],[-204,390]],[[11783,24342],[805,-46],[159,551],[713,-164],[199,1576],[-310,697],[-439,254],[-332,997]],[[12578,28207],[1367,-1081],[-228,648],[530,424]],[[19067,31096],[-908,870]],[[17334,24637],[300,-1700]],[[17634,22937],[-719,-115],[-320,-585]],[[16595,22237],[-1237,-316]],[[15358,21921],[-681,935]],[[16992,31031],[304,-1037],[475,-328]],[[17815,28507],[-684,-665]],[[18982,25197],[-402,-1644],[259,-681]],[[18839,22872],[-644,-199]],[[18195,22673],[-561,264]],[[16450,25522],[1091,428],[664,-81]],[[17845,29892],[-272,573],[481,284],[417,-436],[445,3]],[[24263,28452],[-718,-428]],[[24283,31589],[334,777],[447,-81]],[[27701,39293],[-518,-269]],[[27183,39024],[-511,3]],[[26672,39027],[-161,1025],[727,142]],[[27238,40194],[714,-56]],[[27952,40138],[69,-155]],[[26837,38023],[-165,1004]],[[27183,39024],[-247,-1001]],[[28590,42194],[-491,-613],[-95,-545]],[[28004,41036],[-529,867],[-600,666]],[[26875,42569],[564,573],[1042,591]],[[26163,41634],[602,-15],[461,-998],[12,-427]],[[27709,38516],[-184,-477],[101,-688]],[[25469,42510],[605,245],[411,-390],[390,204]],[[28004,41036],[-52,-898]],[[24970,43238],[-13,1635],[806,47],[579,-360]],[[26342,44560],[143,-93],[2163,-297]],[[25469,42510],[-499,728]],[[23337,43356],[278,90],[527,-490],[310,496],[518,-214]],[[44755,29015],[52,-1350],[-610,81],[-100,560]],[[44097,28306],[141,514],[517,195]],[[45216,29105],[835,1115],[-83,477],[504,551],[-190,938]],[[46282,32186],[823,-248],[282,833]],[[47387,32771],[224,-1142]],[[47611,31629],[404,-232]],[[48015,31397],[69,-663],[-467,-124],[108,-1616],[411,-648],[-606,-1322]],[[47530,27024],[-453,-294],[-104,-474],[-936,-12],[-278,-195],[-54,6]],[[45705,26055],[207,545],[4,913],[-457,499],[-243,1093]],[[41959,34283],[8,-446]],[[41967,33837],[536,-245],[195,-718]],[[42698,32874],[205,-632],[-771,-938]],[[42132,31304],[-108,117]],[[44870,21769],[-1343,44]],[[43527,21813],[-16,371]],[[43511,22184],[616,517],[-626,781]],[[43501,23482],[115,867],[875,-34]],[[44491,24315],[944,-260],[280,346]],[[45715,24401],[147,-278]],[[45862,24123],[-365,-260],[-165,-1134],[290,-585]],[[45622,22144],[-752,-375]],[[46282,32186],[-2586,-127]],[[43696,32059],[-294,793],[-704,22]],[[41967,33837],[1456,1734],[489,-347],[672,273]],[[44584,35497],[177,-329],[696,-18]],[[45457,35150],[542,-220],[312,-585],[491,-353]],[[46802,33992],[585,-1221]],[[43050,27904],[936,-734],[-207,-682]],[[43779,26488],[114,-1232]],[[43893,25256],[-839,-338],[-583,270],[-493,944]],[[41978,26132],[150,391],[-199,687],[250,598],[871,96]],[[43696,32059],[328,-207]],[[44024,31852],[-171,-1220],[-503,-298],[-24,-975]],[[43326,29359],[-431,28],[-137,517],[-521,-102]],[[42237,29802],[226,916],[-331,586]],[[41567,29864],[572,-843],[464,28]],[[42603,29049],[628,-446],[-181,-699]],[[41978,26132],[-1085,-185],[-501,164]],[[44491,24315],[-658,179],[60,762]],[[43779,26488],[942,-473],[646,-753]],[[45367,25262],[348,-861]],[[40434,24894],[1487,-1295],[435,254],[555,-424],[590,53]],[[43511,22184],[-1131,-938],[-394,-118]],[[41986,21128],[-27,691],[-2558,102],[-454,-130],[-503,489]],[[38444,22280],[1028,852]],[[44097,28306],[-858,437],[87,616]],[[44024,31852],[316,-570],[28,-746],[431,-1443]],[[44799,29093],[-44,-78]],[[45216,29105],[-417,-12]],[[42237,29802],[366,-753]],[[39389,39262],[584,-1304],[845,-86]],[[40818,37872],[-153,-771],[320,-1199]],[[38190,34992],[-314,545]],[[37876,35537],[499,712],[509,1105],[-173,1041]],[[40818,37872],[572,24],[1030,-470],[1037,1025],[116,-682]],[[43573,37769],[141,-1601],[652,-89],[218,-582]],[[37876,35537],[-36,418],[-823,74]],[[37017,36029],[78,951]],[[45457,35150],[171,1378],[501,963]],[[46129,37491],[767,-378]],[[46896,37113],[-94,-3121]],[[43573,37769],[1144,-408],[509,-415],[131,557]],[[45357,37503],[499,307]],[[45856,37810],[273,-319]],[[46896,37113],[552,368],[1618,576]],[[49066,38057],[100,50]],[[49166,38107],[-128,-731]],[[49038,37376],[-417,-28],[-183,-576]],[[48438,36772],[24,-114]],[[48462,36658],[-411,-161],[-211,-4305],[-229,-563]],[[48462,36658],[654,-195],[431,-378],[68,-533]],[[49615,35552],[-231,-164],[-85,-1276],[113,-1105]],[[49412,33007],[-415,-1010],[234,-220]],[[49231,31777],[-202,-647],[-493,198]],[[48536,31328],[-521,69]],[[49038,37376],[76,-353]],[[49114,37023],[-676,-251]],[[45705,26055],[-99,-242]],[[45606,25813],[-239,-551]],[[49166,38107],[1180,-16]],[[50346,38091],[1177,-185]],[[51523,37906],[592,-725],[251,-650]],[[52366,36531],[-1407,-883],[-748,1103],[-1097,272]],[[53075,33710],[380,786]],[[53455,34496],[1085,-2074],[167,-471]],[[54707,31951],[-654,-211],[-413,1239]],[[53640,32979],[-565,731]],[[52366,36531],[119,-777],[302,-505]],[[52787,35249],[356,-381]],[[53143,34868],[-447,-536],[379,-622]],[[53640,32979],[-267,-517],[-665,-462],[-611,-904]],[[52097,31096],[-441,-536]],[[51656,30560],[-1636,660]],[[50020,31220],[225,356],[664,248],[203,1356],[-776,381],[346,1369],[-1067,622]],[[53143,34868],[312,-372]],[[50020,31220],[-789,557]],[[49231,31777],[567,799],[-386,431]],[[29292,30276],[-726,-220],[-1083,-1372]],[[27483,28684],[-960,926]],[[27483,28684],[-177,-223],[-213,-1363]],[[27093,27098],[-354,-52]],[[26739,27046],[-1252,161],[205,789],[-469,118]],[[25223,28114],[-527,595]],[[34479,18769],[-2,266]],[[34477,19035],[2,-214]],[[34479,18821],[0,-52]],[[31790,22639],[898,-442]],[[32688,22197],[789,554]],[[33477,22751],[273,-493],[1320,-755]],[[35070,21503],[5,-771]],[[35075,20732],[-578,-1248],[-20,-449]],[[34477,19035],[-113,904],[-543,335],[-717,-363]],[[33104,19911],[-428,638],[-1379,1068],[48,202]],[[31345,21819],[554,179],[-109,641]],[[34479,18769],[-40,-549],[-1194,-526],[-44,-387]],[[33201,17307],[-562,480]],[[32639,17787],[-497,542],[12,752],[950,830]],[[34477,19035],[2,-214]],[[33477,22751],[253,715],[-127,1304]],[[33603,24770],[1003,588]],[[34606,25358],[1378,-526]],[[35984,24832],[-215,-1236],[251,-461],[620,-109]],[[36640,23026],[-740,-340],[-200,-1041],[-630,-142]],[[36600,25863],[-413,-279],[-203,-752]],[[34606,25358],[-129,811]],[[34477,26169],[740,84],[463,1490],[-571,123],[511,889]],[[35620,28755],[567,-539]],[[36187,28216],[510,-368]],[[37488,23352],[-848,-326]],[[33434,28984],[528,-59],[-121,-721],[-678,0],[271,780]],[[25223,28114],[-227,-836],[257,-350],[-559,-836]],[[24694,26092],[-970,607],[4,954],[-183,371]],[[34710,30359],[195,-220]],[[34905,30139],[-311,-1563]],[[34594,28576],[-190,-1366],[-372,-266]],[[34032,26944],[-1336,62]],[[32696,27006],[32,752]],[[32728,27758],[310,220],[-167,1003],[-369,938],[145,988]],[[32647,30907],[349,217],[338,-393],[1147,-118],[229,-254]],[[37007,30362],[-568,-220],[139,-867],[-391,-1059]],[[35620,28755],[-1026,-179]],[[34905,30139],[296,418],[638,279],[161,390]],[[36000,31226],[1123,270]],[[27093,27098],[348,56],[773,1078],[847,-155],[326,495]],[[29387,28572],[87,-916],[493,-585]],[[29967,27071],[-415,192],[-626,-545],[-62,-806],[-781,-1120]],[[28083,24792],[-807,380]],[[27276,25172],[-582,298],[-283,-620]],[[26411,24850],[24,753],[304,1443]],[[34477,26169],[-445,775]],[[29967,27071],[1211,668],[10,595]],[[31188,28334],[421,-969]],[[31609,27365],[-491,-743],[-32,-756],[338,-796]],[[31424,25070],[-1125,-591]],[[30299,24479],[-1934,-1072],[1042,-1780]],[[29407,21627],[-783,93],[-92,-750]],[[28532,20970],[-300,737],[-149,3085]],[[32688,22197],[225,1508],[-209,668],[-650,96],[-308,753]],[[31746,25222],[495,214]],[[32241,25436],[541,-180],[550,186],[271,-672]],[[31597,30396],[348,-842],[-922,-728],[165,-492]],[[29387,28572],[749,1347]],[[31790,22639],[-8,394],[-714,1731],[356,306]],[[31424,25070],[322,152]],[[32696,27006],[-125,-527],[-401,-179],[71,-864]],[[31609,27365],[769,628],[350,-235]],[[26411,24850],[-1790,750]],[[24621,25600],[73,492]],[[32160,31133],[487,-226]],[[31345,21819],[-893,46]],[[30452,21865],[245,1220],[431,301],[-829,1093]],[[36000,31226],[-237,1192],[-409,487],[179,963]],[[35533,33868],[876,1625],[608,536]],[[34092,35654],[449,-551],[-215,-529],[630,-629],[577,-77]],[[34710,30359],[407,833],[-316,1084],[-1457,-46],[-783,130],[-397,-737]],[[50458,22506],[206,-839]],[[50664,21667],[471,-328],[201,-1161]],[[51336,20178],[-1196,-196]],[[50140,19982],[-791,933]],[[49349,20915],[427,102],[682,1489]],[[46781,15941],[924,356],[803,-145]],[[48508,16152],[-163,-731],[-356,-582],[76,-1242],[-368,-830]],[[47697,12767],[-889,1954]],[[46808,14721],[-27,1220]],[[40768,18394],[549,337],[888,78],[698,-1192]],[[42903,17617],[155,-672],[439,-403],[-407,-536]],[[43090,16006],[-225,-384]],[[42865,15622],[-501,-55],[-314,-555],[-890,387]],[[41160,15399],[-376,1041],[-213,1508]],[[40571,17948],[197,446]],[[45622,22144],[258,-502],[368,-1721]],[[46248,19921],[690,-700]],[[46938,19221],[-36,-1620]],[[46902,17601],[-60,-613],[-634,-22]],[[46208,16966],[-288,883],[-425,319]],[[45495,18168],[-167,375]],[[45328,18543],[-271,1018]],[[45057,19561],[-187,2208]],[[45606,25813],[453,-535],[475,-211]],[[46534,25067],[531,-1170]],[[47065,23897],[-1203,226]],[[51336,20178],[487,-635],[52,-1050],[618,37],[795,-424],[99,248]],[[53387,18354],[434,-462],[497,-910]],[[54318,16982],[-171,-595],[115,-1644]],[[54262,14743],[-730,-468],[-224,-486],[-652,62],[-576,709],[-487,1186],[-531,347],[-749,0]],[[50313,16093],[-223,427],[161,1010],[-165,1040]],[[50086,18570],[54,1412]],[[46781,15941],[-573,1025]],[[46902,17601],[469,372],[1125,-28],[155,-1434]],[[48651,16511],[-143,-359]],[[46534,25067],[900,344],[303,-431]],[[47737,24980],[107,-960],[-286,-260]],[[47558,23760],[-493,137]],[[43527,21813],[32,-2066]],[[43559,19747],[-68,-1316],[-588,-814]],[[40768,18394],[-439,-50],[-189,1032]],[[40140,19376],[1071,786],[775,966]],[[45194,18530],[-596,-31],[66,533]],[[44664,19032],[530,-502]],[[43559,19747],[520,-25],[450,-362],[528,201]],[[45328,18543],[-134,-13]],[[44664,19032],[-652,-71],[220,-1543],[-433,-461],[-344,-960],[-365,9]],[[45495,18168],[-153,-533],[-432,-241],[-419,-713],[314,-808],[10,-656]],[[44815,15217],[-656,-87],[-147,-505],[-740,183]],[[43272,14808],[66,406],[-473,408]],[[47737,24980],[1192,304]],[[48929,25284],[290,-530],[-264,-2595]],[[48955,22159],[-392,-151],[-479,415]],[[48084,22423],[-526,1337]],[[41525,13000],[505,619],[-18,573],[537,415],[552,-223]],[[43101,14384],[102,-146]],[[43203,14238],[-596,-1731]],[[42607,12507],[-1026,-384],[-56,877]],[[46808,14721],[-944,542],[-1049,-46]],[[43272,14808],[-171,-424]],[[41525,13000],[-183,315],[-997,-108]],[[40345,13207],[-396,443],[857,628],[40,515]],[[40846,14793],[314,606]],[[50086,18570],[-1306,-678],[-853,932]],[[47927,18824],[784,257],[-541,1174],[-217,2016]],[[47953,22271],[131,152]],[[48955,22159],[308,-433],[86,-811]],[[43203,14238],[1107,-1050],[700,-303],[2112,-495]],[[47122,12390],[20,-1171],[273,-1034],[29,-777],[-510,-502],[-1439,783],[-263,-297],[82,-907],[-531,-400],[-93,-570],[-662,-170],[-326,715],[-1195,-510],[-485,291]],[[42022,7841],[608,2019],[301,740],[-34,1031],[-290,876]],[[47697,12767],[-575,-377]],[[42022,7841],[-721,446]],[[41301,8287],[-1195,910],[594,1096],[-333,1456]],[[40367,11749],[-22,1458]],[[40367,11749],[-619,192],[-811,-273],[-1178,604],[-318,889]],[[37441,13161],[312,120],[618,1536],[437,-127],[495,929]],[[39303,15619],[1213,-1155],[330,329]],[[39303,15619],[-6,855],[-284,331],[-149,1106],[930,179],[777,-142]],[[47953,22271],[-521,-304],[-73,-864],[-1111,-1182]],[[37441,13161],[-6,919],[-1505,387]],[[35930,14467],[-399,1632]],[[35531,16099],[387,347],[515,1372],[527,-808],[731,18],[1463,1465],[433,917],[553,-34]],[[47927,18824],[-989,397]],[[50313,16093],[-487,-381],[-1175,799]],[[48536,31328],[-132,-693],[728,-68],[413,-762],[221,-814]],[[49766,28991],[-18,-412],[-606,-874],[199,-789],[-444,-685]],[[48897,26231],[-387,38],[-980,755]],[[52097,31096],[157,-1105]],[[52254,29991],[32,-1075],[-678,-176],[-206,-502]],[[51402,28238],[-352,-709],[-777,477],[69,418],[-489,591]],[[49853,29015],[565,1087],[616,332],[411,-573],[211,699]],[[48897,26231],[32,-947]],[[49853,29015],[-87,-24]],[[51402,28238],[759,-28],[308,-1068],[-600,-505],[554,-889]],[[52423,25748],[-238,-492],[-690,-279],[74,-789],[-326,-877],[-471,-62],[-314,-743]],[[57530,28641],[256,572],[-511,1038]],[[57275,30251],[-163,625],[294,1552]],[[57406,32428],[553,-462],[684,-105],[761,232]],[[59404,32093],[773,87],[902,-455]],[[61079,31725],[94,-911]],[[61173,30814],[224,-244]],[[61397,30570],[-1188,-511],[-519,-1180]],[[59690,28879],[-650,-115],[-1445,-1195]],[[57595,27569],[-240,152],[175,920]],[[52254,29991],[700,-1000],[119,-1691],[277,-499]],[[53350,26801],[433,-90],[644,-542],[258,-789]],[[54685,25380],[-161,-242],[-387,-1666]],[[54137,23472],[-275,799],[-473,-9],[-483,1096],[-483,390]],[[61397,30570],[197,-220],[-264,-1068],[-115,-1313],[576,-65],[877,-663]],[[62668,27241],[-314,-1047],[-561,-721],[-986,-883]],[[60807,24590],[-787,1202]],[[60020,25792],[-280,1573],[-50,1514]],[[63799,32933],[-388,-90]],[[63411,32843],[-91,1276],[556,-843],[-77,-343]],[[61079,31725],[-69,944],[614,821],[185,-90]],[[61809,33400],[795,749],[427,44],[-4,793],[366,656]],[[63393,35642],[479,994]],[[63872,36636],[614,130],[372,796],[791,-427],[161,-691]],[[65810,36444],[521,-737]],[[66331,35707],[-251,-471],[-81,-938],[529,-582]],[[66528,33716],[-257,-641],[-650,-189],[-26,-464]],[[65595,32422],[-578,1028],[-249,-22],[-508,-864]],[[64260,32564],[-461,369]],[[63411,32843],[-213,-1409]],[[63198,31434],[-302,-353],[-884,-282],[-839,15]],[[65595,32422],[92,-617]],[[65687,31805],[254,-319],[585,-1508]],[[66526,29978],[1029,-470]],[[67555,29508],[-4,-363]],[[67551,29145],[-570,-114],[-622,-756]],[[66359,28275],[-384,-105],[-1004,269]],[[64971,28439],[-81,957],[-499,567],[107,1387]],[[64498,31350],[602,533],[-339,505],[-501,176]],[[63198,31434],[104,-945],[528,177],[155,495],[513,189]],[[64971,28439],[-1669,-768],[-634,-430]],[[66359,28275],[-205,-1551]],[[66154,26724],[211,-774],[-328,-756],[178,-697],[-87,-653],[-449,-691]],[[65679,23153],[-899,-929],[-962,-693]],[[63818,21531],[-151,409],[-1248,83],[147,750],[-121,888],[-765,-102],[-543,319]],[[61137,23878],[-330,712]],[[50664,21667],[1195,595],[1258,-276]],[[53117,21986],[350,-1232],[-268,-2041],[188,-359]],[[54707,31951],[177,161]],[[54884,32112],[968,-285],[578,189],[617,533],[359,-121]],[[57275,30251],[-507,-201],[-266,-580],[-409,-226],[-730,199],[76,-802],[-950,213],[-702,-384],[-414,-963],[-23,-706]],[[56591,12049],[12,-22]],[[56603,12027],[597,-888],[922,-137],[948,133],[1703,-185],[-101,-493]],[[60672,10457],[185,-827],[1089,338]],[[61946,9968],[2737,-356],[1308,359]],[[65991,9971],[83,-43]],[[66074,9928],[-463,-1298],[-616,-882],[-409,71],[-575,-1124],[-254,-1313],[63,-1037],[-455,-56],[64,-1022],[-310,-536]],[[63119,2731],[-861,121],[-326,709],[-582,492],[-364,874],[-594,-168],[-412,189],[-204,970],[363,932],[-169,845],[46,793],[308,480],[-517,340],[-677,-288],[-469,731],[-817,-529],[-505,6]],[[57339,9228],[-972,1013],[-117,786],[341,1022]],[[54137,23472],[-1020,-594],[0,-892]],[[58937,15734],[89,1294],[322,623],[-638,823],[-135,477]],[[58575,18951],[328,1010],[-107,799]],[[58796,20760],[701,-973],[422,-260],[664,-9]],[[60583,19518],[1025,90],[102,-1168]],[[61710,18440],[-118,-1316],[-1039,-1551],[230,-833]],[[60783,14740],[-986,77],[-363,647],[-497,270]],[[54685,25380],[656,-381],[135,-749],[843,-177],[1050,-1703]],[[57369,22370],[-950,-827],[-201,-542]],[[56218,21001],[-181,1072],[-726,696],[-326,-492],[-707,167],[-141,1028]],[[58575,18951],[-342,694]],[[58233,19645],[-246,344],[455,882],[354,-111]],[[60672,10457],[495,2413],[270,752],[14,746],[-668,372]],[[61710,18440],[810,-24],[1306,-251],[690,362]],[[64516,18527],[338,-176],[-93,-778],[-358,-439],[-20,-1115]],[[64383,16019],[-370,-849],[225,-616],[-437,-430],[-515,-1629],[-688,-192],[284,-678],[-942,-1298],[6,-359]],[[60020,25792],[-992,-137],[-1143,654],[-290,1260]],[[61137,23878],[-393,-170]],[[60744,23708],[-889,-198],[-1485,-1103],[-622,356]],[[57748,22763],[-381,576],[-525,1725],[258,722],[-1095,1269],[-71,517],[775,390],[320,539],[501,140]],[[57748,22763],[-379,-393]],[[63818,21531],[52,-973],[290,-944],[318,-155],[38,-932]],[[60583,19518],[-165,421],[33,2137],[-381,319],[354,1062],[320,251]],[[58233,19645],[-1697,-1208],[-714,195]],[[55822,18632],[-556,1731],[954,-74],[-2,712]],[[56603,12027],[744,598],[-714,749],[223,474],[-66,669],[-397,721],[1182,979],[62,-867],[370,-266],[930,650]],[[55822,18632],[-928,-117],[-612,-508],[36,-1025]],[[64383,16019],[1916,-570],[338,-1186],[48,-1901],[-80,-282]],[[66605,12080],[-614,-2109]],[[56591,12049],[-75,672],[-487,1214],[-1008,570],[20,727],[-779,-489]],[[73448,30034],[762,356]],[[74210,30390],[125,-350]],[[74335,30040],[-439,-616]],[[73896,29424],[-436,-99]],[[73460,29325],[-4,687]],[[73456,30012],[-8,22]],[[73460,29325],[-395,-304]],[[73065,29021],[93,344]],[[73158,29365],[44,158]],[[73202,29523],[-270,56]],[[72932,29579],[524,433]],[[74210,30390],[125,-350]],[[72932,29579],[-799,365],[-171,-1084],[-688,227],[-165,526],[-602,288]],[[70507,29901],[-330,1496]],[[70177,31397],[-211,1040]],[[69966,32437],[968,316],[1079,-712],[927,-901]],[[72940,31140],[723,393],[793,-508]],[[74456,31025],[-1171,-375],[163,-616]],[[73896,29424],[-56,-598],[415,-511],[-73,-628],[318,-976],[34,-789]],[[74534,25922],[-110,548],[-850,526],[-666,226]],[[72908,27222],[189,487],[-32,1312]],[[72908,27222],[-569,-709],[68,-1375]],[[72407,25138],[-654,660],[-461,796],[-68,675],[543,-68],[99,1514],[-672,272],[-570,-204]],[[70624,28783],[-117,1118]],[[73202,29523],[-44,-158]],[[71033,24714],[1374,424]],[[72407,25138],[922,-1173],[559,-1050]],[[73888,22915],[-913,-1620]],[[72975,21295],[-821,-2136]],[[72154,19159],[-2329,-870],[-620,-1168],[-1811,539]],[[67394,17660],[46,1198]],[[67440,18858],[1351,72],[-57,585],[934,768],[751,313],[50,966]],[[70469,21562],[401,1660],[163,1492]],[[72975,21295],[638,59]],[[73613,21354],[-123,-480],[459,-665],[-497,-1332]],[[73452,18877],[22,-1843],[-2128,-579],[-1155,-114],[-607,557],[2570,2261]],[[73452,18877],[2183,1146]],[[75635,20023],[-102,-1803]],[[75533,18220],[-1363,-154],[-213,-1072],[199,-1127],[-318,-1613],[-2471,-2016]],[[71367,12238],[-3291,2106],[-306,876],[149,1090],[-561,214],[36,1136]],[[75533,18220],[418,-1433]],[[75951,16787],[-418,-660],[406,-489],[-298,-477],[113,-660],[-123,-1139],[-481,-1536],[-165,-1232],[95,-648],[-1101,344],[-372,604],[-902,-279],[-513,-1316],[201,-833],[-632,143]],[[71761,8609],[-165,727],[-584,-449],[-173,1134],[634,743]],[[71473,10764],[-106,1474]],[[74534,25922],[1558,-415]],[[76092,25507],[531,-2756]],[[76623,22751],[-1105,-493]],[[75518,22258],[-863,-384],[-767,1041]],[[64383,16019],[2727,3369]],[[67110,19388],[330,-530]],[[71473,10764],[-2274,1341],[-447,111],[-1000,-155],[-1147,19]],[[75518,22258],[111,-517],[-2016,-387]],[[71033,24714],[-1653,-87],[-1284,756]],[[68096,25383],[-247,604]],[[67849,25987],[245,988]],[[68094,26975],[658,-335],[630,929],[471,245],[771,969]],[[76623,22751],[-539,-1366],[-28,-573],[-421,-789]],[[76623,22751],[415,-9]],[[77038,22742],[72,-2806],[-185,-576],[264,-867],[-175,-446],[-936,-709],[-127,-551]],[[67551,29145],[70,-1368],[473,-802]],[[67849,25987],[-320,0],[-731,870],[-644,-133]],[[64516,18527],[1008,387],[115,1084],[887,1183]],[[66526,21181],[339,-68],[585,907]],[[67450,22020],[-68,-173]],[[67382,21847],[-133,-926],[262,-966],[-401,-567]],[[77960,30000],[624,155],[611,966],[115,1297],[473,490]],[[79783,32908],[455,-483],[56,-1248],[-795,-1323],[447,-606],[-447,-719]],[[79499,28529],[-279,678]],[[79220,29207],[-341,384]],[[78879,29591],[-919,409]],[[79499,28529],[121,-291],[873,-31]],[[80493,28207],[-152,-1530],[-292,-1025],[-53,-851],[-1006,390]],[[78990,25191],[65,161],[-1417,2338],[269,1248],[-587,780],[-1099,-347]],[[76221,29371],[497,595],[256,867]],[[76974,30833],[525,663],[461,-1496]],[[78879,29591],[341,-384]],[[76092,25507],[254,40],[110,2223],[-1107,1267],[-8,468]],[[75341,29505],[880,-134]],[[78990,25191],[-155,-480],[-463,167],[-1334,-2136]],[[81749,30189],[753,167],[1429,-210]],[[83931,30146],[-286,-725],[28,-1344],[-306,12],[-1433,1022],[-420,-641],[-900,307]],[[80614,28777],[228,997],[907,415]],[[67382,21847],[3087,-285]],[[81749,30189],[61,842],[-260,2177],[-304,700]],[[81246,33908],[2057,474],[1807,-1183]],[[85110,33199],[685,-316],[-278,-505]],[[85517,32378],[-356,-28],[-182,-1204],[-1139,114],[91,-1114]],[[74456,31025],[869,-839],[16,-681]],[[67450,22020],[-288,709],[171,886],[-112,421],[602,539],[273,808]],[[65679,23153],[310,-1056],[537,-916]],[[67555,29508],[2,319],[1282,380],[569,530]],[[69408,30737],[769,660]],[[79783,32908],[286,43],[1177,957]],[[80614,28777],[-121,-570]],[[71761,8609],[-871,260],[-491,-31],[-588,1409],[-708,18],[-73,-662],[-1610,-1022],[-944,765],[-402,582]],[[14675,20500],[759,49],[250,-926],[430,-597],[-503,-1010]],[[15611,18016],[-557,-300],[-507,489]],[[14547,18205],[145,616],[-1325,99],[-330,-1238],[-829,-13],[-513,1211]],[[11695,18880],[767,65],[654,827],[682,300]],[[13798,20072],[694,-15],[183,443]],[[4476,25693],[491,294]],[[4967,25987],[437,-37],[599,-753],[8,-350],[2112,-551],[193,403]],[[8316,24699],[217,-883],[-491,-1499],[743,-1279]],[[8785,21038],[-566,-390]],[[8219,20648],[-243,703],[-1151,34],[-1202,183],[-338,629],[-809,-41]],[[4476,22156],[336,561],[78,1040],[-555,75],[141,1861]],[[4031,7992],[213,1069],[-163,554],[83,966],[-507,588],[372,899],[-712,755],[88,1053],[-471,-112],[-495,750],[-1012,1012],[217,765],[-106,570],[-592,1521]],[[946,18382],[-117,303]],[[829,18685],[26,-9]],[[855,18676],[4,0]],[[855,18676],[-26,9]],[[829,18685],[117,-303]],[[946,18382],[670,879],[2131,669],[-245,1477],[404,721],[570,28]],[[8219,20648],[212,-666],[1086,-278],[-326,-607],[693,-483],[911,-276],[900,542]],[[14547,18205],[-131,-777],[-467,-276],[191,-2242],[-42,-1378]],[[14098,13532],[-1147,-28]],[[12951,13504],[-602,282],[-346,-619],[-1125,-917],[-1234,-108]],[[9644,12142],[-1032,-1353],[-278,-2153],[-256,-579],[-571,-145],[-1564,-96],[-1912,176]],[[642,21772],[123,-390],[634,-294],[887,211],[437,449],[656,80],[-320,892],[475,960],[-139,1626],[401,1012]],[[3796,26318],[424,25],[256,-650]],[[859,18676],[-28,1944],[-336,511],[147,641]],[[8785,21038],[396,106],[668,-301],[407,-653],[455,477]],[[10711,20667],[736,-400]],[[11447,20267],[248,-1387]],[[690,27306],[-14,598],[924,836],[133,675],[911,690],[214,-291],[575,1025],[518,28],[442,607],[989,384]],[[5382,31858],[-15,-576],[-342,-322],[232,-1285]],[[5257,29675],[-266,-1638],[103,-759],[-127,-1291]],[[3796,26318],[-342,319],[167,1034],[-1673,-402],[-660,213],[-598,-176]],[[642,21772],[-46,579],[-596,236],[83,622],[384,421],[-42,948],[177,985],[271,-56],[-4,1300],[-179,499]],[[11783,24342],[-157,-40]],[[11626,24302],[-26,387],[-813,688],[-110,542],[392,573],[-592,306]],[[10477,26798],[-161,514]],[[10316,27312],[0,1044]],[[10316,28356],[664,145],[449,-489],[644,446],[505,-251]],[[8316,24699],[833,-1174],[1049,471],[279,2802]],[[11626,24302],[-702,-842],[201,-520],[-332,-1062],[-420,-781],[338,-430]],[[10157,30331],[51,-1012],[-345,-839],[453,-124]],[[10316,27312],[-485,641],[-799,-1455],[596,-589],[-72,-476],[-723,749],[-419,173],[-825,-43],[727,-1613]],[[5257,29675],[833,139],[443,-539],[940,165],[646,-162],[388,809]],[[5382,31858],[422,464],[429,-49],[404,672]],[[11969,23036],[509,-524],[436,-1461],[-398,18],[-310,-814],[-759,12]],[[15358,21921],[-473,-784]],[[14885,21137],[-689,384],[-320,-479],[-78,-970]],[[14885,21137],[-210,-637]],[[18195,22673],[-108,-1412],[-528,-662]],[[17559,20599],[-746,408],[-505,-123],[-316,625],[603,728]],[[14098,13532],[117,-272]],[[14215,13260],[-39,-530]],[[14176,12730],[-442,192]],[[13734,12922],[-783,582]],[[14176,12730],[-380,-1288]],[[13796,11442],[-177,709],[115,771]],[[9644,12142],[660,-1561],[1644,-848],[1190,102],[123,-192]],[[13261,9643],[-850,-1536],[-1282,-554],[-213,154],[-1268,-226],[-571,-411],[-1091,-394],[-588,319],[-1821,-40],[-874,319],[-2,0]],[[4701,7274],[-990,90],[320,628]],[[17559,20599],[371,-378],[-121,-753]],[[17809,19468],[-93,-349]],[[17716,19119],[-640,173],[-434,-1140]],[[16642,18152],[-449,25]],[[16193,18177],[-582,-161]],[[18839,22872],[864,-96],[-101,-623]],[[19602,22153],[-101,-628]],[[19501,21525],[-1692,-2057]],[[17716,19119],[-1018,-1255]],[[16698,17864],[-56,288]],[[16698,17864],[-258,-944]],[[16440,16920],[-171,22]],[[16269,16942],[-165,334],[89,901]],[[22410,26869],[-1099,-1294],[-332,334]],[[23104,26814],[-437,-914]],[[22667,25900],[-308,-1251],[-658,-783],[-545,-146],[-946,-712]],[[20210,23008],[-608,-855]],[[13796,11442],[139,-499]],[[13935,10943],[-403,-365],[-271,-935]],[[16269,16942],[-762,-837],[-63,-383]],[[15444,15722],[-1229,-2462]],[[33195,15418],[-201,437]],[[32994,15855],[678,-72],[471,223]],[[34143,16006],[-111,-1347]],[[34032,14659],[-437,-269],[-505,325]],[[33090,14715],[-102,118]],[[32988,14833],[207,585]],[[33201,17307],[316,-220],[626,-1081]],[[32994,15855],[-405,1201]],[[32589,17056],[50,731]],[[35075,20732],[148,-607],[-14,-1220],[260,-205]],[[35469,18700],[300,-464],[14,-616],[-686,-149],[-401,-316],[835,-1056]],[[35930,14467],[-773,-439],[-336,71]],[[34821,14099],[-787,108],[-2,452]],[[34032,14659],[-167,-1006],[-288,-489],[-517,96],[-513,-415]],[[32547,12845],[-103,433]],[[32444,13278],[-8,31],[-20,65]],[[32416,13374],[-10,28]],[[32406,13402],[-4,16]],[[32402,13418],[-58,182]],[[32344,13600],[-7,22]],[[32337,13622],[-533,1582]],[[31804,15204],[1391,214]],[[32988,14833],[102,-118]],[[35469,18700],[954,-328],[92,818],[-529,805],[352,802],[1011,275],[1095,1208]],[[22086,14966],[475,-310]],[[22561,14656],[-254,-498]],[[22307,14158],[-491,-319],[-1109,186],[64,888],[962,186]],[[21733,15099],[353,-133]],[[22086,14966],[76,709],[556,344]],[[22718,16019],[249,-344]],[[22967,15675],[115,-666],[-521,-353]],[[22307,14158],[465,-298],[290,-817]],[[23062,13043],[-234,-112],[-801,508],[-149,-1043],[-1004,-836]],[[20874,11560],[-151,684],[-811,-180],[-819,276],[-272,-1242]],[[18821,11098],[-505,477],[-326,-71]],[[17990,11504],[-320,341],[-80,1117]],[[17590,12962],[601,991],[771,555]],[[18962,14508],[-308,291],[1409,1570]],[[20063,16369],[600,-301],[1028,-34],[42,-935]],[[22967,15675],[835,434],[222,-1019],[1453,988]],[[25477,16078],[221,-1412],[-378,-72],[98,-1124]],[[25418,13470],[-446,-873],[-483,-105],[-208,-626]],[[24281,11866],[-783,-328],[-376,406],[193,789],[-253,310]],[[19862,7766],[-181,626],[-556,37],[-276,-1025],[-410,694]],[[18439,8098],[332,449],[82,616],[506,483],[-608,495],[70,957]],[[20874,11560],[-105,-700],[393,-223],[-63,-762],[-366,-310],[-298,-826],[16,-521],[-589,-452]],[[19501,21525],[135,-1286],[-636,-857],[77,-849],[473,-424]],[[19550,18109],[223,-1313],[290,-427]],[[18962,14508],[-598,-78],[-201,846],[-753,826],[-809,-92],[-161,910]],[[20771,22011],[349,523],[700,118],[630,895],[270,-629],[-814,-542],[-148,-619],[571,-270],[320,1137],[686,145]],[[23335,22769],[-147,-950],[767,-880]],[[23955,20939],[-638,3],[24,-600],[-1543,408],[-377,-625],[-650,1886]],[[25978,23763],[94,-1362],[-181,-861],[-549,25],[-38,-1127]],[[25304,20438],[-874,-93]],[[24430,20345],[205,2242],[451,331]],[[25086,22918],[892,845]],[[23335,22769],[439,490]],[[23774,23259],[366,-762],[946,421]],[[24430,20345],[-394,294]],[[24036,20639],[-81,300]],[[28717,17310],[-1059,102],[71,-678]],[[27729,16734],[-610,177],[-537,1567]],[[26582,18478],[436,-165],[161,499],[612,381],[-640,1019],[-702,387]],[[26449,20599],[660,-50],[396,-458],[960,316]],[[28465,20407],[-137,-1127],[359,-589],[30,-1381]],[[28717,17310],[904,300]],[[29621,17610],[505,-870],[-189,-328],[187,-2322]],[[30124,14090],[70,-567]],[[30194,13523],[-777,56],[-620,319]],[[28797,13898],[-74,600],[-831,682],[-163,1554]],[[27276,25172],[-137,-647],[-455,-978],[-706,216]],[[23774,23259],[312,991],[489,867]],[[24575,25117],[46,483]],[[19550,18109],[302,393],[396,-387],[811,-353],[-157,-554],[391,-372],[342,360],[92,904],[1262,-421],[413,0]],[[23402,17679],[-509,-471],[-175,-1189]],[[23402,17679],[-51,1090]],[[23351,18769],[932,-100],[493,-600]],[[24776,18069],[-227,-539],[539,-276],[-14,-514],[403,-662]],[[18439,8098],[-324,-121]],[[18115,7977],[-564,331],[29,759],[-397,368]],[[17183,9435],[-56,1069],[420,700],[443,300]],[[20210,23008],[489,-291],[72,-706]],[[24036,20639],[-73,-604],[-841,-836],[229,-430]],[[24776,18069],[779,266],[-28,359]],[[25527,18694],[455,-393],[177,523],[423,-346]],[[28797,13898],[-613,-908]],[[28184,12990],[-1411,-328],[-475,706]],[[26298,13368],[-880,102]],[[25304,20438],[217,-576]],[[25521,19862],[-213,-778],[219,-390]],[[24575,25117],[-300,-168],[-686,242],[-922,709]],[[25521,19862],[928,737]],[[31522,5119],[1123,229],[1105,-25],[161,647],[-483,180],[89,542],[-344,545],[-103,913],[392,685],[113,1059]],[[33575,9894],[310,309],[252,1174],[306,499],[750,148]],[[35193,12024],[451,-867],[30,-477],[-360,-808],[-380,-325],[-67,-1304],[318,-446],[453,301],[892,-1818],[694,-492],[2121,1127],[141,238]],[[39486,7153],[-8,-842],[-656,-25],[-471,-858],[-1302,-80],[255,-1239],[-1020,-573],[-491,-879],[-513,142],[195,635],[-1030,496],[-1548,-1344],[-364,266],[-411,-204],[-684,1594],[84,877]],[[20256,6475],[-394,1291]],[[24281,11866],[-356,-566],[-36,-583],[-342,-839],[163,-628]],[[23710,9250],[903,-920],[-261,-297]],[[24352,8033],[-938,-1351]],[[23414,6682],[-326,323],[-795,-251],[-483,1229],[-338,-694],[123,-1164],[-749,81],[-590,269]],[[28532,20970],[-67,-563]],[[30194,13523],[111,-883],[437,-1285],[-486,-1003]],[[30256,10352],[-440,-232],[-1751,814]],[[28065,10934],[-634,424],[90,610],[663,1022]],[[22224,1784],[-128,412]],[[22096,2196],[320,668],[664,2787],[334,1031]],[[24352,8033],[1559,-1614],[1136,-486],[776,270],[520,842]],[[28343,7045],[587,-232],[878,693]],[[29808,7506],[-238,-697],[-831,-356],[-364,-755]],[[28375,5698],[-570,-282]],[[27805,5416],[-1650,-245],[-602,-285],[-612,-619],[-340,133],[-706,-1124],[-1499,-1477],[-172,-15]],[[29407,21627],[924,-1471],[193,-1007],[292,-433],[-779,-492]],[[30037,18224],[-416,-614]],[[26298,13368],[94,-495],[-271,-595],[296,-598],[-552,-1164]],[[25865,10516],[-529,-808],[-1379,-644],[-247,186]],[[31804,15204],[-1680,-1114]],[[30037,18224],[900,-366],[457,-474],[1195,-328]],[[27805,5416],[-344,-257],[-392,-1963],[-699,443],[-312,-196],[-887,350],[72,-743]],[[25243,3050],[-823,-824],[-652,-2226],[-284,790],[-432,560],[-830,-49],[2,483]],[[30256,10352],[343,149]],[[30599,10501],[935,-245],[-64,-1149]],[[31470,9107],[-592,-1105],[-124,-626],[-908,127]],[[29846,7503],[-38,3]],[[28343,7045],[360,511],[-499,1480],[-1015,786]],[[27189,9822],[411,815],[465,297]],[[25865,10516],[-38,-365],[708,-316],[654,-13]],[[31522,5119],[16,316],[-1092,213],[126,1292],[-726,563]],[[31470,9107],[1290,576]],[[32760,9683],[815,211]],[[22096,2196],[-902,767],[-638,313],[-360,1013],[-38,622],[-491,93],[-119,530],[708,941]],[[34821,14099],[-56,-582],[428,-1493]],[[32760,9683],[264,635],[501,505],[105,662],[-413,843],[-670,517]],[[41301,8287],[505,-329],[-112,-449],[-1397,-319],[-811,-37]],[[32444,13278],[-28,96]],[[32402,13418],[-58,182]],[[32337,13622],[7,-22]],[[30599,10501],[1008,1895],[590,619],[350,-170]],[[30452,21865],[-272,-266],[-773,28]],[[17183,9435],[-473,-817],[-402,198],[-862,-480],[-185,573]],[[15261,8909],[56,1136],[556,186],[600,1614],[-546,142],[127,539],[723,-158],[175,415],[-367,635]],[[16585,13418],[1005,-456]],[[14758,9327],[10,3]],[[14768,9330],[-10,-3]],[[14959,8847],[302,62]],[[18115,7977],[-666,232],[-274,-430],[-590,-25],[-201,-431],[125,-733],[-318,-617],[-423,10],[-358,737],[64,786],[-515,1341]],[[15444,15722],[115,-1035],[887,-727],[139,-542]],[[14959,8847],[-201,480]],[[14768,9330],[-221,898],[-612,715]],[[34873,44269],[403,260],[267,771],[335,-182],[472,576]],[[36350,45694],[-402,1981]],[[35948,47675],[-143,1078],[433,-37]],[[36238,48716],[859,-647],[69,-443]],[[37166,47626],[72,-1267]],[[37238,46359],[117,-1573],[360,-1068]],[[37715,43718],[-60,-752]],[[37655,42966],[-308,-710],[416,-703]],[[24356,51007],[557,-594]],[[24913,50413],[310,-1425]],[[25223,48988],[-817,685]],[[24406,49673],[-50,1334]],[[32285,47902],[535,-31],[182,-598]],[[33002,47273],[424,-684]],[[33426,46589],[-137,-431]],[[33289,46158],[-833,462],[-175,-285]],[[32281,46335],[-763,662]],[[31518,46997],[377,93],[390,812]],[[22792,52361],[44,-56]],[[22836,52305],[-44,56]],[[21689,54891],[30,-548],[455,-304]],[[22174,54039],[443,-833],[179,-839]],[[22796,52367],[-624,-449]],[[22172,51918],[-420,294],[-948,-108]],[[20804,52104],[106,483],[-756,424],[-363,-601]],[[19791,52410],[662,1747]],[[20453,54157],[1236,734]],[[24062,54522],[1014,-514]],[[25076,54008],[-28,-105]],[[25048,53903],[-453,-40],[-189,-471]],[[24406,53392],[-578,-604]],[[23828,52788],[-790,421]],[[23038,53209],[44,455],[847,524],[133,334]],[[24913,50413],[-68,480],[519,935],[731,-718],[229,430]],[[26324,51540],[101,43]],[[26425,51583],[664,-814]],[[27089,50769],[-101,-1068]],[[26988,49701],[-865,-384]],[[26123,49317],[-363,-446]],[[25760,48871],[-537,117]],[[25076,54008],[588,858]],[[25664,54866],[537,-483],[753,195]],[[26954,54578],[-306,-607]],[[26648,53971],[-338,-669]],[[26310,53302],[-173,235],[-1089,366]],[[32458,45102],[-70,545]],[[32388,45647],[344,-56],[557,567]],[[33426,46589],[578,-186],[420,-731],[163,-697]],[[34587,44975],[11,-647]],[[24356,51007],[-699,319]],[[23657,51326],[-615,960]],[[23042,52286],[734,56],[52,446]],[[24406,53392],[133,-907],[1224,-223],[561,-722]],[[24414,49190],[-459,-137],[-422,511],[-345,-207],[-718,307],[-419,870]],[[22051,50534],[691,-301],[211,778]],[[22953,51011],[704,315]],[[24406,49673],[8,-483]],[[22051,50534],[-1261,1201]],[[20790,51735],[14,369]],[[22172,51918],[354,-626],[427,-281]],[[28797,44124],[-2,594]],[[28795,44718],[312,440]],[[29107,45158],[532,845],[718,248],[24,365]],[[30381,46616],[759,-185]],[[31140,46431],[-606,-632],[373,-777],[676,-678]],[[22792,52361],[4,6]],[[22174,54039],[151,-40]],[[22325,53999],[254,-626],[459,-164]],[[23042,52286],[-206,19]],[[26988,49701],[501,-561],[322,-882]],[[27811,48258],[-225,-1028],[350,-629]],[[27936,46601],[-306,-170]],[[27630,46431],[-340,-72],[-572,641]],[[26718,47000],[59,41]],[[26777,47041],[312,201],[58,749],[-1024,1326]],[[26718,47000],[-509,248],[-131,564]],[[26078,47812],[-318,1059]],[[34445,50893],[-874,1641]],[[33571,52534],[405,449],[406,-80]],[[34382,52903],[713,-326],[227,-1331]],[[35322,51246],[-66,-189]],[[35256,51057],[-811,-164]],[[31140,46431],[378,566]],[[32281,46335],[107,-688]],[[34587,44975],[278,40],[375,1617],[450,-601],[660,-337]],[[31828,50927],[193,115]],[[32021,51042],[496,-378],[78,-731]],[[32595,49933],[-507,-269],[-759,-13]],[[31329,49651],[499,1276]],[[35948,47675],[-1043,258],[-913,-25]],[[33992,47908],[-676,1424]],[[33316,49332],[199,911]],[[33515,50243],[930,650]],[[35256,51057],[640,-1037]],[[35896,50020],[342,-1304]],[[26310,53302],[400,-452],[-458,-443],[173,-824]],[[33002,47273],[483,130],[507,505]],[[32285,47902],[153,1111],[515,375]],[[32953,49388],[363,-56]],[[25664,54866],[-133,542]],[[25531,55408],[1282,830]],[[26813,56238],[481,-620]],[[27294,55618],[-340,-1040]],[[20759,60536],[594,-1360]],[[21353,59176],[-435,-1257]],[[20918,57919],[-326,1003],[-304,-433],[-621,573]],[[19667,59062],[-73,755]],[[19594,59817],[859,177],[306,542]],[[20759,60536],[467,127],[-414,1474],[-834,-440],[-10,582],[514,496],[658,309]],[[21140,63084],[135,62]],[[21275,63146],[392,-378],[189,-1306]],[[21856,61462],[878,-821],[277,-672],[-118,-836],[-733,-229]],[[22160,58904],[-807,272]],[[17964,56451],[245,282]],[[18209,56733],[1123,409]],[[19332,57142],[117,-418],[668,-192]],[[20117,56532],[133,-957]],[[20250,55575],[-493,-384]],[[19757,55191],[-839,-198]],[[18918,54993],[-479,1418]],[[18439,56411],[-475,40]],[[21275,63146],[768,28],[302,1195]],[[22345,64369],[1212,-312],[1143,560]],[[24700,64617],[-1004,-882],[1622,-493]],[[25318,63242],[-1113,-87],[-145,-576],[229,-724]],[[24289,61855],[-768,-762]],[[23521,61093],[-1665,369]],[[21375,55888],[28,461],[491,406]],[[21894,56755],[574,257]],[[22468,57012],[330,164]],[[22798,57176],[483,-1112],[-10,-827]],[[23271,55237],[-350,-179]],[[22921,55058],[-101,353],[-1109,-65]],[[21711,55346],[-336,542]],[[17143,53621],[-697,1016],[-674,1254],[-428,232]],[[15344,56123],[233,678],[368,81]],[[15945,56882],[747,-152],[1057,635]],[[17749,57365],[-133,-1121]],[[17616,56244],[-195,-979],[-308,-573],[364,-349]],[[17477,54343],[-334,-722]],[[15945,56882],[-287,957],[-339,390],[53,746]],[[15372,58975],[2177,-681]],[[17549,58294],[200,-929]],[[20453,54157],[-229,631],[-467,403]],[[20250,55575],[811,62],[314,251]],[[21711,55346],[-22,-455]],[[20918,57919],[33,-133]],[[20951,57786],[-485,-282],[26,-545],[-375,-427]],[[19332,57142],[57,446]],[[19389,57588],[338,734],[-60,740]],[[22798,57176],[284,966],[1300,-272],[97,904],[432,-37],[397,-425]],[[25308,58312],[143,-529]],[[25451,57783],[-731,-1177],[-312,-204]],[[24408,56402],[-346,-1880]],[[24062,54522],[-578,242],[-213,473]],[[14454,59344],[-457,566],[453,449],[441,-418],[1147,511],[58,561],[554,-90],[593,306]],[[17243,61229],[59,-473],[722,3],[542,-397]],[[18566,60362],[-266,-765],[-568,-737],[-183,-566]],[[15372,58975],[-918,369]],[[22921,55058],[-596,-1059]],[[22160,58904],[308,-1892]],[[21894,56755],[-609,1229],[-334,-198]],[[25451,57783],[285,-734]],[[25736,57049],[-175,-257],[167,-917],[-275,-167]],[[25453,55708],[-200,477],[-845,217]],[[17243,61229],[-50,833],[217,722],[-257,601],[82,1121]],[[17235,64506],[665,-149]],[[17900,64357],[48,-1130],[640,74],[203,-1297],[-225,-1642]],[[25453,55708],[78,-300]],[[19389,57588],[-453,650],[-630,-211],[173,-780],[-270,-514]],[[17964,56451],[-348,-207]],[[18566,60362],[364,251],[664,-796]],[[18439,56411],[-737,-1892],[-225,-176]],[[27936,46601],[405,96]],[[28341,46697],[621,263]],[[28962,46960],[-32,-1136]],[[28930,45824],[-658,151],[-642,456]],[[29107,45158],[-177,666]],[[28962,46960],[363,963]],[[29325,47923],[547,-452]],[[29872,47471],[509,-855]],[[25893,45808],[336,115],[19,669]],[[26248,46592],[-387,557],[217,663]],[[28795,44718],[-793,198],[-939,-18],[-1170,910]],[[29872,47471],[495,455],[67,521],[469,275],[183,799]],[[31086,49521],[243,130]],[[32595,49933],[358,-545]],[[26342,44560],[18,483],[-467,765]],[[26248,46592],[-860,1012],[-620,483],[-410,-281],[56,1384]],[[27811,48258],[552,-189]],[[28363,48069],[-22,-1372]],[[31828,50927],[-193,836]],[[31635,51763],[-425,465],[-138,625]],[[31072,52853],[-137,139]],[[30935,52992],[724,700],[749,-700],[201,124]],[[32609,53116],[491,37],[471,-619]],[[33571,52534],[-682,-954]],[[32889,51580],[-445,10],[-423,-548]],[[32889,51580],[626,-1337]],[[26648,53971],[1022,-396],[244,925],[553,4]],[[28467,54504],[451,-403]],[[28918,54101],[-121,-539],[129,-923]],[[28926,52639],[-465,-526],[-50,-551]],[[28411,51562],[-26,-963]],[[28385,50599],[-326,514],[-970,-344]],[[24700,64617],[133,2409],[-151,490]],[[24682,67516],[82,473],[-616,867]],[[24148,68856],[697,338],[656,87],[135,-477]],[[25636,68804],[145,-493]],[[25781,68311],[450,-1613],[-167,-876],[1254,-505],[212,-808],[-675,-208]],[[26855,64301],[-1221,-356],[-316,-703]],[[25308,58312],[193,149]],[[25501,58461],[368,929],[308,65]],[[26177,59455],[324,393]],[[26501,59848],[998,-167],[214,211]],[[27713,59892],[736,-493]],[[28449,59399],[230,-607]],[[28679,58792],[-811,-1173],[352,-462]],[[28220,57157],[-1103,-49],[-288,563]],[[26829,57671],[-781,56],[-312,-678]],[[26855,64301],[-102,-1666],[644,-356]],[[27397,62279],[-534,-567]],[[26863,61712],[-193,-359],[-475,465]],[[26195,61818],[-18,251]],[[26177,62069],[185,167],[-765,1028],[-279,-22]],[[26813,56238],[-229,758],[245,675]],[[28220,57157],[46,-1114],[-155,-620]],[[28111,55423],[-817,195]],[[27397,62279],[579,864],[-118,403],[784,703]],[[28642,64249],[759,-762],[507,-96]],[[29908,63391],[-28,-403],[346,-1012]],[[30226,61976],[606,-1106]],[[30832,60870],[-431,-687],[-1724,285]],[[28677,60468],[-246,789],[-682,-371]],[[27749,60886],[-886,826]],[[31502,57665],[-245,282],[-1347,-316],[-630,1053]],[[29280,58684],[-52,263],[1018,359],[405,378]],[[30651,59684],[567,424],[-261,502]],[[30957,60610],[1000,-774],[240,-914],[-121,-860]],[[32076,58062],[-574,-397]],[[31072,52853],[-540,-728]],[[30532,52125],[-573,22]],[[29959,52147],[-97,656],[-936,-164]],[[28918,54101],[1326,139],[520,917]],[[30764,55157],[255,-71]],[[31019,55086],[-22,-743],[215,-468],[-277,-883]],[[28385,50599],[92,-1081]],[[28477,49518],[-247,-334],[376,-641],[-243,-474]],[[26177,62069],[-1071,-38],[-817,-176]],[[28477,49518],[429,65]],[[28906,49583],[878,-483]],[[29784,49100],[-182,-1044],[-277,-133]],[[29784,49100],[-55,1260]],[[29729,50360],[896,-278],[461,-561]],[[26501,59848],[-306,1970]],[[27749,60886],[-306,-722],[270,-272]],[[28679,58792],[601,-108]],[[31502,57665],[-485,-1393],[2,-1186]],[[30764,55157],[-673,-158],[-1042,626],[-435,-329]],[[28614,55296],[-503,127]],[[31635,51763],[-694,-325],[-409,687]],[[29729,50360],[-121,137]],[[29608,50497],[477,266],[-126,1384]],[[28449,59399],[228,1069]],[[30832,60870],[125,-260]],[[28467,54504],[147,792]],[[25781,68311],[1141,-263],[112,-232]],[[27034,67816],[979,-2022]],[[28013,65794],[-236,-1109],[702,-31],[163,-405]],[[32076,58062],[245,-375]],[[32321,57687],[-356,-378],[664,-464],[-122,-595],[442,-217]],[[32949,56033],[-96,-1344],[-405,-340],[161,-1233]],[[18803,69841],[-507,-350],[-24,-424],[1085,-1102],[-602,-1419],[-1266,728]],[[17489,67274],[-869,403],[225,535]],[[16845,68212],[243,675],[498,610],[1217,344]],[[14154,66683],[429,575]],[[14583,67258],[690,929],[12,1369],[777,-920]],[[16062,68636],[783,-424]],[[17489,67274],[-286,-1576],[697,-1341]],[[17235,64506],[-1098,442],[-1083,96],[-103,387],[-598,344],[-199,908]],[[22345,64369],[-280,316]],[[22065,64685],[200,966],[352,84],[386,1028]],[[23003,66763],[395,-331],[428,1409],[540,257],[316,-582]],[[22094,72390],[-2,176]],[[22092,72566],[718,-895],[1137,-1644]],[[23947,70027],[201,-1171]],[[23003,66763],[-583,492],[-874,-300]],[[21546,66955],[580,2415]],[[22126,69370],[-32,3020]],[[26177,59455],[-258,957],[-1453,440]],[[24466,60852],[-945,241]],[[15344,56123],[-536,-6],[-94,839],[-481,477],[122,564],[-473,424],[133,672],[439,251]],[[17900,64357],[231,1601],[346,325],[471,-437],[797,468],[531,59],[-253,-997],[66,-1570],[415,-589],[636,-133]],[[16793,72715],[442,-372]],[[17235,72343],[-384,-1845],[-853,-1100],[64,-762]],[[14583,67258],[-1224,484],[912,1792]],[[14271,69534],[545,338],[-28,465],[707,1474],[-35,888],[1333,16]],[[18803,69841],[554,-282]],[[19357,69559],[271,-984],[427,105]],[[20055,68680],[859,-78],[-440,-1514]],[[20474,67088],[-6,-25]],[[20468,67063],[440,-1495],[385,49],[772,-932]],[[25501,58461],[-455,845],[-767,499],[-118,647],[305,400]],[[20474,67088],[-6,-25]],[[20468,67063],[241,453],[604,-7],[233,-554]],[[17235,72343],[504,22],[1672,-759]],[[19411,71606],[457,-861]],[[19868,70745],[-53,-418],[-489,-340],[31,-428]],[[28411,51562],[209,-372],[713,-300],[275,-393]],[[20373,72015],[433,201],[1288,174]],[[22126,69370],[-1532,366],[-469,-561],[-70,-495]],[[19868,70745],[583,-108],[-78,1378]],[[18918,54993],[-270,-855],[-473,-96],[-346,-1068]],[[17829,52974],[-606,-62],[-80,709]],[[19411,71606],[455,499],[507,-90]],[[18777,52153],[-948,821]],[[19791,52410],[-201,-229],[-813,-28]],[[12631,68878],[483,74],[185,533],[521,-198],[451,247]],[[14154,66683],[-543,133],[-105,-412],[-908,198],[-712,353],[145,2075],[600,-152]],[[20790,51735],[-832,-455],[-1181,873]],[[41315,57643],[367,304],[553,-43]],[[42235,57904],[409,-607],[-147,-734]],[[42497,56563],[-974,93],[16,-648]],[[41539,56008],[-606,651],[101,480]],[[41034,57139],[281,504]],[[42497,56563],[402,-161]],[[42899,56402],[-306,-1744]],[[42593,54658],[-348,-600],[10,-511]],[[42255,53547],[-662,628],[-276,1062]],[[41317,55237],[222,771]],[[41034,57139],[-57,207]],[[40977,57346],[338,297]],[[41315,57643],[-42,824],[-326,418]],[[40947,58885],[-195,381]],[[40752,59266],[380,53],[423,669],[290,926]],[[41845,60914],[74,-936],[362,-285],[483,762]],[[42764,60455],[19,-1242],[-514,-839],[-34,-470]],[[40947,58885],[-988,3]],[[39959,58888],[58,316]],[[40017,59204],[560,678]],[[40577,59882],[175,-616]],[[34382,52903],[280,1031],[-32,858],[654,-375]],[[35284,54417],[740,-99]],[[36024,54318],[324,-771]],[[36348,53547],[-316,-412],[19,-601],[318,-659]],[[36369,51875],[-878,-267],[-169,-362]],[[42565,51766],[701,-229],[974,573]],[[44240,52110],[527,-477],[-360,-861]],[[44407,50772],[-606,-365],[70,-886]],[[43871,49521],[-497,-220],[-754,474]],[[42620,49775],[215,1393],[-270,598]],[[42764,60455],[238,319]],[[43002,60774],[547,-130],[604,-814],[467,-242],[666,610]],[[45286,60198],[735,-294],[573,-737],[-410,-350]],[[46184,58817],[-276,-31],[-886,-1108],[-696,616],[-219,-610],[-475,-394]],[[43632,57290],[-379,273],[-354,-1161]],[[44455,50113],[620,353],[-89,820],[254,957],[473,-139]],[[45713,52104],[545,-344]],[[46258,51760],[634,-112]],[[46892,51648],[-515,-1347]],[[46377,50301],[80,-1173]],[[46457,49128],[600,-282],[419,-666],[-121,-449]],[[47355,47731],[-127,3]],[[47228,47734],[-775,22]],[[46453,47756],[-656,567],[-1018,-366]],[[44779,47957],[519,737],[538,273],[-290,892],[-850,46],[-241,208]],[[44240,52110],[207,619],[-330,372],[-97,1074]],[[44020,54175],[481,-93]],[[44501,54082],[524,-319],[615,-1173],[73,-486]],[[44455,50113],[-48,659]],[[37546,56046],[477,120],[728,-223],[43,-898]],[[38794,55045],[-507,-455]],[[38287,54590],[16,-136]],[[38303,54454],[-741,-186],[-405,390],[-90,781]],[[37067,55439],[479,607]],[[32949,56033],[566,969],[646,-46],[382,554]],[[34543,57510],[260,-402],[68,-1623],[413,-1068]],[[40977,57346],[-358,539],[-569,198],[-488,846]],[[39562,58929],[268,-34]],[[39830,58895],[129,-7]],[[40017,59204],[-187,-309]],[[39562,58929],[73,-1372],[-1095,-99],[-940,-397]],[[37600,57061],[342,1406]],[[37942,58467],[226,2109],[344,687]],[[38512,61263],[195,394],[535,-372],[389,421],[404,-309],[375,-716],[167,-799]],[[46453,47756],[-90,-948],[179,-845]],[[46542,45963],[-318,-746]],[[46224,45217],[-570,217]],[[45654,45434],[-34,693],[-1523,1003],[-322,899]],[[43775,48029],[1004,-72]],[[37942,58467],[-738,-37]],[[37204,58430],[-203,-84]],[[37001,58346],[-409,607],[227,740],[-295,434],[-465,-223]],[[36059,59904],[-620,-59],[201,1019],[-245,582],[-127,1127]],[[35268,62573],[1199,34],[805,524],[67,399]],[[37339,63530],[221,-947],[477,-400],[684,47]],[[38721,62230],[-209,-967]],[[34543,57510],[12,796]],[[34555,58306],[306,-300]],[[34861,58006],[306,-623]],[[35167,57383],[853,-2081]],[[36020,55302],[-225,-315],[229,-669]],[[41317,55237],[-782,502],[-522,-514]],[[40013,55225],[-1219,-180]],[[37546,56046],[54,1015]],[[43775,48029],[-634,269]],[[43141,48298],[730,1223]],[[44626,54757],[97,765]],[[44723,55522],[1290,521],[672,-660]],[[46685,55383],[541,316],[228,-418]],[[47454,55281],[159,-397],[-993,-1749]],[[46620,53135],[-593,-16],[-1401,1638]],[[43769,63406],[243,-542],[946,-1226]],[[44958,61638],[-509,19],[-268,-353],[-805,111],[-515,282]],[[42861,61697],[169,601],[-505,387]],[[42525,62685],[586,-236],[658,957]],[[41845,60914],[-73,811],[-503,678],[139,734]],[[41408,63137],[1117,-452]],[[42861,61697],[-139,-561],[280,-362]],[[46184,58817],[444,-855],[991,239]],[[47619,58201],[237,-266]],[[47856,57935],[-596,-171],[-813,-2037],[238,-344]],[[44723,55522],[-685,-117],[-406,1885]],[[42593,54658],[773,44],[654,-527]],[[42565,51766],[-247,372]],[[42318,52138],[134,644],[-197,765]],[[32321,57687],[379,387],[304,755],[567,694],[-109,592]],[[33462,60115],[1053,12],[336,-657],[-646,-789],[350,-375]],[[44501,54082],[125,675]],[[46620,53135],[-362,-1375]],[[37204,58430],[-998,-808],[-640,74],[-399,-313]],[[34861,58006],[483,1065],[427,-266]],[[35771,58805],[1230,-459]],[[37067,55439],[-771,288],[-276,-425]],[[35771,58805],[-155,718],[443,381]],[[30226,61976],[391,306],[1044,310],[145,678],[-447,1149],[-742,344]],[[30617,64763],[1201,-415],[419,-799],[791,492],[-8,372]],[[33020,64413],[799,-229]],[[33819,64184],[-691,-264],[8,-845],[518,356],[859,-241]],[[34513,63190],[36,-676],[465,-572],[-131,-883],[-571,520],[-391,-458],[-459,-1006]],[[38303,54454],[-173,-1161],[-749,-310]],[[37381,52983],[-566,53],[-467,511]],[[34513,63190],[600,117],[155,-734]],[[38721,62230],[350,768],[-636,1306],[35,378]],[[38470,64682],[565,-793],[594,226]],[[39629,64115],[-26,-331]],[[39603,63784],[430,-635],[675,251]],[[40708,63400],[328,-111]],[[41036,63289],[372,-152]],[[44958,61638],[612,-409]],[[45570,61229],[-284,-1031]],[[39603,63784],[1105,-384]],[[44741,69584],[-290,-71]],[[44451,69513],[-507,1297],[690,-260],[107,-966]],[[44451,69513],[-227,-56],[-1303,-1084]],[[42921,68373],[-499,1254]],[[42422,69627],[787,1276],[-596,1453],[254,266],[-213,1043],[865,-120]],[[43519,73545],[1644,-648],[600,344]],[[45763,73241],[529,-551],[47,-966]],[[46339,71724],[-47,-688],[-636,-161],[-120,-408],[817,-285],[553,-524]],[[46906,69658],[387,-1272],[-61,-483],[-428,-270]],[[46804,67633],[-1039,112],[-885,-164]],[[44880,67581],[328,641],[-208,959],[-259,403]],[[42412,65812],[45,620]],[[42457,66432],[499,721],[523,96]],[[43479,67249],[197,-712]],[[43676,66537],[-1264,-725]],[[43769,63406],[475,338],[774,-112]],[[45018,63632],[1049,223],[781,-919],[479,-264]],[[47327,62672],[-127,-1034],[-743,9]],[[46457,61647],[-887,-418]],[[38987,74718],[274,632],[86,1016]],[[39347,76366],[640,-62],[552,-316]],[[40539,75988],[-489,-1000],[-53,-592],[-408,-941]],[[39589,73455],[-179,-496]],[[39410,72959],[-274,452]],[[39136,73411],[-149,1307]],[[46339,71724],[706,-62],[781,-474]],[[47826,71188],[-628,-1496],[-292,-34]],[[40539,75988],[420,570],[536,322]],[[41495,76880],[750,-1397],[14,-418]],[[42259,75065],[-235,-418],[235,-588],[-420,-629],[-852,551],[-499,-551],[-64,-564]],[[40424,72866],[-835,589]],[[42457,66432],[-691,257],[-316,-496],[-453,37],[101,920],[-155,709]],[[40943,67859],[696,257],[928,84],[433,-220]],[[43000,67980],[479,-731]],[[46777,75740],[-48,-966]],[[46729,74774],[-278,-505],[-710,-353]],[[45741,73916],[157,499],[-286,430],[-1129,-226],[-507,239]],[[43976,74858],[-405,721]],[[43571,75579],[508,294],[684,-40],[147,564],[499,68],[1368,-725]],[[45018,63632],[632,1877]],[[45650,65509],[697,-208]],[[46347,65301],[-256,-944],[610,-684],[845,938]],[[47546,64611],[121,-28]],[[47667,64583],[-137,-876]],[[47530,63707],[-203,-1035]],[[47826,71188],[1411,-399],[758,328],[445,-211]],[[50440,70906],[-203,-350],[636,-848]],[[50873,69708],[-539,-421],[-53,-1335]],[[50281,67952],[-471,-248],[-426,-665]],[[49384,67039],[-300,1087],[0,913],[-1258,2149]],[[49384,67039],[-232,-536]],[[49152,66503],[-602,517],[-446,-90],[259,-836],[-330,-257]],[[48033,65837],[-277,74]],[[47756,65911],[-254,710],[-680,284]],[[46822,66905],[-18,728]],[[46457,61647],[580,-111],[863,-588]],[[47900,60948],[75,-13]],[[47975,60935],[302,-514],[-99,-734]],[[48178,59687],[-392,68],[-167,-1554]],[[43519,73545],[-6,1130]],[[43513,74675],[463,183]],[[45741,73916],[22,-675]],[[44880,67581],[-1204,-1044]],[[43000,67980],[-79,393]],[[46777,75740],[178,2344],[213,1192]],[[47168,79276],[1151,-851],[270,-759],[-117,-1427],[105,-381],[-194,-1056]],[[48383,74802],[-855,325],[-799,-353]],[[40943,67859],[12,1527]],[[40955,69386],[135,443],[566,142]],[[41656,69971],[766,-344]],[[46347,65301],[622,84],[577,-774]],[[41656,69971],[-397,945],[-553,538]],[[40706,71454],[-391,505],[109,907]],[[42259,75065],[1254,-390]],[[41036,63289],[664,1752],[712,771]],[[46822,66905],[-1172,-1396]],[[39629,64115],[-449,1731]],[[39180,65846],[-557,632],[-836,208]],[[37787,66686],[51,1102],[-689,477]],[[37149,68265],[25,142]],[[37174,68407],[360,1781]],[[37534,70188],[28,155]],[[37562,70343],[507,566]],[[38069,70909],[181,-312],[759,452],[117,1022]],[[39126,72071],[948,-1474]],[[40074,70597],[-91,-898],[362,-437],[610,124]],[[43571,75579],[-370,483],[644,375],[-70,1269]],[[43775,77706],[966,1276],[457,84],[827,508],[338,504],[372,-634],[433,-168]],[[48383,74802],[27,-1013],[462,-984],[1071,-453],[576,-703]],[[50519,71649],[-79,-743]],[[41495,76880],[517,644],[889,-307],[874,489]],[[47756,65911],[-89,-1328]],[[40074,70597],[153,610],[479,247]],[[39126,72071],[284,888]],[[47530,63707],[-48,-753],[477,-248]],[[47959,62706],[125,-798],[-184,-960]],[[37715,43718],[400,242]],[[38115,43960],[443,-787],[-593,-520],[-310,313]],[[38115,43960],[409,1012]],[[38524,44972],[62,43]],[[38586,45015],[568,199]],[[39154,45214],[302,-957]],[[39456,44257],[-707,-700],[743,-430],[376,-635]],[[39868,42492],[141,-1143]],[[40009,41349],[-543,6],[-608,-635]],[[37238,46359],[326,31]],[[37564,46390],[505,-504],[501,-140],[-46,-774]],[[38287,54590],[664,127],[-137,-1133],[74,-753]],[[38888,52831],[191,-498]],[[39079,52333],[-338,-406],[167,-879]],[[38908,51048],[-851,148]],[[38057,51196],[-14,691],[-942,316]],[[37101,52203],[280,780]],[[42620,49775],[-447,-322],[-503,214]],[[41670,49667],[-343,480],[31,622],[569,1267]],[[41927,52036],[391,102]],[[36369,51875],[917,-456],[-185,784]],[[38057,51196],[103,-861],[-642,38]],[[37518,50373],[-1622,-353]],[[38864,47552],[533,526],[-179,1527],[206,833]],[[39424,50438],[746,-329],[876,-882]],[[41046,49227],[241,-858],[-587,-858],[-256,-746]],[[40444,46765],[-662,127],[-918,660]],[[40404,42424],[384,675],[487,365],[-56,582]],[[41219,44046],[231,10],[288,-1574],[-795,-288]],[[40943,42194],[-539,230]],[[40050,46672],[1000,-384],[517,-799]],[[41567,45489],[-388,257],[-411,-681]],[[40768,45065],[-8,251],[-839,461],[129,895]],[[37564,46390],[662,787],[-145,461]],[[38081,47638],[141,-28]],[[38222,47610],[821,-1796],[-457,-799]],[[39079,52333],[550,-332],[590,-21],[581,-412],[735,855],[392,-387]],[[41670,49667],[-540,15],[-84,-455]],[[39424,50438],[-516,610]],[[37166,47626],[915,12]],[[40013,55225],[-485,-638],[344,-765],[495,-560],[-187,-601],[-1292,170]],[[37518,50373],[684,-864],[113,-867],[-93,-1032]],[[43141,48298],[-560,-1688],[93,-656],[590,-737]],[[43264,45217],[-61,-740]],[[43203,44477],[-821,792],[-626,-158],[-189,378]],[[40050,46672],[394,93]],[[38864,47552],[-642,58]],[[39154,45214],[730,182],[103,-340],[781,9]],[[41567,45489],[-513,-1288]],[[41054,44201],[-447,-257],[-427,660],[-724,-347]],[[45654,45434],[-553,-242],[-1077,588],[-760,-563]],[[44499,42817],[1015,1474],[523,53]],[[46037,44344],[-91,-415]],[[45946,43929],[-382,-186],[-453,-808],[62,-660],[-587,-1400]],[[44586,40875],[-224,905]],[[44362,41780],[-134,464],[271,573]],[[41054,44201],[165,-155]],[[40404,42424],[-536,68]],[[40943,42194],[735,-479],[-399,-1654]],[[41279,40061],[-769,821],[-434,-205],[-67,672]],[[43203,44477],[10,-53]],[[43213,44424],[-203,-793]],[[43010,43631],[-539,-34],[116,-1728]],[[42587,41869],[-229,-848],[262,-759]],[[42620,40262],[-789,-260],[-552,59]],[[46224,45217],[-187,-873]],[[44499,42817],[-471,334],[-378,892],[-437,381]],[[45357,37503],[-989,657],[-203,380],[-1000,772],[239,662],[-94,746],[-690,-458]],[[42587,41869],[616,539]],[[43203,42408],[326,-616],[833,-12]],[[44586,40875],[789,-86]],[[45375,40789],[281,-1422],[11,-857]],[[45667,38510],[189,-700]],[[43203,42408],[-193,1223]],[[14182,86801],[-72,415]],[[14110,87216],[549,793],[864,-499],[734,1967]],[[16257,89477],[922,-1415],[704,-372],[608,-28]],[[18491,87662],[-730,-851],[690,-1437],[1443,-1137],[215,75]],[[20109,84312],[767,-360],[145,-1006]],[[21021,82946],[-1270,-988],[-952,-1489]],[[18799,80469],[-1576,1402],[-597,1087],[-572,-514],[-976,-170],[-467,-251]],[[14611,82023],[211,1598],[-251,564],[102,1173],[-883,502],[358,616]],[[14148,86476],[16,19]],[[14164,86495],[49,254]],[[14213,86749],[-31,52]],[[18491,87662],[938,-223],[791,-591],[491,151],[793,-548]],[[21504,86451],[431,-362],[1877,-585],[25,291]],[[23837,85795],[418,-220]],[[24255,85575],[-849,-536],[-121,-1037]],[[23285,84002],[-157,963],[-718,511],[-443,-530],[-1053,-71],[-1358,610],[553,-1173]],[[18894,79230],[-799,771],[-544,-337],[-241,-861],[-791,563],[50,880],[-314,430],[-891,-492],[-634,907],[175,418],[-294,514]],[[18799,80469],[1069,-555]],[[19868,79914],[-974,-684]],[[10958,94772],[703,437],[728,-1214],[1021,232],[255,337]],[[13665,94564],[2001,-699],[1505,-1604],[217,-542],[-324,-731],[-412,-229],[-395,-1282]],[[14110,87216],[-1135,-610],[-385,214],[21,573],[648,1706],[301,297],[-130,694],[-590,1130],[-936,384],[-141,808],[513,654],[-94,873],[-443,158],[-646,-598],[-700,465],[565,808]],[[14164,86495],[-16,-19]],[[14213,86749],[-31,52]],[[13665,94564],[570,2877]],[[14235,97441],[678,564],[193,895],[485,232],[56,867],[534,-195],[1270,-1260],[447,-140],[-69,-582],[966,226],[382,-793],[196,-984],[1300,-685],[1871,-127],[646,-467],[266,90],[1624,-344],[797,-344]],[[25877,94394],[-3049,-529],[-1334,-353],[-397,-369],[159,-1675],[401,-1090],[183,-2601],[-336,-1326]],[[13979,97485],[69,-13]],[[14048,97472],[-69,13]],[[14070,97494],[22,-34]],[[14092,97460],[2,-6]],[[14092,97460],[-22,34]],[[14096,97450],[14,-30]],[[14110,97420],[-14,30]],[[14130,97401],[38,0]],[[14168,97401],[-38,0]],[[14211,97423],[16,-7]],[[14227,97416],[-16,7]],[[10958,94772],[312,526],[-40,595],[-908,1257],[455,641],[308,-297],[2492,306],[402,-315]],[[14048,97472],[22,22]],[[14094,97454],[2,-4]],[[14110,97420],[20,-19]],[[14168,97401],[43,22]],[[14227,97416],[8,25]],[[31418,82258],[181,830]],[[31599,83088],[1455,-325],[306,-597],[-143,-753],[519,-502]],[[33736,80911],[-416,-216],[-401,-641],[-199,-1734],[-608,-645]],[[32112,77675],[-501,2199]],[[31611,79874],[-83,740],[-372,691],[262,953]],[[33736,80911],[1093,-346],[-403,-960],[431,-267]],[[34857,79338],[-521,-433],[-52,-855],[308,-176]],[[34592,77874],[-262,-158],[-600,-1056],[220,-1081]],[[33950,75579],[-506,-28],[-438,322],[-918,294],[-809,-130]],[[31279,76037],[-600,161]],[[30679,76198],[807,254],[550,493],[76,730]],[[34857,79338],[759,304],[201,353],[1809,-34],[29,-1214],[-288,-567]],[[37367,78180],[-455,-814]],[[36912,77366],[-1039,433]],[[35873,77799],[-1006,233],[-275,-158]],[[38987,74718],[-966,-300],[-584,232],[103,613],[-576,1143],[-52,960]],[[37367,78180],[410,-1300],[310,-387],[399,136],[861,-263]],[[31418,82258],[-900,-337],[-1221,254]],[[29297,82175],[-479,176]],[[28818,82351],[-79,827],[260,1000]],[[28999,84178],[925,28],[369,428],[579,-391],[81,-603],[646,-552]],[[26445,92465],[569,-50]],[[27014,92415],[471,-1337],[-177,-2057],[-36,-1907],[-250,-387]],[[27022,86727],[-336,-409],[-56,-904],[505,-294]],[[27135,85120],[-1081,-511],[-149,-691],[-436,-700]],[[25469,83218],[-290,1660],[-465,935]],[[24714,85813],[217,694],[-304,1514],[2150,2985],[127,1016],[-459,443]],[[28818,82351],[-192,-535],[-714,-37],[-449,-669]],[[27463,81110],[187,-564],[-1298,338]],[[26352,80884],[-167,588],[-410,-245]],[[25775,81227],[-306,1991]],[[27135,85120],[1101,-712],[763,-230]],[[35873,77799],[419,-1025],[-511,-953]],[[35781,75821],[-749,207],[-736,-941]],[[34296,75087],[-346,492]],[[31414,72839],[352,932],[455,-7],[326,-566],[-495,-960],[-638,601]],[[34296,75087],[-123,-1558],[515,-121],[417,-436]],[[35105,72972],[-381,-558]],[[34724,72414],[-970,391],[-817,-1344],[-909,390],[-542,3],[-453,368],[-137,926]],[[30896,73148],[-712,316]],[[30184,73464],[505,688],[346,-118],[244,2003]],[[38470,64682],[279,242]],[[38749,64924],[431,922]],[[37339,63530],[551,1044]],[[37890,64574],[859,350]],[[26521,71588],[811,226]],[[27332,71814],[552,-672],[-91,-477],[232,-855]],[[28025,69810],[-218,-687]],[[27807,69123],[-801,573],[-300,-28]],[[26706,69668],[-299,839],[285,282],[-171,799]],[[33020,64413],[-558,1217]],[[32462,65630],[809,-180],[359,452],[2,675]],[[33632,66577],[352,545],[561,369],[-308,1334]],[[34237,68825],[709,-1056],[344,109]],[[35290,67878],[-105,-1137],[362,-226],[-191,-792],[767,-196],[612,124]],[[36735,65651],[-2,-3]],[[36733,65648],[-580,-313],[-386,-557],[-976,-477],[-972,-117]],[[32462,65630],[-1064,675],[-361,1099]],[[31037,67404],[1021,1034]],[[32058,68438],[129,-133]],[[32187,68305],[72,-805],[322,-499],[1051,-424]],[[37149,68265],[-571,-316],[-674,121],[-614,-192]],[[34237,68825],[214,521]],[[34451,69346],[185,-38]],[[34636,69308],[284,-418],[617,1474],[423,406],[183,626]],[[36143,71396],[-34,-208]],[[36109,71188],[-10,-523],[664,-787],[799,465]],[[37534,70188],[-584,-904],[224,-877]],[[35781,75821],[328,-725],[-10,-1133],[-441,-524],[-165,-569],[-388,102]],[[32187,68305],[-2,22]],[[32185,68327],[-43,430],[350,787],[1375,867],[584,-1065]],[[28025,69810],[400,787],[783,213]],[[29208,70810],[741,-2034],[630,-282],[-67,-536]],[[30512,67958],[-674,214]],[[29838,68172],[-721,-895],[-306,152]],[[28811,67429],[-466,458],[-528,1223]],[[27817,69110],[-10,13]],[[39136,73411],[-564,-210],[-760,59],[-268,-1047]],[[37544,72213],[-1435,-1025]],[[36143,71396],[-253,637]],[[35890,72033],[-1526,-151],[360,532]],[[25636,68804],[545,-195],[493,514]],[[26674,69123],[32,545]],[[27817,69110],[-414,-1056],[-369,-238]],[[37787,66686],[-124,-607],[-928,-428]],[[26521,71588],[-491,1034],[-797,9]],[[25233,72631],[121,994]],[[25354,73625],[1067,632],[404,-589],[795,134],[692,761]],[[28312,74563],[153,199],[660,-1242]],[[29125,73520],[212,-6]],[[29337,73514],[-1023,-1669],[-982,-31]],[[28013,65794],[853,941],[-55,694]],[[29838,68172],[255,-1428],[103,-1563]],[[30196,65181],[-334,-524],[368,-535],[-322,-731]],[[30196,65181],[421,-418]],[[23947,70027],[65,969],[235,1050],[630,436]],[[24877,72482],[592,-854]],[[25469,71628],[-181,-1121],[503,-291],[139,-1134],[744,41]],[[36733,65648],[121,-774],[537,-331],[499,31]],[[38069,70909],[-251,1270],[-274,34]],[[34636,69308],[213,388],[215,1443],[826,894]],[[32185,68327],[-127,111]],[[31037,67404],[-525,554]],[[29208,70810],[805,-120],[-68,-406],[444,-437],[514,-37],[658,1344],[-522,948],[-660,384],[517,662]],[[30679,76198],[-1115,397]],[[29564,76595],[218,628],[-624,483],[-41,536]],[[29117,78242],[699,455],[620,-353],[891,926],[284,604]],[[29117,78242],[-547,59],[-413,731],[-475,90]],[[27682,79122],[1610,1591]],[[29292,80713],[314,1202],[-309,260]],[[30184,73464],[-847,50]],[[29125,73520],[-142,474],[68,1257],[513,1344]],[[26352,80884],[-348,89],[-233,-3056],[-264,-706]],[[25507,77211],[-859,350],[-1319,-208],[123,827]],[[23452,78180],[1673,2069],[-49,542]],[[25076,80791],[699,436]],[[19868,79914],[1074,-418],[906,149],[312,1462]],[[22160,81107],[328,-583],[515,-1619],[449,-725]],[[25507,77211],[-801,-700]],[[24706,76511],[-656,-858],[-117,-1275],[-563,-973],[78,-895],[515,106],[914,-134]],[[22092,72566],[-151,1208],[-1616,430],[-85,929],[-398,1093],[-405,22],[-614,-728],[-479,781],[526,1179],[-159,858],[183,892]],[[29292,80713],[-156,428],[-1673,-31]],[[24255,85575],[459,238]],[[25076,80791],[-756,263],[-1295,721]],[[23025,81775],[260,2227]],[[22160,81107],[606,46],[259,622]],[[23837,85795],[350,1093],[-264,709],[-38,1595],[-155,811],[551,1103],[852,-313],[468,938],[844,734]],[[21021,82946],[1051,211],[229,-1394],[724,12]],[[27682,79122],[-289,-499],[-49,-1551],[759,-375],[-171,-669],[-678,-1505],[720,-282],[338,322]],[[25354,73625],[475,1765],[-1123,1121]],[[25877,94394],[320,25],[817,-2004]],[[25469,71628],[-236,1003]],[[51620,57102],[-6,173]],[[51614,57275],[368,0]],[[51982,57275],[231,-285]],[[52213,56990],[198,-449]],[[52411,56541],[541,-424],[-648,-533]],[[52304,55584],[24,719],[-638,-10]],[[51690,56293],[-70,809]],[[52304,55584],[533,-127]],[[52837,55457],[-1075,-1180]],[[51762,54277],[-511,-467],[137,1146]],[[51388,54956],[302,1337]],[[51982,57275],[125,214]],[[52107,57489],[106,-499]],[[51388,54956],[-177,-415],[-704,-155],[102,-468],[-211,-1598]],[[50398,52320],[-382,1645],[-620,402]],[[49396,54367],[-801,-201],[-91,920]],[[48504,55086],[662,294],[397,1539]],[[49563,56919],[632,176],[308,936]],[[50503,58031],[1014,-53]],[[51517,57978],[103,-876]],[[51614,57275],[-37,691]],[[51577,57966],[473,300]],[[52050,58266],[57,-777]],[[51980,58272],[-99,-3]],[[51881,58269],[99,3]],[[50503,58031],[-499,1229]],[[50004,59260],[340,808]],[[50344,60068],[1382,-904],[-123,1201]],[[51603,60365],[783,25],[475,-458]],[[52861,59932],[161,-322]],[[53022,59610],[-652,-1310]],[[52370,58300],[-320,-34]],[[51577,57966],[-60,12]],[[51980,58272],[-99,-3]],[[53022,59610],[222,371]],[[53244,59981],[328,-511],[-656,-606],[1199,-703]],[[54115,58161],[-602,-428]],[[53513,57733],[-609,644],[-534,-77]],[[53513,57733],[1309,-826]],[[54822,56907],[249,-892],[-105,-713]],[[54966,55302],[-589,-12],[-767,400]],[[53610,55690],[352,520],[-453,811],[-1098,-480]],[[59030,53946],[362,-1514]],[[59392,52432],[-70,-712],[-924,31],[-882,201]],[[57516,51952],[234,523]],[[57750,52475],[215,1239],[678,381],[387,-149]],[[52837,55457],[773,233]],[[54966,55302],[-466,-687],[458,-883],[717,-396]],[[55675,53336],[-34,-498]],[[55641,52838],[-944,-267],[-654,13]],[[54043,52584],[-95,189],[-1374,-66],[-606,902],[-206,668]],[[50281,67952],[483,-415],[310,-1381]],[[51074,66156],[431,-681],[-193,-400]],[[51312,65075],[-332,-142],[-1425,774]],[[49555,65707],[-403,796]],[[57750,52475],[-493,979],[-314,189]],[[56943,53643],[-360,1396],[569,257],[811,1112]],[[57963,56408],[312,-282]],[[58275,56126],[805,-1093]],[[59080,55033],[314,-427],[-364,-660]],[[47975,60935],[976,-145],[755,216]],[[49706,61006],[515,-105],[123,-833]],[[50004,59260],[-644,-542]],[[49360,58718],[-218,452],[-964,517]],[[55641,52838],[509,-830],[-2,-1388]],[[56148,50620],[-880,-93],[-207,-1532]],[[55061,48995],[-89,-214]],[[54972,48781],[-161,935],[-76,1490],[-364,724]],[[54371,51930],[-328,654]],[[48504,55086],[-193,504],[-461,-15]],[[47850,55575],[751,511],[-49,548],[536,768],[-220,579]],[[48868,57981],[71,576],[421,161]],[[49360,58718],[163,-381],[40,-1418]],[[47856,57935],[147,563],[865,-517]],[[47850,55575],[-396,-294]],[[64270,67791],[230,112],[519,1461]],[[65019,69364],[419,-981],[1095,-487],[277,-532],[1137,-443],[79,-362],[686,-400]],[[68712,66159],[-360,-1468],[253,-343]],[[68605,64348],[-531,-765],[-310,-3]],[[67764,63580],[-1012,108],[-397,-424],[-237,-917],[-763,626],[-505,-799]],[[64850,62174],[-549,551],[175,2019],[-230,867]],[[64246,65611],[24,2180]],[[60336,61892],[575,607],[73,1105]],[[60984,63604],[479,140]],[[61463,63744],[-95,-462],[131,-1244]],[[61499,62038],[-638,-338],[-525,192]],[[53244,59981],[694,38]],[[53938,60019],[785,-1016],[-195,-694],[-413,-148]],[[51603,60365],[-40,1072],[137,625]],[[51700,62062],[30,400],[614,954]],[[52344,63416],[801,904]],[[53145,64320],[415,-1158],[-53,-285]],[[53507,62877],[-461,-1675],[-185,-1270]],[[51700,62062],[-249,260],[38,1146],[318,762]],[[51807,64230],[561,-152],[-24,-662]],[[54966,55302],[475,784],[1212,6],[78,1663]],[[56731,57755],[445,-149]],[[57176,57606],[-94,-396],[881,-802]],[[56943,53643],[-501,-260],[-767,-47]],[[57516,51952],[-674,-1257]],[[56842,50695],[-694,-75]],[[59392,52432],[159,353],[708,-409],[351,53],[358,-790],[129,-746],[456,-706]],[[61553,50187],[-175,-694],[-519,-90],[435,-836],[612,-393]],[[61906,48174],[-2407,870],[-391,34]],[[59108,49078],[-545,960],[-1252,706],[-469,-49]],[[59784,58142],[-237,-1074]],[[59547,57068],[-483,325],[-495,910]],[[58569,58303],[692,260],[-104,545]],[[59157,59108],[627,-966]],[[54755,63651],[2,9]],[[54757,63660],[2,22]],[[54759,63682],[75,489]],[[54834,64171],[128,-43]],[[54962,64128],[262,-183]],[[55224,63945],[2,316]],[[55226,64261],[-103,186]],[[55123,64447],[339,220]],[[55462,64667],[120,12]],[[55582,64679],[-22,-573],[853,-266]],[[56413,63840],[-36,-366],[-899,16]],[[55478,63490],[-723,161]],[[54757,63660],[2,22]],[[55478,63490],[217,-653],[-135,-676]],[[55560,62161],[-483,-253]],[[55077,61908],[-169,904],[-443,282],[-147,628]],[[54318,63722],[437,-71]],[[55224,63945],[2,316]],[[54834,64171],[-357,1242]],[[54477,65413],[985,-746]],[[55123,64447],[-161,-319]],[[51074,66156],[222,217]],[[51296,66373],[634,275],[394,-653],[722,455],[540,-46],[328,650]],[[53914,67054],[451,-495],[320,71],[1326,-1381]],[[56011,65249],[-429,-570]],[[54477,65413],[-316,-143],[-316,-1009],[-700,59]],[[51807,64230],[24,660],[-519,185]],[[51296,66373],[82,1028],[-111,913],[504,226],[140,-479]],[[51911,68061],[131,-326],[1095,620],[785,-78]],[[53922,68277],[-8,-1223]],[[59020,68451],[1342,-387]],[[60362,68064],[578,-90],[183,-468]],[[61123,67506],[-610,-957],[195,-799]],[[60708,65750],[-690,-331],[-554,130],[-505,-1081]],[[58959,64468],[-1374,-359]],[[57585,64109],[-393,-62]],[[57192,64047],[79,901],[716,230],[111,1071],[-246,641]],[[57852,66890],[121,492],[644,84],[403,985]],[[52849,70792],[83,216]],[[52932,71008],[742,354],[491,-134],[435,672],[61,1354],[-210,362]],[[54451,73616],[886,-242],[940,-808]],[[56277,72566],[-964,-598],[-268,-901],[145,-2217]],[[55190,68850],[-1099,-238]],[[54091,68612],[-892,504],[53,700],[-403,976]],[[56277,72566],[448,-74],[-50,-697],[721,334],[422,-80],[111,-644],[720,-93]],[[58649,71312],[81,-502],[753,-130],[-322,-582],[187,-650],[-401,-542]],[[58947,68906],[-777,607],[-615,904],[-491,-1288],[-989,148],[-179,-1161]],[[55896,68116],[-662,56],[-44,678]],[[58663,71526],[-8,9]],[[58655,71535],[8,-9]],[[58708,71622],[-2,3],[0,3]],[[58706,71628],[2,-6]],[[58726,71646],[6,-9]],[[58732,71637],[2,0]],[[58732,71637],[-6,9]],[[64246,65611],[-342,523],[-944,220]],[[62960,66354],[-1131,366],[-706,786]],[[60362,68064],[87,1662],[875,923]],[[61324,70649],[286,-1944],[596,120],[82,-1229],[1226,40],[756,155]],[[57852,66890],[-684,-582],[-272,340],[-551,-449]],[[56345,66199],[-243,465],[245,455],[-451,997]],[[58947,68906],[73,-455]],[[53922,68277],[169,335]],[[56345,66199],[-334,-950]],[[51911,68061],[417,383],[-145,1877],[209,505],[457,-34]],[[56488,61099],[487,1025],[455,-52],[507,473]],[[57937,62545],[115,-2056]],[[58052,60489],[-367,589],[-571,-53]],[[57114,61025],[-626,74]],[[58649,71312],[14,214]],[[58655,71535],[53,87]],[[58706,71628],[20,18]],[[58734,71637],[247,412],[848,-43],[300,213],[710,-96],[155,-371]],[[60994,71752],[-76,-672],[406,-431]],[[61147,71715],[-36,15]],[[61111,71730],[36,-15]],[[54822,56907],[82,867],[616,433],[1153,-192]],[[56673,58015],[58,-260]],[[55560,62161],[616,19],[-54,-830],[366,-251]],[[57114,61025],[-111,-712]],[[57003,60313],[-652,52],[-161,-275],[-684,-62],[-656,303]],[[54850,60331],[227,1577]],[[57192,64047],[-527,-514],[-252,307]],[[57585,64109],[769,-938],[-417,-626]],[[54318,63722],[-811,-845]],[[53938,60019],[912,312]],[[57003,60313],[-64,-576]],[[56939,59737],[-417,-1059],[151,-663]],[[52932,71008],[-658,480],[38,406]],[[52312,71894],[726,663],[377,823],[527,-83],[509,319]],[[54371,51930],[-852,-783],[-1062,-62]],[[52457,51085],[-735,904],[-424,-300],[-872,-34],[250,613]],[[50676,52268],[-155,28]],[[50521,52296],[-127,0]],[[50394,52296],[4,24]],[[48033,65837],[584,-771]],[[48617,65066],[543,-1592],[435,-591]],[[49595,62883],[-560,-248],[-525,539],[-551,-468]],[[49555,65707],[-304,-706],[-634,65]],[[51700,62062],[-732,164],[-459,-235],[-113,-638],[-658,-148]],[[49738,61205],[-254,1207],[111,471]],[[50519,71649],[420,220],[137,-582],[-149,-656]],[[50927,70631],[-54,-923]],[[49706,61006],[32,199]],[[50927,70631],[147,9],[1149,1226]],[[52223,71866],[89,28]],[[60708,65750],[427,-387],[-151,-1759]],[[60984,63604],[-505,409],[-503,-133],[-479,297],[-322,-653]],[[59175,63524],[-216,944]],[[61463,63744],[497,99],[624,452]],[[62584,64295],[245,-610],[-40,-901],[417,-387],[1644,-223]],[[64850,62174],[-388,-777],[-188,-1765]],[[64274,59632],[-1237,-93]],[[63037,59539],[-1143,1093]],[[61894,60632],[72,1121],[-467,285]],[[59157,59108],[-182,443]],[[58975,59551],[135,520],[622,56]],[[59732,60127],[1222,-486],[42,-771]],[[60996,58870],[-326,21],[-83,-873],[-531,-37]],[[60056,57981],[-272,161]],[[59175,63524],[124,-709],[339,22],[152,-1075]],[[59790,61762],[361,-938],[-419,-697]],[[58975,59551],[-126,1437],[-797,-499]],[[58275,56126],[908,496],[364,446]],[[60056,57981],[364,-796],[-291,-563],[126,-1124]],[[60255,55498],[-730,179],[-445,-644]],[[58569,58303],[8,700],[-463,114]],[[58114,59117],[-394,521]],[[57720,59638],[448,300],[-116,551]],[[63037,59539],[-133,-465],[-801,-901],[1425,-130],[491,297]],[[64019,58340],[386,-331],[288,-684],[-241,-580]],[[64452,56745],[-1134,-89],[202,-428],[-1017,-415],[1017,-662],[-451,-728],[523,-495]],[[63592,53928],[-1974,148]],[[61618,54076],[219,703],[-46,935],[-843,-687],[-693,471]],[[60996,58870],[443,1214],[455,548]],[[62584,64295],[-495,1489],[871,570]],[[59790,61762],[546,130]],[[60994,71752],[117,-22]],[[61147,71715],[741,-580],[1219,-526],[868,-805],[855,-102],[189,-338]],[[56939,59737],[781,-99]],[[58114,59117],[-400,-1102],[-538,-409]],[[61618,54076],[-127,-508],[302,-1257],[-191,-375],[286,-727]],[[61888,51209],[-465,-270],[130,-752]],[[68712,66159],[644,1087],[1357,-629],[1002,632]],[[71715,67249],[374,-334]],[[72089,66915],[-783,-1056],[-756,-545],[-145,319],[-789,-257]],[[69616,65376],[-1011,-1028]],[[67764,63580],[-1131,-697],[-304,-725]],[[66329,62158],[-414,-709],[46,-944]],[[65961,60505],[-366,-400],[444,-421],[-130,-492],[-1399,-248]],[[64510,58944],[-236,688]],[[48955,48827],[463,329]],[[49418,49156],[569,-452]],[[49987,48704],[-322,-366]],[[49665,48338],[-710,489]],[[49418,49156],[-129,932]],[[49289,50088],[-660,1046],[425,282]],[[49054,51416],[772,-1133]],[[49826,50283],[-171,-316]],[[49655,49967],[320,-1217]],[[49975,48750],[12,-46]],[[49665,48338],[586,-567]],[[50251,47771],[-912,-727],[-215,-651]],[[49124,46393],[-769,920]],[[48355,47313],[435,524]],[[48790,47837],[223,266],[-257,762]],[[48756,48865],[199,-38]],[[48756,48865],[269,319]],[[49025,49184],[264,904]],[[49655,49967],[1109,-257]],[[50764,49710],[348,-619],[-267,-517]],[[50845,48574],[-604,322],[-266,-146]],[[49025,49184],[-271,371]],[[48754,49555],[-526,1387],[-573,124],[-763,582]],[[46892,51648],[352,245],[805,-678],[342,882]],[[48391,52097],[602,-263],[61,-418]],[[47705,42198],[256,969],[622,536],[-423,449]],[[48160,44152],[873,535],[121,344]],[[49154,45031],[439,-229],[1618,-242]],[[51211,44560],[123,-569],[430,-341],[220,-579],[1081,220]],[[53065,43291],[-234,-905]],[[52831,42386],[-583,-557],[-494,393],[-883,-402]],[[50871,41820],[-278,-294],[-553,356],[-1379,241],[-199,-1430]],[[48462,40693],[-350,1474],[-407,31]],[[48754,49555],[-644,-34]],[[48110,49521],[-574,861],[-1159,-81]],[[54972,48781],[-305,-749],[-1023,77]],[[53644,48109],[298,-830],[-741,96]],[[53201,47375],[-774,582],[-302,-492]],[[52125,47465],[-332,167],[28,907],[-976,35]],[[50764,49710],[572,-130],[-14,799]],[[51322,50379],[777,-545],[358,1251]],[[47355,47731],[936,202]],[[48291,47933],[499,-96]],[[48355,47313],[-644,-793]],[[47711,46520],[-483,1214]],[[47711,46520],[-298,-817]],[[47413,45703],[-871,260]],[[49396,54367],[-864,-1331],[-141,-939]],[[49124,46393],[30,-1362]],[[48160,44152],[-747,1551]],[[48291,47933],[-127,1226]],[[48164,49159],[-54,362]],[[46457,49128],[1707,31]],[[50251,47771],[393,-359],[855,-1306]],[[51499,46106],[767,-775]],[[52266,45331],[-1055,-771]],[[51322,50379],[-352,498],[-856,-34]],[[50114,50843],[-175,573],[455,880]],[[50521,52296],[155,-28]],[[52125,47465],[-626,-1359]],[[52266,45331],[617,-579]],[[52883,44752],[-42,-960],[224,-501]],[[58253,41987],[672,285],[749,-595],[-437,-913],[1679,-474]],[[60916,40290],[833,183]],[[61749,40473],[-348,-750],[-1578,230],[28,-1942]],[[59851,38011],[-870,93]],[[58981,38104],[-549,136],[101,1016],[-827,18]],[[57706,39274],[-357,880],[161,594]],[[57510,40748],[636,502],[107,737]],[[53314,41501],[119,-288]],[[53433,41213],[-119,288]],[[55659,44799],[22,9]],[[55681,44808],[590,-155],[289,-1554],[-132,-1462]],[[56428,41637],[-1200,68],[-425,-762]],[[54803,40943],[-615,245]],[[54188,41188],[134,694],[-348,882],[471,517],[-263,728],[318,440]],[[54500,44449],[446,291],[713,59]],[[58253,41987],[-119,647],[-477,-21],[-362,833],[153,442]],[[57448,43888],[237,-625],[940,-1022],[594,1189]],[[59219,43430],[338,-399],[159,-806],[1248,518],[453,972],[-10,882],[974,595]],[[62381,45192],[88,-1065]],[[62469,44127],[-525,-564],[-324,-1189],[-733,254],[-314,-1152],[590,-486],[-247,-700]],[[57510,40748],[-779,-62]],[[56731,40686],[-303,951]],[[55681,44808],[571,93],[-187,926],[803,130]],[[56868,45957],[224,-229]],[[57092,45728],[-212,-579],[155,-926],[413,-335]],[[57092,45728],[837,-78],[408,-316],[443,109]],[[58780,45443],[481,-839],[-42,-1174]],[[56868,45957],[45,811]],[[56913,46768],[577,-3],[576,715],[549,-647]],[[58615,46833],[161,-802]],[[58776,46031],[4,-588]],[[58776,46031],[823,208],[999,-161],[529,151],[968,-696],[237,28]],[[62332,45561],[49,-369]],[[55659,44799],[-538,492],[-134,1044]],[[54987,46335],[320,278],[42,697],[292,926]],[[55641,48236],[1372,-752],[-100,-716]],[[59108,49078],[-493,-2245]],[[55641,48236],[-580,759]],[[53644,48109],[1057,-966],[-220,-564],[506,-244]],[[54500,44449],[-194,594]],[[54306,45043],[-114,502],[-598,-319],[-393,2149]],[[52883,44752],[576,-560],[177,960],[670,-109]],[[54188,41188],[-755,25]],[[53314,41501],[-483,885]],[[61906,48174],[177,-830]],[[62083,47344],[249,-1783]],[[49826,50283],[288,560]],[[45667,38510],[350,-22],[247,1331]],[[46264,39819],[590,508]],[[46854,40327],[1123,-700],[101,-427],[577,-12]],[[48655,39188],[324,-895]],[[48979,38293],[87,-236]],[[48462,40693],[-32,-926],[225,-579]],[[46854,40327],[80,997],[318,657]],[[47252,41981],[453,217]],[[50871,41820],[26,-428]],[[50897,41392],[250,-597],[-216,-926]],[[50931,39869],[-929,87],[-695,278],[-195,-1842],[-133,-99]],[[45946,43929],[757,-1007],[137,-647],[412,-294]],[[46264,39819],[-211,911],[-678,59]],[[56373,35308],[576,-214]],[[56949,35094],[-542,-650]],[[56407,34444],[-34,864]],[[55922,36847],[512,1297],[273,-176],[636,219]],[[57343,38187],[369,-467],[464,-84]],[[58176,37636],[-452,-433],[-429,6],[-431,-567],[-428,-74]],[[56436,36568],[-268,28]],[[56168,36596],[-246,251]],[[50346,38091],[153,1437],[432,341]],[[50897,41392],[739,-61],[742,-781],[894,124]],[[53272,40674],[173,-269]],[[53445,40405],[-378,-666],[-326,-124],[-232,-951],[-537,-111],[-449,-647]],[[53866,38732],[342,-495],[994,167]],[[55202,38404],[-260,-873],[980,-684]],[[55922,36847],[-567,-1341]],[[55355,35506],[-372,282]],[[54983,35788],[-262,226]],[[54721,36014],[-225,105]],[[54496,36119],[-270,145]],[[54226,36264],[-344,-148]],[[53882,36116],[-260,-9]],[[53622,36107],[-155,672],[326,479],[-199,812]],[[53594,38070],[272,662]],[[52366,36531],[733,288],[-42,731],[537,520]],[[53622,36107],[-835,-858]],[[55355,35506],[-385,-508]],[[54970,34998],[13,790]],[[54721,36014],[-62,-1081]],[[54659,34933],[-93,-211]],[[54566,34722],[-137,31]],[[54429,34753],[67,1366]],[[54566,34722],[270,-529]],[[54836,34193],[293,-886]],[[55129,33307],[-485,105],[-392,765],[-26,583]],[[54226,34760],[203,-7]],[[56407,34444],[-195,-146]],[[56212,34298],[-249,818],[201,870]],[[56164,35986],[209,-678]],[[53882,36116],[-51,-712],[-688,-536]],[[54803,40943],[896,-916],[58,-598]],[[55757,39429],[-467,-189],[-88,-836]],[[53866,38732],[-226,722],[-435,207],[240,744]],[[53272,40674],[161,539]],[[54226,36264],[0,-1504]],[[55129,33307],[170,-319],[-415,-876]],[[57706,39274],[146,-526],[-509,-561]],[[55757,39429],[743,585],[231,672]],[[54836,34193],[666,-71],[710,176]],[[56949,35094],[901,180]],[[57850,35274],[632,743],[238,749]],[[58720,36766],[781,-74]],[[59501,36692],[-59,-911],[-632,-368],[-46,-2264],[640,-1056]],[[58981,38104],[357,-359],[163,-1053]],[[58720,36766],[22,520],[-566,350]],[[57850,35274],[-420,151],[-1091,774],[97,369]],[[56168,36596],[-4,-610]],[[54659,34933],[311,65]],[[67694,39900],[903,-601],[200,-1124],[364,-279]],[[69161,37896],[266,-393],[-492,-675],[-1052,384]],[[67883,37212],[-1779,616]],[[66104,37828],[-777,939],[594,501],[531,-384],[403,1000],[839,16]],[[66331,35707],[193,-833]],[[66524,34874],[425,-396],[-421,-762]],[[66524,34874],[646,1112]],[[67170,35986],[570,-50],[-82,-1641],[317,-1031]],[[67975,33264],[-1135,-514],[-48,-297],[-1105,-648]],[[63393,35642],[-330,691],[-457,-44],[-555,390]],[[62051,36679],[-701,168],[-595,656],[-904,508]],[[61749,40473],[917,28]],[[62666,40501],[391,-610],[594,-267],[-163,-1359],[189,-567]],[[63677,37698],[195,-1062]],[[62666,40501],[552,1034]],[[63218,41535],[581,-62]],[[63799,41473],[415,-1298],[-131,-777],[503,-371]],[[64586,39027],[-267,-1267],[-642,-62]],[[62469,44127],[471,-2236],[278,-356]],[[62051,36679],[-1214,-582],[-68,-1387],[1131,-173],[-91,-1137]],[[69161,37896],[811,174]],[[69972,38070],[604,-1109],[-310,-365]],[[70266,36596],[4,-728]],[[70270,35868],[-701,-802],[51,-455],[-383,-818]],[[69237,33793],[-408,-1155],[-642,-412]],[[68187,32226],[-212,1038]],[[67170,35986],[713,1226]],[[65810,36444],[586,400],[-292,984]],[[64586,39027],[733,1542],[938,1028],[779,25]],[[67036,41622],[352,-239],[600,-879]],[[67988,40504],[-294,-604]],[[68187,32226],[-447,-591],[-107,-526],[-1107,-1131]],[[69237,33793],[550,10],[88,-623],[-563,-1440],[431,-247],[-335,-756]],[[73864,43117],[-946,452]],[[72918,43569],[-412,387],[40,561],[-380,1616],[746,663],[-157,276]],[[72755,47072],[602,727],[871,-192],[642,245]],[[74870,47852],[-340,-1332],[185,-1077],[1043,-1567],[-107,-118]],[[75651,43758],[-611,-659]],[[75040,43099],[-993,15]],[[74047,43114],[-183,3]],[[69616,65376],[-501,-1570],[565,-400]],[[69680,63406],[-2,-913],[294,-647]],[[69972,61846],[-139,-830]],[[69833,61016],[-535,300],[-1051,-495],[-1083,6],[-581,303],[-254,1028]],[[62083,47344],[1159,-300],[429,161],[96,1238]],[[63767,48443],[149,-678],[1045,-136]],[[64961,47629],[543,-774],[465,164]],[[65969,47019],[-507,-1112],[-620,-452],[171,-703],[-141,-566]],[[64872,44186],[-555,-78],[-288,-1474],[80,-483],[-310,-678]],[[69197,48289],[302,542]],[[69499,48831],[193,458],[882,-542],[404,492]],[[70978,49239],[151,-1161],[372,-353]],[[71501,47725],[-565,-926]],[[70936,46799],[-652,-223],[-727,136],[-654,-1158],[-354,102]],[[68549,45656],[473,462],[175,2171]],[[67400,56228],[501,1072],[658,-44],[310,-783],[-352,-787],[630,-464]],[[69147,55222],[-230,-1025],[-392,-526]],[[68525,53671],[-457,126],[-463,852]],[[67605,54649],[-324,864],[119,715]],[[69972,61846],[1119,-350],[131,-564],[-175,-771],[708,-269]],[[71755,59892],[16,-192]],[[71771,59700],[-332,80],[-686,-393],[-630,-112],[-362,713]],[[69761,59988],[72,1028]],[[67605,54649],[-761,-1427],[-776,-422],[-489,1032]],[[65579,53832],[283,805],[-2,895]],[[65860,55532],[650,-521],[483,1512],[407,-295]],[[69680,63406],[405,697],[774,-71],[550,-709],[771,266],[412,-365]],[[72592,63224],[-398,-1242],[253,-746],[-28,-716],[-664,-628]],[[72695,51624],[-489,461],[266,753]],[[72472,52838],[-115,922]],[[72357,53760],[495,561]],[[72852,54321],[849,-551],[441,1043],[547,440],[912,-90],[-76,-598]],[[75525,54565],[-107,-411],[622,-812]],[[76040,53342],[-369,-579],[-102,-1777],[-648,-236]],[[74921,50750],[-45,626],[-2181,248]],[[69499,48831],[-781,2229],[248,623]],[[68966,51683],[1270,-248],[1179,402]],[[71415,51837],[-393,-1529],[-44,-1069]],[[71415,51837],[590,186],[-12,1177],[479,-362]],[[72695,51624],[-680,-276],[241,-889],[-374,-520],[195,-409],[-268,-969],[665,294],[-123,-892]],[[72351,47963],[-850,-238]],[[72918,43569],[-996,62],[-119,669],[-358,-3],[-266,-783]],[[71179,43514],[-364,-72],[-535,375]],[[70280,43817],[801,991],[92,1294],[-237,697]],[[72351,47963],[404,-891]],[[75040,43099],[-224,-1400],[485,-229],[-60,-1338]],[[75241,40132],[-1007,-356],[-776,-1065]],[[73458,38711],[-192,830],[49,808],[-167,1025]],[[73148,41374],[277,814],[326,152],[260,774]],[[74011,43114],[36,0]],[[69197,48289],[-612,309],[-269,620],[-663,133],[-86,1090],[-250,229]],[[67317,50670],[256,483]],[[67573,51153],[197,635]],[[67770,51788],[193,-276],[1003,171]],[[74921,50750],[36,-538],[821,-1217],[-314,-505],[52,-675]],[[75516,47815],[-646,37]],[[63592,53928],[395,-28],[611,504],[365,-353],[120,-755]],[[65083,53296],[-633,-1994],[-365,-601]],[[64085,50701],[-10,-307],[-1328,762],[-338,356],[-521,-303]],[[68525,53671],[-292,-545],[-1022,-545],[559,-793]],[[67573,51153],[-898,452],[117,-687],[-183,-719],[-392,-560]],[[66217,49639],[-286,266]],[[65931,49905],[-668,994],[-427,-582]],[[64836,50317],[-751,384]],[[65083,53296],[496,536]],[[72592,63224],[298,1436]],[[72890,64660],[765,-1124],[1636,34]],[[75291,63570],[-129,-1300],[-430,-304]],[[74732,61966],[-866,65],[-394,-634],[102,-1236],[-149,-793]],[[73425,59368],[-205,233],[-940,-205],[-457,-297]],[[71823,59099],[-52,601]],[[64872,44186],[159,-614],[584,-126],[380,235],[799,-1044],[83,607],[611,-179]],[[67488,43065],[256,-267],[-68,-758],[-640,-418]],[[65969,47019],[807,-706]],[[66776,46313],[177,-536]],[[66953,45777],[97,-765],[489,-142],[209,-737],[-487,-396],[199,-564]],[[67460,43173],[28,-108]],[[69147,55222],[292,505]],[[69439,55727],[702,-127],[505,405]],[[70646,56005],[787,-1179],[-495,-1072],[-77,-604],[1496,610]],[[66953,45777],[1101,-312],[300,-561]],[[68354,44904],[-173,-378],[616,-560],[640,176],[591,-523]],[[70028,43619],[85,-2096]],[[70113,41523],[-872,253],[-1253,-1272]],[[64452,56745],[454,-6],[391,-1210],[563,3]],[[66084,57662],[406,-985],[-634,-498],[-122,774],[350,709]],[[70646,56005],[250,-161],[1662,-49]],[[72558,55795],[658,-232],[-364,-1242]],[[64510,58944],[-491,-604]],[[65961,60505],[580,-1084],[120,-768],[1566,-601],[491,421],[294,1186]],[[69012,59659],[-44,-1319],[378,-1424],[-125,-886],[218,-303]],[[74732,61966],[784,211],[-205,-1753],[693,-1393],[221,-1279]],[[76225,57752],[-543,-418]],[[75682,57334],[-125,350],[-1773,464],[-753,449]],[[73031,58597],[394,771]],[[69761,59988],[-749,-329]],[[73031,58597],[-489,-635],[316,-783],[-322,-511],[22,-873]],[[70646,56005],[46,1920],[290,784],[841,390]],[[70113,41523],[155,-90],[754,-1651],[-809,-666],[-241,-1046]],[[66217,49639],[-23,-586],[-523,-244],[-215,616],[475,480]],[[64961,47629],[243,1468],[-660,814]],[[64544,49911],[292,406]],[[67317,50670],[-507,-582],[28,-629],[328,-1152],[-418,-548],[274,-601],[-246,-845]],[[63767,48443],[234,1354],[543,114]],[[75241,40132],[-77,-709]],[[75164,39423],[-70,-907],[316,-217],[-73,-1028],[-273,-533],[-791,-40]],[[74273,36698],[-117,424],[-930,777],[232,812]],[[75682,57334],[678,-1787],[-238,-740],[-597,-242]],[[72089,66915],[960,-403]],[[73049,66512],[79,-684],[-238,-1168]],[[70280,43817],[-252,-198]],[[68354,44904],[195,752]],[[71179,43514],[-96,-452],[471,-338],[394,-818],[1200,-532]],[[74273,36698],[-920,418],[-886,-111],[-297,-431],[-1576,-313],[-328,335]],[[73864,43117],[147,-3]],[[69966,32437],[404,746],[964,143],[608,294],[177,706],[455,474],[785,-1007]],[[73359,33793],[294,-480],[-151,-755],[-334,-136]],[[73168,32422],[-419,-127],[191,-1155]],[[73359,33793],[588,827],[122,1081]],[[74069,35701],[791,-539],[389,-585],[50,-1341],[-324,-523],[-388,-1214],[-1095,950],[-324,-27]],[[70270,35868],[926,-84],[424,372],[443,-276],[1576,267],[430,-446]],[[75164,39423],[862,-381],[595,-935],[880,1140],[155,-511]],[[77656,38736],[-53,-833],[594,86],[73,-1855],[114,-427],[954,-108]],[[79338,35599],[552,-34],[618,384],[621,99],[797,415],[590,-1081],[1713,-951],[597,-452]],[[84826,33979],[284,-780]],[[79783,32908],[-733,511],[-835,-81],[-636,-1133],[-972,0],[-1219,-1567],[1133,393],[453,-198]],[[77656,38736],[362,1182],[-78,601],[348,511],[330,-458],[-83,-731]],[[78535,39841],[-135,-359],[665,-972],[464,-288],[500,269],[142,0]],[[80171,38491],[-154,-47]],[[80017,38444],[-288,-925],[137,-1019],[-528,-901]],[[76040,53342],[477,-604]],[[76517,52738],[-107,-1247],[457,-56],[469,-1378],[-69,-1013],[208,-576],[-679,-935],[-811,276]],[[75985,47809],[-469,6]],[[85342,38082],[324,489],[591,-371]],[[86257,38200],[395,-1731],[573,-424]],[[87225,36045],[-96,-601]],[[87129,35444],[-336,-440],[-781,297],[-264,384],[143,737],[-1036,-27]],[[84855,36395],[-89,266]],[[84766,36661],[576,1421]],[[80171,38491],[856,406],[-181,356],[646,941]],[[81492,40194],[869,71]],[[82361,40265],[-70,-2616],[455,-1372],[978,-731],[919,-198]],[[84643,35348],[183,-1369]],[[85342,38082],[-413,1270]],[[84929,39352],[226,77]],[[85155,39429],[575,691]],[[85730,40120],[890,-768],[36,-768],[-399,-384]],[[84873,39448],[16,-25]],[[84889,39423],[-16,25]],[[85155,39429],[-320,81]],[[84835,39510],[-506,-279],[-463,-663]],[[83866,38568],[-603,731],[20,753],[-783,285]],[[82500,40337],[898,192],[-157,616],[-568,542],[260,573],[8,823]],[[82941,43083],[541,180]],[[83482,43263],[288,-672],[-115,-567],[304,-474],[527,130],[640,-207],[514,-783],[547,34]],[[86187,40724],[-457,-604]],[[86187,40724],[312,210]],[[86499,40934],[956,177],[1185,901]],[[88640,42012],[-1358,-1146],[-24,-514],[-473,-808],[656,-589]],[[87441,38955],[-457,-1018],[948,-623],[48,-780],[-223,-403],[-532,-86]],[[84766,36661],[-688,350],[-274,628],[328,264],[-266,665]],[[84835,39510],[38,-62]],[[84889,39423],[40,-71]],[[81492,40194],[-429,917]],[[81063,41111],[284,-155],[940,1016],[-888,1062]],[[81399,43034],[1542,49]],[[82500,40337],[-139,-72]],[[81063,41111],[-735,1771]],[[80328,42882],[357,443],[714,-291]],[[89985,33094],[-63,-567],[948,-1078],[403,-204],[141,-703],[-141,-579],[-562,-619],[-1213,792],[-485,96],[-640,-201],[2,533],[-369,319],[-22,817],[-378,43]],[[87606,31743],[1568,505],[32,731]],[[89206,32979],[779,115]],[[84643,35348],[212,1047]],[[87129,35444],[16,-892],[857,-77]],[[88002,34475],[-177,-428],[1381,-1068]],[[87606,31743],[-366,-164],[-496,375],[-505,-146],[-722,570]],[[78535,39841],[586,-12],[-193,1368],[98,744]],[[79026,41941],[53,179],[-294,1230],[147,780]],[[78932,44130],[1254,-353]],[[80186,43777],[142,-895]],[[78972,42309],[62,-189]],[[79034,42120],[-62,189]],[[87441,38955],[593,62],[401,-238],[1149,245]],[[89584,39024],[-235,-998],[-79,-1025],[-308,-1025],[75,-1031]],[[89037,34945],[-1035,-470]],[[89445,34868],[30,-904],[510,-870]],[[89037,34945],[408,-77]],[[79352,52887],[421,381]],[[79773,53268],[1181,-133],[429,-307]],[[81383,52828],[87,-251]],[[81470,52577],[209,-616],[-387,-1319],[300,-471],[-766,-470]],[[80826,49701],[-1075,1384],[-191,-13]],[[79560,51072],[-208,1815]],[[76517,52738],[805,264],[249,-728],[717,-189],[1064,802]],[[79560,51072],[304,-1721],[-761,-1035],[-40,-1052],[-375,-747]],[[78688,46517],[-883,-938],[-815,59]],[[76990,45638],[-27,1242],[-788,77],[-190,852]],[[76990,45638],[-296,-728],[372,-768],[-105,-412]],[[76961,43730],[-541,-498],[-769,526]],[[76961,43730],[15,-786],[1575,-105],[421,-530]],[[79034,42120],[-8,-179]],[[78688,46517],[886,-836]],[[79574,45681],[-202,-638],[-635,-374],[195,-539]],[[84287,46750],[-141,-898]],[[84146,45852],[-133,-103]],[[84013,45749],[-688,-71],[-257,756]],[[83068,46434],[-13,266],[1232,50]],[[84780,47062],[-267,-161]],[[84513,46901],[-153,-80]],[[84360,46821],[-634,641]],[[83726,47462],[207,746],[398,12],[23,-656],[426,-502]],[[80186,43777],[1300,1133],[-59,579],[469,508],[1035,601],[137,-164]],[[84013,45749],[310,-356]],[[84323,45393],[-263,-1173],[-578,-957]],[[79574,45681],[636,-486],[654,406],[88,827],[274,569],[-400,2704]],[[81470,52577],[648,-65],[155,-799],[712,-154],[499,-728]],[[83484,50831],[121,-938],[-250,-1502],[371,-929]],[[84360,46821],[-73,-71]],[[84513,46901],[-13,-833],[-354,-216]],[[81061,59387],[137,378],[849,377]],[[82047,60142],[845,-380],[198,845],[738,260]],[[83828,60867],[-82,-1279],[157,-539],[595,-52],[343,619],[897,201]],[[85738,59817],[1455,-796]],[[87193,59021],[-958,-1077],[-555,-136],[-284,-459],[103,-783],[1251,-1418],[-195,-830]],[[86555,54318],[-670,492],[-1014,239],[-165,-205]],[[84706,54844],[-22,818],[-479,514],[-479,-310]],[[83726,55866],[-616,183]],[[83110,56049],[-85,563],[-640,1001],[-744,43]],[[81641,57656],[64,474],[-433,511],[-211,746]],[[79773,53268],[-521,1855],[483,495],[940,1357],[817,-381],[358,133],[-209,929]],[[83110,56049],[86,-604],[-521,-350],[350,-811],[-604,-756],[-1038,-700]],[[90753,48945],[-648,-901],[-106,-1115],[-421,-495],[161,-1103],[-646,-346]],[[89093,44985],[-8,665],[-763,-148],[-279,644]],[[88043,46146],[-884,1808],[68,889]],[[87227,48843],[304,666],[81,1118],[-592,1796]],[[87020,52423],[346,257]],[[87366,52680],[564,585],[-316,765],[632,619],[225,607],[-127,502]],[[88344,55758],[463,-607],[654,-412],[-28,-347]],[[89433,54392],[-507,-821],[849,-1238],[461,-177],[292,-1183]],[[90528,50973],[-209,-672],[434,-1356]],[[77465,64660],[354,911]],[[77819,65571],[1038,272]],[[78857,65843],[193,-1399],[904,-905]],[[79954,63539],[-475,-380],[-48,-480],[-1314,114]],[[78117,62793],[207,638],[-135,684],[-724,545]],[[94591,40358],[-151,-430],[-708,405],[-137,756],[-547,678],[-606,-136],[-183,-2329]],[[92259,39302],[-534,347],[49,1620],[-342,1232],[-155,1059],[-365,248],[-782,80]],[[90130,43888],[-180,50]],[[89950,43938],[-283,941],[-574,106]],[[90753,48945],[1236,-87],[431,-439],[-425,-524],[304,-1675],[712,-328],[37,-585],[444,-784],[1119,-539],[496,-904],[-9,-1353],[-169,-808],[-338,-561]],[[81061,59387],[-95,-446],[-1424,189],[-954,248],[-636,-973],[-1037,-285]],[[76915,58120],[-430,335],[301,1217],[-8,752],[393,1041],[585,585],[-151,505],[512,238]],[[79954,63539],[143,69]],[[80097,63608],[608,-254],[362,-1310],[894,-263],[86,-1639]],[[83726,55866],[-10,-2474],[-206,-539],[175,-1245],[697,-588],[805,-270],[257,657],[157,1040],[-72,796],[-823,1601]],[[86555,54318],[540,-486],[271,-1152]],[[87020,52423],[-525,774],[-179,-446],[163,-1604],[-340,-486],[-186,-858],[-1346,-654],[-541,443],[120,725],[-497,805],[-205,-291]],[[84780,47062],[308,347],[962,325],[391,-182],[199,1034],[587,257]],[[88043,46146],[-580,-384],[-793,532],[-1685,-421],[-199,-458]],[[84786,45415],[-463,-22]],[[78857,65843],[556,-260],[-6,-985],[473,-3],[662,-430]],[[80542,64165],[-445,-557]],[[87193,59021],[850,-591]],[[88043,58430],[340,-554],[-367,-1025],[328,-1093]],[[80542,64165],[376,-384],[348,424],[-48,777]],[[81218,64982],[411,641]],[[81629,65623],[340,-724],[455,-201],[970,-56],[925,-898],[151,68]],[[84470,63812],[-290,-2180],[-352,-765]],[[81629,65623],[245,378],[791,99],[753,552],[1302,-511]],[[84720,66141],[-133,-1159],[-304,-427],[187,-743]],[[84720,66141],[877,-858]],[[85597,65283],[359,-440]],[[85956,64843],[28,-3]],[[85984,64840],[263,-22]],[[86247,64818],[31,-3]],[[86278,64815],[126,-1012],[274,-338],[-616,-855],[-133,-823],[538,-236],[-45,-693],[-346,-917],[-338,-124]],[[76225,57752],[690,368]],[[75291,63570],[250,134],[2,885]],[[75543,64589],[251,338],[753,-378],[918,111]],[[75543,64589],[-181,1675],[241,2044],[-394,127]],[[75209,68435],[136,867],[-132,954]],[[75213,70256],[-330,313],[70,638],[545,-47],[20,-1353],[151,-607],[230,-2233],[956,-1099],[471,-337],[493,40]],[[84786,45415],[946,-1065],[743,-223],[191,-412],[918,-703],[-477,-251],[-169,-1167],[-439,-660]],[[71715,67249],[203,883],[731,52],[44,846],[1189,192]],[[73882,69222],[318,-973],[-575,-213],[330,-545]],[[73955,67491],[-594,201],[-312,-1180]],[[73955,67491],[1254,944]],[[73882,69222],[479,272],[103,251],[193,381],[111,214],[42,77],[34,68],[34,65],[5,13],[4,3],[326,-310]],[[86278,64815],[205,282],[694,105],[-30,391],[557,303],[-10,610],[675,-248],[456,-613],[793,412],[75,824],[263,672],[548,-313],[223,-595],[413,-108],[193,848],[837,418],[-28,-904]],[[92142,66899],[-423,-2279],[361,-83],[183,-994],[678,-645],[-411,-576],[-464,-1439],[74,-350]],[[92140,60533],[-1544,-397],[-316,-514]],[[90280,59622],[89,598],[-694,18],[-600,-535],[-739,-75],[-34,-969],[-259,-229]],[[85597,65283],[359,-440]],[[85984,64840],[263,-22]],[[90691,58325],[30,-34]],[[90721,58291],[-30,34]],[[90576,58393],[65,-40]],[[90641,58353],[-65,40]],[[90439,58449],[45,6]],[[90484,58455],[-45,-6]],[[90357,58511],[-68,65],[0,24]],[[90289,58600],[32,-43]],[[90321,58557],[8,-9]],[[90329,58548],[8,-13]],[[90337,58535],[20,-24]],[[90307,59043],[4,31]],[[90311,59074],[-4,-31]],[[90303,59294],[-12,81]],[[90291,59375],[12,-81]],[[91832,38085],[427,1217]],[[94591,40358],[332,-1610],[415,-146],[276,-526],[-121,-839],[-1397,288],[-662,1238],[-926,-219],[-281,-768],[-395,309]],[[89950,43938],[-16,-616],[-726,-1093],[-568,-217]],[[96874,69027],[-415,-867],[-332,-65]],[[96127,68095],[-127,597],[290,415],[584,-80]],[[96970,60536],[-36,-319],[-630,-558],[-394,-721],[-562,-570],[-400,189],[-479,-914],[-791,-182],[227,-1146],[-103,-697],[-716,-712],[-503,458],[-856,-811],[-414,-718],[-240,-1945],[-545,-917]],[[89433,54392],[1256,158],[352,434],[8,913],[193,1774],[-521,620]],[[90691,58325],[-50,28]],[[90576,58393],[-92,62]],[[90439,58449],[-82,62]],[[90357,58511],[-20,24]],[[90329,58548],[-8,9]],[[90289,58600],[18,443]],[[90311,59074],[-8,220]],[[90291,59375],[-11,247]],[[92140,60533],[821,-750],[853,750],[-257,442],[408,617]],[[93965,61592],[650,-245],[606,139]],[[95221,61486],[173,-644],[536,-285],[1040,-21]],[[92142,66899],[491,-49],[183,-883],[674,-641],[526,-145],[4,-654],[288,-322],[464,106]],[[94772,64311],[145,-703],[-736,-1078],[-216,-938]],[[89584,39024],[326,792],[-52,626],[241,1985],[-306,433],[337,1028]],[[91832,38085],[-308,-700],[30,-789],[-605,-71],[-260,-858],[-296,-127],[-491,461],[-221,-1170],[-236,37]],[[98449,67528],[328,-483]],[[98777,67045],[-531,-777],[-573,-493],[-449,28],[-55,-867],[-567,-468],[-395,-1105],[-489,-226],[-620,-784],[411,-486],[-288,-381]],[[94772,64311],[37,727],[770,926],[425,248],[302,1331],[-179,552]],[[96874,69027],[790,585],[127,393],[1011,-430],[-997,-1078],[-2,-387],[646,-582]],[[98777,67045],[711,-762],[-582,-1031],[240,-644],[438,223],[415,-849],[-191,-669],[-437,96],[-620,-1381],[-1066,-1090],[-715,-402]]],"transform":{"scale":[0.00004968849688496887,0.000032293322933229315],"translate":[83.3202,24.2878]},"objects":{"postal":{"type":"GeometryCollection","geometries":[{"arcs":[[0,1,2,3,4,5,6,7,8,9,10,11,12,13,14,15,16,17,18]],"type":"Polygon","properties":{"pincode":"800001","office_name":"Patna GPO","division":"Patna GPO","region":"","circle":"Bihar","source_id":"src-79f27d78734d"}},{"arcs":[[-17,19,20,21]],"type":"Polygon","properties":{"pincode":"800002","office_name":"ANISABAD S.O","division":"Patna","region":"","circle":"Bihar","source_id":"src-79f27d78734d"}},{"arcs":[[-11,22,23]],"type":"Polygon","properties":{"pincode":"800003","office_name":"Kadamkuan SO","division":"Patna","region":"","circle":"Bihar","source_id":"src-79f27d78734d"}},{"arcs":[[-10,24,25,26,27,28,29,-23]],"type":"Polygon","properties":{"pincode":"800004","office_name":"Bankipore HO","division":"Patna","region":"","circle":"Bihar","source_id":"src-79f27d78734d"}},{"arcs":[[-27,30,31]],"type":"Polygon","properties":{"pincode":"800005","office_name":"Patna University SO","division":"Patna","region":"","circle":"Bihar","source_id":"src-79f27d78734d"}},{"arcs":[[-26,32,33,34,35,-29,-28,-32,-31]],"type":"Polygon","properties":{"pincode":"800006","office_name":"Mahendru SO","division":"Patna","region":"","circle":"Bihar","source_id":"src-79f27d78734d"}},{"arcs":[[[-34,36,37,38,39,40]],[[41,42,43,44]]],"type":"MultiPolygon","properties":{"pincode":"800007","office_name":"Gulzarbagh SO","division":"PATNA SAHIB","region":"","circle":"Bihar","source_id":"src-79f27d78734d"}},{"arcs":[[-39,45,46,47,48,49]],"type":"Polygon","properties":{"pincode":"800008","office_name":"PATNA CITY SO","division":"PATNA SAHIB","region":"","circle":"Bihar","source_id":"src-79f27d78734d"}},{"arcs":[[-42,50,-49,51,52,53]],"type":"Polygon","properties":{"pincode":"800009","office_name":"BEGUMPUR SO","division":"PATNA SAHIB","region":"","circle":"Bihar","source_id":"src-79f27d78734d"}},{"arcs":[[-8,54,55,56]],"type":"Polygon","properties":{"pincode":"800010","office_name":"Sadaquat Ashram SO","division":"Patna","region":"","circle":"Bihar","source_id":"src-79f27d78734d"}},{"arcs":[[-56,57,58,59,60,61]],"type":"Polygon","properties":{"pincode":"800011","office_name":"Dighaghat SO","division":"Patna","region":"","circle":"Bihar","source_id":"src-79f27d78734d"}},{"arcs":[[-61,62,63,64,65,66]],"type":"Polygon","properties":{"pincode":"800012","office_name":"DIGHA S.O","division":"Patna","region":"","circle":"Bihar","source_id":"src-79f27d78734d"}},{"arcs":[[-7,-6,67,68,-58,-55]],"type":"Polygon","properties":{"pincode":"800013","office_name":"Patliputra SO","division":"Patna","region":"","circle":"Bihar","source_id":"src-79f27d78734d"}},{"arcs":[[-18,-22,69,70,71,72,73]],"type":"Polygon","properties":{"pincode":"800014","office_name":"BV College SO","division":"Patna","region":"","circle":"Bihar","source_id":"src-79f27d78734d"}},{"arcs":[[-3,74]],"type":"Polygon","properties":{"pincode":"800015","office_name":"Patna Sectt SO","division":"Patna","region":"","circle":"Bihar","source_id":"src-79f27d78734d"}},{"arcs":[[-12,-24,-30,-36,75,76]],"type":"Polygon","properties":{"pincode":"800016","office_name":"Rajendra Nagar SO Patna","division":"Patna","region":"","circle":"Bihar","source_id":"src-79f27d78734d"}},{"type":null,"properties":{"pincode":"800017","office_name":"BSEBOARD SO","division":"Patna","region":"","circle":"Bihar","source_id":"src-79f27d78734d"}},{"type":null,"properties":{"pincode":"800019","office_name":"CDA SO","division":"Patna","region":"","circle":"Bihar","source_id":"src-79f27d78734d"}},{"arcs":[[-13,-77,77,78,79]],"type":"Polygon","properties":{"pincode":"800020","office_name":"LOHIA NAGAR H.O","division":"PATNA SAHIB","region":"","circle":"Bihar","source_id":"src-79f27d78734d"}},{"type":null,"properties":{"pincode":"800021","office_name":"Vidyut Parisad SO","division":"Patna","region":"","circle":"Bihar","source_id":"src-79f27d78734d"}},{"arcs":[[-1,80]],"type":"Polygon","properties":{"pincode":"800022","office_name":"RAJ BHAWAN SO","division":"Patna","region":"","circle":"Bihar","source_id":"src-79f27d78734d"}},{"arcs":[[-73,81]],"type":"Polygon","properties":{"pincode":"800023","office_name":"LBS Nagar SO","division":"Patna","region":"","circle":"Bihar","source_id":"src-79f27d78734d"}},{"arcs":[[-59,-69,82,83]],"type":"Polygon","properties":{"pincode":"800024","office_name":"Keshari Nagar S.O","division":"Patna","region":"","circle":"Bihar","source_id":"src-79f27d78734d"}},{"arcs":[[-60,-84,84,-72,85,86,87,-63]],"type":"Polygon","properties":{"pincode":"800025","office_name":"Ashiananagar SO","division":"Patna","region":"","circle":"Bihar","source_id":"src-79f27d78734d"}},{"arcs":[[-35,-41,88,-78,-76]],"type":"Polygon","properties":{"pincode":"800026","office_name":"B H COLONY SO","division":"PATNA SAHIB","region":"","circle":"Bihar","source_id":"src-79f27d78734d"}},{"arcs":[[-14,-80,89]],"type":"Polygon","properties":{"pincode":"800027","office_name":"NEW JAGANPURA SO","division":"PATNA SAHIB","region":"","circle":"Bihar","source_id":"src-79f27d78734d"}},{"type":null,"properties":{"pincode":"800028","office_name":"Patna High Court SO","division":"Patna","region":"","circle":"Bihar","source_id":"src-79f27d78734d"}},{"arcs":[[-15,-90,-79,-89,-40,-50,-51,-45,90,91]],"type":"Polygon","properties":{"pincode":"800030","office_name":"PURVI LAXMINAGAR SO","division":"PATNA SAHIB","region":"","circle":"Bihar","source_id":"src-79f27d78734d"}},{"arcs":[[-71,92,93,94,95,-87,-86]],"type":"Polygon","properties":{"pincode":"800031","office_name":"Rupaspur S.O","division":"Patna","region":"","circle":"Bihar","source_id":"src-79f27d78734d"}},{"arcs":[[-16,-92,96,97,-20]],"type":"Polygon","properties":{"pincode":"800032","office_name":"Saristabad SO","division":"Patna","region":"","circle":"Bihar","source_id":"src-79f27d78734d"}},{"arcs":[[98,99,100,101]],"type":"Polygon","properties":{"pincode":"801102","office_name":"BELHAURI S.O","division":"Patna","region":"","circle":"Bihar","source_id":"src-79f27d78734d"}},{"arcs":[[[-2,-81,-19,-74,-82,-85,-83,-68,-5,-4,-75]],[[102,103,104,105,106,107]]],"type":"MultiPolygon","properties":{"pincode":"801103","office_name":"BIHTA S.O","division":"Patna","region":"","circle":"Bihar","source_id":"src-79f27d78734d"}},{"arcs":[[-102,108,109,110,-107,111,112]],"type":"Polygon","properties":{"pincode":"801104","office_name":"BIKRAM S.O","division":"Patna","region":"","circle":"Bihar","source_id":"src-79f27d78734d"}},{"arcs":[[-94,113,114,115]],"type":"Polygon","properties":{"pincode":"801105","office_name":"KHAGAUL S.O","division":"Patna","region":"","circle":"Bihar","source_id":"src-79f27d78734d"}},{"type":null,"properties":{"pincode":"801106","office_name":"IIT Patna Bihta SO","division":"Patna","region":"","circle":"Bihar","source_id":"src-79f27d78734d"}},{"arcs":[[-105,116,117,118,119,120,121,122]],"type":"Polygon","properties":{"pincode":"801108","office_name":"MANER S.O","division":"Patna","region":"","circle":"Bihar","source_id":"src-79f27d78734d"}},{"arcs":[[-99,-113,125,126,127,128,129]],"type":"Polygon","properties":{"pincode":"801109","office_name":"NAUBATPUR SO","division":"Patna","region":"","circle":"Bihar","source_id":"src-79f27d78734d"}},{"arcs":[[-101,130,131,132,133,134,135,136,137,-109]],"type":"Polygon","properties":{"pincode":"801110","office_name":"PALIGANJ S.O","division":"Patna","region":"","circle":"Bihar","source_id":"src-79f27d78734d"}},{"arcs":[[-106,-123,138,-124,139,-126,-112]],"type":"Polygon","properties":{"pincode":"801111","office_name":"SADISOPUR S.O","division":"Patna","region":"","circle":"Bihar","source_id":"src-79f27d78734d"}},{"arcs":[[-108,-111,140,141,142]],"type":"Polygon","properties":{"pincode":"801112","office_name":"LAI S.O","division":"Patna","region":"","circle":"Bihar","source_id":"src-79f27d78734d"}},{"arcs":[[-115,143,-127,-140,-125,-139,-122,144]],"type":"Polygon","properties":{"pincode":"801113","office_name":"NEORA S.O","division":"Patna","region":"","circle":"Bihar","source_id":"src-79f27d78734d"}},{"arcs":[[145,146,147,148]],"type":"Polygon","properties":{"pincode":"801301","office_name":"Ekangersarai SO","division":"Nalanda","region":"East , Bhagalpur","circle":"Bihar","source_id":"src-79f27d78734d"}},{"arcs":[[-146,149,150,151,152,153,154,155]],"type":"Polygon","properties":{"pincode":"801302","office_name":"Hilsa SO","division":"Nalanda","region":"East , Bhagalpur","circle":"Bihar","source_id":"src-79f27d78734d"}},{"arcs":[[-148,156,157,158,159,160,161,162]],"type":"Polygon","properties":{"pincode":"801303","office_name":"Islampur SO Nalanda","division":"Nalanda","region":"East , Bhagalpur","circle":"Bihar","source_id":"src-79f27d78734d"}},{"arcs":[[-153,163,164,165]],"type":"Polygon","properties":{"pincode":"801304","office_name":"Karaipersurai SO","division":"Nalanda","region":"East , Bhagalpur","circle":"Bihar","source_id":"src-79f27d78734d"}},{"arcs":[[-154,-166,166,167,168,169]],"type":"Polygon","properties":{"pincode":"801305","office_name":"Nagarnausa SO","division":"Nalanda","region":"East , Bhagalpur","circle":"Bihar","source_id":"src-79f27d78734d"}},{"arcs":[[-149,-163,170,171,172,-150]],"type":"Polygon","properties":{"pincode":"801306","office_name":"Telhara SO Nalanda","division":"Nalanda","region":"East , Bhagalpur","circle":"Bihar","source_id":"src-79f27d78734d"}},{"arcs":[[-155,-170,173,174,175]],"type":"Polygon","properties":{"pincode":"801307","office_name":"Bhathar SO","division":"Nalanda","region":"East , Bhagalpur","circle":"Bihar","source_id":"src-79f27d78734d"}},{"arcs":[[-64,-88,-96,-95,-116,-145,-121,176]],"type":"Polygon","properties":{"pincode":"801503","office_name":"D.CANTT. S.O","division":"Patna","region":"","circle":"Bihar","source_id":"src-79f27d78734d"}},{"arcs":[[-21,-98,177,-128,-144,-114,-93,-70]],"type":"Polygon","properties":{"pincode":"801505","office_name":"P.SHARIF S.O","division":"Patna","region":"","circle":"Bihar","source_id":"src-79f27d78734d"}},{"type":null,"properties":{"pincode":"801506","office_name":"SAHAYNAGAR S.O","division":"Patna","region":"","circle":"Bihar","source_id":"src-79f27d78734d"}},{"type":null,"properties":{"pincode":"801507","office_name":"AIIMS SO","division":"Patna","region":"","circle":"Bihar","source_id":"src-79f27d78734d"}},{"arcs":[[178,179,180,181]],"type":"Polygon","properties":{"pincode":"802101","office_name":"Buxar HO","division":"Bhojpur","region":"","circle":"Bihar","source_id":"src-79f27d78734d"}},{"arcs":[[182,-182,183,184,185]],"type":"Polygon","properties":{"pincode":"802102","office_name":"Buxar Jail SO","division":"Bhojpur","region":"","circle":"Bihar","source_id":"src-79f27d78734d"}},{"arcs":[[-181,186,187,188,-184]],"type":"Polygon","properties":{"pincode":"802103","office_name":"Buxar Gajadhar Ganj SO","division":"Bhojpur","region":"","circle":"Bihar","source_id":"src-79f27d78734d"}},{"arcs":[[189,190,191,192,193,194,195]],"type":"Polygon","properties":{"pincode":"802111","office_name":"Arak SO","division":"Bhojpur","region":"","circle":"Bihar","source_id":"src-79f27d78734d"}},{"arcs":[[196,197,198,199,-193,200,201]],"type":"Polygon","properties":{"pincode":"802112","office_name":"Brahampur SO","division":"Bhojpur","region":"","circle":"Bihar","source_id":"src-79f27d78734d"}},{"arcs":[[202,203,204,205]],"type":"Polygon","properties":{"pincode":"802113","office_name":"Barkarajpur SO","division":"Bhojpur","region":"","circle":"Bihar","source_id":"src-79f27d78734d"}},{"arcs":[[-186,206,207,208,209]],"type":"Polygon","properties":{"pincode":"802114","office_name":"Chausa SO Buxar","division":"Bhojpur","region":"","circle":"Bihar","source_id":"src-79f27d78734d"}},{"arcs":[[213,214,215]],"type":"Polygon","properties":{"pincode":"802115","office_name":"Chaugai SO","division":"Bhojpur","region":"","circle":"Bihar","source_id":"src-79f27d78734d"}},{"arcs":[[216,217,218,-187,-180]],"type":"Polygon","properties":{"pincode":"802116","office_name":"Churamanpur SO","division":"Bhojpur","region":"","circle":"Bihar","source_id":"src-79f27d78734d"}},{"arcs":[[219,220,221,222,223,224]],"type":"Polygon","properties":{"pincode":"802117","office_name":"Dhansoi SO","division":"Bhojpur","region":"","circle":"Bihar","source_id":"src-79f27d78734d"}},{"arcs":[[225,-205,226,227,-218]],"type":"Polygon","properties":{"pincode":"802118","office_name":"Dulahpur SO","division":"Bhojpur","region":"","circle":"Bihar","source_id":"src-79f27d78734d"}},{"arcs":[[-189,-188,-219,228,229,230,231,-214,232,233,234,188]],"type":"Polygon","properties":{"pincode":"802119","office_name":"Dumraon SO","division":"Bhojpur","region":"","circle":"Bihar","source_id":"src-79f27d78734d"}},{"arcs":[[235,236,-196,237,238,239,240]],"type":"Polygon","properties":{"pincode":"802120","office_name":"Dumari SO Buxar","division":"Bhojpur","region":"","circle":"Bihar","source_id":"src-79f27d78734d"}},{"arcs":[[-208,241,-220,242,243]],"type":"Polygon","properties":{"pincode":"802122","office_name":"Hitawarajpur SO","division":"Bhojpur","region":"","circle":"Bihar","source_id":"src-79f27d78734d"}},{"arcs":[[-185,-189,-235,244,245,-221,-242,-207]],"type":"Polygon","properties":{"pincode":"802123","office_name":"Itarhi SO","division":"Bhojpur","region":"","circle":"Bihar","source_id":"src-79f27d78734d"}},{"arcs":[[246,247,248,249,250,251]],"type":"Polygon","properties":{"pincode":"802125","office_name":"Kesath SO","division":"Bhojpur","region":"","circle":"Bihar","source_id":"src-79f27d78734d"}},{"arcs":[[-234,252,-247,253,-245]],"type":"Polygon","properties":{"pincode":"802126","office_name":"Koran Sarai SO","division":"Bhojpur","region":"","circle":"Bihar","source_id":"src-79f27d78734d"}},{"arcs":[[-216,254,-248,-253,-233]],"type":"Polygon","properties":{"pincode":"802127","office_name":"Murar SO","division":"Bhojpur","region":"","circle":"Bihar","source_id":"src-79f27d78734d"}},{"arcs":[[-225,255,256,257,-243]],"type":"Polygon","properties":{"pincode":"802128","office_name":"Manoharpur SO Buxar","division":"Bhojpur","region":"","circle":"Bihar","source_id":"src-79f27d78734d"}},{"arcs":[[-222,-246,-254,-252,258,259,260,261]],"type":"Polygon","properties":{"pincode":"802129","office_name":"Nawanagar SO Buxar","division":"Bhojpur","region":"","circle":"Bihar","source_id":"src-79f27d78734d"}},{"arcs":[[262,263,-201,-192,-191]],"type":"Polygon","properties":{"pincode":"802130","office_name":"Nimej SO","division":"Bhojpur","region":"","circle":"Bihar","source_id":"src-79f27d78734d"}},{"arcs":[[-241,-240,264,-203,265]],"type":"Polygon","properties":{"pincode":"802131","office_name":"Niazipur SO","division":"Bhojpur","region":"","circle":"Bihar","source_id":"src-79f27d78734d"}},{"arcs":[[266,-213,211,267,-209,-244,-258,268,269,270]],"type":"Polygon","properties":{"pincode":"802132","office_name":"Noan SO","division":"Rohtas","region":"","circle":"Bihar","source_id":"src-79f27d78734d"}},{"arcs":[[-195,271,-231,272,-229,-228,273,-238]],"type":"Polygon","properties":{"pincode":"802133","office_name":"Purana Bhojpur SO","division":"Bhojpur","region":"","circle":"Bihar","source_id":"src-79f27d78734d"}},{"arcs":[[-194,-200,274,275,276,-249,-255,-215,-232,-272]],"type":"Polygon","properties":{"pincode":"802134","office_name":"Raghunathpur SO Buxar","division":"Bhojpur","region":"","circle":"Bihar","source_id":"src-79f27d78734d"}},{"arcs":[[-204,-265,-239,-274,-227]],"type":"Polygon","properties":{"pincode":"802135","office_name":"Simari SO","division":"Bhojpur","region":"","circle":"Bihar","source_id":"src-79f27d78734d"}},{"arcs":[[-230,-273]],"type":"Polygon","properties":{"pincode":"802136","office_name":"Dumraon Textiles SO","division":"Bhojpur","region":"","circle":"Bihar","source_id":"src-79f27d78734d"}},{"arcs":[[277,278,279,280,281,282]],"type":"Polygon","properties":{"pincode":"802152","office_name":"Bihia SO","division":"Bhojpur","region":"","circle":"Bihar","source_id":"src-79f27d78734d"}},{"arcs":[[-278,283,284,285,286,287]],"type":"Polygon","properties":{"pincode":"802154","office_name":"Chaurasta Bihia SO","division":"Bhojpur","region":"","circle":"Bihar","source_id":"src-79f27d78734d"}},{"arcs":[[-250,-277,288,289,290,291]],"type":"Polygon","properties":{"pincode":"802155","office_name":"Dalippur SO Bhojpur","division":"Bhojpur","region":"","circle":"Bihar","source_id":"src-79f27d78734d"}},{"arcs":[[-287,292,293,294,295]],"type":"Polygon","properties":{"pincode":"802156","office_name":"Dhamar SO","division":"Bhojpur","region":"","circle":"Bihar","source_id":"src-79f27d78734d"}},{"arcs":[[-279,-288,-296,296,297]],"type":"Polygon","properties":{"pincode":"802157","office_name":"Gajrajganj SO","division":"Bhojpur","region":"","circle":"Bihar","source_id":"src-79f27d78734d"}},{"arcs":[[-276,298,-282,299,300,301,-289]],"type":"Polygon","properties":{"pincode":"802158","office_name":"Jagdishpur SO Bhojpur","division":"Bhojpur","region":"","circle":"Bihar","source_id":"src-79f27d78734d"}},{"arcs":[[-291,302,303]],"type":"Polygon","properties":{"pincode":"802159","office_name":"Jitaura SO","division":"Bhojpur","region":"","circle":"Bihar","source_id":"src-79f27d78734d"}},{"arcs":[[-103,-143,304,305,306]],"type":"Polygon","properties":{"pincode":"802160","office_name":"Koilwar SO","division":"Bhojpur","region":"","circle":"Bihar","source_id":"src-79f27d78734d"}},{"arcs":[[-142,307,308,309,310,-305]],"type":"Polygon","properties":{"pincode":"802161","office_name":"Narhi Chandi SO","division":"Bhojpur","region":"","circle":"Bihar","source_id":"src-79f27d78734d"}},{"arcs":[[-280,-298,311,312,313]],"type":"Polygon","properties":{"pincode":"802162","office_name":"Nawada Ben SO","division":"Bhojpur","region":"","circle":"Bihar","source_id":"src-79f27d78734d"}},{"arcs":[[-104,-307,314,315,316,317,318,-117]],"type":"Polygon","properties":{"pincode":"802163","office_name":"Naya Mohamad  Pur SO","division":"Bhojpur","region":"","circle":"Bihar","source_id":"src-79f27d78734d"}},{"arcs":[[-110,-138,319,320,321]],"type":"Polygon","properties":{"pincode":"802164","office_name":"Sandesh SO","division":"Bhojpur","region":"","circle":"Bihar","source_id":"src-79f27d78734d"}},{"arcs":[[-198,322,323,-284,324]],"type":"Polygon","properties":{"pincode":"802165","office_name":"Shahpurpatti SO","division":"Bhojpur","region":"","circle":"Bihar","source_id":"src-79f27d78734d"}},{"arcs":[[325,-285,-324,-323,-197,326,327]],"type":"Polygon","properties":{"pincode":"802166","office_name":"Umraonganj SO","division":"Bhojpur","region":"","circle":"Bihar","source_id":"src-79f27d78734d"}},{"arcs":[[-199,-325,-283,-299,-275]],"type":"Polygon","properties":{"pincode":"802183","office_name":"Gaudarh Rudranagar SO","division":"Bhojpur","region":"","circle":"Bihar","source_id":"src-79f27d78734d"}},{"arcs":[[-137,328,329,330,331,332,333,-320]],"type":"Polygon","properties":{"pincode":"802201","office_name":"Agiaon SO","division":"Bhojpur","region":"","circle":"Bihar","source_id":"src-79f27d78734d"}},{"arcs":[[-251,-292,-304,334,335,336,-259]],"type":"Polygon","properties":{"pincode":"802202","office_name":"Agiaon Bazar SO","division":"Bhojpur","region":"","circle":"Bihar","source_id":"src-79f27d78734d"}},{"arcs":[[-281,-314,337,-333,338,-300]],"type":"Polygon","properties":{"pincode":"802203","office_name":"Garhani SO","division":"Bhojpur","region":"","circle":"Bihar","source_id":"src-79f27d78734d"}},{"arcs":[[-336,339,340,341,342,343]],"type":"Polygon","properties":{"pincode":"802204","office_name":"Hasan Bazar SO","division":"Bhojpur","region":"","circle":"Bihar","source_id":"src-79f27d78734d"}},{"arcs":[[-342,344,345,346,347]],"type":"Polygon","properties":{"pincode":"802205","office_name":"Karath SO","division":"Bhojpur","region":"","circle":"Bihar","source_id":"src-79f27d78734d"}},{"arcs":[[-313,348,349,350,351,-321,-334,-338]],"type":"Polygon","properties":{"pincode":"802206","office_name":"Kasap SO","division":"Bhojpur","region":"","circle":"Bihar","source_id":"src-79f27d78734d"}},{"arcs":[[-290,-302,352,353,354,-340,-335,-303]],"type":"Polygon","properties":{"pincode":"802207","office_name":"Piru SO","division":"Bhojpur","region":"","circle":"Bihar","source_id":"src-79f27d78734d"}},{"arcs":[[-330,355,356,357,358]],"type":"Polygon","properties":{"pincode":"802208","office_name":"Sahar SO Bhojpur","division":"Bhojpur","region":"","circle":"Bihar","source_id":"src-79f27d78734d"}},{"arcs":[[-341,-355,359,360,361,362,-345]],"type":"Polygon","properties":{"pincode":"802209","office_name":"Tarari SO","division":"Bhojpur","region":"","circle":"Bihar","source_id":"src-79f27d78734d"}},{"arcs":[[-350,363,364,365]],"type":"Polygon","properties":{"pincode":"802210","office_name":"Udawant Nagar SO","division":"Bhojpur","region":"","circle":"Bihar","source_id":"src-79f27d78734d"}},{"arcs":[[-261,366,367,368]],"type":"Polygon","properties":{"pincode":"802211","office_name":"Babhnaul SO","division":"Rohtas","region":"","circle":"Bihar","source_id":"src-79f27d78734d"}},{"arcs":[[-343,-348,369,370,371,372,373,374,375]],"type":"Polygon","properties":{"pincode":"802212","office_name":"Bikramganj SO","division":"Rohtas","region":"","circle":"Bihar","source_id":"src-79f27d78734d"}},{"arcs":[[-224,376,377,378,-256]],"type":"Polygon","properties":{"pincode":"802213","office_name":"Dinara SO Rohtas","division":"Rohtas","region":"","circle":"Bihar","source_id":"src-79f27d78734d"}},{"arcs":[[-347,379,380,381,382,-370]],"type":"Polygon","properties":{"pincode":"802214","office_name":"Gorari SO","division":"Rohtas","region":"","circle":"Bihar","source_id":"src-79f27d78734d"}},{"arcs":[[-378,383,384,385,386,387,388,389,390]],"type":"Polygon","properties":{"pincode":"802215","office_name":"Garh Nokha SO","division":"Rohtas","region":"","circle":"Bihar","source_id":"src-79f27d78734d"}},{"arcs":[[-260,-337,-344,-376,391,-367]],"type":"Polygon","properties":{"pincode":"802216","office_name":"Koath SO","division":"Rohtas","region":"","circle":"Bihar","source_id":"src-79f27d78734d"}},{"arcs":[[-387,392,393,394,395]],"type":"Polygon","properties":{"pincode":"802217","office_name":"Meari Bazar SO","division":"Rohtas","region":"","circle":"Bihar","source_id":"src-79f27d78734d"}},{"arcs":[[-223,-262,-369,396,-372,397,-384,-377]],"type":"Polygon","properties":{"pincode":"802218","office_name":"Natwar SO","division":"Rohtas","region":"","circle":"Bihar","source_id":"src-79f27d78734d"}},{"arcs":[[-382,398,399,400,-393,-386,401]],"type":"Polygon","properties":{"pincode":"802219","office_name":"Rajpur SO Rohtas","division":"Rohtas","region":"","circle":"Bihar","source_id":"src-79f27d78734d"}},{"arcs":[[-371,-383,-402,-385,-398]],"type":"Polygon","properties":{"pincode":"802220","office_name":"Sanjhauli SO","division":"Rohtas","region":"","circle":"Bihar","source_id":"src-79f27d78734d"}},{"arcs":[[-374,402]],"type":"Polygon","properties":{"pincode":"802221","office_name":"Surajpura SO","division":"Rohtas","region":"","circle":"Bihar","source_id":"src-79f27d78734d"}},{"arcs":[[-331,-359,403,-360,-354,404]],"type":"Polygon","properties":{"pincode":"802222","office_name":"Khutahan SO","division":"Bhojpur","region":"","circle":"Bihar","source_id":"src-79f27d78734d"}},{"arcs":[[-301,-339,-332,-405,-353]],"type":"Polygon","properties":{"pincode":"802223","office_name":"Charpokhari SO","division":"Bhojpur","region":"","circle":"Bihar","source_id":"src-79f27d78734d"}},{"arcs":[[-368,-392,-375,-403,-373,-397]],"type":"Polygon","properties":{"pincode":"802226","office_name":"Dawath SO","division":"Rohtas","region":"","circle":"Bihar","source_id":"src-79f27d78734d"}},{"arcs":[[-310,405,406,407,408,409]],"type":"Polygon","properties":{"pincode":"802301","office_name":"Arrah HO","division":"Bhojpur","region":"","circle":"Bihar","source_id":"src-79f27d78734d"}},{"arcs":[[-365,410,-407,411]],"type":"Polygon","properties":{"pincode":"802302","office_name":"Anaith SO","division":"Bhojpur","region":"","circle":"Bihar","source_id":"src-79f27d78734d"}},{"arcs":[[-316,412,413,414]],"type":"Polygon","properties":{"pincode":"802311","office_name":"Barahara SO","division":"Bhojpur","region":"","circle":"Bihar","source_id":"src-79f27d78734d"}},{"arcs":[[[-295,415,-408,-411,-364,-349,-312,-297]],[[-309,416,-351,-366,-412,-406]]],"type":"MultiPolygon","properties":{"pincode":"802312","office_name":"Chandawa SO","division":"Bhojpur","region":"","circle":"Bihar","source_id":"src-79f27d78734d"}},{"arcs":[[-294,417,-414,418,-409,-416]],"type":"Polygon","properties":{"pincode":"802313","office_name":"Gunari SO","division":"Bhojpur","region":"","circle":"Bihar","source_id":"src-79f27d78734d"}},{"arcs":[[-306,-311,-410,-419,-413,-315]],"type":"Polygon","properties":{"pincode":"802314","office_name":"Kayamnagar SO","division":"Bhojpur","region":"","circle":"Bihar","source_id":"src-79f27d78734d"}},{"arcs":[[419,420,-317,-415,-418,421]],"type":"Polygon","properties":{"pincode":"802316","office_name":"Sinha SO","division":"Bhojpur","region":"","circle":"Bihar","source_id":"src-79f27d78734d"}},{"arcs":[[422,-422,-293,-286,-326]],"type":"Polygon","properties":{"pincode":"802351","office_name":"Benwalia SO","division":"Bhojpur","region":"","circle":"Bihar","source_id":"src-79f27d78734d"}},{"arcs":[[-141,-322,-352,-417,-308]],"type":"Polygon","properties":{"pincode":"802352","office_name":"Akhagaon SO","division":"Bhojpur","region":"","circle":"Bihar","source_id":"src-79f27d78734d"}},{"arcs":[[423,424]],"type":"Polygon","properties":{"pincode":"803101","office_name":"Biharsharif HO","division":"Nalanda","region":"East , Bhagalpur","circle":"Bihar","source_id":"src-79f27d78734d"}},{"arcs":[[425,426,427,428,429,430,431]],"type":"Polygon","properties":{"pincode":"803107","office_name":"Asthawan SO","division":"Nalanda","region":"East , Bhagalpur","circle":"Bihar","source_id":"src-79f27d78734d"}},{"arcs":[[-169,432,433,434,435,-174]],"type":"Polygon","properties":{"pincode":"803108","office_name":"Chandi SO","division":"Nalanda","region":"East , Bhagalpur","circle":"Bihar","source_id":"src-79f27d78734d"}},{"arcs":[[436,437,438,439,440,441,442,443]],"type":"Polygon","properties":{"pincode":"803109","office_name":"Giriak SO","division":"Nawadha","region":"East , Bhagalpur","circle":"Bihar","source_id":"src-79f27d78734d"}},{"arcs":[[-427,444,445,-434,446,447,448,449]],"type":"Polygon","properties":{"pincode":"803110","office_name":"Harnaut SO","division":"Nalanda","region":"East , Bhagalpur","circle":"Bihar","source_id":"src-79f27d78734d"}},{"arcs":[[450,451,452,453]],"type":"Polygon","properties":{"pincode":"803111","office_name":"Nalanda SO","division":"Nalanda","region":"East , Bhagalpur","circle":"Bihar","source_id":"src-79f27d78734d"}},{"arcs":[[-435,-446,454,455,456,457]],"type":"Polygon","properties":{"pincode":"803113","office_name":"Nursarai SO","division":"Nalanda","region":"East , Bhagalpur","circle":"Bihar","source_id":"src-79f27d78734d"}},{"arcs":[[-147,-156,-176,458,459,-454,460,-157]],"type":"Polygon","properties":{"pincode":"803114","office_name":"Parwalpur SO","division":"Nalanda","region":"East , Bhagalpur","circle":"Bihar","source_id":"src-79f27d78734d"}},{"arcs":[[-441,461,-452,462,463]],"type":"Polygon","properties":{"pincode":"803115","office_name":"Pawapuri SO","division":"Nalanda","region":"East , Bhagalpur","circle":"Bihar","source_id":"src-79f27d78734d"}},{"arcs":[[-159,464,-439,465,466,467]],"type":"Polygon","properties":{"pincode":"803116","office_name":"Rajgir SO","division":"Nalanda","region":"East , Bhagalpur","circle":"Bihar","source_id":"src-79f27d78734d"}},{"arcs":[[-158,-461,-453,-462,-440,-465]],"type":"Polygon","properties":{"pincode":"803117","office_name":"Silao SO","division":"Nalanda","region":"East , Bhagalpur","circle":"Bihar","source_id":"src-79f27d78734d"}},{"arcs":[[-425,468,-456,469,470]],"type":"Polygon","properties":{"pincode":"803118","office_name":"Sohsarai SO","division":"Nalanda","region":"East , Bhagalpur","circle":"Bihar","source_id":"src-79f27d78734d"}},{"arcs":[[-426,471,-470,-455,-445]],"type":"Polygon","properties":{"pincode":"803119","office_name":"Rahui SO","division":"Nalanda","region":"East , Bhagalpur","circle":"Bihar","source_id":"src-79f27d78734d"}},{"arcs":[[-175,-436,-458,472,-459]],"type":"Polygon","properties":{"pincode":"803120","office_name":"Asta SO","division":"Nalanda","region":"East , Bhagalpur","circle":"Bihar","source_id":"src-79f27d78734d"}},{"type":null,"properties":{"pincode":"803121","office_name":"Ordnance Factory Rajgir SO","division":"Nalanda","region":"East , Bhagalpur","circle":"Bihar","source_id":"src-79f27d78734d"}},{"arcs":[[-53,473,474,-167,-165,475,476]],"type":"Polygon","properties":{"pincode":"803201","office_name":"FATWA SO","division":"PATNA SAHIB","region":"","circle":"Bihar","source_id":"src-79f27d78734d"}},{"arcs":[[-168,-475,477,478,-447,-433]],"type":"Polygon","properties":{"pincode":"803202","office_name":"KHUSHRUPUR SO","division":"PATNA SAHIB","region":"","circle":"Bihar","source_id":"src-79f27d78734d"}},{"arcs":[[-43,-54,-477,479,480]],"type":"Polygon","properties":{"pincode":"803203","office_name":"ALAWALPUR SO","division":"PATNA SAHIB","region":"","circle":"Bihar","source_id":"src-79f27d78734d"}},{"arcs":[[-449,481,482,483]],"type":"Polygon","properties":{"pincode":"803211","office_name":"Athmalgola S.O","division":"PATNA SAHIB","region":"","circle":"Bihar","source_id":"src-79f27d78734d"}},{"arcs":[[-448,-479,484,485,486,-482]],"type":"Polygon","properties":{"pincode":"803212","office_name":"Bakhtiyarpur S.O","division":"PATNA SAHIB","region":"","circle":"Bihar","source_id":"src-79f27d78734d"}},{"arcs":[[-428,-450,-484,487,488,489,490,491,492]],"type":"Polygon","properties":{"pincode":"803213","office_name":"Barh  S.O","division":"PATNA SAHIB","region":"","circle":"Bihar","source_id":"src-79f27d78734d"}},{"arcs":[[-429,-493,493,494,495,496,497]],"type":"Polygon","properties":{"pincode":"803214","office_name":"Barh RS S.O","division":"PATNA SAHIB","region":"","circle":"Bihar","source_id":"src-79f27d78734d"}},{"arcs":[[-491,498,499]],"type":"Polygon","properties":{"pincode":"803215","office_name":"NTPC Barh S.O","division":"PATNA SAHIB","region":"","circle":"Bihar","source_id":"src-79f27d78734d"}},{"arcs":[[-424,-471,-472,-432,500,501,-463,-451,-460,-473,-457,-469]],"type":"Polygon","properties":{"pincode":"803216","office_name":"Ramchandrapur SO","division":"Nalanda","region":"East , Bhagalpur","circle":"Bihar","source_id":"src-79f27d78734d"}},{"arcs":[[-490,502,503,504,505,-499]],"type":"Polygon","properties":{"pincode":"803221","office_name":"Pandarak S.O","division":"PATNA SAHIB","region":"","circle":"Bihar","source_id":"src-79f27d78734d"}},{"arcs":[[506,507,508,509]],"type":"Polygon","properties":{"pincode":"803301","office_name":"Hathidah S.O","division":"PATNA SAHIB","region":"","circle":"Bihar","source_id":"src-79f27d78734d"}},{"arcs":[[-492,-500,-506,510,511,512,-510,513,514,515,516,-494]],"type":"Polygon","properties":{"pincode":"803302","office_name":"Mokama S.O","division":"PATNA SAHIB","region":"","circle":"Bihar","source_id":"src-79f27d78734d"}},{"arcs":[[-507,-513,517]],"type":"Polygon","properties":{"pincode":"803303","office_name":"Mokama Ghat S.O","division":"PATNA SAHIB","region":"","circle":"Bihar","source_id":"src-79f27d78734d"}},{"arcs":[[-495,-517,518,519]],"type":"Polygon","properties":{"pincode":"803306","office_name":"Samyagarh S.O","division":"PATNA SAHIB","region":"","circle":"Bihar","source_id":"src-79f27d78734d"}},{"arcs":[[-496,-520]],"type":"Polygon","properties":{"pincode":"803307","office_name":"Bhadaur S.O","division":"PATNA SAHIB","region":"","circle":"Bihar","source_id":"src-79f27d78734d"}},{"arcs":[[-136,520,521,-356,-329]],"type":"Polygon","properties":{"pincode":"804401","office_name":"Arwal S.O.","division":"AurangabadBihar","region":"","circle":"Bihar","source_id":"src-79f27d78734d"}},{"arcs":[[-357,-522,522,523,524,525]],"type":"Polygon","properties":{"pincode":"804402","office_name":"Baidrabad S.O","division":"AurangabadBihar","region":"","circle":"Bihar","source_id":"src-79f27d78734d"}},{"arcs":[[[526,527,528]],[[529,530,531,532,533,534,535,536]]],"type":"MultiPolygon","properties":{"pincode":"804403","office_name":"Belaganj SO","division":"Gaya","region":"","circle":"Bihar","source_id":"src-79f27d78734d"}},{"arcs":[[-528,-527,537,538,539,-535,540]],"type":"Polygon","properties":{"pincode":"804404","office_name":"Chakand SO","division":"Gaya","region":"","circle":"Bihar","source_id":"src-79f27d78734d"}},{"arcs":[[-532,541,542,543,544,545]],"type":"Polygon","properties":{"pincode":"804405","office_name":"Dharaut SO","division":"Gaya","region":"","circle":"Bihar","source_id":"src-79f27d78734d"}},{"arcs":[[-162,546,-544,547,548,549,550,-171]],"type":"Polygon","properties":{"pincode":"804406","office_name":"Ghosi SO Jehanabad","division":"Gaya","region":"","circle":"Bihar","source_id":"src-79f27d78734d"}},{"arcs":[[-161,551,-545,-547]],"type":"Polygon","properties":{"pincode":"804407","office_name":"Hulashganj SO","division":"Gaya","region":"","circle":"Bihar","source_id":"src-79f27d78734d"}},{"arcs":[[552]],"type":"Polygon","properties":{"pincode":"804408","office_name":"Jehanabad HO","division":"Gaya","region":"","circle":"Bihar","source_id":"src-79f27d78734d"}},{"arcs":[[-358,-526,553,554,-404]],"type":"Polygon","properties":{"pincode":"804409","office_name":"Mehandia SO","division":"AurangabadBihar","region":"","circle":"Bihar","source_id":"src-79f27d78734d"}},{"arcs":[[555,556,557,558,559,560,561],[-553]],"type":"Polygon","properties":{"pincode":"804417","office_name":"Jehanabad RS SO","division":"Gaya","region":"","circle":"Bihar","source_id":"src-79f27d78734d"}},{"arcs":[[-151,-173,562,-550,563,-557,564,565]],"type":"Polygon","properties":{"pincode":"804418","office_name":"Kako SO","division":"Gaya","region":"","circle":"Bihar","source_id":"src-79f27d78734d"}},{"arcs":[[-524,566,567,568,569,570,571]],"type":"Polygon","properties":{"pincode":"804419","office_name":"Karpi S.O","division":"AurangabadBihar","region":"","circle":"Bihar","source_id":"src-79f27d78734d"}},{"arcs":[[-549,572,-558,-564]],"type":"Polygon","properties":{"pincode":"804420","office_name":"Kazisarai SO","division":"Gaya","region":"","circle":"Bihar","source_id":"src-79f27d78734d"}},{"arcs":[[-569,573,574,575,576,577,578,579]],"type":"Polygon","properties":{"pincode":"804421","office_name":"Kurtha S.O","division":"AurangabadBihar","region":"","circle":"Bihar","source_id":"src-79f27d78734d"}},{"arcs":[[-531,580,581,582,-542]],"type":"Polygon","properties":{"pincode":"804422","office_name":"Makhdumpur SO","division":"Gaya","region":"","circle":"Bihar","source_id":"src-79f27d78734d"}},{"arcs":[[-134,583,-574,-568,584]],"type":"Polygon","properties":{"pincode":"804423","office_name":"Nagla Kinger S.O","division":"AurangabadBihar","region":"","circle":"Bihar","source_id":"src-79f27d78734d"}},{"arcs":[[-530,585,586,-581]],"type":"Polygon","properties":{"pincode":"804424","office_name":"Paibigha SO","division":"Gaya","region":"","circle":"Bihar","source_id":"src-79f27d78734d"}},{"arcs":[[-560,587,-582,-587,-576,588]],"type":"Polygon","properties":{"pincode":"804425","office_name":"Sakurabad SO","division":"Gaya","region":"","circle":"Bihar","source_id":"src-79f27d78734d"}},{"arcs":[[-135,-585,-567,-523,-521]],"type":"Polygon","properties":{"pincode":"804426","office_name":"S.P Imamganj S.O","division":"AurangabadBihar","region":"","circle":"Bihar","source_id":"src-79f27d78734d"}},{"arcs":[[-543,-583,-588,-559,-573,-548]],"type":"Polygon","properties":{"pincode":"804427","office_name":"Tehta SO","division":"Gaya","region":"","circle":"Bihar","source_id":"src-79f27d78734d"}},{"arcs":[[-525,-572,589,590,-554]],"type":"Polygon","properties":{"pincode":"804428","office_name":"Usari S.O","division":"AurangabadBihar","region":"","circle":"Bihar","source_id":"src-79f27d78734d"}},{"arcs":[[-133,591,-561,-589,-575,-584]],"type":"Polygon","properties":{"pincode":"804429","office_name":"Nehalpur SO","division":"Gaya","region":"","circle":"Bihar","source_id":"src-79f27d78734d"}},{"arcs":[[-172,-551,-563]],"type":"Polygon","properties":{"pincode":"804432","office_name":"Bandhuganj SO","division":"Gaya","region":"","circle":"Bihar","source_id":"src-79f27d78734d"}},{"arcs":[[-537,592,593,-577,-586]],"type":"Polygon","properties":{"pincode":"804435","office_name":"Main SO","division":"Gaya","region":"","circle":"Bihar","source_id":"src-79f27d78734d"}},{"arcs":[[-152,-566,594,595,-480,-476,-164]],"type":"Polygon","properties":{"pincode":"804451","office_name":"HAZARATSAIN SO","division":"PATNA SAHIB","region":"","circle":"Bihar","source_id":"src-79f27d78734d"}},{"arcs":[[-100,-130,596,-595,-565,-556,597,-131]],"type":"Polygon","properties":{"pincode":"804452","office_name":"MASAURHI SO","division":"PATNA SAHIB","region":"","circle":"Bihar","source_id":"src-79f27d78734d"}},{"arcs":[[-44,-481,-596,-597,-129,-178,-97,-91]],"type":"Polygon","properties":{"pincode":"804453","office_name":"PUNPUN SO","division":"PATNA SAHIB","region":"","circle":"Bihar","source_id":"src-79f27d78734d"}},{"arcs":[[598,599,600,601,602]],"type":"Polygon","properties":{"pincode":"805101","office_name":"Dhamul SO","division":"Nawadha","region":"East , Bhagalpur","circle":"Bihar","source_id":"src-79f27d78734d"}},{"arcs":[[603,604,605,606]],"type":"Polygon","properties":{"pincode":"805102","office_name":"Govindpur SO Nawada","division":"Nawadha","region":"East , Bhagalpur","circle":"Bihar","source_id":"src-79f27d78734d"}},{"arcs":[[607,608,609,610,611,612]],"type":"Polygon","properties":{"pincode":"805103","office_name":"Hasua SO","division":"Nawadha","region":"East , Bhagalpur","circle":"Bihar","source_id":"src-79f27d78734d"}},{"arcs":[[-444,613,614,615,616,617,618,619,620]],"type":"Polygon","properties":{"pincode":"805104","office_name":"Kadirganj SO","division":"Nawadha","region":"East , Bhagalpur","circle":"Bihar","source_id":"src-79f27d78734d"}},{"arcs":[[-442,-464,-502,621,622,623]],"type":"Polygon","properties":{"pincode":"805105","office_name":"Katrisarai SO","division":"Nawadha","region":"East , Bhagalpur","circle":"Bihar","source_id":"src-79f27d78734d"}},{"arcs":[[-601,624,625,626,627,628,629]],"type":"Polygon","properties":{"pincode":"805106","office_name":"Kawakol SO","division":"Nawadha","region":"East , Bhagalpur","circle":"Bihar","source_id":"src-79f27d78734d"}},{"arcs":[[-604,630,-617,631,632]],"type":"Polygon","properties":{"pincode":"805107","office_name":"Kosi SO Nawada","division":"Nawadha","region":"East , Bhagalpur","circle":"Bihar","source_id":"src-79f27d78734d"}},{"arcs":[[-623,633,634,635]],"type":"Polygon","properties":{"pincode":"805108","office_name":"Lalbigha SO","division":"Nawadha","region":"East , Bhagalpur","circle":"Bihar","source_id":"src-79f27d78734d"}},{"arcs":[[-438,636,637,-608,638,639,-466]],"type":"Polygon","properties":{"pincode":"805109","office_name":"Nardiganj SO","division":"Nawadha","region":"East , Bhagalpur","circle":"Bihar","source_id":"src-79f27d78734d"}},{"arcs":[[640,641]],"type":"Polygon","properties":{"pincode":"805110","office_name":"Nawadha HO","division":"Nawadha","region":"East , Bhagalpur","circle":"Bihar","source_id":"src-79f27d78734d"}},{"arcs":[[-609,-638,642,-620,643,-642,644]],"type":"Polygon","properties":{"pincode":"805111","office_name":"Nawada Kutchery SO","division":"Nawadha","region":"East , Bhagalpur","circle":"Bihar","source_id":"src-79f27d78734d"}},{"arcs":[[-610,-645,-641,-644,-619,645,646,647]],"type":"Polygon","properties":{"pincode":"805112","office_name":"Parnawada SO","division":"Nawadha","region":"East , Bhagalpur","circle":"Bihar","source_id":"src-79f27d78734d"}},{"arcs":[[-635,648,649,650,651]],"type":"Polygon","properties":{"pincode":"805113","office_name":"Kashichak SO","division":"Nawadha","region":"East , Bhagalpur","circle":"Bihar","source_id":"src-79f27d78734d"}},{"arcs":[[652,653,654,655]],"type":"Polygon","properties":{"pincode":"805114","office_name":"Bihar Keshri sri Krishn Singh SO","division":"Nawadha","region":"East , Bhagalpur","circle":"Bihar","source_id":"src-79f27d78734d"}},{"arcs":[[-607,656,-646,-618,-631]],"type":"Polygon","properties":{"pincode":"805121","office_name":"Nemdarganj SO","division":"Nawadha","region":"East , Bhagalpur","circle":"Bihar","source_id":"src-79f27d78734d"}},{"arcs":[[-611,-648,657,-653,658,659,660]],"type":"Polygon","properties":{"pincode":"805122","office_name":"Narhat SO","division":"Nawadha","region":"East , Bhagalpur","circle":"Bihar","source_id":"src-79f27d78734d"}},{"arcs":[[-437,-621,-643,-637]],"type":"Polygon","properties":{"pincode":"805123","office_name":"Orhanpur SO","division":"Nawadha","region":"East , Bhagalpur","circle":"Bihar","source_id":"src-79f27d78734d"}},{"arcs":[[-602,-630,661,662,663,-651,664]],"type":"Polygon","properties":{"pincode":"805124","office_name":"Pakaribarwan SO","division":"Nawadha","region":"East , Bhagalpur","circle":"Bihar","source_id":"src-79f27d78734d"}},{"arcs":[[-655,665,666,667]],"type":"Polygon","properties":{"pincode":"805125","office_name":"Rajauli SO","division":"Nawadha","region":"East , Bhagalpur","circle":"Bihar","source_id":"src-79f27d78734d"}},{"arcs":[[-606,668,-666,-654,-658,-647,-657]],"type":"Polygon","properties":{"pincode":"805126","office_name":"Rajhat SO","division":"Nawadha","region":"East , Bhagalpur","circle":"Bihar","source_id":"src-79f27d78734d"}},{"arcs":[[-656,-668,669,670,671,-659]],"type":"Polygon","properties":{"pincode":"805127","office_name":"Sirdala SO","division":"Nawadha","region":"East , Bhagalpur","circle":"Bihar","source_id":"src-79f27d78734d"}},{"arcs":[[-660,-672,672,673,674]],"type":"Polygon","properties":{"pincode":"805128","office_name":"Tarwan SO","division":"Nawadha","region":"East , Bhagalpur","circle":"Bihar","source_id":"src-79f27d78734d"}},{"arcs":[[-612,-661,-675,675]],"type":"Polygon","properties":{"pincode":"805129","office_name":"Tungi SO","division":"Nawadha","region":"East , Bhagalpur","circle":"Bihar","source_id":"src-79f27d78734d"}},{"arcs":[[-443,-624,-636,-652,-664,676,-614]],"type":"Polygon","properties":{"pincode":"805130","office_name":"Warisaliganj SO","division":"Nawadha","region":"East , Bhagalpur","circle":"Bihar","source_id":"src-79f27d78734d"}},{"arcs":[[-613,-676,-674,677,678,679,-639]],"type":"Polygon","properties":{"pincode":"805131","office_name":"Wazirganj SO Gaya","division":"Nawadha","region":"East , Bhagalpur","circle":"Bihar","source_id":"src-79f27d78734d"}},{"arcs":[[-615,-677,-663,680]],"type":"Polygon","properties":{"pincode":"805132","office_name":"Dumrawan SO","division":"Nawadha","region":"East , Bhagalpur","circle":"Bihar","source_id":"src-79f27d78734d"}},{"arcs":[[-616,-681,-662,-629,681,-632]],"type":"Polygon","properties":{"pincode":"805141","office_name":"Roh S.O","division":"Nawadha","region":"East , Bhagalpur","circle":"Bihar","source_id":"src-79f27d78734d"}},{"arcs":[[-430,-498,682,683,684]],"type":"Polygon","properties":{"pincode":"811101","office_name":"Barbigha SO","division":"Nawadha","region":"East , Bhagalpur","circle":"Bihar","source_id":"src-79f27d78734d"}},{"arcs":[[-515,685,686,687,688]],"type":"Polygon","properties":{"pincode":"811102","office_name":"Mehus SO","division":"Nawadha","region":"East , Bhagalpur","circle":"Bihar","source_id":"src-79f27d78734d"}},{"arcs":[[-431,-685,689,-649,-634,-622,-501]],"type":"Polygon","properties":{"pincode":"811103","office_name":"Nimi SO","division":"Nawadha","region":"East , Bhagalpur","circle":"Bihar","source_id":"src-79f27d78734d"}},{"arcs":[[-497,-519,-516,-689,690,-683]],"type":"Polygon","properties":{"pincode":"811104","office_name":"Sarmera S.O.","division":"Nalanda","region":"East , Bhagalpur","circle":"Bihar","source_id":"src-79f27d78734d"}},{"arcs":[[-603,-665,-650,-690,-684,-691,-688,691,692]],"type":"Polygon","properties":{"pincode":"811105","office_name":"Sheikhpura SO Sheikhpura","division":"Nawadha","region":"East , Bhagalpur","circle":"Bihar","source_id":"src-79f27d78734d"}},{"arcs":[[693,694,695,696,697,698,699,700,701]],"type":"Polygon","properties":{"pincode":"811106","office_name":"Surajgaraha SO","division":"Munger","region":"East , Bhagalpur","circle":"Bihar","source_id":"src-79f27d78734d"}},{"arcs":[[-687,702,703,704,705,-692]],"type":"Polygon","properties":{"pincode":"811107","office_name":"Sirari SO","division":"Nawadha","region":"East , Bhagalpur","circle":"Bihar","source_id":"src-79f27d78734d"}},{"arcs":[[-700,706,707,708,709]],"type":"Polygon","properties":{"pincode":"811112","office_name":"Piri Bazar SO","division":"Munger","region":"East , Bhagalpur","circle":"Bihar","source_id":"src-79f27d78734d"}},{"arcs":[[710,711]],"type":"Polygon","properties":{"pincode":"811201","office_name":"Munger HO","division":"Munger","region":"East , Bhagalpur","circle":"Bihar","source_id":"src-79f27d78734d"}},{"arcs":[[-698,712,713,714,715,716,717,718,719,720,-712,721,722]],"type":"Polygon","properties":{"pincode":"811202","office_name":"Basudeopur SO","division":"Munger","region":"East , Bhagalpur","circle":"Bihar","source_id":"src-79f27d78734d"}},{"arcs":[[-720,723,724,725,726,727,728,729,730]],"type":"Polygon","properties":{"pincode":"811211","office_name":"Bariarpur SO Munger","division":"Munger","region":"East , Bhagalpur","circle":"Bihar","source_id":"src-79f27d78734d"}},{"arcs":[[-699,-723,731,-730,732,-707]],"type":"Polygon","properties":{"pincode":"811212","office_name":"Dharhara SO Munger","division":"Munger","region":"East , Bhagalpur","circle":"Bihar","source_id":"src-79f27d78734d"}},{"arcs":[[-708,-733,-729,733,734,735,736,737]],"type":"Polygon","properties":{"pincode":"811213","office_name":"Haweli Kharagpur SO","division":"Munger","region":"East , Bhagalpur","circle":"Bihar","source_id":"src-79f27d78734d"}},{"arcs":[[-711,-721,-731,-732,-722]],"type":"Polygon","properties":{"pincode":"811214","office_name":"Jamalpur SO Munger","division":"Munger","region":"East , Bhagalpur","circle":"Bihar","source_id":"src-79f27d78734d"}},{"arcs":[[-600,738,739,-625]],"type":"Polygon","properties":{"pincode":"811301","office_name":"Aliganj SO Jamui","division":"Munger","region":"East , Bhagalpur","circle":"Bihar","source_id":"src-79f27d78734d"}},{"arcs":[[-509,740,741,-695,742,-703,-686,-514]],"type":"Polygon","properties":{"pincode":"811302","office_name":"Barhiya SO","division":"Munger","region":"East , Bhagalpur","circle":"Bihar","source_id":"src-79f27d78734d"}},{"arcs":[[743,744,745,746,747,748,749,750]],"type":"Polygon","properties":{"pincode":"811303","office_name":"Chakai SO","division":"Munger","region":"East , Bhagalpur","circle":"Bihar","source_id":"src-79f27d78734d"}},{"arcs":[[-599,-693,-706,751,-739]],"type":"Polygon","properties":{"pincode":"811304","office_name":"Chewara SO","division":"Nawadha","region":"East , Bhagalpur","circle":"Bihar","source_id":"src-79f27d78734d"}},{"arcs":[[752,753,754,755,756,757]],"type":"Polygon","properties":{"pincode":"811305","office_name":"Gidhaur SO","division":"Munger","region":"East , Bhagalpur","circle":"Bihar","source_id":"src-79f27d78734d"}},{"arcs":[[-705,758,759,760]],"type":"Polygon","properties":{"pincode":"811306","office_name":"Halsi S.O","division":"Munger","region":"East , Bhagalpur","circle":"Bihar","source_id":"src-79f27d78734d"}},{"arcs":[[-754,761,762]],"type":"Polygon","properties":{"pincode":"811307","office_name":"Jamui HO","division":"Munger","region":"East , Bhagalpur","circle":"Bihar","source_id":"src-79f27d78734d"}},{"arcs":[[-746,763,-757,764,765,766]],"type":"Polygon","properties":{"pincode":"811308","office_name":"Jhajha SO","division":"Munger","region":"East , Bhagalpur","circle":"Bihar","source_id":"src-79f27d78734d"}},{"arcs":[[-701,-710,767]],"type":"Polygon","properties":{"pincode":"811309","office_name":"Kajra SO","division":"Munger","region":"East , Bhagalpur","circle":"Bihar","source_id":"src-79f27d78734d"}},{"arcs":[[-702,-768,-709,-738,768,769,770]],"type":"Polygon","properties":{"pincode":"811310","office_name":"Kiulrs SO","division":"Munger","region":"East , Bhagalpur","circle":"Bihar","source_id":"src-79f27d78734d"}},{"arcs":[[-694,-771,771,-759,-704,-743]],"type":"Polygon","properties":{"pincode":"811311","office_name":"Lakhisarai SO","division":"Munger","region":"East , Bhagalpur","circle":"Bihar","source_id":"src-79f27d78734d"}},{"arcs":[[-737,772,-765,-756,773,-769]],"type":"Polygon","properties":{"pincode":"811312","office_name":"Laxmipur Jamui SO","division":"Munger","region":"East , Bhagalpur","circle":"Bihar","source_id":"src-79f27d78734d"}},{"arcs":[[-755,-763,774,775,-760,-772,-770,-774]],"type":"Polygon","properties":{"pincode":"811313","office_name":"Mallehpur SO","division":"Munger","region":"East , Bhagalpur","circle":"Bihar","source_id":"src-79f27d78734d"}},{"arcs":[[-745,776,-758,-764]],"type":"Polygon","properties":{"pincode":"811314","office_name":"Sono SO","division":"Munger","region":"East , Bhagalpur","circle":"Bihar","source_id":"src-79f27d78734d"}},{"arcs":[[-626,-740,-752,-761,-776,777]],"type":"Polygon","properties":{"pincode":"811315","office_name":"Sikandra SO Jamui","division":"Munger","region":"East , Bhagalpur","circle":"Bihar","source_id":"src-79f27d78734d"}},{"arcs":[[-747,-767,778,779]],"type":"Polygon","properties":{"pincode":"811316","office_name":"Simultala SO","division":"Munger","region":"East , Bhagalpur","circle":"Bihar","source_id":"src-79f27d78734d"}},{"arcs":[[-627,-778,-775,-762,-753,-777,-744,780]],"type":"Polygon","properties":{"pincode":"811317","office_name":"Khaira SO Jamui","division":"Munger","region":"East , Bhagalpur","circle":"Bihar","source_id":"src-79f27d78734d"}},{"arcs":[[781,782,783,784,785,786]],"type":"Polygon","properties":{"pincode":"812001","office_name":"Bhagalpur HO","division":"Bhagalpur","region":"East , Bhagalpur","circle":"Bihar","source_id":"src-79f27d78734d"}},{"arcs":[[-786,787,788,789,790,791]],"type":"Polygon","properties":{"pincode":"812002","office_name":"Bhagalpur City SO","division":"Bhagalpur","region":"East , Bhagalpur","circle":"Bihar","source_id":"src-79f27d78734d"}},{"arcs":[[-783,792]],"type":"Polygon","properties":{"pincode":"812003","office_name":"Barari SO","division":"Bhagalpur","region":"East , Bhagalpur","circle":"Bihar","source_id":"src-79f27d78734d"}},{"arcs":[[-787,-792,793,794,795,796,797,798]],"type":"Polygon","properties":{"pincode":"812004","office_name":"Champanagar SO","division":"Bhagalpur","region":"East , Bhagalpur","circle":"Bihar","source_id":"src-79f27d78734d"}},{"arcs":[[-785,799,800,801,-788]],"type":"Polygon","properties":{"pincode":"812005","office_name":"Mirjanhat SO","division":"Bhagalpur","region":"East , Bhagalpur","circle":"Bihar","source_id":"src-79f27d78734d"}},{"arcs":[[-789,-802,802,803,804,-794,-791,805]],"type":"Polygon","properties":{"pincode":"812006","office_name":"Nathnagar SO","division":"Bhagalpur","region":"East , Bhagalpur","circle":"Bihar","source_id":"src-79f27d78734d"}},{"arcs":[[-790,-806]],"type":"Polygon","properties":{"pincode":"812007","office_name":"T N B College SO","division":"Bhagalpur","region":"East , Bhagalpur","circle":"Bihar","source_id":"src-79f27d78734d"}},{"arcs":[[806,807,808,809,810,811,812,813]],"type":"Polygon","properties":{"pincode":"813101","office_name":"Amarpur SO Banka","division":"Bhagalpur","region":"East , Bhagalpur","circle":"Bihar","source_id":"src-79f27d78734d"}},{"arcs":[[-810,814,815,816]],"type":"Polygon","properties":{"pincode":"813102","office_name":"Banka HO","division":"Bhagalpur","region":"East , Bhagalpur","circle":"Bihar","source_id":"src-79f27d78734d"}},{"arcs":[[-811,-817,817,818,819,820]],"type":"Polygon","properties":{"pincode":"813103","office_name":"Barahat SO","division":"Bhagalpur","region":"East , Bhagalpur","circle":"Bihar","source_id":"src-79f27d78734d"}},{"arcs":[[-820,821,822,823,824]],"type":"Polygon","properties":{"pincode":"813104","office_name":"Bounsi SO","division":"Bhagalpur","region":"East , Bhagalpur","circle":"Bihar","source_id":"src-79f27d78734d"}},{"arcs":[[-801,825,826,827,828,-808,-803]],"type":"Polygon","properties":{"pincode":"813105","office_name":"Jagdishpur SO Bhagalpur","division":"Bhagalpur","region":"East , Bhagalpur","circle":"Bihar","source_id":"src-79f27d78734d"}},{"arcs":[[-779,829,830,-812,-821,-825,831]],"type":"Polygon","properties":{"pincode":"813106","office_name":"Katoria SO","division":"Bhagalpur","region":"East , Bhagalpur","circle":"Bihar","source_id":"src-79f27d78734d"}},{"arcs":[[-809,-829,832,-815]],"type":"Polygon","properties":{"pincode":"813107","office_name":"Rajoun SO","division":"Bhagalpur","region":"East , Bhagalpur","circle":"Bihar","source_id":"src-79f27d78734d"}},{"arcs":[[-804,-807,833,834,835,836]],"type":"Polygon","properties":{"pincode":"813108","office_name":"Sahkund SO","division":"Bhagalpur","region":"East , Bhagalpur","circle":"Bihar","source_id":"src-79f27d78734d"}},{"arcs":[[-816,-833,-828,837,-818]],"type":"Polygon","properties":{"pincode":"813109","office_name":"Punsia SO","division":"Bhagalpur","region":"East , Bhagalpur","circle":"Bihar","source_id":"src-79f27d78734d"}},{"arcs":[[-819,-838,838,839,-822]],"type":"Polygon","properties":{"pincode":"813110","office_name":"Panjwara SO","division":"Bhagalpur","region":"East , Bhagalpur","circle":"Bihar","source_id":"src-79f27d78734d"}},{"arcs":[[-728,840,-836,841,-734]],"type":"Polygon","properties":{"pincode":"813201","office_name":"Asarganj SO","division":"Munger","region":"East , Bhagalpur","circle":"Bihar","source_id":"src-79f27d78734d"}},{"arcs":[[-766,842,843,844,845,-830]],"type":"Polygon","properties":{"pincode":"813202","office_name":"Belhar SO","division":"Bhagalpur","region":"East , Bhagalpur","circle":"Bihar","source_id":"src-79f27d78734d"}},{"arcs":[[846,847,848,849,850]],"type":"Polygon","properties":{"pincode":"813203","office_name":"Kahalgaon SO","division":"Bhagalpur","region":"East , Bhagalpur","circle":"Bihar","source_id":"src-79f27d78734d"}},{"arcs":[[-849,851,852,853,854,855,-851,856]],"type":"Polygon","properties":{"pincode":"813204","office_name":"Ekchari SO","division":"Bhagalpur","region":"East , Bhagalpur","circle":"Bihar","source_id":"src-79f27d78734d"}},{"arcs":[[-827,857,858,-854,859,-839]],"type":"Polygon","properties":{"pincode":"813205","office_name":"Ghogha SO","division":"Bhagalpur","region":"East , Bhagalpur","circle":"Bihar","source_id":"src-79f27d78734d"}},{"arcs":[[860,861,862]],"type":"Polygon","properties":{"pincode":"813206","office_name":"Ishipur SO","division":"Bhagalpur","region":"East , Bhagalpur","circle":"Bihar","source_id":"src-79f27d78734d"}},{"arcs":[[-813,-831,-846,863]],"type":"Polygon","properties":{"pincode":"813207","office_name":"Khesar SO","division":"Bhagalpur","region":"East , Bhagalpur","circle":"Bihar","source_id":"src-79f27d78734d"}},{"arcs":[[-861,864,865,866,867]],"type":"Polygon","properties":{"pincode":"813209","office_name":"Pripainti SO","division":"Bhagalpur","region":"East , Bhagalpur","circle":"Bihar","source_id":"src-79f27d78734d"}},{"arcs":[[-782,-799,868,-858,-826,-800,-784,-793]],"type":"Polygon","properties":{"pincode":"813210","office_name":"Sabour SO","division":"Bhagalpur","region":"East , Bhagalpur","circle":"Bihar","source_id":"src-79f27d78734d"}},{"arcs":[[-814,-864,-845,869,-834]],"type":"Polygon","properties":{"pincode":"813211","office_name":"Shambhuganj SO","division":"Bhagalpur","region":"East , Bhagalpur","circle":"Bihar","source_id":"src-79f27d78734d"}},{"arcs":[[-736,870,-843,-773]],"type":"Polygon","properties":{"pincode":"813212","office_name":"Sangrampur SO Bhagalpur","division":"Munger","region":"East , Bhagalpur","circle":"Bihar","source_id":"src-79f27d78734d"}},{"arcs":[[-727,871,872,-795,-805,-837,-841]],"type":"Polygon","properties":{"pincode":"813213","office_name":"Sultanganj SO Bhagalpur","division":"Bhagalpur","region":"East , Bhagalpur","circle":"Bihar","source_id":"src-79f27d78734d"}},{"arcs":[[-850,-857]],"type":"Polygon","properties":{"pincode":"813214","office_name":"STP Kahalgaon SO","division":"Bhagalpur","region":"East , Bhagalpur","circle":"Bihar","source_id":"src-79f27d78734d"}},{"arcs":[[-735,-842,-835,-870,-844,-871]],"type":"Polygon","properties":{"pincode":"813221","office_name":"TARAPUR BO","division":"Munger","region":"East , Bhagalpur","circle":"Bihar","source_id":"src-79f27d78734d"}},{"arcs":[[-848,873,-865,-863,874,-852]],"type":"Polygon","properties":{"pincode":"813222","office_name":"Mathurapur SO Bhagalpur","division":"Bhagalpur","region":"East , Bhagalpur","circle":"Bihar","source_id":"src-79f27d78734d"}},{"arcs":[[-748,-780,-832,-824,875]],"type":"Polygon","properties":{"pincode":"814131","office_name":"Chandan SO","division":"Bhagalpur","region":"East , Bhagalpur","circle":"Bihar","source_id":"src-79f27d78734d"}},{"arcs":[[876,877,878,879,880]],"type":"Polygon","properties":{"pincode":"821015","office_name":"Sasaram Tarachandi Dham so","division":"Rohtas","region":"","circle":"Bihar","source_id":"src-79f27d78734d"}},{"arcs":[[881,882,883,884,885,886]],"type":"Polygon","properties":{"pincode":"821101","office_name":"Bhabua SO","division":"Rohtas","region":"","circle":"Bihar","source_id":"src-79f27d78734d"}},{"arcs":[[887,888,889,890,-891,891,892,893,-886,894,-879,895,896,897,898]],"type":"Polygon","properties":{"pincode":"821102","office_name":"Bhagwanpur SO Kaimur Bhabua","division":"Rohtas","region":"","circle":"Bihar","source_id":"src-79f27d78734d"}},{"arcs":[[899,900,-887,-894,-893,-892,890,901]],"type":"Polygon","properties":{"pincode":"821103","office_name":"Chainpur SO Kaimur Bhabua","division":"Rohtas","region":"","circle":"Bihar","source_id":"src-79f27d78734d"}},{"arcs":[[-885,902,903,904,-895]],"type":"Polygon","properties":{"pincode":"821104","office_name":"Chenari SO","division":"Rohtas","region":"","circle":"Bihar","source_id":"src-79f27d78734d"}},{"arcs":[[905,906,907,-882,-901,908]],"type":"Polygon","properties":{"pincode":"821105","office_name":"Durgawati SO","division":"Rohtas","region":"","circle":"Bihar","source_id":"src-79f27d78734d"}},{"arcs":[[909,-909,-900]],"type":"Polygon","properties":{"pincode":"821106","office_name":"Hatta SO Kaimur Bhabua","division":"Rohtas","region":"","circle":"Bihar","source_id":"src-79f27d78734d"}},{"arcs":[[-390,910,911,912,913,914]],"type":"Polygon","properties":{"pincode":"821107","office_name":"Kargahar SO","division":"Rohtas","region":"","circle":"Bihar","source_id":"src-79f27d78734d"}},{"arcs":[[-884,915,-912,916,-903]],"type":"Polygon","properties":{"pincode":"821108","office_name":"Kudra SO","division":"Rohtas","region":"","circle":"Bihar","source_id":"src-79f27d78734d"}},{"arcs":[[-270,917,-914,918,-883,-908,919]],"type":"Polygon","properties":{"pincode":"821109","office_name":"Mohania SO","division":"Rohtas","region":"","circle":"Bihar","source_id":"src-79f27d78734d"}},{"arcs":[[-271,-920,-907,920]],"type":"Polygon","properties":{"pincode":"821110","office_name":"Ramgarh SO Kaimur Bhabua","division":"Rohtas","region":"","circle":"Bihar","source_id":"src-79f27d78734d"}},{"arcs":[[-389,921,-904,-917,-911]],"type":"Polygon","properties":{"pincode":"821111","office_name":"Sheosagar SO","division":"Rohtas","region":"","circle":"Bihar","source_id":"src-79f27d78734d"}},{"arcs":[[-257,-379,-391,-915,-918,-269]],"type":"Polygon","properties":{"pincode":"821112","office_name":"Kochas SO","division":"Rohtas","region":"","circle":"Bihar","source_id":"src-79f27d78734d"}},{"arcs":[[-388,-396,922,923,-880,-905,-922]],"type":"Polygon","properties":{"pincode":"821113","office_name":"Takia Bazar SO","division":"Rohtas","region":"","circle":"Bihar","source_id":"src-79f27d78734d"}},{"arcs":[[-913,-916,-919]],"type":"Polygon","properties":{"pincode":"821114","office_name":"Kudra RS (Lalapur) S.O","division":"Rohtas","region":"","circle":"Bihar","source_id":"src-79f27d78734d"}},{"arcs":[[-881,-924,924]],"type":"Polygon","properties":{"pincode":"821115","office_name":"Sasaram HO","division":"Rohtas","region":"","circle":"Bihar","source_id":"src-79f27d78734d"}},{"arcs":[[-394,-401,925,926]],"type":"Polygon","properties":{"pincode":"821301","office_name":"Akorhi Bazar SO","division":"Rohtas","region":"","circle":"Bihar","source_id":"src-79f27d78734d"}},{"arcs":[[-897,927,928,929,930]],"type":"Polygon","properties":{"pincode":"821302","office_name":"Amjhore Camp SO","division":"Rohtas","region":"","circle":"Bihar","source_id":"src-79f27d78734d"}},{"arcs":[[-930,931,932]],"type":"Polygon","properties":{"pincode":"821303","office_name":"Banjari SO","division":"Rohtas","region":"","circle":"Bihar","source_id":"src-79f27d78734d"}},{"arcs":[[-899,933,934,935]],"type":"Polygon","properties":{"pincode":"821304","office_name":"Baulia SO","division":"Rohtas","region":"","circle":"Bihar","source_id":"src-79f27d78734d"}},{"arcs":[[-395,-927,936,937,938,939,940,-877,-925,-923]],"type":"Polygon","properties":{"pincode":"821305","office_name":"Dalmianagar SO","division":"Rohtas","region":"","circle":"Bihar","source_id":"src-79f27d78734d"}},{"arcs":[[-400,941,942,943,-937,-926]],"type":"Polygon","properties":{"pincode":"821306","office_name":"Darihat SO","division":"Rohtas","region":"","circle":"Bihar","source_id":"src-79f27d78734d"}},{"arcs":[[-939,944,945]],"type":"Polygon","properties":{"pincode":"821307","office_name":"Dehrionsone SO","division":"Rohtas","region":"","circle":"Bihar","source_id":"src-79f27d78734d"}},{"arcs":[[-940,-946,946,947,948]],"type":"Polygon","properties":{"pincode":"821308","office_name":"Indrapuri SO","division":"Rohtas","region":"","circle":"Bihar","source_id":"src-79f27d78734d"}},{"arcs":[[-346,-363,949,-380]],"type":"Polygon","properties":{"pincode":"821309","office_name":"Kachhwa SO Rohtas","division":"Rohtas","region":"","circle":"Bihar","source_id":"src-79f27d78734d"}},{"arcs":[[-362,950,951,952,-942,-399,-381,-950]],"type":"Polygon","properties":{"pincode":"821310","office_name":"Nasriganj SO","division":"Rohtas","region":"","circle":"Bihar","source_id":"src-79f27d78734d"}},{"arcs":[[-898,-931,-933,953,954,-934]],"type":"Polygon","properties":{"pincode":"821311","office_name":"Rohtas SO","division":"Rohtas","region":"","circle":"Bihar","source_id":"src-79f27d78734d"}},{"arcs":[[-878,-941,-949,955,956,-928,-896]],"type":"Polygon","properties":{"pincode":"821312","office_name":"Tilouthu SO","division":"Rohtas","region":"","circle":"Bihar","source_id":"src-79f27d78734d"}},{"arcs":[[957,958,959,960,961,962]],"type":"Polygon","properties":{"pincode":"823001","office_name":"Gaya HO","division":"Gaya","region":"","circle":"Bihar","source_id":"src-79f27d78734d"}},{"arcs":[[-539,963,-959,964,965]],"type":"Polygon","properties":{"pincode":"823002","office_name":"Gaya RS SO","division":"Gaya","region":"","circle":"Bihar","source_id":"src-79f27d78734d"}},{"arcs":[[-529,-541,-534,966,967,-679,968,969,-960,-964,-538]],"type":"Polygon","properties":{"pincode":"823003","office_name":"Buniyad Ganj SO","division":"Gaya","region":"","circle":"Bihar","source_id":"src-79f27d78734d"}},{"arcs":[[-961,970,971,972,973,974,975,976,977,978,-963,979]],"type":"Polygon","properties":{"pincode":"823004","office_name":"Civil Aerodram SO","division":"Gaya","region":"","circle":"Bihar","source_id":"src-79f27d78734d"}},{"arcs":[[-962,-980]],"type":"Polygon","properties":{"pincode":"823005","office_name":"Asc CentreN Gaya SO","division":"Gaya","region":"","circle":"Bihar","source_id":"src-79f27d78734d"}},{"arcs":[[-467,-640,-680,-968,980]],"type":"Polygon","properties":{"pincode":"823311","office_name":"Atri SO","division":"Gaya","region":"","circle":"Bihar","source_id":"src-79f27d78734d"}},{"arcs":[[981,982,983,984]],"type":"Polygon","properties":{"pincode":"824101","office_name":"Aurangabad BH HO","division":"AurangabadBihar","region":"","circle":"Bihar","source_id":"src-79f27d78734d"}},{"arcs":[[[-982,985,986,987]],[[-984,988,989,990,991,992,993,994,995]]],"type":"MultiPolygon","properties":{"pincode":"824102","office_name":"S S College SO","division":"AurangabadBihar","region":"","circle":"Bihar","source_id":"src-79f27d78734d"}},{"arcs":[[-983,-988,996,997,998,999,-989]],"type":"Polygon","properties":{"pincode":"824103","office_name":"War SO","division":"AurangabadBihar","region":"","circle":"Bihar","source_id":"src-79f27d78734d"}},{"arcs":[[1000,1001,-991,1002]],"type":"Polygon","properties":{"pincode":"824111","office_name":"Amba SO","division":"AurangabadBihar","region":"","circle":"Bihar","source_id":"src-79f27d78734d"}},{"arcs":[[-938,-944,1003,1004,-995,1005,-947,-945]],"type":"Polygon","properties":{"pincode":"824112","office_name":"Barun SO AurangabadBH","division":"AurangabadBihar","region":"","circle":"Bihar","source_id":"src-79f27d78734d"}},{"arcs":[[1006,1007,1008]],"type":"Polygon","properties":{"pincode":"824113","office_name":"Bhakharua SO","division":"AurangabadBihar","region":"","circle":"Bihar","source_id":"src-79f27d78734d"}},{"arcs":[[1009,1010,1011,1012]],"type":"Polygon","properties":{"pincode":"824114","office_name":"Deohara SO","division":"AurangabadBihar","region":"","circle":"Bihar","source_id":"src-79f27d78734d"}},{"arcs":[[-1008,1013,1014,-1012,1015,1016]],"type":"Polygon","properties":{"pincode":"824115","office_name":"Sihari SO","division":"AurangabadBihar","region":"","circle":"Bihar","source_id":"src-79f27d78734d"}},{"arcs":[[1017,1018,1019,1020,1021]],"type":"Polygon","properties":{"pincode":"824116","office_name":"Anti SO","division":"Gaya","region":"","circle":"Bihar","source_id":"src-79f27d78734d"}},{"arcs":[[-1018,1022,1023,1024,1025,1026]],"type":"Polygon","properties":{"pincode":"824118","office_name":"Guraru Mills SO","division":"Gaya","region":"","circle":"Bihar","source_id":"src-79f27d78734d"}},{"arcs":[[-571,1027,-1013,-1015,1028,1029,-590]],"type":"Polygon","properties":{"pincode":"824120","office_name":"Haspura SO","division":"AurangabadBihar","region":"","circle":"Bihar","source_id":"src-79f27d78734d"}},{"arcs":[[-985,-996,-1005,1030,1031,-986]],"type":"Polygon","properties":{"pincode":"824121","office_name":"Jamhor SO","division":"AurangabadBihar","region":"","circle":"Bihar","source_id":"src-79f27d78734d"}},{"arcs":[[-987,-1032,1032,1033,1034,-997]],"type":"Polygon","properties":{"pincode":"824122","office_name":"Jakhim SO","division":"AurangabadBihar","region":"","circle":"Bihar","source_id":"src-79f27d78734d"}},{"arcs":[[1035,1036,1037,-992,-1002]],"type":"Polygon","properties":{"pincode":"824123","office_name":"Kutumba SO","division":"AurangabadBihar","region":"","circle":"Bihar","source_id":"src-79f27d78734d"}},{"arcs":[[-943,-953,1038,-1009,-1017,1039,-1033,-1031,-1004]],"type":"Polygon","properties":{"pincode":"824124","office_name":"Obra SO AurangabadBH","division":"AurangabadBihar","region":"","circle":"Bihar","source_id":"src-79f27d78734d"}},{"arcs":[[-998,-1035,1040,1041,-1019,-1027,1042,1043,1044]],"type":"Polygon","properties":{"pincode":"824125","office_name":"Rafiganj SO","division":"AurangabadBihar","region":"","circle":"Bihar","source_id":"src-79f27d78734d"}},{"arcs":[[-1011,1045,1046,-1041,-1034,-1040,-1016]],"type":"Polygon","properties":{"pincode":"824126","office_name":"Pothu S.O","division":"AurangabadBihar","region":"","circle":"Bihar","source_id":"src-79f27d78734d"}},{"arcs":[[-361,-555,-591,-1030,1047,-951]],"type":"Polygon","properties":{"pincode":"824127","office_name":"Kaler SO","division":"AurangabadBihar","region":"","circle":"Bihar","source_id":"src-79f27d78734d"}},{"arcs":[[-1020,-1042,-1047,1048]],"type":"Polygon","properties":{"pincode":"824129","office_name":"Rukundi Jhikatia SO","division":"AurangabadBihar","region":"","circle":"Bihar","source_id":"src-79f27d78734d"}},{"arcs":[[-952,-1048,-1029,-1014,-1007,-1039]],"type":"Polygon","properties":{"pincode":"824143","office_name":"Daudnagar SO","division":"AurangabadBihar","region":"","circle":"Bihar","source_id":"src-79f27d78734d"}},{"arcs":[[1049,1050,1051,1052]],"type":"Polygon","properties":{"pincode":"824201","office_name":"Barachatti SO","division":"Gaya","region":"","circle":"Bihar","source_id":"src-79f27d78734d"}},{"arcs":[[1053,-1003,-990,-1000,1054,1055,1056,1057]],"type":"Polygon","properties":{"pincode":"824202","office_name":"Deo SO","division":"AurangabadBihar","region":"","circle":"Bihar","source_id":"src-79f27d78734d"}},{"arcs":[[-570,-580,1058,-1021,-1049,-1046,-1010,-1028]],"type":"Polygon","properties":{"pincode":"824203","office_name":"Goh SO","division":"AurangabadBihar","region":"","circle":"Bihar","source_id":"src-79f27d78734d"}},{"arcs":[[-1026,1059,1060,1061,-1043]],"type":"Polygon","properties":{"pincode":"824205","office_name":"Gurua SO","division":"Gaya","region":"","circle":"Bihar","source_id":"src-79f27d78734d"}},{"arcs":[[1062,1063,-1057,1064,1065,1066,1067,1068]],"type":"Polygon","properties":{"pincode":"824206","office_name":"Imamganj SO","division":"Gaya","region":"","circle":"Bihar","source_id":"src-79f27d78734d"}},{"arcs":[[-579,1069,1070,-1023,-1022,-1059]],"type":"Polygon","properties":{"pincode":"824207","office_name":"Konch SO Gaya","division":"Gaya","region":"","circle":"Bihar","source_id":"src-79f27d78734d"}},{"arcs":[[-999,-1045,1071,1072,-1055]],"type":"Polygon","properties":{"pincode":"824208","office_name":"Madanpur SO AurangabadBH","division":"AurangabadBihar","region":"","circle":"Bihar","source_id":"src-79f27d78734d"}},{"arcs":[[-958,-979,1073,-1024,-1071,1074,-965]],"type":"Polygon","properties":{"pincode":"824209","office_name":"Paraiya SO","division":"Gaya","region":"","circle":"Bihar","source_id":"src-79f27d78734d"}},{"arcs":[[-1069,1075,1076]],"type":"Polygon","properties":{"pincode":"824210","office_name":"Raniganj SO Gaya","division":"Gaya","region":"","circle":"Bihar","source_id":"src-79f27d78734d"}},{"arcs":[[-1061,1077,1078,1079,1080,-1066,1081,1082]],"type":"Polygon","properties":{"pincode":"824211","office_name":"Sherghati SO","division":"Gaya","region":"","circle":"Bihar","source_id":"src-79f27d78734d"}},{"arcs":[[-1056,-1073,1083,-1082,-1065]],"type":"Polygon","properties":{"pincode":"824217","office_name":"Bankey Bajar SO","division":"Gaya","region":"","circle":"Bihar","source_id":"src-79f27d78734d"}},{"arcs":[[-1044,-1062,-1083,-1084,-1072]],"type":"Polygon","properties":{"pincode":"824219","office_name":"Amas SO","division":"Gaya","region":"","circle":"Bihar","source_id":"src-79f27d78734d"}},{"arcs":[[-1050,1084,-1080,1085,1086]],"type":"Polygon","properties":{"pincode":"824220","office_name":"Dobhi SO","division":"Gaya","region":"","circle":"Bihar","source_id":"src-79f27d78734d"}},{"arcs":[[1087,-1058,-1064]],"type":"Polygon","properties":{"pincode":"824221","office_name":"Dumaria SO","division":"Gaya","region":"","circle":"Bihar","source_id":"src-79f27d78734d"}},{"arcs":[[-970,1088,-1051,-1087,1089,-971]],"type":"Polygon","properties":{"pincode":"824231","office_name":"Bodhgaya SO","division":"Gaya","region":"","circle":"Bihar","source_id":"src-79f27d78734d"}},{"arcs":[[-671,1090,-1052,-1089,-969,-678,-673]],"type":"Polygon","properties":{"pincode":"824232","office_name":"Fatehpur SO Gaya","division":"Gaya","region":"","circle":"Bihar","source_id":"src-79f27d78734d"}},{"arcs":[[-160,-468,-981,-967,-533,-546,-552]],"type":"Polygon","properties":{"pincode":"824233","office_name":"Khizersarai SO","division":"Gaya","region":"","circle":"Bihar","source_id":"src-79f27d78734d"}},{"arcs":[[[-973,1091]],[[-1079,1094,-1090,-1086]]],"type":"MultiPolygon","properties":{"pincode":"824234","office_name":"Magadh University SO","division":"Gaya","region":"","circle":"Bihar","source_id":"src-79f27d78734d"}},{"arcs":[[-578,-594,1095]],"type":"Polygon","properties":{"pincode":"824235","office_name":"Mow SO","division":"Gaya","region":"","circle":"Bihar","source_id":"src-79f27d78734d"}},{"arcs":[[-536,-540,-966,-1075,-1070,-1096,-593]],"type":"Polygon","properties":{"pincode":"824236","office_name":"Tekari SO","division":"Gaya","region":"","circle":"Bihar","source_id":"src-79f27d78734d"}},{"arcs":[[-974,-1092,972,-973,-972,-1095,-1078,-1060,-1025,-1074,-978,1093,-1093,-975]],"type":"Polygon","properties":{"pincode":"824237","office_name":"Cherki SO","division":"Gaya","region":"","circle":"Bihar","source_id":"src-79f27d78734d"}},{"arcs":[[-993,-1038,1096,1097,1098]],"type":"Polygon","properties":{"pincode":"824301","office_name":"Nabinagar SO","division":"AurangabadBihar","region":"","circle":"Bihar","source_id":"src-79f27d78734d"}},{"arcs":[[1101,-1097,-1037,1102]],"type":"Polygon","properties":{"pincode":"824302","office_name":"Tandwa SO AurangabadBH","division":"AurangabadBihar","region":"","circle":"Bihar","source_id":"src-79f27d78734d"}},{"arcs":[[-929,-957,1103,-1098,-1102,1104,-1101,1105,-954,-932]],"type":"Polygon","properties":{"pincode":"824303","office_name":"Nabinagar Road SO","division":"AurangabadBihar","region":"","circle":"Bihar","source_id":"src-79f27d78734d"}},{"arcs":[[-948,-1006,-994,-1099,-1104,-956]],"type":"Polygon","properties":{"pincode":"824304","office_name":"NPGCL Aditi Nagar S.O","division":"AurangabadBihar","region":"","circle":"Bihar","source_id":"src-79f27d78734d"}},{"arcs":[[-9,-57,-62,-67,1106,1107,1108,1109,1110,1111,1112,1113,-37,-33,-25]],"type":"Polygon","properties":{"pincode":"841101","office_name":"Sonepur SO Saran","division":"Saran","region":"Muzaffarpur","circle":"Bihar","source_id":"src-79f27d78734d"}},{"arcs":[[1114,1115,1116,1117]],"type":"Polygon","properties":{"pincode":"841201","office_name":"Bareja SO Saran","division":"Saran","region":"Muzaffarpur","circle":"Bihar","source_id":"src-79f27d78734d"}},{"arcs":[[1118,1119,1120,1121,1122,1123]],"type":"Polygon","properties":{"pincode":"841202","office_name":"Basant SO","division":"Saran","region":"Muzaffarpur","circle":"Bihar","source_id":"src-79f27d78734d"}},{"arcs":[[1126,1127,1128,1129,1130,1131,1132]],"type":"Polygon","properties":{"pincode":"841203","office_name":"Chainpur SO Siwan","division":"Siwan","region":"Muzaffarpur","circle":"Bihar","source_id":"src-79f27d78734d"}},{"arcs":[[1133,1134,1135,1136,1137,1138]],"type":"Polygon","properties":{"pincode":"841204","office_name":"Chainwa SO","division":"Saran","region":"Muzaffarpur","circle":"Bihar","source_id":"src-79f27d78734d"}},{"arcs":[[-1116,1139,1140,1141,1142,1143,1144,1145]],"type":"Polygon","properties":{"pincode":"841205","office_name":"Daudpur SO Saran","division":"Saran","region":"Muzaffarpur","circle":"Bihar","source_id":"src-79f27d78734d"}},{"arcs":[[-1135,1146,1147,1148,1149,1150]],"type":"Polygon","properties":{"pincode":"841206","office_name":"Dayalpur SO Saran","division":"Saran","region":"Muzaffarpur","circle":"Bihar","source_id":"src-79f27d78734d"}},{"arcs":[[-65,-177,-120,1151,1152,-1121,1153,1154]],"type":"Polygon","properties":{"pincode":"841207","office_name":"Dighwara SO","division":"Saran","region":"Muzaffarpur","circle":"Bihar","source_id":"src-79f27d78734d"}},{"arcs":[[-1115,1155,1156,1157,-1137,1158,-1140]],"type":"Polygon","properties":{"pincode":"841208","office_name":"Ekma SO","division":"Saran","region":"Muzaffarpur","circle":"Bihar","source_id":"src-79f27d78734d"}},{"arcs":[[1159,1160,1161,-1156,-1118,1162]],"type":"Polygon","properties":{"pincode":"841209","office_name":"Fulwaria Tajpur SO","division":"Saran","region":"Muzaffarpur","circle":"Bihar","source_id":"src-79f27d78734d"}},{"arcs":[[1163,1164,-1130,1165,-1161]],"type":"Polygon","properties":{"pincode":"841210","office_name":"Gangpur Siswan SO","division":"Siwan","region":"Muzaffarpur","circle":"Bihar","source_id":"src-79f27d78734d"}},{"arcs":[[-118,-319,1166,1167,1168,1169,1170]],"type":"Polygon","properties":{"pincode":"841211","office_name":"Gultenganj SO","division":"Saran","region":"Muzaffarpur","circle":"Bihar","source_id":"src-79f27d78734d"}},{"arcs":[[1125,1171,-1128,1172,1173,-1138,-1158,1174]],"type":"Polygon","properties":{"pincode":"841212","office_name":"Jogia SO","division":"Saran","region":"Muzaffarpur","circle":"Bihar","source_id":"src-79f27d78734d"}},{"arcs":[[-1144,1175,1176,1177,1178,1179,1180]],"type":"Polygon","properties":{"pincode":"841213","office_name":"Kopa Samhota SO","division":"Saran","region":"Muzaffarpur","circle":"Bihar","source_id":"src-79f27d78734d"}},{"arcs":[[-1145,-1181,-1180,1181,1182]],"type":"Polygon","properties":{"pincode":"841214","office_name":"Kopa Bazar SO","division":"Saran","region":"Muzaffarpur","circle":"Bihar","source_id":"src-79f27d78734d"}},{"arcs":[[1183,1184,1185,1186,1187]],"type":"Polygon","properties":{"pincode":"841215","office_name":"Maker SO","division":"Saran","region":"Muzaffarpur","circle":"Bihar","source_id":"src-79f27d78734d"}},{"arcs":[[-119,-1171,1188,-1123,1189,-1152]],"type":"Polygon","properties":{"pincode":"841216","office_name":"Naraon SO","division":"Saran","region":"Muzaffarpur","circle":"Bihar","source_id":"src-79f27d78734d"}},{"arcs":[[-66,-1155,1190,-1107]],"type":"Polygon","properties":{"pincode":"841217","office_name":"Nayagaon SO","division":"Saran","region":"Muzaffarpur","circle":"Bihar","source_id":"src-79f27d78734d"}},{"arcs":[[1191,1192,1193,1194]],"type":"Polygon","properties":{"pincode":"841218","office_name":"Paiga SO","division":"Saran","region":"Muzaffarpur","circle":"Bihar","source_id":"src-79f27d78734d"}},{"arcs":[[-1109,1195,1196,1197,1198,-1188,1199,1200]],"type":"Polygon","properties":{"pincode":"841219","office_name":"Parsa SO","division":"Saran","region":"Muzaffarpur","circle":"Bihar","source_id":"src-79f27d78734d"}},{"arcs":[[-1136,-1151,1201,-1141,-1159]],"type":"Polygon","properties":{"pincode":"841220","office_name":"Parsagarh SO","division":"Saran","region":"Muzaffarpur","circle":"Bihar","source_id":"src-79f27d78734d"}},{"arcs":[[-1108,-1191,-1154,-1120,1202,-1196]],"type":"Polygon","properties":{"pincode":"841221","office_name":"Sitalpur SO","division":"Saran","region":"Muzaffarpur","circle":"Bihar","source_id":"src-79f27d78734d"}},{"arcs":[[-1119,1203,1204,-1197,-1203]],"type":"Polygon","properties":{"pincode":"841222","office_name":"Sutihar SO","division":"Saran","region":"Muzaffarpur","circle":"Bihar","source_id":"src-79f27d78734d"}},{"arcs":[[1124,-1175,-1157,-1162,-1166,-1129,-1172]],"type":"Polygon","properties":{"pincode":"841223","office_name":"Mohamadpur SO","division":"Saran","region":"Muzaffarpur","circle":"Bihar","source_id":"src-79f27d78734d"}},{"arcs":[[-1148,1205,1206,1207,1208]],"type":"Polygon","properties":{"pincode":"841224","office_name":"Panditpur SO","division":"Saran","region":"Muzaffarpur","circle":"Bihar","source_id":"src-79f27d78734d"}},{"arcs":[[-1122,-1153,-1190]],"type":"Polygon","properties":{"pincode":"841225","office_name":"Pratappur SO Saran","division":"Saran","region":"Muzaffarpur","circle":"Bihar","source_id":"src-79f27d78734d"}},{"arcs":[[1209,1210,1211,1212,1213]],"type":"Polygon","properties":{"pincode":"841226","office_name":"Siwan HO","division":"Siwan","region":"Muzaffarpur","circle":"Bihar","source_id":"src-79f27d78734d"}},{"arcs":[[-1210,1214,1215,1216,1217,1218]],"type":"Polygon","properties":{"pincode":"841227","office_name":"Gaushalaroad Siwan SO","division":"Siwan","region":"Muzaffarpur","circle":"Bihar","source_id":"src-79f27d78734d"}},{"arcs":[[1219,1220,1221,1222,1223,1224,1225,1226]],"type":"Polygon","properties":{"pincode":"841231","office_name":"Andar SO","division":"Siwan","region":"Muzaffarpur","circle":"Bihar","source_id":"src-79f27d78734d"}},{"arcs":[[-1217,1227,1228,1229,1230,1231,1232]],"type":"Polygon","properties":{"pincode":"841232","office_name":"Barhria SO","division":"Siwan","region":"Muzaffarpur","circle":"Bihar","source_id":"src-79f27d78734d"}},{"arcs":[[1233,1234,1235,1236,1237,1238,1239]],"type":"Polygon","properties":{"pincode":"841233","office_name":"Daronda SO","division":"Siwan","region":"Muzaffarpur","circle":"Bihar","source_id":"src-79f27d78734d"}},{"arcs":[[1240,1241,1242,1243,1244,1245]],"type":"Polygon","properties":{"pincode":"841234","office_name":"Darauli SO","division":"Siwan","region":"Muzaffarpur","circle":"Bihar","source_id":"src-79f27d78734d"}},{"arcs":[[-1243,1246,1247,1248]],"type":"Polygon","properties":{"pincode":"841235","office_name":"Done SO","division":"Siwan","region":"Muzaffarpur","circle":"Bihar","source_id":"src-79f27d78734d"}},{"arcs":[[-1133,1249,-1224,1250,-1240,1251]],"type":"Polygon","properties":{"pincode":"841236","office_name":"Hasanpura SO","division":"Siwan","region":"Muzaffarpur","circle":"Bihar","source_id":"src-79f27d78734d"}},{"arcs":[[-1212,1252,1253,-1222,1254,1255]],"type":"Polygon","properties":{"pincode":"841237","office_name":"Hussainganj SO","division":"Siwan","region":"Muzaffarpur","circle":"Bihar","source_id":"src-79f27d78734d"}},{"arcs":[[-1237,1256,1257,1258,1259,1260]],"type":"Polygon","properties":{"pincode":"841238","office_name":"Mahrajganj SO Siwan","division":"Siwan","region":"Muzaffarpur","circle":"Bihar","source_id":"src-79f27d78734d"}},{"arcs":[[1261,1262,1263,-1248,1264]],"type":"Polygon","properties":{"pincode":"841239","office_name":"Mairwa SO","division":"Siwan","region":"Muzaffarpur","circle":"Bihar","source_id":"src-79f27d78734d"}},{"arcs":[[-1127,-1252,-1239,1265,-1173]],"type":"Polygon","properties":{"pincode":"841240","office_name":"Mahuwal Mahal SO","division":"Siwan","region":"Muzaffarpur","circle":"Bihar","source_id":"src-79f27d78734d"}},{"arcs":[[-1211,-1219,1266,-1235,1267,-1253]],"type":"Polygon","properties":{"pincode":"841241","office_name":"Pachrukhi SO","division":"Siwan","region":"Muzaffarpur","circle":"Bihar","source_id":"src-79f27d78734d"}},{"arcs":[[-1259,1268,1269,1270]],"type":"Polygon","properties":{"pincode":"841242","office_name":"Paterhi SO","division":"Siwan","region":"Muzaffarpur","circle":"Bihar","source_id":"src-79f27d78734d"}},{"arcs":[[1271,1272,1273,-1263]],"type":"Polygon","properties":{"pincode":"841243","office_name":"Sahpur SO","division":"Siwan","region":"Muzaffarpur","circle":"Bihar","source_id":"src-79f27d78734d"}},{"arcs":[[-1134,-1260,-1271,1274,-1206,-1147]],"type":"Polygon","properties":{"pincode":"841244","office_name":"Takipur SO","division":"Siwan","region":"Muzaffarpur","circle":"Bihar","source_id":"src-79f27d78734d"}},{"arcs":[[-1213,-1256,1275,-1220,1276,-1244,-1249,-1264,1277]],"type":"Polygon","properties":{"pincode":"841245","office_name":"Zeradei SO","division":"Siwan","region":"Muzaffarpur","circle":"Bihar","source_id":"src-79f27d78734d"}},{"arcs":[[-1223,-1254,-1268,-1234,-1251]],"type":"Polygon","properties":{"pincode":"841286","office_name":"Bakerganj SO","division":"Siwan","region":"Muzaffarpur","circle":"Bihar","source_id":"src-79f27d78734d"}},{"arcs":[[-1227,1278,-1245,-1277]],"type":"Polygon","properties":{"pincode":"841287","office_name":"Asaon SO","division":"Siwan","region":"Muzaffarpur","circle":"Bihar","source_id":"src-79f27d78734d"}},{"arcs":[[-1178,1279,1280,1281,1282]],"type":"Polygon","properties":{"pincode":"841301","office_name":"Chapra HO","division":"Saran","region":"Muzaffarpur","circle":"Bihar","source_id":"src-79f27d78734d"}},{"arcs":[[-1169,1283,-1282,1284,1285,1286]],"type":"Polygon","properties":{"pincode":"841302","office_name":"Purwari Telpa SO","division":"Saran","region":"Muzaffarpur","circle":"Bihar","source_id":"src-79f27d78734d"}},{"arcs":[[1287,1288,-1182,-1179,-1283,-1284,-1168,1289]],"type":"Polygon","properties":{"pincode":"841305","office_name":"Revelganj SO","division":"Saran","region":"Muzaffarpur","circle":"Bihar","source_id":"src-79f27d78734d"}},{"arcs":[[-1124,-1189,-1170,-1287,1290,1291,-1194,1292,-1204]],"type":"Polygon","properties":{"pincode":"841311","office_name":"Garkha SO","division":"Saran","region":"Muzaffarpur","circle":"Bihar","source_id":"src-79f27d78734d"}},{"arcs":[[1293,-1290,-1167,-318,-421]],"type":"Polygon","properties":{"pincode":"841312","office_name":"Gariba Tola SO","division":"Saran","region":"Muzaffarpur","circle":"Bihar","source_id":"src-79f27d78734d"}},{"arcs":[[-1163,-1117,-1146,-1183,-1289,1294]],"type":"Polygon","properties":{"pincode":"841313","office_name":"Manjhi SO","division":"Saran","region":"Muzaffarpur","circle":"Bihar","source_id":"src-79f27d78734d"}},{"arcs":[[-1177,1295,1296,-1280]],"type":"Polygon","properties":{"pincode":"841316","office_name":"Naini SO Saran","division":"Saran","region":"Muzaffarpur","circle":"Bihar","source_id":"src-79f27d78734d"}},{"arcs":[[-1192,1297,1298,1299,1300,1301,1302,1303]],"type":"Polygon","properties":{"pincode":"841401","office_name":"Amnour SO","division":"Saran","region":"Muzaffarpur","circle":"Bihar","source_id":"src-79f27d78734d"}},{"arcs":[[-1193,-1304,1304,-1198,-1205,-1293]],"type":"Polygon","properties":{"pincode":"841402","office_name":"Aphar SO","division":"Saran","region":"Muzaffarpur","circle":"Bihar","source_id":"src-79f27d78734d"}},{"arcs":[[-1142,-1202,-1150,1305,1306,1307,1308,1309,1310]],"type":"Polygon","properties":{"pincode":"841403","office_name":"Baniapur SO","division":"Saran","region":"Muzaffarpur","circle":"Bihar","source_id":"src-79f27d78734d"}},{"arcs":[[-1139,-1174,-1266,-1238,-1261]],"type":"Polygon","properties":{"pincode":"841404","office_name":"Bagaura SO","division":"Siwan","region":"Muzaffarpur","circle":"Bihar","source_id":"src-79f27d78734d"}},{"arcs":[[-1230,1311,1312,1313,1314,1315,1316]],"type":"Polygon","properties":{"pincode":"841405","office_name":"Barauli SO Gopalganj","division":"Siwan","region":"Muzaffarpur","circle":"Bihar","source_id":"src-79f27d78734d"}},{"arcs":[[-1258,1317,1318,1319,1320,1321,1322,1323,1324,1325,-1269]],"type":"Polygon","properties":{"pincode":"841406","office_name":"Basantpur SO Siwan","division":"Siwan","region":"Muzaffarpur","circle":"Bihar","source_id":"src-79f27d78734d"}},{"arcs":[[-1317,1326,1327,1328,1329,1330]],"type":"Polygon","properties":{"pincode":"841407","office_name":"Bishunpura SO","division":"Siwan","region":"Muzaffarpur","circle":"Bihar","source_id":"src-79f27d78734d"}},{"arcs":[[-1208,1331,-1325,1332,1333]],"type":"Polygon","properties":{"pincode":"841408","office_name":"Bhagwanpur Hat SO","division":"Siwan","region":"Muzaffarpur","circle":"Bihar","source_id":"src-79f27d78734d"}},{"arcs":[[-1328,1334,1335,1336,1337,1338,1339,1340]],"type":"Polygon","properties":{"pincode":"841409","office_name":"Dighwdubauli SO","division":"Siwan","region":"Muzaffarpur","circle":"Bihar","source_id":"src-79f27d78734d"}},{"arcs":[[1341,1342,1343,1344,1345]],"type":"Polygon","properties":{"pincode":"841410","office_name":"Dumarshan Bangra SO","division":"Saran","region":"Muzaffarpur","circle":"Bihar","source_id":"src-79f27d78734d"}},{"arcs":[[-1300,1346,1347,1348,-1308,1349,1350,1351]],"type":"Polygon","properties":{"pincode":"841411","office_name":"Ishuwapur SO","division":"Saran","region":"Muzaffarpur","circle":"Bihar","source_id":"src-79f27d78734d"}},{"arcs":[[-1143,-1311,1352,1353,-1296,-1176]],"type":"Polygon","properties":{"pincode":"841412","office_name":"Jalalpur Bazar SO","division":"Saran","region":"Muzaffarpur","circle":"Bihar","source_id":"src-79f27d78734d"}},{"arcs":[[-1231,-1331,1354]],"type":"Polygon","properties":{"pincode":"841413","office_name":"Jamobazar SO","division":"Siwan","region":"Muzaffarpur","circle":"Bihar","source_id":"src-79f27d78734d"}},{"arcs":[[-1281,-1297,-1354,1355,1356,1357,-1285]],"type":"Polygon","properties":{"pincode":"841414","office_name":"Khaira SO Saran","division":"Saran","region":"Muzaffarpur","circle":"Bihar","source_id":"src-79f27d78734d"}},{"arcs":[[-1286,-1358,1358,1359,-1291]],"type":"Polygon","properties":{"pincode":"841415","office_name":"Khodaibagh SO","division":"Saran","region":"Muzaffarpur","circle":"Bihar","source_id":"src-79f27d78734d"}},{"arcs":[[-1321,1360,-1329,-1341,1361]],"type":"Polygon","properties":{"pincode":"841416","office_name":"Kishunpura SO","division":"Siwan","region":"Muzaffarpur","circle":"Bihar","source_id":"src-79f27d78734d"}},{"arcs":[[-1324,1362,-1342,1363,-1351,1364,1365,-1333]],"type":"Polygon","properties":{"pincode":"841417","office_name":"Masrakh SO","division":"Saran","region":"Muzaffarpur","circle":"Bihar","source_id":"src-79f27d78734d"}},{"arcs":[[-1299,1366,-1347]],"type":"Polygon","properties":{"pincode":"841418","office_name":"Marhowrah HO","division":"Saran","region":"Muzaffarpur","circle":"Bihar","source_id":"src-79f27d78734d"}},{"arcs":[[-1195,-1292,-1360,1367,1368,-1348,-1367,-1298]],"type":"Polygon","properties":{"pincode":"841419","office_name":"Mirzapur SO Saran","division":"Saran","region":"Muzaffarpur","circle":"Bihar","source_id":"src-79f27d78734d"}},{"arcs":[[-1323,1369,-1339,1370,-1344,-1343,-1363]],"type":"Polygon","properties":{"pincode":"841420","office_name":"Rajapatti SO","division":"Siwan","region":"Muzaffarpur","circle":"Bihar","source_id":"src-79f27d78734d"}},{"arcs":[[-1307,1371,-1365,-1350]],"type":"Polygon","properties":{"pincode":"841421","office_name":"Sarhwara SO","division":"Saran","region":"Muzaffarpur","circle":"Bihar","source_id":"src-79f27d78734d"}},{"arcs":[[-1149,-1209,-1334,-1366,-1372,-1306]],"type":"Polygon","properties":{"pincode":"841422","office_name":"Sahajitpur SO","division":"Saran","region":"Muzaffarpur","circle":"Bihar","source_id":"src-79f27d78734d"}},{"arcs":[[-1316,1372,1373,1374,-1335,-1327]],"type":"Polygon","properties":{"pincode":"841423","office_name":"Sidhwalia SO","division":"Siwan","region":"Muzaffarpur","circle":"Bihar","source_id":"src-79f27d78734d"}},{"arcs":[[-1301,-1352,-1364,-1346,1375,1376,1377]],"type":"Polygon","properties":{"pincode":"841424","office_name":"Taraiya SO","division":"Saran","region":"Muzaffarpur","circle":"Bihar","source_id":"src-79f27d78734d"}},{"arcs":[[1378,1379,1380]],"type":"Polygon","properties":{"pincode":"841425","office_name":"Bathubazar SO","division":"Siwan","region":"Muzaffarpur","circle":"Bihar","source_id":"src-79f27d78734d"}},{"arcs":[[1381,1382,1383,-1380,1384,-1273,1385]],"type":"Polygon","properties":{"pincode":"841426","office_name":"Bhore SO","division":"Siwan","region":"Muzaffarpur","circle":"Bihar","source_id":"src-79f27d78734d"}},{"arcs":[[-1229,1386,1387,1388,-1312]],"type":"Polygon","properties":{"pincode":"841427","office_name":"Garhmanjha SO","division":"Siwan","region":"Muzaffarpur","circle":"Bihar","source_id":"src-79f27d78734d"}},{"arcs":[[1389,1390,1391,-1313,-1389,1392,1393,1394]],"type":"Polygon","properties":{"pincode":"841428","office_name":"Gopalganj HO","division":"Siwan","region":"Muzaffarpur","circle":"Bihar","source_id":"src-79f27d78734d"}},{"arcs":[[-1232,-1355,-1330,-1361,-1320,1395,1396]],"type":"Polygon","properties":{"pincode":"841434","office_name":"Goreakothi SO","division":"Siwan","region":"Muzaffarpur","circle":"Bihar","source_id":"src-79f27d78734d"}},{"arcs":[[-1265,-1247,-1242,1397]],"type":"Polygon","properties":{"pincode":"841435","office_name":"Guthni SO","division":"Siwan","region":"Muzaffarpur","circle":"Bihar","source_id":"src-79f27d78734d"}},{"arcs":[[-1214,-1278,-1274,1398,-1215]],"type":"Polygon","properties":{"pincode":"841436","office_name":"Hathwa SO","division":"Siwan","region":"Muzaffarpur","circle":"Bihar","source_id":"src-79f27d78734d"}},{"arcs":[[1399,1400,-1383,1401,1402]],"type":"Polygon","properties":{"pincode":"841437","office_name":"Kateya SO","division":"Siwan","region":"Muzaffarpur","circle":"Bihar","source_id":"src-79f27d78734d"}},{"arcs":[[-1216,-1399,-1385,-1379,1403,1404,1405,1406,1407,-1387,-1228]],"type":"Polygon","properties":{"pincode":"841438","office_name":"Mirganj SO","division":"Siwan","region":"Muzaffarpur","circle":"Bihar","source_id":"src-79f27d78734d"}},{"arcs":[[-1319,1408,-1396]],"type":"Polygon","properties":{"pincode":"841439","office_name":"Mustfabad SO","division":"Siwan","region":"Muzaffarpur","circle":"Bihar","source_id":"src-79f27d78734d"}},{"arcs":[[-1388,-1408,-1407,1409,1410,-1393]],"type":"Polygon","properties":{"pincode":"841440","office_name":"Thawe SO","division":"Siwan","region":"Muzaffarpur","circle":"Bihar","source_id":"src-79f27d78734d"}},{"arcs":[[1411,1412,1413,-1404,-1381,-1384,-1401]],"type":"Polygon","properties":{"pincode":"841441","office_name":"Baghibazar SO","division":"Siwan","region":"Muzaffarpur","circle":"Bihar","source_id":"src-79f27d78734d"}},{"arcs":[[-1310,1414,-1368,-1359,-1357,-1356,-1353]],"type":"Polygon","properties":{"pincode":"841442","office_name":"Nagra SO Saran","division":"Saran","region":"Muzaffarpur","circle":"Bihar","source_id":"src-79f27d78734d"}},{"arcs":[[-1309,-1349,-1369,-1415]],"type":"Polygon","properties":{"pincode":"841443","office_name":"Gaura SO Saran","division":"Saran","region":"Muzaffarpur","circle":"Bihar","source_id":"src-79f27d78734d"}},{"arcs":[[-1221,-1276,-1255]],"type":"Polygon","properties":{"pincode":"841446","office_name":"Narendrapur SO","division":"Siwan","region":"Muzaffarpur","circle":"Bihar","source_id":"src-79f27d78734d"}},{"arcs":[[-1322,-1362,-1340,-1370]],"type":"Polygon","properties":{"pincode":"841447","office_name":"Lakrinabiganj S.O","division":"Siwan","region":"Muzaffarpur","circle":"Bihar","source_id":"src-79f27d78734d"}},{"arcs":[[-1184,-1199,-1305,-1303]],"type":"Polygon","properties":{"pincode":"841460","office_name":"Bhatha Sonho SO","division":"Saran","region":"Muzaffarpur","circle":"Bihar","source_id":"src-79f27d78734d"}},{"arcs":[[1415,-1395,1416,-1405,-1414,1417]],"type":"Polygon","properties":{"pincode":"841501","office_name":"Kuchaikote SO","division":"Siwan","region":"Muzaffarpur","circle":"Bihar","source_id":"src-79f27d78734d"}},{"arcs":[[-1246,-1279,-1226,1418,1419]],"type":"Polygon","properties":{"pincode":"841502","office_name":"Khujhwa SO","division":"Siwan","region":"Muzaffarpur","circle":"Bihar","source_id":"src-79f27d78734d"}},{"arcs":[[1420,-1418,-1413]],"type":"Polygon","properties":{"pincode":"841503","office_name":"Nechwajalapur SO","division":"Siwan","region":"Muzaffarpur","circle":"Bihar","source_id":"src-79f27d78734d"}},{"arcs":[[1421,-1419,-1225,-1250,-1132,1422]],"type":"Polygon","properties":{"pincode":"841504","office_name":"Raghunathpur SO Siwan","division":"Siwan","region":"Muzaffarpur","circle":"Bihar","source_id":"src-79f27d78734d"}},{"arcs":[[-1394,-1411,-1410,-1406,-1417]],"type":"Polygon","properties":{"pincode":"841505","office_name":"Sasamusa SO","division":"Siwan","region":"Muzaffarpur","circle":"Bihar","source_id":"src-79f27d78734d"}},{"arcs":[[-1218,-1233,-1397,-1409,-1318,-1257,-1236,-1267]],"type":"Polygon","properties":{"pincode":"841506","office_name":"Tarwara SO","division":"Siwan","region":"Muzaffarpur","circle":"Bihar","source_id":"src-79f27d78734d"}},{"arcs":[[-1207,-1275,-1270,-1326,-1332]],"type":"Polygon","properties":{"pincode":"841507","office_name":"Mora SO Siwan","division":"Siwan","region":"Muzaffarpur","circle":"Bihar","source_id":"src-79f27d78734d"}},{"arcs":[[1423,-1402,-1382,1424]],"type":"Polygon","properties":{"pincode":"841508","office_name":"Bijaipur SO Gopalganj","division":"Siwan","region":"Muzaffarpur","circle":"Bihar","source_id":"src-79f27d78734d"}},{"arcs":[[1425,-1423,-1131,-1165]],"type":"Polygon","properties":{"pincode":"841509","office_name":"Gabhirar SO","division":"Siwan","region":"Muzaffarpur","circle":"Bihar","source_id":"src-79f27d78734d"}},{"arcs":[[1426,1427,1428,1429,1430]],"type":"Polygon","properties":{"pincode":"842001","office_name":"Muzaffarpur HO","division":"Muzaffarpur","region":"Muzaffarpur","circle":"Bihar","source_id":"src-79f27d78734d"}},{"arcs":[[-1429,1431,1432,1433,1434,1435]],"type":"Polygon","properties":{"pincode":"842002","office_name":"Ramna SO Muzaffarpur","division":"Muzaffarpur","region":"Muzaffarpur","circle":"Bihar","source_id":"src-79f27d78734d"}},{"arcs":[[-1431,1436,1437]],"type":"Polygon","properties":{"pincode":"842003","office_name":"MIT SO","division":"Muzaffarpur","region":"Muzaffarpur","circle":"Bihar","source_id":"src-79f27d78734d"}},{"arcs":[[-1427,1438,1439,1440,1441,1442]],"type":"Polygon","properties":{"pincode":"842004","office_name":"Umanagar SO","division":"Muzaffarpur","region":"Muzaffarpur","circle":"Bihar","source_id":"src-79f27d78734d"}},{"type":null,"properties":{"pincode":"842005","office_name":"MIC SO","division":"Muzaffarpur","region":"Muzaffarpur","circle":"Bihar","source_id":"src-79f27d78734d"}},{"arcs":[[-1440,1443,1444,1445,1446]],"type":"Polygon","properties":{"pincode":"842006","office_name":"Kalwari SO Muzaffarpur","division":"Muzaffarpur","region":"Muzaffarpur","circle":"Bihar","source_id":"src-79f27d78734d"}},{"arcs":[[-1186,1447,1448,1449,1450,1451]],"type":"Polygon","properties":{"pincode":"843101","office_name":"Bakhra SO","division":"Muzaffarpur","region":"Muzaffarpur","circle":"Bihar","source_id":"src-79f27d78734d"}},{"arcs":[[1452,1453,1454,1455,1456]],"type":"Polygon","properties":{"pincode":"843102","office_name":"Bariarpur SO Muzaffarpur","division":"Muzaffarpur","region":"Muzaffarpur","circle":"Bihar","source_id":"src-79f27d78734d"}},{"arcs":[[-1428,-1443,1457,1458,1459,1460,1461,-1432]],"type":"Polygon","properties":{"pincode":"843103","office_name":"Bochaha SO","division":"Muzaffarpur","region":"Muzaffarpur","circle":"Bihar","source_id":"src-79f27d78734d"}},{"arcs":[[1462,1463,1464,1465,1466,1467,1468,1469,1470,1471]],"type":"Polygon","properties":{"pincode":"843104","office_name":"Chandanpatti SO","division":"Muzaffarpur","region":"Muzaffarpur","circle":"Bihar","source_id":"src-79f27d78734d"}},{"arcs":[[-1454,1472,1473,1474,-1463,1475]],"type":"Polygon","properties":{"pincode":"843105","office_name":"Dholi SO","division":"Muzaffarpur","region":"Muzaffarpur","circle":"Bihar","source_id":"src-79f27d78734d"}},{"arcs":[[1476,1477,1478,1479,1480]],"type":"Polygon","properties":{"pincode":"843106","office_name":"Gidha SO","division":"Muzaffarpur","region":"Muzaffarpur","circle":"Bihar","source_id":"src-79f27d78734d"}},{"arcs":[[-1185,-1302,-1378,1481,1482,-1448]],"type":"Polygon","properties":{"pincode":"843107","office_name":"Geyaspur SO","division":"Muzaffarpur","region":"Muzaffarpur","circle":"Bihar","source_id":"src-79f27d78734d"}},{"arcs":[[-1438,1483,1484,1485,-1444,-1439]],"type":"Polygon","properties":{"pincode":"843108","office_name":"PKolhua SO","division":"Muzaffarpur","region":"Muzaffarpur","circle":"Bihar","source_id":"src-79f27d78734d"}},{"arcs":[[-1446,1486,-1485,1487,1488,1489,1490]],"type":"Polygon","properties":{"pincode":"843109","office_name":"Kanti SO","division":"Muzaffarpur","region":"Muzaffarpur","circle":"Bihar","source_id":"src-79f27d78734d"}},{"arcs":[[-1471,1491,1492,1493,1494,1495]],"type":"Polygon","properties":{"pincode":"843110","office_name":"Kumar Bajitpur SO","division":"Vaishali","region":"","circle":"Bihar","source_id":"src-79f27d78734d"}},{"arcs":[[-1490,1496,1497,1498,1499,1500,1501,1502]],"type":"Polygon","properties":{"pincode":"843111","office_name":"Motipur SO","division":"Muzaffarpur","region":"Muzaffarpur","circle":"Bihar","source_id":"src-79f27d78734d"}},{"arcs":[[-1449,-1483,1503,1504,1505,1506,1507]],"type":"Polygon","properties":{"pincode":"843112","office_name":"Paroo SO","division":"Muzaffarpur","region":"Muzaffarpur","circle":"Bihar","source_id":"src-79f27d78734d"}},{"arcs":[[-1430,-1436,1508,1509,-1477,1510,-1488,-1484,-1437]],"type":"Polygon","properties":{"pincode":"843113","office_name":"Patahi SO Muzaffarpur","division":"Muzaffarpur","region":"Muzaffarpur","circle":"Bihar","source_id":"src-79f27d78734d"}},{"arcs":[[-1455,-1476,-1472,-1496,1511,1512]],"type":"Polygon","properties":{"pincode":"843114","office_name":"Patepur SO","division":"Vaishali","region":"","circle":"Bihar","source_id":"src-79f27d78734d"}},{"arcs":[[1513,1514,1515,1516,1517]],"type":"Polygon","properties":{"pincode":"843115","office_name":"Piar SO","division":"Muzaffarpur","region":"Muzaffarpur","circle":"Bihar","source_id":"src-79f27d78734d"}},{"arcs":[[1518,1519,1520,1521]],"type":"Polygon","properties":{"pincode":"843116","office_name":"Kuahi SO","division":"Muzaffarpur","region":"Muzaffarpur","circle":"Bihar","source_id":"src-79f27d78734d"}},{"arcs":[[-1442,1522,1523,-1521,1524,-1458]],"type":"Polygon","properties":{"pincode":"843117","office_name":"Rampur Hari SO","division":"Muzaffarpur","region":"Muzaffarpur","circle":"Bihar","source_id":"src-79f27d78734d"}},{"arcs":[[-1461,1525,1526,1527,-1515,1528]],"type":"Polygon","properties":{"pincode":"843118","office_name":"Sarfuddinpur SO","division":"Muzaffarpur","region":"Muzaffarpur","circle":"Bihar","source_id":"src-79f27d78734d"}},{"arcs":[[-1434,1529,-1473,-1453,1530,1531]],"type":"Polygon","properties":{"pincode":"843119","office_name":"Silout SO","division":"Muzaffarpur","region":"Muzaffarpur","circle":"Bihar","source_id":"src-79f27d78734d"}},{"arcs":[[-1377,1532,1533,-1504,-1482]],"type":"Polygon","properties":{"pincode":"843120","office_name":"Deoria SO Muzaffarpur","division":"Muzaffarpur","region":"Muzaffarpur","circle":"Bihar","source_id":"src-79f27d78734d"}},{"arcs":[[-1464,-1475,1534,-1518,1535]],"type":"Polygon","properties":{"pincode":"843121","office_name":"DACollege SO","division":"Muzaffarpur","region":"Muzaffarpur","circle":"Bihar","source_id":"src-79f27d78734d"}},{"arcs":[[-1498,1536,-1506,1537,1538]],"type":"Polygon","properties":{"pincode":"843122","office_name":"Hardi SO Muzaffarpur","division":"Muzaffarpur","region":"Muzaffarpur","circle":"Bihar","source_id":"src-79f27d78734d"}},{"arcs":[[-1481,1539,-1507,-1537,-1497,-1489,-1511]],"type":"Polygon","properties":{"pincode":"843123","office_name":"Jaintpur Estate SO","division":"Muzaffarpur","region":"Muzaffarpur","circle":"Bihar","source_id":"src-79f27d78734d"}},{"arcs":[[-1499,-1539,1540]],"type":"Polygon","properties":{"pincode":"843124","office_name":"Kathaiya SO","division":"Muzaffarpur","region":"Muzaffarpur","circle":"Bihar","source_id":"src-79f27d78734d"}},{"arcs":[[-1338,1541,1542,1543,1544,1545,-1533,-1376,-1345,-1371]],"type":"Polygon","properties":{"pincode":"843125","office_name":"Kurnowl SO","division":"Muzaffarpur","region":"Muzaffarpur","circle":"Bihar","source_id":"src-79f27d78734d"}},{"arcs":[[-1450,-1508,-1540,-1480,1546,1547]],"type":"Polygon","properties":{"pincode":"843126","office_name":"Saraiya Factory SO","division":"Muzaffarpur","region":"Muzaffarpur","circle":"Bihar","source_id":"src-79f27d78734d"}},{"arcs":[[-1500,-1541,-1538,-1505,-1534,-1546,1548]],"type":"Polygon","properties":{"pincode":"843127","office_name":"Birihma Bazar SO","division":"Muzaffarpur","region":"Muzaffarpur","circle":"Bihar","source_id":"src-79f27d78734d"}},{"arcs":[[-1441,-1447,-1491,-1503,1549,1550,1551,1552,1553,1554,-1523]],"type":"Polygon","properties":{"pincode":"843128","office_name":"Minapur SO","division":"Muzaffarpur","region":"Muzaffarpur","circle":"Bihar","source_id":"src-79f27d78734d"}},{"arcs":[[-1459,-1525,-1520,1555,1556]],"type":"Polygon","properties":{"pincode":"843129","office_name":"Narma SO","division":"Muzaffarpur","region":"Muzaffarpur","circle":"Bihar","source_id":"src-79f27d78734d"}},{"arcs":[[-1445,-1486,-1487]],"type":"Polygon","properties":{"pincode":"843130","office_name":"Kanti TPS SO","division":"Muzaffarpur","region":"Muzaffarpur","circle":"Bihar","source_id":"src-79f27d78734d"}},{"arcs":[[-1553,1557]],"type":"Polygon","properties":{"pincode":"843131","office_name":"Tariyani Chowk SO","division":"Muzaffarpur","region":"Muzaffarpur","circle":"Bihar","source_id":"src-79f27d78734d"}},{"arcs":[[-1433,-1462,-1529,-1514,-1535,-1474,-1530]],"type":"Polygon","properties":{"pincode":"843132","office_name":"Manika Harikishun S.O","division":"Muzaffarpur","region":"Muzaffarpur","circle":"Bihar","source_id":"src-79f27d78734d"}},{"arcs":[[1558,1559]],"type":"Polygon","properties":{"pincode":"843301","office_name":"Sitamarhi HO","division":"Sitamarhi","region":"Muzaffarpur","circle":"Bihar","source_id":"src-79f27d78734d"}},{"arcs":[[-1560,1560,1561,1562,1563,1564,1565,1566,1567,1568]],"type":"Polygon","properties":{"pincode":"843302","office_name":"Sitamarhi Bazar SO","division":"Sitamarhi","region":"Muzaffarpur","circle":"Bihar","source_id":"src-79f27d78734d"}},{"arcs":[[1569,1570,1571,1572]],"type":"Polygon","properties":{"pincode":"843311","office_name":"Athri SO","division":"Sitamarhi","region":"Muzaffarpur","circle":"Bihar","source_id":"src-79f27d78734d"}},{"arcs":[[-1519,1573,1574,1575,1576,-1556]],"type":"Polygon","properties":{"pincode":"843312","office_name":"Aurai SO Muzaffarpur","division":"Muzaffarpur","region":"Muzaffarpur","circle":"Bihar","source_id":"src-79f27d78734d"}},{"arcs":[[1577,1578,1579,1580,1581,1582]],"type":"Polygon","properties":{"pincode":"843313","office_name":"Bairgania SO","division":"Sitamarhi","region":"Muzaffarpur","circle":"Bihar","source_id":"src-79f27d78734d"}},{"arcs":[[-1566,1583,1584]],"type":"Polygon","properties":{"pincode":"843314","office_name":"Bajpatti SO","division":"Sitamarhi","region":"Muzaffarpur","circle":"Bihar","source_id":"src-79f27d78734d"}},{"arcs":[[-1580,1585,1586,1587,1588]],"type":"Polygon","properties":{"pincode":"843315","office_name":"Barharwa SO Sitamarhi","division":"Sitamarhi","region":"Muzaffarpur","circle":"Bihar","source_id":"src-79f27d78734d"}},{"arcs":[[-1571,1589,1590,1591]],"type":"Polygon","properties":{"pincode":"843316","office_name":"Belsand SO","division":"Sitamarhi","region":"Muzaffarpur","circle":"Bihar","source_id":"src-79f27d78734d"}},{"arcs":[[1592,1593,1594,1595,1596]],"type":"Polygon","properties":{"pincode":"843317","office_name":"Bhutahi SO","division":"Sitamarhi","region":"Muzaffarpur","circle":"Bihar","source_id":"src-79f27d78734d"}},{"arcs":[[-1575,1597,1598,1599,1600,1601,1602]],"type":"Polygon","properties":{"pincode":"843318","office_name":"Budhnagra Deorhi SO","division":"Sitamarhi","region":"Muzaffarpur","circle":"Bihar","source_id":"src-79f27d78734d"}},{"arcs":[[1603,1604,1605,1606,1607]],"type":"Polygon","properties":{"pincode":"843319","office_name":"Choraut SO","division":"Sitamarhi","region":"Muzaffarpur","circle":"Bihar","source_id":"src-79f27d78734d"}},{"arcs":[[-1567,-1585,-1608,1608,1609,1610,1611,1612]],"type":"Polygon","properties":{"pincode":"843320","office_name":"Janakpur Road SO","division":"Sitamarhi","region":"Muzaffarpur","circle":"Bihar","source_id":"src-79f27d78734d"}},{"arcs":[[-1460,-1557,-1577,1613,1614,1615,1616,-1526]],"type":"Polygon","properties":{"pincode":"843321","office_name":"Katra SO Muzaffarpur","division":"Muzaffarpur","region":"Muzaffarpur","circle":"Bihar","source_id":"src-79f27d78734d"}},{"arcs":[[-1564,1617,1618,-1595,1619]],"type":"Polygon","properties":{"pincode":"843322","office_name":"Majhaulia Estate SO","division":"Sitamarhi","region":"Muzaffarpur","circle":"Bihar","source_id":"src-79f27d78734d"}},{"arcs":[[-1559,-1569,1620,-1572,-1592,1621,-1561]],"type":"Polygon","properties":{"pincode":"843323","office_name":"Manikchowk SO","division":"Sitamarhi","region":"Muzaffarpur","circle":"Bihar","source_id":"src-79f27d78734d"}},{"arcs":[[-1593,1622,1623,1624]],"type":"Polygon","properties":{"pincode":"843324","office_name":"Parihar SO","division":"Sitamarhi","region":"Muzaffarpur","circle":"Bihar","source_id":"src-79f27d78734d"}},{"arcs":[[-1562,-1622,-1591,1625,1626,1627]],"type":"Polygon","properties":{"pincode":"843325","office_name":"Parsauni SO","division":"Sitamarhi","region":"Muzaffarpur","circle":"Bihar","source_id":"src-79f27d78734d"}},{"arcs":[[-1600,1628]],"type":"Polygon","properties":{"pincode":"843326","office_name":"Raipur SO Sitamarhi","division":"Sitamarhi","region":"Muzaffarpur","circle":"Bihar","source_id":"src-79f27d78734d"}},{"arcs":[[-1563,-1628,1629,1630,-1588,1631,-1618]],"type":"Polygon","properties":{"pincode":"843327","office_name":"Riga SO","division":"Sitamarhi","region":"Muzaffarpur","circle":"Bihar","source_id":"src-79f27d78734d"}},{"arcs":[[-1522,-1524,-1555,1632,-1573,-1621,-1568,-1613,1633,-1598,-1574]],"type":"Polygon","properties":{"pincode":"843328","office_name":"Runnisaidpur SO","division":"Sitamarhi","region":"Muzaffarpur","circle":"Bihar","source_id":"src-79f27d78734d"}},{"arcs":[[-1552,1634,1635,1636,1637,1638,1639,1640,1641,1642,1643,-1626,-1590,-1570,-1633,-1554,-1558]],"type":"Polygon","properties":{"pincode":"843329","office_name":"Sheohar SO","division":"Sitamarhi","region":"Muzaffarpur","circle":"Bihar","source_id":"src-79f27d78734d"}},{"arcs":[[-1597,1644,1645,-1623]],"type":"Polygon","properties":{"pincode":"843330","office_name":"Sonbersa SO","division":"Sitamarhi","region":"Muzaffarpur","circle":"Bihar","source_id":"src-79f27d78734d"}},{"arcs":[[-1565,-1620,-1594,-1625,1646,1647,-1604,-1584]],"type":"Polygon","properties":{"pincode":"843331","office_name":"Sursand SO","division":"Sitamarhi","region":"Muzaffarpur","circle":"Bihar","source_id":"src-79f27d78734d"}},{"arcs":[[-1587,1648,-1645,-1596,-1619,-1632]],"type":"Polygon","properties":{"pincode":"843332","office_name":"Majorganj SO","division":"Sitamarhi","region":"Muzaffarpur","circle":"Bihar","source_id":"src-79f27d78734d"}},{"arcs":[[-1599,-1634,-1612,1649,-1601,-1629]],"type":"Polygon","properties":{"pincode":"843333","office_name":"Nanpur SO","division":"Sitamarhi","region":"Muzaffarpur","circle":"Bihar","source_id":"src-79f27d78734d"}},{"arcs":[[-1627,-1644,1650,-1630]],"type":"Polygon","properties":{"pincode":"843334","office_name":"Piprarhi SO","division":"Sitamarhi","region":"Muzaffarpur","circle":"Bihar","source_id":"src-79f27d78734d"}},{"arcs":[[-1581,-1589,-1631,-1651,-1643,1651]],"type":"Polygon","properties":{"pincode":"843335","office_name":"B Jagdish SO","division":"Sitamarhi","region":"Muzaffarpur","circle":"Bihar","source_id":"src-79f27d78734d"}},{"arcs":[[-1576,-1603,1652,1653,-1614]],"type":"Polygon","properties":{"pincode":"843360","office_name":"Jajuar SO","division":"Muzaffarpur","region":"Muzaffarpur","circle":"Bihar","source_id":"src-79f27d78734d"}},{"arcs":[[-1113,1654,1655]],"type":"Polygon","properties":{"pincode":"844101","office_name":"Hajipur HO","division":"Vaishali","region":"","circle":"Bihar","source_id":"src-79f27d78734d"}},{"arcs":[[-38,-1114,-1656,1656,1657,1658,1659,1660,1661,1662,-47,-46]],"type":"Polygon","properties":{"pincode":"844102","office_name":"Hajipur IndArea SO","division":"Vaishali","region":"","circle":"Bihar","source_id":"src-79f27d78734d"}},{"arcs":[[-1112,1663,1664,-1657,-1655]],"type":"Polygon","properties":{"pincode":"844103","office_name":"Anzanpeer Chok SO","division":"Vaishali","region":"","circle":"Bihar","source_id":"src-79f27d78734d"}},{"arcs":[[-1479,1665,1666,1667,1668,1669,1670,-1547]],"type":"Polygon","properties":{"pincode":"844111","office_name":"Aniruddha Belsar SO","division":"Vaishali","region":"","circle":"Bihar","source_id":"src-79f27d78734d"}},{"arcs":[[-1457,1671,1672,1673,-1531]],"type":"Polygon","properties":{"pincode":"844112","office_name":"Baghi SO Muzaffarpur","division":"Muzaffarpur","region":"Muzaffarpur","circle":"Bihar","source_id":"src-79f27d78734d"}},{"arcs":[[-1187,-1452,1674,-1670,1675,1676,-1200]],"type":"Polygon","properties":{"pincode":"844113","office_name":"Balukaram SO","division":"Vaishali","region":"","circle":"Bihar","source_id":"src-79f27d78734d"}},{"arcs":[[1677,1678,1679,1680]],"type":"Polygon","properties":{"pincode":"844114","office_name":"Bhagwanpur SO Vaishali","division":"Vaishali","region":"","circle":"Bihar","source_id":"src-79f27d78734d"}},{"arcs":[[1681,1682,1683]],"type":"Polygon","properties":{"pincode":"844115","office_name":"Chaksikandar SO","division":"Vaishali","region":"","circle":"Bihar","source_id":"src-79f27d78734d"}},{"arcs":[[1684,1685,1686]],"type":"Polygon","properties":{"pincode":"844116","office_name":"Dumari SO Vaishali","division":"Vaishali","region":"","circle":"Bihar","source_id":"src-79f27d78734d"}},{"arcs":[[-1658,-1665,1687,1688,1689]],"type":"Polygon","properties":{"pincode":"844117","office_name":"Dharhara SO Vaishali","division":"Vaishali","region":"","circle":"Bihar","source_id":"src-79f27d78734d"}},{"arcs":[[-1668,1690,-1673,1691,-1679,1692]],"type":"Polygon","properties":{"pincode":"844118","office_name":"Goraul SO","division":"Vaishali","region":"","circle":"Bihar","source_id":"src-79f27d78734d"}},{"arcs":[[-1111,1693,-1688,-1664]],"type":"Polygon","properties":{"pincode":"844119","office_name":"Ghataro SO","division":"Vaishali","region":"","circle":"Bihar","source_id":"src-79f27d78734d"}},{"arcs":[[-1478,-1510,1694,-1666]],"type":"Polygon","properties":{"pincode":"844120","office_name":"Kurhani SO","division":"Muzaffarpur","region":"Muzaffarpur","circle":"Bihar","source_id":"src-79f27d78734d"}},{"arcs":[[-1110,-1201,-1677,1695,-1689,-1694]],"type":"Polygon","properties":{"pincode":"844121","office_name":"Lalganj Vaishali SO","division":"Vaishali","region":"","circle":"Bihar","source_id":"src-79f27d78734d"}},{"arcs":[[-1456,-1513,1696,1697,1698,-1685,1699,-1680,-1692,-1672]],"type":"Polygon","properties":{"pincode":"844122","office_name":"Mahuwa SO","division":"Vaishali","region":"","circle":"Bihar","source_id":"src-79f27d78734d"}},{"arcs":[[-1669,-1693,-1678,1700,-1696,-1676]],"type":"Polygon","properties":{"pincode":"844123","office_name":"Prataptand SO","division":"Vaishali","region":"","circle":"Bihar","source_id":"src-79f27d78734d"}},{"arcs":[[-1660,1701,-1686,1702,1703]],"type":"Polygon","properties":{"pincode":"844124","office_name":"Rajapakar SO","division":"Vaishali","region":"","circle":"Bihar","source_id":"src-79f27d78734d"}},{"arcs":[[-1659,-1690,-1701,-1681,-1700,-1687,-1702]],"type":"Polygon","properties":{"pincode":"844125","office_name":"Sarai SO","division":"Vaishali","region":"","circle":"Bihar","source_id":"src-79f27d78734d"}},{"arcs":[[-1495,1704,-1697,-1512]],"type":"Polygon","properties":{"pincode":"844126","office_name":"Singhara SO","division":"Vaishali","region":"","circle":"Bihar","source_id":"src-79f27d78734d"}},{"arcs":[[-1435,-1532,-1674,-1691,-1667,-1695,-1509]],"type":"Polygon","properties":{"pincode":"844127","office_name":"Turki SO","division":"Muzaffarpur","region":"Muzaffarpur","circle":"Bihar","source_id":"src-79f27d78734d"}},{"arcs":[[-1451,-1548,-1671,-1675]],"type":"Polygon","properties":{"pincode":"844128","office_name":"Vaishali SO","division":"Vaishali","region":"","circle":"Bihar","source_id":"src-79f27d78734d"}},{"arcs":[[1705,1706,1707,1708,1709]],"type":"Polygon","properties":{"pincode":"844501","office_name":"Basudeopur Chandel SO","division":"Vaishali","region":"","circle":"Bihar","source_id":"src-79f27d78734d"}},{"arcs":[[-1661,-1704,1710,-1682,1711]],"type":"Polygon","properties":{"pincode":"844502","office_name":"Bidupur Rs SO","division":"Vaishali","region":"","circle":"Bihar","source_id":"src-79f27d78734d"}},{"arcs":[[-1662,-1712,-1684,1712,1713]],"type":"Polygon","properties":{"pincode":"844503","office_name":"Bidupur Bazar SO","division":"Vaishali","region":"","circle":"Bihar","source_id":"src-79f27d78734d"}},{"arcs":[[-1683,-1711,-1703,-1699,1714,1715,1716,1717,1718,-1713]],"type":"Polygon","properties":{"pincode":"844504","office_name":"Desari SO","division":"Vaishali","region":"","circle":"Bihar","source_id":"src-79f27d78734d"}},{"arcs":[[-1494,1719,-1706,1720,-1715,-1698,-1705]],"type":"Polygon","properties":{"pincode":"844505","office_name":"Jhandaha SO","division":"Vaishali","region":"","circle":"Bihar","source_id":"src-79f27d78734d"}},{"arcs":[[-486,1721,-1718,1722,1723,-1709,1724,1725,1726]],"type":"Polygon","properties":{"pincode":"844506","office_name":"Mahnar SO","division":"Vaishali","region":"","circle":"Bihar","source_id":"src-79f27d78734d"}},{"arcs":[[-1710,-1724,1727,-1716,-1721]],"type":"Polygon","properties":{"pincode":"844507","office_name":"Mahnar Road Rs SO","division":"Vaishali","region":"","circle":"Bihar","source_id":"src-79f27d78734d"}},{"arcs":[[-48,-1663,-1714,-1719,-1722,-485,-478,-474,-52]],"type":"Polygon","properties":{"pincode":"844508","office_name":"Raghopur SO","division":"Vaishali","region":"","circle":"Bihar","source_id":"src-79f27d78734d"}},{"arcs":[[-1717,-1728,-1723]],"type":"Polygon","properties":{"pincode":"844509","office_name":"Sahdei Buzurg SO","division":"Vaishali","region":"","circle":"Bihar","source_id":"src-79f27d78734d"}},{"arcs":[[1728,1729,1730,1731,1732,1733,1734,1735,1736,1737,1738]],"type":"Polygon","properties":{"pincode":"845101","office_name":"Bagaha SO","division":"West Champaran","region":"Muzaffarpur","circle":"Bihar","source_id":"src-79f27d78734d"}},{"arcs":[[-1732,1739,1740,1741,1742,1743]],"type":"Polygon","properties":{"pincode":"845103","office_name":"Harinagar SO","division":"West Champaran","region":"Muzaffarpur","circle":"Bihar","source_id":"src-79f27d78734d"}},{"arcs":[[1744,-1735,1745,1746]],"type":"Polygon","properties":{"pincode":"845104","office_name":"Madhubani SO","division":"West Champaran","region":"Muzaffarpur","circle":"Bihar","source_id":"src-79f27d78734d"}},{"arcs":[[1747,1748,-1730,1749]],"type":"Polygon","properties":{"pincode":"845105","office_name":"Naraipur SO","division":"West Champaran","region":"Muzaffarpur","circle":"Bihar","source_id":"src-79f27d78734d"}},{"arcs":[[-1731,-1749,1752,1753,1754,-1740]],"type":"Polygon","properties":{"pincode":"845106","office_name":"Ramnagar SO West Champaran","division":"West Champaran","region":"Muzaffarpur","circle":"Bihar","source_id":"src-79f27d78734d"}},{"arcs":[[-1748,1766,-1757,1767,-1760,1758,1768,-1762,1769,-1764,1770,-1766,1771,-1753]],"type":"Polygon","properties":{"pincode":"845107","office_name":"Valmiki Nagar SO","division":"West Champaran","region":"Muzaffarpur","circle":"Bihar","source_id":"src-79f27d78734d"}},{"arcs":[[1772,1773,1774,1775,1776]],"type":"Polygon","properties":{"pincode":"845301","office_name":"Adapur SO","division":"East Champaran","region":"Muzaffarpur","circle":"Bihar","source_id":"src-79f27d78734d"}},{"arcs":[[-1775,1777,1778,1779,1780,1781,1782]],"type":"Polygon","properties":{"pincode":"845302","office_name":"Chauradano SO","division":"East Champaran","region":"Muzaffarpur","circle":"Bihar","source_id":"src-79f27d78734d"}},{"arcs":[[-1779,1783,1784,1785,1786]],"type":"Polygon","properties":{"pincode":"845303","office_name":"Ghora Sahan SO","division":"East Champaran","region":"Muzaffarpur","circle":"Bihar","source_id":"src-79f27d78734d"}},{"arcs":[[-1578,1787,-1785,1788]],"type":"Polygon","properties":{"pincode":"845304","office_name":"Kundwa Chainpur SO","division":"East Champaran","region":"Muzaffarpur","circle":"Bihar","source_id":"src-79f27d78734d"}},{"arcs":[[-1773,1789,1790,1791,1792]],"type":"Polygon","properties":{"pincode":"845305","office_name":"Raxaul SO","division":"East Champaran","region":"Muzaffarpur","circle":"Bihar","source_id":"src-79f27d78734d"}},{"arcs":[[1793,1794,1795,1796,1797,1798]],"type":"Polygon","properties":{"pincode":"845306","office_name":"Mainatand SO","division":"West Champaran","region":"Muzaffarpur","circle":"Bihar","source_id":"src-79f27d78734d"}},{"arcs":[[1799,1800,1801,1802,-1797,1803,-1792]],"type":"Polygon","properties":{"pincode":"845307","office_name":"Sikta SO","division":"West Champaran","region":"Muzaffarpur","circle":"Bihar","source_id":"src-79f27d78734d"}},{"arcs":[[-1780,-1787,1804,1805,1806]],"type":"Polygon","properties":{"pincode":"845315","office_name":"Bhelwa Circle SO","division":"East Champaran","region":"Muzaffarpur","circle":"Bihar","source_id":"src-79f27d78734d"}},{"arcs":[[1807]],"type":"Polygon","properties":{"pincode":"845401","office_name":"Motihari HO","division":"East Champaran","region":"Muzaffarpur","circle":"Bihar","source_id":"src-79f27d78734d"}},{"arcs":[[-1781,-1807,1808,1809,1810,1811,1812],[-1808]],"type":"Polygon","properties":{"pincode":"845402","office_name":"Motihari Court SO","division":"East Champaran","region":"Muzaffarpur","circle":"Bihar","source_id":"src-79f27d78734d"}},{"arcs":[[-1551,1813,1814,-1635]],"type":"Polygon","properties":{"pincode":"845405","office_name":"Narha Panapur S.O","division":"East Champaran","region":"Muzaffarpur","circle":"Bihar","source_id":"src-79f27d78734d"}},{"arcs":[[-1502,1815,1816,-1814,-1550]],"type":"Polygon","properties":{"pincode":"845406","office_name":"Rajepur Champaran SO","division":"East Champaran","region":"Muzaffarpur","circle":"Bihar","source_id":"src-79f27d78734d"}},{"arcs":[[1817,1818,1819,1820,1821]],"type":"Polygon","properties":{"pincode":"845411","office_name":"Areraj SO","division":"East Champaran","region":"Muzaffarpur","circle":"Bihar","source_id":"src-79f27d78734d"}},{"arcs":[[-1544,1822,1823,1824,1825,1826,1827,1828]],"type":"Polygon","properties":{"pincode":"845412","office_name":"Bara Chakia SO","division":"East Champaran","region":"Muzaffarpur","circle":"Bihar","source_id":"src-79f27d78734d"}},{"arcs":[[-1824,1829,1830,1831,1832]],"type":"Polygon","properties":{"pincode":"845413","office_name":"Bakarpur Jagat SO","division":"East Champaran","region":"Muzaffarpur","circle":"Bihar","source_id":"src-79f27d78734d"}},{"arcs":[[-1638,1833,-1826,1834,1835,1836,1837,1838,-1640,1839]],"type":"Polygon","properties":{"pincode":"845414","office_name":"Chaita SO","division":"East Champaran","region":"Muzaffarpur","circle":"Bihar","source_id":"src-79f27d78734d"}},{"arcs":[[-1806,1840,-1809]],"type":"Polygon","properties":{"pincode":"845415","office_name":"Chiraiya SO","division":"East Champaran","region":"Muzaffarpur","circle":"Bihar","source_id":"src-79f27d78734d"}},{"arcs":[[-1825,-1833,1841,1842,-1835]],"type":"Polygon","properties":{"pincode":"845416","office_name":"Damodarpur SO","division":"East Champaran","region":"Muzaffarpur","circle":"Bihar","source_id":"src-79f27d78734d"}},{"arcs":[[-1820,1843,1844,1845,1846,1847,1848]],"type":"Polygon","properties":{"pincode":"845417","office_name":"Dariapur SO East Champaran","division":"East Champaran","region":"Muzaffarpur","circle":"Bihar","source_id":"src-79f27d78734d"}},{"arcs":[[-1583,1849,1850,-1838,1851,1852,-1810,-1841,-1805,-1786,-1788]],"type":"Polygon","properties":{"pincode":"845418","office_name":"Dhaka SO","division":"East Champaran","region":"Muzaffarpur","circle":"Bihar","source_id":"src-79f27d78734d"}},{"arcs":[[-1315,1853,1854,-1821,-1849,1855,-1373]],"type":"Polygon","properties":{"pincode":"845419","office_name":"Gobindganj SO","division":"East Champaran","region":"Muzaffarpur","circle":"Bihar","source_id":"src-79f27d78734d"}},{"arcs":[[-1637,1856,-1827,-1834]],"type":"Polygon","properties":{"pincode":"845420","office_name":"Gulwara Madhuban SO","division":"East Champaran","region":"Muzaffarpur","circle":"Bihar","source_id":"src-79f27d78734d"}},{"arcs":[[-1818,1857,1858,1859,1860,1861,1862]],"type":"Polygon","properties":{"pincode":"845422","office_name":"Harsiddhi SO","division":"East Champaran","region":"Muzaffarpur","circle":"Bihar","source_id":"src-79f27d78734d"}},{"arcs":[[-1336,-1375,1863,-1847,1864,1865]],"type":"Polygon","properties":{"pincode":"845423","office_name":"Hussaini SO","division":"East Champaran","region":"Muzaffarpur","circle":"Bihar","source_id":"src-79f27d78734d"}},{"arcs":[[-1337,-1866,1866,-1542]],"type":"Polygon","properties":{"pincode":"845424","office_name":"Kesharia SO","division":"East Champaran","region":"Muzaffarpur","circle":"Bihar","source_id":"src-79f27d78734d"}},{"arcs":[[-1314,-1392,1867,1868,1869,-1854]],"type":"Polygon","properties":{"pincode":"845425","office_name":"Malahi SO","division":"East Champaran","region":"Muzaffarpur","circle":"Bihar","source_id":"src-79f27d78734d"}},{"arcs":[[-1501,-1549,-1545,-1829,1870,-1816]],"type":"Polygon","properties":{"pincode":"845426","office_name":"Mehsi SO","division":"East Champaran","region":"Muzaffarpur","circle":"Bihar","source_id":"src-79f27d78734d"}},{"arcs":[[-1582,-1652,-1642,1871,-1850]],"type":"Polygon","properties":{"pincode":"845427","office_name":"Pachpakari SO","division":"East Champaran","region":"Muzaffarpur","circle":"Bihar","source_id":"src-79f27d78734d"}},{"arcs":[[-1837,1872,-1852]],"type":"Polygon","properties":{"pincode":"845428","office_name":"Pakari Dayal SO","division":"East Champaran","region":"Muzaffarpur","circle":"Bihar","source_id":"src-79f27d78734d"}},{"arcs":[[-1811,-1853,-1873,-1836,-1843,1873,-1831,1874,-1845,1875]],"type":"Polygon","properties":{"pincode":"845429","office_name":"Pipra Factory SO","division":"East Champaran","region":"Muzaffarpur","circle":"Bihar","source_id":"src-79f27d78734d"}},{"arcs":[[-1639,-1840]],"type":"Polygon","properties":{"pincode":"845430","office_name":"Phenhara SO","division":"East Champaran","region":"Muzaffarpur","circle":"Bihar","source_id":"src-79f27d78734d"}},{"arcs":[[-1776,-1783,1876,1877,1878]],"type":"Polygon","properties":{"pincode":"845431","office_name":"Raghunathpur Bazar SO","division":"East Champaran","region":"Muzaffarpur","circle":"Bihar","source_id":"src-79f27d78734d"}},{"arcs":[[[-1543,-1867,-1865,-1846,-1875,-1830,-1823]],[[-1832,-1874,-1842]]],"type":"MultiPolygon","properties":{"pincode":"845432","office_name":"Rajpur SO East Champaran","division":"East Champaran","region":"Muzaffarpur","circle":"Bihar","source_id":"src-79f27d78734d"}},{"arcs":[[-1777,-1879,1879,1880,1881,-1790]],"type":"Polygon","properties":{"pincode":"845433","office_name":"Ramgahrwa SO","division":"East Champaran","region":"Muzaffarpur","circle":"Bihar","source_id":"src-79f27d78734d"}},{"arcs":[[-1374,-1856,-1848,-1864]],"type":"Polygon","properties":{"pincode":"845434","office_name":"Sangrampur SO East Champaran","division":"East Champaran","region":"Muzaffarpur","circle":"Bihar","source_id":"src-79f27d78734d"}},{"arcs":[[-1782,-1813,1882,-1862,1883,-1877]],"type":"Polygon","properties":{"pincode":"845435","office_name":"Semra SO East Champaran","division":"East Champaran","region":"Muzaffarpur","circle":"Bihar","source_id":"src-79f27d78734d"}},{"arcs":[[-1636,-1815,-1817,-1871,-1828,-1857]],"type":"Polygon","properties":{"pincode":"845436","office_name":"Tetaria Factory SO","division":"East Champaran","region":"Muzaffarpur","circle":"Bihar","source_id":"src-79f27d78734d"}},{"arcs":[[-1812,-1876,-1844,-1819,-1863,-1883]],"type":"Polygon","properties":{"pincode":"845437","office_name":"Turkaulia SO","division":"East Champaran","region":"Muzaffarpur","circle":"Bihar","source_id":"src-79f27d78734d"}},{"arcs":[[-1802,1884,1885,1886,1887]],"type":"Polygon","properties":{"pincode":"845438","office_name":"Bettiah HO","division":"West Champaran","region":"Muzaffarpur","circle":"Bihar","source_id":"src-79f27d78734d"}},{"arcs":[[-1747,1888,1889,-1886,1890,1891,-1868,-1391,1892]],"type":"Polygon","properties":{"pincode":"845439","office_name":"Naya Tola Bettiah S.O","division":"West Champaran","region":"Muzaffarpur","circle":"Bihar","source_id":"src-79f27d78734d"}},{"arcs":[[-1791,-1882,1893,-1800]],"type":"Polygon","properties":{"pincode":"845440","office_name":"Jaitapur Laukaria SO","division":"East Champaran","region":"Muzaffarpur","circle":"Bihar","source_id":"src-79f27d78734d"}},{"arcs":[[-1743,1894,-1798,-1803,-1888,1895,1896]],"type":"Polygon","properties":{"pincode":"845449","office_name":"Chanpatia R S SO","division":"West Champaran","region":"Muzaffarpur","circle":"Bihar","source_id":"src-79f27d78734d"}},{"arcs":[[-1887,-1890,1897,-1896]],"type":"Polygon","properties":{"pincode":"845450","office_name":"Chuhari SO","division":"West Champaran","region":"Muzaffarpur","circle":"Bihar","source_id":"src-79f27d78734d"}},{"arcs":[[-1742,1898,-1799,-1895]],"type":"Polygon","properties":{"pincode":"845451","office_name":"DKShikarpur SO","division":"West Champaran","region":"Muzaffarpur","circle":"Bihar","source_id":"src-79f27d78734d"}},{"arcs":[[-1734,1899,-1898,-1889,-1746]],"type":"Polygon","properties":{"pincode":"845452","office_name":"Jogapatti SO","division":"West Champaran","region":"Muzaffarpur","circle":"Bihar","source_id":"src-79f27d78734d"}},{"arcs":[[-1733,-1744,-1897,-1900]],"type":"Polygon","properties":{"pincode":"845453","office_name":"Lauriya SO","division":"West Champaran","region":"Muzaffarpur","circle":"Bihar","source_id":"src-79f27d78734d"}},{"arcs":[[-1801,-1894,-1881,1900,-1860,1901,-1891,-1885]],"type":"Polygon","properties":{"pincode":"845454","office_name":"Majhaulia Rs SO","division":"West Champaran","region":"Muzaffarpur","circle":"Bihar","source_id":"src-79f27d78734d"}},{"arcs":[[-1741,-1755,1902,-1794,-1899]],"type":"Polygon","properties":{"pincode":"845455","office_name":"Narkaiaganj SO","division":"West Champaran","region":"Muzaffarpur","circle":"Bihar","source_id":"src-79f27d78734d"}},{"arcs":[[-1861,-1901,-1880,-1878,-1884]],"type":"Polygon","properties":{"pincode":"845456","office_name":"Sugauli SO","division":"East Champaran","region":"Muzaffarpur","circle":"Bihar","source_id":"src-79f27d78734d"}},{"arcs":[[-1641,-1839,-1851,-1872]],"type":"Polygon","properties":{"pincode":"845457","office_name":"Patahi SO East Champaran","division":"East Champaran","region":"Muzaffarpur","circle":"Bihar","source_id":"src-79f27d78734d"}},{"arcs":[[-1822,-1855,-1870,1903,-1858]],"type":"Polygon","properties":{"pincode":"845458","office_name":"Manguraha SO","division":"East Champaran","region":"Muzaffarpur","circle":"Bihar","source_id":"src-79f27d78734d"}},{"arcs":[[-1859,-1904,-1869,-1892,-1902]],"type":"Polygon","properties":{"pincode":"845459","office_name":"Jagdishpur SO West Champaran","division":"West Champaran","region":"Muzaffarpur","circle":"Bihar","source_id":"src-79f27d78734d"}},{"arcs":[[1904,1905,1906,1907,1908,1909,1910]],"type":"Polygon","properties":{"pincode":"846001","office_name":"Laheriasarai HO","division":"Darbhanga","region":"Muzaffarpur","circle":"Bihar","source_id":"src-79f27d78734d"}},{"arcs":[[-1910,1911,1912,1913,1914]],"type":"Polygon","properties":{"pincode":"846002","office_name":"SHMC SO","division":"Darbhanga","region":"Muzaffarpur","circle":"Bihar","source_id":"src-79f27d78734d"}},{"arcs":[[[-1907,1915,1916]],[[-1911,-1915,1917,1918,1919,1920,1921,1922,1923]]],"type":"MultiPolygon","properties":{"pincode":"846003","office_name":"DMC SO","division":"Darbhanga","region":"Muzaffarpur","circle":"Bihar","source_id":"src-79f27d78734d"}},{"arcs":[[-1906,1924,1925,1926,-1916]],"type":"Polygon","properties":{"pincode":"846004","office_name":"Darbhanga HO","division":"Darbhanga","region":"Muzaffarpur","circle":"Bihar","source_id":"src-79f27d78734d"}},{"arcs":[[-1923,1929,1930,1931,1932,1933,1934,1935,-1926,1936]],"type":"Polygon","properties":{"pincode":"846005","office_name":"Postal Traning Centre SO","division":"Darbhanga","region":"Muzaffarpur","circle":"Bihar","source_id":"src-79f27d78734d"}},{"arcs":[[-1905,-1924,-1937,-1925]],"type":"Polygon","properties":{"pincode":"846006","office_name":"Subhankarpur SO","division":"Darbhanga","region":"Muzaffarpur","circle":"Bihar","source_id":"src-79f27d78734d"}},{"arcs":[[-1935,1938,1939,1940,1941]],"type":"Polygon","properties":{"pincode":"846007","office_name":"Saramohanpur SO","division":"Darbhanga","region":"Muzaffarpur","circle":"Bihar","source_id":"src-79f27d78734d"}},{"arcs":[[-1929,-1938]],"type":"Polygon","properties":{"pincode":"846008","office_name":"K D S U SO","division":"Darbhanga","region":"Muzaffarpur","circle":"Bihar","source_id":"src-79f27d78734d"}},{"arcs":[[-1908,-1917,-1927,-1936,-1942,1942,1943,1944,1945]],"type":"Polygon","properties":{"pincode":"846009","office_name":"Laxmisagar SO Darbhanga","division":"Darbhanga","region":"Muzaffarpur","circle":"Bihar","source_id":"src-79f27d78734d"}},{"arcs":[[1946,1947,1948,1949]],"type":"Polygon","properties":{"pincode":"846010","office_name":"ROHAR S.O","division":"Darbhanga","region":"Muzaffarpur","circle":"Bihar","source_id":"src-79f27d78734d"}},{"arcs":[[-1913,1950,-1945,1951,1952,1953,1954]],"type":"Polygon","properties":{"pincode":"847101","office_name":"Anandpur SO","division":"Darbhanga","region":"Muzaffarpur","circle":"Bihar","source_id":"src-79f27d78734d"}},{"arcs":[[-1607,1955,1956,1957,1958,-1609]],"type":"Polygon","properties":{"pincode":"847102","office_name":"Basaith Chandpura SO","division":"Madhubani","region":"Muzaffarpur","circle":"Bihar","source_id":"src-79f27d78734d"}},{"arcs":[[-1950,1959,1960,1961,1962,1963]],"type":"Polygon","properties":{"pincode":"847103","office_name":"Benipur SO","division":"Darbhanga","region":"Muzaffarpur","circle":"Bihar","source_id":"src-79f27d78734d"}},{"arcs":[[-1616,1964,1965,-1931,1966,1967]],"type":"Polygon","properties":{"pincode":"847104","office_name":"Bharwara SO","division":"Darbhanga","region":"Muzaffarpur","circle":"Bihar","source_id":"src-79f27d78734d"}},{"arcs":[[-1954,1968,1969,1970,1971,1972]],"type":"Polygon","properties":{"pincode":"847105","office_name":"Baheri SO Darbhanga","division":"Darbhanga","region":"Muzaffarpur","circle":"Bihar","source_id":"src-79f27d78734d"}},{"arcs":[[-1921,1973,1974,1975,1976]],"type":"Polygon","properties":{"pincode":"847106","office_name":"Kansi Simri SO","division":"Darbhanga","region":"Muzaffarpur","circle":"Bihar","source_id":"src-79f27d78734d"}},{"arcs":[[-1516,-1528,1977,-1975,1978]],"type":"Polygon","properties":{"pincode":"847107","office_name":"Keotsa Baruari SO","division":"Darbhanga","region":"Muzaffarpur","circle":"Bihar","source_id":"src-79f27d78734d"}},{"arcs":[[1979,1980,1981,1982,1983,1984,1985]],"type":"Polygon","properties":{"pincode":"847108","office_name":"Narahiya SO","division":"Madhubani","region":"Muzaffarpur","circle":"Bihar","source_id":"src-79f27d78734d"}},{"arcs":[[1986,1987,1988,1989]],"type":"Polygon","properties":{"pincode":"847109","office_name":"Tulapatganj SO","division":"Madhubani","region":"Muzaffarpur","circle":"Bihar","source_id":"src-79f27d78734d"}},{"arcs":[[-1940,1990,1991]],"type":"Polygon","properties":{"pincode":"847115","office_name":"Muria SO","division":"Darbhanga","region":"Muzaffarpur","circle":"Bihar","source_id":"src-79f27d78734d"}},{"arcs":[[-1933,1992,1993,1994,1995,1996]],"type":"Polygon","properties":{"pincode":"847121","office_name":"Keoti Ranway SO","division":"Darbhanga","region":"Muzaffarpur","circle":"Bihar","source_id":"src-79f27d78734d"}},{"arcs":[[-1994,1997,1998]],"type":"Polygon","properties":{"pincode":"847122","office_name":"Bisfi SO","division":"Darbhanga","region":"Muzaffarpur","circle":"Bihar","source_id":"src-79f27d78734d"}},{"arcs":[[-1527,-1617,-1968,-1976,-1978]],"type":"Polygon","properties":{"pincode":"847123","office_name":"Singhwara SO","division":"Darbhanga","region":"Muzaffarpur","circle":"Bihar","source_id":"src-79f27d78734d"}},{"arcs":[[-1952,1999,2000,2001,-1961,2002]],"type":"Polygon","properties":{"pincode":"847201","office_name":"Bahera SO","division":"Darbhanga","region":"Muzaffarpur","circle":"Bihar","source_id":"src-79f27d78734d"}},{"arcs":[[-1949,2003,2004,-1969,-1953,-2003,-1960]],"type":"Polygon","properties":{"pincode":"847202","office_name":"Sahoparari SO","division":"Darbhanga","region":"Muzaffarpur","circle":"Bihar","source_id":"src-79f27d78734d"}},{"arcs":[[-1948,2005,2006,2007,2008,-2004]],"type":"Polygon","properties":{"pincode":"847203","office_name":"Biraul SO","division":"Darbhanga","region":"Muzaffarpur","circle":"Bihar","source_id":"src-79f27d78734d"}},{"arcs":[[2009,2010,2011,2012]],"type":"Polygon","properties":{"pincode":"847204","office_name":"Bishnupur SO Darbhanga","division":"Darbhanga","region":"Muzaffarpur","circle":"Bihar","source_id":"src-79f27d78734d"}},{"arcs":[[2013,2014,2015,2016,2017,2018,2019,2020,2021,2022,2023,2024]],"type":"Polygon","properties":{"pincode":"847211","office_name":"Madhubani HO","division":"Madhubani","region":"Muzaffarpur","circle":"Bihar","source_id":"src-79f27d78734d"}},{"arcs":[[-2025,2026,2027,2028,2029]],"type":"Polygon","properties":{"pincode":"847212","office_name":"Bhowara SO","division":"Madhubani","region":"Muzaffarpur","circle":"Bihar","source_id":"src-79f27d78734d"}},{"arcs":[[-2019,2030]],"type":"Polygon","properties":{"pincode":"847213","office_name":"Mdb Bara Bazar SO","division":"Madhubani","region":"Muzaffarpur","circle":"Bihar","source_id":"src-79f27d78734d"}},{"arcs":[[-2017,2031,2032,-2021,2033]],"type":"Polygon","properties":{"pincode":"847214","office_name":"M G Bazar SO","division":"Madhubani","region":"Muzaffarpur","circle":"Bihar","source_id":"src-79f27d78734d"}},{"arcs":[[-2018,-2034,-2020,-2031]],"type":"Polygon","properties":{"pincode":"847215","office_name":"RKCollage SO","division":"Madhubani","region":"Muzaffarpur","circle":"Bihar","source_id":"src-79f27d78734d"}},{"arcs":[[-1957,2034,2035,2036,2037,-2022,-2033,2038,-1995,-1999,2039]],"type":"Polygon","properties":{"pincode":"847222","office_name":"Arerhat SO","division":"Madhubani","region":"Muzaffarpur","circle":"Bihar","source_id":"src-79f27d78734d"}},{"arcs":[[-2036,2040,2041,2042]],"type":"Polygon","properties":{"pincode":"847223","office_name":"Benipatti SO","division":"Madhubani","region":"Muzaffarpur","circle":"Bihar","source_id":"src-79f27d78734d"}},{"arcs":[[2043,2044,2045,2046,2047,2048,2049,2050]],"type":"Polygon","properties":{"pincode":"847224","office_name":"Baboobarhi SO","division":"Madhubani","region":"Muzaffarpur","circle":"Bihar","source_id":"src-79f27d78734d"}},{"arcs":[[2051,2052,2053,2054,2055,2056]],"type":"Polygon","properties":{"pincode":"847225","office_name":"Basopatti SO","division":"Madhubani","region":"Muzaffarpur","circle":"Bihar","source_id":"src-79f27d78734d"}},{"arcs":[[[-2055,2057,2058,2059,2060]],[[2063,2064]]],"type":"MultiPolygon","properties":{"pincode":"847226","office_name":"Jaynagar SO","division":"Madhubani","region":"Muzaffarpur","circle":"Bihar","source_id":"src-79f27d78734d"}},{"arcs":[[-1986,2068,2069,-2045,2070,2071]],"type":"Polygon","properties":{"pincode":"847227","office_name":"Khutauna SO","division":"Madhubani","region":"Muzaffarpur","circle":"Bihar","source_id":"src-79f27d78734d"}},{"arcs":[[-2051,2072,2073,-2060,2074]],"type":"Polygon","properties":{"pincode":"847228","office_name":"Khajauli SO","division":"Madhubani","region":"Muzaffarpur","circle":"Bihar","source_id":"src-79f27d78734d"}},{"arcs":[[-2037,-2043,2075,-2056,-2061,-2074,2076]],"type":"Polygon","properties":{"pincode":"847229","office_name":"Kaluahi SO","division":"Madhubani","region":"Muzaffarpur","circle":"Bihar","source_id":"src-79f27d78734d"}},{"arcs":[[-2042,2077,-2057,-2076]],"type":"Polygon","properties":{"pincode":"847230","office_name":"Khirhar SO","division":"Madhubani","region":"Muzaffarpur","circle":"Bihar","source_id":"src-79f27d78734d"}},{"arcs":[[2078,2079,2080,2081]],"type":"Polygon","properties":{"pincode":"847231","office_name":"Lohat SO","division":"Madhubani","region":"Muzaffarpur","circle":"Bihar","source_id":"src-79f27d78734d"}},{"arcs":[[-2044,-2075,-2059,2082,-2063,2083,-2065,2084,-2068,2066,2085,2086,-2071]],"type":"Polygon","properties":{"pincode":"847232","office_name":"Ladania SO","division":"Madhubani","region":"Muzaffarpur","circle":"Bihar","source_id":"src-79f27d78734d"}},{"arcs":[[-1944,2089,2090,-2000]],"type":"Polygon","properties":{"pincode":"847233","office_name":"Nehra SO","division":"Darbhanga","region":"Muzaffarpur","circle":"Bihar","source_id":"src-79f27d78734d"}},{"arcs":[[-2028,2091,-2082,2092,2093,2094]],"type":"Polygon","properties":{"pincode":"847234","office_name":"Pandaul SO","division":"Madhubani","region":"Muzaffarpur","circle":"Bihar","source_id":"src-79f27d78734d"}},{"arcs":[[-2023,-2038,-2077,-2073,-2050,2095]],"type":"Polygon","properties":{"pincode":"847235","office_name":"Rajnagar SO Madhubani","division":"Madhubani","region":"Muzaffarpur","circle":"Bihar","source_id":"src-79f27d78734d"}},{"arcs":[[-2024,-2096,-2049,2096,-2079,-2092,-2027]],"type":"Polygon","properties":{"pincode":"847236","office_name":"Rampatti SO","division":"Madhubani","region":"Muzaffarpur","circle":"Bihar","source_id":"src-79f27d78734d"}},{"arcs":[[-1996,-2039,-2032,-2016,-2026,-2014,-2030,2097]],"type":"Polygon","properties":{"pincode":"847238","office_name":"Rahika SO","division":"Madhubani","region":"Muzaffarpur","circle":"Bihar","source_id":"src-79f27d78734d"}},{"arcs":[[-1941,-1992,2098,-2094,2099,2100,-2090,-1943]],"type":"Polygon","properties":{"pincode":"847239","office_name":"Sakri Madhubani SO","division":"Madhubani","region":"Muzaffarpur","circle":"Bihar","source_id":"src-79f27d78734d"}},{"arcs":[[-2053,2101,2102]],"type":"Polygon","properties":{"pincode":"847240","office_name":"Umgaon kothi SO","division":"Madhubani","region":"Muzaffarpur","circle":"Bihar","source_id":"src-79f27d78734d"}},{"arcs":[[-1914,-1955,-1973,2103,2104,2105,2106,2107,-1918]],"type":"Polygon","properties":{"pincode":"847301","office_name":"Hayaghat Bilashpur SO","division":"Darbhanga","region":"Muzaffarpur","circle":"Bihar","source_id":"src-79f27d78734d"}},{"arcs":[[-1602,-1650,-1611,2108,2109,2110,-1653]],"type":"Polygon","properties":{"pincode":"847302","office_name":"Jalley SO","division":"Darbhanga","region":"Muzaffarpur","circle":"Bihar","source_id":"src-79f27d78734d"}},{"arcs":[[-1610,-1959,2111,-2109]],"type":"Polygon","properties":{"pincode":"847303","office_name":"Jogiara SO","division":"Darbhanga","region":"Muzaffarpur","circle":"Bihar","source_id":"src-79f27d78734d"}},{"arcs":[[-1958,-2040,-1998,2112,2113,-2110,-2112]],"type":"Polygon","properties":{"pincode":"847304","office_name":"Kamtaul SO","division":"Darbhanga","region":"Muzaffarpur","circle":"Bihar","source_id":"src-79f27d78734d"}},{"arcs":[[-1605,-1648,2114,2115]],"type":"Polygon","properties":{"pincode":"847305","office_name":"Madhwapur SO","division":"Madhubani","region":"Muzaffarpur","circle":"Bihar","source_id":"src-79f27d78734d"}},{"arcs":[[-1932,-1966,2116,-2113,-1993]],"type":"Polygon","properties":{"pincode":"847306","office_name":"Pindaruch SO","division":"Darbhanga","region":"Muzaffarpur","circle":"Bihar","source_id":"src-79f27d78734d"}},{"arcs":[[-1615,-1654,-2111,-2114,-2117,-1965]],"type":"Polygon","properties":{"pincode":"847307","office_name":"Ratanpur SO Darbhanga","division":"Darbhanga","region":"Muzaffarpur","circle":"Bihar","source_id":"src-79f27d78734d"}},{"arcs":[[-1606,-2116,2117,2118,-2102,-2052,-2078,-2041,-2035,-1956]],"type":"Polygon","properties":{"pincode":"847308","office_name":"Sahar SO Madhubani","division":"Madhubani","region":"Muzaffarpur","circle":"Bihar","source_id":"src-79f27d78734d"}},{"arcs":[[-1934,-1997,-2098,-2029,-2095,-2099,-1991,-1939]],"type":"Polygon","properties":{"pincode":"847337","office_name":"Ryam Factory SO","division":"Darbhanga","region":"Muzaffarpur","circle":"Bihar","source_id":"src-79f27d78734d"}},{"arcs":[[-2047,2119,2120,2121]],"type":"Polygon","properties":{"pincode":"847401","office_name":"Andhra SO","division":"Madhubani","region":"Muzaffarpur","circle":"Bihar","source_id":"src-79f27d78734d"}},{"arcs":[[-1989,2122,2123,2124,2125,2126,2127]],"type":"Polygon","properties":{"pincode":"847402","office_name":"Ghoghardiha SO","division":"Madhubani","region":"Muzaffarpur","circle":"Bihar","source_id":"src-79f27d78734d"}},{"arcs":[[-2013,2128,2129,2130,2131,2132]],"type":"Polygon","properties":{"pincode":"847403","office_name":"Jhanjharpur RS SO","division":"Madhubani","region":"Muzaffarpur","circle":"Bihar","source_id":"src-79f27d78734d"}},{"arcs":[[-2048,-2122,2133,2134,-2130,2135,-2080,-2097]],"type":"Polygon","properties":{"pincode":"847404","office_name":"Jhanjharpur SO","division":"Madhubani","region":"Muzaffarpur","circle":"Bihar","source_id":"src-79f27d78734d"}},{"arcs":[[-1963,2136,-2010,-2133,2137,2138]],"type":"Polygon","properties":{"pincode":"847405","office_name":"Kurso Nadiami SO","division":"Darbhanga","region":"Muzaffarpur","circle":"Bihar","source_id":"src-79f27d78734d"}},{"arcs":[[-2012,2139,2140,2141,-2136,-2129]],"type":"Polygon","properties":{"pincode":"847407","office_name":"Lohna Road SO","division":"Darbhanga","region":"Muzaffarpur","circle":"Bihar","source_id":"src-79f27d78734d"}},{"arcs":[[-2127,2142,2143,2144,2145,2146,-2138,-2132,2147]],"type":"Polygon","properties":{"pincode":"847408","office_name":"Madhepur SO","division":"Madhubani","region":"Muzaffarpur","circle":"Bihar","source_id":"src-79f27d78734d"}},{"arcs":[[-1985,-2124,2148,-2069]],"type":"Polygon","properties":{"pincode":"847409","office_name":"Phulparas SO","division":"Madhubani","region":"Muzaffarpur","circle":"Bihar","source_id":"src-79f27d78734d"}},{"arcs":[[-1990,-2128,-2148,-2131,-2135,2149]],"type":"Polygon","properties":{"pincode":"847410","office_name":"Tamuria SO","division":"Madhubani","region":"Muzaffarpur","circle":"Bihar","source_id":"src-79f27d78734d"}},{"arcs":[[-1987,-2150,-2134,-2121]],"type":"Polygon","properties":{"pincode":"847411","office_name":"Rudrapur SO Madhubani","division":"Madhubani","region":"Muzaffarpur","circle":"Bihar","source_id":"src-79f27d78734d"}},{"arcs":[[-1988,-2120,-2046,-2070,-2149,-2123]],"type":"Polygon","properties":{"pincode":"847412","office_name":"Madna S.O","division":"Madhubani","region":"Muzaffarpur","circle":"Bihar","source_id":"src-79f27d78734d"}},{"arcs":[[-1980,-2072,-2087,2150,-2088,2151]],"type":"Polygon","properties":{"pincode":"847421","office_name":"Laukaha SO","division":"Madhubani","region":"Muzaffarpur","circle":"Bihar","source_id":"src-79f27d78734d"}},{"arcs":[[-2001,-2091,-2101,2152,-2141,2153]],"type":"Polygon","properties":{"pincode":"847422","office_name":"Manigachi SO","division":"Darbhanga","region":"Muzaffarpur","circle":"Bihar","source_id":"src-79f27d78734d"}},{"arcs":[[-1962,-2002,-2154,-2140,-2011,-2137]],"type":"Polygon","properties":{"pincode":"847423","office_name":"Putai SO","division":"Darbhanga","region":"Muzaffarpur","circle":"Bihar","source_id":"src-79f27d78734d"}},{"arcs":[[-2081,-2142,-2153,-2100,-2093]],"type":"Polygon","properties":{"pincode":"847424","office_name":"Sarisavpahi SO","division":"Madhubani","region":"Muzaffarpur","circle":"Bihar","source_id":"src-79f27d78734d"}},{"arcs":[[-1947,-1964,-2139,-2147,2154,2155,-2006]],"type":"Polygon","properties":{"pincode":"847427","office_name":"Ghanshyampur SO Darbhanga","division":"Darbhanga","region":"Muzaffarpur","circle":"Bihar","source_id":"src-79f27d78734d"}},{"arcs":[[-1922,-1977,-1967,-1930]],"type":"Polygon","properties":{"pincode":"847428","office_name":"Bharathi SO","division":"Darbhanga","region":"Muzaffarpur","circle":"Bihar","source_id":"src-79f27d78734d"}},{"arcs":[[-1909,-1946,-1951,-1912]],"type":"Polygon","properties":{"pincode":"847429","office_name":"Kusothar SO","division":"Darbhanga","region":"Muzaffarpur","circle":"Bihar","source_id":"src-79f27d78734d"}},{"arcs":[[-1982,2156,2157,2158,2159]],"type":"Polygon","properties":{"pincode":"847451","office_name":"KUNAUALI BAZAR SO","division":"Saharsa","region":"East , Bhagalpur","circle":"Bihar","source_id":"src-79f27d78734d"}},{"arcs":[[-1984,2160,2161,2162,2163,-2125]],"type":"Polygon","properties":{"pincode":"847452","office_name":"Nirmali SO","division":"Saharsa","region":"East , Bhagalpur","circle":"Bihar","source_id":"src-79f27d78734d"}},{"arcs":[[2164,2165,2166,2167]],"type":"Polygon","properties":{"pincode":"848101","office_name":"Samastipur HO","division":"Samastipur","region":"Muzaffarpur","circle":"Bihar","source_id":"src-79f27d78734d"}},{"arcs":[[-2166,2168,2169,2170,2171,2172,2173]],"type":"Polygon","properties":{"pincode":"848102","office_name":"Nauraga SO","division":"Samastipur","region":"Muzaffarpur","circle":"Bihar","source_id":"src-79f27d78734d"}},{"arcs":[[-2168,2174,2175,2176,2177,2178,2179]],"type":"Polygon","properties":{"pincode":"848103","office_name":"Musrigharari S.O.","division":"Samastipur","region":"Muzaffarpur","circle":"Bihar","source_id":"src-79f27d78734d"}},{"arcs":[[[-2165,-2180,2180,2181,-2169]],[[-2173,2182,2183,2184]]],"type":"MultiPolygon","properties":{"pincode":"848104","office_name":"Kashipur Samastipur SO","division":"Samastipur","region":"Muzaffarpur","circle":"Bihar","source_id":"src-79f27d78734d"}},{"arcs":[[-2170,-2182,2185,2186,2187,2188]],"type":"Polygon","properties":{"pincode":"848113","office_name":"Birouli Rural Institute SO","division":"Samastipur","region":"Muzaffarpur","circle":"Bihar","source_id":"src-79f27d78734d"}},{"arcs":[[2189,2190,2191,2192,2193,2194,2195,2196]],"type":"Polygon","properties":{"pincode":"848114","office_name":"Dalsinghsarai SO","division":"Samastipur","region":"Muzaffarpur","circle":"Bihar","source_id":"src-79f27d78734d"}},{"arcs":[[-1466,-2187,2197,2198]],"type":"Polygon","properties":{"pincode":"848115","office_name":"Dighra SO","division":"Samastipur","region":"Muzaffarpur","circle":"Bihar","source_id":"src-79f27d78734d"}},{"arcs":[[-1972,2199,2200,2201,2202,-2184,2203,2204,-2104]],"type":"Polygon","properties":{"pincode":"848117","office_name":"Ilmasnagar SO","division":"Samastipur","region":"Muzaffarpur","circle":"Bihar","source_id":"src-79f27d78734d"}},{"arcs":[[-1469,2205,2206,-2178,2207,2208]],"type":"Polygon","properties":{"pincode":"848121","office_name":"Morwa SO","division":"Samastipur","region":"Muzaffarpur","circle":"Bihar","source_id":"src-79f27d78734d"}},{"arcs":[[-1470,-2209,2209,2210,-1492]],"type":"Polygon","properties":{"pincode":"848122","office_name":"Madhopur Dighrua SO","division":"Samastipur","region":"Muzaffarpur","circle":"Bihar","source_id":"src-79f27d78734d"}},{"arcs":[[-1465,-1536,-1517,-1979,-1974,-1920,2211,-2188]],"type":"Polygon","properties":{"pincode":"848125","office_name":"Pusa SO","division":"Samastipur","region":"Muzaffarpur","circle":"Bihar","source_id":"src-79f27d78734d"}},{"arcs":[[-2177,2212,-2191,2213,-2210,-2208]],"type":"Polygon","properties":{"pincode":"848127","office_name":"Sarairanjan SO","division":"Samastipur","region":"Muzaffarpur","circle":"Bihar","source_id":"src-79f27d78734d"}},{"arcs":[[-2179,-2207,2214,2215,-2198,-2186,-2181]],"type":"Polygon","properties":{"pincode":"848129","office_name":"Shambhupatti SO","division":"Samastipur","region":"Muzaffarpur","circle":"Bihar","source_id":"src-79f27d78734d"}},{"arcs":[[-1468,2216,-2215,-2206]],"type":"Polygon","properties":{"pincode":"848130","office_name":"Tajpur SO Samastipur","division":"Samastipur","region":"Muzaffarpur","circle":"Bihar","source_id":"src-79f27d78734d"}},{"arcs":[[-1467,-2199,-2216,-2217]],"type":"Polygon","properties":{"pincode":"848131","office_name":"Waini SO","division":"Samastipur","region":"Muzaffarpur","circle":"Bihar","source_id":"src-79f27d78734d"}},{"arcs":[[-2176,2217,2218,2219,-2192,-2213]],"type":"Polygon","properties":{"pincode":"848132","office_name":"Ujiarpur SO","division":"Samastipur","region":"Muzaffarpur","circle":"Bihar","source_id":"src-79f27d78734d"}},{"arcs":[[-2105,-2205,2220,2221,-2107,2222]],"type":"Polygon","properties":{"pincode":"848133","office_name":"Warish Nagar SO","division":"Samastipur","region":"Muzaffarpur","circle":"Bihar","source_id":"src-79f27d78734d"}},{"arcs":[[-2167,-2174,-2185,-2203,2223,-2218,-2175]],"type":"Polygon","properties":{"pincode":"848134","office_name":"Jitwarpur SO","division":"Samastipur","region":"Muzaffarpur","circle":"Bihar","source_id":"src-79f27d78734d"}},{"arcs":[[-2193,-2220,2224,2225]],"type":"Polygon","properties":{"pincode":"848160","office_name":"Kalyanpur SO Samastipur","division":"Samastipur","region":"Muzaffarpur","circle":"Bihar","source_id":"src-79f27d78734d"}},{"arcs":[[2226,2227,2228,2229,2230,2231,2232]],"type":"Polygon","properties":{"pincode":"848201","office_name":"BBazar SO","division":"Begusarai","region":"East , Bhagalpur","circle":"Bihar","source_id":"src-79f27d78734d"}},{"arcs":[[2235,2236,2237,2238,2239,2240]],"type":"Polygon","properties":{"pincode":"848202","office_name":"Meghaul SO","division":"Begusarai","region":"East , Bhagalpur","circle":"Bihar","source_id":"src-79f27d78734d"}},{"arcs":[[-2227,2241,2242,2243,2244,2245]],"type":"Polygon","properties":{"pincode":"848203","office_name":"Sakarpura SO","division":"Begusarai","region":"East , Bhagalpur","circle":"Bihar","source_id":"src-79f27d78734d"}},{"arcs":[[-2233,2246,2247,-2237,2248,2249,2250,-2242]],"type":"Polygon","properties":{"pincode":"848204","office_name":"Garhpura SO","division":"Begusarai","region":"East , Bhagalpur","circle":"Bihar","source_id":"src-79f27d78734d"}},{"arcs":[[-2243,-2251,2251,2252]],"type":"Polygon","properties":{"pincode":"848205","office_name":"Hassanpur S Mill SO","division":"Samastipur","region":"Muzaffarpur","circle":"Bihar","source_id":"src-79f27d78734d"}},{"arcs":[[-2250,2253,2254,2255,2256,-2252]],"type":"Polygon","properties":{"pincode":"848206","office_name":"Kundal SO Samastipur","division":"Samastipur","region":"Muzaffarpur","circle":"Bihar","source_id":"src-79f27d78734d"}},{"arcs":[[-2244,-2253,-2257,2257,2258]],"type":"Polygon","properties":{"pincode":"848207","office_name":"Bithan SO","division":"Samastipur","region":"Muzaffarpur","circle":"Bihar","source_id":"src-79f27d78734d"}},{"arcs":[[-2236,2259,2260,2261,-2254,-2249]],"type":"Polygon","properties":{"pincode":"848208","office_name":"Mangalgarh SO","division":"Samastipur","region":"Muzaffarpur","circle":"Bihar","source_id":"src-79f27d78734d"}},{"arcs":[[-1970,-2005,-2009,2262,-2255,-2262,2263]],"type":"Polygon","properties":{"pincode":"848209","office_name":"Singhia SO","division":"Samastipur","region":"Muzaffarpur","circle":"Bihar","source_id":"src-79f27d78734d"}},{"arcs":[[-2201,2264,-2260,-2241,2265,2266]],"type":"Polygon","properties":{"pincode":"848210","office_name":"Rosera SO","division":"Samastipur","region":"Muzaffarpur","circle":"Bihar","source_id":"src-79f27d78734d"}},{"arcs":[[-2194,-2226,2267,-2266,-2240,2268,-2234,2269]],"type":"Polygon","properties":{"pincode":"848211","office_name":"Narhan SO","division":"Samastipur","region":"Muzaffarpur","circle":"Bihar","source_id":"src-79f27d78734d"}},{"arcs":[[-2008,2270,2271,-2258,-2256,-2263]],"type":"Polygon","properties":{"pincode":"848213","office_name":"Kuseshwar Asthan SO","division":"Samastipur","region":"Muzaffarpur","circle":"Bihar","source_id":"src-79f27d78734d"}},{"arcs":[[-1971,-2264,-2261,-2265,-2200]],"type":"Polygon","properties":{"pincode":"848216","office_name":"Bihrha SO","division":"Samastipur","region":"Muzaffarpur","circle":"Bihar","source_id":"src-79f27d78734d"}},{"arcs":[[-2202,-2267,-2268,-2225,-2219,-2224]],"type":"Polygon","properties":{"pincode":"848236","office_name":"Singhia Ghat SO","division":"Samastipur","region":"Muzaffarpur","circle":"Bihar","source_id":"src-79f27d78734d"}},{"arcs":[[-2172,2272,-2221,-2204,-2183]],"type":"Polygon","properties":{"pincode":"848301","office_name":"Kishanpur SO Samastipur","division":"Samastipur","region":"Muzaffarpur","circle":"Bihar","source_id":"src-79f27d78734d"}},{"arcs":[[-1919,-2108,-2222,-2273,-2171,-2189,-2212]],"type":"Polygon","properties":{"pincode":"848302","office_name":"Kalyanpur Chowk SO","division":"Samastipur","region":"Muzaffarpur","circle":"Bihar","source_id":"src-79f27d78734d"}},{"arcs":[[-483,-487,-1727,2273,2274,2275,2276,2277,-488]],"type":"Polygon","properties":{"pincode":"848501","office_name":"Mohiuddin Nagar SO","division":"Samastipur","region":"Muzaffarpur","circle":"Bihar","source_id":"src-79f27d78734d"}},{"arcs":[[-2197,2278,-2276,2279,2280]],"type":"Polygon","properties":{"pincode":"848502","office_name":"Mohiuddin Nagar RS SO","division":"Samastipur","region":"Muzaffarpur","circle":"Bihar","source_id":"src-79f27d78734d"}},{"arcs":[[-2196,2281,2282,2283,-2277,-2279]],"type":"Polygon","properties":{"pincode":"848503","office_name":"Vidhyapati Nagar SO","division":"Samastipur","region":"Muzaffarpur","circle":"Bihar","source_id":"src-79f27d78734d"}},{"arcs":[[-1708,2284,-2280,-2275,2285,-1725]],"type":"Polygon","properties":{"pincode":"848504","office_name":"Patory SO","division":"Samastipur","region":"Muzaffarpur","circle":"Bihar","source_id":"src-79f27d78734d"}},{"arcs":[[-1493,-2211,-2214,-2190,-2281,-2285,-1707,-1720]],"type":"Polygon","properties":{"pincode":"848505","office_name":"P Pur Halai","division":"Samastipur","region":"Muzaffarpur","circle":"Bihar","source_id":"src-79f27d78734d"}},{"arcs":[[-1726,-2286,-2274]],"type":"Polygon","properties":{"pincode":"848506","office_name":"Baghra SO Samastipur","division":"Samastipur","region":"Muzaffarpur","circle":"Bihar","source_id":"src-79f27d78734d"}},{"arcs":[[2286,2287,2288]],"type":"Polygon","properties":{"pincode":"851101","office_name":"Begusarai HO","division":"Begusarai","region":"East , Bhagalpur","circle":"Bihar","source_id":"src-79f27d78734d"}},{"arcs":[[2289,2290,2291,2292,2293]],"type":"Polygon","properties":{"pincode":"851110","office_name":"Khamhar PO","division":"Begusarai","region":"East , Bhagalpur","circle":"Bihar","source_id":"src-79f27d78734d"}},{"arcs":[[-504,2294,-2283,2295,2296,2297]],"type":"Polygon","properties":{"pincode":"851111","office_name":"Bachhawara SO","division":"Begusarai","region":"East , Bhagalpur","circle":"Bihar","source_id":"src-79f27d78734d"}},{"arcs":[[2298,2299,2300,2301,2302,2303,2304,2305,2306,2307,2308]],"type":"Polygon","properties":{"pincode":"851112","office_name":"Barauni SO","division":"Begusarai","region":"East , Bhagalpur","circle":"Bihar","source_id":"src-79f27d78734d"}},{"arcs":[[-511,2309,-2308,2310]],"type":"Polygon","properties":{"pincode":"851113","office_name":"BDeorhi SO","division":"Begusarai","region":"East , Bhagalpur","circle":"Bihar","source_id":"src-79f27d78734d"}},{"arcs":[[-2302,2311,2312]],"type":"Polygon","properties":{"pincode":"851114","office_name":"Barauni Oil Refinery SO","division":"Begusarai","region":"East , Bhagalpur","circle":"Bihar","source_id":"src-79f27d78734d"}},{"arcs":[[-2304,2313,2314,2315,2316]],"type":"Polygon","properties":{"pincode":"851115","office_name":"Barauni Urvark Nagar SO","division":"Begusarai","region":"East , Bhagalpur","circle":"Bihar","source_id":"src-79f27d78734d"}},{"arcs":[[-2316,2317,2318,2319,2320]],"type":"Polygon","properties":{"pincode":"851116","office_name":"BTPP SO","division":"Begusarai","region":"East , Bhagalpur","circle":"Bihar","source_id":"src-79f27d78734d"}},{"arcs":[[-2289,2321,2322,2323]],"type":"Polygon","properties":{"pincode":"851117","office_name":"Refinery Township SO","division":"Begusarai","region":"East , Bhagalpur","circle":"Bihar","source_id":"src-79f27d78734d"}},{"arcs":[[-512,-2311,-2307,2324]],"type":"Polygon","properties":{"pincode":"851118","office_name":"Baro SO","division":"Begusarai","region":"East , Bhagalpur","circle":"Bihar","source_id":"src-79f27d78734d"}},{"arcs":[[-2239,2325,2326,-2299,2327,-2297,2328,-2269]],"type":"Polygon","properties":{"pincode":"851120","office_name":"Bhagwanpur SO","division":"Begusarai","region":"East , Bhagalpur","circle":"Bihar","source_id":"src-79f27d78734d"}},{"arcs":[[-489,-2278,-2284,-2295,-503]],"type":"Polygon","properties":{"pincode":"851121","office_name":"Barkhunt S.O","division":"Begusarai","region":"East , Bhagalpur","circle":"Bihar","source_id":"src-79f27d78734d"}},{"arcs":[[-508,-518,-2325,-2306,2329,-2320,2330,-741]],"type":"Polygon","properties":{"pincode":"851126","office_name":"Garhara SO","division":"Begusarai","region":"East , Bhagalpur","circle":"Bihar","source_id":"src-79f27d78734d"}},{"arcs":[[-2232,2331,-2290,-2300,-2327,2332,-2247]],"type":"Polygon","properties":{"pincode":"851127","office_name":"Manjhaul SO","division":"Begusarai","region":"East , Bhagalpur","circle":"Bihar","source_id":"src-79f27d78734d"}},{"arcs":[[-2195,-2270,-2235,-2329,-2296,-2282]],"type":"Polygon","properties":{"pincode":"851128","office_name":"Mansurchak SO","division":"Begusarai","region":"East , Bhagalpur","circle":"Bihar","source_id":"src-79f27d78734d"}},{"arcs":[[-696,-742,-2331,-2319,2333,-2322,-2288,2334,2335,2336,2337]],"type":"Polygon","properties":{"pincode":"851129","office_name":"Mirzapur Banduar SO","division":"Begusarai","region":"East , Bhagalpur","circle":"Bihar","source_id":"src-79f27d78734d"}},{"arcs":[[-2231,2338,-2337,2339,-2291,-2332]],"type":"Polygon","properties":{"pincode":"851130","office_name":"Naokothi SO","division":"Begusarai","region":"East , Bhagalpur","circle":"Bihar","source_id":"src-79f27d78734d"}},{"arcs":[[-2292,-2340,-2336,2340]],"type":"Polygon","properties":{"pincode":"851131","office_name":"Rajaura SO","division":"Begusarai","region":"East , Bhagalpur","circle":"Bihar","source_id":"src-79f27d78734d"}},{"arcs":[[-2238,-2248,-2333,-2326]],"type":"Polygon","properties":{"pincode":"851132","office_name":"Sripur SO","division":"Begusarai","region":"East , Bhagalpur","circle":"Bihar","source_id":"src-79f27d78734d"}},{"arcs":[[-505,-2298,-2328,-2309,-2310]],"type":"Polygon","properties":{"pincode":"851133","office_name":"Teghra SO","division":"Begusarai","region":"East , Bhagalpur","circle":"Bihar","source_id":"src-79f27d78734d"}},{"arcs":[[-2294,2341,-2323,-2334,-2318,-2315,2342,-2312,-2301]],"type":"Polygon","properties":{"pincode":"851134","office_name":"Ullao SO","division":"Begusarai","region":"East , Bhagalpur","circle":"Bihar","source_id":"src-79f27d78734d"}},{"arcs":[[-2305,-2317,-2321,-2330]],"type":"Polygon","properties":{"pincode":"851135","office_name":"Bihat SO","division":"Begusarai","region":"East , Bhagalpur","circle":"Bihar","source_id":"src-79f27d78734d"}},{"arcs":[[2343,2344,2345,2346]],"type":"Polygon","properties":{"pincode":"851201","office_name":"Chautham SO","division":"Begusarai","region":"East , Bhagalpur","circle":"Bihar","source_id":"src-79f27d78734d"}},{"arcs":[[-718,2347,2348]],"type":"Polygon","properties":{"pincode":"851202","office_name":"Gogri SO","division":"Begusarai","region":"East , Bhagalpur","circle":"Bihar","source_id":"src-79f27d78734d"}},{"arcs":[[-719,-2349,2349,2350,2351,-724]],"type":"Polygon","properties":{"pincode":"851203","office_name":"Jamalpur Gogri SO","division":"Begusarai","region":"East , Bhagalpur","circle":"Bihar","source_id":"src-79f27d78734d"}},{"arcs":[[-715,2352,2353,-2229,2354,2355,2356]],"type":"Polygon","properties":{"pincode":"851204","office_name":"Khagaria Mukhya Dakghar SO","division":"Begusarai","region":"East , Bhagalpur","circle":"Bihar","source_id":"src-79f27d78734d"}},{"arcs":[[-2356,2357,2358,2359,2360]],"type":"Polygon","properties":{"pincode":"851205","office_name":"Koshi College SO","division":"Begusarai","region":"East , Bhagalpur","circle":"Bihar","source_id":"src-79f27d78734d"}},{"arcs":[[-2228,-2246,2361,-2358,-2355]],"type":"Polygon","properties":{"pincode":"851206","office_name":"Alauli S.O","division":"Begusarai","region":"East , Bhagalpur","circle":"Bihar","source_id":"src-79f27d78734d"}},{"arcs":[[-2303,-2313,-2343,-2314]],"type":"Polygon","properties":{"pincode":"851210","office_name":"Mahna SO","division":"Begusarai","region":"East , Bhagalpur","circle":"Bihar","source_id":"src-79f27d78734d"}},{"arcs":[[-697,-2338,-2339,-2230,-2354,2362,-713]],"type":"Polygon","properties":{"pincode":"851211","office_name":"Lakhminia SO","division":"Begusarai","region":"East , Bhagalpur","circle":"Bihar","source_id":"src-79f27d78734d"}},{"arcs":[[-2345,2363,2364,2365,2366,2367,2368,-2351,2369]],"type":"Polygon","properties":{"pincode":"851212","office_name":"Mohaddipur SO Khagaria","division":"Begusarai","region":"East , Bhagalpur","circle":"Bihar","source_id":"src-79f27d78734d"}},{"arcs":[[-717,2370,-2346,-2370,-2350,-2348]],"type":"Polygon","properties":{"pincode":"851213","office_name":"Maheshkhunt SO","division":"Begusarai","region":"East , Bhagalpur","circle":"Bihar","source_id":"src-79f27d78734d"}},{"arcs":[[-716,-2357,-2361,2371,2372,2373,-2347,-2371]],"type":"Polygon","properties":{"pincode":"851214","office_name":"Mansi SO","division":"Begusarai","region":"East , Bhagalpur","circle":"Bihar","source_id":"src-79f27d78734d"}},{"arcs":[[-725,-2352,-2369,2374]],"type":"Polygon","properties":{"pincode":"851215","office_name":"Naya Gaon SO Begusarai","division":"Begusarai","region":"East , Bhagalpur","circle":"Bihar","source_id":"src-79f27d78734d"}},{"arcs":[[-726,-2375,-2368,2375,-872]],"type":"Polygon","properties":{"pincode":"851216","office_name":"Parbatta SO","division":"Begusarai","region":"East , Bhagalpur","circle":"Bihar","source_id":"src-79f27d78734d"}},{"arcs":[[-714,-2363,-2353]],"type":"Polygon","properties":{"pincode":"851217","office_name":"Sahebpur Kamal SO","division":"Begusarai","region":"East , Bhagalpur","circle":"Bihar","source_id":"src-79f27d78734d"}},{"arcs":[[-2287,-2324,-2342,-2293,-2341,-2335]],"type":"Polygon","properties":{"pincode":"851218","office_name":"Suhird Nagar SO","division":"Begusarai","region":"East , Bhagalpur","circle":"Bihar","source_id":"src-79f27d78734d"}},{"arcs":[[2376,2377,2378,2379,2380,2381,2382]],"type":"Polygon","properties":{"pincode":"852101","office_name":"Behariganj SO","division":"Saharsa","region":"East , Bhagalpur","circle":"Bihar","source_id":"src-79f27d78734d"}},{"arcs":[[-1983,-2160,2383,2384,2385,2386,-2161]],"type":"Polygon","properties":{"pincode":"852105","office_name":"Bhaptiyahi Bazar SO","division":"Saharsa","region":"East , Bhagalpur","circle":"Bihar","source_id":"src-79f27d78734d"}},{"arcs":[[-2245,-2259,-2272,2387,2388,2389,2390,2391,-2359,-2362]],"type":"Polygon","properties":{"pincode":"852106","office_name":"Chapraon SO","division":"Saharsa","region":"East , Bhagalpur","circle":"Bihar","source_id":"src-79f27d78734d"}},{"arcs":[[2392,2393,2394,2395,2396,2397]],"type":"Polygon","properties":{"pincode":"852107","office_name":"Dhabauli SO","division":"Saharsa","region":"East , Bhagalpur","circle":"Bihar","source_id":"src-79f27d78734d"}},{"arcs":[[2398,2399,2400,2401]],"type":"Polygon","properties":{"pincode":"852108","office_name":"Gamaharia SO","division":"Saharsa","region":"East , Bhagalpur","circle":"Bihar","source_id":"src-79f27d78734d"}},{"arcs":[[-2386,2402,2403,2404,2405]],"type":"Polygon","properties":{"pincode":"852109","office_name":"Ganpatganj SO Supaul","division":"Saharsa","region":"East , Bhagalpur","circle":"Bihar","source_id":"src-79f27d78734d"}},{"arcs":[[-2402,2406,2407,2408]],"type":"Polygon","properties":{"pincode":"852110","office_name":"Garh Baruari SO","division":"Saharsa","region":"East , Bhagalpur","circle":"Bihar","source_id":"src-79f27d78734d"}},{"arcs":[[-2385,2409,2410,-2403]],"type":"Polygon","properties":{"pincode":"852111","office_name":"Jia Ram Raghopur SO","division":"Saharsa","region":"East , Bhagalpur","circle":"Bihar","source_id":"src-79f27d78734d"}},{"arcs":[[2411,2412,2413,2414,2415,2416,2417]],"type":"Polygon","properties":{"pincode":"852112","office_name":"Kumarkhand SO","division":"Saharsa","region":"East , Bhagalpur","circle":"Bihar","source_id":"src-79f27d78734d"}},{"arcs":[[-2394,2418,2419,2420]],"type":"Polygon","properties":{"pincode":"852113","office_name":"Madhepura MDG","division":"Saharsa","region":"East , Bhagalpur","circle":"Bihar","source_id":"src-79f27d78734d"}},{"arcs":[[-2395,-2421,2421,-2412,2422,2423]],"type":"Polygon","properties":{"pincode":"852114","office_name":"Budhma SO","division":"Saharsa","region":"East , Bhagalpur","circle":"Bihar","source_id":"src-79f27d78734d"}},{"arcs":[[-2378,2424,2425,2426,-2396,-2424,2427]],"type":"Polygon","properties":{"pincode":"852115","office_name":"Gwalpara SO","division":"Saharsa","region":"East , Bhagalpur","circle":"Bihar","source_id":"src-79f27d78734d"}},{"arcs":[[-2382,2428,2429,2430,2431,2432]],"type":"Polygon","properties":{"pincode":"852116","office_name":"Puraini Bazar SO","division":"Saharsa","region":"East , Bhagalpur","circle":"Bihar","source_id":"src-79f27d78734d"}},{"arcs":[[-2393,2433,2434,2435,2436,-2419]],"type":"Polygon","properties":{"pincode":"852121","office_name":"Mathahi SO","division":"Saharsa","region":"East , Bhagalpur","circle":"Bihar","source_id":"src-79f27d78734d"}},{"arcs":[[-2379,-2428,-2423,-2418,2437,2438]],"type":"Polygon","properties":{"pincode":"852122","office_name":"Murliganj SO","division":"Saharsa","region":"East , Bhagalpur","circle":"Bihar","source_id":"src-79f27d78734d"}},{"arcs":[[-2146,2439,2440,2441,-2155]],"type":"Polygon","properties":{"pincode":"852123","office_name":"Nauhatta SO","division":"Saharsa","region":"East , Bhagalpur","circle":"Bihar","source_id":"src-79f27d78734d"}},{"arcs":[[-2401,2442,-2436,2443,2444,2445,2446,-2441,2447,-2407]],"type":"Polygon","properties":{"pincode":"852124","office_name":"Panchgachiya SO","division":"Saharsa","region":"East , Bhagalpur","circle":"Bihar","source_id":"src-79f27d78734d"}},{"arcs":[[-2404,-2411,2448,2449,2450,2451,2452,2453]],"type":"Polygon","properties":{"pincode":"852125","office_name":"Pratapganj SO Supaul","division":"Saharsa","region":"East , Bhagalpur","circle":"Bihar","source_id":"src-79f27d78734d"}},{"arcs":[[-2360,-2392,2454,2455,-2372]],"type":"Polygon","properties":{"pincode":"852126","office_name":"Salkhua Bazar SO","division":"Saharsa","region":"East , Bhagalpur","circle":"Bihar","source_id":"src-79f27d78734d"}},{"arcs":[[-2391,2456,2457,2458,2459,-2455]],"type":"Polygon","properties":{"pincode":"852127","office_name":"Simri Bakhtiarpur SO","division":"Saharsa","region":"East , Bhagalpur","circle":"Bihar","source_id":"src-79f27d78734d"}},{"arcs":[[-2400,2460,2461,2462,-2413,-2422,-2420,-2437,-2443]],"type":"Polygon","properties":{"pincode":"852128","office_name":"Singheshwar SO","division":"Saharsa","region":"East , Bhagalpur","circle":"Bihar","source_id":"src-79f27d78734d"}},{"arcs":[[-2373,-2456,-2460,-2459,2463,2464,2465,2466]],"type":"Polygon","properties":{"pincode":"852129","office_name":"Sonbersa Raj SO","division":"Saharsa","region":"East , Bhagalpur","circle":"Bihar","source_id":"src-79f27d78734d"}},{"arcs":[[-2145,2467,-2408,-2448,-2440]],"type":"Polygon","properties":{"pincode":"852130","office_name":"Sukhpur SO","division":"Saharsa","region":"East , Bhagalpur","circle":"Bihar","source_id":"src-79f27d78734d"}},{"arcs":[[2468]],"type":"Polygon","properties":{"pincode":"852131","office_name":"Supaul HO","division":"Saharsa","region":"East , Bhagalpur","circle":"Bihar","source_id":"src-79f27d78734d"}},{"arcs":[[-2414,-2463,2469,2470]],"type":"Polygon","properties":{"pincode":"852132","office_name":"Shankarpur Bazar SO","division":"Saharsa","region":"East , Bhagalpur","circle":"Bihar","source_id":"src-79f27d78734d"}},{"arcs":[[-2126,-2164,2471,-2143]],"type":"Polygon","properties":{"pincode":"852133","office_name":"Janardanpur SO","division":"Saharsa","region":"East , Bhagalpur","circle":"Bihar","source_id":"src-79f27d78734d"}},{"arcs":[[-2144,-2472,-2163,2472,2473,-2461,-2399,-2409,-2468],[-2469]],"type":"Polygon","properties":{"pincode":"852134","office_name":"SUPAUL BAZAR","division":"Saharsa","region":"East , Bhagalpur","circle":"Bihar","source_id":"src-79f27d78734d"}},{"arcs":[[-2452,2474,2475,2476,2477]],"type":"Polygon","properties":{"pincode":"852137","office_name":"Surpatganj SO","division":"Saharsa","region":"East , Bhagalpur","circle":"Bihar","source_id":"src-79f27d78734d"}},{"arcs":[[-2162,-2387,-2406,2478,-2473]],"type":"Polygon","properties":{"pincode":"852138","office_name":"Tharbitta SO","division":"Saharsa","region":"East , Bhagalpur","circle":"Bihar","source_id":"src-79f27d78734d"}},{"arcs":[[-2453,-2478,2479,-2470,2480]],"type":"Polygon","properties":{"pincode":"852139","office_name":"Triveniganj SO","division":"Saharsa","region":"East , Bhagalpur","circle":"Bihar","source_id":"src-79f27d78734d"}},{"arcs":[[-2344,-2374,-2467,2481,-2364]],"type":"Polygon","properties":{"pincode":"852161","office_name":"Beldaur SO","division":"Begusarai","region":"East , Bhagalpur","circle":"Bihar","source_id":"src-79f27d78734d"}},{"arcs":[[-2445,2482]],"type":"Polygon","properties":{"pincode":"852201","office_name":"Saharsa HO","division":"Saharsa","region":"East , Bhagalpur","circle":"Bihar","source_id":"src-79f27d78734d"}},{"arcs":[[-2390,2483,2484,-2446,-2483,-2444,-2435,2485,-2457]],"type":"Polygon","properties":{"pincode":"852202","office_name":"Saharsa Collec SO","division":"Saharsa","region":"East , Bhagalpur","circle":"Bihar","source_id":"src-79f27d78734d"}},{"arcs":[[-2389,2486,-2484]],"type":"Polygon","properties":{"pincode":"852212","office_name":"Bangaon SO Saharsa","division":"Saharsa","region":"East , Bhagalpur","circle":"Bihar","source_id":"src-79f27d78734d"}},{"arcs":[[-2430,2487,2488,2489]],"type":"Polygon","properties":{"pincode":"852213","office_name":"Chausa SO Madhepura","division":"Saharsa","region":"East , Bhagalpur","circle":"Bihar","source_id":"src-79f27d78734d"}},{"arcs":[[-2415,-2471,-2480,-2477,2490]],"type":"Polygon","properties":{"pincode":"852214","office_name":"Jadia SO","division":"Saharsa","region":"East , Bhagalpur","circle":"Bihar","source_id":"src-79f27d78734d"}},{"arcs":[[-2159,2491,2492,-2449,-2410,-2384]],"type":"Polygon","properties":{"pincode":"852215","office_name":"Karjain Bazar SO","division":"Saharsa","region":"East , Bhagalpur","circle":"Bihar","source_id":"src-79f27d78734d"}},{"arcs":[[-2007,-2156,-2442,-2447,-2485,-2487,-2388,-2271]],"type":"Polygon","properties":{"pincode":"852216","office_name":"Mahishi SO","division":"Saharsa","region":"East , Bhagalpur","circle":"Bihar","source_id":"src-79f27d78734d"}},{"arcs":[[-2397,-2427,2493,-2465,2494]],"type":"Polygon","properties":{"pincode":"852217","office_name":"Mangwar SO","division":"Saharsa","region":"East , Bhagalpur","circle":"Bihar","source_id":"src-79f27d78734d"}},{"arcs":[[-2405,-2454,-2481,-2462,-2474,-2479]],"type":"Polygon","properties":{"pincode":"852218","office_name":"Pipra Bazar SO","division":"Saharsa","region":"East , Bhagalpur","circle":"Bihar","source_id":"src-79f27d78734d"}},{"arcs":[[-2365,-2482,-2466,-2494,-2426,2495,-2431,-2490,2496]],"type":"Polygon","properties":{"pincode":"852219","office_name":"Shah Alam Nagar SO","division":"Saharsa","region":"East , Bhagalpur","circle":"Bihar","source_id":"src-79f27d78734d"}},{"arcs":[[-2377,2497,-2432,-2496,-2425]],"type":"Polygon","properties":{"pincode":"852220","office_name":"Udakishunganj SO","division":"Saharsa","region":"East , Bhagalpur","circle":"Bihar","source_id":"src-79f27d78734d"}},{"arcs":[[-2398,-2495,-2464,-2458,-2486,-2434]],"type":"Polygon","properties":{"pincode":"852221","office_name":"Sour Bazar SO","division":"Saharsa","region":"East , Bhagalpur","circle":"Bihar","source_id":"src-79f27d78734d"}},{"arcs":[[-797,2498,2499,2500]],"type":"Polygon","properties":{"pincode":"853201","office_name":"Bihpur SO","division":"Bhagalpur","region":"East , Bhagalpur","circle":"Bihar","source_id":"src-79f27d78734d"}},{"arcs":[[-2500,2501,2502]],"type":"Polygon","properties":{"pincode":"853202","office_name":"Karik Bazar SO","division":"Bhagalpur","region":"East , Bhagalpur","circle":"Bihar","source_id":"src-79f27d78734d"}},{"arcs":[[-796,-873,-2376,-2367,2503,-2502,-2499]],"type":"Polygon","properties":{"pincode":"853203","office_name":"Narayanpur SO Bhagalpur","division":"Bhagalpur","region":"East , Bhagalpur","circle":"Bihar","source_id":"src-79f27d78734d"}},{"arcs":[[-798,-2501,-2503,-2504,-2366,-2497,-2489,2504,2505,2506,2507,-866,-874,2508,-855,-859,-869]],"type":"Polygon","properties":{"pincode":"853204","office_name":"Naugachia SO","division":"Bhagalpur","region":"East , Bhagalpur","circle":"Bihar","source_id":"src-79f27d78734d"}},{"arcs":[[-847,-856,-2509]],"type":"Polygon","properties":{"pincode":"853205","office_name":"STGoriar SO","division":"Bhagalpur","region":"East , Bhagalpur","circle":"Bihar","source_id":"src-79f27d78734d"}},{"arcs":[[-2506,2509,2510,2511,2512]],"type":"Polygon","properties":{"pincode":"854101","office_name":"Ayodhyaganj Bazar SO","division":"al Office Katihar","region":"East , Bhagalpur","circle":"Bihar","source_id":"src-79f27d78734d"}},{"arcs":[[-2417,2513,2514,2515,-2438]],"type":"Polygon","properties":{"pincode":"854102","office_name":"Chopra Ram Nagar SO","division":"Purnea","region":"Muzaffarpur","circle":"Bihar","source_id":"src-79f27d78734d"}},{"arcs":[[2516,2517,2518,2519,2520,2521]],"type":"Polygon","properties":{"pincode":"854103","office_name":"Daharia Molls SO","division":"al Office Katihar","region":"East , Bhagalpur","circle":"Bihar","source_id":"src-79f27d78734d"}},{"arcs":[[-2507,-2513,-2512,2522,2523,2524,2525]],"type":"Polygon","properties":{"pincode":"854104","office_name":"Gurubazar SO","division":"al Office Katihar","region":"East , Bhagalpur","circle":"Bihar","source_id":"src-79f27d78734d"}},{"arcs":[[-2517,2526,2527,2528,2529]],"type":"Polygon","properties":{"pincode":"854105","office_name":"Katihar HO","division":"al Office Katihar","region":"East , Bhagalpur","circle":"Bihar","source_id":"src-79f27d78734d"}},{"arcs":[[-2529,2532,2533,2534,2535,2536,2537,2538]],"type":"Polygon","properties":{"pincode":"854106","office_name":"Katihar Bmp Camp SO","division":"al Office Katihar","region":"East , Bhagalpur","circle":"Bihar","source_id":"src-79f27d78734d"}},{"arcs":[[[-2518,-2530,-2539,2539,2540,2541,2542]],[[-2522,2543,-2534,2544,-2532,2545,-2527]]],"type":"MultiPolygon","properties":{"pincode":"854107","office_name":"Katihar Mill SO","division":"al Office Katihar","region":"East , Bhagalpur","circle":"Bihar","source_id":"src-79f27d78734d"}},{"arcs":[[-2524,2546,2547,2548,-2536,2549]],"type":"Polygon","properties":{"pincode":"854108","office_name":"Korha SO","division":"al Office Katihar","region":"East , Bhagalpur","circle":"Bihar","source_id":"src-79f27d78734d"}},{"arcs":[[-2528,-2546,-2531,-2545,-2533]],"type":"Polygon","properties":{"pincode":"854109","office_name":"Katihar Court SO","division":"al Office Katihar","region":"East , Bhagalpur","circle":"Bihar","source_id":"src-79f27d78734d"}},{"arcs":[[-2548,2550,2551]],"type":"Polygon","properties":{"pincode":"854110","office_name":"Morsanda S.O","division":"al Office Katihar","region":"East , Bhagalpur","circle":"Bihar","source_id":"src-79f27d78734d"}},{"arcs":[[2552,2553,2554]],"type":"Polygon","properties":{"pincode":"854112","office_name":"Amdabad SO","division":"al Office Katihar","region":"East , Bhagalpur","circle":"Bihar","source_id":"src-79f27d78734d"}},{"arcs":[[-867,-2508,-2526,2555,-2520,2556,2557,-2554,2558]],"type":"Polygon","properties":{"pincode":"854113","office_name":"Manihari SO","division":"al Office Katihar","region":"East , Bhagalpur","circle":"Bihar","source_id":"src-79f27d78734d"}},{"arcs":[[-2511,2559,2560,2561,2562,-2551,-2547,-2523]],"type":"Polygon","properties":{"pincode":"854114","office_name":"Pothia SO","division":"al Office Katihar","region":"East , Bhagalpur","circle":"Bihar","source_id":"src-79f27d78734d"}},{"arcs":[[-2521,-2556,-2525,-2550,-2535,-2544]],"type":"Polygon","properties":{"pincode":"854115","office_name":"Semapur Factory SO","division":"al Office Katihar","region":"East , Bhagalpur","circle":"Bihar","source_id":"src-79f27d78734d"}},{"arcs":[[-2519,-2543,2565,2566,2567,-2557]],"type":"Polygon","properties":{"pincode":"854116","office_name":"Mahadevpur SO Katihar","division":"al Office Katihar","region":"East , Bhagalpur","circle":"Bihar","source_id":"src-79f27d78734d"}},{"arcs":[[2568,-2555,-2558,-2568,2569]],"type":"Polygon","properties":{"pincode":"854117","office_name":"Rosna SO","division":"al Office Katihar","region":"East , Bhagalpur","circle":"Bihar","source_id":"src-79f27d78734d"}},{"arcs":[[2570,2571,2572,2573,2574,2575]],"type":"Polygon","properties":{"pincode":"854201","office_name":"Banaili SO","division":"Purnea","region":"Muzaffarpur","circle":"Bihar","source_id":"src-79f27d78734d"}},{"arcs":[[-2515,2576,-2576,2577,2578,2579]],"type":"Polygon","properties":{"pincode":"854202","office_name":"Banmankhi SO","division":"Purnea","region":"Muzaffarpur","circle":"Bihar","source_id":"src-79f27d78734d"}},{"arcs":[[-2380,-2439,-2516,-2580,2580,2581]],"type":"Polygon","properties":{"pincode":"854203","office_name":"Barhara Kothi SO","division":"Purnea","region":"Muzaffarpur","circle":"Bihar","source_id":"src-79f27d78734d"}},{"arcs":[[[-2381,-2582,2582,2563,2583,-2560,-2510,-2505,-2488,-2429]],[[-2383,-2433,-2498]]],"type":"MultiPolygon","properties":{"pincode":"854204","office_name":"Bhawanipur Rajdham SO","division":"Purnea","region":"Muzaffarpur","circle":"Bihar","source_id":"src-79f27d78734d"}},{"arcs":[[-2561,-2584,2564,-2583,-2581,-2579,2584,2585]],"type":"Polygon","properties":{"pincode":"854205","office_name":"Dhamdaha SO","division":"Purnea","region":"Muzaffarpur","circle":"Bihar","source_id":"src-79f27d78734d"}},{"arcs":[[2586,2587,2588,2589]],"type":"Polygon","properties":{"pincode":"854301","office_name":"Purnea HO","division":"Purnea","region":"Muzaffarpur","circle":"Bihar","source_id":"src-79f27d78734d"}},{"arcs":[[2590,2591,2592,2593]],"type":"Polygon","properties":{"pincode":"854302","office_name":"Purnea City SO","division":"Purnea","region":"Muzaffarpur","circle":"Bihar","source_id":"src-79f27d78734d"}},{"arcs":[[-2537,-2549,-2552,-2563,2594,-2589,2595,2596]],"type":"Polygon","properties":{"pincode":"854303","office_name":"Purnea Polyticnic SO","division":"Purnea","region":"Muzaffarpur","circle":"Bihar","source_id":"src-79f27d78734d"}},{"arcs":[[-2562,-2586,2597,-2574,2598,2599,-2593,2600,-2590,-2595]],"type":"Polygon","properties":{"pincode":"854304","office_name":"Purnea Chowk SO","division":"Purnea","region":"Muzaffarpur","circle":"Bihar","source_id":"src-79f27d78734d"}},{"arcs":[[-2587,-2601,-2592,2601]],"type":"Polygon","properties":{"pincode":"854305","office_name":"Khuskibagh SO","division":"Purnea","region":"Muzaffarpur","circle":"Bihar","source_id":"src-79f27d78734d"}},{"arcs":[[-2575,-2598,-2585,-2578]],"type":"Polygon","properties":{"pincode":"854306","office_name":"Sarsi SO","division":"Purnea","region":"Muzaffarpur","circle":"Bihar","source_id":"src-79f27d78734d"}},{"arcs":[[2602,2603,2604,2605,2606,2607,2608,2609,2610,2611]],"type":"Polygon","properties":{"pincode":"854311","office_name":"Araria SO","division":"Purnea","region":"Muzaffarpur","circle":"Bihar","source_id":"src-79f27d78734d"}},{"arcs":[[-2572,2612,-2611,2613]],"type":"Polygon","properties":{"pincode":"854312","office_name":"Araria RS SO","division":"Purnea","region":"Muzaffarpur","circle":"Bihar","source_id":"src-79f27d78734d"}},{"arcs":[[2614,2615,2616,2617,2618,2619,2620,2621,2622]],"type":"Polygon","properties":{"pincode":"854315","office_name":"Baisi SO","division":"Purnea","region":"Muzaffarpur","circle":"Bihar","source_id":"src-79f27d78734d"}},{"arcs":[[2623,2624,2625,2626,2627]],"type":"Polygon","properties":{"pincode":"854316","office_name":"Bathnaha SO","division":"Purnea","region":"Muzaffarpur","circle":"Bihar","source_id":"src-79f27d78734d"}},{"arcs":[[2628,2629,2630,2631,-2615,2632]],"type":"Polygon","properties":{"pincode":"854317","office_name":"Barsoighat SO","division":"al Office Katihar","region":"East , Bhagalpur","circle":"Bihar","source_id":"src-79f27d78734d"}},{"arcs":[[-2603,2633,2634,-2627,2635,2636]],"type":"Polygon","properties":{"pincode":"854318","office_name":"Forbesganj SO","division":"Purnea","region":"Muzaffarpur","circle":"Bihar","source_id":"src-79f27d78734d"}},{"arcs":[[-2573,-2614,-2610,2637,-2608,2638,-2619,2639,-2599]],"type":"Polygon","properties":{"pincode":"854325","office_name":"Garhbanaili SO","division":"Purnea","region":"Muzaffarpur","circle":"Bihar","source_id":"src-79f27d78734d"}},{"arcs":[[-2588,-2602,-2591,2640,-2617,2641,2642,-2596]],"type":"Polygon","properties":{"pincode":"854326","office_name":"Gulabbagh SO","division":"Purnea","region":"Muzaffarpur","circle":"Bihar","source_id":"src-79f27d78734d"}},{"arcs":[[-2609,-2638]],"type":"Polygon","properties":{"pincode":"854327","office_name":"Jalalgarh SO","division":"Purnea","region":"Muzaffarpur","circle":"Bihar","source_id":"src-79f27d78734d"}},{"arcs":[[-2626,2643,2644,-2636]],"type":"Polygon","properties":{"pincode":"854328","office_name":"Jogbani SO","division":"Purnea","region":"Muzaffarpur","circle":"Bihar","source_id":"src-79f27d78734d"}},{"arcs":[[-2607,2645,2646,-2620,-2639]],"type":"Polygon","properties":{"pincode":"854329","office_name":"Jokihat SO","division":"Purnea","region":"Muzaffarpur","circle":"Bihar","source_id":"src-79f27d78734d"}},{"arcs":[[-2594,-2600,-2640,-2618,-2641]],"type":"Polygon","properties":{"pincode":"854330","office_name":"Kasba SO Purnia","division":"Purnea","region":"Muzaffarpur","circle":"Bihar","source_id":"src-79f27d78734d"}},{"arcs":[[-2604,-2637,-2645,2647,2648,2649,2650]],"type":"Polygon","properties":{"pincode":"854331","office_name":"Kursakanta SO","division":"Purnea","region":"Muzaffarpur","circle":"Bihar","source_id":"src-79f27d78734d"}},{"arcs":[[-2650,2651,2652]],"type":"Polygon","properties":{"pincode":"854332","office_name":"Kuari SO","division":"Purnea","region":"Muzaffarpur","circle":"Bihar","source_id":"src-79f27d78734d"}},{"arcs":[[-2605,-2651,-2653,2653,2654,2655,2656,2657,2658]],"type":"Polygon","properties":{"pincode":"854333","office_name":"Madanpur SO Araria","division":"Purnea","region":"Muzaffarpur","circle":"Bihar","source_id":"src-79f27d78734d"}},{"arcs":[[-2416,-2491,-2476,2659,-2634,-2612,-2613,-2571,-2577,-2514]],"type":"Polygon","properties":{"pincode":"854334","office_name":"Maryganj SO","division":"Purnea","region":"Muzaffarpur","circle":"Bihar","source_id":"src-79f27d78734d"}},{"arcs":[[-2451,2660,2661,-2628,-2635,-2660,-2475]],"type":"Polygon","properties":{"pincode":"854335","office_name":"Narpatganj SO","division":"Purnea","region":"Muzaffarpur","circle":"Bihar","source_id":"src-79f27d78734d"}},{"arcs":[[-2624,-2662,2662,2663,2664]],"type":"Polygon","properties":{"pincode":"854336","office_name":"Nawabganj SO Araria","division":"Purnea","region":"Muzaffarpur","circle":"Bihar","source_id":"src-79f27d78734d"}},{"arcs":[[-2538,-2597,-2643,2665,-2540]],"type":"Polygon","properties":{"pincode":"854337","office_name":"Ranipatra SO","division":"Purnea","region":"Muzaffarpur","circle":"Bihar","source_id":"src-79f27d78734d"}},{"arcs":[[-2158,2666,2667,2668,-2492]],"type":"Polygon","properties":{"pincode":"854338","office_name":"Bhimnagar Bairrage SO","division":"Saharsa","region":"East , Bhagalpur","circle":"Bihar","source_id":"src-79f27d78734d"}},{"arcs":[[-2450,-2493,-2669,2669,-2663,-2661]],"type":"Polygon","properties":{"pincode":"854339","office_name":"Balua Bazar SO","division":"Saharsa","region":"East , Bhagalpur","circle":"Bihar","source_id":"src-79f27d78734d"}},{"arcs":[[-2664,-2670,-2668,2670]],"type":"Polygon","properties":{"pincode":"854340","office_name":"Birpur SO Supaul","division":"Saharsa","region":"East , Bhagalpur","circle":"Bihar","source_id":"src-79f27d78734d"}},{"arcs":[[[-2606,-2659,2671,2672,2673,2674,-2646]],[[2683,2684,2685,2686,2687]]],"type":"MultiPolygon","properties":{"pincode":"855101","office_name":"Bahadurganj SO Kishanganj","division":"al Office Katihar","region":"East , Bhagalpur","circle":"Bihar","source_id":"src-79f27d78734d"}},{"arcs":[[2692,-2629,2693]],"type":"Polygon","properties":{"pincode":"855102","office_name":"Barsoi SO","division":"al Office Katihar","region":"East , Bhagalpur","circle":"Bihar","source_id":"src-79f27d78734d"}},{"arcs":[[-2541,-2666,-2642,-2616,-2632,2694]],"type":"Polygon","properties":{"pincode":"855105","office_name":"Durgaganj SO","division":"al Office Katihar","region":"East , Bhagalpur","circle":"Bihar","source_id":"src-79f27d78734d"}},{"arcs":[[2695,2696]],"type":"Polygon","properties":{"pincode":"855106","office_name":"Galgalia SO","division":"al Office Katihar","region":"East , Bhagalpur","circle":"Bihar","source_id":"src-79f27d78734d"}},{"arcs":[[2697,-2622,2698,2678,2699,-2680,2700,-2682,2701,2702,-2687,2703,-2685,2704,2688,2705,2690,2706,-2674,2707,2708,2709]],"type":"Polygon","properties":{"pincode":"855107","office_name":"Kishanganj SO","division":"al Office Katihar","region":"East , Bhagalpur","circle":"Bihar","source_id":"src-79f27d78734d"}},{"arcs":[[-2673,2710,2711,-2708]],"type":"Polygon","properties":{"pincode":"855108","office_name":"Kishanganj Bazar SO","division":"al Office Katihar","region":"East , Bhagalpur","circle":"Bihar","source_id":"src-79f27d78734d"}},{"arcs":[[-2570,-2567,2712,-2630,-2693,2713]],"type":"Polygon","properties":{"pincode":"855113","office_name":"Salmari SO","division":"al Office Katihar","region":"East , Bhagalpur","circle":"Bihar","source_id":"src-79f27d78734d"}},{"arcs":[[-2542,-2695,-2631,-2713,-2566]],"type":"Polygon","properties":{"pincode":"855114","office_name":"Sonaili SO","division":"al Office Katihar","region":"East , Bhagalpur","circle":"Bihar","source_id":"src-79f27d78734d"}},{"arcs":[[-2621,-2647,-2675,-2707,2691,-2706,2689,-2705,-2684,-2702,-2683,-2701,-2681,-2700,2677,-2699]],"type":"Polygon","properties":{"pincode":"855115","office_name":"Sontha SO","division":"al Office Katihar","region":"East , Bhagalpur","circle":"Bihar","source_id":"src-79f27d78734d"}},{"arcs":[[2714,2715,-2709,-2712,2716,-2696,2717]],"type":"Polygon","properties":{"pincode":"855116","office_name":"Thakurganj SO","division":"al Office Katihar","region":"East , Bhagalpur","circle":"Bihar","source_id":"src-79f27d78734d"}},{"arcs":[[-2710,-2716,2718]],"type":"Polygon","properties":{"pincode":"855117","office_name":"Taiyabpur SO","division":"al Office Katihar","region":"East , Bhagalpur","circle":"Bihar","source_id":"src-79f27d78734d"}}]}}}