{"type":"Topology","arcs":[[[28467,2304],[469,-212],[-375,-1105],[-773,-70],[679,1387]],[[13699,4925],[156,-2551],[273,-1246]],[[14128,1128],[-866,-963],[-109,399],[-968,141]],[[12185,705],[-445,964],[-351,165],[421,1046],[343,270],[203,1305],[500,-106],[843,576]],[[18429,3656],[-921,-365]],[[17508,3291],[-273,976],[156,576]],[[17391,4843],[1226,400],[-188,-1587]],[[29498,5736],[-70,-58]],[[29428,5678],[-1023,-1199],[-1186,540],[-1156,247]],[[26063,5266],[547,412],[694,-330],[1046,565],[266,-212],[726,447],[156,-412]],[[15541,6371],[609,-752],[1226,-71]],[[17376,5548],[15,-705]],[[17508,3291],[-1912,-811],[-1468,-1352]],[[13699,4925],[788,1505],[375,223]],[[14862,6653],[679,-282]],[[10163,8017],[-312,-1129],[-679,-94],[-500,-670],[-398,-1681]],[[8274,4443],[-1194,329]],[[7080,4772],[-547,1928],[94,1434],[812,494],[179,-223],[1374,282],[1179,94]],[[10171,8781],[-8,-764]],[[26594,8757],[-187,-376],[491,-1657],[719,-82],[398,540],[1288,200]],[[29303,7382],[601,576],[499,-364],[625,58],[983,400]],[[32011,8052],[742,-70],[-258,-788]],[[32495,7194],[-1233,-364],[-1421,-835]],[[29841,5995],[-343,-259]],[[26063,5266],[-1139,24]],[[24924,5290],[171,399],[578,-23],[273,776],[-601,352],[-390,-470],[-890,35],[-445,823],[617,835],[718,-94],[23,517],[656,82],[304,388],[656,-153]],[[14714,9604],[-266,-1799],[414,-1152]],[[12185,705],[-445,447],[-671,-529],[-32,2292],[-476,-59],[-2287,1587]],[[10163,8017],[383,47],[1358,1363],[687,-387],[866,246],[226,-305],[797,823],[234,-200]],[[10015,9686],[156,-905]],[[7080,4772],[-789,36],[-1693,858],[85,846],[555,1611],[164,-12],[499,1740]],[[5901,9851],[1873,23],[0,223],[1429,-23],[812,-388]],[[23519,10239],[-141,-600],[1233,247],[976,-294],[867,364]],[[26454,9956],[140,-1199]],[[24924,5290],[-2467,-518],[-1132,-575],[-1584,-118],[-1312,-423]],[[17376,5548],[468,635],[827,529],[344,-94],[640,1422],[328,212],[187,764],[788,129]],[[20958,9145],[718,282],[555,-164],[1288,976]],[[28600,10509],[55,-329]],[[28655,10180],[-789,-353],[-62,447],[796,235]],[[29568,9815],[102,717]],[[29670,10532],[-102,-717]],[[28600,10509],[55,-329]],[[15541,6371],[63,729],[507,-118],[78,659],[593,188],[609,705],[164,835]],[[17555,9369],[1030,517],[882,646]],[[19467,10532],[1366,118],[258,306]],[[21091,10956],[320,-1058],[-453,-753]],[[12356,11285],[1491,-870],[102,987],[624,165]],[[14573,11567],[0,-59]],[[14573,11508],[-62,-752],[203,-1152]],[[10015,9686],[-16,529]],[[9999,10215],[617,35],[296,1305]],[[10912,11555],[1444,-270]],[[14573,11508],[773,-364],[1749,435],[109,-717],[-203,-1117],[554,-376]],[[5901,9851],[187,1340]],[[6088,11191],[3076,152],[-24,800],[804,-447],[55,-1481]],[[66770,13789],[55,-635],[374,-341],[477,106],[725,-764],[-202,-459],[-1804,917],[375,1176]],[[22738,13718],[398,-611],[-70,-529],[671,-470]],[[23737,12108],[-218,-1869]],[[21091,10956],[-133,1022]],[[20958,11978],[1156,635],[320,1187],[304,-82]],[[28264,14059],[8,-306]],[[28272,13753],[-8,306]],[[10912,11555],[-132,1505]],[[10780,13060],[265,423],[1077,258],[500,682]],[[12622,14423],[601,-576],[-148,-517],[-640,-823],[-79,-1222]],[[35977,13812],[218,-788],[-16,-952]],[[36179,12072],[-1334,-388],[-1038,-905],[-313,-540],[-140,-1246],[593,-1094],[476,-364],[-1928,-341]],[[32011,8052],[195,435],[-288,1364]],[[31918,9851],[835,117],[62,941],[328,916],[601,964],[-156,294],[-710,-129],[-110,1575]],[[32768,14529],[430,-1269],[562,822],[663,424],[726,-165],[828,-529]],[[6088,11191],[242,1951]],[[6330,13142],[1866,447],[788,870]],[[8984,14459],[359,-12],[399,-788],[15,-635],[586,212],[437,-176]],[[19990,14353],[211,-1458],[890,-35],[-133,-882]],[[19467,10532],[-671,-70],[16,588],[-359,728],[-500,212],[0,1575]],[[17953,13565],[952,329],[461,917]],[[19366,14811],[624,-458]],[[31356,14893],[1147,-129],[265,-235]],[[31918,9851],[-391,58],[149,1434],[-274,812],[86,646],[-827,694],[351,1398],[344,0]],[[16220,14658],[406,-670],[531,400],[796,-823]],[[14573,11567],[391,1728],[351,235],[93,1845]],[[15408,15375],[399,-811],[413,94]],[[12622,14423],[554,647]],[[13176,15070],[617,270],[499,-211],[1116,246]],[[26844,15658],[-734,-3045],[187,-670],[1124,505],[227,482],[593,-11]],[[28241,12919],[-226,-2116],[-1117,-235],[-444,-612]],[[23737,12108],[437,152],[71,1270],[491,164],[539,741],[-94,1128]],[[25181,15563],[672,153],[991,-58]],[[12669,16492],[328,-423],[179,-999]],[[8984,14459],[633,1539]],[[9617,15998],[811,-223],[562,188],[687,576]],[[11677,16539],[992,-47]],[[24166,17256],[63,-1093],[952,-600]],[[22738,13718],[0,1093],[-304,506],[125,1069]],[[22559,16386],[452,59],[328,823],[827,-12]],[[29568,9815],[-109,-1728],[-156,-705]],[[28241,12919],[31,834]],[[28264,14059],[-288,764],[507,2116]],[[28483,16939],[718,423]],[[29201,17362],[164,-1105],[390,-599],[55,-1305],[-539,-1505],[258,-482],[-406,-999],[656,-317],[-109,-518]],[[18710,16539],[391,-70],[359,-776]],[[19460,15693],[-94,-882]],[[16220,14658],[-250,2104]],[[15970,16762],[602,635]],[[16572,17397],[405,-646],[1195,-635],[538,423]],[[19990,14353],[781,646],[1023,1246],[257,1152]],[[22051,17397],[508,-1011]],[[12669,16492],[460,400],[882,-188],[445,564]],[[14456,17268],[882,212]],[[15338,17480],[632,-718]],[[44563,17621],[359,-906],[-16,-740]],[[44906,15975],[-1053,-459]],[[43853,15516],[234,1846],[476,259]],[[31098,16081],[258,-1188]],[[29201,17362],[461,470],[523,-2174],[913,423]],[[26844,15658],[968,23],[54,576],[-304,1951]],[[27562,18208],[484,-117],[437,-1152]],[[7353,17174],[-180,-529],[438,-905],[-992,-1199],[-296,-1399]],[[6323,13142],[-594,82],[-1483,-435],[133,1940],[31,2304]],[[4410,17033],[750,-282],[616,529],[391,-188],[491,470],[695,-388]],[[38888,18326],[250,-635],[-258,-1869],[1421,118]],[[40301,15940],[-203,-917],[-70,-1376]],[[40028,13647],[-914,-1175],[203,-1034],[-1202,70],[-1030,447],[-906,117]],[[35977,13812],[187,2045]],[[36164,15857],[1741,1493],[655,729]],[[38560,18079],[328,247]],[[42034,18338],[1342,-647],[172,-834],[-460,-224],[-211,-1575]],[[42877,15058],[-695,-658],[-1780,-459],[-374,-294]],[[40301,15940],[882,305],[-476,2269]],[[40707,18514],[1327,-176]],[[31098,16081],[101,729]],[[31199,16810],[1187,211],[234,-599],[734,529]],[[33354,16951],[320,-341],[796,11],[765,847],[117,482]],[[35352,17950],[273,70],[461,-811],[78,-1352]],[[76551,18761],[632,-506],[-70,-834],[749,588],[31,-718],[-577,-23],[-586,-1176],[-687,153],[-773,788],[32,1269],[1249,459]],[[38888,18326],[383,211],[686,-117],[86,494],[664,-400]],[[19460,15693],[554,517],[133,1011],[1295,1704]],[[21442,18925],[297,24],[320,-893],[-8,-659]],[[27585,19325],[-281,-882],[258,-235]],[[24166,17256],[242,1082]],[[24408,18338],[883,282],[1077,23],[772,271],[211,717]],[[27351,19631],[234,-306]],[[10998,19631],[188,-1176],[382,-188],[-226,-834],[335,-894]],[[9617,15998],[187,847],[-422,823]],[[9382,17668],[180,2315]],[[9562,19983],[1436,-352]],[[35477,20019],[140,-471],[1117,-305],[811,-1152],[781,153]],[[38326,18244],[234,-165]],[[35352,17950],[-671,176],[-102,835],[898,1058]],[[16993,18420],[-421,-1023]],[[15338,17480],[-93,2080]],[[15245,19560],[437,141],[663,-352],[195,-588],[453,-341]],[[10998,19631],[1109,940]],[[12107,20571],[335,-1751],[453,-165],[812,118],[679,-847],[70,-658]],[[42487,20642],[874,-1082],[975,-141],[617,-400]],[[44953,19019],[-390,-1398]],[[43853,15516],[-976,-458]],[[42034,18338],[-164,1234],[70,623]],[[41940,20195],[117,200]],[[42057,20395],[430,247]],[[48161,17668],[-1342,-753],[-718,-58],[-1195,-882]],[[44953,19019],[234,647],[71,1105],[804,-223]],[[46062,20548],[1202,258],[484,-1081],[374,-1376],[39,-681]],[[17664,20865],[391,-741],[515,153],[406,-1422],[-266,-2316]],[[16993,18420],[671,2445]],[[17664,20865],[0,12]],[[38326,18244],[258,1328],[-437,670]],[[38147,20242],[991,423],[226,365],[898,-541],[1085,-329],[593,35]],[[54976,21065],[210,-788]],[[55186,20277],[-452,-823],[-578,-341]],[[54156,19113],[484,1940],[336,12]],[[31028,20689],[164,-1282],[-422,-940],[429,-1657]],[[27585,19325],[734,153],[125,1023],[507,-83]],[[28951,20418],[516,-58],[187,975]],[[29654,21335],[679,329],[695,-975]],[[33650,20383],[-140,-870],[70,-987],[-609,-259],[383,-682],[0,-634]],[[31028,20689],[538,0],[234,917],[328,70]],[[32128,21676],[367,-717],[781,-670],[374,94]],[[11919,21617],[188,-1046]],[[9562,19983],[-109,447]],[[9453,20430],[289,541],[1131,846],[1046,-200]],[[8883,21429],[94,-764],[476,-235]],[[9382,17668],[-382,411],[-484,-611],[-765,329],[-398,-623]],[[4410,17033],[78,1951]],[[4488,18984],[578,-282],[1101,329],[975,847],[-101,752],[203,1681]],[[7244,22311],[671,-106],[968,-776]],[[26953,21594],[-242,740]],[[26711,22334],[242,-740]],[[4488,18984],[664,3456],[1475,-329],[617,200]],[[24674,21770],[-39,-1481],[-227,-1951]],[[21442,18925],[-15,2081],[398,799]],[[21825,21805],[663,235],[312,718]],[[22800,22758],[508,-706],[819,35],[547,-317]],[[54937,22710],[39,-1645]],[[54156,19113],[-1030,-505]],[[53126,18608],[125,1164]],[[53251,19772],[0,858],[288,752],[24,823]],[[53563,22205],[585,447],[789,58]],[[40434,22581],[374,318],[422,-459],[554,282]],[[41784,22722],[-55,-905],[344,-882],[-16,-540]],[[38147,20242],[-360,1281]],[[37787,21523],[367,1023]],[[38154,22546],[1343,282],[687,-646],[250,399]],[[50924,23063],[508,-517],[-94,-1975],[375,-12],[117,-870],[624,-23],[531,611],[266,-505]],[[53126,18608],[-1616,670],[-625,-400],[-452,177],[-391,-435],[-499,-24]],[[49543,18596],[-242,1329],[156,2021]],[[49457,21946],[562,177],[905,940]],[[26953,21594],[351,-659],[47,-1304]],[[24674,21770],[375,576],[593,82],[320,694]],[[25962,23122],[726,-412],[23,-376]],[[44219,22487],[-382,-1293],[-742,-705],[-608,153]],[[41784,22722],[1491,553],[944,-788]],[[35430,23286],[211,-1010],[-219,-1164],[55,-1093]],[[33650,20383],[726,341],[539,2128]],[[34915,22852],[515,434]],[[35430,23286],[1265,-1187],[1092,-576]],[[80251,19642],[-1460,-141],[-453,1352],[-937,294]],[[77401,21147],[-117,564],[320,518]],[[77604,22229],[63,94]],[[77667,22323],[328,129],[546,834],[835,83]],[[79376,23369],[39,-823],[367,-1164],[149,-1399],[320,-341]],[[14066,23369],[39,-47]],[[14105,23322],[-203,-800],[336,-446],[-24,-811],[445,-1141],[586,-564]],[[11919,21617],[726,-211],[469,1446]],[[13114,22852],[952,517]],[[46062,23322],[85,-588],[-85,-2186]],[[44219,22487],[500,282],[117,741],[1226,-188]],[[56872,23451],[-46,-529],[1857,12],[39,-1658]],[[58722,21276],[-1428,-211],[-1163,-341],[-945,-447]],[[54937,22710],[296,706],[492,282]],[[55725,23698],[1147,-247]],[[17664,20877],[219,576],[16,1069]],[[17899,22522],[585,623],[702,-587],[305,1199]],[[19491,23757],[148,-1352],[1436,-188],[266,-494],[484,82]],[[77604,22229],[-1615,11],[-3302,-634],[-461,-471],[-1007,-129],[-1319,-694],[-1662,-540],[-484,35]],[[67754,19807],[-39,1728],[702,-35],[281,682],[-929,787],[-86,776]],[[67683,23745],[1780,-506],[1280,-11],[859,-353],[453,482],[359,-71],[1170,-787],[1085,12],[890,-235],[2108,47]],[[25962,23122],[218,1070]],[[26180,24192],[1093,-153],[765,-459],[640,-1069],[86,-1564],[187,-529]],[[62251,23651],[390,-470],[976,-471],[1405,-58]],[[65022,22652],[-242,-1752],[46,-717]],[[64826,20183],[-2388,670],[-867,141]],[[61571,20994],[133,1434],[-304,1858]],[[61400,24286],[702,-271],[149,-364]],[[67754,19807],[-1640,-12],[-1288,388]],[[65022,22652],[164,1199],[577,764]],[[65763,24615],[890,-800],[1030,-70]],[[17352,23945],[507,-388],[40,-1035]],[[14105,23322],[531,352],[351,670],[718,-270],[523,611]],[[16228,24685],[1124,-740]],[[32128,21676],[555,858],[-102,788]],[[32581,23322],[757,129],[39,506],[476,340],[477,788]],[[34330,25085],[93,-893],[-148,-1117],[640,-223]],[[61415,24497],[-15,-211]],[[61571,20994],[-1787,353],[-531,-71]],[[59253,21276],[305,1423],[-8,658],[710,-118],[78,1893]],[[60338,25132],[422,-47],[655,-588]],[[23027,24873],[133,-1563],[-360,-552]],[[19491,23757],[585,1093]],[[20076,24850],[359,-388],[953,-24],[312,412]],[[21700,24850],[437,388],[890,-365]],[[10787,25308],[-101,-1163],[437,-365],[375,423],[593,-58],[1023,-1293]],[[8883,21429],[70,341],[804,1105],[78,576],[453,600],[-55,1351],[554,-94]],[[32245,25508],[375,-1211],[-39,-975]],[[29654,21335],[281,1093],[-336,1670]],[[29599,24098],[757,94],[539,611],[1350,705]],[[52603,25532],[624,-1000],[-133,-928],[63,-1375],[406,-24]],[[50924,23063],[344,623],[-109,2210]],[[51159,25896],[1444,-364]],[[38755,24591],[-374,-752],[-227,-1293]],[[35430,23286],[437,600],[-187,811],[601,553],[101,481]],[[36382,25731],[508,-105],[273,458],[414,-1011],[304,564],[703,-540],[171,-506]],[[44500,25179],[1007,-576],[555,-1281]],[[40434,22581],[1061,3233]],[[41495,25814],[859,329],[695,-940],[507,-259],[944,235]],[[57169,26648],[-148,-1058],[250,-340],[-203,-1775],[-196,-24]],[[55725,23698],[367,2304]],[[56092,26002],[234,435]],[[56326,26437],[843,211]],[[58785,25943],[1069,-505]],[[59854,25438],[484,-306]],[[59253,21276],[-531,0]],[[57169,26648],[468,94],[211,-540],[937,-259]],[[29264,26789],[218,-188]],[[29482,26601],[-304,-376],[47,-1152],[374,-975]],[[26180,24192],[47,2092]],[[26227,26284],[2412,188],[625,317]],[[84388,26836],[-32,-1869],[-593,-2398],[-343,-3314],[-133,-518]],[[83287,18737],[-1803,729],[-1233,176]],[[79376,23369],[1413,-83],[1241,153],[359,329],[609,1693],[1390,1375]],[[52603,25532],[39,341]],[[52642,25873],[616,-447],[313,1504]],[[53571,26930],[593,-717],[866,142],[664,-518],[398,165]],[[62251,23651],[242,1493],[569,1069],[227,823]],[[63289,27036],[874,-975],[1600,-1446]],[[49543,18596],[-1382,-928]],[[44500,25179],[149,952],[585,165]],[[45234,26296],[828,-635],[835,82]],[[46897,25743],[1061,-305],[984,1598]],[[48942,27036],[117,-1281],[226,-611],[-804,-1423],[445,-717],[133,-870],[398,-188]],[[15533,27025],[594,-471]],[[16127,26554],[101,-1869]],[[14066,23369],[-788,1081],[-929,694],[-32,729],[570,1210]],[[12887,27083],[656,-411],[421,494],[1569,-141]],[[39692,26084],[164,-541],[-484,-1445],[-617,493]],[[36382,25731],[-93,1258],[343,71]],[[36632,27060],[547,-365],[796,541],[1397,-552],[320,-600]],[[48942,27036],[117,459]],[[49059,27495],[765,-329],[62,-377],[960,-434],[313,-459]],[[19889,26225],[-109,-1011],[296,-364]],[[17352,23945],[461,881],[312,1423],[8,1305]],[[18133,27554],[179,-553],[484,47],[1023,-282],[70,-541]],[[87432,25708],[-195,-882],[-430,-576],[0,-505],[-632,-1035],[-297,-940],[664,-1704],[851,-1399],[2021,-2457],[922,-1375],[1202,-1223],[2693,-3491],[171,-929],[-1475,1481],[-2552,2316],[-2647,2633],[-2185,1799],[-1546,1022],[-710,294]],[[84388,26836],[1264,729],[1366,-940],[414,-917]],[[12833,27577],[54,-494]],[[10787,25308],[141,1246],[445,647]],[[11373,27201],[492,-129],[374,552],[594,-47]],[[34041,27518],[86,-717],[554,-435],[-351,-1281]],[[32245,25508],[438,517],[429,1846]],[[33112,27871],[304,-412],[625,59]],[[61415,24497],[156,1223],[399,1281],[468,940]],[[62438,27941],[851,-905]],[[41308,27436],[-63,-1469],[250,-153]],[[39692,26084],[242,24],[359,1269]],[[40293,27377],[164,506],[851,-447]],[[24994,28200],[929,-494]],[[25923,27706],[47,-870],[257,-552]],[[23027,24873],[468,259],[-328,717],[211,447],[1390,-24],[195,941],[-586,129],[312,858],[305,0]],[[18156,27636],[-23,-82]],[[16127,26554],[515,1023],[523,-129],[320,658],[671,-470]],[[21981,27495],[-70,-1082],[-235,-329],[24,-1234]],[[19889,26225],[187,835],[484,658],[-8,470]],[[20552,28188],[687,36],[188,-482],[554,-247]],[[25923,27706],[476,177],[983,-353],[929,388],[180,670]],[[28491,28588],[773,-1799]],[[32503,28611],[609,-740]],[[29482,26601],[554,-611],[196,682],[359,59],[757,1892]],[[31348,28623],[1108,-352],[47,340]],[[43447,28800],[530,-941],[633,-200],[624,-1363]],[[41308,27436],[250,611]],[[41558,28047],[796,188],[616,753],[477,-188]],[[21981,27495],[125,35]],[[22106,27530],[343,741],[531,-365],[172,847],[913,-36],[757,611]],[[24822,29328],[172,-1128]],[[36632,27060],[219,1422]],[[36851,28482],[226,494],[1015,458]],[[38092,29434],[874,-1069],[617,-247],[710,-741]],[[12833,27577],[-219,987],[55,812]],[[12669,29376],[811,-283],[1257,753]],[[14737,29846],[227,-635],[647,-165],[-78,-2021]],[[34041,27518],[648,835],[445,928],[405,83],[383,729]],[[35922,30093],[390,-929],[539,-682]],[[58949,28271],[-164,-2328]],[[56326,26437],[70,1211],[-54,2033],[210,482]],[[56552,30163],[242,-423],[2155,-1469]],[[19483,29481],[710,-1116],[359,-177]],[[18156,27636],[453,599],[-125,1270],[468,611]],[[18952,30116],[531,-635]],[[59854,25438],[63,1152],[304,1387],[757,129],[94,411],[-554,741],[117,1058]],[[60635,30316],[1803,-2375]],[[48466,27824],[593,-329]],[[46897,25743],[23,494],[-437,741],[710,3749],[422,-117],[-156,-1023],[54,-1258],[-117,-823],[430,-611],[640,929]],[[30559,30151],[16,-446],[773,-1082]],[[28491,28588],[-219,1751]],[[28272,30339],[1195,412]],[[29467,30751],[1092,-600]],[[42424,30516],[289,258],[601,-329]],[[43314,30445],[-70,-1022],[413,-271]],[[43657,29152],[-210,-352]],[[41558,28047],[-281,1023]],[[41277,29070],[226,1869],[921,-423]],[[43657,29152],[633,306],[484,-306],[1092,-82],[242,176],[219,1105],[390,-211],[422,881]],[[47139,31021],[1217,-141],[508,329]],[[48864,31209],[-398,-3385]],[[38092,29434],[531,905]],[[38623,30339],[-180,870]],[[38443,31209],[1093,-1140],[156,-588],[921,-646],[664,235]],[[58949,28271],[632,1269],[382,1681]],[[59963,31221],[672,-905]],[[27882,30633],[390,-294]],[[24822,29328],[180,1799]],[[25002,31127],[702,94]],[[25704,31221],[515,-552],[1320,-212],[343,176]],[[22106,27530],[-31,764],[710,1293],[94,988],[608,681]],[[23487,31256],[1257,-258],[258,129]],[[37702,30857],[921,-518]],[[35922,30093],[-39,387]],[[35883,30480],[866,-82],[195,905],[758,-446]],[[52626,31080],[-218,-1023],[499,-223],[-86,-1411]],[[52821,28423],[-1171,459]],[[51650,28882],[406,2151],[274,353]],[[52330,31386],[296,-306]],[[55374,31092],[1178,-929]],[[53571,26930],[765,3104],[257,1387]],[[54593,31421],[781,-329]],[[52642,25873],[-180,1986],[359,564]],[[52626,31080],[547,-35],[1405,540]],[[54578,31585],[15,-164]],[[48864,31209],[437,494]],[[49301,31703],[1225,-494],[-281,-1634],[1405,-693]],[[17696,31409],[1077,-23],[179,-1270]],[[14737,29846],[-86,1140]],[[14651,30986],[1218,259],[453,470]],[[16322,31715],[960,-24],[414,-282]],[[12403,31433],[227,-318],[39,-1739]],[[11373,27201],[328,1740],[-586,1974],[-343,-423],[-718,153]],[[10054,30645],[-195,529]],[[9859,31174],[413,764],[531,59],[266,-423],[1334,-141]],[[38623,31926],[-180,-717]],[[37702,30857],[530,1304],[391,-235]],[[46506,32032],[47,-458],[586,-553]],[[43314,30445],[1054,-164],[54,752],[313,646]],[[44735,31679],[811,106],[211,541],[749,-294]],[[41441,32044],[577,-365],[406,-599],[0,-564]],[[38623,31926],[54,188]],[[38677,32114],[562,-117],[313,-917],[429,741]],[[39981,31821],[695,129],[429,-271],[336,365]],[[34072,31480],[-344,-823],[-624,141],[-585,-764],[-149,-917],[133,-506]],[[30559,30151],[172,753],[468,305],[-195,1223],[242,435]],[[31246,32867],[656,-36],[140,-916],[594,552],[655,-364],[445,211],[336,-834]],[[35290,33043],[390,-764],[-109,-799],[320,-717]],[[35891,30763],[-8,-283]],[[34072,31480],[460,105],[242,988],[352,552]],[[35126,33125],[164,-82]],[[9304,33078],[-23,-1528],[578,-376]],[[10054,30645],[-492,35],[-632,-987],[-8,-776],[-445,-623],[-952,118],[-219,-835],[-492,-494],[-647,988],[109,1234],[757,-24],[250,2657],[-16,1164]],[[7267,33102],[1382,223],[655,-247]],[[13988,32573],[663,-1587]],[[12403,31433],[133,1880]],[[12536,33313],[406,83],[585,-706],[461,-117]],[[48723,33255],[820,-506],[133,-799],[-375,-247]],[[46506,32032],[406,952]],[[46912,32984],[648,529],[726,0],[437,-258]],[[22379,33560],[562,-975]],[[22941,32585],[546,-1329]],[[19483,29481],[695,165],[562,870],[54,964],[274,540]],[[21068,32020],[468,-564],[476,294],[63,1481],[304,329]],[[48739,33713],[905,-259],[1351,-1375]],[[50995,32079],[546,-529],[789,-164]],[[48723,33255],[16,458]],[[27429,33654],[297,-987],[16,-1540],[140,-494]],[[25704,31221],[-78,470],[289,1963]],[[25915,33654],[1514,0]],[[17696,31409],[-47,1293],[897,35],[-62,494]],[[18484,33231],[741,-294],[102,612],[476,188],[632,-576],[250,623]],[[20685,33784],[8,-612],[375,-1152]],[[45687,33925],[429,-682],[796,-259]],[[44735,31679],[-79,706],[-437,1305]],[[44219,33690],[672,305],[796,-70]],[[35891,30763],[273,705],[601,-35],[570,1598],[8,1376]],[[37343,34407],[1350,-800],[297,-435],[-313,-1058]],[[37218,34665],[125,-258]],[[35290,33043],[421,-212],[515,1364]],[[36226,34195],[375,-23],[617,493]],[[9304,33078],[250,94],[305,1787]],[[9859,34959],[78,-317],[968,-518],[203,588],[804,-435],[624,-964]],[[49160,34959],[531,-341],[195,-776],[406,0]],[[50292,33842],[578,-505],[125,-1258]],[[48739,33713],[-273,411],[93,788]],[[48559,34912],[601,47]],[[43657,35182],[-210,-799],[171,-588],[601,-105]],[[41441,32044],[476,1258]],[[41917,33302],[281,-71],[585,1305],[117,658]],[[42900,35194],[757,-12]],[[55374,31092],[468,1504],[63,882],[983,1540],[226,670]],[[57114,35688],[2085,-3186],[764,-1281]],[[54593,33936],[351,-1304],[-366,-1047]],[[50292,33842],[203,941],[851,-882],[734,553],[538,1540]],[[52618,35994],[586,-318],[999,-999],[390,-741]],[[38115,35852],[336,-387],[515,188]],[[38966,35653],[289,-600],[601,-341],[234,-1093],[-195,-788],[86,-1010]],[[37218,34665],[343,564],[-62,776],[616,-153]],[[29467,30751],[39,3044],[390,835]],[[29896,34630],[546,-376],[133,564]],[[30575,34818],[1054,1176]],[[31629,35994],[749,-1493],[-16,-659],[-897,-341],[-219,-634]],[[19725,35911],[882,-1516],[78,-611]],[[18484,33231],[-1015,1375],[-15,506]],[[17454,35112],[726,635],[1303,411],[242,-247]],[[15401,34971],[780,-623],[-242,-1481],[383,-1152]],[[13988,32573],[133,858],[-812,823],[-523,834],[93,1423]],[[12879,36511],[1499,-800],[1023,-740]],[[19725,35911],[320,212]],[[20045,36123],[882,317],[1335,-12],[-8,-1504],[234,-894],[-109,-470]],[[25322,36522],[905,-387]],[[26227,36135],[-132,-412],[-180,-2069]],[[22941,32585],[804,458],[39,799],[-328,1035],[-320,188],[-39,1375]],[[23097,36440],[476,177],[1749,-95]],[[41917,33302],[-414,493],[-546,1293],[-843,388]],[[40114,35476],[593,529],[211,776]],[[40918,36781],[562,-23],[999,-1435],[421,-129]],[[33666,35465],[265,-1258],[758,-529],[437,-553]],[[31629,35994],[62,881]],[[31691,36875],[765,-188],[671,-917],[539,-305]],[[45687,33925],[179,2868]],[[45866,36793],[320,176]],[[46186,36969],[94,-423],[820,-482],[328,47],[1131,-1199]],[[28389,36758],[328,-988],[484,-635],[695,-505]],[[27429,33654],[281,1364],[24,1822],[655,-82]],[[54593,33936],[-101,1446],[1615,1246],[172,470]],[[56279,37098],[835,-1410]],[[17547,36334],[-93,-1222]],[[15401,34971],[62,1222],[375,894]],[[15838,37087],[1085,23],[187,-1140],[437,364]],[[33666,35465],[219,1833],[335,212]],[[34220,37510],[1132,-764],[726,-1340],[148,-1211]],[[38966,35653],[500,1916],[320,-1493],[328,-600]],[[8774,37886],[101,-917]],[[8875,36969],[468,-1610],[516,-400]],[[7267,33102],[-101,188]],[[7166,33290],[101,1164],[601,364],[-101,846],[374,71],[398,1316],[-195,917]],[[8344,37968],[430,-82]],[[43657,35182],[359,670],[367,-446],[141,1610]],[[44524,37016],[453,988],[889,-1211]],[[12809,37193],[70,-682]],[[8875,36969],[1257,-399],[718,799],[156,693],[1069,-35],[734,-834]],[[52493,37345],[125,-1351]],[[49160,34959],[-164,1058],[-39,1987]],[[48957,38004],[1187,-576],[796,740]],[[50940,38168],[703,47],[850,-870]],[[48622,38603],[335,-599]],[[46186,36969],[0,729],[898,247],[187,799]],[[47271,38744],[640,-247],[711,106]],[[52493,37345],[430,-317],[796,1222],[757,-58],[968,623]],[[55444,38815],[835,-1717]],[[35274,38685],[1038,-329],[297,470],[421,-752]],[[37030,38074],[437,-376]],[[37467,37698],[164,-940],[383,-141],[101,-765]],[[34220,37510],[312,1528],[742,-353]],[[43408,38627],[-39,-506],[499,-717],[656,-388]],[[40918,36781],[15,776],[-312,1011]],[[40621,38568],[328,23],[531,823]],[[41480,39414],[187,-435],[1741,-352]],[[23011,39308],[133,-293],[-109,-1376],[-250,-1105],[312,-94]],[[20045,36123],[281,2174]],[[20326,38297],[195,-176],[1460,412],[-8,717],[1038,58]],[[20248,39179],[78,-882]],[[17547,36334],[-31,776],[445,1387]],[[17961,38497],[273,1023]],[[18234,39520],[640,-764],[539,-47],[351,658],[484,-188]],[[17906,39367],[55,-870]],[[15838,37087],[218,1657],[-179,764]],[[15877,39508],[382,47],[695,-682],[952,494]],[[7166,33290],[-203,917],[-469,153],[-484,623]],[[6010,34983],[258,1328],[351,282],[47,1046],[-179,459],[366,1199],[266,282]],[[7119,39579],[577,-365],[172,-752],[476,-494]],[[15721,39614],[156,-106]],[[12809,37193],[188,1704],[554,-129],[234,470]],[[13785,39238],[695,294],[624,-482],[617,564]],[[27585,39826],[890,-412]],[[28475,39414],[242,-1434],[-328,-1222]],[[26227,36135],[234,1622],[305,517],[273,1505],[546,47]],[[29755,39402],[-195,-1422],[882,-1410],[133,-1752]],[[28475,39414],[110,564],[725,177],[445,-753]],[[39200,39873],[1343,-1023],[78,-282]],[[37467,37698],[562,682],[344,1892]],[[38373,40272],[336,-482],[491,83]],[[45265,40437],[789,-729],[944,-282]],[[46998,39426],[273,-682]],[[43408,38627],[148,893],[882,-118]],[[44438,39402],[242,-11],[585,1046]],[[37030,38074],[289,106],[570,1140],[289,1281]],[[38178,40601],[195,-329]],[[23550,39849],[1444,-117]],[[24994,39732],[328,-3210]],[[23011,39308],[-421,882],[437,270],[523,-611]],[[48239,40425],[586,-846],[-203,-976]],[[46998,39426],[281,1058]],[[47279,40484],[297,235],[663,-294]],[[31683,40084],[-218,-693],[-70,-1094],[296,-1422]],[[29755,39402],[531,1282],[476,-259],[414,517],[507,-858]],[[6221,41130],[601,-599],[297,-952]],[[6010,34983],[-624,-118],[-843,-635],[-765,247],[-265,-1199],[-250,-317],[-593,576]],[[2670,33537],[203,423],[70,1246],[577,-153],[555,705],[1686,2786],[-117,976],[39,1575],[156,141]],[[5839,41236],[382,-106]],[[35024,40919],[289,-318]],[[35313,40601],[-39,-1916]],[[31683,40084],[320,36],[211,1163]],[[32214,41283],[1116,-1163],[-117,-553],[437,-364],[305,611],[695,12],[374,1093]],[[2256,35629],[-63,1223]],[[2193,36852],[242,399],[172,1117],[258,3244]],[[2865,41612],[1311,36]],[[4176,41648],[125,-1775],[258,-941],[-367,-823],[-1522,-1152],[-352,-611],[-62,-717]],[[2193,36852],[-452,352],[-1148,94],[47,1141],[-297,1434],[-343,117],[281,1611],[749,-259],[1835,270]],[[2670,33537],[-477,282],[63,1810]],[[4176,41648],[468,70],[1195,-482]],[[8774,37886],[101,1199]],[[8875,39085],[648,-341],[0,-1187],[492,588],[-336,388],[507,611],[492,-647],[523,-47],[-187,2351],[898,36],[-118,599]],[[11794,41436],[133,176]],[[11927,41612],[429,-399],[344,446],[531,118]],[[13231,41777],[-281,-1846],[835,-693]],[[48520,41565],[-195,-964]],[[48325,40601],[-86,-176]],[[47279,40484],[-429,-118],[140,1623]],[[46990,41989],[1070,-71],[460,-353]],[[13847,41730],[344,-741],[1241,-82]],[[15432,40907],[289,-1293]],[[13231,41777],[616,-47]],[[39200,39873],[227,940],[468,141]],[[39895,40954],[601,-282],[343,1481],[633,59]],[[41472,42212],[156,-1716],[-148,-1082]],[[19928,42423],[180,-117]],[[20108,42306],[-32,-1317],[-1171,435]],[[18905,41424],[586,1129]],[[19491,42553],[437,-130]],[[38061,40848],[117,-247]],[[35313,40601],[812,729],[133,999],[320,283]],[[36578,42612],[452,-870],[1031,-894]],[[52119,42623],[-508,-1504],[110,-588],[-562,-1023],[-219,-1340]],[[48325,40601],[804,-11],[921,-376],[273,787],[157,1246]],[[50480,42247],[663,-70],[343,423],[633,23]],[[26750,42036],[539,-565],[406,-952],[-110,-693]],[[24994,39732],[562,11],[86,1811],[429,435],[141,740]],[[26212,42729],[538,-693]],[[23160,42118],[437,-1423],[-47,-846]],[[20248,39179],[679,270],[-86,1164],[242,1528],[-226,353]],[[20857,42494],[296,188]],[[21153,42682],[1476,-635],[531,71]],[[43751,41224],[164,-717],[523,-1105]],[[41472,42212],[609,611]],[[42081,42823],[1186,-893],[484,-706]],[[45437,42870],[-140,-1305],[312,-164],[-344,-964]],[[43751,41224],[562,1658],[1124,-12]],[[45437,42870],[304,47]],[[45741,42917],[297,-470],[952,-458]],[[52119,42623],[929,0],[819,353]],[[53867,42976],[796,-2269],[781,-1892]],[[10522,43105],[523,-870],[749,-799]],[[8875,39085],[-382,-82],[-32,1681],[633,-329],[819,1492],[102,1105],[296,177]],[[10311,43129],[211,-24]],[[18234,39520],[-109,1340],[507,576]],[[18632,41436],[273,-12]],[[20108,42306],[374,153],[289,752]],[[20771,43211],[86,-717]],[[19881,42999],[47,-576]],[[19491,42553],[390,446]],[[21138,43270],[15,-588]],[[20771,43211],[367,59]],[[39918,42917],[-210,-705],[187,-1258]],[[38061,40848],[523,835],[296,1751]],[[38880,43434],[484,153],[554,-670]],[[18523,42318],[-117,705]],[[18406,43023],[117,-705]],[[18195,44081],[211,-1058]],[[18523,42318],[109,-882]],[[17906,39367],[-93,1187],[210,353],[-554,635],[336,517],[273,2022]],[[18078,44081],[117,0]],[[6221,41130],[508,-117],[288,846],[-499,611],[70,812],[726,-118],[179,870],[656,-59],[859,-541],[70,729],[882,-153],[351,-881]],[[29763,44257],[148,-846],[789,-235],[515,-435],[812,411],[312,-705],[-125,-1164]],[[26750,42036],[258,517]],[[27008,42553],[492,-529],[663,-247],[125,470],[695,-258],[242,1257],[-149,247]],[[29076,43493],[687,764]],[[44110,43728],[609,0],[718,-858]],[[42081,42823],[93,141]],[[42174,42964],[773,-35],[554,1493],[609,-694]],[[42003,43705],[171,-741]],[[39918,42917],[320,153],[219,1328]],[[40457,44398],[219,141]],[[40676,44539],[960,-435],[367,-399]],[[15432,40907],[-211,341],[305,1552],[93,1669]],[[15619,44469],[531,-318],[187,647]],[[16337,44798],[890,-129],[851,-588]],[[31207,43834],[305,388],[882,-376]],[[32394,43846],[70,-670],[1202,-435]],[[33666,42741],[375,-1058],[546,400],[437,-1164]],[[29763,44257],[148,400]],[[29911,44657],[172,247]],[[30083,44904],[1124,-1070]],[[13730,44539],[219,-493],[687,-424],[-789,-1892]],[[11927,41612],[539,670],[47,1164],[-578,1293]],[[11935,44739],[1358,365],[437,-565]],[[13730,44539],[492,529]],[[14222,45068],[422,47],[109,-834],[866,188]],[[29076,43493],[-413,811]],[[28663,44304],[866,811],[382,-458]],[[44415,44927],[-305,-1199]],[[42003,43705],[195,106],[429,1457]],[[42627,45268],[1788,-341]],[[51198,44927],[-414,-517],[-304,-2163]],[[48520,41565],[297,1587],[218,36],[203,2057]],[[49238,45245],[1960,-318]],[[36601,44833],[219,-928]],[[36820,43905],[-242,-1293]],[[33666,42741],[827,705],[633,-494],[491,964]],[[35617,43916],[453,71],[94,1352],[437,-506]],[[37936,44916],[944,-1482]],[[36820,43905],[491,681]],[[37311,44586],[110,811],[515,-481]],[[36601,44833],[437,294],[273,-541]],[[28280,45374],[47,-682],[336,-388]],[[27008,42553],[-117,1610],[47,1070]],[[26938,45233],[-141,740]],[[26797,45973],[1483,-599]],[[42369,45903],[258,-635]],[[40676,44539],[405,1505]],[[41081,46044],[1288,-141]],[[25384,45727],[-476,-717],[-101,-776],[1358,-670],[47,-835]],[[23160,42118],[-360,834],[344,1070],[367,376],[-102,999],[211,377]],[[23620,45774],[312,-94],[804,576],[648,-529]],[[45804,46491],[258,-106]],[[46062,46385],[374,-1105],[-523,-2222],[-172,-141]],[[44415,44927],[507,1481]],[[44922,46408],[882,83]],[[34369,45832],[530,-1328],[718,-588]],[[32394,43846],[382,329],[383,1175]],[[33159,45350],[460,1164]],[[33619,46514],[750,-682]],[[25384,45727],[632,246],[922,-740]],[[11880,45891],[55,-1152]],[[10522,43105],[109,894],[-593,587]],[[10038,44586],[734,365],[211,1622]],[[10983,46573],[897,-682]],[[47826,46420],[-24,-976],[1436,-199]],[[46062,46385],[320,564],[1444,-529]],[[39637,46432],[211,-1693],[609,-341]],[[37936,44916],[-203,846],[406,1281]],[[38139,47043],[655,-705],[843,94]],[[34369,45832],[1147,670]],[[35516,46502],[781,-752],[187,929],[546,-153],[656,529]],[[37686,47055],[453,-12]],[[15049,47055],[640,82]],[[15689,47137],[500,-905],[148,-1434]],[[14222,45068],[-172,670],[820,1340]],[[14870,47078],[179,-23]],[[30083,44904],[414,2539]],[[30497,47443],[258,-658],[452,-2951]],[[39637,46432],[789,599]],[[40426,47031],[648,482]],[[41074,47513],[7,-1469]],[[11880,45891],[484,600],[110,1140],[257,129]],[[12731,47760],[664,-388],[1014,153],[461,-447]],[[20826,47243],[-16,-2022],[320,-764],[8,-1187]],[[19881,42999],[102,917],[-328,541],[460,1364],[-39,1869]],[[20076,47690],[336,247],[414,-694]],[[19577,48219],[499,-529]],[[18195,44081],[266,376],[85,1763],[336,635],[461,-12],[288,447],[-54,929]],[[23121,48266],[546,-282],[109,-576],[-156,-1634]],[[20826,47243],[304,176]],[[21130,47419],[1991,847]],[[44048,48418],[117,-493],[-227,-1093],[890,-130],[94,-294]],[[42369,45903],[750,2468]],[[43119,48371],[929,47]],[[28912,47654],[-312,-1728],[-320,-552]],[[26797,45973],[-453,906],[-132,717]],[[26212,47596],[484,-118]],[[26696,47478],[991,611],[1225,-435]],[[30497,47443],[-156,682]],[[30341,48125],[484,-130],[640,623],[281,-952],[523,-552],[-70,-941],[351,-58],[609,-765]],[[30310,48148],[31,-23]],[[28912,47654],[211,988]],[[29123,48642],[578,153],[609,-647]],[[48762,48465],[-609,-975],[-327,-1070]],[[45804,46491],[-125,493],[624,953],[-117,1022]],[[46186,48959],[367,-223],[1195,341],[1014,-612]],[[10506,49077],[-226,-1376],[703,-1128]],[[10038,44586],[-109,-352],[-945,376],[55,940],[-297,341],[117,1352],[859,82],[250,882],[538,870]],[[53391,48712],[8,-1269],[234,-177]],[[53633,47266],[-289,-599],[-39,-1034],[172,-1423],[390,-1234]],[[51198,44927],[343,435],[0,964],[601,917],[593,1940]],[[52735,49183],[656,-471]],[[42330,48759],[789,-388]],[[41074,47513],[-55,1646]],[[41019,49159],[375,223]],[[41394,49382],[936,-623]],[[47826,46420],[694,-82],[687,-435],[445,259],[289,1069],[343,153],[406,1740],[1569,305]],[[52259,49429],[476,-246]],[[30918,49523],[1093,-376],[672,-1152],[562,-505],[374,-976]],[[30310,48148],[281,1340],[327,35]],[[40574,49523],[445,-364]],[[40426,47031],[-469,800],[203,1610]],[[40160,49441],[414,82]],[[13051,49676],[-320,-1916]],[[10506,49077],[1226,141],[265,-611],[547,141],[179,952],[328,-24]],[[45968,49723],[218,-764]],[[44048,48418],[179,964]],[[44227,49382],[726,24],[226,317],[789,0]],[[41394,49382],[507,741]],[[41901,50123],[570,-447],[-141,-917]],[[37428,50570],[-78,-1564],[586,-1516],[-250,-435]],[[35516,46502],[-211,788],[-538,47],[-804,741],[195,2257]],[[34158,50335],[382,-165]],[[34540,50170],[687,-1187],[1085,-482],[593,1187],[102,647],[421,235]],[[41807,50287],[94,-164]],[[40574,49523],[141,1141],[569,-12],[523,-365]],[[45859,51040],[210,-341],[-101,-976]],[[44227,49382],[55,835]],[[44282,50217],[-31,823]],[[44251,51040],[366,153],[726,-259],[516,106]],[[22972,50875],[375,-1551]],[[23347,49324],[-226,-1058]],[[21130,47419],[55,1223],[-570,-47],[-281,740],[55,1047]],[[20389,50382],[421,-482],[905,1116]],[[21715,51016],[492,224],[765,-365]],[[41807,50287],[86,988]],[[41893,51275],[726,-553],[945,-411],[718,-94]],[[14878,50687],[499,118],[515,-318],[289,-987],[406,-423],[-140,-600],[226,-1093],[-640,118],[-344,-365]],[[15049,47055],[-23,1505],[-289,634],[-31,2175]],[[14706,51369],[172,-682]],[[13051,49676],[328,1517]],[[13379,51193],[1327,176]],[[38716,51146],[1117,-741],[374,59]],[[40207,50464],[-47,-1023]],[[37428,50570],[664,858]],[[38092,51428],[624,-282]],[[19577,48219],[-515,-71],[-211,-870],[-687,94],[-156,623],[359,717],[-227,1493]],[[18140,50205],[-156,776],[156,529],[547,200],[250,-705],[86,-1011],[1366,388]],[[16556,51298],[656,59]],[[17212,51357],[-71,-599],[999,-553]],[[14878,50687],[655,1117],[1023,-506]],[[30918,49523],[47,788],[-320,705]],[[30645,51016],[757,294],[149,588]],[[31551,51898],[413,-47],[726,-823],[929,-176],[539,-517]],[[25837,50969],[218,-388],[719,-2139],[-78,-964]],[[26212,47596],[-804,399],[-219,588],[16,1375],[-430,835],[32,1105]],[[24807,51898],[421,-1176],[609,247]],[[45859,51040],[577,764]],[[46436,51804],[0,-905],[679,12],[383,658],[1491,364]],[[48989,51933],[242,-576],[733,-223],[-210,-1705],[-539,188],[-195,-1057],[-258,-95]],[[23347,49324],[1108,775],[305,1869]],[[24760,51968],[47,-70]],[[29123,48642],[-398,893],[-461,506]],[[28264,50041],[484,1845]],[[28748,51886],[414,-153],[320,494],[1163,-1211]],[[24744,52027],[16,-59]],[[22972,50875],[156,447]],[[23128,51322],[789,893],[827,-188]],[[44696,52062],[-445,-1022]],[[41893,51275],[133,976]],[[42026,52251],[593,-200],[960,223],[1117,-212]],[[48989,51933],[117,271]],[[49106,52204],[624,293],[835,-305],[305,-588],[-133,-682],[789,200],[530,-623],[203,-1070]],[[54944,51628],[102,-623],[-242,-1470],[-305,-1081],[157,-764],[-1023,-424]],[[53391,48712],[312,188],[258,929],[-102,835],[-421,858],[195,1034]],[[53633,52556],[913,-364],[398,-564]],[[34540,50170],[320,1716]],[[34860,51886],[1288,929],[672,-376],[117,-553],[1155,-458]],[[25837,50969],[453,565],[374,1351]],[[26664,52885],[305,-799],[765,-494],[343,-634],[187,-917]],[[26563,53403],[101,-518]],[[24744,52027],[312,1481]],[[25056,53508],[1046,-223],[461,118]],[[52220,53626],[375,-729],[453,294],[585,-635]],[[49106,52204],[281,352],[15,941]],[[49402,53497],[1039,-212],[491,-717],[820,176],[-328,588],[164,494]],[[51588,53826],[632,-200]],[[40207,50464],[234,294],[149,2856]],[[40590,53614],[874,388]],[[41464,54002],[70,-1740],[492,-11]],[[13379,51193],[78,858],[-258,352],[-733,177],[109,1187]],[[12575,53767],[546,-212],[211,-564],[453,71],[414,505]],[[14199,53567],[741,412]],[[14940,53979],[757,129],[391,-247],[132,-635],[750,-329],[-414,-1599]],[[52977,54073],[-476,-623]],[[52501,53450],[234,681]],[[52735,54131],[242,-58]],[[48684,54037],[718,-540]],[[46436,51804],[180,823]],[[46616,52627],[1779,752],[-85,1058]],[[48310,54437],[374,-400]],[[46007,54331],[273,-1399],[336,-305]],[[44696,52062],[62,2246],[484,0]],[[45242,54308],[765,23]],[[39302,54519],[655,-388],[235,-646],[398,129]],[[38716,51146],[16,822]],[[38732,51968],[265,765],[55,1187],[250,599]],[[51939,54637],[617,-423]],[[52556,54214],[179,-83]],[[52501,53450],[-281,176]],[[51588,53826],[351,811]],[[34860,51886],[-421,212],[-156,787],[1264,1094],[734,846]],[[36281,54825],[905,-893],[758,-447],[218,-694],[570,-823]],[[20529,53826],[414,-447],[117,-752],[655,-1611]],[[17212,51357],[164,1328],[538,482],[-234,1070],[164,952]],[[17844,55189],[414,-1563],[421,-917],[383,-82],[476,881],[991,318]],[[25798,55248],[851,-1258],[-86,-587]],[[25056,53508],[430,1717],[312,23]],[[55147,55213],[-288,-2974],[85,-611]],[[52977,54073],[453,1116],[960,212],[757,-188]],[[51939,54637],[586,940]],[[52525,55577],[31,-1363]],[[22972,55707],[-523,-894],[367,-294],[-78,-964],[343,-1269],[47,-964]],[[20529,53826],[-367,1163]],[[20162,54989],[1163,-587],[422,305],[132,741],[383,270],[710,-11]],[[43353,55659],[-31,-1034],[-219,-470],[-531,-94],[133,-788],[-312,-799],[-367,-223]],[[41464,54002],[414,282],[312,1681]],[[42190,55965],[710,-12],[453,-294]],[[19655,55695],[507,-706]],[[17844,55189],[-24,212]],[[17820,55401],[367,-141],[601,517],[867,-82]],[[15557,55436],[-617,-1457]],[[14199,53567],[39,764],[-453,1270],[390,693]],[[14175,56294],[414,-423],[453,459]],[[15042,56330],[515,-894]],[[16806,55883],[609,-670],[405,188]],[[15557,55436],[273,1035]],[[15830,56471],[976,-588]],[[27812,55659],[-625,-1692],[110,-423],[1451,-1658]],[[25798,55248],[320,1411]],[[26118,56659],[624,-59],[1070,-941]],[[39107,56212],[257,-729],[-62,-964]],[[36281,54825],[312,388],[188,858],[499,599]],[[37280,56670],[586,-258],[1241,-200]],[[15042,56330],[195,364],[593,-223]],[[27812,55659],[351,1094],[1108,-659],[0,-599],[594,-529],[960,-411],[437,152],[117,-1175],[-148,-1305],[320,-329]],[[43353,55659],[453,1023],[507,-211],[367,352]],[[44680,56823],[484,-282],[78,-2233]],[[46007,54331],[-180,1058],[414,1234]],[[46241,56623],[1280,424],[437,-200],[-187,-1246],[273,-177],[266,-987]],[[13894,57364],[281,-1070]],[[12575,53767],[-172,1117],[110,482],[-172,1069],[749,753],[804,176]],[[22972,55707],[258,481],[203,1388]],[[23433,57576],[382,-494],[828,-376],[1475,-47]],[[52517,55589],[8,-12]],[[48684,54037],[-156,1693],[945,12]],[[49473,55742],[733,-647],[406,-94],[633,729],[171,635]],[[51416,56365],[367,188],[562,-459],[172,-505]],[[41589,57999],[812,-1528],[-211,-506]],[[39107,56212],[944,364],[562,-152],[-55,1340],[609,529]],[[41167,58293],[422,-294]],[[18367,57211],[734,-353],[421,388]],[[19522,57246],[632,-211]],[[20154,57035],[-499,-1340]],[[16806,55883],[546,-59],[109,1340],[-164,1140]],[[17297,58304],[508,-705],[562,-388]],[[43821,58246],[164,-1258],[695,-165]],[[41589,57999],[468,776],[757,-36],[352,-364],[655,-129]],[[49473,55742],[351,2351],[812,-282],[-110,1187]],[[50526,58998],[78,12]],[[50604,59010],[71,-482],[530,-341],[-117,-694],[328,-294],[0,-834]],[[20154,57035],[445,153],[125,869],[476,882],[906,412]],[[22106,59351],[671,-588],[656,-1187]],[[47326,59527],[-531,-1317],[31,-329],[-585,-1258]],[[43821,58246],[1218,869],[960,83],[492,352],[835,-23]],[[13894,57364],[750,1128],[749,-340],[546,1445],[523,36]],[[16462,59633],[391,-1423],[444,94]],[[47326,59527],[39,141]],[[47365,59668],[1397,211],[1343,-23],[8,-893],[413,35]],[[53461,59586],[-39,-717]],[[53422,58869],[-858,-259],[117,1563],[492,-35],[288,-552]],[[37280,56670],[70,576],[-429,306],[-710,1293],[429,1375],[375,-529],[648,-387],[273,-506],[726,-47],[1327,-458],[1178,0]],[[18140,61325],[110,-1058],[-328,-364],[578,-1023],[-133,-1669]],[[16462,59633],[258,670],[773,352],[85,706],[562,-36]],[[54406,61466],[-625,-940],[-320,-940]],[[53422,58869],[-242,-635]],[[53180,58234],[383,-1140],[-203,-1188],[-843,-317]],[[50604,59010],[562,728],[-124,1094],[913,-141],[234,623]],[[52189,61314],[1257,-212],[218,658]],[[53664,61760],[742,-294]],[[20451,61126],[710,-471],[796,235],[484,-329],[-335,-1210]],[[19522,57246],[-234,459],[0,1434],[390,564],[-195,1575],[968,-152]],[[47365,59668],[429,1892],[-242,306]],[[47552,61866],[39,212]],[[47591,62078],[882,82],[1015,-294],[1234,306]],[[50722,62172],[1467,-376],[0,-482]],[[50948,63277],[-226,-1105]],[[47591,62078],[125,1375]],[[47716,63453],[2701,-24],[531,-152]],[[57747,62524],[-765,-764],[-796,-1222],[-47,-553],[-679,-2104]],[[55460,57881],[-336,82],[-531,-470],[-671,47],[-742,694]],[[54406,61466],[351,518],[375,1692]],[[55132,63676],[577,130],[422,-682],[827,-118],[789,-482]],[[18140,61325],[586,130],[273,717],[281,1634],[781,-1000],[390,-1680]],[[47552,61866],[-1327,741],[-351,-565],[-624,541],[-86,752]],[[45164,63335],[1171,447],[226,-141],[1093,388]],[[47654,64029],[62,-576]],[[54125,64064],[1007,-388]],[[53664,61760],[141,870],[-63,1258]],[[53742,63888],[383,176]],[[50058,64640],[851,-211],[39,-1152]],[[47654,64029],[70,952]],[[47724,64981],[406,35],[1280,-352],[648,-24]],[[53742,63888],[-554,717],[102,811]],[[53290,65416],[1030,-341],[-195,-1011]],[[53188,66286],[102,-870]],[[50058,64640],[70,729]],[[50128,65369],[594,94],[242,576]],[[50964,66039],[515,12],[312,435]],[[51791,66486],[382,-494],[484,-59],[531,353]],[[55358,66709],[726,-470],[195,-529],[1210,-294],[437,-435]],[[57926,64981],[648,-176]],[[58574,64805],[-562,-894],[133,-681],[-398,-706]],[[53188,66286],[133,223]],[[53321,66509],[656,353],[655,-364],[726,211]],[[49551,66733],[109,-753],[421,-446]],[[50081,65534],[-1834,388],[-15,811],[679,152],[640,-152]],[[47755,66791],[86,-999],[-117,-811]],[[45164,63335],[78,1341],[-656,916],[227,1176]],[[44813,66768],[1967,-459],[187,647],[788,-165]],[[50128,65369],[-47,165]],[[49551,66733],[585,176],[828,-870]],[[53352,67485],[-31,-976]],[[51791,66486],[421,364],[383,811]],[[52595,67661],[757,-176]],[[51791,66486],[-398,1810],[133,294]],[[51526,68590],[928,-529],[141,-400]],[[59370,68860],[-359,-2750],[-437,-1305]],[[57926,64981],[-93,682],[242,929],[296,11],[476,1152]],[[58847,67755],[102,1117],[421,-12]],[[55358,66709],[-23,611],[929,1693]],[[56264,69013],[585,-811],[273,1117]],[[57122,69319],[554,-365],[-203,-1669],[360,165],[405,775],[609,-470]],[[56264,69013],[-39,541]],[[56225,69554],[562,305],[335,-540]],[[47849,70000],[1998,-1304],[453,11]],[[50300,68707],[687,130],[531,446]],[[51518,69283],[8,-693]],[[47755,66791],[-156,1552],[-827,1046],[-367,1270]],[[46405,70659],[1444,-659]],[[44813,66768],[484,576],[-125,929],[101,1210],[320,858],[-304,706],[15,681]],[[45304,71728],[625,-199],[476,-870]],[[54983,72105],[71,-471],[593,-1187],[468,694]],[[56115,71141],[-47,-1094],[157,-493]],[[53352,67485],[484,1587],[297,106],[484,1540],[-274,1234]],[[54343,71952],[640,153]],[[51518,69283],[1061,647],[352,917],[-242,494]],[[52689,71341],[366,540],[1124,435],[164,-364]],[[59511,71846],[234,-212],[-265,-1163],[-789,341],[-179,963]],[[58512,71775],[23,612]],[[58535,72387],[976,-541]],[[60830,72387],[-344,-1070],[-741,-1222],[-375,-1235]],[[56115,71141],[336,-318],[492,259]],[[56943,71082],[733,-141],[523,987],[313,-153]],[[59511,71846],[499,647],[-15,446]],[[59995,72939],[835,-552]],[[50823,72880],[-39,-740],[570,-694],[-718,-870],[140,-693],[-476,-1176]],[[47849,70000],[-47,729],[289,729],[-101,976],[140,682]],[[48130,73116],[820,-259]],[[48950,72857],[93,-917],[515,12],[24,846],[991,-294],[250,376]],[[55140,72398],[-164,906]],[[54976,73304],[164,-906]],[[58254,73621],[390,-752],[-109,-482]],[[56943,71082],[-156,1411],[312,129],[296,1117]],[[57395,73739],[516,-341],[343,223]],[[54983,72105],[157,293]],[[54976,73304],[15,693],[773,-435],[390,259]],[[56154,73821],[617,447],[624,-529]],[[52634,73880],[117,-1446],[-62,-1093]],[[50823,72880],[382,518],[281,1128]],[[51486,74526],[531,12],[617,-658]],[[47865,73163],[265,-47]],[[45304,71728],[-85,177]],[[45219,71905],[257,646],[-257,541],[-188,1516]],[[45031,74608],[47,59]],[[45078,74667],[1218,-1434],[289,-1281],[562,35],[179,929],[539,247]],[[55936,75196],[218,-1375]],[[52634,73880],[1225,399],[235,588]],[[54094,74867],[585,94],[367,729],[492,-12],[398,-482]],[[62235,74691],[-945,-1564]],[[61290,73127],[-460,-740]],[[59995,72939],[655,776],[157,1352],[-266,599]],[[60541,75666],[586,-505],[366,611]],[[61493,75772],[547,-305],[195,-776]],[[58254,73621],[383,71],[148,834]],[[58785,74526],[382,-12],[555,1094],[-24,493]],[[59698,76101],[843,-435]],[[42752,75525],[86,-1199],[679,94],[156,-905]],[[43673,73515],[-1764,-341],[-102,-799],[-445,-165],[-117,2069]],[[41245,74279],[453,482],[367,1117],[617,164],[70,-517]],[[47162,74985],[-39,-776],[429,-917],[313,-129]],[[45078,74667],[164,294],[-141,1258],[383,411]],[[45484,76630],[656,341]],[[46140,76971],[218,-1070],[367,24],[133,-893],[304,-47]],[[57825,76760],[210,-776],[-101,-1105],[851,-353]],[[55936,75196],[70,600],[952,364],[110,494]],[[57068,76654],[171,423],[586,-317]],[[49199,76372],[32,-459],[-781,-1305],[219,-458],[694,-24],[71,-717],[-484,-552]],[[47162,74985],[539,340],[-718,1094],[624,799],[703,-24],[546,-282],[343,-540]],[[60065,76783],[-960,917]],[[59105,77700],[226,176],[851,-623],[-117,-470]],[[63055,77547],[265,-623],[-1085,-2233]],[[61493,75772],[-874,1093],[578,576]],[[61197,77441],[250,-188],[242,-1011],[460,-58],[109,623],[648,834],[-203,435]],[[62703,78076],[352,-529]],[[41089,78299],[133,-728],[640,23],[531,-870],[585,-517]],[[42978,76207],[-226,-682]],[[41245,74279],[-171,2504],[-656,294],[94,1140],[577,82]],[[45219,71905],[-274,23],[-671,870],[-133,670],[-468,47]],[[42978,76207],[469,623],[-172,1317],[515,317]],[[43790,78464],[453,-1987],[234,-293],[101,-1164],[453,-412]],[[44134,78429],[1178,-1011],[172,-788]],[[43790,78464],[344,-35]],[[61985,78558],[718,-482]],[[61197,77441],[70,952]],[[61267,78393],[718,165]],[[51924,76795],[-445,-764],[-539,-388],[546,-1117]],[[49199,76372],[453,470],[211,881],[-265,788],[335,458],[1405,-1081],[586,-1093]],[[54094,74867],[-617,647],[-47,646],[523,823],[117,1258]],[[54070,78241],[1483,1011]],[[55553,79252],[492,-1129],[-187,-846],[538,-435],[672,-188]],[[51924,76795],[452,164],[679,1975]],[[53055,78934],[703,353],[312,-1046]],[[63640,78370],[117,-611],[-382,-764],[-320,552]],[[61985,78558],[539,-23],[452,999]],[[62976,79534],[305,-941],[359,-223]],[[58028,79687],[62,-718],[991,-846],[24,-423]],[[60065,76783],[-367,-682]],[[57825,76760],[187,1163],[-624,294],[-219,506],[148,1269]],[[57317,79992],[711,-305]],[[61267,78393],[-718,59],[-102,1270]],[[60447,79722],[149,411],[780,-376],[1132,600]],[[62508,80357],[468,-823]],[[63179,80509],[484,-552],[383,-835],[929,1105],[328,588]],[[65303,80815],[273,-1081]],[[65576,79734],[-1155,-706],[-453,-740],[-328,82]],[[62508,80357],[156,599]],[[62664,80956],[515,-447]],[[58800,81085],[1374,-1281],[273,-82]],[[58028,79687],[390,1398],[382,0]],[[63968,81203],[546,-94]],[[64514,81109],[789,-294]],[[63179,80509],[16,764],[773,-70]],[[64514,81109],[547,541]],[[65061,81650],[242,-835]],[[57153,81614],[-242,-893],[406,-729]],[[55553,79252],[-562,846],[578,1011],[304,1081]],[[55873,82190],[1280,-576]],[[59003,81885],[-203,-800]],[[57153,81614],[1850,271]],[[44134,78429],[1397,3138],[812,83],[234,-729],[413,-165],[843,1481],[281,-1293],[-218,-611],[-523,-129],[343,-788],[-359,-940],[-663,211],[-578,-341],[24,-1375]],[[41089,78299],[227,106],[-78,1329],[-344,529],[461,728],[593,-223],[1702,752],[624,1011],[180,-1187],[-102,-2010],[-218,-905]],[[53055,78934],[-109,952],[-601,1576]],[[52345,81462],[398,846],[625,-118]],[[53368,82190],[554,188],[617,-446],[562,975],[772,-717]],[[63968,81203],[-258,787],[445,953]],[[64155,82943],[640,-330],[266,-963]],[[61275,83389],[-156,-740],[1093,-941],[452,-752]],[[59003,81885],[289,247]],[[59292,82132],[671,-435],[164,987],[305,505]],[[60432,83189],[843,200]],[[51807,84553],[413,-835],[351,-94]],[[52571,83624],[375,-423],[-86,-623],[476,-164]],[[53336,82414],[32,-224]],[[52345,81462],[-1108,-24],[-383,376],[-47,1023],[477,588]],[[51284,83425],[398,105],[125,1023]],[[65107,84071],[-7,-705],[-695,59],[-250,-482]],[[61275,83389],[125,976],[460,929]],[[61860,85294],[679,-12],[63,-1046],[374,-541],[531,1140],[484,365],[1116,-1129]],[[60455,85000],[-54,-929]],[[60401,84071],[-523,1317]],[[59878,85388],[577,-388]],[[67964,85411],[-304,-729],[-219,-1445],[-562,-706]],[[66879,82531],[-117,741],[-655,446],[-63,682],[1468,1023],[452,-12]],[[55155,85776],[-648,-1493],[-312,-1188],[-859,-681]],[[52571,83624],[367,412],[71,1152]],[[53009,85188],[452,82],[476,893],[1218,-387]],[[52532,85693],[-725,-1140]],[[51284,83425],[-617,1011],[640,1128],[133,729]],[[51440,86293],[234,352],[858,-952]],[[52532,85693],[477,-505]],[[60401,84071],[31,-882]],[[59292,82132],[94,517],[-757,493],[54,1235],[219,540],[133,1388]],[[59035,86305],[757,-435],[86,-482]],[[68628,86598],[-664,-1187]],[[66879,82531],[-827,-1704],[-164,-929],[-312,-164]],[[65107,84071],[313,1622],[765,-552],[452,870]],[[66637,86011],[648,105],[398,1117],[523,-70],[422,-565]],[[57411,87092],[148,-376],[-296,-1728],[117,-388],[-476,-799],[-281,-964],[-750,-647]],[[55155,85776],[328,-83],[398,776],[187,835]],[[56068,87304],[555,153],[788,-365]],[[58480,88291],[117,-917],[-156,-646],[594,-423]],[[57411,87092],[141,1140],[491,153]],[[58043,88385],[437,-94]],[[65498,87116],[765,-576],[374,-529]],[[61860,85294],[672,740],[195,705],[-414,365],[39,987]],[[62352,88091],[23,635]],[[62375,88726],[383,-341],[1030,-188],[-78,-1117],[437,-752],[1351,788]],[[52017,88632],[78,-329],[921,-341],[359,-670],[968,1516],[960,-834],[258,776],[422,-717],[85,-729]],[[51440,86293],[-617,799],[492,1211]],[[51315,88303],[281,517],[421,-188]],[[60455,85000],[219,787],[460,741],[-187,976],[422,576],[-453,764],[15,587]],[[60931,89431],[305,-823],[374,-376],[742,-141]],[[68667,87539],[-632,952],[-305,858]],[[67730,89349],[453,447],[1022,-282],[586,-776],[-31,-694],[-742,-952],[-351,447]],[[68667,87539],[-39,-941]],[[65498,87116],[367,2868]],[[65865,89984],[476,-764],[1389,129]],[[60057,90313],[874,-882]],[[58480,88291],[656,-470],[562,929],[-94,1775]],[[59604,90525],[453,-212]],[[58043,88385],[-289,1187]],[[57754,89572],[391,-164],[632,1434]],[[58777,90842],[827,-317]],[[61642,90583],[-188,-858],[820,-881]],[[62274,88844],[101,-118]],[[60057,90313],[718,1340]],[[60775,91653],[180,-670],[687,-400]],[[52017,88632],[476,-118],[383,1105],[570,-47],[437,353],[390,752],[664,-435],[445,835],[515,12],[125,529]],[[56022,91618],[445,-271],[1287,-1775]],[[62001,91806],[-359,-1223]],[[60775,91653],[47,940]],[[60822,92593],[344,-11],[835,-776]],[[62274,88844],[461,822],[0,694],[366,517],[1140,-905],[-172,2774]],[[64069,92746],[437,-1328],[125,-1152],[437,-388],[797,106]],[[58777,90842],[-289,599],[-23,1693]],[[58465,93134],[1779,-599],[578,58]],[[52845,92358],[530,-329]],[[53375,92029],[500,-494],[827,-129]],[[54702,91406],[797,447],[523,-235]],[[51315,88303],[-281,1046],[882,2386],[-601,341],[125,800],[437,246],[296,-611],[672,-153]],[[53375,92029],[477,1552]],[[53852,93581],[975,-388],[125,-705],[-250,-1082]],[[57981,95368],[234,-812],[-101,-858],[351,-564]],[[56022,91618],[85,975],[-117,1340],[477,224],[967,-388],[-23,1575]],[[57411,95344],[570,24]],[[62001,91806],[640,1328],[54,682],[-476,2081]],[[62219,95897],[274,-694],[530,-59],[1007,-2010],[39,-388]],[[61743,96508],[8,0]],[[61743,96508],[476,-611]],[[60822,92593],[664,800],[46,834],[-1116,388],[-265,-682],[-351,83],[117,1786],[452,318]],[[60369,96120],[242,846],[1132,-458]],[[57981,95368],[1077,270],[195,458]],[[59253,96096],[242,917],[484,-787],[390,-106]],[[57411,95344],[-515,-235],[-211,576],[-16,1481]],[[56669,97166],[1179,0],[398,294]],[[58246,97460],[672,117],[0,-1269],[335,-212]],[[54905,97977],[453,-1281],[-460,-776],[686,-212],[-335,-1316],[-882,-235],[-515,-576]],[[52845,92358],[210,905],[523,1000],[-585,1422],[39,693],[742,706],[562,-165],[569,1058]],[[54905,97977],[882,-94],[86,576],[547,47],[-78,-1187],[327,-153]],[[58246,97460],[492,2433],[617,-200],[1225,306],[508,-870],[0,-635],[663,-1986]],[[6330,13142],[-7,0]],[[55460,57881],[7,-564],[-320,-2104]]],"transform":{"scale":[0.000012811128111281064,0.000008507085070850724],"translate":[78.215,9.093299999999997]},"objects":{"villages":{"type":"GeometryCollection","geometries":[{"type":null,"properties":{"OBJECTID":394820,"vilnam_soi":" ","stcode11":"33","dtcode11":"626","sdtcode11":"05859","vilcode11":"","stname":"TAMIL NADU","dtname":"Ramanathapuram","sdtname":"Kadaladi","vilname11":" ","vil_lgd":0,"dist_lgd":583,"state_lgd":33,"gp_code":0,"gp_name":"","subdt_lgd":5859,"block_name":"KADALADI","block_lgd":6278,"Remark":null,"ac_no":0,"test":null,"shape_Length":2661.844266580333,"shape_Area":466699.0362088025}},{"type":null,"properties":{"OBJECTID":394830,"vilnam_soi":" ","stcode11":"33","dtcode11":"626","sdtcode11":"05859","vilcode11":"","stname":"TAMIL NADU","dtname":"Ramanathapuram","sdtname":"Kadaladi","vilname11":" ","vil_lgd":0,"dist_lgd":583,"state_lgd":33,"gp_code":0,"gp_name":"","subdt_lgd":5859,"block_name":"KADALADI","block_lgd":6278,"Remark":null,"ac_no":0,"test":null,"shape_Length":1547.2821068347664,"shape_Area":118163.76180327909}},{"arcs":[[0]],"type":"Polygon","properties":{"OBJECTID":394847,"vilnam_soi":" ","stcode11":"33","dtcode11":"626","sdtcode11":"05859","vilcode11":"","stname":"TAMIL NADU","dtname":"Ramanathapuram","sdtname":"Kadaladi","vilname11":" ","vil_lgd":0,"dist_lgd":583,"state_lgd":33,"gp_code":0,"gp_name":"","subdt_lgd":5859,"block_name":"KADALADI","block_lgd":6278,"Remark":null,"ac_no":0,"test":null,"shape_Length":5359.035351582956,"shape_Area":1381466.238899207}},{"type":null,"properties":{"OBJECTID":394863,"vilnam_soi":" ","stcode11":"33","dtcode11":"626","sdtcode11":"05861","vilcode11":"","stname":"TAMIL NADU","dtname":"Ramanathapuram","sdtname":"Rameswaram","vilname11":" ","vil_lgd":0,"dist_lgd":583,"state_lgd":33,"gp_code":0,"gp_name":"","subdt_lgd":5861,"block_name":"MANDAPAM","block_lgd":6280,"Remark":null,"ac_no":0,"test":null,"shape_Length":2504.4151330574323,"shape_Area":190281.19925693702}},{"type":null,"properties":{"OBJECTID":394867,"vilnam_soi":" ","stcode11":"33","dtcode11":"626","sdtcode11":"05861","vilcode11":"","stname":"TAMIL NADU","dtname":"Ramanathapuram","sdtname":"Rameswaram","vilname11":" ","vil_lgd":0,"dist_lgd":583,"state_lgd":33,"gp_code":0,"gp_name":"","subdt_lgd":5861,"block_name":"MANDAPAM","block_lgd":6280,"Remark":null,"ac_no":0,"test":null,"shape_Length":687.6275859198003,"shape_Area":22417.67546862617}},{"type":null,"properties":{"OBJECTID":394870,"vilnam_soi":" ","stcode11":"33","dtcode11":"626","sdtcode11":"05861","vilcode11":"","stname":"TAMIL NADU","dtname":"Ramanathapuram","sdtname":"Rameswaram","vilname11":" ","vil_lgd":0,"dist_lgd":583,"state_lgd":33,"gp_code":0,"gp_name":"","subdt_lgd":5861,"block_name":"MANDAPAM","block_lgd":6280,"Remark":null,"ac_no":0,"test":null,"shape_Length":886.0075097839654,"shape_Area":24097.14703333983}},{"type":null,"properties":{"OBJECTID":394877,"vilnam_soi":" ","stcode11":"33","dtcode11":"626","sdtcode11":"05861","vilcode11":"","stname":"TAMIL NADU","dtname":"Ramanathapuram","sdtname":"Rameswaram","vilname11":" ","vil_lgd":0,"dist_lgd":583,"state_lgd":33,"gp_code":0,"gp_name":"","subdt_lgd":5861,"block_name":"MANDAPAM","block_lgd":6280,"Remark":null,"ac_no":0,"test":null,"shape_Length":1005.372989920635,"shape_Area":32076.07222679484}},{"arcs":[[1,2,3]],"type":"Polygon","properties":{"OBJECTID":394880,"vilnam_soi":"KANNIRAJAPURAM","stcode11":"33","dtcode11":"626","sdtcode11":"05859","vilcode11":"642083","stname":"TAMIL NADU","dtname":"Ramanathapuram","sdtname":"Kadaladi","vilname11":"Kannirajpuram","vil_lgd":642083,"dist_lgd":583,"state_lgd":33,"gp_code":227152,"gp_name":"KANNIRAJPURAM","subdt_lgd":5859,"block_name":"KADALADI","block_lgd":6278,"Remark":null,"ac_no":212,"test":null,"shape_Length":14533.355336098703,"shape_Area":10285423.016426321}},{"arcs":[[4,5,6]],"type":"Polygon","properties":{"OBJECTID":394885,"vilnam_soi":"KUDIRAIMOLI","stcode11":"33","dtcode11":"626","sdtcode11":"05859","vilcode11":"642085","stname":"TAMIL NADU","dtname":"Ramanathapuram","sdtname":"Kadaladi","vilname11":"Kuthiraimozhi","vil_lgd":642085,"dist_lgd":583,"state_lgd":33,"gp_code":227171,"gp_name":"MOOKKAIYUR","subdt_lgd":5859,"block_name":"KADALADI","block_lgd":6278,"Remark":null,"ac_no":0,"test":null,"shape_Length":6521.2689109923485,"shape_Area":2430277.6494540847}},{"type":null,"properties":{"OBJECTID":394891,"vilnam_soi":" ","stcode11":"33","dtcode11":"626","sdtcode11":"05861","vilcode11":"","stname":"TAMIL NADU","dtname":"Ramanathapuram","sdtname":"Rameswaram","vilname11":" ","vil_lgd":0,"dist_lgd":583,"state_lgd":33,"gp_code":0,"gp_name":"","subdt_lgd":5861,"block_name":"MANDAPAM","block_lgd":6280,"Remark":null,"ac_no":0,"test":null,"shape_Length":1705.0219111393828,"shape_Area":97321.74980020525}},{"type":null,"properties":{"OBJECTID":394899,"vilnam_soi":" ","stcode11":"33","dtcode11":"626","sdtcode11":"05861","vilcode11":"","stname":"TAMIL NADU","dtname":"Ramanathapuram","sdtname":"Rameswaram","vilname11":" ","vil_lgd":0,"dist_lgd":583,"state_lgd":33,"gp_code":0,"gp_name":"","subdt_lgd":5861,"block_name":"MANDAPAM","block_lgd":6280,"Remark":null,"ac_no":0,"test":null,"shape_Length":1090.3783468083814,"shape_Area":64421.376244671366}},{"type":null,"properties":{"OBJECTID":394902,"vilnam_soi":" ","stcode11":"33","dtcode11":"626","sdtcode11":"05861","vilcode11":"","stname":"TAMIL NADU","dtname":"Ramanathapuram","sdtname":"Rameswaram","vilname11":" ","vil_lgd":0,"dist_lgd":583,"state_lgd":33,"gp_code":0,"gp_name":"","subdt_lgd":5861,"block_name":"MANDAPAM","block_lgd":6280,"Remark":null,"ac_no":0,"test":null,"shape_Length":559.8272305267584,"shape_Area":17327.58660093125}},{"arcs":[[7,8,9]],"type":"Polygon","properties":{"OBJECTID":394903,"vilnam_soi":"PERIYAKULAM","stcode11":"33","dtcode11":"626","sdtcode11":"05859","vilcode11":"642087","stname":"TAMIL NADU","dtname":"Ramanathapuram","sdtname":"Kadaladi","vilname11":"Periakulam","vil_lgd":642087,"dist_lgd":583,"state_lgd":33,"gp_code":227173,"gp_name":"Oppilaan","subdt_lgd":5859,"block_name":"KADALADI","block_lgd":6278,"Remark":null,"ac_no":0,"test":null,"shape_Length":11726.051454440289,"shape_Area":3160982.6410325523}},{"type":null,"properties":{"OBJECTID":394907,"vilnam_soi":" ","stcode11":"33","dtcode11":"626","sdtcode11":"05861","vilcode11":"","stname":"TAMIL NADU","dtname":"Ramanathapuram","sdtname":"Rameswaram","vilname11":" ","vil_lgd":0,"dist_lgd":583,"state_lgd":33,"gp_code":0,"gp_name":"","subdt_lgd":5861,"block_name":"MANDAPAM","block_lgd":6280,"Remark":null,"ac_no":0,"test":null,"shape_Length":449.0257490162495,"shape_Area":12509.404575903165}},{"type":null,"properties":{"OBJECTID":394911,"vilnam_soi":" ","stcode11":"33","dtcode11":"626","sdtcode11":"05861","vilcode11":"","stname":"TAMIL NADU","dtname":"Ramanathapuram","sdtname":"Rameswaram","vilname11":" ","vil_lgd":0,"dist_lgd":583,"state_lgd":33,"gp_code":0,"gp_name":"","subdt_lgd":5861,"block_name":"MANDAPAM","block_lgd":6280,"Remark":null,"ac_no":0,"test":null,"shape_Length":1364.2066501353045,"shape_Area":98713.54622673267}},{"arcs":[[10,11,-6,12,-2,13,14]],"type":"Polygon","properties":{"OBJECTID":394912,"vilnam_soi":"NARIPPAIYUR","stcode11":"33","dtcode11":"626","sdtcode11":"05859","vilcode11":"642084","stname":"TAMIL NADU","dtname":"Ramanathapuram","sdtname":"Kadaladi","vilname11":"Narippaiyur","vil_lgd":642084,"dist_lgd":583,"state_lgd":33,"gp_code":227172,"gp_name":"NARIPPAIYUR R.F B/B","subdt_lgd":5859,"block_name":"KADALADI","block_lgd":6278,"Remark":null,"ac_no":212,"test":null,"shape_Length":18847.015067375312,"shape_Area":17597846.919529013}},{"type":null,"properties":{"OBJECTID":394918,"vilnam_soi":" ","stcode11":"33","dtcode11":"626","sdtcode11":"05861","vilcode11":"","stname":"TAMIL NADU","dtname":"Ramanathapuram","sdtname":"Rameswaram","vilname11":" ","vil_lgd":0,"dist_lgd":583,"state_lgd":33,"gp_code":0,"gp_name":"","subdt_lgd":5861,"block_name":"MANDAPAM","block_lgd":6280,"Remark":null,"ac_no":0,"test":null,"shape_Length":767.2397082271304,"shape_Area":30482.01481712942}},{"type":null,"properties":{"OBJECTID":394922,"vilnam_soi":" ","stcode11":"33","dtcode11":"626","sdtcode11":"05859","vilcode11":"","stname":"TAMIL NADU","dtname":"Ramanathapuram","sdtname":"Kadaladi","vilname11":" ","vil_lgd":0,"dist_lgd":583,"state_lgd":33,"gp_code":0,"gp_name":"","subdt_lgd":5859,"block_name":"TIRUPPULLANI","block_lgd":6286,"Remark":null,"ac_no":0,"test":null,"shape_Length":1554.4520519464766,"shape_Area":161639.32725495976}},{"type":null,"properties":{"OBJECTID":394923,"vilnam_soi":" ","stcode11":"33","dtcode11":"626","sdtcode11":"05859","vilcode11":"","stname":"TAMIL NADU","dtname":"Ramanathapuram","sdtname":"Kadaladi","vilname11":" ","vil_lgd":0,"dist_lgd":583,"state_lgd":33,"gp_code":0,"gp_name":"","subdt_lgd":5859,"block_name":"TIRUPPULLANI","block_lgd":6286,"Remark":null,"ac_no":0,"test":null,"shape_Length":1421.3530681997534,"shape_Area":121383.80361654241}},{"type":null,"properties":{"OBJECTID":394925,"vilnam_soi":" ","stcode11":"33","dtcode11":"626","sdtcode11":"05859","vilcode11":"","stname":"TAMIL NADU","dtname":"Ramanathapuram","sdtname":"Kadaladi","vilname11":" ","vil_lgd":0,"dist_lgd":583,"state_lgd":33,"gp_code":0,"gp_name":"","subdt_lgd":5859,"block_name":"TIRUPPULLANI","block_lgd":6286,"Remark":null,"ac_no":0,"test":null,"shape_Length":591.871532025809,"shape_Area":26431.51185373002}},{"type":null,"properties":{"OBJECTID":394926,"vilnam_soi":" ","stcode11":"33","dtcode11":"626","sdtcode11":"05861","vilcode11":"","stname":"TAMIL NADU","dtname":"Ramanathapuram","sdtname":"Rameswaram","vilname11":" ","vil_lgd":0,"dist_lgd":583,"state_lgd":33,"gp_code":0,"gp_name":"","subdt_lgd":5861,"block_name":"MANDAPAM","block_lgd":6280,"Remark":null,"ac_no":0,"test":null,"shape_Length":1873.4547991848945,"shape_Area":83254.90141866074}},{"type":null,"properties":{"OBJECTID":394929,"vilnam_soi":" ","stcode11":"33","dtcode11":"626","sdtcode11":"05859","vilcode11":"","stname":"TAMIL NADU","dtname":"Ramanathapuram","sdtname":"Kadaladi","vilname11":" ","vil_lgd":0,"dist_lgd":583,"state_lgd":33,"gp_code":0,"gp_name":"","subdt_lgd":5859,"block_name":"TIRUPPULLANI","block_lgd":6286,"Remark":null,"ac_no":0,"test":null,"shape_Length":313.66324401323317,"shape_Area":7154.459046053894}},{"type":null,"properties":{"OBJECTID":394940,"vilnam_soi":" ","stcode11":"33","dtcode11":"626","sdtcode11":"05860","vilcode11":"","stname":"TAMIL NADU","dtname":"Ramanathapuram","sdtname":"Ramanathapuram","vilname11":" ","vil_lgd":0,"dist_lgd":583,"state_lgd":33,"gp_code":0,"gp_name":"","subdt_lgd":5860,"block_name":"TIRUPPULLANI","block_lgd":6286,"Remark":null,"ac_no":0,"test":null,"shape_Length":2277.2166889329474,"shape_Area":121080.07166633834}},{"arcs":[[15,16,17,18]],"type":"Polygon","properties":{"OBJECTID":394945,"vilnam_soi":"KONDANALLAMPATTI","stcode11":"33","dtcode11":"626","sdtcode11":"05859","vilcode11":"642075","stname":"TAMIL NADU","dtname":"Ramanathapuram","sdtname":"Kadaladi","vilname11":"Kondunallanpatti","vil_lgd":642075,"dist_lgd":583,"state_lgd":33,"gp_code":227161,"gp_name":"KONDUNALLANPATTI A/B","subdt_lgd":5859,"block_name":"KADALADI","block_lgd":6278,"Remark":null,"ac_no":212,"test":null,"shape_Length":16209.97735765334,"shape_Area":13230517.867176557}},{"arcs":[[19,20,21,22,23,-10,24,25]],"type":"Polygon","properties":{"OBJECTID":394949,"vilnam_soi":"MARIYUR","stcode11":"33","dtcode11":"626","sdtcode11":"05859","vilcode11":"642088","stname":"TAMIL NADU","dtname":"Ramanathapuram","sdtname":"Kadaladi","vilname11":"Mariyur","vil_lgd":642088,"dist_lgd":583,"state_lgd":33,"gp_code":227166,"gp_name":"MARIYUR A/C","subdt_lgd":5859,"block_name":"KADALADI","block_lgd":6278,"Remark":null,"ac_no":212,"test":null,"shape_Length":37827.230165457484,"shape_Area":19254624.702082083}},{"type":null,"properties":{"OBJECTID":394956,"vilnam_soi":" ","stcode11":"33","dtcode11":"626","sdtcode11":"05860","vilcode11":"","stname":"TAMIL NADU","dtname":"Ramanathapuram","sdtname":"Ramanathapuram","vilname11":" ","vil_lgd":0,"dist_lgd":583,"state_lgd":33,"gp_code":0,"gp_name":"","subdt_lgd":5860,"block_name":"TIRUPPULLANI","block_lgd":6286,"Remark":null,"ac_no":0,"test":null,"shape_Length":2211.4519547764426,"shape_Area":161555.90362956078}},{"arcs":[[26,-14,-4,27,-16,28]],"type":"Polygon","properties":{"OBJECTID":394958,"vilnam_soi":"TARAIKKUDI","stcode11":"33","dtcode11":"626","sdtcode11":"05859","vilcode11":"642082","stname":"TAMIL NADU","dtname":"Ramanathapuram","sdtname":"Kadaladi","vilname11":"S.Tharaikudi","vil_lgd":642082,"dist_lgd":583,"state_lgd":33,"gp_code":227185,"gp_name":"S.THARAIKUDI","subdt_lgd":5859,"block_name":"KADALADI","block_lgd":6278,"Remark":null,"ac_no":212,"test":null,"shape_Length":35099.70188140696,"shape_Area":39569054.726489425}},{"arcs":[[29,-18,30,31]],"type":"Polygon","properties":{"OBJECTID":394960,"vilnam_soi":"KOKKARSANKOTTAI","stcode11":"33","dtcode11":"626","sdtcode11":"05859","vilcode11":"642074","stname":"TAMIL NADU","dtname":"Ramanathapuram","sdtname":"Kadaladi","vilname11":"Kokkarankottai","vil_lgd":642074,"dist_lgd":583,"state_lgd":33,"gp_code":227160,"gp_name":"Kokkarasankottai","subdt_lgd":5859,"block_name":"KADALADI","block_lgd":6278,"Remark":null,"ac_no":212,"test":null,"shape_Length":25018.907285356076,"shape_Area":16672758.103559947}},{"arcs":[[32,33,-26,34,-7,-12,35,36]],"type":"Polygon","properties":{"OBJECTID":394964,"vilnam_soi":"MUKKAIYUR","stcode11":"33","dtcode11":"626","sdtcode11":"05859","vilcode11":"642086","stname":"TAMIL NADU","dtname":"Ramanathapuram","sdtname":"Kadaladi","vilname11":"Mookkaiyur","vil_lgd":642086,"dist_lgd":583,"state_lgd":33,"gp_code":227171,"gp_name":"MOOKKAIYUR","subdt_lgd":5859,"block_name":"KADALADI","block_lgd":6278,"Remark":null,"ac_no":212,"test":null,"shape_Length":46289.09343700771,"shape_Area":42625645.65931714}},{"arcs":[[37,38]],"type":"Polygon","properties":{"OBJECTID":394966,"vilnam_soi":"BRAHMANKULAM","stcode11":"33","dtcode11":"626","sdtcode11":"05859","vilcode11":"642089","stname":"TAMIL NADU","dtname":"Ramanathapuram","sdtname":"Kadaladi","vilname11":"Brahmanankulam","vil_lgd":642089,"dist_lgd":583,"state_lgd":33,"gp_code":227169,"gp_name":"MELAKIDARAM A/C","subdt_lgd":5859,"block_name":"KADALADI","block_lgd":6278,"Remark":null,"ac_no":212,"test":null,"shape_Length":3126.703688922484,"shape_Area":485139.19628788915}},{"arcs":[[39,40]],"type":"Polygon","properties":{"OBJECTID":394967,"vilnam_soi":"ALAVANGULAM","stcode11":"33","dtcode11":"626","sdtcode11":"05859","vilcode11":"642091","stname":"TAMIL NADU","dtname":"Ramanathapuram","sdtname":"Kadaladi","vilname11":"Alavangulam","vil_lgd":642091,"dist_lgd":583,"state_lgd":33,"gp_code":227157,"gp_name":"KEELASELVANUR","subdt_lgd":5859,"block_name":"KADALADI","block_lgd":6278,"Remark":null,"ac_no":212,"test":null,"shape_Length":2293.766666960677,"shape_Area":297878.42263106554}},{"arcs":[[-38,41]],"type":"Polygon","properties":{"OBJECTID":394969,"vilnam_soi":"SIPHIKKULAM","stcode11":"33","dtcode11":"626","sdtcode11":"05859","vilcode11":"","stname":"TAMIL NADU","dtname":"Ramanathapuram","sdtname":"Kadaladi","vilname11":" ","vil_lgd":0,"dist_lgd":583,"state_lgd":33,"gp_code":0,"gp_name":"","subdt_lgd":5859,"block_name":"KADALADI","block_lgd":6278,"Remark":null,"ac_no":212,"test":null,"shape_Length":1366.995130946422,"shape_Area":120323.42945774789}},{"type":null,"properties":{"OBJECTID":394975,"vilnam_soi":" ","stcode11":"33","dtcode11":"626","sdtcode11":"05859","vilcode11":"","stname":"TAMIL NADU","dtname":"Ramanathapuram","sdtname":"Kadaladi","vilname11":" ","vil_lgd":0,"dist_lgd":583,"state_lgd":33,"gp_code":0,"gp_name":"","subdt_lgd":5859,"block_name":"TIRUPPULLANI","block_lgd":6286,"Remark":null,"ac_no":0,"test":null,"shape_Length":717.3855703060135,"shape_Area":13548.437898733328}},{"arcs":[[-36,-11,42,43,44,45]],"type":"Polygon","properties":{"OBJECTID":394976,"vilnam_soi":"SAYALKUDI","stcode11":"33","dtcode11":"626","sdtcode11":"05859","vilcode11":"803809","stname":"TAMIL NADU","dtname":"Ramanathapuram","sdtname":"Kadaladi","vilname11":"Sayalgudi (TP)","vil_lgd":803809,"dist_lgd":583,"state_lgd":33,"gp_code":0,"gp_name":"","subdt_lgd":5859,"block_name":"KADALADI","block_lgd":6278,"Remark":null,"ac_no":212,"test":null,"shape_Length":24833.090009478736,"shape_Area":19096477.354545955}},{"type":null,"properties":{"OBJECTID":394977,"vilnam_soi":" ","stcode11":"33","dtcode11":"626","sdtcode11":"05860","vilcode11":"","stname":"TAMIL NADU","dtname":"Ramanathapuram","sdtname":"Ramanathapuram","vilname11":" ","vil_lgd":0,"dist_lgd":583,"state_lgd":33,"gp_code":0,"gp_name":"","subdt_lgd":5860,"block_name":"TIRUPPULLANI","block_lgd":6286,"Remark":null,"ac_no":0,"test":null,"shape_Length":200.90708408319006,"shape_Area":2889.8286658452544}},{"type":null,"properties":{"OBJECTID":394978,"vilnam_soi":" ","stcode11":"33","dtcode11":"626","sdtcode11":"05860","vilcode11":"","stname":"TAMIL NADU","dtname":"Ramanathapuram","sdtname":"Ramanathapuram","vilname11":" ","vil_lgd":0,"dist_lgd":583,"state_lgd":33,"gp_code":0,"gp_name":"","subdt_lgd":5860,"block_name":"TIRUPPULLANI","block_lgd":6286,"Remark":null,"ac_no":0,"test":null,"shape_Length":11775.286884713323,"shape_Area":1225458.8900243125}},{"type":null,"properties":{"OBJECTID":394980,"vilnam_soi":" ","stcode11":"33","dtcode11":"626","sdtcode11":"05860","vilcode11":"","stname":"TAMIL NADU","dtname":"Ramanathapuram","sdtname":"Ramanathapuram","vilname11":" ","vil_lgd":0,"dist_lgd":583,"state_lgd":33,"gp_code":0,"gp_name":"","subdt_lgd":5860,"block_name":"MANDAPAM","block_lgd":6280,"Remark":null,"ac_no":0,"test":null,"shape_Length":2197.784657481468,"shape_Area":136800.16857493736}},{"arcs":[[46,47,48,-29,-19,-30,49,50,51]],"type":"Polygon","properties":{"OBJECTID":394991,"vilnam_soi":"NEDUNGULAM","stcode11":"33","dtcode11":"626","sdtcode11":"05859","vilcode11":"642076","stname":"TAMIL NADU","dtname":"Ramanathapuram","sdtname":"Kadaladi","vilname11":"Annaviyendal Nedunkulam","vil_lgd":642076,"dist_lgd":583,"state_lgd":33,"gp_code":227195,"gp_name":"T.Veppangulam","subdt_lgd":5859,"block_name":"KADALADI","block_lgd":6278,"Remark":null,"ac_no":212,"test":null,"shape_Length":21962.879310592874,"shape_Area":12548127.585131625}},{"arcs":[[-43,-15,-27,-49,52]],"type":"Polygon","properties":{"OBJECTID":394992,"vilnam_soi":"IRUVELI","stcode11":"33","dtcode11":"626","sdtcode11":"05859","vilcode11":"642081","stname":"TAMIL NADU","dtname":"Ramanathapuram","sdtname":"Kadaladi","vilname11":"Iruveli","vil_lgd":642081,"dist_lgd":583,"state_lgd":33,"gp_code":227182,"gp_name":"S. KEERANTHAI","subdt_lgd":5859,"block_name":"KADALADI","block_lgd":6278,"Remark":null,"ac_no":212,"test":null,"shape_Length":19351.675136344966,"shape_Area":15068726.511455018}},{"arcs":[[-50,-32,53,54]],"type":"Polygon","properties":{"OBJECTID":394993,"vilnam_soi":"T.KARISALKULAM","stcode11":"33","dtcode11":"626","sdtcode11":"05859","vilcode11":"642073","stname":"TAMIL NADU","dtname":"Ramanathapuram","sdtname":"Kadaladi","vilname11":"T.Karisalkulam","vil_lgd":642073,"dist_lgd":583,"state_lgd":33,"gp_code":227192,"gp_name":"T.KARISALKULAM","subdt_lgd":5859,"block_name":"KADALADI","block_lgd":6278,"Remark":null,"ac_no":212,"test":null,"shape_Length":16884.11334429279,"shape_Area":7901469.874451705}},{"arcs":[[55]],"type":"Polygon","properties":{"OBJECTID":395015,"vilnam_soi":" ","stcode11":"33","dtcode11":"626","sdtcode11":"05860","vilcode11":"","stname":"TAMIL NADU","dtname":"Ramanathapuram","sdtname":"Ramanathapuram","vilname11":" ","vil_lgd":0,"dist_lgd":583,"state_lgd":33,"gp_code":0,"gp_name":"","subdt_lgd":5860,"block_name":"MANDAPAM","block_lgd":6280,"Remark":null,"ac_no":0,"test":null,"shape_Length":10650.130759841442,"shape_Area":2889211.439442985}},{"arcs":[[56,57,-37,-46,58,59]],"type":"Polygon","properties":{"OBJECTID":395016,"vilnam_soi":"KADUGUSANDAI","stcode11":"33","dtcode11":"626","sdtcode11":"05859","vilcode11":"642079","stname":"TAMIL NADU","dtname":"Ramanathapuram","sdtname":"Kadaladi","vilname11":"Kadugusandai","vil_lgd":642079,"dist_lgd":583,"state_lgd":33,"gp_code":227149,"gp_name":"KADUGUSANDAI","subdt_lgd":5859,"block_name":"KADALADI","block_lgd":6278,"Remark":null,"ac_no":212,"test":null,"shape_Length":16218.361601950255,"shape_Area":10545799.880511485}},{"arcs":[[60,61]],"type":"Polygon","properties":{"OBJECTID":395025,"vilnam_soi":"KURICHCHIKULAM","stcode11":"33","dtcode11":"626","sdtcode11":"05859","vilcode11":"642063","stname":"TAMIL NADU","dtname":"Ramanathapuram","sdtname":"Kadaladi","vilname11":"Kuruchchikulam","vil_lgd":642063,"dist_lgd":583,"state_lgd":33,"gp_code":227157,"gp_name":"KEELASELVANUR","subdt_lgd":5859,"block_name":"KADALADI","block_lgd":6278,"Remark":null,"ac_no":212,"test":null,"shape_Length":1960.282066243637,"shape_Area":217948.39239100117}},{"type":null,"properties":{"OBJECTID":395026,"vilnam_soi":" ","stcode11":"33","dtcode11":"626","sdtcode11":"05860","vilcode11":"","stname":"TAMIL NADU","dtname":"Ramanathapuram","sdtname":"Ramanathapuram","vilname11":" ","vil_lgd":0,"dist_lgd":583,"state_lgd":33,"gp_code":0,"gp_name":"","subdt_lgd":5860,"block_name":"MANDAPAM","block_lgd":6280,"Remark":null,"ac_no":0,"test":null,"shape_Length":883.2150145866913,"shape_Area":30396.052339183072}},{"arcs":[[-52,62,63,64]],"type":"Polygon","properties":{"OBJECTID":395029,"vilnam_soi":"TERKUVEPPANGULAM","stcode11":"33","dtcode11":"626","sdtcode11":"05859","vilcode11":"642071","stname":"TAMIL NADU","dtname":"Ramanathapuram","sdtname":"Kadaladi","vilname11":"Tirupativeppangulam","vil_lgd":642071,"dist_lgd":583,"state_lgd":33,"gp_code":227195,"gp_name":"T.Veppangulam","subdt_lgd":5859,"block_name":"KADALADI","block_lgd":6278,"Remark":null,"ac_no":212,"test":null,"shape_Length":12061.652508765932,"shape_Area":5970248.083083499}},{"arcs":[[65,66,-22,67,68,69]],"type":"Polygon","properties":{"OBJECTID":395031,"vilnam_soi":"VALINOKKAM","stcode11":"33","dtcode11":"626","sdtcode11":"05859","vilcode11":"642093","stname":"TAMIL NADU","dtname":"Ramanathapuram","sdtname":"Kadaladi","vilname11":"Valinockam","vil_lgd":642093,"dist_lgd":583,"state_lgd":33,"gp_code":227197,"gp_name":"Valinokkam","subdt_lgd":5859,"block_name":"KADALADI","block_lgd":6278,"Remark":null,"ac_no":212,"test":null,"shape_Length":33022.01383320878,"shape_Area":16620453.975041997}},{"arcs":[[-63,-51,-55,70,71,72]],"type":"Polygon","properties":{"OBJECTID":395034,"vilnam_soi":"TIRUMALUGANDANKOTTAI","stcode11":"33","dtcode11":"626","sdtcode11":"05859","vilcode11":"642072","stname":"TAMIL NADU","dtname":"Ramanathapuram","sdtname":"Kadaladi","vilname11":"Tirumalugandankottai","vil_lgd":642072,"dist_lgd":583,"state_lgd":33,"gp_code":227187,"gp_name":"Senjadainathapuram","subdt_lgd":5859,"block_name":"KADALADI","block_lgd":6278,"Remark":null,"ac_no":212,"test":null,"shape_Length":23412.84469679418,"shape_Area":14487067.547889667}},{"type":null,"properties":{"OBJECTID":395035,"vilnam_soi":" ","stcode11":"33","dtcode11":"626","sdtcode11":"05860","vilcode11":"","stname":"TAMIL NADU","dtname":"Ramanathapuram","sdtname":"Ramanathapuram","vilname11":" ","vil_lgd":0,"dist_lgd":583,"state_lgd":33,"gp_code":0,"gp_name":"","subdt_lgd":5860,"block_name":"MANDAPAM","block_lgd":6280,"Remark":null,"ac_no":0,"test":null,"shape_Length":5813.584901565779,"shape_Area":254512.21621092755}},{"arcs":[[73,-59,-45,74,75,76]],"type":"Polygon","properties":{"OBJECTID":395036,"vilnam_soi":"ARCHCHANAIPAGAM USILANGULAM","stcode11":"33","dtcode11":"626","sdtcode11":"05859","vilcode11":"642078","stname":"TAMIL NADU","dtname":"Ramanathapuram","sdtname":"Kadaladi","vilname11":"Archanaipagam Usilangulam","vil_lgd":642078,"dist_lgd":583,"state_lgd":33,"gp_code":227139,"gp_name":"A.USILANKULAM","subdt_lgd":5859,"block_name":"KADALADI","block_lgd":6278,"Remark":null,"ac_no":212,"test":null,"shape_Length":16800.623348810605,"shape_Area":11722026.2373727}},{"arcs":[[77,-69,78]],"type":"Polygon","properties":{"OBJECTID":395039,"vilnam_soi":"TANICHIYAM","stcode11":"33","dtcode11":"626","sdtcode11":"05859","vilcode11":"642092","stname":"TAMIL NADU","dtname":"Ramanathapuram","sdtname":"Kadaladi","vilname11":"Thanichiyam","vil_lgd":642092,"dist_lgd":583,"state_lgd":33,"gp_code":227193,"gp_name":"THANICHIYAM A/C","subdt_lgd":5859,"block_name":"KADALADI","block_lgd":6278,"Remark":null,"ac_no":212,"test":null,"shape_Length":18290.204131539373,"shape_Area":11472914.872070825}},{"arcs":[[79,-75,-44,-53,-48,80,81]],"type":"Polygon","properties":{"OBJECTID":395044,"vilnam_soi":"VAGAIKKULAM","stcode11":"33","dtcode11":"626","sdtcode11":"05859","vilcode11":"642077","stname":"TAMIL NADU","dtname":"Ramanathapuram","sdtname":"Kadaladi","vilname11":"Silliyanvagaikkulam","vil_lgd":642077,"dist_lgd":583,"state_lgd":33,"gp_code":227183,"gp_name":"S. VAGAIKULAM","subdt_lgd":5859,"block_name":"KADALADI","block_lgd":6278,"Remark":null,"ac_no":212,"test":null,"shape_Length":25468.583569349517,"shape_Area":16453232.68579372}},{"arcs":[[-81,-47,-65,82,83]],"type":"Polygon","properties":{"OBJECTID":395045,"vilnam_soi":"AVATTANDAI","stcode11":"33","dtcode11":"626","sdtcode11":"05859","vilcode11":"642070","stname":"TAMIL NADU","dtname":"Ramanathapuram","sdtname":"Kadaladi","vilname11":"Avathandai","vil_lgd":642070,"dist_lgd":583,"state_lgd":33,"gp_code":227141,"gp_name":"Avathandai","subdt_lgd":5859,"block_name":"KADALADI","block_lgd":6278,"Remark":null,"ac_no":212,"test":null,"shape_Length":19042.11066376261,"shape_Area":13611682.343984734}},{"arcs":[[84,85,-33,-58,86,87]],"type":"Polygon","properties":{"OBJECTID":395048,"vilnam_soi":"MEL SELUVANUR","stcode11":"33","dtcode11":"626","sdtcode11":"05859","vilcode11":"642080","stname":"TAMIL NADU","dtname":"Ramanathapuram","sdtname":"Kadaladi","vilname11":"Melaselvanur","vil_lgd":642080,"dist_lgd":583,"state_lgd":33,"gp_code":227170,"gp_name":"MELASELVANUR","subdt_lgd":5859,"block_name":"KADALADI","block_lgd":6278,"Remark":null,"ac_no":212,"test":null,"shape_Length":29100.110407590742,"shape_Area":22076577.9605659}},{"arcs":[[88,-83,-64,-73,89,90,91]],"type":"Polygon","properties":{"OBJECTID":395056,"vilnam_soi":"KAMUDI","stcode11":"33","dtcode11":"626","sdtcode11":"05858","vilcode11":"642050","stname":"TAMIL NADU","dtname":"Ramanathapuram","sdtname":"Kamuthi","vilname11":"Kadamangalam","vil_lgd":642050,"dist_lgd":583,"state_lgd":33,"gp_code":227209,"gp_name":"Kadamangalam","subdt_lgd":5858,"block_name":"KAMUDI","block_lgd":6279,"Remark":null,"ac_no":212,"test":null,"shape_Length":17077.162780206872,"shape_Area":12942248.671747293}},{"arcs":[[92,-87,-57,93,94]],"type":"Polygon","properties":{"OBJECTID":395062,"vilnam_soi":"MINANGUDI","stcode11":"33","dtcode11":"626","sdtcode11":"05859","vilcode11":"642066","stname":"TAMIL NADU","dtname":"Ramanathapuram","sdtname":"Kadaladi","vilname11":"Meenangudi","vil_lgd":642066,"dist_lgd":583,"state_lgd":33,"gp_code":227167,"gp_name":"Meenagudi","subdt_lgd":5859,"block_name":"KADALADI","block_lgd":6278,"Remark":null,"ac_no":212,"test":null,"shape_Length":16503.486066687517,"shape_Area":12351188.401726415}},{"arcs":[[-40,95,-20,-34,-86,96,-61,97,98,99],[-39,-42]],"type":"Polygon","properties":{"OBJECTID":395063,"vilnam_soi":"KURICHIKULAM","stcode11":"33","dtcode11":"626","sdtcode11":"05859","vilcode11":"642062","stname":"TAMIL NADU","dtname":"Ramanathapuram","sdtname":"Kadaladi","vilname11":"Melakidaram","vil_lgd":642062,"dist_lgd":583,"state_lgd":33,"gp_code":227169,"gp_name":"MELAKIDARAM A/C","subdt_lgd":5859,"block_name":"KADALADI","block_lgd":6278,"Remark":null,"ac_no":212,"test":null,"shape_Length":34075.0264010962,"shape_Area":24754133.23757446}},{"arcs":[[100,101,-76,-80,102,103,104]],"type":"Polygon","properties":{"OBJECTID":395064,"vilnam_soi":"M. KARISALKULAM","stcode11":"33","dtcode11":"626","sdtcode11":"05859","vilcode11":"642069","stname":"TAMIL NADU","dtname":"Ramanathapuram","sdtname":"Kadaladi","vilname11":"M. Karisalkulam","vil_lgd":642069,"dist_lgd":583,"state_lgd":33,"gp_code":227151,"gp_name":"Kaanikoor","subdt_lgd":5859,"block_name":"KADALADI","block_lgd":6278,"Remark":null,"ac_no":212,"test":null,"shape_Length":17003.57090202882,"shape_Area":11975150.855071995}},{"arcs":[[-94,-60,-74,105,106]],"type":"Polygon","properties":{"OBJECTID":395066,"vilnam_soi":"KADALADI","stcode11":"33","dtcode11":"626","sdtcode11":"05859","vilcode11":"642067","stname":"TAMIL NADU","dtname":"Ramanathapuram","sdtname":"Kadaladi","vilname11":" ","vil_lgd":642067,"dist_lgd":583,"state_lgd":33,"gp_code":227148,"gp_name":"KADALADI","subdt_lgd":5859,"block_name":"KADALADI","block_lgd":6278,"Remark":null,"ac_no":212,"test":null,"shape_Length":17155.524343266763,"shape_Area":11096297.894805884}},{"arcs":[[-103,-82,-84,-89,107,108,109]],"type":"Polygon","properties":{"OBJECTID":395067,"vilnam_soi":"M.PUDUKKULAM","stcode11":"33","dtcode11":"626","sdtcode11":"05858","vilcode11":"642043","stname":"TAMIL NADU","dtname":"Ramanathapuram","sdtname":"Kamuthi","vilname11":" ","vil_lgd":642043,"dist_lgd":583,"state_lgd":33,"gp_code":227216,"gp_name":"M.Pudukulam","subdt_lgd":5858,"block_name":"KAMUDI","block_lgd":6279,"Remark":null,"ac_no":212,"test":null,"shape_Length":18078.744367152158,"shape_Area":7490607.118267409}},{"type":null,"properties":{"OBJECTID":395070,"vilnam_soi":" ","stcode11":"33","dtcode11":"626","sdtcode11":"05861","vilcode11":"","stname":"TAMIL NADU","dtname":"Ramanathapuram","sdtname":"Rameswaram","vilname11":" ","vil_lgd":0,"dist_lgd":583,"state_lgd":33,"gp_code":0,"gp_name":"","subdt_lgd":5861,"block_name":"MANDAPAM","block_lgd":6280,"Remark":null,"ac_no":0,"test":null,"shape_Length":1674.5335646296967,"shape_Area":135604.03081119136}},{"arcs":[[110,111,112]],"type":"Polygon","properties":{"OBJECTID":395072,"vilnam_soi":"KILAKARAI","stcode11":"33","dtcode11":"626","sdtcode11":"","vilcode11":"803812","stname":"TAMIL NADU","dtname":"Ramanathapuram","sdtname":"KILAKARAI","vilname11":"Keelakarai (M)","vil_lgd":803812,"dist_lgd":583,"state_lgd":33,"gp_code":0,"gp_name":"","subdt_lgd":6654,"block_name":"TIRUPPULLANI","block_lgd":6286,"Remark":null,"ac_no":0,"test":null,"shape_Length":6072.831511334559,"shape_Area":2084122.4306018308}},{"arcs":[[113,-79,-68,-21,-96,-41,-100,114]],"type":"Polygon","properties":{"OBJECTID":395074,"vilnam_soi":"KOTTANGULAM KIL KIDIRAM","stcode11":"33","dtcode11":"626","sdtcode11":"05859","vilcode11":"642061","stname":"TAMIL NADU","dtname":"Ramanathapuram","sdtname":"Kadaladi","vilname11":"Keelakidaram","vil_lgd":642061,"dist_lgd":583,"state_lgd":33,"gp_code":227155,"gp_name":"KEELAKIDARAM","subdt_lgd":5859,"block_name":"KADALADI","block_lgd":6278,"Remark":null,"ac_no":212,"test":null,"shape_Length":33204.01707222921,"shape_Area":23366693.177920356}},{"arcs":[[-98,-62,-97,-85,115,116]],"type":"Polygon","properties":{"OBJECTID":395079,"vilnam_soi":"KIL SELUVANUR","stcode11":"33","dtcode11":"626","sdtcode11":"05859","vilcode11":"642064","stname":"TAMIL NADU","dtname":"Ramanathapuram","sdtname":"Kadaladi","vilname11":"Keelaselvanur","vil_lgd":642064,"dist_lgd":583,"state_lgd":33,"gp_code":227157,"gp_name":"KEELASELVANUR","subdt_lgd":5859,"block_name":"KADALADI","block_lgd":6278,"Remark":null,"ac_no":212,"test":null,"shape_Length":19724.9790973806,"shape_Area":9107023.464702832}},{"arcs":[[117,118,119]],"type":"Polygon","properties":{"OBJECTID":395081,"vilnam_soi":"MUTHURAMALINGAPURAM","stcode11":"33","dtcode11":"626","sdtcode11":"05858","vilcode11":"642048","stname":"TAMIL NADU","dtname":"Ramanathapuram","sdtname":"Kamuthi","vilname11":" ","vil_lgd":642048,"dist_lgd":583,"state_lgd":33,"gp_code":227234,"gp_name":"Pappurettiapatti","subdt_lgd":5858,"block_name":"KAMUDI","block_lgd":6279,"Remark":null,"ac_no":212,"test":null,"shape_Length":20628.648100842867,"shape_Area":14593313.602184089}},{"arcs":[[120,121,122,-66,123,124,125]],"type":"Polygon","properties":{"OBJECTID":395082,"vilnam_soi":"ERVADI","stcode11":"33","dtcode11":"626","sdtcode11":"","vilcode11":"642094","stname":"TAMIL NADU","dtname":"Ramanathapuram","sdtname":"KILAKARAI","vilname11":"Ervadi","vil_lgd":642094,"dist_lgd":583,"state_lgd":33,"gp_code":227144,"gp_name":"ERVADI","subdt_lgd":6654,"block_name":"KADALADI","block_lgd":6278,"Remark":null,"ac_no":212,"test":null,"shape_Length":24572.751875477687,"shape_Area":25949041.621776927}},{"arcs":[[126,127,-122,128,129]],"type":"Polygon","properties":{"OBJECTID":395084,"vilnam_soi":"MAYAKULAM","stcode11":"33","dtcode11":"626","sdtcode11":"","vilcode11":"642161","stname":"TAMIL NADU","dtname":"Ramanathapuram","sdtname":"KILAKARAI","vilname11":"Mayakulam","vil_lgd":642161,"dist_lgd":583,"state_lgd":33,"gp_code":227473,"gp_name":"Mayakulam","subdt_lgd":6654,"block_name":"TIRUPPULLANI","block_lgd":6286,"Remark":null,"ac_no":211,"test":null,"shape_Length":18655.61074419294,"shape_Area":13581524.829366548}},{"arcs":[[-124,-70,-78,-114,130,131,132,133]],"type":"Polygon","properties":{"OBJECTID":395085,"vilnam_soi":"SIRAIKKULAM","stcode11":"33","dtcode11":"626","sdtcode11":"05859","vilcode11":"642060","stname":"TAMIL NADU","dtname":"Ramanathapuram","sdtname":"Kadaladi","vilname11":"Siraikulam","vil_lgd":642060,"dist_lgd":583,"state_lgd":33,"gp_code":227190,"gp_name":"SIKKAL A/C","subdt_lgd":5859,"block_name":"KADALADI","block_lgd":6278,"Remark":null,"ac_no":212,"test":null,"shape_Length":25754.24516564316,"shape_Area":18000738.65507584}},{"arcs":[[134]],"type":"Polygon","properties":{"OBJECTID":395088,"vilnam_soi":" ","stcode11":"33","dtcode11":"626","sdtcode11":"05860","vilcode11":"","stname":"TAMIL NADU","dtname":"Ramanathapuram","sdtname":"Ramanathapuram","vilname11":" ","vil_lgd":0,"dist_lgd":583,"state_lgd":33,"gp_code":0,"gp_name":"","subdt_lgd":5860,"block_name":"MANDAPAM","block_lgd":6280,"Remark":null,"ac_no":0,"test":null,"shape_Length":18705.126834271156,"shape_Area":6685960.865894129}},{"arcs":[[-129,-121,135]],"type":"Polygon","properties":{"OBJECTID":395091,"vilnam_soi":"PULLANDAI","stcode11":"33","dtcode11":"626","sdtcode11":"","vilcode11":"642160","stname":"TAMIL NADU","dtname":"Ramanathapuram","sdtname":"KILAKARAI","vilname11":"Pullandai","vil_lgd":642160,"dist_lgd":583,"state_lgd":33,"gp_code":227473,"gp_name":"Mayakulam","subdt_lgd":6654,"block_name":"TIRUPPULLANI","block_lgd":6286,"Remark":null,"ac_no":212,"test":null,"shape_Length":12394.665415200645,"shape_Area":7148980.012215934}},{"arcs":[[-106,-77,-102,136,137]],"type":"Polygon","properties":{"OBJECTID":395092,"vilnam_soi":"VEPPANGULAM","stcode11":"33","dtcode11":"626","sdtcode11":"05859","vilcode11":"642068","stname":"TAMIL NADU","dtname":"Ramanathapuram","sdtname":"Kadaladi","vilname11":"K.Veppangulam","vil_lgd":642068,"dist_lgd":583,"state_lgd":33,"gp_code":227138,"gp_name":"A.Punavaasal A/E","subdt_lgd":5859,"block_name":"KADALADI","block_lgd":6278,"Remark":null,"ac_no":212,"test":null,"shape_Length":15799.779982115238,"shape_Area":8528267.102395114}},{"arcs":[[138,-116,-88,-93,139,140,141]],"type":"Polygon","properties":{"OBJECTID":395101,"vilnam_soi":"Orivayal","stcode11":"33","dtcode11":"626","sdtcode11":"05859","vilcode11":"642065","stname":"TAMIL NADU","dtname":"Ramanathapuram","sdtname":"Kadaladi","vilname11":"Orivayal","vil_lgd":642065,"dist_lgd":583,"state_lgd":33,"gp_code":227174,"gp_name":"ORIVAYAL","subdt_lgd":5859,"block_name":"KADALADI","block_lgd":6278,"Remark":null,"ac_no":212,"test":null,"shape_Length":17796.904663857415,"shape_Area":13901175.03191814}},{"arcs":[[142,-91,143,144,145]],"type":"Polygon","properties":{"OBJECTID":395107,"vilnam_soi":"PONDAMPULI","stcode11":"33","dtcode11":"626","sdtcode11":"05858","vilcode11":"642045","stname":"TAMIL NADU","dtname":"Ramanathapuram","sdtname":"Kamuthi","vilname11":"Ponthampuli","vil_lgd":642045,"dist_lgd":583,"state_lgd":33,"gp_code":227238,"gp_name":"Ponthampuli","subdt_lgd":5858,"block_name":"KAMUDI","block_lgd":6279,"Remark":null,"ac_no":212,"test":null,"shape_Length":14081.932252880186,"shape_Area":9702402.09857722}},{"arcs":[[146,147,-125,-134,148]],"type":"Polygon","properties":{"OBJECTID":395110,"vilnam_soi":"IDAMPADAI","stcode11":"33","dtcode11":"626","sdtcode11":"","vilcode11":"642059","stname":"TAMIL NADU","dtname":"Ramanathapuram","sdtname":"KILAKARAI","vilname11":"Idambadal","vil_lgd":642059,"dist_lgd":583,"state_lgd":33,"gp_code":227145,"gp_name":"Ithampadal","subdt_lgd":6654,"block_name":"KADALADI","block_lgd":6278,"Remark":null,"ac_no":212,"test":null,"shape_Length":18632.51876191682,"shape_Area":8952318.876790049}},{"arcs":[[149,-104,-110,150,151]],"type":"Polygon","properties":{"OBJECTID":395111,"vilnam_soi":"VILLANENDAL","stcode11":"33","dtcode11":"626","sdtcode11":"05858","vilcode11":"642042","stname":"TAMIL NADU","dtname":"Ramanathapuram","sdtname":"Kamuthi","vilname11":"Villanendal","vil_lgd":642042,"dist_lgd":583,"state_lgd":33,"gp_code":227216,"gp_name":"M.Pudukulam","subdt_lgd":5858,"block_name":"KAMUDI","block_lgd":6279,"Remark":null,"ac_no":212,"test":null,"shape_Length":13223.667872969965,"shape_Area":5425956.199237372}},{"arcs":[[-108,-92,-143,152,153]],"type":"Polygon","properties":{"OBJECTID":395115,"vilnam_soi":"IDIVILAGI","stcode11":"33","dtcode11":"626","sdtcode11":"05858","vilcode11":"642044","stname":"TAMIL NADU","dtname":"Ramanathapuram","sdtname":"Kamuthi","vilname11":"Idivilagi","vil_lgd":642044,"dist_lgd":583,"state_lgd":33,"gp_code":227205,"gp_name":"Idivilagi","subdt_lgd":5858,"block_name":"KAMUDI","block_lgd":6279,"Remark":null,"ac_no":212,"test":null,"shape_Length":17029.040079402937,"shape_Area":10235106.487543039}},{"arcs":[[154,155,-113,156,-127,157,158,159]],"type":"Polygon","properties":{"OBJECTID":395117,"vilnam_soi":"KILAKKARAI","stcode11":"33","dtcode11":"626","sdtcode11":"","vilcode11":"642158","stname":"TAMIL NADU","dtname":"Ramanathapuram","sdtname":"KILAKARAI","vilname11":"Keelakarai","vil_lgd":642158,"dist_lgd":583,"state_lgd":33,"gp_code":227486,"gp_name":"Thillaiyenthal","subdt_lgd":6654,"block_name":"TIRUPPULLANI","block_lgd":6286,"Remark":null,"ac_no":211,"test":null,"shape_Length":19049.62185731022,"shape_Area":10234157.872467257}},{"arcs":[[160,-111,-156,161,162]],"type":"Polygon","properties":{"OBJECTID":395118,"vilnam_soi":"KANJIRANGUDI","stcode11":"33","dtcode11":"626","sdtcode11":"","vilcode11":"642157","stname":"TAMIL NADU","dtname":"Ramanathapuram","sdtname":"KILAKARAI","vilname11":"Kanjirangudi","vil_lgd":642157,"dist_lgd":583,"state_lgd":33,"gp_code":227466,"gp_name":"Kanjirangudi","subdt_lgd":6654,"block_name":"TIRUPPULLANI","block_lgd":6286,"Remark":null,"ac_no":211,"test":null,"shape_Length":16706.003364272918,"shape_Area":15262840.035135819}},{"arcs":[[163,-105,-150,164,165,-166]],"type":"Polygon","properties":{"OBJECTID":395120,"vilnam_soi":"KOMBUDI","stcode11":"33","dtcode11":"626","sdtcode11":"05858","vilcode11":"642041","stname":"TAMIL NADU","dtname":"Ramanathapuram","sdtname":"Kamuthi","vilname11":"Komboothi","vil_lgd":642041,"dist_lgd":583,"state_lgd":33,"gp_code":227211,"gp_name":"Kathanendal","subdt_lgd":5858,"block_name":"KAMUDI","block_lgd":6279,"Remark":null,"ac_no":212,"test":null,"shape_Length":14855.059316582076,"shape_Area":9077135.49781603}},{"arcs":[[-158,-130,-136,-126,-148,166,167]],"type":"Polygon","properties":{"OBJECTID":395125,"vilnam_soi":"MANIKKANERI","stcode11":"33","dtcode11":"626","sdtcode11":"","vilcode11":"642159","stname":"TAMIL NADU","dtname":"Ramanathapuram","sdtname":"KILAKARAI","vilname11":"Manikkaneri","vil_lgd":642159,"dist_lgd":583,"state_lgd":33,"gp_code":227467,"gp_name":"Komboothi","subdt_lgd":6654,"block_name":"TIRUPPULLANI","block_lgd":6286,"Remark":null,"ac_no":211,"test":null,"shape_Length":18594.87025295445,"shape_Area":9856264.459610853}},{"arcs":[[168,169,170]],"type":"Polygon","properties":{"OBJECTID":395126,"vilnam_soi":"PERIYA PATTANAM","stcode11":"33","dtcode11":"626","sdtcode11":"","vilcode11":"642165","stname":"TAMIL NADU","dtname":"Ramanathapuram","sdtname":"KILAKARAI","vilname11":"Periapattinam","vil_lgd":642165,"dist_lgd":583,"state_lgd":33,"gp_code":227476,"gp_name":"Muthupettai","subdt_lgd":6654,"block_name":"TIRUPPULLANI","block_lgd":6286,"Remark":null,"ac_no":211,"test":null,"shape_Length":5269.753604630941,"shape_Area":1558575.4423126176}},{"arcs":[[171,-131,-115,-99,-117,-139,172,173,174]],"type":"Polygon","properties":{"OBJECTID":395135,"vilnam_soi":"KIRANDAI","stcode11":"33","dtcode11":"626","sdtcode11":"05859","vilcode11":"642055","stname":"TAMIL NADU","dtname":"Ramanathapuram","sdtname":"Kadaladi","vilname11":"Keerandai","vil_lgd":642055,"dist_lgd":583,"state_lgd":33,"gp_code":227158,"gp_name":"P.Keeranthai","subdt_lgd":5859,"block_name":"KADALADI","block_lgd":6278,"Remark":null,"ac_no":212,"test":null,"shape_Length":24267.156380099495,"shape_Area":17233345.945029255}},{"arcs":[[175,-132,-172,176,177]],"type":"Polygon","properties":{"OBJECTID":395136,"vilnam_soi":"PEYKKULAM","stcode11":"33","dtcode11":"626","sdtcode11":"05859","vilcode11":"642056","stname":"TAMIL NADU","dtname":"Ramanathapuram","sdtname":"Kadaladi","vilname11":"Peikulam","vil_lgd":642056,"dist_lgd":583,"state_lgd":33,"gp_code":227178,"gp_name":"PEIKULAM","subdt_lgd":5859,"block_name":"KADALADI","block_lgd":6278,"Remark":null,"ac_no":212,"test":null,"shape_Length":19093.630649089675,"shape_Area":13339901.575268514}},{"arcs":[[178,-153,-146,179,180]],"type":"Polygon","properties":{"OBJECTID":395138,"vilnam_soi":"MAVILANGAI","stcode11":"33","dtcode11":"626","sdtcode11":"05858","vilcode11":"642038","stname":"TAMIL NADU","dtname":"Ramanathapuram","sdtname":"Kamuthi","vilname11":"Mavilangai","vil_lgd":642038,"dist_lgd":583,"state_lgd":33,"gp_code":227219,"gp_name":"Mavilangai","subdt_lgd":5858,"block_name":"KAMUDI","block_lgd":6279,"Remark":null,"ac_no":212,"test":null,"shape_Length":10736.486496006639,"shape_Area":5319333.855336148}},{"arcs":[[181,-180,-145,182,-120,183,184,185]],"type":"Polygon","properties":{"OBJECTID":395143,"vilnam_soi":"THIMMANATHAPURAM","stcode11":"33","dtcode11":"626","sdtcode11":"05858","vilcode11":"642046","stname":"TAMIL NADU","dtname":"Ramanathapuram","sdtname":"Kamuthi","vilname11":"Thimmanathapuram","vil_lgd":642046,"dist_lgd":583,"state_lgd":33,"gp_code":227246,"gp_name":"Thimmanathapuram","subdt_lgd":5858,"block_name":"KAMUDI","block_lgd":6279,"Remark":null,"ac_no":212,"test":null,"shape_Length":31757.171485272494,"shape_Area":19742634.739685293}},{"arcs":[[186,187]],"type":"Polygon","properties":{"OBJECTID":395144,"vilnam_soi":"SENDANERI","stcode11":"33","dtcode11":"626","sdtcode11":"05857","vilcode11":"642000","stname":"TAMIL NADU","dtname":"Ramanathapuram","sdtname":"Mudukulathur","vilname11":"Sendaneri","vil_lgd":642000,"dist_lgd":583,"state_lgd":33,"gp_code":227147,"gp_name":"Severiyarpattinam","subdt_lgd":5857,"block_name":"KADALADI","block_lgd":6278,"Remark":null,"ac_no":212,"test":null,"shape_Length":4188.628540400766,"shape_Area":554014.8537603904}},{"arcs":[[-185,188]],"type":"Polygon","properties":{"OBJECTID":395146,"vilnam_soi":"KAMUDI","stcode11":"33","dtcode11":"626","sdtcode11":"05858","vilcode11":"642047","stname":"TAMIL NADU","dtname":"Ramanathapuram","sdtname":"Kamuthi","vilname11":"T.Valasubramaniapuram","vil_lgd":642047,"dist_lgd":583,"state_lgd":33,"gp_code":227244,"gp_name":"T.Valasubramaniapuram","subdt_lgd":5858,"block_name":"KAMUDI","block_lgd":6279,"Remark":null,"ac_no":212,"test":null,"shape_Length":18426.232506770106,"shape_Area":9870401.012578674}},{"arcs":[[189,-140,-95,-107,-138,190,191,192]],"type":"Polygon","properties":{"OBJECTID":395148,"vilnam_soi":"PUNAVASAL","stcode11":"33","dtcode11":"626","sdtcode11":"05859","vilcode11":"642053","stname":"TAMIL NADU","dtname":"Ramanathapuram","sdtname":"Kadaladi","vilname11":"A.Punavasal","vil_lgd":642053,"dist_lgd":583,"state_lgd":33,"gp_code":227138,"gp_name":"A.Punavaasal A/E","subdt_lgd":5859,"block_name":"KADALADI","block_lgd":6278,"Remark":null,"ac_no":212,"test":null,"shape_Length":22586.267370574817,"shape_Area":20008395.38310328}},{"arcs":[[193,-171,194,195,196,197]],"type":"Polygon","properties":{"OBJECTID":395149,"vilnam_soi":"PERIYA PATTANAM","stcode11":"33","dtcode11":"626","sdtcode11":"","vilcode11":"642145","stname":"TAMIL NADU","dtname":"Ramanathapuram","sdtname":"KILAKARAI","vilname11":"Periapattinam  (Part)","vil_lgd":642145,"dist_lgd":583,"state_lgd":33,"gp_code":227482,"gp_name":"Periyapattinam","subdt_lgd":6654,"block_name":"TIRUPPULLANI","block_lgd":6286,"Remark":null,"ac_no":211,"test":null,"shape_Length":11566.382798201652,"shape_Area":6096757.177088362}},{"arcs":[[198,199,-159,-168,200,201,202]],"type":"Polygon","properties":{"OBJECTID":395158,"vilnam_soi":"VELANUR","stcode11":"33","dtcode11":"626","sdtcode11":"","vilcode11":"642154","stname":"TAMIL NADU","dtname":"Ramanathapuram","sdtname":"KILAKARAI","vilname11":" ","vil_lgd":642154,"dist_lgd":583,"state_lgd":33,"gp_code":227474,"gp_name":"Melamadai","subdt_lgd":6654,"block_name":"TIRUPPULLANI","block_lgd":6286,"Remark":null,"ac_no":211,"test":null,"shape_Length":18714.10375082816,"shape_Area":11962507.503792228}},{"arcs":[[203,-196,204,205,206]],"type":"Polygon","properties":{"OBJECTID":395159,"vilnam_soi":"KALIMANKUNDU","stcode11":"33","dtcode11":"626","sdtcode11":"","vilcode11":"642146","stname":"TAMIL NADU","dtname":"Ramanathapuram","sdtname":"KILAKARAI","vilname11":"Kalimankundu","vil_lgd":642146,"dist_lgd":583,"state_lgd":33,"gp_code":227465,"gp_name":"Kalimankundu","subdt_lgd":6654,"block_name":"TIRUPPULLANI","block_lgd":6286,"Remark":null,"ac_no":211,"test":null,"shape_Length":23463.871728777474,"shape_Area":12523765.748335633}},{"arcs":[[-187,207,-141,-190,208,209]],"type":"Polygon","properties":{"OBJECTID":395160,"vilnam_soi":"MARANDAI","stcode11":"33","dtcode11":"626","sdtcode11":"05859","vilcode11":"642054","stname":"TAMIL NADU","dtname":"Ramanathapuram","sdtname":"Kadaladi","vilname11":"Marandai","vil_lgd":642054,"dist_lgd":583,"state_lgd":33,"gp_code":227147,"gp_name":"Severiyarpattinam","subdt_lgd":5859,"block_name":"KADALADI","block_lgd":6278,"Remark":null,"ac_no":212,"test":null,"shape_Length":16136.198895197927,"shape_Area":13722621.52909098}},{"arcs":[[210,-160,-200,211]],"type":"Polygon","properties":{"OBJECTID":395164,"vilnam_soi":"KULAPATHAM","stcode11":"33","dtcode11":"626","sdtcode11":"","vilcode11":"642155","stname":"TAMIL NADU","dtname":"Ramanathapuram","sdtname":"KILAKARAI","vilname11":"Kulapatham","vil_lgd":642155,"dist_lgd":583,"state_lgd":33,"gp_code":227470,"gp_name":"Kulapatham","subdt_lgd":6654,"block_name":"TIRUPPULLANI","block_lgd":6286,"Remark":null,"ac_no":211,"test":null,"shape_Length":11564.173274215951,"shape_Area":6920226.97029273}},{"arcs":[[212,-149,-133,-176,213,214]],"type":"Polygon","properties":{"OBJECTID":395167,"vilnam_soi":"KEELA SIKKAL","stcode11":"33","dtcode11":"626","sdtcode11":"05859","vilcode11":"642058","stname":"TAMIL NADU","dtname":"Ramanathapuram","sdtname":"Kadaladi","vilname11":" ","vil_lgd":642058,"dist_lgd":583,"state_lgd":33,"gp_code":227190,"gp_name":"SIKKAL A/C","subdt_lgd":5859,"block_name":"KADALADI","block_lgd":6278,"Remark":null,"ac_no":212,"test":null,"shape_Length":20975.417844884418,"shape_Area":11420239.134319732}},{"arcs":[[-201,-167,-147,-213,215]],"type":"Polygon","properties":{"OBJECTID":395169,"vilnam_soi":"PANAIYADIYENDAL","stcode11":"33","dtcode11":"626","sdtcode11":"","vilcode11":"642153","stname":"TAMIL NADU","dtname":"Ramanathapuram","sdtname":"KILAKARAI","vilname11":"Panaydiyendal","vil_lgd":642153,"dist_lgd":583,"state_lgd":33,"gp_code":227480,"gp_name":"Panaiyadiyenthal","subdt_lgd":6654,"block_name":"TIRUPPULLANI","block_lgd":6286,"Remark":null,"ac_no":212,"test":null,"shape_Length":18597.295079035794,"shape_Area":11889157.184931511}},{"arcs":[[216,217,218,219,220]],"type":"Polygon","properties":{"OBJECTID":395171,"vilnam_soi":"MANDAPAM","stcode11":"33","dtcode11":"626","sdtcode11":"05861","vilcode11":"803811","stname":"TAMIL NADU","dtname":"Ramanathapuram","sdtname":"Rameswaram","vilname11":"Mandapam (TP)","vil_lgd":803811,"dist_lgd":583,"state_lgd":33,"gp_code":0,"gp_name":"","subdt_lgd":5861,"block_name":"MANDAPAM","block_lgd":6280,"Remark":null,"ac_no":0,"test":null,"shape_Length":16184.04340316455,"shape_Area":8577231.141166246}},{"arcs":[[221,222,-151,-109,-154,-179,223,224]],"type":"Polygon","properties":{"OBJECTID":395174,"vilnam_soi":"ARIYAMANGALAM","stcode11":"33","dtcode11":"626","sdtcode11":"05858","vilcode11":"642039","stname":"TAMIL NADU","dtname":"Ramanathapuram","sdtname":"Kamuthi","vilname11":"Ariamangalam","vil_lgd":642039,"dist_lgd":583,"state_lgd":33,"gp_code":227201,"gp_name":"Ariamangalam","subdt_lgd":5858,"block_name":"KAMUDI","block_lgd":6279,"Remark":null,"ac_no":212,"test":null,"shape_Length":21254.564790724624,"shape_Area":14546234.621534187}},{"arcs":[[225,-162,-155,-211,226]],"type":"Polygon","properties":{"OBJECTID":395175,"vilnam_soi":"PALLAMORKKULAM","stcode11":"33","dtcode11":"626","sdtcode11":"","vilcode11":"642156","stname":"TAMIL NADU","dtname":"Ramanathapuram","sdtname":"KILAKARAI","vilname11":"Pallamerkkulam","vil_lgd":642156,"dist_lgd":583,"state_lgd":33,"gp_code":227486,"gp_name":"Thillaiyenthal","subdt_lgd":6654,"block_name":"TIRUPPULLANI","block_lgd":6286,"Remark":null,"ac_no":211,"test":null,"shape_Length":17421.97048746789,"shape_Area":11257557.381046262}},{"arcs":[[227,228,-169,-194,229,230]],"type":"Polygon","properties":{"OBJECTID":395178,"vilnam_soi":"KARAN","stcode11":"33","dtcode11":"626","sdtcode11":"05860","vilcode11":"642144","stname":"TAMIL NADU","dtname":"Ramanathapuram","sdtname":"Ramanathapuram","vilname11":"Karan","vil_lgd":642144,"dist_lgd":583,"state_lgd":33,"gp_code":227255,"gp_name":"Karan","subdt_lgd":5860,"block_name":"MANDAPAM","block_lgd":6280,"Remark":null,"ac_no":211,"test":null,"shape_Length":16174.243799345773,"shape_Area":12020725.59057583}},{"arcs":[[-191,-137,-101,-164,165,231,232,233]],"type":"Polygon","properties":{"OBJECTID":395180,"vilnam_soi":"APPANUR","stcode11":"33","dtcode11":"626","sdtcode11":"05859","vilcode11":"642051","stname":"TAMIL NADU","dtname":"Ramanathapuram","sdtname":"Kadaladi","vilname11":"Appanur","vil_lgd":642051,"dist_lgd":583,"state_lgd":33,"gp_code":227140,"gp_name":"Appanur","subdt_lgd":5859,"block_name":"KADALADI","block_lgd":6278,"Remark":null,"ac_no":212,"test":null,"shape_Length":29141.155979261337,"shape_Area":22520835.31657547}},{"arcs":[[-219,234,235,236]],"type":"Polygon","properties":{"OBJECTID":395181,"vilnam_soi":"MANDAPAM","stcode11":"33","dtcode11":"626","sdtcode11":"05860","vilcode11":"642141","stname":"TAMIL NADU","dtname":"Ramanathapuram","sdtname":"Ramanathapuram","vilname11":"Mandapam","vil_lgd":642141,"dist_lgd":583,"state_lgd":33,"gp_code":227260,"gp_name":"Maraikayarpattinam","subdt_lgd":5860,"block_name":"MANDAPAM","block_lgd":6280,"Remark":null,"ac_no":211,"test":null,"shape_Length":36158.11854327692,"shape_Area":20376979.543301772}},{"arcs":[[-173,-142,-208,-188,-210,237,238]],"type":"Polygon","properties":{"OBJECTID":395187,"vilnam_soi":"MEL SIRUPODU","stcode11":"33","dtcode11":"626","sdtcode11":"05857","vilcode11":"642001","stname":"TAMIL NADU","dtname":"Ramanathapuram","sdtname":"Mudukulathur","vilname11":"Melachirupodhu","vil_lgd":642001,"dist_lgd":583,"state_lgd":33,"gp_code":227168,"gp_name":"MELACHIRUPODHU","subdt_lgd":5857,"block_name":"KADALADI","block_lgd":6278,"Remark":null,"ac_no":212,"test":null,"shape_Length":18655.437210978882,"shape_Area":9927567.731964368}},{"arcs":[[239,240,241,242,243]],"type":"Polygon","properties":{"OBJECTID":395188,"vilnam_soi":"NOCHIYURANI","stcode11":"33","dtcode11":"626","sdtcode11":"05860","vilcode11":"642142","stname":"TAMIL NADU","dtname":"Ramanathapuram","sdtname":"Ramanathapuram","vilname11":"Nochiyurani","vil_lgd":642142,"dist_lgd":583,"state_lgd":33,"gp_code":227259,"gp_name":"Manangudi","subdt_lgd":5860,"block_name":"MANDAPAM","block_lgd":6280,"Remark":null,"ac_no":0,"test":null,"shape_Length":17100.591330342544,"shape_Area":11748221.097336946}},{"arcs":[[-236,244,-241,245,246]],"type":"Polygon","properties":{"OBJECTID":395192,"vilnam_soi":"SATTAKKONVALASAI","stcode11":"33","dtcode11":"626","sdtcode11":"05860","vilcode11":"642140","stname":"TAMIL NADU","dtname":"Ramanathapuram","sdtname":"Ramanathapuram","vilname11":"Sattakkonvalasai","vil_lgd":642140,"dist_lgd":583,"state_lgd":33,"gp_code":227271,"gp_name":"Sathakonvalasai","subdt_lgd":5860,"block_name":"MANDAPAM","block_lgd":6280,"Remark":null,"ac_no":211,"test":null,"shape_Length":18616.93692211326,"shape_Area":16763407.992253589}},{"arcs":[[247,-232,-166,-165,-152,-223,248,249]],"type":"Polygon","properties":{"OBJECTID":395194,"vilnam_soi":"KOVILANKULAM","stcode11":"33","dtcode11":"626","sdtcode11":"05858","vilcode11":"642040","stname":"TAMIL NADU","dtname":"Ramanathapuram","sdtname":"Kamuthi","vilname11":"Kovilangulam","vil_lgd":642040,"dist_lgd":583,"state_lgd":33,"gp_code":227215,"gp_name":"Kovilangulam","subdt_lgd":5858,"block_name":"KAMUDI","block_lgd":6279,"Remark":null,"ac_no":212,"test":null,"shape_Length":22836.37420227629,"shape_Area":22303248.721984234}},{"arcs":[[-214,-178,250,251,252]],"type":"Polygon","properties":{"OBJECTID":395197,"vilnam_soi":"PANIVASAL","stcode11":"33","dtcode11":"626","sdtcode11":"05859","vilcode11":"642057","stname":"TAMIL NADU","dtname":"Ramanathapuram","sdtname":"Kadaladi","vilname11":"Panivasal","vil_lgd":642057,"dist_lgd":583,"state_lgd":33,"gp_code":227176,"gp_name":"PANIVASAL A/B","subdt_lgd":5859,"block_name":"KADALADI","block_lgd":6278,"Remark":null,"ac_no":212,"test":null,"shape_Length":17091.721770048654,"shape_Area":10021963.465600567}},{"arcs":[[253,-243,254,255,256]],"type":"Polygon","properties":{"OBJECTID":395200,"vilnam_soi":"PUDUMATAM","stcode11":"33","dtcode11":"626","sdtcode11":"05860","vilcode11":"642143","stname":"TAMIL NADU","dtname":"Ramanathapuram","sdtname":"Ramanathapuram","vilname11":"Pudumadam","vil_lgd":642143,"dist_lgd":583,"state_lgd":33,"gp_code":227268,"gp_name":"Pudumadam","subdt_lgd":5860,"block_name":"MANDAPAM","block_lgd":6280,"Remark":null,"ac_no":0,"test":null,"shape_Length":14014.116430570572,"shape_Area":8750523.698175076}},{"arcs":[[257,-192,-234,258,259,260]],"type":"Polygon","properties":{"OBJECTID":395202,"vilnam_soi":"KADALADI","stcode11":"33","dtcode11":"626","sdtcode11":"05859","vilcode11":"642052","stname":"TAMIL NADU","dtname":"Ramanathapuram","sdtname":"Kadaladi","vilname11":"Oruvanendal","vil_lgd":642052,"dist_lgd":583,"state_lgd":33,"gp_code":227175,"gp_name":"Oruvanenthal","subdt_lgd":5859,"block_name":"KADALADI","block_lgd":6278,"Remark":null,"ac_no":212,"test":null,"shape_Length":17168.88771552122,"shape_Area":12251025.496857097}},{"arcs":[[261,-224,-181,-182,262]],"type":"Polygon","properties":{"OBJECTID":395207,"vilnam_soi":"PAMMANENDAL","stcode11":"33","dtcode11":"626","sdtcode11":"05858","vilcode11":"642037","stname":"TAMIL NADU","dtname":"Ramanathapuram","sdtname":"Kamuthi","vilname11":"Pammanendal","vil_lgd":642037,"dist_lgd":583,"state_lgd":33,"gp_code":227231,"gp_name":"Pammanendal","subdt_lgd":5858,"block_name":"KAMUDI","block_lgd":6279,"Remark":null,"ac_no":212,"test":null,"shape_Length":22816.727125467187,"shape_Area":12895808.732670372}},{"arcs":[[263,-251,-177,-175,264,265]],"type":"Polygon","properties":{"OBJECTID":395209,"vilnam_soi":"ADAKOTHANGUDI","stcode11":"33","dtcode11":"626","sdtcode11":"05857","vilcode11":"641997","stname":"TAMIL NADU","dtname":"Ramanathapuram","sdtname":"Mudukulathur","vilname11":"Athankothangudi","vil_lgd":641997,"dist_lgd":583,"state_lgd":33,"gp_code":227283,"gp_name":"ATHANKOTHANKUDI","subdt_lgd":5857,"block_name":"MUDUKULATHUR","block_lgd":6281,"Remark":null,"ac_no":212,"test":null,"shape_Length":18441.583964212292,"shape_Area":13650819.116196645}},{"arcs":[[266,-197,-204,267,268]],"type":"Polygon","properties":{"OBJECTID":395212,"vilnam_soi":"VANNANKUNDU","stcode11":"33","dtcode11":"626","sdtcode11":"","vilcode11":"642133","stname":"TAMIL NADU","dtname":"Ramanathapuram","sdtname":"KILAKARAI","vilname11":"Vannankundu","vil_lgd":642133,"dist_lgd":583,"state_lgd":33,"gp_code":227462,"gp_name":"Chinnandivalasai","subdt_lgd":6654,"block_name":"TIRUPPULLANI","block_lgd":6286,"Remark":null,"ac_no":211,"test":null,"shape_Length":20848.890413777546,"shape_Area":15209509.85645641}},{"arcs":[[269,-202,-216,270,271]],"type":"Polygon","properties":{"OBJECTID":395214,"vilnam_soi":"NALLIRUKKAI","stcode11":"33","dtcode11":"626","sdtcode11":"","vilcode11":"642152","stname":"TAMIL NADU","dtname":"Ramanathapuram","sdtname":"KILAKARAI","vilname11":"Nalirukkai","vil_lgd":642152,"dist_lgd":583,"state_lgd":33,"gp_code":227478,"gp_name":"Nallirukkai","subdt_lgd":6654,"block_name":"TIRUPPULLANI","block_lgd":6286,"Remark":null,"ac_no":211,"test":null,"shape_Length":16383.172903916718,"shape_Area":12022037.789132534}},{"arcs":[[272,-227,-212,-199,273,274]],"type":"Polygon","properties":{"OBJECTID":395215,"vilnam_soi":"KALARAI","stcode11":"33","dtcode11":"626","sdtcode11":"","vilcode11":"642148","stname":"TAMIL NADU","dtname":"Ramanathapuram","sdtname":"KILAKARAI","vilname11":"Kalari","vil_lgd":642148,"dist_lgd":583,"state_lgd":33,"gp_code":227464,"gp_name":"Kalari","subdt_lgd":6654,"block_name":"TIRUPPULLANI","block_lgd":6286,"Remark":null,"ac_no":211,"test":null,"shape_Length":23026.14918928722,"shape_Area":15564590.297287775}},{"arcs":[[275,-231,276,277,278]],"type":"Polygon","properties":{"OBJECTID":395222,"vilnam_soi":"KUMBARAM","stcode11":"33","dtcode11":"626","sdtcode11":"05860","vilcode11":"642135","stname":"TAMIL NADU","dtname":"Ramanathapuram","sdtname":"Ramanathapuram","vilname11":"Kumbaram","vil_lgd":642135,"dist_lgd":583,"state_lgd":33,"gp_code":227257,"gp_name":"Kumbaram","subdt_lgd":5860,"block_name":"MANDAPAM","block_lgd":6280,"Remark":null,"ac_no":211,"test":null,"shape_Length":9756.310403638932,"shape_Area":4940111.198064988}},{"arcs":[[279,280,-256,281,-228,-276,282]],"type":"Polygon","properties":{"OBJECTID":395223,"vilnam_soi":"RETTAIYURANI","stcode11":"33","dtcode11":"626","sdtcode11":"05860","vilcode11":"642136","stname":"TAMIL NADU","dtname":"Ramanathapuram","sdtname":"Ramanathapuram","vilname11":"Rettaiyurani","vil_lgd":642136,"dist_lgd":583,"state_lgd":33,"gp_code":227256,"gp_name":"Koravalli","subdt_lgd":5860,"block_name":"MANDAPAM","block_lgd":6280,"Remark":null,"ac_no":211,"test":null,"shape_Length":19747.464635712062,"shape_Area":14596446.071651585}},{"arcs":[[283,284,-265,-174,-239,285,286]],"type":"Polygon","properties":{"OBJECTID":395224,"vilnam_soi":"KIL SIRUPODU","stcode11":"33","dtcode11":"626","sdtcode11":"05857","vilcode11":"641998","stname":"TAMIL NADU","dtname":"Ramanathapuram","sdtname":"Mudukulathur","vilname11":"Keelachirupodhu","vil_lgd":641998,"dist_lgd":583,"state_lgd":33,"gp_code":227154,"gp_name":"KEELACHIRUPODHU","subdt_lgd":5857,"block_name":"KADALADI","block_lgd":6278,"Remark":null,"ac_no":212,"test":null,"shape_Length":23108.17400824116,"shape_Area":16267422.117703335}},{"arcs":[[287,288,-221,289]],"type":"Polygon","properties":{"OBJECTID":395225,"vilnam_soi":"MANDAPAM","stcode11":"33","dtcode11":"626","sdtcode11":"05861","vilcode11":"642166","stname":"TAMIL NADU","dtname":"Ramanathapuram","sdtname":"Rameswaram","vilname11":"Pamban","vil_lgd":642166,"dist_lgd":583,"state_lgd":33,"gp_code":227263,"gp_name":"Pamban","subdt_lgd":5861,"block_name":"MANDAPAM","block_lgd":6280,"Remark":null,"ac_no":211,"test":null,"shape_Length":26909.839008381576,"shape_Area":27839004.208618242}},{"arcs":[[-277,-230,-198,-267,290,291,292]],"type":"Polygon","properties":{"OBJECTID":395227,"vilnam_soi":"RAGHUNATHAPURAM","stcode11":"33","dtcode11":"626","sdtcode11":"","vilcode11":"642134","stname":"TAMIL NADU","dtname":"Ramanathapuram","sdtname":"KILAKARAI","vilname11":"Raghunathapuram","vil_lgd":642134,"dist_lgd":583,"state_lgd":33,"gp_code":227477,"gp_name":"Nainamaraikkan","subdt_lgd":6654,"block_name":"TIRUPPULLANI","block_lgd":6286,"Remark":null,"ac_no":211,"test":null,"shape_Length":18120.855157743703,"shape_Area":13274668.4811146}},{"arcs":[[-246,-240,293,294]],"type":"Polygon","properties":{"OBJECTID":395229,"vilnam_soi":"PIRAPPANVALASAI","stcode11":"33","dtcode11":"626","sdtcode11":"05860","vilcode11":"642139","stname":"TAMIL NADU","dtname":"Ramanathapuram","sdtname":"Ramanathapuram","vilname11":"Pirappanvalasai","vil_lgd":642139,"dist_lgd":583,"state_lgd":33,"gp_code":227254,"gp_name":"Irumeni","subdt_lgd":5860,"block_name":"MANDAPAM","block_lgd":6280,"Remark":null,"ac_no":211,"test":null,"shape_Length":14864.784359651214,"shape_Area":12424395.987510774}},{"arcs":[[-206,295,-163,-226,-273,296,297,298,299]],"type":"Polygon","properties":{"OBJECTID":395230,"vilnam_soi":"TIRUPPULLANI","stcode11":"33","dtcode11":"626","sdtcode11":"","vilcode11":"642147","stname":"TAMIL NADU","dtname":"Ramanathapuram","sdtname":"KILAKARAI","vilname11":"Tiruppullani","vil_lgd":642147,"dist_lgd":583,"state_lgd":33,"gp_code":227468,"gp_name":"Koraikuttam","subdt_lgd":6654,"block_name":"TIRUPPULLANI","block_lgd":6286,"Remark":null,"ac_no":211,"test":null,"shape_Length":34261.531449799564,"shape_Area":29931511.410828296}},{"arcs":[[300,301,-249,-222,302,303]],"type":"Polygon","properties":{"OBJECTID":395232,"vilnam_soi":"O.KARISALKULAM","stcode11":"33","dtcode11":"626","sdtcode11":"05858","vilcode11":"642035","stname":"TAMIL NADU","dtname":"Ramanathapuram","sdtname":"Kamuthi","vilname11":"O.Karisalkulam","vil_lgd":642035,"dist_lgd":583,"state_lgd":33,"gp_code":227229,"gp_name":"O.Karisalkulam","subdt_lgd":5858,"block_name":"KAMUDI","block_lgd":6279,"Remark":null,"ac_no":212,"test":null,"shape_Length":18601.98706143436,"shape_Area":13625834.771640306}},{"arcs":[[304,-272,305,306]],"type":"Polygon","properties":{"OBJECTID":395233,"vilnam_soi":"ALANGULAM","stcode11":"33","dtcode11":"626","sdtcode11":"","vilcode11":"642151","stname":"TAMIL NADU","dtname":"Ramanathapuram","sdtname":"KILAKARAI","vilname11":"Alangulam","vil_lgd":642151,"dist_lgd":583,"state_lgd":33,"gp_code":227461,"gp_name":"Alangulam","subdt_lgd":6654,"block_name":"TIRUPPULLANI","block_lgd":6286,"Remark":null,"ac_no":211,"test":null,"shape_Length":16606.096531375948,"shape_Area":8358170.920319645}},{"arcs":[[-268,-207,-300,307,308]],"type":"Polygon","properties":{"OBJECTID":395237,"vilnam_soi":"KUDAKKOTTAI","stcode11":"33","dtcode11":"626","sdtcode11":"","vilcode11":"642132","stname":"TAMIL NADU","dtname":"Ramanathapuram","sdtname":"KILAKARAI","vilname11":"Kudakottai","vil_lgd":642132,"dist_lgd":583,"state_lgd":33,"gp_code":227469,"gp_name":"Kuthakkottai","subdt_lgd":6654,"block_name":"TIRUPPULLANI","block_lgd":6286,"Remark":null,"ac_no":211,"test":null,"shape_Length":17735.6434140321,"shape_Area":13617155.938007507}},{"arcs":[[309,-259,-233,-248,310,311]],"type":"Polygon","properties":{"OBJECTID":395238,"vilnam_soi":"SONAIPPIRIYANKOTTAI","stcode11":"33","dtcode11":"626","sdtcode11":"05857","vilcode11":"641990","stname":"TAMIL NADU","dtname":"Ramanathapuram","sdtname":"Mudukulathur","vilname11":"Sonaipiriyankottai","vil_lgd":641990,"dist_lgd":583,"state_lgd":33,"gp_code":227159,"gp_name":"KIDATHIRUKKAI","subdt_lgd":5857,"block_name":"KADALADI","block_lgd":6278,"Remark":null,"ac_no":212,"test":null,"shape_Length":16788.537741732216,"shape_Area":10852603.595878802}},{"arcs":[[312,-288,313]],"type":"Polygon","properties":{"OBJECTID":395239,"vilnam_soi":"RAMESWARAM","stcode11":"33","dtcode11":"626","sdtcode11":"05861","vilcode11":"803813","stname":"TAMIL NADU","dtname":"Ramanathapuram","sdtname":"Rameswaram","vilname11":"Rameswaram (M)","vil_lgd":803813,"dist_lgd":583,"state_lgd":33,"gp_code":0,"gp_name":"","subdt_lgd":5861,"block_name":"MANDAPAM","block_lgd":6280,"Remark":null,"ac_no":0,"test":null,"shape_Length":58922.12869257324,"shape_Area":56739432.35147812}},{"arcs":[[314,-303,-225,-262,315,316]],"type":"Polygon","properties":{"OBJECTID":395240,"vilnam_soi":"VEPPANGULAM","stcode11":"33","dtcode11":"626","sdtcode11":"05858","vilcode11":"642036","stname":"TAMIL NADU","dtname":"Ramanathapuram","sdtname":"Kamuthi","vilname11":"K.Veppangulam","vil_lgd":642036,"dist_lgd":583,"state_lgd":33,"gp_code":227208,"gp_name":"K.Veppangulam","subdt_lgd":5858,"block_name":"KAMUDI","block_lgd":6279,"Remark":null,"ac_no":212,"test":null,"shape_Length":20242.391715822443,"shape_Area":10105457.287393607}},{"arcs":[[317,-252,-264,318,319]],"type":"Polygon","properties":{"OBJECTID":395241,"vilnam_soi":"PUSERI","stcode11":"33","dtcode11":"626","sdtcode11":"05857","vilcode11":"641995","stname":"TAMIL NADU","dtname":"Ramanathapuram","sdtname":"Mudukulathur","vilname11":"Pooseri","vil_lgd":641995,"dist_lgd":583,"state_lgd":33,"gp_code":227306,"gp_name":"POOSERI","subdt_lgd":5857,"block_name":"MUDUKULATHUR","block_lgd":6281,"Remark":null,"ac_no":212,"test":null,"shape_Length":14795.403636581432,"shape_Area":8092449.251797608}},{"arcs":[[-294,-244,-254,320,321]],"type":"Polygon","properties":{"OBJECTID":395243,"vilnam_soi":"ENMANAMKONDAN","stcode11":"33","dtcode11":"626","sdtcode11":"05860","vilcode11":"642138","stname":"TAMIL NADU","dtname":"Ramanathapuram","sdtname":"Ramanathapuram","vilname11":"Enmanamkondan","vil_lgd":642138,"dist_lgd":583,"state_lgd":33,"gp_code":227253,"gp_name":"Enmanankondan","subdt_lgd":5860,"block_name":"MANDAPAM","block_lgd":6280,"Remark":null,"ac_no":211,"test":null,"shape_Length":10826.345690778446,"shape_Area":5263217.6768507175}},{"arcs":[[322,-274,-203,-270,-305,323,324]],"type":"Polygon","properties":{"OBJECTID":395244,"vilnam_soi":"UTTARAKOSAMANGAI","stcode11":"33","dtcode11":"626","sdtcode11":"","vilcode11":"642149","stname":"TAMIL NADU","dtname":"Ramanathapuram","sdtname":"KILAKARAI","vilname11":"Utrakosamangai","vil_lgd":642149,"dist_lgd":583,"state_lgd":33,"gp_code":227490,"gp_name":"Thiru Uthirakosamangai","subdt_lgd":6654,"block_name":"TIRUPPULLANI","block_lgd":6286,"Remark":null,"ac_no":211,"test":null,"shape_Length":20606.106158660325,"shape_Area":11316143.334064716}},{"arcs":[[325,326,-286,-238,-209,-193,-258,327]],"type":"Polygon","properties":{"OBJECTID":395248,"vilnam_soi":"ELANJEMBUR","stcode11":"33","dtcode11":"626","sdtcode11":"05857","vilcode11":"641999","stname":"TAMIL NADU","dtname":"Ramanathapuram","sdtname":"Mudukulathur","vilname11":"Ilanchembur","vil_lgd":641999,"dist_lgd":583,"state_lgd":33,"gp_code":227146,"gp_name":"Elajembur","subdt_lgd":5857,"block_name":"KADALADI","block_lgd":6278,"Remark":null,"ac_no":212,"test":null,"shape_Length":24802.230863298075,"shape_Area":19482900.69779507}},{"arcs":[[328,-311,-250,-302,329]],"type":"Polygon","properties":{"OBJECTID":395250,"vilnam_soi":"KALLIKULAM","stcode11":"33","dtcode11":"626","sdtcode11":"05858","vilcode11":"642034","stname":"TAMIL NADU","dtname":"Ramanathapuram","sdtname":"Kamuthi","vilname11":"Kallikulam","vil_lgd":642034,"dist_lgd":583,"state_lgd":33,"gp_code":227206,"gp_name":"Ilandaikulam","subdt_lgd":5858,"block_name":"KAMUDI","block_lgd":6279,"Remark":null,"ac_no":212,"test":null,"shape_Length":14847.815578405327,"shape_Area":7921096.42248515}},{"arcs":[[330,-260,-310,331,332]],"type":"Polygon","properties":{"OBJECTID":395251,"vilnam_soi":"ENANDI","stcode11":"33","dtcode11":"626","sdtcode11":"05857","vilcode11":"641991","stname":"TAMIL NADU","dtname":"Ramanathapuram","sdtname":"Mudukulathur","vilname11":"Enathi","vil_lgd":641991,"dist_lgd":583,"state_lgd":33,"gp_code":227143,"gp_name":"Enathi A/B","subdt_lgd":5857,"block_name":"KADALADI","block_lgd":6278,"Remark":null,"ac_no":212,"test":null,"shape_Length":16266.441119797651,"shape_Area":8274127.44908916}},{"arcs":[[-287,-327,333,334]],"type":"Polygon","properties":{"OBJECTID":395253,"vilnam_soi":"KUMARAKKURICHCHI","stcode11":"33","dtcode11":"626","sdtcode11":"05857","vilcode11":"641993","stname":"TAMIL NADU","dtname":"Ramanathapuram","sdtname":"Mudukulathur","vilname11":"Kumarakkurichi","vil_lgd":641993,"dist_lgd":583,"state_lgd":33,"gp_code":227294,"gp_name":"KUMARAKURICHI","subdt_lgd":5857,"block_name":"MUDUKULATHUR","block_lgd":6281,"Remark":null,"ac_no":212,"test":null,"shape_Length":13476.901053119731,"shape_Area":6154600.91347915}},{"arcs":[[335,-319,-266,-285,336,337]],"type":"Polygon","properties":{"OBJECTID":395254,"vilnam_soi":"TERIRUVELI","stcode11":"33","dtcode11":"626","sdtcode11":"05857","vilcode11":"641994","stname":"TAMIL NADU","dtname":"Ramanathapuram","sdtname":"Mudukulathur","vilname11":"Theriruveli","vil_lgd":641994,"dist_lgd":583,"state_lgd":33,"gp_code":227317,"gp_name":"THERIRUVELI","subdt_lgd":5857,"block_name":"MUDUKULATHUR","block_lgd":6281,"Remark":null,"ac_no":212,"test":null,"shape_Length":19967.336898169247,"shape_Area":12935387.079328721}},{"arcs":[[338,-297,-275,-323,339,340]],"type":"Polygon","properties":{"OBJECTID":395264,"vilnam_soi":"VELLAMARICHCHUKATTI","stcode11":"33","dtcode11":"626","sdtcode11":"","vilcode11":"642130","stname":"TAMIL NADU","dtname":"Ramanathapuram","sdtname":"KILAKARAI","vilname11":"Vellamarichchukkatti","vil_lgd":642130,"dist_lgd":583,"state_lgd":33,"gp_code":227493,"gp_name":"Vellamarichukkatti","subdt_lgd":6654,"block_name":"TIRUPPULLANI","block_lgd":6286,"Remark":null,"ac_no":211,"test":null,"shape_Length":18041.51120462276,"shape_Area":13351364.430430433}},{"arcs":[[-328,-261,-331,341,342,343]],"type":"Polygon","properties":{"OBJECTID":395265,"vilnam_soi":"MUDUKULATTUR","stcode11":"33","dtcode11":"626","sdtcode11":"05857","vilcode11":"641992","stname":"TAMIL NADU","dtname":"Ramanathapuram","sdtname":"Mudukulathur","vilname11":"Kandilan","vil_lgd":641992,"dist_lgd":583,"state_lgd":33,"gp_code":227150,"gp_name":"Kandilan","subdt_lgd":5857,"block_name":"KADALADI","block_lgd":6278,"Remark":null,"ac_no":212,"test":null,"shape_Length":22032.802739741855,"shape_Area":11342811.501361147}},{"arcs":[[-324,-307,344,345,346]],"type":"Polygon","properties":{"OBJECTID":395268,"vilnam_soi":"MALLAL","stcode11":"33","dtcode11":"626","sdtcode11":"","vilcode11":"642150","stname":"TAMIL NADU","dtname":"Ramanathapuram","sdtname":"KILAKARAI","vilname11":"Mallal","vil_lgd":642150,"dist_lgd":583,"state_lgd":33,"gp_code":227472,"gp_name":"Mallal","subdt_lgd":6654,"block_name":"TIRUPPULLANI","block_lgd":6286,"Remark":null,"ac_no":211,"test":null,"shape_Length":15496.534626326995,"shape_Area":8785152.234997645}},{"arcs":[[-304,-315,347,348,349]],"type":"Polygon","properties":{"OBJECTID":395274,"vilnam_soi":"PUDUKKOTTAI","stcode11":"33","dtcode11":"626","sdtcode11":"05858","vilcode11":"642032","stname":"TAMIL NADU","dtname":"Ramanathapuram","sdtname":"Kamuthi","vilname11":"Pudukkottai","vil_lgd":642032,"dist_lgd":583,"state_lgd":33,"gp_code":227204,"gp_name":"Idaiyankulam","subdt_lgd":5858,"block_name":"KAMUDI","block_lgd":6279,"Remark":null,"ac_no":212,"test":null,"shape_Length":14068.51860617608,"shape_Area":9017432.553327123}},{"arcs":[[-345,-306,-271,-215,-253,-318,350,351]],"type":"Polygon","properties":{"OBJECTID":395277,"vilnam_soi":"TALIYARENDAL","stcode11":"33","dtcode11":"626","sdtcode11":"05857","vilcode11":"641996","stname":"TAMIL NADU","dtname":"Ramanathapuram","sdtname":"Mudukulathur","vilname11":"Thaliyanendal","vil_lgd":641996,"dist_lgd":583,"state_lgd":33,"gp_code":227305,"gp_name":"PONNAKKANERI","subdt_lgd":5857,"block_name":"MUDUKULATHUR","block_lgd":6281,"Remark":null,"ac_no":212,"test":null,"shape_Length":21457.34225068433,"shape_Area":16001079.322174711}},{"arcs":[[352,-283,-279,353,354]],"type":"Polygon","properties":{"OBJECTID":395279,"vilnam_soi":"PERUNGULAM","stcode11":"33","dtcode11":"626","sdtcode11":"05860","vilcode11":"642119","stname":"TAMIL NADU","dtname":"Ramanathapuram","sdtname":"Ramanathapuram","vilname11":"Perungulam","vil_lgd":642119,"dist_lgd":583,"state_lgd":33,"gp_code":227266,"gp_name":"Perungulam","subdt_lgd":5860,"block_name":"MANDAPAM","block_lgd":6280,"Remark":null,"ac_no":211,"test":null,"shape_Length":14355.11017654392,"shape_Area":9936336.662127832}},{"arcs":[[355,-332,-312,-329,356,357]],"type":"Polygon","properties":{"OBJECTID":395280,"vilnam_soi":"CHITRANGUDI","stcode11":"33","dtcode11":"626","sdtcode11":"05857","vilcode11":"641989","stname":"TAMIL NADU","dtname":"Ramanathapuram","sdtname":"Mudukulathur","vilname11":"Chithirangudi","vil_lgd":641989,"dist_lgd":583,"state_lgd":33,"gp_code":227142,"gp_name":"CHITHIRANGUDI","subdt_lgd":5857,"block_name":"KADALADI","block_lgd":6278,"Remark":null,"ac_no":212,"test":null,"shape_Length":18339.090352202016,"shape_Area":6770039.036368411}},{"arcs":[[-321,-257,-281,358,359]],"type":"Polygon","properties":{"OBJECTID":395281,"vilnam_soi":"KILNAGACHCHI","stcode11":"33","dtcode11":"626","sdtcode11":"05860","vilcode11":"642137","stname":"TAMIL NADU","dtname":"Ramanathapuram","sdtname":"Ramanathapuram","vilname11":"Nagachi","vil_lgd":642137,"dist_lgd":583,"state_lgd":33,"gp_code":227261,"gp_name":"Keelanagachi","subdt_lgd":5860,"block_name":"MANDAPAM","block_lgd":6280,"Remark":null,"ac_no":211,"test":null,"shape_Length":16081.252779215982,"shape_Area":10337725.470327497}},{"arcs":[[360,-308,-299,361]],"type":"Polygon","properties":{"OBJECTID":395289,"vilnam_soi":"ACHCHADIPURAMBU","stcode11":"33","dtcode11":"626","sdtcode11":"05860","vilcode11":"642131","stname":"TAMIL NADU","dtname":"Ramanathapuram","sdtname":"Ramanathapuram","vilname11":"Achadipirambu","vil_lgd":642131,"dist_lgd":583,"state_lgd":33,"gp_code":227455,"gp_name":"Rajasooriyamadai","subdt_lgd":5860,"block_name":"RAMANATHAPURAM","block_lgd":6285,"Remark":null,"ac_no":211,"test":null,"shape_Length":16467.97837228837,"shape_Area":7385241.404393662}},{"arcs":[[362,-337,-284,-335,363,364,365]],"type":"Polygon","properties":{"OBJECTID":395290,"vilnam_soi":"KARUMAL","stcode11":"33","dtcode11":"626","sdtcode11":"05857","vilcode11":"641987","stname":"TAMIL NADU","dtname":"Ramanathapuram","sdtname":"Mudukulathur","vilname11":"Karumal","vil_lgd":641987,"dist_lgd":583,"state_lgd":33,"gp_code":227281,"gp_name":"ARAPOTHU","subdt_lgd":5857,"block_name":"MUDUKULATHUR","block_lgd":6281,"Remark":null,"ac_no":212,"test":null,"shape_Length":16978.247688988457,"shape_Area":11900303.251513254}},{"arcs":[[366,367,368,-341,369,370]],"type":"Polygon","properties":{"OBJECTID":395292,"vilnam_soi":"EKKAKUDI","stcode11":"33","dtcode11":"626","sdtcode11":"","vilcode11":"642129","stname":"TAMIL NADU","dtname":"Ramanathapuram","sdtname":"KILAKARAI","vilname11":"Ekkakudi","vil_lgd":642129,"dist_lgd":583,"state_lgd":33,"gp_code":227463,"gp_name":"Ekkakudi","subdt_lgd":6654,"block_name":"TIRUPPULLANI","block_lgd":6286,"Remark":null,"ac_no":210,"test":null,"shape_Length":12511.835543015875,"shape_Area":5986325.005353838}},{"arcs":[[-362,-298,-339,-369,371,372,373]],"type":"Polygon","properties":{"OBJECTID":395294,"vilnam_soi":"RAJASURIAMADAI","stcode11":"33","dtcode11":"626","sdtcode11":"05860","vilcode11":"642123","stname":"TAMIL NADU","dtname":"Ramanathapuram","sdtname":"Ramanathapuram","vilname11":"Rajasuriamadai","vil_lgd":642123,"dist_lgd":583,"state_lgd":33,"gp_code":227455,"gp_name":"Rajasooriyamadai","subdt_lgd":5860,"block_name":"RAMANATHAPURAM","block_lgd":6285,"Remark":null,"ac_no":211,"test":null,"shape_Length":31563.821210772527,"shape_Area":17872768.57955607}},{"arcs":[[-370,-340,-325,-347,374,375,376]],"type":"Polygon","properties":{"OBJECTID":395296,"vilnam_soi":"MALANGUDI","stcode11":"33","dtcode11":"626","sdtcode11":"","vilcode11":"642128","stname":"TAMIL NADU","dtname":"Ramanathapuram","sdtname":"KILAKARAI","vilname11":"Malangudi","vil_lgd":642128,"dist_lgd":583,"state_lgd":33,"gp_code":227472,"gp_name":"Mallal","subdt_lgd":6654,"block_name":"TIRUPPULLANI","block_lgd":6286,"Remark":null,"ac_no":211,"test":null,"shape_Length":16022.221853066314,"shape_Area":6792987.831667065}},{"arcs":[[-359,-280,-353,377,378]],"type":"Polygon","properties":{"OBJECTID":395297,"vilnam_soi":"ATTANGARAI","stcode11":"33","dtcode11":"626","sdtcode11":"05860","vilcode11":"642118","stname":"TAMIL NADU","dtname":"Ramanathapuram","sdtname":"Ramanathapuram","vilname11":"Attangarai","vil_lgd":642118,"dist_lgd":583,"state_lgd":33,"gp_code":227252,"gp_name":"Attrangarai","subdt_lgd":5860,"block_name":"MANDAPAM","block_lgd":6280,"Remark":null,"ac_no":211,"test":null,"shape_Length":14913.022397217977,"shape_Area":8325858.544988416}},{"arcs":[[379,-364,-334,-326,-344,380,381,382]],"type":"Polygon","properties":{"OBJECTID":395298,"vilnam_soi":"KAKKUR","stcode11":"33","dtcode11":"626","sdtcode11":"05857","vilcode11":"641988","stname":"TAMIL NADU","dtname":"Ramanathapuram","sdtname":"Mudukulathur","vilname11":"Kakkoor","vil_lgd":641988,"dist_lgd":583,"state_lgd":33,"gp_code":227285,"gp_name":"KAKKUR","subdt_lgd":5857,"block_name":"MUDUKULATHUR","block_lgd":6281,"Remark":null,"ac_no":212,"test":null,"shape_Length":16192.483194172639,"shape_Area":13828541.226560615}},{"arcs":[[-381,-343,383,384]],"type":"Polygon","properties":{"OBJECTID":395299,"vilnam_soi":"MUDUKULATTUR (EAST)","stcode11":"33","dtcode11":"626","sdtcode11":"05857","vilcode11":"803806","stname":"TAMIL NADU","dtname":"Ramanathapuram","sdtname":"Mudukulathur","vilname11":"Mudukulathur (TP)","vil_lgd":803806,"dist_lgd":583,"state_lgd":33,"gp_code":0,"gp_name":"","subdt_lgd":5857,"block_name":"MUDUKULATHUR","block_lgd":6281,"Remark":null,"ac_no":212,"test":null,"shape_Length":14941.989862736067,"shape_Area":7755326.518745281}},{"arcs":[[385,-375,-346,-352,386,387]],"type":"Polygon","properties":{"OBJECTID":395301,"vilnam_soi":"KORAIKULAM","stcode11":"33","dtcode11":"626","sdtcode11":"05856","vilcode11":"641955","stname":"TAMIL NADU","dtname":"Ramanathapuram","sdtname":"Paramakudi","vilname11":"Koraikulam","vil_lgd":641955,"dist_lgd":583,"state_lgd":33,"gp_code":227135,"gp_name":"Urathur","subdt_lgd":5856,"block_name":"BOGALUR","block_lgd":6277,"Remark":null,"ac_no":211,"test":null,"shape_Length":12353.328142098955,"shape_Area":4888091.767601874}},{"arcs":[[388,389,390,391]],"type":"Polygon","properties":{"OBJECTID":395302,"vilnam_soi":"SAKKARAKOTTAI","stcode11":"33","dtcode11":"626","sdtcode11":"05860","vilcode11":"642122","stname":"TAMIL NADU","dtname":"Ramanathapuram","sdtname":"Ramanathapuram","vilname11":"Sakkarakottai  (Part)","vil_lgd":642122,"dist_lgd":583,"state_lgd":33,"gp_code":227456,"gp_name":"Sakkarakkottai","subdt_lgd":5860,"block_name":"RAMANATHAPURAM","block_lgd":6285,"Remark":null,"ac_no":210,"test":null,"shape_Length":8510.64877786225,"shape_Area":3124902.997256121}},{"arcs":[[392,-354,-278,-293,393,394]],"type":"Polygon","properties":{"OBJECTID":395303,"vilnam_soi":"VALANTARAVAI","stcode11":"33","dtcode11":"626","sdtcode11":"05860","vilcode11":"642120","stname":"TAMIL NADU","dtname":"Ramanathapuram","sdtname":"Ramanathapuram","vilname11":"Valantaravai","vil_lgd":642120,"dist_lgd":583,"state_lgd":33,"gp_code":227276,"gp_name":"Valantharavai","subdt_lgd":5860,"block_name":"MANDAPAM","block_lgd":6280,"Remark":null,"ac_no":211,"test":null,"shape_Length":16627.326820635848,"shape_Area":15401868.90604099}},{"arcs":[[-394,-292,395,-389,396,397]],"type":"Polygon","properties":{"OBJECTID":395306,"vilnam_soi":"KUSAVANKUDI","stcode11":"33","dtcode11":"626","sdtcode11":"05860","vilcode11":"642121","stname":"TAMIL NADU","dtname":"Ramanathapuram","sdtname":"Ramanathapuram","vilname11":"Kusavankudi","vil_lgd":642121,"dist_lgd":583,"state_lgd":33,"gp_code":227258,"gp_name":"Kusavankudi","subdt_lgd":5860,"block_name":"MANDAPAM","block_lgd":6280,"Remark":null,"ac_no":211,"test":null,"shape_Length":16801.208113569668,"shape_Area":9566252.098266754}},{"arcs":[[-390,-396,-291,-269,-309,-361,-374,398,399]],"type":"Polygon","properties":{"OBJECTID":395307,"vilnam_soi":"SAKKARAKOTTAI","stcode11":"33","dtcode11":"626","sdtcode11":"05860","vilcode11":"642163","stname":"TAMIL NADU","dtname":"Ramanathapuram","sdtname":"Ramanathapuram","vilname11":"Sakkarakottai","vil_lgd":642163,"dist_lgd":583,"state_lgd":33,"gp_code":227456,"gp_name":"Sakkarakkottai","subdt_lgd":5860,"block_name":"RAMANATHAPURAM","block_lgd":6285,"Remark":null,"ac_no":211,"test":null,"shape_Length":22385.1299909033,"shape_Area":18963404.106029186}},{"arcs":[[400,-357,-330,-301,-350,401,402,403]],"type":"Polygon","properties":{"OBJECTID":395309,"vilnam_soi":"PERAIYUR","stcode11":"33","dtcode11":"626","sdtcode11":"05858","vilcode11":"642033","stname":"TAMIL NADU","dtname":"Ramanathapuram","sdtname":"Kamuthi","vilname11":"Peraiyur","vil_lgd":642033,"dist_lgd":583,"state_lgd":33,"gp_code":227236,"gp_name":"Peraiyur","subdt_lgd":5858,"block_name":"KAMUDI","block_lgd":6279,"Remark":null,"ac_no":212,"test":null,"shape_Length":26398.326772013028,"shape_Area":19679277.7700555}},{"arcs":[[404,-348,-317,405,406,407]],"type":"Polygon","properties":{"OBJECTID":395312,"vilnam_soi":"SIMANENDAL","stcode11":"33","dtcode11":"626","sdtcode11":"05858","vilcode11":"642031","stname":"TAMIL NADU","dtname":"Ramanathapuram","sdtname":"Kamuthi","vilname11":"Seemanendal","vil_lgd":642031,"dist_lgd":583,"state_lgd":33,"gp_code":227233,"gp_name":"Pappangulam","subdt_lgd":5858,"block_name":"KAMUDI","block_lgd":6279,"Remark":null,"ac_no":212,"test":null,"shape_Length":19844.639090586643,"shape_Area":9026762.128316652}},{"arcs":[[408,-376,-386,409]],"type":"Polygon","properties":{"OBJECTID":395313,"vilnam_soi":"URATTUR","stcode11":"33","dtcode11":"626","sdtcode11":"05856","vilcode11":"641954","stname":"TAMIL NADU","dtname":"Ramanathapuram","sdtname":"Paramakudi","vilname11":"Urathur","vil_lgd":641954,"dist_lgd":583,"state_lgd":33,"gp_code":227135,"gp_name":"Urathur","subdt_lgd":5856,"block_name":"BOGALUR","block_lgd":6277,"Remark":null,"ac_no":209,"test":null,"shape_Length":6172.674789355663,"shape_Area":1542058.9819789291}},{"arcs":[[410,-372,-368,411,412]],"type":"Polygon","properties":{"OBJECTID":395317,"vilnam_soi":"KURIYUR","stcode11":"33","dtcode11":"626","sdtcode11":"05860","vilcode11":"642124","stname":"TAMIL NADU","dtname":"Ramanathapuram","sdtname":"Ramanathapuram","vilname11":" ","vil_lgd":642124,"dist_lgd":583,"state_lgd":33,"gp_code":227454,"gp_name":"Puthendhal","subdt_lgd":5860,"block_name":"RAMANATHAPURAM","block_lgd":6285,"Remark":null,"ac_no":210,"test":null,"shape_Length":17118.42851568499,"shape_Area":9542933.926863829}},{"arcs":[[413,-371,-377,-409,414,415,416]],"type":"Polygon","properties":{"OBJECTID":395319,"vilnam_soi":"RAMANATHAPURAM","stcode11":"33","dtcode11":"626","sdtcode11":"","vilcode11":"642127","stname":"TAMIL NADU","dtname":"Ramanathapuram","sdtname":"KILAKARAI","vilname11":"Panaikkulam","vil_lgd":642127,"dist_lgd":583,"state_lgd":33,"gp_code":227479,"gp_name":"Panaikkulam","subdt_lgd":6654,"block_name":"TIRUPPULLANI","block_lgd":6286,"Remark":null,"ac_no":210,"test":null,"shape_Length":19915.178119643257,"shape_Area":9828640.929594252}},{"arcs":[[417,-338,-363,418,419]],"type":"Polygon","properties":{"OBJECTID":395327,"vilnam_soi":"ILANGAKKUR","stcode11":"33","dtcode11":"626","sdtcode11":"05857","vilcode11":"641986","stname":"TAMIL NADU","dtname":"Ramanathapuram","sdtname":"Mudukulathur","vilname11":"Ilankakoor","vil_lgd":641986,"dist_lgd":583,"state_lgd":33,"gp_code":227305,"gp_name":"PONNAKKANERI","subdt_lgd":5857,"block_name":"MUDUKULATHUR","block_lgd":6281,"Remark":null,"ac_no":212,"test":null,"shape_Length":20389.949323918292,"shape_Area":11707835.827755222}},{"arcs":[[420,421,-387,-351,-320,-336,-418,422,423]],"type":"Polygon","properties":{"OBJECTID":395331,"vilnam_soi":"VALANADU","stcode11":"33","dtcode11":"626","sdtcode11":"05857","vilcode11":"641985","stname":"TAMIL NADU","dtname":"Ramanathapuram","sdtname":"Mudukulathur","vilname11":"Velanadu","vil_lgd":641985,"dist_lgd":583,"state_lgd":33,"gp_code":227320,"gp_name":"VALANADU","subdt_lgd":5857,"block_name":"MUDUKULATHUR","block_lgd":6281,"Remark":null,"ac_no":212,"test":null,"shape_Length":19695.109624356668,"shape_Area":14459323.762917876}},{"arcs":[[424,-407,425,426]],"type":"Polygon","properties":{"OBJECTID":395335,"vilnam_soi":"MUSUTTAIKKURICHCHI","stcode11":"33","dtcode11":"626","sdtcode11":"05858","vilcode11":"642030","stname":"TAMIL NADU","dtname":"Ramanathapuram","sdtname":"Kamuthi","vilname11":"Musittaikurichi","vil_lgd":642030,"dist_lgd":583,"state_lgd":33,"gp_code":227223,"gp_name":"Mustakkurichi","subdt_lgd":5858,"block_name":"KAMUDI","block_lgd":6279,"Remark":null,"ac_no":212,"test":null,"shape_Length":25050.605807581524,"shape_Area":16530126.075460112}},{"arcs":[[427,-402,-349,-405,428,429]],"type":"Polygon","properties":{"OBJECTID":395337,"vilnam_soi":"SENGAPPADAI","stcode11":"33","dtcode11":"626","sdtcode11":"05858","vilcode11":"642028","stname":"TAMIL NADU","dtname":"Ramanathapuram","sdtname":"Kamuthi","vilname11":"Sengappadai","vil_lgd":642028,"dist_lgd":583,"state_lgd":33,"gp_code":227243,"gp_name":"Sengappadai","subdt_lgd":5858,"block_name":"KAMUDI","block_lgd":6279,"Remark":null,"ac_no":212,"test":null,"shape_Length":14354.055888414916,"shape_Area":9039226.444745675}},{"arcs":[[430,-399,-373,-411,431,432]],"type":"Polygon","properties":{"OBJECTID":395339,"vilnam_soi":"RAMANATHAPURAM MUNICIPALITY","stcode11":"33","dtcode11":"626","sdtcode11":"05860","vilcode11":"803810","stname":"TAMIL NADU","dtname":"Ramanathapuram","sdtname":"Ramanathapuram","vilname11":"Ramanathapuram (M)","vil_lgd":803810,"dist_lgd":583,"state_lgd":33,"gp_code":0,"gp_name":"","subdt_lgd":5860,"block_name":"RAMANATHAPURAM","block_lgd":6285,"Remark":null,"ac_no":211,"test":null,"shape_Length":11478.682200736977,"shape_Area":8523625.602159368}},{"arcs":[[433,434,-384,-342,-333,-356,435,436]],"type":"Polygon","properties":{"OBJECTID":395340,"vilnam_soi":"MUDUKULATTUR","stcode11":"33","dtcode11":"626","sdtcode11":"05857","vilcode11":"641980","stname":"TAMIL NADU","dtname":"Ramanathapuram","sdtname":"Mudukulathur","vilname11":" ","vil_lgd":641980,"dist_lgd":583,"state_lgd":33,"gp_code":227313,"gp_name":"SELVANAYAGAPURAM","subdt_lgd":5857,"block_name":"MUDUKULATHUR","block_lgd":6281,"Remark":null,"ac_no":212,"test":null,"shape_Length":24077.896622626427,"shape_Area":14343132.770164588}},{"arcs":[[437,438,-391,-400,-431,439]],"type":"Polygon","properties":{"OBJECTID":395342,"vilnam_soi":"PATTANAMKATTAN","stcode11":"33","dtcode11":"626","sdtcode11":"05860","vilcode11":"642164","stname":"TAMIL NADU","dtname":"Ramanathapuram","sdtname":"Ramanathapuram","vilname11":"Pattinamkattan","vil_lgd":642164,"dist_lgd":583,"state_lgd":33,"gp_code":227265,"gp_name":"Pattinamkathan","subdt_lgd":5860,"block_name":"RAMANATHAPURAM","block_lgd":6285,"Remark":null,"ac_no":210,"test":null,"shape_Length":18170.753775667716,"shape_Area":8519572.195559125}},{"arcs":[[440,-383,441,442]],"type":"Polygon","properties":{"OBJECTID":395343,"vilnam_soi":"PULIYANGUDI","stcode11":"33","dtcode11":"626","sdtcode11":"05857","vilcode11":"641981","stname":"TAMIL NADU","dtname":"Ramanathapuram","sdtname":"Mudukulathur","vilname11":"Puliyangudi","vil_lgd":641981,"dist_lgd":583,"state_lgd":33,"gp_code":227309,"gp_name":"PULIYANGUDI","subdt_lgd":5857,"block_name":"MUDUKULATHUR","block_lgd":6281,"Remark":null,"ac_no":212,"test":null,"shape_Length":11413.292580661653,"shape_Area":7929191.144272613}},{"arcs":[[-436,-358,-401,443,444,445]],"type":"Polygon","properties":{"OBJECTID":395345,"vilnam_soi":"PULVAYKKULAM","stcode11":"33","dtcode11":"626","sdtcode11":"05857","vilcode11":"641978","stname":"TAMIL NADU","dtname":"Ramanathapuram","sdtname":"Mudukulathur","vilname11":"Pulvoikulam","vil_lgd":641978,"dist_lgd":583,"state_lgd":33,"gp_code":227284,"gp_name":"ATHIKULAM","subdt_lgd":5857,"block_name":"MUDUKULATHUR","block_lgd":6281,"Remark":null,"ac_no":212,"test":null,"shape_Length":18944.621119449937,"shape_Area":11612132.62366078}},{"arcs":[[446,-432,-413,447,448]],"type":"Polygon","properties":{"OBJECTID":395350,"vilnam_soi":"ACHCHUDANVAYAL","stcode11":"33","dtcode11":"626","sdtcode11":"05860","vilcode11":"642125","stname":"TAMIL NADU","dtname":"Ramanathapuram","sdtname":"Ramanathapuram","vilname11":"Achchundanvayal","vil_lgd":642125,"dist_lgd":583,"state_lgd":33,"gp_code":227436,"gp_name":"Achundanvayal","subdt_lgd":5860,"block_name":"RAMANATHAPURAM","block_lgd":6285,"Remark":null,"ac_no":210,"test":null,"shape_Length":11061.868957523391,"shape_Area":5221895.102873796}},{"arcs":[[-415,-410,-388,-422,449,450]],"type":"Polygon","properties":{"OBJECTID":395354,"vilnam_soi":"KODIKKULAM","stcode11":"33","dtcode11":"626","sdtcode11":"05856","vilcode11":"641953","stname":"TAMIL NADU","dtname":"Ramanathapuram","sdtname":"Paramakudi","vilname11":"Kodikulam","vil_lgd":641953,"dist_lgd":583,"state_lgd":33,"gp_code":227120,"gp_name":"Kavithaikudi","subdt_lgd":5856,"block_name":"BOGALUR","block_lgd":6277,"Remark":null,"ac_no":209,"test":null,"shape_Length":17437.017643571908,"shape_Area":6656671.595122991}},{"arcs":[[451,-450,-421,452,453]],"type":"Polygon","properties":{"OBJECTID":395359,"vilnam_soi":"SEMANUR","stcode11":"33","dtcode11":"626","sdtcode11":"05856","vilcode11":"641952","stname":"TAMIL NADU","dtname":"Ramanathapuram","sdtname":"Paramakudi","vilname11":"Semanur","vil_lgd":641952,"dist_lgd":583,"state_lgd":33,"gp_code":227130,"gp_name":"Semanur","subdt_lgd":5856,"block_name":"BOGALUR","block_lgd":6277,"Remark":null,"ac_no":209,"test":null,"shape_Length":12554.105004894758,"shape_Area":6238507.900639525}},{"arcs":[[-429,-408,-425,454,455]],"type":"Polygon","properties":{"OBJECTID":395361,"vilnam_soi":"MUDALNADU","stcode11":"33","dtcode11":"626","sdtcode11":"05858","vilcode11":"642029","stname":"TAMIL NADU","dtname":"Ramanathapuram","sdtname":"Kamuthi","vilname11":"Mudalnadu","vil_lgd":642029,"dist_lgd":583,"state_lgd":33,"gp_code":227222,"gp_name":"Muthalnadu","subdt_lgd":5858,"block_name":"KAMUDI","block_lgd":6279,"Remark":null,"ac_no":212,"test":null,"shape_Length":17965.284431397966,"shape_Area":11119534.52786284}},{"arcs":[[456,457,-438,458,459]],"type":"Polygon","properties":{"OBJECTID":395362,"vilnam_soi":"PATTANAMKATTAN","stcode11":"33","dtcode11":"626","sdtcode11":"05860","vilcode11":"642114","stname":"TAMIL NADU","dtname":"Ramanathapuram","sdtname":"Ramanathapuram","vilname11":"Pattinamkattan  (Part)","vil_lgd":642114,"dist_lgd":583,"state_lgd":33,"gp_code":227265,"gp_name":"Pattinamkathan","subdt_lgd":5860,"block_name":"RAMANATHAPURAM","block_lgd":6285,"Remark":null,"ac_no":211,"test":null,"shape_Length":11595.792771130245,"shape_Area":3618866.2700675298}},{"arcs":[[460,-448,-412,-367,-414,461,462,463]],"type":"Polygon","properties":{"OBJECTID":395366,"vilnam_soi":"PARAMANGUDI","stcode11":"33","dtcode11":"626","sdtcode11":"05860","vilcode11":"642126","stname":"TAMIL NADU","dtname":"Ramanathapuram","sdtname":"Ramanathapuram","vilname11":"Landai","vil_lgd":642126,"dist_lgd":583,"state_lgd":33,"gp_code":227471,"gp_name":"Lanthai","subdt_lgd":5860,"block_name":"TIRUPPULLANI","block_lgd":6286,"Remark":null,"ac_no":210,"test":null,"shape_Length":17628.701762814308,"shape_Area":12891923.121331979}},{"arcs":[[-378,-355,-393,464,465]],"type":"Polygon","properties":{"OBJECTID":395372,"vilnam_soi":"ALANGALAM","stcode11":"33","dtcode11":"626","sdtcode11":"05860","vilcode11":"642117","stname":"TAMIL NADU","dtname":"Ramanathapuram","sdtname":"Ramanathapuram","vilname11":"Alagankulam","vil_lgd":642117,"dist_lgd":583,"state_lgd":33,"gp_code":227251,"gp_name":"Alagankulam","subdt_lgd":5860,"block_name":"MANDAPAM","block_lgd":6280,"Remark":null,"ac_no":210,"test":null,"shape_Length":22087.028781317418,"shape_Area":24969148.99872041}},{"arcs":[[466,-397,-392,-439,-458,467,468]],"type":"Polygon","properties":{"OBJECTID":395377,"vilnam_soi":"THIROVOTHYAKALUGOORANI","stcode11":"33","dtcode11":"626","sdtcode11":"05860","vilcode11":"642115","stname":"TAMIL NADU","dtname":"Ramanathapuram","sdtname":"Ramanathapuram","vilname11":"Thiruvolhiyakalugoorani","vil_lgd":642115,"dist_lgd":583,"state_lgd":33,"gp_code":227443,"gp_name":"Kalugoorani","subdt_lgd":5860,"block_name":"RAMANATHAPURAM","block_lgd":6285,"Remark":null,"ac_no":210,"test":null,"shape_Length":20754.25018776506,"shape_Area":18845316.45484471}},{"arcs":[[469,470,-416,-451,-452,471]],"type":"Polygon","properties":{"OBJECTID":395378,"vilnam_soi":"TIYANUR","stcode11":"33","dtcode11":"626","sdtcode11":"05856","vilcode11":"641949","stname":"TAMIL NADU","dtname":"Ramanathapuram","sdtname":"Paramakudi","vilname11":"Theeyanur","vil_lgd":641949,"dist_lgd":583,"state_lgd":33,"gp_code":227134,"gp_name":"Theeyanur","subdt_lgd":5856,"block_name":"BOGALUR","block_lgd":6277,"Remark":null,"ac_no":209,"test":null,"shape_Length":18006.87133258784,"shape_Area":8771371.035778634}},{"arcs":[[-419,-366,472,473,474,475]],"type":"Polygon","properties":{"OBJECTID":395380,"vilnam_soi":"PIRAKKALUR","stcode11":"33","dtcode11":"626","sdtcode11":"05857","vilcode11":"641983","stname":"TAMIL NADU","dtname":"Ramanathapuram","sdtname":"Mudukulathur","vilname11":"Pirabakkalur","vil_lgd":641983,"dist_lgd":583,"state_lgd":33,"gp_code":227304,"gp_name":"Pirabukkalur","subdt_lgd":5857,"block_name":"MUDUKULATHUR","block_lgd":6281,"Remark":null,"ac_no":212,"test":null,"shape_Length":18339.457514531416,"shape_Area":12467200.126507666}},{"arcs":[[476,-445,477,478]],"type":"Polygon","properties":{"OBJECTID":395383,"vilnam_soi":"NALLUR","stcode11":"33","dtcode11":"626","sdtcode11":"05857","vilcode11":"641977","stname":"TAMIL NADU","dtname":"Ramanathapuram","sdtname":"Mudukulathur","vilname11":"Nallur","vil_lgd":641977,"dist_lgd":583,"state_lgd":33,"gp_code":227301,"gp_name":"NALLUR","subdt_lgd":5857,"block_name":"MUDUKULATHUR","block_lgd":6281,"Remark":null,"ac_no":212,"test":null,"shape_Length":15980.451462603172,"shape_Area":8832722.71731954}},{"arcs":[[479,-403,-428,480,481]],"type":"Polygon","properties":{"OBJECTID":395385,"vilnam_soi":"PAKKUVETTI","stcode11":"33","dtcode11":"626","sdtcode11":"05858","vilcode11":"642027","stname":"TAMIL NADU","dtname":"Ramanathapuram","sdtname":"Kamuthi","vilname11":"Pakkuvetti","vil_lgd":642027,"dist_lgd":583,"state_lgd":33,"gp_code":227230,"gp_name":"Pakkuvetti","subdt_lgd":5858,"block_name":"KAMUDI","block_lgd":6279,"Remark":null,"ac_no":212,"test":null,"shape_Length":17680.07155768857,"shape_Area":14416459.714945536}},{"arcs":[[-437,-446,-477,482,483]],"type":"Polygon","properties":{"OBJECTID":395386,"vilnam_soi":"KIRANUR","stcode11":"33","dtcode11":"626","sdtcode11":"05857","vilcode11":"641979","stname":"TAMIL NADU","dtname":"Ramanathapuram","sdtname":"Mudukulathur","vilname11":"Keeranur","vil_lgd":641979,"dist_lgd":583,"state_lgd":33,"gp_code":227288,"gp_name":"KEERANUR","subdt_lgd":5857,"block_name":"MUDUKULATHUR","block_lgd":6281,"Remark":null,"ac_no":212,"test":null,"shape_Length":16334.514328043411,"shape_Area":10824143.791882426}},{"arcs":[[484,485,-442,-382,-385,-435,486,487]],"type":"Polygon","properties":{"OBJECTID":395387,"vilnam_soi":"VELANKULATTUR","stcode11":"33","dtcode11":"626","sdtcode11":"05857","vilcode11":"641973","stname":"TAMIL NADU","dtname":"Ramanathapuram","sdtname":"Mudukulathur","vilname11":"Vilangalathur","vil_lgd":641973,"dist_lgd":583,"state_lgd":33,"gp_code":227324,"gp_name":"VILANKULATHUR","subdt_lgd":5857,"block_name":"MUDUKULATHUR","block_lgd":6281,"Remark":null,"ac_no":212,"test":null,"shape_Length":20584.381517643804,"shape_Area":18663815.064171214}},{"arcs":[[-463,488,489,490]],"type":"Polygon","properties":{"OBJECTID":395391,"vilnam_soi":"SEYYALUR","stcode11":"33","dtcode11":"626","sdtcode11":"05856","vilcode11":"641951","stname":"TAMIL NADU","dtname":"Ramanathapuram","sdtname":"Paramakudi","vilname11":"Seyyalur","vil_lgd":641951,"dist_lgd":583,"state_lgd":33,"gp_code":227132,"gp_name":"Sheiyalur","subdt_lgd":5856,"block_name":"BOGALUR","block_lgd":6277,"Remark":null,"ac_no":209,"test":null,"shape_Length":11815.917611856361,"shape_Area":6308297.280887568}},{"arcs":[[491,-423,-420,-476,492,493]],"type":"Polygon","properties":{"OBJECTID":395392,"vilnam_soi":"OLAIYUR","stcode11":"33","dtcode11":"626","sdtcode11":"05857","vilcode11":"641984","stname":"TAMIL NADU","dtname":"Ramanathapuram","sdtname":"Mudukulathur","vilname11":" ","vil_lgd":641984,"dist_lgd":583,"state_lgd":33,"gp_code":227314,"gp_name":"SEMPONKUDI","subdt_lgd":5857,"block_name":"MUDUKULATHUR","block_lgd":6281,"Remark":null,"ac_no":212,"test":null,"shape_Length":23921.025108438313,"shape_Area":13692109.470792169}},{"arcs":[[-459,-440,-433,-447,494,495,496]],"type":"Polygon","properties":{"OBJECTID":395394,"vilnam_soi":"SURANKOTTAI","stcode11":"33","dtcode11":"626","sdtcode11":"05860","vilcode11":"642113","stname":"TAMIL NADU","dtname":"Ramanathapuram","sdtname":"Ramanathapuram","vilname11":"Surankottai","vil_lgd":642113,"dist_lgd":583,"state_lgd":33,"gp_code":227457,"gp_name":"Surankottai","subdt_lgd":5860,"block_name":"RAMANATHAPURAM","block_lgd":6285,"Remark":null,"ac_no":210,"test":null,"shape_Length":15599.602127268165,"shape_Area":10338989.70372019}},{"arcs":[[497,-473,-365,-380,-441,498]],"type":"Polygon","properties":{"OBJECTID":395395,"vilnam_soi":"POSUKKUDI","stcode11":"33","dtcode11":"626","sdtcode11":"05857","vilcode11":"641982","stname":"TAMIL NADU","dtname":"Ramanathapuram","sdtname":"Mudukulathur","vilname11":"Posukkudi","vil_lgd":641982,"dist_lgd":583,"state_lgd":33,"gp_code":227282,"gp_name":"ATHANAKURICHI","subdt_lgd":5857,"block_name":"MUDUKULATHUR","block_lgd":6281,"Remark":null,"ac_no":212,"test":null,"shape_Length":18064.810136856933,"shape_Area":14285877.485743824}},{"arcs":[[-465,-395,-398,-467,499,500]],"type":"Polygon","properties":{"OBJECTID":395396,"vilnam_soi":"TERBHOGI","stcode11":"33","dtcode11":"626","sdtcode11":"05860","vilcode11":"642116","stname":"TAMIL NADU","dtname":"Ramanathapuram","sdtname":"Ramanathapuram","vilname11":"Terbhogi","vil_lgd":642116,"dist_lgd":583,"state_lgd":33,"gp_code":227269,"gp_name":"Puduvalasai","subdt_lgd":5860,"block_name":"MANDAPAM","block_lgd":6280,"Remark":null,"ac_no":210,"test":null,"shape_Length":17369.730742099124,"shape_Area":10867065.621623665}},{"arcs":[[501,-478,-444,-404,-480,502,503]],"type":"Polygon","properties":{"OBJECTID":395397,"vilnam_soi":"ANAIYUR","stcode11":"33","dtcode11":"626","sdtcode11":"05858","vilcode11":"642026","stname":"TAMIL NADU","dtname":"Ramanathapuram","sdtname":"Kamuthi","vilname11":"Anaiyur","vil_lgd":642026,"dist_lgd":583,"state_lgd":33,"gp_code":227200,"gp_name":"Anaiyur","subdt_lgd":5858,"block_name":"KAMUDI","block_lgd":6279,"Remark":null,"ac_no":212,"test":null,"shape_Length":20162.753065645964,"shape_Area":13461355.075199533}},{"arcs":[[-453,-424,-492,504,505]],"type":"Polygon","properties":{"OBJECTID":395401,"vilnam_soi":"PUTTUR","stcode11":"33","dtcode11":"626","sdtcode11":"05856","vilcode11":"641948","stname":"TAMIL NADU","dtname":"Ramanathapuram","sdtname":"Paramakudi","vilname11":"Puthur","vil_lgd":641948,"dist_lgd":583,"state_lgd":33,"gp_code":227112,"gp_name":"A.Puthur","subdt_lgd":5856,"block_name":"BOGALUR","block_lgd":6277,"Remark":null,"ac_no":209,"test":null,"shape_Length":14870.529442681185,"shape_Area":11058005.127575697}},{"arcs":[[-489,-462,-417,-471,506]],"type":"Polygon","properties":{"OBJECTID":395402,"vilnam_soi":"ETTIVAYAL","stcode11":"33","dtcode11":"626","sdtcode11":"05856","vilcode11":"641950","stname":"TAMIL NADU","dtname":"Ramanathapuram","sdtname":"Paramakudi","vilname11":"Ettivayal","vil_lgd":641950,"dist_lgd":583,"state_lgd":33,"gp_code":227115,"gp_name":"Ettivayal","subdt_lgd":5856,"block_name":"BOGALUR","block_lgd":6277,"Remark":null,"ac_no":209,"test":null,"shape_Length":18858.678059920767,"shape_Area":9361078.75523764}},{"arcs":[[507,508,-455,-427,509,510,511]],"type":"Polygon","properties":{"OBJECTID":395405,"vilnam_soi":"NEDUNGULAM","stcode11":"33","dtcode11":"626","sdtcode11":"05858","vilcode11":"642024","stname":"TAMIL NADU","dtname":"Ramanathapuram","sdtname":"Kamuthi","vilname11":"K.Nedungulam","vil_lgd":642024,"dist_lgd":583,"state_lgd":33,"gp_code":227207,"gp_name":"K.Nedungulam","subdt_lgd":5858,"block_name":"KAMUDI","block_lgd":6279,"Remark":null,"ac_no":212,"test":null,"shape_Length":19643.858939787548,"shape_Area":9692607.261566324}},{"arcs":[[-495,-449,-461,512,513]],"type":"Polygon","properties":{"OBJECTID":395407,"vilnam_soi":"RAMANATHAPURAM","stcode11":"33","dtcode11":"626","sdtcode11":"05860","vilcode11":"642112","stname":"TAMIL NADU","dtname":"Ramanathapuram","sdtname":"Ramanathapuram","vilname11":"Vannivayal","vil_lgd":642112,"dist_lgd":583,"state_lgd":33,"gp_code":227438,"gp_name":"Chithoor","subdt_lgd":5860,"block_name":"RAMANATHAPURAM","block_lgd":6285,"Remark":null,"ac_no":210,"test":null,"shape_Length":14564.716362098108,"shape_Area":8469394.908231277}},{"arcs":[[514,-481,-430,-456,-509,515]],"type":"Polygon","properties":{"OBJECTID":395411,"vilnam_soi":"KAMUDI","stcode11":"33","dtcode11":"626","sdtcode11":"05858","vilcode11":"803808","stname":"TAMIL NADU","dtname":"Ramanathapuram","sdtname":"Kamuthi","vilname11":"Kamuthi (TP)","vil_lgd":803808,"dist_lgd":583,"state_lgd":33,"gp_code":0,"gp_name":"","subdt_lgd":5858,"block_name":"KAMUDI","block_lgd":6279,"Remark":null,"ac_no":212,"test":null,"shape_Length":23698.13788232541,"shape_Area":17401572.93425626}},{"arcs":[[516,-468,-457,517,518,519]],"type":"Polygon","properties":{"OBJECTID":395412,"vilnam_soi":"PALANGULAM","stcode11":"33","dtcode11":"626","sdtcode11":"05860","vilcode11":"642110","stname":"TAMIL NADU","dtname":"Ramanathapuram","sdtname":"Ramanathapuram","vilname11":"Palangulam","vil_lgd":642110,"dist_lgd":583,"state_lgd":33,"gp_code":227441,"gp_name":"Ilamanoor","subdt_lgd":5860,"block_name":"RAMANATHAPURAM","block_lgd":6285,"Remark":null,"ac_no":210,"test":null,"shape_Length":20222.655025862063,"shape_Area":16567758.055985171}},{"arcs":[[520,-518,-460,-497,521,522]],"type":"Polygon","properties":{"OBJECTID":395416,"vilnam_soi":"TORUVALUR","stcode11":"33","dtcode11":"626","sdtcode11":"05860","vilcode11":"642111","stname":"TAMIL NADU","dtname":"Ramanathapuram","sdtname":"Ramanathapuram","vilname11":"Toruvalur","vil_lgd":642111,"dist_lgd":583,"state_lgd":33,"gp_code":227459,"gp_name":"Thoruvaloor","subdt_lgd":5860,"block_name":"RAMANATHAPURAM","block_lgd":6285,"Remark":null,"ac_no":210,"test":null,"shape_Length":15912.408798117425,"shape_Area":9950500.34300367}},{"arcs":[[-500,-469,-517,523,524]],"type":"Polygon","properties":{"OBJECTID":395417,"vilnam_soi":"ATTIYUTTU","stcode11":"33","dtcode11":"626","sdtcode11":"05860","vilcode11":"642109","stname":"TAMIL NADU","dtname":"Ramanathapuram","sdtname":"Ramanathapuram","vilname11":"Athyuthu","vil_lgd":642109,"dist_lgd":583,"state_lgd":33,"gp_code":227437,"gp_name":"Athiyuthu","subdt_lgd":5860,"block_name":"RAMANATHAPURAM","block_lgd":6285,"Remark":null,"ac_no":210,"test":null,"shape_Length":18708.81437144539,"shape_Area":11986342.88243367}},{"arcs":[[525,526,527,-472,-454,-506,528]],"type":"Polygon","properties":{"OBJECTID":395424,"vilnam_soi":"ARIYAKUDI","stcode11":"33","dtcode11":"626","sdtcode11":"05856","vilcode11":"641947","stname":"TAMIL NADU","dtname":"Ramanathapuram","sdtname":"Paramakudi","vilname11":"Ariyakudi","vil_lgd":641947,"dist_lgd":583,"state_lgd":33,"gp_code":227112,"gp_name":"A.Puthur","subdt_lgd":5856,"block_name":"BOGALUR","block_lgd":6277,"Remark":null,"ac_no":209,"test":null,"shape_Length":20117.020854192768,"shape_Area":12509744.973279616}},{"arcs":[[529,-513,-464,-491,530,531,532]],"type":"Polygon","properties":{"OBJECTID":395429,"vilnam_soi":"VIRAVANUR","stcode11":"33","dtcode11":"626","sdtcode11":"05856","vilcode11":"","stname":"TAMIL NADU","dtname":"Ramanathapuram","sdtname":"Paramakudi","vilname11":" ","vil_lgd":0,"dist_lgd":583,"state_lgd":33,"gp_code":0,"gp_name":"","subdt_lgd":5856,"block_name":"BOGALUR","block_lgd":6277,"Remark":null,"ac_no":209,"test":null,"shape_Length":18002.998313949684,"shape_Area":13463322.716122191}},{"arcs":[[533,-487,-434,-484,534,535]],"type":"Polygon","properties":{"OBJECTID":395430,"vilnam_soi":"ANAISERI","stcode11":"33","dtcode11":"626","sdtcode11":"05857","vilcode11":"641975","stname":"TAMIL NADU","dtname":"Ramanathapuram","sdtname":"Mudukulathur","vilname11":"Anaiseri","vil_lgd":641975,"dist_lgd":583,"state_lgd":33,"gp_code":227280,"gp_name":"Anaiseri","subdt_lgd":5857,"block_name":"MUDUKULATHUR","block_lgd":6281,"Remark":null,"ac_no":212,"test":null,"shape_Length":26019.801829514003,"shape_Area":14002549.248561045}},{"arcs":[[536,-535,-483,-479,-502,537,538,539]],"type":"Polygon","properties":{"OBJECTID":395431,"vilnam_soi":"MANALUR","stcode11":"33","dtcode11":"626","sdtcode11":"05857","vilcode11":"641976","stname":"TAMIL NADU","dtname":"Ramanathapuram","sdtname":"Mudukulathur","vilname11":"Manaloor","vil_lgd":641976,"dist_lgd":583,"state_lgd":33,"gp_code":227296,"gp_name":"MANALOOR","subdt_lgd":5857,"block_name":"MUDUKULATHUR","block_lgd":6281,"Remark":null,"ac_no":212,"test":null,"shape_Length":19355.065244755333,"shape_Area":11114916.197929464}},{"arcs":[[540,-538,-504,541,542]],"type":"Polygon","properties":{"OBJECTID":395432,"vilnam_soi":"SADAIYANENDAL","stcode11":"33","dtcode11":"626","sdtcode11":"05858","vilcode11":"642014","stname":"TAMIL NADU","dtname":"Ramanathapuram","sdtname":"Kamuthi","vilname11":"Sadayanendal","vil_lgd":642014,"dist_lgd":583,"state_lgd":33,"gp_code":227242,"gp_name":"Sadayanendal","subdt_lgd":5858,"block_name":"KAMUDI","block_lgd":6279,"Remark":null,"ac_no":212,"test":null,"shape_Length":13848.696353365967,"shape_Area":6092191.533970918}},{"arcs":[[-511,543,544,545]],"type":"Polygon","properties":{"OBJECTID":395433,"vilnam_soi":"KIL RAMANADI","stcode11":"33","dtcode11":"626","sdtcode11":"05858","vilcode11":"642023","stname":"TAMIL NADU","dtname":"Ramanathapuram","sdtname":"Kamuthi","vilname11":"Keelaramanadhi","vil_lgd":642023,"dist_lgd":583,"state_lgd":33,"gp_code":227213,"gp_name":"Keelaramanathi","subdt_lgd":5858,"block_name":"KAMUDI","block_lgd":6279,"Remark":null,"ac_no":212,"test":null,"shape_Length":24474.845270414273,"shape_Area":11684349.761706552}},{"arcs":[[546,-542,-503,-482,-515,547,548]],"type":"Polygon","properties":{"OBJECTID":395434,"vilnam_soi":"TAVASIKKURICHCHI","stcode11":"33","dtcode11":"626","sdtcode11":"05858","vilcode11":"642025","stname":"TAMIL NADU","dtname":"Ramanathapuram","sdtname":"Kamuthi","vilname11":"Thavasikurichi","vil_lgd":642025,"dist_lgd":583,"state_lgd":33,"gp_code":227235,"gp_name":"Pasumpon","subdt_lgd":5858,"block_name":"KAMUDI","block_lgd":6279,"Remark":null,"ac_no":212,"test":null,"shape_Length":16442.49553519684,"shape_Area":13897379.318163784}},{"arcs":[[549,550,-499,-443,-486,551]],"type":"Polygon","properties":{"OBJECTID":395438,"vilnam_soi":"VENGALAKKURICHCHI","stcode11":"33","dtcode11":"626","sdtcode11":"05857","vilcode11":"641972","stname":"TAMIL NADU","dtname":"Ramanathapuram","sdtname":"Mudukulathur","vilname11":"Vengakurichi","vil_lgd":641972,"dist_lgd":583,"state_lgd":33,"gp_code":227295,"gp_name":"MAKINDI","subdt_lgd":5857,"block_name":"MUDUKULATHUR","block_lgd":6281,"Remark":null,"ac_no":212,"test":null,"shape_Length":18511.341456556835,"shape_Area":13914721.63768615}},{"arcs":[[552,-474,-498,-551,553]],"type":"Polygon","properties":{"OBJECTID":395446,"vilnam_soi":"SUVATTAN","stcode11":"33","dtcode11":"626","sdtcode11":"05857","vilcode11":"641971","stname":"TAMIL NADU","dtname":"Ramanathapuram","sdtname":"Mudukulathur","vilname11":"Swathan","vil_lgd":641971,"dist_lgd":583,"state_lgd":33,"gp_code":227279,"gp_name":"ALANGAANOOR","subdt_lgd":5857,"block_name":"MUDUKULATHUR","block_lgd":6281,"Remark":null,"ac_no":212,"test":null,"shape_Length":15861.57720410889,"shape_Area":9861640.776834631}},{"arcs":[[554,-531,-490,-507,-470,-528,555,556]],"type":"Polygon","properties":{"OBJECTID":395449,"vilnam_soi":"BOGALUR","stcode11":"33","dtcode11":"626","sdtcode11":"05856","vilcode11":"641944","stname":"TAMIL NADU","dtname":"Ramanathapuram","sdtname":"Paramakudi","vilname11":"Bogalur","vil_lgd":641944,"dist_lgd":583,"state_lgd":33,"gp_code":227113,"gp_name":"Bogalur","subdt_lgd":5856,"block_name":"BOGALUR","block_lgd":6277,"Remark":null,"ac_no":209,"test":null,"shape_Length":20534.75967560098,"shape_Area":13888609.20496787}},{"arcs":[[557,558,-522,-496,-514,-530,559,560]],"type":"Polygon","properties":{"OBJECTID":395451,"vilnam_soi":"KAVANUR","stcode11":"33","dtcode11":"626","sdtcode11":"05860","vilcode11":"642105","stname":"TAMIL NADU","dtname":"Ramanathapuram","sdtname":"Ramanathapuram","vilname11":"Kavanur","vil_lgd":642105,"dist_lgd":583,"state_lgd":33,"gp_code":227446,"gp_name":"Kavanoor","subdt_lgd":5860,"block_name":"RAMANATHAPURAM","block_lgd":6285,"Remark":null,"ac_no":210,"test":null,"shape_Length":17724.839985013186,"shape_Area":11020567.028023181}},{"arcs":[[-556,-527,561,562]],"type":"Polygon","properties":{"OBJECTID":395452,"vilnam_soi":"VALLAKKULAM","stcode11":"33","dtcode11":"626","sdtcode11":"05856","vilcode11":"641945","stname":"TAMIL NADU","dtname":"Ramanathapuram","sdtname":"Paramakudi","vilname11":"Vallakulam","vil_lgd":641945,"dist_lgd":583,"state_lgd":33,"gp_code":227113,"gp_name":"Bogalur","subdt_lgd":5856,"block_name":"BOGALUR","block_lgd":6277,"Remark":null,"ac_no":209,"test":null,"shape_Length":8149.926979918231,"shape_Area":1659599.6585415367}},{"arcs":[[563,564,-488,-534,565]],"type":"Polygon","properties":{"OBJECTID":395454,"vilnam_soi":"MEL TUVAL","stcode11":"33","dtcode11":"626","sdtcode11":"05857","vilcode11":"641974","stname":"TAMIL NADU","dtname":"Ramanathapuram","sdtname":"Mudukulathur","vilname11":"Melathooval","vil_lgd":641974,"dist_lgd":583,"state_lgd":33,"gp_code":227292,"gp_name":"KEELATHOOVAL","subdt_lgd":5857,"block_name":"MUDUKULATHUR","block_lgd":6281,"Remark":null,"ac_no":212,"test":null,"shape_Length":16109.48315112776,"shape_Area":10260052.872396337}},{"arcs":[[566,-523,-559,567,568]],"type":"Polygon","properties":{"OBJECTID":395455,"vilnam_soi":"KARENDAL","stcode11":"33","dtcode11":"626","sdtcode11":"05860","vilcode11":"642106","stname":"TAMIL NADU","dtname":"Ramanathapuram","sdtname":"Ramanathapuram","vilname11":"Karendal","vil_lgd":642106,"dist_lgd":583,"state_lgd":33,"gp_code":227444,"gp_name":"Karendhal","subdt_lgd":5860,"block_name":"RAMANATHAPURAM","block_lgd":6285,"Remark":null,"ac_no":210,"test":null,"shape_Length":7974.7784898706805,"shape_Area":3769746.841659234}},{"arcs":[[569,-493,-475,-553,570]],"type":"Polygon","properties":{"OBJECTID":395458,"vilnam_soi":"TIRUVARANGAM","stcode11":"33","dtcode11":"626","sdtcode11":"05857","vilcode11":"641970","stname":"TAMIL NADU","dtname":"Ramanathapuram","sdtname":"Mudukulathur","vilname11":"Thiruvarangam","vil_lgd":641970,"dist_lgd":583,"state_lgd":33,"gp_code":227318,"gp_name":"THIRUVARANGAM","subdt_lgd":5857,"block_name":"MUDUKULATHUR","block_lgd":6281,"Remark":null,"ac_no":212,"test":null,"shape_Length":16847.635043277856,"shape_Area":11010146.484139347}},{"arcs":[[571,-545,572,573,574]],"type":"Polygon","properties":{"OBJECTID":395460,"vilnam_soi":"MEL RAMANADI","stcode11":"33","dtcode11":"626","sdtcode11":"05858","vilcode11":"642022","stname":"TAMIL NADU","dtname":"Ramanathapuram","sdtname":"Kamuthi","vilname11":"Melaramanadhi","vil_lgd":642022,"dist_lgd":583,"state_lgd":33,"gp_code":227221,"gp_name":"Melaramanathi","subdt_lgd":5858,"block_name":"KAMUDI","block_lgd":6279,"Remark":null,"ac_no":212,"test":null,"shape_Length":30097.765787613513,"shape_Area":15996566.632539753}},{"arcs":[[575,576,-529,-505,-494,-570,577,578]],"type":"Polygon","properties":{"OBJECTID":395461,"vilnam_soi":"KODUNDURAI","stcode11":"33","dtcode11":"626","sdtcode11":"05857","vilcode11":"641969","stname":"TAMIL NADU","dtname":"Ramanathapuram","sdtname":"Mudukulathur","vilname11":"Kolundurai","vil_lgd":641969,"dist_lgd":583,"state_lgd":33,"gp_code":227293,"gp_name":"KOLUNTHURAI","subdt_lgd":5857,"block_name":"MUDUKULATHUR","block_lgd":6281,"Remark":null,"ac_no":212,"test":null,"shape_Length":25767.49074756113,"shape_Area":15952157.637869108}},{"arcs":[[579,580,581,582]],"type":"Polygon","properties":{"OBJECTID":395466,"vilnam_soi":"NIRAVI","stcode11":"33","dtcode11":"626","sdtcode11":"05858","vilcode11":"642020","stname":"TAMIL NADU","dtname":"Ramanathapuram","sdtname":"Kamuthi","vilname11":"Neeravi","vil_lgd":642020,"dist_lgd":583,"state_lgd":33,"gp_code":227228,"gp_name":"Neeravi","subdt_lgd":5858,"block_name":"KAMUDI","block_lgd":6279,"Remark":null,"ac_no":212,"test":null,"shape_Length":19166.474405038785,"shape_Area":9766698.075115524}},{"arcs":[[-581,583]],"type":"Polygon","properties":{"OBJECTID":395467,"vilnam_soi":"KIL MUDIMANNARKOTTAI","stcode11":"33","dtcode11":"626","sdtcode11":"05858","vilcode11":"642019","stname":"TAMIL NADU","dtname":"Ramanathapuram","sdtname":"Kamuthi","vilname11":" ","vil_lgd":642019,"dist_lgd":583,"state_lgd":33,"gp_code":227212,"gp_name":"Keelamudimannarkottai","subdt_lgd":5858,"block_name":"KAMUDI","block_lgd":6279,"Remark":null,"ac_no":212,"test":null,"shape_Length":16648.418656613943,"shape_Area":13267662.300088607}},{"arcs":[[-574,584,-583,585]],"type":"Polygon","properties":{"OBJECTID":395468,"vilnam_soi":"KARISALKULAM","stcode11":"33","dtcode11":"626","sdtcode11":"05858","vilcode11":"642021","stname":"TAMIL NADU","dtname":"Ramanathapuram","sdtname":"Kamuthi","vilname11":"N.Karisalkulam","vil_lgd":642021,"dist_lgd":583,"state_lgd":33,"gp_code":227224,"gp_name":"N.Karisalkulam","subdt_lgd":5858,"block_name":"KAMUDI","block_lgd":6279,"Remark":null,"ac_no":212,"test":null,"shape_Length":28337.500528879176,"shape_Area":15098429.484589264}},{"arcs":[[-548,-516,-508,586,587,588,589,590]],"type":"Polygon","properties":{"OBJECTID":395469,"vilnam_soi":"KAMUDI","stcode11":"33","dtcode11":"626","sdtcode11":"05858","vilcode11":"642016","stname":"TAMIL NADU","dtname":"Ramanathapuram","sdtname":"Kamuthi","vilname11":"Kumudi","vil_lgd":642016,"dist_lgd":583,"state_lgd":33,"gp_code":227226,"gp_name":"Narayanapuram","subdt_lgd":5858,"block_name":"KAMUDI","block_lgd":6279,"Remark":null,"ac_no":212,"test":null,"shape_Length":39849.14910859945,"shape_Area":15165627.692845972}},{"arcs":[[591,592,-569,593,594]],"type":"Polygon","properties":{"OBJECTID":395470,"vilnam_soi":"KUMARIYENDAL","stcode11":"33","dtcode11":"626","sdtcode11":"05860","vilcode11":"642104","stname":"TAMIL NADU","dtname":"Ramanathapuram","sdtname":"Ramanathapuram","vilname11":"Kumariyendal","vil_lgd":642104,"dist_lgd":583,"state_lgd":33,"gp_code":227444,"gp_name":"Karendhal","subdt_lgd":5860,"block_name":"RAMANATHAPURAM","block_lgd":6285,"Remark":null,"ac_no":210,"test":null,"shape_Length":8402.028239942276,"shape_Area":2905793.969026315}},{"arcs":[[595,596,-549,-591,597]],"type":"Polygon","properties":{"OBJECTID":395471,"vilnam_soi":"SAMBAKKULAM","stcode11":"33","dtcode11":"626","sdtcode11":"05858","vilcode11":"642015","stname":"TAMIL NADU","dtname":"Ramanathapuram","sdtname":"Kamuthi","vilname11":"Sambakkulam","vil_lgd":642015,"dist_lgd":583,"state_lgd":33,"gp_code":227225,"gp_name":"Nagaratharkurichi","subdt_lgd":5858,"block_name":"KAMUDI","block_lgd":6279,"Remark":null,"ac_no":212,"test":null,"shape_Length":13872.784330838611,"shape_Area":6339844.021216894}},{"arcs":[[-532,-555,598,599,600]],"type":"Polygon","properties":{"OBJECTID":395472,"vilnam_soi":"SEVVUR","stcode11":"33","dtcode11":"626","sdtcode11":"05856","vilcode11":"641938","stname":"TAMIL NADU","dtname":"Ramanathapuram","sdtname":"Paramakudi","vilname11":"Sevvur","vil_lgd":641938,"dist_lgd":583,"state_lgd":33,"gp_code":227131,"gp_name":"Sevvur","subdt_lgd":5856,"block_name":"BOGALUR","block_lgd":6277,"Remark":null,"ac_no":209,"test":null,"shape_Length":13676.676628457044,"shape_Area":7060718.882410407}},{"arcs":[[601,602,603,604]],"type":"Polygon","properties":{"OBJECTID":395476,"vilnam_soi":"MERKUKOTTAGUDI","stcode11":"33","dtcode11":"626","sdtcode11":"05857","vilcode11":"641964","stname":"TAMIL NADU","dtname":"Ramanathapuram","sdtname":"Mudukulathur","vilname11":"Merkkukottagudi","vil_lgd":641964,"dist_lgd":583,"state_lgd":33,"gp_code":227323,"gp_name":"VIKKIRAMAPANDIAPURAM","subdt_lgd":5857,"block_name":"MUDUKULATHUR","block_lgd":6281,"Remark":null,"ac_no":212,"test":null,"shape_Length":6868.81461721626,"shape_Area":1942010.3418065512}},{"arcs":[[605,-562,-526,-577,606,607]],"type":"Polygon","properties":{"OBJECTID":395477,"vilnam_soi":"KILKOTTAI","stcode11":"33","dtcode11":"626","sdtcode11":"05856","vilcode11":"641946","stname":"TAMIL NADU","dtname":"Ramanathapuram","sdtname":"Paramakudi","vilname11":"Keelakottai","vil_lgd":641946,"dist_lgd":583,"state_lgd":33,"gp_code":227125,"gp_name":"Muthuvayal","subdt_lgd":5856,"block_name":"BOGALUR","block_lgd":6277,"Remark":null,"ac_no":209,"test":null,"shape_Length":15743.252751938371,"shape_Area":11110840.16814985}},{"arcs":[[608,-519,-521,-567,-593,609,610]],"type":"Polygon","properties":{"OBJECTID":395478,"vilnam_soi":"PULLANGUDI","stcode11":"33","dtcode11":"626","sdtcode11":"05860","vilcode11":"642107","stname":"TAMIL NADU","dtname":"Ramanathapuram","sdtname":"Ramanathapuram","vilname11":"Pullangudi","vil_lgd":642107,"dist_lgd":583,"state_lgd":33,"gp_code":227453,"gp_name":"Pullangudi","subdt_lgd":5860,"block_name":"RAMANATHAPURAM","block_lgd":6285,"Remark":null,"ac_no":210,"test":null,"shape_Length":19150.840368122885,"shape_Area":13081814.600909015}},{"arcs":[[611,-552,-485,-565,612,613]],"type":"Polygon","properties":{"OBJECTID":395479,"vilnam_soi":"KIL TUVAL","stcode11":"33","dtcode11":"626","sdtcode11":"05857","vilcode11":"641967","stname":"TAMIL NADU","dtname":"Ramanathapuram","sdtname":"Mudukulathur","vilname11":"Keelathooval","vil_lgd":641967,"dist_lgd":583,"state_lgd":33,"gp_code":227292,"gp_name":"KEELATHOOVAL","subdt_lgd":5857,"block_name":"MUDUKULATHUR","block_lgd":6281,"Remark":null,"ac_no":212,"test":null,"shape_Length":18717.220190517757,"shape_Area":12724858.870953342}},{"arcs":[[614,-566,-536,-537,615,616,617]],"type":"Polygon","properties":{"OBJECTID":395481,"vilnam_soi":"KIL KULAM","stcode11":"33","dtcode11":"626","sdtcode11":"05857","vilcode11":"641966","stname":"TAMIL NADU","dtname":"Ramanathapuram","sdtname":"Mudukulathur","vilname11":"Keelakulam","vil_lgd":641966,"dist_lgd":583,"state_lgd":33,"gp_code":227291,"gp_name":"KEELAKULAM","subdt_lgd":5857,"block_name":"MUDUKULATHUR","block_lgd":6281,"Remark":null,"ac_no":212,"test":null,"shape_Length":24368.497100762303,"shape_Area":11726147.854525868}},{"arcs":[[618,-560,-533,-601,619,620]],"type":"Polygon","properties":{"OBJECTID":395482,"vilnam_soi":"MUDALUR","stcode11":"33","dtcode11":"626","sdtcode11":"05856","vilcode11":"641939","stname":"TAMIL NADU","dtname":"Ramanathapuram","sdtname":"Paramakudi","vilname11":"Mudalur","vil_lgd":641939,"dist_lgd":583,"state_lgd":33,"gp_code":227124,"gp_name":"Muthalur","subdt_lgd":5856,"block_name":"BOGALUR","block_lgd":6277,"Remark":null,"ac_no":209,"test":null,"shape_Length":16175.771781880274,"shape_Area":10321461.221099382}},{"arcs":[[621,-561,-619,622]],"type":"Polygon","properties":{"OBJECTID":395483,"vilnam_soi":"KULATTUR","stcode11":"33","dtcode11":"626","sdtcode11":"05856","vilcode11":"641941","stname":"TAMIL NADU","dtname":"Ramanathapuram","sdtname":"Paramakudi","vilname11":"Kulathur","vil_lgd":641941,"dist_lgd":583,"state_lgd":33,"gp_code":227337,"gp_name":"Kulathur","subdt_lgd":5856,"block_name":"NAINARKOIL","block_lgd":6282,"Remark":null,"ac_no":209,"test":null,"shape_Length":10420.918215246502,"shape_Area":5744396.924433077}},{"arcs":[[-594,-568,-558,-622,623,624]],"type":"Polygon","properties":{"OBJECTID":395485,"vilnam_soi":"PERUNGAUR","stcode11":"33","dtcode11":"626","sdtcode11":"05856","vilcode11":"641942","stname":"TAMIL NADU","dtname":"Ramanathapuram","sdtname":"Paramakudi","vilname11":"Perungalur","vil_lgd":641942,"dist_lgd":583,"state_lgd":33,"gp_code":227348,"gp_name":"Perungalur","subdt_lgd":5856,"block_name":"NAINARKOIL","block_lgd":6282,"Remark":null,"ac_no":209,"test":null,"shape_Length":12916.340047422193,"shape_Area":5664069.531566639}},{"arcs":[[-524,-520,-609,625,626]],"type":"Polygon","properties":{"OBJECTID":395486,"vilnam_soi":"CHITTARKOTTAI","stcode11":"33","dtcode11":"626","sdtcode11":"05860","vilcode11":"642108","stname":"TAMIL NADU","dtname":"Ramanathapuram","sdtname":"Ramanathapuram","vilname11":"Chittrakkottai","vil_lgd":642108,"dist_lgd":583,"state_lgd":33,"gp_code":227439,"gp_name":"Chitharkottai","subdt_lgd":5860,"block_name":"RAMANATHAPURAM","block_lgd":6285,"Remark":null,"ac_no":210,"test":null,"shape_Length":22004.74851588845,"shape_Area":21075234.70801866}},{"arcs":[[627,-588,628,629]],"type":"Polygon","properties":{"OBJECTID":395491,"vilnam_soi":"MARAIKKULAM","stcode11":"33","dtcode11":"626","sdtcode11":"05858","vilcode11":"642017","stname":"TAMIL NADU","dtname":"Ramanathapuram","sdtname":"Kamuthi","vilname11":"Maraikkulam","vil_lgd":642017,"dist_lgd":583,"state_lgd":33,"gp_code":227218,"gp_name":"Marakkulam","subdt_lgd":5858,"block_name":"KAMUDI","block_lgd":6279,"Remark":null,"ac_no":209,"test":null,"shape_Length":31192.728988537237,"shape_Area":11909557.008810071}},{"arcs":[[-616,-540,630,631,-603,632,633]],"type":"Polygon","properties":{"OBJECTID":395492,"vilnam_soi":"MEL KULAM","stcode11":"33","dtcode11":"626","sdtcode11":"05857","vilcode11":"641965","stname":"TAMIL NADU","dtname":"Ramanathapuram","sdtname":"Mudukulathur","vilname11":"Melakulam","vil_lgd":641965,"dist_lgd":583,"state_lgd":33,"gp_code":227315,"gp_name":"SIRUGUDI","subdt_lgd":5857,"block_name":"MUDUKULATHUR","block_lgd":6281,"Remark":null,"ac_no":212,"test":null,"shape_Length":19092.835139473493,"shape_Area":9459852.069204947}},{"arcs":[[634,-605,635]],"type":"Polygon","properties":{"OBJECTID":395494,"vilnam_soi":"SADAIKKANENDA","stcode11":"33","dtcode11":"626","sdtcode11":"05857","vilcode11":"641959","stname":"TAMIL NADU","dtname":"Ramanathapuram","sdtname":"Mudukulathur","vilname11":"Sadaikkanendal","vil_lgd":641959,"dist_lgd":583,"state_lgd":33,"gp_code":227302,"gp_name":"S.R.N.PALANKULAM","subdt_lgd":5857,"block_name":"MUDUKULATHUR","block_lgd":6281,"Remark":null,"ac_no":212,"test":null,"shape_Length":3183.5843242036144,"shape_Area":297083.75700617087}},{"arcs":[[636,-617,-634,637]],"type":"Polygon","properties":{"OBJECTID":395495,"vilnam_soi":"KUTTADIYENDAL","stcode11":"33","dtcode11":"626","sdtcode11":"05857","vilcode11":"641963","stname":"TAMIL NADU","dtname":"Ramanathapuram","sdtname":"Mudukulathur","vilname11":"Koothadiyendal","vil_lgd":641963,"dist_lgd":583,"state_lgd":33,"gp_code":227315,"gp_name":"SIRUGUDI","subdt_lgd":5857,"block_name":"MUDUKULATHUR","block_lgd":6281,"Remark":null,"ac_no":212,"test":null,"shape_Length":2538.8009176039977,"shape_Area":363015.5900533898}},{"arcs":[[638,-599,-557,-563,-606,639,640]],"type":"Polygon","properties":{"OBJECTID":395498,"vilnam_soi":"MENNANDI","stcode11":"33","dtcode11":"626","sdtcode11":"05856","vilcode11":"641936","stname":"TAMIL NADU","dtname":"Ramanathapuram","sdtname":"Paramakudi","vilname11":"Mennendhi","vil_lgd":641936,"dist_lgd":583,"state_lgd":33,"gp_code":227126,"gp_name":"Mennanthi Nagachi","subdt_lgd":5856,"block_name":"BOGALUR","block_lgd":6277,"Remark":null,"ac_no":209,"test":null,"shape_Length":10790.827434770614,"shape_Area":5620243.469179301}},{"arcs":[[641,642]],"type":"Polygon","properties":{"OBJECTID":395505,"vilnam_soi":"TATTANENDAL","stcode11":"33","dtcode11":"626","sdtcode11":"05857","vilcode11":"641958","stname":"TAMIL NADU","dtname":"Ramanathapuram","sdtname":"Mudukulathur","vilname11":"Thattanendal","vil_lgd":641958,"dist_lgd":583,"state_lgd":33,"gp_code":227290,"gp_name":"KEELAKODUMALUR","subdt_lgd":5857,"block_name":"MUDUKULATHUR","block_lgd":6281,"Remark":null,"ac_no":209,"test":null,"shape_Length":4689.781124391021,"shape_Area":701483.5257876682}},{"arcs":[[643,-642,644,-631,-539,-541,645,646]],"type":"Polygon","properties":{"OBJECTID":395514,"vilnam_soi":"NATTAM","stcode11":"33","dtcode11":"626","sdtcode11":"05858","vilcode11":"642013","stname":"TAMIL NADU","dtname":"Ramanathapuram","sdtname":"Kamuthi","vilname11":"Natham","vil_lgd":642013,"dist_lgd":583,"state_lgd":33,"gp_code":227227,"gp_name":"Natham","subdt_lgd":5858,"block_name":"KAMUDI","block_lgd":6279,"Remark":null,"ac_no":209,"test":null,"shape_Length":13925.705549886165,"shape_Area":3201867.1274185237}},{"arcs":[[-629,-587,-512,-546,-572,647]],"type":"Polygon","properties":{"OBJECTID":395515,"vilnam_soi":"MANDALAMANIKKAM","stcode11":"33","dtcode11":"626","sdtcode11":"05858","vilcode11":"642018","stname":"TAMIL NADU","dtname":"Ramanathapuram","sdtname":"Kamuthi","vilname11":"Mandalamanickam","vil_lgd":642018,"dist_lgd":583,"state_lgd":33,"gp_code":227217,"gp_name":"Mandalamanickam","subdt_lgd":5858,"block_name":"KAMUDI","block_lgd":6279,"Remark":null,"ac_no":209,"test":null,"shape_Length":27822.562658988387,"shape_Area":17523201.856309228}},{"arcs":[[648,-578,-571,-554,-550,-612,649,650,651]],"type":"Polygon","properties":{"OBJECTID":395518,"vilnam_soi":"SELLUR","stcode11":"33","dtcode11":"626","sdtcode11":"05857","vilcode11":"641968","stname":"TAMIL NADU","dtname":"Ramanathapuram","sdtname":"Mudukulathur","vilname11":"Sellur","vil_lgd":641968,"dist_lgd":583,"state_lgd":33,"gp_code":227312,"gp_name":"SELLUR","subdt_lgd":5857,"block_name":"MUDUKULATHUR","block_lgd":6281,"Remark":null,"ac_no":212,"test":null,"shape_Length":29587.990796564347,"shape_Area":18448386.41806686}},{"arcs":[[652,-623,-621,653,654]],"type":"Polygon","properties":{"OBJECTID":395520,"vilnam_soi":"TETTANGAL","stcode11":"33","dtcode11":"626","sdtcode11":"05856","vilcode11":"641940","stname":"TAMIL NADU","dtname":"Ramanathapuram","sdtname":"Paramakudi","vilname11":"Thethangal","vil_lgd":641940,"dist_lgd":583,"state_lgd":33,"gp_code":227356,"gp_name":"Thethangal","subdt_lgd":5856,"block_name":"NAINARKOIL","block_lgd":6282,"Remark":null,"ac_no":209,"test":null,"shape_Length":13155.849217220259,"shape_Area":5644669.958679429}},{"arcs":[[655,-654,-620,-600,-639,656,657,658]],"type":"Polygon","properties":{"OBJECTID":395524,"vilnam_soi":"NAGACHCHI","stcode11":"33","dtcode11":"626","sdtcode11":"05856","vilcode11":"641937","stname":"TAMIL NADU","dtname":"Ramanathapuram","sdtname":"Paramakudi","vilname11":"Nagachi","vil_lgd":641937,"dist_lgd":583,"state_lgd":33,"gp_code":227126,"gp_name":"Mennanthi Nagachi","subdt_lgd":5856,"block_name":"BOGALUR","block_lgd":6277,"Remark":null,"ac_no":209,"test":null,"shape_Length":11935.246746701385,"shape_Area":7083689.367719847}},{"arcs":[[-646,-543,-547,-597,659,660,661]],"type":"Polygon","properties":{"OBJECTID":395529,"vilnam_soi":"ABIRAMAM","stcode11":"33","dtcode11":"626","sdtcode11":"05858","vilcode11":"803807","stname":"TAMIL NADU","dtname":"Ramanathapuram","sdtname":"Kamuthi","vilname11":"Abiramam (TP)","vil_lgd":803807,"dist_lgd":583,"state_lgd":33,"gp_code":0,"gp_name":"","subdt_lgd":5858,"block_name":"KAMUDI","block_lgd":6279,"Remark":null,"ac_no":209,"test":null,"shape_Length":20034.89759045842,"shape_Area":17680175.47952525}},{"arcs":[[662,663,664,-579,-649,665,666,667]],"type":"Polygon","properties":{"OBJECTID":395532,"vilnam_soi":"PANDIKKANMAY","stcode11":"33","dtcode11":"626","sdtcode11":"05857","vilcode11":"641932","stname":"TAMIL NADU","dtname":"Ramanathapuram","sdtname":"Mudukulathur","vilname11":"Pandikanmoi","vil_lgd":641932,"dist_lgd":583,"state_lgd":33,"gp_code":227127,"gp_name":"Pandikanmai","subdt_lgd":5857,"block_name":"BOGALUR","block_lgd":6277,"Remark":null,"ac_no":209,"test":null,"shape_Length":26239.743252796823,"shape_Area":12652052.908930847}},{"arcs":[[668,-598,-590,669,670]],"type":"Polygon","properties":{"OBJECTID":395536,"vilnam_soi":"NAGARATTAKURICHCHI","stcode11":"33","dtcode11":"626","sdtcode11":"05858","vilcode11":"642011","stname":"TAMIL NADU","dtname":"Ramanathapuram","sdtname":"Kamuthi","vilname11":"Nagarathakurichi","vil_lgd":642011,"dist_lgd":583,"state_lgd":33,"gp_code":227225,"gp_name":"Nagaratharkurichi","subdt_lgd":5858,"block_name":"KAMUDI","block_lgd":6279,"Remark":null,"ac_no":209,"test":null,"shape_Length":15127.623959841709,"shape_Area":7985563.890651177}},{"arcs":[[-660,-596,-669,671,672]],"type":"Polygon","properties":{"OBJECTID":395538,"vilnam_soi":"NAGARATTAKURICHCHI","stcode11":"33","dtcode11":"626","sdtcode11":"05858","vilcode11":"642012","stname":"TAMIL NADU","dtname":"Ramanathapuram","sdtname":"Kamuthi","vilname11":"Abiramam","vil_lgd":642012,"dist_lgd":583,"state_lgd":33,"gp_code":0,"gp_name":"","subdt_lgd":5858,"block_name":"KAMUDI","block_lgd":6279,"Remark":null,"ac_no":209,"test":null,"shape_Length":14797.3627958523,"shape_Area":6578249.146738768}},{"arcs":[[-666,-652,673,674]],"type":"Polygon","properties":{"OBJECTID":395539,"vilnam_soi":"PATTANENDAL","stcode11":"33","dtcode11":"626","sdtcode11":"05857","vilcode11":"641930","stname":"TAMIL NADU","dtname":"Ramanathapuram","sdtname":"Mudukulathur","vilname11":"Pathanendal","vil_lgd":641930,"dist_lgd":583,"state_lgd":33,"gp_code":227365,"gp_name":"KALAYUR","subdt_lgd":5857,"block_name":"PARAMAKKUDI","block_lgd":6283,"Remark":null,"ac_no":209,"test":null,"shape_Length":5411.361881260895,"shape_Area":1619147.6053878134}},{"arcs":[[675,-655,-656,676,677]],"type":"Polygon","properties":{"OBJECTID":395542,"vilnam_soi":"TIYAGAVANSERI","stcode11":"33","dtcode11":"626","sdtcode11":"05856","vilcode11":"641916","stname":"TAMIL NADU","dtname":"Ramanathapuram","sdtname":"Paramakudi","vilname11":"Thiyagavanseri","vil_lgd":641916,"dist_lgd":583,"state_lgd":33,"gp_code":227357,"gp_name":"Thiyagavanseri","subdt_lgd":5856,"block_name":"NAINARKOIL","block_lgd":6282,"Remark":null,"ac_no":209,"test":null,"shape_Length":10530.571868223025,"shape_Area":4079830.7035849816}},{"arcs":[[678,-610,-592,679,680]],"type":"Polygon","properties":{"OBJECTID":395543,"vilnam_soi":"PERUVAYAL","stcode11":"33","dtcode11":"626","sdtcode11":"05860","vilcode11":"642103","stname":"TAMIL NADU","dtname":"Ramanathapuram","sdtname":"Ramanathapuram","vilname11":"Peruvayal","vil_lgd":642103,"dist_lgd":583,"state_lgd":33,"gp_code":227452,"gp_name":"Peruvayal","subdt_lgd":5860,"block_name":"RAMANATHAPURAM","block_lgd":6285,"Remark":null,"ac_no":210,"test":null,"shape_Length":16390.91742890419,"shape_Area":11317099.970908785}},{"arcs":[[681,682,-607,-576,-665,683,684]],"type":"Polygon","properties":{"OBJECTID":395545,"vilnam_soi":"KUMUKKOTAI","stcode11":"33","dtcode11":"626","sdtcode11":"05856","vilcode11":"641933","stname":"TAMIL NADU","dtname":"Ramanathapuram","sdtname":"Paramakudi","vilname11":"Kumukkottai","vil_lgd":641933,"dist_lgd":583,"state_lgd":33,"gp_code":227114,"gp_name":"Deivendranallur","subdt_lgd":5856,"block_name":"BOGALUR","block_lgd":6277,"Remark":null,"ac_no":212,"test":null,"shape_Length":16405.314681096293,"shape_Area":8682377.647790942}},{"arcs":[[685,-640,-608,-683,686,687]],"type":"Polygon","properties":{"OBJECTID":395549,"vilnam_soi":"KAMANKOTTAI","stcode11":"33","dtcode11":"626","sdtcode11":"05856","vilcode11":"641935","stname":"TAMIL NADU","dtname":"Ramanathapuram","sdtname":"Paramakudi","vilname11":"Kamankottai","vil_lgd":641935,"dist_lgd":583,"state_lgd":33,"gp_code":227117,"gp_name":"Kamankottai","subdt_lgd":5856,"block_name":"BOGALUR","block_lgd":6277,"Remark":null,"ac_no":209,"test":null,"shape_Length":12194.224656664162,"shape_Area":8067114.867173087}},{"arcs":[[-687,-682,688]],"type":"Polygon","properties":{"OBJECTID":395550,"vilnam_soi":"KAKKANENDAL","stcode11":"33","dtcode11":"626","sdtcode11":"05856","vilcode11":"641934","stname":"TAMIL NADU","dtname":"Ramanathapuram","sdtname":"Paramakudi","vilname11":"Kakkanendal","vil_lgd":641934,"dist_lgd":583,"state_lgd":33,"gp_code":227117,"gp_name":"Kamankottai","subdt_lgd":5856,"block_name":"BOGALUR","block_lgd":6277,"Remark":null,"ac_no":209,"test":null,"shape_Length":4667.265796934706,"shape_Area":1101178.0339867927}},{"arcs":[[689,-674,-651,690,691,692]],"type":"Polygon","properties":{"OBJECTID":395556,"vilnam_soi":"PAMBUR","stcode11":"33","dtcode11":"626","sdtcode11":"05856","vilcode11":"641929","stname":"TAMIL NADU","dtname":"Ramanathapuram","sdtname":"Paramakudi","vilname11":"Pambur","vil_lgd":641929,"dist_lgd":583,"state_lgd":33,"gp_code":227380,"gp_name":"PAMBUR","subdt_lgd":5856,"block_name":"PARAMAKKUDI","block_lgd":6283,"Remark":null,"ac_no":209,"test":null,"shape_Length":13221.408318641918,"shape_Area":9151369.235476928}},{"arcs":[[693,-677,-659,694,695]],"type":"Polygon","properties":{"OBJECTID":395558,"vilnam_soi":"MUMMUDISATTAN","stcode11":"33","dtcode11":"626","sdtcode11":"05856","vilcode11":"641917","stname":"TAMIL NADU","dtname":"Ramanathapuram","sdtname":"Paramakudi","vilname11":"Mummudisathan","vil_lgd":641917,"dist_lgd":583,"state_lgd":33,"gp_code":227339,"gp_name":"Mummudi Chathan","subdt_lgd":5856,"block_name":"NAINARKOIL","block_lgd":6282,"Remark":null,"ac_no":209,"test":null,"shape_Length":8269.6164394431,"shape_Area":4210328.317072849}},{"arcs":[[696,-613,-564,-615,697,698]],"type":"Polygon","properties":{"OBJECTID":395562,"vilnam_soi":"SATTANUR","stcode11":"33","dtcode11":"626","sdtcode11":"05857","vilcode11":"641962","stname":"TAMIL NADU","dtname":"Ramanathapuram","sdtname":"Mudukulathur","vilname11":"Sathanur","vil_lgd":641962,"dist_lgd":583,"state_lgd":33,"gp_code":227310,"gp_name":"SAMBAKULAM","subdt_lgd":5857,"block_name":"MUDUKULATHUR","block_lgd":6281,"Remark":null,"ac_no":212,"test":null,"shape_Length":23487.644629727878,"shape_Area":19237526.32197249}},{"arcs":[[699,700,-624,-653,-676,701,702]],"type":"Polygon","properties":{"OBJECTID":395569,"vilnam_soi":"PANAIYAR","stcode11":"33","dtcode11":"626","sdtcode11":"05856","vilcode11":"641914","stname":"TAMIL NADU","dtname":"Ramanathapuram","sdtname":"Paramakudi","vilname11":"A. Panaiyur","vil_lgd":641914,"dist_lgd":583,"state_lgd":33,"gp_code":227345,"gp_name":"A. Panaiyoor","subdt_lgd":5856,"block_name":"NAINARKOIL","block_lgd":6282,"Remark":null,"ac_no":209,"test":null,"shape_Length":11955.357086765676,"shape_Area":7675692.577045916}},{"arcs":[[703,-684,-664,704,705,706]],"type":"Polygon","properties":{"OBJECTID":395570,"vilnam_soi":"MANJUR","stcode11":"33","dtcode11":"626","sdtcode11":"05856","vilcode11":"641921","stname":"TAMIL NADU","dtname":"Ramanathapuram","sdtname":"Paramakudi","vilname11":"Manjur","vil_lgd":641921,"dist_lgd":583,"state_lgd":33,"gp_code":227123,"gp_name":"Manjur","subdt_lgd":5856,"block_name":"BOGALUR","block_lgd":6277,"Remark":null,"ac_no":209,"test":null,"shape_Length":14269.564397876742,"shape_Area":8855904.639004609}},{"arcs":[[-691,-650,-614,-697,707]],"type":"Polygon","properties":{"OBJECTID":395571,"vilnam_soi":"TENPODUVAKKUDI","stcode11":"33","dtcode11":"626","sdtcode11":"05856","vilcode11":"641928","stname":"TAMIL NADU","dtname":"Ramanathapuram","sdtname":"Paramakudi","vilname11":"Thenpoduvakudi","vil_lgd":641928,"dist_lgd":583,"state_lgd":33,"gp_code":227390,"gp_name":"thenpodhuvakkudi","subdt_lgd":5856,"block_name":"PARAMAKKUDI","block_lgd":6283,"Remark":null,"ac_no":209,"test":null,"shape_Length":13677.37086023264,"shape_Area":6904132.950151351}},{"arcs":[[708,-670,-589,-628,709,710,711]],"type":"Polygon","properties":{"OBJECTID":395573,"vilnam_soi":"KAKKUDI","stcode11":"33","dtcode11":"626","sdtcode11":"05858","vilcode11":"642010","stname":"TAMIL NADU","dtname":"Ramanathapuram","sdtname":"Kamuthi","vilname11":"Kakkudi","vil_lgd":642010,"dist_lgd":583,"state_lgd":33,"gp_code":227210,"gp_name":"Kakkudi","subdt_lgd":5858,"block_name":"KAMUDI","block_lgd":6279,"Remark":null,"ac_no":209,"test":null,"shape_Length":15413.375113968883,"shape_Area":9299414.992569674}},{"arcs":[[712,-680,-595,-625,-701,713]],"type":"Polygon","properties":{"OBJECTID":395575,"vilnam_soi":"SIRUVAYAL","stcode11":"33","dtcode11":"626","sdtcode11":"05856","vilcode11":"641913","stname":"TAMIL NADU","dtname":"Ramanathapuram","sdtname":"Paramakudi","vilname11":"Siruvayal","vil_lgd":641913,"dist_lgd":583,"state_lgd":33,"gp_code":227353,"gp_name":"Siruvayal","subdt_lgd":5856,"block_name":"NAINARKOIL","block_lgd":6282,"Remark":null,"ac_no":209,"test":null,"shape_Length":19111.454454595987,"shape_Area":16560174.855797522}},{"arcs":[[714,-657,-641,-686,715,716]],"type":"Polygon","properties":{"OBJECTID":395580,"vilnam_soi":"GANGAIKONDAN","stcode11":"33","dtcode11":"626","sdtcode11":"05856","vilcode11":"641919","stname":"TAMIL NADU","dtname":"Ramanathapuram","sdtname":"Paramakudi","vilname11":"Gangaikondon","vil_lgd":641919,"dist_lgd":583,"state_lgd":33,"gp_code":227330,"gp_name":"Gangaikondan","subdt_lgd":5856,"block_name":"NAINARKOIL","block_lgd":6282,"Remark":null,"ac_no":209,"test":null,"shape_Length":14750.628239863727,"shape_Area":8276287.141548888}},{"arcs":[[-716,-688,-689,-685,-704,717,718,719]],"type":"Polygon","properties":{"OBJECTID":395581,"vilnam_soi":"MANJAKOLLAI","stcode11":"33","dtcode11":"626","sdtcode11":"05856","vilcode11":"641920","stname":"TAMIL NADU","dtname":"Ramanathapuram","sdtname":"Paramakudi","vilname11":"Manjakollai","vil_lgd":641920,"dist_lgd":583,"state_lgd":33,"gp_code":227119,"gp_name":"Karuthanenthal","subdt_lgd":5856,"block_name":"BOGALUR","block_lgd":6277,"Remark":null,"ac_no":209,"test":null,"shape_Length":20896.410055591426,"shape_Area":7846966.485895675}},{"arcs":[[720,721,-661,-673,722,723]],"type":"Polygon","properties":{"OBJECTID":395584,"vilnam_soi":"KIL THARAKUDI","stcode11":"33","dtcode11":"626","sdtcode11":"05858","vilcode11":"642006","stname":"TAMIL NADU","dtname":"Ramanathapuram","sdtname":"Kamuthi","vilname11":"A.Tharaikkudi","vil_lgd":642006,"dist_lgd":583,"state_lgd":33,"gp_code":227198,"gp_name":"A.Tharaikudi","subdt_lgd":5858,"block_name":"KAMUDI","block_lgd":6279,"Remark":null,"ac_no":209,"test":null,"shape_Length":12085.721006370848,"shape_Area":6734256.344612156}},{"arcs":[[-668,724,725]],"type":"Polygon","properties":{"OBJECTID":395590,"vilnam_soi":"KARUNGULAM","stcode11":"33","dtcode11":"626","sdtcode11":"05856","vilcode11":"641931","stname":"TAMIL NADU","dtname":"Ramanathapuram","sdtname":"Paramakudi","vilname11":"K.Karungulam","vil_lgd":641931,"dist_lgd":583,"state_lgd":33,"gp_code":227364,"gp_name":"K.KARUNGULAM","subdt_lgd":5856,"block_name":"BOGALUR","block_lgd":6277,"Remark":null,"ac_no":209,"test":null,"shape_Length":8304.460632823559,"shape_Area":2625750.5435589035}},{"arcs":[[-695,-658,-715,726,727,728]],"type":"Polygon","properties":{"OBJECTID":395591,"vilnam_soi":"PANDIYUR","stcode11":"33","dtcode11":"626","sdtcode11":"05856","vilcode11":"641918","stname":"TAMIL NADU","dtname":"Ramanathapuram","sdtname":"Paramakudi","vilname11":"Pandiyur","vil_lgd":641918,"dist_lgd":583,"state_lgd":33,"gp_code":227347,"gp_name":"Pandiyur","subdt_lgd":5856,"block_name":"NAINARKOIL","block_lgd":6282,"Remark":null,"ac_no":209,"test":null,"shape_Length":8613.85367304598,"shape_Area":3951023.679253591}},{"arcs":[[-723,-672,-671,-709,729,730]],"type":"Polygon","properties":{"OBJECTID":395593,"vilnam_soi":"VALLANDAI","stcode11":"33","dtcode11":"626","sdtcode11":"05858","vilcode11":"642007","stname":"TAMIL NADU","dtname":"Ramanathapuram","sdtname":"Kamuthi","vilname11":"Vallandai","vil_lgd":642007,"dist_lgd":583,"state_lgd":33,"gp_code":227249,"gp_name":"Vallanthai","subdt_lgd":5858,"block_name":"KAMUDI","block_lgd":6279,"Remark":null,"ac_no":209,"test":null,"shape_Length":14925.988885329065,"shape_Area":7918824.472242338}},{"arcs":[[731,-638,-633,-602,-635,732,733]],"type":"Polygon","properties":{"OBJECTID":395599,"vilnam_soi":"KIL KONDAMALUR","stcode11":"33","dtcode11":"626","sdtcode11":"05857","vilcode11":"641960","stname":"TAMIL NADU","dtname":"Ramanathapuram","sdtname":"Mudukulathur","vilname11":"Keelakodumalur","vil_lgd":641960,"dist_lgd":583,"state_lgd":33,"gp_code":227290,"gp_name":"KEELAKODUMALUR","subdt_lgd":5857,"block_name":"MUDUKULATHUR","block_lgd":6281,"Remark":null,"ac_no":212,"test":null,"shape_Length":16060.879655390627,"shape_Area":6547168.230377493}},{"arcs":[[734,-733,-636,-604,-632,-645,-643,-644,735]],"type":"Polygon","properties":{"OBJECTID":395606,"vilnam_soi":"MEL KODUMALAR","stcode11":"33","dtcode11":"626","sdtcode11":"05857","vilcode11":"641957","stname":"TAMIL NADU","dtname":"Ramanathapuram","sdtname":"Mudukulathur","vilname11":"Melakodumalur","vil_lgd":641957,"dist_lgd":583,"state_lgd":33,"gp_code":227298,"gp_name":"MELAKODUMALUR","subdt_lgd":5857,"block_name":"MUDUKULATHUR","block_lgd":6281,"Remark":null,"ac_no":212,"test":null,"shape_Length":23240.635063144953,"shape_Area":9328669.10331282}},{"arcs":[[736,-698,-618,-637,-732,737,738]],"type":"Polygon","properties":{"OBJECTID":395611,"vilnam_soi":"VIKRAMAPANDIYAPURAM","stcode11":"33","dtcode11":"626","sdtcode11":"05857","vilcode11":"641961","stname":"TAMIL NADU","dtname":"Ramanathapuram","sdtname":"Mudukulathur","vilname11":"Vikkiramapandiapuram","vil_lgd":641961,"dist_lgd":583,"state_lgd":33,"gp_code":227300,"gp_name":"NALLUKURICHI","subdt_lgd":5857,"block_name":"MUDUKULATHUR","block_lgd":6281,"Remark":null,"ac_no":212,"test":null,"shape_Length":22726.236201218166,"shape_Area":18239802.625737716}},{"arcs":[[739,-702,-678,-694,740,741]],"type":"Polygon","properties":{"OBJECTID":395616,"vilnam_soi":"KILIYUR","stcode11":"33","dtcode11":"626","sdtcode11":"05856","vilcode11":"641915","stname":"TAMIL NADU","dtname":"Ramanathapuram","sdtname":"Paramakudi","vilname11":"Kiliyur","vil_lgd":641915,"dist_lgd":583,"state_lgd":33,"gp_code":227334,"gp_name":"Kiliyur","subdt_lgd":5856,"block_name":"NAINARKOIL","block_lgd":6282,"Remark":null,"ac_no":209,"test":null,"shape_Length":14542.400495219934,"shape_Area":7440705.2786847735}},{"arcs":[[742,-693,743,744,745]],"type":"Polygon","properties":{"OBJECTID":395617,"vilnam_soi":"KAVANUR","stcode11":"33","dtcode11":"626","sdtcode11":"05856","vilcode11":"641925","stname":"TAMIL NADU","dtname":"Ramanathapuram","sdtname":"Paramakudi","vilname11":"Kavanur","vil_lgd":641925,"dist_lgd":583,"state_lgd":33,"gp_code":227373,"gp_name":"MELAKAVANUR","subdt_lgd":5856,"block_name":"PARAMAKKUDI","block_lgd":6283,"Remark":null,"ac_no":209,"test":null,"shape_Length":13179.431475295147,"shape_Area":6210606.432419632}},{"arcs":[[-705,-663,-726,746,747]],"type":"Polygon","properties":{"OBJECTID":395619,"vilnam_soi":"KALAYUR","stcode11":"33","dtcode11":"626","sdtcode11":"05856","vilcode11":"641922","stname":"TAMIL NADU","dtname":"Ramanathapuram","sdtname":"Paramakudi","vilname11":"Kalayur","vil_lgd":641922,"dist_lgd":583,"state_lgd":33,"gp_code":227365,"gp_name":"KALAYUR","subdt_lgd":5856,"block_name":"PARAMAKKUDI","block_lgd":6283,"Remark":null,"ac_no":209,"test":null,"shape_Length":14935.39103432937,"shape_Area":9587623.988686481}},{"arcs":[[748,-747,-725,-667,-675,-690,-743,749,750]],"type":"Polygon","properties":{"OBJECTID":395624,"vilnam_soi":"VENKATANKURICHCHI","stcode11":"33","dtcode11":"626","sdtcode11":"05856","vilcode11":"641924","stname":"TAMIL NADU","dtname":"Ramanathapuram","sdtname":"Paramakudi","vilname11":"Venkittankurichi","vil_lgd":641924,"dist_lgd":583,"state_lgd":33,"gp_code":227399,"gp_name":"venkittankurichchi","subdt_lgd":5856,"block_name":"PARAMAKKUDI","block_lgd":6283,"Remark":null,"ac_no":209,"test":null,"shape_Length":13689.48730652512,"shape_Area":8526795.780233331}},{"arcs":[[751,-714,-700,752,753]],"type":"Polygon","properties":{"OBJECTID":395630,"vilnam_soi":"ARASANUR","stcode11":"33","dtcode11":"626","sdtcode11":"05856","vilcode11":"641912","stname":"TAMIL NADU","dtname":"Ramanathapuram","sdtname":"Paramakudi","vilname11":"Arasanur","vil_lgd":641912,"dist_lgd":583,"state_lgd":33,"gp_code":227327,"gp_name":"Arasanur","subdt_lgd":5856,"block_name":"NAINARKOIL","block_lgd":6282,"Remark":null,"ac_no":209,"test":null,"shape_Length":13191.537952349065,"shape_Area":6742244.7730325125}},{"arcs":[[754,-711,755]],"type":"Polygon","properties":{"OBJECTID":395632,"vilnam_soi":"KADAKKULAM","stcode11":"33","dtcode11":"626","sdtcode11":"05858","vilcode11":"642009","stname":"TAMIL NADU","dtname":"Ramanathapuram","sdtname":"Kamuthi","vilname11":"Koodakkulam","vil_lgd":642009,"dist_lgd":583,"state_lgd":33,"gp_code":227202,"gp_name":"Eluvanur","subdt_lgd":5858,"block_name":"KAMUDI","block_lgd":6279,"Remark":null,"ac_no":209,"test":null,"shape_Length":15580.728924245677,"shape_Area":7954164.026310012}},{"arcs":[[756,757,-626,-611,-679,758,759]],"type":"Polygon","properties":{"OBJECTID":395633,"vilnam_soi":"DEVIPATTANAM","stcode11":"33","dtcode11":"626","sdtcode11":"05860","vilcode11":"642102","stname":"TAMIL NADU","dtname":"Ramanathapuram","sdtname":"Ramanathapuram","vilname11":"Devipattinam  (Part)","vil_lgd":642102,"dist_lgd":583,"state_lgd":33,"gp_code":227440,"gp_name":"Devipattinam","subdt_lgd":5860,"block_name":"RAMANATHAPURAM","block_lgd":6285,"Remark":null,"ac_no":210,"test":null,"shape_Length":21565.80417371067,"shape_Area":17412642.497312427}},{"arcs":[[760,-741,-696,-729,761,762,763]],"type":"Polygon","properties":{"OBJECTID":395639,"vilnam_soi":"CHATTURVEDAMANGALAM","stcode11":"33","dtcode11":"626","sdtcode11":"05856","vilcode11":"641910","stname":"TAMIL NADU","dtname":"Ramanathapuram","sdtname":"Paramakudi","vilname11":"Sadurvedamangalam","vil_lgd":641910,"dist_lgd":583,"state_lgd":33,"gp_code":227351,"gp_name":"Sadurvedamangalam","subdt_lgd":5856,"block_name":"NAINARKOIL","block_lgd":6282,"Remark":null,"ac_no":209,"test":null,"shape_Length":10950.287371223187,"shape_Area":6952736.324879296}},{"arcs":[[-759,-681,-713,764,765]],"type":"Polygon","properties":{"OBJECTID":395643,"vilnam_soi":"ALAMELENDAL","stcode11":"33","dtcode11":"626","sdtcode11":"05860","vilcode11":"642101","stname":"TAMIL NADU","dtname":"Ramanathapuram","sdtname":"Ramanathapuram","vilname11":"Alamalandal","vil_lgd":642101,"dist_lgd":583,"state_lgd":33,"gp_code":227442,"gp_name":"Kalanikudi","subdt_lgd":5860,"block_name":"RAMANATHAPURAM","block_lgd":6285,"Remark":null,"ac_no":210,"test":null,"shape_Length":22354.135854647768,"shape_Area":12807038.359320855}},{"arcs":[[766,-706,-748,-749,767]],"type":"Polygon","properties":{"OBJECTID":395646,"vilnam_soi":"ARIYANENDAL","stcode11":"33","dtcode11":"626","sdtcode11":"05856","vilcode11":"641923","stname":"TAMIL NADU","dtname":"Ramanathapuram","sdtname":"Paramakudi","vilname11":"Ariyanendal","vil_lgd":641923,"dist_lgd":583,"state_lgd":33,"gp_code":227362,"gp_name":"ARIYANENDAL A/B","subdt_lgd":5856,"block_name":"PARAMAKKUDI","block_lgd":6283,"Remark":null,"ac_no":209,"test":null,"shape_Length":15411.18898295815,"shape_Area":6927172.040157958}},{"arcs":[[768,-762,-728,769,770]],"type":"Polygon","properties":{"OBJECTID":395648,"vilnam_soi":"CHITTANENDAL","stcode11":"33","dtcode11":"626","sdtcode11":"05856","vilcode11":"641909","stname":"TAMIL NADU","dtname":"Ramanathapuram","sdtname":"Paramakudi","vilname11":"Chitthanendal","vil_lgd":641909,"dist_lgd":583,"state_lgd":33,"gp_code":227346,"gp_name":"Panthappanenthal","subdt_lgd":5856,"block_name":"NAINARKOIL","block_lgd":6282,"Remark":null,"ac_no":209,"test":null,"shape_Length":6958.405206789473,"shape_Area":2817589.2420961196}},{"arcs":[[771,-730,-712,-755,772]],"type":"Polygon","properties":{"OBJECTID":395651,"vilnam_soi":"ELUVANUR","stcode11":"33","dtcode11":"626","sdtcode11":"05858","vilcode11":"642008","stname":"TAMIL NADU","dtname":"Ramanathapuram","sdtname":"Kamuthi","vilname11":"Eluvanur","vil_lgd":642008,"dist_lgd":583,"state_lgd":33,"gp_code":227202,"gp_name":"Eluvanur","subdt_lgd":5858,"block_name":"KAMUDI","block_lgd":6279,"Remark":null,"ac_no":209,"test":null,"shape_Length":15414.07439486302,"shape_Area":7795020.080152143}},{"arcs":[[773,-753,-703,-740,774,775]],"type":"Polygon","properties":{"OBJECTID":395652,"vilnam_soi":"KODIKKULAM","stcode11":"33","dtcode11":"626","sdtcode11":"05856","vilcode11":"641911","stname":"TAMIL NADU","dtname":"Ramanathapuram","sdtname":"Paramakudi","vilname11":"P.Kodikulam","vil_lgd":641911,"dist_lgd":583,"state_lgd":33,"gp_code":227343,"gp_name":"P. Kodikulam","subdt_lgd":5856,"block_name":"NAINARKOIL","block_lgd":6282,"Remark":null,"ac_no":209,"test":null,"shape_Length":13506.997445217654,"shape_Area":8289895.875131019}},{"arcs":[[-764,776,777]],"type":"Polygon","properties":{"OBJECTID":395658,"vilnam_soi":"PANDAPPANENDAL","stcode11":"33","dtcode11":"626","sdtcode11":"05856","vilcode11":"641890","stname":"TAMIL NADU","dtname":"Ramanathapuram","sdtname":"Paramakudi","vilname11":"Pandappanendal","vil_lgd":641890,"dist_lgd":583,"state_lgd":33,"gp_code":227346,"gp_name":"Panthappanenthal","subdt_lgd":5856,"block_name":"NAINARKOIL","block_lgd":6282,"Remark":null,"ac_no":209,"test":null,"shape_Length":4422.922580023183,"shape_Area":1146693.4217871742}},{"arcs":[[778,-719,779,780,781]],"type":"Polygon","properties":{"OBJECTID":395667,"vilnam_soi":"SIRAKIKOTTAI","stcode11":"33","dtcode11":"626","sdtcode11":"05856","vilcode11":"641908","stname":"TAMIL NADU","dtname":"Ramanathapuram","sdtname":"Paramakudi","vilname11":"Sirakikottai","vil_lgd":641908,"dist_lgd":583,"state_lgd":33,"gp_code":227331,"gp_name":"Kalliyadiyenthal","subdt_lgd":5856,"block_name":"NAINARKOIL","block_lgd":6282,"Remark":null,"ac_no":209,"test":null,"shape_Length":20279.394595531114,"shape_Area":12700043.551944917}},{"arcs":[[782,-777,-763,-769,783]],"type":"Polygon","properties":{"OBJECTID":395674,"vilnam_soi":"YANENDAI","stcode11":"33","dtcode11":"626","sdtcode11":"05856","vilcode11":"641891","stname":"TAMIL NADU","dtname":"Ramanathapuram","sdtname":"Paramakudi","vilname11":"Periyanendal","vil_lgd":641891,"dist_lgd":583,"state_lgd":33,"gp_code":227346,"gp_name":"Panthappanenthal","subdt_lgd":5856,"block_name":"NAINARKOIL","block_lgd":6282,"Remark":null,"ac_no":209,"test":null,"shape_Length":5449.072458046597,"shape_Area":2079961.9687927729}},{"arcs":[[784,-776,785,786,787]],"type":"Polygon","properties":{"OBJECTID":395685,"vilnam_soi":"SETUKAL","stcode11":"33","dtcode11":"626","sdtcode11":"05856","vilcode11":"641888","stname":"TAMIL NADU","dtname":"Ramanathapuram","sdtname":"Paramakudi","vilname11":"Sethukal","vil_lgd":641888,"dist_lgd":583,"state_lgd":33,"gp_code":227336,"gp_name":"Kottakudi","subdt_lgd":5856,"block_name":"NAINARKOIL","block_lgd":6282,"Remark":null,"ac_no":209,"test":null,"shape_Length":8079.384628627539,"shape_Area":3591645.233025647}},{"arcs":[[788,789,-739,790,791,792]],"type":"Polygon","properties":{"OBJECTID":395690,"vilnam_soi":"VALANGUDI","stcode11":"33","dtcode11":"626","sdtcode11":"05856","vilcode11":"641903","stname":"TAMIL NADU","dtname":"Ramanathapuram","sdtname":"Paramakudi","vilname11":"Valangudi","vil_lgd":641903,"dist_lgd":583,"state_lgd":33,"gp_code":227395,"gp_name":"vaalangudi","subdt_lgd":5856,"block_name":"PARAMAKKUDI","block_lgd":6283,"Remark":null,"ac_no":209,"test":null,"shape_Length":15364.456032174507,"shape_Area":9968514.803868325}},{"arcs":[[-786,-775,-742,-761,-778,-783,793,794]],"type":"Polygon","properties":{"OBJECTID":395692,"vilnam_soi":"KOLUVUR","stcode11":"33","dtcode11":"626","sdtcode11":"05856","vilcode11":"641889","stname":"TAMIL NADU","dtname":"Ramanathapuram","sdtname":"Paramakudi","vilname11":"Koluvur","vil_lgd":641889,"dist_lgd":583,"state_lgd":33,"gp_code":227335,"gp_name":"Koluvur","subdt_lgd":5856,"block_name":"NAINARKOIL","block_lgd":6282,"Remark":null,"ac_no":209,"test":null,"shape_Length":11388.201342878881,"shape_Area":5857072.324874623}},{"arcs":[[795,-721,796,797]],"type":"Polygon","properties":{"OBJECTID":395693,"vilnam_soi":"VANGARUPURAM","stcode11":"33","dtcode11":"626","sdtcode11":"05858","vilcode11":"642003","stname":"TAMIL NADU","dtname":"Ramanathapuram","sdtname":"Kamuthi","vilname11":"Vangarupuram","vil_lgd":642003,"dist_lgd":583,"state_lgd":33,"gp_code":227250,"gp_name":"Vangarupuram","subdt_lgd":5858,"block_name":"KAMUDI","block_lgd":6279,"Remark":null,"ac_no":209,"test":null,"shape_Length":13404.780936862962,"shape_Area":7205783.936552979}},{"arcs":[[-797,-724,-731,-772,798,799]],"type":"Polygon","properties":{"OBJECTID":395695,"vilnam_soi":"PUNAVASAL","stcode11":"33","dtcode11":"626","sdtcode11":"05858","vilcode11":"642002","stname":"TAMIL NADU","dtname":"Ramanathapuram","sdtname":"Kamuthi","vilname11":" ","vil_lgd":642002,"dist_lgd":583,"state_lgd":33,"gp_code":227245,"gp_name":"T.Punavasal","subdt_lgd":5858,"block_name":"KAMUDI","block_lgd":6279,"Remark":null,"ac_no":209,"test":null,"shape_Length":13835.564262456704,"shape_Area":9688803.71943434}},{"arcs":[[800,801,-770,-727,-717,-720,-779,802,803]],"type":"Polygon","properties":{"OBJECTID":395696,"vilnam_soi":"AKKIRAMESI","stcode11":"33","dtcode11":"626","sdtcode11":"05856","vilcode11":"641892","stname":"TAMIL NADU","dtname":"Ramanathapuram","sdtname":"Paramakudi","vilname11":"Akkiramesi","vil_lgd":641892,"dist_lgd":583,"state_lgd":33,"gp_code":227326,"gp_name":"Akkiramesi","subdt_lgd":5856,"block_name":"NAINARKOIL","block_lgd":6282,"Remark":null,"ac_no":209,"test":null,"shape_Length":17731.094920975655,"shape_Area":14579635.41395035}},{"arcs":[[-791,-738,-734,-735,804,805]],"type":"Polygon","properties":{"OBJECTID":395699,"vilnam_soi":"PERIYANIKKULAM","stcode11":"33","dtcode11":"626","sdtcode11":"05858","vilcode11":"642004","stname":"TAMIL NADU","dtname":"Ramanathapuram","sdtname":"Kamuthi","vilname11":"Perianaikkulam","vil_lgd":642004,"dist_lgd":583,"state_lgd":33,"gp_code":227290,"gp_name":"KEELAKODUMALUR","subdt_lgd":5858,"block_name":"KAMUDI","block_lgd":6279,"Remark":null,"ac_no":209,"test":null,"shape_Length":20771.921880702066,"shape_Area":9968474.859732777}},{"arcs":[[806,807,-805,-736,-647,-662,-722,-796,808]],"type":"Polygon","properties":{"OBJECTID":395702,"vilnam_soi":"ACHANGULAM","stcode11":"33","dtcode11":"626","sdtcode11":"05858","vilcode11":"642005","stname":"TAMIL NADU","dtname":"Ramanathapuram","sdtname":"Kamuthi","vilname11":"Achchangulam","vil_lgd":642005,"dist_lgd":583,"state_lgd":33,"gp_code":227199,"gp_name":"Achangulam","subdt_lgd":5858,"block_name":"KAMUDI","block_lgd":6279,"Remark":null,"ac_no":209,"test":null,"shape_Length":33203.02843699544,"shape_Area":21332751.607320614}},{"arcs":[[-780,-718,-707,-767,809,810,811]],"type":"Polygon","properties":{"OBJECTID":395703,"vilnam_soi":"URAPPULI","stcode11":"33","dtcode11":"626","sdtcode11":"05856","vilcode11":"641907","stname":"TAMIL NADU","dtname":"Ramanathapuram","sdtname":"Paramakudi","vilname11":"Urappuli","vil_lgd":641907,"dist_lgd":583,"state_lgd":33,"gp_code":227378,"gp_name":"NENMENI","subdt_lgd":5856,"block_name":"PARAMAKKUDI","block_lgd":6283,"Remark":null,"ac_no":209,"test":null,"shape_Length":22137.966703258302,"shape_Area":15838956.88200792}},{"arcs":[[812,-745,813,814]],"type":"Polygon","properties":{"OBJECTID":395704,"vilnam_soi":"VILATTUR","stcode11":"33","dtcode11":"626","sdtcode11":"05856","vilcode11":"641926","stname":"TAMIL NADU","dtname":"Ramanathapuram","sdtname":"Paramakudi","vilname11":"Vilatnur","vil_lgd":641926,"dist_lgd":583,"state_lgd":33,"gp_code":227400,"gp_name":"vilaththur","subdt_lgd":5856,"block_name":"PARAMAKKUDI","block_lgd":6283,"Remark":null,"ac_no":209,"test":null,"shape_Length":12225.034221266947,"shape_Area":5683360.233768137}},{"arcs":[[-754,-774,-785,815,816,817]],"type":"Polygon","properties":{"OBJECTID":395705,"vilnam_soi":"POTTAGAVAYAL","stcode11":"33","dtcode11":"626","sdtcode11":"05856","vilcode11":"641887","stname":"TAMIL NADU","dtname":"Ramanathapuram","sdtname":"Paramakudi","vilname11":"Pottagavayal","vil_lgd":641887,"dist_lgd":583,"state_lgd":33,"gp_code":227349,"gp_name":"Potagavayal","subdt_lgd":5856,"block_name":"NAINARKOIL","block_lgd":6282,"Remark":null,"ac_no":209,"test":null,"shape_Length":18436.36151629044,"shape_Area":13447666.079074796}},{"arcs":[[-814,-744,-692,-708,-699,-737,-790,818,819]],"type":"Polygon","properties":{"OBJECTID":395707,"vilnam_soi":"TOLUR","stcode11":"33","dtcode11":"626","sdtcode11":"05856","vilcode11":"","stname":"TAMIL NADU","dtname":"Ramanathapuram","sdtname":"Paramakudi","vilname11":" ","vil_lgd":0,"dist_lgd":583,"state_lgd":33,"gp_code":0,"gp_name":"","subdt_lgd":5856,"block_name":"PARAMAKKUDI","block_lgd":6283,"Remark":null,"ac_no":209,"test":null,"shape_Length":23727.272394647054,"shape_Area":13313711.66697121}},{"arcs":[[-810,-768,-751,820,821,822]],"type":"Polygon","properties":{"OBJECTID":395716,"vilnam_soi":"VENDONI","stcode11":"33","dtcode11":"626","sdtcode11":"05856","vilcode11":"641906","stname":"TAMIL NADU","dtname":"Ramanathapuram","sdtname":"Paramakudi","vilname11":"Vendoni","vil_lgd":641906,"dist_lgd":583,"state_lgd":33,"gp_code":227397,"gp_name":"vendhoni","subdt_lgd":5856,"block_name":"PARAMAKKUDI","block_lgd":6283,"Remark":null,"ac_no":209,"test":null,"shape_Length":13119.42073079939,"shape_Area":8932947.721346267}},{"arcs":[[823,-819,-789,824,825]],"type":"Polygon","properties":{"OBJECTID":395718,"vilnam_soi":"MANDANDAI","stcode11":"33","dtcode11":"626","sdtcode11":"05856","vilcode11":"641904","stname":"TAMIL NADU","dtname":"Ramanathapuram","sdtname":"Paramakudi","vilname11":"Madanthai","vil_lgd":641904,"dist_lgd":583,"state_lgd":33,"gp_code":227372,"gp_name":"MADANTHAI","subdt_lgd":5856,"block_name":"PARAMAKKUDI","block_lgd":6283,"Remark":null,"ac_no":209,"test":null,"shape_Length":9025.678275251652,"shape_Area":4527515.456403728}},{"arcs":[[826,-787,-795,827,828]],"type":"Polygon","properties":{"OBJECTID":395720,"vilnam_soi":"KOTTAGUDI","stcode11":"33","dtcode11":"626","sdtcode11":"05856","vilcode11":"641884","stname":"TAMIL NADU","dtname":"Ramanathapuram","sdtname":"Paramakudi","vilname11":"Kottakudi","vil_lgd":641884,"dist_lgd":583,"state_lgd":33,"gp_code":227336,"gp_name":"Kottakudi","subdt_lgd":5856,"block_name":"NAINARKOIL","block_lgd":6282,"Remark":null,"ac_no":209,"test":null,"shape_Length":10699.684987612603,"shape_Area":5311942.013676659}},{"arcs":[[-765,-752,-818,829,830]],"type":"Polygon","properties":{"OBJECTID":395723,"vilnam_soi":"NARANAMANGALAM","stcode11":"33","dtcode11":"626","sdtcode11":"05860","vilcode11":"642100","stname":"TAMIL NADU","dtname":"Ramanathapuram","sdtname":"Ramanathapuram","vilname11":"Naranamangalam","vil_lgd":642100,"dist_lgd":583,"state_lgd":33,"gp_code":227449,"gp_name":"Naranamangalam","subdt_lgd":5860,"block_name":"RAMANATHAPURAM","block_lgd":6285,"Remark":null,"ac_no":210,"test":null,"shape_Length":25778.65909878622,"shape_Area":16015310.561010607}},{"arcs":[[831,-757,832,833]],"type":"Polygon","properties":{"OBJECTID":395725,"vilnam_soi":"PATTANENDAL","stcode11":"33","dtcode11":"626","sdtcode11":"05860","vilcode11":"642099","stname":"TAMIL NADU","dtname":"Ramanathapuram","sdtname":"Ramanathapuram","vilname11":"Pathanendal","vil_lgd":642099,"dist_lgd":583,"state_lgd":33,"gp_code":227460,"gp_name":"Vennathoor","subdt_lgd":5860,"block_name":"RAMANATHAPURAM","block_lgd":6285,"Remark":null,"ac_no":210,"test":null,"shape_Length":14728.008636219967,"shape_Area":7401432.778477484}},{"arcs":[[-803,-782,834,835]],"type":"Polygon","properties":{"OBJECTID":395732,"vilnam_soi":"VALLAM","stcode11":"33","dtcode11":"626","sdtcode11":"05856","vilcode11":"641893","stname":"TAMIL NADU","dtname":"Ramanathapuram","sdtname":"Paramakudi","vilname11":"Vallam","vil_lgd":641893,"dist_lgd":583,"state_lgd":33,"gp_code":227360,"gp_name":"Vallam","subdt_lgd":5856,"block_name":"NAINARKOIL","block_lgd":6282,"Remark":null,"ac_no":209,"test":null,"shape_Length":14614.767727728271,"shape_Area":12067850.602461018}},{"arcs":[[-821,-750,-746,-813,836,837]],"type":"Polygon","properties":{"OBJECTID":395734,"vilnam_soi":"VILATTUR","stcode11":"33","dtcode11":"626","sdtcode11":"05856","vilcode11":"641905","stname":"TAMIL NADU","dtname":"Ramanathapuram","sdtname":"Paramakudi","vilname11":"Melayakudi","vil_lgd":641905,"dist_lgd":583,"state_lgd":33,"gp_code":227375,"gp_name":"melaaykkudi","subdt_lgd":5856,"block_name":"PARAMAKKUDI","block_lgd":6283,"Remark":null,"ac_no":209,"test":null,"shape_Length":18140.93265871612,"shape_Area":12096384.731733771}},{"arcs":[[838,-837,-815,-820,-824,839,840]],"type":"Polygon","properties":{"OBJECTID":395748,"vilnam_soi":"ANDAKKUDI","stcode11":"33","dtcode11":"626","sdtcode11":"05856","vilcode11":"641894","stname":"TAMIL NADU","dtname":"Ramanathapuram","sdtname":"Paramakudi","vilname11":"S.Andakkudi","vil_lgd":641894,"dist_lgd":583,"state_lgd":33,"gp_code":227386,"gp_name":"es.andakkudi","subdt_lgd":5856,"block_name":"PARAMAKKUDI","block_lgd":6283,"Remark":null,"ac_no":209,"test":null,"shape_Length":9727.657638730343,"shape_Area":5028412.746082587}},{"arcs":[[841,-833,-760,-766,-831,842,843,844]],"type":"Polygon","properties":{"OBJECTID":395755,"vilnam_soi":"VENNATTUR","stcode11":"33","dtcode11":"626","sdtcode11":"05860","vilcode11":"642098","stname":"TAMIL NADU","dtname":"Ramanathapuram","sdtname":"Ramanathapuram","vilname11":"Vennathur","vil_lgd":642098,"dist_lgd":583,"state_lgd":33,"gp_code":227460,"gp_name":"Vennathoor","subdt_lgd":5860,"block_name":"RAMANATHAPURAM","block_lgd":6285,"Remark":null,"ac_no":210,"test":null,"shape_Length":26014.058923874352,"shape_Area":14750351.16147883}},{"arcs":[[-828,-794,-784,-771,-802,845,846,847]],"type":"Polygon","properties":{"OBJECTID":395757,"vilnam_soi":"TAVALAIKULAM","stcode11":"33","dtcode11":"626","sdtcode11":"05856","vilcode11":"641883","stname":"TAMIL NADU","dtname":"Ramanathapuram","sdtname":"Paramakudi","vilname11":"Thavalaikulam","vil_lgd":641883,"dist_lgd":583,"state_lgd":33,"gp_code":227355,"gp_name":"Thavalaikulam","subdt_lgd":5856,"block_name":"NAINARKOIL","block_lgd":6282,"Remark":null,"ac_no":209,"test":null,"shape_Length":14718.071860730277,"shape_Area":5934200.768044239}},{"arcs":[[-809,-798,-800,848,849,850,851]],"type":"Polygon","properties":{"OBJECTID":395760,"vilnam_soi":"KIL PARUTTIYUR","stcode11":"33","dtcode11":"626","sdtcode11":"05856","vilcode11":"641901","stname":"TAMIL NADU","dtname":"Ramanathapuram","sdtname":"Paramakudi","vilname11":"Keelaparuthiyur","vil_lgd":641901,"dist_lgd":583,"state_lgd":33,"gp_code":227369,"gp_name":"keelapparuththiyur","subdt_lgd":5856,"block_name":"PARAMAKKUDI","block_lgd":6283,"Remark":null,"ac_no":209,"test":null,"shape_Length":19100.39338765243,"shape_Area":11571527.097226115}},{"arcs":[[852,853,854]],"type":"Polygon","properties":{"OBJECTID":395761,"vilnam_soi":"ANDICHCHIYENDAL","stcode11":"33","dtcode11":"626","sdtcode11":"05860","vilcode11":"642096","stname":"TAMIL NADU","dtname":"Ramanathapuram","sdtname":"Ramanathapuram","vilname11":"Andichiendal","vil_lgd":642096,"dist_lgd":583,"state_lgd":33,"gp_code":227460,"gp_name":"Vennathoor","subdt_lgd":5860,"block_name":"RAMANATHAPURAM","block_lgd":6285,"Remark":null,"ac_no":210,"test":null,"shape_Length":2519.3523318314033,"shape_Area":418872.60881858645}},{"arcs":[[855,-843,-830,-817,856,857,858]],"type":"Polygon","properties":{"OBJECTID":395772,"vilnam_soi":"VAGAIVAYAL","stcode11":"33","dtcode11":"626","sdtcode11":"05856","vilcode11":"641886","stname":"TAMIL NADU","dtname":"Ramanathapuram","sdtname":"Paramakudi","vilname11":"Vagavayal","vil_lgd":641886,"dist_lgd":583,"state_lgd":33,"gp_code":227359,"gp_name":"Vagavayal","subdt_lgd":5856,"block_name":"NAINARKOIL","block_lgd":6282,"Remark":null,"ac_no":209,"test":null,"shape_Length":14298.214264865392,"shape_Area":6753890.719497067}},{"arcs":[[859,-857,-816,-788,-827,860,861]],"type":"Polygon","properties":{"OBJECTID":395773,"vilnam_soi":"MANAKKUDI","stcode11":"33","dtcode11":"626","sdtcode11":"05856","vilcode11":"641885","stname":"TAMIL NADU","dtname":"Ramanathapuram","sdtname":"Paramakudi","vilname11":"Manakudi","vil_lgd":641885,"dist_lgd":583,"state_lgd":33,"gp_code":227338,"gp_name":"Manakudi","subdt_lgd":5856,"block_name":"NAINARKOIL","block_lgd":6282,"Remark":null,"ac_no":209,"test":null,"shape_Length":12128.081937445015,"shape_Area":7068970.519976303}},{"arcs":[[862,-846,-801,863,864]],"type":"Polygon","properties":{"OBJECTID":395779,"vilnam_soi":"ANJAMADAI","stcode11":"33","dtcode11":"626","sdtcode11":"05856","vilcode11":"641882","stname":"TAMIL NADU","dtname":"Ramanathapuram","sdtname":"Paramakudi","vilname11":"Anjamadai","vil_lgd":641882,"dist_lgd":583,"state_lgd":33,"gp_code":227325,"gp_name":"Anjamadaikatchan","subdt_lgd":5856,"block_name":"NAINARKOIL","block_lgd":6282,"Remark":null,"ac_no":209,"test":null,"shape_Length":12089.132452479129,"shape_Area":7934687.722686276}},{"arcs":[[865,866,-854,867,-845,868]],"type":"Polygon","properties":{"OBJECTID":395785,"vilnam_soi":"LADANENDAL","stcode11":"33","dtcode11":"626","sdtcode11":"05860","vilcode11":"642097","stname":"TAMIL NADU","dtname":"Ramanathapuram","sdtname":"Ramanathapuram","vilname11":"Ladanendal","vil_lgd":642097,"dist_lgd":583,"state_lgd":33,"gp_code":227450,"gp_name":"Pandamangalam","subdt_lgd":5860,"block_name":"RAMANATHAPURAM","block_lgd":6285,"Remark":null,"ac_no":210,"test":null,"shape_Length":4725.291311879886,"shape_Area":1024198.8906462002}},{"arcs":[[-864,-804,-836,869,870]],"type":"Polygon","properties":{"OBJECTID":395787,"vilnam_soi":"VANIYAVALLAM","stcode11":"33","dtcode11":"626","sdtcode11":"05856","vilcode11":"641881","stname":"TAMIL NADU","dtname":"Ramanathapuram","sdtname":"Paramakudi","vilname11":"Vaniyavallam","vil_lgd":641881,"dist_lgd":583,"state_lgd":33,"gp_code":227342,"gp_name":"Nainarkovil","subdt_lgd":5856,"block_name":"NAINARKOIL","block_lgd":6282,"Remark":null,"ac_no":209,"test":null,"shape_Length":17932.638901518054,"shape_Area":10348368.801215045}},{"arcs":[[871,-792,-806,-808,872,873]],"type":"Polygon","properties":{"OBJECTID":395794,"vilnam_soi":"VALIMARICHCHAN","stcode11":"33","dtcode11":"626","sdtcode11":"05856","vilcode11":"641902","stname":"TAMIL NADU","dtname":"Ramanathapuram","sdtname":"Paramakudi","vilname11":"Valimarichan","vil_lgd":641902,"dist_lgd":583,"state_lgd":33,"gp_code":227384,"gp_name":"PUDUKKKUDI","subdt_lgd":5856,"block_name":"PARAMAKKUDI","block_lgd":6283,"Remark":null,"ac_no":209,"test":null,"shape_Length":24947.144477942704,"shape_Area":16271340.684707597}},{"arcs":[[874,-841,875]],"type":"Polygon","properties":{"OBJECTID":395797,"vilnam_soi":"PUDUVAKKUDI","stcode11":"33","dtcode11":"626","sdtcode11":"05856","vilcode11":"641878","stname":"TAMIL NADU","dtname":"Ramanathapuram","sdtname":"Paramakudi","vilname11":"Poduvakudi","vil_lgd":641878,"dist_lgd":583,"state_lgd":33,"gp_code":227383,"gp_name":"podhuvakkudi","subdt_lgd":5856,"block_name":"PARAMAKKUDI","block_lgd":6283,"Remark":null,"ac_no":209,"test":null,"shape_Length":7106.313616975781,"shape_Area":2875494.6673996537}},{"arcs":[[876,-834,-842,-868,-853,877]],"type":"Polygon","properties":{"OBJECTID":395798,"vilnam_soi":"TIRUPPALAIKKUDI","stcode11":"33","dtcode11":"626","sdtcode11":"05855","vilcode11":"641861","stname":"TAMIL NADU","dtname":"Ramanathapuram","sdtname":"Tiruvadanai","vilname11":"Tiruppalaikkudi","vil_lgd":641861,"dist_lgd":583,"state_lgd":33,"gp_code":227430,"gp_name":"Thiruppalaikkudi","subdt_lgd":5855,"block_name":"RAJASINGAMANGALAM","block_lgd":6284,"Remark":null,"ac_no":210,"test":null,"shape_Length":14379.520323691415,"shape_Area":7884543.439152313}},{"arcs":[[-866,878,879]],"type":"Polygon","properties":{"OBJECTID":395805,"vilnam_soi":"PANDAMANGALAM","stcode11":"33","dtcode11":"626","sdtcode11":"05860","vilcode11":"642095","stname":"TAMIL NADU","dtname":"Ramanathapuram","sdtname":"Ramanathapuram","vilname11":"Pandamangalam","vil_lgd":642095,"dist_lgd":583,"state_lgd":33,"gp_code":227450,"gp_name":"Pandamangalam","subdt_lgd":5860,"block_name":"RAMANATHAPURAM","block_lgd":6285,"Remark":null,"ac_no":210,"test":null,"shape_Length":3690.965659220127,"shape_Area":849825.5642731587}},{"arcs":[[880,-825,-793,-872,881,882]],"type":"Polygon","properties":{"OBJECTID":395810,"vilnam_soi":"VENGALUR","stcode11":"33","dtcode11":"626","sdtcode11":"05856","vilcode11":"641895","stname":"TAMIL NADU","dtname":"Ramanathapuram","sdtname":"Paramakudi","vilname11":"Vengalur","vil_lgd":641895,"dist_lgd":583,"state_lgd":33,"gp_code":227398,"gp_name":"vengaaloor","subdt_lgd":5856,"block_name":"PARAMAKKUDI","block_lgd":6283,"Remark":null,"ac_no":209,"test":null,"shape_Length":17189.809530768554,"shape_Area":10506914.939602796}},{"arcs":[[883,-848,884,885]],"type":"Polygon","properties":{"OBJECTID":395812,"vilnam_soi":"NAGARAMANGALAM","stcode11":"33","dtcode11":"626","sdtcode11":"05856","vilcode11":"641872","stname":"TAMIL NADU","dtname":"Ramanathapuram","sdtname":"Paramakudi","vilname11":"Nagaramangalam","vil_lgd":641872,"dist_lgd":583,"state_lgd":33,"gp_code":227341,"gp_name":"Nagaramangalam","subdt_lgd":5856,"block_name":"NAINARKOIL","block_lgd":6282,"Remark":null,"ac_no":209,"test":null,"shape_Length":12325.403230103839,"shape_Area":5736127.827489617}},{"arcs":[[886,-882,-874,887,888]],"type":"Polygon","properties":{"OBJECTID":395816,"vilnam_soi":"KULANDAPURI","stcode11":"33","dtcode11":"626","sdtcode11":"05856","vilcode11":"641896","stname":"TAMIL NADU","dtname":"Ramanathapuram","sdtname":"Paramakudi","vilname11":"Kulandapuri Arungulam","vil_lgd":641896,"dist_lgd":583,"state_lgd":33,"gp_code":227371,"gp_name":"kulandhaapuri","subdt_lgd":5856,"block_name":"PARAMAKKUDI","block_lgd":6283,"Remark":null,"ac_no":209,"test":null,"shape_Length":12619.384218242953,"shape_Area":7383287.849429688}},{"arcs":[[889,-851,890,891,892]],"type":"Polygon","properties":{"OBJECTID":395820,"vilnam_soi":"VEPPANKULAM","stcode11":"33","dtcode11":"626","sdtcode11":"05856","vilcode11":"641899","stname":"TAMIL NADU","dtname":"Ramanathapuram","sdtname":"Paramakudi","vilname11":"Veppangulam","vil_lgd":641899,"dist_lgd":583,"state_lgd":33,"gp_code":227381,"gp_name":"peerkkankurichchi","subdt_lgd":5856,"block_name":"PARAMAKKUDI","block_lgd":6283,"Remark":null,"ac_no":209,"test":null,"shape_Length":8798.654125283976,"shape_Area":3745948.3201119886}},{"arcs":[[893,-888,-873,-807,-852,-890,894,895]],"type":"Polygon","properties":{"OBJECTID":395822,"vilnam_soi":"MOSUKUDI","stcode11":"33","dtcode11":"626","sdtcode11":"05856","vilcode11":"641897","stname":"TAMIL NADU","dtname":"Ramanathapuram","sdtname":"Paramakudi","vilname11":"Mosukkudi","vil_lgd":641897,"dist_lgd":583,"state_lgd":33,"gp_code":227376,"gp_name":"moosukudi","subdt_lgd":5856,"block_name":"PARAMAKKUDI","block_lgd":6283,"Remark":null,"ac_no":209,"test":null,"shape_Length":17985.202115150907,"shape_Area":9414530.572586766}},{"arcs":[[896,-822,-838,-839,-875,897,898]],"type":"Polygon","properties":{"OBJECTID":395826,"vilnam_soi":"TELICHCHATTANALLUR","stcode11":"33","dtcode11":"626","sdtcode11":"05856","vilcode11":"641879","stname":"TAMIL NADU","dtname":"Ramanathapuram","sdtname":"Paramakudi","vilname11":" ","vil_lgd":641879,"dist_lgd":583,"state_lgd":33,"gp_code":227389,"gp_name":"THELICHATHANALLUR","subdt_lgd":5856,"block_name":"PARAMAKKUDI","block_lgd":6283,"Remark":null,"ac_no":209,"test":null,"shape_Length":17652.070473351945,"shape_Area":9495115.452430684}},{"arcs":[[899,-865,-871,900,901]],"type":"Polygon","properties":{"OBJECTID":395827,"vilnam_soi":"TALAIYADIKOTTAI","stcode11":"33","dtcode11":"626","sdtcode11":"05856","vilcode11":"641873","stname":"TAMIL NADU","dtname":"Ramanathapuram","sdtname":"Paramakudi","vilname11":"Thalayadikottai","vil_lgd":641873,"dist_lgd":583,"state_lgd":33,"gp_code":227354,"gp_name":"Thaliyadikottai","subdt_lgd":5856,"block_name":"NAINARKOIL","block_lgd":6282,"Remark":null,"ac_no":209,"test":null,"shape_Length":15364.839836179754,"shape_Area":10813103.924208663}},{"arcs":[[-895,-893,902]],"type":"Polygon","properties":{"OBJECTID":395829,"vilnam_soi":"KUNANGULAM","stcode11":"33","dtcode11":"626","sdtcode11":"05856","vilcode11":"641898","stname":"TAMIL NADU","dtname":"Ramanathapuram","sdtname":"Paramakudi","vilname11":"Koonankulam","vil_lgd":641898,"dist_lgd":583,"state_lgd":33,"gp_code":227381,"gp_name":"peerkkankurichchi","subdt_lgd":5856,"block_name":"PARAMAKKUDI","block_lgd":6283,"Remark":null,"ac_no":209,"test":null,"shape_Length":4059.5575961799536,"shape_Area":1070926.6066318743}},{"arcs":[[-811,-823,-897,903]],"type":"Polygon","properties":{"OBJECTID":395830,"vilnam_soi":"EMANESWARAM","stcode11":"33","dtcode11":"626","sdtcode11":"05856","vilcode11":"803805","stname":"TAMIL NADU","dtname":"Ramanathapuram","sdtname":"Paramakudi","vilname11":"Paramakudi (M)","vil_lgd":803805,"dist_lgd":583,"state_lgd":33,"gp_code":0,"gp_name":"","subdt_lgd":5856,"block_name":"PARAMAKKUDI","block_lgd":6283,"Remark":null,"ac_no":209,"test":null,"shape_Length":20190.02457737692,"shape_Area":19293731.28180015}},{"arcs":[[-861,-829,-884,904,905]],"type":"Polygon","properties":{"OBJECTID":395831,"vilnam_soi":"NAGARAM","stcode11":"33","dtcode11":"626","sdtcode11":"05856","vilcode11":"641871","stname":"TAMIL NADU","dtname":"Ramanathapuram","sdtname":"Paramakudi","vilname11":"Nagaram","vil_lgd":641871,"dist_lgd":583,"state_lgd":33,"gp_code":227340,"gp_name":"Nagaram","subdt_lgd":5856,"block_name":"NAINARKOIL","block_lgd":6282,"Remark":null,"ac_no":209,"test":null,"shape_Length":20358.62486098537,"shape_Area":11811147.439158866}},{"arcs":[[-858,-860,906,907]],"type":"Polygon","properties":{"OBJECTID":395833,"vilnam_soi":"ATTANGUDI","stcode11":"33","dtcode11":"626","sdtcode11":"05856","vilcode11":"641870","stname":"TAMIL NADU","dtname":"Ramanathapuram","sdtname":"Paramakudi","vilname11":"Attangudi","vil_lgd":641870,"dist_lgd":583,"state_lgd":33,"gp_code":227329,"gp_name":"Attangudi","subdt_lgd":5856,"block_name":"NAINARKOIL","block_lgd":6282,"Remark":null,"ac_no":209,"test":null,"shape_Length":14392.042483496816,"shape_Area":10923880.445753112}},{"arcs":[[908,-891,-850,909]],"type":"Polygon","properties":{"OBJECTID":395837,"vilnam_soi":"TADUNTTALANKOTTAI","stcode11":"33","dtcode11":"626","sdtcode11":"05856","vilcode11":"641900","stname":"TAMIL NADU","dtname":"Ramanathapuram","sdtname":"Paramakudi","vilname11":"Thaduthalankottai","vil_lgd":641900,"dist_lgd":583,"state_lgd":33,"gp_code":227388,"gp_name":"THADUTHALANKOTTAI A/B","subdt_lgd":5856,"block_name":"PARAMAKKUDI","block_lgd":6283,"Remark":null,"ac_no":209,"test":null,"shape_Length":13368.808220534915,"shape_Area":8308066.96532807}},{"arcs":[[-898,-876,-840,-826,-881,910,911]],"type":"Polygon","properties":{"OBJECTID":395840,"vilnam_soi":"KAMUDAKKUDI","stcode11":"33","dtcode11":"626","sdtcode11":"05856","vilcode11":"641877","stname":"TAMIL NADU","dtname":"Ramanathapuram","sdtname":"Paramakudi","vilname11":"Kamutnakudi","vil_lgd":641877,"dist_lgd":583,"state_lgd":33,"gp_code":227367,"gp_name":"KAMUTHAKUDI","subdt_lgd":5856,"block_name":"PARAMAKKUDI","block_lgd":6283,"Remark":null,"ac_no":209,"test":null,"shape_Length":19152.066829470827,"shape_Area":16779854.814617414}},{"arcs":[[912,-879,-869,-844,-856,913,914,915]],"type":"Polygon","properties":{"OBJECTID":395853,"vilnam_soi":"SINGANGUDI","stcode11":"33","dtcode11":"626","sdtcode11":"05855","vilcode11":"641859","stname":"TAMIL NADU","dtname":"Ramanathapuram","sdtname":"Tiruvadanai","vilname11":"Seenangudi","vil_lgd":641859,"dist_lgd":583,"state_lgd":33,"gp_code":227421,"gp_name":"Pichangurichi","subdt_lgd":5855,"block_name":"RAJASINGAMANGALAM","block_lgd":6284,"Remark":null,"ac_no":210,"test":null,"shape_Length":22314.29406476624,"shape_Area":10559179.12926915}},{"arcs":[[916,-885,-847,-863,-900,917,918]],"type":"Polygon","properties":{"OBJECTID":395855,"vilnam_soi":"NDAKUDI","stcode11":"33","dtcode11":"626","sdtcode11":"05856","vilcode11":"641867","stname":"TAMIL NADU","dtname":"Ramanathapuram","sdtname":"Paramakudi","vilname11":"Karadaranthakudi","vil_lgd":641867,"dist_lgd":583,"state_lgd":33,"gp_code":227332,"gp_name":"Karadarnthakudi","subdt_lgd":5856,"block_name":"NAINARKOIL","block_lgd":6282,"Remark":null,"ac_no":209,"test":null,"shape_Length":16627.437894250837,"shape_Area":12522901.293444663}},{"arcs":[[919,920,921,-889,-894,922,923]],"type":"Polygon","properties":{"OBJECTID":395860,"vilnam_soi":"KOTTANGULAM","stcode11":"33","dtcode11":"626","sdtcode11":"05856","vilcode11":"641876","stname":"TAMIL NADU","dtname":"Ramanathapuram","sdtname":"Paramakudi","vilname11":"Kottankulam","vil_lgd":641876,"dist_lgd":583,"state_lgd":33,"gp_code":227162,"gp_name":"Kotthangulam","subdt_lgd":5856,"block_name":"PARAMAKKUDI","block_lgd":6283,"Remark":null,"ac_no":209,"test":null,"shape_Length":16721.793452960195,"shape_Area":6453082.887072087}},{"arcs":[[924,-905,-886,-917,925]],"type":"Polygon","properties":{"OBJECTID":395871,"vilnam_soi":"VADAVANERI","stcode11":"33","dtcode11":"626","sdtcode11":"05856","vilcode11":"641868","stname":"TAMIL NADU","dtname":"Ramanathapuram","sdtname":"Paramakudi","vilname11":"Vadavaneri","vil_lgd":641868,"dist_lgd":583,"state_lgd":33,"gp_code":227332,"gp_name":"Karadarnthakudi","subdt_lgd":5856,"block_name":"NAINARKOIL","block_lgd":6282,"Remark":null,"ac_no":209,"test":null,"shape_Length":13396.233384205134,"shape_Area":6847289.395790339}},{"arcs":[[-915,926,927,928]],"type":"Polygon","properties":{"OBJECTID":395877,"vilnam_soi":"SOLANDUR","stcode11":"33","dtcode11":"626","sdtcode11":"05855","vilcode11":"641857","stname":"TAMIL NADU","dtname":"Ramanathapuram","sdtname":"Tiruvadanai","vilname11":"Sholandur","vil_lgd":641857,"dist_lgd":583,"state_lgd":33,"gp_code":227428,"gp_name":"Sholandur","subdt_lgd":5855,"block_name":"RAJASINGAMANGALAM","block_lgd":6284,"Remark":null,"ac_no":210,"test":null,"shape_Length":12820.982979675287,"shape_Area":6740750.260890967}},{"arcs":[[-911,-883,-887,-922,929,930]],"type":"Polygon","properties":{"OBJECTID":395881,"vilnam_soi":"PERUNGARAI","stcode11":"33","dtcode11":"626","sdtcode11":"05856","vilcode11":"641874","stname":"TAMIL NADU","dtname":"Ramanathapuram","sdtname":"Paramakudi","vilname11":"Perungarai","vil_lgd":641874,"dist_lgd":583,"state_lgd":33,"gp_code":227382,"gp_name":"PERUNGARAI","subdt_lgd":5856,"block_name":"PARAMAKKUDI","block_lgd":6283,"Remark":null,"ac_no":209,"test":null,"shape_Length":16198.248598607148,"shape_Area":15273714.965665756}},{"arcs":[[931,-907,-862,-906,-925,932]],"type":"Polygon","properties":{"OBJECTID":395890,"vilnam_soi":"ARIYANKOTTAI","stcode11":"33","dtcode11":"626","sdtcode11":"05856","vilcode11":"641869","stname":"TAMIL NADU","dtname":"Ramanathapuram","sdtname":"Paramakudi","vilname11":"Ariyankottai","vil_lgd":641869,"dist_lgd":583,"state_lgd":33,"gp_code":227328,"gp_name":"Ariyankottai","subdt_lgd":5856,"block_name":"NAINARKOIL","block_lgd":6282,"Remark":null,"ac_no":209,"test":null,"shape_Length":20681.79294689123,"shape_Area":12149526.786550915}},{"arcs":[[-923,-896,-903,-892,-909,933,934]],"type":"Polygon","properties":{"OBJECTID":395892,"vilnam_soi":"PADARISERI","stcode11":"33","dtcode11":"626","sdtcode11":"05856","vilcode11":"641875","stname":"TAMIL NADU","dtname":"Ramanathapuram","sdtname":"Paramakudi","vilname11":" ","vil_lgd":641875,"dist_lgd":583,"state_lgd":33,"gp_code":227379,"gp_name":"P.PUTHUR","subdt_lgd":5856,"block_name":"PARAMAKKUDI","block_lgd":6283,"Remark":null,"ac_no":209,"test":null,"shape_Length":17714.822356621324,"shape_Area":11149826.192083165}},{"arcs":[[-927,-914,-859,-908,-932,935,936]],"type":"Polygon","properties":{"OBJECTID":395895,"vilnam_soi":"TUMBADAIKKANKOTTAI","stcode11":"33","dtcode11":"626","sdtcode11":"05855","vilcode11":"641858","stname":"TAMIL NADU","dtname":"Ramanathapuram","sdtname":"Tiruvadanai","vilname11":"Thumbadakkakottai","vil_lgd":641858,"dist_lgd":583,"state_lgd":33,"gp_code":227432,"gp_name":"Thumbadaikkakottai","subdt_lgd":5855,"block_name":"RAJASINGAMANGALAM","block_lgd":6284,"Remark":null,"ac_no":210,"test":null,"shape_Length":26497.78741727897,"shape_Area":16819212.293338016}},{"arcs":[[937,938]],"type":"Polygon","properties":{"OBJECTID":395901,"vilnam_soi":"TUTTIYENDAL","stcode11":"33","dtcode11":"626","sdtcode11":"05855","vilcode11":"641856","stname":"TAMIL NADU","dtname":"Ramanathapuram","sdtname":"Tiruvadanai","vilname11":"Tuthiyendal","vil_lgd":641856,"dist_lgd":583,"state_lgd":33,"gp_code":227415,"gp_name":"Kavanoor","subdt_lgd":5855,"block_name":"RAJASINGAMANGALAM","block_lgd":6284,"Remark":null,"ac_no":210,"test":null,"shape_Length":5963.229699464779,"shape_Area":1530305.2838734896}},{"arcs":[[-918,-902,939]],"type":"Polygon","properties":{"OBJECTID":395906,"vilnam_soi":"RAMANATHAPURAM","stcode11":"33","dtcode11":"626","sdtcode11":"05856","vilcode11":"641866","stname":"TAMIL NADU","dtname":"Ramanathapuram","sdtname":"Paramakudi","vilname11":"Radhappuli","vil_lgd":641866,"dist_lgd":583,"state_lgd":33,"gp_code":227333,"gp_name":"Keelakavnur","subdt_lgd":5856,"block_name":"NAINARKOIL","block_lgd":6282,"Remark":null,"ac_no":209,"test":null,"shape_Length":19425.79446452057,"shape_Area":13188847.670297917}},{"arcs":[[940,-924,-935,941]],"type":"Polygon","properties":{"OBJECTID":395931,"vilnam_soi":"PARAMAGUDI","stcode11":"33","dtcode11":"626","sdtcode11":"05856","vilcode11":"641863","stname":"TAMIL NADU","dtname":"Ramanathapuram","sdtname":"Paramakudi","vilname11":" ","vil_lgd":641863,"dist_lgd":583,"state_lgd":33,"gp_code":227366,"gp_name":"KALLIKUDI A/B","subdt_lgd":5856,"block_name":"PARAMAKKUDI","block_lgd":6283,"Remark":null,"ac_no":209,"test":null,"shape_Length":13323.563648117151,"shape_Area":6954804.286027436}},{"arcs":[[942,-939,943,944,-916,-929,945,946,947]],"type":"Polygon","properties":{"OBJECTID":395941,"vilnam_soi":"KARUNGUDI","stcode11":"33","dtcode11":"626","sdtcode11":"05855","vilcode11":"641855","stname":"TAMIL NADU","dtname":"Ramanathapuram","sdtname":"Tiruvadanai","vilname11":"Karungudi","vil_lgd":641855,"dist_lgd":583,"state_lgd":33,"gp_code":227446,"gp_name":"Kavanoor","subdt_lgd":5855,"block_name":"RAJASINGAMANGALAM","block_lgd":6284,"Remark":null,"ac_no":210,"test":null,"shape_Length":27707.188875903925,"shape_Area":15681640.4578797}},{"arcs":[[948,-930,-921,949]],"type":"Polygon","properties":{"OBJECTID":395943,"vilnam_soi":"SUDIYUR","stcode11":"33","dtcode11":"626","sdtcode11":"05856","vilcode11":"641865","stname":"TAMIL NADU","dtname":"Ramanathapuram","sdtname":"Paramakudi","vilname11":"Soodiyur","vil_lgd":641865,"dist_lgd":583,"state_lgd":33,"gp_code":227370,"gp_name":"KEELAPARTHIBANUR","subdt_lgd":5856,"block_name":"PARAMAKKUDI","block_lgd":6283,"Remark":null,"ac_no":209,"test":null,"shape_Length":18288.800762291383,"shape_Area":10995834.302327514}},{"arcs":[[-946,-928,-937,950,951,952,953]],"type":"Polygon","properties":{"OBJECTID":395950,"vilnam_soi":"ALAGARTEVANKOTTAI","stcode11":"33","dtcode11":"626","sdtcode11":"05855","vilcode11":"641854","stname":"TAMIL NADU","dtname":"Ramanathapuram","sdtname":"Tiruvadanai","vilname11":"Alagarthevankkottai","vil_lgd":641854,"dist_lgd":583,"state_lgd":33,"gp_code":227402,"gp_name":"Alagarthevankottai","subdt_lgd":5855,"block_name":"RAJASINGAMANGALAM","block_lgd":6284,"Remark":null,"ac_no":210,"test":null,"shape_Length":21586.416355353464,"shape_Area":13314496.593460595}},{"arcs":[[954,-953,955,956]],"type":"Polygon","properties":{"OBJECTID":395972,"vilnam_soi":"PATTARTEVANKOTTAI","stcode11":"33","dtcode11":"626","sdtcode11":"05855","vilcode11":"","stname":"TAMIL NADU","dtname":"Ramanathapuram","sdtname":"Tiruvadanai","vilname11":" ","vil_lgd":0,"dist_lgd":583,"state_lgd":33,"gp_code":0,"gp_name":"","subdt_lgd":5855,"block_name":"RAJASINGAMANGALAM","block_lgd":6284,"Remark":null,"ac_no":210,"test":null,"shape_Length":11986.633745438709,"shape_Area":6144981.418475986}},{"arcs":[[957,958,-944,-938,-943,959,960]],"type":"Polygon","properties":{"OBJECTID":395984,"vilnam_soi":"UPPAR","stcode11":"33","dtcode11":"626","sdtcode11":"05855","vilcode11":"641849","stname":"TAMIL NADU","dtname":"Ramanathapuram","sdtname":"Tiruvadanai","vilname11":"Uppur","vil_lgd":641849,"dist_lgd":583,"state_lgd":33,"gp_code":227410,"gp_name":"Kadalur","subdt_lgd":5855,"block_name":"RAJASINGAMANGALAM","block_lgd":6284,"Remark":null,"ac_no":210,"test":null,"shape_Length":20884.082528411185,"shape_Area":18197986.480354875}},{"arcs":[[-950,-920,-941,961]],"type":"Polygon","properties":{"OBJECTID":395986,"vilnam_soi":"PARTIBANUR","stcode11":"33","dtcode11":"626","sdtcode11":"05856","vilcode11":"641864","stname":"TAMIL NADU","dtname":"Ramanathapuram","sdtname":"Paramakudi","vilname11":"Melaparthibanur (Part)","vil_lgd":641864,"dist_lgd":583,"state_lgd":33,"gp_code":227363,"gp_name":"ENATHIKOTTAI","subdt_lgd":5856,"block_name":"PARAMAKKUDI","block_lgd":6283,"Remark":null,"ac_no":209,"test":null,"shape_Length":21488.38925670889,"shape_Area":10102630.427800449}},{"arcs":[[-956,-952,962,963,964]],"type":"Polygon","properties":{"OBJECTID":395990,"vilnam_soi":"SENGUDI","stcode11":"33","dtcode11":"626","sdtcode11":"05855","vilcode11":"641853","stname":"TAMIL NADU","dtname":"Ramanathapuram","sdtname":"Tiruvadanai","vilname11":"Sengudi","vil_lgd":641853,"dist_lgd":583,"state_lgd":33,"gp_code":227425,"gp_name":"Sengudi","subdt_lgd":5855,"block_name":"RAJASINGAMANGALAM","block_lgd":6284,"Remark":null,"ac_no":210,"test":null,"shape_Length":10940.1746267346,"shape_Area":4711589.340362595}},{"arcs":[[965,-960,-948,966,967]],"type":"Polygon","properties":{"OBJECTID":395992,"vilnam_soi":"URANANGUDI","stcode11":"33","dtcode11":"626","sdtcode11":"05855","vilcode11":"641850","stname":"TAMIL NADU","dtname":"Ramanathapuram","sdtname":"Tiruvadanai","vilname11":"Uranagudi","vil_lgd":641850,"dist_lgd":583,"state_lgd":33,"gp_code":227433,"gp_name":"Uranangudi","subdt_lgd":5855,"block_name":"RAJASINGAMANGALAM","block_lgd":6284,"Remark":null,"ac_no":210,"test":null,"shape_Length":7823.062212921491,"shape_Area":3646247.950798921}},{"arcs":[[968,-957,-965,969,970]],"type":"Polygon","properties":{"OBJECTID":396017,"vilnam_soi":"RAJASINGAMANGALAM","stcode11":"33","dtcode11":"626","sdtcode11":"05855","vilcode11":"803804","stname":"TAMIL NADU","dtname":"Ramanathapuram","sdtname":"Tiruvadanai","vilname11":"R.S.Mangalam (TP)","vil_lgd":803804,"dist_lgd":583,"state_lgd":33,"gp_code":0,"gp_name":"","subdt_lgd":5855,"block_name":"RAJASINGAMANGALAM","block_lgd":6284,"Remark":null,"ac_no":210,"test":null,"shape_Length":12217.787842879134,"shape_Area":5955363.950870668}},{"arcs":[[-968,971,972]],"type":"Polygon","properties":{"OBJECTID":396028,"vilnam_soi":"KULANGAPULI","stcode11":"33","dtcode11":"626","sdtcode11":"05855","vilcode11":"641851","stname":"TAMIL NADU","dtname":"Ramanathapuram","sdtname":"Tiruvadanai","vilname11":"Kalangappuli","vil_lgd":641851,"dist_lgd":583,"state_lgd":33,"gp_code":227420,"gp_name":"Paaranur","subdt_lgd":5855,"block_name":"RAJASINGAMANGALAM","block_lgd":6284,"Remark":null,"ac_no":210,"test":null,"shape_Length":5846.390676969733,"shape_Area":1856729.064478371}},{"arcs":[[973,-972,-967,-947,-954,-955,-969,974,975,976,977]],"type":"Polygon","properties":{"OBJECTID":396044,"vilnam_soi":"PARANUR","stcode11":"33","dtcode11":"626","sdtcode11":"05855","vilcode11":"641852","stname":"TAMIL NADU","dtname":"Ramanathapuram","sdtname":"Tiruvadanai","vilname11":"Paranur","vil_lgd":641852,"dist_lgd":583,"state_lgd":33,"gp_code":227416,"gp_name":"Kothidal kalakkudi","subdt_lgd":5855,"block_name":"RAJASINGAMANGALAM","block_lgd":6284,"Remark":null,"ac_no":210,"test":null,"shape_Length":22420.52517651296,"shape_Area":17051419.95665366}},{"arcs":[[978,979,980,-961,-966,-973,-974,981,982]],"type":"Polygon","properties":{"OBJECTID":396050,"vilnam_soi":"CHITTURVADI","stcode11":"33","dtcode11":"626","sdtcode11":"05855","vilcode11":"641848","stname":"TAMIL NADU","dtname":"Ramanathapuram","sdtname":"Tiruvadanai","vilname11":"Chitturuvadi","vil_lgd":641848,"dist_lgd":583,"state_lgd":33,"gp_code":227406,"gp_name":"Chitthoorvadi","subdt_lgd":5855,"block_name":"RAJASINGAMANGALAM","block_lgd":6284,"Remark":null,"ac_no":210,"test":null,"shape_Length":22672.784365113333,"shape_Area":16272189.398563921}},{"arcs":[[983,984]],"type":"Polygon","properties":{"OBJECTID":396052,"vilnam_soi":"RAMANTHAMADAI","stcode11":"33","dtcode11":"626","sdtcode11":"05855","vilcode11":"641843","stname":"TAMIL NADU","dtname":"Ramanathapuram","sdtname":"Tiruvadanai","vilname11":"Ramanathamadai","vil_lgd":641843,"dist_lgd":583,"state_lgd":33,"gp_code":227422,"gp_name":"Pullamadai","subdt_lgd":5855,"block_name":"RAJASINGAMANGALAM","block_lgd":6284,"Remark":null,"ac_no":210,"test":null,"shape_Length":7932.583043826946,"shape_Area":2185888.677538394}},{"arcs":[[985,-970,-964,986,987]],"type":"Polygon","properties":{"OBJECTID":396055,"vilnam_soi":"VARAVANI","stcode11":"33","dtcode11":"626","sdtcode11":"05855","vilcode11":"641842","stname":"TAMIL NADU","dtname":"Ramanathapuram","sdtname":"Tiruvadanai","vilname11":"Varavani","vil_lgd":641842,"dist_lgd":583,"state_lgd":33,"gp_code":227435,"gp_name":"Varavani","subdt_lgd":5855,"block_name":"RAJASINGAMANGALAM","block_lgd":6284,"Remark":null,"ac_no":210,"test":null,"shape_Length":16815.294890669484,"shape_Area":11362182.98185646}},{"arcs":[[-976,988,-984,989]],"type":"Polygon","properties":{"OBJECTID":396061,"vilnam_soi":"RETTAIYURANIVALLADI","stcode11":"33","dtcode11":"626","sdtcode11":"05855","vilcode11":"641844","stname":"TAMIL NADU","dtname":"Ramanathapuram","sdtname":"Tiruvadanai","vilname11":"Rettaiyurani","vil_lgd":641844,"dist_lgd":583,"state_lgd":33,"gp_code":227422,"gp_name":"Pullamadai","subdt_lgd":5855,"block_name":"RAJASINGAMANGALAM","block_lgd":6284,"Remark":null,"ac_no":210,"test":null,"shape_Length":6767.8931500913795,"shape_Area":2056222.0224333866}},{"arcs":[[990,-982,-978,991,992]],"type":"Polygon","properties":{"OBJECTID":396072,"vilnam_soi":"KULAMANKKAM","stcode11":"33","dtcode11":"626","sdtcode11":"05855","vilcode11":"641845","stname":"TAMIL NADU","dtname":"Ramanathapuram","sdtname":"Tiruvadanai","vilname11":"Kulamanikkam","vil_lgd":641845,"dist_lgd":583,"state_lgd":33,"gp_code":227419,"gp_name":"Odaikkaal","subdt_lgd":5855,"block_name":"RAJASINGAMANGALAM","block_lgd":6284,"Remark":null,"ac_no":210,"test":null,"shape_Length":6428.035442308884,"shape_Area":2285685.871493496}},{"arcs":[[-992,993,994]],"type":"Polygon","properties":{"OBJECTID":396087,"vilnam_soi":"ODAIKKAL","stcode11":"33","dtcode11":"626","sdtcode11":"05855","vilcode11":"641839","stname":"TAMIL NADU","dtname":"Ramanathapuram","sdtname":"Tiruvadanai","vilname11":"Odaikkal","vil_lgd":641839,"dist_lgd":583,"state_lgd":33,"gp_code":227419,"gp_name":"Odaikkaal","subdt_lgd":5855,"block_name":"RAJASINGAMANGALAM","block_lgd":6284,"Remark":null,"ac_no":210,"test":null,"shape_Length":5993.381966222937,"shape_Area":1931546.2529634254}},{"arcs":[[995,-980,996,997]],"type":"Polygon","properties":{"OBJECTID":396095,"vilnam_soi":"PUDUPPATTINAM","stcode11":"33","dtcode11":"626","sdtcode11":"05855","vilcode11":"641833","stname":"TAMIL NADU","dtname":"Ramanathapuram","sdtname":"Tiruvadanai","vilname11":"Pudupattinam","vil_lgd":641833,"dist_lgd":583,"state_lgd":33,"gp_code":227528,"gp_name":"PUDUPATTINAM","subdt_lgd":5855,"block_name":"TIRUVADANAI","block_lgd":6287,"Remark":null,"ac_no":210,"test":null,"shape_Length":10154.96000704665,"shape_Area":3577775.3861657637}},{"arcs":[[-997,-979,998,999,1000]],"type":"Polygon","properties":{"OBJECTID":396109,"vilnam_soi":"MANAKKUDI","stcode11":"33","dtcode11":"626","sdtcode11":"05855","vilcode11":"641846","stname":"TAMIL NADU","dtname":"Ramanathapuram","sdtname":"Tiruvadanai","vilname11":"A.Manakudi","vil_lgd":641846,"dist_lgd":583,"state_lgd":33,"gp_code":227401,"gp_name":"A. Manakkudi","subdt_lgd":5855,"block_name":"RAJASINGAMANGALAM","block_lgd":6284,"Remark":null,"ac_no":210,"test":null,"shape_Length":19405.081242826975,"shape_Area":10948743.788313823}},{"arcs":[[-1000,1001,1002]],"type":"Polygon","properties":{"OBJECTID":396119,"vilnam_soi":"ALIKUDI","stcode11":"33","dtcode11":"626","sdtcode11":"05855","vilcode11":"641847","stname":"TAMIL NADU","dtname":"Ramanathapuram","sdtname":"Tiruvadanai","vilname11":"Alikkudi","vil_lgd":641847,"dist_lgd":583,"state_lgd":33,"gp_code":227494,"gp_name":"ACHANGUDI","subdt_lgd":5855,"block_name":"RAJASINGAMANGALAM","block_lgd":6284,"Remark":null,"ac_no":210,"test":null,"shape_Length":4746.431969749487,"shape_Area":1079357.159148437}},{"arcs":[[1003,1004,1005,-994,-977,-990,-985,-989,-975,-971,-986,1006,1007]],"type":"Polygon","properties":{"OBJECTID":396135,"vilnam_soi":"PULLAMDAI","stcode11":"33","dtcode11":"626","sdtcode11":"05855","vilcode11":"641840","stname":"TAMIL NADU","dtname":"Ramanathapuram","sdtname":"Tiruvadanai","vilname11":"Pullamadai","vil_lgd":641840,"dist_lgd":583,"state_lgd":33,"gp_code":227422,"gp_name":"Pullamadai","subdt_lgd":5855,"block_name":"RAJASINGAMANGALAM","block_lgd":6284,"Remark":null,"ac_no":210,"test":null,"shape_Length":32096.84972981643,"shape_Area":18685167.845950205}},{"arcs":[[-1007,-988,1008,1009]],"type":"Polygon","properties":{"OBJECTID":396157,"vilnam_soi":"SETTIDAL","stcode11":"33","dtcode11":"626","sdtcode11":"05855","vilcode11":"641841","stname":"TAMIL NADU","dtname":"Ramanathapuram","sdtname":"Tiruvadanai","vilname11":"Sethidal","vil_lgd":641841,"dist_lgd":583,"state_lgd":33,"gp_code":227426,"gp_name":"Sethidal","subdt_lgd":5855,"block_name":"RAJASINGAMANGALAM","block_lgd":6284,"Remark":null,"ac_no":210,"test":null,"shape_Length":18017.32762770234,"shape_Area":12071056.149859125}},{"arcs":[[1010,1011,-1002,-999,-983,-991,1012,1013]],"type":"Polygon","properties":{"OBJECTID":396170,"vilnam_soi":"KALLIKUDI","stcode11":"33","dtcode11":"626","sdtcode11":"05855","vilcode11":"641837","stname":"TAMIL NADU","dtname":"Ramanathapuram","sdtname":"Tiruvadanai","vilname11":"Kallikudi","vil_lgd":641837,"dist_lgd":583,"state_lgd":33,"gp_code":227411,"gp_name":"Kallikkudi","subdt_lgd":5855,"block_name":"RAJASINGAMANGALAM","block_lgd":6284,"Remark":null,"ac_no":210,"test":null,"shape_Length":22178.746356690415,"shape_Area":11721759.540345298}},{"arcs":[[-1013,-993,-995,-1006,1014,1015]],"type":"Polygon","properties":{"OBJECTID":396172,"vilnam_soi":"BAGAVATIMANGALAM","stcode11":"33","dtcode11":"626","sdtcode11":"05855","vilcode11":"641838","stname":"TAMIL NADU","dtname":"Ramanathapuram","sdtname":"Tiruvadanai","vilname11":"Bagavathimangalam","vil_lgd":641838,"dist_lgd":583,"state_lgd":33,"gp_code":227404,"gp_name":"A. R. Mangalam","subdt_lgd":5855,"block_name":"RAJASINGAMANGALAM","block_lgd":6284,"Remark":null,"ac_no":210,"test":null,"shape_Length":19200.26055266734,"shape_Area":11422912.842558438}},{"arcs":[[1016,1017,1018]],"type":"Polygon","properties":{"OBJECTID":396173,"vilnam_soi":"KADAMBANENDAL","stcode11":"33","dtcode11":"626","sdtcode11":"05855","vilcode11":"641834","stname":"TAMIL NADU","dtname":"Ramanathapuram","sdtname":"Tiruvadanai","vilname11":"Kadambanedal","vil_lgd":641834,"dist_lgd":583,"state_lgd":33,"gp_code":227514,"gp_name":"Mugilthagam","subdt_lgd":5855,"block_name":"TIRUVADANAI","block_lgd":6287,"Remark":null,"ac_no":210,"test":null,"shape_Length":6487.329731282697,"shape_Area":2013530.9178327213}},{"arcs":[[1019,-998,-1001,-1003,-1012,1020,1021,-1017,1022,1023]],"type":"Polygon","properties":{"OBJECTID":396183,"vilnam_soi":"KANATTANKADU","stcode11":"33","dtcode11":"626","sdtcode11":"05855","vilcode11":"641836","stname":"TAMIL NADU","dtname":"Ramanathapuram","sdtname":"Tiruvadanai","vilname11":"Kanatangudi","vil_lgd":641836,"dist_lgd":583,"state_lgd":33,"gp_code":227417,"gp_name":"Kottakudi","subdt_lgd":5855,"block_name":"TIRUVADANAI","block_lgd":6287,"Remark":null,"ac_no":210,"test":null,"shape_Length":25608.27121185024,"shape_Area":13666068.142186278}},{"arcs":[[1024,-1004,1025,1026,1027]],"type":"Polygon","properties":{"OBJECTID":396187,"vilnam_soi":"KAVVUR","stcode11":"33","dtcode11":"626","sdtcode11":"05855","vilcode11":"641825","stname":"TAMIL NADU","dtname":"Ramanathapuram","sdtname":"Tiruvadanai","vilname11":"Kavvur","vil_lgd":641825,"dist_lgd":583,"state_lgd":33,"gp_code":227409,"gp_name":"Sanaveli","subdt_lgd":5855,"block_name":"RAJASINGAMANGALAM","block_lgd":6284,"Remark":null,"ac_no":210,"test":null,"shape_Length":19892.33065022887,"shape_Area":13946456.779116286}},{"arcs":[[1028,1029]],"type":"Polygon","properties":{"OBJECTID":396188,"vilnam_soi":"PALTAMANGALAM","stcode11":"33","dtcode11":"626","sdtcode11":"05855","vilcode11":"641828","stname":"TAMIL NADU","dtname":"Ramanathapuram","sdtname":"Tiruvadanai","vilname11":"Pattamangalam","vil_lgd":641828,"dist_lgd":583,"state_lgd":33,"gp_code":227521,"gp_name":"ORIUR","subdt_lgd":5855,"block_name":"TIRUVADANAI","block_lgd":6287,"Remark":null,"ac_no":210,"test":null,"shape_Length":2770.790547595609,"shape_Area":498099.0521782369}},{"arcs":[[1030,-1018,-1022,1031,1032]],"type":"Polygon","properties":{"OBJECTID":396198,"vilnam_soi":"TIRUVETTIYUR","stcode11":"33","dtcode11":"626","sdtcode11":"05855","vilcode11":"641835","stname":"TAMIL NADU","dtname":"Ramanathapuram","sdtname":"Tiruvadanai","vilname11":"Tiruvetriyur","vil_lgd":641835,"dist_lgd":583,"state_lgd":33,"gp_code":227536,"gp_name":"Thiruvetriyur","subdt_lgd":5855,"block_name":"TIRUVADANAI","block_lgd":6287,"Remark":null,"ac_no":210,"test":null,"shape_Length":10811.638586059957,"shape_Area":4745907.288572158}},{"arcs":[[-1032,-1021,-1011,1033,-1030,1034,1035]],"type":"Polygon","properties":{"OBJECTID":396207,"vilnam_soi":"KULATTUR","stcode11":"33","dtcode11":"626","sdtcode11":"05855","vilcode11":"641829","stname":"TAMIL NADU","dtname":"Ramanathapuram","sdtname":"Tiruvadanai","vilname11":"Kulathur","vil_lgd":641829,"dist_lgd":583,"state_lgd":33,"gp_code":227510,"gp_name":"KULATHUR B/D","subdt_lgd":5855,"block_name":"TIRUVADANAI","block_lgd":6287,"Remark":null,"ac_no":210,"test":null,"shape_Length":15555.481186406365,"shape_Area":7531364.296694655}},{"arcs":[[1036,-1015,-1005,-1025,1037,1038]],"type":"Polygon","properties":{"OBJECTID":396212,"vilnam_soi":"ARUNUTTIMANGALAM","stcode11":"33","dtcode11":"626","sdtcode11":"05855","vilcode11":"641826","stname":"TAMIL NADU","dtname":"Ramanathapuram","sdtname":"Tiruvadanai","vilname11":"Arunuthimangalam","vil_lgd":641826,"dist_lgd":583,"state_lgd":33,"gp_code":227404,"gp_name":"A. R. Mangalam","subdt_lgd":5855,"block_name":"RAJASINGAMANGALAM","block_lgd":6284,"Remark":null,"ac_no":210,"test":null,"shape_Length":18398.325379954622,"shape_Area":11868037.108248863}},{"arcs":[[1039,-1026,-1008,-1010,1040,1041,1042,1043]],"type":"Polygon","properties":{"OBJECTID":396215,"vilnam_soi":"KOKKURANI","stcode11":"33","dtcode11":"626","sdtcode11":"05855","vilcode11":"641824","stname":"TAMIL NADU","dtname":"Ramanathapuram","sdtname":"Tiruvadanai","vilname11":"Kokurani","vil_lgd":641824,"dist_lgd":583,"state_lgd":33,"gp_code":227414,"gp_name":"Kavanakkottai","subdt_lgd":5855,"block_name":"RAJASINGAMANGALAM","block_lgd":6284,"Remark":null,"ac_no":210,"test":null,"shape_Length":18488.393557502335,"shape_Area":8246298.977983697}},{"arcs":[[1044,-1035,-1029,-1034,-1014,-1016,-1037,1045,1046]],"type":"Polygon","properties":{"OBJECTID":396228,"vilnam_soi":"KILPANAIYUR","stcode11":"33","dtcode11":"626","sdtcode11":"05855","vilcode11":"641827","stname":"TAMIL NADU","dtname":"Ramanathapuram","sdtname":"Tiruvadanai","vilname11":"Kilapanaiyur","vil_lgd":641827,"dist_lgd":583,"state_lgd":33,"gp_code":227417,"gp_name":"Kottakudi","subdt_lgd":5855,"block_name":"RAJASINGAMANGALAM","block_lgd":6284,"Remark":null,"ac_no":210,"test":null,"shape_Length":19490.610492615284,"shape_Area":10593721.63389772}},{"arcs":[[1047,1048,-1024,1049,1050,1051]],"type":"Polygon","properties":{"OBJECTID":396230,"vilnam_soi":"NAMBUTALM","stcode11":"33","dtcode11":"626","sdtcode11":"05855","vilcode11":"641832","stname":"TAMIL NADU","dtname":"Ramanathapuram","sdtname":"Tiruvadanai","vilname11":"Nambuthalai","vil_lgd":641832,"dist_lgd":583,"state_lgd":33,"gp_code":227503,"gp_name":"Karangadu","subdt_lgd":5855,"block_name":"TIRUVADANAI","block_lgd":6287,"Remark":null,"ac_no":210,"test":null,"shape_Length":14223.853893264808,"shape_Area":4665633.292233259}},{"arcs":[[-1050,-1023,-1019,-1031,1052,1053,1054]],"type":"Polygon","properties":{"OBJECTID":396235,"vilnam_soi":"MUGILLATGAM","stcode11":"33","dtcode11":"626","sdtcode11":"05855","vilcode11":"641831","stname":"TAMIL NADU","dtname":"Ramanathapuram","sdtname":"Tiruvadanai","vilname11":"Mugilthagam","vil_lgd":641831,"dist_lgd":583,"state_lgd":33,"gp_code":227514,"gp_name":"Mugilthagam","subdt_lgd":5855,"block_name":"TIRUVADANAI","block_lgd":6287,"Remark":null,"ac_no":210,"test":null,"shape_Length":14119.077211856442,"shape_Area":8186552.891074756}},{"arcs":[[1055,1056,1057]],"type":"Polygon","properties":{"OBJECTID":396236,"vilnam_soi":"TIRUVADANAI","stcode11":"33","dtcode11":"626","sdtcode11":"05855","vilcode11":"641823","stname":"TAMIL NADU","dtname":"Ramanathapuram","sdtname":"Tiruvadanai","vilname11":" ","vil_lgd":641823,"dist_lgd":583,"state_lgd":33,"gp_code":227424,"gp_name":"Satthanur","subdt_lgd":5855,"block_name":"RAJASINGAMANGALAM","block_lgd":6284,"Remark":null,"ac_no":210,"test":null,"shape_Length":14804.502717437566,"shape_Area":5847851.0178769}},{"arcs":[[1058,-1044,1059,1060,1061]],"type":"Polygon","properties":{"OBJECTID":396251,"vilnam_soi":"TIRUTTERVALAI","stcode11":"33","dtcode11":"626","sdtcode11":"05855","vilcode11":"641819","stname":"TAMIL NADU","dtname":"Ramanathapuram","sdtname":"Tiruvadanai","vilname11":"Thirutheravalai","vil_lgd":641819,"dist_lgd":583,"state_lgd":33,"gp_code":227405,"gp_name":"Aayingudi","subdt_lgd":5855,"block_name":"RAJASINGAMANGALAM","block_lgd":6284,"Remark":null,"ac_no":210,"test":null,"shape_Length":16840.88312070688,"shape_Area":9193183.781189254}},{"arcs":[[1062,-1053,-1033,-1036,-1045,1063,1064]],"type":"Polygon","properties":{"OBJECTID":396252,"vilnam_soi":"KILARUMBUR","stcode11":"33","dtcode11":"626","sdtcode11":"05855","vilcode11":"641830","stname":"TAMIL NADU","dtname":"Ramanathapuram","sdtname":"Tiruvadanai","vilname11":"Kilaarumbur","vil_lgd":641830,"dist_lgd":583,"state_lgd":33,"gp_code":227498,"gp_name":"ARUMBOOR","subdt_lgd":5855,"block_name":"TIRUVADANAI","block_lgd":6287,"Remark":null,"ac_no":210,"test":null,"shape_Length":15361.183500286159,"shape_Area":8131202.449606021}},{"arcs":[[1065,-1027,-1040,-1059,1066]],"type":"Polygon","properties":{"OBJECTID":396254,"vilnam_soi":"KARUNGUDI","stcode11":"33","dtcode11":"626","sdtcode11":"05855","vilcode11":"641818","stname":"TAMIL NADU","dtname":"Ramanathapuram","sdtname":"Tiruvadanai","vilname11":"Karungudi","vil_lgd":641818,"dist_lgd":583,"state_lgd":33,"gp_code":227405,"gp_name":"Aayingudi","subdt_lgd":5855,"block_name":"RAJASINGAMANGALAM","block_lgd":6284,"Remark":null,"ac_no":210,"test":null,"shape_Length":17004.86754273455,"shape_Area":9135563.021355795}},{"arcs":[[1067,1068]],"type":"Polygon","properties":{"OBJECTID":396268,"vilnam_soi":"KADANGUDI","stcode11":"33","dtcode11":"626","sdtcode11":"05855","vilcode11":"641812","stname":"TAMIL NADU","dtname":"Ramanathapuram","sdtname":"Tiruvadanai","vilname11":"Kadangudi","vil_lgd":641812,"dist_lgd":583,"state_lgd":33,"gp_code":227534,"gp_name":"THALIRMARUNGUR A/B","subdt_lgd":5855,"block_name":"TIRUVADANAI","block_lgd":6287,"Remark":null,"ac_no":210,"test":null,"shape_Length":4374.999815369834,"shape_Area":792689.5047100617}},{"arcs":[[1069,-1052,1070,1071,1072]],"type":"Polygon","properties":{"OBJECTID":396275,"vilnam_soi":"TOLUR","stcode11":"33","dtcode11":"626","sdtcode11":"05855","vilcode11":"803803","stname":"TAMIL NADU","dtname":"Ramanathapuram","sdtname":"Tiruvadanai","vilname11":"Thondi (TP)","vil_lgd":803803,"dist_lgd":583,"state_lgd":33,"gp_code":0,"gp_name":"","subdt_lgd":5855,"block_name":"TIRUVADANAI","block_lgd":6287,"Remark":null,"ac_no":210,"test":null,"shape_Length":17716.299786924006,"shape_Area":4204887.36409427}},{"arcs":[[1073,1074,-1058,1075]],"type":"Polygon","properties":{"OBJECTID":396280,"vilnam_soi":"ANAIYARKOTTAIKARAI","stcode11":"33","dtcode11":"626","sdtcode11":"05855","vilcode11":"641822","stname":"TAMIL NADU","dtname":"Ramanathapuram","sdtname":"Tiruvadanai","vilname11":"Anayarkottai","vil_lgd":641822,"dist_lgd":583,"state_lgd":33,"gp_code":227424,"gp_name":"Satthanur","subdt_lgd":5855,"block_name":"RAJASINGAMANGALAM","block_lgd":6284,"Remark":null,"ac_no":210,"test":null,"shape_Length":16224.328888985447,"shape_Area":6339842.408142538}},{"arcs":[[-1042,1076,-1056,-1075,1077,1078]],"type":"Polygon","properties":{"OBJECTID":396283,"vilnam_soi":"ANANDUR","stcode11":"33","dtcode11":"626","sdtcode11":"05855","vilcode11":"641821","stname":"TAMIL NADU","dtname":"Ramanathapuram","sdtname":"Tiruvadanai","vilname11":"Anandur","vil_lgd":641821,"dist_lgd":583,"state_lgd":33,"gp_code":227403,"gp_name":"Aananthoor","subdt_lgd":5855,"block_name":"RAJASINGAMANGALAM","block_lgd":6284,"Remark":null,"ac_no":210,"test":null,"shape_Length":18876.679698487736,"shape_Area":10184016.838053389}},{"arcs":[[1079,-1060,-1043,-1079,1080]],"type":"Polygon","properties":{"OBJECTID":396284,"vilnam_soi":"ODAKKAARAI","stcode11":"33","dtcode11":"626","sdtcode11":"05855","vilcode11":"641820","stname":"TAMIL NADU","dtname":"Ramanathapuram","sdtname":"Tiruvadanai","vilname11":"Odaikkarai","vil_lgd":641820,"dist_lgd":583,"state_lgd":33,"gp_code":227431,"gp_name":"Thirutthervalai","subdt_lgd":5855,"block_name":"RAJASINGAMANGALAM","block_lgd":6284,"Remark":null,"ac_no":210,"test":null,"shape_Length":11002.421015800712,"shape_Area":4591005.471151691}},{"arcs":[[1081,-1072,1082,1083]],"type":"Polygon","properties":{"OBJECTID":396287,"vilnam_soi":"TALIRMARUNGUR","stcode11":"33","dtcode11":"626","sdtcode11":"05855","vilcode11":"641813","stname":"TAMIL NADU","dtname":"Ramanathapuram","sdtname":"Tiruvadanai","vilname11":"Thalirmarungur","vil_lgd":641813,"dist_lgd":583,"state_lgd":33,"gp_code":227534,"gp_name":"THALIRMARUNGUR A/B","subdt_lgd":5855,"block_name":"TIRUVADANAI","block_lgd":6287,"Remark":null,"ac_no":210,"test":null,"shape_Length":8558.951366480886,"shape_Area":3842340.2349746274}},{"arcs":[[1084,-1038,-1028,-1066,1085]],"type":"Polygon","properties":{"OBJECTID":396291,"vilnam_soi":"GUDALUR","stcode11":"33","dtcode11":"626","sdtcode11":"05855","vilcode11":"641817","stname":"TAMIL NADU","dtname":"Ramanathapuram","sdtname":"Tiruvadanai","vilname11":"Gudalur","vil_lgd":641817,"dist_lgd":583,"state_lgd":33,"gp_code":227405,"gp_name":"Aayingudi","subdt_lgd":5855,"block_name":"RAJASINGAMANGALAM","block_lgd":6284,"Remark":null,"ac_no":210,"test":null,"shape_Length":24948.016654103416,"shape_Area":17178281.247528654}},{"arcs":[[-1064,-1047,1086,1087,1088]],"type":"Polygon","properties":{"OBJECTID":396299,"vilnam_soi":"ADIYUR","stcode11":"33","dtcode11":"626","sdtcode11":"05855","vilcode11":"641815","stname":"TAMIL NADU","dtname":"Ramanathapuram","sdtname":"Tiruvadanai","vilname11":"Athiyur","vil_lgd":641815,"dist_lgd":583,"state_lgd":33,"gp_code":227499,"gp_name":"ATHIYUR","subdt_lgd":5855,"block_name":"TIRUVADANAI","block_lgd":6287,"Remark":null,"ac_no":210,"test":null,"shape_Length":17847.449837813998,"shape_Area":11859384.1030076}},{"arcs":[[-1087,-1046,-1039,-1085,1089,1090]],"type":"Polygon","properties":{"OBJECTID":396301,"vilnam_soi":"TOTTAMANGALAM","stcode11":"33","dtcode11":"626","sdtcode11":"05855","vilcode11":"641816","stname":"TAMIL NADU","dtname":"Ramanathapuram","sdtname":"Tiruvadanai","vilname11":"Thottamangalam","vil_lgd":641816,"dist_lgd":583,"state_lgd":33,"gp_code":227412,"gp_name":"Karkatthakudi","subdt_lgd":5855,"block_name":"RAJASINGAMANGALAM","block_lgd":6284,"Remark":null,"ac_no":210,"test":null,"shape_Length":19566.2985571987,"shape_Area":12123194.268676884}},{"arcs":[[1091,-1073,-1082,1092,1093]],"type":"Polygon","properties":{"OBJECTID":396306,"vilnam_soi":" ","stcode11":"33","dtcode11":"626","sdtcode11":"05855","vilcode11":"641810","stname":"TAMIL NADU","dtname":"Ramanathapuram","sdtname":"Tiruvadanai","vilname11":"Velangudi","vil_lgd":641810,"dist_lgd":583,"state_lgd":33,"gp_code":227508,"gp_name":"KODIPPANGU","subdt_lgd":5855,"block_name":"TIRUVADANAI","block_lgd":6287,"Remark":null,"ac_no":210,"test":null,"shape_Length":8687.34656217336,"shape_Area":2227192.136846958}},{"arcs":[[1094,-1068,1095,-1054,-1063,1096,1097]],"type":"Polygon","properties":{"OBJECTID":396312,"vilnam_soi":"SEKKANTIDAL","stcode11":"33","dtcode11":"626","sdtcode11":"05855","vilcode11":"641814","stname":"TAMIL NADU","dtname":"Ramanathapuram","sdtname":"Tiruvadanai","vilname11":"Sekkanthidal","vil_lgd":641814,"dist_lgd":583,"state_lgd":33,"gp_code":227510,"gp_name":"KULATHUR B/D","subdt_lgd":5855,"block_name":"TIRUVADANAI","block_lgd":6287,"Remark":null,"ac_no":210,"test":null,"shape_Length":18819.661091228292,"shape_Area":9779648.650457546}},{"arcs":[[-1093,-1084,1098,1099,1100]],"type":"Polygon","properties":{"OBJECTID":396323,"vilnam_soi":"KARUNGALAKKUDI","stcode11":"33","dtcode11":"626","sdtcode11":"05855","vilcode11":"641811","stname":"TAMIL NADU","dtname":"Ramanathapuram","sdtname":"Tiruvadanai","vilname11":"Karungalagudi","vil_lgd":641811,"dist_lgd":583,"state_lgd":33,"gp_code":227535,"gp_name":"Thelur","subdt_lgd":5855,"block_name":"TIRUVADANAI","block_lgd":6287,"Remark":null,"ac_no":210,"test":null,"shape_Length":11901.554521125643,"shape_Area":4596528.590443764}},{"arcs":[[1101,1102,1103,-1094,-1101,1104,1105]],"type":"Polygon","properties":{"OBJECTID":396331,"vilnam_soi":"MUTTURAMALINGAPATTANAM","stcode11":"33","dtcode11":"626","sdtcode11":"05855","vilcode11":"641809","stname":"TAMIL NADU","dtname":"Ramanathapuram","sdtname":"Tiruvadanai","vilname11":"Muthuramalingapattinam","vil_lgd":641809,"dist_lgd":583,"state_lgd":33,"gp_code":0,"gp_name":"","subdt_lgd":5855,"block_name":"TIRUVADANAI","block_lgd":6287,"Remark":null,"ac_no":210,"test":null,"shape_Length":14628.561092826114,"shape_Area":4325053.103593083}},{"arcs":[[1106,-1099,-1083,-1071,-1051,-1055,-1096,-1069,-1095,1107]],"type":"Polygon","properties":{"OBJECTID":396337,"vilnam_soi":"TALIRMAPUR","stcode11":"33","dtcode11":"626","sdtcode11":"05855","vilcode11":"","stname":"TAMIL NADU","dtname":"Ramanathapuram","sdtname":"Tiruvadanai","vilname11":" ","vil_lgd":0,"dist_lgd":583,"state_lgd":33,"gp_code":0,"gp_name":"","subdt_lgd":5855,"block_name":"TIRUVADANAI","block_lgd":6287,"Remark":null,"ac_no":210,"test":null,"shape_Length":21281.034368172703,"shape_Area":11580260.672016658}},{"arcs":[[1108,1109,-1102,1110]],"type":"Polygon","properties":{"OBJECTID":396339,"vilnam_soi":"KODIPPANGU","stcode11":"33","dtcode11":"626","sdtcode11":"05855","vilcode11":"641808","stname":"TAMIL NADU","dtname":"Ramanathapuram","sdtname":"Tiruvadanai","vilname11":"Kodipangu","vil_lgd":641808,"dist_lgd":583,"state_lgd":33,"gp_code":227508,"gp_name":"KODIPPANGU","subdt_lgd":5855,"block_name":"TIRUVADANAI","block_lgd":6287,"Remark":null,"ac_no":210,"test":null,"shape_Length":8464.879872183388,"shape_Area":3410106.919800444}},{"arcs":[[-1110,1111,1112]],"type":"Polygon","properties":{"OBJECTID":396348,"vilnam_soi":"ODAVAYAL","stcode11":"33","dtcode11":"626","sdtcode11":"05855","vilcode11":"641807","stname":"TAMIL NADU","dtname":"Ramanathapuram","sdtname":"Tiruvadanai","vilname11":"Odavayal","vil_lgd":641807,"dist_lgd":583,"state_lgd":33,"gp_code":227539,"gp_name":"VATTANAM","subdt_lgd":5855,"block_name":"TIRUVADANAI","block_lgd":6287,"Remark":null,"ac_no":210,"test":null,"shape_Length":3116.1879236774007,"shape_Area":438160.6200287148}},{"arcs":[[1113,-1097,-1065,-1089,1114,1115]],"type":"Polygon","properties":{"OBJECTID":396363,"vilnam_soi":"KADAMBAKUDI","stcode11":"33","dtcode11":"626","sdtcode11":"05855","vilcode11":"641799","stname":"TAMIL NADU","dtname":"Ramanathapuram","sdtname":"Tiruvadanai","vilname11":"Kadambakkudi","vil_lgd":641799,"dist_lgd":583,"state_lgd":33,"gp_code":227494,"gp_name":"ACHANGUDI","subdt_lgd":5855,"block_name":"TIRUVADANAI","block_lgd":6287,"Remark":null,"ac_no":210,"test":null,"shape_Length":17660.611537517543,"shape_Area":11962189.904557038}},{"arcs":[[1116,-1108,-1098,-1114,1117]],"type":"Polygon","properties":{"OBJECTID":396364,"vilnam_soi":"MAVUR","stcode11":"33","dtcode11":"626","sdtcode11":"05855","vilcode11":"641800","stname":"TAMIL NADU","dtname":"Ramanathapuram","sdtname":"Tiruvadanai","vilname11":"Mavur","vil_lgd":641800,"dist_lgd":583,"state_lgd":33,"gp_code":227513,"gp_name":"MAVUR","subdt_lgd":5855,"block_name":"TIRUVADANAI","block_lgd":6287,"Remark":null,"ac_no":210,"test":null,"shape_Length":10202.251914648376,"shape_Area":3714935.03904598}},{"arcs":[[-1061,-1080,1118]],"type":"Polygon","properties":{"OBJECTID":396368,"vilnam_soi":"GOVINDAMANGALAM","stcode11":"33","dtcode11":"626","sdtcode11":"05855","vilcode11":"641796","stname":"TAMIL NADU","dtname":"Ramanathapuram","sdtname":"Tiruvadanai","vilname11":"Govindamangalam","vil_lgd":641796,"dist_lgd":583,"state_lgd":33,"gp_code":227407,"gp_name":"Govindamangalam","subdt_lgd":5855,"block_name":"RAJASINGAMANGALAM","block_lgd":6284,"Remark":null,"ac_no":210,"test":null,"shape_Length":23523.24456258298,"shape_Area":14864092.877334585}},{"arcs":[[-1081,-1078,-1074,1119]],"type":"Polygon","properties":{"OBJECTID":396369,"vilnam_soi":"RADHANUR","stcode11":"33","dtcode11":"626","sdtcode11":"05855","vilcode11":"641795","stname":"TAMIL NADU","dtname":"Ramanathapuram","sdtname":"Tiruvadanai","vilname11":"Radhanur","vil_lgd":641795,"dist_lgd":583,"state_lgd":33,"gp_code":227423,"gp_name":"Rathaanur","subdt_lgd":5855,"block_name":"RAJASINGAMANGALAM","block_lgd":6284,"Remark":null,"ac_no":210,"test":null,"shape_Length":20828.460669065556,"shape_Area":16815333.289688993}},{"arcs":[[-1115,-1088,-1091,1120,1121,1122]],"type":"Polygon","properties":{"OBJECTID":396378,"vilnam_soi":"TIRUVADANAI","stcode11":"33","dtcode11":"626","sdtcode11":"05855","vilcode11":"641798","stname":"TAMIL NADU","dtname":"Ramanathapuram","sdtname":"Tiruvadanai","vilname11":" ","vil_lgd":641798,"dist_lgd":583,"state_lgd":33,"gp_code":227502,"gp_name":"KALLUR","subdt_lgd":5855,"block_name":"TIRUVADANAI","block_lgd":6287,"Remark":null,"ac_no":210,"test":null,"shape_Length":18638.065485298153,"shape_Area":13040659.386567637}},{"arcs":[[-1112,-1109,1123,1124]],"type":"Polygon","properties":{"OBJECTID":396379,"vilnam_soi":"MACHCHUR","stcode11":"33","dtcode11":"626","sdtcode11":"05855","vilcode11":"641806","stname":"TAMIL NADU","dtname":"Ramanathapuram","sdtname":"Tiruvadanai","vilname11":"Machur","vil_lgd":641806,"dist_lgd":583,"state_lgd":33,"gp_code":227539,"gp_name":"VATTANAM","subdt_lgd":5855,"block_name":"TIRUVADANAI","block_lgd":6287,"Remark":null,"ac_no":210,"test":null,"shape_Length":5938.5822036571935,"shape_Area":2178772.181888937}},{"arcs":[[1125,-1105,-1100,-1107,-1117,1126,1127,1128]],"type":"Polygon","properties":{"OBJECTID":396396,"vilnam_soi":"TELUR","stcode11":"33","dtcode11":"626","sdtcode11":"05855","vilcode11":"641802","stname":"TAMIL NADU","dtname":"Ramanathapuram","sdtname":"Tiruvadanai","vilname11":"Thelur","vil_lgd":641802,"dist_lgd":583,"state_lgd":33,"gp_code":227535,"gp_name":"Thelur","subdt_lgd":5855,"block_name":"TIRUVADANAI","block_lgd":6287,"Remark":null,"ac_no":210,"test":null,"shape_Length":17779.66048399918,"shape_Area":10875763.667544551}},{"arcs":[[1129,1130,1131,-1122,1132,1133]],"type":"Polygon","properties":{"OBJECTID":396422,"vilnam_soi":"ARASUR","stcode11":"33","dtcode11":"626","sdtcode11":"05855","vilcode11":"641797","stname":"TAMIL NADU","dtname":"Ramanathapuram","sdtname":"Tiruvadanai","vilname11":"Arasur","vil_lgd":641797,"dist_lgd":583,"state_lgd":33,"gp_code":227527,"gp_name":"Periyakeeramangalam","subdt_lgd":5855,"block_name":"TIRUVADANAI","block_lgd":6287,"Remark":null,"ac_no":210,"test":null,"shape_Length":12250.141569660867,"shape_Area":5776390.56630572}},{"arcs":[[1134,-1124,-1111,-1106,-1126,1135,1136]],"type":"Polygon","properties":{"OBJECTID":396440,"vilnam_soi":"MALANUR","stcode11":"33","dtcode11":"626","sdtcode11":"05855","vilcode11":"641803","stname":"TAMIL NADU","dtname":"Ramanathapuram","sdtname":"Tiruvadanai","vilname11":" ","vil_lgd":641803,"dist_lgd":583,"state_lgd":33,"gp_code":227524,"gp_name":"PANANJAYAL","subdt_lgd":5855,"block_name":"TIRUVADANAI","block_lgd":6287,"Remark":null,"ac_no":210,"test":null,"shape_Length":23320.982139812277,"shape_Area":14212606.348532416}},{"arcs":[[1137,1138,1139]],"type":"Polygon","properties":{"OBJECTID":396441,"vilnam_soi":"ILAIYANVAYAL","stcode11":"33","dtcode11":"626","sdtcode11":"05855","vilcode11":"641801","stname":"TAMIL NADU","dtname":"Ramanathapuram","sdtname":"Tiruvadanai","vilname11":"Ilaiyathanvayal","vil_lgd":641801,"dist_lgd":583,"state_lgd":33,"gp_code":227525,"gp_name":"PANDUKUDI","subdt_lgd":5855,"block_name":"TIRUVADANAI","block_lgd":6287,"Remark":null,"ac_no":210,"test":null,"shape_Length":4426.885631409552,"shape_Area":762376.7556132501}},{"arcs":[[1140,1141]],"type":"Polygon","properties":{"OBJECTID":396442,"vilnam_soi":"KALIYANAGARI","stcode11":"33","dtcode11":"626","sdtcode11":"05855","vilcode11":"641805","stname":"TAMIL NADU","dtname":"Ramanathapuram","sdtname":"Tiruvadanai","vilname11":"Kaliyanagari","vil_lgd":641805,"dist_lgd":583,"state_lgd":33,"gp_code":227501,"gp_name":"Kaliyanagari","subdt_lgd":5855,"block_name":"TIRUVADANAI","block_lgd":6287,"Remark":null,"ac_no":210,"test":null,"shape_Length":12770.474679116804,"shape_Area":3796628.014370495}},{"arcs":[[1142,-1131,1143,1144]],"type":"Polygon","properties":{"OBJECTID":396457,"vilnam_soi":"OYRIKUTTAI","stcode11":"33","dtcode11":"626","sdtcode11":"05855","vilcode11":"641793","stname":"TAMIL NADU","dtname":"Ramanathapuram","sdtname":"Tiruvadanai","vilname11":"Orikottai","vil_lgd":641793,"dist_lgd":583,"state_lgd":33,"gp_code":227520,"gp_name":"Orikottai A/B","subdt_lgd":5855,"block_name":"TIRUVADANAI","block_lgd":6287,"Remark":null,"ac_no":210,"test":null,"shape_Length":12008.830678314764,"shape_Area":6964061.711085314}},{"arcs":[[1145,-1134,1146,1147]],"type":"Polygon","properties":{"OBJECTID":396469,"vilnam_soi":"ATTUR","stcode11":"33","dtcode11":"626","sdtcode11":"05855","vilcode11":"641777","stname":"TAMIL NADU","dtname":"Ramanathapuram","sdtname":"Tiruvadanai","vilname11":"Attur","vil_lgd":641777,"dist_lgd":583,"state_lgd":33,"gp_code":227504,"gp_name":"Karumoli","subdt_lgd":5855,"block_name":"TIRUVADANAI","block_lgd":6287,"Remark":null,"ac_no":210,"test":null,"shape_Length":9202.454134568416,"shape_Area":3921702.545839888}},{"arcs":[[-1144,-1130,-1146,1148]],"type":"Polygon","properties":{"OBJECTID":396471,"vilnam_soi":"PARUR","stcode11":"33","dtcode11":"626","sdtcode11":"05855","vilcode11":"641794","stname":"TAMIL NADU","dtname":"Ramanathapuram","sdtname":"Tiruvadanai","vilname11":"Parur","vil_lgd":641794,"dist_lgd":583,"state_lgd":33,"gp_code":227527,"gp_name":"Periyakeeramangalam","subdt_lgd":5855,"block_name":"TIRUVADANAI","block_lgd":6287,"Remark":null,"ac_no":210,"test":null,"shape_Length":7765.061015187791,"shape_Area":2724431.3854451277}},{"arcs":[[-1139,1149,-1128,1150,1151]],"type":"Polygon","properties":{"OBJECTID":396474,"vilnam_soi":"PANDUKUDI","stcode11":"33","dtcode11":"626","sdtcode11":"05855","vilcode11":"641790","stname":"TAMIL NADU","dtname":"Ramanathapuram","sdtname":"Tiruvadanai","vilname11":"Pandugudi","vil_lgd":641790,"dist_lgd":583,"state_lgd":33,"gp_code":227525,"gp_name":"PANDUKUDI","subdt_lgd":5855,"block_name":"TIRUVADANAI","block_lgd":6287,"Remark":null,"ac_no":210,"test":null,"shape_Length":13854.8560577964,"shape_Area":7068425.816001213}},{"arcs":[[1152,-1142,1153,-1103,-1113,-1125,-1135,1154,1155]],"type":"Polygon","properties":{"OBJECTID":396483,"vilnam_soi":"VATTANAM","stcode11":"33","dtcode11":"626","sdtcode11":"05855","vilcode11":"641804","stname":"TAMIL NADU","dtname":"Ramanathapuram","sdtname":"Tiruvadanai","vilname11":"Vattanam","vil_lgd":641804,"dist_lgd":583,"state_lgd":33,"gp_code":227532,"gp_name":"SUNDARAPANDIANPATTINAM","subdt_lgd":5855,"block_name":"TIRUVADANAI","block_lgd":6287,"Remark":null,"ac_no":210,"test":null,"shape_Length":30166.223434234926,"shape_Area":12799122.38504152}},{"arcs":[[1156,-1123,-1132,-1143,1157,1158]],"type":"Polygon","properties":{"OBJECTID":396489,"vilnam_soi":"ANJUKOTTAI","stcode11":"33","dtcode11":"626","sdtcode11":"05855","vilcode11":"641792","stname":"TAMIL NADU","dtname":"Ramanathapuram","sdtname":"Tiruvadanai","vilname11":"Anjukottai","vil_lgd":641792,"dist_lgd":583,"state_lgd":33,"gp_code":227496,"gp_name":"ANJUKOTTAI","subdt_lgd":5855,"block_name":"TIRUVADANAI","block_lgd":6287,"Remark":null,"ac_no":210,"test":null,"shape_Length":20278.382897022355,"shape_Area":15495475.197546005}},{"arcs":[[1159,-1151,-1127,-1118,-1116,-1157,1160,1161]],"type":"Polygon","properties":{"OBJECTID":396509,"vilnam_soi":"KILIYUR","stcode11":"33","dtcode11":"626","sdtcode11":"05855","vilcode11":"641791","stname":"TAMIL NADU","dtname":"Ramanathapuram","sdtname":"Tiruvadanai","vilname11":"Kiliyur","vil_lgd":641791,"dist_lgd":583,"state_lgd":33,"gp_code":227507,"gp_name":"KODANNOR","subdt_lgd":5855,"block_name":"TIRUVADANAI","block_lgd":6287,"Remark":null,"ac_no":210,"test":null,"shape_Length":22839.790796653197,"shape_Area":15512775.468703087}},{"arcs":[[1162,-1155,-1137,1163,1164,1165]],"type":"Polygon","properties":{"OBJECTID":396517,"vilnam_soi":"PULLUR","stcode11":"33","dtcode11":"626","sdtcode11":"05855","vilcode11":"641786","stname":"TAMIL NADU","dtname":"Ramanathapuram","sdtname":"Tiruvadanai","vilname11":"Pullur","vil_lgd":641786,"dist_lgd":583,"state_lgd":33,"gp_code":227521,"gp_name":"ORIUR","subdt_lgd":5855,"block_name":"TIRUVADANAI","block_lgd":6287,"Remark":null,"ac_no":210,"test":null,"shape_Length":28778.64965067493,"shape_Area":13774514.825799068}},{"arcs":[[1166,-1158,-1145,-1149,-1148,1167,1168]],"type":"Polygon","properties":{"OBJECTID":396523,"vilnam_soi":"NAGANI","stcode11":"33","dtcode11":"626","sdtcode11":"05855","vilcode11":"641778","stname":"TAMIL NADU","dtname":"Ramanathapuram","sdtname":"Tiruvadanai","vilname11":"T.Nagani","vil_lgd":641778,"dist_lgd":583,"state_lgd":33,"gp_code":227533,"gp_name":"T. NAGANI","subdt_lgd":5855,"block_name":"TIRUVADANAI","block_lgd":6287,"Remark":null,"ac_no":210,"test":null,"shape_Length":27142.793683062075,"shape_Area":14863832.310332304}},{"arcs":[[-1164,-1136,-1129,-1150,-1138,1169,1170]],"type":"Polygon","properties":{"OBJECTID":396533,"vilnam_soi":"MALANUR","stcode11":"33","dtcode11":"626","sdtcode11":"05855","vilcode11":"641788","stname":"TAMIL NADU","dtname":"Ramanathapuram","sdtname":"Tiruvadanai","vilname11":" ","vil_lgd":641788,"dist_lgd":583,"state_lgd":33,"gp_code":227506,"gp_name":"Kattivayal","subdt_lgd":5855,"block_name":"TIRUVADANAI","block_lgd":6287,"Remark":null,"ac_no":210,"test":null,"shape_Length":21049.067841337233,"shape_Area":8462991.238015296}},{"arcs":[[1171,1172]],"type":"Polygon","properties":{"OBJECTID":396541,"vilnam_soi":"MARUNGUR","stcode11":"33","dtcode11":"626","sdtcode11":"05855","vilcode11":"641862","stname":"TAMIL NADU","dtname":"Ramanathapuram","sdtname":"Tiruvadanai","vilname11":"Sundarapandianpattinam (CT)","vil_lgd":641862,"dist_lgd":583,"state_lgd":33,"gp_code":227532,"gp_name":"SUNDARAPANDIANPATTINAM","subdt_lgd":5855,"block_name":"TIRUVADANAI","block_lgd":6287,"Remark":null,"ac_no":210,"test":null,"shape_Length":10497.471471887617,"shape_Area":4620192.874642428}},{"arcs":[[-1172,1173,-1156,-1163,1174,1175]],"type":"Polygon","properties":{"OBJECTID":396544,"vilnam_soi":"MARUNGUR","stcode11":"33","dtcode11":"626","sdtcode11":"05855","vilcode11":"641785","stname":"TAMIL NADU","dtname":"Ramanathapuram","sdtname":"Tiruvadanai","vilname11":"Marungur  (Part)","vil_lgd":641785,"dist_lgd":583,"state_lgd":33,"gp_code":227529,"gp_name":"Pullakkadamban","subdt_lgd":5855,"block_name":"TIRUVADANAI","block_lgd":6287,"Remark":null,"ac_no":210,"test":null,"shape_Length":15826.650459051974,"shape_Area":9867626.624392133}},{"arcs":[[1176,-1170,-1140,-1152,-1160,1177,1178]],"type":"Polygon","properties":{"OBJECTID":396554,"vilnam_soi":"N GARIKATIAN","stcode11":"33","dtcode11":"626","sdtcode11":"05855","vilcode11":"641789","stname":"TAMIL NADU","dtname":"Ramanathapuram","sdtname":"Tiruvadanai","vilname11":" ","vil_lgd":641789,"dist_lgd":583,"state_lgd":33,"gp_code":227516,"gp_name":"Nagarikathan","subdt_lgd":5855,"block_name":"TIRUVADANAI","block_lgd":6287,"Remark":null,"ac_no":210,"test":null,"shape_Length":18682.74541160877,"shape_Area":11345522.258156132}},{"arcs":[[-1178,-1162,1179,1180,1181]],"type":"Polygon","properties":{"OBJECTID":396566,"vilnam_soi":"KATTIMANGALAM","stcode11":"33","dtcode11":"626","sdtcode11":"05855","vilcode11":"641780","stname":"TAMIL NADU","dtname":"Ramanathapuram","sdtname":"Tiruvadanai","vilname11":"Kattimangalam","vil_lgd":641780,"dist_lgd":583,"state_lgd":33,"gp_code":227497,"gp_name":"Arasathur","subdt_lgd":5855,"block_name":"TIRUVADANAI","block_lgd":6287,"Remark":null,"ac_no":210,"test":null,"shape_Length":10425.254231969822,"shape_Area":5039243.586640182}},{"arcs":[[1182,1183,-1165,-1171,-1177,1184,1185]],"type":"Polygon","properties":{"OBJECTID":396588,"vilnam_soi":"NILAMALAGIYAMANGALAM","stcode11":"33","dtcode11":"626","sdtcode11":"05855","vilcode11":"641787","stname":"TAMIL NADU","dtname":"Ramanathapuram","sdtname":"Tiruvadanai","vilname11":"Nilamalagiyamangalam","vil_lgd":641787,"dist_lgd":583,"state_lgd":33,"gp_code":227519,"gp_name":"Nilamalgiyamangalam","subdt_lgd":5855,"block_name":"TIRUVADANAI","block_lgd":6287,"Remark":null,"ac_no":210,"test":null,"shape_Length":11284.370498787825,"shape_Area":4270532.336104368}},{"arcs":[[-1180,-1161,-1159,-1167,1186,1187]],"type":"Polygon","properties":{"OBJECTID":396589,"vilnam_soi":"SIRUMALAIKKOTTAI","stcode11":"33","dtcode11":"626","sdtcode11":"05855","vilcode11":"641779","stname":"TAMIL NADU","dtname":"Ramanathapuram","sdtname":"Tiruvadanai","vilname11":"Sirumalaikkottai","vil_lgd":641779,"dist_lgd":583,"state_lgd":33,"gp_code":227511,"gp_name":"Kunjangulam","subdt_lgd":5855,"block_name":"TIRUVADANAI","block_lgd":6287,"Remark":null,"ac_no":210,"test":null,"shape_Length":28390.657161322375,"shape_Area":18079423.33990143}},{"arcs":[[1188,-1186,1189,1190]],"type":"Polygon","properties":{"OBJECTID":396619,"vilnam_soi":"CHITTAMANGALAM","stcode11":"33","dtcode11":"626","sdtcode11":"05855","vilcode11":"641782","stname":"TAMIL NADU","dtname":"Ramanathapuram","sdtname":"Tiruvadanai","vilname11":"Chittamangalam","vil_lgd":641782,"dist_lgd":583,"state_lgd":33,"gp_code":227495,"gp_name":"Andavoorani","subdt_lgd":5855,"block_name":"TIRUVADANAI","block_lgd":6287,"Remark":null,"ac_no":210,"test":null,"shape_Length":5928.543784709997,"shape_Area":2226141.4478018354}},{"arcs":[[-1175,-1166,-1184,1191,1192]],"type":"Polygon","properties":{"OBJECTID":396623,"vilnam_soi":"ORIYUR","stcode11":"33","dtcode11":"626","sdtcode11":"05855","vilcode11":"641784","stname":"TAMIL NADU","dtname":"Ramanathapuram","sdtname":"Tiruvadanai","vilname11":"Orur","vil_lgd":641784,"dist_lgd":583,"state_lgd":33,"gp_code":227521,"gp_name":"ORIUR","subdt_lgd":5855,"block_name":"TIRUVADANAI","block_lgd":6287,"Remark":null,"ac_no":210,"test":null,"shape_Length":22610.818841081473,"shape_Area":13437960.455061965}},{"arcs":[[-1190,-1185,-1179,-1182,1193,1194]],"type":"Polygon","properties":{"OBJECTID":396631,"vilnam_soi":"PANICHCHAKUDI","stcode11":"33","dtcode11":"626","sdtcode11":"05855","vilcode11":"641781","stname":"TAMIL NADU","dtname":"Ramanathapuram","sdtname":"Tiruvadanai","vilname11":"Panichagudi","vil_lgd":641781,"dist_lgd":583,"state_lgd":33,"gp_code":227495,"gp_name":"Andavoorani","subdt_lgd":5855,"block_name":"TIRUVADANAI","block_lgd":6287,"Remark":null,"ac_no":210,"test":null,"shape_Length":10952.779745258793,"shape_Area":6772599.300380818}},{"arcs":[[1195,1196,1197,-1187,-1169,1198]],"type":"Polygon","properties":{"OBJECTID":396632,"vilnam_soi":"TIRUVADANAI","stcode11":"33","dtcode11":"626","sdtcode11":"05855","vilcode11":"641776","stname":"TAMIL NADU","dtname":"Ramanathapuram","sdtname":"Tiruvadanai","vilname11":"Neyvayal","vil_lgd":641776,"dist_lgd":583,"state_lgd":33,"gp_code":227518,"gp_name":"NEYVAYAL","subdt_lgd":5855,"block_name":"TIRUVADANAI","block_lgd":6287,"Remark":null,"ac_no":210,"test":null,"shape_Length":24533.98406839938,"shape_Area":14082276.838433784}},{"arcs":[[-1197,1199,1200]],"type":"Polygon","properties":{"OBJECTID":396641,"vilnam_soi":"TUTIAKUDI","stcode11":"33","dtcode11":"626","sdtcode11":"05855","vilcode11":"641775","stname":"TAMIL NADU","dtname":"Ramanathapuram","sdtname":"Tiruvadanai","vilname11":"Tuthagudi","vil_lgd":641775,"dist_lgd":583,"state_lgd":33,"gp_code":227538,"gp_name":"Thuthakudi","subdt_lgd":5855,"block_name":"TIRUVADANAI","block_lgd":6287,"Remark":null,"ac_no":210,"test":null,"shape_Length":7106.414071277026,"shape_Area":3379473.6838561106}},{"arcs":[[1201,-1194,-1181,-1188,1202,1203]],"type":"Polygon","properties":{"OBJECTID":396696,"vilnam_soi":"MANGALAKKUDI","stcode11":"33","dtcode11":"626","sdtcode11":"05855","vilcode11":"641774","stname":"TAMIL NADU","dtname":"Ramanathapuram","sdtname":"Tiruvadanai","vilname11":"Mangalagudi","vil_lgd":641774,"dist_lgd":583,"state_lgd":33,"gp_code":227512,"gp_name":"Mangalakkudi","subdt_lgd":5855,"block_name":"TIRUVADANAI","block_lgd":6287,"Remark":null,"ac_no":210,"test":null,"shape_Length":18540.54938690533,"shape_Area":13345248.87023868}},{"arcs":[[-1192,-1183,-1189,1204,1205]],"type":"Polygon","properties":{"OBJECTID":396709,"vilnam_soi":"SIRUKAMBAYUR","stcode11":"33","dtcode11":"626","sdtcode11":"05855","vilcode11":"641783","stname":"TAMIL NADU","dtname":"Ramanathapuram","sdtname":"Tiruvadanai","vilname11":"Sirugambaiyur","vil_lgd":641783,"dist_lgd":583,"state_lgd":33,"gp_code":227530,"gp_name":"Sirugambaiyur","subdt_lgd":5855,"block_name":"TIRUVADANAI","block_lgd":6287,"Remark":null,"ac_no":210,"test":null,"shape_Length":20097.31760015137,"shape_Area":12285492.971842602}},{"arcs":[[1206,-1207,1207,-1205,-1191,1208,1209]],"type":"Polygon","properties":{"OBJECTID":396742,"vilnam_soi":"PAGANUR","stcode11":"33","dtcode11":"626","sdtcode11":"05855","vilcode11":"641772","stname":"TAMIL NADU","dtname":"Ramanathapuram","sdtname":"Tiruvadanai","vilname11":"Paganur","vil_lgd":641772,"dist_lgd":583,"state_lgd":33,"gp_code":227522,"gp_name":"PAGANUR","subdt_lgd":5855,"block_name":"TIRUVADANAI","block_lgd":6287,"Remark":null,"ac_no":210,"test":null,"shape_Length":19007.72045577947,"shape_Area":10837722.597615851}},{"arcs":[[-1209,-1195,-1202,1210,1211]],"type":"Polygon","properties":{"OBJECTID":396745,"vilnam_soi":"KIKKUDI","stcode11":"33","dtcode11":"626","sdtcode11":"05855","vilcode11":"641773","stname":"TAMIL NADU","dtname":"Ramanathapuram","sdtname":"Tiruvadanai","vilname11":" ","vil_lgd":641773,"dist_lgd":583,"state_lgd":33,"gp_code":227509,"gp_name":"Kookudi","subdt_lgd":5855,"block_name":"TIRUVADANAI","block_lgd":6287,"Remark":null,"ac_no":210,"test":null,"shape_Length":19643.31711076079,"shape_Area":10382672.583735261}},{"arcs":[[-1211,-1204,1212,1213,1214]],"type":"Polygon","properties":{"OBJECTID":396764,"vilnam_soi":"NIRKKUNDRAM","stcode11":"33","dtcode11":"626","sdtcode11":"05855","vilcode11":"641770","stname":"TAMIL NADU","dtname":"Ramanathapuram","sdtname":"Tiruvadanai","vilname11":"Nirkumdram","vil_lgd":641770,"dist_lgd":583,"state_lgd":33,"gp_code":227509,"gp_name":"Kookudi","subdt_lgd":5855,"block_name":"TIRUVADANAI","block_lgd":6287,"Remark":null,"ac_no":210,"test":null,"shape_Length":11684.759873334579,"shape_Area":6246973.43961567}},{"arcs":[[1215,-1200,-1196,1216]],"type":"Polygon","properties":{"OBJECTID":396784,"vilnam_soi":"PALANGULAM","stcode11":"33","dtcode11":"626","sdtcode11":"05855","vilcode11":"641768","stname":"TAMIL NADU","dtname":"Ramanathapuram","sdtname":"Tiruvadanai","vilname11":"Palangulam","vil_lgd":641768,"dist_lgd":583,"state_lgd":33,"gp_code":227523,"gp_name":"Palangulam","subdt_lgd":5855,"block_name":"TIRUVADANAI","block_lgd":6287,"Remark":null,"ac_no":210,"test":null,"shape_Length":19550.459147071473,"shape_Area":10041705.562490875}},{"arcs":[[-1213,-1203,-1198,-1201,-1216,1217]],"type":"Polygon","properties":{"OBJECTID":396806,"vilnam_soi":"KADAMBUR","stcode11":"33","dtcode11":"626","sdtcode11":"05855","vilcode11":"641769","stname":"TAMIL NADU","dtname":"Ramanathapuram","sdtname":"Tiruvadanai","vilname11":"Kadambur","vil_lgd":641769,"dist_lgd":583,"state_lgd":33,"gp_code":227500,"gp_name":"KADAMBUR","subdt_lgd":5855,"block_name":"TIRUVADANAI","block_lgd":6287,"Remark":null,"ac_no":210,"test":null,"shape_Length":29054.498087714623,"shape_Area":13965468.754403913}},{"arcs":[[-1207,-1210,-1212,-1215,1218]],"type":"Polygon","properties":{"OBJECTID":396847,"vilnam_soi":"KATTAVILAGAM","stcode11":"33","dtcode11":"626","sdtcode11":"05855","vilcode11":"641771","stname":"TAMIL NADU","dtname":"Ramanathapuram","sdtname":"Tiruvadanai","vilname11":"Kattavilagam","vil_lgd":641771,"dist_lgd":583,"state_lgd":33,"gp_code":227505,"gp_name":"Kattavilagam","subdt_lgd":5855,"block_name":"TIRUVADANAI","block_lgd":6287,"Remark":null,"ac_no":210,"test":null,"shape_Length":19583.35569821128,"shape_Area":12003229.751016619}},{"arcs":[[-118,-183,-144,-90,-72,1219]],"type":"Polygon","properties":{"OBJECTID":411841,"vilnam_soi":"PERUNALI","stcode11":"33","dtcode11":"626","sdtcode11":"05858","vilcode11":"642049","stname":"TAMIL NADU","dtname":"Ramanathapuram","sdtname":"Kamuthi","vilname11":"Perunali","vil_lgd":642049,"dist_lgd":583,"state_lgd":33,"gp_code":227237,"gp_name":"Perunali","subdt_lgd":5858,"block_name":"KAMUDI","block_lgd":6279,"Remark":null,"ac_no":212,"test":null,"shape_Length":20494.910059557653,"shape_Area":13279783.645809243}},{"arcs":[[1220,-878,-855,-867,-880,-913,-945,-959]],"type":"Polygon","properties":{"OBJECTID":411847,"vilnam_soi":"VALAMAVUR","stcode11":"33","dtcode11":"626","sdtcode11":"05855","vilcode11":"641860","stname":"TAMIL NADU","dtname":"Ramanathapuram","sdtname":"Tiruvadanai","vilname11":"Valamavur","vil_lgd":641860,"dist_lgd":583,"state_lgd":33,"gp_code":227415,"gp_name":"Kavanoor","subdt_lgd":5855,"block_name":"RAJASINGAMANGALAM","block_lgd":6284,"Remark":null,"ac_no":210,"test":null,"shape_Length":16997.524340480202,"shape_Area":7958866.411387211}}]}}}