{"type":"Topology","arcs":[[[11365,51438],[-207,-889]],[[11158,50549],[-120,157]],[[11038,50706],[327,732]],[[11877,43469],[-730,-976],[-425,52]],[[10722,42545],[327,1099]],[[11049,43644],[828,-175]],[[37539,72641],[349,87],[218,820],[-87,540],[425,244]],[[38444,74332],[381,-523],[588,663]],[[39413,74472],[186,-889],[-22,-785],[294,-715],[-479,-575]],[[39392,71508],[-1025,-733],[-479,-1517]],[[37888,69258],[-883,942]],[[37005,70200],[-163,907],[-251,156],[534,1134],[414,244]],[[35414,45231],[1450,488]],[[36864,45719],[1165,279]],[[38029,45998],[240,-663],[458,262]],[[38727,45597],[294,-541]],[[39021,45056],[11,-104]],[[39032,44952],[-349,-18],[-512,-1151],[240,-680],[-382,-959],[589,-837]],[[38618,41307],[-490,-802]],[[38128,40505],[-1156,523]],[[36972,41028],[-730,471]],[[36242,41499],[-642,628],[250,401],[-490,2685]],[[35360,45213],[54,18]],[[31415,65161],[98,-2424]],[[31513,62737],[-65,-1186]],[[31448,61551],[-1090,-174],[-643,-366],[-76,-541]],[[29639,60470],[-774,1168]],[[28865,61638],[382,1047],[76,1081],[-349,1028]],[[28974,64794],[578,-34],[436,976]],[[29988,65736],[1427,87]],[[31415,65823],[0,-662]],[[15550,69834],[-98,-855],[-327,-558]],[[15125,68421],[-175,-662]],[[14950,67759],[-239,139]],[[14711,67898],[-175,855],[-1089,401]],[[13447,69154],[-284,645],[55,1464],[861,-122],[1471,-1307]],[[19974,55222],[534,-680],[-556,-750],[-480,-70]],[[19472,53722],[-414,1099]],[[19058,54821],[916,401]],[[31916,70984],[-915,332],[-926,70],[-240,732]],[[29835,72118],[360,244],[283,907],[283,52]],[[30761,73321],[175,-453],[708,-733],[272,-1151]],[[30434,81621],[-1013,-1012]],[[29421,80609],[-109,2058],[436,-227],[686,-819]],[[45014,99336],[-109,-436],[-708,-1255]],[[44197,97645],[-479,-767]],[[43718,96878],[-371,209],[-44,1116],[-937,1011]],[[42366,99214],[447,541],[545,-140]],[[43358,99615],[588,384],[1068,-663]],[[43718,96878],[-600,-1081]],[[43118,95797],[-261,139]],[[42857,95936],[-382,401],[-414,1308],[305,1569]],[[41636,93112],[-446,-524]],[[41190,92588],[-600,1552]],[[40590,94140],[708,279]],[[41298,94419],[338,-1307]],[[42813,84201],[687,-348],[1754,-576],[272,297]],[[45526,83574],[327,-855],[730,-558],[600,-994],[120,-976]],[[47303,80191],[-894,-52],[-893,-977],[-229,-697],[-676,-18],[-403,401],[-316,-418]],[[43892,78430],[-371,680],[-370,1360]],[[43151,80470],[-272,523],[-153,907],[-490,279],[-513,-436],[-806,418]],[[40917,82161],[-665,768]],[[40252,82929],[469,331],[-65,1046]],[[40656,84306],[218,453]],[[40874,84759],[403,-383],[1024,157],[512,-332]],[[14950,67759],[512,-297],[829,-139]],[[16291,67323],[141,-1238],[654,-593]],[[17086,65492],[283,-802],[1199,-244]],[[18568,64446],[131,-105]],[[18699,64341],[-1079,-139],[-806,453],[-1254,-279]],[[15560,64376],[-1732,994]],[[13828,65370],[11,453]],[[13839,65823],[403,1796],[469,279]],[[15855,50252],[-600,175]],[[15255,50427],[-305,1691]],[[14950,52118],[273,558],[-839,541]],[[14384,53217],[218,488]],[[14602,53705],[174,331]],[[14776,54036],[349,-17],[926,-802]],[[16051,53217],[207,-768],[-55,-1743],[-348,-454]],[[38389,46033],[338,-436]],[[38029,45998],[360,35]],[[39032,44952],[425,-942],[-153,-488],[305,-558],[-43,-628],[-599,-1133]],[[38967,41203],[-349,104]],[[38237,77785],[-142,-35]],[[38095,77750],[-490,-87],[-447,279]],[[37158,77942],[501,35],[76,680],[600,941]],[[38335,79598],[305,-1308],[-403,-505]],[[12128,34420],[-338,-279],[-1188,-471],[-21,-488],[-643,-820],[229,-1517],[-556,-715]],[[9611,30130],[-752,-453]],[[8859,29677],[-360,157],[-392,-384],[-370,384]],[[7737,29834],[-676,506]],[[7061,30340],[-33,1255]],[[7028,31595],[-87,593],[273,453]],[[7214,32641],[1002,1134]],[[8216,33775],[1460,1081],[120,819]],[[9796,35675],[512,0],[709,1116]],[[11017,36791],[381,-488]],[[11398,36303],[98,-471],[741,-924],[-109,-488]],[[26021,49293],[523,-418],[305,-837],[916,-1308],[425,-959],[817,-244]],[[29007,45527],[-120,-1430],[-272,-523]],[[28615,43574],[-186,-540]],[[28429,43034],[-501,-715],[-980,-70],[174,-1221]],[[27122,41028],[-719,1988],[-403,767],[-77,890],[-1166,1063]],[[24757,45736],[-403,1151]],[[24354,46887],[55,419]],[[24409,47306],[261,296],[120,854]],[[24790,48456],[512,523],[719,314]],[[17522,28980],[109,-698]],[[17631,28282],[-1275,-1656],[-632,0]],[[15724,26626],[207,1046],[-294,593]],[[15637,28265],[305,453],[1264,750]],[[17206,29468],[316,-488]],[[49907,63260],[-1090,-1744]],[[48817,61516],[-207,105]],[[48610,61621],[-490,767]],[[48120,62388],[-305,1099],[76,1430]],[[47891,64917],[131,-18]],[[48022,64899],[283,-87],[948,-1221],[654,-331]],[[28800,36983],[-436,-296],[207,-890],[-784,-34],[-295,767],[-762,331],[-327,-401],[-741,349]],[[25662,36809],[-131,662],[567,977]],[[26098,38448],[239,296],[959,-209],[185,-698],[480,541]],[[27961,38378],[261,192]],[[28222,38570],[534,-331],[-174,-994],[218,-262]],[[26174,74402],[-11,-1098],[577,-855]],[[26740,72449],[164,-471],[-196,-627]],[[26708,71351],[-458,470],[-719,279],[-501,-104]],[[25030,71996],[-349,-471]],[[24681,71525],[-752,1552]],[[23929,73077],[-697,750],[-44,418]],[[23188,74245],[687,1151],[65,1238]],[[23940,76634],[153,314],[1231,122]],[[25324,77070],[76,-942],[371,-1464],[403,-262]],[[30347,79267],[480,366],[523,-35],[773,-628]],[[32123,78970],[338,-802]],[[32461,78168],[-141,-488],[-720,-680]],[[31600,77000],[-708,-662],[-741,-367],[-643,332],[-664,610]],[[28844,76913],[21,1290],[-555,1325]],[[28310,79528],[-349,314]],[[27961,79842],[-11,18]],[[27950,79860],[11,-18]],[[27961,79842],[1144,558]],[[29105,80400],[207,-889],[621,-959],[785,174],[-371,541]],[[20540,30218],[-272,959],[-436,767],[-283,1081],[-621,645]],[[18928,33670],[141,471],[-316,1133],[229,210]],[[18982,35484],[1340,-646],[1613,-1586],[294,-175]],[[22229,33077],[11,-1360],[-763,-1116]],[[21477,30601],[-937,-383]],[[18176,65196],[98,784]],[[18274,65980],[534,-35],[229,-610]],[[19037,65335],[-208,-610]],[[18829,64725],[-653,471]],[[42366,61638],[-948,-1203],[-370,-17]],[[41048,60418],[-109,732],[-403,1099],[327,69],[381,1082],[806,52]],[[42050,63452],[142,-1430],[174,-384]],[[13076,67445],[22,-471],[741,-1151]],[[13828,65370],[-665,-314]],[[13163,65056],[-250,87]],[[12913,65143],[-251,331],[-643,-418],[-512,558]],[[11507,65614],[501,1569],[349,279],[719,-17]],[[38040,68508],[1221,-17],[948,-1133]],[[40209,67358],[294,-419]],[[40503,66939],[-131,-1063]],[[40372,65876],[-327,17]],[[40045,65893],[-501,436],[-719,139],[-621,-348],[250,-872]],[[38454,65248],[-1035,349],[-359,523],[-44,697],[-534,488],[-556,192],[-65,680]],[[35861,68177],[654,628]],[[36515,68805],[468,-610],[-250,-750],[490,-192],[654,680],[163,575]],[[9883,49468],[218,-890]],[[10101,48578],[-305,314]],[[9796,48892],[11,227]],[[9807,49119],[76,349]],[[20453,76181],[229,-1657]],[[20682,74524],[-436,-296],[-948,-1901],[-469,-471]],[[18829,71856],[22,314],[-566,698]],[[18285,72868],[348,401],[88,1464],[1013,1081],[109,489],[610,-122]],[[36896,77018],[-338,0],[-228,645],[370,540]],[[36700,78203],[349,-680],[-153,-505]],[[2724,45126],[-207,-959],[1112,-1343]],[[3629,42824],[-654,53],[-458,-244],[-741,401]],[[1776,43034],[87,2092],[567,296],[294,-296]],[[14046,52641],[-382,140],[-937,-279],[-1198,296],[-937,628]],[[10592,53426],[871,1081]],[[11463,54507],[425,-35]],[[11888,54472],[382,-262],[969,279],[567,-592],[392,34]],[[14198,53931],[404,-226]],[[14384,53217],[-338,-576]],[[9883,49468],[730,35],[131,802]],[[10744,50305],[512,-471]],[[11256,49834],[-436,-663],[1101,-2040]],[[11921,47131],[-305,-331]],[[11616,46800],[-360,575],[-1155,1203]],[[28310,79528],[11,-1691],[-99,-994]],[[28222,76843],[-119,663],[-556,872]],[[27547,78378],[-926,1708]],[[26621,80086],[425,715],[904,-941]],[[29835,59912],[523,558],[436,-314],[185,-959]],[[30979,59197],[-632,-174]],[[30347,59023],[-512,889]],[[32385,59912],[-479,-767]],[[31906,59145],[-927,52]],[[29835,59912],[-196,558]],[[31448,61551],[22,-662],[577,-157],[338,-820]],[[32712,54402],[752,-314]],[[33464,54088],[-196,-680],[207,-2179],[-883,-401],[-218,-715]],[[32374,50113],[-523,453],[-676,-87],[-566,575],[-294,-52]],[[30315,51002],[-404,314],[-294,1151]],[[29617,52467],[229,-35],[861,750],[883,244],[555,-122],[567,1098]],[[22295,63923],[120,-890]],[[22415,63033],[-491,-540],[-882,-244]],[[21042,62249],[-229,645]],[[20813,62894],[850,1029],[632,0]],[[11017,36791],[98,1587]],[[11115,38378],[490,0]],[[11605,38378],[283,-70]],[[11888,38308],[698,140],[185,-314]],[[12771,38134],[403,-1011],[338,-245]],[[13512,36878],[65,-714]],[[13577,36164],[-1187,-88],[-992,227]],[[11921,47131],[599,-314]],[[12520,46817],[240,419]],[[12760,47236],[76,418]],[[12836,47654],[360,210]],[[13196,47864],[174,-349]],[[13370,47515],[153,-262]],[[13523,47253],[468,-157],[229,-1081]],[[14220,46015],[55,-1656],[-175,-419]],[[14100,43940],[-675,210],[-523,-332]],[[12902,43818],[-371,977],[-621,610],[0,1064],[-294,331]],[[11845,57105],[-523,976],[-66,802],[-545,105]],[[10711,58988],[-1209,-139]],[[9502,58849],[174,558],[1123,279],[152,296],[44,1848],[359,872]],[[11354,62702],[523,-2389],[1689,-715],[186,-505],[544,-523]],[[14296,58570],[-348,-1238],[-501,-890]],[[13447,56442],[-1602,663]],[[13163,65056],[175,-174],[-109,-1273],[741,-70]],[[13970,63539],[152,-942],[-109,-645],[294,-715],[730,471]],[[15037,61708],[88,-854]],[[15125,60854],[-578,-384],[-131,-1220]],[[14416,59250],[-120,-680]],[[11354,62702],[-283,558],[272,698]],[[11343,63958],[327,-890],[1003,1116],[240,959]],[[11343,63975],[0,-17]],[[9502,58849],[-283,-35]],[[9219,58814],[-88,1586],[33,1535],[273,261],[316,942],[784,1412],[806,-575]],[[17707,55152],[-534,262]],[[17173,55414],[-338,17]],[[16835,55431],[-250,715],[-621,-279],[-632,35],[-218,-1064],[-338,-802]],[[14198,53931],[306,1047],[-66,418],[-991,1046]],[[14416,59250],[839,122],[545,470]],[[15800,59842],[316,-802],[1319,-854],[523,35]],[[17958,58221],[-120,-1325],[338,-384]],[[18176,56512],[-77,-645]],[[18099,55867],[-392,-715]],[[25073,40209],[-2135,209]],[[22938,40418],[-316,907],[-502,732]],[[22120,42057],[22,366],[850,837],[512,837],[719,576],[534,1063]],[[27122,41028],[0,-52]],[[27122,40976],[-142,-279],[-784,244],[-741,-854],[-382,122]],[[34499,59058],[1013,52]],[[35512,59110],[360,-471],[-153,-1081],[316,-1639]],[[36035,55919],[-163,-331]],[[35872,55588],[-697,-488],[-1199,575]],[[33976,55675],[-87,1273],[163,471]],[[34052,57419],[447,1639]],[[22120,42057],[-359,-192],[-142,-1325]],[[21619,40540],[-153,87],[-1089,-1063],[-425,505],[-545,35]],[[19407,40104],[-447,2441],[-468,1639]],[[18492,44184],[632,628]],[[19124,44812],[1198,-174],[338,-244]],[[20660,44394],[-207,-750],[403,-488],[1264,-1099]],[[18274,65980],[109,401]],[[18383,66381],[196,454],[534,313]],[[19113,67148],[1024,1151]],[[20137,68299],[567,-1081]],[[20704,67218],[-33,-854]],[[20671,66364],[-381,-140],[-1253,-889]],[[49318,67131],[-43,-628],[-1406,384],[-425,-593]],[[47444,66294],[-1144,1726]],[[46300,68020],[534,1343]],[[46834,69363],[1471,-1064],[360,-750],[653,-418]],[[23188,74245],[-654,262],[-250,383]],[[22284,74890],[98,1448],[-131,1185]],[[22251,77523],[1068,-87],[11,-401],[610,-401]],[[28026,57611],[-512,-297],[-675,175],[-436,488]],[[26403,57977],[-1035,1185],[-120,593],[163,1046]],[[25411,60801],[1035,925]],[[26446,61726],[436,-541],[861,-1482],[414,-262]],[[28157,59441],[-131,-1830]],[[27874,31159],[686,-1081],[305,-1116]],[[28865,28962],[-773,-366],[-186,-785],[-621,-558]],[[27285,27253],[-1471,1866],[120,977]],[[25934,30096],[676,34],[239,402],[1025,627]],[[24670,25301],[-1035,1621],[-480,279],[-468,-645]],[[22687,26556],[327,837],[-218,436],[218,1255]],[[23014,29084],[654,576],[643,-454],[1024,436],[599,454]],[[27285,27253],[-185,-1098],[-621,35],[-654,-645],[-632,-332],[-523,88]],[[32810,82772],[283,-872]],[[33093,81900],[-250,-314],[-153,-907]],[[32690,80679],[-294,-366]],[[32396,80313],[-632,366],[-926,279],[-131,297]],[[30707,81255],[1460,1412],[643,105]],[[33976,81499],[-381,-907]],[[33595,80592],[-905,87]],[[33093,81900],[883,-401]],[[10711,58988],[-32,-802],[-403,-593],[-349,-1621]],[[9927,55972],[-872,296],[-43,610],[-469,122]],[[8543,57000],[872,1291],[-196,523]],[[15255,50427],[-675,-35],[-447,-541],[-948,593]],[[13185,50444],[588,576],[55,924]],[[13828,51944],[458,-541],[664,715]],[[32973,79180],[1003,453]],[[33976,79633],[621,-1325]],[[34597,78308],[-142,-698],[-752,-959],[175,-871]],[[33878,75780],[-273,592],[-675,262],[-371,575],[-98,959]],[[32123,78970],[850,210]],[[24409,55605],[185,-610],[447,-401]],[[25041,54594],[-327,-488]],[[24714,54106],[-730,-262],[-567,558]],[[23417,54402],[-87,994],[-469,1308]],[[22861,56704],[839,-70],[709,-1029]],[[27122,40976],[207,-645],[-120,-541],[447,-906]],[[27656,38884],[305,-506]],[[26098,38448],[-1101,52]],[[24997,38500],[163,994],[-87,715]],[[5721,35832],[893,-1534],[87,-994]],[[6701,33304],[-1089,227],[-338,627]],[[5274,34158],[-327,593],[-501,401]],[[4446,35152],[414,1151]],[[4860,36303],[741,-139],[120,-314]],[[5721,35850],[0,-18]],[[22295,63923],[54,1377]],[[22349,65300],[-261,924],[-654,558]],[[21434,66782],[-76,890],[675,-88],[490,-505]],[[22523,67079],[872,-244]],[[23395,66835],[0,-541]],[[23395,66294],[-87,-1116],[174,-540],[-381,-663]],[[23101,63975],[-262,-698],[284,-819]],[[23123,62458],[-708,575]],[[27874,76198],[730,-384],[763,70],[653,-227],[1003,-732],[22,-662]],[[31045,74263],[-77,-123]],[[30968,74140],[-43,192],[-1384,611],[-599,-262],[-556,140],[0,575],[-632,488]],[[27754,75884],[120,314]],[[40274,60052],[0,-18]],[[40274,60034],[-98,-174]],[[40176,59860],[-545,540]],[[39631,60400],[643,576],[284,-541],[-284,-383]],[[19145,59738],[-348,52]],[[18797,59790],[240,715]],[[19037,60505],[108,-767]],[[12520,46817],[240,419]],[[14079,38099],[-208,-87]],[[13871,38012],[208,87]],[[11158,50549],[610,-628]],[[11768,49921],[22,-349]],[[11790,49572],[-534,262]],[[10744,50305],[218,313]],[[10962,50618],[44,35]],[[11006,50653],[32,53]],[[27220,68944],[-229,349],[-1177,-174],[-1002,436]],[[24812,69555],[261,366],[-43,2075]],[[26708,71351],[741,-1064],[392,-174],[-142,-1064]],[[27699,69049],[-479,-105]],[[17958,58221],[348,279]],[[18306,58500],[1090,-820]],[[19396,57680],[-403,-523]],[[18993,57157],[-730,-157],[-87,-488]],[[33562,66364],[316,453]],[[33878,66817],[-316,-453]],[[39642,54280],[229,471]],[[39871,54751],[-229,-471]],[[22306,50741],[-109,-1273],[-371,-70],[-11,-854]],[[21815,48544],[-795,-680],[-284,-18]],[[20736,47846],[0,802],[-610,244]],[[20126,48892],[0,924],[578,715]],[[20704,50531],[610,-87],[992,297]],[[42464,59598],[-109,-226]],[[42355,59372],[109,226]],[[13370,47515],[153,-262]],[[18993,46835],[196,-750],[-174,-401],[109,-872]],[[18492,44184],[-458,-505]],[[18034,43679],[-1155,383],[-501,523]],[[16378,44585],[87,959],[-283,1483],[65,523]],[[16247,47550],[98,104]],[[16345,47654],[828,227],[774,558]],[[17947,48439],[1046,-1604]],[[28168,64271],[-371,-976],[360,-889]],[[28157,62406],[-970,-175]],[[27187,62231],[98,645],[-381,925],[87,575],[1177,-105]],[[48120,62388],[-926,-750],[-611,0]],[[46583,61638],[-904,-383]],[[45679,61255],[-512,-192]],[[45167,61063],[-436,523]],[[44731,61586],[163,1378]],[[44894,62964],[741,436],[785,767],[883,558]],[[47303,64725],[588,192]],[[17097,40715],[283,627]],[[17380,41342],[-283,-627]],[[38454,65248],[371,-889]],[[38825,64359],[-196,-1291]],[[38629,63068],[-839,593],[-218,-889],[-469,-488],[-250,-1012],[174,-872]],[[37027,60400],[-1177,-453],[-588,-436]],[[35262,59511],[316,488],[261,1029],[-708,855],[-1133,558],[-665,-157],[-839,-680],[381,-768],[-414,-854]],[[32461,59982],[-76,-70]],[[31513,62737],[1493,-35],[381,436],[404,1569],[-567,1203]],[[33224,65910],[1144,-523],[294,890],[839,1063],[-228,1134],[119,453]],[[35392,68927],[469,-750]],[[20540,30218],[-403,-2197]],[[20137,28021],[-316,52]],[[19821,28073],[98,506],[-250,767],[-404,436],[-882,87],[-240,1116],[-436,802],[-87,732],[185,942],[-218,244]],[[17587,33705],[850,-471],[491,436]],[[19821,28073],[-196,-52]],[[19625,28021],[-817,401],[-240,802],[-665,52],[-381,-296]],[[17206,29468],[-501,715],[-109,924],[741,2092],[-763,384]],[[16574,33583],[-741,401]],[[15833,33984],[610,628]],[[16443,34612],[436,35],[708,-942]],[[15048,35623],[948,384]],[[15996,36007],[458,-1012],[-11,-383]],[[15833,33984],[-414,-244]],[[15419,33740],[43,488],[-414,1395]],[[45864,52414],[-163,-924],[239,-1238],[349,-488]],[[46289,49764],[-436,-383],[-98,-593],[-632,-210]],[[45123,48578],[-131,1831]],[[44992,50409],[0,471],[360,1360]],[[45352,52240],[55,384]],[[45407,52624],[457,-210]],[[24953,61080],[458,-279]],[[26403,57977],[-730,-1046]],[[25673,56931],[-785,0]],[[24888,56931],[-1340,1499],[-1112,2267]],[[22436,60697],[719,366],[589,-575],[806,-18],[403,610]],[[11888,54472],[-141,767]],[[11747,55239],[904,175],[774,714],[22,314]],[[24670,25301],[-87,-628]],[[24583,24673],[-883,-558],[-414,-715],[-174,-837]],[[23112,22563],[-599,384],[-1068,174],[-66,732],[-294,611],[294,749],[11,611]],[[21390,25824],[305,1220]],[[21695,27044],[632,-122],[360,-366]],[[17489,40052],[207,331],[1548,-680],[163,401]],[[21619,40540],[207,-1308],[-349,-1482],[-730,-906]],[[20747,36844],[-207,-262],[-1460,-453]],[[19080,36129],[-850,157],[-22,767],[-577,1883]],[[17631,38936],[-142,1116]],[[37594,81063],[327,-610]],[[37921,80453],[414,-855]],[[37158,77942],[-458,261]],[[36700,78203],[-523,436]],[[36177,78639],[-54,1360],[610,1238],[861,-174]],[[14100,43940],[-795,-1203]],[[13305,42737],[-403,1081]],[[11071,30253],[-1340,-262],[-120,139]],[[12128,34420],[381,-488]],[[12509,33932],[-174,-419]],[[12335,33513],[-436,-401],[87,-976],[-479,-1622],[-436,-261]],[[29835,49625],[164,854],[316,523]],[[32374,50113],[-120,-593],[393,-1186]],[[32647,48334],[-1199,-296]],[[31448,48038],[-447,1621],[-1166,-34]],[[41941,94611],[458,-1639]],[[42399,92972],[-218,-384],[-545,524]],[[41298,94419],[-316,1099],[316,157],[643,-1064]],[[10962,50618],[44,35]],[[10156,52938],[32,401]],[[10188,53339],[55,-35]],[[10243,53304],[-87,-366]],[[10156,53530],[-294,-540],[261,-576],[371,227]],[[10494,52641],[490,-209],[327,-837]],[[11311,51595],[-1090,506],[-545,-837],[-730,401],[-54,366],[-752,139],[-87,1064],[-567,17]],[[7486,53251],[33,733],[1231,872]],[[8750,54856],[643,-175],[708,-680],[55,-471]],[[15724,26626],[0,-53]],[[15724,26573],[-534,-662],[-632,-279],[-305,-541]],[[14253,25091],[-1101,-157]],[[13152,24934],[87,454],[-773,122],[-392,889]],[[12074,26399],[141,1273],[948,70],[1166,-611],[665,18],[730,-523]],[[27155,73216],[-404,785],[218,262],[621,-401]],[[27590,73862],[-435,-646]],[[38923,85893],[22,-70]],[[38945,85823],[294,-1622],[251,-662]],[[39490,83539],[-404,122],[-1416,-192],[-1144,610]],[[36526,84079],[1035,2999]],[[37561,87078],[926,-959],[436,-226]],[[33595,80592],[403,-750]],[[33998,79842],[-22,-209]],[[32973,79180],[-577,1133]],[[30347,79267],[-632,418],[-294,890]],[[29421,80575],[0,34]],[[30434,81621],[273,-366]],[[34019,72972],[-152,-575],[479,-2877]],[[34346,69520],[-610,35],[-163,331]],[[33573,69886],[22,575],[-251,1744],[-643,1081],[-425,-401],[-512,715],[22,872]],[[31786,74472],[294,17]],[[32080,74489],[1820,-1151],[119,-366]],[[39392,71508],[228,-489],[513,0]],[[40133,71019],[250,-1464],[-11,-1395],[-163,-802]],[[38040,68508],[-152,750]],[[42029,68421],[544,-610],[22,-837]],[[42595,66974],[-305,-715],[-87,-1308]],[[42203,64951],[-381,-139],[-1199,227]],[[40623,65039],[-251,837]],[[40503,66939],[414,244],[556,942],[556,296]],[[35262,59511],[250,-401]],[[34499,59058],[-839,575],[-1199,349]],[[23123,62458],[141,-244]],[[23264,62214],[-991,-698],[-1406,-592]],[[20867,60924],[-65,470]],[[20802,61394],[240,855]],[[40252,82929],[-762,610]],[[38945,85823],[621,-488],[468,-785],[622,-244]],[[22643,50723],[-337,18]],[[20704,50531],[-316,244],[-98,837],[-251,244]],[[20039,51856],[-676,1099]],[[19363,52955],[44,35]],[[19407,52990],[621,662],[545,-331],[316,-872],[839,122]],[[21728,52571],[403,-261],[371,-698],[141,-889]],[[38444,74332],[163,802]],[[38607,75134],[-76,750],[-741,454],[305,1412]],[[38237,77785],[392,-279],[414,226]],[[39043,77732],[109,-1290],[392,-157],[55,-924],[-186,-889]],[[29835,49625],[-730,-419]],[[29105,49206],[-436,122]],[[28669,49328],[98,767],[-392,611],[-120,715]],[[28255,51421],[469,1081]],[[28724,52502],[893,-35]],[[27547,78378],[-501,-820],[-916,35],[-784,-523]],[[25346,77070],[-556,1447],[131,732],[773,1134],[927,-297]],[[18829,64725],[-261,-279]],[[17086,65492],[1090,-296]],[[27220,68944],[-262,-470]],[[26958,68474],[-577,-715]],[[26381,67759],[-708,-366],[-1428,889],[-479,-366]],[[23766,67916],[-502,854],[77,1273],[272,314]],[[23613,70357],[1199,-802]],[[11343,63958],[164,1656]],[[29988,65736],[-491,785],[-163,819],[-763,-244],[-305,558]],[[28266,67654],[44,907]],[[28310,68561],[316,488]],[[28626,69049],[893,-471],[-65,698],[937,383],[1122,-52],[556,-628]],[[32069,68979],[-98,-837]],[[31971,68142],[-283,-837],[-273,-1482]],[[40329,92030],[632,-1203],[773,-924]],[[41734,89903],[-174,-924],[-458,209],[-294,-383]],[[40808,88805],[-185,575],[-948,1535],[-425,906]],[[39250,91821],[686,907]],[[39936,92728],[393,-698]],[[8390,36181],[480,-331],[926,-175]],[[8216,33775],[-828,157]],[[7388,33932],[588,1098],[-250,436]],[[7726,35466],[664,715]],[[36820,75030],[109,-1012],[501,-645],[109,-732]],[[37005,70200],[-588,-663],[98,-732]],[[35392,68927],[-806,401]],[[34586,69328],[-240,192]],[[34019,72972],[556,209],[-436,1029],[-11,593]],[[34128,74803],[393,209]],[[34521,75012],[1068,523]],[[35589,75535],[839,122],[392,-627]],[[34128,74803],[-708,-157],[-665,488]],[[32755,75134],[-653,611],[-175,854],[-327,401]],[[33878,75780],[643,-768]],[[15560,64376],[-544,-1151],[-33,-1238]],[[14983,61987],[-621,1726],[-392,-174]],[[48392,91978],[-991,279],[-981,994],[-970,262],[87,-454]],[[45537,93059],[-381,332]],[[45156,93391],[-87,749]],[[45069,94140],[817,698]],[[45886,94838],[686,558],[1243,715]],[[47815,96111],[327,-1378],[109,-1116],[446,-331],[229,-907],[-534,-401]],[[37517,55135],[698,-245]],[[38215,54890],[1002,-366],[600,558]],[[39817,55082],[54,-331]],[[39642,54280],[-327,-645]],[[39315,53635],[-370,-384]],[[38945,53251],[-534,-279],[33,-889],[-578,-314],[-109,1203],[-403,925],[305,575],[-142,663]],[[39980,87933],[-109,-802]],[[39871,87131],[-403,-959],[-545,-279]],[[37561,87078],[-120,1570]],[[37441,88648],[1351,-959],[480,331],[708,-87]],[[28844,76913],[-622,-70]],[[31916,70322],[469,-802]],[[32385,69520],[-316,-541]],[[28626,69049],[-22,1761],[370,1203]],[[28974,72013],[720,-453],[457,-732],[1144,-541],[621,35]],[[27656,67863],[43,1186]],[[27699,69049],[611,-488]],[[28266,67654],[-610,209]],[[42737,71141],[501,-1726],[447,-610],[-578,-785],[-250,-889]],[[42857,67131],[-262,-157]],[[42029,68421],[130,855],[-109,1063]],[[42050,70339],[687,802]],[[23613,70357],[850,715],[218,453]],[[27656,67863],[-501,157],[-197,454]],[[16323,70200],[1569,-907]],[[17892,69293],[-534,-540],[-196,-524],[338,-557]],[[17500,67672],[-730,-35],[-76,959],[-284,401],[-544,-105],[-741,-471]],[[15550,69834],[773,366]],[[47215,90409],[-43,-1168],[-229,-576],[0,-1743]],[[46943,86922],[-1013,523],[-55,523]],[[45875,87968],[-109,889]],[[45766,88857],[109,1238],[480,523]],[[46355,90618],[860,-209]],[[16291,67323],[544,-87],[567,-558]],[[17402,66678],[338,-297],[643,0]],[[12902,43818],[-621,192],[-109,-453]],[[12172,43557],[-295,-88]],[[11049,43644],[-555,35],[-316,418]],[[10178,44097],[87,1709],[871,139],[22,454],[-1362,2493]],[[44785,71577],[-196,-627]],[[44589,70950],[-643,-35],[-348,784]],[[43598,71699],[795,611],[392,-733]],[[33224,65910],[338,454]],[[33878,66817],[22,523],[544,750],[142,1238]],[[33878,66817],[-327,610],[-621,471],[-959,244]],[[32385,69520],[240,-87],[948,453]],[[45679,61255],[11,-1046],[261,-384],[534,419],[458,-105]],[[46943,60139],[174,-523],[665,-610],[588,-157]],[[48370,58849],[-675,-1308],[-33,-401]],[[47662,57140],[-174,-175],[-1079,489],[-588,-297],[-578,384],[-251,-297]],[[44992,57244],[-228,0]],[[44764,57244],[-66,576]],[[44698,57820],[-32,279]],[[44666,58099],[588,872],[534,366],[-207,471],[-905,348]],[[44676,60156],[491,907]],[[33682,48491],[479,-959]],[[34161,47532],[382,-837],[-88,-697],[240,-1081]],[[34695,44917],[-490,436],[-883,-297],[-741,-784],[207,-279],[-1580,-1291]],[[31208,42702],[-185,506],[-458,70],[-697,662],[-294,-558],[-959,192]],[[29007,45527],[163,697]],[[29170,46224],[1842,262],[828,262],[-599,1063],[207,227]],[[32647,48334],[1035,157]],[[17707,55152],[-196,-1377],[479,-750]],[[17990,53025],[-784,-244]],[[17206,52781],[-458,313]],[[16748,53094],[578,140],[-185,976],[32,1204]],[[31415,65161],[392,-384],[447,157],[469,732],[501,244]],[[31916,70322],[0,662]],[[30761,73321],[207,819]],[[31045,74263],[185,401],[556,-192]],[[28026,57611],[763,-837]],[[28789,56774],[-425,-1081]],[[28364,55693],[-806,-576]],[[27558,55117],[-142,698],[-1002,488],[-741,628]],[[21979,69363],[653,-820],[-109,-1464]],[[21434,66782],[-730,436]],[[20137,68299],[164,523]],[[20301,68822],[-164,1291]],[[20137,70113],[599,52]],[[20736,70165],[1243,-802]],[[41135,53583],[763,-227],[338,-697],[653,87]],[[42889,52746],[-10,-733]],[[42879,52013],[-306,-104],[131,-1430],[360,-349],[283,-1639]],[[43347,48491],[-152,-314],[-774,-244],[-382,-767],[-174,-1360]],[[41865,45806],[-708,-35]],[[41157,45771],[-55,1866],[-1100,418],[-589,628],[-490,70]],[[38923,48753],[501,1534],[-98,1064],[-261,401],[-120,1499]],[[39315,53635],[175,-802],[446,-453],[1036,52],[163,1151]],[[27155,73216],[-415,-767]],[[26174,74402],[109,453],[784,489],[545,-367],[142,907]],[[29835,72118],[-316,540],[-414,35]],[[29105,72693],[425,820],[-185,488],[-937,-645],[-818,506]],[[20573,65405],[-970,-297],[-566,-697],[-338,-70]],[[20671,66364],[-98,-959]],[[22992,47759],[-261,-419],[-1166,-296],[-229,-314]],[[21336,46730],[-610,610]],[[20726,47340],[10,506]],[[21815,48544],[970,-70],[207,-715]],[[44992,50409],[-370,53],[-425,-524]],[[44197,49938],[-567,1221]],[[43630,51159],[937,750],[295,488],[490,-157]],[[18797,59790],[-371,18],[-239,-802],[119,-506]],[[15800,59842],[-22,768],[-653,244]],[[15037,61708],[-54,279]],[[18699,64341],[283,-314]],[[18982,64027],[163,-1098]],[[19145,62929],[99,-2128]],[[19244,60801],[-207,-296]],[[42432,74350],[-55,104]],[[42377,74454],[-523,1099],[262,924]],[[42116,76477],[1209,697]],[[43325,77174],[-43,-1534],[283,-523],[-316,-558],[-817,-209]],[[24888,56931],[-479,-1326]],[[22861,56704],[-861,1011],[-54,366]],[[21946,58081],[294,802],[-163,942],[359,872]],[[44023,92205],[359,-1256],[414,-505],[578,471],[501,-349],[480,52]],[[45766,88857],[-730,-209],[-610,697],[0,349],[-785,1081]],[[43641,90775],[207,1430]],[[43848,92205],[175,0]],[[28255,51421],[-926,0]],[[27329,51421],[-360,418],[-577,192],[-926,1011]],[[25466,53042],[588,436],[1286,-227],[773,349],[240,785],[316,209]],[[28669,54594],[229,-331]],[[28898,54263],[-338,-645],[164,-1116]],[[43761,54141],[-316,244],[-577,-140]],[[42868,54245],[-534,1849],[-66,871]],[[42268,56965],[305,576],[-316,784],[-21,890]],[[42236,59215],[119,157]],[[42464,59598],[120,210]],[[42584,59808],[382,-959],[926,-1099],[806,70]],[[44764,57244],[-229,-1360],[-523,-1395],[-251,-348]],[[28702,40052],[11,0]],[[28702,40052],[-1046,-1168]],[[28429,43034],[240,-70],[251,-1447],[-273,-959],[55,-506]],[[29890,38692],[-774,-2162]],[[29116,36530],[-316,453]],[[28222,38570],[251,296],[926,-104],[512,383]],[[29911,39145],[-21,-453]],[[13577,34803],[175,750],[-175,611]],[[13577,36164],[719,17],[752,-558]],[[15419,33740],[-55,-52]],[[15364,33688],[-228,435],[-524,-209],[-1035,889]],[[18034,49067],[-87,-628]],[[16345,47654],[-806,1500],[316,1098]],[[16051,53217],[33,540]],[[16084,53757],[664,-663]],[[17206,52781],[229,-1081],[414,-297],[-120,-1029]],[[17729,50374],[-785,-453],[11,-331],[1079,-523]],[[42203,64951],[-153,-1499]],[[41048,60418],[-774,-384]],[[39631,60400],[-446,-244],[-556,279]],[[38629,60435],[272,1814],[-272,819]],[[38825,64359],[817,-123]],[[39642,64236],[621,-87],[360,890]],[[13305,42737],[-316,-1691],[-44,-1012]],[[12945,40034],[-610,-592],[-447,-1134]],[[11605,38378],[-131,959],[164,2092],[512,1430],[22,698]],[[7105,40331],[87,-1430]],[[7192,38901],[-175,-785],[-642,70],[32,-1935]],[[6407,36251],[-686,-401]],[[4860,36303],[-305,767],[-229,1883],[-795,18],[-654,1290],[250,785],[523,-331],[545,871],[11,506],[-577,732]],[[2724,45126],[251,-70],[1318,1046],[763,384],[1286,157]],[[6342,46643],[305,-2337],[-262,-1063],[415,-331],[-153,-1709],[458,-872]],[[27874,31159],[-22,1831]],[[27852,32990],[65,802],[720,680],[228,-453],[1036,523]],[[29901,34542],[261,-715]],[[30162,33827],[-512,-663],[-196,-1796],[588,-2005],[-392,-680],[-785,279]],[[38607,75134],[-523,471],[-153,-610],[-588,279]],[[37343,75274],[-414,540],[-76,959]],[[36853,76773],[43,245]],[[29105,80400],[316,175]],[[43118,95797],[850,-488]],[[43968,95309],[-697,-855],[359,-558],[-337,-1639]],[[43293,92257],[-872,192]],[[42421,92449],[-22,523]],[[41941,94611],[916,1325]],[[43848,92205],[-555,52]],[[43968,95309],[905,-436],[196,-733]],[[45156,93391],[-1133,-1186]],[[15027,32868],[-611,-976],[-752,17]],[[13664,31909],[-207,471],[-566,279],[-556,854]],[[12335,33513],[1417,-70],[1275,-575]],[[43630,51159],[-632,0],[-119,854]],[[42889,52746],[-130,279],[109,1220]],[[43761,54141],[708,-680],[622,139]],[[45091,53600],[316,-976]],[[23417,54402],[-196,-1133]],[[23221,53269],[-283,-680],[-1210,-18]],[[19407,52990],[65,732]],[[19974,55222],[-175,802],[360,767]],[[20159,56791],[719,-575],[556,436],[65,680]],[[21499,57332],[240,662]],[[21739,57994],[207,87]],[[45886,94838],[-370,1185],[-349,88],[-970,1534]],[[45014,99336],[556,-209],[381,227],[393,-663],[1166,-1482],[305,-1098]],[[21695,27044],[-1558,977]],[[21477,30601],[796,-715],[621,18],[120,-820]],[[21968,72554],[196,1133],[-11,1064]],[[22153,74751],[131,139]],[[23929,73077],[-1133,-1413],[-578,175]],[[22218,71839],[-250,715]],[[40045,65893],[-490,-453],[403,-576],[-316,-628]],[[25389,35832],[894,-1848],[970,-314],[599,-680]],[[22229,33077],[251,872],[577,854],[284,-156]],[[23341,34647],[762,174],[709,1081],[577,-70]],[[12509,33932],[1068,871]],[[15364,33688],[-337,-820]],[[16084,53757],[708,1343],[43,331]],[[42268,56965],[-239,-69]],[[42029,56896],[-796,1395],[-436,-122],[-752,174]],[[40045,58343],[-43,889],[174,628]],[[41048,60418],[828,-1308],[360,105]],[[39904,57855],[141,488]],[[42029,56896],[-796,-768],[-294,-1150],[-534,-192]],[[40405,54786],[-371,558]],[[40034,55344],[338,1238],[-523,994],[55,279]],[[15996,36007],[-196,837]],[[15800,36844],[556,784],[261,-296],[894,488],[120,1116]],[[19080,36129],[-98,-645]],[[25662,36809],[-273,-977]],[[23341,34647],[-850,1639],[-1068,-262],[-676,820]],[[22938,40418],[1231,-1465],[-120,-453],[850,-418],[98,418]],[[44666,58099],[-480,1308]],[[44186,59407],[490,749]],[[46954,69851],[-120,-488]],[[46300,68020],[-610,175]],[[45690,68195],[305,2057]],[[45995,70252],[959,-401]],[[19363,52955],[-457,-889],[-916,959]],[[18099,55867],[829,-645],[130,-401]],[[29116,36530],[490,-1465]],[[29606,35065],[295,-523]],[[46583,61638],[77,-610],[697,-436],[-414,-453]],[[16574,33583],[-589,-837],[-272,262],[-686,-140]],[[33976,81499],[-44,732]],[[33932,82231],[502,-785],[730,-732],[-22,-593],[-1144,-279]],[[41211,79616],[447,-175]],[[41658,79441],[-185,-453],[22,-1360]],[[41495,77628],[-458,35],[-174,1168],[-327,70]],[[40536,78901],[348,715],[327,0]],[[20802,61394],[-959,35],[-599,-628]],[[19145,62929],[731,-157],[381,680]],[[20257,63452],[556,-558]],[[20736,70165],[164,244],[1090,331],[228,-488],[-239,-889]],[[27481,65544],[676,-593]],[[28157,64951],[11,-680]],[[27187,62231],[-741,-505]],[[26446,61726],[-392,906],[-272,1134]],[[25782,63766],[261,697],[-468,314],[261,697]],[[25836,65474],[1645,70]],[[28974,72013],[131,680]],[[36210,83173],[414,-1134],[610,-35]],[[37234,82004],[327,-139],[33,-802]],[[36177,78639],[-469,-1116]],[[35708,77523],[-294,-383]],[[35414,77140],[-817,1168]],[[33932,82231],[22,750]],[[33954,82981],[436,52],[436,855],[479,-105],[905,-610]],[[30347,59023],[77,-959]],[[30424,58064],[-447,139]],[[29977,58203],[-665,959],[-632,419]],[[28680,59581],[164,192]],[[28844,59773],[533,139],[262,558]],[[22643,50723],[632,174],[436,-523]],[[23711,50374],[22,-383],[937,-645],[120,-890]],[[24409,47306],[-796,540],[-621,-87]],[[39817,55082],[217,262]],[[40405,54786],[730,-1203]],[[44851,86137],[414,-488],[-338,-1012]],[[44927,84637],[-588,279]],[[44339,84916],[-77,750],[589,471]],[[18982,64027],[316,384],[763,-175],[196,-784]],[[42377,74454],[-643,-523],[-643,209],[-119,-767]],[[40972,73373],[-938,1099],[-621,0]],[[39043,77732],[1024,35],[469,1134]],[[41495,77628],[621,-1151]],[[11747,55239],[-458,227],[33,593],[523,1046]],[[29170,46224],[-152,977],[-381,331],[294,663],[174,1011]],[[35534,47602],[174,-872],[-294,-1499]],[[35360,45213],[-665,-296]],[[34161,47532],[207,140],[1166,-70]],[[36210,83173],[250,645]],[[36460,83818],[600,-733],[-186,-331],[360,-750]],[[19625,28021],[44,-384]],[[19669,27637],[-970,157],[-1068,488]],[[11115,38378],[-66,2476],[-381,959]],[[10668,41813],[54,732]],[[10178,44097],[-785,-279]],[[9393,43818],[-371,715],[-261,1308],[22,523],[-687,2040]],[[8096,48404],[131,506],[752,192],[109,941]],[[9088,50043],[436,-209],[283,-715]],[[45265,64498],[-414,192],[-687,1290],[-468,279],[163,506]],[[43859,66765],[382,87]],[[44241,66852],[479,-314],[676,-1499],[-131,-541]],[[36820,75030],[229,-872],[457,331],[-163,785]],[[14100,43940],[850,436],[719,-17],[709,226]],[[18034,43679],[-272,-715],[-33,-924],[-349,-698]],[[17097,40715],[-44,-384]],[[17053,40331],[-381,-593],[87,-558],[-1166,-1168],[-381,-122]],[[15212,37890],[-469,209]],[[14743,38099],[218,959],[-632,750],[-686,-244],[-698,470]],[[7737,29834],[-1395,-767]],[[6342,29067],[0,-18]],[[6342,29067],[-403,-279],[-284,488],[-109,942],[295,854]],[[5841,31072],[871,-767],[349,35]],[[44992,57244],[611,-1046],[174,-662],[-414,-907],[-272,-1029]],[[45766,71996],[-294,-87]],[[45472,71909],[-687,-332]],[[43598,71699],[-523,-104]],[[43075,71595],[-142,314],[-22,1499],[-294,52],[-185,890]],[[43325,77174],[578,402]],[[43903,77576],[523,-1552],[752,-1639],[120,-1064],[577,-732],[-109,-593]],[[48392,91978],[109,-157]],[[48501,91821],[-1024,-610],[-262,-802]],[[46355,90618],[-218,384],[-567,-70],[-240,349],[294,1342],[-87,436]],[[45690,68195],[-360,-88],[-643,401]],[[44687,68508],[-152,977],[54,1465]],[[45472,71909],[54,-925],[469,-732]],[[25466,53042],[-382,192],[-370,872]],[[25041,54594],[446,-70],[1428,523],[643,70]],[[28364,55693],[294,-349],[11,-750]],[[33464,54088],[468,715],[44,872]],[[35872,55588],[-164,-1657],[-185,-488],[284,-1203],[-273,-1168],[-338,-35],[-544,-1430],[-970,-1116]],[[18829,71856],[-185,-1360]],[[18644,70496],[-174,-680],[-414,-471]],[[18056,69345],[-164,-52]],[[16323,70200],[403,1063],[709,1099],[468,959],[382,-453]],[[47248,53042],[-490,-1098],[272,-1465]],[[47030,50479],[-577,-697]],[[46453,49782],[-164,-18]],[[45864,52414],[785,558],[338,680]],[[46987,53652],[261,-610]],[[7214,32641],[-338,611]],[[6876,33252],[512,680]],[[36460,83818],[66,261]],[[40917,82161],[-349,-540],[-1024,0]],[[39544,81621],[-741,-576],[-643,-34],[-239,-558]],[[41157,45771],[-1123,-662],[-1013,-53]],[[38389,46033],[338,662],[-676,750]],[[38051,47445],[872,1308]],[[20660,44394],[425,976],[665,715],[1504,732],[1100,70]],[[13054,50043],[-218,-192],[305,-924],[55,-1063]],[[12836,47654],[-1057,959],[11,959]],[[11768,49921],[513,349],[773,-227]],[[43511,89328],[740,-855],[425,-889]],[[44676,87584],[175,-1447]],[[44339,84916],[-305,262],[-349,889],[-894,715],[-76,-628]],[[42715,86154],[-316,-261],[-490,192]],[[41909,86085],[185,2127],[719,645]],[[42813,88857],[698,471]],[[9393,43818],[98,-1325],[-229,-523]],[[9262,41970],[-621,-645],[131,-436],[-599,-645],[-1068,87]],[[6342,46643],[1427,1325],[251,506]],[[8020,48474],[76,-70]],[[28789,56774],[621,331]],[[29410,57105],[284,-1186]],[[29694,55919],[-109,-662],[-687,-994]],[[42737,71141],[338,454]],[[44687,68508],[-327,-784],[-119,-872]],[[43859,66765],[-1002,366]],[[20159,56791],[185,244],[-65,1308],[-436,401],[-447,-1064]],[[19145,59738],[1439,-314],[250,-349]],[[20834,59075],[469,-662]],[[21303,58413],[-131,-523],[327,-558]],[[20159,56791],[-1068,140],[-98,226]],[[47444,66294],[-163,-314],[22,-1255]],[[44894,62964],[-76,523],[447,1011]],[[11365,51438],[-54,157]],[[10494,52641],[-338,297]],[[10243,53304],[349,122]],[[14046,52641],[-218,-697]],[[13185,50444],[-131,-401]],[[18993,46835],[436,854]],[[19429,47689],[381,-87]],[[19810,47602],[55,-1395],[555,-384],[491,803],[425,104]],[[20573,65405],[1220,174],[556,-279]],[[16247,47550],[-861,-576],[-152,-488],[-1014,-471]],[[21303,58413],[436,-419]],[[36864,45719],[403,1273],[632,610]],[[37899,47602],[152,-157]],[[20726,47340],[-916,262]],[[19429,47689],[-273,1168],[207,227],[763,-192]],[[48501,91821],[-414,-558],[-338,-889],[-534,35]],[[38629,60435],[-1068,175],[-534,-210]],[[21390,25824],[-338,-279],[-719,17]],[[20333,25562],[-403,610],[-261,1465]],[[17500,67672],[142,-53]],[[17642,67619],[-240,-941]],[[42050,70339],[-1384,611],[-533,69]],[[40972,73373],[185,-1412],[229,-698],[621,-523],[43,-401]],[[20834,59075],[33,1849]],[[23264,62214],[175,-471],[545,105],[403,-279],[370,348],[196,-837]],[[27874,76198],[348,645]],[[32755,75134],[-217,-505],[-458,-140]],[[41734,89903],[458,541]],[[42192,90444],[621,-1587]],[[41909,86085],[-382,-122]],[[41527,85963],[-446,592],[-1210,576]],[[39980,87933],[828,872]],[[31208,42702],[251,-523],[-469,-453],[-152,-610],[261,-750]],[[31099,40366],[-741,-1360],[-468,-314]],[[29911,39145],[88,419],[-414,523],[-164,924],[-719,-541],[11,-418]],[[23101,63975],[970,366]],[[24071,64341],[1711,-575]],[[51803,62650],[-381,314]],[[51422,62964],[-720,418],[-795,-122]],[[48022,64899],[2103,680]],[[50125,65579],[490,-331],[687,104],[501,-435],[207,-1047],[22,-924],[-229,-296]],[[43641,90775],[-218,-1046]],[[43423,89729],[-425,593],[-708,244]],[[42290,90566],[-218,575],[403,889],[-54,419]],[[48610,61621],[-338,-1587],[98,-1185]],[[5841,31072],[-981,1081]],[[4860,32153],[-11,0]],[[4860,32153],[839,262],[381,-698],[709,-383],[239,261]],[[13512,36878],[534,750],[316,-17]],[[14362,37611],[381,488]],[[15212,37890],[-11,-332],[599,-714]],[[27329,51421],[-490,-1151]],[[26839,50270],[-818,-977]],[[23711,50374],[262,523],[-240,541],[392,488],[0,1099],[-534,-87],[-370,331]],[[20333,25562],[-43,-767],[-818,-157]],[[19472,24638],[-239,767],[-916,-1133]],[[18317,24272],[-1155,575]],[[17162,24847],[-468,279],[-44,488],[-708,925],[-218,34]],[[43151,80470],[-480,-87],[-642,-924],[-371,-18]],[[41211,79616],[-239,854],[-1101,715],[-327,436]],[[37441,88648],[-142,1499],[1101,1692],[850,-18]],[[31906,59145],[283,-802],[-294,-2284]],[[31895,56059],[-153,-244]],[[31742,55815],[-447,-314]],[[31295,55501],[-21,784],[-425,1151],[-425,628]],[[10668,41813],[-785,-575],[-468,139],[-153,593]],[[43511,89328],[-88,401]],[[45875,87968],[-1199,-384]],[[45123,48578],[-1460,-470],[-142,401]],[[43521,48509],[676,1429]],[[44186,59407],[-893,540],[-207,698]],[[43086,60645],[555,-157],[262,889],[828,209]],[[41190,92588],[-861,-558]],[[39936,92728],[-512,1203],[1166,209]],[[28702,61394],[163,244]],[[28844,59773],[-142,1621]],[[42715,86154],[392,-383],[22,-733],[-316,-837]],[[40874,84759],[43,506],[610,698]],[[35512,59110],[1613,680],[-44,-872],[1406,-1761]],[[38487,57157],[22,-1325],[-294,-942]],[[37517,55135],[-795,645],[-687,139]],[[7192,38901],[730,-279],[316,-558],[152,-1883]],[[7726,35466],[-1068,209],[-251,576]],[[22218,71839],[-1503,-1168],[-796,-384]],[[19919,70287],[-294,854]],[[19625,71141],[-981,-645]],[[20682,74524],[534,-959],[752,-1011]],[[29977,58203],[-567,-1098]],[[28157,59441],[523,140]],[[32712,54402],[-436,1291],[-534,122]],[[31895,56059],[501,261],[599,-593],[284,1099],[773,593]],[[35937,38430],[-185,-662],[-839,-87]],[[34913,37681],[-163,-436],[-741,-140],[-360,-366],[-632,-52],[0,1133],[-697,-366]],[[32320,37454],[-447,1273],[-774,1639]],[[36242,41499],[-523,-610],[-348,-1308],[512,-558],[54,-593]],[[46943,86922],[-22,-872],[872,-924],[370,-175],[502,-819],[806,-262],[763,488],[109,855],[1765,558],[883,436],[98,-1203],[-218,-1570],[-512,-296],[-720,-872],[-642,192],[-1286,-890],[-578,-610],[131,-819],[-654,-105],[-294,-314],[-436,419],[-577,52]],[[45526,83574],[-457,505],[-142,558]],[[4446,35152],[-360,645],[-773,297],[-1646,1238],[164,1203],[-447,1186],[-1384,959],[185,959],[556,819],[1035,576]],[[35534,47602],[970,802],[338,506],[348,-87],[709,-1221]],[[28157,62406],[545,-1012]],[[31982,36320],[338,1134]],[[34913,37681],[-218,-1465],[785,-401]],[[35480,35815],[-741,-977]],[[34739,34838],[-360,140],[-1024,-105],[-708,87]],[[32647,34960],[-316,-52]],[[32331,34908],[-349,1412]],[[31295,55501],[-1601,418]],[[35414,77140],[142,-314],[-272,-802],[305,-489]],[[25324,77070],[22,0]],[[23766,67916],[-77,-872],[-294,-209]],[[20137,70113],[-218,174]],[[20301,68822],[-415,-104],[-599,1168],[338,1255]],[[31982,36320],[-763,471],[-1188,-471],[-915,210]],[[18503,67759],[610,-611]],[[17642,67619],[861,140]],[[8020,48474],[174,628],[-675,523],[141,749]],[[7660,50374],[305,332],[1221,69],[-98,-732]],[[43521,48509],[-174,-18]],[[28669,49328],[-632,-349],[-1198,1291]],[[36853,76773],[-1145,750]],[[47662,57140],[981,-1447]],[[48643,55693],[-338,-785]],[[48305,54908],[-959,-279],[-359,-977]],[[28157,64951],[817,-157]],[[18034,49067],[163,1691]],[[18197,50758],[251,296],[1079,-348],[65,906],[447,244]],[[18056,69345],[545,-837],[-98,-749]],[[32810,82772],[774,313],[370,-104]],[[13664,31909],[-196,-802],[98,-1290],[284,-314],[588,-35],[730,-419],[469,-784]],[[12074,26399],[-316,366],[-425,2093],[152,453],[-414,942]],[[13076,67445],[371,1709]],[[42290,90566],[-98,-122]],[[14079,38099],[283,-488]],[[12771,38134],[665,157],[435,-279]],[[42366,61638],[382,-331]],[[42748,61307],[-294,-1116],[130,-383]],[[22153,74751],[-850,157],[-621,-384]],[[20453,76181],[360,1325],[1438,17]],[[11463,54507],[-1536,1465]],[[7660,50374],[-599,1395],[425,1482]],[[10156,53530],[32,-191]],[[18197,50758],[-468,-384]],[[26381,67759],[588,-1343],[512,-872]],[[25836,65474],[-327,436],[-1002,454],[-393,348],[-392,-191]],[[23722,66521],[-327,-227]],[[45766,71996],[632,-610],[763,261],[-207,-1796]],[[49318,67131],[502,523],[98,-872],[-305,-715],[512,-488]],[[42748,61307],[338,-662]],[[17489,40052],[-436,279]],[[39904,57855],[-1210,0],[-207,-698]],[[24071,64341],[-284,488],[436,576],[66,837],[-567,279]],[[8750,54856],[-54,296],[-927,1186],[774,662]],[[63092,45231],[523,-175],[632,1517],[-360,855]],[[63887,47428],[480,453],[-327,645],[218,314]],[[64258,48840],[545,-349],[446,-627]],[[65249,47864],[643,-1047]],[[65892,46817],[-316,-906],[11,-1587]],[[65587,44324],[-1634,-1430],[0,-523]],[[63953,42371],[-305,-122]],[[63648,42249],[-382,558],[-991,-541]],[[62275,42266],[392,1099],[-65,506],[490,1360]],[[57818,41830],[-905,262]],[[56913,42092],[-403,157],[-850,1186],[-446,837],[10,540]],[[55224,44812],[796,610]],[[56020,45422],[1155,454],[567,-349]],[[57742,45527],[196,-1238],[316,-1081],[-436,-1378]],[[65565,29782],[338,-767],[-98,-1361]],[[65805,27654],[-882,297],[-796,-140],[-414,-366],[-1035,349]],[[62678,27794],[-534,1465]],[[62144,29259],[152,959]],[[62296,30218],[513,226],[719,855],[152,1168]],[[63680,32467],[883,-610],[-251,-1081],[556,-768],[697,-226]],[[62089,44306],[-283,-104]],[[61806,44202],[-752,1011],[-370,1674],[-273,558]],[[60411,47445],[425,122],[643,-279],[305,-610],[305,-2372]],[[54124,53635],[283,140]],[[54407,53775],[719,-157]],[[55126,53618],[0,-332],[-675,-1517]],[[54451,51769],[-469,-697]],[[53982,51072],[-719,17]],[[53263,51089],[-131,1570],[77,558],[599,-105],[316,523]],[[69499,39825],[44,-924]],[[69543,38901],[-77,-837],[-610,-575]],[[68856,37489],[-959,436]],[[67897,37925],[-337,-401],[-1156,87]],[[66404,37611],[327,331],[709,1500],[-55,819]],[[67385,40261],[436,384],[796,104],[882,-924]],[[66546,17890],[-218,-942],[523,-505]],[[66851,16443],[-272,-1064],[-589,-819]],[[65990,14560],[-795,104],[131,610],[-403,297],[-1079,-401],[-785,227]],[[63059,15397],[447,924],[153,1133]],[[63659,17454],[566,-105],[403,750],[273,994]],[[64901,19093],[784,-819],[861,-384]],[[55083,17907],[120,1674]],[[55203,19581],[741,384],[316,523]],[[56260,20488],[479,-593],[229,-1290],[-65,-680]],[[56903,17925],[-382,-227],[-490,192],[-948,17]],[[61403,23400],[392,-575]],[[61795,22825],[-338,-1273],[11,-611]],[[61468,20941],[-719,-592],[-218,122]],[[60531,20471],[-447,401],[55,941],[490,1186],[774,401]],[[69238,36251],[43,-175]],[[69281,36076],[-730,-889],[240,-994]],[[68791,34193],[-1003,506],[-261,-262],[-98,-1098],[414,-785],[-512,-732]],[[67331,31822],[-730,872],[-251,732]],[[66350,33426],[11,680],[-763,820],[-142,418]],[[65456,35344],[295,872],[446,662],[207,733]],[[67897,37925],[-555,-1291],[1623,-680],[273,297]],[[47248,53042],[861,-1011],[251,-35]],[[48360,51996],[-523,-959]],[[47837,51037],[-807,-558]],[[55115,50531],[-141,-209]],[[54974,50322],[-458,87],[-534,663]],[[54451,51769],[1133,366]],[[55584,52135],[-469,-1604]],[[51422,62964],[-316,-994],[348,-593],[-163,-506],[414,-593]],[[51705,60278],[-654,-1098],[-44,-732],[-337,-175]],[[50670,58273],[196,628],[-763,279]],[[50103,59180],[316,785],[-403,993],[-480,0],[-719,558]],[[64944,54123],[-403,-1377],[-654,-1273],[-294,-227]],[[63593,51246],[-327,837],[-686,488],[-534,53]],[[62046,52624],[-76,453],[-600,889],[-1111,210]],[[60259,54176],[163,470],[120,1500]],[[60542,56146],[1046,610],[665,122],[806,-209],[556,139],[992,-976],[337,-1709]],[[64748,19145],[153,-52]],[[63659,17454],[-1090,663],[-796,1517],[-305,1307]],[[61795,22825],[676,-419]],[[62471,22406],[348,-523],[436,-122],[-457,-1151],[991,-1151],[959,-314]],[[50419,56826],[1384,-279]],[[51803,56547],[534,-942],[294,-1656]],[[52631,53949],[-272,-453]],[[52359,53496],[-948,540],[-1123,87],[22,-889],[-523,52],[-283,454],[-512,-175]],[[48992,53565],[-207,1221],[-480,122]],[[48643,55693],[327,1063],[1449,70]],[[62275,42266],[-567,297]],[[61708,42563],[98,1639]],[[62089,44306],[360,262],[131,889]],[[62580,45457],[512,-226]],[[54124,53635],[-1264,506],[-229,-192]],[[51803,56547],[1482,1151],[708,-262],[806,-1220],[676,-802]],[[55475,55414],[-76,-367],[-698,-715],[-294,-557]],[[62013,35379],[501,610],[-65,541]],[[62449,36530],[370,505],[-207,872]],[[62612,37907],[458,122]],[[63070,38029],[425,-505],[185,-1395]],[[63680,36129],[-130,-959]],[[63550,35170],[-458,-227],[-55,-663]],[[63037,34280],[-1253,628]],[[61784,34908],[229,471]],[[53906,17140],[-665,-941],[-784,0]],[[52457,16199],[-785,401],[283,941],[262,262]],[[52217,17803],[785,-610],[904,-53]],[[56205,60749],[153,-1621],[414,-454]],[[56772,58674],[-883,-174]],[[55889,58500],[-523,-227]],[[55366,58273],[-43,2197],[-175,436]],[[55148,60906],[1057,-157]],[[54898,12798],[65,-627],[741,-1203],[763,436]],[[56467,11404],[76,-401]],[[56543,11003],[65,-349]],[[56608,10654],[33,-1674],[371,-1308]],[[57012,7672],[-349,-192],[-66,-697],[-991,-1587],[-360,-1255],[-588,1674],[-447,2162],[-229,69],[-991,-1464],[414,-192],[120,-541],[-447,-470],[-937,470],[-469,-1028]],[[51672,4621],[-991,941],[-480,-244],[-784,488]],[[49417,5806],[76,1081]],[[49493,6887],[479,837]],[[49972,7724],[1123,-139],[239,-296],[578,418],[-534,1186],[-523,819]],[[50855,9712],[501,488],[698,-52],[-77,698],[589,1098],[392,419],[-109,662],[447,87],[87,-680],[588,-17],[316,593],[611,-210]],[[59812,53565],[218,-523]],[[60030,53042],[-381,-436]],[[59649,52606],[-436,-558],[-1014,-924]],[[58199,51124],[-43,349]],[[58156,51473],[-316,767]],[[57840,52240],[566,1081],[425,-314],[578,994]],[[59409,54001],[403,-436]],[[55475,55414],[1046,52]],[[56521,55466],[240,-680],[-338,-436]],[[56423,54350],[-479,-140],[-316,-662]],[[55628,53548],[-502,70]],[[67113,52414],[-534,-313],[-240,-698]],[[66339,51403],[-719,52]],[[65620,51455],[-316,140],[-305,-593],[-698,174],[-457,-313]],[[63844,50863],[-251,383]],[[64944,54123],[981,-192],[1188,-1517]],[[64672,34856],[87,-733],[360,-261]],[[65119,33862],[65,-1011]],[[65184,32851],[-1787,-192]],[[63397,32659],[-262,17]],[[63135,32676],[-98,1604]],[[63550,35170],[1122,-314]],[[55639,49503],[381,-628],[-153,-366]],[[55867,48509],[-991,-1081]],[[54876,47428],[-469,523]],[[54407,47951],[284,1290]],[[54691,49241],[283,1081]],[[55115,50531],[524,-1028]],[[55105,25527],[-436,-715]],[[54669,24812],[-1035,628],[-600,-105],[-599,419]],[[52435,25754],[65,785],[-207,488]],[[52293,27027],[676,802],[98,837]],[[53067,28666],[490,209]],[[53557,28875],[818,-837]],[[54375,28038],[21,-401],[687,-1168],[-349,-471],[371,-471]],[[68791,12886],[-948,-924]],[[67843,11962],[-545,139],[-1002,680]],[[66296,12781],[-306,1779]],[[66851,16443],[610,122]],[[67461,16565],[425,-349],[-76,-628],[207,-924],[752,-1308],[22,-470]],[[61000,41778],[555,610]],[[61555,42388],[153,175]],[[63648,42249],[32,-1256],[491,-313],[294,279]],[[64465,40959],[479,-18],[992,-593]],[[65936,40348],[-272,-627],[-77,-872],[218,-663]],[[65805,38186],[-261,-157],[-491,890],[-937,1011],[-915,680],[-491,-645],[360,-1936]],[[62612,37907],[-196,1046]],[[62416,38953],[-239,890],[-632,401]],[[61545,40244],[-338,976]],[[61207,41220],[-207,558]],[[50136,50671],[-676,-610]],[[49460,50061],[-1002,366],[43,662],[-664,-52]],[[48360,51996],[632,1064]],[[48992,53060],[283,-1238],[991,-262],[-130,-889]],[[54048,46102],[381,-889],[795,-401]],[[56913,42092],[-533,-924]],[[56380,41168],[-306,-175],[-1351,123]],[[54723,41116],[-240,854],[-621,558],[-1373,453]],[[52489,42981],[207,959],[578,279],[-381,802]],[[52893,45021],[381,192],[774,889]],[[60117,36530],[1090,523]],[[61207,37053],[806,-1674]],[[61784,34908],[-446,-732],[-306,35]],[[61032,34211],[-773,732],[-142,1587]],[[60139,19703],[218,-592],[915,-1448],[-730,-192]],[[60542,17471],[-229,-296],[-1656,244]],[[58657,17419],[-1003,837]],[[57654,18256],[676,924],[44,471],[-262,1360]],[[58112,21011],[414,994],[632,-209],[556,-907],[425,-1186]],[[67124,40436],[261,-175]],[[66404,37611],[-599,575]],[[65936,40348],[294,244]],[[66230,40592],[894,-156]],[[65456,35344],[-392,52]],[[65064,35396],[-632,872],[-752,-139]],[[55693,52414],[730,-627]],[[56423,51787],[-414,-558],[-370,-1726]],[[55584,52135],[109,279]],[[58962,47497],[-360,-104],[371,-1291]],[[58973,46102],[-153,-488],[-632,-383],[-446,296]],[[57742,45527],[479,1203],[-392,1221],[207,453]],[[58036,48404],[697,419]],[[58733,48823],[229,-1326]],[[59147,27724],[523,-104],[-32,-855],[-240,-924]],[[59398,25841],[-861,-785],[-142,-889],[-294,-540]],[[58101,23627],[-272,819],[-371,18]],[[57458,24464],[-588,1046],[-610,87]],[[56260,25597],[-1155,-70]],[[54375,28038],[370,87],[262,698],[642,750],[818,-70],[141,-454]],[[56608,29049],[11,-976],[436,-436],[501,17],[316,-1150],[1188,244],[87,976]],[[67189,44934],[959,-488],[349,-541]],[[68497,43905],[-469,-1063],[-621,-1046],[54,-401],[-337,-959]],[[66230,40592],[-142,1204],[262,1639],[-65,680]],[[66285,44115],[904,819]],[[63462,23348],[371,-680],[425,-53]],[[64258,22615],[468,-209],[327,-1604],[414,-384]],[[65467,20418],[-719,-1273]],[[62471,22406],[991,942]],[[63059,15397],[-599,-70]],[[62460,15327],[-153,523],[-915,-262],[-686,558],[239,663],[-403,662]],[[60139,19703],[392,768]],[[52217,50479],[-839,-70],[-480,-366],[-501,767],[-261,-139]],[[48992,53060],[0,505]],[[52359,53496],[-327,-1605],[283,-523],[-98,-889]],[[62416,13130],[-534,-576],[-1166,88]],[[60716,12642],[175,610],[43,1203],[1264,488]],[[62198,14943],[371,-453],[-251,-419],[98,-941]],[[61087,31107],[1024,-18]],[[62111,31089],[185,-871]],[[62144,29259],[-806,-175],[-513,454]],[[60825,29538],[-54,523],[316,1046]],[[56380,41168],[435,-837],[98,-628]],[[56913,39703],[-969,-1116],[-273,-819]],[[55671,37768],[-348,-70],[-894,558]],[[54429,38256],[240,436],[-294,645],[305,506],[-131,959],[174,314]],[[58504,58430],[-534,-279],[-653,-1325],[98,-593]],[[57415,56233],[-349,-610],[-545,-157]],[[56521,55466],[11,1186],[207,523],[-152,540],[-622,122],[-76,663]],[[56772,58674],[632,-157],[141,489]],[[57545,59006],[1482,156],[-523,-732]],[[55475,55414],[610,802],[-741,1098],[22,959]],[[53263,51089],[-240,-994]],[[53023,50095],[-806,384]],[[54876,47428],[1231,-994],[-87,-1012]],[[54048,46102],[-55,733],[207,697]],[[54200,47532],[207,419]],[[59278,8928],[-501,-175],[-273,733],[-882,174],[-1014,994]],[[56543,11003],[1449,1604],[817,-314],[175,-1814],[294,-1551]],[[67723,50601],[-894,244],[-490,558]],[[67113,52414],[1024,-191],[185,-715],[-599,-907]],[[57840,52240],[-741,1011],[-861,506],[185,593]],[[57415,56233],[250,-715],[1090,-662],[654,-855]],[[58199,51124],[120,-1011],[414,-1290]],[[58036,48404],[-741,419]],[[57295,48823],[-915,87]],[[56380,48910],[-306,226],[807,1744],[-98,279]],[[56783,51159],[414,366],[959,-52]],[[56260,25597],[-196,-1866]],[[56064,23731],[21,-314]],[[56085,23417],[-828,157],[-741,-279]],[[54516,23295],[-316,122],[469,1395]],[[62460,15327],[-262,-384]],[[60716,12642],[-250,-1552],[229,-419]],[[60695,10671],[-273,-505],[-196,-1186],[-948,-52]],[[56467,11404],[-218,1551],[-207,419]],[[56042,13374],[-196,314],[119,1046]],[[55965,14734],[1177,-401],[-76,976],[131,820]],[[57197,16129],[490,279],[349,-262],[577,366],[44,907]],[[49460,50061],[-54,-837],[-796,-959]],[[48610,48265],[-479,348],[-360,-209],[-1002,872],[-316,506]],[[60411,47445],[-229,645]],[[60182,48090],[360,820]],[[60542,48910],[1024,-1395],[763,-332],[251,-1726]],[[51803,62650],[403,-576],[381,-1116]],[[52587,60958],[-882,-680]],[[63953,42371],[545,-401],[-33,-1011]],[[61000,41778],[-959,523],[-436,-680],[-872,-715],[-414,175]],[[58319,41081],[-501,749]],[[58973,46102],[436,-1168],[1700,-2389],[446,-157]],[[52021,24254],[-392,-662],[-66,-1587]],[[51563,22005],[-338,52],[-414,-749]],[[50811,21308],[-163,244]],[[50648,21552],[-730,2598]],[[49918,24150],[447,104],[904,837],[98,349],[785,349]],[[52152,25789],[-131,-1535]],[[61403,23400],[774,924]],[[62177,24324],[98,192]],[[62275,24516],[316,-349],[544,87],[327,-906]],[[67843,11962],[-665,-1430]],[[67178,10532],[-490,261],[-894,-52],[-207,418]],[[65587,11159],[709,1622]],[[62449,36530],[-447,192],[-185,1447],[218,784],[381,0]],[[54200,47532],[-327,157],[-338,750]],[[53535,48439],[807,959],[349,-157]],[[50670,58273],[-251,-1447]],[[48370,58849],[1559,-157],[174,488]],[[58319,41081],[-163,-611],[359,-627]],[[58515,39843],[-861,-750],[-283,-35]],[[57371,39058],[-458,645]],[[56783,51159],[-360,628]],[[55693,52414],[120,837],[-185,297]],[[68867,47410],[109,-1325]],[[68976,46085],[-87,-209]],[[68889,45876],[-1242,-663],[-371,192]],[[67276,45405],[-490,349],[-556,732],[153,419]],[[66383,46905],[370,784],[512,52]],[[67265,47741],[1155,-435],[447,104]],[[72539,46503],[-1351,-645],[164,-627]],[[71352,45231],[-33,-53]],[[71319,45178],[-349,471],[-294,-558],[-1231,-192]],[[69445,44899],[-33,436],[-523,541]],[[68976,46085],[2713,418],[523,646]],[[72212,47149],[327,-646]],[[57295,48823],[65,-593],[-991,-297],[-502,576]],[[55867,48509],[513,401]],[[65892,46817],[491,88]],[[67276,45405],[-87,-471]],[[66285,44115],[-698,209]],[[54429,38256],[-578,-70]],[[53851,38186],[-795,680],[-218,750]],[[52838,39616],[-599,924]],[[52239,40540],[621,1604],[-371,837]],[[61446,32990],[850,-1064]],[[62296,31926],[-185,-837]],[[61087,31107],[-1155,819],[-251,419]],[[59681,32345],[-294,314]],[[59387,32659],[229,331],[1830,0]],[[61207,41220],[-44,-279],[-2038,-837],[-414,-366]],[[58711,39738],[-196,105]],[[51563,22005],[403,-506],[480,-139],[872,436]],[[53318,21796],[21,-680],[709,-628],[795,244]],[[54843,20732],[360,-1151]],[[55083,17907],[-66,-470]],[[55017,17437],[-348,174],[-763,-471]],[[52217,17803],[-588,906],[-480,349],[-730,1168]],[[50419,20226],[392,1082]],[[63135,32676],[-839,-750]],[[61446,32990],[-414,1221]],[[63560,49293],[698,-453]],[[63887,47428],[-980,1290]],[[62907,48718],[239,523],[414,52]],[[53023,50095],[512,-1656]],[[52893,45021],[-785,-279],[-174,646],[-436,279],[-403,-663],[-447,261]],[[50648,45265],[11,680],[-741,820],[-77,366],[-991,349],[-229,-157]],[[48621,47323],[-11,942]],[[58145,34089],[556,-1326],[686,-104]],[[59681,32345],[-545,-558],[-435,-2145]],[[58701,29642],[-1188,-87],[-687,209]],[[56826,29764],[-218,768],[98,854],[-512,331],[-523,-209],[-719,87]],[[54952,31595],[490,1814],[-174,331]],[[55268,33740],[915,767]],[[56183,34507],[785,-52],[752,-645],[425,279]],[[65587,11159],[-272,471],[-589,279],[-359,523],[-719,593],[-883,401],[-349,-296]],[[58101,23627],[-468,-1238],[-948,122]],[[56685,22511],[-207,680],[-393,226]],[[56064,23731],[828,314],[566,419]],[[61882,51473],[273,-715],[218,-1273]],[[62373,49485],[-77,-471]],[[62296,49014],[-1471,140]],[[60825,49154],[11,750],[-229,488],[120,593],[-1078,1621]],[[60030,53042],[240,-697],[501,-767],[425,139],[686,-244]],[[59812,53565],[447,611]],[[62046,52624],[-164,-1151]],[[57197,16129],[-1003,401]],[[56194,16530],[-1177,907]],[[56903,17925],[751,331]],[[52021,24254],[1504,-1290],[512,-907]],[[54037,22057],[-164,-453],[-555,192]],[[65642,33182],[-120,-279]],[[65522,32903],[-338,-52]],[[65119,33862],[370,-18],[153,-662]],[[65064,35396],[-392,-540]],[[63397,32659],[283,-192]],[[66350,33426],[-708,-244]],[[52239,40540],[-403,18],[-1657,-715],[-1024,-576],[-403,-872]],[[48752,38395],[-360,698]],[[48392,39093],[-763,506],[-468,1203],[-22,1220]],[[47139,42022],[665,384],[240,436],[207,1674],[653,784]],[[48904,45300],[436,-593],[632,-383],[676,941]],[[48904,45300],[-577,1448],[294,575]],[[59278,8928],[11,-123]],[[59289,8805],[-469,-959],[-425,70],[-468,-627],[-915,383]],[[55965,14734],[229,1796]],[[58701,29642],[228,-1029]],[[58929,28613],[218,-889]],[[56608,29049],[218,715]],[[55965,14734],[-969,-87],[-469,383],[-33,680],[295,401],[228,1326]],[[53557,28875],[414,1744],[741,540],[240,436]],[[67723,50601],[-131,-1116],[-752,-192],[109,-889],[316,-663]],[[65249,47864],[207,802],[175,1813],[-11,976]],[[68867,47410],[567,523],[229,-436],[544,-17],[731,-384],[926,1134],[348,-1081]],[[52152,25789],[283,-35]],[[54516,23295],[164,-558]],[[54680,22737],[-120,-1150],[-523,470]],[[60825,29538],[-806,-279],[-327,-367],[-763,-279]],[[56042,13374],[-556,-35],[-283,-680],[-305,139]],[[50855,9712],[-687,209]],[[50168,9921],[-196,680]],[[49972,10601],[262,279],[-382,820],[578,1255],[-196,942]],[[50234,13897],[305,680]],[[50539,14577],[763,-523],[566,-994],[414,0],[447,1343],[0,610],[-272,1186]],[[61207,37053],[32,314],[-599,889],[251,296],[141,872],[513,820]],[[65467,20418],[502,140],[882,-314],[545,314]],[[67396,20558],[142,-244]],[[67538,20314],[130,-1221]],[[67668,19093],[-926,-662],[-196,-541]],[[56260,20488],[283,1622]],[[56543,22110],[1308,-593],[261,-506]],[[54680,22737],[425,-139],[-262,-1866]],[[62907,48718],[-611,296]],[[62373,49485],[980,698],[491,680]],[[63844,50863],[22,-1012],[-306,-558]],[[62678,27794],[-120,-697],[-458,-524],[55,-470],[457,-802],[-337,-785]],[[62177,24324],[-142,174],[-1929,768],[-708,575]],[[60117,36530],[-643,17]],[[59474,36547],[66,331],[-829,2860]],[[60542,48910],[283,244]],[[68791,34193],[425,-575],[556,-262]],[[69772,33356],[250,-488],[643,-2546]],[[70665,30322],[-1863,-1098],[-610,17]],[[68192,29241],[-164,855],[-523,767],[-174,959]],[[69445,44899],[-948,-994]],[[60182,48090],[-1220,-593]],[[51672,4621],[283,-227],[-719,-1813],[-632,558],[-479,784],[-905,907],[273,244],[-76,732]],[[47139,42022],[-207,663],[-915,662],[-926,872],[-469,-209]],[[44622,44010],[65,1011],[-294,227],[66,1221],[-676,174],[-240,-541],[-534,-435],[-675,-123],[-98,332]],[[42236,45876],[-371,-70]],[[50419,20226],[-490,-244]],[[49929,19982],[719,1570]],[[58145,34089],[185,837],[610,854]],[[58940,35780],[534,767]],[[56685,22511],[-142,-401]],[[58504,58430],[611,-732],[261,348],[392,-592],[55,-977],[468,-540],[251,209]],[[56205,60749],[294,-70],[1046,-1673]],[[52587,60958],[534,558],[1036,314],[991,-924]],[[49918,24150],[-371,732],[-22,2406],[-1165,0],[10,1622]],[[48370,28910],[1003,-174],[937,523]],[[50310,29259],[708,-1535],[1275,-697]],[[21031,20331],[-567,-1081],[240,-575],[-403,-436],[-2311,-18],[-32,-1168]],[[17958,17053],[-131,-35]],[[17827,17018],[-196,855],[-512,348],[98,733]],[[17217,18954],[1209,226],[709,942],[784,662]],[[19919,20784],[414,454]],[[20333,21238],[698,-907]],[[41200,36320],[120,-453]],[[41320,35867],[-109,-1133]],[[41211,34734],[-229,-2476],[1243,645]],[[42225,32903],[1329,366],[905,122]],[[44459,33391],[1187,-558]],[[45646,32833],[218,-122]],[[45864,32711],[796,-558]],[[46660,32153],[436,-558],[468,1064]],[[47564,32659],[1112,2040],[653,941]],[[49329,35640],[1177,-1028],[1155,-855],[262,-662]],[[51923,33095],[-22,-1238],[-741,-1203],[22,-576]],[[51182,30078],[-2801,52],[-11,-1220]],[[49929,19982],[-98,-209]],[[49831,19773],[-240,140],[-708,-611],[-306,-593]],[[48577,18709],[-424,-645],[-731,-610]],[[47422,17454],[-43,192],[-1591,523],[-480,-140],[-795,157]],[[44513,18186],[-1515,523]],[[42998,18709],[-643,541]],[[42355,19250],[-141,140]],[[42214,19390],[-1155,122],[-1057,-576]],[[40002,18936],[-817,-401],[21,-418]],[[39206,18117],[-653,-18],[-731,593],[-381,-174]],[[37441,18518],[-752,1900],[33,611],[-512,505],[-654,-872]],[[35556,20662],[-708,-87],[-676,558]],[[34172,21133],[-970,733],[-871,1290]],[[32331,23156],[-44,697],[-414,680],[-458,-35],[-272,541]],[[31143,25039],[261,802],[447,610],[1449,1605],[1319,697],[490,-209],[480,244],[610,-488],[414,436],[-1602,959],[512,697]],[[35523,30392],[817,2058],[927,749]],[[37267,33199],[991,802],[512,715]],[[38770,34716],[1057,1413]],[[39827,36129],[807,1063],[566,-872]],[[13152,24934],[-272,18],[-665,-837],[142,-924],[1340,-890],[556,454]],[[14253,22755],[479,-471],[-98,-1011]],[[14634,21273],[-534,-1918],[818,-733]],[[14918,18622],[-600,-122],[-1035,506],[-338,-401]],[[12945,18605],[-621,1953],[-392,715],[-360,-157],[-501,348],[-621,-366],[-436,-523]],[[10014,20575],[-676,1012]],[[9338,21587],[687,1325],[545,645],[11,1064]],[[10581,24621],[425,1551],[348,-87],[720,314]],[[44622,44010],[-981,-854],[-643,-262],[-403,645]],[[42595,43539],[-501,593],[251,1203],[-109,541]],[[14918,18622],[370,-17],[915,-872]],[[16203,17733],[-185,-1133],[-316,-680],[-11,-628],[-338,-453],[-239,802],[-349,226]],[[14765,15867],[-534,1326],[-414,610],[-872,331],[0,471]],[[34172,21133],[-360,-732],[-1329,-18],[-261,-1464],[283,-628],[-87,-645]],[[32418,17646],[-589,750],[-512,-88]],[[31317,18308],[305,227],[-32,750],[-883,558]],[[30707,19843],[-599,-488],[-371,418],[-784,-436]],[[28953,19337],[457,855],[1319,715],[534,836],[-164,646],[523,523],[709,244]],[[31132,17280],[370,-53],[-43,-906],[1700,-1047]],[[33159,15274],[-654,-1272],[-589,383],[-969,-488],[-469,-35],[-1068,331],[-392,454]],[[29018,14647],[-294,1238],[-469,348]],[[28255,16233],[164,349]],[[28419,16582],[501,-331],[817,1255],[240,0]],[[29977,17506],[1155,-226]],[[38825,14734],[360,-296]],[[39185,14438],[-109,-262]],[[39076,14176],[-1264,-1569],[-349,-855],[-11,-715],[-469,-1255]],[[36983,9782],[-294,-244],[-305,889],[-370,506],[261,1552],[-54,558]],[[36221,13043],[588,645],[806,558],[349,575]],[[37964,14821],[861,-87]],[[38128,40505],[87,-331],[-469,-1168]],[[37746,39006],[-1035,-890],[-272,262]],[[36439,38378],[403,541],[163,714],[-33,1395]],[[48392,39093],[-338,-942],[-664,-122],[-523,-401],[-741,0]],[[46126,37628],[0,907],[-218,854],[-1341,192]],[[44567,39581],[-762,680],[-643,-593],[-491,35],[-403,645]],[[42268,40348],[512,611],[-261,1743]],[[42519,42702],[76,837]],[[44339,37698],[228,1883]],[[46126,37628],[-142,-505]],[[45984,37123],[-1558,313],[-87,262]],[[50168,9921],[-348,-906],[436,-837],[-284,-454]],[[49493,6887],[-371,402],[-1939,645]],[[47183,7934],[141,871],[469,1186],[512,680],[643,349]],[[48948,11020],[1024,-419]],[[49831,19773],[686,-1656],[294,-1500],[-795,366],[-175,436],[-1264,1290]],[[15223,7132],[229,-1169],[-393,-662],[-730,-297]],[[14329,5004],[-1754,1360]],[[12575,6364],[185,1029]],[[12760,7393],[992,558]],[[13752,7951],[937,-1098],[534,279]],[[26261,20192],[283,-1134],[240,-349]],[[26784,18709],[-327,-557],[872,-314],[316,122],[795,-1116]],[[28440,16844],[-21,-262]],[[28255,16233],[-272,-540]],[[27983,15693],[-709,750],[-773,-70],[-534,418],[-545,-244],[196,-732]],[[25618,15815],[-654,418]],[[24964,16233],[-381,367],[87,732],[556,314],[-174,488],[207,1116],[-469,506]],[[24790,19756],[76,488]],[[24866,20244],[1395,-52]],[[24964,16233],[-359,-976],[-414,-157],[-687,-697],[109,-401],[698,-942],[708,-139],[-120,-524]],[[24899,12397],[-360,-435],[-65,-1134],[-469,-767],[-806,174],[-1100,1256],[-1025,453]],[[21074,11944],[469,471],[22,662],[-295,1082],[-54,1168],[-218,331]],[[20998,15658],[458,889]],[[21456,16547],[697,-924],[403,767],[-218,2616],[109,872],[284,453]],[[22731,20331],[185,820]],[[22916,21151],[577,-576],[774,-157],[523,-662]],[[14329,5004],[-196,-1377],[-218,-523],[-1111,-122],[-1025,470]],[[11779,3452],[273,1622],[523,1290]],[[40601,15553],[273,-558]],[[40874,14995],[-578,-993],[-1220,174]],[[39185,14438],[512,1098],[904,17]],[[47422,17454],[262,-802]],[[47684,16652],[54,-1360]],[[47738,15292],[-904,279],[-469,-541],[-1067,-191]],[[45298,14839],[-480,104],[-359,454],[-447,1185],[-251,-87]],[[43761,16495],[55,1430]],[[43816,17925],[697,261]],[[45298,14839],[141,-1186],[-207,-87],[-294,-1169]],[[44938,12397],[-1079,279],[-1057,-1621],[-98,-1256],[-686,-174],[-545,296]],[[41473,9921],[-185,2163],[-11,1168],[185,959]],[[41462,14211],[1264,1081],[730,1081],[305,122]],[[16944,24865],[-294,-628]],[[16650,24237],[294,628]],[[9338,21587],[-1155,348]],[[8183,21935],[98,1029],[709,767],[196,1064]],[[9186,24795],[1209,436],[186,-610]],[[26991,23313],[327,-1413]],[[27318,21900],[0,-802],[-588,-331],[-469,-575]],[[24866,20244],[-218,680],[77,1151],[588,1988]],[[25313,24063],[567,-593],[1111,-157]],[[11779,3452],[-141,-906],[-1046,69],[-414,628],[642,244],[142,454],[-599,418],[218,610],[-131,558],[196,1308],[970,488],[338,401],[806,-331]],[[14634,24289],[-850,-540],[404,-401],[65,-593]],[[14253,25091],[381,-802]],[[8859,29677],[305,-349],[-261,-1168],[228,-1273],[0,-1081]],[[9131,25806],[-904,-523],[-610,70],[174,-732],[-686,-349]],[[7105,24272],[-33,575],[-567,1552],[186,1046],[-142,1151],[-207,453]],[[9131,25806],[55,-1011]],[[8183,21935],[-697,53],[109,610],[-523,976],[33,698]],[[28440,16844],[295,453],[54,698],[-327,784]],[[28462,18779],[491,558]],[[30707,19843],[-338,-767],[33,-489]],[[30402,18587],[-425,-1081]],[[34739,34838],[250,-1150],[665,-593]],[[35654,33095],[-54,-924],[-262,-1169],[-447,105]],[[34891,31107],[-436,575]],[[34455,31682],[-969,645]],[[33486,32327],[152,541],[-414,1168],[-577,924]],[[33486,32327],[-1155,541]],[[32331,32868],[-752,192],[-207,349],[-1210,418]],[[29606,35065],[327,35],[1057,-419],[981,-174],[360,401]],[[17489,21656],[-76,-331],[-872,-837]],[[16541,20488],[-359,52]],[[16182,20540],[348,1256]],[[16530,21796],[796,523],[163,-663]],[[39980,18343],[-774,-226]],[[40002,18936],[-22,-593]],[[51923,33095],[141,366],[600,35],[-120,994]],[[52544,34490],[850,401]],[[53394,34891],[784,-210],[1090,-941]],[[53067,28666],[-610,-209],[-1351,1482]],[[51106,29939],[76,139]],[[17642,10322],[-1101,-470],[-741,854],[316,732]],[[16116,11438],[850,-331],[1133,209]],[[18099,11316],[22,-122]],[[18121,11194],[-479,-872]],[[19919,20784],[-272,262],[-818,157],[-860,732]],[[17969,21935],[-77,1134]],[[17892,23069],[425,1203]],[[19472,24638],[829,-331],[305,-646],[-273,-2423]],[[17217,18954],[-436,523],[-240,1011]],[[17489,21656],[480,279]],[[34455,31682],[-446,-488],[-120,-1517],[-959,837],[11,453],[-556,1047],[-54,854]],[[42998,18709],[818,-784]],[[41462,14211],[-588,784]],[[40601,15553],[153,1361]],[[40754,16914],[-11,592]],[[40743,17506],[468,907],[632,854],[371,-34]],[[42214,19233],[141,17]],[[28462,18779],[-207,593],[120,541],[-327,540],[153,454]],[[28201,20907],[817,1551],[305,1936]],[[29323,24394],[850,-18],[207,-558],[567,401],[196,820]],[[31317,18308],[-294,279],[-621,0]],[[41211,34734],[1014,-1831]],[[21456,16547],[-730,18],[-415,-506],[-1057,942],[-632,-140]],[[18622,16861],[-664,192]],[[21031,20331],[1144,244],[556,-244]],[[39980,18343],[763,-837]],[[40754,16914],[-567,557],[-545,-226],[-359,-750],[-458,-1761]],[[37964,14821],[-458,18],[-730,1534],[-479,732]],[[36297,17105],[468,262],[676,1151]],[[58940,35780],[-1351,1133]],[[57589,36913],[-392,715]],[[57197,37628],[229,87],[-55,1343]],[[52838,39616],[-512,-854],[44,-471],[-567,-593]],[[51803,37698],[-687,-262],[-468,628],[-1896,331]],[[20050,10218],[-109,-1343],[-534,87],[-436,698],[-1242,575]],[[17729,10235],[-87,87]],[[18121,11194],[436,18],[469,436]],[[19026,11648],[860,-750],[164,-680]],[[55671,37768],[284,-506]],[[55955,37262],[523,-1273]],[[56478,35989],[-295,-1482]],[[53394,34891],[33,1046],[207,732],[-88,663],[305,854]],[[16530,21796],[-250,1325]],[[16280,23121],[348,401]],[[16628,23522],[273,-244],[991,-209]],[[50539,14577],[294,1308],[-752,505],[-686,-191]],[[49395,16199],[-218,244],[-1493,209]],[[50234,13897],[-87,785],[-502,662]],[[49645,15344],[-250,855]],[[19788,13461],[-207,366],[-959,192]],[[18622,14019],[88,1970],[-88,872]],[[20998,15658],[-403,-732],[-164,-994],[-643,-471]],[[35480,35815],[839,-506],[370,628],[916,-174],[937,-837]],[[38542,34926],[228,-210]],[[37267,33199],[-1580,890],[-33,-994]],[[17827,17018],[-338,-436],[-904,994],[-382,157]],[[14634,21273],[926,-593],[622,-140]],[[35556,20662],[-338,-2092],[207,-1221]],[[35425,17349],[-305,-523],[-490,192]],[[34630,17018],[-1014,1029],[-697,-401],[-501,0]],[[24583,24673],[730,-610]],[[22916,21151],[196,1412]],[[35523,30392],[-686,384],[54,331]],[[19788,13461],[-272,-436],[44,-976],[-534,-401]],[[18099,11316],[-675,907],[338,523],[0,1134],[860,139]],[[36297,17105],[-872,244]],[[31317,18308],[-185,-1028]],[[34630,17018],[-175,-767],[-479,-1046]],[[33976,15205],[-567,331],[-250,-262]],[[21074,11944],[-468,-331],[-88,-1134],[-468,-261]],[[42519,42702],[-643,-366],[44,-593],[-622,-296],[-392,-471],[0,-540]],[[40906,40436],[-229,453],[-850,296],[-860,18]],[[42268,40348],[-959,-540]],[[41309,39808],[-403,628]],[[41309,39808],[-261,-1151],[22,-697]],[[41070,37960],[-393,-70],[-544,-680],[-458,-192],[152,-889]],[[38542,34926],[435,645],[-130,523],[-741,1185],[-109,1343],[-251,384]],[[41070,37960],[130,-1640]],[[49645,15344],[-588,-854],[-65,-698],[-349,-366]],[[48643,13426],[-850,1221],[-55,645]],[[56478,35989],[1111,924]],[[16116,11438],[-861,646],[-272,-593],[-479,104],[-109,593]],[[14395,12188],[-11,0]],[[14395,12188],[-273,1012],[-599,313],[-371,541],[196,767],[720,384]],[[14068,15205],[697,662]],[[41473,9921],[-185,-453],[-1036,-227],[-850,-680],[-479,70],[-370,750],[-1112,628],[-458,-227]],[[51803,37698],[-120,-924],[207,-977],[-229,-627],[185,-523],[698,-157]],[[49329,35640],[-414,262]],[[48915,35902],[-359,1290],[196,1203]],[[42214,19390],[0,-157]],[[28462,18779],[-185,-122],[-1493,52]],[[27318,21900],[599,-418],[284,-575]],[[44339,37698],[-687,-628]],[[43652,37070],[-185,-17],[-992,-1203],[-664,-297],[-491,314]],[[43652,37070],[447,-104],[240,-471],[-229,-576],[54,-871],[491,-802],[-196,-855]],[[25618,15815],[403,-575],[305,-1116]],[[26326,14124],[-130,-715],[-785,-785],[-512,-227]],[[45984,37123],[33,-1116],[-229,-1448],[294,-261],[-152,-750]],[[45930,33548],[-284,-715]],[[14068,15205],[-709,17],[-839,663],[-980,226],[-197,663],[-566,610],[152,366]],[[10929,17750],[632,436],[1384,419]],[[29323,24394],[-643,-419],[-763,489],[-926,-1151]],[[50310,29259],[796,680]],[[16628,23522],[22,715]],[[16944,24865],[218,-18]],[[48948,11020],[447,1377],[-752,1029]],[[48915,35902],[-229,-506],[-1394,-2075]],[[47292,33321],[-632,-1168]],[[45864,32711],[66,837]],[[17729,10235],[-403,-593],[-501,-244],[-229,-558],[-1264,-1150],[-109,-558]],[[13752,7951],[-66,576],[229,854],[-174,976],[250,541],[-65,1203],[458,87]],[[16280,23121],[-393,680],[-1253,488]],[[47292,33321],[272,-662]],[[10929,17750],[-653,663],[-11,1203],[-654,628],[403,331]],[[36221,13043],[-393,401],[-708,-384],[-1111,994],[-33,1151]],[[36439,38378],[-502,52]],[[29018,14647],[-218,-907],[-392,-279],[-1025,1081]],[[27383,14542],[600,1151]],[[47183,7934],[-305,69],[-1689,-680],[-458,1081],[131,1273],[-120,1849],[196,871]],[[77051,40174],[425,-471],[697,-349],[436,192],[545,-505],[196,-925],[-33,-993],[403,52],[360,-436]],[[80080,36739],[-305,-384]],[[79775,36355],[-196,-244]],[[79579,36111],[-436,332],[-1297,540],[-11,977],[-272,505],[-578,-331],[-305,366]],[[76680,38500],[22,1011],[-327,297]],[[76375,39808],[676,366]],[[77051,41150],[0,-976]],[[76375,39808],[-785,750],[44,784]],[[75634,41342],[1231,0],[186,-192]],[[83392,10706],[-425,523]],[[82967,11229],[338,366],[-76,802]],[[83229,12397],[316,803],[850,627],[654,1029]],[[85049,14856],[741,-1290],[817,-454],[381,0]],[[86988,13112],[186,-470],[-295,-628]],[[86879,12014],[-337,-419]],[[86542,11595],[-850,-348],[-578,-35],[-556,-750]],[[84558,10462],[-566,139]],[[83992,10601],[-600,105]],[[68497,43905],[795,-2005]],[[69292,41900],[207,-2075]],[[75569,16635],[-338,-1674],[11,-471]],[[75242,14490],[-480,70]],[[74762,14560],[-545,592],[-937,210]],[[73280,15362],[-207,906]],[[73073,16268],[1471,593],[251,-418],[774,192]],[[73106,43557],[349,-489],[566,-313]],[[74021,42755],[872,-1326]],[[74893,41429],[-218,-575]],[[74675,40854],[-305,122],[-1406,-1186],[-926,18]],[[72038,39808],[-207,3051]],[[71831,42859],[588,506]],[[72419,43365],[687,192]],[[72398,38465],[544,-1464],[338,87],[338,-1047],[-392,-488]],[[73226,35553],[-327,-226]],[[72899,35327],[-741,1883],[240,1255]],[[91064,16495],[-164,-401],[414,-645],[545,-192],[589,-1151],[882,-1168]],[[93330,12938],[-414,-575]],[[92916,12363],[-1983,69],[-501,-941]],[[90432,11491],[-1450,680]],[[88982,12171],[153,1081],[-142,505],[512,402],[33,697],[534,-209],[-98,1813]],[[89974,16460],[1090,35]],[[76353,30357],[55,-1499]],[[76408,28858],[-600,-297]],[[75808,28561],[-959,802]],[[74849,29363],[513,1465],[98,819]],[[75460,31647],[893,-1290]],[[69445,44899],[294,-593],[43,-1011],[327,-715]],[[70109,42580],[-337,-610],[-480,-70]],[[90453,8178],[131,-332],[-741,-1360],[-272,-279],[-1123,-2476]],[[88448,3731],[-501,698],[-719,1412],[-512,436],[-556,802],[-87,872]],[[86073,7951],[872,-924],[621,1133],[632,454]],[[88198,8614],[218,593],[795,697]],[[89211,9904],[948,-1133],[294,-593]],[[86694,16390],[-675,-767],[-1493,1221]],[[84526,16844],[392,87],[218,1343]],[[85136,18274],[218,-401],[763,-332],[599,-540],[-22,-611]],[[75950,22511],[76,-523]],[[76026,21988],[-261,-942]],[[75765,21046],[-175,-1046],[-272,-384],[-708,331]],[[74610,19947],[-512,1238]],[[74098,21185],[566,314],[-163,820],[610,-87],[839,279]],[[71264,10689],[153,-907],[349,-105]],[[71766,9677],[-218,-261],[-305,-1343],[-1526,-17],[-392,-419],[-774,244]],[[68551,7881],[153,401]],[[68704,8282],[926,1238],[1002,245],[632,924]],[[93592,20628],[599,-803],[523,-313],[676,-1308],[54,-802]],[[95444,17402],[-893,-663]],[[94551,16739],[-251,1081],[-665,820]],[[93635,18640],[-261,505],[218,1483]],[[81486,21238],[-382,-331]],[[81104,20907],[-599,-140]],[[80505,20767],[-22,366],[-883,0],[-555,558]],[[79045,21691],[-545,610]],[[78500,22301],[-33,907],[-250,698]],[[78217,23906],[937,575]],[[79154,24481],[610,-139],[588,-907],[785,-488]],[[81137,22947],[349,-1709]],[[74414,25039],[-513,593],[-250,872]],[[73651,26504],[490,802],[-250,854]],[[73891,28160],[599,314],[196,558]],[[74686,29032],[163,331]],[[75808,28561],[131,-750],[-795,-1551],[-730,-1221]],[[76844,11107],[653,-52],[447,-576],[174,-2022]],[[78118,8457],[-130,-349]],[[77988,8108],[-218,-1046]],[[77770,7062],[-131,-314],[-904,-140]],[[76735,6608],[-88,419],[-828,697],[-229,541],[-446,-52]],[[75144,8213],[-316,1116],[207,749]],[[75035,10078],[632,1151]],[[75667,11229],[937,-436],[240,314]],[[72158,31961],[-915,-1604]],[[71243,30357],[-578,-35]],[[69772,33356],[675,-192],[294,-523],[796,401],[621,-1081]],[[74512,34019],[228,1063],[-10,1483],[-218,924],[435,593]],[[74947,38082],[698,34],[763,279]],[[76408,38395],[544,-313],[208,-837],[-415,-105],[-261,-1151],[305,-610],[-251,-314],[-119,-1221]],[[76419,33844],[-545,-331]],[[75874,33513],[-1362,506]],[[74228,6731],[-21,-698],[-785,-959],[-1297,-750]],[[72125,4324],[87,1099],[-98,645],[458,1308],[741,-785],[915,140]],[[74174,10636],[-752,-1778],[218,-785],[599,-628]],[[74239,7445],[-11,-714]],[[72125,4324],[-1079,384],[-904,-942],[-621,-1412],[-970,1988],[-43,593],[-556,331],[-218,1778]],[[67734,7044],[817,837]],[[71766,9677],[675,227],[861,1133]],[[73302,11037],[109,-366],[763,-35]],[[74054,29886],[632,-854]],[[73891,28160],[-1068,-227]],[[72823,27933],[-491,837]],[[72332,28770],[414,367],[1308,749]],[[73226,35553],[-22,-523]],[[73204,35030],[196,-1412],[360,-680],[120,-767],[-404,-680]],[[73476,31491],[-490,261],[-556,767]],[[72430,32519],[-283,768],[752,2040]],[[68072,18727],[436,52],[882,-1709],[-65,-488]],[[69325,16582],[-741,-331],[-828,767]],[[67756,17018],[-88,1343],[404,366]],[[84569,5179],[-588,401],[-283,-1116],[-360,122]],[[83338,4586],[-87,314]],[[83251,4900],[-77,314]],[[83174,5214],[-54,331]],[[83120,5545],[218,907]],[[83338,6452],[501,505],[578,-523]],[[84417,6434],[152,-1255]],[[92774,24743],[-283,-157],[175,-1517],[196,-489]],[[92862,22580],[-44,-871]],[[92818,21709],[-174,-750]],[[92644,20959],[-512,680],[-502,-244],[-141,-977],[-785,-1325]],[[90704,19093],[-370,35]],[[90334,19128],[-839,1691],[-796,872],[-458,18]],[[88241,21709],[-577,645],[33,1063],[544,628],[33,698]],[[88274,24743],[-152,645],[196,767]],[[88318,26155],[882,-854],[807,-1448],[436,-87],[599,-872],[370,-139],[240,645],[-207,471]],[[91445,23871],[730,1900]],[[92175,25771],[164,-645],[435,-383]],[[75667,11229],[32,698],[-414,1116],[436,889],[-109,697]],[[75612,14629],[926,18],[251,523]],[[76789,15170],[392,-593],[11,-558],[360,-575]],[[77552,13444],[-316,-367],[-87,-662],[-480,-628],[175,-680]],[[88852,29799],[-164,-314]],[[88688,29485],[33,-1133],[-240,-523]],[[88481,27829],[-65,-872]],[[88416,26957],[-98,-802]],[[88274,24743],[-741,784],[-1297,-1395]],[[86236,24132],[-817,1256],[-305,1377],[-643,1221]],[[84471,27986],[142,1151]],[[84613,29137],[392,906],[382,122]],[[85387,30165],[958,-331],[1733,157],[534,331]],[[88612,30322],[240,-523]],[[83251,4900],[-77,314]],[[83120,5545],[-33,750]],[[83087,6295],[251,157]],[[85234,18465],[-65,471]],[[85169,18936],[588,401]],[[85757,19337],[392,-157],[33,-959],[-948,244]],[[79579,36111],[-295,-279],[229,-767],[-643,-889],[-272,-924]],[[78598,33252],[-403,-105],[-927,-680]],[[77268,32467],[-501,-314]],[[76767,32153],[109,907],[-457,784]],[[76408,38395],[272,105]],[[85899,8248],[-567,-227],[-719,1935],[-55,506]],[[86542,11595],[-654,-1604],[11,-1743]],[[71493,12572],[-174,-471],[-55,-1412]],[[68704,8282],[-818,715],[-708,1535]],[[68791,12886],[1024,-227],[817,610]],[[70632,13269],[861,-697]],[[85626,30671],[-555,1238],[-382,17],[262,1064]],[[84951,32990],[610,-35],[425,-854],[-360,-1430]],[[85855,35954],[-545,-453],[175,-436],[-55,-1290],[-556,-122]],[[84874,33653],[-697,523],[-76,889]],[[84101,35065],[305,366],[185,924],[-163,314]],[[84428,36669],[1296,645]],[[85724,37314],[131,-1360]],[[82771,22633],[218,-419],[-87,-924]],[[82902,21290],[-806,279],[-610,-331]],[[81137,22947],[686,610],[458,-680],[490,-244]],[[81747,15763],[109,-1012],[-370,-592],[-1199,1482]],[[80287,15641],[-436,610]],[[79851,16251],[381,506],[654,69],[414,-627]],[[81300,16199],[447,-436]],[[87446,11717],[142,-1691],[239,-1029],[371,-383]],[[86073,7951],[-174,297]],[[86879,12014],[567,-297]],[[92916,12363],[-1275,-1762],[-239,-540]],[[91402,10061],[-436,488],[-502,0],[-32,942]],[[89832,27253],[-653,-296],[-698,872]],[[88688,29485],[970,-662],[174,-1570]],[[63746,8091],[-545,-541],[-2049,-1377],[-261,191],[-414,1221],[-621,331],[-643,-70],[76,959]],[[60695,10671],[130,244],[1428,-226],[741,-733],[272,-819],[1133,-70],[-653,-976]],[[86236,24132],[-697,-314]],[[85539,23818],[-392,18],[-632,-855],[-447,-1238],[22,-575]],[[84090,21168],[-687,-349],[-501,471]],[[82771,22633],[-534,1464],[33,558],[-523,1761],[-251,245]],[[81496,26661],[240,453],[1351,1046],[872,-976],[512,802]],[[76353,30357],[491,645],[-77,1151]],[[77268,32467],[415,-628],[-229,-732],[141,-401],[-163,-1011],[294,-768]],[[77726,28927],[-806,-715]],[[76920,28212],[-512,646]],[[74098,21185],[-1156,-69]],[[72942,21116],[55,558],[-360,505],[-414,1326],[-316,34],[-490,1064]],[[71417,24603],[370,209],[1068,1343]],[[72855,26155],[796,349]],[[74414,25039],[-66,-174]],[[74348,24865],[55,-1343],[980,209]],[[75383,23731],[0,-471],[382,-592]],[[75765,22668],[185,-157]],[[76974,19006],[-381,-854],[-741,-123],[-87,-1098],[-196,-296]],[[73073,16268],[-512,872],[-261,1046]],[[72300,18186],[109,750]],[[72409,18936],[1373,-383],[566,732],[262,662]],[[75765,21046],[643,-401],[370,-645],[196,-994]],[[82967,11229],[-632,-296]],[[82335,10933],[-381,157],[-501,-262],[-981,680]],[[80472,11508],[65,959],[404,506],[239,1133],[-675,593],[-578,157]],[[79927,14856],[360,785]],[[81747,15763],[436,-262],[1100,-70],[240,279]],[[83523,15710],[-98,-523],[-610,-767],[425,-959],[-11,-1064]],[[79361,8823],[-828,-105],[-415,-261]],[[77552,13444],[272,122]],[[77824,13566],[447,-837],[719,261]],[[78990,12990],[229,-1865]],[[79219,11125],[229,-925],[-283,-418],[196,-715]],[[79361,9067],[0,-244]],[[97711,17123],[-927,-175],[-1656,-1726],[-730,-1290]],[[94398,13932],[-926,366],[-349,1064],[1428,1377]],[[95444,17402],[708,558]],[[96152,17960],[1504,-70],[55,-767]],[[70251,40313],[556,-714],[730,-384]],[[71537,39215],[-196,-1308],[-556,-261]],[[70785,37646],[-305,331],[-360,-471],[-316,1238],[-261,157]],[[69499,39825],[371,-52],[381,540]],[[88241,21709],[-871,-872],[-1308,-994],[-305,-506]],[[85169,18936],[-11,419],[-698,906]],[[84460,20261],[425,698],[-22,889],[981,1029],[-294,244],[-11,697]],[[92818,18832],[-1427,-1378],[-327,-959]],[[89974,16460],[-360,471],[785,785],[-447,732],[382,680]],[[90704,19093],[752,-401],[795,140],[349,540]],[[92600,19372],[218,-540]],[[75460,31647],[-98,855],[512,593],[0,418]],[[81616,30636],[-338,-401],[-87,-802],[207,-1308],[-425,-505],[-555,34],[-98,-1307]],[[80320,26347],[-218,-35]],[[80102,26312],[207,2023],[185,488]],[[80494,28823],[-251,471],[131,697],[-109,802],[316,366],[-370,1081]],[[80211,32240],[860,-17],[545,-1587]],[[80494,28823],[-534,418],[-153,750],[-512,-349],[-381,419],[784,401],[-10,784],[-622,262],[-21,1238]],[[79045,32746],[425,453]],[[79470,33199],[741,-959]],[[81082,2650],[-228,-976],[-622,35],[-948,505],[-348,454]],[[78936,2668],[686,732],[698,-227],[207,611]],[[80527,3784],[65,-471],[490,-663]],[[65522,32903],[-425,-994],[468,-2127]],[[67538,20314],[294,69],[512,1430]],[[68344,21813],[251,-174],[632,383],[414,-17],[250,506]],[[69891,22511],[513,-175]],[[70404,22336],[828,-505],[316,-715],[-262,-907]],[[71286,20209],[-163,-523],[152,-1308]],[[71275,18378],[-218,-383],[-904,-558],[-153,-1256]],[[70000,16181],[-675,401]],[[68072,18727],[-404,366]],[[80102,26312],[-327,174]],[[79775,26486],[-523,1308],[-502,663],[-1024,470]],[[78598,33252],[447,-506]],[[97046,23923],[-763,-1029],[-795,332],[-11,-890],[-403,35]],[[95074,22371],[-11,541],[-469,471]],[[94594,23383],[185,174],[-403,1098]],[[94376,24655],[916,-279]],[[95292,24376],[392,-488],[458,175],[-251,906]],[[95891,24969],[665,-52],[490,-994]],[[83523,15710],[207,419]],[[83730,16129],[665,-331],[654,-942]],[[78053,5283],[-65,-1464]],[[77988,3819],[-676,-558],[-479,592],[-818,611],[556,1308],[164,836]],[[77770,7062],[272,-733],[11,-1046]],[[88579,11683],[33,-890],[599,-889]],[[87446,11717],[1013,18]],[[88459,11735],[120,-52]],[[93712,26539],[-338,-611],[-294,-1029]],[[93080,24899],[-306,-156]],[[92175,25771],[-327,994]],[[91848,26765],[665,872],[338,174],[348,-1028],[513,-244]],[[78500,22301],[-959,-871],[-708,0],[-502,662],[-305,-104]],[[75765,22668],[675,34],[393,733],[87,1203]],[[76920,24638],[1297,-732]],[[77802,43452],[66,-1116],[294,-314],[-338,-767],[-556,0]],[[77268,41255],[-610,1273],[164,907],[664,-192],[316,209]],[[76974,19006],[665,-297]],[[77639,18709],[-87,-732],[174,-732],[-43,-837]],[[77683,16408],[-720,-994]],[[76963,15414],[-174,-244]],[[75612,14629],[-370,-139]],[[92644,20959],[-229,-1116],[185,-471]],[[72942,21116],[-403,-1343]],[[72539,19773],[-425,802],[-414,87],[-414,-453]],[[70404,22336],[621,1517],[76,506]],[[71101,24359],[316,244]],[[94398,13932],[-828,-1308],[-240,314]],[[92818,18832],[817,-192]],[[79045,21691],[-186,-1395],[-893,-854],[-327,-733]],[[80472,11508],[-240,-279]],[[80232,11229],[-784,175],[-229,-279]],[[78990,12990],[283,628],[360,1500]],[[79633,15118],[294,-262]],[[74893,41429],[741,-87]],[[74947,38082],[-577,784],[-55,576],[360,1412]],[[88416,26957],[981,-1377],[610,-314],[370,401],[229,906]],[[90606,26573],[131,-1272],[708,-1430]],[[93712,26539],[773,-506]],[[94485,26033],[-414,-645],[305,-733]],[[94594,23383],[-632,34]],[[93962,23417],[-882,1482]],[[95292,24376],[21,855]],[[95313,25231],[578,-262]],[[85855,35954],[-272,-593],[708,-749],[643,488]],[[86934,35100],[305,-401],[577,471],[545,-401],[382,-1099]],[[88743,33670],[-414,-1831],[860,-1028]],[[89189,30811],[-577,-489]],[[85387,30165],[239,506]],[[84951,32990],[-77,663]],[[92818,21709],[545,-192],[229,-889]],[[70785,37646],[-338,-1692]],[[70447,35954],[-566,-191],[-600,313]],[[69238,36251],[-382,1238]],[[75035,10078],[-861,558]],[[73302,11037],[-196,1326]],[[73106,12363],[512,1063]],[[73618,13426],[251,471],[893,663]],[[68192,29241],[-436,-1430],[54,-941]],[[67810,26870],[-643,-227]],[[67167,26643],[-283,35],[-1079,976]],[[76299,25039],[621,-401]],[[76920,24638],[-643,-157],[-894,-750]],[[74348,24865],[556,191],[1395,-17]],[[67810,26870],[403,-105],[785,-1412]],[[68998,25353],[-174,-907],[-447,-174]],[[68377,24272],[-316,-419]],[[68061,23853],[-131,-87]],[[67930,23766],[-599,1133],[-916,349]],[[66415,25248],[600,802],[152,593]],[[86988,13112],[556,419],[381,767]],[[87925,14298],[458,-244],[196,-1343],[-120,-976]],[[79829,5214],[142,-785],[556,-645]],[[78936,2668],[-611,279],[-337,872]],[[78053,5283],[752,140],[1024,-209]],[[76963,15414],[1101,-942],[-240,-906]],[[77683,16408],[1057,-157],[555,-488],[338,-645]],[[66415,25248],[-2157,-2633]],[[80232,11229],[327,-732],[-468,-593],[-153,-593],[-577,-244]],[[67930,23766],[-1079,-959],[-98,-976],[687,-977],[-44,-296]],[[73618,13426],[-349,1500],[11,436]],[[72539,46503],[316,-226]],[[72855,46277],[240,-244],[-65,-1134],[-578,-418],[654,-924]],[[72419,43365],[-207,680],[-860,1186]],[[79066,25109],[88,-628]],[[76299,25039],[359,2336],[262,837]],[[76920,28212],[806,-348],[240,-750],[436,401],[163,-907],[501,-1499]],[[79775,26486],[-131,-575],[-578,-802]],[[84569,5179],[436,17],[1024,-1186],[229,-1238],[294,-87],[1003,-994]],[[87555,1691],[-556,-1185],[-555,-506],[-1145,1726],[-1024,907],[-490,-35],[-109,593],[-436,418]],[[83240,3609],[98,977]],[[84613,29137],[-806,453],[-349,-279],[-600,1151],[-207,-436],[-741,767]],[[81910,30793],[-54,1151],[131,453],[915,1378],[-305,610],[1024,-17],[480,697]],[[72430,32519],[-272,-558]],[[69772,33356],[719,593],[-207,593],[250,349],[-87,1063]],[[71537,39215],[545,-105]],[[72082,39110],[316,-645]],[[73106,12363],[-1613,209]],[[70632,13269],[44,698],[-676,2214]],[[71275,18378],[1025,-192]],[[67756,17018],[-295,-453]],[[81496,26661],[-163,-401],[-1013,87]],[[81616,30636],[294,157]],[[79361,8823],[250,-750],[1068,-70]],[[80679,8003],[-468,-1028]],[[80211,6975],[-469,17]],[[79742,6992],[-588,105],[-1166,1011]],[[80679,8003],[719,558]],[[81398,8561],[730,-1081],[131,-540]],[[82259,6940],[-1057,-820],[-654,349],[-337,506]],[[83992,10601],[-77,-1011]],[[83915,9590],[-468,349]],[[83447,9939],[-207,628]],[[83240,10567],[152,139]],[[84460,20261],[-370,907]],[[82259,6940],[741,-349],[87,-296]],[[83240,3609],[-1471,-784],[-687,-175]],[[79829,5214],[175,226],[-360,1238],[98,314]],[[71831,42859],[-185,837],[-436,18],[-272,1098],[381,366]],[[72539,19773],[-130,-837]],[[93962,23417],[-218,-889],[-882,52]],[[74512,34019],[-763,244],[-545,767]],[[72082,39110],[-44,698]],[[82335,10933],[393,-698]],[[82728,10235],[719,-296]],[[83915,9590],[502,-383],[-186,-611],[-719,244]],[[83512,8840],[-1732,367],[-382,-646]],[[83240,10567],[-512,-332]],[[69891,22511],[-337,87]],[[69554,22598],[76,697],[-589,314],[-664,663]],[[68998,25353],[392,122],[1014,-1029],[697,-87]],[[75144,8213],[-905,-768]],[[70251,40313],[-22,1134],[316,209]],[[70545,41656],[338,105],[185,732],[763,366]],[[79775,36355],[490,-994],[-512,-732],[185,-506],[-468,-924]],[[80505,20767],[-665,-1151],[-392,-2702],[403,-663]],[[85724,37314],[654,454],[621,17],[185,-1081],[-250,-1604]],[[69554,22598],[-850,575],[-578,70]],[[68126,23243],[-65,610]],[[72855,26155],[-283,349],[272,802],[-21,627]],[[88982,12171],[-403,-488]],[[87925,14298],[-261,959],[-567,209],[-403,924]],[[85136,18274],[98,191]],[[90650,26852],[512,401]],[[91162,27253],[686,-488]],[[90606,26573],[44,279]],[[89832,27253],[131,-418],[687,17]],[[68344,21813],[-218,1430]],[[96152,17960],[-566,837],[76,837],[-937,610],[-425,680],[262,1081],[512,366]],[[97046,23923],[774,-872],[316,-854],[501,-523],[501,-1116],[861,-1064],[-218,-192],[-686,-2092],[-1384,-87]],[[70545,41656],[-436,924]],[[73476,31491],[698,-959],[-120,-646]],[[72332,28770],[-479,70],[-360,506],[-250,1011]],[[67734,7044],[-992,122],[-1721,-348],[-1275,1273]],[[88743,33670],[621,105],[294,-924],[403,-558],[-338,-872],[-534,-610]],[[88852,29799],[817,-471],[795,-1272],[698,-803]],[[83730,16129],[796,715]],[[77268,41255],[-217,-105]],[[74021,42755],[545,244],[360,-506],[741,1848],[-414,750],[-404,1221]],[[74849,46312],[425,-262],[480,-924],[523,331],[436,-436],[-382,-575],[88,-471],[1307,-122],[76,-401]],[[72855,46277],[1123,-244],[588,401],[283,-122]],[[80080,36739],[501,-645],[164,-802],[839,505],[544,-662],[796,1499],[1068,349],[436,-314]],[[86073,7951],[-588,-35],[-622,-349],[-174,-383]],[[84689,7184],[-425,575],[-294,785],[-458,296]],[[81300,16199],[523,1569],[414,872],[-327,959],[-806,1308]],[[91402,10061],[-491,-1186],[-458,-697]],[[88448,3731],[-893,-2040]],[[84417,6434],[272,750]],[[43892,78430],[11,-854]],[[6876,33252],[-175,52]],[[57197,37628],[-414,628],[-828,-994]],[[27383,14542],[-1057,-418]],[[94485,26033],[828,-802]],[[4849,32153],[-185,541],[545,767],[65,697]]],"transform":{"scale":[0.000009177091770917815,0.000005735057350573498],"translate":[74.4866,31.4817]},"objects":{"villages":{"type":"GeometryCollection","geometries":[{"arcs":[[0,1,2]],"type":"Polygon","properties":{"OBJECTID":340976,"vilnam_soi":" ","stcode11":"03","dtcode11":"049","sdtcode11":"00255","vilcode11":"","stname":"PUNJAB","dtname":"Amritsar","sdtname":"Ajnala","vilname11":" ","vil_lgd":0,"dist_lgd":27,"state_lgd":3,"gp_code":0,"gp_name":"","subdt_lgd":255,"block_name":"CHOGAWAN","block_lgd":212,"Remark":null,"ac_no":null,"test":null,"shape_Length":2395.2999914939846,"shape_Area":127734.74211106764}},{"arcs":[[3,4,5]],"type":"Polygon","properties":{"OBJECTID":340977,"vilnam_soi":"DAKHLI KANWEN CHAK","stcode11":"03","dtcode11":"049","sdtcode11":"00255","vilcode11":"","stname":"PUNJAB","dtname":"Amritsar","sdtname":"Ajnala","vilname11":" ","vil_lgd":0,"dist_lgd":27,"state_lgd":3,"gp_code":0,"gp_name":"","subdt_lgd":255,"block_name":"CHOGAWAN","block_lgd":212,"Remark":null,"ac_no":null,"test":null,"shape_Length":3773.0424181255835,"shape_Area":643174.5816885012}},{"arcs":[[6,7,8,9,10,11]],"type":"Polygon","properties":{"OBJECTID":340978,"vilnam_soi":"ABU SAID","stcode11":"03","dtcode11":"049","sdtcode11":"00255","vilcode11":"037270","stname":"PUNJAB","dtname":"Amritsar","sdtname":"Ajnala","vilname11":"Abu Said (250)","vil_lgd":37270,"dist_lgd":27,"state_lgd":3,"gp_code":237914,"gp_name":"ABU SAID","subdt_lgd":255,"block_name":"AJNALA","block_lgd":210,"Remark":null,"ac_no":null,"test":null,"shape_Length":13655.684825880486,"shape_Area":6373519.0984715605}},{"arcs":[[12,13,14,15,16,17,18,19,20,21,22]],"type":"Polygon","properties":{"OBJECTID":340979,"vilnam_soi":"ADLIWALA","stcode11":"03","dtcode11":"049","sdtcode11":"00255","vilcode11":"037393","stname":"PUNJAB","dtname":"Amritsar","sdtname":"Ajnala","vilname11":"Adliwala (300)","vil_lgd":37393,"dist_lgd":27,"state_lgd":3,"gp_code":238205,"gp_name":"ADLIWALA","subdt_lgd":255,"block_name":"HARSHE CHHINA","block_lgd":215,"Remark":null,"ac_no":null,"test":null,"shape_Length":15455.707987367156,"shape_Area":9700769.896053262}},{"arcs":[[23,24,25,26,27,28,29,30]],"type":"Polygon","properties":{"OBJECTID":340980,"vilnam_soi":"AJNALA","stcode11":"03","dtcode11":"049","sdtcode11":"00255","vilcode11":"800247","stname":"PUNJAB","dtname":"Amritsar","sdtname":"Ajnala","vilname11":"Ajnala (NP)","vil_lgd":800247,"dist_lgd":27,"state_lgd":3,"gp_code":0,"gp_name":"","subdt_lgd":255,"block_name":"AJNALA","block_lgd":210,"Remark":null,"ac_no":null,"test":null,"shape_Length":12845.306226715209,"shape_Area":7694535.504122019}},{"arcs":[[31,32,33,34,35]],"type":"Polygon","properties":{"OBJECTID":340981,"vilnam_soi":"AKBARPUR","stcode11":"03","dtcode11":"049","sdtcode11":"00255","vilcode11":"037158","stname":"PUNJAB","dtname":"Amritsar","sdtname":"Ajnala","vilname11":"Akbarpura (31)","vil_lgd":37158,"dist_lgd":27,"state_lgd":3,"gp_code":237552,"gp_name":"GULGARH","subdt_lgd":255,"block_name":"CHOGAWAN","block_lgd":212,"Remark":null,"ac_no":null,"test":null,"shape_Length":9464.056031603295,"shape_Area":3501577.338722557}},{"arcs":[[36,37,38]],"type":"Polygon","properties":{"OBJECTID":340982,"vilnam_soi":"ALAMPUR","stcode11":"03","dtcode11":"049","sdtcode11":"00255","vilcode11":"037227","stname":"PUNJAB","dtname":"Amritsar","sdtname":"Ajnala","vilname11":"Alampur (151)","vil_lgd":37227,"dist_lgd":27,"state_lgd":3,"gp_code":238266,"gp_name":"ALAMPUR","subdt_lgd":255,"block_name":"HARSHE CHHINA","block_lgd":215,"Remark":null,"ac_no":null,"test":null,"shape_Length":5512.113049708358,"shape_Area":1128649.0720936407}},{"arcs":[[39,40,41]],"type":"Polygon","properties":{"OBJECTID":340983,"vilnam_soi":"ALI BAKHSH","stcode11":"03","dtcode11":"049","sdtcode11":"00255","vilcode11":"037252","stname":"PUNJAB","dtname":"Amritsar","sdtname":"Ajnala","vilname11":"Aliwal (117)","vil_lgd":37252,"dist_lgd":27,"state_lgd":3,"gp_code":237915,"gp_name":"ALIWAL","subdt_lgd":255,"block_name":"AJNALA","block_lgd":210,"Remark":null,"ac_no":null,"test":null,"shape_Length":6754.036263231675,"shape_Area":1967845.1025233024}},{"arcs":[[42,43]],"type":"Polygon","properties":{"OBJECTID":340984,"vilnam_soi":"ARAZI DARYA P F","stcode11":"03","dtcode11":"049","sdtcode11":"00255","vilcode11":"037122","stname":"PUNJAB","dtname":"Amritsar","sdtname":"Ajnala","vilname11":"Arazi Darya (52)","vil_lgd":37122,"dist_lgd":27,"state_lgd":3,"gp_code":237951,"gp_name":"GALIB","subdt_lgd":255,"block_name":"AJNALA","block_lgd":210,"Remark":null,"ac_no":null,"test":null,"shape_Length":4262.482995015917,"shape_Area":913989.2766571408}},{"arcs":[[44,45,46,47,48]],"type":"Polygon","properties":{"OBJECTID":340985,"vilnam_soi":"ARAZI KASOWAL","stcode11":"03","dtcode11":"049","sdtcode11":"00255","vilcode11":"037083","stname":"PUNJAB","dtname":"Amritsar","sdtname":"Ajnala","vilname11":"Arazi Kassowala (77)","vil_lgd":37083,"dist_lgd":27,"state_lgd":3,"gp_code":237953,"gp_name":"GHONEY WAHALA","subdt_lgd":255,"block_name":"AJNALA","block_lgd":210,"Remark":null,"ac_no":null,"test":null,"shape_Length":8114.909351572598,"shape_Area":3200667.0406267997}},{"arcs":[[49,50,51,-47]],"type":"Polygon","properties":{"OBJECTID":340986,"vilnam_soi":"ARAZI SAHARAN","stcode11":"03","dtcode11":"049","sdtcode11":"00255","vilcode11":"037084","stname":"PUNJAB","dtname":"Amritsar","sdtname":"Ajnala","vilname11":"Arazi  Saharan (75)","vil_lgd":37084,"dist_lgd":27,"state_lgd":3,"gp_code":237953,"gp_name":"GHONEY WAHALA","subdt_lgd":255,"block_name":"AJNALA","block_lgd":210,"Remark":null,"ac_no":null,"test":null,"shape_Length":7374.85594795674,"shape_Area":2457447.8737312895}},{"arcs":[[52,53,54,55]],"type":"Polygon","properties":{"OBJECTID":340987,"vilnam_soi":"ARAZI SINGOKE","stcode11":"03","dtcode11":"049","sdtcode11":"00255","vilcode11":"037097","stname":"PUNJAB","dtname":"Amritsar","sdtname":"Ajnala","vilname11":"Arazi Sanghoke (69)","vil_lgd":37097,"dist_lgd":27,"state_lgd":3,"gp_code":237996,"gp_name":"NANGAL SOHAL","subdt_lgd":255,"block_name":"AJNALA","block_lgd":210,"Remark":null,"ac_no":null,"test":null,"shape_Length":3747.4976552393373,"shape_Area":837901.1013798454}},{"arcs":[[56,57,58,59,60,61,62,63,64]],"type":"Polygon","properties":{"OBJECTID":340988,"vilnam_soi":"AWAN","stcode11":"03","dtcode11":"049","sdtcode11":"00255","vilcode11":"037109","stname":"PUNJAB","dtname":"Amritsar","sdtname":"Ajnala","vilname11":"Awan Near Ramdas (94)","vil_lgd":37109,"dist_lgd":27,"state_lgd":3,"gp_code":237916,"gp_name":"AWAN NEAR RAMDAS","subdt_lgd":255,"block_name":"AJNALA","block_lgd":210,"Remark":null,"ac_no":null,"test":null,"shape_Length":22061.549170996106,"shape_Area":16847814.871283114}},{"arcs":[[65,66,67,68,69,70,71,72,-34]],"type":"Polygon","properties":{"OBJECTID":340989,"vilnam_soi":"AWAN BASAU","stcode11":"03","dtcode11":"049","sdtcode11":"00255","vilcode11":"037160","stname":"PUNJAB","dtname":"Amritsar","sdtname":"Ajnala","vilname11":"Awan Basau (28)","vil_lgd":37160,"dist_lgd":27,"state_lgd":3,"gp_code":237523,"gp_name":"AWAN BASU","subdt_lgd":255,"block_name":"CHOGAWAN","block_lgd":212,"Remark":null,"ac_no":null,"test":null,"shape_Length":13283.813769823077,"shape_Area":6412367.370294763}},{"arcs":[[73,74,75,76,77,78,79]],"type":"Polygon","properties":{"OBJECTID":340990,"vilnam_soi":"AWAN LAKHASINGH","stcode11":"03","dtcode11":"049","sdtcode11":"00255","vilcode11":"037219","stname":"PUNJAB","dtname":"Amritsar","sdtname":"Ajnala","vilname11":"Awanlakha Singh (159)","vil_lgd":37219,"dist_lgd":27,"state_lgd":3,"gp_code":237524,"gp_name":"AWAN LAKHA SINGH","subdt_lgd":255,"block_name":"CHOGAWAN","block_lgd":212,"Remark":null,"ac_no":null,"test":null,"shape_Length":8511.384085848185,"shape_Area":3181080.174462051}},{"arcs":[[[80,-15,81]],[[82,83,-18]]],"type":"MultiPolygon","properties":{"OBJECTID":340991,"vilnam_soi":"BUA NANGLI","stcode11":"03","dtcode11":"049","sdtcode11":"00255","vilcode11":"037394","stname":"PUNJAB","dtname":"Amritsar","sdtname":"Ajnala","vilname11":"Bua Nangali (299)","vil_lgd":37394,"dist_lgd":27,"state_lgd":3,"gp_code":238207,"gp_name":"BUA NANGALI","subdt_lgd":255,"block_name":"HARSHE CHHINA","block_lgd":215,"Remark":null,"ac_no":null,"test":null,"shape_Length":9685.591432236488,"shape_Area":3212258.0653317845}},{"arcs":[[84,85,86,87]],"type":"Polygon","properties":{"OBJECTID":340992,"vilnam_soi":"BAJWA","stcode11":"03","dtcode11":"049","sdtcode11":"00255","vilcode11":"037117","stname":"PUNJAB","dtname":"Amritsar","sdtname":"Ajnala","vilname11":"Bajwa (99)","vil_lgd":37117,"dist_lgd":27,"state_lgd":3,"gp_code":238042,"gp_name":"BAJWA","subdt_lgd":255,"block_name":"AJNALA","block_lgd":210,"Remark":null,"ac_no":null,"test":null,"shape_Length":4849.225723138254,"shape_Area":980245.3000772997}},{"arcs":[[88,89,90,91,92,93,94,95,96,97,98]],"type":"Polygon","properties":{"OBJECTID":340993,"vilnam_soi":"BACHIWIND","stcode11":"03","dtcode11":"049","sdtcode11":"00255","vilcode11":"037206","stname":"PUNJAB","dtname":"Amritsar","sdtname":"Ajnala","vilname11":"Bachiwind (183)","vil_lgd":37206,"dist_lgd":27,"state_lgd":3,"gp_code":237527,"gp_name":"BACHIWIND","subdt_lgd":255,"block_name":"CHOGAWAN","block_lgd":212,"Remark":null,"ac_no":null,"test":null,"shape_Length":18692.12661568452,"shape_Area":12955552.760625616}},{"arcs":[[99,100,101,102,103,104,105,106,107]],"type":"Polygon","properties":{"OBJECTID":340994,"vilnam_soi":"BAGGA KALAN","stcode11":"03","dtcode11":"049","sdtcode11":"00255","vilcode11":"037316","stname":"PUNJAB","dtname":"Amritsar","sdtname":"Ajnala","vilname11":"Bagga (316)","vil_lgd":37316,"dist_lgd":27,"state_lgd":3,"gp_code":238208,"gp_name":"BAGGA KALAN","subdt_lgd":255,"block_name":"HARSHE CHHINA","block_lgd":215,"Remark":null,"ac_no":null,"test":null,"shape_Length":18892.266309534585,"shape_Area":14137437.073874414}},{"arcs":[[108,109,110,111,112]],"type":"Polygon","properties":{"OBJECTID":340995,"vilnam_soi":"BAIHARWAL","stcode11":"03","dtcode11":"049","sdtcode11":"00255","vilcode11":"037305","stname":"PUNJAB","dtname":"Amritsar","sdtname":"Ajnala","vilname11":"Beharwal (336)","vil_lgd":37305,"dist_lgd":27,"state_lgd":3,"gp_code":237528,"gp_name":"BEHARWAL","subdt_lgd":255,"block_name":"CHOGAWAN","block_lgd":212,"Remark":null,"ac_no":null,"test":null,"shape_Length":7779.637671606719,"shape_Area":2452621.45339653}},{"arcs":[[113,114,115,116,117,118]],"type":"Polygon","properties":{"OBJECTID":340996,"vilnam_soi":"BAL BAWA","stcode11":"03","dtcode11":"049","sdtcode11":"00255","vilcode11":"037420","stname":"PUNJAB","dtname":"Amritsar","sdtname":"Ajnala","vilname11":"Balbawa (274)","vil_lgd":37420,"dist_lgd":27,"state_lgd":3,"gp_code":237918,"gp_name":"BAL BAWA","subdt_lgd":255,"block_name":"AJNALA","block_lgd":210,"Remark":null,"ac_no":null,"test":null,"shape_Length":7723.72794946435,"shape_Area":2845856.902312546}},{"arcs":[[119,120,121,122,123]],"type":"Polygon","properties":{"OBJECTID":340997,"vilnam_soi":"BALAGGAN","stcode11":"03","dtcode11":"049","sdtcode11":"00255","vilcode11":"037368","stname":"PUNJAB","dtname":"Amritsar","sdtname":"Ajnala","vilname11":"Balaggan (320)","vil_lgd":37368,"dist_lgd":27,"state_lgd":3,"gp_code":238209,"gp_name":"BALAGAN","subdt_lgd":255,"block_name":"HARSHE CHHINA","block_lgd":215,"Remark":null,"ac_no":null,"test":null,"shape_Length":12227.925361198515,"shape_Area":4543128.193257562}},{"arcs":[[124,125,126,127,128,129,130,131,132]],"type":"Polygon","properties":{"OBJECTID":340998,"vilnam_soi":"BALHARWAL","stcode11":"03","dtcode11":"049","sdtcode11":"00255","vilcode11":"037140","stname":"PUNJAB","dtname":"Amritsar","sdtname":"Ajnala","vilname11":"Ballaharwal (44)","vil_lgd":37140,"dist_lgd":27,"state_lgd":3,"gp_code":261464,"gp_name":"ABADI BABA GAMCHUK","subdt_lgd":255,"block_name":"AJNALA","block_lgd":210,"Remark":null,"ac_no":null,"test":null,"shape_Length":13976.071914634182,"shape_Area":8677312.149115749}},{"arcs":[[133,134,135,136,137,138,139,140,141,142]],"type":"Polygon","properties":{"OBJECTID":340999,"vilnam_soi":"BALLABE DARYA","stcode11":"03","dtcode11":"049","sdtcode11":"00255","vilcode11":"037130","stname":"PUNJAB","dtname":"Amritsar","sdtname":"Ajnala","vilname11":"Bal Labe Darya (49)","vil_lgd":37130,"dist_lgd":27,"state_lgd":3,"gp_code":237930,"gp_name":"BAL LABE DARIA","subdt_lgd":255,"block_name":"AJNALA","block_lgd":210,"Remark":null,"ac_no":null,"test":null,"shape_Length":15468.559224056522,"shape_Area":7876434.717777129}},{"arcs":[[143,144,145,146,147]],"type":"Polygon","properties":{"OBJECTID":341000,"vilnam_soi":"BARAR","stcode11":"03","dtcode11":"049","sdtcode11":"00255","vilcode11":"037311","stname":"PUNJAB","dtname":"Amritsar","sdtname":"Ajnala","vilname11":"Barar (331)","vil_lgd":37311,"dist_lgd":27,"state_lgd":3,"gp_code":237529,"gp_name":"BARAR","subdt_lgd":255,"block_name":"CHOGAWAN","block_lgd":212,"Remark":null,"ac_no":null,"test":null,"shape_Length":12435.386387154684,"shape_Area":7532963.92822226}},{"arcs":[[148,149,150,151]],"type":"Polygon","properties":{"OBJECTID":341001,"vilnam_soi":"BARLAS","stcode11":"03","dtcode11":"049","sdtcode11":"00255","vilcode11":"037162","stname":"PUNJAB","dtname":"Amritsar","sdtname":"Ajnala","vilname11":"Barlas (135)","vil_lgd":37162,"dist_lgd":27,"state_lgd":3,"gp_code":237928,"gp_name":"BARLAS","subdt_lgd":255,"block_name":"AJNALA","block_lgd":210,"Remark":null,"ac_no":null,"test":null,"shape_Length":3013.9351886590057,"shape_Area":601632.389434667}},{"arcs":[[152,153,154]],"type":"Polygon","properties":{"OBJECTID":341002,"vilnam_soi":"BATH","stcode11":"03","dtcode11":"049","sdtcode11":"00255","vilcode11":"037352","stname":"PUNJAB","dtname":"Amritsar","sdtname":"Ajnala","vilname11":"Bath (290)","vil_lgd":37352,"dist_lgd":27,"state_lgd":3,"gp_code":237920,"gp_name":"BATH","subdt_lgd":255,"block_name":"AJNALA","block_lgd":210,"Remark":null,"ac_no":null,"test":null,"shape_Length":7760.9662786914605,"shape_Area":2671138.3748492976}},{"arcs":[[155,-72,156,157,158,159]],"type":"Polygon","properties":{"OBJECTID":341003,"vilnam_soi":"BEHLOL","stcode11":"03","dtcode11":"049","sdtcode11":"00255","vilcode11":"037166","stname":"PUNJAB","dtname":"Amritsar","sdtname":"Ajnala","vilname11":"Behlol (29)","vil_lgd":37166,"dist_lgd":27,"state_lgd":3,"gp_code":237544,"gp_name":"CHHAN GHOGA","subdt_lgd":255,"block_name":"CHOGAWAN","block_lgd":212,"Remark":null,"ac_no":null,"test":null,"shape_Length":7597.130410753372,"shape_Area":2830587.406537114}},{"arcs":[[160,161,162,163,164,165,166,167]],"type":"Polygon","properties":{"OBJECTID":341004,"vilnam_soi":"BHURE GIL","stcode11":"03","dtcode11":"049","sdtcode11":"00255","vilcode11":"037333","stname":"PUNJAB","dtname":"Amritsar","sdtname":"Ajnala","vilname11":"Bhure Gill (247)","vil_lgd":37333,"dist_lgd":27,"state_lgd":3,"gp_code":237926,"gp_name":"BHUREY GILL","subdt_lgd":255,"block_name":"AJNALA","block_lgd":210,"Remark":null,"ac_no":null,"test":null,"shape_Length":17688.495843987104,"shape_Area":6062488.329439656}},{"arcs":[[168,169,170,171]],"type":"Polygon","properties":{"OBJECTID":341005,"vilnam_soi":"BHILO WAL KAKREJA","stcode11":"03","dtcode11":"049","sdtcode11":"00255","vilcode11":"037188","stname":"PUNJAB","dtname":"Amritsar","sdtname":"Ajnala","vilname11":"Bhilowal Kakezai (165)","vil_lgd":37188,"dist_lgd":27,"state_lgd":3,"gp_code":237526,"gp_name":"BHILOWAL KAKEJE","subdt_lgd":255,"block_name":"CHOGAWAN","block_lgd":212,"Remark":null,"ac_no":null,"test":null,"shape_Length":1716.4041729838204,"shape_Area":157515.9350065495}},{"arcs":[[172,173,174,175]],"type":"Polygon","properties":{"OBJECTID":341006,"vilnam_soi":"BHAINIAN","stcode11":"03","dtcode11":"049","sdtcode11":"00255","vilcode11":"037141","stname":"PUNJAB","dtname":"Amritsar","sdtname":"Ajnala","vilname11":"Bohgan (42)","vil_lgd":37141,"dist_lgd":27,"state_lgd":3,"gp_code":237919,"gp_name":"BALHARWAL","subdt_lgd":255,"block_name":"AJNALA","block_lgd":210,"Remark":null,"ac_no":null,"test":null,"shape_Length":10881.753816724135,"shape_Area":4174544.9734214614}},{"arcs":[[176,177]],"type":"Polygon","properties":{"OBJECTID":341007,"vilnam_soi":"BHADAL","stcode11":"03","dtcode11":"049","sdtcode11":"00255","vilcode11":"037261","stname":"PUNJAB","dtname":"Amritsar","sdtname":"Ajnala","vilname11":"Bhadal (103)","vil_lgd":37261,"dist_lgd":27,"state_lgd":3,"gp_code":238015,"gp_name":"SAMRAI","subdt_lgd":255,"block_name":"AJNALA","block_lgd":210,"Remark":null,"ac_no":null,"test":null,"shape_Length":2636.3273843901857,"shape_Area":413348.0784637034}},{"arcs":[[178,179,180]],"type":"Polygon","properties":{"OBJECTID":341008,"vilnam_soi":"BHADRU","stcode11":"03","dtcode11":"049","sdtcode11":"00255","vilcode11":"037195","stname":"PUNJAB","dtname":"Amritsar","sdtname":"Ajnala","vilname11":"Bhadru (2)","vil_lgd":37195,"dist_lgd":27,"state_lgd":3,"gp_code":237601,"gp_name":"RANIAN","subdt_lgd":255,"block_name":"CHOGAWAN","block_lgd":212,"Remark":null,"ac_no":null,"test":null,"shape_Length":7327.911603039928,"shape_Area":2050291.0112488216}},{"arcs":[[181,182,183,184,185,-77,186]],"type":"Polygon","properties":{"OBJECTID":341009,"vilnam_soi":"BHAGGU PUR BET","stcode11":"03","dtcode11":"049","sdtcode11":"00255","vilcode11":"037178","stname":"PUNJAB","dtname":"Amritsar","sdtname":"Ajnala","vilname11":" Bhaggupur Bet (15)","vil_lgd":37178,"dist_lgd":27,"state_lgd":3,"gp_code":237538,"gp_name":"BHAGUPUR BET","subdt_lgd":255,"block_name":"CHOGAWAN","block_lgd":212,"Remark":null,"ac_no":null,"test":null,"shape_Length":10030.56228296042,"shape_Area":4030340.4829820674}},{"arcs":[[187,188,189,190,191,-169]],"type":"Polygon","properties":{"OBJECTID":341010,"vilnam_soi":"BHAGGU PURA UTTAR","stcode11":"03","dtcode11":"049","sdtcode11":"00255","vilcode11":"037185","stname":"PUNJAB","dtname":"Amritsar","sdtname":"Ajnala","vilname11":"Bhaggupur Uttar (9)","vil_lgd":37185,"dist_lgd":27,"state_lgd":3,"gp_code":237539,"gp_name":"BHAGGUPUR UTTAR","subdt_lgd":255,"block_name":"CHOGAWAN","block_lgd":212,"Remark":null,"ac_no":null,"test":null,"shape_Length":9620.888708450371,"shape_Area":1800382.4217072907}},{"arcs":[[-140,-139,192,193,194,195]],"type":"Polygon","properties":{"OBJECTID":341011,"vilnam_soi":"BHAINI GILL","stcode11":"03","dtcode11":"049","sdtcode11":"00255","vilcode11":"037133","stname":"PUNJAB","dtname":"Amritsar","sdtname":"Ajnala","vilname11":"Bhaini Gill (47)","vil_lgd":37133,"dist_lgd":27,"state_lgd":3,"gp_code":237932,"gp_name":"CHAK BALA","subdt_lgd":255,"block_name":"AJNALA","block_lgd":210,"Remark":null,"ac_no":null,"test":null,"shape_Length":7566.002655866968,"shape_Area":2283009.134678924}},{"arcs":[[196,197,198]],"type":"Polygon","properties":{"OBJECTID":341012,"vilnam_soi":"BHAKE HARI SINGH","stcode11":"03","dtcode11":"049","sdtcode11":"00255","vilcode11":"037328","stname":"PUNJAB","dtname":"Amritsar","sdtname":"Ajnala","vilname11":"Bhakha Hari Singh  (227)","vil_lgd":37328,"dist_lgd":27,"state_lgd":3,"gp_code":237921,"gp_name":"BHAKHA HARI SINGH","subdt_lgd":255,"block_name":"AJNALA","block_lgd":210,"Remark":null,"ac_no":null,"test":null,"shape_Length":3687.1252974016543,"shape_Area":752734.5356879428}},{"arcs":[[199,200,-197,201,-26,202]],"type":"Polygon","properties":{"OBJECTID":341013,"vilnam_soi":"BHAKE TARASINGH","stcode11":"03","dtcode11":"049","sdtcode11":"00255","vilcode11":"","stname":"PUNJAB","dtname":"Amritsar","sdtname":"Ajnala","vilname11":" ","vil_lgd":0,"dist_lgd":27,"state_lgd":3,"gp_code":0,"gp_name":"","subdt_lgd":255,"block_name":"AJNALA","block_lgd":210,"Remark":null,"ac_no":null,"test":null,"shape_Length":8881.823290225204,"shape_Area":2852654.479787117}},{"arcs":[[203,204,205,206,207]],"type":"Polygon","properties":{"OBJECTID":341014,"vilnam_soi":"BHALLA PIND","stcode11":"03","dtcode11":"049","sdtcode11":"00255","vilcode11":"037385","stname":"PUNJAB","dtname":"Amritsar","sdtname":"Ajnala","vilname11":"Bhala Pind (306)","vil_lgd":37385,"dist_lgd":27,"state_lgd":3,"gp_code":238206,"gp_name":"BALLA PIND","subdt_lgd":255,"block_name":"HARSHE CHHINA","block_lgd":215,"Remark":null,"ac_no":null,"test":null,"shape_Length":12731.360095305028,"shape_Area":7308915.731813611}},{"arcs":[[208,209,210,211]],"type":"Polygon","properties":{"OBJECTID":341015,"vilnam_soi":"BHALOT","stcode11":"03","dtcode11":"049","sdtcode11":"00255","vilcode11":"037237","stname":"PUNJAB","dtname":"Amritsar","sdtname":"Ajnala","vilname11":"Bhalot (140)","vil_lgd":37237,"dist_lgd":27,"state_lgd":3,"gp_code":237619,"gp_name":"BHALOT","subdt_lgd":255,"block_name":"CHOGAWAN","block_lgd":212,"Remark":null,"ac_no":null,"test":null,"shape_Length":4870.6435775088175,"shape_Area":1343476.3384453913}},{"arcs":[[212,213,214,215,216,217,218,-98]],"type":"Polygon","properties":{"OBJECTID":341016,"vilnam_soi":"BHANGWAN","stcode11":"03","dtcode11":"049","sdtcode11":"00255","vilcode11":"037209","stname":"PUNJAB","dtname":"Amritsar","sdtname":"Ajnala","vilname11":"Bhangwan (170)","vil_lgd":37209,"dist_lgd":27,"state_lgd":3,"gp_code":237530,"gp_name":"BHANGWAN","subdt_lgd":255,"block_name":"CHOGAWAN","block_lgd":212,"Remark":null,"ac_no":null,"test":null,"shape_Length":8595.668815648403,"shape_Area":3520324.4966464653}},{"arcs":[[-191,219,220,221,222,223,224,225,226,227,228]],"type":"Polygon","properties":{"OBJECTID":341017,"vilnam_soi":"BHILOWAL KAKREJA","stcode11":"03","dtcode11":"049","sdtcode11":"00255","vilcode11":"037188","stname":"PUNJAB","dtname":"Amritsar","sdtname":"Ajnala","vilname11":"Bhilowal Kakezai (165)","vil_lgd":37188,"dist_lgd":27,"state_lgd":3,"gp_code":237526,"gp_name":"BHILOWAL KAKEJE","subdt_lgd":255,"block_name":"CHOGAWAN","block_lgd":212,"Remark":null,"ac_no":null,"test":null,"shape_Length":12327.629824055794,"shape_Area":5008188.652589744}},{"arcs":[[229,230,231,232,233,234]],"type":"Polygon","properties":{"OBJECTID":341018,"vilnam_soi":"BHINDI AULAKH KALAN","stcode11":"03","dtcode11":"049","sdtcode11":"00255","vilcode11":"037173","stname":"PUNJAB","dtname":"Amritsar","sdtname":"Ajnala","vilname11":"Bhindi Aulakh Kalan (22)","vil_lgd":37173,"dist_lgd":27,"state_lgd":3,"gp_code":237531,"gp_name":"BHINDI AULAKH KALAN","subdt_lgd":255,"block_name":"CHOGAWAN","block_lgd":212,"Remark":null,"ac_no":null,"test":null,"shape_Length":17812.319726330526,"shape_Area":8300011.13551048}},{"arcs":[[235,236,237,238,239,-233,240,241,-158]],"type":"Polygon","properties":{"OBJECTID":341019,"vilnam_soi":"BHINDI AULAKH KHURD","stcode11":"03","dtcode11":"049","sdtcode11":"00255","vilcode11":"037169","stname":"PUNJAB","dtname":"Amritsar","sdtname":"Ajnala","vilname11":"Bhindi Aulakh Khurd (23)","vil_lgd":37169,"dist_lgd":27,"state_lgd":3,"gp_code":237537,"gp_name":"BHINDI AULAKH KHURD","subdt_lgd":255,"block_name":"CHOGAWAN","block_lgd":212,"Remark":null,"ac_no":null,"test":null,"shape_Length":17644.806061804862,"shape_Area":9266448.01334692}},{"arcs":[[242,-241,-232,243,244]],"type":"Polygon","properties":{"OBJECTID":341020,"vilnam_soi":"BHINDI NAIN","stcode11":"03","dtcode11":"049","sdtcode11":"00255","vilcode11":"037168","stname":"PUNJAB","dtname":"Amritsar","sdtname":"Ajnala","vilname11":"Bhindi Nain (20)","vil_lgd":37168,"dist_lgd":27,"state_lgd":3,"gp_code":237525,"gp_name":"BHINDINAIN","subdt_lgd":255,"block_name":"CHOGAWAN","block_lgd":212,"Remark":null,"ac_no":null,"test":null,"shape_Length":12446.80780981295,"shape_Area":6022817.896621315}},{"arcs":[[245,246,247,-78,-186,248,-234,-240,249,250,251,252,253]],"type":"Polygon","properties":{"OBJECTID":341021,"vilnam_soi":"BHINDI SAIYIDAN","stcode11":"03","dtcode11":"049","sdtcode11":"00255","vilcode11":"037172","stname":"PUNJAB","dtname":"Amritsar","sdtname":"Ajnala","vilname11":"Bhindi Saidan (24)","vil_lgd":37172,"dist_lgd":27,"state_lgd":3,"gp_code":237532,"gp_name":"BHINDI SAYADAN","subdt_lgd":255,"block_name":"CHOGAWAN","block_lgd":212,"Remark":null,"ac_no":null,"test":null,"shape_Length":17134.48143508141,"shape_Area":10939887.14487874}},{"arcs":[[254,255,256,-104,257,258]],"type":"Polygon","properties":{"OBJECTID":341022,"vilnam_soi":"BHITTEWADH","stcode11":"03","dtcode11":"049","sdtcode11":"00255","vilcode11":"037315","stname":"PUNJAB","dtname":"Amritsar","sdtname":"Ajnala","vilname11":"Bhitte Wadh (192)","vil_lgd":37315,"dist_lgd":27,"state_lgd":3,"gp_code":238211,"gp_name":"BHITTEYWAD","subdt_lgd":255,"block_name":"HARSHE CHHINA","block_lgd":215,"Remark":null,"ac_no":null,"test":null,"shape_Length":17016.338341868628,"shape_Area":12598365.161180384}},{"arcs":[[259,260,261,262,263,264]],"type":"Polygon","properties":{"OBJECTID":341023,"vilnam_soi":"BHOEWALI","stcode11":"03","dtcode11":"049","sdtcode11":"00255","vilcode11":"037388","stname":"PUNJAB","dtname":"Amritsar","sdtname":"Ajnala","vilname11":"Bhoewali (238","vil_lgd":37388,"dist_lgd":27,"state_lgd":3,"gp_code":237922,"gp_name":"BHOE WALI","subdt_lgd":255,"block_name":"AJNALA","block_lgd":210,"Remark":null,"ac_no":null,"test":null,"shape_Length":9470.217217620357,"shape_Area":5022372.409425861}},{"arcs":[[265,266,267,268,269,270]],"type":"Polygon","properties":{"OBJECTID":341024,"vilnam_soi":"BHULLAR","stcode11":"03","dtcode11":"049","sdtcode11":"00255","vilcode11":"037294","stname":"PUNJAB","dtname":"Amritsar","sdtname":"Ajnala","vilname11":"Bhullar (190)","vil_lgd":37294,"dist_lgd":27,"state_lgd":3,"gp_code":237533,"gp_name":"BHULLAR","subdt_lgd":255,"block_name":"CHOGAWAN","block_lgd":212,"Remark":null,"ac_no":null,"test":null,"shape_Length":12701.637325938666,"shape_Area":8264244.531890359}},{"arcs":[[271,272,273,274,275,276,-150]],"type":"Polygon","properties":{"OBJECTID":341025,"vilnam_soi":"BIKRAUR","stcode11":"03","dtcode11":"049","sdtcode11":"00255","vilcode11":"037155","stname":"PUNJAB","dtname":"Amritsar","sdtname":"Ajnala","vilname11":"Bakraur (131)","vil_lgd":37155,"dist_lgd":27,"state_lgd":3,"gp_code":237929,"gp_name":"BIKRUAR","subdt_lgd":255,"block_name":"AJNALA","block_lgd":210,"Remark":null,"ac_no":null,"test":null,"shape_Length":7941.893051767272,"shape_Area":2872727.005880001}},{"arcs":[[277,278,279,280]],"type":"Polygon","properties":{"OBJECTID":341026,"vilnam_soi":"BOHARWALA","stcode11":"03","dtcode11":"049","sdtcode11":"00255","vilcode11":"037345","stname":"PUNJAB","dtname":"Amritsar","sdtname":"Ajnala","vilname11":"Boharwala (271)","vil_lgd":37345,"dist_lgd":27,"state_lgd":3,"gp_code":237927,"gp_name":"BOHARWALA","subdt_lgd":255,"block_name":"AJNALA","block_lgd":210,"Remark":null,"ac_no":null,"test":null,"shape_Length":9122.217802976447,"shape_Area":3647124.7802947774}},{"arcs":[[-131,281,282,283]],"type":"Polygon","properties":{"OBJECTID":341027,"vilnam_soi":"BOHGAN","stcode11":"03","dtcode11":"049","sdtcode11":"00255","vilcode11":"037143","stname":"PUNJAB","dtname":"Amritsar","sdtname":"Ajnala","vilname11":"Bhainian (39)","vil_lgd":37143,"dist_lgd":27,"state_lgd":3,"gp_code":237919,"gp_name":"BALHARWAL","subdt_lgd":255,"block_name":"AJNALA","block_lgd":210,"Remark":null,"ac_no":null,"test":null,"shape_Length":7487.768823413945,"shape_Area":3284892.779119369}},{"arcs":[[284,285,286,287,288]],"type":"Polygon","properties":{"OBJECTID":341028,"vilnam_soi":"BOHLIAN","stcode11":"03","dtcode11":"049","sdtcode11":"00255","vilcode11":"037280","stname":"PUNJAB","dtname":"Amritsar","sdtname":"Ajnala","vilname11":"Bohlian (216)","vil_lgd":37280,"dist_lgd":27,"state_lgd":3,"gp_code":237923,"gp_name":"BOHLIAN","subdt_lgd":255,"block_name":"AJNALA","block_lgd":210,"Remark":null,"ac_no":null,"test":null,"shape_Length":9987.791832328692,"shape_Area":6084474.483868565}},{"arcs":[[289,290,291,292]],"type":"Polygon","properties":{"OBJECTID":341029,"vilnam_soi":"BOPA RAI BAJSINGH","stcode11":"03","dtcode11":"049","sdtcode11":"00255","vilcode11":"037376","stname":"PUNJAB","dtname":"Amritsar","sdtname":"Ajnala","vilname11":"Boparai Baj Singh (323)","vil_lgd":37376,"dist_lgd":27,"state_lgd":3,"gp_code":237534,"gp_name":"BOPA RAI BAJA SINGH","subdt_lgd":255,"block_name":"CHOGAWAN","block_lgd":212,"Remark":null,"ac_no":null,"test":null,"shape_Length":9913.905242252324,"shape_Area":5272658.20485652}},{"arcs":[[293,294,295,-292,296]],"type":"Polygon","properties":{"OBJECTID":341030,"vilnam_soi":"BOPA RAI KALAN","stcode11":"03","dtcode11":"049","sdtcode11":"00255","vilcode11":"037375","stname":"PUNJAB","dtname":"Amritsar","sdtname":"Ajnala","vilname11":"Boparai Kalan (324)","vil_lgd":37375,"dist_lgd":27,"state_lgd":3,"gp_code":237535,"gp_name":"BOPA RAI KALAN","subdt_lgd":255,"block_name":"CHOGAWAN","block_lgd":212,"Remark":null,"ac_no":null,"test":null,"shape_Length":16400.497903430434,"shape_Area":10036156.504047642}},{"arcs":[[297,298,299,300,301]],"type":"Polygon","properties":{"OBJECTID":341031,"vilnam_soi":"BUDHAI CHIMA P F","stcode11":"03","dtcode11":"049","sdtcode11":"00255","vilcode11":"037123","stname":"PUNJAB","dtname":"Amritsar","sdtname":"Ajnala","vilname11":"Badhai Cheema (53)","vil_lgd":37123,"dist_lgd":27,"state_lgd":3,"gp_code":237934,"gp_name":"CHAHARPUR","subdt_lgd":255,"block_name":"AJNALA","block_lgd":210,"Remark":null,"ac_no":null,"test":null,"shape_Length":7126.35386174826,"shape_Area":2497687.7728221654}},{"arcs":[[302,303,-299,304]],"type":"Polygon","properties":{"OBJECTID":341032,"vilnam_soi":"BUDHA BARSAL","stcode11":"03","dtcode11":"049","sdtcode11":"00255","vilcode11":"037125","stname":"PUNJAB","dtname":"Amritsar","sdtname":"Ajnala","vilname11":"Budha Warsal (54)","vil_lgd":37125,"dist_lgd":27,"state_lgd":3,"gp_code":237934,"gp_name":"CHAHARPUR","subdt_lgd":255,"block_name":"AJNALA","block_lgd":210,"Remark":null,"ac_no":null,"test":null,"shape_Length":4008.94202220493,"shape_Area":822270.502540655}},{"arcs":[[305,306,307,-244,-231]],"type":"Polygon","properties":{"OBJECTID":341033,"vilnam_soi":"BURJ","stcode11":"03","dtcode11":"049","sdtcode11":"00255","vilcode11":"037174","stname":"PUNJAB","dtname":"Amritsar","sdtname":"Ajnala","vilname11":"Burj (19)","vil_lgd":37174,"dist_lgd":27,"state_lgd":3,"gp_code":237536,"gp_name":"BURJ","subdt_lgd":255,"block_name":"CHOGAWAN","block_lgd":212,"Remark":null,"ac_no":null,"test":null,"shape_Length":7940.944953853459,"shape_Area":2690946.840124012}},{"arcs":[[308,309,310,-75]],"type":"Polygon","properties":{"OBJECTID":341034,"vilnam_soi":"CHUCHAKWAL","stcode11":"03","dtcode11":"049","sdtcode11":"00255","vilcode11":"037217","stname":"PUNJAB","dtname":"Amritsar","sdtname":"Ajnala","vilname11":"Chuchakwal (158)","vil_lgd":37217,"dist_lgd":27,"state_lgd":3,"gp_code":238277,"gp_name":"CHUCHAKWAL","subdt_lgd":255,"block_name":"CHOGAWAN","block_lgd":212,"Remark":null,"ac_no":null,"test":null,"shape_Length":6997.321079476727,"shape_Area":1915495.2219640333}},{"arcs":[[311,312,313,314,-135,315]],"type":"Polygon","properties":{"OBJECTID":341035,"vilnam_soi":"CHAHARPUR","stcode11":"03","dtcode11":"049","sdtcode11":"00255","vilcode11":"037257","stname":"PUNJAB","dtname":"Amritsar","sdtname":"Ajnala","vilname11":"Chaharpur (106)","vil_lgd":37257,"dist_lgd":27,"state_lgd":3,"gp_code":237934,"gp_name":"CHAHARPUR","subdt_lgd":255,"block_name":"AJNALA","block_lgd":210,"Remark":null,"ac_no":null,"test":null,"shape_Length":9937.213100268662,"shape_Area":3933775.7831693375}},{"arcs":[[316,317,318,319,320]],"type":"Polygon","properties":{"OBJECTID":341036,"vilnam_soi":"CHAIA","stcode11":"03","dtcode11":"049","sdtcode11":"00255","vilcode11":"037321","stname":"PUNJAB","dtname":"Amritsar","sdtname":"Ajnala","vilname11":"Chahia (208)","vil_lgd":37321,"dist_lgd":27,"state_lgd":3,"gp_code":238227,"gp_name":"JASTARWAL","subdt_lgd":255,"block_name":"HARSHE CHHINA","block_lgd":215,"Remark":null,"ac_no":null,"test":null,"shape_Length":8039.334923534276,"shape_Area":2360720.552508485}},{"arcs":[[-259,321,322,-122,323,324]],"type":"Polygon","properties":{"OBJECTID":341037,"vilnam_soi":"CHAINPUR","stcode11":"03","dtcode11":"049","sdtcode11":"00255","vilcode11":"037367","stname":"PUNJAB","dtname":"Amritsar","sdtname":"Ajnala","vilname11":"Chainpur (319)","vil_lgd":37367,"dist_lgd":27,"state_lgd":3,"gp_code":238214,"gp_name":"CHAINPUR","subdt_lgd":255,"block_name":"HARSHE CHHINA","block_lgd":215,"Remark":null,"ac_no":null,"test":null,"shape_Length":11028.003646790334,"shape_Area":3835788.995018787}},{"arcs":[[325,326,327,328,329,330]],"type":"Polygon","properties":{"OBJECTID":341038,"vilnam_soi":"CHAK ALLAH BAKSH","stcode11":"03","dtcode11":"049","sdtcode11":"00255","vilcode11":"037202","stname":"PUNJAB","dtname":"Amritsar","sdtname":"Ajnala","vilname11":"Chak Allah Bakash (179)","vil_lgd":37202,"dist_lgd":27,"state_lgd":3,"gp_code":237542,"gp_name":"CHAK ALA BAKHSH","subdt_lgd":255,"block_name":"CHOGAWAN","block_lgd":212,"Remark":null,"ac_no":null,"test":null,"shape_Length":7545.25645323561,"shape_Area":2819950.723930211}},{"arcs":[[-209,331,332,333,334,335,336,337,338]],"type":"Polygon","properties":{"OBJECTID":341039,"vilnam_soi":"CHAK AULAN","stcode11":"03","dtcode11":"049","sdtcode11":"00255","vilcode11":"037242","stname":"PUNJAB","dtname":"Amritsar","sdtname":"Ajnala","vilname11":"Chak Aul (129)","vil_lgd":37242,"dist_lgd":27,"state_lgd":3,"gp_code":238466,"gp_name":"CHAK AUL","subdt_lgd":255,"block_name":"AJNALA","block_lgd":210,"Remark":null,"ac_no":null,"test":null,"shape_Length":11131.353933732844,"shape_Area":3880896.2709481088}},{"arcs":[[339,340,341,342]],"type":"Polygon","properties":{"OBJECTID":341040,"vilnam_soi":"CHAK BALA","stcode11":"03","dtcode11":"049","sdtcode11":"00255","vilcode11":"037136","stname":"PUNJAB","dtname":"Amritsar","sdtname":"Ajnala","vilname11":"Chak Bala (111)","vil_lgd":37136,"dist_lgd":27,"state_lgd":3,"gp_code":237932,"gp_name":"CHAK BALA","subdt_lgd":255,"block_name":"AJNALA","block_lgd":210,"Remark":null,"ac_no":null,"test":null,"shape_Length":8753.971026363603,"shape_Area":2008183.0409518299}},{"arcs":[[343,344,345,346]],"type":"Polygon","properties":{"OBJECTID":341041,"vilnam_soi":"CHAK BATH","stcode11":"03","dtcode11":"049","sdtcode11":"00255","vilcode11":"","stname":"PUNJAB","dtname":"Amritsar","sdtname":"Ajnala","vilname11":" ","vil_lgd":0,"dist_lgd":27,"state_lgd":3,"gp_code":0,"gp_name":"","subdt_lgd":255,"block_name":"AJNALA","block_lgd":210,"Remark":null,"ac_no":null,"test":null,"shape_Length":2854.844216144148,"shape_Area":479656.55220731033}},{"arcs":[[347,348,349]],"type":"Polygon","properties":{"OBJECTID":341042,"vilnam_soi":"CHAK BAZID","stcode11":"03","dtcode11":"049","sdtcode11":"00255","vilcode11":"037233","stname":"PUNJAB","dtname":"Amritsar","sdtname":"Ajnala","vilname11":"Chak Bazid (145)","vil_lgd":37233,"dist_lgd":27,"state_lgd":3,"gp_code":237585,"gp_name":"MAIDI KALAN","subdt_lgd":255,"block_name":"CHOGAWAN","block_lgd":212,"Remark":null,"ac_no":null,"test":null,"shape_Length":1671.8387740176045,"shape_Area":174841.71591790352}},{"arcs":[[350,-221]],"type":"Polygon","properties":{"OBJECTID":341043,"vilnam_soi":"CHAK CHHANNAN","stcode11":"03","dtcode11":"049","sdtcode11":"00255","vilcode11":"037187","stname":"PUNJAB","dtname":"Amritsar","sdtname":"Ajnala","vilname11":"Chhanna (8)","vil_lgd":37187,"dist_lgd":27,"state_lgd":3,"gp_code":238051,"gp_name":"CHANNA SARANGDEV","subdt_lgd":255,"block_name":"CHOGAWAN","block_lgd":212,"Remark":null,"ac_no":null,"test":null,"shape_Length":1812.199166098108,"shape_Area":102344.91422585309}},{"arcs":[[351,352]],"type":"Polygon","properties":{"OBJECTID":341044,"vilnam_soi":"CHAK DAKHLI  LOPOKE","stcode11":"03","dtcode11":"049","sdtcode11":"00255","vilcode11":"037213","stname":"PUNJAB","dtname":"Amritsar","sdtname":"Ajnala","vilname11":"Lopoke (167)","vil_lgd":37213,"dist_lgd":27,"state_lgd":3,"gp_code":237577,"gp_name":"LOPOKE","subdt_lgd":255,"block_name":"CHOGAWAN","block_lgd":212,"Remark":null,"ac_no":null,"test":null,"shape_Length":923.5511518659968,"shape_Area":45147.98679195462}},{"arcs":[[-2,353,354,355,-189,356,357,358]],"type":"Polygon","properties":{"OBJECTID":341045,"vilnam_soi":"CHAK DAWALI KOKEJA","stcode11":"03","dtcode11":"049","sdtcode11":"00255","vilcode11":"","stname":"PUNJAB","dtname":"Amritsar","sdtname":"Ajnala","vilname11":" ","vil_lgd":0,"dist_lgd":27,"state_lgd":3,"gp_code":0,"gp_name":"","subdt_lgd":255,"block_name":"CHOGAWAN","block_lgd":212,"Remark":null,"ac_no":null,"test":null,"shape_Length":2887.9470814084393,"shape_Area":396287.070502831}},{"arcs":[[359,360,-127,361,362]],"type":"Polygon","properties":{"OBJECTID":341046,"vilnam_soi":"CHAK DOGRAN","stcode11":"03","dtcode11":"049","sdtcode11":"00255","vilcode11":"037248","stname":"PUNJAB","dtname":"Amritsar","sdtname":"Ajnala","vilname11":"Chak Dogran  (124)","vil_lgd":37248,"dist_lgd":27,"state_lgd":3,"gp_code":237931,"gp_name":"CHAK DOGRAN","subdt_lgd":255,"block_name":"AJNALA","block_lgd":210,"Remark":null,"ac_no":null,"test":null,"shape_Length":9568.00747820293,"shape_Area":4676603.044781082}},{"arcs":[[-252,363,364,365,366]],"type":"Polygon","properties":{"OBJECTID":341047,"vilnam_soi":"CHAK FATEH KAN","stcode11":"03","dtcode11":"049","sdtcode11":"00255","vilcode11":"037229","stname":"PUNJAB","dtname":"Amritsar","sdtname":"Ajnala","vilname11":"Chak Fateh Khan (148)","vil_lgd":37229,"dist_lgd":27,"state_lgd":3,"gp_code":237585,"gp_name":"MAIDI KALAN","subdt_lgd":255,"block_name":"CHOGAWAN","block_lgd":212,"Remark":null,"ac_no":null,"test":null,"shape_Length":5096.264404718272,"shape_Area":1284058.4547082891}},{"arcs":[[367,368]],"type":"Polygon","properties":{"OBJECTID":341048,"vilnam_soi":"CHAK HARAR KHURD","stcode11":"03","dtcode11":"049","sdtcode11":"00255","vilcode11":"","stname":"PUNJAB","dtname":"Amritsar","sdtname":"Ajnala","vilname11":" ","vil_lgd":0,"dist_lgd":27,"state_lgd":3,"gp_code":0,"gp_name":"","subdt_lgd":255,"block_name":"AJNALA","block_lgd":210,"Remark":null,"ac_no":null,"test":null,"shape_Length":1980.5047535495198,"shape_Area":230980.24006478343}},{"arcs":[[369,370]],"type":"Polygon","properties":{"OBJECTID":341049,"vilnam_soi":"CHAK JAGDEO KALAN","stcode11":"03","dtcode11":"049","sdtcode11":"00255","vilcode11":"","stname":"PUNJAB","dtname":"Amritsar","sdtname":"Ajnala","vilname11":" ","vil_lgd":0,"dist_lgd":27,"state_lgd":3,"gp_code":0,"gp_name":"","subdt_lgd":255,"block_name":"HARSHE CHHINA","block_lgd":215,"Remark":null,"ac_no":null,"test":null,"shape_Length":3372.8494205886523,"shape_Area":383449.96413841756}},{"arcs":[[371,372,373,374,375]],"type":"Polygon","properties":{"OBJECTID":341050,"vilnam_soi":"CHAK KAMAL KHAN","stcode11":"03","dtcode11":"049","sdtcode11":"00255","vilcode11":"037289","stname":"PUNJAB","dtname":"Amritsar","sdtname":"Ajnala","vilname11":"Chak Kamal Khan (197)","vil_lgd":37289,"dist_lgd":27,"state_lgd":3,"gp_code":238215,"gp_name":"CHAK KAMAL KHAN","subdt_lgd":255,"block_name":"HARSHE CHHINA","block_lgd":215,"Remark":null,"ac_no":null,"test":null,"shape_Length":7995.476225869156,"shape_Area":3043496.9411560344}},{"arcs":[[376,377]],"type":"Polygon","properties":{"OBJECTID":341051,"vilnam_soi":"CHAK KHUTRAIN KALAN","stcode11":"03","dtcode11":"049","sdtcode11":"00255","vilcode11":"037354","stname":"PUNJAB","dtname":"Amritsar","sdtname":"Ajnala","vilname11":"Khatrai Kalan (291)","vil_lgd":37354,"dist_lgd":27,"state_lgd":3,"gp_code":238233,"gp_name":"KHATRAI KALAN","subdt_lgd":255,"block_name":"HARSHE CHHINA","block_lgd":215,"Remark":null,"ac_no":null,"test":null,"shape_Length":2044.168041050693,"shape_Area":149372.65411163284}},{"arcs":[[-225,378]],"type":"Polygon","properties":{"OBJECTID":341052,"vilnam_soi":"CHAK MANDIANWALA","stcode11":"03","dtcode11":"049","sdtcode11":"00255","vilcode11":"037186","stname":"PUNJAB","dtname":"Amritsar","sdtname":"Ajnala","vilname11":"Mandianwala (10)","vil_lgd":37186,"dist_lgd":27,"state_lgd":3,"gp_code":238282,"gp_name":"MANDIAN WALA","subdt_lgd":255,"block_name":"CHOGAWAN","block_lgd":212,"Remark":null,"ac_no":null,"test":null,"shape_Length":920.1572789135938,"shape_Area":55664.39490275197}},{"arcs":[[379,-269,380,381,382,383,384,385]],"type":"Polygon","properties":{"OBJECTID":341053,"vilnam_soi":"CHAK MISRI KHAN","stcode11":"03","dtcode11":"049","sdtcode11":"00255","vilcode11":"037214","stname":"PUNJAB","dtname":"Amritsar","sdtname":"Ajnala","vilname11":"Chak Misri Khan (163)","vil_lgd":37214,"dist_lgd":27,"state_lgd":3,"gp_code":237543,"gp_name":"CHAK MISHRI KHAN","subdt_lgd":255,"block_name":"CHOGAWAN","block_lgd":212,"Remark":null,"ac_no":null,"test":null,"shape_Length":11052.460480357913,"shape_Area":7830817.601653772}},{"arcs":[[386,387,388]],"type":"Polygon","properties":{"OBJECTID":341054,"vilnam_soi":"CHAK PHULA","stcode11":"03","dtcode11":"049","sdtcode11":"00255","vilcode11":"","stname":"PUNJAB","dtname":"Amritsar","sdtname":"Ajnala","vilname11":" ","vil_lgd":0,"dist_lgd":27,"state_lgd":3,"gp_code":0,"gp_name":"","subdt_lgd":255,"block_name":"AJNALA","block_lgd":210,"Remark":null,"ac_no":null,"test":null,"shape_Length":5784.792183595767,"shape_Area":1519117.4987158647}},{"type":null,"properties":{"OBJECTID":341055,"vilnam_soi":"CHAK SHAUDIN","stcode11":"03","dtcode11":"049","sdtcode11":"00255","vilcode11":"037353","stname":"PUNJAB","dtname":"Amritsar","sdtname":"Ajnala","vilname11":"Sallodin (292)","vil_lgd":37353,"dist_lgd":27,"state_lgd":3,"gp_code":238258,"gp_name":"SALODIN","subdt_lgd":255,"block_name":"HARSHE CHHINA","block_lgd":215,"Remark":null,"ac_no":null,"test":null,"shape_Length":2303.4382007232516,"shape_Area":328676.531809275}},{"arcs":[[-117,389,390,391,392,393,394,395]],"type":"Polygon","properties":{"OBJECTID":341056,"vilnam_soi":"CHAK SIKANDAR","stcode11":"03","dtcode11":"049","sdtcode11":"00255","vilcode11":"037418","stname":"PUNJAB","dtname":"Amritsar","sdtname":"Ajnala","vilname11":"Chak Sikandar (276)","vil_lgd":37418,"dist_lgd":27,"state_lgd":3,"gp_code":237933,"gp_name":"CHAK SIKANDER","subdt_lgd":255,"block_name":"AJNALA","block_lgd":210,"Remark":null,"ac_no":null,"test":null,"shape_Length":11211.214799937465,"shape_Area":5845113.690342793}},{"arcs":[[396,397]],"type":"Polygon","properties":{"OBJECTID":341057,"vilnam_soi":"CHAK THATHI","stcode11":"03","dtcode11":"049","sdtcode11":"00255","vilcode11":"037212","stname":"PUNJAB","dtname":"Amritsar","sdtname":"Ajnala","vilname11":"Thatti (168)","vil_lgd":37212,"dist_lgd":27,"state_lgd":3,"gp_code":237613,"gp_name":"THATTI","subdt_lgd":255,"block_name":"CHOGAWAN","block_lgd":212,"Remark":null,"ac_no":null,"test":null,"shape_Length":2421.2990555221986,"shape_Area":220771.87297736044}},{"arcs":[[-166,398,399,400,401,402,403,-203,-25,404,405,406]],"type":"Polygon","properties":{"OBJECTID":341058,"vilnam_soi":"CHAMIARI","stcode11":"03","dtcode11":"049","sdtcode11":"00255","vilcode11":"037330","stname":"PUNJAB","dtname":"Amritsar","sdtname":"Ajnala","vilname11":"Chamyari (236)","vil_lgd":37330,"dist_lgd":27,"state_lgd":3,"gp_code":238468,"gp_name":"CHAMIARI","subdt_lgd":255,"block_name":"AJNALA","block_lgd":210,"Remark":null,"ac_no":null,"test":null,"shape_Length":33662.52694186265,"shape_Area":20022824.66929295}},{"arcs":[[-144,407,408,409,410]],"type":"Polygon","properties":{"OBJECTID":341059,"vilnam_soi":"CHAWINDA KALAN","stcode11":"03","dtcode11":"049","sdtcode11":"00255","vilcode11":"037310","stname":"PUNJAB","dtname":"Amritsar","sdtname":"Ajnala","vilname11":"Chawinda Kalan (339)","vil_lgd":37310,"dist_lgd":27,"state_lgd":3,"gp_code":237545,"gp_name":"CHAWINDA KALAN","subdt_lgd":255,"block_name":"CHOGAWAN","block_lgd":212,"Remark":null,"ac_no":null,"test":null,"shape_Length":14580.127172345297,"shape_Area":6318993.231231911}},{"arcs":[[-410,411,412,-113,413,414,415,416]],"type":"Polygon","properties":{"OBJECTID":341060,"vilnam_soi":"CHAWINDA KHURD","stcode11":"03","dtcode11":"049","sdtcode11":"00255","vilcode11":"037307","stname":"PUNJAB","dtname":"Amritsar","sdtname":"Ajnala","vilname11":"Chawinda Khurd (338)","vil_lgd":37307,"dist_lgd":27,"state_lgd":3,"gp_code":237546,"gp_name":"CHAWINDA KHURD","subdt_lgd":255,"block_name":"CHOGAWAN","block_lgd":212,"Remark":null,"ac_no":null,"test":null,"shape_Length":17557.21921029654,"shape_Area":5886975.118010705}},{"arcs":[[417,418,-416,419,420]],"type":"Polygon","properties":{"OBJECTID":341061,"vilnam_soi":"CHELEKE","stcode11":"03","dtcode11":"049","sdtcode11":"00255","vilcode11":"037298","stname":"PUNJAB","dtname":"Amritsar","sdtname":"Ajnala","vilname11":"Cheleke (341)","vil_lgd":37298,"dist_lgd":27,"state_lgd":3,"gp_code":237547,"gp_name":"CHELE KE","subdt_lgd":255,"block_name":"CHOGAWAN","block_lgd":212,"Remark":null,"ac_no":null,"test":null,"shape_Length":5339.6942198264305,"shape_Area":1438210.6544630206}},{"arcs":[[421,422,423,424,425,426]],"type":"Polygon","properties":{"OBJECTID":341062,"vilnam_soi":"CHETANPURA","stcode11":"03","dtcode11":"049","sdtcode11":"00255","vilcode11":"037407","stname":"PUNJAB","dtname":"Amritsar","sdtname":"Ajnala","vilname11":"Chetanpura (283)","vil_lgd":37407,"dist_lgd":27,"state_lgd":3,"gp_code":238212,"gp_name":"CHETANPURA","subdt_lgd":255,"block_name":"HARSHE CHHINA","block_lgd":215,"Remark":null,"ac_no":null,"test":null,"shape_Length":8329.22824202837,"shape_Area":2240900.5627278658}},{"arcs":[[427,-286,428,429,430,431]],"type":"Polygon","properties":{"OBJECTID":341063,"vilnam_soi":"CHHINA KARAMSINGH","stcode11":"03","dtcode11":"049","sdtcode11":"00255","vilcode11":"037282","stname":"PUNJAB","dtname":"Amritsar","sdtname":"Ajnala","vilname11":"Chhina Karam Singh (210)","vil_lgd":37282,"dist_lgd":27,"state_lgd":3,"gp_code":238213,"gp_name":"CHHINA KARAM SINGH","subdt_lgd":255,"block_name":"HARSHE CHHINA","block_lgd":215,"Remark":null,"ac_no":null,"test":null,"shape_Length":12410.18420976797,"shape_Area":6610468.35319607}},{"arcs":[[-185,432,433,-249]],"type":"Polygon","properties":{"OBJECTID":341064,"vilnam_soi":"CHHANNAN KOLI","stcode11":"03","dtcode11":"049","sdtcode11":"00255","vilcode11":"037177","stname":"PUNJAB","dtname":"Amritsar","sdtname":"Ajnala","vilname11":"Kotli Dasondhi (16)","vil_lgd":37177,"dist_lgd":27,"state_lgd":3,"gp_code":289324,"gp_name":"CHANN KOHALI","subdt_lgd":255,"block_name":"CHOGAWAN","block_lgd":212,"Remark":null,"ac_no":null,"test":null,"shape_Length":8154.891364221244,"shape_Area":2871544.135091876}},{"arcs":[[434,435,436,437,438,-294]],"type":"Polygon","properties":{"OBJECTID":341065,"vilnam_soi":"CHHIDDAN","stcode11":"03","dtcode11":"049","sdtcode11":"00255","vilcode11":"037373","stname":"PUNJAB","dtname":"Amritsar","sdtname":"Ajnala","vilname11":"Chhiddan (333)","vil_lgd":37373,"dist_lgd":27,"state_lgd":3,"gp_code":237548,"gp_name":"CHHIDDAN","subdt_lgd":255,"block_name":"CHOGAWAN","block_lgd":212,"Remark":null,"ac_no":null,"test":null,"shape_Length":12549.736121319944,"shape_Area":8116079.639031082}},{"arcs":[[439,-267,440,441,442,443]],"type":"Polygon","properties":{"OBJECTID":341066,"vilnam_soi":"CHOGANWAN","stcode11":"03","dtcode11":"049","sdtcode11":"00255","vilcode11":"037425","stname":"PUNJAB","dtname":"Amritsar","sdtname":"Ajnala","vilname11":"Chogawan (CT)","vil_lgd":37425,"dist_lgd":27,"state_lgd":3,"gp_code":238276,"gp_name":"CHOGAWAN","subdt_lgd":255,"block_name":"CHOGAWAN","block_lgd":212,"Remark":null,"ac_no":null,"test":null,"shape_Length":14630.15108209238,"shape_Area":10264355.439643191}},{"arcs":[[444,445,-87,446,447,448]],"type":"Polygon","properties":{"OBJECTID":341067,"vilnam_soi":"DUJOWAL","stcode11":"03","dtcode11":"049","sdtcode11":"00255","vilcode11":"037118","stname":"PUNJAB","dtname":"Amritsar","sdtname":"Ajnala","vilname11":"Dujowal (60)","vil_lgd":37118,"dist_lgd":27,"state_lgd":3,"gp_code":237944,"gp_name":"DUJOWAL","subdt_lgd":255,"block_name":"AJNALA","block_lgd":210,"Remark":null,"ac_no":null,"test":null,"shape_Length":8294.822322817128,"shape_Area":3745271.801214932}},{"arcs":[[-228,449,450]],"type":"Polygon","properties":{"OBJECTID":341068,"vilnam_soi":"DAKHLI LOPOKE CHAK","stcode11":"03","dtcode11":"049","sdtcode11":"00255","vilcode11":"","stname":"PUNJAB","dtname":"Amritsar","sdtname":"Ajnala","vilname11":" ","vil_lgd":0,"dist_lgd":27,"state_lgd":3,"gp_code":0,"gp_name":"","subdt_lgd":255,"block_name":"CHOGAWAN","block_lgd":212,"Remark":null,"ac_no":null,"test":null,"shape_Length":3888.8738258687104,"shape_Area":632802.7378553577}},{"arcs":[[451,-89,452,453,454]],"type":"Polygon","properties":{"OBJECTID":341069,"vilnam_soi":"DALA","stcode11":"03","dtcode11":"049","sdtcode11":"00255","vilcode11":"037207","stname":"PUNJAB","dtname":"Amritsar","sdtname":"Ajnala","vilname11":"Dala (184)","vil_lgd":37207,"dist_lgd":27,"state_lgd":3,"gp_code":238278,"gp_name":"DALA","subdt_lgd":255,"block_name":"CHOGAWAN","block_lgd":212,"Remark":null,"ac_no":null,"test":null,"shape_Length":11081.915849726558,"shape_Area":5030258.999793972}},{"arcs":[[455,-206,456,457,458]],"type":"Polygon","properties":{"OBJECTID":341070,"vilnam_soi":"DALIM","stcode11":"03","dtcode11":"049","sdtcode11":"00255","vilcode11":"037384","stname":"PUNJAB","dtname":"Amritsar","sdtname":"Ajnala","vilname11":"Dalam (307)","vil_lgd":37384,"dist_lgd":27,"state_lgd":3,"gp_code":289323,"gp_name":"BHAI LADHU SINGH","subdt_lgd":255,"block_name":"HARSHE CHHINA","block_lgd":215,"Remark":null,"ac_no":null,"test":null,"shape_Length":9958.985175431568,"shape_Area":3408430.9103016416}},{"arcs":[[459,460,-56,461]],"type":"Polygon","properties":{"OBJECTID":341071,"vilnam_soi":"DADRA","stcode11":"03","dtcode11":"049","sdtcode11":"00255","vilcode11":"037096","stname":"PUNJAB","dtname":"Amritsar","sdtname":"Ajnala","vilname11":"Dadra (68)","vil_lgd":37096,"dist_lgd":27,"state_lgd":3,"gp_code":237996,"gp_name":"NANGAL SOHAL","subdt_lgd":255,"block_name":"AJNALA","block_lgd":210,"Remark":null,"ac_no":null,"test":null,"shape_Length":7013.886625900487,"shape_Area":1403377.6257773067}},{"arcs":[[[463,464,465]],[[466,467,468,469,470]]],"type":"MultiPolygon","properties":{"OBJECTID":341072,"vilnam_soi":"DAG DOGRAN","stcode11":"03","dtcode11":"049","sdtcode11":"00255","vilcode11":"037180","stname":"PUNJAB","dtname":"Amritsar","sdtname":"Ajnala","vilname11":"Dug (12)","vil_lgd":37180,"dist_lgd":27,"state_lgd":3,"gp_code":237639,"gp_name":"DUG","subdt_lgd":255,"block_name":"CHOGAWAN","block_lgd":212,"Remark":null,"ac_no":null,"test":null,"shape_Length":18638.09492019875,"shape_Area":5305584.538386142}},{"arcs":[[471,472,473,474,475]],"type":"Polygon","properties":{"OBJECTID":341073,"vilnam_soi":"DALEKE","stcode11":"03","dtcode11":"049","sdtcode11":"00255","vilcode11":"037303","stname":"PUNJAB","dtname":"Amritsar","sdtname":"Ajnala","vilname11":"Dalleke (347)","vil_lgd":37303,"dist_lgd":27,"state_lgd":3,"gp_code":238279,"gp_name":"DALE KE","subdt_lgd":255,"block_name":"CHOGAWAN","block_lgd":212,"Remark":null,"ac_no":null,"test":null,"shape_Length":10621.602249933328,"shape_Area":4986766.728404265}},{"arcs":[[476,477]],"type":"Polygon","properties":{"OBJECTID":341074,"vilnam_soi":"DALLAH MALLIAN","stcode11":"03","dtcode11":"049","sdtcode11":"00255","vilcode11":"037138","stname":"PUNJAB","dtname":"Amritsar","sdtname":"Ajnala","vilname11":"Dalla Mallian (114)","vil_lgd":37138,"dist_lgd":27,"state_lgd":3,"gp_code":237935,"gp_name":"DALLAH RAJPUTAN","subdt_lgd":255,"block_name":"AJNALA","block_lgd":210,"Remark":null,"ac_no":null,"test":null,"shape_Length":2481.0431230074123,"shape_Area":306592.04474445217}},{"arcs":[[478,479,480,481,482]],"type":"Polygon","properties":{"OBJECTID":341075,"vilnam_soi":"DARYA MUSA","stcode11":"03","dtcode11":"049","sdtcode11":"00255","vilcode11":"037113","stname":"PUNJAB","dtname":"Amritsar","sdtname":"Ajnala","vilname11":"Darya Mussa (63)","vil_lgd":37113,"dist_lgd":27,"state_lgd":3,"gp_code":237945,"gp_name":"DARYA MUSA","subdt_lgd":255,"block_name":"AJNALA","block_lgd":210,"Remark":null,"ac_no":null,"test":null,"shape_Length":9783.116338981417,"shape_Area":4832401.6900042845}},{"arcs":[[483,484,-312,485,-300,-304]],"type":"Polygon","properties":{"OBJECTID":341076,"vilnam_soi":"DARYA MANSUR","stcode11":"03","dtcode11":"049","sdtcode11":"00255","vilcode11":"037128","stname":"PUNJAB","dtname":"Amritsar","sdtname":"Ajnala","vilname11":"Darya Mansur (51)","vil_lgd":37128,"dist_lgd":27,"state_lgd":3,"gp_code":237951,"gp_name":"GALIB","subdt_lgd":255,"block_name":"AJNALA","block_lgd":210,"Remark":null,"ac_no":null,"test":null,"shape_Length":4785.737267320679,"shape_Area":1254531.5327244212}},{"arcs":[[-301,-486,-316,-134,486,487,-43,488]],"type":"Polygon","properties":{"OBJECTID":341077,"vilnam_soi":"DARYA MANSUR P F","stcode11":"03","dtcode11":"049","sdtcode11":"00255","vilcode11":"","stname":"PUNJAB","dtname":"Amritsar","sdtname":"Ajnala","vilname11":" ","vil_lgd":0,"dist_lgd":27,"state_lgd":3,"gp_code":0,"gp_name":"","subdt_lgd":255,"block_name":"AJNALA","block_lgd":210,"Remark":null,"ac_no":null,"test":null,"shape_Length":10036.621657863912,"shape_Area":3592995.432685393}},{"arcs":[[489,490,491,492,493]],"type":"Polygon","properties":{"OBJECTID":341078,"vilnam_soi":"DAYAL RANGRAN","stcode11":"03","dtcode11":"049","sdtcode11":"00255","vilcode11":"037254","stname":"PUNJAB","dtname":"Amritsar","sdtname":"Ajnala","vilname11":"Dayal Bhatti (109)","vil_lgd":37254,"dist_lgd":27,"state_lgd":3,"gp_code":237943,"gp_name":"DIYAL BHATTI","subdt_lgd":255,"block_name":"AJNALA","block_lgd":210,"Remark":null,"ac_no":null,"test":null,"shape_Length":13200.068942730992,"shape_Area":3337499.2544379225}},{"arcs":[[494,495,-161,496,-10]],"type":"Polygon","properties":{"OBJECTID":341079,"vilnam_soi":"DAYALPUR","stcode11":"03","dtcode11":"049","sdtcode11":"00255","vilcode11":"037335","stname":"PUNJAB","dtname":"Amritsar","sdtname":"Ajnala","vilname11":"Dialpura (252)","vil_lgd":37335,"dist_lgd":27,"state_lgd":3,"gp_code":237942,"gp_name":"DIAL PURA","subdt_lgd":255,"block_name":"AJNALA","block_lgd":210,"Remark":null,"ac_no":null,"test":null,"shape_Length":10228.044747867798,"shape_Area":5069841.414842698}},{"arcs":[[497,498,499,500,-163,501]],"type":"Polygon","properties":{"OBJECTID":341080,"vilnam_soi":"DAYAL BHARANG","stcode11":"03","dtcode11":"049","sdtcode11":"00255","vilcode11":"037350","stname":"PUNJAB","dtname":"Amritsar","sdtname":"Ajnala","vilname11":"Dial Bharang (254)","vil_lgd":37350,"dist_lgd":27,"state_lgd":3,"gp_code":237941,"gp_name":"DIAL BHARANG","subdt_lgd":255,"block_name":"AJNALA","block_lgd":210,"Remark":null,"ac_no":null,"test":null,"shape_Length":8896.966568589525,"shape_Area":4227027.749842139}},{"arcs":[[502,-260,503,-403]],"type":"Polygon","properties":{"OBJECTID":341081,"vilnam_soi":"DHARIWAL","stcode11":"03","dtcode11":"049","sdtcode11":"00255","vilcode11":"037357","stname":"PUNJAB","dtname":"Amritsar","sdtname":"Ajnala","vilname11":"Dhariwal (237)","vil_lgd":37357,"dist_lgd":27,"state_lgd":3,"gp_code":237549,"gp_name":"DHARIWAL","subdt_lgd":255,"block_name":"AJNALA","block_lgd":210,"Remark":null,"ac_no":null,"test":null,"shape_Length":11217.32180647918,"shape_Area":6080286.968476613}},{"arcs":[[504,505,506,507,-210,-339]],"type":"Polygon","properties":{"OBJECTID":341082,"vilnam_soi":"DHADAL","stcode11":"03","dtcode11":"049","sdtcode11":"00255","vilcode11":"037236","stname":"PUNJAB","dtname":"Amritsar","sdtname":"Ajnala","vilname11":"Dhandal  (141)","vil_lgd":37236,"dist_lgd":27,"state_lgd":3,"gp_code":237550,"gp_name":"DHADAL","subdt_lgd":255,"block_name":"CHOGAWAN","block_lgd":212,"Remark":null,"ac_no":null,"test":null,"shape_Length":6506.382646357362,"shape_Area":1840406.3053483344}},{"arcs":[[-63,508,-480,509]],"type":"Polygon","properties":{"OBJECTID":341083,"vilnam_soi":"DHANGAI","stcode11":"03","dtcode11":"049","sdtcode11":"00255","vilcode11":"037112","stname":"PUNJAB","dtname":"Amritsar","sdtname":"Ajnala","vilname11":"Dhangai (93)","vil_lgd":37112,"dist_lgd":27,"state_lgd":3,"gp_code":237946,"gp_name":"DHANGAI","subdt_lgd":255,"block_name":"AJNALA","block_lgd":210,"Remark":null,"ac_no":null,"test":null,"shape_Length":6881.771911399786,"shape_Area":1836925.8906478288}},{"arcs":[[510,-376,511,512,513,514,515]],"type":"Polygon","properties":{"OBJECTID":341084,"vilnam_soi":"DHARM KOT","stcode11":"03","dtcode11":"049","sdtcode11":"00255","vilcode11":"037286","stname":"PUNJAB","dtname":"Amritsar","sdtname":"Ajnala","vilname11":"Dharamkot (200)","vil_lgd":37286,"dist_lgd":27,"state_lgd":3,"gp_code":238217,"gp_name":"DHRAMKOT","subdt_lgd":255,"block_name":"HARSHE CHHINA","block_lgd":215,"Remark":null,"ac_no":null,"test":null,"shape_Length":9611.330232584409,"shape_Area":4144282.121554278}},{"arcs":[[-8,516,517,-85,518,519]],"type":"Polygon","properties":{"OBJECTID":341085,"vilnam_soi":"DHAURIAN","stcode11":"03","dtcode11":"049","sdtcode11":"00255","vilcode11":"037263","stname":"PUNJAB","dtname":"Amritsar","sdtname":"Ajnala","vilname11":"Dhurian (100)","vil_lgd":37263,"dist_lgd":27,"state_lgd":3,"gp_code":237924,"gp_name":"DHURIAN","subdt_lgd":255,"block_name":"AJNALA","block_lgd":210,"Remark":null,"ac_no":null,"test":null,"shape_Length":9010.539731481322,"shape_Area":2931368.8894507573}},{"arcs":[[-456,520,521,522,523,524,-207]],"type":"Polygon","properties":{"OBJECTID":341086,"vilnam_soi":"DHUDRAI","stcode11":"03","dtcode11":"049","sdtcode11":"00255","vilcode11":"037362","stname":"PUNJAB","dtname":"Amritsar","sdtname":"Ajnala","vilname11":"Dadrai (308)","vil_lgd":37362,"dist_lgd":27,"state_lgd":3,"gp_code":238219,"gp_name":"DHADRAI","subdt_lgd":255,"block_name":"HARSHE CHHINA","block_lgd":215,"Remark":null,"ac_no":null,"test":null,"shape_Length":8004.12430097996,"shape_Area":3375532.232030146}},{"arcs":[[-195,525,526]],"type":"Polygon","properties":{"OBJECTID":341087,"vilnam_soi":"DHYANSINGHPURA","stcode11":"03","dtcode11":"049","sdtcode11":"00255","vilcode11":"037134","stname":"PUNJAB","dtname":"Amritsar","sdtname":"Ajnala","vilname11":"Dhian Singhpura (46)","vil_lgd":37134,"dist_lgd":27,"state_lgd":3,"gp_code":237932,"gp_name":"CHAK BALA","subdt_lgd":255,"block_name":"AJNALA","block_lgd":210,"Remark":null,"ac_no":null,"test":null,"shape_Length":8610.064732027453,"shape_Area":4499522.799623119}},{"arcs":[[-152,527,-68,528]],"type":"Polygon","properties":{"OBJECTID":341088,"vilnam_soi":"DIAL","stcode11":"03","dtcode11":"049","sdtcode11":"00255","vilcode11":"037163","stname":"PUNJAB","dtname":"Amritsar","sdtname":"Ajnala","vilname11":"Dyal (134)","vil_lgd":37163,"dist_lgd":27,"state_lgd":3,"gp_code":237551,"gp_name":"DIAL RANGARH","subdt_lgd":255,"block_name":"AJNALA","block_lgd":210,"Remark":null,"ac_no":null,"test":null,"shape_Length":4290.121217059147,"shape_Area":624172.7308055303}},{"arcs":[[-360,529,530,531,532,533]],"type":"Polygon","properties":{"OBJECTID":341089,"vilnam_soi":"FATEHWAL","stcode11":"03","dtcode11":"049","sdtcode11":"00255","vilcode11":"037246","stname":"PUNJAB","dtname":"Amritsar","sdtname":"Ajnala","vilname11":"Fatehwal (123)","vil_lgd":37246,"dist_lgd":27,"state_lgd":3,"gp_code":237948,"gp_name":"FATEHWAL","subdt_lgd":255,"block_name":"AJNALA","block_lgd":210,"Remark":null,"ac_no":null,"test":null,"shape_Length":10570.890175757668,"shape_Area":4749662.986200875}},{"arcs":[[-242,-243,242,534,-159]],"type":"Polygon","properties":{"OBJECTID":341090,"vilnam_soi":"FATTA","stcode11":"03","dtcode11":"049","sdtcode11":"00255","vilcode11":"037167","stname":"PUNJAB","dtname":"Amritsar","sdtname":"Ajnala","vilname11":"Fatta (21)","vil_lgd":37167,"dist_lgd":27,"state_lgd":3,"gp_code":237553,"gp_name":"GHOGA","subdt_lgd":255,"block_name":"CHOGAWAN","block_lgd":212,"Remark":null,"ac_no":null,"test":null,"shape_Length":6198.542956854446,"shape_Area":1805681.4296325117}},{"arcs":[[-30,535,536,537,538,539,540]],"type":"Polygon","properties":{"OBJECTID":341091,"vilnam_soi":"GUJARPURA","stcode11":"03","dtcode11":"049","sdtcode11":"00255","vilcode11":"037276","stname":"PUNJAB","dtname":"Amritsar","sdtname":"Ajnala","vilname11":"Gujjarpura (121)","vil_lgd":37276,"dist_lgd":27,"state_lgd":3,"gp_code":261466,"gp_name":"BUREWALI","subdt_lgd":255,"block_name":"AJNALA","block_lgd":210,"Remark":null,"ac_no":null,"test":null,"shape_Length":14967.110854919278,"shape_Area":7784939.24084938}},{"arcs":[[541,542,543,544,545]],"type":"Polygon","properties":{"OBJECTID":341092,"vilnam_soi":"GAGGAR","stcode11":"03","dtcode11":"049","sdtcode11":"00255","vilcode11":"037099","stname":"PUNJAB","dtname":"Amritsar","sdtname":"Ajnala","vilname11":"Gaggar (66)","vil_lgd":37099,"dist_lgd":27,"state_lgd":3,"gp_code":237958,"gp_name":"GAGGAR","subdt_lgd":255,"block_name":"AJNALA","block_lgd":210,"Remark":null,"ac_no":null,"test":null,"shape_Length":8748.922331432233,"shape_Area":2994275.9554591174}},{"arcs":[[546,-96,547,548,549]],"type":"Polygon","properties":{"OBJECTID":341093,"vilnam_soi":"GAGGARMAL","stcode11":"03","dtcode11":"049","sdtcode11":"00255","vilcode11":"037199","stname":"PUNJAB","dtname":"Amritsar","sdtname":"Ajnala","vilname11":"Gagarmal (176)","vil_lgd":37199,"dist_lgd":27,"state_lgd":3,"gp_code":237554,"gp_name":"GAGAR MAL","subdt_lgd":255,"block_name":"CHOGAWAN","block_lgd":212,"Remark":null,"ac_no":null,"test":null,"shape_Length":7435.726895886551,"shape_Area":2556457.983381792}},{"arcs":[[550,-12,551,-167,-407,552,553,-490,554,555,556,557]],"type":"Polygon","properties":{"OBJECTID":341094,"vilnam_soi":"GAGGO MAHL","stcode11":"03","dtcode11":"049","sdtcode11":"00255","vilcode11":"037272","stname":"PUNJAB","dtname":"Amritsar","sdtname":"Ajnala","vilname11":"Gaggo  Mahal (248)","vil_lgd":37272,"dist_lgd":27,"state_lgd":3,"gp_code":237949,"gp_name":"GAGGO MAHAL","subdt_lgd":255,"block_name":"AJNALA","block_lgd":210,"Remark":null,"ac_no":null,"test":null,"shape_Length":20512.808983743325,"shape_Area":13465322.815404654}},{"arcs":[[-556,558,559,-136,-315,560]],"type":"Polygon","properties":{"OBJECTID":341095,"vilnam_soi":"GHALIB","stcode11":"03","dtcode11":"049","sdtcode11":"00255","vilcode11":"037256","stname":"PUNJAB","dtname":"Amritsar","sdtname":"Ajnala","vilname11":"Galib  (107)","vil_lgd":37256,"dist_lgd":27,"state_lgd":3,"gp_code":237951,"gp_name":"GALIB","subdt_lgd":255,"block_name":"AJNALA","block_lgd":210,"Remark":null,"ac_no":null,"test":null,"shape_Length":10123.522047595996,"shape_Area":3052868.086040089}},{"arcs":[[-71,561,562,-236,-157]],"type":"Polygon","properties":{"OBJECTID":341096,"vilnam_soi":"GHOGA","stcode11":"03","dtcode11":"049","sdtcode11":"00255","vilcode11":"037165","stname":"PUNJAB","dtname":"Amritsar","sdtname":"Ajnala","vilname11":"Ghoga (27)","vil_lgd":37165,"dist_lgd":27,"state_lgd":3,"gp_code":237544,"gp_name":"CHHAN GHOGA","subdt_lgd":255,"block_name":"CHOGAWAN","block_lgd":212,"Remark":null,"ac_no":null,"test":null,"shape_Length":8979.255222161122,"shape_Area":2838400.289354874}},{"arcs":[[563,564,565,566,567,568]],"type":"Polygon","properties":{"OBJECTID":341097,"vilnam_soi":"GHONEWALA","stcode11":"03","dtcode11":"049","sdtcode11":"00255","vilcode11":"037086","stname":"PUNJAB","dtname":"Amritsar","sdtname":"Ajnala","vilname11":"Ghonewala (78)","vil_lgd":37086,"dist_lgd":27,"state_lgd":3,"gp_code":237953,"gp_name":"GHONEY WAHALA","subdt_lgd":255,"block_name":"AJNALA","block_lgd":210,"Remark":null,"ac_no":null,"test":null,"shape_Length":12052.219070152645,"shape_Area":6184410.437368502}},{"arcs":[[569,570,571,-370,572,573,574]],"type":"Polygon","properties":{"OBJECTID":341098,"vilnam_soi":"GHUKEWALI","stcode11":"03","dtcode11":"049","sdtcode11":"00255","vilcode11":"037399","stname":"PUNJAB","dtname":"Amritsar","sdtname":"Ajnala","vilname11":"Ghukeywali (296)","vil_lgd":37399,"dist_lgd":27,"state_lgd":3,"gp_code":238220,"gp_name":"GHUKEWALI","subdt_lgd":255,"block_name":"HARSHE CHHINA","block_lgd":215,"Remark":null,"ac_no":null,"test":null,"shape_Length":9534.672338083432,"shape_Area":3159383.504804322}},{"arcs":[[575,576,-483,577,578]],"type":"Polygon","properties":{"OBJECTID":341099,"vilnam_soi":"GHUMRAI","stcode11":"03","dtcode11":"049","sdtcode11":"00255","vilcode11":"037101","stname":"PUNJAB","dtname":"Amritsar","sdtname":"Ajnala","vilname11":"Ghumrai (64)","vil_lgd":37101,"dist_lgd":27,"state_lgd":3,"gp_code":237959,"gp_name":"GHUMRAI","subdt_lgd":255,"block_name":"AJNALA","block_lgd":210,"Remark":null,"ac_no":null,"test":null,"shape_Length":7904.3347642213475,"shape_Area":3069647.6704828474}},{"arcs":[[579,-193,-138]],"type":"Polygon","properties":{"OBJECTID":341100,"vilnam_soi":"GILL","stcode11":"03","dtcode11":"049","sdtcode11":"00255","vilcode11":"037132","stname":"PUNJAB","dtname":"Amritsar","sdtname":"Ajnala","vilname11":"Gill (48)","vil_lgd":37132,"dist_lgd":27,"state_lgd":3,"gp_code":237932,"gp_name":"CHAK BALA","subdt_lgd":255,"block_name":"AJNALA","block_lgd":210,"Remark":null,"ac_no":null,"test":null,"shape_Length":4841.002101526845,"shape_Area":885183.8275167999}},{"arcs":[[580,581,-539,582,583]],"type":"Polygon","properties":{"OBJECTID":341101,"vilnam_soi":"GORALA","stcode11":"03","dtcode11":"049","sdtcode11":"00255","vilcode11":"037250","stname":"PUNJAB","dtname":"Amritsar","sdtname":"Ajnala","vilname11":"Gurala (120)","vil_lgd":37250,"dist_lgd":27,"state_lgd":3,"gp_code":237956,"gp_name":"GURALA","subdt_lgd":255,"block_name":"AJNALA","block_lgd":210,"Remark":null,"ac_no":null,"test":null,"shape_Length":14140.431457861994,"shape_Area":4385415.57165295}},{"arcs":[[584,585,-537,586]],"type":"Polygon","properties":{"OBJECTID":341102,"vilnam_soi":"GORALA","stcode11":"03","dtcode11":"049","sdtcode11":"00255","vilcode11":"037250","stname":"PUNJAB","dtname":"Amritsar","sdtname":"Ajnala","vilname11":"Gurala (120)","vil_lgd":37250,"dist_lgd":27,"state_lgd":3,"gp_code":237956,"gp_name":"GURALA","subdt_lgd":255,"block_name":"AJNALA","block_lgd":210,"Remark":null,"ac_no":null,"test":null,"shape_Length":3171.9518568240496,"shape_Area":566948.1286985539}},{"arcs":[[587,588,-498,589,590]],"type":"Polygon","properties":{"OBJECTID":341103,"vilnam_soi":"GORE NANGAL","stcode11":"03","dtcode11":"049","sdtcode11":"00255","vilcode11":"037338","stname":"PUNJAB","dtname":"Amritsar","sdtname":"Ajnala","vilname11":"Gaurey Nangal (259)","vil_lgd":37338,"dist_lgd":27,"state_lgd":3,"gp_code":237950,"gp_name":"GOREY NANGAL","subdt_lgd":255,"block_name":"AJNALA","block_lgd":210,"Remark":null,"ac_no":null,"test":null,"shape_Length":8310.75189418006,"shape_Area":2810452.775010375}},{"arcs":[[-534,591,-128,-361]],"type":"Polygon","properties":{"OBJECTID":341104,"vilnam_soi":"GRANTHGARH","stcode11":"03","dtcode11":"049","sdtcode11":"00255","vilcode11":"037247","stname":"PUNJAB","dtname":"Amritsar","sdtname":"Ajnala","vilname11":"Granthgarh (125)","vil_lgd":37247,"dist_lgd":27,"state_lgd":3,"gp_code":237957,"gp_name":"GRANTHGARH","subdt_lgd":255,"block_name":"AJNALA","block_lgd":210,"Remark":null,"ac_no":null,"test":null,"shape_Length":5262.481819095794,"shape_Area":1297719.0795858814}},{"arcs":[[592,-530,-363,-585]],"type":"Polygon","properties":{"OBJECTID":341105,"vilnam_soi":"GUJARPURA","stcode11":"03","dtcode11":"049","sdtcode11":"00255","vilcode11":"037276","stname":"PUNJAB","dtname":"Amritsar","sdtname":"Ajnala","vilname11":"Gujjarpura (121)","vil_lgd":37276,"dist_lgd":27,"state_lgd":3,"gp_code":261466,"gp_name":"BUREWALI","subdt_lgd":255,"block_name":"AJNALA","block_lgd":210,"Remark":null,"ac_no":null,"test":null,"shape_Length":2945.3044515883666,"shape_Area":455412.864102445}},{"arcs":[[593,594,595,-32,596]],"type":"Polygon","properties":{"OBJECTID":341106,"vilnam_soi":"GULGARH","stcode11":"03","dtcode11":"049","sdtcode11":"00255","vilcode11":"037152","stname":"PUNJAB","dtname":"Amritsar","sdtname":"Ajnala","vilname11":"Gulgarh (32)","vil_lgd":37152,"dist_lgd":27,"state_lgd":3,"gp_code":237552,"gp_name":"GULGARH","subdt_lgd":255,"block_name":"CHOGAWAN","block_lgd":212,"Remark":null,"ac_no":null,"test":null,"shape_Length":9448.213126300943,"shape_Area":2350272.901543739}},{"arcs":[[597,598,599,600,601]],"type":"Polygon","properties":{"OBJECTID":341107,"vilnam_soi":"GURBAKHSH KOT","stcode11":"03","dtcode11":"049","sdtcode11":"00255","vilcode11":"037091","stname":"PUNJAB","dtname":"Amritsar","sdtname":"Ajnala","vilname11":"Kot Gurbaksh (83)","vil_lgd":37091,"dist_lgd":27,"state_lgd":3,"gp_code":237972,"gp_name":"KOT GURBAX","subdt_lgd":255,"block_name":"AJNALA","block_lgd":210,"Remark":null,"ac_no":null,"test":null,"shape_Length":7797.647765913394,"shape_Area":2984627.863591452}},{"arcs":[[602,603,-272,-149,-529,-67]],"type":"Polygon","properties":{"OBJECTID":341108,"vilnam_soi":"HASHIMPUR","stcode11":"03","dtcode11":"049","sdtcode11":"00255","vilcode11":"037161","stname":"PUNJAB","dtname":"Amritsar","sdtname":"Ajnala","vilname11":"Hashampura (133)","vil_lgd":37161,"dist_lgd":27,"state_lgd":3,"gp_code":237960,"gp_name":"HASHAM PURA","subdt_lgd":255,"block_name":"AJNALA","block_lgd":210,"Remark":null,"ac_no":null,"test":null,"shape_Length":6408.251147823826,"shape_Area":1855377.9215524774}},{"arcs":[[-229,604,605,-6,606,607,-170,-192]],"type":"Polygon","properties":{"OBJECTID":341109,"vilnam_soi":"HAITAMPURA","stcode11":"03","dtcode11":"049","sdtcode11":"00255","vilcode11":"037189","stname":"PUNJAB","dtname":"Amritsar","sdtname":"Ajnala","vilname11":"Hetampur (7)","vil_lgd":37189,"dist_lgd":27,"state_lgd":3,"gp_code":237592,"gp_name":"HETAM PURA","subdt_lgd":255,"block_name":"CHOGAWAN","block_lgd":212,"Remark":null,"ac_no":null,"test":null,"shape_Length":15006.266374881618,"shape_Area":4598766.121481644}},{"arcs":[[608,609,610]],"type":"Polygon","properties":{"OBJECTID":341110,"vilnam_soi":"HALER","stcode11":"03","dtcode11":"049","sdtcode11":"00255","vilcode11":"037341","stname":"PUNJAB","dtname":"Amritsar","sdtname":"Ajnala","vilname11":"Hailar (267)","vil_lgd":37341,"dist_lgd":27,"state_lgd":3,"gp_code":237964,"gp_name":"HELAR","subdt_lgd":255,"block_name":"AJNALA","block_lgd":210,"Remark":null,"ac_no":null,"test":null,"shape_Length":3772.7139498802526,"shape_Area":808740.1773859628}},{"arcs":[[-406,611,-369,612,-553]],"type":"Polygon","properties":{"OBJECTID":341111,"vilnam_soi":"HARAR KALAN","stcode11":"03","dtcode11":"049","sdtcode11":"00255","vilcode11":"037274","stname":"PUNJAB","dtname":"Amritsar","sdtname":"Ajnala","vilname11":"Harar Kalan  (235)","vil_lgd":37274,"dist_lgd":27,"state_lgd":3,"gp_code":237961,"gp_name":"HARAR KALAN","subdt_lgd":255,"block_name":"AJNALA","block_lgd":210,"Remark":null,"ac_no":null,"test":null,"shape_Length":10682.440155751448,"shape_Area":2996725.0972254174}},{"arcs":[[613,-540,-582,614,-491,-554,-613]],"type":"Polygon","properties":{"OBJECTID":341112,"vilnam_soi":"HARAR KHURD","stcode11":"03","dtcode11":"049","sdtcode11":"00255","vilcode11":"037273","stname":"PUNJAB","dtname":"Amritsar","sdtname":"Ajnala","vilname11":"Harar Khurd (119)","vil_lgd":37273,"dist_lgd":27,"state_lgd":3,"gp_code":237962,"gp_name":"HARAR KHURD","subdt_lgd":255,"block_name":"AJNALA","block_lgd":210,"Remark":null,"ac_no":null,"test":null,"shape_Length":8576.279689523402,"shape_Area":3602189.26568508}},{"arcs":[[-168,-552,-11,-497]],"type":"Polygon","properties":{"OBJECTID":341113,"vilnam_soi":"HARAR MUSTGIL","stcode11":"03","dtcode11":"049","sdtcode11":"00255","vilcode11":"037334","stname":"PUNJAB","dtname":"Amritsar","sdtname":"Ajnala","vilname11":"Harar ( Near Bhure Gill ) (246)","vil_lgd":37334,"dist_lgd":27,"state_lgd":3,"gp_code":237965,"gp_name":"HARAR MUTSIL BHUREY GILL","subdt_lgd":255,"block_name":"AJNALA","block_lgd":210,"Remark":null,"ac_no":null,"test":null,"shape_Length":7810.620645363304,"shape_Area":2174507.4561763527}},{"arcs":[[615,616,617,618,619,620,621,622,623,-392]],"type":"Polygon","properties":{"OBJECTID":341114,"vilnam_soi":"HARDO PUTLI","stcode11":"03","dtcode11":"049","sdtcode11":"00255","vilcode11":"037415","stname":"PUNJAB","dtname":"Amritsar","sdtname":"Ajnala","vilname11":"Hardo Putli (278)","vil_lgd":37415,"dist_lgd":27,"state_lgd":3,"gp_code":237963,"gp_name":"HARDO PUTLI","subdt_lgd":255,"block_name":"AJNALA","block_lgd":210,"Remark":null,"ac_no":null,"test":null,"shape_Length":14477.049494621193,"shape_Area":6224101.622913638}},{"arcs":[[624,625,626,627,-101,628,629,-458,630]],"type":"Polygon","properties":{"OBJECTID":341115,"vilnam_soi":"HARSEH CHHINA","stcode11":"03","dtcode11":"049","sdtcode11":"00255","vilcode11":"037383","stname":"PUNJAB","dtname":"Amritsar","sdtname":"Ajnala","vilname11":"Harse Chhina (311)","vil_lgd":37383,"dist_lgd":27,"state_lgd":3,"gp_code":238221,"gp_name":"HARSHA CHHIINA KUKRANWALA","subdt_lgd":255,"block_name":"HARSHE CHHINA","block_lgd":215,"Remark":null,"ac_no":null,"test":null,"shape_Length":21366.925971647863,"shape_Area":14708846.678332387}},{"arcs":[[631,632,633,634,-246]],"type":"Polygon","properties":{"OBJECTID":341116,"vilnam_soi":"HASAN PURA","stcode11":"03","dtcode11":"049","sdtcode11":"00255","vilcode11":"037225","stname":"PUNJAB","dtname":"Amritsar","sdtname":"Ajnala","vilname11":"Hasanpura (154)","vil_lgd":37225,"dist_lgd":27,"state_lgd":3,"gp_code":237570,"gp_name":"KHUSUPURA","subdt_lgd":255,"block_name":"CHOGAWAN","block_lgd":212,"Remark":null,"ac_no":null,"test":null,"shape_Length":6941.877785551838,"shape_Area":924683.5747026979}},{"arcs":[[-24,635,-405]],"type":"Polygon","properties":{"OBJECTID":341117,"vilnam_soi":"IBRAHIMPURA","stcode11":"03","dtcode11":"049","sdtcode11":"00255","vilcode11":"037329","stname":"PUNJAB","dtname":"Amritsar","sdtname":"Ajnala","vilname11":"Ibrahimpura (233)","vil_lgd":37329,"dist_lgd":27,"state_lgd":3,"gp_code":238022,"gp_name":"SUREPUR (IBRAHIMPURA)","subdt_lgd":255,"block_name":"AJNALA","block_lgd":210,"Remark":null,"ac_no":null,"test":null,"shape_Length":9081.195000937942,"shape_Area":4096678.7551836343}},{"arcs":[[-615,-581,636,-42,637,-341,638,-492]],"type":"Polygon","properties":{"OBJECTID":341118,"vilnam_soi":"INAYATPUR","stcode11":"03","dtcode11":"049","sdtcode11":"00255","vilcode11":"037253","stname":"PUNJAB","dtname":"Amritsar","sdtname":"Ajnala","vilname11":"Anayatpura (118)","vil_lgd":37253,"dist_lgd":27,"state_lgd":3,"gp_code":237947,"gp_name":"ANAITPURA","subdt_lgd":255,"block_name":"AJNALA","block_lgd":210,"Remark":null,"ac_no":null,"test":null,"shape_Length":13282.409167567417,"shape_Area":5548832.16759911}},{"arcs":[[639,640,641,642,-429,-285]],"type":"Polygon","properties":{"OBJECTID":341119,"vilnam_soi":"ISAPUR","stcode11":"03","dtcode11":"049","sdtcode11":"00255","vilcode11":"037323","stname":"PUNJAB","dtname":"Amritsar","sdtname":"Ajnala","vilname11":"Isapur (211)","vil_lgd":37323,"dist_lgd":27,"state_lgd":3,"gp_code":237966,"gp_name":"ISAPUR","subdt_lgd":255,"block_name":"AJNALA","block_lgd":210,"Remark":null,"ac_no":null,"test":null,"shape_Length":8876.836522272375,"shape_Area":3354286.004907958}},{"arcs":[[643,-334,644,-275,645,646,647,648]],"type":"Polygon","properties":{"OBJECTID":341120,"vilnam_soi":"JAFAR KOT","stcode11":"03","dtcode11":"049","sdtcode11":"00255","vilcode11":"037148","stname":"PUNJAB","dtname":"Amritsar","sdtname":"Ajnala","vilname11":"Jafarkot (128)","vil_lgd":37148,"dist_lgd":27,"state_lgd":3,"gp_code":237968,"gp_name":"JAFAR KOT","subdt_lgd":255,"block_name":"AJNALA","block_lgd":210,"Remark":null,"ac_no":null,"test":null,"shape_Length":10528.256917291676,"shape_Area":4033511.3885972546}},{"arcs":[[649,650,651,652,653,654,655,-574,656]],"type":"Polygon","properties":{"OBJECTID":341121,"vilnam_soi":"JAGDEO KALAN","stcode11":"03","dtcode11":"049","sdtcode11":"00255","vilcode11":"037397","stname":"PUNJAB","dtname":"Amritsar","sdtname":"Ajnala","vilname11":"Jagdev Kalan (297)","vil_lgd":37397,"dist_lgd":27,"state_lgd":3,"gp_code":238225,"gp_name":"JAGDEV KALAN","subdt_lgd":255,"block_name":"HARSHE CHHINA","block_lgd":215,"Remark":null,"ac_no":null,"test":null,"shape_Length":22114.49340002867,"shape_Area":15451656.835787548}},{"arcs":[[-477,657,-125,658,-342,-638,-41,659,660]],"type":"Polygon","properties":{"OBJECTID":341122,"vilnam_soi":"JAGDEO KHURD","stcode11":"03","dtcode11":"049","sdtcode11":"00255","vilcode11":"037139","stname":"PUNJAB","dtname":"Amritsar","sdtname":"Ajnala","vilname11":"Dalla Rajputan (113)","vil_lgd":37139,"dist_lgd":27,"state_lgd":3,"gp_code":237935,"gp_name":"DALLAH RAJPUTAN","subdt_lgd":255,"block_name":"AJNALA","block_lgd":210,"Remark":null,"ac_no":null,"test":null,"shape_Length":17926.38547235313,"shape_Area":6370455.433795082}},{"arcs":[[661,-69,-528,-151,-277,662]],"type":"Polygon","properties":{"OBJECTID":341123,"vilnam_soi":"JAIRAM KOT","stcode11":"03","dtcode11":"049","sdtcode11":"00255","vilcode11":"037240","stname":"PUNJAB","dtname":"Amritsar","sdtname":"Ajnala","vilname11":"Jai Ramkot (136)","vil_lgd":37240,"dist_lgd":27,"state_lgd":3,"gp_code":237557,"gp_name":"JAI RAM KOT","subdt_lgd":255,"block_name":"CHOGAWAN","block_lgd":212,"Remark":null,"ac_no":null,"test":null,"shape_Length":6017.774592396265,"shape_Area":1021341.8580656532}},{"arcs":[[663,664,665,-373,666]],"type":"Polygon","properties":{"OBJECTID":341124,"vilnam_soi":"JAJJA","stcode11":"03","dtcode11":"049","sdtcode11":"00255","vilcode11":"037290","stname":"PUNJAB","dtname":"Amritsar","sdtname":"Ajnala","vilname11":"Jajja (198)","vil_lgd":37290,"dist_lgd":27,"state_lgd":3,"gp_code":237558,"gp_name":"JAJJE","subdt_lgd":255,"block_name":"CHOGAWAN","block_lgd":212,"Remark":null,"ac_no":null,"test":null,"shape_Length":6308.096160964017,"shape_Area":2077187.3345598422}},{"arcs":[[667,668,669,-425]],"type":"Polygon","properties":{"OBJECTID":341125,"vilnam_soi":"JANDYALA","stcode11":"03","dtcode11":"049","sdtcode11":"00255","vilcode11":"037405","stname":"PUNJAB","dtname":"Amritsar","sdtname":"Ajnala","vilname11":"Jandiala (285)","vil_lgd":37405,"dist_lgd":27,"state_lgd":3,"gp_code":238256,"gp_name":"SANTU NANGAL","subdt_lgd":255,"block_name":"HARSHE CHHINA","block_lgd":215,"Remark":null,"ac_no":null,"test":null,"shape_Length":6264.113167878356,"shape_Area":1760379.9283668532}},{"arcs":[[670,-364,-251,671,-238,672,-562,-70,673,674,675,676,-349]],"type":"Polygon","properties":{"OBJECTID":341126,"vilnam_soi":"JASRAUR","stcode11":"03","dtcode11":"049","sdtcode11":"00255","vilcode11":"037164","stname":"PUNJAB","dtname":"Amritsar","sdtname":"Ajnala","vilname11":"Jasraur (147)","vil_lgd":37164,"dist_lgd":27,"state_lgd":3,"gp_code":237556,"gp_name":"JASRAOUR","subdt_lgd":255,"block_name":"CHOGAWAN","block_lgd":212,"Remark":null,"ac_no":null,"test":null,"shape_Length":16093.159979408172,"shape_Area":15721275.106053824}},{"arcs":[[677,678,679,680]],"type":"Polygon","properties":{"OBJECTID":341127,"vilnam_soi":"JASSAR","stcode11":"03","dtcode11":"049","sdtcode11":"00255","vilcode11":"037267","stname":"PUNJAB","dtname":"Amritsar","sdtname":"Ajnala","vilname11":"Jassar (265)","vil_lgd":37267,"dist_lgd":27,"state_lgd":3,"gp_code":237970,"gp_name":"JASSAR","subdt_lgd":255,"block_name":"AJNALA","block_lgd":210,"Remark":null,"ac_no":null,"test":null,"shape_Length":6492.83094156383,"shape_Area":2419973.91976569}},{"arcs":[[681,-321,682,683,-431]],"type":"Polygon","properties":{"OBJECTID":341128,"vilnam_soi":"JASTARWAL","stcode11":"03","dtcode11":"049","sdtcode11":"00255","vilcode11":"037283","stname":"PUNJAB","dtname":"Amritsar","sdtname":"Ajnala","vilname11":"Jastarwal (209)","vil_lgd":37283,"dist_lgd":27,"state_lgd":3,"gp_code":238227,"gp_name":"JASTARWAL","subdt_lgd":255,"block_name":"HARSHE CHHINA","block_lgd":215,"Remark":null,"ac_no":null,"test":null,"shape_Length":11790.4989975613,"shape_Area":4564489.120929438}},{"arcs":[[684,-601,685,686,687]],"type":"Polygon","properties":{"OBJECTID":341129,"vilnam_soi":"JATTAN","stcode11":"03","dtcode11":"049","sdtcode11":"00255","vilcode11":"037092","stname":"PUNJAB","dtname":"Amritsar","sdtname":"Ajnala","vilname11":"Jatta (82)","vil_lgd":37092,"dist_lgd":27,"state_lgd":3,"gp_code":237967,"gp_name":"JATTA","subdt_lgd":255,"block_name":"AJNALA","block_lgd":210,"Remark":null,"ac_no":null,"test":null,"shape_Length":9407.149837959148,"shape_Area":2964818.580722341}},{"arcs":[[-524,688,689,690,691,692]],"type":"Polygon","properties":{"OBJECTID":341130,"vilnam_soi":"JAUNS","stcode11":"03","dtcode11":"049","sdtcode11":"00255","vilcode11":"037319","stname":"PUNJAB","dtname":"Amritsar","sdtname":"Ajnala","vilname11":"Jauns (205)","vil_lgd":37319,"dist_lgd":27,"state_lgd":3,"gp_code":238228,"gp_name":"JAUNS","subdt_lgd":255,"block_name":"HARSHE CHHINA","block_lgd":215,"Remark":null,"ac_no":null,"test":null,"shape_Length":10259.394598084209,"shape_Area":3912357.190439729}},{"arcs":[[693,694,695,696,-377,697,698,-621,699]],"type":"Polygon","properties":{"OBJECTID":341131,"vilnam_soi":"JHANDER","stcode11":"03","dtcode11":"049","sdtcode11":"00255","vilcode11":"037411","stname":"PUNJAB","dtname":"Amritsar","sdtname":"Ajnala","vilname11":"Jhander (288)","vil_lgd":37411,"dist_lgd":27,"state_lgd":3,"gp_code":238226,"gp_name":"JHANDER","subdt_lgd":255,"block_name":"HARSHE CHHINA","block_lgd":215,"Remark":null,"ac_no":null,"test":null,"shape_Length":12299.053725446756,"shape_Area":6518350.2578172535}},{"arcs":[[[700,-701,701,-322,-258,-103,702]],[[703,704,-124,705,706]]],"type":"MultiPolygon","properties":{"OBJECTID":341132,"vilnam_soi":"JHANJOTI","stcode11":"03","dtcode11":"049","sdtcode11":"00255","vilcode11":"037366","stname":"PUNJAB","dtname":"Amritsar","sdtname":"Ajnala","vilname11":"Jhanjoti  (317)","vil_lgd":37366,"dist_lgd":27,"state_lgd":3,"gp_code":238229,"gp_name":"JHANJOTI","subdt_lgd":255,"block_name":"HARSHE CHHINA","block_lgd":215,"Remark":null,"ac_no":null,"test":null,"shape_Length":16681.382318075175,"shape_Area":5499355.955293228}},{"arcs":[[-250,-239,-672]],"type":"Polygon","properties":{"OBJECTID":341133,"vilnam_soi":"JHUNJ","stcode11":"03","dtcode11":"049","sdtcode11":"00255","vilcode11":"037171","stname":"PUNJAB","dtname":"Amritsar","sdtname":"Ajnala","vilname11":"Jhunj (25)","vil_lgd":37171,"dist_lgd":27,"state_lgd":3,"gp_code":237555,"gp_name":"JHUNJ","subdt_lgd":255,"block_name":"CHOGAWAN","block_lgd":212,"Remark":null,"ac_no":null,"test":null,"shape_Length":4543.3150992228475,"shape_Area":1298092.643621729}},{"arcs":[[707,708,-421,709,710]],"type":"Polygon","properties":{"OBJECTID":341134,"vilnam_soi":"JOIKE","stcode11":"03","dtcode11":"049","sdtcode11":"00255","vilcode11":"037299","stname":"PUNJAB","dtname":"Amritsar","sdtname":"Ajnala","vilname11":"Joeke (186)","vil_lgd":37299,"dist_lgd":27,"state_lgd":3,"gp_code":237559,"gp_name":"JOE KE","subdt_lgd":255,"block_name":"CHOGAWAN","block_lgd":212,"Remark":null,"ac_no":null,"test":null,"shape_Length":7093.9050654626235,"shape_Area":2278281.0118978214}},{"arcs":[[711,-385,712,-80,713,714,-634,715,716]],"type":"Polygon","properties":{"OBJECTID":341135,"vilnam_soi":"KAKAR","stcode11":"03","dtcode11":"049","sdtcode11":"00255","vilcode11":"037222","stname":"PUNJAB","dtname":"Amritsar","sdtname":"Ajnala","vilname11":"Kakar (160)","vil_lgd":37222,"dist_lgd":27,"state_lgd":3,"gp_code":237561,"gp_name":"KAKKAR","subdt_lgd":255,"block_name":"CHOGAWAN","block_lgd":212,"Remark":null,"ac_no":null,"test":null,"shape_Length":15557.420468357368,"shape_Area":6111969.420531021}},{"arcs":[[717,-154,718,-344,-347,719,720,-400,721,722,-500]],"type":"Polygon","properties":{"OBJECTID":341136,"vilnam_soi":"KAMILPURA","stcode11":"03","dtcode11":"049","sdtcode11":"00255","vilcode11":"037351","stname":"PUNJAB","dtname":"Amritsar","sdtname":"Ajnala","vilname11":"Kamalpura (243)","vil_lgd":37351,"dist_lgd":27,"state_lgd":3,"gp_code":237974,"gp_name":"KAMAL PURA","subdt_lgd":255,"block_name":"AJNALA","block_lgd":210,"Remark":null,"ac_no":null,"test":null,"shape_Length":17237.15052732831,"shape_Area":7899448.420838812}},{"arcs":[[-605,-451,723,724,-215,725]],"type":"Polygon","properties":{"OBJECTID":341137,"vilnam_soi":"KANWEN","stcode11":"03","dtcode11":"049","sdtcode11":"00255","vilcode11":"037190","stname":"PUNJAB","dtname":"Amritsar","sdtname":"Ajnala","vilname11":"Kawe (171)","vil_lgd":37190,"dist_lgd":27,"state_lgd":3,"gp_code":237563,"gp_name":"KANVEN","subdt_lgd":255,"block_name":"CHOGAWAN","block_lgd":212,"Remark":null,"ac_no":null,"test":null,"shape_Length":12687.913128080763,"shape_Area":4455326.463267037}},{"arcs":[[726,727,728,330,-331,-330,729,-179,730,731]],"type":"Polygon","properties":{"OBJECTID":341138,"vilnam_soi":"KAKKAR","stcode11":"03","dtcode11":"049","sdtcode11":"00255","vilcode11":"037194","stname":"PUNJAB","dtname":"Amritsar","sdtname":"Ajnala","vilname11":"Kakar (3)","vil_lgd":37194,"dist_lgd":27,"state_lgd":3,"gp_code":237569,"gp_name":"KAKAR","subdt_lgd":255,"block_name":"CHOGAWAN","block_lgd":212,"Remark":null,"ac_no":null,"test":null,"shape_Length":26174.969578322547,"shape_Area":23289491.56839786}},{"arcs":[[-290,732,733,734,735]],"type":"Polygon","properties":{"OBJECTID":341139,"vilnam_soi":"KALER","stcode11":"03","dtcode11":"049","sdtcode11":"00255","vilcode11":"037377","stname":"PUNJAB","dtname":"Amritsar","sdtname":"Ajnala","vilname11":"Kaler  (322)","vil_lgd":37377,"dist_lgd":27,"state_lgd":3,"gp_code":289327,"gp_name":"BABA MIKKE SHAH COLONY","subdt_lgd":255,"block_name":"CHOGAWAN","block_lgd":212,"Remark":null,"ac_no":null,"test":null,"shape_Length":13225.08840227829,"shape_Area":6565260.946525041}},{"arcs":[[736,737,738,-178,-447,-86,-518]],"type":"Polygon","properties":{"OBJECTID":341140,"vilnam_soi":"KALLO MAHL","stcode11":"03","dtcode11":"049","sdtcode11":"00255","vilcode11":"037262","stname":"PUNJAB","dtname":"Amritsar","sdtname":"Ajnala","vilname11":"Kallo Mahal (101)","vil_lgd":37262,"dist_lgd":27,"state_lgd":3,"gp_code":237973,"gp_name":"KALLO MAHAL","subdt_lgd":255,"block_name":"AJNALA","block_lgd":210,"Remark":null,"ac_no":null,"test":null,"shape_Length":9147.800182865532,"shape_Area":2455792.108792896}},{"arcs":[[-487,-143,739]],"type":"Polygon","properties":{"OBJECTID":341141,"vilnam_soi":"KAMIRPUR P F","stcode11":"03","dtcode11":"049","sdtcode11":"00255","vilcode11":"037129","stname":"PUNJAB","dtname":"Amritsar","sdtname":"Ajnala","vilname11":"Kamirpura (50)","vil_lgd":37129,"dist_lgd":27,"state_lgd":3,"gp_code":237975,"gp_name":"KAMIRPUR","subdt_lgd":255,"block_name":"AJNALA","block_lgd":210,"Remark":null,"ac_no":null,"test":null,"shape_Length":5615.018904969814,"shape_Area":974366.2776439851}},{"arcs":[[-51,740,741,742,743,-460,744]],"type":"Polygon","properties":{"OBJECTID":341142,"vilnam_soi":"KAMALPUR KALAN","stcode11":"03","dtcode11":"049","sdtcode11":"00255","vilcode11":"037095","stname":"PUNJAB","dtname":"Amritsar","sdtname":"Ajnala","vilname11":"Kamalpur Kalan (72)","vil_lgd":37095,"dist_lgd":27,"state_lgd":3,"gp_code":238025,"gp_name":"SHEHZADA","subdt_lgd":255,"block_name":"AJNALA","block_lgd":210,"Remark":null,"ac_no":null,"test":null,"shape_Length":8136.138275124979,"shape_Area":3351432.3093535355}},{"arcs":[[-688,745,-742,746,-566,747]],"type":"Polygon","properties":{"OBJECTID":341143,"vilnam_soi":"KAMALPUR KHURD","stcode11":"03","dtcode11":"049","sdtcode11":"00255","vilcode11":"037087","stname":"PUNJAB","dtname":"Amritsar","sdtname":"Ajnala","vilname11":"Kamalpur Khurd (73)","vil_lgd":37087,"dist_lgd":27,"state_lgd":3,"gp_code":238025,"gp_name":"SHEHZADA","subdt_lgd":255,"block_name":"AJNALA","block_lgd":210,"Remark":null,"ac_no":null,"test":null,"shape_Length":8007.869090321262,"shape_Area":3191866.212908649}},{"arcs":[[748,749,750]],"type":"Polygon","properties":{"OBJECTID":341144,"vilnam_soi":"KAMASKE","stcode11":"03","dtcode11":"049","sdtcode11":"00255","vilcode11":"037301","stname":"PUNJAB","dtname":"Amritsar","sdtname":"Ajnala","vilname11":"Kamaska (344)","vil_lgd":37301,"dist_lgd":27,"state_lgd":3,"gp_code":237599,"gp_name":"QAMASKE","subdt_lgd":255,"block_name":"CHOGAWAN","block_lgd":212,"Remark":null,"ac_no":null,"test":null,"shape_Length":7116.649071929952,"shape_Area":1859922.8327838613}},{"arcs":[[751,-651,752,-694,753,754,-426,-670]],"type":"Polygon","properties":{"OBJECTID":341145,"vilnam_soi":"KANDOWALI","stcode11":"03","dtcode11":"049","sdtcode11":"00255","vilcode11":"037403","stname":"PUNJAB","dtname":"Amritsar","sdtname":"Ajnala","vilname11":"Kandowali  (287)","vil_lgd":37403,"dist_lgd":27,"state_lgd":3,"gp_code":238232,"gp_name":"KANDOWALI","subdt_lgd":255,"block_name":"HARSHE CHHINA","block_lgd":215,"Remark":null,"ac_no":null,"test":null,"shape_Length":10006.399196174581,"shape_Area":4104969.2140920996}},{"arcs":[[-320,755,756,-515,757,-37,758,759,760,761,-683]],"type":"Polygon","properties":{"OBJECTID":341146,"vilnam_soi":"KARIAL","stcode11":"03","dtcode11":"049","sdtcode11":"00255","vilcode11":"037284","stname":"PUNJAB","dtname":"Amritsar","sdtname":"Ajnala","vilname11":"Karyal (201)","vil_lgd":37284,"dist_lgd":27,"state_lgd":3,"gp_code":238236,"gp_name":"KARYAL","subdt_lgd":255,"block_name":"HARSHE CHHINA","block_lgd":215,"Remark":null,"ac_no":null,"test":null,"shape_Length":18754.343040049465,"shape_Area":9819982.587127134}},{"arcs":[[-568,762,-45,763]],"type":"Polygon","properties":{"OBJECTID":341147,"vilnam_soi":"KASOWAL","stcode11":"03","dtcode11":"049","sdtcode11":"00255","vilcode11":"037082","stname":"PUNJAB","dtname":"Amritsar","sdtname":"Ajnala","vilname11":"Kassowala(76)","vil_lgd":37082,"dist_lgd":27,"state_lgd":3,"gp_code":237953,"gp_name":"GHONEY WAHALA","subdt_lgd":255,"block_name":"AJNALA","block_lgd":210,"Remark":null,"ac_no":null,"test":null,"shape_Length":10885.709333012854,"shape_Area":6801567.254584602}},{"arcs":[[-439,764,-408,-148,765,-295]],"type":"Polygon","properties":{"OBJECTID":341148,"vilnam_soi":"KAULOWAL","stcode11":"03","dtcode11":"049","sdtcode11":"00255","vilcode11":"037371","stname":"PUNJAB","dtname":"Amritsar","sdtname":"Ajnala","vilname11":"Kaulowal (332)","vil_lgd":37371,"dist_lgd":27,"state_lgd":3,"gp_code":237564,"gp_name":"KAULOWALA","subdt_lgd":255,"block_name":"CHOGAWAN","block_lgd":212,"Remark":null,"ac_no":null,"test":null,"shape_Length":11256.726126661339,"shape_Area":6039991.387082091}},{"arcs":[[766,767,-282,-130,768,769]],"type":"Polygon","properties":{"OBJECTID":341149,"vilnam_soi":"KHANOWAL","stcode11":"03","dtcode11":"049","sdtcode11":"00255","vilcode11":"037145","stname":"PUNJAB","dtname":"Amritsar","sdtname":"Ajnala","vilname11":"Khanwal (43)","vil_lgd":37145,"dist_lgd":27,"state_lgd":3,"gp_code":237982,"gp_name":"KHANWAL","subdt_lgd":255,"block_name":"AJNALA","block_lgd":210,"Remark":null,"ac_no":null,"test":null,"shape_Length":9895.713860097874,"shape_Area":2595109.61784666}},{"arcs":[[-722,-399,-165,770]],"type":"Polygon","properties":{"OBJECTID":341150,"vilnam_soi":"KHANOWAL","stcode11":"03","dtcode11":"049","sdtcode11":"00255","vilcode11":"037332","stname":"PUNJAB","dtname":"Amritsar","sdtname":"Ajnala","vilname11":"Khanowal (245)","vil_lgd":37332,"dist_lgd":27,"state_lgd":3,"gp_code":237976,"gp_name":"KHANOWAL","subdt_lgd":255,"block_name":"AJNALA","block_lgd":210,"Remark":null,"ac_no":null,"test":null,"shape_Length":7085.442867823188,"shape_Area":2170246.04107231}},{"arcs":[[771,-733,-293,-296,-766,-147,772,773]],"type":"Polygon","properties":{"OBJECTID":341151,"vilnam_soi":"KHIALA KALAN","stcode11":"03","dtcode11":"049","sdtcode11":"00255","vilcode11":"037370","stname":"PUNJAB","dtname":"Amritsar","sdtname":"Ajnala","vilname11":"Khiala Kalan (326)","vil_lgd":37370,"dist_lgd":27,"state_lgd":3,"gp_code":237565,"gp_name":"KHIALLA KALAN","subdt_lgd":255,"block_name":"CHOGAWAN","block_lgd":212,"Remark":null,"ac_no":null,"test":null,"shape_Length":21731.75240544291,"shape_Area":20594146.421967525}},{"arcs":[[774,-711,775,-751,-454]],"type":"Polygon","properties":{"OBJECTID":341152,"vilnam_soi":"KHIJARPURA","stcode11":"03","dtcode11":"049","sdtcode11":"00255","vilcode11":"037300","stname":"PUNJAB","dtname":"Amritsar","sdtname":"Ajnala","vilname11":"Khizarpura (343)","vil_lgd":37300,"dist_lgd":27,"state_lgd":3,"gp_code":237599,"gp_name":"QAMASKE","subdt_lgd":255,"block_name":"CHOGAWAN","block_lgd":212,"Remark":null,"ac_no":null,"test":null,"shape_Length":8527.498746036637,"shape_Area":2200595.566291566}},{"arcs":[[-715,776,-247,-635]],"type":"Polygon","properties":{"OBJECTID":341153,"vilnam_soi":"KHUSUPUR","stcode11":"03","dtcode11":"049","sdtcode11":"00255","vilcode11":"037221","stname":"PUNJAB","dtname":"Amritsar","sdtname":"Ajnala","vilname11":"Khushupura (155)","vil_lgd":37221,"dist_lgd":27,"state_lgd":3,"gp_code":237570,"gp_name":"KHUSUPURA","subdt_lgd":255,"block_name":"CHOGAWAN","block_lgd":212,"Remark":null,"ac_no":null,"test":null,"shape_Length":5556.900190642481,"shape_Area":1232103.3092738506}},{"arcs":[[-696,777,778,779,-345,-344,343,-719,780]],"type":"Polygon","properties":{"OBJECTID":341154,"vilnam_soi":"KHUTRAIN KALAN","stcode11":"03","dtcode11":"049","sdtcode11":"00255","vilcode11":"037354","stname":"PUNJAB","dtname":"Amritsar","sdtname":"Ajnala","vilname11":"Khatrai Kalan (291)","vil_lgd":37354,"dist_lgd":27,"state_lgd":3,"gp_code":238233,"gp_name":"KHATRAI KALAN","subdt_lgd":255,"block_name":"HARSHE CHHINA","block_lgd":215,"Remark":null,"ac_no":null,"test":null,"shape_Length":12219.172424830165,"shape_Area":3138741.6656730734}},{"arcs":[[781,-779,782,783,784]],"type":"Polygon","properties":{"OBJECTID":341155,"vilnam_soi":"KHUTRAIN KHURD","stcode11":"03","dtcode11":"049","sdtcode11":"00255","vilcode11":"037401","stname":"PUNJAB","dtname":"Amritsar","sdtname":"Ajnala","vilname11":"Khatrai Khurd (293)","vil_lgd":37401,"dist_lgd":27,"state_lgd":3,"gp_code":238234,"gp_name":"KHATRAI KHURD","subdt_lgd":255,"block_name":"HARSHE CHHINA","block_lgd":215,"Remark":null,"ac_no":null,"test":null,"shape_Length":8531.137688956127,"shape_Area":3312931.270800887}},{"arcs":[[-419,785,786,-443,787,-145,-411,-417]],"type":"Polygon","properties":{"OBJECTID":341156,"vilnam_soi":"KOHALA","stcode11":"03","dtcode11":"049","sdtcode11":"00255","vilcode11":"037297","stname":"PUNJAB","dtname":"Amritsar","sdtname":"Ajnala","vilname11":"Kohala (340)","vil_lgd":37297,"dist_lgd":27,"state_lgd":3,"gp_code":237567,"gp_name":"KOHALA","subdt_lgd":255,"block_name":"CHOGAWAN","block_lgd":212,"Remark":null,"ac_no":null,"test":null,"shape_Length":17642.538716109913,"shape_Area":7549782.461212396}},{"arcs":[[-324,-121,788,-774,789,-441,-266,-256,790]],"type":"Polygon","properties":{"OBJECTID":341157,"vilnam_soi":"KOHALI","stcode11":"03","dtcode11":"049","sdtcode11":"00255","vilcode11":"037313","stname":"PUNJAB","dtname":"Amritsar","sdtname":"Ajnala","vilname11":"Kohali (328)","vil_lgd":37313,"dist_lgd":27,"state_lgd":3,"gp_code":237568,"gp_name":"KOHALI","subdt_lgd":255,"block_name":"CHOGAWAN","block_lgd":212,"Remark":null,"ac_no":null,"test":null,"shape_Length":21080.865707961326,"shape_Area":13495582.847194083}},{"arcs":[[791,792,-623]],"type":"Polygon","properties":{"OBJECTID":341158,"vilnam_soi":"KOT KESARSINGH","stcode11":"03","dtcode11":"049","sdtcode11":"00255","vilcode11":"037414","stname":"PUNJAB","dtname":"Amritsar","sdtname":"Ajnala","vilname11":"Kot Kesar Singh  (279)","vil_lgd":37414,"dist_lgd":27,"state_lgd":3,"gp_code":238471,"gp_name":"KOT KESRA SINGH","subdt_lgd":255,"block_name":"AJNALA","block_lgd":210,"Remark":null,"ac_no":null,"test":null,"shape_Length":5163.022819853536,"shape_Area":1319047.9185770182}},{"arcs":[[793,-280,794,795,796]],"type":"Polygon","properties":{"OBJECTID":341159,"vilnam_soi":"KOT MUGHAL","stcode11":"03","dtcode11":"049","sdtcode11":"00255","vilcode11":"037344","stname":"PUNJAB","dtname":"Amritsar","sdtname":"Ajnala","vilname11":"Kot Mugal (270)","vil_lgd":37344,"dist_lgd":27,"state_lgd":3,"gp_code":238472,"gp_name":"KOT MUGHAL","subdt_lgd":255,"block_name":"AJNALA","block_lgd":210,"Remark":null,"ac_no":null,"test":null,"shape_Length":4975.447134386282,"shape_Area":1331218.1147221026}},{"arcs":[[-38,-758,-514,797,-632,-254,798]],"type":"Polygon","properties":{"OBJECTID":341160,"vilnam_soi":"KOT SIDHU","stcode11":"03","dtcode11":"049","sdtcode11":"00255","vilcode11":"037226","stname":"PUNJAB","dtname":"Amritsar","sdtname":"Ajnala","vilname11":"Kot Sidhu (152)","vil_lgd":37226,"dist_lgd":27,"state_lgd":3,"gp_code":238235,"gp_name":"KOT SIDHU","subdt_lgd":255,"block_name":"HARSHE CHHINA","block_lgd":215,"Remark":null,"ac_no":null,"test":null,"shape_Length":7871.638916911774,"shape_Area":3404659.108552966}},{"arcs":[[-705,799,800,-734,-772,-789,-120]],"type":"Polygon","properties":{"OBJECTID":341161,"vilnam_soi":"KOTLA DUMAN","stcode11":"03","dtcode11":"049","sdtcode11":"00255","vilcode11":"037378","stname":"PUNJAB","dtname":"Amritsar","sdtname":"Ajnala","vilname11":"Kotla Doom (321)","vil_lgd":37378,"dist_lgd":27,"state_lgd":3,"gp_code":237622,"gp_name":"KOTLA DUM","subdt_lgd":255,"block_name":"HARSHE CHHINA","block_lgd":215,"Remark":null,"ac_no":null,"test":null,"shape_Length":15381.885664599664,"shape_Area":7274013.19757146}},{"arcs":[[-164,-501,-723,-771]],"type":"Polygon","properties":{"OBJECTID":341162,"vilnam_soi":"KOTLA QAZIAN","stcode11":"03","dtcode11":"049","sdtcode11":"00255","vilcode11":"037331","stname":"PUNJAB","dtname":"Amritsar","sdtname":"Ajnala","vilname11":"Kotla Kazian (244)","vil_lgd":37331,"dist_lgd":27,"state_lgd":3,"gp_code":237983,"gp_name":"KOTLA KAZIAN","subdt_lgd":255,"block_name":"AJNALA","block_lgd":210,"Remark":null,"ac_no":null,"test":null,"shape_Length":4664.140859233372,"shape_Area":909543.5957219471}},{"arcs":[[-616,-391,801]],"type":"Polygon","properties":{"OBJECTID":341163,"vilnam_soi":"KOTLA SADR","stcode11":"03","dtcode11":"049","sdtcode11":"00255","vilcode11":"037416","stname":"PUNJAB","dtname":"Amritsar","sdtname":"Ajnala","vilname11":"Kotla Sadar (277)","vil_lgd":37416,"dist_lgd":27,"state_lgd":3,"gp_code":237977,"gp_name":"KOTLA SADAR","subdt_lgd":255,"block_name":"AJNALA","block_lgd":210,"Remark":null,"ac_no":null,"test":null,"shape_Length":5318.726705057802,"shape_Area":1363339.619873434}},{"arcs":[[-368,-612,-636,-31,-541,-614]],"type":"Polygon","properties":{"OBJECTID":341164,"vilnam_soi":"KOTLI AMB","stcode11":"03","dtcode11":"049","sdtcode11":"00255","vilcode11":"037275","stname":"PUNJAB","dtname":"Amritsar","sdtname":"Ajnala","vilname11":"Kotli Amb (234)","vil_lgd":37275,"dist_lgd":27,"state_lgd":3,"gp_code":237978,"gp_name":"KOTLI AMB","subdt_lgd":255,"block_name":"AJNALA","block_lgd":210,"Remark":null,"ac_no":null,"test":null,"shape_Length":8352.416926747497,"shape_Area":3967197.625814613}},{"arcs":[[-420,-415,802,-776,-710]],"type":"Polygon","properties":{"OBJECTID":341165,"vilnam_soi":"KOTLI AULAKH","stcode11":"03","dtcode11":"049","sdtcode11":"00255","vilcode11":"037309","stname":"PUNJAB","dtname":"Amritsar","sdtname":"Ajnala","vilname11":"Kotli Aulakh (342)","vil_lgd":37309,"dist_lgd":27,"state_lgd":3,"gp_code":237560,"gp_name":"KOTLI AULAKH","subdt_lgd":255,"block_name":"CHOGAWAN","block_lgd":212,"Remark":null,"ac_no":null,"test":null,"shape_Length":4435.8019016946155,"shape_Area":869632.6214814759}},{"arcs":[[-484,-303,803,804]],"type":"Polygon","properties":{"OBJECTID":341166,"vilnam_soi":"KOTLI BARWALA","stcode11":"03","dtcode11":"049","sdtcode11":"00255","vilcode11":"037126","stname":"PUNJAB","dtname":"Amritsar","sdtname":"Ajnala","vilname11":"Kotli Barwala (56)","vil_lgd":37126,"dist_lgd":27,"state_lgd":3,"gp_code":237934,"gp_name":"CHAHARPUR","subdt_lgd":255,"block_name":"AJNALA","block_lgd":210,"Remark":null,"ac_no":null,"test":null,"shape_Length":7222.289751150369,"shape_Area":1722333.2234607916}},{"arcs":[[805,806,807,808]],"type":"Polygon","properties":{"OBJECTID":341167,"vilnam_soi":"KOTLI JAIMATSINGH","stcode11":"03","dtcode11":"049","sdtcode11":"00255","vilcode11":"037264","stname":"PUNJAB","dtname":"Amritsar","sdtname":"Ajnala","vilname11":"Kotli Jamait Singh (96)","vil_lgd":37264,"dist_lgd":27,"state_lgd":3,"gp_code":237984,"gp_name":"KOTLI JAMAIT SINGH","subdt_lgd":255,"block_name":"AJNALA","block_lgd":210,"Remark":null,"ac_no":null,"test":null,"shape_Length":4908.360264429658,"shape_Area":981834.1060248277}},{"arcs":[[809,-676,810,811,-211,-508]],"type":"Polygon","properties":{"OBJECTID":341168,"vilnam_soi":"KOTLI KHAIRA","stcode11":"03","dtcode11":"049","sdtcode11":"00255","vilcode11":"037235","stname":"PUNJAB","dtname":"Amritsar","sdtname":"Ajnala","vilname11":"Kotli Khaira (139)","vil_lgd":37235,"dist_lgd":27,"state_lgd":3,"gp_code":237636,"gp_name":"KOTLI KHAIRA","subdt_lgd":255,"block_name":"CHOGAWAN","block_lgd":212,"Remark":null,"ac_no":null,"test":null,"shape_Length":6883.265645145475,"shape_Area":2424388.4405067465}},{"arcs":[[-649,812]],"type":"Polygon","properties":{"OBJECTID":341169,"vilnam_soi":"KOTLI KOKA","stcode11":"03","dtcode11":"049","sdtcode11":"00255","vilcode11":"037147","stname":"PUNJAB","dtname":"Amritsar","sdtname":"Ajnala","vilname11":"Kotli Koka (127)","vil_lgd":37147,"dist_lgd":27,"state_lgd":3,"gp_code":237985,"gp_name":"KOTLI KOKA","subdt_lgd":255,"block_name":"AJNALA","block_lgd":210,"Remark":null,"ac_no":null,"test":null,"shape_Length":4679.9334287231195,"shape_Area":852008.8598384596}},{"arcs":[[813,814,-389,815,816,817,818]],"type":"Polygon","properties":{"OBJECTID":341170,"vilnam_soi":"KOTLI KOROTANA","stcode11":"03","dtcode11":"049","sdtcode11":"00255","vilcode11":"037422","stname":"PUNJAB","dtname":"Amritsar","sdtname":"Ajnala","vilname11":"Kotli Korotana (221)","vil_lgd":37422,"dist_lgd":27,"state_lgd":3,"gp_code":237979,"gp_name":"KOTLI KOROTANA","subdt_lgd":255,"block_name":"AJNALA","block_lgd":210,"Remark":null,"ac_no":null,"test":null,"shape_Length":10637.3506170185,"shape_Area":4036711.4988943343}},{"arcs":[[-637,-584,819,-660,-40]],"type":"Polygon","properties":{"OBJECTID":341171,"vilnam_soi":"KOTLI QAZIAN","stcode11":"03","dtcode11":"049","sdtcode11":"00255","vilcode11":"037251","stname":"PUNJAB","dtname":"Amritsar","sdtname":"Ajnala","vilname11":"Kotli Kazian (116)","vil_lgd":37251,"dist_lgd":27,"state_lgd":3,"gp_code":237915,"gp_name":"ALIWAL","subdt_lgd":255,"block_name":"AJNALA","block_lgd":210,"Remark":null,"ac_no":null,"test":null,"shape_Length":8519.09380430249,"shape_Area":1676290.8916233683}},{"arcs":[[820,821,-449,822,823,824,-313,-485,-805,825,826]],"type":"Polygon","properties":{"OBJECTID":341172,"vilnam_soi":"KOTLI RAJADA","stcode11":"03","dtcode11":"049","sdtcode11":"00255","vilcode11":"037121","stname":"PUNJAB","dtname":"Amritsar","sdtname":"Ajnala","vilname11":"Arazi Kot Razada (58)","vil_lgd":37121,"dist_lgd":27,"state_lgd":3,"gp_code":238473,"gp_name":"KOT RAJADA","subdt_lgd":255,"block_name":"AJNALA","block_lgd":210,"Remark":null,"ac_no":null,"test":null,"shape_Length":19223.31693810057,"shape_Area":8697012.136820855}},{"arcs":[[-202,-199,827,828,829,830,831]],"type":"Polygon","properties":{"OBJECTID":341173,"vilnam_soi":"KOTLI SAIDAN","stcode11":"03","dtcode11":"049","sdtcode11":"00255","vilcode11":"037327","stname":"PUNJAB","dtname":"Amritsar","sdtname":"Ajnala","vilname11":"Kotli Saidan (226)","vil_lgd":37327,"dist_lgd":27,"state_lgd":3,"gp_code":237921,"gp_name":"BHAKHA HARI SINGH","subdt_lgd":255,"block_name":"AJNALA","block_lgd":210,"Remark":null,"ac_no":null,"test":null,"shape_Length":5789.342347863111,"shape_Area":1330272.1912437687}},{"arcs":[[832,833,-107,834,-667,-372,-511]],"type":"Polygon","properties":{"OBJECTID":341174,"vilnam_soi":"KOTLI SAQQA","stcode11":"03","dtcode11":"049","sdtcode11":"00255","vilcode11":"037317","stname":"PUNJAB","dtname":"Amritsar","sdtname":"Ajnala","vilname11":"Kotli Sakka (199)","vil_lgd":37317,"dist_lgd":27,"state_lgd":3,"gp_code":238237,"gp_name":"KOTLI SAKKA","subdt_lgd":255,"block_name":"HARSHE CHHINA","block_lgd":215,"Remark":null,"ac_no":null,"test":null,"shape_Length":10877.25568705013,"shape_Area":4813027.42608348}},{"arcs":[[835,-784,836,-657,-573,-371,-572]],"type":"Polygon","properties":{"OBJECTID":341175,"vilnam_soi":"KOTLI SAQQIAWALI","stcode11":"03","dtcode11":"049","sdtcode11":"00255","vilcode11":"037398","stname":"PUNJAB","dtname":"Amritsar","sdtname":"Ajnala","vilname11":"Kotli Sakkianwali (295)","vil_lgd":37398,"dist_lgd":27,"state_lgd":3,"gp_code":238231,"gp_name":"KOTLI SAKHIANWALI","subdt_lgd":255,"block_name":"HARSHE CHHINA","block_lgd":215,"Remark":null,"ac_no":null,"test":null,"shape_Length":9530.79937966345,"shape_Area":2244436.319451954}},{"arcs":[[837,838,839]],"type":"Polygon","properties":{"OBJECTID":341176,"vilnam_soi":"KOTLI SHAH HABBIB","stcode11":"03","dtcode11":"049","sdtcode11":"00255","vilcode11":"037106","stname":"PUNJAB","dtname":"Amritsar","sdtname":"Ajnala","vilname11":"Kotli Shah Habib (88)","vil_lgd":37106,"dist_lgd":27,"state_lgd":3,"gp_code":237980,"gp_name":"KOTLI SHAH HABIB","subdt_lgd":255,"block_name":"AJNALA","block_lgd":210,"Remark":null,"ac_no":null,"test":null,"shape_Length":3766.098798780201,"shape_Area":596115.4590864413}},{"arcs":[[-811,-675,840]],"type":"Polygon","properties":{"OBJECTID":341177,"vilnam_soi":"KOTLI SIRAJ LOHAR","stcode11":"03","dtcode11":"049","sdtcode11":"00255","vilcode11":"037239","stname":"PUNJAB","dtname":"Amritsar","sdtname":"Ajnala","vilname11":"Kotla Suraj Lohar (138)","vil_lgd":37239,"dist_lgd":27,"state_lgd":3,"gp_code":237572,"gp_name":"KOTLA SURAJ LOHAR","subdt_lgd":255,"block_name":"CHOGAWAN","block_lgd":212,"Remark":null,"ac_no":null,"test":null,"shape_Length":4308.320028545597,"shape_Area":1178370.9782473557}},{"arcs":[[841,842,-520,843,-808,844,-679]],"type":"Polygon","properties":{"OBJECTID":341178,"vilnam_soi":"KURALIAN","stcode11":"03","dtcode11":"049","sdtcode11":"00255","vilcode11":"037268","stname":"PUNJAB","dtname":"Amritsar","sdtname":"Ajnala","vilname11":"Kuralian (263)","vil_lgd":37268,"dist_lgd":27,"state_lgd":3,"gp_code":237981,"gp_name":"KARALIAN","subdt_lgd":255,"block_name":"AJNALA","block_lgd":210,"Remark":null,"ac_no":null,"test":null,"shape_Length":14885.932932121865,"shape_Area":7922488.429174071}},{"arcs":[[845,-235,-434]],"type":"Polygon","properties":{"OBJECTID":341179,"vilnam_soi":"KUTTIWAL","stcode11":"03","dtcode11":"049","sdtcode11":"00255","vilcode11":"037176","stname":"PUNJAB","dtname":"Amritsar","sdtname":"Ajnala","vilname11":"Kuttiwala (17)","vil_lgd":37176,"dist_lgd":27,"state_lgd":3,"gp_code":237571,"gp_name":"KUTIWAL","subdt_lgd":255,"block_name":"CHOGAWAN","block_lgd":212,"Remark":null,"ac_no":null,"test":null,"shape_Length":5820.611222014991,"shape_Area":1986781.7229517386}},{"arcs":[[-521,-459,-630,846]],"type":"Polygon","properties":{"OBJECTID":341180,"vilnam_soi":"LALLA AFGHANAN","stcode11":"03","dtcode11":"049","sdtcode11":"00255","vilcode11":"037364","stname":"PUNJAB","dtname":"Amritsar","sdtname":"Ajnala","vilname11":"Lalla Afganan (309)","vil_lgd":37364,"dist_lgd":27,"state_lgd":3,"gp_code":238240,"gp_name":"LALLA AFGANA","subdt_lgd":255,"block_name":"HARSHE CHHINA","block_lgd":215,"Remark":null,"ac_no":null,"test":null,"shape_Length":11910.623788091567,"shape_Area":5811746.321493671}},{"arcs":[[847,-23,848,-626,849]],"type":"Polygon","properties":{"OBJECTID":341181,"vilnam_soi":"LADE","stcode11":"03","dtcode11":"049","sdtcode11":"00255","vilcode11":"037392","stname":"PUNJAB","dtname":"Amritsar","sdtname":"Ajnala","vilname11":"Ladhe (303)","vil_lgd":37392,"dist_lgd":27,"state_lgd":3,"gp_code":238238,"gp_name":"LADDEH","subdt_lgd":255,"block_name":"HARSHE CHHINA","block_lgd":215,"Remark":null,"ac_no":null,"test":null,"shape_Length":6378.706948014856,"shape_Area":2155062.6855410337}},{"arcs":[[-821,850,851]],"type":"Polygon","properties":{"OBJECTID":341182,"vilnam_soi":"LANGARPUR","stcode11":"03","dtcode11":"049","sdtcode11":"00255","vilcode11":"037119","stname":"PUNJAB","dtname":"Amritsar","sdtname":"Ajnala","vilname11":"Langarpur (61)","vil_lgd":37119,"dist_lgd":27,"state_lgd":3,"gp_code":237944,"gp_name":"DUJOWAL","subdt_lgd":255,"block_name":"AJNALA","block_lgd":210,"Remark":null,"ac_no":null,"test":null,"shape_Length":4113.613595506532,"shape_Area":750360.8298046415}},{"arcs":[[-753,-650,-837,-783,-778,-695]],"type":"Polygon","properties":{"OBJECTID":341183,"vilnam_soi":"LASHKARI NANGAL","stcode11":"03","dtcode11":"049","sdtcode11":"00255","vilcode11":"037402","stname":"PUNJAB","dtname":"Amritsar","sdtname":"Ajnala","vilname11":"Lashkari Nangal (294)","vil_lgd":37402,"dist_lgd":27,"state_lgd":3,"gp_code":238239,"gp_name":"LASHKARI NANGAL","subdt_lgd":255,"block_name":"HARSHE CHHINA","block_lgd":215,"Remark":null,"ac_no":null,"test":null,"shape_Length":9537.941945975248,"shape_Area":4451685.425003733}},{"arcs":[[-413,852,853,-109]],"type":"Polygon","properties":{"OBJECTID":341184,"vilnam_soi":"LAWNEN","stcode11":"03","dtcode11":"049","sdtcode11":"00255","vilcode11":"037306","stname":"PUNJAB","dtname":"Amritsar","sdtname":"Ajnala","vilname11":"Lanven (337)","vil_lgd":37306,"dist_lgd":27,"state_lgd":3,"gp_code":237576,"gp_name":"LANVEN","subdt_lgd":255,"block_name":"CHOGAWAN","block_lgd":212,"Remark":null,"ac_no":null,"test":null,"shape_Length":5946.096225499558,"shape_Area":1386353.1399325237}},{"arcs":[[-4,-606,-726,-214,854,855]],"type":"Polygon","properties":{"OBJECTID":341185,"vilnam_soi":"LELIAN","stcode11":"03","dtcode11":"049","sdtcode11":"00255","vilcode11":"037191","stname":"PUNJAB","dtname":"Amritsar","sdtname":"Ajnala","vilname11":"Lelian (172)","vil_lgd":37191,"dist_lgd":27,"state_lgd":3,"gp_code":237578,"gp_name":"LELIAN","subdt_lgd":255,"block_name":"CHOGAWAN","block_lgd":212,"Remark":null,"ac_no":null,"test":null,"shape_Length":10501.502128409396,"shape_Area":2603403.3172155637}},{"arcs":[[-171,-608,856,857,858,859]],"type":"Polygon","properties":{"OBJECTID":341186,"vilnam_soi":"LODI GUJAR","stcode11":"03","dtcode11":"049","sdtcode11":"00255","vilcode11":"037184","stname":"PUNJAB","dtname":"Amritsar","sdtname":"Ajnala","vilname11":"Lodhi Gujjar (5)","vil_lgd":37184,"dist_lgd":27,"state_lgd":3,"gp_code":237579,"gp_name":"LODHI GUJJAR","subdt_lgd":255,"block_name":"CHOGAWAN","block_lgd":212,"Remark":null,"ac_no":null,"test":null,"shape_Length":13481.714235510392,"shape_Area":7278821.354631371}},{"arcs":[[860,861,862]],"type":"Polygon","properties":{"OBJECTID":341187,"vilnam_soi":"LOHARKE","stcode11":"03","dtcode11":"049","sdtcode11":"00255","vilcode11":"037348","stname":"PUNJAB","dtname":"Amritsar","sdtname":"Ajnala","vilname11":"Loharka (256)","vil_lgd":37348,"dist_lgd":27,"state_lgd":3,"gp_code":237941,"gp_name":"DIAL BHARANG","subdt_lgd":255,"block_name":"AJNALA","block_lgd":210,"Remark":null,"ac_no":null,"test":null,"shape_Length":5695.88519402084,"shape_Area":1397162.5171058504}},{"arcs":[[-517,-7,-551,863,-737]],"type":"Polygon","properties":{"OBJECTID":341188,"vilnam_soi":"LONGO MAHAL","stcode11":"03","dtcode11":"049","sdtcode11":"00255","vilcode11":"037271","stname":"PUNJAB","dtname":"Amritsar","sdtname":"Ajnala","vilname11":"Laungo Mahal (249)","vil_lgd":37271,"dist_lgd":27,"state_lgd":3,"gp_code":238053,"gp_name":"LONGO MAHAL","subdt_lgd":255,"block_name":"AJNALA","block_lgd":210,"Remark":null,"ac_no":null,"test":null,"shape_Length":10448.241749559404,"shape_Area":1881744.7043915188}},{"arcs":[[-724,-450,864,-382,865,-397,866,867,868,869]],"type":"Polygon","properties":{"OBJECTID":341189,"vilnam_soi":"LOPOKE","stcode11":"03","dtcode11":"049","sdtcode11":"00255","vilcode11":"037213","stname":"PUNJAB","dtname":"Amritsar","sdtname":"Ajnala","vilname11":"Lopoke (167)","vil_lgd":37213,"dist_lgd":27,"state_lgd":3,"gp_code":237577,"gp_name":"LOPOKE","subdt_lgd":255,"block_name":"CHOGAWAN","block_lgd":212,"Remark":null,"ac_no":null,"test":null,"shape_Length":21579.36040498197,"shape_Area":16496206.837562406}},{"arcs":[[-92,870,871,-872,872,873]],"type":"Polygon","properties":{"OBJECTID":341190,"vilnam_soi":"MULA KOT","stcode11":"03","dtcode11":"049","sdtcode11":"00255","vilcode11":"037205","stname":"PUNJAB","dtname":"Amritsar","sdtname":"Ajnala","vilname11":"Mulakot (182)","vil_lgd":37205,"dist_lgd":27,"state_lgd":3,"gp_code":237587,"gp_name":"MULLA KOT","subdt_lgd":255,"block_name":"CHOGAWAN","block_lgd":212,"Remark":null,"ac_no":null,"test":null,"shape_Length":6580.222173516049,"shape_Area":1991341.688419741}},{"arcs":[[-754,-700,-620,874]],"type":"Polygon","properties":{"OBJECTID":341191,"vilnam_soi":"MACHHI NANGAL","stcode11":"03","dtcode11":"049","sdtcode11":"00255","vilcode11":"037410","stname":"PUNJAB","dtname":"Amritsar","sdtname":"Ajnala","vilname11":"Machhi Nangal (280)","vil_lgd":37410,"dist_lgd":27,"state_lgd":3,"gp_code":238241,"gp_name":"MACCHI NANGAL","subdt_lgd":255,"block_name":"HARSHE CHHINA","block_lgd":215,"Remark":null,"ac_no":null,"test":null,"shape_Length":7924.223233832313,"shape_Area":3115647.7112357467}},{"arcs":[[-773,-146,-788,-442,-790]],"type":"Polygon","properties":{"OBJECTID":341192,"vilnam_soi":"MADOKE","stcode11":"03","dtcode11":"049","sdtcode11":"00255","vilcode11":"037312","stname":"PUNJAB","dtname":"Amritsar","sdtname":"Ajnala","vilname11":"Madoke (330)","vil_lgd":37312,"dist_lgd":27,"state_lgd":3,"gp_code":237581,"gp_name":"MODOKE","subdt_lgd":255,"block_name":"CHOGAWAN","block_lgd":212,"Remark":null,"ac_no":null,"test":null,"shape_Length":12059.951687287792,"shape_Area":5863435.072693256}},{"arcs":[[875,876,-611,877,878,-681,879,880]],"type":"Polygon","properties":{"OBJECTID":341193,"vilnam_soi":"MAKOWAL","stcode11":"03","dtcode11":"049","sdtcode11":"00255","vilcode11":"037340","stname":"PUNJAB","dtname":"Amritsar","sdtname":"Ajnala","vilname11":"Makowal (266)","vil_lgd":37340,"dist_lgd":27,"state_lgd":3,"gp_code":237990,"gp_name":"MAKOWAL","subdt_lgd":255,"block_name":"AJNALA","block_lgd":210,"Remark":null,"ac_no":null,"test":null,"shape_Length":14875.80551676153,"shape_Area":8167721.325574549}},{"arcs":[[-564,881,882,-602,883]],"type":"Polygon","properties":{"OBJECTID":341194,"vilnam_soi":"MACHHIW<LA","stcode11":"03","dtcode11":"049","sdtcode11":"00255","vilcode11":"037089","stname":"PUNJAB","dtname":"Amritsar","sdtname":"Ajnala","vilname11":"Machhiwala (80)","vil_lgd":37089,"dist_lgd":27,"state_lgd":3,"gp_code":237988,"gp_name":"MACHHIWALA","subdt_lgd":255,"block_name":"AJNALA","block_lgd":210,"Remark":null,"ac_no":null,"test":null,"shape_Length":9418.552253320735,"shape_Area":3937247.530022616}},{"arcs":[[884,885,-609,-877,886,-796]],"type":"Polygon","properties":{"OBJECTID":341195,"vilnam_soi":"MADDU CHHANGA","stcode11":"03","dtcode11":"049","sdtcode11":"00255","vilcode11":"037342","stname":"PUNJAB","dtname":"Amritsar","sdtname":"Ajnala","vilname11":"Madu Chhanga (268)","vil_lgd":37342,"dist_lgd":27,"state_lgd":3,"gp_code":237989,"gp_name":"MADU CHHANGA","subdt_lgd":255,"block_name":"AJNALA","block_lgd":210,"Remark":null,"ac_no":null,"test":null,"shape_Length":7572.577785074493,"shape_Area":2966127.1359238815}},{"arcs":[[887,-318,888,-642,889,-691]],"type":"Polygon","properties":{"OBJECTID":341196,"vilnam_soi":"MAHAR","stcode11":"03","dtcode11":"049","sdtcode11":"00255","vilcode11":"037320","stname":"PUNJAB","dtname":"Amritsar","sdtname":"Ajnala","vilname11":"Mahar (206)","vil_lgd":37320,"dist_lgd":27,"state_lgd":3,"gp_code":238245,"gp_name":"MOHAR","subdt_lgd":255,"block_name":"HARSHE CHHINA","block_lgd":215,"Remark":null,"ac_no":null,"test":null,"shape_Length":10392.353278599812,"shape_Area":4430871.421560793}},{"arcs":[[-457,-205,890,-263,891,-631]],"type":"Polygon","properties":{"OBJECTID":341197,"vilnam_soi":"MAHLANWALA","stcode11":"03","dtcode11":"049","sdtcode11":"00255","vilcode11":"037386","stname":"PUNJAB","dtname":"Amritsar","sdtname":"Ajnala","vilname11":"Mehlanwala (305)","vil_lgd":37386,"dist_lgd":27,"state_lgd":3,"gp_code":238242,"gp_name":"MEHALAN WALA","subdt_lgd":255,"block_name":"HARSHE CHHINA","block_lgd":215,"Remark":null,"ac_no":null,"test":null,"shape_Length":17322.604773240986,"shape_Area":11437203.114689311}},{"arcs":[[-175,892,893,894,-594,895]],"type":"Polygon","properties":{"OBJECTID":341198,"vilnam_soi":"MAJHI MIWAN","stcode11":"03","dtcode11":"049","sdtcode11":"00255","vilcode11":"037151","stname":"PUNJAB","dtname":"Amritsar","sdtname":"Ajnala","vilname11":"Mahji Meun (35)","vil_lgd":37151,"dist_lgd":27,"state_lgd":3,"gp_code":245000,"gp_name":"MAJHIMION","subdt_lgd":255,"block_name":"AJNALA","block_lgd":210,"Remark":null,"ac_no":null,"test":null,"shape_Length":8962.684915681626,"shape_Area":4531305.433568422}},{"arcs":[[896,897,898,-422,899,900]],"type":"Polygon","properties":{"OBJECTID":341199,"vilnam_soi":"MAJJUPURA","stcode11":"03","dtcode11":"049","sdtcode11":"00255","vilcode11":"037408","stname":"PUNJAB","dtname":"Amritsar","sdtname":"Ajnala","vilname11":"Majjupura (282)","vil_lgd":37408,"dist_lgd":27,"state_lgd":3,"gp_code":238243,"gp_name":"MAJJU PURA","subdt_lgd":255,"block_name":"HARSHE CHHINA","block_lgd":215,"Remark":null,"ac_no":null,"test":null,"shape_Length":8737.004896392693,"shape_Area":2731923.3405677974}},{"arcs":[[-95,901,902,-548]],"type":"Polygon","properties":{"OBJECTID":341200,"vilnam_soi":"MAKHANPUR","stcode11":"03","dtcode11":"049","sdtcode11":"00255","vilcode11":"037200","stname":"PUNJAB","dtname":"Amritsar","sdtname":"Ajnala","vilname11":"Makhanpura (177)","vil_lgd":37200,"dist_lgd":27,"state_lgd":3,"gp_code":237597,"gp_name":"PANDORI","subdt_lgd":255,"block_name":"CHOGAWAN","block_lgd":212,"Remark":null,"ac_no":null,"test":null,"shape_Length":3719.2238348145597,"shape_Area":741194.2375394874}},{"arcs":[[903,-481,-509,-62,904,905,-445,-822,-852]],"type":"Polygon","properties":{"OBJECTID":341201,"vilnam_soi":"MALIKPUR","stcode11":"03","dtcode11":"049","sdtcode11":"00255","vilcode11":"037114","stname":"PUNJAB","dtname":"Amritsar","sdtname":"Ajnala","vilname11":"Malakpur (62)","vil_lgd":37114,"dist_lgd":27,"state_lgd":3,"gp_code":237991,"gp_name":"MALAKPUR","subdt_lgd":255,"block_name":"AJNALA","block_lgd":210,"Remark":null,"ac_no":null,"test":null,"shape_Length":13631.013355742205,"shape_Area":6056436.58417499}},{"arcs":[[906,-16,-81,907,908,-655]],"type":"Polygon","properties":{"OBJECTID":341202,"vilnam_soi":"MALLU NANGAL","stcode11":"03","dtcode11":"049","sdtcode11":"00255","vilcode11":"037396","stname":"PUNJAB","dtname":"Amritsar","sdtname":"Ajnala","vilname11":"Malu Nangal (298)","vil_lgd":37396,"dist_lgd":27,"state_lgd":3,"gp_code":238244,"gp_name":"MALU NANGAL","subdt_lgd":255,"block_name":"HARSHE CHHINA","block_lgd":215,"Remark":null,"ac_no":null,"test":null,"shape_Length":11218.776930491604,"shape_Area":6019271.806353011}},{"arcs":[[-105,-257,-271,909]],"type":"Polygon","properties":{"OBJECTID":341203,"vilnam_soi":"MANAWALA","stcode11":"03","dtcode11":"049","sdtcode11":"00255","vilcode11":"037293","stname":"PUNJAB","dtname":"Amritsar","sdtname":"Ajnala","vilname11":"Mananwala (193)","vil_lgd":37293,"dist_lgd":27,"state_lgd":3,"gp_code":237582,"gp_name":"MANAWALA","subdt_lgd":255,"block_name":"CHOGAWAN","block_lgd":212,"Remark":null,"ac_no":null,"test":null,"shape_Length":13099.260818595327,"shape_Area":8727462.526366357}},{"arcs":[[910,-223,911,-355,912]],"type":"Polygon","properties":{"OBJECTID":341204,"vilnam_soi":"MANDIANWALA","stcode11":"03","dtcode11":"049","sdtcode11":"00255","vilcode11":"037186","stname":"PUNJAB","dtname":"Amritsar","sdtname":"Ajnala","vilname11":"Mandianwala (10)","vil_lgd":37186,"dist_lgd":27,"state_lgd":3,"gp_code":238282,"gp_name":"MANDIAN WALA","subdt_lgd":255,"block_name":"CHOGAWAN","block_lgd":212,"Remark":null,"ac_no":null,"test":null,"shape_Length":6755.8120234666,"shape_Area":1881691.408513151}},{"arcs":[[913,914,-840,915,916,917,918]],"type":"Polygon","properties":{"OBJECTID":341205,"vilnam_soi":"MANDRANWALA","stcode11":"03","dtcode11":"049","sdtcode11":"00255","vilcode11":"037107","stname":"PUNJAB","dtname":"Amritsar","sdtname":"Ajnala","vilname11":"Mahammad Mundranwala (87)","vil_lgd":37107,"dist_lgd":27,"state_lgd":3,"gp_code":238047,"gp_name":"ABADI CHANDIGARH","subdt_lgd":255,"block_name":"AJNALA","block_lgd":210,"Remark":null,"ac_no":null,"test":null,"shape_Length":12288.73536956632,"shape_Area":5567591.610888198}},{"arcs":[[-858,919,920,-732,921,922]],"type":"Polygon","properties":{"OBJECTID":341206,"vilnam_soi":"MANJH","stcode11":"03","dtcode11":"049","sdtcode11":"00255","vilcode11":"037193","stname":"PUNJAB","dtname":"Amritsar","sdtname":"Ajnala","vilname11":"Manj (4)","vil_lgd":37193,"dist_lgd":27,"state_lgd":3,"gp_code":237621,"gp_name":"DASHMESH NAGAR","subdt_lgd":255,"block_name":"CHOGAWAN","block_lgd":212,"Remark":null,"ac_no":null,"test":null,"shape_Length":17464.243195749572,"shape_Area":13422991.330849702}},{"arcs":[[923,924,925,-692,-890,-641]],"type":"Polygon","properties":{"OBJECTID":341207,"vilnam_soi":"MATIA","stcode11":"03","dtcode11":"049","sdtcode11":"00255","vilcode11":"037324","stname":"PUNJAB","dtname":"Amritsar","sdtname":"Ajnala","vilname11":"Mattia (212)","vil_lgd":37324,"dist_lgd":27,"state_lgd":3,"gp_code":237993,"gp_name":"MATIYA","subdt_lgd":255,"block_name":"AJNALA","block_lgd":210,"Remark":null,"ac_no":null,"test":null,"shape_Length":5983.603676914451,"shape_Area":1828729.6904933916}},{"arcs":[[926,-878,-610,-886,927,-862,928,-588]],"type":"Polygon","properties":{"OBJECTID":341208,"vilnam_soi":"MEHTA NANGAL","stcode11":"03","dtcode11":"049","sdtcode11":"00255","vilcode11":"037347","stname":"PUNJAB","dtname":"Amritsar","sdtname":"Ajnala","vilname11":" Mattey Nangal (260)","vil_lgd":37347,"dist_lgd":27,"state_lgd":3,"gp_code":237992,"gp_name":"MATTEY NANGAL","subdt_lgd":255,"block_name":"AJNALA","block_lgd":210,"Remark":null,"ac_no":null,"test":null,"shape_Length":11467.855486145705,"shape_Area":4757071.332521695}},{"arcs":[[929,-365,-671,-348,930,931,932,-760]],"type":"Polygon","properties":{"OBJECTID":341209,"vilnam_soi":"MIADI KALAN","stcode11":"03","dtcode11":"049","sdtcode11":"00255","vilcode11":"037232","stname":"PUNJAB","dtname":"Amritsar","sdtname":"Ajnala","vilname11":"Miadi Kalan (144)","vil_lgd":37232,"dist_lgd":27,"state_lgd":3,"gp_code":237585,"gp_name":"MAIDI KALAN","subdt_lgd":255,"block_name":"CHOGAWAN","block_lgd":212,"Remark":null,"ac_no":null,"test":null,"shape_Length":13450.489518246552,"shape_Area":4461414.01905873}},{"arcs":[[-366,-930,933]],"type":"Polygon","properties":{"OBJECTID":341210,"vilnam_soi":"MIADI KHURD","stcode11":"03","dtcode11":"049","sdtcode11":"00255","vilcode11":"037230","stname":"PUNJAB","dtname":"Amritsar","sdtname":"Ajnala","vilname11":"Miadi Khurd (149)","vil_lgd":37230,"dist_lgd":27,"state_lgd":3,"gp_code":238260,"gp_name":"SHAHPUR","subdt_lgd":255,"block_name":"HARSHE CHHINA","block_lgd":215,"Remark":null,"ac_no":null,"test":null,"shape_Length":5465.516648529211,"shape_Area":1294646.5689786135}},{"arcs":[[-885,-795,-279,934,-395,935,-863,-928]],"type":"Polygon","properties":{"OBJECTID":341211,"vilnam_soi":"MOHAN BHANDARI","stcode11":"03","dtcode11":"049","sdtcode11":"00255","vilcode11":"037346","stname":"PUNJAB","dtname":"Amritsar","sdtname":"Ajnala","vilname11":"Mohan Bhandari  (258)","vil_lgd":37346,"dist_lgd":27,"state_lgd":3,"gp_code":237994,"gp_name":"MOHAN BHANDARIAN","subdt_lgd":255,"block_name":"AJNALA","block_lgd":210,"Remark":null,"ac_no":null,"test":null,"shape_Length":13414.037998011097,"shape_Area":7592992.005086745}},{"arcs":[[936,-468,937,-466,938,-182,939,-310,940,-913,-354,-1]],"type":"Polygon","properties":{"OBJECTID":341212,"vilnam_soi":"MOHLEKE","stcode11":"03","dtcode11":"049","sdtcode11":"00255","vilcode11":"037181","stname":"PUNJAB","dtname":"Amritsar","sdtname":"Ajnala","vilname11":"Mohleke (11)","vil_lgd":37181,"dist_lgd":27,"state_lgd":3,"gp_code":238281,"gp_name":"MOHLE KE","subdt_lgd":255,"block_name":"CHOGAWAN","block_lgd":212,"Remark":null,"ac_no":null,"test":null,"shape_Length":12073.502734100364,"shape_Area":5376365.911245831}},{"arcs":[[-664,-835,-106,-910,-270,-380,941,942,943]],"type":"Polygon","properties":{"OBJECTID":341213,"vilnam_soi":"MORA","stcode11":"03","dtcode11":"049","sdtcode11":"00255","vilcode11":"037292","stname":"PUNJAB","dtname":"Amritsar","sdtname":"Ajnala","vilname11":"Maure (194)","vil_lgd":37292,"dist_lgd":27,"state_lgd":3,"gp_code":238280,"gp_name":"MALA KIRI","subdt_lgd":255,"block_name":"CHOGAWAN","block_lgd":212,"Remark":null,"ac_no":null,"test":null,"shape_Length":16432.16490576686,"shape_Area":5483453.617373436}},{"arcs":[[-212,-812,-841,-674,-662,944,-332]],"type":"Polygon","properties":{"OBJECTID":341214,"vilnam_soi":"MOTLA","stcode11":"03","dtcode11":"049","sdtcode11":"00255","vilcode11":"037238","stname":"PUNJAB","dtname":"Amritsar","sdtname":"Ajnala","vilname11":"Motla (137)","vil_lgd":37238,"dist_lgd":27,"state_lgd":3,"gp_code":238283,"gp_name":"MOTLA","subdt_lgd":255,"block_name":"CHOGAWAN","block_lgd":212,"Remark":null,"ac_no":null,"test":null,"shape_Length":10485.223392018048,"shape_Area":3875597.72438903}},{"arcs":[[-74,-713,-384,945,-226,-379,-224,-911,-941,-309]],"type":"Polygon","properties":{"OBJECTID":341215,"vilnam_soi":"MUDH BHILOWAL","stcode11":"03","dtcode11":"049","sdtcode11":"00255","vilcode11":"037216","stname":"PUNJAB","dtname":"Amritsar","sdtname":"Ajnala","vilname11":"Mudh Bhillowal (164)","vil_lgd":37216,"dist_lgd":27,"state_lgd":3,"gp_code":237540,"gp_name":"BHILOWAL PAKKA","subdt_lgd":255,"block_name":"CHOGAWAN","block_lgd":212,"Remark":null,"ac_no":null,"test":null,"shape_Length":14354.475946670604,"shape_Area":7321688.769739749}},{"arcs":[[-761,-933,946]],"type":"Polygon","properties":{"OBJECTID":341216,"vilnam_soi":"MUGAL KOTLI","stcode11":"03","dtcode11":"049","sdtcode11":"00255","vilcode11":"037231","stname":"PUNJAB","dtname":"Amritsar","sdtname":"Ajnala","vilname11":"Kotli Muglan (143)","vil_lgd":37231,"dist_lgd":27,"state_lgd":3,"gp_code":237591,"gp_name":"NEPAL","subdt_lgd":255,"block_name":"CHOGAWAN","block_lgd":212,"Remark":null,"ac_no":null,"test":null,"shape_Length":2644.5958538798554,"shape_Area":364851.1330679342}},{"arcs":[[-82,-14,947,948,-908]],"type":"Polygon","properties":{"OBJECTID":341217,"vilnam_soi":"MUGHLANI KOT","stcode11":"03","dtcode11":"049","sdtcode11":"00255","vilcode11":"037395","stname":"PUNJAB","dtname":"Amritsar","sdtname":"Ajnala","vilname11":"Mughlani Kot (301)","vil_lgd":37395,"dist_lgd":27,"state_lgd":3,"gp_code":238246,"gp_name":"MUGLANI KOT","subdt_lgd":255,"block_name":"HARSHE CHHINA","block_lgd":215,"Remark":null,"ac_no":null,"test":null,"shape_Length":5417.804518628901,"shape_Area":1635691.0718516393}},{"arcs":[[949,-943,950,-374,-666]],"type":"Polygon","properties":{"OBJECTID":341218,"vilnam_soi":"MUHAMMADPURA","stcode11":"03","dtcode11":"049","sdtcode11":"00255","vilcode11":"037288","stname":"PUNJAB","dtname":"Amritsar","sdtname":"Ajnala","vilname11":"Mehmadpura (196)","vil_lgd":37288,"dist_lgd":27,"state_lgd":3,"gp_code":237586,"gp_name":"MEHAMADPURA","subdt_lgd":255,"block_name":"CHOGAWAN","block_lgd":212,"Remark":null,"ac_no":null,"test":null,"shape_Length":5289.00216594113,"shape_Area":1507438.5435609717}},{"arcs":[[-883,951]],"type":"Polygon","properties":{"OBJECTID":341219,"vilnam_soi":"MUNGU NARU","stcode11":"03","dtcode11":"049","sdtcode11":"00255","vilcode11":"","stname":"PUNJAB","dtname":"Amritsar","sdtname":"Ajnala","vilname11":" ","vil_lgd":0,"dist_lgd":27,"state_lgd":3,"gp_code":0,"gp_name":"","subdt_lgd":255,"block_name":"AJNALA","block_lgd":210,"Remark":null,"ac_no":null,"test":null,"shape_Length":4442.9518197341085,"shape_Area":741491.4549332949}},{"arcs":[[-721,952,-401]],"type":"Polygon","properties":{"OBJECTID":341220,"vilnam_soi":"MUQAM","stcode11":"03","dtcode11":"049","sdtcode11":"00255","vilcode11":"037356","stname":"PUNJAB","dtname":"Amritsar","sdtname":"Ajnala","vilname11":"Makam (242)","vil_lgd":37356,"dist_lgd":27,"state_lgd":3,"gp_code":237995,"gp_name":"MUKAM","subdt_lgd":255,"block_name":"AJNALA","block_lgd":210,"Remark":null,"ac_no":null,"test":null,"shape_Length":8692.68324831881,"shape_Area":3647373.8016958386}},{"arcs":[[-311,-940,-187,-76]],"type":"Polygon","properties":{"OBJECTID":341221,"vilnam_soi":"MUZAFFAR PURA","stcode11":"03","dtcode11":"049","sdtcode11":"00255","vilcode11":"037218","stname":"PUNJAB","dtname":"Amritsar","sdtname":"Ajnala","vilname11":"Mujaffarpura (157)","vil_lgd":37218,"dist_lgd":27,"state_lgd":3,"gp_code":237589,"gp_name":"MUZAFARPURA","subdt_lgd":255,"block_name":"CHOGAWAN","block_lgd":212,"Remark":null,"ac_no":null,"test":null,"shape_Length":4310.68525275856,"shape_Area":1047082.832697799}},{"arcs":[[-765,-438,953,954,-853,-412,-409]],"type":"Polygon","properties":{"OBJECTID":341222,"vilnam_soi":"NURPUR","stcode11":"03","dtcode11":"049","sdtcode11":"00255","vilcode11":"037372","stname":"PUNJAB","dtname":"Amritsar","sdtname":"Ajnala","vilname11":"Nurpur (334)","vil_lgd":37372,"dist_lgd":27,"state_lgd":3,"gp_code":237593,"gp_name":"NOORPUR","subdt_lgd":255,"block_name":"CHOGAWAN","block_lgd":212,"Remark":null,"ac_no":null,"test":null,"shape_Length":7306.98533023816,"shape_Area":2598954.423374906}},{"arcs":[[955,956,-603,-66,-33,-596]],"type":"Polygon","properties":{"OBJECTID":341223,"vilnam_soi":"NIAMTABAD","stcode11":"03","dtcode11":"049","sdtcode11":"00255","vilcode11":"037157","stname":"PUNJAB","dtname":"Amritsar","sdtname":"Ajnala","vilname11":"Niamtabad (33)","vil_lgd":37157,"dist_lgd":27,"state_lgd":3,"gp_code":237552,"gp_name":"GULGARH","subdt_lgd":255,"block_name":"CHOGAWAN","block_lgd":212,"Remark":null,"ac_no":null,"test":null,"shape_Length":7681.657735404079,"shape_Area":2229933.2190188216}},{"arcs":[[957,-495,-9,-843,958]],"type":"Polygon","properties":{"OBJECTID":341224,"vilnam_soi":"NANOKE","stcode11":"03","dtcode11":"049","sdtcode11":"00255","vilcode11":"037269","stname":"PUNJAB","dtname":"Amritsar","sdtname":"Ajnala","vilname11":"Nanoke (262)","vil_lgd":37269,"dist_lgd":27,"state_lgd":3,"gp_code":244999,"gp_name":"NANOKE","subdt_lgd":255,"block_name":"AJNALA","block_lgd":210,"Remark":null,"ac_no":null,"test":null,"shape_Length":11465.38651038386,"shape_Area":4174120.8373948266}},{"arcs":[[-432,-684,-762,-947,-932,959,-506,960]],"type":"Polygon","properties":{"OBJECTID":341225,"vilnam_soi":"NAI PAL","stcode11":"03","dtcode11":"049","sdtcode11":"00255","vilcode11":"037281","stname":"PUNJAB","dtname":"Amritsar","sdtname":"Ajnala","vilname11":"Nepal (142)","vil_lgd":37281,"dist_lgd":27,"state_lgd":3,"gp_code":237591,"gp_name":"NEPAL","subdt_lgd":255,"block_name":"CHOGAWAN","block_lgd":212,"Remark":null,"ac_no":null,"test":null,"shape_Length":14336.421223691868,"shape_Area":5147193.994011807}},{"arcs":[[961,-580,-137,-560,962,-493,-639,-340]],"type":"Polygon","properties":{"OBJECTID":341226,"vilnam_soi":"NANGAL AMB","stcode11":"03","dtcode11":"049","sdtcode11":"00255","vilcode11":"037131","stname":"PUNJAB","dtname":"Amritsar","sdtname":"Ajnala","vilname11":"Nangal Amb (110)","vil_lgd":37131,"dist_lgd":27,"state_lgd":3,"gp_code":238003,"gp_name":"NANGAL AMB","subdt_lgd":255,"block_name":"AJNALA","block_lgd":210,"Remark":null,"ac_no":null,"test":null,"shape_Length":12924.680197546972,"shape_Area":3971777.696932359}},{"arcs":[[963,964,-918,965,966,-576,967,-543]],"type":"Polygon","properties":{"OBJECTID":341227,"vilnam_soi":"NANGAL SAHAUL","stcode11":"03","dtcode11":"049","sdtcode11":"00255","vilcode11":"037102","stname":"PUNJAB","dtname":"Amritsar","sdtname":"Ajnala","vilname11":"Nangal Sohal (91)","vil_lgd":37102,"dist_lgd":27,"state_lgd":3,"gp_code":237996,"gp_name":"NANGAL SOHAL","subdt_lgd":255,"block_name":"AJNALA","block_lgd":210,"Remark":null,"ac_no":null,"test":null,"shape_Length":10894.244006846737,"shape_Area":4584687.263555678}},{"arcs":[[968,969,-707,970,-701,-703,-102,-628]],"type":"Polygon","properties":{"OBJECTID":341228,"vilnam_soi":"NANGAL TOLA","stcode11":"03","dtcode11":"049","sdtcode11":"00255","vilcode11":"037382","stname":"PUNJAB","dtname":"Amritsar","sdtname":"Ajnala","vilname11":"Nangal Tola (315)","vil_lgd":37382,"dist_lgd":27,"state_lgd":3,"gp_code":238247,"gp_name":"NANGAL TOLA","subdt_lgd":255,"block_name":"HARSHE CHHINA","block_lgd":215,"Remark":null,"ac_no":null,"test":null,"shape_Length":15574.459764015002,"shape_Area":6258418.332327885}},{"arcs":[[-287,-428,-961,-505,-338,971,972,-817]],"type":"Polygon","properties":{"OBJECTID":341229,"vilnam_soi":"NANGAL VANJANWALA","stcode11":"03","dtcode11":"049","sdtcode11":"00255","vilcode11":"037279","stname":"PUNJAB","dtname":"Amritsar","sdtname":"Ajnala","vilname11":"Nangal Wanjhanwala (217)","vil_lgd":37279,"dist_lgd":27,"state_lgd":3,"gp_code":237997,"gp_name":"NANGAL WANJANWALA","subdt_lgd":255,"block_name":"AJNALA","block_lgd":210,"Remark":null,"ac_no":null,"test":null,"shape_Length":11311.719653753193,"shape_Area":5966473.039503124}},{"arcs":[[973,974,-119,975,976]],"type":"Polygon","properties":{"OBJECTID":341230,"vilnam_soi":"NAWAN PIND","stcode11":"03","dtcode11":"049","sdtcode11":"00255","vilcode11":"037421","stname":"PUNJAB","dtname":"Amritsar","sdtname":"Ajnala","vilname11":"Nawan Pind (273)","vil_lgd":37421,"dist_lgd":27,"state_lgd":3,"gp_code":237999,"gp_name":"NAWAN PIND","subdt_lgd":255,"block_name":"AJNALA","block_lgd":210,"Remark":null,"ac_no":null,"test":null,"shape_Length":11042.688980959023,"shape_Area":5041209.583481623}},{"arcs":[[-746,-687,977,978,979,-743]],"type":"Polygon","properties":{"OBJECTID":341231,"vilnam_soi":"NISSOKE","stcode11":"03","dtcode11":"049","sdtcode11":"00255","vilcode11":"037093","stname":"PUNJAB","dtname":"Amritsar","sdtname":"Ajnala","vilname11":"Nissoke (71)","vil_lgd":37093,"dist_lgd":27,"state_lgd":3,"gp_code":238002,"gp_name":"NISOKE","subdt_lgd":255,"block_name":"AJNALA","block_lgd":210,"Remark":null,"ac_no":null,"test":null,"shape_Length":6811.274112186493,"shape_Area":2304312.490815592}},{"arcs":[[-617,-802,-390,-116,980]],"type":"Polygon","properties":{"OBJECTID":341232,"vilnam_soi":"NIZAMPURA","stcode11":"03","dtcode11":"049","sdtcode11":"00255","vilcode11":"037417","stname":"PUNJAB","dtname":"Amritsar","sdtname":"Ajnala","vilname11":"Nizampura  (275)","vil_lgd":37417,"dist_lgd":27,"state_lgd":3,"gp_code":238001,"gp_name":"NAZAMPURA HAVELIAN","subdt_lgd":255,"block_name":"AJNALA","block_lgd":210,"Remark":null,"ac_no":null,"test":null,"shape_Length":8487.860763852781,"shape_Area":3151473.138430648}},{"arcs":[[-93,-874,981,982,-983,983]],"type":"Polygon","properties":{"OBJECTID":341233,"vilnam_soi":"ODAR","stcode11":"03","dtcode11":"049","sdtcode11":"00255","vilcode11":"037204","stname":"PUNJAB","dtname":"Amritsar","sdtname":"Ajnala","vilname11":"Audar (181)","vil_lgd":37204,"dist_lgd":27,"state_lgd":3,"gp_code":237549,"gp_name":"DHARIWAL","subdt_lgd":255,"block_name":"CHOGAWAN","block_lgd":212,"Remark":null,"ac_no":null,"test":null,"shape_Length":6596.789834689599,"shape_Area":1481707.3967351483}},{"arcs":[[-418,-709,-218,984,985,-869,986,-786]],"type":"Polygon","properties":{"OBJECTID":341234,"vilnam_soi":"ODHAR","stcode11":"03","dtcode11":"049","sdtcode11":"00255","vilcode11":"037210","stname":"PUNJAB","dtname":"Amritsar","sdtname":"Ajnala","vilname11":"Odhar (187)","vil_lgd":37210,"dist_lgd":27,"state_lgd":3,"gp_code":237594,"gp_name":"ODHAR","subdt_lgd":255,"block_name":"CHOGAWAN","block_lgd":212,"Remark":null,"ac_no":null,"test":null,"shape_Length":7856.334776210561,"shape_Area":2722624.4485247536}},{"arcs":[[-690,987,988,-108,-834,989,-756,-319,-888]],"type":"Polygon","properties":{"OBJECTID":341235,"vilnam_soi":"OTHIAN","stcode11":"03","dtcode11":"049","sdtcode11":"00255","vilcode11":"037318","stname":"PUNJAB","dtname":"Amritsar","sdtname":"Ajnala","vilname11":"Othian (203)","vil_lgd":37318,"dist_lgd":27,"state_lgd":3,"gp_code":238248,"gp_name":"OTHIAN","subdt_lgd":255,"block_name":"HARSHE CHHINA","block_lgd":215,"Remark":null,"ac_no":null,"test":null,"shape_Length":16214.207675133004,"shape_Area":9133816.57477187}},{"arcs":[[-955,990,991,992,993,-472,-110,-854]],"type":"Polygon","properties":{"OBJECTID":341236,"vilnam_soi":"PADRI","stcode11":"03","dtcode11":"049","sdtcode11":"00255","vilcode11":"037304","stname":"PUNJAB","dtname":"Amritsar","sdtname":"Ajnala","vilname11":"Padri  (335)","vil_lgd":37304,"dist_lgd":27,"state_lgd":3,"gp_code":237596,"gp_name":"PADRI","subdt_lgd":255,"block_name":"CHOGAWAN","block_lgd":212,"Remark":null,"ac_no":null,"test":null,"shape_Length":14266.75768012359,"shape_Area":8121181.436752498}},{"arcs":[[-61,994,-806,995,-905]],"type":"Polygon","properties":{"OBJECTID":341237,"vilnam_soi":"PAIREWAL","stcode11":"03","dtcode11":"049","sdtcode11":"00255","vilcode11":"037265","stname":"PUNJAB","dtname":"Amritsar","sdtname":"Ajnala","vilname11":"Pairewal (95)","vil_lgd":37265,"dist_lgd":27,"state_lgd":3,"gp_code":238004,"gp_name":"PAIREWAL","subdt_lgd":255,"block_name":"AJNALA","block_lgd":210,"Remark":null,"ac_no":null,"test":null,"shape_Length":10747.797658428359,"shape_Area":3943408.861472577}},{"arcs":[[-544,-968,-579,996]],"type":"Polygon","properties":{"OBJECTID":341238,"vilnam_soi":"PANJGIRAIN","stcode11":"03","dtcode11":"049","sdtcode11":"00255","vilcode11":"037100","stname":"PUNJAB","dtname":"Amritsar","sdtname":"Ajnala","vilname11":"Panjgrianwala (65)","vil_lgd":37100,"dist_lgd":27,"state_lgd":3,"gp_code":238007,"gp_name":"PANJGRAIN WAHLA","subdt_lgd":255,"block_name":"AJNALA","block_lgd":210,"Remark":null,"ac_no":null,"test":null,"shape_Length":10582.775438569532,"shape_Area":7474803.543010842}},{"arcs":[[-828,-198,-201,997,998,999,1000]],"type":"Polygon","properties":{"OBJECTID":341239,"vilnam_soi":"PANJGIRAIN NIJJRAN","stcode11":"03","dtcode11":"049","sdtcode11":"00255","vilcode11":"037359","stname":"PUNJAB","dtname":"Amritsar","sdtname":"Ajnala","vilname11":"Panjgrain Nijjran  (228)","vil_lgd":37359,"dist_lgd":27,"state_lgd":3,"gp_code":238006,"gp_name":"PANJGRAIN NIJJRAN","subdt_lgd":255,"block_name":"AJNALA","block_lgd":210,"Remark":null,"ac_no":null,"test":null,"shape_Length":8280.34022959751,"shape_Area":3243252.407067248}},{"arcs":[[-931,-350,-677,-810,-507,-960]],"type":"Polygon","properties":{"OBJECTID":341240,"vilnam_soi":"PANJU KALAN","stcode11":"03","dtcode11":"049","sdtcode11":"00255","vilcode11":"037233","stname":"PUNJAB","dtname":"Amritsar","sdtname":"Ajnala","vilname11":"Chak Bazid (145)","vil_lgd":37233,"dist_lgd":27,"state_lgd":3,"gp_code":237585,"gp_name":"MAIDI KALAN","subdt_lgd":255,"block_name":"CHOGAWAN","block_lgd":212,"Remark":null,"ac_no":null,"test":null,"shape_Length":6462.837997402808,"shape_Area":2314235.1953158}},{"arcs":[[-5,-856,1001,-920,-857,-607]],"type":"Polygon","properties":{"OBJECTID":341241,"vilnam_soi":"PANJURAN","stcode11":"03","dtcode11":"049","sdtcode11":"00255","vilcode11":"037192","stname":"PUNJAB","dtname":"Amritsar","sdtname":"Ajnala","vilname11":"Panju Rai (173)","vil_lgd":37192,"dist_lgd":27,"state_lgd":3,"gp_code":237598,"gp_name":"PANJU RAI","subdt_lgd":255,"block_name":"CHOGAWAN","block_lgd":212,"Remark":null,"ac_no":null,"test":null,"shape_Length":7039.187272579348,"shape_Area":2610875.041235284}},{"arcs":[[-914,1002,-978,-686,-600,1003]],"type":"Polygon","properties":{"OBJECTID":341242,"vilnam_soi":"PASSIA","stcode11":"03","dtcode11":"049","sdtcode11":"00255","vilcode11":"037104","stname":"PUNJAB","dtname":"Amritsar","sdtname":"Ajnala","vilname11":"Pachhia (85)","vil_lgd":37104,"dist_lgd":27,"state_lgd":3,"gp_code":238008,"gp_name":"PASHIA","subdt_lgd":255,"block_name":"AJNALA","block_lgd":210,"Remark":null,"ac_no":null,"test":null,"shape_Length":8216.5742737011,"shape_Area":2302913.164751078}},{"arcs":[[-668,-424,1004,1005]],"type":"Polygon","properties":{"OBJECTID":341243,"vilnam_soi":"PATHAN NANGAL","stcode11":"03","dtcode11":"049","sdtcode11":"00255","vilcode11":"037406","stname":"PUNJAB","dtname":"Amritsar","sdtname":"Ajnala","vilname11":"Pathan Nangal (284)","vil_lgd":37406,"dist_lgd":27,"state_lgd":3,"gp_code":238249,"gp_name":"PATHAN NANGAL","subdt_lgd":255,"block_name":"HARSHE CHHINA","block_lgd":215,"Remark":null,"ac_no":null,"test":null,"shape_Length":6189.938520745965,"shape_Area":1765014.337008618}},{"arcs":[[1006,1007,-393,-624,-793]],"type":"Polygon","properties":{"OBJECTID":341244,"vilnam_soi":"PHIREWARIA","stcode11":"03","dtcode11":"049","sdtcode11":"00255","vilcode11":"037413","stname":"PUNJAB","dtname":"Amritsar","sdtname":"Ajnala","vilname11":"Phere Waryah   (257)","vil_lgd":37413,"dist_lgd":27,"state_lgd":3,"gp_code":238010,"gp_name":"FIRWARRIYAN","subdt_lgd":255,"block_name":"AJNALA","block_lgd":210,"Remark":null,"ac_no":null,"test":null,"shape_Length":6282.664026272095,"shape_Area":1898085.6984157613}},{"arcs":[[1008,-546,1009,-54]],"type":"Polygon","properties":{"OBJECTID":341245,"vilnam_soi":"PHULPUR","stcode11":"03","dtcode11":"049","sdtcode11":"00255","vilcode11":"037098","stname":"PUNJAB","dtname":"Amritsar","sdtname":"Ajnala","vilname11":"Phulpura (67)","vil_lgd":37098,"dist_lgd":27,"state_lgd":3,"gp_code":237996,"gp_name":"NANGAL SOHAL","subdt_lgd":255,"block_name":"AJNALA","block_lgd":210,"Remark":null,"ac_no":null,"test":null,"shape_Length":5253.4617737581575,"shape_Area":1565655.841725992}},{"arcs":[[1010,-27,-832,1011]],"type":"Polygon","properties":{"OBJECTID":341246,"vilnam_soi":"PINDORI SUKHASINGH","stcode11":"03","dtcode11":"049","sdtcode11":"00255","vilcode11":"037326","stname":"PUNJAB","dtname":"Amritsar","sdtname":"Ajnala","vilname11":"Pandori Suhka Singh (225)","vil_lgd":37326,"dist_lgd":27,"state_lgd":3,"gp_code":238009,"gp_name":"PANDORI SUKHA SINGH","subdt_lgd":255,"block_name":"AJNALA","block_lgd":210,"Remark":null,"ac_no":null,"test":null,"shape_Length":4036.677534069579,"shape_Area":772690.6411331145}},{"arcs":[[-945,-663,-276,-645,-333]],"type":"Polygon","properties":{"OBJECTID":341247,"vilnam_soi":"PUNGA","stcode11":"03","dtcode11":"049","sdtcode11":"00255","vilcode11":"037241","stname":"PUNJAB","dtname":"Amritsar","sdtname":"Ajnala","vilname11":"Punga (130)","vil_lgd":37241,"dist_lgd":27,"state_lgd":3,"gp_code":238011,"gp_name":"PUNGA","subdt_lgd":255,"block_name":"AJNALA","block_lgd":210,"Remark":null,"ac_no":null,"test":null,"shape_Length":5886.39815908536,"shape_Area":1589198.1982464478}},{"arcs":[[-966,-917,1012,-65,1013]],"type":"Polygon","properties":{"OBJECTID":341248,"vilnam_soi":"QATLA","stcode11":"03","dtcode11":"049","sdtcode11":"00255","vilcode11":"037110","stname":"PUNJAB","dtname":"Amritsar","sdtname":"Ajnala","vilname11":"Katla (90)","vil_lgd":37110,"dist_lgd":27,"state_lgd":3,"gp_code":237917,"gp_name":"BAGWANPURA","subdt_lgd":255,"block_name":"AJNALA","block_lgd":210,"Remark":null,"ac_no":null,"test":null,"shape_Length":6770.371591363612,"shape_Area":2472392.925177985}},{"arcs":[[1014,1015,-570,1016,-261]],"type":"Polygon","properties":{"OBJECTID":341249,"vilnam_soi":"QIAMPUR","stcode11":"03","dtcode11":"049","sdtcode11":"00255","vilcode11":"037389","stname":"PUNJAB","dtname":"Amritsar","sdtname":"Ajnala","vilname11":"Kiampura(239)","vil_lgd":37389,"dist_lgd":27,"state_lgd":3,"gp_code":238470,"gp_name":"KIAMPUR","subdt_lgd":255,"block_name":"AJNALA","block_lgd":210,"Remark":null,"ac_no":null,"test":null,"shape_Length":11810.66557568113,"shape_Area":6914196.855613551}},{"arcs":[[1017,-550,1018,-728]],"type":"Polygon","properties":{"OBJECTID":341250,"vilnam_soi":"RAI","stcode11":"03","dtcode11":"049","sdtcode11":"00255","vilcode11":"037197","stname":"PUNJAB","dtname":"Amritsar","sdtname":"Ajnala","vilname11":"Rai (175)","vil_lgd":37197,"dist_lgd":27,"state_lgd":3,"gp_code":237600,"gp_name":"RAI","subdt_lgd":255,"block_name":"CHOGAWAN","block_lgd":212,"Remark":null,"ac_no":null,"test":null,"shape_Length":8447.538135356364,"shape_Area":3970238.3187770243}},{"arcs":[[1019,1020,1021,-893,-174,1022,-770]],"type":"Polygon","properties":{"OBJECTID":341251,"vilnam_soi":"RAIPUR KALAN","stcode11":"03","dtcode11":"049","sdtcode11":"00255","vilcode11":"037150","stname":"PUNJAB","dtname":"Amritsar","sdtname":"Ajnala","vilname11":"Raipur Kalan (38)","vil_lgd":37150,"dist_lgd":27,"state_lgd":3,"gp_code":238013,"gp_name":"RAIPUR KALAN","subdt_lgd":255,"block_name":"AJNALA","block_lgd":210,"Remark":null,"ac_no":null,"test":null,"shape_Length":11533.516748994258,"shape_Area":6205158.374725586}},{"arcs":[[1023,-924,-640,-289,1024,-830]],"type":"Polygon","properties":{"OBJECTID":341252,"vilnam_soi":"RAIPUR KHURD","stcode11":"03","dtcode11":"049","sdtcode11":"00255","vilcode11":"037325","stname":"PUNJAB","dtname":"Amritsar","sdtname":"Ajnala","vilname11":"Raipur Khurd (215)","vil_lgd":37325,"dist_lgd":27,"state_lgd":3,"gp_code":238014,"gp_name":"RAIPUR KHURD","subdt_lgd":255,"block_name":"AJNALA","block_lgd":210,"Remark":null,"ac_no":null,"test":null,"shape_Length":6706.372341548711,"shape_Area":2814369.211995139}},{"arcs":[[-891,-204,1025,-999,1026,-264]],"type":"Polygon","properties":{"OBJECTID":341253,"vilnam_soi":"RAJIAN","stcode11":"03","dtcode11":"049","sdtcode11":"00255","vilcode11":"037387","stname":"PUNJAB","dtname":"Amritsar","sdtname":"Ajnala","vilname11":"Rajjian (229)","vil_lgd":37387,"dist_lgd":27,"state_lgd":3,"gp_code":238270,"gp_name":"RAJIAN","subdt_lgd":255,"block_name":"AJNALA","block_lgd":210,"Remark":null,"ac_no":null,"test":null,"shape_Length":9104.69749081769,"shape_Area":2544111.769940579}},{"arcs":[[1027,1028,1029,-969,-627,-849,-22,1030]],"type":"Polygon","properties":{"OBJECTID":341254,"vilnam_soi":"RAJA SANSI","stcode11":"03","dtcode11":"049","sdtcode11":"00255","vilcode11":"800248","stname":"PUNJAB","dtname":"Amritsar","sdtname":"Ajnala","vilname11":"Raja Sansi (NP)","vil_lgd":800248,"dist_lgd":27,"state_lgd":3,"gp_code":0,"gp_name":"","subdt_lgd":255,"block_name":"HARSHE CHHINA","block_lgd":215,"Remark":null,"ac_no":null,"test":null,"shape_Length":23254.769657660847,"shape_Area":23447432.075446535}},{"arcs":[[-599,1031,-58,1032,-838,-915,-1004]],"type":"Polygon","properties":{"OBJECTID":341255,"vilnam_soi":"RAMDAS","stcode11":"03","dtcode11":"049","sdtcode11":"00255","vilcode11":"800246","stname":"PUNJAB","dtname":"Amritsar","sdtname":"Ajnala","vilname11":"Ramdas (M Cl)","vil_lgd":800246,"dist_lgd":27,"state_lgd":3,"gp_code":0,"gp_name":"","subdt_lgd":255,"block_name":"AJNALA","block_lgd":210,"Remark":null,"ac_no":null,"test":null,"shape_Length":28879.54201536565,"shape_Area":24230283.268565983}},{"arcs":[[-730,-329,1033,-180]],"type":"Polygon","properties":{"OBJECTID":341256,"vilnam_soi":"RANIAN","stcode11":"03","dtcode11":"049","sdtcode11":"00255","vilcode11":"037196","stname":"PUNJAB","dtname":"Amritsar","sdtname":"Ajnala","vilname11":"Ranian (1)","vil_lgd":37196,"dist_lgd":27,"state_lgd":3,"gp_code":237601,"gp_name":"RANIAN","subdt_lgd":255,"block_name":"CHOGAWAN","block_lgd":212,"Remark":null,"ac_no":null,"test":null,"shape_Length":21018.661101051996,"shape_Area":14598099.309692923}},{"arcs":[[-791,-255,-325]],"type":"Polygon","properties":{"OBJECTID":341257,"vilnam_soi":"RAKH KOHALI","stcode11":"03","dtcode11":"049","sdtcode11":"00255","vilcode11":"037314","stname":"PUNJAB","dtname":"Amritsar","sdtname":"Ajnala","vilname11":"Rakh Kohali  (191)","vil_lgd":37314,"dist_lgd":27,"state_lgd":3,"gp_code":237568,"gp_name":"KOHALI","subdt_lgd":255,"block_name":"CHOGAWAN","block_lgd":212,"Remark":null,"ac_no":null,"test":null,"shape_Length":8355.129843054543,"shape_Area":2173910.009120684}},{"arcs":[[-516,-757,-990,-833]],"type":"Polygon","properties":{"OBJECTID":341258,"vilnam_soi":"RAKH OTHIAN","stcode11":"03","dtcode11":"049","sdtcode11":"00255","vilcode11":"037285","stname":"PUNJAB","dtname":"Amritsar","sdtname":"Ajnala","vilname11":"Rakh Othian (202)","vil_lgd":37285,"dist_lgd":27,"state_lgd":3,"gp_code":238252,"gp_name":"RAKH OTHIAN","subdt_lgd":255,"block_name":"HARSHE CHHINA","block_lgd":215,"Remark":null,"ac_no":null,"test":null,"shape_Length":9767.449422599426,"shape_Area":3033201.6242767256}},{"arcs":[[-948,-13,-848,1034]],"type":"Polygon","properties":{"OBJECTID":341259,"vilnam_soi":"RANEWALI","stcode11":"03","dtcode11":"049","sdtcode11":"00255","vilcode11":"037391","stname":"PUNJAB","dtname":"Amritsar","sdtname":"Ajnala","vilname11":"Ranewali (302)","vil_lgd":37391,"dist_lgd":27,"state_lgd":3,"gp_code":238250,"gp_name":"RANEWALE","subdt_lgd":255,"block_name":"HARSHE CHHINA","block_lgd":215,"Remark":null,"ac_no":null,"test":null,"shape_Length":8801.55422570717,"shape_Area":3895365.4604476495}},{"arcs":[[1035,-1012,-831,-1025,-288,-816,-388]],"type":"Polygon","properties":{"OBJECTID":341260,"vilnam_soi":"RIAR","stcode11":"03","dtcode11":"049","sdtcode11":"00255","vilcode11":"037424","stname":"PUNJAB","dtname":"Amritsar","sdtname":"Ajnala","vilname11":"Riar (224)","vil_lgd":37424,"dist_lgd":27,"state_lgd":3,"gp_code":238271,"gp_name":"RIYAR","subdt_lgd":255,"block_name":"AJNALA","block_lgd":210,"Remark":null,"ac_no":null,"test":null,"shape_Length":7859.470280217016,"shape_Area":3291908.3150390824}},{"arcs":[[1036,-1029,1037,1038,1039,1040,1041]],"type":"Polygon","properties":{"OBJECTID":341261,"vilnam_soi":"RODALA","stcode11":"03","dtcode11":"049","sdtcode11":"00255","vilcode11":"037380","stname":"PUNJAB","dtname":"Amritsar","sdtname":"Ajnala","vilname11":"Rudala (313)","vil_lgd":37380,"dist_lgd":27,"state_lgd":3,"gp_code":238251,"gp_name":"RODALA","subdt_lgd":255,"block_name":"HARSHE CHHINA","block_lgd":215,"Remark":null,"ac_no":null,"test":null,"shape_Length":12300.529800110891,"shape_Area":4903182.742416055}},{"arcs":[[-829,-1001,1042,-925,-1024]],"type":"Polygon","properties":{"OBJECTID":341262,"vilnam_soi":"ROKHE","stcode11":"03","dtcode11":"049","sdtcode11":"00255","vilcode11":"037360","stname":"PUNJAB","dtname":"Amritsar","sdtname":"Ajnala","vilname11":"Rokhey (214)","vil_lgd":37360,"dist_lgd":27,"state_lgd":3,"gp_code":238272,"gp_name":"ROKHEY","subdt_lgd":255,"block_name":"AJNALA","block_lgd":210,"Remark":null,"ac_no":null,"test":null,"shape_Length":6868.869445616772,"shape_Area":2526180.5867416724}},{"arcs":[[-1014,-64,-510,-479,-577,-967]],"type":"Polygon","properties":{"OBJECTID":341263,"vilnam_soi":"RUREWAL","stcode11":"03","dtcode11":"049","sdtcode11":"00255","vilcode11":"037111","stname":"PUNJAB","dtname":"Amritsar","sdtname":"Ajnala","vilname11":"Rurewal (92)","vil_lgd":37111,"dist_lgd":27,"state_lgd":3,"gp_code":238273,"gp_name":"ROOREWAL","subdt_lgd":255,"block_name":"AJNALA","block_lgd":210,"Remark":null,"ac_no":null,"test":null,"shape_Length":7479.471133037898,"shape_Area":2860135.9255714314}},{"arcs":[[-557,-561,-314,-825,1043]],"type":"Polygon","properties":{"OBJECTID":341264,"vilnam_soi":"SUFIAN","stcode11":"03","dtcode11":"049","sdtcode11":"00255","vilcode11":"037258","stname":"PUNJAB","dtname":"Amritsar","sdtname":"Ajnala","vilname11":"Sufian (105)","vil_lgd":37258,"dist_lgd":27,"state_lgd":3,"gp_code":238023,"gp_name":"SUFFIAN","subdt_lgd":255,"block_name":"AJNALA","block_lgd":210,"Remark":null,"ac_no":null,"test":null,"shape_Length":8039.894112652464,"shape_Area":2870830.782524369}},{"arcs":[[1044,-526,-194,-962,-343,-659,-133]],"type":"Polygon","properties":{"OBJECTID":341265,"vilnam_soi":"SAHUWAL","stcode11":"03","dtcode11":"049","sdtcode11":"00255","vilcode11":"037135","stname":"PUNJAB","dtname":"Amritsar","sdtname":"Ajnala","vilname11":"Sahowal (45)","vil_lgd":37135,"dist_lgd":27,"state_lgd":3,"gp_code":238026,"gp_name":"SAHOWAL","subdt_lgd":255,"block_name":"AJNALA","block_lgd":210,"Remark":null,"ac_no":null,"test":null,"shape_Length":10125.270904579867,"shape_Area":4913256.489339589}},{"arcs":[[-129,-592,-533,1045,-335,-644,-813,-648,1046,-1020,-769]],"type":"Polygon","properties":{"OBJECTID":341266,"vilnam_soi":"SARANGDEO","stcode11":"03","dtcode11":"049","sdtcode11":"00255","vilcode11":"037146","stname":"PUNJAB","dtname":"Amritsar","sdtname":"Ajnala","vilname11":"Sarang Dev  (126)","vil_lgd":37146,"dist_lgd":27,"state_lgd":3,"gp_code":237940,"gp_name":"DABAR BASTI","subdt_lgd":255,"block_name":"AJNALA","block_lgd":210,"Remark":null,"ac_no":null,"test":null,"shape_Length":20416.371112805744,"shape_Area":7092722.436473561}},{"arcs":[[-727,-921,-1002,-855,-213,-97,-547,-1018]],"type":"Polygon","properties":{"OBJECTID":341267,"vilnam_soi":"SARANGRA","stcode11":"03","dtcode11":"049","sdtcode11":"00255","vilcode11":"037198","stname":"PUNJAB","dtname":"Amritsar","sdtname":"Ajnala","vilname11":"Sarangra (174)","vil_lgd":37198,"dist_lgd":27,"state_lgd":3,"gp_code":237602,"gp_name":"SARANGRA","subdt_lgd":255,"block_name":"CHOGAWAN","block_lgd":212,"Remark":null,"ac_no":null,"test":null,"shape_Length":16756.150410386457,"shape_Area":12862635.92174617}},{"arcs":[[-927,-591,-959,-842,-678,-879]],"type":"Polygon","properties":{"OBJECTID":341268,"vilnam_soi":"SADHAR","stcode11":"03","dtcode11":"049","sdtcode11":"00255","vilcode11":"037339","stname":"PUNJAB","dtname":"Amritsar","sdtname":"Ajnala","vilname11":"Sudhar (261)","vil_lgd":37339,"dist_lgd":27,"state_lgd":3,"gp_code":238020,"gp_name":"SUDHAR","subdt_lgd":255,"block_name":"AJNALA","block_lgd":210,"Remark":null,"ac_no":null,"test":null,"shape_Length":9446.057699617297,"shape_Area":4335708.997727955}},{"arcs":[[-747,-741,-50,-46,-763,-567]],"type":"Polygon","properties":{"OBJECTID":341269,"vilnam_soi":"SAHARAN","stcode11":"03","dtcode11":"049","sdtcode11":"00255","vilcode11":"037085","stname":"PUNJAB","dtname":"Amritsar","sdtname":"Ajnala","vilname11":"Saharan (74)","vil_lgd":37085,"dist_lgd":27,"state_lgd":3,"gp_code":237953,"gp_name":"GHONEY WAHALA","subdt_lgd":255,"block_name":"AJNALA","block_lgd":210,"Remark":null,"ac_no":null,"test":null,"shape_Length":8801.149114845302,"shape_Area":3179573.14379837}},{"arcs":[[-262,-1017,-575,-656,-909,-949,-1035,-850,-625,-892]],"type":"Polygon","properties":{"OBJECTID":341270,"vilnam_soi":"SAHNSRA KALAN","stcode11":"03","dtcode11":"049","sdtcode11":"00255","vilcode11":"037390","stname":"PUNJAB","dtname":"Amritsar","sdtname":"Ajnala","vilname11":"Sehnsra (304)","vil_lgd":37390,"dist_lgd":27,"state_lgd":3,"gp_code":238253,"gp_name":"SEHNSRA","subdt_lgd":255,"block_name":"HARSHE CHHINA","block_lgd":215,"Remark":null,"ac_no":null,"test":null,"shape_Length":25016.524822305506,"shape_Area":19120736.58446762}},{"arcs":[[-1047,-647,1047,-1021]],"type":"Polygon","properties":{"OBJECTID":341271,"vilnam_soi":"SAIDO GHAZI","stcode11":"03","dtcode11":"049","sdtcode11":"00255","vilcode11":"037149","stname":"PUNJAB","dtname":"Amritsar","sdtname":"Ajnala","vilname11":"Saido Gazi (37)","vil_lgd":37149,"dist_lgd":27,"state_lgd":3,"gp_code":238027,"gp_name":"SAIDO GAZI","subdt_lgd":255,"block_name":"AJNALA","block_lgd":210,"Remark":null,"ac_no":null,"test":null,"shape_Length":4847.40867834652,"shape_Area":1048208.1467591174}},{"arcs":[[-970,-1030,-1037,1048,-704]],"type":"Polygon","properties":{"OBJECTID":341272,"vilnam_soi":"SAIDOPURA","stcode11":"03","dtcode11":"049","sdtcode11":"00255","vilcode11":"037379","stname":"PUNJAB","dtname":"Amritsar","sdtname":"Ajnala","vilname11":"Saidopura (314)","vil_lgd":37379,"dist_lgd":27,"state_lgd":3,"gp_code":238261,"gp_name":"SAIDOPUR","subdt_lgd":255,"block_name":"HARSHE CHHINA","block_lgd":215,"Remark":null,"ac_no":null,"test":null,"shape_Length":10451.458568038297,"shape_Area":5614201.577423322}},{"arcs":[[1049,-273,-604,-957,1050]],"type":"Polygon","properties":{"OBJECTID":341273,"vilnam_soi":"SAIDPUR KHURD","stcode11":"03","dtcode11":"049","sdtcode11":"00255","vilcode11":"037156","stname":"PUNJAB","dtname":"Amritsar","sdtname":"Ajnala","vilname11":"Saidpur Khurd (132)","vil_lgd":37156,"dist_lgd":27,"state_lgd":3,"gp_code":238028,"gp_name":"SAIDPUR KHURD","subdt_lgd":255,"block_name":"AJNALA","block_lgd":210,"Remark":null,"ac_no":null,"test":null,"shape_Length":4698.425976777764,"shape_Area":1239105.007657517}},{"arcs":[[-859,-923,1051,1052]],"type":"Polygon","properties":{"OBJECTID":341274,"vilnam_soi":"SAIYIDPUR","stcode11":"03","dtcode11":"049","sdtcode11":"00255","vilcode11":"037183","stname":"PUNJAB","dtname":"Amritsar","sdtname":"Ajnala","vilname11":"Saidpur Kalan (6)","vil_lgd":37183,"dist_lgd":27,"state_lgd":3,"gp_code":237606,"gp_name":"SAIDPUR KALAN","subdt_lgd":255,"block_name":"CHOGAWAN","block_lgd":212,"Remark":null,"ac_no":null,"test":null,"shape_Length":6310.778419767161,"shape_Area":1909589.983277271}},{"arcs":[[-752,-669,-1006,1053,-652]],"type":"Polygon","properties":{"OBJECTID":341275,"vilnam_soi":"SAKTU NANGAL","stcode11":"03","dtcode11":"049","sdtcode11":"00255","vilcode11":"037404","stname":"PUNJAB","dtname":"Amritsar","sdtname":"Ajnala","vilname11":"Saktu Nangal (286)","vil_lgd":37404,"dist_lgd":27,"state_lgd":3,"gp_code":238256,"gp_name":"SANTU NANGAL","subdt_lgd":255,"block_name":"HARSHE CHHINA","block_lgd":215,"Remark":null,"ac_no":null,"test":null,"shape_Length":8327.825350161393,"shape_Area":1839715.495367966}},{"arcs":[[-523,1054,-988,-689]],"type":"Polygon","properties":{"OBJECTID":341276,"vilnam_soi":"SALEMPUR","stcode11":"03","dtcode11":"049","sdtcode11":"00255","vilcode11":"037363","stname":"PUNJAB","dtname":"Amritsar","sdtname":"Ajnala","vilname11":"Salimpura (204)","vil_lgd":37363,"dist_lgd":27,"state_lgd":3,"gp_code":238259,"gp_name":"SALEMPURA","subdt_lgd":255,"block_name":"HARSHE CHHINA","block_lgd":215,"Remark":null,"ac_no":null,"test":null,"shape_Length":6329.526312116569,"shape_Area":2416321.965255268}},{"arcs":[[-559,-555,-494,-963]],"type":"Polygon","properties":{"OBJECTID":341277,"vilnam_soi":"SAMOWAL","stcode11":"03","dtcode11":"049","sdtcode11":"00255","vilcode11":"037255","stname":"PUNJAB","dtname":"Amritsar","sdtname":"Ajnala","vilname11":"Sammowal (108)","vil_lgd":37255,"dist_lgd":27,"state_lgd":3,"gp_code":238029,"gp_name":"SAMMOWAL","subdt_lgd":255,"block_name":"AJNALA","block_lgd":210,"Remark":null,"ac_no":null,"test":null,"shape_Length":8035.258999123989,"shape_Area":1792439.4206217665}},{"arcs":[[-739,1055,-823,-448,-177]],"type":"Polygon","properties":{"OBJECTID":341278,"vilnam_soi":"SAMRAI","stcode11":"03","dtcode11":"049","sdtcode11":"00255","vilcode11":"037260","stname":"PUNJAB","dtname":"Amritsar","sdtname":"Ajnala","vilname11":"Samrai (104)","vil_lgd":37260,"dist_lgd":27,"state_lgd":3,"gp_code":238015,"gp_name":"SAMRAI","subdt_lgd":255,"block_name":"AJNALA","block_lgd":210,"Remark":null,"ac_no":null,"test":null,"shape_Length":5227.424324845894,"shape_Area":783368.0510874046}},{"arcs":[[-900,-427,-755,-875,-619,1056,1057,1058]],"type":"Polygon","properties":{"OBJECTID":341279,"vilnam_soi":"SANGATPURA","stcode11":"03","dtcode11":"049","sdtcode11":"00255","vilcode11":"037409","stname":"PUNJAB","dtname":"Amritsar","sdtname":"Ajnala","vilname11":"Sangatpura (281)","vil_lgd":37409,"dist_lgd":27,"state_lgd":3,"gp_code":238257,"gp_name":"SANGAT PURA","subdt_lgd":255,"block_name":"HARSHE CHHINA","block_lgd":215,"Remark":null,"ac_no":null,"test":null,"shape_Length":13693.215263348971,"shape_Area":7941528.012645757}},{"arcs":[[-1011,-1036,-387,-815,1059,-28]],"type":"Polygon","properties":{"OBJECTID":341280,"vilnam_soi":"SARAI","stcode11":"03","dtcode11":"049","sdtcode11":"00255","vilcode11":"037277","stname":"PUNJAB","dtname":"Amritsar","sdtname":"Ajnala","vilname11":"Sarai (223)","vil_lgd":37277,"dist_lgd":27,"state_lgd":3,"gp_code":238017,"gp_name":"SARAI","subdt_lgd":255,"block_name":"AJNALA","block_lgd":210,"Remark":null,"ac_no":null,"test":null,"shape_Length":7019.4261895054115,"shape_Area":2539813.5724503314}},{"arcs":[[-386,-712,1060,1061,-512,-375,-951,-942]],"type":"Polygon","properties":{"OBJECTID":341281,"vilnam_soi":"SAURIAN","stcode11":"03","dtcode11":"049","sdtcode11":"00255","vilcode11":"037287","stname":"PUNJAB","dtname":"Amritsar","sdtname":"Ajnala","vilname11":"Saurian (162)","vil_lgd":37287,"dist_lgd":27,"state_lgd":3,"gp_code":243947,"gp_name":"MUMAND","subdt_lgd":255,"block_name":"CHOGAWAN","block_lgd":212,"Remark":null,"ac_no":null,"test":null,"shape_Length":14608.99087028019,"shape_Area":5079397.375219482}},{"arcs":[[-1051,-956,-595,-895,1062]],"type":"Polygon","properties":{"OBJECTID":341282,"vilnam_soi":"SHAH ALIWAL","stcode11":"03","dtcode11":"049","sdtcode11":"00255","vilcode11":"037153","stname":"PUNJAB","dtname":"Amritsar","sdtname":"Ajnala","vilname11":"Shahliwal (34)","vil_lgd":37153,"dist_lgd":27,"state_lgd":3,"gp_code":238030,"gp_name":"SHAHLIWAL","subdt_lgd":255,"block_name":"AJNALA","block_lgd":210,"Remark":null,"ac_no":null,"test":null,"shape_Length":4389.671395807467,"shape_Area":1329879.5114455088}},{"arcs":[[-826,-804,-305,-298,1063]],"type":"Polygon","properties":{"OBJECTID":341283,"vilnam_soi":"SHAHJADABAD","stcode11":"03","dtcode11":"049","sdtcode11":"00255","vilcode11":"037120","stname":"PUNJAB","dtname":"Amritsar","sdtname":"Ajnala","vilname11":"Kot Razada (59)","vil_lgd":37120,"dist_lgd":27,"state_lgd":3,"gp_code":238044,"gp_name":"BEDI CHHANNA","subdt_lgd":255,"block_name":"AJNALA","block_lgd":210,"Remark":null,"ac_no":null,"test":null,"shape_Length":4121.9555262079,"shape_Area":968434.9365314309}},{"arcs":[[-367,-934,-759,-39,-799,-253]],"type":"Polygon","properties":{"OBJECTID":341284,"vilnam_soi":"SHAHPUR","stcode11":"03","dtcode11":"049","sdtcode11":"00255","vilcode11":"037228","stname":"PUNJAB","dtname":"Amritsar","sdtname":"Ajnala","vilname11":"Shahpur (150)","vil_lgd":37228,"dist_lgd":27,"state_lgd":3,"gp_code":238260,"gp_name":"SHAHPUR","subdt_lgd":255,"block_name":"HARSHE CHHINA","block_lgd":215,"Remark":null,"ac_no":null,"test":null,"shape_Length":7956.4371606410305,"shape_Area":2342642.891389083}},{"arcs":[[-750,1064,-111,-476,1065,-455]],"type":"Polygon","properties":{"OBJECTID":341285,"vilnam_soi":"SHAHURA","stcode11":"03","dtcode11":"049","sdtcode11":"00255","vilcode11":"037302","stname":"PUNJAB","dtname":"Amritsar","sdtname":"Ajnala","vilname11":"Shahura (346)","vil_lgd":37302,"dist_lgd":27,"state_lgd":3,"gp_code":237605,"gp_name":"SHAHURA","subdt_lgd":255,"block_name":"CHOGAWAN","block_lgd":212,"Remark":null,"ac_no":null,"test":null,"shape_Length":20508.361849589546,"shape_Area":12049274.225394938}},{"arcs":[[-884,-685,-748,-565]],"type":"Polygon","properties":{"OBJECTID":341286,"vilnam_soi":"SHAHZADA","stcode11":"03","dtcode11":"049","sdtcode11":"00255","vilcode11":"037088","stname":"PUNJAB","dtname":"Amritsar","sdtname":"Ajnala","vilname11":"Shahzada (81)","vil_lgd":37088,"dist_lgd":27,"state_lgd":3,"gp_code":238025,"gp_name":"SHEHZADA","subdt_lgd":255,"block_name":"AJNALA","block_lgd":210,"Remark":null,"ac_no":null,"test":null,"shape_Length":8314.215478595683,"shape_Area":2344888.20553569}},{"arcs":[[-274,-1050,-1063,-894,-1022,-1048,-646]],"type":"Polygon","properties":{"OBJECTID":341287,"vilnam_soi":"SHEIKH BHATTI","stcode11":"03","dtcode11":"049","sdtcode11":"00255","vilcode11":"037154","stname":"PUNJAB","dtname":"Amritsar","sdtname":"Ajnala","vilname11":"Sheikh Bhatti (36)","vil_lgd":37154,"dist_lgd":27,"state_lgd":3,"gp_code":238050,"gp_name":"SHAIKH BHATTI JATTANWALI","subdt_lgd":255,"block_name":"AJNALA","block_lgd":210,"Remark":null,"ac_no":null,"test":null,"shape_Length":9118.345469136011,"shape_Area":3037898.1811575787}},{"arcs":[[-73,-156,1066,-35]],"type":"Polygon","properties":{"OBJECTID":341288,"vilnam_soi":"SHERPUR","stcode11":"03","dtcode11":"049","sdtcode11":"00255","vilcode11":"037159","stname":"PUNJAB","dtname":"Amritsar","sdtname":"Ajnala","vilname11":"Sherpur (30)","vil_lgd":37159,"dist_lgd":27,"state_lgd":3,"gp_code":237544,"gp_name":"CHHAN GHOGA","subdt_lgd":255,"block_name":"CHOGAWAN","block_lgd":212,"Remark":null,"ac_no":null,"test":null,"shape_Length":7368.248311369025,"shape_Area":2617677.391962442}},{"arcs":[[-1009,-53,-461,-744,-980,1067,-964,-542]],"type":"Polygon","properties":{"OBJECTID":341289,"vilnam_soi":"SHIGOKE","stcode11":"03","dtcode11":"049","sdtcode11":"00255","vilcode11":"037094","stname":"PUNJAB","dtname":"Amritsar","sdtname":"Ajnala","vilname11":"Singhoke (70)","vil_lgd":37094,"dist_lgd":27,"state_lgd":3,"gp_code":238024,"gp_name":"SINGHOKE","subdt_lgd":255,"block_name":"AJNALA","block_lgd":210,"Remark":null,"ac_no":null,"test":null,"shape_Length":8844.963014880283,"shape_Area":2827583.054096088}},{"arcs":[[-352,1068,-985,-217,1069]],"type":"Polygon","properties":{"OBJECTID":341290,"vilnam_soi":"SIDHWAN","stcode11":"03","dtcode11":"049","sdtcode11":"00255","vilcode11":"037211","stname":"PUNJAB","dtname":"Amritsar","sdtname":"Ajnala","vilname11":"Sidhawan (169)","vil_lgd":37211,"dist_lgd":27,"state_lgd":3,"gp_code":237604,"gp_name":"SIDHWAN","subdt_lgd":255,"block_name":"CHOGAWAN","block_lgd":212,"Remark":null,"ac_no":null,"test":null,"shape_Length":5693.014900594342,"shape_Area":834709.5958683447}},{"arcs":[[-153,1070,1071,-698,-378,-697,-781]],"type":"Polygon","properties":{"OBJECTID":341291,"vilnam_soi":"SULODIN","stcode11":"03","dtcode11":"049","sdtcode11":"00255","vilcode11":"037353","stname":"PUNJAB","dtname":"Amritsar","sdtname":"Ajnala","vilname11":"Sallodin (292)","vil_lgd":37353,"dist_lgd":27,"state_lgd":3,"gp_code":238258,"gp_name":"SALODIN","subdt_lgd":255,"block_name":"HARSHE CHHINA","block_lgd":215,"Remark":null,"ac_no":null,"test":null,"shape_Length":8282.242920783414,"shape_Area":1449656.1544472997}},{"arcs":[[-738,-864,-558,-1044,-824,-1056]],"type":"Polygon","properties":{"OBJECTID":341292,"vilnam_soi":"SULTAN MAHL","stcode11":"03","dtcode11":"049","sdtcode11":"00255","vilcode11":"037259","stname":"PUNJAB","dtname":"Amritsar","sdtname":"Ajnala","vilname11":"Sultan Mahal (102)","vil_lgd":37259,"dist_lgd":27,"state_lgd":3,"gp_code":238021,"gp_name":"SULTAN MAHAL","subdt_lgd":255,"block_name":"AJNALA","block_lgd":210,"Remark":null,"ac_no":null,"test":null,"shape_Length":9960.9245017819,"shape_Area":2053165.1315435686}},{"arcs":[[-768,1072,-173,1073,-283]],"type":"Polygon","properties":{"OBJECTID":341293,"vilnam_soi":"SUNDARGARH","stcode11":"03","dtcode11":"049","sdtcode11":"00255","vilcode11":"037142","stname":"PUNJAB","dtname":"Amritsar","sdtname":"Ajnala","vilname11":"Sundergarh (40)","vil_lgd":37142,"dist_lgd":27,"state_lgd":3,"gp_code":237919,"gp_name":"BALHARWAL","subdt_lgd":255,"block_name":"AJNALA","block_lgd":210,"Remark":null,"ac_no":null,"test":null,"shape_Length":8085.846797548412,"shape_Area":3681610.5473187314}},{"arcs":[[-230,-846,-433,-184,1074,-306]],"type":"Polygon","properties":{"OBJECTID":341294,"vilnam_soi":"TUR","stcode11":"03","dtcode11":"049","sdtcode11":"00255","vilcode11":"037175","stname":"PUNJAB","dtname":"Amritsar","sdtname":"Ajnala","vilname11":"Tur (18)","vil_lgd":37175,"dist_lgd":27,"state_lgd":3,"gp_code":237637,"gp_name":"DHUPSARI","subdt_lgd":255,"block_name":"CHOGAWAN","block_lgd":212,"Remark":null,"ac_no":null,"test":null,"shape_Length":10160.68331507309,"shape_Area":3721333.1865397412}},{"arcs":[[[-937,-3,-359,-463,-357,-188,-172,-860,-1053,1075,-469]],[[1076,-464,-938,-467]]],"type":"MultiPolygon","properties":{"OBJECTID":341295,"vilnam_soi":"TUT","stcode11":"03","dtcode11":"049","sdtcode11":"00255","vilcode11":"037182","stname":"PUNJAB","dtname":"Amritsar","sdtname":"Ajnala","vilname11":"Tut (13)","vil_lgd":37182,"dist_lgd":27,"state_lgd":3,"gp_code":237611,"gp_name":"TUT","subdt_lgd":255,"block_name":"CHOGAWAN","block_lgd":212,"Remark":null,"ac_no":null,"test":null,"shape_Length":23368.42428775896,"shape_Area":5762460.610129915}},{"arcs":[[-1003,-919,-965,-1068,-979]],"type":"Polygon","properties":{"OBJECTID":341296,"vilnam_soi":"TALPUR","stcode11":"03","dtcode11":"049","sdtcode11":"00255","vilcode11":"037103","stname":"PUNJAB","dtname":"Amritsar","sdtname":"Ajnala","vilname11":"Talibp-ur (86)","vil_lgd":37103,"dist_lgd":27,"state_lgd":3,"gp_code":237980,"gp_name":"KOTLI SHAH HABIB","subdt_lgd":255,"block_name":"AJNALA","block_lgd":210,"Remark":null,"ac_no":null,"test":null,"shape_Length":4133.40136120592,"shape_Area":892911.9774026743}},{"arcs":[[1077,-716,-633,-798,-513,-1062]],"type":"Polygon","properties":{"OBJECTID":341297,"vilnam_soi":"TALLA","stcode11":"03","dtcode11":"049","sdtcode11":"00255","vilcode11":"037224","stname":"PUNJAB","dtname":"Amritsar","sdtname":"Ajnala","vilname11":"Talla (153)","vil_lgd":37224,"dist_lgd":27,"state_lgd":3,"gp_code":237607,"gp_name":"TALLAH","subdt_lgd":255,"block_name":"CHOGAWAN","block_lgd":212,"Remark":null,"ac_no":null,"test":null,"shape_Length":13085.614389111379,"shape_Area":3281981.8043836867}},{"arcs":[[1078,-819,1079,1080,-336,-1046,-532]],"type":"Polygon","properties":{"OBJECTID":341298,"vilnam_soi":"TALWANDI","stcode11":"03","dtcode11":"049","sdtcode11":"00255","vilcode11":"037244","stname":"PUNJAB","dtname":"Amritsar","sdtname":"Ajnala","vilname11":"Talwandi Rai Dado (220)","vil_lgd":37244,"dist_lgd":27,"state_lgd":3,"gp_code":238038,"gp_name":"TALWANDI RAI DADU","subdt_lgd":255,"block_name":"AJNALA","block_lgd":210,"Remark":null,"ac_no":null,"test":null,"shape_Length":11383.088729562345,"shape_Area":4515983.479128096}},{"arcs":[[-797,-887,-876,1081]],"type":"Polygon","properties":{"OBJECTID":341299,"vilnam_soi":"TALWANDI BHANGUAN","stcode11":"03","dtcode11":"049","sdtcode11":"00255","vilcode11":"037343","stname":"PUNJAB","dtname":"Amritsar","sdtname":"Ajnala","vilname11":"Talwandi Bhagwan (269)","vil_lgd":37343,"dist_lgd":27,"state_lgd":3,"gp_code":238032,"gp_name":"TALWANDI BHANGWAN","subdt_lgd":255,"block_name":"AJNALA","block_lgd":210,"Remark":null,"ac_no":null,"test":null,"shape_Length":6083.811977106206,"shape_Area":1687552.309993856}},{"arcs":[[-976,-118,-396,-935,-278,1082]],"type":"Polygon","properties":{"OBJECTID":341300,"vilnam_soi":"TALWANDI NAHR","stcode11":"03","dtcode11":"049","sdtcode11":"00255","vilcode11":"037419","stname":"PUNJAB","dtname":"Amritsar","sdtname":"Ajnala","vilname11":"Talwandi Nahar (272)","vil_lgd":37419,"dist_lgd":27,"state_lgd":3,"gp_code":238031,"gp_name":"TALWANDI NAHAR","subdt_lgd":255,"block_name":"AJNALA","block_lgd":210,"Remark":null,"ac_no":null,"test":null,"shape_Length":10637.883599125102,"shape_Area":3270340.8702741074}},{"arcs":[[-792,-622,-699,-1072,1083,-1007]],"type":"Polygon","properties":{"OBJECTID":341301,"vilnam_soi":"TALWANDI SIPAHIMAL","stcode11":"03","dtcode11":"049","sdtcode11":"00255","vilcode11":"037412","stname":"PUNJAB","dtname":"Amritsar","sdtname":"Ajnala","vilname11":"Talwandi Sepahimal (289)","vil_lgd":37412,"dist_lgd":27,"state_lgd":3,"gp_code":238262,"gp_name":"TALWANDI SAPAIMAL","subdt_lgd":255,"block_name":"HARSHE CHHINA","block_lgd":215,"Remark":null,"ac_no":null,"test":null,"shape_Length":8255.658754279617,"shape_Area":2509810.0631766543}},{"arcs":[[-237,-563,-673]],"type":"Polygon","properties":{"OBJECTID":341302,"vilnam_soi":"TANANA","stcode11":"03","dtcode11":"049","sdtcode11":"00255","vilcode11":"037170","stname":"PUNJAB","dtname":"Amritsar","sdtname":"Ajnala","vilname11":"Tanana (26)","vil_lgd":37170,"dist_lgd":27,"state_lgd":3,"gp_code":237614,"gp_name":"TANANA","subdt_lgd":255,"block_name":"CHOGAWAN","block_lgd":212,"Remark":null,"ac_no":null,"test":null,"shape_Length":4899.054118734506,"shape_Area":1069329.0379134165}},{"arcs":[[-440,1084,-867,-398,-866,-381,-268]],"type":"Polygon","properties":{"OBJECTID":341303,"vilnam_soi":"TAPIALA","stcode11":"03","dtcode11":"049","sdtcode11":"00255","vilcode11":"037295","stname":"PUNJAB","dtname":"Amritsar","sdtname":"Ajnala","vilname11":"Tapiala  (189)","vil_lgd":37295,"dist_lgd":27,"state_lgd":3,"gp_code":237608,"gp_name":"TAPIALA","subdt_lgd":255,"block_name":"CHOGAWAN","block_lgd":212,"Remark":null,"ac_no":null,"test":null,"shape_Length":10360.861589009814,"shape_Area":4411678.074432986}},{"arcs":[[-1061,-717,-1078]],"type":"Polygon","properties":{"OBJECTID":341304,"vilnam_soi":"TARIN","stcode11":"03","dtcode11":"049","sdtcode11":"00255","vilcode11":"037223","stname":"PUNJAB","dtname":"Amritsar","sdtname":"Ajnala","vilname11":"Tareen (161)","vil_lgd":37223,"dist_lgd":27,"state_lgd":3,"gp_code":237609,"gp_name":"TAREEN","subdt_lgd":255,"block_name":"CHOGAWAN","block_lgd":212,"Remark":null,"ac_no":null,"test":null,"shape_Length":4655.1887439205375,"shape_Area":881804.9048773114}},{"arcs":[[-706,-123,-323,-702,700,-971]],"type":"Polygon","properties":{"OBJECTID":341305,"vilnam_soi":"TELI CHAK","stcode11":"03","dtcode11":"049","sdtcode11":"00255","vilcode11":"037381","stname":"PUNJAB","dtname":"Amritsar","sdtname":"Ajnala","vilname11":"Teli Chak (318)","vil_lgd":37381,"dist_lgd":27,"state_lgd":3,"gp_code":238229,"gp_name":"JHANJOTI","subdt_lgd":255,"block_name":"HARSHE CHHINA","block_lgd":215,"Remark":null,"ac_no":null,"test":null,"shape_Length":7732.811404560763,"shape_Area":2232297.113278071}},{"arcs":[[-503,-402,-953,-720,-346,-780,-782,1085,-1015]],"type":"Polygon","properties":{"OBJECTID":341306,"vilnam_soi":"TERA KALAN","stcode11":"03","dtcode11":"049","sdtcode11":"00255","vilcode11":"037355","stname":"PUNJAB","dtname":"Amritsar","sdtname":"Ajnala","vilname11":"Tera Kalan (241)","vil_lgd":37355,"dist_lgd":27,"state_lgd":3,"gp_code":238049,"gp_name":"DHUPSARI","subdt_lgd":255,"block_name":"AJNALA","block_lgd":210,"Remark":null,"ac_no":null,"test":null,"shape_Length":14794.886895514072,"shape_Area":6290449.626735796}},{"arcs":[[-785,-836,-571,-1016,-1086]],"type":"Polygon","properties":{"OBJECTID":341307,"vilnam_soi":"TERA KHURD","stcode11":"03","dtcode11":"049","sdtcode11":"00255","vilcode11":"037400","stname":"PUNJAB","dtname":"Amritsar","sdtname":"Ajnala","vilname11":"Tera Khurd (240)","vil_lgd":37400,"dist_lgd":27,"state_lgd":3,"gp_code":238036,"gp_name":"TERA KHURD","subdt_lgd":255,"block_name":"AJNALA","block_lgd":210,"Remark":null,"ac_no":null,"test":null,"shape_Length":8497.068519828135,"shape_Area":3903834.4754792736}},{"arcs":[[-538,-586,-362,-126,-658,-478,-661,-820,-583]],"type":"Polygon","properties":{"OBJECTID":341308,"vilnam_soi":"TERA RAJPUTAN","stcode11":"03","dtcode11":"049","sdtcode11":"00255","vilcode11":"037249","stname":"PUNJAB","dtname":"Amritsar","sdtname":"Ajnala","vilname11":"Tera Rajputan (115)","vil_lgd":37249,"dist_lgd":27,"state_lgd":3,"gp_code":237925,"gp_name":"DINEWALI","subdt_lgd":255,"block_name":"AJNALA","block_lgd":210,"Remark":null,"ac_no":null,"test":null,"shape_Length":12427.902279199981,"shape_Area":6093626.713874874}},{"arcs":[[-200,-404,-504,-265,-1027,-998]],"type":"Polygon","properties":{"OBJECTID":341309,"vilnam_soi":"TERI","stcode11":"03","dtcode11":"049","sdtcode11":"00255","vilcode11":"037358","stname":"PUNJAB","dtname":"Amritsar","sdtname":"Ajnala","vilname11":"Teri (230)","vil_lgd":37358,"dist_lgd":27,"state_lgd":3,"gp_code":238033,"gp_name":"TERRI","subdt_lgd":255,"block_name":"AJNALA","block_lgd":210,"Remark":null,"ac_no":null,"test":null,"shape_Length":10969.696774772752,"shape_Area":5285554.477962664}},{"arcs":[[-216,-725,-870,-986,-1069,-353,-1070]],"type":"Polygon","properties":{"OBJECTID":341310,"vilnam_soi":"THATHI","stcode11":"03","dtcode11":"049","sdtcode11":"00255","vilcode11":"037212","stname":"PUNJAB","dtname":"Amritsar","sdtname":"Ajnala","vilname11":"Thatti (168)","vil_lgd":37212,"dist_lgd":27,"state_lgd":3,"gp_code":237613,"gp_name":"THATTI","subdt_lgd":255,"block_name":"CHOGAWAN","block_lgd":212,"Remark":null,"ac_no":null,"test":null,"shape_Length":10793.655457808563,"shape_Area":3349503.719948953}},{"arcs":[[-1085,-444,-787,-987,-868]],"type":"Polygon","properties":{"OBJECTID":341311,"vilnam_soi":"THATTHA","stcode11":"03","dtcode11":"049","sdtcode11":"00255","vilcode11":"037296","stname":"PUNJAB","dtname":"Amritsar","sdtname":"Ajnala","vilname11":"Thatta  (188)","vil_lgd":37296,"dist_lgd":27,"state_lgd":3,"gp_code":237610,"gp_name":"THATHA","subdt_lgd":255,"block_name":"CHOGAWAN","block_lgd":212,"Remark":null,"ac_no":null,"test":null,"shape_Length":10790.148885397855,"shape_Area":2836521.6948245545}},{"arcs":[[-708,-775,-453,-99,-219]],"type":"Polygon","properties":{"OBJECTID":341312,"vilnam_soi":"THIKRIWALA","stcode11":"03","dtcode11":"049","sdtcode11":"00255","vilcode11":"037208","stname":"PUNJAB","dtname":"Amritsar","sdtname":"Ajnala","vilname11":"Thikriwala (185)","vil_lgd":37208,"dist_lgd":27,"state_lgd":3,"gp_code":237604,"gp_name":"SIDHWAN","subdt_lgd":255,"block_name":"CHOGAWAN","block_lgd":212,"Remark":null,"ac_no":null,"test":null,"shape_Length":8081.558528430997,"shape_Area":2358935.6525131976}},{"arcs":[[-906,-996,-809,-844,-519,-88,-446]],"type":"Polygon","properties":{"OBJECTID":341313,"vilnam_soi":"THOBA","stcode11":"03","dtcode11":"049","sdtcode11":"00255","vilcode11":"037116","stname":"PUNJAB","dtname":"Amritsar","sdtname":"Ajnala","vilname11":"Thoba (98)","vil_lgd":37116,"dist_lgd":27,"state_lgd":3,"gp_code":238034,"gp_name":"THOBA","subdt_lgd":255,"block_name":"AJNALA","block_lgd":210,"Remark":null,"ac_no":null,"test":null,"shape_Length":12273.537564478334,"shape_Area":6362861.831073174}},{"arcs":[[-926,-1043,-1000,-1026,-208,-525,-693]],"type":"Polygon","properties":{"OBJECTID":341314,"vilnam_soi":"UGAR AULAKH","stcode11":"03","dtcode11":"049","sdtcode11":"00255","vilcode11":"037361","stname":"PUNJAB","dtname":"Amritsar","sdtname":"Ajnala","vilname11":"Ugar Aulakh (213)","vil_lgd":37361,"dist_lgd":27,"state_lgd":3,"gp_code":238263,"gp_name":"UGAR AULAKHS","subdt_lgd":255,"block_name":"HARSHE CHHINA","block_lgd":215,"Remark":null,"ac_no":null,"test":null,"shape_Length":12462.810891054485,"shape_Area":7204328.684628849}},{"arcs":[[-889,-317,-682,-430,-643]],"type":"Polygon","properties":{"OBJECTID":341315,"vilnam_soi":"UMARPUR","stcode11":"03","dtcode11":"049","sdtcode11":"00255","vilcode11":"037322","stname":"PUNJAB","dtname":"Amritsar","sdtname":"Ajnala","vilname11":"Umarpura (207)","vil_lgd":37322,"dist_lgd":27,"state_lgd":3,"gp_code":238264,"gp_name":"UMARPURA","subdt_lgd":255,"block_name":"HARSHE CHHINA","block_lgd":215,"Remark":null,"ac_no":null,"test":null,"shape_Length":8674.170962020835,"shape_Area":3811315.566411416}},{"arcs":[[-502,-162,-496,-958,-590]],"type":"Polygon","properties":{"OBJECTID":341316,"vilnam_soi":"URDHAN","stcode11":"03","dtcode11":"049","sdtcode11":"00255","vilcode11":"037337","stname":"PUNJAB","dtname":"Amritsar","sdtname":"Ajnala","vilname11":"Urdhan (253)","vil_lgd":37337,"dist_lgd":27,"state_lgd":3,"gp_code":238039,"gp_name":"URDHAN","subdt_lgd":255,"block_name":"AJNALA","block_lgd":210,"Remark":null,"ac_no":null,"test":null,"shape_Length":9467.42027372218,"shape_Area":4164885.1828429084}},{"arcs":[[-1008,-1084,-1071,-155,-718,-499,-589,-929,-861,-936,-394]],"type":"Polygon","properties":{"OBJECTID":341317,"vilnam_soi":"VACHHOA","stcode11":"03","dtcode11":"049","sdtcode11":"00255","vilcode11":"037349","stname":"PUNJAB","dtname":"Amritsar","sdtname":"Ajnala","vilname11":"Wachhoa (255)","vil_lgd":37349,"dist_lgd":27,"state_lgd":3,"gp_code":238041,"gp_name":"WACHHOA","subdt_lgd":255,"block_name":"AJNALA","block_lgd":210,"Remark":null,"ac_no":null,"test":null,"shape_Length":14770.70651109423,"shape_Area":10489284.612181172}},{"arcs":[[-865,-227,-946,-383]],"type":"Polygon","properties":{"OBJECTID":341318,"vilnam_soi":"VAIROKE","stcode11":"03","dtcode11":"049","sdtcode11":"00255","vilcode11":"037215","stname":"PUNJAB","dtname":"Amritsar","sdtname":"Ajnala","vilname11":"Veroke(166)","vil_lgd":37215,"dist_lgd":27,"state_lgd":3,"gp_code":237616,"gp_name":"VEROKE","subdt_lgd":255,"block_name":"CHOGAWAN","block_lgd":212,"Remark":null,"ac_no":null,"test":null,"shape_Length":9451.266392727564,"shape_Area":3938664.5479024365}},{"arcs":[[-414,-112,-1065,-749,-803]],"type":"Polygon","properties":{"OBJECTID":341319,"vilnam_soi":"VANIYEKE","stcode11":"03","dtcode11":"049","sdtcode11":"00255","vilcode11":"037308","stname":"PUNJAB","dtname":"Amritsar","sdtname":"Ajnala","vilname11":"Vanieyke  (345)","vil_lgd":37308,"dist_lgd":27,"state_lgd":3,"gp_code":237618,"gp_name":"VENIEKE","subdt_lgd":255,"block_name":"CHOGAWAN","block_lgd":212,"Remark":null,"ac_no":null,"test":null,"shape_Length":16333.010415782652,"shape_Area":9201912.208978204}},{"arcs":[[-1080,-818,-973,1086]],"type":"Polygon","properties":{"OBJECTID":341320,"vilnam_soi":"VANJANWALA","stcode11":"03","dtcode11":"049","sdtcode11":"00255","vilcode11":"037278","stname":"PUNJAB","dtname":"Amritsar","sdtname":"Ajnala","vilname11":"Wanjhanwala (219)","vil_lgd":37278,"dist_lgd":27,"state_lgd":3,"gp_code":238040,"gp_name":"VANJHANWALA","subdt_lgd":255,"block_name":"AJNALA","block_lgd":210,"Remark":null,"ac_no":null,"test":null,"shape_Length":8725.530276021474,"shape_Area":2839082.7780448617}},{"arcs":[[-1075,-183,-939,-465,-1077,-471,1087,-307]],"type":"Polygon","properties":{"OBJECTID":341321,"vilnam_soi":"VERA","stcode11":"03","dtcode11":"049","sdtcode11":"00255","vilcode11":"037179","stname":"PUNJAB","dtname":"Amritsar","sdtname":"Ajnala","vilname11":"Vehra (14)","vil_lgd":37179,"dist_lgd":27,"state_lgd":3,"gp_code":237615,"gp_name":"VEHRA","subdt_lgd":255,"block_name":"CHOGAWAN","block_lgd":212,"Remark":null,"ac_no":null,"test":null,"shape_Length":10399.516964793404,"shape_Area":4128138.905890557}},{"arcs":[[-714,-79,-248,-777]],"type":"Polygon","properties":{"OBJECTID":341322,"vilnam_soi":"WARIA","stcode11":"03","dtcode11":"049","sdtcode11":"00255","vilcode11":"037220","stname":"PUNJAB","dtname":"Amritsar","sdtname":"Ajnala","vilname11":"Waryah (156)","vil_lgd":37220,"dist_lgd":27,"state_lgd":3,"gp_code":237617,"gp_name":"WARYAH","subdt_lgd":255,"block_name":"CHOGAWAN","block_lgd":212,"Remark":null,"ac_no":null,"test":null,"shape_Length":7239.930156066609,"shape_Area":2587593.4244741388}},{"arcs":[[1088,1089,1090,1091,1092,1093,1094,1095,1096]],"type":"Polygon","properties":{"OBJECTID":341323,"vilnam_soi":"ABDALI","stcode11":"03","dtcode11":"049","sdtcode11":"00256","vilcode11":"037461","stname":"PUNJAB","dtname":"Amritsar","sdtname":"Amritsar -I","vilname11":"Abdal (229)","vil_lgd":37461,"dist_lgd":27,"state_lgd":3,"gp_code":237641,"gp_name":"ABDAL","subdt_lgd":256,"block_name":"MAJITHA","block_lgd":218,"Remark":null,"ac_no":null,"test":null,"shape_Length":15905.858644705002,"shape_Area":8323704.713071351}},{"arcs":[[1097,1098,1099,1100,1101]],"type":"Polygon","properties":{"OBJECTID":341324,"vilnam_soi":"AJAIBWALI","stcode11":"03","dtcode11":"049","sdtcode11":"00256","vilcode11":"037481","stname":"PUNJAB","dtname":"Amritsar","sdtname":"Amritsar -I","vilname11":"Ajaibwali (293)","vil_lgd":37481,"dist_lgd":27,"state_lgd":3,"gp_code":237642,"gp_name":"AJAIBWALI","subdt_lgd":256,"block_name":"MAJITHA","block_lgd":218,"Remark":null,"ac_no":null,"test":null,"shape_Length":9679.36460724519,"shape_Area":6167053.405874195}},{"arcs":[[1102,1103,1104,1105,1106,1107]],"type":"Polygon","properties":{"OBJECTID":341325,"vilnam_soi":"AKALGARH","stcode11":"03","dtcode11":"049","sdtcode11":"00256","vilcode11":"037523","stname":"PUNJAB","dtname":"Amritsar","sdtname":"Amritsar -I","vilname11":"Akalgarh ( 167)","vil_lgd":37523,"dist_lgd":27,"state_lgd":3,"gp_code":237743,"gp_name":"AKALGARH DHAPAIAN","subdt_lgd":256,"block_name":"TARSIKKA","block_lgd":223,"Remark":null,"ac_no":null,"test":null,"shape_Length":13401.412135969962,"shape_Area":8261719.695328129}},{"arcs":[[1108,1109,1110]],"type":"Polygon","properties":{"OBJECTID":341326,"vilnam_soi":"ALKRE","stcode11":"03","dtcode11":"049","sdtcode11":"00256","vilcode11":"037497","stname":"PUNJAB","dtname":"Amritsar","sdtname":"Amritsar -I","vilname11":"Alkare (225)","vil_lgd":37497,"dist_lgd":27,"state_lgd":3,"gp_code":237640,"gp_name":"ALKAREY","subdt_lgd":256,"block_name":"MAJITHA","block_lgd":218,"Remark":null,"ac_no":null,"test":null,"shape_Length":7369.190778025963,"shape_Area":2069741.7839577699}},{"arcs":[[1111,1112,1113,1114,1115,1116]],"type":"Polygon","properties":{"OBJECTID":341327,"vilnam_soi":"ATHWAL","stcode11":"03","dtcode11":"049","sdtcode11":"00256","vilcode11":"037444","stname":"PUNJAB","dtname":"Amritsar","sdtname":"Amritsar -I","vilname11":"Athwal (313)","vil_lgd":37444,"dist_lgd":27,"state_lgd":3,"gp_code":237643,"gp_name":"ATHWAL","subdt_lgd":256,"block_name":"MAJITHA","block_lgd":218,"Remark":null,"ac_no":null,"test":null,"shape_Length":8181.792782293417,"shape_Area":2770670.38605715}},{"arcs":[[1117,1118,1119,1120,1121,1122]],"type":"Polygon","properties":{"OBJECTID":341328,"vilnam_soi":"BABUWAL","stcode11":"03","dtcode11":"049","sdtcode11":"00256","vilcode11":"037505","stname":"PUNJAB","dtname":"Amritsar","sdtname":"Amritsar -I","vilname11":"Babowal (191)","vil_lgd":37505,"dist_lgd":27,"state_lgd":3,"gp_code":237648,"gp_name":"BABOWAL","subdt_lgd":256,"block_name":"MAJITHA","block_lgd":218,"Remark":null,"ac_no":null,"test":null,"shape_Length":10032.415061802929,"shape_Area":5051508.041798754}},{"arcs":[[1123,1124,1125,1126,1127,1128]],"type":"Polygon","properties":{"OBJECTID":341329,"vilnam_soi":"BALIYA MANPUR","stcode11":"03","dtcode11":"049","sdtcode11":"00256","vilcode11":"037535","stname":"PUNJAB","dtname":"Amritsar","sdtname":"Amritsar -I","vilname11":"Balia Manjpur (129)","vil_lgd":37535,"dist_lgd":27,"state_lgd":3,"gp_code":238054,"gp_name":"BALIA MANJPUR","subdt_lgd":256,"block_name":"JANDIALA GURU","block_lgd":216,"Remark":null,"ac_no":null,"test":null,"shape_Length":14352.410414760081,"shape_Area":7207159.440349873}},{"arcs":[[1129,1130,1131,1132]],"type":"Polygon","properties":{"OBJECTID":341330,"vilnam_soi":"BADALI DOGRAN","stcode11":"03","dtcode11":"049","sdtcode11":"00256","vilcode11":"037552","stname":"PUNJAB","dtname":"Amritsar","sdtname":"Amritsar -I","vilname11":"Wadali Dogran (147)","vil_lgd":37552,"dist_lgd":27,"state_lgd":3,"gp_code":238114,"gp_name":"VADALI DOGRAN","subdt_lgd":256,"block_name":"JANDIALA GURU","block_lgd":216,"Remark":null,"ac_no":null,"test":null,"shape_Length":7781.506577609836,"shape_Area":2906593.09852714}},{"arcs":[[1133,1134,1135,1136]],"type":"Polygon","properties":{"OBJECTID":341331,"vilnam_soi":"BAMAN","stcode11":"03","dtcode11":"049","sdtcode11":"00256","vilcode11":"037531","stname":"PUNJAB","dtname":"Amritsar","sdtname":"Amritsar -I","vilname11":"Bhamma (158)","vil_lgd":37531,"dist_lgd":27,"state_lgd":3,"gp_code":238060,"gp_name":"BAMMA","subdt_lgd":256,"block_name":"JANDIALA GURU","block_lgd":216,"Remark":null,"ac_no":null,"test":null,"shape_Length":6505.715894315738,"shape_Area":2620821.5323333233}},{"arcs":[[1137,1138,1139,1140,1141,1142,-1121,1143]],"type":"Polygon","properties":{"OBJECTID":341332,"vilnam_soi":"BHILOWAL","stcode11":"03","dtcode11":"049","sdtcode11":"00256","vilcode11":"037506","stname":"PUNJAB","dtname":"Amritsar","sdtname":"Amritsar -I","vilname11":"Bhilowal (179)","vil_lgd":37506,"dist_lgd":27,"state_lgd":3,"gp_code":237751,"gp_name":"BHILOWAL","subdt_lgd":256,"block_name":"TARSIKKA","block_lgd":223,"Remark":null,"ac_no":null,"test":null,"shape_Length":17406.592884773938,"shape_Area":7582416.167025196}},{"arcs":[[1144,1145,1146,-897]],"type":"Polygon","properties":{"OBJECTID":341333,"vilnam_soi":"BHADEWALI","stcode11":"03","dtcode11":"049","sdtcode11":"00256","vilcode11":"037431","stname":"PUNJAB","dtname":"Amritsar","sdtname":"Amritsar -I","vilname11":"Bhandewali (328)","vil_lgd":37431,"dist_lgd":27,"state_lgd":3,"gp_code":237676,"gp_name":"JETHUNANGAL","subdt_lgd":256,"block_name":"MAJITHA","block_lgd":218,"Remark":null,"ac_no":null,"test":null,"shape_Length":6403.5111571947855,"shape_Area":1418417.5607149173}},{"arcs":[[1147,1148,-1115,1149,1150]],"type":"Polygon","properties":{"OBJECTID":341334,"vilnam_soi":"BHAINI LIDHARAN","stcode11":"03","dtcode11":"049","sdtcode11":"00256","vilcode11":"037471","stname":"PUNJAB","dtname":"Amritsar","sdtname":"Amritsar -I","vilname11":"Bhaini Lidhran (312)","vil_lgd":37471,"dist_lgd":27,"state_lgd":3,"gp_code":237644,"gp_name":"BHAINI LIDHER","subdt_lgd":256,"block_name":"MAJITHA","block_lgd":218,"Remark":null,"ac_no":null,"test":null,"shape_Length":5328.791134097626,"shape_Area":1154292.2737495606}},{"arcs":[[1151,1152,1153,1154,-114,-975]],"type":"Polygon","properties":{"OBJECTID":341335,"vilnam_soi":"BHANDER KALAN","stcode11":"03","dtcode11":"049","sdtcode11":"00256","vilcode11":"037427","stname":"PUNJAB","dtname":"Amritsar","sdtname":"Amritsar -I","vilname11":"Pandher  (323)","vil_lgd":37427,"dist_lgd":27,"state_lgd":3,"gp_code":237710,"gp_name":"PANDHER","subdt_lgd":256,"block_name":"MAJITHA","block_lgd":218,"Remark":null,"ac_no":null,"test":null,"shape_Length":12511.472429217565,"shape_Area":5264296.1333500175}},{"arcs":[[1155,1156,1157,1158,1159]],"type":"Polygon","properties":{"OBJECTID":341336,"vilnam_soi":"BHANGALI","stcode11":"03","dtcode11":"049","sdtcode11":"00256","vilcode11":"037450","stname":"PUNJAB","dtname":"Amritsar","sdtname":"Amritsar -I","vilname11":"Bhangali (302)","vil_lgd":37450,"dist_lgd":27,"state_lgd":3,"gp_code":237646,"gp_name":"BHANGALI KALAN","subdt_lgd":256,"block_name":"MAJITHA","block_lgd":218,"Remark":null,"ac_no":null,"test":null,"shape_Length":15243.22641226711,"shape_Area":12727899.712744895}},{"arcs":[[1160,-1128,1161,-1135,1162,1163]],"type":"Polygon","properties":{"OBJECTID":341337,"vilnam_soi":"BHANGWAN","stcode11":"03","dtcode11":"049","sdtcode11":"00256","vilcode11":"037435","stname":"PUNJAB","dtname":"Amritsar","sdtname":"Amritsar -I","vilname11":"Bhangwan  (326)","vil_lgd":37435,"dist_lgd":27,"state_lgd":3,"gp_code":237647,"gp_name":"BHANGWAN","subdt_lgd":256,"block_name":"JANDIALA GURU","block_lgd":216,"Remark":null,"ac_no":null,"test":null,"shape_Length":13663.679450421965,"shape_Area":6706996.039692599}},{"arcs":[[1164,1165,1166,1167,1168,-1058,1169]],"type":"Polygon","properties":{"OBJECTID":341338,"vilnam_soi":"BHANGWA","stcode11":"03","dtcode11":"049","sdtcode11":"00256","vilcode11":"037530","stname":"PUNJAB","dtname":"Amritsar","sdtname":"Amritsar -I","vilname11":"Bhangwan ((159)","vil_lgd":37530,"dist_lgd":27,"state_lgd":3,"gp_code":238056,"gp_name":"BHAGWAN","subdt_lgd":256,"block_name":"MAJITHA","block_lgd":218,"Remark":null,"ac_no":null,"test":null,"shape_Length":14078.229940274628,"shape_Area":8099344.704336194}},{"arcs":[[-1097,1170,1171,-1109,1172,1173]],"type":"Polygon","properties":{"OBJECTID":341339,"vilnam_soi":"BHOIA FATEHGARH","stcode11":"03","dtcode11":"049","sdtcode11":"00256","vilcode11":"037500","stname":"PUNJAB","dtname":"Amritsar","sdtname":"Amritsar -I","vilname11":"Bhoya Fatehgarh (228)","vil_lgd":37500,"dist_lgd":27,"state_lgd":3,"gp_code":237650,"gp_name":"BHOA FATEHGARH","subdt_lgd":256,"block_name":"MAJITHA","block_lgd":218,"Remark":null,"ac_no":null,"test":null,"shape_Length":7056.016027873608,"shape_Area":1595203.6432236957}},{"arcs":[[-1112,1174,-1166,1175,1176]],"type":"Polygon","properties":{"OBJECTID":341340,"vilnam_soi":"BHOMA","stcode11":"03","dtcode11":"049","sdtcode11":"00256","vilcode11":"037442","stname":"PUNJAB","dtname":"Amritsar","sdtname":"Amritsar -I","vilname11":"Bhoma (315)","vil_lgd":37442,"dist_lgd":27,"state_lgd":3,"gp_code":237651,"gp_name":"BHOMA","subdt_lgd":256,"block_name":"MAJITHA","block_lgd":218,"Remark":null,"ac_no":null,"test":null,"shape_Length":11164.000061730303,"shape_Area":7039321.487873817}},{"arcs":[[1177,1178,1179,1180,1181,1182,1183,1184]],"type":"Polygon","properties":{"OBJECTID":341341,"vilnam_soi":"BHULAR HANS","stcode11":"03","dtcode11":"049","sdtcode11":"00256","vilcode11":"037513","stname":"PUNJAB","dtname":"Amritsar","sdtname":"Amritsar -I","vilname11":"Bhullar Hans (176)","vil_lgd":37513,"dist_lgd":27,"state_lgd":3,"gp_code":237655,"gp_name":"BHULLAR HANS","subdt_lgd":256,"block_name":"MAJITHA","block_lgd":218,"Remark":null,"ac_no":null,"test":null,"shape_Length":8506.810758937505,"shape_Area":2894712.8591808025}},{"arcs":[[1185,1186,1187]],"type":"Polygon","properties":{"OBJECTID":341342,"vilnam_soi":"BISHAMBARPUR","stcode11":"03","dtcode11":"049","sdtcode11":"00256","vilcode11":"037574","stname":"PUNJAB","dtname":"Amritsar","sdtname":"Amritsar -I","vilname11":"Bashambarpura (143)","vil_lgd":37574,"dist_lgd":27,"state_lgd":3,"gp_code":238290,"gp_name":"BACHAN SINGH WALA","subdt_lgd":256,"block_name":"JANDIALA GURU","block_lgd":216,"Remark":null,"ac_no":null,"test":null,"shape_Length":6113.403611751977,"shape_Area":1643589.3192263688}},{"arcs":[[1188,1189,1190,1191,1192]],"type":"Polygon","properties":{"OBJECTID":341343,"vilnam_soi":"BUDHATHEH","stcode11":"03","dtcode11":"049","sdtcode11":"00256","vilcode11":"037437","stname":"PUNJAB","dtname":"Amritsar","sdtname":"Amritsar -I","vilname11":"Budha Theh (320)","vil_lgd":37437,"dist_lgd":27,"state_lgd":3,"gp_code":237653,"gp_name":"BUDDA THEH","subdt_lgd":256,"block_name":"MAJITHA","block_lgd":218,"Remark":null,"ac_no":null,"test":null,"shape_Length":7490.9944060812895,"shape_Area":1957173.996594734}},{"arcs":[[1193,1194,1195,1196,1197,1198,1199,1200,1201,1202]],"type":"Polygon","properties":{"OBJECTID":341344,"vilnam_soi":"BUNDALA","stcode11":"03","dtcode11":"049","sdtcode11":"00256","vilcode11":"037543","stname":"PUNJAB","dtname":"Amritsar","sdtname":"Amritsar -I","vilname11":"Bundala (138)","vil_lgd":37543,"dist_lgd":27,"state_lgd":3,"gp_code":238121,"gp_name":"BABA JASS HAVALIAN","subdt_lgd":256,"block_name":"JANDIALA GURU","block_lgd":216,"Remark":null,"ac_no":null,"test":null,"shape_Length":36328.99686080291,"shape_Area":27799054.381175134}},{"arcs":[[1203,1204,1205,1206,1207,1208,1209]],"type":"Polygon","properties":{"OBJECTID":341345,"vilnam_soi":"BUREWAL KANG","stcode11":"03","dtcode11":"049","sdtcode11":"00256","vilcode11":"037469","stname":"PUNJAB","dtname":"Amritsar","sdtname":"Amritsar -I","vilname11":"Borewal Kang (301)","vil_lgd":37469,"dist_lgd":27,"state_lgd":3,"gp_code":237652,"gp_name":"BOREWAL KANG","subdt_lgd":256,"block_name":"MAJITHA","block_lgd":218,"Remark":null,"ac_no":null,"test":null,"shape_Length":7004.640203429922,"shape_Area":2250661.2670007003}},{"arcs":[[-1177,1210,1211,1212,1213,-1113]],"type":"Polygon","properties":{"OBJECTID":341346,"vilnam_soi":"BURJ NAUABAD","stcode11":"03","dtcode11":"049","sdtcode11":"00256","vilcode11":"037446","stname":"PUNJAB","dtname":"Amritsar","sdtname":"Amritsar -I","vilname11":"Burj Nauabad (306)","vil_lgd":37446,"dist_lgd":27,"state_lgd":3,"gp_code":237654,"gp_name":"BURJ NAUABAD","subdt_lgd":256,"block_name":"MAJITHA","block_lgd":218,"Remark":null,"ac_no":null,"test":null,"shape_Length":7158.071525488423,"shape_Area":1803491.8819043918}},{"arcs":[[1214,1215,1216,1217,-1156,1218]],"type":"Polygon","properties":{"OBJECTID":341347,"vilnam_soi":"CHACHOWALI","stcode11":"03","dtcode11":"049","sdtcode11":"00256","vilcode11":"037451","stname":"PUNJAB","dtname":"Amritsar","sdtname":"Amritsar -I","vilname11":"Chachowali (216)","vil_lgd":37451,"dist_lgd":27,"state_lgd":3,"gp_code":237657,"gp_name":"CHACHOWALI","subdt_lgd":256,"block_name":"MAJITHA","block_lgd":218,"Remark":null,"ac_no":null,"test":null,"shape_Length":9919.254937100257,"shape_Area":4486398.723716184}},{"arcs":[[1219,1220,1221,1222,1223,-1183,1224]],"type":"Polygon","properties":{"OBJECTID":341348,"vilnam_soi":"CHATIWIND LELAN","stcode11":"03","dtcode11":"049","sdtcode11":"00256","vilcode11":"037522","stname":"PUNJAB","dtname":"Amritsar","sdtname":"Amritsar -I","vilname11":"Chatiwind Lelan (175)","vil_lgd":37522,"dist_lgd":27,"state_lgd":3,"gp_code":237759,"gp_name":"CHATIWIND LEHEL","subdt_lgd":256,"block_name":"TARSIKKA","block_lgd":223,"Remark":null,"ac_no":null,"test":null,"shape_Length":7932.381484571664,"shape_Area":3319278.8739998527}},{"arcs":[[1225,1226,1227,1228,1229,-1148,1230]],"type":"Polygon","properties":{"OBJECTID":341349,"vilnam_soi":"CHANDKE","stcode11":"03","dtcode11":"049","sdtcode11":"00256","vilcode11":"037474","stname":"PUNJAB","dtname":"Amritsar","sdtname":"Amritsar -I","vilname11":"Chande (309)","vil_lgd":37474,"dist_lgd":27,"state_lgd":3,"gp_code":237658,"gp_name":"CHANDE","subdt_lgd":256,"block_name":"MAJITHA","block_lgd":218,"Remark":null,"ac_no":null,"test":null,"shape_Length":6472.509484722827,"shape_Area":2080121.3819252371}},{"arcs":[[1231,1232,1233,1234,1235,1236,1237]],"type":"Polygon","properties":{"OBJECTID":341350,"vilnam_soi":"CHHAPA","stcode11":"03","dtcode11":"049","sdtcode11":"00256","vilcode11":"037561","stname":"PUNJAB","dtname":"Amritsar","sdtname":"Amritsar -I","vilname11":" Chhapa Ramsingh (255)","vil_lgd":37561,"dist_lgd":27,"state_lgd":3,"gp_code":238063,"gp_name":"CHAPA RAM SINGH","subdt_lgd":256,"block_name":"JANDIALA GURU","block_lgd":216,"Remark":null,"ac_no":null,"test":null,"shape_Length":9978.65070336878,"shape_Area":5157711.180576987}},{"arcs":[[1238,1239,1240,-1125,1241,1242]],"type":"Polygon","properties":{"OBJECTID":341351,"vilnam_soi":"CHOHAN","stcode11":"03","dtcode11":"049","sdtcode11":"00256","vilcode11":"037536","stname":"PUNJAB","dtname":"Amritsar","sdtname":"Amritsar -I","vilname11":"Chauhan (128)","vil_lgd":37536,"dist_lgd":27,"state_lgd":3,"gp_code":238065,"gp_name":"CHOHAN","subdt_lgd":256,"block_name":"JANDIALA GURU","block_lgd":216,"Remark":null,"ac_no":null,"test":null,"shape_Length":10711.793327983021,"shape_Area":6067317.893596697}},{"arcs":[[1243,1244,-1171,-1096,1245,1246,1247,1248,-1180,1249,1250,1251,1252]],"type":"Polygon","properties":{"OBJECTID":341352,"vilnam_soi":"CHOWINDA DEVI","stcode11":"03","dtcode11":"049","sdtcode11":"00256","vilcode11":"037501","stname":"PUNJAB","dtname":"Amritsar","sdtname":"Amritsar -I","vilname11":"Chawinda Devi (234)","vil_lgd":37501,"dist_lgd":27,"state_lgd":3,"gp_code":237660,"gp_name":"CHAWINDA DEVI","subdt_lgd":256,"block_name":"MAJITHA","block_lgd":218,"Remark":null,"ac_no":null,"test":null,"shape_Length":23224.951302334488,"shape_Area":7498915.805224362}},{"arcs":[[1253,1254,-1146,1255,1256]],"type":"Polygon","properties":{"OBJECTID":341353,"vilnam_soi":"DADUPURA","stcode11":"03","dtcode11":"049","sdtcode11":"00256","vilcode11":"037433","stname":"PUNJAB","dtname":"Amritsar","sdtname":"Amritsar -I","vilname11":"Dadupura (329)","vil_lgd":37433,"dist_lgd":27,"state_lgd":3,"gp_code":237662,"gp_name":"DADU PURA","subdt_lgd":256,"block_name":"MAJITHA","block_lgd":218,"Remark":null,"ac_no":null,"test":null,"shape_Length":8618.139218282915,"shape_Area":2819323.619047814}},{"arcs":[[1257,-1099,1258,1259,1260,1261,1262]],"type":"Polygon","properties":{"OBJECTID":341354,"vilnam_soi":"DADDIAN","stcode11":"03","dtcode11":"049","sdtcode11":"00256","vilcode11":"037483","stname":"PUNJAB","dtname":"Amritsar","sdtname":"Amritsar -I","vilname11":"Dadian (291)","vil_lgd":37483,"dist_lgd":27,"state_lgd":3,"gp_code":237661,"gp_name":"DADDIAN","subdt_lgd":256,"block_name":"MAJITHA","block_lgd":218,"Remark":null,"ac_no":null,"test":null,"shape_Length":15393.023042567875,"shape_Area":8226989.97306036}},{"arcs":[[1263,1264,-1185,1265,1266]],"type":"Polygon","properties":{"OBJECTID":341355,"vilnam_soi":"DADHALA","stcode11":"03","dtcode11":"049","sdtcode11":"00256","vilcode11":"037517","stname":"PUNJAB","dtname":"Amritsar","sdtname":"Amritsar -I","vilname11":"Dudhala (238)","vil_lgd":37517,"dist_lgd":27,"state_lgd":3,"gp_code":238069,"gp_name":"DUDALA","subdt_lgd":256,"block_name":"MAJITHA","block_lgd":218,"Remark":null,"ac_no":null,"test":null,"shape_Length":7619.9315076657995,"shape_Area":2746548.972153005}},{"arcs":[[1267,1268,1269,1270,1271]],"type":"Polygon","properties":{"OBJECTID":341356,"vilnam_soi":"DEVIDASPUR","stcode11":"03","dtcode11":"049","sdtcode11":"00256","vilcode11":"037549","stname":"PUNJAB","dtname":"Amritsar","sdtname":"Amritsar -I","vilname11":"Devi Dasspura  (155)","vil_lgd":37549,"dist_lgd":27,"state_lgd":3,"gp_code":238067,"gp_name":"DEVIDASPURA","subdt_lgd":256,"block_name":"JANDIALA GURU","block_lgd":216,"Remark":null,"ac_no":null,"test":null,"shape_Length":13297.322477914155,"shape_Area":6996849.373649963}},{"arcs":[[1272,-1122,1273,-1248,1274,1275]],"type":"Polygon","properties":{"OBJECTID":341357,"vilnam_soi":"DHARIKE","stcode11":"03","dtcode11":"049","sdtcode11":"00256","vilcode11":"037504","stname":"PUNJAB","dtname":"Amritsar","sdtname":"Amritsar -I","vilname11":"Darike (192)","vil_lgd":37504,"dist_lgd":27,"state_lgd":3,"gp_code":237664,"gp_name":"DARIKE","subdt_lgd":256,"block_name":"MAJITHA","block_lgd":218,"Remark":null,"ac_no":null,"test":null,"shape_Length":6762.151653178776,"shape_Area":3072570.3431198373}},{"arcs":[[-1181,-1249,-1274,-1143,1276,1277]],"type":"Polygon","properties":{"OBJECTID":341358,"vilnam_soi":"DHADDE","stcode11":"03","dtcode11":"049","sdtcode11":"00256","vilcode11":"037512","stname":"PUNJAB","dtname":"Amritsar","sdtname":"Amritsar -I","vilname11":"Dhadde (235)","vil_lgd":37512,"dist_lgd":27,"state_lgd":3,"gp_code":237663,"gp_name":"DHADDE","subdt_lgd":256,"block_name":"MAJITHA","block_lgd":218,"Remark":null,"ac_no":null,"test":null,"shape_Length":14869.318331215823,"shape_Area":7176712.344315156}},{"arcs":[[1278,1279,-1231,-1151,1280]],"type":"Polygon","properties":{"OBJECTID":341359,"vilnam_soi":"DHING NANGAL","stcode11":"03","dtcode11":"049","sdtcode11":"00256","vilcode11":"037476","stname":"PUNJAB","dtname":"Amritsar","sdtname":"Amritsar -I","vilname11":"Dhing Nangal (308)","vil_lgd":37476,"dist_lgd":27,"state_lgd":3,"gp_code":237665,"gp_name":"DHING NANGAL","subdt_lgd":256,"block_name":"MAJITHA","block_lgd":218,"Remark":null,"ac_no":null,"test":null,"shape_Length":6428.4853647867985,"shape_Area":1448605.0972110769}},{"arcs":[[1281,1282,1283,1284,1285]],"type":"Polygon","properties":{"OBJECTID":341360,"vilnam_soi":"DIALPUR","stcode11":"03","dtcode11":"049","sdtcode11":"00256","vilcode11":"037479","stname":"PUNJAB","dtname":"Amritsar","sdtname":"Amritsar -I","vilname11":"Dialpur (295)","vil_lgd":37479,"dist_lgd":27,"state_lgd":3,"gp_code":238295,"gp_name":"DIALPURA","subdt_lgd":256,"block_name":"MAJITHA","block_lgd":218,"Remark":null,"ac_no":null,"test":null,"shape_Length":7552.365560282462,"shape_Area":2089632.1356201451}},{"arcs":[[1286,1287,1288,1289,1290,-1238,1291,1292]],"type":"Polygon","properties":{"OBJECTID":341361,"vilnam_soi":"FATEHPUR RAJPUTAN","stcode11":"03","dtcode11":"049","sdtcode11":"00256","vilcode11":"037556","stname":"PUNJAB","dtname":"Amritsar","sdtname":"Amritsar -I","vilname11":"Fatehpur Rajputan (254)","vil_lgd":37556,"dist_lgd":27,"state_lgd":3,"gp_code":238070,"gp_name":"FATEHPUR RAJPUTAN","subdt_lgd":256,"block_name":"JANDIALA GURU","block_lgd":216,"Remark":null,"ac_no":null,"test":null,"shape_Length":19575.495366657047,"shape_Area":10399640.78224208}},{"arcs":[[1293,1294,-1276,1295,1296]],"type":"Polygon","properties":{"OBJECTID":341362,"vilnam_soi":"FATTUBHELA","stcode11":"03","dtcode11":"049","sdtcode11":"00256","vilcode11":"037458","stname":"PUNJAB","dtname":"Amritsar","sdtname":"Amritsar -I","vilname11":"Fattu Bhila (195)","vil_lgd":37458,"dist_lgd":27,"state_lgd":3,"gp_code":238297,"gp_name":"FATTU BHILLA","subdt_lgd":256,"block_name":"MAJITHA","block_lgd":218,"Remark":null,"ac_no":null,"test":null,"shape_Length":10057.489448599023,"shape_Area":4846920.921918375}},{"arcs":[[1297,1298,1299,-1164,1300]],"type":"Polygon","properties":{"OBJECTID":341363,"vilnam_soi":"GADLI","stcode11":"03","dtcode11":"049","sdtcode11":"00256","vilcode11":"037527","stname":"PUNJAB","dtname":"Amritsar","sdtname":"Amritsar -I","vilname11":"Gadli (160)","vil_lgd":37527,"dist_lgd":27,"state_lgd":3,"gp_code":238071,"gp_name":"GADLI","subdt_lgd":256,"block_name":"JANDIALA GURU","block_lgd":216,"Remark":null,"ac_no":null,"test":null,"shape_Length":10826.42457603932,"shape_Area":5291106.154604476}},{"arcs":[[-1127,1301,1302,-1268,1303,-1136,-1162]],"type":"Polygon","properties":{"OBJECTID":341364,"vilnam_soi":"GAHRI (DHIREKOT)","stcode11":"03","dtcode11":"049","sdtcode11":"00256","vilcode11":"037532","stname":"PUNJAB","dtname":"Amritsar","sdtname":"Amritsar -I","vilname11":"Dhirekot (156)","vil_lgd":37532,"dist_lgd":27,"state_lgd":3,"gp_code":238068,"gp_name":"DHIREKOT","subdt_lgd":256,"block_name":"JANDIALA GURU","block_lgd":216,"Remark":null,"ac_no":null,"test":null,"shape_Length":15818.092974565576,"shape_Area":7544872.716399652}},{"arcs":[[1304,-1257,1305,-1168,1306]],"type":"Polygon","properties":{"OBJECTID":341365,"vilnam_soi":"GALOWALI KALAN","stcode11":"03","dtcode11":"049","sdtcode11":"00256","vilcode11":"037434","stname":"PUNJAB","dtname":"Amritsar","sdtname":"Amritsar -I","vilname11":"Galowali  (331)","vil_lgd":37434,"dist_lgd":27,"state_lgd":3,"gp_code":237666,"gp_name":"GALOWALI","subdt_lgd":256,"block_name":"MAJITHA","block_lgd":218,"Remark":null,"ac_no":null,"test":null,"shape_Length":14831.073191418625,"shape_Area":7003571.578080328}},{"arcs":[[1307,1308,1309]],"type":"Polygon","properties":{"OBJECTID":341366,"vilnam_soi":"GANNAWAL","stcode11":"03","dtcode11":"049","sdtcode11":"00256","vilcode11":"037533","stname":"PUNJAB","dtname":"Amritsar","sdtname":"Amritsar -I","vilname11":"Gunowal (134)","vil_lgd":37533,"dist_lgd":27,"state_lgd":3,"gp_code":238073,"gp_name":"GUNNOWAL","subdt_lgd":256,"block_name":"JANDIALA GURU","block_lgd":216,"Remark":null,"ac_no":null,"test":null,"shape_Length":6509.764245825654,"shape_Area":2387217.3284501373}},{"arcs":[[1310,1311,-1106,1312,1313]],"type":"Polygon","properties":{"OBJECTID":341367,"vilnam_soi":"GILL","stcode11":"03","dtcode11":"049","sdtcode11":"00256","vilcode11":"037524","stname":"PUNJAB","dtname":"Amritsar","sdtname":"Amritsar -I","vilname11":"Gill (168)","vil_lgd":37524,"dist_lgd":27,"state_lgd":3,"gp_code":237768,"gp_name":"GILL","subdt_lgd":256,"block_name":"TARSIKKA","block_lgd":223,"Remark":null,"ac_no":null,"test":null,"shape_Length":5461.680856287934,"shape_Area":1983333.4430065528}},{"arcs":[[1314,1315,1316,1317,-1260]],"type":"Polygon","properties":{"OBJECTID":341368,"vilnam_soi":"GOPALPUR","stcode11":"03","dtcode11":"049","sdtcode11":"00256","vilcode11":"037490","stname":"PUNJAB","dtname":"Amritsar","sdtname":"Amritsar -I","vilname11":"Gopalpura (245)","vil_lgd":37490,"dist_lgd":27,"state_lgd":3,"gp_code":237667,"gp_name":"GOPAL PURA","subdt_lgd":256,"block_name":"MAJITHA","block_lgd":218,"Remark":null,"ac_no":null,"test":null,"shape_Length":9566.37155092334,"shape_Area":4524654.902028135}},{"arcs":[[1318,1319,1320,-1190,1321,1322]],"type":"Polygon","properties":{"OBJECTID":341369,"vilnam_soi":"GOSAL AFGHANAN","stcode11":"03","dtcode11":"049","sdtcode11":"00256","vilcode11":"037440","stname":"PUNJAB","dtname":"Amritsar","sdtname":"Amritsar -I","vilname11":"Gosal Afgana (317)","vil_lgd":37440,"dist_lgd":27,"state_lgd":3,"gp_code":243940,"gp_name":"GOSAL ZIMINDARAN","subdt_lgd":256,"block_name":"MAJITHA","block_lgd":218,"Remark":null,"ac_no":null,"test":null,"shape_Length":12146.748523100372,"shape_Area":3287086.8447805317}},{"arcs":[[-1211,1323,-1191,-1321]],"type":"Polygon","properties":{"OBJECTID":341370,"vilnam_soi":"GOSAL ZAMINDARAN","stcode11":"03","dtcode11":"049","sdtcode11":"00256","vilcode11":"037441","stname":"PUNJAB","dtname":"Amritsar","sdtname":"Amritsar -I","vilname11":"Gosal Zimidaran (316)","vil_lgd":37441,"dist_lgd":27,"state_lgd":3,"gp_code":261470,"gp_name":"GOSAL NEHRAWALA","subdt_lgd":256,"block_name":"MAJITHA","block_lgd":218,"Remark":null,"ac_no":null,"test":null,"shape_Length":7864.664748253355,"shape_Area":1896010.1609295206}},{"arcs":[[-1307,-1167,-1175,-1117,1324,1325]],"type":"Polygon","properties":{"OBJECTID":341371,"vilnam_soi":"HAMZA","stcode11":"03","dtcode11":"049","sdtcode11":"00256","vilcode11":"037443","stname":"PUNJAB","dtname":"Amritsar","sdtname":"Amritsar -I","vilname11":"Hamja (314)","vil_lgd":37443,"dist_lgd":27,"state_lgd":3,"gp_code":237669,"gp_name":"HAMZA","subdt_lgd":256,"block_name":"MAJITHA","block_lgd":218,"Remark":null,"ac_no":null,"test":null,"shape_Length":10522.531392092118,"shape_Area":3173612.4062401955}},{"arcs":[[1326,-1100,-1258,1327,1328,-1228]],"type":"Polygon","properties":{"OBJECTID":341372,"vilnam_soi":"HARIAN","stcode11":"03","dtcode11":"049","sdtcode11":"00256","vilcode11":"037482","stname":"PUNJAB","dtname":"Amritsar","sdtname":"Amritsar -I","vilname11":"Harian (294)","vil_lgd":37482,"dist_lgd":27,"state_lgd":3,"gp_code":237668,"gp_name":"HARIAN","subdt_lgd":256,"block_name":"MAJITHA","block_lgd":218,"Remark":null,"ac_no":null,"test":null,"shape_Length":7321.955771657022,"shape_Area":3067580.471935958}},{"arcs":[[-1059,-1169,-1306,-1256,-1145,-901]],"type":"Polygon","properties":{"OBJECTID":341373,"vilnam_soi":"INAYATPURA","stcode11":"03","dtcode11":"049","sdtcode11":"00256","vilcode11":"037430","stname":"PUNJAB","dtname":"Amritsar","sdtname":"Amritsar -I","vilname11":"Inaitpura (327)","vil_lgd":37430,"dist_lgd":27,"state_lgd":3,"gp_code":237671,"gp_name":"INAITPURA","subdt_lgd":256,"block_name":"MAJITHA","block_lgd":218,"Remark":null,"ac_no":null,"test":null,"shape_Length":7101.586784051458,"shape_Area":3088264.211076416}},{"arcs":[[1329,-1196,1330]],"type":"Polygon","properties":{"OBJECTID":341374,"vilnam_soi":"JANIAN","stcode11":"03","dtcode11":"049","sdtcode11":"00256","vilcode11":"037540","stname":"PUNJAB","dtname":"Amritsar","sdtname":"Amritsar -I","vilname11":"Jania (136)","vil_lgd":37540,"dist_lgd":27,"state_lgd":3,"gp_code":238074,"gp_name":"JANIAN","subdt_lgd":256,"block_name":"JANDIALA GURU","block_lgd":216,"Remark":null,"ac_no":null,"test":null,"shape_Length":9375.152010961416,"shape_Area":4239416.663338839}},{"arcs":[[1331,-1215,1332]],"type":"Polygon","properties":{"OBJECTID":341375,"vilnam_soi":"JAINTIPUR","stcode11":"03","dtcode11":"049","sdtcode11":"00256","vilcode11":"037452","stname":"PUNJAB","dtname":"Amritsar","sdtname":"Amritsar -I","vilname11":"Jaintipura  (215)","vil_lgd":37452,"dist_lgd":27,"state_lgd":3,"gp_code":237673,"gp_name":"JAINTIPUR","subdt_lgd":256,"block_name":"MAJITHA","block_lgd":218,"Remark":null,"ac_no":null,"test":null,"shape_Length":5478.990182883282,"shape_Area":1931146.1367916607}},{"arcs":[[-1209,1333,-1212,-1320,1334]],"type":"Polygon","properties":{"OBJECTID":341376,"vilnam_soi":"JAJJIANI","stcode11":"03","dtcode11":"049","sdtcode11":"00256","vilcode11":"037448","stname":"PUNJAB","dtname":"Amritsar","sdtname":"Amritsar -I","vilname11":"Jajjiani (304)","vil_lgd":37448,"dist_lgd":27,"state_lgd":3,"gp_code":237674,"gp_name":"JAJJANI","subdt_lgd":256,"block_name":"MAJITHA","block_lgd":218,"Remark":null,"ac_no":null,"test":null,"shape_Length":12291.636299458209,"shape_Area":4741667.855777488}},{"arcs":[[-1207,1335,-1285,1336,1337,1338,1339]],"type":"Polygon","properties":{"OBJECTID":341377,"vilnam_soi":"JALALPUR","stcode11":"03","dtcode11":"049","sdtcode11":"00256","vilcode11":"037477","stname":"PUNJAB","dtname":"Amritsar","sdtname":"Amritsar -I","vilname11":"Jalalpura (298)","vil_lgd":37477,"dist_lgd":27,"state_lgd":3,"gp_code":237675,"gp_name":"JALLALPUR","subdt_lgd":256,"block_name":"MAJITHA","block_lgd":218,"Remark":null,"ac_no":null,"test":null,"shape_Length":8642.470444245826,"shape_Area":3945583.2346382835}},{"arcs":[[1340,1341,1342,1343,-1232,-1291]],"type":"Polygon","properties":{"OBJECTID":341378,"vilnam_soi":"JAND","stcode11":"03","dtcode11":"049","sdtcode11":"00256","vilcode11":"037562","stname":"PUNJAB","dtname":"Amritsar","sdtname":"Amritsar -I","vilname11":"Jand  (150)","vil_lgd":37562,"dist_lgd":27,"state_lgd":3,"gp_code":238288,"gp_name":"JAND","subdt_lgd":256,"block_name":"JANDIALA GURU","block_lgd":216,"Remark":null,"ac_no":null,"test":null,"shape_Length":6989.738069941419,"shape_Area":2518102.4281687182}},{"arcs":[[-1303,1344,-1309,1345,1346,-1331,-1195,1347,1348,1349,1350,-1269]],"type":"Polygon","properties":{"OBJECTID":341379,"vilnam_soi":"JANDIALA GURU","stcode11":"03","dtcode11":"049","sdtcode11":"00256","vilcode11":"800251","stname":"PUNJAB","dtname":"Amritsar","sdtname":"Amritsar -I","vilname11":"Jandiala (M Cl)","vil_lgd":800251,"dist_lgd":27,"state_lgd":3,"gp_code":0,"gp_name":"","subdt_lgd":256,"block_name":"JANDIALA GURU","block_lgd":216,"Remark":null,"ac_no":null,"test":null,"shape_Length":28508.535564183258,"shape_Area":20320681.37887847}},{"arcs":[[-1147,-1255,1351,1352,-898]],"type":"Polygon","properties":{"OBJECTID":341380,"vilnam_soi":"JETHU NANGAL","stcode11":"03","dtcode11":"049","sdtcode11":"00256","vilcode11":"037432","stname":"PUNJAB","dtname":"Amritsar","sdtname":"Amritsar -I","vilname11":"Jathu Nangal (330)","vil_lgd":37432,"dist_lgd":27,"state_lgd":3,"gp_code":237676,"gp_name":"JETHUNANGAL","subdt_lgd":256,"block_name":"MAJITHA","block_lgd":218,"Remark":null,"ac_no":null,"test":null,"shape_Length":9079.196283911939,"shape_Area":4026836.7256381796}},{"arcs":[[-1173,-1111,1353,1354,1355]],"type":"Polygon","properties":{"OBJECTID":341381,"vilnam_soi":"JHANDE","stcode11":"03","dtcode11":"049","sdtcode11":"00256","vilcode11":"037498","stname":"PUNJAB","dtname":"Amritsar","sdtname":"Amritsar -I","vilname11":"Jhande (226)","vil_lgd":37498,"dist_lgd":27,"state_lgd":3,"gp_code":237678,"gp_name":"JHANDE","subdt_lgd":256,"block_name":"MAJITHA","block_lgd":218,"Remark":null,"ac_no":null,"test":null,"shape_Length":10016.031634173218,"shape_Area":2227070.3107540887}},{"arcs":[[1356,1357,-1152,-974]],"type":"Polygon","properties":{"OBJECTID":341382,"vilnam_soi":"JOHAL","stcode11":"03","dtcode11":"049","sdtcode11":"00256","vilcode11":"037426","stname":"PUNJAB","dtname":"Amritsar","sdtname":"Amritsar -I","vilname11":"Johal (322)","vil_lgd":37426,"dist_lgd":27,"state_lgd":3,"gp_code":237679,"gp_name":"JOHAL","subdt_lgd":256,"block_name":"MAJITHA","block_lgd":218,"Remark":null,"ac_no":null,"test":null,"shape_Length":5588.699650165406,"shape_Area":1708606.5144058662}},{"arcs":[[-1095,1358,-1246]],"type":"Polygon","properties":{"OBJECTID":341383,"vilnam_soi":"KARALIAN","stcode11":"03","dtcode11":"049","sdtcode11":"00256","vilcode11":"037502","stname":"PUNJAB","dtname":"Amritsar","sdtname":"Amritsar -I","vilname11":"Kuralian (233)","vil_lgd":37502,"dist_lgd":27,"state_lgd":3,"gp_code":237694,"gp_name":"KURALIAN","subdt_lgd":256,"block_name":"MAJITHA","block_lgd":218,"Remark":null,"ac_no":null,"test":null,"shape_Length":3889.320257325915,"shape_Area":870900.483465009}},{"arcs":[[-1244,1359,1360,-1102,-1283,1361]],"type":"Polygon","properties":{"OBJECTID":341384,"vilnam_soi":"KATHU NANGAL","stcode11":"03","dtcode11":"049","sdtcode11":"00256","vilcode11":"037494","stname":"PUNJAB","dtname":"Amritsar","sdtname":"Amritsar -I","vilname11":"Kathu Nangal (241)","vil_lgd":37494,"dist_lgd":27,"state_lgd":3,"gp_code":261472,"gp_name":"ADDA KATHU NANGAL","subdt_lgd":256,"block_name":"MAJITHA","block_lgd":218,"Remark":null,"ac_no":null,"test":null,"shape_Length":14483.684721316884,"shape_Area":7170710.898536563}},{"arcs":[[1362,1363,1364,1365,1366,1367]],"type":"Polygon","properties":{"OBJECTID":341385,"vilnam_soi":"KHANKOT","stcode11":"03","dtcode11":"049","sdtcode11":"00256","vilcode11":"037566","stname":"PUNJAB","dtname":"Amritsar","sdtname":"Amritsar -I","vilname11":"Bara Khankot Doburjee  (OG)","vil_lgd":37566,"dist_lgd":27,"state_lgd":3,"gp_code":238166,"gp_name":"KHANKOT","subdt_lgd":256,"block_name":"JANDIALA GURU","block_lgd":216,"Remark":null,"ac_no":null,"test":null,"shape_Length":9552.38332623809,"shape_Area":3886686.358193029}},{"arcs":[[-1301,-1163,-1134,1368,1369,1370]],"type":"Polygon","properties":{"OBJECTID":341386,"vilnam_soi":"KHALERA","stcode11":"03","dtcode11":"049","sdtcode11":"00256","vilcode11":"037526","stname":"PUNJAB","dtname":"Amritsar","sdtname":"Amritsar -I","vilname11":"Khalhera (161)","vil_lgd":37526,"dist_lgd":27,"state_lgd":3,"gp_code":238289,"gp_name":"KHALAIRA","subdt_lgd":256,"block_name":"JANDIALA GURU","block_lgd":216,"Remark":null,"ac_no":null,"test":null,"shape_Length":6025.2464511705875,"shape_Area":1933094.8575324707}},{"arcs":[[1371,1372,1373,-1240]],"type":"Polygon","properties":{"OBJECTID":341387,"vilnam_soi":"KHELA","stcode11":"03","dtcode11":"049","sdtcode11":"00256","vilcode11":"037537","stname":"PUNJAB","dtname":"Amritsar","sdtname":"Amritsar -I","vilname11":"Khela (131)","vil_lgd":37537,"dist_lgd":27,"state_lgd":3,"gp_code":238078,"gp_name":"KHELA KALAN","subdt_lgd":256,"block_name":"JANDIALA GURU","block_lgd":216,"Remark":null,"ac_no":null,"test":null,"shape_Length":6738.019975443286,"shape_Area":2322750.5867193006}},{"arcs":[[-1250,-1179,1374]],"type":"Polygon","properties":{"OBJECTID":341388,"vilnam_soi":"KOT HARDE RAM","stcode11":"03","dtcode11":"049","sdtcode11":"00256","vilcode11":"037514","stname":"PUNJAB","dtname":"Amritsar","sdtname":"Amritsar -I","vilname11":"Kot Hride Ram (236)","vil_lgd":37514,"dist_lgd":27,"state_lgd":3,"gp_code":237693,"gp_name":"KOT HIRDE RAM","subdt_lgd":256,"block_name":"MAJITHA","block_lgd":218,"Remark":null,"ac_no":null,"test":null,"shape_Length":5421.524326638092,"shape_Area":1229738.6821877593}},{"arcs":[[-1329,1375,1376,-1229]],"type":"Polygon","properties":{"OBJECTID":341389,"vilnam_soi":"KOTLA AHANGARH","stcode11":"03","dtcode11":"049","sdtcode11":"00256","vilcode11":"037473","stname":"PUNJAB","dtname":"Amritsar","sdtname":"Amritsar -I","vilname11":"Kotla Ahangaran (310)","vil_lgd":37473,"dist_lgd":27,"state_lgd":3,"gp_code":237658,"gp_name":"CHANDE","subdt_lgd":256,"block_name":"MAJITHA","block_lgd":218,"Remark":null,"ac_no":null,"test":null,"shape_Length":3981.246338000446,"shape_Area":850488.6651383602}},{"arcs":[[1377,-1170,-1057,-618,1378,-1154]],"type":"Polygon","properties":{"OBJECTID":341390,"vilnam_soi":"KOTLA GUJRAN","stcode11":"03","dtcode11":"049","sdtcode11":"00256","vilcode11":"037429","stname":"PUNJAB","dtname":"Amritsar","sdtname":"Amritsar -I","vilname11":"Kotla Gujjran (325)","vil_lgd":37429,"dist_lgd":27,"state_lgd":3,"gp_code":237686,"gp_name":"KOTLA GUJJRAN","subdt_lgd":256,"block_name":"MAJITHA","block_lgd":218,"Remark":null,"ac_no":null,"test":null,"shape_Length":10776.404043901923,"shape_Area":4707464.545554799}},{"arcs":[[-1361,1379,1380,1381,-1315,-1259,-1098]],"type":"Polygon","properties":{"OBJECTID":341391,"vilnam_soi":"KOTLA SAIDAN","stcode11":"03","dtcode11":"049","sdtcode11":"00256","vilcode11":"037492","stname":"PUNJAB","dtname":"Amritsar","sdtname":"Amritsar -I","vilname11":"Kotla Saidan (243)","vil_lgd":37492,"dist_lgd":27,"state_lgd":3,"gp_code":237689,"gp_name":"KOTLA SAIDAN","subdt_lgd":256,"block_name":"MAJITHA","block_lgd":218,"Remark":null,"ac_no":null,"test":null,"shape_Length":7359.944310453515,"shape_Area":3141600.8476302424}},{"arcs":[[-1208,-1340,1382,-1279,1383,-1213,-1334]],"type":"Polygon","properties":{"OBJECTID":341392,"vilnam_soi":"KOTLA SULTANSINGH","stcode11":"03","dtcode11":"049","sdtcode11":"00256","vilcode11":"037470","stname":"PUNJAB","dtname":"Amritsar","sdtname":"Amritsar -I","vilname11":"Kotla Sultan Singh (300)","vil_lgd":37470,"dist_lgd":27,"state_lgd":3,"gp_code":237688,"gp_name":"KOTLA SULTAN SINGH","subdt_lgd":256,"block_name":"MAJITHA","block_lgd":218,"Remark":null,"ac_no":null,"test":null,"shape_Length":10271.920581811608,"shape_Area":2951174.695307173}},{"arcs":[[1384,1385,1386,1387,1388,1389]],"type":"Polygon","properties":{"OBJECTID":341393,"vilnam_soi":"KOTLI DHOLE SHAH","stcode11":"03","dtcode11":"049","sdtcode11":"00256","vilcode11":"037454","stname":"PUNJAB","dtname":"Amritsar","sdtname":"Amritsar -I","vilname11":"Kotli Dhole Shah (213)","vil_lgd":37454,"dist_lgd":27,"state_lgd":3,"gp_code":237690,"gp_name":"KOTLI DHOLE SHAH","subdt_lgd":256,"block_name":"MAJITHA","block_lgd":218,"Remark":null,"ac_no":null,"test":null,"shape_Length":8616.271767230934,"shape_Area":3523243.1685181297}},{"arcs":[[1390,1391,1392,1393,-1386,1394,1395]],"type":"Polygon","properties":{"OBJECTID":341394,"vilnam_soi":"KOTLI MALLIAN","stcode11":"03","dtcode11":"049","sdtcode11":"00256","vilcode11":"037456","stname":"PUNJAB","dtname":"Amritsar","sdtname":"Amritsar -I","vilname11":"Kotli Mallian (212)","vil_lgd":37456,"dist_lgd":27,"state_lgd":3,"gp_code":237691,"gp_name":"KOTLI MALLIAN","subdt_lgd":256,"block_name":"MAJITHA","block_lgd":218,"Remark":null,"ac_no":null,"test":null,"shape_Length":10703.886500059521,"shape_Area":2356176.272914838}},{"arcs":[[1396,1397,-1338]],"type":"Polygon","properties":{"OBJECTID":341395,"vilnam_soi":"KOTLI PITTO","stcode11":"03","dtcode11":"049","sdtcode11":"00256","vilcode11":"037478","stname":"PUNJAB","dtname":"Amritsar","sdtname":"Amritsar -I","vilname11":"Kotla Pirtu (297)","vil_lgd":37478,"dist_lgd":27,"state_lgd":3,"gp_code":237645,"gp_name":"BEGEWAL","subdt_lgd":256,"block_name":"MAJITHA","block_lgd":218,"Remark":null,"ac_no":null,"test":null,"shape_Length":4546.847586573784,"shape_Area":947002.582970065}},{"arcs":[[1398,-1388,1399,-1297,1400,-1093]],"type":"Polygon","properties":{"OBJECTID":341396,"vilnam_soi":"LAHRKA","stcode11":"03","dtcode11":"049","sdtcode11":"00256","vilcode11":"037459","stname":"PUNJAB","dtname":"Amritsar","sdtname":"Amritsar -I","vilname11":"Lehrka (230)","vil_lgd":37459,"dist_lgd":27,"state_lgd":3,"gp_code":237696,"gp_name":"LEHARKA","subdt_lgd":256,"block_name":"MAJITHA","block_lgd":218,"Remark":null,"ac_no":null,"test":null,"shape_Length":6831.940359105038,"shape_Area":2486813.308243794}},{"arcs":[[1401,1402,1403,1404,-1261,-1318]],"type":"Polygon","properties":{"OBJECTID":341397,"vilnam_soi":"LUDHAR","stcode11":"03","dtcode11":"049","sdtcode11":"00256","vilcode11":"037488","stname":"PUNJAB","dtname":"Amritsar","sdtname":"Amritsar -I","vilname11":"Ludhar (289)","vil_lgd":37488,"dist_lgd":27,"state_lgd":3,"gp_code":237697,"gp_name":"LUDHAR","subdt_lgd":256,"block_name":"MAJITHA","block_lgd":218,"Remark":null,"ac_no":null,"test":null,"shape_Length":12321.32379660434,"shape_Area":5816923.150759662}},{"arcs":[[1405,1406,-1311,1407,1408,1409]],"type":"Polygon","properties":{"OBJECTID":341398,"vilnam_soi":"MAHNIAN BRAHMANAN","stcode11":"03","dtcode11":"049","sdtcode11":"00256","vilcode11":"037519","stname":"PUNJAB","dtname":"Amritsar","sdtname":"Amritsar -I","vilname11":"Mehnian Brahmana (172)","vil_lgd":37519,"dist_lgd":27,"state_lgd":3,"gp_code":237791,"gp_name":"MAHNIAN BRAHMANA","subdt_lgd":256,"block_name":"TARSIKKA","block_lgd":223,"Remark":null,"ac_no":null,"test":null,"shape_Length":7994.479569270963,"shape_Area":2927561.400117242}},{"arcs":[[-1360,-1253,1410,1411,-1380]],"type":"Polygon","properties":{"OBJECTID":341399,"vilnam_soi":"MAN","stcode11":"03","dtcode11":"049","sdtcode11":"00256","vilcode11":"037495","stname":"PUNJAB","dtname":"Amritsar","sdtname":"Amritsar -I","vilname11":"Maan (240)","vil_lgd":37495,"dist_lgd":27,"state_lgd":3,"gp_code":237699,"gp_name":"MANN","subdt_lgd":256,"block_name":"MAJITHA","block_lgd":218,"Remark":null,"ac_no":null,"test":null,"shape_Length":8959.777023727387,"shape_Area":2997682.637322528}},{"arcs":[[1412,1413,1414,-1130,1415,1416,-1188,1417,1418,-1364]],"type":"Polygon","properties":{"OBJECTID":341400,"vilnam_soi":"MANANWALA KALAN","stcode11":"03","dtcode11":"049","sdtcode11":"00256","vilcode11":"037573","stname":"PUNJAB","dtname":"Amritsar","sdtname":"Amritsar -I","vilname11":"Manawala (259)","vil_lgd":37573,"dist_lgd":27,"state_lgd":3,"gp_code":238086,"gp_name":"MANAWALA KALAN","subdt_lgd":256,"block_name":"JANDIALA GURU","block_lgd":216,"Remark":null,"ac_no":null,"test":null,"shape_Length":15307.640714755391,"shape_Area":11568448.680725021}},{"arcs":[[1419,-1406,1420,-1266,-1184,-1224]],"type":"Polygon","properties":{"OBJECTID":341401,"vilnam_soi":"MANGA SARAI","stcode11":"03","dtcode11":"049","sdtcode11":"00256","vilcode11":"037520","stname":"PUNJAB","dtname":"Amritsar","sdtname":"Amritsar -I","vilname11":"Manga Sarai (174)","vil_lgd":37520,"dist_lgd":27,"state_lgd":3,"gp_code":237700,"gp_name":"MANGA SARAI","subdt_lgd":256,"block_name":"MAJITHA","block_lgd":218,"Remark":null,"ac_no":null,"test":null,"shape_Length":7638.982490142124,"shape_Area":2915752.147301459}},{"arcs":[[1421,-1090,1422,1423]],"type":"Polygon","properties":{"OBJECTID":341402,"vilnam_soi":"MAGGA SOI","stcode11":"03","dtcode11":"049","sdtcode11":"00256","vilcode11":"037463","stname":"PUNJAB","dtname":"Amritsar","sdtname":"Amritsar -I","vilname11":"Mago Soe (218)","vil_lgd":37463,"dist_lgd":27,"state_lgd":3,"gp_code":237705,"gp_name":"MUGO SOHI","subdt_lgd":256,"block_name":"MAJITHA","block_lgd":218,"Remark":null,"ac_no":null,"test":null,"shape_Length":5214.160665859705,"shape_Area":1211568.1857252726}},{"arcs":[[-1326,1424,-1376,-1328,-1263,1425,1426,1427,-1352,-1254,-1305]],"type":"Polygon","properties":{"OBJECTID":341403,"vilnam_soi":"MAJITHA","stcode11":"03","dtcode11":"049","sdtcode11":"00256","vilcode11":"800249","stname":"PUNJAB","dtname":"Amritsar","sdtname":"Amritsar -I","vilname11":"Majitha (M Cl)","vil_lgd":800249,"dist_lgd":27,"state_lgd":3,"gp_code":0,"gp_name":"","subdt_lgd":256,"block_name":"MAJITHA","block_lgd":218,"Remark":null,"ac_no":null,"test":null,"shape_Length":20821.01693834288,"shape_Area":16124703.727471514}},{"arcs":[[1428,-1409,1429,1430,1431,1432,1433,1434]],"type":"Polygon","properties":{"OBJECTID":341404,"vilnam_soi":"MAKHANWINDI","stcode11":"03","dtcode11":"049","sdtcode11":"00256","vilcode11":"037559","stname":"PUNJAB","dtname":"Amritsar","sdtname":"Amritsar -I","vilname11":"Makhan Windi (251)","vil_lgd":37559,"dist_lgd":27,"state_lgd":3,"gp_code":238066,"gp_name":"CHINNA PATTI","subdt_lgd":256,"block_name":"JANDIALA GURU","block_lgd":216,"Remark":null,"ac_no":null,"test":null,"shape_Length":15802.155369605502,"shape_Area":10324275.586696673}},{"arcs":[[-1241,-1374,1435,-1310,-1345,-1302,-1126]],"type":"Polygon","properties":{"OBJECTID":341405,"vilnam_soi":"MALIAN","stcode11":"03","dtcode11":"049","sdtcode11":"00256","vilcode11":"037534","stname":"PUNJAB","dtname":"Amritsar","sdtname":"Amritsar -I","vilname11":"Mallian (130)","vil_lgd":37534,"dist_lgd":27,"state_lgd":3,"gp_code":238084,"gp_name":"MALIAN","subdt_lgd":256,"block_name":"JANDIALA GURU","block_lgd":216,"Remark":null,"ac_no":null,"test":null,"shape_Length":14272.28867006895,"shape_Area":7675642.034931089}},{"arcs":[[-1289,1436,1437,-1342,1438]],"type":"Polygon","properties":{"OBJECTID":341406,"vilnam_soi":"MALIKPUR","stcode11":"03","dtcode11":"049","sdtcode11":"00256","vilcode11":"037554","stname":"PUNJAB","dtname":"Amritsar","sdtname":"Amritsar -I","vilname11":"Malakpur (152)","vil_lgd":37554,"dist_lgd":27,"state_lgd":3,"gp_code":238083,"gp_name":"MALAKPUR","subdt_lgd":256,"block_name":"JANDIALA GURU","block_lgd":216,"Remark":null,"ac_no":null,"test":null,"shape_Length":6424.548650265661,"shape_Area":2138743.06980031}},{"arcs":[[1439,1440,1441,1442,-1205,1443]],"type":"Polygon","properties":{"OBJECTID":341407,"vilnam_soi":"MARARI KALAN","stcode11":"03","dtcode11":"049","sdtcode11":"00256","vilcode11":"037467","stname":"PUNJAB","dtname":"Amritsar","sdtname":"Amritsar -I","vilname11":"Marari Kalan (222)","vil_lgd":37467,"dist_lgd":27,"state_lgd":3,"gp_code":237702,"gp_name":"MARRARI KALAN","subdt_lgd":256,"block_name":"MAJITHA","block_lgd":218,"Remark":null,"ac_no":null,"test":null,"shape_Length":10380.671227397363,"shape_Area":3179873.880422521}},{"arcs":[[1444,-1158,1445,-1444,-1204]],"type":"Polygon","properties":{"OBJECTID":341408,"vilnam_soi":"MARARI KHURD","stcode11":"03","dtcode11":"049","sdtcode11":"00256","vilcode11":"037466","stname":"PUNJAB","dtname":"Amritsar","sdtname":"Amritsar -I","vilname11":"Marari Khurd (221)","vil_lgd":37466,"dist_lgd":27,"state_lgd":3,"gp_code":237703,"gp_name":"MARRARI KHURD","subdt_lgd":256,"block_name":"MAJITHA","block_lgd":218,"Remark":null,"ac_no":null,"test":null,"shape_Length":7497.72095455052,"shape_Area":3191994.3456581184}},{"arcs":[[-1351,1446,1447,-1416,-1133,1448,-1270]],"type":"Polygon","properties":{"OBJECTID":341409,"vilnam_soi":"MEHARBANPUR","stcode11":"03","dtcode11":"049","sdtcode11":"00256","vilcode11":"037548","stname":"PUNJAB","dtname":"Amritsar","sdtname":"Amritsar -I","vilname11":"Meharbanpur (146)","vil_lgd":37548,"dist_lgd":27,"state_lgd":3,"gp_code":238087,"gp_name":"MEHRABANPURA","subdt_lgd":256,"block_name":"JANDIALA GURU","block_lgd":216,"Remark":null,"ac_no":null,"test":null,"shape_Length":10885.138856806994,"shape_Area":3720763.8680689516}},{"arcs":[[-981,-115,-1155,-1379]],"type":"Polygon","properties":{"OBJECTID":341410,"vilnam_soi":"MEHDIPURA","stcode11":"03","dtcode11":"049","sdtcode11":"00256","vilcode11":"037428","stname":"PUNJAB","dtname":"Amritsar","sdtname":"Amritsar -I","vilname11":"Mehdipur (324)","vil_lgd":37428,"dist_lgd":27,"state_lgd":3,"gp_code":237698,"gp_name":"MAHADIPUR","subdt_lgd":256,"block_name":"MAJITHA","block_lgd":218,"Remark":null,"ac_no":null,"test":null,"shape_Length":7329.906109088973,"shape_Area":3462877.236600568}},{"arcs":[[-1413,-1363,1449,1450]],"type":"Polygon","properties":{"OBJECTID":341411,"vilnam_soi":"MEHOKA","stcode11":"03","dtcode11":"049","sdtcode11":"00256","vilcode11":"037565","stname":"PUNJAB","dtname":"Amritsar","sdtname":"Amritsar -I","vilname11":"Mehoka (258)","vil_lgd":37565,"dist_lgd":27,"state_lgd":3,"gp_code":238081,"gp_name":"MAHOKA","subdt_lgd":256,"block_name":"JANDIALA GURU","block_lgd":216,"Remark":null,"ac_no":null,"test":null,"shape_Length":8609.162104623661,"shape_Area":3371194.058596796}},{"arcs":[[1451,1452,-1221,1453]],"type":"Polygon","properties":{"OBJECTID":341412,"vilnam_soi":"MIAN PANDHAR","stcode11":"03","dtcode11":"049","sdtcode11":"00256","vilcode11":"037511","stname":"PUNJAB","dtname":"Amritsar","sdtname":"Amritsar -I","vilname11":"Mian Pandher (177)","vil_lgd":37511,"dist_lgd":27,"state_lgd":3,"gp_code":237701,"gp_name":"MIAN PANDHER","subdt_lgd":256,"block_name":"MAJITHA","block_lgd":218,"Remark":null,"ac_no":null,"test":null,"shape_Length":2896.22181678461,"shape_Area":289924.62138824374}},{"arcs":[[-1278,1454,-1225,-1182]],"type":"Polygon","properties":{"OBJECTID":341413,"vilnam_soi":"MIAN PANDHER","stcode11":"03","dtcode11":"049","sdtcode11":"00256","vilcode11":"037511","stname":"PUNJAB","dtname":"Amritsar","sdtname":"Amritsar -I","vilname11":"Mian Pandher (177)","vil_lgd":37511,"dist_lgd":27,"state_lgd":3,"gp_code":237701,"gp_name":"MIAN PANDHER","subdt_lgd":256,"block_name":"MAJITHA","block_lgd":218,"Remark":null,"ac_no":null,"test":null,"shape_Length":4569.551059457841,"shape_Area":1183329.0715167678}},{"arcs":[[-1107,-1312,-1407,-1420,-1223,1455]],"type":"Polygon","properties":{"OBJECTID":341414,"vilnam_soi":"MIRAN CHAK","stcode11":"03","dtcode11":"049","sdtcode11":"00256","vilcode11":"037521","stname":"PUNJAB","dtname":"Amritsar","sdtname":"Amritsar -I","vilname11":"Miran Chak (173)","vil_lgd":37521,"dist_lgd":27,"state_lgd":3,"gp_code":237790,"gp_name":"MIRAN CHAK","subdt_lgd":256,"block_name":"TARSIKKA","block_lgd":223,"Remark":null,"ac_no":null,"test":null,"shape_Length":5965.3510634325685,"shape_Area":1683338.949115087}},{"arcs":[[-1455,-1277,-1142,1456,-1454,-1220]],"type":"Polygon","properties":{"OBJECTID":341415,"vilnam_soi":"MUKANDPUR","stcode11":"03","dtcode11":"049","sdtcode11":"00256","vilcode11":"037510","stname":"PUNJAB","dtname":"Amritsar","sdtname":"Amritsar -I","vilname11":"Mukandpura (178)","vil_lgd":37510,"dist_lgd":27,"state_lgd":3,"gp_code":237706,"gp_name":"MUKAND PURA","subdt_lgd":256,"block_name":"MAJITHA","block_lgd":218,"Remark":null,"ac_no":null,"test":null,"shape_Length":6479.176911338029,"shape_Area":1553069.6373094285}},{"arcs":[[-1262,-1405,1457,1458,1459,1460,1461,-1426]],"type":"Polygon","properties":{"OBJECTID":341416,"vilnam_soi":"NAG KALAN","stcode11":"03","dtcode11":"049","sdtcode11":"00256","vilcode11":"037487","stname":"PUNJAB","dtname":"Amritsar","sdtname":"Amritsar -I","vilname11":"Nag (334)","vil_lgd":37487,"dist_lgd":27,"state_lgd":3,"gp_code":237708,"gp_name":"NAG KALAN","subdt_lgd":256,"block_name":"MAJITHA","block_lgd":218,"Remark":null,"ac_no":null,"test":null,"shape_Length":24596.38870822181,"shape_Area":19802201.117901083}},{"arcs":[[-1290,-1439,-1341]],"type":"Polygon","properties":{"OBJECTID":341417,"vilnam_soi":"NANGAL DAYASINGH RAJPUTAN","stcode11":"03","dtcode11":"049","sdtcode11":"00256","vilcode11":"037555","stname":"PUNJAB","dtname":"Amritsar","sdtname":"Amritsar -I","vilname11":"Nangal Dyal Singh (151)","vil_lgd":37555,"dist_lgd":27,"state_lgd":3,"gp_code":238090,"gp_name":"NANGAL DIAL SINGH","subdt_lgd":256,"block_name":"JANDIALA GURU","block_lgd":216,"Remark":null,"ac_no":null,"test":null,"shape_Length":4925.809035511905,"shape_Area":1241567.6636847425}},{"arcs":[[-1462,1462,-1427]],"type":"Polygon","properties":{"OBJECTID":341418,"vilnam_soi":"NANGAL PUNUAN","stcode11":"03","dtcode11":"049","sdtcode11":"00256","vilcode11":"037485","stname":"PUNJAB","dtname":"Amritsar","sdtname":"Amritsar -I","vilname11":"Nangal Pannuwan (333)","vil_lgd":37485,"dist_lgd":27,"state_lgd":3,"gp_code":238298,"gp_name":"NANGAL PANWAN","subdt_lgd":256,"block_name":"MAJITHA","block_lgd":218,"Remark":null,"ac_no":null,"test":null,"shape_Length":8807.004829457785,"shape_Area":3342028.274847234}},{"arcs":[[1463,1464,-1197,-1330]],"type":"Polygon","properties":{"OBJECTID":341419,"vilnam_soi":"NANGLE GURU","stcode11":"03","dtcode11":"049","sdtcode11":"00256","vilcode11":"037541","stname":"PUNJAB","dtname":"Amritsar","sdtname":"Amritsar -I","vilname11":"Nangal Guru(137)","vil_lgd":37541,"dist_lgd":27,"state_lgd":3,"gp_code":238091,"gp_name":"NANGAL GURU","subdt_lgd":256,"block_name":"JANDIALA GURU","block_lgd":216,"Remark":null,"ac_no":null,"test":null,"shape_Length":9241.15034412786,"shape_Area":3688256.038383965}},{"arcs":[[-1350,1465,-1447]],"type":"Polygon","properties":{"OBJECTID":341420,"vilnam_soi":"NAWANKOT","stcode11":"03","dtcode11":"049","sdtcode11":"00256","vilcode11":"037546","stname":"PUNJAB","dtname":"Amritsar","sdtname":"Amritsar -I","vilname11":"Nawan Kot (145)","vil_lgd":37546,"dist_lgd":27,"state_lgd":3,"gp_code":238092,"gp_name":"NAWANKOT","subdt_lgd":256,"block_name":"JANDIALA GURU","block_lgd":216,"Remark":null,"ac_no":null,"test":null,"shape_Length":5480.698283708946,"shape_Area":1531497.144953688}},{"arcs":[[-1431,1466,1467,-1293,1468]],"type":"Polygon","properties":{"OBJECTID":341421,"vilnam_soi":"NAWANPIND","stcode11":"03","dtcode11":"049","sdtcode11":"00256","vilcode11":"037557","stname":"PUNJAB","dtname":"Amritsar","sdtname":"Amritsar -I","vilname11":"Nawan Pind (170)","vil_lgd":37557,"dist_lgd":27,"state_lgd":3,"gp_code":238093,"gp_name":"NAWAN PIND","subdt_lgd":256,"block_name":"JANDIALA GURU","block_lgd":216,"Remark":null,"ac_no":null,"test":null,"shape_Length":10041.42603461195,"shape_Area":4551152.728542637}},{"arcs":[[-1448,-1466,1469]],"type":"Polygon","properties":{"OBJECTID":341422,"vilnam_soi":"NIJJARPURA","stcode11":"03","dtcode11":"049","sdtcode11":"00256","vilcode11":"037547","stname":"PUNJAB","dtname":"Amritsar","sdtname":"Amritsar -I","vilname11":"Nijjarpura (144)","vil_lgd":37547,"dist_lgd":27,"state_lgd":3,"gp_code":238094,"gp_name":"NIJAR PURA","subdt_lgd":256,"block_name":"JANDIALA GURU","block_lgd":216,"Remark":null,"ac_no":null,"test":null,"shape_Length":7228.1385270035025,"shape_Area":2425858.964166425}},{"arcs":[[-1432,-1469,-1292,-1237,1470]],"type":"Polygon","properties":{"OBJECTID":341423,"vilnam_soi":"NIZAMPUR","stcode11":"03","dtcode11":"049","sdtcode11":"00256","vilcode11":"037560","stname":"PUNJAB","dtname":"Amritsar","sdtname":"Amritsar -I","vilname11":"Nizampura (253)","vil_lgd":37560,"dist_lgd":27,"state_lgd":3,"gp_code":238095,"gp_name":"NIZAMPURA","subdt_lgd":256,"block_name":"JANDIALA GURU","block_lgd":216,"Remark":null,"ac_no":null,"test":null,"shape_Length":11167.925433806491,"shape_Area":5535591.1306965565}},{"arcs":[[-1332,1471,-1389,-1399,-1092,1472,-1216]],"type":"Polygon","properties":{"OBJECTID":341424,"vilnam_soi":"PAKHARPURA","stcode11":"03","dtcode11":"049","sdtcode11":"00256","vilcode11":"037453","stname":"PUNJAB","dtname":"Amritsar","sdtname":"Amritsar -I","vilname11":"Pakhar Pura (214)","vil_lgd":37453,"dist_lgd":27,"state_lgd":3,"gp_code":237735,"gp_name":"ADDA JAINTIPUR","subdt_lgd":256,"block_name":"MAJITHA","block_lgd":218,"Remark":null,"ac_no":null,"test":null,"shape_Length":11081.618974915593,"shape_Area":5402324.648691657}},{"arcs":[[-1395,-1385,1473]],"type":"Polygon","properties":{"OBJECTID":341425,"vilnam_soi":"QADIRABAD","stcode11":"03","dtcode11":"049","sdtcode11":"00256","vilcode11":"037455","stname":"PUNJAB","dtname":"Amritsar","sdtname":"Amritsar -I","vilname11":"Kadrabad (211)","vil_lgd":37455,"dist_lgd":27,"state_lgd":3,"gp_code":237682,"gp_name":"KADRABAD","subdt_lgd":256,"block_name":"MAJITHA","block_lgd":218,"Remark":null,"ac_no":null,"test":null,"shape_Length":10633.908227330012,"shape_Area":3124853.381267219}},{"arcs":[[-1368,1474,-1233,-1344,1475,1476,-1450]],"type":"Polygon","properties":{"OBJECTID":341426,"vilnam_soi":"QILA JIWAN SINGH","stcode11":"03","dtcode11":"049","sdtcode11":"00256","vilcode11":"037564","stname":"PUNJAB","dtname":"Amritsar","sdtname":"Amritsar -I","vilname11":"Qila Jiwan Singh (257)","vil_lgd":37564,"dist_lgd":27,"state_lgd":3,"gp_code":238098,"gp_name":"QILA JIWAN SINGH","subdt_lgd":256,"block_name":"JANDIALA GURU","block_lgd":216,"Remark":null,"ac_no":null,"test":null,"shape_Length":10886.382030765895,"shape_Area":4466354.325222929}},{"arcs":[[-1314,1477,-1467,-1430,-1408]],"type":"Polygon","properties":{"OBJECTID":341427,"vilnam_soi":"RAIPUR KALAN","stcode11":"03","dtcode11":"049","sdtcode11":"00256","vilcode11":"037558","stname":"PUNJAB","dtname":"Amritsar","sdtname":"Amritsar -I","vilname11":"Raipur Kalan (171)","vil_lgd":37558,"dist_lgd":27,"state_lgd":3,"gp_code":238099,"gp_name":"RAIPUR KALAN","subdt_lgd":256,"block_name":"JANDIALA GURU","block_lgd":216,"Remark":null,"ac_no":null,"test":null,"shape_Length":8607.74606987633,"shape_Area":4298703.5801422475}},{"arcs":[[-1470,-1349,1478,-1203,1479,1480,1481,1482,1483,-1186,-1417]],"type":"Polygon","properties":{"OBJECTID":341428,"vilnam_soi":"RAJEWALA","stcode11":"03","dtcode11":"049","sdtcode11":"00256","vilcode11":"037575","stname":"PUNJAB","dtname":"Amritsar","sdtname":"Amritsar -I","vilname11":"Rakh Jhita  (142)","vil_lgd":37575,"dist_lgd":27,"state_lgd":3,"gp_code":238125,"gp_name":"KISHANPURA","subdt_lgd":256,"block_name":"JANDIALA GURU","block_lgd":216,"Remark":null,"ac_no":null,"test":null,"shape_Length":30642.843496381956,"shape_Area":14259372.271876471}},{"arcs":[[-1265,1484,-1251,-1375,-1178]],"type":"Polygon","properties":{"OBJECTID":341429,"vilnam_soi":"RAM DIWALI","stcode11":"03","dtcode11":"049","sdtcode11":"00256","vilcode11":"037515","stname":"PUNJAB","dtname":"Amritsar","sdtname":"Amritsar -I","vilname11":"Ram Diwali Hinduan (237)","vil_lgd":37515,"dist_lgd":27,"state_lgd":3,"gp_code":237713,"gp_name":"RAM DIWALI HINDUAN","subdt_lgd":256,"block_name":"MAJITHA","block_lgd":218,"Remark":null,"ac_no":null,"test":null,"shape_Length":11960.202083459073,"shape_Area":3204945.125119683}},{"arcs":[[-1161,-1300,1485,1486,1487,1488,-1129]],"type":"Polygon","properties":{"OBJECTID":341430,"vilnam_soi":"RANA KALA","stcode11":"03","dtcode11":"049","sdtcode11":"00256","vilcode11":"037528","stname":"PUNJAB","dtname":"Amritsar","sdtname":"Amritsar -I","vilname11":"Rana Kala (122)","vil_lgd":37528,"dist_lgd":27,"state_lgd":3,"gp_code":238101,"gp_name":"RANA KALA","subdt_lgd":256,"block_name":"JANDIALA GURU","block_lgd":216,"Remark":null,"ac_no":null,"test":null,"shape_Length":8163.806615392349,"shape_Area":3780008.7389138755}},{"arcs":[[1489,1490,-1271,-1449,-1132]],"type":"Polygon","properties":{"OBJECTID":341431,"vilnam_soi":"RAKH DEVIDASPUR","stcode11":"03","dtcode11":"049","sdtcode11":"00256","vilcode11":"037551","stname":"PUNJAB","dtname":"Amritsar","sdtname":"Amritsar -I","vilname11":"Rakh Devi Dasspura (154)","vil_lgd":37551,"dist_lgd":27,"state_lgd":3,"gp_code":243948,"gp_name":"BHAGWANSAR","subdt_lgd":256,"block_name":"JANDIALA GURU","block_lgd":216,"Remark":null,"ac_no":null,"test":null,"shape_Length":9132.696055068758,"shape_Area":4096047.535079271}},{"arcs":[[-1414,-1451,-1477,1491]],"type":"Polygon","properties":{"OBJECTID":341432,"vilnam_soi":"RAKH MANANWALA","stcode11":"03","dtcode11":"049","sdtcode11":"00256","vilcode11":"037563","stname":"PUNJAB","dtname":"Amritsar","sdtname":"Amritsar -I","vilname11":"Rakh Manawala (149)","vil_lgd":37563,"dist_lgd":27,"state_lgd":3,"gp_code":238103,"gp_name":"RAKH MANAWALA","subdt_lgd":256,"block_name":"JANDIALA GURU","block_lgd":216,"Remark":null,"ac_no":null,"test":null,"shape_Length":7389.686048166753,"shape_Area":1605910.2953285186}},{"arcs":[[-1424,1492,-1441,1493,1494]],"type":"Polygon","properties":{"OBJECTID":341433,"vilnam_soi":"RANGILPURA","stcode11":"03","dtcode11":"049","sdtcode11":"00256","vilcode11":"037464","stname":"PUNJAB","dtname":"Amritsar","sdtname":"Amritsar -I","vilname11":"Rangilpura (219)","vil_lgd":37464,"dist_lgd":27,"state_lgd":3,"gp_code":237717,"gp_name":"RANGILPURA","subdt_lgd":256,"block_name":"MAJITHA","block_lgd":218,"Remark":null,"ac_no":null,"test":null,"shape_Length":6369.401231335629,"shape_Area":1245121.5307159093}},{"arcs":[[-1105,1495,-1370,1496,-1287,-1468,-1478,-1313]],"type":"Polygon","properties":{"OBJECTID":341434,"vilnam_soi":"RASULPUR","stcode11":"03","dtcode11":"049","sdtcode11":"00256","vilcode11":"037525","stname":"PUNJAB","dtname":"Amritsar","sdtname":"Amritsar -I","vilname11":"Rasulpur Kalan (169)","vil_lgd":37525,"dist_lgd":27,"state_lgd":3,"gp_code":237826,"gp_name":"DADUANA","subdt_lgd":256,"block_name":"TARSIKKA","block_lgd":223,"Remark":null,"ac_no":null,"test":null,"shape_Length":14008.39622975972,"shape_Area":9718966.209153675}},{"arcs":[[-1485,-1264,1497,1498,-1411,-1252]],"type":"Polygon","properties":{"OBJECTID":341435,"vilnam_soi":"RUPOWALI","stcode11":"03","dtcode11":"049","sdtcode11":"00256","vilcode11":"037516","stname":"PUNJAB","dtname":"Amritsar","sdtname":"Amritsar -I","vilname11":"Chogawan Roopowali (239)","vil_lgd":37516,"dist_lgd":27,"state_lgd":3,"gp_code":237659,"gp_name":"CHOGAWAN RUPOWALI","subdt_lgd":256,"block_name":"MAJITHA","block_lgd":218,"Remark":null,"ac_no":null,"test":null,"shape_Length":13500.202083300324,"shape_Area":5887951.19866793}},{"arcs":[[-1089,-1174,-1356,1499,-1442,-1493,-1423]],"type":"Polygon","properties":{"OBJECTID":341436,"vilnam_soi":"SAHNEWALI","stcode11":"03","dtcode11":"049","sdtcode11":"00256","vilcode11":"037499","stname":"PUNJAB","dtname":"Amritsar","sdtname":"Amritsar -I","vilname11":"Sehnewali (227)","vil_lgd":37499,"dist_lgd":27,"state_lgd":3,"gp_code":237720,"gp_name":"SAHNEWALI","subdt_lgd":256,"block_name":"MAJITHA","block_lgd":218,"Remark":null,"ac_no":null,"test":null,"shape_Length":11092.42324758629,"shape_Area":5443702.545802928}},{"arcs":[[1500,1501,1502,1503,-1140]],"type":"Polygon","properties":{"OBJECTID":341437,"vilnam_soi":"SAIDPUR CHOGANWAN","stcode11":"03","dtcode11":"049","sdtcode11":"00256","vilcode11":"037507","stname":"PUNJAB","dtname":"Amritsar","sdtname":"Amritsar -I","vilname11":"Sadhpura (183)","vil_lgd":37507,"dist_lgd":27,"state_lgd":3,"gp_code":237807,"gp_name":"SADHPUR","subdt_lgd":256,"block_name":"TARSIKKA","block_lgd":223,"Remark":null,"ac_no":null,"test":null,"shape_Length":13560.382396596267,"shape_Area":8967827.93214865}},{"arcs":[[-1394,1504,-1294,-1400,-1387]],"type":"Polygon","properties":{"OBJECTID":341438,"vilnam_soi":"SARHALA","stcode11":"03","dtcode11":"049","sdtcode11":"00256","vilcode11":"037457","stname":"PUNJAB","dtname":"Amritsar","sdtname":"Amritsar -I","vilname11":"Sarhala (196)","vil_lgd":37457,"dist_lgd":27,"state_lgd":3,"gp_code":237719,"gp_name":"SARHALA","subdt_lgd":256,"block_name":"MAJITHA","block_lgd":218,"Remark":null,"ac_no":null,"test":null,"shape_Length":6905.516009853029,"shape_Area":1898867.3067043282}},{"arcs":[[-1500,-1355,1505,-1286,-1336,-1206,-1443]],"type":"Polygon","properties":{"OBJECTID":341439,"vilnam_soi":"SHAMNAGAR","stcode11":"03","dtcode11":"049","sdtcode11":"00256","vilcode11":"037468","stname":"PUNJAB","dtname":"Amritsar","sdtname":"Amritsar -I","vilname11":"Sham Nagar (223)","vil_lgd":37468,"dist_lgd":27,"state_lgd":3,"gp_code":237722,"gp_name":"SHAM NAGAR","subdt_lgd":256,"block_name":"MAJITHA","block_lgd":218,"Remark":null,"ac_no":null,"test":null,"shape_Length":10695.754757878236,"shape_Area":6490454.546411478}},{"arcs":[[1506,-1199]],"type":"Polygon","properties":{"OBJECTID":341440,"vilnam_soi":"SHAFIPUR","stcode11":"03","dtcode11":"049","sdtcode11":"00256","vilcode11":"037542","stname":"PUNJAB","dtname":"Amritsar","sdtname":"Amritsar -I","vilname11":"Shafipur (139)","vil_lgd":37542,"dist_lgd":27,"state_lgd":3,"gp_code":238106,"gp_name":"SHAFIPUR","subdt_lgd":256,"block_name":"JANDIALA GURU","block_lgd":216,"Remark":null,"ac_no":null,"test":null,"shape_Length":8689.68383535088,"shape_Area":3378131.900615141}},{"arcs":[[-1094,-1401,-1296,-1275,-1247,-1359]],"type":"Polygon","properties":{"OBJECTID":341441,"vilnam_soi":"SHAHZADA","stcode11":"03","dtcode11":"049","sdtcode11":"00256","vilcode11":"037460","stname":"PUNJAB","dtname":"Amritsar","sdtname":"Amritsar -I","vilname11":"Shahzada (231)","vil_lgd":37460,"dist_lgd":27,"state_lgd":3,"gp_code":237721,"gp_name":"SHAHZADA","subdt_lgd":256,"block_name":"MAJITHA","block_lgd":218,"Remark":null,"ac_no":null,"test":null,"shape_Length":10048.021263096722,"shape_Area":4760477.700960437}},{"arcs":[[-1230,-1377,-1425,-1325,-1116,-1149]],"type":"Polygon","properties":{"OBJECTID":341442,"vilnam_soi":"SIPARIWIND KALAN","stcode11":"03","dtcode11":"049","sdtcode11":"00256","vilcode11":"037472","stname":"PUNJAB","dtname":"Amritsar","sdtname":"Amritsar -I","vilname11":"Saprai Wind (311)","vil_lgd":37472,"dist_lgd":27,"state_lgd":3,"gp_code":237712,"gp_name":"QILA","subdt_lgd":256,"block_name":"MAJITHA","block_lgd":218,"Remark":null,"ac_no":null,"test":null,"shape_Length":7340.655772110407,"shape_Area":2367345.2604441866}},{"arcs":[[-1428,-1463,-1461,1507,1508,1509,-653,-1054,-1005,-423,-899,-1353]],"type":"Polygon","properties":{"OBJECTID":341443,"vilnam_soi":"SOHIAN KALAN","stcode11":"03","dtcode11":"049","sdtcode11":"00256","vilcode11":"037486","stname":"PUNJAB","dtname":"Amritsar","sdtname":"Amritsar -I","vilname11":"Sohian Kalan (335)","vil_lgd":37486,"dist_lgd":27,"state_lgd":3,"gp_code":237742,"gp_name":"ABADI VARPAL","subdt_lgd":256,"block_name":"MAJITHA","block_lgd":218,"Remark":null,"ac_no":null,"test":null,"shape_Length":26415.552007531693,"shape_Area":21406221.846878104}},{"arcs":[[-1419,1510,1511,-1365]],"type":"Polygon","properties":{"OBJECTID":341444,"vilnam_soi":"SULTANWIND","stcode11":"03","dtcode11":"049","sdtcode11":"00256","vilcode11":"037569","stname":"PUNJAB","dtname":"Amritsar","sdtname":"Amritsar -I","vilname11":"Chatiwind   (278)","vil_lgd":37569,"dist_lgd":27,"state_lgd":3,"gp_code":245336,"gp_name":"CHATIWIND","subdt_lgd":256,"block_name":"JANDIALA GURU","block_lgd":216,"Remark":null,"ac_no":null,"test":null,"shape_Length":3392.2953806114624,"shape_Area":276369.7797389795}},{"arcs":[[-1410,-1429,1512,1513,-1498,-1267,-1421]],"type":"Polygon","properties":{"OBJECTID":341445,"vilnam_soi":"TALWANDI DOSANDHASINGH","stcode11":"03","dtcode11":"049","sdtcode11":"00256","vilcode11":"037518","stname":"PUNJAB","dtname":"Amritsar","sdtname":"Amritsar -I","vilname11":"Talwandi Dasaundha Singh (250)","vil_lgd":37518,"dist_lgd":27,"state_lgd":3,"gp_code":237725,"gp_name":"TALWANDI DASONDHA SINGH","subdt_lgd":256,"block_name":"MAJITHA","block_lgd":218,"Remark":null,"ac_no":null,"test":null,"shape_Length":11072.75039167016,"shape_Area":5880408.792510203}},{"arcs":[[-1495,-1217,-1473,-1091,-1422]],"type":"Polygon","properties":{"OBJECTID":341446,"vilnam_soi":"TALWANDI GHUMAN","stcode11":"03","dtcode11":"049","sdtcode11":"00256","vilcode11":"037462","stname":"PUNJAB","dtname":"Amritsar","sdtname":"Amritsar -I","vilname11":"Talwandi Ghuman (217)","vil_lgd":37462,"dist_lgd":27,"state_lgd":3,"gp_code":237726,"gp_name":"TALWANDI KHUMAN","subdt_lgd":256,"block_name":"MAJITHA","block_lgd":218,"Remark":null,"ac_no":null,"test":null,"shape_Length":9500.183917377331,"shape_Area":3328461.596838974}},{"arcs":[[-1131,-1415,-1492,-1476,-1343,-1438,1514,-1490]],"type":"Polygon","properties":{"OBJECTID":341447,"vilnam_soi":"TALWINDI DOGRAN","stcode11":"03","dtcode11":"049","sdtcode11":"00256","vilcode11":"037553","stname":"PUNJAB","dtname":"Amritsar","sdtname":"Amritsar -I","vilname11":"Talwandi Dogran (148)","vil_lgd":37553,"dist_lgd":27,"state_lgd":3,"gp_code":238105,"gp_name":"SURJAN SINGH WALA","subdt_lgd":256,"block_name":"JANDIALA GURU","block_lgd":216,"Remark":null,"ac_no":null,"test":null,"shape_Length":9663.921525264857,"shape_Area":4097442.9767755982}},{"arcs":[[-1339,-1398,-1226,-1280,-1383]],"type":"Polygon","properties":{"OBJECTID":341448,"vilnam_soi":"TARGAR RAMPUR","stcode11":"03","dtcode11":"049","sdtcode11":"00256","vilcode11":"037475","stname":"PUNJAB","dtname":"Amritsar","sdtname":"Amritsar -I","vilname11":"Taragarh Rampura (299)","vil_lgd":37475,"dist_lgd":27,"state_lgd":3,"gp_code":237727,"gp_name":"TARGARH RAMPURA","subdt_lgd":256,"block_name":"MAJITHA","block_lgd":218,"Remark":null,"ac_no":null,"test":null,"shape_Length":6736.439812936482,"shape_Area":1366872.3409316111}},{"arcs":[[1515,-1159,-1445,-1210,-1335,-1319]],"type":"Polygon","properties":{"OBJECTID":341449,"vilnam_soi":"TARPAI","stcode11":"03","dtcode11":"049","sdtcode11":"00256","vilcode11":"037449","stname":"PUNJAB","dtname":"Amritsar","sdtname":"Amritsar -I","vilname11":"Tarpai (303)","vil_lgd":37449,"dist_lgd":27,"state_lgd":3,"gp_code":237728,"gp_name":"TARPAI","subdt_lgd":256,"block_name":"MAJITHA","block_lgd":218,"Remark":null,"ac_no":null,"test":null,"shape_Length":11692.863937758824,"shape_Area":6732196.916473639}},{"arcs":[[-1494,-1440,-1446,-1157,-1218]],"type":"Polygon","properties":{"OBJECTID":341450,"vilnam_soi":"THARIEWAL","stcode11":"03","dtcode11":"049","sdtcode11":"00256","vilcode11":"037465","stname":"PUNJAB","dtname":"Amritsar","sdtname":"Amritsar -I","vilname11":"Thariwal (220)","vil_lgd":37465,"dist_lgd":27,"state_lgd":3,"gp_code":237729,"gp_name":"THARIAWAL","subdt_lgd":256,"block_name":"MAJITHA","block_lgd":218,"Remark":null,"ac_no":null,"test":null,"shape_Length":7170.959076763739,"shape_Area":2811837.730202341}},{"arcs":[[-1194,-1479,-1348]],"type":"Polygon","properties":{"OBJECTID":341451,"vilnam_soi":"THATHIAN","stcode11":"03","dtcode11":"049","sdtcode11":"00256","vilcode11":"037544","stname":"PUNJAB","dtname":"Amritsar","sdtname":"Amritsar -I","vilname11":"Thathi (141)","vil_lgd":37544,"dist_lgd":27,"state_lgd":3,"gp_code":238110,"gp_name":"THATHIAN","subdt_lgd":256,"block_name":"JANDIALA GURU","block_lgd":216,"Remark":null,"ac_no":null,"test":null,"shape_Length":5780.304009444414,"shape_Area":1805324.3186316595}},{"arcs":[[-1322,-1189,1516]],"type":"Polygon","properties":{"OBJECTID":341452,"vilnam_soi":"UMARPURA","stcode11":"03","dtcode11":"049","sdtcode11":"00256","vilcode11":"037438","stname":"PUNJAB","dtname":"Amritsar","sdtname":"Amritsar -I","vilname11":"Umarpura (319)","vil_lgd":37438,"dist_lgd":27,"state_lgd":3,"gp_code":237730,"gp_name":"UMARAPURA","subdt_lgd":256,"block_name":"MAJITHA","block_lgd":218,"Remark":null,"ac_no":null,"test":null,"shape_Length":5532.083383752464,"shape_Area":1164919.147423454}},{"arcs":[[-1137,-1304,-1272,-1491,-1515,-1437,-1288,-1497,-1369]],"type":"Polygon","properties":{"OBJECTID":341453,"vilnam_soi":"VADALA JAUHAL","stcode11":"03","dtcode11":"049","sdtcode11":"00256","vilcode11":"037550","stname":"PUNJAB","dtname":"Amritsar","sdtname":"Amritsar -I","vilname11":"Wadala Johal  (153)","vil_lgd":37550,"dist_lgd":27,"state_lgd":3,"gp_code":238113,"gp_name":"VADALA JOHAL","subdt_lgd":256,"block_name":"JANDIALA GURU","block_lgd":216,"Remark":null,"ac_no":null,"test":null,"shape_Length":18408.51258423307,"shape_Area":9938061.20037738}},{"arcs":[[-1192,-1324,-1176,-1165,-1378,-1153,-1358,1517]],"type":"Polygon","properties":{"OBJECTID":341454,"vilnam_soi":"VADALA VIRAM","stcode11":"03","dtcode11":"049","sdtcode11":"00256","vilcode11":"037436","stname":"PUNJAB","dtname":"Amritsar","sdtname":"Amritsar -I","vilname11":"Wadala Viram (321)","vil_lgd":37436,"dist_lgd":27,"state_lgd":3,"gp_code":261469,"gp_name":"DHARAMPURA","subdt_lgd":256,"block_name":"MAJITHA","block_lgd":218,"Remark":null,"ac_no":null,"test":null,"shape_Length":19193.30988799937,"shape_Area":14521068.396964852}},{"arcs":[[-1234,-1475,-1367,1518,1519,1520]],"type":"Polygon","properties":{"OBJECTID":341455,"vilnam_soi":"VALLA","stcode11":"03","dtcode11":"049","sdtcode11":"00256","vilcode11":"","stname":"PUNJAB","dtname":"Amritsar","sdtname":"Amritsar -I","vilname11":" ","vil_lgd":0,"dist_lgd":27,"state_lgd":3,"gp_code":0,"gp_name":"","subdt_lgd":256,"block_name":"VERKA","block_lgd":225,"Remark":null,"ac_no":null,"test":null,"shape_Length":14009.694851731458,"shape_Area":8086530.480948818}},{"arcs":[[-1172,-1245,-1362,-1282,-1506,-1354,-1110]],"type":"Polygon","properties":{"OBJECTID":341456,"vilnam_soi":"WARIAM NANGAL","stcode11":"03","dtcode11":"049","sdtcode11":"00256","vilcode11":"037496","stname":"PUNJAB","dtname":"Amritsar","sdtname":"Amritsar -I","vilname11":"Waryam Nangal (224)","vil_lgd":37496,"dist_lgd":27,"state_lgd":3,"gp_code":237680,"gp_name":"KHARASWALA","subdt_lgd":256,"block_name":"MAJITHA","block_lgd":218,"Remark":null,"ac_no":null,"test":null,"shape_Length":12271.272398532075,"shape_Area":6618324.600453706}},{"arcs":[[1521,1522,1523,1524,1525,1526]],"type":"Polygon","properties":{"OBJECTID":341457,"vilnam_soi":"ACHINTKOT","stcode11":"03","dtcode11":"049","sdtcode11":"00257","vilcode11":"037642","stname":"PUNJAB","dtname":"Amritsar","sdtname":"Amritsar- II","vilname11":"Achint Kot (404)","vil_lgd":37642,"dist_lgd":27,"state_lgd":3,"gp_code":245338,"gp_name":"ACHINT KOT","subdt_lgd":257,"block_name":"ATTARI","block_lgd":6621,"Remark":null,"ac_no":null,"test":null,"shape_Length":12560.47938149776,"shape_Area":4773893.049166908}},{"arcs":[[1527,1528,1529,1530,1531,1532,1533,1534,1535,1536,1537,1538,-1519,-1366,-1512,1539,1540,1541,1542,1543,1544,1545,1546,1547,1548,1549,1550,1551,1552,1553,1554,1555,1556,1557]],"type":"Polygon","properties":{"OBJECTID":341458,"vilnam_soi":"AMRITSAR CANTONMENT","stcode11":"03","dtcode11":"049","sdtcode11":"00257","vilcode11":"","stname":"PUNJAB","dtname":"Amritsar","sdtname":"Amritsar- II","vilname11":" ","vil_lgd":0,"dist_lgd":27,"state_lgd":3,"gp_code":0,"gp_name":"","subdt_lgd":257,"block_name":"VERKA","block_lgd":225,"Remark":null,"ac_no":null,"test":null,"shape_Length":76136.19962698892,"shape_Area":183966963.63377142}},{"arcs":[[1558,1559,1560,1561,1562,1563,1564,1565,-475]],"type":"Polygon","properties":{"OBJECTID":341459,"vilnam_soi":"ATARI","stcode11":"03","dtcode11":"049","sdtcode11":"00257","vilcode11":"037654","stname":"PUNJAB","dtname":"Amritsar","sdtname":"Amritsar- II","vilname11":"Attari (392)","vil_lgd":37654,"dist_lgd":27,"state_lgd":3,"gp_code":237624,"gp_name":"ATTALGARH","subdt_lgd":257,"block_name":"ATTARI","block_lgd":6621,"Remark":null,"ac_no":null,"test":null,"shape_Length":28545.8149492144,"shape_Area":14455036.606001427}},{"arcs":[[1566,1567,-1509]],"type":"Polygon","properties":{"OBJECTID":341460,"vilnam_soi":"BIRBARPUR","stcode11":"03","dtcode11":"049","sdtcode11":"00257","vilcode11":"037618","stname":"PUNJAB","dtname":"Amritsar","sdtname":"Amritsar- II","vilname11":"Birbalpura (336)","vil_lgd":37618,"dist_lgd":27,"state_lgd":3,"gp_code":237649,"gp_name":"BIRBAR PURA","subdt_lgd":257,"block_name":"MAJITHA","block_lgd":218,"Remark":null,"ac_no":null,"test":null,"shape_Length":10053.635803780946,"shape_Area":4950757.6871832535}},{"arcs":[[1568,1569,1570,-1562]],"type":"Polygon","properties":{"OBJECTID":341461,"vilnam_soi":"BAGRIAN","stcode11":"03","dtcode11":"049","sdtcode11":"00257","vilcode11":"037659","stname":"PUNJAB","dtname":"Amritsar","sdtname":"Amritsar- II","vilname11":"Bagrian (418)","vil_lgd":37659,"dist_lgd":27,"state_lgd":3,"gp_code":237626,"gp_name":"BAGRIAN","subdt_lgd":257,"block_name":"ATTARI","block_lgd":6621,"Remark":null,"ac_no":null,"test":null,"shape_Length":11525.319393610513,"shape_Area":4608634.667845278}},{"arcs":[[-1552,1571,1572,1573,1574,1575]],"type":"Polygon","properties":{"OBJECTID":341462,"vilnam_soi":"BASARKE","stcode11":"03","dtcode11":"049","sdtcode11":"00257","vilcode11":"037599","stname":"PUNJAB","dtname":"Amritsar","sdtname":"Amritsar- II","vilname11":"Basarke (358) (part)","vil_lgd":37599,"dist_lgd":27,"state_lgd":3,"gp_code":238141,"gp_name":"BASARKE","subdt_lgd":257,"block_name":"VERKA","block_lgd":225,"Remark":null,"ac_no":null,"test":null,"shape_Length":22907.365371798867,"shape_Area":7408194.670828441}},{"arcs":[[1576,1577,1578,1579,1580,1581]],"type":"Polygon","properties":{"OBJECTID":341463,"vilnam_soi":"BASARKI GILLAN","stcode11":"03","dtcode11":"049","sdtcode11":"00257","vilcode11":"037593","stname":"PUNJAB","dtname":"Amritsar","sdtname":"Amritsar- II","vilname11":"Basarke Gillan (417)","vil_lgd":37593,"dist_lgd":27,"state_lgd":3,"gp_code":238143,"gp_name":"BASARKE GILLAN","subdt_lgd":257,"block_name":"VERKA","block_lgd":225,"Remark":null,"ac_no":null,"test":null,"shape_Length":14240.838460905508,"shape_Area":8120401.250550241}},{"arcs":[[1582,1583,1584,1585,1586,1587]],"type":"Polygon","properties":{"OBJECTID":341464,"vilnam_soi":"BAHORU","stcode11":"03","dtcode11":"049","sdtcode11":"00257","vilcode11":"037584","stname":"PUNJAB","dtname":"Amritsar","sdtname":"Amritsar- II","vilname11":"Bohru (269)","vil_lgd":37584,"dist_lgd":27,"state_lgd":3,"gp_code":238144,"gp_name":"BOHRU","subdt_lgd":257,"block_name":"VERKA","block_lgd":225,"Remark":null,"ac_no":null,"test":null,"shape_Length":11680.84067817555,"shape_Area":5375791.17468091}},{"arcs":[[1588,1589,1590,-20]],"type":"Polygon","properties":{"OBJECTID":341465,"vilnam_soi":"BAL","stcode11":"03","dtcode11":"049","sdtcode11":"00257","vilcode11":"037623","stname":"PUNJAB","dtname":"Amritsar","sdtname":"Amritsar- II","vilname11":"Bal (345)","vil_lgd":37623,"dist_lgd":27,"state_lgd":3,"gp_code":238140,"gp_name":"BAL","subdt_lgd":257,"block_name":"VERKA","block_lgd":225,"Remark":null,"ac_no":null,"test":null,"shape_Length":7421.556437627559,"shape_Area":1941296.0417547682}},{"arcs":[[-1460,1591,1592,1593,1594,1595,-1567,-1508]],"type":"Polygon","properties":{"OBJECTID":341466,"vilnam_soi":"BAL KALAN","stcode11":"03","dtcode11":"049","sdtcode11":"00257","vilcode11":"037614","stname":"PUNJAB","dtname":"Amritsar","sdtname":"Amritsar- II","vilname11":"Bal Kalan (340)","vil_lgd":37614,"dist_lgd":27,"state_lgd":3,"gp_code":238138,"gp_name":"BAL KALAN","subdt_lgd":257,"block_name":"VERKA","block_lgd":225,"Remark":null,"ac_no":null,"test":null,"shape_Length":21820.27232990871,"shape_Area":16164325.157011127}},{"arcs":[[1596,-1593,1597,1598]],"type":"Polygon","properties":{"OBJECTID":341467,"vilnam_soi":"BAL KHURD","stcode11":"03","dtcode11":"049","sdtcode11":"00257","vilcode11":"037617","stname":"PUNJAB","dtname":"Amritsar","sdtname":"Amritsar- II","vilname11":"Bal Khurd (339)","vil_lgd":37617,"dist_lgd":27,"state_lgd":3,"gp_code":238139,"gp_name":"BAL KHURD","subdt_lgd":257,"block_name":"VERKA","block_lgd":225,"Remark":null,"ac_no":null,"test":null,"shape_Length":6808.435704717317,"shape_Area":2732010.1156337797}},{"arcs":[[-1481,1599,-1201,1600,1601,1602]],"type":"Polygon","properties":{"OBJECTID":341468,"vilnam_soi":"BANCHARI","stcode11":"03","dtcode11":"049","sdtcode11":"00257","vilcode11":"037578","stname":"PUNJAB","dtname":"Amritsar","sdtname":"Amritsar- II","vilname11":"Wanchari (265)","vil_lgd":37578,"dist_lgd":27,"state_lgd":3,"gp_code":238055,"gp_name":"VANCHARI","subdt_lgd":257,"block_name":"JANDIALA GURU","block_lgd":216,"Remark":null,"ac_no":null,"test":null,"shape_Length":10627.984917049427,"shape_Area":6235973.16473408}},{"arcs":[[-1541,1603]],"type":"Polygon","properties":{"OBJECTID":341469,"vilnam_soi":"BHAGATPURA","stcode11":"03","dtcode11":"049","sdtcode11":"00257","vilcode11":"037572","stname":"PUNJAB","dtname":"Amritsar","sdtname":"Amritsar- II","vilname11":"Bhagtupura (260) (part)","vil_lgd":37572,"dist_lgd":27,"state_lgd":3,"gp_code":238061,"gp_name":"BHAGTUPURA","subdt_lgd":257,"block_name":"JANDIALA GURU","block_lgd":216,"Remark":null,"ac_no":null,"test":null,"shape_Length":7680.116308032766,"shape_Area":2609173.506855722}},{"arcs":[[1604,1605,1606,1607,1608]],"type":"Polygon","properties":{"OBJECTID":341470,"vilnam_soi":"BHAINI RAJPUTAN","stcode11":"03","dtcode11":"049","sdtcode11":"00257","vilcode11":"037667","stname":"PUNJAB","dtname":"Amritsar","sdtname":"Amritsar- II","vilname11":"Bhaini Rajputtan (425)","vil_lgd":37667,"dist_lgd":27,"state_lgd":3,"gp_code":245339,"gp_name":"BHAINI RAJPUTAN","subdt_lgd":257,"block_name":"ATTARI","block_lgd":6621,"Remark":null,"ac_no":null,"test":null,"shape_Length":8648.45617330745,"shape_Area":4003499.4223809126}},{"arcs":[[1609,1610,1611,-1580,1612,1613,1614,1615,1616,1617]],"type":"Polygon","properties":{"OBJECTID":341471,"vilnam_soi":"BHAKNA KALAN","stcode11":"03","dtcode11":"049","sdtcode11":"00257","vilcode11":"037635","stname":"PUNJAB","dtname":"Amritsar","sdtname":"Amritsar- II","vilname11":"Bhakna kalan (408)","vil_lgd":37635,"dist_lgd":27,"state_lgd":3,"gp_code":245341,"gp_name":"BHAKANA KALAN","subdt_lgd":257,"block_name":"ATTARI","block_lgd":6621,"Remark":null,"ac_no":null,"test":null,"shape_Length":16213.790168601874,"shape_Area":6642387.687847307}},{"arcs":[[-1616,1618,1619,1620,1621,1622,1623,1624]],"type":"Polygon","properties":{"OBJECTID":341472,"vilnam_soi":"BHAKNA KHURD","stcode11":"03","dtcode11":"049","sdtcode11":"00257","vilcode11":"037638","stname":"PUNJAB","dtname":"Amritsar","sdtname":"Amritsar- II","vilname11":"Chicha (414)","vil_lgd":37638,"dist_lgd":27,"state_lgd":3,"gp_code":245342,"gp_name":"CHEECHA","subdt_lgd":257,"block_name":"ATTARI","block_lgd":6621,"Remark":null,"ac_no":null,"test":null,"shape_Length":27745.54326888725,"shape_Area":20582905.355124783}},{"arcs":[[1625,1626,-1606]],"type":"Polygon","properties":{"OBJECTID":341473,"vilnam_soi":"BHAROPAL","stcode11":"03","dtcode11":"049","sdtcode11":"00257","vilcode11":"037669","stname":"PUNJAB","dtname":"Amritsar","sdtname":"Amritsar- II","vilname11":"Bharopal (427)","vil_lgd":37669,"dist_lgd":27,"state_lgd":3,"gp_code":245340,"gp_name":"BHAROPAL","subdt_lgd":257,"block_name":"ATTARI","block_lgd":6621,"Remark":null,"ac_no":null,"test":null,"shape_Length":8660.713303338967,"shape_Area":4462169.720583483}},{"arcs":[[1627,1628,-1584,1629]],"type":"Polygon","properties":{"OBJECTID":341474,"vilnam_soi":"BODH","stcode11":"03","dtcode11":"049","sdtcode11":"00257","vilcode11":"037583","stname":"PUNJAB","dtname":"Amritsar","sdtname":"Amritsar- II","vilname11":"Bohad (276)","vil_lgd":37583,"dist_lgd":27,"state_lgd":3,"gp_code":238146,"gp_name":"BODH","subdt_lgd":257,"block_name":"VERKA","block_lgd":225,"Remark":null,"ac_no":null,"test":null,"shape_Length":5083.480866885861,"shape_Area":1353183.698516102}},{"arcs":[[-1202,-1600,-1480]],"type":"Polygon","properties":{"OBJECTID":341475,"vilnam_soi":"BUT","stcode11":"03","dtcode11":"049","sdtcode11":"00257","vilcode11":"037577","stname":"PUNJAB","dtname":"Amritsar","sdtname":"Amritsar- II","vilname11":"But (140)","vil_lgd":37577,"dist_lgd":27,"state_lgd":3,"gp_code":238059,"gp_name":"BUTT","subdt_lgd":257,"block_name":"JANDIALA GURU","block_lgd":216,"Remark":null,"ac_no":null,"test":null,"shape_Length":7099.055384461991,"shape_Area":2437882.172231562}},{"arcs":[[1630,1631,1632,1633,1634,1635,-1543]],"type":"Polygon","properties":{"OBJECTID":341476,"vilnam_soi":"CHATIWIND","stcode11":"03","dtcode11":"049","sdtcode11":"00257","vilcode11":"037569","stname":"PUNJAB","dtname":"Amritsar","sdtname":"Amritsar- II","vilname11":"Chatiwind   (278)","vil_lgd":37569,"dist_lgd":27,"state_lgd":3,"gp_code":245336,"gp_name":"CHATIWIND","subdt_lgd":257,"block_name":"JANDIALA GURU","block_lgd":216,"Remark":null,"ac_no":null,"test":null,"shape_Length":12578.868389479929,"shape_Area":7637269.93495738}},{"arcs":[[1636,1637,1638,1639,-1634]],"type":"Polygon","properties":{"OBJECTID":341477,"vilnam_soi":"CHABBA","stcode11":"03","dtcode11":"049","sdtcode11":"00257","vilcode11":"037581","stname":"PUNJAB","dtname":"Amritsar","sdtname":"Amritsar- II","vilname11":"Chabba (2670","vil_lgd":37581,"dist_lgd":27,"state_lgd":3,"gp_code":238149,"gp_name":"CHABBA","subdt_lgd":257,"block_name":"VERKA","block_lgd":225,"Remark":null,"ac_no":null,"test":null,"shape_Length":16035.721372264468,"shape_Area":12051419.071623936}},{"arcs":[[1640,1641]],"type":"Polygon","properties":{"OBJECTID":341478,"vilnam_soi":"CHAK  JHANJARPUR","stcode11":"03","dtcode11":"049","sdtcode11":"00257","vilcode11":"","stname":"PUNJAB","dtname":"Amritsar","sdtname":"Amritsar- II","vilname11":" ","vil_lgd":0,"dist_lgd":27,"state_lgd":3,"gp_code":0,"gp_name":"","subdt_lgd":257,"block_name":"ATTARI","block_lgd":6621,"Remark":null,"ac_no":null,"test":null,"shape_Length":2358.948008533079,"shape_Area":145188.4522008615}},{"arcs":[[-1565,1642,1643,1644]],"type":"Polygon","properties":{"OBJECTID":341479,"vilnam_soi":"CHAK DHANOE KHURD","stcode11":"03","dtcode11":"049","sdtcode11":"00257","vilcode11":"037652","stname":"PUNJAB","dtname":"Amritsar","sdtname":"Amritsar- II","vilname11":"Hardo Rattan (391)","vil_lgd":37652,"dist_lgd":27,"state_lgd":3,"gp_code":238287,"gp_name":"HARDO RATTAN","subdt_lgd":257,"block_name":"ATTARI","block_lgd":6621,"Remark":null,"ac_no":null,"test":null,"shape_Length":9092.484307724677,"shape_Area":3879663.919593842}},{"arcs":[[1645,1646,-1618,1647,1648]],"type":"Polygon","properties":{"OBJECTID":341480,"vilnam_soi":"CHAK MUKAND","stcode11":"03","dtcode11":"049","sdtcode11":"00257","vilcode11":"037632","stname":"PUNJAB","dtname":"Amritsar","sdtname":"Amritsar- II","vilname11":"Chakmukand (363)","vil_lgd":37632,"dist_lgd":27,"state_lgd":3,"gp_code":238148,"gp_name":"CHAK MUKAND","subdt_lgd":257,"block_name":"VERKA","block_lgd":225,"Remark":null,"ac_no":null,"test":null,"shape_Length":9741.023593613027,"shape_Area":5870200.929219495}},{"type":null,"properties":{"OBJECTID":341481,"vilnam_soi":"CHAK RANIKE","stcode11":"03","dtcode11":"049","sdtcode11":"00257","vilcode11":"037647","stname":"PUNJAB","dtname":"Amritsar","sdtname":"Amritsar- II","vilname11":"Ranike (395)","vil_lgd":37647,"dist_lgd":27,"state_lgd":3,"gp_code":237633,"gp_name":"RANIKE","subdt_lgd":257,"block_name":"ATTARI","block_lgd":6621,"Remark":null,"ac_no":null,"test":null,"shape_Length":1982.25491054463,"shape_Area":180665.8894218757}},{"arcs":[[-1607,-1627,1649]],"type":"Polygon","properties":{"OBJECTID":341482,"vilnam_soi":"DAOKE","stcode11":"03","dtcode11":"049","sdtcode11":"00257","vilcode11":"037668","stname":"PUNJAB","dtname":"Amritsar","sdtname":"Amritsar- II","vilname11":" Daoke  (426)","vil_lgd":37668,"dist_lgd":27,"state_lgd":3,"gp_code":245344,"gp_name":"DAOKE","subdt_lgd":257,"block_name":"ATTARI","block_lgd":6621,"Remark":null,"ac_no":null,"test":null,"shape_Length":14927.836641974824,"shape_Area":5886597.146604118}},{"arcs":[[1650,-1559,-474,1651]],"type":"Polygon","properties":{"OBJECTID":341483,"vilnam_soi":"DANDE","stcode11":"03","dtcode11":"049","sdtcode11":"00257","vilcode11":"037648","stname":"PUNJAB","dtname":"Amritsar","sdtname":"Amritsar- II","vilname11":"Dande (394)","vil_lgd":37648,"dist_lgd":27,"state_lgd":3,"gp_code":238285,"gp_name":"DANDE","subdt_lgd":257,"block_name":"ATTARI","block_lgd":6621,"Remark":null,"ac_no":null,"test":null,"shape_Length":10970.981190244502,"shape_Area":2975138.821633475}},{"arcs":[[1652,1653,1654,-872,-871,-91]],"type":"Polygon","properties":{"OBJECTID":341484,"vilnam_soi":"DHANOYA KALAN","stcode11":"03","dtcode11":"049","sdtcode11":"00257","vilcode11":"037650","stname":"PUNJAB","dtname":"Amritsar","sdtname":"Amritsar- II","vilname11":"Dhanoia Kalan  (388)","vil_lgd":37650,"dist_lgd":27,"state_lgd":3,"gp_code":237627,"gp_name":"DHANOE KALAN","subdt_lgd":257,"block_name":"ATTARI","block_lgd":6621,"Remark":null,"ac_no":null,"test":null,"shape_Length":13862.93203216409,"shape_Area":8311557.727788497}},{"arcs":[[1655,-1644,1656,-1654]],"type":"Polygon","properties":{"OBJECTID":341485,"vilnam_soi":"DHANOYA KHURD","stcode11":"03","dtcode11":"049","sdtcode11":"00257","vilcode11":"037651","stname":"PUNJAB","dtname":"Amritsar","sdtname":"Amritsar- II","vilname11":"Dhanoia Khurd (389)","vil_lgd":37651,"dist_lgd":27,"state_lgd":3,"gp_code":238284,"gp_name":"DHANOE KHURD","subdt_lgd":257,"block_name":"ATTARI","block_lgd":6621,"Remark":null,"ac_no":null,"test":null,"shape_Length":9520.990771022836,"shape_Area":3609377.941065135}},{"arcs":[[-1581,-1612,1657,1658,-1575,1659,1660]],"type":"Polygon","properties":{"OBJECTID":341486,"vilnam_soi":"DHATTAL","stcode11":"03","dtcode11":"049","sdtcode11":"00257","vilcode11":"037592","stname":"PUNJAB","dtname":"Amritsar","sdtname":"Amritsar- II","vilname11":"Dhatal (360)","vil_lgd":37592,"dist_lgd":27,"state_lgd":3,"gp_code":238150,"gp_name":"DHATTAL","subdt_lgd":257,"block_name":"VERKA","block_lgd":225,"Remark":null,"ac_no":null,"test":null,"shape_Length":9729.818339094712,"shape_Area":3375252.0401387545}},{"arcs":[[-1040,1661,1662,1663,1664,1665]],"type":"Polygon","properties":{"OBJECTID":341487,"vilnam_soi":"DHAUL KALAN","stcode11":"03","dtcode11":"049","sdtcode11":"00257","vilcode11":"037628","stname":"PUNJAB","dtname":"Amritsar","sdtname":"Amritsar- II","vilname11":"Dhaul Kalan (350)","vil_lgd":37628,"dist_lgd":27,"state_lgd":3,"gp_code":238151,"gp_name":"DHAUL KALAN","subdt_lgd":257,"block_name":"VERKA","block_lgd":225,"Remark":null,"ac_no":null,"test":null,"shape_Length":10898.705797248887,"shape_Area":4899794.735912592}},{"arcs":[[-1041,-1666,1666,1667,-735,-801,1668]],"type":"Polygon","properties":{"OBJECTID":341488,"vilnam_soi":"DHAUL KHURD","stcode11":"03","dtcode11":"049","sdtcode11":"00257","vilcode11":"037630","stname":"PUNJAB","dtname":"Amritsar","sdtname":"Amritsar- II","vilname11":"Dhaul Khurd (352)","vil_lgd":37630,"dist_lgd":27,"state_lgd":3,"gp_code":238152,"gp_name":"DHAUL KHURD","subdt_lgd":257,"block_name":"VERKA","block_lgd":225,"Remark":null,"ac_no":null,"test":null,"shape_Length":10949.107270862032,"shape_Area":4194546.531096546}},{"arcs":[[1669,1670,1671,1672]],"type":"Polygon","properties":{"OBJECTID":341489,"vilnam_soi":"DHONDIWIND","stcode11":"03","dtcode11":"049","sdtcode11":"00257","vilcode11":"037645","stname":"PUNJAB","dtname":"Amritsar","sdtname":"Amritsar- II","vilname11":"Dhodiwind (400)","vil_lgd":37645,"dist_lgd":27,"state_lgd":3,"gp_code":238286,"gp_name":"DHODIWIND","subdt_lgd":257,"block_name":"ATTARI","block_lgd":6621,"Remark":null,"ac_no":null,"test":null,"shape_Length":5181.249550878156,"shape_Area":1067736.3346098675}},{"arcs":[[1673,-1548,1674]],"type":"Polygon","properties":{"OBJECTID":341490,"vilnam_soi":"FATAHPUR","stcode11":"03","dtcode11":"049","sdtcode11":"00257","vilcode11":"","stname":"PUNJAB","dtname":"Amritsar","sdtname":"Amritsar- II","vilname11":" ","vil_lgd":0,"dist_lgd":27,"state_lgd":3,"gp_code":0,"gp_name":"","subdt_lgd":257,"block_name":"VERKA","block_lgd":225,"Remark":null,"ac_no":null,"test":null,"shape_Length":2473.8436104585244,"shape_Area":327834.7096633875}},{"arcs":[[-1538,1675,1676,1677,-1433,-1471,-1236,1678,1679]],"type":"Polygon","properties":{"OBJECTID":341491,"vilnam_soi":"FATEHGARH SUKARCHAK","stcode11":"03","dtcode11":"049","sdtcode11":"00257","vilcode11":"037607","stname":"PUNJAB","dtname":"Amritsar","sdtname":"Amritsar- II","vilname11":"Fatehgarh Shukarchak (252)","vil_lgd":37607,"dist_lgd":27,"state_lgd":3,"gp_code":238153,"gp_name":"FATEGARH SHUKAR CHAK","subdt_lgd":257,"block_name":"VERKA","block_lgd":225,"Remark":null,"ac_no":null,"test":null,"shape_Length":15391.280120349862,"shape_Area":12705176.604895562}},{"arcs":[[1680,1681,1682,1683]],"type":"Polygon","properties":{"OBJECTID":341492,"vilnam_soi":"GALLUWALA","stcode11":"03","dtcode11":"049","sdtcode11":"00257","vilcode11":"037665","stname":"PUNJAB","dtname":"Amritsar","sdtname":"Amritsar- II","vilname11":"Galluwal (423)","vil_lgd":37665,"dist_lgd":27,"state_lgd":3,"gp_code":245347,"gp_name":"GALLUWAL","subdt_lgd":257,"block_name":"ATTARI","block_lgd":6621,"Remark":null,"ac_no":null,"test":null,"shape_Length":6001.939521869546,"shape_Area":1826237.700310451}},{"arcs":[[-1526,1684,1685,1686,-992,1687]],"type":"Polygon","properties":{"OBJECTID":341493,"vilnam_soi":"GHARENDA","stcode11":"03","dtcode11":"049","sdtcode11":"00257","vilcode11":"037644","stname":"PUNJAB","dtname":"Amritsar","sdtname":"Amritsar- II","vilname11":"Gharinda  (402)","vil_lgd":37644,"dist_lgd":27,"state_lgd":3,"gp_code":245345,"gp_name":"GHARINDA","subdt_lgd":257,"block_name":"ATTARI","block_lgd":6621,"Remark":null,"ac_no":null,"test":null,"shape_Length":11045.599086993921,"shape_Area":6734372.82484751}},{"arcs":[[-1525,1688,-1670,1689,-1685]],"type":"Polygon","properties":{"OBJECTID":341494,"vilnam_soi":"GHARENDI","stcode11":"03","dtcode11":"049","sdtcode11":"00257","vilcode11":"037643","stname":"PUNJAB","dtname":"Amritsar","sdtname":"Amritsar- II","vilname11":"Gharindi (403)","vil_lgd":37643,"dist_lgd":27,"state_lgd":3,"gp_code":245346,"gp_name":"GHARINDI","subdt_lgd":257,"block_name":"ATTARI","block_lgd":6621,"Remark":null,"ac_no":null,"test":null,"shape_Length":9416.008938554936,"shape_Area":4386596.252570447}},{"arcs":[[-1665,1690,-1667]],"type":"Polygon","properties":{"OBJECTID":341495,"vilnam_soi":"GHAUSABAD","stcode11":"03","dtcode11":"049","sdtcode11":"00257","vilcode11":"037602","stname":"PUNJAB","dtname":"Amritsar","sdtname":"Amritsar- II","vilname11":"Gaunsabad (353)","vil_lgd":37602,"dist_lgd":27,"state_lgd":3,"gp_code":238156,"gp_name":"GOUNSABAD","subdt_lgd":257,"block_name":"VERKA","block_lgd":225,"Remark":null,"ac_no":null,"test":null,"shape_Length":7416.170176645269,"shape_Area":2655520.609520401}},{"arcs":[[1691,-1635,-1640,1692,-1628,1693,1694,1695,1696,-1545]],"type":"Polygon","properties":{"OBJECTID":341496,"vilnam_soi":"GILWALI","stcode11":"03","dtcode11":"049","sdtcode11":"00257","vilcode11":"037568","stname":"PUNJAB","dtname":"Amritsar","sdtname":"Amritsar- II","vilname11":"Gilwali Alias Guruwali(277)","vil_lgd":37568,"dist_lgd":27,"state_lgd":3,"gp_code":238154,"gp_name":"GURUWALI","subdt_lgd":257,"block_name":"VERKA","block_lgd":225,"Remark":null,"ac_no":null,"test":null,"shape_Length":11400.160624956005,"shape_Area":8022329.690006221}},{"arcs":[[[-1576,-1659,1697,1698,1699,-1553]],[[1700,-1660,-1574]]],"type":"MultiPolygon","properties":{"OBJECTID":341497,"vilnam_soi":"GUMANPURA","stcode11":"03","dtcode11":"049","sdtcode11":"00257","vilcode11":"037686","stname":"PUNJAB","dtname":"Amritsar","sdtname":"Amritsar- II","vilname11":"Village Ghumanpura (OG)","vil_lgd":37686,"dist_lgd":27,"state_lgd":3,"gp_code":238137,"gp_name":"BHAINI","subdt_lgd":257,"block_name":"VERKA","block_lgd":225,"Remark":null,"ac_no":null,"test":null,"shape_Length":24773.689741345323,"shape_Area":9807549.144143233}},{"arcs":[[1701,-1530]],"type":"Polygon","properties":{"OBJECTID":341498,"vilnam_soi":"GUMTALA","stcode11":"03","dtcode11":"049","sdtcode11":"00257","vilcode11":"037604","stname":"PUNJAB","dtname":"Amritsar","sdtname":"Amritsar- II","vilname11":"Gumtala Sub Urban  (370) (part)","vil_lgd":37604,"dist_lgd":27,"state_lgd":3,"gp_code":238136,"gp_name":"ABADI RANJIT VIHAR","subdt_lgd":257,"block_name":"VERKA","block_lgd":225,"Remark":null,"ac_no":null,"test":null,"shape_Length":4963.134863529213,"shape_Area":1197004.330540306}},{"arcs":[[1702,1703,-1522,1704,-1623]],"type":"Polygon","properties":{"OBJECTID":341499,"vilnam_soi":"HOSHIARNAGAR","stcode11":"03","dtcode11":"049","sdtcode11":"00257","vilcode11":"037640","stname":"PUNJAB","dtname":"Amritsar","sdtname":"Amritsar- II","vilname11":"Hoshiar Nagar (406)","vil_lgd":37640,"dist_lgd":27,"state_lgd":3,"gp_code":245348,"gp_name":"HOSHIAR NAGAR","subdt_lgd":257,"block_name":"ATTARI","block_lgd":6621,"Remark":null,"ac_no":null,"test":null,"shape_Length":16623.020365205924,"shape_Area":8967253.282272859}},{"arcs":[[-1674,1705,-1695,1706,-1588,1707,1708,-1549]],"type":"Polygon","properties":{"OBJECTID":341500,"vilnam_soi":"IBBAN KALAN","stcode11":"03","dtcode11":"049","sdtcode11":"00257","vilcode11":"037587","stname":"PUNJAB","dtname":"Amritsar","sdtname":"Amritsar- II","vilname11":"Iban Kalan (275)","vil_lgd":37587,"dist_lgd":27,"state_lgd":3,"gp_code":238159,"gp_name":"IBBAN KALAN","subdt_lgd":257,"block_name":"VERKA","block_lgd":225,"Remark":null,"ac_no":null,"test":null,"shape_Length":13831.665047890967,"shape_Area":7023390.688454955}},{"arcs":[[-1694,-1630,-1583,-1707]],"type":"Polygon","properties":{"OBJECTID":341501,"vilnam_soi":"IBBAN KHURD","stcode11":"03","dtcode11":"049","sdtcode11":"00257","vilcode11":"037586","stname":"PUNJAB","dtname":"Amritsar","sdtname":"Amritsar- II","vilname11":"Iban Khurd (274)","vil_lgd":37586,"dist_lgd":27,"state_lgd":3,"gp_code":238160,"gp_name":"IBBAN KHURD","subdt_lgd":257,"block_name":"VERKA","block_lgd":225,"Remark":null,"ac_no":null,"test":null,"shape_Length":7485.568229953728,"shape_Area":2304513.567856098}},{"arcs":[[-1499,-1514,1709,1710,1711,-1381,-1412]],"type":"Polygon","properties":{"OBJECTID":341502,"vilnam_soi":"JAGATPUR BAZAZ","stcode11":"03","dtcode11":"049","sdtcode11":"00257","vilcode11":"037609","stname":"PUNJAB","dtname":"Amritsar","sdtname":"Amritsar- II","vilname11":"Jagatpur Bajaj (248)","vil_lgd":37609,"dist_lgd":27,"state_lgd":3,"gp_code":237672,"gp_name":"JAGATPUR BAJAJ","subdt_lgd":257,"block_name":"MAJITHA","block_lgd":218,"Remark":null,"ac_no":null,"test":null,"shape_Length":9304.533533452503,"shape_Area":4145808.828894252}},{"arcs":[[-1404,1712,1713,-1458]],"type":"Polygon","properties":{"OBJECTID":341503,"vilnam_soi":"JAHANGIR","stcode11":"03","dtcode11":"049","sdtcode11":"00257","vilcode11":"037613","stname":"PUNJAB","dtname":"Amritsar","sdtname":"Amritsar- II","vilname11":"Jahangir (287)","vil_lgd":37613,"dist_lgd":27,"state_lgd":3,"gp_code":238162,"gp_name":"JAHANGIR","subdt_lgd":257,"block_name":"VERKA","block_lgd":225,"Remark":null,"ac_no":null,"test":null,"shape_Length":11627.68526199852,"shape_Area":5480124.331877941}},{"arcs":[[1714,1715,-1684,1716,1717]],"type":"Polygon","properties":{"OBJECTID":341504,"vilnam_soi":"JATHAUL","stcode11":"03","dtcode11":"049","sdtcode11":"00257","vilcode11":"037664","stname":"PUNJAB","dtname":"Amritsar","sdtname":"Amritsar- II","vilname11":"Jathaul (422)","vil_lgd":37664,"dist_lgd":27,"state_lgd":3,"gp_code":245350,"gp_name":"JATHOL","subdt_lgd":257,"block_name":"ATTARI","block_lgd":6621,"Remark":null,"ac_no":null,"test":null,"shape_Length":7238.427106919347,"shape_Area":2869180.668581257}},{"arcs":[[1718,1719,1720,-1434,-1678,1721,-1402,-1317]],"type":"Polygon","properties":{"OBJECTID":341505,"vilnam_soi":"JETHUWAL","stcode11":"03","dtcode11":"049","sdtcode11":"00257","vilcode11":"037611","stname":"PUNJAB","dtname":"Amritsar","sdtname":"Amritsar- II","vilname11":"Jethuwal (246)","vil_lgd":37611,"dist_lgd":27,"state_lgd":3,"gp_code":237677,"gp_name":"JATHUWAL","subdt_lgd":257,"block_name":"MAJITHA","block_lgd":218,"Remark":null,"ac_no":null,"test":null,"shape_Length":11033.65120830437,"shape_Area":7487733.053876585}},{"arcs":[[-1686,-1690,-1673,1722,1723,1724]],"type":"Polygon","properties":{"OBJECTID":341506,"vilnam_soi":"JHANJARPUR","stcode11":"03","dtcode11":"049","sdtcode11":"00257","vilcode11":"037656","stname":"PUNJAB","dtname":"Amritsar","sdtname":"Amritsar- II","vilname11":"Jhanjarpur (399)","vil_lgd":37656,"dist_lgd":27,"state_lgd":3,"gp_code":238286,"gp_name":"DHODIWIND","subdt_lgd":257,"block_name":"ATTARI","block_lgd":6621,"Remark":null,"ac_no":null,"test":null,"shape_Length":6916.037679719265,"shape_Area":1426032.5043005527}},{"arcs":[[-1418,-1187,-1484,1725,1726,-1631,-1542,-1604,-1540,-1511]],"type":"Polygon","properties":{"OBJECTID":341507,"vilnam_soi":"JHITA KALAN","stcode11":"03","dtcode11":"049","sdtcode11":"00257","vilcode11":"037576","stname":"PUNJAB","dtname":"Amritsar","sdtname":"Amritsar- II","vilname11":"Jhita Kalan (262)","vil_lgd":37576,"dist_lgd":27,"state_lgd":3,"gp_code":243949,"gp_name":"BABA GANI SHAH","subdt_lgd":257,"block_name":"JANDIALA GURU","block_lgd":216,"Remark":null,"ac_no":null,"test":null,"shape_Length":26705.533289680203,"shape_Area":10956862.08774895}},{"arcs":[[1727,1728,-1726,-1483]],"type":"Polygon","properties":{"OBJECTID":341508,"vilnam_soi":"JHITA KHURD","stcode11":"03","dtcode11":"049","sdtcode11":"00257","vilcode11":"037571","stname":"PUNJAB","dtname":"Amritsar","sdtname":"Amritsar- II","vilname11":"Jhita Khurd (261)","vil_lgd":37571,"dist_lgd":27,"state_lgd":3,"gp_code":238077,"gp_name":"JHITA KHURD","subdt_lgd":257,"block_name":"JANDIALA GURU","block_lgd":216,"Remark":null,"ac_no":null,"test":null,"shape_Length":5718.936399463397,"shape_Area":1461803.2504304266}},{"arcs":[[1729,1730,-1703,-1622,1731]],"type":"Polygon","properties":{"OBJECTID":341509,"vilnam_soi":"KALLEWALA","stcode11":"03","dtcode11":"049","sdtcode11":"00257","vilcode11":"037661","stname":"PUNJAB","dtname":"Amritsar","sdtname":"Amritsar- II","vilname11":"Kalewala (407)","vil_lgd":37661,"dist_lgd":27,"state_lgd":3,"gp_code":245351,"gp_name":"KALHEWAL","subdt_lgd":257,"block_name":"ATTARI","block_lgd":6621,"Remark":null,"ac_no":null,"test":null,"shape_Length":10545.903090340802,"shape_Area":4562504.75455223}},{"arcs":[[-1662,-1039,1732,1733,-1556,1734]],"type":"Polygon","properties":{"OBJECTID":341510,"vilnam_soi":"KAMBO","stcode11":"03","dtcode11":"049","sdtcode11":"00257","vilcode11":"037626","stname":"PUNJAB","dtname":"Amritsar","sdtname":"Amritsar- II","vilname11":"Kamboh (348) (Part)","vil_lgd":37626,"dist_lgd":27,"state_lgd":3,"gp_code":238135,"gp_name":"ABADI SUNDER NAGAR","subdt_lgd":257,"block_name":"VERKA","block_lgd":225,"Remark":null,"ac_no":null,"test":null,"shape_Length":11307.487807447495,"shape_Area":5541790.606816681}},{"arcs":[[-1671,-1689,-1524,1735,-1569,-1561,1736]],"type":"Polygon","properties":{"OBJECTID":341511,"vilnam_soi":"KAONKE","stcode11":"03","dtcode11":"049","sdtcode11":"00257","vilcode11":"037657","stname":"PUNJAB","dtname":"Amritsar","sdtname":"Amritsar- II","vilname11":"Kaunke (398)","vil_lgd":37657,"dist_lgd":27,"state_lgd":3,"gp_code":237628,"gp_name":"KAONKE","subdt_lgd":257,"block_name":"ATTARI","block_lgd":6621,"Remark":null,"ac_no":null,"test":null,"shape_Length":12676.135385215914,"shape_Area":5642839.28165799}},{"arcs":[[-1551,1737,1738,1739,-1572]],"type":"Polygon","properties":{"OBJECTID":341512,"vilnam_soi":"KHAPAR KHERI","stcode11":"03","dtcode11":"049","sdtcode11":"00257","vilcode11":"037589","stname":"PUNJAB","dtname":"Amritsar","sdtname":"Amritsar- II","vilname11":"Khapar Kheri (272)","vil_lgd":37589,"dist_lgd":27,"state_lgd":3,"gp_code":238167,"gp_name":"KHAPAR KHERI","subdt_lgd":257,"block_name":"VERKA","block_lgd":225,"Remark":null,"ac_no":null,"test":null,"shape_Length":14330.603978874366,"shape_Area":7386393.377799498}},{"arcs":[[-436,1740,-1648,-1617,-1625,1741]],"type":"Polygon","properties":{"OBJECTID":341513,"vilnam_soi":"KHASA","stcode11":"03","dtcode11":"049","sdtcode11":"00257","vilcode11":"037633","stname":"PUNJAB","dtname":"Amritsar","sdtname":"Amritsar- II","vilname11":"Khasa (365)","vil_lgd":37633,"dist_lgd":27,"state_lgd":3,"gp_code":245357,"gp_name":"KHASA","subdt_lgd":257,"block_name":"VERKA","block_lgd":225,"Remark":null,"ac_no":null,"test":null,"shape_Length":10371.365304153638,"shape_Area":5125480.764162153}},{"arcs":[[-1735,-1555,1742,-1663]],"type":"Polygon","properties":{"OBJECTID":341514,"vilnam_soi":"KHAIRABAD","stcode11":"03","dtcode11":"049","sdtcode11":"00257","vilcode11":"037627","stname":"PUNJAB","dtname":"Amritsar","sdtname":"Amritsar- II","vilname11":"Kherabad (349) (part)","vil_lgd":37627,"dist_lgd":27,"state_lgd":3,"gp_code":238165,"gp_name":"KHAIRABAD","subdt_lgd":257,"block_name":"VERKA","block_lgd":225,"Remark":null,"ac_no":null,"test":null,"shape_Length":8504.767620976898,"shape_Area":2084182.4606122877}},{"arcs":[[1743,-1717,-1683,1744,-1730]],"type":"Polygon","properties":{"OBJECTID":341515,"vilnam_soi":"KHAIRE","stcode11":"03","dtcode11":"049","sdtcode11":"00257","vilcode11":"037663","stname":"PUNJAB","dtname":"Amritsar","sdtname":"Amritsar- II","vilname11":"Khera (420)","vil_lgd":37663,"dist_lgd":27,"state_lgd":3,"gp_code":245358,"gp_name":"KHEHRA","subdt_lgd":257,"block_name":"ATTARI","block_lgd":6621,"Remark":null,"ac_no":null,"test":null,"shape_Length":7731.363684648224,"shape_Area":3453669.3377377433}},{"arcs":[[-1550,-1709,1745,-1738]],"type":"Polygon","properties":{"OBJECTID":341516,"vilnam_soi":"KIRTANGARH","stcode11":"03","dtcode11":"049","sdtcode11":"00257","vilcode11":"037588","stname":"PUNJAB","dtname":"Amritsar","sdtname":"Amritsar- II","vilname11":"Thanda  (273) (Part)","vil_lgd":37588,"dist_lgd":27,"state_lgd":3,"gp_code":238201,"gp_name":"KIRTANGARH","subdt_lgd":257,"block_name":"VERKA","block_lgd":225,"Remark":null,"ac_no":null,"test":null,"shape_Length":9204.07319526224,"shape_Area":4891739.605616281}},{"arcs":[[-1042,-1669,-800,-1049]],"type":"Polygon","properties":{"OBJECTID":341517,"vilnam_soi":"KOTLA DALSINGH","stcode11":"03","dtcode11":"049","sdtcode11":"00257","vilcode11":"037629","stname":"PUNJAB","dtname":"Amritsar","sdtname":"Amritsar- II","vilname11":"Kotla Dal Singh (351)","vil_lgd":37629,"dist_lgd":27,"state_lgd":3,"gp_code":238169,"gp_name":"KOTLA DAL SINGH","subdt_lgd":257,"block_name":"VERKA","block_lgd":225,"Remark":null,"ac_no":null,"test":null,"shape_Length":8637.697263070333,"shape_Area":3555054.890691942}},{"arcs":[[1746,-1582,-1661,-1701]],"type":"Polygon","properties":{"OBJECTID":341518,"vilnam_soi":"KOTLI MIAN KHAN","stcode11":"03","dtcode11":"049","sdtcode11":"00257","vilcode11":"037591","stname":"PUNJAB","dtname":"Amritsar","sdtname":"Amritsar- II","vilname11":"Kotli Mian Khan (359)","vil_lgd":37591,"dist_lgd":27,"state_lgd":3,"gp_code":238171,"gp_name":"KOTLI MIAN KHAN","subdt_lgd":257,"block_name":"VERKA","block_lgd":225,"Remark":null,"ac_no":null,"test":null,"shape_Length":4235.298723956459,"shape_Area":976248.2163409021}},{"arcs":[[-1740,1747,1748,-1577,-1747,-1573]],"type":"Polygon","properties":{"OBJECTID":341519,"vilnam_soi":"KOTLI NASIR KHAN","stcode11":"03","dtcode11":"049","sdtcode11":"00257","vilcode11":"037590","stname":"PUNJAB","dtname":"Amritsar","sdtname":"Amritsar- II","vilname11":"Kotli Nasir Khan (271)","vil_lgd":37590,"dist_lgd":27,"state_lgd":3,"gp_code":238170,"gp_name":"KOTLI NASIR KHAN","subdt_lgd":257,"block_name":"VERKA","block_lgd":225,"Remark":null,"ac_no":null,"test":null,"shape_Length":10960.325105536502,"shape_Area":5059660.946842019}},{"arcs":[[-437,-1742,-1624,-1705,-1527,-1688,-991,-954]],"type":"Polygon","properties":{"OBJECTID":341520,"vilnam_soi":"LAHORIMAL","stcode11":"03","dtcode11":"049","sdtcode11":"00257","vilcode11":"037641","stname":"PUNJAB","dtname":"Amritsar","sdtname":"Amritsar- II","vilname11":"Lahorimal (405)","vil_lgd":37641,"dist_lgd":27,"state_lgd":3,"gp_code":245355,"gp_name":"LAHORI MAL","subdt_lgd":257,"block_name":"ATTARI","block_lgd":6621,"Remark":null,"ac_no":null,"test":null,"shape_Length":15425.808415446374,"shape_Area":6491437.128553626}},{"arcs":[[1749,-1718,-1744,-1732,-1621]],"type":"Polygon","properties":{"OBJECTID":341521,"vilnam_soi":"LADHEWALA","stcode11":"03","dtcode11":"049","sdtcode11":"00257","vilcode11":"037662","stname":"PUNJAB","dtname":"Amritsar","sdtname":"Amritsar- II","vilname11":"Ladhewal (421)","vil_lgd":37662,"dist_lgd":27,"state_lgd":3,"gp_code":245354,"gp_name":"LADHEWAL","subdt_lgd":257,"block_name":"ATTARI","block_lgd":6621,"Remark":null,"ac_no":null,"test":null,"shape_Length":11529.333076444042,"shape_Area":4894797.916661313}},{"arcs":[[1750,1751,-83,-17,-907,-654,-1510,-1568,-1596]],"type":"Polygon","properties":{"OBJECTID":341522,"vilnam_soi":"LOHARKA KALAN","stcode11":"03","dtcode11":"049","sdtcode11":"00257","vilcode11":"037620","stname":"PUNJAB","dtname":"Amritsar","sdtname":"Amritsar- II","vilname11":"Loharka Kalan (337)","vil_lgd":37620,"dist_lgd":27,"state_lgd":3,"gp_code":238172,"gp_name":"LOHARKA KALAN","subdt_lgd":257,"block_name":"VERKA","block_lgd":225,"Remark":null,"ac_no":null,"test":null,"shape_Length":15583.71017305616,"shape_Area":9267835.549630014}},{"arcs":[[1752,1753,-1751,-1595]],"type":"Polygon","properties":{"OBJECTID":341523,"vilnam_soi":"LOHARKA KHURD","stcode11":"03","dtcode11":"049","sdtcode11":"00257","vilcode11":"037619","stname":"PUNJAB","dtname":"Amritsar","sdtname":"Amritsar- II","vilname11":"Loharka Khurd (338)","vil_lgd":37619,"dist_lgd":27,"state_lgd":3,"gp_code":238173,"gp_name":"LOHARKA KHURD","subdt_lgd":257,"block_name":"VERKA","block_lgd":225,"Remark":null,"ac_no":null,"test":null,"shape_Length":7607.820893705059,"shape_Area":2433545.7384176366}},{"arcs":[[-1752,-1754,1754,1755,-1557,-1734,1756,-1589,-19,-84]],"type":"Polygon","properties":{"OBJECTID":341524,"vilnam_soi":"MIRANKOT KALAN","stcode11":"03","dtcode11":"049","sdtcode11":"00257","vilcode11":"037621","stname":"PUNJAB","dtname":"Amritsar","sdtname":"Amritsar- II","vilname11":"Miran Kot Kalan (344) (part)","vil_lgd":37621,"dist_lgd":27,"state_lgd":3,"gp_code":238147,"gp_name":"BABA TEHAL SINGH NAGAR","subdt_lgd":257,"block_name":"VERKA","block_lgd":225,"Remark":null,"ac_no":null,"test":null,"shape_Length":15254.432239611848,"shape_Area":10155343.797411043}},{"arcs":[[1757,-1558,-1756]],"type":"Polygon","properties":{"OBJECTID":341525,"vilnam_soi":"MIRANKOT KHURD","stcode11":"03","dtcode11":"049","sdtcode11":"00257","vilcode11":"037625","stname":"PUNJAB","dtname":"Amritsar","sdtname":"Amritsar- II","vilname11":"Miran Kot Khurd (343)","vil_lgd":37625,"dist_lgd":27,"state_lgd":3,"gp_code":238176,"gp_name":"MIRANKOT KHURD","subdt_lgd":257,"block_name":"VERKA","block_lgd":225,"Remark":null,"ac_no":null,"test":null,"shape_Length":6179.735400448545,"shape_Area":1028364.5527337132}},{"arcs":[[1758,1759,-1632,-1727,-1729]],"type":"Polygon","properties":{"OBJECTID":341526,"vilnam_soi":"MAHMA","stcode11":"03","dtcode11":"049","sdtcode11":"00257","vilcode11":"037570","stname":"PUNJAB","dtname":"Amritsar","sdtname":"Amritsar- II","vilname11":"Mehma (263)","vil_lgd":37570,"dist_lgd":27,"state_lgd":3,"gp_code":238129,"gp_name":"MAHMA","subdt_lgd":257,"block_name":"JANDIALA GURU","block_lgd":216,"Remark":null,"ac_no":null,"test":null,"shape_Length":7563.309953671366,"shape_Area":3077378.0163951153}},{"arcs":[[-1513,-1435,-1721,1760,-1710]],"type":"Polygon","properties":{"OBJECTID":341527,"vilnam_soi":"MAHNIAN KAHARAN","stcode11":"03","dtcode11":"049","sdtcode11":"00257","vilcode11":"037608","stname":"PUNJAB","dtname":"Amritsar","sdtname":"Amritsar- II","vilname11":"Mahanian Koharan (249)","vil_lgd":37608,"dist_lgd":27,"state_lgd":3,"gp_code":238080,"gp_name":"MAHANIAN KOHARAN","subdt_lgd":257,"block_name":"JANDIALA GURU","block_lgd":216,"Remark":null,"ac_no":null,"test":null,"shape_Length":8409.954214558356,"shape_Area":3852025.531205902}},{"arcs":[[-1523,-1704,-1731,-1745,-1682,1761,1762,-1763,1763,1764,-1570,-1736]],"type":"Polygon","properties":{"OBJECTID":341528,"vilnam_soi":"MANAWA","stcode11":"03","dtcode11":"049","sdtcode11":"00257","vilcode11":"037573","stname":"PUNJAB","dtname":"Amritsar","sdtname":"Amritsar- II","vilname11":"Manawala (259)","vil_lgd":37573,"dist_lgd":27,"state_lgd":3,"gp_code":238086,"gp_name":"MANAWALA KALAN","subdt_lgd":257,"block_name":"ATTARI","block_lgd":6621,"Remark":null,"ac_no":null,"test":null,"shape_Length":22071.962567717932,"shape_Area":16254741.796676047}},{"arcs":[[-1639,1765,-1585,-1629,-1693]],"type":"Polygon","properties":{"OBJECTID":341529,"vilnam_soi":"MANDIALA","stcode11":"03","dtcode11":"049","sdtcode11":"00257","vilcode11":"037582","stname":"PUNJAB","dtname":"Amritsar","sdtname":"Amritsar- II","vilname11":"Mandiala (268)","vil_lgd":37582,"dist_lgd":27,"state_lgd":3,"gp_code":238174,"gp_name":"MANDIALA","subdt_lgd":257,"block_name":"VERKA","block_lgd":225,"Remark":null,"ac_no":null,"test":null,"shape_Length":16033.58042137281,"shape_Area":13862591.024668079}},{"arcs":[[-1653,-90,-452,-1066,-1566,-1645,-1656]],"type":"Polygon","properties":{"OBJECTID":341530,"vilnam_soi":"MODE","stcode11":"03","dtcode11":"049","sdtcode11":"00257","vilcode11":"037649","stname":"PUNJAB","dtname":"Amritsar","sdtname":"Amritsar- II","vilname11":"Mode (390)","vil_lgd":37649,"dist_lgd":27,"state_lgd":3,"gp_code":237630,"gp_name":"MODHE","subdt_lgd":257,"block_name":"ATTARI","block_lgd":6621,"Remark":null,"ac_no":null,"test":null,"shape_Length":14639.796408758897,"shape_Area":9039854.868991071}},{"arcs":[[1766,-1676,-1537,1767,1768,-1714]],"type":"Polygon","properties":{"OBJECTID":341531,"vilnam_soi":"MUHDAL","stcode11":"03","dtcode11":"049","sdtcode11":"00257","vilcode11":"037673","stname":"PUNJAB","dtname":"Amritsar","sdtname":"Amritsar- II","vilname11":"Mudal (CT)","vil_lgd":37673,"dist_lgd":27,"state_lgd":3,"gp_code":238177,"gp_name":"MUDHAL","subdt_lgd":257,"block_name":"VERKA","block_lgd":225,"Remark":null,"ac_no":null,"test":null,"shape_Length":14604.211111535391,"shape_Area":8229988.431674615}},{"arcs":[[1769,-1696,-1706,-1675,-1547]],"type":"Polygon","properties":{"OBJECTID":341532,"vilnam_soi":"MULE CHAK","stcode11":"03","dtcode11":"049","sdtcode11":"00257","vilcode11":"037567","stname":"PUNJAB","dtname":"Amritsar","sdtname":"Amritsar- II","vilname11":"Village Mule Chak  (OG)","vil_lgd":37567,"dist_lgd":27,"state_lgd":3,"gp_code":238178,"gp_name":"MULE CHAK","subdt_lgd":257,"block_name":"VERKA","block_lgd":225,"Remark":null,"ac_no":null,"test":null,"shape_Length":6292.689718806446,"shape_Area":1631124.66136639}},{"arcs":[[-1698,1770,-1610,-1647,1771]],"type":"Polygon","properties":{"OBJECTID":341533,"vilnam_soi":"MULLA BAIRAM","stcode11":"03","dtcode11":"049","sdtcode11":"00257","vilcode11":"037597","stname":"PUNJAB","dtname":"Amritsar","sdtname":"Amritsar- II","vilname11":"Mulla Behram (361)","vil_lgd":37597,"dist_lgd":27,"state_lgd":3,"gp_code":238179,"gp_name":"MULLAN BEHRAM","subdt_lgd":257,"block_name":"VERKA","block_lgd":225,"Remark":null,"ac_no":null,"test":null,"shape_Length":8551.962711021064,"shape_Area":3300125.9667899082}},{"arcs":[[-1755,-1753,-1594,-1597,1772,1773,-1528,-1758]],"type":"Polygon","properties":{"OBJECTID":341534,"vilnam_soi":"MURADPUR","stcode11":"03","dtcode11":"049","sdtcode11":"00257","vilcode11":"037616","stname":"PUNJAB","dtname":"Amritsar","sdtname":"Amritsar- II","vilname11":"Muradpura (342)","vil_lgd":37616,"dist_lgd":27,"state_lgd":3,"gp_code":238180,"gp_name":"MURADPURA","subdt_lgd":257,"block_name":"VERKA","block_lgd":225,"Remark":null,"ac_no":null,"test":null,"shape_Length":12590.761296770155,"shape_Area":8887843.391412161}},{"arcs":[[-1529,-1774,1774,-1531,-1702]],"type":"Polygon","properties":{"OBJECTID":341535,"vilnam_soi":"NANGLI","stcode11":"03","dtcode11":"049","sdtcode11":"00257","vilcode11":"037672","stname":"PUNJAB","dtname":"Amritsar","sdtname":"Amritsar- II","vilname11":"Nangli (CT)","vil_lgd":37672,"dist_lgd":27,"state_lgd":3,"gp_code":243950,"gp_name":"ABADI BABA DEEP SINGH AVENUE","subdt_lgd":257,"block_name":"VERKA","block_lgd":225,"Remark":null,"ac_no":null,"test":null,"shape_Length":12204.246247748577,"shape_Area":6876013.354263435}},{"arcs":[[-1615,1775,1776,-1619]],"type":"Polygon","properties":{"OBJECTID":341536,"vilnam_soi":"NATHUPURA","stcode11":"03","dtcode11":"049","sdtcode11":"00257","vilcode11":"037637","stname":"PUNJAB","dtname":"Amritsar","sdtname":"Amritsar- II","vilname11":"Nathupura (413)","vil_lgd":37637,"dist_lgd":27,"state_lgd":3,"gp_code":238182,"gp_name":"NATHUPUR","subdt_lgd":257,"block_name":"ATTARI","block_lgd":6621,"Remark":null,"ac_no":null,"test":null,"shape_Length":9744.584457522036,"shape_Area":4722962.000636833}},{"arcs":[[1777,1778,-1532,-1775,-1773,-1599]],"type":"Polygon","properties":{"OBJECTID":341537,"vilnam_soi":"NAUSHAHRA","stcode11":"03","dtcode11":"049","sdtcode11":"00257","vilcode11":"037670","stname":"PUNJAB","dtname":"Amritsar","sdtname":"Amritsar- II","vilname11":"Naushehra (284) (Part)","vil_lgd":37670,"dist_lgd":27,"state_lgd":3,"gp_code":238204,"gp_name":"EK ROOP EVENUE","subdt_lgd":257,"block_name":"VERKA","block_lgd":225,"Remark":null,"ac_no":null,"test":null,"shape_Length":12294.16556884384,"shape_Area":5425700.932712939}},{"arcs":[[-1571,-1765,1779,1780]],"type":"Polygon","properties":{"OBJECTID":341538,"vilnam_soi":"NESHTA","stcode11":"03","dtcode11":"049","sdtcode11":"00257","vilcode11":"037658","stname":"PUNJAB","dtname":"Amritsar","sdtname":"Amritsar- II","vilname11":"Neshta (397)","vil_lgd":37658,"dist_lgd":27,"state_lgd":3,"gp_code":237631,"gp_name":"NESHTA","subdt_lgd":257,"block_name":"ATTARI","block_lgd":6621,"Remark":null,"ac_no":null,"test":null,"shape_Length":11526.386461198746,"shape_Area":6120807.032361303}},{"arcs":[[-1691,-1664,-1743,-1554,-1700,1781,-1649,-1741,-435,-297,-291,-736,-1668]],"type":"Polygon","properties":{"OBJECTID":341539,"vilnam_soi":"NEW AMRITSAR CANTONMENT","stcode11":"03","dtcode11":"049","sdtcode11":"00257","vilcode11":"037631","stname":"PUNJAB","dtname":"Amritsar","sdtname":"Amritsar- II","vilname11":"Khur Manian (364)","vil_lgd":37631,"dist_lgd":27,"state_lgd":3,"gp_code":238168,"gp_name":"KHURMANIAN","subdt_lgd":257,"block_name":"VERKA","block_lgd":225,"Remark":null,"ac_no":null,"test":null,"shape_Length":41390.40583429462,"shape_Area":35318257.374636926}},{"arcs":[[-1235,-1521,1782,-1679]],"type":"Polygon","properties":{"OBJECTID":341540,"vilnam_soi":"OTHIAN","stcode11":"03","dtcode11":"049","sdtcode11":"00257","vilcode11":"037606","stname":"PUNJAB","dtname":"Amritsar","sdtname":"Amritsar- II","vilname11":"Othian (256)","vil_lgd":37606,"dist_lgd":27,"state_lgd":3,"gp_code":238186,"gp_name":"OTHIAN","subdt_lgd":257,"block_name":"VERKA","block_lgd":225,"Remark":null,"ac_no":null,"test":null,"shape_Length":7823.400325122212,"shape_Area":3167873.801657131}},{"arcs":[[1783,-1641,1784,-993,-1687,-1725]],"type":"Polygon","properties":{"OBJECTID":341541,"vilnam_soi":"PADHIYAR","stcode11":"03","dtcode11":"049","sdtcode11":"00257","vilcode11":"037646","stname":"PUNJAB","dtname":"Amritsar","sdtname":"Amritsar- II","vilname11":"Bhadiar  (401)","vil_lgd":37646,"dist_lgd":27,"state_lgd":3,"gp_code":237625,"gp_name":"BHADIAR","subdt_lgd":257,"block_name":"ATTARI","block_lgd":6621,"Remark":null,"ac_no":null,"test":null,"shape_Length":5815.742215314629,"shape_Area":1617459.5120583326}},{"arcs":[[-1482,-1603,1785,-1759,-1728]],"type":"Polygon","properties":{"OBJECTID":341542,"vilnam_soi":"PINDORI","stcode11":"03","dtcode11":"049","sdtcode11":"00257","vilcode11":"037579","stname":"PUNJAB","dtname":"Amritsar","sdtname":"Amritsar- II","vilname11":"Pandori (264)","vil_lgd":37579,"dist_lgd":27,"state_lgd":3,"gp_code":238097,"gp_name":"PANDORI","subdt_lgd":257,"block_name":"JANDIALA GURU","block_lgd":216,"Remark":null,"ac_no":null,"test":null,"shape_Length":10322.628422340607,"shape_Area":3537062.737544112}},{"arcs":[[-1769,1786,1787,-1534,1788,-1778,-1598,-1592,-1459]],"type":"Polygon","properties":{"OBJECTID":341543,"vilnam_soi":"PINDORI VARAICH","stcode11":"03","dtcode11":"049","sdtcode11":"00257","vilcode11":"037605","stname":"PUNJAB","dtname":"Amritsar","sdtname":"Amritsar- II","vilname11":"Pandori Waraich (285)","vil_lgd":37605,"dist_lgd":27,"state_lgd":3,"gp_code":238188,"gp_name":"PANDORI LUBANA","subdt_lgd":257,"block_name":"VERKA","block_lgd":225,"Remark":null,"ac_no":null,"test":null,"shape_Length":15010.67085894359,"shape_Area":9419643.048604181}},{"arcs":[[-1762,-1681,-1716,1789,-1609,1790,-1763]],"type":"Polygon","properties":{"OBJECTID":341544,"vilnam_soi":"RAJATAL","stcode11":"03","dtcode11":"049","sdtcode11":"00257","vilcode11":"037666","stname":"PUNJAB","dtname":"Amritsar","sdtname":"Amritsar- II","vilname11":" Rajatal (424)","vil_lgd":37666,"dist_lgd":27,"state_lgd":3,"gp_code":245352,"gp_name":"RAJATAL","subdt_lgd":257,"block_name":"ATTARI","block_lgd":6621,"Remark":null,"ac_no":null,"test":null,"shape_Length":15294.874735859545,"shape_Area":8352160.229679313}},{"arcs":[[-1699,-1772,-1646,-1782]],"type":"Polygon","properties":{"OBJECTID":341545,"vilnam_soi":"RAMPURA","stcode11":"03","dtcode11":"049","sdtcode11":"00257","vilcode11":"037598","stname":"PUNJAB","dtname":"Amritsar","sdtname":"Amritsar- II","vilname11":"Rampura (362)","vil_lgd":37598,"dist_lgd":27,"state_lgd":3,"gp_code":238104,"gp_name":"RAM PURA","subdt_lgd":257,"block_name":"VERKA","block_lgd":225,"Remark":null,"ac_no":null,"test":null,"shape_Length":9882.790037593511,"shape_Area":3712190.646032944}},{"arcs":[[-1785,-1642,-1784,-1724,1791,-1652,-473,-994]],"type":"Polygon","properties":{"OBJECTID":341546,"vilnam_soi":"RANIKE","stcode11":"03","dtcode11":"049","sdtcode11":"00257","vilcode11":"037647","stname":"PUNJAB","dtname":"Amritsar","sdtname":"Amritsar- II","vilname11":"Ranike (395)","vil_lgd":37647,"dist_lgd":27,"state_lgd":3,"gp_code":237633,"gp_name":"RANIKE","subdt_lgd":257,"block_name":"ATTARI","block_lgd":6621,"Remark":null,"ac_no":null,"test":null,"shape_Length":9700.431153627447,"shape_Area":3660857.944085848}},{"arcs":[[[-1533,-1779,-1789]],[[-1788,1792,-1535]]],"type":"MultiPolygon","properties":{"OBJECTID":341547,"vilnam_soi":"RAKH SHIKARGAH","stcode11":"03","dtcode11":"049","sdtcode11":"00257","vilcode11":"","stname":"PUNJAB","dtname":"Amritsar","sdtname":"Amritsar- II","vilname11":" ","vil_lgd":0,"dist_lgd":27,"state_lgd":3,"gp_code":0,"gp_name":"","subdt_lgd":257,"block_name":"VERKA","block_lgd":225,"Remark":null,"ac_no":null,"test":null,"shape_Length":5491.208336852278,"shape_Area":743290.8756727751}},{"arcs":[[-1672,-1737,-1560,-1651,-1792,-1723]],"type":"Polygon","properties":{"OBJECTID":341548,"vilnam_soi":"RANGARH","stcode11":"03","dtcode11":"049","sdtcode11":"00257","vilcode11":"037655","stname":"PUNJAB","dtname":"Amritsar","sdtname":"Amritsar- II","vilname11":"Rangarh (396)","vil_lgd":37655,"dist_lgd":27,"state_lgd":3,"gp_code":237632,"gp_name":"RANGARH","subdt_lgd":257,"block_name":"ATTARI","block_lgd":6621,"Remark":null,"ac_no":null,"test":null,"shape_Length":12002.92853850544,"shape_Area":4996557.297095773}},{"arcs":[[-1781,1793,-1563]],"type":"Polygon","properties":{"OBJECTID":341549,"vilnam_soi":"RORANWALA KALAN","stcode11":"03","dtcode11":"049","sdtcode11":"00257","vilcode11":"037653","stname":"PUNJAB","dtname":"Amritsar","sdtname":"Amritsar- II","vilname11":"Roranwala (393) (part)","vil_lgd":37653,"dist_lgd":27,"state_lgd":3,"gp_code":237634,"gp_name":"RORANWALA KALAN","subdt_lgd":257,"block_name":"ATTARI","block_lgd":6621,"Remark":null,"ac_no":null,"test":null,"shape_Length":12313.023069754834,"shape_Area":5595008.885813903}},{"arcs":[[-1708,-1587,1794,-1748,-1739,-1746]],"type":"Polygon","properties":{"OBJECTID":341550,"vilnam_soi":"SANGNA","stcode11":"03","dtcode11":"049","sdtcode11":"00257","vilcode11":"037585","stname":"PUNJAB","dtname":"Amritsar","sdtname":"Amritsar- II","vilname11":"Sangna (270)","vil_lgd":37585,"dist_lgd":27,"state_lgd":3,"gp_code":238132,"gp_name":"ABADI BOHRU PUL","subdt_lgd":257,"block_name":"VERKA","block_lgd":225,"Remark":null,"ac_no":null,"test":null,"shape_Length":12738.955510478334,"shape_Area":8567308.219362758}},{"arcs":[[1795,-1031,-21,-1591]],"type":"Polygon","properties":{"OBJECTID":341551,"vilnam_soi":"SACHANDER","stcode11":"03","dtcode11":"049","sdtcode11":"00257","vilcode11":"037622","stname":"PUNJAB","dtname":"Amritsar","sdtname":"Amritsar- II","vilname11":"Sehchandar (346)","vil_lgd":37622,"dist_lgd":27,"state_lgd":3,"gp_code":238194,"gp_name":"SACHANDER","subdt_lgd":257,"block_name":"VERKA","block_lgd":225,"Remark":null,"ac_no":null,"test":null,"shape_Length":7461.225228892572,"shape_Area":2650434.6371494886}},{"arcs":[[-1722,-1677,-1767,-1713,-1403]],"type":"Polygon","properties":{"OBJECTID":341552,"vilnam_soi":"SOHIAN KHURD","stcode11":"03","dtcode11":"049","sdtcode11":"00257","vilcode11":"037612","stname":"PUNJAB","dtname":"Amritsar","sdtname":"Amritsar- II","vilname11":"Sohian Khurd (288)","vil_lgd":37612,"dist_lgd":27,"state_lgd":3,"gp_code":238203,"gp_name":"ABADI GURU NANAK NAGAR","subdt_lgd":257,"block_name":"VERKA","block_lgd":225,"Remark":null,"ac_no":null,"test":null,"shape_Length":10859.856523385348,"shape_Area":5396403.238695886}},{"arcs":[[[-1692,-1544,-1636]],[[-1697,-1770,-1546]]],"type":"MultiPolygon","properties":{"OBJECTID":341553,"vilnam_soi":"SULTANWIND","stcode11":"03","dtcode11":"049","sdtcode11":"00257","vilcode11":"","stname":"PUNJAB","dtname":"Amritsar","sdtname":"Amritsar- II","vilname11":" ","vil_lgd":0,"dist_lgd":27,"state_lgd":3,"gp_code":0,"gp_name":"","subdt_lgd":257,"block_name":"VERKA","block_lgd":225,"Remark":null,"ac_no":null,"test":null,"shape_Length":3936.3268063000214,"shape_Area":353152.4872268655}},{"arcs":[[1796,1797,-1613,-1579]],"type":"Polygon","properties":{"OBJECTID":341554,"vilnam_soi":"TAJE CHAK","stcode11":"03","dtcode11":"049","sdtcode11":"00257","vilcode11":"037594","stname":"PUNJAB","dtname":"Amritsar","sdtname":"Amritsar- II","vilname11":"Tajuchak (416)","vil_lgd":37594,"dist_lgd":27,"state_lgd":3,"gp_code":238197,"gp_name":"TAJU CHAK","subdt_lgd":257,"block_name":"VERKA","block_lgd":225,"Remark":null,"ac_no":null,"test":null,"shape_Length":6717.14209208766,"shape_Area":2221805.6224280894}},{"arcs":[[-1760,-1786,-1602,1798,-1637,-1633]],"type":"Polygon","properties":{"OBJECTID":341555,"vilnam_soi":"VARPAL","stcode11":"03","dtcode11":"049","sdtcode11":"00257","vilcode11":"037580","stname":"PUNJAB","dtname":"Amritsar","sdtname":"Amritsar- II","vilname11":"Varpal (266)","vil_lgd":37580,"dist_lgd":27,"state_lgd":3,"gp_code":261456,"gp_name":"BABA FOUJA SINGH WALA","subdt_lgd":257,"block_name":"JANDIALA GURU","block_lgd":216,"Remark":null,"ac_no":null,"test":null,"shape_Length":18880.965617493766,"shape_Area":18922520.978783984}},{"arcs":[[[-1680,-1783,-1520,-1539]],[[-1793,-1787,-1768,-1536]]],"type":"MultiPolygon","properties":{"OBJECTID":341556,"vilnam_soi":"VERKA","stcode11":"03","dtcode11":"049","sdtcode11":"00257","vilcode11":"","stname":"PUNJAB","dtname":"Amritsar","sdtname":"Amritsar- II","vilname11":" ","vil_lgd":0,"dist_lgd":27,"state_lgd":3,"gp_code":0,"gp_name":"","subdt_lgd":257,"block_name":"VERKA","block_lgd":225,"Remark":null,"ac_no":null,"test":null,"shape_Length":13579.038210201581,"shape_Area":3149997.654716866}},{"arcs":[[1799,1800,1801,1802,1803,1804]],"type":"Polygon","properties":{"OBJECTID":341557,"vilnam_soi":"ARJAN MANGA","stcode11":"03","dtcode11":"049","sdtcode11":"00258","vilcode11":"037788","stname":"PUNJAB","dtname":"Amritsar","sdtname":"Baba Bakala","vilname11":"Arjan Manga  (109)","vil_lgd":37788,"dist_lgd":27,"state_lgd":3,"gp_code":237744,"gp_name":"ARJAN MANGA","subdt_lgd":258,"block_name":"TARSIKKA","block_lgd":223,"Remark":null,"ac_no":null,"test":null,"shape_Length":13028.555119508499,"shape_Area":4713465.382216771}},{"arcs":[[1805,-1805,1806,1807]],"type":"Polygon","properties":{"OBJECTID":341558,"vilnam_soi":"ATHWAL","stcode11":"03","dtcode11":"049","sdtcode11":"00258","vilcode11":"037787","stname":"PUNJAB","dtname":"Amritsar","sdtname":"Baba Bakala","vilname11":"Athwal (203)","vil_lgd":37787,"dist_lgd":27,"state_lgd":3,"gp_code":237745,"gp_name":"ATHWAL","subdt_lgd":258,"block_name":"TARSIKKA","block_lgd":223,"Remark":null,"ac_no":null,"test":null,"shape_Length":4862.666073421517,"shape_Area":1337493.8640750635}},{"arcs":[[1808,1809,1810,1811,1812,1813,1814,1815,1816]],"type":"Polygon","properties":{"OBJECTID":341559,"vilnam_soi":"BABA BAKALA","stcode11":"03","dtcode11":"049","sdtcode11":"00258","vilcode11":"037849","stname":"PUNJAB","dtname":"Amritsar","sdtname":"Baba Bakala","vilname11":"Baba Bakala (CT)","vil_lgd":37849,"dist_lgd":27,"state_lgd":3,"gp_code":0,"gp_name":"","subdt_lgd":258,"block_name":"RAYYA","block_lgd":221,"Remark":null,"ac_no":null,"test":null,"shape_Length":13399.690549406281,"shape_Area":7515613.708364943}},{"arcs":[[-1295,1817,1818,-1123,-1273]],"type":"Polygon","properties":{"OBJECTID":341560,"vilnam_soi":"BALA CHAK KHERA","stcode11":"03","dtcode11":"049","sdtcode11":"00258","vilcode11":"037768","stname":"PUNJAB","dtname":"Amritsar","sdtname":"Baba Bakala","vilname11":"Bala Chak (194)","vil_lgd":37768,"dist_lgd":27,"state_lgd":3,"gp_code":237757,"gp_name":"KHERA BALA CHAK MASHMU","subdt_lgd":258,"block_name":"TARSIKKA","block_lgd":223,"Remark":null,"ac_no":null,"test":null,"shape_Length":9341.810241894143,"shape_Area":3708393.733900174}},{"arcs":[[1819,1820,1821,1822,1823]],"type":"Polygon","properties":{"OBJECTID":341561,"vilnam_soi":"BANIAN","stcode11":"03","dtcode11":"049","sdtcode11":"00258","vilcode11":"037725","stname":"PUNJAB","dtname":"Amritsar","sdtname":"Baba Bakala","vilname11":"Banian (90)","vil_lgd":37725,"dist_lgd":27,"state_lgd":3,"gp_code":237748,"gp_name":"BANIAN","subdt_lgd":258,"block_name":"TARSIKKA","block_lgd":223,"Remark":null,"ac_no":null,"test":null,"shape_Length":8219.95073210029,"shape_Area":2692147.7935389825}},{"arcs":[[1824,1825,1826,1827,1828,1829,1830]],"type":"Polygon","properties":{"OBJECTID":341562,"vilnam_soi":"BAGGA","stcode11":"03","dtcode11":"049","sdtcode11":"00258","vilcode11":"037774","stname":"PUNJAB","dtname":"Amritsar","sdtname":"Baba Bakala","vilname11":"Bagga (207)","vil_lgd":37774,"dist_lgd":27,"state_lgd":3,"gp_code":237747,"gp_name":"BAGGA","subdt_lgd":258,"block_name":"TARSIKKA","block_lgd":223,"Remark":null,"ac_no":null,"test":null,"shape_Length":10157.164211506715,"shape_Area":5975581.055095882}},{"arcs":[[1831,1832,1833]],"type":"Polygon","properties":{"OBJECTID":341563,"vilnam_soi":"BALOWAL","stcode11":"03","dtcode11":"049","sdtcode11":"00258","vilcode11":"037776","stname":"PUNJAB","dtname":"Amritsar","sdtname":"Baba Bakala","vilname11":"Ballowali (186)","vil_lgd":37776,"dist_lgd":27,"state_lgd":3,"gp_code":237756,"gp_name":"BALOWALLI","subdt_lgd":258,"block_name":"TARSIKKA","block_lgd":223,"Remark":null,"ac_no":null,"test":null,"shape_Length":6208.879902531656,"shape_Area":1694040.251965838}},{"arcs":[[1834,1835,1836,1837,1838,1839]],"type":"Polygon","properties":{"OBJECTID":341564,"vilnam_soi":"BALSARAI KHURD","stcode11":"03","dtcode11":"049","sdtcode11":"00258","vilcode11":"037830","stname":"PUNJAB","dtname":"Amritsar","sdtname":"Baba Bakala","vilname11":"Balsarai   (7)","vil_lgd":37830,"dist_lgd":27,"state_lgd":3,"gp_code":237832,"gp_name":"BAL SARAI","subdt_lgd":258,"block_name":"RAYYA","block_lgd":221,"Remark":null,"ac_no":null,"test":null,"shape_Length":17566.80809926706,"shape_Area":8748624.485585794}},{"arcs":[[1840,1841,1842,1843,1844]],"type":"Polygon","properties":{"OBJECTID":341565,"vilnam_soi":"BANJARWAL","stcode11":"03","dtcode11":"049","sdtcode11":"00258","vilcode11":"037780","stname":"PUNJAB","dtname":"Amritsar","sdtname":"Baba Bakala","vilname11":"Binjarwal (100)","vil_lgd":37780,"dist_lgd":27,"state_lgd":3,"gp_code":237763,"gp_name":"DHARMU CHAK","subdt_lgd":258,"block_name":"TARSIKKA","block_lgd":223,"Remark":null,"ac_no":null,"test":null,"shape_Length":7078.175028420483,"shape_Area":2191161.925543196}},{"arcs":[[-1505,1845,1846,-1818]],"type":"Polygon","properties":{"OBJECTID":341566,"vilnam_soi":"BATHU CHAK","stcode11":"03","dtcode11":"049","sdtcode11":"00258","vilcode11":"037769","stname":"PUNJAB","dtname":"Amritsar","sdtname":"Baba Bakala","vilname11":"Bathu Chak  (197)","vil_lgd":37769,"dist_lgd":27,"state_lgd":3,"gp_code":237749,"gp_name":"BATHU CHAK","subdt_lgd":258,"block_name":"TARSIKKA","block_lgd":223,"Remark":null,"ac_no":null,"test":null,"shape_Length":6034.87672055555,"shape_Area":2106001.3113070386}},{"arcs":[[1847,1848,1849,1850,1851]],"type":"Polygon","properties":{"OBJECTID":341567,"vilnam_soi":"BEAS","stcode11":"03","dtcode11":"049","sdtcode11":"00258","vilcode11":"","stname":"PUNJAB","dtname":"Amritsar","sdtname":"Baba Bakala","vilname11":" ","vil_lgd":0,"dist_lgd":27,"state_lgd":3,"gp_code":0,"gp_name":"","subdt_lgd":258,"block_name":"RAYYA","block_lgd":221,"Remark":null,"ac_no":null,"test":null,"shape_Length":15655.593910586469,"shape_Area":10029841.511937127}},{"arcs":[[1852,1853,1854]],"type":"Polygon","properties":{"OBJECTID":341568,"vilnam_soi":"BEDADPUR","stcode11":"03","dtcode11":"049","sdtcode11":"00258","vilcode11":"037824","stname":"PUNJAB","dtname":"Amritsar","sdtname":"Baba Bakala","vilname11":"Bedadpur (45)","vil_lgd":37824,"dist_lgd":27,"state_lgd":3,"gp_code":237831,"gp_name":"BADAD PUR","subdt_lgd":258,"block_name":"RAYYA","block_lgd":221,"Remark":null,"ac_no":null,"test":null,"shape_Length":7845.7862731010055,"shape_Area":2219596.5681258934}},{"arcs":[[1855,1856,1857,1858,1859]],"type":"Polygon","properties":{"OBJECTID":341569,"vilnam_soi":"BERIWALA","stcode11":"03","dtcode11":"049","sdtcode11":"00258","vilcode11":"037749","stname":"PUNJAB","dtname":"Amritsar","sdtname":"Baba Bakala","vilname11":"Berianwala (78)","vil_lgd":37749,"dist_lgd":27,"state_lgd":3,"gp_code":237758,"gp_name":"BERIANWALA","subdt_lgd":258,"block_name":"TARSIKKA","block_lgd":223,"Remark":null,"ac_no":null,"test":null,"shape_Length":8061.689284321601,"shape_Area":2745207.5053900983}},{"arcs":[[1860,1861,1862,1863]],"type":"Polygon","properties":{"OBJECTID":341570,"vilnam_soi":"BHAINI BADECHHIAN","stcode11":"03","dtcode11":"049","sdtcode11":"00258","vilcode11":"037696","stname":"PUNJAB","dtname":"Amritsar","sdtname":"Baba Bakala","vilname11":"Bhaini Badeshan (87)","vil_lgd":37696,"dist_lgd":27,"state_lgd":3,"gp_code":238062,"gp_name":"BHAINI BADESHIAN","subdt_lgd":258,"block_name":"JANDIALA GURU","block_lgd":216,"Remark":null,"ac_no":null,"test":null,"shape_Length":10297.36794715754,"shape_Area":3297652.9513023966}},{"arcs":[[1864,1865,1866,1867]],"type":"Polygon","properties":{"OBJECTID":341571,"vilnam_soi":"BHAINI RAMDIAL","stcode11":"03","dtcode11":"049","sdtcode11":"00258","vilcode11":"037834","stname":"PUNJAB","dtname":"Amritsar","sdtname":"Baba Bakala","vilname11":"Bhaini Ramdyal (48)","vil_lgd":37834,"dist_lgd":27,"state_lgd":3,"gp_code":237834,"gp_name":"BHAINI RAM DIAL","subdt_lgd":258,"block_name":"RAYYA","block_lgd":221,"Remark":null,"ac_no":null,"test":null,"shape_Length":10118.089267808884,"shape_Area":2789963.132107533}},{"arcs":[[1868,1869,1870,1871,1872,1873,1874,1875]],"type":"Polygon","properties":{"OBJECTID":341572,"vilnam_soi":"BHALAIPUR","stcode11":"03","dtcode11":"049","sdtcode11":"00258","vilcode11":"037801","stname":"PUNJAB","dtname":"Amritsar","sdtname":"Baba Bakala","vilname11":"Bhalaipur (72)","vil_lgd":37801,"dist_lgd":27,"state_lgd":3,"gp_code":237835,"gp_name":"BHALAIPUR PURBA","subdt_lgd":258,"block_name":"RAYYA","block_lgd":221,"Remark":null,"ac_no":null,"test":null,"shape_Length":10580.562389715737,"shape_Area":5546194.361195661}},{"arcs":[[1876,1877,1878,1879,-1843,1880]],"type":"Polygon","properties":{"OBJECTID":341573,"vilnam_soi":"BHATTIKE","stcode11":"03","dtcode11":"049","sdtcode11":"00258","vilcode11":"037756","stname":"PUNJAB","dtname":"Amritsar","sdtname":"Baba Bakala","vilname11":"Bhattike (99)","vil_lgd":37756,"dist_lgd":27,"state_lgd":3,"gp_code":237750,"gp_name":"BHATTIKE","subdt_lgd":258,"block_name":"TARSIKKA","block_lgd":223,"Remark":null,"ac_no":null,"test":null,"shape_Length":9335.482772993457,"shape_Area":4099275.8310506903}},{"arcs":[[1881,1882,1883,1884,1885,1886,1887,1888]],"type":"Polygon","properties":{"OBJECTID":341574,"vilnam_soi":"BHINDER","stcode11":"03","dtcode11":"049","sdtcode11":"00258","vilcode11":"037701","stname":"PUNJAB","dtname":"Amritsar","sdtname":"Baba Bakala","vilname11":"Bhinder (17)","vil_lgd":37701,"dist_lgd":27,"state_lgd":3,"gp_code":237836,"gp_name":"BHINDER","subdt_lgd":258,"block_name":"RAYYA","block_lgd":221,"Remark":null,"ac_no":null,"test":null,"shape_Length":12446.436974520724,"shape_Area":8054441.434141217}},{"arcs":[[1889,1890,-1502,1891]],"type":"Polygon","properties":{"OBJECTID":341575,"vilnam_soi":"BHOE","stcode11":"03","dtcode11":"049","sdtcode11":"00258","vilcode11":"037760","stname":"PUNJAB","dtname":"Amritsar","sdtname":"Baba Bakala","vilname11":"Bhoe (184)","vil_lgd":37760,"dist_lgd":27,"state_lgd":3,"gp_code":237753,"gp_name":"BHOE","subdt_lgd":258,"block_name":"TARSIKKA","block_lgd":223,"Remark":null,"ac_no":null,"test":null,"shape_Length":8103.914198005165,"shape_Area":3015242.782811168}},{"arcs":[[1892,1893,1894,1895,1896]],"type":"Polygon","properties":{"OBJECTID":341576,"vilnam_soi":"BHOIWAL","stcode11":"03","dtcode11":"049","sdtcode11":"00258","vilcode11":"037783","stname":"PUNJAB","dtname":"Amritsar","sdtname":"Baba Bakala","vilname11":"Bhoewal (201)","vil_lgd":37783,"dist_lgd":27,"state_lgd":3,"gp_code":237752,"gp_name":"BHOEWAL","subdt_lgd":258,"block_name":"TARSIKKA","block_lgd":223,"Remark":null,"ac_no":null,"test":null,"shape_Length":12996.937169679684,"shape_Area":6943411.392377068}},{"arcs":[[1897,1898]],"type":"Polygon","properties":{"OBJECTID":341577,"vilnam_soi":"BHORCHHI BRAHMANAN","stcode11":"03","dtcode11":"049","sdtcode11":"00258","vilcode11":"037699","stname":"PUNJAB","dtname":"Amritsar","sdtname":"Baba Bakala","vilname11":"Bhorchhi Brahmnan (85)","vil_lgd":37699,"dist_lgd":27,"state_lgd":3,"gp_code":237838,"gp_name":"BHORCHHI BRAHMANAN","subdt_lgd":258,"block_name":"RAYYA","block_lgd":221,"Remark":null,"ac_no":null,"test":null,"shape_Length":7927.68532040788,"shape_Area":2842460.210919007}},{"arcs":[[1899,1900,-1899,1901,1902,-1862,1903,1904]],"type":"Polygon","properties":{"OBJECTID":341578,"vilnam_soi":"BHORCHHI RAJPUTAN","stcode11":"03","dtcode11":"049","sdtcode11":"00258","vilcode11":"037698","stname":"PUNJAB","dtname":"Amritsar","sdtname":"Baba Bakala","vilname11":"Bhorchhi  Rajputan  (86)","vil_lgd":37698,"dist_lgd":27,"state_lgd":3,"gp_code":237839,"gp_name":"BHORCHHI RAJPUTTAN","subdt_lgd":258,"block_name":"RAYYA","block_lgd":221,"Remark":null,"ac_no":null,"test":null,"shape_Length":25449.88379972201,"shape_Area":18243181.643286612}},{"arcs":[[1905,-1879,1906,1907,1908]],"type":"Polygon","properties":{"OBJECTID":341579,"vilnam_soi":"BOLARA","stcode11":"03","dtcode11":"049","sdtcode11":"00258","vilcode11":"037758","stname":"PUNJAB","dtname":"Amritsar","sdtname":"Baba Bakala","vilname11":"Bulara (114)","vil_lgd":37758,"dist_lgd":27,"state_lgd":3,"gp_code":237746,"gp_name":"BULARA","subdt_lgd":258,"block_name":"TARSIKKA","block_lgd":223,"Remark":null,"ac_no":null,"test":null,"shape_Length":6289.00468676019,"shape_Area":2207528.92722583}},{"arcs":[[-1833,1909,1910,1911,1912]],"type":"Polygon","properties":{"OBJECTID":341580,"vilnam_soi":"BOPARAI","stcode11":"03","dtcode11":"049","sdtcode11":"00258","vilcode11":"037778","stname":"PUNJAB","dtname":"Amritsar","sdtname":"Baba Bakala","vilname11":"Boparai  (185)","vil_lgd":37778,"dist_lgd":27,"state_lgd":3,"gp_code":237754,"gp_name":"BOPARAI","subdt_lgd":258,"block_name":"TARSIKKA","block_lgd":223,"Remark":null,"ac_no":null,"test":null,"shape_Length":8689.84589571352,"shape_Area":2814877.8352438724}},{"arcs":[[1913,1914,1915]],"type":"Polygon","properties":{"OBJECTID":341581,"vilnam_soi":"BOTHANGARH","stcode11":"03","dtcode11":"049","sdtcode11":"00258","vilcode11":"037731","stname":"PUNJAB","dtname":"Amritsar","sdtname":"Baba Bakala","vilname11":"Kotla Bathungarh (125)","vil_lgd":37731,"dist_lgd":27,"state_lgd":3,"gp_code":237755,"gp_name":"KOTLA BATHUANGARH","subdt_lgd":258,"block_name":"TARSIKKA","block_lgd":223,"Remark":null,"ac_no":null,"test":null,"shape_Length":6749.682932524156,"shape_Area":2276093.4677217286}},{"arcs":[[1916,1917,1918,1919,1920,1921,1922]],"type":"Polygon","properties":{"OBJECTID":341582,"vilnam_soi":"BULE NANGAL","stcode11":"03","dtcode11":"049","sdtcode11":"00258","vilcode11":"037707","stname":"PUNJAB","dtname":"Amritsar","sdtname":"Baba Bakala","vilname11":"Bule Nangal (11)","vil_lgd":37707,"dist_lgd":27,"state_lgd":3,"gp_code":237837,"gp_name":"BULE NANGAL","subdt_lgd":258,"block_name":"RAYYA","block_lgd":221,"Remark":null,"ac_no":null,"test":null,"shape_Length":8155.702019072622,"shape_Area":1437017.970194962}},{"arcs":[[1923,1924,1925,1926,1927,1928,1929,1930,1931,1932,1933]],"type":"Polygon","properties":{"OBJECTID":341583,"vilnam_soi":"BUTALA","stcode11":"03","dtcode11":"049","sdtcode11":"00258","vilcode11":"037820","stname":"PUNJAB","dtname":"Amritsar","sdtname":"Baba Bakala","vilname11":"Butala  (52)","vil_lgd":37820,"dist_lgd":27,"state_lgd":3,"gp_code":237842,"gp_name":"BUTALA","subdt_lgd":258,"block_name":"RAYYA","block_lgd":221,"Remark":null,"ac_no":null,"test":null,"shape_Length":27409.372348164343,"shape_Area":13809350.157842256}},{"arcs":[[-1889,1934,1935,1936,1937]],"type":"Polygon","properties":{"OBJECTID":341584,"vilnam_soi":"BUTARI","stcode11":"03","dtcode11":"049","sdtcode11":"00258","vilcode11":"037721","stname":"PUNJAB","dtname":"Amritsar","sdtname":"Baba Bakala","vilname11":"Butari (82)","vil_lgd":37721,"dist_lgd":27,"state_lgd":3,"gp_code":237843,"gp_name":"BUTARI","subdt_lgd":258,"block_name":"RAYYA","block_lgd":221,"Remark":null,"ac_no":null,"test":null,"shape_Length":9834.429670546404,"shape_Area":4437096.310460296}},{"arcs":[[1938,1939,1940,1941,-1931,1942,1943,1944,1945,1946,1947]],"type":"Polygon","properties":{"OBJECTID":341585,"vilnam_soi":"BUTTAR SAVIA","stcode11":"03","dtcode11":"049","sdtcode11":"00258","vilcode11":"037810","stname":"PUNJAB","dtname":"Amritsar","sdtname":"Baba Bakala","vilname11":"Buttar Siviya (63)","vil_lgd":37810,"dist_lgd":27,"state_lgd":3,"gp_code":237845,"gp_name":"BUTTER KHURD","subdt_lgd":258,"block_name":"RAYYA","block_lgd":221,"Remark":null,"ac_no":null,"test":null,"shape_Length":17323.644953928302,"shape_Area":13953366.440471264}},{"arcs":[[1949,1950,-1921]],"type":"Polygon","properties":{"OBJECTID":341586,"vilnam_soi":"CHAK MAHATBKOT","stcode11":"03","dtcode11":"049","sdtcode11":"00258","vilcode11":"037708","stname":"PUNJAB","dtname":"Amritsar","sdtname":"Baba Bakala","vilname11":"Mehtabkot (12)","vil_lgd":37708,"dist_lgd":27,"state_lgd":3,"gp_code":237884,"gp_name":"MEHTAB KOT","subdt_lgd":258,"block_name":"RAYYA","block_lgd":221,"Remark":null,"ac_no":null,"test":null,"shape_Length":3115.06699162198,"shape_Area":228130.14803647122}},{"arcs":[[1951,1952,1953]],"type":"Polygon","properties":{"OBJECTID":341587,"vilnam_soi":"CHAK THATHIAN","stcode11":"03","dtcode11":"049","sdtcode11":"00258","vilcode11":"037823","stname":"PUNJAB","dtname":"Amritsar","sdtname":"Baba Bakala","vilname11":"Chak Thathian (44)","vil_lgd":37823,"dist_lgd":27,"state_lgd":3,"gp_code":0,"gp_name":"","subdt_lgd":258,"block_name":"RAYYA","block_lgd":221,"Remark":null,"ac_no":null,"test":null,"shape_Length":3397.054486096948,"shape_Area":615802.7651226309}},{"arcs":[[1954,1955,1956,1957,-1895,1958,-1803]],"type":"Polygon","properties":{"OBJECTID":341588,"vilnam_soi":"CHANDANKE","stcode11":"03","dtcode11":"049","sdtcode11":"00258","vilcode11":"037789","stname":"PUNJAB","dtname":"Amritsar","sdtname":"Baba Bakala","vilname11":"Chananke  (110)","vil_lgd":37789,"dist_lgd":27,"state_lgd":3,"gp_code":237760,"gp_name":"CHANAN KE","subdt_lgd":258,"block_name":"TARSIKKA","block_lgd":223,"Remark":null,"ac_no":null,"test":null,"shape_Length":17344.699431933896,"shape_Area":8705797.412706895}},{"arcs":[[1959,-1815,1960]],"type":"Polygon","properties":{"OBJECTID":341589,"vilnam_soi":"CHHAPIANWALI","stcode11":"03","dtcode11":"049","sdtcode11":"00258","vilcode11":"037711","stname":"PUNJAB","dtname":"Amritsar","sdtname":"Baba Bakala","vilname11":"Chhapianwali (32)","vil_lgd":37711,"dist_lgd":27,"state_lgd":3,"gp_code":237848,"gp_name":"CHHAPIANWALI","subdt_lgd":258,"block_name":"RAYYA","block_lgd":221,"Remark":null,"ac_no":null,"test":null,"shape_Length":8128.559986384779,"shape_Area":2740131.650861566}},{"arcs":[[1961,-1864,1962,-1372,-1239,1963,1964]],"type":"Polygon","properties":{"OBJECTID":341590,"vilnam_soi":"CHHAJALWADDI","stcode11":"03","dtcode11":"049","sdtcode11":"00258","vilcode11":"037728","stname":"PUNJAB","dtname":"Amritsar","sdtname":"Baba Bakala","vilname11":"Chhajjal Wadi (127)","vil_lgd":37728,"dist_lgd":27,"state_lgd":3,"gp_code":238064,"gp_name":"CHAJJALWADI","subdt_lgd":258,"block_name":"JANDIALA GURU","block_lgd":216,"Remark":null,"ac_no":null,"test":null,"shape_Length":13222.90991060355,"shape_Area":10069580.698572082}},{"arcs":[[[1965,1966]],[[1967,1968,1969,1970,1971]]],"type":"MultiPolygon","properties":{"OBJECTID":341591,"vilnam_soi":"CHUNG","stcode11":"03","dtcode11":"049","sdtcode11":"00258","vilcode11":"037812","stname":"PUNJAB","dtname":"Amritsar","sdtname":"Baba Bakala","vilname11":"Chung (67)","vil_lgd":37812,"dist_lgd":27,"state_lgd":3,"gp_code":237850,"gp_name":"CHUNG","subdt_lgd":258,"block_name":"RAYYA","block_lgd":221,"Remark":null,"ac_no":null,"test":null,"shape_Length":14898.057955149308,"shape_Area":4419121.911358002}},{"arcs":[[1972,1973,-1876,1974]],"type":"Polygon","properties":{"OBJECTID":341592,"vilnam_soi":"DUD","stcode11":"03","dtcode11":"049","sdtcode11":"00258","vilcode11":"037808","stname":"PUNJAB","dtname":"Amritsar","sdtname":"Baba Bakala","vilname11":"Daud (71)","vil_lgd":37808,"dist_lgd":27,"state_lgd":3,"gp_code":237852,"gp_name":"DAUD","subdt_lgd":258,"block_name":"RAYYA","block_lgd":221,"Remark":null,"ac_no":null,"test":null,"shape_Length":7152.092686911134,"shape_Area":2111575.3474046565}},{"arcs":[[1975,1976,1977,1978]],"type":"Polygon","properties":{"OBJECTID":341593,"vilnam_soi":"DANIAL","stcode11":"03","dtcode11":"049","sdtcode11":"00258","vilcode11":"037804","stname":"PUNJAB","dtname":"Amritsar","sdtname":"Baba Bakala","vilname11":"Danial (38)","vil_lgd":37804,"dist_lgd":27,"state_lgd":3,"gp_code":237851,"gp_name":"DANIAL","subdt_lgd":258,"block_name":"RAYYA","block_lgd":221,"Remark":null,"ac_no":null,"test":null,"shape_Length":6524.225108401113,"shape_Area":2164833.6636378197}},{"arcs":[[1979,-1850,1980,-1961,-1814,1981]],"type":"Polygon","properties":{"OBJECTID":341594,"vilnam_soi":"DAULU NANGAL","stcode11":"03","dtcode11":"049","sdtcode11":"00258","vilcode11":"037710","stname":"PUNJAB","dtname":"Amritsar","sdtname":"Baba Bakala","vilname11":"Daulo Nangal  (33)","vil_lgd":37710,"dist_lgd":27,"state_lgd":3,"gp_code":237830,"gp_name":"BABA SAWAN SINGH NAGAR","subdt_lgd":258,"block_name":"RAYYA","block_lgd":221,"Remark":null,"ac_no":null,"test":null,"shape_Length":10785.732474724078,"shape_Area":4912284.149298298}},{"arcs":[[1982,1983,-1837]],"type":"Polygon","properties":{"OBJECTID":341595,"vilnam_soi":"DERA BABA JAIMALSINGH","stcode11":"03","dtcode11":"049","sdtcode11":"00258","vilcode11":"037829","stname":"PUNJAB","dtname":"Amritsar","sdtname":"Baba Bakala","vilname11":"Dera Baba Jaimal Singh  (428)","vil_lgd":37829,"dist_lgd":27,"state_lgd":3,"gp_code":237853,"gp_name":"DERA BABA JAIMAL SINGH","subdt_lgd":258,"block_name":"RAYYA","block_lgd":221,"Remark":null,"ac_no":null,"test":null,"shape_Length":7178.864102182996,"shape_Area":2612187.824365154}},{"arcs":[[1984,-1940,1985]],"type":"Polygon","properties":{"OBJECTID":341596,"vilnam_soi":"DEVIDASPUR","stcode11":"03","dtcode11":"049","sdtcode11":"00258","vilcode11":"037815","stname":"PUNJAB","dtname":"Amritsar","sdtname":"Baba Bakala","vilname11":"Devidasspura (62)","vil_lgd":37815,"dist_lgd":27,"state_lgd":3,"gp_code":238305,"gp_name":"SHAHPUR","subdt_lgd":258,"block_name":"RAYYA","block_lgd":221,"Remark":null,"ac_no":null,"test":null,"shape_Length":5717.999192717277,"shape_Area":1559010.689851911}},{"arcs":[[1986,-1464,-1347,1987]],"type":"Polygon","properties":{"OBJECTID":341597,"vilnam_soi":"DHARAR","stcode11":"03","dtcode11":"049","sdtcode11":"00258","vilcode11":"037539","stname":"PUNJAB","dtname":"Amritsar","sdtname":"Baba Bakala","vilname11":"Dharar (87)","vil_lgd":37539,"dist_lgd":27,"state_lgd":3,"gp_code":238291,"gp_name":"DHARAR","subdt_lgd":258,"block_name":"JANDIALA GURU","block_lgd":216,"Remark":null,"ac_no":null,"test":null,"shape_Length":15992.129305263443,"shape_Area":9775347.280893996}},{"arcs":[[-1944,1988,1989,1990,-1973,1991,1992]],"type":"Polygon","properties":{"OBJECTID":341598,"vilnam_soi":"DHARDEO","stcode11":"03","dtcode11":"049","sdtcode11":"00258","vilcode11":"037809","stname":"PUNJAB","dtname":"Amritsar","sdtname":"Baba Bakala","vilname11":"Dhardeo (70)","vil_lgd":37809,"dist_lgd":27,"state_lgd":3,"gp_code":238301,"gp_name":"DHAR DEO","subdt_lgd":258,"block_name":"RAYYA","block_lgd":221,"Remark":null,"ac_no":null,"test":null,"shape_Length":19356.859228557365,"shape_Area":13659332.232948275}},{"arcs":[[1993,-1957,1994,1995,1996,-1841]],"type":"Polygon","properties":{"OBJECTID":341599,"vilnam_soi":"DHARMU CHAK","stcode11":"03","dtcode11":"049","sdtcode11":"00258","vilcode11":"037781","stname":"PUNJAB","dtname":"Amritsar","sdtname":"Baba Bakala","vilname11":"Dharmu Chak (101)","vil_lgd":37781,"dist_lgd":27,"state_lgd":3,"gp_code":237763,"gp_name":"DHARMU CHAK","subdt_lgd":258,"block_name":"TARSIKKA","block_lgd":223,"Remark":null,"ac_no":null,"test":null,"shape_Length":9132.999744560837,"shape_Area":2898579.3415352977}},{"arcs":[[1997,1998,1999,2000,-1877,2001,2002,2003,2004,-1860]],"type":"Polygon","properties":{"OBJECTID":341600,"vilnam_soi":"DHERIWALA","stcode11":"03","dtcode11":"049","sdtcode11":"00258","vilcode11":"037750","stname":"PUNJAB","dtname":"Amritsar","sdtname":"Baba Bakala","vilname11":"Dehriwal (95)","vil_lgd":37750,"dist_lgd":27,"state_lgd":3,"gp_code":237762,"gp_name":"DEHRIWAL","subdt_lgd":258,"block_name":"TARSIKKA","block_lgd":223,"Remark":null,"ac_no":null,"test":null,"shape_Length":17014.75237416261,"shape_Area":9082310.336779142}},{"arcs":[[2005,-1824,2006,2007,2008,-1858,2009]],"type":"Polygon","properties":{"OBJECTID":341601,"vilnam_soi":"DHULKA","stcode11":"03","dtcode11":"049","sdtcode11":"00258","vilcode11":"037724","stname":"PUNJAB","dtname":"Amritsar","sdtname":"Baba Bakala","vilname11":"Dhulka (79)","vil_lgd":37724,"dist_lgd":27,"state_lgd":3,"gp_code":237764,"gp_name":"DHULKA","subdt_lgd":258,"block_name":"TARSIKKA","block_lgd":223,"Remark":null,"ac_no":null,"test":null,"shape_Length":16420.528874813146,"shape_Area":8790588.950793587}},{"arcs":[[2010,2011,2012,2013,-1976,2014,2015,-1810]],"type":"Polygon","properties":{"OBJECTID":341602,"vilnam_soi":"DHYANPUR","stcode11":"03","dtcode11":"049","sdtcode11":"00258","vilcode11":"037805","stname":"PUNJAB","dtname":"Amritsar","sdtname":"Baba Bakala","vilname11":"Dhianpur  (30)","vil_lgd":37805,"dist_lgd":27,"state_lgd":3,"gp_code":237854,"gp_name":"DHIAN PURA","subdt_lgd":258,"block_name":"RAYYA","block_lgd":221,"Remark":null,"ac_no":null,"test":null,"shape_Length":18386.24201913731,"shape_Area":7723127.57044516}},{"arcs":[[2016,-1882,-1938,2017,2018,2019,2020,2021]],"type":"Polygon","properties":{"OBJECTID":341603,"vilnam_soi":"FATUWAL","stcode11":"03","dtcode11":"049","sdtcode11":"00258","vilcode11":"037718","stname":"PUNJAB","dtname":"Amritsar","sdtname":"Baba Bakala","vilname11":"Naranjanpur Fattuwal (26)","vil_lgd":37718,"dist_lgd":27,"state_lgd":3,"gp_code":261455,"gp_name":"BABA JIWAN SINGH NAGAR","subdt_lgd":258,"block_name":"RAYYA","block_lgd":221,"Remark":null,"ac_no":null,"test":null,"shape_Length":12057.847132149565,"shape_Area":5820145.337036033}},{"arcs":[[2022,2023,-1866,2024,2025]],"type":"Polygon","properties":{"OBJECTID":341604,"vilnam_soi":"GAZIWAL MIANI","stcode11":"03","dtcode11":"049","sdtcode11":"00258","vilcode11":"037833","stname":"PUNJAB","dtname":"Amritsar","sdtname":"Baba Bakala","vilname11":"Ghaziwal Miani  (5)","vil_lgd":37833,"dist_lgd":27,"state_lgd":3,"gp_code":237858,"gp_name":"GAZIWAL","subdt_lgd":258,"block_name":"RAYYA","block_lgd":221,"Remark":null,"ac_no":null,"test":null,"shape_Length":12333.361539967409,"shape_Area":5559697.638028321}},{"arcs":[[2026,2027,2028,-1118,2029]],"type":"Polygon","properties":{"OBJECTID":341605,"vilnam_soi":"GADARZADA","stcode11":"03","dtcode11":"049","sdtcode11":"00258","vilcode11":"037764","stname":"PUNJAB","dtname":"Amritsar","sdtname":"Baba Bakala","vilname11":"Gaddo Rajada (190)","vil_lgd":37764,"dist_lgd":27,"state_lgd":3,"gp_code":237766,"gp_name":"GADDARJADA","subdt_lgd":258,"block_name":"TARSIKKA","block_lgd":223,"Remark":null,"ac_no":null,"test":null,"shape_Length":8426.0561552807,"shape_Area":2701646.991644754}},{"arcs":[[-1989,-1943,-1930,2030,-1953,2031,2032]],"type":"Polygon","properties":{"OBJECTID":341606,"vilnam_soi":"GAGGARBHANA","stcode11":"03","dtcode11":"049","sdtcode11":"00258","vilcode11":"037821","stname":"PUNJAB","dtname":"Amritsar","sdtname":"Baba Bakala","vilname11":"Gaggar Bhana (43)","vil_lgd":37821,"dist_lgd":27,"state_lgd":3,"gp_code":237857,"gp_name":"GAGAR BHANA","subdt_lgd":258,"block_name":"RAYYA","block_lgd":221,"Remark":null,"ac_no":null,"test":null,"shape_Length":17041.567773570023,"shape_Area":9607185.241414787}},{"arcs":[[2033,-1840,2034,-1928,2035,2036]],"type":"Polygon","properties":{"OBJECTID":341607,"vilnam_soi":"GHAZIWAL","stcode11":"03","dtcode11":"049","sdtcode11":"00258","vilcode11":"037836","stname":"PUNJAB","dtname":"Amritsar","sdtname":"Baba Bakala","vilname11":"Gaziwal (47)","vil_lgd":37836,"dist_lgd":27,"state_lgd":3,"gp_code":237858,"gp_name":"GAZIWAL","subdt_lgd":258,"block_name":"RAYYA","block_lgd":221,"Remark":null,"ac_no":null,"test":null,"shape_Length":12696.37328882076,"shape_Area":3325887.466708507}},{"arcs":[[-1994,-1845,2037,-1896,-1958]],"type":"Polygon","properties":{"OBJECTID":341608,"vilnam_soi":"GHANSHAMPURA","stcode11":"03","dtcode11":"049","sdtcode11":"00258","vilcode11":"037782","stname":"PUNJAB","dtname":"Amritsar","sdtname":"Baba Bakala","vilname11":"Ghanshampur (111)","vil_lgd":37782,"dist_lgd":27,"state_lgd":3,"gp_code":243946,"gp_name":"CHOTA GHANSHAMPUR","subdt_lgd":258,"block_name":"TARSIKKA","block_lgd":223,"Remark":null,"ac_no":null,"test":null,"shape_Length":7589.925822032165,"shape_Area":2447997.719799506}},{"arcs":[[2038,2039,2040,2041,2042]],"type":"Polygon","properties":{"OBJECTID":341609,"vilnam_soi":"GHUGHAWIND HINDUAN","stcode11":"03","dtcode11":"049","sdtcode11":"00258","vilcode11":"037793","stname":"PUNJAB","dtname":"Amritsar","sdtname":"Baba Bakala","vilname11":"Ghuhatwind Hinduan (104)","vil_lgd":37793,"dist_lgd":27,"state_lgd":3,"gp_code":237859,"gp_name":"GHOHATWIND HINDUAN","subdt_lgd":258,"block_name":"RAYYA","block_lgd":221,"Remark":null,"ac_no":null,"test":null,"shape_Length":13571.114182187543,"shape_Area":3628011.810181492}},{"arcs":[[2043,2044,2045,-2042]],"type":"Polygon","properties":{"OBJECTID":341610,"vilnam_soi":"GHUGHAWIND MUSALMANAN","stcode11":"03","dtcode11":"049","sdtcode11":"00258","vilcode11":"037794","stname":"PUNJAB","dtname":"Amritsar","sdtname":"Baba Bakala","vilname11":"Ghuhatwind Musalmana (105)","vil_lgd":37794,"dist_lgd":27,"state_lgd":3,"gp_code":237772,"gp_name":"KUHATWIND MUSALMANA","subdt_lgd":258,"block_name":"TARSIKKA","block_lgd":223,"Remark":null,"ac_no":null,"test":null,"shape_Length":12423.517883948693,"shape_Area":2660829.7969125006}},{"arcs":[[2046,2047,2048]],"type":"Polygon","properties":{"OBJECTID":341611,"vilnam_soi":"HASANPUR","stcode11":"03","dtcode11":"049","sdtcode11":"00258","vilcode11":"037705","stname":"PUNJAB","dtname":"Amritsar","sdtname":"Baba Bakala","vilname11":"Hassanpur (14)","vil_lgd":37705,"dist_lgd":27,"state_lgd":3,"gp_code":237862,"gp_name":"HASSANPUR","subdt_lgd":258,"block_name":"RAYYA","block_lgd":221,"Remark":null,"ac_no":null,"test":null,"shape_Length":6833.239846047034,"shape_Area":1911601.4701883374}},{"arcs":[[-1108,-1456,-1222,-1453,2049]],"type":"Polygon","properties":{"OBJECTID":341612,"vilnam_soi":"JIWN BHANDAR","stcode11":"03","dtcode11":"049","sdtcode11":"00258","vilcode11":"037738","stname":"PUNJAB","dtname":"Amritsar","sdtname":"Baba Bakala","vilname11":"Jiwan Pandher  (166)","vil_lgd":37738,"dist_lgd":27,"state_lgd":3,"gp_code":237770,"gp_name":"JIWAN PANDHER","subdt_lgd":258,"block_name":"TARSIKKA","block_lgd":223,"Remark":null,"ac_no":null,"test":null,"shape_Length":8815.188214243733,"shape_Area":2275221.567501396}},{"arcs":[[2050,2051,2052,2053,2054,2055,2056,-1914,2057,-1488]],"type":"Polygon","properties":{"OBJECTID":341613,"vilnam_soi":"JABBOWAL","stcode11":"03","dtcode11":"049","sdtcode11":"00258","vilcode11":"037732","stname":"PUNJAB","dtname":"Amritsar","sdtname":"Baba Bakala","vilname11":"Jabbowal (123)","vil_lgd":37732,"dist_lgd":27,"state_lgd":3,"gp_code":238306,"gp_name":"JABBOWAL","subdt_lgd":258,"block_name":"TARSIKKA","block_lgd":223,"Remark":null,"ac_no":null,"test":null,"shape_Length":15478.32682133469,"shape_Area":11223834.61414142}},{"arcs":[[-2041,2058,2059,-1995,-1956,2060,-2044]],"type":"Polygon","properties":{"OBJECTID":341614,"vilnam_soi":"JALAL USMAN","stcode11":"03","dtcode11":"049","sdtcode11":"00258","vilcode11":"037792","stname":"PUNJAB","dtname":"Amritsar","sdtname":"Baba Bakala","vilname11":"Jalal (102)","vil_lgd":37792,"dist_lgd":27,"state_lgd":3,"gp_code":237863,"gp_name":"JALLAL","subdt_lgd":258,"block_name":"RAYYA","block_lgd":221,"Remark":null,"ac_no":null,"test":null,"shape_Length":18761.82653061102,"shape_Area":8153183.503322766}},{"arcs":[[2061,2062,2063,2064,2065,2066]],"type":"Polygon","properties":{"OBJECTID":341615,"vilnam_soi":"JALALPUR SHERON","stcode11":"03","dtcode11":"049","sdtcode11":"00258","vilcode11":"037844","stname":"PUNJAB","dtname":"Amritsar","sdtname":"Baba Bakala","vilname11":"Jalalpur Sheron (55)","vil_lgd":37844,"dist_lgd":27,"state_lgd":3,"gp_code":243942,"gp_name":"JALALPUR SHERON","subdt_lgd":258,"block_name":"RAYYA","block_lgd":221,"Remark":null,"ac_no":null,"test":null,"shape_Length":10889.920199389018,"shape_Area":2651717.903760772}},{"arcs":[[-1811,-2016,2067,2068]],"type":"Polygon","properties":{"OBJECTID":341616,"vilnam_soi":"JALAPUR SATHIALA","stcode11":"03","dtcode11":"049","sdtcode11":"00258","vilcode11":"037806","stname":"PUNJAB","dtname":"Amritsar","sdtname":"Baba Bakala","vilname11":"Jalalpur Sathiala (37)","vil_lgd":37806,"dist_lgd":27,"state_lgd":3,"gp_code":0,"gp_name":"","subdt_lgd":258,"block_name":"RAYYA","block_lgd":221,"Remark":null,"ac_no":null,"test":null,"shape_Length":8636.39605535921,"shape_Area":2976857.4114053245}},{"arcs":[[2069,2070,-1885,2071]],"type":"Polygon","properties":{"OBJECTID":341617,"vilnam_soi":"JALLUPUR KHERA","stcode11":"03","dtcode11":"049","sdtcode11":"00258","vilcode11":"037702","stname":"PUNJAB","dtname":"Amritsar","sdtname":"Baba Bakala","vilname11":"Jallupur Khera (16)","vil_lgd":37702,"dist_lgd":27,"state_lgd":3,"gp_code":237865,"gp_name":"JALLUPUR KHERRA","subdt_lgd":258,"block_name":"RAYYA","block_lgd":221,"Remark":null,"ac_no":null,"test":null,"shape_Length":8590.868121103778,"shape_Area":3863084.853086965}},{"arcs":[[2072,-1851,-1980,2073,2074]],"type":"Polygon","properties":{"OBJECTID":341618,"vilnam_soi":"JALLOWAL","stcode11":"03","dtcode11":"049","sdtcode11":"00258","vilcode11":"037827","stname":"PUNJAB","dtname":"Amritsar","sdtname":"Baba Bakala","vilname11":"Jalluwal (34)","vil_lgd":37827,"dist_lgd":27,"state_lgd":3,"gp_code":237864,"gp_name":"JALLUWAL","subdt_lgd":258,"block_name":"RAYYA","block_lgd":221,"Remark":null,"ac_no":null,"test":null,"shape_Length":6940.081089652612,"shape_Area":2452363.6150045665}},{"arcs":[[2075,2076,-1934,2077,2078]],"type":"Polygon","properties":{"OBJECTID":341619,"vilnam_soi":"JAMALPUR","stcode11":"03","dtcode11":"049","sdtcode11":"00258","vilcode11":"037840","stname":"PUNJAB","dtname":"Amritsar","sdtname":"Baba Bakala","vilname11":"Jamalpur (57)","vil_lgd":37840,"dist_lgd":27,"state_lgd":3,"gp_code":237866,"gp_name":"JAMALPUR","subdt_lgd":258,"block_name":"RAYYA","block_lgd":221,"Remark":null,"ac_no":null,"test":null,"shape_Length":7364.855411389676,"shape_Area":2456808.407955688}},{"arcs":[[2079,-1856,-2005,2080,2081,-1873]],"type":"Polygon","properties":{"OBJECTID":341620,"vilnam_soi":"JASPAL","stcode11":"03","dtcode11":"049","sdtcode11":"00258","vilcode11":"037753","stname":"PUNJAB","dtname":"Amritsar","sdtname":"Baba Bakala","vilname11":"Jaspal (76)","vil_lgd":37753,"dist_lgd":27,"state_lgd":3,"gp_code":237769,"gp_name":"JASPAL","subdt_lgd":258,"block_name":"TARSIKKA","block_lgd":223,"Remark":null,"ac_no":null,"test":null,"shape_Length":9094.551194287444,"shape_Area":3784827.1039129645}},{"arcs":[[2082,2083]],"type":"Polygon","properties":{"OBJECTID":341621,"vilnam_soi":"JHANBKE","stcode11":"03","dtcode11":"049","sdtcode11":"00258","vilcode11":"037786","stname":"PUNJAB","dtname":"Amritsar","sdtname":"Baba Bakala","vilname11":"Jhamke (204)","vil_lgd":37786,"dist_lgd":27,"state_lgd":3,"gp_code":238307,"gp_name":"JHAMKA","subdt_lgd":258,"block_name":"TARSIKKA","block_lgd":223,"Remark":null,"ac_no":null,"test":null,"shape_Length":6406.703646268689,"shape_Area":1775093.376049853}},{"arcs":[[-2006,2084,2085,2086,2087,-1936,2088,-1820]],"type":"Polygon","properties":{"OBJECTID":341622,"vilnam_soi":"JHARU NANGAL","stcode11":"03","dtcode11":"049","sdtcode11":"00258","vilcode11":"037723","stname":"PUNJAB","dtname":"Amritsar","sdtname":"Baba Bakala","vilname11":"Jharu Nangal (80)","vil_lgd":37723,"dist_lgd":27,"state_lgd":3,"gp_code":237771,"gp_name":"JHARU NANGAL","subdt_lgd":258,"block_name":"TARSIKKA","block_lgd":223,"Remark":null,"ac_no":null,"test":null,"shape_Length":10310.763009047647,"shape_Area":5334156.657567977}},{"arcs":[[2089,-2036,-1927]],"type":"Polygon","properties":{"OBJECTID":341623,"vilnam_soi":"JHALARI","stcode11":"03","dtcode11":"049","sdtcode11":"00258","vilcode11":"037837","stname":"PUNJAB","dtname":"Amritsar","sdtname":"Baba Bakala","vilname11":"Jhalari  (50)","vil_lgd":37837,"dist_lgd":27,"state_lgd":3,"gp_code":237868,"gp_name":"JHALARI","subdt_lgd":258,"block_name":"RAYYA","block_lgd":221,"Remark":null,"ac_no":null,"test":null,"shape_Length":10075.419766981473,"shape_Area":2787608.247082361}},{"arcs":[[2090,2091,-2054,2092,2093,-1999]],"type":"Polygon","properties":{"OBJECTID":341624,"vilnam_soi":"JODHANAGARI","stcode11":"03","dtcode11":"049","sdtcode11":"00258","vilcode11":"037744","stname":"PUNJAB","dtname":"Amritsar","sdtname":"Baba Bakala","vilname11":"Jodhanagri (94)","vil_lgd":37744,"dist_lgd":27,"state_lgd":3,"gp_code":237824,"gp_name":"CHARAN SINGH WALA","subdt_lgd":258,"block_name":"TARSIKKA","block_lgd":223,"Remark":null,"ac_no":null,"test":null,"shape_Length":11901.991886552012,"shape_Area":4819537.520317834}},{"arcs":[[-1867,-2024,2094,-1835,-2034,2095]],"type":"Polygon","properties":{"OBJECTID":341625,"vilnam_soi":"JODHE","stcode11":"03","dtcode11":"049","sdtcode11":"00258","vilcode11":"037832","stname":"PUNJAB","dtname":"Amritsar","sdtname":"Baba Bakala","vilname11":"Jodhe (6)","vil_lgd":37832,"dist_lgd":27,"state_lgd":3,"gp_code":237870,"gp_name":"JODHA","subdt_lgd":258,"block_name":"RAYYA","block_lgd":221,"Remark":null,"ac_no":null,"test":null,"shape_Length":16446.771409866495,"shape_Area":8785909.05361797}},{"arcs":[[-1872,2096,-2085,-2010,-1857,-2080]],"type":"Polygon","properties":{"OBJECTID":341626,"vilnam_soi":"KALEKE","stcode11":"03","dtcode11":"049","sdtcode11":"00258","vilcode11":"037748","stname":"PUNJAB","dtname":"Amritsar","sdtname":"Baba Bakala","vilname11":"Kaleke (77)","vil_lgd":37748,"dist_lgd":27,"state_lgd":3,"gp_code":237773,"gp_name":"KALEKE","subdt_lgd":258,"block_name":"TARSIKKA","block_lgd":223,"Remark":null,"ac_no":null,"test":null,"shape_Length":11257.039406570366,"shape_Area":4696029.733810934}},{"arcs":[[2097,2098,-2020,2099,2100,-2013]],"type":"Polygon","properties":{"OBJECTID":341627,"vilnam_soi":"KALER","stcode11":"03","dtcode11":"049","sdtcode11":"00258","vilcode11":"037719","stname":"PUNJAB","dtname":"Amritsar","sdtname":"Baba Bakala","vilname11":"Kaler Ghumman (29)","vil_lgd":37719,"dist_lgd":27,"state_lgd":3,"gp_code":237871,"gp_name":"KALER GHUMAN","subdt_lgd":258,"block_name":"RAYYA","block_lgd":221,"Remark":null,"ac_no":null,"test":null,"shape_Length":9588.633558521313,"shape_Area":4344917.612944598}},{"arcs":[[-1827,2101,-1807,-1804,-1959,-1894,2102]],"type":"Polygon","properties":{"OBJECTID":341628,"vilnam_soi":"KALER BALA","stcode11":"03","dtcode11":"049","sdtcode11":"00258","vilcode11":"037784","stname":"PUNJAB","dtname":"Amritsar","sdtname":"Baba Bakala","vilname11":"Kaler Bala Pa (202)","vil_lgd":37784,"dist_lgd":27,"state_lgd":3,"gp_code":237775,"gp_name":"KALER BALA","subdt_lgd":258,"block_name":"TARSIKKA","block_lgd":223,"Remark":null,"ac_no":null,"test":null,"shape_Length":9040.47251911986,"shape_Area":4104044.7410881277}},{"arcs":[[-1932,-1942,2103,2104]],"type":"Polygon","properties":{"OBJECTID":341629,"vilnam_soi":"KAMMOKE","stcode11":"03","dtcode11":"049","sdtcode11":"00258","vilcode11":"037819","stname":"PUNJAB","dtname":"Amritsar","sdtname":"Baba Bakala","vilname11":"Kammonke  (59)","vil_lgd":37819,"dist_lgd":27,"state_lgd":3,"gp_code":237872,"gp_name":"KAMO KE","subdt_lgd":258,"block_name":"RAYYA","block_lgd":221,"Remark":null,"ac_no":null,"test":null,"shape_Length":12848.914320857995,"shape_Area":3458441.408180871}},{"arcs":[[2105,2106,-2064,2107,2108,-2076]],"type":"Polygon","properties":{"OBJECTID":341630,"vilnam_soi":"KARTARPUR","stcode11":"03","dtcode11":"049","sdtcode11":"00258","vilcode11":"037842","stname":"PUNJAB","dtname":"Amritsar","sdtname":"Baba Bakala","vilname11":"Kartarpur (56)","vil_lgd":37842,"dist_lgd":27,"state_lgd":3,"gp_code":237873,"gp_name":"KARTAR PUR","subdt_lgd":258,"block_name":"RAYYA","block_lgd":221,"Remark":null,"ac_no":null,"test":null,"shape_Length":8451.495769483268,"shape_Area":2032400.7294214626}},{"arcs":[[-2066,2109,2110]],"type":"Polygon","properties":{"OBJECTID":341631,"vilnam_soi":"KHASI","stcode11":"03","dtcode11":"049","sdtcode11":"00258","vilcode11":"037843","stname":"PUNJAB","dtname":"Amritsar","sdtname":"Baba Bakala","vilname11":"Khasi  (4)","vil_lgd":37843,"dist_lgd":27,"state_lgd":3,"gp_code":237876,"gp_name":"KHASI","subdt_lgd":258,"block_name":"RAYYA","block_lgd":221,"Remark":null,"ac_no":null,"test":null,"shape_Length":3367.9668749267394,"shape_Area":553229.6724717852}},{"arcs":[[2111,2112,2113,2114,-1947,2115,-1967,2116,-1968]],"type":"Polygon","properties":{"OBJECTID":341632,"vilnam_soi":"KHABBA RAJPUTAN","stcode11":"03","dtcode11":"049","sdtcode11":"00258","vilcode11":"037811","stname":"PUNJAB","dtname":"Amritsar","sdtname":"Baba Bakala","vilname11":"Khabbe Rajputan (65)","vil_lgd":37811,"dist_lgd":27,"state_lgd":3,"gp_code":237874,"gp_name":"KHABE RAJPUTTAN","subdt_lgd":258,"block_name":"RAYYA","block_lgd":221,"Remark":null,"ac_no":null,"test":null,"shape_Length":19310.635569306913,"shape_Area":11817637.099162024}},{"arcs":[[-2090,-1926,2117,-1868,-2096,-2037]],"type":"Polygon","properties":{"OBJECTID":341633,"vilnam_soi":"KHERA THANEWAL","stcode11":"03","dtcode11":"049","sdtcode11":"00258","vilcode11":"037835","stname":"PUNJAB","dtname":"Amritsar","sdtname":"Baba Bakala","vilname11":"Khera Thanewal (49)","vil_lgd":37835,"dist_lgd":27,"state_lgd":3,"gp_code":237877,"gp_name":"KHERA THANEWAL","subdt_lgd":258,"block_name":"RAYYA","block_lgd":221,"Remark":null,"ac_no":null,"test":null,"shape_Length":8540.49356560718,"shape_Area":2068295.4940340002}},{"arcs":[[2118,2119,-1138,2120,-1119,-2029]],"type":"Polygon","properties":{"OBJECTID":341634,"vilnam_soi":"KHIDOWALI","stcode11":"03","dtcode11":"049","sdtcode11":"00258","vilcode11":"037763","stname":"PUNJAB","dtname":"Amritsar","sdtname":"Baba Bakala","vilname11":"Khiddowali (189)","vil_lgd":37763,"dist_lgd":27,"state_lgd":3,"gp_code":237776,"gp_name":"KHIDOWALI","subdt_lgd":258,"block_name":"TARSIKKA","block_lgd":223,"Remark":null,"ac_no":null,"test":null,"shape_Length":8382.163551483154,"shape_Area":2464380.422156478}},{"arcs":[[-1888,2121,-1905,2122,2123,2124,-1821,-2089,-1935]],"type":"Polygon","properties":{"OBJECTID":341635,"vilnam_soi":"KHILCHIAN","stcode11":"03","dtcode11":"049","sdtcode11":"00258","vilcode11":"037848","stname":"PUNJAB","dtname":"Amritsar","sdtname":"Baba Bakala","vilname11":"Khilchian (CT)","vil_lgd":37848,"dist_lgd":27,"state_lgd":3,"gp_code":237878,"gp_name":"KHILCHIAN","subdt_lgd":258,"block_name":"RAYYA","block_lgd":221,"Remark":null,"ac_no":null,"test":null,"shape_Length":11019.48048390531,"shape_Area":6560370.643920905}},{"arcs":[[-1504,2125,2126,2127,-1103,-2050,-1452,-1457,-1141]],"type":"Polygon","properties":{"OBJECTID":341636,"vilnam_soi":"KOHALA","stcode11":"03","dtcode11":"049","sdtcode11":"00258","vilcode11":"037739","stname":"PUNJAB","dtname":"Amritsar","sdtname":"Baba Bakala","vilname11":"Kohala (165)","vil_lgd":37739,"dist_lgd":27,"state_lgd":3,"gp_code":237777,"gp_name":"KOHALA","subdt_lgd":258,"block_name":"TARSIKKA","block_lgd":223,"Remark":null,"ac_no":null,"test":null,"shape_Length":13780.326211942725,"shape_Area":9820325.84675425}},{"arcs":[[2128,2129,-2003,2130]],"type":"Polygon","properties":{"OBJECTID":341637,"vilnam_soi":"KOT HAYAT","stcode11":"03","dtcode11":"049","sdtcode11":"00258","vilcode11":"037751","stname":"PUNJAB","dtname":"Amritsar","sdtname":"Baba Bakala","vilname11":"Kot Hayat (97)","vil_lgd":37751,"dist_lgd":27,"state_lgd":3,"gp_code":237779,"gp_name":"KOT HAYAT","subdt_lgd":258,"block_name":"TARSIKKA","block_lgd":223,"Remark":null,"ac_no":null,"test":null,"shape_Length":7114.030360763669,"shape_Area":1983961.1450730101}},{"arcs":[[2131,2132,2133,2134,2135,2136,-2127]],"type":"Polygon","properties":{"OBJECTID":341638,"vilnam_soi":"KOT KHERA","stcode11":"03","dtcode11":"049","sdtcode11":"00258","vilcode11":"037741","stname":"PUNJAB","dtname":"Amritsar","sdtname":"Baba Bakala","vilname11":"Kot Khera (163)","vil_lgd":37741,"dist_lgd":27,"state_lgd":3,"gp_code":237778,"gp_name":"KOT KHERA","subdt_lgd":258,"block_name":"TARSIKKA","block_lgd":223,"Remark":null,"ac_no":null,"test":null,"shape_Length":8377.202317756672,"shape_Area":3371675.330793694}},{"arcs":[[2137,2138,-2074,-1982,-1813]],"type":"Polygon","properties":{"OBJECTID":341639,"vilnam_soi":"LAKHUWAL","stcode11":"03","dtcode11":"049","sdtcode11":"00258","vilcode11":"037826","stname":"PUNJAB","dtname":"Amritsar","sdtname":"Baba Bakala","vilname11":"Lakhuwal  (35)","vil_lgd":37826,"dist_lgd":27,"state_lgd":3,"gp_code":237880,"gp_name":"LAKHUWAL","subdt_lgd":258,"block_name":"RAYYA","block_lgd":221,"Remark":null,"ac_no":null,"test":null,"shape_Length":6537.729036582043,"shape_Area":2368268.015087267}},{"arcs":[[2139,-2048,2140,-2070,2141]],"type":"Polygon","properties":{"OBJECTID":341640,"vilnam_soi":"LIDHAR","stcode11":"03","dtcode11":"049","sdtcode11":"00258","vilcode11":"037704","stname":"PUNJAB","dtname":"Amritsar","sdtname":"Baba Bakala","vilname11":"Lidhar (15)","vil_lgd":37704,"dist_lgd":27,"state_lgd":3,"gp_code":237881,"gp_name":"LIDHER","subdt_lgd":258,"block_name":"RAYYA","block_lgd":221,"Remark":null,"ac_no":null,"test":null,"shape_Length":8625.191618684972,"shape_Area":3608687.264929977}},{"arcs":[[-2018,-1937,-2088,2142]],"type":"Polygon","properties":{"OBJECTID":341641,"vilnam_soi":"LOHARANWALA","stcode11":"03","dtcode11":"049","sdtcode11":"00258","vilcode11":"037720","stname":"PUNJAB","dtname":"Amritsar","sdtname":"Baba Bakala","vilname11":"Loharanwala (27)","vil_lgd":37720,"dist_lgd":27,"state_lgd":3,"gp_code":237882,"gp_name":"LOHGARH","subdt_lgd":258,"block_name":"RAYYA","block_lgd":221,"Remark":null,"ac_no":null,"test":null,"shape_Length":4372.570232405079,"shape_Area":932326.2941312706}},{"arcs":[[-2100,-2019,-2143,-2087,2143]],"type":"Polygon","properties":{"OBJECTID":341642,"vilnam_soi":"LOHGARH","stcode11":"03","dtcode11":"049","sdtcode11":"00258","vilcode11":"037722","stname":"PUNJAB","dtname":"Amritsar","sdtname":"Baba Bakala","vilname11":"Lohgarh (28)","vil_lgd":37722,"dist_lgd":27,"state_lgd":3,"gp_code":237882,"gp_name":"LOHGARH","subdt_lgd":258,"block_name":"RAYYA","block_lgd":221,"Remark":null,"ac_no":null,"test":null,"shape_Length":9700.936542871474,"shape_Area":4220257.926200907}},{"arcs":[[-2128,-2137,2144,-1298,-1371,-1496,-1104]],"type":"Polygon","properties":{"OBJECTID":341643,"vilnam_soi":"LOLA","stcode11":"03","dtcode11":"049","sdtcode11":"00258","vilcode11":"037737","stname":"PUNJAB","dtname":"Amritsar","sdtname":"Baba Bakala","vilname11":"Lola (162)","vil_lgd":37737,"dist_lgd":27,"state_lgd":3,"gp_code":237781,"gp_name":"LOLA DESHMESH NAGAR","subdt_lgd":258,"block_name":"TARSIKKA","block_lgd":223,"Remark":null,"ac_no":null,"test":null,"shape_Length":16105.125109756807,"shape_Area":12442934.608626654}},{"arcs":[[2145,-2021,-2099]],"type":"Polygon","properties":{"OBJECTID":341644,"vilnam_soi":"MADHYAN","stcode11":"03","dtcode11":"049","sdtcode11":"00258","vilcode11":"037717","stname":"PUNJAB","dtname":"Amritsar","sdtname":"Baba Bakala","vilname11":"Madh (25)","vil_lgd":37717,"dist_lgd":27,"state_lgd":3,"gp_code":237885,"gp_name":"MUDH","subdt_lgd":258,"block_name":"RAYYA","block_lgd":221,"Remark":null,"ac_no":null,"test":null,"shape_Length":5553.929341375035,"shape_Area":1581283.8605409623}},{"arcs":[[-2145,-2136,2146,-1486,-1299]],"type":"Polygon","properties":{"OBJECTID":341645,"vilnam_soi":"MALOWAL","stcode11":"03","dtcode11":"049","sdtcode11":"00258","vilcode11":"037736","stname":"PUNJAB","dtname":"Amritsar","sdtname":"Baba Bakala","vilname11":"Malowal (121)","vil_lgd":37736,"dist_lgd":27,"state_lgd":3,"gp_code":237788,"gp_name":"MALOWAL","subdt_lgd":258,"block_name":"TARSIKKA","block_lgd":223,"Remark":null,"ac_no":null,"test":null,"shape_Length":13303.464677648753,"shape_Area":7747953.368033796}},{"arcs":[[-2125,2147,-1822]],"type":"Polygon","properties":{"OBJECTID":341646,"vilnam_soi":"MADAH PUR","stcode11":"03","dtcode11":"049","sdtcode11":"00258","vilcode11":"037726","stname":"PUNJAB","dtname":"Amritsar","sdtname":"Baba Bakala","vilname11":"Madhepur (89)","vil_lgd":37726,"dist_lgd":27,"state_lgd":3,"gp_code":237782,"gp_name":"MADEPUR","subdt_lgd":258,"block_name":"TARSIKKA","block_lgd":223,"Remark":null,"ac_no":null,"test":null,"shape_Length":4759.3385665447695,"shape_Area":1152905.7943154953}},{"arcs":[[-1391,2148,2149,-1831,2150]],"type":"Polygon","properties":{"OBJECTID":341647,"vilnam_soi":"MAHMUDPURA","stcode11":"03","dtcode11":"049","sdtcode11":"00258","vilcode11":"037772","stname":"PUNJAB","dtname":"Amritsar","sdtname":"Baba Bakala","vilname11":"Mehmudpura (210)","vil_lgd":37772,"dist_lgd":27,"state_lgd":3,"gp_code":237787,"gp_name":"MEHMOOD PURA","subdt_lgd":258,"block_name":"TARSIKKA","block_lgd":223,"Remark":null,"ac_no":null,"test":null,"shape_Length":8191.882925028768,"shape_Area":2540513.549490996}},{"arcs":[[2151,-1874,-2082,-2129,2152,2153]],"type":"Polygon","properties":{"OBJECTID":341648,"vilnam_soi":"MAHSAMPUR KALAN","stcode11":"03","dtcode11":"049","sdtcode11":"00258","vilcode11":"037754","stname":"PUNJAB","dtname":"Amritsar","sdtname":"Baba Bakala","vilname11":"Mehsampur Kalan (75)","vil_lgd":37754,"dist_lgd":27,"state_lgd":3,"gp_code":237785,"gp_name":"MEHSAMPUR KALAN","subdt_lgd":258,"block_name":"TARSIKKA","block_lgd":223,"Remark":null,"ac_no":null,"test":null,"shape_Length":11086.639881665464,"shape_Area":6025465.093526755}},{"arcs":[[2154,-2154,-1996,-2060]],"type":"Polygon","properties":{"OBJECTID":341649,"vilnam_soi":"MAHSAMPUR KHURD","stcode11":"03","dtcode11":"049","sdtcode11":"00258","vilcode11":"037795","stname":"PUNJAB","dtname":"Amritsar","sdtname":"Baba Bakala","vilname11":"Mehsampur Khurd (74)","vil_lgd":37795,"dist_lgd":27,"state_lgd":3,"gp_code":237786,"gp_name":"MEHSAMPUR KHURD","subdt_lgd":258,"block_name":"TARSIKKA","block_lgd":223,"Remark":null,"ac_no":null,"test":null,"shape_Length":11288.700969693422,"shape_Area":2954498.739814579}},{"arcs":[[2155,2156,2157,-1917]],"type":"Polygon","properties":{"OBJECTID":341650,"vilnam_soi":"MAHTABKOT","stcode11":"03","dtcode11":"049","sdtcode11":"00258","vilcode11":"037708","stname":"PUNJAB","dtname":"Amritsar","sdtname":"Baba Bakala","vilname11":"Mehtabkot (12)","vil_lgd":37708,"dist_lgd":27,"state_lgd":3,"gp_code":237884,"gp_name":"MEHTAB KOT","subdt_lgd":258,"block_name":"RAYYA","block_lgd":221,"Remark":null,"ac_no":null,"test":null,"shape_Length":14892.328580227526,"shape_Area":7987065.17817688}},{"arcs":[[-1969,-2117,-1966,-2116,-1946,2158,2159]],"type":"Polygon","properties":{"OBJECTID":341651,"vilnam_soi":"MAHTA","stcode11":"03","dtcode11":"049","sdtcode11":"00258","vilcode11":"037798","stname":"PUNJAB","dtname":"Amritsar","sdtname":"Baba Bakala","vilname11":"Mehta  (68)","vil_lgd":37798,"dist_lgd":27,"state_lgd":3,"gp_code":237849,"gp_name":"CHOWK MEHTA","subdt_lgd":258,"block_name":"RAYYA","block_lgd":221,"Remark":null,"ac_no":null,"test":null,"shape_Length":18534.48407937412,"shape_Area":10005121.411820985}},{"arcs":[[-1913,2160,-1892,2161,-2119,-2028,2162,2163,-1834]],"type":"Polygon","properties":{"OBJECTID":341652,"vilnam_soi":"MATTEWAL","stcode11":"03","dtcode11":"049","sdtcode11":"00258","vilcode11":"037777","stname":"PUNJAB","dtname":"Amritsar","sdtname":"Baba Bakala","vilname11":"Mattewal (187)","vil_lgd":37777,"dist_lgd":27,"state_lgd":3,"gp_code":237784,"gp_name":"MATTEWAL","subdt_lgd":258,"block_name":"TARSIKKA","block_lgd":223,"Remark":null,"ac_no":null,"test":null,"shape_Length":16978.911236178923,"shape_Area":8624390.813433725}},{"arcs":[[-2007,-1823,-2148,-2124,2164,-1965,2165,-2056,2166]],"type":"Polygon","properties":{"OBJECTID":341653,"vilnam_soi":"MUCHHAL","stcode11":"03","dtcode11":"049","sdtcode11":"00258","vilcode11":"037727","stname":"PUNJAB","dtname":"Amritsar","sdtname":"Baba Bakala","vilname11":"Muchhal  (91)","vil_lgd":37727,"dist_lgd":27,"state_lgd":3,"gp_code":237789,"gp_name":"MUCHHAL","subdt_lgd":258,"block_name":"TARSIKKA","block_lgd":223,"Remark":null,"ac_no":null,"test":null,"shape_Length":13548.32154645133,"shape_Area":11418178.949226255}},{"arcs":[[-2058,-1916,2167,-1242,-1124,-1489]],"type":"Polygon","properties":{"OBJECTID":341654,"vilnam_soi":"NARAINGARH","stcode11":"03","dtcode11":"049","sdtcode11":"00258","vilcode11":"037730","stname":"PUNJAB","dtname":"Amritsar","sdtname":"Baba Bakala","vilname11":"Naraingarh (124)","vil_lgd":37730,"dist_lgd":27,"state_lgd":3,"gp_code":237792,"gp_name":"NARAINGARH","subdt_lgd":258,"block_name":"TARSIKKA","block_lgd":223,"Remark":null,"ac_no":null,"test":null,"shape_Length":6161.663642389704,"shape_Area":2159764.2460445943}},{"arcs":[[-1945,-1993,2168,-2039,2169,-2159]],"type":"Polygon","properties":{"OBJECTID":341655,"vilnam_soi":"NANGALI","stcode11":"03","dtcode11":"049","sdtcode11":"00258","vilcode11":"037799","stname":"PUNJAB","dtname":"Amritsar","sdtname":"Baba Bakala","vilname11":"Nangli  (69)","vil_lgd":37799,"dist_lgd":27,"state_lgd":3,"gp_code":237879,"gp_name":"LAKHA SINGH WALA","subdt_lgd":258,"block_name":"RAYYA","block_lgd":221,"Remark":null,"ac_no":null,"test":null,"shape_Length":17194.28668205857,"shape_Area":7257933.853792955}},{"arcs":[[-2162,-1501,-1139,-2120]],"type":"Polygon","properties":{"OBJECTID":341656,"vilnam_soi":"NIBBARWIND","stcode11":"03","dtcode11":"049","sdtcode11":"00258","vilcode11":"037761","stname":"PUNJAB","dtname":"Amritsar","sdtname":"Baba Bakala","vilname11":"Nibbarwind (188)","vil_lgd":37761,"dist_lgd":27,"state_lgd":3,"gp_code":237793,"gp_name":"NIBBERWIND","subdt_lgd":258,"block_name":"TARSIKKA","block_lgd":223,"Remark":null,"ac_no":null,"test":null,"shape_Length":7650.108508050139,"shape_Area":3047510.0624893485}},{"arcs":[[2170,2171,2172,2173,-1883,-2017]],"type":"Polygon","properties":{"OBJECTID":341657,"vilnam_soi":"NIJJAR","stcode11":"03","dtcode11":"049","sdtcode11":"00258","vilcode11":"037716","stname":"PUNJAB","dtname":"Amritsar","sdtname":"Baba Bakala","vilname11":"Nijjar  (19)","vil_lgd":37716,"dist_lgd":27,"state_lgd":3,"gp_code":237890,"gp_name":"NIJAR","subdt_lgd":258,"block_name":"RAYYA","block_lgd":221,"Remark":null,"ac_no":null,"test":null,"shape_Length":7484.9699446555705,"shape_Area":2140476.70554971}},{"arcs":[[2174,2175,2176,-2172]],"type":"Polygon","properties":{"OBJECTID":341658,"vilnam_soi":"PADDE","stcode11":"03","dtcode11":"049","sdtcode11":"00258","vilcode11":"037714","stname":"PUNJAB","dtname":"Amritsar","sdtname":"Baba Bakala","vilname11":"Padde (20)","vil_lgd":37714,"dist_lgd":27,"state_lgd":3,"gp_code":237892,"gp_name":"PADDEH","subdt_lgd":258,"block_name":"RAYYA","block_lgd":221,"Remark":null,"ac_no":null,"test":null,"shape_Length":6637.075708908684,"shape_Area":2298660.578456041}},{"arcs":[[2177,2178,2179,2180,-1817]],"type":"Polygon","properties":{"OBJECTID":341659,"vilnam_soi":"PADIANA","stcode11":"03","dtcode11":"049","sdtcode11":"00258","vilcode11":"037715","stname":"PUNJAB","dtname":"Amritsar","sdtname":"Baba Bakala","vilname11":"Padiana (23)","vil_lgd":37715,"dist_lgd":27,"state_lgd":3,"gp_code":0,"gp_name":"","subdt_lgd":258,"block_name":"RAYYA","block_lgd":221,"Remark":null,"ac_no":null,"test":null,"shape_Length":2926.810493856741,"shape_Area":491441.29582512425}},{"arcs":[[-2033,2181,-1990]],"type":"Polygon","properties":{"OBJECTID":341660,"vilnam_soi":"PALLA","stcode11":"03","dtcode11":"049","sdtcode11":"00258","vilcode11":"037822","stname":"PUNJAB","dtname":"Amritsar","sdtname":"Baba Bakala","vilname11":"Pallah ((42)","vil_lgd":37822,"dist_lgd":27,"state_lgd":3,"gp_code":237893,"gp_name":"PALLAH","subdt_lgd":258,"block_name":"RAYYA","block_lgd":221,"Remark":null,"ac_no":null,"test":null,"shape_Length":8905.864545074994,"shape_Area":2106508.625655925}},{"arcs":[[-2121,-1144,-1120]],"type":"Polygon","properties":{"OBJECTID":341661,"vilnam_soi":"PANWAN","stcode11":"03","dtcode11":"049","sdtcode11":"00258","vilcode11":"037762","stname":"PUNJAB","dtname":"Amritsar","sdtname":"Baba Bakala","vilname11":"Pannuwan (180)","vil_lgd":37762,"dist_lgd":27,"state_lgd":3,"gp_code":237794,"gp_name":"PANWAN","subdt_lgd":258,"block_name":"TARSIKKA","block_lgd":223,"Remark":null,"ac_no":null,"test":null,"shape_Length":5400.832612159825,"shape_Area":1727209.759182302}},{"arcs":[[-2177,2182,-1950,-1920,-1949,-1918,-2158,2183,-2049,-2140,2184,-2173]],"type":"Polygon","properties":{"OBJECTID":341662,"vilnam_soi":"PHERUMAN","stcode11":"03","dtcode11":"049","sdtcode11":"00258","vilcode11":"037706","stname":"PUNJAB","dtname":"Amritsar","sdtname":"Baba Bakala","vilname11":"Pheruman (13)","vil_lgd":37706,"dist_lgd":27,"state_lgd":3,"gp_code":237894,"gp_name":"PHERUMAN","subdt_lgd":258,"block_name":"RAYYA","block_lgd":221,"Remark":null,"ac_no":null,"test":null,"shape_Length":13867.713777002053,"shape_Area":8388641.639376806}},{"arcs":[[-1392,-2151,-1830,2185]],"type":"Polygon","properties":{"OBJECTID":341663,"vilnam_soi":"QAZIKOT","stcode11":"03","dtcode11":"049","sdtcode11":"00258","vilcode11":"037770","stname":"PUNJAB","dtname":"Amritsar","sdtname":"Baba Bakala","vilname11":"Kazikot (209)","vil_lgd":37770,"dist_lgd":27,"state_lgd":3,"gp_code":237780,"gp_name":"KAZI KOT","subdt_lgd":258,"block_name":"TARSIKKA","block_lgd":223,"Remark":null,"ac_no":null,"test":null,"shape_Length":5194.918800431006,"shape_Area":1212668.7473538877}},{"arcs":[[2186,-2008,-2167,-2055,-2092]],"type":"Polygon","properties":{"OBJECTID":341664,"vilnam_soi":"RAIPUR KHURD","stcode11":"03","dtcode11":"049","sdtcode11":"00258","vilcode11":"037745","stname":"PUNJAB","dtname":"Amritsar","sdtname":"Baba Bakala","vilname11":"Raipur Khurd (92)","vil_lgd":37745,"dist_lgd":27,"state_lgd":3,"gp_code":237799,"gp_name":"RAIPUR KHURD","subdt_lgd":258,"block_name":"TARSIKKA","block_lgd":223,"Remark":null,"ac_no":null,"test":null,"shape_Length":5856.349623726656,"shape_Area":1916316.0744716546}},{"arcs":[[-2077,-2109,2187,-1924]],"type":"Polygon","properties":{"OBJECTID":341665,"vilnam_soi":"RAJADEWAL","stcode11":"03","dtcode11":"049","sdtcode11":"00258","vilcode11":"037838","stname":"PUNJAB","dtname":"Amritsar","sdtname":"Baba Bakala","vilname11":"Rajadewal (54)","vil_lgd":37838,"dist_lgd":27,"state_lgd":3,"gp_code":237895,"gp_name":"RAJADEWAL","subdt_lgd":258,"block_name":"RAYYA","block_lgd":221,"Remark":null,"ac_no":null,"test":null,"shape_Length":5900.647080077438,"shape_Area":1849789.483050323}},{"arcs":[[-1975,-1875,-2152,-2155,-2059,-2040,-2169,-1992]],"type":"Polygon","properties":{"OBJECTID":341666,"vilnam_soi":"RAJDHAN","stcode11":"03","dtcode11":"049","sdtcode11":"00258","vilcode11":"037800","stname":"PUNJAB","dtname":"Amritsar","sdtname":"Baba Bakala","vilname11":"Rajdhan (73)","vil_lgd":37800,"dist_lgd":27,"state_lgd":3,"gp_code":237896,"gp_name":"RAJDHAN","subdt_lgd":258,"block_name":"RAYYA","block_lgd":221,"Remark":null,"ac_no":null,"test":null,"shape_Length":13194.266016549887,"shape_Area":6169778.996074194}},{"arcs":[[2188,-1910,-1832,-2164,2189,-1828,-2103,-1893]],"type":"Polygon","properties":{"OBJECTID":341667,"vilnam_soi":"RAM DIWALI MUSALMANAN","stcode11":"03","dtcode11":"049","sdtcode11":"00258","vilcode11":"037775","stname":"PUNJAB","dtname":"Amritsar","sdtname":"Baba Bakala","vilname11":"Ram Dewali Musalmana (200)","vil_lgd":37775,"dist_lgd":27,"state_lgd":3,"gp_code":237796,"gp_name":"RAMDIWALI MUSALMANAN","subdt_lgd":258,"block_name":"TARSIKKA","block_lgd":223,"Remark":null,"ac_no":null,"test":null,"shape_Length":18300.843876643856,"shape_Area":8101088.31618612}},{"arcs":[[2190,2191,-2179,2192,2193,-2175,-2171,-2022,-2146,-2098,-2012]],"type":"Polygon","properties":{"OBJECTID":341668,"vilnam_soi":"RAYA KALAN","stcode11":"03","dtcode11":"049","sdtcode11":"00258","vilcode11":"800253","stname":"PUNJAB","dtname":"Amritsar","sdtname":"Baba Bakala","vilname11":"Rayya (NP)","vil_lgd":800253,"dist_lgd":27,"state_lgd":3,"gp_code":0,"gp_name":"","subdt_lgd":258,"block_name":"RAYYA","block_lgd":221,"Remark":null,"ac_no":null,"test":null,"shape_Length":14777.326581402205,"shape_Area":6370376.098430044}},{"arcs":[[-2181,2194,-2191,-2011,-1809]],"type":"Polygon","properties":{"OBJECTID":341669,"vilnam_soi":"RAYA KHURD","stcode11":"03","dtcode11":"049","sdtcode11":"00258","vilcode11":"","stname":"PUNJAB","dtname":"Amritsar","sdtname":"Baba Bakala","vilname11":" ","vil_lgd":0,"dist_lgd":27,"state_lgd":3,"gp_code":0,"gp_name":"","subdt_lgd":258,"block_name":"RAYYA","block_lgd":221,"Remark":null,"ac_no":null,"test":null,"shape_Length":2876.6560029069274,"shape_Area":481322.33818911854}},{"arcs":[[-2093,-2053,2195,2196,-2133,2197]],"type":"Polygon","properties":{"OBJECTID":341670,"vilnam_soi":"RASULPUR KHURD","stcode11":"03","dtcode11":"049","sdtcode11":"00258","vilcode11":"037743","stname":"PUNJAB","dtname":"Amritsar","sdtname":"Baba Bakala","vilname11":"Rasulpur Khurd (117)","vil_lgd":37743,"dist_lgd":27,"state_lgd":3,"gp_code":237798,"gp_name":"RASULPUR KHURD","subdt_lgd":258,"block_name":"TARSIKKA","block_lgd":223,"Remark":null,"ac_no":null,"test":null,"shape_Length":9018.840832603126,"shape_Area":3254856.1347103757}},{"arcs":[[-1887,2198,-1900,-2122]],"type":"Polygon","properties":{"OBJECTID":341671,"vilnam_soi":"RATTANGARH","stcode11":"03","dtcode11":"049","sdtcode11":"00258","vilcode11":"037700","stname":"PUNJAB","dtname":"Amritsar","sdtname":"Baba Bakala","vilname11":"Rattangarh (84)","vil_lgd":37700,"dist_lgd":27,"state_lgd":3,"gp_code":237897,"gp_name":"RATTANGARH","subdt_lgd":258,"block_name":"RAYYA","block_lgd":221,"Remark":null,"ac_no":null,"test":null,"shape_Length":6919.672935114652,"shape_Area":2667842.6168259634}},{"arcs":[[-2190,-2163,-2027,2199,2200,-1829]],"type":"Polygon","properties":{"OBJECTID":341672,"vilnam_soi":"RUPOWALI BRAHMNAN","stcode11":"03","dtcode11":"049","sdtcode11":"00258","vilcode11":"037765","stname":"PUNJAB","dtname":"Amritsar","sdtname":"Baba Bakala","vilname11":"Rupowali Brahmanan (199)","vil_lgd":37765,"dist_lgd":27,"state_lgd":3,"gp_code":237800,"gp_name":"RUPOWALI BRAHMANA","subdt_lgd":258,"block_name":"TARSIKKA","block_lgd":223,"Remark":null,"ac_no":null,"test":null,"shape_Length":8959.402330044562,"shape_Area":3406866.871121484}},{"arcs":[[-1802,2201,-2045,-2061,-1955]],"type":"Polygon","properties":{"OBJECTID":341673,"vilnam_soi":"SUROPADDA","stcode11":"03","dtcode11":"049","sdtcode11":"00258","vilcode11":"037790","stname":"PUNJAB","dtname":"Amritsar","sdtname":"Baba Bakala","vilname11":"Suro Padda  (108)","vil_lgd":37790,"dist_lgd":27,"state_lgd":3,"gp_code":237814,"gp_name":"SUROPADDA","subdt_lgd":258,"block_name":"TARSIKKA","block_lgd":223,"Remark":null,"ac_no":null,"test":null,"shape_Length":7695.250457675679,"shape_Area":1899839.151018448}},{"arcs":[[-2097,-1871,2202,-1977,-2014,-2101,-2144,-2086]],"type":"Polygon","properties":{"OBJECTID":341674,"vilnam_soi":"SADHAR","stcode11":"03","dtcode11":"049","sdtcode11":"00258","vilcode11":"037802","stname":"PUNJAB","dtname":"Amritsar","sdtname":"Baba Bakala","vilname11":"Sudhar Rajputan (39)","vil_lgd":37802,"dist_lgd":27,"state_lgd":3,"gp_code":237898,"gp_name":"SUDHAR RAJPUTTAN","subdt_lgd":258,"block_name":"RAYYA","block_lgd":221,"Remark":null,"ac_no":null,"test":null,"shape_Length":15502.993741898566,"shape_Area":7733666.919400695}},{"arcs":[[-2112,-1972,2203]],"type":"Polygon","properties":{"OBJECTID":341675,"vilnam_soi":"SAIDOKE","stcode11":"03","dtcode11":"049","sdtcode11":"00258","vilcode11":"037813","stname":"PUNJAB","dtname":"Amritsar","sdtname":"Baba Bakala","vilname11":"Saidoke (66)","vil_lgd":37813,"dist_lgd":27,"state_lgd":3,"gp_code":237899,"gp_name":"SAIDOKE","subdt_lgd":258,"block_name":"RAYYA","block_lgd":221,"Remark":null,"ac_no":null,"test":null,"shape_Length":7422.220981990497,"shape_Area":2682165.929374767}},{"arcs":[[-2131,-2002,-1881,-1842,-1997,-2153]],"type":"Polygon","properties":{"OBJECTID":341676,"vilnam_soi":"SAIDPUR","stcode11":"03","dtcode11":"049","sdtcode11":"00258","vilcode11":"037755","stname":"PUNJAB","dtname":"Amritsar","sdtname":"Baba Bakala","vilname11":"Saidpur (98)","vil_lgd":37755,"dist_lgd":27,"state_lgd":3,"gp_code":237808,"gp_name":"SAIDPUR","subdt_lgd":258,"block_name":"TARSIKKA","block_lgd":223,"Remark":null,"ac_no":null,"test":null,"shape_Length":9959.82603412143,"shape_Area":3418586.0193423624}},{"arcs":[[2204,2205,-2134,-2197]],"type":"Polygon","properties":{"OBJECTID":341677,"vilnam_soi":"SANGRAI","stcode11":"03","dtcode11":"049","sdtcode11":"00258","vilcode11":"037734","stname":"PUNJAB","dtname":"Amritsar","sdtname":"Baba Bakala","vilname11":"Sangrai (118)","vil_lgd":37734,"dist_lgd":27,"state_lgd":3,"gp_code":243945,"gp_name":"SANGRAWAN","subdt_lgd":258,"block_name":"TARSIKKA","block_lgd":223,"Remark":null,"ac_no":null,"test":null,"shape_Length":5397.675066110197,"shape_Area":896142.0776345895}},{"arcs":[[-2001,2206,-1907,-1878]],"type":"Polygon","properties":{"OBJECTID":341678,"vilnam_soi":"SARAI","stcode11":"03","dtcode11":"049","sdtcode11":"00258","vilcode11":"037757","stname":"PUNJAB","dtname":"Amritsar","sdtname":"Baba Bakala","vilname11":"Sarai (115)","vil_lgd":37757,"dist_lgd":27,"state_lgd":3,"gp_code":237809,"gp_name":"SARAI","subdt_lgd":258,"block_name":"TARSIKKA","block_lgd":223,"Remark":null,"ac_no":null,"test":null,"shape_Length":5330.517509407899,"shape_Area":1493850.8070241907}},{"arcs":[[-2091,-1998,-1859,-2009,-2187]],"type":"Polygon","properties":{"OBJECTID":341679,"vilnam_soi":"SARJA","stcode11":"03","dtcode11":"049","sdtcode11":"00258","vilcode11":"037746","stname":"PUNJAB","dtname":"Amritsar","sdtname":"Baba Bakala","vilname11":"Sarja (93)","vil_lgd":37746,"dist_lgd":27,"state_lgd":3,"gp_code":237810,"gp_name":"SARJA","subdt_lgd":258,"block_name":"TARSIKKA","block_lgd":223,"Remark":null,"ac_no":null,"test":null,"shape_Length":6958.722600222569,"shape_Area":2962190.71890225}},{"arcs":[[-2035,-1839,2207,-2075,-2139,2208,-1855,2209,-1954,-2031,-1929]],"type":"Polygon","properties":{"OBJECTID":341680,"vilnam_soi":"SATHIALA","stcode11":"03","dtcode11":"049","sdtcode11":"00258","vilcode11":"037831","stname":"PUNJAB","dtname":"Amritsar","sdtname":"Baba Bakala","vilname11":"Sathiala (46)","vil_lgd":37831,"dist_lgd":27,"state_lgd":3,"gp_code":237829,"gp_name":"BABA BUDH SINGH NAGAR","subdt_lgd":258,"block_name":"RAYYA","block_lgd":221,"Remark":null,"ac_no":null,"test":null,"shape_Length":29259.21090142519,"shape_Area":19038310.291757397}},{"arcs":[[2210,2211,-2078,-1933,-2105,2212]],"type":"Polygon","properties":{"OBJECTID":341681,"vilnam_soi":"SATTAWAL","stcode11":"03","dtcode11":"049","sdtcode11":"00258","vilcode11":"037818","stname":"PUNJAB","dtname":"Amritsar","sdtname":"Baba Bakala","vilname11":"Sattowal  (58)","vil_lgd":37818,"dist_lgd":27,"state_lgd":3,"gp_code":238304,"gp_name":"SATTOWAL","subdt_lgd":258,"block_name":"RAYYA","block_lgd":221,"Remark":null,"ac_no":null,"test":null,"shape_Length":7266.01918342142,"shape_Area":2240433.0133337337}},{"arcs":[[2213,-2213,-2104,-1941,-1985]],"type":"Polygon","properties":{"OBJECTID":341682,"vilnam_soi":"SHAHPUR","stcode11":"03","dtcode11":"049","sdtcode11":"00258","vilcode11":"037817","stname":"PUNJAB","dtname":"Amritsar","sdtname":"Baba Bakala","vilname11":"Shahpur (60)","vil_lgd":37817,"dist_lgd":27,"state_lgd":3,"gp_code":238305,"gp_name":"SHAHPUR","subdt_lgd":258,"block_name":"RAYYA","block_lgd":221,"Remark":null,"ac_no":null,"test":null,"shape_Length":7834.9054876750215,"shape_Area":2041047.0959216123}},{"arcs":[[2214,-2205,-2196,-2052]],"type":"Polygon","properties":{"OBJECTID":341683,"vilnam_soi":"SHAHPUR KHURD","stcode11":"03","dtcode11":"049","sdtcode11":"00258","vilcode11":"037733","stname":"PUNJAB","dtname":"Amritsar","sdtname":"Baba Bakala","vilname11":"Shahpur Khurd  (119)","vil_lgd":37733,"dist_lgd":27,"state_lgd":3,"gp_code":237815,"gp_name":"SHAHPUR KHURD","subdt_lgd":258,"block_name":"TARSIKKA","block_lgd":223,"Remark":null,"ac_no":null,"test":null,"shape_Length":5382.987266411458,"shape_Area":1285716.6443002769}},{"arcs":[[-2026,2215,-2062,2216]],"type":"Polygon","properties":{"OBJECTID":341684,"vilnam_soi":"SHERON BAGAH","stcode11":"03","dtcode11":"049","sdtcode11":"00258","vilcode11":"037846","stname":"PUNJAB","dtname":"Amritsar","sdtname":"Baba Bakala","vilname11":"Sheron Nigah  (2)","vil_lgd":37846,"dist_lgd":27,"state_lgd":3,"gp_code":237902,"gp_name":"SHERON NIGAH","subdt_lgd":258,"block_name":"RAYYA","block_lgd":221,"Remark":null,"ac_no":null,"test":null,"shape_Length":19051.39722735294,"shape_Area":16662129.877722751}},{"arcs":[[-2186,-2201,2217,-1846,-1393]],"type":"Polygon","properties":{"OBJECTID":341685,"vilnam_soi":"SIALKE","stcode11":"03","dtcode11":"049","sdtcode11":"00258","vilcode11":"037771","stname":"PUNJAB","dtname":"Amritsar","sdtname":"Baba Bakala","vilname11":"Sialka (208)","vil_lgd":37771,"dist_lgd":27,"state_lgd":3,"gp_code":237811,"gp_name":"SIALKA","subdt_lgd":258,"block_name":"TARSIKKA","block_lgd":223,"Remark":null,"ac_no":null,"test":null,"shape_Length":9945.40716550197,"shape_Area":3552043.124506347}},{"arcs":[[-2030,-1819,-1847,-2218,-2200]],"type":"Polygon","properties":{"OBJECTID":341686,"vilnam_soi":"SIDHWAN","stcode11":"03","dtcode11":"049","sdtcode11":"00258","vilcode11":"037766","stname":"PUNJAB","dtname":"Amritsar","sdtname":"Baba Bakala","vilname11":"Sidhwan (198)","vil_lgd":37766,"dist_lgd":27,"state_lgd":3,"gp_code":237812,"gp_name":"SIDHWAN","subdt_lgd":258,"block_name":"TARSIKKA","block_lgd":223,"Remark":null,"ac_no":null,"test":null,"shape_Length":6257.390177383876,"shape_Area":1536612.8311516708}},{"arcs":[[-2081,-2004,-2130]],"type":"Polygon","properties":{"OBJECTID":341687,"vilnam_soi":"SINGH PURA","stcode11":"03","dtcode11":"049","sdtcode11":"00258","vilcode11":"037752","stname":"PUNJAB","dtname":"Amritsar","sdtname":"Baba Bakala","vilname11":"Singhpura (96)","vil_lgd":37752,"dist_lgd":27,"state_lgd":3,"gp_code":237813,"gp_name":"SINGHPURA","subdt_lgd":258,"block_name":"TARSIKKA","block_lgd":223,"Remark":null,"ac_no":null,"test":null,"shape_Length":5327.934983492421,"shape_Area":1596613.3620688787}},{"arcs":[[2218,-1909,2219,-1890,-2161,-1912]],"type":"Polygon","properties":{"OBJECTID":341688,"vilnam_soi":"TAHIRPURA","stcode11":"03","dtcode11":"049","sdtcode11":"00258","vilcode11":"037759","stname":"PUNJAB","dtname":"Amritsar","sdtname":"Baba Bakala","vilname11":"Taharpur (113)","vil_lgd":37759,"dist_lgd":27,"state_lgd":3,"gp_code":237819,"gp_name":"TAHARPUR","subdt_lgd":258,"block_name":"TARSIKKA","block_lgd":223,"Remark":null,"ac_no":null,"test":null,"shape_Length":9532.318678308786,"shape_Area":4764076.553099332}},{"arcs":[[-2057,-2166,-1964,-1243,-2168,-1915]],"type":"Polygon","properties":{"OBJECTID":341689,"vilnam_soi":"TANGRA","stcode11":"03","dtcode11":"049","sdtcode11":"00258","vilcode11":"037729","stname":"PUNJAB","dtname":"Amritsar","sdtname":"Baba Bakala","vilname11":"Tangra  (126)","vil_lgd":37729,"dist_lgd":27,"state_lgd":3,"gp_code":261461,"gp_name":"ADDA TANGRA","subdt_lgd":258,"block_name":"TARSIKKA","block_lgd":223,"Remark":null,"ac_no":null,"test":null,"shape_Length":11596.584848272027,"shape_Area":6089706.604925446}},{"arcs":[[-1373,-1963,-1863,-1903,2220,-1988,-1346,-1308,-1436]],"type":"Polygon","properties":{"OBJECTID":341690,"vilnam_soi":"TARAGARH (Tal<w<n)","stcode11":"03","dtcode11":"049","sdtcode11":"00258","vilcode11":"037538","stname":"PUNJAB","dtname":"Amritsar","sdtname":"Baba Bakala","vilname11":"Taragarh (133)","vil_lgd":37538,"dist_lgd":27,"state_lgd":3,"gp_code":238109,"gp_name":"TARA GARH","subdt_lgd":258,"block_name":"JANDIALA GURU","block_lgd":216,"Remark":null,"ac_no":null,"test":null,"shape_Length":23869.604565187256,"shape_Area":19211522.905930705}},{"arcs":[[-2114,2221]],"type":"Polygon","properties":{"OBJECTID":341691,"vilnam_soi":"TAKAPUR","stcode11":"03","dtcode11":"049","sdtcode11":"00258","vilcode11":"037814","stname":"PUNJAB","dtname":"Amritsar","sdtname":"Baba Bakala","vilname11":"Takapur (64)","vil_lgd":37814,"dist_lgd":27,"state_lgd":3,"gp_code":237903,"gp_name":"TAKAPUR","subdt_lgd":258,"block_name":"RAYYA","block_lgd":221,"Remark":null,"ac_no":null,"test":null,"shape_Length":6114.655102741907,"shape_Area":2394071.2647617403}},{"arcs":[[-2147,-2135,-2206,-2215,-2051,-1487]],"type":"Polygon","properties":{"OBJECTID":341692,"vilnam_soi":"TALWANI","stcode11":"03","dtcode11":"049","sdtcode11":"00258","vilcode11":"037735","stname":"PUNJAB","dtname":"Amritsar","sdtname":"Baba Bakala","vilname11":"Talwandi (120)","vil_lgd":37735,"dist_lgd":27,"state_lgd":3,"gp_code":237821,"gp_name":"TALWANDI MASHUMULA","subdt_lgd":258,"block_name":"TARSIKKA","block_lgd":223,"Remark":null,"ac_no":null,"test":null,"shape_Length":7331.2334989526735,"shape_Area":2565830.254894825}},{"arcs":[[-2219,-1911,-2189,-1897,-2038,-1844,-1880,-1906]],"type":"Polygon","properties":{"OBJECTID":341693,"vilnam_soi":"TANEL","stcode11":"03","dtcode11":"049","sdtcode11":"00258","vilcode11":"037779","stname":"PUNJAB","dtname":"Amritsar","sdtname":"Baba Bakala","vilname11":"Tanel (112)","vil_lgd":37779,"dist_lgd":27,"state_lgd":3,"gp_code":237817,"gp_name":"NAWAN TANEL","subdt_lgd":258,"block_name":"TARSIKKA","block_lgd":223,"Remark":null,"ac_no":null,"test":null,"shape_Length":15718.797702549426,"shape_Area":5648571.106367758}},{"arcs":[[-2211,-2214,-1986,-1939,2222]],"type":"Polygon","properties":{"OBJECTID":341694,"vilnam_soi":"TAPIALA","stcode11":"03","dtcode11":"049","sdtcode11":"00258","vilcode11":"037816","stname":"PUNJAB","dtname":"Amritsar","sdtname":"Baba Bakala","vilname11":"Tapiala (61)","vil_lgd":37816,"dist_lgd":27,"state_lgd":3,"gp_code":237904,"gp_name":"TAPIALA","subdt_lgd":258,"block_name":"RAYYA","block_lgd":221,"Remark":null,"ac_no":null,"test":null,"shape_Length":8472.591439053782,"shape_Area":1757545.6277123776}},{"arcs":[[-1908,-2207,-2000,-2094,-2198,-2132,-2126,-1503,-1891,-2220]],"type":"Polygon","properties":{"OBJECTID":341695,"vilnam_soi":"TARSIKKA","stcode11":"03","dtcode11":"049","sdtcode11":"00258","vilcode11":"037742","stname":"PUNJAB","dtname":"Amritsar","sdtname":"Baba Bakala","vilname11":"Tarsikka (116)","vil_lgd":37742,"dist_lgd":27,"state_lgd":3,"gp_code":243943,"gp_name":"KARTAR SINGH NAGAR","subdt_lgd":258,"block_name":"TARSIKKA","block_lgd":223,"Remark":null,"ac_no":null,"test":null,"shape_Length":16478.18499039388,"shape_Area":15801626.108408866}},{"arcs":[[-1884,-2174,-2185,-2142,-2072]],"type":"Polygon","properties":{"OBJECTID":341696,"vilnam_soi":"TAUNG","stcode11":"03","dtcode11":"049","sdtcode11":"00258","vilcode11":"037703","stname":"PUNJAB","dtname":"Amritsar","sdtname":"Baba Bakala","vilname11":"Tong (18)","vil_lgd":37703,"dist_lgd":27,"state_lgd":3,"gp_code":237905,"gp_name":"TAUNG","subdt_lgd":258,"block_name":"RAYYA","block_lgd":221,"Remark":null,"ac_no":null,"test":null,"shape_Length":8215.693157655964,"shape_Area":3020291.3132964596}},{"arcs":[[-2209,-2138,-1812,-2069,2223,-1853]],"type":"Polygon","properties":{"OBJECTID":341697,"vilnam_soi":"THATHIAN","stcode11":"03","dtcode11":"049","sdtcode11":"00258","vilcode11":"037825","stname":"PUNJAB","dtname":"Amritsar","sdtname":"Baba Bakala","vilname11":"Thathian  (36)","vil_lgd":37825,"dist_lgd":27,"state_lgd":3,"gp_code":237906,"gp_name":"THATTIAN","subdt_lgd":258,"block_name":"RAYYA","block_lgd":221,"Remark":null,"ac_no":null,"test":null,"shape_Length":12944.914172473846,"shape_Area":5611556.867832455}},{"arcs":[[-2123,-1904,-1861,-1962,-2165]],"type":"Polygon","properties":{"OBJECTID":341698,"vilnam_soi":"THOTHIAN","stcode11":"03","dtcode11":"049","sdtcode11":"00258","vilcode11":"037697","stname":"PUNJAB","dtname":"Amritsar","sdtname":"Baba Bakala","vilname11":"Thothian   (88)","vil_lgd":37697,"dist_lgd":27,"state_lgd":3,"gp_code":237907,"gp_name":"THOTHIAN","subdt_lgd":258,"block_name":"RAYYA","block_lgd":221,"Remark":null,"ac_no":null,"test":null,"shape_Length":7417.457476900759,"shape_Area":3519759.790775822}},{"arcs":[[-2084,2224,-1808,-2102,-1826,2225,2226]],"type":"Polygon","properties":{"OBJECTID":341699,"vilnam_soi":"UDHO KALAN","stcode11":"03","dtcode11":"049","sdtcode11":"00258","vilcode11":"037773","stname":"PUNJAB","dtname":"Amritsar","sdtname":"Baba Bakala","vilname11":"Uchoke Kalan (206)","vil_lgd":37773,"dist_lgd":27,"state_lgd":3,"gp_code":238309,"gp_name":"UDHOKE KALAN","subdt_lgd":258,"block_name":"TARSIKKA","block_lgd":223,"Remark":null,"ac_no":null,"test":null,"shape_Length":20239.01325097682,"shape_Area":5671132.215151077}},{"arcs":[[-2226,-1825,-2150,2227]],"type":"Polygon","properties":{"OBJECTID":341700,"vilnam_soi":"UDHO KHURD","stcode11":"03","dtcode11":"049","sdtcode11":"00258","vilcode11":"037785","stname":"PUNJAB","dtname":"Amritsar","sdtname":"Baba Bakala","vilname11":"Uchoke Khurd (205)","vil_lgd":37785,"dist_lgd":27,"state_lgd":3,"gp_code":238311,"gp_name":"UCHOKE KHURD","subdt_lgd":258,"block_name":"TARSIKKA","block_lgd":223,"Remark":null,"ac_no":null,"test":null,"shape_Length":12653.942055073989,"shape_Area":6088885.450307819}},{"arcs":[[-1970,-2160,-2170,-2043,-2046,-2202,-1801,2228]],"type":"Polygon","properties":{"OBJECTID":341701,"vilnam_soi":"UDHO NANGAL","stcode11":"03","dtcode11":"049","sdtcode11":"00258","vilcode11":"037797","stname":"PUNJAB","dtname":"Amritsar","sdtname":"Baba Bakala","vilname11":"Udho  Nangal (107)","vil_lgd":37797,"dist_lgd":27,"state_lgd":3,"gp_code":237765,"gp_name":"DABURJI","subdt_lgd":258,"block_name":"TARSIKKA","block_lgd":223,"Remark":null,"ac_no":null,"test":null,"shape_Length":23601.85250051132,"shape_Area":11106617.17765294}},{"arcs":[[-2193,-2178,-1816,-1960,-1981,2229,2230]],"type":"Polygon","properties":{"OBJECTID":341702,"vilnam_soi":"UMRA NANGAL","stcode11":"03","dtcode11":"049","sdtcode11":"00258","vilcode11":"037712","stname":"PUNJAB","dtname":"Amritsar","sdtname":"Baba Bakala","vilname11":"Umra Nangal (22)","vil_lgd":37712,"dist_lgd":27,"state_lgd":3,"gp_code":237908,"gp_name":"UMRA NANGAL","subdt_lgd":258,"block_name":"RAYYA","block_lgd":221,"Remark":null,"ac_no":null,"test":null,"shape_Length":10961.643313813438,"shape_Area":2113942.2788045174}},{"arcs":[[-1869,-1974,-1991,-2182,-2032,-1952,-2210,-1854,-2224,-2068,-2015,-1979,2231]],"type":"Polygon","properties":{"OBJECTID":341703,"vilnam_soi":"VADALA KALAN","stcode11":"03","dtcode11":"049","sdtcode11":"00258","vilcode11":"037807","stname":"PUNJAB","dtname":"Amritsar","sdtname":"Baba Bakala","vilname11":"Wadala Kalan (41)","vil_lgd":37807,"dist_lgd":27,"state_lgd":3,"gp_code":237910,"gp_name":"WADALA KALAN","subdt_lgd":258,"block_name":"RAYYA","block_lgd":221,"Remark":null,"ac_no":null,"test":null,"shape_Length":17777.221988914054,"shape_Area":12575026.526942916}},{"arcs":[[-1870,-2232,-1978,-2203]],"type":"Polygon","properties":{"OBJECTID":341704,"vilnam_soi":"VADALA KHURD","stcode11":"03","dtcode11":"049","sdtcode11":"00258","vilcode11":"037803","stname":"PUNJAB","dtname":"Amritsar","sdtname":"Baba Bakala","vilname11":"Wadala Khurd (40)","vil_lgd":37803,"dist_lgd":27,"state_lgd":3,"gp_code":237911,"gp_name":"WADALA KHURD","subdt_lgd":258,"block_name":"RAYYA","block_lgd":221,"Remark":null,"ac_no":null,"test":null,"shape_Length":11187.22138238146,"shape_Area":6426853.105863069}},{"arcs":[[-1984,2232,-1852,-2073,-2208,-1838]],"type":"Polygon","properties":{"OBJECTID":341705,"vilnam_soi":"VARAICH","stcode11":"03","dtcode11":"049","sdtcode11":"00258","vilcode11":"037828","stname":"PUNJAB","dtname":"Amritsar","sdtname":"Baba Bakala","vilname11":"Waraich (8)","vil_lgd":37828,"dist_lgd":27,"state_lgd":3,"gp_code":237912,"gp_name":"WARAICH","subdt_lgd":258,"block_name":"RAYYA","block_lgd":221,"Remark":null,"ac_no":null,"test":null,"shape_Length":9352.122141891181,"shape_Area":4335084.361114418}},{"arcs":[[2233,-2156,-1923,2234,-2230,-1849]],"type":"Polygon","properties":{"OBJECTID":341706,"vilnam_soi":"VAZIR BHULLAR","stcode11":"03","dtcode11":"049","sdtcode11":"00258","vilcode11":"037709","stname":"PUNJAB","dtname":"Amritsar","sdtname":"Baba Bakala","vilname11":"Wazir Bhullar (10)","vil_lgd":37709,"dist_lgd":27,"state_lgd":3,"gp_code":243941,"gp_name":"COLONY AJIT NAGAR","subdt_lgd":258,"block_name":"RAYYA","block_lgd":221,"Remark":null,"ac_no":null,"test":null,"shape_Length":15264.428446390171,"shape_Area":8894890.240422407}},{"arcs":[[-912,-222,-351,-220,-190,-356]],"type":"Polygon","properties":{"OBJECTID":341707,"vilnam_soi":"CHHANNAN","stcode11":"03","dtcode11":"049","sdtcode11":"00255","vilcode11":"037187","stname":"PUNJAB","dtname":"Amritsar","sdtname":"Ajnala","vilname11":"Chhanna (8)","vil_lgd":37187,"dist_lgd":27,"state_lgd":3,"gp_code":238051,"gp_name":"CHANNA SARANGDEV","subdt_lgd":255,"block_name":"CHOGAWAN","block_lgd":212,"Remark":null,"ac_no":null,"test":null,"shape_Length":7844.040045887434,"shape_Area":1796640.0582196084}},{"arcs":[[-767,-1023,-1073]],"type":"Polygon","properties":{"OBJECTID":341708,"vilnam_soi":"CHHANNAN","stcode11":"03","dtcode11":"049","sdtcode11":"00255","vilcode11":"037144","stname":"PUNJAB","dtname":"Amritsar","sdtname":"Ajnala","vilname11":"Chhanah (41)","vil_lgd":37144,"dist_lgd":27,"state_lgd":3,"gp_code":237541,"gp_name":"CHHAN KALAN","subdt_lgd":255,"block_name":"AJNALA","block_lgd":210,"Remark":null,"ac_no":null,"test":null,"shape_Length":5971.335790020149,"shape_Area":1438387.6426014747}},{"arcs":[[-29,-1060,-814,-1079,-531,-593,-587,-536]],"type":"Polygon","properties":{"OBJECTID":341709,"vilnam_soi":"LAKHOWAL","stcode11":"03","dtcode11":"049","sdtcode11":"00255","vilcode11":"037245","stname":"PUNJAB","dtname":"Amritsar","sdtname":"Ajnala","vilname11":"Lakhuwal (122)","vil_lgd":37245,"dist_lgd":27,"state_lgd":3,"gp_code":238052,"gp_name":"LAKHUWAL AJNALA","subdt_lgd":255,"block_name":"AJNALA","block_lgd":210,"Remark":null,"ac_no":null,"test":null,"shape_Length":10874.940745877519,"shape_Area":5303559.802818036}},{"arcs":[[2235,-880,-680,-845,-807,-995,-60]],"type":"Polygon","properties":{"OBJECTID":341710,"vilnam_soi":"LAKHOWAL","stcode11":"03","dtcode11":"049","sdtcode11":"00255","vilcode11":"037266","stname":"PUNJAB","dtname":"Amritsar","sdtname":"Ajnala","vilname11":"Lakhuwal (264)","vil_lgd":37266,"dist_lgd":27,"state_lgd":3,"gp_code":237986,"gp_name":"LAKHUWAL","subdt_lgd":255,"block_name":"AJNALA","block_lgd":210,"Remark":null,"ac_no":null,"test":null,"shape_Length":9489.723768347569,"shape_Area":4730888.85674778}},{"arcs":[[-549,-903,2236,-326,-331,-729,-1019]],"type":"Polygon","properties":{"OBJECTID":341711,"vilnam_soi":"PINDORI","stcode11":"03","dtcode11":"049","sdtcode11":"00255","vilcode11":"037108","stname":"PUNJAB","dtname":"Amritsar","sdtname":"Ajnala","vilname11":"Pandori (89)","vil_lgd":37108,"dist_lgd":27,"state_lgd":3,"gp_code":238005,"gp_name":"PANDORI RAMDASS","subdt_lgd":255,"block_name":"CHOGAWAN","block_lgd":212,"Remark":null,"ac_no":null,"test":null,"shape_Length":7480.807348405884,"shape_Area":2377970.5707923956}},{"arcs":[[-839,-1033,-57,-1013,-916]],"type":"Polygon","properties":{"OBJECTID":341712,"vilnam_soi":"PINDORI","stcode11":"03","dtcode11":"049","sdtcode11":"00255","vilcode11":"037201","stname":"PUNJAB","dtname":"Amritsar","sdtname":"Ajnala","vilname11":"Pandori (178)","vil_lgd":37201,"dist_lgd":27,"state_lgd":3,"gp_code":237597,"gp_name":"PANDORI","subdt_lgd":255,"block_name":"AJNALA","block_lgd":210,"Remark":null,"ac_no":null,"test":null,"shape_Length":9418.6452163806,"shape_Area":2855194.626117177}},{"arcs":[[-665,-944,-950]],"type":"Polygon","properties":{"OBJECTID":341713,"vilnam_soi":"KAMIRPUR","stcode11":"03","dtcode11":"049","sdtcode11":"00255","vilcode11":"037243","stname":"PUNJAB","dtname":"Amritsar","sdtname":"Ajnala","vilname11":"Kamirpur (218)","vil_lgd":37243,"dist_lgd":27,"state_lgd":3,"gp_code":237932,"gp_name":"CHAK BALA","subdt_lgd":255,"block_name":"CHOGAWAN","block_lgd":212,"Remark":null,"ac_no":null,"test":null,"shape_Length":4920.734656930803,"shape_Area":1132687.9298638518}},{"arcs":[[-972,-337,-1081,-1087]],"type":"Polygon","properties":{"OBJECTID":341714,"vilnam_soi":"KAMIRPUR","stcode11":"03","dtcode11":"049","sdtcode11":"00255","vilcode11":"037291","stname":"PUNJAB","dtname":"Amritsar","sdtname":"Ajnala","vilname11":"Kamirpur (195)","vil_lgd":37291,"dist_lgd":27,"state_lgd":3,"gp_code":237574,"gp_name":"KAMIRPUR","subdt_lgd":255,"block_name":"AJNALA","block_lgd":210,"Remark":null,"ac_no":null,"test":null,"shape_Length":6245.443987638077,"shape_Area":1203946.8714403552}},{"arcs":[[-1101,-1327,-1227,-1397,-1337,-1284]],"type":"Polygon","properties":{"OBJECTID":341715,"vilnam_soi":"BEGWAL","stcode11":"03","dtcode11":"049","sdtcode11":"00256","vilcode11":"037480","stname":"PUNJAB","dtname":"Amritsar","sdtname":"Amritsar -I","vilname11":"Begewal (296)","vil_lgd":37480,"dist_lgd":27,"state_lgd":3,"gp_code":237645,"gp_name":"BEGEWAL","subdt_lgd":256,"block_name":"MAJITHA","block_lgd":218,"Remark":null,"ac_no":null,"test":null,"shape_Length":11786.5636824303,"shape_Area":4725922.858963036}},{"arcs":[[-1712,2237,-1719,-1316,-1382]],"type":"Polygon","properties":{"OBJECTID":341716,"vilnam_soi":"KOTLA KHURD","stcode11":"03","dtcode11":"049","sdtcode11":"00256","vilcode11":"037491","stname":"PUNJAB","dtname":"Amritsar","sdtname":"Amritsar -I","vilname11":"Kotla Khurd (242)","vil_lgd":37491,"dist_lgd":27,"state_lgd":3,"gp_code":237687,"gp_name":"KOTLA KHURD","subdt_lgd":256,"block_name":"MAJITHA","block_lgd":218,"Remark":null,"ac_no":null,"test":null,"shape_Length":7099.113719634984,"shape_Area":1480982.362202521}},{"arcs":[[-1281,-1150,-1114,-1214,-1384]],"type":"Polygon","properties":{"OBJECTID":341717,"vilnam_soi":"KOTLA KHURD","stcode11":"03","dtcode11":"049","sdtcode11":"00256","vilcode11":"037445","stname":"PUNJAB","dtname":"Amritsar","sdtname":"Amritsar -I","vilname11":"Kotla Majhewala  (307)","vil_lgd":37445,"dist_lgd":27,"state_lgd":3,"gp_code":237681,"gp_name":"KOTLA MAJEWALA","subdt_lgd":256,"block_name":"MAJITHA","block_lgd":218,"Remark":null,"ac_no":null,"test":null,"shape_Length":5116.1227651148565,"shape_Area":1107562.722723224}},{"arcs":[[-1798,2238,-1776,-1614]],"type":"Polygon","properties":{"OBJECTID":341718,"vilnam_soi":"MALOWAL","stcode11":"03","dtcode11":"049","sdtcode11":"00257","vilcode11":"037636","stname":"PUNJAB","dtname":"Amritsar","sdtname":"Amritsar- II","vilname11":"Mallowal (412)","vil_lgd":37636,"dist_lgd":27,"state_lgd":3,"gp_code":238088,"gp_name":"MALLUWAL","subdt_lgd":257,"block_name":"ATTARI","block_lgd":6621,"Remark":null,"ac_no":null,"test":null,"shape_Length":7436.636496098377,"shape_Area":3115798.7814036715}},{"arcs":[[-1720,-2238,-1711,-1761]],"type":"Polygon","properties":{"OBJECTID":341719,"vilnam_soi":"MALOWAL","stcode11":"03","dtcode11":"049","sdtcode11":"00257","vilcode11":"037610","stname":"PUNJAB","dtname":"Amritsar","sdtname":"Amritsar- II","vilname11":"Mallowal (247)","vil_lgd":37610,"dist_lgd":27,"state_lgd":3,"gp_code":245353,"gp_name":"MALLUWAL","subdt_lgd":257,"block_name":"JANDIALA GURU","block_lgd":216,"Remark":null,"ac_no":null,"test":null,"shape_Length":5542.797207549308,"shape_Area":1659432.1690361009}},{"arcs":[[-1658,-1611,-1771]],"type":"Polygon","properties":{"OBJECTID":341720,"vilnam_soi":"HER","stcode11":"03","dtcode11":"049","sdtcode11":"00257","vilcode11":"037596","stname":"PUNJAB","dtname":"Amritsar","sdtname":"Amritsar- II","vilname11":"Heir (410)","vil_lgd":37596,"dist_lgd":27,"state_lgd":3,"gp_code":245349,"gp_name":"HEIR","subdt_lgd":257,"block_name":"ATTARI","block_lgd":6621,"Remark":null,"ac_no":null,"test":null,"shape_Length":6587.833836488798,"shape_Area":1645955.3668715495}},{"arcs":[[-1733,-1038,-1028,-1796,-1590,-1757]],"type":"Polygon","properties":{"OBJECTID":341721,"vilnam_soi":"HER","stcode11":"03","dtcode11":"049","sdtcode11":"00257","vilcode11":"037624","stname":"PUNJAB","dtname":"Amritsar","sdtname":"Amritsar- II","vilname11":"Heir (347)","vil_lgd":37624,"dist_lgd":27,"state_lgd":3,"gp_code":238158,"gp_name":"HAIR","subdt_lgd":257,"block_name":"VERKA","block_lgd":225,"Remark":null,"ac_no":null,"test":null,"shape_Length":13515.421744271483,"shape_Area":7292829.4127654005}},{"arcs":[[-2063,-2216,-2025,-1865,-2118,-1925,-2188,-2108]],"type":"Polygon","properties":{"OBJECTID":341722,"vilnam_soi":"KHANPUR","stcode11":"03","dtcode11":"049","sdtcode11":"00258","vilcode11":"037845","stname":"PUNJAB","dtname":"Amritsar","sdtname":"Baba Bakala","vilname11":"Khanpur (3 )","vil_lgd":37845,"dist_lgd":27,"state_lgd":3,"gp_code":237875,"gp_name":"KHANPUR","subdt_lgd":258,"block_name":"RAYYA","block_lgd":221,"Remark":null,"ac_no":null,"test":null,"shape_Length":17067.641382392972,"shape_Area":4688616.48274825}},{"arcs":[[-2110,-2065,-2107,2239]],"type":"Polygon","properties":{"OBJECTID":341723,"vilnam_soi":"KHANPUR","stcode11":"03","dtcode11":"049","sdtcode11":"00258","vilcode11":"037845","stname":"PUNJAB","dtname":"Amritsar","sdtname":"Baba Bakala","vilname11":"Khanpur (3 )","vil_lgd":37845,"dist_lgd":27,"state_lgd":3,"gp_code":237875,"gp_name":"KHANPUR","subdt_lgd":258,"block_name":"RAYYA","block_lgd":221,"Remark":null,"ac_no":null,"test":null,"shape_Length":4494.098998578761,"shape_Area":992326.6168827771}},{"arcs":[[-2231,-2235,-1922,-1951,-2183,-2176,-2194]],"type":"Polygon","properties":{"OBJECTID":341724,"vilnam_soi":"CHIMA BATH","stcode11":"03","dtcode11":"049","sdtcode11":"00258","vilcode11":"037713","stname":"PUNJAB","dtname":"Amritsar","sdtname":"Baba Bakala","vilname11":"Chimabath  (21)","vil_lgd":37713,"dist_lgd":27,"state_lgd":3,"gp_code":237847,"gp_name":"CHEEMA BATH","subdt_lgd":258,"block_name":"RAYYA","block_lgd":221,"Remark":null,"ac_no":null,"test":null,"shape_Length":9730.098205779135,"shape_Area":4215769.715307605}},{"arcs":[[-2180,-2192,-2195]],"type":"Polygon","properties":{"OBJECTID":341725,"vilnam_soi":"CHIMA BATH","stcode11":"03","dtcode11":"049","sdtcode11":"00258","vilcode11":"037713","stname":"PUNJAB","dtname":"Amritsar","sdtname":"Baba Bakala","vilname11":"Chimabath  (21)","vil_lgd":37713,"dist_lgd":27,"state_lgd":3,"gp_code":237847,"gp_name":"CHEEMA BATH","subdt_lgd":258,"block_name":"RAYYA","block_lgd":221,"Remark":null,"ac_no":null,"test":null,"shape_Length":1914.0549436892095,"shape_Area":157944.5766912137}},{"arcs":[[-327,-2237,-902,-94,-984,982,2240]],"type":"Polygon","properties":{"OBJECTID":341726,"vilnam_soi":"DHARIWAL","stcode11":"03","dtcode11":"049","sdtcode11":"00255","vilcode11":"037203","stname":"PUNJAB","dtname":"Amritsar","sdtname":"Ajnala","vilname11":"Dhariwal (180)","vil_lgd":37203,"dist_lgd":27,"state_lgd":3,"gp_code":237936,"gp_name":"DHARIWAL KALER","subdt_lgd":255,"block_name":"CHOGAWAN","block_lgd":212,"Remark":null,"ac_no":null,"test":null,"shape_Length":8507.714978468897,"shape_Area":2605637.5641476884}},{"arcs":[[-522,-847,-629,-100,-989,-1055]],"type":"Polygon","properties":{"OBJECTID":341727,"vilnam_soi":"DHARIWAL","stcode11":"03","dtcode11":"049","sdtcode11":"00255","vilcode11":"037365","stname":"PUNJAB","dtname":"Amritsar","sdtname":"Ajnala","vilname11":"Dhariwal ((310)","vil_lgd":37365,"dist_lgd":27,"state_lgd":3,"gp_code":238218,"gp_name":"DHARIWAL","subdt_lgd":255,"block_name":"HARSHE CHHINA","block_lgd":215,"Remark":null,"ac_no":null,"test":null,"shape_Length":12431.268714278884,"shape_Area":5335289.769210271}}]}}}