entity_id,state,election_year,constituency_name,electors,votes_polled,turnout_pct,winner_candidate,winner_party_id,winner_party_short_raw,winner_votes,winner_share_pct,runnerup_candidate,runnerup_party_id,runnerup_party_short_raw,runnerup_votes,margin_votes,margin_pct,source_id
IN-PC-2008-andaman-and-nicobar-islands-eci1,andaman-and-nicobar-islands,2024,Andaman & Nicobar Islands,315745,202597,64.16,BISHNU PADA RAY,parties.IN.BJP,BJP,102436,51.04,KULDEEP RAI SHARMA,parties.IN.INC,INC,78040,24396,12.16,src-bfb4e7fb9785
IN-PC-2008-andhra-pradesh-411,andhra-pradesh,2024,Amalapuram,1532229,1301934,84.97,G M HARISH (BALAYOGI),parties.IN.TDP,TDP,796981,61.9,RAPAKA VARAPRASADA RAO,parties.IN.YSRCP,YSRCP,454785,342196,26.58,src-bfb4e7fb9785
IN-PC-2008-andhra-pradesh-412,andhra-pradesh,2024,Anakapalle,1601365,1328726,82.97,C.M.RAMESH,parties.IN.BJP,BJP,762069,58.66,BUDI MUTYALA NAIDU,parties.IN.YSRCP,YSRCP,465539,296530,22.82,src-bfb4e7fb9785
IN-PC-2008-andhra-pradesh-413,andhra-pradesh,2024,Ananthapur,1769264,1445498,81.7,AMBICA G LAKSHMINARAYANA VALMIKI,parties.IN.TDP,TDP,768245,53.68,MALAGUNDLA SANKAR NARAYANA,parties.IN.YSRCP,YSRCP,579690,188555,13.18,src-bfb4e7fb9785
IN-PC-2008-andhra-pradesh-414,andhra-pradesh,2024,Araku,1557153,1165787,74.87,GUMMA THANUJA RANI,parties.IN.YSRCP,YSRCP,477005,42.82,KOTHAPALLI GEETHA,parties.IN.BJP,BJP,426425,50580,4.54,src-bfb4e7fb9785
IN-PC-2008-andhra-pradesh-415,andhra-pradesh,2024,Bapatla,1511177,1308243,86.57,KRISHNA PRASAD TENNETI,parties.IN.TDP,TDP,717493,55.75,NANDIGAM SURESH BABU,parties.IN.YSRCP,YSRCP,509462,208031,16.17,src-bfb4e7fb9785
IN-PC-2008-andhra-pradesh-418,andhra-pradesh,2024,Chittoor,1643593,1425910,86.76,DAGGUMALLA PRASADA RAO,parties.IN.TDP,TDP,778071,55.3,REDDEPPA.N .,parties.IN.YSRCP,YSRCP,557592,220479,15.67,src-bfb4e7fb9785
IN-PC-2008-andhra-pradesh-419,andhra-pradesh,2024,Eluru,1638116,1387990,84.73,PUTTA MAHESH KUMAR,parties.IN.TDP,TDP,746351,54.9,KARUMURI SUNIL KUMAR,parties.IN.YSRCP,YSRCP,564494,181857,13.38,src-bfb4e7fb9785
IN-PC-2008-andhra-pradesh-420,andhra-pradesh,2024,Guntur,1793324,1437528,80.16,DR CHANDRA SEKHAR PEMMASANI,parties.IN.TDP,TDP,864948,61,KILARI VENKATA ROSAIAH,parties.IN.YSRCP,YSRCP,520253,344695,24.31,src-bfb4e7fb9785
IN-PC-2008-andhra-pradesh-421,andhra-pradesh,2024,Hindupur,1658529,1424863,85.91,B K PARTHASARATHI,parties.IN.TDP,TDP,725534,51.88,J SHANTHA,parties.IN.YSRCP,YSRCP,593107,132427,9.47,src-bfb4e7fb9785
IN-PC-2008-andhra-pradesh-423,andhra-pradesh,2024,Kadapa,1641349,1327619,80.89,Y. S. AVINASH REDDY,parties.IN.YSRCP,YSRCP,605143,46.37,CHADIPIRALLA BHUPESH SUBBARAMI REDDY,parties.IN.TDP,TDP,542448,62695,4.81,src-bfb4e7fb9785
IN-PC-2008-andhra-pradesh-424,andhra-pradesh,2024,Kakinada,1634921,1331386,81.43,TANGELLA UDAY SRINIVAS (TEA TIME UDAY),parties.IN.JP,JnP,729699,55.59,CHALAMALASETTY SUNIL,parties.IN.YSRCP,YSRCP,500208,229491,17.48,src-bfb4e7fb9785
IN-PC-2008-andhra-pradesh-427,andhra-pradesh,2024,Kurnoolu,1724191,1339542,77.69,BASTIPATI NAGARAJU PANCHALINGALA,parties.IN.TDP,TDP,658914,49.91,B Y RAMAIAH,parties.IN.YSRCP,YSRCP,547616,111298,8.43,src-bfb4e7fb9785
IN-PC-2008-andhra-pradesh-428,andhra-pradesh,2024,Machilipatnam,1540045,1315489,85.42,BALASHOWRY VALLABHANENI,parties.IN.JP,JnP,724439,55.73,SIMHADRI CHANDRA SEKHAR RAO,parties.IN.YSRCP,YSRCP,501260,223179,17.17,src-bfb4e7fb9785
IN-PC-2008-andhra-pradesh-435,andhra-pradesh,2024,Nandyal,1724191,1410776,81.82,DR BYREDDY SHABARI,parties.IN.TDP,TDP,701131,50.31,POCHA BRAHMANANDA REDDY,parties.IN.YSRCP,YSRCP,589156,111975,8.04,src-bfb4e7fb9785
IN-PC-2008-andhra-pradesh-436,andhra-pradesh,2024,Narsaraopet,1736162,1504877,86.68,LAVU SRIKRISHNA DEVARAYALU,parties.IN.TDP,TDP,807996,54.29,ANIL KUMAR POLUBOINA,parties.IN.YSRCP,YSRCP,648267,159729,10.73,src-bfb4e7fb9785
IN-PC-2008-andhra-pradesh-437,andhra-pradesh,2024,Narsapuram,1473811,1232553,83.63,BHUPATHI RAJU SRINIVASA VARMA (B.J.P.VARMA),parties.IN.BJP,BJP,707500,57.82,UMABALA GUDURI,parties.IN.YSRCP,YSRCP,430636,276864,22.63,src-bfb4e7fb9785
IN-PC-2008-andhra-pradesh-438,andhra-pradesh,2024,Nellore,1712840,1378697,80.49,PRABHAKAR REDDY VEMIREDDY,parties.IN.TDP,TDP,766202,56.34,VENUMBAKA VIJAYASAI REDDY,parties.IN.YSRCP,YSRCP,520300,245902,18.08,src-bfb4e7fb9785
IN-PC-2008-andhra-pradesh-440,andhra-pradesh,2024,Ongole,1614525,1425958,88.32,MAGUNTA SREENIVASULU REDDY,parties.IN.TDP,TDP,701894,49.81,DR CHEVIREDDY BHASKAR REDDY,parties.IN.YSRCP,YSRCP,651695,50199,3.56,src-bfb4e7fb9785
IN-PC-2008-andhra-pradesh-442,andhra-pradesh,2024,Rajahmundry,1623852,1329162,81.85,DAGGUBATI PURANDHESHWARI,parties.IN.BJP,BJP,726515,55.85,DR. GUDURI SRINIVAS,parties.IN.YSRCP,YSRCP,487376,239139,18.38,src-bfb4e7fb9785
IN-PC-2008-andhra-pradesh-443,andhra-pradesh,2024,Rajampet,1667385,1337920,80.24,P V MIDHUN REDDY,parties.IN.YSRCP,YSRCP,644844,48.79,NALLARI KIRAN KUMAR REDDY,parties.IN.BJP,BJP,568773,76071,5.75,src-bfb4e7fb9785
IN-PC-2008-andhra-pradesh-445,andhra-pradesh,2024,Srikakulam,1646686,1241169,75.37,KINJARAPU RAMMOHAN NAIDU,parties.IN.TDP,TDP,754328,62.29,TILAK PERADA,parties.IN.YSRCP,YSRCP,426427,327901,27.08,src-bfb4e7fb9785
IN-PC-2008-andhra-pradesh-446,andhra-pradesh,2024,Thirupathi,1730318,1387466,80.19,GURUMOORTHY MADDILA,parties.IN.YSRCP,YSRCP,632228,46.27,VARA PRASAD RAO VELAGAPALLI,parties.IN.BJP,BJP,617659,14569,1.07,src-bfb4e7fb9785
IN-PC-2008-andhra-pradesh-447,andhra-pradesh,2024,Vijayawada,1704469,1371102,80.44,KESINENI SIVANATH (CHINNI),parties.IN.TDP,TDP,794154,58.6,KESINENI SRINIVAS (NANI),parties.IN.YSRCP,YSRCP,512069,282085,20.81,src-bfb4e7fb9785
IN-PC-2008-andhra-pradesh-448,andhra-pradesh,2024,Visakhapatnam,1931398,1391130,72.03,SRIBHARAT MATHUKUMILI,parties.IN.TDP,TDP,907467,65.67,JHANSI LAKSHMI. BOTCHA.,parties.IN.YSRCP,YSRCP,403220,504247,36.49,src-bfb4e7fb9785
IN-PC-2008-andhra-pradesh-449,andhra-pradesh,2024,Vizianagaram,1590994,1307632,82.19,APPALANAIDU KALISETTI,parties.IN.TDP,TDP,743113,58.24,BELLANA CHANDRASEKHAR,parties.IN.YSRCP,YSRCP,493762,249351,19.54,src-bfb4e7fb9785
IN-PC-2008-arunachal-pradesh-193,arunachal-pradesh,2024,Arunachal East,378357,326063,86.18,TAPIR GAO,parties.IN.BJP,BJP,145581,45.7,BOSIRAM SIRAM,parties.IN.INC,INC,115160,30421,9.55,src-bfb4e7fb9785
IN-PC-2008-arunachal-pradesh-194,arunachal-pradesh,2024,Arunachal West,520085,402330,77.36,KIREN RIJIJU,parties.IN.BJP,BJP,205417,51.68,NABAM TUKI,parties.IN.INC,INC,104679,100738,25.35,src-bfb4e7fb9785
IN-PC-2008-assam-203,assam,2024,Diphu,902050,687376,76.2,AMARSING TISSO,parties.IN.BJP,BJP,334620,50.2,J. I. KATHAR,parties.IN.IND,IND,187017,147603,22.14,src-bfb4e7fb9785
IN-PC-2008-assam-204,assam,2024,Barpeta,1979051,1690051,85.4,PHANI BHUSAN CHOUDHURY,parties.IN.AGP,AGP,860113,51.54,DEEP BAYAN,parties.IN.INC,INC,637762,222351,13.32,src-bfb4e7fb9785
IN-PC-2008-assam-205,assam,2024,Dhubri,2663987,2458780,92.3,RAKIBUL HUSSAIN,parties.IN.INC,INC,1471885,60.36,MOHAMMED BADRUDDIN AJMAL,parties.IN.AIUDF,AIUDF,459409,1012476,41.52,src-bfb4e7fb9785
IN-PC-2008-assam-206,assam,2024,Dibrugarh,1661998,1278464,76.92,SARBANANDA SONOWAL,parties.IN.BJP,BJP,693762,55.68,LURINJYOTI GOGOI,parties.IN.ASMJTYP,ASMJTYP,414441,279321,22.42,src-bfb4e7fb9785
IN-PC-2008-assam-207,assam,2024,Guwahati,2039765,1602455,78.56,BIJULI KALITA MEDHI,parties.IN.BJP,BJP,894887,56.67,MIRA BORTHAKUR GOSWAMI,parties.IN.INC,INC,643797,251090,15.9,src-bfb4e7fb9785
IN-PC-2008-assam-208,assam,2024,Jorhat,1732944,1396283,80.57,GAURAV GOGOI,parties.IN.INC,INC,751771,54.61,TOPON KUMAR GOGOI,parties.IN.BJP,BJP,607378,144393,10.49,src-bfb4e7fb9785
IN-PC-2008-assam-209,assam,2024,Kaziranga,2053805,1635636,79.64,KAMAKHYA PRASAD TASA,parties.IN.BJP,BJP,897043,55.87,ROSELINA TIRKEY,parties.IN.INC,INC,648096,248947,15.5,src-bfb4e7fb9785
IN-PC-2008-assam-210,assam,2024,Karimganj,1414520,1147607,81.13,KRIPANATH MALLAH,parties.IN.BJP,BJP,545093,47.65,HAFIZ RASHID AHMED CHOUDHURY,parties.IN.INC,INC,526733,18360,1.6,src-bfb4e7fb9785
IN-PC-2008-assam-211,assam,2024,Kokrajhar,1494404,1254499,83.95,JOYANTA BASUMATARY,parties.IN.UPPL,UPPL,488995,39.83,KAMPA BORGOYARI,parties.IN.BOPF,BOPF,437412,51583,4.2,src-bfb4e7fb9785
IN-PC-2008-assam-212,assam,2024,Lakhimpur,1580500,1214239,76.83,PRADAN BARUAH,parties.IN.BJP,BJP,663122,55.52,UDAY SHANKAR HAZARIKA,parties.IN.INC,INC,461865,201257,16.85,src-bfb4e7fb9785
IN-PC-2008-assam-213,assam,2024,Darrang-Udalguri,2214516,1820644,82.21,DILIP SAIKIA,parties.IN.BJP,BJP,868387,48.57,MADHAB RAJBANGSHI,parties.IN.INC,INC,539375,329012,18.4,src-bfb4e7fb9785
IN-PC-2008-assam-214,assam,2024,Nagaon,1821023,1550628,85.15,PRADYUT BORDOLOI,parties.IN.INC,INC,788850,51.29,SURESH BORAH,parties.IN.BJP,BJP,576619,212231,13.8,src-bfb4e7fb9785
IN-PC-2008-assam-215,assam,2024,Silchar,1374559,1090948,79.37,PARIMAL SUKLABAIDYA,parties.IN.BJP,BJP,652405,60.59,SURYA KANTA SARKAR,parties.IN.INC,INC,388094,264311,24.55,src-bfb4e7fb9785
IN-PC-2008-assam-216,assam,2024,Sonitpur,1638992,1290556,78.74,RANJIT DUTTA,parties.IN.BJP,BJP,775788,61.1,PREMLAL GANJU,parties.IN.INC,INC,414380,361408,28.46,src-bfb4e7fb9785
IN-PC-2008-bihar-152,bihar,2024,Araria,2019757,1252751,62.02,PRADEEP KUMAR SINGH,parties.IN.BJP,BJP,600146,48.44,SHAHNAWAZ,parties.IN.RJD,RJD,580052,20094,1.63,src-bfb4e7fb9785
IN-PC-2008-bihar-153,bihar,2024,Arrah,2183625,1097080,50.24,SUDAMA PRASAD,parties.IN.CPIMLL,CPI(ML)(L),529382,49.04,R. K. SINGH,parties.IN.BJP,BJP,469574,59808,5.54,src-bfb4e7fb9785
IN-PC-2008-bihar-154,bihar,2024,Aurangabad,1875809,946044,50.43,ABHAY KUMAR SINHA,parties.IN.RJD,RJD,465567,50.43,SUSHIL KUMAR SINGH,parties.IN.BJP,BJP,386456,79111,8.57,src-bfb4e7fb9785
IN-PC-2008-bihar-155,bihar,2024,Banka,1859967,1014931,54.57,GIRIDHARI YADAV,parties.IN.JDU,JD(U),506678,51.74,JAI PRAKASH NARAYAN YADAV,parties.IN.RJD,RJD,402834,103844,10.6,src-bfb4e7fb9785
IN-PC-2008-bihar-156,bihar,2024,Begusarai,2200435,1296227,58.91,GIRIRAJ SINGH,parties.IN.BJP,BJP,649331,51.04,ABDHESH KUMAR ROY,parties.IN.CPI,CPI,567851,81480,6.41,src-bfb4e7fb9785
IN-PC-2008-bihar-157,bihar,2024,Bhagalpur,1988207,1065031,53.57,AJAY KUMAR MANDAL,parties.IN.JDU,JD(U),536031,51.93,AJEET SHARMA,parties.IN.INC,INC,431163,104868,10.16,src-bfb4e7fb9785
IN-PC-2008-bihar-158,bihar,2024,Buxar,1934352,1074086,55.53,SUDHAKAR SINGH,parties.IN.RJD,RJD,438345,41.19,MITHILESH TIWARI,parties.IN.BJP,BJP,408254,30091,2.83,src-bfb4e7fb9785
IN-PC-2008-bihar-159,bihar,2024,Darbhanga,1782853,1024986,57.49,GOPAL JEE THAKUR,parties.IN.BJP,BJP,566630,56.65,LALIT KUMAR YADAV,parties.IN.RJD,RJD,388474,178156,17.81,src-bfb4e7fb9785
IN-PC-2008-bihar-160,bihar,2024,Gaya,1821330,964870,52.98,JITAN RAM MANJHI,parties.IN.HAM_SECULAR,HAMS,494960,52.3,KUMAR SARVJEET,parties.IN.RJD,RJD,393148,101812,10.76,src-bfb4e7fb9785
IN-PC-2008-bihar-161,bihar,2024,Gopalganj,2027054,1064581,52.52,DR. ALOK KUMAR SUMAN,parties.IN.JDU,JD(U),511866,50.17,PREM NATH CHANCHAL ALIAS CHANCHAL PASWAN,parties.IN.VIP,VSIP,384686,127180,12.46,src-bfb4e7fb9785
IN-PC-2008-bihar-162,bihar,2024,Hajipur,1972915,1155605,58.57,CHIRAG PASWAN,parties.IN.LJPRV,LJPRV,615718,55.05,SHIV CHANDRA RAM,parties.IN.RJD,RJD,445613,170105,15.21,src-bfb4e7fb9785
IN-PC-2008-bihar-163,bihar,2024,Jahanabad,1678716,927696,55.26,SURENDRA PRASAD YADAV,parties.IN.RJD,RJD,443035,48.46,CHANDESHWAR PRASAD,parties.IN.JDU,JD(U),300444,142591,15.6,src-bfb4e7fb9785
IN-PC-2008-bihar-164,bihar,2024,Jamui,1910619,979337,51.26,ARUN BHARTI,parties.IN.LJPRV,LJPRV,509046,53.41,ARCHANA KUMARI,parties.IN.RJD,RJD,396564,112482,11.8,src-bfb4e7fb9785
IN-PC-2008-bihar-165,bihar,2024,Jhanjharpur,2005278,1094117,54.56,RAMPRIT MANDAL,parties.IN.JDU,JD(U),533032,50.39,SUMAN KUMAR MAHASETH,parties.IN.VIP,VSIP,348863,184169,17.41,src-bfb4e7fb9785
IN-PC-2008-bihar-166,bihar,2024,Karakat,1888005,1033379,54.73,RAJA RAM SINGH FATHER-LATE DIPAN SINGH,parties.IN.CPIMLL,CPI(ML)(L),380581,37.68,PAWAN SINGH,parties.IN.IND,IND,274723,105858,10.48,src-bfb4e7fb9785
IN-PC-2008-bihar-167,bihar,2024,Katihar,1834512,1172533,63.92,TARIQ ANWAR,parties.IN.INC,INC,567092,49.37,DULAL CHANDRA GOSWAMI,parties.IN.JDU,JD(U),517229,49863,4.34,src-bfb4e7fb9785
IN-PC-2008-bihar-168,bihar,2024,Khagaria,1843767,1062299,57.62,RAJESH VERMA,parties.IN.LJPRV,LJPRV,538657,52.26,SANJAY KUMAR,parties.IN.CPIM,CPI(M),377526,161131,15.63,src-bfb4e7fb9785
IN-PC-2008-bihar-169,bihar,2024,Kishanganj,1830197,1151296,62.91,MOHAMMAD JAWED,parties.IN.INC,INC,402850,35.77,MUJAHID ALAM,parties.IN.JDU,JD(U),343158,59692,5.3,src-bfb4e7fb9785
IN-PC-2008-bihar-170,bihar,2024,Madhepura,2073608,1209822,58.34,DINESH CHANDRA YADAV,parties.IN.JDU,JD(U),640649,54.43,DA KUMAR CHANDRADEEP,parties.IN.RJD,RJD,466115,174534,14.83,src-bfb4e7fb9785
IN-PC-2008-bihar-171,bihar,2024,Madhubani,1936759,1028128,53.08,ASHOK KUMAR YADAV,parties.IN.BJP,BJP,553428,54.96,MD ALI ASHRAF FATMI,parties.IN.RJD,RJD,401483,151945,15.09,src-bfb4e7fb9785
IN-PC-2008-bihar-172,bihar,2024,Maharajganj,1942449,1015313,52.27,"JANARDAN SINGH ""SIGRIWAL""",parties.IN.BJP,BJP,529533,53.36,AAKASH KUMAR SINGH,parties.IN.INC,INC,426882,102651,10.35,src-bfb4e7fb9785
IN-PC-2008-bihar-173,bihar,2024,Munger,2051829,1139184,55.52,RAJIV RANJAN SINGH ALIAS LALAN SINGH,parties.IN.JDU,JD(U),550146,49.25,KUMARI ANITA,parties.IN.RJD,RJD,469276,80870,7.24,src-bfb4e7fb9785
IN-PC-2008-bihar-174,bihar,2024,Muzaffarpur,1869072,1112933,59.54,RAJ BHUSHAN CHOUDHARY,parties.IN.BJP,BJP,619749,56.09,AJAY NISHAD,parties.IN.INC,INC,384822,234927,21.26,src-bfb4e7fb9785
IN-PC-2008-bihar-175,bihar,2024,Nalanda,2293994,1144956,49.91,KAUSHALENDRA KUMAR,parties.IN.JDU,JD(U),559422,49.72,DR. SANDEEP SAURAV,parties.IN.CPIMLL,CPI(ML)(L),390308,169114,15.03,src-bfb4e7fb9785
IN-PC-2008-bihar-176,bihar,2024,Nawada,2010286,871838,43.37,VIVEK THAKUR,parties.IN.BJP,BJP,410608,47.9,SHRAWAN KUMAR,parties.IN.RJD,RJD,342938,67670,7.9,src-bfb4e7fb9785
IN-PC-2008-bihar-177,bihar,2024,Paschim Champaran,1759234,1086798,61.78,DR.SANJAY JAISWAL,parties.IN.BJP,BJP,580421,53.99,MADAN MOHAN TIWARI,parties.IN.INC,INC,443853,136568,12.7,src-bfb4e7fb9785
IN-PC-2008-bihar-178,bihar,2024,Patliputra,2080613,1230694,59.15,MISHA BHARTI,parties.IN.RJD,RJD,613283,50.08,RAM KRIPAL YADAV,parties.IN.BJP,BJP,528109,85174,6.95,src-bfb4e7fb9785
IN-PC-2008-bihar-179,bihar,2024,Patna Sahib,2295527,1075992,46.87,RAVI SHANKAR PRASAD,parties.IN.BJP,BJP,588270,54.98,ANSHUL AVIJIT,parties.IN.INC,INC,434424,153846,14.38,src-bfb4e7fb9785
IN-PC-2008-bihar-180,bihar,2024,Purnia,1895036,1196238,63.12,RAJESH RANJAN ALIAS PAPPU YADAV,parties.IN.IND,IND,567556,48.43,SANTOSH KUMAR,parties.IN.JDU,JD(U),543709,23847,2.04,src-bfb4e7fb9785
IN-PC-2008-bihar-181,bihar,2024,Purvi Champaran,1793440,1074344,59.9,RADHA MOHAN SINGH,parties.IN.BJP,BJP,542193,51.45,DR RAJESH KUMAR,parties.IN.VIP,VSIP,453906,88287,8.38,src-bfb4e7fb9785
IN-PC-2008-bihar-182,bihar,2024,Samastipur,1820016,1095866,60.21,SHAMBHAVI,parties.IN.LJPRV,LJPRV,579786,54.6,SUNNY HAZARI,parties.IN.INC,INC,392535,187251,17.64,src-bfb4e7fb9785
IN-PC-2008-bihar-183,bihar,2024,Saran,1800790,1022613,56.79,RAJIV PRATAP RUDY,parties.IN.BJP,BJP,471752,46.7,ROHINI ACHARYA,parties.IN.RJD,RJD,458091,13661,1.35,src-bfb4e7fb9785
IN-PC-2008-bihar-184,bihar,2024,Sasaram,1914914,1097925,57.34,MANOJ KUMAR,parties.IN.INC,INC,513004,47.51,SHIVESH KUMAR,parties.IN.BJP,BJP,493847,19157,1.78,src-bfb4e7fb9785
IN-PC-2008-bihar-185,bihar,2024,Sheohar,1834437,1055989,57.56,LOVELY ANAND,parties.IN.JDU,JD(U),476612,46.48,RITU JAISWAL,parties.IN.RJD,RJD,447469,29143,2.84,src-bfb4e7fb9785
IN-PC-2008-bihar-186,bihar,2024,Sitamarhi,1950028,1096960,56.25,DEVESH CHANDRA THAKUR,parties.IN.JDU,JD(U),515719,48.57,ARJUN RAY,parties.IN.RJD,RJD,464363,51356,4.84,src-bfb4e7fb9785
IN-PC-2008-bihar-187,bihar,2024,Siwan,1901956,998204,52.48,VIJAYLAKSHMI DEVI,parties.IN.JDU,JD(U),386508,39.8,HENA SHAHAB,parties.IN.IND,IND,293651,92857,9.56,src-bfb4e7fb9785
IN-PC-2008-bihar-188,bihar,2024,Supaul,1928887,1231554,63.85,DILESHWAR KAMAIT,parties.IN.JDU,JD(U),595038,49.08,CHANDRAHAS CHAUPAL,parties.IN.RJD,RJD,425235,169803,14.01,src-bfb4e7fb9785
IN-PC-2008-bihar-189,bihar,2024,Ujiarpur,1748377,1042749,59.64,NITYANAND RAI,parties.IN.BJP,BJP,515965,50.64,ALOK KUMAR MEHTA,parties.IN.RJD,RJD,455863,60102,5.89,src-bfb4e7fb9785
IN-PC-2008-bihar-190,bihar,2024,Vaishali,1871877,1172436,62.63,VEENA DEVI,parties.IN.LJPRV,LJPRV,567043,49.54,VIJAY KUMAR SHUKLA,parties.IN.RJD,RJD,477409,89634,7.83,src-bfb4e7fb9785
IN-PC-2008-bihar-191,bihar,2024,Valmiki Nagar,1829052,1103474,60.33,SUNIL KUMAR,parties.IN.JDU,JD(U),523422,48.87,DEEPAK YADAV,parties.IN.RJD,RJD,424747,98675,9.22,src-bfb4e7fb9785
IN-PC-2008-chandigarh-eci1,chandigarh,2024,Chandigarh,660552,449383,68.03,MANISH TEWARI,parties.IN.INC,INC,216657,48.54,SANJAY TANDON,parties.IN.BJP,BJP,214153,2504,0.56,src-bfb4e7fb9785
IN-PC-2008-chhattisgarh-294,chhattisgarh,2024,BASTAR,1473810,1008923,68.46,MAHESH KASHYAP,parties.IN.BJP,BJP,458398,47.23,KAWASI LAKHMA,parties.IN.INC,INC,403153,55245,5.7,src-bfb4e7fb9785
IN-PC-2008-chhattisgarh-295,chhattisgarh,2024,BILASPUR,2103937,1365126,64.88,TOKHAN SAHU,parties.IN.BJP,BJP,724937,53.36,DEVENDRA YADAV,parties.IN.INC,INC,560379,164558,12.11,src-bfb4e7fb9785
IN-PC-2008-chhattisgarh-296,chhattisgarh,2024,DURG,2092551,1543861,73.78,VIJAY BAGHEL,parties.IN.BJP,BJP,956497,62.22,RAJENDRA SAHU,parties.IN.INC,INC,518271,438226,28.5,src-bfb4e7fb9785
IN-PC-2008-chhattisgarh-297,chhattisgarh,2024,JANJGIR-CHAMPA,2058260,1394953,67.77,KAMLESH JANGDE,parties.IN.BJP,BJP,678199,48.89,DR. SHIVKUMAR DAHARIYA,parties.IN.INC,INC,618199,60000,4.32,src-bfb4e7fb9785
IN-PC-2008-chhattisgarh-298,chhattisgarh,2024,KANKER,1659374,1267551,76.39,BHOJRAJ NAG,parties.IN.BJP,BJP,597624,47.93,BIRESH THAKUR,parties.IN.INC,INC,595740,1884,0.15,src-bfb4e7fb9785
IN-PC-2008-chhattisgarh-299,chhattisgarh,2024,KORBA,1620051,1226934,75.73,JYOTSNA CHARANDAS MAHANT,parties.IN.INC,INC,570182,46.77,SAROJ PANDEY,parties.IN.BJP,BJP,526899,43283,3.55,src-bfb4e7fb9785
IN-PC-2008-chhattisgarh-300,chhattisgarh,2024,MAHASAMUND,1763698,1326441,75.21,ROOP KUMARI CHOUDHARY,parties.IN.BJP,BJP,703659,53.22,TAMRADHWAJ SAHU,parties.IN.INC,INC,558203,145456,11,src-bfb4e7fb9785
IN-PC-2008-chhattisgarh-301,chhattisgarh,2024,RAIGARH,1840847,1453542,78.96,RADHESHYAM RATHIYA,parties.IN.BJP,BJP,808275,56.21,DR. MENKA DEVI SINGH,parties.IN.INC,INC,567884,240391,16.72,src-bfb4e7fb9785
IN-PC-2008-chhattisgarh-302,chhattisgarh,2024,RAIPUR,2376030,1592011,67,BRIJMOHAN AGRAWAL,parties.IN.BJP,BJP,1050351,66.38,VIKAS UPADHYAY,parties.IN.INC,INC,475066,575285,36.36,src-bfb4e7fb9785
IN-PC-2008-chhattisgarh-303,chhattisgarh,2024,RAJNANDGAON,1869229,1447888,77.46,SANTOSH PANDEY,parties.IN.BJP,BJP,712057,49.58,BHUPESH BAGHEL,parties.IN.INC,INC,667646,44411,3.09,src-bfb4e7fb9785
IN-PC-2008-chhattisgarh-304,chhattisgarh,2024,SURGUJA,1820880,1456077,79.97,CHINTAMANI MAHARAJ,parties.IN.BJP,BJP,713200,49.97,SHASHI SINGH KORAM,parties.IN.INC,INC,648378,64822,4.54,src-bfb4e7fb9785
IN-PC-2008-dadra-and-nagar-haveli-and-daman-and-diu-360,dadra-and-nagar-haveli-and-daman-and-diu,2024,Daman & Diu,134201,92448,68.89,PATEL UMESHBHAI BABUBHAI,parties.IN.IND,IND,42523,46.51,LALUBHAI BABUBHAI PATEL,parties.IN.BJP,BJP,36298,6225,6.81,src-bfb4e7fb9785
IN-PC-2008-dadra-and-nagar-haveli-and-daman-and-diu-eci2,dadra-and-nagar-haveli-and-daman-and-diu,2024,Dadar & Nagar Haveli,283035,205625,72.65,DELKAR KALABEN MOHANBHAI,parties.IN.BJP,BJP,121074,60.41,AJIT RAMJIBHAI MAHALA,parties.IN.INC,INC,63490,57584,28.73,src-bfb4e7fb9785
IN-PC-2008-delhi-eci1,delhi,2024,Chandni Chowk,1646467,966352,58.69,PRAVEEN KHANDELWAL,parties.IN.BJP,BJP,516496,53.77,JAI PRAKASH AGARWAL,parties.IN.INC,INC,427171,89325,9.3,src-bfb4e7fb9785
IN-PC-2008-delhi-eci2,delhi,2024,North-East Delhi,2464397,1553679,63.04,MANOJ TIWARI,parties.IN.BJP,BJP,824451,53.3,KANHAIYA KUMAR,parties.IN.INC,INC,685673,138778,8.97,src-bfb4e7fb9785
IN-PC-2008-delhi-eci3,delhi,2024,East Delhi,2121610,1264411,59.6,HARSH MALHOTRA,parties.IN.BJP,BJP,664819,52.82,KULDEEP KUMAR (MONU),parties.IN.AAAP,AAAP,571156,93663,7.44,src-bfb4e7fb9785
IN-PC-2008-delhi-eci4,delhi,2024,New Delhi,1526694,847764,55.53,BANSURI SWARAJ,parties.IN.BJP,BJP,453185,53.78,SOMNATH BHARTI,parties.IN.AAAP,AAAP,374815,78370,9.3,src-bfb4e7fb9785
IN-PC-2008-delhi-eci5,delhi,2024,North-West Delhi,2569274,1490322,58.01,YOGENDER CHANDOLIYA,parties.IN.BJP,BJP,866483,58.62,UDIT RAJ,parties.IN.INC,INC,575634,290849,19.68,src-bfb4e7fb9785
IN-PC-2008-delhi-eci6,delhi,2024,West Delhi,2592498,1524751,58.81,KAMALJEET SEHRAWAT,parties.IN.BJP,BJP,842658,55.59,MAHABAL MISHRA,parties.IN.AAAP,AAAP,643645,199013,13.13,src-bfb4e7fb9785
IN-PC-2008-delhi-eci7,delhi,2024,South Delhi,2293698,1296306,56.52,RAMVIR SINGH BIDHURI,parties.IN.BJP,BJP,692832,53.71,SAHI RAM,parties.IN.AAAP,AAAP,568499,124333,9.64,src-bfb4e7fb9785
IN-PC-2008-goa-480,goa,2024,North Goa,580710,457222,78.73,SHRIPAD YESSO NAIK,parties.IN.BJP,BJP,257786,57.23,RAMAKANT KHALAP,parties.IN.INC,INC,141534,116252,25.81,src-bfb4e7fb9785
IN-PC-2008-goa-481,goa,2024,South Goa,598934,450956,75.29,CAPTAIN VIRIATO FERNANDES,parties.IN.INC,INC,217836,48.88,PALLAVI SHRINIVAS DEMPO,parties.IN.BJP,BJP,204301,13535,3.04,src-bfb4e7fb9785
IN-PC-2008-gujarat-334,gujarat,2024,Ahmedabad East,2040263,1130756,55.42,HASMUKHBHAI PATEL (H.S.PATEL),parties.IN.BJP,BJP,770459,68.92,HIMMATSINH PRAHLADSINH PATEL,parties.IN.INC,INC,308704,461755,41.3,src-bfb4e7fb9785
IN-PC-2008-gujarat-335,gujarat,2024,Ahmedabad West,1727645,967803,56.02,DINESHBHAI MAKWANA (ADVOCATE),parties.IN.BJP,BJP,611704,64.21,BHARAT YOGENDRA MAKWANA,parties.IN.INC,INC,325267,286437,30.07,src-bfb4e7fb9785
IN-PC-2008-gujarat-336,gujarat,2024,Amreli,1733367,877094,50.6,BHARATBHAI MANUBHAI SUTARIYA,parties.IN.BJP,BJP,580872,67.15,JENNY THUMMAR,parties.IN.INC,INC,259804,321068,37.12,src-bfb4e7fb9785
IN-PC-2008-gujarat-337,gujarat,2024,Anand,1780709,1170984,65.76,MITESH PATEL (BAKABHAI),parties.IN.BJP,BJP,612484,53.17,AMIT CHAVDA,parties.IN.INC,INC,522545,89939,7.81,src-bfb4e7fb9785
IN-PC-2008-gujarat-338,gujarat,2024,Banaskantha,1963312,1378128,70.19,GENIBEN NAGAJI THAKOR,parties.IN.INC,INC,671883,49.63,DR. REKHABEN HITESHBHAI CHAUDHARI,parties.IN.BJP,BJP,641477,30406,2.24,src-bfb4e7fb9785
IN-PC-2008-gujarat-339,gujarat,2024,Bardoli,2048788,1343633,65.58,PARBHUBHAI NAGARBHAI VASAVA,parties.IN.BJP,BJP,763950,58.15,CHAUDHARY SIDDHARTH AMARSINH,parties.IN.INC,INC,533697,230253,17.53,src-bfb4e7fb9785
IN-PC-2008-gujarat-340,gujarat,2024,Bharuch,1723670,1199601,69.6,MANSUKHBHAI DHANJIBHAI VASAVA,parties.IN.BJP,BJP,608157,51.73,CHAITARBHAI DAMJIBHAI VASAVA,parties.IN.AAAP,AAAP,522461,85696,7.29,src-bfb4e7fb9785
IN-PC-2008-gujarat-341,gujarat,2024,Bhavnagar,1918394,1051181,54.79,NIMUBEN JAYANTIBHAI BAMBHANIYA (NIMUBEN BAMBHANIYA),parties.IN.BJP,BJP,716883,69.7,UMESHBHAI NARANBHAI MAKWANA,parties.IN.AAAP,AAAP,261594,455289,44.26,src-bfb4e7fb9785
IN-PC-2008-gujarat-342,gujarat,2024,Chhota Udaipur,1822437,1269390,69.65,JASHUBHAI BHILUBHAI RATHVA,parties.IN.BJP,BJP,796589,64.34,SUKHRAMBHAI HARIYABHAI RATHWA,parties.IN.INC,INC,397812,398777,32.21,src-bfb4e7fb9785
IN-PC-2008-gujarat-343,gujarat,2024,Dahod,1876247,1119204,59.65,JASWANTSINH SUMANBHAI BHABHOR,parties.IN.BJP,BJP,688715,63.57,DR. PRABHABEN KISHORSINH TAVIYAD,parties.IN.INC,INC,355038,333677,30.8,src-bfb4e7fb9785
IN-PC-2008-gujarat-344,gujarat,2024,Gandhinagar,2183402,1323545,60.62,AMIT SHAH,parties.IN.BJP,BJP,1010972,77.78,SONAL RAMANBHAI PATEL,parties.IN.INC,INC,266256,744716,57.3,src-bfb4e7fb9785
IN-PC-2008-gujarat-345,gujarat,2024,Jamnagar,1818959,1052099,57.84,POONAMBEN HEMATBHAI MAADAM,parties.IN.BJP,BJP,620049,59.61,ADVOCATE J. P. MARAVIYA,parties.IN.INC,INC,382041,238008,22.88,src-bfb4e7fb9785
IN-PC-2008-gujarat-346,gujarat,2024,Junagadh,1796532,1069622,59.54,CHUDASAMA RAJESHBHAI NARANBHAI,parties.IN.BJP,BJP,584049,55.4,JOTVA HIRABHAI ARJANBHAI,parties.IN.INC,INC,448555,135494,12.85,src-bfb4e7fb9785
IN-PC-2008-gujarat-347,gujarat,2024,Kachchh,1943633,1096006,56.39,CHAVDA VINOD LAKHAMSHI,parties.IN.BJP,BJP,659574,61.28,NITESH PARBATBHAI LALAN (MATANG),parties.IN.INC,INC,390792,268782,24.98,src-bfb4e7fb9785
IN-PC-2008-gujarat-348,gujarat,2024,Kheda,2008281,1179041,58.71,DEVUSINH CHAUHAN,parties.IN.BJP,BJP,744435,64.34,KALUSINH DABHI,parties.IN.INC,INC,386677,357758,30.92,src-bfb4e7fb9785
IN-PC-2008-gujarat-349,gujarat,2024,Mahesana,1772048,1079261,60.9,HARIBHAI PATEL,parties.IN.BJP,BJP,686406,64.44,RAMJI THAKOR,parties.IN.INC,INC,358360,328046,30.8,src-bfb4e7fb9785
IN-PC-2008-gujarat-350,gujarat,2024,Navsari,2223804,1339344,60.23,C R PATIL,parties.IN.BJP,BJP,1031065,78.24,NAISHADHBHAI BHUPATBHAI DESAI,parties.IN.INC,INC,257514,773551,58.7,src-bfb4e7fb9785
IN-PC-2008-gujarat-351,gujarat,2024,Panchmahal,1898234,1132935,59.68,RAJPALSINH MAHENDRASINH JADAV,parties.IN.BJP,BJP,794579,71.49,GULABSINH SOMSINH CHAUHAN,parties.IN.INC,INC,285237,509342,45.83,src-bfb4e7fb9785
IN-PC-2008-gujarat-352,gujarat,2024,Patan,2021772,1195554,59.13,DABHI BHARATSINHJI SHANKARJI,parties.IN.BJP,BJP,591947,50.32,CHANDANJI TALAJI THAKOR,parties.IN.INC,INC,560071,31876,2.71,src-bfb4e7fb9785
IN-PC-2008-gujarat-353,gujarat,2024,Porbandar,1769594,930356,52.57,DR. MANSUKH MANDAVIYA,parties.IN.BJP,BJP,633514,69.16,LALIT VASOYA,parties.IN.INC,INC,249902,383612,41.88,src-bfb4e7fb9785
IN-PC-2008-gujarat-354,gujarat,2024,Rajkot,2112726,1274866,60.34,PARSHOTTAMBHAI RUPALA,parties.IN.BJP,BJP,857984,68.22,DHANANI PARESH,parties.IN.INC,INC,373724,484260,38.5,src-bfb4e7fb9785
IN-PC-2008-gujarat-355,gujarat,2024,Sabarkantha,1980797,1271490,64.19,SHOBHANABEN MAHENDRASINH BARAIYA,parties.IN.BJP,BJP,677318,54.26,CHAUDHARI TUSHAR AMARSINH,parties.IN.INC,INC,521636,155682,12.47,src-bfb4e7fb9785
IN-PC-2008-gujarat-357,gujarat,2024,Surendranagar,2035001,1133390,55.69,CHANDUBHAI CHHAGANBHAI SHIHORA,parties.IN.BJP,BJP,669749,59.9,RUTVIKBHAI LAVJIBHAI MAKWANA,parties.IN.INC,INC,408132,261617,23.4,src-bfb4e7fb9785
IN-PC-2008-gujarat-358,gujarat,2024,Vadodara,1950123,1213696,62.24,DR. HEMANG JOSHI,parties.IN.BJP,BJP,873189,73.15,PADHIYAR JASHPALSINH MAHENDRASINH (BAPU),parties.IN.INC,INC,291063,582126,48.77,src-bfb4e7fb9785
IN-PC-2008-gujarat-359,gujarat,2024,Valsad,1860207,1363008,73.27,DHAVAL LAXMANBHAI PATEL,parties.IN.BJP,BJP,764226,56.9,ANANTKUMAR HASMUKHBHAI PATEL,parties.IN.INC,INC,553522,210704,15.69,src-bfb4e7fb9785
IN-PC-2008-haryana-30,haryana,2024,AMBALA,2003510,1348094,67.29,VARUN CHAUDHRY,parties.IN.INC,INC,663657,49.52,BANTO KATARIA,parties.IN.BJP,BJP,614621,49036,3.66,src-bfb4e7fb9785
IN-PC-2008-haryana-31,haryana,2024,BHIWANI-MAHENDRAGARH,1821764,1184437,65.02,DHARAMBIR SINGH,parties.IN.BJP,BJP,588664,49.97,RAO DAN SINGH,parties.IN.INC,INC,547154,41510,3.53,src-bfb4e7fb9785
IN-PC-2008-haryana-32,haryana,2024,FARIDABAD,2436637,1473728,60.48,KRISHAN PAL,parties.IN.BJP,BJP,788569,53.85,MAHENDER PRATAP SINGH,parties.IN.INC,INC,615655,172914,11.81,src-bfb4e7fb9785
IN-PC-2008-haryana-33,haryana,2024,GURGAON,2584982,1603233,62.02,RAO INDERJIT SINGH,parties.IN.BJP,BJP,808336,50.69,RAJ BABBAR,parties.IN.INC,INC,733257,75079,4.71,src-bfb4e7fb9785
IN-PC-2008-haryana-34,haryana,2024,HISAR,1799539,1175066,65.3,JAI PARKASH (J P) S/O HARIKESH,parties.IN.INC,INC,570424,48.72,RANJIT SINGH,parties.IN.BJP,BJP,507043,63381,5.41,src-bfb4e7fb9785
IN-PC-2008-haryana-35,haryana,2024,KARNAL,2109702,1346656,63.83,MANOHAR LAL,parties.IN.BJP,BJP,739285,55.09,DIVYANSHU BUDHIRAJA,parties.IN.INC,INC,506708,232577,17.33,src-bfb4e7fb9785
IN-PC-2008-haryana-36,haryana,2024,KURUKSHETRA,1799822,1206961,67.06,NAVEEN JINDAL,parties.IN.BJP,BJP,542175,45.05,DR SUSHIL GUPTA,parties.IN.AAAP,AAAP,513154,29021,2.41,src-bfb4e7fb9785
IN-PC-2008-haryana-37,haryana,2024,ROHTAK,1913628,1254043,65.53,DEEPENDER SINGH HOODA,parties.IN.INC,INC,783578,62.88,DR. ARVIND KUMAR SHARMA,parties.IN.BJP,BJP,438280,345298,27.71,src-bfb4e7fb9785
IN-PC-2008-haryana-38,haryana,2024,SIRSA,1941319,1356358,69.87,SELJA,parties.IN.INC,INC,733823,54.34,ASHOK TANWAR,parties.IN.BJP,BJP,465326,268497,19.88,src-bfb4e7fb9785
IN-PC-2008-haryana-39,haryana,2024,SONIPAT,1777008,1127054,63.42,SATPAL BRAHAMCHARI,parties.IN.INC,INC,548682,48.92,MOHAN LAL BADOLI,parties.IN.BJP,BJP,526866,21816,1.95,src-bfb4e7fb9785
IN-PC-2008-himachal-pradesh-10,himachal-pradesh,2024,SHIMLA,1354665,971315,71.7,Suresh Kumar Kashyap,parties.IN.BJP,BJP,519748,53.91,Vinod Sultanpuri,parties.IN.INC,INC,428297,91451,9.48,src-bfb4e7fb9785
IN-PC-2008-himachal-pradesh-7,himachal-pradesh,2024,HAMIRPUR,1456099,1052398,72.28,ANURAG SINGH THAKUR,parties.IN.BJP,BJP,607068,58.26,SATPAL RAIZADA,parties.IN.INC,INC,424711,182357,17.5,src-bfb4e7fb9785
IN-PC-2008-himachal-pradesh-8,himachal-pradesh,2024,KANGRA,1524032,1038678,68.15,DR RAJEEV BHARDWAJ,parties.IN.BJP,BJP,632793,61.41,ANAND SHARMA,parties.IN.INC,INC,380898,251895,24.45,src-bfb4e7fb9785
IN-PC-2008-himachal-pradesh-9,himachal-pradesh,2024,MANDI,1377173,1018685,73.97,KANGNA RANAUT,parties.IN.BJP,BJP,537022,53.16,VIKRAMADITYA SINGH,parties.IN.INC,INC,462267,74755,7.4,src-bfb4e7fb9785
IN-PC-2008-jammu-and-kashmir-1,jammu-and-kashmir,2024,ANANTNAG-RAJOURI,1849517,1026420,55.5,MIAN ALTAF AHMAD,parties.IN.JKNC,JKN,521836,51.16,MEHBOOBA MUFTI,parties.IN.JKPDP,JKPDP,240042,281794,27.62,src-bfb4e7fb9785
IN-PC-2008-jammu-and-kashmir-2,jammu-and-kashmir,2024,BARAMULLA,1744525,1034722,59.31,ABDUL RASHID SHEIKH,parties.IN.IND,IND,472481,45.92,OMAR ABDULLAH,parties.IN.JKNC,JKN,268339,204142,19.84,src-bfb4e7fb9785
IN-PC-2008-jammu-and-kashmir-3,jammu-and-kashmir,2024,JAMMU,1818657,1309825,72.02,JUGAL KISHORE,parties.IN.BJP,BJP,687588,52.99,RAMAN BHALLA,parties.IN.INC,INC,552090,135498,10.44,src-bfb4e7fb9785
IN-PC-2008-jammu-and-kashmir-5,jammu-and-kashmir,2024,SRINAGAR,1748803,676408,38.68,AGA SYED RUHULLAH MEHDI,parties.IN.JKNC,JKN,356866,53.32,WAHEED UR REHMAN PARA,parties.IN.JKPDP,JKPDP,168450,188416,28.15,src-bfb4e7fb9785
IN-PC-2008-jammu-and-kashmir-6,jammu-and-kashmir,2024,UDHAMPUR,1640846,1115491,67.98,DR JITENDRA SINGH,parties.IN.BJP,BJP,571076,51.88,CH LAL SINGH,parties.IN.INC,INC,446703,124373,11.3,src-bfb4e7fb9785
IN-PC-2008-jharkhand-259,jharkhand,2024,Chatra,1692698,1089296,64.35,KALI CHARAN SINGH,parties.IN.BJP,BJP,574556,53.3,KRISHNA NAND TRIPATHI,parties.IN.INC,INC,353597,220959,20.49,src-bfb4e7fb9785
IN-PC-2008-jharkhand-260,jharkhand,2024,Dhanbad,2290354,1431957,62.52,DULU MAHATO,parties.IN.BJP,BJP,789172,55.55,ANUPAMA SINGH,parties.IN.INC,INC,457589,331583,23.34,src-bfb4e7fb9785
IN-PC-2008-jharkhand-261,jharkhand,2024,Dumka,1592192,1185151,74.44,NALIN SOREN,parties.IN.JMM,JMM,547370,46.4,SITA MURMU,parties.IN.BJP,BJP,524843,22527,1.91,src-bfb4e7fb9785
IN-PC-2008-jharkhand-262,jharkhand,2024,Giridih,1866763,1265546,67.79,CHANDRA PRAKASH CHOUDHARY,parties.IN.AJSU,AJSUP,451139,35.84,MATHURA PRASAD MAHATO,parties.IN.JMM,JMM,370259,80880,6.43,src-bfb4e7fb9785
IN-PC-2008-jharkhand-263,jharkhand,2024,Godda,2030444,1402941,69.1,NISHIKANT DUBEY,parties.IN.BJP,BJP,693140,49.73,PRADEEP YADAV,parties.IN.INC,INC,591327,101813,7.31,src-bfb4e7fb9785
IN-PC-2008-jharkhand-264,jharkhand,2024,Hazaribagh,1942771,1265455,65.14,MANISH JAISWAL,parties.IN.BJP,BJP,654613,52.06,JAI PRAKASH BHAI PATEL,parties.IN.INC,INC,377927,276686,22.01,src-bfb4e7fb9785
IN-PC-2008-jharkhand-265,jharkhand,2024,Jamshedpur,1871388,1279236,68.36,BIDYUT BARAN MAHATO,parties.IN.BJP,BJP,726174,57.17,SAMIR KUMAR MOHANTY,parties.IN.JMM,JMM,466392,259782,20.45,src-bfb4e7fb9785
IN-PC-2008-jharkhand-266,jharkhand,2024,Khunti,1329423,940247,70.73,KALI CHARAN MUNDA,parties.IN.INC,INC,511647,55.93,ARJUN MUNDA,parties.IN.BJP,BJP,361972,149675,16.36,src-bfb4e7fb9785
IN-PC-2008-jharkhand-267,jharkhand,2024,Kodarma,2207845,1373091,62.19,ANNPURNA DEVI,parties.IN.BJP,BJP,791657,59.62,VINOD KUMAR SINGH,parties.IN.CPIMLL,CPI(ML)(L),414643,377014,28.39,src-bfb4e7fb9785
IN-PC-2008-jharkhand-268,jharkhand,2024,Lohardaga,1448225,971662,67.09,SUKHDEO BHAGAT,parties.IN.INC,INC,483038,50.54,SAMIR ORAON,parties.IN.BJP,BJP,343900,139138,14.56,src-bfb4e7fb9785
IN-PC-2008-jharkhand-269,jharkhand,2024,Palamu,2248082,1392035,61.92,VISHNU DAYAL RAM,parties.IN.BJP,BJP,770362,56.38,MAMTA BHUIYAN,parties.IN.RJD,RJD,481555,288807,21.14,src-bfb4e7fb9785
IN-PC-2008-jharkhand-270,jharkhand,2024,Rajmahal,1705708,1218620,71.44,VIJAY KUMAR HANSDAK,parties.IN.JMM,JMM,613371,51.11,TALA MARANDI,parties.IN.BJP,BJP,435107,178264,14.85,src-bfb4e7fb9785
IN-PC-2008-jharkhand-271,jharkhand,2024,Ranchi,2202528,1452196,65.93,SANJAY SETH,parties.IN.BJP,BJP,664732,46.17,YASHASWINI SAHAY,parties.IN.INC,INC,544220,120512,8.37,src-bfb4e7fb9785
IN-PC-2008-jharkhand-272,jharkhand,2024,Singhbhum,1449471,1011759,69.8,JOBA MAJHI,parties.IN.JMM,JMM,520164,52.88,GEETA KORA,parties.IN.BJP,BJP,351762,168402,17.12,src-bfb4e7fb9785
IN-PC-2008-karnataka-452,karnataka,2024,Bagalkot,1810090,1319713,72.91,GADDIGOUDAR. PARVATAGOUDA. CHANDANAGOUDA.,parties.IN.BJP,BJP,671039,51.06,SAMYUKTA SHIVANAND PATIL,parties.IN.INC,INC,602640,68399,5.2,src-bfb4e7fb9785
IN-PC-2008-karnataka-453,karnataka,2024,Bangalore central,2434254,1318346,54.16,P C MOHAN,parties.IN.BJP,BJP,658915,50.52,MANSOOR ALI KHAN,parties.IN.INC,INC,626208,32707,2.51,src-bfb4e7fb9785
IN-PC-2008-karnataka-454,karnataka,2024,Bangalore North,3215291,1756885,54.64,SHOBHA KARANDLAJE,parties.IN.BJP,BJP,986049,56.7,PROFESSOR M.V RAJEEV GOWDA,parties.IN.INC,INC,726573,259476,14.92,src-bfb4e7fb9785
IN-PC-2008-karnataka-455,karnataka,2024,Bangalore Rural,2802956,1920679,68.52,DR C N MANJUNATH,parties.IN.BJP,BJP,1079002,56.53,D K SURESH,parties.IN.INC,INC,809355,269647,14.13,src-bfb4e7fb9785
IN-PC-2008-karnataka-456,karnataka,2024,Bangalore South,2341895,1250052,53.38,TEJASVI SURYA,parties.IN.BJP,BJP,750830,60.48,SOWMYA REDDY,parties.IN.INC,INC,473747,277083,22.32,src-bfb4e7fb9785
IN-PC-2008-karnataka-457,karnataka,2024,Belgaum,1931746,1386821,71.79,JAGADISH SHETTAR,parties.IN.BJP,BJP,762029,55.29,MRINAL R HEBBALKAR,parties.IN.INC,INC,583592,178437,12.94,src-bfb4e7fb9785
IN-PC-2008-karnataka-458,karnataka,2024,Bellary,1884472,1389995,73.76,E. TUKARAM,parties.IN.INC,INC,730845,52.88,B. SREERAMULU,parties.IN.BJP,BJP,631853,98992,7.16,src-bfb4e7fb9785
IN-PC-2008-karnataka-459,karnataka,2024,Bidar,1894364,1243057,65.62,SAGAR ESHWAR KHANDRE,parties.IN.INC,INC,666317,53.84,BHAGWANTH KHUBA,parties.IN.BJP,BJP,537442,128875,10.42,src-bfb4e7fb9785
IN-PC-2008-karnataka-460,karnataka,2024,Bijapur,1947976,1297073,66.59,RAMESH JIGAJINAGI,parties.IN.BJP,BJP,672781,52.21,RAJU ALAGUR.,parties.IN.INC,INC,595552,77229,5.99,src-bfb4e7fb9785
IN-PC-2008-karnataka-461,karnataka,2024,Chamarajanagar,1778667,1370336,77.04,SUNIL BOSE,parties.IN.INC,INC,751671,55.2,BALARAJ.S,parties.IN.BJP,BJP,562965,188706,13.86,src-bfb4e7fb9785
IN-PC-2008-karnataka-462,karnataka,2024,Chikkballapur,1981767,1531043,77.26,DR.K.SUDHAKAR,parties.IN.BJP,BJP,822619,53.97,M.S. RAKSHA RAMAIAH,parties.IN.INC,INC,659159,163460,10.72,src-bfb4e7fb9785
IN-PC-2008-karnataka-463,karnataka,2024,Chikkodi,1770523,1395325,78.81,PRIYANKA SATISH JARKIHOLI,parties.IN.INC,INC,713461,51.31,ANNASAHEB SHANKAR JOLLE,parties.IN.BJP,BJP,622627,90834,6.53,src-bfb4e7fb9785
IN-PC-2008-karnataka-464,karnataka,2024,Chitradurga,1857385,1367995,73.65,GOVIND MAKTHAPPA KARJOL,parties.IN.BJP,BJP,684890,50.22,B.N.CHANDRAPPA,parties.IN.INC,INC,636769,48121,3.53,src-bfb4e7fb9785
IN-PC-2008-karnataka-465,karnataka,2024,Dakshina Kannada,1818127,1418468,78.02,CAPTAIN BRIJESH CHOWTA,parties.IN.BJP,BJP,764132,54.89,PADMARAJ.R.POOJARY,parties.IN.INC,INC,614924,149208,10.72,src-bfb4e7fb9785
IN-PC-2008-karnataka-466,karnataka,2024,Davanagere,1709809,1321228,77.27,DR. PRABHA MALLIKARJUN,parties.IN.INC,INC,633059,48.06,GAYITHRI SIDDESHWARA,parties.IN.BJP,BJP,606965,26094,1.98,src-bfb4e7fb9785
IN-PC-2008-karnataka-467,karnataka,2024,Dharwad,1834015,1366570,74.51,PRALHAD JOSHI,parties.IN.BJP,BJP,716231,52.65,VINOD ASOOTI,parties.IN.INC,INC,618907,97324,7.15,src-bfb4e7fb9785
IN-PC-2008-karnataka-468,karnataka,2024,Gulbarga,2098778,1311233,62.48,RADHAKRISHNA,parties.IN.INC,INC,652321,50.1,DR. UMESH G JADHAV,parties.IN.BJP,BJP,625116,27205,2.09,src-bfb4e7fb9785
IN-PC-2008-karnataka-469,karnataka,2024,Hassan,1738818,1357375,78.06,SHREYAS. M. PATEL,parties.IN.INC,INC,672988,49.98,PRAJWAL REVANNA,parties.IN.JDS,JD(S),630339,42649,3.17,src-bfb4e7fb9785
IN-PC-2008-karnataka-470,karnataka,2024,Haveri,1794394,1397131,77.86,BASAVARAJ BOMMAI,parties.IN.BJP,BJP,705538,50.94,ANANDSWAMY GADDADEVARMATH,parties.IN.INC,INC,662025,43513,3.14,src-bfb4e7fb9785
IN-PC-2008-karnataka-471,karnataka,2024,Kolar,1728198,1356814,78.51,M. MALLESH BABU,parties.IN.JDS,JD(S),691481,51.24,K V GOWTHAM,parties.IN.INC,INC,620093,71388,5.29,src-bfb4e7fb9785
IN-PC-2008-karnataka-472,karnataka,2024,Koppal,1867016,1329839,71.23,K. RAJASHEKAR BASAVARAJ HITNAL,parties.IN.INC,INC,663511,50.06,DR . BASAVARAJ. K. SHARANAPPA,parties.IN.BJP,BJP,617154,46357,3.5,src-bfb4e7fb9785
IN-PC-2008-karnataka-473,karnataka,2024,Mandya,1780149,1460563,82.05,H.D. KUMARASWAMY,parties.IN.JDS,JD(S),851881,58.65,VENKATARAMANE GOWDA (STAR CHANDRU),parties.IN.INC,INC,567261,284620,19.6,src-bfb4e7fb9785
IN-PC-2008-karnataka-474,karnataka,2024,Mysore,2094310,1486191,70.96,YADUVEER KRISHNADATTA CHAMARAJA WADIYAR,parties.IN.BJP,BJP,795503,53.75,M. LAKSHMANA,parties.IN.INC,INC,656241,139262,9.41,src-bfb4e7fb9785
IN-PC-2008-karnataka-475,karnataka,2024,Raichur,2010441,1304825,64.9,G. KUMAR NAIK.,parties.IN.INC,INC,670966,52.02,RAJA AMARESHWARA NAIK.,parties.IN.BJP,BJP,591185,79781,6.18,src-bfb4e7fb9785
IN-PC-2008-karnataka-476,karnataka,2024,Shimoga,1753615,1378579,78.61,B.Y.RAGHAVENDRA,parties.IN.BJP,BJP,778721,56.72,GEETHA SHIVARAJKUMAR,parties.IN.INC,INC,535006,243715,17.75,src-bfb4e7fb9785
IN-PC-2008-karnataka-477,karnataka,2024,Tumkur,1661834,1304308,78.49,V. SOMANNA,parties.IN.BJP,BJP,720946,55.59,S.P. MUDDAHANUMEGOWDA,parties.IN.INC,INC,545352,175594,13.54,src-bfb4e7fb9785
IN-PC-2008-karnataka-478,karnataka,2024,Udupi Chikmagalur,1585721,1231062,77.63,KOTA SRINIVAS POOJARY,parties.IN.BJP,BJP,732234,60.11,K. JAYAPRAKASH HEGDE,parties.IN.INC,INC,473059,259175,21.28,src-bfb4e7fb9785
IN-PC-2008-karnataka-479,karnataka,2024,Uttara Kannada,1645721,1263871,76.8,VISHWESHWAR HEGDE KAGERI,parties.IN.BJP,BJP,782495,62.47,DR. ANJALI NIMBALKAR,parties.IN.INC,INC,445067,337428,26.94,src-bfb4e7fb9785
IN-PC-2008-kerala-483,kerala,2024,Alappuzha,1406689,1068949,75.99,K. C VENUGOPAL,parties.IN.INC,INC,404560,38.48,A. M ARIFF,parties.IN.CPIM,CPI(M),341047,63513,6.04,src-bfb4e7fb9785
IN-PC-2008-kerala-484,kerala,2024,Alathur,1340183,993759,74.15,K.RADHAKRISHNAN,parties.IN.CPIM,CPI(M),403447,41.16,RAMYA HARIDAS,parties.IN.INC,INC,383336,20111,2.05,src-bfb4e7fb9785
IN-PC-2008-kerala-485,kerala,2024,Attingal,1401114,986917,70.44,ADOOR PRAKASH,parties.IN.INC,INC,328051,33.63,ADV V JOY,parties.IN.CPIM,CPI(M),327367,684,0.07,src-bfb4e7fb9785
IN-PC-2008-kerala-486,kerala,2024,Chalakudy,1311257,953520,72.72,BENNY BEHANAN,parties.IN.INC,INC,394171,41.79,PROF C RAVEENDRANATH,parties.IN.CPIM,CPI(M),330417,63754,6.76,src-bfb4e7fb9785
IN-PC-2008-kerala-487,kerala,2024,Ernakulam,1324757,911035,68.77,HIBI EDEN,parties.IN.INC,INC,482317,53.43,K. J. SHINE TEACHER,parties.IN.CPIM,CPI(M),231932,250385,27.74,src-bfb4e7fb9785
IN-PC-2008-kerala-488,kerala,2024,Idukki,1251172,841286,67.24,ADV. DEAN KURIAKOSE,parties.IN.INC,INC,432372,52.02,ADV. JOICE GEORGE,parties.IN.CPIM,CPI(M),298645,133727,16.09,src-bfb4e7fb9785
IN-PC-2008-kerala-489,kerala,2024,Kannur,1363080,1066171,78.22,K. SUDHAKARAN,parties.IN.INC,INC,518524,49.15,M.V. JAYARAJAN,parties.IN.CPIM,CPI(M),409542,108982,10.33,src-bfb4e7fb9785
IN-PC-2008-kerala-490,kerala,2024,Kasaragod,1455530,1117221,76.76,RAJMOHAN UNNITHAN,parties.IN.INC,INC,490659,44.39,M.V BALAKRISHNAN MASTER,parties.IN.CPIM,CPI(M),390010,100649,9.11,src-bfb4e7fb9785
IN-PC-2008-kerala-491,kerala,2024,Kollam,1330873,918260,69,N K PREMACHANDRAN,parties.IN.RSP,RSP,443628,48.8,M MUKESH,parties.IN.CPIM,CPI(M),293326,150302,16.54,src-bfb4e7fb9785
IN-PC-2008-kerala-492,kerala,2024,Kottayam,1256138,837890,66.7,ADV K FRANCIS GEORGE,parties.IN.KEC,KEC,364631,44.24,THOMAS CHAZHIKADAN,parties.IN.KECM,KEC(M),277365,87266,10.59,src-bfb4e7fb9785
IN-PC-2008-kerala-493,kerala,2024,Kozhikode,1432508,1092977,76.3,M. K. RAGHAVAN,parties.IN.INC,INC,520421,48.02,ELAMARAM KAREEM,parties.IN.CPIM,CPI(M),374245,146176,13.49,src-bfb4e7fb9785
IN-PC-2008-kerala-494,kerala,2024,Malappuram,1480714,1087395,73.44,E.T. MOHAMMED BASHEER,parties.IN.IUML,IUML,644006,59.72,V. VASEEF,parties.IN.CPIM,CPI(M),343888,300118,27.83,src-bfb4e7fb9785
IN-PC-2008-kerala-495,kerala,2024,Mavelikkara,1339159,898111,67.07,KODIKUNNIL SURESH,parties.IN.INC,INC,369516,41.75,ADV ARUN KUMAR C A,parties.IN.CPI,CPI,358648,10868,1.23,src-bfb4e7fb9785
IN-PC-2008-kerala-496,kerala,2024,Palakkad,1400914,1038946,74.16,V K SREEKANDAN,parties.IN.INC,INC,421169,41.01,A VIJAYARAGHAVAN,parties.IN.CPIM,CPI(M),345886,75283,7.33,src-bfb4e7fb9785
IN-PC-2008-kerala-497,kerala,2024,Pathanamthitta,1433956,921565,64.27,ANTO ANTONY,parties.IN.INC,INC,367623,40.35,DR.T.M.THOMAS ISSAC,parties.IN.CPIM,CPI(M),301504,66119,7.26,src-bfb4e7fb9785
IN-PC-2008-kerala-498,kerala,2024,Ponnani,1471260,1026616,69.78,DR. M.P ABDUSSAMAD SAMADANI,parties.IN.IUML,IUML,562516,55.16,K.S HAMZA,parties.IN.CPIM,CPI(M),326756,235760,23.12,src-bfb4e7fb9785
IN-PC-2008-kerala-499,kerala,2024,Thiruvananthapuram,1434657,964351,67.22,SHASHI THAROOR,parties.IN.INC,INC,358155,37.45,RAJEEV CHANDRASEKHAR,parties.IN.BJP,BJP,342078,16077,1.68,src-bfb4e7fb9785
IN-PC-2008-kerala-500,kerala,2024,Thrissur,1483783,1092574,73.63,SURESH GOPI,parties.IN.BJP,BJP,412338,38.01,ADV V S SUNILKUMAR,parties.IN.CPI,CPI,337652,74686,6.88,src-bfb4e7fb9785
IN-PC-2008-kerala-501,kerala,2024,Vadakara,1424792,1129256,79.26,SHAFI PARAMBIL,parties.IN.INC,INC,557528,49.78,K.K. SHAILAJA TEACHER,parties.IN.CPIM,CPI(M),443022,114506,10.23,src-bfb4e7fb9785
IN-PC-2008-kerala-502,kerala,2024,Wayanad,1464472,1086459,74.19,RAHUL GANDHI,parties.IN.INC,INC,647445,60.08,ANNIE RAJA,parties.IN.CPI,CPI,283023,364422,33.82,src-bfb4e7fb9785
IN-PC-2008-ladakh-4,ladakh,2024,Ladakh,190576,135662,71.19,MOHMAD HANEEFA,parties.IN.IND,IND,65259,48.48,TSERING NAMGYAL,parties.IN.INC,INC,37397,27862,20.7,src-bfb4e7fb9785
IN-PC-2008-lakshadweep-482,lakshadweep,2024,Lakshadweep,57953,49247,84.98,MUHAMMED HAMDULLAH SAYEED,parties.IN.INC,INC,25726,52.43,MOHAMMED FAIZAL PP,parties.IN.NCP_SP,NCPSP,23079,2647,5.39,src-bfb4e7fb9785
IN-PC-2008-madhya-pradesh-305,madhya-pradesh,2024,BALAGHAT,1875760,1382786,73.72,BHARTI PARDHI,parties.IN.BJP,BJP,712660,51.99,SAMRAT ASHOK SINGH SARASWAR,parties.IN.INC,INC,538148,174512,12.73,src-bfb4e7fb9785
IN-PC-2008-madhya-pradesh-306,madhya-pradesh,2024,BETUL,1897989,1396805,73.59,DURGADAS (D. D.) UIKEY,parties.IN.BJP,BJP,848236,61.66,RAMU TEKAM,parties.IN.INC,INC,468475,379761,27.61,src-bfb4e7fb9785
IN-PC-2008-madhya-pradesh-307,madhya-pradesh,2024,BHIND,1913389,1050881,54.92,SANDHYA RAY,parties.IN.BJP,BJP,537065,51.52,PHOOL SINGH BARAIYA,parties.IN.INC,INC,472225,64840,6.22,src-bfb4e7fb9785
IN-PC-2008-madhya-pradesh-308,madhya-pradesh,2024,BHOPAL,2339411,1499928,64.12,ALOK SHARMA,parties.IN.BJP,BJP,981109,65.77,ADVOCATE ARUN SHRIVASTAVA,parties.IN.INC,INC,479610,501499,33.62,src-bfb4e7fb9785
IN-PC-2008-madhya-pradesh-309,madhya-pradesh,2024,CHHINDWARA,1634721,1306561,79.93,BUNTY VIVEK SAHU,parties.IN.BJP,BJP,644738,49.79,NAKUL KAMALNATH,parties.IN.INC,INC,531120,113618,8.77,src-bfb4e7fb9785
IN-PC-2008-madhya-pradesh-310,madhya-pradesh,2024,DAMOH,1926000,1089696,56.58,RAHUL SINGH LODHI,parties.IN.BJP,BJP,709768,65.65,TARBAR SINGH LODHI (BANTU BHAIYA),parties.IN.INC,INC,303342,406426,37.59,src-bfb4e7fb9785
IN-PC-2008-madhya-pradesh-311,madhya-pradesh,2024,DEWAS,1943559,1469943,75.63,MAHENDRA SINGH SOLANKY,parties.IN.BJP,BJP,928941,63.68,RAJENDRA RADHAKISHAN MALVIYA,parties.IN.INC,INC,503716,425225,29.15,src-bfb4e7fb9785
IN-PC-2008-madhya-pradesh-312,madhya-pradesh,2024,DHAR,1955117,1425647,72.92,SAVITRI THAKUR,parties.IN.BJP,BJP,794449,56.37,RADHESHYAM MUVEL,parties.IN.INC,INC,575784,218665,15.52,src-bfb4e7fb9785
IN-PC-2008-madhya-pradesh-313,madhya-pradesh,2024,GUNA,1890695,1374205,72.68,JYOTIRADITYA M. SCINDIA,parties.IN.BJP,BJP,923302,67.66,YADVENDRA RAO DESHRAJ SINGH,parties.IN.INC,INC,382373,540929,39.64,src-bfb4e7fb9785
IN-PC-2008-madhya-pradesh-314,madhya-pradesh,2024,GWALIOR,2160206,1345727,62.3,BHARAT SINGH KUSHWAH,parties.IN.BJP,BJP,671535,50.12,PRAVEEN PATHAK,parties.IN.INC,INC,601325,70210,5.24,src-bfb4e7fb9785
IN-PC-2008-madhya-pradesh-315,madhya-pradesh,2024,HOSHANGABAD,1858158,1249972,67.27,DARSHAN SINGH CHOUDHARY,parties.IN.BJP,BJP,812147,65.77,SANJAY SHARMA SANJU BHAIYA,parties.IN.INC,INC,380451,431696,34.96,src-bfb4e7fb9785
IN-PC-2008-madhya-pradesh-316,madhya-pradesh,2024,INDORE,2527978,1562727,61.82,SHANKAR LALWANI,parties.IN.BJP,BJP,1226751,91.32,SANJAY S/O LAKSHMAN SOLANKI,parties.IN.BSP,BSP,51659,1175092,87.47,src-bfb4e7fb9785
IN-PC-2008-madhya-pradesh-317,madhya-pradesh,2024,JABALPUR,1898180,1159005,61.06,ASHISH DUBEY,parties.IN.BJP,BJP,790133,68.5,DINESH YADAV,parties.IN.INC,INC,303459,486674,42.19,src-bfb4e7fb9785
IN-PC-2008-madhya-pradesh-318,madhya-pradesh,2024,KHAJURAHO,1998536,1141404,57.11,VISHNU DATT SHARMA (V.D.SHARMA),parties.IN.BJP,BJP,772774,68.73,KAMLESH KUMAR,parties.IN.BSP,BSP,231545,541229,48.14,src-bfb4e7fb9785
IN-PC-2008-madhya-pradesh-319,madhya-pradesh,2024,KHANDWA,2112874,1514990,71.7,GYANESHWAR PATIL,parties.IN.BJP,BJP,862679,57.52,NARENDRA PATEL,parties.IN.INC,INC,592708,269971,18,src-bfb4e7fb9785
IN-PC-2008-madhya-pradesh-320,madhya-pradesh,2024,KHARGONE,2046409,1559003,76.18,GAJENDRA SINGH PATEL,parties.IN.BJP,BJP,819863,53.22,PORLAL BATHA KHARTE,parties.IN.INC,INC,684845,135018,8.76,src-bfb4e7fb9785
IN-PC-2008-madhya-pradesh-321,madhya-pradesh,2024,MANDLA,2103244,1536106,73.04,FAGGAN SINGH KULASTE,parties.IN.BJP,BJP,751375,49.54,OMKAR SINGH MARKAM,parties.IN.INC,INC,647529,103846,6.85,src-bfb4e7fb9785
IN-PC-2008-madhya-pradesh-322,madhya-pradesh,2024,MANDSOUR,1900808,1434874,75.49,SUDHEER GUPTA,parties.IN.BJP,BJP,945761,66.52,DILIP SINGH GURJAR,parties.IN.INC,INC,445106,500655,35.21,src-bfb4e7fb9785
IN-PC-2008-madhya-pradesh-323,madhya-pradesh,2024,MORENA,2015928,1189626,59.01,SHIVMANGAL SINGH TOMAR,parties.IN.BJP,BJP,515477,43.6,NEETU SATYAPAL SINGH SIKARWAR,parties.IN.INC,INC,462947,52530,4.45,src-bfb4e7fb9785
IN-PC-2008-madhya-pradesh-324,madhya-pradesh,2024,RAJGARH,1876672,1431588,76.28,RODMAL NAGAR,parties.IN.BJP,BJP,758743,53.37,DIGVIJAYA SINGH,parties.IN.INC,INC,612654,146089,10.28,src-bfb4e7fb9785
IN-PC-2008-madhya-pradesh-325,madhya-pradesh,2024,RATLAM,2095109,1534198,73.23,ANITA NAGARSINGH CHOUHAN,parties.IN.BJP,BJP,795863,53.03,KANTILAL BHURIA,parties.IN.INC,INC,588631,207232,13.81,src-bfb4e7fb9785
IN-PC-2008-madhya-pradesh-326,madhya-pradesh,2024,REWA,1859439,920062,49.48,JANARDAN MISHRA,parties.IN.BJP,BJP,477459,52.4,NEELAM ABHAY MISHRA,parties.IN.INC,INC,284085,193374,21.22,src-bfb4e7fb9785
IN-PC-2008-madhya-pradesh-327,madhya-pradesh,2024,SAGAR,1746640,1151015,65.9,DR. LATA WANKHEDE,parties.IN.BJP,BJP,787979,68.95,CHANDRA BHUSAN SINGH BUNDELA 'GUDDU RAJA',parties.IN.INC,INC,316757,471222,41.23,src-bfb4e7fb9785
IN-PC-2008-madhya-pradesh-328,madhya-pradesh,2024,SATNA,1708823,1059670,62.01,GANESH SINGH,parties.IN.BJP,BJP,459728,43.52,DABBU SIDDHARTH SUKHLAL KUSHWAHA,parties.IN.INC,INC,374779,84949,8.04,src-bfb4e7fb9785
IN-PC-2008-madhya-pradesh-329,madhya-pradesh,2024,SHAHDOL,1778158,1152862,64.83,SMT. HIMADRI SINGH,parties.IN.BJP,BJP,711143,62.79,PHUNDE LAL SINGH MARKO,parties.IN.INC,INC,313803,397340,35.08,src-bfb4e7fb9785
IN-PC-2008-madhya-pradesh-330,madhya-pradesh,2024,SIDHI,2030095,1148762,56.59,DR. RAJESH MISHRA,parties.IN.BJP,BJP,583559,51.05,KAMLESHWAR INDRAJIT KUMAR,parties.IN.INC,INC,377143,206416,18.06,src-bfb4e7fb9785
IN-PC-2008-madhya-pradesh-331,madhya-pradesh,2024,TIKAMGARH,1827976,1098801,60.11,DR. VIRENDRA KUMAR,parties.IN.BJP,BJP,715050,65.87,KHUMAN URF PANKAJ AHIRWAR,parties.IN.INC,INC,311738,403312,37.15,src-bfb4e7fb9785
IN-PC-2008-madhya-pradesh-332,madhya-pradesh,2024,UJJAIN,1800347,1329211,73.83,ANIL FIROJIYA,parties.IN.BJP,BJP,836104,63.38,MAHESH PARMAR,parties.IN.INC,INC,460244,375860,28.49,src-bfb4e7fb9785
IN-PC-2008-madhya-pradesh-333,madhya-pradesh,2024,VIDISHA,1946631,1456313,74.81,SHIVRAJ SINGH CHOUHAN,parties.IN.BJP,BJP,1116460,77.19,PRATAPBHANU SHARMA,parties.IN.INC,INC,295052,821408,56.79,src-bfb4e7fb9785
IN-PC-2008-maharashtra-362,maharashtra,2024,Ahmednagar,1988934,1327130,66.73,NILESH DNYANDEV LANKE,parties.IN.NCP_SP,NCPSP,624797,47.25,DR. SUJAY RADHAKRISHNA VIKHEPATIL,parties.IN.BJP,BJP,595868,28929,2.18,src-bfb4e7fb9785
IN-PC-2008-maharashtra-363,maharashtra,2024,Akola,1894657,1173782,61.95,ANUP SANJAY DHOTRE,parties.IN.BJP,BJP,457030,39.15,ABHAY KASHINATH PATIL,parties.IN.INC,INC,416404,40626,3.48,src-bfb4e7fb9785
IN-PC-2008-maharashtra-364,maharashtra,2024,Amravati,1838767,1174779,63.89,BALWANT BASWANT WANKHADE,parties.IN.INC,INC,526271,44.94,NAVNEET RAVI RANA,parties.IN.BJP,BJP,506540,19731,1.68,src-bfb4e7fb9785
IN-PC-2008-maharashtra-365,maharashtra,2024,Aurangabad,2061220,1302783,63.2,BHUMARE SANDIPANRAO ASARAM,parties.IN.SHS,SHS,476130,36.73,IMTIAZ JALEEL SYED,parties.IN.AIMIM,AIMIM,341480,134650,10.39,src-bfb4e7fb9785
IN-PC-2008-maharashtra-366,maharashtra,2024,Baramati,2374884,1414034,59.54,SUPRIYA SULE,parties.IN.NCP_SP,NCPSP,732312,52.19,SUNETRA AJITDADA PAWAR,parties.IN.NCP,NCP,573979,158333,11.28,src-bfb4e7fb9785
IN-PC-2008-maharashtra-367,maharashtra,2024,Beed,2147063,1524570,71.01,BAJRANG MANOHAR SONWANE,parties.IN.NCP_SP,NCPSP,683950,44.99,PANKAJA GOPINATHRAO MUNDE,parties.IN.BJP,BJP,677397,6553,0.43,src-bfb4e7fb9785
IN-PC-2008-maharashtra-368,maharashtra,2024,Bhandara Gondiya,1830399,1237812,67.63,DR. PRASHANT YADAORAO PADOLE,parties.IN.INC,INC,587413,47.96,SUNIL BABURAO MENDHE,parties.IN.BJP,BJP,550033,37380,3.05,src-bfb4e7fb9785
IN-PC-2008-maharashtra-369,maharashtra,2024,Bhiwandi,2087604,1254778,60.11,BALYA MAMA - SURESH GOPINATH MHATRE,parties.IN.NCP_SP,NCPSP,499464,40.15,KAPIL MORESHWAR PATIL,parties.IN.BJP,BJP,433343,66121,5.32,src-bfb4e7fb9785
IN-PC-2008-maharashtra-370,maharashtra,2024,Buldhana,1787095,1110224,62.12,JADHAV PRATAPRAO GANPATRAO,parties.IN.SHS,SHS,349867,31.64,NARENDRA DAGDU KHEDEKAR,parties.IN.SS_UBT,SHSUBT,320388,29479,2.66,src-bfb4e7fb9785
IN-PC-2008-maharashtra-371,maharashtra,2024,Chandrapur,1839760,1245125,67.68,DHANORKAR PRATIBHA SURESH ALIAS BALUBHAU,parties.IN.INC,INC,718410,58.39,MUNGANTIWAR SUDHIR SACCHIDANAND,parties.IN.BJP,BJP,458004,260406,21.17,src-bfb4e7fb9785
IN-PC-2008-maharashtra-372,maharashtra,2024,Dhule,2025275,1221941,60.33,BACHHAV SHOBHA DINESH,parties.IN.INC,INC,583866,48.07,BHAMRE SUBHASH RAMRAO,parties.IN.BJP,BJP,580035,3831,0.31,src-bfb4e7fb9785
IN-PC-2008-maharashtra-373,maharashtra,2024,Dindori,1857924,1241985,66.85,BHASKAR MURLIDHAR BHAGARE,parties.IN.NCP_SP,NCPSP,577339,46.84,DR. BHARATI PRAVIN PAWAR,parties.IN.BJP,BJP,464140,113199,9.19,src-bfb4e7fb9785
IN-PC-2008-maharashtra-374,maharashtra,2024,Gadchiroli - Chimur,1618690,1167912,72.15,DR. KIRSAN NAMDEO,parties.IN.INC,INC,617792,53.73,ASHOK MAHADEORAO NETE,parties.IN.BJP,BJP,476096,141696,12.32,src-bfb4e7fb9785
IN-PC-2008-maharashtra-375,maharashtra,2024,Hatkanangale,1818396,1297282,71.34,DHAIRYASHEEL SAMBHAJIRAO MANE,parties.IN.SHS,SHS,520190,40.3,SATYAJEET BABASAHEB PATIL (AABA) SARUDKAR,parties.IN.SS_UBT,SHSUBT,506764,13426,1.04,src-bfb4e7fb9785
IN-PC-2008-maharashtra-376,maharashtra,2024,Hingoli,1819082,1159744,63.75,AASHTIKAR PATIL NAGESH BAPURAO,parties.IN.SS_UBT,SHSUBT,492535,42.6,BABURAO KADAM KOHALIKAR,parties.IN.SHS,SHS,383933,108602,9.39,src-bfb4e7fb9785
IN-PC-2008-maharashtra-377,maharashtra,2024,Jalgaon,2000402,1170653,58.52,SMITA UDAY WAGH,parties.IN.BJP,BJP,674428,58.36,KARAN BALASAHEB PATIL - PAWAR,parties.IN.SS_UBT,SHSUBT,422834,251594,21.77,src-bfb4e7fb9785
IN-PC-2008-maharashtra-378,maharashtra,2024,Jalna,1969953,1367572,69.42,KALYAN VAIJINATHRAO KALE,parties.IN.INC,INC,607897,44.7,DANVE RAOSAHEB DADARAO,parties.IN.BJP,BJP,497939,109958,8.08,src-bfb4e7fb9785
IN-PC-2008-maharashtra-379,maharashtra,2024,Kalyan,2082800,1047247,50.28,DR SHRIKANT EKNATH SHINDE,parties.IN.SHS,SHS,589636,57.02,VAISHALI DAREKAR - RANE,parties.IN.SS_UBT,SHSUBT,380492,209144,20.22,src-bfb4e7fb9785
IN-PC-2008-maharashtra-380,maharashtra,2024,Kolhapur,1942725,1394170,71.76,CHHATRAPATI SHAHU SHAHAJI,parties.IN.INC,INC,754522,54.39,SANJAY SADASHIVRAO MANDLIK,parties.IN.SHS,SHS,599558,154964,11.17,src-bfb4e7fb9785
IN-PC-2008-maharashtra-381,maharashtra,2024,Latur,1980409,1243151,62.77,DR. KALGE SHIVAJI BANDAPPA,parties.IN.INC,INC,609021,49.29,SUDHAKAR TUKARAM SHRANGARE,parties.IN.BJP,BJP,547140,61881,5.01,src-bfb4e7fb9785
IN-PC-2008-maharashtra-382,maharashtra,2024,Madha,1996298,1275107,63.87,MOHITE-PATIL DHAIRYASHEEL RAJSINH,parties.IN.NCP_SP,NCPSP,622213,49,RANJEETSINGH HINDURAO NAIK NIMBALKAR,parties.IN.BJP,BJP,501376,120837,9.51,src-bfb4e7fb9785
IN-PC-2008-maharashtra-383,maharashtra,2024,Maval,2585776,1420227,54.92,SHRIRANG APPA CHANDU BARNE,parties.IN.SHS,SHS,692832,49.39,SANJOG BHIKU WAGHERE PATIL,parties.IN.SS_UBT,SHSUBT,596217,96615,6.88,src-bfb4e7fb9785
IN-PC-2008-maharashtra-384,maharashtra,2024,Mumbai North,1812115,1036495,57.2,PIYUSH GOYAL,parties.IN.BJP,BJP,680146,66.54,BHUSHAN PATIL,parties.IN.INC,INC,322538,357608,34.99,src-bfb4e7fb9785
IN-PC-2008-maharashtra-385,maharashtra,2024,Mumbai North Central,1744297,910742,52.21,GAIKWAD VARSHA EKNATH,parties.IN.INC,INC,445545,49.46,ADV UJWAL NIKAM,parties.IN.BJP,BJP,429031,16514,1.83,src-bfb4e7fb9785
IN-PC-2008-maharashtra-386,maharashtra,2024,Mumbai North East,1637292,927267,56.63,SANJAY DINA PATIL,parties.IN.SS_UBT,SHSUBT,450937,49.21,MIHIR CHANDRAKANT KOTECHA,parties.IN.BJP,BJP,421076,29861,3.26,src-bfb4e7fb9785
IN-PC-2008-maharashtra-387,maharashtra,2024,Mumbai North West,1735295,955050,55.04,RAVINDRA DATTARAM WAIKAR,parties.IN.SHS,SHS,452644,48.16,AMOL GAJANAN KIRTIKAR,parties.IN.SS_UBT,SHSUBT,452596,48,0,src-bfb4e7fb9785
IN-PC-2008-maharashtra-388,maharashtra,2024,Mumbai South Central,1474660,794872,53.9,ANIL YESHWANT DESAI,parties.IN.SS_UBT,SHSUBT,395138,50.59,RAHUL RAMESH SHEWALE,parties.IN.SHS,SHS,341754,53384,6.84,src-bfb4e7fb9785
IN-PC-2008-maharashtra-390,maharashtra,2024,Nagpur,2224282,1212085,54.49,NITIN JAIRAM GADKARI,parties.IN.BJP,BJP,655027,54.32,VIKAS THAKRE,parties.IN.INC,INC,517424,137603,11.41,src-bfb4e7fb9785
IN-PC-2008-maharashtra-391,maharashtra,2024,Nanded,1853532,1133958,61.18,CHAVAN VASANTRAO BALWANTRAO,parties.IN.INC,INC,528894,47.03,CHIKHALIKAR PRATAPRAO GOVINDRAO,parties.IN.BJP,BJP,469452,59442,5.29,src-bfb4e7fb9785
IN-PC-2008-maharashtra-392,maharashtra,2024,Nandurbar,1971324,1394993,70.76,ADV GOWAAL KAGADA PADAVI,parties.IN.INC,INC,745998,54.08,DR HEENA VIJAYKUMAR GAVIT,parties.IN.BJP,BJP,586878,159120,11.54,src-bfb4e7fb9785
IN-PC-2008-maharashtra-393,maharashtra,2024,Nashik,2033175,1237613,60.87,RAJABHAU (PARAG) PRAKASH WAJE,parties.IN.SS_UBT,SHSUBT,616729,50.1,GODSE HEMANT TUKARAM,parties.IN.SHS,SHS,454728,162001,13.16,src-bfb4e7fb9785
IN-PC-2008-maharashtra-394,maharashtra,2024,Osmanabad,1996484,1282443,64.24,OMPRAKASH BHUPALSINH ALIAS PAVAN RAJENIMBALKAR,parties.IN.SS_UBT,SHSUBT,748752,58.64,ARCHANA RANAJAGJITSINH PATIL,parties.IN.NCP,NCP,418906,329846,25.83,src-bfb4e7fb9785
IN-PC-2008-maharashtra-395,maharashtra,2024,Palghar,2148850,1376677,64.07,DR. HEMANT VISHNU SAVARA,parties.IN.BJP,BJP,601244,44.45,BHARTI BHARAT KAMDI,parties.IN.SS_UBT,SHSUBT,417938,183306,13.55,src-bfb4e7fb9785
IN-PC-2008-maharashtra-396,maharashtra,2024,Parbhani,2124497,1331334,62.67,JADHAV SANJAY ( BANDU ) HARIBHAU,parties.IN.SS_UBT,SHSUBT,601343,45.29,JANKAR MAHADEV JAGANNATH,parties.IN.RSPS,RSPS,467282,134061,10.1,src-bfb4e7fb9785
IN-PC-2008-maharashtra-397,maharashtra,2024,Pune,2062172,1104769,53.57,MURLIDHAR MOHOL,parties.IN.BJP,BJP,584728,53.3,DHANGEKAR RAVINDRA HEMRAJ,parties.IN.INC,INC,461690,123038,11.22,src-bfb4e7fb9785
IN-PC-2008-maharashtra-398,maharashtra,2024,Raigad,1669722,1015216,60.8,TATKARE SUNIL DATTATREY,parties.IN.NCP,NCP,508352,51.56,ANANT GEETE,parties.IN.SS_UBT,SHSUBT,425568,82784,8.4,src-bfb4e7fb9785
IN-PC-2008-maharashtra-399,maharashtra,2024,Ramtek,2050952,1252883,61.09,Shyamkumar (Babalu) Daulat Barve,parties.IN.INC,INC,613025,49.25,RAJU DEONATH PARVE,parties.IN.SHS,SHS,536257,76768,6.17,src-bfb4e7fb9785
IN-PC-2008-maharashtra-400,maharashtra,2024,Ratnagiri- Sindhudurg,1452664,916994,63.12,NARAYAN TATU RANE,parties.IN.BJP,BJP,448514,49.7,VINAYAK BHAURAO RAUT,parties.IN.SS_UBT,SHSUBT,400656,47858,5.3,src-bfb4e7fb9785
IN-PC-2008-maharashtra-401,maharashtra,2024,Raver,1823827,1173733,64.36,KHADSE RAKSHA NIKHIL,parties.IN.BJP,BJP,630879,54.03,SHRIRAM DAYARAM PATIL,parties.IN.NCP_SP,NCPSP,358696,272183,23.31,src-bfb4e7fb9785
IN-PC-2008-maharashtra-402,maharashtra,2024,Sangli,1874176,1169320,62.39,VISHAL (DADA) PRAKASHBAPU PATIL,parties.IN.IND,IND,571666,49.19,SANJAY (KAKA) PATIL,parties.IN.BJP,BJP,471613,100053,8.61,src-bfb4e7fb9785
IN-PC-2008-maharashtra-403,maharashtra,2024,Satara,1899325,1200184,63.19,SHRIMANT CHH UDAYANRAJE PRATAPSINHAMAHARAJ BHONSLE,parties.IN.BJP,BJP,571134,47.89,SHASHIKANT JAYVANTRAO SHINDE,parties.IN.NCP_SP,NCPSP,538363,32771,2.74,src-bfb4e7fb9785
IN-PC-2008-maharashtra-404,maharashtra,2024,Shirdi,1680067,1060418,63.12,BHAUSAHEB RAJARAM WAKCHAURE,parties.IN.SS_UBT,SHSUBT,476900,45.23,LOKHANDE SADASHIV KISAN,parties.IN.SHS,SHS,426371,50529,4.8,src-bfb4e7fb9785
IN-PC-2008-maharashtra-405,maharashtra,2024,Shirur,2541750,1377691,54.2,DR. AMOL RAMSING KOLHE,parties.IN.NCP_SP,NCPSP,698692,51.19,ADHALRAO SHIVAJI DATTATREY,parties.IN.NCP,NCP,557741,140951,10.32,src-bfb4e7fb9785
IN-PC-2008-maharashtra-406,maharashtra,2024,Solapur,2031921,1205023,59.3,PRANITI SUSHILKUMAR SHINDE,parties.IN.INC,INC,620225,51.61,RAM VITTHAL SATPUTE,parties.IN.BJP,BJP,546028,74197,6.17,src-bfb4e7fb9785
IN-PC-2008-maharashtra-407,maharashtra,2024,Thane,2508072,1311056,52.27,NARESH GANPAT MHASKE,parties.IN.SHS,SHS,734231,56.87,RAJAN BABURAO VICHARE,parties.IN.SS_UBT,SHSUBT,517220,217011,16.81,src-bfb4e7fb9785
IN-PC-2008-maharashtra-408,maharashtra,2024,Wardha,1684292,1096649,65.11,AMAR SHARADRAO KALE,parties.IN.NCP_SP,NCPSP,533106,48.89,RAMDAS CHANDRABHAN TADAS,parties.IN.BJP,BJP,451458,81648,7.49,src-bfb4e7fb9785
IN-PC-2008-maharashtra-409,maharashtra,2024,Yavatmal- Washim,1942461,1225601,63.1,SANJAY UTTAMRAO DESHMUKH,parties.IN.SS_UBT,SHSUBT,594807,48.91,RAJSHRITAI HEMANT PATIL (MAHALLE),parties.IN.SHS,SHS,500334,94473,7.77,src-bfb4e7fb9785
IN-PC-2008-maharashtra-eci31,maharashtra,2024,Mumbai South,1536443,773328,50.33,ARVIND GANPAT SAWANT,parties.IN.SS_UBT,SHSUBT,395655,52.08,YAMINI YASHWANT JADHAV,parties.IN.SHS,SHS,342982,52673,6.93,src-bfb4e7fb9785
IN-PC-2008-manipur-196,manipur,2024,Inner Manipur,1001115,806037,80.51,ANGOMCHA BIMOL AKOIJAM,parties.IN.INC,INC,374017,47.16,THOUNAOJAM BASANTA KUMAR SINGH,parties.IN.BJP,BJP,264216,109801,13.85,src-bfb4e7fb9785
IN-PC-2008-manipur-197,manipur,2024,Outer Manipur,1050242,799732,76.15,ALFRED KANNGAM S ARTHUR,parties.IN.INC,INC,384954,48.76,KACHUI TIMOTHY ZIMIK,parties.IN.NPF,NPF,299536,85418,10.82,src-bfb4e7fb9785
IN-PC-2008-meghalaya-201,meghalaya,2024,Shillong,1402892,1038557,74.03,DR. RICKY ANDREW J. SYNGKON,parties.IN.VOTPP,VOTPP,571078,55.61,VINCENT H. PALA,parties.IN.INC,INC,199168,371910,36.21,src-bfb4e7fb9785
IN-PC-2008-meghalaya-202,meghalaya,2024,Tura,827559,676470,81.74,SALENG A SANGMA,parties.IN.INC,INC,383919,57.45,AGATHA K SANGMA,parties.IN.NPEP,NPEP,228678,155241,23.23,src-bfb4e7fb9785
IN-PC-2008-mizoram-198,mizoram,2024,MIZORAM,861327,491828,57.1,RICHARD VANLALHMANGAIHA,parties.IN.ZPM,ZPM,208552,42.61,K VANLALVENA,parties.IN.MNF,MNF,140264,68288,13.95,src-bfb4e7fb9785
IN-PC-2008-nagaland-195,nagaland,2024,Nagaland,1325383,766573,57.84,S SUPONGMEREN JAMIR,parties.IN.INC,INC,401951,52.95,DR CHUMBEN MURRY,parties.IN.NDPP,NDPP,350967,50984,6.72,src-bfb4e7fb9785
IN-PC-2008-odisha-273,odisha,2024,Aska,1623404,1018539,62.74,ANITA SUBHADARSHINI,parties.IN.BJP,BJP,494226,49.62,RANJITA SAHU,parties.IN.BJD,BJD,394252,99974,10.04,src-bfb4e7fb9785
IN-PC-2008-odisha-274,odisha,2024,Balasore,1610043,1240999,77.08,PRATAP CHANDRA SARANGI,parties.IN.BJP,BJP,563486,45.76,LEKHASRI SAMANTSINGHAR,parties.IN.BJD,BJD,416335,147151,11.95,src-bfb4e7fb9785
IN-PC-2008-odisha-275,odisha,2024,Bargarh,1633893,1312526,80.33,PRADEEP PUROHIT,parties.IN.BJP,BJP,716359,55.22,PARINITA MISHRA,parties.IN.BJD,BJD,464692,251667,19.4,src-bfb4e7fb9785
IN-PC-2008-odisha-276,odisha,2024,Berhampur,1595228,1046688,65.61,DR. PRADEEP KUMAR PANIGRAHY,parties.IN.BJP,BJP,513102,49.96,BHRUGU BAXIPATRA,parties.IN.BJD,BJD,347626,165476,16.11,src-bfb4e7fb9785
IN-PC-2008-odisha-277,odisha,2024,Bhadrak,1773928,1303583,73.49,AVIMANYU SETHI,parties.IN.BJP,BJP,573319,44.38,MANJULATA MANDAL,parties.IN.BJD,BJD,481775,91544,7.09,src-bfb4e7fb9785
IN-PC-2008-odisha-278,odisha,2024,Bhubaneswar,1675019,1083541,64.69,APARAJITA SARANGI,parties.IN.BJP,BJP,512519,47.72,MANMATH KUMAR ROUTRAY,parties.IN.BJD,BJD,477367,35152,3.27,src-bfb4e7fb9785
IN-PC-2008-odisha-279,odisha,2024,Bolangir,1803544,1404453,77.87,SANGEETA KUMARI SINGH DEO,parties.IN.BJP,BJP,617744,44.63,SURENDRA SINGH BHOI,parties.IN.BJD,BJD,485080,132664,9.59,src-bfb4e7fb9785
IN-PC-2008-odisha-280,odisha,2024,Cuttack,1574979,1123079,71.31,BHARTRUHARI MAHTAB,parties.IN.BJP,BJP,531601,47.78,SANTRUPT MISRA,parties.IN.BJD,BJD,474524,57077,5.13,src-bfb4e7fb9785
IN-PC-2008-odisha-281,odisha,2024,Dhenkanal,1533702,1202003,78.37,RUDRA NARAYAN PANY,parties.IN.BJP,BJP,598721,50.83,ABINASH SAMAL,parties.IN.BJD,BJD,522154,76567,6.5,src-bfb4e7fb9785
IN-PC-2008-odisha-282,odisha,2024,Jagatsinghpur,1703489,1291326,75.8,BIBHU PRASAD TARAI,parties.IN.BJP,BJP,589093,45.97,DR. RAJASHREE MALLICK,parties.IN.BJD,BJD,548397,40696,3.17,src-bfb4e7fb9785
IN-PC-2008-odisha-283,odisha,2024,Jajpur,1548594,1161596,75.01,RABINDRA NARAYAN BEHERA,parties.IN.BJP,BJP,534239,46.28,SARMISTHA SETHI,parties.IN.BJD,BJD,532652,1587,0.14,src-bfb4e7fb9785
IN-PC-2008-odisha-284,odisha,2024,Kalahandi,1702038,1338480,78.64,MALVIKA DEVI,parties.IN.BJP,BJP,544303,41.41,LAMBODAR NIAL,parties.IN.BJD,BJD,410490,133813,10.18,src-bfb4e7fb9785
IN-PC-2008-odisha-285,odisha,2024,Kandhamal,1340580,999765,74.58,SUKANTA KUMAR PANIGRAHI,parties.IN.BJP,BJP,416415,42.48,ACHYUTANANDA SAMANTA,parties.IN.BJD,BJD,395044,21371,2.18,src-bfb4e7fb9785
IN-PC-2008-odisha-286,odisha,2024,Kendrapara,1795725,1283464,71.47,BAIJAYANT PANDA,parties.IN.BJP,BJP,615705,48.43,ANSHUMAN MOHANTY,parties.IN.BJD,BJD,549169,66536,5.23,src-bfb4e7fb9785
IN-PC-2008-odisha-287,odisha,2024,Keonjhar,1589941,1258771,79.17,ANANTA NAYAK,parties.IN.BJP,BJP,573923,46.59,DHANURJAYA SIDU,parties.IN.BJD,BJD,476881,97042,7.88,src-bfb4e7fb9785
IN-PC-2008-odisha-288,odisha,2024,Koraput,1481642,1155221,77.97,SAPTAGIRI SANKAR ULAKA,parties.IN.INC,INC,471046,42.42,KAUSALYA HIKAKA,parties.IN.BJD,BJD,323318,147728,13.31,src-bfb4e7fb9785
IN-PC-2008-odisha-289,odisha,2024,Mayurbhanj,1546274,1178141,76.19,NABA CHARAN MAJHI,parties.IN.BJP,BJP,585971,50.77,SUDAM MARNDI,parties.IN.BJD,BJD,366637,219334,19,src-bfb4e7fb9785
IN-PC-2008-odisha-290,odisha,2024,Nabarangpur,1514610,1250175,82.54,BALABHADRA MAJHI,parties.IN.BJP,BJP,481396,40.14,PRADEEP KUMAR MAJHI,parties.IN.BJD,BJD,393860,87536,7.3,src-bfb4e7fb9785
IN-PC-2008-odisha-291,odisha,2024,Puri,1589698,1201434,75.58,SAMBIT PATRA,parties.IN.BJP,BJP,629330,52.91,ARUP MOHAN PATNAIK,parties.IN.BJD,BJD,524621,104709,8.8,src-bfb4e7fb9785
IN-PC-2008-odisha-292,odisha,2024,Sambalpur,1501538,1200815,79.97,DHARMENDRA PRADHAN,parties.IN.BJP,BJP,592162,50,PRANAB PRAKASH DAS,parties.IN.BJD,BJD,472326,119836,10.12,src-bfb4e7fb9785
IN-PC-2008-odisha-293,odisha,2024,Sundargarh,1579096,1159760,73.44,JUAL ORAM,parties.IN.BJP,BJP,494282,43.44,DILIP KUMAR TIRKEY,parties.IN.BJD,BJD,355474,138808,12.2,src-bfb4e7fb9785
IN-PC-2008-puducherry-542,puducherry,2024,PUDUCHERRY,1024024,811432,79.24,VE. VAITHILINGAM,parties.IN.INC,INC,426005,53.37,A. NAMASSIVAYAM,parties.IN.BJP,BJP,289489,136516,17.1,src-bfb4e7fb9785
IN-PC-2008-punjab-11,punjab,2024,Amritsar,1617542,905825,56,GURJEET SINGH AUJLA,parties.IN.INC,INC,255181,28.29,KULDEEP SINGH DHALIWAL,parties.IN.AAAP,AAAP,214880,40301,4.47,src-bfb4e7fb9785
IN-PC-2008-punjab-12,punjab,2024,Anandpur Sahib,1740606,1077450,61.9,MALVINDER SINGH KANG,parties.IN.AAAP,AAAP,313217,29.25,VIJAY INDER SINGLA,parties.IN.INC,INC,302371,10846,1.01,src-bfb4e7fb9785
IN-PC-2008-punjab-13,punjab,2024,Bathinda,1659163,1151720,69.42,HARSIMRAT KAUR BADAL,parties.IN.SAD,SAD,376558,32.85,GURMEET SINGH KHUDIAN,parties.IN.AAAP,AAAP,326902,49656,4.33,src-bfb4e7fb9785
IN-PC-2008-punjab-14,punjab,2024,Faridkot,1599861,1014543,63.41,SARABJEET SINGH KHALSA,parties.IN.IND,IND,298062,29.5,KARAMJIT SINGH ANMOL,parties.IN.AAAP,AAAP,228009,70053,6.93,src-bfb4e7fb9785
IN-PC-2008-punjab-15,punjab,2024,Fatehgarh Sahib,1557201,974566,62.58,AMAR SINGH,parties.IN.INC,INC,332591,34.46,GURPREET SINGH GP,parties.IN.AAAP,AAAP,298389,34202,3.54,src-bfb4e7fb9785
IN-PC-2008-punjab-16,punjab,2024,Firozpur,1674979,1127376,67.31,SHER SINGH GHUBAYA,parties.IN.INC,INC,266626,23.83,JAGDEEP SINGH KAKA BRAR,parties.IN.AAAP,AAAP,263384,3242,0.29,src-bfb4e7fb9785
IN-PC-2008-punjab-17,punjab,2024,Gurdaspur,1627611,1081028,66.42,SUKHJINDER SINGH RANDHAWA,parties.IN.INC,INC,364043,33.88,DINESH SINGH BABBU,parties.IN.BJP,BJP,281182,82861,7.71,src-bfb4e7fb9785
IN-PC-2008-punjab-18,punjab,2024,Hoshiarpur,1618186,949116,58.65,DR. RAJ KUMAR CHABBEWAL,parties.IN.AAAP,AAAP,303859,32.22,YAMINI GOMAR,parties.IN.INC,INC,259748,44111,4.67,src-bfb4e7fb9785
IN-PC-2008-punjab-19,punjab,2024,Jalandhar,1655868,989316,59.75,CHARANJIT SINGH CHANNI,parties.IN.INC,INC,390053,39.62,SUSHIL KUMAR RINKU,parties.IN.BJP,BJP,214060,175993,17.87,src-bfb4e7fb9785
IN-PC-2008-punjab-20,punjab,2024,Khadoor Sahib,1680035,1049273,62.46,AMRITPAL SINGH,parties.IN.IND,IND,404430,38.75,KULBIR SINGH ZIRA,parties.IN.INC,INC,207310,197120,18.89,src-bfb4e7fb9785
IN-PC-2008-punjab-21,punjab,2024,Ludhiana,1760756,1059678,60.18,AMRINDER SINGH RAJA WARRING,parties.IN.INC,INC,322224,30.57,RAVNEET SINGH BITTU,parties.IN.BJP,BJP,301282,20942,1.99,src-bfb4e7fb9785
IN-PC-2008-punjab-22,punjab,2024,Patiala,1811580,1152252,63.6,DR DHARAMVIRA GANDHI,parties.IN.INC,INC,305616,26.69,DR BALBIR SINGH,parties.IN.AAAP,AAAP,290785,14831,1.3,src-bfb4e7fb9785
IN-PC-2008-punjab-23,punjab,2024,Sangrur,1563808,1010706,64.63,GURMEET SINGH MEET HAYER,parties.IN.AAAP,AAAP,364085,36.2,SUKHPAL SINGH KHAIRA,parties.IN.INC,INC,191525,172560,17.16,src-bfb4e7fb9785
IN-PC-2008-rajasthan-47,rajasthan,2024,AJMER,1999399,1202835,60.16,BHAGIRATH CHOUDHARY,parties.IN.BJP,BJP,747462,62.82,RAMCHANDRA CHOUDHARY,parties.IN.INC,INC,417471,329991,27.73,src-bfb4e7fb9785
IN-PC-2008-rajasthan-48,rajasthan,2024,ALWAR,2075093,1256821,60.57,BHUPENDER YADAV,parties.IN.BJP,BJP,631992,50.66,LALIT YADAV,parties.IN.INC,INC,583710,48282,3.87,src-bfb4e7fb9785
IN-PC-2008-rajasthan-49,rajasthan,2024,BANSWARA,2200607,1637022,74.39,RAJ KUMAR ROAT,parties.IN.BHARAT_ADIVASI_PARTY,BHRTADVSIP,820831,50.8,MAHENDRAJEETSINGH MALVIYA,parties.IN.BJP,BJP,573777,247054,15.29,src-bfb4e7fb9785
IN-PC-2008-rajasthan-50,rajasthan,2024,BARMER,2208630,1689138,76.48,UMMEDA RAM BENIWAL,parties.IN.INC,INC,704676,42.19,RAVINDRA SINGH BHATI,parties.IN.IND,IND,586500,118176,7.07,src-bfb4e7fb9785
IN-PC-2008-rajasthan-51,rajasthan,2024,BHARATPUR,2124971,1136014,53.46,SANJNA JATAV,parties.IN.INC,INC,579890,51.43,RAMSWAROOP KOLI,parties.IN.BJP,BJP,527907,51983,4.61,src-bfb4e7fb9785
IN-PC-2008-rajasthan-52,rajasthan,2024,BHILWARA,2148657,1305144,60.74,DAMODAR AGARWAL,parties.IN.BJP,BJP,807640,62.56,C P JOSHI,parties.IN.INC,INC,453034,354606,27.47,src-bfb4e7fb9785
IN-PC-2008-rajasthan-53,rajasthan,2024,BIKANER,2050748,1119372,54.58,ARJUN RAM MEGHWAL,parties.IN.BJP,BJP,566737,51.25,GOVINDRAM MEGHWAL,parties.IN.INC,INC,511026,55711,5.03,src-bfb4e7fb9785
IN-PC-2008-rajasthan-54,rajasthan,2024,CHITTORGARH,2170738,1499596,69.08,CHANDRA PRAKASH JOSHI,parties.IN.BJP,BJP,888202,59.49,ANJANA UDAILAL,parties.IN.INC,INC,498325,389877,26.12,src-bfb4e7fb9785
IN-PC-2008-rajasthan-55,rajasthan,2024,CHURU,2222213,1426598,64.2,RAHUL KASWAN,parties.IN.INC,INC,728211,51.36,DEVENDRA JHAJHARIA,parties.IN.BJP,BJP,655474,72737,5.13,src-bfb4e7fb9785
IN-PC-2008-rajasthan-56,rajasthan,2024,DAUSA,1903520,1074532,56.45,MURARI LAL MEENA,parties.IN.INC,INC,646266,60.57,KANHAIYA LAL MEENA,parties.IN.BJP,BJP,408926,237340,22.24,src-bfb4e7fb9785
IN-PC-2008-rajasthan-57,rajasthan,2024,GANGANAGAR,2103968,1414310,67.22,KULDEEP INDORA,parties.IN.INC,INC,726492,51.88,PRIYANKA BALAN MEGHWAL,parties.IN.BJP,BJP,638339,88153,6.3,src-bfb4e7fb9785
IN-PC-2008-rajasthan-58,rajasthan,2024,JAIPUR,2288793,1465000,64.01,MANJU SHARMA,parties.IN.BJP,BJP,886850,61.04,PRATAP SINGH KHACHARIYAWAS,parties.IN.INC,INC,555083,331767,22.83,src-bfb4e7fb9785
IN-PC-2008-rajasthan-59,rajasthan,2024,JAIPUR RURAL,2194555,1265588,57.67,RAO RAJENDRA SINGH,parties.IN.BJP,BJP,617877,49.25,ANIL CHOPRA,parties.IN.INC,INC,616262,1615,0.13,src-bfb4e7fb9785
IN-PC-2008-rajasthan-60,rajasthan,2024,JALORE,2297692,1451531,63.17,LUMBARAM,parties.IN.BJP,BJP,796783,55.62,VAIBHAV GEHLOT,parties.IN.INC,INC,595240,201543,14.07,src-bfb4e7fb9785
IN-PC-2008-rajasthan-61,rajasthan,2024,JHALAWAR-BARAN,2030974,1422157,70.02,DUSHYANT SINGH,parties.IN.BJP,BJP,865376,61.58,URMILA JAIN “BHAYA”,parties.IN.INC,INC,494387,370989,26.4,src-bfb4e7fb9785
IN-PC-2008-rajasthan-62,rajasthan,2024,JHUNJHUNU,2097732,1125116,53.63,BRIJENDRA SINGH OLA,parties.IN.INC,INC,553168,49.73,SHUBHKARAN CHOUDHARY,parties.IN.BJP,BJP,534933,18235,1.64,src-bfb4e7fb9785
IN-PC-2008-rajasthan-63,rajasthan,2024,JODHPUR,2138241,1385918,64.82,GAJENDRA SINGH SHEKHAWAT,parties.IN.BJP,BJP,730056,53.16,KARAN SINGH UCHIYARDA,parties.IN.INC,INC,614379,115677,8.42,src-bfb4e7fb9785
IN-PC-2008-rajasthan-64,rajasthan,2024,KARAULI-DHOLPUR,1980182,990998,50.05,BHAJAN LAL JATAV,parties.IN.INC,INC,530011,54.05,INDU DEVI,parties.IN.BJP,BJP,431066,98945,10.09,src-bfb4e7fb9785
IN-PC-2008-rajasthan-65,rajasthan,2024,KOTA,2088853,1500959,71.86,OM BIRLA,parties.IN.BJP,BJP,750496,50.37,PRAHLAD GUNJAL,parties.IN.INC,INC,708522,41974,2.81,src-bfb4e7fb9785
IN-PC-2008-rajasthan-66,rajasthan,2024,NAGAUR,2155502,1241279,57.59,HANUMAN BENIWAL,parties.IN.RLP,RLTP,596955,48.54,JYOTI MIRDHA,parties.IN.BJP,BJP,554730,42225,3.43,src-bfb4e7fb9785
IN-PC-2008-rajasthan-67,rajasthan,2024,PALI,2348274,1355574,57.73,P. P. CHAUDHARY,parties.IN.BJP,BJP,757389,56.52,SANGEETA BENIWAL,parties.IN.INC,INC,512038,245351,18.31,src-bfb4e7fb9785
IN-PC-2008-rajasthan-68,rajasthan,2024,RAJSAMAND,2064478,1214423,58.82,MAHIMA KUMARI MEWAR,parties.IN.BJP,BJP,781203,65.06,DR. DAMODAR GURJAR,parties.IN.INC,INC,388980,392223,32.66,src-bfb4e7fb9785
IN-PC-2008-rajasthan-69,rajasthan,2024,SIKAR,2232334,1304337,58.43,AMRARAM,parties.IN.CPIM,CPI(M),659300,50.97,SUMEDHANAND SARASWATI,parties.IN.BJP,BJP,586404,72896,5.64,src-bfb4e7fb9785
IN-PC-2008-rajasthan-70,rajasthan,2024,TONK-SAWAI MADHOPUR,2150616,1228602,57.13,HARISH CHANDRA MEENA,parties.IN.INC,INC,623763,51.19,SUKHBIR SINGH JAUNAPURIA,parties.IN.BJP,BJP,558814,64949,5.33,src-bfb4e7fb9785
IN-PC-2008-rajasthan-71,rajasthan,2024,UDAIPUR,2231240,1499074,67.19,MANNA LAL RAWAT,parties.IN.BJP,BJP,738286,50.04,TARACHAND MEENA,parties.IN.INC,INC,476678,261608,17.73,src-bfb4e7fb9785
IN-PC-2008-sikkim-192,sikkim,2024,Sikkim,466643,388507,83.26,INDRA HANG SUBBA,parties.IN.SKM,SKM,164396,42.99,BHARAT BASNETT,parties.IN.CAPS,CAPS,83566,80830,21.14,src-bfb4e7fb9785
IN-PC-2008-tamil-nadu-503,tamil-nadu,2024,ARAKKONAM,1568140,1170057,74.61,S JAGATHRATCHAKAN,parties.IN.DMK,DMK,563216,48.92,L VIJAYAN,parties.IN.AIADMK,ADMK,256657,306559,26.63,src-bfb4e7fb9785
IN-PC-2008-tamil-nadu-504,tamil-nadu,2024,ARANI,1499659,1140690,76.06,THARANIVENTHAN M S,parties.IN.DMK,DMK,500099,44.21,"GAJENDRAN, G.V.",parties.IN.AIADMK,ADMK,291333,208766,18.45,src-bfb4e7fb9785
IN-PC-2008-tamil-nadu-505,tamil-nadu,2024,CHENNAI CENTRAL,1350334,731710,54.19,DAYANIDHI MARAN,parties.IN.DMK,DMK,413848,57.53,VINOJ,parties.IN.BJP,BJP,169159,244689,34.02,src-bfb4e7fb9785
IN-PC-2008-tamil-nadu-506,tamil-nadu,2024,CHENNAI NORTH,1496459,902753,60.33,DR.KALANIDHI VEERASWAMY,parties.IN.DMK,DMK,497333,55.93,R. MANOHAR,parties.IN.AIADMK,ADMK,158111,339222,38.15,src-bfb4e7fb9785
IN-PC-2008-tamil-nadu-507,tamil-nadu,2024,CHENNAI SOUTH,2023381,1100005,54.36,T.SUMATHY (ALIAS) THAMIZHACHI THANGAPANDIAN,parties.IN.DMK,DMK,516628,47.67,DR.TAMILISAI SOUNDARARAJAN,parties.IN.BJP,BJP,290683,225945,20.85,src-bfb4e7fb9785
IN-PC-2008-tamil-nadu-508,tamil-nadu,2024,CHIDAMBARAM,1520970,1170701,76.97,THIRUMAAVALAVAN THOL,parties.IN.VCK,VCK,505084,43.61,CHANDRAHASAN M,parties.IN.AIADMK,ADMK,401530,103554,8.94,src-bfb4e7fb9785
IN-PC-2008-tamil-nadu-509,tamil-nadu,2024,COIMBATORE,2106500,1374127,65.23,GANAPATHY RAJKUMAR P,parties.IN.DMK,DMK,568200,41.75,ANNAMALAI K,parties.IN.BJP,BJP,450132,118068,8.68,src-bfb4e7fb9785
IN-PC-2008-tamil-nadu-510,tamil-nadu,2024,CUDDALORE,1413170,1037351,73.41,M.K. VISHNUPRASAD,parties.IN.INC,INC,455053,44.43,P. SIVAKOZHUNDU,parties.IN.DMDK,DMDK,269157,185896,18.15,src-bfb4e7fb9785
IN-PC-2008-tamil-nadu-511,tamil-nadu,2024,DHARMAPURI,1526799,1249271,81.82,MANI. A.,parties.IN.DMK,DMK,432667,34.93,SOWMIYA ANBUMANI,parties.IN.PMK,PMK,411367,21300,1.72,src-bfb4e7fb9785
IN-PC-2008-tamil-nadu-512,tamil-nadu,2024,DINDIGUL,1608624,1150445,71.52,SACHITHANANTHAM R,parties.IN.CPIM,CPI(M),670149,59.44,MOHAMED MUBARAK M A,parties.IN.AIADMK,ADMK,226328,443821,39.37,src-bfb4e7fb9785
IN-PC-2008-tamil-nadu-513,tamil-nadu,2024,ERODE,1538960,1094366,71.11,K.E.PRAKASH,parties.IN.DMK,DMK,562339,52.1,ASHOK KUMAR,parties.IN.AIADMK,ADMK,325773,236566,21.92,src-bfb4e7fb9785
IN-PC-2008-tamil-nadu-514,tamil-nadu,2024,KALLAKURICHI,1569097,1251018,79.73,MALAIYARASAN D,parties.IN.DMK,DMK,561589,45.25,KUMARAGURU R,parties.IN.AIADMK,ADMK,507805,53784,4.33,src-bfb4e7fb9785
IN-PC-2008-tamil-nadu-515,tamil-nadu,2024,KANCHEEPURAM,1749192,1260679,72.07,SELVAM. G,parties.IN.DMK,DMK,586044,47.16,RAJASEKAR. E,parties.IN.AIADMK,ADMK,364571,221473,17.82,src-bfb4e7fb9785
IN-PC-2008-tamil-nadu-516,tamil-nadu,2024,KANNIYAKUMARI,1566048,1035739,66.14,VIJAYAKUMAR (Alias) VIJAY VASANTH,parties.IN.INC,INC,546248,53.28,RADHAKRISHNAN P,parties.IN.BJP,BJP,366341,179907,17.55,src-bfb4e7fb9785
IN-PC-2008-tamil-nadu-517,tamil-nadu,2024,KARUR,1430499,1133069,79.21,JOTHIMANI. S,parties.IN.INC,INC,534906,47.6,THANGAVEL. L,parties.IN.AIADMK,ADMK,368090,166816,14.85,src-bfb4e7fb9785
IN-PC-2008-tamil-nadu-518,tamil-nadu,2024,KRISHNAGIRI,1627851,1167451,71.72,GOPINATH K,parties.IN.INC,INC,492883,42.67,JAYAPRAKASH V,parties.IN.AIADMK,ADMK,300397,192486,16.67,src-bfb4e7fb9785
IN-PC-2008-tamil-nadu-519,tamil-nadu,2024,MADURAI,1583250,988216,62.42,VENKATESAN S,parties.IN.CPIM,CPI(M),430323,44.1,RAAMA SREENIVASAN,parties.IN.BJP,BJP,220914,209409,21.46,src-bfb4e7fb9785
IN-PC-2008-tamil-nadu-520,tamil-nadu,2024,MAYILADUTHURAI,1546075,1088164,70.38,SUDHA R,parties.IN.INC,INC,518459,48.05,BABU P,parties.IN.AIADMK,ADMK,247276,271183,25.13,src-bfb4e7fb9785
IN-PC-2008-tamil-nadu-521,tamil-nadu,2024,NAGAPATTINAM,1345708,973773,72.36,SELVARAJ V,parties.IN.CPI,CPI,465044,48.24,DR SURSITH SANKAR G,parties.IN.AIADMK,ADMK,256087,208957,21.68,src-bfb4e7fb9785
IN-PC-2008-tamil-nadu-522,tamil-nadu,2024,NAMAKKAL,1452952,1147497,78.98,MATHESWARAN V S,parties.IN.DMK,DMK,462036,40.77,TAMILMANI S,parties.IN.AIADMK,ADMK,432924,29112,2.57,src-bfb4e7fb9785
IN-PC-2008-tamil-nadu-523,tamil-nadu,2024,NILGIRIS,1428889,1020085,71.39,RAJA A,parties.IN.DMK,DMK,473212,47.04,DR MURUGAN L,parties.IN.BJP,BJP,232627,240585,23.91,src-bfb4e7fb9785
IN-PC-2008-tamil-nadu-524,tamil-nadu,2024,PERAMBALUR,1447197,1130376,78.11,ARUN NEHRU,parties.IN.DMK,DMK,603209,53.91,CHANDRAMOHAN N D,parties.IN.AIADMK,ADMK,214102,389107,34.78,src-bfb4e7fb9785
IN-PC-2008-tamil-nadu-525,tamil-nadu,2024,POLLACHI,1597717,1128822,70.65,ESWARASAMY K,parties.IN.DMK,DMK,533377,47.99,KARTHIKEYAN A,parties.IN.AIADMK,ADMK,281335,252042,22.68,src-bfb4e7fb9785
IN-PC-2008-tamil-nadu-526,tamil-nadu,2024,RAMANATHAPURAM,1619761,1111264,68.61,NAVASKANI K,parties.IN.IUML,IUML,509664,46.18,PANNEERSELVAM O S/O OTTAKARATHEVAR,parties.IN.IND,IND,342882,166782,15.11,src-bfb4e7fb9785
IN-PC-2008-tamil-nadu-527,tamil-nadu,2024,SALEM,1659269,1307379,78.79,SELVAGANAPATHI T M,parties.IN.DMK,DMK,566085,43.88,VIGNESH P,parties.IN.AIADMK,ADMK,495728,70357,5.45,src-bfb4e7fb9785
IN-PC-2008-tamil-nadu-528,tamil-nadu,2024,SIVAGANGA,1635655,1057025,64.62,KARTI P CHIDAMBARAM,parties.IN.INC,INC,427677,40.92,XAVIERDASS A,parties.IN.AIADMK,ADMK,222013,205664,19.68,src-bfb4e7fb9785
IN-PC-2008-tamil-nadu-529,tamil-nadu,2024,SRIPERUMBUDUR,2382578,1441382,60.5,T R BAALU,parties.IN.DMK,DMK,758611,53.63,G PREMKUMAR,parties.IN.AIADMK,ADMK,271582,487029,34.43,src-bfb4e7fb9785
IN-PC-2008-tamil-nadu-530,tamil-nadu,2024,TENKASI,1529130,1040936,68.07,DR RANI SRIKUMAR,parties.IN.DMK,DMK,425679,41.65,DR K KRISHNASAMY,parties.IN.AIADMK,ADMK,229480,196199,19.19,src-bfb4e7fb9785
IN-PC-2008-tamil-nadu-531,tamil-nadu,2024,THANJAVUR,1502056,1031294,68.66,MURASOLI S,parties.IN.DMK,DMK,502245,49.44,SIVANESAN P,parties.IN.DMDK,DMDK,182662,319583,31.46,src-bfb4e7fb9785
IN-PC-2008-tamil-nadu-532,tamil-nadu,2024,THENI,1630328,1143159,70.12,THANGA TAMILSELVAN,parties.IN.DMK,DMK,571493,50.58,TTV DHINAKARAN,parties.IN.AMMK,AMMKMNKZ,292668,278825,24.68,src-bfb4e7fb9785
IN-PC-2008-tamil-nadu-533,tamil-nadu,2024,THOOTHUKKUDI,1461182,981034,67.14,KANIMOZHI KARUNANIDHI,parties.IN.DMK,DMK,540729,55.82,SIVASAMY VELUMANI R,parties.IN.AIADMK,ADMK,147991,392738,40.54,src-bfb4e7fb9785
IN-PC-2008-tamil-nadu-534,tamil-nadu,2024,TIRUCHIRAPPALLI,1554620,1056843,67.98,DURAI VAIKO,parties.IN.MDMK,MDMK,542213,52.03,KARUPPAIAH. P,parties.IN.AIADMK,ADMK,229119,313094,30.04,src-bfb4e7fb9785
IN-PC-2008-tamil-nadu-535,tamil-nadu,2024,TIRUNELVELI,1656265,1069236,64.56,ROBERT BRUCE C,parties.IN.INC,INC,502296,47.38,NAINAR NAGENTHRAN,parties.IN.BJP,BJP,336676,165620,15.62,src-bfb4e7fb9785
IN-PC-2008-tamil-nadu-536,tamil-nadu,2024,TIRUPPUR,1608720,1143624,71.09,"SUBBARAYAN, K.",parties.IN.CPI,CPI,472739,42.03,"ARUNACHALAM, P.",parties.IN.AIADMK,ADMK,346811,125928,11.2,src-bfb4e7fb9785
IN-PC-2008-tamil-nadu-537,tamil-nadu,2024,TIRUVALLUR,2086686,1435130,68.78,Sasikanth Senthil,parties.IN.INC,INC,796956,56.97,"Balaganapathy, V. Pon",parties.IN.BJP,BJP,224801,572155,40.9,src-bfb4e7fb9785
IN-PC-2008-tamil-nadu-538,tamil-nadu,2024,TIRUVANNAMALAI,1536993,1148228,74.71,"ANNADURAI, C.N.",parties.IN.DMK,DMK,547379,48.26,KALIYAPERUMAL M,parties.IN.AIADMK,ADMK,313448,233931,20.63,src-bfb4e7fb9785
IN-PC-2008-tamil-nadu-539,tamil-nadu,2024,VELLORE,1534347,1131837,73.77,DM KATHIR ANAND,parties.IN.DMK,DMK,568692,50.74,AC SHANMUGAM,parties.IN.BJP,BJP,352990,215702,19.24,src-bfb4e7fb9785
IN-PC-2008-tamil-nadu-540,tamil-nadu,2024,VILUPPURAM,1503959,1159452,77.09,RAVIKUMAR. D,parties.IN.VCK,VCK,477033,41.71,BHAGYARAJ. J,parties.IN.AIADMK,ADMK,406330,70703,6.18,src-bfb4e7fb9785
IN-PC-2008-tamil-nadu-541,tamil-nadu,2024,VIRUDHUNAGAR,1505927,1064918,70.72,MANICKAM TAGORE B,parties.IN.INC,INC,385256,36.6,VIJAYAPRABHAKARAN V,parties.IN.DMDK,DMDK,380877,4379,0.41,src-bfb4e7fb9785
IN-PC-2008-telangana-410,telangana,2024,Adilabad,1652394,1238318,74.94,GODAM NAGESH,parties.IN.BJP,BJP,568168,46.43,ATHRAM SUGUNA,parties.IN.INC,INC,477516,90652,7.41,src-bfb4e7fb9785
IN-PC-2008-telangana-416,telangana,2024,Bhongir,1809241,1401721,77.48,CHAMALA KIRAN KUMAR REDDY,parties.IN.INC,INC,629143,45.04,DR. BOORA NARSAIAH GOUD,parties.IN.BJP,BJP,406973,222170,15.9,src-bfb4e7fb9785
IN-PC-2008-telangana-417,telangana,2024,Chevella,2939057,1676124,57.03,KONDA VISHWESHWAR REDDY,parties.IN.BJP,BJP,809882,48.53,DR GADDAM RANJITH REDDY,parties.IN.INC,INC,636985,172897,10.36,src-bfb4e7fb9785
IN-PC-2008-telangana-422,telangana,2024,Hyderabad,2217305,1081878,48.79,ASADUDDIN OWAISI,parties.IN.AIMIM,AIMIM,661981,61.44,MADHAVI LATHA KOMPELLA,parties.IN.BJP,BJP,323894,338087,31.38,src-bfb4e7fb9785
IN-PC-2008-telangana-425,telangana,2024,Karimnagar,1798168,1314574,73.11,BANDI SANJAY KUMAR,parties.IN.BJP,BJP,585116,44.75,VELCHALA RAJENDER RAO,parties.IN.INC,INC,359907,225209,17.22,src-bfb4e7fb9785
IN-PC-2008-telangana-426,telangana,2024,Khammam,1631952,1252286,76.74,RAMASAHAYAM RAGHURAM REDDY,parties.IN.INC,INC,766929,61.63,NAMA NAGESWARA RAO,parties.IN.BHRS,BHRS,299082,467847,37.6,src-bfb4e7fb9785
IN-PC-2008-telangana-429,telangana,2024,Mahabubabad,1533858,1109534,72.34,BALRAM NAIK PORIKA,parties.IN.INC,INC,612774,55.6,KAVITHA MALOTH,parties.IN.BHRS,BHRS,263609,349165,31.68,src-bfb4e7fb9785
IN-PC-2008-telangana-430,telangana,2024,Mahbubnagar,1683709,1227560,72.91,ARUNA. D. K,parties.IN.BJP,BJP,510747,41.8,CHALLA VAMSHI CHAND REDDY,parties.IN.INC,INC,506247,4500,0.36,src-bfb4e7fb9785
IN-PC-2008-telangana-431,telangana,2024,Malkajgiri,3780453,1938462,51.28,EATALA RAJENDER,parties.IN.BJP,BJP,991042,51.6,PATNAM SUNEETHA MAHENDER REDDY,parties.IN.INC,INC,599567,391475,20.38,src-bfb4e7fb9785
IN-PC-2008-telangana-432,telangana,2024,Medak,1828717,1387211,75.86,MADHAVANENI RAGHUNANDAN RAO,parties.IN.BJP,BJP,471217,34.11,NEELAM MADHU,parties.IN.INC,INC,432078,39139,2.84,src-bfb4e7fb9785
IN-PC-2008-telangana-433,telangana,2024,Nagarkurnool,1739310,1221686,70.24,DR.MALLU RAVI,parties.IN.INC,INC,465072,38.29,BHARATH PRASAD POTHUGANTI,parties.IN.BJP,BJP,370658,94414,7.77,src-bfb4e7fb9785
IN-PC-2008-telangana-434,telangana,2024,Nalgonda,1726204,1297265,75.15,KUNDURU RAGHUVEER,parties.IN.INC,INC,784337,60.79,SAIDI REDDY SHANAMPUDI,parties.IN.BJP,BJP,224432,559905,43.4,src-bfb4e7fb9785
IN-PC-2008-telangana-439,telangana,2024,Nizamabad,1705591,1233995,72.35,ARVIND DHARMAPURI,parties.IN.BJP,BJP,592318,48.19,JEEVANREDDY THATIPARTHI,parties.IN.INC,INC,483077,109241,8.89,src-bfb4e7fb9785
IN-PC-2008-telangana-441,telangana,2024,Peddapalle,1597892,1096672,68.63,VAMSI KRISHNA GADDAM,parties.IN.INC,INC,475587,43.65,SRINIVAS GOMASE,parties.IN.BJP,BJP,344223,131364,12.06,src-bfb4e7fb9785
IN-PC-2008-telangana-444,telangana,2024,Secunderabad,2120550,1048604,49.45,G. KISHAN REDDY,parties.IN.BJP,BJP,473012,45.37,DANAM NAGENDER,parties.IN.INC,INC,423068,49944,4.79,src-bfb4e7fb9785
IN-PC-2008-telangana-450,telangana,2024,Warangal,1825492,1269265,69.53,KADIYAM KAVYA,parties.IN.INC,INC,581294,46.15,AROORI RAMESH,parties.IN.BJP,BJP,360955,220339,17.49,src-bfb4e7fb9785
IN-PC-2008-telangana-451,telangana,2024,Zahirabad,1642425,1236677,75.3,SURESH KUMAR SHETKAR,parties.IN.INC,INC,528418,42.83,B. B. PATIL,parties.IN.BJP,BJP,482230,46188,3.74,src-bfb4e7fb9785
IN-PC-2008-tripura-199,tripura,2024,Tripura East,1401443,1136053,81.06,KRITI DEVI DEBBARMAN,parties.IN.BJP,BJP,777447,69.66,RAJENDRA REANG,parties.IN.CPIM,CPI(M),290628,486819,43.62,src-bfb4e7fb9785
IN-PC-2008-tripura-200,tripura,2024,Tripura West,1469453,1212774,82.53,BIPLAB KUMAR DEB,parties.IN.BJP,BJP,881341,73.74,ASISH KUMAR SAHA,parties.IN.INC,INC,269763,611578,51.17,src-bfb4e7fb9785
IN-PC-2008-uttar-pradesh-100,uttar-pradesh,2024,Farrukhabad,1751985,1035044,59.08,MUKESH RAJPUT,parties.IN.BJP,BJP,487963,47.4,DR. NAVAL KISHOR SHAKYA,parties.IN.SP,SP,485285,2678,0.26,src-bfb4e7fb9785
IN-PC-2008-uttar-pradesh-101,uttar-pradesh,2024,Fatehpur,1942597,1109359,57.11,NARESH CHANDRA UTTAM PATEL,parties.IN.SP,SP,500328,45.53,NIRANJAN JYOTI,parties.IN.BJP,BJP,467129,33199,3.02,src-bfb4e7fb9785
IN-PC-2008-uttar-pradesh-102,uttar-pradesh,2024,Fatehpur Sikri,1807314,1034638,57.25,RAJKUMAR CHAHAR,parties.IN.BJP,BJP,445657,43.42,RAMNATH SINGH SIKARWAR,parties.IN.INC,INC,402252,43405,4.23,src-bfb4e7fb9785
IN-PC-2008-uttar-pradesh-103,uttar-pradesh,2024,Firozabad,1896052,1108735,58.48,AKSHAYA YADAV,parties.IN.SP,SP,543037,49.28,VISHWADEEP SINGH,parties.IN.BJP,BJP,453725,89312,8.11,src-bfb4e7fb9785
IN-PC-2008-uttar-pradesh-104,uttar-pradesh,2024,Gautam Buddha Nagar,2681482,1440060,53.7,DR. MAHESH SHARMA,parties.IN.BJP,BJP,857829,60.12,DR. MAHENDRA SINGH NAGAR,parties.IN.SP,SP,298357,559472,39.21,src-bfb4e7fb9785
IN-PC-2008-uttar-pradesh-105,uttar-pradesh,2024,Ghaziabad,2948720,1470740,49.88,ATUL GARG,parties.IN.BJP,BJP,854170,58.42,DOLLY SHARMA,parties.IN.INC,INC,517205,336965,23.05,src-bfb4e7fb9785
IN-PC-2008-uttar-pradesh-106,uttar-pradesh,2024,Ghazipur,2088636,1154838,55.29,AFZAL ANSARI,parties.IN.SP,SP,539912,47.19,PARS NATH RAI,parties.IN.BJP,BJP,415051,124861,10.91,src-bfb4e7fb9785
IN-PC-2008-uttar-pradesh-107,uttar-pradesh,2024,Ghosi,2090637,1150742,55.04,RAJEEV RAI,parties.IN.SP,SP,503131,43.86,DR. ARVIND RAJBHAR,parties.IN.SBSP,SBSP,340188,162943,14.2,src-bfb4e7fb9785
IN-PC-2008-uttar-pradesh-108,uttar-pradesh,2024,Gonda,1843873,953302,51.7,KIRTIVARDHAN SINGH,parties.IN.BJP,BJP,474258,50.25,SHREYA VERMA,parties.IN.SP,SP,428034,46224,4.9,src-bfb4e7fb9785
IN-PC-2008-uttar-pradesh-109,uttar-pradesh,2024,Gorakhpur,2101746,1154974,54.95,RAVINDRA SHUKLA ALIAS RAVI KISHAN,parties.IN.BJP,BJP,585834,51.09,KAJAL NISHAD,parties.IN.SP,SP,482308,103526,9.03,src-bfb4e7fb9785
IN-PC-2008-uttar-pradesh-110,uttar-pradesh,2024,Hamirpur,1841604,1116908,60.65,AJENDRA SINGH LODHI,parties.IN.SP,SP,490683,44.53,KUNWAR PUSHPENDRA SINGH CHANDEL,parties.IN.BJP,BJP,488054,2629,0.24,src-bfb4e7fb9785
IN-PC-2008-uttar-pradesh-111,uttar-pradesh,2024,Hardoi,1911779,1102070,57.65,JAI PRAKASH,parties.IN.BJP,BJP,486798,44.61,USHA VERMA,parties.IN.SP,SP,458942,27856,2.56,src-bfb4e7fb9785
IN-PC-2008-uttar-pradesh-112,uttar-pradesh,2024,Hathras,1946138,1083446,55.67,ANOOP PRADHAN BALMIKI,parties.IN.BJP,BJP,554746,51.54,JASVEER VALMIKI,parties.IN.SP,SP,307428,247318,22.98,src-bfb4e7fb9785
IN-PC-2008-uttar-pradesh-113,uttar-pradesh,2024,Jalaun,2010583,1129208,56.16,NARAYAN DAS AHIRWAR,parties.IN.SP,SP,530180,47.43,BHANU PRATAP SINGH VERMA,parties.IN.BJP,BJP,476282,53898,4.82,src-bfb4e7fb9785
IN-PC-2008-uttar-pradesh-114,uttar-pradesh,2024,Jaunpur,1979004,1104876,55.83,BABU SINGH KUSHWAHA,parties.IN.SP,SP,509130,46.48,KRIPASHANKAR SINGH,parties.IN.BJP,BJP,409795,99335,9.07,src-bfb4e7fb9785
IN-PC-2008-uttar-pradesh-115,uttar-pradesh,2024,Jhansi,2162404,1381376,63.88,ANURAG SHARMA,parties.IN.BJP,BJP,690316,50.57,"PRADEEP JAIN ""ADITYA""",parties.IN.INC,INC,587702,102614,7.52,src-bfb4e7fb9785
IN-PC-2008-uttar-pradesh-116,uttar-pradesh,2024,Kairana,1727579,1080035,62.52,IQRA CHOUDHARY,parties.IN.SP,SP,528013,49.05,PRADEEP KUMAR,parties.IN.BJP,BJP,458897,69116,6.42,src-bfb4e7fb9785
IN-PC-2008-uttar-pradesh-117,uttar-pradesh,2024,Kaiserganj,1906032,1062305,55.73,KARAN BHUSHAN SINGH,parties.IN.BJP,BJP,571263,54.55,BHAGAT RAM,parties.IN.SP,SP,422420,148843,14.21,src-bfb4e7fb9785
IN-PC-2008-uttar-pradesh-118,uttar-pradesh,2024,Kannauj,1993616,1218971,61.14,AKHILESH YADAV,parties.IN.SP,SP,642292,52.95,SUBRAT PATHAK,parties.IN.BJP,BJP,471370,170922,14.09,src-bfb4e7fb9785
IN-PC-2008-uttar-pradesh-119,uttar-pradesh,2024,Kanpur,1664794,887948,53.34,RAMESH AWASTHI,parties.IN.BJP,BJP,443055,50.16,ALOK MISRA,parties.IN.INC,INC,422087,20968,2.37,src-bfb4e7fb9785
IN-PC-2008-uttar-pradesh-120,uttar-pradesh,2024,Kaushambi,1912536,1010109,52.82,PUSHPENDRA SAROJ,parties.IN.SP,SP,509787,51.16,VINOD KUMAR SONKAR,parties.IN.BJP,BJP,405843,103944,10.43,src-bfb4e7fb9785
IN-PC-2008-uttar-pradesh-121,uttar-pradesh,2024,Kheri,1871224,1213543,64.85,UTKARSH VERMA 'MADHUR',parties.IN.SP,SP,557365,46.24,AJAY KUMAR,parties.IN.BJP,BJP,523036,34329,2.85,src-bfb4e7fb9785
IN-PC-2008-uttar-pradesh-122,uttar-pradesh,2024,Kushi Nagar,1876962,1080710,57.58,VIJAY KUMAR DUBAY,parties.IN.BJP,BJP,516345,48.22,AJAY PRATAP SINGH URF PINTU SAITHWAR,parties.IN.SP,SP,434555,81790,7.63,src-bfb4e7fb9785
IN-PC-2008-uttar-pradesh-123,uttar-pradesh,2024,Lalganj,1841110,1004152,54.54,DAROGA PRASAD SAROJ,parties.IN.SP,SP,439959,44.16,NEELAM SONKER,parties.IN.BJP,BJP,324936,115023,11.55,src-bfb4e7fb9785
IN-PC-2008-uttar-pradesh-125,uttar-pradesh,2024,Machhlishahr,1943763,1062071,54.64,PRIYA SAROJ,parties.IN.SP,SP,451292,42.95,BHOLANATH (B.P. SAROJ),parties.IN.BJP,BJP,415442,35850,3.41,src-bfb4e7fb9785
IN-PC-2008-uttar-pradesh-126,uttar-pradesh,2024,Maharajganj,2007065,1210504,60.31,PANKAJ CHAUDHARY,parties.IN.BJP,BJP,591310,49.25,VIRENDRA CHAUDHARY,parties.IN.INC,INC,555859,35451,2.96,src-bfb4e7fb9785
IN-PC-2008-uttar-pradesh-127,uttar-pradesh,2024,Mainpuri,1798051,1056192,58.74,DIMPLE YADAV,parties.IN.SP,SP,598526,57.03,JAYVEER SINGH,parties.IN.BJP,BJP,376887,221639,21.12,src-bfb4e7fb9785
IN-PC-2008-uttar-pradesh-128,uttar-pradesh,2024,Mathura,1939130,957463,49.38,HEMAMALINI DHARMENDRA DEOL,parties.IN.BJP,BJP,510064,53.55,MUKESH DHANGAR,parties.IN.INC,INC,216657,293407,30.8,src-bfb4e7fb9785
IN-PC-2008-uttar-pradesh-129,uttar-pradesh,2024,Meerut,2005669,1183456,59.01,ARUN GOVIL,parties.IN.BJP,BJP,546469,46.4,SUNITA VERMA,parties.IN.SP,SP,535884,10585,0.9,src-bfb4e7fb9785
IN-PC-2008-uttar-pradesh-130,uttar-pradesh,2024,Mirzapur,1909448,1105445,57.89,ANUPRIYA PATEL,parties.IN.ADS,ADAL,471631,43.25,RAMESH CHAND BIND,parties.IN.SP,SP,433821,37810,3.46,src-bfb4e7fb9785
IN-PC-2008-uttar-pradesh-131,uttar-pradesh,2024,Misrikh,1879798,1052758,56,ASHOK KUMAR RAWAT,parties.IN.BJP,BJP,475016,45.5,SANGITA RAJVANSHI,parties.IN.SP,SP,441610,33406,3.2,src-bfb4e7fb9785
IN-PC-2008-uttar-pradesh-132,uttar-pradesh,2024,Mohanlalganj,2189866,1379358,62.99,R. K. CHAUDHARY,parties.IN.SP,SP,667869,48.8,KAUSHAL KISHORE,parties.IN.BJP,BJP,597577,70292,5.14,src-bfb4e7fb9785
IN-PC-2008-uttar-pradesh-133,uttar-pradesh,2024,Moradabad,2062642,1283812,62.24,RUCHI VIRA,parties.IN.SP,SP,637363,49.9,KUNWAR SARVESH KUMAR,parties.IN.BJP,BJP,531601,105762,8.28,src-bfb4e7fb9785
IN-PC-2008-uttar-pradesh-134,uttar-pradesh,2024,Muzaffarnagar,1823717,1078915,59.16,HARENDRA SINGH MALIK,parties.IN.SP,SP,470721,43.8,SANJEEV KUMAR BALYAN,parties.IN.BJP,BJP,446049,24672,2.3,src-bfb4e7fb9785
IN-PC-2008-uttar-pradesh-135,uttar-pradesh,2024,Nagina,1647310,1001499,60.8,CHANDRASHEKHAR,parties.IN.ASPKR,ASPKR,512552,51.46,OM KUMAR,parties.IN.BJP,BJP,361079,151473,15.21,src-bfb4e7fb9785
IN-PC-2008-uttar-pradesh-136,uttar-pradesh,2024,Phulpur,2071536,1015032,49,PRAVEEN PATEL,parties.IN.BJP,BJP,452600,44.84,AMAR NATH SINGH MAURYA,parties.IN.SP,SP,448268,4332,0.43,src-bfb4e7fb9785
IN-PC-2008-uttar-pradesh-137,uttar-pradesh,2024,Pilibhit,1833961,1161235,63.32,JITIN PRASADA,parties.IN.BJP,BJP,607158,52.6,BHAGWAT SARAN GANGWAR,parties.IN.SP,SP,442223,164935,14.29,src-bfb4e7fb9785
IN-PC-2008-uttar-pradesh-138,uttar-pradesh,2024,Pratapgarh,1836748,947386,51.58,SHIV PAL SINGH PATEL (DR. S P SINGH),parties.IN.SP,SP,441932,46.8,SANGAM LAL GUPTA,parties.IN.BJP,BJP,375726,66206,7.02,src-bfb4e7fb9785
IN-PC-2008-uttar-pradesh-139,uttar-pradesh,2024,Rae Bareli,1788731,1039951,58.14,RAHUL GANDHI,parties.IN.INC,INC,687649,66.67,DINESH PRATAP SINGH,parties.IN.BJP,BJP,297619,390030,37.81,src-bfb4e7fb9785
IN-PC-2008-uttar-pradesh-140,uttar-pradesh,2024,Rampur,1733243,968791,55.89,MOHIBBULLAH,parties.IN.SP,SP,481503,50.03,GHANSHYAM SINGH LODHI,parties.IN.BJP,BJP,394069,87434,9.08,src-bfb4e7fb9785
IN-PC-2008-uttar-pradesh-141,uttar-pradesh,2024,Robertsganj,1780728,1011592,56.81,CHHOTELAL,parties.IN.SP,SP,465848,47.03,RINKI SINGH,parties.IN.ADS,ADAL,336614,129234,13.05,src-bfb4e7fb9785
IN-PC-2008-uttar-pradesh-142,uttar-pradesh,2024,Saharanpur,1857816,1230347,66.23,IMRAN MASOOD,parties.IN.INC,INC,547967,44.74,RAGHAV LAKHANPAL,parties.IN.BJP,BJP,483425,64542,5.27,src-bfb4e7fb9785
IN-PC-2008-uttar-pradesh-143,uttar-pradesh,2024,Salempur,1784412,917622,51.42,RAMASHANKAR RAJBHAR,parties.IN.SP,SP,405472,44.57,RAVINDAR KUSHAWAHA,parties.IN.BJP,BJP,401899,3573,0.4,src-bfb4e7fb9785
IN-PC-2008-uttar-pradesh-144,uttar-pradesh,2024,Sambhal,1899292,1195706,62.96,ZIA UR REHMAN,parties.IN.SP,SP,571161,48.09,PARMESHWAR LAL SAINI,parties.IN.BJP,BJP,449667,121494,10.23,src-bfb4e7fb9785
IN-PC-2008-uttar-pradesh-145,uttar-pradesh,2024,Sant Kabir Nagar,2076050,1092192,52.61,LAXMIKANT PAPPU NISHAD,parties.IN.SP,SP,498695,46.09,PRAVIN KUMAR NISHAD,parties.IN.BJP,BJP,406525,92170,8.52,src-bfb4e7fb9785
IN-PC-2008-uttar-pradesh-146,uttar-pradesh,2024,Shahjahanpur,2333143,1248747,53.52,ARUN KUMAR SAGAR,parties.IN.BJP,BJP,592718,47.82,JYOTSNA GOND,parties.IN.SP,SP,537339,55379,4.47,src-bfb4e7fb9785
IN-PC-2008-uttar-pradesh-147,uttar-pradesh,2024,Shrawasti,1980743,1046633,52.84,RAM SHIROMANI VERMA,parties.IN.SP,SP,511055,49.3,SAKET MISRA,parties.IN.BJP,BJP,434382,76673,7.4,src-bfb4e7fb9785
IN-PC-2008-uttar-pradesh-148,uttar-pradesh,2024,Sitapur,1760367,1102725,62.64,RAKESH RATHOR,parties.IN.INC,INC,531138,48.5,RAJESH VERMA,parties.IN.BJP,BJP,441497,89641,8.18,src-bfb4e7fb9785
IN-PC-2008-uttar-pradesh-149,uttar-pradesh,2024,Sultanpur,1855602,1034131,55.73,RAMBHUAL NISHAD,parties.IN.SP,SP,444330,43.35,MANEKA SANJAY GANDHI,parties.IN.BJP,BJP,401156,43174,4.21,src-bfb4e7fb9785
IN-PC-2008-uttar-pradesh-150,uttar-pradesh,2024,Unnao,2344843,1303551,55.59,SWAMI SACHCHIDANAND HARI SAKSHI,parties.IN.BJP,BJP,616133,47.66,ANNU TANDON,parties.IN.SP,SP,580315,35818,2.77,src-bfb4e7fb9785
IN-PC-2008-uttar-pradesh-151,uttar-pradesh,2024,Varanasi,1999861,1131818,56.59,NARENDRA MODI,parties.IN.BJP,BJP,612970,54.65,AJAY RAI,parties.IN.INC,INC,460457,152513,13.6,src-bfb4e7fb9785
IN-PC-2008-uttar-pradesh-72,uttar-pradesh,2024,Agra,2075821,1125376,54.21,PROF S P SINGH BAGHEL,parties.IN.BJP,BJP,599397,53.67,SURESH CHAND KARDAM,parties.IN.SP,SP,328103,271294,24.29,src-bfb4e7fb9785
IN-PC-2008-uttar-pradesh-73,uttar-pradesh,2024,Akbarpur,1875912,1087989,58,DEVENDRA SINGH ALIAS BHOLE SINGH,parties.IN.BJP,BJP,517423,47.94,RAJARAM PAL,parties.IN.SP,SP,473078,44345,4.11,src-bfb4e7fb9785
IN-PC-2008-uttar-pradesh-74,uttar-pradesh,2024,Aligarh,2002868,1139422,56.89,SATISH KUMAR GAUTAM,parties.IN.BJP,BJP,501834,44.47,BIJENDRA SINGH,parties.IN.SP,SP,486187,15647,1.38,src-bfb4e7fb9785
IN-PC-2008-uttar-pradesh-75,uttar-pradesh,2024,Allahabad,1828159,948256,51.87,UJJWAL RAMAN SINGH,parties.IN.INC,INC,462145,49.32,NEERAJ TRIPATHI,parties.IN.BJP,BJP,403350,58795,6.28,src-bfb4e7fb9785
IN-PC-2008-uttar-pradesh-76,uttar-pradesh,2024,Ambedkar Nagar,1913756,1180008,61.66,LALJI VERMA,parties.IN.SP,SP,544959,46.59,RITESH PANDEY,parties.IN.BJP,BJP,407712,137247,11.73,src-bfb4e7fb9785
IN-PC-2008-uttar-pradesh-77,uttar-pradesh,2024,Amethi,1798715,980883,54.53,KISHORI LAL,parties.IN.INC,INC,539228,55.52,SMRITI IRANI,parties.IN.BJP,BJP,372032,167196,17.22,src-bfb4e7fb9785
IN-PC-2008-uttar-pradesh-78,uttar-pradesh,2024,Amroha,1720677,1111135,64.58,KANWAR SINGH TANWAR,parties.IN.BJP,BJP,476506,43.13,KUNWAR DANISH ALI,parties.IN.INC,INC,447836,28670,2.59,src-bfb4e7fb9785
IN-PC-2008-uttar-pradesh-79,uttar-pradesh,2024,Aonla,1893622,1090062,57.56,NEERAJ MAURYA,parties.IN.SP,SP,492515,45.52,DHARMENDRA KASHYAP,parties.IN.BJP,BJP,476546,15969,1.48,src-bfb4e7fb9785
IN-PC-2008-uttar-pradesh-80,uttar-pradesh,2024,Azamgarh,1871946,1055114,56.36,DHARMENDRA YADAV,parties.IN.SP,SP,508239,48.48,DINESH LAL YADAV “NIRAHUA”,parties.IN.BJP,BJP,347204,161035,15.36,src-bfb4e7fb9785
IN-PC-2008-uttar-pradesh-81,uttar-pradesh,2024,Badaun,2010304,1093550,54.4,ADITYA YADAV,parties.IN.SP,SP,501855,46.33,DURVIJAY SINGH SHAKYA,parties.IN.BJP,BJP,466864,34991,3.23,src-bfb4e7fb9785
IN-PC-2008-uttar-pradesh-82,uttar-pradesh,2024,Baghpat,1665208,934744,56.13,DR RAJKUMAR SANGWAN,parties.IN.RLD,RLD,488967,52.65,AMARPAL,parties.IN.SP,SP,329508,159459,17.17,src-bfb4e7fb9785
IN-PC-2008-uttar-pradesh-83,uttar-pradesh,2024,Baharaich,1839281,1056593,57.45,ANAND KUMAR,parties.IN.BJP,BJP,518802,49.71,RAMESH CHANDRA,parties.IN.SP,SP,454575,64227,6.16,src-bfb4e7fb9785
IN-PC-2008-uttar-pradesh-84,uttar-pradesh,2024,Ballia,1936995,1007726,52.03,SANATAN PANDEY,parties.IN.SP,SP,467068,46.75,NEERAJ SHEKHAR,parties.IN.BJP,BJP,423684,43384,4.34,src-bfb4e7fb9785
IN-PC-2008-uttar-pradesh-85,uttar-pradesh,2024,Banda,1749034,1044901,59.74,KRISHNA DEVI SHIVSHANKER PATEL,parties.IN.SP,SP,406567,39.44,R. K. SINGH PATEL,parties.IN.BJP,BJP,335357,71210,6.91,src-bfb4e7fb9785
IN-PC-2008-uttar-pradesh-86,uttar-pradesh,2024,Bansgaon,1825711,945860,51.81,KAMLESH PASWAN,parties.IN.BJP,BJP,428693,45.81,SADAL PRASAD,parties.IN.INC,INC,425543,3150,0.33,src-bfb4e7fb9785
IN-PC-2008-uttar-pradesh-87,uttar-pradesh,2024,Barabanki,1919282,1290963,67.26,TANUJ PUNIA,parties.IN.INC,INC,719927,56.14,RAJRANI RAWAT,parties.IN.BJP,BJP,504223,215704,16.82,src-bfb4e7fb9785
IN-PC-2008-uttar-pradesh-88,uttar-pradesh,2024,Bareilly,1926167,1120305,58.16,CHHATRA PAL SINGH GANGWAR,parties.IN.BJP,BJP,567127,50.94,PRAVEEN SINGH ARON,parties.IN.SP,SP,532323,34804,3.13,src-bfb4e7fb9785
IN-PC-2008-uttar-pradesh-89,uttar-pradesh,2024,Basti,1904843,1084777,56.95,RAM PRASAD CHAUDHARY,parties.IN.SP,SP,527005,49.02,HARISH CHANDRA ALIAS HARISH DWIVEDI,parties.IN.BJP,BJP,426011,100994,9.4,src-bfb4e7fb9785
IN-PC-2008-uttar-pradesh-90,uttar-pradesh,2024,Bhadohi,2039941,1085742,53.22,DR. VINOD KUMAR BIND,parties.IN.BJP,BJP,459982,42.84,LALITESHPATI TRIPATHI,parties.IN.AITC,AITC,415910,44072,4.11,src-bfb4e7fb9785
IN-PC-2008-uttar-pradesh-91,uttar-pradesh,2024,Bijnor,1743213,1024843,58.79,CHANDAN CHAUHAN,parties.IN.RLD,RLD,404493,39.66,DEEPAK,parties.IN.SP,SP,366985,37508,3.68,src-bfb4e7fb9785
IN-PC-2008-uttar-pradesh-92,uttar-pradesh,2024,Bulandshahr,1867981,1056357,56.55,DR BHOLA SINGH,parties.IN.BJP,BJP,597310,57.02,SHIVRAM,parties.IN.INC,INC,322176,275134,26.26,src-bfb4e7fb9785
IN-PC-2008-uttar-pradesh-93,uttar-pradesh,2024,Chandauli,1850547,1119838,60.51,BIRENDRA SINGH,parties.IN.SP,SP,474476,42.84,DR. MAHENDRA NATH PANDEY,parties.IN.BJP,BJP,452911,21565,1.94,src-bfb4e7fb9785
IN-PC-2008-uttar-pradesh-94,uttar-pradesh,2024,Deoria,1877227,1043740,55.6,SHASHANK MANI,parties.IN.BJP,BJP,504541,48.84,AKHILESH PRATAP SINGH,parties.IN.INC,INC,469699,34842,3.37,src-bfb4e7fb9785
IN-PC-2008-uttar-pradesh-95,uttar-pradesh,2024,Dhaurahra,1719979,1112068,64.66,ANAND BHADAURIYA,parties.IN.SP,SP,443743,40.17,REKHA VERMA,parties.IN.BJP,BJP,439294,4449,0.4,src-bfb4e7fb9785
IN-PC-2008-uttar-pradesh-96,uttar-pradesh,2024,Domariyaganj,1962205,1022585,52.11,JAGDAMBIKA PAL,parties.IN.BJP,BJP,463303,45.89,BHISHMA SHANKAR ALIAS KUSHAL TIWARI,parties.IN.SP,SP,420575,42728,4.23,src-bfb4e7fb9785
IN-PC-2008-uttar-pradesh-97,uttar-pradesh,2024,Etah,1703935,1011620,59.37,DEVESH SHAKYA,parties.IN.SP,SP,475808,47.33,RAJVEER SINGH (RAJU BHAIYA),parties.IN.BJP,BJP,447756,28052,2.79,src-bfb4e7fb9785
IN-PC-2008-uttar-pradesh-98,uttar-pradesh,2024,Etawah,1834489,1034154,56.37,JITENDRA KUMAR DOHARE,parties.IN.SP,SP,490747,47.76,DR RAM SHANKAR KATHERIA,parties.IN.BJP,BJP,432328,58419,5.69,src-bfb4e7fb9785
IN-PC-2008-uttar-pradesh-99,uttar-pradesh,2024,Faizabad,1929399,1141689,59.17,AWADHESH PRASAD,parties.IN.SP,SP,554289,48.92,LALLU SINGH,parties.IN.BJP,BJP,499722,54567,4.82,src-bfb4e7fb9785
IN-PC-2008-uttar-pradesh-eci35,uttar-pradesh,2024,Lucknow,2173953,1140222,52.45,RAJ NATH SINGH,parties.IN.BJP,BJP,612709,54.24,RAVIDAS MEHROTRA,parties.IN.SP,SP,477550,135159,11.96,src-bfb4e7fb9785
IN-PC-2008-uttarakhand-25,uttarakhand,2024,Almora,1368432,675014,49.33,AJAY TAMTA,parties.IN.BJP,BJP,429167,65.88,PRADEEP TAMTA,parties.IN.INC,INC,195070,234097,35.94,src-bfb4e7fb9785
IN-PC-2008-uttarakhand-26,uttarakhand,2024,Garhwal,1404233,746210,53.14,ANIL BALUNI,parties.IN.BJP,BJP,432159,59.52,GANESH GODIYAL,parties.IN.INC,INC,268656,163503,22.52,src-bfb4e7fb9785
IN-PC-2008-uttarakhand-27,uttarakhand,2024,Haridwar,2041472,1304517,63.9,TRIVENDRA SINGH RAWAT,parties.IN.BJP,BJP,653808,50.46,VIRENDRA RAWAT,parties.IN.INC,INC,489752,164056,12.66,src-bfb4e7fb9785
IN-PC-2008-uttarakhand-28,uttarakhand,2024,Nainital-Udhamsingh Nagar,2026438,1271666,62.75,AJAY BHATT,parties.IN.BJP,BJP,772671,61.54,PRAKASH JOSHI,parties.IN.INC,INC,438123,334548,26.65,src-bfb4e7fb9785
IN-PC-2008-uttarakhand-29,uttarakhand,2024,Tehri Garhwal,1590526,866774,54.5,MALA RAJYA LAKSHMI SHAH,parties.IN.BJP,BJP,462603,54.13,JOT SINGH GUNSOLA,parties.IN.INC,INC,190110,272493,31.88,src-bfb4e7fb9785
IN-PC-2008-west-bengal-217,west-bengal,2024,Alipurduars,1778463,1422285,79.97,MANOJ TIGGA,parties.IN.BJP,BJP,695314,49.66,PRAKASH CHIK BARAIK,parties.IN.AITC,AITC,619867,75447,5.39,src-bfb4e7fb9785
IN-PC-2008-west-bengal-218,west-bengal,2024,Arambag,1885001,1561188,82.82,BAG MITALI,parties.IN.AITC,AITC,712587,46.24,ARUP KANTI DIGAR,parties.IN.BJP,BJP,706188,6399,0.41,src-bfb4e7fb9785
IN-PC-2008-west-bengal-219,west-bengal,2024,Asansol,1771875,1302426,73.51,SHATRUGHAN PRASAD SINHA,parties.IN.AITC,AITC,605645,47.09,S S AHLUWALIA,parties.IN.BJP,BJP,546081,59564,4.63,src-bfb4e7fb9785
IN-PC-2008-west-bengal-220,west-bengal,2024,Baharampur,1789424,1387690,77.55,PATHAN YUSUF,parties.IN.AITC,AITC,524516,38.08,ADHIR RANJAN CHOWDHURY,parties.IN.INC,INC,439494,85022,6.17,src-bfb4e7fb9785
IN-PC-2008-west-bengal-221,west-bengal,2024,Balurghat,1563941,1240016,79.29,SUKANTA MAJUMDAR,parties.IN.BJP,BJP,574996,46.75,BIPLAB MITRA,parties.IN.AITC,AITC,564610,10386,0.84,src-bfb4e7fb9785
IN-PC-2008-west-bengal-222,west-bengal,2024,Bangaon,1841292,1493680,81.12,SHANTANU THAKUR,parties.IN.BJP,BJP,719505,48.41,BISWAJIT DAS S/O LATE BIJAY KRISHNA DAS,parties.IN.AITC,AITC,645812,73693,4.96,src-bfb4e7fb9785
IN-PC-2008-west-bengal-223,west-bengal,2024,Bankura,1785138,1450168,81.24,ARUP CHAKRABORTY,parties.IN.AITC,AITC,641813,45.15,DR. SUBHAS SARKAR,parties.IN.BJP,BJP,609035,32778,2.3,src-bfb4e7fb9785
IN-PC-2008-west-bengal-224,west-bengal,2024,Barasat,1907604,1534562,80.44,Dr. KAKOLI GHOSH DASTIDAR,parties.IN.AITC,AITC,692010,45.69,SWAPAN MAJUMDER,parties.IN.BJP,BJP,577821,114189,7.54,src-bfb4e7fb9785
IN-PC-2008-west-bengal-225,west-bengal,2024,Bardhaman-Durgapur,1853336,1502830,81.09,AZAD KIRTI JHA,parties.IN.AITC,AITC,720667,48.69,DILIP GHOSH,parties.IN.BJP,BJP,582686,137981,9.32,src-bfb4e7fb9785
IN-PC-2008-west-bengal-226,west-bengal,2024,Bardhaman Purba,1803240,1498938,83.12,DR. SHARMILA SARKAR,parties.IN.AITC,AITC,720302,48.52,ASIM KUMAR SARKAR,parties.IN.BJP,BJP,559730,160572,10.82,src-bfb4e7fb9785
IN-PC-2008-west-bengal-227,west-bengal,2024,Barrackpur,1512101,1142509,75.56,PARTHA BHOWMICK,parties.IN.AITC,AITC,520231,46.01,ARJUN SINGH,parties.IN.BJP,BJP,455793,64438,5.7,src-bfb4e7fb9785
IN-PC-2008-west-bengal-228,west-bengal,2024,Basirhat,1805874,1526081,84.51,SK NURUL ISLAM,parties.IN.AITC,AITC,803762,52.94,REKHA PATRA,parties.IN.BJP,BJP,470215,333547,21.97,src-bfb4e7fb9785
IN-PC-2008-west-bengal-229,west-bengal,2024,Birbhum,1859447,1528210,82.19,SATABDI ROY,parties.IN.AITC,AITC,717961,47.44,DEBTANU BHATTACHARYA,parties.IN.BJP,BJP,520311,197650,13.06,src-bfb4e7fb9785
IN-PC-2008-west-bengal-230,west-bengal,2024,Bishnupur,1758481,1514635,86.13,KHAN SAUMITRA,parties.IN.BJP,BJP,680130,45.5,SUJATA MONDAL,parties.IN.AITC,AITC,674563,5567,0.37,src-bfb4e7fb9785
IN-PC-2008-west-bengal-231,west-bengal,2024,Bolpur,1842192,1529897,83.05,ASIT KUMAR MAL,parties.IN.AITC,AITC,855633,56.79,PIYA SAHA,parties.IN.BJP,BJP,528380,327253,21.72,src-bfb4e7fb9785
IN-PC-2008-west-bengal-232,west-bengal,2024,Coochbehar,1970743,1624634,82.44,JAGADISH CHANDRA BARMA BASUNIA,parties.IN.AITC,AITC,788375,49.04,NISITH PRAMANIK,parties.IN.BJP,BJP,749125,39250,2.44,src-bfb4e7fb9785
IN-PC-2008-west-bengal-233,west-bengal,2024,Darjeeling,1776898,1331004,74.91,RAJU BISTA,parties.IN.BJP,BJP,679331,51.88,GOPAL LAMA,parties.IN.AITC,AITC,500806,178525,13.63,src-bfb4e7fb9785
IN-PC-2008-west-bengal-234,west-bengal,2024,Diamond harbour,1881552,1531287,81.38,ABHISHEK BANERJEE,parties.IN.AITC,AITC,1048230,68.93,ABHIJIT DAS (BOBBY),parties.IN.BJP,BJP,337300,710930,46.75,src-bfb4e7fb9785
IN-PC-2008-west-bengal-235,west-bengal,2024,Dum dum,1700882,1260841,74.13,SOUGATA RAY,parties.IN.AITC,AITC,528579,42.33,SILBHADRA DATTA,parties.IN.BJP,BJP,457919,70660,5.66,src-bfb4e7fb9785
IN-PC-2008-west-bengal-236,west-bengal,2024,Ghatal,1942313,1602280,82.49,ADHIKARI DEEPAK (DEV),parties.IN.AITC,AITC,837990,52.78,DR. HIRANMOY CHATTOPADHYAYA,parties.IN.BJP,BJP,655122,182868,11.51,src-bfb4e7fb9785
IN-PC-2008-west-bengal-237,west-bengal,2024,Hooghly,1860103,1518072,81.61,RACHNA BANERJEE,parties.IN.AITC,AITC,702744,46.72,LOCKET CHATTERJEE,parties.IN.BJP,BJP,625891,76853,5.11,src-bfb4e7fb9785
IN-PC-2008-west-bengal-238,west-bengal,2024,Howrah,1769973,1272558,71.9,PRASUN BANERJEE,parties.IN.AITC,AITC,626493,49.65,DR RATHIN CHAKRAVARTY,parties.IN.BJP,BJP,457051,169442,13.43,src-bfb4e7fb9785
IN-PC-2008-west-bengal-239,west-bengal,2024,Jadavpur,2034251,1569002,77.13,SAYANI GHOSH,parties.IN.AITC,AITC,717899,46.05,DR. ANIRBAN GANGULY,parties.IN.BJP,BJP,459698,258201,16.57,src-bfb4e7fb9785
IN-PC-2008-west-bengal-240,west-bengal,2024,Jalpaiguri,1889840,1585888,83.92,DR JAYANTA KUMAR ROY,parties.IN.BJP,BJP,766568,49.09,NIRMAL CHANDRA ROY,parties.IN.AITC,AITC,679875,86693,5.55,src-bfb4e7fb9785
IN-PC-2008-west-bengal-241,west-bengal,2024,Jangipur,1807556,1369909,75.79,KHALILUR RAHAMAN,parties.IN.AITC,AITC,544427,40.25,MURTOJA HOSSAIN BOKUL,parties.IN.INC,INC,427790,116637,8.62,src-bfb4e7fb9785
IN-PC-2008-west-bengal-242,west-bengal,2024,Jaynagar,1845363,1484056,80.42,PRATIMA MONDAL,parties.IN.AITC,AITC,894312,60.72,ASHOK KANDARY,parties.IN.BJP,BJP,424093,470219,31.93,src-bfb4e7fb9785
IN-PC-2008-west-bengal-243,west-bengal,2024,Jhargram,1782435,1493701,83.8,KALIPADA SAREN (KHERWAL),parties.IN.AITC,AITC,743478,50.41,DR. PRANAT TUDU,parties.IN.BJP,BJP,569430,174048,11.8,src-bfb4e7fb9785
IN-PC-2008-west-bengal-244,west-bengal,2024,Kanthi,1797658,1532295,85.24,ADHIKARI SOUMENDU,parties.IN.BJP,BJP,763195,50.12,UTTAM BARIK SON OF LATE BIRENDRA BARIK,parties.IN.AITC,AITC,715431,47764,3.14,src-bfb4e7fb9785
IN-PC-2008-west-bengal-247,west-bengal,2024,Krishnanagar,1762599,1426981,80.96,MAHUA MOITRA,parties.IN.AITC,AITC,628789,44.32,AMRITA ROY,parties.IN.BJP,BJP,572084,56705,4,src-bfb4e7fb9785
IN-PC-2008-west-bengal-248,west-bengal,2024,Maldaha Dakshin,1784407,1371914,76.88,ISHA KHAN CHOUDHURY,parties.IN.INC,INC,572395,41.87,SREERUPA MITRA CHAUDHURY (NIRBHAYA DIDI),parties.IN.BJP,BJP,444027,128368,9.39,src-bfb4e7fb9785
IN-PC-2008-west-bengal-249,west-bengal,2024,Maldaha Uttar,1864285,1419041,76.12,KHAGEN MURMU,parties.IN.BJP,BJP,527023,37.37,PRASUN BANERJEE,parties.IN.AITC,AITC,449315,77708,5.51,src-bfb4e7fb9785
IN-PC-2008-west-bengal-250,west-bengal,2024,Mathurapur,1818113,1497681,82.38,BAPI HALDAR,parties.IN.AITC,AITC,755731,50.81,ASHOK PURKAIT,parties.IN.BJP,BJP,554674,201057,13.52,src-bfb4e7fb9785
IN-PC-2008-west-bengal-251,west-bengal,2024,Medinipur,1813205,1485949,81.95,JUNE MALIAH,parties.IN.AITC,AITC,702192,47.8,AGNIMITRA PAUL,parties.IN.BJP,BJP,675001,27191,1.85,src-bfb4e7fb9785
IN-PC-2008-west-bengal-252,west-bengal,2024,Murshidabad,1890589,1541754,81.55,ABU TAHER KHAN,parties.IN.AITC,AITC,682442,44.65,MD SALIM,parties.IN.CPIM,CPI(M),518227,164215,10.74,src-bfb4e7fb9785
IN-PC-2008-west-bengal-253,west-bengal,2024,Purulia,1825625,1436016,78.66,JYOTIRMAY SINGH MAHATO,parties.IN.BJP,BJP,578489,40.85,SHANTIRAM MAHATO,parties.IN.AITC,AITC,561410,17079,1.2,src-bfb4e7fb9785
IN-PC-2008-west-bengal-254,west-bengal,2024,Raiganj,1791574,1369355,76.43,KARTICK CHANDRA PAUL,parties.IN.BJP,BJP,560897,41.05,KALYANI KRISHNA,parties.IN.AITC,AITC,492700,68197,5,src-bfb4e7fb9785
IN-PC-2008-west-bengal-255,west-bengal,2024,Ranaghat,1877599,1542292,82.14,JAGANNATH SARKAR,parties.IN.BJP,BJP,782396,51.11,MUKUT MANI ADHIKARI,parties.IN.AITC,AITC,595497,186899,12.21,src-bfb4e7fb9785
IN-PC-2008-west-bengal-256,west-bengal,2024,Sreerampur,1928256,1477130,76.6,KALYAN BANERJEE,parties.IN.AITC,AITC,673970,46.12,KABIR SHANKAR BOSE,parties.IN.BJP,BJP,499140,174830,11.97,src-bfb4e7fb9785
IN-PC-2008-west-bengal-257,west-bengal,2024,Tamluk,1853363,1578527,85.17,ABHIJIT GANGOPADHYAY,parties.IN.BJP,BJP,765584,48.79,DEBANGSHU BHATTACHARYA,parties.IN.AITC,AITC,687851,77733,4.95,src-bfb4e7fb9785
IN-PC-2008-west-bengal-258,west-bengal,2024,Uluberia,1742388,1394157,80.01,SAJDA AHMED,parties.IN.AITC,AITC,724622,52.53,ARUNUDAY PAULCHOWDHURY,parties.IN.BJP,BJP,505949,218673,15.85,src-bfb4e7fb9785
IN-PC-2008-west-bengal-eci23,west-bengal,2024,Kolkata Dakshin,1850115,1244540,67.27,MALA ROY,parties.IN.AITC,AITC,615274,49.74,DEBASREE CHAUDHURI,parties.IN.BJP,BJP,428043,187231,15.14,src-bfb4e7fb9785
IN-PC-2008-west-bengal-eci24,west-bengal,2024,Kolkata Uttar,1505686,958556,63.66,BANDYOPADHYAY SUDIP,parties.IN.AITC,AITC,454696,47.94,TAPAS ROY,parties.IN.BJP,BJP,362136,92560,9.76,src-bfb4e7fb9785
