entity_id,state,election_year,constituency_no,constituency_name,candidate_name,party_id,party_short_raw,votes,vote_share_pct,position,result,sex,age,education,profession,candidate_type,source_id
IN-AC-1976-chhattisgarh-1,chhattisgarh,2003,1,MANENDRAGARH,GULAB SINGH,parties.IN.INC,INC,41515,36.86,1,won,U,,,,challenger,src-1b7bc1c9d39a
IN-AC-1976-chhattisgarh-1,chhattisgarh,2003,1,MANENDRAGARH,RAM LAKHAN SINGH,parties.IN.BJP,BJP,33989,30.18,2,lost,U,,,,challenger,src-1b7bc1c9d39a
IN-AC-1976-chhattisgarh-1,chhattisgarh,2003,1,MANENDRAGARH,DR. L.S. UDAY,parties.IN.GGP,GGP,12615,11.2,3,forfeit,U,,,,challenger,src-1b7bc1c9d39a
IN-AC-1976-chhattisgarh-1,chhattisgarh,2003,1,MANENDRAGARH,CHHOTE LAL,parties.IN.NCP,NCP,10448,9.28,4,forfeit,U,,,,challenger,src-1b7bc1c9d39a
IN-AC-1976-chhattisgarh-1,chhattisgarh,2003,1,MANENDRAGARH,VIMAL KUMAR,parties.IN.IND,IND,4898,4.35,5,forfeit,U,,,,challenger,src-1b7bc1c9d39a
IN-AC-1976-chhattisgarh-1,chhattisgarh,2003,1,MANENDRAGARH,DRIGPAL SINGH UIKAY,parties.IN.BSP,BSP,2760,2.45,6,forfeit,U,,,,challenger,src-1b7bc1c9d39a
IN-AC-1976-chhattisgarh-1,chhattisgarh,2003,1,MANENDRAGARH,MAN SINGH,parties.IN.IND,IND,1667,1.48,7,forfeit,U,,,,challenger,src-1b7bc1c9d39a
IN-AC-1976-chhattisgarh-1,chhattisgarh,2003,1,MANENDRAGARH,BHAGWAN SINGH,parties.IN.SP,SP,1475,1.31,8,forfeit,U,,,,challenger,src-1b7bc1c9d39a
IN-AC-1976-chhattisgarh-1,chhattisgarh,2003,1,MANENDRAGARH,BUDDHSEN SINGH,parties.IN.JDU,JD(U),1236,1.1,9,forfeit,U,,,,challenger,src-1b7bc1c9d39a
IN-AC-1976-chhattisgarh-1,chhattisgarh,2003,1,MANENDRAGARH,GAMBHIR SINGH,parties.IN.LSWP,LSWP,1026,0.91,10,forfeit,U,,,,challenger,src-1b7bc1c9d39a
IN-AC-1976-chhattisgarh-1,chhattisgarh,2003,1,MANENDRAGARH,SAMAY LAL GURUJI,parties.IN.LJNSP,LJNSP,998,0.89,11,forfeit,U,,,,challenger,src-1b7bc1c9d39a
IN-AC-1976-chhattisgarh-2,chhattisgarh,2003,2,BAIKUNTHPUR,DR. RAM CHANDRA SINGH DEV,parties.IN.INC,INC,51107,41.92,1,won,U,,,,challenger,src-1b7bc1c9d39a
IN-AC-1976-chhattisgarh-2,chhattisgarh,2003,2,BAIKUNTHPUR,BHAIYA LAL RAJWADE,parties.IN.BJP,BJP,43137,35.39,2,lost,U,,,,challenger,src-1b7bc1c9d39a
IN-AC-1976-chhattisgarh-2,chhattisgarh,2003,2,BAIKUNTHPUR,PRAKASH TIWARI,parties.IN.NCP,NCP,10319,8.46,3,forfeit,U,,,,challenger,src-1b7bc1c9d39a
IN-AC-1976-chhattisgarh-2,chhattisgarh,2003,2,BAIKUNTHPUR,KAMLESHWAR PRASAD,parties.IN.GGP,GGP,5694,4.67,4,forfeit,U,,,,challenger,src-1b7bc1c9d39a
IN-AC-1976-chhattisgarh-2,chhattisgarh,2003,2,BAIKUNTHPUR,D.L.BHASKAR,parties.IN.BSP,BSP,3844,3.15,5,forfeit,U,,,,challenger,src-1b7bc1c9d39a
IN-AC-1976-chhattisgarh-2,chhattisgarh,2003,2,BAIKUNTHPUR,HEERA LAL,parties.IN.IND,IND,2763,2.27,6,forfeit,U,,,,challenger,src-1b7bc1c9d39a
IN-AC-1976-chhattisgarh-2,chhattisgarh,2003,2,BAIKUNTHPUR,BALBHADRA PANDEY,parties.IN.CPIM,CPM,1703,1.4,7,forfeit,U,,,,challenger,src-1b7bc1c9d39a
IN-AC-1976-chhattisgarh-2,chhattisgarh,2003,2,BAIKUNTHPUR,PT. ANIL 'MAHRAJ',parties.IN.IND,IND,1358,1.11,8,forfeit,U,,,,challenger,src-1b7bc1c9d39a
IN-AC-1976-chhattisgarh-2,chhattisgarh,2003,2,BAIKUNTHPUR,MANI LAL RAJWADE,parties.IN.SP,SP,1077,0.88,9,forfeit,U,,,,challenger,src-1b7bc1c9d39a
IN-AC-1976-chhattisgarh-2,chhattisgarh,2003,2,BAIKUNTHPUR,KRISHANA SINGH BABA,parties.IN.IND,IND,901,0.74,10,forfeit,U,,,,challenger,src-1b7bc1c9d39a
IN-AC-1976-chhattisgarh-3,chhattisgarh,2003,3,PREMNAGAR,RENUKA SINGH,parties.IN.BJP,BJP,48363,49.9,1,won,U,,,,challenger,src-1b7bc1c9d39a
IN-AC-1976-chhattisgarh-3,chhattisgarh,2003,3,PREMNAGAR,TULESHWAR SINGH,parties.IN.INC,INC,30611,31.59,2,lost,U,,,,incumbent,src-1b7bc1c9d39a
IN-AC-1976-chhattisgarh-3,chhattisgarh,2003,3,PREMNAGAR,RAM MANOHAR SINGH,parties.IN.GGP,GGP,6068,6.26,3,forfeit,U,,,,challenger,src-1b7bc1c9d39a
IN-AC-1976-chhattisgarh-3,chhattisgarh,2003,3,PREMNAGAR,CHANDAN SINGH,parties.IN.NCP,NCP,5345,5.52,4,forfeit,U,,,,challenger,src-1b7bc1c9d39a
IN-AC-1976-chhattisgarh-3,chhattisgarh,2003,3,PREMNAGAR,SETAN SINGH,parties.IN.IND,IND,3586,3.7,5,forfeit,U,,,,challenger,src-1b7bc1c9d39a
IN-AC-1976-chhattisgarh-3,chhattisgarh,2003,3,PREMNAGAR,BUDHIMAN SINGH,parties.IN.SP,SP,2941,3.03,6,forfeit,U,,,,challenger,src-1b7bc1c9d39a
IN-AC-1976-chhattisgarh-4,chhattisgarh,2003,4,SURAJPUR,SHIV PRATAP SINGH,parties.IN.BJP,BJP,51228,53.66,1,won,U,,,,challenger,src-1b7bc1c9d39a
IN-AC-1976-chhattisgarh-4,chhattisgarh,2003,4,SURAJPUR,BHANU PRATAP SINGH,parties.IN.INC,INC,23717,24.84,2,lost,U,,,,challenger,src-1b7bc1c9d39a
IN-AC-1976-chhattisgarh-4,chhattisgarh,2003,4,SURAJPUR,SANTLAL SINGH,parties.IN.IND,IND,9417,9.86,3,forfeit,U,,,,challenger,src-1b7bc1c9d39a
IN-AC-1976-chhattisgarh-4,chhattisgarh,2003,4,SURAJPUR,SHIV BACHAN,parties.IN.NCP,NCP,3876,4.06,4,forfeit,U,,,,challenger,src-1b7bc1c9d39a
IN-AC-1976-chhattisgarh-4,chhattisgarh,2003,4,SURAJPUR,SOMARU SINGH,parties.IN.SP,SP,3586,3.76,5,forfeit,U,,,,challenger,src-1b7bc1c9d39a
IN-AC-1976-chhattisgarh-4,chhattisgarh,2003,4,SURAJPUR,DEO NARAYAN,parties.IN.IND,IND,1693,1.77,6,forfeit,U,,,,challenger,src-1b7bc1c9d39a
IN-AC-1976-chhattisgarh-4,chhattisgarh,2003,4,SURAJPUR,JAINATH SINGH,parties.IN.GGP,GGP,1116,1.17,7,forfeit,U,,,,challenger,src-1b7bc1c9d39a
IN-AC-1976-chhattisgarh-4,chhattisgarh,2003,4,SURAJPUR,KHEMRAJ SINGH,parties.IN.IND,IND,840,0.88,8,forfeit,U,,,,challenger,src-1b7bc1c9d39a
IN-AC-1976-chhattisgarh-5,chhattisgarh,2003,5,PAL,RAMVICHAR NETAAM,parties.IN.BJP,BJP,36309,33.67,1,won,U,,,,incumbent,src-1b7bc1c9d39a
IN-AC-1976-chhattisgarh-5,chhattisgarh,2003,5,PAL,BRIHASPAT SINGH,parties.IN.IND,IND,26096,24.2,2,lost,U,,,,challenger,src-1b7bc1c9d39a
IN-AC-1976-chhattisgarh-5,chhattisgarh,2003,5,PAL,RAMSAGAR,parties.IN.INC,INC,18979,17.6,3,lost,U,,,,challenger,src-1b7bc1c9d39a
IN-AC-1976-chhattisgarh-5,chhattisgarh,2003,5,PAL,DEO SAI,parties.IN.NCP,NCP,13068,12.12,4,forfeit,U,,,,challenger,src-1b7bc1c9d39a
IN-AC-1976-chhattisgarh-5,chhattisgarh,2003,5,PAL,MUNSHI RAM,parties.IN.IND,IND,4509,4.18,5,forfeit,U,,,,challenger,src-1b7bc1c9d39a
IN-AC-1976-chhattisgarh-5,chhattisgarh,2003,5,PAL,HARIKESWAR SINGH MARKAM,parties.IN.CPI,CPI,3985,3.7,6,forfeit,U,,,,challenger,src-1b7bc1c9d39a
IN-AC-1976-chhattisgarh-5,chhattisgarh,2003,5,PAL,AKHILESH KUMAR,parties.IN.IND,IND,1852,1.72,7,forfeit,U,,,,challenger,src-1b7bc1c9d39a
IN-AC-1976-chhattisgarh-5,chhattisgarh,2003,5,PAL,ASHA DEVI,parties.IN.GGP,GGP,1544,1.43,8,forfeit,U,,,,challenger,src-1b7bc1c9d39a
IN-AC-1976-chhattisgarh-5,chhattisgarh,2003,5,PAL,MIKHAEL EKKA,parties.IN.SP,SP,1495,1.39,9,forfeit,U,,,,challenger,src-1b7bc1c9d39a
IN-AC-1976-chhattisgarh-6,chhattisgarh,2003,6,SAMRI,SIDHANATH,parties.IN.BJP,BJP,31878,42.31,1,won,U,,,,challenger,src-1b7bc1c9d39a
IN-AC-1976-chhattisgarh-6,chhattisgarh,2003,6,SAMRI,MAHESWAR PAIKARA,parties.IN.INC,INC,18496,24.55,2,lost,U,,,,challenger,src-1b7bc1c9d39a
IN-AC-1976-chhattisgarh-6,chhattisgarh,2003,6,SAMRI,PARASNATH,parties.IN.NCP,NCP,9669,12.83,3,forfeit,U,,,,challenger,src-1b7bc1c9d39a
IN-AC-1976-chhattisgarh-6,chhattisgarh,2003,6,SAMRI,JEGMANI DEVI,parties.IN.CPI,CPI,5252,6.97,4,forfeit,U,,,,crossover,src-1b7bc1c9d39a
IN-AC-1976-chhattisgarh-6,chhattisgarh,2003,6,SAMRI,SOMNATH BHAGAT,parties.IN.IND,IND,2544,3.38,5,forfeit,U,,,,challenger,src-1b7bc1c9d39a
IN-AC-1976-chhattisgarh-6,chhattisgarh,2003,6,SAMRI,SHIVBHAROS LAKARA,parties.IN.IND,IND,1748,2.32,6,forfeit,U,,,,challenger,src-1b7bc1c9d39a
IN-AC-1976-chhattisgarh-6,chhattisgarh,2003,6,SAMRI,TARKESHWAR,parties.IN.SP,SP,1620,2.15,7,forfeit,U,,,,challenger,src-1b7bc1c9d39a
IN-AC-1976-chhattisgarh-6,chhattisgarh,2003,6,SAMRI,BIRENDRA,parties.IN.IND,IND,1394,1.85,8,forfeit,U,,,,challenger,src-1b7bc1c9d39a
IN-AC-1976-chhattisgarh-6,chhattisgarh,2003,6,SAMRI,DINESH KUMAR KUJUR,parties.IN.IND,IND,1255,1.67,9,forfeit,U,,,,challenger,src-1b7bc1c9d39a
IN-AC-1976-chhattisgarh-6,chhattisgarh,2003,6,SAMRI,PRABHA BHAGAT,parties.IN.IND,IND,767,1.02,10,forfeit,U,,,,challenger,src-1b7bc1c9d39a
IN-AC-1976-chhattisgarh-6,chhattisgarh,2003,6,SAMRI,JILESHWAR RAM,parties.IN.IND,IND,716,0.95,11,forfeit,U,,,,challenger,src-1b7bc1c9d39a
IN-AC-1976-chhattisgarh-7,chhattisgarh,2003,7,LUNDRA,VIJAYA NATH,parties.IN.BJP,BJP,34357,35.03,1,won,U,,,,challenger,src-1b7bc1c9d39a
IN-AC-1976-chhattisgarh-7,chhattisgarh,2003,7,LUNDRA,RAMDEV RAM,parties.IN.INC,INC,34315,34.98,2,lost,U,,,,challenger,src-1b7bc1c9d39a
IN-AC-1976-chhattisgarh-7,chhattisgarh,2003,7,LUNDRA,RAM JIWAN,parties.IN.CPI,CPI,10862,11.07,3,forfeit,U,,,,challenger,src-1b7bc1c9d39a
IN-AC-1976-chhattisgarh-7,chhattisgarh,2003,7,LUNDRA,BHOLA SINGH,parties.IN.NCP,NCP,8994,9.17,4,forfeit,U,,,,challenger,src-1b7bc1c9d39a
IN-AC-1976-chhattisgarh-7,chhattisgarh,2003,7,LUNDRA,VISWANATH,parties.IN.IND,IND,4205,4.29,5,forfeit,U,,,,challenger,src-1b7bc1c9d39a
IN-AC-1976-chhattisgarh-7,chhattisgarh,2003,7,LUNDRA,DOMANIK,parties.IN.SP,SP,3427,3.49,6,forfeit,U,,,,challenger,src-1b7bc1c9d39a
IN-AC-1976-chhattisgarh-7,chhattisgarh,2003,7,LUNDRA,RAMCHAL,parties.IN.JMM,JMM,1926,1.96,7,forfeit,U,,,,challenger,src-1b7bc1c9d39a
IN-AC-1976-chhattisgarh-8,chhattisgarh,2003,8,PILKHA,RAMSEWAK PAIKRA,parties.IN.BJP,BJP,59967,51.31,1,won,U,,,,challenger,src-1b7bc1c9d39a
IN-AC-1976-chhattisgarh-8,chhattisgarh,2003,8,PILKHA,PREM SAI,parties.IN.INC,INC,39466,33.77,2,lost,U,,,,incumbent,src-1b7bc1c9d39a
IN-AC-1976-chhattisgarh-8,chhattisgarh,2003,8,PILKHA,BIRBAL,parties.IN.CPI,CPI,3872,3.31,3,forfeit,U,,,,challenger,src-1b7bc1c9d39a
IN-AC-1976-chhattisgarh-8,chhattisgarh,2003,8,PILKHA,MAHENDRA PRASAD,parties.IN.IND,IND,3400,2.91,4,forfeit,U,,,,challenger,src-1b7bc1c9d39a
IN-AC-1976-chhattisgarh-8,chhattisgarh,2003,8,PILKHA,BAL SINGH,parties.IN.CPIM,CPM,3397,2.91,5,forfeit,U,,,,challenger,src-1b7bc1c9d39a
IN-AC-1976-chhattisgarh-8,chhattisgarh,2003,8,PILKHA,DUBRAJ SINGH,parties.IN.GGP,GGP,2246,1.92,6,forfeit,U,,,,challenger,src-1b7bc1c9d39a
IN-AC-1976-chhattisgarh-8,chhattisgarh,2003,8,PILKHA,RAGHUWAR,parties.IN.NCP,NCP,1795,1.54,7,forfeit,U,,,,challenger,src-1b7bc1c9d39a
IN-AC-1976-chhattisgarh-8,chhattisgarh,2003,8,PILKHA,NARENDRA KUMAR SINGH,parties.IN.IND,IND,1184,1.01,8,forfeit,U,,,,challenger,src-1b7bc1c9d39a
IN-AC-1976-chhattisgarh-8,chhattisgarh,2003,8,PILKHA,BERNADET JOSEPH,parties.IN.JMM,JMM,860,0.74,9,forfeit,U,,,,challenger,src-1b7bc1c9d39a
IN-AC-1976-chhattisgarh-8,chhattisgarh,2003,8,PILKHA,CHANDA,parties.IN.IND,IND,687,0.59,10,forfeit,U,,,,challenger,src-1b7bc1c9d39a
IN-AC-1976-chhattisgarh-9,chhattisgarh,2003,9,AMBIKAPUR,KAMAL BHAN SINGH,parties.IN.BJP,BJP,65812,53.35,1,won,U,,,,challenger,src-1b7bc1c9d39a
IN-AC-1976-chhattisgarh-9,chhattisgarh,2003,9,AMBIKAPUR,MADAN GOPAL SINGH,parties.IN.INC,INC,28590,23.18,2,lost,U,,,,incumbent,src-1b7bc1c9d39a
IN-AC-1976-chhattisgarh-9,chhattisgarh,2003,9,AMBIKAPUR,PRABODH MINJ,parties.IN.NCP,NCP,14568,11.81,3,forfeit,U,,,,challenger,src-1b7bc1c9d39a
IN-AC-1976-chhattisgarh-9,chhattisgarh,2003,9,AMBIKAPUR,GURUSHARAN SINGH PAINKARA,parties.IN.BSP,BSP,4011,3.25,4,forfeit,U,,,,challenger,src-1b7bc1c9d39a
IN-AC-1976-chhattisgarh-9,chhattisgarh,2003,9,AMBIKAPUR,SMT FULESWARI SINGH,parties.IN.IND,IND,3935,3.19,5,forfeit,U,,,,challenger,src-1b7bc1c9d39a
IN-AC-1976-chhattisgarh-9,chhattisgarh,2003,9,AMBIKAPUR,GANJHA RAM THAKUR,parties.IN.SP,SP,2977,2.41,6,forfeit,U,,,,challenger,src-1b7bc1c9d39a
IN-AC-1976-chhattisgarh-9,chhattisgarh,2003,9,AMBIKAPUR,BANSIDHAR URAWAN,parties.IN.JMM,JMM,1406,1.14,7,forfeit,U,,,,challenger,src-1b7bc1c9d39a
IN-AC-1976-chhattisgarh-9,chhattisgarh,2003,9,AMBIKAPUR,DEVNARAYAN SINGH,parties.IN.IND,IND,1069,0.87,8,forfeit,U,,,,challenger,src-1b7bc1c9d39a
IN-AC-1976-chhattisgarh-9,chhattisgarh,2003,9,AMBIKAPUR,PRAVEEN KUMAR,parties.IN.IND,IND,995,0.81,9,forfeit,U,,,,challenger,src-1b7bc1c9d39a
IN-AC-1976-chhattisgarh-10,chhattisgarh,2003,10,SITAPUR,AMARJEET,parties.IN.INC,INC,35369,42.63,1,won,U,,,,challenger,src-1b7bc1c9d39a
IN-AC-1976-chhattisgarh-10,chhattisgarh,2003,10,SITAPUR,RAJA RAM BHAGAT,parties.IN.BJP,BJP,30267,36.48,2,lost,U,,,,challenger,src-1b7bc1c9d39a
IN-AC-1976-chhattisgarh-10,chhattisgarh,2003,10,SITAPUR,AMAR SINGH,parties.IN.NCP,NCP,9037,10.89,3,forfeit,U,,,,challenger,src-1b7bc1c9d39a
IN-AC-1976-chhattisgarh-10,chhattisgarh,2003,10,SITAPUR,FUL SAI LAKRA,parties.IN.IND,IND,3083,3.72,4,forfeit,U,,,,challenger,src-1b7bc1c9d39a
IN-AC-1976-chhattisgarh-10,chhattisgarh,2003,10,SITAPUR,BHUNESWAR SINGH PAINKARA,parties.IN.SP,SP,1575,1.9,5,forfeit,U,,,,challenger,src-1b7bc1c9d39a
IN-AC-1976-chhattisgarh-10,chhattisgarh,2003,10,SITAPUR,NET RAM,parties.IN.IND,IND,1547,1.86,6,forfeit,U,,,,challenger,src-1b7bc1c9d39a
IN-AC-1976-chhattisgarh-10,chhattisgarh,2003,10,SITAPUR,AALAM SAI GHICHHA MANJHI,parties.IN.IND,IND,1294,1.56,7,forfeit,U,,,,challenger,src-1b7bc1c9d39a
IN-AC-1976-chhattisgarh-10,chhattisgarh,2003,10,SITAPUR,SHIRACHAND,parties.IN.JMM,JMM,789,0.95,8,forfeit,U,,,,challenger,src-1b7bc1c9d39a
IN-AC-1976-chhattisgarh-11,chhattisgarh,2003,11,BAGICHA,GANESH RAM BHAGAT,parties.IN.BJP,BJP,43846,50.27,1,won,U,,,,incumbent,src-1b7bc1c9d39a
IN-AC-1976-chhattisgarh-11,chhattisgarh,2003,11,BAGICHA,ANAND LAL KUJUR,parties.IN.INC,INC,33274,38.15,2,lost,U,,,,challenger,src-1b7bc1c9d39a
IN-AC-1976-chhattisgarh-11,chhattisgarh,2003,11,BAGICHA,RAM MUNI,parties.IN.IND,IND,2456,2.82,3,forfeit,U,,,,challenger,src-1b7bc1c9d39a
IN-AC-1976-chhattisgarh-11,chhattisgarh,2003,11,BAGICHA,JOWAKIM,parties.IN.NCP,NCP,1996,2.29,4,forfeit,U,,,,challenger,src-1b7bc1c9d39a
IN-AC-1976-chhattisgarh-11,chhattisgarh,2003,11,BAGICHA,HEMLATA,parties.IN.BSP,BSP,1857,2.13,5,forfeit,U,,,,challenger,src-1b7bc1c9d39a
IN-AC-1976-chhattisgarh-11,chhattisgarh,2003,11,BAGICHA,INJOR SAI,parties.IN.IND,IND,1290,1.48,6,forfeit,U,,,,challenger,src-1b7bc1c9d39a
IN-AC-1976-chhattisgarh-11,chhattisgarh,2003,11,BAGICHA,JEEVAN,parties.IN.IND,IND,1132,1.3,7,forfeit,U,,,,challenger,src-1b7bc1c9d39a
IN-AC-1976-chhattisgarh-11,chhattisgarh,2003,11,BAGICHA,ANDHERIAS,parties.IN.IND,IND,797,0.91,8,forfeit,U,,,,challenger,src-1b7bc1c9d39a
IN-AC-1976-chhattisgarh-11,chhattisgarh,2003,11,BAGICHA,RAMVRISHA,parties.IN.JMM,JMM,576,0.66,9,forfeit,U,,,,challenger,src-1b7bc1c9d39a
IN-AC-1976-chhattisgarh-12,chhattisgarh,2003,12,JASHPUR,RAJ SHARAN BHAGAT,parties.IN.BJP,BJP,45295,50.24,1,won,U,,,,challenger,src-1b7bc1c9d39a
IN-AC-1976-chhattisgarh-12,chhattisgarh,2003,12,JASHPUR,VIKARAM BHAGAT,parties.IN.INC,INC,35732,39.63,2,lost,U,,,,incumbent,src-1b7bc1c9d39a
IN-AC-1976-chhattisgarh-12,chhattisgarh,2003,12,JASHPUR,MANOHAR MINJ,parties.IN.NCP,NCP,3320,3.68,3,forfeit,U,,,,challenger,src-1b7bc1c9d39a
IN-AC-1976-chhattisgarh-12,chhattisgarh,2003,12,JASHPUR,ANANT DAN MINJ,parties.IN.IND,IND,2050,2.27,4,forfeit,U,,,,challenger,src-1b7bc1c9d39a
IN-AC-1976-chhattisgarh-12,chhattisgarh,2003,12,JASHPUR,SUBHASH,parties.IN.BSP,BSP,1709,1.9,5,forfeit,U,,,,challenger,src-1b7bc1c9d39a
IN-AC-1976-chhattisgarh-12,chhattisgarh,2003,12,JASHPUR,TULSI BAIGA,parties.IN.GGP,GGP,1041,1.15,6,forfeit,U,,,,challenger,src-1b7bc1c9d39a
IN-AC-1976-chhattisgarh-12,chhattisgarh,2003,12,JASHPUR,JAIPRAKASH,parties.IN.JMM,JMM,1019,1.13,7,forfeit,U,,,,challenger,src-1b7bc1c9d39a
IN-AC-1976-chhattisgarh-13,chhattisgarh,2003,13,TAPKARA,BHARAT SAI,parties.IN.BJP,BJP,42213,48.43,1,won,U,,,,challenger,src-1b7bc1c9d39a
IN-AC-1976-chhattisgarh-13,chhattisgarh,2003,13,TAPKARA,MOHAN SAI,parties.IN.INC,INC,28622,32.84,2,lost,U,,,,challenger,src-1b7bc1c9d39a
IN-AC-1976-chhattisgarh-13,chhattisgarh,2003,13,TAPKARA,JOLPHOLHEM,parties.IN.IND,IND,8284,9.5,3,forfeit,U,,,,challenger,src-1b7bc1c9d39a
IN-AC-1976-chhattisgarh-13,chhattisgarh,2003,13,TAPKARA,THEODOR,parties.IN.BSP,BSP,3982,4.57,4,forfeit,U,,,,challenger,src-1b7bc1c9d39a
IN-AC-1976-chhattisgarh-13,chhattisgarh,2003,13,TAPKARA,MEGHNATH SAI,parties.IN.NCP,NCP,2234,2.56,5,forfeit,U,,,,challenger,src-1b7bc1c9d39a
IN-AC-1976-chhattisgarh-13,chhattisgarh,2003,13,TAPKARA,PARMANAND,parties.IN.JMM,JMM,1823,2.09,6,forfeit,U,,,,challenger,src-1b7bc1c9d39a
IN-AC-1976-chhattisgarh-14,chhattisgarh,2003,14,PATHALGAON,RAMPUKAR SINGH,parties.IN.INC,INC,37205,38.21,1,won,U,,,,incumbent,src-1b7bc1c9d39a
IN-AC-1976-chhattisgarh-14,chhattisgarh,2003,14,PATHALGAON,VISHNUDEV SAI,parties.IN.BJP,BJP,36888,37.89,2,lost,U,,,,challenger,src-1b7bc1c9d39a
IN-AC-1976-chhattisgarh-14,chhattisgarh,2003,14,PATHALGAON,NEHRU LAKDA,parties.IN.NCP,NCP,12314,12.65,3,forfeit,U,,,,challenger,src-1b7bc1c9d39a
IN-AC-1976-chhattisgarh-14,chhattisgarh,2003,14,PATHALGAON,AMRIT,parties.IN.SP,SP,6657,6.84,4,forfeit,U,,,,challenger,src-1b7bc1c9d39a
IN-AC-1976-chhattisgarh-14,chhattisgarh,2003,14,PATHALGAON,PURAN SINGH,parties.IN.IND,IND,4302,4.42,5,forfeit,U,,,,challenger,src-1b7bc1c9d39a
IN-AC-1976-chhattisgarh-15,chhattisgarh,2003,15,DHARAMJAIGARH,OM PRAKASH RATHIA,parties.IN.BJP,BJP,50148,49.62,1,won,U,,,,challenger,src-1b7bc1c9d39a
IN-AC-1976-chhattisgarh-15,chhattisgarh,2003,15,DHARAMJAIGARH,CHANESH RAM RATHIA,parties.IN.INC,INC,34530,34.16,2,lost,U,,,,incumbent,src-1b7bc1c9d39a
IN-AC-1976-chhattisgarh-15,chhattisgarh,2003,15,DHARAMJAIGARH,SHYAM SUNDER RATHIA,parties.IN.NCP,NCP,5640,5.58,3,forfeit,U,,,,challenger,src-1b7bc1c9d39a
IN-AC-1976-chhattisgarh-15,chhattisgarh,2003,15,DHARAMJAIGARH,SADHU RAM RATHIA,parties.IN.IND,IND,5048,4.99,4,forfeit,U,,,,challenger,src-1b7bc1c9d39a
IN-AC-1976-chhattisgarh-15,chhattisgarh,2003,15,DHARAMJAIGARH,BALAK RAM RATHIA,parties.IN.IND,IND,2242,2.22,5,forfeit,U,,,,challenger,src-1b7bc1c9d39a
IN-AC-1976-chhattisgarh-15,chhattisgarh,2003,15,DHARAMJAIGARH,HARICHAND,parties.IN.GGP,GGP,2162,2.14,6,forfeit,U,,,,challenger,src-1b7bc1c9d39a
IN-AC-1976-chhattisgarh-15,chhattisgarh,2003,15,DHARAMJAIGARH,JALINDHAR RATHIA,parties.IN.CSP,CSP,1301,1.29,7,forfeit,U,,,,challenger,src-1b7bc1c9d39a
IN-AC-1976-chhattisgarh-16,chhattisgarh,2003,16,LAILUNGA,SATYANAND RATHIA,parties.IN.BJP,BJP,41165,43.77,1,won,U,,,,challenger,src-1b7bc1c9d39a
IN-AC-1976-chhattisgarh-16,chhattisgarh,2003,16,LAILUNGA,PREM SINGH SIDAR,parties.IN.INC,INC,35275,37.51,2,lost,U,,,,incumbent,src-1b7bc1c9d39a
IN-AC-1976-chhattisgarh-16,chhattisgarh,2003,16,LAILUNGA,CHAIT RAM,parties.IN.IND,IND,4859,5.17,3,forfeit,U,,,,challenger,src-1b7bc1c9d39a
IN-AC-1976-chhattisgarh-16,chhattisgarh,2003,16,LAILUNGA,AKABAR SINGH SIDAR JAGAT,parties.IN.IND,IND,3909,4.16,4,forfeit,U,,,,challenger,src-1b7bc1c9d39a
IN-AC-1976-chhattisgarh-16,chhattisgarh,2003,16,LAILUNGA,RAM PRASAD PAIKARA,parties.IN.NCP,NCP,3796,4.04,5,forfeit,U,,,,challenger,src-1b7bc1c9d39a
IN-AC-1976-chhattisgarh-16,chhattisgarh,2003,16,LAILUNGA,GOVIND SINGH NETI,parties.IN.GGP,GGP,3069,3.26,6,forfeit,U,,,,challenger,src-1b7bc1c9d39a
IN-AC-1976-chhattisgarh-16,chhattisgarh,2003,16,LAILUNGA,SHASHI BHUSHAN,parties.IN.SP,SP,1980,2.11,7,forfeit,U,,,,challenger,src-1b7bc1c9d39a
IN-AC-1976-chhattisgarh-17,chhattisgarh,2003,17,RAIGARH,VIJAY AGRAWAL,parties.IN.BJP,BJP,52310,46.55,1,won,U,,,,challenger,src-1b7bc1c9d39a
IN-AC-1976-chhattisgarh-17,chhattisgarh,2003,17,RAIGARH,KRISHNA KUMAR,parties.IN.INC,INC,43871,39.04,2,lost,U,,,,incumbent,src-1b7bc1c9d39a
IN-AC-1976-chhattisgarh-17,chhattisgarh,2003,17,RAIGARH,SANTOSH RAI,parties.IN.NCP,NCP,6522,5.8,3,forfeit,U,,,,challenger,src-1b7bc1c9d39a
IN-AC-1976-chhattisgarh-17,chhattisgarh,2003,17,RAIGARH,PT. KESHAVA PRASAD MISHRA,parties.IN.BSP,BSP,3617,3.22,4,forfeit,U,,,,challenger,src-1b7bc1c9d39a
IN-AC-1976-chhattisgarh-17,chhattisgarh,2003,17,RAIGARH,VIJAY BHAIYA,parties.IN.IND,IND,1799,1.6,5,forfeit,U,,,,challenger,src-1b7bc1c9d39a
IN-AC-1976-chhattisgarh-17,chhattisgarh,2003,17,RAIGARH,RAM KUMAR,parties.IN.IND,IND,1589,1.41,6,forfeit,U,,,,challenger,src-1b7bc1c9d39a
IN-AC-1976-chhattisgarh-17,chhattisgarh,2003,17,RAIGARH,RAZZAQ SABARI,parties.IN.IND,IND,955,0.85,7,forfeit,U,,,,challenger,src-1b7bc1c9d39a
IN-AC-1976-chhattisgarh-17,chhattisgarh,2003,17,RAIGARH,JEVAN LAL,parties.IN.SP,SP,482,0.43,8,forfeit,U,,,,challenger,src-1b7bc1c9d39a
IN-AC-1976-chhattisgarh-17,chhattisgarh,2003,17,RAIGARH,NATWAR LAL DEWANGAN,parties.IN.CSP,CSP,435,0.39,9,forfeit,U,,,,challenger,src-1b7bc1c9d39a
IN-AC-1976-chhattisgarh-17,chhattisgarh,2003,17,RAIGARH,JAGAN PRASAD,parties.IN.IND,IND,430,0.38,10,forfeit,U,,,,challenger,src-1b7bc1c9d39a
IN-AC-1976-chhattisgarh-17,chhattisgarh,2003,17,RAIGARH,KAMRISH SINGH,parties.IN.IND,IND,358,0.32,11,forfeit,U,,,,challenger,src-1b7bc1c9d39a
IN-AC-1976-chhattisgarh-18,chhattisgarh,2003,18,KHARSIA,NAND KUMAR PATEL,parties.IN.INC,INC,70433,61.06,1,won,U,,,,incumbent,src-1b7bc1c9d39a
IN-AC-1976-chhattisgarh-18,chhattisgarh,2003,18,KHARSIA,LAXMI PRASAD PATEL,parties.IN.BJP,BJP,37665,32.65,2,lost,U,,,,challenger,src-1b7bc1c9d39a
IN-AC-1976-chhattisgarh-18,chhattisgarh,2003,18,KHARSIA,VISHNU TIWARI,parties.IN.NCP,NCP,2476,2.15,3,forfeit,U,,,,challenger,src-1b7bc1c9d39a
IN-AC-1976-chhattisgarh-18,chhattisgarh,2003,18,KHARSIA,HARI LAL PATEL,parties.IN.IND,IND,2397,2.08,4,forfeit,U,,,,challenger,src-1b7bc1c9d39a
IN-AC-1976-chhattisgarh-18,chhattisgarh,2003,18,KHARSIA,SHANT KUMAR,parties.IN.IND,IND,1410,1.22,5,forfeit,U,,,,challenger,src-1b7bc1c9d39a
IN-AC-1976-chhattisgarh-18,chhattisgarh,2003,18,KHARSIA,BHAIYA LAL,parties.IN.GGP,GGP,545,0.47,6,forfeit,U,,,,challenger,src-1b7bc1c9d39a
IN-AC-1976-chhattisgarh-18,chhattisgarh,2003,18,KHARSIA,UJAGAR LAL VARMA,parties.IN.IND,IND,429,0.37,7,forfeit,U,,,,challenger,src-1b7bc1c9d39a
IN-AC-1976-chhattisgarh-19,chhattisgarh,2003,19,SARIA,DR. SHAKAJEET NAYAK,parties.IN.INC,INC,39962,37.84,1,won,U,,,,incumbent,src-1b7bc1c9d39a
IN-AC-1976-chhattisgarh-19,chhattisgarh,2003,19,SARIA,VIRAJESHWAR PRADHAN,parties.IN.IND,IND,21669,20.52,2,lost,U,,,,challenger,src-1b7bc1c9d39a
IN-AC-1976-chhattisgarh-19,chhattisgarh,2003,19,SARIA,JAGANATH PANIGRAHI,parties.IN.BJP,BJP,19305,18.28,3,lost,U,,,,challenger,src-1b7bc1c9d39a
IN-AC-1976-chhattisgarh-19,chhattisgarh,2003,19,SARIA,DR. PARIVESH MISHRA,parties.IN.NCP,NCP,9235,8.74,4,forfeit,U,,,,challenger,src-1b7bc1c9d39a
IN-AC-1976-chhattisgarh-19,chhattisgarh,2003,19,SARIA,NEM CHAND AGRAWAL,parties.IN.IND,IND,6245,5.91,5,forfeit,U,,,,challenger,src-1b7bc1c9d39a
IN-AC-1976-chhattisgarh-19,chhattisgarh,2003,19,SARIA,JAWAHAR LAL,parties.IN.IND,IND,4539,4.3,6,forfeit,U,,,,challenger,src-1b7bc1c9d39a
IN-AC-1976-chhattisgarh-19,chhattisgarh,2003,19,SARIA,TATHAGAT SHRIVASTAVA,parties.IN.JDU,JD(U),2103,1.99,7,forfeit,U,,,,challenger,src-1b7bc1c9d39a
IN-AC-1976-chhattisgarh-19,chhattisgarh,2003,19,SARIA,NANDE RAM,parties.IN.IND,IND,1563,1.48,8,forfeit,U,,,,challenger,src-1b7bc1c9d39a
IN-AC-1976-chhattisgarh-19,chhattisgarh,2003,19,SARIA,ROHIT KUMAR,parties.IN.CSP,CSP,568,0.54,9,forfeit,U,,,,challenger,src-1b7bc1c9d39a
IN-AC-1976-chhattisgarh-19,chhattisgarh,2003,19,SARIA,DAYARAM,parties.IN.SP,SP,430,0.41,10,forfeit,U,,,,challenger,src-1b7bc1c9d39a
IN-AC-1976-chhattisgarh-20,chhattisgarh,2003,20,SARANGARH,KU. KAMDA JOLHE,parties.IN.BSP,BSP,32577,33.12,1,won,U,,,,challenger,src-1b7bc1c9d39a
IN-AC-1976-chhattisgarh-20,chhattisgarh,2003,20,SARANGARH,SHYAM SUNDER,parties.IN.BJP,BJP,24419,24.83,2,lost,U,,,,challenger,src-1b7bc1c9d39a
IN-AC-1976-chhattisgarh-20,chhattisgarh,2003,20,SARANGARH,RAVI BHARDWAJ,parties.IN.INC,INC,24160,24.57,3,lost,U,,,,challenger,src-1b7bc1c9d39a
IN-AC-1976-chhattisgarh-20,chhattisgarh,2003,20,SARANGARH,SHAMSHER SINGH,parties.IN.IND,IND,7629,7.76,4,forfeit,U,,,,challenger,src-1b7bc1c9d39a
IN-AC-1976-chhattisgarh-20,chhattisgarh,2003,20,SARANGARH,PURI RAM CHAUHAN,parties.IN.NCP,NCP,4410,4.48,5,forfeit,U,,,,challenger,src-1b7bc1c9d39a
IN-AC-1976-chhattisgarh-20,chhattisgarh,2003,20,SARANGARH,NANDAU,parties.IN.IND,IND,1105,1.12,6,forfeit,U,,,,challenger,src-1b7bc1c9d39a
IN-AC-1976-chhattisgarh-20,chhattisgarh,2003,20,SARANGARH,GHURAU RAM SARTHI,parties.IN.IND,IND,920,0.94,7,forfeit,U,,,,challenger,src-1b7bc1c9d39a
IN-AC-1976-chhattisgarh-20,chhattisgarh,2003,20,SARANGARH,AJESH,parties.IN.SP,SP,860,0.87,8,forfeit,U,,,,challenger,src-1b7bc1c9d39a
IN-AC-1976-chhattisgarh-20,chhattisgarh,2003,20,SARANGARH,MOHAN LAL,parties.IN.IND,IND,792,0.81,9,forfeit,U,,,,challenger,src-1b7bc1c9d39a
IN-AC-1976-chhattisgarh-20,chhattisgarh,2003,20,SARANGARH,DHANKA,parties.IN.CSP,CSP,741,0.75,10,forfeit,U,,,,challenger,src-1b7bc1c9d39a
IN-AC-1976-chhattisgarh-20,chhattisgarh,2003,20,SARANGARH,PILA RAM ANANT,parties.IN.IND,IND,738,0.75,11,forfeit,U,,,,challenger,src-1b7bc1c9d39a
IN-AC-1976-chhattisgarh-21,chhattisgarh,2003,21,RAMPUR,NANKI RAM,parties.IN.BJP,BJP,35642,34.03,1,won,U,,,,incumbent,src-1b7bc1c9d39a
IN-AC-1976-chhattisgarh-21,chhattisgarh,2003,21,RAMPUR,PYARE LAL,parties.IN.INC,INC,35262,33.67,2,lost,U,,,,challenger,src-1b7bc1c9d39a
IN-AC-1976-chhattisgarh-21,chhattisgarh,2003,21,RAMPUR,DURGA PRASAD RATHIYA,parties.IN.IND,IND,16463,15.72,3,forfeit,U,,,,challenger,src-1b7bc1c9d39a
IN-AC-1976-chhattisgarh-21,chhattisgarh,2003,21,RAMPUR,BUDHWAR SINGH,parties.IN.IND,IND,4391,4.19,4,forfeit,U,,,,challenger,src-1b7bc1c9d39a
IN-AC-1976-chhattisgarh-21,chhattisgarh,2003,21,RAMPUR,SHYAMLAL KANWAR,parties.IN.BSP,BSP,4361,4.16,5,forfeit,U,,,,challenger,src-1b7bc1c9d39a
IN-AC-1976-chhattisgarh-21,chhattisgarh,2003,21,RAMPUR,D.L. MARKAM,parties.IN.NCP,NCP,3950,3.77,6,forfeit,U,,,,challenger,src-1b7bc1c9d39a
IN-AC-1976-chhattisgarh-21,chhattisgarh,2003,21,RAMPUR,HEMLATA,parties.IN.UNK,YGP,1380,1.32,7,forfeit,U,,,,challenger,src-1b7bc1c9d39a
IN-AC-1976-chhattisgarh-21,chhattisgarh,2003,21,RAMPUR,SONKUNWAR,parties.IN.SP,SP,995,0.95,8,forfeit,U,,,,challenger,src-1b7bc1c9d39a
IN-AC-1976-chhattisgarh-21,chhattisgarh,2003,21,RAMPUR,KALYAN SINGH TANWAR,parties.IN.IND,IND,979,0.93,9,forfeit,U,,,,challenger,src-1b7bc1c9d39a
IN-AC-1976-chhattisgarh-21,chhattisgarh,2003,21,RAMPUR,MAHETTAR SINGH KORRAM,parties.IN.GGP,GGP,728,0.7,10,forfeit,U,,,,challenger,src-1b7bc1c9d39a
IN-AC-1976-chhattisgarh-21,chhattisgarh,2003,21,RAMPUR,KU. LATA SINGH,parties.IN.RPIA,RPI(A),575,0.55,11,forfeit,U,,,,challenger,src-1b7bc1c9d39a
IN-AC-1976-chhattisgarh-22,chhattisgarh,2003,22,KATGHORA,BODHRAM KANWAR,parties.IN.INC,INC,79049,42.33,1,won,U,,,,challenger,src-1b7bc1c9d39a
IN-AC-1976-chhattisgarh-22,chhattisgarh,2003,22,KATGHORA,BANWARI LAL (BANWARI BHAIYYA),parties.IN.BJP,BJP,75196,40.27,2,lost,U,,,,challenger,src-1b7bc1c9d39a
IN-AC-1976-chhattisgarh-22,chhattisgarh,2003,22,KATGHORA,RAVI KUMAR MARAR (PATEL),parties.IN.GGP,GGP,5757,3.08,3,forfeit,U,,,,challenger,src-1b7bc1c9d39a
IN-AC-1976-chhattisgarh-22,chhattisgarh,2003,22,KATGHORA,BADRI PRASHAD RATHORE (GURUJI),parties.IN.BSP,BSP,4856,2.6,4,forfeit,U,,,,challenger,src-1b7bc1c9d39a
IN-AC-1976-chhattisgarh-22,chhattisgarh,2003,22,KATGHORA,SANAND DAS DIWAN,parties.IN.IND,IND,3735,2,5,forfeit,U,,,,challenger,src-1b7bc1c9d39a
IN-AC-1976-chhattisgarh-22,chhattisgarh,2003,22,KATGHORA,JANAK DAS KULDIP,parties.IN.CPIM,CPM,2621,1.4,6,forfeit,U,,,,challenger,src-1b7bc1c9d39a
IN-AC-1976-chhattisgarh-22,chhattisgarh,2003,22,KATGHORA,NAUSHAD,parties.IN.NCP,NCP,2363,1.27,7,forfeit,U,,,,challenger,src-1b7bc1c9d39a
IN-AC-1976-chhattisgarh-22,chhattisgarh,2003,22,KATGHORA,BODHRAM,parties.IN.IND,IND,2307,1.24,8,forfeit,U,,,,challenger,src-1b7bc1c9d39a
IN-AC-1976-chhattisgarh-22,chhattisgarh,2003,22,KATGHORA,BHAGIRATH PRASAD AGRAWAL,parties.IN.IND,IND,1786,0.96,9,forfeit,U,,,,challenger,src-1b7bc1c9d39a
IN-AC-1976-chhattisgarh-22,chhattisgarh,2003,22,KATGHORA,ASLAM JUGNU,parties.IN.JDU,JD(U),1546,0.83,10,forfeit,U,,,,challenger,src-1b7bc1c9d39a
IN-AC-1976-chhattisgarh-22,chhattisgarh,2003,22,KATGHORA,SANTRAM BHARIYA,parties.IN.IND,IND,1527,0.82,11,forfeit,U,,,,challenger,src-1b7bc1c9d39a
IN-AC-1976-chhattisgarh-22,chhattisgarh,2003,22,KATGHORA,SHYAM YADAV,parties.IN.SP,SP,1509,0.81,12,forfeit,U,,,,challenger,src-1b7bc1c9d39a
IN-AC-1976-chhattisgarh-22,chhattisgarh,2003,22,KATGHORA,CHHATLAL YADAV,parties.IN.UNK,YGP,1216,0.65,13,forfeit,U,,,,challenger,src-1b7bc1c9d39a
IN-AC-1976-chhattisgarh-22,chhattisgarh,2003,22,KATGHORA,BHARAT LAL CHAUHAN,parties.IN.RPI,RPI,905,0.48,14,forfeit,U,,,,challenger,src-1b7bc1c9d39a
IN-AC-1976-chhattisgarh-22,chhattisgarh,2003,22,KATGHORA,RAJESH KUMAR,parties.IN.IND,IND,884,0.47,15,forfeit,U,,,,challenger,src-1b7bc1c9d39a
IN-AC-1976-chhattisgarh-22,chhattisgarh,2003,22,KATGHORA,CHAITI DEVI MAHANT,parties.IN.CSP,CSP,824,0.44,16,forfeit,U,,,,challenger,src-1b7bc1c9d39a
IN-AC-1976-chhattisgarh-22,chhattisgarh,2003,22,KATGHORA,CHANDRABHUSAN MAHATO,parties.IN.LJNSP,LJNSP,661,0.35,17,forfeit,U,,,,challenger,src-1b7bc1c9d39a
IN-AC-1976-chhattisgarh-23,chhattisgarh,2003,23,TANAKHAR,RAM DAYAL UIKE,parties.IN.INC,INC,48844,42.72,1,won,U,,,,incumbent,src-1b7bc1c9d39a
IN-AC-1976-chhattisgarh-23,chhattisgarh,2003,23,TANAKHAR,HEERA SINGH MARKAM,parties.IN.GGP,GGP,28531,24.95,2,lost,U,,,,incumbent,src-1b7bc1c9d39a
IN-AC-1976-chhattisgarh-23,chhattisgarh,2003,23,TANAKHAR,HERAMBH SHARAN SINGH ALIAS KUMAR INDRAJEET SINGH,parties.IN.BJP,BJP,20803,18.19,3,lost,U,,,,challenger,src-1b7bc1c9d39a
IN-AC-1976-chhattisgarh-23,chhattisgarh,2003,23,TANAKHAR,SURAJ SINGH SHYAM,parties.IN.IND,IND,5547,4.85,4,forfeit,U,,,,challenger,src-1b7bc1c9d39a
IN-AC-1976-chhattisgarh-23,chhattisgarh,2003,23,TANAKHAR,RAMNARAYAN MARAVI,parties.IN.NCP,NCP,2126,1.86,5,forfeit,U,,,,challenger,src-1b7bc1c9d39a
IN-AC-1976-chhattisgarh-23,chhattisgarh,2003,23,TANAKHAR,DHANWAR VEDLAL VANWASI,parties.IN.IND,IND,1806,1.58,6,forfeit,U,,,,challenger,src-1b7bc1c9d39a
IN-AC-1976-chhattisgarh-23,chhattisgarh,2003,23,TANAKHAR,NOHAR SINGH BINJHWAR,parties.IN.IND,IND,1460,1.28,7,forfeit,U,,,,challenger,src-1b7bc1c9d39a
IN-AC-1976-chhattisgarh-23,chhattisgarh,2003,23,TANAKHAR,SUNDAR SINGH MARKAM,parties.IN.UNK,YGP,1334,1.17,8,forfeit,U,,,,challenger,src-1b7bc1c9d39a
IN-AC-1976-chhattisgarh-23,chhattisgarh,2003,23,TANAKHAR,CHHATTAR SINGH PORTE,parties.IN.IND,IND,1221,1.07,9,forfeit,U,,,,challenger,src-1b7bc1c9d39a
IN-AC-1976-chhattisgarh-23,chhattisgarh,2003,23,TANAKHAR,NAND KUMAR KANWAR,parties.IN.IND,IND,1156,1.01,10,forfeit,U,,,,challenger,src-1b7bc1c9d39a
IN-AC-1976-chhattisgarh-23,chhattisgarh,2003,23,TANAKHAR,GANESH RAM JAGAT,parties.IN.SP,SP,894,0.78,11,forfeit,U,,,,challenger,src-1b7bc1c9d39a
IN-AC-1976-chhattisgarh-23,chhattisgarh,2003,23,TANAKHAR,BUDH RAM SINGH KANWAR,parties.IN.CSP,CSP,615,0.54,12,forfeit,U,,,,challenger,src-1b7bc1c9d39a
IN-AC-1976-chhattisgarh-24,chhattisgarh,2003,24,MARWAHI,AJIT JOGI,parties.IN.INC,INC,76269,69.72,1,won,U,,,,challenger,src-1b7bc1c9d39a
IN-AC-1976-chhattisgarh-24,chhattisgarh,2003,24,MARWAHI,NAND KUMAR SAI,parties.IN.BJP,BJP,22119,20.22,2,lost,U,,,,incumbent,src-1b7bc1c9d39a
IN-AC-1976-chhattisgarh-24,chhattisgarh,2003,24,MARWAHI,SAMAROO RAM,parties.IN.IND,IND,4628,4.23,3,forfeit,U,,,,challenger,src-1b7bc1c9d39a
IN-AC-1976-chhattisgarh-24,chhattisgarh,2003,24,MARWAHI,HEMWANT BHAWAR SINGH PORTE,parties.IN.NCP,NCP,2927,2.68,4,forfeit,U,,,,challenger,src-1b7bc1c9d39a
IN-AC-1976-chhattisgarh-24,chhattisgarh,2003,24,MARWAHI,DR. URMILA MARKO,parties.IN.GGP,GGP,1607,1.47,5,forfeit,U,,,,challenger,src-1b7bc1c9d39a
IN-AC-1976-chhattisgarh-24,chhattisgarh,2003,24,MARWAHI,SHIVHARI,parties.IN.LJNSP,LJNSP,1077,0.98,6,forfeit,U,,,,challenger,src-1b7bc1c9d39a
IN-AC-1976-chhattisgarh-24,chhattisgarh,2003,24,MARWAHI,BUDRAM SINGH KANWAR,parties.IN.CSP,CSP,765,0.7,7,forfeit,U,,,,challenger,src-1b7bc1c9d39a
IN-AC-1976-chhattisgarh-25,chhattisgarh,2003,25,KOTA,RAJENDRA PRASAD SHUKLA,parties.IN.INC,INC,39545,39.57,1,won,U,,,,incumbent,src-1b7bc1c9d39a
IN-AC-1976-chhattisgarh-25,chhattisgarh,2003,25,KOTA,BHUPENDRA SINGH,parties.IN.BJP,BJP,37866,37.89,2,lost,U,,,,challenger,src-1b7bc1c9d39a
IN-AC-1976-chhattisgarh-25,chhattisgarh,2003,25,KOTA,DR. URMILA MARKO,parties.IN.GGP,GGP,10146,10.15,3,forfeit,U,,,,challenger,src-1b7bc1c9d39a
IN-AC-1976-chhattisgarh-25,chhattisgarh,2003,25,KOTA,PRADEEP KUMAR ALIAS DIPPU,parties.IN.NCP,NCP,4123,4.13,4,forfeit,U,,,,challenger,src-1b7bc1c9d39a
IN-AC-1976-chhattisgarh-25,chhattisgarh,2003,25,KOTA,SHAMBHU PRASAD SHARMA,parties.IN.IND,IND,3023,3.03,5,forfeit,U,,,,challenger,src-1b7bc1c9d39a
IN-AC-1976-chhattisgarh-25,chhattisgarh,2003,25,KOTA,RAMBILAS,parties.IN.IND,IND,2013,2.01,6,forfeit,U,,,,challenger,src-1b7bc1c9d39a
IN-AC-1976-chhattisgarh-25,chhattisgarh,2003,25,KOTA,RAMSUKH NAPIT,parties.IN.IND,IND,1556,1.56,7,forfeit,U,,,,challenger,src-1b7bc1c9d39a
IN-AC-1976-chhattisgarh-25,chhattisgarh,2003,25,KOTA,MADANLAL JAISAWAL,parties.IN.IND,IND,890,0.89,8,forfeit,U,,,,challenger,src-1b7bc1c9d39a
IN-AC-1976-chhattisgarh-25,chhattisgarh,2003,25,KOTA,DWARIKA PRASAD,parties.IN.LJNSP,LJNSP,771,0.77,9,forfeit,U,,,,challenger,src-1b7bc1c9d39a
IN-AC-1976-chhattisgarh-26,chhattisgarh,2003,26,LORMI,DHARMJEET SINGH,parties.IN.INC,INC,47998,40.99,1,won,U,,,,incumbent,src-1b7bc1c9d39a
IN-AC-1976-chhattisgarh-26,chhattisgarh,2003,26,LORMI,MUNIRAM SAHU,parties.IN.BJP,BJP,32332,27.61,2,lost,U,,,,challenger,src-1b7bc1c9d39a
IN-AC-1976-chhattisgarh-26,chhattisgarh,2003,26,LORMI,VISHWANATH SINGH PORTE,parties.IN.GGP,GGP,11407,9.74,3,forfeit,U,,,,challenger,src-1b7bc1c9d39a
IN-AC-1976-chhattisgarh-26,chhattisgarh,2003,26,LORMI,SWARATH LAL DIWAKAR,parties.IN.BSP,BSP,10083,8.61,4,forfeit,U,,,,challenger,src-1b7bc1c9d39a
IN-AC-1976-chhattisgarh-26,chhattisgarh,2003,26,LORMI,MAHANT YOGENDRA KUMAR DAS (CHHOTE RAJA),parties.IN.NCP,NCP,9427,8.05,5,forfeit,U,,,,challenger,src-1b7bc1c9d39a
IN-AC-1976-chhattisgarh-26,chhattisgarh,2003,26,LORMI,MUNI RAM,parties.IN.IND,IND,3443,2.94,6,forfeit,U,,,,challenger,src-1b7bc1c9d39a
IN-AC-1976-chhattisgarh-26,chhattisgarh,2003,26,LORMI,PADARATH LAL SAHU,parties.IN.IND,IND,1403,1.2,7,forfeit,U,,,,challenger,src-1b7bc1c9d39a
IN-AC-1976-chhattisgarh-26,chhattisgarh,2003,26,LORMI,SHATRUHAN,parties.IN.LSWP,LSWP,1002,0.86,8,forfeit,U,,,,challenger,src-1b7bc1c9d39a
IN-AC-1976-chhattisgarh-27,chhattisgarh,2003,27,MUNGELI,CHANDRABHAN,parties.IN.INC,INC,41377,43.47,1,won,U,,,,challenger,src-1b7bc1c9d39a
IN-AC-1976-chhattisgarh-27,chhattisgarh,2003,27,MUNGELI,VIKRAM MOHILE,parties.IN.BJP,BJP,34621,36.37,2,lost,U,,,,incumbent,src-1b7bc1c9d39a
IN-AC-1976-chhattisgarh-27,chhattisgarh,2003,27,MUNGELI,RAM KUMAR BHATTA,parties.IN.NCP,NCP,10911,11.46,3,forfeit,U,,,,challenger,src-1b7bc1c9d39a
IN-AC-1976-chhattisgarh-27,chhattisgarh,2003,27,MUNGELI,TUKLAL GARG,parties.IN.BSP,BSP,3670,3.86,4,forfeit,U,,,,challenger,src-1b7bc1c9d39a
IN-AC-1976-chhattisgarh-27,chhattisgarh,2003,27,MUNGELI,SAVITRI,parties.IN.SP,SP,3219,3.38,5,forfeit,U,,,,challenger,src-1b7bc1c9d39a
IN-AC-1976-chhattisgarh-27,chhattisgarh,2003,27,MUNGELI,JAGANNATH,parties.IN.LJNSP,LJNSP,1388,1.46,6,forfeit,U,,,,challenger,src-1b7bc1c9d39a
IN-AC-1976-chhattisgarh-28,chhattisgarh,2003,28,JARHAGAON,CHURAWAN MANGESHKAR,parties.IN.INC,INC,46744,51.13,1,won,U,,,,challenger,src-1b7bc1c9d39a
IN-AC-1976-chhattisgarh-28,chhattisgarh,2003,28,JARHAGAON,CHOUWADAS KHANDEKAR,parties.IN.BJP,BJP,34759,38.02,2,lost,U,,,,incumbent,src-1b7bc1c9d39a
IN-AC-1976-chhattisgarh-28,chhattisgarh,2003,28,JARHAGAON,SHAKUNTALA MIRE,parties.IN.BSP,BSP,3938,4.31,3,forfeit,U,,,,challenger,src-1b7bc1c9d39a
IN-AC-1976-chhattisgarh-28,chhattisgarh,2003,28,JARHAGAON,RUKHMANI,parties.IN.SP,SP,3044,3.33,4,forfeit,U,,,,challenger,src-1b7bc1c9d39a
IN-AC-1976-chhattisgarh-28,chhattisgarh,2003,28,JARHAGAON,RAMKAUSHAL SONWANI,parties.IN.NCP,NCP,2936,3.21,5,forfeit,U,,,,challenger,src-1b7bc1c9d39a
IN-AC-1976-chhattisgarh-29,chhattisgarh,2003,29,TAKHATPUR,BALRAM SINGH,parties.IN.INC,INC,39362,41.9,1,won,U,,,,challenger,src-1b7bc1c9d39a
IN-AC-1976-chhattisgarh-29,chhattisgarh,2003,29,TAKHATPUR,JAGJEET SINGH MAKKAD,parties.IN.BJP,BJP,32671,34.78,2,lost,U,,,,incumbent,src-1b7bc1c9d39a
IN-AC-1976-chhattisgarh-29,chhattisgarh,2003,29,TAKHATPUR,DHANUSH RAM,parties.IN.BSP,BSP,5284,5.62,3,forfeit,U,,,,challenger,src-1b7bc1c9d39a
IN-AC-1976-chhattisgarh-29,chhattisgarh,2003,29,TAKHATPUR,RANJAN SARKHEL,parties.IN.GGP,GGP,3561,3.79,4,forfeit,U,,,,challenger,src-1b7bc1c9d39a
IN-AC-1976-chhattisgarh-29,chhattisgarh,2003,29,TAKHATPUR,ANJANA MULKALWAR,parties.IN.IND,IND,2995,3.19,5,forfeit,U,,,,challenger,src-1b7bc1c9d39a
IN-AC-1976-chhattisgarh-29,chhattisgarh,2003,29,TAKHATPUR,VIJAY KUMAR SAHU,parties.IN.IND,IND,2801,2.98,6,forfeit,U,,,,challenger,src-1b7bc1c9d39a
IN-AC-1976-chhattisgarh-29,chhattisgarh,2003,29,TAKHATPUR,GHANSHYAM ALIAS SADHELAL,parties.IN.IND,IND,2799,2.98,7,forfeit,U,,,,challenger,src-1b7bc1c9d39a
IN-AC-1976-chhattisgarh-29,chhattisgarh,2003,29,TAKHATPUR,BABLA SINGH THAKUR,parties.IN.NCP,NCP,1311,1.4,8,forfeit,U,,,,challenger,src-1b7bc1c9d39a
IN-AC-1976-chhattisgarh-29,chhattisgarh,2003,29,TAKHATPUR,RAJESH KUMAR NIRMALKAR,parties.IN.SP,SP,1166,1.24,9,forfeit,U,,,,challenger,src-1b7bc1c9d39a
IN-AC-1976-chhattisgarh-29,chhattisgarh,2003,29,TAKHATPUR,DINESH KUMAR VASTRAKAR,parties.IN.IND,IND,831,0.88,10,forfeit,U,,,,challenger,src-1b7bc1c9d39a
IN-AC-1976-chhattisgarh-29,chhattisgarh,2003,29,TAKHATPUR,SURENDRA KUMAR KHANDE,parties.IN.LJNSP,LJNSP,684,0.73,11,forfeit,U,,,,challenger,src-1b7bc1c9d39a
IN-AC-1976-chhattisgarh-29,chhattisgarh,2003,29,TAKHATPUR,ASHOK MANAV  BRAMHACHARI,parties.IN.IND,IND,481,0.51,12,forfeit,U,,,,challenger,src-1b7bc1c9d39a
IN-AC-1976-chhattisgarh-30,chhattisgarh,2003,30,BILASPUR,AMAR AGRAWAL,parties.IN.BJP,BJP,61154,46.61,1,won,U,,,,incumbent,src-1b7bc1c9d39a
IN-AC-1976-chhattisgarh-30,chhattisgarh,2003,30,BILASPUR,ANIL KUMAR TAH,parties.IN.INC,INC,55311,42.16,2,lost,U,,,,challenger,src-1b7bc1c9d39a
IN-AC-1976-chhattisgarh-30,chhattisgarh,2003,30,BILASPUR,ASHOK AGRAWAL,parties.IN.SP,SP,6179,4.71,3,forfeit,U,,,,challenger,src-1b7bc1c9d39a
IN-AC-1976-chhattisgarh-30,chhattisgarh,2003,30,BILASPUR,B.R. YADAV,parties.IN.NCP,NCP,3435,2.62,4,forfeit,U,,,,challenger,src-1b7bc1c9d39a
IN-AC-1976-chhattisgarh-30,chhattisgarh,2003,30,BILASPUR,RAMESH AAHUJA,parties.IN.IND,IND,2016,1.54,5,forfeit,U,,,,challenger,src-1b7bc1c9d39a
IN-AC-1976-chhattisgarh-30,chhattisgarh,2003,30,BILASPUR,RAJENDRA MOURYA,parties.IN.BSP,BSP,1063,0.81,6,forfeit,U,,,,challenger,src-1b7bc1c9d39a
IN-AC-1976-chhattisgarh-30,chhattisgarh,2003,30,BILASPUR,GAJANAN BURANGE,parties.IN.IND,IND,840,0.64,7,forfeit,U,,,,challenger,src-1b7bc1c9d39a
IN-AC-1976-chhattisgarh-30,chhattisgarh,2003,30,BILASPUR,ASHOK KUMAR SHRIVASTAVA,parties.IN.IND,IND,266,0.2,8,forfeit,U,,,,challenger,src-1b7bc1c9d39a
IN-AC-1976-chhattisgarh-30,chhattisgarh,2003,30,BILASPUR,MUKESH JALAN,parties.IN.RPIA,RPI(A),212,0.16,9,forfeit,U,,,,challenger,src-1b7bc1c9d39a
IN-AC-1976-chhattisgarh-30,chhattisgarh,2003,30,BILASPUR,SANJAY (BABU) AGRAWAL,parties.IN.SJP_R,SJP(R),207,0.16,10,forfeit,U,,,,challenger,src-1b7bc1c9d39a
IN-AC-1976-chhattisgarh-30,chhattisgarh,2003,30,BILASPUR,AMAR,parties.IN.IND,IND,192,0.15,11,forfeit,U,,,,challenger,src-1b7bc1c9d39a
IN-AC-1976-chhattisgarh-30,chhattisgarh,2003,30,BILASPUR,ARJUN SHRIVAS,parties.IN.IND,IND,176,0.13,12,forfeit,U,,,,challenger,src-1b7bc1c9d39a
IN-AC-1976-chhattisgarh-30,chhattisgarh,2003,30,BILASPUR,SHARAT CHAND,parties.IN.LJNSP,LJNSP,152,0.12,13,forfeit,U,,,,challenger,src-1b7bc1c9d39a
IN-AC-1976-chhattisgarh-31,chhattisgarh,2003,31,BILHA,SIYARAM KAUSHIK,parties.IN.INC,INC,48028,45.36,1,won,U,,,,challenger,src-1b7bc1c9d39a
IN-AC-1976-chhattisgarh-31,chhattisgarh,2003,31,BILHA,DHARAM KAUSHIK,parties.IN.BJP,BJP,41477,39.17,2,lost,U,,,,incumbent,src-1b7bc1c9d39a
IN-AC-1976-chhattisgarh-31,chhattisgarh,2003,31,BILHA,RAMJHOOL SAHU,parties.IN.BSP,BSP,3964,3.74,3,forfeit,U,,,,challenger,src-1b7bc1c9d39a
IN-AC-1976-chhattisgarh-31,chhattisgarh,2003,31,BILHA,RAMESH KUMAR LAHRE,parties.IN.IND,IND,3148,2.97,4,forfeit,U,,,,challenger,src-1b7bc1c9d39a
IN-AC-1976-chhattisgarh-31,chhattisgarh,2003,31,BILHA,DR. BALMUKUND SINGH MARAVI,parties.IN.GGP,GGP,2451,2.31,5,forfeit,U,,,,challenger,src-1b7bc1c9d39a
IN-AC-1976-chhattisgarh-31,chhattisgarh,2003,31,BILHA,RAJESH PANDEY,parties.IN.NCP,NCP,2409,2.28,6,forfeit,U,,,,challenger,src-1b7bc1c9d39a
IN-AC-1976-chhattisgarh-31,chhattisgarh,2003,31,BILHA,ANGESHWAR SAHU,parties.IN.SP,SP,1478,1.4,7,forfeit,U,,,,challenger,src-1b7bc1c9d39a
IN-AC-1976-chhattisgarh-31,chhattisgarh,2003,31,BILHA,DR. B.R. TIRTHANI,parties.IN.ABJS,ABJS,1462,1.38,8,forfeit,U,,,,challenger,src-1b7bc1c9d39a
IN-AC-1976-chhattisgarh-31,chhattisgarh,2003,31,BILHA,GHASIRAM,parties.IN.LJNSP,LJNSP,774,0.73,9,forfeit,U,,,,challenger,src-1b7bc1c9d39a
IN-AC-1976-chhattisgarh-31,chhattisgarh,2003,31,BILHA,RAJPAL TANDON,parties.IN.CSP,CSP,694,0.66,10,forfeit,U,,,,challenger,src-1b7bc1c9d39a
IN-AC-1976-chhattisgarh-32,chhattisgarh,2003,32,MASTURI,DR. KRISHNAMURTI BANDHI,parties.IN.BJP,BJP,40485,39.12,1,won,U,,,,challenger,src-1b7bc1c9d39a
IN-AC-1976-chhattisgarh-32,chhattisgarh,2003,32,MASTURI,MADAN SINGH DAHARIA,parties.IN.INC,INC,38217,36.93,2,lost,U,,,,incumbent,src-1b7bc1c9d39a
IN-AC-1976-chhattisgarh-32,chhattisgarh,2003,32,MASTURI,LAXMI PRASAD BHARGAV,parties.IN.BSP,BSP,11948,11.55,3,forfeit,U,,,,challenger,src-1b7bc1c9d39a
IN-AC-1976-chhattisgarh-32,chhattisgarh,2003,32,MASTURI,ISHWAR SINGH SURYAVANSHI,parties.IN.CPI,CPI,3634,3.51,4,forfeit,U,,,,challenger,src-1b7bc1c9d39a
IN-AC-1976-chhattisgarh-32,chhattisgarh,2003,32,MASTURI,B.L. PANTHI,parties.IN.IND,IND,2705,2.61,5,forfeit,U,,,,challenger,src-1b7bc1c9d39a
IN-AC-1976-chhattisgarh-32,chhattisgarh,2003,32,MASTURI,DR. DEVCHARAN MADHUKAR,parties.IN.NCP,NCP,2409,2.33,6,forfeit,U,,,,challenger,src-1b7bc1c9d39a
IN-AC-1976-chhattisgarh-32,chhattisgarh,2003,32,MASTURI,DINESH BHARTY,parties.IN.IND,IND,1488,1.44,7,forfeit,U,,,,challenger,src-1b7bc1c9d39a
IN-AC-1976-chhattisgarh-32,chhattisgarh,2003,32,MASTURI,LALAN RAM,parties.IN.CPIMLL,CPI(ML)(L),1052,1.02,8,forfeit,U,,,,challenger,src-1b7bc1c9d39a
IN-AC-1976-chhattisgarh-32,chhattisgarh,2003,32,MASTURI,PRAKASH CHAND KOIRALA,parties.IN.SP,SP,851,0.82,9,forfeit,U,,,,challenger,src-1b7bc1c9d39a
IN-AC-1976-chhattisgarh-32,chhattisgarh,2003,32,MASTURI,SURUJ,parties.IN.LJNSP,LJNSP,694,0.67,10,forfeit,U,,,,challenger,src-1b7bc1c9d39a
IN-AC-1976-chhattisgarh-33,chhattisgarh,2003,33,SIPAT,BADHRIDHAR DIWAN,parties.IN.BJP,BJP,22649,23.32,1,won,U,,,,challenger,src-1b7bc1c9d39a
IN-AC-1976-chhattisgarh-33,chhattisgarh,2003,33,SIPAT,RAMESH KUMAR KAUSHIK,parties.IN.INC,INC,22350,23.01,2,lost,U,,,,challenger,src-1b7bc1c9d39a
IN-AC-1976-chhattisgarh-33,chhattisgarh,2003,33,SIPAT,RAJENDRA CHAWLA,parties.IN.NCP,NCP,20869,21.49,3,lost,U,,,,challenger,src-1b7bc1c9d39a
IN-AC-1976-chhattisgarh-33,chhattisgarh,2003,33,SIPAT,ENGG. RAMESHWAR KHARE,parties.IN.BSP,BSP,20512,21.12,4,lost,U,,,,challenger,src-1b7bc1c9d39a
IN-AC-1976-chhattisgarh-33,chhattisgarh,2003,33,SIPAT,NAND KISHOR RAJ,parties.IN.GGP,GGP,4024,4.14,5,forfeit,U,,,,challenger,src-1b7bc1c9d39a
IN-AC-1976-chhattisgarh-33,chhattisgarh,2003,33,SIPAT,SANTOSH AGRAWAL,parties.IN.IND,IND,2392,2.46,6,forfeit,U,,,,challenger,src-1b7bc1c9d39a
IN-AC-1976-chhattisgarh-33,chhattisgarh,2003,33,SIPAT,SANJAY KUMAR DUBEY,parties.IN.IND,IND,1095,1.13,7,forfeit,U,,,,challenger,src-1b7bc1c9d39a
IN-AC-1976-chhattisgarh-33,chhattisgarh,2003,33,SIPAT,SHATRUHAN KUMAR,parties.IN.IND,IND,955,0.98,8,forfeit,U,,,,challenger,src-1b7bc1c9d39a
IN-AC-1976-chhattisgarh-33,chhattisgarh,2003,33,SIPAT,RATANLAL,parties.IN.IND,IND,706,0.73,9,forfeit,U,,,,challenger,src-1b7bc1c9d39a
IN-AC-1976-chhattisgarh-33,chhattisgarh,2003,33,SIPAT,PARAS RAM YADAV,parties.IN.SP,SP,562,0.58,10,forfeit,U,,,,challenger,src-1b7bc1c9d39a
IN-AC-1976-chhattisgarh-33,chhattisgarh,2003,33,SIPAT,BHOLA RAM SAHU,parties.IN.IND,IND,423,0.44,11,forfeit,U,,,,challenger,src-1b7bc1c9d39a
IN-AC-1976-chhattisgarh-33,chhattisgarh,2003,33,SIPAT,VEENA PANI,parties.IN.LJNSP,LJNSP,305,0.31,12,forfeit,U,,,,challenger,src-1b7bc1c9d39a
IN-AC-1976-chhattisgarh-33,chhattisgarh,2003,33,SIPAT,MUZNU RAM NISHAD,parties.IN.CPIMLL,CPI(ML)(L),274,0.28,13,forfeit,U,,,,challenger,src-1b7bc1c9d39a
IN-AC-1976-chhattisgarh-34,chhattisgarh,2003,34,AKALTARA,RAMADHAR,parties.IN.INC,INC,37368,31.71,1,won,U,,,,challenger,src-1b7bc1c9d39a
IN-AC-1976-chhattisgarh-34,chhattisgarh,2003,34,AKALTARA,CHHATARAM,parties.IN.BJP,BJP,35938,30.5,2,lost,U,,,,incumbent,src-1b7bc1c9d39a
IN-AC-1976-chhattisgarh-34,chhattisgarh,2003,34,AKALTARA,DURGA CHARAN,parties.IN.BSP,BSP,21990,18.66,3,lost,U,,,,challenger,src-1b7bc1c9d39a
IN-AC-1976-chhattisgarh-34,chhattisgarh,2003,34,AKALTARA,LAXMAN PRASAD,parties.IN.NCP,NCP,12843,10.9,4,forfeit,U,,,,challenger,src-1b7bc1c9d39a
IN-AC-1976-chhattisgarh-34,chhattisgarh,2003,34,AKALTARA,BHAGWAT PRASAD,parties.IN.IND,IND,3576,3.03,5,forfeit,U,,,,challenger,src-1b7bc1c9d39a
IN-AC-1976-chhattisgarh-34,chhattisgarh,2003,34,AKALTARA,NEHAL,parties.IN.GGP,GGP,1520,1.29,6,forfeit,U,,,,challenger,src-1b7bc1c9d39a
IN-AC-1976-chhattisgarh-34,chhattisgarh,2003,34,AKALTARA,KULDEEP PATLE,parties.IN.IND,IND,1459,1.24,7,forfeit,U,,,,challenger,src-1b7bc1c9d39a
IN-AC-1976-chhattisgarh-34,chhattisgarh,2003,34,AKALTARA,KALANATH,parties.IN.IND,IND,1283,1.09,8,forfeit,U,,,,challenger,src-1b7bc1c9d39a
IN-AC-1976-chhattisgarh-34,chhattisgarh,2003,34,AKALTARA,FENKAN SINGH,parties.IN.LPSP,LPSP,767,0.65,9,forfeit,U,,,,crossover,src-1b7bc1c9d39a
IN-AC-1976-chhattisgarh-34,chhattisgarh,2003,34,AKALTARA,DWARIKA PRASAD LAHRE,parties.IN.CSP,CSP,566,0.48,10,forfeit,U,,,,challenger,src-1b7bc1c9d39a
IN-AC-1976-chhattisgarh-34,chhattisgarh,2003,34,AKALTARA,PALURAM,parties.IN.SP,SP,518,0.44,11,forfeit,U,,,,challenger,src-1b7bc1c9d39a
IN-AC-1976-chhattisgarh-35,chhattisgarh,2003,35,PAMGARH,MAHANT RAM SUNDAR DAS,parties.IN.INC,INC,42780,31.37,1,won,U,,,,challenger,src-1b7bc1c9d39a
IN-AC-1976-chhattisgarh-35,chhattisgarh,2003,35,PAMGARH,DAURAM,parties.IN.BSP,BSP,36046,26.43,2,lost,U,,,,challenger,src-1b7bc1c9d39a
IN-AC-1976-chhattisgarh-35,chhattisgarh,2003,35,PAMGARH,SHAKUNTALA,parties.IN.BJP,BJP,35584,26.09,3,lost,U,,,,challenger,src-1b7bc1c9d39a
IN-AC-1976-chhattisgarh-35,chhattisgarh,2003,35,PAMGARH,DHANRAJ,parties.IN.SAD,AD,7240,5.31,4,forfeit,U,,,,challenger,src-1b7bc1c9d39a
IN-AC-1976-chhattisgarh-35,chhattisgarh,2003,35,PAMGARH,VEERENDRA KUMAR,parties.IN.NCP,NCP,3182,2.33,5,forfeit,U,,,,challenger,src-1b7bc1c9d39a
IN-AC-1976-chhattisgarh-35,chhattisgarh,2003,35,PAMGARH,SHRI RAM,parties.IN.IND,IND,2795,2.05,6,forfeit,U,,,,challenger,src-1b7bc1c9d39a
IN-AC-1976-chhattisgarh-35,chhattisgarh,2003,35,PAMGARH,SONAU RAM,parties.IN.IND,IND,1757,1.29,7,forfeit,U,,,,challenger,src-1b7bc1c9d39a
IN-AC-1976-chhattisgarh-35,chhattisgarh,2003,35,PAMGARH,PARASRAM,parties.IN.IND,IND,1219,0.89,8,forfeit,U,,,,challenger,src-1b7bc1c9d39a
IN-AC-1976-chhattisgarh-35,chhattisgarh,2003,35,PAMGARH,RAKESH,parties.IN.IND,IND,1085,0.8,9,forfeit,U,,,,challenger,src-1b7bc1c9d39a
IN-AC-1976-chhattisgarh-35,chhattisgarh,2003,35,PAMGARH,NEHRULAL,parties.IN.IND,IND,1004,0.74,10,forfeit,U,,,,challenger,src-1b7bc1c9d39a
IN-AC-1976-chhattisgarh-35,chhattisgarh,2003,35,PAMGARH,JAGATPAL,parties.IN.SP,SP,947,0.69,11,forfeit,U,,,,challenger,src-1b7bc1c9d39a
IN-AC-1976-chhattisgarh-35,chhattisgarh,2003,35,PAMGARH,KARAMCHAND,parties.IN.IND,IND,854,0.63,12,forfeit,U,,,,challenger,src-1b7bc1c9d39a
IN-AC-1976-chhattisgarh-35,chhattisgarh,2003,35,PAMGARH,DUJE URF DUJRAM,parties.IN.IND,IND,836,0.61,13,forfeit,U,,,,challenger,src-1b7bc1c9d39a
IN-AC-1976-chhattisgarh-35,chhattisgarh,2003,35,PAMGARH,RISHI KUMAR,parties.IN.IND,IND,573,0.42,14,forfeit,U,,,,challenger,src-1b7bc1c9d39a
IN-AC-1976-chhattisgarh-35,chhattisgarh,2003,35,PAMGARH,CHHAYARAM,parties.IN.IND,IND,469,0.34,15,forfeit,U,,,,challenger,src-1b7bc1c9d39a
IN-AC-1976-chhattisgarh-36,chhattisgarh,2003,36,CHAMPA,MOTI LAL,parties.IN.INC,INC,52075,42.62,1,won,U,,,,challenger,src-1b7bc1c9d39a
IN-AC-1976-chhattisgarh-36,chhattisgarh,2003,36,CHAMPA,NARAYAN PRASAD,parties.IN.BJP,BJP,44365,36.31,2,lost,U,,,,challenger,src-1b7bc1c9d39a
IN-AC-1976-chhattisgarh-36,chhattisgarh,2003,36,CHAMPA,UDAL,parties.IN.BSP,BSP,15009,12.28,3,forfeit,U,,,,challenger,src-1b7bc1c9d39a
IN-AC-1976-chhattisgarh-36,chhattisgarh,2003,36,CHAMPA,SHASHI,parties.IN.NCP,NCP,4695,3.84,4,forfeit,U,,,,challenger,src-1b7bc1c9d39a
IN-AC-1976-chhattisgarh-36,chhattisgarh,2003,36,CHAMPA,SANTOSH KUMAR,parties.IN.IND,IND,2227,1.82,5,forfeit,U,,,,challenger,src-1b7bc1c9d39a
IN-AC-1976-chhattisgarh-36,chhattisgarh,2003,36,CHAMPA,SAHEBLAL,parties.IN.IND,IND,1314,1.08,6,forfeit,U,,,,challenger,src-1b7bc1c9d39a
IN-AC-1976-chhattisgarh-36,chhattisgarh,2003,36,CHAMPA,SAHEB LAL SAHU,parties.IN.IND,IND,1184,0.97,7,forfeit,U,,,,challenger,src-1b7bc1c9d39a
IN-AC-1976-chhattisgarh-36,chhattisgarh,2003,36,CHAMPA,HARIOM,parties.IN.SP,SP,697,0.57,8,forfeit,U,,,,challenger,src-1b7bc1c9d39a
IN-AC-1976-chhattisgarh-36,chhattisgarh,2003,36,CHAMPA,BALRAM,parties.IN.LSWP,LSWP,619,0.51,9,forfeit,U,,,,challenger,src-1b7bc1c9d39a
IN-AC-1976-chhattisgarh-37,chhattisgarh,2003,37,SAKTI,MEGHARAM SAHU,parties.IN.BJP,BJP,27680,28.61,1,won,U,,,,incumbent,src-1b7bc1c9d39a
IN-AC-1976-chhattisgarh-37,chhattisgarh,2003,37,SAKTI,MANHARAN RATHORE,parties.IN.INC,INC,24408,25.23,2,lost,U,,,,challenger,src-1b7bc1c9d39a
IN-AC-1976-chhattisgarh-37,chhattisgarh,2003,37,SAKTI,PUSHPENDRA BAHADUR SINGH,parties.IN.NCP,NCP,14432,14.92,3,forfeit,U,,,,challenger,src-1b7bc1c9d39a
IN-AC-1976-chhattisgarh-37,chhattisgarh,2003,37,SAKTI,PANDIT DEVENDRANATH AGNIHOTRI,parties.IN.IND,IND,13444,13.9,4,forfeit,U,,,,challenger,src-1b7bc1c9d39a
IN-AC-1976-chhattisgarh-37,chhattisgarh,2003,37,SAKTI,CHAITESHWAR PRASAD,parties.IN.BSP,BSP,7801,8.06,5,forfeit,U,,,,challenger,src-1b7bc1c9d39a
IN-AC-1976-chhattisgarh-37,chhattisgarh,2003,37,SAKTI,SURAJPRAKASH,parties.IN.IND,IND,1930,1.99,6,forfeit,U,,,,challenger,src-1b7bc1c9d39a
IN-AC-1976-chhattisgarh-37,chhattisgarh,2003,37,SAKTI,SARVAN KUMAR,parties.IN.GGP,GGP,1864,1.93,7,forfeit,U,,,,challenger,src-1b7bc1c9d39a
IN-AC-1976-chhattisgarh-37,chhattisgarh,2003,37,SAKTI,SUNDAR SINGH,parties.IN.IND,IND,1202,1.24,8,forfeit,U,,,,challenger,src-1b7bc1c9d39a
IN-AC-1976-chhattisgarh-37,chhattisgarh,2003,37,SAKTI,ANIL KUMAR,parties.IN.CSP,CSP,955,0.99,9,forfeit,U,,,,challenger,src-1b7bc1c9d39a
IN-AC-1976-chhattisgarh-37,chhattisgarh,2003,37,SAKTI,VISHESHWAR,parties.IN.IND,IND,895,0.93,10,forfeit,U,,,,challenger,src-1b7bc1c9d39a
IN-AC-1976-chhattisgarh-37,chhattisgarh,2003,37,SAKTI,SANJAY KUMAR,parties.IN.SP,SP,831,0.86,11,forfeit,U,,,,challenger,src-1b7bc1c9d39a
IN-AC-1976-chhattisgarh-37,chhattisgarh,2003,37,SAKTI,SHRIMATI RAMESHWARI,parties.IN.RPI,RPI,493,0.51,12,forfeit,U,,,,challenger,src-1b7bc1c9d39a
IN-AC-1976-chhattisgarh-37,chhattisgarh,2003,37,SAKTI,RAMANUJ,parties.IN.LJNSP,LJNSP,478,0.49,13,forfeit,U,,,,challenger,src-1b7bc1c9d39a
IN-AC-1976-chhattisgarh-37,chhattisgarh,2003,37,SAKTI,SIDAR SINGH,parties.IN.JDU,JD(U),340,0.35,14,forfeit,U,,,,challenger,src-1b7bc1c9d39a
IN-AC-1976-chhattisgarh-38,chhattisgarh,2003,38,MALKHARODA,LALSAY KHUNTE,parties.IN.BSP,BSP,34360,32,1,won,U,,,,challenger,src-1b7bc1c9d39a
IN-AC-1976-chhattisgarh-38,chhattisgarh,2003,38,MALKHARODA,NIRMAL SINHA,parties.IN.BJP,BJP,33464,31.16,2,lost,U,,,,challenger,src-1b7bc1c9d39a
IN-AC-1976-chhattisgarh-38,chhattisgarh,2003,38,MALKHARODA,CHAINSINGH SAMLE,parties.IN.INC,INC,30757,28.64,3,lost,U,,,,incumbent,src-1b7bc1c9d39a
IN-AC-1976-chhattisgarh-38,chhattisgarh,2003,38,MALKHARODA,DAYARAM,parties.IN.NCP,NCP,2936,2.73,4,forfeit,U,,,,challenger,src-1b7bc1c9d39a
IN-AC-1976-chhattisgarh-38,chhattisgarh,2003,38,MALKHARODA,RAJKUMAR,parties.IN.IND,IND,2195,2.04,5,forfeit,U,,,,challenger,src-1b7bc1c9d39a
IN-AC-1976-chhattisgarh-38,chhattisgarh,2003,38,MALKHARODA,JAMBULAL KHUNTE,parties.IN.SHS,SHS,1523,1.42,6,forfeit,U,,,,challenger,src-1b7bc1c9d39a
IN-AC-1976-chhattisgarh-38,chhattisgarh,2003,38,MALKHARODA,BANDHULAL,parties.IN.SP,SP,1474,1.37,7,forfeit,U,,,,challenger,src-1b7bc1c9d39a
IN-AC-1976-chhattisgarh-38,chhattisgarh,2003,38,MALKHARODA,TARJANSINGH,parties.IN.IND,IND,679,0.63,8,forfeit,U,,,,challenger,src-1b7bc1c9d39a
IN-AC-1976-chhattisgarh-39,chhattisgarh,2003,39,CHANDRAPUR,NOVEL KUMAR,parties.IN.NCP,NCP,31929,34.31,1,won,U,,,,crossover,src-1b7bc1c9d39a
IN-AC-1976-chhattisgarh-39,chhattisgarh,2003,39,CHANDRAPUR,KRISHNAKANT CHANDRA,parties.IN.BJP,BJP,19498,20.95,2,lost,U,,,,challenger,src-1b7bc1c9d39a
IN-AC-1976-chhattisgarh-39,chhattisgarh,2003,39,CHANDRAPUR,SHRIMATI RASHMI GABHEL,parties.IN.INC,INC,17269,18.55,3,lost,U,,,,challenger,src-1b7bc1c9d39a
IN-AC-1976-chhattisgarh-39,chhattisgarh,2003,39,CHANDRAPUR,AMARNATH,parties.IN.BSP,BSP,16949,18.21,4,lost,U,,,,challenger,src-1b7bc1c9d39a
IN-AC-1976-chhattisgarh-39,chhattisgarh,2003,39,CHANDRAPUR,CHITRANJAY SINGH PATEL (NOTARY),parties.IN.IND,IND,2292,2.46,5,forfeit,U,,,,challenger,src-1b7bc1c9d39a
IN-AC-1976-chhattisgarh-39,chhattisgarh,2003,39,CHANDRAPUR,SHYAMADEVI CHANDRA,parties.IN.SAD,AD,1271,1.37,6,forfeit,U,,,,challenger,src-1b7bc1c9d39a
IN-AC-1976-chhattisgarh-39,chhattisgarh,2003,39,CHANDRAPUR,SHIVDAS,parties.IN.UNK,YGP,958,1.03,7,forfeit,U,,,,challenger,src-1b7bc1c9d39a
IN-AC-1976-chhattisgarh-39,chhattisgarh,2003,39,CHANDRAPUR,LAXMIKANT,parties.IN.SP,SP,835,0.9,8,forfeit,U,,,,challenger,src-1b7bc1c9d39a
IN-AC-1976-chhattisgarh-39,chhattisgarh,2003,39,CHANDRAPUR,JHADURAM BHARDWAJ,parties.IN.CSP,CSP,690,0.74,9,forfeit,U,,,,challenger,src-1b7bc1c9d39a
IN-AC-1976-chhattisgarh-39,chhattisgarh,2003,39,CHANDRAPUR,PREMCHAND,parties.IN.SHS,SHS,564,0.61,10,forfeit,U,,,,challenger,src-1b7bc1c9d39a
IN-AC-1976-chhattisgarh-39,chhattisgarh,2003,39,CHANDRAPUR,PYARELAL,parties.IN.JDU,JD(U),467,0.5,11,forfeit,U,,,,challenger,src-1b7bc1c9d39a
IN-AC-1976-chhattisgarh-39,chhattisgarh,2003,39,CHANDRAPUR,DEVENDRA,parties.IN.LPSP,LPSP,348,0.37,12,forfeit,U,,,,challenger,src-1b7bc1c9d39a
IN-AC-1976-chhattisgarh-40,chhattisgarh,2003,40,RAIPUR TOWN,BRIJMOHAN AGRAWAL,parties.IN.BJP,BJP,70164,56.92,1,won,U,,,,incumbent,src-1b7bc1c9d39a
IN-AC-1976-chhattisgarh-40,chhattisgarh,2003,40,RAIPUR TOWN,GAJRAJ PAGARIYA,parties.IN.INC,INC,44190,35.85,2,lost,U,,,,challenger,src-1b7bc1c9d39a
IN-AC-1976-chhattisgarh-40,chhattisgarh,2003,40,RAIPUR TOWN,SALAM RIZVI,parties.IN.NCP,NCP,3903,3.17,3,forfeit,U,,,,challenger,src-1b7bc1c9d39a
IN-AC-1976-chhattisgarh-40,chhattisgarh,2003,40,RAIPUR TOWN,HITENDRA VYAS,parties.IN.IND,IND,2142,1.74,4,forfeit,U,,,,challenger,src-1b7bc1c9d39a
IN-AC-1976-chhattisgarh-40,chhattisgarh,2003,40,RAIPUR TOWN,ADV. HITENDRA TIWARI,parties.IN.IND,IND,1208,0.98,5,forfeit,U,,,,challenger,src-1b7bc1c9d39a
IN-AC-1976-chhattisgarh-40,chhattisgarh,2003,40,RAIPUR TOWN,SANTOSH KUMAR DUBEY (DUBEY SIR),parties.IN.BSP,BSP,533,0.43,6,forfeit,U,,,,challenger,src-1b7bc1c9d39a
IN-AC-1976-chhattisgarh-40,chhattisgarh,2003,40,RAIPUR TOWN,HANUMANT BAG S/O FALDAR BAG,parties.IN.IND,IND,269,0.22,7,forfeit,U,,,,challenger,src-1b7bc1c9d39a
IN-AC-1976-chhattisgarh-40,chhattisgarh,2003,40,RAIPUR TOWN,MOTILAL SACHDEV,parties.IN.SP,SP,125,0.1,8,forfeit,U,,,,challenger,src-1b7bc1c9d39a
IN-AC-1976-chhattisgarh-40,chhattisgarh,2003,40,RAIPUR TOWN,MAULANA MOHOMMED MUJJAFAR HUSSAIN QADARI CHISTI M,parties.IN.SJP_R,SJP(R),123,0.1,9,forfeit,U,,,,challenger,src-1b7bc1c9d39a
IN-AC-1976-chhattisgarh-40,chhattisgarh,2003,40,RAIPUR TOWN,PAVITRA DEEP,parties.IN.ABHM,ABHM,115,0.09,10,forfeit,U,,,,challenger,src-1b7bc1c9d39a
IN-AC-1976-chhattisgarh-40,chhattisgarh,2003,40,RAIPUR TOWN,HAJI GULAM MOHAMMED,parties.IN.IND,IND,102,0.08,11,forfeit,U,,,,challenger,src-1b7bc1c9d39a
IN-AC-1976-chhattisgarh-40,chhattisgarh,2003,40,RAIPUR TOWN,JUGNU ALAM,parties.IN.JPJD,JPJD,94,0.08,12,forfeit,U,,,,challenger,src-1b7bc1c9d39a
IN-AC-1976-chhattisgarh-40,chhattisgarh,2003,40,RAIPUR TOWN,IMRRAN PASHA,parties.IN.LSWP,LSWP,80,0.06,13,forfeit,U,,,,challenger,src-1b7bc1c9d39a
IN-AC-1976-chhattisgarh-40,chhattisgarh,2003,40,RAIPUR TOWN,ARUN S/O GOVARDHAN,parties.IN.LJNSP,LJNSP,77,0.06,14,forfeit,U,,,,challenger,src-1b7bc1c9d39a
IN-AC-1976-chhattisgarh-40,chhattisgarh,2003,40,RAIPUR TOWN,JITENDRA SHUKLA,parties.IN.ABMAD,ABMAD,74,0.06,15,forfeit,U,,,,challenger,src-1b7bc1c9d39a
IN-AC-1976-chhattisgarh-40,chhattisgarh,2003,40,RAIPUR TOWN,ASHOK KUMAR SINHANI,parties.IN.RPIA,RPI(A),61,0.05,16,forfeit,U,,,,challenger,src-1b7bc1c9d39a
IN-AC-1976-chhattisgarh-41,chhattisgarh,2003,41,RAIPUR RURAL,RAJESH MUNAT,parties.IN.BJP,BJP,104448,47.35,1,won,U,,,,challenger,src-1b7bc1c9d39a
IN-AC-1976-chhattisgarh-41,chhattisgarh,2003,41,RAIPUR RURAL,TARUN CHATTERJEE,parties.IN.INC,INC,66449,30.12,2,lost,U,,,,challenger,src-1b7bc1c9d39a
IN-AC-1976-chhattisgarh-41,chhattisgarh,2003,41,RAIPUR RURAL,DINA NATH SHARMA,parties.IN.NCP,NCP,25675,11.64,3,forfeit,U,,,,crossover,src-1b7bc1c9d39a
IN-AC-1976-chhattisgarh-41,chhattisgarh,2003,41,RAIPUR RURAL,MANISH SHRIVASTAVA,parties.IN.IND,IND,4067,1.84,4,forfeit,U,,,,challenger,src-1b7bc1c9d39a
IN-AC-1976-chhattisgarh-41,chhattisgarh,2003,41,RAIPUR RURAL,DEENA NATH SAHU,parties.IN.SP,SP,3966,1.8,5,forfeit,U,,,,challenger,src-1b7bc1c9d39a
IN-AC-1976-chhattisgarh-41,chhattisgarh,2003,41,RAIPUR RURAL,PRITAM SINGH KHALSA,parties.IN.BSP,BSP,3291,1.49,6,forfeit,U,,,,challenger,src-1b7bc1c9d39a
IN-AC-1976-chhattisgarh-41,chhattisgarh,2003,41,RAIPUR RURAL,HARESH KUMAR MATLANI,parties.IN.IND,IND,3085,1.4,7,forfeit,U,,,,challenger,src-1b7bc1c9d39a
IN-AC-1976-chhattisgarh-41,chhattisgarh,2003,41,RAIPUR RURAL,O.P. SINGH,parties.IN.CPI,CPI,2106,0.95,8,forfeit,U,,,,challenger,src-1b7bc1c9d39a
IN-AC-1976-chhattisgarh-41,chhattisgarh,2003,41,RAIPUR RURAL,MRUTYUNJAY DUBEY,parties.IN.CSP,CSP,1909,0.87,9,forfeit,U,,,,challenger,src-1b7bc1c9d39a
IN-AC-1976-chhattisgarh-41,chhattisgarh,2003,41,RAIPUR RURAL,ASHOK KUMAR GELARE,parties.IN.IND,IND,1674,0.76,10,forfeit,U,,,,challenger,src-1b7bc1c9d39a
IN-AC-1976-chhattisgarh-41,chhattisgarh,2003,41,RAIPUR RURAL,DR. B N PATEL,parties.IN.IND,IND,984,0.45,11,forfeit,U,,,,challenger,src-1b7bc1c9d39a
IN-AC-1976-chhattisgarh-41,chhattisgarh,2003,41,RAIPUR RURAL,HAFIZ AHMED MUNNA BHAI,parties.IN.LSWP,LSWP,660,0.3,12,forfeit,U,,,,challenger,src-1b7bc1c9d39a
IN-AC-1976-chhattisgarh-41,chhattisgarh,2003,41,RAIPUR RURAL,NAVIN GUPTA,parties.IN.IND,IND,609,0.28,13,forfeit,U,,,,challenger,src-1b7bc1c9d39a
IN-AC-1976-chhattisgarh-41,chhattisgarh,2003,41,RAIPUR RURAL,DR. T K RAO,parties.IN.GGP,GGP,473,0.21,14,forfeit,U,,,,challenger,src-1b7bc1c9d39a
IN-AC-1976-chhattisgarh-41,chhattisgarh,2003,41,RAIPUR RURAL,LALA RAM VALD KHORBAHRA,parties.IN.SSP,SHSP,406,0.18,15,forfeit,U,,,,challenger,src-1b7bc1c9d39a
IN-AC-1976-chhattisgarh-41,chhattisgarh,2003,41,RAIPUR RURAL,ANAND RAM SAHU,parties.IN.RPIA,RPI(A),406,0.18,16,forfeit,U,,,,challenger,src-1b7bc1c9d39a
IN-AC-1976-chhattisgarh-41,chhattisgarh,2003,41,RAIPUR RURAL,ARUN HARPAL,parties.IN.ABHM,ABHM,373,0.17,17,forfeit,U,,,,challenger,src-1b7bc1c9d39a
IN-AC-1976-chhattisgarh-42,chhattisgarh,2003,42,ABHANPUR,DHANENDRA SAHU,parties.IN.INC,INC,51122,44.33,1,won,U,,,,incumbent,src-1b7bc1c9d39a
IN-AC-1976-chhattisgarh-42,chhattisgarh,2003,42,ABHANPUR,CHANDRASHEKHAR SAHU (CHAMPU BHAIYA),parties.IN.BJP,BJP,50895,44.13,2,lost,U,,,,challenger,src-1b7bc1c9d39a
IN-AC-1976-chhattisgarh-42,chhattisgarh,2003,42,ABHANPUR,KAILASH MISHRA,parties.IN.NCP,NCP,5519,4.79,3,forfeit,U,,,,challenger,src-1b7bc1c9d39a
IN-AC-1976-chhattisgarh-42,chhattisgarh,2003,42,ABHANPUR,AMAR SINGH NISHAD,parties.IN.BSP,BSP,2934,2.54,4,forfeit,U,,,,challenger,src-1b7bc1c9d39a
IN-AC-1976-chhattisgarh-42,chhattisgarh,2003,42,ABHANPUR,TIKENDRA THAKUR,parties.IN.SP,SP,2291,1.99,5,forfeit,U,,,,challenger,src-1b7bc1c9d39a
IN-AC-1976-chhattisgarh-42,chhattisgarh,2003,42,ABHANPUR,HEMANT KUMAR TANDON,parties.IN.IND,IND,1615,1.4,6,forfeit,U,,,,challenger,src-1b7bc1c9d39a
IN-AC-1976-chhattisgarh-42,chhattisgarh,2003,42,ABHANPUR,SHEKHU RAM BANJARE,parties.IN.IND,IND,957,0.83,7,forfeit,U,,,,challenger,src-1b7bc1c9d39a
IN-AC-1976-chhattisgarh-43,chhattisgarh,2003,43,MANDIRHASOD,SATYANARAYAN SHARMA,parties.IN.INC,INC,27009,41.83,1,won,U,,,,incumbent,src-1b7bc1c9d39a
IN-AC-1976-chhattisgarh-43,chhattisgarh,2003,43,MANDIRHASOD,SOBHARAM YADAV,parties.IN.BJP,BJP,25182,39,2,lost,U,,,,challenger,src-1b7bc1c9d39a
IN-AC-1976-chhattisgarh-43,chhattisgarh,2003,43,MANDIRHASOD,PRAMOD TIWARI,parties.IN.NCP,NCP,5680,8.8,3,forfeit,U,,,,challenger,src-1b7bc1c9d39a
IN-AC-1976-chhattisgarh-43,chhattisgarh,2003,43,MANDIRHASOD,SANTOSH MARKANDEYA,parties.IN.IND,IND,3110,4.82,4,forfeit,U,,,,challenger,src-1b7bc1c9d39a
IN-AC-1976-chhattisgarh-43,chhattisgarh,2003,43,MANDIRHASOD,SIYARAM DHRITLAHARE,parties.IN.ABHM,ABHM,896,1.39,5,forfeit,U,,,,challenger,src-1b7bc1c9d39a
IN-AC-1976-chhattisgarh-43,chhattisgarh,2003,43,MANDIRHASOD,MANOJ KUMAR KHEMANI,parties.IN.IND,IND,746,1.16,6,forfeit,U,,,,challenger,src-1b7bc1c9d39a
IN-AC-1976-chhattisgarh-43,chhattisgarh,2003,43,MANDIRHASOD,RADHESHYAM,parties.IN.IND,IND,710,1.1,7,forfeit,U,,,,challenger,src-1b7bc1c9d39a
IN-AC-1976-chhattisgarh-43,chhattisgarh,2003,43,MANDIRHASOD,PREMSHANKAR VERMA ALIAS SHANKAR DAU,parties.IN.IND,IND,694,1.07,8,forfeit,U,,,,challenger,src-1b7bc1c9d39a
IN-AC-1976-chhattisgarh-43,chhattisgarh,2003,43,MANDIRHASOD,HEMCHAND CHANDRAKAR,parties.IN.SAD,AD,192,0.3,9,forfeit,U,,,,challenger,src-1b7bc1c9d39a
IN-AC-1976-chhattisgarh-43,chhattisgarh,2003,43,MANDIRHASOD,NARENDRA KUMAR VERMA,parties.IN.IND,IND,175,0.27,10,forfeit,U,,,,challenger,src-1b7bc1c9d39a
IN-AC-1976-chhattisgarh-43,chhattisgarh,2003,43,MANDIRHASOD,GOPAL KRISHNA AGRAWAL,parties.IN.IND,IND,169,0.26,11,forfeit,U,,,,challenger,src-1b7bc1c9d39a
IN-AC-1976-chhattisgarh-44,chhattisgarh,2003,44,ARANG,SANJAY DHIDHI,parties.IN.BJP,BJP,48556,50.21,1,won,U,,,,challenger,src-1b7bc1c9d39a
IN-AC-1976-chhattisgarh-44,chhattisgarh,2003,44,ARANG,GANGU RAM BAGHEL,parties.IN.INC,INC,30112,31.14,2,lost,U,,,,incumbent,src-1b7bc1c9d39a
IN-AC-1976-chhattisgarh-44,chhattisgarh,2003,44,ARANG,DR. SMT. KUNTI KURRE,parties.IN.BSP,BSP,7757,8.02,3,forfeit,U,,,,challenger,src-1b7bc1c9d39a
IN-AC-1976-chhattisgarh-44,chhattisgarh,2003,44,ARANG,CHAIT RAM TANDAN,parties.IN.NCP,NCP,4352,4.5,4,forfeit,U,,,,challenger,src-1b7bc1c9d39a
IN-AC-1976-chhattisgarh-44,chhattisgarh,2003,44,ARANG,SARHU TANDAN,parties.IN.IND,IND,1836,1.9,5,forfeit,U,,,,challenger,src-1b7bc1c9d39a
IN-AC-1976-chhattisgarh-44,chhattisgarh,2003,44,ARANG,RAMNATH,parties.IN.CSP,CSP,1280,1.32,6,forfeit,U,,,,challenger,src-1b7bc1c9d39a
IN-AC-1976-chhattisgarh-44,chhattisgarh,2003,44,ARANG,BISHAT KURRE,parties.IN.IND,IND,1115,1.15,7,forfeit,U,,,,challenger,src-1b7bc1c9d39a
IN-AC-1976-chhattisgarh-44,chhattisgarh,2003,44,ARANG,RAMNARAYAN BHARATWANSI,parties.IN.IND,IND,1083,1.12,8,forfeit,U,,,,challenger,src-1b7bc1c9d39a
IN-AC-1976-chhattisgarh-44,chhattisgarh,2003,44,ARANG,RATANDAS SONWANI,parties.IN.IND,IND,615,0.64,9,forfeit,U,,,,challenger,src-1b7bc1c9d39a
IN-AC-1976-chhattisgarh-45,chhattisgarh,2003,45,DHARSIWA,DEOJI BHAI,parties.IN.BJP,BJP,57637,46.9,1,won,U,,,,challenger,src-1b7bc1c9d39a
IN-AC-1976-chhattisgarh-45,chhattisgarh,2003,45,DHARSIWA,SMT. CHHAYA VERMA,parties.IN.INC,INC,41520,33.79,2,lost,U,,,,challenger,src-1b7bc1c9d39a
IN-AC-1976-chhattisgarh-45,chhattisgarh,2003,45,DHARSIWA,MAHANT RAMESHWAR GIRI,parties.IN.NCP,NCP,10214,8.31,3,forfeit,U,,,,challenger,src-1b7bc1c9d39a
IN-AC-1976-chhattisgarh-45,chhattisgarh,2003,45,DHARSIWA,BHUKAU RAM NISHAD,parties.IN.IND,IND,4147,3.37,4,forfeit,U,,,,challenger,src-1b7bc1c9d39a
IN-AC-1976-chhattisgarh-45,chhattisgarh,2003,45,DHARSIWA,ASHWANT DAS SAHU,parties.IN.IND,IND,2916,2.37,5,forfeit,U,,,,challenger,src-1b7bc1c9d39a
IN-AC-1976-chhattisgarh-45,chhattisgarh,2003,45,DHARSIWA,BALDAU PRASAD,parties.IN.IND,IND,1936,1.58,6,forfeit,U,,,,challenger,src-1b7bc1c9d39a
IN-AC-1976-chhattisgarh-45,chhattisgarh,2003,45,DHARSIWA,PURAN,parties.IN.IND,IND,1071,0.87,7,forfeit,U,,,,challenger,src-1b7bc1c9d39a
IN-AC-1976-chhattisgarh-45,chhattisgarh,2003,45,DHARSIWA,SHIRAJ ANWAR (BOBY SIR),parties.IN.BSP,BSP,896,0.73,8,forfeit,U,,,,challenger,src-1b7bc1c9d39a
IN-AC-1976-chhattisgarh-45,chhattisgarh,2003,45,DHARSIWA,KESHAV RAM NISHAD,parties.IN.JDU,JD(U),586,0.48,9,forfeit,U,,,,challenger,src-1b7bc1c9d39a
IN-AC-1976-chhattisgarh-45,chhattisgarh,2003,45,DHARSIWA,NISHADRAJ UMASHANKAR VINAYAK,parties.IN.JPJD,JPJD,469,0.38,10,forfeit,U,,,,challenger,src-1b7bc1c9d39a
IN-AC-1976-chhattisgarh-45,chhattisgarh,2003,45,DHARSIWA,NARAD PRASAD NISHAD,parties.IN.IND,IND,447,0.36,11,forfeit,U,,,,challenger,src-1b7bc1c9d39a
IN-AC-1976-chhattisgarh-45,chhattisgarh,2003,45,DHARSIWA,CHANDRAKIRAN VERMA,parties.IN.IND,IND,400,0.33,12,forfeit,U,,,,challenger,src-1b7bc1c9d39a
IN-AC-1976-chhattisgarh-45,chhattisgarh,2003,45,DHARSIWA,RAGHUNANDAN BANJARE,parties.IN.SP,SP,354,0.29,13,forfeit,U,,,,challenger,src-1b7bc1c9d39a
IN-AC-1976-chhattisgarh-45,chhattisgarh,2003,45,DHARSIWA,GAJENDRA NAIK,parties.IN.IND,IND,292,0.24,14,forfeit,U,,,,challenger,src-1b7bc1c9d39a
IN-AC-1976-chhattisgarh-46,chhattisgarh,2003,46,BHATAPARA,CHAITRAM SAHU,parties.IN.INC,INC,45398,41.1,1,won,U,,,,challenger,src-1b7bc1c9d39a
IN-AC-1976-chhattisgarh-46,chhattisgarh,2003,46,BHATAPARA,SHIVRATAN SHARMA,parties.IN.BJP,BJP,43453,39.34,2,lost,U,,,,incumbent,src-1b7bc1c9d39a
IN-AC-1976-chhattisgarh-46,chhattisgarh,2003,46,BHATAPARA,KHEMDAS TANDON,parties.IN.BSP,BSP,12000,10.86,3,forfeit,U,,,,challenger,src-1b7bc1c9d39a
IN-AC-1976-chhattisgarh-46,chhattisgarh,2003,46,BHATAPARA,HARDEEP SINGH ALIAS RAJU,parties.IN.NCP,NCP,2836,2.57,4,forfeit,U,,,,challenger,src-1b7bc1c9d39a
IN-AC-1976-chhattisgarh-46,chhattisgarh,2003,46,BHATAPARA,VIDESHI TANDON,parties.IN.IND,IND,2111,1.91,5,forfeit,U,,,,challenger,src-1b7bc1c9d39a
IN-AC-1976-chhattisgarh-46,chhattisgarh,2003,46,BHATAPARA,DEBIN BAI NETAM,parties.IN.GGP,GGP,1728,1.56,6,forfeit,U,,,,challenger,src-1b7bc1c9d39a
IN-AC-1976-chhattisgarh-46,chhattisgarh,2003,46,BHATAPARA,MOHAN DHIKRE,parties.IN.IND,IND,1217,1.1,7,forfeit,U,,,,challenger,src-1b7bc1c9d39a
IN-AC-1976-chhattisgarh-46,chhattisgarh,2003,46,BHATAPARA,RADHE LAL ADIL,parties.IN.CSP,CSP,1107,1,8,forfeit,U,,,,challenger,src-1b7bc1c9d39a
IN-AC-1976-chhattisgarh-46,chhattisgarh,2003,46,BHATAPARA,BHAGAT RAM,parties.IN.JDU,JD(U),609,0.55,9,forfeit,U,,,,challenger,src-1b7bc1c9d39a
IN-AC-1976-chhattisgarh-47,chhattisgarh,2003,47,BALODA BAZAR,GANESH SHANKAR BAJPAI,parties.IN.INC,INC,23642,20.51,1,won,U,,,,incumbent,src-1b7bc1c9d39a
IN-AC-1976-chhattisgarh-47,chhattisgarh,2003,47,BALODA BAZAR,VIPIN BIHARI VERMA,parties.IN.BJP,BJP,23333,20.24,2,lost,U,,,,challenger,src-1b7bc1c9d39a
IN-AC-1976-chhattisgarh-47,chhattisgarh,2003,47,BALODA BAZAR,PARMESHWARYADU,parties.IN.IND,IND,22818,19.8,3,lost,U,,,,challenger,src-1b7bc1c9d39a
IN-AC-1976-chhattisgarh-47,chhattisgarh,2003,47,BALODA BAZAR,PURUSHOTTAM SAHU,parties.IN.NCP,NCP,21086,18.29,4,lost,U,,,,challenger,src-1b7bc1c9d39a
IN-AC-1976-chhattisgarh-47,chhattisgarh,2003,47,BALODA BAZAR,RAJKUMAR PATRE,parties.IN.BSP,BSP,20222,17.54,5,lost,U,,,,challenger,src-1b7bc1c9d39a
IN-AC-1976-chhattisgarh-47,chhattisgarh,2003,47,BALODA BAZAR,ENGG. VALMIKI DHRUV,parties.IN.GGP,GGP,1581,1.37,6,forfeit,U,,,,challenger,src-1b7bc1c9d39a
IN-AC-1976-chhattisgarh-47,chhattisgarh,2003,47,BALODA BAZAR,NIRANJAN LAL YADAV,parties.IN.IND,IND,1378,1.2,7,forfeit,U,,,,challenger,src-1b7bc1c9d39a
IN-AC-1976-chhattisgarh-47,chhattisgarh,2003,47,BALODA BAZAR,SMT DHARMOTIN JAGATPAL SAHU,parties.IN.SAD,AD,1206,1.05,8,forfeit,U,,,,challenger,src-1b7bc1c9d39a
IN-AC-1976-chhattisgarh-48,chhattisgarh,2003,48,PALLARI,DR. SHIV KUMAR DAHRIA,parties.IN.INC,INC,40814,38.55,1,won,U,,,,challenger,src-1b7bc1c9d39a
IN-AC-1976-chhattisgarh-48,chhattisgarh,2003,48,PALLARI,DURGA PRASAD MAHESHWAR,parties.IN.BJP,BJP,38112,36,2,lost,U,,,,challenger,src-1b7bc1c9d39a
IN-AC-1976-chhattisgarh-48,chhattisgarh,2003,48,PALLARI,SMT. GITA GRITLAHRE,parties.IN.BSP,BSP,13740,12.98,3,forfeit,U,,,,challenger,src-1b7bc1c9d39a
IN-AC-1976-chhattisgarh-48,chhattisgarh,2003,48,PALLARI,BHISAN GURUPANCH,parties.IN.NCP,NCP,6440,6.08,4,forfeit,U,,,,challenger,src-1b7bc1c9d39a
IN-AC-1976-chhattisgarh-48,chhattisgarh,2003,48,PALLARI,MOHAN LAL RATNAKAR,parties.IN.IND,IND,3056,2.89,5,forfeit,U,,,,challenger,src-1b7bc1c9d39a
IN-AC-1976-chhattisgarh-48,chhattisgarh,2003,48,PALLARI,ANAND KUMAR BANDHE,parties.IN.SAD,AD,2004,1.89,6,forfeit,U,,,,challenger,src-1b7bc1c9d39a
IN-AC-1976-chhattisgarh-48,chhattisgarh,2003,48,PALLARI,DILIP KUMAR BANJARE,parties.IN.CSP,CSP,1697,1.6,7,forfeit,U,,,,challenger,src-1b7bc1c9d39a
IN-AC-1976-chhattisgarh-49,chhattisgarh,2003,49,KASDOL,RAJKAMAL SINGHANIA,parties.IN.INC,INC,48024,38.35,1,won,U,,,,challenger,src-1b7bc1c9d39a
IN-AC-1976-chhattisgarh-49,chhattisgarh,2003,49,KASDOL,GOURI SHANKAR AGRAWAL,parties.IN.BJP,BJP,43002,34.34,2,lost,U,,,,incumbent,src-1b7bc1c9d39a
IN-AC-1976-chhattisgarh-49,chhattisgarh,2003,49,KASDOL,GUHARAM PATEL,parties.IN.BSP,BSP,18715,14.95,3,forfeit,U,,,,challenger,src-1b7bc1c9d39a
IN-AC-1976-chhattisgarh-49,chhattisgarh,2003,49,KASDOL,DINESH MISHRA,parties.IN.NCP,NCP,6027,4.81,4,forfeit,U,,,,challenger,src-1b7bc1c9d39a
IN-AC-1976-chhattisgarh-49,chhattisgarh,2003,49,KASDOL,SURYAPRAKASH,parties.IN.IND,IND,2947,2.35,5,forfeit,U,,,,challenger,src-1b7bc1c9d39a
IN-AC-1976-chhattisgarh-49,chhattisgarh,2003,49,KASDOL,NARAYAN SAHU,parties.IN.IND,IND,1620,1.29,6,forfeit,U,,,,challenger,src-1b7bc1c9d39a
IN-AC-1976-chhattisgarh-49,chhattisgarh,2003,49,KASDOL,ANIL TIWARI,parties.IN.IND,IND,1469,1.17,7,forfeit,U,,,,challenger,src-1b7bc1c9d39a
IN-AC-1976-chhattisgarh-49,chhattisgarh,2003,49,KASDOL,GOURI SHANKAR SAHU,parties.IN.IND,IND,1337,1.07,8,forfeit,U,,,,challenger,src-1b7bc1c9d39a
IN-AC-1976-chhattisgarh-49,chhattisgarh,2003,49,KASDOL,NARESHKUMAR,parties.IN.IND,IND,893,0.71,9,forfeit,U,,,,challenger,src-1b7bc1c9d39a
IN-AC-1976-chhattisgarh-49,chhattisgarh,2003,49,KASDOL,ARUN KUMAR YADAV,parties.IN.IND,IND,609,0.49,10,forfeit,U,,,,challenger,src-1b7bc1c9d39a
IN-AC-1976-chhattisgarh-49,chhattisgarh,2003,49,KASDOL,KANHAIYA LAL DHIRI,parties.IN.IND,IND,579,0.46,11,forfeit,U,,,,challenger,src-1b7bc1c9d39a
IN-AC-1976-chhattisgarh-50,chhattisgarh,2003,50,BHATGAON,DR. HARI DAS BHARDWAJ,parties.IN.INC,INC,34741,33.88,1,won,U,,,,incumbent,src-1b7bc1c9d39a
IN-AC-1976-chhattisgarh-50,chhattisgarh,2003,50,BHATGAON,DR. BHUSHAN LAL JANGDE,parties.IN.BJP,BJP,26519,25.86,2,lost,U,,,,challenger,src-1b7bc1c9d39a
IN-AC-1976-chhattisgarh-50,chhattisgarh,2003,50,BHATGAON,RAMESHWAR PRASAD KHATKAR,parties.IN.BSP,BSP,24076,23.48,3,lost,U,,,,challenger,src-1b7bc1c9d39a
IN-AC-1976-chhattisgarh-50,chhattisgarh,2003,50,BHATGAON,RATAN LAL BANJARE,parties.IN.NCP,NCP,11841,11.55,4,forfeit,U,,,,challenger,src-1b7bc1c9d39a
IN-AC-1976-chhattisgarh-50,chhattisgarh,2003,50,BHATGAON,BUDHRAM,parties.IN.IND,IND,3316,3.23,5,forfeit,U,,,,challenger,src-1b7bc1c9d39a
IN-AC-1976-chhattisgarh-50,chhattisgarh,2003,50,BHATGAON,NAGESHWAR PRASAD BANJARE,parties.IN.SP,SP,2047,2,6,forfeit,U,,,,challenger,src-1b7bc1c9d39a
IN-AC-1976-chhattisgarh-51,chhattisgarh,2003,51,RAJIM,CHANDULAL SAHU,parties.IN.BJP,BJP,57798,45.26,1,won,U,,,,challenger,src-1b7bc1c9d39a
IN-AC-1976-chhattisgarh-51,chhattisgarh,2003,51,RAJIM,AMITESH SHUKLA,parties.IN.INC,INC,45922,35.96,2,lost,U,,,,incumbent,src-1b7bc1c9d39a
IN-AC-1976-chhattisgarh-51,chhattisgarh,2003,51,RAJIM,DR. ANAND MATAWALE (GURUJI),parties.IN.IND,IND,8668,6.79,3,forfeit,U,,,,challenger,src-1b7bc1c9d39a
IN-AC-1976-chhattisgarh-51,chhattisgarh,2003,51,RAJIM,LOKESH PANDEY,parties.IN.NCP,NCP,5787,4.53,4,forfeit,U,,,,challenger,src-1b7bc1c9d39a
IN-AC-1976-chhattisgarh-51,chhattisgarh,2003,51,RAJIM,SULTAN SINGH SATNAM,parties.IN.IND,IND,4601,3.6,5,forfeit,U,,,,challenger,src-1b7bc1c9d39a
IN-AC-1976-chhattisgarh-51,chhattisgarh,2003,51,RAJIM,KALI RAM SAHU,parties.IN.BSP,BSP,1864,1.46,6,forfeit,U,,,,challenger,src-1b7bc1c9d39a
IN-AC-1976-chhattisgarh-51,chhattisgarh,2003,51,RAJIM,JAGESHWAR RAM,parties.IN.IND,IND,1169,0.92,7,forfeit,U,,,,challenger,src-1b7bc1c9d39a
IN-AC-1976-chhattisgarh-51,chhattisgarh,2003,51,RAJIM,SHAMBHU RAM KUNJAM (PAINTER),parties.IN.GGP,GGP,828,0.65,8,forfeit,U,,,,challenger,src-1b7bc1c9d39a
IN-AC-1976-chhattisgarh-51,chhattisgarh,2003,51,RAJIM,RAJENDRA BHARTIYA,parties.IN.SAD,AD,548,0.43,9,forfeit,U,,,,challenger,src-1b7bc1c9d39a
IN-AC-1976-chhattisgarh-51,chhattisgarh,2003,51,RAJIM,MANOJ KUMAR CHANDRAKAR,parties.IN.SP,SP,515,0.4,10,forfeit,U,,,,challenger,src-1b7bc1c9d39a
IN-AC-1976-chhattisgarh-52,chhattisgarh,2003,52,BINDRANAWAGARH,OMKAR SHAH,parties.IN.INC,INC,53209,46.49,1,won,U,,,,challenger,src-1b7bc1c9d39a
IN-AC-1976-chhattisgarh-52,chhattisgarh,2003,52,BINDRANAWAGARH,GOVERDHAN SINGH MANJHI,parties.IN.BJP,BJP,44413,38.8,2,lost,U,,,,challenger,src-1b7bc1c9d39a
IN-AC-1976-chhattisgarh-52,chhattisgarh,2003,52,BINDRANAWAGARH,RAMRATAN MANJHI,parties.IN.NCP,NCP,8924,7.8,3,forfeit,U,,,,challenger,src-1b7bc1c9d39a
IN-AC-1976-chhattisgarh-52,chhattisgarh,2003,52,BINDRANAWAGARH,MAHENDRA NETAM,parties.IN.GGP,GGP,5226,4.57,4,forfeit,U,,,,challenger,src-1b7bc1c9d39a
IN-AC-1976-chhattisgarh-52,chhattisgarh,2003,52,BINDRANAWAGARH,RUPDHAR DHRUW,parties.IN.CPIM,CPM,2682,2.34,5,forfeit,U,,,,challenger,src-1b7bc1c9d39a
IN-AC-1976-chhattisgarh-53,chhattisgarh,2003,53,SARAIPALI,TRILOCHAN PATEL,parties.IN.BJP,BJP,49674,44.24,1,won,U,,,,challenger,src-1b7bc1c9d39a
IN-AC-1976-chhattisgarh-53,chhattisgarh,2003,53,SARAIPALI,DEVENDRA BAHADUR SINGH,parties.IN.INC,INC,40942,36.47,2,lost,U,,,,incumbent,src-1b7bc1c9d39a
IN-AC-1976-chhattisgarh-53,chhattisgarh,2003,53,SARAIPALI,AMAR BAGGA,parties.IN.SP,SP,10684,9.52,3,forfeit,U,,,,challenger,src-1b7bc1c9d39a
IN-AC-1976-chhattisgarh-53,chhattisgarh,2003,53,SARAIPALI,BIRKILAL SAHU,parties.IN.BSP,BSP,3239,2.88,4,forfeit,U,,,,challenger,src-1b7bc1c9d39a
IN-AC-1976-chhattisgarh-53,chhattisgarh,2003,53,SARAIPALI,PANCH RAM,parties.IN.IND,IND,2748,2.45,5,forfeit,U,,,,challenger,src-1b7bc1c9d39a
IN-AC-1976-chhattisgarh-53,chhattisgarh,2003,53,SARAIPALI,RAJIM KETVAS,parties.IN.CMM,CMM,2481,2.21,6,forfeit,U,,,,challenger,src-1b7bc1c9d39a
IN-AC-1976-chhattisgarh-53,chhattisgarh,2003,53,SARAIPALI,BIHARILAL PATEL,parties.IN.NCP,NCP,1815,1.62,7,forfeit,U,,,,challenger,src-1b7bc1c9d39a
IN-AC-1976-chhattisgarh-53,chhattisgarh,2003,53,SARAIPALI,BAJRANG SEN GANPAT SARAIPALI,parties.IN.LSWP,LSWP,689,0.61,8,forfeit,U,,,,challenger,src-1b7bc1c9d39a
IN-AC-1976-chhattisgarh-54,chhattisgarh,2003,54,BASNA,DR. TRIVIKRAM BHOI,parties.IN.BJP,BJP,29385,29.38,1,won,U,,,,challenger,src-1b7bc1c9d39a
IN-AC-1976-chhattisgarh-54,chhattisgarh,2003,54,BASNA,MAHENDRA BAHADUR SINGH,parties.IN.INC,INC,26982,26.98,2,lost,U,,,,incumbent,src-1b7bc1c9d39a
IN-AC-1976-chhattisgarh-54,chhattisgarh,2003,54,BASNA,SARINDER SINGH MANNU,parties.IN.NCP,NCP,18875,18.87,3,lost,U,,,,challenger,src-1b7bc1c9d39a
IN-AC-1976-chhattisgarh-54,chhattisgarh,2003,54,BASNA,PURANDAR,parties.IN.IND,IND,14373,14.37,4,forfeit,U,,,,challenger,src-1b7bc1c9d39a
IN-AC-1976-chhattisgarh-54,chhattisgarh,2003,54,BASNA,LACCHI LAL BHOI,parties.IN.IND,IND,2694,2.69,5,forfeit,U,,,,challenger,src-1b7bc1c9d39a
IN-AC-1976-chhattisgarh-54,chhattisgarh,2003,54,BASNA,CHANCHAL,parties.IN.CMM,CMM,2606,2.61,6,forfeit,U,,,,challenger,src-1b7bc1c9d39a
IN-AC-1976-chhattisgarh-54,chhattisgarh,2003,54,BASNA,RAKESH KUMAR,parties.IN.IND,IND,1548,1.55,7,forfeit,U,,,,challenger,src-1b7bc1c9d39a
IN-AC-1976-chhattisgarh-54,chhattisgarh,2003,54,BASNA,BIHARI BAIYA,parties.IN.IND,IND,1134,1.13,8,forfeit,U,,,,challenger,src-1b7bc1c9d39a
IN-AC-1976-chhattisgarh-54,chhattisgarh,2003,54,BASNA,COMRADE SHIKA DAS (PATRAKAR),parties.IN.LSWP,LSWP,899,0.9,9,forfeit,U,,,,challenger,src-1b7bc1c9d39a
IN-AC-1976-chhattisgarh-54,chhattisgarh,2003,54,BASNA,KSHAMANIDHI MISHRA,parties.IN.SP,SP,859,0.86,10,forfeit,U,,,,challenger,src-1b7bc1c9d39a
IN-AC-1976-chhattisgarh-54,chhattisgarh,2003,54,BASNA,SUNDER SINGH BARHA,parties.IN.GGP,GGP,653,0.65,11,forfeit,U,,,,challenger,src-1b7bc1c9d39a
IN-AC-1976-chhattisgarh-55,chhattisgarh,2003,55,KHALLARI,PREETAM SINGH DIWAN,parties.IN.BJP,BJP,33701,34.37,1,won,U,,,,challenger,src-1b7bc1c9d39a
IN-AC-1976-chhattisgarh-55,chhattisgarh,2003,55,KHALLARI,BHEKHRAM SAHU,parties.IN.INC,INC,28076,28.64,2,lost,U,,,,challenger,src-1b7bc1c9d39a
IN-AC-1976-chhattisgarh-55,chhattisgarh,2003,55,KHALLARI,PARESH BAGBAHRA,parties.IN.IND,IND,21201,21.62,3,lost,U,,,,challenger,src-1b7bc1c9d39a
IN-AC-1976-chhattisgarh-55,chhattisgarh,2003,55,KHALLARI,REKHARAM BAGH (BAKAMAWALE),parties.IN.IND,IND,3905,3.98,4,forfeit,U,,,,challenger,src-1b7bc1c9d39a
IN-AC-1976-chhattisgarh-55,chhattisgarh,2003,55,KHALLARI,RAMESH SINGH THAKUR,parties.IN.BSP,BSP,2581,2.63,5,forfeit,U,,,,challenger,src-1b7bc1c9d39a
IN-AC-1976-chhattisgarh-55,chhattisgarh,2003,55,KHALLARI,BHEKHRAM SAHU,parties.IN.IND,IND,1875,1.91,6,forfeit,U,,,,challenger,src-1b7bc1c9d39a
IN-AC-1976-chhattisgarh-55,chhattisgarh,2003,55,KHALLARI,SANTRAM,parties.IN.CPI,CPI,1576,1.61,7,forfeit,U,,,,challenger,src-1b7bc1c9d39a
IN-AC-1976-chhattisgarh-55,chhattisgarh,2003,55,KHALLARI,CHAMPA LAL PATEL,parties.IN.IND,IND,1128,1.15,8,forfeit,U,,,,challenger,src-1b7bc1c9d39a
IN-AC-1976-chhattisgarh-55,chhattisgarh,2003,55,KHALLARI,PRITAM SINGH,parties.IN.IND,IND,969,0.99,9,forfeit,U,,,,challenger,src-1b7bc1c9d39a
IN-AC-1976-chhattisgarh-55,chhattisgarh,2003,55,KHALLARI,INDURIA LAXMINARAYAN,parties.IN.JDU,JD(U),713,0.73,10,forfeit,U,,,,challenger,src-1b7bc1c9d39a
IN-AC-1976-chhattisgarh-55,chhattisgarh,2003,55,KHALLARI,RAJENDRA CHANDRAKAR,parties.IN.NCP,NCP,696,0.71,11,forfeit,U,,,,challenger,src-1b7bc1c9d39a
IN-AC-1976-chhattisgarh-55,chhattisgarh,2003,55,KHALLARI,DR. CHANDRAKANT SHARMA,parties.IN.IND,IND,597,0.61,12,forfeit,U,,,,challenger,src-1b7bc1c9d39a
IN-AC-1976-chhattisgarh-55,chhattisgarh,2003,55,KHALLARI,RAMGULAM SINGH THAKUR,parties.IN.SP,SP,560,0.57,13,forfeit,U,,,,challenger,src-1b7bc1c9d39a
IN-AC-1976-chhattisgarh-55,chhattisgarh,2003,55,KHALLARI,KHEMRAJ DHRITLAHRE,parties.IN.IND,IND,467,0.48,14,forfeit,U,,,,challenger,src-1b7bc1c9d39a
IN-AC-1976-chhattisgarh-56,chhattisgarh,2003,56,MAHASAMUND,POONAM CHANDRAKAR,parties.IN.BJP,BJP,41812,38.81,1,won,U,,,,challenger,src-1b7bc1c9d39a
IN-AC-1976-chhattisgarh-56,chhattisgarh,2003,56,MAHASAMUND,AGNI CHANDRAKAR,parties.IN.INC,INC,40201,37.32,2,lost,U,,,,incumbent,src-1b7bc1c9d39a
IN-AC-1976-chhattisgarh-56,chhattisgarh,2003,56,MAHASAMUND,MANOJ KANT SAHU,parties.IN.NCP,NCP,16681,15.48,3,forfeit,U,,,,challenger,src-1b7bc1c9d39a
IN-AC-1976-chhattisgarh-56,chhattisgarh,2003,56,MAHASAMUND,LEDGA RAM URF LAMKESHWAR SAHU,parties.IN.IND,IND,3644,3.38,4,forfeit,U,,,,challenger,src-1b7bc1c9d39a
IN-AC-1976-chhattisgarh-56,chhattisgarh,2003,56,MAHASAMUND,PRAVEEN KUMAR THAKUR,parties.IN.IND,IND,1942,1.8,5,forfeit,U,,,,challenger,src-1b7bc1c9d39a
IN-AC-1976-chhattisgarh-56,chhattisgarh,2003,56,MAHASAMUND,MAHEDRA KUMAR SAHU,parties.IN.BSP,BSP,866,0.8,6,forfeit,U,,,,challenger,src-1b7bc1c9d39a
IN-AC-1976-chhattisgarh-56,chhattisgarh,2003,56,MAHASAMUND,DEV PRASAD KELKAR,parties.IN.IND,IND,752,0.7,7,forfeit,U,,,,challenger,src-1b7bc1c9d39a
IN-AC-1976-chhattisgarh-56,chhattisgarh,2003,56,MAHASAMUND,FAZAL HUSSAIN PASHA,parties.IN.LSWP,LSWP,374,0.35,8,forfeit,U,,,,challenger,src-1b7bc1c9d39a
IN-AC-1976-chhattisgarh-56,chhattisgarh,2003,56,MAHASAMUND,DR. UMESH,parties.IN.IND,IND,367,0.34,9,forfeit,U,,,,challenger,src-1b7bc1c9d39a
IN-AC-1976-chhattisgarh-56,chhattisgarh,2003,56,MAHASAMUND,HARSH LATA,parties.IN.CMM,CMM,352,0.33,10,forfeit,U,,,,challenger,src-1b7bc1c9d39a
IN-AC-1976-chhattisgarh-56,chhattisgarh,2003,56,MAHASAMUND,SHRIDHAR PATEL,parties.IN.SAD,AD,288,0.27,11,forfeit,U,,,,challenger,src-1b7bc1c9d39a
IN-AC-1976-chhattisgarh-56,chhattisgarh,2003,56,MAHASAMUND,SURESH KUMAR,parties.IN.RPI,RPI,234,0.22,12,forfeit,U,,,,challenger,src-1b7bc1c9d39a
IN-AC-1976-chhattisgarh-56,chhattisgarh,2003,56,MAHASAMUND,ITWARI RAM,parties.IN.IND,IND,217,0.2,13,forfeit,U,,,,challenger,src-1b7bc1c9d39a
IN-AC-1976-chhattisgarh-57,chhattisgarh,2003,57,SIHAWA,PINKY DHRUW,parties.IN.BJP,BJP,47624,45.11,1,won,U,,,,challenger,src-1b7bc1c9d39a
IN-AC-1976-chhattisgarh-57,chhattisgarh,2003,57,SIHAWA,MADHAV SINGH DHRUW,parties.IN.INC,INC,31559,29.89,2,lost,U,,,,incumbent,src-1b7bc1c9d39a
IN-AC-1976-chhattisgarh-57,chhattisgarh,2003,57,SIHAWA,KUNDAN SINGH SAKSHI,parties.IN.IND,IND,19136,18.13,3,lost,U,,,,challenger,src-1b7bc1c9d39a
IN-AC-1976-chhattisgarh-57,chhattisgarh,2003,57,SIHAWA,BHAIYYALAL DHRUW,parties.IN.NCP,NCP,3948,3.74,4,forfeit,U,,,,challenger,src-1b7bc1c9d39a
IN-AC-1976-chhattisgarh-57,chhattisgarh,2003,57,SIHAWA,BANSI SRIMALI,parties.IN.LSWP,LSWP,2213,2.1,5,forfeit,U,,,,challenger,src-1b7bc1c9d39a
IN-AC-1976-chhattisgarh-57,chhattisgarh,2003,57,SIHAWA,RAJENDRA KUMAR DHRUW,parties.IN.SP,SP,1091,1.03,6,forfeit,U,,,,challenger,src-1b7bc1c9d39a
IN-AC-1976-chhattisgarh-58,chhattisgarh,2003,58,KURUD,AJAY CHANDRAKAR DALA,parties.IN.BJP,BJP,56247,46.26,1,won,U,,,,incumbent,src-1b7bc1c9d39a
IN-AC-1976-chhattisgarh-58,chhattisgarh,2003,58,KURUD,BHULESHWARI ALIAS DEEPA SAHU,parties.IN.INC,INC,53538,44.03,2,lost,U,,,,challenger,src-1b7bc1c9d39a
IN-AC-1976-chhattisgarh-58,chhattisgarh,2003,58,KURUD,RAJENDRA KUMAR,parties.IN.BSP,BSP,3996,3.29,3,forfeit,U,,,,challenger,src-1b7bc1c9d39a
IN-AC-1976-chhattisgarh-58,chhattisgarh,2003,58,KURUD,RAJGOPAL,parties.IN.IND,IND,2919,2.4,4,forfeit,U,,,,challenger,src-1b7bc1c9d39a
IN-AC-1976-chhattisgarh-58,chhattisgarh,2003,58,KURUD,MAHANT NANDLAL SAHU,parties.IN.NCP,NCP,2400,1.97,5,forfeit,U,,,,challenger,src-1b7bc1c9d39a
IN-AC-1976-chhattisgarh-58,chhattisgarh,2003,58,KURUD,DR AWADH RAM SAHU,parties.IN.JMM,JMM,1609,1.32,6,forfeit,U,,,,challenger,src-1b7bc1c9d39a
IN-AC-1976-chhattisgarh-58,chhattisgarh,2003,58,KURUD,JAGANNATH SINGH DHRUW,parties.IN.GGP,GGP,875,0.72,7,forfeit,U,,,,challenger,src-1b7bc1c9d39a
IN-AC-1976-chhattisgarh-59,chhattisgarh,2003,59,DHAMTARI,INDER CHOPRA,parties.IN.BJP,BJP,70494,51.04,1,won,U,,,,challenger,src-1b7bc1c9d39a
IN-AC-1976-chhattisgarh-59,chhattisgarh,2003,59,DHAMTARI,GURUMUKH SINGH HORA,parties.IN.INC,INC,56914,41.21,2,lost,U,,,,challenger,src-1b7bc1c9d39a
IN-AC-1976-chhattisgarh-59,chhattisgarh,2003,59,DHAMTARI,GOPAL PRASAD,parties.IN.NCP,NCP,5270,3.82,3,forfeit,U,,,,challenger,src-1b7bc1c9d39a
IN-AC-1976-chhattisgarh-59,chhattisgarh,2003,59,DHAMTARI,SATYAWAN YADAV (BABLOO),parties.IN.IND,IND,2913,2.11,4,forfeit,U,,,,challenger,src-1b7bc1c9d39a
IN-AC-1976-chhattisgarh-59,chhattisgarh,2003,59,DHAMTARI,YATISH,parties.IN.IND,IND,1377,1,5,forfeit,U,,,,challenger,src-1b7bc1c9d39a
IN-AC-1976-chhattisgarh-59,chhattisgarh,2003,59,DHAMTARI,SHIVCHARAN NETAM,parties.IN.SP,SP,425,0.31,6,forfeit,U,,,,challenger,src-1b7bc1c9d39a
IN-AC-1976-chhattisgarh-59,chhattisgarh,2003,59,DHAMTARI,MADAN YADAV,parties.IN.IND,IND,409,0.3,7,forfeit,U,,,,challenger,src-1b7bc1c9d39a
IN-AC-1976-chhattisgarh-59,chhattisgarh,2003,59,DHAMTARI,DEVRAJ SAHU (SONWANI) MAN SINGH SAHU,parties.IN.IND,IND,304,0.22,8,forfeit,U,,,,challenger,src-1b7bc1c9d39a
IN-AC-1976-chhattisgarh-60,chhattisgarh,2003,60,BHANUPRATAPPUR,DEOLAL DUGGA,parties.IN.BJP,BJP,40803,39.28,1,won,U,,,,challenger,src-1b7bc1c9d39a
IN-AC-1976-chhattisgarh-60,chhattisgarh,2003,60,BHANUPRATAPPUR,MANOJ SINGH MANDAVI,parties.IN.INC,INC,39424,37.95,2,lost,U,,,,challenger,src-1b7bc1c9d39a
IN-AC-1976-chhattisgarh-60,chhattisgarh,2003,60,BHANUPRATAPPUR,VIJAY THAKUR,parties.IN.NCP,NCP,13186,12.69,3,forfeit,U,,,,challenger,src-1b7bc1c9d39a
IN-AC-1976-chhattisgarh-60,chhattisgarh,2003,60,BHANUPRATAPPUR,RAMESHWAR SINGH THAKUR,parties.IN.CPI,CPI,3787,3.65,4,forfeit,U,,,,challenger,src-1b7bc1c9d39a
IN-AC-1976-chhattisgarh-60,chhattisgarh,2003,60,BHANUPRATAPPUR,BHARAT KUNJAM,parties.IN.IND,IND,3259,3.14,5,forfeit,U,,,,challenger,src-1b7bc1c9d39a
IN-AC-1976-chhattisgarh-60,chhattisgarh,2003,60,BHANUPRATAPPUR,DWARAKA PRASAD,parties.IN.IND,IND,1792,1.73,6,forfeit,U,,,,challenger,src-1b7bc1c9d39a
IN-AC-1976-chhattisgarh-60,chhattisgarh,2003,60,BHANUPRATAPPUR,PURSHOTTAM SINGH KUNJAM,parties.IN.GGP,GGP,913,0.88,7,forfeit,U,,,,challenger,src-1b7bc1c9d39a
IN-AC-1976-chhattisgarh-60,chhattisgarh,2003,60,BHANUPRATAPPUR,AVADH MANDHAVI,parties.IN.IND,IND,709,0.68,8,forfeit,U,,,,challenger,src-1b7bc1c9d39a
IN-AC-1976-chhattisgarh-61,chhattisgarh,2003,61,KANKER,AGHAN SINGH THAKUR,parties.IN.BJP,BJP,50198,55.11,1,won,U,,,,challenger,src-1b7bc1c9d39a
IN-AC-1976-chhattisgarh-61,chhattisgarh,2003,61,KANKER,SHYAMA DHRUWA,parties.IN.INC,INC,24387,26.77,2,lost,U,,,,incumbent,src-1b7bc1c9d39a
IN-AC-1976-chhattisgarh-61,chhattisgarh,2003,61,KANKER,BHAGWAT NETAM,parties.IN.NCP,NCP,7970,8.75,3,forfeit,U,,,,challenger,src-1b7bc1c9d39a
IN-AC-1976-chhattisgarh-61,chhattisgarh,2003,61,KANKER,RAMESH NETAM,parties.IN.IND,IND,3832,4.21,4,forfeit,U,,,,challenger,src-1b7bc1c9d39a
IN-AC-1976-chhattisgarh-61,chhattisgarh,2003,61,KANKER,AVINASH THAKUR,parties.IN.JDU,JD(U),2008,2.2,5,forfeit,U,,,,challenger,src-1b7bc1c9d39a
IN-AC-1976-chhattisgarh-61,chhattisgarh,2003,61,KANKER,RAJENDRA KUMAR THAKUR,parties.IN.SP,SP,973,1.07,6,forfeit,U,,,,challenger,src-1b7bc1c9d39a
IN-AC-1976-chhattisgarh-61,chhattisgarh,2003,61,KANKER,RAMESHWAR SINGH DHRUWA,parties.IN.CSP,CSP,902,0.99,7,forfeit,U,,,,challenger,src-1b7bc1c9d39a
IN-AC-1976-chhattisgarh-61,chhattisgarh,2003,61,KANKER,PRAKASH CHANDRA BHANDARI,parties.IN.UNK,YGP,819,0.9,8,forfeit,U,,,,challenger,src-1b7bc1c9d39a
IN-AC-1976-chhattisgarh-62,chhattisgarh,2003,62,NARAYANPUR,VIKRAM USENDI,parties.IN.BJP,BJP,40504,46.45,1,won,U,,,,challenger,src-1b7bc1c9d39a
IN-AC-1976-chhattisgarh-62,chhattisgarh,2003,62,NARAYANPUR,MANTU RAM PAWAR,parties.IN.INC,INC,31690,36.34,2,lost,U,,,,incumbent,src-1b7bc1c9d39a
IN-AC-1976-chhattisgarh-62,chhattisgarh,2003,62,NARAYANPUR,SANJAY PARATE,parties.IN.CPIM,CPM,15004,17.21,3,lost,U,,,,challenger,src-1b7bc1c9d39a
IN-AC-1976-chhattisgarh-63,chhattisgarh,2003,63,KESKALA,MAHESH BAGHEL,parties.IN.BJP,BJP,44477,48.25,1,won,U,,,,challenger,src-1b7bc1c9d39a
IN-AC-1976-chhattisgarh-63,chhattisgarh,2003,63,KESKALA,PHOOLO DEVI NETAM,parties.IN.INC,INC,33195,36.01,2,lost,U,,,,incumbent,src-1b7bc1c9d39a
IN-AC-1976-chhattisgarh-63,chhattisgarh,2003,63,KESKALA,LAKHAN LAL,parties.IN.IND,IND,6722,7.29,3,forfeit,U,,,,challenger,src-1b7bc1c9d39a
IN-AC-1976-chhattisgarh-63,chhattisgarh,2003,63,KESKALA,RAMLAL KORRAM,parties.IN.NCP,NCP,5376,5.83,4,forfeit,U,,,,challenger,src-1b7bc1c9d39a
IN-AC-1976-chhattisgarh-63,chhattisgarh,2003,63,KESKALA,JAILAL,parties.IN.IND,IND,2410,2.61,5,forfeit,U,,,,challenger,src-1b7bc1c9d39a
IN-AC-1976-chhattisgarh-64,chhattisgarh,2003,64,KONDAGAON,KU. LATA USENDI,parties.IN.BJP,BJP,42821,49.59,1,won,U,,,,challenger,src-1b7bc1c9d39a
IN-AC-1976-chhattisgarh-64,chhattisgarh,2003,64,KONDAGAON,SHANKAR SODHI,parties.IN.INC,INC,28700,33.24,2,lost,U,,,,incumbent,src-1b7bc1c9d39a
IN-AC-1976-chhattisgarh-64,chhattisgarh,2003,64,KONDAGAON,LAXMINATH BHARTI,parties.IN.IND,IND,5092,5.9,3,forfeit,U,,,,challenger,src-1b7bc1c9d39a
IN-AC-1976-chhattisgarh-64,chhattisgarh,2003,64,KONDAGAON,SONSAY NETAM,parties.IN.CPI,CPI,4336,5.02,4,forfeit,U,,,,challenger,src-1b7bc1c9d39a
IN-AC-1976-chhattisgarh-64,chhattisgarh,2003,64,KONDAGAON,HARISHANKER NETAM,parties.IN.NCP,NCP,3585,4.15,5,forfeit,U,,,,challenger,src-1b7bc1c9d39a
IN-AC-1976-chhattisgarh-64,chhattisgarh,2003,64,KONDAGAON,MANKU,parties.IN.IND,IND,1811,2.1,6,forfeit,U,,,,challenger,src-1b7bc1c9d39a
IN-AC-1976-chhattisgarh-65,chhattisgarh,2003,65,BHANPURI,KEDAR KSHYAP,parties.IN.BJP,BJP,41023,47.35,1,won,U,,,,challenger,src-1b7bc1c9d39a
IN-AC-1976-chhattisgarh-65,chhattisgarh,2003,65,BHANPURI,ANTU RAM KASHYAP,parties.IN.INC,INC,29631,34.2,2,lost,U,,,,incumbent,src-1b7bc1c9d39a
IN-AC-1976-chhattisgarh-65,chhattisgarh,2003,65,BHANPURI,MADHU RAM MURAYA,parties.IN.IND,IND,4812,5.55,3,forfeit,U,,,,challenger,src-1b7bc1c9d39a
IN-AC-1976-chhattisgarh-65,chhattisgarh,2003,65,BHANPURI,LAKHAMU BHARTI,parties.IN.NCP,NCP,4624,5.34,4,forfeit,U,,,,challenger,src-1b7bc1c9d39a
IN-AC-1976-chhattisgarh-65,chhattisgarh,2003,65,BHANPURI,BUDHSAN,parties.IN.CPI,CPI,3775,4.36,5,forfeit,U,,,,challenger,src-1b7bc1c9d39a
IN-AC-1976-chhattisgarh-65,chhattisgarh,2003,65,BHANPURI,CHATURBHUJ BAGHEL,parties.IN.BSP,BSP,2781,3.21,6,forfeit,U,,,,challenger,src-1b7bc1c9d39a
IN-AC-1976-chhattisgarh-66,chhattisgarh,2003,66,JAGDALPUR,DR. SUBHAU KASHYAP,parties.IN.BJP,BJP,60327,56.48,1,won,U,,,,challenger,src-1b7bc1c9d39a
IN-AC-1976-chhattisgarh-66,chhattisgarh,2003,66,JAGDALPUR,JHITRU RAM BHAGHEL,parties.IN.INC,INC,30038,28.12,2,lost,U,,,,incumbent,src-1b7bc1c9d39a
IN-AC-1976-chhattisgarh-66,chhattisgarh,2003,66,JAGDALPUR,SON SINGH PUJARI,parties.IN.NCP,NCP,7510,7.03,3,forfeit,U,,,,challenger,src-1b7bc1c9d39a
IN-AC-1976-chhattisgarh-66,chhattisgarh,2003,66,JAGDALPUR,SONSAI / JHATRU RAM,parties.IN.IND,IND,4470,4.19,4,forfeit,U,,,,challenger,src-1b7bc1c9d39a
IN-AC-1976-chhattisgarh-66,chhattisgarh,2003,66,JAGDALPUR,DURJAN KASHYAP,parties.IN.BSP,BSP,2565,2.4,5,forfeit,U,,,,challenger,src-1b7bc1c9d39a
IN-AC-1976-chhattisgarh-66,chhattisgarh,2003,66,JAGDALPUR,MANSAY MOURYA,parties.IN.CPI,CPI,1898,1.78,6,forfeit,U,,,,challenger,src-1b7bc1c9d39a
IN-AC-1976-chhattisgarh-67,chhattisgarh,2003,67,KESLUR,BAIDURAM KASHYAP,parties.IN.BJP,BJP,39222,50.32,1,won,U,,,,challenger,src-1b7bc1c9d39a
IN-AC-1976-chhattisgarh-67,chhattisgarh,2003,67,KESLUR,MANNU RAM KACHCHA,parties.IN.INC,INC,15164,19.46,2,lost,U,,,,challenger,src-1b7bc1c9d39a
IN-AC-1976-chhattisgarh-67,chhattisgarh,2003,67,KESLUR,RAMNATH SARFE,parties.IN.CPI,CPI,9304,11.94,3,forfeit,U,,,,challenger,src-1b7bc1c9d39a
IN-AC-1976-chhattisgarh-67,chhattisgarh,2003,67,KESLUR,HARISHANKAR KASHYAP,parties.IN.IND,IND,5482,7.03,4,forfeit,U,,,,challenger,src-1b7bc1c9d39a
IN-AC-1976-chhattisgarh-67,chhattisgarh,2003,67,KESLUR,SONSING KASHYAP,parties.IN.NCP,NCP,2772,3.56,5,forfeit,U,,,,challenger,src-1b7bc1c9d39a
IN-AC-1976-chhattisgarh-67,chhattisgarh,2003,67,KESLUR,SADA,parties.IN.IND,IND,2337,3,6,forfeit,U,,,,challenger,src-1b7bc1c9d39a
IN-AC-1976-chhattisgarh-67,chhattisgarh,2003,67,KESLUR,SONSAI KASHYAP,parties.IN.BSP,BSP,2334,2.99,7,forfeit,U,,,,challenger,src-1b7bc1c9d39a
IN-AC-1976-chhattisgarh-67,chhattisgarh,2003,67,KESLUR,SUKH RAM,parties.IN.SP,SP,1326,1.7,8,forfeit,U,,,,challenger,src-1b7bc1c9d39a
IN-AC-1976-chhattisgarh-68,chhattisgarh,2003,68,CHITRAKOTE,LACHHURAM KASHYAP,parties.IN.BJP,BJP,18763,37.48,1,won,U,,,,challenger,src-1b7bc1c9d39a
IN-AC-1976-chhattisgarh-68,chhattisgarh,2003,68,CHITRAKOTE,SMT PRATIBHA SHAH,parties.IN.INC,INC,15304,30.57,2,lost,U,,,,incumbent,src-1b7bc1c9d39a
IN-AC-1976-chhattisgarh-68,chhattisgarh,2003,68,CHITRAKOTE,SUBHASH CHANDRA,parties.IN.IND,IND,4524,9.04,3,forfeit,U,,,,challenger,src-1b7bc1c9d39a
IN-AC-1976-chhattisgarh-68,chhattisgarh,2003,68,CHITRAKOTE,BOMDA RAM KOVASI,parties.IN.CPI,CPI,3610,7.21,4,forfeit,U,,,,challenger,src-1b7bc1c9d39a
IN-AC-1976-chhattisgarh-68,chhattisgarh,2003,68,CHITRAKOTE,LACHCHHU RAM MUKKA,parties.IN.NCP,NCP,3400,6.79,5,forfeit,U,,,,challenger,src-1b7bc1c9d39a
IN-AC-1976-chhattisgarh-68,chhattisgarh,2003,68,CHITRAKOTE,NOHARU RAM KAWASI,parties.IN.IND,IND,2403,4.8,6,forfeit,U,,,,challenger,src-1b7bc1c9d39a
IN-AC-1976-chhattisgarh-68,chhattisgarh,2003,68,CHITRAKOTE,PRAMOD KUMAR S/O C.R. KUMAR,parties.IN.SP,SP,2051,4.1,7,forfeit,U,,,,challenger,src-1b7bc1c9d39a
IN-AC-1976-chhattisgarh-69,chhattisgarh,2003,69,DANTEWADA,MAHENDRA KARMA,parties.IN.INC,INC,24572,35.88,1,won,U,,,,challenger,src-1b7bc1c9d39a
IN-AC-1976-chhattisgarh-69,chhattisgarh,2003,69,DANTEWADA,NANDA RAM SORI,parties.IN.CPI,CPI,19637,28.67,2,lost,U,,,,challenger,src-1b7bc1c9d39a
IN-AC-1976-chhattisgarh-69,chhattisgarh,2003,69,DANTEWADA,SONURAM SODI (URF) CHANNOO BHAIYA,parties.IN.BJP,BJP,13041,19.04,3,lost,U,,,,challenger,src-1b7bc1c9d39a
IN-AC-1976-chhattisgarh-69,chhattisgarh,2003,69,DANTEWADA,PINTU RAM,parties.IN.IND,IND,6385,9.32,4,forfeit,U,,,,challenger,src-1b7bc1c9d39a
IN-AC-1976-chhattisgarh-69,chhattisgarh,2003,69,DANTEWADA,SUKOO RAM KASYAP,parties.IN.NCP,NCP,4855,7.09,5,forfeit,U,,,,challenger,src-1b7bc1c9d39a
IN-AC-1976-chhattisgarh-70,chhattisgarh,2003,70,KONTA,KAWASI LAKHMA,parties.IN.INC,INC,32067,51.54,1,won,U,,,,challenger,src-1b7bc1c9d39a
IN-AC-1976-chhattisgarh-70,chhattisgarh,2003,70,KONTA,MANISH KUNJAM,parties.IN.CPI,CPI,14669,23.58,2,lost,U,,,,challenger,src-1b7bc1c9d39a
IN-AC-1976-chhattisgarh-70,chhattisgarh,2003,70,KONTA,BUDHRAM SODI,parties.IN.BJP,BJP,10452,16.8,3,lost,U,,,,challenger,src-1b7bc1c9d39a
IN-AC-1976-chhattisgarh-70,chhattisgarh,2003,70,KONTA,HUNGARAM POYAM,parties.IN.NCP,NCP,5030,8.08,4,forfeit,U,,,,challenger,src-1b7bc1c9d39a
IN-AC-1976-chhattisgarh-71,chhattisgarh,2003,71,BIJAPUR,RAJENDRA PAMBHOI,parties.IN.INC,INC,15917,32.12,1,won,U,,,,incumbent,src-1b7bc1c9d39a
IN-AC-1976-chhattisgarh-71,chhattisgarh,2003,71,BIJAPUR,RAJARAM TODAM,parties.IN.BJP,BJP,13196,26.63,2,lost,U,,,,challenger,src-1b7bc1c9d39a
IN-AC-1976-chhattisgarh-71,chhattisgarh,2003,71,BIJAPUR,PARET KANHAIYA,parties.IN.NCP,NCP,6108,12.33,3,forfeit,U,,,,challenger,src-1b7bc1c9d39a
IN-AC-1976-chhattisgarh-71,chhattisgarh,2003,71,BIJAPUR,SAKNI CHANDRAIYA,parties.IN.CPI,CPI,5505,11.11,4,forfeit,U,,,,challenger,src-1b7bc1c9d39a
IN-AC-1976-chhattisgarh-71,chhattisgarh,2003,71,BIJAPUR,GYAN SINGH,parties.IN.IND,IND,3944,7.96,5,forfeit,U,,,,challenger,src-1b7bc1c9d39a
IN-AC-1976-chhattisgarh-71,chhattisgarh,2003,71,BIJAPUR,HARISH PAMBHOI,parties.IN.IND,IND,2561,5.17,6,forfeit,U,,,,challenger,src-1b7bc1c9d39a
IN-AC-1976-chhattisgarh-71,chhattisgarh,2003,71,BIJAPUR,SUKLOO,parties.IN.UNK,YGP,2318,4.68,7,forfeit,U,,,,challenger,src-1b7bc1c9d39a
IN-AC-1976-chhattisgarh-72,chhattisgarh,2003,72,MARO,DAYAL DAS BAGHEL,parties.IN.BJP,BJP,45279,46.65,1,won,U,,,,challenger,src-1b7bc1c9d39a
IN-AC-1976-chhattisgarh-72,chhattisgarh,2003,72,MARO,DERHU PRASAD GHRITLAHARE,parties.IN.INC,INC,33620,34.64,2,lost,U,,,,incumbent,src-1b7bc1c9d39a
IN-AC-1976-chhattisgarh-72,chhattisgarh,2003,72,MARO,SURESH BANJARE,parties.IN.BSP,BSP,7299,7.52,3,forfeit,U,,,,challenger,src-1b7bc1c9d39a
IN-AC-1976-chhattisgarh-72,chhattisgarh,2003,72,MARO,GOAKARAN SINGH KURREY,parties.IN.NCP,NCP,3116,3.21,4,forfeit,U,,,,challenger,src-1b7bc1c9d39a
IN-AC-1976-chhattisgarh-72,chhattisgarh,2003,72,MARO,DAYAL DAS BAGHEL,parties.IN.IND,IND,2355,2.43,5,forfeit,U,,,,challenger,src-1b7bc1c9d39a
IN-AC-1976-chhattisgarh-72,chhattisgarh,2003,72,MARO,ANANT JEE RATRE,parties.IN.GGP,GGP,2291,2.36,6,forfeit,U,,,,challenger,src-1b7bc1c9d39a
IN-AC-1976-chhattisgarh-72,chhattisgarh,2003,72,MARO,NARENDRA KUMAR,parties.IN.UNK,YGP,1818,1.87,7,forfeit,U,,,,challenger,src-1b7bc1c9d39a
IN-AC-1976-chhattisgarh-72,chhattisgarh,2003,72,MARO,ANAND RAM DAHARIYA,parties.IN.IND,IND,1276,1.31,8,forfeit,U,,,,challenger,src-1b7bc1c9d39a
IN-AC-1976-chhattisgarh-73,chhattisgarh,2003,73,BEMETARA,DR. CHETAN VERMA,parties.IN.INC,INC,39830,43.71,1,won,U,,,,challenger,src-1b7bc1c9d39a
IN-AC-1976-chhattisgarh-73,chhattisgarh,2003,73,BEMETARA,SHARDA MAHESH TIWARI,parties.IN.BJP,BJP,27588,30.27,2,lost,U,,,,challenger,src-1b7bc1c9d39a
IN-AC-1976-chhattisgarh-73,chhattisgarh,2003,73,BEMETARA,DEVDATTA SINGH VERMA,parties.IN.NCP,NCP,9361,10.27,3,forfeit,U,,,,challenger,src-1b7bc1c9d39a
IN-AC-1976-chhattisgarh-73,chhattisgarh,2003,73,BEMETARA,DHANANJAY SINGH PARIHAR,parties.IN.IND,IND,4298,4.72,4,forfeit,U,,,,challenger,src-1b7bc1c9d39a
IN-AC-1976-chhattisgarh-73,chhattisgarh,2003,73,BEMETARA,BEDAN LAL GENDRE,parties.IN.BSP,BSP,4021,4.41,5,forfeit,U,,,,challenger,src-1b7bc1c9d39a
IN-AC-1976-chhattisgarh-73,chhattisgarh,2003,73,BEMETARA,TIKU RAM NISHAD,parties.IN.JPJD,JPJD,2871,3.15,6,forfeit,U,,,,challenger,src-1b7bc1c9d39a
IN-AC-1976-chhattisgarh-73,chhattisgarh,2003,73,BEMETARA,TEKRAM KOUSHALEY,parties.IN.IND,IND,1382,1.52,7,forfeit,U,,,,challenger,src-1b7bc1c9d39a
IN-AC-1976-chhattisgarh-73,chhattisgarh,2003,73,BEMETARA,BAL RAM TANDAN,parties.IN.CPIMLL,CPI(ML)(L),996,1.09,8,forfeit,U,,,,challenger,src-1b7bc1c9d39a
IN-AC-1976-chhattisgarh-73,chhattisgarh,2003,73,BEMETARA,MANISH KUMAR CHHABARA,parties.IN.JDU,JD(U),778,0.85,9,forfeit,U,,,,challenger,src-1b7bc1c9d39a
IN-AC-1976-chhattisgarh-74,chhattisgarh,2003,74,SAJA,RAVINDRA CHOUBEY,parties.IN.INC,INC,58573,54.18,1,won,U,,,,incumbent,src-1b7bc1c9d39a
IN-AC-1976-chhattisgarh-74,chhattisgarh,2003,74,SAJA,DEEPAK SAHU,parties.IN.BJP,BJP,40831,37.77,2,lost,U,,,,challenger,src-1b7bc1c9d39a
IN-AC-1976-chhattisgarh-74,chhattisgarh,2003,74,SAJA,LODHI BHUWAN BAGHEL,parties.IN.NCP,NCP,2301,2.13,3,forfeit,U,,,,challenger,src-1b7bc1c9d39a
IN-AC-1976-chhattisgarh-74,chhattisgarh,2003,74,SAJA,PT. RAMSEWAK DESHLAHARA,parties.IN.CPIMLL,CPI(ML)(L),2272,2.1,4,forfeit,U,,,,challenger,src-1b7bc1c9d39a
IN-AC-1976-chhattisgarh-74,chhattisgarh,2003,74,SAJA,PREMLAL MANDAVI,parties.IN.GGP,GGP,2026,1.87,5,forfeit,U,,,,challenger,src-1b7bc1c9d39a
IN-AC-1976-chhattisgarh-74,chhattisgarh,2003,74,SAJA,MURARI SAHU,parties.IN.SP,SP,1540,1.42,6,forfeit,U,,,,challenger,src-1b7bc1c9d39a
IN-AC-1976-chhattisgarh-74,chhattisgarh,2003,74,SAJA,MEGHA SHYAM LODHI,parties.IN.JDU,JD(U),559,0.52,7,forfeit,U,,,,challenger,src-1b7bc1c9d39a
IN-AC-1976-chhattisgarh-75,chhattisgarh,2003,75,DHAMDHA,TAMRADHWAJ SAHU,parties.IN.INC,INC,48661,42.3,1,won,U,,,,incumbent,src-1b7bc1c9d39a
IN-AC-1976-chhattisgarh-75,chhattisgarh,2003,75,DHAMDHA,JAGESHWAR SAHU,parties.IN.BJP,BJP,39334,34.19,2,lost,U,,,,challenger,src-1b7bc1c9d39a
IN-AC-1976-chhattisgarh-75,chhattisgarh,2003,75,DHAMDHA,ARUN AGRAWAL,parties.IN.NCP,NCP,13350,11.61,3,forfeit,U,,,,challenger,src-1b7bc1c9d39a
IN-AC-1976-chhattisgarh-75,chhattisgarh,2003,75,DHAMDHA,SEWAK RAM SAHU,parties.IN.IND,IND,3451,3,4,forfeit,U,,,,challenger,src-1b7bc1c9d39a
IN-AC-1976-chhattisgarh-75,chhattisgarh,2003,75,DHAMDHA,JAHAR LAL KURRE,parties.IN.IND,IND,3043,2.65,5,forfeit,U,,,,challenger,src-1b7bc1c9d39a
IN-AC-1976-chhattisgarh-75,chhattisgarh,2003,75,DHAMDHA,MUL CHAND DESHLAHRA,parties.IN.CPI,CPI,2870,2.49,6,forfeit,U,,,,challenger,src-1b7bc1c9d39a
IN-AC-1976-chhattisgarh-75,chhattisgarh,2003,75,DHAMDHA,JAGESHWAR SAHU,parties.IN.IND,IND,1760,1.53,7,forfeit,U,,,,challenger,src-1b7bc1c9d39a
IN-AC-1976-chhattisgarh-75,chhattisgarh,2003,75,DHAMDHA,SHYAM MURARI SINHA,parties.IN.BSP,BSP,839,0.73,8,forfeit,U,,,,challenger,src-1b7bc1c9d39a
IN-AC-1976-chhattisgarh-75,chhattisgarh,2003,75,DHAMDHA,MANHARAN LAL NISHAD,parties.IN.JDU,JD(U),742,0.65,9,forfeit,U,,,,challenger,src-1b7bc1c9d39a
IN-AC-1976-chhattisgarh-75,chhattisgarh,2003,75,DHAMDHA,GIRDHARI,parties.IN.IND,IND,630,0.55,10,forfeit,U,,,,challenger,src-1b7bc1c9d39a
IN-AC-1976-chhattisgarh-75,chhattisgarh,2003,75,DHAMDHA,PUNA RAM SAHU,parties.IN.LSWP,LSWP,352,0.31,11,forfeit,U,,,,challenger,src-1b7bc1c9d39a
IN-AC-1976-chhattisgarh-76,chhattisgarh,2003,76,DURG,HEM CHAND YADAV,parties.IN.BJP,BJP,107484,49.01,1,won,U,,,,incumbent,src-1b7bc1c9d39a
IN-AC-1976-chhattisgarh-76,chhattisgarh,2003,76,DURG,ARUN VORA,parties.IN.INC,INC,84911,38.72,2,lost,U,,,,challenger,src-1b7bc1c9d39a
IN-AC-1976-chhattisgarh-76,chhattisgarh,2003,76,DURG,SHAILJA PANDEY,parties.IN.NCP,NCP,6321,2.88,3,forfeit,U,,,,challenger,src-1b7bc1c9d39a
IN-AC-1976-chhattisgarh-76,chhattisgarh,2003,76,DURG,AKHTAR JANISAR,parties.IN.BSP,BSP,5965,2.72,4,forfeit,U,,,,challenger,src-1b7bc1c9d39a
IN-AC-1976-chhattisgarh-76,chhattisgarh,2003,76,DURG,RAMNARAYN SONI,parties.IN.IND,IND,3030,1.38,5,forfeit,U,,,,challenger,src-1b7bc1c9d39a
IN-AC-1976-chhattisgarh-76,chhattisgarh,2003,76,DURG,RAMESH DAS CHELAK,parties.IN.IND,IND,2220,1.01,6,forfeit,U,,,,challenger,src-1b7bc1c9d39a
IN-AC-1976-chhattisgarh-76,chhattisgarh,2003,76,DURG,PREM SHANKAR S/O LAL PARITHA,parties.IN.IND,IND,1558,0.71,7,forfeit,U,,,,challenger,src-1b7bc1c9d39a
IN-AC-1976-chhattisgarh-76,chhattisgarh,2003,76,DURG,SARJU PRASAD SHUKLA,parties.IN.IND,IND,1234,0.56,8,forfeit,U,,,,challenger,src-1b7bc1c9d39a
IN-AC-1976-chhattisgarh-76,chhattisgarh,2003,76,DURG,ASHOK GUPTA,parties.IN.JDU,JD(U),947,0.43,9,forfeit,U,,,,challenger,src-1b7bc1c9d39a
IN-AC-1976-chhattisgarh-76,chhattisgarh,2003,76,DURG,SANGRAM CHANDRA MAJUMDAR (PALU),parties.IN.IND,IND,920,0.42,10,forfeit,U,,,,challenger,src-1b7bc1c9d39a
IN-AC-1976-chhattisgarh-76,chhattisgarh,2003,76,DURG,DHAN SINGH RAJPUT (THAKUR SHAB),parties.IN.IND,IND,880,0.4,11,forfeit,U,,,,challenger,src-1b7bc1c9d39a
IN-AC-1976-chhattisgarh-76,chhattisgarh,2003,76,DURG,BALRAM YADAV,parties.IN.IND,IND,732,0.33,12,forfeit,U,,,,challenger,src-1b7bc1c9d39a
IN-AC-1976-chhattisgarh-76,chhattisgarh,2003,76,DURG,VINAYAK NATH (NANA BHAI),parties.IN.IND,IND,631,0.29,13,forfeit,U,,,,challenger,src-1b7bc1c9d39a
IN-AC-1976-chhattisgarh-76,chhattisgarh,2003,76,DURG,ISHWAR PRASAD KEWAT,parties.IN.JPJD,JPJD,561,0.26,14,forfeit,U,,,,challenger,src-1b7bc1c9d39a
IN-AC-1976-chhattisgarh-76,chhattisgarh,2003,76,DURG,ASHOK KUMAR RAJPUT,parties.IN.IND,IND,524,0.24,15,forfeit,U,,,,challenger,src-1b7bc1c9d39a
IN-AC-1976-chhattisgarh-76,chhattisgarh,2003,76,DURG,SAREETA,parties.IN.RPI,RPI,445,0.2,16,forfeit,U,,,,challenger,src-1b7bc1c9d39a
IN-AC-1976-chhattisgarh-76,chhattisgarh,2003,76,DURG,ARUN KUMAR,parties.IN.IND,IND,371,0.17,17,forfeit,U,,,,challenger,src-1b7bc1c9d39a
IN-AC-1976-chhattisgarh-76,chhattisgarh,2003,76,DURG,BAKAR ALI,parties.IN.SP,SP,328,0.15,18,forfeit,U,,,,challenger,src-1b7bc1c9d39a
IN-AC-1976-chhattisgarh-76,chhattisgarh,2003,76,DURG,ANIL RAS,parties.IN.IND,IND,251,0.11,19,forfeit,U,,,,challenger,src-1b7bc1c9d39a
IN-AC-1976-chhattisgarh-77,chhattisgarh,2003,77,BHILAI,PREM PRAKASH,parties.IN.BJP,BJP,75749,49.06,1,won,U,,,,challenger,src-1b7bc1c9d39a
IN-AC-1976-chhattisgarh-77,chhattisgarh,2003,77,BHILAI,BADRUDDIN QURAISHI,parties.IN.INC,INC,60745,39.34,2,lost,U,,,,incumbent,src-1b7bc1c9d39a
IN-AC-1976-chhattisgarh-77,chhattisgarh,2003,77,BHILAI,PRABUNATH MISRA,parties.IN.NCP,NCP,5148,3.33,3,forfeit,U,,,,challenger,src-1b7bc1c9d39a
IN-AC-1976-chhattisgarh-77,chhattisgarh,2003,77,BHILAI,MANMOHAN SINGH,parties.IN.BSP,BSP,3992,2.59,4,forfeit,U,,,,challenger,src-1b7bc1c9d39a
IN-AC-1976-chhattisgarh-77,chhattisgarh,2003,77,BHILAI,VIKAS SINGH,parties.IN.IND,IND,2230,1.44,5,forfeit,U,,,,challenger,src-1b7bc1c9d39a
IN-AC-1976-chhattisgarh-77,chhattisgarh,2003,77,BHILAI,P. K. MUKHERJEE,parties.IN.CPIM,CPM,2114,1.37,6,forfeit,U,,,,challenger,src-1b7bc1c9d39a
IN-AC-1976-chhattisgarh-77,chhattisgarh,2003,77,BHILAI,BHAGIRATHI YADAV,parties.IN.IND,IND,1414,0.92,7,forfeit,U,,,,challenger,src-1b7bc1c9d39a
IN-AC-1976-chhattisgarh-77,chhattisgarh,2003,77,BHILAI,BHARAT BHUSHAN PANDEY,parties.IN.IND,IND,949,0.61,8,forfeit,U,,,,challenger,src-1b7bc1c9d39a
IN-AC-1976-chhattisgarh-77,chhattisgarh,2003,77,BHILAI,RAMAVTAR YADAV,parties.IN.SP,SP,418,0.27,9,forfeit,U,,,,challenger,src-1b7bc1c9d39a
IN-AC-1976-chhattisgarh-77,chhattisgarh,2003,77,BHILAI,PREM PATIL,parties.IN.IND,IND,379,0.25,10,forfeit,U,,,,challenger,src-1b7bc1c9d39a
IN-AC-1976-chhattisgarh-77,chhattisgarh,2003,77,BHILAI,R. P. SHARMA,parties.IN.SJP_R,SJP(R),349,0.23,11,forfeit,U,,,,challenger,src-1b7bc1c9d39a
IN-AC-1976-chhattisgarh-77,chhattisgarh,2003,77,BHILAI,ASHOK MIRI,parties.IN.CPIMLL,CPI(ML)(L),294,0.19,12,forfeit,U,,,,challenger,src-1b7bc1c9d39a
IN-AC-1976-chhattisgarh-77,chhattisgarh,2003,77,BHILAI,BALJEET KOUR,parties.IN.JDU,JD(U),230,0.15,13,forfeit,U,,,,challenger,src-1b7bc1c9d39a
IN-AC-1976-chhattisgarh-77,chhattisgarh,2003,77,BHILAI,GAYATRI CHAKRABORTY,parties.IN.IND,IND,222,0.14,14,forfeit,U,,,,challenger,src-1b7bc1c9d39a
IN-AC-1976-chhattisgarh-77,chhattisgarh,2003,77,BHILAI,JOHN AURTHER,parties.IN.IND,IND,176,0.11,15,forfeit,U,,,,challenger,src-1b7bc1c9d39a
IN-AC-1976-chhattisgarh-78,chhattisgarh,2003,78,PATAN,BHUPESH BAGHEL,parties.IN.INC,INC,44217,34.14,1,won,U,,,,incumbent,src-1b7bc1c9d39a
IN-AC-1976-chhattisgarh-78,chhattisgarh,2003,78,PATAN,VIJAY BAGHEL,parties.IN.NCP,NCP,37308,28.8,2,lost,U,,,,challenger,src-1b7bc1c9d39a
IN-AC-1976-chhattisgarh-78,chhattisgarh,2003,78,PATAN,GIRDHAR MADHARIA,parties.IN.BJP,BJP,30205,23.32,3,lost,U,,,,challenger,src-1b7bc1c9d39a
IN-AC-1976-chhattisgarh-78,chhattisgarh,2003,78,PATAN,BASANT KUMAR DESHLAHAR,parties.IN.BSP,BSP,5102,3.94,4,forfeit,U,,,,challenger,src-1b7bc1c9d39a
IN-AC-1976-chhattisgarh-78,chhattisgarh,2003,78,PATAN,DR. HRISH CHANDRA SAHU,parties.IN.IND,IND,2994,2.31,5,forfeit,U,,,,challenger,src-1b7bc1c9d39a
IN-AC-1976-chhattisgarh-78,chhattisgarh,2003,78,PATAN,GANNU PATEL,parties.IN.CMM,CMM,2760,2.13,6,forfeit,U,,,,challenger,src-1b7bc1c9d39a
IN-AC-1976-chhattisgarh-78,chhattisgarh,2003,78,PATAN,BHOJRAM NISHAD,parties.IN.UNK,ABBMPP,2655,2.05,7,forfeit,U,,,,challenger,src-1b7bc1c9d39a
IN-AC-1976-chhattisgarh-78,chhattisgarh,2003,78,PATAN,BHARAT SULTAN,parties.IN.IND,IND,1440,1.11,8,forfeit,U,,,,challenger,src-1b7bc1c9d39a
IN-AC-1976-chhattisgarh-78,chhattisgarh,2003,78,PATAN,SHYAM LAL SAHU,parties.IN.JDU,JD(U),1073,0.83,9,forfeit,U,,,,challenger,src-1b7bc1c9d39a
IN-AC-1976-chhattisgarh-78,chhattisgarh,2003,78,PATAN,VIJAY BAGHEL,parties.IN.IND,IND,956,0.74,10,forfeit,U,,,,challenger,src-1b7bc1c9d39a
IN-AC-1976-chhattisgarh-78,chhattisgarh,2003,78,PATAN,CHUNESHWAR SINGH THAKUR,parties.IN.GGP,GGP,417,0.32,11,forfeit,U,,,,challenger,src-1b7bc1c9d39a
IN-AC-1976-chhattisgarh-78,chhattisgarh,2003,78,PATAN,PADMINI PARMAR,parties.IN.CSP,CSP,403,0.31,12,forfeit,U,,,,challenger,src-1b7bc1c9d39a
IN-AC-1976-chhattisgarh-79,chhattisgarh,2003,79,GUNDERDEHI,RAMSHILA SAHU,parties.IN.BJP,BJP,40813,39.76,1,won,U,,,,challenger,src-1b7bc1c9d39a
IN-AC-1976-chhattisgarh-79,chhattisgarh,2003,79,GUNDERDEHI,GHANA RAM SAHU,parties.IN.INC,INC,31523,30.71,2,lost,U,,,,incumbent,src-1b7bc1c9d39a
IN-AC-1976-chhattisgarh-79,chhattisgarh,2003,79,GUNDERDEHI,GAJENDRA THAKUR,parties.IN.NCP,NCP,9398,9.16,3,forfeit,U,,,,challenger,src-1b7bc1c9d39a
IN-AC-1976-chhattisgarh-79,chhattisgarh,2003,79,GUNDERDEHI,ARJUN SINGH NISHAD,parties.IN.BSP,BSP,7949,7.74,4,forfeit,U,,,,challenger,src-1b7bc1c9d39a
IN-AC-1976-chhattisgarh-79,chhattisgarh,2003,79,GUNDERDEHI,HIRAMAN LAL TELI,parties.IN.IND,IND,2898,2.82,5,forfeit,U,,,,challenger,src-1b7bc1c9d39a
IN-AC-1976-chhattisgarh-79,chhattisgarh,2003,79,GUNDERDEHI,RATAN LAL BANJARE,parties.IN.IND,IND,2484,2.42,6,forfeit,U,,,,challenger,src-1b7bc1c9d39a
IN-AC-1976-chhattisgarh-79,chhattisgarh,2003,79,GUNDERDEHI,K. R. KUNJAM,parties.IN.IND,IND,1961,1.91,7,forfeit,U,,,,challenger,src-1b7bc1c9d39a
IN-AC-1976-chhattisgarh-79,chhattisgarh,2003,79,GUNDERDEHI,DR TEJ RAM SAHU,parties.IN.IND,IND,1703,1.66,8,forfeit,U,,,,challenger,src-1b7bc1c9d39a
IN-AC-1976-chhattisgarh-79,chhattisgarh,2003,79,GUNDERDEHI,DAU BHUPENDRA DILLIWAR,parties.IN.IND,IND,1247,1.21,9,forfeit,U,,,,challenger,src-1b7bc1c9d39a
IN-AC-1976-chhattisgarh-79,chhattisgarh,2003,79,GUNDERDEHI,DEMIN BAI SINHA,parties.IN.CSP,CSP,927,0.9,10,forfeit,U,,,,challenger,src-1b7bc1c9d39a
IN-AC-1976-chhattisgarh-79,chhattisgarh,2003,79,GUNDERDEHI,SANT KUMAR,parties.IN.IND,IND,881,0.86,11,forfeit,U,,,,challenger,src-1b7bc1c9d39a
IN-AC-1976-chhattisgarh-79,chhattisgarh,2003,79,GUNDERDEHI,CHINTTA RAM,parties.IN.IND,IND,522,0.51,12,forfeit,U,,,,challenger,src-1b7bc1c9d39a
IN-AC-1976-chhattisgarh-79,chhattisgarh,2003,79,GUNDERDEHI,ASHOK KUMAR ADIL,parties.IN.IND,IND,330,0.32,13,forfeit,U,,,,challenger,src-1b7bc1c9d39a
IN-AC-1976-chhattisgarh-80,chhattisgarh,2003,80,KHERTHA,DR BALMUKUND DEWAGAN,parties.IN.BJP,BJP,52734,50.1,1,won,U,,,,challenger,src-1b7bc1c9d39a
IN-AC-1976-chhattisgarh-80,chhattisgarh,2003,80,KHERTHA,PRATIMA CHANDRAKAR,parties.IN.INC,INC,40182,38.17,2,lost,U,,,,incumbent,src-1b7bc1c9d39a
IN-AC-1976-chhattisgarh-80,chhattisgarh,2003,80,KHERTHA,DERHA RAM,parties.IN.IND,IND,2999,2.85,3,forfeit,U,,,,challenger,src-1b7bc1c9d39a
IN-AC-1976-chhattisgarh-80,chhattisgarh,2003,80,KHERTHA,MOHAN LAL HARMUKH,parties.IN.NCP,NCP,2730,2.59,4,forfeit,U,,,,challenger,src-1b7bc1c9d39a
IN-AC-1976-chhattisgarh-80,chhattisgarh,2003,80,KHERTHA,DR SYAM KUMAR GANWAREY,parties.IN.CMM,CMM,2179,2.07,5,forfeit,U,,,,challenger,src-1b7bc1c9d39a
IN-AC-1976-chhattisgarh-80,chhattisgarh,2003,80,KHERTHA,KISHOR CHANDRAKAR (RISHI),parties.IN.IND,IND,1644,1.56,6,forfeit,U,,,,challenger,src-1b7bc1c9d39a
IN-AC-1976-chhattisgarh-80,chhattisgarh,2003,80,KHERTHA,BHUSAN LAL SAHU,parties.IN.BSP,BSP,1226,1.16,7,forfeit,U,,,,challenger,src-1b7bc1c9d39a
IN-AC-1976-chhattisgarh-80,chhattisgarh,2003,80,KHERTHA,LOKNATH NISHAD (ADVOCATE),parties.IN.JDU,JD(U),910,0.86,8,forfeit,U,,,,challenger,src-1b7bc1c9d39a
IN-AC-1976-chhattisgarh-80,chhattisgarh,2003,80,KHERTHA,SANTOSH GOND,parties.IN.GGP,GGP,654,0.62,9,forfeit,U,,,,challenger,src-1b7bc1c9d39a
IN-AC-1976-chhattisgarh-81,chhattisgarh,2003,81,BALOD,PRITAM SAHU,parties.IN.BJP,BJP,47204,35.85,1,won,U,,,,challenger,src-1b7bc1c9d39a
IN-AC-1976-chhattisgarh-81,chhattisgarh,2003,81,BALOD,LOKENDRA YADAV,parties.IN.INC,INC,34130,25.92,2,lost,U,,,,incumbent,src-1b7bc1c9d39a
IN-AC-1976-chhattisgarh-81,chhattisgarh,2003,81,BALOD,YAGYADADATT SHARMA,parties.IN.IND,IND,21578,16.39,3,forfeit,U,,,,challenger,src-1b7bc1c9d39a
IN-AC-1976-chhattisgarh-81,chhattisgarh,2003,81,BALOD,GULAB KHATRI,parties.IN.NCP,NCP,19410,14.74,4,forfeit,U,,,,challenger,src-1b7bc1c9d39a
IN-AC-1976-chhattisgarh-81,chhattisgarh,2003,81,BALOD,GAJANAND THAKUR,parties.IN.BSP,BSP,2455,1.86,5,forfeit,U,,,,challenger,src-1b7bc1c9d39a
IN-AC-1976-chhattisgarh-81,chhattisgarh,2003,81,BALOD,LEELA BAI SAHU (SONHPUR WALI ),parties.IN.CSP,CSP,1503,1.14,6,forfeit,U,,,,challenger,src-1b7bc1c9d39a
IN-AC-1976-chhattisgarh-81,chhattisgarh,2003,81,BALOD,ANJALI,parties.IN.SP,SP,1210,0.92,7,forfeit,U,,,,challenger,src-1b7bc1c9d39a
IN-AC-1976-chhattisgarh-81,chhattisgarh,2003,81,BALOD,UTTARA BAI SAHU,parties.IN.IND,IND,1153,0.88,8,forfeit,U,,,,challenger,src-1b7bc1c9d39a
IN-AC-1976-chhattisgarh-81,chhattisgarh,2003,81,BALOD,PARDESHI RAM SAHU,parties.IN.CMM,CMM,1088,0.83,9,forfeit,U,,,,challenger,src-1b7bc1c9d39a
IN-AC-1976-chhattisgarh-81,chhattisgarh,2003,81,BALOD,RAMESHWAR PRASAD NISHAD,parties.IN.JDU,JD(U),1082,0.82,10,forfeit,U,,,,challenger,src-1b7bc1c9d39a
IN-AC-1976-chhattisgarh-81,chhattisgarh,2003,81,BALOD,RATAN SINGH THAKUR (OOTI),parties.IN.GGP,GGP,847,0.64,11,forfeit,U,,,,challenger,src-1b7bc1c9d39a
IN-AC-1976-chhattisgarh-82,chhattisgarh,2003,82,DONDI LOHARA,LAL MAHENDRA SINGH TEKAM,parties.IN.BJP,BJP,46147,40.64,1,won,U,,,,challenger,src-1b7bc1c9d39a
IN-AC-1976-chhattisgarh-82,chhattisgarh,2003,82,DONDI LOHARA,DOMENDRA BHENDIYA,parties.IN.INC,INC,35404,31.18,2,lost,U,,,,incumbent,src-1b7bc1c9d39a
IN-AC-1976-chhattisgarh-82,chhattisgarh,2003,82,DONDI LOHARA,JANKALAL THAKUR,parties.IN.CMM,CMM,24692,21.74,3,lost,U,,,,challenger,src-1b7bc1c9d39a
IN-AC-1976-chhattisgarh-82,chhattisgarh,2003,82,DONDI LOHARA,HAGARU RAM KORRAM,parties.IN.GGP,GGP,4113,3.62,4,forfeit,U,,,,challenger,src-1b7bc1c9d39a
IN-AC-1976-chhattisgarh-82,chhattisgarh,2003,82,DONDI LOHARA,PARSU RAM KUMETI,parties.IN.NCP,NCP,3207,2.82,5,forfeit,U,,,,challenger,src-1b7bc1c9d39a
IN-AC-1976-chhattisgarh-83,chhattisgarh,2003,83,CHOWKI,SANJEEV SHAH,parties.IN.BJP,BJP,37802,39.24,1,won,U,,,,incumbent,src-1b7bc1c9d39a
IN-AC-1976-chhattisgarh-83,chhattisgarh,2003,83,CHOWKI,SHEORAJ SINGH USARE,parties.IN.INC,INC,36267,37.65,2,lost,U,,,,challenger,src-1b7bc1c9d39a
IN-AC-1976-chhattisgarh-83,chhattisgarh,2003,83,CHOWKI,MAKHAN LAL MASIYA (GURUJI),parties.IN.NCP,NCP,5594,5.81,3,forfeit,U,,,,challenger,src-1b7bc1c9d39a
IN-AC-1976-chhattisgarh-83,chhattisgarh,2003,83,CHOWKI,KHUSHIYAL RAW MANDAVI,parties.IN.GGP,GGP,5179,5.38,4,forfeit,U,,,,challenger,src-1b7bc1c9d39a
IN-AC-1976-chhattisgarh-83,chhattisgarh,2003,83,CHOWKI,SMT KHAGESH THAKUR,parties.IN.BSP,BSP,5122,5.32,5,forfeit,U,,,,challenger,src-1b7bc1c9d39a
IN-AC-1976-chhattisgarh-83,chhattisgarh,2003,83,CHOWKI,SHIVCHARAN AMARIYA,parties.IN.IND,IND,4840,5.02,6,forfeit,U,,,,challenger,src-1b7bc1c9d39a
IN-AC-1976-chhattisgarh-83,chhattisgarh,2003,83,CHOWKI,LAKHAN SHAH,parties.IN.IND,IND,1527,1.59,7,forfeit,U,,,,challenger,src-1b7bc1c9d39a
IN-AC-1976-chhattisgarh-84,chhattisgarh,2003,84,KHUJJI,RAJINADER PAL SINGH BHATIA,parties.IN.BJP,BJP,45409,45.38,1,won,U,,,,incumbent,src-1b7bc1c9d39a
IN-AC-1976-chhattisgarh-84,chhattisgarh,2003,84,KHUJJI,BHOLARAM,parties.IN.INC,INC,44296,44.27,2,lost,U,,,,challenger,src-1b7bc1c9d39a
IN-AC-1976-chhattisgarh-84,chhattisgarh,2003,84,KHUJJI,URAMILA SAHU,parties.IN.NCP,NCP,4070,4.07,3,forfeit,U,,,,challenger,src-1b7bc1c9d39a
IN-AC-1976-chhattisgarh-84,chhattisgarh,2003,84,KHUJJI,INDAL SINGH,parties.IN.GGP,GGP,3366,3.36,4,forfeit,U,,,,challenger,src-1b7bc1c9d39a
IN-AC-1976-chhattisgarh-84,chhattisgarh,2003,84,KHUJJI,BALRAM YADAV,parties.IN.SP,SP,2928,2.93,5,forfeit,U,,,,challenger,src-1b7bc1c9d39a
IN-AC-1976-chhattisgarh-85,chhattisgarh,2003,85,DONGARGAON,PRADEEP GANDHI,parties.IN.BJP,BJP,42784,47.09,1,won,U,,,,challenger,src-1b7bc1c9d39a
IN-AC-1976-chhattisgarh-85,chhattisgarh,2003,85,DONGARGAON,GEETA DEVI SINGH,parties.IN.INC,INC,36649,40.34,2,lost,U,,,,incumbent,src-1b7bc1c9d39a
IN-AC-1976-chhattisgarh-85,chhattisgarh,2003,85,DONGARGAON,MURLIDHAR PANJWANI,parties.IN.NCP,NCP,4913,5.41,3,forfeit,U,,,,challenger,src-1b7bc1c9d39a
IN-AC-1976-chhattisgarh-85,chhattisgarh,2003,85,DONGARGAON,RAJKUMARI LODHI,parties.IN.IND,IND,3004,3.31,4,forfeit,U,,,,challenger,src-1b7bc1c9d39a
IN-AC-1976-chhattisgarh-85,chhattisgarh,2003,85,DONGARGAON,MANGAL DAS BANJARE,parties.IN.IND,IND,1922,2.12,5,forfeit,U,,,,challenger,src-1b7bc1c9d39a
IN-AC-1976-chhattisgarh-85,chhattisgarh,2003,85,DONGARGAON,NETRAM,parties.IN.IND,IND,736,0.81,6,forfeit,U,,,,challenger,src-1b7bc1c9d39a
IN-AC-1976-chhattisgarh-85,chhattisgarh,2003,85,DONGARGAON,AKSHAY VIDYABHUSHAN THAKUR,parties.IN.LSWP,LSWP,451,0.5,7,forfeit,U,,,,challenger,src-1b7bc1c9d39a
IN-AC-1976-chhattisgarh-85,chhattisgarh,2003,85,DONGARGAON,K.D. MANIKPURI,parties.IN.CSP,CSP,402,0.44,8,forfeit,U,,,,challenger,src-1b7bc1c9d39a
IN-AC-1976-chhattisgarh-86,chhattisgarh,2003,86,RAJNANDGAON,UDAI MUDLIYAR,parties.IN.INC,INC,43081,37.88,1,won,U,,,,challenger,src-1b7bc1c9d39a
IN-AC-1976-chhattisgarh-86,chhattisgarh,2003,86,RAJNANDGAON,LEELARAM BHOJWANI,parties.IN.BJP,BJP,43041,37.85,2,lost,U,,,,incumbent,src-1b7bc1c9d39a
IN-AC-1976-chhattisgarh-86,chhattisgarh,2003,86,RAJNANDGAON,ASHOK CHOUDHARY,parties.IN.NCP,NCP,16944,14.9,3,forfeit,U,,,,challenger,src-1b7bc1c9d39a
IN-AC-1976-chhattisgarh-86,chhattisgarh,2003,86,RAJNANDGAON,B.P. MESHRAM,parties.IN.BSP,BSP,3549,3.12,4,forfeit,U,,,,challenger,src-1b7bc1c9d39a
IN-AC-1976-chhattisgarh-86,chhattisgarh,2003,86,RAJNANDGAON,VINOD JAIN,parties.IN.IND,IND,2031,1.79,5,forfeit,U,,,,challenger,src-1b7bc1c9d39a
IN-AC-1976-chhattisgarh-86,chhattisgarh,2003,86,RAJNANDGAON,LAKHAN LAL SAHU,parties.IN.IND,IND,1549,1.36,6,forfeit,U,,,,challenger,src-1b7bc1c9d39a
IN-AC-1976-chhattisgarh-86,chhattisgarh,2003,86,RAJNANDGAON,MEGHDAS VAISHNAV,parties.IN.CMM,CMM,1177,1.03,7,forfeit,U,,,,challenger,src-1b7bc1c9d39a
IN-AC-1976-chhattisgarh-86,chhattisgarh,2003,86,RAJNANDGAON,VAMANRAO BAGDE,parties.IN.RPIA,RPI(A),735,0.65,8,forfeit,U,,,,crossover,src-1b7bc1c9d39a
IN-AC-1976-chhattisgarh-86,chhattisgarh,2003,86,RAJNANDGAON,CHAMELI YADAV D.R. YADAV,parties.IN.JDU,JD(U),728,0.64,9,forfeit,U,,,,crossover,src-1b7bc1c9d39a
IN-AC-1976-chhattisgarh-86,chhattisgarh,2003,86,RAJNANDGAON,RAMCHAND,parties.IN.IND,IND,485,0.43,10,forfeit,U,,,,challenger,src-1b7bc1c9d39a
IN-AC-1976-chhattisgarh-86,chhattisgarh,2003,86,RAJNANDGAON,DINESH DAS,parties.IN.SP,SP,407,0.36,11,forfeit,U,,,,challenger,src-1b7bc1c9d39a
IN-AC-1976-chhattisgarh-87,chhattisgarh,2003,87,DONGARGARH,VINOD KHANDEKAR,parties.IN.BJP,BJP,55188,50.89,1,won,U,,,,challenger,src-1b7bc1c9d39a
IN-AC-1976-chhattisgarh-87,chhattisgarh,2003,87,DONGARGARH,DHANESH PATILA,parties.IN.INC,INC,40711,37.54,2,lost,U,,,,incumbent,src-1b7bc1c9d39a
IN-AC-1976-chhattisgarh-87,chhattisgarh,2003,87,DONGARGARH,GURU VIJAY KUMAR,parties.IN.NCP,NCP,4697,4.33,3,forfeit,U,,,,challenger,src-1b7bc1c9d39a
IN-AC-1976-chhattisgarh-87,chhattisgarh,2003,87,DONGARGARH,SHYAM DAS,parties.IN.IND,IND,2142,1.98,4,forfeit,U,,,,challenger,src-1b7bc1c9d39a
IN-AC-1976-chhattisgarh-87,chhattisgarh,2003,87,DONGARGARH,DHANSAY CHANDEL,parties.IN.GGP,GGP,1763,1.63,5,forfeit,U,,,,challenger,src-1b7bc1c9d39a
IN-AC-1976-chhattisgarh-87,chhattisgarh,2003,87,DONGARGARH,NAND KUMAR MALEKAR,parties.IN.IND,IND,1408,1.3,6,forfeit,U,,,,challenger,src-1b7bc1c9d39a
IN-AC-1976-chhattisgarh-87,chhattisgarh,2003,87,DONGARGARH,LAXMAN DAS,parties.IN.IND,IND,1340,1.24,7,forfeit,U,,,,challenger,src-1b7bc1c9d39a
IN-AC-1976-chhattisgarh-87,chhattisgarh,2003,87,DONGARGARH,BHAG CHAND,parties.IN.SP,SP,655,0.6,8,forfeit,U,,,,challenger,src-1b7bc1c9d39a
IN-AC-1976-chhattisgarh-87,chhattisgarh,2003,87,DONGARGARH,SMT. PUSHAPA RAJESH NAGDEO,parties.IN.RPIA,RPI(A),551,0.51,9,forfeit,U,,,,challenger,src-1b7bc1c9d39a
IN-AC-1976-chhattisgarh-88,chhattisgarh,2003,88,KHAIRAGARH,DEVWARTH SINGH,parties.IN.INC,INC,46339,41.57,1,won,U,,,,challenger,src-1b7bc1c9d39a
IN-AC-1976-chhattisgarh-88,chhattisgarh,2003,88,KHAIRAGARH,SIDDHARTH SINGH,parties.IN.BJP,BJP,28432,25.51,2,lost,U,,,,challenger,src-1b7bc1c9d39a
IN-AC-1976-chhattisgarh-88,chhattisgarh,2003,88,KHAIRAGARH,KAMLESHWAR LODHI,parties.IN.IND,IND,21305,19.11,3,lost,U,,,,challenger,src-1b7bc1c9d39a
IN-AC-1976-chhattisgarh-88,chhattisgarh,2003,88,KHAIRAGARH,SANTRAM GOND (CHHEDAIYA),parties.IN.GGP,GGP,5592,5.02,4,forfeit,U,,,,challenger,src-1b7bc1c9d39a
IN-AC-1976-chhattisgarh-88,chhattisgarh,2003,88,KHAIRAGARH,KHEMRAJ LODHI,parties.IN.IND,IND,4467,4.01,5,forfeit,U,,,,challenger,src-1b7bc1c9d39a
IN-AC-1976-chhattisgarh-88,chhattisgarh,2003,88,KHAIRAGARH,LAL SHRIRAJ SINGH,parties.IN.NCP,NCP,3961,3.55,6,forfeit,U,,,,challenger,src-1b7bc1c9d39a
IN-AC-1976-chhattisgarh-88,chhattisgarh,2003,88,KHAIRAGARH,SUBHAS CHAND KOCHAR,parties.IN.SP,SP,1371,1.23,7,forfeit,U,,,,challenger,src-1b7bc1c9d39a
IN-AC-1976-chhattisgarh-89,chhattisgarh,2003,89,BIRENDRANAGAR,AKABAR BHAI,parties.IN.INC,INC,54828,49.85,1,won,U,,,,challenger,src-1b7bc1c9d39a
IN-AC-1976-chhattisgarh-89,chhattisgarh,2003,89,BIRENDRANAGAR,SANTOSH PANDEY,parties.IN.BJP,BJP,42846,38.95,2,lost,U,,,,challenger,src-1b7bc1c9d39a
IN-AC-1976-chhattisgarh-89,chhattisgarh,2003,89,BIRENDRANAGAR,SUMRAN SINGH DHRUWEY,parties.IN.GGP,GGP,5912,5.37,3,forfeit,U,,,,challenger,src-1b7bc1c9d39a
IN-AC-1976-chhattisgarh-89,chhattisgarh,2003,89,BIRENDRANAGAR,SANTLAL DHURWEY,parties.IN.IND,IND,3216,2.92,4,forfeit,U,,,,challenger,src-1b7bc1c9d39a
IN-AC-1976-chhattisgarh-89,chhattisgarh,2003,89,BIRENDRANAGAR,NATHOO RAM SAHU,parties.IN.NCP,NCP,3191,2.9,5,forfeit,U,,,,challenger,src-1b7bc1c9d39a
IN-AC-1976-chhattisgarh-90,chhattisgarh,2003,90,KAWARDHA,YOGESHWAR RAJ SINGH,parties.IN.INC,INC,51092,42.48,1,won,U,,,,incumbent,src-1b7bc1c9d39a
IN-AC-1976-chhattisgarh-90,chhattisgarh,2003,90,KAWARDHA,DR. SIYARAM SAHU,parties.IN.BJP,BJP,46904,39,2,lost,U,,,,challenger,src-1b7bc1c9d39a
IN-AC-1976-chhattisgarh-90,chhattisgarh,2003,90,KAWARDHA,PRAKASH CHANDRAVANSHI,parties.IN.NCP,NCP,12303,10.23,3,forfeit,U,,,,challenger,src-1b7bc1c9d39a
IN-AC-1976-chhattisgarh-90,chhattisgarh,2003,90,KAWARDHA,RAM PRASAD BAGHEL,parties.IN.RPI,RPI,3334,2.77,4,forfeit,U,,,,challenger,src-1b7bc1c9d39a
IN-AC-1976-chhattisgarh-90,chhattisgarh,2003,90,KAWARDHA,AAJU RAM CHANDRAWANSHI,parties.IN.CPI,CPI,3098,2.58,5,forfeit,U,,,,challenger,src-1b7bc1c9d39a
IN-AC-1976-chhattisgarh-90,chhattisgarh,2003,90,KAWARDHA,NARENDRA SINGH,parties.IN.GGP,GGP,2313,1.92,6,forfeit,U,,,,challenger,src-1b7bc1c9d39a
IN-AC-1976-chhattisgarh-90,chhattisgarh,2003,90,KAWARDHA,KAPIL,parties.IN.BSP,BSP,1234,1.03,7,forfeit,U,,,,challenger,src-1b7bc1c9d39a
