entity_id,state,election_year,constituency_no,constituency_name,candidate_name,party_id,party_short_raw,votes,vote_share_pct,position,result,sex,age,education,profession,candidate_type,source_id
IN-AC-1976-kerala-1,kerala,1991,1,MANJESWAR,CHERKALAM ABDULLAH,parties.IN.IUML,MUL,29603,35.75,1,won,U,,,,incumbent,src-1b7bc1c9d39a
IN-AC-1976-kerala-1,kerala,1991,1,MANJESWAR,K.G. MARAR,parties.IN.BJP,BJP,28531,34.45,2,lost,U,,,,challenger,src-1b7bc1c9d39a
IN-AC-1976-kerala-1,kerala,1991,1,MANJESWAR,B.M. RAMAYYA SHETTY,parties.IN.CPIM,CPM,24678,29.8,3,lost,U,,,,challenger,src-1b7bc1c9d39a
IN-AC-1976-kerala-2,kerala,1991,2,KASARAGOD,C.T. AHAMDALI,parties.IN.IUML,MUL,39143,45.82,1,won,U,,,,incumbent,src-1b7bc1c9d39a
IN-AC-1976-kerala-2,kerala,1991,2,KASARAGOD,SRI KRISHNA BHAT,parties.IN.BJP,BJP,24269,28.41,2,lost,U,,,,challenger,src-1b7bc1c9d39a
IN-AC-1976-kerala-2,kerala,1991,2,KASARAGOD,T.V. GANGADHARAN,parties.IN.CPIM,CPM,21190,24.8,3,lost,U,,,,challenger,src-1b7bc1c9d39a
IN-AC-1976-kerala-2,kerala,1991,2,KASARAGOD,A. NARAYANA,parties.IN.IND,IND,375,0.44,4,forfeit,U,,,,challenger,src-1b7bc1c9d39a
IN-AC-1976-kerala-2,kerala,1991,2,KASARAGOD,K.K. MAHIN,parties.IN.IND,IND,301,0.35,5,forfeit,U,,,,challenger,src-1b7bc1c9d39a
IN-AC-1976-kerala-2,kerala,1991,2,KASARAGOD,ABBAS MUDALAPPARA,parties.IN.IND,IND,158,0.18,6,forfeit,U,,,,challenger,src-1b7bc1c9d39a
IN-AC-1976-kerala-3,kerala,1991,3,UDMA,P. RAGHAVAN,parties.IN.CPIM,CPM,47169,44.78,1,won,U,,,,challenger,src-1b7bc1c9d39a
IN-AC-1976-kerala-3,kerala,1991,3,UDMA,K.PO. KUNHIKANNAN,parties.IN.INC,INC,46212,43.87,2,lost,U,,,,incumbent,src-1b7bc1c9d39a
IN-AC-1976-kerala-3,kerala,1991,3,UDMA,M. UMANATH RAO,parties.IN.BJP,BJP,10932,10.38,3,forfeit,U,,,,challenger,src-1b7bc1c9d39a
IN-AC-1976-kerala-3,kerala,1991,3,UDMA,P.V. KUNHIRAMAN,parties.IN.IND,IND,334,0.32,4,forfeit,U,,,,challenger,src-1b7bc1c9d39a
IN-AC-1976-kerala-3,kerala,1991,3,UDMA,A.K. MOHAMMED ASALAM,parties.IN.IND,IND,255,0.24,5,forfeit,U,,,,challenger,src-1b7bc1c9d39a
IN-AC-1976-kerala-3,kerala,1991,3,UDMA,MOHAMMED ALI KALANNAD,parties.IN.IND,IND,226,0.21,6,forfeit,U,,,,challenger,src-1b7bc1c9d39a
IN-AC-1976-kerala-3,kerala,1991,3,UDMA,K.K. VIJAYAN,parties.IN.IND,IND,133,0.13,7,forfeit,U,,,,challenger,src-1b7bc1c9d39a
IN-AC-1976-kerala-3,kerala,1991,3,UDMA,A.P. HAMEED,parties.IN.IND,IND,69,0.07,8,forfeit,U,,,,challenger,src-1b7bc1c9d39a
IN-AC-1976-kerala-4,kerala,1991,4,HOSDRUG,M. NARAYANAN,parties.IN.CPI,CPI,60536,49.67,1,won,U,,,,challenger,src-1b7bc1c9d39a
IN-AC-1976-kerala-4,kerala,1991,4,HOSDRUG,KOTTARA VASUDEV,parties.IN.INC,INC,53858,44.19,2,lost,U,,,,challenger,src-1b7bc1c9d39a
IN-AC-1976-kerala-4,kerala,1991,4,HOSDRUG,KANATHIL KANNAN,parties.IN.BJP,BJP,6278,5.15,3,forfeit,U,,,,challenger,src-1b7bc1c9d39a
IN-AC-1976-kerala-4,kerala,1991,4,HOSDRUG,P.K. RAMAN,parties.IN.BSP,BSP,487,0.4,4,forfeit,U,,,,challenger,src-1b7bc1c9d39a
IN-AC-1976-kerala-4,kerala,1991,4,HOSDRUG,PADMINIKUTTY K.,parties.IN.IND,IND,349,0.29,5,forfeit,U,,,,challenger,src-1b7bc1c9d39a
IN-AC-1976-kerala-4,kerala,1991,4,HOSDRUG,N.K. KUMARAN,parties.IN.IND,IND,192,0.16,6,forfeit,U,,,,challenger,src-1b7bc1c9d39a
IN-AC-1976-kerala-4,kerala,1991,4,HOSDRUG,K. RAMUNNI,parties.IN.IND,IND,184,0.15,7,forfeit,U,,,,challenger,src-1b7bc1c9d39a
IN-AC-1976-kerala-5,kerala,1991,5,TRIKKARPUR,E.K. NAYANAR,parties.IN.CPIM,CPM,69437,53.97,1,won,U,,,,incumbent,src-1b7bc1c9d39a
IN-AC-1976-kerala-5,kerala,1991,5,TRIKKARPUR,SREEDHARAN C.K.,parties.IN.INC,INC,55105,42.83,2,lost,U,,,,challenger,src-1b7bc1c9d39a
IN-AC-1976-kerala-5,kerala,1991,5,TRIKKARPUR,V.K. KELUNAIR,parties.IN.BJP,BJP,3229,2.51,3,forfeit,U,,,,challenger,src-1b7bc1c9d39a
IN-AC-1976-kerala-5,kerala,1991,5,TRIKKARPUR,N. MUHAMMED,parties.IN.IND,IND,288,0.22,4,forfeit,U,,,,challenger,src-1b7bc1c9d39a
IN-AC-1976-kerala-5,kerala,1991,5,TRIKKARPUR,N.HARIHARAN,parties.IN.JP,JP,157,0.12,5,forfeit,U,,,,challenger,src-1b7bc1c9d39a
IN-AC-1976-kerala-5,kerala,1991,5,TRIKKARPUR,BALAKRISHNAN,parties.IN.IND,IND,110,0.09,6,forfeit,U,,,,challenger,src-1b7bc1c9d39a
IN-AC-1976-kerala-5,kerala,1991,5,TRIKKARPUR,P.V. RAMACHANDRAN,parties.IN.IND,IND,101,0.08,7,forfeit,U,,,,challenger,src-1b7bc1c9d39a
IN-AC-1976-kerala-5,kerala,1991,5,TRIKKARPUR,A.K. MOHANAN,parties.IN.IND,IND,77,0.06,8,forfeit,U,,,,challenger,src-1b7bc1c9d39a
IN-AC-1976-kerala-5,kerala,1991,5,TRIKKARPUR,MANDAYAN KUNHI RAMAN,parties.IN.IND,IND,66,0.05,9,forfeit,U,,,,challenger,src-1b7bc1c9d39a
IN-AC-1976-kerala-5,kerala,1991,5,TRIKKARPUR,T.P. ASINAR,parties.IN.IND,IND,63,0.05,10,forfeit,U,,,,challenger,src-1b7bc1c9d39a
IN-AC-1976-kerala-5,kerala,1991,5,TRIKKARPUR,P.K. MOHAMMED KUNHI,parties.IN.IND,IND,28,0.02,11,forfeit,U,,,,challenger,src-1b7bc1c9d39a
IN-AC-1976-kerala-6,kerala,1991,6,IRIKKUR,K.C. JOSEPH,parties.IN.INC,INC,62395,55.94,1,won,U,,,,incumbent,src-1b7bc1c9d39a
IN-AC-1976-kerala-6,kerala,1991,6,IRIKKUR,GOORGE SEBASTIAN,parties.IN.KEC,KEC,45647,40.93,2,lost,U,,,,challenger,src-1b7bc1c9d39a
IN-AC-1976-kerala-6,kerala,1991,6,IRIKKUR,KUMAR NARATH,parties.IN.BJP,BJP,2667,2.39,3,forfeit,U,,,,challenger,src-1b7bc1c9d39a
IN-AC-1976-kerala-6,kerala,1991,6,IRIKKUR,VAYAKOTH MADATHIL,parties.IN.IND,IND,334,0.3,4,forfeit,U,,,,challenger,src-1b7bc1c9d39a
IN-AC-1976-kerala-6,kerala,1991,6,IRIKKUR,NARAYANAN NAMBEESAN MARIYIL KORU,parties.IN.IND,IND,325,0.29,5,forfeit,U,,,,challenger,src-1b7bc1c9d39a
IN-AC-1976-kerala-6,kerala,1991,6,IRIKKUR,THOMAS,parties.IN.IND,IND,169,0.15,6,forfeit,U,,,,challenger,src-1b7bc1c9d39a
IN-AC-1976-kerala-7,kerala,1991,7,PAYYANNUR,C.P. NARAYANAN,parties.IN.CPIM,CPM,66530,56.1,1,won,U,,,,incumbent,src-1b7bc1c9d39a
IN-AC-1976-kerala-7,kerala,1991,7,PAYYANNUR,M.P. MURALI,parties.IN.INC,INC,48365,40.78,2,lost,U,,,,challenger,src-1b7bc1c9d39a
IN-AC-1976-kerala-7,kerala,1991,7,PAYYANNUR,V. RAJAGOPALAN,parties.IN.BJP,BJP,3210,2.71,3,forfeit,U,,,,challenger,src-1b7bc1c9d39a
IN-AC-1976-kerala-7,kerala,1991,7,PAYYANNUR,K.V. KUNHIRAMAN,parties.IN.JP,JP,208,0.18,4,forfeit,U,,,,challenger,src-1b7bc1c9d39a
IN-AC-1976-kerala-7,kerala,1991,7,PAYYANNUR,K. JAYADEVA PRABHU,parties.IN.IND,IND,170,0.14,5,forfeit,U,,,,challenger,src-1b7bc1c9d39a
IN-AC-1976-kerala-7,kerala,1991,7,PAYYANNUR,C.P. ABDUL SHUKKOOR,parties.IN.IND,IND,114,0.1,6,forfeit,U,,,,challenger,src-1b7bc1c9d39a
IN-AC-1976-kerala-8,kerala,1991,8,TALIPARAMBA,PACHENI KUNHIARAMAN,parties.IN.CPIM,CPM,65973,52.34,1,won,U,,,,challenger,src-1b7bc1c9d39a
IN-AC-1976-kerala-8,kerala,1991,8,TALIPARAMBA,M.K. RAGHAVAN,parties.IN.INC,INC,55273,43.85,2,lost,U,,,,challenger,src-1b7bc1c9d39a
IN-AC-1976-kerala-8,kerala,1991,8,TALIPARAMBA,N.K.E. CHANDRASEKHARAN,parties.IN.BJP,BJP,3768,2.99,3,forfeit,U,,,,challenger,src-1b7bc1c9d39a
IN-AC-1976-kerala-8,kerala,1991,8,TALIPARAMBA,M.V. MUSTAFA,parties.IN.IND,IND,507,0.4,4,forfeit,U,,,,challenger,src-1b7bc1c9d39a
IN-AC-1976-kerala-8,kerala,1991,8,TALIPARAMBA,V.P. MAHESWARAN MASTER,parties.IN.JP,JP,393,0.31,5,forfeit,U,,,,challenger,src-1b7bc1c9d39a
IN-AC-1976-kerala-8,kerala,1991,8,TALIPARAMBA,R. SREEDEVI,parties.IN.IND,IND,129,0.1,6,forfeit,U,,,,challenger,src-1b7bc1c9d39a
IN-AC-1976-kerala-9,kerala,1991,9,AZHICODE,E.P. JAYARAJAN,parties.IN.CPIM,CPM,51466,52.58,1,won,U,,,,challenger,src-1b7bc1c9d39a
IN-AC-1976-kerala-9,kerala,1991,9,AZHICODE,C.P. MOOSANKUTTY,parties.IN.CPIM,CPM(K),43757,44.71,2,lost,U,,,,challenger,src-1b7bc1c9d39a
IN-AC-1976-kerala-9,kerala,1991,9,AZHICODE,P.K. VELAUDHAN,parties.IN.BJP,BJP,2650,2.71,3,forfeit,U,,,,challenger,src-1b7bc1c9d39a
IN-AC-1976-kerala-10,kerala,1991,10,CANNANORE,N. RAMAKRISHNAN,parties.IN.INC,INC,51742,55.04,1,won,U,,,,challenger,src-1b7bc1c9d39a
IN-AC-1976-kerala-10,kerala,1991,10,CANNANORE,A.K. SASEENDRAN,parties.IN.ICS_SCS,ICS(SCS),36937,39.29,2,lost,U,,,,challenger,src-1b7bc1c9d39a
IN-AC-1976-kerala-10,kerala,1991,10,CANNANORE,M.K. RANJITH,parties.IN.BJP,BJP,4535,4.82,3,forfeit,U,,,,challenger,src-1b7bc1c9d39a
IN-AC-1976-kerala-10,kerala,1991,10,CANNANORE,N. JAYAPRAKASH,parties.IN.IND,IND,790,0.84,4,forfeit,U,,,,challenger,src-1b7bc1c9d39a
IN-AC-1976-kerala-11,kerala,1991,11,EDAKKAD,O. BHARATHAN,parties.IN.CPIM,CPM,54965,49.02,1,won,U,,,,incumbent,src-1b7bc1c9d39a
IN-AC-1976-kerala-11,kerala,1991,11,EDAKKAD,K. SSUDHAKARAN,parties.IN.INC,INC,54746,48.83,2,lost,U,,,,challenger,src-1b7bc1c9d39a
IN-AC-1976-kerala-11,kerala,1991,11,EDAKKAD,P. KRISHNAN,parties.IN.BJP,BJP,2413,2.15,3,forfeit,U,,,,challenger,src-1b7bc1c9d39a
IN-AC-1976-kerala-12,kerala,1991,12,TELLICHERRY,K.P. MAMOO MASTER,parties.IN.CPIM,CPM,48936,49.77,1,won,U,,,,incumbent,src-1b7bc1c9d39a
IN-AC-1976-kerala-12,kerala,1991,12,TELLICHERRY,A.D. MUSTAFFA,parties.IN.INC,INC,41550,42.26,2,lost,U,,,,challenger,src-1b7bc1c9d39a
IN-AC-1976-kerala-12,kerala,1991,12,TELLICHERRY,M.P. RAGHUNATH,parties.IN.BJP,BJP,6823,6.94,3,forfeit,U,,,,challenger,src-1b7bc1c9d39a
IN-AC-1976-kerala-12,kerala,1991,12,TELLICHERRY,K.P. MOHANAN,parties.IN.JP,JP,440,0.45,4,forfeit,U,,,,challenger,src-1b7bc1c9d39a
IN-AC-1976-kerala-12,kerala,1991,12,TELLICHERRY,M. YUSAF,parties.IN.IND,IND,408,0.41,5,forfeit,U,,,,challenger,src-1b7bc1c9d39a
IN-AC-1976-kerala-12,kerala,1991,12,TELLICHERRY,V. HAREENDRAN,parties.IN.IND,IND,159,0.16,6,forfeit,U,,,,challenger,src-1b7bc1c9d39a
IN-AC-1976-kerala-13,kerala,1991,13,PERINGALAM,K.M. SOOPPY,parties.IN.IUML,MUL,49183,48.81,1,won,U,,,,crossover,src-1b7bc1c9d39a
IN-AC-1976-kerala-13,kerala,1991,13,PERINGALAM,P.R. KARUP,parties.IN.JD,JD,47534,47.17,2,lost,U,,,,incumbent,src-1b7bc1c9d39a
IN-AC-1976-kerala-13,kerala,1991,13,PERINGALAM,O.K. VASU MASTER,parties.IN.BJP,BJP,2186,2.17,3,forfeit,U,,,,challenger,src-1b7bc1c9d39a
IN-AC-1976-kerala-13,kerala,1991,13,PERINGALAM,MANEKKARA REVI,parties.IN.JP,JP,1868,1.85,4,forfeit,U,,,,challenger,src-1b7bc1c9d39a
IN-AC-1976-kerala-14,kerala,1991,14,KUTHUPARAMBA,PINARAY VIJAYAN,parties.IN.CPIM,CPM,58842,53.43,1,won,U,,,,challenger,src-1b7bc1c9d39a
IN-AC-1976-kerala-14,kerala,1991,14,KUTHUPARAMBA,P. RAMAKRISHNAN,parties.IN.INC,INC,45782,41.57,2,lost,U,,,,challenger,src-1b7bc1c9d39a
IN-AC-1976-kerala-14,kerala,1991,14,KUTHUPARAMBA,EAAKKAD PREMARAJAN,parties.IN.BJP,BJP,4986,4.53,3,forfeit,U,,,,challenger,src-1b7bc1c9d39a
IN-AC-1976-kerala-14,kerala,1991,14,KUTHUPARAMBA,AMBILAD MOHANAN,parties.IN.IND,IND,519,0.47,4,forfeit,U,,,,challenger,src-1b7bc1c9d39a
IN-AC-1976-kerala-15,kerala,1991,15,PERAVOOR,K.P. NOORUDHEEN,parties.IN.INC,INC,60212,50.67,1,won,U,,,,incumbent,src-1b7bc1c9d39a
IN-AC-1976-kerala-15,kerala,1991,15,PERAVOOR,RAMACHANDRAN KADANNAPALLY,parties.IN.ICS_SCS,ICS(SCS),51834,43.62,2,lost,U,,,,challenger,src-1b7bc1c9d39a
IN-AC-1976-kerala-15,kerala,1991,15,PERAVOOR,R.P. PADMANABHAN,parties.IN.BJP,BJP,5473,4.61,3,forfeit,U,,,,challenger,src-1b7bc1c9d39a
IN-AC-1976-kerala-15,kerala,1991,15,PERAVOOR,M.M. VENUGOPALAN,parties.IN.IND,IND,830,0.7,4,forfeit,U,,,,challenger,src-1b7bc1c9d39a
IN-AC-1976-kerala-15,kerala,1991,15,PERAVOOR,M. DHARAMAPALAN,parties.IN.IND,IND,325,0.27,5,forfeit,U,,,,challenger,src-1b7bc1c9d39a
IN-AC-1976-kerala-15,kerala,1991,15,PERAVOOR,P. RAMACHANDRAN,parties.IN.IND,IND,156,0.13,6,forfeit,U,,,,challenger,src-1b7bc1c9d39a
IN-AC-1976-kerala-16,kerala,1991,16,NORTH WYNAD,K. RAGHAVAN MASTER,parties.IN.INC,INC,50685,50.57,1,won,U,,,,incumbent,src-1b7bc1c9d39a
IN-AC-1976-kerala-16,kerala,1991,16,NORTH WYNAD,K.C. KUNIHARAMAN,parties.IN.CPIM,CPM,43150,43.05,2,lost,U,,,,challenger,src-1b7bc1c9d39a
IN-AC-1976-kerala-16,kerala,1991,16,NORTH WYNAD,MANJOTTU CHANDU,parties.IN.BJP,BJP,6129,6.11,3,forfeit,U,,,,challenger,src-1b7bc1c9d39a
IN-AC-1976-kerala-16,kerala,1991,16,NORTH WYNAD,K.C. KARUNAN,parties.IN.IND,IND,167,0.17,4,forfeit,U,,,,challenger,src-1b7bc1c9d39a
IN-AC-1976-kerala-16,kerala,1991,16,NORTH WYNAD,NITTARA RAJAN,parties.IN.IND,IND,98,0.1,5,forfeit,U,,,,challenger,src-1b7bc1c9d39a
IN-AC-1976-kerala-17,kerala,1991,17,BADAGARA,K. CHANDRASEKHARAN,parties.IN.JD,JD,59820,51.94,1,won,U,,,,incumbent,src-1b7bc1c9d39a
IN-AC-1976-kerala-17,kerala,1991,17,BADAGARA,K.C. ABU,parties.IN.INC,INC,47336,41.1,2,lost,U,,,,challenger,src-1b7bc1c9d39a
IN-AC-1976-kerala-17,kerala,1991,17,BADAGARA,CHULLIYIL NARAYANAN,parties.IN.BJP,BJP,5688,4.94,3,forfeit,U,,,,challenger,src-1b7bc1c9d39a
IN-AC-1976-kerala-17,kerala,1991,17,BADAGARA,M. RAMACHANDRAN,parties.IN.JP,JP,1742,1.51,4,forfeit,U,,,,challenger,src-1b7bc1c9d39a
IN-AC-1976-kerala-17,kerala,1991,17,BADAGARA,TITUS MANI,parties.IN.IND,IND,443,0.38,5,forfeit,U,,,,challenger,src-1b7bc1c9d39a
IN-AC-1976-kerala-17,kerala,1991,17,BADAGARA,KOLLAROTH P.K. KRISHNAN,parties.IN.IND,IND,146,0.13,6,forfeit,U,,,,challenger,src-1b7bc1c9d39a
IN-AC-1976-kerala-18,kerala,1991,18,NADAPURAM,SATYYAN MOKERI,parties.IN.CPI,CPI,60053,51.72,1,won,U,,,,incumbent,src-1b7bc1c9d39a
IN-AC-1976-kerala-18,kerala,1991,18,NADAPURAM,P. SHADULI,parties.IN.IUML,MUL,52427,45.15,2,lost,U,,,,challenger,src-1b7bc1c9d39a
IN-AC-1976-kerala-18,kerala,1991,18,NADAPURAM,C.P. KANNAN,parties.IN.BJP,BJP,2506,2.16,3,forfeit,U,,,,challenger,src-1b7bc1c9d39a
IN-AC-1976-kerala-18,kerala,1991,18,NADAPURAM,E. KRISHNAN,parties.IN.IND,IND,810,0.7,4,forfeit,U,,,,challenger,src-1b7bc1c9d39a
IN-AC-1976-kerala-18,kerala,1991,18,NADAPURAM,NANUTHARIPPEMMAL,parties.IN.IND,IND,314,0.27,5,forfeit,U,,,,challenger,src-1b7bc1c9d39a
IN-AC-1976-kerala-19,kerala,1991,19,MEPPAYUR,A. KANARAN,parties.IN.CPIM,CPM,58362,50.61,1,won,U,,,,incumbent,src-1b7bc1c9d39a
IN-AC-1976-kerala-19,kerala,1991,19,MEPPAYUR,KADAMERI BALAKRISHNAN,parties.IN.INC,INC,49038,42.53,2,lost,U,,,,challenger,src-1b7bc1c9d39a
IN-AC-1976-kerala-19,kerala,1991,19,MEPPAYUR,K.P. ACHUTHAN,parties.IN.BJP,BJP,4176,3.62,3,forfeit,U,,,,challenger,src-1b7bc1c9d39a
IN-AC-1976-kerala-19,kerala,1991,19,MEPPAYUR,ABDULLA K.,parties.IN.IND,IND,2325,2.02,4,forfeit,U,,,,challenger,src-1b7bc1c9d39a
IN-AC-1976-kerala-19,kerala,1991,19,MEPPAYUR,O.V. ABUBACKER,parties.IN.IND,IND,707,0.61,5,forfeit,U,,,,challenger,src-1b7bc1c9d39a
IN-AC-1976-kerala-19,kerala,1991,19,MEPPAYUR,N.T. KUNHIKANAN,parties.IN.IND,IND,701,0.61,6,forfeit,U,,,,challenger,src-1b7bc1c9d39a
IN-AC-1976-kerala-20,kerala,1991,20,QUILANDY,M.T. PADMA,parties.IN.INC,INC,56642,47.32,1,won,U,,,,incumbent,src-1b7bc1c9d39a
IN-AC-1976-kerala-20,kerala,1991,20,QUILANDY,C. KUNHAMED,parties.IN.CPI,CPI,54139,45.23,2,lost,U,,,,challenger,src-1b7bc1c9d39a
IN-AC-1976-kerala-20,kerala,1991,20,QUILANDY,T. LEELAVATHY,parties.IN.BJP,BJP,8926,7.46,3,forfeit,U,,,,challenger,src-1b7bc1c9d39a
IN-AC-1976-kerala-21,kerala,1991,21,PERAMBRA,N.K. RADHA,parties.IN.CPIM,CPM,58978,49.57,1,won,U,,,,challenger,src-1b7bc1c9d39a
IN-AC-1976-kerala-21,kerala,1991,21,PERAMBRA,K.A. DEVASSIA,parties.IN.KEC,KEC,54562,45.86,2,lost,U,,,,challenger,src-1b7bc1c9d39a
IN-AC-1976-kerala-21,kerala,1991,21,PERAMBRA,A.C. GANGADHARA KARUP,parties.IN.BJP,BJP,3573,3,3,forfeit,U,,,,challenger,src-1b7bc1c9d39a
IN-AC-1976-kerala-21,kerala,1991,21,PERAMBRA,A.P. MADHAVAN MASTER,parties.IN.IND,IND,1407,1.18,4,forfeit,U,,,,challenger,src-1b7bc1c9d39a
IN-AC-1976-kerala-21,kerala,1991,21,PERAMBRA,KAIPRAM DAMODARAN,parties.IN.JP,JP,468,0.39,5,forfeit,U,,,,challenger,src-1b7bc1c9d39a
IN-AC-1976-kerala-22,kerala,1991,22,BALUSSERI,A.C. SHANMUKHADAS,parties.IN.ICS_SCS,ICS(SCS),52470,49.52,1,won,U,,,,incumbent,src-1b7bc1c9d39a
IN-AC-1976-kerala-22,kerala,1991,22,BALUSSERI,P. SHANKARAN,parties.IN.INC,INC,42758,40.36,2,lost,U,,,,challenger,src-1b7bc1c9d39a
IN-AC-1976-kerala-22,kerala,1991,22,BALUSSERI,ELAMBILASERY,parties.IN.BJP,BJP,7741,7.31,3,forfeit,U,,,,challenger,src-1b7bc1c9d39a
IN-AC-1976-kerala-22,kerala,1991,22,BALUSSERI,EYYACHERY KUNIKRISHNAN,parties.IN.IND,IND,2360,2.23,4,forfeit,U,,,,challenger,src-1b7bc1c9d39a
IN-AC-1976-kerala-22,kerala,1991,22,BALUSSERI,AHMED KOYA,parties.IN.BSP,BSP,625,0.59,5,forfeit,U,,,,challenger,src-1b7bc1c9d39a
IN-AC-1976-kerala-23,kerala,1991,23,KODUVALLY,P.V. MOHAMMED,parties.IN.IUML,MUL,51793,46.24,1,won,U,,,,challenger,src-1b7bc1c9d39a
IN-AC-1976-kerala-23,kerala,1991,23,KODUVALLY,C. MOHASIN,parties.IN.JD,JD,51395,45.88,2,lost,U,,,,challenger,src-1b7bc1c9d39a
IN-AC-1976-kerala-23,kerala,1991,23,KODUVALLY,JAYACHANDRAN MASTER,parties.IN.BJP,BJP,7891,7.04,3,forfeit,U,,,,challenger,src-1b7bc1c9d39a
IN-AC-1976-kerala-23,kerala,1991,23,KODUVALLY,T.V. RAMACHANDRAN KIDAO,parties.IN.IND,IND,373,0.33,4,forfeit,U,,,,challenger,src-1b7bc1c9d39a
IN-AC-1976-kerala-23,kerala,1991,23,KODUVALLY,P.C. NARAYANAN,parties.IN.IND,IND,305,0.27,5,forfeit,U,,,,challenger,src-1b7bc1c9d39a
IN-AC-1976-kerala-23,kerala,1991,23,KODUVALLY,P.K. BALAN,parties.IN.IND,IND,152,0.14,6,forfeit,U,,,,challenger,src-1b7bc1c9d39a
IN-AC-1976-kerala-23,kerala,1991,23,KODUVALLY,K.P. KRISHNAN KUTTY,parties.IN.IND,IND,105,0.09,7,forfeit,U,,,,challenger,src-1b7bc1c9d39a
IN-AC-1976-kerala-24,kerala,1991,24,CALICUT- I,A. SUJANA PAL,parties.IN.INC,INC,53079,48.69,1,won,U,,,,challenger,src-1b7bc1c9d39a
IN-AC-1976-kerala-24,kerala,1991,24,CALICUT- I,M. DASAN,parties.IN.CPIM,CPM,49319,45.24,2,lost,U,,,,incumbent,src-1b7bc1c9d39a
IN-AC-1976-kerala-24,kerala,1991,24,CALICUT- I,C. PRABHAKARAN,parties.IN.BJP,BJP,6130,5.62,3,forfeit,U,,,,challenger,src-1b7bc1c9d39a
IN-AC-1976-kerala-24,kerala,1991,24,CALICUT- I,V.K. SADANANDAN,parties.IN.IND,IND,485,0.44,4,forfeit,U,,,,challenger,src-1b7bc1c9d39a
IN-AC-1976-kerala-25,kerala,1991,25,CALICUT- II,M.K. MUNEER,parties.IN.IUML,MUL,52779,49.22,1,won,U,,,,challenger,src-1b7bc1c9d39a
IN-AC-1976-kerala-25,kerala,1991,25,CALICUT- II,C.P. KUNHU,parties.IN.CPIM,CPM,48896,45.6,2,lost,U,,,,incumbent,src-1b7bc1c9d39a
IN-AC-1976-kerala-25,kerala,1991,25,CALICUT- II,K.P. SIVADASAN,parties.IN.BJP,BJP,5563,5.19,3,forfeit,U,,,,challenger,src-1b7bc1c9d39a
IN-AC-1976-kerala-26,kerala,1991,26,BEYPORE,T.K. HAMZA,parties.IN.CPIM,CPM,66683,52.1,1,won,U,,,,incumbent,src-1b7bc1c9d39a
IN-AC-1976-kerala-26,kerala,1991,26,BEYPORE,K. MADHAVAN KUTTY,parties.IN.IND,IND,60413,47.2,2,lost,U,,,,challenger,src-1b7bc1c9d39a
IN-AC-1976-kerala-26,kerala,1991,26,BEYPORE,K. BABU RAJAN,parties.IN.BSP,BSP,889,0.69,3,forfeit,U,,,,challenger,src-1b7bc1c9d39a
IN-AC-1976-kerala-27,kerala,1991,27,KUNNAMANGALAM,C.P. BALAN VUDIAR,parties.IN.CPIM,CPM,47946,46.21,1,won,U,,,,incumbent,src-1b7bc1c9d39a
IN-AC-1976-kerala-27,kerala,1991,27,KUNNAMANGALAM,A. BALARAM,parties.IN.INC,INC,46788,45.09,2,lost,U,,,,challenger,src-1b7bc1c9d39a
IN-AC-1976-kerala-27,kerala,1991,27,KUNNAMANGALAM,V.T. ACHUTHAN,parties.IN.BJP,BJP,8831,8.51,3,forfeit,U,,,,challenger,src-1b7bc1c9d39a
IN-AC-1976-kerala-27,kerala,1991,27,KUNNAMANGALAM,M. RAMUNNI,parties.IN.BSP,BSP,191,0.18,4,forfeit,U,,,,challenger,src-1b7bc1c9d39a
IN-AC-1976-kerala-28,kerala,1991,28,THIRUVAMBADI,A.V. ABDURAHIMANHAT,parties.IN.IUML,MUL,50767,50.39,1,won,U,,,,challenger,src-1b7bc1c9d39a
IN-AC-1976-kerala-28,kerala,1991,28,THIRUVAMBADI,CYRIAC JOHN,parties.IN.ICS_SCS,ICS(SCS),44665,44.33,2,lost,U,,,,challenger,src-1b7bc1c9d39a
IN-AC-1976-kerala-28,kerala,1991,28,THIRUVAMBADI,CHETTOOR BALAKRISHNAN MASTER,parties.IN.BJP,BJP,5043,5.01,3,forfeit,U,,,,challenger,src-1b7bc1c9d39a
IN-AC-1976-kerala-28,kerala,1991,28,THIRUVAMBADI,CYRIAC JOHN,parties.IN.IND,IND,274,0.27,4,forfeit,U,,,,challenger,src-1b7bc1c9d39a
IN-AC-1976-kerala-29,kerala,1991,29,KALPETTA,K.K. RAMACHANDRAN MASTER,parties.IN.INC,INC,46488,48.16,1,won,U,,,,incumbent,src-1b7bc1c9d39a
IN-AC-1976-kerala-29,kerala,1991,29,KALPETTA,K.K. HEMZA,parties.IN.JD,JD,42696,44.23,2,lost,U,,,,challenger,src-1b7bc1c9d39a
IN-AC-1976-kerala-29,kerala,1991,29,KALPETTA,PALLIYARA RAMAN,parties.IN.BJP,BJP,5815,6.02,3,forfeit,U,,,,challenger,src-1b7bc1c9d39a
IN-AC-1976-kerala-29,kerala,1991,29,KALPETTA,CHEENGANNUR MANOJ,parties.IN.IND,IND,1062,1.1,4,forfeit,U,,,,challenger,src-1b7bc1c9d39a
IN-AC-1976-kerala-29,kerala,1991,29,KALPETTA,GEORGE EDAPPETTY,parties.IN.IND,IND,242,0.25,5,forfeit,U,,,,challenger,src-1b7bc1c9d39a
IN-AC-1976-kerala-29,kerala,1991,29,KALPETTA,KUNNANATH MAKKAL GEORGE,parties.IN.IND,IND,118,0.12,6,forfeit,U,,,,challenger,src-1b7bc1c9d39a
IN-AC-1976-kerala-29,kerala,1991,29,KALPETTA,THOMAS AMBALAVAYAL,parties.IN.IND,IND,113,0.12,7,forfeit,U,,,,challenger,src-1b7bc1c9d39a
IN-AC-1976-kerala-30,kerala,1991,30,SULTAN'S BATTERY,K.C. ROSAKUTTY,parties.IN.INC,INC,53050,47.46,1,won,U,,,,challenger,src-1b7bc1c9d39a
IN-AC-1976-kerala-30,kerala,1991,30,SULTAN'S BATTERY,VARGHESE VAIDYAR,parties.IN.CPIM,CPM,50544,45.22,2,lost,U,,,,challenger,src-1b7bc1c9d39a
IN-AC-1976-kerala-30,kerala,1991,30,SULTAN'S BATTERY,P.K. MADHAVAN,parties.IN.BJP,BJP,7273,6.51,3,forfeit,U,,,,challenger,src-1b7bc1c9d39a
IN-AC-1976-kerala-30,kerala,1991,30,SULTAN'S BATTERY,ASSAIN MAVADY,parties.IN.IND,IND,390,0.35,4,forfeit,U,,,,challenger,src-1b7bc1c9d39a
IN-AC-1976-kerala-30,kerala,1991,30,SULTAN'S BATTERY,K. BHAGEERATHAN,parties.IN.IND,IND,207,0.19,5,forfeit,U,,,,challenger,src-1b7bc1c9d39a
IN-AC-1976-kerala-30,kerala,1991,30,SULTAN'S BATTERY,MUHAMMAD POCKER,parties.IN.IND,IND,169,0.15,6,forfeit,U,,,,challenger,src-1b7bc1c9d39a
IN-AC-1976-kerala-30,kerala,1991,30,SULTAN'S BATTERY,FOREIGN CHACKO,parties.IN.IND,IND,139,0.12,7,forfeit,U,,,,challenger,src-1b7bc1c9d39a
IN-AC-1976-kerala-31,kerala,1991,31,WANDOOR,PANDALAM SUDHAKARAN,parties.IN.INC,INC,53104,51.3,1,won,U,,,,incumbent,src-1b7bc1c9d39a
IN-AC-1976-kerala-31,kerala,1991,31,WANDOOR,KUNNATH VELAYUDHAN,parties.IN.CPIM,CPM,45509,43.97,2,lost,U,,,,challenger,src-1b7bc1c9d39a
IN-AC-1976-kerala-31,kerala,1991,31,WANDOOR,K. GOPALAN,parties.IN.BJP,BJP,4895,4.73,3,forfeit,U,,,,challenger,src-1b7bc1c9d39a
IN-AC-1976-kerala-32,kerala,1991,32,NILAMBUR,ARYADAN MUHAMMED,parties.IN.INC,INC,60558,50.66,1,won,U,,,,incumbent,src-1b7bc1c9d39a
IN-AC-1976-kerala-32,kerala,1991,32,NILAMBUR,K. ABDURAHIMAN MASTER,parties.IN.IND,IND,52874,44.23,2,lost,U,,,,challenger,src-1b7bc1c9d39a
IN-AC-1976-kerala-32,kerala,1991,32,NILAMBUR,P.P. ACHUTHAN,parties.IN.BJP,BJP,3876,3.24,3,forfeit,U,,,,challenger,src-1b7bc1c9d39a
IN-AC-1976-kerala-32,kerala,1991,32,NILAMBUR,C.G. VARGHESE (GEORGE),parties.IN.IND,IND,955,0.8,4,forfeit,U,,,,challenger,src-1b7bc1c9d39a
IN-AC-1976-kerala-32,kerala,1991,32,NILAMBUR,ULTHANNAN VARKEY,parties.IN.IND,IND,898,0.75,5,forfeit,U,,,,challenger,src-1b7bc1c9d39a
IN-AC-1976-kerala-32,kerala,1991,32,NILAMBUR,ANAPPATHATH UMMER KOYA,parties.IN.IND,IND,302,0.25,6,forfeit,U,,,,challenger,src-1b7bc1c9d39a
IN-AC-1976-kerala-32,kerala,1991,32,NILAMBUR,S. VENKITARAMANAN EMBRANTHIRI,parties.IN.IND,IND,67,0.06,7,forfeit,U,,,,challenger,src-1b7bc1c9d39a
IN-AC-1976-kerala-33,kerala,1991,33,MANJERI,ISHAQUE KURIKKAL,parties.IN.IUML,MUL,57717,58.43,1,won,U,,,,incumbent,src-1b7bc1c9d39a
IN-AC-1976-kerala-33,kerala,1991,33,MANJERI,K.P. MOHAMMED,parties.IN.JD,JD,35286,35.72,2,lost,U,,,,challenger,src-1b7bc1c9d39a
IN-AC-1976-kerala-33,kerala,1991,33,MANJERI,C. VASUDEVAN,parties.IN.BJP,BJP,4592,4.65,3,forfeit,U,,,,challenger,src-1b7bc1c9d39a
IN-AC-1976-kerala-33,kerala,1991,33,MANJERI,HAMAKOYA CHEMALA,parties.IN.IND,IND,346,0.35,4,forfeit,U,,,,challenger,src-1b7bc1c9d39a
IN-AC-1976-kerala-33,kerala,1991,33,MANJERI,HARI ALIAS KUNHUMON,parties.IN.IND,IND,270,0.27,5,forfeit,U,,,,challenger,src-1b7bc1c9d39a
IN-AC-1976-kerala-33,kerala,1991,33,MANJERI,PEEZHIKUNN RAMANKUTTY,parties.IN.IND,IND,207,0.21,6,forfeit,U,,,,challenger,src-1b7bc1c9d39a
IN-AC-1976-kerala-33,kerala,1991,33,MANJERI,KUNNATH PARAMASWARAN,parties.IN.IND,IND,200,0.2,7,forfeit,U,,,,challenger,src-1b7bc1c9d39a
IN-AC-1976-kerala-33,kerala,1991,33,MANJERI,KOTTAKUNNAN MOHAMMED HAJI,parties.IN.IND,IND,162,0.16,8,forfeit,U,,,,challenger,src-1b7bc1c9d39a
IN-AC-1976-kerala-34,kerala,1991,34,MALAPPURAM,YOONUS KUNJU,parties.IN.IUML,MUL,49713,63.38,1,won,U,,,,challenger,src-1b7bc1c9d39a
IN-AC-1976-kerala-34,kerala,1991,34,MALAPPURAM,SEBASTIAN J. KALOOR,parties.IN.ICS_SCS,ICS(SCS),22604,28.82,2,lost,U,,,,challenger,src-1b7bc1c9d39a
IN-AC-1976-kerala-34,kerala,1991,34,MALAPPURAM,K. NARENDRAN,parties.IN.BJP,BJP,4244,5.41,3,forfeit,U,,,,challenger,src-1b7bc1c9d39a
IN-AC-1976-kerala-34,kerala,1991,34,MALAPPURAM,PEECHI ABDUL AZEEZ,parties.IN.IND,IND,1881,2.4,4,forfeit,U,,,,challenger,src-1b7bc1c9d39a
IN-AC-1976-kerala-35,kerala,1991,35,KONDOTTY,K. ABU,parties.IN.IUML,MUL,54042,56.37,1,won,U,,,,challenger,src-1b7bc1c9d39a
IN-AC-1976-kerala-35,kerala,1991,35,KONDOTTY,MADATHIL MOHAMMEDAJI,parties.IN.JD,JD,33178,34.61,2,lost,U,,,,challenger,src-1b7bc1c9d39a
IN-AC-1976-kerala-35,kerala,1991,35,KONDOTTY,THADAYIL AYYAPPAN,parties.IN.BJP,BJP,7522,7.85,3,forfeit,U,,,,challenger,src-1b7bc1c9d39a
IN-AC-1976-kerala-35,kerala,1991,35,KONDOTTY,KARI ABOOBACKER,parties.IN.IND,IND,824,0.86,4,forfeit,U,,,,challenger,src-1b7bc1c9d39a
IN-AC-1976-kerala-35,kerala,1991,35,KONDOTTY,KAVUNGAL ABDUSAMMED,parties.IN.IND,IND,304,0.32,5,forfeit,U,,,,challenger,src-1b7bc1c9d39a
IN-AC-1976-kerala-36,kerala,1991,36,TIRURANGADI,V.A. BEERAN SAHIB,parties.IN.IUML,MUL,47223,55.52,1,won,U,,,,challenger,src-1b7bc1c9d39a
IN-AC-1976-kerala-36,kerala,1991,36,TIRURANGADI,M. RAHMATHULLA,parties.IN.CPI,CPI,28021,32.94,2,lost,U,,,,challenger,src-1b7bc1c9d39a
IN-AC-1976-kerala-36,kerala,1991,36,TIRURANGADI,C.P. SUDHAKARAN,parties.IN.BJP,BJP,9462,11.12,3,forfeit,U,,,,challenger,src-1b7bc1c9d39a
IN-AC-1976-kerala-36,kerala,1991,36,TIRURANGADI,KOVILKAM RADHA KRISHNAN NAIR,parties.IN.IND,IND,355,0.42,4,forfeit,U,,,,challenger,src-1b7bc1c9d39a
IN-AC-1976-kerala-37,kerala,1991,37,TANUR,P. SEETHI HAJI,parties.IN.IUML,MUL,47424,60.92,1,won,U,,,,incumbent,src-1b7bc1c9d39a
IN-AC-1976-kerala-37,kerala,1991,37,TANUR,M. MOHAMED MASTER,parties.IN.CPIM,CPM,21577,27.72,2,lost,U,,,,challenger,src-1b7bc1c9d39a
IN-AC-1976-kerala-37,kerala,1991,37,TANUR,K. NARAYANAN MASTER,parties.IN.BJP,BJP,7703,9.9,3,forfeit,U,,,,challenger,src-1b7bc1c9d39a
IN-AC-1976-kerala-37,kerala,1991,37,TANUR,DEVEPARAMBIL MOHAMMED,parties.IN.IND,IND,622,0.8,4,forfeit,U,,,,challenger,src-1b7bc1c9d39a
IN-AC-1976-kerala-37,kerala,1991,37,TANUR,GIRISH VALLITTAYIL,parties.IN.IND,IND,410,0.53,5,forfeit,U,,,,challenger,src-1b7bc1c9d39a
IN-AC-1976-kerala-37,kerala,1991,37,TANUR,CHAKKIVAY8I ABOOBACKER,parties.IN.IND,IND,108,0.14,6,forfeit,U,,,,challenger,src-1b7bc1c9d39a
IN-AC-1976-kerala-38,kerala,1991,38,TIRUR,E.T.  MOHAMED BASHEER,parties.IN.IUML,MUL,52489,50.54,1,won,U,,,,challenger,src-1b7bc1c9d39a
IN-AC-1976-kerala-38,kerala,1991,38,TIRUR,KURUIYAN SYED,parties.IN.ICS_SCS,ICS(SCS),39984,38.5,2,lost,U,,,,challenger,src-1b7bc1c9d39a
IN-AC-1976-kerala-38,kerala,1991,38,TIRUR,C.H. BALAKRISHNAN,parties.IN.BJP,BJP,7740,7.45,3,forfeit,U,,,,challenger,src-1b7bc1c9d39a
IN-AC-1976-kerala-38,kerala,1991,38,TIRUR,M.P. AYYEOB,parties.IN.IND,IND,3269,3.15,4,forfeit,U,,,,challenger,src-1b7bc1c9d39a
IN-AC-1976-kerala-38,kerala,1991,38,TIRUR,KALARIKKAT MOHANDAS,parties.IN.IND,IND,368,0.35,5,forfeit,U,,,,challenger,src-1b7bc1c9d39a
IN-AC-1976-kerala-39,kerala,1991,39,PONNANI,E.K. IMBICHIBAVA,parties.IN.CPIM,CPM,49264,49.55,1,won,U,,,,challenger,src-1b7bc1c9d39a
IN-AC-1976-kerala-39,kerala,1991,39,PONNANI,P.T. MOHANKRISHNAN,parties.IN.INC,INC,44180,44.44,2,lost,U,,,,incumbent,src-1b7bc1c9d39a
IN-AC-1976-kerala-39,kerala,1991,39,PONNANI,K.P. MADHAVAN,parties.IN.BJP,BJP,5437,5.47,3,forfeit,U,,,,challenger,src-1b7bc1c9d39a
IN-AC-1976-kerala-39,kerala,1991,39,PONNANI,P. ABDULLAKUTTY,parties.IN.IND,IND,348,0.35,4,forfeit,U,,,,challenger,src-1b7bc1c9d39a
IN-AC-1976-kerala-39,kerala,1991,39,PONNANI,P.M. VASU,parties.IN.IND,IND,189,0.19,5,forfeit,U,,,,challenger,src-1b7bc1c9d39a
IN-AC-1976-kerala-40,kerala,1991,40,KUTTIPPURAM,P.K. KUNHALIKUTTY,parties.IN.IUML,MUL,44865,61.65,1,won,U,,,,incumbent,src-1b7bc1c9d39a
IN-AC-1976-kerala-40,kerala,1991,40,KUTTIPPURAM,V.P. SAKKARIYA,parties.IN.CPIM,CPM,22539,30.97,2,lost,U,,,,challenger,src-1b7bc1c9d39a
IN-AC-1976-kerala-40,kerala,1991,40,KUTTIPPURAM,C. KARUNAKARAN,parties.IN.BJP,BJP,4611,6.34,3,forfeit,U,,,,challenger,src-1b7bc1c9d39a
IN-AC-1976-kerala-40,kerala,1991,40,KUTTIPPURAM,SAYED ALI,parties.IN.IND,IND,763,1.05,4,forfeit,U,,,,challenger,src-1b7bc1c9d39a
IN-AC-1976-kerala-41,kerala,1991,41,MANKADA,K.P.A. MAJEED,parties.IN.IUML,MUL,48605,50.16,1,won,U,,,,challenger,src-1b7bc1c9d39a
IN-AC-1976-kerala-41,kerala,1991,41,MANKADA,K. UMMER MASTER,parties.IN.CPIM,CPM,42645,44.01,2,lost,U,,,,challenger,src-1b7bc1c9d39a
IN-AC-1976-kerala-41,kerala,1991,41,MANKADA,DAMODARAN PALLIYALIL,parties.IN.BJP,BJP,4707,4.86,3,forfeit,U,,,,challenger,src-1b7bc1c9d39a
IN-AC-1976-kerala-41,kerala,1991,41,MANKADA,THAYYIL ABDURAHIMAN,parties.IN.IND,IND,395,0.41,4,forfeit,U,,,,challenger,src-1b7bc1c9d39a
IN-AC-1976-kerala-41,kerala,1991,41,MANKADA,MUNDAYIL BALAKRISHNAN,parties.IN.IND,IND,207,0.21,5,forfeit,U,,,,challenger,src-1b7bc1c9d39a
IN-AC-1976-kerala-41,kerala,1991,41,MANKADA,V.T. MUHAMMED KUTTY,parties.IN.IND,IND,179,0.18,6,forfeit,U,,,,challenger,src-1b7bc1c9d39a
IN-AC-1976-kerala-41,kerala,1991,41,MANKADA,THIRIKKOTTIL KOYA,parties.IN.IND,IND,167,0.17,7,forfeit,U,,,,challenger,src-1b7bc1c9d39a
IN-AC-1976-kerala-42,kerala,1991,42,PERINTHALMANNA,SOOPPY NALAKATH,parties.IN.IUML,MUL,49766,50.99,1,won,U,,,,incumbent,src-1b7bc1c9d39a
IN-AC-1976-kerala-42,kerala,1991,42,PERINTHALMANNA,M.M. MUSTAFA,parties.IN.IND,IND,42827,43.88,2,lost,U,,,,challenger,src-1b7bc1c9d39a
IN-AC-1976-kerala-42,kerala,1991,42,PERINTHALMANNA,K.P. VASUMASTER,parties.IN.BJP,BJP,2799,2.87,3,forfeit,U,,,,challenger,src-1b7bc1c9d39a
IN-AC-1976-kerala-42,kerala,1991,42,PERINTHALMANNA,K.V. HAMZA HAJI,parties.IN.IND,IND,1020,1.05,4,forfeit,U,,,,challenger,src-1b7bc1c9d39a
IN-AC-1976-kerala-42,kerala,1991,42,PERINTHALMANNA,KIZHAKKETHIL AYITHARU,parties.IN.IND,IND,868,0.89,5,forfeit,U,,,,challenger,src-1b7bc1c9d39a
IN-AC-1976-kerala-42,kerala,1991,42,PERINTHALMANNA,KALAKAPPARA SAIDALIKUTTY,parties.IN.IND,IND,175,0.18,6,forfeit,U,,,,challenger,src-1b7bc1c9d39a
IN-AC-1976-kerala-42,kerala,1991,42,PERINTHALMANNA,K.M.K.P. PURAYATHEDOM,parties.IN.IND,IND,148,0.15,7,forfeit,U,,,,challenger,src-1b7bc1c9d39a
IN-AC-1976-kerala-43,kerala,1991,43,THRITHALA,E. SANKARAN,parties.IN.CPIM,CPM,46187,48.95,1,won,U,,,,challenger,src-1b7bc1c9d39a
IN-AC-1976-kerala-43,kerala,1991,43,THRITHALA,K.P. RAMAN MASTER,parties.IN.IUML,MUL,40602,43.03,2,lost,U,,,,challenger,src-1b7bc1c9d39a
IN-AC-1976-kerala-43,kerala,1991,43,THRITHALA,C.T. VASU,parties.IN.BJP,BJP,6661,7.06,3,forfeit,U,,,,challenger,src-1b7bc1c9d39a
IN-AC-1976-kerala-43,kerala,1991,43,THRITHALA,K.P. NARAYANAN,parties.IN.BSP,BSP,901,0.95,4,forfeit,U,,,,challenger,src-1b7bc1c9d39a
IN-AC-1976-kerala-44,kerala,1991,44,PATTAMBI,K.E. ESMAIL,parties.IN.CPI,CPI,43351,48.54,1,won,U,,,,challenger,src-1b7bc1c9d39a
IN-AC-1976-kerala-44,kerala,1991,44,PATTAMBI,LEELA DAMODARA MEMON,parties.IN.INC,INC,39681,44.43,2,lost,U,,,,incumbent,src-1b7bc1c9d39a
IN-AC-1976-kerala-44,kerala,1991,44,PATTAMBI,C.P. RAMACHANDRAN MASTER,parties.IN.BJP,BJP,5505,6.16,3,forfeit,U,,,,challenger,src-1b7bc1c9d39a
IN-AC-1976-kerala-44,kerala,1991,44,PATTAMBI,M. VISWANATHAN,parties.IN.BSP,BSP,230,0.26,4,forfeit,U,,,,challenger,src-1b7bc1c9d39a
IN-AC-1976-kerala-44,kerala,1991,44,PATTAMBI,N.S. SANKARAN,parties.IN.IND,IND,219,0.25,5,forfeit,U,,,,challenger,src-1b7bc1c9d39a
IN-AC-1976-kerala-44,kerala,1991,44,PATTAMBI,KOMATH SAKKEER HUSSAIN,parties.IN.IND,IND,168,0.19,6,forfeit,U,,,,challenger,src-1b7bc1c9d39a
IN-AC-1976-kerala-44,kerala,1991,44,PATTAMBI,MOHAMMED KUTTY PARAMBIL,parties.IN.IND,IND,161,0.18,7,forfeit,U,,,,challenger,src-1b7bc1c9d39a
IN-AC-1976-kerala-45,kerala,1991,45,OTTAPALAM,V.C. KABEER MASTER,parties.IN.ICS_SCS,ICS(SCS),42771,49.06,1,won,U,,,,challenger,src-1b7bc1c9d39a
IN-AC-1976-kerala-45,kerala,1991,45,OTTAPALAM,K. SANKARANARAYANAN,parties.IN.INC,INC,38501,44.17,2,lost,U,,,,incumbent,src-1b7bc1c9d39a
IN-AC-1976-kerala-45,kerala,1991,45,OTTAPALAM,C. JINACHANDRAN,parties.IN.BJP,BJP,5027,5.77,3,forfeit,U,,,,challenger,src-1b7bc1c9d39a
IN-AC-1976-kerala-45,kerala,1991,45,OTTAPALAM,THIRHALA RAJAN,parties.IN.BSP,BSP,546,0.63,4,forfeit,U,,,,challenger,src-1b7bc1c9d39a
IN-AC-1976-kerala-45,kerala,1991,45,OTTAPALAM,M. SANKARJI,parties.IN.IND,IND,328,0.38,5,forfeit,U,,,,challenger,src-1b7bc1c9d39a
IN-AC-1976-kerala-46,kerala,1991,46,SREEKRISHNAPURAM,P. BALAN,parties.IN.INC,INC,51864,48.69,1,won,U,,,,incumbent,src-1b7bc1c9d39a
IN-AC-1976-kerala-46,kerala,1991,46,SREEKRISHNAPURAM,E.M. SREEDHARAN,parties.IN.CPIM,CPM,50166,47.1,2,lost,U,,,,challenger,src-1b7bc1c9d39a
IN-AC-1976-kerala-46,kerala,1991,46,SREEKRISHNAPURAM,O.P.V. NAMBOODIRIPAD,parties.IN.BJP,BJP,4485,4.21,3,forfeit,U,,,,challenger,src-1b7bc1c9d39a
IN-AC-1976-kerala-47,kerala,1991,47,MANNARKKAD,KALLADI MOHAMMED,parties.IN.IUML,MUL,53884,50.23,1,won,U,,,,incumbent,src-1b7bc1c9d39a
IN-AC-1976-kerala-47,kerala,1991,47,MANNARKKAD,P. KUMARAN,parties.IN.CPI,CPI,49414,46.06,2,lost,U,,,,challenger,src-1b7bc1c9d39a
IN-AC-1976-kerala-47,kerala,1991,47,MANNARKKAD,A. SUKUMARAN MASTER,parties.IN.BJP,BJP,3643,3.4,3,forfeit,U,,,,challenger,src-1b7bc1c9d39a
IN-AC-1976-kerala-47,kerala,1991,47,MANNARKKAD,U.K. ABDULLA KUTTY,parties.IN.IND,IND,178,0.17,4,forfeit,U,,,,challenger,src-1b7bc1c9d39a
IN-AC-1976-kerala-47,kerala,1991,47,MANNARKKAD,P.P. HAMSA,parties.IN.IND,IND,162,0.15,5,forfeit,U,,,,challenger,src-1b7bc1c9d39a
IN-AC-1976-kerala-48,kerala,1991,48,MALAMPUZHA,T. SIVADASA MENON,parties.IN.CPIM,CPM,50361,55.33,1,won,U,,,,incumbent,src-1b7bc1c9d39a
IN-AC-1976-kerala-48,kerala,1991,48,MALAMPUZHA,V. KRISHNADAS,parties.IN.CPIM,CPM(K),32370,35.57,2,lost,U,,,,challenger,src-1b7bc1c9d39a
IN-AC-1976-kerala-48,kerala,1991,48,MALAMPUZHA,T. CHANDRASEKHARAN,parties.IN.BJP,BJP,7675,8.43,3,forfeit,U,,,,challenger,src-1b7bc1c9d39a
IN-AC-1976-kerala-48,kerala,1991,48,MALAMPUZHA,KUMARAN Y.M.,parties.IN.IND,IND,370,0.41,4,forfeit,U,,,,challenger,src-1b7bc1c9d39a
IN-AC-1976-kerala-48,kerala,1991,48,MALAMPUZHA,SATHESSAN,parties.IN.IND,IND,239,0.26,5,forfeit,U,,,,challenger,src-1b7bc1c9d39a
IN-AC-1976-kerala-49,kerala,1991,49,PALGHAT,C.M. SUNDARAM,parties.IN.INC,INC,41432,45.09,1,won,U,,,,incumbent,src-1b7bc1c9d39a
IN-AC-1976-kerala-49,kerala,1991,49,PALGHAT,M.S. GOPALAKIRSHNAN,parties.IN.CPIM,CPM,37925,41.27,2,lost,U,,,,challenger,src-1b7bc1c9d39a
IN-AC-1976-kerala-49,kerala,1991,49,PALGHAT,T.M.P. IYER,parties.IN.BJP,BJP,10648,11.59,3,forfeit,U,,,,challenger,src-1b7bc1c9d39a
IN-AC-1976-kerala-49,kerala,1991,49,PALGHAT,A.K. PONNAN,parties.IN.IND,IND,846,0.92,4,forfeit,U,,,,challenger,src-1b7bc1c9d39a
IN-AC-1976-kerala-49,kerala,1991,49,PALGHAT,S.V. IYER,parties.IN.IND,IND,414,0.45,5,forfeit,U,,,,challenger,src-1b7bc1c9d39a
IN-AC-1976-kerala-49,kerala,1991,49,PALGHAT,M. SIVANARAYANAN,parties.IN.IND,IND,278,0.3,6,forfeit,U,,,,challenger,src-1b7bc1c9d39a
IN-AC-1976-kerala-49,kerala,1991,49,PALGHAT,K. APPUKUTTAN,parties.IN.IND,IND,193,0.21,7,forfeit,U,,,,challenger,src-1b7bc1c9d39a
IN-AC-1976-kerala-49,kerala,1991,49,PALGHAT,P.P. MENON,parties.IN.IND,IND,159,0.17,8,forfeit,U,,,,challenger,src-1b7bc1c9d39a
IN-AC-1976-kerala-50,kerala,1991,50,CHITTUR,K. KRISHNANKUTTY,parties.IN.JD,JD,47281,50.09,1,won,U,,,,crossover,src-1b7bc1c9d39a
IN-AC-1976-kerala-50,kerala,1991,50,CHITTUR,K.A. CHANDRAN,parties.IN.INC,INC,44170,46.79,2,lost,U,,,,incumbent,src-1b7bc1c9d39a
IN-AC-1976-kerala-50,kerala,1991,50,CHITTUR,A.C. SURENDRANATHAN,parties.IN.BJP,BJP,2226,2.36,3,forfeit,U,,,,challenger,src-1b7bc1c9d39a
IN-AC-1976-kerala-50,kerala,1991,50,CHITTUR,KRISHNAKUTTY,parties.IN.IND,IND,426,0.45,4,forfeit,U,,,,challenger,src-1b7bc1c9d39a
IN-AC-1976-kerala-50,kerala,1991,50,CHITTUR,K. DHANDAPANI,parties.IN.IND,IND,293,0.31,5,forfeit,U,,,,challenger,src-1b7bc1c9d39a
IN-AC-1976-kerala-51,kerala,1991,51,KOLLENGODE,T. CHATHU,parties.IN.CPIM,CPM,47058,48.43,1,won,U,,,,challenger,src-1b7bc1c9d39a
IN-AC-1976-kerala-51,kerala,1991,51,KOLLENGODE,"A, RAMASWAMY",parties.IN.INC,INC,45853,47.19,2,lost,U,,,,challenger,src-1b7bc1c9d39a
IN-AC-1976-kerala-51,kerala,1991,51,KOLLENGODE,"A, RAMAKRISHNAN MASTER",parties.IN.BJP,BJP,4048,4.17,3,forfeit,U,,,,challenger,src-1b7bc1c9d39a
IN-AC-1976-kerala-51,kerala,1991,51,KOLLENGODE,C.P. CHANDRASEKHARAN,parties.IN.IND,IND,201,0.21,4,forfeit,U,,,,challenger,src-1b7bc1c9d39a
IN-AC-1976-kerala-52,kerala,1991,52,COYALMANNAM,M. NARYANNAN,parties.IN.CPIM,CPM,50315,52.34,1,won,U,,,,challenger,src-1b7bc1c9d39a
IN-AC-1976-kerala-52,kerala,1991,52,COYALMANNAM,M. AYYAPPAN MASTER,parties.IN.INC,INC,42597,44.31,2,lost,U,,,,challenger,src-1b7bc1c9d39a
IN-AC-1976-kerala-52,kerala,1991,52,COYALMANNAM,M. LAKSHMANAN,parties.IN.BJP,BJP,3219,3.35,3,forfeit,U,,,,challenger,src-1b7bc1c9d39a
IN-AC-1976-kerala-53,kerala,1991,53,ALATHUR,A.V. GOPINATHAN,parties.IN.INC,INC,49512,48.87,1,won,U,,,,challenger,src-1b7bc1c9d39a
IN-AC-1976-kerala-53,kerala,1991,53,ALATHUR,V. SUKUMARAN MASTER,parties.IN.CPIM,CPM,49174,48.53,2,lost,U,,,,challenger,src-1b7bc1c9d39a
IN-AC-1976-kerala-53,kerala,1991,53,ALATHUR,N. BHAGYALAKSHMI,parties.IN.BJP,BJP,2009,1.98,3,forfeit,U,,,,challenger,src-1b7bc1c9d39a
IN-AC-1976-kerala-53,kerala,1991,53,ALATHUR,C. BHASKARAN,parties.IN.IND,IND,328,0.32,4,forfeit,U,,,,challenger,src-1b7bc1c9d39a
IN-AC-1976-kerala-53,kerala,1991,53,ALATHUR,P.C. SIVASANKANAR NAIR,parties.IN.IND,IND,233,0.23,5,forfeit,U,,,,challenger,src-1b7bc1c9d39a
IN-AC-1976-kerala-53,kerala,1991,53,ALATHUR,P.H. HASSAN,parties.IN.IND,IND,68,0.07,6,forfeit,U,,,,challenger,src-1b7bc1c9d39a
IN-AC-1976-kerala-54,kerala,1991,54,CHELAKARA,M.P. THAMI,parties.IN.INC,INC,47790,50.22,1,won,U,,,,incumbent,src-1b7bc1c9d39a
IN-AC-1976-kerala-54,kerala,1991,54,CHELAKARA,C. KUTTAPPAN,parties.IN.CPIM,CPM,43429,45.64,2,lost,U,,,,challenger,src-1b7bc1c9d39a
IN-AC-1976-kerala-54,kerala,1991,54,CHELAKARA,C. VELAYUDHAN,parties.IN.BJP,BJP,3944,4.14,3,forfeit,U,,,,challenger,src-1b7bc1c9d39a
IN-AC-1976-kerala-55,kerala,1991,55,WADAKKANCHERRY,K.S. NARAYANAN NAMBOODIRI,parties.IN.INC,INC,51414,50.62,1,won,U,,,,incumbent,src-1b7bc1c9d39a
IN-AC-1976-kerala-55,kerala,1991,55,WADAKKANCHERRY,K. MOHANDAS,parties.IN.KEC,KEC,43773,43.1,2,lost,U,,,,challenger,src-1b7bc1c9d39a
IN-AC-1976-kerala-55,kerala,1991,55,WADAKKANCHERRY,GNANAMBIKA,parties.IN.BJP,BJP,5035,4.96,3,forfeit,U,,,,challenger,src-1b7bc1c9d39a
IN-AC-1976-kerala-55,kerala,1991,55,WADAKKANCHERRY,SUNNY P.M.,parties.IN.IND,IND,827,0.81,4,forfeit,U,,,,challenger,src-1b7bc1c9d39a
IN-AC-1976-kerala-55,kerala,1991,55,WADAKKANCHERRY,RAJAN K. KURRIAN,parties.IN.IND,IND,521,0.51,5,forfeit,U,,,,challenger,src-1b7bc1c9d39a
IN-AC-1976-kerala-56,kerala,1991,56,KUNNAMKULAM,T.V. CHANDRAMOHAN,parties.IN.INC,INC,53099,48.66,1,won,U,,,,challenger,src-1b7bc1c9d39a
IN-AC-1976-kerala-56,kerala,1991,56,KUNNAMKULAM,K.P. ARAVINDHAKSHAN,parties.IN.CPIM,CPM,50344,46.14,2,lost,U,,,,incumbent,src-1b7bc1c9d39a
IN-AC-1976-kerala-56,kerala,1991,56,KUNNAMKULAM,SUDHODHANAN NELLIKKAL,parties.IN.BJP,BJP,5005,4.59,3,forfeit,U,,,,challenger,src-1b7bc1c9d39a
IN-AC-1976-kerala-56,kerala,1991,56,KUNNAMKULAM,V.V. THAMPI,parties.IN.IND,IND,389,0.36,4,forfeit,U,,,,challenger,src-1b7bc1c9d39a
IN-AC-1976-kerala-56,kerala,1991,56,KUNNAMKULAM,K.R. SIVADASAN,parties.IN.BSP,BSP,285,0.26,5,forfeit,U,,,,challenger,src-1b7bc1c9d39a
IN-AC-1976-kerala-57,kerala,1991,57,CHERPU,V.V. RAGHAVAN,parties.IN.CPI,CPI,50767,50.02,1,won,U,,,,incumbent,src-1b7bc1c9d39a
IN-AC-1976-kerala-57,kerala,1991,57,CHERPU,M.K. ABDUL SALAM,parties.IN.INC,INC,46309,45.63,2,lost,U,,,,challenger,src-1b7bc1c9d39a
IN-AC-1976-kerala-57,kerala,1991,57,CHERPU,K.K. UNNIKRISHNAN,parties.IN.BJP,BJP,4012,3.95,3,forfeit,U,,,,challenger,src-1b7bc1c9d39a
IN-AC-1976-kerala-57,kerala,1991,57,CHERPU,BHARATHAN THAMPURAN,parties.IN.IND,IND,238,0.23,4,forfeit,U,,,,challenger,src-1b7bc1c9d39a
IN-AC-1976-kerala-57,kerala,1991,57,CHERPU,M.S. CHANDRAPRAKASH,parties.IN.IND,IND,162,0.16,5,forfeit,U,,,,challenger,src-1b7bc1c9d39a
IN-AC-1976-kerala-58,kerala,1991,58,TRICHUR,THERAMBIL RAMAKRISHNAN,parties.IN.INC,INC,53190,51.43,1,won,U,,,,crossover,src-1b7bc1c9d39a
IN-AC-1976-kerala-58,kerala,1991,58,TRICHUR,E.K. MENON,parties.IN.CPIM,CPM,45899,44.38,2,lost,U,,,,incumbent,src-1b7bc1c9d39a
IN-AC-1976-kerala-58,kerala,1991,58,TRICHUR,V.K. RAMDAS MEMON,parties.IN.BJP,BJP,4068,3.93,3,forfeit,U,,,,challenger,src-1b7bc1c9d39a
IN-AC-1976-kerala-58,kerala,1991,58,TRICHUR,UNNIKRISHNAN K.K.,parties.IN.IND,IND,151,0.15,4,forfeit,U,,,,challenger,src-1b7bc1c9d39a
IN-AC-1976-kerala-58,kerala,1991,58,TRICHUR,K. VIJAYAN VIYYUR,parties.IN.IND,IND,114,0.11,5,forfeit,U,,,,challenger,src-1b7bc1c9d39a
IN-AC-1976-kerala-59,kerala,1991,59,OLLUR,P.P. GEORGE,parties.IN.INC,INC,57910,50.27,1,won,U,,,,incumbent,src-1b7bc1c9d39a
IN-AC-1976-kerala-59,kerala,1991,59,OLLUR,A.M. PARAMAN,parties.IN.CPI,CPI,52669,45.72,2,lost,U,,,,incumbent,src-1b7bc1c9d39a
IN-AC-1976-kerala-59,kerala,1991,59,OLLUR,M.K. DHARMARAJAN,parties.IN.BJP,BJP,4138,3.59,3,forfeit,U,,,,challenger,src-1b7bc1c9d39a
IN-AC-1976-kerala-59,kerala,1991,59,OLLUR,M.S. MENON,parties.IN.IND,IND,266,0.23,4,forfeit,U,,,,challenger,src-1b7bc1c9d39a
IN-AC-1976-kerala-59,kerala,1991,59,OLLUR,V.K. YESODHARAN,parties.IN.IND,IND,204,0.18,5,forfeit,U,,,,challenger,src-1b7bc1c9d39a
IN-AC-1976-kerala-60,kerala,1991,60,KODAKARA,K.P. VISWANATHAN,parties.IN.INC,INC,49971,47.28,1,won,U,,,,incumbent,src-1b7bc1c9d39a
IN-AC-1976-kerala-60,kerala,1991,60,KODAKARA,P.R. RAJAN,parties.IN.CPIM,CPM,48360,45.76,2,lost,U,,,,challenger,src-1b7bc1c9d39a
IN-AC-1976-kerala-60,kerala,1991,60,KODAKARA,N.K. SURENDRAN,parties.IN.BJP,BJP,6668,6.31,3,forfeit,U,,,,challenger,src-1b7bc1c9d39a
IN-AC-1976-kerala-60,kerala,1991,60,KODAKARA,JOSEPH KODAKARA,parties.IN.IND,IND,475,0.45,4,forfeit,U,,,,challenger,src-1b7bc1c9d39a
IN-AC-1976-kerala-60,kerala,1991,60,KODAKARA,M.A. KUMARAN,parties.IN.IND,IND,215,0.2,5,forfeit,U,,,,challenger,src-1b7bc1c9d39a
IN-AC-1976-kerala-61,kerala,1991,61,CHALAKUDI,ROSAMMA CHACKO,parties.IN.INC,INC,49482,51.14,1,won,U,,,,incumbent,src-1b7bc1c9d39a
IN-AC-1976-kerala-61,kerala,1991,61,CHALAKUDI,JOSE PAINADATH,parties.IN.JD,JD,42742,44.17,2,lost,U,,,,challenger,src-1b7bc1c9d39a
IN-AC-1976-kerala-61,kerala,1991,61,CHALAKUDI,M.N. RAJU,parties.IN.BJP,BJP,3569,3.69,3,forfeit,U,,,,challenger,src-1b7bc1c9d39a
IN-AC-1976-kerala-61,kerala,1991,61,CHALAKUDI,A.R. SEKARAN,parties.IN.IND,IND,707,0.73,4,forfeit,U,,,,challenger,src-1b7bc1c9d39a
IN-AC-1976-kerala-61,kerala,1991,61,CHALAKUDI,LAZER PADINJEKARA,parties.IN.IND,IND,262,0.27,5,forfeit,U,,,,challenger,src-1b7bc1c9d39a
IN-AC-1976-kerala-62,kerala,1991,62,MALA,K. KARUNAKARAN,parties.IN.INC,INC,50966,49.38,1,won,U,,,,incumbent,src-1b7bc1c9d39a
IN-AC-1976-kerala-62,kerala,1991,62,MALA,V.K. RAJAN,parties.IN.CPI,CPI,48492,46.99,2,lost,U,,,,incumbent,src-1b7bc1c9d39a
IN-AC-1976-kerala-62,kerala,1991,62,MALA,V.K. NARAYANAN,parties.IN.BJP,BJP,3050,2.96,3,forfeit,U,,,,challenger,src-1b7bc1c9d39a
IN-AC-1976-kerala-62,kerala,1991,62,MALA,A.K. MOHAMMED,parties.IN.IND,IND,392,0.38,4,forfeit,U,,,,challenger,src-1b7bc1c9d39a
IN-AC-1976-kerala-62,kerala,1991,62,MALA,JOSE THOTTATHIL,parties.IN.IND,IND,157,0.15,5,forfeit,U,,,,challenger,src-1b7bc1c9d39a
IN-AC-1976-kerala-62,kerala,1991,62,MALA,K.M. RAMAKRISHNAN,parties.IN.IND,IND,148,0.14,6,forfeit,U,,,,challenger,src-1b7bc1c9d39a
IN-AC-1976-kerala-63,kerala,1991,63,IRINJALAKUDA,LONAPPAN NAMBADAN,parties.IN.IND,IND,53351,52,1,won,U,,,,incumbent,src-1b7bc1c9d39a
IN-AC-1976-kerala-63,kerala,1991,63,IRINJALAKUDA,A.L. SEBASTIAN,parties.IN.KECM,KEC(M),43927,42.82,2,lost,U,,,,challenger,src-1b7bc1c9d39a
IN-AC-1976-kerala-63,kerala,1991,63,IRINJALAKUDA,K.C. VENUMASTER,parties.IN.BJP,BJP,4971,4.85,3,forfeit,U,,,,challenger,src-1b7bc1c9d39a
IN-AC-1976-kerala-63,kerala,1991,63,IRINJALAKUDA,P.R. JAYANTHI,parties.IN.IND,IND,347,0.34,4,forfeit,U,,,,challenger,src-1b7bc1c9d39a
IN-AC-1976-kerala-64,kerala,1991,64,MANALUR,V.M. SUDHEERAN,parties.IN.INC,INC,45930,49.64,1,won,U,,,,incumbent,src-1b7bc1c9d39a
IN-AC-1976-kerala-64,kerala,1991,64,MANALUR,K.F. DAVIS,parties.IN.CPIM,CPM,40414,43.68,2,lost,U,,,,challenger,src-1b7bc1c9d39a
IN-AC-1976-kerala-64,kerala,1991,64,MANALUR,P.P. BALAKRISHNAN,parties.IN.BJP,BJP,5655,6.11,3,forfeit,U,,,,challenger,src-1b7bc1c9d39a
IN-AC-1976-kerala-64,kerala,1991,64,MANALUR,PANAKKAL NARYANANA UPPARAN,parties.IN.IND,IND,296,0.32,4,forfeit,U,,,,challenger,src-1b7bc1c9d39a
IN-AC-1976-kerala-64,kerala,1991,64,MANALUR,JOSE MANNUMMEL,parties.IN.IND,IND,227,0.25,5,forfeit,U,,,,challenger,src-1b7bc1c9d39a
IN-AC-1976-kerala-65,kerala,1991,65,GURUVAYOOR,P.M. ABUBACKER,parties.IN.IUML,MUL,40496,47.44,1,won,U,,,,incumbent,src-1b7bc1c9d39a
IN-AC-1976-kerala-65,kerala,1991,65,GURUVAYOOR,K.K. KAMMU,parties.IN.IND,IND,34820,40.79,2,lost,U,,,,challenger,src-1b7bc1c9d39a
IN-AC-1976-kerala-65,kerala,1991,65,GURUVAYOOR,P.S. RAJAN MASTER,parties.IN.BJP,BJP,8779,10.28,3,forfeit,U,,,,challenger,src-1b7bc1c9d39a
IN-AC-1976-kerala-65,kerala,1991,65,GURUVAYOOR,ABDUL MAJEED,parties.IN.IND,IND,526,0.62,4,forfeit,U,,,,challenger,src-1b7bc1c9d39a
IN-AC-1976-kerala-65,kerala,1991,65,GURUVAYOOR,P.A. VINOJ,parties.IN.IND,IND,294,0.34,5,forfeit,U,,,,challenger,src-1b7bc1c9d39a
IN-AC-1976-kerala-65,kerala,1991,65,GURUVAYOOR,HARIDAS PANANTHARA,parties.IN.BSP,BSP,260,0.3,6,forfeit,U,,,,challenger,src-1b7bc1c9d39a
IN-AC-1976-kerala-65,kerala,1991,65,GURUVAYOOR,K. PRAKASH,parties.IN.IND,IND,193,0.23,7,forfeit,U,,,,challenger,src-1b7bc1c9d39a
IN-AC-1976-kerala-66,kerala,1991,66,NATTIKA,KRISHNAN KANIYAMPARABIL,parties.IN.CPI,CPI,44762,47.82,1,won,U,,,,incumbent,src-1b7bc1c9d39a
IN-AC-1976-kerala-66,kerala,1991,66,NATTIKA,RAGHVAN POZHAKADAVIL,parties.IN.INC,INC,43596,46.57,2,lost,U,,,,challenger,src-1b7bc1c9d39a
IN-AC-1976-kerala-66,kerala,1991,66,NATTIKA,K.P. HARIHARAN,parties.IN.BJP,BJP,5256,5.61,3,forfeit,U,,,,challenger,src-1b7bc1c9d39a
IN-AC-1976-kerala-67,kerala,1991,67,KODUNGALLUR,MEENAKSHY THAMPAN,parties.IN.CPI,CPI,53542,51.36,1,won,U,,,,challenger,src-1b7bc1c9d39a
IN-AC-1976-kerala-67,kerala,1991,67,KODUNGALLUR,T.A. AHAMMED KABEER,parties.IN.IUML,MUL,42353,40.63,2,lost,U,,,,challenger,src-1b7bc1c9d39a
IN-AC-1976-kerala-67,kerala,1991,67,KODUNGALLUR,K.V. APPUKUTTAN,parties.IN.BJP,BJP,7909,7.59,3,forfeit,U,,,,challenger,src-1b7bc1c9d39a
IN-AC-1976-kerala-67,kerala,1991,67,KODUNGALLUR,N.K. PADMAKUMAR,parties.IN.IND,IND,446,0.43,4,forfeit,U,,,,challenger,src-1b7bc1c9d39a
IN-AC-1976-kerala-68,kerala,1991,68,ANKAMALI,P.J. JOY,parties.IN.INC,INC,60441,49.93,1,won,U,,,,crossover,src-1b7bc1c9d39a
IN-AC-1976-kerala-68,kerala,1991,68,ANKAMALI,M.V. MANI,parties.IN.KEC,KEC,52843,43.65,2,lost,U,,,,incumbent,src-1b7bc1c9d39a
IN-AC-1976-kerala-68,kerala,1991,68,ANKAMALI,C. RAGHUNANDANAN,parties.IN.BJP,BJP,4526,3.74,3,forfeit,U,,,,challenger,src-1b7bc1c9d39a
IN-AC-1976-kerala-68,kerala,1991,68,ANKAMALI,P.K. SASI,parties.IN.BSP,BSP,1471,1.22,4,forfeit,U,,,,challenger,src-1b7bc1c9d39a
IN-AC-1976-kerala-68,kerala,1991,68,ANKAMALI,BABU V. MUNDADAN,parties.IN.IND,IND,997,0.82,5,forfeit,U,,,,challenger,src-1b7bc1c9d39a
IN-AC-1976-kerala-68,kerala,1991,68,ANKAMALI,P.K. KUNJIKUTTAN,parties.IN.DPI,DPI,263,0.22,6,forfeit,U,,,,challenger,src-1b7bc1c9d39a
IN-AC-1976-kerala-68,kerala,1991,68,ANKAMALI,THOPPIL RAJAPPAN,parties.IN.IND,IND,260,0.21,7,forfeit,U,,,,challenger,src-1b7bc1c9d39a
IN-AC-1976-kerala-68,kerala,1991,68,ANKAMALI,V.J. MATHEW,parties.IN.IND,IND,254,0.21,8,forfeit,U,,,,challenger,src-1b7bc1c9d39a
IN-AC-1976-kerala-69,kerala,1991,69,VADAKKEKARA,S. SARMA,parties.IN.CPIM,CPM,52897,48.51,1,won,U,,,,incumbent,src-1b7bc1c9d39a
IN-AC-1976-kerala-69,kerala,1991,69,VADAKKEKARA,M.I. SHANAVAS,parties.IN.INC,INC,52100,47.77,2,lost,U,,,,challenger,src-1b7bc1c9d39a
IN-AC-1976-kerala-69,kerala,1991,69,VADAKKEKARA,G. KALADHARAN,parties.IN.BJP,BJP,3655,3.35,3,forfeit,U,,,,challenger,src-1b7bc1c9d39a
IN-AC-1976-kerala-69,kerala,1991,69,VADAKKEKARA,P.T. DEVASSYKKUTTY,parties.IN.JP,JP,401,0.37,4,forfeit,U,,,,challenger,src-1b7bc1c9d39a
IN-AC-1976-kerala-70,kerala,1991,70,PARUR,P.RAJU,parties.IN.CPI,CPI,43551,48.26,1,won,U,,,,challenger,src-1b7bc1c9d39a
IN-AC-1976-kerala-70,kerala,1991,70,PARUR,KARTHAV,parties.IN.IND,IND,40719,45.12,2,lost,U,,,,challenger,src-1b7bc1c9d39a
IN-AC-1976-kerala-70,kerala,1991,70,PARUR,MOHANKUMAR,parties.IN.BJP,BJP,4209,4.66,3,forfeit,U,,,,challenger,src-1b7bc1c9d39a
IN-AC-1976-kerala-70,kerala,1991,70,PARUR,N.K. SUBHRAMANIAN,parties.IN.IND,IND,566,0.63,4,forfeit,U,,,,challenger,src-1b7bc1c9d39a
IN-AC-1976-kerala-70,kerala,1991,70,PARUR,P.A. NAIMATHULLA,parties.IN.IND,IND,373,0.41,5,forfeit,U,,,,challenger,src-1b7bc1c9d39a
IN-AC-1976-kerala-70,kerala,1991,70,PARUR,CHANDRAMOHANAN NAIR,parties.IN.IND,IND,237,0.26,6,forfeit,U,,,,challenger,src-1b7bc1c9d39a
IN-AC-1976-kerala-70,kerala,1991,70,PARUR,VALATH SALIM,parties.IN.IND,IND,219,0.24,7,forfeit,U,,,,challenger,src-1b7bc1c9d39a
IN-AC-1976-kerala-70,kerala,1991,70,PARUR,V. RAVINDRANATHA MENON,parties.IN.IND,IND,193,0.21,8,forfeit,U,,,,challenger,src-1b7bc1c9d39a
IN-AC-1976-kerala-70,kerala,1991,70,PARUR,T.M. POULOSE,parties.IN.IND,IND,178,0.2,9,forfeit,U,,,,challenger,src-1b7bc1c9d39a
IN-AC-1976-kerala-71,kerala,1991,71,NARAKAL,K. KUNJAMBU,parties.IN.INC,INC,49102,50.12,1,won,U,,,,challenger,src-1b7bc1c9d39a
IN-AC-1976-kerala-71,kerala,1991,71,NARAKAL,V.K. BABU,parties.IN.ICS_SCS,ICS(SCS),45555,46.5,2,lost,U,,,,challenger,src-1b7bc1c9d39a
IN-AC-1976-kerala-71,kerala,1991,71,NARAKAL,N.M. VIJAYAN,parties.IN.BJP,BJP,2829,2.89,3,forfeit,U,,,,challenger,src-1b7bc1c9d39a
IN-AC-1976-kerala-71,kerala,1991,71,NARAKAL,CHAKKARAKULAM KUMAR,parties.IN.BSP,BSP,477,0.49,4,forfeit,U,,,,challenger,src-1b7bc1c9d39a
IN-AC-1976-kerala-72,kerala,1991,72,ERNAKULAM,GEORGE EDEN,parties.IN.INC,INC,54263,52.18,1,won,U,,,,challenger,src-1b7bc1c9d39a
IN-AC-1976-kerala-72,kerala,1991,72,ERNAKULAM,EVEREST CHAMMANY,parties.IN.IND,IND,43441,41.77,2,lost,U,,,,challenger,src-1b7bc1c9d39a
IN-AC-1976-kerala-72,kerala,1991,72,ERNAKULAM,SANTHARAM V.,parties.IN.BJP,BJP,5268,5.07,3,forfeit,U,,,,challenger,src-1b7bc1c9d39a
IN-AC-1976-kerala-72,kerala,1991,72,ERNAKULAM,RAJIV KESAVAN,parties.IN.JP,JP,740,0.71,4,forfeit,U,,,,challenger,src-1b7bc1c9d39a
IN-AC-1976-kerala-72,kerala,1991,72,ERNAKULAM,KALOOR JOSEPH,parties.IN.IND,IND,287,0.28,5,forfeit,U,,,,challenger,src-1b7bc1c9d39a
IN-AC-1976-kerala-73,kerala,1991,73,MATTANCHERRY,M.J. ZAKARIA,parties.IN.IUML,MUL,33736,52.06,1,won,U,,,,incumbent,src-1b7bc1c9d39a
IN-AC-1976-kerala-73,kerala,1991,73,MATTANCHERRY,JERSON KALAPPURAKKAL,parties.IN.IND,IND,24796,38.26,2,lost,U,,,,challenger,src-1b7bc1c9d39a
IN-AC-1976-kerala-73,kerala,1991,73,MATTANCHERRY,K.V. SADANANDA PRASHU,parties.IN.BJP,BJP,5214,8.05,3,forfeit,U,,,,challenger,src-1b7bc1c9d39a
IN-AC-1976-kerala-73,kerala,1991,73,MATTANCHERRY,P.M. HARRIS,parties.IN.JP,JP,1055,1.63,4,forfeit,U,,,,challenger,src-1b7bc1c9d39a
IN-AC-1976-kerala-74,kerala,1991,74,PALLURUTHY,DOMINIC PRESENTATION,parties.IN.INC,INC,60001,51.98,1,won,U,,,,challenger,src-1b7bc1c9d39a
IN-AC-1976-kerala-74,kerala,1991,74,PALLURUTHY,T.P. PEETHABARAN MASTER,parties.IN.ICS_SCS,ICS(SCS),52527,45.51,2,lost,U,,,,incumbent,src-1b7bc1c9d39a
IN-AC-1976-kerala-74,kerala,1991,74,PALLURUTHY,P.P. CHANDRA MOHAN,parties.IN.BJP,BJP,2901,2.51,3,forfeit,U,,,,challenger,src-1b7bc1c9d39a
IN-AC-1976-kerala-75,kerala,1991,75,THRIPPUNITHURA,K. BABU,parties.IN.INC,INC,63887,50.01,1,won,U,,,,challenger,src-1b7bc1c9d39a
IN-AC-1976-kerala-75,kerala,1991,75,THRIPPUNITHURA,M.M. LAWRANCE,parties.IN.CPIM,CPM,58941,46.14,2,lost,U,,,,challenger,src-1b7bc1c9d39a
IN-AC-1976-kerala-75,kerala,1991,75,THRIPPUNITHURA,RADHA PURUSHOTHAMAN,parties.IN.BJP,BJP,3951,3.09,3,forfeit,U,,,,challenger,src-1b7bc1c9d39a
IN-AC-1976-kerala-75,kerala,1991,75,THRIPPUNITHURA,K.O. LORANCE,parties.IN.IND,IND,455,0.36,4,forfeit,U,,,,challenger,src-1b7bc1c9d39a
IN-AC-1976-kerala-75,kerala,1991,75,THRIPPUNITHURA,K. RAGHAVAN,parties.IN.BSP,BSP,259,0.2,5,forfeit,U,,,,challenger,src-1b7bc1c9d39a
IN-AC-1976-kerala-75,kerala,1991,75,THRIPPUNITHURA,TOMY VARGHESE,parties.IN.IND,IND,134,0.1,6,forfeit,U,,,,challenger,src-1b7bc1c9d39a
IN-AC-1976-kerala-75,kerala,1991,75,THRIPPUNITHURA,T.T. VELAYUDHAN,parties.IN.IND,IND,124,0.1,7,forfeit,U,,,,challenger,src-1b7bc1c9d39a
IN-AC-1976-kerala-76,kerala,1991,76,ALWAYE,K. MOHAMED ALI,parties.IN.INC,INC,64837,49.79,1,won,U,,,,incumbent,src-1b7bc1c9d39a
IN-AC-1976-kerala-76,kerala,1991,76,ALWAYE,T.O. KHATHIR PILLAI,parties.IN.CPIM,CPM,56266,43.2,2,lost,U,,,,challenger,src-1b7bc1c9d39a
IN-AC-1976-kerala-76,kerala,1991,76,ALWAYE,G. NARAYAN PILLAI,parties.IN.BJP,BJP,8293,6.37,3,forfeit,U,,,,challenger,src-1b7bc1c9d39a
IN-AC-1976-kerala-76,kerala,1991,76,ALWAYE,V.A.  HAMSA KADUNGALOOR,parties.IN.IND,IND,356,0.27,4,forfeit,U,,,,challenger,src-1b7bc1c9d39a
IN-AC-1976-kerala-76,kerala,1991,76,ALWAYE,K.A. MOHAMED KUNJU AUKKAR PILLAI,parties.IN.IND,IND,288,0.22,5,forfeit,U,,,,challenger,src-1b7bc1c9d39a
IN-AC-1976-kerala-76,kerala,1991,76,ALWAYE,P.R. SHAMJI,parties.IN.IND,IND,192,0.15,6,forfeit,U,,,,challenger,src-1b7bc1c9d39a
IN-AC-1976-kerala-77,kerala,1991,77,PERUMBAVOOR,P.P. THANKACHAN,parties.IN.INC,INC,52494,48.58,1,won,U,,,,incumbent,src-1b7bc1c9d39a
IN-AC-1976-kerala-77,kerala,1991,77,PERUMBAVOOR,ALUMKAL DEVASSY,parties.IN.JD,JD,49183,45.52,2,lost,U,,,,crossover,src-1b7bc1c9d39a
IN-AC-1976-kerala-77,kerala,1991,77,PERUMBAVOOR,P.M. VELAYUDHAN,parties.IN.BJP,BJP,5507,5.1,3,forfeit,U,,,,challenger,src-1b7bc1c9d39a
IN-AC-1976-kerala-77,kerala,1991,77,PERUMBAVOOR,ETTUMANOOR GOPALAN,parties.IN.BSP,BSP,557,0.52,4,forfeit,U,,,,challenger,src-1b7bc1c9d39a
IN-AC-1976-kerala-77,kerala,1991,77,PERUMBAVOOR,AIMURI RADHAKRISHNAN,parties.IN.IND,IND,311,0.29,5,forfeit,U,,,,challenger,src-1b7bc1c9d39a
IN-AC-1976-kerala-78,kerala,1991,78,KUNNATHUNAD,T.H. MUSTHAFA,parties.IN.INC,INC,56094,49.84,1,won,U,,,,incumbent,src-1b7bc1c9d39a
IN-AC-1976-kerala-78,kerala,1991,78,KUNNATHUNAD,RUKHIYA BEEVI ALI,parties.IN.IND,IND,48626,43.2,2,lost,U,,,,challenger,src-1b7bc1c9d39a
IN-AC-1976-kerala-78,kerala,1991,78,KUNNATHUNAD,P.S. GOPINATH,parties.IN.BJP,BJP,4936,4.39,3,forfeit,U,,,,challenger,src-1b7bc1c9d39a
IN-AC-1976-kerala-78,kerala,1991,78,KUNNATHUNAD,A.C. THANKAPPAN,parties.IN.IND,IND,789,0.7,4,forfeit,U,,,,challenger,src-1b7bc1c9d39a
IN-AC-1976-kerala-78,kerala,1991,78,KUNNATHUNAD,YACOBE PAILY,parties.IN.IND,IND,698,0.62,5,forfeit,U,,,,challenger,src-1b7bc1c9d39a
IN-AC-1976-kerala-78,kerala,1991,78,KUNNATHUNAD,K.T. AYYAPPANKUTY,parties.IN.BSP,BSP,382,0.34,6,forfeit,U,,,,challenger,src-1b7bc1c9d39a
IN-AC-1976-kerala-78,kerala,1991,78,KUNNATHUNAD,K.P. ANILKUMAR,parties.IN.IND,IND,274,0.24,7,forfeit,U,,,,challenger,src-1b7bc1c9d39a
IN-AC-1976-kerala-78,kerala,1991,78,KUNNATHUNAD,AYYAPPAN THEVAN,parties.IN.IND,IND,272,0.24,8,forfeit,U,,,,challenger,src-1b7bc1c9d39a
IN-AC-1976-kerala-78,kerala,1991,78,KUNNATHUNAD,LILLY DOMINIC,parties.IN.IND,IND,184,0.16,9,forfeit,U,,,,challenger,src-1b7bc1c9d39a
IN-AC-1976-kerala-78,kerala,1991,78,KUNNATHUNAD,V.I. MOHAMMADALI VARAPPOTH,parties.IN.IND,IND,161,0.14,10,forfeit,U,,,,challenger,src-1b7bc1c9d39a
IN-AC-1976-kerala-78,kerala,1991,78,KUNNATHUNAD,MATHEW JOHN KACHAPPILLY,parties.IN.IND,IND,135,0.12,11,forfeit,U,,,,challenger,src-1b7bc1c9d39a
IN-AC-1976-kerala-79,kerala,1991,79,PIRAVOM,T.M. JACOB,parties.IN.KECM,KEC(M),53751,49.87,1,won,U,,,,incumbent,src-1b7bc1c9d39a
IN-AC-1976-kerala-79,kerala,1991,79,PIRAVOM,GOPI KOTTAMURICKAL,parties.IN.CPIM,CPM,50804,47.14,2,lost,U,,,,incumbent,src-1b7bc1c9d39a
IN-AC-1976-kerala-79,kerala,1991,79,PIRAVOM,M.N. MADHU,parties.IN.BJP,BJP,1781,1.65,3,forfeit,U,,,,challenger,src-1b7bc1c9d39a
IN-AC-1976-kerala-79,kerala,1991,79,PIRAVOM,CHAKKAPPAN ULAHANNAN,parties.IN.IND,IND,787,0.73,4,forfeit,U,,,,challenger,src-1b7bc1c9d39a
IN-AC-1976-kerala-79,kerala,1991,79,PIRAVOM,SKARIA MATHAI,parties.IN.IND,IND,395,0.37,5,forfeit,U,,,,challenger,src-1b7bc1c9d39a
IN-AC-1976-kerala-79,kerala,1991,79,PIRAVOM,MAMMAN VARGHESE,parties.IN.IND,IND,188,0.17,6,forfeit,U,,,,challenger,src-1b7bc1c9d39a
IN-AC-1976-kerala-79,kerala,1991,79,PIRAVOM,U.K. LAKSHMANAN,parties.IN.IND,IND,67,0.06,7,forfeit,U,,,,challenger,src-1b7bc1c9d39a
IN-AC-1976-kerala-80,kerala,1991,80,MUVATTUPUZHA,JOHNY NELLOOR,parties.IN.KECM,KEC(M),51783,49.59,1,won,U,,,,crossover,src-1b7bc1c9d39a
IN-AC-1976-kerala-80,kerala,1991,80,MUVATTUPUZHA,A.V. ISSAC,parties.IN.IND,IND,48004,45.97,2,lost,U,,,,incumbent,src-1b7bc1c9d39a
IN-AC-1976-kerala-80,kerala,1991,80,MUVATTUPUZHA,T.S. RAVINDRANATH,parties.IN.BJP,BJP,3278,3.14,3,forfeit,U,,,,challenger,src-1b7bc1c9d39a
IN-AC-1976-kerala-80,kerala,1991,80,MUVATTUPUZHA,CHHITTOOR SOMAN,parties.IN.IND,IND,377,0.36,4,forfeit,U,,,,challenger,src-1b7bc1c9d39a
IN-AC-1976-kerala-80,kerala,1991,80,MUVATTUPUZHA,C.V. ISSAC,parties.IN.IND,IND,364,0.35,5,forfeit,U,,,,challenger,src-1b7bc1c9d39a
IN-AC-1976-kerala-80,kerala,1991,80,MUVATTUPUZHA,P.S. AYYAPPAN NAIR ISSAC,parties.IN.UCPI,UCPI,262,0.25,6,forfeit,U,,,,challenger,src-1b7bc1c9d39a
IN-AC-1976-kerala-80,kerala,1991,80,MUVATTUPUZHA,ISSAC,parties.IN.IND,IND,242,0.23,7,forfeit,U,,,,challenger,src-1b7bc1c9d39a
IN-AC-1976-kerala-80,kerala,1991,80,MUVATTUPUZHA,GEORGE VARKEY,parties.IN.IND,IND,59,0.06,8,forfeit,U,,,,challenger,src-1b7bc1c9d39a
IN-AC-1976-kerala-80,kerala,1991,80,MUVATTUPUZHA,RAMANKUTTY THANIKKUNNEL,parties.IN.IND,IND,54,0.05,9,forfeit,U,,,,challenger,src-1b7bc1c9d39a
IN-AC-1976-kerala-81,kerala,1991,81,KOTHAMANGALAM,V.J. FAULOSE,parties.IN.INC,INC,51862,49.17,1,won,U,,,,challenger,src-1b7bc1c9d39a
IN-AC-1976-kerala-81,kerala,1991,81,KOTHAMANGALAM,T.M. PAILY,parties.IN.IND,IND,44490,42.18,2,lost,U,,,,challenger,src-1b7bc1c9d39a
IN-AC-1976-kerala-81,kerala,1991,81,KOTHAMANGALAM,THOMAS THAKKEKKARA,parties.IN.BJP,BJP,4274,4.05,3,forfeit,U,,,,challenger,src-1b7bc1c9d39a
IN-AC-1976-kerala-81,kerala,1991,81,KOTHAMANGALAM,ABDUL KHADER MAKKAR,parties.IN.IND,IND,3279,3.11,4,forfeit,U,,,,challenger,src-1b7bc1c9d39a
IN-AC-1976-kerala-81,kerala,1991,81,KOTHAMANGALAM,BABY DEVASSLA,parties.IN.IND,IND,921,0.87,5,forfeit,U,,,,challenger,src-1b7bc1c9d39a
IN-AC-1976-kerala-81,kerala,1991,81,KOTHAMANGALAM,VAZAHKULAM BHASY,parties.IN.BSP,BSP,277,0.26,6,forfeit,U,,,,challenger,src-1b7bc1c9d39a
IN-AC-1976-kerala-81,kerala,1991,81,KOTHAMANGALAM,K.M. MUHAMMED,parties.IN.UCPI,UCPI,233,0.22,7,forfeit,U,,,,challenger,src-1b7bc1c9d39a
IN-AC-1976-kerala-81,kerala,1991,81,KOTHAMANGALAM,KARUNAKARAN VELAYUDHAN,parties.IN.IND,IND,144,0.14,8,forfeit,U,,,,challenger,src-1b7bc1c9d39a
IN-AC-1976-kerala-82,kerala,1991,82,THODUPUZHA,P.T. THOMAS,parties.IN.INC,INC,55666,48.06,1,won,U,,,,challenger,src-1b7bc1c9d39a
IN-AC-1976-kerala-82,kerala,1991,82,THODUPUZHA,P.C. JOSEPH,parties.IN.KEC,KEC,54574,47.12,2,lost,U,,,,challenger,src-1b7bc1c9d39a
IN-AC-1976-kerala-82,kerala,1991,82,THODUPUZHA,P.S. SIDHARDHAN,parties.IN.BJP,BJP,4856,4.19,3,forfeit,U,,,,challenger,src-1b7bc1c9d39a
IN-AC-1976-kerala-82,kerala,1991,82,THODUPUZHA,ABRAHAM KURIAKOSE,parties.IN.IND,IND,523,0.45,4,forfeit,U,,,,challenger,src-1b7bc1c9d39a
IN-AC-1976-kerala-82,kerala,1991,82,THODUPUZHA,JOB THOMAS,parties.IN.IND,IND,103,0.09,5,forfeit,U,,,,challenger,src-1b7bc1c9d39a
IN-AC-1976-kerala-82,kerala,1991,82,THODUPUZHA,JOHN PERUMBANANI,parties.IN.IND,IND,94,0.08,6,forfeit,U,,,,challenger,src-1b7bc1c9d39a
IN-AC-1976-kerala-83,kerala,1991,83,DEVICOLAM,K. MONI ALIAS A.K. MONI,parties.IN.INC,INC,51801,52.72,1,won,U,,,,challenger,src-1b7bc1c9d39a
IN-AC-1976-kerala-83,kerala,1991,83,DEVICOLAM,S. SUNDRAMANICKAM,parties.IN.CPIM,CPM,44859,45.65,2,lost,U,,,,challenger,src-1b7bc1c9d39a
IN-AC-1976-kerala-83,kerala,1991,83,DEVICOLAM,L. MUNIYANDI,parties.IN.BSP,BSP,1167,1.19,3,forfeit,U,,,,challenger,src-1b7bc1c9d39a
IN-AC-1976-kerala-83,kerala,1991,83,DEVICOLAM,T.K. VELUSWAMY,parties.IN.IND,IND,258,0.26,4,forfeit,U,,,,challenger,src-1b7bc1c9d39a
IN-AC-1976-kerala-83,kerala,1991,83,DEVICOLAM,P.K. GOPI,parties.IN.IND,IND,177,0.18,5,forfeit,U,,,,challenger,src-1b7bc1c9d39a
IN-AC-1976-kerala-84,kerala,1991,84,IDUKKI,MATHEW STEPHEN,parties.IN.KECM,KEC(M),52559,49.72,1,won,U,,,,incumbent,src-1b7bc1c9d39a
IN-AC-1976-kerala-84,kerala,1991,84,IDUKKI,JOHNY POOMATTOM,parties.IN.KEC,KEC,48881,46.24,2,lost,U,,,,challenger,src-1b7bc1c9d39a
IN-AC-1976-kerala-84,kerala,1991,84,IDUKKI,JAMES VACHA,parties.IN.BJP,BJP,3040,2.88,3,forfeit,U,,,,challenger,src-1b7bc1c9d39a
IN-AC-1976-kerala-84,kerala,1991,84,IDUKKI,PERUMPARA VARKEY,parties.IN.BSP,BSP,832,0.79,4,forfeit,U,,,,challenger,src-1b7bc1c9d39a
IN-AC-1976-kerala-84,kerala,1991,84,IDUKKI,JAMES,parties.IN.IND,IND,249,0.24,5,forfeit,U,,,,challenger,src-1b7bc1c9d39a
IN-AC-1976-kerala-84,kerala,1991,84,IDUKKI,MATHEW MATHEW,parties.IN.IND,IND,152,0.14,6,forfeit,U,,,,challenger,src-1b7bc1c9d39a
IN-AC-1976-kerala-85,kerala,1991,85,UDUMBANCHOLA,E.M. AUGUSTHY,parties.IN.INC,INC,59843,49.16,1,won,U,,,,challenger,src-1b7bc1c9d39a
IN-AC-1976-kerala-85,kerala,1991,85,UDUMBANCHOLA,M. JINADEVAN,parties.IN.CPIM,CPM,56469,46.39,2,lost,U,,,,challenger,src-1b7bc1c9d39a
IN-AC-1976-kerala-85,kerala,1991,85,UDUMBANCHOLA,V.R. PADMAKUMARY,parties.IN.BJP,BJP,3672,3.02,3,forfeit,U,,,,challenger,src-1b7bc1c9d39a
IN-AC-1976-kerala-85,kerala,1991,85,UDUMBANCHOLA,RAJARATHINAM VASU,parties.IN.BSP,BSP,854,0.7,4,forfeit,U,,,,challenger,src-1b7bc1c9d39a
IN-AC-1976-kerala-85,kerala,1991,85,UDUMBANCHOLA,CHACKO DEVASSIA,parties.IN.JP,JP,338,0.28,5,forfeit,U,,,,challenger,src-1b7bc1c9d39a
IN-AC-1976-kerala-85,kerala,1991,85,UDUMBANCHOLA,VARGHESE ISSAC,parties.IN.IND,IND,212,0.17,6,forfeit,U,,,,challenger,src-1b7bc1c9d39a
IN-AC-1976-kerala-85,kerala,1991,85,UDUMBANCHOLA,E.C. AUGUSTHY,parties.IN.IND,IND,181,0.15,7,forfeit,U,,,,challenger,src-1b7bc1c9d39a
IN-AC-1976-kerala-85,kerala,1991,85,UDUMBANCHOLA,KANCHIYAR PEETHAMBARAN,parties.IN.IND,IND,120,0.1,8,forfeit,U,,,,challenger,src-1b7bc1c9d39a
IN-AC-1976-kerala-85,kerala,1991,85,UDUMBANCHOLA,M.C. VARGHESE,parties.IN.IND,IND,42,0.03,9,forfeit,U,,,,challenger,src-1b7bc1c9d39a
IN-AC-1976-kerala-86,kerala,1991,86,PEERMADE,K.K. THOMAS,parties.IN.INC,INC,46868,50.99,1,won,U,,,,incumbent,src-1b7bc1c9d39a
IN-AC-1976-kerala-86,kerala,1991,86,PEERMADE,C.A. KURIAN,parties.IN.CPI,CPI,41827,45.51,2,lost,U,,,,challenger,src-1b7bc1c9d39a
IN-AC-1976-kerala-86,kerala,1991,86,PEERMADE,P.V. LALU,parties.IN.BJP,BJP,2131,2.32,3,forfeit,U,,,,challenger,src-1b7bc1c9d39a
IN-AC-1976-kerala-86,kerala,1991,86,PEERMADE,K.K. KOCHIKKA,parties.IN.BSP,BSP,931,1.01,4,forfeit,U,,,,challenger,src-1b7bc1c9d39a
IN-AC-1976-kerala-86,kerala,1991,86,PEERMADE,M.T. THOMAS,parties.IN.IND,IND,93,0.1,5,forfeit,U,,,,challenger,src-1b7bc1c9d39a
IN-AC-1976-kerala-86,kerala,1991,86,PEERMADE,ANTONY,parties.IN.IND,IND,63,0.07,6,forfeit,U,,,,challenger,src-1b7bc1c9d39a
IN-AC-1976-kerala-87,kerala,1991,87,KANJIRAPPALLY,GEOGE J. MATHEW,parties.IN.INC,INC,45973,45.67,1,won,U,,,,challenger,src-1b7bc1c9d39a
IN-AC-1976-kerala-87,kerala,1991,87,KANJIRAPPALLY,K.J. THOMAS,parties.IN.CPIM,CPM,44815,44.52,2,lost,U,,,,incumbent,src-1b7bc1c9d39a
IN-AC-1976-kerala-87,kerala,1991,87,KANJIRAPPALLY,T. JAYACHANDRALAL,parties.IN.BJP,BJP,2975,2.96,3,forfeit,U,,,,challenger,src-1b7bc1c9d39a
IN-AC-1976-kerala-87,kerala,1991,87,KANJIRAPPALLY,SIDDIQUE KASSIM,parties.IN.IND,IND,2187,2.17,4,forfeit,U,,,,challenger,src-1b7bc1c9d39a
IN-AC-1976-kerala-87,kerala,1991,87,KANJIRAPPALLY,P.N. RAVEENDRAKUMAR,parties.IN.BSP,BSP,2001,1.99,5,forfeit,U,,,,challenger,src-1b7bc1c9d39a
IN-AC-1976-kerala-87,kerala,1991,87,KANJIRAPPALLY,SIMON JOSEPH,parties.IN.IND,IND,979,0.97,6,forfeit,U,,,,challenger,src-1b7bc1c9d39a
IN-AC-1976-kerala-87,kerala,1991,87,KANJIRAPPALLY,GEORGE MATHEW,parties.IN.IND,IND,467,0.46,7,forfeit,U,,,,challenger,src-1b7bc1c9d39a
IN-AC-1976-kerala-87,kerala,1991,87,KANJIRAPPALLY,K. THOMAS,parties.IN.IND,IND,383,0.38,8,forfeit,U,,,,challenger,src-1b7bc1c9d39a
IN-AC-1976-kerala-87,kerala,1991,87,KANJIRAPPALLY,KASHEER HASSAN,parties.IN.IND,IND,241,0.24,9,forfeit,U,,,,challenger,src-1b7bc1c9d39a
IN-AC-1976-kerala-87,kerala,1991,87,KANJIRAPPALLY,S.D. THURAVATHUKAL,parties.IN.IND,IND,180,0.18,10,forfeit,U,,,,challenger,src-1b7bc1c9d39a
IN-AC-1976-kerala-87,kerala,1991,87,KANJIRAPPALLY,P.D. DOMINIC,parties.IN.IND,IND,173,0.17,11,forfeit,U,,,,challenger,src-1b7bc1c9d39a
IN-AC-1976-kerala-87,kerala,1991,87,KANJIRAPPALLY,SAJEEV GOPALAN,parties.IN.IND,IND,109,0.11,12,forfeit,U,,,,challenger,src-1b7bc1c9d39a
IN-AC-1976-kerala-87,kerala,1991,87,KANJIRAPPALLY,SREEDHAR KOCHURAMAN,parties.IN.IND,IND,80,0.08,13,forfeit,U,,,,challenger,src-1b7bc1c9d39a
IN-AC-1976-kerala-87,kerala,1991,87,KANJIRAPPALLY,BASHEET RAGAMALIKA,parties.IN.IND,IND,67,0.07,14,forfeit,U,,,,challenger,src-1b7bc1c9d39a
IN-AC-1976-kerala-87,kerala,1991,87,KANJIRAPPALLY,GOVINDANKUTTY PADMANABHAN,parties.IN.IND,IND,43,0.04,15,forfeit,U,,,,challenger,src-1b7bc1c9d39a
IN-AC-1976-kerala-88,kerala,1991,88,VAZHOOR,K. NARAYANA KARUP,parties.IN.KECM,KEC(M),43354,48.7,1,won,U,,,,crossover,src-1b7bc1c9d39a
IN-AC-1976-kerala-88,kerala,1991,88,VAZHOOR,KANAM RAJENDRAN,parties.IN.CPI,CPI,40804,45.84,2,lost,U,,,,incumbent,src-1b7bc1c9d39a
IN-AC-1976-kerala-88,kerala,1991,88,VAZHOOR,MADHUSOODANA KURUP,parties.IN.BJP,BJP,3485,3.92,3,forfeit,U,,,,challenger,src-1b7bc1c9d39a
IN-AC-1976-kerala-88,kerala,1991,88,VAZHOOR,ROY PARACKAL,parties.IN.BSP,BSP,1221,1.37,4,forfeit,U,,,,challenger,src-1b7bc1c9d39a
IN-AC-1976-kerala-88,kerala,1991,88,VAZHOOR,P.V. RAJAPPAN NAIR,parties.IN.IND,IND,101,0.11,5,forfeit,U,,,,challenger,src-1b7bc1c9d39a
IN-AC-1976-kerala-88,kerala,1991,88,VAZHOOR,VIJAYAKUMARAN NAIR RAGHAVAN,parties.IN.IND,IND,49,0.06,6,forfeit,U,,,,challenger,src-1b7bc1c9d39a
IN-AC-1976-kerala-89,kerala,1991,89,CHANGANACHERRY,C.F. THOMAS,parties.IN.KECM,KEC(M),53742,53.46,1,won,U,,,,incumbent,src-1b7bc1c9d39a
IN-AC-1976-kerala-89,kerala,1991,89,CHANGANACHERRY,M.T. JOSEPH,parties.IN.CPIM,CPM,41965,41.74,2,lost,U,,,,challenger,src-1b7bc1c9d39a
IN-AC-1976-kerala-89,kerala,1991,89,CHANGANACHERRY,CHANDRAKUMARI,parties.IN.BJP,BJP,3670,3.65,3,forfeit,U,,,,challenger,src-1b7bc1c9d39a
IN-AC-1976-kerala-89,kerala,1991,89,CHANGANACHERRY,T.K. RAJU,parties.IN.BSP,BSP,727,0.72,4,forfeit,U,,,,challenger,src-1b7bc1c9d39a
IN-AC-1976-kerala-89,kerala,1991,89,CHANGANACHERRY,MATHEW VARGHESE,parties.IN.IND,IND,432,0.43,5,forfeit,U,,,,challenger,src-1b7bc1c9d39a
IN-AC-1976-kerala-90,kerala,1991,90,KOTTAYAM,T.K. RAMAKRISHNAN,parties.IN.CPIM,CPM,54182,49.43,1,won,U,,,,incumbent,src-1b7bc1c9d39a
IN-AC-1976-kerala-90,kerala,1991,90,KOTTAYAM,CHERIAN PHILIP,parties.IN.INC,INC,51500,46.98,2,lost,U,,,,challenger,src-1b7bc1c9d39a
IN-AC-1976-kerala-90,kerala,1991,90,KOTTAYAM,P.J. THOMAS,parties.IN.BJP,BJP,2586,2.36,3,forfeit,U,,,,challenger,src-1b7bc1c9d39a
IN-AC-1976-kerala-90,kerala,1991,90,KOTTAYAM,K.J. RAJU,parties.IN.BSP,BSP,848,0.77,4,forfeit,U,,,,challenger,src-1b7bc1c9d39a
IN-AC-1976-kerala-90,kerala,1991,90,KOTTAYAM,T.A. RAHIM,parties.IN.IND,IND,258,0.24,5,forfeit,U,,,,challenger,src-1b7bc1c9d39a
IN-AC-1976-kerala-90,kerala,1991,90,KOTTAYAM,KUTHIRAVATTOM SASI,parties.IN.IND,IND,195,0.18,6,forfeit,U,,,,challenger,src-1b7bc1c9d39a
IN-AC-1976-kerala-90,kerala,1991,90,KOTTAYAM,SOBHANAKUMARI RAHDAKRISHNAN,parties.IN.IND,IND,47,0.04,7,forfeit,U,,,,challenger,src-1b7bc1c9d39a
IN-AC-1976-kerala-91,kerala,1991,91,ETTUMANOOR,THOMAS CHAZIHIKADAN,parties.IN.KECM,KEC(M),49233,49.45,1,won,U,,,,challenger,src-1b7bc1c9d39a
IN-AC-1976-kerala-91,kerala,1991,91,ETTUMANOOR,VAIKOM VISWAN,parties.IN.CPIM,CPM,48347,48.56,2,lost,U,,,,challenger,src-1b7bc1c9d39a
IN-AC-1976-kerala-91,kerala,1991,91,ETTUMANOOR,U.N. THAMPI,parties.IN.IND,IND,438,0.44,3,forfeit,U,,,,challenger,src-1b7bc1c9d39a
IN-AC-1976-kerala-91,kerala,1991,91,ETTUMANOOR,ASOKAN KAREEMADOM,parties.IN.BSP,BSP,309,0.31,4,forfeit,U,,,,challenger,src-1b7bc1c9d39a
IN-AC-1976-kerala-91,kerala,1991,91,ETTUMANOOR,E.T. KURIAN,parties.IN.IND,IND,210,0.21,5,forfeit,U,,,,challenger,src-1b7bc1c9d39a
IN-AC-1976-kerala-91,kerala,1991,91,ETTUMANOOR,SASI KUZHIKKADAN,parties.IN.IND,IND,189,0.19,6,forfeit,U,,,,challenger,src-1b7bc1c9d39a
IN-AC-1976-kerala-91,kerala,1991,91,ETTUMANOOR,BABY JOHN,parties.IN.DPI,DPI,188,0.19,7,forfeit,U,,,,challenger,src-1b7bc1c9d39a
IN-AC-1976-kerala-91,kerala,1991,91,ETTUMANOOR,JOSEPH ALLOO.R,parties.IN.IND,IND,128,0.13,8,forfeit,U,,,,challenger,src-1b7bc1c9d39a
IN-AC-1976-kerala-91,kerala,1991,91,ETTUMANOOR,THULASEEDHARAN PILLAI RAMAKRISHAN,parties.IN.IND,IND,104,0.1,9,forfeit,U,,,,challenger,src-1b7bc1c9d39a
IN-AC-1976-kerala-91,kerala,1991,91,ETTUMANOOR,MATHEW KARIAMPUZHA,parties.IN.JP,JP,88,0.09,10,forfeit,U,,,,challenger,src-1b7bc1c9d39a
IN-AC-1976-kerala-91,kerala,1991,91,ETTUMANOOR,J.P. KALLUPARAMBAN,parties.IN.IND,IND,74,0.07,11,forfeit,U,,,,challenger,src-1b7bc1c9d39a
IN-AC-1976-kerala-91,kerala,1991,91,ETTUMANOOR,THOMAS THOMAS,parties.IN.IND,IND,69,0.07,12,forfeit,U,,,,challenger,src-1b7bc1c9d39a
IN-AC-1976-kerala-91,kerala,1991,91,ETTUMANOOR,THOPPIL RAJAPPAN,parties.IN.IND,IND,63,0.06,13,forfeit,U,,,,challenger,src-1b7bc1c9d39a
IN-AC-1976-kerala-91,kerala,1991,91,ETTUMANOOR,THAMPI UTHUPPAN,parties.IN.IND,IND,57,0.06,14,forfeit,U,,,,challenger,src-1b7bc1c9d39a
IN-AC-1976-kerala-91,kerala,1991,91,ETTUMANOOR,THOMAS EZHAMMADATHIL,parties.IN.IND,IND,35,0.04,15,forfeit,U,,,,challenger,src-1b7bc1c9d39a
IN-AC-1976-kerala-91,kerala,1991,91,ETTUMANOOR,JOSEPH OUSEPH,parties.IN.IND,IND,28,0.03,16,forfeit,U,,,,challenger,src-1b7bc1c9d39a
IN-AC-1976-kerala-92,kerala,1991,92,PUTHUPPALLY,COMMEN CHANDY,parties.IN.INC,INC,56150,53.14,1,won,U,,,,incumbent,src-1b7bc1c9d39a
IN-AC-1976-kerala-92,kerala,1991,92,PUTHUPPALLY,VASAVAN,parties.IN.CPIM,CPM,42339,40.07,2,lost,U,,,,challenger,src-1b7bc1c9d39a
IN-AC-1976-kerala-92,kerala,1991,92,PUTHUPPALLY,K.P. RAGHAVAN NAIR,parties.IN.BJP,BJP,4692,4.44,3,forfeit,U,,,,challenger,src-1b7bc1c9d39a
IN-AC-1976-kerala-92,kerala,1991,92,PUTHUPPALLY,K.P. MARKOSE,parties.IN.BSP,BSP,1682,1.59,4,forfeit,U,,,,challenger,src-1b7bc1c9d39a
IN-AC-1976-kerala-92,kerala,1991,92,PUTHUPPALLY,BABU THOMAS,parties.IN.IND,IND,677,0.64,5,forfeit,U,,,,challenger,src-1b7bc1c9d39a
IN-AC-1976-kerala-92,kerala,1991,92,PUTHUPPALLY,E.T. KURIAN,parties.IN.IND,IND,131,0.12,6,forfeit,U,,,,challenger,src-1b7bc1c9d39a
IN-AC-1976-kerala-93,kerala,1991,93,POONJAR,JOY ABRAHAM,parties.IN.KECM,KEC(M),43936,53.82,1,won,U,,,,challenger,src-1b7bc1c9d39a
IN-AC-1976-kerala-93,kerala,1991,93,POONJAR,N.M. JOSEPH,parties.IN.JD,JD,33518,41.06,2,lost,U,,,,incumbent,src-1b7bc1c9d39a
IN-AC-1976-kerala-93,kerala,1991,93,POONJAR,BALAKRISHNA NAIR,parties.IN.BJP,BJP,2660,3.26,3,forfeit,U,,,,challenger,src-1b7bc1c9d39a
IN-AC-1976-kerala-93,kerala,1991,93,POONJAR,VIJAYAN KUMARAN,parties.IN.IND,IND,696,0.85,4,forfeit,U,,,,challenger,src-1b7bc1c9d39a
IN-AC-1976-kerala-93,kerala,1991,93,POONJAR,MATHEW EDAMARUKU,parties.IN.BSP,BSP,357,0.44,5,forfeit,U,,,,challenger,src-1b7bc1c9d39a
IN-AC-1976-kerala-93,kerala,1991,93,POONJAR,JAMES JOHN,parties.IN.IND,IND,225,0.28,6,forfeit,U,,,,challenger,src-1b7bc1c9d39a
IN-AC-1976-kerala-93,kerala,1991,93,POONJAR,K.T. JOSEPH,parties.IN.JP,JP,180,0.22,7,forfeit,U,,,,challenger,src-1b7bc1c9d39a
IN-AC-1976-kerala-93,kerala,1991,93,POONJAR,JOY JOSEPH,parties.IN.IND,IND,56,0.07,8,forfeit,U,,,,challenger,src-1b7bc1c9d39a
IN-AC-1976-kerala-94,kerala,1991,94,PALAI,K.M. MANI,parties.IN.KECM,KEC(M),52310,56.83,1,won,U,,,,incumbent,src-1b7bc1c9d39a
IN-AC-1976-kerala-94,kerala,1991,94,PALAI,GEORGE C. KAPPAN,parties.IN.IND,IND,35021,38.05,2,lost,U,,,,challenger,src-1b7bc1c9d39a
IN-AC-1976-kerala-94,kerala,1991,94,PALAI,NARAYANAN NAMBOOTHIRI,parties.IN.BJP,BJP,4429,4.81,3,forfeit,U,,,,challenger,src-1b7bc1c9d39a
IN-AC-1976-kerala-94,kerala,1991,94,PALAI,O.M. MICHAEL,parties.IN.IND,IND,112,0.12,4,forfeit,U,,,,challenger,src-1b7bc1c9d39a
IN-AC-1976-kerala-94,kerala,1991,94,PALAI,K.T. AYYAPPAN,parties.IN.BSP,BSP,98,0.11,5,forfeit,U,,,,challenger,src-1b7bc1c9d39a
IN-AC-1976-kerala-94,kerala,1991,94,PALAI,BALACHANDRAN GOPINATHA PILLAI,parties.IN.IND,IND,81,0.09,6,forfeit,U,,,,challenger,src-1b7bc1c9d39a
IN-AC-1976-kerala-95,kerala,1991,95,KADUTHURUTHY,P.M. MATHEW,parties.IN.KECM,KEC(M),50324,53.78,1,won,U,,,,crossover,src-1b7bc1c9d39a
IN-AC-1976-kerala-95,kerala,1991,95,KADUTHURUTHY,E.J. LUKOSE,parties.IN.KEC,KEC,36592,39.1,2,lost,U,,,,crossover,src-1b7bc1c9d39a
IN-AC-1976-kerala-95,kerala,1991,95,KADUTHURUTHY,MANNAR RADHAKRISHNAN,parties.IN.BJP,BJP,3254,3.48,3,forfeit,U,,,,challenger,src-1b7bc1c9d39a
IN-AC-1976-kerala-95,kerala,1991,95,KADUTHURUTHY,V.D. JOHN,parties.IN.IND,IND,1553,1.66,4,forfeit,U,,,,challenger,src-1b7bc1c9d39a
IN-AC-1976-kerala-95,kerala,1991,95,KADUTHURUTHY,BABU KADAVAN,parties.IN.BSP,BSP,1117,1.19,5,forfeit,U,,,,challenger,src-1b7bc1c9d39a
IN-AC-1976-kerala-95,kerala,1991,95,KADUTHURUTHY,KUMARAN VILAYAMKODE,parties.IN.DPI,DPI,576,0.62,6,forfeit,U,,,,challenger,src-1b7bc1c9d39a
IN-AC-1976-kerala-95,kerala,1991,95,KADUTHURUTHY,JOSEPH PALLATHUTHADATHIL,parties.IN.IND,IND,95,0.1,7,forfeit,U,,,,challenger,src-1b7bc1c9d39a
IN-AC-1976-kerala-95,kerala,1991,95,KADUTHURUTHY,GEROGE JOSEPH JOSEPH,parties.IN.IND,IND,69,0.07,8,forfeit,U,,,,challenger,src-1b7bc1c9d39a
IN-AC-1976-kerala-96,kerala,1991,96,VAIKOM,K.K. BALAKRISHNAN,parties.IN.INC,INC,50692,48.73,1,won,U,,,,challenger,src-1b7bc1c9d39a
IN-AC-1976-kerala-96,kerala,1991,96,VAIKOM,K.P. SREEDHARAN,parties.IN.CPI,CPI,49654,47.74,2,lost,U,,,,challenger,src-1b7bc1c9d39a
IN-AC-1976-kerala-96,kerala,1991,96,VAIKOM,K.N. RAVI,parties.IN.BJP,BJP,2455,2.36,3,forfeit,U,,,,challenger,src-1b7bc1c9d39a
IN-AC-1976-kerala-96,kerala,1991,96,VAIKOM,JEEVAN BOSE KALASSERY,parties.IN.IND,IND,602,0.58,4,forfeit,U,,,,challenger,src-1b7bc1c9d39a
IN-AC-1976-kerala-96,kerala,1991,96,VAIKOM,K.C. SIVANANDAN,parties.IN.BSP,BSP,465,0.45,5,forfeit,U,,,,challenger,src-1b7bc1c9d39a
IN-AC-1976-kerala-96,kerala,1991,96,VAIKOM,K.G. BHASKARAN,parties.IN.IND,IND,152,0.15,6,forfeit,U,,,,challenger,src-1b7bc1c9d39a
IN-AC-1976-kerala-97,kerala,1991,97,AROOR,K.R. GOURI AMMA,parties.IN.CPIM,CPM,56230,49.94,1,won,U,,,,challenger,src-1b7bc1c9d39a
IN-AC-1976-kerala-97,kerala,1991,97,AROOR,P.J. FRANCIS,parties.IN.INC,INC,52613,46.72,2,lost,U,,,,challenger,src-1b7bc1c9d39a
IN-AC-1976-kerala-97,kerala,1991,97,AROOR,V. PADMANABHAN,parties.IN.BJP,BJP,3357,2.98,3,forfeit,U,,,,challenger,src-1b7bc1c9d39a
IN-AC-1976-kerala-97,kerala,1991,97,AROOR,CHELLAPPAN PILLAI VELAYUDHAN PILLAI,parties.IN.IND,IND,405,0.36,4,forfeit,U,,,,challenger,src-1b7bc1c9d39a
IN-AC-1976-kerala-98,kerala,1991,98,SHERTHALAI,C.K. CHANDRAPPAN,parties.IN.CPI,CPI,50844,49.03,1,won,U,,,,challenger,src-1b7bc1c9d39a
IN-AC-1976-kerala-98,kerala,1991,98,SHERTHALAI,VAYALAR RAVI,parties.IN.INC,INC,49853,48.07,2,lost,U,,,,incumbent,src-1b7bc1c9d39a
IN-AC-1976-kerala-98,kerala,1991,98,SHERTHALAI,P.K. INDUCHOODAN,parties.IN.BJP,BJP,2692,2.6,3,forfeit,U,,,,challenger,src-1b7bc1c9d39a
IN-AC-1976-kerala-98,kerala,1991,98,SHERTHALAI,GOPALAKRISHNAN,parties.IN.IND,IND,321,0.31,4,forfeit,U,,,,challenger,src-1b7bc1c9d39a
IN-AC-1976-kerala-99,kerala,1991,99,MARARIKULAM,V.S. ACHUTHANANDAN,parties.IN.CPIM,CPM,71470,52.74,1,won,U,,,,challenger,src-1b7bc1c9d39a
IN-AC-1976-kerala-99,kerala,1991,99,MARARIKULAM,D. SUGATHAN,parties.IN.INC,INC,61490,45.38,2,lost,U,,,,crossover,src-1b7bc1c9d39a
IN-AC-1976-kerala-99,kerala,1991,99,MARARIKULAM,K.K. RAMANAN,parties.IN.BJP,BJP,1752,1.29,3,forfeit,U,,,,challenger,src-1b7bc1c9d39a
IN-AC-1976-kerala-99,kerala,1991,99,MARARIKULAM,T.M. HAMSA MOHAMMED,parties.IN.IND,IND,335,0.25,4,forfeit,U,,,,challenger,src-1b7bc1c9d39a
IN-AC-1976-kerala-99,kerala,1991,99,MARARIKULAM,V. KRISHNAN NAIR,parties.IN.IND,IND,308,0.23,5,forfeit,U,,,,challenger,src-1b7bc1c9d39a
IN-AC-1976-kerala-99,kerala,1991,99,MARARIKULAM,HARIDAS THANKAPPAN,parties.IN.IND,IND,152,0.11,6,forfeit,U,,,,challenger,src-1b7bc1c9d39a
IN-AC-1976-kerala-100,kerala,1991,100,ALLEPPEY,K.P. RAMACHANDRAN NAIR,parties.IN.NDEP,NDP,42269,48.32,1,won,U,,,,challenger,src-1b7bc1c9d39a
IN-AC-1976-kerala-100,kerala,1991,100,ALLEPPEY,P.S. SOMASEKHARA,parties.IN.CPI,CPI,41519,47.46,2,lost,U,,,,challenger,src-1b7bc1c9d39a
IN-AC-1976-kerala-100,kerala,1991,100,ALLEPPEY,AMMUGHEN PILLAI,parties.IN.BJP,BJP,2513,2.87,3,forfeit,U,,,,challenger,src-1b7bc1c9d39a
IN-AC-1976-kerala-100,kerala,1991,100,ALLEPPEY,S. SEETHAILAK,parties.IN.IND,IND,637,0.73,4,forfeit,U,,,,challenger,src-1b7bc1c9d39a
IN-AC-1976-kerala-100,kerala,1991,100,ALLEPPEY,VIJAYAM NELU,parties.IN.LKD,LKD,336,0.38,5,forfeit,U,,,,challenger,src-1b7bc1c9d39a
IN-AC-1976-kerala-100,kerala,1991,100,ALLEPPEY,USMAN MOHAMMED YOUSUF,parties.IN.IND,IND,201,0.23,6,forfeit,U,,,,challenger,src-1b7bc1c9d39a
IN-AC-1976-kerala-101,kerala,1991,101,AMBALAPUZHA,C.K. SADASIVAN,parties.IN.CPIM,CPM,48150,49.11,1,won,U,,,,challenger,src-1b7bc1c9d39a
IN-AC-1976-kerala-101,kerala,1991,101,AMBALAPUZHA,V. DINAKARAN,parties.IN.INC,INC,46617,47.54,2,lost,U,,,,incumbent,src-1b7bc1c9d39a
IN-AC-1976-kerala-101,kerala,1991,101,AMBALAPUZHA,K.D. RAMAKRISHNAN,parties.IN.BJP,BJP,2259,2.3,3,forfeit,U,,,,challenger,src-1b7bc1c9d39a
IN-AC-1976-kerala-101,kerala,1991,101,AMBALAPUZHA,JOSEPH KUTTIKKARRU,parties.IN.JP,JP,439,0.45,4,forfeit,U,,,,challenger,src-1b7bc1c9d39a
IN-AC-1976-kerala-101,kerala,1991,101,AMBALAPUZHA,S. RAJEEVAN,parties.IN.IND,IND,405,0.41,5,forfeit,U,,,,challenger,src-1b7bc1c9d39a
IN-AC-1976-kerala-101,kerala,1991,101,AMBALAPUZHA,P.T. KURIAKOSE,parties.IN.IND,IND,179,0.18,6,forfeit,U,,,,challenger,src-1b7bc1c9d39a
IN-AC-1976-kerala-102,kerala,1991,102,KUTTANAD,K.C. JOSEPH,parties.IN.KEC,KEC,45669,52.85,1,won,U,,,,incumbent,src-1b7bc1c9d39a
IN-AC-1976-kerala-102,kerala,1991,102,KUTTANAD,P.D. LUKE,parties.IN.KECM,KEC(M),36673,42.44,2,lost,U,,,,challenger,src-1b7bc1c9d39a
IN-AC-1976-kerala-102,kerala,1991,102,KUTTANAD,S. RADHAKRISHNAN,parties.IN.BJP,BJP,3107,3.6,3,forfeit,U,,,,challenger,src-1b7bc1c9d39a
IN-AC-1976-kerala-102,kerala,1991,102,KUTTANAD,K.C. LUKE,parties.IN.IND,IND,959,1.11,4,forfeit,U,,,,challenger,src-1b7bc1c9d39a
IN-AC-1976-kerala-103,kerala,1991,103,HARIPAD,K.K. SREENIVASAN,parties.IN.INC,INC,52891,49.1,1,won,U,,,,incumbent,src-1b7bc1c9d39a
IN-AC-1976-kerala-103,kerala,1991,103,HARIPAD,A.V. THAMARAKSHAN,parties.IN.RSP,RSP,52376,48.62,2,lost,U,,,,challenger,src-1b7bc1c9d39a
IN-AC-1976-kerala-103,kerala,1991,103,HARIPAD,NEDUMTHRA UNNIKRISHNAN,parties.IN.BJP,BJP,1520,1.41,3,forfeit,U,,,,challenger,src-1b7bc1c9d39a
IN-AC-1976-kerala-103,kerala,1991,103,HARIPAD,B. BHADRAN,parties.IN.IND,IND,566,0.53,4,forfeit,U,,,,challenger,src-1b7bc1c9d39a
IN-AC-1976-kerala-103,kerala,1991,103,HARIPAD,SREENIVASAN,parties.IN.IND,IND,244,0.23,5,forfeit,U,,,,challenger,src-1b7bc1c9d39a
IN-AC-1976-kerala-103,kerala,1991,103,HARIPAD,G. DASAPPAN PILLAI,parties.IN.IND,IND,118,0.11,6,forfeit,U,,,,challenger,src-1b7bc1c9d39a
IN-AC-1976-kerala-104,kerala,1991,104,KAYAMKULAM,THACHADY PRABHAKARAN,parties.IN.INC,INC,46682,48.33,1,won,U,,,,challenger,src-1b7bc1c9d39a
IN-AC-1976-kerala-104,kerala,1991,104,KAYAMKULAM,M.R. GOPALAKRISHNAN,parties.IN.CPIM,CPM,46649,48.29,2,lost,U,,,,incumbent,src-1b7bc1c9d39a
IN-AC-1976-kerala-104,kerala,1991,104,KAYAMKULAM,T.K. ANATHA MALLAN,parties.IN.BJP,BJP,1884,1.95,3,forfeit,U,,,,challenger,src-1b7bc1c9d39a
IN-AC-1976-kerala-104,kerala,1991,104,KAYAMKULAM,"A, THANGAL KUNJU",parties.IN.IND,IND,446,0.46,4,forfeit,U,,,,challenger,src-1b7bc1c9d39a
IN-AC-1976-kerala-104,kerala,1991,104,KAYAMKULAM,THATTADI KRISHNAKUMAR,parties.IN.IND,IND,342,0.35,5,forfeit,U,,,,challenger,src-1b7bc1c9d39a
IN-AC-1976-kerala-104,kerala,1991,104,KAYAMKULAM,N.R. GOPALAKRISHNAN,parties.IN.IND,IND,279,0.29,6,forfeit,U,,,,challenger,src-1b7bc1c9d39a
IN-AC-1976-kerala-104,kerala,1991,104,KAYAMKULAM,AJAYAKUMAR,parties.IN.IND,IND,191,0.2,7,forfeit,U,,,,challenger,src-1b7bc1c9d39a
IN-AC-1976-kerala-104,kerala,1991,104,KAYAMKULAM,THANKAPPAN KOCHUCHERUKKAN,parties.IN.IND,IND,121,0.13,8,forfeit,U,,,,challenger,src-1b7bc1c9d39a
IN-AC-1976-kerala-105,kerala,1991,105,THIRUVALLA,MAMMEN MATHAI,parties.IN.KECM,KEC(M),35843,46.66,1,won,U,,,,challenger,src-1b7bc1c9d39a
IN-AC-1976-kerala-105,kerala,1991,105,THIRUVALLA,MATHEW T. THOMAS,parties.IN.JD,JD,33950,44.19,2,lost,U,,,,incumbent,src-1b7bc1c9d39a
IN-AC-1976-kerala-105,kerala,1991,105,THIRUVALLA,JAYATHAN NARAYANNAN,parties.IN.BJP,BJP,4412,5.74,3,forfeit,U,,,,challenger,src-1b7bc1c9d39a
IN-AC-1976-kerala-105,kerala,1991,105,THIRUVALLA,JACOB THOMAS THEEKKEPURACKAL,parties.IN.JP,JP,1063,1.38,4,forfeit,U,,,,challenger,src-1b7bc1c9d39a
IN-AC-1976-kerala-105,kerala,1991,105,THIRUVALLA,ELIAS ELIAS,parties.IN.UCPI,UCPI,849,1.11,5,forfeit,U,,,,challenger,src-1b7bc1c9d39a
IN-AC-1976-kerala-105,kerala,1991,105,THIRUVALLA,V.I. GEORGE,parties.IN.BSP,BSP,487,0.63,6,forfeit,U,,,,challenger,src-1b7bc1c9d39a
IN-AC-1976-kerala-105,kerala,1991,105,THIRUVALLA,NIRANAM RAJAN,parties.IN.IND,IND,217,0.28,7,forfeit,U,,,,challenger,src-1b7bc1c9d39a
IN-AC-1976-kerala-106,kerala,1991,106,KALLOOPPARA,JOSEPH M. PUTHUSSERY,parties.IN.IND,IND,35524,47.28,1,won,U,,,,challenger,src-1b7bc1c9d39a
IN-AC-1976-kerala-106,kerala,1991,106,KALLOOPPARA,T.S. JOHN,parties.IN.KEC,KEC,30288,40.31,2,lost,U,,,,challenger,src-1b7bc1c9d39a
IN-AC-1976-kerala-106,kerala,1991,106,KALLOOPPARA,A.P. GOPALAKRISHNAN,parties.IN.BJP,BJP,6062,8.07,3,forfeit,U,,,,challenger,src-1b7bc1c9d39a
IN-AC-1976-kerala-106,kerala,1991,106,KALLOOPPARA,V.S. SOMAN,parties.IN.BSP,BSP,1341,1.78,4,forfeit,U,,,,challenger,src-1b7bc1c9d39a
IN-AC-1976-kerala-106,kerala,1991,106,KALLOOPPARA,ALEX KURIAN,parties.IN.JP,JP,998,1.33,5,forfeit,U,,,,challenger,src-1b7bc1c9d39a
IN-AC-1976-kerala-106,kerala,1991,106,KALLOOPPARA,PRASAD K. VARUGHESE,parties.IN.IND,IND,558,0.74,6,forfeit,U,,,,challenger,src-1b7bc1c9d39a
IN-AC-1976-kerala-106,kerala,1991,106,KALLOOPPARA,THOMAS ABRAHAM,parties.IN.IND,IND,263,0.35,7,forfeit,U,,,,challenger,src-1b7bc1c9d39a
IN-AC-1976-kerala-106,kerala,1991,106,KALLOOPPARA,P.C. THOMASKUTTY,parties.IN.IND,IND,105,0.14,8,forfeit,U,,,,challenger,src-1b7bc1c9d39a
IN-AC-1976-kerala-107,kerala,1991,107,ARANMULA,R. RAMACHANDRAN NAIR,parties.IN.NDEP,NDP,37534,49.38,1,won,U,,,,challenger,src-1b7bc1c9d39a
IN-AC-1976-kerala-107,kerala,1991,107,ARANMULA,C.A. MATHEW,parties.IN.ICS_SCS,ICS(SCS),32128,42.27,2,lost,U,,,,incumbent,src-1b7bc1c9d39a
IN-AC-1976-kerala-107,kerala,1991,107,ARANMULA,PRATHAPA CHANDRA VARMA,parties.IN.BJP,BJP,5164,6.79,3,forfeit,U,,,,challenger,src-1b7bc1c9d39a
IN-AC-1976-kerala-107,kerala,1991,107,ARANMULA,G. SUGATHAN,parties.IN.IND,IND,568,0.75,4,forfeit,U,,,,challenger,src-1b7bc1c9d39a
IN-AC-1976-kerala-107,kerala,1991,107,ARANMULA,VARUGHESE VARUGHESE,parties.IN.IND,IND,448,0.59,5,forfeit,U,,,,challenger,src-1b7bc1c9d39a
IN-AC-1976-kerala-107,kerala,1991,107,ARANMULA,RAMESH MUDAVANAL,parties.IN.IND,IND,165,0.22,6,forfeit,U,,,,challenger,src-1b7bc1c9d39a
IN-AC-1976-kerala-108,kerala,1991,108,CHENGANNUR,SOBHANA GEORGE,parties.IN.INC,INC,40208,46.95,1,won,U,,,,challenger,src-1b7bc1c9d39a
IN-AC-1976-kerala-108,kerala,1991,108,CHENGANNUR,MAMMEN IYPE,parties.IN.ICS_SCS,ICS(SCS),36761,42.92,2,lost,U,,,,incumbent,src-1b7bc1c9d39a
IN-AC-1976-kerala-108,kerala,1991,108,CHENGANNUR,SASIDHARAN KARINGALIL,parties.IN.BJP,BJP,6075,7.09,3,forfeit,U,,,,challenger,src-1b7bc1c9d39a
IN-AC-1976-kerala-108,kerala,1991,108,CHENGANNUR,S. RAMACHANDRAN PILLAI,parties.IN.JP,JP,1301,1.52,4,forfeit,U,,,,challenger,src-1b7bc1c9d39a
IN-AC-1976-kerala-108,kerala,1991,108,CHENGANNUR,SREEKUMAR,parties.IN.IND,IND,1173,1.37,5,forfeit,U,,,,challenger,src-1b7bc1c9d39a
IN-AC-1976-kerala-108,kerala,1991,108,CHENGANNUR,VELALYUDHAN PILLAI,parties.IN.IND,IND,129,0.15,6,forfeit,U,,,,challenger,src-1b7bc1c9d39a
IN-AC-1976-kerala-109,kerala,1991,109,MAVELIKARA,M. MURALI,parties.IN.INC,INC,50292,51.45,1,won,U,,,,challenger,src-1b7bc1c9d39a
IN-AC-1976-kerala-109,kerala,1991,109,MAVELIKARA,S. GOVINDA KURUP,parties.IN.CPIM,CPM,44322,45.34,2,lost,U,,,,incumbent,src-1b7bc1c9d39a
IN-AC-1976-kerala-109,kerala,1991,109,MAVELIKARA,K.P. RADHAKRISHNA PILLAI,parties.IN.BJP,BJP,2104,2.15,3,forfeit,U,,,,challenger,src-1b7bc1c9d39a
IN-AC-1976-kerala-109,kerala,1991,109,MAVELIKARA,MAVELIKARA SUDARASANAN,parties.IN.IND,IND,464,0.47,4,forfeit,U,,,,challenger,src-1b7bc1c9d39a
IN-AC-1976-kerala-109,kerala,1991,109,MAVELIKARA,SOORANAD MOHAN,parties.IN.IND,IND,357,0.37,5,forfeit,U,,,,challenger,src-1b7bc1c9d39a
IN-AC-1976-kerala-109,kerala,1991,109,MAVELIKARA,P.S. JOHN,parties.IN.IND,IND,210,0.21,6,forfeit,U,,,,challenger,src-1b7bc1c9d39a
IN-AC-1976-kerala-110,kerala,1991,110,PANDALAM,V. KISAVAN,parties.IN.CPIM,CPM,52768,48.88,1,won,U,,,,incumbent,src-1b7bc1c9d39a
IN-AC-1976-kerala-110,kerala,1991,110,PANDALAM,M.A. KUTTAPPAN,parties.IN.INC,INC,51210,47.44,2,lost,U,,,,challenger,src-1b7bc1c9d39a
IN-AC-1976-kerala-110,kerala,1991,110,PANDALAM,THANAKAPPAM MASTER,parties.IN.BJP,BJP,3406,3.15,3,forfeit,U,,,,challenger,src-1b7bc1c9d39a
IN-AC-1976-kerala-110,kerala,1991,110,PANDALAM,N. GOPALAKRISHNAN,parties.IN.JP,JP,572,0.53,4,forfeit,U,,,,challenger,src-1b7bc1c9d39a
IN-AC-1976-kerala-111,kerala,1991,111,RANNI,M.C. CHERIYAN MOOZHICKAL,parties.IN.INC,INC,41048,47.62,1,won,U,,,,challenger,src-1b7bc1c9d39a
IN-AC-1976-kerala-111,kerala,1991,111,RANNI,IDICULLA MAPPILA,parties.IN.CPIM,CPM,38809,45.03,2,lost,U,,,,challenger,src-1b7bc1c9d39a
IN-AC-1976-kerala-111,kerala,1991,111,RANNI,M.P. ANILKUMAR,parties.IN.BJP,BJP,4748,5.51,3,forfeit,U,,,,challenger,src-1b7bc1c9d39a
IN-AC-1976-kerala-111,kerala,1991,111,RANNI,DAS ADICHIPUZHA,parties.IN.BSP,BSP,965,1.12,4,forfeit,U,,,,challenger,src-1b7bc1c9d39a
IN-AC-1976-kerala-111,kerala,1991,111,RANNI,M.C. CHERIYAN MOOLAYIL,parties.IN.IND,IND,280,0.32,5,forfeit,U,,,,challenger,src-1b7bc1c9d39a
IN-AC-1976-kerala-111,kerala,1991,111,RANNI,THOMAS ATTATHARA,parties.IN.IND,IND,230,0.27,6,forfeit,U,,,,challenger,src-1b7bc1c9d39a
IN-AC-1976-kerala-111,kerala,1991,111,RANNI,T.K. THAMPI,parties.IN.SAP,SAP,113,0.13,7,forfeit,U,,,,challenger,src-1b7bc1c9d39a
IN-AC-1976-kerala-112,kerala,1991,112,PATHANAMTHITTA,K.K. NAIR,parties.IN.IND,IND,47367,57.48,1,won,U,,,,incumbent,src-1b7bc1c9d39a
IN-AC-1976-kerala-112,kerala,1991,112,PATHANAMTHITTA,EAPEN VARUGHESE,parties.IN.KEC,KEC,29899,36.28,2,lost,U,,,,incumbent,src-1b7bc1c9d39a
IN-AC-1976-kerala-112,kerala,1991,112,PATHANAMTHITTA,P.M. MATHEW,parties.IN.BJP,BJP,3961,4.81,3,forfeit,U,,,,challenger,src-1b7bc1c9d39a
IN-AC-1976-kerala-112,kerala,1991,112,PATHANAMTHITTA,N.K. MEENAKSHI,parties.IN.BSP,BSP,607,0.74,4,forfeit,U,,,,challenger,src-1b7bc1c9d39a
IN-AC-1976-kerala-112,kerala,1991,112,PATHANAMTHITTA,BABU MATHAI,parties.IN.IND,IND,425,0.52,5,forfeit,U,,,,challenger,src-1b7bc1c9d39a
IN-AC-1976-kerala-112,kerala,1991,112,PATHANAMTHITTA,SAMUEL IDICULLA ABRAHAM,parties.IN.IND,IND,81,0.1,6,forfeit,U,,,,challenger,src-1b7bc1c9d39a
IN-AC-1976-kerala-112,kerala,1991,112,PATHANAMTHITTA,AYYAPPAN,parties.IN.IND,IND,70,0.08,7,forfeit,U,,,,challenger,src-1b7bc1c9d39a
IN-AC-1976-kerala-113,kerala,1991,113,KONNI,A.. PADMA KUMAR,parties.IN.CPIM,CPM,42531,48.21,1,won,U,,,,challenger,src-1b7bc1c9d39a
IN-AC-1976-kerala-113,kerala,1991,113,KONNI,C.P. RAMACHANDRAN NAIR,parties.IN.IND,IND,41615,47.17,2,lost,U,,,,challenger,src-1b7bc1c9d39a
IN-AC-1976-kerala-113,kerala,1991,113,KONNI,JANARDANA SASTRI,parties.IN.BJP,BJP,3241,3.67,3,forfeit,U,,,,challenger,src-1b7bc1c9d39a
IN-AC-1976-kerala-113,kerala,1991,113,KONNI,N.V. RAGHAVAN,parties.IN.BSP,BSP,836,0.95,4,forfeit,U,,,,challenger,src-1b7bc1c9d39a
IN-AC-1976-kerala-114,kerala,1991,114,PATHANAPURAM,K. PRAKASH BABU,parties.IN.CPI,CPI,50295,51.19,1,won,U,,,,challenger,src-1b7bc1c9d39a
IN-AC-1976-kerala-114,kerala,1991,114,PATHANAPURAM,VAKKANAND RADHAKRISHNAN,parties.IN.KECM,KEC(M),44267,45.05,2,lost,U,,,,challenger,src-1b7bc1c9d39a
IN-AC-1976-kerala-114,kerala,1991,114,PATHANAPURAM,SUKUMARNA NAIR,parties.IN.BJP,BJP,2529,2.57,3,forfeit,U,,,,challenger,src-1b7bc1c9d39a
IN-AC-1976-kerala-114,kerala,1991,114,PATHANAPURAM,RAJAN VARGHOSE,parties.IN.JP,JP,452,0.46,4,forfeit,U,,,,challenger,src-1b7bc1c9d39a
IN-AC-1976-kerala-114,kerala,1991,114,PATHANAPURAM,K. ANANDAN,parties.IN.BSP,BSP,345,0.35,5,forfeit,U,,,,challenger,src-1b7bc1c9d39a
IN-AC-1976-kerala-114,kerala,1991,114,PATHANAPURAM,MAJEED,parties.IN.IND,IND,198,0.2,6,forfeit,U,,,,challenger,src-1b7bc1c9d39a
IN-AC-1976-kerala-114,kerala,1991,114,PATHANAPURAM,P. MURALI,parties.IN.IND,IND,171,0.17,7,forfeit,U,,,,challenger,src-1b7bc1c9d39a
IN-AC-1976-kerala-115,kerala,1991,115,PUNALOOR,PUNALUR MADHU,parties.IN.INC,INC,53050,49.2,1,won,U,,,,challenger,src-1b7bc1c9d39a
IN-AC-1976-kerala-115,kerala,1991,115,PUNALOOR,MULLAKKARA RATNAKARAN,parties.IN.CPI,CPI,51738,47.98,2,lost,U,,,,challenger,src-1b7bc1c9d39a
IN-AC-1976-kerala-115,kerala,1991,115,PUNALOOR,S.VIJAYAN,parties.IN.BJP,BJP,2700,2.5,3,forfeit,U,,,,challenger,src-1b7bc1c9d39a
IN-AC-1976-kerala-115,kerala,1991,115,PUNALOOR,THANINIRAM SUNDARESAN,parties.IN.IND,IND,240,0.22,4,forfeit,U,,,,challenger,src-1b7bc1c9d39a
IN-AC-1976-kerala-115,kerala,1991,115,PUNALOOR,A.D. PHILIP,parties.IN.IND,IND,108,0.1,5,forfeit,U,,,,challenger,src-1b7bc1c9d39a
IN-AC-1976-kerala-116,kerala,1991,116,CHADAYAMANGALAM,E. RAJENDRAN,parties.IN.CPI,CPI,46025,50.92,1,won,U,,,,challenger,src-1b7bc1c9d39a
IN-AC-1976-kerala-116,kerala,1991,116,CHADAYAMANGALAM,A. HIDUR MOHAMMED,parties.IN.INC,INC,40986,45.34,2,lost,U,,,,challenger,src-1b7bc1c9d39a
IN-AC-1976-kerala-116,kerala,1991,116,CHADAYAMANGALAM,R. RADHAKRISHNAN,parties.IN.BJP,BJP,2927,3.24,3,forfeit,U,,,,challenger,src-1b7bc1c9d39a
IN-AC-1976-kerala-116,kerala,1991,116,CHADAYAMANGALAM,KADAKKAL DAMODARAN,parties.IN.BSP,BSP,305,0.34,4,forfeit,U,,,,challenger,src-1b7bc1c9d39a
IN-AC-1976-kerala-116,kerala,1991,116,CHADAYAMANGALAM,P.T. CHACKO,parties.IN.IND,IND,151,0.17,5,forfeit,U,,,,challenger,src-1b7bc1c9d39a
IN-AC-1976-kerala-117,kerala,1991,117,KOTTARAKARA,R. BALAKRISHNA PILLAI,parties.IN.IND,IND,47122,51.16,1,won,U,,,,incumbent,src-1b7bc1c9d39a
IN-AC-1976-kerala-117,kerala,1991,117,KOTTARAKARA,GEORGE MATHEW,parties.IN.CPIM,CPM,41707,45.28,2,lost,U,,,,challenger,src-1b7bc1c9d39a
IN-AC-1976-kerala-117,kerala,1991,117,KOTTARAKARA,K. RAMACHANDRAN NAIR,parties.IN.BJP,BJP,2297,2.49,3,forfeit,U,,,,challenger,src-1b7bc1c9d39a
IN-AC-1976-kerala-117,kerala,1991,117,KOTTARAKARA,PALLICKAL SAMUEL,parties.IN.BSP,BSP,503,0.55,4,forfeit,U,,,,challenger,src-1b7bc1c9d39a
IN-AC-1976-kerala-117,kerala,1991,117,KOTTARAKARA,POOVATTOOR RAJASEKHARAN NAIR,parties.IN.IND,IND,251,0.27,5,forfeit,U,,,,challenger,src-1b7bc1c9d39a
IN-AC-1976-kerala-117,kerala,1991,117,KOTTARAKARA,THULASEEDHARAN PILLAI RADHAKRISHNA PILLAI,parties.IN.IND,IND,221,0.24,6,forfeit,U,,,,challenger,src-1b7bc1c9d39a
IN-AC-1976-kerala-118,kerala,1991,118,NEDUVATHUR,B. RAGHAVAN,parties.IN.CPIM,CPM,49296,52.35,1,won,U,,,,incumbent,src-1b7bc1c9d39a
IN-AC-1976-kerala-118,kerala,1991,118,NEDUVATHUR,N. NARAYANAN,parties.IN.INC,INC,42112,44.72,2,lost,U,,,,challenger,src-1b7bc1c9d39a
IN-AC-1976-kerala-118,kerala,1991,118,NEDUVATHUR,V.K. SADANANDAN,parties.IN.BJP,BJP,2312,2.46,3,forfeit,U,,,,challenger,src-1b7bc1c9d39a
IN-AC-1976-kerala-118,kerala,1991,118,NEDUVATHUR,B. PRAKASH,parties.IN.BSP,BSP,455,0.48,4,forfeit,U,,,,challenger,src-1b7bc1c9d39a
IN-AC-1976-kerala-119,kerala,1991,119,ADOOR,THIRUVANCHOOR RADHAKRISHNAN,parties.IN.INC,INC,44147,50.88,1,won,U,,,,challenger,src-1b7bc1c9d39a
IN-AC-1976-kerala-119,kerala,1991,119,ADOOR,R. UNNIKRISHNA PILLAI,parties.IN.CPIM,CPM,38380,44.23,2,lost,U,,,,incumbent,src-1b7bc1c9d39a
IN-AC-1976-kerala-119,kerala,1991,119,ADOOR,K.R. CHANDRA BHANU,parties.IN.BJP,BJP,3261,3.76,3,forfeit,U,,,,challenger,src-1b7bc1c9d39a
IN-AC-1976-kerala-119,kerala,1991,119,ADOOR,SUNNY JOSEPH,parties.IN.BSP,BSP,577,0.67,4,forfeit,U,,,,challenger,src-1b7bc1c9d39a
IN-AC-1976-kerala-119,kerala,1991,119,ADOOR,BABU CHERIYAN SAMUEL,parties.IN.IND,IND,263,0.3,5,forfeit,U,,,,challenger,src-1b7bc1c9d39a
IN-AC-1976-kerala-119,kerala,1991,119,ADOOR,ADOOR BABY,parties.IN.IND,IND,138,0.16,6,forfeit,U,,,,challenger,src-1b7bc1c9d39a
IN-AC-1976-kerala-120,kerala,1991,120,KUNNATHUR,T. NANOOMASTER,parties.IN.RSP,RSP,56064,49.08,1,won,U,,,,incumbent,src-1b7bc1c9d39a
IN-AC-1976-kerala-120,kerala,1991,120,KUNNATHUR,V. SASIDHARAN,parties.IN.INC,INC,53462,46.8,2,lost,U,,,,challenger,src-1b7bc1c9d39a
IN-AC-1976-kerala-120,kerala,1991,120,KUNNATHUR,S. RAGHUNATH,parties.IN.BJP,BJP,4006,3.51,3,forfeit,U,,,,challenger,src-1b7bc1c9d39a
IN-AC-1976-kerala-120,kerala,1991,120,KUNNATHUR,V. JANARDHANAN,parties.IN.IND,IND,694,0.61,4,forfeit,U,,,,challenger,src-1b7bc1c9d39a
IN-AC-1976-kerala-121,kerala,1991,121,KARUNAGAPALLY,P.S SREENIVASAN,parties.IN.CPI,CPI,53576,51.61,1,won,U,,,,incumbent,src-1b7bc1c9d39a
IN-AC-1976-kerala-121,kerala,1991,121,KARUNAGAPALLY,JAMEELA IBRAHIM,parties.IN.INC,INC,47326,45.59,2,lost,U,,,,challenger,src-1b7bc1c9d39a
IN-AC-1976-kerala-121,kerala,1991,121,KARUNAGAPALLY,THURUTGHIKKAR RAMAKRISHNA PILLAI,parties.IN.BJP,BJP,2916,2.81,3,forfeit,U,,,,challenger,src-1b7bc1c9d39a
IN-AC-1976-kerala-122,kerala,1991,122,CHAVARA,BABY JOHN,parties.IN.RSP,RSP,51249,50.87,1,won,U,,,,incumbent,src-1b7bc1c9d39a
IN-AC-1976-kerala-122,kerala,1991,122,CHAVARA,PRATHAPA VARMA THAMPAN,parties.IN.INC,INC,46925,46.58,2,lost,U,,,,challenger,src-1b7bc1c9d39a
IN-AC-1976-kerala-122,kerala,1991,122,CHAVARA,S. NANINKSHAN,parties.IN.BJP,BJP,1944,1.93,3,forfeit,U,,,,challenger,src-1b7bc1c9d39a
IN-AC-1976-kerala-122,kerala,1991,122,CHAVARA,U. ABOO MOHAMMED,parties.IN.IND,IND,319,0.32,4,forfeit,U,,,,challenger,src-1b7bc1c9d39a
IN-AC-1976-kerala-122,kerala,1991,122,CHAVARA,JOHN ABRAHAM,parties.IN.IND,IND,303,0.3,5,forfeit,U,,,,challenger,src-1b7bc1c9d39a
IN-AC-1976-kerala-123,kerala,1991,123,KUNDARA,ALPHONSA JOHN,parties.IN.INC,INC,46447,49.22,1,won,U,,,,challenger,src-1b7bc1c9d39a
IN-AC-1976-kerala-123,kerala,1991,123,KUNDARA,MERCYKUTTY AMMA J.,parties.IN.CPIM,CPM,45075,47.77,2,lost,U,,,,incumbent,src-1b7bc1c9d39a
IN-AC-1976-kerala-123,kerala,1991,123,KUNDARA,C. RAJENDRAN,parties.IN.BJP,BJP,2036,2.16,3,forfeit,U,,,,challenger,src-1b7bc1c9d39a
IN-AC-1976-kerala-123,kerala,1991,123,KUNDARA,GEORGE XAVIER,parties.IN.IND,IND,412,0.44,4,forfeit,U,,,,challenger,src-1b7bc1c9d39a
IN-AC-1976-kerala-123,kerala,1991,123,KUNDARA,G. YOHANNAN,parties.IN.IND,IND,289,0.31,5,forfeit,U,,,,challenger,src-1b7bc1c9d39a
IN-AC-1976-kerala-123,kerala,1991,123,KUNDARA,C.P. SIVARAJAN,parties.IN.IND,IND,99,0.1,6,forfeit,U,,,,challenger,src-1b7bc1c9d39a
IN-AC-1976-kerala-124,kerala,1991,124,QUILON,KADAVOOR SIVADASAN,parties.IN.INC,INC,48307,50.08,1,won,U,,,,challenger,src-1b7bc1c9d39a
IN-AC-1976-kerala-124,kerala,1991,124,QUILON,BABU DIVAKARAN,parties.IN.RSP,RSP,43831,45.44,2,lost,U,,,,incumbent,src-1b7bc1c9d39a
IN-AC-1976-kerala-124,kerala,1991,124,QUILON,K. RAGHAVAN NAIR,parties.IN.BJP,BJP,3134,3.25,3,forfeit,U,,,,challenger,src-1b7bc1c9d39a
IN-AC-1976-kerala-124,kerala,1991,124,QUILON,BHUVANACHANDRAN CHULLIKKADAN,parties.IN.IND,IND,607,0.63,4,forfeit,U,,,,challenger,src-1b7bc1c9d39a
IN-AC-1976-kerala-124,kerala,1991,124,QUILON,MONEY ALEXANDER,parties.IN.JP,JP,267,0.28,5,forfeit,U,,,,challenger,src-1b7bc1c9d39a
IN-AC-1976-kerala-124,kerala,1991,124,QUILON,B. IMAM,parties.IN.IND,IND,174,0.18,6,forfeit,U,,,,challenger,src-1b7bc1c9d39a
IN-AC-1976-kerala-124,kerala,1991,124,QUILON,BABU,parties.IN.IND,IND,136,0.14,7,forfeit,U,,,,challenger,src-1b7bc1c9d39a
IN-AC-1976-kerala-125,kerala,1991,125,ERAVIPURAM,P.K.K. BAVA,parties.IN.IUML,MUL,55972,48.2,1,won,U,,,,incumbent,src-1b7bc1c9d39a
IN-AC-1976-kerala-125,kerala,1991,125,ERAVIPURAM,V.P. RAMAKRISHNA PILLAI,parties.IN.IND,IND,55350,47.67,2,lost,U,,,,incumbent,src-1b7bc1c9d39a
IN-AC-1976-kerala-125,kerala,1991,125,ERAVIPURAM,P.S. NADARAJAN,parties.IN.BJP,BJP,3628,3.12,3,forfeit,U,,,,challenger,src-1b7bc1c9d39a
IN-AC-1976-kerala-125,kerala,1991,125,ERAVIPURAM,S. RADHAKRISHNAN,parties.IN.RSP,RSP,681,0.59,4,forfeit,U,,,,challenger,src-1b7bc1c9d39a
IN-AC-1976-kerala-125,kerala,1991,125,ERAVIPURAM,HARIDAS,parties.IN.IND,IND,254,0.22,5,forfeit,U,,,,challenger,src-1b7bc1c9d39a
IN-AC-1976-kerala-125,kerala,1991,125,ERAVIPURAM,V. HARSHAKUMAR,parties.IN.IND,IND,231,0.2,6,forfeit,U,,,,challenger,src-1b7bc1c9d39a
IN-AC-1976-kerala-126,kerala,1991,126,CHATHANOOR,C.V. PADMARAJAN,parties.IN.INC,INC,53755,50.56,1,won,U,,,,challenger,src-1b7bc1c9d39a
IN-AC-1976-kerala-126,kerala,1991,126,CHATHANOOR,P. RAVINDRAN,parties.IN.CPI,CPI,49244,46.32,2,lost,U,,,,incumbent,src-1b7bc1c9d39a
IN-AC-1976-kerala-126,kerala,1991,126,CHATHANOOR,KIZHAKKANELA SUDHAKARAN,parties.IN.BJP,BJP,2892,2.72,3,forfeit,U,,,,challenger,src-1b7bc1c9d39a
IN-AC-1976-kerala-126,kerala,1991,126,CHATHANOOR,N. GANAPATHY PILLAI,parties.IN.IND,IND,250,0.24,4,forfeit,U,,,,challenger,src-1b7bc1c9d39a
IN-AC-1976-kerala-126,kerala,1991,126,CHATHANOOR,KATTUPURAM C. RAJU,parties.IN.IND,IND,182,0.17,5,forfeit,U,,,,challenger,src-1b7bc1c9d39a
IN-AC-1976-kerala-127,kerala,1991,127,VARKALA,VARKALA RADHAKRISHNAN,parties.IN.CPIM,CPM,42977,50.48,1,won,U,,,,incumbent,src-1b7bc1c9d39a
IN-AC-1976-kerala-127,kerala,1991,127,VARKALA,VARKALA KAHAR,parties.IN.INC,INC,39680,46.61,2,lost,U,,,,challenger,src-1b7bc1c9d39a
IN-AC-1976-kerala-127,kerala,1991,127,VARKALA,RAJENDRA PRASAD,parties.IN.BJP,BJP,1664,1.95,3,forfeit,U,,,,challenger,src-1b7bc1c9d39a
IN-AC-1976-kerala-127,kerala,1991,127,VARKALA,VAKEEL RADHAKRISHNAN,parties.IN.IND,IND,250,0.29,4,forfeit,U,,,,challenger,src-1b7bc1c9d39a
IN-AC-1976-kerala-127,kerala,1991,127,VARKALA,K. RADHAKRISHNAN,parties.IN.IND,IND,199,0.23,5,forfeit,U,,,,challenger,src-1b7bc1c9d39a
IN-AC-1976-kerala-127,kerala,1991,127,VARKALA,THETTIKULAM KADAKKAVOOR SATHYADAS,parties.IN.IND,IND,195,0.23,6,forfeit,U,,,,challenger,src-1b7bc1c9d39a
IN-AC-1976-kerala-127,kerala,1991,127,VARKALA,MANAMBOOR B. VIJAYAN,parties.IN.IND,IND,96,0.11,7,forfeit,U,,,,challenger,src-1b7bc1c9d39a
IN-AC-1976-kerala-127,kerala,1991,127,VARKALA,SHIHABUDEEN,parties.IN.IND,IND,68,0.08,8,forfeit,U,,,,challenger,src-1b7bc1c9d39a
IN-AC-1976-kerala-128,kerala,1991,128,ATTINGAL,T. SARATCHANDRA PRASAD,parties.IN.INC,INC,41964,48.6,1,won,U,,,,challenger,src-1b7bc1c9d39a
IN-AC-1976-kerala-128,kerala,1991,128,ATTINGAL,ANATHALAVATTOM ANADAN,parties.IN.CPIM,CPM,41527,48.1,2,lost,U,,,,incumbent,src-1b7bc1c9d39a
IN-AC-1976-kerala-128,kerala,1991,128,ATTINGAL,G. KRISHNAN KUTTY,parties.IN.BJP,BJP,1386,1.61,3,forfeit,U,,,,challenger,src-1b7bc1c9d39a
IN-AC-1976-kerala-128,kerala,1991,128,ATTINGAL,M. RAFEEK,parties.IN.JP,JP,656,0.76,4,forfeit,U,,,,challenger,src-1b7bc1c9d39a
IN-AC-1976-kerala-128,kerala,1991,128,ATTINGAL,SASEENDRAN,parties.IN.IND,IND,383,0.44,5,forfeit,U,,,,challenger,src-1b7bc1c9d39a
IN-AC-1976-kerala-128,kerala,1991,128,ATTINGAL,BHADRAN VAMADEVAN,parties.IN.IND,IND,320,0.37,6,forfeit,U,,,,challenger,src-1b7bc1c9d39a
IN-AC-1976-kerala-128,kerala,1991,128,ATTINGAL,K. SREEDHARAN,parties.IN.IND,IND,107,0.12,7,forfeit,U,,,,challenger,src-1b7bc1c9d39a
IN-AC-1976-kerala-129,kerala,1991,129,KILIMANOOR,N. RAJAN,parties.IN.CPI,CPI,51937,50.48,1,won,U,,,,challenger,src-1b7bc1c9d39a
IN-AC-1976-kerala-129,kerala,1991,129,KILIMANOOR,THANKAPPAN,parties.IN.INC,INC,47882,46.54,2,lost,U,,,,challenger,src-1b7bc1c9d39a
IN-AC-1976-kerala-129,kerala,1991,129,KILIMANOOR,C. MADHAVAN,parties.IN.BJP,BJP,3068,2.98,3,forfeit,U,,,,challenger,src-1b7bc1c9d39a
IN-AC-1976-kerala-130,kerala,1991,130,VAMANAPURAM,KOLAIKODE N. KRISHNA NAIR,parties.IN.CPIM,CPM,52248,49.16,1,won,U,,,,challenger,src-1b7bc1c9d39a
IN-AC-1976-kerala-130,kerala,1991,130,VAMANAPURAM,R.M. PARAMESWARAN,parties.IN.INC,INC,50882,47.88,2,lost,U,,,,challenger,src-1b7bc1c9d39a
IN-AC-1976-kerala-130,kerala,1991,130,VAMANAPURAM,N. CHAKRAPAND,parties.IN.BJP,BJP,2409,2.27,3,forfeit,U,,,,challenger,src-1b7bc1c9d39a
IN-AC-1976-kerala-130,kerala,1991,130,VAMANAPURAM,ABDUL KHARIM,parties.IN.IND,IND,246,0.23,4,forfeit,U,,,,challenger,src-1b7bc1c9d39a
IN-AC-1976-kerala-130,kerala,1991,130,VAMANAPURAM,S. RAVINDRAN,parties.IN.IND,IND,167,0.16,5,forfeit,U,,,,challenger,src-1b7bc1c9d39a
IN-AC-1976-kerala-130,kerala,1991,130,VAMANAPURAM,ANIL KUMAR,parties.IN.IND,IND,166,0.16,6,forfeit,U,,,,challenger,src-1b7bc1c9d39a
IN-AC-1976-kerala-130,kerala,1991,130,VAMANAPURAM,G. APPUKUTTAN,parties.IN.IND,IND,154,0.14,7,forfeit,U,,,,challenger,src-1b7bc1c9d39a
IN-AC-1976-kerala-131,kerala,1991,131,ARIYANAD,G. KARIHIKEYAN,parties.IN.INC,INC,44302,49.41,1,won,U,,,,challenger,src-1b7bc1c9d39a
IN-AC-1976-kerala-131,kerala,1991,131,ARIYANAD,K. PANKAJAKSHAN,parties.IN.RSP,RSP,40822,45.52,2,lost,U,,,,incumbent,src-1b7bc1c9d39a
IN-AC-1976-kerala-131,kerala,1991,131,ARIYANAD,KARIPPURVISWAN,parties.IN.BJP,BJP,3149,3.51,3,forfeit,U,,,,challenger,src-1b7bc1c9d39a
IN-AC-1976-kerala-131,kerala,1991,131,ARIYANAD,SARIANAN SATHIANTKAN,parties.IN.IND,IND,496,0.55,4,forfeit,U,,,,challenger,src-1b7bc1c9d39a
IN-AC-1976-kerala-131,kerala,1991,131,ARIYANAD,MANKUNNIL SURESH,parties.IN.LKD,LKD,475,0.53,5,forfeit,U,,,,challenger,src-1b7bc1c9d39a
IN-AC-1976-kerala-131,kerala,1991,131,ARIYANAD,CHANDRAN NANOO,parties.IN.IND,IND,427,0.48,6,forfeit,U,,,,challenger,src-1b7bc1c9d39a
IN-AC-1976-kerala-132,kerala,1991,132,NEDUMANGAD,PALODE RAVI,parties.IN.INC,INC,54678,48.59,1,won,U,,,,challenger,src-1b7bc1c9d39a
IN-AC-1976-kerala-132,kerala,1991,132,NEDUMANGAD,K. GOVINDA PILLAI,parties.IN.CPI,CPI,53739,47.75,2,lost,U,,,,challenger,src-1b7bc1c9d39a
IN-AC-1976-kerala-132,kerala,1991,132,NEDUMANGAD,M. SOMASEKHARAN NAIR,parties.IN.BJP,BJP,3873,3.44,3,forfeit,U,,,,challenger,src-1b7bc1c9d39a
IN-AC-1976-kerala-132,kerala,1991,132,NEDUMANGAD,T. VISWAMBHARAN,parties.IN.IND,IND,247,0.22,4,forfeit,U,,,,challenger,src-1b7bc1c9d39a
IN-AC-1976-kerala-133,kerala,1991,133,KAZHAKUTTAM,M.V. RAGHAVAN,parties.IN.CPIM,CPM(K),51243,48.38,1,won,U,,,,challenger,src-1b7bc1c9d39a
IN-AC-1976-kerala-133,kerala,1991,133,KAZHAKUTTAM,A. NABEESAUMMAL,parties.IN.CPIM,CPM,50554,47.73,2,lost,U,,,,challenger,src-1b7bc1c9d39a
IN-AC-1976-kerala-133,kerala,1991,133,KAZHAKUTTAM,PADMAKUMAR,parties.IN.BJP,BJP,2298,2.17,3,forfeit,U,,,,challenger,src-1b7bc1c9d39a
IN-AC-1976-kerala-133,kerala,1991,133,KAZHAKUTTAM,PREMAN,parties.IN.IND,IND,907,0.86,4,forfeit,U,,,,challenger,src-1b7bc1c9d39a
IN-AC-1976-kerala-133,kerala,1991,133,KAZHAKUTTAM,A. MOHANAN,parties.IN.IND,IND,486,0.46,5,forfeit,U,,,,challenger,src-1b7bc1c9d39a
IN-AC-1976-kerala-133,kerala,1991,133,KAZHAKUTTAM,BHASKARAN,parties.IN.IND,IND,221,0.21,6,forfeit,U,,,,challenger,src-1b7bc1c9d39a
IN-AC-1976-kerala-133,kerala,1991,133,KAZHAKUTTAM,A. ABDUL BASHEER,parties.IN.IND,IND,215,0.2,7,forfeit,U,,,,challenger,src-1b7bc1c9d39a
IN-AC-1976-kerala-134,kerala,1991,134,TRIVANDRUM NORTH,M. VIJAYA KUMAR,parties.IN.CPIM,CPM,52865,46.21,1,won,U,,,,incumbent,src-1b7bc1c9d39a
IN-AC-1976-kerala-134,kerala,1991,134,TRIVANDRUM NORTH,T. RAVEENDTAN THAMPI,parties.IN.NDEP,NDP,52525,45.91,2,lost,U,,,,challenger,src-1b7bc1c9d39a
IN-AC-1976-kerala-134,kerala,1991,134,TRIVANDRUM NORTH,RAICHAL MATHAI,parties.IN.BJP,BJP,6602,5.77,3,forfeit,U,,,,challenger,src-1b7bc1c9d39a
IN-AC-1976-kerala-134,kerala,1991,134,TRIVANDRUM NORTH,KARAKULAM SATHYAKUMAR,parties.IN.IND,IND,473,0.41,4,forfeit,U,,,,challenger,src-1b7bc1c9d39a
IN-AC-1976-kerala-134,kerala,1991,134,TRIVANDRUM NORTH,T.R. JAYAKUMAR,parties.IN.JP,JP,414,0.36,5,forfeit,U,,,,challenger,src-1b7bc1c9d39a
IN-AC-1976-kerala-134,kerala,1991,134,TRIVANDRUM NORTH,GOPALAKRISHNA NAIR,parties.IN.LKD,LKD,364,0.32,6,forfeit,U,,,,challenger,src-1b7bc1c9d39a
IN-AC-1976-kerala-134,kerala,1991,134,TRIVANDRUM NORTH,HARIKUMAR K. KUTTAN PILLAI,parties.IN.IND,IND,328,0.29,7,forfeit,U,,,,challenger,src-1b7bc1c9d39a
IN-AC-1976-kerala-134,kerala,1991,134,TRIVANDRUM NORTH,KRISHNAN NAIR,parties.IN.IND,IND,231,0.2,8,forfeit,U,,,,challenger,src-1b7bc1c9d39a
IN-AC-1976-kerala-134,kerala,1991,134,TRIVANDRUM NORTH,K. SIVA KUMAR,parties.IN.IND,IND,203,0.18,9,forfeit,U,,,,challenger,src-1b7bc1c9d39a
IN-AC-1976-kerala-134,kerala,1991,134,TRIVANDRUM NORTH,CHENNILODE BALACHANDRAN,parties.IN.IND,IND,155,0.14,10,forfeit,U,,,,challenger,src-1b7bc1c9d39a
IN-AC-1976-kerala-134,kerala,1991,134,TRIVANDRUM NORTH,PEROORKADA VISWANATHAN,parties.IN.IND,IND,106,0.09,11,forfeit,U,,,,challenger,src-1b7bc1c9d39a
IN-AC-1976-kerala-134,kerala,1991,134,TRIVANDRUM NORTH,RAJAN RAMAKRISHNAN ASSARY,parties.IN.IND,IND,78,0.07,12,forfeit,U,,,,challenger,src-1b7bc1c9d39a
IN-AC-1976-kerala-134,kerala,1991,134,TRIVANDRUM NORTH,B. RAJENDRAN NAIR,parties.IN.IND,IND,64,0.06,13,forfeit,U,,,,challenger,src-1b7bc1c9d39a
IN-AC-1976-kerala-135,kerala,1991,135,TRIVANDRUM WEST,M.M. HASSAN,parties.IN.INC,INC,43620,49.66,1,won,U,,,,incumbent,src-1b7bc1c9d39a
IN-AC-1976-kerala-135,kerala,1991,135,TRIVANDRUM WEST,ANTONY RAJU,parties.IN.KEC,KEC,35121,39.99,2,lost,U,,,,challenger,src-1b7bc1c9d39a
IN-AC-1976-kerala-135,kerala,1991,135,TRIVANDRUM WEST,V.N. GOPALAKRISHNAN NAIR,parties.IN.BJP,BJP,7859,8.95,3,forfeit,U,,,,challenger,src-1b7bc1c9d39a
IN-AC-1976-kerala-135,kerala,1991,135,TRIVANDRUM WEST,T.J. KUNJU KUNJU,parties.IN.IND,IND,406,0.46,4,forfeit,U,,,,challenger,src-1b7bc1c9d39a
IN-AC-1976-kerala-135,kerala,1991,135,TRIVANDRUM WEST,KENNADY,parties.IN.IND,IND,290,0.33,5,forfeit,U,,,,challenger,src-1b7bc1c9d39a
IN-AC-1976-kerala-135,kerala,1991,135,TRIVANDRUM WEST,SANTHAMMA THANKAPPAN,parties.IN.IND,IND,220,0.25,6,forfeit,U,,,,challenger,src-1b7bc1c9d39a
IN-AC-1976-kerala-135,kerala,1991,135,TRIVANDRUM WEST,VELI BABU,parties.IN.IND,IND,193,0.22,7,forfeit,U,,,,challenger,src-1b7bc1c9d39a
IN-AC-1976-kerala-135,kerala,1991,135,TRIVANDRUM WEST,SURESHKUMAR BHASKARA PILLAI,parties.IN.IND,IND,66,0.08,8,forfeit,U,,,,challenger,src-1b7bc1c9d39a
IN-AC-1976-kerala-135,kerala,1991,135,TRIVANDRUM WEST,BIJU JOHNSON,parties.IN.IND,IND,55,0.06,9,forfeit,U,,,,challenger,src-1b7bc1c9d39a
IN-AC-1976-kerala-136,kerala,1991,136,TRIVANDRUM EAST,B. VIJAYA KUMAR,parties.IN.INC,INC,41230,46.94,1,won,U,,,,challenger,src-1b7bc1c9d39a
IN-AC-1976-kerala-136,kerala,1991,136,TRIVANDRUM EAST,K. SANKARANARAYA PILLAI,parties.IN.ICS_SCS,ICS(SCS),33302,37.92,2,lost,U,,,,incumbent,src-1b7bc1c9d39a
IN-AC-1976-kerala-136,kerala,1991,136,TRIVANDRUM EAST,K. RAMAN PILLAI,parties.IN.BJP,BJP,12289,13.99,3,forfeit,U,,,,challenger,src-1b7bc1c9d39a
IN-AC-1976-kerala-136,kerala,1991,136,TRIVANDRUM EAST,N. SATHEESH KUMAR,parties.IN.IND,IND,494,0.56,4,forfeit,U,,,,challenger,src-1b7bc1c9d39a
IN-AC-1976-kerala-136,kerala,1991,136,TRIVANDRUM EAST,K. PUSHPARAJAN,parties.IN.IND,IND,185,0.21,5,forfeit,U,,,,challenger,src-1b7bc1c9d39a
IN-AC-1976-kerala-136,kerala,1991,136,TRIVANDRUM EAST,KANNAMMOOLA RAVI,parties.IN.LKD,LKD,179,0.2,6,forfeit,U,,,,challenger,src-1b7bc1c9d39a
IN-AC-1976-kerala-136,kerala,1991,136,TRIVANDRUM EAST,M. KARUPPASWAMY,parties.IN.MMK_M,MMK(M),87,0.1,7,forfeit,U,,,,challenger,src-1b7bc1c9d39a
IN-AC-1976-kerala-136,kerala,1991,136,TRIVANDRUM EAST,MATHEW M. PHILIP,parties.IN.IND,IND,64,0.07,8,forfeit,U,,,,challenger,src-1b7bc1c9d39a
IN-AC-1976-kerala-137,kerala,1991,137,NEMOM,V.J. THANKAPPAN,parties.IN.CPIM,CPM,47063,44.12,1,won,U,,,,incumbent,src-1b7bc1c9d39a
IN-AC-1976-kerala-137,kerala,1991,137,NEMOM,STANLY SATHYANESAN,parties.IN.CPIM,CPM(K),40201,37.69,2,lost,U,,,,challenger,src-1b7bc1c9d39a
IN-AC-1976-kerala-137,kerala,1991,137,NEMOM,P. ASOK KUMAR,parties.IN.BJP,BJP,17072,16,3,forfeit,U,,,,challenger,src-1b7bc1c9d39a
IN-AC-1976-kerala-137,kerala,1991,137,NEMOM,PONNUMANGALAM K. ACHUTHAN,parties.IN.IND,IND,1516,1.42,4,forfeit,U,,,,challenger,src-1b7bc1c9d39a
IN-AC-1976-kerala-137,kerala,1991,137,NEMOM,P. ASOK KUMAR PADMANABHAN,parties.IN.IND,IND,364,0.34,5,forfeit,U,,,,challenger,src-1b7bc1c9d39a
IN-AC-1976-kerala-137,kerala,1991,137,NEMOM,SUDARSANAN,parties.IN.IND,IND,265,0.25,6,forfeit,U,,,,challenger,src-1b7bc1c9d39a
IN-AC-1976-kerala-137,kerala,1991,137,NEMOM,A.M. BADISHA,parties.IN.IND,IND,193,0.18,7,forfeit,U,,,,challenger,src-1b7bc1c9d39a
IN-AC-1976-kerala-138,kerala,1991,138,KOVALAM,A. NEELA LOHITHA DAJAN KADAR,parties.IN.JD,JD,49515,47.19,1,won,U,,,,incumbent,src-1b7bc1c9d39a
IN-AC-1976-kerala-138,kerala,1991,138,KOVALAM,GEORGE MASERINE,parties.IN.INC,INC,49494,47.17,2,lost,U,,,,challenger,src-1b7bc1c9d39a
IN-AC-1976-kerala-138,kerala,1991,138,KOVALAM,K.S. SAJAN,parties.IN.BJP,BJP,5399,5.15,3,forfeit,U,,,,challenger,src-1b7bc1c9d39a
IN-AC-1976-kerala-138,kerala,1991,138,KOVALAM,S. RAMESH,parties.IN.IND,IND,526,0.5,4,forfeit,U,,,,challenger,src-1b7bc1c9d39a
IN-AC-1976-kerala-139,kerala,1991,139,NEYYATTINKARA,THAMPANOOR RAVI,parties.IN.INC,INC,49016,47.05,1,won,U,,,,challenger,src-1b7bc1c9d39a
IN-AC-1976-kerala-139,kerala,1991,139,NEYYATTINKARA,S.R. THANKA RAJ,parties.IN.JD,JD,47042,45.15,2,lost,U,,,,incumbent,src-1b7bc1c9d39a
IN-AC-1976-kerala-139,kerala,1991,139,NEYYATTINKARA,N.K. SASI,parties.IN.BJP,BJP,8129,7.8,3,forfeit,U,,,,challenger,src-1b7bc1c9d39a
IN-AC-1976-kerala-140,kerala,1991,140,PARASSALA,M.R. RAGHU CHANDRA BAL,parties.IN.INC,INC,48423,49.44,1,won,U,,,,challenger,src-1b7bc1c9d39a
IN-AC-1976-kerala-140,kerala,1991,140,PARASSALA,SATHYANESAN,parties.IN.CPIM,CPM,40788,41.64,2,lost,U,,,,incumbent,src-1b7bc1c9d39a
IN-AC-1976-kerala-140,kerala,1991,140,PARASSALA,PREMKUMAR,parties.IN.BJP,BJP,7934,8.1,3,forfeit,U,,,,challenger,src-1b7bc1c9d39a
IN-AC-1976-kerala-140,kerala,1991,140,PARASSALA,PONNUY PILLAI,parties.IN.BSP,BSP,406,0.41,4,forfeit,U,,,,challenger,src-1b7bc1c9d39a
IN-AC-1976-kerala-140,kerala,1991,140,PARASSALA,NAGENDRAN,parties.IN.IND,IND,252,0.26,5,forfeit,U,,,,challenger,src-1b7bc1c9d39a
IN-AC-1976-kerala-140,kerala,1991,140,PARASSALA,MARIA SOOSAN,parties.IN.IND,IND,147,0.15,6,forfeit,U,,,,challenger,src-1b7bc1c9d39a
