entity_id,state,election_year,constituency_no,constituency_name,candidate_name,party_id,votes,vote_share_pct,position,result,sex,age,education,profession,candidate_type,source_id
IN-PC-2008-andhra-pradesh-445,andhra-pradesh,2019,1,ARUKU,GODDETI. MADHAVI,parties.IN.YSRCP,562190,52.32,1,won,U,,Graduate Professional,,challenger,src-31c65dbec869
IN-PC-2008-andhra-pradesh-445,andhra-pradesh,2019,1,ARUKU,KISHORE CHANDRA DEO,parties.IN.TDP,338101,31.46,2,lost,U,,Post Graduate,Ex Minister,challenger,src-31c65dbec869
IN-PC-2008-andhra-pradesh-445,andhra-pradesh,2019,1,ARUKU,GANGULAIAH VAMPURU.,,42794,3.98,4,forfeit,U,,10th Pass,,challenger,src-31c65dbec869
IN-PC-2008-andhra-pradesh-445,andhra-pradesh,2019,1,ARUKU,Dr. KOSURI KASI VISWANADHA VEERA VENKATA SATYANARAYANA REDDY,parties.IN.BJP,17867,1.66,5,forfeit,U,,Graduate Professional,Lawyer,challenger,src-31c65dbec869
IN-PC-2008-andhra-pradesh-445,andhra-pradesh,2019,1,ARUKU,SHRUTI DEVI VYRICHERLA,parties.IN.INC,17730,1.65,6,forfeit,U,,Doctorate,Ex MLA,challenger,src-31c65dbec869
IN-PC-2008-andhra-pradesh-445,andhra-pradesh,2019,1,ARUKU,KANGALA BALUDORA,parties.IN.IND,13826,1.29,7,forfeit,U,,Illiterate,,challenger,src-31c65dbec869
IN-PC-2008-andhra-pradesh-445,andhra-pradesh,2019,1,ARUKU,NARAVA SATYAVATHI,parties.IN.IND,11236,1.05,8,forfeit,U,,10th Pass,Household,challenger,src-31c65dbec869
IN-PC-2008-andhra-pradesh-445,andhra-pradesh,2019,1,ARUKU,ANUMULA VAMSIKRISHNA,parties.IN.IND,10240,0.95,9,forfeit,U,,Post Graduate,Lawyer,challenger,src-31c65dbec869
IN-PC-2008-andhra-pradesh-445,andhra-pradesh,2019,1,ARUKU,BIDDIKA RAMAYYA.,parties.IN.IND,7867,0.73,10,forfeit,U,,Illiterate,,challenger,src-31c65dbec869
IN-PC-2008-andhra-pradesh-445,andhra-pradesh,2019,1,ARUKU,SWAMULA. SUBRAHMANYAM,,4710,0.44,11,forfeit,U,,Graduate,Private Company,challenger,src-31c65dbec869
IN-PC-2008-andhra-pradesh-448,andhra-pradesh,2019,4,VISAKHAPATNAM,M V V SATYANARAYANA,parties.IN.YSRCP,436906,35.24,1,won,U,,10th Pass,Real Estate or Builder or Developer or Construction,challenger,src-31c65dbec869
IN-PC-2008-andhra-pradesh-448,andhra-pradesh,2019,4,VISAKHAPATNAM,BHARAT MATHUKUMILLI,parties.IN.TDP,432492,34.89,2,lost,U,,Post Graduate,,challenger,src-31c65dbec869
IN-PC-2008-andhra-pradesh-448,andhra-pradesh,2019,4,VISAKHAPATNAM,V.V. LAKSHMI NARAYANA,,288874,23.3,3,lost,U,,Post Graduate,College Professor or Lecturer,challenger,src-31c65dbec869
IN-PC-2008-andhra-pradesh-448,andhra-pradesh,2019,4,VISAKHAPATNAM,DAGGUBATI PURANDESWARI,parties.IN.BJP,33892,2.73,4,forfeit,U,,Graduate,,challenger,src-31c65dbec869
IN-PC-2008-andhra-pradesh-448,andhra-pradesh,2019,4,VISAKHAPATNAM,PEDADA. RAMANIKUMARI,parties.IN.INC,14633,1.18,6,forfeit,U,,Post Graduate,,challenger,src-31c65dbec869
IN-PC-2008-andhra-pradesh-448,andhra-pradesh,2019,4,VISAKHAPATNAM,GEORGE BANGARI,parties.IN.VCK,3028,0.24,7,forfeit,U,,Graduate Professional,Party Worker,challenger,src-31c65dbec869
IN-PC-2008-andhra-pradesh-448,andhra-pradesh,2019,4,VISAKHAPATNAM,DURGAPRASAD. GUNTU,parties.IN.IND,2464,0.2,8,forfeit,U,,Post Graduate,Real Estate or Builder or Developer or Construction,challenger,src-31c65dbec869
IN-PC-2008-andhra-pradesh-448,andhra-pradesh,2019,4,VISAKHAPATNAM,PULAPAKA RAJA SEKHAR,parties.IN.IND,2294,0.19,9,forfeit,U,,Graduate,Principal or Administrator,challenger,src-31c65dbec869
IN-PC-2008-andhra-pradesh-448,andhra-pradesh,2019,4,VISAKHAPATNAM,ANMISH VARMA,parties.IN.IND,1915,0.15,10,forfeit,U,,Post Graduate,,challenger,src-31c65dbec869
IN-PC-2008-andhra-pradesh-448,andhra-pradesh,2019,4,VISAKHAPATNAM,B. JAYA VENU GOPAL,,1627,0.13,11,forfeit,U,,12th Pass,Self-employed,challenger,src-31c65dbec869
IN-PC-2008-andhra-pradesh-448,andhra-pradesh,2019,4,VISAKHAPATNAM,R. UDAYA GOWRI,parties.IN.IND,1384,0.11,12,forfeit,U,,Illiterate,,challenger,src-31c65dbec869
IN-PC-2008-andhra-pradesh-448,andhra-pradesh,2019,4,VISAKHAPATNAM,GANNU MALLAYYA,parties.IN.IND,1313,0.11,13,forfeit,U,,Graduate,Private Company,challenger,src-31c65dbec869
IN-PC-2008-andhra-pradesh-448,andhra-pradesh,2019,4,VISAKHAPATNAM,KOTHAPALLI GEETHA,parties.IN.IND,1158,0.09,14,forfeit,U,,Post Graduate,Rent,challenger,src-31c65dbec869
IN-PC-2008-andhra-pradesh-448,andhra-pradesh,2019,4,VISAKHAPATNAM,GAMPALA SOMASUNDARAM,parties.IN.IND,1128,0.09,15,forfeit,U,,Graduate,Ex Govt Employee,challenger,src-31c65dbec869
IN-PC-2008-andhra-pradesh-412,andhra-pradesh,2019,6,KAKINADA,VANGA GEETHAVISWANATH,parties.IN.YSRCP,537630,43.54,1,won,U,,Post Graduate,Rent,challenger,src-31c65dbec869
IN-PC-2008-andhra-pradesh-412,andhra-pradesh,2019,6,KAKINADA,CHALAMALASETTY SUNIL,parties.IN.TDP,511892,41.46,2,lost,U,,Post Graduate,,crossover,src-31c65dbec869
IN-PC-2008-andhra-pradesh-412,andhra-pradesh,2019,6,KAKINADA,JYOTHULA VENKATESWARA RAO,,132648,10.74,3,forfeit,U,,12th Pass,,challenger,src-31c65dbec869
IN-PC-2008-andhra-pradesh-412,andhra-pradesh,2019,6,KAKINADA,YALLA VENKATA RAMA MOHAN RAO (DORABABU),parties.IN.BJP,9596,0.78,5,forfeit,U,,Graduate,,challenger,src-31c65dbec869
IN-PC-2008-andhra-pradesh-412,andhra-pradesh,2019,6,KAKINADA,MALLIPUDI SRI RAMACHANDRA MURTHY (RAMBABU),parties.IN.INC,8640,0.7,6,forfeit,U,,5th Pass,,challenger,src-31c65dbec869
IN-PC-2008-andhra-pradesh-412,andhra-pradesh,2019,6,KAKINADA,KAKILETI RAVINDRA,parties.IN.IND,3327,0.27,7,forfeit,U,,10th Pass,,challenger,src-31c65dbec869
IN-PC-2008-andhra-pradesh-412,andhra-pradesh,2019,6,KAKINADA,APPALAKONDA VANGALAPUDI,parties.IN.MPP,2997,0.24,8,forfeit,U,,Post Graduate,Qualified Professional,challenger,src-31c65dbec869
IN-PC-2008-andhra-pradesh-412,andhra-pradesh,2019,6,KAKINADA,MEDISETTI VIJAYA KUMAR,parties.IN.IND,2051,0.17,9,forfeit,U,,12th Pass,,challenger,src-31c65dbec869
IN-PC-2008-andhra-pradesh-412,andhra-pradesh,2019,6,KAKINADA,GODUGU SATYANARAYANA,,1724,0.14,10,forfeit,U,,Graduate,,challenger,src-31c65dbec869
IN-PC-2008-andhra-pradesh-412,andhra-pradesh,2019,6,KAKINADA,B. GEETHA,,1688,0.14,11,forfeit,U,,5th Pass,Household,challenger,src-31c65dbec869
IN-PC-2008-andhra-pradesh-412,andhra-pradesh,2019,6,KAKINADA,ANKADI SATHIBABU,parties.IN.IND,1381,0.11,12,forfeit,U,,Illiterate,,challenger,src-31c65dbec869
IN-PC-2008-andhra-pradesh-412,andhra-pradesh,2019,6,KAKINADA,SATHI VEERALAKSHMI,,1119,0.09,13,forfeit,U,,Illiterate,Household,challenger,src-31c65dbec869
IN-PC-2008-andhra-pradesh-412,andhra-pradesh,2019,6,KAKINADA,VASAMSETTY VENKATARAMANA,parties.IN.AIFB,1014,0.08,14,forfeit,U,,,,challenger,src-31c65dbec869
IN-PC-2008-andhra-pradesh-412,andhra-pradesh,2019,6,KAKINADA,DONAM NEELAKANTAM,,980,0.08,15,forfeit,U,,Post Graduate,Self-employed,challenger,src-31c65dbec869
IN-PC-2008-andhra-pradesh-412,andhra-pradesh,2019,6,KAKINADA,PEDDIMSETTI. VENKATESWARARAO,,815,0.07,16,forfeit,U,,12th Pass,,challenger,src-31c65dbec869
IN-PC-2008-andhra-pradesh-424,andhra-pradesh,2019,7,AMALAPURAM,CHINTA ANURADHA,parties.IN.YSRCP,485958,39.42,1,won,U,,Graduate,Household,challenger,src-31c65dbec869
IN-PC-2008-andhra-pradesh-424,andhra-pradesh,2019,7,AMALAPURAM,GANTI HARISH MADHUR (BALAYOGI),parties.IN.TDP,446163,36.19,2,lost,U,,Graduate Professional,Self-employed,challenger,src-31c65dbec869
IN-PC-2008-andhra-pradesh-424,andhra-pradesh,2019,7,AMALAPURAM,D M R SEKHAR,,255317,20.71,3,lost,U,,Post Graduate,Private Company,challenger,src-31c65dbec869
IN-PC-2008-andhra-pradesh-424,andhra-pradesh,2019,7,AMALAPURAM,AYYAJI VEMA MANEPALLI,parties.IN.BJP,11534,0.94,5,forfeit,U,,Graduate Professional,Ex MLA,challenger,src-31c65dbec869
IN-PC-2008-andhra-pradesh-424,andhra-pradesh,2019,7,AMALAPURAM,JANGA GOUTHAM,parties.IN.INC,7887,0.64,6,forfeit,U,,Graduate,Self-employed,challenger,src-31c65dbec869
IN-PC-2008-andhra-pradesh-424,andhra-pradesh,2019,7,AMALAPURAM,REVU SUDHAKAR,parties.IN.IND,2775,0.23,7,forfeit,U,,10th Pass,Self-employed,challenger,src-31c65dbec869
IN-PC-2008-andhra-pradesh-424,andhra-pradesh,2019,7,AMALAPURAM,MORTHA SIVA RAMA KRISHNA,,1954,0.16,8,forfeit,U,,Graduate,,challenger,src-31c65dbec869
IN-PC-2008-andhra-pradesh-424,andhra-pradesh,2019,7,AMALAPURAM,MURALIKRISHNA KANDERI,,1804,0.15,9,forfeit,U,,Others,Self-employed,challenger,src-31c65dbec869
IN-PC-2008-andhra-pradesh-424,andhra-pradesh,2019,7,AMALAPURAM,PANTHAGADA VIJAYA CHAKRAVARTHY,parties.IN.RPI_KH,1804,0.15,10,forfeit,U,,Post Graduate,Lawyer,challenger,src-31c65dbec869
IN-PC-2008-andhra-pradesh-424,andhra-pradesh,2019,7,AMALAPURAM,CHELLE RAJANI,,1231,0.1,11,forfeit,U,,Graduate,Self-employed,challenger,src-31c65dbec869
IN-PC-2008-andhra-pradesh-442,andhra-pradesh,2019,8,RAJAHMUNDRY,MARGANI BHARAT,parties.IN.YSRCP,582024,46.55,1,won,U,,Graduate,Real Estate or Builder or Developer or Construction,challenger,src-31c65dbec869
IN-PC-2008-andhra-pradesh-442,andhra-pradesh,2019,8,RAJAHMUNDRY,MAGANTI ROOPA,parties.IN.TDP,460390,36.82,2,lost,U,,Graduate,Qualified Professional,challenger,src-31c65dbec869
IN-PC-2008-andhra-pradesh-442,andhra-pradesh,2019,8,RAJAHMUNDRY,AKULA SATYANARAYANA,,155807,12.46,3,forfeit,U,,Post Graduate,,challenger,src-31c65dbec869
IN-PC-2008-andhra-pradesh-442,andhra-pradesh,2019,8,RAJAHMUNDRY,NALLURI VIJAYA SRINIVASA RAO,parties.IN.INC,12725,1.02,5,forfeit,U,,12th Pass,,challenger,src-31c65dbec869
IN-PC-2008-andhra-pradesh-442,andhra-pradesh,2019,8,RAJAHMUNDRY,PARAVASTU SATYA GOPINATH DAS,parties.IN.BJP,12334,0.99,6,forfeit,U,,12th Pass,Priest,challenger,src-31c65dbec869
IN-PC-2008-andhra-pradesh-442,andhra-pradesh,2019,8,RAJAHMUNDRY,KOLLAPU VENU,parties.IN.IND,2869,0.23,7,forfeit,U,,Graduate,,challenger,src-31c65dbec869
IN-PC-2008-andhra-pradesh-442,andhra-pradesh,2019,8,RAJAHMUNDRY,GEDDAM DAVID NELSON BABU,parties.IN.APOI,1757,0.14,8,forfeit,U,,Post Graduate,Pastor,challenger,src-31c65dbec869
IN-PC-2008-andhra-pradesh-442,andhra-pradesh,2019,8,RAJAHMUNDRY,KURUVELLA BHANUCHANDAR,parties.IN.IND,1242,0.1,9,forfeit,U,,,,challenger,src-31c65dbec869
IN-PC-2008-andhra-pradesh-442,andhra-pradesh,2019,8,RAJAHMUNDRY,SANGISETTI SRINIVASA RAO,,1161,0.09,10,forfeit,U,,Illiterate,,challenger,src-31c65dbec869
IN-PC-2008-andhra-pradesh-442,andhra-pradesh,2019,8,RAJAHMUNDRY,BANDARU RAJESWARA RAO,,1035,0.08,11,forfeit,U,,5th Pass,Real Estate or Builder or Developer or Construction,challenger,src-31c65dbec869
IN-PC-2008-andhra-pradesh-442,andhra-pradesh,2019,8,RAJAHMUNDRY,MEDA SRINIVAS,,996,0.08,12,forfeit,U,,Post Graduate,Lawyer,challenger,src-31c65dbec869
IN-PC-2008-andhra-pradesh-411,andhra-pradesh,2019,9,NARSAPURAM,KANUMURU RAGHU RAMA KRISHNA RAJU,parties.IN.YSRCP,449234,38.14,1,won,U,,Post Graduate,,challenger,src-31c65dbec869
IN-PC-2008-andhra-pradesh-411,andhra-pradesh,2019,9,NARSAPURAM,V.V. SIVA RAMA RAJU (KALAVAPUDI SIVA),parties.IN.TDP,416558,35.37,2,lost,U,,Graduate,MLA,challenger,src-31c65dbec869
IN-PC-2008-andhra-pradesh-411,andhra-pradesh,2019,9,NARSAPURAM,NAGABABU KONIDELA,,250802,21.3,3,lost,U,,Graduate Professional,Actor,challenger,src-31c65dbec869
IN-PC-2008-andhra-pradesh-411,andhra-pradesh,2019,9,NARSAPURAM,KANUMURU BAPIRAJU,parties.IN.INC,13941,1.18,4,forfeit,U,,10th Pass,,challenger,src-31c65dbec869
IN-PC-2008-andhra-pradesh-411,andhra-pradesh,2019,9,NARSAPURAM,PYDIKONDALA MANIKYALA RAO,parties.IN.BJP,12414,1.05,5,forfeit,U,,12th Pass,MLA,challenger,src-31c65dbec869
IN-PC-2008-andhra-pradesh-411,andhra-pradesh,2019,9,NARSAPURAM,YELLA VENU GOPAL RAO,,4286,0.36,7,forfeit,U,,Post Graduate,Lawyer,challenger,src-31c65dbec869
IN-PC-2008-andhra-pradesh-411,andhra-pradesh,2019,9,NARSAPURAM,G S RAJU,parties.IN.SP,3471,0.29,8,forfeit,U,,10th Pass,,challenger,src-31c65dbec869
IN-PC-2008-andhra-pradesh-411,andhra-pradesh,2019,9,NARSAPURAM,K.A.PAUL,,3046,0.26,9,forfeit,U,,12th Pass,Activist,challenger,src-31c65dbec869
IN-PC-2008-andhra-pradesh-411,andhra-pradesh,2019,9,NARSAPURAM,MEDAPATI VARAHALA REDDY,parties.IN.IND,2684,0.23,10,forfeit,U,,10th Pass,,challenger,src-31c65dbec869
IN-PC-2008-andhra-pradesh-411,andhra-pradesh,2019,9,NARSAPURAM,NALLI RAJESH,parties.IN.IND,2653,0.23,11,forfeit,U,,10th Pass,,challenger,src-31c65dbec869
IN-PC-2008-andhra-pradesh-411,andhra-pradesh,2019,9,NARSAPURAM,NALLAM SURYA CHANDRA RAO,,2210,0.19,12,forfeit,U,,Graduate,,challenger,src-31c65dbec869
IN-PC-2008-andhra-pradesh-411,andhra-pradesh,2019,9,NARSAPURAM,DASARI KRISHNA MURTHY,,1603,0.14,13,forfeit,U,,10th Pass,Musician or Artist,challenger,src-31c65dbec869
IN-PC-2008-andhra-pradesh-411,andhra-pradesh,2019,9,NARSAPURAM,GOTTUMUKKALA SHIVAJI,parties.IN.IND,1275,0.11,14,forfeit,U,,Post Graduate,,challenger,src-31c65dbec869
IN-PC-2008-andhra-pradesh-411,andhra-pradesh,2019,9,NARSAPURAM,GANJI PURNIMA,parties.IN.RPIA,869,0.07,15,forfeit,U,,Graduate,Household,challenger,src-31c65dbec869
IN-PC-2008-andhra-pradesh-411,andhra-pradesh,2019,9,NARSAPURAM,GURUGUBILLI RAMBABU,,583,0.05,16,forfeit,U,,5th Pass,,challenger,src-31c65dbec869
IN-PC-2008-andhra-pradesh-437,andhra-pradesh,2019,10,ELURU,KOTAGIRI SRIDHAR,parties.IN.YSRCP,676809,50.97,1,won,U,,Graduate,,challenger,src-31c65dbec869
IN-PC-2008-andhra-pradesh-437,andhra-pradesh,2019,10,ELURU,MAGANTTI VENKATESWARA RAO BABU,parties.IN.TDP,510884,38.47,2,lost,U,,10th Pass,,incumbent,src-31c65dbec869
IN-PC-2008-andhra-pradesh-437,andhra-pradesh,2019,10,ELURU,PENTAPATI PULLARAO,,76827,5.79,3,forfeit,U,,,,crossover,src-31c65dbec869
IN-PC-2008-andhra-pradesh-437,andhra-pradesh,2019,10,ELURU,JETTI GURUNADHA RAO,parties.IN.INC,20378,1.53,5,forfeit,U,,Graduate,,challenger,src-31c65dbec869
IN-PC-2008-andhra-pradesh-437,andhra-pradesh,2019,10,ELURU,CHINNAM RAMA KOTAYYA,parties.IN.BJP,8412,0.63,6,forfeit,U,,10th Pass,,challenger,src-31c65dbec869
IN-PC-2008-andhra-pradesh-437,andhra-pradesh,2019,10,ELURU,Dr.MENDEM. SANTHOSH KUMAR(PEDDABABU),parties.IN.IND,3010,0.23,7,forfeit,U,,Others,,challenger,src-31c65dbec869
IN-PC-2008-andhra-pradesh-437,andhra-pradesh,2019,10,ELURU,CHINA VENKATA SURYANARAYANA JOSYULA,,2935,0.22,8,forfeit,U,,Graduate,Ex Govt Employee,challenger,src-31c65dbec869
IN-PC-2008-andhra-pradesh-437,andhra-pradesh,2019,10,ELURU,MATHE. BOBBY,parties.IN.RPIA,1879,0.14,9,forfeit,U,,12th Pass,,challenger,src-31c65dbec869
IN-PC-2008-andhra-pradesh-437,andhra-pradesh,2019,10,ELURU,ALAGA. RAVI KUMAR,parties.IN.IND,1648,0.12,10,forfeit,U,,10th Pass,,challenger,src-31c65dbec869
IN-PC-2008-andhra-pradesh-437,andhra-pradesh,2019,10,ELURU,V. SIVA RAMA KRISHNA,,1261,0.09,11,forfeit,U,,10th Pass,Ex Govt Employee,challenger,src-31c65dbec869
IN-PC-2008-andhra-pradesh-419,andhra-pradesh,2019,11,MACHILIPATNAM,BALASHOWRY VALLABHANENI,parties.IN.YSRCP,572850,46.03,1,won,U,,Post Graduate,,challenger,src-31c65dbec869
IN-PC-2008-andhra-pradesh-419,andhra-pradesh,2019,11,MACHILIPATNAM,KONAKALLA NARAYANA RAO,parties.IN.TDP,512612,41.19,2,lost,U,,12th Pass,,incumbent,src-31c65dbec869
IN-PC-2008-andhra-pradesh-419,andhra-pradesh,2019,11,MACHILIPATNAM,BANDREDDI RAMAKRISHNA,,113442,9.11,3,forfeit,U,,Post Graduate,Qualified Professional,challenger,src-31c65dbec869
IN-PC-2008-andhra-pradesh-419,andhra-pradesh,2019,11,MACHILIPATNAM,GOLLU KRISHNA,parties.IN.INC,12310,0.99,5,forfeit,U,,Others,,challenger,src-31c65dbec869
IN-PC-2008-andhra-pradesh-419,andhra-pradesh,2019,11,MACHILIPATNAM,GUDIVAKA RAMANJANEYULU (ANJI BABU),parties.IN.BJP,6481,0.52,6,forfeit,U,,Graduate,,challenger,src-31c65dbec869
IN-PC-2008-andhra-pradesh-419,andhra-pradesh,2019,11,MACHILIPATNAM,VIJAYA LAKSHMI CHALAPAKA,parties.IN.IND,4789,0.38,7,forfeit,U,,Graduate,Household,challenger,src-31c65dbec869
IN-PC-2008-andhra-pradesh-419,andhra-pradesh,2019,11,MACHILIPATNAM,PERAM SIVA NAGESWARA RAO,parties.IN.RPIA,3627,0.29,8,forfeit,U,,8th Pass,,challenger,src-31c65dbec869
IN-PC-2008-andhra-pradesh-419,andhra-pradesh,2019,11,MACHILIPATNAM,YARLAGADDA RAMA MOHANA RAO,parties.IN.BAHUMP,1017,0.08,9,forfeit,U,,12th Pass,,challenger,src-31c65dbec869
IN-PC-2008-andhra-pradesh-419,andhra-pradesh,2019,11,MACHILIPATNAM,G. V. N. BASAVA RAO,parties.IN.IND,895,0.07,10,forfeit,U,,12th Pass,,challenger,src-31c65dbec869
IN-PC-2008-andhra-pradesh-419,andhra-pradesh,2019,11,MACHILIPATNAM,GANDHI DHANEKULA,parties.IN.IND,846,0.07,11,forfeit,U,,10th Pass,Ex Civil Service,challenger,src-31c65dbec869
IN-PC-2008-andhra-pradesh-419,andhra-pradesh,2019,11,MACHILIPATNAM,VALLURU VENKATESWARA RAO,,826,0.07,12,forfeit,U,,Graduate,,challenger,src-31c65dbec869
IN-PC-2008-andhra-pradesh-419,andhra-pradesh,2019,11,MACHILIPATNAM,NADAKUDITI NAGA GAYATHRI,parties.IN.IND,774,0.06,13,forfeit,U,,Post Graduate,Household,challenger,src-31c65dbec869
IN-PC-2008-andhra-pradesh-428,andhra-pradesh,2019,12,VIJAYAWADA,KESINENI SRINIVAS (NANI),parties.IN.TDP,575498,45.04,1,won,U,,10th Pass,,incumbent,src-31c65dbec869
IN-PC-2008-andhra-pradesh-428,andhra-pradesh,2019,12,VIJAYAWADA,POTLURI.V.PRASAD ( P V P ),parties.IN.YSRCP,566772,44.36,2,lost,U,,Post Graduate,,challenger,src-31c65dbec869
IN-PC-2008-andhra-pradesh-428,andhra-pradesh,2019,12,VIJAYAWADA,Muttamsetty Prasad babu,,81650,6.39,3,forfeit,U,,Post Graduate,,challenger,src-31c65dbec869
IN-PC-2008-andhra-pradesh-428,andhra-pradesh,2019,12,VIJAYAWADA,KILARU DILEEP,parties.IN.BJP,18504,1.45,4,forfeit,U,,Graduate Professional,"Real Estate or Builder or Developer or Construction, Private Company",challenger,src-31c65dbec869
IN-PC-2008-andhra-pradesh-428,andhra-pradesh,2019,12,VIJAYAWADA,NARAHARISETTY. NARASIMHARAO.,parties.IN.INC,16261,1.27,5,forfeit,U,,Graduate Professional,Lawyer,challenger,src-31c65dbec869
IN-PC-2008-andhra-pradesh-428,andhra-pradesh,2019,12,VIJAYAWADA,ANDUKURI VIJAYA BHASKAR,,2457,0.19,7,forfeit,U,,Graduate Professional,Qualified Professional,challenger,src-31c65dbec869
IN-PC-2008-andhra-pradesh-428,andhra-pradesh,2019,12,VIJAYAWADA,BOLISETTY HARI BABU,parties.IN.IND,1739,0.14,8,forfeit,U,,Illiterate,Agricultural Business,challenger,src-31c65dbec869
IN-PC-2008-andhra-pradesh-428,andhra-pradesh,2019,12,VIJAYAWADA,MOHAMMAD ISHAQ,parties.IN.IND,1218,0.1,9,forfeit,U,,12th Pass,,challenger,src-31c65dbec869
IN-PC-2008-andhra-pradesh-428,andhra-pradesh,2019,12,VIJAYAWADA,ANIL KUMAR MADDINENI,parties.IN.IND,1049,0.08,10,forfeit,U,,Post Graduate,,challenger,src-31c65dbec869
IN-PC-2008-andhra-pradesh-428,andhra-pradesh,2019,12,VIJAYAWADA,NANDINI NALLAGHATLA,parties.IN.IND,953,0.07,11,forfeit,U,,Post Graduate,,challenger,src-31c65dbec869
IN-PC-2008-andhra-pradesh-428,andhra-pradesh,2019,12,VIJAYAWADA,DHANEKULA GANDHI,parties.IN.IND,688,0.05,12,forfeit,U,,10th Pass,Ex Govt Employee,challenger,src-31c65dbec869
IN-PC-2008-andhra-pradesh-428,andhra-pradesh,2019,12,VIJAYAWADA,SEKHAR,,685,0.05,13,forfeit,U,,10th Pass,Self-employed,challenger,src-31c65dbec869
IN-PC-2008-andhra-pradesh-428,andhra-pradesh,2019,12,VIJAYAWADA,PADALA SIVA PRASAD,,480,0.04,14,forfeit,U,,10th Pass,,challenger,src-31c65dbec869
IN-PC-2008-andhra-pradesh-428,andhra-pradesh,2019,12,VIJAYAWADA,DATLA LURDU MARY,parties.IN.MPP,434,0.03,15,forfeit,U,,12th Pass,Self-employed,challenger,src-31c65dbec869
IN-PC-2008-andhra-pradesh-428,andhra-pradesh,2019,12,VIJAYAWADA,Sk. Riyaz,parties.IN.IUML,412,0.03,16,forfeit,U,,10th Pass,Self-employed,challenger,src-31c65dbec869
IN-PC-2008-andhra-pradesh-447,andhra-pradesh,2019,13,GUNTUR,Jayadev Galla,parties.IN.TDP,587918,43.5,1,won,U,,Graduate,,incumbent,src-31c65dbec869
IN-PC-2008-andhra-pradesh-447,andhra-pradesh,2019,13,GUNTUR,Modugula Venugopala Reddy,parties.IN.YSRCP,583713,43.19,2,lost,U,,Graduate Professional,,crossover,src-31c65dbec869
IN-PC-2008-andhra-pradesh-447,andhra-pradesh,2019,13,GUNTUR,Bonaboyina Srinivasa Rao (Bonaboyina Srinivasa Yadav),,129205,9.56,3,forfeit,U,,10th Pass,,challenger,src-31c65dbec869
IN-PC-2008-andhra-pradesh-447,andhra-pradesh,2019,13,GUNTUR,Shaik Mastanvali,parties.IN.INC,14205,1.05,4,forfeit,U,,Post Graduate,,challenger,src-31c65dbec869
IN-PC-2008-andhra-pradesh-447,andhra-pradesh,2019,13,GUNTUR,Jayaprakash Narayana Valluru,parties.IN.BJP,11841,0.88,5,forfeit,U,,Graduate Professional,,challenger,src-31c65dbec869
IN-PC-2008-andhra-pradesh-447,andhra-pradesh,2019,13,GUNTUR,Mannava Hariprasad,,3216,0.24,7,forfeit,U,,Graduate Professional,Lawyer,challenger,src-31c65dbec869
IN-PC-2008-andhra-pradesh-447,andhra-pradesh,2019,13,GUNTUR,Dasari Kiran Babu,parties.IN.IND,2909,0.22,8,forfeit,U,,8th Pass,,challenger,src-31c65dbec869
IN-PC-2008-andhra-pradesh-447,andhra-pradesh,2019,13,GUNTUR,Umar Basha Shaik,parties.IN.IND,2676,0.2,9,forfeit,U,,Graduate Professional,Lawyer,challenger,src-31c65dbec869
IN-PC-2008-andhra-pradesh-447,andhra-pradesh,2019,13,GUNTUR,Y. V. Suresh,parties.IN.IND,1947,0.14,10,forfeit,U,,Graduate,Self-employed,challenger,src-31c65dbec869
IN-PC-2008-andhra-pradesh-447,andhra-pradesh,2019,13,GUNTUR,Ramarao Simhadri,,1746,0.13,11,forfeit,U,,5th Pass,Real Estate or Builder or Developer or Construction,challenger,src-31c65dbec869
IN-PC-2008-andhra-pradesh-447,andhra-pradesh,2019,13,GUNTUR,Sarabandi Raju Sikhinam,,1017,0.08,12,forfeit,U,,Post Graduate,,challenger,src-31c65dbec869
IN-PC-2008-andhra-pradesh-447,andhra-pradesh,2019,13,GUNTUR,Nagaraju Ekula,parties.IN.RPIA,920,0.07,13,forfeit,U,,,,challenger,src-31c65dbec869
IN-PC-2008-andhra-pradesh-447,andhra-pradesh,2019,13,GUNTUR,Araveti Hazarath Rao,,810,0.06,14,forfeit,U,,Graduate Professional,,challenger,src-31c65dbec869
IN-PC-2008-andhra-pradesh-447,andhra-pradesh,2019,13,GUNTUR,N. J. Vidyasagar,parties.IN.VCK,641,0.05,15,forfeit,U,,Post Graduate,Journalist or Editor,challenger,src-31c65dbec869
IN-PC-2008-andhra-pradesh-447,andhra-pradesh,2019,13,GUNTUR,Doppalapudi Veera Das,parties.IN.IND,629,0.05,16,forfeit,U,,Graduate,,challenger,src-31c65dbec869
IN-PC-2008-andhra-pradesh-447,andhra-pradesh,2019,13,GUNTUR,Samudrala Chinna Kotaiah,,628,0.05,17,forfeit,U,,10th Pass,,challenger,src-31c65dbec869
IN-PC-2008-andhra-pradesh-447,andhra-pradesh,2019,13,GUNTUR,Shaik Jaleel,,563,0.04,18,forfeit,U,,5th Pass,,challenger,src-31c65dbec869
IN-PC-2008-andhra-pradesh-447,andhra-pradesh,2019,13,GUNTUR,Ullagi David Jayakumar (Dr. D J Kumar),,447,0.03,19,forfeit,U,,Doctorate,"School Teacher, Principal or Administrator",challenger,src-31c65dbec869
IN-PC-2008-andhra-pradesh-447,andhra-pradesh,2019,13,GUNTUR,Jeldi Raja Mohan,,437,0.03,20,forfeit,U,,12th Pass,,challenger,src-31c65dbec869
IN-PC-2008-andhra-pradesh-420,andhra-pradesh,2019,15,BAPATLA,NANDIGAM SURESH,parties.IN.YSRCP,598257,47.24,1,won,U,,8th Pass,,challenger,src-31c65dbec869
IN-PC-2008-andhra-pradesh-420,andhra-pradesh,2019,15,BAPATLA,MALYADRI SRIRAM,parties.IN.TDP,582192,45.97,2,lost,U,,Post Graduate,,incumbent,src-31c65dbec869
IN-PC-2008-andhra-pradesh-420,andhra-pradesh,2019,15,BAPATLA,K. DEVANAND,parties.IN.BSP,42580,3.36,3,forfeit,U,,Post Graduate,Ex Civil Service,challenger,src-31c65dbec869
IN-PC-2008-andhra-pradesh-420,andhra-pradesh,2019,15,BAPATLA,J.D. SEELAM,parties.IN.INC,13155,1.04,5,forfeit,U,,Post Graduate,,challenger,src-31c65dbec869
IN-PC-2008-andhra-pradesh-420,andhra-pradesh,2019,15,BAPATLA,CHALLAGALI KISHORE KUMAR,parties.IN.BJP,10351,0.82,6,forfeit,U,,Graduate Professional,Doctor,challenger,src-31c65dbec869
IN-PC-2008-andhra-pradesh-420,andhra-pradesh,2019,15,BAPATLA,BUSSA NAGARAJU,parties.IN.IND,1951,0.15,7,forfeit,U,,Others,Self-employed,challenger,src-31c65dbec869
IN-PC-2008-andhra-pradesh-420,andhra-pradesh,2019,15,BAPATLA,GOLLA BABURAO,parties.IN.IND,1276,0.1,8,forfeit,U,,Post Graduate,,challenger,src-31c65dbec869
IN-PC-2008-andhra-pradesh-420,andhra-pradesh,2019,15,BAPATLA,KUMAR KATTEPOGU,,885,0.07,9,forfeit,U,,5th Pass,,challenger,src-31c65dbec869
IN-PC-2008-andhra-pradesh-420,andhra-pradesh,2019,15,BAPATLA,GELLA NAGAMALLI,parties.IN.IND,655,0.05,10,forfeit,U,,Graduate Professional,Household,challenger,src-31c65dbec869
IN-PC-2008-andhra-pradesh-420,andhra-pradesh,2019,15,BAPATLA,NUTHAKKI RAMA RAO,,606,0.05,11,forfeit,U,,Post Graduate,Ex Civil Service,challenger,src-31c65dbec869
IN-PC-2008-andhra-pradesh-420,andhra-pradesh,2019,15,BAPATLA,GADDE HARI BABU,,530,0.04,12,forfeit,U,,Graduate,,challenger,src-31c65dbec869
IN-PC-2008-andhra-pradesh-420,andhra-pradesh,2019,15,BAPATLA,CHINA NAGESWARA RAO SADHU,parties.IN.MPP,466,0.04,13,forfeit,U,,Post Graduate,,challenger,src-31c65dbec869
IN-PC-2008-andhra-pradesh-420,andhra-pradesh,2019,15,BAPATLA,THUMATI RAVI,,370,0.03,14,forfeit,U,,Post Graduate,Self-employed,challenger,src-31c65dbec869
IN-PC-2008-andhra-pradesh-415,andhra-pradesh,2019,16,ONGOLE,MAGUNTA SREENIVASULU REDDY,parties.IN.YSRCP,739202,55.07,1,won,U,,Graduate,,crossover,src-31c65dbec869
IN-PC-2008-andhra-pradesh-415,andhra-pradesh,2019,16,ONGOLE,SIDDA RAGHAVA RAO,parties.IN.TDP,524351,39.06,2,lost,U,,Graduate,,challenger,src-31c65dbec869
IN-PC-2008-andhra-pradesh-415,andhra-pradesh,2019,16,ONGOLE,BELLAMKONDA SAIBABU,,29379,2.19,3,forfeit,U,,Graduate Professional,Lawyer,challenger,src-31c65dbec869
IN-PC-2008-andhra-pradesh-415,andhra-pradesh,2019,16,ONGOLE,THOGANTI SREENIVASULU,parties.IN.BJP,8229,0.61,5,forfeit,U,,Graduate Professional,,challenger,src-31c65dbec869
IN-PC-2008-andhra-pradesh-415,andhra-pradesh,2019,16,ONGOLE,DR SIRIVELLA PRASAD,parties.IN.INC,8139,0.61,6,forfeit,U,,Doctorate,,challenger,src-31c65dbec869
IN-PC-2008-andhra-pradesh-415,andhra-pradesh,2019,16,ONGOLE,MARAM SRINIVASA REDDY,,3258,0.24,7,forfeit,U,,Post Graduate,,challenger,src-31c65dbec869
IN-PC-2008-andhra-pradesh-415,andhra-pradesh,2019,16,ONGOLE,VENKATESH VEPURI,parties.IN.IND,3212,0.24,8,forfeit,U,,10th Pass,Qualified Professional,challenger,src-31c65dbec869
IN-PC-2008-andhra-pradesh-415,andhra-pradesh,2019,16,ONGOLE,MOHAN AYYAPPA,parties.IN.IND,1451,0.11,9,forfeit,U,,Post Graduate,,challenger,src-31c65dbec869
IN-PC-2008-andhra-pradesh-415,andhra-pradesh,2019,16,ONGOLE,MADHU YATTAPU,parties.IN.IND,1160,0.09,10,forfeit,U,,Graduate,,challenger,src-31c65dbec869
IN-PC-2008-andhra-pradesh-415,andhra-pradesh,2019,16,ONGOLE,VENKATESAN BABURAO,,1073,0.08,11,forfeit,U,,Graduate,,challenger,src-31c65dbec869
IN-PC-2008-andhra-pradesh-415,andhra-pradesh,2019,16,ONGOLE,KONDA PRAVEEN KUMAR,,811,0.06,12,forfeit,U,,10th Pass,,challenger,src-31c65dbec869
IN-PC-2008-andhra-pradesh-415,andhra-pradesh,2019,16,ONGOLE,BILLA CHENNAIAH,parties.IN.IND,673,0.05,13,forfeit,U,,12th Pass,,challenger,src-31c65dbec869
IN-PC-2008-andhra-pradesh-415,andhra-pradesh,2019,16,ONGOLE,KAVURI VENU BABU NAIDU,parties.IN.IND,565,0.04,14,forfeit,U,,10th Pass,,challenger,src-31c65dbec869
IN-PC-2008-andhra-pradesh-436,andhra-pradesh,2019,17,NANDYAL,POCHA . BRAHMANANDA REDDY,parties.IN.YSRCP,720888,55.49,1,won,U,,Post Graduate,Agricultural Business,challenger,src-31c65dbec869
IN-PC-2008-andhra-pradesh-436,andhra-pradesh,2019,17,NANDYAL,MANDRA SIVANANDA REDDY,parties.IN.TDP,470769,36.24,2,lost,U,,Graduate Professional,Real Estate or Builder or Developer or Construction,challenger,src-31c65dbec869
IN-PC-2008-andhra-pradesh-436,andhra-pradesh,2019,17,NANDYAL,S.P.Y. REDDY,,38871,2.99,3,forfeit,U,,Graduate,Industrialist,incumbent,src-31c65dbec869
IN-PC-2008-andhra-pradesh-436,andhra-pradesh,2019,17,NANDYAL,JANGITE LAKSHMI NARASIMHA YADAV,parties.IN.INC,14420,1.11,4,forfeit,U,,Post Graduate,College Professor or Lecturer,challenger,src-31c65dbec869
IN-PC-2008-andhra-pradesh-436,andhra-pradesh,2019,17,NANDYAL,ADINARAYANA INTY,parties.IN.BJP,9066,0.7,6,forfeit,U,,Post Graduate,Doctor,challenger,src-31c65dbec869
IN-PC-2008-andhra-pradesh-436,andhra-pradesh,2019,17,NANDYAL,POLURU GURUVAIAH,parties.IN.IND,6099,0.47,7,forfeit,U,,Illiterate,,challenger,src-31c65dbec869
IN-PC-2008-andhra-pradesh-436,andhra-pradesh,2019,17,NANDYAL,BHUMA KISHOR REDDY,parties.IN.IND,4852,0.37,8,forfeit,U,,10th Pass,,challenger,src-31c65dbec869
IN-PC-2008-andhra-pradesh-436,andhra-pradesh,2019,17,NANDYAL,JESTADI SUDHAKAR,parties.IN.IND,4542,0.35,9,forfeit,U,,10th Pass,,challenger,src-31c65dbec869
IN-PC-2008-andhra-pradesh-436,andhra-pradesh,2019,17,NANDYAL,D. P. JAMAL BASHA.,,4089,0.31,10,forfeit,U,,10th Pass,Journalist or Editor,challenger,src-31c65dbec869
IN-PC-2008-andhra-pradesh-436,andhra-pradesh,2019,17,NANDYAL,I.V. PAKKIR REDDY,parties.IN.IND,3103,0.24,11,forfeit,U,,Graduate,,challenger,src-31c65dbec869
IN-PC-2008-andhra-pradesh-436,andhra-pradesh,2019,17,NANDYAL,B.C. RAMANATHA REDDY,parties.IN.IND,2543,0.2,12,forfeit,U,,Graduate,,challenger,src-31c65dbec869
IN-PC-2008-andhra-pradesh-436,andhra-pradesh,2019,17,NANDYAL,VANGALA PARAMESWARA REDDY.,parties.IN.IND,2382,0.18,13,forfeit,U,,10th Pass,,challenger,src-31c65dbec869
IN-PC-2008-andhra-pradesh-436,andhra-pradesh,2019,17,NANDYAL,C. SURENDRA NATH REDDY,parties.IN.IND,1708,0.13,14,forfeit,U,,12th Pass,,challenger,src-31c65dbec869
IN-PC-2008-andhra-pradesh-436,andhra-pradesh,2019,17,NANDYAL,Dr. LAKSHMI KANTHA REDDY CHITLA,parties.IN.IND,1429,0.11,15,forfeit,U,,Doctorate,Home Teacher or Tuition,challenger,src-31c65dbec869
IN-PC-2008-andhra-pradesh-436,andhra-pradesh,2019,17,NANDYAL,PULA. NAGAMADDILETY,parties.IN.ANC,937,0.07,16,forfeit,U,,10th Pass,,challenger,src-31c65dbec869
IN-PC-2008-andhra-pradesh-436,andhra-pradesh,2019,17,NANDYAL,S. A. INDUMATHI,parties.IN.IND,847,0.07,17,forfeit,U,,Graduate Professional,Lawyer,challenger,src-31c65dbec869
IN-PC-2008-andhra-pradesh-436,andhra-pradesh,2019,17,NANDYAL,K.P. KAMBAGIRISWAMY.,parties.IN.IND,767,0.06,18,forfeit,U,,10th Pass,,challenger,src-31c65dbec869
IN-PC-2008-andhra-pradesh-436,andhra-pradesh,2019,17,NANDYAL,RUDDIREDDY RADHAKRISHNA,parties.IN.AIFB,673,0.05,19,forfeit,U,,Others,,challenger,src-31c65dbec869
IN-PC-2008-andhra-pradesh-436,andhra-pradesh,2019,17,NANDYAL,ELLURI. BHUPAL.,parties.IN.IND,668,0.05,20,forfeit,U,,Graduate,,challenger,src-31c65dbec869
IN-PC-2008-andhra-pradesh-436,andhra-pradesh,2019,17,NANDYAL,D. MAHAMMAD RAFI .,,649,0.05,21,forfeit,U,,10th Pass,Self-employed,challenger,src-31c65dbec869
IN-PC-2008-andhra-pradesh-440,andhra-pradesh,2019,18,KURNOOL,AYUSHMAN DOCTOR SANJEEV KUMAR,parties.IN.YSRCP,605462,50.95,1,won,U,,Post Graduate,Doctor,challenger,src-31c65dbec869
IN-PC-2008-andhra-pradesh-440,andhra-pradesh,2019,18,KURNOOL,KOTLA JAYA SURYA PRAKASH REDDY,parties.IN.TDP,456395,38.41,2,lost,U,,Graduate,Ex MP,crossover,src-31c65dbec869
IN-PC-2008-andhra-pradesh-440,andhra-pradesh,2019,18,KURNOOL,AHMED ALI KHAN,parties.IN.INC,36500,3.07,3,forfeit,U,,12th Pass,,challenger,src-31c65dbec869
IN-PC-2008-andhra-pradesh-440,andhra-pradesh,2019,18,KURNOOL,Dr. PARTHASARATHI VALMIKI,parties.IN.BJP,24418,2.05,4,forfeit,U,,Post Graduate,Doctor,challenger,src-31c65dbec869
IN-PC-2008-andhra-pradesh-440,andhra-pradesh,2019,18,KURNOOL,K. PRABHAKARA REDDY,,19065,1.6,5,forfeit,U,,Graduate Professional,,challenger,src-31c65dbec869
IN-PC-2008-andhra-pradesh-440,andhra-pradesh,2019,18,KURNOOL,T. BEECHUPALLY,parties.IN.IND,9807,0.83,6,forfeit,U,,Graduate,Auto-rickshaw Driver,challenger,src-31c65dbec869
IN-PC-2008-andhra-pradesh-440,andhra-pradesh,2019,18,KURNOOL,ABDUL WARIS,parties.IN.SDPI,7293,0.61,8,forfeit,U,,8th Pass,,challenger,src-31c65dbec869
IN-PC-2008-andhra-pradesh-440,andhra-pradesh,2019,18,KURNOOL,SRIHARI. P. V.,parties.IN.IND,6577,0.55,9,forfeit,U,,Doctorate,Engineer,challenger,src-31c65dbec869
IN-PC-2008-andhra-pradesh-440,andhra-pradesh,2019,18,KURNOOL,DANDU SESHU YADAV,parties.IN.SP,3282,0.28,10,forfeit,U,,Graduate Professional,Lawyer,challenger,src-31c65dbec869
IN-PC-2008-andhra-pradesh-440,andhra-pradesh,2019,18,KURNOOL,BALIJA. SHIVA KUMAR,parties.IN.IND,2751,0.23,11,forfeit,U,,,,challenger,src-31c65dbec869
IN-PC-2008-andhra-pradesh-440,andhra-pradesh,2019,18,KURNOOL,G Sanjeeva Kumar,parties.IN.SMFB,2107,0.18,12,forfeit,U,,10th Pass,Auto-rickshaw Driver,challenger,src-31c65dbec869
IN-PC-2008-andhra-pradesh-440,andhra-pradesh,2019,18,KURNOOL,DEVARAPOGU MADDILETY,parties.IN.IND,1702,0.14,13,forfeit,U,,10th Pass,,challenger,src-31c65dbec869
IN-PC-2008-andhra-pradesh-440,andhra-pradesh,2019,18,KURNOOL,H. THOMAS,parties.IN.IND,1506,0.13,14,forfeit,U,,10th Pass,,challenger,src-31c65dbec869
IN-PC-2008-andhra-pradesh-440,andhra-pradesh,2019,18,KURNOOL,M. NAGANNA,,1285,0.11,15,forfeit,U,,Illiterate,,challenger,src-31c65dbec869
IN-PC-2008-andhra-pradesh-440,andhra-pradesh,2019,18,KURNOOL,KASULA RAJASEKHAR,,1231,0.1,16,forfeit,U,,10th Pass,,challenger,src-31c65dbec869
IN-PC-2008-andhra-pradesh-440,andhra-pradesh,2019,18,KURNOOL,S.MD. SHAFATH,,1229,0.1,17,forfeit,U,,Graduate Professional,Lawyer,challenger,src-31c65dbec869
IN-PC-2008-andhra-pradesh-438,andhra-pradesh,2019,19,ANANTAPUR,TALARI RANGAIAH,parties.IN.YSRCP,695208,51.79,1,won,U,,Doctorate,Ex Govt Employee,challenger,src-31c65dbec869
IN-PC-2008-andhra-pradesh-438,andhra-pradesh,2019,19,ANANTAPUR,J.C. PAVAN REDDY,parties.IN.TDP,553780,41.26,2,lost,U,,Graduate,,challenger,src-31c65dbec869
IN-PC-2008-andhra-pradesh-438,andhra-pradesh,2019,19,ANANTAPUR,K.RAJIV REDDY,parties.IN.INC,30079,2.24,3,forfeit,U,,Graduate Professional,Doctor,challenger,src-31c65dbec869
IN-PC-2008-andhra-pradesh-438,andhra-pradesh,2019,19,ANANTAPUR,D.JAGADEESH,parties.IN.CPI,20294,1.51,4,forfeit,U,,8th Pass,,challenger,src-31c65dbec869
IN-PC-2008-andhra-pradesh-438,andhra-pradesh,2019,19,ANANTAPUR,HAMSA DEVINENI,parties.IN.BJP,7604,0.57,6,forfeit,U,,Post Graduate,Lawyer,challenger,src-31c65dbec869
IN-PC-2008-andhra-pradesh-438,andhra-pradesh,2019,19,ANANTAPUR,S.V.P. YADAV,parties.IN.IND,4398,0.33,7,forfeit,U,,Post Graduate,Lawyer,challenger,src-31c65dbec869
IN-PC-2008-andhra-pradesh-438,andhra-pradesh,2019,19,ANANTAPUR,P. RANGAIAH,parties.IN.IND,3588,0.27,8,forfeit,U,,8th Pass,,challenger,src-31c65dbec869
IN-PC-2008-andhra-pradesh-438,andhra-pradesh,2019,19,ANANTAPUR,SOMANATH DESHMUKH,parties.IN.IND,3237,0.24,9,forfeit,U,,10th Pass,,challenger,src-31c65dbec869
IN-PC-2008-andhra-pradesh-438,andhra-pradesh,2019,19,ANANTAPUR,VADDE KASINATH,parties.IN.IND,2066,0.15,10,forfeit,U,,Others,,challenger,src-31c65dbec869
IN-PC-2008-andhra-pradesh-438,andhra-pradesh,2019,19,ANANTAPUR,L. RANGAIAH,parties.IN.IND,1691,0.13,11,forfeit,U,,5th Pass,,challenger,src-31c65dbec869
IN-PC-2008-andhra-pradesh-438,andhra-pradesh,2019,19,ANANTAPUR,P.RADHA KRISHNA,,1220,0.09,12,forfeit,U,,Graduate,,challenger,src-31c65dbec869
IN-PC-2008-andhra-pradesh-438,andhra-pradesh,2019,19,ANANTAPUR,M.VENKATESULU,,1048,0.08,13,forfeit,U,,10th Pass,,challenger,src-31c65dbec869
IN-PC-2008-andhra-pradesh-438,andhra-pradesh,2019,19,ANANTAPUR,G. LALITHA,,899,0.07,14,forfeit,U,,Graduate,,challenger,src-31c65dbec869
IN-PC-2008-andhra-pradesh-438,andhra-pradesh,2019,19,ANANTAPUR,GADIDAMA RANGANAYAKULU,,728,0.05,15,forfeit,U,,Post Graduate,Lawyer,challenger,src-31c65dbec869
IN-PC-2008-andhra-pradesh-446,andhra-pradesh,2019,20,HINDUPUR,KURUVA GORANTLA MADHAV,parties.IN.YSRCP,706602,52.79,1,won,U,,Graduate,,challenger,src-31c65dbec869
IN-PC-2008-andhra-pradesh-446,andhra-pradesh,2019,20,HINDUPUR,KRISTAPPA . NIMMALA,parties.IN.TDP,565854,42.27,2,lost,U,,Graduate,,incumbent,src-31c65dbec869
IN-PC-2008-andhra-pradesh-446,andhra-pradesh,2019,20,HINDUPUR,KAMAGANAHALLI THIPPESWAMY SREEDHAR (K.T.SREEDHAR),parties.IN.INC,27156,2.03,3,forfeit,U,,Post Graduate,,challenger,src-31c65dbec869
IN-PC-2008-andhra-pradesh-446,andhra-pradesh,2019,20,HINDUPUR,MITTA PARTHASARATHI,parties.IN.BJP,13805,1.03,5,forfeit,U,,Graduate,Real Estate or Builder or Developer or Construction,challenger,src-31c65dbec869
IN-PC-2008-andhra-pradesh-446,andhra-pradesh,2019,20,HINDUPUR,Ramamohan D.G.,parties.IN.IND,2231,0.17,6,forfeit,U,,12th Pass,,challenger,src-31c65dbec869
IN-PC-2008-andhra-pradesh-446,andhra-pradesh,2019,20,HINDUPUR,GOGULA PULAKUNTA JAYANTH,parties.IN.IND,1582,0.12,7,forfeit,U,,Graduate,Lawyer,challenger,src-31c65dbec869
IN-PC-2008-andhra-pradesh-446,andhra-pradesh,2019,20,HINDUPUR,Mugi Surya Prakash,parties.IN.IND,1316,0.1,8,forfeit,U,,Graduate,,challenger,src-31c65dbec869
IN-PC-2008-andhra-pradesh-446,andhra-pradesh,2019,20,HINDUPUR,Ram Mohan Singamneni,,1313,0.1,9,forfeit,U,,10th Pass,,challenger,src-31c65dbec869
IN-PC-2008-andhra-pradesh-446,andhra-pradesh,2019,20,HINDUPUR,S.R.Anjaneyulu,parties.IN.IND,1227,0.09,10,forfeit,U,,Post Graduate,"Lawyer, Journalist or Editor",challenger,src-31c65dbec869
IN-PC-2008-andhra-pradesh-418,andhra-pradesh,2019,21,KADAPA,Y.S.Avinash Reddy,parties.IN.YSRCP,783499,63.79,1,won,U,,Post Graduate,,incumbent,src-31c65dbec869
IN-PC-2008-andhra-pradesh-418,andhra-pradesh,2019,21,KADAPA,Adi Narayana Reddy Chadipirala,parties.IN.TDP,402773,32.79,2,lost,U,,Post Graduate,,crossover,src-31c65dbec869
IN-PC-2008-andhra-pradesh-418,andhra-pradesh,2019,21,KADAPA,Gundlakunta Sreeramulu,parties.IN.INC,8341,0.68,4,forfeit,U,,12th Pass,,challenger,src-31c65dbec869
IN-PC-2008-andhra-pradesh-418,andhra-pradesh,2019,21,KADAPA,Gujjula Eswaraiah,parties.IN.CPI,6242,0.51,5,forfeit,U,,Post Graduate,,challenger,src-31c65dbec869
IN-PC-2008-andhra-pradesh-418,andhra-pradesh,2019,21,KADAPA,Sri Rama Chandra Singareddy,parties.IN.BJP,4085,0.33,6,forfeit,U,,Graduate,,challenger,src-31c65dbec869
IN-PC-2008-andhra-pradesh-418,andhra-pradesh,2019,21,KADAPA,R. Venu Gopal,parties.IN.IND,1748,0.14,7,forfeit,U,,,,challenger,src-31c65dbec869
IN-PC-2008-andhra-pradesh-418,andhra-pradesh,2019,21,KADAPA,Anna Siva Chandra Reddy,,1422,0.12,8,forfeit,U,,,,challenger,src-31c65dbec869
IN-PC-2008-andhra-pradesh-418,andhra-pradesh,2019,21,KADAPA,Gona Purushottam Reddy,parties.IN.IND,1134,0.09,9,forfeit,U,,Graduate,Contractor,challenger,src-31c65dbec869
IN-PC-2008-andhra-pradesh-418,andhra-pradesh,2019,21,KADAPA,P. S. S. Reddy,parties.IN.IND,865,0.07,10,forfeit,U,,,,challenger,src-31c65dbec869
IN-PC-2008-andhra-pradesh-418,andhra-pradesh,2019,21,KADAPA,Nyamatulla Shaik,parties.IN.IND,759,0.06,11,forfeit,U,,Graduate,,challenger,src-31c65dbec869
IN-PC-2008-andhra-pradesh-418,andhra-pradesh,2019,21,KADAPA,Pedakala Varalakshmi,,716,0.06,12,forfeit,U,,Graduate Professional,Household,challenger,src-31c65dbec869
IN-PC-2008-andhra-pradesh-418,andhra-pradesh,2019,21,KADAPA,Jakku Chenna Krishna Reddy,parties.IN.IND,579,0.05,13,forfeit,U,,10th Pass,,challenger,src-31c65dbec869
IN-PC-2008-andhra-pradesh-418,andhra-pradesh,2019,21,KADAPA,Ameen Peeran,parties.IN.ANC,573,0.05,14,forfeit,U,,Post Graduate,Lawyer,challenger,src-31c65dbec869
IN-PC-2008-andhra-pradesh-418,andhra-pradesh,2019,21,KADAPA,C S N Reddy,,446,0.04,15,forfeit,U,,Others,Contractor,challenger,src-31c65dbec869
IN-PC-2008-andhra-pradesh-418,andhra-pradesh,2019,21,KADAPA,Putha Lakshmi Reddy,,368,0.03,16,forfeit,U,,Graduate Professional,,challenger,src-31c65dbec869
IN-PC-2008-andhra-pradesh-443,andhra-pradesh,2019,22,NELLORE,Adala Prabhakara Reddy,parties.IN.YSRCP,683830,53.13,1,won,U,,12th Pass,,crossover,src-31c65dbec869
IN-PC-2008-andhra-pradesh-443,andhra-pradesh,2019,22,NELLORE,Beeda Masthan Rao,parties.IN.TDP,535259,41.59,2,lost,U,,Graduate,,challenger,src-31c65dbec869
IN-PC-2008-andhra-pradesh-443,andhra-pradesh,2019,22,NELLORE,Chandra Rajagopal,,18830,1.46,3,forfeit,U,,10th Pass,,challenger,src-31c65dbec869
IN-PC-2008-andhra-pradesh-443,andhra-pradesh,2019,22,NELLORE,Sannapureddy Suresh Reddy,parties.IN.BJP,12513,0.97,5,forfeit,U,,Graduate,,challenger,src-31c65dbec869
IN-PC-2008-andhra-pradesh-443,andhra-pradesh,2019,22,NELLORE,Chevuru Devakumar Reddy,parties.IN.INC,10021,0.78,6,forfeit,U,,12th Pass,,challenger,src-31c65dbec869
IN-PC-2008-andhra-pradesh-443,andhra-pradesh,2019,22,NELLORE,Narasapuram Prasad,parties.IN.IND,2399,0.19,7,forfeit,U,,Others,Doctor,challenger,src-31c65dbec869
IN-PC-2008-andhra-pradesh-443,andhra-pradesh,2019,22,NELLORE,Dr. S. Suresh Babu,parties.IN.IND,1482,0.12,8,forfeit,U,,Doctorate,,challenger,src-31c65dbec869
IN-PC-2008-andhra-pradesh-443,andhra-pradesh,2019,22,NELLORE,Shaik Mahaboob Basha (Mabu),parties.IN.RPIA,1319,0.1,9,forfeit,U,,Graduate Professional,,challenger,src-31c65dbec869
IN-PC-2008-andhra-pradesh-443,andhra-pradesh,2019,22,NELLORE,Butti Nagaraju,parties.IN.IND,1101,0.09,10,forfeit,U,,Post Graduate,,challenger,src-31c65dbec869
IN-PC-2008-andhra-pradesh-443,andhra-pradesh,2019,22,NELLORE,Sukapalli Naveen,parties.IN.IND,1014,0.08,11,forfeit,U,,,,challenger,src-31c65dbec869
IN-PC-2008-andhra-pradesh-443,andhra-pradesh,2019,22,NELLORE,Chinni Venkateswarlu,,841,0.07,12,forfeit,U,,Literate,Self-employed,challenger,src-31c65dbec869
IN-PC-2008-andhra-pradesh-443,andhra-pradesh,2019,22,NELLORE,Kankanala Penchala Naidu,parties.IN.IND,668,0.05,13,forfeit,U,,8th Pass,,challenger,src-31c65dbec869
IN-PC-2008-andhra-pradesh-443,andhra-pradesh,2019,22,NELLORE,Meda Malla Reddy,parties.IN.IND,598,0.05,14,forfeit,U,,5th Pass,,challenger,src-31c65dbec869
IN-PC-2008-andhra-pradesh-421,andhra-pradesh,2019,24,RAJAMPET,P.V.MIDHUN REDDY,parties.IN.YSRCP,702211,57.35,1,won,U,,Post Graduate,MP,incumbent,src-31c65dbec869
IN-PC-2008-andhra-pradesh-421,andhra-pradesh,2019,24,RAJAMPET,D A SATHYA PRABHA,parties.IN.TDP,433927,35.44,2,lost,U,,12th Pass,,challenger,src-31c65dbec869
IN-PC-2008-andhra-pradesh-421,andhra-pradesh,2019,24,RAJAMPET,SYED MUKARRAM,,33986,2.78,3,forfeit,U,,10th Pass,Self-employed,challenger,src-31c65dbec869
IN-PC-2008-andhra-pradesh-421,andhra-pradesh,2019,24,RAJAMPET,M.SHAJAHAN BASHA (JAHA),parties.IN.INC,21150,1.73,5,forfeit,U,,10th Pass,Transport,challenger,src-31c65dbec869
IN-PC-2008-andhra-pradesh-421,andhra-pradesh,2019,24,RAJAMPET,PASUPULETI VENKATARAMANA ROYAL,parties.IN.IND,3821,0.31,6,forfeit,U,,,,challenger,src-31c65dbec869
IN-PC-2008-andhra-pradesh-421,andhra-pradesh,2019,24,RAJAMPET,ASADI. VENKATADRI,parties.IN.RKSP,3460,0.28,7,forfeit,U,,12th Pass,Doctor,challenger,src-31c65dbec869
IN-PC-2008-andhra-pradesh-421,andhra-pradesh,2019,24,RAJAMPET,NARESH KUMAR POOJALA,parties.IN.IND,1768,0.14,8,forfeit,U,,Others,Accountant,challenger,src-31c65dbec869
IN-PC-2008-andhra-pradesh-421,andhra-pradesh,2019,24,RAJAMPET,KHADER VALI SHAIK,parties.IN.IUML,1557,0.13,9,forfeit,U,,10th Pass,Transport,challenger,src-31c65dbec869
IN-PC-2008-andhra-pradesh-421,andhra-pradesh,2019,24,RAJAMPET,KARIMULLA KHAN PATTAN,,1135,0.09,10,forfeit,U,,Post Graduate,,challenger,src-31c65dbec869
IN-PC-2008-andhra-pradesh-413,andhra-pradesh,2019,25,CHITTOOR,N. REDDEPPA,parties.IN.YSRCP,686792,52.05,1,won,U,,Post Graduate,Lawyer,challenger,src-31c65dbec869
IN-PC-2008-andhra-pradesh-413,andhra-pradesh,2019,25,CHITTOOR,NARAMALLI SIVA PRASAD,parties.IN.TDP,549521,41.65,2,lost,U,,Graduate Professional,,incumbent,src-31c65dbec869
IN-PC-2008-andhra-pradesh-413,andhra-pradesh,2019,25,CHITTOOR,CHEEMALA. RANGAPPA,parties.IN.INC,24643,1.87,3,forfeit,U,,Graduate Professional,,challenger,src-31c65dbec869
IN-PC-2008-andhra-pradesh-413,andhra-pradesh,2019,25,CHITTOOR,C. PUNYAMURTHY,parties.IN.BSP,20062,1.52,5,forfeit,U,,Others,,challenger,src-31c65dbec869
IN-PC-2008-andhra-pradesh-413,andhra-pradesh,2019,25,CHITTOOR,JAYARAM DUGGANI,parties.IN.BJP,10496,0.8,6,forfeit,U,,Graduate,Ex Govt Employee,challenger,src-31c65dbec869
IN-PC-2008-andhra-pradesh-413,andhra-pradesh,2019,25,CHITTOOR,PALLIPATTU. ABHINAV VISHNU,parties.IN.MPP,3445,0.26,7,forfeit,U,,Graduate Professional,Lawyer,challenger,src-31c65dbec869
IN-PC-2008-andhra-pradesh-413,andhra-pradesh,2019,25,CHITTOOR,A. HEMANTH,parties.IN.IND,2094,0.16,8,forfeit,U,,5th Pass,,challenger,src-31c65dbec869
IN-PC-2008-andhra-pradesh-413,andhra-pradesh,2019,25,CHITTOOR,P. RAMACHANDRAN,parties.IN.IND,1863,0.14,9,forfeit,U,,Graduate Professional,Journalist or Editor,challenger,src-31c65dbec869
IN-PC-2008-arunachal-pradesh-194,arunachal-pradesh,2019,1,ARUNACHAL WEST,KIREN RIJIJU,parties.IN.BJP,225796,63.02,1,won,U,,Graduate Professional,,incumbent,src-31c65dbec869
IN-PC-2008-arunachal-pradesh-194,arunachal-pradesh,2019,1,ARUNACHAL WEST,NABAM TUKI,parties.IN.INC,50953,14.22,2,forfeit,U,,Graduate,,challenger,src-31c65dbec869
IN-PC-2008-arunachal-pradesh-194,arunachal-pradesh,2019,1,ARUNACHAL WEST,JARJUM ETE,parties.IN.JDS,43920,12.26,3,forfeit,U,,Post Graduate,,challenger,src-31c65dbec869
IN-PC-2008-arunachal-pradesh-194,arunachal-pradesh,2019,1,ARUNACHAL WEST,KHYODA APIK,,27119,7.57,4,forfeit,U,,12th Pass,,challenger,src-31c65dbec869
IN-PC-2008-arunachal-pradesh-194,arunachal-pradesh,2019,1,ARUNACHAL WEST,SUBU KECHI,parties.IN.PPA,4766,1.33,5,forfeit,U,,Graduate Professional,Lawyer,challenger,src-31c65dbec869
IN-PC-2008-arunachal-pradesh-194,arunachal-pradesh,2019,1,ARUNACHAL WEST,RUMAK JOMOH,parties.IN.IND,1946,0.54,6,forfeit,U,,Graduate Professional,,challenger,src-31c65dbec869
IN-PC-2008-arunachal-pradesh-194,arunachal-pradesh,2019,1,ARUNACHAL WEST,JOMIN NYOKIR KARA,parties.IN.AIFB,1921,0.54,7,forfeit,U,,,,challenger,src-31c65dbec869
IN-PC-2008-arunachal-pradesh-193,arunachal-pradesh,2019,2,ARUNACHAL EAST,Tapir Gao,parties.IN.BJP,153883,52.38,1,won,U,,Post Graduate,Party Worker,challenger,src-31c65dbec869
IN-PC-2008-arunachal-pradesh-193,arunachal-pradesh,2019,2,ARUNACHAL EAST,Lowangcha Wanglat,parties.IN.INC,83935,28.57,2,lost,U,,Graduate,,crossover,src-31c65dbec869
IN-PC-2008-arunachal-pradesh-193,arunachal-pradesh,2019,2,ARUNACHAL EAST,Mongol Yomso,parties.IN.PPA,22937,7.81,3,forfeit,U,,12th Pass,,challenger,src-31c65dbec869
IN-PC-2008-arunachal-pradesh-193,arunachal-pradesh,2019,2,ARUNACHAL EAST,Bandey Mili,parties.IN.JDS,15958,5.43,4,forfeit,U,,12th Pass,,challenger,src-31c65dbec869
IN-PC-2008-arunachal-pradesh-193,arunachal-pradesh,2019,2,ARUNACHAL EAST,C. C. Singpho,parties.IN.IND,11493,3.91,5,forfeit,U,,Graduate,Party Worker,challenger,src-31c65dbec869
IN-PC-2008-assam-210,assam,2019,1,KARIMGANJ,KRIPANATH MALLAH,parties.IN.BJP,473046,44.62,1,won,U,,Graduate,,challenger,src-31c65dbec869
IN-PC-2008-assam-210,assam,2019,1,KARIMGANJ,RADHESHYAM BISWAS,parties.IN.AIUDF,434657,41,2,lost,U,,12th Pass,Rent,incumbent,src-31c65dbec869
IN-PC-2008-assam-210,assam,2019,1,KARIMGANJ,SWARUP DAS,parties.IN.INC,120452,11.36,3,forfeit,U,,Graduate,,challenger,src-31c65dbec869
IN-PC-2008-assam-210,assam,2019,1,KARIMGANJ,CHANDAN DAS,parties.IN.AITC,4870,0.46,5,forfeit,U,,12th Pass,Self-employed,challenger,src-31c65dbec869
IN-PC-2008-assam-210,assam,2019,1,KARIMGANJ,SATYAJIT DAS,parties.IN.IND,2988,0.28,6,forfeit,U,,10th Pass,,challenger,src-31c65dbec869
IN-PC-2008-assam-210,assam,2019,1,KARIMGANJ,HARILAL RABIDAS,parties.IN.IND,2822,0.27,7,forfeit,U,,,,challenger,src-31c65dbec869
IN-PC-2008-assam-210,assam,2019,1,KARIMGANJ,PARIKSHIT ROY,parties.IN.IND,2765,0.26,8,forfeit,U,,10th Pass,Self-employed,challenger,src-31c65dbec869
IN-PC-2008-assam-210,assam,2019,1,KARIMGANJ,NIKHIL RANJAN DAS,parties.IN.HND,2519,0.24,9,forfeit,U,,10th Pass,,challenger,src-31c65dbec869
IN-PC-2008-assam-210,assam,2019,1,KARIMGANJ,RAJU DAS,parties.IN.IND,2111,0.2,10,forfeit,U,,Graduate,,challenger,src-31c65dbec869
IN-PC-2008-assam-210,assam,2019,1,KARIMGANJ,RAMNARAYAN SUKLABAIDYA,parties.IN.IND,1795,0.17,11,forfeit,U,,5th Pass,,challenger,src-31c65dbec869
IN-PC-2008-assam-210,assam,2019,1,KARIMGANJ,RABINDRA CHANDRA DAS,parties.IN.IND,1719,0.16,12,forfeit,U,,8th Pass,,challenger,src-31c65dbec869
IN-PC-2008-assam-210,assam,2019,1,KARIMGANJ,AJOY KUMAR SARKAR,parties.IN.AIFB,1538,0.15,13,forfeit,U,,12th Pass,,challenger,src-31c65dbec869
IN-PC-2008-assam-210,assam,2019,1,KARIMGANJ,PROBASH CHANDRA SARKAR,,1166,0.11,14,forfeit,U,,12th Pass,Medical Professional,challenger,src-31c65dbec869
IN-PC-2008-assam-210,assam,2019,1,KARIMGANJ,ANUPAM SINGHA,parties.IN.IND,1069,0.1,15,forfeit,U,,12th Pass,,challenger,src-31c65dbec869
IN-PC-2008-assam-215,assam,2019,2,SILCHAR,RAJDEEP ROY,parties.IN.BJP,499414,52.59,1,won,U,,Post Graduate,Doctor,challenger,src-31c65dbec869
IN-PC-2008-assam-215,assam,2019,2,SILCHAR,SUSHMITA DEV,parties.IN.INC,417818,43.99,2,lost,U,,Post Graduate,Lawyer,incumbent,src-31c65dbec869
IN-PC-2008-assam-215,assam,2019,2,SILCHAR,NAZIA YASMIN MAZUMDAR,,5693,0.6,4,forfeit,U,,Graduate Professional,,challenger,src-31c65dbec869
IN-PC-2008-assam-215,assam,2019,2,SILCHAR,Sabindra Das,parties.IN.IND,3985,0.42,5,forfeit,U,,Literate,,challenger,src-31c65dbec869
IN-PC-2008-assam-215,assam,2019,2,SILCHAR,HITABRATA ROY,parties.IN.AITC,3514,0.37,6,forfeit,U,,Graduate Professional,,challenger,src-31c65dbec869
IN-PC-2008-assam-215,assam,2019,2,SILCHAR,Nazmul Haque Laskar,parties.IN.IND,1820,0.19,7,forfeit,U,,10th Pass,,challenger,src-31c65dbec869
IN-PC-2008-assam-215,assam,2019,2,SILCHAR,Mohendra Chandra Das,parties.IN.IND,1655,0.17,8,forfeit,U,,8th Pass,,challenger,src-31c65dbec869
IN-PC-2008-assam-215,assam,2019,2,SILCHAR,Shuvadip Datta,parties.IN.IND,1535,0.16,9,forfeit,U,,12th Pass,Self-employed,challenger,src-31c65dbec869
IN-PC-2008-assam-215,assam,2019,2,SILCHAR,Ashutosh Bhattacharjee,parties.IN.IND,1507,0.16,10,forfeit,U,,10th Pass,,challenger,src-31c65dbec869
IN-PC-2008-assam-215,assam,2019,2,SILCHAR,Puran Lal Goala,parties.IN.IND,1460,0.15,11,forfeit,U,,10th Pass,,challenger,src-31c65dbec869
IN-PC-2008-assam-215,assam,2019,2,SILCHAR,Shyam Deo Kurmi,,1095,0.12,12,forfeit,U,,Post Graduate,,challenger,src-31c65dbec869
IN-PC-2008-assam-215,assam,2019,2,SILCHAR,Badrul Islam Barbhuiya,parties.IN.AIFB,840,0.09,13,forfeit,U,,Graduate,Ex Military,challenger,src-31c65dbec869
IN-PC-2008-assam-215,assam,2019,2,SILCHAR,Ashitava Dutta,parties.IN.IND,813,0.09,14,forfeit,U,,Post Graduate,Qualified Professional,challenger,src-31c65dbec869
IN-PC-2008-assam-203,assam,2019,3,AUTONOMOUS DISTRICT,HOREN SING BEY,parties.IN.BJP,381316,61.73,1,won,U,,Graduate,Managerial Position,challenger,src-31c65dbec869
IN-PC-2008-assam-203,assam,2019,3,AUTONOMOUS DISTRICT,BIREN SINGH ENGTI,parties.IN.INC,141690,22.94,2,lost,U,,Post Graduate,Ex MP,incumbent,src-31c65dbec869
IN-PC-2008-assam-203,assam,2019,3,AUTONOMOUS DISTRICT,JONES INGTI KATHAR,parties.IN.IND,39583,6.41,3,forfeit,U,,,,challenger,src-31c65dbec869
IN-PC-2008-assam-203,assam,2019,3,AUTONOMOUS DISTRICT,HOLIRAM TERANG,,36915,5.98,4,forfeit,U,,Graduate,Ex MLA,challenger,src-31c65dbec869
IN-PC-2008-assam-203,assam,2019,3,AUTONOMOUS DISTRICT,LIENKHOCHON,,10037,1.62,5,forfeit,U,,8th Pass,,challenger,src-31c65dbec869
IN-PC-2008-assam-205,assam,2019,4,DHUBRI,BADRUDDIN AJMAL,parties.IN.AIUDF,718764,42.66,1,won,U,,Post Graduate,,incumbent,src-31c65dbec869
IN-PC-2008-assam-205,assam,2019,4,DHUBRI,ABU TAHER BEPARI,parties.IN.INC,492506,29.23,2,lost,U,,Post Graduate,,challenger,src-31c65dbec869
IN-PC-2008-assam-205,assam,2019,4,DHUBRI,ZABED ISLAM,parties.IN.AGP,399733,23.72,3,lost,U,,Graduate,Ex MLA,challenger,src-31c65dbec869
IN-PC-2008-assam-205,assam,2019,4,DHUBRI,NURUL ISLAM CHOUDHURY,parties.IN.AITC,12895,0.77,4,forfeit,U,,Graduate Professional,Lawyer,challenger,src-31c65dbec869
IN-PC-2008-assam-205,assam,2019,4,DHUBRI,ALAKESH ROY,parties.IN.HND,7780,0.46,6,forfeit,U,,Graduate,,challenger,src-31c65dbec869
IN-PC-2008-assam-205,assam,2019,4,DHUBRI,SHUKUR ALI,parties.IN.IND,7774,0.46,7,forfeit,U,,12th Pass,,challenger,src-31c65dbec869
IN-PC-2008-assam-205,assam,2019,4,DHUBRI,SHAJAHAN SHEIKH,,5628,0.33,8,forfeit,U,,Post Graduate,Advocacy,challenger,src-31c65dbec869
IN-PC-2008-assam-205,assam,2019,4,DHUBRI,ANAMIKA SARKAR,parties.IN.IND,5589,0.33,9,forfeit,U,,Post Graduate,,challenger,src-31c65dbec869
IN-PC-2008-assam-205,assam,2019,4,DHUBRI,RUKUNUR ZAMAN,parties.IN.IND,4393,0.26,10,forfeit,U,,8th Pass,,challenger,src-31c65dbec869
IN-PC-2008-assam-205,assam,2019,4,DHUBRI,SURAT JAMAN MONDAL,,4325,0.26,11,forfeit,U,,Graduate,Party Worker,challenger,src-31c65dbec869
IN-PC-2008-assam-205,assam,2019,4,DHUBRI,MEHBUBAR RAHMAN,parties.IN.RPIA,4250,0.25,12,forfeit,U,,10th Pass,,challenger,src-31c65dbec869
IN-PC-2008-assam-205,assam,2019,4,DHUBRI,MIR HUSSAIN SARKAR,parties.IN.IND,4138,0.25,13,forfeit,U,,Graduate,,challenger,src-31c65dbec869
IN-PC-2008-assam-205,assam,2019,4,DHUBRI,UTTAM KUMAR RAY,parties.IN.IND,3321,0.2,14,forfeit,U,,Graduate,,challenger,src-31c65dbec869
IN-PC-2008-assam-205,assam,2019,4,DHUBRI,ZOHIRUL ISLAM KHAN,,2859,0.17,15,forfeit,U,,Graduate,,challenger,src-31c65dbec869
IN-PC-2008-assam-205,assam,2019,4,DHUBRI,NRIPEN DAS,parties.IN.BNJD,2072,0.12,16,forfeit,U,,10th Pass,,challenger,src-31c65dbec869
IN-PC-2008-assam-211,assam,2019,5,KOKRAJHAR,Naba Kumar Sarania,parties.IN.IND,484560,32.75,1,won,U,,12th Pass,,incumbent,src-31c65dbec869
IN-PC-2008-assam-211,assam,2019,5,KOKRAJHAR,Pramila Rani Brahma,parties.IN.BOPF,446774,30.2,2,lost,U,,Graduate,,challenger,src-31c65dbec869
IN-PC-2008-assam-211,assam,2019,5,KOKRAJHAR,Urkhao Gwra Brahma,parties.IN.UPPL,312435,21.12,3,lost,U,,Graduate,Ex MP,challenger,src-31c65dbec869
IN-PC-2008-assam-211,assam,2019,5,KOKRAJHAR,Sabda Ram Rabha,parties.IN.INC,147118,9.94,4,forfeit,U,,Graduate Professional,Lawyer,challenger,src-31c65dbec869
IN-PC-2008-assam-211,assam,2019,5,KOKRAJHAR,Biraj Deka,,28128,1.9,5,forfeit,U,,Post Graduate,,challenger,src-31c65dbec869
IN-PC-2008-assam-211,assam,2019,5,KOKRAJHAR,Rajesh Narzary,,13908,0.94,7,forfeit,U,,12th Pass,,challenger,src-31c65dbec869
IN-PC-2008-assam-211,assam,2019,5,KOKRAJHAR,Ranjoy Kr. Brahma,parties.IN.IND,10788,0.73,8,forfeit,U,,Post Graduate,,challenger,src-31c65dbec869
IN-PC-2008-assam-211,assam,2019,5,KOKRAJHAR,Prasanjit Kumar Das,parties.IN.IND,9959,0.67,9,forfeit,U,,10th Pass,Self-employed,challenger,src-31c65dbec869
IN-PC-2008-assam-211,assam,2019,5,KOKRAJHAR,Charan Iswary,,9827,0.66,10,forfeit,U,,10th Pass,Self-employed,challenger,src-31c65dbec869
IN-PC-2008-assam-204,assam,2019,6,BARPETA,Abdul Khaleque,parties.IN.INC,645173,44.23,1,won,U,,Post Graduate,MLA,challenger,src-31c65dbec869
IN-PC-2008-assam-204,assam,2019,6,BARPETA,Kumar Deepak Das,parties.IN.AGP,504866,34.61,2,lost,U,,Graduate Professional,,challenger,src-31c65dbec869
IN-PC-2008-assam-204,assam,2019,6,BARPETA,Rafiqul Islam,parties.IN.AIUDF,248667,17.05,3,lost,U,,Doctorate,Ex MLA,challenger,src-31c65dbec869
IN-PC-2008-assam-204,assam,2019,6,BARPETA,Ashahak Ali Dewan,parties.IN.AITC,20466,1.4,4,forfeit,U,,Graduate,Retired Teacher,challenger,src-31c65dbec869
IN-PC-2008-assam-204,assam,2019,6,BARPETA,Santanu Mukherjee,,5408,0.37,6,forfeit,U,,Graduate,,challenger,src-31c65dbec869
IN-PC-2008-assam-204,assam,2019,6,BARPETA,Matiar Rahman,,3973,0.27,7,forfeit,U,,10th Pass,,challenger,src-31c65dbec869
IN-PC-2008-assam-204,assam,2019,6,BARPETA,Aroon Barooa,,3618,0.25,8,forfeit,U,,Post Graduate,,crossover,src-31c65dbec869
IN-PC-2008-assam-204,assam,2019,6,BARPETA,Saniara Parbin,,3437,0.24,9,forfeit,U,,Graduate,,challenger,src-31c65dbec869
IN-PC-2008-assam-204,assam,2019,6,BARPETA,Rejaul Karim,parties.IN.RPIA,3350,0.23,10,forfeit,U,,10th Pass,,challenger,src-31c65dbec869
IN-PC-2008-assam-204,assam,2019,6,BARPETA,Arfan Ali,parties.IN.IND,2799,0.19,11,forfeit,U,,12th Pass,,challenger,src-31c65dbec869
IN-PC-2008-assam-204,assam,2019,6,BARPETA,Pranabjyoti Das Rajbonshi,,2462,0.17,12,forfeit,U,,Post Graduate,,challenger,src-31c65dbec869
IN-PC-2008-assam-204,assam,2019,6,BARPETA,Chitralekha Das,,2382,0.16,13,forfeit,U,,Graduate Professional,"Ex Govt Employee, Ex Civil Service",challenger,src-31c65dbec869
IN-PC-2008-assam-204,assam,2019,6,BARPETA,Bhadreswar Barman,,2214,0.15,14,forfeit,U,,12th Pass,,challenger,src-31c65dbec869
IN-PC-2008-assam-207,assam,2019,7,GAUHATI,QUEEN OJA,parties.IN.BJP,1008936,57.2,1,won,U,,Graduate,,challenger,src-31c65dbec869
IN-PC-2008-assam-207,assam,2019,7,GAUHATI,BOBBEETA SHARMA,parties.IN.INC,663330,37.61,2,lost,U,,Post Graduate,Journalist or Editor,challenger,src-31c65dbec869
IN-PC-2008-assam-207,assam,2019,7,GAUHATI,UPAMANYU HAZARIKA,parties.IN.IND,21193,1.2,3,forfeit,U,,Graduate Professional,Lawyer,challenger,src-31c65dbec869
IN-PC-2008-assam-207,assam,2019,7,GAUHATI,MANOJ SHARMA,parties.IN.AITC,10141,0.57,5,forfeit,U,,10th Pass,,challenger,src-31c65dbec869
IN-PC-2008-assam-207,assam,2019,7,GAUHATI,FARUK AHMED BHUYAN,parties.IN.IND,9044,0.51,6,forfeit,U,,Others,Doctor,challenger,src-31c65dbec869
IN-PC-2008-assam-207,assam,2019,7,GAUHATI,SHANKHA SINHA,parties.IN.IND,7849,0.45,7,forfeit,U,,,,challenger,src-31c65dbec869
IN-PC-2008-assam-207,assam,2019,7,GAUHATI,JUNMONI DEVI KHAUND,parties.IN.IND,5483,0.31,8,forfeit,U,,Post Graduate,Lawyer,challenger,src-31c65dbec869
IN-PC-2008-assam-207,assam,2019,7,GAUHATI,PANKAJ DAS,,4110,0.23,9,forfeit,U,,Post Graduate,,challenger,src-31c65dbec869
IN-PC-2008-assam-207,assam,2019,7,GAUHATI,SADEK ALI,parties.IN.RPIA,3650,0.21,10,forfeit,U,,10th Pass,,challenger,src-31c65dbec869
IN-PC-2008-assam-207,assam,2019,7,GAUHATI,ALIMUDDIN AHMED,parties.IN.IND,2836,0.16,11,forfeit,U,,Post Graduate,Self-employed,challenger,src-31c65dbec869
IN-PC-2008-assam-207,assam,2019,7,GAUHATI,UTPAL BORGOHAIN,parties.IN.IND,2753,0.16,12,forfeit,U,,Graduate,,challenger,src-31c65dbec869
IN-PC-2008-assam-207,assam,2019,7,GAUHATI,PARTHA PRATIM BARUAH,,2590,0.15,13,forfeit,U,,Post Graduate,,challenger,src-31c65dbec869
IN-PC-2008-assam-207,assam,2019,7,GAUHATI,MAMONI SARMA,,2456,0.14,14,forfeit,U,,10th Pass,Household,challenger,src-31c65dbec869
IN-PC-2008-assam-207,assam,2019,7,GAUHATI,RATUL KUMAR CHOUDHURY,parties.IN.SP,2383,0.14,15,forfeit,U,,Graduate,Distributors,challenger,src-31c65dbec869
IN-PC-2008-assam-207,assam,2019,7,GAUHATI,AVIJIT CHAKRABORTY,,2351,0.13,16,forfeit,U,,Graduate Professional,,challenger,src-31c65dbec869
IN-PC-2008-assam-207,assam,2019,7,GAUHATI,RAJIB KAKATI,parties.IN.HND,2122,0.12,17,forfeit,U,,Graduate,,challenger,src-31c65dbec869
IN-PC-2008-assam-207,assam,2019,7,GAUHATI,RUBI NEOG,,2064,0.12,18,forfeit,U,,Graduate,,challenger,src-31c65dbec869
IN-PC-2008-assam-213,assam,2019,8,MANGALDOI,DILIP SAIKIA,parties.IN.BJP,735469,48.83,1,won,U,,Graduate,,challenger,src-31c65dbec869
IN-PC-2008-assam-213,assam,2019,8,MANGALDOI,BHUBANESWAR KALITA,parties.IN.INC,596924,39.63,2,lost,U,,Post Graduate,Lawyer,challenger,src-31c65dbec869
IN-PC-2008-assam-213,assam,2019,8,MANGALDOI,PRODEEP KUMAR DAIMARY,parties.IN.UPPL,103870,6.9,3,forfeit,U,,,,challenger,src-31c65dbec869
IN-PC-2008-assam-213,assam,2019,8,MANGALDOI,GANDHESHWAR MOCHAHARI,,11245,0.75,5,forfeit,U,,12th Pass,,challenger,src-31c65dbec869
IN-PC-2008-assam-213,assam,2019,8,MANGALDOI,SUDHENDU MOHAN TALUKDAR,parties.IN.AITC,10640,0.71,6,forfeit,U,,Graduate,,challenger,src-31c65dbec869
IN-PC-2008-assam-213,assam,2019,8,MANGALDOI,JAYANTA KUMAR KALITA,parties.IN.IND,7806,0.52,7,forfeit,U,,Graduate,College Professor or Lecturer,challenger,src-31c65dbec869
IN-PC-2008-assam-213,assam,2019,8,MANGALDOI,KAZI NEKIB AHMED,parties.IN.IND,7135,0.47,8,forfeit,U,,Graduate,,challenger,src-31c65dbec869
IN-PC-2008-assam-213,assam,2019,8,MANGALDOI,AINUL HAQUE,,4249,0.28,9,forfeit,U,,10th Pass,,challenger,src-31c65dbec869
IN-PC-2008-assam-213,assam,2019,8,MANGALDOI,MANI RAM BASUMATARY,parties.IN.HND,3898,0.26,10,forfeit,U,,10th Pass,,challenger,src-31c65dbec869
IN-PC-2008-assam-213,assam,2019,8,MANGALDOI,SWARNALATA CHALIHA,,3829,0.25,11,forfeit,U,,Post Graduate,Party Worker,challenger,src-31c65dbec869
IN-PC-2008-assam-213,assam,2019,8,MANGALDOI,BIREN BASAK,,2524,0.17,12,forfeit,U,,12th Pass,,challenger,src-31c65dbec869
IN-PC-2008-assam-209,assam,2019,10,NOWGONG,Pradyut Bordoloi,parties.IN.INC,739724,49.53,1,won,U,,Post Graduate,,challenger,src-31c65dbec869
IN-PC-2008-assam-209,assam,2019,10,NOWGONG,Sri Rupak Sharma,parties.IN.BJP,722972,48.41,2,lost,U,,Graduate,Distributors,challenger,src-31c65dbec869
IN-PC-2008-assam-209,assam,2019,10,NOWGONG,Sahadeb Das,parties.IN.AITC,5875,0.39,4,forfeit,U,,Post Graduate,Lawyer,challenger,src-31c65dbec869
IN-PC-2008-assam-209,assam,2019,10,NOWGONG,Zakir Hussain,parties.IN.IND,4315,0.29,5,forfeit,U,,Graduate,,challenger,src-31c65dbec869
IN-PC-2008-assam-209,assam,2019,10,NOWGONG,Azgor Ali,,3655,0.24,6,forfeit,U,,10th Pass,,challenger,src-31c65dbec869
IN-PC-2008-assam-209,assam,2019,10,NOWGONG,Saiful Islam Choudhury,,3421,0.23,7,forfeit,U,,Graduate Professional,Lawyer,challenger,src-31c65dbec869
IN-PC-2008-assam-209,assam,2019,10,NOWGONG,Sukanta Mazumdar,,2756,0.18,8,forfeit,U,,12th Pass,,challenger,src-31c65dbec869
IN-PC-2008-assam-208,assam,2019,12,JORHAT,TOPON KUMAR GOGOI,parties.IN.BJP,543288,51.35,1,won,U,,Post Graduate,Agricultural Business,challenger,src-31c65dbec869
IN-PC-2008-assam-208,assam,2019,12,JORHAT,SUSHANTA BORGOHAIN,parties.IN.INC,460635,43.54,2,lost,U,,Graduate,,challenger,src-31c65dbec869
IN-PC-2008-assam-208,assam,2019,12,JORHAT,KANAK GOGOI,parties.IN.CPI,17849,1.69,3,forfeit,U,,Post Graduate,Insurance Agent,challenger,src-31c65dbec869
IN-PC-2008-assam-208,assam,2019,12,JORHAT,RIBULAYA GOGOI,parties.IN.AITC,6121,0.58,5,forfeit,U,,Graduate,Activist,challenger,src-31c65dbec869
IN-PC-2008-assam-208,assam,2019,12,JORHAT,NANDITA NAG,parties.IN.IND,5481,0.52,6,forfeit,U,,Post Graduate,NGO,challenger,src-31c65dbec869
IN-PC-2008-assam-208,assam,2019,12,JORHAT,KAMALA RAJ KONWAR,,4996,0.47,7,forfeit,U,,10th Pass,,challenger,src-31c65dbec869
IN-PC-2008-assam-208,assam,2019,12,JORHAT,ARBIN KUMAR BORUAH,parties.IN.IND,3588,0.34,8,forfeit,U,,10th Pass,"Actor, Sports",challenger,src-31c65dbec869
IN-PC-2008-assam-208,assam,2019,12,JORHAT,RAJ KUMAR DUWARA,parties.IN.AIFB,3438,0.32,9,forfeit,U,,10th Pass,,challenger,src-31c65dbec869
IN-PC-2008-assam-206,assam,2019,13,DIBRUGARH,RAMESWAR TELI,parties.IN.BJP,659583,64.94,1,won,U,,10th Pass,Party Worker,incumbent,src-31c65dbec869
IN-PC-2008-assam-206,assam,2019,13,DIBRUGARH,PABAN SINGH GHATOWAR,parties.IN.INC,295017,29.04,2,lost,U,,Graduate,Party Worker,challenger,src-31c65dbec869
IN-PC-2008-assam-206,assam,2019,13,DIBRUGARH,BHABEN BARUAH,,9718,0.96,4,forfeit,U,,12th Pass,Agricultural Business,challenger,src-31c65dbec869
IN-PC-2008-assam-206,assam,2019,13,DIBRUGARH,RUBUL BURAGOHAIN,parties.IN.IND,8112,0.8,5,forfeit,U,,10th Pass,,challenger,src-31c65dbec869
IN-PC-2008-assam-206,assam,2019,13,DIBRUGARH,DR. TITUS BHENGRA,parties.IN.BMUP,6933,0.68,6,forfeit,U,,Doctorate,,crossover,src-31c65dbec869
IN-PC-2008-assam-206,assam,2019,13,DIBRUGARH,ISRAIL NANDA,parties.IN.IND,5687,0.56,7,forfeit,U,,10th Pass,Ex Civil Service,challenger,src-31c65dbec869
IN-PC-2008-assam-206,assam,2019,13,DIBRUGARH,NURUL HUDA IMDADUL ISLAM SAIKIA,parties.IN.IND,5599,0.55,8,forfeit,U,,,,challenger,src-31c65dbec869
IN-PC-2008-assam-206,assam,2019,13,DIBRUGARH,APURBA SAIKIA,parties.IN.IND,3811,0.38,9,forfeit,U,,Graduate,,challenger,src-31c65dbec869
IN-PC-2008-assam-212,assam,2019,14,LAKHIMPUR,PRADAN BARUAH,parties.IN.BJP,776406,60.49,1,won,U,,12th Pass,,incumbent,src-31c65dbec869
IN-PC-2008-assam-212,assam,2019,14,LAKHIMPUR,ANIL BORGOHAIN,parties.IN.INC,425855,33.18,2,lost,U,,10th Pass,,challenger,src-31c65dbec869
IN-PC-2008-assam-212,assam,2019,14,LAKHIMPUR,ARUP KALITA,parties.IN.CPI,13378,1.04,4,forfeit,U,,Graduate Professional,Advocacy,challenger,src-31c65dbec869
IN-PC-2008-assam-212,assam,2019,14,LAKHIMPUR,AMIYA KUMAR HANDIQUE,,12809,1,5,forfeit,U,,Post Graduate,Retired Teacher,crossover,src-31c65dbec869
IN-PC-2008-assam-212,assam,2019,14,LAKHIMPUR,UBAIDUR RAHMAN,,8738,0.68,6,forfeit,U,,5th Pass,,challenger,src-31c65dbec869
IN-PC-2008-assam-212,assam,2019,14,LAKHIMPUR,DILIP MORAN,,8285,0.65,7,forfeit,U,,12th Pass,,challenger,src-31c65dbec869
IN-PC-2008-assam-212,assam,2019,14,LAKHIMPUR,BHUPEN NARAH,,5581,0.43,8,forfeit,U,,Post Graduate,,challenger,src-31c65dbec869
IN-PC-2008-assam-212,assam,2019,14,LAKHIMPUR,PROBHU LAL VAISNAVA,parties.IN.IND,4866,0.38,9,forfeit,U,,12th Pass,,challenger,src-31c65dbec869
IN-PC-2008-assam-212,assam,2019,14,LAKHIMPUR,R.Anbuchezhian,parties.IN.NCP,4527,0.35,10,forfeit,U,,Post Graduate,,challenger,src-31c65dbec869
IN-PC-2008-assam-212,assam,2019,14,LAKHIMPUR,HEM KANTA MIRI,,4034,0.31,11,forfeit,U,,Graduate Professional,Advocacy,challenger,src-31c65dbec869
IN-PC-2008-assam-212,assam,2019,14,LAKHIMPUR,AMBAZ UDDIN,parties.IN.IND,3890,0.3,12,forfeit,U,,,,challenger,src-31c65dbec869
IN-PC-2008-bihar-161,bihar,2019,4,SHEOHAR,RAMA DEVI,parties.IN.BJP,608678,60.59,1,won,U,,Graduate Professional,,incumbent,src-31c65dbec869
IN-PC-2008-bihar-161,bihar,2019,4,SHEOHAR,SYED FAISAL ALI,parties.IN.RJD,268318,26.71,2,lost,U,,Post Graduate,Journalist or Editor,challenger,src-31c65dbec869
IN-PC-2008-bihar-161,bihar,2019,4,SHEOHAR,Kedar Nath Prasad,parties.IN.IND,18426,1.83,3,forfeit,U,,12th Pass,Ex MLA,challenger,src-31c65dbec869
IN-PC-2008-bihar-161,bihar,2019,4,SHEOHAR,Raj Kumar Parsad,parties.IN.IND,13704,1.36,4,forfeit,U,,12th Pass,Managerial Position,challenger,src-31c65dbec869
IN-PC-2008-bihar-161,bihar,2019,4,SHEOHAR,Shamim Alam,parties.IN.NCP,13269,1.32,5,forfeit,U,,12th Pass,,challenger,src-31c65dbec869
IN-PC-2008-bihar-161,bihar,2019,4,SHEOHAR,Mukesh Kumar Jha,parties.IN.BSP,12470,1.24,6,forfeit,U,,12th Pass,,challenger,src-31c65dbec869
IN-PC-2008-bihar-161,bihar,2019,4,SHEOHAR,Vijay Nandan Paswan,parties.IN.IND,11138,1.11,7,forfeit,U,,10th Pass,,challenger,src-31c65dbec869
IN-PC-2008-bihar-161,bihar,2019,4,SHEOHAR,Anil Kumar Tiwari,parties.IN.IND,10679,1.06,8,forfeit,U,,12th Pass,,challenger,src-31c65dbec869
IN-PC-2008-bihar-161,bihar,2019,4,SHEOHAR,UPENDRA SAHANI,parties.IN.RJBP,7281,0.72,9,forfeit,U,,Graduate,,challenger,src-31c65dbec869
IN-PC-2008-bihar-161,bihar,2019,4,SHEOHAR,Abul Kalam Khan,parties.IN.IND,6084,0.61,11,forfeit,U,,8th Pass,,challenger,src-31c65dbec869
IN-PC-2008-bihar-161,bihar,2019,4,SHEOHAR,Anil Kumar,parties.IN.JANADIP,5779,0.58,12,forfeit,U,,Graduate,,challenger,src-31c65dbec869
IN-PC-2008-bihar-161,bihar,2019,4,SHEOHAR,SHYAM KUMAR,,5066,0.5,13,forfeit,U,,Graduate,,challenger,src-31c65dbec869
IN-PC-2008-bihar-161,bihar,2019,4,SHEOHAR,Jagdish Prasad,,4563,0.45,14,forfeit,U,,12th Pass,,challenger,src-31c65dbec869
IN-PC-2008-bihar-161,bihar,2019,4,SHEOHAR,Ram Dayal Prasad,parties.IN.IND,3142,0.31,15,forfeit,U,,Graduate,,challenger,src-31c65dbec869
IN-PC-2008-bihar-161,bihar,2019,4,SHEOHAR,Devendra Prasad Singh,parties.IN.AIFB,2640,0.26,16,forfeit,U,,Graduate,Ex Military,challenger,src-31c65dbec869
IN-PC-2008-bihar-161,bihar,2019,4,SHEOHAR,PRABHU NARAYAN,parties.IN.SHS,2499,0.25,17,forfeit,U,,12th Pass,,challenger,src-31c65dbec869
IN-PC-2008-bihar-161,bihar,2019,4,SHEOHAR,Nabi Hussain,parties.IN.BHAPRAP,1992,0.2,18,forfeit,U,,10th Pass,Mechanic,challenger,src-31c65dbec869
IN-PC-2008-bihar-161,bihar,2019,4,SHEOHAR,Anand Kumar Maurya,,1814,0.18,19,forfeit,U,,Post Graduate,,challenger,src-31c65dbec869
IN-PC-2008-bihar-187,bihar,2019,5,SITAMARHI,Sunil Kumar Pintu,parties.IN.JDU,567745,54.65,1,won,U,,Graduate,,challenger,src-31c65dbec869
IN-PC-2008-bihar-187,bihar,2019,5,SITAMARHI,Arjun Ray,parties.IN.RJD,317206,30.53,2,lost,U,,Doctorate,Party Worker,challenger,src-31c65dbec869
IN-PC-2008-bihar-187,bihar,2019,5,SITAMARHI,Dharmendra Kumar,parties.IN.IND,20487,1.97,3,forfeit,U,,8th Pass,,challenger,src-31c65dbec869
IN-PC-2008-bihar-187,bihar,2019,5,SITAMARHI,Vinod Sah,parties.IN.IND,17724,1.71,4,forfeit,U,,Literate,,challenger,src-31c65dbec869
IN-PC-2008-bihar-187,bihar,2019,5,SITAMARHI,Mahesh Nandan Singh,parties.IN.IND,17270,1.66,5,forfeit,U,,Graduate,,challenger,src-31c65dbec869
IN-PC-2008-bihar-187,bihar,2019,5,SITAMARHI,Ramesh Kumar Mishra,parties.IN.IND,11056,1.06,6,forfeit,U,,8th Pass,,challenger,src-31c65dbec869
IN-PC-2008-bihar-187,bihar,2019,5,SITAMARHI,Amit Chaudhary urf Madhav Chaudhary,parties.IN.IND,9837,0.95,8,forfeit,U,,,,challenger,src-31c65dbec869
IN-PC-2008-bihar-187,bihar,2019,5,SITAMARHI,Raghunath Kumar,,9009,0.87,9,forfeit,U,,Graduate Professional,Doctor,challenger,src-31c65dbec869
IN-PC-2008-bihar-187,bihar,2019,5,SITAMARHI,Thakur Chandan Kumar Singh,parties.IN.IND,7287,0.7,10,forfeit,U,,Graduate Professional,Lawyer,challenger,src-31c65dbec869
IN-PC-2008-bihar-187,bihar,2019,5,SITAMARHI,Jasem Ahamad,parties.IN.BSP,7112,0.68,11,forfeit,U,,Literate,,challenger,src-31c65dbec869
IN-PC-2008-bihar-187,bihar,2019,5,SITAMARHI,Nand Kishore Gupta,parties.IN.IND,6588,0.63,12,forfeit,U,,Graduate,,challenger,src-31c65dbec869
IN-PC-2008-bihar-187,bihar,2019,5,SITAMARHI,Braj Kishor,parties.IN.AIFB,6307,0.61,13,forfeit,U,,Graduate,Ex Military,challenger,src-31c65dbec869
IN-PC-2008-bihar-187,bihar,2019,5,SITAMARHI,Raj Kishore Prasad,parties.IN.PBI,5965,0.57,14,forfeit,U,,Graduate,School Teacher,challenger,src-31c65dbec869
IN-PC-2008-bihar-187,bihar,2019,5,SITAMARHI,Lalbabu Paswan,parties.IN.IND,5192,0.5,15,forfeit,U,,Literate,Party Worker,challenger,src-31c65dbec869
IN-PC-2008-bihar-187,bihar,2019,5,SITAMARHI,Surendra Kumar,,4240,0.41,16,forfeit,U,,Post Graduate,,challenger,src-31c65dbec869
IN-PC-2008-bihar-187,bihar,2019,5,SITAMARHI,Shashi Kumar Singh,parties.IN.IND,4006,0.39,17,forfeit,U,,10th Pass,,challenger,src-31c65dbec869
IN-PC-2008-bihar-187,bihar,2019,5,SITAMARHI,Dr. Junaid Khan,parties.IN.IND,3298,0.32,18,forfeit,U,,Graduate Professional,,challenger,src-31c65dbec869
IN-PC-2008-bihar-187,bihar,2019,5,SITAMARHI,Mohan Sah,,3064,0.29,19,forfeit,U,,Post Graduate,,challenger,src-31c65dbec869
IN-PC-2008-bihar-187,bihar,2019,5,SITAMARHI,Chandrika Prasad,parties.IN.IND,2663,0.26,20,forfeit,U,,Graduate,Insurance Agent,challenger,src-31c65dbec869
IN-PC-2008-bihar-187,bihar,2019,5,SITAMARHI,Ravindra Kumar Chandra urf Dr. Raja Babu,,2475,0.24,21,forfeit,U,,Graduate Professional,,challenger,src-31c65dbec869
IN-PC-2008-bihar-172,bihar,2019,6,MADHUBANI,ASHOK KUMAR YADAV,parties.IN.BJP,595843,61.83,1,won,U,,Doctorate,,challenger,src-31c65dbec869
IN-PC-2008-bihar-172,bihar,2019,6,MADHUBANI,BADRI KUMAR PURBEY,,140903,14.62,2,forfeit,U,,,,challenger,src-31c65dbec869
IN-PC-2008-bihar-172,bihar,2019,6,MADHUBANI,DR. SHAKEEL AHMAD,parties.IN.IND,131530,13.65,3,forfeit,U,,,,challenger,src-31c65dbec869
IN-PC-2008-bihar-172,bihar,2019,6,MADHUBANI,HEMA JHA,parties.IN.IND,14254,1.48,4,forfeit,U,,10th Pass,Household,challenger,src-31c65dbec869
IN-PC-2008-bihar-172,bihar,2019,6,MADHUBANI,ABUBAKAR RAHMANI,parties.IN.IND,12492,1.3,5,forfeit,U,,Post Graduate,Religious Teacher,challenger,src-31c65dbec869
IN-PC-2008-bihar-172,bihar,2019,6,MADHUBANI,ANAND KUMAR JHA,,10127,1.05,6,forfeit,U,,Post Graduate,School Teacher,challenger,src-31c65dbec869
IN-PC-2008-bihar-172,bihar,2019,6,MADHUBANI,VIDYA SAGAR MANDAL,parties.IN.IND,6936,0.72,7,forfeit,U,,Graduate,,challenger,src-31c65dbec869
IN-PC-2008-bihar-172,bihar,2019,6,MADHUBANI,DHANESHWAR MAHTO,,6322,0.66,8,forfeit,U,,Literate,,challenger,src-31c65dbec869
IN-PC-2008-bihar-172,bihar,2019,6,MADHUBANI,RAJU KUMAR RAJ,parties.IN.IND,5695,0.59,9,forfeit,U,,5th Pass,Private Company,challenger,src-31c65dbec869
IN-PC-2008-bihar-172,bihar,2019,6,MADHUBANI,SUBHASH CHANDRA JHA,parties.IN.RJBP,5677,0.59,10,forfeit,U,,10th Pass,,challenger,src-31c65dbec869
IN-PC-2008-bihar-172,bihar,2019,6,MADHUBANI,SATISH CHANDRA JHA,,5074,0.53,12,forfeit,U,,Post Graduate,Lawyer,challenger,src-31c65dbec869
IN-PC-2008-bihar-172,bihar,2019,6,MADHUBANI,REKHA RANJAN YADAV,parties.IN.RPIA,4566,0.47,13,forfeit,U,,10th Pass,,challenger,src-31c65dbec869
IN-PC-2008-bihar-172,bihar,2019,6,MADHUBANI,ANIL KUMAR SAH,parties.IN.IND,4528,0.47,14,forfeit,U,,Literate,,challenger,src-31c65dbec869
IN-PC-2008-bihar-172,bihar,2019,6,MADHUBANI,RANJIT KUMAR,parties.IN.BMUP,4524,0.47,15,forfeit,U,,Graduate Professional,,challenger,src-31c65dbec869
IN-PC-2008-bihar-172,bihar,2019,6,MADHUBANI,ABHIJIT KUMAR SINGH,parties.IN.IND,4069,0.42,16,forfeit,U,,12th Pass,,challenger,src-31c65dbec869
IN-PC-2008-bihar-172,bihar,2019,6,MADHUBANI,RAM SWARUP BHARTI,,2819,0.29,17,forfeit,U,,12th Pass,,challenger,src-31c65dbec869
IN-PC-2008-bihar-172,bihar,2019,6,MADHUBANI,MD. KHALIQUE ANSARI,,2726,0.28,18,forfeit,U,,8th Pass,,challenger,src-31c65dbec869
IN-PC-2008-bihar-162,bihar,2019,8,SUPAUL,Dileshwar Kamait,parties.IN.JDU,597377,53.78,1,won,U,,Graduate,,challenger,src-31c65dbec869
IN-PC-2008-bihar-162,bihar,2019,8,SUPAUL,Ranjeet Ranjan,parties.IN.INC,330524,29.76,2,lost,U,,12th Pass,,incumbent,src-31c65dbec869
IN-PC-2008-bihar-162,bihar,2019,8,SUPAUL,Dinesh Prasad Yadav,parties.IN.IND,23045,2.07,3,forfeit,U,,Graduate Professional,Lawyer,challenger,src-31c65dbec869
IN-PC-2008-bihar-162,bihar,2019,8,SUPAUL,Rajesh Kumar S/O- Yugeshwar Sah,parties.IN.IND,20320,1.83,4,forfeit,U,,Graduate Professional,,challenger,src-31c65dbec869
IN-PC-2008-bihar-162,bihar,2019,8,SUPAUL,Binod Kumar Sahu,parties.IN.IND,19277,1.74,5,forfeit,U,,Graduate,,challenger,src-31c65dbec869
IN-PC-2008-bihar-162,bihar,2019,8,SUPAUL,Anand Pathak,parties.IN.IND,15392,1.39,6,forfeit,U,,Graduate,,challenger,src-31c65dbec869
IN-PC-2008-bihar-162,bihar,2019,8,SUPAUL,Md. Abul Kalam Azad,,13693,1.23,7,forfeit,U,,12th Pass,,challenger,src-31c65dbec869
IN-PC-2008-bihar-162,bihar,2019,8,SUPAUL,Sandip Kumar Singh,parties.IN.IND,11534,1.04,8,forfeit,U,,Graduate,,challenger,src-31c65dbec869
IN-PC-2008-bihar-162,bihar,2019,8,SUPAUL,Kiran Devi,parties.IN.BSP,11108,1,9,forfeit,U,,10th Pass,Activist,challenger,src-31c65dbec869
IN-PC-2008-bihar-162,bihar,2019,8,SUPAUL,Sanjeet Kumar Choudhary,,11093,1,10,forfeit,U,,10th Pass,,challenger,src-31c65dbec869
IN-PC-2008-bihar-162,bihar,2019,8,SUPAUL,Md. Afroj Alam,parties.IN.IND,6997,0.63,12,forfeit,U,,12th Pass,,challenger,src-31c65dbec869
IN-PC-2008-bihar-162,bihar,2019,8,SUPAUL,Rajesh Kumar S/O- Jawahar Lal Das,parties.IN.IND,6729,0.61,13,forfeit,U,,Graduate,,challenger,src-31c65dbec869
IN-PC-2008-bihar-162,bihar,2019,8,SUPAUL,Satya Narayan Mehta,parties.IN.JANADIP,6336,0.57,14,forfeit,U,,Others,,challenger,src-31c65dbec869
IN-PC-2008-bihar-162,bihar,2019,8,SUPAUL,Sanjay Sardar,,6313,0.57,15,forfeit,U,,Literate,,challenger,src-31c65dbec869
IN-PC-2008-bihar-162,bihar,2019,8,SUPAUL,Sudhakar Jha,parties.IN.IND,4799,0.43,16,forfeit,U,,Graduate,,challenger,src-31c65dbec869
IN-PC-2008-bihar-162,bihar,2019,8,SUPAUL,Pramod Kumar Nirala,,4043,0.36,17,forfeit,U,,Graduate,,crossover,src-31c65dbec869
IN-PC-2008-bihar-162,bihar,2019,8,SUPAUL,Krishan dev Mandal,parties.IN.RVNP,3552,0.32,18,forfeit,U,,5th Pass,,challenger,src-31c65dbec869
IN-PC-2008-bihar-162,bihar,2019,8,SUPAUL,Bhim Kumar Gupta,parties.IN.JKNPP,3545,0.32,19,forfeit,U,,12th Pass,,challenger,src-31c65dbec869
IN-PC-2008-bihar-162,bihar,2019,8,SUPAUL,Naveen Kumar Singh,,3010,0.27,20,forfeit,U,,Literate,,crossover,src-31c65dbec869
IN-PC-2008-bihar-162,bihar,2019,8,SUPAUL,Dip Narayan Mandal,parties.IN.SHS,2775,0.25,21,forfeit,U,,Graduate,,challenger,src-31c65dbec869
IN-PC-2008-bihar-190,bihar,2019,9,ARARIA,PRADEEP KUMAR SINGH,parties.IN.BJP,618434,52.87,1,won,U,,10th Pass,Rent,challenger,src-31c65dbec869
IN-PC-2008-bihar-190,bihar,2019,9,ARARIA,SARFARAZ ALAM,parties.IN.RJD,481193,41.14,2,lost,U,,Graduate,,incumbent,src-31c65dbec869
IN-PC-2008-bihar-190,bihar,2019,9,ARARIA,RAM NRAYAN BHARTI,parties.IN.BSP,10294,0.88,4,forfeit,U,,Post Graduate,Doctor,challenger,src-31c65dbec869
IN-PC-2008-bihar-190,bihar,2019,9,ARARIA,ABDUL WAHID KHAN,parties.IN.IND,8168,0.7,5,forfeit,U,,10th Pass,,challenger,src-31c65dbec869
IN-PC-2008-bihar-190,bihar,2019,9,ARARIA,TARACHAND PASWAN,parties.IN.BMUP,7266,0.62,6,forfeit,U,,10th Pass,Ex Govt Employee,challenger,src-31c65dbec869
IN-PC-2008-bihar-190,bihar,2019,9,ARARIA,SHAHIN PRAVIN,parties.IN.IND,7139,0.61,7,forfeit,U,,Others,,challenger,src-31c65dbec869
IN-PC-2008-bihar-190,bihar,2019,9,ARARIA,RAMA NAND RISHIDEO,parties.IN.IND,5959,0.51,8,forfeit,U,,,,challenger,src-31c65dbec869
IN-PC-2008-bihar-190,bihar,2019,9,ARARIA,MD. MOBINUL HAQUE,parties.IN.IND,3037,0.26,9,forfeit,U,,Post Graduate,Lawyer,challenger,src-31c65dbec869
IN-PC-2008-bihar-190,bihar,2019,9,ARARIA,MUKESH SINGH,parties.IN.IND,2145,0.18,10,forfeit,U,,8th Pass,,challenger,src-31c65dbec869
IN-PC-2008-bihar-190,bihar,2019,9,ARARIA,SUDAMA SINGH,,2059,0.18,11,forfeit,U,,10th Pass,,challenger,src-31c65dbec869
IN-PC-2008-bihar-190,bihar,2019,9,ARARIA,MD. MINHAZ ALAM,parties.IN.IND,1949,0.17,12,forfeit,U,,10th Pass,,challenger,src-31c65dbec869
IN-PC-2008-bihar-190,bihar,2019,9,ARARIA,MD. MATIN,parties.IN.IND,1369,0.12,13,forfeit,U,,Literate,,challenger,src-31c65dbec869
IN-PC-2008-bihar-174,bihar,2019,10,KISHANGANJ,Dr. Mohammad Jawed,parties.IN.INC,367017,33.32,1,won,U,,Graduate Professional,,challenger,src-31c65dbec869
IN-PC-2008-bihar-174,bihar,2019,10,KISHANGANJ,Syed Mahmood Ashraf,parties.IN.JDU,332551,30.19,2,lost,U,,12th Pass,,challenger,src-31c65dbec869
IN-PC-2008-bihar-174,bihar,2019,10,KISHANGANJ,Akhtarul Iman,parties.IN.AIMIM,295029,26.78,3,lost,U,,Post Graduate,,crossover,src-31c65dbec869
IN-PC-2008-bihar-174,bihar,2019,10,KISHANGANJ,Rajesh Kumar Dubey,parties.IN.IND,15184,1.38,5,forfeit,U,,Graduate,,challenger,src-31c65dbec869
IN-PC-2008-bihar-174,bihar,2019,10,KISHANGANJ,Haserul,parties.IN.IND,10860,0.99,6,forfeit,U,,5th Pass,,challenger,src-31c65dbec869
IN-PC-2008-bihar-174,bihar,2019,10,KISHANGANJ,Shukal Murmu,parties.IN.JMM,10275,0.93,7,forfeit,U,,,,challenger,src-31c65dbec869
IN-PC-2008-bihar-174,bihar,2019,10,KISHANGANJ,Alimuddin Ansari,,9822,0.89,8,forfeit,U,,10th Pass,Agricultural Business,challenger,src-31c65dbec869
IN-PC-2008-bihar-174,bihar,2019,10,KISHANGANJ,Chhote Lal Mahto,parties.IN.IND,8700,0.79,9,forfeit,U,,Literate,Distributors,challenger,src-31c65dbec869
IN-PC-2008-bihar-174,bihar,2019,10,KISHANGANJ,Asad Alam,parties.IN.IND,8133,0.74,10,forfeit,U,,Literate,,challenger,src-31c65dbec869
IN-PC-2008-bihar-174,bihar,2019,10,KISHANGANJ,Indra Deo Paswan,parties.IN.BSP,6793,0.62,11,forfeit,U,,Graduate Professional,,challenger,src-31c65dbec869
IN-PC-2008-bihar-174,bihar,2019,10,KISHANGANJ,Javed Akhter,parties.IN.AITC,5483,0.5,12,forfeit,U,,Graduate,,challenger,src-31c65dbec869
IN-PC-2008-bihar-174,bihar,2019,10,KISHANGANJ,Azimuddin,parties.IN.IND,4755,0.43,13,forfeit,U,,12th Pass,,challenger,src-31c65dbec869
IN-PC-2008-bihar-174,bihar,2019,10,KISHANGANJ,Rajendra Paswan,parties.IN.BMUP,4013,0.36,14,forfeit,U,,8th Pass,,challenger,src-31c65dbec869
IN-PC-2008-bihar-174,bihar,2019,10,KISHANGANJ,Pradip Kumar Singh,parties.IN.SHS,3266,0.3,15,forfeit,U,,10th Pass,School Teacher,challenger,src-31c65dbec869
IN-PC-2008-bihar-186,bihar,2019,11,KATIHAR,DULAL CHANDRA GOSWAMI,parties.IN.JDU,559423,50.05,1,won,U,,Graduate,,challenger,src-31c65dbec869
IN-PC-2008-bihar-186,bihar,2019,11,KATIHAR,TARIQ ANWAR,parties.IN.INC,502220,44.93,2,lost,U,,Graduate,MP,incumbent,src-31c65dbec869
IN-PC-2008-bihar-186,bihar,2019,11,KATIHAR,MUHAMMAD SHAKUR,parties.IN.NCP,9248,0.83,4,forfeit,U,,Graduate,,challenger,src-31c65dbec869
IN-PC-2008-bihar-186,bihar,2019,11,KATIHAR,SAMIR KUMAR JHA,parties.IN.IND,8119,0.73,5,forfeit,U,,12th Pass,,challenger,src-31c65dbec869
IN-PC-2008-bihar-186,bihar,2019,11,KATIHAR,MARANG HANSDA,parties.IN.IND,6247,0.56,6,forfeit,U,,Others,NGO,challenger,src-31c65dbec869
IN-PC-2008-bihar-186,bihar,2019,11,KATIHAR,SHIVNANDAN MANDAL,parties.IN.BSP,4014,0.36,7,forfeit,U,,Literate,,challenger,src-31c65dbec869
IN-PC-2008-bihar-186,bihar,2019,11,KATIHAR,GANGA KEBAT,parties.IN.RJBP,2937,0.26,8,forfeit,U,,10th Pass,,challenger,src-31c65dbec869
IN-PC-2008-bihar-186,bihar,2019,11,KATIHAR,BASUKINATH SAH,parties.IN.BBC,2633,0.24,9,forfeit,U,,5th Pass,,challenger,src-31c65dbec869
IN-PC-2008-bihar-186,bihar,2019,11,KATIHAR,ABDUR RAHMAN,parties.IN.PPID,2309,0.21,10,forfeit,U,,12th Pass,,crossover,src-31c65dbec869
IN-PC-2008-bihar-185,bihar,2019,12,PURNIA,SANTOSH KUMAR,parties.IN.JDU,632924,54.85,1,won,U,,12th Pass,,incumbent,src-31c65dbec869
IN-PC-2008-bihar-185,bihar,2019,12,PURNIA,UDAY SINGH ALIAS PAPPU SINGH,parties.IN.INC,369463,32.02,2,lost,U,,12th Pass,Industrialist,crossover,src-31c65dbec869
IN-PC-2008-bihar-185,bihar,2019,12,PURNIA,SHUBHASH KUMAR THAKUR,parties.IN.IND,31795,2.76,3,forfeit,U,,12th Pass,,challenger,src-31c65dbec869
IN-PC-2008-bihar-185,bihar,2019,12,PURNIA,SAGEER AHMAD,parties.IN.IND,21374,1.85,4,forfeit,U,,Others,,challenger,src-31c65dbec869
IN-PC-2008-bihar-185,bihar,2019,12,PURNIA,JITENDRA URAB,parties.IN.BSP,16537,1.43,6,forfeit,U,,Graduate,,challenger,src-31c65dbec869
IN-PC-2008-bihar-185,bihar,2019,12,PURNIA,ANIRUDH MEHTA,parties.IN.IND,9359,0.81,7,forfeit,U,,10th Pass,,challenger,src-31c65dbec869
IN-PC-2008-bihar-185,bihar,2019,12,PURNIA,RAJESH KUMAR,parties.IN.IND,9079,0.79,8,forfeit,U,,12th Pass,,challenger,src-31c65dbec869
IN-PC-2008-bihar-185,bihar,2019,12,PURNIA,MANJU MURMU,parties.IN.JMM,7963,0.69,9,forfeit,U,,5th Pass,,challenger,src-31c65dbec869
IN-PC-2008-bihar-185,bihar,2019,12,PURNIA,ASHOK KUMAR SINGH,parties.IN.IND,7565,0.66,10,forfeit,U,,8th Pass,,challenger,src-31c65dbec869
IN-PC-2008-bihar-185,bihar,2019,12,PURNIA,ASHOK KUMAR SAH,parties.IN.IND,7314,0.63,11,forfeit,U,,10th Pass,,challenger,src-31c65dbec869
IN-PC-2008-bihar-185,bihar,2019,12,PURNIA,SHOBHA SOREN,parties.IN.IND,6947,0.6,12,forfeit,U,,Literate,,challenger,src-31c65dbec869
IN-PC-2008-bihar-185,bihar,2019,12,PURNIA,ARJUN SINGH,parties.IN.IND,4444,0.39,13,forfeit,U,,Graduate Professional,,challenger,src-31c65dbec869
IN-PC-2008-bihar-185,bihar,2019,12,PURNIA,RAJIV KUMAR SINGH,parties.IN.IND,3403,0.29,14,forfeit,U,,8th Pass,,challenger,src-31c65dbec869
IN-PC-2008-bihar-185,bihar,2019,12,PURNIA,DR. MRITUNJAY KUMAR JHA,parties.IN.IND,3175,0.28,15,forfeit,U,,Graduate Professional,Doctor,challenger,src-31c65dbec869
IN-PC-2008-bihar-185,bihar,2019,12,PURNIA,SANOJ KUMAR CHAUHAN,,2625,0.23,16,forfeit,U,,Graduate Professional,Lawyer,challenger,src-31c65dbec869
IN-PC-2008-bihar-185,bihar,2019,12,PURNIA,MD. AKHTAR ALI,parties.IN.IND,1404,0.12,17,forfeit,U,,Literate,Mechanic,challenger,src-31c65dbec869
IN-PC-2008-bihar-171,bihar,2019,13,MADHEPURA,Dinesh Chandra Yadav,parties.IN.JDU,624334,54.42,1,won,U,,Graduate Professional,,challenger,src-31c65dbec869
IN-PC-2008-bihar-171,bihar,2019,13,MADHEPURA,Sharad Yadav,parties.IN.RJD,322807,28.14,2,lost,U,,Graduate Professional,Ex MP,crossover,src-31c65dbec869
IN-PC-2008-bihar-171,bihar,2019,13,MADHEPURA,Rajesh Ranjan @ Pappu Yadav,parties.IN.JAPL,97631,8.51,3,forfeit,U,,Graduate,,incumbent,src-31c65dbec869
IN-PC-2008-bihar-171,bihar,2019,13,MADHEPURA,Suman Kumar Jha,parties.IN.IND,17584,1.53,5,forfeit,U,,Post Graduate,,challenger,src-31c65dbec869
IN-PC-2008-bihar-171,bihar,2019,13,MADHEPURA,Jaykant Yadav,parties.IN.IND,8755,0.76,6,forfeit,U,,Post Graduate,,challenger,src-31c65dbec869
IN-PC-2008-bihar-171,bihar,2019,13,MADHEPURA,Anil Bharti,parties.IN.RVNP,7169,0.62,7,forfeit,U,,Post Graduate,Lawyer,challenger,src-31c65dbec869
IN-PC-2008-bihar-171,bihar,2019,13,MADHEPURA,Vinay Kumar Mishra,parties.IN.IND,5971,0.52,8,forfeit,U,,Graduate,,challenger,src-31c65dbec869
IN-PC-2008-bihar-171,bihar,2019,13,MADHEPURA,Rajo Sah,parties.IN.IND,5631,0.49,9,forfeit,U,,Literate,,challenger,src-31c65dbec869
IN-PC-2008-bihar-171,bihar,2019,13,MADHEPURA,Rajiv Kumar Yadav,parties.IN.BALP,4735,0.41,10,forfeit,U,,Graduate,,challenger,src-31c65dbec869
IN-PC-2008-bihar-171,bihar,2019,13,MADHEPURA,Suresh Kumar Bharti,,4731,0.41,11,forfeit,U,,Graduate,,challenger,src-31c65dbec869
IN-PC-2008-bihar-171,bihar,2019,13,MADHEPURA,Md. Arshad Husain,parties.IN.IND,3807,0.33,12,forfeit,U,,Post Graduate,,challenger,src-31c65dbec869
IN-PC-2008-bihar-171,bihar,2019,13,MADHEPURA,Umashankar,parties.IN.BMUP,3104,0.27,13,forfeit,U,,12th Pass,,challenger,src-31c65dbec869
IN-PC-2008-bihar-171,bihar,2019,13,MADHEPURA,Manoj Kumar Mandal,,2565,0.22,14,forfeit,U,,10th Pass,,challenger,src-31c65dbec869
IN-PC-2008-bihar-165,bihar,2019,14,DARBHANGA,Gopal Jee Thakur,parties.IN.BJP,586668,60.79,1,won,U,,Post Graduate,Party Worker,challenger,src-31c65dbec869
IN-PC-2008-bihar-165,bihar,2019,14,DARBHANGA,Abdul Bari Siddiqui,parties.IN.RJD,318689,33.02,2,lost,U,,12th Pass,,challenger,src-31c65dbec869
IN-PC-2008-bihar-165,bihar,2019,14,DARBHANGA,SAGUNI RAY,parties.IN.IND,13774,1.43,4,forfeit,U,,Literate,,challenger,src-31c65dbec869
IN-PC-2008-bihar-165,bihar,2019,14,DARBHANGA,MD. MUKHTAR,parties.IN.BSP,11255,1.17,5,forfeit,U,,Literate,,challenger,src-31c65dbec869
IN-PC-2008-bihar-165,bihar,2019,14,DARBHANGA,Saroj Kumar Chaudhary,,4413,0.46,6,forfeit,U,,10th Pass,School Teacher,challenger,src-31c65dbec869
IN-PC-2008-bihar-165,bihar,2019,14,DARBHANGA,SANJAY PASWAN,parties.IN.IND,4396,0.46,7,forfeit,U,,10th Pass,Artisan,challenger,src-31c65dbec869
IN-PC-2008-bihar-165,bihar,2019,14,DARBHANGA,PANKAJ KUMAR SINGH,parties.IN.IND,2769,0.29,8,forfeit,U,,10th Pass,Auto-rickshaw Driver,challenger,src-31c65dbec869
IN-PC-2008-bihar-165,bihar,2019,14,DARBHANGA,Abdul Aziz,parties.IN.IND,2564,0.27,9,forfeit,U,,,,challenger,src-31c65dbec869
IN-PC-2008-bihar-159,bihar,2019,15,MUZAFFARPUR,Ajay Nishad,parties.IN.BJP,666878,63.03,1,won,U,,Graduate,,incumbent,src-31c65dbec869
IN-PC-2008-bihar-159,bihar,2019,15,MUZAFFARPUR,Raj Bhushan Choudhary,,256890,24.28,2,lost,U,,Post Graduate,Doctor,challenger,src-31c65dbec869
IN-PC-2008-bihar-159,bihar,2019,15,MUZAFFARPUR,Sukhdeo Prasad,,24526,2.32,3,forfeit,U,,12th Pass,,challenger,src-31c65dbec869
IN-PC-2008-bihar-159,bihar,2019,15,MUZAFFARPUR,Sudhir Kumar Jha,,15843,1.5,4,forfeit,U,,Graduate,Agricultural Business,challenger,src-31c65dbec869
IN-PC-2008-bihar-159,bihar,2019,15,MUZAFFARPUR,Swarnlata Devi,parties.IN.BSP,9095,0.86,6,forfeit,U,,12th Pass,,challenger,src-31c65dbec869
IN-PC-2008-bihar-159,bihar,2019,15,MUZAFFARPUR,Shiv shakti Monu,,8236,0.78,7,forfeit,U,,10th Pass,,challenger,src-31c65dbec869
IN-PC-2008-bihar-159,bihar,2019,15,MUZAFFARPUR,Renu Khari,parties.IN.JANADIP,7995,0.76,8,forfeit,U,,Post Graduate,Self-employed,challenger,src-31c65dbec869
IN-PC-2008-bihar-159,bihar,2019,15,MUZAFFARPUR,Devendra Rakesh,,7709,0.73,9,forfeit,U,,Post Graduate,Lawyer,challenger,src-31c65dbec869
IN-PC-2008-bihar-159,bihar,2019,15,MUZAFFARPUR,Surendra Ray,,7258,0.69,10,forfeit,U,,8th Pass,,challenger,src-31c65dbec869
IN-PC-2008-bihar-159,bihar,2019,15,MUZAFFARPUR,Mohamad Idris,,6116,0.58,11,forfeit,U,,12th Pass,,challenger,src-31c65dbec869
IN-PC-2008-bihar-159,bihar,2019,15,MUZAFFARPUR,Shiva Bihari Singhania,,5674,0.54,12,forfeit,U,,12th Pass,,challenger,src-31c65dbec869
IN-PC-2008-bihar-159,bihar,2019,15,MUZAFFARPUR,Jauhar Azad,parties.IN.BMUP,4636,0.44,13,forfeit,U,,12th Pass,,challenger,src-31c65dbec869
IN-PC-2008-bihar-159,bihar,2019,15,MUZAFFARPUR,Pradeep Kumar Singh,parties.IN.SHS,4321,0.41,14,forfeit,U,,Graduate Professional,,challenger,src-31c65dbec869
IN-PC-2008-bihar-159,bihar,2019,15,MUZAFFARPUR,Pankaj Kumar,,3434,0.32,15,forfeit,U,,12th Pass,,challenger,src-31c65dbec869
IN-PC-2008-bihar-159,bihar,2019,15,MUZAFFARPUR,Dharmendra Paswan,,3323,0.31,16,forfeit,U,,Literate,,challenger,src-31c65dbec869
IN-PC-2008-bihar-159,bihar,2019,15,MUZAFFARPUR,Nageshwar Prasad Singh,parties.IN.RRP,3195,0.3,17,forfeit,U,,5th Pass,,challenger,src-31c65dbec869
IN-PC-2008-bihar-159,bihar,2019,15,MUZAFFARPUR,Ajitansh Gaur,parties.IN.IND,2621,0.25,18,forfeit,U,,Post Graduate,School Teacher,challenger,src-31c65dbec869
IN-PC-2008-bihar-159,bihar,2019,15,MUZAFFARPUR,Nandan Kumar,parties.IN.JP,2572,0.24,19,forfeit,U,,Post Graduate,,challenger,src-31c65dbec869
IN-PC-2008-bihar-159,bihar,2019,15,MUZAFFARPUR,Anirudh Singh,parties.IN.AIFB,2543,0.24,20,forfeit,U,,Graduate,Ex Govt Employee,challenger,src-31c65dbec869
IN-PC-2008-bihar-159,bihar,2019,15,MUZAFFARPUR,Suresh Kumar,parties.IN.IND,2314,0.22,21,forfeit,U,,Graduate,,challenger,src-31c65dbec869
IN-PC-2008-bihar-159,bihar,2019,15,MUZAFFARPUR,Ritesh Prasad,parties.IN.IND,2147,0.2,22,forfeit,U,,12th Pass,,challenger,src-31c65dbec869
IN-PC-2008-bihar-159,bihar,2019,15,MUZAFFARPUR,Mukesh Kumar,parties.IN.IND,1589,0.15,23,forfeit,U,,Graduate,,challenger,src-31c65dbec869
IN-PC-2008-bihar-182,bihar,2019,17,GOPALGANJ (SC),DR. ALOK KUMAR SUMAN,parties.IN.JDU,568150,55.44,1,won,U,,Post Graduate,Doctor,challenger,src-31c65dbec869
IN-PC-2008-bihar-182,bihar,2019,17,GOPALGANJ (SC),SURENDRA RAM,parties.IN.RJD,281716,27.49,2,lost,U,,Graduate,,challenger,src-31c65dbec869
IN-PC-2008-bihar-182,bihar,2019,17,GOPALGANJ (SC),KUNAL KISHOR VIVEK,parties.IN.BSP,36016,3.51,4,forfeit,U,,Post Graduate,,challenger,src-31c65dbec869
IN-PC-2008-bihar-182,bihar,2019,17,GOPALGANJ (SC),DINANATH MANJHI,parties.IN.IND,15600,1.52,5,forfeit,U,,Graduate,,challenger,src-31c65dbec869
IN-PC-2008-bihar-182,bihar,2019,17,GOPALGANJ (SC),SURENDRA RAM,parties.IN.IND,13807,1.35,6,forfeit,U,,,,challenger,src-31c65dbec869
IN-PC-2008-bihar-182,bihar,2019,17,GOPALGANJ (SC),DILIP KUMAR MANJHI,parties.IN.IND,12773,1.25,7,forfeit,U,,Graduate,,challenger,src-31c65dbec869
IN-PC-2008-bihar-182,bihar,2019,17,GOPALGANJ (SC),SURAJ KUMAR,parties.IN.IND,10089,0.98,8,forfeit,U,,Post Graduate,Home Teacher or Tuition,challenger,src-31c65dbec869
IN-PC-2008-bihar-182,bihar,2019,17,GOPALGANJ (SC),RAM KUMAR MANJHI,parties.IN.IND,9676,0.94,9,forfeit,U,,Graduate,,challenger,src-31c65dbec869
IN-PC-2008-bihar-182,bihar,2019,17,GOPALGANJ (SC),AJAY PASWAN,parties.IN.SHS,7573,0.74,10,forfeit,U,,Graduate,,challenger,src-31c65dbec869
IN-PC-2008-bihar-182,bihar,2019,17,GOPALGANJ (SC),UMA SHANKAR KHARAWAR,parties.IN.IND,4971,0.49,11,forfeit,U,,Graduate Professional,Ex Govt Employee,challenger,src-31c65dbec869
IN-PC-2008-bihar-182,bihar,2019,17,GOPALGANJ (SC),ANIL KUMAR MANJHI,parties.IN.IND,4886,0.48,12,forfeit,U,,,,challenger,src-31c65dbec869
IN-PC-2008-bihar-182,bihar,2019,17,GOPALGANJ (SC),GAYA RAM,parties.IN.IND,4215,0.41,13,forfeit,U,,Post Graduate,,challenger,src-31c65dbec869
IN-PC-2008-bihar-182,bihar,2019,17,GOPALGANJ (SC),OM PRAKASH MANJHI,,3744,0.37,14,forfeit,U,,Literate,,challenger,src-31c65dbec869
IN-PC-2008-bihar-170,bihar,2019,21,HAJIPUR (SC),PASHU PATI KUMAR PARAS,parties.IN.LJP,541310,53.76,1,won,U,,Graduate Professional,"MLA, Minister",challenger,src-31c65dbec869
IN-PC-2008-bihar-170,bihar,2019,21,HAJIPUR (SC),SHIV CHANDRA RAM,parties.IN.RJD,335861,33.36,2,lost,U,,Graduate,Agricultural Business,challenger,src-31c65dbec869
IN-PC-2008-bihar-170,bihar,2019,21,HAJIPUR (SC),RAJ KR. PASWAN,parties.IN.IND,30797,3.06,3,forfeit,U,,,,challenger,src-31c65dbec869
IN-PC-2008-bihar-170,bihar,2019,21,HAJIPUR (SC),ARVIND PASWAN,parties.IN.IND,18346,1.82,5,forfeit,U,,12th Pass,,challenger,src-31c65dbec869
IN-PC-2008-bihar-170,bihar,2019,21,HAJIPUR (SC),UMESH DAS,parties.IN.BSP,14579,1.45,6,forfeit,U,,10th Pass,,challenger,src-31c65dbec869
IN-PC-2008-bihar-170,bihar,2019,21,HAJIPUR (SC),RAJGIR PASWAN,,11199,1.11,7,forfeit,U,,Literate,,challenger,src-31c65dbec869
IN-PC-2008-bihar-170,bihar,2019,21,HAJIPUR (SC),SHIWANI KANT,parties.IN.IND,8751,0.87,8,forfeit,U,,Graduate,,challenger,src-31c65dbec869
IN-PC-2008-bihar-170,bihar,2019,21,HAJIPUR (SC),KUMARI AASHIKI,,6801,0.68,9,forfeit,U,,Graduate Professional,,challenger,src-31c65dbec869
IN-PC-2008-bihar-170,bihar,2019,21,HAJIPUR (SC),BALENDRA DAS,,5589,0.56,10,forfeit,U,,Post Graduate,,challenger,src-31c65dbec869
IN-PC-2008-bihar-170,bihar,2019,21,HAJIPUR (SC),DASAI CHAUDHARY,parties.IN.NCP,4875,0.48,11,forfeit,U,,Graduate,"Petrol Pumps, Rent",crossover,src-31c65dbec869
IN-PC-2008-bihar-170,bihar,2019,21,HAJIPUR (SC),JIBAS PASWAN,,3453,0.34,12,forfeit,U,,10th Pass,,challenger,src-31c65dbec869
IN-PC-2008-bihar-152,bihar,2019,22,UJIARPUR,Nityanand Rai,parties.IN.BJP,543906,56.11,1,won,U,,Graduate,Agricultural Business,incumbent,src-31c65dbec869
IN-PC-2008-bihar-152,bihar,2019,22,UJIARPUR,Upendra Kushwaha,,266628,27.51,2,lost,U,,Post Graduate,College Professor or Lecturer,incumbent,src-31c65dbec869
IN-PC-2008-bihar-152,bihar,2019,22,UJIARPUR,Ajay Kumar,,27577,2.85,3,forfeit,U,,Post Graduate,Party Worker,challenger,src-31c65dbec869
IN-PC-2008-bihar-152,bihar,2019,22,UJIARPUR,Mamta Kumari,parties.IN.IND,23590,2.43,4,forfeit,U,,12th Pass,Panchayat Member,challenger,src-31c65dbec869
IN-PC-2008-bihar-152,bihar,2019,22,UJIARPUR,Allamaa Shiblee Nomanee Halami,parties.IN.IND,16359,1.69,5,forfeit,U,,10th Pass,,challenger,src-31c65dbec869
IN-PC-2008-bihar-152,bihar,2019,22,UJIARPUR,MD. Anwar,parties.IN.IND,13934,1.44,7,forfeit,U,,10th Pass,"Agricultural Business, Private Company",challenger,src-31c65dbec869
IN-PC-2008-bihar-152,bihar,2019,22,UJIARPUR,Dr. Ajay Singh Almust,,10051,1.04,8,forfeit,U,,Doctorate,Ex MLA,challenger,src-31c65dbec869
IN-PC-2008-bihar-152,bihar,2019,22,UJIARPUR,Navin Kumar,parties.IN.BSP,9699,1,9,forfeit,U,,Post Graduate,College Professor or Lecturer,challenger,src-31c65dbec869
IN-PC-2008-bihar-152,bihar,2019,22,UJIARPUR,Lalan Kumar Roy,parties.IN.BALP,7535,0.78,10,forfeit,U,,8th Pass,,challenger,src-31c65dbec869
IN-PC-2008-bihar-152,bihar,2019,22,UJIARPUR,Sudhir Kumar Ray,parties.IN.IND,6831,0.7,11,forfeit,U,,Graduate Professional,,challenger,src-31c65dbec869
IN-PC-2008-bihar-152,bihar,2019,22,UJIARPUR,Pranav Kumar,parties.IN.IND,6074,0.63,12,forfeit,U,,12th Pass,Shop Keeper,challenger,src-31c65dbec869
IN-PC-2008-bihar-152,bihar,2019,22,UJIARPUR,Ramashray Thakur,parties.IN.IND,4942,0.51,13,forfeit,U,,Literate,,challenger,src-31c65dbec869
IN-PC-2008-bihar-152,bihar,2019,22,UJIARPUR,Jay Narayan Sah,,4724,0.49,14,forfeit,U,,Post Graduate,Lawyer,challenger,src-31c65dbec869
IN-PC-2008-bihar-152,bihar,2019,22,UJIARPUR,Raj Kumar Chauhan,,4241,0.44,15,forfeit,U,,10th Pass,,challenger,src-31c65dbec869
IN-PC-2008-bihar-152,bihar,2019,22,UJIARPUR,Kumar Gaurav,,2367,0.24,16,forfeit,U,,Post Graduate,,challenger,src-31c65dbec869
IN-PC-2008-bihar-152,bihar,2019,22,UJIARPUR,Manoj Kumar,,2364,0.24,17,forfeit,U,,Doctorate,,challenger,src-31c65dbec869
IN-PC-2008-bihar-152,bihar,2019,22,UJIARPUR,Amrendra Kumar Yadav,,2186,0.23,18,forfeit,U,,Post Graduate,,crossover,src-31c65dbec869
IN-PC-2008-bihar-152,bihar,2019,22,UJIARPUR,A M Izharul Haque,,1842,0.19,19,forfeit,U,,Post Graduate,Lawyer,challenger,src-31c65dbec869
IN-PC-2008-bihar-169,bihar,2019,23,SAMASTIPUR,Prince Raj,parties.IN.LJP,390276,49.48,1,won,M,,,,challenger,src-31c65dbec869
IN-PC-2008-bihar-169,bihar,2019,23,SAMASTIPUR,Dr. Ashok Kumar,parties.IN.INC,288186,36.54,2,lost,M,,,,challenger,src-31c65dbec869
IN-PC-2008-bihar-169,bihar,2019,23,SAMASTIPUR,Suraj Kumar Das,parties.IN.IND,36152,4.58,3,forfeit,M,,,,challenger,src-31c65dbec869
IN-PC-2008-bihar-169,bihar,2019,23,SAMASTIPUR,NOTA,,25694,3.26,4,lost,U,,,,challenger,src-31c65dbec869
IN-PC-2008-bihar-169,bihar,2019,23,SAMASTIPUR,Nirdosh Kumar,,14897,1.89,5,forfeit,M,,,,challenger,src-31c65dbec869
IN-PC-2008-bihar-169,bihar,2019,23,SAMASTIPUR,Shashi Bhushan Das,parties.IN.IND,13573,1.72,6,forfeit,M,,,,challenger,src-31c65dbec869
IN-PC-2008-bihar-169,bihar,2019,23,SAMASTIPUR,Anamika,parties.IN.IND,9154,1.16,7,forfeit,F,,,,challenger,src-31c65dbec869
IN-PC-2008-bihar-169,bihar,2019,23,SAMASTIPUR,Ranju Devi,,6495,0.82,8,forfeit,F,,,,challenger,src-31c65dbec869
IN-PC-2008-bihar-169,bihar,2019,23,SAMASTIPUR,Vidya Nand Ram,,4252,0.54,9,forfeit,M,,,,challenger,src-31c65dbec869
IN-PC-2008-bihar-180,bihar,2019,24,BEGUSARAI,Giriraj Singh,parties.IN.BJP,692193,56.48,1,won,U,,Graduate,,incumbent,src-31c65dbec869
IN-PC-2008-bihar-180,bihar,2019,24,BEGUSARAI,Kanhaiya Kumar,parties.IN.CPI,269976,22.03,2,lost,U,,Doctorate,Qualified Professional,challenger,src-31c65dbec869
IN-PC-2008-bihar-180,bihar,2019,24,BEGUSARAI,Mo. Tanweer Hassan,parties.IN.RJD,198233,16.17,3,forfeit,U,,Doctorate,,challenger,src-31c65dbec869
IN-PC-2008-bihar-180,bihar,2019,24,BEGUSARAI,Saurabh,parties.IN.IND,18638,1.52,5,forfeit,U,,12th Pass,,challenger,src-31c65dbec869
IN-PC-2008-bihar-180,bihar,2019,24,BEGUSARAI,Shambhu Kumar Singh,parties.IN.IND,10019,0.82,6,forfeit,U,,Doctorate,,challenger,src-31c65dbec869
IN-PC-2008-bihar-180,bihar,2019,24,BEGUSARAI,Dhiraj Narain,parties.IN.IND,4278,0.35,7,forfeit,U,,12th Pass,,challenger,src-31c65dbec869
IN-PC-2008-bihar-180,bihar,2019,24,BEGUSARAI,Umesh Patel,parties.IN.SSD,4172,0.34,8,forfeit,U,,10th Pass,,challenger,src-31c65dbec869
IN-PC-2008-bihar-180,bihar,2019,24,BEGUSARAI,Maksudan Paswan,parties.IN.BMUP,3194,0.26,9,forfeit,U,,Literate,,challenger,src-31c65dbec869
IN-PC-2008-bihar-180,bihar,2019,24,BEGUSARAI,Amar Kumar,parties.IN.IND,2560,0.21,10,forfeit,U,,Literate,,challenger,src-31c65dbec869
IN-PC-2008-bihar-180,bihar,2019,24,BEGUSARAI,Gaurav Kumar,,1886,0.15,11,forfeit,U,,Post Graduate,Lawyer,challenger,src-31c65dbec869
IN-PC-2008-bihar-167,bihar,2019,25,KHAGARIA,Choudhary Mehboob Ali Kaiser,parties.IN.LJP,510193,52.77,1,won,U,,Graduate,,incumbent,src-31c65dbec869
IN-PC-2008-bihar-167,bihar,2019,25,KHAGARIA,Mukesh Sahani,,261623,27.06,2,lost,U,,8th Pass,,challenger,src-31c65dbec869
IN-PC-2008-bihar-167,bihar,2019,25,KHAGARIA,Priadarshi Dinkar,parties.IN.IND,51847,5.36,3,forfeit,U,,Graduate,,challenger,src-31c65dbec869
IN-PC-2008-bihar-167,bihar,2019,25,KHAGARIA,Bandan Kumar Singh,parties.IN.IND,20449,2.12,4,forfeit,U,,10th Pass,,challenger,src-31c65dbec869
IN-PC-2008-bihar-167,bihar,2019,25,KHAGARIA,Moni Kumar,parties.IN.BMUP,16692,1.73,5,forfeit,U,,12th Pass,,challenger,src-31c65dbec869
IN-PC-2008-bihar-167,bihar,2019,25,KHAGARIA,Nagendra Singh Tyagi,parties.IN.IND,16097,1.66,6,forfeit,U,,Graduate,,challenger,src-31c65dbec869
IN-PC-2008-bihar-167,bihar,2019,25,KHAGARIA,Dhirendra Chaudhary,,10747,1.11,7,forfeit,U,,8th Pass,,challenger,src-31c65dbec869
IN-PC-2008-bihar-167,bihar,2019,25,KHAGARIA,Madhuvala Devi,,8253,0.85,8,forfeit,U,,12th Pass,,challenger,src-31c65dbec869
IN-PC-2008-bihar-167,bihar,2019,25,KHAGARIA,Ramakant Chaudhari,parties.IN.BSP,8090,0.84,9,forfeit,U,,Literate,,challenger,src-31c65dbec869
IN-PC-2008-bihar-167,bihar,2019,25,KHAGARIA,Umesh Chandra Bharti,,7763,0.8,10,forfeit,U,,Literate,,challenger,src-31c65dbec869
IN-PC-2008-bihar-167,bihar,2019,25,KHAGARIA,Parmanand Singh,parties.IN.IND,6628,0.69,12,forfeit,U,,10th Pass,,challenger,src-31c65dbec869
IN-PC-2008-bihar-167,bihar,2019,25,KHAGARIA,Sangram Kumar Sada,parties.IN.IND,6527,0.68,13,forfeit,U,,Graduate,,challenger,src-31c65dbec869
IN-PC-2008-bihar-167,bihar,2019,25,KHAGARIA,Upendra Sahani,parties.IN.RJBP,6000,0.62,14,forfeit,U,,Graduate,,challenger,src-31c65dbec869
IN-PC-2008-bihar-167,bihar,2019,25,KHAGARIA,Sunil Yadav,,5927,0.61,15,forfeit,U,,8th Pass,,challenger,src-31c65dbec869
IN-PC-2008-bihar-167,bihar,2019,25,KHAGARIA,Vinay Kumar Varun,,5089,0.53,16,forfeit,U,,Graduate,,challenger,src-31c65dbec869
IN-PC-2008-bihar-167,bihar,2019,25,KHAGARIA,Kundan Kumar,parties.IN.IND,4493,0.46,17,forfeit,U,,Graduate,Home Teacher or Tuition,challenger,src-31c65dbec869
IN-PC-2008-bihar-167,bihar,2019,25,KHAGARIA,Shobha Devi,parties.IN.IND,4108,0.42,18,forfeit,U,,Literate,,challenger,src-31c65dbec869
IN-PC-2008-bihar-167,bihar,2019,25,KHAGARIA,Sandeep Kumar Saket,parties.IN.SHS,3907,0.4,19,forfeit,U,,Graduate,,challenger,src-31c65dbec869
IN-PC-2008-bihar-167,bihar,2019,25,KHAGARIA,Tej Bahadur Singh,,2830,0.29,20,forfeit,U,,Graduate,Ex Govt Employee,challenger,src-31c65dbec869
IN-PC-2008-bihar-167,bihar,2019,25,KHAGARIA,Shiv Narayan Singh,parties.IN.IND,1954,0.2,21,forfeit,U,,12th Pass,,challenger,src-31c65dbec869
IN-PC-2008-bihar-155,bihar,2019,26,BHAGALPUR,AJAY KUMAR MANDAL,parties.IN.JDU,618254,59.3,1,won,U,,8th Pass,"MLA, Party Worker",challenger,src-31c65dbec869
IN-PC-2008-bihar-155,bihar,2019,26,BHAGALPUR,SHAILESH KUMAR ALIAS VULO MANDAL,parties.IN.RJD,340624,32.67,2,lost,U,,12th Pass,,incumbent,src-31c65dbec869
IN-PC-2008-bihar-155,bihar,2019,26,BHAGALPUR,NURULLAH,parties.IN.IND,9620,0.92,4,forfeit,U,,Graduate,Ex Military,challenger,src-31c65dbec869
IN-PC-2008-bihar-155,bihar,2019,26,BHAGALPUR,MOHAMMAD ASHIQ IBRAHIMI,parties.IN.BSP,9572,0.92,5,forfeit,U,,Doctorate,Lawyer,challenger,src-31c65dbec869
IN-PC-2008-bihar-155,bihar,2019,26,BHAGALPUR,SUNIL KUMAR,parties.IN.IND,7850,0.75,6,forfeit,U,,Graduate Professional,Lawyer,challenger,src-31c65dbec869
IN-PC-2008-bihar-155,bihar,2019,26,BHAGALPUR,DEEPAK KUMAR,,7396,0.71,7,forfeit,U,,Others,Hospitality,challenger,src-31c65dbec869
IN-PC-2008-bihar-155,bihar,2019,26,BHAGALPUR,SATYENDRA KUMAR,,7316,0.7,8,forfeit,U,,Graduate Professional,,challenger,src-31c65dbec869
IN-PC-2008-bihar-155,bihar,2019,26,BHAGALPUR,ABHISHEK PRIYADARSHI,parties.IN.IND,5555,0.53,9,forfeit,U,,12th Pass,Self-employed,challenger,src-31c65dbec869
IN-PC-2008-bihar-155,bihar,2019,26,BHAGALPUR,SUSHIL KUMAR DAS,,4764,0.46,10,forfeit,U,,10th Pass,,challenger,src-31c65dbec869
IN-PC-2008-bihar-157,bihar,2019,27,BANKA,GIRIDHARI YADAV,parties.IN.JDU,477788,47.98,1,won,U,,Post Graduate,Rent,crossover,src-31c65dbec869
IN-PC-2008-bihar-157,bihar,2019,27,BANKA,JAI PRAKASH NARAYAN YADAV,parties.IN.RJD,277256,27.84,2,lost,U,,Post Graduate,Party Worker,incumbent,src-31c65dbec869
IN-PC-2008-bihar-157,bihar,2019,27,BANKA,PUTUL KUMARI,parties.IN.IND,103729,10.42,3,forfeit,U,,Post Graduate,Ex MP,challenger,src-31c65dbec869
IN-PC-2008-bihar-157,bihar,2019,27,BANKA,MANOJ KUMAR SAH,parties.IN.IND,44398,4.46,4,forfeit,U,,10th Pass,,challenger,src-31c65dbec869
IN-PC-2008-bihar-157,bihar,2019,27,BANKA,PRAVIN KUMAR JHA,parties.IN.IND,17025,1.71,5,forfeit,U,,12th Pass,,challenger,src-31c65dbec869
IN-PC-2008-bihar-157,bihar,2019,27,BANKA,MRITUNJAY ROY,parties.IN.IND,14229,1.43,6,forfeit,U,,Literate,,challenger,src-31c65dbec869
IN-PC-2008-bihar-157,bihar,2019,27,BANKA,MD RAFIQUE ALAM,parties.IN.BSP,11960,1.2,7,forfeit,U,,Graduate,,challenger,src-31c65dbec869
IN-PC-2008-bihar-157,bihar,2019,27,BANKA,PRAMOD SINGH WELDONE,parties.IN.IND,7362,0.74,8,forfeit,U,,10th Pass,,challenger,src-31c65dbec869
IN-PC-2008-bihar-157,bihar,2019,27,BANKA,MOHAMMAD MUKHTAR ALAM,parties.IN.IND,5786,0.58,10,forfeit,U,,8th Pass,,challenger,src-31c65dbec869
IN-PC-2008-bihar-157,bihar,2019,27,BANKA,PAWAN THAKUR,parties.IN.IND,4084,0.41,11,forfeit,U,,10th Pass,,challenger,src-31c65dbec869
IN-PC-2008-bihar-157,bihar,2019,27,BANKA,RAJKISHORE PRASAD ALIAS PAPPU YADAV,parties.IN.JMM,3938,0.4,12,forfeit,U,,12th Pass,,challenger,src-31c65dbec869
IN-PC-2008-bihar-157,bihar,2019,27,BANKA,AMARJEET KUMAR,parties.IN.IND,3673,0.37,13,forfeit,U,,12th Pass,,challenger,src-31c65dbec869
IN-PC-2008-bihar-157,bihar,2019,27,BANKA,NARESH YADAV,parties.IN.IND,2761,0.28,14,forfeit,U,,Literate,,challenger,src-31c65dbec869
IN-PC-2008-bihar-157,bihar,2019,27,BANKA,KAILASH PRASAD SINGH,,2582,0.26,15,forfeit,U,,Graduate Professional,Lawyer,challenger,src-31c65dbec869
IN-PC-2008-bihar-157,bihar,2019,27,BANKA,SANJIV KUMAR KUNAL,parties.IN.IND,2382,0.24,16,forfeit,U,,Graduate,,challenger,src-31c65dbec869
IN-PC-2008-bihar-157,bihar,2019,27,BANKA,NEELU DEVI,,2331,0.23,17,forfeit,U,,8th Pass,Household,challenger,src-31c65dbec869
IN-PC-2008-bihar-157,bihar,2019,27,BANKA,PHESAL ANSARI,,2131,0.21,18,forfeit,U,,8th Pass,,challenger,src-31c65dbec869
IN-PC-2008-bihar-157,bihar,2019,27,BANKA,SYED ALAMDAR HUSSAIN,parties.IN.IND,1999,0.2,19,forfeit,U,,12th Pass,,challenger,src-31c65dbec869
IN-PC-2008-bihar-157,bihar,2019,27,BANKA,UMAKANT YADAV,parties.IN.IND,1889,0.19,20,forfeit,U,,Graduate Professional,Lawyer,challenger,src-31c65dbec869
IN-PC-2008-bihar-157,bihar,2019,27,BANKA,MP YADAV,parties.IN.IND,1878,0.19,21,forfeit,U,,8th Pass,,challenger,src-31c65dbec869
IN-PC-2008-bihar-168,bihar,2019,28,MUNGER,RAJIV RANJAN SINGH ALIAS LALAN SINGH,parties.IN.JDU,528762,51.03,1,won,U,,Graduate,,challenger,src-31c65dbec869
IN-PC-2008-bihar-168,bihar,2019,28,MUNGER,NILAM DEVI,parties.IN.INC,360825,34.82,2,lost,U,,Literate,,challenger,src-31c65dbec869
IN-PC-2008-bihar-168,bihar,2019,28,MUNGER,AMARJIT PATEL,parties.IN.IND,18646,1.8,3,forfeit,U,,Graduate,,challenger,src-31c65dbec869
IN-PC-2008-bihar-168,bihar,2019,28,MUNGER,DINA SAW,parties.IN.IND,15893,1.53,4,forfeit,U,,8th Pass,,challenger,src-31c65dbec869
IN-PC-2008-bihar-168,bihar,2019,28,MUNGER,UCHIT KUMAR,parties.IN.IND,12370,1.19,5,forfeit,U,,,,challenger,src-31c65dbec869
IN-PC-2008-bihar-168,bihar,2019,28,MUNGER,DR. RAJESH KUMAR RATNAKAR,parties.IN.IND,11054,1.07,6,forfeit,U,,Graduate Professional,,challenger,src-31c65dbec869
IN-PC-2008-bihar-168,bihar,2019,28,MUNGER,KUMAR NAVNEET HIMANSHU,parties.IN.BSP,10612,1.02,7,forfeit,U,,12th Pass,School Teacher,challenger,src-31c65dbec869
IN-PC-2008-bihar-168,bihar,2019,28,MUNGER,ARVIND KUMAR SHARMA,,9291,0.9,9,forfeit,U,,Post Graduate,,challenger,src-31c65dbec869
IN-PC-2008-bihar-168,bihar,2019,28,MUNGER,AJIT KUMAR,parties.IN.JMM,8677,0.84,10,forfeit,U,,10th Pass,,challenger,src-31c65dbec869
IN-PC-2008-bihar-168,bihar,2019,28,MUNGER,SANJAY KESARI,parties.IN.SHS,8631,0.83,11,forfeit,U,,Graduate,Home Teacher or Tuition,challenger,src-31c65dbec869
IN-PC-2008-bihar-168,bihar,2019,28,MUNGER,MAHESH RAM,parties.IN.IND,7450,0.72,12,forfeit,U,,12th Pass,,challenger,src-31c65dbec869
IN-PC-2008-bihar-168,bihar,2019,28,MUNGER,SONELAL KORA,parties.IN.BBC,7162,0.69,13,forfeit,U,,5th Pass,,challenger,src-31c65dbec869
IN-PC-2008-bihar-168,bihar,2019,28,MUNGER,PRANAY KUMAR,parties.IN.IND,4743,0.46,14,forfeit,U,,Graduate,,challenger,src-31c65dbec869
IN-PC-2008-bihar-168,bihar,2019,28,MUNGER,SURYODAY PASWAN,,4450,0.43,15,forfeit,U,,Graduate,,challenger,src-31c65dbec869
IN-PC-2008-bihar-168,bihar,2019,28,MUNGER,SANTOSH KUMAR,parties.IN.BMUP,4407,0.43,16,forfeit,U,,12th Pass,"School Teacher, Home Teacher or Tuition",challenger,src-31c65dbec869
IN-PC-2008-bihar-168,bihar,2019,28,MUNGER,VIKASH KUMAR ARYA,,4307,0.42,17,forfeit,U,,12th Pass,School Teacher,challenger,src-31c65dbec869
IN-PC-2008-bihar-168,bihar,2019,28,MUNGER,KRISHNA MURARI KUMAR,parties.IN.JANADIP,3556,0.34,18,forfeit,U,,Graduate,,challenger,src-31c65dbec869
IN-PC-2008-bihar-168,bihar,2019,28,MUNGER,PANCHANAND SINGH,,3271,0.32,19,forfeit,U,,Graduate,,challenger,src-31c65dbec869
IN-PC-2008-bihar-168,bihar,2019,28,MUNGER,RAUSHAN KUMAR,,2419,0.23,20,forfeit,U,,12th Pass,,challenger,src-31c65dbec869
IN-PC-2008-bihar-173,bihar,2019,29,NALANDA,Kaushlendra Kumar,parties.IN.JDU,540888,52.45,1,won,U,,12th Pass,MP,incumbent,src-31c65dbec869
IN-PC-2008-bihar-173,bihar,2019,29,NALANDA,Ashok Kumar Azad,,284751,27.61,2,lost,U,,12th Pass,,challenger,src-31c65dbec869
IN-PC-2008-bihar-173,bihar,2019,29,NALANDA,Ramvilaf Paswan,,21276,2.06,3,forfeit,U,,5th Pass,Ex Govt Employee,challenger,src-31c65dbec869
IN-PC-2008-bihar-173,bihar,2019,29,NALANDA,Brahamdev Prasad,parties.IN.SSD,16346,1.59,4,forfeit,U,,Post Graduate,,challenger,src-31c65dbec869
IN-PC-2008-bihar-173,bihar,2019,29,NALANDA,Shashi Kumar,parties.IN.BSP,12675,1.23,5,forfeit,U,,10th Pass,,challenger,src-31c65dbec869
IN-PC-2008-bihar-173,bihar,2019,29,NALANDA,Rakesh Paswan,parties.IN.IND,11964,1.16,6,forfeit,U,,Graduate,,challenger,src-31c65dbec869
IN-PC-2008-bihar-173,bihar,2019,29,NALANDA,Ashok Kumar,parties.IN.IND,10137,0.98,7,forfeit,U,,Graduate,,challenger,src-31c65dbec869
IN-PC-2008-bihar-173,bihar,2019,29,NALANDA,Rekha Kumari,,9150,0.89,8,forfeit,U,,12th Pass,Household,challenger,src-31c65dbec869
IN-PC-2008-bihar-173,bihar,2019,29,NALANDA,Ramchandra Singh,parties.IN.IND,9075,0.88,9,forfeit,U,,Graduate Professional,Agricultural Business,challenger,src-31c65dbec869
IN-PC-2008-bihar-173,bihar,2019,29,NALANDA,Anil Kumar,,8086,0.78,11,forfeit,U,,Graduate,,challenger,src-31c65dbec869
IN-PC-2008-bihar-173,bihar,2019,29,NALANDA,Ramchandra Prasad,,6514,0.63,12,forfeit,U,,Graduate,,challenger,src-31c65dbec869
IN-PC-2008-bihar-173,bihar,2019,29,NALANDA,Sunil Ravidas,parties.IN.RPI,6428,0.62,13,forfeit,U,,Graduate,,challenger,src-31c65dbec869
IN-PC-2008-bihar-173,bihar,2019,29,NALANDA,Mintu Kumar,parties.IN.IND,6325,0.61,14,forfeit,U,,10th Pass,,challenger,src-31c65dbec869
IN-PC-2008-bihar-173,bihar,2019,29,NALANDA,KUMAR HARI CHARAN SINGH YADAV,,6187,0.6,15,forfeit,U,,8th Pass,Taxi Driver,challenger,src-31c65dbec869
IN-PC-2008-bihar-173,bihar,2019,29,NALANDA,Rajeev Ranjan Kumar,parties.IN.JANADIP,5962,0.58,16,forfeit,U,,Graduate,,challenger,src-31c65dbec869
IN-PC-2008-bihar-173,bihar,2019,29,NALANDA,Chiranjib Kumar,parties.IN.SHS,5520,0.54,17,forfeit,U,,12th Pass,,challenger,src-31c65dbec869
IN-PC-2008-bihar-173,bihar,2019,29,NALANDA,Punit Kumar,parties.IN.IND,5058,0.49,18,forfeit,U,,12th Pass,,challenger,src-31c65dbec869
IN-PC-2008-bihar-173,bihar,2019,29,NALANDA,Shankar Pandey,,4768,0.46,19,forfeit,U,,10th Pass,,challenger,src-31c65dbec869
IN-PC-2008-bihar-173,bihar,2019,29,NALANDA,Purushotam Sharma,parties.IN.NJP,4444,0.43,20,forfeit,U,,10th Pass,Self-employed,challenger,src-31c65dbec869
IN-PC-2008-bihar-173,bihar,2019,29,NALANDA,Sampati Kumar,parties.IN.SBSP,4434,0.43,21,forfeit,U,,12th Pass,Distributors,challenger,src-31c65dbec869
IN-PC-2008-bihar-173,bihar,2019,29,NALANDA,Ram Charitra Prasad Singh,parties.IN.HND,4412,0.43,22,forfeit,U,,12th Pass,Party Worker,challenger,src-31c65dbec869
IN-PC-2008-bihar-173,bihar,2019,29,NALANDA,Sanjeet Kumar,,3668,0.36,23,forfeit,U,,Post Graduate,,challenger,src-31c65dbec869
IN-PC-2008-bihar-173,bihar,2019,29,NALANDA,Mohan Bind,parties.IN.IND,3474,0.34,24,forfeit,U,,5th Pass,Agricultural Business,challenger,src-31c65dbec869
IN-PC-2008-bihar-173,bihar,2019,29,NALANDA,Usha Devi,parties.IN.IND,3381,0.33,25,forfeit,U,,10th Pass,Self-employed,challenger,src-31c65dbec869
IN-PC-2008-bihar-173,bihar,2019,29,NALANDA,Shashi Kumar,parties.IN.NCP,3083,0.3,26,forfeit,U,,Post Graduate,,challenger,src-31c65dbec869
IN-PC-2008-bihar-173,bihar,2019,29,NALANDA,Surendra Singh,parties.IN.BHAPRAP,2973,0.29,27,forfeit,U,,10th Pass,Agricultural Business,challenger,src-31c65dbec869
IN-PC-2008-bihar-173,bihar,2019,29,NALANDA,Dilip Rawat,,2966,0.29,28,forfeit,U,,10th Pass,,challenger,src-31c65dbec869
IN-PC-2008-bihar-173,bihar,2019,29,NALANDA,Sudhir Kumar,parties.IN.IND,2901,0.28,29,forfeit,U,,10th Pass,,challenger,src-31c65dbec869
IN-PC-2008-bihar-173,bihar,2019,29,NALANDA,Rajnish Kumar Paswan,parties.IN.IND,2602,0.25,30,forfeit,U,,10th Pass,,challenger,src-31c65dbec869
IN-PC-2008-bihar-173,bihar,2019,29,NALANDA,Nita Devi,parties.IN.IND,2399,0.23,31,forfeit,U,,12th Pass,School Teacher,challenger,src-31c65dbec869
IN-PC-2008-bihar-173,bihar,2019,29,NALANDA,Pawan Kumar Pandey,,2322,0.23,32,forfeit,U,,12th Pass,School Teacher,challenger,src-31c65dbec869
IN-PC-2008-bihar-173,bihar,2019,29,NALANDA,Dinanath Pandey,parties.IN.IND,2231,0.22,33,forfeit,U,,Illiterate,Priest,challenger,src-31c65dbec869
IN-PC-2008-bihar-173,bihar,2019,29,NALANDA,Mohammad Surkhab Alam,parties.IN.IND,2216,0.21,34,forfeit,U,,10th Pass,Artisan,challenger,src-31c65dbec869
IN-PC-2008-bihar-173,bihar,2019,29,NALANDA,Shailendra Chaudhari,parties.IN.IND,2171,0.21,35,forfeit,U,,12th Pass,,challenger,src-31c65dbec869
IN-PC-2008-bihar-173,bihar,2019,29,NALANDA,Sohavan Paswan,,2073,0.2,36,forfeit,U,,10th Pass,,challenger,src-31c65dbec869
IN-PC-2008-bihar-156,bihar,2019,30,PATNA SAHIB,RAVI SHANKAR PRASAD,parties.IN.BJP,607506,61.85,1,won,U,,Post Graduate,Lawyer,challenger,src-31c65dbec869
IN-PC-2008-bihar-156,bihar,2019,30,PATNA SAHIB,SHATRUGHAN SINHA,parties.IN.INC,322849,32.87,2,lost,U,,Graduate,"Actor, Film Director",incumbent,src-31c65dbec869
IN-PC-2008-bihar-156,bihar,2019,30,PATNA SAHIB,NIMESH SHUKLA,parties.IN.IND,9319,0.95,3,forfeit,U,,Post Graduate,Journalist or Editor,challenger,src-31c65dbec869
IN-PC-2008-bihar-156,bihar,2019,30,PATNA SAHIB,JAVED,parties.IN.IND,5446,0.55,4,forfeit,U,,5th Pass,,challenger,src-31c65dbec869
IN-PC-2008-bihar-156,bihar,2019,30,PATNA SAHIB,RANI DEVI,parties.IN.IND,5255,0.53,5,forfeit,U,,5th Pass,,challenger,src-31c65dbec869
IN-PC-2008-bihar-156,bihar,2019,30,PATNA SAHIB,AKHILESH KUMAR,,3766,0.38,7,forfeit,U,,12th Pass,,challenger,src-31c65dbec869
IN-PC-2008-bihar-156,bihar,2019,30,PATNA SAHIB,VISHNU DEV,parties.IN.IND,3515,0.36,8,forfeit,U,,Graduate,,challenger,src-31c65dbec869
IN-PC-2008-bihar-156,bihar,2019,30,PATNA SAHIB,ASHOK KUMAR GUPTA,parties.IN.IND,3447,0.35,9,forfeit,U,,Post Graduate,Private Company,challenger,src-31c65dbec869
IN-PC-2008-bihar-156,bihar,2019,30,PATNA SAHIB,ARVIND KUMAR,parties.IN.IND,2806,0.29,10,forfeit,U,,Post Graduate,Doctor,challenger,src-31c65dbec869
IN-PC-2008-bihar-156,bihar,2019,30,PATNA SAHIB,KUMAR RAUNAK,parties.IN.IND,2575,0.26,11,forfeit,U,,Graduate Professional,Trader,challenger,src-31c65dbec869
IN-PC-2008-bihar-156,bihar,2019,30,PATNA SAHIB,AMIT KUMAR GUPTA,parties.IN.IND,1572,0.16,12,forfeit,U,,12th Pass,,challenger,src-31c65dbec869
IN-PC-2008-bihar-156,bihar,2019,30,PATNA SAHIB,MAHBOOB ALAM ANSARI,,1483,0.15,13,forfeit,U,,Graduate Professional,Doctor,challenger,src-31c65dbec869
IN-PC-2008-bihar-156,bihar,2019,30,PATNA SAHIB,RAJESH KUMAR,parties.IN.JP,1437,0.15,14,forfeit,U,,Graduate Professional,,challenger,src-31c65dbec869
IN-PC-2008-bihar-156,bihar,2019,30,PATNA SAHIB,SUMIT RANJAN SINHA,parties.IN.SHS,1424,0.14,15,forfeit,U,,Post Graduate,Private Company,challenger,src-31c65dbec869
IN-PC-2008-bihar-156,bihar,2019,30,PATNA SAHIB,RITA DEVI,,1290,0.13,16,forfeit,U,,Literate,,challenger,src-31c65dbec869
IN-PC-2008-bihar-156,bihar,2019,30,PATNA SAHIB,PRABHASH CHANDRA SHARMA,,1272,0.13,17,forfeit,U,,Graduate,School Teacher,challenger,src-31c65dbec869
IN-PC-2008-bihar-156,bihar,2019,30,PATNA SAHIB,ANAMIKA KUMARI,,1220,0.12,18,forfeit,U,,Post Graduate,,challenger,src-31c65dbec869
IN-PC-2008-bihar-156,bihar,2019,30,PATNA SAHIB,BASANT SINGH,,1027,0.1,19,forfeit,U,,10th Pass,,challenger,src-31c65dbec869
IN-PC-2008-bihar-175,bihar,2019,31,PATALIPUTRA,RAM KRIPAL YADAV,parties.IN.BJP,509557,47.28,1,won,U,,Graduate,,incumbent,src-31c65dbec869
IN-PC-2008-bihar-175,bihar,2019,31,PATALIPUTRA,MISHA BHARTI,parties.IN.RJD,470236,43.63,2,lost,U,,Graduate Professional,Party Worker,challenger,src-31c65dbec869
IN-PC-2008-bihar-175,bihar,2019,31,PATALIPUTRA,MD. KALIMULLAH,parties.IN.BSP,14045,1.3,3,forfeit,U,,Graduate,,challenger,src-31c65dbec869
IN-PC-2008-bihar-175,bihar,2019,31,PATALIPUTRA,SHAILESH KUMAR,,9628,0.89,4,forfeit,U,,10th Pass,,challenger,src-31c65dbec869
IN-PC-2008-bihar-175,bihar,2019,31,PATALIPUTRA,SHIV KUMAR SINGH,,8354,0.78,5,forfeit,U,,12th Pass,,challenger,src-31c65dbec869
IN-PC-2008-bihar-175,bihar,2019,31,PATALIPUTRA,WAKIL AHMAD,parties.IN.JP,7646,0.71,6,forfeit,U,,Graduate,,challenger,src-31c65dbec869
IN-PC-2008-bihar-175,bihar,2019,31,PATALIPUTRA,INDU DEVI MISHRA,,6295,0.58,8,forfeit,U,,Graduate,,challenger,src-31c65dbec869
IN-PC-2008-bihar-175,bihar,2019,31,PATALIPUTRA,SOHAN RAY,,5810,0.54,9,forfeit,U,,Illiterate,,challenger,src-31c65dbec869
IN-PC-2008-bihar-175,bihar,2019,31,PATALIPUTRA,JITENDRA BIND,parties.IN.IND,4870,0.45,10,forfeit,U,,8th Pass,,challenger,src-31c65dbec869
IN-PC-2008-bihar-175,bihar,2019,31,PATALIPUTRA,MD. TAUFIQUE AHMAD,,3857,0.36,11,forfeit,U,,Literate,,challenger,src-31c65dbec869
IN-PC-2008-bihar-175,bihar,2019,31,PATALIPUTRA,LALITA RAY,,3556,0.33,12,forfeit,U,,12th Pass,Insurance Agent,challenger,src-31c65dbec869
IN-PC-2008-bihar-175,bihar,2019,31,PATALIPUTRA,SATISH KUMAR,,3145,0.29,13,forfeit,U,,Graduate,,challenger,src-31c65dbec869
IN-PC-2008-bihar-175,bihar,2019,31,PATALIPUTRA,RAJESH KUMAR,parties.IN.IND,2986,0.28,14,forfeit,U,,,,challenger,src-31c65dbec869
IN-PC-2008-bihar-175,bihar,2019,31,PATALIPUTRA,BINDU DEVI,parties.IN.RJBP,2795,0.26,15,forfeit,U,,Literate,Household,challenger,src-31c65dbec869
IN-PC-2008-bihar-175,bihar,2019,31,PATALIPUTRA,SURESH PASWAN,parties.IN.IND,2793,0.26,16,forfeit,U,,10th Pass,,challenger,src-31c65dbec869
IN-PC-2008-bihar-175,bihar,2019,31,PATALIPUTRA,RAM PRAVESH RAJAK,parties.IN.PPID,2129,0.2,17,forfeit,U,,Graduate,,challenger,src-31c65dbec869
IN-PC-2008-bihar-175,bihar,2019,31,PATALIPUTRA,RAM NIRANJAN ROY,,1975,0.18,18,forfeit,U,,Post Graduate,Lawyer,challenger,src-31c65dbec869
IN-PC-2008-bihar-175,bihar,2019,31,PATALIPUTRA,RAM NARAYAN MANJHI,,1945,0.18,19,forfeit,U,,Literate,,challenger,src-31c65dbec869
IN-PC-2008-bihar-175,bihar,2019,31,PATALIPUTRA,Nagmani,parties.IN.SHS,1790,0.17,20,forfeit,U,,,,challenger,src-31c65dbec869
IN-PC-2008-bihar-175,bihar,2019,31,PATALIPUTRA,VINOD DAS,parties.IN.BBC,1785,0.17,21,forfeit,U,,5th Pass,,challenger,src-31c65dbec869
IN-PC-2008-bihar-175,bihar,2019,31,PATALIPUTRA,RAMESH KUMAR SHARMA,parties.IN.IND,1558,0.14,22,forfeit,U,,Post Graduate,Engineer,challenger,src-31c65dbec869
IN-PC-2008-bihar-175,bihar,2019,31,PATALIPUTRA,DURGESH NANDAN SINGH alias DURGESH YADAV,,1414,0.13,23,forfeit,U,,Post Graduate,Lawyer,challenger,src-31c65dbec869
IN-PC-2008-bihar-175,bihar,2019,31,PATALIPUTRA,PUPUL KUMAR SHARMA,parties.IN.IND,1283,0.12,24,forfeit,U,,8th Pass,,challenger,src-31c65dbec869
IN-PC-2008-bihar-175,bihar,2019,31,PATALIPUTRA,BRAJESHWAR PRASAD SINGH,parties.IN.IND,951,0.09,25,forfeit,U,,Graduate,,challenger,src-31c65dbec869
IN-PC-2008-bihar-175,bihar,2019,31,PATALIPUTRA,MANTU KUMAR,parties.IN.IND,770,0.07,26,forfeit,U,,Literate,,challenger,src-31c65dbec869
IN-PC-2008-bihar-179,bihar,2019,32,ARRAH,R. K. Singh,parties.IN.BJP,566480,52.42,1,won,U,,Graduate Professional,"MP, Minister",incumbent,src-31c65dbec869
IN-PC-2008-bihar-179,bihar,2019,32,ARRAH,Raju Yadav,,419195,38.79,2,lost,U,,Post Graduate,,crossover,src-31c65dbec869
IN-PC-2008-bihar-179,bihar,2019,32,ARRAH,Shiv das Singh,parties.IN.IND,13773,1.27,4,forfeit,U,,12th Pass,Ex Police,challenger,src-31c65dbec869
IN-PC-2008-bihar-179,bihar,2019,32,ARRAH,Raj Giri Bhagat,parties.IN.SSD,12598,1.17,5,forfeit,U,,12th Pass,Ex Military,challenger,src-31c65dbec869
IN-PC-2008-bihar-179,bihar,2019,32,ARRAH,Manoj Yadav,parties.IN.BSP,10778,1,6,forfeit,U,,Graduate,,challenger,src-31c65dbec869
IN-PC-2008-bihar-179,bihar,2019,32,ARRAH,Dr. Kumar Sheelbhadra,parties.IN.IND,9162,0.85,7,forfeit,U,,Post Graduate,Doctor,challenger,src-31c65dbec869
IN-PC-2008-bihar-179,bihar,2019,32,ARRAH,Lakshaman Kumar Ojha,parties.IN.IND,7902,0.73,8,forfeit,U,,Graduate,,challenger,src-31c65dbec869
IN-PC-2008-bihar-179,bihar,2019,32,ARRAH,Anil Kumar Singh,,7041,0.65,9,forfeit,U,,Doctorate,,challenger,src-31c65dbec869
IN-PC-2008-bihar-179,bihar,2019,32,ARRAH,Ram Raj Singh,parties.IN.IND,4555,0.42,10,forfeit,U,,Graduate,,challenger,src-31c65dbec869
IN-PC-2008-bihar-179,bihar,2019,32,ARRAH,Krishna Paswan,,3778,0.35,11,forfeit,U,,12th Pass,,challenger,src-31c65dbec869
IN-PC-2008-bihar-179,bihar,2019,32,ARRAH,Bharat Bhushan Pandey,parties.IN.ABJS,3597,0.33,12,forfeit,U,,Doctorate,"Lawyer, Musician or Artist",challenger,src-31c65dbec869
IN-PC-2008-bihar-153,bihar,2019,33,BUXAR,Ashwini Kumar Choubey,parties.IN.BJP,473053,47.94,1,won,U,,Graduate,"MP, Party Worker",incumbent,src-31c65dbec869
IN-PC-2008-bihar-153,bihar,2019,33,BUXAR,Jagadanand Singh,parties.IN.RJD,355444,36.02,2,lost,U,,Graduate Professional,"MP, Ex MLA",challenger,src-31c65dbec869
IN-PC-2008-bihar-153,bihar,2019,33,BUXAR,Sushil Kumar Singh,parties.IN.BSP,80261,8.13,3,forfeit,U,,Graduate Professional,,challenger,src-31c65dbec869
IN-PC-2008-bihar-153,bihar,2019,33,BUXAR,Uday Narayan Rai @ Luddu Rajbhar,parties.IN.SBSP,14170,1.44,5,forfeit,U,,Graduate,,challenger,src-31c65dbec869
IN-PC-2008-bihar-153,bihar,2019,33,BUXAR,Ramchandra Singh Yadav,parties.IN.IND,10730,1.09,6,forfeit,U,,,,challenger,src-31c65dbec869
IN-PC-2008-bihar-153,bihar,2019,33,BUXAR,Anil Kumar,,9756,0.99,7,forfeit,U,,Graduate,Self-employed,challenger,src-31c65dbec869
IN-PC-2008-bihar-153,bihar,2019,33,BUXAR,Rakesh Kumar Ray @ Guddu Ray,parties.IN.IND,6802,0.69,8,forfeit,U,,10th Pass,,challenger,src-31c65dbec869
IN-PC-2008-bihar-153,bihar,2019,33,BUXAR,Dhanjit Singh @ Dhanjit Kumar,,4171,0.42,9,forfeit,U,,12th Pass,,challenger,src-31c65dbec869
IN-PC-2008-bihar-153,bihar,2019,33,BUXAR,Ranjit Singh @ Ranage,parties.IN.IND,3905,0.4,10,forfeit,U,,12th Pass,,challenger,src-31c65dbec869
IN-PC-2008-bihar-153,bihar,2019,33,BUXAR,Arvind Kumar Pandey @ Chote Baba,parties.IN.IND,2351,0.24,11,forfeit,U,,Post Graduate,Priest,challenger,src-31c65dbec869
IN-PC-2008-bihar-153,bihar,2019,33,BUXAR,Santosh Kumar Yadav,parties.IN.BMUP,2236,0.23,12,forfeit,U,,12th Pass,,challenger,src-31c65dbec869
IN-PC-2008-bihar-153,bihar,2019,33,BUXAR,Jay Prakash Ram,parties.IN.IND,2233,0.23,13,forfeit,U,,12th Pass,Musician or Artist,challenger,src-31c65dbec869
IN-PC-2008-bihar-153,bihar,2019,33,BUXAR,Anil Kumar Rai,,1907,0.19,14,forfeit,U,,Post Graduate,Contractor,challenger,src-31c65dbec869
IN-PC-2008-bihar-153,bihar,2019,33,BUXAR,Ravi Raj,,1778,0.18,15,forfeit,U,,Post Graduate,,challenger,src-31c65dbec869
IN-PC-2008-bihar-153,bihar,2019,33,BUXAR,Binod Kumar Bikrant,parties.IN.PPID,1617,0.16,16,forfeit,U,,Post Graduate,Home Teacher or Tuition,challenger,src-31c65dbec869
IN-PC-2008-bihar-158,bihar,2019,34,SASARAM (SC),CHHEDI PASWAN,parties.IN.BJP,494800,50.76,1,won,U,,,,incumbent,src-31c65dbec869
IN-PC-2008-bihar-158,bihar,2019,34,SASARAM (SC),MEIRA KUMAR,parties.IN.INC,329055,33.76,2,lost,U,,Post Graduate,"MP, Ex MP",challenger,src-31c65dbec869
IN-PC-2008-bihar-158,bihar,2019,34,SASARAM (SC),MANOJ KUMAR,parties.IN.BSP,86406,8.86,3,forfeit,U,,Graduate,,challenger,src-31c65dbec869
IN-PC-2008-bihar-158,bihar,2019,34,SASARAM (SC),ASHOK BAITHA,parties.IN.IND,10029,1.03,5,forfeit,U,,10th Pass,,challenger,src-31c65dbec869
IN-PC-2008-bihar-158,bihar,2019,34,SASARAM (SC),RAMEKBAL RAM,parties.IN.IND,6410,0.66,6,forfeit,U,,10th Pass,,challenger,src-31c65dbec869
IN-PC-2008-bihar-158,bihar,2019,34,SASARAM (SC),DHARMRAJ PASWAN,,5978,0.61,7,forfeit,U,,10th Pass,,challenger,src-31c65dbec869
IN-PC-2008-bihar-158,bihar,2019,34,SASARAM (SC),SATYA NARAYAN PASWAN,parties.IN.IND,5222,0.54,8,forfeit,U,,10th Pass,,challenger,src-31c65dbec869
IN-PC-2008-bihar-158,bihar,2019,34,SASARAM (SC),SATYA NARAYAN RAM,parties.IN.APOI,4770,0.49,9,forfeit,U,,12th Pass,,challenger,src-31c65dbec869
IN-PC-2008-bihar-158,bihar,2019,34,SASARAM (SC),RAJANIKANT CHOUDHARY,parties.IN.IND,3557,0.36,10,forfeit,U,,10th Pass,,challenger,src-31c65dbec869
IN-PC-2008-bihar-158,bihar,2019,34,SASARAM (SC),VIDYA JYOTI,parties.IN.BMUP,2746,0.28,11,forfeit,U,,12th Pass,,challenger,src-31c65dbec869
IN-PC-2008-bihar-158,bihar,2019,34,SASARAM (SC),ASHOK KUMAR PASWAN,parties.IN.IND,2665,0.27,12,forfeit,U,,12th Pass,,challenger,src-31c65dbec869
IN-PC-2008-bihar-158,bihar,2019,34,SASARAM (SC),RAGHUNI RAM SHASTRI,parties.IN.IND,2421,0.25,13,forfeit,U,,Graduate,,challenger,src-31c65dbec869
IN-PC-2008-bihar-158,bihar,2019,34,SASARAM (SC),NIRMALA DEVI,,1702,0.17,14,forfeit,U,,Literate,,challenger,src-31c65dbec869
IN-PC-2008-bihar-184,bihar,2019,35,KARAKAT,MAHABALI SINGH,parties.IN.JDU,398408,45.86,1,won,U,,8th Pass,,challenger,src-31c65dbec869
IN-PC-2008-bihar-184,bihar,2019,35,KARAKAT,UPENDRA KUSHWAHA,,313866,36.13,2,lost,U,,Post Graduate,College Professor or Lecturer,incumbent,src-31c65dbec869
IN-PC-2008-bihar-184,bihar,2019,35,KARAKAT,RAJA RAM SINGH,,24932,2.87,3,forfeit,U,,Graduate,Party Worker,crossover,src-31c65dbec869
IN-PC-2008-bihar-184,bihar,2019,35,KARAKAT,RAJ NARAYAN TIWARI,parties.IN.BSP,21715,2.5,5,forfeit,U,,12th Pass,,challenger,src-31c65dbec869
IN-PC-2008-bihar-184,bihar,2019,35,KARAKAT,MOHAMMAD ATAHAR HUSAIN,parties.IN.ANC,12431,1.43,6,forfeit,U,,Post Graduate,Journalist or Editor,challenger,src-31c65dbec869
IN-PC-2008-bihar-184,bihar,2019,35,KARAKAT,MAMTA PANDEY,,8851,1.02,7,forfeit,U,,12th Pass,,challenger,src-31c65dbec869
IN-PC-2008-bihar-184,bihar,2019,35,KARAKAT,JYOTI RASHMI,,8381,0.96,8,forfeit,U,,12th Pass,Ex MLA,challenger,src-31c65dbec869
IN-PC-2008-bihar-184,bihar,2019,35,KARAKAT,BASUDEO HAZARIKA,parties.IN.IND,6791,0.78,9,forfeit,U,,8th Pass,,challenger,src-31c65dbec869
IN-PC-2008-bihar-184,bihar,2019,35,KARAKAT,RAMJEE SINGH KANTA,,6663,0.77,10,forfeit,U,,10th Pass,,challenger,src-31c65dbec869
IN-PC-2008-bihar-184,bihar,2019,35,KARAKAT,NEELAM KUMARI,parties.IN.IND,4605,0.53,11,forfeit,U,,Graduate Professional,Doctor,challenger,src-31c65dbec869
IN-PC-2008-bihar-184,bihar,2019,35,KARAKAT,RAMESHWAR SINGH,parties.IN.IND,4103,0.47,12,forfeit,U,,Graduate,,challenger,src-31c65dbec869
IN-PC-2008-bihar-184,bihar,2019,35,KARAKAT,MANOJ SINGH KUSHVAHA,,3984,0.46,13,forfeit,U,,Graduate Professional,Lawyer,challenger,src-31c65dbec869
IN-PC-2008-bihar-184,bihar,2019,35,KARAKAT,NAND KISHOR YADAV,,3419,0.39,14,forfeit,U,,Graduate,,challenger,src-31c65dbec869
IN-PC-2008-bihar-184,bihar,2019,35,KARAKAT,USHA SHARAN,parties.IN.SSD,3003,0.35,15,forfeit,U,,12th Pass,,challenger,src-31c65dbec869
IN-PC-2008-bihar-184,bihar,2019,35,KARAKAT,GHANSHYAM TIWARI,parties.IN.SP,2881,0.33,16,forfeit,U,,Post Graduate,Managerial Position,crossover,src-31c65dbec869
IN-PC-2008-bihar-184,bihar,2019,35,KARAKAT,PRADEEP CHOUHAN,,2844,0.33,17,forfeit,U,,12th Pass,,challenger,src-31c65dbec869
IN-PC-2008-bihar-184,bihar,2019,35,KARAKAT,ARIF ISAIN HUSAIN,,2498,0.29,18,forfeit,U,,Graduate,,challenger,src-31c65dbec869
IN-PC-2008-bihar-184,bihar,2019,35,KARAKAT,KUMAR SAURABH,parties.IN.IND,2450,0.28,19,forfeit,U,,Post Graduate,,challenger,src-31c65dbec869
IN-PC-2008-bihar-184,bihar,2019,35,KARAKAT,PRAKASH CHANDRA GOYAL,parties.IN.PPID,2219,0.26,20,forfeit,U,,Doctorate,School Teacher,challenger,src-31c65dbec869
IN-PC-2008-bihar-184,bihar,2019,35,KARAKAT,GORAKH RAM,,2079,0.24,21,forfeit,U,,Post Graduate,,challenger,src-31c65dbec869
IN-PC-2008-bihar-184,bihar,2019,35,KARAKAT,SHASHIKANT SINGH,,1972,0.23,22,forfeit,U,,12th Pass,,challenger,src-31c65dbec869
IN-PC-2008-bihar-184,bihar,2019,35,KARAKAT,KAMLESH RAM (PRASAD),parties.IN.SBSP,1713,0.2,23,forfeit,U,,8th Pass,,challenger,src-31c65dbec869
IN-PC-2008-bihar-184,bihar,2019,35,KARAKAT,PRITHVI NATH PRASAD,,1695,0.2,24,forfeit,U,,Graduate,Party Worker,challenger,src-31c65dbec869
IN-PC-2008-bihar-184,bihar,2019,35,KARAKAT,RAM AYODHYA SINGH,parties.IN.IND,1472,0.17,25,forfeit,U,,10th Pass,,challenger,src-31c65dbec869
IN-PC-2008-bihar-184,bihar,2019,35,KARAKAT,PUNAM DEVI,parties.IN.IND,1359,0.16,26,forfeit,U,,Graduate,,challenger,src-31c65dbec869
IN-PC-2008-bihar-184,bihar,2019,35,KARAKAT,DHARMENDRA SINGH,parties.IN.IND,1286,0.15,27,forfeit,U,,Graduate,Insurance Agent,challenger,src-31c65dbec869
IN-PC-2008-bihar-184,bihar,2019,35,KARAKAT,ABHIRAM PRIYADARSHI,parties.IN.IND,1074,0.12,28,forfeit,U,,10th Pass,Home Teacher or Tuition,challenger,src-31c65dbec869
IN-PC-2008-bihar-154,bihar,2019,37,AURANGABAD,SUSHIL KUMAR SINGH,parties.IN.BJP,427721,45.75,1,won,U,,Post Graduate,,incumbent,src-31c65dbec869
IN-PC-2008-bihar-154,bihar,2019,37,AURANGABAD,UPENDRA PRASAD,,357169,38.2,2,lost,U,,Post Graduate,Ex MLA,challenger,src-31c65dbec869
IN-PC-2008-bihar-154,bihar,2019,37,AURANGABAD,NARESH YADAV,parties.IN.BSP,33772,3.61,3,forfeit,U,,Literate,Distributors,challenger,src-31c65dbec869
IN-PC-2008-bihar-154,bihar,2019,37,AURANGABAD,DHIRENDRA KUMAR SINGH,parties.IN.IND,24832,2.66,4,forfeit,U,,Graduate,,challenger,src-31c65dbec869
IN-PC-2008-bihar-154,bihar,2019,37,AURANGABAD,DR DHARMENDRA KUMAR,,16589,1.77,6,forfeit,U,,Graduate,Self-employed,challenger,src-31c65dbec869
IN-PC-2008-bihar-154,bihar,2019,37,AURANGABAD,SANTOSH KUMAR SINHA,parties.IN.IND,15014,1.61,7,forfeit,U,,Graduate,NGO,challenger,src-31c65dbec869
IN-PC-2008-bihar-154,bihar,2019,37,AURANGABAD,AVINASH KUMAR,parties.IN.PPID,13680,1.46,8,forfeit,U,,Post Graduate,,challenger,src-31c65dbec869
IN-PC-2008-bihar-154,bihar,2019,37,AURANGABAD,YOGENDRA RAM,parties.IN.IND,11987,1.28,9,forfeit,U,,Literate,,challenger,src-31c65dbec869
IN-PC-2008-bihar-154,bihar,2019,37,AURANGABAD,SOM PRAKASH,,11713,1.25,10,forfeit,U,,Graduate,Party Worker,challenger,src-31c65dbec869
IN-PC-2008-bihar-163,bihar,2019,38,GAYA (SC),Vijay Kumar,parties.IN.JDU,467007,48.79,1,won,U,,12th Pass,Transport,challenger,src-31c65dbec869
IN-PC-2008-bihar-163,bihar,2019,38,GAYA (SC),Jitan Ram Manjhi,,314581,32.86,2,lost,U,,Graduate,Party Worker,crossover,src-31c65dbec869
IN-PC-2008-bihar-163,bihar,2019,38,GAYA (SC),Vijay Kumar Chaudhary,,23462,2.45,4,forfeit,U,,Post Graduate,,challenger,src-31c65dbec869
IN-PC-2008-bihar-163,bihar,2019,38,GAYA (SC),Sheo Shankar,parties.IN.APOI,20464,2.14,5,forfeit,U,,Post Graduate,,challenger,src-31c65dbec869
IN-PC-2008-bihar-163,bihar,2019,38,GAYA (SC),Dayanand Rajwanshi,,14553,1.52,6,forfeit,U,,Post Graduate,,challenger,src-31c65dbec869
IN-PC-2008-bihar-163,bihar,2019,38,GAYA (SC),Rakesh Chaudhari,,14532,1.52,7,forfeit,U,,12th Pass,Mechanic,challenger,src-31c65dbec869
IN-PC-2008-bihar-163,bihar,2019,38,GAYA (SC),Dilip Kumar,parties.IN.BSP,13031,1.36,8,forfeit,U,,Graduate,,challenger,src-31c65dbec869
IN-PC-2008-bihar-163,bihar,2019,38,GAYA (SC),Rajesh Kumar Paswan,,11671,1.22,9,forfeit,U,,10th Pass,,challenger,src-31c65dbec869
IN-PC-2008-bihar-163,bihar,2019,38,GAYA (SC),Prakash Chandra,,11165,1.17,10,forfeit,U,,Graduate,,challenger,src-31c65dbec869
IN-PC-2008-bihar-163,bihar,2019,38,GAYA (SC),Umesh Rajak,parties.IN.PPID,10398,1.09,11,forfeit,U,,Graduate Professional,,challenger,src-31c65dbec869
IN-PC-2008-bihar-163,bihar,2019,38,GAYA (SC),Sunil Paswan,,9894,1.03,12,forfeit,U,,10th Pass,,challenger,src-31c65dbec869
IN-PC-2008-bihar-163,bihar,2019,38,GAYA (SC),Din Dayal Bharti alias Kapil Chaudhri,parties.IN.NCP,8516,0.89,13,forfeit,U,,12th Pass,,challenger,src-31c65dbec869
IN-PC-2008-bihar-163,bihar,2019,38,GAYA (SC),Giridhar Sapera,,7944,0.83,14,forfeit,U,,12th Pass,,challenger,src-31c65dbec869
IN-PC-2008-bihar-176,bihar,2019,39,NAWADA,Chandan Singh,parties.IN.LJP,495684,52.59,1,won,U,,Graduate,,challenger,src-31c65dbec869
IN-PC-2008-bihar-176,bihar,2019,39,NAWADA,Vibha Devi,parties.IN.RJD,347612,36.88,2,lost,U,,Literate,,challenger,src-31c65dbec869
IN-PC-2008-bihar-176,bihar,2019,39,NAWADA,Rajesh Kumar,parties.IN.IND,14934,1.58,4,forfeit,U,,Graduate,,challenger,src-31c65dbec869
IN-PC-2008-bihar-176,bihar,2019,39,NAWADA,Vishnu Dev Yadav,parties.IN.BSP,11403,1.21,5,forfeit,U,,Graduate,Rent,challenger,src-31c65dbec869
IN-PC-2008-bihar-176,bihar,2019,39,NAWADA,Nivedita Singh,parties.IN.IND,6787,0.72,6,forfeit,U,,Graduate,,challenger,src-31c65dbec869
IN-PC-2008-bihar-176,bihar,2019,39,NAWADA,Rakesh Raushan,parties.IN.IND,6282,0.67,7,forfeit,U,,12th Pass,Agricultural Business,challenger,src-31c65dbec869
IN-PC-2008-bihar-176,bihar,2019,39,NAWADA,Aditya Pradhan,parties.IN.PPID,4781,0.51,8,forfeit,U,,Post Graduate,Home Teacher or Tuition,challenger,src-31c65dbec869
IN-PC-2008-bihar-176,bihar,2019,39,NAWADA,Prof. K.B. Prasad,parties.IN.IND,4072,0.43,9,forfeit,U,,Post Graduate,,challenger,src-31c65dbec869
IN-PC-2008-bihar-176,bihar,2019,39,NAWADA,Mokim Uddin,parties.IN.RUC,3776,0.4,10,forfeit,U,,Graduate,,challenger,src-31c65dbec869
IN-PC-2008-bihar-176,bihar,2019,39,NAWADA,Ranganatha chary,parties.IN.SHS,3676,0.39,11,forfeit,U,,Literate,Priest,challenger,src-31c65dbec869
IN-PC-2008-bihar-176,bihar,2019,39,NAWADA,Vijay Ram,,3427,0.36,12,forfeit,U,,10th Pass,,challenger,src-31c65dbec869
IN-PC-2008-bihar-176,bihar,2019,39,NAWADA,Naresh Prasad,parties.IN.IND,2651,0.28,13,forfeit,U,,Literate,,challenger,src-31c65dbec869
IN-PC-2008-bihar-176,bihar,2019,39,NAWADA,Tulsi Dayal,parties.IN.IND,2230,0.24,14,forfeit,U,,Graduate Professional,Self-employed,challenger,src-31c65dbec869
IN-PC-2008-bihar-160,bihar,2019,40,JAMUI (SC),CHIRAG KUMAR PASWAN,parties.IN.LJP,529134,55.75,1,won,U,,Graduate Professional,MP,incumbent,src-31c65dbec869
IN-PC-2008-bihar-160,bihar,2019,40,JAMUI (SC),BHUDEO CHOUDHARY,,288085,30.35,2,lost,U,,Graduate,,crossover,src-31c65dbec869
IN-PC-2008-bihar-160,bihar,2019,40,JAMUI (SC),UPENDRA RAVIDAS,parties.IN.BSP,31611,3.33,4,forfeit,U,,,,crossover,src-31c65dbec869
IN-PC-2008-bihar-160,bihar,2019,40,JAMUI (SC),SUBHASH PASWAN,parties.IN.IND,16719,1.76,5,forfeit,U,,Graduate,,challenger,src-31c65dbec869
IN-PC-2008-bihar-160,bihar,2019,40,JAMUI (SC),VIRENDRA KUMAR,parties.IN.IND,14628,1.54,6,forfeit,U,,Graduate,,challenger,src-31c65dbec869
IN-PC-2008-bihar-160,bihar,2019,40,JAMUI (SC),VISHNU PRIYA,parties.IN.BMUP,10625,1.12,7,forfeit,U,,Graduate,,challenger,src-31c65dbec869
IN-PC-2008-bihar-160,bihar,2019,40,JAMUI (SC),AJAY KUMAR,,8281,0.87,8,forfeit,U,,Post Graduate,Party Worker,challenger,src-31c65dbec869
IN-PC-2008-bihar-160,bihar,2019,40,JAMUI (SC),VALAMIKI PASAVAN,parties.IN.HND,6554,0.69,9,forfeit,U,,Graduate,Ex Govt Employee,challenger,src-31c65dbec869
IN-PC-2008-bihar-160,bihar,2019,40,JAMUI (SC),PANKAJ KUMAR DAS,,4004,0.42,10,forfeit,U,,12th Pass,,challenger,src-31c65dbec869
IN-PC-2008-chhattisgarh-304,chhattisgarh,2019,1,SARGUJA,Renuka Singh Saruta,parties.IN.BJP,663711,51.82,1,won,U,,12th Pass,,challenger,src-31c65dbec869
IN-PC-2008-chhattisgarh-304,chhattisgarh,2019,1,SARGUJA,Khel Sai Singh,parties.IN.INC,505838,39.5,2,lost,U,,Post Graduate,MLA,challenger,src-31c65dbec869
IN-PC-2008-chhattisgarh-304,chhattisgarh,2019,1,SARGUJA,Asha Devi Poya,parties.IN.GGP,24463,1.91,4,forfeit,U,,Graduate Professional,Lawyer,challenger,src-31c65dbec869
IN-PC-2008-chhattisgarh-304,chhattisgarh,2019,1,SARGUJA,Maya Bhagat,parties.IN.BSP,18534,1.45,5,forfeit,U,,Post Graduate,,challenger,src-31c65dbec869
IN-PC-2008-chhattisgarh-304,chhattisgarh,2019,1,SARGUJA,Palsay Uranv,parties.IN.IND,9414,0.74,6,forfeit,U,,8th Pass,,challenger,src-31c65dbec869
IN-PC-2008-chhattisgarh-304,chhattisgarh,2019,1,SARGUJA,Ramnath Cherwa,parties.IN.SSD,9060,0.71,7,forfeit,U,,8th Pass,,challenger,src-31c65dbec869
IN-PC-2008-chhattisgarh-304,chhattisgarh,2019,1,SARGUJA,Mohan Singh Tekam,parties.IN.SHS,7161,0.56,8,forfeit,U,,8th Pass,,challenger,src-31c65dbec869
IN-PC-2008-chhattisgarh-304,chhattisgarh,2019,1,SARGUJA,Guman Singh Poya,parties.IN.APOI,5388,0.42,9,forfeit,U,,12th Pass,,challenger,src-31c65dbec869
IN-PC-2008-chhattisgarh-304,chhattisgarh,2019,1,SARGUJA,Pawan Kumar Nag,parties.IN.BMUP,4143,0.32,10,forfeit,U,,Graduate,,challenger,src-31c65dbec869
IN-PC-2008-chhattisgarh-304,chhattisgarh,2019,1,SARGUJA,Chandradeep Singh Korcho,,3712,0.29,11,forfeit,U,,Graduate,,challenger,src-31c65dbec869
IN-PC-2008-chhattisgarh-301,chhattisgarh,2019,2,RAIGARH,GOMATI SAI,parties.IN.BJP,658335,48.76,1,won,U,,12th Pass,,challenger,src-31c65dbec869
IN-PC-2008-chhattisgarh-301,chhattisgarh,2019,2,RAIGARH,LALJEET SINGH RATHIA,parties.IN.INC,592308,43.87,2,lost,U,,Post Graduate,,challenger,src-31c65dbec869
IN-PC-2008-chhattisgarh-301,chhattisgarh,2019,2,RAIGARH,INNOCENT KUJUR,parties.IN.BSP,26596,1.97,3,forfeit,U,,Graduate,,challenger,src-31c65dbec869
IN-PC-2008-chhattisgarh-301,chhattisgarh,2019,2,RAIGARH,PRAKASH KUMAR URANW,parties.IN.IND,10162,0.75,5,forfeit,U,,,,challenger,src-31c65dbec869
IN-PC-2008-chhattisgarh-301,chhattisgarh,2019,2,RAIGARH,NAVAL KISHOR RATHIA,parties.IN.IND,9560,0.71,6,forfeit,U,,Graduate Professional,,challenger,src-31c65dbec869
IN-PC-2008-chhattisgarh-301,chhattisgarh,2019,2,RAIGARH,AMRIT TIRKEY,,8887,0.66,7,forfeit,U,,10th Pass,,challenger,src-31c65dbec869
IN-PC-2008-chhattisgarh-301,chhattisgarh,2019,2,RAIGARH,TARIKA TARANGINI URAON,parties.IN.IND,5713,0.42,8,forfeit,U,,12th Pass,,challenger,src-31c65dbec869
IN-PC-2008-chhattisgarh-301,chhattisgarh,2019,2,RAIGARH,TEJRAM SIDAR,parties.IN.IND,5656,0.42,9,forfeit,U,,10th Pass,,challenger,src-31c65dbec869
IN-PC-2008-chhattisgarh-301,chhattisgarh,2019,2,RAIGARH,RAVISHANKAR SIDAR,parties.IN.APOI,4006,0.3,10,forfeit,U,,10th Pass,,challenger,src-31c65dbec869
IN-PC-2008-chhattisgarh-301,chhattisgarh,2019,2,RAIGARH,VIJAY LAKARA,parties.IN.SHS,3347,0.25,11,forfeit,U,,10th Pass,Shop Keeper,challenger,src-31c65dbec869
IN-PC-2008-chhattisgarh-301,chhattisgarh,2019,2,RAIGARH,VIR KUMAR TIGGA,parties.IN.BMUP,2835,0.21,12,forfeit,U,,12th Pass,,challenger,src-31c65dbec869
IN-PC-2008-chhattisgarh-301,chhattisgarh,2019,2,RAIGARH,KRIPASHANKAR BHAGAT,parties.IN.BTP,2591,0.19,13,forfeit,U,,Post Graduate,,crossover,src-31c65dbec869
IN-PC-2008-chhattisgarh-301,chhattisgarh,2019,2,RAIGARH,JAI SINGH SIDAR,parties.IN.GGP,2545,0.19,14,forfeit,U,,8th Pass,,challenger,src-31c65dbec869
IN-PC-2008-chhattisgarh-301,chhattisgarh,2019,2,RAIGARH,JYOTI BHAGAT,,1854,0.14,15,forfeit,U,,12th Pass,,challenger,src-31c65dbec869
IN-PC-2008-chhattisgarh-297,chhattisgarh,2019,3,JANJGIR-CHAMPA,GUHARAM AJGALLEY,parties.IN.BJP,572790,45.91,1,won,U,,Graduate Professional,Ex MP,challenger,src-31c65dbec869
IN-PC-2008-chhattisgarh-297,chhattisgarh,2019,3,JANJGIR-CHAMPA,RAVI PARASRAM BHARDWAJ,parties.IN.INC,489535,39.24,2,lost,U,,Graduate,Petrol Pumps,challenger,src-31c65dbec869
IN-PC-2008-chhattisgarh-297,chhattisgarh,2019,3,JANJGIR-CHAMPA,DAURAM RATNAKAR,parties.IN.BSP,131387,10.53,3,forfeit,U,,Post Graduate,,challenger,src-31c65dbec869
IN-PC-2008-chhattisgarh-297,chhattisgarh,2019,3,JANJGIR-CHAMPA,SEEMA AJAY,parties.IN.APOI,7831,0.63,5,forfeit,U,,Post Graduate,,challenger,src-31c65dbec869
IN-PC-2008-chhattisgarh-297,chhattisgarh,2019,3,JANJGIR-CHAMPA,ASHARAM RATNAKAR,parties.IN.IND,6467,0.52,6,forfeit,U,,Graduate,,challenger,src-31c65dbec869
IN-PC-2008-chhattisgarh-297,chhattisgarh,2019,3,JANJGIR-CHAMPA,ASHISH RATRE,parties.IN.PPID,6240,0.5,7,forfeit,U,,Post Graduate,Household,challenger,src-31c65dbec869
IN-PC-2008-chhattisgarh-297,chhattisgarh,2019,3,JANJGIR-CHAMPA,DR. UDAY RATRE,parties.IN.IND,4778,0.38,8,forfeit,U,,,,challenger,src-31c65dbec869
IN-PC-2008-chhattisgarh-297,chhattisgarh,2019,3,JANJGIR-CHAMPA,SITA CHAUHAN,,3876,0.31,9,forfeit,U,,,,challenger,src-31c65dbec869
IN-PC-2008-chhattisgarh-297,chhattisgarh,2019,3,JANJGIR-CHAMPA,SHANTI KUMAR RATRE,parties.IN.GGP,2784,0.22,10,forfeit,U,,Graduate Professional,Lawyer,challenger,src-31c65dbec869
IN-PC-2008-chhattisgarh-297,chhattisgarh,2019,3,JANJGIR-CHAMPA,NITESH KUMAR RATRE,,2568,0.21,11,forfeit,U,,12th Pass,,challenger,src-31c65dbec869
IN-PC-2008-chhattisgarh-297,chhattisgarh,2019,3,JANJGIR-CHAMPA,VRINDA CHAUHAN,,2187,0.18,12,forfeit,U,,Illiterate,,challenger,src-31c65dbec869
IN-PC-2008-chhattisgarh-297,chhattisgarh,2019,3,JANJGIR-CHAMPA,NARESH KUMAR DAHARIYA,,1850,0.15,13,forfeit,U,,Post Graduate,,challenger,src-31c65dbec869
IN-PC-2008-chhattisgarh-297,chhattisgarh,2019,3,JANJGIR-CHAMPA,NARESH BAI JANGDE,parties.IN.SHS,1826,0.15,14,forfeit,U,,12th Pass,,challenger,src-31c65dbec869
IN-PC-2008-chhattisgarh-297,chhattisgarh,2019,3,JANJGIR-CHAMPA,LAKHAN LAL CHAUHAN ALIAS LAKHALA DANAV,parties.IN.BMUP,1791,0.14,15,forfeit,U,,10th Pass,,challenger,src-31c65dbec869
IN-PC-2008-chhattisgarh-297,chhattisgarh,2019,3,JANJGIR-CHAMPA,BHOJRAM BANJARE,,1759,0.14,16,forfeit,U,,10th Pass,,challenger,src-31c65dbec869
IN-PC-2008-chhattisgarh-295,chhattisgarh,2019,4,KORBA,JYOTSNA CHARANDAS MAHANT,parties.IN.INC,523310,46.03,1,won,U,,Post Graduate,,challenger,src-31c65dbec869
IN-PC-2008-chhattisgarh-295,chhattisgarh,2019,4,KORBA,JYOTI NAND DUBEY,parties.IN.BJP,497061,43.72,2,lost,U,,10th Pass,,challenger,src-31c65dbec869
IN-PC-2008-chhattisgarh-295,chhattisgarh,2019,4,KORBA,TULESHWAR HIRASINGH MARKAM,parties.IN.GGP,37417,3.29,3,forfeit,U,,Graduate Professional,Lawyer,challenger,src-31c65dbec869
IN-PC-2008-chhattisgarh-295,chhattisgarh,2019,4,KORBA,PARMIT SINGH,parties.IN.BSP,15880,1.4,5,forfeit,U,,12th Pass,,challenger,src-31c65dbec869
IN-PC-2008-chhattisgarh-295,chhattisgarh,2019,4,KORBA,LAKHAN LAL DEWANGAN,parties.IN.IND,13695,1.2,6,forfeit,U,,10th Pass,,challenger,src-31c65dbec869
IN-PC-2008-chhattisgarh-295,chhattisgarh,2019,4,KORBA,RAMDAYAL URAON,parties.IN.IND,6801,0.6,7,forfeit,U,,10th Pass,,challenger,src-31c65dbec869
IN-PC-2008-chhattisgarh-295,chhattisgarh,2019,4,KORBA,PRAMOD KUMAR SHARMA,parties.IN.IND,4798,0.42,8,forfeit,U,,12th Pass,Rent,challenger,src-31c65dbec869
IN-PC-2008-chhattisgarh-295,chhattisgarh,2019,4,KORBA,CHANDRA BHUSHAN KANWAR ADHIVAKTA L L M,parties.IN.APOI,3965,0.35,9,forfeit,U,,Post Graduate,Lawyer,challenger,src-31c65dbec869
IN-PC-2008-chhattisgarh-295,chhattisgarh,2019,4,KORBA,DEEPAK SAHU,parties.IN.IND,3703,0.33,10,forfeit,U,,,,challenger,src-31c65dbec869
IN-PC-2008-chhattisgarh-295,chhattisgarh,2019,4,KORBA,RAJESH PANDEY,,3085,0.27,11,forfeit,U,,8th Pass,Priest,challenger,src-31c65dbec869
IN-PC-2008-chhattisgarh-295,chhattisgarh,2019,4,KORBA,SUMAN LAL KHANDE,,2987,0.26,12,forfeit,U,,5th Pass,Mechanic,challenger,src-31c65dbec869
IN-PC-2008-chhattisgarh-295,chhattisgarh,2019,4,KORBA,LILAMBAR SINGH,parties.IN.BTP,2910,0.26,13,forfeit,U,,Post Graduate,Ex Civil Service,challenger,src-31c65dbec869
IN-PC-2008-chhattisgarh-295,chhattisgarh,2019,4,KORBA,RAJ KUMAR YADAV,,1986,0.17,14,forfeit,U,,Post Graduate,,challenger,src-31c65dbec869
IN-PC-2008-chhattisgarh-302,chhattisgarh,2019,6,RAJNANDGAON,SANTOSH PANDEY,parties.IN.BJP,662387,50.68,1,won,U,,Graduate Professional,Rent,challenger,src-31c65dbec869
IN-PC-2008-chhattisgarh-302,chhattisgarh,2019,6,RAJNANDGAON,BHOLA RAM SAHU,parties.IN.INC,550421,42.11,2,lost,U,,8th Pass,,challenger,src-31c65dbec869
IN-PC-2008-chhattisgarh-302,chhattisgarh,2019,6,RAJNANDGAON,RAVITA LAKRA (DHRUV),parties.IN.BSP,17145,1.31,4,forfeit,U,,Post Graduate,Private Company,challenger,src-31c65dbec869
IN-PC-2008-chhattisgarh-302,chhattisgarh,2019,6,RAJNANDGAON,SUDESH TIKAM,parties.IN.IND,12668,0.97,5,forfeit,U,,10th Pass,,challenger,src-31c65dbec869
IN-PC-2008-chhattisgarh-302,chhattisgarh,2019,6,RAJNANDGAON,SACHCHIDANAND KAUSHIK,parties.IN.IND,12472,0.95,6,forfeit,U,,12th Pass,,challenger,src-31c65dbec869
IN-PC-2008-chhattisgarh-302,chhattisgarh,2019,6,RAJNANDGAON,AJAY PALI (BABA),parties.IN.SHS,8366,0.64,7,forfeit,U,,5th Pass,,challenger,src-31c65dbec869
IN-PC-2008-chhattisgarh-302,chhattisgarh,2019,6,RAJNANDGAON,RAMKHILAWAN DAHARIYA,parties.IN.IND,5068,0.39,8,forfeit,U,,12th Pass,,challenger,src-31c65dbec869
IN-PC-2008-chhattisgarh-302,chhattisgarh,2019,6,RAJNANDGAON,BAIDYA SHEKHU RAM VERMA (GURUJI),parties.IN.APOI,4297,0.33,9,forfeit,U,,Post Graduate,,challenger,src-31c65dbec869
IN-PC-2008-chhattisgarh-302,chhattisgarh,2019,6,RAJNANDGAON,VISHWANATH SINGH PORTE,parties.IN.GGP,3817,0.29,10,forfeit,U,,12th Pass,,challenger,src-31c65dbec869
IN-PC-2008-chhattisgarh-302,chhattisgarh,2019,6,RAJNANDGAON,KRANTI GUPTA,parties.IN.IND,3713,0.28,11,forfeit,U,,10th Pass,,challenger,src-31c65dbec869
IN-PC-2008-chhattisgarh-302,chhattisgarh,2019,6,RAJNANDGAON,KAMINI SAHU,parties.IN.IND,2445,0.19,12,forfeit,U,,12th Pass,,challenger,src-31c65dbec869
IN-PC-2008-chhattisgarh-302,chhattisgarh,2019,6,RAJNANDGAON,DR. GOJUPAL,parties.IN.RPIA,1773,0.14,13,forfeit,U,,Graduate,,crossover,src-31c65dbec869
IN-PC-2008-chhattisgarh-302,chhattisgarh,2019,6,RAJNANDGAON,MAHENDRA KUMAR SAHU,parties.IN.FDLP,1519,0.12,14,forfeit,U,,Graduate Professional,,challenger,src-31c65dbec869
IN-PC-2008-chhattisgarh-302,chhattisgarh,2019,6,RAJNANDGAON,PRATIMA SANTOSH WASHNIK,parties.IN.RP_K,1506,0.12,15,forfeit,U,,10th Pass,,challenger,src-31c65dbec869
IN-PC-2008-chhattisgarh-300,chhattisgarh,2019,7,DURG,VIJAY BAGHEL,parties.IN.BJP,849374,61.02,1,won,U,,Graduate,,challenger,src-31c65dbec869
IN-PC-2008-chhattisgarh-300,chhattisgarh,2019,7,DURG,PRATIMA CHANDRAKAR,parties.IN.INC,457396,32.86,2,lost,U,,12th Pass,Petrol Pumps,challenger,src-31c65dbec869
IN-PC-2008-chhattisgarh-300,chhattisgarh,2019,7,DURG,GEETANJALI SINGH,parties.IN.BSP,20124,1.45,3,forfeit,U,,Post Graduate,,challenger,src-31c65dbec869
IN-PC-2008-chhattisgarh-300,chhattisgarh,2019,7,DURG,HIDAR BHATI,,12107,0.87,4,forfeit,U,,5th Pass,,challenger,src-31c65dbec869
IN-PC-2008-chhattisgarh-300,chhattisgarh,2019,7,DURG,ANOOP KUMAR PANDEY,parties.IN.IND,7959,0.57,5,forfeit,U,,8th Pass,Insurance Agent,challenger,src-31c65dbec869
IN-PC-2008-chhattisgarh-300,chhattisgarh,2019,7,DURG,ARUN KUMAR JOSHI,parties.IN.IND,6753,0.49,6,forfeit,U,,Others,NGO,challenger,src-31c65dbec869
IN-PC-2008-chhattisgarh-300,chhattisgarh,2019,7,DURG,ANURAG SINGH,,5435,0.39,7,forfeit,U,,Others,,challenger,src-31c65dbec869
IN-PC-2008-chhattisgarh-300,chhattisgarh,2019,7,DURG,SEVAKRAM BANJARE,,4072,0.29,9,forfeit,U,,Graduate Professional,Ex Judiciary,challenger,src-31c65dbec869
IN-PC-2008-chhattisgarh-300,chhattisgarh,2019,7,DURG,MANOJ GAYKWAD CHHATTISGARHIYA,parties.IN.IND,4012,0.29,10,forfeit,U,,12th Pass,,challenger,src-31c65dbec869
IN-PC-2008-chhattisgarh-300,chhattisgarh,2019,7,DURG,PRAVEEN TIWARI,parties.IN.IND,3466,0.25,11,forfeit,U,,Graduate,,challenger,src-31c65dbec869
IN-PC-2008-chhattisgarh-300,chhattisgarh,2019,7,DURG,POKHRAJ MESHRAM,parties.IN.IND,3177,0.23,12,forfeit,U,,,,challenger,src-31c65dbec869
IN-PC-2008-chhattisgarh-300,chhattisgarh,2019,7,DURG,AATMA RAM SAHU,,2221,0.16,13,forfeit,U,,Post Graduate,,challenger,src-31c65dbec869
IN-PC-2008-chhattisgarh-300,chhattisgarh,2019,7,DURG,RAJESH KUMAR DUBEY,,2114,0.15,14,forfeit,U,,Graduate,,challenger,src-31c65dbec869
IN-PC-2008-chhattisgarh-300,chhattisgarh,2019,7,DURG,MALIK RAM THAKUR,parties.IN.APOI,1982,0.14,15,forfeit,U,,10th Pass,,challenger,src-31c65dbec869
IN-PC-2008-chhattisgarh-300,chhattisgarh,2019,7,DURG,RAJ KUMAR GUPTA ADVOCATE,parties.IN.CSM,1522,0.11,16,forfeit,U,,Post Graduate,Lawyer,challenger,src-31c65dbec869
IN-PC-2008-chhattisgarh-300,chhattisgarh,2019,7,DURG,GURU DADA LOKESH,parties.IN.IND,1420,0.1,17,forfeit,U,,Post Graduate,Lawyer,challenger,src-31c65dbec869
IN-PC-2008-chhattisgarh-300,chhattisgarh,2019,7,DURG,KAMLESH KUMAR NAGARCHI,parties.IN.SHS,1097,0.08,18,forfeit,U,,8th Pass,,challenger,src-31c65dbec869
IN-PC-2008-chhattisgarh-300,chhattisgarh,2019,7,DURG,SUNIL KUMAR MARKANDEY,parties.IN.IND,1003,0.07,19,forfeit,U,,Post Graduate,Private Company,challenger,src-31c65dbec869
IN-PC-2008-chhattisgarh-300,chhattisgarh,2019,7,DURG,FARID MOHAMMAD QURAISHI,parties.IN.GGP,919,0.07,20,forfeit,U,,Graduate Professional,Self-employed,challenger,src-31c65dbec869
IN-PC-2008-chhattisgarh-300,chhattisgarh,2019,7,DURG,TRESSA DAVID,,797,0.06,21,forfeit,U,,Graduate,,challenger,src-31c65dbec869
IN-PC-2008-chhattisgarh-300,chhattisgarh,2019,7,DURG,PITAMBAR LAL NISHAD,parties.IN.BHAPRAP,775,0.06,22,forfeit,U,,12th Pass,,challenger,src-31c65dbec869
IN-PC-2008-chhattisgarh-298,chhattisgarh,2019,8,RAIPUR,Sunil Kumar Soni,parties.IN.BJP,837902,60.01,1,won,U,,Graduate,,challenger,src-31c65dbec869
IN-PC-2008-chhattisgarh-298,chhattisgarh,2019,8,RAIPUR,Pramod Dubey,parties.IN.INC,489664,35.07,2,lost,U,,Post Graduate,,challenger,src-31c65dbec869
IN-PC-2008-chhattisgarh-298,chhattisgarh,2019,8,RAIPUR,Khilesh Kumar Sahu Alias Khileshwar,parties.IN.BSP,10597,0.76,3,forfeit,U,,12th Pass,Real Estate or Builder or Developer or Construction,challenger,src-31c65dbec869
IN-PC-2008-chhattisgarh-298,chhattisgarh,2019,8,RAIPUR,Santosh Yadu,parties.IN.SHS,9690,0.69,4,forfeit,U,,12th Pass,,challenger,src-31c65dbec869
IN-PC-2008-chhattisgarh-298,chhattisgarh,2019,8,RAIPUR,Tarjan Jangde,parties.IN.IND,6301,0.45,5,forfeit,U,,12th Pass,,challenger,src-31c65dbec869
IN-PC-2008-chhattisgarh-298,chhattisgarh,2019,8,RAIPUR,Navin Gupta,parties.IN.IND,5676,0.41,6,forfeit,U,,10th Pass,Contractor,challenger,src-31c65dbec869
IN-PC-2008-chhattisgarh-298,chhattisgarh,2019,8,RAIPUR,Ajay Chakole,parties.IN.GGP,4422,0.32,7,forfeit,U,,Graduate,,challenger,src-31c65dbec869
IN-PC-2008-chhattisgarh-298,chhattisgarh,2019,8,RAIPUR,Manish Shrivastav,parties.IN.IND,4035,0.29,9,forfeit,U,,12th Pass,,challenger,src-31c65dbec869
IN-PC-2008-chhattisgarh-298,chhattisgarh,2019,8,RAIPUR,Pritesh Pandey,parties.IN.IND,3829,0.27,10,forfeit,U,,Post Graduate,,challenger,src-31c65dbec869
IN-PC-2008-chhattisgarh-298,chhattisgarh,2019,8,RAIPUR,Advocate Shailendra Kumar Banjare,,2802,0.2,11,forfeit,U,,Post Graduate,Rent,challenger,src-31c65dbec869
IN-PC-2008-chhattisgarh-298,chhattisgarh,2019,8,RAIPUR,Pravin Jain,parties.IN.IND,1936,0.14,12,forfeit,U,,10th Pass,,challenger,src-31c65dbec869
IN-PC-2008-chhattisgarh-298,chhattisgarh,2019,8,RAIPUR,Vijay Kumar Kurre,,1744,0.12,13,forfeit,U,,12th Pass,Insurance Agent,challenger,src-31c65dbec869
IN-PC-2008-chhattisgarh-298,chhattisgarh,2019,8,RAIPUR,Sanju Kumar Yadav,parties.IN.IND,1661,0.12,14,forfeit,U,,10th Pass,,challenger,src-31c65dbec869
IN-PC-2008-chhattisgarh-298,chhattisgarh,2019,8,RAIPUR,Santosh Sahu,parties.IN.IND,1590,0.11,15,forfeit,U,,Graduate,,challenger,src-31c65dbec869
IN-PC-2008-chhattisgarh-298,chhattisgarh,2019,8,RAIPUR,Ikram Saifi,parties.IN.APOI,1495,0.11,16,forfeit,U,,Literate,,challenger,src-31c65dbec869
IN-PC-2008-chhattisgarh-298,chhattisgarh,2019,8,RAIPUR,Devendra Kumar Patil,,1469,0.11,17,forfeit,U,,Graduate,,challenger,src-31c65dbec869
IN-PC-2008-chhattisgarh-298,chhattisgarh,2019,8,RAIPUR,Dr. Yogita Bajpai,,1210,0.09,18,forfeit,U,,Doctorate,Home Teacher or Tuition,challenger,src-31c65dbec869
IN-PC-2008-chhattisgarh-298,chhattisgarh,2019,8,RAIPUR,Banmali Chhura,,1069,0.08,19,forfeit,U,,12th Pass,,challenger,src-31c65dbec869
IN-PC-2008-chhattisgarh-298,chhattisgarh,2019,8,RAIPUR,Shankar Lal Vardani,parties.IN.IND,887,0.06,20,forfeit,U,,Illiterate,,challenger,src-31c65dbec869
IN-PC-2008-chhattisgarh-298,chhattisgarh,2019,8,RAIPUR,Chhabi Lal Kanwar,,817,0.06,21,forfeit,U,,12th Pass,,challenger,src-31c65dbec869
IN-PC-2008-chhattisgarh-298,chhattisgarh,2019,8,RAIPUR,Devki Dubey (Sandhya),parties.IN.RPIA,788,0.06,22,forfeit,U,,10th Pass,,challenger,src-31c65dbec869
IN-PC-2008-chhattisgarh-298,chhattisgarh,2019,8,RAIPUR,Tameshwar Sahu,,762,0.05,23,forfeit,U,,5th Pass,,challenger,src-31c65dbec869
IN-PC-2008-chhattisgarh-298,chhattisgarh,2019,8,RAIPUR,Ramkrishna Verma,parties.IN.IND,672,0.05,24,forfeit,U,,8th Pass,,challenger,src-31c65dbec869
IN-PC-2008-chhattisgarh-298,chhattisgarh,2019,8,RAIPUR,Rupesh Sahu,parties.IN.IND,473,0.03,25,forfeit,U,,10th Pass,,challenger,src-31c65dbec869
IN-PC-2008-chhattisgarh-298,chhattisgarh,2019,8,RAIPUR,Ramdyal Dahariya,parties.IN.IND,467,0.03,26,forfeit,U,,8th Pass,,challenger,src-31c65dbec869
IN-PC-2008-chhattisgarh-294,chhattisgarh,2019,9,MAHASAMUND,CHUNNI LAL SAHU,parties.IN.BJP,616580,50.44,1,won,U,,Graduate,,challenger,src-31c65dbec869
IN-PC-2008-chhattisgarh-294,chhattisgarh,2019,9,MAHASAMUND,DHANENDRA SAHU,parties.IN.INC,526069,43.04,2,lost,U,,12th Pass,Rent,challenger,src-31c65dbec869
IN-PC-2008-chhattisgarh-294,chhattisgarh,2019,9,MAHASAMUND,DEVENDAR SINGH THAKUR (RAJPUT),parties.IN.IND,15491,1.27,4,forfeit,U,,12th Pass,,challenger,src-31c65dbec869
IN-PC-2008-chhattisgarh-294,chhattisgarh,2019,9,MAHASAMUND,DHANSING KOSARIYA,parties.IN.BSP,11245,0.92,5,forfeit,U,,12th Pass,,challenger,src-31c65dbec869
IN-PC-2008-chhattisgarh-294,chhattisgarh,2019,9,MAHASAMUND,ASHOK SONI,parties.IN.APOI,7733,0.63,6,forfeit,U,,8th Pass,Taxi Driver,challenger,src-31c65dbec869
IN-PC-2008-chhattisgarh-294,chhattisgarh,2019,9,MAHASAMUND,SANTOSH BANJARE,parties.IN.IND,7242,0.59,7,forfeit,U,,12th Pass,,challenger,src-31c65dbec869
IN-PC-2008-chhattisgarh-294,chhattisgarh,2019,9,MAHASAMUND,TARUN KUMAR DADSENA,parties.IN.IND,4181,0.34,8,forfeit,U,,Graduate,Journalist or Editor,challenger,src-31c65dbec869
IN-PC-2008-chhattisgarh-294,chhattisgarh,2019,9,MAHASAMUND,DR. VIRENDRA CHOUDHARY,,2538,0.21,9,forfeit,U,,Others,Doctor,challenger,src-31c65dbec869
IN-PC-2008-chhattisgarh-294,chhattisgarh,2019,9,MAHASAMUND,COMRADE BHOJLAL NETAM,,2263,0.19,10,forfeit,U,,5th Pass,,challenger,src-31c65dbec869
IN-PC-2008-chhattisgarh-294,chhattisgarh,2019,9,MAHASAMUND,KHILAWAN SINGH DHRUW,parties.IN.IND,2250,0.18,11,forfeit,U,,12th Pass,,challenger,src-31c65dbec869
IN-PC-2008-chhattisgarh-294,chhattisgarh,2019,9,MAHASAMUND,JAGMOHAN BHAGWAT KOSARIYA,parties.IN.IND,2244,0.18,12,forfeit,U,,5th Pass,,challenger,src-31c65dbec869
IN-PC-2008-chhattisgarh-294,chhattisgarh,2019,9,MAHASAMUND,CHAMPALAL PATEL GURUJI,parties.IN.IND,1941,0.16,13,forfeit,U,,,,challenger,src-31c65dbec869
IN-PC-2008-chhattisgarh-294,chhattisgarh,2019,9,MAHASAMUND,ROHIT KUMAR KOSRE,,1317,0.11,14,forfeit,U,,5th Pass,,challenger,src-31c65dbec869
IN-PC-2008-chhattisgarh-296,chhattisgarh,2019,10,BASTAR,DEEPAK BAIJ,parties.IN.INC,402527,44.1,1,won,U,,Post Graduate,,challenger,src-31c65dbec869
IN-PC-2008-chhattisgarh-296,chhattisgarh,2019,10,BASTAR,BAIDU RAM KASHYAP,parties.IN.BJP,363545,39.83,2,lost,U,,10th Pass,Transport,challenger,src-31c65dbec869
IN-PC-2008-chhattisgarh-296,chhattisgarh,2019,10,BASTAR,RAMU RAM MOURYA,parties.IN.CPI,38395,4.21,4,forfeit,U,,Post Graduate,,challenger,src-31c65dbec869
IN-PC-2008-chhattisgarh-296,chhattisgarh,2019,10,BASTAR,AAYTU RAM MANDAVI,parties.IN.BSP,30449,3.34,5,forfeit,U,,8th Pass,,challenger,src-31c65dbec869
IN-PC-2008-chhattisgarh-296,chhattisgarh,2019,10,BASTAR,SURESH KAWASI,parties.IN.SHS,13930,1.53,6,forfeit,U,,5th Pass,,challenger,src-31c65dbec869
IN-PC-2008-chhattisgarh-296,chhattisgarh,2019,10,BASTAR,PANEESH PRASAD NAG,parties.IN.APOI,12421,1.36,7,forfeit,U,,Post Graduate,Shop Keeper,challenger,src-31c65dbec869
IN-PC-2008-chhattisgarh-296,chhattisgarh,2019,10,BASTAR,MANGALARAM KARMA,,9912,1.09,8,forfeit,U,,,,challenger,src-31c65dbec869
IN-PC-2008-chhattisgarh-303,chhattisgarh,2019,11,KANKER,MOHAN MANDAVI,parties.IN.BJP,546233,47.12,1,won,U,,Post Graduate,,challenger,src-31c65dbec869
IN-PC-2008-chhattisgarh-303,chhattisgarh,2019,11,KANKER,BIRESH THAKUR,parties.IN.INC,539319,46.53,2,lost,U,,Post Graduate,,challenger,src-31c65dbec869
IN-PC-2008-chhattisgarh-303,chhattisgarh,2019,11,KANKER,HARISINGH SIDAR,parties.IN.IND,11449,0.99,4,forfeit,U,,10th Pass,,challenger,src-31c65dbec869
IN-PC-2008-chhattisgarh-303,chhattisgarh,2019,11,KANKER,SUBE SINGH DHURVA,parties.IN.BSP,10124,0.87,5,forfeit,U,,10th Pass,,challenger,src-31c65dbec869
IN-PC-2008-chhattisgarh-303,chhattisgarh,2019,11,KANKER,DURGAPRASAD THAKUR,parties.IN.APOI,6103,0.53,6,forfeit,U,,Post Graduate,,challenger,src-31c65dbec869
IN-PC-2008-chhattisgarh-303,chhattisgarh,2019,11,KANKER,NAREND NAG,parties.IN.IND,5758,0.5,7,forfeit,U,,12th Pass,,challenger,src-31c65dbec869
IN-PC-2008-chhattisgarh-303,chhattisgarh,2019,11,KANKER,MATHAN SINGH MARKAM,,5586,0.48,8,forfeit,U,,Post Graduate,,challenger,src-31c65dbec869
IN-PC-2008-chhattisgarh-303,chhattisgarh,2019,11,KANKER,GHANSHYAM JURRI,parties.IN.GGP,4471,0.39,9,forfeit,U,,12th Pass,Ex Military,challenger,src-31c65dbec869
IN-PC-2008-chhattisgarh-303,chhattisgarh,2019,11,KANKER,UMASHANKAR BHANDARI,parties.IN.SHS,3437,0.3,10,forfeit,U,,Graduate,,challenger,src-31c65dbec869
IN-PC-2008-goa-480,goa,2019,1,NORTH GOA,SHRIPAD YESSO NAIK,parties.IN.BJP,244844,57.12,1,won,U,,Graduate,,incumbent,src-31c65dbec869
IN-PC-2008-goa-480,goa,2019,1,NORTH GOA,GIRISH RAYA CHODANKAR,parties.IN.INC,164597,38.4,2,lost,U,,Post Graduate,School Teacher,challenger,src-31c65dbec869
IN-PC-2008-goa-480,goa,2019,1,NORTH GOA,DATTATRAYA PADGAONKAR,,4756,1.11,4,forfeit,U,,Graduate,Insurance Agent,challenger,src-31c65dbec869
IN-PC-2008-goa-480,goa,2019,1,NORTH GOA,AMIT ATMARAM KORGAONKAR,parties.IN.RPI_KM,2809,0.66,5,forfeit,U,,Graduate,,challenger,src-31c65dbec869
IN-PC-2008-goa-480,goa,2019,1,NORTH GOA,BHAGAWANT SADANAND KAMAT,parties.IN.IND,2432,0.57,6,forfeit,U,,Graduate Professional,Qualified Professional,challenger,src-31c65dbec869
IN-PC-2008-goa-480,goa,2019,1,NORTH GOA,AISHWARYA ARJUN SALGAONKAR,parties.IN.IND,2127,0.5,7,forfeit,U,,10th Pass,Household,challenger,src-31c65dbec869
IN-PC-2008-goa-481,goa,2019,2,SOUTH GOA,COSME FRANCISCO CAITANO SARDINHA,parties.IN.INC,201561,47.47,1,won,U,,Graduate Professional,,challenger,src-31c65dbec869
IN-PC-2008-goa-481,goa,2019,2,SOUTH GOA,ADV. NARENDRA SAWAIKAR,parties.IN.BJP,191806,45.18,2,lost,U,,Graduate Professional,Lawyer,incumbent,src-31c65dbec869
IN-PC-2008-goa-481,goa,2019,2,SOUTH GOA,ELVIS GOMES,,20891,4.92,3,forfeit,U,,Graduate Professional,Ex Civil Service,challenger,src-31c65dbec869
IN-PC-2008-goa-481,goa,2019,2,SOUTH GOA,RAKHI AMIT NAIK,parties.IN.SHS,1763,0.42,5,forfeit,U,,Graduate,,challenger,src-31c65dbec869
IN-PC-2008-goa-481,goa,2019,2,SOUTH GOA,MAYUR KHANCONKAR,parties.IN.IND,1705,0.4,6,forfeit,U,,Graduate,Self-employed,challenger,src-31c65dbec869
IN-PC-2008-goa-481,goa,2019,2,SOUTH GOA,DR. KALIDAS PRAKASH VAINGANKAR,parties.IN.IND,1413,0.33,7,forfeit,U,,Graduate Professional,Doctor,challenger,src-31c65dbec869
IN-PC-2008-gujarat-347,gujarat,2019,1,KACHCHH,CHAVDA VINOD LAKHAMSHI,parties.IN.BJP,637034,62.26,1,won,U,,Post Graduate,,incumbent,src-31c65dbec869
IN-PC-2008-gujarat-347,gujarat,2019,1,KACHCHH,NARESH NARANBHAI MAHESHWARI,parties.IN.INC,331521,32.4,2,lost,U,,Graduate,,challenger,src-31c65dbec869
IN-PC-2008-gujarat-347,gujarat,2019,1,KACHCHH,MAHESHWARI DEVJIBHAI VACHHIYABHAI,parties.IN.BMUP,10098,0.99,4,forfeit,U,,Graduate Professional,Lawyer,challenger,src-31c65dbec869
IN-PC-2008-gujarat-347,gujarat,2019,1,KACHCHH,LAKHUBHAI VAGHELA,parties.IN.BSP,7448,0.73,5,forfeit,U,,5th Pass,Contractor,challenger,src-31c65dbec869
IN-PC-2008-gujarat-347,gujarat,2019,1,KACHCHH,MEGHVAL BHIMJIBHAI BHIKHABHAI,parties.IN.IND,5761,0.56,6,forfeit,U,,10th Pass,,challenger,src-31c65dbec869
IN-PC-2008-gujarat-347,gujarat,2019,1,KACHCHH,MARU MANISHA BHARAT,parties.IN.IND,4984,0.49,7,forfeit,U,,5th Pass,Household,challenger,src-31c65dbec869
IN-PC-2008-gujarat-347,gujarat,2019,1,KACHCHH,CHAVDA PRAVINBHAI CHANABHAI,parties.IN.HND,2155,0.21,8,forfeit,U,,10th Pass,,challenger,src-31c65dbec869
IN-PC-2008-gujarat-347,gujarat,2019,1,KACHCHH,BABULAL AMARSHI VAGHELA,parties.IN.IND,2141,0.21,9,forfeit,U,,Illiterate,,challenger,src-31c65dbec869
IN-PC-2008-gujarat-347,gujarat,2019,1,KACHCHH,SONDARVA BALUBEN MAHESHBHAI,,1699,0.17,10,forfeit,U,,8th Pass,Agricultural Business,challenger,src-31c65dbec869
IN-PC-2008-gujarat-347,gujarat,2019,1,KACHCHH,DHIRUBHAI BABULAL SHRIMALI,,1596,0.16,11,forfeit,U,,10th Pass,,challenger,src-31c65dbec869
IN-PC-2008-gujarat-357,gujarat,2019,2,BANASKANTHA,PARBATBHAI SAVABHAI PATEL,parties.IN.BJP,679108,61.62,1,won,U,,Graduate Professional,,challenger,src-31c65dbec869
IN-PC-2008-gujarat-357,gujarat,2019,2,BANASKANTHA,PARTHIBHAI GALBABHAI BHATOL,parties.IN.INC,310812,28.2,2,lost,U,,10th Pass,,challenger,src-31c65dbec869
IN-PC-2008-gujarat-357,gujarat,2019,2,BANASKANTHA,THAKOR SWARUPJI SARDARJI,parties.IN.IND,48634,4.41,3,forfeit,U,,8th Pass,,challenger,src-31c65dbec869
IN-PC-2008-gujarat-357,gujarat,2019,2,BANASKANTHA,TEJABHAI NETHIBHAI RABARI,parties.IN.BSP,11088,1.01,5,forfeit,U,,Literate,,challenger,src-31c65dbec869
IN-PC-2008-gujarat-357,gujarat,2019,2,BANASKANTHA,PUROHIT SHYAMABEN NARANBHAI,parties.IN.IND,11069,1,6,forfeit,U,,Graduate,Household,challenger,src-31c65dbec869
IN-PC-2008-gujarat-357,gujarat,2019,2,BANASKANTHA,MADHU NIRUPABEN,parties.IN.IND,6845,0.62,7,forfeit,U,,Graduate,Lawyer,challenger,src-31c65dbec869
IN-PC-2008-gujarat-357,gujarat,2019,2,BANASKANTHA,THAKOR MELAJI MADARSINH,,6809,0.62,8,forfeit,U,,8th Pass,,challenger,src-31c65dbec869
IN-PC-2008-gujarat-357,gujarat,2019,2,BANASKANTHA,PARSANI IBRAHIMBHAI PIRABHAI,parties.IN.IND,3679,0.33,9,forfeit,U,,5th Pass,,challenger,src-31c65dbec869
IN-PC-2008-gujarat-357,gujarat,2019,2,BANASKANTHA,PARMAR CHHAGANCHANDRARAJ DHANABHAI,parties.IN.IND,2516,0.23,10,forfeit,U,,10th Pass,,challenger,src-31c65dbec869
IN-PC-2008-gujarat-357,gujarat,2019,2,BANASKANTHA,DR. CHANDRA BEN,parties.IN.IND,2261,0.21,11,forfeit,U,,Doctorate,Lawyer,challenger,src-31c65dbec869
IN-PC-2008-gujarat-357,gujarat,2019,2,BANASKANTHA,CHARAMTA BHARATKUMAR KHEMABHAI,parties.IN.IND,1824,0.17,12,forfeit,U,,,,challenger,src-31c65dbec869
IN-PC-2008-gujarat-357,gujarat,2019,2,BANASKANTHA,DESAI ISHVARBHAI MAHADEVBHAI,parties.IN.IND,1709,0.16,13,forfeit,U,,,,challenger,src-31c65dbec869
IN-PC-2008-gujarat-357,gujarat,2019,2,BANASKANTHA,PADHIYAR BHARATKUMAR ISHVARLAL,parties.IN.IND,1507,0.14,14,forfeit,U,,5th Pass,,challenger,src-31c65dbec869
IN-PC-2008-gujarat-357,gujarat,2019,2,BANASKANTHA,JAGDISHJI PARTHIJI DHARANI,parties.IN.IND,1492,0.14,15,forfeit,U,,12th Pass,,challenger,src-31c65dbec869
IN-PC-2008-gujarat-345,gujarat,2019,3,PATAN,DABHI BHARATSINHJI SHANKARJI,parties.IN.BJP,633368,56.24,1,won,U,,Graduate,,challenger,src-31c65dbec869
IN-PC-2008-gujarat-345,gujarat,2019,3,PATAN,JAGDISH THAKOR,parties.IN.INC,439489,39.02,2,lost,U,,10th Pass,,challenger,src-31c65dbec869
IN-PC-2008-gujarat-345,gujarat,2019,3,PATAN,CHAUDHARI KIRTIBHAI JESHANGBHAI,parties.IN.NCP,9215,0.82,4,forfeit,U,,Post Graduate,,challenger,src-31c65dbec869
IN-PC-2008-gujarat-345,gujarat,2019,3,PATAN,RATHOD GOVINDBHAI BHIKHABHAI,parties.IN.IND,7304,0.65,5,forfeit,U,,8th Pass,,challenger,src-31c65dbec869
IN-PC-2008-gujarat-345,gujarat,2019,3,PATAN,SURAJKUMAR MAHENDRABHAI PARMAR,parties.IN.BSP,6651,0.59,6,forfeit,U,,Graduate,Contractor,challenger,src-31c65dbec869
IN-PC-2008-gujarat-345,gujarat,2019,3,PATAN,MOLAPIYA ABDULKUDUS ABDULMAJID,parties.IN.IND,5647,0.5,7,forfeit,U,,Literate,,challenger,src-31c65dbec869
IN-PC-2008-gujarat-345,gujarat,2019,3,PATAN,PRAJAPATI JAYANTIBHAI DEVABHAI,parties.IN.HND,2788,0.25,8,forfeit,U,,5th Pass,,challenger,src-31c65dbec869
IN-PC-2008-gujarat-345,gujarat,2019,3,PATAN,MAKWANA VAGHABHAI MAGANBHAI,parties.IN.IND,2044,0.18,9,forfeit,U,,10th Pass,,challenger,src-31c65dbec869
IN-PC-2008-gujarat-345,gujarat,2019,3,PATAN,BHORANIYA SHOYABBHAI HASAMBHAI,parties.IN.IND,1784,0.16,10,forfeit,U,,8th Pass,,challenger,src-31c65dbec869
IN-PC-2008-gujarat-345,gujarat,2019,3,PATAN,PRAVINKUMAR TULSIDAS PANDYA,parties.IN.IND,1376,0.12,11,forfeit,U,,10th Pass,,challenger,src-31c65dbec869
IN-PC-2008-gujarat-345,gujarat,2019,3,PATAN,CHAUDHARI SHAILESHKUMAR KANJIBHAI,parties.IN.IND,1222,0.11,12,forfeit,U,,12th Pass,,challenger,src-31c65dbec869
IN-PC-2008-gujarat-345,gujarat,2019,3,PATAN,UMEDBHAI HARIBHAI NAI,parties.IN.IND,1041,0.09,13,forfeit,U,,8th Pass,,challenger,src-31c65dbec869
IN-PC-2008-gujarat-354,gujarat,2019,4,MAHESANA,SHARDABEN ANILBHAI PATEL,parties.IN.BJP,659525,60.96,1,won,U,,12th Pass,,challenger,src-31c65dbec869
IN-PC-2008-gujarat-354,gujarat,2019,4,MAHESANA,A. J. Patel,parties.IN.INC,378006,34.94,2,lost,U,,Graduate Professional,,challenger,src-31c65dbec869
IN-PC-2008-gujarat-354,gujarat,2019,4,MAHESANA,CHAUHAN PRAHLADBHAI NATTHUBHAI,parties.IN.BSP,9512,0.88,4,forfeit,U,,12th Pass,,challenger,src-31c65dbec869
IN-PC-2008-gujarat-354,gujarat,2019,4,MAHESANA,RATHOD GULABSINH DURSINH,parties.IN.IND,5221,0.48,5,forfeit,U,,10th Pass,,challenger,src-31c65dbec869
IN-PC-2008-gujarat-354,gujarat,2019,4,MAHESANA,CHAUDHARI SENDHABHAI ABHERAJBHAI,parties.IN.BMUP,4585,0.42,6,forfeit,U,,Post Graduate,Agricultural Business,challenger,src-31c65dbec869
IN-PC-2008-gujarat-354,gujarat,2019,4,MAHESANA,PATEL AMBALAL TALASHIBHAI,parties.IN.IND,4001,0.37,7,forfeit,U,,Graduate Professional,Lawyer,challenger,src-31c65dbec869
IN-PC-2008-gujarat-354,gujarat,2019,4,MAHESANA,PATEL ANITABEN RAMABHAI,parties.IN.IND,2119,0.2,8,forfeit,U,,8th Pass,,challenger,src-31c65dbec869
IN-PC-2008-gujarat-354,gujarat,2019,4,MAHESANA,THAKOR BIPINKUMAR SHANKARJI,parties.IN.IND,2111,0.2,9,forfeit,U,,12th Pass,,challenger,src-31c65dbec869
IN-PC-2008-gujarat-354,gujarat,2019,4,MAHESANA,THAKOR JAYANTIJI CHUNTHAJI,parties.IN.IND,1483,0.14,10,forfeit,U,,12th Pass,,challenger,src-31c65dbec869
IN-PC-2008-gujarat-354,gujarat,2019,4,MAHESANA,THAKOR MAYURKUMAR RUPSINGJI,parties.IN.IND,1397,0.13,11,forfeit,U,,,,challenger,src-31c65dbec869
IN-PC-2008-gujarat-354,gujarat,2019,4,MAHESANA,PRAJAPATI KANUBHAI AMATHARAM,parties.IN.BRP,992,0.09,12,forfeit,U,,5th Pass,Mechanic,challenger,src-31c65dbec869
IN-PC-2008-gujarat-354,gujarat,2019,4,MAHESANA,BAROT KULDIPKUMAR BHARATKUMAR,parties.IN.YJJP,919,0.08,13,forfeit,U,,Graduate,,challenger,src-31c65dbec869
IN-PC-2008-gujarat-353,gujarat,2019,5,SABARKANTHA,RATHOD DIPSINH SHANKARSINH,parties.IN.BJP,701983,57.62,1,won,U,,8th Pass,MP,incumbent,src-31c65dbec869
IN-PC-2008-gujarat-353,gujarat,2019,5,SABARKANTHA,THAKOR RAJENDRASINH SHIVSINH,parties.IN.INC,432997,35.54,2,lost,U,,Graduate,Engineer,challenger,src-31c65dbec869
IN-PC-2008-gujarat-353,gujarat,2019,5,SABARKANTHA,RAVAL RAJUBHAI PUNJABHAI,parties.IN.IND,17175,1.41,3,forfeit,U,,10th Pass,Truck Driver,challenger,src-31c65dbec869
IN-PC-2008-gujarat-353,gujarat,2019,5,SABARKANTHA,PATHAN AAIYUBKHAN AJABKHAN,parties.IN.IND,9177,0.75,4,forfeit,U,,,,challenger,src-31c65dbec869
IN-PC-2008-gujarat-353,gujarat,2019,5,SABARKANTHA,VINODBHAI JETHABHAI MESARIYA,parties.IN.BSP,7912,0.65,5,forfeit,U,,Graduate,,challenger,src-31c65dbec869
IN-PC-2008-gujarat-353,gujarat,2019,5,SABARKANTHA,LATA BABUBHAI NATHAJI,parties.IN.IND,7777,0.64,6,forfeit,U,,12th Pass,,challenger,src-31c65dbec869
IN-PC-2008-gujarat-353,gujarat,2019,5,SABARKANTHA,LUHAR HAFIJHUSEN HAJINURMAHMAD,parties.IN.IND,5835,0.48,8,forfeit,U,,,,challenger,src-31c65dbec869
IN-PC-2008-gujarat-353,gujarat,2019,5,SABARKANTHA,PATEL KESHAVLAL GANGARAMBHAI,parties.IN.IND,4929,0.4,9,forfeit,U,,10th Pass,,challenger,src-31c65dbec869
IN-PC-2008-gujarat-353,gujarat,2019,5,SABARKANTHA,KHARADI DHARMENDRASINGH SAMSUBHAI,parties.IN.BTP,2833,0.23,10,forfeit,U,,Post Graduate,,challenger,src-31c65dbec869
IN-PC-2008-gujarat-353,gujarat,2019,5,SABARKANTHA,PATEL KIRITKUMAR BABARBHAI,parties.IN.IND,2727,0.22,11,forfeit,U,,Graduate,,challenger,src-31c65dbec869
IN-PC-2008-gujarat-353,gujarat,2019,5,SABARKANTHA,SANGHANI MUSTAKBHAI JAMALBHAI,parties.IN.IND,2661,0.22,12,forfeit,U,,10th Pass,Truck Driver,challenger,src-31c65dbec869
IN-PC-2008-gujarat-353,gujarat,2019,5,SABARKANTHA,SOLANKI MAGANBHAI LAKHABHAI,parties.IN.IND,2422,0.2,13,forfeit,U,,8th Pass,Ex Military,challenger,src-31c65dbec869
IN-PC-2008-gujarat-353,gujarat,2019,5,SABARKANTHA,PATEL JAYANTIBHAI SHAMJIBHAI,parties.IN.HND,2247,0.18,14,forfeit,U,,Graduate,,challenger,src-31c65dbec869
IN-PC-2008-gujarat-353,gujarat,2019,5,SABARKANTHA,VIKRAMBHAI BAHECHARBHAI MAKWANA,,2189,0.18,15,forfeit,U,,12th Pass,,challenger,src-31c65dbec869
IN-PC-2008-gujarat-353,gujarat,2019,5,SABARKANTHA,JADEJA INDRAVIJAYSINH KALYANSINH,parties.IN.YJJP,1920,0.16,16,forfeit,U,,12th Pass,,challenger,src-31c65dbec869
IN-PC-2008-gujarat-353,gujarat,2019,5,SABARKANTHA,ZALA DALPATSINH MOTISINH,parties.IN.IND,1884,0.15,17,forfeit,U,,8th Pass,,challenger,src-31c65dbec869
IN-PC-2008-gujarat-353,gujarat,2019,5,SABARKANTHA,KALABHAI BABABHAI PARMAR,parties.IN.IND,1510,0.12,18,forfeit,U,,Post Graduate,,challenger,src-31c65dbec869
IN-PC-2008-gujarat-353,gujarat,2019,5,SABARKANTHA,NARESHKUMAR RAMESHBHAI PATEL,parties.IN.BNJD,1447,0.12,19,forfeit,U,,10th Pass,,challenger,src-31c65dbec869
IN-PC-2008-gujarat-353,gujarat,2019,5,SABARKANTHA,LAXMISHANKAR MADHUSUDAN JOSHI,parties.IN.JANSAPP,1335,0.11,20,forfeit,U,,10th Pass,,challenger,src-31c65dbec869
IN-PC-2008-gujarat-353,gujarat,2019,5,SABARKANTHA,MAYURSINH VANRAJSINH ZALA,parties.IN.RVZP,1290,0.11,21,forfeit,U,,12th Pass,,challenger,src-31c65dbec869
IN-PC-2008-gujarat-346,gujarat,2019,6,GANDHINAGAR,AMIT SHAH,parties.IN.BJP,894624,69.67,1,won,U,,12th Pass,,challenger,src-31c65dbec869
IN-PC-2008-gujarat-346,gujarat,2019,6,GANDHINAGAR,Dr. C. J. CHAVDA,parties.IN.INC,337610,26.29,2,lost,U,,Graduate Professional,Real Estate or Builder or Developer or Construction,challenger,src-31c65dbec869
IN-PC-2008-gujarat-346,gujarat,2019,6,GANDHINAGAR,VORA ALIMAHMAD RAJABHAI,parties.IN.IND,9008,0.7,4,forfeit,U,,Illiterate,,challenger,src-31c65dbec869
IN-PC-2008-gujarat-346,gujarat,2019,6,GANDHINAGAR,JAYENDRA KARSHANBHAI RATHOD,parties.IN.BSP,6400,0.5,5,forfeit,U,,Post Graduate,,challenger,src-31c65dbec869
IN-PC-2008-gujarat-346,gujarat,2019,6,GANDHINAGAR,SHEKH SHAHINBANU MOLANA MUSTAK,parties.IN.IND,5895,0.46,6,forfeit,U,,5th Pass,Household,challenger,src-31c65dbec869
IN-PC-2008-gujarat-346,gujarat,2019,6,GANDHINAGAR,RATHOD VALJIBHAI BECHARBHAI,parties.IN.IND,2664,0.21,7,forfeit,U,,Literate,,challenger,src-31c65dbec869
IN-PC-2008-gujarat-346,gujarat,2019,6,GANDHINAGAR,PATEL AMARISH JASVANTLAL (C. A.),parties.IN.HND,1741,0.14,8,forfeit,U,,Graduate Professional,Musician or Artist,challenger,src-31c65dbec869
IN-PC-2008-gujarat-346,gujarat,2019,6,GANDHINAGAR,MAKWANA ANILKUMAR SOMABHAI,parties.IN.IND,1691,0.13,9,forfeit,U,,5th Pass,,challenger,src-31c65dbec869
IN-PC-2008-gujarat-346,gujarat,2019,6,GANDHINAGAR,MAHENDRABHAI SOMABHAI PATNI,parties.IN.IND,1559,0.12,10,forfeit,U,,8th Pass,,challenger,src-31c65dbec869
IN-PC-2008-gujarat-346,gujarat,2019,6,GANDHINAGAR,BHOGILAL J. RATHOD (ADVOCATE),parties.IN.BMUP,1490,0.12,11,forfeit,U,,Graduate Professional,Lawyer,challenger,src-31c65dbec869
IN-PC-2008-gujarat-346,gujarat,2019,6,GANDHINAGAR,MAKVANA PRAKASHBHAI BAHECHARJI (HITUBHA),,1471,0.11,12,forfeit,U,,8th Pass,,challenger,src-31c65dbec869
IN-PC-2008-gujarat-346,gujarat,2019,6,GANDHINAGAR,CHANDRAPAL HASMUKH BAVJIBHAI,parties.IN.PPID,1438,0.11,13,forfeit,U,,12th Pass,Private Company,challenger,src-31c65dbec869
IN-PC-2008-gujarat-346,gujarat,2019,6,GANDHINAGAR,RAHUL CHIMANBHAI MEHTA,parties.IN.RTORP,1097,0.09,14,forfeit,U,,Post Graduate,Engineer,challenger,src-31c65dbec869
IN-PC-2008-gujarat-346,gujarat,2019,6,GANDHINAGAR,NARENDRABHAI REVASHANKAR TRIVEDI,parties.IN.JANSAPP,888,0.07,15,forfeit,U,,Graduate,,challenger,src-31c65dbec869
IN-PC-2008-gujarat-346,gujarat,2019,6,GANDHINAGAR,PATHAN FIROZKHAN SAEEDKHAN,parties.IN.IND,862,0.07,16,forfeit,U,,,,challenger,src-31c65dbec869
IN-PC-2008-gujarat-346,gujarat,2019,6,GANDHINAGAR,Dr. N. T. SENGAL,parties.IN.BSDL,743,0.06,17,forfeit,U,,10th Pass,,challenger,src-31c65dbec869
IN-PC-2008-gujarat-346,gujarat,2019,6,GANDHINAGAR,KHODABHAI LALAJIBHAI DESAI,parties.IN.IND,695,0.05,18,forfeit,U,,5th Pass,,challenger,src-31c65dbec869
IN-PC-2008-gujarat-336,gujarat,2019,7,AHMEDABAD EAST,Patel Hasmukhbhai Somabhai,parties.IN.BJP,749834,67.17,1,won,U,,Others,,challenger,src-31c65dbec869
IN-PC-2008-gujarat-336,gujarat,2019,7,AHMEDABAD EAST,Gitaben Patel,parties.IN.INC,315504,28.26,2,lost,U,,10th Pass,,challenger,src-31c65dbec869
IN-PC-2008-gujarat-336,gujarat,2019,7,AHMEDABAD EAST,Vaghela Ganeshbhai Narsinhbhai,parties.IN.BSP,9121,0.82,3,forfeit,U,,12th Pass,,challenger,src-31c65dbec869
IN-PC-2008-gujarat-336,gujarat,2019,7,AHMEDABAD EAST,Atulbhai Nanubhai Kathiriya,parties.IN.IND,6082,0.54,5,forfeit,U,,Graduate,,challenger,src-31c65dbec869
IN-PC-2008-gujarat-336,gujarat,2019,7,AHMEDABAD EAST,Chauhan Kiritbhai,parties.IN.IND,3548,0.32,6,forfeit,U,,10th Pass,Auto-rickshaw Driver,challenger,src-31c65dbec869
IN-PC-2008-gujarat-336,gujarat,2019,7,AHMEDABAD EAST,Jayswal Nareshkumar Babulal (Raju Mataji),parties.IN.IND,2517,0.23,7,forfeit,U,,,,challenger,src-31c65dbec869
IN-PC-2008-gujarat-336,gujarat,2019,7,AHMEDABAD EAST,Dr. Hitesh Mahendrabhai,,2449,0.22,8,forfeit,U,,Graduate Professional,Doctor,challenger,src-31c65dbec869
IN-PC-2008-gujarat-336,gujarat,2019,7,AHMEDABAD EAST,Mahesh Prabhudas Ahuja,parties.IN.IND,1791,0.16,9,forfeit,U,,Others,,challenger,src-31c65dbec869
IN-PC-2008-gujarat-336,gujarat,2019,7,AHMEDABAD EAST,Vekariya Rushi Bharatbhai (Patel),parties.IN.HND,1649,0.15,10,forfeit,U,,12th Pass,,challenger,src-31c65dbec869
IN-PC-2008-gujarat-336,gujarat,2019,7,AHMEDABAD EAST,Sheikh Salmabanu Mohammad Salim,parties.IN.IND,1466,0.13,11,forfeit,U,,,,challenger,src-31c65dbec869
IN-PC-2008-gujarat-336,gujarat,2019,7,AHMEDABAD EAST,Devda Dasharath Misarilal,parties.IN.IND,1395,0.12,12,forfeit,U,,5th Pass,Journalist or Editor,challenger,src-31c65dbec869
IN-PC-2008-gujarat-336,gujarat,2019,7,AHMEDABAD EAST,Rajesh Maurya,parties.IN.PAP,1346,0.12,13,forfeit,U,,10th Pass,,challenger,src-31c65dbec869
IN-PC-2008-gujarat-336,gujarat,2019,7,AHMEDABAD EAST,Sharma Brijesh Kumar Ujagarlal,parties.IN.IND,1337,0.12,14,forfeit,U,,,,challenger,src-31c65dbec869
IN-PC-2008-gujarat-336,gujarat,2019,7,AHMEDABAD EAST,Samirbhai Rajeshkumar Upadhyay,parties.IN.MANPA,1272,0.11,15,forfeit,U,,8th Pass,,challenger,src-31c65dbec869
IN-PC-2008-gujarat-336,gujarat,2019,7,AHMEDABAD EAST,Virat Pradip Shah,parties.IN.JANSAPP,899,0.08,16,forfeit,U,,12th Pass,,challenger,src-31c65dbec869
IN-PC-2008-gujarat-336,gujarat,2019,7,AHMEDABAD EAST,Minaxiben Rakeshkumar Solanki,parties.IN.IND,898,0.08,17,forfeit,U,,Graduate,,challenger,src-31c65dbec869
IN-PC-2008-gujarat-336,gujarat,2019,7,AHMEDABAD EAST,Mishra Arjun Ramshankar,,821,0.07,18,forfeit,U,,Others,School Teacher,challenger,src-31c65dbec869
IN-PC-2008-gujarat-336,gujarat,2019,7,AHMEDABAD EAST,Thakur Jitendrasinh Surendrasinh,parties.IN.LORP,705,0.06,19,forfeit,U,,12th Pass,,challenger,src-31c65dbec869
IN-PC-2008-gujarat-336,gujarat,2019,7,AHMEDABAD EAST,Bhatt Sunilkumar Narendrabhai,parties.IN.RTORP,704,0.06,20,forfeit,U,,Post Graduate,,challenger,src-31c65dbec869
IN-PC-2008-gujarat-336,gujarat,2019,7,AHMEDABAD EAST,Mundra Anilkumar,parties.IN.LOGAP,635,0.06,21,forfeit,U,,Graduate Professional,Lawyer,challenger,src-31c65dbec869
IN-PC-2008-gujarat-336,gujarat,2019,7,AHMEDABAD EAST,Kadri Mohammad Sabir,parties.IN.ANC,628,0.06,22,forfeit,U,,5th Pass,,challenger,src-31c65dbec869
IN-PC-2008-gujarat-336,gujarat,2019,7,AHMEDABAD EAST,Manoj Premchand Gupta,,604,0.05,23,forfeit,U,,8th Pass,Contractor,challenger,src-31c65dbec869
IN-PC-2008-gujarat-336,gujarat,2019,7,AHMEDABAD EAST,Chauhan Narendrasinh Makhatulsinh,parties.IN.YJJP,589,0.05,24,forfeit,U,,Graduate,Ex Military,challenger,src-31c65dbec869
IN-PC-2008-gujarat-336,gujarat,2019,7,AHMEDABAD EAST,Bharvad Saileshkumar Kalidas,parties.IN.IND,573,0.05,25,forfeit,U,,8th Pass,Agricultural Business,challenger,src-31c65dbec869
IN-PC-2008-gujarat-336,gujarat,2019,7,AHMEDABAD EAST,Mishra Rajkumar Malekchand,parties.IN.IND,534,0.05,26,forfeit,U,,12th Pass,,challenger,src-31c65dbec869
IN-PC-2008-gujarat-336,gujarat,2019,7,AHMEDABAD EAST,Pareshkumar Nanubhai Mulani,parties.IN.IND,458,0.04,27,forfeit,U,,Doctorate,Journalist or Editor,challenger,src-31c65dbec869
IN-PC-2008-gujarat-341,gujarat,2019,8,AHMEDABAD WEST,DR. KIRIT P. SOLANKI,parties.IN.BJP,641622,64.35,1,won,U,,Post Graduate,Doctor,incumbent,src-31c65dbec869
IN-PC-2008-gujarat-341,gujarat,2019,8,AHMEDABAD WEST,RAJU PARMAR,parties.IN.INC,320076,32.1,2,lost,U,,Graduate,,challenger,src-31c65dbec869
IN-PC-2008-gujarat-341,gujarat,2019,8,AHMEDABAD WEST,TRIBHOVANDAS KARSANDAS VAGHELA,parties.IN.BSP,10028,1.01,4,forfeit,U,,8th Pass,,challenger,src-31c65dbec869
IN-PC-2008-gujarat-341,gujarat,2019,8,AHMEDABAD WEST,CHAUHAN HARISHBHAI JETHABHAI,,2063,0.21,5,forfeit,U,,Graduate Professional,Lawyer,challenger,src-31c65dbec869
IN-PC-2008-gujarat-341,gujarat,2019,8,AHMEDABAD WEST,MALHOTRA PANKAJKUMAR DAYABHAI (DOCTOR SAHEB),parties.IN.IND,1420,0.14,6,forfeit,U,,Graduate Professional,Party Worker,challenger,src-31c65dbec869
IN-PC-2008-gujarat-341,gujarat,2019,8,AHMEDABAD WEST,VAGHELA ASHWINBHAI AMRUTBHAI,parties.IN.BTP,1395,0.14,7,forfeit,U,,8th Pass,,challenger,src-31c65dbec869
IN-PC-2008-gujarat-341,gujarat,2019,8,AHMEDABAD WEST,MAHEDIA MAHENDRABHAI PARSOTTAMDAS,parties.IN.IND,1351,0.14,8,forfeit,U,,Graduate,,challenger,src-31c65dbec869
IN-PC-2008-gujarat-341,gujarat,2019,8,AHMEDABAD WEST,VEDUBHAI KAUTIKBHAI SIRASAT,parties.IN.APOI,1055,0.11,9,forfeit,U,,8th Pass,Auto-rickshaw Driver,crossover,src-31c65dbec869
IN-PC-2008-gujarat-341,gujarat,2019,8,AHMEDABAD WEST,BHITORA BHAVESH CHIMANBHAI,parties.IN.IND,810,0.08,10,forfeit,U,,12th Pass,,challenger,src-31c65dbec869
IN-PC-2008-gujarat-341,gujarat,2019,8,AHMEDABAD WEST,JADAV ULPESH JAYANTILAL,parties.IN.PPID,725,0.07,11,forfeit,U,,Post Graduate,Private Company,challenger,src-31c65dbec869
IN-PC-2008-gujarat-341,gujarat,2019,8,AHMEDABAD WEST,HARSHADKUMAR LAXMANBHAI SOLANKI,parties.IN.RTORP,621,0.06,12,forfeit,U,,10th Pass,,challenger,src-31c65dbec869
IN-PC-2008-gujarat-341,gujarat,2019,8,AHMEDABAD WEST,DIPIKA JITENDRAKUMAR SUTARIA,parties.IN.MANPA,615,0.06,13,forfeit,U,,12th Pass,,challenger,src-31c65dbec869
IN-PC-2008-gujarat-341,gujarat,2019,8,AHMEDABAD WEST,SOLANKI CHIRAGBHAI SOMABHAI,parties.IN.JANSAPP,524,0.05,14,forfeit,U,,Graduate Professional,Ex Govt Employee,challenger,src-31c65dbec869
IN-PC-2008-gujarat-344,gujarat,2019,11,PORBANDAR,RAMESHBHAI LAVJIBHAI DHADUK,parties.IN.BJP,563881,59.36,1,won,U,,10th Pass,"Real Estate or Builder or Developer or Construction, Trader",challenger,src-31c65dbec869
IN-PC-2008-gujarat-344,gujarat,2019,11,PORBANDAR,LALIT VASOYA,parties.IN.INC,334058,35.17,2,lost,U,,12th Pass,,challenger,src-31c65dbec869
IN-PC-2008-gujarat-344,gujarat,2019,11,PORBANDAR,SAMATBHAI GOVABHAI KADAVALA,parties.IN.BSP,10092,1.06,3,forfeit,U,,8th Pass,Truck Driver,challenger,src-31c65dbec869
IN-PC-2008-gujarat-344,gujarat,2019,11,PORBANDAR,VIMALBHAI RATILAL RAMANI,parties.IN.IND,8653,0.91,4,forfeit,U,,,,challenger,src-31c65dbec869
IN-PC-2008-gujarat-344,gujarat,2019,11,PORBANDAR,ASHOK NANJI SONDARVA,parties.IN.IND,7457,0.78,6,forfeit,U,,,,challenger,src-31c65dbec869
IN-PC-2008-gujarat-344,gujarat,2019,11,PORBANDAR,RABARI DASABHAI KARABHAI,parties.IN.IND,3929,0.41,7,forfeit,U,,8th Pass,Agricultural Business,challenger,src-31c65dbec869
IN-PC-2008-gujarat-344,gujarat,2019,11,PORBANDAR,RESHMA PATEL,parties.IN.IND,3716,0.39,8,forfeit,U,,12th Pass,Agricultural Business,challenger,src-31c65dbec869
IN-PC-2008-gujarat-344,gujarat,2019,11,PORBANDAR,RIYAZ OSMAN SURIYA ALIAS LALO MURGHIVALA,parties.IN.IND,1983,0.21,9,forfeit,U,,,,challenger,src-31c65dbec869
IN-PC-2008-gujarat-344,gujarat,2019,11,PORBANDAR,BHARGAV SURESHCHANDRA JOSHI,,1524,0.16,10,forfeit,U,,8th Pass,Journalist or Editor,challenger,src-31c65dbec869
IN-PC-2008-gujarat-344,gujarat,2019,11,PORBANDAR,RATHOD DAYABHAI HIRABHAI,parties.IN.IND,1350,0.14,11,forfeit,U,,,,challenger,src-31c65dbec869
IN-PC-2008-gujarat-344,gujarat,2019,11,PORBANDAR,RANK JIGNESHBHAI GOVINDBHAI,parties.IN.IND,1218,0.13,12,forfeit,U,,,,challenger,src-31c65dbec869
IN-PC-2008-gujarat-344,gujarat,2019,11,PORBANDAR,BHANUBHAI NAGABHAI ODEDRA,parties.IN.IND,815,0.09,13,forfeit,U,,,,challenger,src-31c65dbec869
IN-PC-2008-gujarat-344,gujarat,2019,11,PORBANDAR,ATROLIYA KARABHAI GAGANBHAI,parties.IN.IND,780,0.08,14,forfeit,U,,,,challenger,src-31c65dbec869
IN-PC-2008-gujarat-344,gujarat,2019,11,PORBANDAR,VAKIL VINZUDA RANJITBHAI NARANBHAI,parties.IN.BAHUMP,713,0.08,15,forfeit,U,,Graduate Professional,Lawyer,challenger,src-31c65dbec869
IN-PC-2008-gujarat-344,gujarat,2019,11,PORBANDAR,KIRTIKUMAR BAVANJIBHAI MARVANIA,parties.IN.IND,685,0.07,16,forfeit,U,,,,challenger,src-31c65dbec869
IN-PC-2008-gujarat-344,gujarat,2019,11,PORBANDAR,ALPESHKUMAR V.VADOLIYA(1008),parties.IN.IND,648,0.07,17,forfeit,U,,,,challenger,src-31c65dbec869
IN-PC-2008-gujarat-344,gujarat,2019,11,PORBANDAR,UNADKAT PRAKASHBHAI VALLABHDAS,parties.IN.IND,605,0.06,18,forfeit,U,,,,challenger,src-31c65dbec869
IN-PC-2008-gujarat-349,gujarat,2019,12,JAMNAGAR,POONAMBEN HEMATBHAI MAADAM,parties.IN.BJP,591588,58.52,1,won,U,,Graduate,,incumbent,src-31c65dbec869
IN-PC-2008-gujarat-349,gujarat,2019,12,JAMNAGAR,KANDORIYA MULUBHAI RANMALBHAI,parties.IN.INC,354784,35.09,2,lost,U,,Graduate,,challenger,src-31c65dbec869
IN-PC-2008-gujarat-349,gujarat,2019,12,JAMNAGAR,DALVADI NAKUM RASIK LALJI,parties.IN.IND,10060,1,3,forfeit,U,,10th Pass,,challenger,src-31c65dbec869
IN-PC-2008-gujarat-349,gujarat,2019,12,JAMNAGAR,SUNIL JETHALAL VAGHELA,parties.IN.BSP,8795,0.87,4,forfeit,U,,Graduate,,challenger,src-31c65dbec869
IN-PC-2008-gujarat-349,gujarat,2019,12,JAMNAGAR,POPATPUTRA RAFIK ABUBAKAR,parties.IN.IND,8216,0.81,5,forfeit,U,,8th Pass,,challenger,src-31c65dbec869
IN-PC-2008-gujarat-349,gujarat,2019,12,JAMNAGAR,BATHVAR NANJI AMARSHI,parties.IN.IND,5249,0.52,7,forfeit,U,,Literate,,challenger,src-31c65dbec869
IN-PC-2008-gujarat-349,gujarat,2019,12,JAMNAGAR,BAXI MRUDUL ASHWINKUMAR,parties.IN.IND,3106,0.31,8,forfeit,U,,Post Graduate,,challenger,src-31c65dbec869
IN-PC-2008-gujarat-349,gujarat,2019,12,JAMNAGAR,DONGA JAYANTILAL ARJANBHAI,parties.IN.IND,2489,0.25,9,forfeit,U,,10th Pass,,challenger,src-31c65dbec869
IN-PC-2008-gujarat-349,gujarat,2019,12,JAMNAGAR,NAKUM NARMADABEN KHODALAL,parties.IN.IND,2113,0.21,10,forfeit,U,,5th Pass,Household,challenger,src-31c65dbec869
IN-PC-2008-gujarat-349,gujarat,2019,12,JAMNAGAR,SUMBHANIA AAMIN ABASBHAI,parties.IN.IND,1946,0.19,11,forfeit,U,,,,challenger,src-31c65dbec869
IN-PC-2008-gujarat-349,gujarat,2019,12,JAMNAGAR,BHARKHANI KARABHAI JIVABHAI,parties.IN.IND,1448,0.14,12,forfeit,U,,Illiterate,,challenger,src-31c65dbec869
IN-PC-2008-gujarat-349,gujarat,2019,12,JAMNAGAR,RABARI KARSHANBHAI JESHABHAI,parties.IN.IND,1436,0.14,13,forfeit,U,,10th Pass,,challenger,src-31c65dbec869
IN-PC-2008-gujarat-349,gujarat,2019,12,JAMNAGAR,SAHDEVSINH DILIPSINH CHUDASAMA,parties.IN.IND,1295,0.13,14,forfeit,U,,,,challenger,src-31c65dbec869
IN-PC-2008-gujarat-349,gujarat,2019,12,JAMNAGAR,JAHID AAVAD JAMI,parties.IN.IND,1246,0.12,15,forfeit,U,,Graduate,,challenger,src-31c65dbec869
IN-PC-2008-gujarat-349,gujarat,2019,12,JAMNAGAR,BHARAT RAMJIBHAI DAGARA,parties.IN.IND,921,0.09,16,forfeit,U,,8th Pass,,challenger,src-31c65dbec869
IN-PC-2008-gujarat-349,gujarat,2019,12,JAMNAGAR,KACHCHHI DAUD NATHA SUMARA,parties.IN.IND,919,0.09,17,forfeit,U,,,,challenger,src-31c65dbec869
IN-PC-2008-gujarat-349,gujarat,2019,12,JAMNAGAR,BHAVNABA JADEJA,parties.IN.IND,864,0.09,18,forfeit,U,,12th Pass,Household,challenger,src-31c65dbec869
IN-PC-2008-gujarat-349,gujarat,2019,12,JAMNAGAR,ALIMAMAD ISHAKBHAI PALANI,parties.IN.IND,857,0.08,19,forfeit,U,,,,challenger,src-31c65dbec869
IN-PC-2008-gujarat-349,gujarat,2019,12,JAMNAGAR,CHAUHAN DHIRAJ KANTILAL,parties.IN.IND,774,0.08,20,forfeit,U,,8th Pass,Truck Driver,challenger,src-31c65dbec869
IN-PC-2008-gujarat-349,gujarat,2019,12,JAMNAGAR,SAPARIYA VIJAYKUMAR MANSUKHBHAI,parties.IN.IND,772,0.08,21,forfeit,U,,8th Pass,,challenger,src-31c65dbec869
IN-PC-2008-gujarat-349,gujarat,2019,12,JAMNAGAR,CHAVDA SHAMJI BABUBHAI,parties.IN.IND,768,0.08,22,forfeit,U,,,,challenger,src-31c65dbec869
IN-PC-2008-gujarat-349,gujarat,2019,12,JAMNAGAR,SAMA YUSUF,parties.IN.IND,649,0.06,23,forfeit,U,,8th Pass,,challenger,src-31c65dbec869
IN-PC-2008-gujarat-349,gujarat,2019,12,JAMNAGAR,ASHOK CHAVDA,parties.IN.IND,577,0.06,24,forfeit,U,,,,challenger,src-31c65dbec869
IN-PC-2008-gujarat-349,gujarat,2019,12,JAMNAGAR,VALABHBHAI CHANABHAI SOJITRA (V. C. PATEL),parties.IN.IND,529,0.05,25,forfeit,U,,,,challenger,src-31c65dbec869
IN-PC-2008-gujarat-349,gujarat,2019,12,JAMNAGAR,MAKRANI AJAZAHMED,parties.IN.IND,479,0.05,26,forfeit,U,,8th Pass,,challenger,src-31c65dbec869
IN-PC-2008-gujarat-349,gujarat,2019,12,JAMNAGAR,AAMIN MAMADBHAI SAFIYA,parties.IN.IND,477,0.05,27,forfeit,U,,8th Pass,,challenger,src-31c65dbec869
IN-PC-2008-gujarat-349,gujarat,2019,12,JAMNAGAR,AMANDBHAI PATEL,parties.IN.IND,413,0.04,28,forfeit,U,,,,challenger,src-31c65dbec869
IN-PC-2008-gujarat-349,gujarat,2019,12,JAMNAGAR,BHANDERI AMARSHIBHAI CHHAGANBHAI,parties.IN.IND,396,0.04,29,forfeit,U,,8th Pass,,challenger,src-31c65dbec869
IN-PC-2008-gujarat-352,gujarat,2019,13,JUNAGADH,CHUDASAMA RAJESHBHAI NARANBHAI,parties.IN.BJP,547744,54.52,1,won,U,,12th Pass,Film Director,incumbent,src-31c65dbec869
IN-PC-2008-gujarat-352,gujarat,2019,13,JUNAGADH,VANSH PUNJABHAI BHIMABHAI,parties.IN.INC,397533,39.57,2,lost,U,,Graduate,,challenger,src-31c65dbec869
IN-PC-2008-gujarat-352,gujarat,2019,13,JUNAGADH,DEVEN GOVINDBHAI VANVI,parties.IN.BSP,25691,2.56,3,forfeit,U,,12th Pass,,challenger,src-31c65dbec869
IN-PC-2008-gujarat-352,gujarat,2019,13,JUNAGADH,VALA JAYPALSINH HAJABHAI,parties.IN.IND,4165,0.41,5,forfeit,U,,Graduate,,challenger,src-31c65dbec869
IN-PC-2008-gujarat-352,gujarat,2019,13,JUNAGADH,HARESH MANUBHAI SARDHARA,parties.IN.IND,3491,0.35,6,forfeit,U,,Graduate,"Insurance Agent, Qualified Professional",challenger,src-31c65dbec869
IN-PC-2008-gujarat-352,gujarat,2019,13,JUNAGADH,BHUT ASHOKBHAI BHIMJIBHAI,parties.IN.RSP_S,3256,0.32,7,forfeit,U,,8th Pass,,challenger,src-31c65dbec869
IN-PC-2008-gujarat-352,gujarat,2019,13,JUNAGADH,MAKWANA DHARMENDRA VAJUBHAI,parties.IN.IND,1806,0.18,8,forfeit,U,,Post Graduate,,challenger,src-31c65dbec869
IN-PC-2008-gujarat-352,gujarat,2019,13,JUNAGADH,ZALA MUKESHBHAI BHARAMALBHAI,parties.IN.IND,1310,0.13,9,forfeit,U,,,,challenger,src-31c65dbec869
IN-PC-2008-gujarat-352,gujarat,2019,13,JUNAGADH,PANCHABHAI BHAYABHAI DAMANIYA,parties.IN.IND,1209,0.12,10,forfeit,U,,5th Pass,,challenger,src-31c65dbec869
IN-PC-2008-gujarat-352,gujarat,2019,13,JUNAGADH,PRADIPBHAI MAVJIBHAI TANK,parties.IN.IND,1139,0.11,11,forfeit,U,,10th Pass,Real Estate or Builder or Developer or Construction,challenger,src-31c65dbec869
IN-PC-2008-gujarat-352,gujarat,2019,13,JUNAGADH,RATHOD NATHABHAI VASHARAMBHAI,parties.IN.VPP,916,0.09,12,forfeit,U,,8th Pass,,challenger,src-31c65dbec869
IN-PC-2008-gujarat-352,gujarat,2019,13,JUNAGADH,KARIA DHIRENBHAI AMRUTLAL,parties.IN.IND,884,0.09,13,forfeit,U,,10th Pass,Real Estate or Builder or Developer or Construction,challenger,src-31c65dbec869
IN-PC-2008-gujarat-338,gujarat,2019,14,AMRELI,Kachhadiya Naranbhai Bhikhabhai,parties.IN.BJP,529035,58.19,1,won,U,,12th Pass,,incumbent,src-31c65dbec869
IN-PC-2008-gujarat-338,gujarat,2019,14,AMRELI,Paresh Dhanani,parties.IN.INC,327604,36.03,2,lost,U,,Graduate,,challenger,src-31c65dbec869
IN-PC-2008-gujarat-338,gujarat,2019,14,AMRELI,Chauhan Ravjibhai Mulabhai,parties.IN.BSP,9691,1.07,4,forfeit,U,,Literate,,challenger,src-31c65dbec869
IN-PC-2008-gujarat-338,gujarat,2019,14,AMRELI,Valodara Vrajlal Jivabhai,parties.IN.IND,5332,0.59,5,forfeit,U,,Literate,,challenger,src-31c65dbec869
IN-PC-2008-gujarat-338,gujarat,2019,14,AMRELI,Himmat Bagda,parties.IN.IND,4933,0.54,6,forfeit,U,,,,challenger,src-31c65dbec869
IN-PC-2008-gujarat-338,gujarat,2019,14,AMRELI,Dhapa Dharamshibhai Ramjibhai,parties.IN.VPP,4747,0.52,7,forfeit,U,,10th Pass,Shop Keeper,challenger,src-31c65dbec869
IN-PC-2008-gujarat-338,gujarat,2019,14,AMRELI,Mehta Nanalal Kalidas,parties.IN.IND,2336,0.26,8,forfeit,U,,,,challenger,src-31c65dbec869
IN-PC-2008-gujarat-338,gujarat,2019,14,AMRELI,Nathalal Sukhadiya,parties.IN.IND,2207,0.24,9,forfeit,U,,,,challenger,src-31c65dbec869
IN-PC-2008-gujarat-338,gujarat,2019,14,AMRELI,R.S. Gosai,parties.IN.IND,1763,0.19,10,forfeit,U,,,,challenger,src-31c65dbec869
IN-PC-2008-gujarat-338,gujarat,2019,14,AMRELI,Chauhan Dayabhai Bhagvanbhai,parties.IN.IND,1553,0.17,11,forfeit,U,,Literate,,challenger,src-31c65dbec869
IN-PC-2008-gujarat-338,gujarat,2019,14,AMRELI,Dayala Shubhashbhai Parabatbhai,parties.IN.IND,1413,0.16,12,forfeit,U,,,,challenger,src-31c65dbec869
IN-PC-2008-gujarat-338,gujarat,2019,14,AMRELI,Jerambhai R. Parmar,parties.IN.IND,986,0.11,13,forfeit,U,,,,challenger,src-31c65dbec869
IN-PC-2008-gujarat-355,gujarat,2019,15,BHAVNAGAR,DR.BHARATIBEN DHIRUBHAI SHIYAL,parties.IN.BJP,661273,63.51,1,won,U,,Graduate Professional,Doctor,incumbent,src-31c65dbec869
IN-PC-2008-gujarat-355,gujarat,2019,15,BHAVNAGAR,PATEL MANHARBHAI NAGJIBHAI (VASANI),parties.IN.INC,331754,31.86,2,lost,U,,10th Pass,Private Company,challenger,src-31c65dbec869
IN-PC-2008-gujarat-355,gujarat,2019,15,BHAVNAGAR,DHAPA DHARAMSHIBHAI RAMJIBHAI,parties.IN.VPP,7836,0.75,4,forfeit,U,,10th Pass,Shop Keeper,challenger,src-31c65dbec869
IN-PC-2008-gujarat-355,gujarat,2019,15,BHAVNAGAR,VIJAYKUMAR RAMABHAI MAKADIYA,parties.IN.BSP,6941,0.67,5,forfeit,U,,Post Graduate,,challenger,src-31c65dbec869
IN-PC-2008-gujarat-355,gujarat,2019,15,BHAVNAGAR,HARESHBHAI BABUBHAI VEGAD (HARABHAI),parties.IN.IND,6056,0.58,6,forfeit,U,,,,challenger,src-31c65dbec869
IN-PC-2008-gujarat-355,gujarat,2019,15,BHAVNAGAR,SITAPARA SAGARBHAI BHURABHAI,parties.IN.IND,3775,0.36,7,forfeit,U,,Literate,,challenger,src-31c65dbec869
IN-PC-2008-gujarat-355,gujarat,2019,15,BHAVNAGAR,RAMDEVSINH BHARATSINH ZALA,,2509,0.24,8,forfeit,U,,12th Pass,,challenger,src-31c65dbec869
IN-PC-2008-gujarat-355,gujarat,2019,15,BHAVNAGAR,CHAMPABEN ZAVERBHAI CHAUHAN,parties.IN.IND,1828,0.18,9,forfeit,U,,Post Graduate,Retired Teacher,challenger,src-31c65dbec869
IN-PC-2008-gujarat-355,gujarat,2019,15,BHAVNAGAR,CHAUHAN AJAYKUMAR RAMRATANSINH (AMIT CHAUHAN),parties.IN.IND,1561,0.15,10,forfeit,U,,,,challenger,src-31c65dbec869
IN-PC-2008-gujarat-355,gujarat,2019,15,BHAVNAGAR,SONDHARVA BHARATBHAI KANJIBHAI,parties.IN.SVPP,1363,0.13,11,forfeit,U,,8th Pass,,challenger,src-31c65dbec869
IN-PC-2008-gujarat-343,gujarat,2019,17,KHEDA,Chauhan Devusinh,parties.IN.BJP,714572,65.04,1,won,U,,Others,Agricultural Business,incumbent,src-31c65dbec869
IN-PC-2008-gujarat-343,gujarat,2019,17,KHEDA,Bimal Shah,parties.IN.INC,347427,31.62,2,lost,U,,Graduate,,challenger,src-31c65dbec869
IN-PC-2008-gujarat-343,gujarat,2019,17,KHEDA,Bhailalbhai Kalubhai Pandav,parties.IN.BSP,7461,0.68,4,forfeit,U,,10th Pass,Real Estate or Builder or Developer or Construction,challenger,src-31c65dbec869
IN-PC-2008-gujarat-343,gujarat,2019,17,KHEDA,Pathan Imtiyazkhan Saeedkhan,parties.IN.ADPT,4856,0.44,5,forfeit,U,,8th Pass,,challenger,src-31c65dbec869
IN-PC-2008-gujarat-343,gujarat,2019,17,KHEDA,Pathan Ayashabanu,parties.IN.ANC,2176,0.2,6,forfeit,U,,5th Pass,Household,challenger,src-31c65dbec869
IN-PC-2008-gujarat-343,gujarat,2019,17,KHEDA,Chauhan Parsottambhai Babarbhai,parties.IN.YJJP,2100,0.19,7,forfeit,U,,10th Pass,,challenger,src-31c65dbec869
IN-PC-2008-gujarat-343,gujarat,2019,17,KHEDA,Patel Kamleshkumar Ratilal,parties.IN.HND,1764,0.16,8,forfeit,U,,12th Pass,,challenger,src-31c65dbec869
IN-PC-2008-gujarat-337,gujarat,2019,20,VADODARA,RANJANBEN BHATT,parties.IN.BJP,883719,72.3,1,won,U,,12th Pass,,incumbent,src-31c65dbec869
IN-PC-2008-gujarat-337,gujarat,2019,20,VADODARA,PRASHANT PATEL (TIKO),parties.IN.INC,294542,24.1,2,lost,U,,Graduate,Real Estate or Builder or Developer or Construction,challenger,src-31c65dbec869
IN-PC-2008-gujarat-337,gujarat,2019,20,VADODARA,ROHIT MADHUSUDAN MOHANBHAI,parties.IN.BSP,7458,0.61,4,forfeit,U,,Graduate,,challenger,src-31c65dbec869
IN-PC-2008-gujarat-337,gujarat,2019,20,VADODARA,SINDHI MAHEBUBKHAN YUSUFKHAN (VAKIL),parties.IN.IND,4457,0.36,5,forfeit,U,,,,challenger,src-31c65dbec869
IN-PC-2008-gujarat-337,gujarat,2019,20,VADODARA,GOHIL RINKU,parties.IN.YJJP,3811,0.31,6,forfeit,U,,12th Pass,,challenger,src-31c65dbec869
IN-PC-2008-gujarat-337,gujarat,2019,20,VADODARA,DR. RAHUL VASUDEVBHAI VYAS,parties.IN.IND,3457,0.28,7,forfeit,U,,Post Graduate,Qualified Professional,challenger,src-31c65dbec869
IN-PC-2008-gujarat-337,gujarat,2019,20,VADODARA,LION DR. YASINALI POLRA,,1795,0.15,8,forfeit,U,,12th Pass,Journalist or Editor,challenger,src-31c65dbec869
IN-PC-2008-gujarat-337,gujarat,2019,20,VADODARA,PATEL KALIDAS (KALIDAS M. PATEL ALIAS NAPOLEON),parties.IN.IND,1431,0.12,9,forfeit,U,,,,challenger,src-31c65dbec869
IN-PC-2008-gujarat-337,gujarat,2019,20,VADODARA,JAT SUBHAS SINGH BRIJLAL,parties.IN.AINHCP,1097,0.09,10,forfeit,U,,Graduate,,challenger,src-31c65dbec869
IN-PC-2008-gujarat-337,gujarat,2019,20,VADODARA,NIMESH PATEL (KAMROL),parties.IN.IND,963,0.08,11,forfeit,U,,Graduate,Agricultural Business,challenger,src-31c65dbec869
IN-PC-2008-gujarat-337,gujarat,2019,20,VADODARA,TAPAN DASGUPTA,,889,0.07,12,forfeit,U,,Graduate,,challenger,src-31c65dbec869
IN-PC-2008-gujarat-337,gujarat,2019,20,VADODARA,MOHSIMMIYA (SAIYAD MOHSIN BAPU),parties.IN.BMUP,872,0.07,13,forfeit,U,,8th Pass,,challenger,src-31c65dbec869
IN-PC-2008-gujarat-337,gujarat,2019,20,VADODARA,SANTOSH S. SOLANKI,parties.IN.BMFP,858,0.07,14,forfeit,U,,Post Graduate,Managerial Position,challenger,src-31c65dbec869
IN-PC-2008-gujarat-342,gujarat,2019,21,CHHOTA UDAIPUR,RATHVA GITABEN VAJESINGBHAI,parties.IN.BJP,764445,62.03,1,won,U,,12th Pass,Household,challenger,src-31c65dbec869
IN-PC-2008-gujarat-342,gujarat,2019,21,CHHOTA UDAIPUR,RATHAVA RANJITSINH MOHANSINH,parties.IN.INC,386502,31.36,2,lost,U,,Graduate,Agricultural Business,challenger,src-31c65dbec869
IN-PC-2008-gujarat-342,gujarat,2019,21,CHHOTA UDAIPUR,RATHVA FURKANBHAI BALAJIBHAI,parties.IN.BSP,14964,1.21,4,forfeit,U,,Literate,,challenger,src-31c65dbec869
IN-PC-2008-gujarat-342,gujarat,2019,21,CHHOTA UDAIPUR,VASAVA RAJESH SOMABHAI,parties.IN.BTP,10632,0.86,5,forfeit,U,,Post Graduate,Transport,challenger,src-31c65dbec869
IN-PC-2008-gujarat-342,gujarat,2019,21,CHHOTA UDAIPUR,RATHVA MAGANBHAI CHATHIYABHAI,parties.IN.IND,8782,0.71,6,forfeit,U,,Others,,challenger,src-31c65dbec869
IN-PC-2008-gujarat-342,gujarat,2019,21,CHHOTA UDAIPUR,RATHVA BHAVSINGBHAI NAMARSINGBHAI,parties.IN.IND,6887,0.56,7,forfeit,U,,5th Pass,,challenger,src-31c65dbec869
IN-PC-2008-gujarat-342,gujarat,2019,21,CHHOTA UDAIPUR,UMESH JANGUBHAI RATHAWA,parties.IN.IND,3710,0.3,8,forfeit,U,,Post Graduate,Lawyer,challenger,src-31c65dbec869
IN-PC-2008-gujarat-342,gujarat,2019,21,CHHOTA UDAIPUR,PRAVINBHAI DHURSINGBHAI RATHVA,parties.IN.IND,3669,0.3,9,forfeit,U,,,,challenger,src-31c65dbec869
IN-PC-2008-gujarat-358,gujarat,2019,22,BHARUCH,Mansukhbhai Dhanjibhai Vasava,parties.IN.BJP,637795,55.47,1,won,U,,Post Graduate,,incumbent,src-31c65dbec869
IN-PC-2008-gujarat-358,gujarat,2019,22,BHARUCH,Sherkhan Abdulsakur Pathan,parties.IN.INC,303581,26.4,2,lost,U,,12th Pass,,challenger,src-31c65dbec869
IN-PC-2008-gujarat-358,gujarat,2019,22,BHARUCH,Chhotubhai Amarsinh Vasava,parties.IN.BTP,144083,12.53,3,forfeit,U,,10th Pass,,crossover,src-31c65dbec869
IN-PC-2008-gujarat-358,gujarat,2019,22,BHARUCH,Sindha Kiritsinh Alias Jalamsinh Nathubava,parties.IN.IND,15110,1.31,4,forfeit,U,,,,challenger,src-31c65dbec869
IN-PC-2008-gujarat-358,gujarat,2019,22,BHARUCH,Vasava Navinbhai Himmatbhai,parties.IN.IND,8155,0.71,5,forfeit,U,,,,challenger,src-31c65dbec869
IN-PC-2008-gujarat-358,gujarat,2019,22,BHARUCH,Solanki Rajeshbhai Lallubhai,parties.IN.IND,8038,0.7,6,forfeit,U,,,,challenger,src-31c65dbec869
IN-PC-2008-gujarat-358,gujarat,2019,22,BHARUCH,Vasava Rajeshbhai Chimanbhai,parties.IN.BSP,6235,0.54,8,forfeit,U,,8th Pass,,challenger,src-31c65dbec869
IN-PC-2008-gujarat-358,gujarat,2019,22,BHARUCH,Vikramsinh Dalsukhbhai Gohil,parties.IN.IND,3833,0.33,9,forfeit,U,,,,challenger,src-31c65dbec869
IN-PC-2008-gujarat-358,gujarat,2019,22,BHARUCH,Sapa Rafikbhai Sulemanbhai,parties.IN.IND,3829,0.33,10,forfeit,U,,,,challenger,src-31c65dbec869
IN-PC-2008-gujarat-358,gujarat,2019,22,BHARUCH,Ashokchandra Bhikhubhai Parmar,parties.IN.IND,2851,0.25,11,forfeit,U,,,,challenger,src-31c65dbec869
IN-PC-2008-gujarat-358,gujarat,2019,22,BHARUCH,Pathan Salimkhan Sadikkhan,,2135,0.19,12,forfeit,U,,8th Pass,,challenger,src-31c65dbec869
IN-PC-2008-gujarat-358,gujarat,2019,22,BHARUCH,Mukhtiyar Abdulrahim Shaikh (BansiMama),parties.IN.IND,2067,0.18,13,forfeit,U,,,,challenger,src-31c65dbec869
IN-PC-2008-gujarat-358,gujarat,2019,22,BHARUCH,Patel Imran Umarjibhai,parties.IN.IND,1510,0.13,14,forfeit,U,,,,challenger,src-31c65dbec869
IN-PC-2008-gujarat-358,gujarat,2019,22,BHARUCH,Jitendra Parmar (Jitu Chowkidar),parties.IN.IND,1327,0.12,15,forfeit,U,,,,challenger,src-31c65dbec869
IN-PC-2008-gujarat-358,gujarat,2019,22,BHARUCH,Sukhdev Bhikhabhai Vasava,parties.IN.BMUP,1221,0.11,16,forfeit,U,,8th Pass,Real Estate or Builder or Developer or Construction,challenger,src-31c65dbec869
IN-PC-2008-gujarat-358,gujarat,2019,22,BHARUCH,Sabbirbhai Musabhai Patel,parties.IN.ADPT,826,0.07,17,forfeit,U,,5th Pass,Journalist or Editor,challenger,src-31c65dbec869
IN-PC-2008-gujarat-358,gujarat,2019,22,BHARUCH,Vashi Narendrasinh Randhirsinh,parties.IN.YJJP,808,0.07,18,forfeit,U,,Others,,crossover,src-31c65dbec869
IN-PC-2008-gujarat-340,gujarat,2019,23,BARDOLI,PARBHUBHAI NAGARBHAI VASAVA,parties.IN.BJP,742273,55.06,1,won,U,,Others,,incumbent,src-31c65dbec869
IN-PC-2008-gujarat-340,gujarat,2019,23,BARDOLI,CHAUDHARI DR. TUSHARBHAI AMARSINHBHAI,parties.IN.INC,526826,39.08,2,lost,U,,Graduate Professional,Real Estate or Builder or Developer or Construction,challenger,src-31c65dbec869
IN-PC-2008-gujarat-340,gujarat,2019,23,BARDOLI,VASAVA UTTAMBHAI SOMABHAI,parties.IN.BTP,11781,0.87,4,forfeit,U,,12th Pass,,challenger,src-31c65dbec869
IN-PC-2008-gujarat-340,gujarat,2019,23,BARDOLI,DINESHBHAI GULABBHAI CHAUDHARI,parties.IN.BSP,9520,0.71,5,forfeit,U,,Post Graduate,,challenger,src-31c65dbec869
IN-PC-2008-gujarat-340,gujarat,2019,23,BARDOLI,VASAVA FATESINGBHAI VAHRIYABHAI,parties.IN.IND,8979,0.67,6,forfeit,U,,8th Pass,,challenger,src-31c65dbec869
IN-PC-2008-gujarat-340,gujarat,2019,23,BARDOLI,SURESHBHAI MOTIYABHAI CHAUDHARI,parties.IN.IND,6111,0.45,7,forfeit,U,,Graduate Professional,Retired Teacher,challenger,src-31c65dbec869
IN-PC-2008-gujarat-340,gujarat,2019,23,BARDOLI,UMEDBHAI BHIMSINGBHAI GAMIT,parties.IN.IND,5469,0.41,8,forfeit,U,,8th Pass,,challenger,src-31c65dbec869
IN-PC-2008-gujarat-340,gujarat,2019,23,BARDOLI,GAMIT KAUSHIKBHAI VIRENDRABHAI,parties.IN.SVPP,5343,0.4,9,forfeit,U,,8th Pass,,challenger,src-31c65dbec869
IN-PC-2008-gujarat-340,gujarat,2019,23,BARDOLI,PRAGNESHBHAI RATILAL CHAUDHARI,parties.IN.IND,3828,0.28,10,forfeit,U,,Graduate,,challenger,src-31c65dbec869
IN-PC-2008-gujarat-340,gujarat,2019,23,BARDOLI,ARVINDBHAI BHANABHAI RATHOD,parties.IN.IND,1730,0.13,11,forfeit,U,,5th Pass,,challenger,src-31c65dbec869
IN-PC-2008-gujarat-340,gujarat,2019,23,BARDOLI,GAMIT MOHANBHAI BABUBHAI,parties.IN.BARESP,1692,0.13,12,forfeit,U,,Graduate Professional,,challenger,src-31c65dbec869
IN-PC-2008-gujarat-340,gujarat,2019,23,BARDOLI,GAMIT SURESHBHAI BABUBHAI,parties.IN.STBSP,1572,0.12,13,forfeit,U,,10th Pass,,challenger,src-31c65dbec869
IN-PC-2008-gujarat-356,gujarat,2019,24,SURAT,Darshana Vikram Jardosh,parties.IN.BJP,795651,74.47,1,won,U,,Graduate,,incumbent,src-31c65dbec869
IN-PC-2008-gujarat-356,gujarat,2019,24,SURAT,Ashok Patel (Adhevada),parties.IN.INC,247421,23.16,2,lost,U,,8th Pass,,challenger,src-31c65dbec869
IN-PC-2008-gujarat-356,gujarat,2019,24,SURAT,Adv. Vijay Shenmare,parties.IN.CPI,5735,0.54,4,forfeit,U,,Graduate Professional,Lawyer,challenger,src-31c65dbec869
IN-PC-2008-gujarat-356,gujarat,2019,24,SURAT,Surwade Santosh Avdhut (Gabbar),parties.IN.IND,2348,0.22,5,forfeit,U,,,,challenger,src-31c65dbec869
IN-PC-2008-gujarat-356,gujarat,2019,24,SURAT,Rameshbhai P. Baraiya (Pati),parties.IN.IND,1057,0.1,6,forfeit,U,,,,challenger,src-31c65dbec869
IN-PC-2008-gujarat-356,gujarat,2019,24,SURAT,Mahyavanshi Natvarbhai Dahyabhai,parties.IN.IND,1020,0.1,7,forfeit,U,,Graduate Professional,School Teacher,challenger,src-31c65dbec869
IN-PC-2008-gujarat-356,gujarat,2019,24,SURAT,Dinesh Jikadra Prajapati,parties.IN.IND,1013,0.09,8,forfeit,U,,,,challenger,src-31c65dbec869
IN-PC-2008-gujarat-356,gujarat,2019,24,SURAT,Shri. Gautamraj Hindustani,parties.IN.YUS,722,0.07,9,forfeit,U,,10th Pass,,challenger,src-31c65dbec869
IN-PC-2008-gujarat-356,gujarat,2019,24,SURAT,Dipak Gangani,parties.IN.IND,717,0.07,10,forfeit,U,,,,challenger,src-31c65dbec869
IN-PC-2008-gujarat-356,gujarat,2019,24,SURAT,Captain Rita Maa,,643,0.06,11,forfeit,U,,Graduate,Religious Teacher,challenger,src-31c65dbec869
IN-PC-2008-gujarat-356,gujarat,2019,24,SURAT,Jogiya Amisha Vikrambhai,,607,0.06,12,forfeit,U,,Graduate,Home Teacher or Tuition,challenger,src-31c65dbec869
IN-PC-2008-gujarat-356,gujarat,2019,24,SURAT,Dhameliya Piyush Vallabhbhai (R.D.P),parties.IN.REALDP,532,0.05,13,forfeit,U,,10th Pass,,challenger,src-31c65dbec869
IN-PC-2008-gujarat-356,gujarat,2019,24,SURAT,Tulsibhai Laxmanbhai Dakhara,parties.IN.IND,414,0.04,14,forfeit,U,,,,challenger,src-31c65dbec869
IN-PC-2008-haryana-30,haryana,2019,1,AMBALA,RATTAN LAL KATARIA,parties.IN.BJP,746508,56.72,1,won,U,,Post Graduate,MP,incumbent,src-31c65dbec869
IN-PC-2008-haryana-30,haryana,2019,1,AMBALA,SELJA,parties.IN.INC,404163,30.71,2,lost,U,,Post Graduate,MP,challenger,src-31c65dbec869
IN-PC-2008-haryana-30,haryana,2019,1,AMBALA,NARESH KUMAR,parties.IN.BSP,96296,7.32,3,forfeit,U,,10th Pass,,challenger,src-31c65dbec869
IN-PC-2008-haryana-30,haryana,2019,1,AMBALA,RAM PAL,parties.IN.INLD,19575,1.49,4,forfeit,U,,10th Pass,,challenger,src-31c65dbec869
IN-PC-2008-haryana-30,haryana,2019,1,AMBALA,PRITHVI RAJ,,12302,0.93,5,forfeit,U,,Graduate Professional,Ex Govt Employee,challenger,src-31c65dbec869
IN-PC-2008-haryana-30,haryana,2019,1,AMBALA,ARUN KUMAR,parties.IN.CPI,7563,0.57,7,forfeit,U,,Graduate Professional,Lawyer,challenger,src-31c65dbec869
IN-PC-2008-haryana-30,haryana,2019,1,AMBALA,RANJEET SINGH,parties.IN.IND,3742,0.28,8,forfeit,U,,5th Pass,Real Estate or Builder or Developer or Construction,challenger,src-31c65dbec869
IN-PC-2008-haryana-30,haryana,2019,1,AMBALA,BETA MAM CHAND RATTUWALA,parties.IN.IND,3270,0.25,9,forfeit,U,,Post Graduate,,challenger,src-31c65dbec869
IN-PC-2008-haryana-30,haryana,2019,1,AMBALA,JATINDER SINGH,parties.IN.IND,2637,0.2,10,forfeit,U,,10th Pass,,challenger,src-31c65dbec869
IN-PC-2008-haryana-30,haryana,2019,1,AMBALA,Anil Kumar,parties.IN.RPIA,2128,0.16,11,forfeit,U,,Graduate Professional,Lawyer,challenger,src-31c65dbec869
IN-PC-2008-haryana-30,haryana,2019,1,AMBALA,RATTAN LAL,parties.IN.IND,1894,0.14,12,forfeit,U,,Graduate,,challenger,src-31c65dbec869
IN-PC-2008-haryana-30,haryana,2019,1,AMBALA,SURAJ KUMAR,parties.IN.BMUP,1842,0.14,13,forfeit,U,,12th Pass,,challenger,src-31c65dbec869
IN-PC-2008-haryana-30,haryana,2019,1,AMBALA,SURAJ BHAN,parties.IN.IND,1576,0.12,14,forfeit,U,,Post Graduate,,challenger,src-31c65dbec869
IN-PC-2008-haryana-30,haryana,2019,1,AMBALA,RAJENDER KUMAR BHATLI,,1162,0.09,15,forfeit,U,,10th Pass,Qualified Professional,challenger,src-31c65dbec869
IN-PC-2008-haryana-30,haryana,2019,1,AMBALA,SURAJ BHAN NARWAL,,1072,0.08,16,forfeit,U,,Graduate,,challenger,src-31c65dbec869
IN-PC-2008-haryana-30,haryana,2019,1,AMBALA,VARUN KUMAR JAGLAN,parties.IN.PPID,949,0.07,17,forfeit,U,,Graduate Professional,Lawyer,challenger,src-31c65dbec869
IN-PC-2008-haryana-30,haryana,2019,1,AMBALA,SANDEEP SINGH,parties.IN.AAPP,894,0.07,18,forfeit,U,,8th Pass,,challenger,src-31c65dbec869
IN-PC-2008-haryana-30,haryana,2019,1,AMBALA,PURAN CHAND,,719,0.05,19,forfeit,U,,8th Pass,Ex Police,challenger,src-31c65dbec869
IN-PC-2008-haryana-36,haryana,2019,2,KURUKSHETRA,NAYAB SINGH,parties.IN.BJP,688629,55.98,1,won,U,,Graduate Professional,"Real Estate or Builder or Developer or Construction, Industrialist",challenger,src-31c65dbec869
IN-PC-2008-haryana-36,haryana,2019,2,KURUKSHETRA,NIRMAL SINGH,parties.IN.INC,304038,24.71,2,lost,U,,Graduate,,challenger,src-31c65dbec869
IN-PC-2008-haryana-36,haryana,2019,2,KURUKSHETRA,SHASHI,parties.IN.BSP,75625,6.15,3,forfeit,U,,Graduate Professional,Household,challenger,src-31c65dbec869
IN-PC-2008-haryana-36,haryana,2019,2,KURUKSHETRA,JAI BHAGWAN SHARMA (DD),parties.IN.JNJP,68513,5.57,4,forfeit,U,,Graduate,Insurance Agent,challenger,src-31c65dbec869
IN-PC-2008-haryana-36,haryana,2019,2,KURUKSHETRA,ARJUN SINGH CHAUTALA,parties.IN.INLD,60679,4.93,5,forfeit,U,,12th Pass,,challenger,src-31c65dbec869
IN-PC-2008-haryana-36,haryana,2019,2,KURUKSHETRA,ASHWINI SHARMA HRITTWAL,parties.IN.IND,4611,0.37,6,forfeit,U,,Doctorate,,challenger,src-31c65dbec869
IN-PC-2008-haryana-36,haryana,2019,2,KURUKSHETRA,SANDEEP SINGH BHARTI,parties.IN.IND,3114,0.25,8,forfeit,U,,Post Graduate,,challenger,src-31c65dbec869
IN-PC-2008-haryana-36,haryana,2019,2,KURUKSHETRA,CS KANWALJIT SINGH,parties.IN.IND,2811,0.23,9,forfeit,U,,Graduate,,challenger,src-31c65dbec869
IN-PC-2008-haryana-36,haryana,2019,2,KURUKSHETRA,BALVEER SINGH,parties.IN.IND,2449,0.2,10,forfeit,U,,Graduate Professional,Lawyer,challenger,src-31c65dbec869
IN-PC-2008-haryana-36,haryana,2019,2,KURUKSHETRA,SUMER CHAND,parties.IN.PPID,2313,0.19,11,forfeit,U,,5th Pass,,challenger,src-31c65dbec869
IN-PC-2008-haryana-36,haryana,2019,2,KURUKSHETRA,ANIL YOGI UPADHYAY,parties.IN.IND,1940,0.16,12,forfeit,U,,8th Pass,Trader,challenger,src-31c65dbec869
IN-PC-2008-haryana-36,haryana,2019,2,KURUKSHETRA,RAMESH CHANDER KHATKAR,parties.IN.IND,1467,0.12,13,forfeit,U,,Graduate Professional,Home Teacher or Tuition,challenger,src-31c65dbec869
IN-PC-2008-haryana-36,haryana,2019,2,KURUKSHETRA,JAI PARKASH SHARMA,parties.IN.IND,1344,0.11,14,forfeit,U,,10th Pass,Ex Govt Employee,challenger,src-31c65dbec869
IN-PC-2008-haryana-36,haryana,2019,2,KURUKSHETRA,VIKRAM SINGH,,1186,0.1,15,forfeit,U,,Graduate,,challenger,src-31c65dbec869
IN-PC-2008-haryana-36,haryana,2019,2,KURUKSHETRA,RAMESHWAR (FOJI),parties.IN.IND,1129,0.09,16,forfeit,U,,10th Pass,,challenger,src-31c65dbec869
IN-PC-2008-haryana-36,haryana,2019,2,KURUKSHETRA,SUBHASH CHAND BEDI,,1091,0.09,17,forfeit,U,,Graduate,,challenger,src-31c65dbec869
IN-PC-2008-haryana-36,haryana,2019,2,KURUKSHETRA,JYOTI HIBANA,,985,0.08,18,forfeit,U,,,,challenger,src-31c65dbec869
IN-PC-2008-haryana-36,haryana,2019,2,KURUKSHETRA,SACHIN GABA,parties.IN.IND,921,0.07,19,forfeit,U,,Graduate,Qualified Professional,challenger,src-31c65dbec869
IN-PC-2008-haryana-36,haryana,2019,2,KURUKSHETRA,ROSHAN LAL MUWAL,parties.IN.IND,888,0.07,20,forfeit,U,,Post Graduate,Lawyer,challenger,src-31c65dbec869
IN-PC-2008-haryana-36,haryana,2019,2,KURUKSHETRA,SATISH SINGAL,parties.IN.IND,845,0.07,21,forfeit,U,,Post Graduate,"Accountant, Managerial Position",challenger,src-31c65dbec869
IN-PC-2008-haryana-36,haryana,2019,2,KURUKSHETRA,RAM NARAYAN,,766,0.06,22,forfeit,U,,12th Pass,Legal Professional,challenger,src-31c65dbec869
IN-PC-2008-haryana-36,haryana,2019,2,KURUKSHETRA,SANDEEP KUMAR KAUSHIK,,686,0.06,23,forfeit,U,,12th Pass,Distributors,challenger,src-31c65dbec869
IN-PC-2008-haryana-36,haryana,2019,2,KURUKSHETRA,RAJ KUMARI,parties.IN.BHAPRAP,507,0.04,24,forfeit,U,,Post Graduate,,challenger,src-31c65dbec869
IN-PC-2008-haryana-36,haryana,2019,2,KURUKSHETRA,NITIN,parties.IN.AAPP,467,0.04,25,forfeit,U,,,,challenger,src-31c65dbec869
IN-PC-2008-haryana-35,haryana,2019,3,SIRSA,Sunita Duggal,parties.IN.BJP,714351,52.16,1,won,U,,Post Graduate,Real Estate or Builder or Developer or Construction,challenger,src-31c65dbec869
IN-PC-2008-haryana-35,haryana,2019,3,SIRSA,Ashok Tanwar,parties.IN.INC,404433,29.53,2,lost,U,,Doctorate,Ex MP,challenger,src-31c65dbec869
IN-PC-2008-haryana-35,haryana,2019,3,SIRSA,Nirmal Singh Malri,parties.IN.JNJP,95914,7,3,forfeit,U,,12th Pass,Activist,challenger,src-31c65dbec869
IN-PC-2008-haryana-35,haryana,2019,3,SIRSA,Charanjeet Singh Rori,parties.IN.INLD,88093,6.43,4,forfeit,U,,10th Pass,Activist,incumbent,src-31c65dbec869
IN-PC-2008-haryana-35,haryana,2019,3,SIRSA,Janak Raj Atwal,parties.IN.BSP,25107,1.83,5,forfeit,U,,Post Graduate,,challenger,src-31c65dbec869
IN-PC-2008-haryana-35,haryana,2019,3,SIRSA,Rajender Sirsa,parties.IN.IND,6448,0.47,6,forfeit,U,,12th Pass,,challenger,src-31c65dbec869
IN-PC-2008-haryana-35,haryana,2019,3,SIRSA,Kashmir Chand Oad,parties.IN.IND,4056,0.3,8,forfeit,U,,12th Pass,,challenger,src-31c65dbec869
IN-PC-2008-haryana-35,haryana,2019,3,SIRSA,Vinod Kumar Sirkiband (Gihara),parties.IN.IND,3839,0.28,9,forfeit,U,,Literate,,challenger,src-31c65dbec869
IN-PC-2008-haryana-35,haryana,2019,3,SIRSA,Ankur Gill,parties.IN.SHS,3749,0.27,10,forfeit,U,,10th Pass,,challenger,src-31c65dbec869
IN-PC-2008-haryana-35,haryana,2019,3,SIRSA,Dr. Rajesh Mehandia,parties.IN.PPID,3038,0.22,11,forfeit,U,,Doctorate,Self-employed,challenger,src-31c65dbec869
IN-PC-2008-haryana-35,haryana,2019,3,SIRSA,Surajmal Athwal,parties.IN.IND,2403,0.18,12,forfeit,U,,10th Pass,Ex Military,challenger,src-31c65dbec869
IN-PC-2008-haryana-35,haryana,2019,3,SIRSA,Hira Singh Hanspur,,1951,0.14,13,forfeit,U,,10th Pass,,challenger,src-31c65dbec869
IN-PC-2008-haryana-35,haryana,2019,3,SIRSA,Angrej Singh Alahi,,1938,0.14,14,forfeit,U,,5th Pass,,challenger,src-31c65dbec869
IN-PC-2008-haryana-35,haryana,2019,3,SIRSA,Rajesh Chaubara,parties.IN.RMPOI,1851,0.14,15,forfeit,U,,10th Pass,,challenger,src-31c65dbec869
IN-PC-2008-haryana-35,haryana,2019,3,SIRSA,Deepak,parties.IN.IND,1543,0.11,16,forfeit,U,,Graduate,,challenger,src-31c65dbec869
IN-PC-2008-haryana-35,haryana,2019,3,SIRSA,Jaswant,,1536,0.11,17,forfeit,U,,8th Pass,,challenger,src-31c65dbec869
IN-PC-2008-haryana-35,haryana,2019,3,SIRSA,Brij Pal Balmiki,parties.IN.BMUP,1514,0.11,18,forfeit,U,,Graduate,,challenger,src-31c65dbec869
IN-PC-2008-haryana-35,haryana,2019,3,SIRSA,Dalip Luna,parties.IN.IND,1319,0.1,19,forfeit,U,,Post Graduate,,challenger,src-31c65dbec869
IN-PC-2008-haryana-35,haryana,2019,3,SIRSA,Surender Kumar,parties.IN.IND,1186,0.09,20,forfeit,U,,12th Pass,,challenger,src-31c65dbec869
IN-PC-2008-haryana-35,haryana,2019,3,SIRSA,Virender Singh,parties.IN.IND,878,0.06,21,forfeit,U,,12th Pass,,challenger,src-31c65dbec869
IN-PC-2008-haryana-39,haryana,2019,4,HISAR,BRIJENDRA SINGH,parties.IN.BJP,603289,51.13,1,won,U,,Post Graduate,Ex Civil Service,challenger,src-31c65dbec869
IN-PC-2008-haryana-39,haryana,2019,4,HISAR,DUSHYANT CHAUTALA,parties.IN.JNJP,289221,24.51,2,lost,U,,Post Graduate,,incumbent,src-31c65dbec869
IN-PC-2008-haryana-39,haryana,2019,4,HISAR,BHAVYA BISHNOI,parties.IN.INC,184369,15.63,3,forfeit,U,,Post Graduate,,challenger,src-31c65dbec869
IN-PC-2008-haryana-39,haryana,2019,4,HISAR,SURINDER SHARMA,parties.IN.BSP,45190,3.83,4,forfeit,U,,10th Pass,,challenger,src-31c65dbec869
IN-PC-2008-haryana-39,haryana,2019,4,HISAR,SURESH KOTH,parties.IN.INLD,9761,0.83,5,forfeit,U,,Graduate,,challenger,src-31c65dbec869
IN-PC-2008-haryana-39,haryana,2019,4,HISAR,SUKHBIR SINGH,,9150,0.78,6,forfeit,U,,Post Graduate,,challenger,src-31c65dbec869
IN-PC-2008-haryana-39,haryana,2019,4,HISAR,SALEEM DIN,parties.IN.IND,6339,0.54,7,forfeit,U,,Others,School Teacher,challenger,src-31c65dbec869
IN-PC-2008-haryana-39,haryana,2019,4,HISAR,DEEPAK,parties.IN.IND,5867,0.5,8,forfeit,U,,Graduate,,challenger,src-31c65dbec869
IN-PC-2008-haryana-39,haryana,2019,4,HISAR,KULDEEP BHUKKAL,parties.IN.IND,5334,0.45,9,forfeit,U,,12th Pass,,challenger,src-31c65dbec869
IN-PC-2008-haryana-39,haryana,2019,4,HISAR,SUDHIR GODARA,parties.IN.IND,3757,0.32,10,forfeit,U,,Graduate Professional,Contractor,challenger,src-31c65dbec869
IN-PC-2008-haryana-39,haryana,2019,4,HISAR,JAI BHAGWAN,parties.IN.BMUP,2093,0.18,12,forfeit,U,,12th Pass,,challenger,src-31c65dbec869
IN-PC-2008-haryana-39,haryana,2019,4,HISAR,PAWAN FOUJI,,1777,0.15,13,forfeit,U,,Post Graduate,,challenger,src-31c65dbec869
IN-PC-2008-haryana-39,haryana,2019,4,HISAR,DARA SINGH,,1269,0.11,14,forfeit,U,,Graduate,,challenger,src-31c65dbec869
IN-PC-2008-haryana-39,haryana,2019,4,HISAR,ATAM PARKASH,parties.IN.IND,1207,0.1,15,forfeit,U,,Post Graduate,,challenger,src-31c65dbec869
IN-PC-2008-haryana-39,haryana,2019,4,HISAR,ANOOP MEHTA,parties.IN.IND,998,0.08,16,forfeit,U,,8th Pass,,challenger,src-31c65dbec869
IN-PC-2008-haryana-39,haryana,2019,4,HISAR,MANGE RAM VERMA,parties.IN.IND,993,0.08,17,forfeit,U,,12th Pass,,challenger,src-31c65dbec869
IN-PC-2008-haryana-39,haryana,2019,4,HISAR,PYARELAL CHOHAN ADVOCATE,parties.IN.IND,930,0.08,18,forfeit,U,,Graduate Professional,Lawyer,challenger,src-31c65dbec869
IN-PC-2008-haryana-39,haryana,2019,4,HISAR,VIKAS GODARA,,893,0.08,19,forfeit,U,,Graduate,,challenger,src-31c65dbec869
IN-PC-2008-haryana-39,haryana,2019,4,HISAR,BAJRANG VATS,parties.IN.IND,808,0.07,20,forfeit,U,,Graduate Professional,Lawyer,challenger,src-31c65dbec869
IN-PC-2008-haryana-39,haryana,2019,4,HISAR,KAKA SAHIL THAKRAL,,770,0.07,21,forfeit,U,,Others,Private Company,challenger,src-31c65dbec869
IN-PC-2008-haryana-39,haryana,2019,4,HISAR,PARDEEP KUMAR,parties.IN.IND,522,0.04,22,forfeit,U,,12th Pass,,challenger,src-31c65dbec869
IN-PC-2008-haryana-39,haryana,2019,4,HISAR,SANDEEP,parties.IN.BHAPRAP,521,0.04,23,forfeit,U,,Graduate Professional,Private Company,challenger,src-31c65dbec869
IN-PC-2008-haryana-39,haryana,2019,4,HISAR,SUMIT KUMAR,parties.IN.IND,493,0.04,24,forfeit,U,,Others,,challenger,src-31c65dbec869
IN-PC-2008-haryana-39,haryana,2019,4,HISAR,SHAMSHER SINGH,parties.IN.IND,485,0.04,25,forfeit,U,,Illiterate,,challenger,src-31c65dbec869
IN-PC-2008-haryana-39,haryana,2019,4,HISAR,BIJENDER,parties.IN.IND,459,0.04,26,forfeit,U,,5th Pass,,challenger,src-31c65dbec869
IN-PC-2008-haryana-39,haryana,2019,4,HISAR,SHASHI BHARAT BHUSHAN,,417,0.04,27,forfeit,U,,Graduate Professional,Lawyer,challenger,src-31c65dbec869
IN-PC-2008-haryana-37,haryana,2019,5,KARNAL,Sanjay Bhatia,parties.IN.BJP,911594,70.08,1,won,U,,Graduate,,challenger,src-31c65dbec869
IN-PC-2008-haryana-37,haryana,2019,5,KARNAL,Kuldip Sharma,parties.IN.INC,255452,19.64,2,lost,U,,Graduate Professional,Lawyer,challenger,src-31c65dbec869
IN-PC-2008-haryana-37,haryana,2019,5,KARNAL,Pankaj,parties.IN.BSP,67183,5.17,3,forfeit,U,,10th Pass,,challenger,src-31c65dbec869
IN-PC-2008-haryana-37,haryana,2019,5,KARNAL,Krishan Kumar Aggarwal,,22084,1.7,4,forfeit,U,,Graduate Professional,Lawyer,challenger,src-31c65dbec869
IN-PC-2008-haryana-37,haryana,2019,5,KARNAL,Dharmvir Padha,parties.IN.INLD,15797,1.21,5,forfeit,U,,12th Pass,,challenger,src-31c65dbec869
IN-PC-2008-haryana-37,haryana,2019,5,KARNAL,Parmod Sharma,parties.IN.IND,6291,0.48,6,forfeit,U,,,,challenger,src-31c65dbec869
IN-PC-2008-haryana-37,haryana,2019,5,KARNAL,Vicky Chinalya,,3318,0.26,8,forfeit,U,,Others,,challenger,src-31c65dbec869
IN-PC-2008-haryana-37,haryana,2019,5,KARNAL,Ankur,parties.IN.AAPP,2789,0.21,9,forfeit,U,,12th Pass,,challenger,src-31c65dbec869
IN-PC-2008-haryana-37,haryana,2019,5,KARNAL,Naresh Kumar,,2340,0.18,10,forfeit,U,,Graduate Professional,Lawyer,challenger,src-31c65dbec869
IN-PC-2008-haryana-37,haryana,2019,5,KARNAL,Kitab Singh,parties.IN.PPID,2118,0.16,11,forfeit,U,,5th Pass,Ex Police,challenger,src-31c65dbec869
IN-PC-2008-haryana-37,haryana,2019,5,KARNAL,Dinesh Sharma,parties.IN.SHS,1731,0.13,12,forfeit,U,,12th Pass,,challenger,src-31c65dbec869
IN-PC-2008-haryana-37,haryana,2019,5,KARNAL,Anil Kumar,parties.IN.JJJKP,1243,0.1,13,forfeit,U,,12th Pass,Legal Professional,challenger,src-31c65dbec869
IN-PC-2008-haryana-37,haryana,2019,5,KARNAL,Jagdish,parties.IN.IND,1186,0.09,14,forfeit,U,,Illiterate,,challenger,src-31c65dbec869
IN-PC-2008-haryana-37,haryana,2019,5,KARNAL,Ishwar Sharma,,808,0.06,15,forfeit,U,,Illiterate,,challenger,src-31c65dbec869
IN-PC-2008-haryana-37,haryana,2019,5,KARNAL,Tilak Raj,,774,0.06,16,forfeit,U,,Post Graduate,,challenger,src-31c65dbec869
IN-PC-2008-haryana-37,haryana,2019,5,KARNAL,Ishwar Chand Salwan,,551,0.04,17,forfeit,U,,Graduate,Ex Civil Service,challenger,src-31c65dbec869
IN-PC-2008-haryana-32,haryana,2019,6,SONIPAT,RAMESH CHANDER KAUSHIK,parties.IN.BJP,587664,52.03,1,won,U,,Graduate Professional,Lawyer,incumbent,src-31c65dbec869
IN-PC-2008-haryana-32,haryana,2019,6,SONIPAT,BHUPINDER SINGH HOODA,parties.IN.INC,422800,37.43,2,lost,U,,Graduate Professional,Lawyer,challenger,src-31c65dbec869
IN-PC-2008-haryana-32,haryana,2019,6,SONIPAT,DIGVIJAY SINGH CHAUTALA,parties.IN.JNJP,51162,4.53,3,forfeit,U,,12th Pass,,challenger,src-31c65dbec869
IN-PC-2008-haryana-32,haryana,2019,6,SONIPAT,RAJ BALA SAINI,,35046,3.1,4,forfeit,U,,Post Graduate,Household,challenger,src-31c65dbec869
IN-PC-2008-haryana-32,haryana,2019,6,SONIPAT,SURENDER KUMAR CHHIKARA,parties.IN.INLD,9149,0.81,5,forfeit,U,,12th Pass,,challenger,src-31c65dbec869
IN-PC-2008-haryana-32,haryana,2019,6,SONIPAT,SATISH RAJ DESWAL,parties.IN.IND,4926,0.44,6,forfeit,U,,,,challenger,src-31c65dbec869
IN-PC-2008-haryana-32,haryana,2019,6,SONIPAT,ANIL KUMAR,parties.IN.IND,1975,0.17,8,forfeit,U,,Post Graduate,Lawyer,challenger,src-31c65dbec869
IN-PC-2008-haryana-32,haryana,2019,6,SONIPAT,RAMDIYA,,1709,0.15,9,forfeit,U,,8th Pass,,challenger,src-31c65dbec869
IN-PC-2008-haryana-32,haryana,2019,6,SONIPAT,MASTER RAMESH KHATRI LAMBARDAR,parties.IN.IND,1701,0.15,10,forfeit,U,,Graduate Professional,,challenger,src-31c65dbec869
IN-PC-2008-haryana-32,haryana,2019,6,SONIPAT,SUDHIR KUMAR,parties.IN.BHAPRAP,1589,0.14,11,forfeit,U,,Graduate,,challenger,src-31c65dbec869
IN-PC-2008-haryana-32,haryana,2019,6,SONIPAT,ASHWANI,parties.IN.IND,1544,0.14,12,forfeit,U,,Post Graduate,,challenger,src-31c65dbec869
IN-PC-2008-haryana-32,haryana,2019,6,SONIPAT,KARAN SINGH,parties.IN.IND,1162,0.1,13,forfeit,U,,12th Pass,,challenger,src-31c65dbec869
IN-PC-2008-haryana-32,haryana,2019,6,SONIPAT,COMRADE BALBEER SINGH,,871,0.08,14,forfeit,U,,10th Pass,,challenger,src-31c65dbec869
IN-PC-2008-haryana-32,haryana,2019,6,SONIPAT,KUSUM PARASHAR,,605,0.05,15,forfeit,U,,Post Graduate,,challenger,src-31c65dbec869
IN-PC-2008-haryana-32,haryana,2019,6,SONIPAT,SUKHMANDAR SINGH KHARB,,535,0.05,16,forfeit,U,,10th Pass,,challenger,src-31c65dbec869
IN-PC-2008-haryana-32,haryana,2019,6,SONIPAT,MAHAVEER,,509,0.05,17,forfeit,U,,8th Pass,,challenger,src-31c65dbec869
IN-PC-2008-haryana-32,haryana,2019,6,SONIPAT,DHARAMBIR,parties.IN.IND,500,0.04,18,forfeit,U,,12th Pass,Self-employed,challenger,src-31c65dbec869
IN-PC-2008-haryana-32,haryana,2019,6,SONIPAT,RAJESH SHARMA,,430,0.04,19,forfeit,U,,Graduate,,challenger,src-31c65dbec869
IN-PC-2008-haryana-32,haryana,2019,6,SONIPAT,MOHAN,parties.IN.AIFB,392,0.03,20,forfeit,U,,12th Pass,Rent,challenger,src-31c65dbec869
IN-PC-2008-haryana-32,haryana,2019,6,SONIPAT,SATINDER RATHI,parties.IN.IND,385,0.03,21,forfeit,U,,Graduate,,challenger,src-31c65dbec869
IN-PC-2008-haryana-32,haryana,2019,6,SONIPAT,DR. JAGBIR SINGH,parties.IN.IND,383,0.03,22,forfeit,U,,Graduate Professional,,challenger,src-31c65dbec869
IN-PC-2008-haryana-32,haryana,2019,6,SONIPAT,SANT DHARAMVEER CHOTIWALA,parties.IN.BAHUMP,357,0.03,23,forfeit,U,,Graduate Professional,Lawyer,challenger,src-31c65dbec869
IN-PC-2008-haryana-32,haryana,2019,6,SONIPAT,MANISH,parties.IN.AAPP,309,0.03,24,forfeit,U,,12th Pass,Self-employed,challenger,src-31c65dbec869
IN-PC-2008-haryana-32,haryana,2019,6,SONIPAT,RAVINDER KUMAR,parties.IN.IND,290,0.03,25,forfeit,U,,Graduate,,challenger,src-31c65dbec869
IN-PC-2008-haryana-32,haryana,2019,6,SONIPAT,SHIYANAND TYAGI,parties.IN.IND,259,0.02,26,forfeit,U,,Graduate Professional,Real Estate or Builder or Developer or Construction,challenger,src-31c65dbec869
IN-PC-2008-haryana-32,haryana,2019,6,SONIPAT,BIJENDER KUMAR,parties.IN.IND,256,0.02,27,forfeit,U,,10th Pass,,challenger,src-31c65dbec869
IN-PC-2008-haryana-32,haryana,2019,6,SONIPAT,BIJENDER,parties.IN.IND,236,0.02,28,forfeit,U,,Post Graduate,,challenger,src-31c65dbec869
IN-PC-2008-haryana-32,haryana,2019,6,SONIPAT,JAI PRAKASH,parties.IN.IND,196,0.02,29,forfeit,U,,8th Pass,,challenger,src-31c65dbec869
IN-PC-2008-haryana-32,haryana,2019,6,SONIPAT,PARDEEP CHAHAL,parties.IN.IND,128,0.01,30,forfeit,U,,12th Pass,,challenger,src-31c65dbec869
IN-PC-2008-haryana-31,haryana,2019,8,BHIWANI-MAHENDRAGARH,Dharambir Singh S/o Bhale Ram,parties.IN.BJP,736699,63.45,1,won,U,,Graduate,,incumbent,src-31c65dbec869
IN-PC-2008-haryana-31,haryana,2019,8,BHIWANI-MAHENDRAGARH,Shruti Choudhry,parties.IN.INC,292236,25.17,2,lost,U,,Graduate Professional,Lawyer,challenger,src-31c65dbec869
IN-PC-2008-haryana-31,haryana,2019,8,BHIWANI-MAHENDRAGARH,Swati Yadav,parties.IN.JNJP,84956,7.32,3,forfeit,U,,Post Graduate,,challenger,src-31c65dbec869
IN-PC-2008-haryana-31,haryana,2019,8,BHIWANI-MAHENDRAGARH,Ramesh Rao Pilot,,20234,1.74,4,forfeit,U,,Graduate Professional,,challenger,src-31c65dbec869
IN-PC-2008-haryana-31,haryana,2019,8,BHIWANI-MAHENDRAGARH,Balwan Singh,parties.IN.INLD,8065,0.69,5,forfeit,U,,12th Pass,,challenger,src-31c65dbec869
IN-PC-2008-haryana-31,haryana,2019,8,BHIWANI-MAHENDRAGARH,Lalit,parties.IN.IND,2938,0.25,6,forfeit,U,,Graduate Professional,Lawyer,challenger,src-31c65dbec869
IN-PC-2008-haryana-31,haryana,2019,8,BHIWANI-MAHENDRAGARH,Vinod Kumar,parties.IN.IND,2653,0.23,7,forfeit,U,,Graduate,,challenger,src-31c65dbec869
IN-PC-2008-haryana-31,haryana,2019,8,BHIWANI-MAHENDRAGARH,Mohd Irfan,parties.IN.BHAPRAP,1601,0.14,9,forfeit,U,,Graduate Professional,Lawyer,challenger,src-31c65dbec869
IN-PC-2008-haryana-31,haryana,2019,8,BHIWANI-MAHENDRAGARH,Rajnish Kumar,parties.IN.IND,1397,0.12,10,forfeit,U,,Post Graduate,,challenger,src-31c65dbec869
IN-PC-2008-haryana-31,haryana,2019,8,BHIWANI-MAHENDRAGARH,Dharambir Singh S/0 Fateh Singh,parties.IN.IND,1260,0.11,11,forfeit,U,,Post Graduate,,challenger,src-31c65dbec869
IN-PC-2008-haryana-31,haryana,2019,8,BHIWANI-MAHENDRAGARH,Comrade Om Parkash,,1093,0.09,12,forfeit,U,,Graduate Professional,,challenger,src-31c65dbec869
IN-PC-2008-haryana-31,haryana,2019,8,BHIWANI-MAHENDRAGARH,Bhai Surender Dhanak,,940,0.08,13,forfeit,U,,10th Pass,,challenger,src-31c65dbec869
IN-PC-2008-haryana-31,haryana,2019,8,BHIWANI-MAHENDRAGARH,Sudhir Kumar,parties.IN.IND,883,0.08,14,forfeit,U,,Graduate Professional,,challenger,src-31c65dbec869
IN-PC-2008-haryana-31,haryana,2019,8,BHIWANI-MAHENDRAGARH,Jagat Singh,parties.IN.IND,732,0.06,15,forfeit,U,,10th Pass,,challenger,src-31c65dbec869
IN-PC-2008-haryana-31,haryana,2019,8,BHIWANI-MAHENDRAGARH,Ram Kishan,parties.IN.IND,625,0.05,16,forfeit,U,,10th Pass,,challenger,src-31c65dbec869
IN-PC-2008-haryana-31,haryana,2019,8,BHIWANI-MAHENDRAGARH,Suresh Chand,parties.IN.IND,587,0.05,17,forfeit,U,,5th Pass,,challenger,src-31c65dbec869
IN-PC-2008-haryana-31,haryana,2019,8,BHIWANI-MAHENDRAGARH,Satya Pal,parties.IN.IND,505,0.04,18,forfeit,U,,,,challenger,src-31c65dbec869
IN-PC-2008-haryana-31,haryana,2019,8,BHIWANI-MAHENDRAGARH,Salesh Kumar,,480,0.04,19,forfeit,U,,8th Pass,,challenger,src-31c65dbec869
IN-PC-2008-haryana-31,haryana,2019,8,BHIWANI-MAHENDRAGARH,Kundan Kumar,parties.IN.RPI,443,0.04,20,forfeit,U,,10th Pass,,challenger,src-31c65dbec869
IN-PC-2008-haryana-31,haryana,2019,8,BHIWANI-MAHENDRAGARH,Satbir,parties.IN.AAPP,433,0.04,21,forfeit,U,,10th Pass,,challenger,src-31c65dbec869
IN-PC-2008-haryana-31,haryana,2019,8,BHIWANI-MAHENDRAGARH,Happy Singh,parties.IN.IND,314,0.03,22,forfeit,U,,Illiterate,,challenger,src-31c65dbec869
IN-PC-2008-haryana-34,haryana,2019,9,GURGAON,RAO INDERJIT SINGH,parties.IN.BJP,881546,60.94,1,won,U,,Graduate Professional,,challenger,src-31c65dbec869
IN-PC-2008-haryana-34,haryana,2019,9,GURGAON,CAPT. AJAY SINGH,parties.IN.INC,495290,34.24,2,lost,U,,Graduate Professional,Party Worker,challenger,src-31c65dbec869
IN-PC-2008-haryana-34,haryana,2019,9,GURGAON,CHAUDHARY RAIS AHMAD,parties.IN.BSP,26756,1.85,3,forfeit,U,,Graduate,,challenger,src-31c65dbec869
IN-PC-2008-haryana-34,haryana,2019,9,GURGAON,VIRENDAR RANA,parties.IN.INLD,9911,0.69,4,forfeit,U,,Post Graduate,,challenger,src-31c65dbec869
IN-PC-2008-haryana-34,haryana,2019,9,GURGAON,DR. MEHMOOD KHAN,parties.IN.JNJP,8993,0.62,5,forfeit,U,,Post Graduate,Agricultural Business,challenger,src-31c65dbec869
IN-PC-2008-haryana-34,haryana,2019,9,GURGAON,COMRADE SARWAN KUMAR,,2766,0.19,7,forfeit,U,,10th Pass,,challenger,src-31c65dbec869
IN-PC-2008-haryana-34,haryana,2019,9,GURGAON,HANS KUMAR,parties.IN.RRP,1868,0.13,8,forfeit,U,,10th Pass,Real Estate or Builder or Developer or Construction,challenger,src-31c65dbec869
IN-PC-2008-haryana-34,haryana,2019,9,GURGAON,CHOWKIDAR ANJAN DEVESHWAR,parties.IN.IND,1783,0.12,9,forfeit,U,,12th Pass,Engineer,challenger,src-31c65dbec869
IN-PC-2008-haryana-34,haryana,2019,9,GURGAON,SUDESH KUMAR,parties.IN.IND,1645,0.11,10,forfeit,U,,12th Pass,Self-employed,challenger,src-31c65dbec869
IN-PC-2008-haryana-34,haryana,2019,9,GURGAON,RAO INDERJEET,parties.IN.IND,1342,0.09,11,forfeit,U,,10th Pass,Home Teacher or Tuition,challenger,src-31c65dbec869
IN-PC-2008-haryana-34,haryana,2019,9,GURGAON,PAWAN KUMAR,parties.IN.SHS,1281,0.09,12,forfeit,U,,12th Pass,School Teacher,challenger,src-31c65dbec869
IN-PC-2008-haryana-34,haryana,2019,9,GURGAON,VINOD KUMAR,parties.IN.AAPP,1203,0.08,13,forfeit,U,,,,challenger,src-31c65dbec869
IN-PC-2008-haryana-34,haryana,2019,9,GURGAON,MAHABIR MEHRA CHHILARKI,parties.IN.PPID,1061,0.07,14,forfeit,U,,10th Pass,,challenger,src-31c65dbec869
IN-PC-2008-haryana-34,haryana,2019,9,GURGAON,ADVOCATE PARVEEN YADAV WAZIRABAD,parties.IN.ABJS,1027,0.07,15,forfeit,U,,Graduate Professional,Lawyer,challenger,src-31c65dbec869
IN-PC-2008-haryana-34,haryana,2019,9,GURGAON,RAMESH CHAND,parties.IN.BMUP,940,0.06,16,forfeit,U,,10th Pass,Ex Police,challenger,src-31c65dbec869
IN-PC-2008-haryana-34,haryana,2019,9,GURGAON,COLONEL DHARAM PAL SINGH RAGHAVA,,658,0.05,17,forfeit,U,,Graduate,Ex Military,challenger,src-31c65dbec869
IN-PC-2008-haryana-34,haryana,2019,9,GURGAON,RAMESH KUMAR,,527,0.04,18,forfeit,U,,Graduate,Taxi Driver,challenger,src-31c65dbec869
IN-PC-2008-haryana-34,haryana,2019,9,GURGAON,DR. ABDUL LATIF (MIYA JI),,454,0.03,19,forfeit,U,,,,challenger,src-31c65dbec869
IN-PC-2008-haryana-34,haryana,2019,9,GURGAON,KUSHESHWAR BHAGAT,parties.IN.IND,434,0.03,20,forfeit,U,,8th Pass,,challenger,src-31c65dbec869
IN-PC-2008-haryana-34,haryana,2019,9,GURGAON,AZAD SINGH NANGALIA,parties.IN.IND,423,0.03,21,forfeit,U,,10th Pass,,challenger,src-31c65dbec869
IN-PC-2008-haryana-34,haryana,2019,9,GURGAON,FOJI JAI KAWAR TYAGI (DIKSHIT),,346,0.02,22,forfeit,U,,8th Pass,,challenger,src-31c65dbec869
IN-PC-2008-haryana-34,haryana,2019,9,GURGAON,JAWAHAR SINGH PAHAL,,309,0.02,23,forfeit,U,,Graduate,,challenger,src-31c65dbec869
IN-PC-2008-haryana-34,haryana,2019,9,GURGAON,PAWAN NEHRA,parties.IN.IND,298,0.02,24,forfeit,U,,Graduate,,challenger,src-31c65dbec869
IN-PC-2008-haryana-34,haryana,2019,9,GURGAON,VIRENDER,parties.IN.IND,259,0.02,25,forfeit,U,,,,challenger,src-31c65dbec869
IN-PC-2008-haryana-38,haryana,2019,10,FARIDABAD,KRISHAN PAL,parties.IN.BJP,913222,68.8,1,won,U,,Graduate Professional,Self-employed,incumbent,src-31c65dbec869
IN-PC-2008-haryana-38,haryana,2019,10,FARIDABAD,AVTAR SINGH BHADANA,parties.IN.INC,274983,20.72,2,lost,U,,8th Pass,"MLA, Ex MP",challenger,src-31c65dbec869
IN-PC-2008-haryana-38,haryana,2019,10,FARIDABAD,MANDHIR MAAN,parties.IN.BSP,86752,6.54,3,forfeit,U,,10th Pass,,challenger,src-31c65dbec869
IN-PC-2008-haryana-38,haryana,2019,10,FARIDABAD,MAHENDER SINGH CHAUHAN,parties.IN.INLD,12070,0.91,4,forfeit,U,,10th Pass,,challenger,src-31c65dbec869
IN-PC-2008-haryana-38,haryana,2019,10,FARIDABAD,PANDIT NAVIN JAIHIND,,11112,0.84,5,forfeit,U,,Doctorate,Party Worker,challenger,src-31c65dbec869
IN-PC-2008-haryana-38,haryana,2019,10,FARIDABAD,LEKHRAM DABANG,parties.IN.BMUP,4773,0.36,7,forfeit,U,,10th Pass,,challenger,src-31c65dbec869
IN-PC-2008-haryana-38,haryana,2019,10,FARIDABAD,SHYAMVIR,,3961,0.3,8,forfeit,U,,Graduate Professional,Home Teacher or Tuition,challenger,src-31c65dbec869
IN-PC-2008-haryana-38,haryana,2019,10,FARIDABAD,VIJENDERA KASANA,,2688,0.2,9,forfeit,U,,Post Graduate,Lawyer,challenger,src-31c65dbec869
IN-PC-2008-haryana-38,haryana,2019,10,FARIDABAD,SAHIRAM RAWAT,,2024,0.15,10,forfeit,U,,8th Pass,,challenger,src-31c65dbec869
IN-PC-2008-haryana-38,haryana,2019,10,FARIDABAD,HARI CHAND,parties.IN.PPID,1370,0.1,11,forfeit,U,,Graduate,Ex Civil Service,challenger,src-31c65dbec869
IN-PC-2008-haryana-38,haryana,2019,10,FARIDABAD,RUBY,,1192,0.09,12,forfeit,U,,8th Pass,,challenger,src-31c65dbec869
IN-PC-2008-haryana-38,haryana,2019,10,FARIDABAD,RAMKISHAN GOLA,parties.IN.AIFB,1131,0.09,13,forfeit,U,,Others,Qualified Professional,challenger,src-31c65dbec869
IN-PC-2008-haryana-38,haryana,2019,10,FARIDABAD,SANJAY MAURYA,parties.IN.IND,802,0.06,14,forfeit,U,,8th Pass,Industrialist,challenger,src-31c65dbec869
IN-PC-2008-haryana-38,haryana,2019,10,FARIDABAD,Adv. HARI SHANKAR RAJVANS,,716,0.05,15,forfeit,U,,Graduate Professional,Lawyer,challenger,src-31c65dbec869
IN-PC-2008-haryana-38,haryana,2019,10,FARIDABAD,Dr K P SINGH,parties.IN.IND,663,0.05,16,forfeit,U,,Graduate Professional,Doctor,challenger,src-31c65dbec869
IN-PC-2008-haryana-38,haryana,2019,10,FARIDABAD,MUKESH KUMAR SINGH,parties.IN.LPSP,478,0.04,17,forfeit,U,,12th Pass,Trader,challenger,src-31c65dbec869
IN-PC-2008-haryana-38,haryana,2019,10,FARIDABAD,MAHESH PRATAP SHARMA,,477,0.04,18,forfeit,U,,Others,,challenger,src-31c65dbec869
IN-PC-2008-haryana-38,haryana,2019,10,FARIDABAD,DEEPAK GAUR,,471,0.04,19,forfeit,U,,12th Pass,,challenger,src-31c65dbec869
IN-PC-2008-haryana-38,haryana,2019,10,FARIDABAD,BAUDHACHARYA KHAJAN SINGH GAUTAM,parties.IN.RPIE,463,0.03,20,forfeit,U,,10th Pass,,challenger,src-31c65dbec869
IN-PC-2008-haryana-38,haryana,2019,10,FARIDABAD,RAKESH KUMAR,parties.IN.AAPP,451,0.03,21,forfeit,U,,10th Pass,Self-employed,challenger,src-31c65dbec869
IN-PC-2008-haryana-38,haryana,2019,10,FARIDABAD,MANOJ CHOUDHARY,parties.IN.IND,439,0.03,22,forfeit,U,,,,challenger,src-31c65dbec869
IN-PC-2008-haryana-38,haryana,2019,10,FARIDABAD,BOBBY KATARIA,parties.IN.IND,393,0.03,23,forfeit,U,,,,challenger,src-31c65dbec869
IN-PC-2008-haryana-38,haryana,2019,10,FARIDABAD,C A SHUKLA,parties.IN.IND,389,0.03,24,forfeit,U,,Graduate,Self-employed,challenger,src-31c65dbec869
IN-PC-2008-haryana-38,haryana,2019,10,FARIDABAD,AMIT SINGH PATEL,parties.IN.IND,371,0.03,25,forfeit,U,,Graduate,Home Teacher or Tuition,challenger,src-31c65dbec869
IN-PC-2008-haryana-38,haryana,2019,10,FARIDABAD,CHAUDHARY DAYACHAND,,339,0.03,26,forfeit,U,,12th Pass,Ex Military,challenger,src-31c65dbec869
IN-PC-2008-haryana-38,haryana,2019,10,FARIDABAD,PRADEEP KUMAR,,330,0.02,27,forfeit,U,,Post Graduate,Private Company,challenger,src-31c65dbec869
IN-PC-2008-haryana-38,haryana,2019,10,FARIDABAD,TIKARAM HOODA,parties.IN.IND,249,0.02,28,forfeit,U,,,,challenger,src-31c65dbec869
IN-PC-2008-himachal-pradesh-10,himachal-pradesh,2019,1,KANGRA,Kishan Kapoor,parties.IN.BJP,725218,72.02,1,won,U,,12th Pass,,challenger,src-31c65dbec869
IN-PC-2008-himachal-pradesh-10,himachal-pradesh,2019,1,KANGRA,Pawan Kajal,parties.IN.INC,247595,24.59,2,lost,U,,10th Pass,Contractor,challenger,src-31c65dbec869
IN-PC-2008-himachal-pradesh-10,himachal-pradesh,2019,1,KANGRA,Dr. Kehar Singh,parties.IN.BSP,8866,0.88,4,forfeit,U,,Doctorate,,challenger,src-31c65dbec869
IN-PC-2008-himachal-pradesh-10,himachal-pradesh,2019,1,KANGRA,Dr. Sanjiv Guleria,parties.IN.IND,4573,0.45,5,forfeit,U,,Graduate Professional,Ex Govt Employee,challenger,src-31c65dbec869
IN-PC-2008-himachal-pradesh-10,himachal-pradesh,2019,1,KANGRA,Prem Chand Vishvakarma,,2371,0.24,6,forfeit,U,,Post Graduate,,challenger,src-31c65dbec869
IN-PC-2008-himachal-pradesh-10,himachal-pradesh,2019,1,KANGRA,Bachan Singh Rana,parties.IN.IND,2240,0.22,7,forfeit,U,,12th Pass,,challenger,src-31c65dbec869
IN-PC-2008-himachal-pradesh-10,himachal-pradesh,2019,1,KANGRA,Nisha Katoch,parties.IN.IND,1398,0.14,8,forfeit,U,,Graduate Professional,,challenger,src-31c65dbec869
IN-PC-2008-himachal-pradesh-10,himachal-pradesh,2019,1,KANGRA,Subhash Chand,,970,0.1,9,forfeit,U,,10th Pass,,challenger,src-31c65dbec869
IN-PC-2008-himachal-pradesh-10,himachal-pradesh,2019,1,KANGRA,Dr. Swaroop Singh Rana,,959,0.1,10,forfeit,U,,Post Graduate,Ex Govt Employee,challenger,src-31c65dbec869
IN-PC-2008-himachal-pradesh-10,himachal-pradesh,2019,1,KANGRA,Col. Narinder Pathania,parties.IN.IND,908,0.09,11,forfeit,U,,,,challenger,src-31c65dbec869
IN-PC-2008-himachal-pradesh-10,himachal-pradesh,2019,1,KANGRA,Chander Bhan (Baabla),parties.IN.IND,564,0.06,12,forfeit,U,,10th Pass,,challenger,src-31c65dbec869
IN-PC-2008-himachal-pradesh-9,himachal-pradesh,2019,2,MANDI,RAM SWAROOP SHARMA,parties.IN.BJP,647189,68.75,1,won,U,,10th Pass,Party Worker,incumbent,src-31c65dbec869
IN-PC-2008-himachal-pradesh-9,himachal-pradesh,2019,2,MANDI,AASHRAY SHARMA,parties.IN.INC,241730,25.68,2,lost,U,,Others,,challenger,src-31c65dbec869
IN-PC-2008-himachal-pradesh-9,himachal-pradesh,2019,2,MANDI,DALEEP SINGH KAITH,,14838,1.58,3,forfeit,U,,Post Graduate,Lawyer,challenger,src-31c65dbec869
IN-PC-2008-himachal-pradesh-9,himachal-pradesh,2019,2,MANDI,SES RAM,parties.IN.BSP,9060,0.96,4,forfeit,U,,12th Pass,,challenger,src-31c65dbec869
IN-PC-2008-himachal-pradesh-9,himachal-pradesh,2019,2,MANDI,BRIJ GOPAL,parties.IN.IND,4087,0.43,6,forfeit,U,,12th Pass,Private Company,challenger,src-31c65dbec869
IN-PC-2008-himachal-pradesh-9,himachal-pradesh,2019,2,MANDI,SUBHASH MOHAN SNEHI,parties.IN.IND,3839,0.41,7,forfeit,U,,Doctorate,Lawyer,challenger,src-31c65dbec869
IN-PC-2008-himachal-pradesh-9,himachal-pradesh,2019,2,MANDI,DEV RAJ BHARDWAJ,parties.IN.IND,3653,0.39,8,forfeit,U,,Graduate,,challenger,src-31c65dbec869
IN-PC-2008-himachal-pradesh-9,himachal-pradesh,2019,2,MANDI,GUMAN SINGH,parties.IN.IND,2344,0.25,9,forfeit,U,,Graduate Professional,,challenger,src-31c65dbec869
IN-PC-2008-himachal-pradesh-9,himachal-pradesh,2019,2,MANDI,RAJENDER SURYAVANSHI,parties.IN.APOI,1872,0.2,10,forfeit,U,,12th Pass,,challenger,src-31c65dbec869
IN-PC-2008-himachal-pradesh-9,himachal-pradesh,2019,2,MANDI,DHARMENDER SINGH THAKUR,parties.IN.IND,1860,0.2,11,forfeit,U,,Doctorate,Doctor,challenger,src-31c65dbec869
IN-PC-2008-himachal-pradesh-9,himachal-pradesh,2019,2,MANDI,COL. THAKUR SINGH,parties.IN.IND,1596,0.17,12,forfeit,U,,Post Graduate,Ex Military,challenger,src-31c65dbec869
IN-PC-2008-himachal-pradesh-9,himachal-pradesh,2019,2,MANDI,KARTAR CHAND,,880,0.09,13,forfeit,U,,Graduate,,challenger,src-31c65dbec869
IN-PC-2008-himachal-pradesh-9,himachal-pradesh,2019,2,MANDI,GHANSHYAM CHAND THAKUR,parties.IN.IND,775,0.08,14,forfeit,U,,Graduate Professional,Ex Govt Employee,challenger,src-31c65dbec869
IN-PC-2008-himachal-pradesh-9,himachal-pradesh,2019,2,MANDI,SHIV LAL THAKUR,,751,0.08,15,forfeit,U,,12th Pass,,challenger,src-31c65dbec869
IN-PC-2008-himachal-pradesh-9,himachal-pradesh,2019,2,MANDI,MEHAR SINGH,,583,0.06,16,forfeit,U,,10th Pass,,challenger,src-31c65dbec869
IN-PC-2008-himachal-pradesh-9,himachal-pradesh,2019,2,MANDI,KHEM CHAND,parties.IN.PPID,511,0.05,17,forfeit,U,,Illiterate,,challenger,src-31c65dbec869
IN-PC-2008-himachal-pradesh-9,himachal-pradesh,2019,2,MANDI,CHANDERMANI,parties.IN.AIFB,505,0.05,18,forfeit,U,,Graduate,Agricultural Business,challenger,src-31c65dbec869
IN-PC-2008-himachal-pradesh-8,himachal-pradesh,2019,3,HAMIRPUR,ANURAG SINGH THAKUR,parties.IN.BJP,682692,69.04,1,won,U,,Graduate,,incumbent,src-31c65dbec869
IN-PC-2008-himachal-pradesh-8,himachal-pradesh,2019,3,HAMIRPUR,RAM LAL THAKUR,parties.IN.INC,283120,28.63,2,lost,U,,Graduate Professional,Lawyer,challenger,src-31c65dbec869
IN-PC-2008-himachal-pradesh-8,himachal-pradesh,2019,3,HAMIRPUR,DESH RAJ,parties.IN.BSP,7095,0.72,4,forfeit,U,,Graduate Professional,,challenger,src-31c65dbec869
IN-PC-2008-himachal-pradesh-8,himachal-pradesh,2019,3,HAMIRPUR,KRISHAN GOPAL,,2319,0.23,5,forfeit,U,,8th Pass,Self-employed,challenger,src-31c65dbec869
IN-PC-2008-himachal-pradesh-8,himachal-pradesh,2019,3,HAMIRPUR,RADHA KRISHAN NAROTRA,parties.IN.IND,1420,0.14,6,forfeit,U,,Graduate,,challenger,src-31c65dbec869
IN-PC-2008-himachal-pradesh-8,himachal-pradesh,2019,3,HAMIRPUR,VIKASH KUMAR,parties.IN.IND,1404,0.14,7,forfeit,U,,Post Graduate,Lawyer,challenger,src-31c65dbec869
IN-PC-2008-himachal-pradesh-8,himachal-pradesh,2019,3,HAMIRPUR,TULSI RAM SHARMA,parties.IN.AIFB,775,0.08,8,forfeit,U,,12th Pass,,challenger,src-31c65dbec869
IN-PC-2008-himachal-pradesh-8,himachal-pradesh,2019,3,HAMIRPUR,PARVEEN THAKUR,parties.IN.IND,699,0.07,9,forfeit,U,,12th Pass,Trader,challenger,src-31c65dbec869
IN-PC-2008-himachal-pradesh-8,himachal-pradesh,2019,3,HAMIRPUR,RAM SINGH SHUKLA,parties.IN.BMUP,473,0.05,10,forfeit,U,,Post Graduate,,challenger,src-31c65dbec869
IN-PC-2008-himachal-pradesh-8,himachal-pradesh,2019,3,HAMIRPUR,ASHOK SHARMA,parties.IN.IND,412,0.04,11,forfeit,U,,,,challenger,src-31c65dbec869
IN-PC-2008-himachal-pradesh-8,himachal-pradesh,2019,3,HAMIRPUR,ASHISH KUMAR,parties.IN.IND,330,0.03,12,forfeit,U,,Post Graduate,,challenger,src-31c65dbec869
IN-PC-2008-himachal-pradesh-7,himachal-pradesh,2019,4,SHIMLA,SURESH KUMAR KASHYAP,parties.IN.BJP,606182,66.35,1,won,U,,Post Graduate,MLA,challenger,src-31c65dbec869
IN-PC-2008-himachal-pradesh-7,himachal-pradesh,2019,4,SHIMLA,DHANI RAM SHANDIL,parties.IN.INC,278668,30.5,2,lost,U,,Doctorate,Ex Military,challenger,src-31c65dbec869
IN-PC-2008-himachal-pradesh-7,himachal-pradesh,2019,4,SHIMLA,VIKRAM SINGH,parties.IN.BSP,7759,0.85,4,forfeit,U,,Graduate,,challenger,src-31c65dbec869
IN-PC-2008-himachal-pradesh-7,himachal-pradesh,2019,4,SHIMLA,MANOJ RAGHUVANSHI,parties.IN.AIFB,5817,0.64,5,forfeit,U,,10th Pass,,challenger,src-31c65dbec869
IN-PC-2008-himachal-pradesh-7,himachal-pradesh,2019,4,SHIMLA,RAVI KUMAR DALIT,parties.IN.IND,3608,0.39,6,forfeit,U,,10th Pass,,challenger,src-31c65dbec869
IN-PC-2008-himachal-pradesh-7,himachal-pradesh,2019,4,SHIMLA,SHAMSHER SINGH,,3216,0.35,7,forfeit,U,,10th Pass,,challenger,src-31c65dbec869
IN-PC-2008-jammu-and-kashmir-2,jammu-and-kashmir,2019,1,BARAMULLA,MOHAMMAD AKBAR LONE,,133426,29.29,1,won,U,,Graduate Professional,Lawyer,challenger,src-31c65dbec869
IN-PC-2008-jammu-and-kashmir-2,jammu-and-kashmir,2019,1,BARAMULLA,RAJA AIJAZ ALI,,103193,22.65,2,lost,U,,Graduate Professional,Ex Military,challenger,src-31c65dbec869
IN-PC-2008-jammu-and-kashmir-2,jammu-and-kashmir,2019,1,BARAMULLA,ENGINEER RASHID,parties.IN.IND,102168,22.43,3,lost,U,,Others,Ex MLA,challenger,src-31c65dbec869
IN-PC-2008-jammu-and-kashmir-2,jammu-and-kashmir,2019,1,BARAMULLA,ABDUL QAYOOM WANI,parties.IN.JKPDP,53530,11.75,4,forfeit,U,,Graduate Professional,Ex Civil Service,challenger,src-31c65dbec869
IN-PC-2008-jammu-and-kashmir-2,jammu-and-kashmir,2019,1,BARAMULLA,HAJI FAROOQ AHMAD MIR,parties.IN.INC,34532,7.58,5,forfeit,U,,8th Pass,Party Worker,challenger,src-31c65dbec869
IN-PC-2008-jammu-and-kashmir-2,jammu-and-kashmir,2019,1,BARAMULLA,MOHD MAQBOOL WAR,parties.IN.BJP,7894,1.73,7,forfeit,U,,Graduate,Party Worker,challenger,src-31c65dbec869
IN-PC-2008-jammu-and-kashmir-2,jammu-and-kashmir,2019,1,BARAMULLA,SYED NAJEEB SHAH NAQVI,parties.IN.IND,4967,1.09,8,forfeit,U,,Post Graduate,Party Worker,challenger,src-31c65dbec869
IN-PC-2008-jammu-and-kashmir-2,jammu-and-kashmir,2019,1,BARAMULLA,JAHANGIR KHAN,parties.IN.JKNPP,4329,0.95,9,forfeit,U,,10th Pass,,challenger,src-31c65dbec869
IN-PC-2008-jammu-and-kashmir-2,jammu-and-kashmir,2019,1,BARAMULLA,JAVID AHMAD QURESHI,parties.IN.IND,3383,0.74,10,forfeit,U,,8th Pass,,challenger,src-31c65dbec869
IN-PC-2008-jammu-and-kashmir-5,jammu-and-kashmir,2019,2,SRINAGAR,Farooq Abdullah,,106750,57.14,1,won,U,,Graduate Professional,Party Worker,incumbent,src-31c65dbec869
IN-PC-2008-jammu-and-kashmir-5,jammu-and-kashmir,2019,2,SRINAGAR,Aga Syed Mohsin,,36700,19.64,2,lost,U,,12th Pass,Party Worker,challenger,src-31c65dbec869
IN-PC-2008-jammu-and-kashmir-5,jammu-and-kashmir,2019,2,SRINAGAR,Irfan Raza Ansari,,28773,15.4,3,forfeit,U,,Graduate,,challenger,src-31c65dbec869
IN-PC-2008-jammu-and-kashmir-5,jammu-and-kashmir,2019,2,SRINAGAR,Sheikh Khalid Jehangir,parties.IN.BJP,4631,2.48,4,forfeit,U,,,,challenger,src-31c65dbec869
IN-PC-2008-jammu-and-kashmir-5,jammu-and-kashmir,2019,2,SRINAGAR,Bilal Sultan,parties.IN.IND,1630,0.87,5,forfeit,U,,Graduate Professional,,challenger,src-31c65dbec869
IN-PC-2008-jammu-and-kashmir-5,jammu-and-kashmir,2019,2,SRINAGAR,Abdul Rashid Banday,parties.IN.IND,1537,0.82,7,forfeit,U,,10th Pass,Party Worker,challenger,src-31c65dbec869
IN-PC-2008-jammu-and-kashmir-5,jammu-and-kashmir,2019,2,SRINAGAR,Nazir Ahmad Sofi,parties.IN.MANPA,1507,0.81,8,forfeit,U,,,,challenger,src-31c65dbec869
IN-PC-2008-jammu-and-kashmir-5,jammu-and-kashmir,2019,2,SRINAGAR,Showkat Hussain Khan,parties.IN.JDU,1250,0.67,9,forfeit,U,,8th Pass,,crossover,src-31c65dbec869
IN-PC-2008-jammu-and-kashmir-5,jammu-and-kashmir,2019,2,SRINAGAR,Abdual Rashid Ganie,parties.IN.JKNPP,791,0.42,10,forfeit,U,,8th Pass,,challenger,src-31c65dbec869
IN-PC-2008-jammu-and-kashmir-5,jammu-and-kashmir,2019,2,SRINAGAR,Sajjad Ahmad Dar,parties.IN.IND,613,0.33,11,forfeit,U,,12th Pass,,challenger,src-31c65dbec869
IN-PC-2008-jammu-and-kashmir-5,jammu-and-kashmir,2019,2,SRINAGAR,Abdul Khaliq Bhat,parties.IN.SHS,578,0.31,12,forfeit,U,,8th Pass,Party Worker,challenger,src-31c65dbec869
IN-PC-2008-jammu-and-kashmir-5,jammu-and-kashmir,2019,2,SRINAGAR,Nazir Ahmad Lone,parties.IN.RAJPA,506,0.27,13,forfeit,U,,8th Pass,Contractor,challenger,src-31c65dbec869
IN-PC-2008-jammu-and-kashmir-1,jammu-and-kashmir,2019,3,ANANTNAG,HASNAIN MASOODI,,40180,32.17,1,won,U,,Post Graduate,Lawyer,challenger,src-31c65dbec869
IN-PC-2008-jammu-and-kashmir-1,jammu-and-kashmir,2019,3,ANANTNAG,GHULAM AHMAD MIR,parties.IN.INC,33504,26.83,2,lost,U,,Graduate,Lawyer,challenger,src-31c65dbec869
IN-PC-2008-jammu-and-kashmir-1,jammu-and-kashmir,2019,3,ANANTNAG,MEHBOOBA MUFTI,parties.IN.JKPDP,30524,24.44,3,lost,U,,Graduate Professional,Party Worker,incumbent,src-31c65dbec869
IN-PC-2008-jammu-and-kashmir-1,jammu-and-kashmir,2019,3,ANANTNAG,SOFI YOUSUF,parties.IN.BJP,10225,8.19,4,forfeit,U,,Illiterate,,challenger,src-31c65dbec869
IN-PC-2008-jammu-and-kashmir-1,jammu-and-kashmir,2019,3,ANANTNAG,CH. ZAFFAR ALI,,1646,1.32,5,forfeit,U,,8th Pass,Real Estate or Builder or Developer or Construction,challenger,src-31c65dbec869
IN-PC-2008-jammu-and-kashmir-1,jammu-and-kashmir,2019,3,ANANTNAG,GH. MOHD. WANI,parties.IN.IND,1369,1.1,6,forfeit,U,,12th Pass,,challenger,src-31c65dbec869
IN-PC-2008-jammu-and-kashmir-1,jammu-and-kashmir,2019,3,ANANTNAG,KYASIR AHMAD SHEIKH,parties.IN.IND,847,0.68,8,forfeit,U,,Graduate,,challenger,src-31c65dbec869
IN-PC-2008-jammu-and-kashmir-1,jammu-and-kashmir,2019,3,ANANTNAG,ALI MOHAMMAD WANI,parties.IN.IND,814,0.65,9,forfeit,U,,Graduate,,challenger,src-31c65dbec869
IN-PC-2008-jammu-and-kashmir-1,jammu-and-kashmir,2019,3,ANANTNAG,SHAMS KHWAJA,parties.IN.IND,760,0.61,10,forfeit,U,,Post Graduate,Lawyer,challenger,src-31c65dbec869
IN-PC-2008-jammu-and-kashmir-1,jammu-and-kashmir,2019,3,ANANTNAG,SANJAY KUMAR DHAR,parties.IN.MANPA,677,0.54,11,forfeit,U,,12th Pass,,challenger,src-31c65dbec869
IN-PC-2008-jammu-and-kashmir-1,jammu-and-kashmir,2019,3,ANANTNAG,MANZOOR AHMAD KHAN,parties.IN.IND,604,0.48,12,forfeit,U,,8th Pass,,challenger,src-31c65dbec869
IN-PC-2008-jammu-and-kashmir-1,jammu-and-kashmir,2019,3,ANANTNAG,NISAR AHMAD WANI,parties.IN.JKNPP,589,0.47,13,forfeit,U,,10th Pass,Agricultural Business,challenger,src-31c65dbec869
IN-PC-2008-jammu-and-kashmir-1,jammu-and-kashmir,2019,3,ANANTNAG,ZUBAIR MASOODI,parties.IN.IND,547,0.44,14,forfeit,U,,12th Pass,,challenger,src-31c65dbec869
IN-PC-2008-jammu-and-kashmir-1,jammu-and-kashmir,2019,3,ANANTNAG,RIDWANA SANAM,parties.IN.IND,455,0.36,15,forfeit,U,,Graduate Professional,Doctor,challenger,src-31c65dbec869
IN-PC-2008-jammu-and-kashmir-1,jammu-and-kashmir,2019,3,ANANTNAG,MIRZA SAJAD HUSSAIN BEIGH,parties.IN.IND,425,0.34,16,forfeit,U,,Graduate,,challenger,src-31c65dbec869
IN-PC-2008-jammu-and-kashmir-1,jammu-and-kashmir,2019,3,ANANTNAG,IMTIYAZ AHMAD RATHER,parties.IN.IND,382,0.31,17,forfeit,U,,Post Graduate,,challenger,src-31c65dbec869
IN-PC-2008-jammu-and-kashmir-1,jammu-and-kashmir,2019,3,ANANTNAG,SURINDER SINGH,,217,0.17,18,forfeit,U,,Graduate,,challenger,src-31c65dbec869
IN-PC-2008-jammu-and-kashmir-1,jammu-and-kashmir,2019,3,ANANTNAG,RIYAZ AHMAD BHAT,parties.IN.IND,194,0.16,19,forfeit,U,,10th Pass,,challenger,src-31c65dbec869
IN-PC-2008-jammu-and-kashmir-6,jammu-and-kashmir,2019,5,UDHAMPUR,DR. JITENDRA SINGH,parties.IN.BJP,724311,61.38,1,won,U,,Post Graduate,,incumbent,src-31c65dbec869
IN-PC-2008-jammu-and-kashmir-6,jammu-and-kashmir,2019,5,UDHAMPUR,VIKRAMADITYA SINGH,parties.IN.INC,367059,31.1,2,lost,U,,Others,Party Worker,challenger,src-31c65dbec869
IN-PC-2008-jammu-and-kashmir-6,jammu-and-kashmir,2019,5,UDHAMPUR,HARSH DEV SINGH,parties.IN.JKNPP,24319,2.06,3,forfeit,U,,Post Graduate,Lawyer,challenger,src-31c65dbec869
IN-PC-2008-jammu-and-kashmir-6,jammu-and-kashmir,2019,5,UDHAMPUR,LAL SINGH,,19049,1.61,4,forfeit,U,,Graduate,,challenger,src-31c65dbec869
IN-PC-2008-jammu-and-kashmir-6,jammu-and-kashmir,2019,5,UDHAMPUR,TILAK RAJ BHAGAT,parties.IN.BSP,16601,1.41,5,forfeit,U,,Graduate Professional,Ex Govt Employee,challenger,src-31c65dbec869
IN-PC-2008-jammu-and-kashmir-6,jammu-and-kashmir,2019,5,UDHAMPUR,FIRDOUS AHMED BAWANI,parties.IN.IND,5543,0.47,7,forfeit,U,,,,challenger,src-31c65dbec869
IN-PC-2008-jammu-and-kashmir-6,jammu-and-kashmir,2019,5,UDHAMPUR,GARIB SINGH,parties.IN.IND,4984,0.42,8,forfeit,U,,10th Pass,,challenger,src-31c65dbec869
IN-PC-2008-jammu-and-kashmir-6,jammu-and-kashmir,2019,5,UDHAMPUR,SHABER AHMED,parties.IN.IND,4442,0.38,9,forfeit,U,,Graduate,,challenger,src-31c65dbec869
IN-PC-2008-jammu-and-kashmir-6,jammu-and-kashmir,2019,5,UDHAMPUR,MOHD AYUB,,1673,0.14,10,forfeit,U,,Graduate,Contractor,challenger,src-31c65dbec869
IN-PC-2008-jammu-and-kashmir-6,jammu-and-kashmir,2019,5,UDHAMPUR,MEENAKSHI,parties.IN.SHS,1660,0.14,11,forfeit,U,,Graduate,Household,challenger,src-31c65dbec869
IN-PC-2008-jammu-and-kashmir-6,jammu-and-kashmir,2019,5,UDHAMPUR,RAKESH MUDGAL,parties.IN.IND,1607,0.14,12,forfeit,U,,Graduate Professional,Lawyer,challenger,src-31c65dbec869
IN-PC-2008-jammu-and-kashmir-6,jammu-and-kashmir,2019,5,UDHAMPUR,BANSI LAL,parties.IN.IND,1307,0.11,13,forfeit,U,,8th Pass,,challenger,src-31c65dbec869
IN-PC-2008-jammu-and-kashmir-3,jammu-and-kashmir,2019,6,JAMMU,Jugal Kishore,parties.IN.BJP,858066,58.02,1,won,U,,10th Pass,,incumbent,src-31c65dbec869
IN-PC-2008-jammu-and-kashmir-3,jammu-and-kashmir,2019,6,JAMMU,Raman Bhalla,parties.IN.INC,555191,37.54,2,lost,U,,Graduate Professional,Lawyer,challenger,src-31c65dbec869
IN-PC-2008-jammu-and-kashmir-3,jammu-and-kashmir,2019,6,JAMMU,Badri Nath,parties.IN.BSP,14276,0.97,3,forfeit,U,,10th Pass,,challenger,src-31c65dbec869
IN-PC-2008-jammu-and-kashmir-3,jammu-and-kashmir,2019,6,JAMMU,Lal Singh,,7539,0.51,4,forfeit,U,,Graduate,,challenger,src-31c65dbec869
IN-PC-2008-jammu-and-kashmir-3,jammu-and-kashmir,2019,6,JAMMU,Prof. Bhim Singh,parties.IN.JKNPP,4016,0.27,5,forfeit,U,,Post Graduate,Lawyer,challenger,src-31c65dbec869
IN-PC-2008-jammu-and-kashmir-3,jammu-and-kashmir,2019,6,JAMMU,Javaid Ahmed,parties.IN.AIFB,3866,0.26,6,forfeit,U,,12th Pass,,challenger,src-31c65dbec869
IN-PC-2008-jammu-and-kashmir-3,jammu-and-kashmir,2019,6,JAMMU,Subash Chander,parties.IN.IND,3739,0.25,7,forfeit,U,,8th Pass,,challenger,src-31c65dbec869
IN-PC-2008-jammu-and-kashmir-3,jammu-and-kashmir,2019,6,JAMMU,Satish Poonchi,parties.IN.IND,3077,0.21,8,forfeit,U,,10th Pass,Journalist or Editor,challenger,src-31c65dbec869
IN-PC-2008-jammu-and-kashmir-3,jammu-and-kashmir,2019,6,JAMMU,Er. Ghulam Mustafa Chowdhary,parties.IN.IND,2745,0.19,9,forfeit,U,,Others,,challenger,src-31c65dbec869
IN-PC-2008-jammu-and-kashmir-3,jammu-and-kashmir,2019,6,JAMMU,Perseen Singh,parties.IN.IND,2612,0.18,11,forfeit,U,,12th Pass,Journalist or Editor,challenger,src-31c65dbec869
IN-PC-2008-jammu-and-kashmir-3,jammu-and-kashmir,2019,6,JAMMU,Tarseem Lal Khullar,parties.IN.IND,2384,0.16,12,forfeit,U,,10th Pass,Ex Civil Service,challenger,src-31c65dbec869
IN-PC-2008-jammu-and-kashmir-3,jammu-and-kashmir,2019,6,JAMMU,Balwan Singh,parties.IN.IND,2194,0.15,13,forfeit,U,,8th Pass,Ex Military,challenger,src-31c65dbec869
IN-PC-2008-jammu-and-kashmir-3,jammu-and-kashmir,2019,6,JAMMU,Anil Singh,parties.IN.IND,2131,0.14,14,forfeit,U,,Graduate Professional,Journalist or Editor,challenger,src-31c65dbec869
IN-PC-2008-jammu-and-kashmir-3,jammu-and-kashmir,2019,6,JAMMU,Syed Aqib Hussain,,1723,0.12,15,forfeit,U,,Graduate Professional,Lawyer,challenger,src-31c65dbec869
IN-PC-2008-jammu-and-kashmir-3,jammu-and-kashmir,2019,6,JAMMU,Mohd Younis,,1612,0.11,16,forfeit,U,,Graduate Professional,Lawyer,challenger,src-31c65dbec869
IN-PC-2008-jammu-and-kashmir-3,jammu-and-kashmir,2019,6,JAMMU,Syed Zeshan Haider,parties.IN.IND,1582,0.11,17,forfeit,U,,12th Pass,Self-employed,challenger,src-31c65dbec869
IN-PC-2008-jammu-and-kashmir-3,jammu-and-kashmir,2019,6,JAMMU,Sakander Ahmad Nourani,parties.IN.IND,1428,0.1,18,forfeit,U,,Post Graduate,,challenger,src-31c65dbec869
IN-PC-2008-jammu-and-kashmir-3,jammu-and-kashmir,2019,6,JAMMU,Sushil Kumar,parties.IN.HND,1281,0.09,19,forfeit,U,,Graduate,,challenger,src-31c65dbec869
IN-PC-2008-jammu-and-kashmir-3,jammu-and-kashmir,2019,6,JAMMU,Rajiv Chuni,parties.IN.IND,1269,0.09,20,forfeit,U,,10th Pass,,challenger,src-31c65dbec869
IN-PC-2008-jammu-and-kashmir-3,jammu-and-kashmir,2019,6,JAMMU,Bahadur,parties.IN.IND,1201,0.08,21,forfeit,U,,10th Pass,,challenger,src-31c65dbec869
IN-PC-2008-jammu-and-kashmir-3,jammu-and-kashmir,2019,6,JAMMU,Manish Sahni,parties.IN.SHS,1192,0.08,22,forfeit,U,,Graduate,,challenger,src-31c65dbec869
IN-PC-2008-jammu-and-kashmir-3,jammu-and-kashmir,2019,6,JAMMU,Gursagar Singh,,1103,0.07,23,forfeit,U,,12th Pass,,crossover,src-31c65dbec869
IN-PC-2008-jammu-and-kashmir-3,jammu-and-kashmir,2019,6,JAMMU,Shazad Shabnam,parties.IN.IND,1009,0.07,24,forfeit,U,,10th Pass,Contractor,challenger,src-31c65dbec869
IN-PC-2008-jammu-and-kashmir-3,jammu-and-kashmir,2019,6,JAMMU,Ajay Kumar,parties.IN.IND,941,0.06,25,forfeit,U,,Post Graduate,Lawyer,challenger,src-31c65dbec869
IN-PC-2008-jharkhand-270,jharkhand,2019,1,RAJMAHAL,VIJAY KUMAR HANSDAK,parties.IN.JMM,507830,48.47,1,won,U,,10th Pass,,incumbent,src-31c65dbec869
IN-PC-2008-jharkhand-270,jharkhand,2019,1,RAJMAHAL,HEMLAL MURMU,parties.IN.BJP,408635,39,2,lost,U,,Graduate,Party Worker,challenger,src-31c65dbec869
IN-PC-2008-jharkhand-270,jharkhand,2019,1,RAJMAHAL,GOPIN SOREN,,35586,3.4,3,forfeit,U,,Graduate,,challenger,src-31c65dbec869
IN-PC-2008-jharkhand-270,jharkhand,2019,1,RAJMAHAL,MONIKA KISKU,parties.IN.AITC,17427,1.66,4,forfeit,U,,Graduate,,challenger,src-31c65dbec869
IN-PC-2008-jharkhand-270,jharkhand,2019,1,RAJMAHAL,MANDAL HANSDA,parties.IN.IND,12130,1.16,6,forfeit,U,,12th Pass,Ex Civil Service,challenger,src-31c65dbec869
IN-PC-2008-jharkhand-270,jharkhand,2019,1,RAJMAHAL,BAIDHNATH PAHADIYA,parties.IN.BSP,10374,0.99,7,forfeit,U,,8th Pass,,challenger,src-31c65dbec869
IN-PC-2008-jharkhand-270,jharkhand,2019,1,RAJMAHAL,MAHENDRA HANSDA,parties.IN.IND,9077,0.87,8,forfeit,U,,10th Pass,Self-employed,challenger,src-31c65dbec869
IN-PC-2008-jharkhand-270,jharkhand,2019,1,RAJMAHAL,MANGAL MARANDI,parties.IN.IND,8234,0.79,9,forfeit,U,,5th Pass,,challenger,src-31c65dbec869
IN-PC-2008-jharkhand-270,jharkhand,2019,1,RAJMAHAL,NEERAJ HEMBROM,parties.IN.AIFB,7543,0.72,10,forfeit,U,,Graduate,,challenger,src-31c65dbec869
IN-PC-2008-jharkhand-270,jharkhand,2019,1,RAJMAHAL,MAHESH PAHADIYA,parties.IN.IND,4928,0.47,11,forfeit,U,,Literate,,challenger,src-31c65dbec869
IN-PC-2008-jharkhand-270,jharkhand,2019,1,RAJMAHAL,BARNAD HEMBROM,parties.IN.IND,4254,0.41,12,forfeit,U,,Graduate Professional,Self-employed,challenger,src-31c65dbec869
IN-PC-2008-jharkhand-270,jharkhand,2019,1,RAJMAHAL,CHRISTOPHER MURMU,parties.IN.IND,3005,0.29,13,forfeit,U,,12th Pass,,challenger,src-31c65dbec869
IN-PC-2008-jharkhand-270,jharkhand,2019,1,RAJMAHAL,MARY NISHA HANSDAK,parties.IN.BMUP,2948,0.28,14,forfeit,U,,12th Pass,,challenger,src-31c65dbec869
IN-PC-2008-jharkhand-270,jharkhand,2019,1,RAJMAHAL,MAHASHAY TUDU,parties.IN.HND,2767,0.26,15,forfeit,U,,8th Pass,,challenger,src-31c65dbec869
IN-PC-2008-jharkhand-261,jharkhand,2019,2,DUMKA,SUNIL SOREN,parties.IN.BJP,484923,47.26,1,won,U,,12th Pass,,challenger,src-31c65dbec869
IN-PC-2008-jharkhand-261,jharkhand,2019,2,DUMKA,SHIBU SOREN,parties.IN.JMM,437333,42.63,2,lost,U,,10th Pass,MLA,incumbent,src-31c65dbec869
IN-PC-2008-jharkhand-261,jharkhand,2019,2,DUMKA,DR. SHRILAL KISKU,parties.IN.IND,16562,1.61,3,forfeit,U,,Graduate Professional,,challenger,src-31c65dbec869
IN-PC-2008-jharkhand-261,jharkhand,2019,2,DUMKA,SENAPATI MURMU,parties.IN.CPI,16157,1.57,4,forfeit,U,,10th Pass,,challenger,src-31c65dbec869
IN-PC-2008-jharkhand-261,jharkhand,2019,2,DUMKA,ARJUN PUJHAR,parties.IN.AITC,13104,1.28,6,forfeit,U,,10th Pass,Panchayat Member,crossover,src-31c65dbec869
IN-PC-2008-jharkhand-261,jharkhand,2019,2,DUMKA,SAMUEL TUDU,parties.IN.IND,12609,1.23,7,forfeit,U,,8th Pass,,challenger,src-31c65dbec869
IN-PC-2008-jharkhand-261,jharkhand,2019,2,DUMKA,RAJESH BESRA,parties.IN.IND,5882,0.57,8,forfeit,U,,Graduate,,challenger,src-31c65dbec869
IN-PC-2008-jharkhand-261,jharkhand,2019,2,DUMKA,THAKUROON SOREN,parties.IN.IND,5571,0.54,9,forfeit,U,,5th Pass,,challenger,src-31c65dbec869
IN-PC-2008-jharkhand-261,jharkhand,2019,2,DUMKA,RASKA SOREN,parties.IN.IND,5135,0.5,10,forfeit,U,,8th Pass,,challenger,src-31c65dbec869
IN-PC-2008-jharkhand-261,jharkhand,2019,2,DUMKA,STEPHAN BESRA,parties.IN.BSP,3273,0.32,11,forfeit,U,,10th Pass,,challenger,src-31c65dbec869
IN-PC-2008-jharkhand-261,jharkhand,2019,2,DUMKA,RAMESH TUDU,parties.IN.IND,2579,0.25,12,forfeit,U,,10th Pass,,challenger,src-31c65dbec869
IN-PC-2008-jharkhand-261,jharkhand,2019,2,DUMKA,PROBINA MURMU,parties.IN.IND,2230,0.22,13,forfeit,U,,10th Pass,,challenger,src-31c65dbec869
IN-PC-2008-jharkhand-261,jharkhand,2019,2,DUMKA,MOHRIL MURMU,parties.IN.IND,2213,0.22,14,forfeit,U,,Graduate Professional,Lawyer,challenger,src-31c65dbec869
IN-PC-2008-jharkhand-261,jharkhand,2019,2,DUMKA,BAGHRAI SOREN,parties.IN.IND,2075,0.2,15,forfeit,U,,Graduate Professional,Lawyer,challenger,src-31c65dbec869
IN-PC-2008-jharkhand-261,jharkhand,2019,2,DUMKA,SATISH SOREN,,1926,0.19,16,forfeit,U,,Graduate,,challenger,src-31c65dbec869
IN-PC-2008-jharkhand-263,jharkhand,2019,3,GODDA,Nishikant Dubey,parties.IN.BJP,637610,53.4,1,won,U,,Doctorate,MLA,incumbent,src-31c65dbec869
IN-PC-2008-jharkhand-263,jharkhand,2019,3,GODDA,Pradeep Yadav,parties.IN.JVM,453383,37.97,2,lost,U,,Graduate,Party Worker,challenger,src-31c65dbec869
IN-PC-2008-jharkhand-263,jharkhand,2019,3,GODDA,Zaffar Obaid,parties.IN.BSP,17583,1.47,4,forfeit,U,,Doctorate,Self-employed,challenger,src-31c65dbec869
IN-PC-2008-jharkhand-263,jharkhand,2019,3,GODDA,K. Rangaiah,parties.IN.IND,16456,1.38,5,forfeit,U,,Post Graduate,,challenger,src-31c65dbec869
IN-PC-2008-jharkhand-263,jharkhand,2019,3,GODDA,Birendra Kumar,parties.IN.IND,13613,1.14,6,forfeit,U,,Post Graduate,,challenger,src-31c65dbec869
IN-PC-2008-jharkhand-263,jharkhand,2019,3,GODDA,Mahesh Kumar Suman,parties.IN.IND,10354,0.87,7,forfeit,U,,Post Graduate,Lawyer,challenger,src-31c65dbec869
IN-PC-2008-jharkhand-263,jharkhand,2019,3,GODDA,Asha Makade,parties.IN.PSPU,6580,0.55,8,forfeit,U,,Doctorate,Qualified Professional,challenger,src-31c65dbec869
IN-PC-2008-jharkhand-263,jharkhand,2019,3,GODDA,Madhusudan Ray,parties.IN.IND,6301,0.53,9,forfeit,U,,10th Pass,,challenger,src-31c65dbec869
IN-PC-2008-jharkhand-263,jharkhand,2019,3,GODDA,Bajrangi Mahtha,parties.IN.BMUP,3023,0.25,10,forfeit,U,,,,challenger,src-31c65dbec869
IN-PC-2008-jharkhand-263,jharkhand,2019,3,GODDA,Jitendra Kumar Barnwal,parties.IN.IND,2982,0.25,11,forfeit,U,,12th Pass,Insurance Agent,challenger,src-31c65dbec869
IN-PC-2008-jharkhand-263,jharkhand,2019,3,GODDA,Murari Kapri,,2627,0.22,12,forfeit,U,,8th Pass,Contractor,challenger,src-31c65dbec869
IN-PC-2008-jharkhand-263,jharkhand,2019,3,GODDA,Anup Kumar Sinha,parties.IN.IND,2534,0.21,13,forfeit,U,,Graduate,,challenger,src-31c65dbec869
IN-PC-2008-jharkhand-263,jharkhand,2019,3,GODDA,Noor Hassan,,2307,0.19,14,forfeit,U,,Graduate,Journalist or Editor,challenger,src-31c65dbec869
IN-PC-2008-jharkhand-259,jharkhand,2019,4,CHATRA,SUNIL KUMAR SINGH,parties.IN.BJP,528077,57.03,1,won,U,,Post Graduate,Qualified Professional,incumbent,src-31c65dbec869
IN-PC-2008-jharkhand-259,jharkhand,2019,4,CHATRA,MANOJ KUMAR YADAV,parties.IN.INC,150206,16.22,2,forfeit,U,,Graduate,,challenger,src-31c65dbec869
IN-PC-2008-jharkhand-259,jharkhand,2019,4,CHATRA,SUBHASH PRASAD YADAV,parties.IN.RJD,83425,9.01,3,forfeit,U,,Graduate,,challenger,src-31c65dbec869
IN-PC-2008-jharkhand-259,jharkhand,2019,4,CHATRA,ARJUN KUMAR,parties.IN.CPI,22577,2.44,4,forfeit,U,,10th Pass,,challenger,src-31c65dbec869
IN-PC-2008-jharkhand-259,jharkhand,2019,4,CHATRA,NAGESHWAR GANJHU,parties.IN.BSP,18888,2.04,5,forfeit,U,,Literate,,challenger,src-31c65dbec869
IN-PC-2008-jharkhand-259,jharkhand,2019,4,CHATRA,NANDLAL PRASAD,parties.IN.IND,15859,1.71,6,forfeit,U,,Graduate,,challenger,src-31c65dbec869
IN-PC-2008-jharkhand-259,jharkhand,2019,4,CHATRA,JAIDULA ANSARI,parties.IN.IND,13090,1.41,7,forfeit,U,,Literate,,challenger,src-31c65dbec869
IN-PC-2008-jharkhand-259,jharkhand,2019,4,CHATRA,RAJENDRA SAHU,parties.IN.IND,11224,1.21,8,forfeit,U,,10th Pass,,challenger,src-31c65dbec869
IN-PC-2008-jharkhand-259,jharkhand,2019,4,CHATRA,BAGENDRA RAM,parties.IN.IND,8256,0.89,10,forfeit,U,,8th Pass,,challenger,src-31c65dbec869
IN-PC-2008-jharkhand-259,jharkhand,2019,4,CHATRA,ARUN KUMAR YADAV,parties.IN.IND,7227,0.78,11,forfeit,U,,Graduate,,challenger,src-31c65dbec869
IN-PC-2008-jharkhand-259,jharkhand,2019,4,CHATRA,DULESHWAR SAW,parties.IN.IND,6362,0.69,12,forfeit,U,,8th Pass,,challenger,src-31c65dbec869
IN-PC-2008-jharkhand-259,jharkhand,2019,4,CHATRA,RAMESHI RAM,parties.IN.IND,6089,0.66,13,forfeit,U,,Graduate,Retired Teacher,challenger,src-31c65dbec869
IN-PC-2008-jharkhand-259,jharkhand,2019,4,CHATRA,ASHUTOSH KUMAR,,4483,0.48,14,forfeit,U,,10th Pass,,challenger,src-31c65dbec869
IN-PC-2008-jharkhand-259,jharkhand,2019,4,CHATRA,NANDLAL PRASAD KESHARI,parties.IN.IND,4111,0.44,15,forfeit,U,,10th Pass,,challenger,src-31c65dbec869
IN-PC-2008-jharkhand-259,jharkhand,2019,4,CHATRA,YOGENDRA YADAV,parties.IN.IND,3887,0.42,16,forfeit,U,,Graduate Professional,Lawyer,challenger,src-31c65dbec869
IN-PC-2008-jharkhand-259,jharkhand,2019,4,CHATRA,DHANANJAY KUMAR,parties.IN.IND,3856,0.42,17,forfeit,U,,10th Pass,,challenger,src-31c65dbec869
IN-PC-2008-jharkhand-259,jharkhand,2019,4,CHATRA,SAGAR RAM,parties.IN.ABHM,3845,0.42,18,forfeit,U,,Illiterate,,challenger,src-31c65dbec869
IN-PC-2008-jharkhand-259,jharkhand,2019,4,CHATRA,AYUB KHAN,parties.IN.IND,3828,0.41,19,forfeit,U,,,,challenger,src-31c65dbec869
IN-PC-2008-jharkhand-259,jharkhand,2019,4,CHATRA,BHAGALPURI YADAV,parties.IN.IND,3732,0.4,20,forfeit,U,,Literate,,challenger,src-31c65dbec869
IN-PC-2008-jharkhand-259,jharkhand,2019,4,CHATRA,PRAMOD TOPPO,parties.IN.IND,3288,0.36,21,forfeit,U,,Post Graduate,,challenger,src-31c65dbec869
IN-PC-2008-jharkhand-259,jharkhand,2019,4,CHATRA,ABDUL RAJAK ANSARI,parties.IN.IND,3218,0.35,22,forfeit,U,,,,challenger,src-31c65dbec869
IN-PC-2008-jharkhand-259,jharkhand,2019,4,CHATRA,SHAUKAT ALI,parties.IN.IND,2988,0.32,23,forfeit,U,,8th Pass,,challenger,src-31c65dbec869
IN-PC-2008-jharkhand-259,jharkhand,2019,4,CHATRA,PANKAJ RANJAN,,2761,0.3,24,forfeit,U,,12th Pass,Shop Keeper,challenger,src-31c65dbec869
IN-PC-2008-jharkhand-259,jharkhand,2019,4,CHATRA,RAMANAND DAS,,2701,0.29,25,forfeit,U,,Graduate,,challenger,src-31c65dbec869
IN-PC-2008-jharkhand-259,jharkhand,2019,4,CHATRA,MANOJ KUMAR PANDEY,parties.IN.IND,2052,0.22,26,forfeit,U,,Post Graduate,College Professor or Lecturer,challenger,src-31c65dbec869
IN-PC-2008-jharkhand-259,jharkhand,2019,4,CHATRA,PAWAN KUMAR,parties.IN.IND,1595,0.17,27,forfeit,U,,,,challenger,src-31c65dbec869
IN-PC-2008-jharkhand-267,jharkhand,2019,5,KODARMA,ANNPURNA DEVI,parties.IN.BJP,753016,62.26,1,won,U,,Post Graduate,,challenger,src-31c65dbec869
IN-PC-2008-jharkhand-267,jharkhand,2019,5,KODARMA,BABU LAL MARANDI,parties.IN.JVM,297416,24.59,2,lost,U,,Graduate,Party Worker,challenger,src-31c65dbec869
IN-PC-2008-jharkhand-267,jharkhand,2019,5,KODARMA,RAJ KUMAR YADAV,,68207,5.64,3,forfeit,U,,10th Pass,Party Worker,crossover,src-31c65dbec869
IN-PC-2008-jharkhand-267,jharkhand,2019,5,KODARMA,KANCHAN KUMARI,parties.IN.AITC,14119,1.17,5,forfeit,U,,Graduate,,challenger,src-31c65dbec869
IN-PC-2008-jharkhand-267,jharkhand,2019,5,KODARMA,MD. MAHBOOB ALAM,parties.IN.IND,9421,0.78,6,forfeit,U,,Literate,,challenger,src-31c65dbec869
IN-PC-2008-jharkhand-267,jharkhand,2019,5,KODARMA,SARFARAJ AHMAD,parties.IN.BSP,6359,0.53,7,forfeit,U,,12th Pass,,challenger,src-31c65dbec869
IN-PC-2008-jharkhand-267,jharkhand,2019,5,KODARMA,PRADIP TURI,parties.IN.IND,6207,0.51,8,forfeit,U,,8th Pass,,challenger,src-31c65dbec869
IN-PC-2008-jharkhand-267,jharkhand,2019,5,KODARMA,RAMESHWAR PRASAD YADAV,parties.IN.IND,6156,0.51,9,forfeit,U,,Post Graduate,,challenger,src-31c65dbec869
IN-PC-2008-jharkhand-267,jharkhand,2019,5,KODARMA,SHIVNATH SAW,parties.IN.AIFB,4060,0.34,10,forfeit,U,,10th Pass,,challenger,src-31c65dbec869
IN-PC-2008-jharkhand-267,jharkhand,2019,5,KODARMA,AVADHESH KUMAR SINGH,,3265,0.27,11,forfeit,U,,Graduate Professional,Lawyer,challenger,src-31c65dbec869
IN-PC-2008-jharkhand-267,jharkhand,2019,5,KODARMA,BAYAS KUMAR,,3254,0.27,12,forfeit,U,,Graduate,Household,challenger,src-31c65dbec869
IN-PC-2008-jharkhand-267,jharkhand,2019,5,KODARMA,AJAY KRISHNA,,2496,0.21,13,forfeit,U,,12th Pass,,challenger,src-31c65dbec869
IN-PC-2008-jharkhand-267,jharkhand,2019,5,KODARMA,TUKLAL NAYAK,parties.IN.HND,2220,0.18,14,forfeit,U,,Post Graduate,,challenger,src-31c65dbec869
IN-PC-2008-jharkhand-267,jharkhand,2019,5,KODARMA,DAYANAND KUMAR,parties.IN.JAC,2181,0.18,15,forfeit,U,,12th Pass,,challenger,src-31c65dbec869
IN-PC-2008-jharkhand-262,jharkhand,2019,6,GIRIDIH,Chandra Prakash Choudhary,parties.IN.AJSUP,648277,58.57,1,won,U,,Graduate,Party Worker,challenger,src-31c65dbec869
IN-PC-2008-jharkhand-262,jharkhand,2019,6,GIRIDIH,Jagarnath Mahto,parties.IN.JMM,399930,36.13,2,lost,U,,10th Pass,,challenger,src-31c65dbec869
IN-PC-2008-jharkhand-262,jharkhand,2019,6,GIRIDIH,Rasul Baksh,parties.IN.BSP,10061,0.91,4,forfeit,U,,Literate,Ex Civil Service,challenger,src-31c65dbec869
IN-PC-2008-jharkhand-262,jharkhand,2019,6,GIRIDIH,Sunita Tudu,parties.IN.IND,9077,0.82,5,forfeit,U,,Graduate Professional,Lawyer,challenger,src-31c65dbec869
IN-PC-2008-jharkhand-262,jharkhand,2019,6,GIRIDIH,Simmi Suman,parties.IN.IND,4173,0.38,6,forfeit,U,,Post Graduate,Home Teacher or Tuition,challenger,src-31c65dbec869
IN-PC-2008-jharkhand-262,jharkhand,2019,6,GIRIDIH,Sanjeev Kumar Mahato,parties.IN.IND,2217,0.2,7,forfeit,U,,12th Pass,,challenger,src-31c65dbec869
IN-PC-2008-jharkhand-262,jharkhand,2019,6,GIRIDIH,Amit Jani,,2051,0.19,8,forfeit,U,,Graduate Professional,,challenger,src-31c65dbec869
IN-PC-2008-jharkhand-262,jharkhand,2019,6,GIRIDIH,Dwaraka Prasad Lala,parties.IN.RPIA,1896,0.17,9,forfeit,U,,10th Pass,,challenger,src-31c65dbec869
IN-PC-2008-jharkhand-262,jharkhand,2019,6,GIRIDIH,Rajendra Dasaundhi,parties.IN.IND,1667,0.15,10,forfeit,U,,Graduate,,challenger,src-31c65dbec869
IN-PC-2008-jharkhand-262,jharkhand,2019,6,GIRIDIH,Chandra Deo Prasad,parties.IN.AHNP,1650,0.15,11,forfeit,U,,Post Graduate,,challenger,src-31c65dbec869
IN-PC-2008-jharkhand-262,jharkhand,2019,6,GIRIDIH,Sohrab Shah,parties.IN.BMUP,1448,0.13,12,forfeit,U,,Literate,,challenger,src-31c65dbec869
IN-PC-2008-jharkhand-262,jharkhand,2019,6,GIRIDIH,Madhu Sudan,,1244,0.11,13,forfeit,U,,10th Pass,,challenger,src-31c65dbec869
IN-PC-2008-jharkhand-262,jharkhand,2019,6,GIRIDIH,Jogeshwar Thakur,,1225,0.11,14,forfeit,U,,Graduate,,challenger,src-31c65dbec869
IN-PC-2008-jharkhand-262,jharkhand,2019,6,GIRIDIH,Shibu Singh,parties.IN.BMFP,1206,0.11,15,forfeit,U,,Graduate,,challenger,src-31c65dbec869
IN-PC-2008-jharkhand-262,jharkhand,2019,6,GIRIDIH,Ahmad Ansari,,1088,0.1,16,forfeit,U,,Literate,,challenger,src-31c65dbec869
IN-PC-2008-jharkhand-260,jharkhand,2019,7,DHANBAD,PASHUPATI NATH SINGH,parties.IN.BJP,827234,66.03,1,won,U,,Graduate,Party Worker,incumbent,src-31c65dbec869
IN-PC-2008-jharkhand-260,jharkhand,2019,7,DHANBAD,KIRTI AZAD,parties.IN.INC,341040,27.22,2,lost,U,,Graduate,,incumbent,src-31c65dbec869
IN-PC-2008-jharkhand-260,jharkhand,2019,7,DHANBAD,RAJESH KUMAR SINGH,parties.IN.IND,11110,0.89,3,forfeit,U,,Graduate,Rent,challenger,src-31c65dbec869
IN-PC-2008-jharkhand-260,jharkhand,2019,7,DHANBAD,LAKSHMI DEVI,parties.IN.IND,10876,0.87,4,forfeit,U,,Literate,Household,challenger,src-31c65dbec869
IN-PC-2008-jharkhand-260,jharkhand,2019,7,DHANBAD,SIDDHARTH GAUTAM,parties.IN.IND,9492,0.76,5,forfeit,U,,10th Pass,Contractor,challenger,src-31c65dbec869
IN-PC-2008-jharkhand-260,jharkhand,2019,7,DHANBAD,MADHVI SINGH,parties.IN.AITC,8235,0.66,6,forfeit,U,,8th Pass,,challenger,src-31c65dbec869
IN-PC-2008-jharkhand-260,jharkhand,2019,7,DHANBAD,SUDHIR KUMAR MAHATO,parties.IN.BMUP,7495,0.6,7,forfeit,U,,Graduate Professional,Ex Govt Employee,challenger,src-31c65dbec869
IN-PC-2008-jharkhand-260,jharkhand,2019,7,DHANBAD,MEGHNATH RAWANI,parties.IN.BSP,4241,0.34,9,forfeit,U,,Graduate Professional,Lawyer,challenger,src-31c65dbec869
IN-PC-2008-jharkhand-260,jharkhand,2019,7,DHANBAD,BAMAPADA BAURI,parties.IN.IND,4135,0.33,10,forfeit,U,,Post Graduate,,challenger,src-31c65dbec869
IN-PC-2008-jharkhand-260,jharkhand,2019,7,DHANBAD,VARUN KUMAR,parties.IN.IND,4026,0.32,11,forfeit,U,,Graduate,Home Teacher or Tuition,challenger,src-31c65dbec869
IN-PC-2008-jharkhand-260,jharkhand,2019,7,DHANBAD,SANJAY PASWAN,parties.IN.IND,3762,0.3,12,forfeit,U,,8th Pass,,challenger,src-31c65dbec869
IN-PC-2008-jharkhand-260,jharkhand,2019,7,DHANBAD,MIHIR CHANDRA MAHATO,parties.IN.APOI,3004,0.24,13,forfeit,U,,12th Pass,,challenger,src-31c65dbec869
IN-PC-2008-jharkhand-260,jharkhand,2019,7,DHANBAD,DEEPAK KUMAR DAS,parties.IN.PPID,2194,0.18,14,forfeit,U,,12th Pass,Ex Civil Service,challenger,src-31c65dbec869
IN-PC-2008-jharkhand-260,jharkhand,2019,7,DHANBAD,PREM PRAKASH PASWAN,parties.IN.IND,2117,0.17,15,forfeit,U,,12th Pass,,challenger,src-31c65dbec869
IN-PC-2008-jharkhand-260,jharkhand,2019,7,DHANBAD,UMESH PASWAN,parties.IN.IND,1967,0.16,16,forfeit,U,,Literate,,challenger,src-31c65dbec869
IN-PC-2008-jharkhand-260,jharkhand,2019,7,DHANBAD,RAM LAL MAHTO,,1741,0.14,17,forfeit,U,,Graduate,,challenger,src-31c65dbec869
IN-PC-2008-jharkhand-260,jharkhand,2019,7,DHANBAD,HEERA LAL SHANKHAVAR,parties.IN.AIFB,1684,0.13,18,forfeit,U,,Post Graduate,,challenger,src-31c65dbec869
IN-PC-2008-jharkhand-260,jharkhand,2019,7,DHANBAD,MANTOSH KUMAR MANDAL,,1635,0.13,19,forfeit,U,,Post Graduate,Retired Teacher,challenger,src-31c65dbec869
IN-PC-2008-jharkhand-260,jharkhand,2019,7,DHANBAD,MERAJ KHAN,parties.IN.SP,1453,0.12,20,forfeit,U,,12th Pass,,challenger,src-31c65dbec869
IN-PC-2008-jharkhand-260,jharkhand,2019,7,DHANBAD,K.C.SINGH RAJ,parties.IN.IND,1030,0.08,21,forfeit,U,,Post Graduate,,challenger,src-31c65dbec869
IN-PC-2008-jharkhand-271,jharkhand,2019,8,RANCHI,SANJAY SETH,parties.IN.BJP,706510,57.21,1,won,U,,Graduate Professional,Industrialist,challenger,src-31c65dbec869
IN-PC-2008-jharkhand-271,jharkhand,2019,8,RANCHI,SUBODH KANT SAHAY,parties.IN.INC,423730,34.31,2,lost,U,,Graduate,Party Worker,challenger,src-31c65dbec869
IN-PC-2008-jharkhand-271,jharkhand,2019,8,RANCHI,RAM TAHAL CHOUDHARY,parties.IN.IND,29539,2.39,3,forfeit,U,,10th Pass,,incumbent,src-31c65dbec869
IN-PC-2008-jharkhand-271,jharkhand,2019,8,RANCHI,RAJU MAHTO,parties.IN.IND,9368,0.76,4,forfeit,U,,Graduate,Agricultural Business,challenger,src-31c65dbec869
IN-PC-2008-jharkhand-271,jharkhand,2019,8,RANCHI,BIDYADHAR PRASAD,parties.IN.BSP,8789,0.71,5,forfeit,U,,Post Graduate,Accountant,challenger,src-31c65dbec869
IN-PC-2008-jharkhand-271,jharkhand,2019,8,RANCHI,NAND KISHORE YADAV,parties.IN.IND,7796,0.63,6,forfeit,U,,10th Pass,Ex Judiciary,challenger,src-31c65dbec869
IN-PC-2008-jharkhand-271,jharkhand,2019,8,RANCHI,SUNITA MUNDA,parties.IN.APOI,6667,0.54,7,forfeit,U,,Post Graduate,,challenger,src-31c65dbec869
IN-PC-2008-jharkhand-271,jharkhand,2019,8,RANCHI,JITENDRA THAKUR,parties.IN.IND,6378,0.52,8,forfeit,U,,Others,Ex Military,challenger,src-31c65dbec869
IN-PC-2008-jharkhand-271,jharkhand,2019,8,RANCHI,AMAR KUMAR MAHTO,parties.IN.RPIA,5833,0.47,9,forfeit,U,,12th Pass,,challenger,src-31c65dbec869
IN-PC-2008-jharkhand-271,jharkhand,2019,8,RANCHI,RAJESH THAPA,parties.IN.IND,4435,0.36,10,forfeit,U,,10th Pass,,challenger,src-31c65dbec869
IN-PC-2008-jharkhand-271,jharkhand,2019,8,RANCHI,ANJANI PANDEY,parties.IN.IND,3584,0.29,12,forfeit,U,,Graduate Professional,,challenger,src-31c65dbec869
IN-PC-2008-jharkhand-271,jharkhand,2019,8,RANCHI,JAY PRAKASH PRASAD,parties.IN.IND,2830,0.23,13,forfeit,U,,12th Pass,,challenger,src-31c65dbec869
IN-PC-2008-jharkhand-271,jharkhand,2019,8,RANCHI,RAJESH KUMAR,parties.IN.IND,2651,0.21,14,forfeit,U,,8th Pass,,challenger,src-31c65dbec869
IN-PC-2008-jharkhand-271,jharkhand,2019,8,RANCHI,ALOK KUMAR,,2401,0.19,15,forfeit,U,,Graduate,,challenger,src-31c65dbec869
IN-PC-2008-jharkhand-271,jharkhand,2019,8,RANCHI,SIDHESHWAR SINGH,,2224,0.18,16,forfeit,U,,Literate,Activist,challenger,src-31c65dbec869
IN-PC-2008-jharkhand-271,jharkhand,2019,8,RANCHI,PARMESHWAR MAHTO,,2046,0.17,17,forfeit,U,,12th Pass,,challenger,src-31c65dbec869
IN-PC-2008-jharkhand-271,jharkhand,2019,8,RANCHI,RAMJIT MAHTO,,1503,0.12,18,forfeit,U,,Post Graduate,Yoga or Meditation Teacher,challenger,src-31c65dbec869
IN-PC-2008-jharkhand-271,jharkhand,2019,8,RANCHI,SATISH SINGH,parties.IN.IND,1472,0.12,19,forfeit,U,,Graduate Professional,,challenger,src-31c65dbec869
IN-PC-2008-jharkhand-271,jharkhand,2019,8,RANCHI,VIKAS CHANDRA SHARMA,,1403,0.11,20,forfeit,U,,Post Graduate,,challenger,src-31c65dbec869
IN-PC-2008-jharkhand-271,jharkhand,2019,8,RANCHI,RANJIT MAHTO,parties.IN.PPID,1388,0.11,21,forfeit,U,,Post Graduate,Lawyer,challenger,src-31c65dbec869
IN-PC-2008-jharkhand-265,jharkhand,2019,9,JAMSHEDPUR,Bidyut Baran Mahato,parties.IN.BJP,679632,59.4,1,won,U,,12th Pass,MP,incumbent,src-31c65dbec869
IN-PC-2008-jharkhand-265,jharkhand,2019,9,JAMSHEDPUR,Champai Soren,parties.IN.JMM,377542,33,2,lost,U,,10th Pass,,challenger,src-31c65dbec869
IN-PC-2008-jharkhand-265,jharkhand,2019,9,JAMSHEDPUR,Anjana Mahata,parties.IN.AITC,9542,0.83,3,forfeit,U,,Post Graduate,College Professor or Lecturer,challenger,src-31c65dbec869
IN-PC-2008-jharkhand-265,jharkhand,2019,9,JAMSHEDPUR,Surya Singh Besra,,9288,0.81,4,forfeit,U,,Post Graduate,Ex MLA,crossover,src-31c65dbec869
IN-PC-2008-jharkhand-265,jharkhand,2019,9,JAMSHEDPUR,Shekh Akhir Uddin,,7665,0.67,5,forfeit,U,,8th Pass,,challenger,src-31c65dbec869
IN-PC-2008-jharkhand-265,jharkhand,2019,9,JAMSHEDPUR,Angad Mahato,,6665,0.58,6,forfeit,U,,10th Pass,,challenger,src-31c65dbec869
IN-PC-2008-jharkhand-265,jharkhand,2019,9,JAMSHEDPUR,Sabita Kaivarto,parties.IN.AHNP,6272,0.55,7,forfeit,U,,12th Pass,Self-employed,challenger,src-31c65dbec869
IN-PC-2008-jharkhand-265,jharkhand,2019,9,JAMSHEDPUR,Subrat Kumar Pradhan,parties.IN.APOI,4850,0.42,9,forfeit,U,,Graduate Professional,Lawyer,challenger,src-31c65dbec869
IN-PC-2008-jharkhand-265,jharkhand,2019,9,JAMSHEDPUR,Ranjit Kumar Singh,,4630,0.4,10,forfeit,U,,Graduate,Qualified Professional,challenger,src-31c65dbec869
IN-PC-2008-jharkhand-265,jharkhand,2019,9,JAMSHEDPUR,Mubin Khan,parties.IN.IND,3969,0.35,11,forfeit,U,,12th Pass,,challenger,src-31c65dbec869
IN-PC-2008-jharkhand-265,jharkhand,2019,9,JAMSHEDPUR,Deepak Kumar Giri,parties.IN.IND,3518,0.31,12,forfeit,U,,12th Pass,,challenger,src-31c65dbec869
IN-PC-2008-jharkhand-265,jharkhand,2019,9,JAMSHEDPUR,Ashraf Hussain,parties.IN.BSP,3359,0.29,13,forfeit,U,,12th Pass,Distributors,challenger,src-31c65dbec869
IN-PC-2008-jharkhand-265,jharkhand,2019,9,JAMSHEDPUR,Rakesh Kumar,parties.IN.IND,3239,0.28,14,forfeit,U,,Graduate,,challenger,src-31c65dbec869
IN-PC-2008-jharkhand-265,jharkhand,2019,9,JAMSHEDPUR,Mahesh Kumar,parties.IN.RTORP,2481,0.22,15,forfeit,U,,Graduate Professional,Engineer,challenger,src-31c65dbec869
IN-PC-2008-jharkhand-265,jharkhand,2019,9,JAMSHEDPUR,Panmani Singh,,2471,0.22,16,forfeit,U,,Graduate,Retired Teacher,challenger,src-31c65dbec869
IN-PC-2008-jharkhand-265,jharkhand,2019,9,JAMSHEDPUR,Asit Kumar Singh,parties.IN.IND,2366,0.21,17,forfeit,U,,Graduate Professional,,challenger,src-31c65dbec869
IN-PC-2008-jharkhand-265,jharkhand,2019,9,JAMSHEDPUR,Malay Kumar Mahato,,1874,0.16,18,forfeit,U,,12th Pass,,challenger,src-31c65dbec869
IN-PC-2008-jharkhand-265,jharkhand,2019,9,JAMSHEDPUR,Asjadullah Imran,parties.IN.BHAPRAP,1789,0.16,19,forfeit,U,,12th Pass,Qualified Professional,challenger,src-31c65dbec869
IN-PC-2008-jharkhand-265,jharkhand,2019,9,JAMSHEDPUR,Chandra Shekhar Mahato,parties.IN.PPID,1587,0.14,20,forfeit,U,,Post Graduate,College Professor or Lecturer,challenger,src-31c65dbec869
IN-PC-2008-jharkhand-265,jharkhand,2019,9,JAMSHEDPUR,Dinesh Mahato,parties.IN.IND,1524,0.13,21,forfeit,U,,12th Pass,,challenger,src-31c65dbec869
IN-PC-2008-jharkhand-265,jharkhand,2019,9,JAMSHEDPUR,Shailesh Kumar Singh,parties.IN.IND,1496,0.13,22,forfeit,U,,Graduate,,challenger,src-31c65dbec869
IN-PC-2008-jharkhand-265,jharkhand,2019,9,JAMSHEDPUR,Qamar Raza Khan,,1463,0.13,23,forfeit,U,,Others,,challenger,src-31c65dbec869
IN-PC-2008-jharkhand-265,jharkhand,2019,9,JAMSHEDPUR,Sarita Anand,parties.IN.IND,1191,0.1,24,forfeit,U,,Graduate,,challenger,src-31c65dbec869
IN-PC-2008-jharkhand-272,jharkhand,2019,10,SINGHBHUM,GEETA KORA,parties.IN.INC,431815,49.11,1,won,U,,Post Graduate,,crossover,src-31c65dbec869
IN-PC-2008-jharkhand-272,jharkhand,2019,10,SINGHBHUM,LAXMAN GILUWA,parties.IN.BJP,359660,40.9,2,lost,U,,12th Pass,MP,incumbent,src-31c65dbec869
IN-PC-2008-jharkhand-272,jharkhand,2019,10,SINGHBHUM,PUSHPA SINKU,parties.IN.IND,15224,1.73,4,forfeit,U,,Post Graduate,Household,challenger,src-31c65dbec869
IN-PC-2008-jharkhand-272,jharkhand,2019,10,SINGHBHUM,PRATAP SINGH BANARA,parties.IN.APOI,11298,1.28,5,forfeit,U,,Post Graduate,,challenger,src-31c65dbec869
IN-PC-2008-jharkhand-272,jharkhand,2019,10,SINGHBHUM,PARDESHI LAL MUNDA,parties.IN.BSP,9491,1.08,6,forfeit,U,,12th Pass,,challenger,src-31c65dbec869
IN-PC-2008-jharkhand-272,jharkhand,2019,10,SINGHBHUM,ANIL SOREN,parties.IN.IND,9154,1.04,7,forfeit,U,,Graduate,,challenger,src-31c65dbec869
IN-PC-2008-jharkhand-272,jharkhand,2019,10,SINGHBHUM,KRISHNA MARDI,parties.IN.JMM_U,8672,0.99,8,forfeit,U,,Graduate,,crossover,src-31c65dbec869
IN-PC-2008-jharkhand-272,jharkhand,2019,10,SINGHBHUM,HARI ORAWN,,5647,0.64,9,forfeit,U,,Graduate,,challenger,src-31c65dbec869
IN-PC-2008-jharkhand-272,jharkhand,2019,10,SINGHBHUM,CHANDRA MOHAN HEMBROM,,4098,0.47,10,forfeit,U,,Post Graduate,Home Teacher or Tuition,challenger,src-31c65dbec869
IN-PC-2008-jharkhand-266,jharkhand,2019,11,KHUNTI,ARJUN MUNDA,parties.IN.BJP,382638,45.97,1,won,U,,12th Pass,Party Worker,challenger,src-31c65dbec869
IN-PC-2008-jharkhand-266,jharkhand,2019,11,KHUNTI,KALI CHARAN MUNDA,parties.IN.INC,381193,45.8,2,lost,U,,12th Pass,,challenger,src-31c65dbec869
IN-PC-2008-jharkhand-266,jharkhand,2019,11,KHUNTI,MEENAKSHI MUNDA,parties.IN.IND,10989,1.32,4,forfeit,U,,Doctorate,College Professor or Lecturer,challenger,src-31c65dbec869
IN-PC-2008-jharkhand-266,jharkhand,2019,11,KHUNTI,AJAY TOPNO,,8838,1.06,5,forfeit,U,,Graduate,,challenger,src-31c65dbec869
IN-PC-2008-jharkhand-266,jharkhand,2019,11,KHUNTI,INDUMATI MUNDU,parties.IN.BSP,7663,0.92,6,forfeit,U,,Graduate,,challenger,src-31c65dbec869
IN-PC-2008-jharkhand-266,jharkhand,2019,11,KHUNTI,SUKHRAM HERENJ,parties.IN.IND,5255,0.63,7,forfeit,U,,Graduate,,challenger,src-31c65dbec869
IN-PC-2008-jharkhand-266,jharkhand,2019,11,KHUNTI,NIYARAN HERENJ,parties.IN.IND,4560,0.55,8,forfeit,U,,Post Graduate,,challenger,src-31c65dbec869
IN-PC-2008-jharkhand-266,jharkhand,2019,11,KHUNTI,SIBIL KANDULNA,,3895,0.47,9,forfeit,U,,Graduate,Ex Civil Service,challenger,src-31c65dbec869
IN-PC-2008-jharkhand-266,jharkhand,2019,11,KHUNTI,ABINASHI MUNDU,parties.IN.HBP,2373,0.29,10,forfeit,U,,Graduate,School Teacher,challenger,src-31c65dbec869
IN-PC-2008-jharkhand-266,jharkhand,2019,11,KHUNTI,MUNNA BARAIK,parties.IN.AHNP,1864,0.22,11,forfeit,U,,12th Pass,,challenger,src-31c65dbec869
IN-PC-2008-jharkhand-266,jharkhand,2019,11,KHUNTI,NEEL JUSTINE BECK,parties.IN.BMSM,1864,0.22,12,forfeit,U,,12th Pass,,challenger,src-31c65dbec869
IN-PC-2008-jharkhand-268,jharkhand,2019,12,LOHARDAGA,SUDARSHAN BHAGAT,parties.IN.BJP,371595,45.45,1,won,U,,Graduate,"MP, Minister",incumbent,src-31c65dbec869
IN-PC-2008-jharkhand-268,jharkhand,2019,12,LOHARDAGA,SUKHDEO BHAGAT,parties.IN.INC,361232,44.18,2,lost,U,,Post Graduate,MLA,challenger,src-31c65dbec869
IN-PC-2008-jharkhand-268,jharkhand,2019,12,LOHARDAGA,DEOKUMAR DHAN,,19546,2.39,3,forfeit,U,,Graduate,,challenger,src-31c65dbec869
IN-PC-2008-jharkhand-268,jharkhand,2019,12,LOHARDAGA,SANJAY ORAON,parties.IN.IND,10663,1.3,5,forfeit,U,,8th Pass,,challenger,src-31c65dbec869
IN-PC-2008-jharkhand-268,jharkhand,2019,12,LOHARDAGA,DINESH ORAON,parties.IN.AITC,9643,1.18,6,forfeit,U,,12th Pass,Agricultural Business,challenger,src-31c65dbec869
IN-PC-2008-jharkhand-268,jharkhand,2019,12,LOHARDAGA,RAGHUNATH MAHLI,parties.IN.IND,8950,1.09,7,forfeit,U,,8th Pass,,challenger,src-31c65dbec869
IN-PC-2008-jharkhand-268,jharkhand,2019,12,LOHARDAGA,SANIYA ORAON,parties.IN.IND,5263,0.64,8,forfeit,U,,8th Pass,,challenger,src-31c65dbec869
IN-PC-2008-jharkhand-268,jharkhand,2019,12,LOHARDAGA,KALINDRA ORAON,parties.IN.IND,4061,0.5,9,forfeit,U,,,,challenger,src-31c65dbec869
IN-PC-2008-jharkhand-268,jharkhand,2019,12,LOHARDAGA,SHARVAN KUMAR PANNA,parties.IN.BSP,4048,0.5,10,forfeit,U,,Literate,,challenger,src-31c65dbec869
IN-PC-2008-jharkhand-268,jharkhand,2019,12,LOHARDAGA,AJIT KUMAR BHAGAT,parties.IN.IND,2880,0.35,11,forfeit,U,,Post Graduate,Lawyer,challenger,src-31c65dbec869
IN-PC-2008-jharkhand-268,jharkhand,2019,12,LOHARDAGA,EKUS DHAN,parties.IN.IND,2341,0.29,12,forfeit,U,,Graduate,,challenger,src-31c65dbec869
IN-PC-2008-jharkhand-268,jharkhand,2019,12,LOHARDAGA,ANAND PAUL TIRKEY,parties.IN.IND,2339,0.29,13,forfeit,U,,Graduate Professional,,challenger,src-31c65dbec869
IN-PC-2008-jharkhand-268,jharkhand,2019,12,LOHARDAGA,ALON BAXLA,parties.IN.IND,2317,0.28,14,forfeit,U,,Graduate,,challenger,src-31c65dbec869
IN-PC-2008-jharkhand-268,jharkhand,2019,12,LOHARDAGA,AMBER SAURAV KUNAL,parties.IN.IND,1889,0.23,15,forfeit,U,,,,challenger,src-31c65dbec869
IN-PC-2008-jharkhand-269,jharkhand,2019,13,PALAMAU,VISHNU DAYAL RAM,parties.IN.BJP,755659,62.46,1,won,U,,Graduate,Party Worker,incumbent,src-31c65dbec869
IN-PC-2008-jharkhand-269,jharkhand,2019,13,PALAMAU,GHURAN RAM,parties.IN.RJD,278053,22.98,2,lost,U,,Graduate,,crossover,src-31c65dbec869
IN-PC-2008-jharkhand-269,jharkhand,2019,13,PALAMAU,ANJANA BHUIYAN,parties.IN.BSP,53597,4.43,3,forfeit,U,,8th Pass,,challenger,src-31c65dbec869
IN-PC-2008-jharkhand-269,jharkhand,2019,13,PALAMAU,DINESH RAM,parties.IN.IND,19491,1.61,4,forfeit,U,,10th Pass,,challenger,src-31c65dbec869
IN-PC-2008-jharkhand-269,jharkhand,2019,13,PALAMAU,VIJAY KUMAR,parties.IN.IND,13961,1.15,5,forfeit,U,,12th Pass,,challenger,src-31c65dbec869
IN-PC-2008-jharkhand-269,jharkhand,2019,13,PALAMAU,RAM JI PASWAN,parties.IN.IND,13097,1.08,6,forfeit,U,,,,challenger,src-31c65dbec869
IN-PC-2008-jharkhand-269,jharkhand,2019,13,PALAMAU,AMINDRA PASWAN,,13047,1.08,7,forfeit,U,,10th Pass,,challenger,src-31c65dbec869
IN-PC-2008-jharkhand-269,jharkhand,2019,13,PALAMAU,SATYENDRA KUMAR PASWAN,parties.IN.IND,9442,0.78,8,forfeit,U,,12th Pass,,challenger,src-31c65dbec869
IN-PC-2008-jharkhand-269,jharkhand,2019,13,PALAMAU,JORAWAR RAM,parties.IN.IND,7267,0.6,9,forfeit,U,,Literate,"Ex MLA, Ex Minister",challenger,src-31c65dbec869
IN-PC-2008-jharkhand-269,jharkhand,2019,13,PALAMAU,SHRAWAN KUMAR RAVI,parties.IN.IND,5851,0.48,10,forfeit,U,,10th Pass,,challenger,src-31c65dbec869
IN-PC-2008-jharkhand-269,jharkhand,2019,13,PALAMAU,UMESH KUMAR PASWAN,,5099,0.42,12,forfeit,U,,10th Pass,,crossover,src-31c65dbec869
IN-PC-2008-jharkhand-269,jharkhand,2019,13,PALAMAU,SUSHMA MEHTA,,5004,0.41,13,forfeit,U,,12th Pass,Household,crossover,src-31c65dbec869
IN-PC-2008-jharkhand-269,jharkhand,2019,13,PALAMAU,VIJAY RAM,parties.IN.IND,4929,0.41,14,forfeit,U,,8th Pass,,challenger,src-31c65dbec869
IN-PC-2008-jharkhand-269,jharkhand,2019,13,PALAMAU,UDAY KUMAR PASWAN,,4164,0.34,15,forfeit,U,,,,challenger,src-31c65dbec869
IN-PC-2008-jharkhand-269,jharkhand,2019,13,PALAMAU,BALKESH PRASAD PASWAN,parties.IN.ANC,4121,0.34,16,forfeit,U,,10th Pass,,challenger,src-31c65dbec869
IN-PC-2008-jharkhand-269,jharkhand,2019,13,PALAMAU,SHAYAM NARAYN BHUIAN,parties.IN.BMUP,3093,0.26,17,forfeit,U,,8th Pass,Ex Govt Employee,challenger,src-31c65dbec869
IN-PC-2008-jharkhand-269,jharkhand,2019,13,PALAMAU,BABAN BHUIYA,,2861,0.24,18,forfeit,U,,12th Pass,,challenger,src-31c65dbec869
IN-PC-2008-jharkhand-269,jharkhand,2019,13,PALAMAU,PRAYAG RAM,,2783,0.23,19,forfeit,U,,Graduate,School Teacher,challenger,src-31c65dbec869
IN-PC-2008-jharkhand-269,jharkhand,2019,13,PALAMAU,MADAN RAM,,2420,0.2,20,forfeit,U,,12th Pass,,challenger,src-31c65dbec869
IN-PC-2008-jharkhand-264,jharkhand,2019,14,HAZARIBAGH,JAYANT SINHA,parties.IN.BJP,728798,67.42,1,won,U,,Post Graduate,MP,incumbent,src-31c65dbec869
IN-PC-2008-jharkhand-264,jharkhand,2019,14,HAZARIBAGH,GOPAL PRASAD SAHU,parties.IN.INC,249250,23.06,2,lost,U,,Graduate,,challenger,src-31c65dbec869
IN-PC-2008-jharkhand-264,jharkhand,2019,14,HAZARIBAGH,BHUBNESHWAR PRASAD MEHTA,parties.IN.CPI,32109,2.97,3,forfeit,U,,12th Pass,Party Worker,challenger,src-31c65dbec869
IN-PC-2008-jharkhand-264,jharkhand,2019,14,HAZARIBAGH,MD. MOIN UDDIN AHMAD,parties.IN.IND,15660,1.45,4,forfeit,U,,Graduate,,challenger,src-31c65dbec869
IN-PC-2008-jharkhand-264,jharkhand,2019,14,HAZARIBAGH,RAMAVTAR MAHTO,parties.IN.IND,14829,1.37,5,forfeit,U,,12th Pass,,challenger,src-31c65dbec869
IN-PC-2008-jharkhand-264,jharkhand,2019,14,HAZARIBAGH,VINOD KUMAR,parties.IN.BSP,8793,0.81,6,forfeit,U,,Graduate,,challenger,src-31c65dbec869
IN-PC-2008-jharkhand-264,jharkhand,2019,14,HAZARIBAGH,TEKOCHAND MAHTO,parties.IN.IND,5612,0.52,8,forfeit,U,,Graduate Professional,,challenger,src-31c65dbec869
IN-PC-2008-jharkhand-264,jharkhand,2019,14,HAZARIBAGH,GAUTAM KUMAR,parties.IN.IND,3048,0.28,9,forfeit,U,,Graduate,,challenger,src-31c65dbec869
IN-PC-2008-jharkhand-264,jharkhand,2019,14,HAZARIBAGH,RAMESHWAR RAM KUSHWAHA,parties.IN.AIFB,2396,0.22,10,forfeit,U,,Graduate,Legal Professional,challenger,src-31c65dbec869
IN-PC-2008-jharkhand-264,jharkhand,2019,14,HAZARIBAGH,RAJESH RANJAN,,2181,0.2,11,forfeit,U,,Post Graduate,,challenger,src-31c65dbec869
IN-PC-2008-jharkhand-264,jharkhand,2019,14,HAZARIBAGH,RAJNI DEVI,,2137,0.2,12,forfeit,U,,Literate,,challenger,src-31c65dbec869
IN-PC-2008-jharkhand-264,jharkhand,2019,14,HAZARIBAGH,BHAWESH KUMAR MISHRA,,1842,0.17,13,forfeit,U,,Graduate,Priest,challenger,src-31c65dbec869
IN-PC-2008-jharkhand-264,jharkhand,2019,14,HAZARIBAGH,MD. MUBARAK,parties.IN.JAC,1802,0.17,14,forfeit,U,,Literate,Taxi Driver,challenger,src-31c65dbec869
IN-PC-2008-jharkhand-264,jharkhand,2019,14,HAZARIBAGH,MISBAHUL ISLAM,parties.IN.PPID,1716,0.16,15,forfeit,U,,12th Pass,,challenger,src-31c65dbec869
IN-PC-2008-jharkhand-264,jharkhand,2019,14,HAZARIBAGH,KRISHAN KUMAR SINGH,parties.IN.BHAPRAP,1690,0.16,16,forfeit,U,,Graduate,,challenger,src-31c65dbec869
IN-PC-2008-jharkhand-264,jharkhand,2019,14,HAZARIBAGH,JAGAT KUMAR SONI,,1527,0.14,17,forfeit,U,,Post Graduate,Lawyer,challenger,src-31c65dbec869
IN-PC-2008-karnataka-459,karnataka,2019,1,CHIKKODI,ANNASAHEB SHANKAR JOLLE,parties.IN.BJP,645017,52.98,1,won,U,,12th Pass,,challenger,src-31c65dbec869
IN-PC-2008-karnataka-459,karnataka,2019,1,CHIKKODI,PRAKASH BABANNA HUKKERI,parties.IN.INC,526140,43.21,2,lost,U,,10th Pass,Insurance Agent,incumbent,src-31c65dbec869
IN-PC-2008-karnataka-459,karnataka,2019,1,CHIKKODI,MACHENDRA DAVALU KADAPURE,parties.IN.BSP,15575,1.28,3,forfeit,U,,8th Pass,Contractor,challenger,src-31c65dbec869
IN-PC-2008-karnataka-459,karnataka,2019,1,CHIKKODI,KALLAPPA GUDASI,parties.IN.IND,4948,0.41,5,forfeit,U,,,,challenger,src-31c65dbec869
IN-PC-2008-karnataka-459,karnataka,2019,1,CHIKKODI,SHRINIK ANNASAHEB JANGATE,parties.IN.IND,4906,0.4,6,forfeit,U,,12th Pass,,challenger,src-31c65dbec869
IN-PC-2008-karnataka-459,karnataka,2019,1,CHIKKODI,APPASAHEB SHRIPATI KURANE,parties.IN.BBM,2755,0.23,7,forfeit,U,,12th Pass,Journalist or Editor,crossover,src-31c65dbec869
IN-PC-2008-karnataka-459,karnataka,2019,1,CHIKKODI,WAJANTRI VISHWNATH KALLOLI,parties.IN.IND,2028,0.17,8,forfeit,U,,12th Pass,,challenger,src-31c65dbec869
IN-PC-2008-karnataka-459,karnataka,2019,1,CHIKKODI,JITENDRA SUBHASH NERLE,parties.IN.IND,1726,0.14,9,forfeit,U,,10th Pass,,challenger,src-31c65dbec869
IN-PC-2008-karnataka-459,karnataka,2019,1,CHIKKODI,PRAVEENKUMAR BALIGATTI,,1546,0.13,10,forfeit,U,,Graduate Professional,Doctor,challenger,src-31c65dbec869
IN-PC-2008-karnataka-459,karnataka,2019,1,CHIKKODI,MOHAN GURAPPA MOTANNAVAR,parties.IN.IND,1487,0.12,11,forfeit,U,,Graduate Professional,Lawyer,challenger,src-31c65dbec869
IN-PC-2008-karnataka-459,karnataka,2019,1,CHIKKODI,MAGDUM ISMAILMAGDUM,parties.IN.RPI,1059,0.09,12,forfeit,U,,10th Pass,,challenger,src-31c65dbec869
IN-PC-2008-karnataka-468,karnataka,2019,2,BELGAUM,ANGADI SURESH CHANNABASAPPA,parties.IN.BJP,761991,63.22,1,won,U,,Graduate Professional,,incumbent,src-31c65dbec869
IN-PC-2008-karnataka-468,karnataka,2019,2,BELGAUM,Dr.SADHUNAVAR,parties.IN.INC,370687,30.76,2,lost,U,,Graduate Professional,,challenger,src-31c65dbec869
IN-PC-2008-karnataka-468,karnataka,2019,2,BELGAUM,GANESH M DADDIKAR,parties.IN.IND,8151,0.68,3,forfeit,U,,,,challenger,src-31c65dbec869
IN-PC-2008-karnataka-468,karnataka,2019,2,BELGAUM,BADRODDIN KAMDOD,parties.IN.BSP,5750,0.48,4,forfeit,U,,Graduate,Real Estate or Builder or Developer or Construction,challenger,src-31c65dbec869
IN-PC-2008-karnataka-468,karnataka,2019,2,BELGAUM,DILSHAD SIKANDAR TAHASHILDAR,parties.IN.RPIA,4068,0.34,5,forfeit,U,,Literate,,challenger,src-31c65dbec869
IN-PC-2008-karnataka-468,karnataka,2019,2,BELGAUM,VINAYAK BALKRISHNA MORE,parties.IN.IND,4066,0.34,6,forfeit,U,,,,challenger,src-31c65dbec869
IN-PC-2008-karnataka-468,karnataka,2019,2,BELGAUM,RATHOD SHANKAR PANDAPPA,parties.IN.IND,3298,0.27,7,forfeit,U,,10th Pass,,challenger,src-31c65dbec869
IN-PC-2008-karnataka-468,karnataka,2019,2,BELGAUM,KRISHNAKANT KAMANNA BIRJE,parties.IN.IND,2397,0.2,9,forfeit,U,,10th Pass,,challenger,src-31c65dbec869
IN-PC-2008-karnataka-468,karnataka,2019,2,BELGAUM,GOPAL BALAWANTRAO DESAI,parties.IN.IND,2368,0.2,10,forfeit,U,,10th Pass,,challenger,src-31c65dbec869
IN-PC-2008-karnataka-468,karnataka,2019,2,BELGAUM,GAJANAN AMRUT TOKANEKAR,parties.IN.IND,2299,0.19,11,forfeit,U,,12th Pass,,challenger,src-31c65dbec869
IN-PC-2008-karnataka-468,karnataka,2019,2,BELGAUM,MANJUNATH H RAJAPPANAVAR,,2128,0.18,12,forfeit,U,,Graduate,Self-employed,challenger,src-31c65dbec869
IN-PC-2008-karnataka-468,karnataka,2019,2,BELGAUM,RAJU CHANGAPPA DIVATAGI,parties.IN.IND,2029,0.17,13,forfeit,U,,,,challenger,src-31c65dbec869
IN-PC-2008-karnataka-468,karnataka,2019,2,BELGAUM,ASHUTOSH S KAMBALE,parties.IN.IND,1923,0.16,14,forfeit,U,,,,challenger,src-31c65dbec869
IN-PC-2008-karnataka-468,karnataka,2019,2,BELGAUM,SHANKAR PUNNAPPA CHAUGALE,parties.IN.IND,1876,0.16,15,forfeit,U,,,,challenger,src-31c65dbec869
IN-PC-2008-karnataka-468,karnataka,2019,2,BELGAUM,SACHIN SHANTARAM KELAVEKAR,parties.IN.IND,1564,0.13,16,forfeit,U,,12th Pass,,challenger,src-31c65dbec869
IN-PC-2008-karnataka-468,karnataka,2019,2,BELGAUM,KAVITA DEEPAK KOLE,parties.IN.IND,1490,0.12,17,forfeit,U,,10th Pass,Household,challenger,src-31c65dbec869
IN-PC-2008-karnataka-468,karnataka,2019,2,BELGAUM,RANJIT KALLAPPA PATIL,parties.IN.IND,1456,0.12,18,forfeit,U,,10th Pass,,challenger,src-31c65dbec869
IN-PC-2008-karnataka-468,karnataka,2019,2,BELGAUM,ONKARSINGH BHATIA,parties.IN.IND,1049,0.09,19,forfeit,U,,,,challenger,src-31c65dbec869
IN-PC-2008-karnataka-468,karnataka,2019,2,BELGAUM,KALLAPPA KRUSHNA KOWADKAR,parties.IN.IND,1028,0.09,20,forfeit,U,,,,challenger,src-31c65dbec869
IN-PC-2008-karnataka-468,karnataka,2019,2,BELGAUM,SUNIL VITTAL DASAR,parties.IN.IND,951,0.08,21,forfeit,U,,10th Pass,,challenger,src-31c65dbec869
IN-PC-2008-karnataka-468,karnataka,2019,2,BELGAUM,DHANANJAY RAJARAM PATIL,parties.IN.IND,912,0.08,22,forfeit,U,,12th Pass,,challenger,src-31c65dbec869
IN-PC-2008-karnataka-468,karnataka,2019,2,BELGAUM,ANAND RAMESH PATIL,parties.IN.IND,905,0.08,23,forfeit,U,,Graduate Professional,Lawyer,challenger,src-31c65dbec869
IN-PC-2008-karnataka-468,karnataka,2019,2,BELGAUM,ANIL BABAN HEGADE,parties.IN.IND,854,0.07,24,forfeit,U,,10th Pass,,challenger,src-31c65dbec869
IN-PC-2008-karnataka-468,karnataka,2019,2,BELGAUM,UDAY TUKARAM NAIK,parties.IN.IND,829,0.07,25,forfeit,U,,,,challenger,src-31c65dbec869
IN-PC-2008-karnataka-468,karnataka,2019,2,BELGAUM,VINAYAK GOPAL GUNJATKAR,parties.IN.IND,822,0.07,26,forfeit,U,,Others,Engineer,challenger,src-31c65dbec869
IN-PC-2008-karnataka-468,karnataka,2019,2,BELGAUM,RAMCHANDRA KRISHNA GAONKAR,parties.IN.IND,820,0.07,27,forfeit,U,,8th Pass,,challenger,src-31c65dbec869
IN-PC-2008-karnataka-468,karnataka,2019,2,BELGAUM,SACHIN MANOHAR NIKAM,parties.IN.IND,818,0.07,28,forfeit,U,,10th Pass,,challenger,src-31c65dbec869
IN-PC-2008-karnataka-468,karnataka,2019,2,BELGAUM,NAGESH SUBHASH BOBATE,parties.IN.IND,708,0.06,29,forfeit,U,,10th Pass,,challenger,src-31c65dbec869
IN-PC-2008-karnataka-468,karnataka,2019,2,BELGAUM,UDAY KUNDARGI,parties.IN.IND,705,0.06,30,forfeit,U,,,,challenger,src-31c65dbec869
IN-PC-2008-karnataka-468,karnataka,2019,2,BELGAUM,SHUBHAM VIKRANT SHELKE,parties.IN.IND,670,0.06,31,forfeit,U,,10th Pass,Self-employed,challenger,src-31c65dbec869
IN-PC-2008-karnataka-468,karnataka,2019,2,BELGAUM,MEGHARAJ SHIVAGOUDAPPA KHANAGOUDAR,parties.IN.IND,667,0.06,32,forfeit,U,,10th Pass,,challenger,src-31c65dbec869
IN-PC-2008-karnataka-468,karnataka,2019,2,BELGAUM,MAHADEV MARUTI MANGANAKAR,parties.IN.IND,643,0.05,33,forfeit,U,,10th Pass,,challenger,src-31c65dbec869
IN-PC-2008-karnataka-468,karnataka,2019,2,BELGAUM,PRAKASH BALAPPA NESARKAR,parties.IN.IND,638,0.05,34,forfeit,U,,10th Pass,,challenger,src-31c65dbec869
IN-PC-2008-karnataka-468,karnataka,2019,2,BELGAUM,PANDURANG MALLAPPA PATTAN,parties.IN.IND,630,0.05,35,forfeit,U,,10th Pass,,challenger,src-31c65dbec869
IN-PC-2008-karnataka-468,karnataka,2019,2,BELGAUM,MARUTI SIDDAPPA CHOUGULE,parties.IN.IND,613,0.05,36,forfeit,U,,10th Pass,,challenger,src-31c65dbec869
IN-PC-2008-karnataka-468,karnataka,2019,2,BELGAUM,LAXMAN BHIMARAO DALAVI,parties.IN.IND,598,0.05,37,forfeit,U,,10th Pass,,challenger,src-31c65dbec869
IN-PC-2008-karnataka-468,karnataka,2019,2,BELGAUM,NANDA MARUTI KODACHWADKAR,parties.IN.IND,592,0.05,38,forfeit,U,,10th Pass,,challenger,src-31c65dbec869
IN-PC-2008-karnataka-468,karnataka,2019,2,BELGAUM,SHRIKANT BALKRISHNA KADAM,parties.IN.IND,580,0.05,39,forfeit,U,,10th Pass,,challenger,src-31c65dbec869
IN-PC-2008-karnataka-468,karnataka,2019,2,BELGAUM,BULAND DEEPAK DALVI,parties.IN.IND,576,0.05,40,forfeit,U,,,,challenger,src-31c65dbec869
IN-PC-2008-karnataka-468,karnataka,2019,2,BELGAUM,PRABHAKAR BHUJANG PATIL,parties.IN.IND,560,0.05,41,forfeit,U,,10th Pass,,challenger,src-31c65dbec869
IN-PC-2008-karnataka-468,karnataka,2019,2,BELGAUM,VISHWANATH RAGHUNATH BUWAJI,parties.IN.IND,543,0.05,42,forfeit,U,,,,challenger,src-31c65dbec869
IN-PC-2008-karnataka-468,karnataka,2019,2,BELGAUM,LAXMI SUNIL MUTAGEKAR,parties.IN.IND,543,0.05,43,forfeit,U,,,,challenger,src-31c65dbec869
IN-PC-2008-karnataka-468,karnataka,2019,2,BELGAUM,LAXMANRAO SOMANNA MELGE,parties.IN.IND,500,0.04,44,forfeit,U,,,,challenger,src-31c65dbec869
IN-PC-2008-karnataka-468,karnataka,2019,2,BELGAUM,CHETAKKUMAR YALLAPPA KAMBLE,parties.IN.IND,474,0.04,45,forfeit,U,,,,challenger,src-31c65dbec869
IN-PC-2008-karnataka-468,karnataka,2019,2,BELGAUM,RAJENDRA YALLAPPA PATIL,parties.IN.IND,474,0.04,46,forfeit,U,,10th Pass,,challenger,src-31c65dbec869
IN-PC-2008-karnataka-468,karnataka,2019,2,BELGAUM,SHIVARAJ NARAYAN PATIL,parties.IN.IND,469,0.04,47,forfeit,U,,12th Pass,,challenger,src-31c65dbec869
IN-PC-2008-karnataka-468,karnataka,2019,2,BELGAUM,SANJAY SHIVAPPA KAMBLE,parties.IN.IND,463,0.04,48,forfeit,U,,,,challenger,src-31c65dbec869
IN-PC-2008-karnataka-468,karnataka,2019,2,BELGAUM,NITEEN DHONDIBA ANANDACHE,parties.IN.IND,458,0.04,49,forfeit,U,,Graduate Professional,,challenger,src-31c65dbec869
IN-PC-2008-karnataka-468,karnataka,2019,2,BELGAUM,VIJAY LAXMAN PATIL,parties.IN.IND,446,0.04,50,forfeit,U,,Graduate,,challenger,src-31c65dbec869
IN-PC-2008-karnataka-468,karnataka,2019,2,BELGAUM,SUNIL GUDDAKAYU,parties.IN.IND,440,0.04,51,forfeit,U,,Graduate,,challenger,src-31c65dbec869
IN-PC-2008-karnataka-468,karnataka,2019,2,BELGAUM,NILKANTH MAHADEV PATIL,parties.IN.IND,424,0.04,52,forfeit,U,,12th Pass,,challenger,src-31c65dbec869
IN-PC-2008-karnataka-468,karnataka,2019,2,BELGAUM,PRANAM PRAKASH PATIL,parties.IN.IND,416,0.03,53,forfeit,U,,12th Pass,,challenger,src-31c65dbec869
IN-PC-2008-karnataka-468,karnataka,2019,2,BELGAUM,SANDIP VASANTH LAD,parties.IN.IND,406,0.03,54,forfeit,U,,Graduate,,challenger,src-31c65dbec869
IN-PC-2008-karnataka-468,karnataka,2019,2,BELGAUM,RAMCHANDRA DATTOBA PATIL,parties.IN.IND,390,0.03,55,forfeit,U,,10th Pass,,challenger,src-31c65dbec869
IN-PC-2008-karnataka-468,karnataka,2019,2,BELGAUM,SURESH BASAPPA MARALINGANNAVAR,parties.IN.IND,308,0.03,56,forfeit,U,,Post Graduate,,challenger,src-31c65dbec869
IN-PC-2008-karnataka-468,karnataka,2019,2,BELGAUM,SURESH KHEMANA RAJUKAR,parties.IN.IND,284,0.02,57,forfeit,U,,Graduate,,challenger,src-31c65dbec869
IN-PC-2008-karnataka-468,karnataka,2019,2,BELGAUM,VIJAY KRISHNA MADAR,parties.IN.IND,249,0.02,58,forfeit,U,,Graduate,,challenger,src-31c65dbec869
IN-PC-2008-karnataka-475,karnataka,2019,3,BAGALKOT,Gaddigoudar Parvatagouda Chandanagouda,parties.IN.BJP,664638,55.17,1,won,U,,Graduate Professional,,incumbent,src-31c65dbec869
IN-PC-2008-karnataka-475,karnataka,2019,3,BAGALKOT,Veena Kashappanavar,parties.IN.INC,496451,41.21,2,lost,U,,Graduate,,challenger,src-31c65dbec869
IN-PC-2008-karnataka-475,karnataka,2019,3,BAGALKOT,Parashuram Laxman Neelnaik,,7486,0.62,4,forfeit,U,,12th Pass,,challenger,src-31c65dbec869
IN-PC-2008-karnataka-475,karnataka,2019,3,BAGALKOT,Mahmad Husen Mujawar,parties.IN.BSP,6743,0.56,5,forfeit,U,,Graduate,,challenger,src-31c65dbec869
IN-PC-2008-karnataka-475,karnataka,2019,3,BAGALKOT,Ravi Shivappa Padasalagi,parties.IN.IND,5489,0.46,6,forfeit,U,,Post Graduate,Engineer,challenger,src-31c65dbec869
IN-PC-2008-karnataka-475,karnataka,2019,3,BAGALKOT,Shivarajkumar Ajjappa Talawar,parties.IN.IND,3155,0.26,7,forfeit,U,,Graduate Professional,Shop Keeper,challenger,src-31c65dbec869
IN-PC-2008-karnataka-475,karnataka,2019,3,BAGALKOT,Muttu S Surakod (Madar),parties.IN.IND,2237,0.19,8,forfeit,U,,,,challenger,src-31c65dbec869
IN-PC-2008-karnataka-475,karnataka,2019,3,BAGALKOT,M Shashikumar Hlepadi,,1912,0.16,9,forfeit,U,,5th Pass,Contractor,challenger,src-31c65dbec869
IN-PC-2008-karnataka-475,karnataka,2019,3,BAGALKOT,Pendari Buddesab Makabulsab,parties.IN.IND,1171,0.1,10,forfeit,U,,Graduate,Private Company,challenger,src-31c65dbec869
IN-PC-2008-karnataka-475,karnataka,2019,3,BAGALKOT,Basanagouda Ramanagouda Meti,,1016,0.08,11,forfeit,U,,10th Pass,,challenger,src-31c65dbec869
IN-PC-2008-karnataka-475,karnataka,2019,3,BAGALKOT,Muttappa Mudakappa Hirekumbi,,811,0.07,12,forfeit,U,,Literate,,challenger,src-31c65dbec869
IN-PC-2008-karnataka-475,karnataka,2019,3,BAGALKOT,Ramanagoud S Balawad,parties.IN.HJP,806,0.07,13,forfeit,U,,Post Graduate,,challenger,src-31c65dbec869
IN-PC-2008-karnataka-475,karnataka,2019,3,BAGALKOT,Jamindar Maruti,,725,0.06,14,forfeit,U,,Post Graduate,,challenger,src-31c65dbec869
IN-PC-2008-karnataka-475,karnataka,2019,3,BAGALKOT,Adagal Rajendra,parties.IN.BMUP,645,0.05,15,forfeit,U,,12th Pass,,challenger,src-31c65dbec869
IN-PC-2008-karnataka-472,karnataka,2019,4,BIJAPUR,JIGAJINAGI RAMESH CHANDAPPA,parties.IN.BJP,635867,57.22,1,won,U,,Graduate,,incumbent,src-31c65dbec869
IN-PC-2008-karnataka-472,karnataka,2019,4,BIJAPUR,DR. SUNITA DEVANAND CHAVAN,parties.IN.JDS,377829,34,2,lost,U,,Doctorate,,challenger,src-31c65dbec869
IN-PC-2008-karnataka-472,karnataka,2019,4,BIJAPUR,DHAREPPA MAHADEV ARDHAVAR,parties.IN.IND,23706,2.13,3,forfeit,U,,Graduate Professional,Lawyer,challenger,src-31c65dbec869
IN-PC-2008-karnataka-472,karnataka,2019,4,BIJAPUR,PUJARI SHRINATH SANGAPPA,parties.IN.BSP,23442,2.11,4,forfeit,U,,Graduate Professional,Lawyer,challenger,src-31c65dbec869
IN-PC-2008-karnataka-472,karnataka,2019,4,BIJAPUR,GURUBASAVA. P . RABAKAVI,,8479,0.76,6,forfeit,U,,12th Pass,,challenger,src-31c65dbec869
IN-PC-2008-karnataka-472,karnataka,2019,4,BIJAPUR,BALAJI DYAMANNA WADDAR (YATNAL),parties.IN.IND,7644,0.69,7,forfeit,U,,,,challenger,src-31c65dbec869
IN-PC-2008-karnataka-472,karnataka,2019,4,BIJAPUR,RAMAPPA HARIJAN (HOLER),parties.IN.IND,4992,0.45,8,forfeit,U,,,,challenger,src-31c65dbec869
IN-PC-2008-karnataka-472,karnataka,2019,4,BIJAPUR,DADASAB SIDDAPPA BAGAYAT,parties.IN.IND,4188,0.38,9,forfeit,U,,12th Pass,Real Estate or Builder or Developer or Construction,challenger,src-31c65dbec869
IN-PC-2008-karnataka-472,karnataka,2019,4,BIJAPUR,DONDIBA RAMU RATHOD,parties.IN.IND,4102,0.37,10,forfeit,U,,5th Pass,,challenger,src-31c65dbec869
IN-PC-2008-karnataka-472,karnataka,2019,4,BIJAPUR,RUDRAPPA DEYAPPA CHALAWADI,parties.IN.BBM,3216,0.29,11,forfeit,U,,Post Graduate,,challenger,src-31c65dbec869
IN-PC-2008-karnataka-472,karnataka,2019,4,BIJAPUR,YAMANAPPA VITTAL GUNADAL,,2957,0.27,12,forfeit,U,,8th Pass,,challenger,src-31c65dbec869
IN-PC-2008-karnataka-472,karnataka,2019,4,BIJAPUR,SHRIVENKATESHWAR MAHA SWAMIJI (KATAKADHOND D.G),parties.IN.HJP,2646,0.24,13,forfeit,U,,Graduate,,challenger,src-31c65dbec869
IN-PC-2008-karnataka-458,karnataka,2019,5,GULBARGA,DR. UMESH G JADHAV,parties.IN.BJP,620192,52.14,1,won,U,,Post Graduate,Doctor,challenger,src-31c65dbec869
IN-PC-2008-karnataka-458,karnataka,2019,5,GULBARGA,MALLIKARJUN KHARGE,parties.IN.INC,524740,44.12,2,lost,U,,Graduate Professional,Lawyer,incumbent,src-31c65dbec869
IN-PC-2008-karnataka-458,karnataka,2019,5,GULBARGA,K. B. VASU,parties.IN.BSP,10865,0.91,3,forfeit,U,,Graduate,,challenger,src-31c65dbec869
IN-PC-2008-karnataka-458,karnataka,2019,5,GULBARGA,VIJAY JADHAV,,6507,0.55,5,forfeit,U,,8th Pass,,challenger,src-31c65dbec869
IN-PC-2008-karnataka-458,karnataka,2019,5,GULBARGA,RAMESH BHEEMSINGH CHAVAN,parties.IN.IND,5056,0.43,6,forfeit,U,,Post Graduate,,challenger,src-31c65dbec869
IN-PC-2008-karnataka-458,karnataka,2019,5,GULBARGA,S. M. SHARMA,,2249,0.19,7,forfeit,U,,Graduate,Party Worker,challenger,src-31c65dbec869
IN-PC-2008-karnataka-458,karnataka,2019,5,GULBARGA,DR. M. P. DARAKESHWARAIAH,parties.IN.IND,2036,0.17,8,forfeit,U,,Graduate Professional,Doctor,challenger,src-31c65dbec869
IN-PC-2008-karnataka-458,karnataka,2019,5,GULBARGA,MAHESH LAMBANI,,1783,0.15,9,forfeit,U,,Post Graduate,,challenger,src-31c65dbec869
IN-PC-2008-karnataka-458,karnataka,2019,5,GULBARGA,SHANKAR JADHAV,,1649,0.14,10,forfeit,U,,Illiterate,,challenger,src-31c65dbec869
IN-PC-2008-karnataka-458,karnataka,2019,5,GULBARGA,D. K. KONKATE KEROOR,parties.IN.RSPS,1485,0.12,11,forfeit,U,,Graduate,,challenger,src-31c65dbec869
IN-PC-2008-karnataka-458,karnataka,2019,5,GULBARGA,G. TIMMARAJU,parties.IN.IND,1361,0.11,12,forfeit,U,,10th Pass,Coolie,challenger,src-31c65dbec869
IN-PC-2008-karnataka-458,karnataka,2019,5,GULBARGA,RAJKUMAR,,951,0.08,13,forfeit,U,,5th Pass,Qualified Professional,challenger,src-31c65dbec869
IN-PC-2008-karnataka-466,karnataka,2019,6,RAICHUR,RAJA AMARESHWARA NAIK,parties.IN.BJP,598337,53.21,1,won,U,,Graduate Professional,,challenger,src-31c65dbec869
IN-PC-2008-karnataka-466,karnataka,2019,6,RAICHUR,B. V NAIK,parties.IN.INC,480621,42.75,2,lost,U,,Graduate Professional,Lawyer,incumbent,src-31c65dbec869
IN-PC-2008-karnataka-466,karnataka,2019,6,RAICHUR,B. VENKANAGOUDA NAYAKA,parties.IN.BSP,13830,1.23,4,forfeit,U,,Graduate Professional,Lawyer,challenger,src-31c65dbec869
IN-PC-2008-karnataka-466,karnataka,2019,6,RAICHUR,K. SOMASHEKHAR YADAGIRI,,8843,0.79,5,forfeit,U,,12th Pass,Activist,challenger,src-31c65dbec869
IN-PC-2008-karnataka-466,karnataka,2019,6,RAICHUR,NIRANJAN NAYAK,,7833,0.7,6,forfeit,U,,Graduate Professional,Lawyer,challenger,src-31c65dbec869
IN-PC-2008-karnataka-464,karnataka,2019,7,BIDAR,BHAGWANTH KHUBA,parties.IN.BJP,585471,52.41,1,won,U,,Graduate Professional,Party Worker,incumbent,src-31c65dbec869
IN-PC-2008-karnataka-464,karnataka,2019,7,BIDAR,ESHWAR B. KHANDRE,parties.IN.INC,468637,41.95,2,lost,U,,Graduate Professional,,challenger,src-31c65dbec869
IN-PC-2008-karnataka-464,karnataka,2019,7,BIDAR,BABA BUKHARI,parties.IN.BSP,15188,1.36,3,forfeit,U,,10th Pass,,challenger,src-31c65dbec869
IN-PC-2008-karnataka-464,karnataka,2019,7,BIDAR,RAVIKANT. K. HUGAR VAKIL,parties.IN.IND,5748,0.51,4,forfeit,U,,Graduate Professional,Lawyer,challenger,src-31c65dbec869
IN-PC-2008-karnataka-464,karnataka,2019,7,BIDAR,SHIVARAJ TIMMANNA BOKKE,parties.IN.IND,4980,0.45,5,forfeit,U,,Graduate,,challenger,src-31c65dbec869
IN-PC-2008-karnataka-464,karnataka,2019,7,BIDAR,MAULASAB TADAKAL,parties.IN.IND,4634,0.41,6,forfeit,U,,Post Graduate,,challenger,src-31c65dbec869
IN-PC-2008-karnataka-464,karnataka,2019,7,BIDAR,ABDUS SATTAR MUJAHED,,4624,0.41,7,forfeit,U,,Graduate,,challenger,src-31c65dbec869
IN-PC-2008-karnataka-464,karnataka,2019,7,BIDAR,DAYANAND GODBOLE,parties.IN.APOI,3635,0.33,8,forfeit,U,,10th Pass,Hospitality,challenger,src-31c65dbec869
IN-PC-2008-karnataka-464,karnataka,2019,7,BIDAR,SHARAD GANDGE,parties.IN.IND,3440,0.31,9,forfeit,U,,12th Pass,,challenger,src-31c65dbec869
IN-PC-2008-karnataka-464,karnataka,2019,7,BIDAR,SANTOSH RATHOD,,3344,0.3,10,forfeit,U,,10th Pass,,challenger,src-31c65dbec869
IN-PC-2008-karnataka-464,karnataka,2019,7,BIDAR,MOULAPPA. A. MALGE,parties.IN.IND,2027,0.18,11,forfeit,U,,Graduate Professional,,challenger,src-31c65dbec869
IN-PC-2008-karnataka-464,karnataka,2019,7,BIDAR,AMBRESH KENCHA,,1853,0.17,13,forfeit,U,,Graduate,,challenger,src-31c65dbec869
IN-PC-2008-karnataka-464,karnataka,2019,7,BIDAR,SUGRIV BHARAT KACHAVE,parties.IN.KKJHS,1707,0.15,14,forfeit,U,,8th Pass,,challenger,src-31c65dbec869
IN-PC-2008-karnataka-464,karnataka,2019,7,BIDAR,SHRIMANTH ARJUN YEVATE PATIL,parties.IN.IND,1322,0.12,15,forfeit,U,,Post Graduate,,challenger,src-31c65dbec869
IN-PC-2008-karnataka-464,karnataka,2019,7,BIDAR,MUFTI SHIAK ABDUL GAFFAR,parties.IN.IND,1259,0.11,16,forfeit,U,,Post Graduate,,challenger,src-31c65dbec869
IN-PC-2008-karnataka-464,karnataka,2019,7,BIDAR,RAJKUMAR,,1241,0.11,17,forfeit,U,,Post Graduate,,challenger,src-31c65dbec869
IN-PC-2008-karnataka-464,karnataka,2019,7,BIDAR,RAJAMABI DASTAGIR,,1208,0.11,18,forfeit,U,,5th Pass,Household,challenger,src-31c65dbec869
IN-PC-2008-karnataka-464,karnataka,2019,7,BIDAR,ADVOCATE MOULVI ZAMERUDDIN,,1138,0.1,19,forfeit,U,,Graduate Professional,Lawyer,challenger,src-31c65dbec869
IN-PC-2008-karnataka-464,karnataka,2019,7,BIDAR,SAIBANNA JAMADAR,parties.IN.IND,1051,0.09,20,forfeit,U,,Graduate Professional,,challenger,src-31c65dbec869
IN-PC-2008-karnataka-464,karnataka,2019,7,BIDAR,MD MERAJUDDIN,parties.IN.BAHUMP,1000,0.09,21,forfeit,U,,8th Pass,,challenger,src-31c65dbec869
IN-PC-2008-karnataka-464,karnataka,2019,7,BIDAR,MOHAMMED ABDUL WAKEEL,parties.IN.BHAPRAP,970,0.09,22,forfeit,U,,10th Pass,,challenger,src-31c65dbec869
IN-PC-2008-karnataka-464,karnataka,2019,7,BIDAR,MOHAMMED YOUSUF,,742,0.07,23,forfeit,U,,10th Pass,,challenger,src-31c65dbec869
IN-PC-2008-karnataka-477,karnataka,2019,8,KOPPAL,KARADI SANGANNA AMARAPPA,parties.IN.BJP,586783,49.3,1,won,U,,10th Pass,,incumbent,src-31c65dbec869
IN-PC-2008-karnataka-477,karnataka,2019,8,KOPPAL,K.RAJASHEKAR BASAVARAJ HITNAL,parties.IN.INC,548386,46.07,2,lost,U,,12th Pass,,challenger,src-31c65dbec869
IN-PC-2008-karnataka-477,karnataka,2019,8,KOPPAL,SHIVAPUTRAPPA. GUMAGERA,parties.IN.BSP,9481,0.8,4,forfeit,U,,5th Pass,,challenger,src-31c65dbec869
IN-PC-2008-karnataka-477,karnataka,2019,8,KOPPAL,ANNOJIRAO.G,,5681,0.48,5,forfeit,U,,12th Pass,Coolie,challenger,src-31c65dbec869
IN-PC-2008-karnataka-477,karnataka,2019,8,KOPPAL,SURESH GOUDA MUNDINAMANE,parties.IN.IND,5158,0.43,6,forfeit,U,,5th Pass,Hospitality,challenger,src-31c65dbec869
IN-PC-2008-karnataka-477,karnataka,2019,8,KOPPAL,NAGARAJ KALAL,parties.IN.IND,4855,0.41,7,forfeit,U,,8th Pass,,challenger,src-31c65dbec869
IN-PC-2008-karnataka-477,karnataka,2019,8,KOPPAL,SURESH.H,parties.IN.IND,3728,0.31,8,forfeit,U,,Post Graduate,School Teacher,challenger,src-31c65dbec869
IN-PC-2008-karnataka-477,karnataka,2019,8,KOPPAL,SATISHREDDY,parties.IN.IND,3498,0.29,9,forfeit,U,,Graduate Professional,,challenger,src-31c65dbec869
IN-PC-2008-karnataka-477,karnataka,2019,8,KOPPAL,BALARAJ. YADAV,parties.IN.IND,2937,0.25,10,forfeit,U,,,,challenger,src-31c65dbec869
IN-PC-2008-karnataka-477,karnataka,2019,8,KOPPAL,MALLIKARJUN HADAPAD,parties.IN.IND,2408,0.2,11,forfeit,U,,Literate,,challenger,src-31c65dbec869
IN-PC-2008-karnataka-477,karnataka,2019,8,KOPPAL,BANDIMATH SHARANAYYA,,2252,0.19,12,forfeit,U,,8th Pass,Contractor,challenger,src-31c65dbec869
IN-PC-2008-karnataka-477,karnataka,2019,8,KOPPAL,PA.YA. GANESH,parties.IN.IND,1699,0.14,13,forfeit,U,,Graduate,,challenger,src-31c65dbec869
IN-PC-2008-karnataka-477,karnataka,2019,8,KOPPAL,COMRADE B.BASAVALINGAPPA,parties.IN.MLPOIRF,1609,0.14,14,forfeit,U,,12th Pass,,challenger,src-31c65dbec869
IN-PC-2008-karnataka-477,karnataka,2019,8,KOPPAL,HEMARAJ VEERAPUR,,1059,0.09,15,forfeit,U,,Graduate,,challenger,src-31c65dbec869
IN-PC-2008-karnataka-462,karnataka,2019,9,BELLARY,Y. DEVENDRAPPA,parties.IN.BJP,616388,50.44,1,won,U,,5th Pass,,challenger,src-31c65dbec869
IN-PC-2008-karnataka-462,karnataka,2019,9,BELLARY,V. S. UGRAPPA,parties.IN.INC,560681,45.89,2,lost,U,,Graduate Professional,Lawyer,incumbent,src-31c65dbec869
IN-PC-2008-karnataka-462,karnataka,2019,9,BELLARY,K. GULAPPA,parties.IN.BSP,9961,0.82,3,forfeit,U,,12th Pass,,challenger,src-31c65dbec869
IN-PC-2008-karnataka-462,karnataka,2019,9,BELLARY,B. ESHWARAPPA,parties.IN.SHS,6919,0.57,5,forfeit,U,,8th Pass,Self-employed,challenger,src-31c65dbec869
IN-PC-2008-karnataka-462,karnataka,2019,9,BELLARY,A. DEVADAS,,3833,0.31,6,forfeit,U,,8th Pass,Party Worker,challenger,src-31c65dbec869
IN-PC-2008-karnataka-462,karnataka,2019,9,BELLARY,T. VEERESH,parties.IN.SMFB,3397,0.28,7,forfeit,U,,10th Pass,,challenger,src-31c65dbec869
IN-PC-2008-karnataka-462,karnataka,2019,9,BELLARY,CONDUCTOR PAMPAPATHI,parties.IN.IND,3101,0.25,8,forfeit,U,,,,challenger,src-31c65dbec869
IN-PC-2008-karnataka-462,karnataka,2019,9,BELLARY,P. D. RAMANAYAKA,,2722,0.22,9,forfeit,U,,10th Pass,Taxi Driver,challenger,src-31c65dbec869
IN-PC-2008-karnataka-462,karnataka,2019,9,BELLARY,B. RAGHU,,2658,0.22,10,forfeit,U,,12th Pass,,challenger,src-31c65dbec869
IN-PC-2008-karnataka-462,karnataka,2019,9,BELLARY,NAYAKARA RAMAPPA,,1840,0.15,11,forfeit,U,,Post Graduate,,challenger,src-31c65dbec869
IN-PC-2008-karnataka-462,karnataka,2019,9,BELLARY,NAVEEN KUMAR. S,parties.IN.BHAPRAP,1402,0.11,12,forfeit,U,,Graduate,Principal or Administrator,challenger,src-31c65dbec869
IN-PC-2008-karnataka-471,karnataka,2019,10,HAVERI,UDASI. S.C.,parties.IN.BJP,683660,53.97,1,won,U,,12th Pass,,incumbent,src-31c65dbec869
IN-PC-2008-karnataka-471,karnataka,2019,10,HAVERI,D.R. PATIL,parties.IN.INC,542778,42.85,2,lost,U,,Graduate Professional,,challenger,src-31c65dbec869
IN-PC-2008-karnataka-471,karnataka,2019,10,HAVERI,AYUBAKHAN A PATHAN,parties.IN.BSP,7479,0.59,3,forfeit,U,,Graduate Professional,Lawyer,challenger,src-31c65dbec869
IN-PC-2008-karnataka-471,karnataka,2019,10,HAVERI,ISHWAR PATIL,,7024,0.55,5,forfeit,U,,10th Pass,Self-employed,challenger,src-31c65dbec869
IN-PC-2008-karnataka-471,karnataka,2019,10,HAVERI,HANUMANTHAPPA.D.KABBAR,parties.IN.IND,6247,0.49,6,forfeit,U,,12th Pass,,challenger,src-31c65dbec869
IN-PC-2008-karnataka-471,karnataka,2019,10,HAVERI,SIDDAPPA. KALLAPPA. POOJAR,parties.IN.IND,5858,0.46,7,forfeit,U,,10th Pass,Coolie,challenger,src-31c65dbec869
IN-PC-2008-karnataka-471,karnataka,2019,10,HAVERI,VEERABHADRAPPA VEERAPPA KABBINADA URF BANDI,parties.IN.IND,2283,0.18,8,forfeit,U,,,,challenger,src-31c65dbec869
IN-PC-2008-karnataka-471,karnataka,2019,10,HAVERI,BOMMOJI. RAMAPPA. SIDDAPPA,parties.IN.IND,1389,0.11,9,forfeit,U,,Graduate Professional,Ex Civil Service,challenger,src-31c65dbec869
IN-PC-2008-karnataka-471,karnataka,2019,10,HAVERI,BASAVARAJ. S. DESAI,parties.IN.IND,1305,0.1,10,forfeit,U,,10th Pass,,challenger,src-31c65dbec869
IN-PC-2008-karnataka-471,karnataka,2019,10,HAVERI,SHYLESH NAZARE ASHOK,,1244,0.1,11,forfeit,U,,Graduate,,challenger,src-31c65dbec869
IN-PC-2008-karnataka-454,karnataka,2019,12,UTTARA KANNADA,ANANTKUMAR HEGDE,parties.IN.BJP,786042,68.15,1,won,U,,12th Pass,,incumbent,src-31c65dbec869
IN-PC-2008-karnataka-454,karnataka,2019,12,UTTARA KANNADA,ANAND ASNOTIKAR,parties.IN.JDS,306393,26.56,2,lost,U,,Post Graduate,,challenger,src-31c65dbec869
IN-PC-2008-karnataka-454,karnataka,2019,12,UTTARA KANNADA,MOHAMMED ZABROOD KHATEEB,parties.IN.IND,7488,0.65,4,forfeit,U,,5th Pass,Agricultural Business,challenger,src-31c65dbec869
IN-PC-2008-karnataka-454,karnataka,2019,12,UTTARA KANNADA,SUDHAKAR KIRA JOGALEKAR,parties.IN.BSP,7195,0.62,5,forfeit,U,,Post Graduate,Ex Govt Employee,challenger,src-31c65dbec869
IN-PC-2008-karnataka-454,karnataka,2019,12,UTTARA KANNADA,NAGARAJ ANANT SHIRALI,parties.IN.IND,6254,0.54,6,forfeit,U,,10th Pass,,challenger,src-31c65dbec869
IN-PC-2008-karnataka-454,karnataka,2019,12,UTTARA KANNADA,BALAKRISHNA ARJUN PATIL,parties.IN.IND,4206,0.36,7,forfeit,U,,Post Graduate,Real Estate or Builder or Developer or Construction,challenger,src-31c65dbec869
IN-PC-2008-karnataka-454,karnataka,2019,12,UTTARA KANNADA,SUNIL PAWAR,,3727,0.32,8,forfeit,U,,Graduate,School Teacher,challenger,src-31c65dbec869
IN-PC-2008-karnataka-454,karnataka,2019,12,UTTARA KANNADA,NAGARAJ NAIK,parties.IN.RSPS,3378,0.29,9,forfeit,U,,10th Pass,Managerial Position,challenger,src-31c65dbec869
IN-PC-2008-karnataka-454,karnataka,2019,12,UTTARA KANNADA,CHIDANAND HARIJAN,parties.IN.IND,3138,0.27,10,forfeit,U,,Literate,,challenger,src-31c65dbec869
IN-PC-2008-karnataka-454,karnataka,2019,12,UTTARA KANNADA,NAGRAJ SHRIDHAR SHET,parties.IN.RJBP,3128,0.27,11,forfeit,U,,8th Pass,,challenger,src-31c65dbec869
IN-PC-2008-karnataka-454,karnataka,2019,12,UTTARA KANNADA,ANITA ASHOK SHET,parties.IN.IND,2568,0.22,12,forfeit,U,,10th Pass,Aanganwadi,challenger,src-31c65dbec869
IN-PC-2008-karnataka-454,karnataka,2019,12,UTTARA KANNADA,KUNDABAI GANAPATI PARULEKAR,parties.IN.IND,2261,0.2,13,forfeit,U,,Graduate,,challenger,src-31c65dbec869
IN-PC-2008-karnataka-454,karnataka,2019,12,UTTARA KANNADA,MANJUNATH SADASHIV,,1685,0.15,14,forfeit,U,,Post Graduate,Qualified Professional,challenger,src-31c65dbec869
IN-PC-2008-karnataka-456,karnataka,2019,13,DAVANAGERE,G M SIDDESHWAR,parties.IN.BJP,652996,54.66,1,won,U,,10th Pass,MP,incumbent,src-31c65dbec869
IN-PC-2008-karnataka-456,karnataka,2019,13,DAVANAGERE,H B MANJAPPA,parties.IN.INC,483294,40.46,2,lost,U,,10th Pass,,challenger,src-31c65dbec869
IN-PC-2008-karnataka-456,karnataka,2019,13,DAVANAGERE,SIDDAPPA B H,parties.IN.BSP,7736,0.65,3,forfeit,U,,Post Graduate,Ex Civil Service,challenger,src-31c65dbec869
IN-PC-2008-karnataka-456,karnataka,2019,13,DAVANAGERE,MANJUNATHA MARIKOPPA,parties.IN.IND,5947,0.5,4,forfeit,U,,10th Pass,,challenger,src-31c65dbec869
IN-PC-2008-karnataka-456,karnataka,2019,13,DAVANAGERE,MOHAMED HAYATH,parties.IN.IND,4954,0.41,5,forfeit,U,,Graduate,Transport,challenger,src-31c65dbec869
IN-PC-2008-karnataka-456,karnataka,2019,13,DAVANAGERE,H ESHWARAPPA,,4625,0.39,6,forfeit,U,,Literate,,challenger,src-31c65dbec869
IN-PC-2008-karnataka-456,karnataka,2019,13,DAVANAGERE,V MANJUNATHACHAR,parties.IN.IND,4571,0.38,7,forfeit,U,,Graduate,,challenger,src-31c65dbec869
IN-PC-2008-karnataka-456,karnataka,2019,13,DAVANAGERE,C M MANJUNATHA SWAMI,parties.IN.IND,4490,0.38,8,forfeit,U,,Others,Journalist or Editor,challenger,src-31c65dbec869
IN-PC-2008-karnataka-456,karnataka,2019,13,DAVANAGERE,GANESHA B A,,3220,0.27,9,forfeit,U,,Others,Engineer,challenger,src-31c65dbec869
IN-PC-2008-karnataka-456,karnataka,2019,13,DAVANAGERE,A T DADAKHALANDAR,parties.IN.IND,2723,0.23,11,forfeit,U,,10th Pass,,challenger,src-31c65dbec869
IN-PC-2008-karnataka-456,karnataka,2019,13,DAVANAGERE,M B VEERABHADRAPPA,parties.IN.IND,1733,0.15,12,forfeit,U,,12th Pass,,challenger,src-31c65dbec869
IN-PC-2008-karnataka-456,karnataka,2019,13,DAVANAGERE,B V TIPPESWAMY GOSHALE,parties.IN.IND,1612,0.13,13,forfeit,U,,8th Pass,Truck Driver,challenger,src-31c65dbec869
IN-PC-2008-karnataka-456,karnataka,2019,13,DAVANAGERE,HARISH HALLI,parties.IN.IND,1561,0.13,14,forfeit,U,,12th Pass,,challenger,src-31c65dbec869
IN-PC-2008-karnataka-456,karnataka,2019,13,DAVANAGERE,BARKATH ALI,parties.IN.IND,1505,0.13,15,forfeit,U,,12th Pass,,challenger,src-31c65dbec869
IN-PC-2008-karnataka-456,karnataka,2019,13,DAVANAGERE,MADHU THOGALERI,,1258,0.11,16,forfeit,U,,Graduate,,challenger,src-31c65dbec869
IN-PC-2008-karnataka-456,karnataka,2019,13,DAVANAGERE,MOHAMMED ALEEMULLA,parties.IN.IND,1173,0.1,17,forfeit,U,,12th Pass,,challenger,src-31c65dbec869
IN-PC-2008-karnataka-456,karnataka,2019,13,DAVANAGERE,SHASHIKUMAR R N,parties.IN.IND,1100,0.09,18,forfeit,U,,Post Graduate,,challenger,src-31c65dbec869
IN-PC-2008-karnataka-456,karnataka,2019,13,DAVANAGERE,V IQBAL AHEMAD,parties.IN.IND,1038,0.09,19,forfeit,U,,,,challenger,src-31c65dbec869
IN-PC-2008-karnataka-456,karnataka,2019,13,DAVANAGERE,ABDUL NAZEER SAB,parties.IN.IND,987,0.08,20,forfeit,U,,5th Pass,,challenger,src-31c65dbec869
IN-PC-2008-karnataka-456,karnataka,2019,13,DAVANAGERE,SYED. ZABIULLA K,parties.IN.IND,978,0.08,21,forfeit,U,,12th Pass,Distributors,challenger,src-31c65dbec869
IN-PC-2008-karnataka-456,karnataka,2019,13,DAVANAGERE,ALUR M G SWAMY,parties.IN.IND,898,0.08,22,forfeit,U,,,,challenger,src-31c65dbec869
IN-PC-2008-karnataka-456,karnataka,2019,13,DAVANAGERE,S S SUBHAN KHAN,parties.IN.IND,851,0.07,23,forfeit,U,,,,challenger,src-31c65dbec869
IN-PC-2008-karnataka-456,karnataka,2019,13,DAVANAGERE,RAVINDRA NAVALE,,822,0.07,24,forfeit,U,,Others,,challenger,src-31c65dbec869
IN-PC-2008-karnataka-456,karnataka,2019,13,DAVANAGERE,S K AFZALKHAN,parties.IN.IND,803,0.07,25,forfeit,U,,8th Pass,,challenger,src-31c65dbec869
IN-PC-2008-karnataka-456,karnataka,2019,13,DAVANAGERE,Dr|| SRIDHARA UDUPA,parties.IN.IND,613,0.05,26,forfeit,U,,Graduate Professional,Doctor,challenger,src-31c65dbec869
IN-PC-2008-karnataka-473,karnataka,2019,14,SHIMOGA,B.Y.RAGHAVENDRA.,parties.IN.BJP,729872,56.86,1,won,U,,Graduate,,challenger,src-31c65dbec869
IN-PC-2008-karnataka-473,karnataka,2019,14,SHIMOGA,S.MADHUBANGARAPPA,parties.IN.JDS,506512,39.46,2,lost,U,,Graduate,,crossover,src-31c65dbec869
IN-PC-2008-karnataka-473,karnataka,2019,14,SHIMOGA,GUDDAPPA,parties.IN.BSP,7350,0.57,3,forfeit,U,,5th Pass,,challenger,src-31c65dbec869
IN-PC-2008-karnataka-473,karnataka,2019,14,SHIMOGA,SHASHIKUMAR.S.GOWDA,parties.IN.IND,6845,0.53,5,forfeit,U,,10th Pass,,challenger,src-31c65dbec869
IN-PC-2008-karnataka-473,karnataka,2019,14,SHIMOGA,KRISHNA.K.,,5653,0.44,6,forfeit,U,,8th Pass,,challenger,src-31c65dbec869
IN-PC-2008-karnataka-473,karnataka,2019,14,SHIMOGA,S.UMESHA VARMA,parties.IN.IND,4465,0.35,7,forfeit,U,,12th Pass,,challenger,src-31c65dbec869
IN-PC-2008-karnataka-473,karnataka,2019,14,SHIMOGA,VENKATESH.R,,4087,0.32,8,forfeit,U,,10th Pass,,challenger,src-31c65dbec869
IN-PC-2008-karnataka-473,karnataka,2019,14,SHIMOGA,SHEKARA NAIK,parties.IN.IND,3930,0.31,9,forfeit,U,,Graduate,,challenger,src-31c65dbec869
IN-PC-2008-karnataka-473,karnataka,2019,14,SHIMOGA,K.C.VINAY RAJAVATH,parties.IN.IND,3317,0.26,10,forfeit,U,,Graduate,,challenger,src-31c65dbec869
IN-PC-2008-karnataka-473,karnataka,2019,14,SHIMOGA,MOHAMMED YUSUF KHAN,parties.IN.IND,1579,0.12,11,forfeit,U,,5th Pass,,challenger,src-31c65dbec869
IN-PC-2008-karnataka-473,karnataka,2019,14,SHIMOGA,N.T.VIJAYAKUMAR,parties.IN.IND,1578,0.12,12,forfeit,U,,10th Pass,Coolie,challenger,src-31c65dbec869
IN-PC-2008-karnataka-473,karnataka,2019,14,SHIMOGA,S.UMESHAPPA,parties.IN.IND,1521,0.12,13,forfeit,U,,8th Pass,,challenger,src-31c65dbec869
IN-PC-2008-karnataka-461,karnataka,2019,15,UDUPI CHIKMAGALUR,SHOBHA KARANDLAJE,parties.IN.BJP,718916,62.46,1,won,U,,Post Graduate,MP,incumbent,src-31c65dbec869
IN-PC-2008-karnataka-461,karnataka,2019,15,UDUPI CHIKMAGALUR,PRAMOD MADHWARAJ,parties.IN.JDS,369317,32.09,2,lost,U,,12th Pass,,challenger,src-31c65dbec869
IN-PC-2008-karnataka-461,karnataka,2019,15,UDUPI CHIKMAGALUR,P. PARAMESHWARA,parties.IN.BSP,15947,1.39,3,forfeit,U,,Graduate Professional,Lawyer,challenger,src-31c65dbec869
IN-PC-2008-karnataka-461,karnataka,2019,15,UDUPI CHIKMAGALUR,AMRITH SHENOY P,parties.IN.IND,7981,0.69,4,forfeit,U,,Post Graduate,,challenger,src-31c65dbec869
IN-PC-2008-karnataka-461,karnataka,2019,15,UDUPI CHIKMAGALUR,P. GOUTHAM PRABHU,parties.IN.SHS,7431,0.65,6,forfeit,U,,10th Pass,,challenger,src-31c65dbec869
IN-PC-2008-karnataka-461,karnataka,2019,15,UDUPI CHIKMAGALUR,ABDUL RAHMAN,parties.IN.IND,6017,0.52,7,forfeit,U,,8th Pass,,challenger,src-31c65dbec869
IN-PC-2008-karnataka-461,karnataka,2019,15,UDUPI CHIKMAGALUR,K.C. PRAKASH,parties.IN.IND,3543,0.31,8,forfeit,U,,10th Pass,,challenger,src-31c65dbec869
IN-PC-2008-karnataka-461,karnataka,2019,15,UDUPI CHIKMAGALUR,M.K DAYANANDA,,3539,0.31,9,forfeit,U,,Graduate,,challenger,src-31c65dbec869
IN-PC-2008-karnataka-461,karnataka,2019,15,UDUPI CHIKMAGALUR,MAGGALAMAKKI GANESHA,parties.IN.IND,3526,0.31,10,forfeit,U,,12th Pass,,challenger,src-31c65dbec869
IN-PC-2008-karnataka-461,karnataka,2019,15,UDUPI CHIKMAGALUR,SURESH KUNDER,,3488,0.3,11,forfeit,U,,12th Pass,,challenger,src-31c65dbec869
IN-PC-2008-karnataka-461,karnataka,2019,15,UDUPI CHIKMAGALUR,COMRADE VIJAYKUMAR,,2216,0.19,12,forfeit,U,,10th Pass,,challenger,src-31c65dbec869
IN-PC-2008-karnataka-461,karnataka,2019,15,UDUPI CHIKMAGALUR,SHEKAR HAVANJE,,1581,0.14,13,forfeit,U,,,,challenger,src-31c65dbec869
IN-PC-2008-karnataka-474,karnataka,2019,16,HASSAN,PRAJWAL REVANNA,parties.IN.JDS,676606,52.96,1,won,U,,Graduate Professional,,challenger,src-31c65dbec869
IN-PC-2008-karnataka-474,karnataka,2019,16,HASSAN,MANJU A,parties.IN.BJP,535282,41.9,2,lost,U,,Graduate Professional,Lawyer,crossover,src-31c65dbec869
IN-PC-2008-karnataka-474,karnataka,2019,16,HASSAN,VINODRAJ K H,parties.IN.BSP,38761,3.03,3,forfeit,U,,12th Pass,,challenger,src-31c65dbec869
IN-PC-2008-karnataka-474,karnataka,2019,16,HASSAN,H M CHANDREGOWDA,,7023,0.55,5,forfeit,U,,12th Pass,,challenger,src-31c65dbec869
IN-PC-2008-karnataka-474,karnataka,2019,16,HASSAN,R G SATHISHA,parties.IN.IND,4508,0.35,6,forfeit,U,,8th Pass,Mechanic,challenger,src-31c65dbec869
IN-PC-2008-karnataka-474,karnataka,2019,16,HASSAN,M. MAHESH (AL: LOKESH),parties.IN.IND,3710,0.29,7,forfeit,U,,Others,,challenger,src-31c65dbec869
IN-PC-2008-karnataka-478,karnataka,2019,18,CHITRADURGA,A NARAYANASWAMY,parties.IN.BJP,626195,50.26,1,won,U,,Graduate,,challenger,src-31c65dbec869
IN-PC-2008-karnataka-478,karnataka,2019,18,CHITRADURGA,B N CHANDRAPPA,parties.IN.INC,546017,43.82,2,lost,U,,Post Graduate,MP,incumbent,src-31c65dbec869
IN-PC-2008-karnataka-478,karnataka,2019,18,CHITRADURGA,MAHANTHESH C U,parties.IN.BSP,8907,0.71,3,forfeit,U,,12th Pass,,challenger,src-31c65dbec869
IN-PC-2008-karnataka-478,karnataka,2019,18,CHITRADURGA,N T VIJAYAKUMAR,parties.IN.IND,8707,0.7,4,forfeit,U,,,,challenger,src-31c65dbec869
IN-PC-2008-karnataka-478,karnataka,2019,18,CHITRADURGA,NIRANJANA A D CHEELANGI,parties.IN.ASP,7773,0.62,5,forfeit,U,,Post Graduate,,challenger,src-31c65dbec869
IN-PC-2008-karnataka-478,karnataka,2019,18,CHITRADURGA,LOKESHA M K,parties.IN.IND,7026,0.56,6,forfeit,U,,Graduate Professional,Lawyer,challenger,src-31c65dbec869
IN-PC-2008-karnataka-478,karnataka,2019,18,CHITRADURGA,L VENUGOPAL,parties.IN.IND,6379,0.51,7,forfeit,U,,Others,,challenger,src-31c65dbec869
IN-PC-2008-karnataka-478,karnataka,2019,18,CHITRADURGA,L RANGAPPA (RTD.DDPI),parties.IN.IND,4312,0.35,9,forfeit,U,,,,challenger,src-31c65dbec869
IN-PC-2008-karnataka-478,karnataka,2019,18,CHITRADURGA,DEVENDRAPPA,,4280,0.34,10,forfeit,U,,10th Pass,,challenger,src-31c65dbec869
IN-PC-2008-karnataka-478,karnataka,2019,18,CHITRADURGA,C H NARAYANASWAMY,parties.IN.IND,3802,0.31,11,forfeit,U,,5th Pass,,challenger,src-31c65dbec869
IN-PC-2008-karnataka-478,karnataka,2019,18,CHITRADURGA,RAMESHA V,parties.IN.IND,2721,0.22,12,forfeit,U,,Post Graduate,,challenger,src-31c65dbec869
IN-PC-2008-karnataka-478,karnataka,2019,18,CHITRADURGA,V S BHUTHARAJA,parties.IN.IND,2464,0.2,13,forfeit,U,,Post Graduate,,challenger,src-31c65dbec869
IN-PC-2008-karnataka-478,karnataka,2019,18,CHITRADURGA,D PENNAPPA TURUVANUR,parties.IN.IND,2359,0.19,14,forfeit,U,,Graduate,,challenger,src-31c65dbec869
IN-PC-2008-karnataka-478,karnataka,2019,18,CHITRADURGA,ARUNACHALAM Y,,2220,0.18,15,forfeit,U,,Post Graduate,Lawyer,challenger,src-31c65dbec869
IN-PC-2008-karnataka-478,karnataka,2019,18,CHITRADURGA,R HANUMANTHAPPA,parties.IN.IND,1837,0.15,16,forfeit,U,,Others,Retired Teacher,challenger,src-31c65dbec869
IN-PC-2008-karnataka-478,karnataka,2019,18,CHITRADURGA,GANESH,parties.IN.IND,1760,0.14,17,forfeit,U,,Illiterate,,challenger,src-31c65dbec869
IN-PC-2008-karnataka-478,karnataka,2019,18,CHITRADURGA,S MEETYANAIK,,1636,0.13,18,forfeit,U,,Graduate,,crossover,src-31c65dbec869
IN-PC-2008-karnataka-478,karnataka,2019,18,CHITRADURGA,KUMAR Y,parties.IN.IND,1616,0.13,19,forfeit,U,,8th Pass,Contractor,challenger,src-31c65dbec869
IN-PC-2008-karnataka-478,karnataka,2019,18,CHITRADURGA,THIPPESWAMY T,parties.IN.IND,1571,0.13,20,forfeit,U,,10th Pass,,challenger,src-31c65dbec869
IN-PC-2008-karnataka-469,karnataka,2019,19,TUMKUR,G. S. BASAVARAJ,parties.IN.BJP,596127,47.89,1,won,U,,Graduate Professional,Lawyer,challenger,src-31c65dbec869
IN-PC-2008-karnataka-469,karnataka,2019,19,TUMKUR,H. D. DEVEGOWDA,parties.IN.JDS,582788,46.82,2,lost,U,,Others,,incumbent,src-31c65dbec869
IN-PC-2008-karnataka-469,karnataka,2019,19,TUMKUR,N. SHIVANNA,parties.IN.CPI,17227,1.38,3,forfeit,U,,,,challenger,src-31c65dbec869
IN-PC-2008-karnataka-469,karnataka,2019,19,TUMKUR,SIDDARAMEGOWDA T. B.,parties.IN.IND,7637,0.61,5,forfeit,U,,Graduate,,challenger,src-31c65dbec869
IN-PC-2008-karnataka-469,karnataka,2019,19,TUMKUR,K. C. HANUMANTHARAYA,parties.IN.BSP,6013,0.48,6,forfeit,U,,Post Graduate,Ex Govt Employee,challenger,src-31c65dbec869
IN-PC-2008-karnataka-469,karnataka,2019,19,TUMKUR,CHAYA RAJASHANKAR,,4398,0.35,7,forfeit,U,,Graduate,Household,challenger,src-31c65dbec869
IN-PC-2008-karnataka-469,karnataka,2019,19,TUMKUR,MAHALAKSHMI C. P.,parties.IN.ASP,4211,0.34,8,forfeit,U,,Post Graduate,,challenger,src-31c65dbec869
IN-PC-2008-karnataka-469,karnataka,2019,19,TUMKUR,J. K. SAMI,parties.IN.IND,3453,0.28,9,forfeit,U,,5th Pass,,challenger,src-31c65dbec869
IN-PC-2008-karnataka-469,karnataka,2019,19,TUMKUR,G. NAGENDRA,parties.IN.IND,3050,0.25,10,forfeit,U,,10th Pass,Coolie,challenger,src-31c65dbec869
IN-PC-2008-karnataka-469,karnataka,2019,19,TUMKUR,T. N. KUMARA SWAMY,parties.IN.IND,2566,0.21,11,forfeit,U,,8th Pass,,challenger,src-31c65dbec869
IN-PC-2008-karnataka-469,karnataka,2019,19,TUMKUR,K. V. SRINIVAS KALKERE,parties.IN.IND,1959,0.16,12,forfeit,U,,Graduate,Coolie,challenger,src-31c65dbec869
IN-PC-2008-karnataka-469,karnataka,2019,19,TUMKUR,D. SHARADHISHAYANA,parties.IN.IND,1452,0.12,13,forfeit,U,,Graduate Professional,Lawyer,challenger,src-31c65dbec869
IN-PC-2008-karnataka-469,karnataka,2019,19,TUMKUR,PRAKASH. R. A. JAIN,parties.IN.IND,1277,0.1,14,forfeit,U,,Graduate Professional,,challenger,src-31c65dbec869
IN-PC-2008-karnataka-469,karnataka,2019,19,TUMKUR,B. S. MALLIKARJUNAIAH,parties.IN.IND,1269,0.1,15,forfeit,U,,Others,Self-employed,challenger,src-31c65dbec869
IN-PC-2008-karnataka-469,karnataka,2019,19,TUMKUR,KAPANIGOWDA,parties.IN.IND,1136,0.09,16,forfeit,U,,Graduate Professional,Lawyer,challenger,src-31c65dbec869
IN-PC-2008-karnataka-476,karnataka,2019,21,MYSORE,PRATHAP SIMHA,parties.IN.BJP,688974,52.27,1,won,U,,Post Graduate,Journalist or Editor,incumbent,src-31c65dbec869
IN-PC-2008-karnataka-476,karnataka,2019,21,MYSORE,C.H.VIJAYASHANKAR,parties.IN.INC,550327,41.75,2,lost,U,,Graduate,,crossover,src-31c65dbec869
IN-PC-2008-karnataka-476,karnataka,2019,21,MYSORE,DR. B. CHANDRA (CHANDREGOWDA),parties.IN.BSP,24597,1.87,3,forfeit,U,,Graduate Professional,,challenger,src-31c65dbec869
IN-PC-2008-karnataka-476,karnataka,2019,21,MYSORE,AYUB KHAN,parties.IN.INCP,9307,0.71,4,forfeit,U,,8th Pass,,challenger,src-31c65dbec869
IN-PC-2008-karnataka-476,karnataka,2019,21,MYSORE,SREENIVASAIAH,parties.IN.IND,6863,0.52,5,forfeit,U,,Graduate,,challenger,src-31c65dbec869
IN-PC-2008-karnataka-476,karnataka,2019,21,MYSORE,VENKATESHA D NAYAKA,parties.IN.IND,4504,0.34,7,forfeit,U,,12th Pass,,challenger,src-31c65dbec869
IN-PC-2008-karnataka-476,karnataka,2019,21,MYSORE,ASHARANI.V.,,4259,0.32,8,forfeit,U,,12th Pass,Self-employed,challenger,src-31c65dbec869
IN-PC-2008-karnataka-476,karnataka,2019,21,MYSORE,ALAGUDU LINGARAJU,parties.IN.IND,3506,0.27,9,forfeit,U,,Graduate Professional,Private Company,challenger,src-31c65dbec869
IN-PC-2008-karnataka-476,karnataka,2019,21,MYSORE,RAJU S/o LATE CHALUVASHETTY,parties.IN.IND,2515,0.19,10,forfeit,U,,8th Pass,,challenger,src-31c65dbec869
IN-PC-2008-karnataka-476,karnataka,2019,21,MYSORE,LOKESH KUMAR.G.,parties.IN.IND,2270,0.17,11,forfeit,U,,10th Pass,,challenger,src-31c65dbec869
IN-PC-2008-karnataka-476,karnataka,2019,21,MYSORE,RAVI,parties.IN.IND,2151,0.16,12,forfeit,U,,10th Pass,,challenger,src-31c65dbec869
IN-PC-2008-karnataka-476,karnataka,2019,21,MYSORE,G.M. MAHADEVA,parties.IN.IND,1949,0.15,13,forfeit,U,,Graduate,Self-employed,challenger,src-31c65dbec869
IN-PC-2008-karnataka-476,karnataka,2019,21,MYSORE,R. MAHESHA,parties.IN.IND,1676,0.13,14,forfeit,U,,12th Pass,,challenger,src-31c65dbec869
IN-PC-2008-karnataka-476,karnataka,2019,21,MYSORE,SANDHYA.P.S.,,1473,0.11,15,forfeit,U,,Post Graduate,Party Worker,challenger,src-31c65dbec869
IN-PC-2008-karnataka-476,karnataka,2019,21,MYSORE,M. J SURESHGOWDA,parties.IN.IND,1386,0.11,16,forfeit,U,,,,challenger,src-31c65dbec869
IN-PC-2008-karnataka-476,karnataka,2019,21,MYSORE,NINGAPPA. B. D.,parties.IN.IND,1141,0.09,17,forfeit,U,,10th Pass,NGO,challenger,src-31c65dbec869
IN-PC-2008-karnataka-476,karnataka,2019,21,MYSORE,ALISHAN. S,parties.IN.IND,1047,0.08,18,forfeit,U,,Post Graduate,Ex Police,challenger,src-31c65dbec869
IN-PC-2008-karnataka-476,karnataka,2019,21,MYSORE,KAVERIAMMA.N.K.,parties.IN.IND,1046,0.08,19,forfeit,U,,10th Pass,Retired Teacher,challenger,src-31c65dbec869
IN-PC-2008-karnataka-476,karnataka,2019,21,MYSORE,P.K. BIDDAPPA,,1013,0.08,20,forfeit,U,,10th Pass,Private Company,challenger,src-31c65dbec869
IN-PC-2008-karnataka-476,karnataka,2019,21,MYSORE,K.S.SOMASUNDER,parties.IN.IND,947,0.07,21,forfeit,U,,Graduate,,challenger,src-31c65dbec869
IN-PC-2008-karnataka-476,karnataka,2019,21,MYSORE,N. NAGESH,parties.IN.IND,913,0.07,22,forfeit,U,,12th Pass,Self-employed,challenger,src-31c65dbec869
IN-PC-2008-karnataka-476,karnataka,2019,21,MYSORE,ANAND KUMAR. M,parties.IN.IND,831,0.06,23,forfeit,U,,10th Pass,,challenger,src-31c65dbec869
IN-PC-2008-karnataka-457,karnataka,2019,25,BANGALORE CENTRAL,P. C. Mohan,parties.IN.BJP,602853,50.35,1,won,U,,12th Pass,,incumbent,src-31c65dbec869
IN-PC-2008-karnataka-457,karnataka,2019,25,BANGALORE CENTRAL,Rizwan Arshad,parties.IN.INC,531885,44.43,2,lost,U,,Graduate,,challenger,src-31c65dbec869
IN-PC-2008-karnataka-457,karnataka,2019,25,BANGALORE CENTRAL,Prakash Raj,parties.IN.IND,28906,2.41,3,forfeit,U,,12th Pass,Private Company,challenger,src-31c65dbec869
IN-PC-2008-karnataka-457,karnataka,2019,25,BANGALORE CENTRAL,Mellegatti Shridevi,,4271,0.36,5,forfeit,U,,Post Graduate,Musician or Artist,challenger,src-31c65dbec869
IN-PC-2008-karnataka-457,karnataka,2019,25,BANGALORE CENTRAL,M. K. Pasha,parties.IN.BSP,3889,0.32,6,forfeit,U,,Graduate,,challenger,src-31c65dbec869
IN-PC-2008-karnataka-457,karnataka,2019,25,BANGALORE CENTRAL,C.J. Aditya,parties.IN.IND,2201,0.18,7,forfeit,U,,12th Pass,Trader,challenger,src-31c65dbec869
IN-PC-2008-karnataka-457,karnataka,2019,25,BANGALORE CENTRAL,S. Mohan Kumar,parties.IN.IND,1998,0.17,8,forfeit,U,,Post Graduate,Ex Govt Employee,challenger,src-31c65dbec869
IN-PC-2008-karnataka-457,karnataka,2019,25,BANGALORE CENTRAL,Pradeep Mendonca,parties.IN.IND,1454,0.12,9,forfeit,U,,Graduate,Private Company,challenger,src-31c65dbec869
IN-PC-2008-karnataka-457,karnataka,2019,25,BANGALORE CENTRAL,Dr. Philip Mariyan,parties.IN.IND,1417,0.12,10,forfeit,U,,Others,Self-employed,challenger,src-31c65dbec869
IN-PC-2008-karnataka-457,karnataka,2019,25,BANGALORE CENTRAL,S. Pandurangan,parties.IN.IND,1407,0.12,11,forfeit,U,,10th Pass,Ex Military,challenger,src-31c65dbec869
IN-PC-2008-karnataka-457,karnataka,2019,25,BANGALORE CENTRAL,Francis Binny Jose,parties.IN.IND,1194,0.1,12,forfeit,U,,Graduate Professional,Lawyer,challenger,src-31c65dbec869
IN-PC-2008-karnataka-457,karnataka,2019,25,BANGALORE CENTRAL,Srinivasan R,parties.IN.ICF,660,0.06,13,forfeit,U,,Graduate,Self-employed,challenger,src-31c65dbec869
IN-PC-2008-karnataka-457,karnataka,2019,25,BANGALORE CENTRAL,B. Krishna Prasad,parties.IN.PBI,595,0.05,14,forfeit,U,,12th Pass,,crossover,src-31c65dbec869
IN-PC-2008-karnataka-457,karnataka,2019,25,BANGALORE CENTRAL,Kempurajan,parties.IN.RPSN,573,0.05,15,forfeit,U,,Graduate Professional,,challenger,src-31c65dbec869
IN-PC-2008-karnataka-457,karnataka,2019,25,BANGALORE CENTRAL,Jenifar J. Russell,parties.IN.IND,571,0.05,16,forfeit,U,,Graduate Professional,Managerial Position,challenger,src-31c65dbec869
IN-PC-2008-karnataka-457,karnataka,2019,25,BANGALORE CENTRAL,A. Christhuraj,parties.IN.IND,475,0.04,17,forfeit,U,,10th Pass,Private Company,challenger,src-31c65dbec869
IN-PC-2008-karnataka-457,karnataka,2019,25,BANGALORE CENTRAL,Hunsur K. ChandraShekar,,429,0.04,18,forfeit,U,,Graduate,,challenger,src-31c65dbec869
IN-PC-2008-karnataka-457,karnataka,2019,25,BANGALORE CENTRAL,Arun Prasad A,parties.IN.VCK,382,0.03,19,forfeit,U,,12th Pass,Self-employed,challenger,src-31c65dbec869
IN-PC-2008-karnataka-457,karnataka,2019,25,BANGALORE CENTRAL,Syed Asif Bukhari,parties.IN.IND,368,0.03,20,forfeit,U,,Graduate,,challenger,src-31c65dbec869
IN-PC-2008-karnataka-457,karnataka,2019,25,BANGALORE CENTRAL,Nawaz Dilber,,364,0.03,21,forfeit,U,,10th Pass,Self-employed,challenger,src-31c65dbec869
IN-PC-2008-karnataka-457,karnataka,2019,25,BANGALORE CENTRAL,Raparti Anil Kumar,parties.IN.IND,300,0.03,22,forfeit,U,,Graduate,Self-employed,challenger,src-31c65dbec869
IN-PC-2008-karnataka-457,karnataka,2019,25,BANGALORE CENTRAL,C. B. K. Rama,parties.IN.IND,282,0.02,23,forfeit,U,,Illiterate,Qualified Professional,challenger,src-31c65dbec869
IN-PC-2008-karnataka-463,karnataka,2019,26,BANGALORE SOUTH,TEJASVI SURYA,parties.IN.BJP,739229,62.2,1,won,U,,Graduate Professional,Lawyer,challenger,src-31c65dbec869
IN-PC-2008-karnataka-463,karnataka,2019,26,BANGALORE SOUTH,B.K.HARIPRASAD,parties.IN.INC,408037,34.33,2,lost,U,,Graduate,MP,challenger,src-31c65dbec869
IN-PC-2008-karnataka-463,karnataka,2019,26,BANGALORE SOUTH,AHORATRA NATESHA POLEPALLI,,6136,0.52,4,forfeit,U,,,,challenger,src-31c65dbec869
IN-PC-2008-karnataka-463,karnataka,2019,26,BANGALORE SOUTH,A.RAJU,parties.IN.BSP,3864,0.33,5,forfeit,U,,Graduate,,challenger,src-31c65dbec869
IN-PC-2008-karnataka-463,karnataka,2019,26,BANGALORE SOUTH,BRAHMANAND.N,parties.IN.IND,2701,0.23,6,forfeit,U,,8th Pass,,challenger,src-31c65dbec869
IN-PC-2008-karnataka-463,karnataka,2019,26,BANGALORE SOUTH,VATAL NAGARAJ,,2510,0.21,7,forfeit,U,,10th Pass,,challenger,src-31c65dbec869
IN-PC-2008-karnataka-463,karnataka,2019,26,BANGALORE SOUTH,DR.JOHN BASCO PHILIPS,parties.IN.ICF,2357,0.2,8,forfeit,U,,Others,Self-employed,challenger,src-31c65dbec869
IN-PC-2008-karnataka-463,karnataka,2019,26,BANGALORE SOUTH,PRASHANTHA.C,parties.IN.IND,2232,0.19,9,forfeit,U,,Post Graduate,,challenger,src-31c65dbec869
IN-PC-2008-karnataka-463,karnataka,2019,26,BANGALORE SOUTH,MANOHAR IYER,parties.IN.IND,2152,0.18,10,forfeit,U,,Graduate,Private Company,challenger,src-31c65dbec869
IN-PC-2008-karnataka-463,karnataka,2019,26,BANGALORE SOUTH,CHETAN CHAMAN,parties.IN.IND,1107,0.09,11,forfeit,U,,Graduate,,challenger,src-31c65dbec869
IN-PC-2008-karnataka-463,karnataka,2019,26,BANGALORE SOUTH,BHAGYA.S,parties.IN.IND,1090,0.09,12,forfeit,U,,Others,Private Company,challenger,src-31c65dbec869
IN-PC-2008-karnataka-463,karnataka,2019,26,BANGALORE SOUTH,SANTHOSH MIN.B,parties.IN.IND,960,0.08,13,forfeit,U,,Others,Managerial Position,challenger,src-31c65dbec869
IN-PC-2008-karnataka-463,karnataka,2019,26,BANGALORE SOUTH,THYAGARAJ,parties.IN.RPSN,789,0.07,14,forfeit,U,,10th Pass,Self-employed,challenger,src-31c65dbec869
IN-PC-2008-karnataka-463,karnataka,2019,26,BANGALORE SOUTH,DR. BANUPRAKASH A.S SATHYA YUGA,,699,0.06,15,forfeit,U,,Post Graduate,Doctor,challenger,src-31c65dbec869
IN-PC-2008-karnataka-463,karnataka,2019,26,BANGALORE SOUTH,K.C.NAGABHUSHANA REDDY,parties.IN.IND,641,0.05,16,forfeit,U,,Graduate Professional,,challenger,src-31c65dbec869
IN-PC-2008-karnataka-463,karnataka,2019,26,BANGALORE SOUTH,R.SHEKAR,parties.IN.VCK,540,0.05,17,forfeit,U,,,,challenger,src-31c65dbec869
IN-PC-2008-karnataka-463,karnataka,2019,26,BANGALORE SOUTH,MADESH.V,parties.IN.IND,495,0.04,18,forfeit,U,,12th Pass,,challenger,src-31c65dbec869
IN-PC-2008-karnataka-463,karnataka,2019,26,BANGALORE SOUTH,KOLLUR MANJUNATHA NAIK,parties.IN.IND,463,0.04,19,forfeit,U,,Graduate Professional,Engineer,challenger,src-31c65dbec869
IN-PC-2008-karnataka-463,karnataka,2019,26,BANGALORE SOUTH,B.CHIKKA NAGESHA,parties.IN.IND,450,0.04,20,forfeit,U,,10th Pass,,challenger,src-31c65dbec869
IN-PC-2008-karnataka-463,karnataka,2019,26,BANGALORE SOUTH,RAVIKUMARA.T,,419,0.04,21,forfeit,U,,Graduate Professional,Engineer,crossover,src-31c65dbec869
IN-PC-2008-karnataka-463,karnataka,2019,26,BANGALORE SOUTH,SYED SADIQ PASHA,,403,0.03,22,forfeit,U,,8th Pass,Private Company,challenger,src-31c65dbec869
IN-PC-2008-karnataka-463,karnataka,2019,26,BANGALORE SOUTH,AMBROSE D' MELLO,parties.IN.IND,389,0.03,23,forfeit,U,,Post Graduate,Activist,challenger,src-31c65dbec869
IN-PC-2008-karnataka-463,karnataka,2019,26,BANGALORE SOUTH,B.SREENIVASULU,parties.IN.IND,368,0.03,24,forfeit,U,,Post Graduate,Engineer,challenger,src-31c65dbec869
IN-PC-2008-karnataka-463,karnataka,2019,26,BANGALORE SOUTH,YOGEESH NAGARAJ,parties.IN.IND,281,0.02,25,forfeit,U,,12th Pass,,challenger,src-31c65dbec869
IN-PC-2008-karnataka-463,karnataka,2019,26,BANGALORE SOUTH,G VENKATESH BHOVI,parties.IN.IND,241,0.02,26,forfeit,U,,10th Pass,Journalist or Editor,challenger,src-31c65dbec869
IN-PC-2008-karnataka-452,karnataka,2019,27,CHIKKBALLAPUR,B.N.Bache Gowda,parties.IN.BJP,745912,53.78,1,won,U,,Graduate Professional,,challenger,src-31c65dbec869
IN-PC-2008-karnataka-452,karnataka,2019,27,CHIKKBALLAPUR,M.Veerappa Moily,parties.IN.INC,563802,40.65,2,lost,U,,Graduate Professional,"Lawyer, Author",incumbent,src-31c65dbec869
IN-PC-2008-karnataka-452,karnataka,2019,27,CHIKKBALLAPUR,Dr. C.S.Dwarakanath,parties.IN.BSP,23446,1.69,3,forfeit,U,,Post Graduate,Lawyer,challenger,src-31c65dbec869
IN-PC-2008-karnataka-452,karnataka,2019,27,CHIKKBALLAPUR,S.Varalakshmi,,18648,1.34,4,forfeit,U,,12th Pass,Trade Union,challenger,src-31c65dbec869
IN-PC-2008-karnataka-452,karnataka,2019,27,CHIKKBALLAPUR,Muniraju.G,,5093,0.37,6,forfeit,U,,Others,,challenger,src-31c65dbec869
IN-PC-2008-karnataka-452,karnataka,2019,27,CHIKKBALLAPUR,D.Palya Khadar Subhan Khan,,4991,0.36,7,forfeit,U,,10th Pass,,challenger,src-31c65dbec869
IN-PC-2008-karnataka-452,karnataka,2019,27,CHIKKBALLAPUR,S.R.Nageshareddy,parties.IN.ASP,3550,0.26,8,forfeit,U,,8th Pass,,challenger,src-31c65dbec869
IN-PC-2008-karnataka-452,karnataka,2019,27,CHIKKBALLAPUR,Nalina.K.S,parties.IN.IND,3518,0.25,9,forfeit,U,,12th Pass,,challenger,src-31c65dbec869
IN-PC-2008-karnataka-452,karnataka,2019,27,CHIKKBALLAPUR,Phaniraj.S.V,parties.IN.IND,2078,0.15,10,forfeit,U,,Others,Managerial Position,challenger,src-31c65dbec869
IN-PC-2008-karnataka-452,karnataka,2019,27,CHIKKBALLAPUR,Nazir Ahmed,,1743,0.13,11,forfeit,U,,10th Pass,,challenger,src-31c65dbec869
IN-PC-2008-karnataka-452,karnataka,2019,27,CHIKKBALLAPUR,L. Nagaraj,parties.IN.IND,1655,0.12,12,forfeit,U,,Others,Self-employed,challenger,src-31c65dbec869
IN-PC-2008-karnataka-452,karnataka,2019,27,CHIKKBALLAPUR,Nasrulla,parties.IN.IND,1362,0.1,13,forfeit,U,,Literate,,challenger,src-31c65dbec869
IN-PC-2008-karnataka-452,karnataka,2019,27,CHIKKBALLAPUR,Nagendra Rao Shinde,,1288,0.09,14,forfeit,U,,Post Graduate,Qualified Professional,challenger,src-31c65dbec869
IN-PC-2008-karnataka-452,karnataka,2019,27,CHIKKBALLAPUR,Alanguru Kanakalakshmi,parties.IN.IND,1020,0.07,15,forfeit,U,,10th Pass,,challenger,src-31c65dbec869
IN-PC-2008-karnataka-452,karnataka,2019,27,CHIKKBALLAPUR,AbdulKarim Desai,parties.IN.IND,832,0.06,16,forfeit,U,,Post Graduate,,challenger,src-31c65dbec869
IN-PC-2008-karnataka-460,karnataka,2019,28,KOLAR,S. MUNISWAMY,parties.IN.BJP,709165,56.35,1,won,U,,12th Pass,Municipality Member,challenger,src-31c65dbec869
IN-PC-2008-karnataka-460,karnataka,2019,28,KOLAR,K.H. MUNIYAPPA,parties.IN.INC,499144,39.66,2,lost,U,,Graduate Professional,MP,incumbent,src-31c65dbec869
IN-PC-2008-karnataka-460,karnataka,2019,28,KOLAR,JAYAPRASAD M.G,parties.IN.BSP,9861,0.78,4,forfeit,U,,Post Graduate,Qualified Professional,challenger,src-31c65dbec869
IN-PC-2008-karnataka-460,karnataka,2019,28,KOLAR,ASHOK CHAKRAVARTHI M.B,parties.IN.ASP,7085,0.56,5,forfeit,U,,10th Pass,,challenger,src-31c65dbec869
IN-PC-2008-karnataka-460,karnataka,2019,28,KOLAR,RAMANJI. R,,3412,0.27,6,forfeit,U,,Post Graduate,,challenger,src-31c65dbec869
IN-PC-2008-karnataka-460,karnataka,2019,28,KOLAR,RAJ KUMARESAN. L,parties.IN.IND,2881,0.23,7,forfeit,U,,Post Graduate,Self-employed,challenger,src-31c65dbec869
IN-PC-2008-karnataka-460,karnataka,2019,28,KOLAR,N.C. SUBBARAYAPPA,parties.IN.IND,2574,0.2,8,forfeit,U,,Graduate Professional,,challenger,src-31c65dbec869
IN-PC-2008-karnataka-460,karnataka,2019,28,KOLAR,C. SHANKARAPPA,parties.IN.IND,2495,0.2,9,forfeit,U,,10th Pass,,challenger,src-31c65dbec869
IN-PC-2008-karnataka-460,karnataka,2019,28,KOLAR,Dr. RAMESH BABU. V.M.,parties.IN.IND,1494,0.12,10,forfeit,U,,Post Graduate,Self-employed,challenger,src-31c65dbec869
IN-PC-2008-karnataka-460,karnataka,2019,28,KOLAR,G. CHIKKANARAYANA,parties.IN.RPSN,1491,0.12,11,forfeit,U,,Graduate,,challenger,src-31c65dbec869
IN-PC-2008-karnataka-460,karnataka,2019,28,KOLAR,MEDIHALA CHALAVADI M CHANDRASHEKAR,parties.IN.IND,1454,0.12,12,forfeit,U,,12th Pass,,challenger,src-31c65dbec869
IN-PC-2008-karnataka-460,karnataka,2019,28,KOLAR,SARVESH N.M.,,1407,0.11,13,forfeit,U,,12th Pass,,challenger,src-31c65dbec869
IN-PC-2008-karnataka-460,karnataka,2019,28,KOLAR,MUNIRAJAPPA. P,parties.IN.IND,1184,0.09,14,forfeit,U,,12th Pass,,challenger,src-31c65dbec869
IN-PC-2008-karnataka-460,karnataka,2019,28,KOLAR,DHANAMATNALLI VENKATESHAPPA,parties.IN.RPIA,1015,0.08,15,forfeit,U,,12th Pass,,challenger,src-31c65dbec869
IN-PC-2008-kerala-490,kerala,2019,1,KASARAGOD,Rajmohan Unnithan,parties.IN.INC,474961,43.18,1,won,U,,Graduate,,challenger,src-31c65dbec869
IN-PC-2008-kerala-490,kerala,2019,1,KASARAGOD,K. P. Sathishchandran,,434523,39.5,2,lost,U,,Graduate,Party Worker,challenger,src-31c65dbec869
IN-PC-2008-kerala-490,kerala,2019,1,KASARAGOD,Ravisha Thanthri Kuntar,parties.IN.BJP,176049,16,3,forfeit,U,,10th Pass,,challenger,src-31c65dbec869
IN-PC-2008-kerala-490,kerala,2019,1,KASARAGOD,Govindan B Alinthazhe,parties.IN.IND,2670,0.24,5,forfeit,U,,Literate,,challenger,src-31c65dbec869
IN-PC-2008-kerala-490,kerala,2019,1,KASARAGOD,Adv. Basheer Alady,parties.IN.BSP,1910,0.17,6,forfeit,U,,Post Graduate,Lawyer,challenger,src-31c65dbec869
IN-PC-2008-kerala-490,kerala,2019,1,KASARAGOD,Rameshan Bandadka,parties.IN.IND,1711,0.16,7,forfeit,U,,10th Pass,,challenger,src-31c65dbec869
IN-PC-2008-kerala-490,kerala,2019,1,KASARAGOD,Ranadivan. R. K,parties.IN.IND,1478,0.13,8,forfeit,U,,12th Pass,Coolie,challenger,src-31c65dbec869
IN-PC-2008-kerala-490,kerala,2019,1,KASARAGOD,Saji,parties.IN.IND,1278,0.12,9,forfeit,U,,8th Pass,Coolie,challenger,src-31c65dbec869
IN-PC-2008-kerala-490,kerala,2019,1,KASARAGOD,Narendra Kumar. K,parties.IN.IND,1054,0.1,10,forfeit,U,,Graduate Professional,,challenger,src-31c65dbec869
IN-PC-2008-kerala-498,kerala,2019,6,MALAPPURAM,P.K. Kunhalikutty,parties.IN.IUML,589873,57.01,1,won,U,,Graduate,MP,incumbent,src-31c65dbec869
IN-PC-2008-kerala-498,kerala,2019,6,MALAPPURAM,V.P. Sanu,,329720,31.87,2,lost,U,,Post Graduate,,challenger,src-31c65dbec869
IN-PC-2008-kerala-498,kerala,2019,6,MALAPPURAM,Unnikrishnan,parties.IN.BJP,82332,7.96,3,forfeit,U,,Graduate Professional,School Teacher,challenger,src-31c65dbec869
IN-PC-2008-kerala-498,kerala,2019,6,MALAPPURAM,Abdul Majeed Faizy,parties.IN.SDPI,19106,1.85,4,forfeit,U,,10th Pass,Priest,challenger,src-31c65dbec869
IN-PC-2008-kerala-498,kerala,2019,6,MALAPPURAM,Nissar Methar,parties.IN.IND,3687,0.36,6,forfeit,U,,,,challenger,src-31c65dbec869
IN-PC-2008-kerala-498,kerala,2019,6,MALAPPURAM,Adv. Praveen Kumar,parties.IN.BSP,2294,0.22,7,forfeit,U,,Graduate Professional,Lawyer,challenger,src-31c65dbec869
IN-PC-2008-kerala-498,kerala,2019,6,MALAPPURAM,Sanu N.K,parties.IN.IND,2203,0.21,8,forfeit,U,,,,challenger,src-31c65dbec869
IN-PC-2008-kerala-498,kerala,2019,6,MALAPPURAM,Abdul Salam K.P,parties.IN.IND,923,0.09,9,forfeit,U,,,,challenger,src-31c65dbec869
IN-PC-2008-kerala-500,kerala,2019,9,ALATHUR,RAMYA HARIDAS,parties.IN.INC,533815,52.4,1,won,U,,10th Pass,,challenger,src-31c65dbec869
IN-PC-2008-kerala-500,kerala,2019,9,ALATHUR,DR. P.K.BIJU,,374847,36.8,2,lost,U,,Doctorate,,incumbent,src-31c65dbec869
IN-PC-2008-kerala-500,kerala,2019,9,ALATHUR,T.V.BABU,parties.IN.BDJS,89837,8.82,3,forfeit,U,,10th Pass,,challenger,src-31c65dbec869
IN-PC-2008-kerala-500,kerala,2019,9,ALATHUR,DR.JAYAN.C.KUTHANUR,parties.IN.BSP,5505,0.54,5,forfeit,U,,Doctorate,,challenger,src-31c65dbec869
IN-PC-2008-kerala-500,kerala,2019,9,ALATHUR,ADV.PRETHEEP KUMAR.P.K.,parties.IN.IND,4301,0.42,6,forfeit,U,,Graduate Professional,Lawyer,challenger,src-31c65dbec869
IN-PC-2008-kerala-500,kerala,2019,9,ALATHUR,KRISHNANKUTTY KUNISSERY,parties.IN.IND,2716,0.27,7,forfeit,U,,,,challenger,src-31c65dbec869
IN-PC-2008-kerala-487,kerala,2019,11,CHALAKUDY,BENNY BEHANAN,parties.IN.INC,473444,47.81,1,won,U,,Graduate,,challenger,src-31c65dbec869
IN-PC-2008-kerala-487,kerala,2019,11,CHALAKUDY,INNOCENT,,341170,34.45,2,lost,U,,8th Pass,"Actor, Film Director",incumbent,src-31c65dbec869
IN-PC-2008-kerala-487,kerala,2019,11,CHALAKUDY,A N RADHAKRISHNAN,parties.IN.BJP,154159,15.57,3,forfeit,U,,Graduate,,challenger,src-31c65dbec869
IN-PC-2008-kerala-487,kerala,2019,11,CHALAKUDY,P P MOIDEEN KUNJU,parties.IN.SDPI,4687,0.47,5,forfeit,U,,10th Pass,,challenger,src-31c65dbec869
IN-PC-2008-kerala-487,kerala,2019,11,CHALAKUDY,JOHNSON N,parties.IN.BSP,2131,0.22,6,forfeit,U,,10th Pass,Auto-rickshaw Driver,challenger,src-31c65dbec869
IN-PC-2008-kerala-487,kerala,2019,11,CHALAKUDY,MUJEEB RAHMAN T A,,1467,0.15,7,forfeit,U,,10th Pass,,challenger,src-31c65dbec869
IN-PC-2008-kerala-487,kerala,2019,11,CHALAKUDY,M R SATHYADEVAN,parties.IN.IND,1432,0.14,8,forfeit,U,,,,challenger,src-31c65dbec869
IN-PC-2008-kerala-487,kerala,2019,11,CHALAKUDY,SUBRAMANIAN,parties.IN.IND,1000,0.1,9,forfeit,U,,8th Pass,,challenger,src-31c65dbec869
IN-PC-2008-kerala-487,kerala,2019,11,CHALAKUDY,ADV SUJA ANTONY,,930,0.09,10,forfeit,U,,Post Graduate,Lawyer,challenger,src-31c65dbec869
IN-PC-2008-kerala-487,kerala,2019,11,CHALAKUDY,JOSE THOMAS,,871,0.09,11,forfeit,U,,Graduate,,challenger,src-31c65dbec869
IN-PC-2008-kerala-487,kerala,2019,11,CHALAKUDY,FREDY JACKSON PEREIRA,parties.IN.IND,682,0.07,12,forfeit,U,,12th Pass,,challenger,src-31c65dbec869
IN-PC-2008-kerala-487,kerala,2019,11,CHALAKUDY,JOHNSON K C,parties.IN.IND,355,0.04,13,forfeit,U,,,,challenger,src-31c65dbec869
IN-PC-2008-kerala-487,kerala,2019,11,CHALAKUDY,NOBY AUGUSTINE,parties.IN.IND,318,0.03,14,forfeit,U,,,,challenger,src-31c65dbec869
IN-PC-2008-kerala-492,kerala,2019,13,IDUKKI,Adv. DEAN KURIAKOSE,parties.IN.INC,498493,54.23,1,won,U,,Post Graduate,Lawyer,challenger,src-31c65dbec869
IN-PC-2008-kerala-492,kerala,2019,13,IDUKKI,"Adv, JOICE GEORGE",parties.IN.IND,327440,35.62,2,lost,U,,Post Graduate,Lawyer,incumbent,src-31c65dbec869
IN-PC-2008-kerala-492,kerala,2019,13,IDUKKI,BIJU KRISHNAN,parties.IN.BDJS,78648,8.56,3,forfeit,U,,Graduate,Managerial Position,challenger,src-31c65dbec869
IN-PC-2008-kerala-492,kerala,2019,13,IDUKKI,LEETHESH P. T.,parties.IN.BSP,2906,0.32,5,forfeit,U,,Graduate,Self-employed,challenger,src-31c65dbec869
IN-PC-2008-kerala-492,kerala,2019,13,IDUKKI,GOMATHY,parties.IN.IND,1985,0.22,6,forfeit,U,,8th Pass,Party Worker,challenger,src-31c65dbec869
IN-PC-2008-kerala-492,kerala,2019,13,IDUKKI,M. SELVARAJ,parties.IN.VCK,1628,0.18,7,forfeit,U,,8th Pass,,challenger,src-31c65dbec869
IN-PC-2008-kerala-492,kerala,2019,13,IDUKKI,BABY K. A.,parties.IN.IND,1556,0.17,8,forfeit,U,,10th Pass,,challenger,src-31c65dbec869
IN-PC-2008-kerala-492,kerala,2019,13,IDUKKI,REJI NJALLANI,parties.IN.IND,1324,0.14,9,forfeit,U,,10th Pass,,challenger,src-31c65dbec869
IN-PC-2008-kerala-488,kerala,2019,14,KOTTAYAM,Thomas Chazhikadan,parties.IN.KECM,421046,46.25,1,won,U,,Graduate Professional,Accountant,challenger,src-31c65dbec869
IN-PC-2008-kerala-488,kerala,2019,14,KOTTAYAM,V.N. Vasavan,,314787,34.58,2,lost,U,,10th Pass,,challenger,src-31c65dbec869
IN-PC-2008-kerala-488,kerala,2019,14,KOTTAYAM,Adv. P.C Thomas,parties.IN.KEC,155135,17.04,3,lost,U,,Graduate Professional,Lawyer,crossover,src-31c65dbec869
IN-PC-2008-kerala-488,kerala,2019,14,KOTTAYAM,Jijo Joseph,parties.IN.BSP,7403,0.81,4,forfeit,U,,Post Graduate,Self-employed,challenger,src-31c65dbec869
IN-PC-2008-kerala-488,kerala,2019,14,KOTTAYAM,E.V. Prakash,,2216,0.24,6,forfeit,U,,10th Pass,,challenger,src-31c65dbec869
IN-PC-2008-kerala-488,kerala,2019,14,KOTTAYAM,Thomas J. Nidhiry,parties.IN.IND,1496,0.16,7,forfeit,U,,Post Graduate,,challenger,src-31c65dbec869
IN-PC-2008-kerala-488,kerala,2019,14,KOTTAYAM,Ignatious Illimoottil,parties.IN.IND,1065,0.12,8,forfeit,U,,8th Pass,Self-employed,challenger,src-31c65dbec869
IN-PC-2008-kerala-495,kerala,2019,16,MAVELIKKARA,KODIKUNNIL SURESH,parties.IN.INC,440415,45.36,1,won,U,,Post Graduate,,incumbent,src-31c65dbec869
IN-PC-2008-kerala-495,kerala,2019,16,MAVELIKKARA,CHITTAYAM GOPAKUMAR,parties.IN.CPI,379277,39.06,2,lost,U,,10th Pass,Party Worker,challenger,src-31c65dbec869
IN-PC-2008-kerala-495,kerala,2019,16,MAVELIKKARA,THAZHAVA SAHADEVAN,parties.IN.BDJS,133546,13.75,3,forfeit,U,,10th Pass,Managerial Position,challenger,src-31c65dbec869
IN-PC-2008-kerala-495,kerala,2019,16,MAVELIKKARA,THOLLUR RAJAGOPALAN,parties.IN.BSP,3864,0.4,5,forfeit,U,,10th Pass,Coolie,challenger,src-31c65dbec869
IN-PC-2008-kerala-495,kerala,2019,16,MAVELIKKARA,KUTTAN KATTACHIRA,parties.IN.IND,1982,0.2,6,forfeit,U,,,,challenger,src-31c65dbec869
IN-PC-2008-kerala-495,kerala,2019,16,MAVELIKKARA,USHA KOTTARAKKARA,parties.IN.IND,1620,0.17,7,forfeit,U,,,,challenger,src-31c65dbec869
IN-PC-2008-kerala-495,kerala,2019,16,MAVELIKKARA,K. BIMALJI,,1450,0.15,8,forfeit,U,,Post Graduate,,challenger,src-31c65dbec869
IN-PC-2008-kerala-495,kerala,2019,16,MAVELIKKARA,RAGHAVAN R,parties.IN.IND,1314,0.14,9,forfeit,U,,5th Pass,,challenger,src-31c65dbec869
IN-PC-2008-kerala-495,kerala,2019,16,MAVELIKKARA,AJAYAKUMAR,parties.IN.IND,1211,0.12,10,forfeit,U,,10th Pass,Taxi Driver,challenger,src-31c65dbec869
IN-PC-2008-kerala-495,kerala,2019,16,MAVELIKKARA,AJI PATHANAPURAM,parties.IN.IND,602,0.06,11,forfeit,U,,10th Pass,,challenger,src-31c65dbec869
IN-PC-2008-kerala-484,kerala,2019,17,PATHANAMTHITTA,ANTO ANTONY,parties.IN.INC,380927,37.11,1,won,U,,Graduate,Party Worker,incumbent,src-31c65dbec869
IN-PC-2008-kerala-484,kerala,2019,17,PATHANAMTHITTA,VEENA GEORGE,,336684,32.8,2,lost,U,,Post Graduate,MLA,challenger,src-31c65dbec869
IN-PC-2008-kerala-484,kerala,2019,17,PATHANAMTHITTA,K SURENDRAN,parties.IN.BJP,297396,28.97,3,lost,U,,Graduate,,challenger,src-31c65dbec869
IN-PC-2008-kerala-484,kerala,2019,17,PATHANAMTHITTA,SHIBU PARAKKADAVAN,parties.IN.BSP,3814,0.37,4,forfeit,U,,10th Pass,,challenger,src-31c65dbec869
IN-PC-2008-kerala-484,kerala,2019,17,PATHANAMTHITTA,VEENA V,parties.IN.IND,1809,0.18,6,forfeit,U,,12th Pass,Household,challenger,src-31c65dbec869
IN-PC-2008-kerala-484,kerala,2019,17,PATHANAMTHITTA,JOSE GEORGE,parties.IN.APOI,1355,0.13,7,forfeit,U,,10th Pass,,challenger,src-31c65dbec869
IN-PC-2008-kerala-484,kerala,2019,17,PATHANAMTHITTA,BINU BABY,,622,0.06,8,forfeit,U,,Others,Party Worker,challenger,src-31c65dbec869
IN-PC-2008-kerala-484,kerala,2019,17,PATHANAMTHITTA,RATHEESH CHOORAKODU,parties.IN.IND,594,0.06,9,forfeit,U,,,,challenger,src-31c65dbec869
IN-PC-2008-lakshadweep-482,lakshadweep,2019,1,LAKSHADWEEP,MOHAMMED FAIZAL PP,parties.IN.NCP,22851,48.61,1,won,U,,Post Graduate,,incumbent,src-31c65dbec869
IN-PC-2008-lakshadweep-482,lakshadweep,2019,1,LAKSHADWEEP,HAMDULLAH SAYEED,parties.IN.INC,22028,46.86,2,lost,U,,Graduate Professional,Lawyer,challenger,src-31c65dbec869
IN-PC-2008-lakshadweep-482,lakshadweep,2019,1,LAKSHADWEEP,DR. MOHAMMED SADIQUE KP,parties.IN.JDU,1342,2.85,3,forfeit,U,,Post Graduate,,challenger,src-31c65dbec869
IN-PC-2008-lakshadweep-482,lakshadweep,2019,1,LAKSHADWEEP,SHAREEF KHAN,,420,0.89,4,forfeit,U,,10th Pass,,challenger,src-31c65dbec869
IN-PC-2008-lakshadweep-482,lakshadweep,2019,1,LAKSHADWEEP,ALI AKBAR K.,parties.IN.CPI,143,0.3,5,forfeit,U,,10th Pass,,challenger,src-31c65dbec869
IN-PC-2008-lakshadweep-482,lakshadweep,2019,1,LAKSHADWEEP,ABDUL KHADER HAJI,parties.IN.BJP,125,0.27,6,forfeit,U,,5th Pass,Distributors,challenger,src-31c65dbec869
IN-PC-2008-madhya-pradesh-323,madhya-pradesh,2019,1,MORENA,NARENDRA SINGH TOMAR,parties.IN.BJP,541689,47.63,1,won,U,,Graduate,,incumbent,src-31c65dbec869
IN-PC-2008-madhya-pradesh-323,madhya-pradesh,2019,1,MORENA,RAMNIWAS RAWAT,parties.IN.INC,428348,37.66,2,lost,U,,Post Graduate,Rent,challenger,src-31c65dbec869
IN-PC-2008-madhya-pradesh-323,madhya-pradesh,2019,1,MORENA,KARTAR SINGH BHADANA,parties.IN.BSP,129380,11.38,3,forfeit,U,,8th Pass,,challenger,src-31c65dbec869
IN-PC-2008-madhya-pradesh-323,madhya-pradesh,2019,1,MORENA,TOFEEK KHAN,parties.IN.IND,4780,0.42,4,forfeit,U,,Graduate,,challenger,src-31c65dbec869
IN-PC-2008-madhya-pradesh-323,madhya-pradesh,2019,1,MORENA,ASHOK RAJORIYA,,4294,0.38,5,forfeit,U,,Graduate,,challenger,src-31c65dbec869
IN-PC-2008-madhya-pradesh-323,madhya-pradesh,2019,1,MORENA,MUNNA,parties.IN.IND,2696,0.24,6,forfeit,U,,12th Pass,,challenger,src-31c65dbec869
IN-PC-2008-madhya-pradesh-323,madhya-pradesh,2019,1,MORENA,SANJU SHARMA,parties.IN.SHS,2509,0.22,7,forfeit,U,,10th Pass,,challenger,src-31c65dbec869
IN-PC-2008-madhya-pradesh-323,madhya-pradesh,2019,1,MORENA,PRABHU SINGH,parties.IN.IND,2332,0.21,8,forfeit,U,,12th Pass,,challenger,src-31c65dbec869
IN-PC-2008-madhya-pradesh-323,madhya-pradesh,2019,1,MORENA,DHEERAJ SINGH MAVAI,parties.IN.IND,2137,0.19,9,forfeit,U,,12th Pass,,challenger,src-31c65dbec869
IN-PC-2008-madhya-pradesh-323,madhya-pradesh,2019,1,MORENA,TEJPAL SINGH RAWAT,parties.IN.IND,1936,0.17,11,forfeit,U,,Literate,,challenger,src-31c65dbec869
IN-PC-2008-madhya-pradesh-323,madhya-pradesh,2019,1,MORENA,BAJUDDEEN BAJ,parties.IN.IND,1921,0.17,12,forfeit,U,,Illiterate,,challenger,src-31c65dbec869
IN-PC-2008-madhya-pradesh-323,madhya-pradesh,2019,1,MORENA,VIVEK,parties.IN.HND,1460,0.13,13,forfeit,U,,Graduate,,challenger,src-31c65dbec869
IN-PC-2008-madhya-pradesh-323,madhya-pradesh,2019,1,MORENA,RAMLAKHAN MEENA,parties.IN.RKSP,1431,0.13,14,forfeit,U,,Graduate,,challenger,src-31c65dbec869
IN-PC-2008-madhya-pradesh-323,madhya-pradesh,2019,1,MORENA,PATIRAM SHAKYA,parties.IN.RPIA,1121,0.1,15,forfeit,U,,10th Pass,,challenger,src-31c65dbec869
IN-PC-2008-madhya-pradesh-323,madhya-pradesh,2019,1,MORENA,PAWAN KUMAR GOYAL,,968,0.09,16,forfeit,U,,Post Graduate,Shop Keeper,challenger,src-31c65dbec869
IN-PC-2008-madhya-pradesh-323,madhya-pradesh,2019,1,MORENA,DHARA SINGH,,952,0.08,17,forfeit,U,,10th Pass,,challenger,src-31c65dbec869
IN-PC-2008-madhya-pradesh-323,madhya-pradesh,2019,1,MORENA,SUMIT MISRA,parties.IN.IND,945,0.08,18,forfeit,U,,10th Pass,,challenger,src-31c65dbec869
IN-PC-2008-madhya-pradesh-323,madhya-pradesh,2019,1,MORENA,RAJESH SINGH BHADORIA [BHURE],,933,0.08,19,forfeit,U,,12th Pass,Real Estate or Builder or Developer or Construction,challenger,src-31c65dbec869
IN-PC-2008-madhya-pradesh-323,madhya-pradesh,2019,1,MORENA,DR. RANDHIR SINGH RUHAL,,930,0.08,20,forfeit,U,,Doctorate,,challenger,src-31c65dbec869
IN-PC-2008-madhya-pradesh-323,madhya-pradesh,2019,1,MORENA,RAJVEER,parties.IN.IND,894,0.08,21,forfeit,U,,Graduate,,challenger,src-31c65dbec869
IN-PC-2008-madhya-pradesh-323,madhya-pradesh,2019,1,MORENA,NARENDRA SINGH,parties.IN.RPIR,825,0.07,22,forfeit,U,,Post Graduate,Self-employed,challenger,src-31c65dbec869
IN-PC-2008-madhya-pradesh-323,madhya-pradesh,2019,1,MORENA,BHANTE SANGH RATAN,parties.IN.BHAPRAP,800,0.07,23,forfeit,U,,Literate,,challenger,src-31c65dbec869
IN-PC-2008-madhya-pradesh-323,madhya-pradesh,2019,1,MORENA,MEHABUB KHAN,parties.IN.IND,661,0.06,24,forfeit,U,,8th Pass,,challenger,src-31c65dbec869
IN-PC-2008-madhya-pradesh-323,madhya-pradesh,2019,1,MORENA,LAXMI BAGHEL,parties.IN.IND,651,0.06,25,forfeit,U,,Graduate,Panchayat Member,challenger,src-31c65dbec869
IN-PC-2008-madhya-pradesh-323,madhya-pradesh,2019,1,MORENA,SONU AGARWAL,parties.IN.IND,599,0.05,26,forfeit,U,,,,challenger,src-31c65dbec869
IN-PC-2008-madhya-pradesh-307,madhya-pradesh,2019,2,BHIND,SANDHYA RAY,parties.IN.BJP,527694,54.93,1,won,U,,Post Graduate,,challenger,src-31c65dbec869
IN-PC-2008-madhya-pradesh-307,madhya-pradesh,2019,2,BHIND,DEVASHISH,parties.IN.INC,327809,34.12,2,lost,U,,Graduate Professional,Home Teacher or Tuition,challenger,src-31c65dbec869
IN-PC-2008-madhya-pradesh-307,madhya-pradesh,2019,2,BHIND,BABU RAM JAMOR,parties.IN.BSP,66613,6.93,3,forfeit,U,,10th Pass,Ex Military,challenger,src-31c65dbec869
IN-PC-2008-madhya-pradesh-307,madhya-pradesh,2019,2,BHIND,OM PRAKASH SHAKYA,parties.IN.HND,5735,0.6,4,forfeit,U,,Post Graduate,Lawyer,challenger,src-31c65dbec869
IN-PC-2008-madhya-pradesh-307,madhya-pradesh,2019,2,BHIND,RAJESH KUMAR JATAV,parties.IN.IND,4993,0.52,5,forfeit,U,,12th Pass,,challenger,src-31c65dbec869
IN-PC-2008-madhya-pradesh-307,madhya-pradesh,2019,2,BHIND,RAM NARESH JATAV,parties.IN.IND,3645,0.38,7,forfeit,U,,,,challenger,src-31c65dbec869
IN-PC-2008-madhya-pradesh-307,madhya-pradesh,2019,2,BHIND,DILEEP KUMAR DOHARE (ADVOCAT),parties.IN.APOI,2929,0.3,8,forfeit,U,,Graduate Professional,Lawyer,challenger,src-31c65dbec869
IN-PC-2008-madhya-pradesh-307,madhya-pradesh,2019,2,BHIND,DHARM SINGH BHARGAV,parties.IN.IND,2438,0.25,9,forfeit,U,,12th Pass,,challenger,src-31c65dbec869
IN-PC-2008-madhya-pradesh-307,madhya-pradesh,2019,2,BHIND,UMESH GARG,parties.IN.IND,2181,0.23,10,forfeit,U,,12th Pass,Contractor,challenger,src-31c65dbec869
IN-PC-2008-madhya-pradesh-307,madhya-pradesh,2019,2,BHIND,BRIKHBHAN DOHARE,parties.IN.IND,1897,0.2,11,forfeit,U,,,,challenger,src-31c65dbec869
IN-PC-2008-madhya-pradesh-307,madhya-pradesh,2019,2,BHIND,HARKISOR KORI,parties.IN.IND,1726,0.18,12,forfeit,U,,Illiterate,,challenger,src-31c65dbec869
IN-PC-2008-madhya-pradesh-307,madhya-pradesh,2019,2,BHIND,KISHORI LAL SHAKYA,parties.IN.BMUP,1716,0.18,13,forfeit,U,,Post Graduate,Retired Teacher,challenger,src-31c65dbec869
IN-PC-2008-madhya-pradesh-307,madhya-pradesh,2019,2,BHIND,JITENDRA SINGH,parties.IN.IND,1547,0.16,14,forfeit,U,,12th Pass,Taxi Driver,challenger,src-31c65dbec869
IN-PC-2008-madhya-pradesh-307,madhya-pradesh,2019,2,BHIND,ASHOK SINGH,parties.IN.IND,1161,0.12,15,forfeit,U,,,,challenger,src-31c65dbec869
IN-PC-2008-madhya-pradesh-307,madhya-pradesh,2019,2,BHIND,MADAN CHHILWAR,,1097,0.11,16,forfeit,U,,Literate,,challenger,src-31c65dbec869
IN-PC-2008-madhya-pradesh-307,madhya-pradesh,2019,2,BHIND,VIJAY SINGH PATWA,parties.IN.AIFB,1082,0.11,17,forfeit,U,,10th Pass,,challenger,src-31c65dbec869
IN-PC-2008-madhya-pradesh-307,madhya-pradesh,2019,2,BHIND,MANOHAR LAL PATWA (LALU KORI),parties.IN.JANADIP,978,0.1,18,forfeit,U,,10th Pass,,challenger,src-31c65dbec869
IN-PC-2008-madhya-pradesh-307,madhya-pradesh,2019,2,BHIND,ROOP SINGH,parties.IN.BHAPRAP,816,0.08,19,forfeit,U,,10th Pass,,challenger,src-31c65dbec869
IN-PC-2008-madhya-pradesh-314,madhya-pradesh,2019,3,GWALIOR,VIVEK NARAYAN SHEJWALKAR,parties.IN.BJP,627250,52.44,1,won,U,,Graduate Professional,,challenger,src-31c65dbec869
IN-PC-2008-madhya-pradesh-314,madhya-pradesh,2019,3,GWALIOR,ASHOK SINGH,parties.IN.INC,480408,40.16,2,lost,U,,Graduate,Rent,challenger,src-31c65dbec869
IN-PC-2008-madhya-pradesh-314,madhya-pradesh,2019,3,GWALIOR,MAMTA BALVEER SINGH KUSHWAH,parties.IN.BSP,44677,3.74,3,forfeit,U,,10th Pass,,challenger,src-31c65dbec869
IN-PC-2008-madhya-pradesh-314,madhya-pradesh,2019,3,GWALIOR,GOVIND SINGH,parties.IN.IND,6320,0.53,4,forfeit,U,,12th Pass,,challenger,src-31c65dbec869
IN-PC-2008-madhya-pradesh-314,madhya-pradesh,2019,3,GWALIOR,GEETA RANI KUSHWAH,parties.IN.PPID,5566,0.47,5,forfeit,U,,Post Graduate,Contractor,challenger,src-31c65dbec869
IN-PC-2008-madhya-pradesh-314,madhya-pradesh,2019,3,GWALIOR,DEEPAK KUMAR BANSAL (RANGWALE),parties.IN.IND,4984,0.42,7,forfeit,U,,,,challenger,src-31c65dbec869
IN-PC-2008-madhya-pradesh-314,madhya-pradesh,2019,3,GWALIOR,ASHOK KHAN,parties.IN.IND,3981,0.33,8,forfeit,U,,Literate,,challenger,src-31c65dbec869
IN-PC-2008-madhya-pradesh-314,madhya-pradesh,2019,3,GWALIOR,KESHAV RAY CHAUDHARY,parties.IN.IND,2737,0.23,9,forfeit,U,,10th Pass,,challenger,src-31c65dbec869
IN-PC-2008-madhya-pradesh-314,madhya-pradesh,2019,3,GWALIOR,NARAYAN NAMDEV,parties.IN.APOI,2279,0.19,10,forfeit,U,,5th Pass,Self-employed,challenger,src-31c65dbec869
IN-PC-2008-madhya-pradesh-314,madhya-pradesh,2019,3,GWALIOR,PRAN SINGH PAL,,2226,0.19,11,forfeit,U,,12th Pass,,challenger,src-31c65dbec869
IN-PC-2008-madhya-pradesh-314,madhya-pradesh,2019,3,GWALIOR,HANUMANT SINGH,,1953,0.16,12,forfeit,U,,12th Pass,,challenger,src-31c65dbec869
IN-PC-2008-madhya-pradesh-314,madhya-pradesh,2019,3,GWALIOR,COMRADE SUNIL GOPAL,,1394,0.12,13,forfeit,U,,Graduate Professional,Party Worker,challenger,src-31c65dbec869
IN-PC-2008-madhya-pradesh-314,madhya-pradesh,2019,3,GWALIOR,SOBRAN SINGH,parties.IN.IND,1297,0.11,14,forfeit,U,,,,challenger,src-31c65dbec869
IN-PC-2008-madhya-pradesh-314,madhya-pradesh,2019,3,GWALIOR,SUGREEV SINGH KUSHWAH,parties.IN.JANADIP,1251,0.1,15,forfeit,U,,Graduate,,challenger,src-31c65dbec869
IN-PC-2008-madhya-pradesh-314,madhya-pradesh,2019,3,GWALIOR,NANDKISHOR SHAU,,1204,0.1,16,forfeit,U,,12th Pass,Real Estate or Builder or Developer or Construction,challenger,src-31c65dbec869
IN-PC-2008-madhya-pradesh-314,madhya-pradesh,2019,3,GWALIOR,VISHNU KANT SHARMA,parties.IN.RRP,1113,0.09,17,forfeit,U,,12th Pass,,challenger,src-31c65dbec869
IN-PC-2008-madhya-pradesh-314,madhya-pradesh,2019,3,GWALIOR,JITENDRA JAIN AND AKASH,parties.IN.BHAPRAP,1105,0.09,18,forfeit,U,,Graduate Professional,,challenger,src-31c65dbec869
IN-PC-2008-madhya-pradesh-314,madhya-pradesh,2019,3,GWALIOR,BRIJ MOHAN,,1008,0.08,19,forfeit,U,,12th Pass,Party Worker,challenger,src-31c65dbec869
IN-PC-2008-madhya-pradesh-313,madhya-pradesh,2019,4,GUNA,KRISHNA PAL SINGH (Dr. K. P. YADAV),parties.IN.BJP,614049,52.11,1,won,U,,Graduate Professional,Private Company,challenger,src-31c65dbec869
IN-PC-2008-madhya-pradesh-313,madhya-pradesh,2019,4,GUNA,JYOTIRADITYA M. SCINDIA,parties.IN.INC,488500,41.45,2,lost,U,,Post Graduate,MP,incumbent,src-31c65dbec869
IN-PC-2008-madhya-pradesh-313,madhya-pradesh,2019,4,GUNA,DHAKAD LOKENDRA SINGH RAJPOOT,parties.IN.BSP,37530,3.18,3,forfeit,U,,Post Graduate,,challenger,src-31c65dbec869
IN-PC-2008-madhya-pradesh-313,madhya-pradesh,2019,4,GUNA,HARBHAJAN SINGH RAJPOOT Ad.,parties.IN.IND,6118,0.52,5,forfeit,U,,Graduate Professional,Lawyer,challenger,src-31c65dbec869
IN-PC-2008-madhya-pradesh-313,madhya-pradesh,2019,4,GUNA,AMIT KHARE,parties.IN.APOI,4480,0.38,6,forfeit,U,,Graduate Professional,School Teacher,challenger,src-31c65dbec869
IN-PC-2008-madhya-pradesh-313,madhya-pradesh,2019,4,GUNA,O. P. BHEYA,parties.IN.IND,3553,0.3,7,forfeit,U,,,,challenger,src-31c65dbec869
IN-PC-2008-madhya-pradesh-313,madhya-pradesh,2019,4,GUNA,BHOOPENDRA SINGH CHAUHAN (BABLU RAJA),parties.IN.IND,2471,0.21,8,forfeit,U,,,,challenger,src-31c65dbec869
IN-PC-2008-madhya-pradesh-313,madhya-pradesh,2019,4,GUNA,CHANDR KUMAR SHRIVASTAVA (CHANDU),parties.IN.IND,1945,0.17,9,forfeit,U,,8th Pass,,challenger,src-31c65dbec869
IN-PC-2008-madhya-pradesh-313,madhya-pradesh,2019,4,GUNA,BHAN SINGH,parties.IN.IND,1723,0.15,10,forfeit,U,,,,challenger,src-31c65dbec869
IN-PC-2008-madhya-pradesh-313,madhya-pradesh,2019,4,GUNA,MANISH SHRIVASTAV,,1667,0.14,11,forfeit,U,,Graduate Professional,Party Worker,challenger,src-31c65dbec869
IN-PC-2008-madhya-pradesh-313,madhya-pradesh,2019,4,GUNA,REKHA BAI,,1519,0.13,12,forfeit,U,,Graduate,,challenger,src-31c65dbec869
IN-PC-2008-madhya-pradesh-313,madhya-pradesh,2019,4,GUNA,AJAY SINGH KUSHWAH,parties.IN.IND,1423,0.12,13,forfeit,U,,10th Pass,,challenger,src-31c65dbec869
IN-PC-2008-madhya-pradesh-313,madhya-pradesh,2019,4,GUNA,SANTOSH YADAV,,1042,0.09,14,forfeit,U,,Literate,,challenger,src-31c65dbec869
IN-PC-2008-madhya-pradesh-327,madhya-pradesh,2019,5,SAGAR,RAJBAHADUR SINGH,parties.IN.BJP,646231,62.31,1,won,U,,Post Graduate,Trader,challenger,src-31c65dbec869
IN-PC-2008-madhya-pradesh-327,madhya-pradesh,2019,5,SAGAR,PRABHU SINGH THAKUR,parties.IN.INC,340689,32.85,2,lost,U,,Post Graduate,Ex MLA,challenger,src-31c65dbec869
IN-PC-2008-madhya-pradesh-327,madhya-pradesh,2019,5,SAGAR,RAJKUMAR YADAV,parties.IN.BSP,20363,1.96,3,forfeit,U,,12th Pass,,challenger,src-31c65dbec869
IN-PC-2008-madhya-pradesh-327,madhya-pradesh,2019,5,SAGAR,KAMAL KHATIK,,6363,0.61,5,forfeit,U,,12th Pass,,challenger,src-31c65dbec869
IN-PC-2008-madhya-pradesh-327,madhya-pradesh,2019,5,SAGAR,DEVENDRA JAIN (MILAN),parties.IN.IND,4024,0.39,6,forfeit,U,,,,challenger,src-31c65dbec869
IN-PC-2008-madhya-pradesh-327,madhya-pradesh,2019,5,SAGAR,MAHENDRA SINGH PATEL (BARUAL),parties.IN.IND,3454,0.33,7,forfeit,U,,8th Pass,,challenger,src-31c65dbec869
IN-PC-2008-madhya-pradesh-327,madhya-pradesh,2019,5,SAGAR,KANCHHEDILAL KUSHWAH,parties.IN.IND,2597,0.25,8,forfeit,U,,,,challenger,src-31c65dbec869
IN-PC-2008-madhya-pradesh-327,madhya-pradesh,2019,5,SAGAR,MOH. KHURRAM QURESHI,parties.IN.IND,1736,0.17,9,forfeit,U,,12th Pass,,challenger,src-31c65dbec869
IN-PC-2008-madhya-pradesh-327,madhya-pradesh,2019,5,SAGAR,VINAY SEN,,1645,0.16,10,forfeit,U,,12th Pass,Insurance Agent,challenger,src-31c65dbec869
IN-PC-2008-madhya-pradesh-327,madhya-pradesh,2019,5,SAGAR,RAMNARESH TIWARI (RAMJEE),,1340,0.13,11,forfeit,U,,12th Pass,Contractor,challenger,src-31c65dbec869
IN-PC-2008-madhya-pradesh-318,madhya-pradesh,2019,6,TIKAMGARH,Dr Virendra Kumar,parties.IN.BJP,672248,61.3,1,won,U,,Doctorate,MP,challenger,src-31c65dbec869
IN-PC-2008-madhya-pradesh-318,madhya-pradesh,2019,6,TIKAMGARH,Ahirwar Kiran,parties.IN.INC,324189,29.56,2,lost,U,,Post Graduate,,challenger,src-31c65dbec869
IN-PC-2008-madhya-pradesh-318,madhya-pradesh,2019,6,TIKAMGARH,R.D. Prajapati,parties.IN.SP,42585,3.88,3,forfeit,U,,Graduate,,crossover,src-31c65dbec869
IN-PC-2008-madhya-pradesh-318,madhya-pradesh,2019,6,TIKAMGARH,Ahirwar Shripat Shikshak,,9906,0.9,5,forfeit,U,,12th Pass,,challenger,src-31c65dbec869
IN-PC-2008-madhya-pradesh-318,madhya-pradesh,2019,6,TIKAMGARH,Shobha Valmiki,parties.IN.IND,7935,0.72,6,forfeit,U,,Graduate,,challenger,src-31c65dbec869
IN-PC-2008-madhya-pradesh-318,madhya-pradesh,2019,6,TIKAMGARH,Suresh Kori,parties.IN.IND,7371,0.67,7,forfeit,U,,,,challenger,src-31c65dbec869
IN-PC-2008-madhya-pradesh-318,madhya-pradesh,2019,6,TIKAMGARH,R.B. Prajapati Advocate,parties.IN.IND,5938,0.54,8,forfeit,U,,Graduate Professional,Lawyer,challenger,src-31c65dbec869
IN-PC-2008-madhya-pradesh-318,madhya-pradesh,2019,6,TIKAMGARH,Pramod Prajapati,parties.IN.IND,3171,0.29,9,forfeit,U,,12th Pass,,challenger,src-31c65dbec869
IN-PC-2008-madhya-pradesh-318,madhya-pradesh,2019,6,TIKAMGARH,N.R. Prajapati,,2360,0.22,10,forfeit,U,,Post Graduate,,challenger,src-31c65dbec869
IN-PC-2008-madhya-pradesh-318,madhya-pradesh,2019,6,TIKAMGARH,Shriram Nagar (Shikshak),,2225,0.2,11,forfeit,U,,Post Graduate,,challenger,src-31c65dbec869
IN-PC-2008-madhya-pradesh-318,madhya-pradesh,2019,6,TIKAMGARH,Jitendra Banshkar,parties.IN.IND,2186,0.2,12,forfeit,U,,10th Pass,,challenger,src-31c65dbec869
IN-PC-2008-madhya-pradesh-318,madhya-pradesh,2019,6,TIKAMGARH,Surjeet Chadar,,2100,0.19,13,forfeit,U,,5th Pass,Shop Keeper,challenger,src-31c65dbec869
IN-PC-2008-madhya-pradesh-318,madhya-pradesh,2019,6,TIKAMGARH,Kamta Prasad Kori (K.P.),,2068,0.19,14,forfeit,U,,Post Graduate,,challenger,src-31c65dbec869
IN-PC-2008-madhya-pradesh-318,madhya-pradesh,2019,6,TIKAMGARH,Narayan Das Jatav,,1831,0.17,15,forfeit,U,,12th Pass,,challenger,src-31c65dbec869
IN-PC-2008-madhya-pradesh-310,madhya-pradesh,2019,7,DAMOH,PRAHALAD SINGH PATEL,parties.IN.BJP,704524,60.51,1,won,U,,Graduate Professional,MP,incumbent,src-31c65dbec869
IN-PC-2008-madhya-pradesh-310,madhya-pradesh,2019,7,DAMOH,PRATAP SINGH,parties.IN.INC,351113,30.16,2,lost,U,,10th Pass,Ex MLA,challenger,src-31c65dbec869
IN-PC-2008-madhya-pradesh-310,madhya-pradesh,2019,7,DAMOH,JITTU KHARE (BADAL),parties.IN.BSP,45848,3.94,3,forfeit,U,,8th Pass,Self-employed,challenger,src-31c65dbec869
IN-PC-2008-madhya-pradesh-310,madhya-pradesh,2019,7,DAMOH,PRAHLAD PATEL,parties.IN.IND,10837,0.93,4,forfeit,U,,,,challenger,src-31c65dbec869
IN-PC-2008-madhya-pradesh-310,madhya-pradesh,2019,7,DAMOH,THAKURDAS PATEL (T.D. PATEL),,9505,0.82,5,forfeit,U,,Post Graduate,,challenger,src-31c65dbec869
IN-PC-2008-madhya-pradesh-310,madhya-pradesh,2019,7,DAMOH,MAN SINGH LODHI,,8317,0.71,6,forfeit,U,,Post Graduate,,challenger,src-31c65dbec869
IN-PC-2008-madhya-pradesh-310,madhya-pradesh,2019,7,DAMOH,PRAHLAD BHAIYA,parties.IN.IND,5499,0.47,8,forfeit,U,,Post Graduate,,challenger,src-31c65dbec869
IN-PC-2008-madhya-pradesh-310,madhya-pradesh,2019,7,DAMOH,DEVI YADAV,parties.IN.IND,4607,0.4,9,forfeit,U,,,,challenger,src-31c65dbec869
IN-PC-2008-madhya-pradesh-310,madhya-pradesh,2019,7,DAMOH,MANU SINGH MARAVI,parties.IN.GGP,3509,0.3,10,forfeit,U,,5th Pass,Private Company,challenger,src-31c65dbec869
IN-PC-2008-madhya-pradesh-310,madhya-pradesh,2019,7,DAMOH,KAMLESH ASATI,parties.IN.IND,3048,0.26,11,forfeit,U,,12th Pass,Contractor,challenger,src-31c65dbec869
IN-PC-2008-madhya-pradesh-310,madhya-pradesh,2019,7,DAMOH,ANANT LAL BASOR,parties.IN.IND,2538,0.22,12,forfeit,U,,10th Pass,,challenger,src-31c65dbec869
IN-PC-2008-madhya-pradesh-310,madhya-pradesh,2019,7,DAMOH,SHARADA PARSAD PATEL,parties.IN.PSPU,2304,0.2,13,forfeit,U,,8th Pass,,challenger,src-31c65dbec869
IN-PC-2008-madhya-pradesh-310,madhya-pradesh,2019,7,DAMOH,RICHA PURSHOTTAM CHOUBEY (HARIOM),,1912,0.16,14,forfeit,U,,12th Pass,Rent,challenger,src-31c65dbec869
IN-PC-2008-madhya-pradesh-310,madhya-pradesh,2019,7,DAMOH,MANVENDRA SINGH BITTU BHAIYA,parties.IN.HND,1510,0.13,15,forfeit,U,,12th Pass,,challenger,src-31c65dbec869
IN-PC-2008-madhya-pradesh-310,madhya-pradesh,2019,7,DAMOH,VIKAS NAGVANSHI,parties.IN.BHAPRAP,1499,0.13,16,forfeit,U,,Graduate Professional,Qualified Professional,challenger,src-31c65dbec869
IN-PC-2008-madhya-pradesh-328,madhya-pradesh,2019,8,KHAJURAHO,V.D. SHARMA (VISHNU DATT SHARMA),parties.IN.BJP,811135,64.49,1,won,U,,Post Graduate,,challenger,src-31c65dbec869
IN-PC-2008-madhya-pradesh-328,madhya-pradesh,2019,8,KHAJURAHO,MAHARANI KAVITA SINGH NATIRAJA,parties.IN.INC,318753,25.34,2,lost,U,,Graduate,,challenger,src-31c65dbec869
IN-PC-2008-madhya-pradesh-328,madhya-pradesh,2019,8,KHAJURAHO,VEER SINGH PATEL,parties.IN.SP,40077,3.19,3,forfeit,U,,12th Pass,,challenger,src-31c65dbec869
IN-PC-2008-madhya-pradesh-328,madhya-pradesh,2019,8,KHAJURAHO,MEENA/LALIT RAIKWAR,parties.IN.IND,12450,0.99,4,forfeit,U,,,,challenger,src-31c65dbec869
IN-PC-2008-madhya-pradesh-328,madhya-pradesh,2019,8,KHAJURAHO,RAJKUMAR,parties.IN.IND,11691,0.93,5,forfeit,U,,,,challenger,src-31c65dbec869
IN-PC-2008-madhya-pradesh-328,madhya-pradesh,2019,8,KHAJURAHO,ASHWANI KUMAR DUBEY,,10554,0.84,6,forfeit,U,,Doctorate,,challenger,src-31c65dbec869
IN-PC-2008-madhya-pradesh-328,madhya-pradesh,2019,8,KHAJURAHO,BHOOPAT KUMAR ADIWASI,parties.IN.IND,6999,0.56,8,forfeit,U,,,,challenger,src-31c65dbec869
IN-PC-2008-madhya-pradesh-328,madhya-pradesh,2019,8,KHAJURAHO,VINOD KUMAR,parties.IN.IND,5941,0.47,9,forfeit,U,,12th Pass,,challenger,src-31c65dbec869
IN-PC-2008-madhya-pradesh-328,madhya-pradesh,2019,8,KHAJURAHO,DESH PAL PATEL,parties.IN.APOI,5884,0.47,10,forfeit,U,,Post Graduate,,challenger,src-31c65dbec869
IN-PC-2008-madhya-pradesh-328,madhya-pradesh,2019,8,KHAJURAHO,JAGDESH KUMAR PATEL,,4223,0.34,11,forfeit,U,,12th Pass,,crossover,src-31c65dbec869
IN-PC-2008-madhya-pradesh-328,madhya-pradesh,2019,8,KHAJURAHO,PARWAT SINGH,parties.IN.IND,3970,0.32,12,forfeit,U,,8th Pass,,challenger,src-31c65dbec869
IN-PC-2008-madhya-pradesh-328,madhya-pradesh,2019,8,KHAJURAHO,ABDUL IMRAN,parties.IN.IND,3305,0.26,13,forfeit,U,,,,challenger,src-31c65dbec869
IN-PC-2008-madhya-pradesh-328,madhya-pradesh,2019,8,KHAJURAHO,GIRIRAJ KISHOR (RAJU) PODDAR,parties.IN.IND,2953,0.23,14,forfeit,U,,,,challenger,src-31c65dbec869
IN-PC-2008-madhya-pradesh-328,madhya-pradesh,2019,8,KHAJURAHO,NARENDRA PANDEY (RAM JI),parties.IN.IND,2942,0.23,15,forfeit,U,,,,challenger,src-31c65dbec869
IN-PC-2008-madhya-pradesh-328,madhya-pradesh,2019,8,KHAJURAHO,SANT KUMAR SHARMA,,2481,0.2,16,forfeit,U,,Post Graduate,Contractor,challenger,src-31c65dbec869
IN-PC-2008-madhya-pradesh-328,madhya-pradesh,2019,8,KHAJURAHO,ADVOCATE RAKESH KUMAR SHUKLA,parties.IN.AIFB,2154,0.17,17,forfeit,U,,Post Graduate,Lawyer,challenger,src-31c65dbec869
IN-PC-2008-madhya-pradesh-328,madhya-pradesh,2019,8,KHAJURAHO,MANISH MISHRA,,1965,0.16,18,forfeit,U,,8th Pass,Shop Keeper,challenger,src-31c65dbec869
IN-PC-2008-madhya-pradesh-326,madhya-pradesh,2019,9,SATNA,GANESH SINGH,parties.IN.BJP,588753,52.87,1,won,U,,Post Graduate,Party Worker,incumbent,src-31c65dbec869
IN-PC-2008-madhya-pradesh-326,madhya-pradesh,2019,9,SATNA,RAJARAM TRIPATHI,parties.IN.INC,357280,32.08,2,lost,U,,12th Pass,,crossover,src-31c65dbec869
IN-PC-2008-madhya-pradesh-326,madhya-pradesh,2019,9,SATNA,ACCHE LAL KUSHAWAHA,parties.IN.BSP,109961,9.87,3,forfeit,U,,8th Pass,Real Estate or Builder or Developer or Construction,challenger,src-31c65dbec869
IN-PC-2008-madhya-pradesh-326,madhya-pradesh,2019,9,SATNA,NAND KISHOR PRAJAPATI,parties.IN.PPID,6964,0.63,4,forfeit,U,,12th Pass,Insurance Agent,challenger,src-31c65dbec869
IN-PC-2008-madhya-pradesh-326,madhya-pradesh,2019,9,SATNA,BABU LAL,parties.IN.IND,6806,0.61,5,forfeit,U,,10th Pass,,challenger,src-31c65dbec869
IN-PC-2008-madhya-pradesh-326,madhya-pradesh,2019,9,SATNA,NASIR KHAN,parties.IN.IND,5639,0.51,6,forfeit,U,,5th Pass,,challenger,src-31c65dbec869
IN-PC-2008-madhya-pradesh-326,madhya-pradesh,2019,9,SATNA,MOHD. JIBRAIL,parties.IN.IND,5259,0.47,7,forfeit,U,,,,challenger,src-31c65dbec869
IN-PC-2008-madhya-pradesh-326,madhya-pradesh,2019,9,SATNA,ASHOK VISHWAKARMA,parties.IN.IND,4220,0.38,8,forfeit,U,,8th Pass,,challenger,src-31c65dbec869
IN-PC-2008-madhya-pradesh-326,madhya-pradesh,2019,9,SATNA,VIPIN SINGH TIWARI,,3893,0.35,9,forfeit,U,,12th Pass,,challenger,src-31c65dbec869
IN-PC-2008-madhya-pradesh-326,madhya-pradesh,2019,9,SATNA,MUNNI KRANTI,parties.IN.IND,3600,0.32,10,forfeit,U,,Literate,,challenger,src-31c65dbec869
IN-PC-2008-madhya-pradesh-326,madhya-pradesh,2019,9,SATNA,MAHESH SAHU (PAPPU),parties.IN.ABHM,3081,0.28,11,forfeit,U,,5th Pass,,challenger,src-31c65dbec869
IN-PC-2008-madhya-pradesh-326,madhya-pradesh,2019,9,SATNA,SURENDRA PANDEY KUWAN,parties.IN.IND,2564,0.23,13,forfeit,U,,,,challenger,src-31c65dbec869
IN-PC-2008-madhya-pradesh-326,madhya-pradesh,2019,9,SATNA,SHASHANK SINGH BAGHEL,,2450,0.22,14,forfeit,U,,Graduate,,challenger,src-31c65dbec869
IN-PC-2008-madhya-pradesh-326,madhya-pradesh,2019,9,SATNA,RAM VISHWAS PAL,parties.IN.RSPS,2164,0.19,15,forfeit,U,,8th Pass,,challenger,src-31c65dbec869
IN-PC-2008-madhya-pradesh-326,madhya-pradesh,2019,9,SATNA,RAM NIVAS SEN,parties.IN.RPIA,1533,0.14,16,forfeit,U,,8th Pass,,challenger,src-31c65dbec869
IN-PC-2008-madhya-pradesh-326,madhya-pradesh,2019,9,SATNA,MANORAJ DWIVEDI,parties.IN.JAC,1482,0.13,17,forfeit,U,,10th Pass,,challenger,src-31c65dbec869
IN-PC-2008-madhya-pradesh-326,madhya-pradesh,2019,9,SATNA,RAMKUSHAL KEWAT,,1311,0.12,18,forfeit,U,,8th Pass,Mechanic,challenger,src-31c65dbec869
IN-PC-2008-madhya-pradesh-326,madhya-pradesh,2019,9,SATNA,MHENDRA SINGH,,1227,0.11,19,forfeit,U,,8th Pass,,challenger,src-31c65dbec869
IN-PC-2008-madhya-pradesh-326,madhya-pradesh,2019,9,SATNA,DR. RAJENDRA TRIPATHI,,1055,0.09,20,forfeit,U,,Graduate Professional,,challenger,src-31c65dbec869
IN-PC-2008-madhya-pradesh-326,madhya-pradesh,2019,9,SATNA,Dr. SURESH PRASAD TRIPATHI,parties.IN.IND,921,0.08,21,forfeit,U,,,,challenger,src-31c65dbec869
IN-PC-2008-madhya-pradesh-326,madhya-pradesh,2019,9,SATNA,PHOUJI SANDIP BABA,parties.IN.IND,849,0.08,22,forfeit,U,,,,challenger,src-31c65dbec869
IN-PC-2008-madhya-pradesh-330,madhya-pradesh,2019,10,REWA,JANARDAN MISHRA,parties.IN.BJP,583769,57.61,1,won,U,,Graduate Professional,MP,incumbent,src-31c65dbec869
IN-PC-2008-madhya-pradesh-330,madhya-pradesh,2019,10,REWA,SIDDHARTH TIWARI (RAJ),parties.IN.INC,270961,26.74,2,lost,U,,Graduate Professional,,crossover,src-31c65dbec869
IN-PC-2008-madhya-pradesh-330,madhya-pradesh,2019,10,REWA,VIKASH SINGH PATEL,parties.IN.BSP,91109,8.99,3,forfeit,U,,Graduate,Transport,challenger,src-31c65dbec869
IN-PC-2008-madhya-pradesh-330,madhya-pradesh,2019,10,REWA,GIRIJESH SINGH SENGER,,10423,1.03,4,forfeit,U,,Post Graduate,,challenger,src-31c65dbec869
IN-PC-2008-madhya-pradesh-330,madhya-pradesh,2019,10,REWA,SIYASHARAN KEVAT,,5696,0.56,5,forfeit,U,,Literate,,challenger,src-31c65dbec869
IN-PC-2008-madhya-pradesh-330,madhya-pradesh,2019,10,REWA,SUNIT PANDEY 'SUMIT',,5555,0.55,6,forfeit,U,,Post Graduate,,challenger,src-31c65dbec869
IN-PC-2008-madhya-pradesh-330,madhya-pradesh,2019,10,REWA,RAM GOPAL SINGH PATEL,parties.IN.PPID,4982,0.49,7,forfeit,U,,Graduate,,challenger,src-31c65dbec869
IN-PC-2008-madhya-pradesh-330,madhya-pradesh,2019,10,REWA,AKHILESH SAKET,parties.IN.IND,4798,0.47,8,forfeit,U,,Graduate Professional,,challenger,src-31c65dbec869
IN-PC-2008-madhya-pradesh-330,madhya-pradesh,2019,10,REWA,SHIV KUMAR MISHRA,,3860,0.38,9,forfeit,U,,12th Pass,Transport,challenger,src-31c65dbec869
IN-PC-2008-madhya-pradesh-330,madhya-pradesh,2019,10,REWA,DR. ARUN KUMAR SATNAMI,parties.IN.BMUP,3756,0.37,10,forfeit,U,,Post Graduate,Shop Keeper,challenger,src-31c65dbec869
IN-PC-2008-madhya-pradesh-330,madhya-pradesh,2019,10,REWA,SHAKUNTALA MISHRA,,3719,0.37,11,forfeit,U,,Post Graduate,Rent,crossover,src-31c65dbec869
IN-PC-2008-madhya-pradesh-330,madhya-pradesh,2019,10,REWA,REETA TRIPATHI,,3032,0.3,12,forfeit,U,,12th Pass,Household,challenger,src-31c65dbec869
IN-PC-2008-madhya-pradesh-330,madhya-pradesh,2019,10,REWA,BADRI PRASAD KUSHWAHA,,2656,0.26,14,forfeit,U,,12th Pass,Mechanic,crossover,src-31c65dbec869
IN-PC-2008-madhya-pradesh-330,madhya-pradesh,2019,10,REWA,SUBHRANSHU DWIVEDI - PADARI,,2583,0.25,15,forfeit,U,,Post Graduate,,challenger,src-31c65dbec869
IN-PC-2008-madhya-pradesh-330,madhya-pradesh,2019,10,REWA,MAHENDRA KUMAR TIWARI,,2426,0.24,16,forfeit,U,,,,challenger,src-31c65dbec869
IN-PC-2008-madhya-pradesh-330,madhya-pradesh,2019,10,REWA,DEVENDRA KUMAR MISHRA,parties.IN.IND,1907,0.19,17,forfeit,U,,,,challenger,src-31c65dbec869
IN-PC-2008-madhya-pradesh-330,madhya-pradesh,2019,10,REWA,BRAHM DATTA MISHRA,parties.IN.IND,1878,0.19,18,forfeit,U,,12th Pass,,challenger,src-31c65dbec869
IN-PC-2008-madhya-pradesh-330,madhya-pradesh,2019,10,REWA,ARUN GAUTAM,,1672,0.17,19,forfeit,U,,12th Pass,,challenger,src-31c65dbec869
IN-PC-2008-madhya-pradesh-330,madhya-pradesh,2019,10,REWA,SUSHIL MISHRA (SABAKE MAHARAJ),parties.IN.IND,1401,0.14,20,forfeit,U,,,,challenger,src-31c65dbec869
IN-PC-2008-madhya-pradesh-330,madhya-pradesh,2019,10,REWA,BABULAL KOL,,1325,0.13,21,forfeit,U,,8th Pass,,challenger,src-31c65dbec869
IN-PC-2008-madhya-pradesh-330,madhya-pradesh,2019,10,REWA,CHHOTU KOL,,1158,0.11,22,forfeit,U,,8th Pass,,challenger,src-31c65dbec869
IN-PC-2008-madhya-pradesh-330,madhya-pradesh,2019,10,REWA,SANAT KUMAR,parties.IN.IND,866,0.09,23,forfeit,U,,10th Pass,,challenger,src-31c65dbec869
IN-PC-2008-madhya-pradesh-330,madhya-pradesh,2019,10,REWA,RAM KALESH SAKET,parties.IN.IND,828,0.08,24,forfeit,U,,Post Graduate,,challenger,src-31c65dbec869
IN-PC-2008-madhya-pradesh-329,madhya-pradesh,2019,11,SIDHI,Riti Pathak,parties.IN.BJP,698342,54.44,1,won,U,,,,incumbent,src-31c65dbec869
IN-PC-2008-madhya-pradesh-329,madhya-pradesh,2019,11,SIDHI,Ajay Arjun Singh,parties.IN.INC,411818,32.11,2,lost,U,,Post Graduate,,challenger,src-31c65dbec869
IN-PC-2008-madhya-pradesh-329,madhya-pradesh,2019,11,SIDHI,Com. Sanjay Namdeo,parties.IN.CPI,27651,2.16,3,forfeit,U,,10th Pass,,challenger,src-31c65dbec869
IN-PC-2008-madhya-pradesh-329,madhya-pradesh,2019,11,SIDHI,Ram Lal Panika,parties.IN.BSP,26540,2.07,4,forfeit,U,,12th Pass,,challenger,src-31c65dbec869
IN-PC-2008-madhya-pradesh-329,madhya-pradesh,2019,11,SIDHI,Fatte Bahadur Singh Markam,parties.IN.GGP,17032,1.33,5,forfeit,U,,Post Graduate,,challenger,src-31c65dbec869
IN-PC-2008-madhya-pradesh-329,madhya-pradesh,2019,11,SIDHI,Dileep Kumar Shukla,parties.IN.IND,15555,1.21,6,forfeit,U,,,,challenger,src-31c65dbec869
IN-PC-2008-madhya-pradesh-329,madhya-pradesh,2019,11,SIDHI,Shyam Lal Vaishya,,10440,0.81,7,forfeit,U,,12th Pass,,challenger,src-31c65dbec869
IN-PC-2008-madhya-pradesh-329,madhya-pradesh,2019,11,SIDHI,Dharmendra Singh Baghel,parties.IN.IND,6856,0.53,8,forfeit,U,,Graduate Professional,Agricultural Business,challenger,src-31c65dbec869
IN-PC-2008-madhya-pradesh-329,madhya-pradesh,2019,11,SIDHI,Gyani Jaiswal,,6368,0.5,9,forfeit,U,,,,challenger,src-31c65dbec869
IN-PC-2008-madhya-pradesh-329,madhya-pradesh,2019,11,SIDHI,Ramdas Shah Mulnivasi,parties.IN.PPID,6182,0.48,10,forfeit,U,,10th Pass,,challenger,src-31c65dbec869
IN-PC-2008-madhya-pradesh-329,madhya-pradesh,2019,11,SIDHI,Ramadhar Gupta (Mai Ke Lal),,6097,0.48,11,forfeit,U,,5th Pass,,challenger,src-31c65dbec869
IN-PC-2008-madhya-pradesh-329,madhya-pradesh,2019,11,SIDHI,Nirmala Dr. H.L. Prajapati,,5589,0.44,13,forfeit,U,,Literate,Household,challenger,src-31c65dbec869
IN-PC-2008-madhya-pradesh-329,madhya-pradesh,2019,11,SIDHI,Rakesh Kumar Patel,parties.IN.IND,5327,0.42,14,forfeit,U,,,,challenger,src-31c65dbec869
IN-PC-2008-madhya-pradesh-329,madhya-pradesh,2019,11,SIDHI,Ramvishal Pal,,5135,0.4,15,forfeit,U,,,,challenger,src-31c65dbec869
IN-PC-2008-madhya-pradesh-329,madhya-pradesh,2019,11,SIDHI,Anup Singh Sengar,,5058,0.39,16,forfeit,U,,Post Graduate,Contractor,challenger,src-31c65dbec869
IN-PC-2008-madhya-pradesh-329,madhya-pradesh,2019,11,SIDHI,Ram Rahees Kol,,3848,0.3,17,forfeit,U,,12th Pass,,challenger,src-31c65dbec869
IN-PC-2008-madhya-pradesh-329,madhya-pradesh,2019,11,SIDHI,Lalta Prasad Jayswal,parties.IN.IND,2846,0.22,18,forfeit,U,,,,challenger,src-31c65dbec869
IN-PC-2008-madhya-pradesh-329,madhya-pradesh,2019,11,SIDHI,Ram Kripal Bashor,parties.IN.RPIA,2529,0.2,19,forfeit,U,,Illiterate,,challenger,src-31c65dbec869
IN-PC-2008-madhya-pradesh-329,madhya-pradesh,2019,11,SIDHI,Ashish Kumar Singh Chauhan,parties.IN.SHS,2447,0.19,20,forfeit,U,,12th Pass,,challenger,src-31c65dbec869
IN-PC-2008-madhya-pradesh-329,madhya-pradesh,2019,11,SIDHI,Ram Kumar Jaysval,parties.IN.IND,2071,0.16,21,forfeit,U,,,,challenger,src-31c65dbec869
IN-PC-2008-madhya-pradesh-329,madhya-pradesh,2019,11,SIDHI,Shrawan Kumar Dwivedi (Samajwadi),parties.IN.IND,1968,0.15,22,forfeit,U,,,,challenger,src-31c65dbec869
IN-PC-2008-madhya-pradesh-329,madhya-pradesh,2019,11,SIDHI,Dheerendra Kumar,parties.IN.IND,1956,0.15,23,forfeit,U,,,,challenger,src-31c65dbec869
IN-PC-2008-madhya-pradesh-329,madhya-pradesh,2019,11,SIDHI,Lalan,parties.IN.IND,1887,0.15,24,forfeit,U,,8th Pass,,challenger,src-31c65dbec869
IN-PC-2008-madhya-pradesh-329,madhya-pradesh,2019,11,SIDHI,Ramawatar Vishwakarma,parties.IN.IND,1350,0.11,25,forfeit,U,,5th Pass,,challenger,src-31c65dbec869
IN-PC-2008-madhya-pradesh-329,madhya-pradesh,2019,11,SIDHI,Ramraj Yadav,parties.IN.IND,1120,0.09,26,forfeit,U,,,,challenger,src-31c65dbec869
IN-PC-2008-madhya-pradesh-329,madhya-pradesh,2019,11,SIDHI,Ramsahay Sahu,parties.IN.IND,1066,0.08,27,forfeit,U,,,,challenger,src-31c65dbec869
IN-PC-2008-madhya-pradesh-305,madhya-pradesh,2019,12,SHAHDOL,HIMADRI SINGH,parties.IN.BJP,747977,60.43,1,won,U,,Graduate,,challenger,src-31c65dbec869
IN-PC-2008-madhya-pradesh-305,madhya-pradesh,2019,12,SHAHDOL,PRAMILA SINGH,parties.IN.INC,344644,27.84,2,lost,U,,Post Graduate,Petrol Pumps,challenger,src-31c65dbec869
IN-PC-2008-madhya-pradesh-305,madhya-pradesh,2019,12,SHAHDOL,BAHAN KESHKALI KOL,parties.IN.CPI,33695,2.72,3,forfeit,U,,12th Pass,Real Estate or Builder or Developer or Construction,challenger,src-31c65dbec869
IN-PC-2008-madhya-pradesh-305,madhya-pradesh,2019,12,SHAHDOL,MOHDAL SINGH PAV,parties.IN.BSP,20598,1.66,4,forfeit,U,,10th Pass,,challenger,src-31c65dbec869
IN-PC-2008-madhya-pradesh-305,madhya-pradesh,2019,12,SHAHDOL,VIMAL SINGH KORCHE,parties.IN.GGP,16789,1.36,6,forfeit,U,,10th Pass,,challenger,src-31c65dbec869
IN-PC-2008-madhya-pradesh-305,madhya-pradesh,2019,12,SHAHDOL,KAMLA PRASAD BAIGA,,11514,0.93,7,forfeit,U,,10th Pass,,challenger,src-31c65dbec869
IN-PC-2008-madhya-pradesh-305,madhya-pradesh,2019,12,SHAHDOL,MANNA SINGH,parties.IN.IND,10604,0.86,8,forfeit,U,,5th Pass,Ex Govt Employee,challenger,src-31c65dbec869
IN-PC-2008-madhya-pradesh-305,madhya-pradesh,2019,12,SHAHDOL,DURGA MOSI,parties.IN.IND,8026,0.65,9,forfeit,U,,Literate,,challenger,src-31c65dbec869
IN-PC-2008-madhya-pradesh-305,madhya-pradesh,2019,12,SHAHDOL,NARAYAN SINGH UIKE,parties.IN.IND,7509,0.61,10,forfeit,U,,5th Pass,,challenger,src-31c65dbec869
IN-PC-2008-madhya-pradesh-305,madhya-pradesh,2019,12,SHAHDOL,JHAMAKLAL,parties.IN.IND,4941,0.4,11,forfeit,U,,5th Pass,,challenger,src-31c65dbec869
IN-PC-2008-madhya-pradesh-305,madhya-pradesh,2019,12,SHAHDOL,LAKSHYAPAT SINGH,parties.IN.PPID,4544,0.37,12,forfeit,U,,10th Pass,,challenger,src-31c65dbec869
IN-PC-2008-madhya-pradesh-305,madhya-pradesh,2019,12,SHAHDOL,GOKUL SINGH,parties.IN.IND,3637,0.29,13,forfeit,U,,Illiterate,,challenger,src-31c65dbec869
IN-PC-2008-madhya-pradesh-305,madhya-pradesh,2019,12,SHAHDOL,MEERA SINGH,,3353,0.27,14,forfeit,U,,5th Pass,,challenger,src-31c65dbec869
IN-PC-2008-madhya-pradesh-321,madhya-pradesh,2019,13,JABALPUR,RAKESH SINGH,parties.IN.BJP,826454,65.41,1,won,U,,Graduate,MP,incumbent,src-31c65dbec869
IN-PC-2008-madhya-pradesh-321,madhya-pradesh,2019,13,JABALPUR,Pt. VIVEK KRISHNA TANKHA,parties.IN.INC,371710,29.42,2,lost,U,,Graduate Professional,Lawyer,challenger,src-31c65dbec869
IN-PC-2008-madhya-pradesh-321,madhya-pradesh,2019,13,JABALPUR,AD. RAMRAJ RAM,parties.IN.BSP,12873,1.02,3,forfeit,U,,Post Graduate,,challenger,src-31c65dbec869
IN-PC-2008-madhya-pradesh-321,madhya-pradesh,2019,13,JABALPUR,RAKESH SINGH S/O NATHURAM,parties.IN.IND,9487,0.75,4,forfeit,U,,8th Pass,Qualified Professional,challenger,src-31c65dbec869
IN-PC-2008-madhya-pradesh-321,madhya-pradesh,2019,13,JABALPUR,RAKESH SINGH S/O BALJOR SINGH,parties.IN.IND,7392,0.59,5,forfeit,U,,8th Pass,,challenger,src-31c65dbec869
IN-PC-2008-madhya-pradesh-321,madhya-pradesh,2019,13,JABALPUR,DR. DHAI AKSHAR,parties.IN.IND,4315,0.34,6,forfeit,U,,,,challenger,src-31c65dbec869
IN-PC-2008-madhya-pradesh-321,madhya-pradesh,2019,13,JABALPUR,KULDEEP AHIRWAR,parties.IN.RPIA,4116,0.33,7,forfeit,U,,8th Pass,,challenger,src-31c65dbec869
IN-PC-2008-madhya-pradesh-321,madhya-pradesh,2019,13,JABALPUR,MAHU SINGH PARASTE,parties.IN.GGP,3446,0.27,9,forfeit,U,,8th Pass,,challenger,src-31c65dbec869
IN-PC-2008-madhya-pradesh-321,madhya-pradesh,2019,13,JABALPUR,ENGR. RUPRAM SINGH,parties.IN.IND,2702,0.21,10,forfeit,U,,,,challenger,src-31c65dbec869
IN-PC-2008-madhya-pradesh-321,madhya-pradesh,2019,13,JABALPUR,DHANUK,parties.IN.IND,2665,0.21,11,forfeit,U,,8th Pass,,challenger,src-31c65dbec869
IN-PC-2008-madhya-pradesh-321,madhya-pradesh,2019,13,JABALPUR,GULAB SINGH (VIVEK),parties.IN.IND,2241,0.18,12,forfeit,U,,8th Pass,,challenger,src-31c65dbec869
IN-PC-2008-madhya-pradesh-321,madhya-pradesh,2019,13,JABALPUR,SHAHNAJ BEE ANSARI,,1912,0.15,13,forfeit,U,,5th Pass,,challenger,src-31c65dbec869
IN-PC-2008-madhya-pradesh-321,madhya-pradesh,2019,13,JABALPUR,SHUKHDEV DAHIYA,,1392,0.11,14,forfeit,U,,10th Pass,,challenger,src-31c65dbec869
IN-PC-2008-madhya-pradesh-321,madhya-pradesh,2019,13,JABALPUR,BHUSHAN PRASAD SHUKLA,,1355,0.11,15,forfeit,U,,5th Pass,,challenger,src-31c65dbec869
IN-PC-2008-madhya-pradesh-321,madhya-pradesh,2019,13,JABALPUR,RAM DAYAL PRAJAPAT,parties.IN.IND,1176,0.09,16,forfeit,U,,,,challenger,src-31c65dbec869
IN-PC-2008-madhya-pradesh-321,madhya-pradesh,2019,13,JABALPUR,ASHOK SINGH LODHI,parties.IN.IND,1169,0.09,17,forfeit,U,,12th Pass,,challenger,src-31c65dbec869
IN-PC-2008-madhya-pradesh-321,madhya-pradesh,2019,13,JABALPUR,VINAY KUMAR JAIN (VINNU BHAIYYA),parties.IN.IND,1068,0.08,18,forfeit,U,,,,challenger,src-31c65dbec869
IN-PC-2008-madhya-pradesh-321,madhya-pradesh,2019,13,JABALPUR,AMJAD KHAN,parties.IN.IND,992,0.08,19,forfeit,U,,8th Pass,,challenger,src-31c65dbec869
IN-PC-2008-madhya-pradesh-321,madhya-pradesh,2019,13,JABALPUR,LAXMINARAYAN JAGANNATH SINGH LODHI,parties.IN.IND,828,0.07,20,forfeit,U,,,,challenger,src-31c65dbec869
IN-PC-2008-madhya-pradesh-321,madhya-pradesh,2019,13,JABALPUR,SHRI LAL MARKAM (BADE SHRI),parties.IN.IND,803,0.06,21,forfeit,U,,,,challenger,src-31c65dbec869
IN-PC-2008-madhya-pradesh-321,madhya-pradesh,2019,13,JABALPUR,CHANDRA PRAKASH BHATNAGAR,,780,0.06,22,forfeit,U,,Graduate Professional,Self-employed,challenger,src-31c65dbec869
IN-PC-2008-madhya-pradesh-321,madhya-pradesh,2019,13,JABALPUR,DEVENDRA KUMAR YADAV,,595,0.05,23,forfeit,U,,12th Pass,,challenger,src-31c65dbec869
IN-PC-2008-madhya-pradesh-317,madhya-pradesh,2019,14,MANDLA,FAGGAN SINGH KULASTE,parties.IN.BJP,737266,48.59,1,won,U,,Post Graduate,,incumbent,src-31c65dbec869
IN-PC-2008-madhya-pradesh-317,madhya-pradesh,2019,14,MANDLA,KAMAL SINGH MARAVI,parties.IN.INC,639592,42.15,2,lost,U,,Graduate,,challenger,src-31c65dbec869
IN-PC-2008-madhya-pradesh-317,madhya-pradesh,2019,14,MANDLA,DADA RAMGULAM UIKEY,parties.IN.GGP,48925,3.22,3,forfeit,U,,8th Pass,,challenger,src-31c65dbec869
IN-PC-2008-madhya-pradesh-317,madhya-pradesh,2019,14,MANDLA,CHANDRA SINGH KUSHRAM,,15709,1.04,5,forfeit,U,,12th Pass,,challenger,src-31c65dbec869
IN-PC-2008-madhya-pradesh-317,madhya-pradesh,2019,14,MANDLA,BHARAT SINGH POOSAM,parties.IN.IND,15626,1.03,6,forfeit,U,,Post Graduate,,challenger,src-31c65dbec869
IN-PC-2008-madhya-pradesh-317,madhya-pradesh,2019,14,MANDLA,ADVOCATE-DEVSINGH KUMRE,parties.IN.IND,7759,0.51,7,forfeit,U,,Post Graduate,Lawyer,challenger,src-31c65dbec869
IN-PC-2008-madhya-pradesh-317,madhya-pradesh,2019,14,MANDLA,MANITA MARKAM,,5228,0.34,8,forfeit,U,,12th Pass,,challenger,src-31c65dbec869
IN-PC-2008-madhya-pradesh-317,madhya-pradesh,2019,14,MANDLA,AJEET DHURWEY,parties.IN.IND,5208,0.34,9,forfeit,U,,Post Graduate,,challenger,src-31c65dbec869
IN-PC-2008-madhya-pradesh-317,madhya-pradesh,2019,14,MANDLA,R. S. PARASTE (RAMSINGH),,5055,0.33,10,forfeit,U,,Graduate,,challenger,src-31c65dbec869
IN-PC-2008-madhya-pradesh-317,madhya-pradesh,2019,14,MANDLA,SANJEEV KUMAR PANDRAM,parties.IN.HND,4647,0.31,11,forfeit,U,,Graduate,Insurance Agent,challenger,src-31c65dbec869
IN-PC-2008-madhya-pradesh-309,madhya-pradesh,2019,16,CHHINDWARA,NAKUL KAMAL NATH,parties.IN.INC,587305,47.06,1,won,U,,Graduate,,challenger,src-31c65dbec869
IN-PC-2008-madhya-pradesh-309,madhya-pradesh,2019,16,CHHINDWARA,NATHANSAHA KAWRETI,parties.IN.BJP,549769,44.05,2,lost,U,,10th Pass,,challenger,src-31c65dbec869
IN-PC-2008-madhya-pradesh-309,madhya-pradesh,2019,16,CHHINDWARA,MANMOHAN SHAH BATTI,,35968,2.88,3,forfeit,U,,Post Graduate,Ex MLA,challenger,src-31c65dbec869
IN-PC-2008-madhya-pradesh-309,madhya-pradesh,2019,16,CHHINDWARA,GYANESHWAR GAJBHIYE,parties.IN.BSP,14275,1.14,5,forfeit,U,,10th Pass,,challenger,src-31c65dbec869
IN-PC-2008-madhya-pradesh-309,madhya-pradesh,2019,16,CHHINDWARA,HEMENDRA (BUNTY) GOHAR,parties.IN.IND,11426,0.92,6,forfeit,U,,,,challenger,src-31c65dbec869
IN-PC-2008-madhya-pradesh-309,madhya-pradesh,2019,16,CHHINDWARA,SUBHASH SHUKLA,parties.IN.IND,6844,0.55,7,forfeit,U,,10th Pass,Contractor,challenger,src-31c65dbec869
IN-PC-2008-madhya-pradesh-309,madhya-pradesh,2019,16,CHHINDWARA,ADVOCATE RAJKUMAR SARYAM,parties.IN.GGP,4706,0.38,8,forfeit,U,,Post Graduate,Lawyer,challenger,src-31c65dbec869
IN-PC-2008-madhya-pradesh-309,madhya-pradesh,2019,16,CHHINDWARA,RAMESHWAR DHURVE,parties.IN.IND,4186,0.34,9,forfeit,U,,12th Pass,,challenger,src-31c65dbec869
IN-PC-2008-madhya-pradesh-309,madhya-pradesh,2019,16,CHHINDWARA,DHANIRAM YADUWANSHI,parties.IN.IND,3090,0.25,10,forfeit,U,,12th Pass,,challenger,src-31c65dbec869
IN-PC-2008-madhya-pradesh-309,madhya-pradesh,2019,16,CHHINDWARA,DINESH SINGH UIKEY,parties.IN.IND,2962,0.24,11,forfeit,U,,12th Pass,,challenger,src-31c65dbec869
IN-PC-2008-madhya-pradesh-309,madhya-pradesh,2019,16,CHHINDWARA,M. P. VISHWAKARMA (MUNNA PRASAD),,2272,0.18,12,forfeit,U,,12th Pass,,challenger,src-31c65dbec869
IN-PC-2008-madhya-pradesh-309,madhya-pradesh,2019,16,CHHINDWARA,JOGILAL IRPACHI,parties.IN.IND,1821,0.15,13,forfeit,U,,Graduate,,challenger,src-31c65dbec869
IN-PC-2008-madhya-pradesh-309,madhya-pradesh,2019,16,CHHINDWARA,UIKEY RAMDAS,parties.IN.IND,1659,0.13,14,forfeit,U,,12th Pass,Ex MLA,challenger,src-31c65dbec869
IN-PC-2008-madhya-pradesh-309,madhya-pradesh,2019,16,CHHINDWARA,RAJESH TANTRIK,,1424,0.11,15,forfeit,U,,12th Pass,Private Company,challenger,src-31c65dbec869
IN-PC-2008-madhya-pradesh-306,madhya-pradesh,2019,17,HOSHANGABAD,UDAY PRATAP SINGH,parties.IN.BJP,877927,69.35,1,won,U,,Graduate,,incumbent,src-31c65dbec869
IN-PC-2008-madhya-pradesh-306,madhya-pradesh,2019,17,HOSHANGABAD,SHAILENDRA DIWAN CHANDARBHAN SINGH,parties.IN.INC,324245,25.61,2,lost,U,,Graduate,,challenger,src-31c65dbec869
IN-PC-2008-madhya-pradesh-306,madhya-pradesh,2019,17,HOSHANGABAD,M.P. CHOUDHARY,parties.IN.BSP,15364,1.21,4,forfeit,U,,Post Graduate,,challenger,src-31c65dbec869
IN-PC-2008-madhya-pradesh-306,madhya-pradesh,2019,17,HOSHANGABAD,DINESH KATARE,parties.IN.APOI,7833,0.62,5,forfeit,U,,Post Graduate,,challenger,src-31c65dbec869
IN-PC-2008-madhya-pradesh-306,madhya-pradesh,2019,17,HOSHANGABAD,MADAN MOHAN,parties.IN.IND,5437,0.43,6,forfeit,U,,Post Graduate,Lawyer,challenger,src-31c65dbec869
IN-PC-2008-madhya-pradesh-306,madhya-pradesh,2019,17,HOSHANGABAD,SHALIGRAM MAKODIYA,parties.IN.IND,4837,0.38,7,forfeit,U,,,,challenger,src-31c65dbec869
IN-PC-2008-madhya-pradesh-306,madhya-pradesh,2019,17,HOSHANGABAD,RAJESH KUMAR UIKEY,parties.IN.GGP,3437,0.27,8,forfeit,U,,Illiterate,,challenger,src-31c65dbec869
IN-PC-2008-madhya-pradesh-306,madhya-pradesh,2019,17,HOSHANGABAD,DIWAN SHAILENDRA,parties.IN.IND,3426,0.27,9,forfeit,U,,,,challenger,src-31c65dbec869
IN-PC-2008-madhya-pradesh-306,madhya-pradesh,2019,17,HOSHANGABAD,DEVENDRA SHARMA,,1874,0.15,10,forfeit,U,,Graduate,,challenger,src-31c65dbec869
IN-PC-2008-madhya-pradesh-306,madhya-pradesh,2019,17,HOSHANGABAD,ARYA RAVI PARIHAR,parties.IN.IND,1805,0.14,11,forfeit,U,,8th Pass,,challenger,src-31c65dbec869
IN-PC-2008-madhya-pradesh-306,madhya-pradesh,2019,17,HOSHANGABAD,BHAVANI SHANKAR SAINI (MONU SAINI),,1271,0.1,12,forfeit,U,,5th Pass,,challenger,src-31c65dbec869
IN-PC-2008-madhya-pradesh-315,madhya-pradesh,2019,18,VIDISHA,Ramakant Bhargava,parties.IN.BJP,853022,68.23,1,won,U,,12th Pass,,challenger,src-31c65dbec869
IN-PC-2008-madhya-pradesh-315,madhya-pradesh,2019,18,VIDISHA,Shailendra Rameshchandra Patel,parties.IN.INC,349938,27.99,2,lost,U,,Post Graduate,,challenger,src-31c65dbec869
IN-PC-2008-madhya-pradesh-315,madhya-pradesh,2019,18,VIDISHA,Geetawali Er. P.S. Ahirwar,parties.IN.BSP,14409,1.15,3,forfeit,U,,Graduate,Household,challenger,src-31c65dbec869
IN-PC-2008-madhya-pradesh-315,madhya-pradesh,2019,18,VIDISHA,Sudhir Kumar,parties.IN.IND,5102,0.41,5,forfeit,U,,Graduate,Contractor,challenger,src-31c65dbec869
IN-PC-2008-madhya-pradesh-315,madhya-pradesh,2019,18,VIDISHA,Madan Lal Bhadoriya,,4612,0.37,6,forfeit,U,,12th Pass,Insurance Agent,challenger,src-31c65dbec869
IN-PC-2008-madhya-pradesh-315,madhya-pradesh,2019,18,VIDISHA,Shailendra Patel,parties.IN.IND,3898,0.31,7,forfeit,U,,,,challenger,src-31c65dbec869
IN-PC-2008-madhya-pradesh-315,madhya-pradesh,2019,18,VIDISHA,Vivek Kumar,parties.IN.IND,2684,0.21,8,forfeit,U,,,,challenger,src-31c65dbec869
IN-PC-2008-madhya-pradesh-315,madhya-pradesh,2019,18,VIDISHA,Devendra Singh Chouhan,parties.IN.IND,2634,0.21,9,forfeit,U,,Graduate,,challenger,src-31c65dbec869
IN-PC-2008-madhya-pradesh-315,madhya-pradesh,2019,18,VIDISHA,Mahant Pratap Giri,parties.IN.IND,1260,0.1,10,forfeit,U,,Literate,,challenger,src-31c65dbec869
IN-PC-2008-madhya-pradesh-315,madhya-pradesh,2019,18,VIDISHA,Naveen Jatav,parties.IN.IND,1187,0.09,11,forfeit,U,,10th Pass,Real Estate or Builder or Developer or Construction,challenger,src-31c65dbec869
IN-PC-2008-madhya-pradesh-315,madhya-pradesh,2019,18,VIDISHA,Mohd. Talat Khan (Talat),parties.IN.IND,1086,0.09,12,forfeit,U,,,,challenger,src-31c65dbec869
IN-PC-2008-madhya-pradesh-315,madhya-pradesh,2019,18,VIDISHA,Ramkrishna Surywanshi,parties.IN.BMUP,1000,0.08,13,forfeit,U,,8th Pass,,challenger,src-31c65dbec869
IN-PC-2008-madhya-pradesh-315,madhya-pradesh,2019,18,VIDISHA,Anil Malviya Patrakar,parties.IN.IND,793,0.06,14,forfeit,U,,Post Graduate,Private Company,challenger,src-31c65dbec869
IN-PC-2008-madhya-pradesh-308,madhya-pradesh,2019,19,BHOPAL,SADHVI PRAGYA SINGH THAKUR,parties.IN.BJP,866482,61.54,1,won,U,,Post Graduate,,challenger,src-31c65dbec869
IN-PC-2008-madhya-pradesh-308,madhya-pradesh,2019,19,BHOPAL,DIGVIJAYA SINGH,parties.IN.INC,501660,35.63,2,lost,U,,Graduate Professional,Rent,challenger,src-31c65dbec869
IN-PC-2008-madhya-pradesh-308,madhya-pradesh,2019,19,BHOPAL,MADHO SINGH AHIRWAR,parties.IN.BSP,11277,0.8,3,forfeit,U,,Literate,,challenger,src-31c65dbec869
IN-PC-2008-madhya-pradesh-308,madhya-pradesh,2019,19,BHOPAL,DR. VEENA GHANEKAR Rtd. IAS,,3264,0.23,5,forfeit,U,,Doctorate,,challenger,src-31c65dbec869
IN-PC-2008-madhya-pradesh-308,madhya-pradesh,2019,19,BHOPAL,RAMSUSHIL SHARMA E/X/ C.R.P.F.,,2819,0.2,6,forfeit,U,,12th Pass,Ex MP,challenger,src-31c65dbec869
IN-PC-2008-madhya-pradesh-308,madhya-pradesh,2019,19,BHOPAL,LATA SURYAWANSHI,,2688,0.19,7,forfeit,U,,10th Pass,,challenger,src-31c65dbec869
IN-PC-2008-madhya-pradesh-308,madhya-pradesh,2019,19,BHOPAL,RAJESH KEER,parties.IN.BMUP,1439,0.1,8,forfeit,U,,Graduate Professional,,challenger,src-31c65dbec869
IN-PC-2008-madhya-pradesh-308,madhya-pradesh,2019,19,BHOPAL,DESHMUKH RIYAZUDDIN GHAYASUDDIN,parties.IN.IND,1251,0.09,9,forfeit,U,,Post Graduate,Ex Civil Service,challenger,src-31c65dbec869
IN-PC-2008-madhya-pradesh-308,madhya-pradesh,2019,19,BHOPAL,RAJ KUMAR SHAKYA (KORI),parties.IN.JANADIP,883,0.06,10,forfeit,U,,Post Graduate,School Teacher,challenger,src-31c65dbec869
IN-PC-2008-madhya-pradesh-308,madhya-pradesh,2019,19,BHOPAL,GAUTAM NAGDAVANE,parties.IN.APOI,856,0.06,11,forfeit,U,,8th Pass,,challenger,src-31c65dbec869
IN-PC-2008-madhya-pradesh-308,madhya-pradesh,2019,19,BHOPAL,DEVENDRA PRAKASH MISHRA,parties.IN.IND,854,0.06,12,forfeit,U,,Post Graduate,Lawyer,challenger,src-31c65dbec869
IN-PC-2008-madhya-pradesh-308,madhya-pradesh,2019,19,BHOPAL,SUNIL KUMAR DODEJA,parties.IN.IND,852,0.06,13,forfeit,U,,Post Graduate,Real Estate or Builder or Developer or Construction,challenger,src-31c65dbec869
IN-PC-2008-madhya-pradesh-308,madhya-pradesh,2019,19,BHOPAL,MD. IQBAL KHAN,,844,0.06,14,forfeit,U,,12th Pass,,challenger,src-31c65dbec869
IN-PC-2008-madhya-pradesh-308,madhya-pradesh,2019,19,BHOPAL,KAMLESH DANGI THAKUR,parties.IN.HND,686,0.05,15,forfeit,U,,10th Pass,,challenger,src-31c65dbec869
IN-PC-2008-madhya-pradesh-308,madhya-pradesh,2019,19,BHOPAL,CA PRAMOD BHOJWANI,parties.IN.SSRD,572,0.04,16,forfeit,U,,Graduate,Accountant,challenger,src-31c65dbec869
IN-PC-2008-madhya-pradesh-308,madhya-pradesh,2019,19,BHOPAL,BHAURAO VITHOBA FULZELE,parties.IN.BHAPRAP,538,0.04,17,forfeit,U,,Graduate Professional,,challenger,src-31c65dbec869
IN-PC-2008-madhya-pradesh-308,madhya-pradesh,2019,19,BHOPAL,ABDUL TAHIR ANSARI (BABLU) ADVOCATE PATRKAR AND SAMAJSEWAK,,527,0.04,18,forfeit,U,,Graduate Professional,"Lawyer, Journalist or Editor",challenger,src-31c65dbec869
IN-PC-2008-madhya-pradesh-308,madhya-pradesh,2019,19,BHOPAL,BAL RAM SINGH TOMAR,,497,0.04,19,forfeit,U,,12th Pass,,challenger,src-31c65dbec869
IN-PC-2008-madhya-pradesh-308,madhya-pradesh,2019,19,BHOPAL,MUKESH KUMAR GUPTA,parties.IN.IND,485,0.03,20,forfeit,U,,12th Pass,Insurance Agent,challenger,src-31c65dbec869
IN-PC-2008-madhya-pradesh-308,madhya-pradesh,2019,19,BHOPAL,PIYUSH JAIN,parties.IN.RTORP,484,0.03,21,forfeit,U,,Post Graduate,Engineer,challenger,src-31c65dbec869
IN-PC-2008-madhya-pradesh-308,madhya-pradesh,2019,19,BHOPAL,J.C. BARAI,,479,0.03,22,forfeit,U,,12th Pass,,challenger,src-31c65dbec869
IN-PC-2008-madhya-pradesh-308,madhya-pradesh,2019,19,BHOPAL,PRABHA BHARTI,,473,0.03,23,forfeit,U,,Others,,challenger,src-31c65dbec869
IN-PC-2008-madhya-pradesh-308,madhya-pradesh,2019,19,BHOPAL,PRAVEEN SINGH THAKUR (PRAVEENA THAKUR),parties.IN.IND,456,0.03,24,forfeit,U,,,,challenger,src-31c65dbec869
IN-PC-2008-madhya-pradesh-308,madhya-pradesh,2019,19,BHOPAL,SHRIMATI HEMLATA PATHAK,,418,0.03,25,forfeit,U,,12th Pass,Home Teacher or Tuition,challenger,src-31c65dbec869
IN-PC-2008-madhya-pradesh-308,madhya-pradesh,2019,19,BHOPAL,MAHENDRA KUMAR,parties.IN.IND,365,0.03,26,forfeit,U,,10th Pass,,challenger,src-31c65dbec869
IN-PC-2008-madhya-pradesh-308,madhya-pradesh,2019,19,BHOPAL,MOH. ATEEK,parties.IN.IND,331,0.02,27,forfeit,U,,Illiterate,,challenger,src-31c65dbec869
IN-PC-2008-madhya-pradesh-308,madhya-pradesh,2019,19,BHOPAL,KAMLESH NAMDEV,parties.IN.IND,286,0.02,28,forfeit,U,,10th Pass,,challenger,src-31c65dbec869
IN-PC-2008-madhya-pradesh-308,madhya-pradesh,2019,19,BHOPAL,PRIYANKA KHARE,parties.IN.IND,278,0.02,29,forfeit,U,,10th Pass,Household,challenger,src-31c65dbec869
IN-PC-2008-madhya-pradesh-308,madhya-pradesh,2019,19,BHOPAL,MAHENDRA-KATIYAR,parties.IN.IND,265,0.02,30,forfeit,U,,Post Graduate,,challenger,src-31c65dbec869
IN-PC-2008-madhya-pradesh-308,madhya-pradesh,2019,19,BHOPAL,ALOK KUMAR,parties.IN.IND,215,0.02,31,forfeit,U,,Post Graduate,,challenger,src-31c65dbec869
IN-PC-2008-madhya-pradesh-333,madhya-pradesh,2019,20,RAJGARH,RODMAL NAGAR,parties.IN.BJP,823824,65.37,1,won,U,,Graduate,Rent,incumbent,src-31c65dbec869
IN-PC-2008-madhya-pradesh-333,madhya-pradesh,2019,20,RAJGARH,MONA SUSTANI,parties.IN.INC,392805,31.17,2,lost,U,,Graduate,Rent,challenger,src-31c65dbec869
IN-PC-2008-madhya-pradesh-333,madhya-pradesh,2019,20,RAJGARH,TH. JAGDISH SINGH PARMAR,,9396,0.75,4,forfeit,U,,5th Pass,,crossover,src-31c65dbec869
IN-PC-2008-madhya-pradesh-333,madhya-pradesh,2019,20,RAJGARH,SANTOSH RAV,parties.IN.IND,4770,0.38,5,forfeit,U,,,,challenger,src-31c65dbec869
IN-PC-2008-madhya-pradesh-333,madhya-pradesh,2019,20,RAJGARH,PANDIT DIVYENDRA DUBEY ADVOCATE,parties.IN.IND,4155,0.33,6,forfeit,U,,Graduate Professional,Lawyer,challenger,src-31c65dbec869
IN-PC-2008-madhya-pradesh-333,madhya-pradesh,2019,20,RAJGARH,PARVAT SINGH,parties.IN.APOI,4086,0.32,7,forfeit,U,,,,challenger,src-31c65dbec869
IN-PC-2008-madhya-pradesh-333,madhya-pradesh,2019,20,RAJGARH,IMAMDDIN KHAN,parties.IN.IND,3707,0.29,8,forfeit,U,,,,challenger,src-31c65dbec869
IN-PC-2008-madhya-pradesh-333,madhya-pradesh,2019,20,RAJGARH,MOHSIN BHANEJ,parties.IN.IND,2577,0.2,9,forfeit,U,,,,challenger,src-31c65dbec869
IN-PC-2008-madhya-pradesh-333,madhya-pradesh,2019,20,RAJGARH,MUKESH DANGI,parties.IN.SHS,1978,0.16,10,forfeit,U,,5th Pass,,challenger,src-31c65dbec869
IN-PC-2008-madhya-pradesh-333,madhya-pradesh,2019,20,RAJGARH,SANJAY GUPTA (MAHAJAN),,1408,0.11,11,forfeit,U,,Graduate,,challenger,src-31c65dbec869
IN-PC-2008-madhya-pradesh-333,madhya-pradesh,2019,20,RAJGARH,SUSHEEL PRASAD,,1248,0.1,12,forfeit,U,,Doctorate,Principal or Administrator,challenger,src-31c65dbec869
IN-PC-2008-madhya-pradesh-324,madhya-pradesh,2019,21,DEWAS,MAHENDRA SINGH SOLANKY,parties.IN.BJP,862429,61.65,1,won,U,,Graduate Professional,Ex Judiciary,challenger,src-31c65dbec869
IN-PC-2008-madhya-pradesh-324,madhya-pradesh,2019,21,DEWAS,PRAHLAD SINGH TIPANYA,parties.IN.INC,490180,35.04,2,lost,U,,Post Graduate,,challenger,src-31c65dbec869
IN-PC-2008-madhya-pradesh-324,madhya-pradesh,2019,21,DEWAS,BADRILAL (AKELA),parties.IN.BSP,18338,1.31,3,forfeit,U,,Post Graduate,,challenger,src-31c65dbec869
IN-PC-2008-madhya-pradesh-324,madhya-pradesh,2019,21,DEWAS,PRAVIN SHANTARAM GANGURDE,parties.IN.BHAPRAP,9818,0.7,4,forfeit,U,,Post Graduate,Self-employed,challenger,src-31c65dbec869
IN-PC-2008-madhya-pradesh-324,madhya-pradesh,2019,21,DEWAS,NITIN VERMA,parties.IN.IND,4639,0.33,6,forfeit,U,,12th Pass,Real Estate or Builder or Developer or Construction,challenger,src-31c65dbec869
IN-PC-2008-madhya-pradesh-324,madhya-pradesh,2019,21,DEWAS,MAHENDRA SING,parties.IN.IND,4508,0.32,7,forfeit,U,,12th Pass,,challenger,src-31c65dbec869
IN-PC-2008-madhya-pradesh-319,madhya-pradesh,2019,23,MANDSOUR,Sudheer Gupta,parties.IN.BJP,847786,61.85,1,won,U,,Post Graduate,Insurance Agent,incumbent,src-31c65dbec869
IN-PC-2008-madhya-pradesh-319,madhya-pradesh,2019,23,MANDSOUR,Meenakshi Natarajan,parties.IN.INC,471052,34.37,2,lost,U,,Post Graduate,,challenger,src-31c65dbec869
IN-PC-2008-madhya-pradesh-319,madhya-pradesh,2019,23,MANDSOUR,Prabhulal Meghwal,parties.IN.BSP,9703,0.71,3,forfeit,U,,10th Pass,,challenger,src-31c65dbec869
IN-PC-2008-madhya-pradesh-319,madhya-pradesh,2019,23,MANDSOUR,Ismail Mev,parties.IN.BAHUMP,7760,0.57,5,forfeit,U,,Literate,,challenger,src-31c65dbec869
IN-PC-2008-madhya-pradesh-319,madhya-pradesh,2019,23,MANDSOUR,Vijay Rann,parties.IN.IND,6633,0.48,6,forfeit,U,,Graduate,Agricultural Business,challenger,src-31c65dbec869
IN-PC-2008-madhya-pradesh-319,madhya-pradesh,2019,23,MANDSOUR,Saeed Ahmed Shabrarti Ahmed,parties.IN.IND,4896,0.36,7,forfeit,U,,5th Pass,,challenger,src-31c65dbec869
IN-PC-2008-madhya-pradesh-319,madhya-pradesh,2019,23,MANDSOUR,Nandlal Meena,parties.IN.IND,3127,0.23,8,forfeit,U,,12th Pass,,challenger,src-31c65dbec869
IN-PC-2008-madhya-pradesh-319,madhya-pradesh,2019,23,MANDSOUR,Ranglal Dhanger,parties.IN.IND,2685,0.2,9,forfeit,U,,12th Pass,,challenger,src-31c65dbec869
IN-PC-2008-madhya-pradesh-319,madhya-pradesh,2019,23,MANDSOUR,Meenakshi Chouhan,,1748,0.13,10,forfeit,U,,Graduate,,challenger,src-31c65dbec869
IN-PC-2008-madhya-pradesh-319,madhya-pradesh,2019,23,MANDSOUR,Prahlad Singh S. Rajput,parties.IN.IND,1613,0.12,11,forfeit,U,,8th Pass,,challenger,src-31c65dbec869
IN-PC-2008-madhya-pradesh-319,madhya-pradesh,2019,23,MANDSOUR,Fulchand Patidar,parties.IN.IND,1491,0.11,12,forfeit,U,,Graduate,,challenger,src-31c65dbec869
IN-PC-2008-madhya-pradesh-319,madhya-pradesh,2019,23,MANDSOUR,Shivlal Gurjar,parties.IN.SHS,1433,0.1,13,forfeit,U,,5th Pass,,challenger,src-31c65dbec869
IN-PC-2008-madhya-pradesh-319,madhya-pradesh,2019,23,MANDSOUR,Advocate Bapu Singh Gujar,parties.IN.HND,1309,0.1,14,forfeit,U,,Post Graduate,Lawyer,challenger,src-31c65dbec869
IN-PC-2008-madhya-pradesh-320,madhya-pradesh,2019,24,RATLAM,GUMAN SINGH DAMOR,parties.IN.BJP,696103,49.7,1,won,U,,Graduate Professional,,challenger,src-31c65dbec869
IN-PC-2008-madhya-pradesh-320,madhya-pradesh,2019,24,RATLAM,KANTILAL BHURIA,parties.IN.INC,605467,43.23,2,lost,U,,Post Graduate,,incumbent,src-31c65dbec869
IN-PC-2008-madhya-pradesh-320,madhya-pradesh,2019,24,RATLAM,KAMLESHWAR BHIL,parties.IN.BTP,14784,1.06,4,forfeit,U,,Graduate,,challenger,src-31c65dbec869
IN-PC-2008-madhya-pradesh-320,madhya-pradesh,2019,24,RATLAM,MADHU SINGH PATEL(CHOUHAN),parties.IN.BSP,13753,0.98,5,forfeit,U,,10th Pass,,challenger,src-31c65dbec869
IN-PC-2008-madhya-pradesh-320,madhya-pradesh,2019,24,RATLAM,RANGLA-KALESH,parties.IN.IND,12839,0.92,6,forfeit,U,,Graduate,,challenger,src-31c65dbec869
IN-PC-2008-madhya-pradesh-320,madhya-pradesh,2019,24,RATLAM,108 NILESH DAMOR,parties.IN.IND,6378,0.46,7,forfeit,U,,Graduate,,challenger,src-31c65dbec869
IN-PC-2008-madhya-pradesh-320,madhya-pradesh,2019,24,RATLAM,SURAJSINGH KALIYA,parties.IN.JDU,6320,0.45,8,forfeit,U,,5th Pass,,challenger,src-31c65dbec869
IN-PC-2008-madhya-pradesh-320,madhya-pradesh,2019,24,RATLAM,SURAJ BHABHAR,parties.IN.AINHCP,5584,0.4,9,forfeit,U,,Graduate,,challenger,src-31c65dbec869
IN-PC-2008-madhya-pradesh-320,madhya-pradesh,2019,24,RATLAM,ADVOCATE-KATARA RUKHAMAN SINGH,parties.IN.BMUP,3850,0.27,10,forfeit,U,,Graduate Professional,Lawyer,challenger,src-31c65dbec869
IN-PC-2008-madhya-pradesh-312,madhya-pradesh,2019,25,DHAR,CHATTARSINGH DARBAR,parties.IN.BJP,722147,53.73,1,won,U,,Post Graduate,Ex MP,challenger,src-31c65dbec869
IN-PC-2008-madhya-pradesh-312,madhya-pradesh,2019,25,DHAR,GIRWAL DINESH,parties.IN.INC,566118,42.12,2,lost,U,,Graduate,Petrol Pumps,challenger,src-31c65dbec869
IN-PC-2008-madhya-pradesh-312,madhya-pradesh,2019,25,DHAR,GULSINGH RAMSINGH KAWACHE,parties.IN.BSP,13827,1.03,4,forfeit,U,,Post Graduate,,challenger,src-31c65dbec869
IN-PC-2008-madhya-pradesh-312,madhya-pradesh,2019,25,DHAR,KAILASH VASUNIYA,parties.IN.BMUP,9159,0.68,5,forfeit,U,,Graduate,,crossover,src-31c65dbec869
IN-PC-2008-madhya-pradesh-312,madhya-pradesh,2019,25,DHAR,RAMCHARAN MALIWAD,parties.IN.JAC,5947,0.44,6,forfeit,U,,Illiterate,Taxi Driver,challenger,src-31c65dbec869
IN-PC-2008-madhya-pradesh-312,madhya-pradesh,2019,25,DHAR,DASHRATH BHUWAN (DOTRIYA),parties.IN.IND,5621,0.42,7,forfeit,U,,8th Pass,Transport,challenger,src-31c65dbec869
IN-PC-2008-madhya-pradesh-312,madhya-pradesh,2019,25,DHAR,MANISH DEVID,,3384,0.25,8,forfeit,U,,10th Pass,,challenger,src-31c65dbec869
IN-PC-2008-madhya-pradesh-316,madhya-pradesh,2019,26,INDORE,SHANKAR LALWANI,parties.IN.BJP,1068569,65.59,1,won,U,,Graduate Professional,Qualified Professional,challenger,src-31c65dbec869
IN-PC-2008-madhya-pradesh-316,madhya-pradesh,2019,26,INDORE,PANKAJ SANGHVI,parties.IN.INC,520815,31.97,2,lost,U,,Graduate,Rent,challenger,src-31c65dbec869
IN-PC-2008-madhya-pradesh-316,madhya-pradesh,2019,26,INDORE,ER. DEEPCHAND AHIRWAL,parties.IN.BSP,8666,0.53,3,forfeit,U,,12th Pass,Contractor,challenger,src-31c65dbec869
IN-PC-2008-madhya-pradesh-316,madhya-pradesh,2019,26,INDORE,IFTIKHAR AHMED KHAN,parties.IN.MNDP,4455,0.27,5,forfeit,U,,12th Pass,,challenger,src-31c65dbec869
IN-PC-2008-madhya-pradesh-316,madhya-pradesh,2019,26,INDORE,SHAILENDRA SHARMA,parties.IN.IND,3364,0.21,6,forfeit,U,,Post Graduate,,challenger,src-31c65dbec869
IN-PC-2008-madhya-pradesh-316,madhya-pradesh,2019,26,INDORE,RAMESH PATIL,parties.IN.IND,3184,0.2,7,forfeit,U,,10th Pass,,challenger,src-31c65dbec869
IN-PC-2008-madhya-pradesh-316,madhya-pradesh,2019,26,INDORE,SHRI SURENDRA,parties.IN.IND,2596,0.16,8,forfeit,U,,10th Pass,,challenger,src-31c65dbec869
IN-PC-2008-madhya-pradesh-316,madhya-pradesh,2019,26,INDORE,RANJEET GOHAR,parties.IN.IND,2405,0.15,9,forfeit,U,,12th Pass,,challenger,src-31c65dbec869
IN-PC-2008-madhya-pradesh-316,madhya-pradesh,2019,26,INDORE,HAJI MUSTAK ANSARI,parties.IN.IND,2019,0.12,10,forfeit,U,,5th Pass,,challenger,src-31c65dbec869
IN-PC-2008-madhya-pradesh-316,madhya-pradesh,2019,26,INDORE,RAJKARAN YADAV (TEEMAI),parties.IN.IND,1374,0.08,11,forfeit,U,,8th Pass,Real Estate or Builder or Developer or Construction,challenger,src-31c65dbec869
IN-PC-2008-madhya-pradesh-316,madhya-pradesh,2019,26,INDORE,PARMANAND TOLANI,parties.IN.IND,1233,0.08,12,forfeit,U,,5th Pass,Real Estate or Builder or Developer or Construction,challenger,src-31c65dbec869
IN-PC-2008-madhya-pradesh-316,madhya-pradesh,2019,26,INDORE,MAHENDRA TIKLIYA,parties.IN.IND,838,0.05,13,forfeit,U,,8th Pass,,challenger,src-31c65dbec869
IN-PC-2008-madhya-pradesh-316,madhya-pradesh,2019,26,INDORE,KAMLESH VAISHNAV,parties.IN.HND,699,0.04,14,forfeit,U,,Post Graduate,Contractor,challenger,src-31c65dbec869
IN-PC-2008-madhya-pradesh-316,madhya-pradesh,2019,26,INDORE,AJMERA S PRAVEEN KUMAR,parties.IN.IND,693,0.04,15,forfeit,U,,Post Graduate,Journalist or Editor,challenger,src-31c65dbec869
IN-PC-2008-madhya-pradesh-316,madhya-pradesh,2019,26,INDORE,DR. SANDEEP VASANTRAO KADWE,parties.IN.IND,631,0.04,16,forfeit,U,,Doctorate,,challenger,src-31c65dbec869
IN-PC-2008-madhya-pradesh-316,madhya-pradesh,2019,26,INDORE,DHEERAJ DUBEY PATRAKAR,,614,0.04,17,forfeit,U,,Graduate,Journalist or Editor,challenger,src-31c65dbec869
IN-PC-2008-madhya-pradesh-316,madhya-pradesh,2019,26,INDORE,RAJENDRA AGARWAL 'RAJU',parties.IN.SP_I,528,0.03,18,forfeit,U,,12th Pass,,challenger,src-31c65dbec869
IN-PC-2008-madhya-pradesh-316,madhya-pradesh,2019,26,INDORE,PRAKASH VERMA,parties.IN.IND,498,0.03,19,forfeit,U,,8th Pass,,challenger,src-31c65dbec869
IN-PC-2008-madhya-pradesh-316,madhya-pradesh,2019,26,INDORE,BHAVANA KISHORE SANGELIYA,parties.IN.JAC,459,0.03,20,forfeit,U,,10th Pass,,challenger,src-31c65dbec869
IN-PC-2008-madhya-pradesh-316,madhya-pradesh,2019,26,INDORE,SRI IMRAN BAKSH,parties.IN.IND,423,0.03,21,forfeit,U,,12th Pass,,challenger,src-31c65dbec869
IN-PC-2008-madhya-pradesh-332,madhya-pradesh,2019,27,KHARGONE,GAJENDRA UMRAO SINGH PATEL,parties.IN.BJP,773550,54.19,1,won,U,,Graduate Professional,Petrol Pumps,challenger,src-31c65dbec869
IN-PC-2008-madhya-pradesh-332,madhya-pradesh,2019,27,KHARGONE,DR. GOVIND SUBHAN MUJALDA,parties.IN.INC,571040,40,2,lost,U,,Post Graduate,Doctor,challenger,src-31c65dbec869
IN-PC-2008-madhya-pradesh-332,madhya-pradesh,2019,27,KHARGONE,COMRADE JYOTI SUKHLAL GORE,parties.IN.CPI,20673,1.45,3,forfeit,U,,8th Pass,,challenger,src-31c65dbec869
IN-PC-2008-madhya-pradesh-332,madhya-pradesh,2019,27,KHARGONE,AMIT KUMAR BALKE,parties.IN.BSP,18573,1.3,4,forfeit,U,,12th Pass,,challenger,src-31c65dbec869
IN-PC-2008-madhya-pradesh-332,madhya-pradesh,2019,27,KHARGONE,SHANTILAL S/O AASHARAM SAHITE,parties.IN.IND,10265,0.72,6,forfeit,U,,12th Pass,Shop Keeper,challenger,src-31c65dbec869
IN-PC-2008-madhya-pradesh-332,madhya-pradesh,2019,27,KHARGONE,SEVANTI DINESH BHABAR,parties.IN.IND,9753,0.68,7,forfeit,U,,Graduate,,challenger,src-31c65dbec869
IN-PC-2008-madhya-pradesh-332,madhya-pradesh,2019,27,KHARGONE,JANI KARAN,parties.IN.IND,5330,0.37,8,forfeit,U,,Graduate,,challenger,src-31c65dbec869
IN-PC-2008-madhya-pradesh-322,madhya-pradesh,2019,29,BETUL,DURGA DAS (D.D.) UIKEY,parties.IN.BJP,811248,59.74,1,won,U,,Post Graduate,,challenger,src-31c65dbec869
IN-PC-2008-madhya-pradesh-322,madhya-pradesh,2019,29,BETUL,RAMU TEKAM (ADVOCATE),parties.IN.INC,451007,33.21,2,lost,U,,Graduate Professional,Lawyer,challenger,src-31c65dbec869
IN-PC-2008-madhya-pradesh-322,madhya-pradesh,2019,29,BETUL,ASHOK BHALAVI,parties.IN.BSP,23573,1.74,3,forfeit,U,,Literate,Transport,challenger,src-31c65dbec869
IN-PC-2008-madhya-pradesh-322,madhya-pradesh,2019,29,BETUL,SUNIL KAWDE,parties.IN.IND,10940,0.81,5,forfeit,U,,,,challenger,src-31c65dbec869
IN-PC-2008-madhya-pradesh-322,madhya-pradesh,2019,29,BETUL,PUSHPA MARSKOLE,parties.IN.BMUP,10342,0.76,6,forfeit,U,,Post Graduate,,challenger,src-31c65dbec869
IN-PC-2008-madhya-pradesh-322,madhya-pradesh,2019,29,BETUL,NIMISH SARIYAM,parties.IN.IND,9804,0.72,7,forfeit,U,,Graduate,,challenger,src-31c65dbec869
IN-PC-2008-madhya-pradesh-322,madhya-pradesh,2019,29,BETUL,BHAGCHARAN WARKADE,parties.IN.IND,9431,0.69,8,forfeit,U,,12th Pass,,challenger,src-31c65dbec869
IN-PC-2008-madhya-pradesh-322,madhya-pradesh,2019,29,BETUL,BISRAM UIKEY,parties.IN.GGP,4957,0.37,9,forfeit,U,,12th Pass,,challenger,src-31c65dbec869
IN-PC-2008-madhya-pradesh-322,madhya-pradesh,2019,29,BETUL,PUSHPA DR. SHAILENDRA PENDAM,,3768,0.28,10,forfeit,U,,Graduate,Household,challenger,src-31c65dbec869
IN-PC-2008-maharashtra-392,maharashtra,2019,1,NANDURBAR,Dr. Heena Vijaykumar Gavit,parties.IN.BJP,639136,49.86,1,won,U,,Post Graduate,,incumbent,src-31c65dbec869
IN-PC-2008-maharashtra-392,maharashtra,2019,1,NANDURBAR,Adv. K. C. Padavi,parties.IN.INC,543507,42.4,2,lost,U,,Post Graduate,,crossover,src-31c65dbec869
IN-PC-2008-maharashtra-392,maharashtra,2019,1,NANDURBAR,Anturlikar Sushil Suresh,parties.IN.VBA,25702,2.01,3,forfeit,U,,Post Graduate,Medical Professional,challenger,src-31c65dbec869
IN-PC-2008-maharashtra-392,maharashtra,2019,1,NANDURBAR,Dr. Natawadkar Suhas Jayant,parties.IN.IND,13820,1.08,5,forfeit,U,,Graduate Professional,,challenger,src-31c65dbec869
IN-PC-2008-maharashtra-392,maharashtra,2019,1,NANDURBAR,Rekha Suresh Desai,parties.IN.BSP,11466,0.89,6,forfeit,U,,12th Pass,,challenger,src-31c65dbec869
IN-PC-2008-maharashtra-392,maharashtra,2019,1,NANDURBAR,Koli Ananda Sukalal,parties.IN.IND,7185,0.56,7,forfeit,U,,8th Pass,,challenger,src-31c65dbec869
IN-PC-2008-maharashtra-392,maharashtra,2019,1,NANDURBAR,Ashok Daulatsing Padvi,parties.IN.IND,4930,0.38,8,forfeit,U,,10th Pass,,challenger,src-31c65dbec869
IN-PC-2008-maharashtra-392,maharashtra,2019,1,NANDURBAR,Ajay Karamsing Gavit,parties.IN.IND,4497,0.35,9,forfeit,U,,12th Pass,,challenger,src-31c65dbec869
IN-PC-2008-maharashtra-392,maharashtra,2019,1,NANDURBAR,Krishna Thoga Gavit,parties.IN.BTP,4438,0.35,10,forfeit,U,,12th Pass,Petrol Pumps,challenger,src-31c65dbec869
IN-PC-2008-maharashtra-392,maharashtra,2019,1,NANDURBAR,Arjunsing Diwansing Vasave,parties.IN.IND,2936,0.23,11,forfeit,U,,Graduate,,challenger,src-31c65dbec869
IN-PC-2008-maharashtra-392,maharashtra,2019,1,NANDURBAR,Sandip Abhimanyu Valvi,parties.IN.BMUP,2196,0.17,12,forfeit,U,,Graduate,,challenger,src-31c65dbec869
IN-PC-2008-maharashtra-372,maharashtra,2019,2,DHULE,Bhamre Subhash Ramrao,parties.IN.BJP,613533,56.54,1,won,U,,Post Graduate,Rent,incumbent,src-31c65dbec869
IN-PC-2008-maharashtra-372,maharashtra,2019,2,DHULE,Kunalbaba Rohidas Patil,parties.IN.INC,384290,35.42,2,lost,U,,Graduate,,challenger,src-31c65dbec869
IN-PC-2008-maharashtra-372,maharashtra,2019,2,DHULE,Nabi Ahmad Ahmad Dulla,parties.IN.VBA,39449,3.64,3,forfeit,U,,5th Pass,,challenger,src-31c65dbec869
IN-PC-2008-maharashtra-372,maharashtra,2019,2,DHULE,Anil Anna,parties.IN.LKSGM,8418,0.78,4,forfeit,U,,10th Pass,,challenger,src-31c65dbec869
IN-PC-2008-maharashtra-372,maharashtra,2019,2,DHULE,Aparanti Sanjay Yashwant,parties.IN.BSP,4645,0.43,5,forfeit,U,,Post Graduate,Ex Police,crossover,src-31c65dbec869
IN-PC-2008-maharashtra-372,maharashtra,2019,2,DHULE,Dinesh Punamchand Koli,parties.IN.IND,3697,0.34,6,forfeit,U,,Others,,challenger,src-31c65dbec869
IN-PC-2008-maharashtra-372,maharashtra,2019,2,DHULE,Iqbal Ahmed Mohammed Rafeeque,parties.IN.IND,3444,0.32,7,forfeit,U,,,,challenger,src-31c65dbec869
IN-PC-2008-maharashtra-372,maharashtra,2019,2,DHULE,Pandharinath Chaitram More,parties.IN.BTP,3283,0.3,8,forfeit,U,,Post Graduate,,challenger,src-31c65dbec869
IN-PC-2008-maharashtra-372,maharashtra,2019,2,DHULE,Sitaram Baga Wagh,parties.IN.BARESP,2035,0.19,10,forfeit,U,,12th Pass,,challenger,src-31c65dbec869
IN-PC-2008-maharashtra-372,maharashtra,2019,2,DHULE,Bhamare Subash Shankar,parties.IN.IND,1943,0.18,11,forfeit,U,,,,challenger,src-31c65dbec869
IN-PC-2008-maharashtra-372,maharashtra,2019,2,DHULE,Tadvi Ayyub Khan Razzaque Khan,parties.IN.IND,1912,0.18,12,forfeit,U,,8th Pass,,challenger,src-31c65dbec869
IN-PC-2008-maharashtra-372,maharashtra,2019,2,DHULE,Irfan Mo. Isahak,parties.IN.IND,1883,0.17,13,forfeit,U,,Post Graduate,,challenger,src-31c65dbec869
IN-PC-2008-maharashtra-372,maharashtra,2019,2,DHULE,Pinjari Salim Kasam,parties.IN.IND,1786,0.16,14,forfeit,U,,8th Pass,,challenger,src-31c65dbec869
IN-PC-2008-maharashtra-372,maharashtra,2019,2,DHULE,Chordiya Dhiraj Prakashchand,parties.IN.IND,1725,0.16,15,forfeit,U,,,,challenger,src-31c65dbec869
IN-PC-2008-maharashtra-372,maharashtra,2019,2,DHULE,Anil Ramdas Jadhaav,parties.IN.BALP,1271,0.12,16,forfeit,U,,10th Pass,,challenger,src-31c65dbec869
IN-PC-2008-maharashtra-372,maharashtra,2019,2,DHULE,Qasmi Kamal Hashim Mohammed Azmi,parties.IN.IND,1191,0.11,17,forfeit,U,,,,challenger,src-31c65dbec869
IN-PC-2008-maharashtra-372,maharashtra,2019,2,DHULE,Dnyaneshwar Baliram Dhekale alias Bapu,parties.IN.IND,1036,0.1,18,forfeit,U,,,,challenger,src-31c65dbec869
IN-PC-2008-maharashtra-372,maharashtra,2019,2,DHULE,Mevati Hina Yusufbhai,,895,0.08,19,forfeit,U,,Graduate,Household,challenger,src-31c65dbec869
IN-PC-2008-maharashtra-372,maharashtra,2019,2,DHULE,Mohammed Rizwan Mohammed Akbar,parties.IN.IND,821,0.08,20,forfeit,U,,Literate,,challenger,src-31c65dbec869
IN-PC-2008-maharashtra-372,maharashtra,2019,2,DHULE,Pinjari Jainuddin Husain,parties.IN.BAHUMP,789,0.07,21,forfeit,U,,10th Pass,,challenger,src-31c65dbec869
IN-PC-2008-maharashtra-372,maharashtra,2019,2,DHULE,Dilip Bhaidas Patil,parties.IN.BMUP,761,0.07,22,forfeit,U,,12th Pass,,challenger,src-31c65dbec869
IN-PC-2008-maharashtra-372,maharashtra,2019,2,DHULE,Nandkumar Jagannath Chavhan,,699,0.06,23,forfeit,U,,12th Pass,Real Estate or Builder or Developer or Construction,challenger,src-31c65dbec869
IN-PC-2008-maharashtra-372,maharashtra,2019,2,DHULE,Ansari Mohammed Ismail Mohammed Ibrahim,parties.IN.BMSM,620,0.06,24,forfeit,U,,Graduate,Trader,challenger,src-31c65dbec869
IN-PC-2008-maharashtra-372,maharashtra,2019,2,DHULE,Deepak Khandu Amrutkar,parties.IN.IND,593,0.05,25,forfeit,U,,8th Pass,,challenger,src-31c65dbec869
IN-PC-2008-maharashtra-372,maharashtra,2019,2,DHULE,Meraj Bi Husain Khan,parties.IN.IND,533,0.05,26,forfeit,U,,5th Pass,Shop Keeper,challenger,src-31c65dbec869
IN-PC-2008-maharashtra-372,maharashtra,2019,2,DHULE,Nitin Baburao Khare,parties.IN.IND,507,0.05,27,forfeit,U,,Post Graduate,,challenger,src-31c65dbec869
IN-PC-2008-maharashtra-372,maharashtra,2019,2,DHULE,Nasim Rauf Baba Khan,parties.IN.IND,410,0.04,28,forfeit,U,,,,challenger,src-31c65dbec869
IN-PC-2008-maharashtra-372,maharashtra,2019,2,DHULE,Taher Sattar Khatik,parties.IN.RASMARP,394,0.04,29,forfeit,U,,Graduate,Private Company,challenger,src-31c65dbec869
IN-PC-2008-maharashtra-377,maharashtra,2019,3,JALGAON,Unmesh Bhaiyyasaheb Patil,parties.IN.BJP,713874,65.6,1,won,U,,Graduate Professional,,challenger,src-31c65dbec869
IN-PC-2008-maharashtra-377,maharashtra,2019,3,JALGAON,Gulabrao Baburao Deokar,parties.IN.NCP,302257,27.77,2,lost,U,,10th Pass,,challenger,src-31c65dbec869
IN-PC-2008-maharashtra-377,maharashtra,2019,3,JALGAON,Anjali Ratnakar Baviskar,parties.IN.VBA,37366,3.43,3,forfeit,U,,Graduate,,challenger,src-31c65dbec869
IN-PC-2008-maharashtra-377,maharashtra,2019,3,JALGAON,Anant Prabhakar Mahajan,parties.IN.IND,6562,0.6,5,forfeit,U,,Graduate,,challenger,src-31c65dbec869
IN-PC-2008-maharashtra-377,maharashtra,2019,3,JALGAON,Rahul Narayan Bansode,parties.IN.BSP,3428,0.31,6,forfeit,U,,10th Pass,,challenger,src-31c65dbec869
IN-PC-2008-maharashtra-377,maharashtra,2019,3,JALGAON,Sancheti Rupesh Parasmal,parties.IN.IND,3150,0.29,7,forfeit,U,,Graduate Professional,,challenger,src-31c65dbec869
IN-PC-2008-maharashtra-377,maharashtra,2019,3,JALGAON,Onkaraba Chensing Jadhav,parties.IN.IND,3144,0.29,8,forfeit,U,,12th Pass,,challenger,src-31c65dbec869
IN-PC-2008-maharashtra-377,maharashtra,2019,3,JALGAON,Subhash Shivlal Khairnar,parties.IN.IND,1629,0.15,9,forfeit,U,,Graduate,,challenger,src-31c65dbec869
IN-PC-2008-maharashtra-377,maharashtra,2019,3,JALGAON,Mukesh Rajesh Kuril,parties.IN.IND,1383,0.13,10,forfeit,U,,Graduate,Self-employed,challenger,src-31c65dbec869
IN-PC-2008-maharashtra-377,maharashtra,2019,3,JALGAON,Sant Shri Baba Mahahansaji Maharaj Patil,parties.IN.HND,1295,0.12,11,forfeit,U,,8th Pass,,challenger,src-31c65dbec869
IN-PC-2008-maharashtra-377,maharashtra,2019,3,JALGAON,Ishwar Dayaram More (Maji Sainik),parties.IN.BMUP,1262,0.12,12,forfeit,U,,Graduate,,challenger,src-31c65dbec869
IN-PC-2008-maharashtra-377,maharashtra,2019,3,JALGAON,Lalit (Bunty) Gaurishankar Sharma,parties.IN.IND,1108,0.1,13,forfeit,U,,10th Pass,,challenger,src-31c65dbec869
IN-PC-2008-maharashtra-377,maharashtra,2019,3,JALGAON,Sharad Gorakh Bhamre (Sutar),,817,0.08,14,forfeit,U,,5th Pass,,challenger,src-31c65dbec869
IN-PC-2008-maharashtra-377,maharashtra,2019,3,JALGAON,Mohan Shankar Birhade,parties.IN.RSP_S,670,0.06,15,forfeit,U,,10th Pass,,challenger,src-31c65dbec869
IN-PC-2008-maharashtra-401,maharashtra,2019,4,RAVER,Khadse Raksha Nikhil,parties.IN.BJP,655386,59.96,1,won,U,,Graduate,,incumbent,src-31c65dbec869
IN-PC-2008-maharashtra-401,maharashtra,2019,4,RAVER,Dr.Ulhas Vasudeo Patil,parties.IN.INC,319504,29.23,2,lost,U,,Post Graduate,Doctor,challenger,src-31c65dbec869
IN-PC-2008-maharashtra-401,maharashtra,2019,4,RAVER,Nitin Pralhad Kandelkar,parties.IN.VBA,88365,8.08,3,forfeit,U,,12th Pass,,challenger,src-31c65dbec869
IN-PC-2008-maharashtra-401,maharashtra,2019,4,RAVER,Dr.Yogendra Vitthal Kolte,parties.IN.BSP,5705,0.52,5,forfeit,U,,Doctorate,,challenger,src-31c65dbec869
IN-PC-2008-maharashtra-401,maharashtra,2019,4,RAVER,D. D. Wani [Photographer],parties.IN.IND,4274,0.39,6,forfeit,U,,10th Pass,,challenger,src-31c65dbec869
IN-PC-2008-maharashtra-401,maharashtra,2019,4,RAVER,Nazmin Shaikh Ramjan,parties.IN.IND,2581,0.24,7,forfeit,U,,8th Pass,,challenger,src-31c65dbec869
IN-PC-2008-maharashtra-401,maharashtra,2019,4,RAVER,Adakmol Rohidas Ramesh,parties.IN.APOI,1679,0.15,8,forfeit,U,,12th Pass,,challenger,src-31c65dbec869
IN-PC-2008-maharashtra-401,maharashtra,2019,4,RAVER,Madhukar Sopan Patil,parties.IN.HJP,1607,0.15,9,forfeit,U,,Graduate,Doctor,challenger,src-31c65dbec869
IN-PC-2008-maharashtra-401,maharashtra,2019,4,RAVER,Ajit Namdar Tadvi,,1425,0.13,10,forfeit,U,,8th Pass,,challenger,src-31c65dbec869
IN-PC-2008-maharashtra-401,maharashtra,2019,4,RAVER,Tawar Vijay Jagan,parties.IN.IND,1141,0.1,11,forfeit,U,,10th Pass,,challenger,src-31c65dbec869
IN-PC-2008-maharashtra-401,maharashtra,2019,4,RAVER,Roshan Aara Sadique Ali,parties.IN.IUML,1103,0.1,12,forfeit,U,,12th Pass,,challenger,src-31c65dbec869
IN-PC-2008-maharashtra-401,maharashtra,2019,4,RAVER,Gaurav Damodar Surwade,parties.IN.IND,985,0.09,13,forfeit,U,,10th Pass,,challenger,src-31c65dbec869
IN-PC-2008-maharashtra-370,maharashtra,2019,5,BULDHANA,Jadhav Prataprao Ganpatrao,parties.IN.SHS,521977,46.59,1,won,U,,12th Pass,,incumbent,src-31c65dbec869
IN-PC-2008-maharashtra-370,maharashtra,2019,5,BULDHANA,Dr. Rajendra Bhaskarrav Shingne,parties.IN.NCP,388690,34.69,2,lost,U,,Graduate Professional,,challenger,src-31c65dbec869
IN-PC-2008-maharashtra-370,maharashtra,2019,5,BULDHANA,Siraskar Baliram Bhagwan,parties.IN.VBA,172627,15.41,3,forfeit,U,,8th Pass,,challenger,src-31c65dbec869
IN-PC-2008-maharashtra-370,maharashtra,2019,5,BULDHANA,Abdul Hafeez Abdul Aziz,parties.IN.BSP,6565,0.59,5,forfeit,U,,12th Pass,,challenger,src-31c65dbec869
IN-PC-2008-maharashtra-370,maharashtra,2019,5,BULDHANA,Pratap Pandharinath Patil,parties.IN.BMUP,4307,0.38,6,forfeit,U,,8th Pass,,challenger,src-31c65dbec869
IN-PC-2008-maharashtra-370,maharashtra,2019,5,BULDHANA,Dinkar Tukaram Sambare,parties.IN.IND,4162,0.37,7,forfeit,U,,10th Pass,,challenger,src-31c65dbec869
IN-PC-2008-maharashtra-370,maharashtra,2019,5,BULDHANA,Bhai Vikas Prakash Nandve,parties.IN.IND,4117,0.37,8,forfeit,U,,12th Pass,,challenger,src-31c65dbec869
IN-PC-2008-maharashtra-370,maharashtra,2019,5,BULDHANA,Vijay Banwarilalji Masani,parties.IN.IND,2976,0.27,9,forfeit,U,,,,challenger,src-31c65dbec869
IN-PC-2008-maharashtra-370,maharashtra,2019,5,BULDHANA,Pravin Shriram More,parties.IN.IND,2245,0.2,10,forfeit,U,,,,challenger,src-31c65dbec869
IN-PC-2008-maharashtra-370,maharashtra,2019,5,BULDHANA,Ananta Datta Puri,parties.IN.IND,1895,0.17,11,forfeit,U,,10th Pass,,challenger,src-31c65dbec869
IN-PC-2008-maharashtra-370,maharashtra,2019,5,BULDHANA,Wamanrao Ganpatrao Akhare,parties.IN.IND,1853,0.17,12,forfeit,U,,5th Pass,,challenger,src-31c65dbec869
IN-PC-2008-maharashtra-370,maharashtra,2019,5,BULDHANA,Gajanan Uttam Shantabai,parties.IN.IND,1264,0.11,13,forfeit,U,,10th Pass,,challenger,src-31c65dbec869
IN-PC-2008-maharashtra-363,maharashtra,2019,6,AKOLA,Dhotre Sanjay Shamrao,parties.IN.BJP,554444,49.53,1,won,U,,Graduate Professional,,incumbent,src-31c65dbec869
IN-PC-2008-maharashtra-363,maharashtra,2019,6,AKOLA,Ambedkar (Adv) Prakash Yashwant,parties.IN.VBA,278848,24.91,2,lost,U,,Graduate Professional,Lawyer,challenger,src-31c65dbec869
IN-PC-2008-maharashtra-363,maharashtra,2019,6,AKOLA,Hidayatullah Barakatullah Patel,parties.IN.INC,254370,22.72,3,lost,U,,10th Pass,,challenger,src-31c65dbec869
IN-PC-2008-maharashtra-363,maharashtra,2019,6,AKOLA,Bhai B.C.Kamble,parties.IN.BSP,7780,0.69,5,forfeit,U,,12th Pass,Contractor,challenger,src-31c65dbec869
IN-PC-2008-maharashtra-363,maharashtra,2019,6,AKOLA,Mrs. Pravina Laxmanrao Bhatkar,parties.IN.BMUP,3583,0.32,6,forfeit,U,,Graduate Professional,,challenger,src-31c65dbec869
IN-PC-2008-maharashtra-363,maharashtra,2019,6,AKOLA,Arun Kankar Wankhede,parties.IN.PPID,3048,0.27,7,forfeit,U,,10th Pass,,challenger,src-31c65dbec869
IN-PC-2008-maharashtra-363,maharashtra,2019,6,AKOLA,Sachin Ganpatlal Sharma,parties.IN.IND,2577,0.23,8,forfeit,U,,10th Pass,Trader,challenger,src-31c65dbec869
IN-PC-2008-maharashtra-363,maharashtra,2019,6,AKOLA,Murlidhar Lalsing Pawar,parties.IN.IND,2141,0.19,9,forfeit,U,,Post Graduate,,challenger,src-31c65dbec869
IN-PC-2008-maharashtra-363,maharashtra,2019,6,AKOLA,Arun Manohar Thakare,parties.IN.IND,1540,0.14,10,forfeit,U,,10th Pass,,challenger,src-31c65dbec869
IN-PC-2008-maharashtra-363,maharashtra,2019,6,AKOLA,Social Worker Gajanan Onkar Harne (Anna),parties.IN.IND,1278,0.11,11,forfeit,U,,,,challenger,src-31c65dbec869
IN-PC-2008-maharashtra-363,maharashtra,2019,6,AKOLA,Pravin Chandrakant Kaurpuriya,parties.IN.IND,965,0.09,12,forfeit,U,,Graduate Professional,Self-employed,challenger,src-31c65dbec869
IN-PC-2008-maharashtra-364,maharashtra,2019,7,AMRAVATI,Navnit Ravi Rana,parties.IN.IND,510947,45.93,1,won,U,,10th Pass,,challenger,src-31c65dbec869
IN-PC-2008-maharashtra-364,maharashtra,2019,7,AMRAVATI,Adsul Anandrao Vithoba,parties.IN.SHS,473996,42.61,2,lost,U,,Graduate,,incumbent,src-31c65dbec869
IN-PC-2008-maharashtra-364,maharashtra,2019,7,AMRAVATI,Gunwant Deopare,parties.IN.VBA,65135,5.86,3,forfeit,U,,Others,Real Estate or Builder or Developer or Construction,challenger,src-31c65dbec869
IN-PC-2008-maharashtra-364,maharashtra,2019,7,AMRAVATI,Arun Motiramji Wankhade,parties.IN.BSP,12336,1.11,4,forfeit,U,,12th Pass,Contractor,challenger,src-31c65dbec869
IN-PC-2008-maharashtra-364,maharashtra,2019,7,AMRAVATI,Vijay Yashwant Vilhekar,parties.IN.IND,10565,0.95,5,forfeit,U,,Others,,challenger,src-31c65dbec869
IN-PC-2008-maharashtra-364,maharashtra,2019,7,AMRAVATI,Minakshi Someshwar Kurwade,parties.IN.IND,6602,0.59,6,forfeit,U,,8th Pass,,challenger,src-31c65dbec869
IN-PC-2008-maharashtra-364,maharashtra,2019,7,AMRAVATI,Ambadas Shamrao Wankhade,parties.IN.IND,4754,0.43,8,forfeit,U,,8th Pass,,challenger,src-31c65dbec869
IN-PC-2008-maharashtra-364,maharashtra,2019,7,AMRAVATI,Raju Bakshi Jamnekar,parties.IN.IND,3556,0.32,9,forfeit,U,,Post Graduate,,challenger,src-31c65dbec869
IN-PC-2008-maharashtra-364,maharashtra,2019,7,AMRAVATI,Pankaj Liladhar Meshram,parties.IN.IND,2355,0.21,10,forfeit,U,,Graduate,Private Company,challenger,src-31c65dbec869
IN-PC-2008-maharashtra-364,maharashtra,2019,7,AMRAVATI,Pravin Mahadeo Sarode,parties.IN.IND,1736,0.16,11,forfeit,U,,12th Pass,,challenger,src-31c65dbec869
IN-PC-2008-maharashtra-364,maharashtra,2019,7,AMRAVATI,Narendra Babulal Kathane,parties.IN.RJANPTY,1654,0.15,12,forfeit,U,,12th Pass,,challenger,src-31c65dbec869
IN-PC-2008-maharashtra-364,maharashtra,2019,7,AMRAVATI,Athawale Sanjay Hiramanji,parties.IN.BAHUMP,1522,0.14,13,forfeit,U,,12th Pass,,challenger,src-31c65dbec869
IN-PC-2008-maharashtra-364,maharashtra,2019,7,AMRAVATI,Panchshila Vijay Mohod,parties.IN.BMUP,1499,0.13,14,forfeit,U,,Graduate,,challenger,src-31c65dbec869
IN-PC-2008-maharashtra-364,maharashtra,2019,7,AMRAVATI,Nilesh Anandrao Patil,parties.IN.APOI,1229,0.11,15,forfeit,U,,12th Pass,,challenger,src-31c65dbec869
IN-PC-2008-maharashtra-364,maharashtra,2019,7,AMRAVATI,Gade Vinod Milind,parties.IN.ARP,1211,0.11,16,forfeit,U,,12th Pass,,challenger,src-31c65dbec869
IN-PC-2008-maharashtra-364,maharashtra,2019,7,AMRAVATI,Pramod Laxman Meshram,parties.IN.IND,1090,0.1,17,forfeit,U,,Post Graduate,Home Teacher or Tuition,challenger,src-31c65dbec869
IN-PC-2008-maharashtra-364,maharashtra,2019,7,AMRAVATI,Anil Namdeorao Jamnekar,parties.IN.IND,1088,0.1,18,forfeit,U,,,,challenger,src-31c65dbec869
IN-PC-2008-maharashtra-364,maharashtra,2019,7,AMRAVATI,Shrikant Ulhasrao Raibole,parties.IN.IND,1007,0.09,19,forfeit,U,,,,challenger,src-31c65dbec869
IN-PC-2008-maharashtra-364,maharashtra,2019,7,AMRAVATI,Nilima Nitin Bhatkar,parties.IN.PPID,991,0.09,20,forfeit,U,,Graduate Professional,School Teacher,challenger,src-31c65dbec869
IN-PC-2008-maharashtra-364,maharashtra,2019,7,AMRAVATI,Vilas Sheshrao Thorat,parties.IN.IND,950,0.09,21,forfeit,U,,12th Pass,,challenger,src-31c65dbec869
IN-PC-2008-maharashtra-364,maharashtra,2019,7,AMRAVATI,Raju Mahadeorao Sonone,parties.IN.IND,901,0.08,22,forfeit,U,,,,challenger,src-31c65dbec869
IN-PC-2008-maharashtra-364,maharashtra,2019,7,AMRAVATI,Rahulbhau Laxmanrao Mohod,parties.IN.IND,774,0.07,23,forfeit,U,,8th Pass,,challenger,src-31c65dbec869
IN-PC-2008-maharashtra-364,maharashtra,2019,7,AMRAVATI,Dnyaneshwar Kashirao Mankar,parties.IN.IND,676,0.06,24,forfeit,U,,10th Pass,,challenger,src-31c65dbec869
IN-PC-2008-maharashtra-364,maharashtra,2019,7,AMRAVATI,Raju Shamraoji Mankar,parties.IN.IND,489,0.04,25,forfeit,U,,5th Pass,,challenger,src-31c65dbec869
IN-PC-2008-maharashtra-408,maharashtra,2019,8,WARDHA,Ramdas Chandrabhanji Tadas,parties.IN.BJP,578364,53.92,1,won,U,,10th Pass,Rent,incumbent,src-31c65dbec869
IN-PC-2008-maharashtra-408,maharashtra,2019,8,WARDHA,Charulata Rao Tokas,parties.IN.INC,391173,36.47,2,lost,U,,Graduate Professional,Private Company,challenger,src-31c65dbec869
IN-PC-2008-maharashtra-408,maharashtra,2019,8,WARDHA,Dhanraj Kothiramji Wanjari,parties.IN.VBA,36452,3.4,3,forfeit,U,,,,challenger,src-31c65dbec869
IN-PC-2008-maharashtra-408,maharashtra,2019,8,WARDHA,Agrawal Shaileshkumar Premkishorji,parties.IN.BSP,36423,3.4,4,forfeit,U,,Post Graduate,Agricultural Business,challenger,src-31c65dbec869
IN-PC-2008-maharashtra-408,maharashtra,2019,8,WARDHA,Ganesh Kisanrao Lade,parties.IN.APOI,6124,0.57,6,forfeit,U,,12th Pass,,challenger,src-31c65dbec869
IN-PC-2008-maharashtra-408,maharashtra,2019,8,WARDHA,Gadhave Pravin Rameshwarrao,parties.IN.ARP,3188,0.3,7,forfeit,U,,10th Pass,,challenger,src-31c65dbec869
IN-PC-2008-maharashtra-408,maharashtra,2019,8,WARDHA,Umesh Sadashivrao Neware,parties.IN.IND,3017,0.28,8,forfeit,U,,10th Pass,,challenger,src-31c65dbec869
IN-PC-2008-maharashtra-408,maharashtra,2019,8,WARDHA,Adv. Bhaskar Marotrao Neware,parties.IN.IND,2619,0.24,9,forfeit,U,,Post Graduate,Lawyer,challenger,src-31c65dbec869
IN-PC-2008-maharashtra-408,maharashtra,2019,8,WARDHA,Balpande Rajesh Marotrao,parties.IN.IND,2130,0.2,10,forfeit,U,,Graduate Professional,,challenger,src-31c65dbec869
IN-PC-2008-maharashtra-408,maharashtra,2019,8,WARDHA,Jagdish Uddhavrao Wankhade,parties.IN.BMUP,1720,0.16,11,forfeit,U,,10th Pass,,challenger,src-31c65dbec869
IN-PC-2008-maharashtra-408,maharashtra,2019,8,WARDHA,Nandkishor Ramaji Sagar(More),parties.IN.IND,1643,0.15,12,forfeit,U,,Others,Engineer,challenger,src-31c65dbec869
IN-PC-2008-maharashtra-408,maharashtra,2019,8,WARDHA,Zitruji Chandruji Borutkar,parties.IN.IND,1318,0.12,13,forfeit,U,,Graduate Professional,,challenger,src-31c65dbec869
IN-PC-2008-maharashtra-408,maharashtra,2019,8,WARDHA,Pro. Dnyanesh Wakudkar,parties.IN.LJGP,1135,0.11,14,forfeit,U,,Post Graduate,,challenger,src-31c65dbec869
IN-PC-2008-maharashtra-408,maharashtra,2019,8,WARDHA,Arvind Shamrao Lillore,parties.IN.IND,754,0.07,15,forfeit,U,,Others,Journalist or Editor,challenger,src-31c65dbec869
IN-PC-2008-maharashtra-399,maharashtra,2019,9,RAMTEK,Krupal Balaji Tumane,parties.IN.SHS,597126,49.9,1,won,U,,Graduate,Petrol Pumps,incumbent,src-31c65dbec869
IN-PC-2008-maharashtra-399,maharashtra,2019,9,RAMTEK,Kishore Uttamrao Gajbhiye,parties.IN.INC,470343,39.3,2,lost,U,,Post Graduate,"Real Estate or Builder or Developer or Construction, Private Company",challenger,src-31c65dbec869
IN-PC-2008-maharashtra-399,maharashtra,2019,9,RAMTEK,Subhash Dharamdas Gajbhiye,parties.IN.BSP,44327,3.7,3,forfeit,U,,10th Pass,Real Estate or Builder or Developer or Construction,challenger,src-31c65dbec869
IN-PC-2008-maharashtra-399,maharashtra,2019,9,RAMTEK,Kiran Premkumar Rodge (Patankar),parties.IN.VBA,36340,3.04,4,forfeit,U,,Literate,Musician or Artist,crossover,src-31c65dbec869
IN-PC-2008-maharashtra-399,maharashtra,2019,9,RAMTEK,Archana Chandrakumar Ukey,parties.IN.RJBP,8714,0.73,6,forfeit,U,,12th Pass,,challenger,src-31c65dbec869
IN-PC-2008-maharashtra-399,maharashtra,2019,9,RAMTEK,Sonali Ravindra Bagade,parties.IN.IND,7876,0.66,7,forfeit,U,,Graduate Professional,,challenger,src-31c65dbec869
IN-PC-2008-maharashtra-399,maharashtra,2019,9,RAMTEK,Sandesh Bhioram Bhalekar,parties.IN.IND,3838,0.32,8,forfeit,U,,Graduate Professional,Lawyer,challenger,src-31c65dbec869
IN-PC-2008-maharashtra-399,maharashtra,2019,9,RAMTEK,Dhiman Vinod Bhivaji Patil,parties.IN.APOI,2779,0.23,9,forfeit,U,,10th Pass,,challenger,src-31c65dbec869
IN-PC-2008-maharashtra-399,maharashtra,2019,9,RAMTEK,Tumane Kanteshwar Khushalji,parties.IN.IND,2397,0.2,10,forfeit,U,,10th Pass,,challenger,src-31c65dbec869
IN-PC-2008-maharashtra-399,maharashtra,2019,9,RAMTEK,Professor Dr. Natthurao Madhavrao Lokhande,parties.IN.IND,2222,0.19,11,forfeit,U,,,,challenger,src-31c65dbec869
IN-PC-2008-maharashtra-399,maharashtra,2019,9,RAMTEK,Chandrabhan Baliram Ramteke,parties.IN.RJANPTY,1779,0.15,12,forfeit,U,,12th Pass,,challenger,src-31c65dbec869
IN-PC-2008-maharashtra-399,maharashtra,2019,9,RAMTEK,Anil Mahadeo Dhone,parties.IN.IND,1661,0.14,13,forfeit,U,,8th Pass,,challenger,src-31c65dbec869
IN-PC-2008-maharashtra-399,maharashtra,2019,9,RAMTEK,Dr. L.J. Kanhekar,parties.IN.PPID,1505,0.13,14,forfeit,U,,Doctorate,,challenger,src-31c65dbec869
IN-PC-2008-maharashtra-399,maharashtra,2019,9,RAMTEK,Com. BANDU RAMCHANDRA MESHRAM,,1421,0.12,15,forfeit,U,,12th Pass,,challenger,src-31c65dbec869
IN-PC-2008-maharashtra-399,maharashtra,2019,9,RAMTEK,Gautam Wasnik,parties.IN.IND,1413,0.12,16,forfeit,U,,,,challenger,src-31c65dbec869
IN-PC-2008-maharashtra-399,maharashtra,2019,9,RAMTEK,Shailesh Sambhaji Janbandhu,,1083,0.09,17,forfeit,U,,12th Pass,Insurance Agent,challenger,src-31c65dbec869
IN-PC-2008-maharashtra-390,maharashtra,2019,10,NAGPUR,NITIN JAIRAM GADKARI,parties.IN.BJP,660221,55.67,1,won,U,,Graduate Professional,,incumbent,src-31c65dbec869
IN-PC-2008-maharashtra-390,maharashtra,2019,10,NAGPUR,NANA PATOLE,parties.IN.INC,444212,37.45,2,lost,U,,12th Pass,,crossover,src-31c65dbec869
IN-PC-2008-maharashtra-390,maharashtra,2019,10,NAGPUR,MOHAMMAD JAMAL,parties.IN.BSP,31725,2.67,3,forfeit,U,,10th Pass,,challenger,src-31c65dbec869
IN-PC-2008-maharashtra-390,maharashtra,2019,10,NAGPUR,MANOHAR Alias SAGAR PUNDLIKRAO DABRASE,parties.IN.VBA,26128,2.2,4,forfeit,U,,Graduate,Contractor,challenger,src-31c65dbec869
IN-PC-2008-maharashtra-390,maharashtra,2019,10,NAGPUR,ADV. (DR.) MANE SURESH,parties.IN.BARESP,3412,0.29,6,forfeit,U,,Doctorate,Lawyer,challenger,src-31c65dbec869
IN-PC-2008-maharashtra-390,maharashtra,2019,10,NAGPUR,SHRIDHAR NARAYAN SALVE,parties.IN.RJBP,2121,0.18,7,forfeit,U,,Graduate,,challenger,src-31c65dbec869
IN-PC-2008-maharashtra-390,maharashtra,2019,10,NAGPUR,SAHIL BALCHAND TURKAR,parties.IN.BMFP,2003,0.17,8,forfeit,U,,10th Pass,,challenger,src-31c65dbec869
IN-PC-2008-maharashtra-390,maharashtra,2019,10,NAGPUR,UDAY RAMBHAUJI BORKAR,parties.IN.IND,1322,0.11,9,forfeit,U,,12th Pass,Shop Keeper,challenger,src-31c65dbec869
IN-PC-2008-maharashtra-390,maharashtra,2019,10,NAGPUR,ADV. VIJAYA DILIP BAGDE,parties.IN.APOI,1182,0.1,10,forfeit,U,,Graduate Professional,Lawyer,challenger,src-31c65dbec869
IN-PC-2008-maharashtra-390,maharashtra,2019,10,NAGPUR,GOPALKUMAR GANESHU KASHYAP,parties.IN.CSM,1169,0.1,11,forfeit,U,,12th Pass,,challenger,src-31c65dbec869
IN-PC-2008-maharashtra-390,maharashtra,2019,10,NAGPUR,DR. VINOD KASHIRAM BADOLE,,735,0.06,12,forfeit,U,,Post Graduate,,challenger,src-31c65dbec869
IN-PC-2008-maharashtra-390,maharashtra,2019,10,NAGPUR,ALI ASHFAQUE AHMED,parties.IN.BMUP,724,0.06,13,forfeit,U,,Graduate Professional,School Teacher,challenger,src-31c65dbec869
IN-PC-2008-maharashtra-390,maharashtra,2019,10,NAGPUR,ASIM ALI,parties.IN.MNDP,673,0.06,14,forfeit,U,,10th Pass,,challenger,src-31c65dbec869
IN-PC-2008-maharashtra-390,maharashtra,2019,10,NAGPUR,SACHIN JAGORAO PATIL,parties.IN.IND,633,0.05,15,forfeit,U,,10th Pass,,challenger,src-31c65dbec869
IN-PC-2008-maharashtra-390,maharashtra,2019,10,NAGPUR,RUBEN DOMNIK FRANCIS,parties.IN.IND,608,0.05,16,forfeit,U,,12th Pass,,challenger,src-31c65dbec869
IN-PC-2008-maharashtra-390,maharashtra,2019,10,NAGPUR,VITTHAL NANAJI GAIKWAD,parties.IN.HBP,482,0.04,17,forfeit,U,,12th Pass,,challenger,src-31c65dbec869
IN-PC-2008-maharashtra-390,maharashtra,2019,10,NAGPUR,VANITA JITENDRA RAUT,parties.IN.ABMP,480,0.04,18,forfeit,U,,8th Pass,Household,challenger,src-31c65dbec869
IN-PC-2008-maharashtra-390,maharashtra,2019,10,NAGPUR,SUNIL SURYABHAN KAWADE,parties.IN.IND,417,0.04,19,forfeit,U,,10th Pass,,challenger,src-31c65dbec869
IN-PC-2008-maharashtra-390,maharashtra,2019,10,NAGPUR,DR. MANISHA BANGAR,parties.IN.PPID,400,0.03,20,forfeit,U,,Graduate Professional,Doctor,challenger,src-31c65dbec869
IN-PC-2008-maharashtra-390,maharashtra,2019,10,NAGPUR,PRAFULLA MANIKCHAND BHANGE,parties.IN.IND,359,0.03,21,forfeit,U,,12th Pass,Petrol Pumps,challenger,src-31c65dbec869
IN-PC-2008-maharashtra-390,maharashtra,2019,10,NAGPUR,MANOJ KOTHUJI BAWANE,parties.IN.IND,331,0.03,22,forfeit,U,,12th Pass,Private Company,challenger,src-31c65dbec869
IN-PC-2008-maharashtra-390,maharashtra,2019,10,NAGPUR,Adv. Ulhas Shalikram Dupare,parties.IN.IND,299,0.03,23,forfeit,U,,Graduate Professional,Lawyer,challenger,src-31c65dbec869
IN-PC-2008-maharashtra-390,maharashtra,2019,10,NAGPUR,COMRADE YOGESH KRISHNARAO THAKARE,,281,0.02,24,forfeit,U,,12th Pass,,challenger,src-31c65dbec869
IN-PC-2008-maharashtra-390,maharashtra,2019,10,NAGPUR,DIKSHITA ANAND TEMBHURNE,parties.IN.DJHP,273,0.02,25,forfeit,U,,Graduate,,challenger,src-31c65dbec869
IN-PC-2008-maharashtra-390,maharashtra,2019,10,NAGPUR,SIDDHARTH ASARAM KURVE,parties.IN.IND,247,0.02,26,forfeit,U,,Post Graduate,,challenger,src-31c65dbec869
IN-PC-2008-maharashtra-390,maharashtra,2019,10,NAGPUR,SATISH VITTHAL NIKHAR,parties.IN.IND,237,0.02,27,forfeit,U,,Post Graduate,,challenger,src-31c65dbec869
IN-PC-2008-maharashtra-390,maharashtra,2019,10,NAGPUR,Dipak Laxmanrao Maske,parties.IN.IND,235,0.02,28,forfeit,U,,12th Pass,Journalist or Editor,challenger,src-31c65dbec869
IN-PC-2008-maharashtra-390,maharashtra,2019,10,NAGPUR,SACHIN HARIDAS SOMKUWAR,parties.IN.IND,227,0.02,29,forfeit,U,,12th Pass,,challenger,src-31c65dbec869
IN-PC-2008-maharashtra-390,maharashtra,2019,10,NAGPUR,KARTIK GENDALAL DOKE,parties.IN.IND,181,0.02,30,forfeit,U,,12th Pass,Journalist or Editor,challenger,src-31c65dbec869
IN-PC-2008-maharashtra-390,maharashtra,2019,10,NAGPUR,PRABHAKAR KRUSHNAJI SATPAISE,parties.IN.IND,156,0.01,31,forfeit,U,,12th Pass,Private Company,challenger,src-31c65dbec869
IN-PC-2008-maharashtra-368,maharashtra,2019,11,BHANDARA - GONDIYA,Sunil Baburao Mendhe,parties.IN.BJP,650243,52.23,1,won,U,,Others,Real Estate or Builder or Developer or Construction,challenger,src-31c65dbec869
IN-PC-2008-maharashtra-368,maharashtra,2019,11,BHANDARA - GONDIYA,Panchabudhe Nana Jairam,parties.IN.NCP,452849,36.38,2,lost,U,,10th Pass,,challenger,src-31c65dbec869
IN-PC-2008-maharashtra-368,maharashtra,2019,11,BHANDARA - GONDIYA,Dr. Vijaya Rajesh Nandurkar,parties.IN.BSP,52659,4.23,3,forfeit,U,,Graduate Professional,Doctor,challenger,src-31c65dbec869
IN-PC-2008-maharashtra-368,maharashtra,2019,11,BHANDARA - GONDIYA,K. N. Nanhe,parties.IN.VBA,45842,3.68,4,forfeit,U,,Graduate Professional,Ex Civil Service,challenger,src-31c65dbec869
IN-PC-2008-maharashtra-368,maharashtra,2019,11,BHANDARA - GONDIYA,Patle Rajendra Sahasram,parties.IN.IND,13145,1.06,5,forfeit,U,,Others,Agricultural Business,challenger,src-31c65dbec869
IN-PC-2008-maharashtra-368,maharashtra,2019,11,BHANDARA - GONDIYA,Suhas Anil Funde,parties.IN.IND,6983,0.56,7,forfeit,U,,Post Graduate,,challenger,src-31c65dbec869
IN-PC-2008-maharashtra-368,maharashtra,2019,11,BHANDARA - GONDIYA,Sumit Vijay Pande,parties.IN.IND,3031,0.24,8,forfeit,U,,Graduate Professional,,challenger,src-31c65dbec869
IN-PC-2008-maharashtra-368,maharashtra,2019,11,BHANDARA - GONDIYA,Adv. Jaiswal Virendrakumar Kasturchand,parties.IN.IND,2699,0.22,9,forfeit,U,,Graduate Professional,"Lawyer, Journalist or Editor",challenger,src-31c65dbec869
IN-PC-2008-maharashtra-368,maharashtra,2019,11,BHANDARA - GONDIYA,Devidas Santuji Lanjewar,parties.IN.IND,1549,0.12,10,forfeit,U,,Graduate,,challenger,src-31c65dbec869
IN-PC-2008-maharashtra-368,maharashtra,2019,11,BHANDARA - GONDIYA,Dr. Sunil Sampat Chawale,parties.IN.IND,1507,0.12,11,forfeit,U,,Doctorate,Agricultural Business,challenger,src-31c65dbec869
IN-PC-2008-maharashtra-368,maharashtra,2019,11,BHANDARA - GONDIYA,B. D. Borkar,parties.IN.PPID,1468,0.12,12,forfeit,U,,Post Graduate,,challenger,src-31c65dbec869
IN-PC-2008-maharashtra-368,maharashtra,2019,11,BHANDARA - GONDIYA,Gajbhiye Pramod Hiraman,parties.IN.IND,980,0.08,13,forfeit,U,,Graduate,,challenger,src-31c65dbec869
IN-PC-2008-maharashtra-368,maharashtra,2019,11,BHANDARA - GONDIYA,Maraskolhe Bhojraj Isulal,,905,0.07,14,forfeit,U,,8th Pass,,challenger,src-31c65dbec869
IN-PC-2008-maharashtra-368,maharashtra,2019,11,BHANDARA - GONDIYA,Kalchuri Nilesh Paransingh,parties.IN.IND,547,0.04,15,forfeit,U,,,,challenger,src-31c65dbec869
IN-PC-2008-maharashtra-374,maharashtra,2019,12,GADCHIROLI-CHIMUR,ASHOK MAHADEORAO NETE,parties.IN.BJP,519968,45.5,1,won,U,,12th Pass,,incumbent,src-31c65dbec869
IN-PC-2008-maharashtra-374,maharashtra,2019,12,GADCHIROLI-CHIMUR,Dr. NAMDEO DALLUJI USENDI,parties.IN.INC,442442,38.72,2,lost,U,,Post Graduate,Doctor,challenger,src-31c65dbec869
IN-PC-2008-maharashtra-374,maharashtra,2019,12,GADCHIROLI-CHIMUR,Dr. RAMESHKUMAR BABURAOJI GAJBE,parties.IN.VBA,111468,9.75,3,forfeit,U,,Post Graduate,,crossover,src-31c65dbec869
IN-PC-2008-maharashtra-374,maharashtra,2019,12,GADCHIROLI-CHIMUR,HARICHANDRA NAGOJI MANGAM,parties.IN.BSP,28104,2.46,4,forfeit,U,,12th Pass,,challenger,src-31c65dbec869
IN-PC-2008-maharashtra-374,maharashtra,2019,12,GADCHIROLI-CHIMUR,DEORAO MONBA NANNAWARE,parties.IN.APOI,16117,1.41,6,forfeit,U,,Graduate Professional,,challenger,src-31c65dbec869
IN-PC-2008-maharashtra-371,maharashtra,2019,13,CHANDRAPUR,Balubhau alias Suresh Narayan Dhanorkar,parties.IN.INC,559507,45.18,1,won,U,,12th Pass,,challenger,src-31c65dbec869
IN-PC-2008-maharashtra-371,maharashtra,2019,13,CHANDRAPUR,Ahir Hansraj Gangaram,parties.IN.BJP,514744,41.56,2,lost,U,,10th Pass,,incumbent,src-31c65dbec869
IN-PC-2008-maharashtra-371,maharashtra,2019,13,CHANDRAPUR,Adv. Rajendra Shriramji Mahadole,parties.IN.VBA,112079,9.05,3,forfeit,U,,Graduate Professional,Lawyer,challenger,src-31c65dbec869
IN-PC-2008-maharashtra-371,maharashtra,2019,13,CHANDRAPUR,Sushil Segoji Wasnik,parties.IN.BSP,11810,0.95,4,forfeit,U,,12th Pass,,challenger,src-31c65dbec869
IN-PC-2008-maharashtra-371,maharashtra,2019,13,CHANDRAPUR,Namdo Keshao Kinake,parties.IN.IND,5639,0.46,6,forfeit,U,,,,challenger,src-31c65dbec869
IN-PC-2008-maharashtra-371,maharashtra,2019,13,CHANDRAPUR,Nitesh Anandrao Dongre,parties.IN.APOI,4701,0.38,7,forfeit,U,,12th Pass,,challenger,src-31c65dbec869
IN-PC-2008-maharashtra-371,maharashtra,2019,13,CHANDRAPUR,Rajendra Krishnarao Hajare,parties.IN.IND,4505,0.36,8,forfeit,U,,Graduate,,challenger,src-31c65dbec869
IN-PC-2008-maharashtra-371,maharashtra,2019,13,CHANDRAPUR,Madavi Dashrath Pandurang,parties.IN.BARESP,3103,0.25,9,forfeit,U,,Graduate,,challenger,src-31c65dbec869
IN-PC-2008-maharashtra-371,maharashtra,2019,13,CHANDRAPUR,Shedmake Namdeo Manikrao,parties.IN.GGP,3071,0.25,10,forfeit,U,,10th Pass,,challenger,src-31c65dbec869
IN-PC-2008-maharashtra-371,maharashtra,2019,13,CHANDRAPUR,Dr. Gautam Ganpat Nagrale,parties.IN.BMUP,2450,0.2,11,forfeit,U,,Graduate,,challenger,src-31c65dbec869
IN-PC-2008-maharashtra-371,maharashtra,2019,13,CHANDRAPUR,Milind Pralhad Dahiwale,parties.IN.IND,2426,0.2,12,forfeit,U,,10th Pass,Journalist or Editor,challenger,src-31c65dbec869
IN-PC-2008-maharashtra-371,maharashtra,2019,13,CHANDRAPUR,Madhukar Vitthal Nistane,parties.IN.PBI,1589,0.13,13,forfeit,U,,Graduate,,challenger,src-31c65dbec869
IN-PC-2008-maharashtra-371,maharashtra,2019,13,CHANDRAPUR,Arvind Nanaji Raut,parties.IN.IND,1473,0.12,14,forfeit,U,,10th Pass,Contractor,challenger,src-31c65dbec869
IN-PC-2008-maharashtra-409,maharashtra,2019,14,YAVATMAL-WASHIM,Bhavana Pundlikrao Gawali,parties.IN.SHS,542098,46.17,1,won,U,,Graduate,Agricultural Business,incumbent,src-31c65dbec869
IN-PC-2008-maharashtra-409,maharashtra,2019,14,YAVATMAL-WASHIM,Thakre Manikrao Govindrao,parties.IN.INC,424159,36.12,2,lost,U,,12th Pass,Rent,challenger,src-31c65dbec869
IN-PC-2008-maharashtra-409,maharashtra,2019,14,YAVATMAL-WASHIM,Pravin Govind Pawar,parties.IN.VBA,94228,8.02,3,forfeit,U,,Graduate Professional,Private Company,challenger,src-31c65dbec869
IN-PC-2008-maharashtra-409,maharashtra,2019,14,YAVATMAL-WASHIM,Parashram Bhaosing Ade,parties.IN.IND,24499,2.09,4,forfeit,U,,Post Graduate,,challenger,src-31c65dbec869
IN-PC-2008-maharashtra-409,maharashtra,2019,14,YAVATMAL-WASHIM,Vaishali Sudhakar Yede,parties.IN.PHJSP,20620,1.76,5,forfeit,U,,10th Pass,Aanganwadi,challenger,src-31c65dbec869
IN-PC-2008-maharashtra-409,maharashtra,2019,14,YAVATMAL-WASHIM,Anil Jayram Rathod,parties.IN.IND,14686,1.25,6,forfeit,U,,Post Graduate,School Teacher,challenger,src-31c65dbec869
IN-PC-2008-maharashtra-409,maharashtra,2019,14,YAVATMAL-WASHIM,Arun Sakharam Kinwatkar,parties.IN.BSP,9587,0.82,7,forfeit,U,,,,challenger,src-31c65dbec869
IN-PC-2008-maharashtra-409,maharashtra,2019,14,YAVATMAL-WASHIM,Uttam Bhagaji,parties.IN.PRCP,6021,0.51,8,forfeit,U,,Post Graduate,,challenger,src-31c65dbec869
IN-PC-2008-maharashtra-409,maharashtra,2019,14,YAVATMAL-WASHIM,Pawar Ramesh Gorsing,parties.IN.IND,3637,0.31,10,forfeit,U,,12th Pass,,challenger,src-31c65dbec869
IN-PC-2008-maharashtra-409,maharashtra,2019,14,YAVATMAL-WASHIM,Ramrao Sawai Pawar,parties.IN.IND,3182,0.27,11,forfeit,U,,10th Pass,Insurance Agent,challenger,src-31c65dbec869
IN-PC-2008-maharashtra-409,maharashtra,2019,14,YAVATMAL-WASHIM,Ravi Sampatrao Jadhao,parties.IN.BMUP,3006,0.26,12,forfeit,U,,Graduate Professional,Doctor,crossover,src-31c65dbec869
IN-PC-2008-maharashtra-409,maharashtra,2019,14,YAVATMAL-WASHIM,Shaikh Javed Shaikh Mushtaq,parties.IN.IND,2730,0.23,13,forfeit,U,,8th Pass,,challenger,src-31c65dbec869
IN-PC-2008-maharashtra-409,maharashtra,2019,14,YAVATMAL-WASHIM,Rajesh Bhauraoji Raut,parties.IN.GGP,2707,0.23,14,forfeit,U,,10th Pass,Self-employed,crossover,src-31c65dbec869
IN-PC-2008-maharashtra-409,maharashtra,2019,14,YAVATMAL-WASHIM,Premasai Maharaj,parties.IN.IND,2662,0.23,15,forfeit,U,,5th Pass,,challenger,src-31c65dbec869
IN-PC-2008-maharashtra-409,maharashtra,2019,14,YAVATMAL-WASHIM,Dr. Rajiv Agrawal,parties.IN.IND,2451,0.21,16,forfeit,U,,Graduate,,challenger,src-31c65dbec869
IN-PC-2008-maharashtra-409,maharashtra,2019,14,YAVATMAL-WASHIM,Noor Ali Meheboob Ali Shah,parties.IN.IND,2426,0.21,17,forfeit,U,,,,challenger,src-31c65dbec869
IN-PC-2008-maharashtra-409,maharashtra,2019,14,YAVATMAL-WASHIM,Pundlik Baliram Rathod,parties.IN.SARAPA,1961,0.17,18,forfeit,U,,12th Pass,,challenger,src-31c65dbec869
IN-PC-2008-maharashtra-409,maharashtra,2019,14,YAVATMAL-WASHIM,Naresh Mahadev Ghughane,parties.IN.IND,1733,0.15,19,forfeit,U,,8th Pass,,challenger,src-31c65dbec869
IN-PC-2008-maharashtra-409,maharashtra,2019,14,YAVATMAL-WASHIM,Simpal Rajkumar Rathod,parties.IN.IND,1703,0.15,20,forfeit,U,,Post Graduate,,challenger,src-31c65dbec869
IN-PC-2008-maharashtra-409,maharashtra,2019,14,YAVATMAL-WASHIM,Purushottam Domaji Bhajghaware,parties.IN.RBCP,1574,0.13,21,forfeit,U,,12th Pass,,challenger,src-31c65dbec869
IN-PC-2008-maharashtra-409,maharashtra,2019,14,YAVATMAL-WASHIM,Ankit Mohan Chandak,parties.IN.IND,1496,0.13,22,forfeit,U,,Graduate Professional,Self-employed,challenger,src-31c65dbec869
IN-PC-2008-maharashtra-409,maharashtra,2019,14,YAVATMAL-WASHIM,Salim Shah Suleman Shah,parties.IN.IND,1285,0.11,23,forfeit,U,,Literate,,challenger,src-31c65dbec869
IN-PC-2008-maharashtra-409,maharashtra,2019,14,YAVATMAL-WASHIM,Adv. Shahejad Samiullah Khan,parties.IN.IND,1110,0.09,24,forfeit,U,,Graduate Professional,,challenger,src-31c65dbec869
IN-PC-2008-maharashtra-409,maharashtra,2019,14,YAVATMAL-WASHIM,Sameer Arunrao Deshpande,parties.IN.IND,693,0.06,25,forfeit,U,,Others,Shop Keeper,challenger,src-31c65dbec869
IN-PC-2008-maharashtra-376,maharashtra,2019,15,HINGOLI,Hemant Patil,parties.IN.SHS,586312,50.65,1,won,U,,Graduate,,challenger,src-31c65dbec869
IN-PC-2008-maharashtra-376,maharashtra,2019,15,HINGOLI,Wankhede Subhashrao Bapurao,parties.IN.INC,308456,26.65,2,lost,U,,10th Pass,,challenger,src-31c65dbec869
IN-PC-2008-maharashtra-376,maharashtra,2019,15,HINGOLI,Mohan Fattusing Rathod,parties.IN.VBA,174051,15.04,3,forfeit,U,,Post Graduate,,challenger,src-31c65dbec869
IN-PC-2008-maharashtra-376,maharashtra,2019,15,HINGOLI,Sandesh Ramchandra Chavan,parties.IN.IND,23690,2.05,4,forfeit,U,,Post Graduate,,challenger,src-31c65dbec869
IN-PC-2008-maharashtra-376,maharashtra,2019,15,HINGOLI,Jayavanta Vishwambhar Wanole,parties.IN.IND,8122,0.7,5,forfeit,U,,Post Graduate,,challenger,src-31c65dbec869
IN-PC-2008-maharashtra-376,maharashtra,2019,15,HINGOLI,Altaf Ahamad,parties.IN.IUML,6035,0.52,6,forfeit,U,,Graduate,Qualified Professional,challenger,src-31c65dbec869
IN-PC-2008-maharashtra-376,maharashtra,2019,15,HINGOLI,Dr. Dhanve Datta Maroti,parties.IN.BSP,5550,0.48,7,forfeit,U,,Graduate Professional,Rent,challenger,src-31c65dbec869
IN-PC-2008-maharashtra-376,maharashtra,2019,15,HINGOLI,Uttam Maroti Dhabe,parties.IN.AKHP,3907,0.34,9,forfeit,U,,Illiterate,,challenger,src-31c65dbec869
IN-PC-2008-maharashtra-376,maharashtra,2019,15,HINGOLI,Adv. Marotrao Kanhobarao Hukke Patil,parties.IN.IND,3618,0.31,10,forfeit,U,,Graduate Professional,Lawyer,challenger,src-31c65dbec869
IN-PC-2008-maharashtra-376,maharashtra,2019,15,HINGOLI,Uttam Bhagaji Kamble,parties.IN.PRCP,3343,0.29,11,forfeit,U,,Post Graduate,,challenger,src-31c65dbec869
IN-PC-2008-maharashtra-376,maharashtra,2019,15,HINGOLI,Devji Gangaram Asole,parties.IN.IND,3031,0.26,12,forfeit,U,,5th Pass,,challenger,src-31c65dbec869
IN-PC-2008-maharashtra-376,maharashtra,2019,15,HINGOLI,Varsha Shivajirao Devsarkar,parties.IN.BMUP,3011,0.26,13,forfeit,U,,10th Pass,,challenger,src-31c65dbec869
IN-PC-2008-maharashtra-376,maharashtra,2019,15,HINGOLI,Subhash Parasram Wankhede,parties.IN.BAHUMP,2375,0.21,14,forfeit,U,,Literate,,challenger,src-31c65dbec869
IN-PC-2008-maharashtra-376,maharashtra,2019,15,HINGOLI,Makbul Ahemad Abdul Habib,parties.IN.IND,2077,0.18,15,forfeit,U,,8th Pass,,challenger,src-31c65dbec869
IN-PC-2008-maharashtra-376,maharashtra,2019,15,HINGOLI,Gajanan Haribhau Bhalerao,parties.IN.IND,1917,0.17,16,forfeit,U,,10th Pass,,challenger,src-31c65dbec869
IN-PC-2008-maharashtra-376,maharashtra,2019,15,HINGOLI,A.Kadir Mastan Sayed,parties.IN.IND,1847,0.16,17,forfeit,U,,,,challenger,src-31c65dbec869
IN-PC-2008-maharashtra-376,maharashtra,2019,15,HINGOLI,Kamble Trishala Milind,parties.IN.IND,1661,0.14,18,forfeit,U,,12th Pass,Household,challenger,src-31c65dbec869
IN-PC-2008-maharashtra-376,maharashtra,2019,15,HINGOLI,Prakash Vitthalrao Ghunnar,parties.IN.IND,1654,0.14,19,forfeit,U,,Others,,challenger,src-31c65dbec869
IN-PC-2008-maharashtra-376,maharashtra,2019,15,HINGOLI,Sandip Bhau Nikhate,parties.IN.IND,1584,0.14,20,forfeit,U,,,,challenger,src-31c65dbec869
IN-PC-2008-maharashtra-376,maharashtra,2019,15,HINGOLI,Asadkhan Mohammadkhan,parties.IN.BARESP,1431,0.12,21,forfeit,U,,Literate,,challenger,src-31c65dbec869
IN-PC-2008-maharashtra-376,maharashtra,2019,15,HINGOLI,Subhash Vitthal Wankhede,parties.IN.IND,1400,0.12,22,forfeit,U,,8th Pass,,challenger,src-31c65dbec869
IN-PC-2008-maharashtra-376,maharashtra,2019,15,HINGOLI,Patrakar P. Sattar kha Kasim kha,parties.IN.IND,1399,0.12,23,forfeit,U,,12th Pass,,challenger,src-31c65dbec869
IN-PC-2008-maharashtra-376,maharashtra,2019,15,HINGOLI,Subhash Nagorao Wankhede,parties.IN.HBP,1384,0.12,24,forfeit,U,,5th Pass,,crossover,src-31c65dbec869
IN-PC-2008-maharashtra-376,maharashtra,2019,15,HINGOLI,Subhash Kashiba Wankhede,parties.IN.IND,1300,0.11,25,forfeit,U,,Literate,,challenger,src-31c65dbec869
IN-PC-2008-maharashtra-376,maharashtra,2019,15,HINGOLI,Santosh Maroti Boinwad,parties.IN.IND,1283,0.11,26,forfeit,U,,8th Pass,,challenger,src-31c65dbec869
IN-PC-2008-maharashtra-376,maharashtra,2019,15,HINGOLI,Wasant Kisan Paikrao,parties.IN.IND,1025,0.09,27,forfeit,U,,Graduate Professional,,challenger,src-31c65dbec869
IN-PC-2008-maharashtra-376,maharashtra,2019,15,HINGOLI,Subhash Maroti Wankhede,parties.IN.IND,984,0.09,28,forfeit,U,,Literate,,challenger,src-31c65dbec869
IN-PC-2008-maharashtra-376,maharashtra,2019,15,HINGOLI,Sunil Dasharath Ingole,parties.IN.IND,827,0.07,29,forfeit,U,,8th Pass,,challenger,src-31c65dbec869
IN-PC-2008-maharashtra-391,maharashtra,2019,16,NANDED,Prataprao Patil Chikhalikar,parties.IN.BJP,486806,43.1,1,won,U,,12th Pass,,challenger,src-31c65dbec869
IN-PC-2008-maharashtra-391,maharashtra,2019,16,NANDED,Ashok Shankarrao Chavan,parties.IN.INC,446658,39.55,2,lost,U,,8th Pass,,challenger,src-31c65dbec869
IN-PC-2008-maharashtra-391,maharashtra,2019,16,NANDED,Bhinge Yashpal Narsingrao,parties.IN.VBA,166196,14.72,3,forfeit,U,,Doctorate,College Professor or Lecturer,challenger,src-31c65dbec869
IN-PC-2008-maharashtra-391,maharashtra,2019,16,NANDED,Abdul Raees Ahemad S/o Abdul Jabbar,parties.IN.ANC,4147,0.37,5,forfeit,U,,5th Pass,Mechanic,challenger,src-31c65dbec869
IN-PC-2008-maharashtra-391,maharashtra,2019,16,NANDED,Dr. Mahesh Prakashrao Talegaonkar,parties.IN.IND,3778,0.33,6,forfeit,U,,Graduate Professional,Doctor,challenger,src-31c65dbec869
IN-PC-2008-maharashtra-391,maharashtra,2019,16,NANDED,Madhavrao Sambhajee Gaikwad (Panchsheel),parties.IN.IND,3295,0.29,7,forfeit,U,,8th Pass,,challenger,src-31c65dbec869
IN-PC-2008-maharashtra-391,maharashtra,2019,16,NANDED,Shivanand Ashokrao Deshmukh,parties.IN.IND,2763,0.24,8,forfeit,U,,Post Graduate,Private Company,challenger,src-31c65dbec869
IN-PC-2008-maharashtra-391,maharashtra,2019,16,NANDED,Abdul Samad Abdul Karim,parties.IN.SP,2475,0.22,9,forfeit,U,,12th Pass,Agricultural Business,challenger,src-31c65dbec869
IN-PC-2008-maharashtra-391,maharashtra,2019,16,NANDED,Ranjit Gangadharrao Deshmukh,parties.IN.IND,1788,0.16,10,forfeit,U,,Graduate,,challenger,src-31c65dbec869
IN-PC-2008-maharashtra-391,maharashtra,2019,16,NANDED,Dr. Manish Dattataray Wadje,parties.IN.IND,1453,0.13,11,forfeit,U,,12th Pass,Real Estate or Builder or Developer or Construction,challenger,src-31c65dbec869
IN-PC-2008-maharashtra-391,maharashtra,2019,16,NANDED,Mohan Anandrao Waghmare,parties.IN.BMUP,1430,0.13,12,forfeit,U,,,,challenger,src-31c65dbec869
IN-PC-2008-maharashtra-391,maharashtra,2019,16,NANDED,Ashokrao Shankarrao Chavan,parties.IN.IND,938,0.08,13,forfeit,U,,Post Graduate,"Real Estate or Builder or Developer or Construction, Distributors",incumbent,src-31c65dbec869
IN-PC-2008-maharashtra-391,maharashtra,2019,16,NANDED,Kadam Shrirang Uttamrao,parties.IN.IND,848,0.08,14,forfeit,U,,10th Pass,,challenger,src-31c65dbec869
IN-PC-2008-maharashtra-391,maharashtra,2019,16,NANDED,Sonsale Sunil Manoharrao,parties.IN.BARESP,661,0.06,15,forfeit,U,,10th Pass,,challenger,src-31c65dbec869
IN-PC-2008-maharashtra-396,maharashtra,2019,17,PARBHANI,JADHAV SANJAY (BANDU) HARIBHAU,parties.IN.SHS,538941,43.02,1,won,U,,10th Pass,,incumbent,src-31c65dbec869
IN-PC-2008-maharashtra-396,maharashtra,2019,17,PARBHANI,RAJESH UTTAMRAO VITEKAR,parties.IN.NCP,496742,39.65,2,lost,U,,Graduate,,challenger,src-31c65dbec869
IN-PC-2008-maharashtra-396,maharashtra,2019,17,PARBHANI,ALAMGIR MOHD. KHAN,parties.IN.VBA,149946,11.97,3,forfeit,U,,Graduate,,challenger,src-31c65dbec869
IN-PC-2008-maharashtra-396,maharashtra,2019,17,PARBHANI,COM. RAJAN KSHIRSAGAR,parties.IN.CPI,17095,1.36,4,forfeit,U,,Graduate,,challenger,src-31c65dbec869
IN-PC-2008-maharashtra-396,maharashtra,2019,17,PARBHANI,SANGITA KALYANRAO NIRMAL,parties.IN.IND,6655,0.53,5,forfeit,U,,Literate,,challenger,src-31c65dbec869
IN-PC-2008-maharashtra-396,maharashtra,2019,17,PARBHANI,BOBADE SAKHARAM GYANBA,parties.IN.IND,6185,0.49,6,forfeit,U,,Graduate,,challenger,src-31c65dbec869
IN-PC-2008-maharashtra-396,maharashtra,2019,17,PARBHANI,SHAIKH SALIM SHAIKH IBRAHIM,parties.IN.BAHUMP,6128,0.49,7,forfeit,U,,5th Pass,,challenger,src-31c65dbec869
IN-PC-2008-maharashtra-396,maharashtra,2019,17,PARBHANI,DR.VAIJNATH SITARAM PHAD,parties.IN.BSP,5653,0.45,8,forfeit,U,,Doctorate,,challenger,src-31c65dbec869
IN-PC-2008-maharashtra-396,maharashtra,2019,17,PARBHANI,GOVIND (BHAIYA) RAMRAO DESHMUKH PEDGAONKAR,parties.IN.IND,4047,0.32,10,forfeit,U,,8th Pass,,challenger,src-31c65dbec869
IN-PC-2008-maharashtra-396,maharashtra,2019,17,PARBHANI,KISHOR BABURAO MUNNEMANIK,parties.IN.IND,2909,0.23,11,forfeit,U,,12th Pass,,challenger,src-31c65dbec869
IN-PC-2008-maharashtra-396,maharashtra,2019,17,PARBHANI,DR. APPASAHEB ONKAR KADAM,parties.IN.STBP,2775,0.22,12,forfeit,U,,Graduate Professional,,challenger,src-31c65dbec869
IN-PC-2008-maharashtra-396,maharashtra,2019,17,PARBHANI,UTTAMRAO PANDURANGRAO RATHOD,parties.IN.BMUP,2392,0.19,13,forfeit,U,,Graduate Professional,,challenger,src-31c65dbec869
IN-PC-2008-maharashtra-396,maharashtra,2019,17,PARBHANI,SANTOSH GOVIND RATHOD,,2009,0.16,14,forfeit,U,,Graduate,,challenger,src-31c65dbec869
IN-PC-2008-maharashtra-396,maharashtra,2019,17,PARBHANI,HARISHCHANDRA DATTU PATIL,parties.IN.SANS,1987,0.16,15,forfeit,U,,Graduate,,challenger,src-31c65dbec869
IN-PC-2008-maharashtra-396,maharashtra,2019,17,PARBHANI,KISHOR NAMDEV GAWARE,parties.IN.BPSJP,1668,0.13,16,forfeit,U,,12th Pass,,challenger,src-31c65dbec869
IN-PC-2008-maharashtra-396,maharashtra,2019,17,PARBHANI,ADV. YASHWANT RAMBHAU KASBE,parties.IN.BARESP,1627,0.13,17,forfeit,U,,Post Graduate,Lawyer,challenger,src-31c65dbec869
IN-PC-2008-maharashtra-396,maharashtra,2019,17,PARBHANI,SUBHASH ASHOKRAO AMBHORE (DUDHAGAONKAR),parties.IN.ANC,1473,0.12,18,forfeit,U,,Others,Journalist or Editor,challenger,src-31c65dbec869
IN-PC-2008-maharashtra-378,maharashtra,2019,18,JALNA,Danve Raosaheb Dadarao,parties.IN.BJP,698019,57.78,1,won,U,,Graduate,,incumbent,src-31c65dbec869
IN-PC-2008-maharashtra-378,maharashtra,2019,18,JALNA,Autade Vilas Keshavrao,parties.IN.INC,365204,30.23,2,lost,U,,12th Pass,,challenger,src-31c65dbec869
IN-PC-2008-maharashtra-378,maharashtra,2019,18,JALNA,Dr. Sharadchandra Wankhede,parties.IN.VBA,77158,6.39,3,forfeit,U,,Post Graduate,Principal or Administrator,challenger,src-31c65dbec869
IN-PC-2008-maharashtra-378,maharashtra,2019,18,JALNA,Mahendra Kachru Sonwane,parties.IN.BSP,9068,0.75,5,forfeit,U,,10th Pass,,challenger,src-31c65dbec869
IN-PC-2008-maharashtra-378,maharashtra,2019,18,JALNA,Ratan Aasaram Landge,parties.IN.IND,6170,0.51,6,forfeit,U,,Illiterate,,challenger,src-31c65dbec869
IN-PC-2008-maharashtra-378,maharashtra,2019,18,JALNA,Adv. Trimbak Baburao Jadhav,parties.IN.STBP,5299,0.44,7,forfeit,U,,Graduate Professional,Lawyer,challenger,src-31c65dbec869
IN-PC-2008-maharashtra-378,maharashtra,2019,18,JALNA,Shahadev Mahadev Palve,parties.IN.IND,4187,0.35,8,forfeit,U,,Graduate,Private Company,challenger,src-31c65dbec869
IN-PC-2008-maharashtra-378,maharashtra,2019,18,JALNA,Raju Ashok Gawali,parties.IN.IND,4081,0.34,9,forfeit,U,,12th Pass,,challenger,src-31c65dbec869
IN-PC-2008-maharashtra-378,maharashtra,2019,18,JALNA,Adv. Yogesh Dattu Gullapelli,parties.IN.IND,3485,0.29,10,forfeit,U,,Post Graduate,Lawyer,challenger,src-31c65dbec869
IN-PC-2008-maharashtra-378,maharashtra,2019,18,JALNA,Arun Chintaman Chavhan,parties.IN.IND,2844,0.24,11,forfeit,U,,Graduate,,challenger,src-31c65dbec869
IN-PC-2008-maharashtra-378,maharashtra,2019,18,JALNA,Nade Dnyaneshwar Dagduji,parties.IN.IND,2679,0.22,12,forfeit,U,,8th Pass,,challenger,src-31c65dbec869
IN-PC-2008-maharashtra-378,maharashtra,2019,18,JALNA,Uttam Dhanu Rathod,,2643,0.22,13,forfeit,U,,10th Pass,,challenger,src-31c65dbec869
IN-PC-2008-maharashtra-378,maharashtra,2019,18,JALNA,Feroz Ali,parties.IN.BMUP,2017,0.17,14,forfeit,U,,10th Pass,Hospitality,challenger,src-31c65dbec869
IN-PC-2008-maharashtra-378,maharashtra,2019,18,JALNA,Ahemad Rahim Shaikh,parties.IN.IND,1763,0.15,15,forfeit,U,,12th Pass,,challenger,src-31c65dbec869
IN-PC-2008-maharashtra-378,maharashtra,2019,18,JALNA,Anita Lalchand Khandade (Rajput),parties.IN.IND,1745,0.14,16,forfeit,U,,10th Pass,,challenger,src-31c65dbec869
IN-PC-2008-maharashtra-378,maharashtra,2019,18,JALNA,Ganesh Shankar Chandode,parties.IN.ABHS,1567,0.13,17,forfeit,U,,8th Pass,,challenger,src-31c65dbec869
IN-PC-2008-maharashtra-378,maharashtra,2019,18,JALNA,Annasaheb Devidasrao Ugale,parties.IN.IND,1209,0.1,18,forfeit,U,,Illiterate,,challenger,src-31c65dbec869
IN-PC-2008-maharashtra-378,maharashtra,2019,18,JALNA,Sapkal Lilabai Dharma,parties.IN.IND,1154,0.1,19,forfeit,U,,Illiterate,,challenger,src-31c65dbec869
IN-PC-2008-maharashtra-378,maharashtra,2019,18,JALNA,Sirsath Sham,parties.IN.IND,1148,0.1,20,forfeit,U,,Graduate,,challenger,src-31c65dbec869
IN-PC-2008-maharashtra-378,maharashtra,2019,18,JALNA,Pramod Baburao Kharat,parties.IN.BARESP,1062,0.09,21,forfeit,U,,8th Pass,,challenger,src-31c65dbec869
IN-PC-2008-maharashtra-365,maharashtra,2019,19,AURANGABAD,Imtiaz Jaleel Syed,parties.IN.AIMIM,389042,32.47,1,won,U,,Post Graduate,,challenger,src-31c65dbec869
IN-PC-2008-maharashtra-365,maharashtra,2019,19,AURANGABAD,Chandrakant Khaire,parties.IN.SHS,384550,32.09,2,lost,U,,12th Pass,,incumbent,src-31c65dbec869
IN-PC-2008-maharashtra-365,maharashtra,2019,19,AURANGABAD,Harshwardhandada Raibhanji Jadhav,parties.IN.IND,283798,23.68,3,lost,U,,Graduate,,challenger,src-31c65dbec869
IN-PC-2008-maharashtra-365,maharashtra,2019,19,AURANGABAD,Zambad Subhash Manakchand,parties.IN.INC,91789,7.66,4,forfeit,U,,12th Pass,,challenger,src-31c65dbec869
IN-PC-2008-maharashtra-365,maharashtra,2019,19,AURANGABAD,Khan Aejaz Ahemad,parties.IN.IND,5043,0.42,5,forfeit,U,,12th Pass,Private Company,challenger,src-31c65dbec869
IN-PC-2008-maharashtra-365,maharashtra,2019,19,AURANGABAD,Jaya Balu Rajkundal,parties.IN.BSP,4821,0.4,7,forfeit,U,,Post Graduate,Household,challenger,src-31c65dbec869
IN-PC-2008-maharashtra-365,maharashtra,2019,19,AURANGABAD,Mohsin Sir Nasim Bhai,,4590,0.38,8,forfeit,U,,10th Pass,Auto-rickshaw Driver,challenger,src-31c65dbec869
IN-PC-2008-maharashtra-365,maharashtra,2019,19,AURANGABAD,Jagan Baburao Salve,parties.IN.IND,3216,0.27,9,forfeit,U,,Post Graduate,Real Estate or Builder or Developer or Construction,challenger,src-31c65dbec869
IN-PC-2008-maharashtra-365,maharashtra,2019,19,AURANGABAD,Mohammad Jaqeer Abdul Qadar,parties.IN.BHAPRAP,3198,0.27,10,forfeit,U,,12th Pass,,challenger,src-31c65dbec869
IN-PC-2008-maharashtra-365,maharashtra,2019,19,AURANGABAD,Arvind Kisanrao Kamble,parties.IN.BARESP,2779,0.23,11,forfeit,U,,Graduate,,challenger,src-31c65dbec869
IN-PC-2008-maharashtra-365,maharashtra,2019,19,AURANGABAD,Sangita Kalyanrao Nirmal,parties.IN.IND,2214,0.18,12,forfeit,U,,Others,,challenger,src-31c65dbec869
IN-PC-2008-maharashtra-365,maharashtra,2019,19,AURANGABAD,Uttam Dhanu Rathod,,2213,0.18,13,forfeit,U,,10th Pass,,challenger,src-31c65dbec869
IN-PC-2008-maharashtra-365,maharashtra,2019,19,AURANGABAD,Subhash Kisanrao Patil,,1878,0.16,14,forfeit,U,,Graduate,,challenger,src-31c65dbec869
IN-PC-2008-maharashtra-365,maharashtra,2019,19,AURANGABAD,Shaikh Khaja Shaikh Kasim Kismatwala,parties.IN.IND,1869,0.16,15,forfeit,U,,8th Pass,Self-employed,challenger,src-31c65dbec869
IN-PC-2008-maharashtra-365,maharashtra,2019,19,AURANGABAD,Agrawal Kunjbihari Jugalkishor,,1812,0.15,16,forfeit,U,,Graduate,,crossover,src-31c65dbec869
IN-PC-2008-maharashtra-365,maharashtra,2019,19,AURANGABAD,Tribhuvan Madhukar Padmakar,parties.IN.IND,1732,0.14,17,forfeit,U,,12th Pass,,challenger,src-31c65dbec869
IN-PC-2008-maharashtra-365,maharashtra,2019,19,AURANGABAD,Dipali Lalaji Misal,parties.IN.BMUP,1666,0.14,18,forfeit,U,,Post Graduate,,challenger,src-31c65dbec869
IN-PC-2008-maharashtra-365,maharashtra,2019,19,AURANGABAD,Habib Gayas Shaikh,parties.IN.ANC,1503,0.13,19,forfeit,U,,10th Pass,,challenger,src-31c65dbec869
IN-PC-2008-maharashtra-365,maharashtra,2019,19,AURANGABAD,Kurangal Sanjay Baburao,parties.IN.IND,1352,0.11,20,forfeit,U,,10th Pass,,challenger,src-31c65dbec869
IN-PC-2008-maharashtra-365,maharashtra,2019,19,AURANGABAD,M. B. Magare,parties.IN.PPID,1228,0.1,21,forfeit,U,,Graduate,,challenger,src-31c65dbec869
IN-PC-2008-maharashtra-365,maharashtra,2019,19,AURANGABAD,Nadim Rana,parties.IN.BAHUMP,1210,0.1,22,forfeit,U,,12th Pass,,challenger,src-31c65dbec869
IN-PC-2008-maharashtra-365,maharashtra,2019,19,AURANGABAD,Ravindra Bhanudas Kale,parties.IN.IND,922,0.08,23,forfeit,U,,10th Pass,,challenger,src-31c65dbec869
IN-PC-2008-maharashtra-365,maharashtra,2019,19,AURANGABAD,Fulare Suresh Asaram,parties.IN.IND,867,0.07,24,forfeit,U,,12th Pass,,challenger,src-31c65dbec869
IN-PC-2008-maharashtra-373,maharashtra,2019,20,DINDORI,Dr. Bharati Pravin Pawar,parties.IN.BJP,567470,49.88,1,won,U,,Graduate Professional,,crossover,src-31c65dbec869
IN-PC-2008-maharashtra-373,maharashtra,2019,20,DINDORI,Dhanraj Haribhau Mahale,parties.IN.NCP,368691,32.41,2,lost,U,,12th Pass,Party Worker,challenger,src-31c65dbec869
IN-PC-2008-maharashtra-373,maharashtra,2019,20,DINDORI,Gavit Jeeva Pandu,,109570,9.63,3,forfeit,U,,Graduate,,challenger,src-31c65dbec869
IN-PC-2008-maharashtra-373,maharashtra,2019,20,DINDORI,Bapu Kelu Barde,parties.IN.VBA,58847,5.17,4,forfeit,U,,10th Pass,,challenger,src-31c65dbec869
IN-PC-2008-maharashtra-373,maharashtra,2019,20,DINDORI,Ashok Tryambak Jadhav (Sir),parties.IN.BSP,7720,0.68,6,forfeit,U,,Graduate Professional,,challenger,src-31c65dbec869
IN-PC-2008-maharashtra-373,maharashtra,2019,20,DINDORI,Dadasaheb Hiraman Pawar,parties.IN.RASMARP,5754,0.51,7,forfeit,U,,10th Pass,,challenger,src-31c65dbec869
IN-PC-2008-maharashtra-373,maharashtra,2019,20,DINDORI,Barde Dattu Kashinath,parties.IN.BTP,5631,0.49,8,forfeit,U,,Graduate,,challenger,src-31c65dbec869
IN-PC-2008-maharashtra-373,maharashtra,2019,20,DINDORI,Adv. Bagul Tikaram Katthu,parties.IN.IND,4502,0.4,9,forfeit,U,,,,challenger,src-31c65dbec869
IN-PC-2008-maharashtra-393,maharashtra,2019,21,NASHIK,Godse Hemant Tukaram,parties.IN.SHS,563599,50.27,1,won,U,,Others,Real Estate or Builder or Developer or Construction,incumbent,src-31c65dbec869
IN-PC-2008-maharashtra-393,maharashtra,2019,21,NASHIK,Sameer Magan Bhujbal,parties.IN.NCP,271395,24.21,2,lost,U,,10th Pass,,challenger,src-31c65dbec869
IN-PC-2008-maharashtra-393,maharashtra,2019,21,NASHIK,Adv. Kokate Manikrao Shivajirao,parties.IN.IND,134527,12,3,forfeit,U,,Graduate Professional,,challenger,src-31c65dbec869
IN-PC-2008-maharashtra-393,maharashtra,2019,21,NASHIK,Pavan Chandrakant Pawar,parties.IN.VBA,109981,9.81,4,forfeit,U,,Others,Contractor,challenger,src-31c65dbec869
IN-PC-2008-maharashtra-393,maharashtra,2019,21,NASHIK,Jawale Soniya Ramnath,parties.IN.BTP,6952,0.62,6,forfeit,U,,12th Pass,,challenger,src-31c65dbec869
IN-PC-2008-maharashtra-393,maharashtra,2019,21,NASHIK,Adv. Ahire Vaibhav Shantaram,parties.IN.BSP,5719,0.51,7,forfeit,U,,Graduate Professional,Lawyer,challenger,src-31c65dbec869
IN-PC-2008-maharashtra-393,maharashtra,2019,21,NASHIK,Devidas Piraji Sarkate,parties.IN.IND,4274,0.38,8,forfeit,U,,10th Pass,,challenger,src-31c65dbec869
IN-PC-2008-maharashtra-393,maharashtra,2019,21,NASHIK,Vilas Madhukar Desale (Patil),parties.IN.IND,3826,0.34,9,forfeit,U,,10th Pass,Distributors,challenger,src-31c65dbec869
IN-PC-2008-maharashtra-393,maharashtra,2019,21,NASHIK,Priyanka Ramrao Shirole,parties.IN.IND,2206,0.2,10,forfeit,U,,Graduate,Journalist or Editor,challenger,src-31c65dbec869
IN-PC-2008-maharashtra-393,maharashtra,2019,21,NASHIK,Dhananjay Anil Bhawsar,parties.IN.IND,1885,0.17,11,forfeit,U,,12th Pass,,challenger,src-31c65dbec869
IN-PC-2008-maharashtra-393,maharashtra,2019,21,NASHIK,Sudhir Shridhar Deshmukh,parties.IN.IND,1881,0.17,12,forfeit,U,,Post Graduate,Lawyer,challenger,src-31c65dbec869
IN-PC-2008-maharashtra-393,maharashtra,2019,21,NASHIK,Kedar Sindhubai Ravindra,parties.IN.IND,1736,0.15,13,forfeit,U,,5th Pass,,challenger,src-31c65dbec869
IN-PC-2008-maharashtra-393,maharashtra,2019,21,NASHIK,Aher Sharad Keru,parties.IN.IND,1387,0.12,14,forfeit,U,,Graduate,,challenger,src-31c65dbec869
IN-PC-2008-maharashtra-393,maharashtra,2019,21,NASHIK,Vinod Vasant Shirsath,parties.IN.HJP,1362,0.12,15,forfeit,U,,10th Pass,,challenger,src-31c65dbec869
IN-PC-2008-maharashtra-393,maharashtra,2019,21,NASHIK,Kanoje Prakash Giridhar,parties.IN.IND,922,0.08,16,forfeit,U,,12th Pass,,challenger,src-31c65dbec869
IN-PC-2008-maharashtra-393,maharashtra,2019,21,NASHIK,Sanjay Sukhdev Ghodke,parties.IN.BARESP,899,0.08,17,forfeit,U,,Others,,challenger,src-31c65dbec869
IN-PC-2008-maharashtra-393,maharashtra,2019,21,NASHIK,Shivnath Vithoba Kasar,parties.IN.BMUP,866,0.08,18,forfeit,U,,10th Pass,,challenger,src-31c65dbec869
IN-PC-2008-maharashtra-393,maharashtra,2019,21,NASHIK,Sharad Damu Dhanrao,parties.IN.IND,835,0.07,19,forfeit,U,,12th Pass,,challenger,src-31c65dbec869
IN-PC-2008-maharashtra-395,maharashtra,2019,22,PALGHAR,Rajendra Dhedya Gavit,parties.IN.SHS,580479,48.3,1,won,U,,Graduate,Trader,incumbent,src-31c65dbec869
IN-PC-2008-maharashtra-395,maharashtra,2019,22,PALGHAR,Baliram Sukur Jadhav,parties.IN.BVA,491596,40.9,2,lost,U,,8th Pass,,challenger,src-31c65dbec869
IN-PC-2008-maharashtra-395,maharashtra,2019,22,PALGHAR,Dattaram Jayram Karbat,parties.IN.IND,13932,1.16,4,forfeit,U,,8th Pass,,challenger,src-31c65dbec869
IN-PC-2008-maharashtra-395,maharashtra,2019,22,PALGHAR,Suresh Arjun Padavi,parties.IN.VBA,13728,1.14,5,forfeit,U,,5th Pass,,challenger,src-31c65dbec869
IN-PC-2008-maharashtra-395,maharashtra,2019,22,PALGHAR,Sanjay Laxman Tambda,parties.IN.BSP,13446,1.12,6,forfeit,U,,8th Pass,,challenger,src-31c65dbec869
IN-PC-2008-maharashtra-395,maharashtra,2019,22,PALGHAR,Comrad Shankar Badade,parties.IN.MLPOIRF,11918,0.99,7,forfeit,U,,5th Pass,,challenger,src-31c65dbec869
IN-PC-2008-maharashtra-395,maharashtra,2019,22,PALGHAR,Raju Damu Lade,parties.IN.IND,10218,0.85,8,forfeit,U,,8th Pass,,challenger,src-31c65dbec869
IN-PC-2008-maharashtra-395,maharashtra,2019,22,PALGHAR,Vishnu Kakadya Padavi,parties.IN.IND,9904,0.82,9,forfeit,U,,10th Pass,,challenger,src-31c65dbec869
IN-PC-2008-maharashtra-395,maharashtra,2019,22,PALGHAR,Devram Zipar Kurkute,parties.IN.APOI,8213,0.68,10,forfeit,U,,12th Pass,,challenger,src-31c65dbec869
IN-PC-2008-maharashtra-395,maharashtra,2019,22,PALGHAR,Swapnil Mahadev Koli,parties.IN.IND,7539,0.63,11,forfeit,U,,10th Pass,,challenger,src-31c65dbec869
IN-PC-2008-maharashtra-395,maharashtra,2019,22,PALGHAR,Sanjay Rama Kohkera,parties.IN.BMUP,6185,0.51,12,forfeit,U,,Graduate,,challenger,src-31c65dbec869
IN-PC-2008-maharashtra-395,maharashtra,2019,22,PALGHAR,Bhondave Tai Maruti,parties.IN.IND,5304,0.44,13,forfeit,U,,Literate,Household,challenger,src-31c65dbec869
IN-PC-2008-maharashtra-369,maharashtra,2019,23,BHIWANDI,KAPIL MORESHWAR PATIL,parties.IN.BJP,523583,52.09,1,won,U,,Graduate,,incumbent,src-31c65dbec869
IN-PC-2008-maharashtra-369,maharashtra,2019,23,BHIWANDI,TAWARE SURESH KASHINATH,parties.IN.INC,367254,36.54,2,lost,U,,12th Pass,,challenger,src-31c65dbec869
IN-PC-2008-maharashtra-369,maharashtra,2019,23,BHIWANDI,PROF. (DR.) ARUN SAVANT,parties.IN.VBA,51455,5.12,3,forfeit,U,,Doctorate,,challenger,src-31c65dbec869
IN-PC-2008-maharashtra-369,maharashtra,2019,23,BHIWANDI,NITESH RAGHUNATH JADHAV,parties.IN.IND,20697,2.06,4,forfeit,U,,,,challenger,src-31c65dbec869
IN-PC-2008-maharashtra-369,maharashtra,2019,23,BHIWANDI,DEEPAK PANDHARINATH KHAMBEKAR,parties.IN.IND,3577,0.36,6,forfeit,U,,,,challenger,src-31c65dbec869
IN-PC-2008-maharashtra-369,maharashtra,2019,23,BHIWANDI,SUHAS DHANANJAY BONDE,parties.IN.IND,3385,0.34,7,forfeit,U,,12th Pass,Real Estate or Builder or Developer or Construction,challenger,src-31c65dbec869
IN-PC-2008-maharashtra-369,maharashtra,2019,23,BHIWANDI,ANSARI MUMTAZ ABDULSATTAR,parties.IN.BARESP,3240,0.32,8,forfeit,U,,8th Pass,,crossover,src-31c65dbec869
IN-PC-2008-maharashtra-369,maharashtra,2019,23,BHIWANDI,BALARAM VITTHAL MHATRE,parties.IN.IND,2962,0.29,9,forfeit,U,,Literate,,challenger,src-31c65dbec869
IN-PC-2008-maharashtra-369,maharashtra,2019,23,BHIWANDI,DR. NOORUDDIN NIZAM ANSARI,parties.IN.SP,2756,0.27,10,forfeit,U,,Graduate Professional,Doctor,challenger,src-31c65dbec869
IN-PC-2008-maharashtra-369,maharashtra,2019,23,BHIWANDI,SANJAY GANAPAT WAGH,parties.IN.BTP,2369,0.24,11,forfeit,U,,12th Pass,,challenger,src-31c65dbec869
IN-PC-2008-maharashtra-369,maharashtra,2019,23,BHIWANDI,KAPIL JAYHIND PATIL,parties.IN.IND,2058,0.2,12,forfeit,U,,8th Pass,,challenger,src-31c65dbec869
IN-PC-2008-maharashtra-369,maharashtra,2019,23,BHIWANDI,ENGINEER NAVID BETAB,parties.IN.IND,1806,0.18,13,forfeit,U,,Graduate,Engineer,challenger,src-31c65dbec869
IN-PC-2008-maharashtra-369,maharashtra,2019,23,BHIWANDI,FEROZ ABDURRAHIM SHAIKH,parties.IN.JANADIP,1398,0.14,14,forfeit,U,,Graduate Professional,Lawyer,challenger,src-31c65dbec869
IN-PC-2008-maharashtra-369,maharashtra,2019,23,BHIWANDI,KAPIL YASHWANT DHAMANE,parties.IN.IND,1335,0.13,15,forfeit,U,,12th Pass,,challenger,src-31c65dbec869
IN-PC-2008-maharashtra-369,maharashtra,2019,23,BHIWANDI,KISHOR RAMBHAUJI KINKAR,parties.IN.BHAPRAP,900,0.09,16,forfeit,U,,Graduate,,crossover,src-31c65dbec869
IN-PC-2008-maharashtra-379,maharashtra,2019,24,KALYAN,Dr. SHRIKANT EKNATH SHINDE,parties.IN.SHS,559723,62.87,1,won,U,,Post Graduate,,incumbent,src-31c65dbec869
IN-PC-2008-maharashtra-379,maharashtra,2019,24,KALYAN,BABAJI BALARAM PATIL,parties.IN.NCP,215380,24.19,2,lost,U,,10th Pass,,challenger,src-31c65dbec869
IN-PC-2008-maharashtra-379,maharashtra,2019,24,KALYAN,SANJAY HEDAOO,parties.IN.VBA,65572,7.37,3,forfeit,U,,12th Pass,,challenger,src-31c65dbec869
IN-PC-2008-maharashtra-379,maharashtra,2019,24,KALYAN,RAVINDRA (PINTU) KENE,parties.IN.BSP,9627,1.08,5,forfeit,U,,10th Pass,,challenger,src-31c65dbec869
IN-PC-2008-maharashtra-379,maharashtra,2019,24,KALYAN,SALVE VINOD MANOHAR,,3261,0.37,6,forfeit,U,,5th Pass,,challenger,src-31c65dbec869
IN-PC-2008-maharashtra-379,maharashtra,2019,24,KALYAN,Gautam Baburao Waghchaure,parties.IN.BMUP,2662,0.3,7,forfeit,U,,Illiterate,,challenger,src-31c65dbec869
IN-PC-2008-maharashtra-379,maharashtra,2019,24,KALYAN,Asmita Pushkar Puranik,parties.IN.IND,2512,0.28,8,forfeit,U,,Others,Journalist or Editor,challenger,src-31c65dbec869
IN-PC-2008-maharashtra-379,maharashtra,2019,24,KALYAN,DINKAR RANGANATH PHALAKE,parties.IN.IND,1389,0.16,9,forfeit,U,,,,challenger,src-31c65dbec869
IN-PC-2008-maharashtra-379,maharashtra,2019,24,KALYAN,Chandrakant Rambhaji Mote,parties.IN.IND,1365,0.15,10,forfeit,U,,,,challenger,src-31c65dbec869
IN-PC-2008-maharashtra-379,maharashtra,2019,24,KALYAN,MUNIR AHMAD ANSARI,parties.IN.IUML,1302,0.15,11,forfeit,U,,8th Pass,Distributors,challenger,src-31c65dbec869
IN-PC-2008-maharashtra-379,maharashtra,2019,24,KALYAN,AJAYSHYAM RAMLAKHAN MORYA,parties.IN.IND,1274,0.14,12,forfeit,U,,,,challenger,src-31c65dbec869
IN-PC-2008-maharashtra-379,maharashtra,2019,24,KALYAN,Suhas Dhananjay Bonde,parties.IN.IND,1187,0.13,13,forfeit,U,,12th Pass,Real Estate or Builder or Developer or Construction,challenger,src-31c65dbec869
IN-PC-2008-maharashtra-379,maharashtra,2019,24,KALYAN,Sayyed Waseem Ali Nazir Ali,parties.IN.IND,1093,0.12,14,forfeit,U,,Graduate,,challenger,src-31c65dbec869
IN-PC-2008-maharashtra-379,maharashtra,2019,24,KALYAN,Santosh Bhikaji Bhalerao,parties.IN.APOI,1081,0.12,15,forfeit,U,,Post Graduate,Private Company,challenger,src-31c65dbec869
IN-PC-2008-maharashtra-379,maharashtra,2019,24,KALYAN,Habibur Rehman,parties.IN.PECP,1073,0.12,16,forfeit,U,,10th Pass,,challenger,src-31c65dbec869
IN-PC-2008-maharashtra-379,maharashtra,2019,24,KALYAN,MOHAMMED AHMED KHAN (AHMED NETA),parties.IN.BAHUMP,1031,0.12,17,forfeit,U,,,,challenger,src-31c65dbec869
IN-PC-2008-maharashtra-379,maharashtra,2019,24,KALYAN,Amrish Raj Morajkar,parties.IN.IND,915,0.1,18,forfeit,U,,Others,Self-employed,challenger,src-31c65dbec869
IN-PC-2008-maharashtra-379,maharashtra,2019,24,KALYAN,Dr. Suresh Abhiman Gawai,parties.IN.BHAPRAP,843,0.09,19,forfeit,U,,Graduate Professional,Doctor,challenger,src-31c65dbec869
IN-PC-2008-maharashtra-379,maharashtra,2019,24,KALYAN,MILIND KAMBLE,,798,0.09,20,forfeit,U,,Graduate,,challenger,src-31c65dbec869
IN-PC-2008-maharashtra-379,maharashtra,2019,24,KALYAN,SONALI ASHOK GANGAWANE,parties.IN.IND,792,0.09,21,forfeit,U,,12th Pass,,challenger,src-31c65dbec869
IN-PC-2008-maharashtra-379,maharashtra,2019,24,KALYAN,SHIVA KRISHNAMURTHY IYER,parties.IN.IND,767,0.09,22,forfeit,U,,Post Graduate,Lawyer,challenger,src-31c65dbec869
IN-PC-2008-maharashtra-379,maharashtra,2019,24,KALYAN,Haresh Sambhaji Bramhane,parties.IN.BARESP,722,0.08,23,forfeit,U,,12th Pass,Real Estate or Builder or Developer or Construction,challenger,src-31c65dbec869
IN-PC-2008-maharashtra-379,maharashtra,2019,24,KALYAN,NARENDRBHAI MORE,parties.IN.IND,690,0.08,24,forfeit,U,,,,challenger,src-31c65dbec869
IN-PC-2008-maharashtra-379,maharashtra,2019,24,KALYAN,Zafarullah Gulam Rab Sayyed,parties.IN.IND,495,0.06,25,forfeit,U,,,,challenger,src-31c65dbec869
IN-PC-2008-maharashtra-379,maharashtra,2019,24,KALYAN,Vinay Dubey,parties.IN.IND,471,0.05,26,forfeit,U,,12th Pass,Trader,challenger,src-31c65dbec869
IN-PC-2008-maharashtra-379,maharashtra,2019,24,KALYAN,Nafees Ansari,parties.IN.IND,434,0.05,27,forfeit,U,,,,challenger,src-31c65dbec869
IN-PC-2008-maharashtra-379,maharashtra,2019,24,KALYAN,Mo. Yusuf Mo. Farooq Khan,parties.IN.IND,429,0.05,28,forfeit,U,,,,challenger,src-31c65dbec869
IN-PC-2008-maharashtra-379,maharashtra,2019,24,KALYAN,YASMIN BANOO MOHD. SALIM,parties.IN.IND,413,0.05,29,forfeit,U,,,,challenger,src-31c65dbec869
IN-PC-2008-maharashtra-407,maharashtra,2019,25,THANE,RAJAN BABURAO VICHARE,parties.IN.SHS,740969,63.3,1,won,U,,12th Pass,,incumbent,src-31c65dbec869
IN-PC-2008-maharashtra-407,maharashtra,2019,25,THANE,ANAND PRAKASH PARANJPE,parties.IN.NCP,328824,28.09,2,lost,U,,Post Graduate,,challenger,src-31c65dbec869
IN-PC-2008-maharashtra-407,maharashtra,2019,25,THANE,MALLIKARJUN SAIBANNA PUJARI,parties.IN.VBA,47432,4.05,3,forfeit,U,,Literate,,challenger,src-31c65dbec869
IN-PC-2008-maharashtra-407,maharashtra,2019,25,THANE,RAJESHCHANNA BAIJNATH JAISWAR,parties.IN.BSP,9472,0.81,5,forfeit,U,,10th Pass,,challenger,src-31c65dbec869
IN-PC-2008-maharashtra-407,maharashtra,2019,25,THANE,HEMANT KISAN PATIL,parties.IN.SSRD,2620,0.22,6,forfeit,U,,8th Pass,,challenger,src-31c65dbec869
IN-PC-2008-maharashtra-407,maharashtra,2019,25,THANE,USMAN MOOSA SHAIKH,parties.IN.BAHUMP,2098,0.18,7,forfeit,U,,10th Pass,,challenger,src-31c65dbec869
IN-PC-2008-maharashtra-407,maharashtra,2019,25,THANE,Dr. AKSHAY ANANT ZODGE,parties.IN.IND,1881,0.16,8,forfeit,U,,Post Graduate,Private Company,challenger,src-31c65dbec869
IN-PC-2008-maharashtra-407,maharashtra,2019,25,THANE,OM PRAKASH PAL,parties.IN.IND,1854,0.16,9,forfeit,U,,,,challenger,src-31c65dbec869
IN-PC-2008-maharashtra-407,maharashtra,2019,25,THANE,RAMESH KUMAR THAKURPRASAD SHRIVASTAV,parties.IN.IND,1705,0.15,10,forfeit,U,,,,challenger,src-31c65dbec869
IN-PC-2008-maharashtra-407,maharashtra,2019,25,THANE,AJAY BABURAM GUPTA,,1453,0.12,11,forfeit,U,,Graduate,Qualified Professional,challenger,src-31c65dbec869
IN-PC-2008-maharashtra-407,maharashtra,2019,25,THANE,JAIN SURENDRAKUMAR,parties.IN.NAP,1398,0.12,12,forfeit,U,,10th Pass,Self-employed,crossover,src-31c65dbec869
IN-PC-2008-maharashtra-407,maharashtra,2019,25,THANE,SHUBHANGI VIDYASAGAR CHAVAN,parties.IN.IND,1188,0.1,13,forfeit,U,,8th Pass,Household,challenger,src-31c65dbec869
IN-PC-2008-maharashtra-407,maharashtra,2019,25,THANE,SUDHAKAR NARAYAN SHINDE,parties.IN.APOI,1038,0.09,14,forfeit,U,,Graduate,,challenger,src-31c65dbec869
IN-PC-2008-maharashtra-407,maharashtra,2019,25,THANE,SUBHASHCHANDRA RATANDEO JHA,parties.IN.SVPP,998,0.09,15,forfeit,U,,Graduate,,challenger,src-31c65dbec869
IN-PC-2008-maharashtra-407,maharashtra,2019,25,THANE,RAJESH SIDDHANNA KAMBLE,parties.IN.BMUP,943,0.08,16,forfeit,U,,Graduate,,challenger,src-31c65dbec869
IN-PC-2008-maharashtra-407,maharashtra,2019,25,THANE,MADHAVILATA DINESHKUMAR MAURYA,parties.IN.JANADIP,906,0.08,17,forfeit,U,,12th Pass,Household,challenger,src-31c65dbec869
IN-PC-2008-maharashtra-407,maharashtra,2019,25,THANE,BRAMHADEV RAMBAKSHI PANDE,,867,0.07,18,forfeit,U,,12th Pass,Priest,challenger,src-31c65dbec869
IN-PC-2008-maharashtra-407,maharashtra,2019,25,THANE,DILIP PRABHAKAR ALONI (JOSHI),parties.IN.ABJS,850,0.07,19,forfeit,U,,Post Graduate,"Managerial Position, Qualified Professional",challenger,src-31c65dbec869
IN-PC-2008-maharashtra-407,maharashtra,2019,25,THANE,DIGAMBAR YALAPPA BANSODE,parties.IN.IND,802,0.07,20,forfeit,U,,5th Pass,,challenger,src-31c65dbec869
IN-PC-2008-maharashtra-407,maharashtra,2019,25,THANE,OMKAR NATH S. TIWARI,parties.IN.HND,801,0.07,21,forfeit,U,,Graduate,Self-employed,challenger,src-31c65dbec869
IN-PC-2008-maharashtra-407,maharashtra,2019,25,THANE,POKHARKAR VINOD LAXMAN,parties.IN.IND,772,0.07,22,forfeit,U,,10th Pass,,challenger,src-31c65dbec869
IN-PC-2008-maharashtra-407,maharashtra,2019,25,THANE,JADHAV PRABHAKAR ANANT,parties.IN.BARESP,686,0.06,23,forfeit,U,,10th Pass,Ex Govt Employee,challenger,src-31c65dbec869
IN-PC-2008-maharashtra-407,maharashtra,2019,25,THANE,VITTHAL NATHA CHAVAN,parties.IN.IND,535,0.05,24,forfeit,U,,8th Pass,,challenger,src-31c65dbec869
IN-PC-2008-maharashtra-384,maharashtra,2019,26,MUMBAI NORTH,Gopal Shetty,parties.IN.BJP,706678,71.4,1,won,U,,5th Pass,,incumbent,src-31c65dbec869
IN-PC-2008-maharashtra-384,maharashtra,2019,26,MUMBAI NORTH,Urmila Matondkar,parties.IN.INC,241431,24.39,2,lost,U,,12th Pass,Actor,challenger,src-31c65dbec869
IN-PC-2008-maharashtra-384,maharashtra,2019,26,MUMBAI NORTH,Thorat Sunil Uttamrao,parties.IN.VBA,15691,1.59,3,forfeit,U,,Graduate,,crossover,src-31c65dbec869
IN-PC-2008-maharashtra-384,maharashtra,2019,26,MUMBAI NORTH,Manojkumar Jayprakash Singh,parties.IN.BSP,3925,0.4,5,forfeit,U,,12th Pass,,challenger,src-31c65dbec869
IN-PC-2008-maharashtra-384,maharashtra,2019,26,MUMBAI NORTH,B. K. Gadhavi,parties.IN.IND,1393,0.14,6,forfeit,U,,,,challenger,src-31c65dbec869
IN-PC-2008-maharashtra-384,maharashtra,2019,26,MUMBAI NORTH,Milind Shankar Repe,parties.IN.IND,1352,0.14,7,forfeit,U,,Others,Engineer,challenger,src-31c65dbec869
IN-PC-2008-maharashtra-384,maharashtra,2019,26,MUMBAI NORTH,Fateh Mohd. Mansuri Shaikh,,1234,0.12,8,forfeit,U,,5th Pass,,challenger,src-31c65dbec869
IN-PC-2008-maharashtra-384,maharashtra,2019,26,MUMBAI NORTH,Dr. Raies Khan,parties.IN.IND,1078,0.11,9,forfeit,U,,Graduate Professional,Private Company,challenger,src-31c65dbec869
IN-PC-2008-maharashtra-384,maharashtra,2019,26,MUMBAI NORTH,Andrew John Fernandes,parties.IN.HBP,906,0.09,10,forfeit,U,,Post Graduate,Retired or Pension,challenger,src-31c65dbec869
IN-PC-2008-maharashtra-384,maharashtra,2019,26,MUMBAI NORTH,Amol Ashokrao Jadhav,parties.IN.IND,900,0.09,11,forfeit,U,,Graduate,Distributors,challenger,src-31c65dbec869
IN-PC-2008-maharashtra-384,maharashtra,2019,26,MUMBAI NORTH,Ansari Mohd. Azad,parties.IN.IND,634,0.06,12,forfeit,U,,,,challenger,src-31c65dbec869
IN-PC-2008-maharashtra-384,maharashtra,2019,26,MUMBAI NORTH,Comrade Vilas Hiwale,parties.IN.MLPOIRF,489,0.05,13,forfeit,U,,Literate,,challenger,src-31c65dbec869
IN-PC-2008-maharashtra-384,maharashtra,2019,26,MUMBAI NORTH,Chandaliya Samaysingh Anand,parties.IN.BMUP,449,0.05,14,forfeit,U,,5th Pass,,challenger,src-31c65dbec869
IN-PC-2008-maharashtra-384,maharashtra,2019,26,MUMBAI NORTH,Dr. Pawan Kumar Pandey,,423,0.04,15,forfeit,U,,Doctorate,Lawyer,challenger,src-31c65dbec869
IN-PC-2008-maharashtra-384,maharashtra,2019,26,MUMBAI NORTH,Ankushrao Shivajirao Patil,parties.IN.RASMARP,388,0.04,16,forfeit,U,,Graduate,,challenger,src-31c65dbec869
IN-PC-2008-maharashtra-384,maharashtra,2019,26,MUMBAI NORTH,Akhtar Munshi Paper Wala,parties.IN.IND,292,0.03,17,forfeit,U,,,,challenger,src-31c65dbec869
IN-PC-2008-maharashtra-384,maharashtra,2019,26,MUMBAI NORTH,Chhannu Sahadewrao Sontakkey,parties.IN.BHAPRAP,274,0.03,18,forfeit,U,,Graduate,,challenger,src-31c65dbec869
IN-PC-2008-maharashtra-384,maharashtra,2019,26,MUMBAI NORTH,Ranjit Bajrangi Tiwari,parties.IN.NAP,256,0.03,19,forfeit,U,,5th Pass,,challenger,src-31c65dbec869
IN-PC-2008-maharashtra-387,maharashtra,2019,27,MUMBAI NORTH WEST,Gajanan Kirtikar,parties.IN.SHS,570063,60.55,1,won,U,,Graduate,Qualified Professional,incumbent,src-31c65dbec869
IN-PC-2008-maharashtra-387,maharashtra,2019,27,MUMBAI NORTH WEST,Sanjay Nirupam,parties.IN.INC,309735,32.9,2,lost,U,,Graduate,,crossover,src-31c65dbec869
IN-PC-2008-maharashtra-387,maharashtra,2019,27,MUMBAI NORTH WEST,Suresh Sundar Shetty,parties.IN.VBA,23422,2.49,3,forfeit,U,,8th Pass,,challenger,src-31c65dbec869
IN-PC-2008-maharashtra-387,maharashtra,2019,27,MUMBAI NORTH WEST,Subhash Passi,parties.IN.SP,5850,0.62,5,forfeit,U,,12th Pass,MLA,challenger,src-31c65dbec869
IN-PC-2008-maharashtra-387,maharashtra,2019,27,MUMBAI NORTH WEST,Ajay Kailashnath Dubey,parties.IN.JANADIP,2083,0.22,6,forfeit,U,,Post Graduate,Lawyer,challenger,src-31c65dbec869
IN-PC-2008-maharashtra-387,maharashtra,2019,27,MUMBAI NORTH WEST,Prabhakar Tarapado Sadhu,parties.IN.IND,1912,0.2,7,forfeit,U,,8th Pass,,challenger,src-31c65dbec869
IN-PC-2008-maharashtra-387,maharashtra,2019,27,MUMBAI NORTH WEST,Madan Banwarilal Agrawal,parties.IN.IND,1300,0.14,8,forfeit,U,,Graduate,,challenger,src-31c65dbec869
IN-PC-2008-maharashtra-387,maharashtra,2019,27,MUMBAI NORTH WEST,Arora Surinder Mohan,,1180,0.13,9,forfeit,U,,Graduate,Industrialist,challenger,src-31c65dbec869
IN-PC-2008-maharashtra-387,maharashtra,2019,27,MUMBAI NORTH WEST,Chhaya Sunil Tiwari,parties.IN.JAC,1158,0.12,10,forfeit,U,,8th Pass,Household,challenger,src-31c65dbec869
IN-PC-2008-maharashtra-387,maharashtra,2019,27,MUMBAI NORTH WEST,Gajanan Tukaram Sonkamble,parties.IN.IND,848,0.09,11,forfeit,U,,Graduate,Private Company,challenger,src-31c65dbec869
IN-PC-2008-maharashtra-387,maharashtra,2019,27,MUMBAI NORTH WEST,Shakuntala Mariya Kushalkar,parties.IN.PRCP,749,0.08,12,forfeit,U,,Illiterate,Household,challenger,src-31c65dbec869
IN-PC-2008-maharashtra-387,maharashtra,2019,27,MUMBAI NORTH WEST,Adv. Mitesh Varshney,parties.IN.IND,638,0.07,13,forfeit,U,,Post Graduate,Lawyer,challenger,src-31c65dbec869
IN-PC-2008-maharashtra-387,maharashtra,2019,27,MUMBAI NORTH WEST,Chandrashekhar Sharma,parties.IN.BMFP,574,0.06,14,forfeit,U,,Others,,challenger,src-31c65dbec869
IN-PC-2008-maharashtra-387,maharashtra,2019,27,MUMBAI NORTH WEST,Sanjay Vishwanath Sakpal,parties.IN.IND,555,0.06,15,forfeit,U,,Graduate,,challenger,src-31c65dbec869
IN-PC-2008-maharashtra-387,maharashtra,2019,27,MUMBAI NORTH WEST,Aftab Mashwood Khan,parties.IN.IND,499,0.05,16,forfeit,U,,8th Pass,Real Estate or Builder or Developer or Construction,challenger,src-31c65dbec869
IN-PC-2008-maharashtra-387,maharashtra,2019,27,MUMBAI NORTH WEST,Vijay Marothi Koyale,parties.IN.RASMARP,491,0.05,17,forfeit,U,,8th Pass,,challenger,src-31c65dbec869
IN-PC-2008-maharashtra-387,maharashtra,2019,27,MUMBAI NORTH WEST,Dharmendra Shriram Pal,,475,0.05,18,forfeit,U,,10th Pass,,challenger,src-31c65dbec869
IN-PC-2008-maharashtra-387,maharashtra,2019,27,MUMBAI NORTH WEST,Shaikh Abusalim Arunahak,parties.IN.RUC,449,0.05,19,forfeit,U,,10th Pass,,challenger,src-31c65dbec869
IN-PC-2008-maharashtra-387,maharashtra,2019,27,MUMBAI NORTH WEST,Shashikant Kundalik Kadam,parties.IN.IND,443,0.05,20,forfeit,U,,,,challenger,src-31c65dbec869
IN-PC-2008-maharashtra-387,maharashtra,2019,27,MUMBAI NORTH WEST,Harishankar Shivpujan Yadav,parties.IN.AAPP,441,0.05,21,forfeit,U,,10th Pass,Private Company,challenger,src-31c65dbec869
IN-PC-2008-maharashtra-387,maharashtra,2019,27,MUMBAI NORTH WEST,Vijendra Kumar Rai,parties.IN.IND,407,0.04,22,forfeit,U,,Post Graduate,Lawyer,challenger,src-31c65dbec869
IN-PC-2008-maharashtra-386,maharashtra,2019,28,MUMBAI NORTH EAST,Manoj Kotak,parties.IN.BJP,514599,56.61,1,won,U,,10th Pass,,challenger,src-31c65dbec869
IN-PC-2008-maharashtra-386,maharashtra,2019,28,MUMBAI NORTH EAST,Patil Sanjay Dina,parties.IN.NCP,288113,31.7,2,lost,U,,Graduate,,challenger,src-31c65dbec869
IN-PC-2008-maharashtra-386,maharashtra,2019,28,MUMBAI NORTH EAST,Niharika Prakashchandra Khondalay,parties.IN.VBA,68239,7.51,3,forfeit,U,,Graduate,Household,challenger,src-31c65dbec869
IN-PC-2008-maharashtra-386,maharashtra,2019,28,MUMBAI NORTH EAST,Sanjay Chandrabahadur Singh (Kunwar),parties.IN.BSP,7777,0.86,5,forfeit,U,,Graduate,Contractor,challenger,src-31c65dbec869
IN-PC-2008-maharashtra-386,maharashtra,2019,28,MUMBAI NORTH EAST,Shahajirao Dhondiba Thorat,parties.IN.IND,2063,0.23,6,forfeit,U,,10th Pass,,challenger,src-31c65dbec869
IN-PC-2008-maharashtra-386,maharashtra,2019,28,MUMBAI NORTH EAST,Jaywant Shriram Sawant (Pappa),parties.IN.IND,1881,0.21,7,forfeit,U,,,,challenger,src-31c65dbec869
IN-PC-2008-maharashtra-386,maharashtra,2019,28,MUMBAI NORTH EAST,Jatin Rangrao Harne,parties.IN.IND,1573,0.17,8,forfeit,U,,12th Pass,,challenger,src-31c65dbec869
IN-PC-2008-maharashtra-386,maharashtra,2019,28,MUMBAI NORTH EAST,Adv. Ganesh Iyer,parties.IN.BAHUMP,1336,0.15,9,forfeit,U,,Graduate Professional,Lawyer,challenger,src-31c65dbec869
IN-PC-2008-maharashtra-386,maharashtra,2019,28,MUMBAI NORTH EAST,Kurhade Sneha Ravindra,parties.IN.IND,1267,0.14,10,forfeit,U,,8th Pass,Household,challenger,src-31c65dbec869
IN-PC-2008-maharashtra-386,maharashtra,2019,28,MUMBAI NORTH EAST,Shahina Parveen Shakil Ahmed Khan,parties.IN.IND,834,0.09,11,forfeit,U,,,,challenger,src-31c65dbec869
IN-PC-2008-maharashtra-386,maharashtra,2019,28,MUMBAI NORTH EAST,Sushma Maurya,parties.IN.JANADIP,820,0.09,12,forfeit,U,,10th Pass,,challenger,src-31c65dbec869
IN-PC-2008-maharashtra-386,maharashtra,2019,28,MUMBAI NORTH EAST,Jitendra Kumar Nanaku Pal,parties.IN.IND,779,0.09,13,forfeit,U,,12th Pass,School Teacher,challenger,src-31c65dbec869
IN-PC-2008-maharashtra-386,maharashtra,2019,28,MUMBAI NORTH EAST,Shrikant Suburao Shinde,parties.IN.BMUP,727,0.08,14,forfeit,U,,Post Graduate,Lawyer,challenger,src-31c65dbec869
IN-PC-2008-maharashtra-386,maharashtra,2019,28,MUMBAI NORTH EAST,Dandge Sukhdev Chandu,parties.IN.APOI,711,0.08,15,forfeit,U,,Literate,Taxi Driver,challenger,src-31c65dbec869
IN-PC-2008-maharashtra-386,maharashtra,2019,28,MUMBAI NORTH EAST,Anil Hebbar Koni,parties.IN.IND,677,0.07,16,forfeit,U,,Graduate Professional,Private Company,challenger,src-31c65dbec869
IN-PC-2008-maharashtra-386,maharashtra,2019,28,MUMBAI NORTH EAST,Bhaskar Mohan Gaud,parties.IN.IND,629,0.07,17,forfeit,U,,Graduate,,challenger,src-31c65dbec869
IN-PC-2008-maharashtra-386,maharashtra,2019,28,MUMBAI NORTH EAST,Shahenaz Begum Mohd Siraj Khan,parties.IN.RUC,570,0.06,18,forfeit,U,,Illiterate,,challenger,src-31c65dbec869
IN-PC-2008-maharashtra-386,maharashtra,2019,28,MUMBAI NORTH EAST,Nutan Sharad Kumar Singh,parties.IN.AAPP,566,0.06,19,forfeit,U,,Graduate,,challenger,src-31c65dbec869
IN-PC-2008-maharashtra-386,maharashtra,2019,28,MUMBAI NORTH EAST,Vinod Narayan Chaugule,parties.IN.SSRD,564,0.06,20,forfeit,U,,12th Pass,,challenger,src-31c65dbec869
IN-PC-2008-maharashtra-386,maharashtra,2019,28,MUMBAI NORTH EAST,Jayashri Minesh Shah,parties.IN.BMFP,536,0.06,21,forfeit,U,,12th Pass,,challenger,src-31c65dbec869
IN-PC-2008-maharashtra-386,maharashtra,2019,28,MUMBAI NORTH EAST,Adv. Vijay Janardan Shiktode,parties.IN.BARESP,463,0.05,22,forfeit,U,,Post Graduate,Lawyer,challenger,src-31c65dbec869
IN-PC-2008-maharashtra-386,maharashtra,2019,28,MUMBAI NORTH EAST,Pravin Chandrakant Kedare,parties.IN.IND,388,0.04,23,forfeit,U,,12th Pass,,challenger,src-31c65dbec869
IN-PC-2008-maharashtra-386,maharashtra,2019,28,MUMBAI NORTH EAST,Thoke Baban Sopan,parties.IN.IND,344,0.04,24,forfeit,U,,Graduate,,challenger,src-31c65dbec869
IN-PC-2008-maharashtra-386,maharashtra,2019,28,MUMBAI NORTH EAST,Dayanand Jagannath Sohani,parties.IN.IND,296,0.03,25,forfeit,U,,,,challenger,src-31c65dbec869
IN-PC-2008-maharashtra-386,maharashtra,2019,28,MUMBAI NORTH EAST,Deepak Digambar Shinde,parties.IN.IND,292,0.03,26,forfeit,U,,Post Graduate,Lawyer,challenger,src-31c65dbec869
IN-PC-2008-maharashtra-386,maharashtra,2019,28,MUMBAI NORTH EAST,Nilesh Ramchandra Kudtarkar,parties.IN.IND,264,0.03,27,forfeit,U,,10th Pass,,challenger,src-31c65dbec869
IN-PC-2008-maharashtra-386,maharashtra,2019,28,MUMBAI NORTH EAST,Rakesh Sambhaji Raul,parties.IN.IND,219,0.02,28,forfeit,U,,Graduate Professional,Lawyer,challenger,src-31c65dbec869
IN-PC-2008-maharashtra-385,maharashtra,2019,29,MUMBAI NORTH CENTRAL,POONAM MAHAJAN,parties.IN.BJP,486672,53.97,1,won,U,,Others,Party Worker,incumbent,src-31c65dbec869
IN-PC-2008-maharashtra-385,maharashtra,2019,29,MUMBAI NORTH CENTRAL,DUTT PRIYA SUNIL,parties.IN.INC,356667,39.55,2,lost,U,,Graduate,,challenger,src-31c65dbec869
IN-PC-2008-maharashtra-385,maharashtra,2019,29,MUMBAI NORTH CENTRAL,ABDUR REHMAN ANJARIA,parties.IN.VBA,33703,3.74,3,forfeit,U,,Doctorate,,challenger,src-31c65dbec869
IN-PC-2008-maharashtra-385,maharashtra,2019,29,MUMBAI NORTH CENTRAL,IMRAN MUSTAFA KHAN,parties.IN.BSP,4195,0.47,5,forfeit,U,,Graduate,,challenger,src-31c65dbec869
IN-PC-2008-maharashtra-385,maharashtra,2019,29,MUMBAI NORTH CENTRAL,MOHD. YAHIYA SIDDIQUE,parties.IN.IND,1073,0.12,6,forfeit,U,,5th Pass,,challenger,src-31c65dbec869
IN-PC-2008-maharashtra-385,maharashtra,2019,29,MUMBAI NORTH CENTRAL,SUNDER BABURAO PADMUKH,parties.IN.IND,989,0.11,7,forfeit,U,,Graduate Professional,,challenger,src-31c65dbec869
IN-PC-2008-maharashtra-385,maharashtra,2019,29,MUMBAI NORTH CENTRAL,JOY NAGESH BHOSLE,parties.IN.IND,942,0.1,8,forfeit,U,,12th Pass,Real Estate or Builder or Developer or Construction,challenger,src-31c65dbec869
IN-PC-2008-maharashtra-385,maharashtra,2019,29,MUMBAI NORTH CENTRAL,NOORUDDIN AFTAB AZIMUDDIN SAYYED,parties.IN.IND,858,0.1,9,forfeit,U,,8th Pass,,challenger,src-31c65dbec869
IN-PC-2008-maharashtra-385,maharashtra,2019,29,MUMBAI NORTH CENTRAL,SNEHA (SAGAR) NIVRUTTI KALE,parties.IN.IND,759,0.08,10,forfeit,U,,,,challenger,src-31c65dbec869
IN-PC-2008-maharashtra-385,maharashtra,2019,29,MUMBAI NORTH CENTRAL,MOHAMMAD MEHMOOD SYED SHAH,parties.IN.AIMF,722,0.08,11,forfeit,U,,,,challenger,src-31c65dbec869
IN-PC-2008-maharashtra-385,maharashtra,2019,29,MUMBAI NORTH CENTRAL,MOHAMMAD MOBIN SHAIKH (AZMI),parties.IN.PECP,671,0.07,12,forfeit,U,,10th Pass,,challenger,src-31c65dbec869
IN-PC-2008-maharashtra-385,maharashtra,2019,29,MUMBAI NORTH CENTRAL,KURBAN SHAHADAT HUSSAIN,parties.IN.RUC,613,0.07,13,forfeit,U,,,,challenger,src-31c65dbec869
IN-PC-2008-maharashtra-385,maharashtra,2019,29,MUMBAI NORTH CENTRAL,ANKUSH RAMCHANDRA KARANDE,parties.IN.IND,535,0.06,14,forfeit,U,,5th Pass,Ex Civil Service,challenger,src-31c65dbec869
IN-PC-2008-maharashtra-385,maharashtra,2019,29,MUMBAI NORTH CENTRAL,ADV. VANSH BAHADUR SABHAJEET YADAV,parties.IN.IND,497,0.06,15,forfeit,U,,Graduate Professional,Lawyer,challenger,src-31c65dbec869
IN-PC-2008-maharashtra-385,maharashtra,2019,29,MUMBAI NORTH CENTRAL,MILIND (ANNA) KAMBLE,,488,0.05,16,forfeit,U,,Graduate,,challenger,src-31c65dbec869
IN-PC-2008-maharashtra-385,maharashtra,2019,29,MUMBAI NORTH CENTRAL,AKSHAY KACHARU SANAP,parties.IN.IND,454,0.05,17,forfeit,U,,,,challenger,src-31c65dbec869
IN-PC-2008-maharashtra-385,maharashtra,2019,29,MUMBAI NORTH CENTRAL,ADV. FEROZ A. SHAIKH,parties.IN.JANADIP,411,0.05,18,forfeit,U,,Post Graduate,Lawyer,challenger,src-31c65dbec869
IN-PC-2008-maharashtra-385,maharashtra,2019,29,MUMBAI NORTH CENTRAL,HARSHVARDHAN RAMSURESH PANDEY,parties.IN.IND,321,0.04,19,forfeit,U,,Graduate,,challenger,src-31c65dbec869
IN-PC-2008-maharashtra-385,maharashtra,2019,29,MUMBAI NORTH CENTRAL,RAJESH NANDLAL BHAVSAR,parties.IN.BMFP,284,0.03,20,forfeit,U,,12th Pass,,challenger,src-31c65dbec869
IN-PC-2008-maharashtra-385,maharashtra,2019,29,MUMBAI NORTH CENTRAL,MEHEDI IQBAL HASAN SAYYED,parties.IN.ANC,261,0.03,21,forfeit,U,,8th Pass,,challenger,src-31c65dbec869
IN-PC-2008-maharashtra-388,maharashtra,2019,30,MUMBAI SOUTH CENTRAL,Rahul Ramesh Shewale,parties.IN.SHS,424913,53.3,1,won,U,,Others,MP,incumbent,src-31c65dbec869
IN-PC-2008-maharashtra-388,maharashtra,2019,30,MUMBAI SOUTH CENTRAL,Eknath M. Gaikwad,parties.IN.INC,272774,34.21,2,lost,U,,10th Pass,,challenger,src-31c65dbec869
IN-PC-2008-maharashtra-388,maharashtra,2019,30,MUMBAI SOUTH CENTRAL,Bhosale Sanjay Sushil,parties.IN.VBA,63412,7.95,3,forfeit,U,,Graduate Professional,,challenger,src-31c65dbec869
IN-PC-2008-maharashtra-388,maharashtra,2019,30,MUMBAI SOUTH CENTRAL,Ahmed Shakil Sagir Ahmed Shaikh,parties.IN.BSP,8635,1.08,5,forfeit,U,,5th Pass,Self-employed,challenger,src-31c65dbec869
IN-PC-2008-maharashtra-388,maharashtra,2019,30,MUMBAI SOUTH CENTRAL,Godfrey Noble,parties.IN.DMSK,2199,0.28,6,forfeit,U,,Graduate Professional,Minister,challenger,src-31c65dbec869
IN-PC-2008-maharashtra-388,maharashtra,2019,30,MUMBAI SOUTH CENTRAL,Sheetaltai Sasane,parties.IN.IND,1759,0.22,7,forfeit,U,,,,challenger,src-31c65dbec869
IN-PC-2008-maharashtra-388,maharashtra,2019,30,MUMBAI SOUTH CENTRAL,Dalvi Raju Sahebrao,parties.IN.IND,1353,0.17,8,forfeit,U,,Graduate,Agricultural Business,challenger,src-31c65dbec869
IN-PC-2008-maharashtra-388,maharashtra,2019,30,MUMBAI SOUTH CENTRAL,Deepak Bhagoji Kamble,parties.IN.APOI,1155,0.14,9,forfeit,U,,10th Pass,,challenger,src-31c65dbec869
IN-PC-2008-maharashtra-388,maharashtra,2019,30,MUMBAI SOUTH CENTRAL,Vikas Maruti Rokade,parties.IN.IND,1103,0.14,10,forfeit,U,,5th Pass,,challenger,src-31c65dbec869
IN-PC-2008-maharashtra-388,maharashtra,2019,30,MUMBAI SOUTH CENTRAL,Anita Kiran Patole,parties.IN.IND,976,0.12,11,forfeit,U,,8th Pass,,challenger,src-31c65dbec869
IN-PC-2008-maharashtra-388,maharashtra,2019,30,MUMBAI SOUTH CENTRAL,Mohammad Hayat Mohammad Husain Shaikh,parties.IN.PECP,968,0.12,12,forfeit,U,,5th Pass,,challenger,src-31c65dbec869
IN-PC-2008-maharashtra-388,maharashtra,2019,30,MUMBAI SOUTH CENTRAL,Yoganand Nadar,parties.IN.AAPP,883,0.11,13,forfeit,U,,Graduate,Shop Keeper,challenger,src-31c65dbec869
IN-PC-2008-maharashtra-388,maharashtra,2019,30,MUMBAI SOUTH CENTRAL,Adv. More Yogesh Vitthal,parties.IN.BARESP,708,0.09,14,forfeit,U,,Graduate Professional,Lawyer,challenger,src-31c65dbec869
IN-PC-2008-maharashtra-388,maharashtra,2019,30,MUMBAI SOUTH CENTRAL,Santosh Shrivastav,parties.IN.IND,677,0.08,15,forfeit,U,,10th Pass,,challenger,src-31c65dbec869
IN-PC-2008-maharashtra-388,maharashtra,2019,30,MUMBAI SOUTH CENTRAL,Balasaheb Jagannath Sable,parties.IN.BMFP,665,0.08,16,forfeit,U,,10th Pass,,challenger,src-31c65dbec869
IN-PC-2008-maharashtra-388,maharashtra,2019,30,MUMBAI SOUTH CENTRAL,Baddy Hemantkumar Reddy,parties.IN.BMUP,647,0.08,17,forfeit,U,,Graduate,,challenger,src-31c65dbec869
IN-PC-2008-maharashtra-388,maharashtra,2019,30,MUMBAI SOUTH CENTRAL,Adv. Mahendra Tulshiram Bhingardive,,589,0.07,18,forfeit,U,,Graduate Professional,Lawyer,challenger,src-31c65dbec869
IN-PC-2008-maharashtra-398,maharashtra,2019,32,RAIGAD,Tatkare Sunil Dattatray,parties.IN.NCP,486968,47.49,1,won,U,,Others,,challenger,src-31c65dbec869
IN-PC-2008-maharashtra-398,maharashtra,2019,32,RAIGAD,Anant Geete,parties.IN.SHS,455530,44.42,2,lost,U,,10th Pass,Real Estate or Builder or Developer or Construction,incumbent,src-31c65dbec869
IN-PC-2008-maharashtra-398,maharashtra,2019,32,RAIGAD,Suman Bhaskar Koli,parties.IN.VBA,23196,2.26,3,forfeit,U,,5th Pass,Household,challenger,src-31c65dbec869
IN-PC-2008-maharashtra-398,maharashtra,2019,32,RAIGAD,Subhash Janardan Patil,parties.IN.IND,12265,1.2,4,forfeit,U,,10th Pass,,challenger,src-31c65dbec869
IN-PC-2008-maharashtra-398,maharashtra,2019,32,RAIGAD,Sunil Sakharam Tatkare,parties.IN.IND,9752,0.95,6,forfeit,U,,8th Pass,,challenger,src-31c65dbec869
IN-PC-2008-maharashtra-398,maharashtra,2019,32,RAIGAD,Milind B. Salvi,parties.IN.BSP,6356,0.62,7,forfeit,U,,8th Pass,,challenger,src-31c65dbec869
IN-PC-2008-maharashtra-398,maharashtra,2019,32,RAIGAD,Avinash Vasant Patil,parties.IN.IND,4689,0.46,8,forfeit,U,,5th Pass,Self-employed,challenger,src-31c65dbec869
IN-PC-2008-maharashtra-398,maharashtra,2019,32,RAIGAD,Sunil Pandurang Tatkare,parties.IN.IND,4126,0.4,9,forfeit,U,,8th Pass,,challenger,src-31c65dbec869
IN-PC-2008-maharashtra-398,maharashtra,2019,32,RAIGAD,Gajendra Parshuram Turbadkar,parties.IN.KKJHS,2192,0.21,10,forfeit,U,,12th Pass,Private Company,challenger,src-31c65dbec869
IN-PC-2008-maharashtra-398,maharashtra,2019,32,RAIGAD,Sandip Pandurang Parte,parties.IN.BAHUMP,1482,0.14,11,forfeit,U,,,,crossover,src-31c65dbec869
IN-PC-2008-maharashtra-398,maharashtra,2019,32,RAIGAD,Yogesh Kadam,parties.IN.IND,1476,0.14,12,forfeit,U,,12th Pass,,challenger,src-31c65dbec869
IN-PC-2008-maharashtra-398,maharashtra,2019,32,RAIGAD,Nathuram Hate,parties.IN.BMUP,1441,0.14,13,forfeit,U,,10th Pass,,challenger,src-31c65dbec869
IN-PC-2008-maharashtra-398,maharashtra,2019,32,RAIGAD,Ghag Sanjay Arjun,parties.IN.IND,1417,0.14,14,forfeit,U,,10th Pass,Real Estate or Builder or Developer or Construction,challenger,src-31c65dbec869
IN-PC-2008-maharashtra-398,maharashtra,2019,32,RAIGAD,Munafar Jainubhidin Choudhary,parties.IN.IND,1215,0.12,15,forfeit,U,,5th Pass,,challenger,src-31c65dbec869
IN-PC-2008-maharashtra-398,maharashtra,2019,32,RAIGAD,Madhukar Mahadev Khamkar,parties.IN.IND,1049,0.1,16,forfeit,U,,10th Pass,Taxi Driver,challenger,src-31c65dbec869
IN-PC-2008-maharashtra-398,maharashtra,2019,32,RAIGAD,Prakash Sakharam Kalke,,823,0.08,17,forfeit,U,,Post Graduate,Doctor,challenger,src-31c65dbec869
IN-PC-2008-maharashtra-383,maharashtra,2019,33,MAVAL,SHRIRANG APPA CHANDU BARNE,parties.IN.SHS,720663,52.65,1,won,U,,8th Pass,Real Estate or Builder or Developer or Construction,incumbent,src-31c65dbec869
IN-PC-2008-maharashtra-383,maharashtra,2019,33,MAVAL,PARTH AJIT PAWAR,parties.IN.NCP,504750,36.87,2,lost,U,,Graduate,,challenger,src-31c65dbec869
IN-PC-2008-maharashtra-383,maharashtra,2019,33,MAVAL,RAJARAM NARAYAN PATIL,parties.IN.VBA,75904,5.55,3,forfeit,U,,Others,Agricultural Business,challenger,src-31c65dbec869
IN-PC-2008-maharashtra-383,maharashtra,2019,33,MAVAL,Adv. Kanade Sanjay Kisan,parties.IN.BSP,10197,0.74,5,forfeit,U,,Graduate Professional,Lawyer,challenger,src-31c65dbec869
IN-PC-2008-maharashtra-383,maharashtra,2019,33,MAVAL,PRASHANT alias BABARAJE GANPAT DESHMUKH,parties.IN.IND,6318,0.46,6,forfeit,U,,,,challenger,src-31c65dbec869
IN-PC-2008-maharashtra-383,maharashtra,2019,33,MAVAL,Jagdish alias Ayyappa Shamrao Sonawane,parties.IN.KKJHS,5242,0.38,7,forfeit,U,,Graduate,,challenger,src-31c65dbec869
IN-PC-2008-maharashtra-383,maharashtra,2019,33,MAVAL,BALKRUSHNA DHANAJI GHARAT,parties.IN.IND,3603,0.26,8,forfeit,U,,5th Pass,,challenger,src-31c65dbec869
IN-PC-2008-maharashtra-383,maharashtra,2019,33,MAVAL,RAKESH PRABHAKAR CHAVAN,parties.IN.IND,3225,0.24,9,forfeit,U,,8th Pass,,challenger,src-31c65dbec869
IN-PC-2008-maharashtra-383,maharashtra,2019,33,MAVAL,Navnath Vishwanath Dudhal,parties.IN.IND,2802,0.2,10,forfeit,U,,Post Graduate,Real Estate or Builder or Developer or Construction,challenger,src-31c65dbec869
IN-PC-2008-maharashtra-383,maharashtra,2019,33,MAVAL,PANDHARINATH NAMDEO PATIL,parties.IN.BMUP,2570,0.19,11,forfeit,U,,10th Pass,,challenger,src-31c65dbec869
IN-PC-2008-maharashtra-383,maharashtra,2019,33,MAVAL,JAYA SANJAY PATIL,parties.IN.APOI,2328,0.17,12,forfeit,U,,Others,,challenger,src-31c65dbec869
IN-PC-2008-maharashtra-383,maharashtra,2019,33,MAVAL,MADAN SHIVAJI PATIL,parties.IN.BPSJP,2243,0.16,13,forfeit,U,,10th Pass,,challenger,src-31c65dbec869
IN-PC-2008-maharashtra-383,maharashtra,2019,33,MAVAL,VIJAY HANUMANT RANDIL,parties.IN.IND,2093,0.15,14,forfeit,U,,12th Pass,,challenger,src-31c65dbec869
IN-PC-2008-maharashtra-383,maharashtra,2019,33,MAVAL,SURAJ ASHOKRAO KHANDARE,parties.IN.IND,1873,0.14,15,forfeit,U,,Post Graduate,,challenger,src-31c65dbec869
IN-PC-2008-maharashtra-383,maharashtra,2019,33,MAVAL,SUNIL BABAN GAIKWAD,parties.IN.BARESP,1755,0.13,16,forfeit,U,,10th Pass,"Contractor, Private Company",challenger,src-31c65dbec869
IN-PC-2008-maharashtra-383,maharashtra,2019,33,MAVAL,Amruta Abhijit Apte,parties.IN.IND,1696,0.12,17,forfeit,U,,12th Pass,Actor,challenger,src-31c65dbec869
IN-PC-2008-maharashtra-383,maharashtra,2019,33,MAVAL,RAJENDRA MARUTI KATE (PATIL),parties.IN.IND,1639,0.12,18,forfeit,U,,,,challenger,src-31c65dbec869
IN-PC-2008-maharashtra-383,maharashtra,2019,33,MAVAL,Prakash Bhivaji Mahadik,parties.IN.BNS,1095,0.08,19,forfeit,U,,8th Pass,,challenger,src-31c65dbec869
IN-PC-2008-maharashtra-383,maharashtra,2019,33,MAVAL,SURESH SHRIPATI TAUR,parties.IN.IND,1083,0.08,20,forfeit,U,,12th Pass,,challenger,src-31c65dbec869
IN-PC-2008-maharashtra-383,maharashtra,2019,33,MAVAL,AJAY HANUMANT LONDHE,parties.IN.IND,1044,0.08,21,forfeit,U,,12th Pass,,challenger,src-31c65dbec869
IN-PC-2008-maharashtra-383,maharashtra,2019,33,MAVAL,Dr. SOMNATH ALIAS BALASHAHEB ARJUN POL,parties.IN.IND,970,0.07,22,forfeit,U,,,,challenger,src-31c65dbec869
IN-PC-2008-maharashtra-397,maharashtra,2019,34,PUNE,Girish Bhalchandra Bapat,parties.IN.BJP,632835,61.13,1,won,U,,Graduate,,challenger,src-31c65dbec869
IN-PC-2008-maharashtra-397,maharashtra,2019,34,PUNE,Mohan Joshi,parties.IN.INC,308207,29.77,2,lost,U,,10th Pass,Distributors,challenger,src-31c65dbec869
IN-PC-2008-maharashtra-397,maharashtra,2019,34,PUNE,Anil Narayan Jadhav,parties.IN.VBA,64793,6.26,3,forfeit,U,,12th Pass,,challenger,src-31c65dbec869
IN-PC-2008-maharashtra-397,maharashtra,2019,34,PUNE,Uttam Pandurang Shinde,parties.IN.BSP,4792,0.46,5,forfeit,U,,Graduate,,challenger,src-31c65dbec869
IN-PC-2008-maharashtra-397,maharashtra,2019,34,PUNE,Anand Prakash Vanjape,parties.IN.IND,1343,0.13,6,forfeit,U,,Others,,challenger,src-31c65dbec869
IN-PC-2008-maharashtra-397,maharashtra,2019,34,PUNE,Suhas Popat Gajarmal,,1117,0.11,7,forfeit,U,,12th Pass,,challenger,src-31c65dbec869
IN-PC-2008-maharashtra-397,maharashtra,2019,34,PUNE,Amol Jayraj Shinde,parties.IN.HBP,959,0.09,8,forfeit,U,,Post Graduate,Qualified Professional,challenger,src-31c65dbec869
IN-PC-2008-maharashtra-397,maharashtra,2019,34,PUNE,Rajesh Surendrakumar Agarwal,parties.IN.HAPA,847,0.08,9,forfeit,U,,Graduate Professional,,challenger,src-31c65dbec869
IN-PC-2008-maharashtra-397,maharashtra,2019,34,PUNE,Balasaheb Misal Patil,parties.IN.BMUP,780,0.08,10,forfeit,U,,Graduate,,challenger,src-31c65dbec869
IN-PC-2008-maharashtra-397,maharashtra,2019,34,PUNE,Johnson Vasant Kolhapure,parties.IN.IND,647,0.06,11,forfeit,U,,8th Pass,Auto-rickshaw Driver,challenger,src-31c65dbec869
IN-PC-2008-maharashtra-397,maharashtra,2019,34,PUNE,Amol Alias Yabes S. Tujare,parties.IN.IND,624,0.06,12,forfeit,U,,12th Pass,,challenger,src-31c65dbec869
IN-PC-2008-maharashtra-397,maharashtra,2019,34,PUNE,Sayyad Raj Faiyaz,,601,0.06,13,forfeit,U,,Graduate,Private Company,challenger,src-31c65dbec869
IN-PC-2008-maharashtra-397,maharashtra,2019,34,PUNE,Jafar Khursid Choudhari,parties.IN.IND,554,0.05,14,forfeit,U,,5th Pass,Shop Keeper,challenger,src-31c65dbec869
IN-PC-2008-maharashtra-397,maharashtra,2019,34,PUNE,Adv. Ramesh Devaram Dharmavat,,547,0.05,15,forfeit,U,,Graduate Professional,Lawyer,challenger,src-31c65dbec869
IN-PC-2008-maharashtra-397,maharashtra,2019,34,PUNE,Adv. Kumar Devba Kalel Patil,parties.IN.IND,525,0.05,16,forfeit,U,,Graduate Professional,Lawyer,challenger,src-31c65dbec869
IN-PC-2008-maharashtra-397,maharashtra,2019,34,PUNE,Sim Khirid,parties.IN.BAHUMP,487,0.05,17,forfeit,U,,Post Graduate,,challenger,src-31c65dbec869
IN-PC-2008-maharashtra-397,maharashtra,2019,34,PUNE,Adv. Mahesh Gajendragadkar,,446,0.04,18,forfeit,U,,Post Graduate,Lawyer,challenger,src-31c65dbec869
IN-PC-2008-maharashtra-397,maharashtra,2019,34,PUNE,Kshirsagar Kanchan Devdas,parties.IN.IND,441,0.04,19,forfeit,U,,Graduate,,challenger,src-31c65dbec869
IN-PC-2008-maharashtra-397,maharashtra,2019,34,PUNE,Rahul Vishwas Joshi,parties.IN.IND,426,0.04,20,forfeit,U,,Graduate,Architect,challenger,src-31c65dbec869
IN-PC-2008-maharashtra-397,maharashtra,2019,34,PUNE,Prof. Nalawade Hanmant Mahadeo,parties.IN.APOI,383,0.04,21,forfeit,U,,Post Graduate,"Principal or Administrator, College Professor or Lecturer",challenger,src-31c65dbec869
IN-PC-2008-maharashtra-397,maharashtra,2019,34,PUNE,Chincholikar Jayant Eknath,parties.IN.BARESP,343,0.03,22,forfeit,U,,10th Pass,,challenger,src-31c65dbec869
IN-PC-2008-maharashtra-397,maharashtra,2019,34,PUNE,Javed Shabbir Sayyed,parties.IN.IND,339,0.03,23,forfeit,U,,8th Pass,,challenger,src-31c65dbec869
IN-PC-2008-maharashtra-397,maharashtra,2019,34,PUNE,Krupal Paluskar,parties.IN.PRCP,333,0.03,24,forfeit,U,,Post Graduate,,challenger,src-31c65dbec869
IN-PC-2008-maharashtra-397,maharashtra,2019,34,PUNE,Sanjay Baburao Jadhav,parties.IN.IND,309,0.03,25,forfeit,U,,10th Pass,Auto-rickshaw Driver,challenger,src-31c65dbec869
IN-PC-2008-maharashtra-397,maharashtra,2019,34,PUNE,Znyosho Vijayprakash,parties.IN.IND,298,0.03,26,forfeit,U,,,,challenger,src-31c65dbec869
IN-PC-2008-maharashtra-397,maharashtra,2019,34,PUNE,Hemant Baburao Kolekar Patil Alias Hemant Patil,parties.IN.IND,265,0.03,27,forfeit,U,,8th Pass,"Real Estate or Builder or Developer or Construction, Contractor",challenger,src-31c65dbec869
IN-PC-2008-maharashtra-397,maharashtra,2019,34,PUNE,Vijay Laxaman Saroade,parties.IN.IND,230,0.02,28,forfeit,U,,,,challenger,src-31c65dbec869
IN-PC-2008-maharashtra-397,maharashtra,2019,34,PUNE,Nikhil Umesh Zingade,parties.IN.BPSJP,225,0.02,29,forfeit,U,,Post Graduate,,challenger,src-31c65dbec869
IN-PC-2008-maharashtra-397,maharashtra,2019,34,PUNE,Rakesh Prabhakar Chavan,parties.IN.IND,207,0.02,30,forfeit,U,,8th Pass,,challenger,src-31c65dbec869
IN-PC-2008-maharashtra-397,maharashtra,2019,34,PUNE,Ravindra Bansiram Mahapure,parties.IN.IND,171,0.02,31,forfeit,U,,Literate,,challenger,src-31c65dbec869
IN-PC-2008-maharashtra-397,maharashtra,2019,34,PUNE,Sawant Chandrakant Parmeshwar,parties.IN.IND,161,0.02,32,forfeit,U,,12th Pass,Private Company,challenger,src-31c65dbec869
IN-PC-2008-maharashtra-366,maharashtra,2019,35,BARAMATI,Supriya Sule,parties.IN.NCP,686714,52.63,1,won,U,,Graduate,,incumbent,src-31c65dbec869
IN-PC-2008-maharashtra-366,maharashtra,2019,35,BARAMATI,Kanchan Rahul Kool,parties.IN.BJP,530940,40.69,2,lost,U,,Graduate,,challenger,src-31c65dbec869
IN-PC-2008-maharashtra-366,maharashtra,2019,35,BARAMATI,Padalkar Navanath,parties.IN.VBA,44134,3.38,3,forfeit,U,,Post Graduate,,challenger,src-31c65dbec869
IN-PC-2008-maharashtra-366,maharashtra,2019,35,BARAMATI,Adv.Mangesh Nilkanth Vanshiv,parties.IN.BSP,6882,0.53,5,forfeit,U,,Post Graduate,Lawyer,challenger,src-31c65dbec869
IN-PC-2008-maharashtra-366,maharashtra,2019,35,BARAMATI,Shivaji (Nana) Rambhau Nandkhile,parties.IN.IND,4405,0.34,6,forfeit,U,,,,challenger,src-31c65dbec869
IN-PC-2008-maharashtra-366,maharashtra,2019,35,BARAMATI,Sanjay Shinde,parties.IN.BMUP,4345,0.33,7,forfeit,U,,12th Pass,,challenger,src-31c65dbec869
IN-PC-2008-maharashtra-366,maharashtra,2019,35,BARAMATI,Dashrath Nana Raut,parties.IN.BPSJP,3822,0.29,8,forfeit,U,,8th Pass,,challenger,src-31c65dbec869
IN-PC-2008-maharashtra-366,maharashtra,2019,35,BARAMATI,Sureshdada Baburao Veer,parties.IN.IND,3284,0.25,9,forfeit,U,,,,challenger,src-31c65dbec869
IN-PC-2008-maharashtra-366,maharashtra,2019,35,BARAMATI,Ulhas(Nanasaheb) Mugutrao Chormale,parties.IN.IND,1993,0.15,10,forfeit,U,,,,challenger,src-31c65dbec869
IN-PC-2008-maharashtra-366,maharashtra,2019,35,BARAMATI,Deepak Shantaram Watvisave,parties.IN.IND,1871,0.14,11,forfeit,U,,Doctorate,"Principal or Administrator, College Professor or Lecturer",challenger,src-31c65dbec869
IN-PC-2008-maharashtra-366,maharashtra,2019,35,BARAMATI,Vijaynath Ramachandra Chandere,parties.IN.IND,1721,0.13,12,forfeit,U,,,,challenger,src-31c65dbec869
IN-PC-2008-maharashtra-366,maharashtra,2019,35,BARAMATI,Vishvanath Sitaram Gargade,parties.IN.IND,1158,0.09,13,forfeit,U,,10th Pass,Musician or Artist,challenger,src-31c65dbec869
IN-PC-2008-maharashtra-366,maharashtra,2019,35,BARAMATI,Adv.Girish Madan Patil,parties.IN.IND,1087,0.08,14,forfeit,U,,Graduate,Lawyer,challenger,src-31c65dbec869
IN-PC-2008-maharashtra-366,maharashtra,2019,35,BARAMATI,Dr. Balasaheb Arjun Pol,parties.IN.IND,1003,0.08,15,forfeit,U,,Graduate Professional,,challenger,src-31c65dbec869
IN-PC-2008-maharashtra-366,maharashtra,2019,35,BARAMATI,Hemant Baburao Kolekar Patil,parties.IN.IND,951,0.07,16,forfeit,U,,8th Pass,"Real Estate or Builder or Developer or Construction, Contractor",challenger,src-31c65dbec869
IN-PC-2008-maharashtra-366,maharashtra,2019,35,BARAMATI,Yuvraj Bhujbal,parties.IN.JANADIP,908,0.07,17,forfeit,U,,Others,,challenger,src-31c65dbec869
IN-PC-2008-maharashtra-366,maharashtra,2019,35,BARAMATI,Alankruta Abhijeet Awade-Bichukale,parties.IN.IND,844,0.06,18,forfeit,U,,Post Graduate,Insurance Agent,challenger,src-31c65dbec869
IN-PC-2008-maharashtra-366,maharashtra,2019,35,BARAMATI,Savita Bhimrao Kadale,parties.IN.HJP,798,0.06,19,forfeit,U,,Literate,Household,challenger,src-31c65dbec869
IN-PC-2008-maharashtra-405,maharashtra,2019,36,SHIRUR,Dr. Amol Ramsing Kolhe,parties.IN.NCP,635830,49.17,1,won,U,,Graduate Professional,,challenger,src-31c65dbec869
IN-PC-2008-maharashtra-405,maharashtra,2019,36,SHIRUR,Adhalrao Shivaji Dattatrey,parties.IN.SHS,577347,44.65,2,lost,U,,Others,,incumbent,src-31c65dbec869
IN-PC-2008-maharashtra-405,maharashtra,2019,36,SHIRUR,Ovhal Rahul,parties.IN.VBA,38070,2.94,3,forfeit,U,,8th Pass,,challenger,src-31c65dbec869
IN-PC-2008-maharashtra-405,maharashtra,2019,36,SHIRUR,Kagadi Jamirkhan Afjal,parties.IN.BSP,7247,0.56,4,forfeit,U,,Graduate,Agricultural Business,challenger,src-31c65dbec869
IN-PC-2008-maharashtra-405,maharashtra,2019,36,SHIRUR,Chhaya Prabhakar Solanke,parties.IN.IND,4930,0.38,6,forfeit,U,,Graduate,Household,challenger,src-31c65dbec869
IN-PC-2008-maharashtra-405,maharashtra,2019,36,SHIRUR,Bhausaheb Ramchandra Adagale,parties.IN.IND,4397,0.34,7,forfeit,U,,,,challenger,src-31c65dbec869
IN-PC-2008-maharashtra-405,maharashtra,2019,36,SHIRUR,Waheeda Shainur Shaikh,parties.IN.IND,3837,0.3,8,forfeit,U,,,,challenger,src-31c65dbec869
IN-PC-2008-maharashtra-405,maharashtra,2019,36,SHIRUR,Ghadge Balasaheb Jaysing,parties.IN.IND,2749,0.21,9,forfeit,U,,,,challenger,src-31c65dbec869
IN-PC-2008-maharashtra-405,maharashtra,2019,36,SHIRUR,Shashikant Rajaram Desai,parties.IN.IND,1881,0.15,10,forfeit,U,,,,challenger,src-31c65dbec869
IN-PC-2008-maharashtra-405,maharashtra,2019,36,SHIRUR,Prof.Shrikant Nivrutti Chabukswar Sir,parties.IN.BMUP,1243,0.1,11,forfeit,U,,Post Graduate,Home Teacher or Tuition,challenger,src-31c65dbec869
IN-PC-2008-maharashtra-405,maharashtra,2019,36,SHIRUR,Ghare Mohan Damodar,parties.IN.BALP,997,0.08,12,forfeit,U,,8th Pass,,challenger,src-31c65dbec869
IN-PC-2008-maharashtra-405,maharashtra,2019,36,SHIRUR,Gangadhar Nathu Yadav,parties.IN.IND,955,0.07,13,forfeit,U,,Post Graduate,Insurance Agent,challenger,src-31c65dbec869
IN-PC-2008-maharashtra-405,maharashtra,2019,36,SHIRUR,Vinod Vasant Chandgude,parties.IN.IND,902,0.07,14,forfeit,U,,Post Graduate,,challenger,src-31c65dbec869
IN-PC-2008-maharashtra-405,maharashtra,2019,36,SHIRUR,Ansari Samshad Anwar,parties.IN.IND,828,0.06,15,forfeit,U,,12th Pass,,challenger,src-31c65dbec869
IN-PC-2008-maharashtra-405,maharashtra,2019,36,SHIRUR,Ashtul Vikas Rajaram,parties.IN.IND,786,0.06,16,forfeit,U,,8th Pass,,challenger,src-31c65dbec869
IN-PC-2008-maharashtra-405,maharashtra,2019,36,SHIRUR,Somnath Hiraman Mali,parties.IN.BARESP,743,0.06,17,forfeit,U,,8th Pass,,challenger,src-31c65dbec869
IN-PC-2008-maharashtra-405,maharashtra,2019,36,SHIRUR,Sonalitai Thorat,parties.IN.IND,677,0.05,18,forfeit,U,,,,challenger,src-31c65dbec869
IN-PC-2008-maharashtra-405,maharashtra,2019,36,SHIRUR,Shivajirao Uttamrao Pawar,parties.IN.IND,673,0.05,19,forfeit,U,,,,challenger,src-31c65dbec869
IN-PC-2008-maharashtra-405,maharashtra,2019,36,SHIRUR,Sanjay Laxman Padwal,parties.IN.BNS,630,0.05,20,forfeit,U,,10th Pass,,challenger,src-31c65dbec869
IN-PC-2008-maharashtra-405,maharashtra,2019,36,SHIRUR,Sanjay Baba Bansode,,615,0.05,21,forfeit,U,,8th Pass,,challenger,src-31c65dbec869
IN-PC-2008-maharashtra-405,maharashtra,2019,36,SHIRUR,Nitin Murlidhar Kuchekar,parties.IN.BHAPRAP,607,0.05,22,forfeit,U,,Graduate,,challenger,src-31c65dbec869
IN-PC-2008-maharashtra-405,maharashtra,2019,36,SHIRUR,Shahid Farukh Shaikh,parties.IN.IND,566,0.04,23,forfeit,U,,5th Pass,,challenger,src-31c65dbec869
IN-PC-2008-maharashtra-405,maharashtra,2019,36,SHIRUR,Shaikh Raisa,,556,0.04,24,forfeit,U,,Post Graduate,"Real Estate or Builder or Developer or Construction, Distributors",challenger,src-31c65dbec869
IN-PC-2008-maharashtra-362,maharashtra,2019,37,AHMADNAGAR,Dr. SUJAY RADHAKRISHNA VIKHEPATIL,parties.IN.BJP,704660,58.54,1,won,U,,Doctorate,,challenger,src-31c65dbec869
IN-PC-2008-maharashtra-362,maharashtra,2019,37,AHMADNAGAR,SANGRAM ARUNKAKA JAGTAP,parties.IN.NCP,423186,35.15,2,lost,U,,Graduate,Agricultural Business,challenger,src-31c65dbec869
IN-PC-2008-maharashtra-362,maharashtra,2019,37,AHMADNAGAR,SUDHAKAR LAXMAN AVHAD,parties.IN.VBA,31807,2.64,3,forfeit,U,,Graduate,,challenger,src-31c65dbec869
IN-PC-2008-maharashtra-362,maharashtra,2019,37,AHMADNAGAR,WAKALE NAMDEO ARJUN,parties.IN.BSP,6692,0.56,4,forfeit,U,,Graduate Professional,Lawyer,challenger,src-31c65dbec869
IN-PC-2008-maharashtra-362,maharashtra,2019,37,AHMADNAGAR,SAINATH BHAUSAHEB GHORPADE,parties.IN.IND,3986,0.33,6,forfeit,U,,8th Pass,,challenger,src-31c65dbec869
IN-PC-2008-maharashtra-362,maharashtra,2019,37,AHMADNAGAR,Er. SANJIV BABANRAO BHOR,parties.IN.IND,3838,0.32,7,forfeit,U,,Others,Contractor,challenger,src-31c65dbec869
IN-PC-2008-maharashtra-362,maharashtra,2019,37,AHMADNAGAR,SANDIP LAXMAN SAKAT,parties.IN.IND,3745,0.31,8,forfeit,U,,10th Pass,Auto-rickshaw Driver,challenger,src-31c65dbec869
IN-PC-2008-maharashtra-362,maharashtra,2019,37,AHMADNAGAR,KALIRAM BAHIRU POPALGHAT,parties.IN.BNS,3192,0.27,9,forfeit,U,,10th Pass,,challenger,src-31c65dbec869
IN-PC-2008-maharashtra-362,maharashtra,2019,37,AHMADNAGAR,SUPEKAR DNYANDEO NARHARI,parties.IN.IND,2767,0.23,10,forfeit,U,,5th Pass,,challenger,src-31c65dbec869
IN-PC-2008-maharashtra-362,maharashtra,2019,37,AHMADNAGAR,FARUKH ISMAIL SHAIKH,parties.IN.BPSJP,2502,0.21,11,forfeit,U,,8th Pass,,challenger,src-31c65dbec869
IN-PC-2008-maharashtra-362,maharashtra,2019,37,AHMADNAGAR,SHAIKH AABID HUSSAIN MOHAMMAD HANIF,parties.IN.IND,2488,0.21,12,forfeit,U,,12th Pass,,challenger,src-31c65dbec869
IN-PC-2008-maharashtra-362,maharashtra,2019,37,AHMADNAGAR,SHRIDHAR JAKHUJI DAREKAR,parties.IN.IND,2349,0.2,13,forfeit,U,,Graduate,,challenger,src-31c65dbec869
IN-PC-2008-maharashtra-362,maharashtra,2019,37,AHMADNAGAR,SANJAY DAGDU SAWANT,parties.IN.BMUP,1507,0.13,14,forfeit,U,,5th Pass,,challenger,src-31c65dbec869
IN-PC-2008-maharashtra-362,maharashtra,2019,37,AHMADNAGAR,DHIRAJ MOTILAL BATADE,parties.IN.RTORP,1492,0.12,15,forfeit,U,,12th Pass,,challenger,src-31c65dbec869
IN-PC-2008-maharashtra-362,maharashtra,2019,37,AHMADNAGAR,KAMAL DASHRATH SAWANT,parties.IN.IND,1317,0.11,16,forfeit,U,,Graduate Professional,,challenger,src-31c65dbec869
IN-PC-2008-maharashtra-362,maharashtra,2019,37,AHMADNAGAR,RAMNATH GAHININATH GOLHAR,parties.IN.IND,1268,0.11,17,forfeit,U,,12th Pass,,challenger,src-31c65dbec869
IN-PC-2008-maharashtra-362,maharashtra,2019,37,AHMADNAGAR,BHASKAR FAKIRA PATOLE,parties.IN.IND,1242,0.1,18,forfeit,U,,10th Pass,,challenger,src-31c65dbec869
IN-PC-2008-maharashtra-362,maharashtra,2019,37,AHMADNAGAR,DATTATRAY APPA WAGHMODE,parties.IN.IND,971,0.08,19,forfeit,U,,5th Pass,,challenger,src-31c65dbec869
IN-PC-2008-maharashtra-362,maharashtra,2019,37,AHMADNAGAR,APPASAHEB NAVNATH PALVE,parties.IN.IND,716,0.06,20,forfeit,U,,Graduate Professional,,challenger,src-31c65dbec869
IN-PC-2008-maharashtra-404,maharashtra,2019,38,SHIRDI,SADASHIV KISAN LOKHANDE,parties.IN.SHS,486820,47.29,1,won,U,,10th Pass,MP,incumbent,src-31c65dbec869
IN-PC-2008-maharashtra-404,maharashtra,2019,38,SHIRDI,KAMBLE BHAUSAHEB MALHARI,parties.IN.INC,366625,35.62,2,lost,U,,Others,,challenger,src-31c65dbec869
IN-PC-2008-maharashtra-404,maharashtra,2019,38,SHIRDI,SANJAY LAXMAN SUKHDAN,parties.IN.VBA,63287,6.15,3,forfeit,U,,Graduate,,challenger,src-31c65dbec869
IN-PC-2008-maharashtra-404,maharashtra,2019,38,SHIRDI,WAKCHAURE BHAUSAHEB RAJARAM,parties.IN.IND,35526,3.45,4,forfeit,U,,Graduate Professional,Ex Govt Employee,challenger,src-31c65dbec869
IN-PC-2008-maharashtra-404,maharashtra,2019,38,SHIRDI,Adv. BANSI BHAURAO SATPUTE,parties.IN.CPI,20300,1.97,5,forfeit,U,,Graduate Professional,Agricultural Business,challenger,src-31c65dbec869
IN-PC-2008-maharashtra-404,maharashtra,2019,38,SHIRDI,PRADIP SUNIL SARODE,parties.IN.IND,12946,1.26,6,forfeit,U,,12th Pass,,challenger,src-31c65dbec869
IN-PC-2008-maharashtra-404,maharashtra,2019,38,SHIRDI,WAKCHAURE BHAUSAHEB JAYRAM,parties.IN.IND,8225,0.8,7,forfeit,U,,Literate,,challenger,src-31c65dbec869
IN-PC-2008-maharashtra-404,maharashtra,2019,38,SHIRDI,SURESH EKNATH JAGDHANE,parties.IN.BSP,6006,0.58,8,forfeit,U,,Others,Ex Civil Service,challenger,src-31c65dbec869
IN-PC-2008-maharashtra-404,maharashtra,2019,38,SHIRDI,ASHOK ANAJI WAKCHAURE,parties.IN.IND,3592,0.35,10,forfeit,U,,Post Graduate,,challenger,src-31c65dbec869
IN-PC-2008-maharashtra-404,maharashtra,2019,38,SHIRDI,SUBHASH DADA TRIBHUVAN,parties.IN.IND,3100,0.3,11,forfeit,U,,5th Pass,,challenger,src-31c65dbec869
IN-PC-2008-maharashtra-404,maharashtra,2019,38,SHIRDI,BAPU PARAJI RANDHIR,parties.IN.IND,2475,0.24,12,forfeit,U,,Graduate,,challenger,src-31c65dbec869
IN-PC-2008-maharashtra-404,maharashtra,2019,38,SHIRDI,ASHOK JAGDISH JADHAV,parties.IN.RASMARP,1970,0.19,13,forfeit,U,,Graduate,Real Estate or Builder or Developer or Construction,challenger,src-31c65dbec869
IN-PC-2008-maharashtra-404,maharashtra,2019,38,SHIRDI,BORAGE SHANKAR HARIBHAU,parties.IN.IND,1930,0.19,14,forfeit,U,,Graduate,,challenger,src-31c65dbec869
IN-PC-2008-maharashtra-404,maharashtra,2019,38,SHIRDI,VIJAY DNYANOBA GHATE,parties.IN.RBS,1820,0.18,15,forfeit,U,,8th Pass,Real Estate or Builder or Developer or Construction,challenger,src-31c65dbec869
IN-PC-2008-maharashtra-404,maharashtra,2019,38,SHIRDI,KISHOR LIMBAJI ROKADE,parties.IN.IND,1704,0.17,16,forfeit,U,,12th Pass,,challenger,src-31c65dbec869
IN-PC-2008-maharashtra-404,maharashtra,2019,38,SHIRDI,GANPAT MACHINDRA MORE,parties.IN.IND,1692,0.16,17,forfeit,U,,Graduate,,challenger,src-31c65dbec869
IN-PC-2008-maharashtra-404,maharashtra,2019,38,SHIRDI,SACHIN SADASHIV GAWANDE,parties.IN.IND,1665,0.16,18,forfeit,U,,Graduate,Contractor,challenger,src-31c65dbec869
IN-PC-2008-maharashtra-404,maharashtra,2019,38,SHIRDI,ADV. PRAKASH KACHARU AAHER,parties.IN.BARESP,1507,0.15,19,forfeit,U,,Post Graduate,Agricultural Business,challenger,src-31c65dbec869
IN-PC-2008-maharashtra-404,maharashtra,2019,38,SHIRDI,ADV. AMOLIK GOVIND BABURAO,parties.IN.IND,1488,0.14,20,forfeit,U,,Graduate Professional,,challenger,src-31c65dbec869
IN-PC-2008-maharashtra-404,maharashtra,2019,38,SHIRDI,SAMPAT KHANDU SAMINDAR,parties.IN.IND,1290,0.13,21,forfeit,U,,Graduate,,challenger,src-31c65dbec869
IN-PC-2008-maharashtra-367,maharashtra,2019,39,BEED,Pritam Gopinathrao Munde,parties.IN.BJP,678175,50.15,1,won,U,,Post Graduate,,incumbent,src-31c65dbec869
IN-PC-2008-maharashtra-367,maharashtra,2019,39,BEED,Bajrang Manohar Sonwane,parties.IN.NCP,509807,37.7,2,lost,U,,Graduate,Agricultural Business,challenger,src-31c65dbec869
IN-PC-2008-maharashtra-367,maharashtra,2019,39,BEED,Pro. Vishnu Jadhav,parties.IN.VBA,92139,6.81,3,forfeit,U,,,,challenger,src-31c65dbec869
IN-PC-2008-maharashtra-367,maharashtra,2019,39,BEED,Chavhan Sampat Ramsing,parties.IN.IND,16792,1.24,4,forfeit,U,,Post Graduate,,challenger,src-31c65dbec869
IN-PC-2008-maharashtra-367,maharashtra,2019,39,BEED,Mujib Naimuddin Inamdar,parties.IN.IND,6152,0.45,5,forfeit,U,,10th Pass,,challenger,src-31c65dbec869
IN-PC-2008-maharashtra-367,maharashtra,2019,39,BEED,Rajeshkumar Annasaheb Bhadagale,parties.IN.IND,3897,0.29,6,forfeit,U,,12th Pass,,challenger,src-31c65dbec869
IN-PC-2008-maharashtra-367,maharashtra,2019,39,BEED,Jagtap Nilesh Murlidhar,parties.IN.IND,3485,0.26,7,forfeit,U,,Post Graduate,,challenger,src-31c65dbec869
IN-PC-2008-maharashtra-367,maharashtra,2019,39,BEED,Vijay Rangnath Salve,parties.IN.IND,3457,0.26,8,forfeit,U,,Graduate,,challenger,src-31c65dbec869
IN-PC-2008-maharashtra-367,maharashtra,2019,39,BEED,Ashok Bhagoji Thorat,parties.IN.HBP,3351,0.25,9,forfeit,U,,8th Pass,,challenger,src-31c65dbec869
IN-PC-2008-maharashtra-367,maharashtra,2019,39,BEED,Ganesh Navnathrao Karande,parties.IN.MAHKRS,2761,0.2,10,forfeit,U,,Post Graduate,Lawyer,challenger,src-31c65dbec869
IN-PC-2008-maharashtra-367,maharashtra,2019,39,BEED,Kalyan Bhanudas Gurav,parties.IN.BPSJP,2086,0.15,12,forfeit,U,,12th Pass,Priest,crossover,src-31c65dbec869
IN-PC-2008-maharashtra-367,maharashtra,2019,39,BEED,Shaikh Yashid Shaikh Tayyab,parties.IN.IND,2052,0.15,13,forfeit,U,,Graduate Professional,,challenger,src-31c65dbec869
IN-PC-2008-maharashtra-367,maharashtra,2019,39,BEED,Shivaji Narayanrao Kavthekar,parties.IN.IND,1990,0.15,14,forfeit,U,,10th Pass,,challenger,src-31c65dbec869
IN-PC-2008-maharashtra-367,maharashtra,2019,39,BEED,Adv. Sharad Bahinaji Kamble,parties.IN.IND,1927,0.14,15,forfeit,U,,Post Graduate,,challenger,src-31c65dbec869
IN-PC-2008-maharashtra-367,maharashtra,2019,39,BEED,Veer Shesherao Chokhoba,parties.IN.IND,1715,0.13,16,forfeit,U,,Graduate,,challenger,src-31c65dbec869
IN-PC-2008-maharashtra-367,maharashtra,2019,39,BEED,Shinde Chandraparkash Ganpatrao,parties.IN.APOI,1582,0.12,17,forfeit,U,,10th Pass,,challenger,src-31c65dbec869
IN-PC-2008-maharashtra-367,maharashtra,2019,39,BEED,Kalidas Pandharinath Apet,parties.IN.IND,1550,0.11,18,forfeit,U,,12th Pass,,challenger,src-31c65dbec869
IN-PC-2008-maharashtra-367,maharashtra,2019,39,BEED,Jamir Bashir Shaikh,parties.IN.IND,1509,0.11,19,forfeit,U,,10th Pass,,challenger,src-31c65dbec869
IN-PC-2008-maharashtra-367,maharashtra,2019,39,BEED,Bajarang Digambar Sonawane,parties.IN.IND,1379,0.1,20,forfeit,U,,Literate,,challenger,src-31c65dbec869
IN-PC-2008-maharashtra-367,maharashtra,2019,39,BEED,Khan Majahar Habib,parties.IN.IND,1339,0.1,21,forfeit,U,,8th Pass,,challenger,src-31c65dbec869
IN-PC-2008-maharashtra-367,maharashtra,2019,39,BEED,Patil Yashashri Pramod,parties.IN.IND,1334,0.1,22,forfeit,U,,12th Pass,,challenger,src-31c65dbec869
IN-PC-2008-maharashtra-367,maharashtra,2019,39,BEED,Shaikh Sadek Shaikh Ibrahim,parties.IN.IND,1323,0.1,23,forfeit,U,,8th Pass,,challenger,src-31c65dbec869
IN-PC-2008-maharashtra-367,maharashtra,2019,39,BEED,Ramesh Ramkisan Gavhane,,1238,0.09,24,forfeit,U,,12th Pass,,challenger,src-31c65dbec869
IN-PC-2008-maharashtra-367,maharashtra,2019,39,BEED,Sayyad Mujammil Sayyad Jamil,parties.IN.SP,1225,0.09,25,forfeit,U,,12th Pass,,challenger,src-31c65dbec869
IN-PC-2008-maharashtra-367,maharashtra,2019,39,BEED,Galeb khan Jabbar khan Pathan,parties.IN.IND,1209,0.09,26,forfeit,U,,5th Pass,,challenger,src-31c65dbec869
IN-PC-2008-maharashtra-367,maharashtra,2019,39,BEED,Kolekar Ganesh Bhausaheb,parties.IN.IND,824,0.06,27,forfeit,U,,12th Pass,,challenger,src-31c65dbec869
IN-PC-2008-maharashtra-367,maharashtra,2019,39,BEED,Anwar Khan Mirza Khan,parties.IN.IND,788,0.06,28,forfeit,U,,Graduate,,challenger,src-31c65dbec869
IN-PC-2008-maharashtra-367,maharashtra,2019,39,BEED,Jubair Munshi Qureshi,parties.IN.IND,778,0.06,29,forfeit,U,,,,challenger,src-31c65dbec869
IN-PC-2008-maharashtra-367,maharashtra,2019,39,BEED,Sadek Muniroddin Shaikh,parties.IN.BARESP,677,0.05,30,forfeit,U,,Others,,challenger,src-31c65dbec869
IN-PC-2008-maharashtra-367,maharashtra,2019,39,BEED,Pathan Sarfaraj khan Mehtab khan,parties.IN.IND,633,0.05,31,forfeit,U,,10th Pass,,challenger,src-31c65dbec869
IN-PC-2008-maharashtra-367,maharashtra,2019,39,BEED,Pathan Musakhan Yunus khan,parties.IN.IND,585,0.04,32,forfeit,U,,Graduate,,challenger,src-31c65dbec869
IN-PC-2008-maharashtra-367,maharashtra,2019,39,BEED,Sajan Raees Choudhari,parties.IN.IND,477,0.04,33,forfeit,U,,5th Pass,,challenger,src-31c65dbec869
IN-PC-2008-maharashtra-367,maharashtra,2019,39,BEED,Pandit Damodhar Khande,parties.IN.IND,466,0.03,34,forfeit,U,,10th Pass,,challenger,src-31c65dbec869
IN-PC-2008-maharashtra-367,maharashtra,2019,39,BEED,Nisar Ahmed,parties.IN.IND,412,0.03,35,forfeit,U,,10th Pass,,challenger,src-31c65dbec869
IN-PC-2008-maharashtra-367,maharashtra,2019,39,BEED,Tukaram Vyankati Chate,parties.IN.IND,399,0.03,36,forfeit,U,,5th Pass,,challenger,src-31c65dbec869
IN-PC-2008-maharashtra-367,maharashtra,2019,39,BEED,Sayyad Minhaj,parties.IN.IND,386,0.03,37,forfeit,U,,12th Pass,,challenger,src-31c65dbec869
IN-PC-2008-maharashtra-394,maharashtra,2019,40,OSMANABAD,Omprakash Bhupalsinh Alias Pawan Rajenimbalkar,parties.IN.SHS,596640,49.52,1,won,U,,12th Pass,,challenger,src-31c65dbec869
IN-PC-2008-maharashtra-394,maharashtra,2019,40,OSMANABAD,Ranajagjitsinha Padmasinha Patil,parties.IN.NCP,469074,38.94,2,lost,U,,Graduate Professional,,challenger,src-31c65dbec869
IN-PC-2008-maharashtra-394,maharashtra,2019,40,OSMANABAD,Arjun (Dada) Salgar,parties.IN.VBA,98579,8.18,3,forfeit,U,,8th Pass,,challenger,src-31c65dbec869
IN-PC-2008-maharashtra-394,maharashtra,2019,40,OSMANABAD,Gore Netaji Nagnathrao,parties.IN.IND,6679,0.55,5,forfeit,U,,Others,,challenger,src-31c65dbec869
IN-PC-2008-maharashtra-394,maharashtra,2019,40,OSMANABAD,Dr. Shivaji Pandharinath Oman,parties.IN.BSP,5941,0.49,6,forfeit,U,,Graduate Professional,,challenger,src-31c65dbec869
IN-PC-2008-maharashtra-394,maharashtra,2019,40,OSMANABAD,Sayyad Sultan Ladkhan,parties.IN.IND,3454,0.29,7,forfeit,U,,10th Pass,,challenger,src-31c65dbec869
IN-PC-2008-maharashtra-394,maharashtra,2019,40,OSMANABAD,Jagannath Nivrutti Munde,parties.IN.IND,2592,0.22,8,forfeit,U,,Graduate,,challenger,src-31c65dbec869
IN-PC-2008-maharashtra-394,maharashtra,2019,40,OSMANABAD,Shankar Pandurang Gaikwad,parties.IN.IND,2069,0.17,9,forfeit,U,,Graduate,,challenger,src-31c65dbec869
IN-PC-2008-maharashtra-394,maharashtra,2019,40,OSMANABAD,Dr. Vasant Raghunath Munde,parties.IN.IND,1930,0.16,10,forfeit,U,,Graduate,Ex Civil Service,challenger,src-31c65dbec869
IN-PC-2008-maharashtra-394,maharashtra,2019,40,OSMANABAD,Annasaheb Ramchandra Rathod,,1901,0.16,11,forfeit,U,,12th Pass,,challenger,src-31c65dbec869
IN-PC-2008-maharashtra-394,maharashtra,2019,40,OSMANABAD,Tukaram Dasrao Gangawane,parties.IN.IND,1717,0.14,12,forfeit,U,,10th Pass,,challenger,src-31c65dbec869
IN-PC-2008-maharashtra-394,maharashtra,2019,40,OSMANABAD,Deepak Mahadav Tate,,1434,0.12,13,forfeit,U,,10th Pass,,challenger,src-31c65dbec869
IN-PC-2008-maharashtra-394,maharashtra,2019,40,OSMANABAD,Aryanraje Kisanrao Shinde,parties.IN.IND,1374,0.11,14,forfeit,U,,Graduate Professional,,challenger,src-31c65dbec869
IN-PC-2008-maharashtra-394,maharashtra,2019,40,OSMANABAD,Phulsure Vishwanath Sadashiv,parties.IN.KKJHS,1322,0.11,15,forfeit,U,,Graduate,,challenger,src-31c65dbec869
IN-PC-2008-maharashtra-381,maharashtra,2019,41,LATUR,Sudhakar Tukaram Shrangare,parties.IN.BJP,661495,56.22,1,won,U,,10th Pass,Contractor,challenger,src-31c65dbec869
IN-PC-2008-maharashtra-381,maharashtra,2019,41,LATUR,Kamant Machhindra Gunwantrao,parties.IN.INC,372384,31.65,2,lost,U,,Post Graduate,,challenger,src-31c65dbec869
IN-PC-2008-maharashtra-381,maharashtra,2019,41,LATUR,Ram Garkar,parties.IN.VBA,112255,9.54,3,forfeit,U,,Post Graduate,,challenger,src-31c65dbec869
IN-PC-2008-maharashtra-381,maharashtra,2019,41,LATUR,Dr.Siddharthkumar Digambarrao Suryawanshi,parties.IN.BSP,6549,0.56,5,forfeit,U,,Doctorate,,challenger,src-31c65dbec869
IN-PC-2008-maharashtra-381,maharashtra,2019,41,LATUR,Arun Ramrao Sontakke,parties.IN.BARESP,5208,0.44,6,forfeit,U,,12th Pass,,challenger,src-31c65dbec869
IN-PC-2008-maharashtra-381,maharashtra,2019,41,LATUR,Rupesh Shamrao Shanke,parties.IN.STBP,4356,0.37,7,forfeit,U,,12th Pass,,challenger,src-31c65dbec869
IN-PC-2008-maharashtra-381,maharashtra,2019,41,LATUR,Dattu Prabhakar Karanjikar,parties.IN.BMUP,2194,0.19,8,forfeit,U,,12th Pass,,challenger,src-31c65dbec869
IN-PC-2008-maharashtra-381,maharashtra,2019,41,LATUR,Ramesh Nivruti Kamble,parties.IN.IND,2116,0.18,9,forfeit,U,,,,challenger,src-31c65dbec869
IN-PC-2008-maharashtra-381,maharashtra,2019,41,LATUR,Papita Raosaheb Randive,parties.IN.IND,2095,0.18,10,forfeit,U,,12th Pass,,challenger,src-31c65dbec869
IN-PC-2008-maharashtra-381,maharashtra,2019,41,LATUR,Kamble Madhukar Sambhaji,parties.IN.IND,1326,0.11,11,forfeit,U,,Graduate,Ex Govt Employee,challenger,src-31c65dbec869
IN-PC-2008-maharashtra-406,maharashtra,2019,42,SOLAPUR,SHRI. SHA. BRA. DR. JAI SIDHESHWAR SHIVACHARY MAHASWAMIJI,parties.IN.BJP,524985,48.41,1,won,U,,Graduate,,challenger,src-31c65dbec869
IN-PC-2008-maharashtra-406,maharashtra,2019,42,SOLAPUR,SHINDE SUSHILKUMAR SAMBHAJIRAO,parties.IN.INC,366377,33.78,2,lost,U,,Graduate Professional,,challenger,src-31c65dbec869
IN-PC-2008-maharashtra-406,maharashtra,2019,42,SOLAPUR,AMBEDKAR PRAKASH YASHVANT,parties.IN.VBA,170007,15.68,3,forfeit,U,,Graduate Professional,Lawyer,crossover,src-31c65dbec869
IN-PC-2008-maharashtra-406,maharashtra,2019,42,SOLAPUR,PROF. DR. ARJUN GENA OHAL,parties.IN.BMUP,3880,0.36,5,forfeit,U,,Doctorate,"Principal or Administrator, College Professor or Lecturer",challenger,src-31c65dbec869
IN-PC-2008-maharashtra-406,maharashtra,2019,42,SOLAPUR,KRISHNA NAGNATH BHISE,parties.IN.BAHUMP,2053,0.19,6,forfeit,U,,12th Pass,,challenger,src-31c65dbec869
IN-PC-2008-maharashtra-406,maharashtra,2019,42,SOLAPUR,SHRIMANT MURALIDHAR MASKE,parties.IN.IND,2016,0.19,7,forfeit,U,,8th Pass,,challenger,src-31c65dbec869
IN-PC-2008-maharashtra-406,maharashtra,2019,42,SOLAPUR,SHRIVENKATESWAR MAHA SWAMIJI (KATAKDHOND. D. G.),parties.IN.HJP,1830,0.17,8,forfeit,U,,Graduate,,challenger,src-31c65dbec869
IN-PC-2008-maharashtra-406,maharashtra,2019,42,SOLAPUR,ADV. MANISHA MANOHAR KARANDE,parties.IN.IND,1550,0.14,9,forfeit,U,,,,challenger,src-31c65dbec869
IN-PC-2008-maharashtra-406,maharashtra,2019,42,SOLAPUR,ADV. VIKRAM UTTAM KASABE,parties.IN.IND,1474,0.14,10,forfeit,U,,,,challenger,src-31c65dbec869
IN-PC-2008-maharashtra-406,maharashtra,2019,42,SOLAPUR,MALHARI GULAB PATOLE,parties.IN.IND,1380,0.13,11,forfeit,U,,10th Pass,,challenger,src-31c65dbec869
IN-PC-2008-maharashtra-406,maharashtra,2019,42,SOLAPUR,UGHADE ASHOK BHAGAVANRAO,parties.IN.IND,986,0.09,12,forfeit,U,,,,challenger,src-31c65dbec869
IN-PC-2008-maharashtra-406,maharashtra,2019,42,SOLAPUR,KHANDARE SUDARSHAN RAICHAND,parties.IN.IND,960,0.09,13,forfeit,U,,12th Pass,,challenger,src-31c65dbec869
IN-PC-2008-maharashtra-406,maharashtra,2019,42,SOLAPUR,VISHNU SIDRAM GAIDHANKAR,parties.IN.BPSJP,825,0.08,14,forfeit,U,,Graduate,,challenger,src-31c65dbec869
IN-PC-2008-maharashtra-382,maharashtra,2019,43,MADHA,Ranjeetsinha Hindurao Naik- Nimbalkar,parties.IN.BJP,586314,48.2,1,won,U,,12th Pass,,challenger,src-31c65dbec869
IN-PC-2008-maharashtra-382,maharashtra,2019,43,MADHA,Sanjaymama Vitthalrao Shinde,parties.IN.NCP,500550,41.15,2,lost,U,,Graduate,,challenger,src-31c65dbec869
IN-PC-2008-maharashtra-382,maharashtra,2019,43,MADHA,Adv. Vijayrao More,parties.IN.VBA,51532,4.24,3,forfeit,U,,Graduate Professional,Lawyer,challenger,src-31c65dbec869
IN-PC-2008-maharashtra-382,maharashtra,2019,43,MADHA,Daulat Umaji Shitole,parties.IN.IND,12869,1.06,4,forfeit,U,,Literate,,challenger,src-31c65dbec869
IN-PC-2008-maharashtra-382,maharashtra,2019,43,MADHA,Aappa Aaba Lokare,parties.IN.BSP,6883,0.57,5,forfeit,U,,8th Pass,,challenger,src-31c65dbec869
IN-PC-2008-maharashtra-382,maharashtra,2019,43,MADHA,Keskar Maruti Shivram,,6607,0.54,6,forfeit,U,,Graduate Professional,,challenger,src-31c65dbec869
IN-PC-2008-maharashtra-382,maharashtra,2019,43,MADHA,Sandip Janaradhan Kharat,parties.IN.IND,5004,0.41,7,forfeit,U,,12th Pass,,challenger,src-31c65dbec869
IN-PC-2008-maharashtra-382,maharashtra,2019,43,MADHA,Shahajahan Paigambar Shaikh,parties.IN.BAHUMP,4814,0.4,8,forfeit,U,,10th Pass,,challenger,src-31c65dbec869
IN-PC-2008-maharashtra-382,maharashtra,2019,43,MADHA,Navnath Bhimrao Patil,parties.IN.HIPPA,3750,0.31,9,forfeit,U,,Graduate,Hospitality,challenger,src-31c65dbec869
IN-PC-2008-maharashtra-382,maharashtra,2019,43,MADHA,Annaso Sukhadev Maske,parties.IN.IND,3222,0.26,11,forfeit,U,,Others,Ex Govt Employee,challenger,src-31c65dbec869
IN-PC-2008-maharashtra-382,maharashtra,2019,43,MADHA,Ramdas Mane,parties.IN.IND,3016,0.25,12,forfeit,U,,10th Pass,,challenger,src-31c65dbec869
IN-PC-2008-maharashtra-382,maharashtra,2019,43,MADHA,Dattatrya Bhanudas Khatke Alias Bandunana Khatke,parties.IN.IND,2399,0.2,13,forfeit,U,,10th Pass,Taxi Driver,challenger,src-31c65dbec869
IN-PC-2008-maharashtra-382,maharashtra,2019,43,MADHA,Nandu Sambhaji More,parties.IN.IND,2214,0.18,14,forfeit,U,,12th Pass,,challenger,src-31c65dbec869
IN-PC-2008-maharashtra-382,maharashtra,2019,43,MADHA,Sunil Gunda Jadhav,parties.IN.BMUP,2024,0.17,15,forfeit,U,,8th Pass,,challenger,src-31c65dbec869
IN-PC-2008-maharashtra-382,maharashtra,2019,43,MADHA,Dilip Ramchandra Jadhav,parties.IN.IND,1935,0.16,16,forfeit,U,,10th Pass,,challenger,src-31c65dbec869
IN-PC-2008-maharashtra-382,maharashtra,2019,43,MADHA,Aware Siddheshwar Bharat,parties.IN.IND,1911,0.16,17,forfeit,U,,12th Pass,,challenger,src-31c65dbec869
IN-PC-2008-maharashtra-382,maharashtra,2019,43,MADHA,Ajinkya Aakaram Salunkhe,parties.IN.IND,1740,0.14,18,forfeit,U,,Post Graduate,Lawyer,challenger,src-31c65dbec869
IN-PC-2008-maharashtra-382,maharashtra,2019,43,MADHA,Sandip Vitthal Pol,parties.IN.IND,1524,0.13,19,forfeit,U,,12th Pass,,challenger,src-31c65dbec869
IN-PC-2008-maharashtra-382,maharashtra,2019,43,MADHA,Ajinath Laxman Kevate,parties.IN.IND,1512,0.12,20,forfeit,U,,Post Graduate,Trader,challenger,src-31c65dbec869
IN-PC-2008-maharashtra-382,maharashtra,2019,43,MADHA,Savita Ankush Aiwle,parties.IN.IND,1451,0.12,21,forfeit,U,,8th Pass,Household,challenger,src-31c65dbec869
IN-PC-2008-maharashtra-382,maharashtra,2019,43,MADHA,Santosh Balasaheb Bichukale,parties.IN.IND,1418,0.12,22,forfeit,U,,Post Graduate,,challenger,src-31c65dbec869
IN-PC-2008-maharashtra-382,maharashtra,2019,43,MADHA,Nanaso Ramhari Yadav,parties.IN.BPSJP,1386,0.11,23,forfeit,U,,10th Pass,,challenger,src-31c65dbec869
IN-PC-2008-maharashtra-382,maharashtra,2019,43,MADHA,Sachin Dnyaneshwar Padalkar,parties.IN.IND,1197,0.1,24,forfeit,U,,8th Pass,,challenger,src-31c65dbec869
IN-PC-2008-maharashtra-382,maharashtra,2019,43,MADHA,Vishvambhar Narayan Kashid,parties.IN.IND,1157,0.1,25,forfeit,U,,Graduate,Ex Govt Employee,challenger,src-31c65dbec869
IN-PC-2008-maharashtra-382,maharashtra,2019,43,MADHA,Rohit More,parties.IN.IND,1119,0.09,26,forfeit,U,,Graduate Professional,,challenger,src-31c65dbec869
IN-PC-2008-maharashtra-382,maharashtra,2019,43,MADHA,Er. Ramchandra Mayyappa Ghutukade,parties.IN.BARESP,1083,0.09,27,forfeit,U,,Graduate Professional,,challenger,src-31c65dbec869
IN-PC-2008-maharashtra-382,maharashtra,2019,43,MADHA,Bramhakumari Pramilaben,parties.IN.ABEP,1006,0.08,28,forfeit,U,,10th Pass,,challenger,src-31c65dbec869
IN-PC-2008-maharashtra-382,maharashtra,2019,43,MADHA,Mohan Vishnu Raut,parties.IN.IND,973,0.08,29,forfeit,U,,12th Pass,,challenger,src-31c65dbec869
IN-PC-2008-maharashtra-382,maharashtra,2019,43,MADHA,Adv. Sachin Bhaskar Jore,parties.IN.IND,752,0.06,30,forfeit,U,,Others,Lawyer,challenger,src-31c65dbec869
IN-PC-2008-maharashtra-382,maharashtra,2019,43,MADHA,Vijayraj Balasaheb Mane Deshmukh,parties.IN.IND,662,0.05,31,forfeit,U,,Others,,challenger,src-31c65dbec869
IN-PC-2008-maharashtra-382,maharashtra,2019,43,MADHA,Adv. Vijayanand Shankarrao Shinde,parties.IN.IND,629,0.05,32,forfeit,U,,Graduate Professional,Lawyer,challenger,src-31c65dbec869
IN-PC-2008-maharashtra-402,maharashtra,2019,44,SANGLI,Sanjaykaka Patil,parties.IN.BJP,508995,42.77,1,won,U,,10th Pass,,incumbent,src-31c65dbec869
IN-PC-2008-maharashtra-402,maharashtra,2019,44,SANGLI,Vishal Prakashbapu Patil,parties.IN.SWP,344643,28.96,2,lost,U,,Graduate,,challenger,src-31c65dbec869
IN-PC-2008-maharashtra-402,maharashtra,2019,44,SANGLI,Gopichand Kundlik Padalkar,parties.IN.VBA,300234,25.23,3,lost,U,,12th Pass,,challenger,src-31c65dbec869
IN-PC-2008-maharashtra-402,maharashtra,2019,44,SANGLI,Anand Shankar Nalage (Patil),parties.IN.BALP,7213,0.61,4,forfeit,U,,12th Pass,Agricultural Business,challenger,src-31c65dbec869
IN-PC-2008-maharashtra-402,maharashtra,2019,44,SANGLI,Shankar (dada) Mane,parties.IN.BSP,5476,0.46,6,forfeit,U,,10th Pass,Real Estate or Builder or Developer or Construction,challenger,src-31c65dbec869
IN-PC-2008-maharashtra-402,maharashtra,2019,44,SANGLI,Himmat Pandurang Koli,parties.IN.IND,3730,0.31,7,forfeit,U,,Others,Engineer,challenger,src-31c65dbec869
IN-PC-2008-maharashtra-402,maharashtra,2019,44,SANGLI,Dr. Rajendra Namdev Kavthekar,parties.IN.BMUP,3586,0.3,8,forfeit,U,,Graduate Professional,,challenger,src-31c65dbec869
IN-PC-2008-maharashtra-402,maharashtra,2019,44,SANGLI,Narayan Chandar Mulik,parties.IN.IND,2685,0.23,9,forfeit,U,,8th Pass,,challenger,src-31c65dbec869
IN-PC-2008-maharashtra-402,maharashtra,2019,44,SANGLI,Abhijit Wamanrao Awade Bichukle,parties.IN.IND,2342,0.2,10,forfeit,U,,Graduate,Author,challenger,src-31c65dbec869
IN-PC-2008-maharashtra-402,maharashtra,2019,44,SANGLI,Bhaktraj Raghunath Thigale,parties.IN.IND,1870,0.16,11,forfeit,U,,8th Pass,,challenger,src-31c65dbec869
IN-PC-2008-maharashtra-402,maharashtra,2019,44,SANGLI,Adhikrao Sampat Channe,parties.IN.IND,1323,0.11,12,forfeit,U,,Graduate,,challenger,src-31c65dbec869
IN-PC-2008-maharashtra-402,maharashtra,2019,44,SANGLI,Dattatray Pandit Patil,parties.IN.IND,1276,0.11,13,forfeit,U,,5th Pass,,challenger,src-31c65dbec869
IN-PC-2008-maharashtra-403,maharashtra,2019,45,SATARA,Shriniwas Dadasaheb Patil,parties.IN.NCP,641177,51.1,1,won,M,,,,challenger,src-31c65dbec869
IN-PC-2008-maharashtra-403,maharashtra,2019,45,SATARA,Shrimant Chh. Udyanraje Pratapsinhmaharaj Bhonsle,parties.IN.BJP,551674,43.97,2,lost,M,,,,challenger,src-31c65dbec869
IN-PC-2008-maharashtra-403,maharashtra,2019,45,SATARA,Adv. Shivajirao Jadhav Alias Kavivary Sushilkumar Bhosarekar,parties.IN.IND,26413,2.11,3,forfeit,M,,,,challenger,src-31c65dbec869
IN-PC-2008-maharashtra-403,maharashtra,2019,45,SATARA,Chandrkant Tatu Khandait,,17301,1.38,4,forfeit,M,,,,challenger,src-31c65dbec869
IN-PC-2008-maharashtra-403,maharashtra,2019,45,SATARA,NOTA,,10159,0.81,5,lost,U,,,,challenger,src-31c65dbec869
IN-PC-2008-maharashtra-403,maharashtra,2019,45,SATARA,Shivaji Narayan Bhosale,parties.IN.IND,4675,0.37,6,forfeit,M,,,,challenger,src-31c65dbec869
IN-PC-2008-maharashtra-403,maharashtra,2019,45,SATARA,Alankruta Abhijit Bichukale,parties.IN.IND,1658,0.13,7,forfeit,F,,,,challenger,src-31c65dbec869
IN-PC-2008-maharashtra-403,maharashtra,2019,45,SATARA,Venkateshwar Maha Swamiji (Katakadhond D.G.),parties.IN.HINDUSTAN_JANTA_PARTY,1580,0.13,8,forfeit,M,,,,challenger,src-31c65dbec869
IN-PC-2008-maharashtra-400,maharashtra,2019,46,RATNAGIRI - SINDHUDURG,Vinayak Raut,parties.IN.SHS,458022,50.83,1,won,U,,Post Graduate,,incumbent,src-31c65dbec869
IN-PC-2008-maharashtra-400,maharashtra,2019,46,RATNAGIRI - SINDHUDURG,Nilesh Narayan Rane,,279700,31.04,2,lost,U,,Doctorate,,crossover,src-31c65dbec869
IN-PC-2008-maharashtra-400,maharashtra,2019,46,RATNAGIRI - SINDHUDURG,Navinchandra Bhalchandra Bandivadekar,parties.IN.INC,63299,7.02,3,forfeit,U,,10th Pass,Distributors,challenger,src-31c65dbec869
IN-PC-2008-maharashtra-400,maharashtra,2019,46,RATNAGIRI - SINDHUDURG,Maruti Ramchandra Joshi,parties.IN.VBA,30882,3.43,4,forfeit,U,,8th Pass,,challenger,src-31c65dbec869
IN-PC-2008-maharashtra-400,maharashtra,2019,46,RATNAGIRI - SINDHUDURG,Nilesh Bhikaji Bhatade,parties.IN.IND,17668,1.96,5,forfeit,U,,Graduate,,challenger,src-31c65dbec869
IN-PC-2008-maharashtra-400,maharashtra,2019,46,RATNAGIRI - SINDHUDURG,Rajesh Dilipkumar Jadhav,parties.IN.BARESP,9565,1.06,7,forfeit,U,,Graduate,,challenger,src-31c65dbec869
IN-PC-2008-maharashtra-400,maharashtra,2019,46,RATNAGIRI - SINDHUDURG,Kishor Sidu Varak,parties.IN.BSP,6868,0.76,8,forfeit,U,,12th Pass,Journalist or Editor,challenger,src-31c65dbec869
IN-PC-2008-maharashtra-400,maharashtra,2019,46,RATNAGIRI - SINDHUDURG,Bhikuram Kashiram Palkar,parties.IN.BMUP,5904,0.66,9,forfeit,U,,Graduate,Private Company,challenger,src-31c65dbec869
IN-PC-2008-maharashtra-400,maharashtra,2019,46,RATNAGIRI - SINDHUDURG,Narayan Dasharath Gavas,parties.IN.IND,5633,0.63,10,forfeit,U,,Graduate Professional,,challenger,src-31c65dbec869
IN-PC-2008-maharashtra-400,maharashtra,2019,46,RATNAGIRI - SINDHUDURG,Vinayak Lavu Raut,parties.IN.IND,4393,0.49,11,forfeit,U,,8th Pass,,challenger,src-31c65dbec869
IN-PC-2008-maharashtra-400,maharashtra,2019,46,RATNAGIRI - SINDHUDURG,Amberkar Pandharinath Vidyadhar,parties.IN.IND,3257,0.36,12,forfeit,U,,8th Pass,,challenger,src-31c65dbec869
IN-PC-2008-maharashtra-400,maharashtra,2019,46,RATNAGIRI - SINDHUDURG,Adv. Sanjay Sharad Gangnaik,parties.IN.SMFB,2134,0.24,13,forfeit,U,,Graduate Professional,Lawyer,challenger,src-31c65dbec869
IN-PC-2008-maharashtra-380,maharashtra,2019,47,KOLHAPUR,Sanjay Sadashivrao Mandlik,parties.IN.SHS,749085,56.29,1,won,U,,Post Graduate,,challenger,src-31c65dbec869
IN-PC-2008-maharashtra-380,maharashtra,2019,47,KOLHAPUR,Dhananjay Mahadik,parties.IN.NCP,478517,35.96,2,lost,U,,Graduate,,incumbent,src-31c65dbec869
IN-PC-2008-maharashtra-380,maharashtra,2019,47,KOLHAPUR,Dr. Aruna Mohan Mali,parties.IN.VBA,63439,4.77,3,forfeit,U,,Doctorate,,challenger,src-31c65dbec869
IN-PC-2008-maharashtra-380,maharashtra,2019,47,KOLHAPUR,Sandeep Gundopant Sankpal,parties.IN.IND,5955,0.45,5,forfeit,U,,10th Pass,,challenger,src-31c65dbec869
IN-PC-2008-maharashtra-380,maharashtra,2019,47,KOLHAPUR,Dundappa Kundappa Shrikant Sir,parties.IN.BSP,5034,0.38,6,forfeit,U,,Post Graduate,Retired Teacher,challenger,src-31c65dbec869
IN-PC-2008-maharashtra-380,maharashtra,2019,47,KOLHAPUR,Mulla Mushtak Ajij,parties.IN.IND,3390,0.25,7,forfeit,U,,12th Pass,,challenger,src-31c65dbec869
IN-PC-2008-maharashtra-380,maharashtra,2019,47,KOLHAPUR,Rajendra Balaso Koli (Galatage),parties.IN.IND,2597,0.2,8,forfeit,U,,5th Pass,,challenger,src-31c65dbec869
IN-PC-2008-maharashtra-380,maharashtra,2019,47,KOLHAPUR,Sandeep Bhairavnath Kogale,parties.IN.IND,2224,0.17,9,forfeit,U,,Post Graduate,Engineer,challenger,src-31c65dbec869
IN-PC-2008-maharashtra-380,maharashtra,2019,47,KOLHAPUR,Mane Arvind Bhiva,parties.IN.IND,2122,0.16,10,forfeit,U,,12th Pass,,challenger,src-31c65dbec869
IN-PC-2008-maharashtra-380,maharashtra,2019,47,KOLHAPUR,Bajirao Sadashiv Naik,parties.IN.IND,2055,0.15,11,forfeit,U,,12th Pass,Real Estate or Builder or Developer or Construction,challenger,src-31c65dbec869
IN-PC-2008-maharashtra-380,maharashtra,2019,47,KOLHAPUR,Kisan Keraba Katkar,parties.IN.BALP,1902,0.14,12,forfeit,U,,10th Pass,Agricultural Business,challenger,src-31c65dbec869
IN-PC-2008-maharashtra-380,maharashtra,2019,47,KOLHAPUR,Yuvraj Bhimrao Desai,parties.IN.IND,1758,0.13,13,forfeit,U,,Post Graduate,Private Company,challenger,src-31c65dbec869
IN-PC-2008-maharashtra-380,maharashtra,2019,47,KOLHAPUR,Dayanand Maruti Kamble,parties.IN.BARESP,1570,0.12,14,forfeit,U,,12th Pass,,challenger,src-31c65dbec869
IN-PC-2008-maharashtra-380,maharashtra,2019,47,KOLHAPUR,Nagratna Siddharth,parties.IN.BMUP,1421,0.11,15,forfeit,U,,12th Pass,,challenger,src-31c65dbec869
IN-PC-2008-maharashtra-380,maharashtra,2019,47,KOLHAPUR,Paresh Dattatray Bhosale,parties.IN.IND,1092,0.08,16,forfeit,U,,12th Pass,Real Estate or Builder or Developer or Construction,challenger,src-31c65dbec869
IN-PC-2008-maharashtra-375,maharashtra,2019,48,HATKANANGLE,Dhairyasheel Sambhajirao Mane,parties.IN.SHS,585776,46.78,1,won,U,,Graduate,,challenger,src-31c65dbec869
IN-PC-2008-maharashtra-375,maharashtra,2019,48,HATKANANGLE,Raju Anna Shetti,parties.IN.SWP,489737,39.11,2,lost,U,,10th Pass,,incumbent,src-31c65dbec869
IN-PC-2008-maharashtra-375,maharashtra,2019,48,HATKANANGLE,Aslam Badshahaji Sayyad,parties.IN.VBA,123419,9.86,3,forfeit,U,,5th Pass,,challenger,src-31c65dbec869
IN-PC-2008-maharashtra-375,maharashtra,2019,48,HATKANANGLE,Sangramsinh Jaysingrao Gaikwad,parties.IN.IND,8695,0.69,4,forfeit,U,,Graduate,,challenger,src-31c65dbec869
IN-PC-2008-maharashtra-375,maharashtra,2019,48,HATKANANGLE,Raju Mujikrao Shetty,parties.IN.BAHUMP,8103,0.65,5,forfeit,U,,10th Pass,,challenger,src-31c65dbec869
IN-PC-2008-maharashtra-375,maharashtra,2019,48,HATKANANGLE,Vijay Bhagwan Chougule,parties.IN.IND,5974,0.48,7,forfeit,U,,10th Pass,Insurance Agent,challenger,src-31c65dbec869
IN-PC-2008-maharashtra-375,maharashtra,2019,48,HATKANANGLE,Ajay Prakash Kurane,parties.IN.BSP,4156,0.33,8,forfeit,U,,Graduate,Self-employed,challenger,src-31c65dbec869
IN-PC-2008-maharashtra-375,maharashtra,2019,48,HATKANANGLE,Mahadev Jagannath Jagadale,parties.IN.IND,3587,0.29,9,forfeit,U,,10th Pass,,challenger,src-31c65dbec869
IN-PC-2008-maharashtra-375,maharashtra,2019,48,HATKANANGLE,Anandrao Vasantrao Sarnaik (Fouji Bapu),parties.IN.IND,3316,0.26,10,forfeit,U,,8th Pass,Ex Military,challenger,src-31c65dbec869
IN-PC-2008-maharashtra-375,maharashtra,2019,48,HATKANANGLE,Patil Raghunath Ramchandra,parties.IN.IND,2820,0.23,11,forfeit,U,,Graduate Professional,,challenger,src-31c65dbec869
IN-PC-2008-maharashtra-375,maharashtra,2019,48,HATKANANGLE,Aitawade Vidyasagar Devappa,parties.IN.IND,1991,0.16,12,forfeit,U,,Literate,,challenger,src-31c65dbec869
IN-PC-2008-maharashtra-375,maharashtra,2019,48,HATKANANGLE,Prof. Dr. Prashant Gangawane,parties.IN.BARESP,1744,0.14,13,forfeit,U,,Doctorate,,challenger,src-31c65dbec869
IN-PC-2008-maharashtra-375,maharashtra,2019,48,HATKANANGLE,Kamble Vishwas Ananda,parties.IN.IND,1408,0.11,14,forfeit,U,,Graduate,,challenger,src-31c65dbec869
IN-PC-2008-maharashtra-375,maharashtra,2019,48,HATKANANGLE,Kishor Rajaram Panhalkar,parties.IN.IND,1184,0.09,15,forfeit,U,,Graduate,,challenger,src-31c65dbec869
IN-PC-2008-maharashtra-375,maharashtra,2019,48,HATKANANGLE,Madan Vajir Sardar,parties.IN.BMUP,1181,0.09,16,forfeit,U,,10th Pass,,challenger,src-31c65dbec869
IN-PC-2008-maharashtra-375,maharashtra,2019,48,HATKANANGLE,Dr. Nitin Udal Bhat,parties.IN.IND,1011,0.08,17,forfeit,U,,Graduate Professional,Doctor,challenger,src-31c65dbec869
IN-PC-2008-maharashtra-375,maharashtra,2019,48,HATKANANGLE,Sanjay Ghanshyam Agrawal,parties.IN.IND,1001,0.08,18,forfeit,U,,12th Pass,,challenger,src-31c65dbec869
IN-PC-2008-manipur-196,manipur,2019,1,INNER MANIPUR,DR RAJKUMAR RANJAN SINGH,parties.IN.BJP,263632,34.72,1,won,U,,Doctorate,Private Company,challenger,src-31c65dbec869
IN-PC-2008-manipur-196,manipur,2019,1,INNER MANIPUR,OINAM NABAKISHORE SINGH,parties.IN.INC,245877,32.38,2,lost,U,,Post Graduate,,challenger,src-31c65dbec869
IN-PC-2008-manipur-196,manipur,2019,1,INNER MANIPUR,MOIRANGTHEM NARA SINGH,parties.IN.CPI,133813,17.62,3,lost,U,,Graduate Professional,,challenger,src-31c65dbec869
IN-PC-2008-manipur-196,manipur,2019,1,INNER MANIPUR,RAJKUMAR SOMENDRO SINGH (KAIKU),parties.IN.IND,81634,10.75,4,forfeit,U,,,,challenger,src-31c65dbec869
IN-PC-2008-manipur-196,manipur,2019,1,INNER MANIPUR,R.K. ANAND,,25010,3.29,5,forfeit,U,,Graduate Professional,,challenger,src-31c65dbec869
IN-PC-2008-manipur-196,manipur,2019,1,INNER MANIPUR,OINAM JUGINDRO SINGH,,1783,0.23,7,forfeit,U,,12th Pass,,challenger,src-31c65dbec869
IN-PC-2008-manipur-196,manipur,2019,1,INNER MANIPUR,WAHENGBAM PABITRA SINGH,parties.IN.IND,1470,0.19,8,forfeit,U,,,,challenger,src-31c65dbec869
IN-PC-2008-manipur-196,manipur,2019,1,INNER MANIPUR,DR. G. TONSANA SHARMA,,1256,0.17,9,forfeit,U,,Doctorate,Ex Civil Service,challenger,src-31c65dbec869
IN-PC-2008-manipur-196,manipur,2019,1,INNER MANIPUR,M. TOTOMSHANA NONGSHABA,parties.IN.IND,973,0.13,10,forfeit,U,,,,challenger,src-31c65dbec869
IN-PC-2008-manipur-196,manipur,2019,1,INNER MANIPUR,SENJAM NANDESHWORE SINGH,,747,0.1,11,forfeit,U,,Graduate,Ex Govt Employee,challenger,src-31c65dbec869
IN-PC-2008-manipur-196,manipur,2019,1,INNER MANIPUR,MD. ILIYASH KHAN,parties.IN.IND,492,0.06,12,forfeit,U,,12th Pass,Municipality Member,challenger,src-31c65dbec869
IN-PC-2008-manipur-197,manipur,2019,2,OUTER MANIPUR,Lorho S. Pfoze,parties.IN.NPF,363527,42.37,1,won,U,,Graduate Professional,Self-employed,challenger,src-31c65dbec869
IN-PC-2008-manipur-197,manipur,2019,2,OUTER MANIPUR,Houlim Shokhopao Mate,parties.IN.BJP,289745,33.77,2,lost,U,,12th Pass,,challenger,src-31c65dbec869
IN-PC-2008-manipur-197,manipur,2019,2,OUTER MANIPUR,K. James,parties.IN.INC,152510,17.77,3,lost,U,,Graduate,Ex Civil Service,challenger,src-31c65dbec869
IN-PC-2008-manipur-197,manipur,2019,2,OUTER MANIPUR,Thangminlien Kipgen,,30726,3.58,4,forfeit,U,,12th Pass,,challenger,src-31c65dbec869
IN-PC-2008-manipur-197,manipur,2019,2,OUTER MANIPUR,Ashang Kasar,,12211,1.42,5,forfeit,U,,Post Graduate,,challenger,src-31c65dbec869
IN-PC-2008-manipur-197,manipur,2019,2,OUTER MANIPUR,Hangkhanpau Taithul,parties.IN.JDU,2987,0.35,6,forfeit,U,,Post Graduate,,challenger,src-31c65dbec869
IN-PC-2008-manipur-197,manipur,2019,2,OUTER MANIPUR,Angam Karung Kom,parties.IN.NCP,2552,0.3,8,forfeit,U,,Graduate,,challenger,src-31c65dbec869
IN-PC-2008-manipur-197,manipur,2019,2,OUTER MANIPUR,Leikhan Kaipu,parties.IN.IND,996,0.12,9,forfeit,U,,8th Pass,,challenger,src-31c65dbec869
IN-PC-2008-meghalaya-201,meghalaya,2019,1,SHILLONG,VINCENT H. PALA,parties.IN.INC,419689,53.52,1,won,U,,Graduate Professional,MP,incumbent,src-31c65dbec869
IN-PC-2008-meghalaya-201,meghalaya,2019,1,SHILLONG,JEMINO MAWTHOH,parties.IN.UDP,267256,34.08,2,lost,U,,Doctorate,College Professor or Lecturer,challenger,src-31c65dbec869
IN-PC-2008-meghalaya-201,meghalaya,2019,1,SHILLONG,SANBOR SHULLAI,parties.IN.BJP,76683,9.78,3,forfeit,U,,10th Pass,MLA,challenger,src-31c65dbec869
IN-PC-2008-meghalaya-201,meghalaya,2019,1,SHILLONG,T.H.S. BONNEY,parties.IN.IND,6580,0.84,4,forfeit,U,,Post Graduate,Ex Govt Employee,challenger,src-31c65dbec869
IN-PC-2008-meghalaya-201,meghalaya,2019,1,SHILLONG,ROMEO PHIRA RANI,parties.IN.IND,4961,0.63,5,forfeit,U,,12th Pass,,challenger,src-31c65dbec869
IN-PC-2008-meghalaya-201,meghalaya,2019,1,SHILLONG,SAMUEL HASHAH,parties.IN.IND,4601,0.59,6,forfeit,U,,12th Pass,Self-employed,challenger,src-31c65dbec869
IN-PC-2008-meghalaya-202,meghalaya,2019,2,TURA,AGATHA K. SANGMA,,304455,52.22,1,won,U,,Post Graduate,Ex MP,crossover,src-31c65dbec869
IN-PC-2008-meghalaya-202,meghalaya,2019,2,TURA,DR. MUKUL SANGMA,parties.IN.INC,240425,41.24,2,lost,U,,Graduate Professional,,challenger,src-31c65dbec869
IN-PC-2008-meghalaya-202,meghalaya,2019,2,TURA,RIKMAN GARREY MOMIN,parties.IN.BJP,31707,5.44,3,forfeit,U,,Others,,challenger,src-31c65dbec869
IN-PC-2008-mizoram-198,mizoram,2019,1,MIZORAM,C LALROSANGA,parties.IN.MNF,224286,44.89,1,won,U,,Graduate,,challenger,src-31c65dbec869
IN-PC-2008-mizoram-198,mizoram,2019,1,MIZORAM,LALNGHINGLOVA HMAR,parties.IN.IND,216146,43.26,2,lost,U,,Post Graduate,Industrialist,challenger,src-31c65dbec869
IN-PC-2008-mizoram-198,mizoram,2019,1,MIZORAM,NIRUPAM CHAKMA,parties.IN.BJP,28707,5.75,3,forfeit,U,,Graduate Professional,Party Worker,challenger,src-31c65dbec869
IN-PC-2008-mizoram-198,mizoram,2019,1,MIZORAM,TBC LALVENCHHUNGA,,13323,2.67,4,forfeit,U,,10th Pass,,challenger,src-31c65dbec869
IN-PC-2008-mizoram-198,mizoram,2019,1,MIZORAM,LAL HRIATRENGA CHHANGTE,parties.IN.IND,12675,2.54,5,forfeit,U,,Graduate Professional,Petrol Pumps,challenger,src-31c65dbec869
IN-PC-2008-mizoram-198,mizoram,2019,1,MIZORAM,LALTHLAMUANI,parties.IN.IND,1975,0.4,7,forfeit,U,,Illiterate,Self-employed,challenger,src-31c65dbec869
IN-PC-2008-nagaland-195,nagaland,2019,1,NAGALAND,Tokheho Yepthomi,parties.IN.NDPP,500510,49.73,1,won,U,,Graduate,Party Worker,incumbent,src-31c65dbec869
IN-PC-2008-nagaland-195,nagaland,2019,1,NAGALAND,K L Chishi,parties.IN.INC,484166,48.11,2,lost,U,,Graduate Professional,Party Worker,challenger,src-31c65dbec869
IN-PC-2008-nagaland-195,nagaland,2019,1,NAGALAND,Hayithung Tungoe,,14997,1.49,3,forfeit,U,,Post Graduate,,challenger,src-31c65dbec869
IN-PC-2008-nagaland-195,nagaland,2019,1,NAGALAND,Dr. M M Thromwa Konyak,parties.IN.IND,4620,0.46,4,forfeit,U,,Doctorate,Party Worker,challenger,src-31c65dbec869
IN-PC-2008-odisha-289,odisha,2019,1,BARGARH,Suresh Pujari,parties.IN.BJP,581245,46.58,1,won,U,,Post Graduate,Lawyer,challenger,src-31c65dbec869
IN-PC-2008-odisha-289,odisha,2019,1,BARGARH,Prasanna Acharya,parties.IN.BJD,517306,41.45,2,lost,U,,Graduate Professional,,challenger,src-31c65dbec869
IN-PC-2008-odisha-289,odisha,2019,1,BARGARH,Pradeep Kumar Debta,parties.IN.INC,109417,8.77,3,forfeit,U,,Graduate,,challenger,src-31c65dbec869
IN-PC-2008-odisha-289,odisha,2019,1,BARGARH,Kousika Suna,parties.IN.BSP,11056,0.89,5,forfeit,U,,Graduate,,challenger,src-31c65dbec869
IN-PC-2008-odisha-289,odisha,2019,1,BARGARH,Kulamani Urma,parties.IN.IND,8346,0.67,6,forfeit,U,,10th Pass,,challenger,src-31c65dbec869
IN-PC-2008-odisha-289,odisha,2019,1,BARGARH,M D Nizamuddin,parties.IN.IND,6375,0.51,7,forfeit,U,,8th Pass,,challenger,src-31c65dbec869
IN-PC-2008-odisha-274,odisha,2019,2,SUNDARGARH,Jual Oram,parties.IN.BJP,500056,45.45,1,won,U,,Others,,incumbent,src-31c65dbec869
IN-PC-2008-odisha-274,odisha,2019,2,SUNDARGARH,Sunita Biswal,parties.IN.BJD,276991,25.18,2,lost,U,,Graduate,Household,challenger,src-31c65dbec869
IN-PC-2008-odisha-274,odisha,2019,2,SUNDARGARH,George Tirkey,parties.IN.INC,268218,24.38,3,lost,U,,12th Pass,MLA,challenger,src-31c65dbec869
IN-PC-2008-odisha-274,odisha,2019,2,SUNDARGARH,Miss Juspin Lakra,parties.IN.IND,14790,1.34,4,forfeit,U,,10th Pass,,challenger,src-31c65dbec869
IN-PC-2008-odisha-274,odisha,2019,2,SUNDARGARH,Justin Lugun,,9524,0.87,6,forfeit,U,,10th Pass,Activist,challenger,src-31c65dbec869
IN-PC-2008-odisha-274,odisha,2019,2,SUNDARGARH,Basil Ekka,,6614,0.6,7,forfeit,U,,10th Pass,Ex Govt Employee,challenger,src-31c65dbec869
IN-PC-2008-odisha-274,odisha,2019,2,SUNDARGARH,Udit Chandra Amat,parties.IN.IND,6234,0.57,8,forfeit,U,,Others,,challenger,src-31c65dbec869
IN-PC-2008-odisha-274,odisha,2019,2,SUNDARGARH,Dayananda Bhitria,parties.IN.HND,4027,0.37,9,forfeit,U,,10th Pass,,challenger,src-31c65dbec869
IN-PC-2008-odisha-277,odisha,2019,3,SAMBALPUR,NITESH GANGA DEB,parties.IN.BJP,473770,42.13,1,won,U,,12th Pass,"MLA, Party Worker",challenger,src-31c65dbec869
IN-PC-2008-odisha-277,odisha,2019,3,SAMBALPUR,NALINI KANTA PRADHAN,parties.IN.BJD,464608,41.32,2,lost,U,,Post Graduate,Ex Govt Employee,challenger,src-31c65dbec869
IN-PC-2008-odisha-277,odisha,2019,3,SAMBALPUR,SARAT PATTANAYAK,parties.IN.INC,135969,12.09,3,forfeit,U,,Graduate Professional,Party Worker,challenger,src-31c65dbec869
IN-PC-2008-odisha-277,odisha,2019,3,SAMBALPUR,MD. MUSTUKIM,parties.IN.BSP,8177,0.73,5,forfeit,U,,Illiterate,,challenger,src-31c65dbec869
IN-PC-2008-odisha-277,odisha,2019,3,SAMBALPUR,BINAY OCEAN,parties.IN.APOI,6581,0.59,6,forfeit,U,,Post Graduate,,challenger,src-31c65dbec869
IN-PC-2008-odisha-277,odisha,2019,3,SAMBALPUR,KANHU CHARAN SANBAD,parties.IN.IND,5434,0.48,7,forfeit,U,,10th Pass,Ex Govt Employee,challenger,src-31c65dbec869
IN-PC-2008-odisha-277,odisha,2019,3,SAMBALPUR,SANTOSHINI KARNA,parties.IN.ANC,5197,0.46,8,forfeit,U,,10th Pass,,challenger,src-31c65dbec869
IN-PC-2008-odisha-277,odisha,2019,3,SAMBALPUR,Atma Ram Supkar,,3791,0.34,9,forfeit,U,,,,challenger,src-31c65dbec869
IN-PC-2008-odisha-277,odisha,2019,3,SAMBALPUR,NABAKISHORE PRADHAN,,2715,0.24,10,forfeit,U,,Graduate,Party Worker,challenger,src-31c65dbec869
IN-PC-2008-odisha-277,odisha,2019,3,SAMBALPUR,PRABHAT KUMAR DHARUA,parties.IN.GGP,2699,0.24,11,forfeit,U,,12th Pass,,challenger,src-31c65dbec869
IN-PC-2008-odisha-277,odisha,2019,3,SAMBALPUR,ASHUTOSH KUMAR HANUMAN,parties.IN.BHAPRAP,2058,0.18,12,forfeit,U,,Post Graduate,,challenger,src-31c65dbec869
IN-PC-2008-odisha-283,odisha,2019,4,KEONJHAR,Chandrani Murmu,parties.IN.BJD,526359,44.75,1,won,U,,Graduate Professional,,challenger,src-31c65dbec869
IN-PC-2008-odisha-283,odisha,2019,4,KEONJHAR,Ananta Nayak,parties.IN.BJP,460156,39.12,2,lost,U,,12th Pass,,challenger,src-31c65dbec869
IN-PC-2008-odisha-283,odisha,2019,4,KEONJHAR,Mohan Kumar Hembram,parties.IN.INC,128716,10.94,3,forfeit,U,,Post Graduate,,challenger,src-31c65dbec869
IN-PC-2008-odisha-283,odisha,2019,4,KEONJHAR,Dr. Sudarshan Lohar,,10914,0.93,5,forfeit,U,,Graduate Professional,,challenger,src-31c65dbec869
IN-PC-2008-odisha-283,odisha,2019,4,KEONJHAR,Lalmohan Hansda,parties.IN.ABHM,10038,0.85,6,forfeit,U,,10th Pass,Ex Govt Employee,challenger,src-31c65dbec869
IN-PC-2008-odisha-283,odisha,2019,4,KEONJHAR,Durga Chandra Pingua,parties.IN.BSP,9308,0.79,7,forfeit,U,,10th Pass,,challenger,src-31c65dbec869
IN-PC-2008-odisha-283,odisha,2019,4,KEONJHAR,Prafulla Nayak,parties.IN.AIFB,5866,0.5,8,forfeit,U,,Graduate,,challenger,src-31c65dbec869
IN-PC-2008-odisha-283,odisha,2019,4,KEONJHAR,Ramesh Laguri,parties.IN.BMUP,5728,0.49,9,forfeit,U,,Post Graduate,Lawyer,challenger,src-31c65dbec869
IN-PC-2008-odisha-286,odisha,2019,5,MAYURBHANJ,BISHWESWAR TUDU,parties.IN.BJP,483812,42.06,1,won,U,,10th Pass,,challenger,src-31c65dbec869
IN-PC-2008-odisha-286,odisha,2019,5,MAYURBHANJ,DR DEBASHIS MARNDI,parties.IN.BJD,458556,39.86,2,lost,U,,Graduate Professional,Doctor,crossover,src-31c65dbec869
IN-PC-2008-odisha-286,odisha,2019,5,MAYURBHANJ,ANJANI SOREN,parties.IN.JMM,135552,11.78,3,forfeit,U,,12th Pass,,challenger,src-31c65dbec869
IN-PC-2008-odisha-286,odisha,2019,5,MAYURBHANJ,PARBATI PURTY,parties.IN.IND,13937,1.21,5,forfeit,U,,Post Graduate,Household,challenger,src-31c65dbec869
IN-PC-2008-odisha-286,odisha,2019,5,MAYURBHANJ,RABINDRA NATH SINGH,parties.IN.IND,10699,0.93,6,forfeit,U,,Post Graduate,Ex Govt Employee,challenger,src-31c65dbec869
IN-PC-2008-odisha-286,odisha,2019,5,MAYURBHANJ,RAMCHANDRA SINGH,parties.IN.BSP,10240,0.89,7,forfeit,U,,Graduate,,challenger,src-31c65dbec869
IN-PC-2008-odisha-286,odisha,2019,5,MAYURBHANJ,BHARAT CHANDRA SINGH,parties.IN.BMUP,9315,0.81,8,forfeit,U,,10th Pass,Ex Govt Employee,challenger,src-31c65dbec869
IN-PC-2008-odisha-286,odisha,2019,5,MAYURBHANJ,NANDA KISHORE KISKU,parties.IN.IND,6889,0.6,9,forfeit,U,,Post Graduate,Lawyer,challenger,src-31c65dbec869
IN-PC-2008-odisha-280,odisha,2019,6,BALASORE,PRATAP CHANDRA SARANGI,parties.IN.BJP,483858,41.79,1,won,U,,Graduate,,challenger,src-31c65dbec869
IN-PC-2008-odisha-280,odisha,2019,6,BALASORE,RABINDRA KUMAR JENA,parties.IN.BJD,470902,40.67,2,lost,U,,Others,Qualified Professional,incumbent,src-31c65dbec869
IN-PC-2008-odisha-280,odisha,2019,6,BALASORE,NAVAJYOTI PATNAIK,parties.IN.INC,179403,15.49,3,forfeit,U,,Graduate Professional,Private Company,challenger,src-31c65dbec869
IN-PC-2008-odisha-280,odisha,2019,6,BALASORE,HAJI SK ABDUL ISTAR,parties.IN.AITC,3900,0.34,5,forfeit,U,,Graduate Professional,Lawyer,challenger,src-31c65dbec869
IN-PC-2008-odisha-280,odisha,2019,6,BALASORE,SAROJ KUMAR PANDA,parties.IN.IND,2582,0.22,6,forfeit,U,,Graduate,,challenger,src-31c65dbec869
IN-PC-2008-odisha-280,odisha,2019,6,BALASORE,RAMANATH BARIK,parties.IN.IND,2454,0.21,7,forfeit,U,,12th Pass,Retired Teacher,challenger,src-31c65dbec869
IN-PC-2008-odisha-280,odisha,2019,6,BALASORE,JADUNATH SETHI,parties.IN.IND,1676,0.14,8,forfeit,U,,Graduate,Self-employed,challenger,src-31c65dbec869
IN-PC-2008-odisha-280,odisha,2019,6,BALASORE,BASANTALATA PATTANAYAK,parties.IN.IND,1422,0.12,9,forfeit,U,,Post Graduate,Lawyer,challenger,src-31c65dbec869
IN-PC-2008-odisha-280,odisha,2019,6,BALASORE,MOHAMMED ALLI,parties.IN.ANC,1356,0.12,10,forfeit,U,,Graduate,,challenger,src-31c65dbec869
IN-PC-2008-odisha-280,odisha,2019,6,BALASORE,RAMAKANTA PANDA,,1241,0.11,11,forfeit,U,,Post Graduate,Lawyer,challenger,src-31c65dbec869
IN-PC-2008-odisha-280,odisha,2019,6,BALASORE,SUBHASH,,825,0.07,12,forfeit,U,,Graduate,,challenger,src-31c65dbec869
IN-PC-2008-odisha-280,odisha,2019,6,BALASORE,JAGANNATH DAS,parties.IN.IND,816,0.07,13,forfeit,U,,Graduate,,challenger,src-31c65dbec869
IN-PC-2008-odisha-282,odisha,2019,7,BHADRAK,MANJULATA MANDAL,parties.IN.BJD,513045,41.88,1,won,U,,Graduate,,challenger,src-31c65dbec869
IN-PC-2008-odisha-282,odisha,2019,7,BHADRAK,AVIMANYU SETHI,parties.IN.BJP,484254,39.53,2,lost,U,,Post Graduate,"Distributors, Private Company",challenger,src-31c65dbec869
IN-PC-2008-odisha-282,odisha,2019,7,BHADRAK,MADHUMITA SETHI,parties.IN.INC,207710,16.95,3,lost,U,,Post Graduate,,challenger,src-31c65dbec869
IN-PC-2008-odisha-282,odisha,2019,7,BHADRAK,MURALIDHAR JENA,parties.IN.BSP,4712,0.38,5,forfeit,U,,Graduate,Ex MP,crossover,src-31c65dbec869
IN-PC-2008-odisha-282,odisha,2019,7,BHADRAK,TILOTTAMA JENA,parties.IN.AITC,3332,0.27,6,forfeit,U,,10th Pass,,challenger,src-31c65dbec869
IN-PC-2008-odisha-282,odisha,2019,7,BHADRAK,PITAMBAR SETHI,parties.IN.IND,2580,0.21,7,forfeit,U,,,,challenger,src-31c65dbec869
IN-PC-2008-odisha-282,odisha,2019,7,BHADRAK,LAXMIPRIYA JENA,,1558,0.13,8,forfeit,U,,Post Graduate,,challenger,src-31c65dbec869
IN-PC-2008-odisha-282,odisha,2019,7,BHADRAK,KIRTAN BIHARI MALIK,,1430,0.12,9,forfeit,U,,10th Pass,Ex Govt Employee,challenger,src-31c65dbec869
IN-PC-2008-odisha-291,odisha,2019,8,JAJPUR,SARMISTHA SETHI,parties.IN.BJD,544020,49.81,1,won,U,,Post Graduate,Ex Civil Service,challenger,src-31c65dbec869
IN-PC-2008-odisha-291,odisha,2019,8,JAJPUR,AMIYA KANTA MALLICK,parties.IN.BJP,442327,40.5,2,lost,U,,10th Pass,,challenger,src-31c65dbec869
IN-PC-2008-odisha-291,odisha,2019,8,JAJPUR,MANAS JENA,parties.IN.INC,83321,7.63,3,forfeit,U,,Post Graduate,,challenger,src-31c65dbec869
IN-PC-2008-odisha-291,odisha,2019,8,JAJPUR,SUBASA CHANDRA MALIK,,4950,0.45,5,forfeit,U,,Post Graduate,,challenger,src-31c65dbec869
IN-PC-2008-odisha-291,odisha,2019,8,JAJPUR,TILOTTAMA SETHY,parties.IN.PBI,4470,0.41,6,forfeit,U,,10th Pass,Household,challenger,src-31c65dbec869
IN-PC-2008-odisha-291,odisha,2019,8,JAJPUR,RANJIT MALIK,parties.IN.BMUP,2049,0.19,7,forfeit,U,,Graduate,,challenger,src-31c65dbec869
IN-PC-2008-odisha-291,odisha,2019,8,JAJPUR,SUNAKAR BEHERA,,1985,0.18,8,forfeit,U,,Post Graduate,Lawyer,challenger,src-31c65dbec869
IN-PC-2008-odisha-291,odisha,2019,8,JAJPUR,BHIMA SEN BEHERA,,1801,0.16,9,forfeit,U,,Graduate Professional,,challenger,src-31c65dbec869
IN-PC-2008-odisha-278,odisha,2019,9,DHENKANAL,MAHESH SAHOO,parties.IN.BJD,522884,46.21,1,won,U,,12th Pass,Journalist or Editor,challenger,src-31c65dbec869
IN-PC-2008-odisha-278,odisha,2019,9,DHENKANAL,RUDRA NARAYAN PANY,parties.IN.BJP,487472,43.08,2,lost,U,,Graduate,,challenger,src-31c65dbec869
IN-PC-2008-odisha-278,odisha,2019,9,DHENKANAL,RAJA KAMAKHYA PRASAD SINGH DEO,parties.IN.INC,80349,7.1,3,forfeit,U,,12th Pass,Real Estate or Builder or Developer or Construction,challenger,src-31c65dbec869
IN-PC-2008-odisha-278,odisha,2019,9,DHENKANAL,PRADYUMNA KUMAR NAIK,parties.IN.BSP,7789,0.69,5,forfeit,U,,Graduate Professional,Lawyer,crossover,src-31c65dbec869
IN-PC-2008-odisha-278,odisha,2019,9,DHENKANAL,PRIYABRATA GARNAIK,parties.IN.HND,6946,0.61,6,forfeit,U,,Post Graduate,Real Estate or Builder or Developer or Construction,crossover,src-31c65dbec869
IN-PC-2008-odisha-278,odisha,2019,9,DHENKANAL,BIJAYA KUMAR BEHERA,parties.IN.APOI,4742,0.42,7,forfeit,U,,Graduate,,challenger,src-31c65dbec869
IN-PC-2008-odisha-278,odisha,2019,9,DHENKANAL,SAROJ KUMAR SATPATHY,,3877,0.34,8,forfeit,U,,Graduate,Party Worker,challenger,src-31c65dbec869
IN-PC-2008-odisha-278,odisha,2019,9,DHENKANAL,MANASI SWAIN,,3295,0.29,9,forfeit,U,,Post Graduate,Party Worker,challenger,src-31c65dbec869
IN-PC-2008-odisha-278,odisha,2019,9,DHENKANAL,RANJAN KUMAR SAHOO,parties.IN.BMFP,2914,0.26,10,forfeit,U,,,,challenger,src-31c65dbec869
IN-PC-2008-odisha-273,odisha,2019,10,BOLANGIR,Sangeeta Kumari Singh Deo,parties.IN.BJP,498086,38.12,1,won,U,,Graduate,,challenger,src-31c65dbec869
IN-PC-2008-odisha-273,odisha,2019,10,BOLANGIR,Kalikesh Narayan Singh Deo,parties.IN.BJD,478570,36.62,2,lost,U,,Graduate,Qualified Professional,incumbent,src-31c65dbec869
IN-PC-2008-odisha-273,odisha,2019,10,BOLANGIR,Samarendra Mishra,parties.IN.INC,271056,20.74,3,lost,U,,Post Graduate,,challenger,src-31c65dbec869
IN-PC-2008-odisha-273,odisha,2019,10,BOLANGIR,DINESH NAG,parties.IN.APOI,13919,1.07,5,forfeit,U,,Graduate Professional,Advocacy,challenger,src-31c65dbec869
IN-PC-2008-odisha-273,odisha,2019,10,BOLANGIR,Rana Nag,parties.IN.BSP,12229,0.94,6,forfeit,U,,Graduate,,challenger,src-31c65dbec869
IN-PC-2008-odisha-273,odisha,2019,10,BOLANGIR,Dr. Bipin Kusulia,parties.IN.IND,6075,0.46,7,forfeit,U,,Doctorate,School Teacher,challenger,src-31c65dbec869
IN-PC-2008-odisha-273,odisha,2019,10,BOLANGIR,Hrudananda Karuan,,5508,0.42,8,forfeit,U,,Graduate,,challenger,src-31c65dbec869
IN-PC-2008-odisha-273,odisha,2019,10,BOLANGIR,Suresh Kumar Putel,parties.IN.BMUP,5261,0.4,9,forfeit,U,,Graduate,,challenger,src-31c65dbec869
IN-PC-2008-odisha-276,odisha,2019,11,KALAHANDI,BASANTA KUMAR PANDA,parties.IN.BJP,433074,35.26,1,won,U,,12th Pass,MLA,challenger,src-31c65dbec869
IN-PC-2008-odisha-276,odisha,2019,11,KALAHANDI,PUSPENDRA SINGH DEO,parties.IN.BJD,406260,33.08,2,lost,U,,10th Pass,MLA,challenger,src-31c65dbec869
IN-PC-2008-odisha-276,odisha,2019,11,KALAHANDI,BHAKTA CHARAN DAS,parties.IN.INC,319202,25.99,3,lost,U,,Graduate Professional,Lawyer,challenger,src-31c65dbec869
IN-PC-2008-odisha-276,odisha,2019,11,KALAHANDI,KAMALINI YADAV,parties.IN.BMUP,15864,1.29,5,forfeit,U,,10th Pass,,challenger,src-31c65dbec869
IN-PC-2008-odisha-276,odisha,2019,11,KALAHANDI,CHHABILAL NIAL,parties.IN.APOI,12409,1.01,6,forfeit,U,,Graduate Professional,Advocacy,challenger,src-31c65dbec869
IN-PC-2008-odisha-276,odisha,2019,11,KALAHANDI,PREMANANDA BAG,parties.IN.BSP,10448,0.85,7,forfeit,U,,Graduate,Ex Govt Employee,challenger,src-31c65dbec869
IN-PC-2008-odisha-276,odisha,2019,11,KALAHANDI,HATIRAM DURGA,parties.IN.IND,9836,0.8,8,forfeit,U,,12th Pass,Ex Civil Service,challenger,src-31c65dbec869
IN-PC-2008-odisha-288,odisha,2019,12,NABARANGPUR,RAMESH CHANDRA MAJHI,parties.IN.BJD,392504,33.85,1,won,U,,Graduate,,challenger,src-31c65dbec869
IN-PC-2008-odisha-288,odisha,2019,12,NABARANGPUR,PRADEEP KUMAR MAJHI,parties.IN.INC,350870,30.26,2,lost,U,,Graduate,,challenger,src-31c65dbec869
IN-PC-2008-odisha-288,odisha,2019,12,NABARANGPUR,BALABHADRA MAJHI,parties.IN.BJP,342839,29.56,3,lost,U,,Graduate,,incumbent,src-31c65dbec869
IN-PC-2008-odisha-288,odisha,2019,12,NABARANGPUR,CHANDRADHWAJ MAJHI,parties.IN.BSP,28905,2.49,5,forfeit,U,,Graduate,,challenger,src-31c65dbec869
IN-PC-2008-odisha-290,odisha,2019,13,KANDHAMAL,ACHYUTANANDA SAMANTA,parties.IN.BJD,461679,49.01,1,won,U,,Doctorate,MP,challenger,src-31c65dbec869
IN-PC-2008-odisha-290,odisha,2019,13,KANDHAMAL,Mahameghabahan Aira Kharabela Swain,parties.IN.BJP,312463,33.17,2,lost,U,,Post Graduate,,crossover,src-31c65dbec869
IN-PC-2008-odisha-290,odisha,2019,13,KANDHAMAL,Manoj Kumar Acharya,parties.IN.INC,138993,14.76,3,forfeit,U,,Graduate,,challenger,src-31c65dbec869
IN-PC-2008-odisha-290,odisha,2019,13,KANDHAMAL,TUNA MALLICK,,8283,0.88,5,forfeit,U,,12th Pass,Party Worker,challenger,src-31c65dbec869
IN-PC-2008-odisha-290,odisha,2019,13,KANDHAMAL,Amir Nayak,parties.IN.BSP,7314,0.78,6,forfeit,U,,Post Graduate,,challenger,src-31c65dbec869
IN-PC-2008-odisha-284,odisha,2019,14,CUTTACK,BHARTRUHARI MAHTAB,parties.IN.BJD,524592,49.51,1,won,U,,Post Graduate,Author,incumbent,src-31c65dbec869
IN-PC-2008-odisha-284,odisha,2019,14,CUTTACK,PRAKASH MISHRA,parties.IN.BJP,403391,38.07,2,lost,U,,Post Graduate,Ex Govt Employee,challenger,src-31c65dbec869
IN-PC-2008-odisha-284,odisha,2019,14,CUTTACK,PANCHANAN KANUNGO,parties.IN.INC,99847,9.42,3,forfeit,U,,Post Graduate,Journalist or Editor,challenger,src-31c65dbec869
IN-PC-2008-odisha-284,odisha,2019,14,CUTTACK,SANJAYA KUMAR SAHOO,parties.IN.IND,5899,0.56,5,forfeit,U,,Graduate,Activist,challenger,src-31c65dbec869
IN-PC-2008-odisha-284,odisha,2019,14,CUTTACK,PRAMOD KUMAR MALLICK,parties.IN.BSP,4408,0.42,6,forfeit,U,,Graduate,,challenger,src-31c65dbec869
IN-PC-2008-odisha-284,odisha,2019,14,CUTTACK,AKSHAYA KUMAR KAR,,3823,0.36,7,forfeit,U,,Graduate,Private Company,challenger,src-31c65dbec869
IN-PC-2008-odisha-284,odisha,2019,14,CUTTACK,BRUNDABAN DAS AZAD,parties.IN.IND,3414,0.32,8,forfeit,U,,,,challenger,src-31c65dbec869
IN-PC-2008-odisha-284,odisha,2019,14,CUTTACK,RAJAKISHORE MALLIK,,2756,0.26,9,forfeit,U,,Post Graduate,Activist,challenger,src-31c65dbec869
IN-PC-2008-odisha-284,odisha,2019,14,CUTTACK,SOMIYA RANJAN DAS,parties.IN.BHAPRAP,1409,0.13,10,forfeit,U,,Graduate,,challenger,src-31c65dbec869
IN-PC-2008-odisha-284,odisha,2019,14,CUTTACK,BISWAJIT GOSWAMI,,1358,0.13,11,forfeit,U,,Graduate,Self-employed,challenger,src-31c65dbec869
IN-PC-2008-odisha-284,odisha,2019,14,CUTTACK,ASHOK PRADHAN,parties.IN.IND,1357,0.13,12,forfeit,U,,5th Pass,,challenger,src-31c65dbec869
IN-PC-2008-odisha-285,odisha,2019,15,KENDRAPARA,Anubhav Mohanty,parties.IN.BJD,630179,50.89,1,won,U,,Graduate,,challenger,src-31c65dbec869
IN-PC-2008-odisha-285,odisha,2019,15,KENDRAPARA,BAIJAYANT PANDA,parties.IN.BJP,476598,38.49,2,lost,U,,Graduate Professional,,incumbent,src-31c65dbec869
IN-PC-2008-odisha-285,odisha,2019,15,KENDRAPARA,DHARANIDHAR NAYAK,parties.IN.INC,114089,9.21,3,forfeit,U,,Post Graduate,Lawyer,challenger,src-31c65dbec869
IN-PC-2008-odisha-285,odisha,2019,15,KENDRAPARA,Rabindra Nath Behera,parties.IN.SP,5148,0.42,5,forfeit,U,,Post Graduate,,challenger,src-31c65dbec869
IN-PC-2008-odisha-285,odisha,2019,15,KENDRAPARA,SANTOSH KUMAR PATRA,parties.IN.IND,2282,0.18,6,forfeit,U,,12th Pass,,challenger,src-31c65dbec869
IN-PC-2008-odisha-285,odisha,2019,15,KENDRAPARA,Srikanta Samal,,1871,0.15,7,forfeit,U,,Graduate Professional,Lawyer,challenger,src-31c65dbec869
IN-PC-2008-odisha-285,odisha,2019,15,KENDRAPARA,Santosh Kumar Das,parties.IN.IND,1458,0.12,8,forfeit,U,,10th Pass,,challenger,src-31c65dbec869
IN-PC-2008-odisha-279,odisha,2019,16,JAGATSINGHPUR,RAJASHREE MALLICK,parties.IN.BJD,619985,50.44,1,won,U,,Graduate Professional,Doctor,challenger,src-31c65dbec869
IN-PC-2008-odisha-279,odisha,2019,16,JAGATSINGHPUR,BIBHU PRASAD TARAI,parties.IN.BJP,348330,28.34,2,lost,U,,Post Graduate,,crossover,src-31c65dbec869
IN-PC-2008-odisha-279,odisha,2019,16,JAGATSINGHPUR,PRATIMA MALLICK,parties.IN.INC,239684,19.5,3,lost,U,,Post Graduate,,challenger,src-31c65dbec869
IN-PC-2008-odisha-279,odisha,2019,16,JAGATSINGHPUR,BIBHUTI BHUSAN MAJHI,parties.IN.BSP,5244,0.43,5,forfeit,U,,Post Graduate,,challenger,src-31c65dbec869
IN-PC-2008-odisha-279,odisha,2019,16,JAGATSINGHPUR,ANIL KUMAR BEHERA,,3586,0.29,6,forfeit,U,,12th Pass,,challenger,src-31c65dbec869
IN-PC-2008-odisha-279,odisha,2019,16,JAGATSINGHPUR,SASMITA DAS,parties.IN.IND,1813,0.15,7,forfeit,U,,Post Graduate,,challenger,src-31c65dbec869
IN-PC-2008-odisha-279,odisha,2019,16,JAGATSINGHPUR,PEEYUUSH DAS,parties.IN.APOI,1751,0.14,8,forfeit,U,,Graduate,,challenger,src-31c65dbec869
IN-PC-2008-odisha-279,odisha,2019,16,JAGATSINGHPUR,DIPAK KUMAR DAS,parties.IN.ABHM,1503,0.12,9,forfeit,U,,Graduate,,challenger,src-31c65dbec869
IN-PC-2008-odisha-279,odisha,2019,16,JAGATSINGHPUR,JAGANNATH MEGH,,1237,0.1,10,forfeit,U,,Graduate,,challenger,src-31c65dbec869
IN-PC-2008-odisha-292,odisha,2019,17,PURI,PINAKI MISRA,parties.IN.BJD,538321,47.4,1,won,U,,Graduate Professional,Lawyer,incumbent,src-31c65dbec869
IN-PC-2008-odisha-292,odisha,2019,17,PURI,Dr Sambit Patra,parties.IN.BJP,526607,46.37,2,lost,U,,Post Graduate,Doctor,challenger,src-31c65dbec869
IN-PC-2008-odisha-292,odisha,2019,17,PURI,SATYA PRAKASH NAYAK,parties.IN.INC,44734,3.94,3,forfeit,U,,Post Graduate,Journalist or Editor,challenger,src-31c65dbec869
IN-PC-2008-odisha-292,odisha,2019,17,PURI,NRUSINGHA CHARAN DAS,parties.IN.BSP,6283,0.55,5,forfeit,U,,Graduate,Doctor,challenger,src-31c65dbec869
IN-PC-2008-odisha-292,odisha,2019,17,PURI,JAYAPRAKASH SETHI,parties.IN.ABHM,5008,0.44,6,forfeit,U,,10th Pass,,challenger,src-31c65dbec869
IN-PC-2008-odisha-292,odisha,2019,17,PURI,Mandakini Sethi,,2651,0.23,7,forfeit,U,,12th Pass,Household,challenger,src-31c65dbec869
IN-PC-2008-odisha-292,odisha,2019,17,PURI,Sabyasachi Mohapatra,,2487,0.22,8,forfeit,U,,Graduate Professional,Lawyer,challenger,src-31c65dbec869
IN-PC-2008-odisha-292,odisha,2019,17,PURI,RANJAN MISHRA,,2312,0.2,9,forfeit,U,,10th Pass,Party Worker,challenger,src-31c65dbec869
IN-PC-2008-odisha-275,odisha,2019,18,BHUBANESWAR,APARAJITA SARANGI,parties.IN.BJP,486991,48.45,1,won,U,,Graduate,Ex Govt Employee,challenger,src-31c65dbec869
IN-PC-2008-odisha-275,odisha,2019,18,BHUBANESWAR,Arup Mohan Patnaik,parties.IN.BJD,463152,46.07,2,lost,U,,Graduate Professional,"Real Estate or Builder or Developer or Construction, Private Company",challenger,src-31c65dbec869
IN-PC-2008-odisha-275,odisha,2019,18,BHUBANESWAR,JANARDAN PATI,,23026,2.29,3,forfeit,U,,Graduate Professional,Real Estate or Builder or Developer or Construction,challenger,src-31c65dbec869
IN-PC-2008-odisha-275,odisha,2019,18,BHUBANESWAR,SANJAYA KUMAR SAHOO,parties.IN.IND,5873,0.58,5,forfeit,U,,Graduate,Activist,challenger,src-31c65dbec869
IN-PC-2008-odisha-275,odisha,2019,18,BHUBANESWAR,BISWANATH ROUT,,2816,0.28,6,forfeit,U,,Post Graduate,Ex Govt Employee,challenger,src-31c65dbec869
IN-PC-2008-odisha-275,odisha,2019,18,BHUBANESWAR,LALITA KUMAR NAYAK,parties.IN.BSP,2780,0.28,7,forfeit,U,,Graduate Professional,Advocacy,challenger,src-31c65dbec869
IN-PC-2008-odisha-275,odisha,2019,18,BHUBANESWAR,Susil Kumar Jena,parties.IN.IND,2665,0.27,8,forfeit,U,,Post Graduate,Author,challenger,src-31c65dbec869
IN-PC-2008-odisha-275,odisha,2019,18,BHUBANESWAR,JAYANT KUMAR DAS,parties.IN.IND,2360,0.23,9,forfeit,U,,Others,Lawyer,challenger,src-31c65dbec869
IN-PC-2008-odisha-275,odisha,2019,18,BHUBANESWAR,SUBHRANSHU SEKHAR PADHI,parties.IN.AITC,2344,0.23,10,forfeit,U,,Others,Self-employed,challenger,src-31c65dbec869
IN-PC-2008-odisha-275,odisha,2019,18,BHUBANESWAR,BISWANATH RAMACHANDRA,,1497,0.15,11,forfeit,U,,Post Graduate,Retired Teacher,challenger,src-31c65dbec869
IN-PC-2008-odisha-275,odisha,2019,18,BHUBANESWAR,MAHESH CHANDRA SETHI,parties.IN.IND,1491,0.15,12,forfeit,U,,,,challenger,src-31c65dbec869
IN-PC-2008-odisha-275,odisha,2019,18,BHUBANESWAR,PRAMILA BEHERA,,1482,0.15,13,forfeit,U,,Graduate,Party Worker,challenger,src-31c65dbec869
IN-PC-2008-odisha-275,odisha,2019,18,BHUBANESWAR,BHAKTA SEKHAR RAY,,1382,0.14,14,forfeit,U,,10th Pass,,challenger,src-31c65dbec869
IN-PC-2008-odisha-275,odisha,2019,18,BHUBANESWAR,MADHU SUDAN YADAV,parties.IN.IND,1200,0.12,15,forfeit,U,,Graduate,Ex Govt Employee,challenger,src-31c65dbec869
IN-PC-2008-odisha-281,odisha,2019,19,ASKA,Pramila Bisoyi,parties.IN.BJD,552749,54.52,1,won,U,,5th Pass,,challenger,src-31c65dbec869
IN-PC-2008-odisha-281,odisha,2019,19,ASKA,Anita Subhadarshini,parties.IN.BJP,348042,34.33,2,lost,U,,Post Graduate,Lawyer,challenger,src-31c65dbec869
IN-PC-2008-odisha-281,odisha,2019,19,ASKA,Rama Krushna Panda,parties.IN.CPI,59978,5.92,3,forfeit,U,,Post Graduate,Trade Union,challenger,src-31c65dbec869
IN-PC-2008-odisha-281,odisha,2019,19,ASKA,Purna Chandra Nayak,parties.IN.BSP,8549,0.84,5,forfeit,U,,Graduate,,challenger,src-31c65dbec869
IN-PC-2008-odisha-281,odisha,2019,19,ASKA,Chakradhar Sahu,parties.IN.IND,7738,0.76,6,forfeit,U,,12th Pass,,challenger,src-31c65dbec869
IN-PC-2008-odisha-281,odisha,2019,19,ASKA,K. Shyambabu Subudhi,parties.IN.IND,7476,0.74,7,forfeit,U,,12th Pass,Doctor,challenger,src-31c65dbec869
IN-PC-2008-odisha-281,odisha,2019,19,ASKA,Sankar Sahu,,5999,0.59,8,forfeit,U,,Post Graduate,Party Worker,challenger,src-31c65dbec869
IN-PC-2008-odisha-281,odisha,2019,19,ASKA,Rajeeb Chandra Khadanga,parties.IN.AIFB,5987,0.59,9,forfeit,U,,Graduate,,challenger,src-31c65dbec869
IN-PC-2008-odisha-293,odisha,2019,20,BERHAMPUR,CHANDRA SEKHAR SAHU,parties.IN.BJD,443843,44.84,1,won,U,,10th Pass,,crossover,src-31c65dbec869
IN-PC-2008-odisha-293,odisha,2019,20,BERHAMPUR,BHRUGU BAXIPATRA,parties.IN.BJP,348999,35.26,2,lost,U,,Graduate Professional,,challenger,src-31c65dbec869
IN-PC-2008-odisha-293,odisha,2019,20,BERHAMPUR,V.CHANDRASEKHAR NAIDU,parties.IN.INC,142632,14.41,3,forfeit,U,,Graduate,Private Company,challenger,src-31c65dbec869
IN-PC-2008-odisha-293,odisha,2019,20,BERHAMPUR,SRIHARI PATNAIK,,8304,0.84,5,forfeit,U,,8th Pass,Real Estate or Builder or Developer or Construction,challenger,src-31c65dbec869
IN-PC-2008-odisha-293,odisha,2019,20,BERHAMPUR,SOMANATH BEHERA,,8296,0.84,6,forfeit,U,,Post Graduate,,challenger,src-31c65dbec869
IN-PC-2008-odisha-293,odisha,2019,20,BERHAMPUR,TIRUPATHI RAO KARANAM,parties.IN.BSP,8290,0.84,7,forfeit,U,,Graduate Professional,Lawyer,challenger,src-31c65dbec869
IN-PC-2008-odisha-293,odisha,2019,20,BERHAMPUR,K. SHYAMBABU SUBUDHI,parties.IN.IND,8084,0.82,8,forfeit,U,,12th Pass,Doctor,challenger,src-31c65dbec869
IN-PC-2008-odisha-293,odisha,2019,20,BERHAMPUR,CHAKRADHAR SAHU,parties.IN.IND,7081,0.72,9,forfeit,U,,12th Pass,,challenger,src-31c65dbec869
IN-PC-2008-odisha-287,odisha,2019,21,KORAPUT,SAPTAGIRI SANKAR ULAKA,parties.IN.INC,371129,34.36,1,won,U,,Graduate Professional,,challenger,src-31c65dbec869
IN-PC-2008-odisha-287,odisha,2019,21,KORAPUT,KAUSALYA HIKAKA,parties.IN.BJD,367516,34.02,2,lost,U,,12th Pass,,challenger,src-31c65dbec869
IN-PC-2008-odisha-287,odisha,2019,21,KORAPUT,JAYARAM PANGI,parties.IN.BJP,208398,19.29,3,lost,U,,10th Pass,,crossover,src-31c65dbec869
IN-PC-2008-odisha-287,odisha,2019,21,KORAPUT,BHASKAR MUTUKA,parties.IN.BSP,35764,3.31,5,forfeit,U,,Graduate Professional,,challenger,src-31c65dbec869
IN-PC-2008-odisha-287,odisha,2019,21,KORAPUT,DAMODARA SABAR,,26117,2.42,6,forfeit,U,,8th Pass,,challenger,src-31c65dbec869
IN-PC-2008-odisha-287,odisha,2019,21,KORAPUT,BANAMALI MAJHI,parties.IN.APOI,18849,1.75,7,forfeit,U,,Post Graduate,,challenger,src-31c65dbec869
IN-PC-2008-odisha-287,odisha,2019,21,KORAPUT,RAJENDRA KENDRUKA,,15827,1.47,8,forfeit,U,,5th Pass,,challenger,src-31c65dbec869
IN-PC-2008-punjab-17,punjab,2019,1,GURDASPUR,SUNNY DEOL,parties.IN.BJP,558719,50.61,1,won,U,,Others,Private Company,challenger,src-31c65dbec869
IN-PC-2008-punjab-17,punjab,2019,1,GURDASPUR,SUNIL JAKHAR,parties.IN.INC,476260,43.14,2,lost,U,,Post Graduate,,incumbent,src-31c65dbec869
IN-PC-2008-punjab-17,punjab,2019,1,GURDASPUR,PETER MASIH,,27744,2.51,3,forfeit,U,,12th Pass,Real Estate or Builder or Developer or Construction,crossover,src-31c65dbec869
IN-PC-2008-punjab-17,punjab,2019,1,GURDASPUR,LAL CHAND KATARU CHAK,parties.IN.RMPOI,15274,1.38,4,forfeit,U,,10th Pass,Party Worker,challenger,src-31c65dbec869
IN-PC-2008-punjab-17,punjab,2019,1,GURDASPUR,KASIM DEEN,parties.IN.IND,3136,0.28,6,forfeit,U,,Illiterate,,challenger,src-31c65dbec869
IN-PC-2008-punjab-17,punjab,2019,1,GURDASPUR,PARAMPREET SINGH,parties.IN.IND,2964,0.27,7,forfeit,U,,Graduate,,challenger,src-31c65dbec869
IN-PC-2008-punjab-17,punjab,2019,1,GURDASPUR,ASHWANI KUMAR HAPPY,,2469,0.22,8,forfeit,U,,10th Pass,,challenger,src-31c65dbec869
IN-PC-2008-punjab-17,punjab,2019,1,GURDASPUR,SUKRIT SHARDA,parties.IN.IND,1801,0.16,9,forfeit,U,,,,challenger,src-31c65dbec869
IN-PC-2008-punjab-17,punjab,2019,1,GURDASPUR,PRITAM SINGH BHATTI,,1241,0.11,10,forfeit,U,,10th Pass,,challenger,src-31c65dbec869
IN-PC-2008-punjab-17,punjab,2019,1,GURDASPUR,KARAM SINGH,parties.IN.IND,1065,0.1,11,forfeit,U,,12th Pass,,challenger,src-31c65dbec869
IN-PC-2008-punjab-17,punjab,2019,1,GURDASPUR,AMANDEEP SINGH GHOTRA,parties.IN.IND,888,0.08,12,forfeit,U,,Graduate,,challenger,src-31c65dbec869
IN-PC-2008-punjab-17,punjab,2019,1,GURDASPUR,JASBIR SINGH,parties.IN.BSP_A,801,0.07,13,forfeit,U,,5th Pass,,challenger,src-31c65dbec869
IN-PC-2008-punjab-17,punjab,2019,1,GURDASPUR,HARPREET SINGH,parties.IN.IND,800,0.07,14,forfeit,U,,10th Pass,,challenger,src-31c65dbec869
IN-PC-2008-punjab-17,punjab,2019,1,GURDASPUR,YASH PAUL,parties.IN.BMUP,666,0.06,15,forfeit,U,,12th Pass,,challenger,src-31c65dbec869
IN-PC-2008-punjab-17,punjab,2019,1,GURDASPUR,MANGAL SINGH,parties.IN.DPI,499,0.05,16,forfeit,U,,,Shop Keeper,challenger,src-31c65dbec869
IN-PC-2008-punjab-11,punjab,2019,2,AMRITSAR,GURJEET SINGH AUJLA,parties.IN.INC,445032,51.78,1,won,U,,12th Pass,Self-employed,challenger,src-31c65dbec869
IN-PC-2008-punjab-11,punjab,2019,2,AMRITSAR,HARDEEP SINGH PURI,parties.IN.BJP,345406,40.19,2,lost,U,,Post Graduate,Real Estate or Builder or Developer or Construction,challenger,src-31c65dbec869
IN-PC-2008-punjab-11,punjab,2019,2,AMRITSAR,KULDIP SINGH DHALIWAL,,20087,2.34,3,forfeit,U,,10th Pass,,challenger,src-31c65dbec869
IN-PC-2008-punjab-11,punjab,2019,2,AMRITSAR,DASWINDER KAUR,parties.IN.CPI,16335,1.9,4,forfeit,U,,Graduate,Shop Keeper,challenger,src-31c65dbec869
IN-PC-2008-punjab-11,punjab,2019,2,AMRITSAR,SHAM LAL GANDHIWADI,parties.IN.IND,3251,0.38,6,forfeit,U,,Illiterate,,challenger,src-31c65dbec869
IN-PC-2008-punjab-11,punjab,2019,2,AMRITSAR,SUNIL KUMAR MATTU,parties.IN.IND,3204,0.37,7,forfeit,U,,10th Pass,Private Company,challenger,src-31c65dbec869
IN-PC-2008-punjab-11,punjab,2019,2,AMRITSAR,SHUBHAM KUMAR,parties.IN.IND,2311,0.27,8,forfeit,U,,10th Pass,,challenger,src-31c65dbec869
IN-PC-2008-punjab-11,punjab,2019,2,AMRITSAR,SURJIT SINGH,parties.IN.IND,1609,0.19,9,forfeit,U,,5th Pass,,challenger,src-31c65dbec869
IN-PC-2008-punjab-11,punjab,2019,2,AMRITSAR,LAKHWINDER SINGH SIDHU,parties.IN.RPIA,1325,0.15,10,forfeit,U,,10th Pass,,challenger,src-31c65dbec869
IN-PC-2008-punjab-11,punjab,2019,2,AMRITSAR,GAGANDEEP KUMAR,parties.IN.SHS,1193,0.14,11,forfeit,U,,Post Graduate,Shop Keeper,challenger,src-31c65dbec869
IN-PC-2008-punjab-11,punjab,2019,2,AMRITSAR,SANDEEP SINGH,parties.IN.IND,1019,0.12,12,forfeit,U,,10th Pass,,challenger,src-31c65dbec869
IN-PC-2008-punjab-11,punjab,2019,2,AMRITSAR,MOHINDER SINGH,parties.IN.IND,901,0.1,13,forfeit,U,,Illiterate,Auto-rickshaw Driver,challenger,src-31c65dbec869
IN-PC-2008-punjab-11,punjab,2019,2,AMRITSAR,SATNAM SINGH,,799,0.09,14,forfeit,U,,10th Pass,,challenger,src-31c65dbec869
IN-PC-2008-punjab-11,punjab,2019,2,AMRITSAR,KAWALJIT SINGH SAHOTA,parties.IN.BSP_A,774,0.09,15,forfeit,U,,10th Pass,Shop Keeper,challenger,src-31c65dbec869
IN-PC-2008-punjab-11,punjab,2019,2,AMRITSAR,SUNIL KUMAR BHATTI,parties.IN.IND,703,0.08,16,forfeit,U,,8th Pass,,challenger,src-31c65dbec869
IN-PC-2008-punjab-11,punjab,2019,2,AMRITSAR,KEWAL KRISHAN,parties.IN.BMUP,678,0.08,17,forfeit,U,,Post Graduate,,challenger,src-31c65dbec869
IN-PC-2008-punjab-11,punjab,2019,2,AMRITSAR,BAL KRISHAN,parties.IN.IND,600,0.07,18,forfeit,U,,10th Pass,,challenger,src-31c65dbec869
IN-PC-2008-punjab-11,punjab,2019,2,AMRITSAR,MOHINDER SINGH NAMDHARI,parties.IN.IND,587,0.07,19,forfeit,U,,Graduate,,challenger,src-31c65dbec869
IN-PC-2008-punjab-11,punjab,2019,2,AMRITSAR,SARABJIT SINGH,parties.IN.IND,561,0.07,20,forfeit,U,,12th Pass,,challenger,src-31c65dbec869
IN-PC-2008-punjab-11,punjab,2019,2,AMRITSAR,HARJINDER SINGH,parties.IN.IND,541,0.06,21,forfeit,U,,Illiterate,,challenger,src-31c65dbec869
IN-PC-2008-punjab-11,punjab,2019,2,AMRITSAR,SHAMSHER SINGH,parties.IN.IND,514,0.06,22,forfeit,U,,10th Pass,,challenger,src-31c65dbec869
IN-PC-2008-punjab-11,punjab,2019,2,AMRITSAR,SANJEEV KUMAR,parties.IN.IND,489,0.06,23,forfeit,U,,10th Pass,,challenger,src-31c65dbec869
IN-PC-2008-punjab-11,punjab,2019,2,AMRITSAR,KASHMIR SINGH,parties.IN.IND,469,0.05,24,forfeit,U,,5th Pass,,challenger,src-31c65dbec869
IN-PC-2008-punjab-11,punjab,2019,2,AMRITSAR,CHAIN SINGH BAINKA,parties.IN.IND,447,0.05,25,forfeit,U,,10th Pass,,challenger,src-31c65dbec869
IN-PC-2008-punjab-11,punjab,2019,2,AMRITSAR,SUMAN SINGH,parties.IN.IND,433,0.05,26,forfeit,U,,Illiterate,,challenger,src-31c65dbec869
IN-PC-2008-punjab-11,punjab,2019,2,AMRITSAR,GAUTAM,parties.IN.IND,381,0.04,27,forfeit,U,,Graduate,,challenger,src-31c65dbec869
IN-PC-2008-punjab-11,punjab,2019,2,AMRITSAR,BALWINDER SINGH,parties.IN.IND,335,0.04,28,forfeit,U,,Illiterate,,challenger,src-31c65dbec869
IN-PC-2008-punjab-11,punjab,2019,2,AMRITSAR,JASPAL SINGH,parties.IN.IND,271,0.03,29,forfeit,U,,5th Pass,,challenger,src-31c65dbec869
IN-PC-2008-punjab-11,punjab,2019,2,AMRITSAR,KABAL SINGH,parties.IN.IND,260,0.03,30,forfeit,U,,10th Pass,Musician or Artist,challenger,src-31c65dbec869
IN-PC-2008-punjab-11,punjab,2019,2,AMRITSAR,CHAND KUMAR,parties.IN.IND,235,0.03,31,forfeit,U,,12th Pass,,challenger,src-31c65dbec869
IN-PC-2008-punjab-19,punjab,2019,4,JALANDHAR,Santokh Singh Chaudhary,parties.IN.INC,385712,37.85,1,won,U,,Graduate Professional,"Real Estate or Builder or Developer or Construction, Hospitality",incumbent,src-31c65dbec869
IN-PC-2008-punjab-19,punjab,2019,4,JALANDHAR,Charanjit Singh Atwal,parties.IN.SAD,366221,35.94,2,lost,U,,Graduate Professional,Party Worker,challenger,src-31c65dbec869
IN-PC-2008-punjab-19,punjab,2019,4,JALANDHAR,Balwinder Kumar,parties.IN.BSP,204783,20.1,3,lost,U,,Post Graduate,,challenger,src-31c65dbec869
IN-PC-2008-punjab-19,punjab,2019,4,JALANDHAR,Justice (Retd.) Jora Singh,,25467,2.5,4,forfeit,U,,Graduate Professional,Lawyer,challenger,src-31c65dbec869
IN-PC-2008-punjab-19,punjab,2019,4,JALANDHAR,Kashmir Singh Ghugshore,parties.IN.IND,4100,0.4,6,forfeit,U,,,,challenger,src-31c65dbec869
IN-PC-2008-punjab-19,punjab,2019,4,JALANDHAR,Sukhdev Singh,parties.IN.IND,3154,0.31,7,forfeit,U,,10th Pass,Self-employed,challenger,src-31c65dbec869
IN-PC-2008-punjab-19,punjab,2019,4,JALANDHAR,Subhash Goria,parties.IN.SHS,2470,0.24,8,forfeit,U,,10th Pass,Real Estate or Builder or Developer or Construction,challenger,src-31c65dbec869
IN-PC-2008-punjab-19,punjab,2019,4,JALANDHAR,Tara Singh Gill,parties.IN.BSP_A,2463,0.24,9,forfeit,U,,5th Pass,,challenger,src-31c65dbec869
IN-PC-2008-punjab-19,punjab,2019,4,JALANDHAR,Valmikacharaya Nitya Anand,parties.IN.IND,1858,0.18,10,forfeit,U,,,,challenger,src-31c65dbec869
IN-PC-2008-punjab-19,punjab,2019,4,JALANDHAR,Amrish Kumar,parties.IN.IND,1591,0.16,11,forfeit,U,,Graduate,Journalist or Editor,challenger,src-31c65dbec869
IN-PC-2008-punjab-19,punjab,2019,4,JALANDHAR,Jagan Nath Bajwa,parties.IN.HBP,1430,0.14,12,forfeit,U,,5th Pass,Ex Military,challenger,src-31c65dbec869
IN-PC-2008-punjab-19,punjab,2019,4,JALANDHAR,Urmilla,parties.IN.ANC,1340,0.13,13,forfeit,U,,8th Pass,Household,challenger,src-31c65dbec869
IN-PC-2008-punjab-19,punjab,2019,4,JALANDHAR,Hari Mitter,parties.IN.PPID,1191,0.12,14,forfeit,U,,5th Pass,,challenger,src-31c65dbec869
IN-PC-2008-punjab-19,punjab,2019,4,JALANDHAR,Opkar Singh Bakhshi,parties.IN.IND,1088,0.11,15,forfeit,U,,,,challenger,src-31c65dbec869
IN-PC-2008-punjab-19,punjab,2019,4,JALANDHAR,Ramesh Lal Kala,parties.IN.BMUP,921,0.09,16,forfeit,U,,8th Pass,Real Estate or Builder or Developer or Construction,challenger,src-31c65dbec869
IN-PC-2008-punjab-19,punjab,2019,4,JALANDHAR,Neetu Shutteran Wala,parties.IN.IND,856,0.08,17,forfeit,U,,,,challenger,src-31c65dbec869
IN-PC-2008-punjab-19,punjab,2019,4,JALANDHAR,Baljinder Sodhi,,845,0.08,18,forfeit,U,,12th Pass,Self-employed,challenger,src-31c65dbec869
IN-PC-2008-punjab-19,punjab,2019,4,JALANDHAR,Parkash Chand Jassal,parties.IN.RPIA,684,0.07,19,forfeit,U,,5th Pass,,challenger,src-31c65dbec869
IN-PC-2008-punjab-19,punjab,2019,4,JALANDHAR,Gurupal Singh,parties.IN.BHAPRAP,500,0.05,20,forfeit,U,,12th Pass,,challenger,src-31c65dbec869
IN-PC-2008-punjab-18,punjab,2019,6,ANANDPUR SAHIB,Manish Tewari,parties.IN.INC,428045,39.57,1,won,U,,Graduate Professional,Lawyer,challenger,src-31c65dbec869
IN-PC-2008-punjab-18,punjab,2019,6,ANANDPUR SAHIB,Professor Prem Singh Chandumajra,parties.IN.SAD,381161,35.24,2,lost,U,,Post Graduate,,incumbent,src-31c65dbec869
IN-PC-2008-punjab-18,punjab,2019,6,ANANDPUR SAHIB,Sodhi Vikram Singh,parties.IN.BSP,146441,13.54,3,forfeit,U,,Graduate,Self-employed,challenger,src-31c65dbec869
IN-PC-2008-punjab-18,punjab,2019,6,ANANDPUR SAHIB,Narinder Singh Shergill,,53052,4.9,4,forfeit,U,,Post Graduate,,challenger,src-31c65dbec869
IN-PC-2008-punjab-18,punjab,2019,6,ANANDPUR SAHIB,Raghunath Singh,,10665,0.99,6,forfeit,U,,Graduate,,challenger,src-31c65dbec869
IN-PC-2008-punjab-18,punjab,2019,6,ANANDPUR SAHIB,Bir Devinder Singh,,10424,0.96,7,forfeit,U,,Post Graduate,Party Worker,challenger,src-31c65dbec869
IN-PC-2008-punjab-18,punjab,2019,6,ANANDPUR SAHIB,Avtar Singh,parties.IN.IND,3646,0.34,8,forfeit,U,,8th Pass,Trader,challenger,src-31c65dbec869
IN-PC-2008-punjab-18,punjab,2019,6,ANANDPUR SAHIB,Jodh Singh Thandi,,2921,0.27,9,forfeit,U,,12th Pass,,challenger,src-31c65dbec869
IN-PC-2008-punjab-18,punjab,2019,6,ANANDPUR SAHIB,Bargava Reddy D,,2824,0.26,10,forfeit,U,,Graduate,,challenger,src-31c65dbec869
IN-PC-2008-punjab-18,punjab,2019,6,ANANDPUR SAHIB,Ashish Garg,parties.IN.IND,2784,0.26,11,forfeit,U,,12th Pass,,challenger,src-31c65dbec869
IN-PC-2008-punjab-18,punjab,2019,6,ANANDPUR SAHIB,Faqir Chand,parties.IN.SHS,2465,0.23,12,forfeit,U,,10th Pass,,challenger,src-31c65dbec869
IN-PC-2008-punjab-18,punjab,2019,6,ANANDPUR SAHIB,Kirpal Kaur,parties.IN.IND,2171,0.2,13,forfeit,U,,12th Pass,Agricultural Business,challenger,src-31c65dbec869
IN-PC-2008-punjab-18,punjab,2019,6,ANANDPUR SAHIB,Kulwinder Kaur,parties.IN.APOI,1929,0.18,14,forfeit,U,,10th Pass,Household,challenger,src-31c65dbec869
IN-PC-2008-punjab-18,punjab,2019,6,ANANDPUR SAHIB,Sunaina,parties.IN.IND,1912,0.18,15,forfeit,U,,Graduate,,challenger,src-31c65dbec869
IN-PC-2008-punjab-18,punjab,2019,6,ANANDPUR SAHIB,Ashwani Kumar,parties.IN.HSS,1732,0.16,16,forfeit,U,,Others,,challenger,src-31c65dbec869
IN-PC-2008-punjab-18,punjab,2019,6,ANANDPUR SAHIB,Gurbinder Singh Sonu,parties.IN.PPID,1522,0.14,17,forfeit,U,,12th Pass,School Teacher,challenger,src-31c65dbec869
IN-PC-2008-punjab-18,punjab,2019,6,ANANDPUR SAHIB,Manmohan Singh,parties.IN.IND,1382,0.13,18,forfeit,U,,Post Graduate,Ex Govt Employee,challenger,src-31c65dbec869
IN-PC-2008-punjab-18,punjab,2019,6,ANANDPUR SAHIB,Dr. Paramjeet Singh Ranu,parties.IN.IND,1316,0.12,19,forfeit,U,,Others,Doctor,challenger,src-31c65dbec869
IN-PC-2008-punjab-18,punjab,2019,6,ANANDPUR SAHIB,Vikram Singh John,parties.IN.IND,1145,0.11,20,forfeit,U,,,,challenger,src-31c65dbec869
IN-PC-2008-punjab-18,punjab,2019,6,ANANDPUR SAHIB,Jagneet Singh Balsuan,parties.IN.IND,1117,0.1,21,forfeit,U,,,,challenger,src-31c65dbec869
IN-PC-2008-punjab-18,punjab,2019,6,ANANDPUR SAHIB,Surinder Kaur Mangat,,1106,0.1,22,forfeit,U,,Others,Rent,challenger,src-31c65dbec869
IN-PC-2008-punjab-18,punjab,2019,6,ANANDPUR SAHIB,Dr. Sukhdeep Kaur,,1028,0.1,23,forfeit,U,,Post Graduate,Doctor,challenger,src-31c65dbec869
IN-PC-2008-punjab-18,punjab,2019,6,ANANDPUR SAHIB,Rakesh Kumar,parties.IN.IND,1011,0.09,24,forfeit,U,,10th Pass,,challenger,src-31c65dbec869
IN-PC-2008-punjab-18,punjab,2019,6,ANANDPUR SAHIB,Charan Dass,parties.IN.IND,960,0.09,25,forfeit,U,,Post Graduate,Lawyer,challenger,src-31c65dbec869
IN-PC-2008-punjab-18,punjab,2019,6,ANANDPUR SAHIB,Harmesh Sharma,parties.IN.JJJKP,931,0.09,26,forfeit,U,,12th Pass,Agricultural Business,challenger,src-31c65dbec869
IN-PC-2008-punjab-18,punjab,2019,6,ANANDPUR SAHIB,Kawaljeet Singh,,902,0.08,27,forfeit,U,,5th Pass,Real Estate or Builder or Developer or Construction,challenger,src-31c65dbec869
IN-PC-2008-punjab-22,punjab,2019,8,FATEHGARH SAHIB,AMAR SINGH,parties.IN.INC,411651,41.75,1,won,U,,Post Graduate,Ex Civil Service,challenger,src-31c65dbec869
IN-PC-2008-punjab-22,punjab,2019,8,FATEHGARH SAHIB,DARBARA SINGH GURU,parties.IN.SAD,317753,32.23,2,lost,U,,Post Graduate,,challenger,src-31c65dbec869
IN-PC-2008-punjab-22,punjab,2019,8,FATEHGARH SAHIB,MANWINDER SINGH GIASPURA,,142274,14.43,3,forfeit,U,,Post Graduate,,challenger,src-31c65dbec869
IN-PC-2008-punjab-22,punjab,2019,8,FATEHGARH SAHIB,BANDEEP SINGH,,62881,6.38,4,forfeit,U,,12th Pass,,challenger,src-31c65dbec869
IN-PC-2008-punjab-22,punjab,2019,8,FATEHGARH SAHIB,GURCHARAN SINGH MACHHIWARA,parties.IN.IND,4986,0.51,6,forfeit,U,,12th Pass,,challenger,src-31c65dbec869
IN-PC-2008-punjab-22,punjab,2019,8,FATEHGARH SAHIB,KULDEEP SINGH SAHOTA,parties.IN.IND,4699,0.48,7,forfeit,U,,10th Pass,,challenger,src-31c65dbec869
IN-PC-2008-punjab-22,punjab,2019,8,FATEHGARH SAHIB,ADVOCATE PRABHJOT SINGH,parties.IN.IND,3942,0.4,8,forfeit,U,,Post Graduate,Lawyer,challenger,src-31c65dbec869
IN-PC-2008-punjab-22,punjab,2019,8,FATEHGARH SAHIB,SURJIT SINGH KANG,,3469,0.35,9,forfeit,U,,10th Pass,,challenger,src-31c65dbec869
IN-PC-2008-punjab-22,punjab,2019,8,FATEHGARH SAHIB,ASHOK KUMAR,,3296,0.33,10,forfeit,U,,10th Pass,Contractor,challenger,src-31c65dbec869
IN-PC-2008-punjab-22,punjab,2019,8,FATEHGARH SAHIB,PREM SINGH MOHANPUR,parties.IN.IND,2559,0.26,11,forfeit,U,,Graduate,,challenger,src-31c65dbec869
IN-PC-2008-punjab-22,punjab,2019,8,FATEHGARH SAHIB,KAMALJEET SINGH,,2387,0.24,12,forfeit,U,,5th Pass,,challenger,src-31c65dbec869
IN-PC-2008-punjab-22,punjab,2019,8,FATEHGARH SAHIB,RAM SINGH RAISAL,parties.IN.APOI,1939,0.2,13,forfeit,U,,Post Graduate,,challenger,src-31c65dbec869
IN-PC-2008-punjab-22,punjab,2019,8,FATEHGARH SAHIB,BALKAR SINGH,parties.IN.IND,1861,0.19,14,forfeit,U,,10th Pass,,challenger,src-31c65dbec869
IN-PC-2008-punjab-22,punjab,2019,8,FATEHGARH SAHIB,LACHHMAN SINGH,parties.IN.IND,1766,0.18,15,forfeit,U,,8th Pass,,challenger,src-31c65dbec869
IN-PC-2008-punjab-22,punjab,2019,8,FATEHGARH SAHIB,HARCHAND SINGH,parties.IN.RSP,1733,0.18,16,forfeit,U,,5th Pass,,challenger,src-31c65dbec869
IN-PC-2008-punjab-22,punjab,2019,8,FATEHGARH SAHIB,GURBACHAN SINGH,,1310,0.13,17,forfeit,U,,10th Pass,Self-employed,challenger,src-31c65dbec869
IN-PC-2008-punjab-22,punjab,2019,8,FATEHGARH SAHIB,BALWINDER KAUR,parties.IN.JJJKP,1289,0.13,18,forfeit,U,,Post Graduate,Home Teacher or Tuition,challenger,src-31c65dbec869
IN-PC-2008-punjab-22,punjab,2019,8,FATEHGARH SAHIB,VINOD KUMAR,parties.IN.BHAPRAP,1122,0.11,19,forfeit,U,,Graduate Professional,,challenger,src-31c65dbec869
IN-PC-2008-punjab-22,punjab,2019,8,FATEHGARH SAHIB,KARANDEEP SINGH,parties.IN.IND,1044,0.11,20,forfeit,U,,Others,Private Company,challenger,src-31c65dbec869
IN-PC-2008-punjab-22,punjab,2019,8,FATEHGARH SAHIB,GURJIT SINGH,,942,0.1,21,forfeit,U,,10th Pass,,challenger,src-31c65dbec869
IN-PC-2008-punjab-21,punjab,2019,9,FARIDKOT,Mohammad Sadique,parties.IN.INC,419065,42.98,1,won,U,,5th Pass,Musician or Artist,challenger,src-31c65dbec869
IN-PC-2008-punjab-21,punjab,2019,9,FARIDKOT,Gulzar Singh Ranike,parties.IN.SAD,335809,34.44,2,lost,U,,Literate,Party Worker,challenger,src-31c65dbec869
IN-PC-2008-punjab-21,punjab,2019,9,FARIDKOT,Prof. Sadhu Singh,,115319,11.83,3,forfeit,U,,Post Graduate,,incumbent,src-31c65dbec869
IN-PC-2008-punjab-21,punjab,2019,9,FARIDKOT,Master Baldev Singh,,43932,4.51,4,forfeit,U,,12th Pass,Retired Teacher,challenger,src-31c65dbec869
IN-PC-2008-punjab-21,punjab,2019,9,FARIDKOT,Ajay Kumar,,6106,0.63,6,forfeit,U,,12th Pass,,challenger,src-31c65dbec869
IN-PC-2008-punjab-21,punjab,2019,9,FARIDKOT,Jaswinder Singh,parties.IN.IND,4912,0.5,7,forfeit,U,,Literate,Shop Keeper,challenger,src-31c65dbec869
IN-PC-2008-punjab-21,punjab,2019,9,FARIDKOT,Dr. Swarn Singh,,3678,0.38,8,forfeit,U,,Graduate Professional,Ex Civil Service,challenger,src-31c65dbec869
IN-PC-2008-punjab-21,punjab,2019,9,FARIDKOT,Dr. Daljit Singh Chauhan,parties.IN.NCP,3585,0.37,9,forfeit,U,,Graduate Professional,Doctor,challenger,src-31c65dbec869
IN-PC-2008-punjab-21,punjab,2019,9,FARIDKOT,Bhola Singh,,3462,0.36,10,forfeit,U,,10th Pass,,challenger,src-31c65dbec869
IN-PC-2008-punjab-21,punjab,2019,9,FARIDKOT,Om Parkash,,3035,0.31,11,forfeit,U,,10th Pass,,challenger,src-31c65dbec869
IN-PC-2008-punjab-21,punjab,2019,9,FARIDKOT,Rajinder Kaur Safri,,2138,0.22,12,forfeit,U,,8th Pass,,challenger,src-31c65dbec869
IN-PC-2008-punjab-21,punjab,2019,9,FARIDKOT,Badal Singh,parties.IN.IND,2117,0.22,13,forfeit,U,,8th Pass,,challenger,src-31c65dbec869
IN-PC-2008-punjab-21,punjab,2019,9,FARIDKOT,Jagmeet Singh,parties.IN.IND,2091,0.21,14,forfeit,U,,Graduate,,challenger,src-31c65dbec869
IN-PC-2008-punjab-21,punjab,2019,9,FARIDKOT,Darshan Singh,parties.IN.IND,2054,0.21,15,forfeit,U,,8th Pass,,challenger,src-31c65dbec869
IN-PC-2008-punjab-21,punjab,2019,9,FARIDKOT,Sukhdev Singh,parties.IN.HSS,1785,0.18,16,forfeit,U,,8th Pass,,challenger,src-31c65dbec869
IN-PC-2008-punjab-21,punjab,2019,9,FARIDKOT,Veerpal Kaur,,1785,0.18,17,forfeit,U,,Graduate Professional,,challenger,src-31c65dbec869
IN-PC-2008-punjab-21,punjab,2019,9,FARIDKOT,Nanak Singh Chauhan,parties.IN.IND,1415,0.15,18,forfeit,U,,8th Pass,Ex Military,challenger,src-31c65dbec869
IN-PC-2008-punjab-21,punjab,2019,9,FARIDKOT,Chanan Singh Wattu,parties.IN.BMUP,1313,0.13,19,forfeit,U,,Graduate,Ex Civil Service,challenger,src-31c65dbec869
IN-PC-2008-punjab-21,punjab,2019,9,FARIDKOT,Amandeep Kaur,parties.IN.PPID,1290,0.13,20,forfeit,U,,Post Graduate,,challenger,src-31c65dbec869
IN-PC-2008-punjab-21,punjab,2019,9,FARIDKOT,Parminder Singh,parties.IN.BHAPRAP,810,0.08,21,forfeit,U,,Post Graduate,Home Teacher or Tuition,challenger,src-31c65dbec869
IN-PC-2008-punjab-23,punjab,2019,10,FIROZPUR,SUKHBIR SINGH BADAL,parties.IN.SAD,633427,54.05,1,won,U,,Post Graduate,Party Worker,challenger,src-31c65dbec869
IN-PC-2008-punjab-23,punjab,2019,10,FIROZPUR,SHER SINGH GHUBAYA,parties.IN.INC,434577,37.08,2,lost,U,,10th Pass,,incumbent,src-31c65dbec869
IN-PC-2008-punjab-23,punjab,2019,10,FIROZPUR,HARJINDER SINGH KAKA SRAN,,31872,2.72,3,forfeit,U,,Graduate,Agricultural Business,challenger,src-31c65dbec869
IN-PC-2008-punjab-23,punjab,2019,10,FIROZPUR,HANS RAJ GOLDEN,parties.IN.CPI,26128,2.23,4,forfeit,U,,12th Pass,,challenger,src-31c65dbec869
IN-PC-2008-punjab-23,punjab,2019,10,FIROZPUR,JATINDER SINGH THIND,parties.IN.IND,6804,0.58,6,forfeit,U,,Graduate,Managerial Position,challenger,src-31c65dbec869
IN-PC-2008-punjab-23,punjab,2019,10,FIROZPUR,KULDEEP SINGH,parties.IN.IND,5092,0.43,7,forfeit,U,,10th Pass,Taxi Driver,challenger,src-31c65dbec869
IN-PC-2008-punjab-23,punjab,2019,10,FIROZPUR,PARWINDER SINGH,parties.IN.IND,2404,0.21,8,forfeit,U,,Graduate,Taxi Driver,challenger,src-31c65dbec869
IN-PC-2008-punjab-23,punjab,2019,10,FIROZPUR,KASHMIR SINGH,parties.IN.IND,2387,0.2,9,forfeit,U,,Illiterate,,challenger,src-31c65dbec869
IN-PC-2008-punjab-23,punjab,2019,10,FIROZPUR,NARESH KUMAR,parties.IN.HSS,1761,0.15,10,forfeit,U,,5th Pass,,challenger,src-31c65dbec869
IN-PC-2008-punjab-23,punjab,2019,10,FIROZPUR,SUKHJIT SINGH,,1626,0.14,11,forfeit,U,,10th Pass,Agricultural Business,challenger,src-31c65dbec869
IN-PC-2008-punjab-23,punjab,2019,10,FIROZPUR,BALKAR SINGH,parties.IN.IND,1411,0.12,12,forfeit,U,,Literate,,challenger,src-31c65dbec869
IN-PC-2008-punjab-23,punjab,2019,10,FIROZPUR,BALWANT SINGH KHALSA,,1194,0.1,13,forfeit,U,,Others,Retired Teacher,challenger,src-31c65dbec869
IN-PC-2008-punjab-23,punjab,2019,10,FIROZPUR,SUNNY BAWA,,1072,0.09,14,forfeit,U,,10th Pass,,challenger,src-31c65dbec869
IN-PC-2008-punjab-23,punjab,2019,10,FIROZPUR,SURJIT SINGH,parties.IN.IND,1034,0.09,15,forfeit,U,,Literate,,challenger,src-31c65dbec869
IN-PC-2008-punjab-23,punjab,2019,10,FIROZPUR,PALA SINGH,parties.IN.IND,964,0.08,16,forfeit,U,,8th Pass,Ex Civil Service,challenger,src-31c65dbec869
IN-PC-2008-punjab-23,punjab,2019,10,FIROZPUR,MADAN LAL,parties.IN.RPIR,952,0.08,17,forfeit,U,,10th Pass,,challenger,src-31c65dbec869
IN-PC-2008-punjab-23,punjab,2019,10,FIROZPUR,SATNAM SINGH SON OF BALWANT SINGH,parties.IN.IND,909,0.08,18,forfeit,U,,,,challenger,src-31c65dbec869
IN-PC-2008-punjab-23,punjab,2019,10,FIROZPUR,SUSHIL KUMAR,parties.IN.IND,824,0.07,19,forfeit,U,,12th Pass,Distributors,challenger,src-31c65dbec869
IN-PC-2008-punjab-23,punjab,2019,10,FIROZPUR,SATNAM SINGH SON OF GURDEEP SINGH,parties.IN.IND,750,0.06,20,forfeit,U,,,,challenger,src-31c65dbec869
IN-PC-2008-punjab-23,punjab,2019,10,FIROZPUR,MANOJ KUMAR,parties.IN.IND,731,0.06,21,forfeit,U,,10th Pass,Shop Keeper,challenger,src-31c65dbec869
IN-PC-2008-punjab-23,punjab,2019,10,FIROZPUR,BUTA RAM GULATI,parties.IN.IND,700,0.06,22,forfeit,U,,10th Pass,Self-employed,challenger,src-31c65dbec869
IN-PC-2008-punjab-23,punjab,2019,10,FIROZPUR,HARMANDER SINGH,,523,0.04,23,forfeit,U,,5th Pass,,challenger,src-31c65dbec869
IN-PC-2008-punjab-13,punjab,2019,11,BATHINDA,Harsimrat Kaur Badal,parties.IN.SAD,492824,41.04,1,won,U,,10th Pass,Ex Civil Service,incumbent,src-31c65dbec869
IN-PC-2008-punjab-13,punjab,2019,11,BATHINDA,Amrinder Singh Raja Warring,parties.IN.INC,471052,39.23,2,lost,U,,10th Pass,,challenger,src-31c65dbec869
IN-PC-2008-punjab-13,punjab,2019,11,BATHINDA,Prof. Baljinder Kaur,,134398,11.19,3,forfeit,U,,Post Graduate,MLA,challenger,src-31c65dbec869
IN-PC-2008-punjab-13,punjab,2019,11,BATHINDA,Sukhpal Singh Khaira,,38199,3.18,4,forfeit,U,,12th Pass,,challenger,src-31c65dbec869
IN-PC-2008-punjab-13,punjab,2019,11,BATHINDA,Surjeet Singh,parties.IN.IND,5872,0.49,6,forfeit,U,,5th Pass,,challenger,src-31c65dbec869
IN-PC-2008-punjab-13,punjab,2019,11,BATHINDA,Bhagwant Singh Samaon,,5381,0.45,7,forfeit,U,,8th Pass,,crossover,src-31c65dbec869
IN-PC-2008-punjab-13,punjab,2019,11,BATHINDA,Swarn Singh Dhaliwal,,5106,0.43,8,forfeit,U,,Post Graduate,,challenger,src-31c65dbec869
IN-PC-2008-punjab-13,punjab,2019,11,BATHINDA,Harpal Singh,parties.IN.IND,4627,0.39,9,forfeit,U,,Graduate,,challenger,src-31c65dbec869
IN-PC-2008-punjab-13,punjab,2019,11,BATHINDA,Gursewak Singh,parties.IN.SADM,3820,0.32,10,forfeit,U,,12th Pass,,challenger,src-31c65dbec869
IN-PC-2008-punjab-13,punjab,2019,11,BATHINDA,Kartar Singh,parties.IN.IND,2978,0.25,11,forfeit,U,,8th Pass,Ex Military,challenger,src-31c65dbec869
IN-PC-2008-punjab-13,punjab,2019,11,BATHINDA,Sandeep Kumar,parties.IN.IND,2731,0.23,12,forfeit,U,,Graduate,,challenger,src-31c65dbec869
IN-PC-2008-punjab-13,punjab,2019,11,BATHINDA,Veerpal Kaur,parties.IN.IND,2078,0.17,13,forfeit,U,,8th Pass,Aanganwadi,challenger,src-31c65dbec869
IN-PC-2008-punjab-13,punjab,2019,11,BATHINDA,Sukhchain Singh Bhargav,parties.IN.HSS,1794,0.15,14,forfeit,U,,Literate,Contractor,challenger,src-31c65dbec869
IN-PC-2008-punjab-13,punjab,2019,11,BATHINDA,Rtd. Subedar Major Jagdev Singh Raipur,,1765,0.15,15,forfeit,U,,12th Pass,Ex Military,challenger,src-31c65dbec869
IN-PC-2008-punjab-13,punjab,2019,11,BATHINDA,Amrik Singh,parties.IN.IND,1676,0.14,16,forfeit,U,,8th Pass,,challenger,src-31c65dbec869
IN-PC-2008-punjab-13,punjab,2019,11,BATHINDA,Gurcharan Singh,parties.IN.IND,1485,0.12,17,forfeit,U,,8th Pass,Agricultural Business,challenger,src-31c65dbec869
IN-PC-2008-punjab-13,punjab,2019,11,BATHINDA,Teja Singh,parties.IN.IND,1448,0.12,18,forfeit,U,,10th Pass,,challenger,src-31c65dbec869
IN-PC-2008-punjab-13,punjab,2019,11,BATHINDA,Baljinder Kumar Sangila,parties.IN.SP_I,1406,0.12,19,forfeit,U,,12th Pass,Journalist or Editor,challenger,src-31c65dbec869
IN-PC-2008-punjab-13,punjab,2019,11,BATHINDA,Bhupinder Singh Bhainda Waring,,1302,0.11,20,forfeit,U,,5th Pass,,challenger,src-31c65dbec869
IN-PC-2008-punjab-13,punjab,2019,11,BATHINDA,Prof. Lakhbir Singh,parties.IN.IND,1154,0.1,21,forfeit,U,,Doctorate,College Professor or Lecturer,challenger,src-31c65dbec869
IN-PC-2008-punjab-13,punjab,2019,11,BATHINDA,Manjit Kaur,parties.IN.IND,1072,0.09,22,forfeit,U,,Illiterate,,challenger,src-31c65dbec869
IN-PC-2008-punjab-13,punjab,2019,11,BATHINDA,Dr. Jagsir Singh Mrar,parties.IN.BMUP,1066,0.09,23,forfeit,U,,10th Pass,Traditional Medicine,challenger,src-31c65dbec869
IN-PC-2008-punjab-13,punjab,2019,11,BATHINDA,Nahar Singh,parties.IN.IND,960,0.08,24,forfeit,U,,10th Pass,,challenger,src-31c65dbec869
IN-PC-2008-punjab-13,punjab,2019,11,BATHINDA,Ranveer Singh Rana,parties.IN.IND,913,0.08,25,forfeit,U,,8th Pass,,challenger,src-31c65dbec869
IN-PC-2008-punjab-13,punjab,2019,11,BATHINDA,Bhola Singh Sahota,parties.IN.IND,884,0.07,26,forfeit,U,,10th Pass,,challenger,src-31c65dbec869
IN-PC-2008-punjab-13,punjab,2019,11,BATHINDA,Gurmail Singh,parties.IN.IND,804,0.07,27,forfeit,U,,12th Pass,Taxi Driver,challenger,src-31c65dbec869
IN-PC-2008-punjab-13,punjab,2019,11,BATHINDA,Gurmeet Singh Insa,,692,0.06,28,forfeit,U,,12th Pass,,challenger,src-31c65dbec869
IN-PC-2008-punjab-14,punjab,2019,12,SANGRUR,BHAGWANT MANN,,413561,37.4,1,won,U,,12th Pass,Musician or Artist,incumbent,src-31c65dbec869
IN-PC-2008-punjab-14,punjab,2019,12,SANGRUR,KEWAL SINGH DHILLON,parties.IN.INC,303350,27.43,2,lost,U,,12th Pass,,challenger,src-31c65dbec869
IN-PC-2008-punjab-14,punjab,2019,12,SANGRUR,PARMINDER SINGH DHINDSA,parties.IN.SAD,263498,23.83,3,lost,U,,Post Graduate,Party Worker,challenger,src-31c65dbec869
IN-PC-2008-punjab-14,punjab,2019,12,SANGRUR,SIMRANJIT SINGH MANN,parties.IN.SADM,48365,4.37,4,forfeit,U,,Graduate,Rent,challenger,src-31c65dbec869
IN-PC-2008-punjab-14,punjab,2019,12,SANGRUR,JASRAJ SINGH LONGIA,,20087,1.82,5,forfeit,U,,Graduate,Musician or Artist,crossover,src-31c65dbec869
IN-PC-2008-punjab-14,punjab,2019,12,SANGRUR,JAGMOHAN KRISHAN THAKUR,,7375,0.67,6,forfeit,U,,Post Graduate,,challenger,src-31c65dbec869
IN-PC-2008-punjab-14,punjab,2019,12,SANGRUR,SUKHWINDER SINGH,parties.IN.IND,5243,0.47,8,forfeit,U,,Graduate,Ex Military,challenger,src-31c65dbec869
IN-PC-2008-punjab-14,punjab,2019,12,SANGRUR,Rajvir Kaur,parties.IN.HSS,3891,0.35,9,forfeit,U,,Post Graduate,Household,challenger,src-31c65dbec869
IN-PC-2008-punjab-14,punjab,2019,12,SANGRUR,MOHINDERPAL SINGH DANGARH,,3881,0.35,10,forfeit,U,,12th Pass,,challenger,src-31c65dbec869
IN-PC-2008-punjab-14,punjab,2019,12,SANGRUR,DESA SINGH,parties.IN.IND,3797,0.34,11,forfeit,U,,5th Pass,,challenger,src-31c65dbec869
IN-PC-2008-punjab-14,punjab,2019,12,SANGRUR,GURJEET SINGH,parties.IN.IND,2839,0.26,12,forfeit,U,,10th Pass,Real Estate or Builder or Developer or Construction,challenger,src-31c65dbec869
IN-PC-2008-punjab-14,punjab,2019,12,SANGRUR,GURNAM SINGH BHIKHI,,2766,0.25,13,forfeit,U,,12th Pass,,challenger,src-31c65dbec869
IN-PC-2008-punjab-14,punjab,2019,12,SANGRUR,MALVINDER SINGH BENIPAL,parties.IN.JDU,2726,0.25,14,forfeit,U,,Post Graduate,,challenger,src-31c65dbec869
IN-PC-2008-punjab-14,punjab,2019,12,SANGRUR,VIJAY AGGARWAL,,2304,0.21,15,forfeit,U,,Graduate Professional,Lawyer,challenger,src-31c65dbec869
IN-PC-2008-punjab-14,punjab,2019,12,SANGRUR,DAYAL CHAND,parties.IN.IND,2024,0.18,16,forfeit,U,,,,challenger,src-31c65dbec869
IN-PC-2008-punjab-14,punjab,2019,12,SANGRUR,MANISH KUMAR,,1966,0.18,17,forfeit,U,,12th Pass,,challenger,src-31c65dbec869
IN-PC-2008-punjab-14,punjab,2019,12,SANGRUR,JASWANT SINGH,,1653,0.15,18,forfeit,U,,Literate,,challenger,src-31c65dbec869
IN-PC-2008-punjab-14,punjab,2019,12,SANGRUR,BALJIT KAUR,parties.IN.IND,1563,0.14,19,forfeit,U,,Graduate,Ex Govt Employee,challenger,src-31c65dbec869
IN-PC-2008-punjab-14,punjab,2019,12,SANGRUR,RAJ KUMAR,parties.IN.IND,1507,0.14,20,forfeit,U,,5th Pass,,challenger,src-31c65dbec869
IN-PC-2008-punjab-14,punjab,2019,12,SANGRUR,TULSI SINGH,parties.IN.IND,1505,0.14,21,forfeit,U,,Illiterate,,challenger,src-31c65dbec869
IN-PC-2008-punjab-14,punjab,2019,12,SANGRUR,BHANTBIR SINGH,parties.IN.IND,1417,0.13,22,forfeit,U,,Post Graduate,,challenger,src-31c65dbec869
IN-PC-2008-punjab-14,punjab,2019,12,SANGRUR,NAJEERA BEGAM,,1289,0.12,23,forfeit,U,,12th Pass,,challenger,src-31c65dbec869
IN-PC-2008-punjab-14,punjab,2019,12,SANGRUR,BAGGA SINGH KAHNE-KE,parties.IN.IND,1162,0.11,24,forfeit,U,,,,challenger,src-31c65dbec869
IN-PC-2008-punjab-14,punjab,2019,12,SANGRUR,BALWINDER SINGH SANDHU,parties.IN.BHAPRAP,879,0.08,25,forfeit,U,,Graduate,Ex Military,challenger,src-31c65dbec869
IN-PC-2008-punjab-14,punjab,2019,12,SANGRUR,PAPPU KUMAR,parties.IN.IND,750,0.07,26,forfeit,U,,Illiterate,,challenger,src-31c65dbec869
IN-PC-2008-punjab-16,punjab,2019,13,PATIALA,Preneet Kaur,parties.IN.INC,532027,45.17,1,won,U,,Graduate,,challenger,src-31c65dbec869
IN-PC-2008-punjab-16,punjab,2019,13,PATIALA,Surjit Singh Rakhra,parties.IN.SAD,369309,31.35,2,lost,U,,Graduate,Party Worker,challenger,src-31c65dbec869
IN-PC-2008-punjab-16,punjab,2019,13,PATIALA,Dharam Vira Gandhi,,161645,13.72,3,forfeit,U,,Post Graduate,Doctor,incumbent,src-31c65dbec869
IN-PC-2008-punjab-16,punjab,2019,13,PATIALA,Neena Mittal,,56877,4.83,4,forfeit,U,,Graduate,Distributors,challenger,src-31c65dbec869
IN-PC-2008-punjab-16,punjab,2019,13,PATIALA,Banwari Lal,parties.IN.IND,8113,0.69,6,forfeit,U,,12th Pass,,challenger,src-31c65dbec869
IN-PC-2008-punjab-16,punjab,2019,13,PATIALA,Ashwani Kumar,parties.IN.SHS,4917,0.42,7,forfeit,U,,Graduate,,challenger,src-31c65dbec869
IN-PC-2008-punjab-16,punjab,2019,13,PATIALA,Parveen Kumar,parties.IN.IND,4747,0.4,8,forfeit,U,,12th Pass,Real Estate or Builder or Developer or Construction,challenger,src-31c65dbec869
IN-PC-2008-punjab-16,punjab,2019,13,PATIALA,Kshmakant Pandey,parties.IN.HSS,4308,0.37,9,forfeit,U,,12th Pass,,challenger,src-31c65dbec869
IN-PC-2008-punjab-16,punjab,2019,13,PATIALA,Makhan Singh,parties.IN.IND,2808,0.24,10,forfeit,U,,5th Pass,,challenger,src-31c65dbec869
IN-PC-2008-punjab-16,punjab,2019,13,PATIALA,Harpal Singh,parties.IN.APOI,2439,0.21,11,forfeit,U,,Post Graduate,,challenger,src-31c65dbec869
IN-PC-2008-punjab-16,punjab,2019,13,PATIALA,Jagmail Singh,parties.IN.IND,2274,0.19,12,forfeit,U,,12th Pass,,challenger,src-31c65dbec869
IN-PC-2008-punjab-16,punjab,2019,13,PATIALA,Amarpreet Singh,parties.IN.IND,1839,0.16,13,forfeit,U,,Doctorate,College Professor or Lecturer,challenger,src-31c65dbec869
IN-PC-2008-punjab-16,punjab,2019,13,PATIALA,Harbhajan Singh Virk,parties.IN.IND,1613,0.14,14,forfeit,U,,Post Graduate,Lawyer,challenger,src-31c65dbec869
IN-PC-2008-punjab-16,punjab,2019,13,PATIALA,Ajaib Singh,,1518,0.13,15,forfeit,U,,10th Pass,,challenger,src-31c65dbec869
IN-PC-2008-punjab-16,punjab,2019,13,PATIALA,Baldeep Singh,parties.IN.IND,1499,0.13,16,forfeit,U,,Doctorate,College Professor or Lecturer,challenger,src-31c65dbec869
IN-PC-2008-punjab-16,punjab,2019,13,PATIALA,Rishabh Sharma,parties.IN.IND,1390,0.12,17,forfeit,U,,Graduate Professional,Lawyer,challenger,src-31c65dbec869
IN-PC-2008-punjab-16,punjab,2019,13,PATIALA,Parminder Kumar,parties.IN.IND,1345,0.11,18,forfeit,U,,Graduate,,challenger,src-31c65dbec869
IN-PC-2008-punjab-16,punjab,2019,13,PATIALA,Rajesh Kumar,parties.IN.IND,1284,0.11,19,forfeit,U,,Post Graduate,School Teacher,challenger,src-31c65dbec869
IN-PC-2008-punjab-16,punjab,2019,13,PATIALA,Jasbir Singh,parties.IN.IND,1126,0.1,20,forfeit,U,,Illiterate,,challenger,src-31c65dbec869
IN-PC-2008-punjab-16,punjab,2019,13,PATIALA,Lal Chand,parties.IN.IND,1079,0.09,21,forfeit,U,,8th Pass,,challenger,src-31c65dbec869
IN-PC-2008-punjab-16,punjab,2019,13,PATIALA,Manjeet Singh,parties.IN.IND,1062,0.09,22,forfeit,U,,Post Graduate,,challenger,src-31c65dbec869
IN-PC-2008-punjab-16,punjab,2019,13,PATIALA,Randhir Singh Khangura,parties.IN.IND,1023,0.09,23,forfeit,U,,10th Pass,Qualified Professional,challenger,src-31c65dbec869
IN-PC-2008-punjab-16,punjab,2019,13,PATIALA,Mohan Lal,parties.IN.IND,986,0.08,24,forfeit,U,,10th Pass,,challenger,src-31c65dbec869
IN-PC-2008-punjab-16,punjab,2019,13,PATIALA,Shankar Lal,parties.IN.IND,803,0.07,25,forfeit,U,,5th Pass,Mechanic,challenger,src-31c65dbec869
IN-PC-2008-punjab-16,punjab,2019,13,PATIALA,Gurnam Singh,parties.IN.IND,762,0.06,26,forfeit,U,,Graduate Professional,Lawyer,challenger,src-31c65dbec869
IN-PC-2008-rajasthan-57,rajasthan,2019,1,GANGANAGAR,NIHAL CHAND,parties.IN.BJP,897177,61.8,1,won,U,,Graduate,MP,incumbent,src-31c65dbec869
IN-PC-2008-rajasthan-57,rajasthan,2019,1,GANGANAGAR,BHARAT RAM MEGHWAL,parties.IN.INC,490199,33.77,2,lost,U,,Graduate,,challenger,src-31c65dbec869
IN-PC-2008-rajasthan-57,rajasthan,2019,1,GANGANAGAR,RAVTARAM,parties.IN.CPI,18309,1.26,3,forfeit,U,,Literate,,challenger,src-31c65dbec869
IN-PC-2008-rajasthan-57,rajasthan,2019,1,GANGANAGAR,LUNARAMA,parties.IN.BSP,11579,0.8,5,forfeit,U,,Literate,,challenger,src-31c65dbec869
IN-PC-2008-rajasthan-57,rajasthan,2019,1,GANGANAGAR,DR. BALKRISHAN PANWAR,parties.IN.IND,6878,0.47,6,forfeit,U,,Graduate Professional,Medical Professional,challenger,src-31c65dbec869
IN-PC-2008-rajasthan-57,rajasthan,2019,1,GANGANAGAR,SATISH KUMAR,parties.IN.IND,4120,0.28,7,forfeit,U,,Literate,,challenger,src-31c65dbec869
IN-PC-2008-rajasthan-57,rajasthan,2019,1,GANGANAGAR,BHAJAN SINGH GHAROO,parties.IN.IND,3414,0.24,8,forfeit,U,,Post Graduate,,challenger,src-31c65dbec869
IN-PC-2008-rajasthan-57,rajasthan,2019,1,GANGANAGAR,TITARA SINGH,parties.IN.IND,2726,0.19,9,forfeit,U,,Literate,,challenger,src-31c65dbec869
IN-PC-2008-rajasthan-57,rajasthan,2019,1,GANGANAGAR,NARESH KUMAR,parties.IN.IND,1820,0.13,10,forfeit,U,,8th Pass,,challenger,src-31c65dbec869
IN-PC-2008-rajasthan-53,rajasthan,2019,2,BIKANER (SC),ARJUN RAM MEGHWAL,parties.IN.BJP,657743,59.82,1,won,U,,Post Graduate,Rent,incumbent,src-31c65dbec869
IN-PC-2008-rajasthan-53,rajasthan,2019,2,BIKANER (SC),MADAN GOPAL MEGHWAL,parties.IN.INC,393662,35.8,2,lost,U,,Graduate,,challenger,src-31c65dbec869
IN-PC-2008-rajasthan-53,rajasthan,2019,2,BIKANER (SC),BHAIRA RAM,parties.IN.BSP,11412,1.04,4,forfeit,U,,5th Pass,,challenger,src-31c65dbec869
IN-PC-2008-rajasthan-53,rajasthan,2019,2,BIKANER (SC),SHYOPAT RAM,,8997,0.82,5,forfeit,U,,Graduate,,challenger,src-31c65dbec869
IN-PC-2008-rajasthan-53,rajasthan,2019,2,BIKANER (SC),GHANSHYAM MEGHWAL,parties.IN.APOI,3752,0.34,6,forfeit,U,,8th Pass,Taxi Driver,challenger,src-31c65dbec869
IN-PC-2008-rajasthan-53,rajasthan,2019,2,BIKANER (SC),BABULAL,parties.IN.IND,3556,0.32,7,forfeit,U,,10th Pass,,challenger,src-31c65dbec869
IN-PC-2008-rajasthan-53,rajasthan,2019,2,BIKANER (SC),ARJUN RAM,parties.IN.IND,3447,0.31,8,forfeit,U,,,,challenger,src-31c65dbec869
IN-PC-2008-rajasthan-53,rajasthan,2019,2,BIKANER (SC),TRILOKI NARAYAN HATILA,,1774,0.16,9,forfeit,U,,12th Pass,,challenger,src-31c65dbec869
IN-PC-2008-rajasthan-53,rajasthan,2019,2,BIKANER (SC),PUNAM CHAND ALIAS PUNEET DHAL,parties.IN.HND,1745,0.16,10,forfeit,U,,8th Pass,,challenger,src-31c65dbec869
IN-PC-2008-rajasthan-55,rajasthan,2019,3,CHURU,RAHUL KASWAN,parties.IN.BJP,792999,59.69,1,won,U,,Graduate,,incumbent,src-31c65dbec869
IN-PC-2008-rajasthan-55,rajasthan,2019,3,CHURU,RAFIQUE MANDELIA,parties.IN.INC,458597,34.52,2,lost,U,,10th Pass,,challenger,src-31c65dbec869
IN-PC-2008-rajasthan-55,rajasthan,2019,3,CHURU,BALWAN POONIA,,25090,1.89,3,forfeit,U,,Graduate Professional,MLA,challenger,src-31c65dbec869
IN-PC-2008-rajasthan-55,rajasthan,2019,3,CHURU,HARI SINGH,parties.IN.BSP,16116,1.21,4,forfeit,U,,12th Pass,,challenger,src-31c65dbec869
IN-PC-2008-rajasthan-55,rajasthan,2019,3,CHURU,SHEELA SHEKHAWAT,parties.IN.IND,6526,0.49,6,forfeit,U,,Post Graduate,Shop Keeper,challenger,src-31c65dbec869
IN-PC-2008-rajasthan-55,rajasthan,2019,3,CHURU,SUKHADEV MEGHWAL,parties.IN.IND,4582,0.34,7,forfeit,U,,,,challenger,src-31c65dbec869
IN-PC-2008-rajasthan-55,rajasthan,2019,3,CHURU,KUMBHA RAM MEENA,parties.IN.IND,3507,0.26,8,forfeit,U,,,,challenger,src-31c65dbec869
IN-PC-2008-rajasthan-55,rajasthan,2019,3,CHURU,BISHANARAM,parties.IN.IND,3326,0.25,9,forfeit,U,,Graduate,,challenger,src-31c65dbec869
IN-PC-2008-rajasthan-55,rajasthan,2019,3,CHURU,SATYAPAL BAUDDH,parties.IN.APOI,3080,0.23,10,forfeit,U,,10th Pass,,challenger,src-31c65dbec869
IN-PC-2008-rajasthan-55,rajasthan,2019,3,CHURU,GOMATI DHARAMPAL KATARIA,,1621,0.12,11,forfeit,U,,Literate,Household,challenger,src-31c65dbec869
IN-PC-2008-rajasthan-55,rajasthan,2019,3,CHURU,DARARAM NAYAK,parties.IN.IND,1573,0.12,12,forfeit,U,,Graduate,,challenger,src-31c65dbec869
IN-PC-2008-rajasthan-55,rajasthan,2019,3,CHURU,ASLAM,parties.IN.IND,1427,0.11,13,forfeit,U,,Literate,,challenger,src-31c65dbec869
IN-PC-2008-rajasthan-62,rajasthan,2019,4,JHUNJHUNU,NARENDRA KUMAR,parties.IN.BJP,738163,61.57,1,won,U,,Graduate,Party Worker,challenger,src-31c65dbec869
IN-PC-2008-rajasthan-62,rajasthan,2019,4,JHUNJHUNU,SHARWAN KUMAR S/O GOKAL RAM,parties.IN.INC,435616,36.33,2,lost,U,,10th Pass,MLA,challenger,src-31c65dbec869
IN-PC-2008-rajasthan-62,rajasthan,2019,4,JHUNJHUNU,SHARWAN KUMAR S/O HUKMA RAM,parties.IN.IND,5582,0.47,4,forfeit,U,,10th Pass,,challenger,src-31c65dbec869
IN-PC-2008-rajasthan-62,rajasthan,2019,4,JHUNJHUNU,AJAY PAL,parties.IN.BMUP,4267,0.36,5,forfeit,U,,Post Graduate,,challenger,src-31c65dbec869
IN-PC-2008-rajasthan-62,rajasthan,2019,4,JHUNJHUNU,MOHD. YUNUS,parties.IN.IND,1438,0.12,6,forfeit,U,,Graduate,Contractor,challenger,src-31c65dbec869
IN-PC-2008-rajasthan-62,rajasthan,2019,4,JHUNJHUNU,BHIM SINGH,parties.IN.IND,1238,0.1,7,forfeit,U,,Literate,Rent,challenger,src-31c65dbec869
IN-PC-2008-rajasthan-62,rajasthan,2019,4,JHUNJHUNU,Dr. TEJPAL KATEWA,parties.IN.RTORP,803,0.07,8,forfeit,U,,Graduate Professional,Doctor,challenger,src-31c65dbec869
IN-PC-2008-rajasthan-62,rajasthan,2019,4,JHUNJHUNU,KRISHAN KUMAR JANGIR,,798,0.07,9,forfeit,U,,5th Pass,,challenger,src-31c65dbec869
IN-PC-2008-rajasthan-62,rajasthan,2019,4,JHUNJHUNU,BALDEV PRASAD SAINI,parties.IN.IND,728,0.06,10,forfeit,U,,,,challenger,src-31c65dbec869
IN-PC-2008-rajasthan-62,rajasthan,2019,4,JHUNJHUNU,KAILASH KARWASARA,parties.IN.IND,678,0.06,11,forfeit,U,,10th Pass,,challenger,src-31c65dbec869
IN-PC-2008-rajasthan-62,rajasthan,2019,4,JHUNJHUNU,MAHANT AKASH GIRI,parties.IN.IND,617,0.05,12,forfeit,U,,Literate,,challenger,src-31c65dbec869
IN-PC-2008-rajasthan-62,rajasthan,2019,4,JHUNJHUNU,GURU GOKUL CHAND RASHTRAWADI,parties.IN.IND,502,0.04,13,forfeit,U,,,,challenger,src-31c65dbec869
IN-PC-2008-rajasthan-69,rajasthan,2019,5,SIKAR,Sumedhanand Saraswati,parties.IN.BJP,772104,58.19,1,won,U,,Post Graduate,Rent,incumbent,src-31c65dbec869
IN-PC-2008-rajasthan-69,rajasthan,2019,5,SIKAR,Subhash Maharia,parties.IN.INC,474948,35.79,2,lost,U,,Graduate,,challenger,src-31c65dbec869
IN-PC-2008-rajasthan-69,rajasthan,2019,5,SIKAR,Amraram,,31462,2.37,3,forfeit,U,,Post Graduate,Ex MLA,challenger,src-31c65dbec869
IN-PC-2008-rajasthan-69,rajasthan,2019,5,SIKAR,Vijendra Kumar,,12416,0.94,4,forfeit,U,,8th Pass,,challenger,src-31c65dbec869
IN-PC-2008-rajasthan-69,rajasthan,2019,5,SIKAR,Bhagirath Singh Kharrte Bhadhadar,parties.IN.IND,8034,0.61,5,forfeit,U,,Graduate,,challenger,src-31c65dbec869
IN-PC-2008-rajasthan-69,rajasthan,2019,5,SIKAR,Sita Devi,parties.IN.BSP,6831,0.51,7,forfeit,U,,8th Pass,Household,crossover,src-31c65dbec869
IN-PC-2008-rajasthan-69,rajasthan,2019,5,SIKAR,Bhagwan Sahay,parties.IN.IND,3555,0.27,8,forfeit,U,,Literate,,challenger,src-31c65dbec869
IN-PC-2008-rajasthan-69,rajasthan,2019,5,SIKAR,Ajaypal,parties.IN.IND,3355,0.25,9,forfeit,U,,10th Pass,,challenger,src-31c65dbec869
IN-PC-2008-rajasthan-69,rajasthan,2019,5,SIKAR,Vikas Kumar,parties.IN.IND,2319,0.17,10,forfeit,U,,Post Graduate,,challenger,src-31c65dbec869
IN-PC-2008-rajasthan-69,rajasthan,2019,5,SIKAR,Shivbhagwan Sardiwal,,1862,0.14,11,forfeit,U,,8th Pass,,challenger,src-31c65dbec869
IN-PC-2008-rajasthan-69,rajasthan,2019,5,SIKAR,Bansilal Kataria,parties.IN.IND,1462,0.11,12,forfeit,U,,10th Pass,,challenger,src-31c65dbec869
IN-PC-2008-rajasthan-69,rajasthan,2019,5,SIKAR,Ankur Sharma,parties.IN.IND,805,0.06,13,forfeit,U,,Post Graduate,Astrologer,challenger,src-31c65dbec869
IN-PC-2008-rajasthan-58,rajasthan,2019,6,JAIPUR RURAL,COL. RAJYAVARDHAN RATHORE,parties.IN.BJP,820132,64.24,1,won,U,,Graduate,Sports,incumbent,src-31c65dbec869
IN-PC-2008-rajasthan-58,rajasthan,2019,6,JAIPUR RURAL,KRISHNA POONIA,parties.IN.INC,426961,33.44,2,lost,U,,Graduate,,challenger,src-31c65dbec869
IN-PC-2008-rajasthan-58,rajasthan,2019,6,JAIPUR RURAL,VIRENDER SINGH BIDHURI,parties.IN.BSP,7976,0.62,4,forfeit,U,,Literate,,challenger,src-31c65dbec869
IN-PC-2008-rajasthan-58,rajasthan,2019,6,JAIPUR RURAL,VINOD SHARMA,parties.IN.IND,4146,0.32,5,forfeit,U,,Post Graduate,Lawyer,challenger,src-31c65dbec869
IN-PC-2008-rajasthan-58,rajasthan,2019,6,JAIPUR RURAL,RAJENDRA KUMAR,parties.IN.APOI,3800,0.3,6,forfeit,U,,Graduate Professional,,challenger,src-31c65dbec869
IN-PC-2008-rajasthan-58,rajasthan,2019,6,JAIPUR RURAL,RAMSINGH KASANA,parties.IN.IND,1834,0.14,7,forfeit,U,,,,challenger,src-31c65dbec869
IN-PC-2008-rajasthan-58,rajasthan,2019,6,JAIPUR RURAL,RAM NIWAS NENAWAT MEGHAWAL,,1259,0.1,8,forfeit,U,,Literate,,challenger,src-31c65dbec869
IN-PC-2008-rajasthan-58,rajasthan,2019,6,JAIPUR RURAL,BANWARI LAL MEENA,parties.IN.IND,1234,0.1,9,forfeit,U,,,,challenger,src-31c65dbec869
IN-PC-2008-rajasthan-56,rajasthan,2019,7,JAIPUR,Ramcharan Bohra,parties.IN.BJP,924065,63.45,1,won,U,,12th Pass,,incumbent,src-31c65dbec869
IN-PC-2008-rajasthan-56,rajasthan,2019,7,JAIPUR,Jyoti Khandelwal,parties.IN.INC,493439,33.88,2,lost,U,,Doctorate,Home Teacher or Tuition,challenger,src-31c65dbec869
IN-PC-2008-rajasthan-56,rajasthan,2019,7,JAIPUR,Umrao Salodia,parties.IN.BSP,7867,0.54,3,forfeit,U,,Post Graduate,,challenger,src-31c65dbec869
IN-PC-2008-rajasthan-56,rajasthan,2019,7,JAIPUR,Yogesh Sharma,parties.IN.IND,3356,0.23,5,forfeit,U,,8th Pass,,challenger,src-31c65dbec869
IN-PC-2008-rajasthan-56,rajasthan,2019,7,JAIPUR,Kuldeep Singh,,2623,0.18,6,forfeit,U,,Post Graduate,Party Worker,challenger,src-31c65dbec869
IN-PC-2008-rajasthan-56,rajasthan,2019,7,JAIPUR,Ram Charan Joshi,parties.IN.IND,2187,0.15,7,forfeit,U,,Graduate,Lawyer,challenger,src-31c65dbec869
IN-PC-2008-rajasthan-56,rajasthan,2019,7,JAIPUR,Ram Janki Swami,parties.IN.IND,2058,0.14,8,forfeit,U,,Literate,Rent,challenger,src-31c65dbec869
IN-PC-2008-rajasthan-56,rajasthan,2019,7,JAIPUR,Ram Sahay Meena Kalky,parties.IN.PPID,1820,0.12,9,forfeit,U,,Post Graduate,,challenger,src-31c65dbec869
IN-PC-2008-rajasthan-56,rajasthan,2019,7,JAIPUR,Yakub Khan,parties.IN.IND,1630,0.11,10,forfeit,U,,Literate,,challenger,src-31c65dbec869
IN-PC-2008-rajasthan-56,rajasthan,2019,7,JAIPUR,Ramlal Dhanaka,parties.IN.IND,1536,0.11,11,forfeit,U,,Literate,,challenger,src-31c65dbec869
IN-PC-2008-rajasthan-56,rajasthan,2019,7,JAIPUR,Vinay Kumar Varma,parties.IN.IND,1522,0.1,12,forfeit,U,,12th Pass,,challenger,src-31c65dbec869
IN-PC-2008-rajasthan-56,rajasthan,2019,7,JAIPUR,Manoj Kumar Joshi,parties.IN.IND,1496,0.1,13,forfeit,U,,12th Pass,,challenger,src-31c65dbec869
IN-PC-2008-rajasthan-56,rajasthan,2019,7,JAIPUR,Shobhal Singh,parties.IN.IND,1348,0.09,14,forfeit,U,,Graduate Professional,Household,challenger,src-31c65dbec869
IN-PC-2008-rajasthan-56,rajasthan,2019,7,JAIPUR,Kailash Chand Jagarwal,parties.IN.APOI,884,0.06,15,forfeit,U,,Graduate,,challenger,src-31c65dbec869
IN-PC-2008-rajasthan-56,rajasthan,2019,7,JAIPUR,Babita Wadhwani,parties.IN.IND,672,0.05,16,forfeit,U,,Post Graduate,,challenger,src-31c65dbec869
IN-PC-2008-rajasthan-56,rajasthan,2019,7,JAIPUR,Sanjay Garg,,508,0.03,17,forfeit,U,,Others,Rent,challenger,src-31c65dbec869
IN-PC-2008-rajasthan-56,rajasthan,2019,7,JAIPUR,Bhanwar Lal Joshi,parties.IN.RJBP,506,0.03,18,forfeit,U,,Graduate,Qualified Professional,challenger,src-31c65dbec869
IN-PC-2008-rajasthan-56,rajasthan,2019,7,JAIPUR,Haripal Bairwa,parties.IN.IND,440,0.03,19,forfeit,U,,8th Pass,Ex Govt Employee,challenger,src-31c65dbec869
IN-PC-2008-rajasthan-56,rajasthan,2019,7,JAIPUR,Prashant Saini,parties.IN.IND,384,0.03,20,forfeit,U,,Post Graduate,,challenger,src-31c65dbec869
IN-PC-2008-rajasthan-56,rajasthan,2019,7,JAIPUR,Kamal Bhargav,parties.IN.IND,358,0.02,21,forfeit,U,,5th Pass,,challenger,src-31c65dbec869
IN-PC-2008-rajasthan-56,rajasthan,2019,7,JAIPUR,P. Trilok Tiwari,,349,0.02,22,forfeit,U,,10th Pass,,challenger,src-31c65dbec869
IN-PC-2008-rajasthan-56,rajasthan,2019,7,JAIPUR,Pankaj Patel,parties.IN.IND,327,0.02,23,forfeit,U,,Post Graduate,,challenger,src-31c65dbec869
IN-PC-2008-rajasthan-56,rajasthan,2019,7,JAIPUR,Sharad Chand Jain,parties.IN.IND,254,0.02,24,forfeit,U,,Graduate,,challenger,src-31c65dbec869
IN-PC-2008-rajasthan-56,rajasthan,2019,7,JAIPUR,Virad Singla,parties.IN.IND,253,0.02,25,forfeit,U,,Graduate Professional,,challenger,src-31c65dbec869
IN-PC-2008-rajasthan-48,rajasthan,2019,8,ALWAR,Balak Nath,parties.IN.BJP,760201,60.06,1,won,U,,10th Pass,,challenger,src-31c65dbec869
IN-PC-2008-rajasthan-48,rajasthan,2019,8,ALWAR,Bhanwar Jitendra Singh,parties.IN.INC,430230,33.99,2,lost,U,,Graduate,,challenger,src-31c65dbec869
IN-PC-2008-rajasthan-48,rajasthan,2019,8,ALWAR,Imran Khan,parties.IN.BSP,56649,4.48,3,forfeit,U,,10th Pass,,challenger,src-31c65dbec869
IN-PC-2008-rajasthan-48,rajasthan,2019,8,ALWAR,Anoop Kumar Meghwal,,3444,0.27,5,forfeit,U,,10th Pass,Real Estate or Builder or Developer or Construction,challenger,src-31c65dbec869
IN-PC-2008-rajasthan-48,rajasthan,2019,8,ALWAR,Pawan Kumar Jain,parties.IN.IND,2533,0.2,6,forfeit,U,,Graduate,,challenger,src-31c65dbec869
IN-PC-2008-rajasthan-48,rajasthan,2019,8,ALWAR,Madan Lal,parties.IN.IND,1991,0.16,7,forfeit,U,,10th Pass,,challenger,src-31c65dbec869
IN-PC-2008-rajasthan-48,rajasthan,2019,8,ALWAR,Amit Jangir,parties.IN.APOI,1601,0.13,8,forfeit,U,,12th Pass,Shop Keeper,challenger,src-31c65dbec869
IN-PC-2008-rajasthan-48,rajasthan,2019,8,ALWAR,Anand Kumar Sain,parties.IN.IND,1303,0.1,9,forfeit,U,,Post Graduate,School Teacher,challenger,src-31c65dbec869
IN-PC-2008-rajasthan-48,rajasthan,2019,8,ALWAR,Tilak Raj Munjal,parties.IN.IND,903,0.07,10,forfeit,U,,Graduate,,challenger,src-31c65dbec869
IN-PC-2008-rajasthan-48,rajasthan,2019,8,ALWAR,Advocate Amit Kumar Gupta,parties.IN.IND,808,0.06,11,forfeit,U,,Graduate Professional,,challenger,src-31c65dbec869
IN-PC-2008-rajasthan-48,rajasthan,2019,8,ALWAR,Gulab Singh,,626,0.05,12,forfeit,U,,Graduate,Ex Military,challenger,src-31c65dbec869
IN-PC-2008-rajasthan-51,rajasthan,2019,9,BHARATPUR,RANJEETA KOLI,parties.IN.BJP,707992,61.74,1,won,U,,8th Pass,Household,challenger,src-31c65dbec869
IN-PC-2008-rajasthan-51,rajasthan,2019,9,BHARATPUR,ABHIJEET KUMAR JATAV,parties.IN.INC,389593,33.97,2,lost,U,,Graduate Professional,,challenger,src-31c65dbec869
IN-PC-2008-rajasthan-51,rajasthan,2019,9,BHARATPUR,SURAJ PRADHAN JATAV,parties.IN.BSP,31615,2.76,3,forfeit,U,,Graduate Professional,Lawyer,challenger,src-31c65dbec869
IN-PC-2008-rajasthan-51,rajasthan,2019,9,BHARATPUR,MANGAL RAM GODRA,parties.IN.APOI,5715,0.5,4,forfeit,U,,12th Pass,,challenger,src-31c65dbec869
IN-PC-2008-rajasthan-51,rajasthan,2019,9,BHARATPUR,SUNIL,parties.IN.IND,2236,0.19,6,forfeit,U,,12th Pass,,challenger,src-31c65dbec869
IN-PC-2008-rajasthan-51,rajasthan,2019,9,BHARATPUR,PURUSHOTTAM BABA,parties.IN.IND,1897,0.17,7,forfeit,U,,,,challenger,src-31c65dbec869
IN-PC-2008-rajasthan-51,rajasthan,2019,9,BHARATPUR,TEJVEER SINGH,parties.IN.IND,1098,0.1,8,forfeit,U,,10th Pass,,challenger,src-31c65dbec869
IN-PC-2008-rajasthan-51,rajasthan,2019,9,BHARATPUR,GHANSHYAM SINGH YADAV,parties.IN.IND,1013,0.09,9,forfeit,U,,Graduate,,challenger,src-31c65dbec869
IN-PC-2008-rajasthan-47,rajasthan,2019,12,TONK-SAWAI MADHOPUR,Sukhbir Singh Jaunapuria,parties.IN.BJP,644319,52.24,1,won,U,,12th Pass,Real Estate or Builder or Developer or Construction,incumbent,src-31c65dbec869
IN-PC-2008-rajasthan-47,rajasthan,2019,12,TONK-SAWAI MADHOPUR,Namonarayan,parties.IN.INC,533028,43.21,2,lost,U,,Post Graduate,,challenger,src-31c65dbec869
IN-PC-2008-rajasthan-47,rajasthan,2019,12,TONK-SAWAI MADHOPUR,Laxmi Kant Bairwa,parties.IN.BSP,23301,1.89,3,forfeit,U,,Graduate,,challenger,src-31c65dbec869
IN-PC-2008-rajasthan-47,rajasthan,2019,12,TONK-SAWAI MADHOPUR,Ganesh Meena,,7167,0.58,5,forfeit,U,,10th Pass,,challenger,src-31c65dbec869
IN-PC-2008-rajasthan-47,rajasthan,2019,12,TONK-SAWAI MADHOPUR,Naresh Kumar Atal,parties.IN.APOI,5382,0.44,6,forfeit,U,,Graduate Professional,,challenger,src-31c65dbec869
IN-PC-2008-rajasthan-47,rajasthan,2019,12,TONK-SAWAI MADHOPUR,Prem Lata Banshiwal,parties.IN.IND,4795,0.39,7,forfeit,U,,,,challenger,src-31c65dbec869
IN-PC-2008-rajasthan-47,rajasthan,2019,12,TONK-SAWAI MADHOPUR,Mukesh Kumar,parties.IN.SHS,4600,0.37,8,forfeit,U,,Literate,,challenger,src-31c65dbec869
IN-PC-2008-rajasthan-47,rajasthan,2019,12,TONK-SAWAI MADHOPUR,Bajrang Lal Meena,,1892,0.15,9,forfeit,U,,10th Pass,,challenger,src-31c65dbec869
IN-PC-2008-rajasthan-70,rajasthan,2019,13,AJMER,Bhagirath Chaudhary,parties.IN.BJP,815076,64.58,1,won,U,,12th Pass,,challenger,src-31c65dbec869
IN-PC-2008-rajasthan-70,rajasthan,2019,13,AJMER,Riju Jhunjhunwala,parties.IN.INC,398652,31.58,2,lost,U,,Graduate,Private Company,challenger,src-31c65dbec869
IN-PC-2008-rajasthan-70,rajasthan,2019,13,AJMER,Durga Lal Regar,parties.IN.BSP,13618,1.08,3,forfeit,U,,Post Graduate,,challenger,src-31c65dbec869
IN-PC-2008-rajasthan-70,rajasthan,2019,13,AJMER,Vishram Babu,parties.IN.APOI,13041,1.03,4,forfeit,U,,Post Graduate,Rent,challenger,src-31c65dbec869
IN-PC-2008-rajasthan-70,rajasthan,2019,13,AJMER,Soniya Regar,parties.IN.IND,4824,0.38,6,forfeit,U,,12th Pass,,challenger,src-31c65dbec869
IN-PC-2008-rajasthan-70,rajasthan,2019,13,AJMER,Mukesh Gena,parties.IN.IND,4652,0.37,7,forfeit,U,,Graduate,Agricultural Business,challenger,src-31c65dbec869
IN-PC-2008-rajasthan-70,rajasthan,2019,13,AJMER,Pramod Kumar,parties.IN.IND,2773,0.22,8,forfeit,U,,8th Pass,,challenger,src-31c65dbec869
IN-PC-2008-rajasthan-65,rajasthan,2019,14,NAGAUR,HANUMAN BENIWAL,,660051,54.86,1,won,U,,Graduate Professional,Ex MLA,challenger,src-31c65dbec869
IN-PC-2008-rajasthan-65,rajasthan,2019,14,NAGAUR,DR. JYOTI MIRDHA,parties.IN.INC,478791,39.8,2,lost,U,,Graduate Professional,Ex MP,challenger,src-31c65dbec869
IN-PC-2008-rajasthan-65,rajasthan,2019,14,NAGAUR,SAROJ PRAJAPAT,parties.IN.IND,12785,1.06,4,forfeit,U,,Post Graduate,Home Teacher or Tuition,challenger,src-31c65dbec869
IN-PC-2008-rajasthan-65,rajasthan,2019,14,NAGAUR,SOHANARAM RATHI,parties.IN.IND,10210,0.85,5,forfeit,U,,Post Graduate,Ex Civil Service,challenger,src-31c65dbec869
IN-PC-2008-rajasthan-65,rajasthan,2019,14,NAGAUR,HANUMANRAM,,7486,0.62,6,forfeit,U,,8th Pass,Contractor,crossover,src-31c65dbec869
IN-PC-2008-rajasthan-65,rajasthan,2019,14,NAGAUR,RAVINDRA SINGH SHEKHAWAT,parties.IN.IND,7115,0.59,7,forfeit,U,,Graduate,,challenger,src-31c65dbec869
IN-PC-2008-rajasthan-65,rajasthan,2019,14,NAGAUR,DHARMI CHAND,parties.IN.IND,3168,0.26,8,forfeit,U,,12th Pass,,challenger,src-31c65dbec869
IN-PC-2008-rajasthan-65,rajasthan,2019,14,NAGAUR,RAM CHANDRA,parties.IN.IND,2585,0.21,9,forfeit,U,,Others,Ex Govt Employee,challenger,src-31c65dbec869
IN-PC-2008-rajasthan-65,rajasthan,2019,14,NAGAUR,SHIV NARAYAN,parties.IN.IND,2403,0.2,10,forfeit,U,,10th Pass,,challenger,src-31c65dbec869
IN-PC-2008-rajasthan-65,rajasthan,2019,14,NAGAUR,C.A. RASTRA PUTRA HINDU,parties.IN.IND,1543,0.13,11,forfeit,U,,,,challenger,src-31c65dbec869
IN-PC-2008-rajasthan-65,rajasthan,2019,14,NAGAUR,PREM RAJ,parties.IN.IND,1354,0.11,12,forfeit,U,,12th Pass,,challenger,src-31c65dbec869
IN-PC-2008-rajasthan-65,rajasthan,2019,14,NAGAUR,MADANLAL,parties.IN.IND,1312,0.11,13,forfeit,U,,,,challenger,src-31c65dbec869
IN-PC-2008-rajasthan-65,rajasthan,2019,14,NAGAUR,DHARMENDRA,parties.IN.IND,1272,0.11,14,forfeit,U,,8th Pass,,challenger,src-31c65dbec869
IN-PC-2008-rajasthan-61,rajasthan,2019,15,PALI,P. P. CHAUDHARY,parties.IN.BJP,900149,66.2,1,won,U,,Graduate Professional,MP,incumbent,src-31c65dbec869
IN-PC-2008-rajasthan-61,rajasthan,2019,15,PALI,BADRIRAM JAKHAR,parties.IN.INC,418552,30.78,2,lost,U,,Literate,Transport,challenger,src-31c65dbec869
IN-PC-2008-rajasthan-61,rajasthan,2019,15,PALI,KANHAIYALAL VAISHNAV,parties.IN.SHS,7745,0.57,4,forfeit,U,,8th Pass,Real Estate or Builder or Developer or Construction,challenger,src-31c65dbec869
IN-PC-2008-rajasthan-61,rajasthan,2019,15,PALI,RAMPRASAD JATAV,parties.IN.APOI,6244,0.46,5,forfeit,U,,Post Graduate,,challenger,src-31c65dbec869
IN-PC-2008-rajasthan-61,rajasthan,2019,15,PALI,HEMANT KUMAR SINGHVI,parties.IN.IND,5139,0.38,6,forfeit,U,,Post Graduate,Lawyer,challenger,src-31c65dbec869
IN-PC-2008-rajasthan-61,rajasthan,2019,15,PALI,Dr. RAMLAL MOHBARSHA,,2569,0.19,7,forfeit,U,,Doctorate,,challenger,src-31c65dbec869
IN-PC-2008-rajasthan-61,rajasthan,2019,15,PALI,JAGDISH CHANDRA,parties.IN.IND,2337,0.17,8,forfeit,U,,Literate,Ex Govt Employee,challenger,src-31c65dbec869
IN-PC-2008-rajasthan-61,rajasthan,2019,15,PALI,LAXMAN KUMAR,,1884,0.14,9,forfeit,U,,8th Pass,,challenger,src-31c65dbec869
IN-PC-2008-rajasthan-49,rajasthan,2019,16,JODHPUR,Gajendra Singh Shekhawat,parties.IN.BJP,788888,58.6,1,won,U,,Post Graduate,MP,incumbent,src-31c65dbec869
IN-PC-2008-rajasthan-49,rajasthan,2019,16,JODHPUR,Vaibhav Gehlot,parties.IN.INC,514448,38.21,2,lost,U,,Graduate Professional,Transport,challenger,src-31c65dbec869
IN-PC-2008-rajasthan-49,rajasthan,2019,16,JODHPUR,Mukul Chaudhary,parties.IN.BSP,11703,0.87,3,forfeit,U,,Post Graduate,Rent,challenger,src-31c65dbec869
IN-PC-2008-rajasthan-49,rajasthan,2019,16,JODHPUR,Amar Singh Kalundha,parties.IN.BTP,7263,0.54,5,forfeit,U,,Graduate,,challenger,src-31c65dbec869
IN-PC-2008-rajasthan-49,rajasthan,2019,16,JODHPUR,Vishek Vishnoi,parties.IN.IND,4521,0.34,6,forfeit,U,,Graduate,,challenger,src-31c65dbec869
IN-PC-2008-rajasthan-49,rajasthan,2019,16,JODHPUR,Shambhu Ram,parties.IN.IND,3052,0.23,7,forfeit,U,,8th Pass,,challenger,src-31c65dbec869
IN-PC-2008-rajasthan-49,rajasthan,2019,16,JODHPUR,Moda Ram Meghwal,parties.IN.IND,1519,0.11,8,forfeit,U,,Graduate Professional,,challenger,src-31c65dbec869
IN-PC-2008-rajasthan-49,rajasthan,2019,16,JODHPUR,Anil Joya Meghwal,parties.IN.IND,1327,0.1,9,forfeit,U,,8th Pass,Auto-rickshaw Driver,challenger,src-31c65dbec869
IN-PC-2008-rajasthan-49,rajasthan,2019,16,JODHPUR,Tasleem,parties.IN.IND,933,0.07,10,forfeit,U,,Illiterate,Household,challenger,src-31c65dbec869
IN-PC-2008-rajasthan-49,rajasthan,2019,16,JODHPUR,Chand Mohammad,parties.IN.IND,901,0.07,11,forfeit,U,,5th Pass,,challenger,src-31c65dbec869
IN-PC-2008-rajasthan-71,rajasthan,2019,18,JALORE,Devaji Patel,parties.IN.BJP,772833,56.76,1,won,U,,10th Pass,MP,incumbent,src-31c65dbec869
IN-PC-2008-rajasthan-71,rajasthan,2019,18,JALORE,Ratan Devasi,parties.IN.INC,511723,37.58,2,lost,U,,12th Pass,,challenger,src-31c65dbec869
IN-PC-2008-rajasthan-71,rajasthan,2019,18,JALORE,Lukaram,parties.IN.IND,13485,0.99,4,forfeit,U,,Literate,,challenger,src-31c65dbec869
IN-PC-2008-rajasthan-71,rajasthan,2019,18,JALORE,Kaluram,parties.IN.RRP,12284,0.9,5,forfeit,U,,8th Pass,,challenger,src-31c65dbec869
IN-PC-2008-rajasthan-71,rajasthan,2019,18,JALORE,Lakharam Choudhary,parties.IN.IND,6333,0.47,6,forfeit,U,,8th Pass,,challenger,src-31c65dbec869
IN-PC-2008-rajasthan-71,rajasthan,2019,18,JALORE,Ramprasad Jatav,parties.IN.APOI,3879,0.28,7,forfeit,U,,Post Graduate,,challenger,src-31c65dbec869
IN-PC-2008-rajasthan-71,rajasthan,2019,18,JALORE,Mohanlal,parties.IN.IND,3466,0.25,8,forfeit,U,,,,challenger,src-31c65dbec869
IN-PC-2008-rajasthan-71,rajasthan,2019,18,JALORE,Bhanwerlal,parties.IN.BMUP,3344,0.25,9,forfeit,U,,Others,Retired or Pension,challenger,src-31c65dbec869
IN-PC-2008-rajasthan-71,rajasthan,2019,18,JALORE,Bheraram Barar (Meghwal),parties.IN.IND,3321,0.24,10,forfeit,U,,10th Pass,,challenger,src-31c65dbec869
IN-PC-2008-rajasthan-71,rajasthan,2019,18,JALORE,Dinesh Singh,parties.IN.IND,3248,0.24,11,forfeit,U,,Post Graduate,,challenger,src-31c65dbec869
IN-PC-2008-rajasthan-71,rajasthan,2019,18,JALORE,Vijay Shree,parties.IN.SHS,2908,0.21,12,forfeit,U,,12th Pass,,challenger,src-31c65dbec869
IN-PC-2008-rajasthan-71,rajasthan,2019,18,JALORE,Bhavaram,parties.IN.IND,2527,0.19,13,forfeit,U,,,,challenger,src-31c65dbec869
IN-PC-2008-rajasthan-71,rajasthan,2019,18,JALORE,Nimbaram,parties.IN.IND,2016,0.15,14,forfeit,U,,8th Pass,,challenger,src-31c65dbec869
IN-PC-2008-rajasthan-71,rajasthan,2019,18,JALORE,Kapoora Ram Meena,parties.IN.IND,1314,0.1,15,forfeit,U,,Post Graduate,,challenger,src-31c65dbec869
IN-PC-2008-rajasthan-71,rajasthan,2019,18,JALORE,Kheta Ram,parties.IN.IND,1224,0.09,16,forfeit,U,,12th Pass,,challenger,src-31c65dbec869
IN-PC-2008-rajasthan-54,rajasthan,2019,19,UDAIPUR,ARJUNLAL MEENA,parties.IN.BJP,871548,59.92,1,won,U,,Post Graduate,Ex Civil Service,incumbent,src-31c65dbec869
IN-PC-2008-rajasthan-54,rajasthan,2019,19,UDAIPUR,RAGHUVIR SINGH MEENA,parties.IN.INC,433634,29.81,2,lost,U,,Graduate Professional,Agricultural Business,challenger,src-31c65dbec869
IN-PC-2008-rajasthan-54,rajasthan,2019,19,UDAIPUR,BIRDHI LAL CHHANWAL,parties.IN.BTP,51643,3.55,3,forfeit,U,,Post Graduate,,challenger,src-31c65dbec869
IN-PC-2008-rajasthan-54,rajasthan,2019,19,UDAIPUR,GHANSHYAM SINGH TAWAR,parties.IN.CPI,18386,1.26,5,forfeit,U,,Graduate,,challenger,src-31c65dbec869
IN-PC-2008-rajasthan-54,rajasthan,2019,19,UDAIPUR,KESULAL MEENA,parties.IN.BSP,16318,1.12,6,forfeit,U,,10th Pass,,challenger,src-31c65dbec869
IN-PC-2008-rajasthan-54,rajasthan,2019,19,UDAIPUR,KIKA MINA,,13099,0.9,7,forfeit,U,,8th Pass,Agricultural Business,challenger,src-31c65dbec869
IN-PC-2008-rajasthan-54,rajasthan,2019,19,UDAIPUR,HARJI LAL MEENA,parties.IN.APOI,11855,0.82,8,forfeit,U,,Graduate,Lawyer,challenger,src-31c65dbec869
IN-PC-2008-rajasthan-54,rajasthan,2019,19,UDAIPUR,SHANKERLAL,,5690,0.39,9,forfeit,U,,10th Pass,,challenger,src-31c65dbec869
IN-PC-2008-rajasthan-54,rajasthan,2019,19,UDAIPUR,PARBHULAL MEENA,parties.IN.BMUP,4166,0.29,10,forfeit,U,,8th Pass,,challenger,src-31c65dbec869
IN-PC-2008-rajasthan-52,rajasthan,2019,20,BANSWARA,KANAKMAL KATARA,parties.IN.BJP,711709,49.44,1,won,U,,Graduate Professional,Rent,challenger,src-31c65dbec869
IN-PC-2008-rajasthan-52,rajasthan,2019,20,BANSWARA,TARACHAND BHAGORA,parties.IN.INC,406245,28.22,2,lost,U,,Post Graduate,Petrol Pumps,challenger,src-31c65dbec869
IN-PC-2008-rajasthan-52,rajasthan,2019,20,BANSWARA,KANTILAL ROAT,parties.IN.BTP,250761,17.42,3,lost,U,,Post Graduate,,challenger,src-31c65dbec869
IN-PC-2008-rajasthan-52,rajasthan,2019,20,BANSWARA,BAPULAL,parties.IN.BSP,26172,1.82,5,forfeit,U,,8th Pass,,challenger,src-31c65dbec869
IN-PC-2008-rajasthan-52,rajasthan,2019,20,BANSWARA,NITESH DAMOR,parties.IN.IND,14822,1.03,6,forfeit,U,,Graduate Professional,,challenger,src-31c65dbec869
IN-PC-2008-rajasthan-67,rajasthan,2019,21,CHITTORGARH,Chandra Prakash Joshi,parties.IN.BJP,982942,67.38,1,won,U,,Graduate,MP,incumbent,src-31c65dbec869
IN-PC-2008-rajasthan-67,rajasthan,2019,21,CHITTORGARH,Gopal Singh Shekhawat,parties.IN.INC,406695,27.88,2,lost,U,,Graduate Professional,,challenger,src-31c65dbec869
IN-PC-2008-rajasthan-67,rajasthan,2019,21,CHITTORGARH,Dr. Jagdish Chandra Sharma,parties.IN.BSP,13484,0.92,4,forfeit,U,,Post Graduate,College Professor or Lecturer,challenger,src-31c65dbec869
IN-PC-2008-rajasthan-67,rajasthan,2019,21,CHITTORGARH,Radha Bhandari,parties.IN.CPI,9924,0.68,5,forfeit,U,,Post Graduate,Qualified Professional,challenger,src-31c65dbec869
IN-PC-2008-rajasthan-67,rajasthan,2019,21,CHITTORGARH,Shamshuddin,parties.IN.IND,9029,0.62,6,forfeit,U,,,,challenger,src-31c65dbec869
IN-PC-2008-rajasthan-67,rajasthan,2019,21,CHITTORGARH,Prakash Chandra Meena,parties.IN.BTP,5591,0.38,7,forfeit,U,,Graduate,,crossover,src-31c65dbec869
IN-PC-2008-rajasthan-67,rajasthan,2019,21,CHITTORGARH,Jai Prakash Regar,parties.IN.APOI,4233,0.29,8,forfeit,U,,Graduate Professional,,challenger,src-31c65dbec869
IN-PC-2008-rajasthan-67,rajasthan,2019,21,CHITTORGARH,Gulab Sehlot,parties.IN.IND,4225,0.29,9,forfeit,U,,12th Pass,,challenger,src-31c65dbec869
IN-PC-2008-rajasthan-67,rajasthan,2019,21,CHITTORGARH,Gopal Dhakad,parties.IN.RTORP,2793,0.19,10,forfeit,U,,12th Pass,,challenger,src-31c65dbec869
IN-PC-2008-rajasthan-67,rajasthan,2019,21,CHITTORGARH,Mangilal Meena,,2316,0.16,11,forfeit,U,,5th Pass,,challenger,src-31c65dbec869
IN-PC-2008-rajasthan-60,rajasthan,2019,22,RAJSAMAND,Diya Kumari,parties.IN.BJP,863039,69.61,1,won,U,,Others,,challenger,src-31c65dbec869
IN-PC-2008-rajasthan-60,rajasthan,2019,22,RAJSAMAND,Devkinandan (Kaka),parties.IN.INC,311123,25.09,2,lost,U,,Post Graduate,Rent,challenger,src-31c65dbec869
IN-PC-2008-rajasthan-60,rajasthan,2019,22,RAJSAMAND,Chenaram,parties.IN.BSP,15955,1.29,3,forfeit,U,,Graduate,,challenger,src-31c65dbec869
IN-PC-2008-rajasthan-60,rajasthan,2019,22,RAJSAMAND,Chandra Prakash Tanwar,parties.IN.APOI,12887,1.04,4,forfeit,U,,5th Pass,Taxi Driver,challenger,src-31c65dbec869
IN-PC-2008-rajasthan-60,rajasthan,2019,22,RAJSAMAND,Rakesh Samdolav,parties.IN.IND,10339,0.83,6,forfeit,U,,,,challenger,src-31c65dbec869
IN-PC-2008-rajasthan-60,rajasthan,2019,22,RAJSAMAND,Bhanwer Lal Mali,parties.IN.IND,5923,0.48,7,forfeit,U,,Literate,,challenger,src-31c65dbec869
IN-PC-2008-rajasthan-60,rajasthan,2019,22,RAJSAMAND,Bhanwar Lal Kumawat,parties.IN.IND,2438,0.2,8,forfeit,U,,Literate,,challenger,src-31c65dbec869
IN-PC-2008-rajasthan-60,rajasthan,2019,22,RAJSAMAND,Mishri Kathat,,2371,0.19,9,forfeit,U,,8th Pass,,challenger,src-31c65dbec869
IN-PC-2008-rajasthan-60,rajasthan,2019,22,RAJSAMAND,Neeru Ram Kapri,parties.IN.IND,1550,0.13,10,forfeit,U,,Graduate,,challenger,src-31c65dbec869
IN-PC-2008-rajasthan-60,rajasthan,2019,22,RAJSAMAND,Jitendra Kumar Khatik,parties.IN.IND,1549,0.12,11,forfeit,U,,Post Graduate,Lawyer,challenger,src-31c65dbec869
IN-PC-2008-rajasthan-50,rajasthan,2019,23,BHILWARA,SUBHASH CHANDRA BAHERIA,parties.IN.BJP,938160,71.59,1,won,U,,Graduate,Trader,incumbent,src-31c65dbec869
IN-PC-2008-rajasthan-50,rajasthan,2019,23,BHILWARA,RAM PAL SHARMA,parties.IN.INC,326160,24.89,2,lost,U,,12th Pass,,challenger,src-31c65dbec869
IN-PC-2008-rajasthan-50,rajasthan,2019,23,BHILWARA,SHIVLAL GURJAR,parties.IN.BSP,15627,1.19,4,forfeit,U,,5th Pass,,challenger,src-31c65dbec869
IN-PC-2008-rajasthan-50,rajasthan,2019,23,BHILWARA,PAWAN KUMAR SHARMA,parties.IN.RTORP,13148,1,5,forfeit,U,,Graduate,Self-employed,challenger,src-31c65dbec869
IN-PC-2008-rajasthan-63,rajasthan,2019,24,KOTA,OM BIRLA,parties.IN.BJP,800051,58.52,1,won,U,,Post Graduate,MP,incumbent,src-31c65dbec869
IN-PC-2008-rajasthan-63,rajasthan,2019,24,KOTA,RAMNARAIN MEENA,parties.IN.INC,520374,38.07,2,lost,U,,Graduate Professional,Rent,challenger,src-31c65dbec869
IN-PC-2008-rajasthan-63,rajasthan,2019,24,KOTA,HARISH KUMAR LAHRI,parties.IN.BSP,9985,0.73,4,forfeit,U,,Graduate,,challenger,src-31c65dbec869
IN-PC-2008-rajasthan-63,rajasthan,2019,24,KOTA,HERGOVIND MEENA,parties.IN.IND,4511,0.33,5,forfeit,U,,,,challenger,src-31c65dbec869
IN-PC-2008-rajasthan-63,rajasthan,2019,24,KOTA,ENGINEER PRAVEEN KHANDELWAL,parties.IN.IND,4097,0.3,6,forfeit,U,,,,challenger,src-31c65dbec869
IN-PC-2008-rajasthan-63,rajasthan,2019,24,KOTA,SUNIL MADAN,parties.IN.IND,3036,0.22,7,forfeit,U,,,,challenger,src-31c65dbec869
IN-PC-2008-rajasthan-63,rajasthan,2019,24,KOTA,SATISH BHARDWAJ,parties.IN.IND,2464,0.18,8,forfeit,U,,8th Pass,,challenger,src-31c65dbec869
IN-PC-2008-rajasthan-63,rajasthan,2019,24,KOTA,KESHARI LAL,parties.IN.IND,1678,0.12,9,forfeit,U,,5th Pass,,challenger,src-31c65dbec869
IN-PC-2008-rajasthan-63,rajasthan,2019,24,KOTA,CHANDRA PRAKASH,parties.IN.RKSP,1488,0.11,10,forfeit,U,,8th Pass,,challenger,src-31c65dbec869
IN-PC-2008-rajasthan-63,rajasthan,2019,24,KOTA,BHIM SINGH KUNTAL,parties.IN.SHS,1308,0.1,11,forfeit,U,,12th Pass,Contractor,challenger,src-31c65dbec869
IN-PC-2008-rajasthan-63,rajasthan,2019,24,KOTA,ABDUL ASIPH,parties.IN.IND,1251,0.09,12,forfeit,U,,8th Pass,Mechanic,challenger,src-31c65dbec869
IN-PC-2008-rajasthan-63,rajasthan,2019,24,KOTA,RAJENDRA PRASAD SINGOR,,1161,0.08,13,forfeit,U,,8th Pass,Real Estate or Builder or Developer or Construction,crossover,src-31c65dbec869
IN-PC-2008-rajasthan-63,rajasthan,2019,24,KOTA,CAPTAIN SOMESH BHATNAGAR,,1154,0.08,14,forfeit,U,,Others,,challenger,src-31c65dbec869
IN-PC-2008-rajasthan-63,rajasthan,2019,24,KOTA,SHOBHA RAM NIRMAL,,996,0.07,15,forfeit,U,,Graduate,,challenger,src-31c65dbec869
IN-PC-2008-rajasthan-63,rajasthan,2019,24,KOTA,MAHESH KUMAR RANIWAL,,891,0.07,16,forfeit,U,,8th Pass,,challenger,src-31c65dbec869
IN-PC-2008-rajasthan-66,rajasthan,2019,25,JHALAWAR-BARAN,DUSHYANT SINGH,parties.IN.BJP,887400,64.78,1,won,U,,Post Graduate,Rent,incumbent,src-31c65dbec869
IN-PC-2008-rajasthan-66,rajasthan,2019,25,JHALAWAR-BARAN,PRAMOD SHARMA,parties.IN.INC,433472,31.64,2,lost,U,,Graduate Professional,,challenger,src-31c65dbec869
IN-PC-2008-rajasthan-66,rajasthan,2019,25,JHALAWAR-BARAN,BADREE LAL,parties.IN.BSP,13338,0.97,4,forfeit,U,,Graduate Professional,,challenger,src-31c65dbec869
IN-PC-2008-rajasthan-66,rajasthan,2019,25,JHALAWAR-BARAN,HARISH KUMAR DHAKAR,parties.IN.IND,7422,0.54,5,forfeit,U,,Graduate,,challenger,src-31c65dbec869
IN-PC-2008-rajasthan-66,rajasthan,2019,25,JHALAWAR-BARAN,MOHAMMAD NASIR,parties.IN.IND,5107,0.37,6,forfeit,U,,8th Pass,,challenger,src-31c65dbec869
IN-PC-2008-rajasthan-66,rajasthan,2019,25,JHALAWAR-BARAN,ABDUL QAYYUM SIDDIQUI,parties.IN.IND,3344,0.24,7,forfeit,U,,Graduate,,challenger,src-31c65dbec869
IN-PC-2008-rajasthan-66,rajasthan,2019,25,JHALAWAR-BARAN,PRINCE MEENA,parties.IN.IND,2705,0.2,8,forfeit,U,,,,challenger,src-31c65dbec869
IN-PC-2008-sikkim-192,sikkim,2019,1,SIKKIM,INDRA HANG SUBBA,parties.IN.SKM,166922,47.46,1,won,U,,Post Graduate,,challenger,src-31c65dbec869
IN-PC-2008-sikkim-192,sikkim,2019,1,SIKKIM,DEK BAHADUR KATWAL,parties.IN.SDF,154489,43.92,2,lost,U,,Graduate Professional,Lawyer,challenger,src-31c65dbec869
IN-PC-2008-sikkim-192,sikkim,2019,1,SIKKIM,LATEN TSHERING SHERPA,parties.IN.BJP,16572,4.71,3,forfeit,U,,5th Pass,Party Worker,challenger,src-31c65dbec869
IN-PC-2008-sikkim-192,sikkim,2019,1,SIKKIM,BHARAT BASNETT,parties.IN.INC,3990,1.13,4,forfeit,U,,10th Pass,Party Worker,challenger,src-31c65dbec869
IN-PC-2008-sikkim-192,sikkim,2019,1,SIKKIM,PASSANG GYALI SHERPA,parties.IN.IND,2003,0.57,6,forfeit,U,,8th Pass,Party Worker,challenger,src-31c65dbec869
IN-PC-2008-sikkim-192,sikkim,2019,1,SIKKIM,BIRAJ ADHIKARI,,1998,0.57,7,forfeit,U,,Graduate Professional,,crossover,src-31c65dbec869
IN-PC-2008-sikkim-192,sikkim,2019,1,SIKKIM,DHIRAJ KUMAR RAI,,1503,0.43,8,forfeit,U,,Post Graduate,Self-employed,challenger,src-31c65dbec869
IN-PC-2008-sikkim-192,sikkim,2019,1,SIKKIM,NARENDRA ADHIKARI,,614,0.17,9,forfeit,U,,Graduate,Self-employed,challenger,src-31c65dbec869
IN-PC-2008-sikkim-192,sikkim,2019,1,SIKKIM,MAHENDRA THAPA,parties.IN.IND,597,0.17,10,forfeit,U,,Post Graduate,Lawyer,challenger,src-31c65dbec869
IN-PC-2008-sikkim-192,sikkim,2019,1,SIKKIM,RABIN RAI,,396,0.11,11,forfeit,U,,Post Graduate,,challenger,src-31c65dbec869
IN-PC-2008-sikkim-192,sikkim,2019,1,SIKKIM,SUNMAYA GURUNG,parties.IN.JMBP,383,0.11,12,forfeit,U,,8th Pass,,challenger,src-31c65dbec869
IN-PC-2008-tamil-nadu-506,tamil-nadu,2019,1,THIRUVALLUR,Dr.K.Jayakumar,parties.IN.INC,767292,54.49,1,won,U,,Doctorate,,challenger,src-31c65dbec869
IN-PC-2008-tamil-nadu-506,tamil-nadu,2019,1,THIRUVALLUR,Dr.P.Venugopal,,410337,29.14,2,lost,U,,Graduate Professional,Doctor,incumbent,src-31c65dbec869
IN-PC-2008-tamil-nadu-506,tamil-nadu,2019,1,THIRUVALLUR,Logarangan.M,parties.IN.MNM,73731,5.24,3,forfeit,U,,Post Graduate,Doctor,challenger,src-31c65dbec869
IN-PC-2008-tamil-nadu-506,tamil-nadu,2019,1,THIRUVALLUR,M.VETRISELVI,parties.IN.NTK,65416,4.65,4,forfeit,U,,Graduate Professional,Household,challenger,src-31c65dbec869
IN-PC-2008-tamil-nadu-506,tamil-nadu,2019,1,THIRUVALLUR,Pon.Raja,parties.IN.IND,33944,2.41,5,forfeit,U,,Graduate Professional,,challenger,src-31c65dbec869
IN-PC-2008-tamil-nadu-506,tamil-nadu,2019,1,THIRUVALLUR,R.Anbuchezhian,parties.IN.BSP,15187,1.08,7,forfeit,U,,12th Pass,,challenger,src-31c65dbec869
IN-PC-2008-tamil-nadu-506,tamil-nadu,2019,1,THIRUVALLUR,C.Kalanithi,,4162,0.3,8,forfeit,U,,Graduate,Mechanic,challenger,src-31c65dbec869
IN-PC-2008-tamil-nadu-506,tamil-nadu,2019,1,THIRUVALLUR,Murugesan,parties.IN.IND,3185,0.23,9,forfeit,U,,8th Pass,,challenger,src-31c65dbec869
IN-PC-2008-tamil-nadu-506,tamil-nadu,2019,1,THIRUVALLUR,A.Manikandan,parties.IN.IND,3126,0.22,10,forfeit,U,,12th Pass,Private Company,challenger,src-31c65dbec869
IN-PC-2008-tamil-nadu-506,tamil-nadu,2019,1,THIRUVALLUR,Vijaya .R.,parties.IN.IND,2368,0.17,11,forfeit,U,,Illiterate,,challenger,src-31c65dbec869
IN-PC-2008-tamil-nadu-506,tamil-nadu,2019,1,THIRUVALLUR,C.Bharath,parties.IN.IND,1977,0.14,12,forfeit,U,,Graduate Professional,,challenger,src-31c65dbec869
IN-PC-2008-tamil-nadu-506,tamil-nadu,2019,1,THIRUVALLUR,N.Vikraman,parties.IN.IND,1942,0.14,13,forfeit,U,,Post Graduate,College Professor or Lecturer,challenger,src-31c65dbec869
IN-PC-2008-tamil-nadu-506,tamil-nadu,2019,1,THIRUVALLUR,D.Ravi Pariyanar,parties.IN.RPIA,1760,0.12,14,forfeit,U,,10th Pass,Real Estate or Builder or Developer or Construction,challenger,src-31c65dbec869
IN-PC-2008-tamil-nadu-506,tamil-nadu,2019,1,THIRUVALLUR,V.Gunasekaran,parties.IN.IND,908,0.06,15,forfeit,U,,8th Pass,Self-employed,challenger,src-31c65dbec869
IN-PC-2008-tamil-nadu-506,tamil-nadu,2019,1,THIRUVALLUR,G.Arulraj,parties.IN.IND,872,0.06,16,forfeit,U,,Post Graduate,,challenger,src-31c65dbec869
IN-PC-2008-tamil-nadu-506,tamil-nadu,2019,1,THIRUVALLUR,D.Anandaraj,parties.IN.IND,789,0.06,17,forfeit,U,,12th Pass,,challenger,src-31c65dbec869
IN-PC-2008-tamil-nadu-506,tamil-nadu,2019,1,THIRUVALLUR,K.Chandrasekar,parties.IN.IND,762,0.05,18,forfeit,U,,Graduate Professional,Lawyer,challenger,src-31c65dbec869
IN-PC-2008-tamil-nadu-506,tamil-nadu,2019,1,THIRUVALLUR,G.George,parties.IN.IND,728,0.05,19,forfeit,U,,Graduate,,challenger,src-31c65dbec869
IN-PC-2008-tamil-nadu-506,tamil-nadu,2019,1,THIRUVALLUR,S.Sargunam,parties.IN.IND,723,0.05,20,forfeit,U,,Graduate Professional,,challenger,src-31c65dbec869
IN-PC-2008-tamil-nadu-506,tamil-nadu,2019,1,THIRUVALLUR,K.Kamalanathan,parties.IN.IND,705,0.05,21,forfeit,U,,,,challenger,src-31c65dbec869
IN-PC-2008-tamil-nadu-505,tamil-nadu,2019,2,CHENNAI NORTH,Dr. KALANIDHI VEERASWAMY,parties.IN.DMK,590986,61.85,1,won,U,,Post Graduate,Doctor,challenger,src-31c65dbec869
IN-PC-2008-tamil-nadu-505,tamil-nadu,2019,2,CHENNAI NORTH,ALAGAAPURAM R. MOHANRAJ,parties.IN.DMDK,129468,13.55,2,forfeit,U,,12th Pass,Real Estate or Builder or Developer or Construction,challenger,src-31c65dbec869
IN-PC-2008-tamil-nadu-505,tamil-nadu,2019,2,CHENNAI NORTH,A. G. MOURYA,parties.IN.MNM,103167,10.8,3,forfeit,U,,Post Graduate,,challenger,src-31c65dbec869
IN-PC-2008-tamil-nadu-505,tamil-nadu,2019,2,CHENNAI NORTH,KALIYAMMAL.P,parties.IN.NTK,60515,6.33,4,forfeit,U,,Graduate,Household,challenger,src-31c65dbec869
IN-PC-2008-tamil-nadu-505,tamil-nadu,2019,2,CHENNAI NORTH,P.SANTHANA KRISHNAN,parties.IN.IND,33277,3.48,5,forfeit,U,,10th Pass,Real Estate or Builder or Developer or Construction,challenger,src-31c65dbec869
IN-PC-2008-tamil-nadu-505,tamil-nadu,2019,2,CHENNAI NORTH,S.ROBERT GNANA SEKAR,parties.IN.BSP,4420,0.46,7,forfeit,U,,Post Graduate,,challenger,src-31c65dbec869
IN-PC-2008-tamil-nadu-505,tamil-nadu,2019,2,CHENNAI NORTH,KAMESH,,2669,0.28,8,forfeit,U,,Graduate,,challenger,src-31c65dbec869
IN-PC-2008-tamil-nadu-505,tamil-nadu,2019,2,CHENNAI NORTH,S.SELVARAJ,parties.IN.IND,2459,0.26,9,forfeit,U,,Graduate Professional,Lawyer,challenger,src-31c65dbec869
IN-PC-2008-tamil-nadu-505,tamil-nadu,2019,2,CHENNAI NORTH,G.SRINIVASAN,parties.IN.IND,1677,0.18,10,forfeit,U,,Post Graduate,Lawyer,challenger,src-31c65dbec869
IN-PC-2008-tamil-nadu-505,tamil-nadu,2019,2,CHENNAI NORTH,S.GANESH,parties.IN.IND,1461,0.15,11,forfeit,U,,Graduate Professional,Lawyer,challenger,src-31c65dbec869
IN-PC-2008-tamil-nadu-505,tamil-nadu,2019,2,CHENNAI NORTH,C.DHANRAJ,parties.IN.IND,1116,0.12,12,forfeit,U,,Graduate Professional,Lawyer,challenger,src-31c65dbec869
IN-PC-2008-tamil-nadu-505,tamil-nadu,2019,2,CHENNAI NORTH,V.SARAVANAN,parties.IN.IND,1070,0.11,13,forfeit,U,,Graduate Professional,Lawyer,challenger,src-31c65dbec869
IN-PC-2008-tamil-nadu-505,tamil-nadu,2019,2,CHENNAI NORTH,M.L.RAVI,parties.IN.DMSK,945,0.1,14,forfeit,U,,Post Graduate,Lawyer,challenger,src-31c65dbec869
IN-PC-2008-tamil-nadu-505,tamil-nadu,2019,2,CHENNAI NORTH,J. SEBASTIN,,900,0.09,15,forfeit,U,,10th Pass,Party Worker,challenger,src-31c65dbec869
IN-PC-2008-tamil-nadu-505,tamil-nadu,2019,2,CHENNAI NORTH,N.SATHEESH KANNAN,parties.IN.IND,847,0.09,16,forfeit,U,,Graduate Professional,,challenger,src-31c65dbec869
IN-PC-2008-tamil-nadu-505,tamil-nadu,2019,2,CHENNAI NORTH,L.PRAVEEN KUMAR,parties.IN.PPIS,768,0.08,17,forfeit,U,,Post Graduate,,challenger,src-31c65dbec869
IN-PC-2008-tamil-nadu-505,tamil-nadu,2019,2,CHENNAI NORTH,A.G.DAMODHARAN,parties.IN.IND,763,0.08,18,forfeit,U,,,,challenger,src-31c65dbec869
IN-PC-2008-tamil-nadu-505,tamil-nadu,2019,2,CHENNAI NORTH,K.PRABHAKARAN,parties.IN.MKAT,679,0.07,19,forfeit,U,,Post Graduate,Lawyer,challenger,src-31c65dbec869
IN-PC-2008-tamil-nadu-505,tamil-nadu,2019,2,CHENNAI NORTH,R.ARULMURUGAN,parties.IN.IND,615,0.06,20,forfeit,U,,,,challenger,src-31c65dbec869
IN-PC-2008-tamil-nadu-505,tamil-nadu,2019,2,CHENNAI NORTH,P.MARIMUTHU,parties.IN.IND,566,0.06,21,forfeit,U,,5th Pass,Private Company,challenger,src-31c65dbec869
IN-PC-2008-tamil-nadu-505,tamil-nadu,2019,2,CHENNAI NORTH,S.PRITHVIRAJ,parties.IN.IND,555,0.06,22,forfeit,U,,12th Pass,,challenger,src-31c65dbec869
IN-PC-2008-tamil-nadu-505,tamil-nadu,2019,2,CHENNAI NORTH,L.RAJ,parties.IN.IND,533,0.06,23,forfeit,U,,Illiterate,,challenger,src-31c65dbec869
IN-PC-2008-tamil-nadu-505,tamil-nadu,2019,2,CHENNAI NORTH,J.DHARANIDHARAN,parties.IN.IND,402,0.04,24,forfeit,U,,Graduate Professional,Lawyer,challenger,src-31c65dbec869
IN-PC-2008-tamil-nadu-507,tamil-nadu,2019,3,CHENNAI SOUTH,T.SUMATHY (A) THAMIZHACHI THANGAPANDIAN,parties.IN.DMK,564872,50.17,1,won,U,,Doctorate,Author,challenger,src-31c65dbec869
IN-PC-2008-tamil-nadu-507,tamil-nadu,2019,3,CHENNAI SOUTH,Dr.J.JAYAVARDHAN,,302649,26.88,2,lost,U,,Graduate Professional,Doctor,incumbent,src-31c65dbec869
IN-PC-2008-tamil-nadu-507,tamil-nadu,2019,3,CHENNAI SOUTH,R.RANGARAJAN,parties.IN.MNM,135465,12.03,3,forfeit,U,,Graduate,Private Company,challenger,src-31c65dbec869
IN-PC-2008-tamil-nadu-507,tamil-nadu,2019,3,CHENNAI SOUTH,A.J.SHERINE,parties.IN.NTK,50222,4.46,4,forfeit,U,,Post Graduate,Household,challenger,src-31c65dbec869
IN-PC-2008-tamil-nadu-507,tamil-nadu,2019,3,CHENNAI SOUTH,Dr.E.SUBAYA (A) ESAKKI SUBAYA,parties.IN.IND,29522,2.62,5,forfeit,U,,Doctorate,,challenger,src-31c65dbec869
IN-PC-2008-tamil-nadu-507,tamil-nadu,2019,3,CHENNAI SOUTH,KOTTUR R.KUMAR,parties.IN.BSP,2399,0.21,7,forfeit,U,,Graduate,,challenger,src-31c65dbec869
IN-PC-2008-tamil-nadu-507,tamil-nadu,2019,3,CHENNAI SOUTH,K.SARAVANA PERUMAL,parties.IN.IND,1645,0.15,8,forfeit,U,,Graduate,Qualified Professional,challenger,src-31c65dbec869
IN-PC-2008-tamil-nadu-507,tamil-nadu,2019,3,CHENNAI SOUTH,SAIKUMAR.S,,1491,0.13,9,forfeit,U,,12th Pass,Party Worker,challenger,src-31c65dbec869
IN-PC-2008-tamil-nadu-507,tamil-nadu,2019,3,CHENNAI SOUTH,AGNI SRIRAMACHANDRAN,parties.IN.IND,1444,0.13,10,forfeit,U,,10th Pass,,challenger,src-31c65dbec869
IN-PC-2008-tamil-nadu-507,tamil-nadu,2019,3,CHENNAI SOUTH,MURTHY.M,parties.IN.IND,1429,0.13,11,forfeit,U,,8th Pass,,challenger,src-31c65dbec869
IN-PC-2008-tamil-nadu-507,tamil-nadu,2019,3,CHENNAI SOUTH,Dr.A.NARESH,,1381,0.12,12,forfeit,U,,Graduate Professional,Doctor,challenger,src-31c65dbec869
IN-PC-2008-tamil-nadu-507,tamil-nadu,2019,3,CHENNAI SOUTH,D.KARTHICK,parties.IN.IND,1203,0.11,13,forfeit,U,,Graduate Professional,Lawyer,challenger,src-31c65dbec869
IN-PC-2008-tamil-nadu-507,tamil-nadu,2019,3,CHENNAI SOUTH,M.RADHA,parties.IN.IND,1042,0.09,14,forfeit,U,,12th Pass,,challenger,src-31c65dbec869
IN-PC-2008-tamil-nadu-507,tamil-nadu,2019,3,CHENNAI SOUTH,FARMER K.JAYARAMAN,parties.IN.IND,968,0.09,15,forfeit,U,,12th Pass,Real Estate or Builder or Developer or Construction,challenger,src-31c65dbec869
IN-PC-2008-tamil-nadu-507,tamil-nadu,2019,3,CHENNAI SOUTH,S.ELANKUMARAN,parties.IN.IND,959,0.09,16,forfeit,U,,Graduate Professional,Lawyer,challenger,src-31c65dbec869
IN-PC-2008-tamil-nadu-507,tamil-nadu,2019,3,CHENNAI SOUTH,K.MURALI KRISHNAN,,860,0.08,17,forfeit,U,,Graduate,,challenger,src-31c65dbec869
IN-PC-2008-tamil-nadu-507,tamil-nadu,2019,3,CHENNAI SOUTH,M.RAJESWARI PRIYA,parties.IN.IND,772,0.07,18,forfeit,U,,Graduate,,challenger,src-31c65dbec869
IN-PC-2008-tamil-nadu-507,tamil-nadu,2019,3,CHENNAI SOUTH,I.CHIDAMBARA ANANTHA RAJA (A) ICARR WEEOUI,parties.IN.IND,743,0.07,19,forfeit,U,,Graduate Professional,Private Company,challenger,src-31c65dbec869
IN-PC-2008-tamil-nadu-507,tamil-nadu,2019,3,CHENNAI SOUTH,R.GANESAN,parties.IN.IND,673,0.06,20,forfeit,U,,Graduate Professional,Lawyer,challenger,src-31c65dbec869
IN-PC-2008-tamil-nadu-507,tamil-nadu,2019,3,CHENNAI SOUTH,S.SRINIVASAN (A) POWER STAR,parties.IN.RPI,670,0.06,21,forfeit,U,,10th Pass,Actor,challenger,src-31c65dbec869
IN-PC-2008-tamil-nadu-507,tamil-nadu,2019,3,CHENNAI SOUTH,SIBI CHAKKARAVARTHY,parties.IN.IND,647,0.06,22,forfeit,U,,Graduate Professional,Private Company,challenger,src-31c65dbec869
IN-PC-2008-tamil-nadu-507,tamil-nadu,2019,3,CHENNAI SOUTH,M.A.JAYAKUMAR,parties.IN.DMSK,639,0.06,23,forfeit,U,,10th Pass,Journalist or Editor,challenger,src-31c65dbec869
IN-PC-2008-tamil-nadu-507,tamil-nadu,2019,3,CHENNAI SOUTH,K.KANNAN,parties.IN.IND,635,0.06,24,forfeit,U,,Graduate,Self-employed,challenger,src-31c65dbec869
IN-PC-2008-tamil-nadu-507,tamil-nadu,2019,3,CHENNAI SOUTH,P.AZHAGIRI,parties.IN.IND,553,0.05,25,forfeit,U,,Graduate Professional,,challenger,src-31c65dbec869
IN-PC-2008-tamil-nadu-507,tamil-nadu,2019,3,CHENNAI SOUTH,B.KARTHIKEYAN,parties.IN.IND,533,0.05,26,forfeit,U,,Graduate,,challenger,src-31c65dbec869
IN-PC-2008-tamil-nadu-507,tamil-nadu,2019,3,CHENNAI SOUTH,R.JOHNSON,parties.IN.ICF,512,0.05,27,forfeit,U,,10th Pass,Real Estate or Builder or Developer or Construction,challenger,src-31c65dbec869
IN-PC-2008-tamil-nadu-507,tamil-nadu,2019,3,CHENNAI SOUTH,C.ROSI,parties.IN.IND,498,0.04,28,forfeit,U,,12th Pass,Activist,challenger,src-31c65dbec869
IN-PC-2008-tamil-nadu-507,tamil-nadu,2019,3,CHENNAI SOUTH,G.DEVASAHAYAM,parties.IN.IND,462,0.04,29,forfeit,U,,Post Graduate,Lawyer,challenger,src-31c65dbec869
IN-PC-2008-tamil-nadu-507,tamil-nadu,2019,3,CHENNAI SOUTH,G.DHANASEKARAN,parties.IN.IND,437,0.04,30,forfeit,U,,Graduate Professional,Lawyer,challenger,src-31c65dbec869
IN-PC-2008-tamil-nadu-507,tamil-nadu,2019,3,CHENNAI SOUTH,V.THIRUNAVUKARASU,parties.IN.MKAT,436,0.04,31,forfeit,U,,10th Pass,Lawyer,challenger,src-31c65dbec869
IN-PC-2008-tamil-nadu-507,tamil-nadu,2019,3,CHENNAI SOUTH,N.SUBRAMANI,parties.IN.IND,432,0.04,32,forfeit,U,,Post Graduate,Lawyer,challenger,src-31c65dbec869
IN-PC-2008-tamil-nadu-507,tamil-nadu,2019,3,CHENNAI SOUTH,A.RAVICHANDRAN,parties.IN.IND,427,0.04,33,forfeit,U,,,,challenger,src-31c65dbec869
IN-PC-2008-tamil-nadu-507,tamil-nadu,2019,3,CHENNAI SOUTH,J.JANCI RANI,parties.IN.IND,379,0.03,34,forfeit,U,,Graduate,,challenger,src-31c65dbec869
IN-PC-2008-tamil-nadu-507,tamil-nadu,2019,3,CHENNAI SOUTH,E.DHANASEKARAN,parties.IN.IND,350,0.03,35,forfeit,U,,10th Pass,Journalist or Editor,challenger,src-31c65dbec869
IN-PC-2008-tamil-nadu-507,tamil-nadu,2019,3,CHENNAI SOUTH,S.ASHOK,parties.IN.IND,348,0.03,36,forfeit,U,,Graduate Professional,Lawyer,challenger,src-31c65dbec869
IN-PC-2008-tamil-nadu-507,tamil-nadu,2019,3,CHENNAI SOUTH,KUPPAL.G.DEVADOSS,parties.IN.IND,313,0.03,37,forfeit,U,,8th Pass,,challenger,src-31c65dbec869
IN-PC-2008-tamil-nadu-507,tamil-nadu,2019,3,CHENNAI SOUTH,S.MANOVA,parties.IN.IND,293,0.03,38,forfeit,U,,Graduate Professional,Contractor,challenger,src-31c65dbec869
IN-PC-2008-tamil-nadu-507,tamil-nadu,2019,3,CHENNAI SOUTH,K.SUDHAGAR,parties.IN.IND,224,0.02,39,forfeit,U,,5th Pass,Coolie,challenger,src-31c65dbec869
IN-PC-2008-tamil-nadu-507,tamil-nadu,2019,3,CHENNAI SOUTH,B.RAJI,parties.IN.IND,220,0.02,40,forfeit,U,,Graduate Professional,Lawyer,challenger,src-31c65dbec869
IN-PC-2008-tamil-nadu-507,tamil-nadu,2019,3,CHENNAI SOUTH,D.HARI HARAN,parties.IN.IND,219,0.02,41,forfeit,U,,Others,,challenger,src-31c65dbec869
IN-PC-2008-tamil-nadu-529,tamil-nadu,2019,4,CHENNAI CENTRAL,DAYANIDHI MARAN,parties.IN.DMK,448911,57.15,1,won,U,,Graduate,,challenger,src-31c65dbec869
IN-PC-2008-tamil-nadu-529,tamil-nadu,2019,4,CHENNAI CENTRAL,SAM PAUL. S.R.,parties.IN.PMK,147391,18.77,2,lost,U,,Post Graduate,"Industrialist, Private Company, Hospitality",challenger,src-31c65dbec869
IN-PC-2008-tamil-nadu-529,tamil-nadu,2019,4,CHENNAI CENTRAL,KAMEELA NASSER,parties.IN.MNM,92249,11.74,3,forfeit,U,,Post Graduate,Film Director,challenger,src-31c65dbec869
IN-PC-2008-tamil-nadu-529,tamil-nadu,2019,4,CHENNAI CENTRAL,Dr.KARTHIKEYAN. R,parties.IN.NTK,30886,3.93,4,forfeit,U,,Post Graduate,Doctor,challenger,src-31c65dbec869
IN-PC-2008-tamil-nadu-529,tamil-nadu,2019,4,CHENNAI CENTRAL,SHEIK MOHAMED @ DHEHLAN BAQAVI,parties.IN.SDPI,23741,3.02,5,forfeit,U,,Others,,challenger,src-31c65dbec869
IN-PC-2008-tamil-nadu-529,tamil-nadu,2019,4,CHENNAI CENTRAL,KARNAN.C.S.,,5768,0.73,7,forfeit,U,,Graduate,Ex Judiciary,challenger,src-31c65dbec869
IN-PC-2008-tamil-nadu-529,tamil-nadu,2019,4,CHENNAI CENTRAL,JITENDRA KUMAR JAIN.,parties.IN.RPIA,3398,0.43,8,forfeit,U,,Graduate,,challenger,src-31c65dbec869
IN-PC-2008-tamil-nadu-529,tamil-nadu,2019,4,CHENNAI CENTRAL,PARTHASARATHY.M.,parties.IN.BSP,2696,0.34,9,forfeit,U,,12th Pass,Coolie,challenger,src-31c65dbec869
IN-PC-2008-tamil-nadu-529,tamil-nadu,2019,4,CHENNAI CENTRAL,KUPPUSAMY. K.,parties.IN.IND,1770,0.23,10,forfeit,U,,5th Pass,,challenger,src-31c65dbec869
IN-PC-2008-tamil-nadu-529,tamil-nadu,2019,4,CHENNAI CENTRAL,SASIKUMAR.S.,,1556,0.2,11,forfeit,U,,Others,Self-employed,challenger,src-31c65dbec869
IN-PC-2008-tamil-nadu-529,tamil-nadu,2019,4,CHENNAI CENTRAL,SAM PAUL,parties.IN.IND,1444,0.18,12,forfeit,U,,,,challenger,src-31c65dbec869
IN-PC-2008-tamil-nadu-529,tamil-nadu,2019,4,CHENNAI CENTRAL,SAMUEL PAUL,parties.IN.IND,1234,0.16,13,forfeit,U,,,,challenger,src-31c65dbec869
IN-PC-2008-tamil-nadu-529,tamil-nadu,2019,4,CHENNAI CENTRAL,Dr. GUNASEKAR. N,parties.IN.IND,1229,0.16,14,forfeit,U,,10th Pass,,challenger,src-31c65dbec869
IN-PC-2008-tamil-nadu-529,tamil-nadu,2019,4,CHENNAI CENTRAL,GOVINDARAJ. L.,parties.IN.IND,1184,0.15,15,forfeit,U,,Graduate Professional,Lawyer,challenger,src-31c65dbec869
IN-PC-2008-tamil-nadu-529,tamil-nadu,2019,4,CHENNAI CENTRAL,GEETHALAKSHMI.V.R.,,1030,0.13,16,forfeit,U,,12th Pass,Household,challenger,src-31c65dbec869
IN-PC-2008-tamil-nadu-529,tamil-nadu,2019,4,CHENNAI CENTRAL,CHANDRANATHAN. S.,parties.IN.IND,929,0.12,17,forfeit,U,,Graduate,Lawyer,challenger,src-31c65dbec869
IN-PC-2008-tamil-nadu-529,tamil-nadu,2019,4,CHENNAI CENTRAL,SURESH BABU. D.,parties.IN.DMSK,690,0.09,18,forfeit,U,,Post Graduate,Private Company,challenger,src-31c65dbec869
IN-PC-2008-tamil-nadu-529,tamil-nadu,2019,4,CHENNAI CENTRAL,NAJIMUNNISSA,,645,0.08,19,forfeit,U,,8th Pass,,challenger,src-31c65dbec869
IN-PC-2008-tamil-nadu-529,tamil-nadu,2019,4,CHENNAI CENTRAL,VALARMATHI. K.,parties.IN.AIVP,643,0.08,20,forfeit,U,,Others,,challenger,src-31c65dbec869
IN-PC-2008-tamil-nadu-529,tamil-nadu,2019,4,CHENNAI CENTRAL,TAMILARASAN. V.V.,parties.IN.IND,511,0.07,21,forfeit,U,,Graduate,,challenger,src-31c65dbec869
IN-PC-2008-tamil-nadu-529,tamil-nadu,2019,4,CHENNAI CENTRAL,RADHAKRISHNAN. V.,parties.IN.IND,504,0.06,22,forfeit,U,,Graduate,,challenger,src-31c65dbec869
IN-PC-2008-tamil-nadu-529,tamil-nadu,2019,4,CHENNAI CENTRAL,RAJ RAMCHAND,parties.IN.IND,497,0.06,23,forfeit,U,,Graduate,Qualified Professional,challenger,src-31c65dbec869
IN-PC-2008-tamil-nadu-529,tamil-nadu,2019,4,CHENNAI CENTRAL,PRABHAKARAN. N.,parties.IN.IND,377,0.05,24,forfeit,U,,Graduate Professional,Lawyer,challenger,src-31c65dbec869
IN-PC-2008-tamil-nadu-529,tamil-nadu,2019,4,CHENNAI CENTRAL,NASAR. K.,parties.IN.IND,360,0.05,25,forfeit,U,,10th Pass,Taxi Driver,challenger,src-31c65dbec869
IN-PC-2008-tamil-nadu-529,tamil-nadu,2019,4,CHENNAI CENTRAL,VAITHIYANATHAN. R,parties.IN.IND,356,0.05,26,forfeit,U,,Post Graduate,Principal or Administrator,challenger,src-31c65dbec869
IN-PC-2008-tamil-nadu-529,tamil-nadu,2019,4,CHENNAI CENTRAL,PRABAKARAN. K.M.,parties.IN.IND,334,0.04,27,forfeit,U,,5th Pass,,challenger,src-31c65dbec869
IN-PC-2008-tamil-nadu-529,tamil-nadu,2019,4,CHENNAI CENTRAL,DINAKARAN. G.,parties.IN.IND,325,0.04,28,forfeit,U,,Post Graduate,,challenger,src-31c65dbec869
IN-PC-2008-tamil-nadu-529,tamil-nadu,2019,4,CHENNAI CENTRAL,RAGHAVAN. M.,parties.IN.IND,322,0.04,29,forfeit,U,,10th Pass,Mechanic,challenger,src-31c65dbec869
IN-PC-2008-tamil-nadu-529,tamil-nadu,2019,4,CHENNAI CENTRAL,MADHANAGOPAL. T,parties.IN.IND,235,0.03,30,forfeit,U,,Graduate Professional,Lawyer,challenger,src-31c65dbec869
IN-PC-2008-tamil-nadu-529,tamil-nadu,2019,4,CHENNAI CENTRAL,PUSHPARAJ. J. L.,parties.IN.IND,216,0.03,31,forfeit,U,,Literate,,challenger,src-31c65dbec869
IN-PC-2008-tamil-nadu-529,tamil-nadu,2019,4,CHENNAI CENTRAL,RAVICHANDRAN. M,parties.IN.IND,197,0.03,32,forfeit,U,,Post Graduate,,challenger,src-31c65dbec869
IN-PC-2008-tamil-nadu-503,tamil-nadu,2019,6,KANCHEEPURAM,Selvam.G,parties.IN.DMK,684004,55.27,1,won,U,,Post Graduate,,challenger,src-31c65dbec869
IN-PC-2008-tamil-nadu-503,tamil-nadu,2019,6,KANCHEEPURAM,Maragatham K,,397372,32.11,2,lost,U,,Post Graduate,Party Worker,incumbent,src-31c65dbec869
IN-PC-2008-tamil-nadu-503,tamil-nadu,2019,6,KANCHEEPURAM,Sivaranjani.D,parties.IN.NTK,62771,5.07,3,forfeit,U,,Post Graduate,,challenger,src-31c65dbec869
IN-PC-2008-tamil-nadu-503,tamil-nadu,2019,6,KANCHEEPURAM,Munusamy A,parties.IN.IND,55213,4.46,4,forfeit,U,,Post Graduate,Real Estate or Builder or Developer or Construction,challenger,src-31c65dbec869
IN-PC-2008-tamil-nadu-503,tamil-nadu,2019,6,KANCHEEPURAM,Sekar.D,parties.IN.BSP,5018,0.41,6,forfeit,U,,Graduate Professional,Lawyer,challenger,src-31c65dbec869
IN-PC-2008-tamil-nadu-503,tamil-nadu,2019,6,KANCHEEPURAM,Pon Jeyaraman S P,parties.IN.IND,2509,0.2,7,forfeit,U,,,,challenger,src-31c65dbec869
IN-PC-2008-tamil-nadu-503,tamil-nadu,2019,6,KANCHEEPURAM,Elangovan M,parties.IN.IND,2272,0.18,8,forfeit,U,,10th Pass,,challenger,src-31c65dbec869
IN-PC-2008-tamil-nadu-503,tamil-nadu,2019,6,KANCHEEPURAM,Ramesh S,parties.IN.IND,2243,0.18,9,forfeit,U,,10th Pass,,challenger,src-31c65dbec869
IN-PC-2008-tamil-nadu-503,tamil-nadu,2019,6,KANCHEEPURAM,Maragadam M,parties.IN.IND,1640,0.13,10,forfeit,U,,Illiterate,,challenger,src-31c65dbec869
IN-PC-2008-tamil-nadu-503,tamil-nadu,2019,6,KANCHEEPURAM,Vinothraj R,parties.IN.IND,1597,0.13,11,forfeit,U,,12th Pass,,challenger,src-31c65dbec869
IN-PC-2008-tamil-nadu-503,tamil-nadu,2019,6,KANCHEEPURAM,Devarajan C,parties.IN.IND,1312,0.11,12,forfeit,U,,10th Pass,,challenger,src-31c65dbec869
IN-PC-2008-tamil-nadu-539,tamil-nadu,2019,7,ARAKKONAM,S. JAGATHRAKSHAKAN,parties.IN.DMK,672190,57.06,1,won,U,,10th Pass,,challenger,src-31c65dbec869
IN-PC-2008-tamil-nadu-539,tamil-nadu,2019,7,ARAKKONAM,A.K. MOORTHY,parties.IN.PMK,343234,29.14,2,lost,U,,Post Graduate,,challenger,src-31c65dbec869
IN-PC-2008-tamil-nadu-539,tamil-nadu,2019,7,ARAKKONAM,N.G. PARTHIBAN,parties.IN.IND,66826,5.67,3,forfeit,U,,,,challenger,src-31c65dbec869
IN-PC-2008-tamil-nadu-539,tamil-nadu,2019,7,ARAKKONAM,Y.R. PAVENDHAN,parties.IN.NTK,29347,2.49,4,forfeit,U,,Post Graduate,Lawyer,challenger,src-31c65dbec869
IN-PC-2008-tamil-nadu-539,tamil-nadu,2019,7,ARAKKONAM,"RAJENDRAN, N.",parties.IN.MNM,23771,2.02,5,forfeit,U,,Post Graduate,Engineer,challenger,src-31c65dbec869
IN-PC-2008-tamil-nadu-539,tamil-nadu,2019,7,ARAKKONAM,D. DOSS,parties.IN.BSP,8307,0.71,7,forfeit,U,,10th Pass,Self-employed,challenger,src-31c65dbec869
IN-PC-2008-tamil-nadu-539,tamil-nadu,2019,7,ARAKKONAM,M. SAVITHA,parties.IN.APOI,4498,0.38,8,forfeit,U,,Post Graduate,Lawyer,challenger,src-31c65dbec869
IN-PC-2008-tamil-nadu-539,tamil-nadu,2019,7,ARAKKONAM,C. MOORTHY,parties.IN.IND,3499,0.3,9,forfeit,U,,8th Pass,,challenger,src-31c65dbec869
IN-PC-2008-tamil-nadu-539,tamil-nadu,2019,7,ARAKKONAM,M. PARTHIBAN,parties.IN.IND,3313,0.28,10,forfeit,U,,8th Pass,,challenger,src-31c65dbec869
IN-PC-2008-tamil-nadu-539,tamil-nadu,2019,7,ARAKKONAM,G. MOORTHY,parties.IN.IND,1616,0.14,11,forfeit,U,,8th Pass,Coolie,challenger,src-31c65dbec869
IN-PC-2008-tamil-nadu-539,tamil-nadu,2019,7,ARAKKONAM,M.S. KRISHNAN,parties.IN.IND,1322,0.11,12,forfeit,U,,5th Pass,,challenger,src-31c65dbec869
IN-PC-2008-tamil-nadu-539,tamil-nadu,2019,7,ARAKKONAM,M. NATARAJAN,parties.IN.IND,1214,0.1,13,forfeit,U,,,,challenger,src-31c65dbec869
IN-PC-2008-tamil-nadu-539,tamil-nadu,2019,7,ARAKKONAM,Dr.T.M.S.SADHU MUTHU KRISHNAN ERAJENDRAN,parties.IN.IND,1186,0.1,14,forfeit,U,,Doctorate,,challenger,src-31c65dbec869
IN-PC-2008-tamil-nadu-539,tamil-nadu,2019,7,ARAKKONAM,S. SHETTU,parties.IN.IND,1067,0.09,15,forfeit,U,,Graduate,,challenger,src-31c65dbec869
IN-PC-2008-tamil-nadu-539,tamil-nadu,2019,7,ARAKKONAM,P.S. SURESH,parties.IN.IND,1062,0.09,16,forfeit,U,,,,challenger,src-31c65dbec869
IN-PC-2008-tamil-nadu-539,tamil-nadu,2019,7,ARAKKONAM,B. GANESAN,parties.IN.IND,925,0.08,17,forfeit,U,,,,challenger,src-31c65dbec869
IN-PC-2008-tamil-nadu-539,tamil-nadu,2019,7,ARAKKONAM,R. ELAMVAZHUDHI,parties.IN.IND,862,0.07,18,forfeit,U,,10th Pass,,challenger,src-31c65dbec869
IN-PC-2008-tamil-nadu-539,tamil-nadu,2019,7,ARAKKONAM,PANCHU.UDAYAKUMAR,parties.IN.IND,839,0.07,19,forfeit,U,,Post Graduate,Lawyer,challenger,src-31c65dbec869
IN-PC-2008-tamil-nadu-539,tamil-nadu,2019,7,ARAKKONAM,R. RAMESH,parties.IN.IND,803,0.07,20,forfeit,U,,12th Pass,,challenger,src-31c65dbec869
IN-PC-2008-tamil-nadu-510,tamil-nadu,2019,11,TIRUVANNAMALAI,ANNADURAI C N,parties.IN.DMK,666272,57.85,1,won,U,,Graduate,Real Estate or Builder or Developer or Construction,challenger,src-31c65dbec869
IN-PC-2008-tamil-nadu-510,tamil-nadu,2019,11,TIRUVANNAMALAI,AGRI KRISHNAMURTHY S S,,362085,31.44,2,lost,U,,Graduate Professional,,challenger,src-31c65dbec869
IN-PC-2008-tamil-nadu-510,tamil-nadu,2019,11,TIRUVANNAMALAI,GNANASEKAR A,parties.IN.IND,38639,3.35,3,forfeit,U,,10th Pass,Self-employed,challenger,src-31c65dbec869
IN-PC-2008-tamil-nadu-510,tamil-nadu,2019,11,TIRUVANNAMALAI,RAMESHBABU R,parties.IN.NTK,27503,2.39,4,forfeit,U,,Post Graduate,Doctor,challenger,src-31c65dbec869
IN-PC-2008-tamil-nadu-510,tamil-nadu,2019,11,TIRUVANNAMALAI,ARUL R,parties.IN.MNM,14654,1.27,5,forfeit,U,,Others,Private Company,challenger,src-31c65dbec869
IN-PC-2008-tamil-nadu-510,tamil-nadu,2019,11,TIRUVANNAMALAI,KRISHNAMOORTHY A,parties.IN.IND,4175,0.36,7,forfeit,U,,10th Pass,,challenger,src-31c65dbec869
IN-PC-2008-tamil-nadu-510,tamil-nadu,2019,11,TIRUVANNAMALAI,BABU B,parties.IN.BSP,4124,0.36,8,forfeit,U,,Graduate Professional,,challenger,src-31c65dbec869
IN-PC-2008-tamil-nadu-510,tamil-nadu,2019,11,TIRUVANNAMALAI,KRISHNAMURTHI R,parties.IN.IND,4001,0.35,9,forfeit,U,,,,challenger,src-31c65dbec869
IN-PC-2008-tamil-nadu-510,tamil-nadu,2019,11,TIRUVANNAMALAI,KALASTHRI S,,1999,0.17,10,forfeit,U,,,,challenger,src-31c65dbec869
IN-PC-2008-tamil-nadu-510,tamil-nadu,2019,11,TIRUVANNAMALAI,KARUNA S,parties.IN.IND,1855,0.16,11,forfeit,U,,,,challenger,src-31c65dbec869
IN-PC-2008-tamil-nadu-510,tamil-nadu,2019,11,TIRUVANNAMALAI,SIVAGURURAJ T,parties.IN.IND,1758,0.15,12,forfeit,U,,10th Pass,Self-employed,challenger,src-31c65dbec869
IN-PC-2008-tamil-nadu-510,tamil-nadu,2019,11,TIRUVANNAMALAI,VELU R,parties.IN.IND,1638,0.14,13,forfeit,U,,10th Pass,Taxi Driver,challenger,src-31c65dbec869
IN-PC-2008-tamil-nadu-510,tamil-nadu,2019,11,TIRUVANNAMALAI,KALAIMANI S,parties.IN.IND,1632,0.14,14,forfeit,U,,Graduate Professional,Lawyer,challenger,src-31c65dbec869
IN-PC-2008-tamil-nadu-510,tamil-nadu,2019,11,TIRUVANNAMALAI,ANNADURAI S,parties.IN.IND,1218,0.11,15,forfeit,U,,,,challenger,src-31c65dbec869
IN-PC-2008-tamil-nadu-510,tamil-nadu,2019,11,TIRUVANNAMALAI,ANNADURAI T S,parties.IN.IND,937,0.08,16,forfeit,U,,Graduate Professional,,challenger,src-31c65dbec869
IN-PC-2008-tamil-nadu-510,tamil-nadu,2019,11,TIRUVANNAMALAI,AYYAPPAN M,parties.IN.IND,851,0.07,17,forfeit,U,,Post Graduate,,challenger,src-31c65dbec869
IN-PC-2008-tamil-nadu-510,tamil-nadu,2019,11,TIRUVANNAMALAI,ANNADURAI B,parties.IN.IND,848,0.07,18,forfeit,U,,5th Pass,,challenger,src-31c65dbec869
IN-PC-2008-tamil-nadu-510,tamil-nadu,2019,11,TIRUVANNAMALAI,ANBALAGAN M,parties.IN.IND,824,0.07,19,forfeit,U,,Graduate Professional,,challenger,src-31c65dbec869
IN-PC-2008-tamil-nadu-510,tamil-nadu,2019,11,TIRUVANNAMALAI,UDHAYAKUMAR P S,parties.IN.IND,759,0.07,20,forfeit,U,,5th Pass,,challenger,src-31c65dbec869
IN-PC-2008-tamil-nadu-510,tamil-nadu,2019,11,TIRUVANNAMALAI,INDIRAMOHAN P,parties.IN.IND,728,0.06,21,forfeit,U,,Post Graduate,Lawyer,challenger,src-31c65dbec869
IN-PC-2008-tamil-nadu-510,tamil-nadu,2019,11,TIRUVANNAMALAI,VIJAYAN A,parties.IN.IND,623,0.05,22,forfeit,U,,Literate,Coolie,challenger,src-31c65dbec869
IN-PC-2008-tamil-nadu-510,tamil-nadu,2019,11,TIRUVANNAMALAI,PADAVETTAN M,parties.IN.IND,606,0.05,23,forfeit,U,,5th Pass,,challenger,src-31c65dbec869
IN-PC-2008-tamil-nadu-510,tamil-nadu,2019,11,TIRUVANNAMALAI,VIGNESHWARAN A,parties.IN.IND,606,0.05,24,forfeit,U,,Graduate Professional,,challenger,src-31c65dbec869
IN-PC-2008-tamil-nadu-510,tamil-nadu,2019,11,TIRUVANNAMALAI,RAJENDIRAN T,parties.IN.IND,571,0.05,25,forfeit,U,,Graduate Professional,,challenger,src-31c65dbec869
IN-PC-2008-tamil-nadu-510,tamil-nadu,2019,11,TIRUVANNAMALAI,RAGHUNATHAN K,parties.IN.IND,506,0.04,26,forfeit,U,,Graduate Professional,Lawyer,challenger,src-31c65dbec869
IN-PC-2008-tamil-nadu-508,tamil-nadu,2019,12,ARANI,VISHNU PRASAD M K,parties.IN.INC,617760,54,1,won,U,,Graduate Professional,,challenger,src-31c65dbec869
IN-PC-2008-tamil-nadu-508,tamil-nadu,2019,12,ARANI,ELUMALAI V,,386954,33.83,2,lost,U,,Graduate Professional,Lawyer,incumbent,src-31c65dbec869
IN-PC-2008-tamil-nadu-508,tamil-nadu,2019,12,ARANI,SENTHAMIZHAN G,parties.IN.IND,46383,4.05,3,forfeit,U,,Post Graduate,Lawyer,challenger,src-31c65dbec869
IN-PC-2008-tamil-nadu-508,tamil-nadu,2019,12,ARANI,TAMIZHARASI A,parties.IN.NTK,32409,2.83,4,forfeit,U,,Post Graduate,Household,challenger,src-31c65dbec869
IN-PC-2008-tamil-nadu-508,tamil-nadu,2019,12,ARANI,SHAJI V,parties.IN.MNM,14776,1.29,6,forfeit,U,,8th Pass,,challenger,src-31c65dbec869
IN-PC-2008-tamil-nadu-508,tamil-nadu,2019,12,ARANI,SIVAPRAKASH K,parties.IN.BSP,5678,0.5,7,forfeit,U,,Graduate Professional,,challenger,src-31c65dbec869
IN-PC-2008-tamil-nadu-508,tamil-nadu,2019,12,ARANI,SAKTHIVEL K,,5317,0.46,8,forfeit,U,,Post Graduate,,challenger,src-31c65dbec869
IN-PC-2008-tamil-nadu-508,tamil-nadu,2019,12,ARANI,PERUMAL M,parties.IN.IND,4912,0.43,9,forfeit,U,,5th Pass,,challenger,src-31c65dbec869
IN-PC-2008-tamil-nadu-508,tamil-nadu,2019,12,ARANI,RAMAMURTHY S,parties.IN.IND,3614,0.32,10,forfeit,U,,12th Pass,,challenger,src-31c65dbec869
IN-PC-2008-tamil-nadu-508,tamil-nadu,2019,12,ARANI,SENJERAJA K N K,parties.IN.IND,2940,0.26,11,forfeit,U,,12th Pass,,challenger,src-31c65dbec869
IN-PC-2008-tamil-nadu-508,tamil-nadu,2019,12,ARANI,SUNDAR K,,1972,0.17,12,forfeit,U,,Post Graduate,Managerial Position,challenger,src-31c65dbec869
IN-PC-2008-tamil-nadu-508,tamil-nadu,2019,12,ARANI,RAMAMURTHY C,parties.IN.IND,1760,0.15,13,forfeit,U,,12th Pass,,challenger,src-31c65dbec869
IN-PC-2008-tamil-nadu-508,tamil-nadu,2019,12,ARANI,KOTHANDAPANI B,parties.IN.IND,967,0.08,14,forfeit,U,,,,challenger,src-31c65dbec869
IN-PC-2008-tamil-nadu-508,tamil-nadu,2019,12,ARANI,ELUMALAI K,parties.IN.IND,903,0.08,15,forfeit,U,,8th Pass,,challenger,src-31c65dbec869
IN-PC-2008-tamil-nadu-508,tamil-nadu,2019,12,ARANI,ELUMALAI S,parties.IN.IND,641,0.06,16,forfeit,U,,8th Pass,,challenger,src-31c65dbec869
IN-PC-2008-tamil-nadu-511,tamil-nadu,2019,13,VILUPPURAM,RAVIKUMAR D,parties.IN.DMK,559585,49.28,1,won,U,,Doctorate,"Lawyer, Journalist or Editor",crossover,src-31c65dbec869
IN-PC-2008-tamil-nadu-511,tamil-nadu,2019,13,VILUPPURAM,VADIVEL RAVANAN S,parties.IN.PMK,431517,38,2,lost,U,,Graduate,Author,challenger,src-31c65dbec869
IN-PC-2008-tamil-nadu-511,tamil-nadu,2019,13,VILUPPURAM,GANAPATHY N,parties.IN.IND,58019,5.11,3,forfeit,U,,8th Pass,,challenger,src-31c65dbec869
IN-PC-2008-tamil-nadu-511,tamil-nadu,2019,13,VILUPPURAM,PRAKALATHA D,parties.IN.NTK,24609,2.17,4,forfeit,U,,Post Graduate,Household,challenger,src-31c65dbec869
IN-PC-2008-tamil-nadu-511,tamil-nadu,2019,13,VILUPPURAM,ANBIN POYYAMOZHI S,parties.IN.MNM,17891,1.58,5,forfeit,U,,Post Graduate,Lawyer,challenger,src-31c65dbec869
IN-PC-2008-tamil-nadu-511,tamil-nadu,2019,13,VILUPPURAM,ARASAN K,parties.IN.IND,12781,1.13,6,forfeit,U,,Illiterate,,challenger,src-31c65dbec869
IN-PC-2008-tamil-nadu-511,tamil-nadu,2019,13,VILUPPURAM,ABIRAMI P,,4739,0.42,8,forfeit,U,,Graduate,Household,challenger,src-31c65dbec869
IN-PC-2008-tamil-nadu-511,tamil-nadu,2019,13,VILUPPURAM,RAJASEKARAN M,parties.IN.IND,4322,0.38,9,forfeit,U,,Graduate Professional,Lawyer,challenger,src-31c65dbec869
IN-PC-2008-tamil-nadu-511,tamil-nadu,2019,13,VILUPPURAM,KALIYAMOORTHY G,parties.IN.BSP,3943,0.35,10,forfeit,U,,10th Pass,Party Worker,challenger,src-31c65dbec869
IN-PC-2008-tamil-nadu-511,tamil-nadu,2019,13,VILUPPURAM,RAJA S,,2532,0.22,11,forfeit,U,,8th Pass,,challenger,src-31c65dbec869
IN-PC-2008-tamil-nadu-511,tamil-nadu,2019,13,VILUPPURAM,DESINGU A,parties.IN.IND,1350,0.12,12,forfeit,U,,10th Pass,,challenger,src-31c65dbec869
IN-PC-2008-tamil-nadu-511,tamil-nadu,2019,13,VILUPPURAM,ANBALAGAN T,parties.IN.IND,1314,0.12,13,forfeit,U,,12th Pass,,challenger,src-31c65dbec869
IN-PC-2008-tamil-nadu-511,tamil-nadu,2019,13,VILUPPURAM,KATHIRVEL M,parties.IN.IND,995,0.09,14,forfeit,U,,5th Pass,Self-employed,challenger,src-31c65dbec869
IN-PC-2008-tamil-nadu-518,tamil-nadu,2019,14,KALLAKURICHI,Gautham Sigamani Pon,parties.IN.DMK,721713,59.92,1,won,U,,Post Graduate,Doctor,challenger,src-31c65dbec869
IN-PC-2008-tamil-nadu-518,tamil-nadu,2019,14,KALLAKURICHI,Sudhish L K,parties.IN.DMDK,321794,26.72,2,lost,U,,Graduate,,challenger,src-31c65dbec869
IN-PC-2008-tamil-nadu-518,tamil-nadu,2019,14,KALLAKURICHI,Komugi Maniyan M,parties.IN.IND,50179,4.17,3,forfeit,U,,Graduate Professional,,challenger,src-31c65dbec869
IN-PC-2008-tamil-nadu-518,tamil-nadu,2019,14,KALLAKURICHI,Sharfudeen S,parties.IN.NTK,30246,2.51,4,forfeit,U,,,,challenger,src-31c65dbec869
IN-PC-2008-tamil-nadu-518,tamil-nadu,2019,14,KALLAKURICHI,Ganesh H,parties.IN.MNM,14587,1.21,5,forfeit,U,,12th Pass,Real Estate or Builder or Developer or Construction,challenger,src-31c65dbec869
IN-PC-2008-tamil-nadu-518,tamil-nadu,2019,14,KALLAKURICHI,Sumathi B,parties.IN.IND,10045,0.83,7,forfeit,U,,Illiterate,Household,challenger,src-31c65dbec869
IN-PC-2008-tamil-nadu-518,tamil-nadu,2019,14,KALLAKURICHI,Chandrasekaran V,parties.IN.IND,8066,0.67,8,forfeit,U,,Graduate,,challenger,src-31c65dbec869
IN-PC-2008-tamil-nadu-518,tamil-nadu,2019,14,KALLAKURICHI,Ramadoss R,parties.IN.IND,4927,0.41,9,forfeit,U,,10th Pass,,challenger,src-31c65dbec869
IN-PC-2008-tamil-nadu-518,tamil-nadu,2019,14,KALLAKURICHI,Sakthivel S,parties.IN.BSP,4838,0.4,10,forfeit,U,,Others,,challenger,src-31c65dbec869
IN-PC-2008-tamil-nadu-518,tamil-nadu,2019,14,KALLAKURICHI,Selvam D,parties.IN.IND,4426,0.37,11,forfeit,U,,,,challenger,src-31c65dbec869
IN-PC-2008-tamil-nadu-518,tamil-nadu,2019,14,KALLAKURICHI,Sathees Kumar R,parties.IN.IND,3956,0.33,12,forfeit,U,,12th Pass,,challenger,src-31c65dbec869
IN-PC-2008-tamil-nadu-518,tamil-nadu,2019,14,KALLAKURICHI,Prabhu A,parties.IN.IND,3182,0.26,13,forfeit,U,,10th Pass,Taxi Driver,challenger,src-31c65dbec869
IN-PC-2008-tamil-nadu-518,tamil-nadu,2019,14,KALLAKURICHI,Siva Kumar P,parties.IN.IND,1824,0.15,14,forfeit,U,,8th Pass,,challenger,src-31c65dbec869
IN-PC-2008-tamil-nadu-518,tamil-nadu,2019,14,KALLAKURICHI,Sathish Kumar G,parties.IN.IND,1415,0.12,15,forfeit,U,,Graduate,,challenger,src-31c65dbec869
IN-PC-2008-tamil-nadu-518,tamil-nadu,2019,14,KALLAKURICHI,Kumar K R,parties.IN.IND,1411,0.12,16,forfeit,U,,8th Pass,,challenger,src-31c65dbec869
IN-PC-2008-tamil-nadu-518,tamil-nadu,2019,14,KALLAKURICHI,Ramachandran K,parties.IN.IND,1306,0.11,17,forfeit,U,,Illiterate,,challenger,src-31c65dbec869
IN-PC-2008-tamil-nadu-518,tamil-nadu,2019,14,KALLAKURICHI,Manikandan C,parties.IN.IND,1299,0.11,18,forfeit,U,,12th Pass,,challenger,src-31c65dbec869
IN-PC-2008-tamil-nadu-518,tamil-nadu,2019,14,KALLAKURICHI,Kannan S,parties.IN.IND,1152,0.1,19,forfeit,U,,5th Pass,,challenger,src-31c65dbec869
IN-PC-2008-tamil-nadu-518,tamil-nadu,2019,14,KALLAKURICHI,Mayilamparai Mari A,parties.IN.IND,1151,0.1,20,forfeit,U,,Illiterate,,challenger,src-31c65dbec869
IN-PC-2008-tamil-nadu-518,tamil-nadu,2019,14,KALLAKURICHI,Mannan M P,parties.IN.IND,1130,0.09,21,forfeit,U,,Post Graduate,,challenger,src-31c65dbec869
IN-PC-2008-tamil-nadu-518,tamil-nadu,2019,14,KALLAKURICHI,Chandramohan M,,1108,0.09,22,forfeit,U,,Others,Shop Keeper,challenger,src-31c65dbec869
IN-PC-2008-tamil-nadu-518,tamil-nadu,2019,14,KALLAKURICHI,Nagarajan S,parties.IN.IND,1082,0.09,23,forfeit,U,,Post Graduate,,challenger,src-31c65dbec869
IN-PC-2008-tamil-nadu-518,tamil-nadu,2019,14,KALLAKURICHI,Sathishkumar A,parties.IN.IND,1024,0.09,24,forfeit,U,,,,challenger,src-31c65dbec869
IN-PC-2008-tamil-nadu-518,tamil-nadu,2019,14,KALLAKURICHI,Govindasamy A,parties.IN.IND,938,0.08,25,forfeit,U,,8th Pass,,challenger,src-31c65dbec869
IN-PC-2008-tamil-nadu-527,tamil-nadu,2019,16,NAMAKKAL,CHINRAJ A.K.P,parties.IN.DMK,626293,55.24,1,won,U,,Graduate,,challenger,src-31c65dbec869
IN-PC-2008-tamil-nadu-527,tamil-nadu,2019,16,NAMAKKAL,KALIAPPAN P,,361142,31.85,2,lost,U,,10th Pass,"Transport, Private Company",challenger,src-31c65dbec869
IN-PC-2008-tamil-nadu-527,tamil-nadu,2019,16,NAMAKKAL,BASKAR B,parties.IN.NTK,38531,3.4,3,forfeit,U,,Doctorate,Doctor,challenger,src-31c65dbec869
IN-PC-2008-tamil-nadu-527,tamil-nadu,2019,16,NAMAKKAL,THANGAVELU R,parties.IN.MNM,30947,2.73,4,forfeit,U,,Graduate,,challenger,src-31c65dbec869
IN-PC-2008-tamil-nadu-527,tamil-nadu,2019,16,NAMAKKAL,SAMINATHAN P.P,parties.IN.IND,23347,2.06,5,forfeit,U,,12th Pass,,challenger,src-31c65dbec869
IN-PC-2008-tamil-nadu-527,tamil-nadu,2019,16,NAMAKKAL,VINOTHKUMAR V,parties.IN.IND,4857,0.43,7,forfeit,U,,10th Pass,Coolie,challenger,src-31c65dbec869
IN-PC-2008-tamil-nadu-527,tamil-nadu,2019,16,NAMAKKAL,SAKTHIYVEL N.K.S,parties.IN.IND,4398,0.39,8,forfeit,U,,Post Graduate,,challenger,src-31c65dbec869
IN-PC-2008-tamil-nadu-527,tamil-nadu,2019,16,NAMAKKAL,RAMAN V,parties.IN.BSP,3579,0.32,9,forfeit,U,,5th Pass,Taxi Driver,challenger,src-31c65dbec869
IN-PC-2008-tamil-nadu-527,tamil-nadu,2019,16,NAMAKKAL,SARAVANAVEL R,parties.IN.IND,2935,0.26,10,forfeit,U,,Graduate Professional,Real Estate or Builder or Developer or Construction,challenger,src-31c65dbec869
IN-PC-2008-tamil-nadu-527,tamil-nadu,2019,16,NAMAKKAL,KALIAPPAN P,parties.IN.IND,2632,0.23,11,forfeit,U,,12th Pass,,challenger,src-31c65dbec869
IN-PC-2008-tamil-nadu-527,tamil-nadu,2019,16,NAMAKKAL,SAKTHIVEL S,parties.IN.IND,2544,0.22,12,forfeit,U,,8th Pass,,challenger,src-31c65dbec869
IN-PC-2008-tamil-nadu-527,tamil-nadu,2019,16,NAMAKKAL,NATARAJAN M,parties.IN.IND,2362,0.21,13,forfeit,U,,8th Pass,Transport,challenger,src-31c65dbec869
IN-PC-2008-tamil-nadu-527,tamil-nadu,2019,16,NAMAKKAL,VIJAYAKARTHIKEYAN B,parties.IN.IND,2044,0.18,14,forfeit,U,,Post Graduate,Lawyer,challenger,src-31c65dbec869
IN-PC-2008-tamil-nadu-527,tamil-nadu,2019,16,NAMAKKAL,RAMASAMY N,parties.IN.IND,1868,0.16,15,forfeit,U,,Illiterate,,challenger,src-31c65dbec869
IN-PC-2008-tamil-nadu-527,tamil-nadu,2019,16,NAMAKKAL,KALIYAPPAN K,parties.IN.IND,1821,0.16,16,forfeit,U,,5th Pass,,challenger,src-31c65dbec869
IN-PC-2008-tamil-nadu-527,tamil-nadu,2019,16,NAMAKKAL,KALIAPPAN S,parties.IN.IND,1177,0.1,17,forfeit,U,,5th Pass,,challenger,src-31c65dbec869
IN-PC-2008-tamil-nadu-527,tamil-nadu,2019,16,NAMAKKAL,MUTHUSAMY M.P.,parties.IN.GPI,1011,0.09,18,forfeit,U,,Post Graduate,Lawyer,challenger,src-31c65dbec869
IN-PC-2008-tamil-nadu-527,tamil-nadu,2019,16,NAMAKKAL,RAMESH T,,972,0.09,19,forfeit,U,,10th Pass,Yoga or Meditation Teacher,challenger,src-31c65dbec869
IN-PC-2008-tamil-nadu-527,tamil-nadu,2019,16,NAMAKKAL,MANICKAM S,parties.IN.UMK,777,0.07,20,forfeit,U,,5th Pass,Real Estate or Builder or Developer or Construction,challenger,src-31c65dbec869
IN-PC-2008-tamil-nadu-527,tamil-nadu,2019,16,NAMAKKAL,ARUMUGAM V,parties.IN.IND,762,0.07,21,forfeit,U,,10th Pass,Coolie,challenger,src-31c65dbec869
IN-PC-2008-tamil-nadu-527,tamil-nadu,2019,16,NAMAKKAL,RAMASAMY P,parties.IN.IND,726,0.06,22,forfeit,U,,12th Pass,,challenger,src-31c65dbec869
IN-PC-2008-tamil-nadu-527,tamil-nadu,2019,16,NAMAKKAL,RAMESH T.R,parties.IN.IND,683,0.06,23,forfeit,U,,10th Pass,,challenger,src-31c65dbec869
IN-PC-2008-tamil-nadu-527,tamil-nadu,2019,16,NAMAKKAL,SENTHILMURUGAN S,parties.IN.DMSK,644,0.06,24,forfeit,U,,10th Pass,Private Company,challenger,src-31c65dbec869
IN-PC-2008-tamil-nadu-527,tamil-nadu,2019,16,NAMAKKAL,PRABHU K,parties.IN.IND,587,0.05,25,forfeit,U,,12th Pass,,challenger,src-31c65dbec869
IN-PC-2008-tamil-nadu-527,tamil-nadu,2019,16,NAMAKKAL,NALLATHAMBI P,parties.IN.IND,526,0.05,26,forfeit,U,,,,challenger,src-31c65dbec869
IN-PC-2008-tamil-nadu-527,tamil-nadu,2019,16,NAMAKKAL,CHO V,parties.IN.IND,459,0.04,27,forfeit,U,,Graduate,Coolie,challenger,src-31c65dbec869
IN-PC-2008-tamil-nadu-527,tamil-nadu,2019,16,NAMAKKAL,SELVARAJ K.R,parties.IN.IND,448,0.04,28,forfeit,U,,10th Pass,,challenger,src-31c65dbec869
IN-PC-2008-tamil-nadu-527,tamil-nadu,2019,16,NAMAKKAL,SIVARAJEE S,parties.IN.IND,341,0.03,29,forfeit,U,,Illiterate,Coolie,challenger,src-31c65dbec869
IN-PC-2008-tamil-nadu-527,tamil-nadu,2019,16,NAMAKKAL,SELLADURAI S,parties.IN.IND,288,0.03,30,forfeit,U,,8th Pass,Coolie,challenger,src-31c65dbec869
IN-PC-2008-tamil-nadu-523,tamil-nadu,2019,18,TIRUPPUR,"SUBBARAYAN, K.",parties.IN.CPI,508725,45.44,1,won,U,,10th Pass,Party Worker,challenger,src-31c65dbec869
IN-PC-2008-tamil-nadu-523,tamil-nadu,2019,18,TIRUPPUR,"ANANDAN, M.S.M.",,415357,37.1,2,lost,U,,10th Pass,,challenger,src-31c65dbec869
IN-PC-2008-tamil-nadu-523,tamil-nadu,2019,18,TIRUPPUR,"CHANDIRAKUMAR, V.S.",parties.IN.MNM,64657,5.78,3,forfeit,U,,10th Pass,,challenger,src-31c65dbec869
IN-PC-2008-tamil-nadu-523,tamil-nadu,2019,18,TIRUPPUR,"SELVAM, S.R.",parties.IN.IND,43816,3.91,4,forfeit,U,,8th Pass,,challenger,src-31c65dbec869
IN-PC-2008-tamil-nadu-523,tamil-nadu,2019,18,TIRUPPUR,"JAGANATHAN, P.",parties.IN.NTK,42189,3.77,5,forfeit,U,,10th Pass,,challenger,src-31c65dbec869
IN-PC-2008-tamil-nadu-523,tamil-nadu,2019,18,TIRUPPUR,"AYYANAR, C.",parties.IN.BSP,7321,0.65,7,forfeit,U,,Graduate,,challenger,src-31c65dbec869
IN-PC-2008-tamil-nadu-523,tamil-nadu,2019,18,TIRUPPUR,"RAJKUMAR, S.",parties.IN.IND,4481,0.4,8,forfeit,U,,Others,Mechanic,challenger,src-31c65dbec869
IN-PC-2008-tamil-nadu-523,tamil-nadu,2019,18,TIRUPPUR,"KATHIRESAN, L.",parties.IN.IND,3476,0.31,9,forfeit,U,,Post Graduate,,challenger,src-31c65dbec869
IN-PC-2008-tamil-nadu-523,tamil-nadu,2019,18,TIRUPPUR,"JAGANATHAN, P.",parties.IN.IND,2683,0.24,10,forfeit,U,,5th Pass,,challenger,src-31c65dbec869
IN-PC-2008-tamil-nadu-523,tamil-nadu,2019,18,TIRUPPUR,"SENTHILVEL, A.",parties.IN.IND,1899,0.17,11,forfeit,U,,8th Pass,Real Estate or Builder or Developer or Construction,challenger,src-31c65dbec869
IN-PC-2008-tamil-nadu-523,tamil-nadu,2019,18,TIRUPPUR,"KUMAR, D.",parties.IN.IND,1599,0.14,12,forfeit,U,,8th Pass,Workshop or Small Manufacturer,challenger,src-31c65dbec869
IN-PC-2008-tamil-nadu-523,tamil-nadu,2019,18,TIRUPPUR,"KANAGARAJ, P.",parties.IN.IND,1520,0.14,13,forfeit,U,,5th Pass,Home Teacher or Tuition,challenger,src-31c65dbec869
IN-PC-2008-tamil-nadu-509,tamil-nadu,2019,20,COIMBATORE,NATARAJAN. P.R,,571150,45.66,1,won,U,,12th Pass,,challenger,src-31c65dbec869
IN-PC-2008-tamil-nadu-509,tamil-nadu,2019,20,COIMBATORE,RADHAKRISHNAN. C.P,parties.IN.BJP,392007,31.34,2,lost,U,,Graduate,,challenger,src-31c65dbec869
IN-PC-2008-tamil-nadu-509,tamil-nadu,2019,20,COIMBATORE,MAHENDRAN. R,parties.IN.MNM,145104,11.6,3,forfeit,U,,Post Graduate,,challenger,src-31c65dbec869
IN-PC-2008-tamil-nadu-509,tamil-nadu,2019,20,COIMBATORE,KALYANA SUNDARAM. S,parties.IN.NTK,60519,4.84,4,forfeit,U,,Post Graduate,Private Company,challenger,src-31c65dbec869
IN-PC-2008-tamil-nadu-509,tamil-nadu,2019,20,COIMBATORE,APPATHURAI. N.R.,parties.IN.IND,38061,3.04,5,forfeit,U,,12th Pass,,challenger,src-31c65dbec869
IN-PC-2008-tamil-nadu-509,tamil-nadu,2019,20,COIMBATORE,GOVINDAN. P,parties.IN.BSP,4314,0.34,7,forfeit,U,,10th Pass,,challenger,src-31c65dbec869
IN-PC-2008-tamil-nadu-509,tamil-nadu,2019,20,COIMBATORE,KRISHNAN. V,parties.IN.IND,2916,0.23,8,forfeit,U,,8th Pass,Real Estate or Builder or Developer or Construction,challenger,src-31c65dbec869
IN-PC-2008-tamil-nadu-509,tamil-nadu,2019,20,COIMBATORE,KANAGASABAPATHY. G,parties.IN.IND,2727,0.22,9,forfeit,U,,5th Pass,,challenger,src-31c65dbec869
IN-PC-2008-tamil-nadu-509,tamil-nadu,2019,20,COIMBATORE,RADHAKRISHNAN. U,parties.IN.IND,2633,0.21,10,forfeit,U,,5th Pass,,challenger,src-31c65dbec869
IN-PC-2008-tamil-nadu-509,tamil-nadu,2019,20,COIMBATORE,MANIKANDAN. P,,2307,0.18,11,forfeit,U,,12th Pass,,challenger,src-31c65dbec869
IN-PC-2008-tamil-nadu-509,tamil-nadu,2019,20,COIMBATORE,RADHAKRISHNAN. P,parties.IN.IND,1627,0.13,12,forfeit,U,,10th Pass,Shop Keeper,challenger,src-31c65dbec869
IN-PC-2008-tamil-nadu-509,tamil-nadu,2019,20,COIMBATORE,DHANAPAL. M,parties.IN.IND,1538,0.12,13,forfeit,U,,Graduate,,challenger,src-31c65dbec869
IN-PC-2008-tamil-nadu-509,tamil-nadu,2019,20,COIMBATORE,PUSHPANANTHAM. V,parties.IN.IND,1422,0.11,14,forfeit,U,,Post Graduate,Lawyer,challenger,src-31c65dbec869
IN-PC-2008-tamil-nadu-509,tamil-nadu,2019,20,COIMBATORE,NATARAJAN. A,parties.IN.IND,1370,0.11,15,forfeit,U,,5th Pass,Coolie,challenger,src-31c65dbec869
IN-PC-2008-tamil-nadu-525,tamil-nadu,2019,21,POLLACHI,SHANMUGA SUNDARAM. K,parties.IN.DMK,554230,51.23,1,won,U,,Graduate Professional,,challenger,src-31c65dbec869
IN-PC-2008-tamil-nadu-525,tamil-nadu,2019,21,POLLACHI,MAHENDRAN. C,,378347,34.97,2,lost,U,,Post Graduate,,incumbent,src-31c65dbec869
IN-PC-2008-tamil-nadu-525,tamil-nadu,2019,21,POLLACHI,MOOKAMBIKA. R,parties.IN.MNM,59693,5.52,3,forfeit,U,,Graduate Professional,,challenger,src-31c65dbec869
IN-PC-2008-tamil-nadu-525,tamil-nadu,2019,21,POLLACHI,SANUJA. U,parties.IN.NTK,31483,2.91,4,forfeit,U,,Others,Household,challenger,src-31c65dbec869
IN-PC-2008-tamil-nadu-525,tamil-nadu,2019,21,POLLACHI,MUTHUKUMAR. S,parties.IN.IND,26663,2.46,5,forfeit,U,,Graduate,,challenger,src-31c65dbec869
IN-PC-2008-tamil-nadu-525,tamil-nadu,2019,21,POLLACHI,RAJENDHIRAN. R.G.,parties.IN.IND,5247,0.48,7,forfeit,U,,Graduate,Activist,challenger,src-31c65dbec869
IN-PC-2008-tamil-nadu-525,tamil-nadu,2019,21,POLLACHI,GANESHA MOORTHY. A,parties.IN.BSP,3187,0.29,8,forfeit,U,,10th Pass,Self-employed,challenger,src-31c65dbec869
IN-PC-2008-tamil-nadu-525,tamil-nadu,2019,21,POLLACHI,RAMASAMY. K,parties.IN.IND,2737,0.25,9,forfeit,U,,10th Pass,,challenger,src-31c65dbec869
IN-PC-2008-tamil-nadu-525,tamil-nadu,2019,21,POLLACHI,SHANMUGA SUNDARAM. V,parties.IN.IND,1273,0.12,10,forfeit,U,,8th Pass,,challenger,src-31c65dbec869
IN-PC-2008-tamil-nadu-525,tamil-nadu,2019,21,POLLACHI,MUTHUKUMAR. C,parties.IN.IND,943,0.09,11,forfeit,U,,10th Pass,,challenger,src-31c65dbec869
IN-PC-2008-tamil-nadu-525,tamil-nadu,2019,21,POLLACHI,ANSARI. S,parties.IN.IND,908,0.08,12,forfeit,U,,Graduate,Real Estate or Builder or Developer or Construction,challenger,src-31c65dbec869
IN-PC-2008-tamil-nadu-525,tamil-nadu,2019,21,POLLACHI,BALAJI. G,parties.IN.IND,806,0.07,13,forfeit,U,,Post Graduate,,challenger,src-31c65dbec869
IN-PC-2008-tamil-nadu-525,tamil-nadu,2019,21,POLLACHI,SHANMUGA SUNDARAM. K.N.,parties.IN.IND,714,0.07,14,forfeit,U,,5th Pass,,challenger,src-31c65dbec869
IN-PC-2008-tamil-nadu-525,tamil-nadu,2019,21,POLLACHI,MANICKAVEL. C,parties.IN.IND,534,0.05,15,forfeit,U,,10th Pass,,challenger,src-31c65dbec869
IN-PC-2008-tamil-nadu-512,tamil-nadu,2019,23,KARUR,Jothimani S,parties.IN.INC,695697,63.06,1,won,U,,Post Graduate,Author,challenger,src-31c65dbec869
IN-PC-2008-tamil-nadu-512,tamil-nadu,2019,23,KARUR,Thambidurai M,,275151,24.94,2,lost,U,,Doctorate,Party Worker,incumbent,src-31c65dbec869
IN-PC-2008-tamil-nadu-512,tamil-nadu,2019,23,KARUR,Karuppaiya R,parties.IN.NTK,38543,3.49,3,forfeit,U,,Post Graduate,Doctor,challenger,src-31c65dbec869
IN-PC-2008-tamil-nadu-512,tamil-nadu,2019,23,KARUR,Thangavel P S N,parties.IN.IND,31139,2.82,4,forfeit,U,,Graduate Professional,,challenger,src-31c65dbec869
IN-PC-2008-tamil-nadu-512,tamil-nadu,2019,23,KARUR,Hariharan Dr R,parties.IN.MNM,15967,1.45,5,forfeit,U,,Graduate Professional,Doctor,challenger,src-31c65dbec869
IN-PC-2008-tamil-nadu-512,tamil-nadu,2019,23,KARUR,AadhiKrishnan P,parties.IN.BSP,3059,0.28,7,forfeit,U,,Literate,Self-employed,challenger,src-31c65dbec869
IN-PC-2008-tamil-nadu-512,tamil-nadu,2019,23,KARUR,Mahamuni A,parties.IN.IND,2867,0.26,8,forfeit,U,,Graduate Professional,Lawyer,challenger,src-31c65dbec869
IN-PC-2008-tamil-nadu-512,tamil-nadu,2019,23,KARUR,Karthikeyan B K,parties.IN.IND,2296,0.21,9,forfeit,U,,Graduate Professional,Lawyer,challenger,src-31c65dbec869
IN-PC-2008-tamil-nadu-512,tamil-nadu,2019,23,KARUR,Karthi P,parties.IN.IND,2175,0.2,10,forfeit,U,,Graduate Professional,Lawyer,challenger,src-31c65dbec869
IN-PC-2008-tamil-nadu-512,tamil-nadu,2019,23,KARUR,Ebeneezer S,parties.IN.IND,1950,0.18,11,forfeit,U,,Post Graduate,Retired Teacher,challenger,src-31c65dbec869
IN-PC-2008-tamil-nadu-512,tamil-nadu,2019,23,KARUR,Karthikeyan M,parties.IN.IND,1585,0.14,12,forfeit,U,,Post Graduate,Lawyer,challenger,src-31c65dbec869
IN-PC-2008-tamil-nadu-512,tamil-nadu,2019,23,KARUR,Sathishkumar S,parties.IN.IND,1526,0.14,13,forfeit,U,,,,challenger,src-31c65dbec869
IN-PC-2008-tamil-nadu-512,tamil-nadu,2019,23,KARUR,Ramachandran M,parties.IN.IND,1466,0.13,14,forfeit,U,,Graduate Professional,Lawyer,challenger,src-31c65dbec869
IN-PC-2008-tamil-nadu-512,tamil-nadu,2019,23,KARUR,Kanagaraj R T,parties.IN.IND,1300,0.12,15,forfeit,U,,8th Pass,,challenger,src-31c65dbec869
IN-PC-2008-tamil-nadu-512,tamil-nadu,2019,23,KARUR,Noyyal Ramasamy M,,1264,0.11,16,forfeit,U,,10th Pass,,challenger,src-31c65dbec869
IN-PC-2008-tamil-nadu-512,tamil-nadu,2019,23,KARUR,Anbukani S,parties.IN.IND,1145,0.1,17,forfeit,U,,Post Graduate,Household,challenger,src-31c65dbec869
IN-PC-2008-tamil-nadu-512,tamil-nadu,2019,23,KARUR,Prabakaran T,parties.IN.IND,1129,0.1,18,forfeit,U,,Graduate Professional,Lawyer,challenger,src-31c65dbec869
IN-PC-2008-tamil-nadu-512,tamil-nadu,2019,23,KARUR,Muthukumar G,parties.IN.IND,1045,0.09,19,forfeit,U,,Graduate Professional,Lawyer,challenger,src-31c65dbec869
IN-PC-2008-tamil-nadu-512,tamil-nadu,2019,23,KARUR,Jothikumar J,,969,0.09,20,forfeit,U,,Graduate Professional,,challenger,src-31c65dbec869
IN-PC-2008-tamil-nadu-512,tamil-nadu,2019,23,KARUR,Muthu K R P,parties.IN.IND,920,0.08,21,forfeit,U,,12th Pass,,challenger,src-31c65dbec869
IN-PC-2008-tamil-nadu-512,tamil-nadu,2019,23,KARUR,Pushpahenryraj S,parties.IN.IND,887,0.08,22,forfeit,U,,10th Pass,Priest,challenger,src-31c65dbec869
IN-PC-2008-tamil-nadu-512,tamil-nadu,2019,23,KARUR,Saraswathi K,parties.IN.INCP,860,0.08,23,forfeit,U,,Illiterate,Coolie,crossover,src-31c65dbec869
IN-PC-2008-tamil-nadu-512,tamil-nadu,2019,23,KARUR,Ulaganathan T,parties.IN.IND,824,0.07,24,forfeit,U,,Graduate Professional,Lawyer,challenger,src-31c65dbec869
IN-PC-2008-tamil-nadu-512,tamil-nadu,2019,23,KARUR,Dasaprakash K,parties.IN.IND,813,0.07,25,forfeit,U,,Graduate Professional,Lawyer,challenger,src-31c65dbec869
IN-PC-2008-tamil-nadu-512,tamil-nadu,2019,23,KARUR,Magudeeswaran K,parties.IN.IND,720,0.07,26,forfeit,U,,Graduate Professional,Lawyer,challenger,src-31c65dbec869
IN-PC-2008-tamil-nadu-512,tamil-nadu,2019,23,KARUR,Ramamoorthy R,parties.IN.UMK,717,0.06,27,forfeit,U,,8th Pass,Coolie,challenger,src-31c65dbec869
IN-PC-2008-tamil-nadu-512,tamil-nadu,2019,23,KARUR,Vigneshwaran P,parties.IN.IND,700,0.06,28,forfeit,U,,Graduate Professional,Lawyer,challenger,src-31c65dbec869
IN-PC-2008-tamil-nadu-512,tamil-nadu,2019,23,KARUR,Selvaraj K,parties.IN.IND,697,0.06,29,forfeit,U,,Graduate,,challenger,src-31c65dbec869
IN-PC-2008-tamil-nadu-512,tamil-nadu,2019,23,KARUR,Anbazhagan T,parties.IN.IND,666,0.06,30,forfeit,U,,Graduate Professional,Lawyer,challenger,src-31c65dbec869
IN-PC-2008-tamil-nadu-512,tamil-nadu,2019,23,KARUR,Varadan M,parties.IN.IND,639,0.06,31,forfeit,U,,Post Graduate,Lawyer,challenger,src-31c65dbec869
IN-PC-2008-tamil-nadu-512,tamil-nadu,2019,23,KARUR,Palanivel P,parties.IN.IND,549,0.05,32,forfeit,U,,Graduate Professional,Lawyer,challenger,src-31c65dbec869
IN-PC-2008-tamil-nadu-512,tamil-nadu,2019,23,KARUR,Ravi S P,parties.IN.IND,512,0.05,33,forfeit,U,,Graduate Professional,Lawyer,challenger,src-31c65dbec869
IN-PC-2008-tamil-nadu-512,tamil-nadu,2019,23,KARUR,Prakash N,parties.IN.IND,506,0.05,34,forfeit,U,,Graduate Professional,Lawyer,challenger,src-31c65dbec869
IN-PC-2008-tamil-nadu-512,tamil-nadu,2019,23,KARUR,Vinothkumar N,parties.IN.IND,416,0.04,35,forfeit,U,,Graduate Professional,Lawyer,challenger,src-31c65dbec869
IN-PC-2008-tamil-nadu-512,tamil-nadu,2019,23,KARUR,Manoharan M,,414,0.04,36,forfeit,U,,Graduate,Journalist or Editor,challenger,src-31c65dbec869
IN-PC-2008-tamil-nadu-512,tamil-nadu,2019,23,KARUR,Joseph M A,parties.IN.DMSK,398,0.04,37,forfeit,U,,10th Pass,,challenger,src-31c65dbec869
IN-PC-2008-tamil-nadu-512,tamil-nadu,2019,23,KARUR,Rajalingam M,parties.IN.IND,397,0.04,38,forfeit,U,,10th Pass,Household,challenger,src-31c65dbec869
IN-PC-2008-tamil-nadu-512,tamil-nadu,2019,23,KARUR,Nagajothi M,parties.IN.IND,397,0.04,39,forfeit,U,,Post Graduate,,challenger,src-31c65dbec869
IN-PC-2008-tamil-nadu-512,tamil-nadu,2019,23,KARUR,Sivakumar V,parties.IN.IND,378,0.03,40,forfeit,U,,Graduate Professional,Lawyer,challenger,src-31c65dbec869
IN-PC-2008-tamil-nadu-512,tamil-nadu,2019,23,KARUR,Babu G,parties.IN.IND,313,0.03,41,forfeit,U,,Graduate Professional,Lawyer,challenger,src-31c65dbec869
IN-PC-2008-tamil-nadu-512,tamil-nadu,2019,23,KARUR,Pitchaimuthu T,parties.IN.IND,296,0.03,42,forfeit,U,,Graduate Professional,Lawyer,challenger,src-31c65dbec869
IN-PC-2008-tamil-nadu-512,tamil-nadu,2019,23,KARUR,Rajesh Kannan K,parties.IN.IND,270,0.02,43,forfeit,U,,10th Pass,Managerial Position,challenger,src-31c65dbec869
IN-PC-2008-tamil-nadu-519,tamil-nadu,2019,24,TIRUCHIRAPPALLI,Thirunavukkarasar. SU,parties.IN.INC,621285,59.28,1,won,U,,Post Graduate,Lawyer,challenger,src-31c65dbec869
IN-PC-2008-tamil-nadu-519,tamil-nadu,2019,24,TIRUCHIRAPPALLI,DR.Elangovan. V,parties.IN.DMDK,161999,15.46,2,forfeit,U,,Graduate Professional,Doctor,challenger,src-31c65dbec869
IN-PC-2008-tamil-nadu-519,tamil-nadu,2019,24,TIRUCHIRAPPALLI,Sarubala. R. Thondaiman,parties.IN.IND,100818,9.62,3,forfeit,U,,Post Graduate,Self-employed,challenger,src-31c65dbec869
IN-PC-2008-tamil-nadu-519,tamil-nadu,2019,24,TIRUCHIRAPPALLI,Vinoth. V,parties.IN.NTK,65286,6.23,4,forfeit,U,,Post Graduate,,challenger,src-31c65dbec869
IN-PC-2008-tamil-nadu-519,tamil-nadu,2019,24,TIRUCHIRAPPALLI,Anandharaja. V,parties.IN.MNM,42134,4.02,5,forfeit,U,,Graduate,,challenger,src-31c65dbec869
IN-PC-2008-tamil-nadu-519,tamil-nadu,2019,24,TIRUCHIRAPPALLI,Arunachalam. A,parties.IN.IND,4892,0.47,7,forfeit,U,,Graduate,,challenger,src-31c65dbec869
IN-PC-2008-tamil-nadu-519,tamil-nadu,2019,24,TIRUCHIRAPPALLI,Balamurugan. S,parties.IN.BSP,3961,0.38,8,forfeit,U,,Graduate Professional,Lawyer,challenger,src-31c65dbec869
IN-PC-2008-tamil-nadu-519,tamil-nadu,2019,24,TIRUCHIRAPPALLI,Thirunavukarasu. S,parties.IN.IND,3669,0.35,9,forfeit,U,,8th Pass,,challenger,src-31c65dbec869
IN-PC-2008-tamil-nadu-519,tamil-nadu,2019,24,TIRUCHIRAPPALLI,Sundrarajan.P,parties.IN.IND,3451,0.33,10,forfeit,U,,5th Pass,,challenger,src-31c65dbec869
IN-PC-2008-tamil-nadu-519,tamil-nadu,2019,24,TIRUCHIRAPPALLI,Shadhik Batcha. A,parties.IN.IND,3376,0.32,11,forfeit,U,,Post Graduate,,challenger,src-31c65dbec869
IN-PC-2008-tamil-nadu-519,tamil-nadu,2019,24,TIRUCHIRAPPALLI,Asaithambi. P,,2685,0.26,12,forfeit,U,,Graduate Professional,Party Worker,challenger,src-31c65dbec869
IN-PC-2008-tamil-nadu-519,tamil-nadu,2019,24,TIRUCHIRAPPALLI,Gopalakrishnan. V,parties.IN.IND,2532,0.24,13,forfeit,U,,Post Graduate,,challenger,src-31c65dbec869
IN-PC-2008-tamil-nadu-519,tamil-nadu,2019,24,TIRUCHIRAPPALLI,Nachi. S,,2368,0.23,14,forfeit,U,,10th Pass,,challenger,src-31c65dbec869
IN-PC-2008-tamil-nadu-519,tamil-nadu,2019,24,TIRUCHIRAPPALLI,Chellaperumal.,parties.IN.IND,2241,0.21,15,forfeit,U,,Post Graduate,,challenger,src-31c65dbec869
IN-PC-2008-tamil-nadu-519,tamil-nadu,2019,24,TIRUCHIRAPPALLI,Karthik. K.M,parties.IN.IND,2136,0.2,16,forfeit,U,,Graduate Professional,,challenger,src-31c65dbec869
IN-PC-2008-tamil-nadu-519,tamil-nadu,2019,24,TIRUCHIRAPPALLI,Pushparaj. K,parties.IN.IND,1604,0.15,17,forfeit,U,,Others,,challenger,src-31c65dbec869
IN-PC-2008-tamil-nadu-519,tamil-nadu,2019,24,TIRUCHIRAPPALLI,Vijayakumar. P,parties.IN.IND,1354,0.13,18,forfeit,U,,12th Pass,,challenger,src-31c65dbec869
IN-PC-2008-tamil-nadu-519,tamil-nadu,2019,24,TIRUCHIRAPPALLI,Ganesan. P,,1324,0.13,19,forfeit,U,,Graduate,Qualified Professional,challenger,src-31c65dbec869
IN-PC-2008-tamil-nadu-519,tamil-nadu,2019,24,TIRUCHIRAPPALLI,Easudoss. S,parties.IN.ICF,1303,0.12,20,forfeit,U,,8th Pass,,challenger,src-31c65dbec869
IN-PC-2008-tamil-nadu-519,tamil-nadu,2019,24,TIRUCHIRAPPALLI,Ganesh. R,parties.IN.IND,1223,0.12,21,forfeit,U,,5th Pass,Mechanic,challenger,src-31c65dbec869
IN-PC-2008-tamil-nadu-519,tamil-nadu,2019,24,TIRUCHIRAPPALLI,Karuppaiah.C,parties.IN.IND,1218,0.12,22,forfeit,U,,Graduate,,challenger,src-31c65dbec869
IN-PC-2008-tamil-nadu-519,tamil-nadu,2019,24,TIRUCHIRAPPALLI,Jayaram Metha. S,parties.IN.IND,1159,0.11,23,forfeit,U,,Graduate Professional,Mechanic,challenger,src-31c65dbec869
IN-PC-2008-tamil-nadu-519,tamil-nadu,2019,24,TIRUCHIRAPPALLI,Durai Benjamin,parties.IN.IND,876,0.08,24,forfeit,U,,Post Graduate,Real Estate or Builder or Developer or Construction,challenger,src-31c65dbec869
IN-PC-2008-tamil-nadu-519,tamil-nadu,2019,24,TIRUCHIRAPPALLI,Kamaraj. K,parties.IN.IND,731,0.07,25,forfeit,U,,10th Pass,,challenger,src-31c65dbec869
IN-PC-2008-tamil-nadu-517,tamil-nadu,2019,26,CUDDALORE,T. R. V .S. RAMESH,parties.IN.DMK,522160,50.05,1,won,U,,Graduate Professional,,challenger,src-31c65dbec869
IN-PC-2008-tamil-nadu-517,tamil-nadu,2019,26,CUDDALORE,Dr. R. GOVINDASAMY,parties.IN.PMK,378177,36.25,2,lost,U,,Post Graduate,Doctor,challenger,src-31c65dbec869
IN-PC-2008-tamil-nadu-517,tamil-nadu,2019,26,CUDDALORE,K. THANGAVEL,parties.IN.IND,44892,4.3,3,forfeit,U,,10th Pass,,challenger,src-31c65dbec869
IN-PC-2008-tamil-nadu-517,tamil-nadu,2019,26,CUDDALORE,R. CHITHRA,parties.IN.NTK,34692,3.33,4,forfeit,U,,Graduate,,challenger,src-31c65dbec869
IN-PC-2008-tamil-nadu-517,tamil-nadu,2019,26,CUDDALORE,V. ANNAMALAI,parties.IN.MNM,23713,2.27,5,forfeit,U,,Post Graduate,Private Company,challenger,src-31c65dbec869
IN-PC-2008-tamil-nadu-517,tamil-nadu,2019,26,CUDDALORE,KUPPUSAMY,,7540,0.72,7,forfeit,U,,Literate,,challenger,src-31c65dbec869
IN-PC-2008-tamil-nadu-517,tamil-nadu,2019,26,CUDDALORE,S. DHANASEKARAN,parties.IN.IND,3296,0.32,8,forfeit,U,,10th Pass,,challenger,src-31c65dbec869
IN-PC-2008-tamil-nadu-517,tamil-nadu,2019,26,CUDDALORE,D. SANKAR,parties.IN.IND,2860,0.27,9,forfeit,U,,Graduate,,challenger,src-31c65dbec869
IN-PC-2008-tamil-nadu-517,tamil-nadu,2019,26,CUDDALORE,C. JEYAPRAKASH,parties.IN.BSP,2827,0.27,10,forfeit,U,,Others,,challenger,src-31c65dbec869
IN-PC-2008-tamil-nadu-517,tamil-nadu,2019,26,CUDDALORE,CHELLADURAI,,2587,0.25,11,forfeit,U,,Graduate,,challenger,src-31c65dbec869
IN-PC-2008-tamil-nadu-517,tamil-nadu,2019,26,CUDDALORE,K. RAMAN,parties.IN.IND,1943,0.19,12,forfeit,U,,Graduate Professional,Lawyer,challenger,src-31c65dbec869
IN-PC-2008-tamil-nadu-517,tamil-nadu,2019,26,CUDDALORE,M. SATHIYASEELAN,parties.IN.IND,1671,0.16,13,forfeit,U,,Graduate,,challenger,src-31c65dbec869
IN-PC-2008-tamil-nadu-517,tamil-nadu,2019,26,CUDDALORE,MOOVANDHAN,parties.IN.IND,1518,0.15,14,forfeit,U,,Post Graduate,Lawyer,challenger,src-31c65dbec869
IN-PC-2008-tamil-nadu-517,tamil-nadu,2019,26,CUDDALORE,K. HEMANTH KUMAR,parties.IN.IND,1350,0.13,15,forfeit,U,,Graduate Professional,Lawyer,challenger,src-31c65dbec869
IN-PC-2008-tamil-nadu-517,tamil-nadu,2019,26,CUDDALORE,D. SENTHAMARAI KANNAN,parties.IN.IND,1277,0.12,16,forfeit,U,,10th Pass,,challenger,src-31c65dbec869
IN-PC-2008-tamil-nadu-517,tamil-nadu,2019,26,CUDDALORE,S. RAJAMOHAN,parties.IN.IND,920,0.09,17,forfeit,U,,Post Graduate,Ex Govt Employee,challenger,src-31c65dbec869
IN-PC-2008-tamil-nadu-517,tamil-nadu,2019,26,CUDDALORE,M. RAGHUNATHAN,,748,0.07,18,forfeit,U,,Post Graduate,Engineer,challenger,src-31c65dbec869
IN-PC-2008-tamil-nadu-517,tamil-nadu,2019,26,CUDDALORE,A. MANIKANDAN,,638,0.06,19,forfeit,U,,8th Pass,,challenger,src-31c65dbec869
IN-PC-2008-tamil-nadu-517,tamil-nadu,2019,26,CUDDALORE,A. MARIMUTHU,parties.IN.IND,635,0.06,20,forfeit,U,,Graduate Professional,Lawyer,challenger,src-31c65dbec869
IN-PC-2008-tamil-nadu-517,tamil-nadu,2019,26,CUDDALORE,A. JAYAMANI,parties.IN.IND,574,0.06,21,forfeit,U,,Graduate Professional,Lawyer,challenger,src-31c65dbec869
IN-PC-2008-tamil-nadu-517,tamil-nadu,2019,26,CUDDALORE,M PAVADAI RAJA,,459,0.04,22,forfeit,U,,8th Pass,,challenger,src-31c65dbec869
IN-PC-2008-tamil-nadu-534,tamil-nadu,2019,27,CHIDAMBARAM,THIRUMAAVALAVAN THOL,parties.IN.VCK,500229,43.38,1,won,U,,Doctorate,Party Worker,challenger,src-31c65dbec869
IN-PC-2008-tamil-nadu-534,tamil-nadu,2019,27,CHIDAMBARAM,CHANDRASEKAR P,,497010,43.1,2,lost,U,,Post Graduate,,challenger,src-31c65dbec869
IN-PC-2008-tamil-nadu-534,tamil-nadu,2019,27,CHIDAMBARAM,ELAVARASAN A,parties.IN.IND,62308,5.4,3,forfeit,U,,Doctorate,Lawyer,challenger,src-31c65dbec869
IN-PC-2008-tamil-nadu-534,tamil-nadu,2019,27,CHIDAMBARAM,SIVAJOTHI M,parties.IN.NTK,37471,3.25,4,forfeit,U,,,,challenger,src-31c65dbec869
IN-PC-2008-tamil-nadu-534,tamil-nadu,2019,27,CHIDAMBARAM,RAVI T,parties.IN.MNM,15334,1.33,6,forfeit,U,,Others,Shop Keeper,challenger,src-31c65dbec869
IN-PC-2008-tamil-nadu-534,tamil-nadu,2019,27,CHIDAMBARAM,GURUSAMY P,parties.IN.IND,7012,0.61,7,forfeit,U,,Graduate,,challenger,src-31c65dbec869
IN-PC-2008-tamil-nadu-534,tamil-nadu,2019,27,CHIDAMBARAM,KRISHNARAJ M,,4675,0.41,8,forfeit,U,,Others,,challenger,src-31c65dbec869
IN-PC-2008-tamil-nadu-534,tamil-nadu,2019,27,CHIDAMBARAM,PARVATHI S,parties.IN.DMSK,4100,0.36,9,forfeit,U,,Literate,,challenger,src-31c65dbec869
IN-PC-2008-tamil-nadu-534,tamil-nadu,2019,27,CHIDAMBARAM,JAGATHEESAN M,parties.IN.IND,2993,0.26,10,forfeit,U,,Others,,challenger,src-31c65dbec869
IN-PC-2008-tamil-nadu-534,tamil-nadu,2019,27,CHIDAMBARAM,KALAIYARASAN R,parties.IN.IND,2155,0.19,11,forfeit,U,,5th Pass,,challenger,src-31c65dbec869
IN-PC-2008-tamil-nadu-534,tamil-nadu,2019,27,CHIDAMBARAM,KRISHNAKUMARI A,parties.IN.IND,1706,0.15,12,forfeit,U,,8th Pass,Coolie,challenger,src-31c65dbec869
IN-PC-2008-tamil-nadu-534,tamil-nadu,2019,27,CHIDAMBARAM,PERIYASAMY T,parties.IN.IND,1464,0.13,13,forfeit,U,,10th Pass,,challenger,src-31c65dbec869
IN-PC-2008-tamil-nadu-534,tamil-nadu,2019,27,CHIDAMBARAM,KITTU T,parties.IN.IND,1200,0.1,14,forfeit,U,,,,challenger,src-31c65dbec869
IN-PC-2008-tamil-nadu-524,tamil-nadu,2019,28,MAYILADUTHURAI,RAMALINGAM. S,parties.IN.DMK,599292,54.62,1,won,U,,Graduate,,challenger,src-31c65dbec869
IN-PC-2008-tamil-nadu-524,tamil-nadu,2019,28,MAYILADUTHURAI,ASAIMANI. S,,337978,30.8,2,lost,U,,Post Graduate,,challenger,src-31c65dbec869
IN-PC-2008-tamil-nadu-524,tamil-nadu,2019,28,MAYILADUTHURAI,SENTHAMIZHAN. S,parties.IN.IND,69030,6.29,3,forfeit,U,,12th Pass,,challenger,src-31c65dbec869
IN-PC-2008-tamil-nadu-524,tamil-nadu,2019,28,MAYILADUTHURAI,SUBHASHINI. K,parties.IN.NTK,41056,3.74,4,forfeit,U,,Graduate,Household,challenger,src-31c65dbec869
IN-PC-2008-tamil-nadu-524,tamil-nadu,2019,28,MAYILADUTHURAI,REFAYUDEEN. M,parties.IN.MNM,17005,1.55,5,forfeit,U,,8th Pass,,challenger,src-31c65dbec869
IN-PC-2008-tamil-nadu-524,tamil-nadu,2019,28,MAYILADUTHURAI,SUBRAMANIAN. P,parties.IN.IND,3192,0.29,7,forfeit,U,,8th Pass,,challenger,src-31c65dbec869
IN-PC-2008-tamil-nadu-524,tamil-nadu,2019,28,MAYILADUTHURAI,KALYANA SUNDARAM. N,parties.IN.BSP,3183,0.29,8,forfeit,U,,12th Pass,Ex Civil Service,challenger,src-31c65dbec869
IN-PC-2008-tamil-nadu-524,tamil-nadu,2019,28,MAYILADUTHURAI,SUGUMARAN. K,parties.IN.IND,2473,0.23,9,forfeit,U,,10th Pass,,challenger,src-31c65dbec869
IN-PC-2008-tamil-nadu-524,tamil-nadu,2019,28,MAYILADUTHURAI,SRINIVASAN. V,parties.IN.IND,2158,0.2,10,forfeit,U,,12th Pass,,challenger,src-31c65dbec869
IN-PC-2008-tamil-nadu-524,tamil-nadu,2019,28,MAYILADUTHURAI,VILVANATHAN. M,parties.IN.IND,1608,0.15,11,forfeit,U,,Post Graduate,,challenger,src-31c65dbec869
IN-PC-2008-tamil-nadu-524,tamil-nadu,2019,28,MAYILADUTHURAI,RAJASEKAR. A,parties.IN.IND,1337,0.12,12,forfeit,U,,Post Graduate,Engineer,challenger,src-31c65dbec869
IN-PC-2008-tamil-nadu-524,tamil-nadu,2019,28,MAYILADUTHURAI,DEVADOS. P,parties.IN.IND,1303,0.12,13,forfeit,U,,8th Pass,,challenger,src-31c65dbec869
IN-PC-2008-tamil-nadu-524,tamil-nadu,2019,28,MAYILADUTHURAI,THIRUGNANASAMBANDAM. D,parties.IN.IND,1101,0.1,14,forfeit,U,,10th Pass,,challenger,src-31c65dbec869
IN-PC-2008-tamil-nadu-524,tamil-nadu,2019,28,MAYILADUTHURAI,KAPPUR DHAKSHINAMOORTHY. M,parties.IN.IND,1029,0.09,15,forfeit,U,,12th Pass,,challenger,src-31c65dbec869
IN-PC-2008-tamil-nadu-524,tamil-nadu,2019,28,MAYILADUTHURAI,KRITHIVASAN. S,parties.IN.IND,906,0.08,16,forfeit,U,,Graduate,"Distributors, Rent",challenger,src-31c65dbec869
IN-PC-2008-tamil-nadu-524,tamil-nadu,2019,28,MAYILADUTHURAI,HABEEB MOHAMED. U,,892,0.08,17,forfeit,U,,10th Pass,,challenger,src-31c65dbec869
IN-PC-2008-tamil-nadu-524,tamil-nadu,2019,28,MAYILADUTHURAI,VANIDHAS. M,parties.IN.IND,777,0.07,18,forfeit,U,,10th Pass,,challenger,src-31c65dbec869
IN-PC-2008-tamil-nadu-524,tamil-nadu,2019,28,MAYILADUTHURAI,SHANMUGAM. M,parties.IN.IND,728,0.07,19,forfeit,U,,8th Pass,,challenger,src-31c65dbec869
IN-PC-2008-tamil-nadu-524,tamil-nadu,2019,28,MAYILADUTHURAI,ARAVAAZHI. K,parties.IN.IND,611,0.06,20,forfeit,U,,,,challenger,src-31c65dbec869
IN-PC-2008-tamil-nadu-524,tamil-nadu,2019,28,MAYILADUTHURAI,SAMIDURAI. E,parties.IN.IND,603,0.05,21,forfeit,U,,10th Pass,,challenger,src-31c65dbec869
IN-PC-2008-tamil-nadu-524,tamil-nadu,2019,28,MAYILADUTHURAI,THIRUNAVUKKARASU. R,parties.IN.IND,478,0.04,22,forfeit,U,,Post Graduate,Private Company,challenger,src-31c65dbec869
IN-PC-2008-tamil-nadu-524,tamil-nadu,2019,28,MAYILADUTHURAI,KANNAPIRAN. M,parties.IN.IND,465,0.04,23,forfeit,U,,Graduate,Coolie,challenger,src-31c65dbec869
IN-PC-2008-tamil-nadu-524,tamil-nadu,2019,28,MAYILADUTHURAI,KANNAN. R,parties.IN.IND,433,0.04,24,forfeit,U,,Post Graduate,,challenger,src-31c65dbec869
IN-PC-2008-tamil-nadu-524,tamil-nadu,2019,28,MAYILADUTHURAI,RAJESH. P,parties.IN.IND,415,0.04,25,forfeit,U,,8th Pass,,challenger,src-31c65dbec869
IN-PC-2008-tamil-nadu-524,tamil-nadu,2019,28,MAYILADUTHURAI,ABDUL BASEETH,parties.IN.IND,371,0.03,26,forfeit,U,,Graduate,,challenger,src-31c65dbec869
IN-PC-2008-tamil-nadu-524,tamil-nadu,2019,28,MAYILADUTHURAI,ANNADURAI. K,parties.IN.IND,325,0.03,27,forfeit,U,,8th Pass,,challenger,src-31c65dbec869
IN-PC-2008-tamil-nadu-524,tamil-nadu,2019,28,MAYILADUTHURAI,RAJA. N,parties.IN.IND,263,0.02,28,forfeit,U,,Graduate,Private Company,challenger,src-31c65dbec869
IN-PC-2008-tamil-nadu-520,tamil-nadu,2019,29,NAGAPATTINAM,SELVARAJ M,parties.IN.CPI,522892,52.17,1,won,U,,12th Pass,,challenger,src-31c65dbec869
IN-PC-2008-tamil-nadu-520,tamil-nadu,2019,29,NAGAPATTINAM,SARAVANAN M,,311539,31.09,2,lost,U,,Post Graduate,,challenger,src-31c65dbec869
IN-PC-2008-tamil-nadu-520,tamil-nadu,2019,29,NAGAPATTINAM,SENGODI T,parties.IN.IND,70307,7.02,3,forfeit,U,,Graduate,,challenger,src-31c65dbec869
IN-PC-2008-tamil-nadu-520,tamil-nadu,2019,29,NAGAPATTINAM,MALATHI P,parties.IN.NTK,51448,5.13,4,forfeit,U,,Graduate Professional,Lawyer,challenger,src-31c65dbec869
IN-PC-2008-tamil-nadu-520,tamil-nadu,2019,29,NAGAPATTINAM,GURUVIAH K,parties.IN.MNM,14503,1.45,5,forfeit,U,,Graduate Professional,Ex Judiciary,challenger,src-31c65dbec869
IN-PC-2008-tamil-nadu-520,tamil-nadu,2019,29,NAGAPATTINAM,ANITHA V,parties.IN.BSP,5412,0.54,7,forfeit,U,,Others,Household,challenger,src-31c65dbec869
IN-PC-2008-tamil-nadu-520,tamil-nadu,2019,29,NAGAPATTINAM,PREM S,parties.IN.IND,3118,0.31,8,forfeit,U,,8th Pass,,challenger,src-31c65dbec869
IN-PC-2008-tamil-nadu-520,tamil-nadu,2019,29,NAGAPATTINAM,AMBIKAPATHI D,parties.IN.MSKK,2906,0.29,9,forfeit,U,,12th Pass,Coolie,challenger,src-31c65dbec869
IN-PC-2008-tamil-nadu-520,tamil-nadu,2019,29,NAGAPATTINAM,JAGADEESH J,parties.IN.IND,2402,0.24,10,forfeit,U,,Graduate Professional,,challenger,src-31c65dbec869
IN-PC-2008-tamil-nadu-520,tamil-nadu,2019,29,NAGAPATTINAM,SAMBATHKUMAR A,parties.IN.IND,2101,0.21,11,forfeit,U,,Graduate Professional,,challenger,src-31c65dbec869
IN-PC-2008-tamil-nadu-520,tamil-nadu,2019,29,NAGAPATTINAM,SAMPATH R,parties.IN.IND,1686,0.17,12,forfeit,U,,Graduate,,challenger,src-31c65dbec869
IN-PC-2008-tamil-nadu-520,tamil-nadu,2019,29,NAGAPATTINAM,SIVAKUMAR P,parties.IN.IND,1268,0.13,13,forfeit,U,,Graduate,,challenger,src-31c65dbec869
IN-PC-2008-tamil-nadu-520,tamil-nadu,2019,29,NAGAPATTINAM,JAYALAKSHMI,,1178,0.12,14,forfeit,U,,Post Graduate,Household,challenger,src-31c65dbec869
IN-PC-2008-tamil-nadu-520,tamil-nadu,2019,29,NAGAPATTINAM,SOUNDARARAJAN M,parties.IN.IND,1090,0.11,15,forfeit,U,,8th Pass,,challenger,src-31c65dbec869
IN-PC-2008-tamil-nadu-520,tamil-nadu,2019,29,NAGAPATTINAM,VEDARETHINAM G,,895,0.09,16,forfeit,U,,12th Pass,,challenger,src-31c65dbec869
IN-PC-2008-tamil-nadu-521,tamil-nadu,2019,30,THANJAVUR,"PALANIMANICKAM,S.S.",parties.IN.DMK,588978,55.6,1,won,U,,Graduate Professional,,challenger,src-31c65dbec869
IN-PC-2008-tamil-nadu-521,tamil-nadu,2019,30,THANJAVUR,"NATARAJAN,N.R .",parties.IN.TMC_M,220849,20.85,2,lost,U,,Graduate Professional,,challenger,src-31c65dbec869
IN-PC-2008-tamil-nadu-521,tamil-nadu,2019,30,THANJAVUR,"MURUGESAN, P.",parties.IN.IND,102871,9.71,3,forfeit,U,,Post Graduate,Principal or Administrator,challenger,src-31c65dbec869
IN-PC-2008-tamil-nadu-521,tamil-nadu,2019,30,THANJAVUR,"KRISHNAKUMAR,N.",parties.IN.NTK,57924,5.47,4,forfeit,U,,12th Pass,,challenger,src-31c65dbec869
IN-PC-2008-tamil-nadu-521,tamil-nadu,2019,30,THANJAVUR,"SELVARAJ,R .",parties.IN.IND,28274,2.67,5,forfeit,U,,Post Graduate,,challenger,src-31c65dbec869
IN-PC-2008-tamil-nadu-521,tamil-nadu,2019,30,THANJAVUR,SAMPATH RAMADOSS,parties.IN.MNM,23477,2.22,6,forfeit,U,,Post Graduate,Managerial Position,challenger,src-31c65dbec869
IN-PC-2008-tamil-nadu-521,tamil-nadu,2019,30,THANJAVUR,"STALIN,R.",parties.IN.BSP,5856,0.55,8,forfeit,U,,Graduate Professional,Lawyer,challenger,src-31c65dbec869
IN-PC-2008-tamil-nadu-521,tamil-nadu,2019,30,THANJAVUR,"VIJAYAKUMAR,T.",parties.IN.IND,5452,0.51,9,forfeit,U,,10th Pass,Agricultural Business,challenger,src-31c65dbec869
IN-PC-2008-tamil-nadu-521,tamil-nadu,2019,30,THANJAVUR,"MUTHUVEL,S .",parties.IN.IND,4509,0.43,10,forfeit,U,,Graduate Professional,Lawyer,challenger,src-31c65dbec869
IN-PC-2008-tamil-nadu-521,tamil-nadu,2019,30,THANJAVUR,"SAMANTHA,K.S.",parties.IN.IND,2643,0.25,11,forfeit,U,,Others,,challenger,src-31c65dbec869
IN-PC-2008-tamil-nadu-521,tamil-nadu,2019,30,THANJAVUR,"PANASAIARANGAN,K.N.",parties.IN.DMSK,2041,0.19,12,forfeit,U,,10th Pass,Shop Keeper,challenger,src-31c65dbec869
IN-PC-2008-tamil-nadu-521,tamil-nadu,2019,30,THANJAVUR,"ABDULBUHARI,K .",parties.IN.IND,1244,0.12,13,forfeit,U,,10th Pass,,challenger,src-31c65dbec869
IN-PC-2008-tamil-nadu-531,tamil-nadu,2019,31,SIVAGANGA,KARTI P CHIDAMBARAM,parties.IN.INC,566104,52.2,1,won,U,,Graduate Professional,,challenger,src-31c65dbec869
IN-PC-2008-tamil-nadu-531,tamil-nadu,2019,31,SIVAGANGA,H.RAJA,parties.IN.BJP,233860,21.56,2,lost,U,,Graduate Professional,Self-employed,challenger,src-31c65dbec869
IN-PC-2008-tamil-nadu-531,tamil-nadu,2019,31,SIVAGANGA,V.PANDI,parties.IN.IND,122534,11.3,3,forfeit,U,,,,challenger,src-31c65dbec869
IN-PC-2008-tamil-nadu-531,tamil-nadu,2019,31,SIVAGANGA,V.SAKTHI PRIYA,parties.IN.NTK,72240,6.66,4,forfeit,U,,Post Graduate,,challenger,src-31c65dbec869
IN-PC-2008-tamil-nadu-531,tamil-nadu,2019,31,SIVAGANGA,KAVINGNAR SNEKAN,parties.IN.MNM,22931,2.11,5,forfeit,U,,12th Pass,"Musician or Artist, Author",challenger,src-31c65dbec869
IN-PC-2008-tamil-nadu-531,tamil-nadu,2019,31,SIVAGANGA,P.RAJENDHIRAN,parties.IN.IND,11167,1.03,6,forfeit,U,,10th Pass,,challenger,src-31c65dbec869
IN-PC-2008-tamil-nadu-531,tamil-nadu,2019,31,SIVAGANGA,SARAVANAN.K,parties.IN.BSP,5079,0.47,8,forfeit,U,,8th Pass,Real Estate or Builder or Developer or Construction,challenger,src-31c65dbec869
IN-PC-2008-tamil-nadu-531,tamil-nadu,2019,31,SIVAGANGA,SENTHIL KUMAR.C,parties.IN.IND,4690,0.43,9,forfeit,U,,8th Pass,Mechanic,challenger,src-31c65dbec869
IN-PC-2008-tamil-nadu-531,tamil-nadu,2019,31,SIVAGANGA,SINGADURAI.R,parties.IN.IND,3976,0.37,10,forfeit,U,,12th Pass,,challenger,src-31c65dbec869
IN-PC-2008-tamil-nadu-531,tamil-nadu,2019,31,SIVAGANGA,K.CHELLAKKANNU,parties.IN.IND,3952,0.36,11,forfeit,U,,10th Pass,Coolie,challenger,src-31c65dbec869
IN-PC-2008-tamil-nadu-531,tamil-nadu,2019,31,SIVAGANGA,SENTHAMILSELVI.R,parties.IN.IND,3453,0.32,12,forfeit,U,,Post Graduate,,challenger,src-31c65dbec869
IN-PC-2008-tamil-nadu-531,tamil-nadu,2019,31,SIVAGANGA,M.RAJA,parties.IN.IND,2869,0.26,13,forfeit,U,,10th Pass,,challenger,src-31c65dbec869
IN-PC-2008-tamil-nadu-531,tamil-nadu,2019,31,SIVAGANGA,A.VELLADURAI,parties.IN.ETMK,2553,0.24,14,forfeit,U,,8th Pass,Real Estate or Builder or Developer or Construction,challenger,src-31c65dbec869
IN-PC-2008-tamil-nadu-531,tamil-nadu,2019,31,SIVAGANGA,P.SELVARAJ,parties.IN.IND,2485,0.23,15,forfeit,U,,10th Pass,Medical Professional,challenger,src-31c65dbec869
IN-PC-2008-tamil-nadu-531,tamil-nadu,2019,31,SIVAGANGA,M.RAJASEKAR,parties.IN.IND,2140,0.2,16,forfeit,U,,10th Pass,Truck Driver,challenger,src-31c65dbec869
IN-PC-2008-tamil-nadu-531,tamil-nadu,2019,31,SIVAGANGA,C.SARAVANAN,parties.IN.IND,2097,0.19,17,forfeit,U,,Post Graduate,Lawyer,challenger,src-31c65dbec869
IN-PC-2008-tamil-nadu-531,tamil-nadu,2019,31,SIVAGANGA,L.KASINATHAN,parties.IN.IND,1789,0.16,18,forfeit,U,,Graduate Professional,,challenger,src-31c65dbec869
IN-PC-2008-tamil-nadu-531,tamil-nadu,2019,31,SIVAGANGA,M.MOHAMMED RABEEK,parties.IN.IND,1441,0.13,19,forfeit,U,,12th Pass,,challenger,src-31c65dbec869
IN-PC-2008-tamil-nadu-531,tamil-nadu,2019,31,SIVAGANGA,N.KARTHICK,parties.IN.IND,1422,0.13,20,forfeit,U,,8th Pass,Taxi Driver,challenger,src-31c65dbec869
IN-PC-2008-tamil-nadu-531,tamil-nadu,2019,31,SIVAGANGA,R.NATARAJAN,parties.IN.IND,1284,0.12,21,forfeit,U,,12th Pass,Real Estate or Builder or Developer or Construction,challenger,src-31c65dbec869
IN-PC-2008-tamil-nadu-531,tamil-nadu,2019,31,SIVAGANGA,ARIMALAM THIAGI.SUBRAMANIAN MUTHURAJA,,1283,0.12,22,forfeit,U,,10th Pass,,challenger,src-31c65dbec869
IN-PC-2008-tamil-nadu-531,tamil-nadu,2019,31,SIVAGANGA,C.CHIDAMBARAM,parties.IN.IND,1261,0.12,23,forfeit,U,,Others,,challenger,src-31c65dbec869
IN-PC-2008-tamil-nadu-531,tamil-nadu,2019,31,SIVAGANGA,M.CHINNAIAH,parties.IN.IND,1248,0.12,24,forfeit,U,,,,challenger,src-31c65dbec869
IN-PC-2008-tamil-nadu-531,tamil-nadu,2019,31,SIVAGANGA,M.PRABHAKARAN,,1231,0.11,25,forfeit,U,,10th Pass,Self-employed,challenger,src-31c65dbec869
IN-PC-2008-tamil-nadu-531,tamil-nadu,2019,31,SIVAGANGA,A.ANTONY SESU RAJA,parties.IN.IND,1191,0.11,26,forfeit,U,,10th Pass,Managerial Position,challenger,src-31c65dbec869
IN-PC-2008-tamil-nadu-531,tamil-nadu,2019,31,SIVAGANGA,A.RADHA KRISHNAN,parties.IN.IND,905,0.08,27,forfeit,U,,12th Pass,,challenger,src-31c65dbec869
IN-PC-2008-tamil-nadu-528,tamil-nadu,2019,33,THENI,"RAVEENDRANATH KUMAR, P",,504813,43.02,1,won,U,,Post Graduate,,challenger,src-31c65dbec869
IN-PC-2008-tamil-nadu-528,tamil-nadu,2019,33,THENI,"ELANGOVAN, E.V.K.S.",parties.IN.INC,428120,36.48,2,lost,U,,Graduate,,challenger,src-31c65dbec869
IN-PC-2008-tamil-nadu-528,tamil-nadu,2019,33,THENI,THANGA TAMILSELVAN,parties.IN.IND,144050,12.28,3,forfeit,U,,,,challenger,src-31c65dbec869
IN-PC-2008-tamil-nadu-528,tamil-nadu,2019,33,THENI,SHAGUL HAMEED,parties.IN.NTK,27864,2.37,4,forfeit,U,,Graduate,,challenger,src-31c65dbec869
IN-PC-2008-tamil-nadu-528,tamil-nadu,2019,33,THENI,"RADHAKRISHNAN, S.",parties.IN.MNM,16879,1.44,5,forfeit,U,,Post Graduate,Lawyer,challenger,src-31c65dbec869
IN-PC-2008-tamil-nadu-528,tamil-nadu,2019,33,THENI,ANNAKILI,parties.IN.IND,5258,0.45,7,forfeit,U,,10th Pass,,challenger,src-31c65dbec869
IN-PC-2008-tamil-nadu-528,tamil-nadu,2019,33,THENI,"SILAMBARASAN, P.",parties.IN.IND,4198,0.36,8,forfeit,U,,10th Pass,Coolie,challenger,src-31c65dbec869
IN-PC-2008-tamil-nadu-528,tamil-nadu,2019,33,THENI,"ALLIKKODI, P.",parties.IN.SMFB,4044,0.34,9,forfeit,U,,8th Pass,Agricultural Business,challenger,src-31c65dbec869
IN-PC-2008-tamil-nadu-528,tamil-nadu,2019,33,THENI,"ARUMUGAM, S.",parties.IN.BSP,3770,0.32,10,forfeit,U,,Post Graduate,Lawyer,challenger,src-31c65dbec869
IN-PC-2008-tamil-nadu-528,tamil-nadu,2019,33,THENI,"ALEXPANDIAN, S.",parties.IN.IND,3217,0.27,11,forfeit,U,,Graduate Professional,Lawyer,challenger,src-31c65dbec869
IN-PC-2008-tamil-nadu-528,tamil-nadu,2019,33,THENI,"CHINNASATHIYAMOORTHY, T.",,2597,0.22,12,forfeit,U,,12th Pass,Ex Govt Employee,challenger,src-31c65dbec869
IN-PC-2008-tamil-nadu-528,tamil-nadu,2019,33,THENI,"SENTHILKUMAR, J.",parties.IN.IND,2172,0.19,13,forfeit,U,,12th Pass,,challenger,src-31c65dbec869
IN-PC-2008-tamil-nadu-528,tamil-nadu,2019,33,THENI,"SIVAMUNIYANDI, A.",parties.IN.IND,1908,0.16,14,forfeit,U,,10th Pass,Coolie,challenger,src-31c65dbec869
IN-PC-2008-tamil-nadu-528,tamil-nadu,2019,33,THENI,"KESAVARAJA, J.",parties.IN.IND,1815,0.15,15,forfeit,U,,Graduate Professional,,challenger,src-31c65dbec869
IN-PC-2008-tamil-nadu-528,tamil-nadu,2019,33,THENI,"PARTHIPAN, G.",parties.IN.IND,1813,0.15,16,forfeit,U,,8th Pass,,challenger,src-31c65dbec869
IN-PC-2008-tamil-nadu-528,tamil-nadu,2019,33,THENI,"KUMARAGURUBARAN, P.",parties.IN.IND,1602,0.14,17,forfeit,U,,Graduate Professional,Lawyer,challenger,src-31c65dbec869
IN-PC-2008-tamil-nadu-528,tamil-nadu,2019,33,THENI,"RAVICHANDRAN, K.",parties.IN.IND,1043,0.09,18,forfeit,U,,12th Pass,,challenger,src-31c65dbec869
IN-PC-2008-tamil-nadu-528,tamil-nadu,2019,33,THENI,"VAIYATHURAI, A.",parties.IN.IND,1022,0.09,19,forfeit,U,,Literate,,challenger,src-31c65dbec869
IN-PC-2008-tamil-nadu-528,tamil-nadu,2019,33,THENI,"VELMURUGAN, S.P.",parties.IN.IND,926,0.08,20,forfeit,U,,10th Pass,,challenger,src-31c65dbec869
IN-PC-2008-tamil-nadu-528,tamil-nadu,2019,33,THENI,"PRAKASH, P.",parties.IN.IND,839,0.07,21,forfeit,U,,Graduate Professional,Lawyer,challenger,src-31c65dbec869
IN-PC-2008-tamil-nadu-528,tamil-nadu,2019,33,THENI,ESWARAN,parties.IN.IND,803,0.07,22,forfeit,U,,Others,Auto-rickshaw Driver,challenger,src-31c65dbec869
IN-PC-2008-tamil-nadu-528,tamil-nadu,2019,33,THENI,"RAMARAJ, G.",parties.IN.UMK,779,0.07,23,forfeit,U,,Literate,Coolie,challenger,src-31c65dbec869
IN-PC-2008-tamil-nadu-528,tamil-nadu,2019,33,THENI,GUNASINGH,parties.IN.IND,724,0.06,24,forfeit,U,,10th Pass,,challenger,src-31c65dbec869
IN-PC-2008-tamil-nadu-528,tamil-nadu,2019,33,THENI,"RAJARISHIGURUDEV, S.",parties.IN.IND,614,0.05,25,forfeit,U,,Others,,challenger,src-31c65dbec869
IN-PC-2008-tamil-nadu-528,tamil-nadu,2019,33,THENI,"JEYAMANI, K.",parties.IN.IND,452,0.04,26,forfeit,U,,8th Pass,Shop Keeper,challenger,src-31c65dbec869
IN-PC-2008-tamil-nadu-528,tamil-nadu,2019,33,THENI,"MANIMURUGAN, C.",parties.IN.IND,353,0.03,27,forfeit,U,,5th Pass,Coolie,challenger,src-31c65dbec869
IN-PC-2008-tamil-nadu-528,tamil-nadu,2019,33,THENI,"RAMACHANDRAN, K.",parties.IN.IND,291,0.02,28,forfeit,U,,10th Pass,,challenger,src-31c65dbec869
IN-PC-2008-tamil-nadu-528,tamil-nadu,2019,33,THENI,"RAJKUMAR, P.",parties.IN.IND,290,0.02,29,forfeit,U,,Graduate,,challenger,src-31c65dbec869
IN-PC-2008-tamil-nadu-528,tamil-nadu,2019,33,THENI,"RAJASEKARAN, V.",parties.IN.IND,274,0.02,30,forfeit,U,,Graduate Professional,,challenger,src-31c65dbec869
IN-PC-2008-tamil-nadu-528,tamil-nadu,2019,33,THENI,"RAMAMURTHI, S.",parties.IN.IND,273,0.02,31,forfeit,U,,10th Pass,Coolie,challenger,src-31c65dbec869
IN-PC-2008-tamil-nadu-526,tamil-nadu,2019,34,VIRUDHUNAGAR,"MANICKAM TAGORE, B.",parties.IN.INC,470883,43.81,1,won,U,,,,challenger,src-31c65dbec869
IN-PC-2008-tamil-nadu-526,tamil-nadu,2019,34,VIRUDHUNAGAR,"ALAGARSAMY, R.",parties.IN.DMDK,316329,29.43,2,lost,U,,10th Pass,,challenger,src-31c65dbec869
IN-PC-2008-tamil-nadu-526,tamil-nadu,2019,34,VIRUDHUNAGAR,"PARAMASIVA IYYAPPAN, S.",parties.IN.IND,107615,10.01,3,forfeit,U,,,,challenger,src-31c65dbec869
IN-PC-2008-tamil-nadu-526,tamil-nadu,2019,34,VIRUDHUNAGAR,"MUNIYASAMY, V.",parties.IN.MNM,57129,5.32,4,forfeit,U,,,,challenger,src-31c65dbec869
IN-PC-2008-tamil-nadu-526,tamil-nadu,2019,34,VIRUDHUNAGAR,"ARULMOZHITHEVAN, K.",parties.IN.NTK,53040,4.94,5,forfeit,U,,Graduate Professional,Lawyer,challenger,src-31c65dbec869
IN-PC-2008-tamil-nadu-526,tamil-nadu,2019,34,VIRUDHUNAGAR,"SABARI PONRAJ, B.",parties.IN.IND,5666,0.53,7,forfeit,U,,Graduate,,challenger,src-31c65dbec869
IN-PC-2008-tamil-nadu-526,tamil-nadu,2019,34,VIRUDHUNAGAR,"GOVINDAN, A.",parties.IN.IND,4199,0.39,8,forfeit,U,,8th Pass,Coolie,challenger,src-31c65dbec869
IN-PC-2008-tamil-nadu-526,tamil-nadu,2019,34,VIRUDHUNAGAR,"PERUMALSAMY, M.",parties.IN.BSP,3770,0.35,9,forfeit,U,,8th Pass,,challenger,src-31c65dbec869
IN-PC-2008-tamil-nadu-526,tamil-nadu,2019,34,VIRUDHUNAGAR,"ALAGARSAMY, N.",parties.IN.IND,3740,0.35,10,forfeit,U,,,,challenger,src-31c65dbec869
IN-PC-2008-tamil-nadu-526,tamil-nadu,2019,34,VIRUDHUNAGAR,"SANKARANARAYANAN, N.",parties.IN.IND,3705,0.34,11,forfeit,U,,Others,Yoga or Meditation Teacher,challenger,src-31c65dbec869
IN-PC-2008-tamil-nadu-526,tamil-nadu,2019,34,VIRUDHUNAGAR,"Dr.DHANUSHKODI, M.",parties.IN.IND,3118,0.29,12,forfeit,U,,Post Graduate,Engineer,challenger,src-31c65dbec869
IN-PC-2008-tamil-nadu-526,tamil-nadu,2019,34,VIRUDHUNAGAR,"SAKKARAVARTHY, P.",parties.IN.AIPTMMK,2764,0.26,13,forfeit,U,,Graduate,"Industrialist, Private Company",challenger,src-31c65dbec869
IN-PC-2008-tamil-nadu-526,tamil-nadu,2019,34,VIRUDHUNAGAR,"SENTHILKUMAR, S.",parties.IN.IND,2717,0.25,14,forfeit,U,,8th Pass,Private Company,challenger,src-31c65dbec869
IN-PC-2008-tamil-nadu-526,tamil-nadu,2019,34,VIRUDHUNAGAR,"KALYANASUNDARAM, A.",parties.IN.IND,2487,0.23,15,forfeit,U,,Graduate,,challenger,src-31c65dbec869
IN-PC-2008-tamil-nadu-526,tamil-nadu,2019,34,VIRUDHUNAGAR,"SUGAN RAJEEV, M.",parties.IN.IND,2436,0.23,16,forfeit,U,,10th Pass,,challenger,src-31c65dbec869
IN-PC-2008-tamil-nadu-526,tamil-nadu,2019,34,VIRUDHUNAGAR,"VALLINAYAGAM, N.",parties.IN.IND,2311,0.22,17,forfeit,U,,Graduate,,challenger,src-31c65dbec869
IN-PC-2008-tamil-nadu-526,tamil-nadu,2019,34,VIRUDHUNAGAR,"MANIKANDAN, R.",parties.IN.ETMK,1969,0.18,18,forfeit,U,,,,challenger,src-31c65dbec869
IN-PC-2008-tamil-nadu-526,tamil-nadu,2019,34,VIRUDHUNAGAR,"BALACHANDAR, N.",parties.IN.IND,1814,0.17,19,forfeit,U,,8th Pass,,challenger,src-31c65dbec869
IN-PC-2008-tamil-nadu-526,tamil-nadu,2019,34,VIRUDHUNAGAR,"KAVITHA, A.",,1765,0.16,20,forfeit,U,,,,challenger,src-31c65dbec869
IN-PC-2008-tamil-nadu-526,tamil-nadu,2019,34,VIRUDHUNAGAR,"GANESHKUMAR, S.",parties.IN.IND,1624,0.15,21,forfeit,U,,5th Pass,Taxi Driver,challenger,src-31c65dbec869
IN-PC-2008-tamil-nadu-526,tamil-nadu,2019,34,VIRUDHUNAGAR,"PACKIARAJ, E.",,1545,0.14,22,forfeit,U,,Graduate,,challenger,src-31c65dbec869
IN-PC-2008-tamil-nadu-526,tamil-nadu,2019,34,VIRUDHUNAGAR,"ADVOCATE.THANGAPANDIAN, M.",parties.IN.IND,1502,0.14,23,forfeit,U,,,,challenger,src-31c65dbec869
IN-PC-2008-tamil-nadu-526,tamil-nadu,2019,34,VIRUDHUNAGAR,"PALANICHAMY KUDUMBAR, P.",parties.IN.IND,1065,0.1,24,forfeit,U,,,,challenger,src-31c65dbec869
IN-PC-2008-tamil-nadu-526,tamil-nadu,2019,34,VIRUDHUNAGAR,"ELANGO, S.",parties.IN.IND,937,0.09,25,forfeit,U,,5th Pass,,challenger,src-31c65dbec869
IN-PC-2008-tamil-nadu-526,tamil-nadu,2019,34,VIRUDHUNAGAR,"THIAGARAJAN, P.I.D.",parties.IN.IND,853,0.08,26,forfeit,U,,10th Pass,Accountant,challenger,src-31c65dbec869
IN-PC-2008-tamil-nadu-526,tamil-nadu,2019,34,VIRUDHUNAGAR,"SELVAKUMAR, M.",parties.IN.IND,846,0.08,27,forfeit,U,,5th Pass,Mechanic,challenger,src-31c65dbec869
IN-PC-2008-tamil-nadu-526,tamil-nadu,2019,34,VIRUDHUNAGAR,"BACKIYARAJ, K.",parties.IN.IND,825,0.08,28,forfeit,U,,5th Pass,,challenger,src-31c65dbec869
IN-PC-2008-tamil-nadu-526,tamil-nadu,2019,34,VIRUDHUNAGAR,"UMAYORUBAGAM, M.",parties.IN.IND,789,0.07,29,forfeit,U,,Graduate,,challenger,src-31c65dbec869
IN-PC-2008-tamil-nadu-535,tamil-nadu,2019,36,THOOTHUKKUDI,KANIMOZHI KARUNANIDHI,parties.IN.DMK,563143,56.81,1,won,U,,Graduate Professional,,challenger,src-31c65dbec869
IN-PC-2008-tamil-nadu-535,tamil-nadu,2019,36,THOOTHUKKUDI,DR. TAMILISAI SOUNDARARAJAN,parties.IN.BJP,215934,21.78,2,lost,U,,Graduate Professional,Doctor,challenger,src-31c65dbec869
IN-PC-2008-tamil-nadu-535,tamil-nadu,2019,36,THOOTHUKKUDI,"Dr. BHUVANESWARAN, M.",parties.IN.IND,76866,7.75,3,forfeit,U,,Doctorate,Lawyer,challenger,src-31c65dbec869
IN-PC-2008-tamil-nadu-535,tamil-nadu,2019,36,THOOTHUKKUDI,"CHRISTANTINE RAJASEKAR, S.",parties.IN.NTK,49222,4.97,4,forfeit,U,,12th Pass,Private Company,challenger,src-31c65dbec869
IN-PC-2008-tamil-nadu-535,tamil-nadu,2019,36,THOOTHUKKUDI,"PON KUMARAN, T.P.S.",parties.IN.MNM,25702,2.59,5,forfeit,U,,Post Graduate,,challenger,src-31c65dbec869
IN-PC-2008-tamil-nadu-535,tamil-nadu,2019,36,THOOTHUKKUDI,"SUBHASHINI MALLATHI, R.C.",parties.IN.IND,8109,0.82,7,forfeit,U,,Graduate,Home Teacher or Tuition,challenger,src-31c65dbec869
IN-PC-2008-tamil-nadu-535,tamil-nadu,2019,36,THOOTHUKKUDI,"SIVANESWARAN, J.",parties.IN.IND,5252,0.53,8,forfeit,U,,Post Graduate,Managerial Position,challenger,src-31c65dbec869
IN-PC-2008-tamil-nadu-535,tamil-nadu,2019,36,THOOTHUKKUDI,"SANKARALINGAM, M.",parties.IN.IND,3029,0.31,9,forfeit,U,,8th Pass,,challenger,src-31c65dbec869
IN-PC-2008-tamil-nadu-535,tamil-nadu,2019,36,THOOTHUKKUDI,"SIVA, V.",parties.IN.BSP,2927,0.3,10,forfeit,U,,Graduate,Self-employed,challenger,src-31c65dbec869
IN-PC-2008-tamil-nadu-535,tamil-nadu,2019,36,THOOTHUKKUDI,"MAHARAJAN, M.",,2922,0.29,11,forfeit,U,,8th Pass,,challenger,src-31c65dbec869
IN-PC-2008-tamil-nadu-535,tamil-nadu,2019,36,THOOTHUKKUDI,GABRIEL JAMES FERNANDO,parties.IN.PPIS,2549,0.26,12,forfeit,U,,12th Pass,Doctor,challenger,src-31c65dbec869
IN-PC-2008-tamil-nadu-535,tamil-nadu,2019,36,THOOTHUKKUDI,"RAJAKUMAR NAIDU, E.V.S.",,2516,0.25,13,forfeit,U,,Post Graduate,Lawyer,challenger,src-31c65dbec869
IN-PC-2008-tamil-nadu-535,tamil-nadu,2019,36,THOOTHUKKUDI,"GURU, K.",parties.IN.IND,2276,0.23,14,forfeit,U,,8th Pass,,challenger,src-31c65dbec869
IN-PC-2008-tamil-nadu-535,tamil-nadu,2019,36,THOOTHUKKUDI,"SARAVANAN, G.",parties.IN.IND,2135,0.22,15,forfeit,U,,8th Pass,Coolie,challenger,src-31c65dbec869
IN-PC-2008-tamil-nadu-535,tamil-nadu,2019,36,THOOTHUKKUDI,AMALAN RAJIV BONIFAS,parties.IN.IND,2005,0.2,16,forfeit,U,,12th Pass,,challenger,src-31c65dbec869
IN-PC-2008-tamil-nadu-535,tamil-nadu,2019,36,THOOTHUKKUDI,"RAJALINGAM, M.",parties.IN.IND,1866,0.19,17,forfeit,U,,8th Pass,,challenger,src-31c65dbec869
IN-PC-2008-tamil-nadu-535,tamil-nadu,2019,36,THOOTHUKKUDI,"BALA MURUGAN, P.",parties.IN.IND,1699,0.17,18,forfeit,U,,Graduate,,challenger,src-31c65dbec869
IN-PC-2008-tamil-nadu-535,tamil-nadu,2019,36,THOOTHUKKUDI,"RAMAKRISHNAN, P.",parties.IN.IND,1671,0.17,19,forfeit,U,,Graduate,,challenger,src-31c65dbec869
IN-PC-2008-tamil-nadu-535,tamil-nadu,2019,36,THOOTHUKKUDI,"GANESAN, M.",parties.IN.IND,1453,0.15,20,forfeit,U,,12th Pass,Auto-rickshaw Driver,challenger,src-31c65dbec869
IN-PC-2008-tamil-nadu-535,tamil-nadu,2019,36,THOOTHUKKUDI,"SELVIN, B.",parties.IN.IND,929,0.09,21,forfeit,U,,,,challenger,src-31c65dbec869
IN-PC-2008-tamil-nadu-535,tamil-nadu,2019,36,THOOTHUKKUDI,"ANTO HILLERY, M.",parties.IN.IND,924,0.09,22,forfeit,U,,Graduate,Self-employed,challenger,src-31c65dbec869
IN-PC-2008-tamil-nadu-535,tamil-nadu,2019,36,THOOTHUKKUDI,"JAYA GANESH, D.",,908,0.09,23,forfeit,U,,10th Pass,,challenger,src-31c65dbec869
IN-PC-2008-tamil-nadu-535,tamil-nadu,2019,36,THOOTHUKKUDI,"Er.PRADEEP GANESAN, M.P.",parties.IN.IND,887,0.09,24,forfeit,U,,Others,Coolie,challenger,src-31c65dbec869
IN-PC-2008-tamil-nadu-535,tamil-nadu,2019,36,THOOTHUKKUDI,RAJKUMAR POLIAH,,689,0.07,25,forfeit,U,,Graduate,Self-employed,challenger,src-31c65dbec869
IN-PC-2008-tamil-nadu-535,tamil-nadu,2019,36,THOOTHUKKUDI,"RAMESH, A.",parties.IN.IND,669,0.07,26,forfeit,U,,10th Pass,,challenger,src-31c65dbec869
IN-PC-2008-tamil-nadu-535,tamil-nadu,2019,36,THOOTHUKKUDI,"SUNMAN, V.",parties.IN.IND,615,0.06,27,forfeit,U,,10th Pass,Taxi Driver,challenger,src-31c65dbec869
IN-PC-2008-tamil-nadu-535,tamil-nadu,2019,36,THOOTHUKKUDI,"PONRAJ, S.",parties.IN.IND,560,0.06,28,forfeit,U,,Graduate,Self-employed,challenger,src-31c65dbec869
IN-PC-2008-tamil-nadu-535,tamil-nadu,2019,36,THOOTHUKKUDI,"GERMANUS, S.",parties.IN.CDF,494,0.05,29,forfeit,U,,Post Graduate,,challenger,src-31c65dbec869
IN-PC-2008-tamil-nadu-535,tamil-nadu,2019,36,THOOTHUKKUDI,"RAVI SANKAR, J.",parties.IN.IND,487,0.05,30,forfeit,U,,12th Pass,Self-employed,challenger,src-31c65dbec869
IN-PC-2008-tamil-nadu-535,tamil-nadu,2019,36,THOOTHUKKUDI,"JEYARAJ, A.",parties.IN.IND,477,0.05,31,forfeit,U,,Post Graduate,Lawyer,challenger,src-31c65dbec869
IN-PC-2008-tamil-nadu-535,tamil-nadu,2019,36,THOOTHUKKUDI,"SENAI NATARAJAN, R.",parties.IN.IND,474,0.05,32,forfeit,U,,12th Pass,Real Estate or Builder or Developer or Construction,challenger,src-31c65dbec869
IN-PC-2008-tamil-nadu-535,tamil-nadu,2019,36,THOOTHUKKUDI,"RAMA KRISHNAN, M.",parties.IN.IND,473,0.05,33,forfeit,U,,Graduate,,challenger,src-31c65dbec869
IN-PC-2008-tamil-nadu-535,tamil-nadu,2019,36,THOOTHUKKUDI,"LOURDES, S.",parties.IN.IND,460,0.05,34,forfeit,U,,12th Pass,Coolie,challenger,src-31c65dbec869
IN-PC-2008-tamil-nadu-535,tamil-nadu,2019,36,THOOTHUKKUDI,"PONNUSAMY, M.",parties.IN.IND,436,0.04,35,forfeit,U,,10th Pass,Self-employed,challenger,src-31c65dbec869
IN-PC-2008-tamil-nadu-535,tamil-nadu,2019,36,THOOTHUKKUDI,"JASPER GNANA MARTIN, G.",parties.IN.IND,436,0.04,36,forfeit,U,,Post Graduate,Transport,challenger,src-31c65dbec869
IN-PC-2008-tamil-nadu-535,tamil-nadu,2019,36,THOOTHUKKUDI,"MARAKATHA RAGHAVA RAJ, T.",parties.IN.IND,428,0.04,37,forfeit,U,,Illiterate,Astrologer,challenger,src-31c65dbec869
IN-PC-2008-tamil-nadu-535,tamil-nadu,2019,36,THOOTHUKKUDI,"JAMES, G.",parties.IN.IND,407,0.04,38,forfeit,U,,10th Pass,,challenger,src-31c65dbec869
IN-PC-2008-tamil-nadu-530,tamil-nadu,2019,37,TENKASI,DHANUSH.M.KUMAR,parties.IN.DMK,476156,44.71,1,won,U,,Post Graduate,,challenger,src-31c65dbec869
IN-PC-2008-tamil-nadu-530,tamil-nadu,2019,37,TENKASI,Dr.KRISHNASAMY.K,,355389,33.37,2,lost,U,,Post Graduate,Doctor,crossover,src-31c65dbec869
IN-PC-2008-tamil-nadu-530,tamil-nadu,2019,37,TENKASI,PONNUTHAI. S,parties.IN.IND,92116,8.65,3,forfeit,U,,Post Graduate,,challenger,src-31c65dbec869
IN-PC-2008-tamil-nadu-530,tamil-nadu,2019,37,TENKASI,MATHIVANAN.S.S,parties.IN.NTK,59445,5.58,4,forfeit,U,,12th Pass,,challenger,src-31c65dbec869
IN-PC-2008-tamil-nadu-530,tamil-nadu,2019,37,TENKASI,MUNESHWARAN. K,parties.IN.MNM,24023,2.26,5,forfeit,U,,8th Pass,,challenger,src-31c65dbec869
IN-PC-2008-tamil-nadu-530,tamil-nadu,2019,37,TENKASI,PONNUTHAI.M,parties.IN.IND,4733,0.44,7,forfeit,U,,,,challenger,src-31c65dbec869
IN-PC-2008-tamil-nadu-530,tamil-nadu,2019,37,TENKASI,PERUMALSAMY. S,parties.IN.IND,4334,0.41,8,forfeit,U,,12th Pass,Taxi Driver,challenger,src-31c65dbec869
IN-PC-2008-tamil-nadu-530,tamil-nadu,2019,37,TENKASI,BHARATHARAJ. S,parties.IN.IND,4226,0.4,9,forfeit,U,,Graduate,,challenger,src-31c65dbec869
IN-PC-2008-tamil-nadu-530,tamil-nadu,2019,37,TENKASI,PONNUSAMY.R,parties.IN.IND,3306,0.31,10,forfeit,U,,10th Pass,,challenger,src-31c65dbec869
IN-PC-2008-tamil-nadu-530,tamil-nadu,2019,37,TENKASI,SURIYARAGUPATHI. T,parties.IN.IND,3002,0.28,11,forfeit,U,,Graduate Professional,,challenger,src-31c65dbec869
IN-PC-2008-tamil-nadu-530,tamil-nadu,2019,37,TENKASI,PALANI SAMY.S,parties.IN.IND,2950,0.28,12,forfeit,U,,Post Graduate,School Teacher,challenger,src-31c65dbec869
IN-PC-2008-tamil-nadu-530,tamil-nadu,2019,37,TENKASI,PONNUTHAI.G,parties.IN.IND,2427,0.23,13,forfeit,U,,12th Pass,,challenger,src-31c65dbec869
IN-PC-2008-tamil-nadu-530,tamil-nadu,2019,37,TENKASI,SELVAKUMAR. M,parties.IN.IND,2230,0.21,14,forfeit,U,,Post Graduate,,challenger,src-31c65dbec869
IN-PC-2008-tamil-nadu-530,tamil-nadu,2019,37,TENKASI,MOORTHY. D,parties.IN.IND,1985,0.19,15,forfeit,U,,Graduate Professional,,challenger,src-31c65dbec869
IN-PC-2008-tamil-nadu-530,tamil-nadu,2019,37,TENKASI,DEEPAN ARUN.A,parties.IN.IND,1965,0.18,16,forfeit,U,,,,challenger,src-31c65dbec869
IN-PC-2008-tamil-nadu-530,tamil-nadu,2019,37,TENKASI,SIVAJAYAPRAKASH.S,parties.IN.IND,1947,0.18,17,forfeit,U,,Graduate,Ex Police,challenger,src-31c65dbec869
IN-PC-2008-tamil-nadu-530,tamil-nadu,2019,37,TENKASI,MUTHUMURUGAN. M,parties.IN.IND,1734,0.16,18,forfeit,U,,Graduate,Coolie,challenger,src-31c65dbec869
IN-PC-2008-tamil-nadu-530,tamil-nadu,2019,37,TENKASI,SUNDARAM.N,parties.IN.IND,1490,0.14,19,forfeit,U,,Graduate Professional,Lawyer,challenger,src-31c65dbec869
IN-PC-2008-tamil-nadu-530,tamil-nadu,2019,37,TENKASI,THAMARAI SELVAM. K,parties.IN.IND,1473,0.14,20,forfeit,U,,12th Pass,,challenger,src-31c65dbec869
IN-PC-2008-tamil-nadu-530,tamil-nadu,2019,37,TENKASI,DHANUSKODI.P,parties.IN.IND,1245,0.12,21,forfeit,U,,Graduate Professional,Lawyer,challenger,src-31c65dbec869
IN-PC-2008-tamil-nadu-530,tamil-nadu,2019,37,TENKASI,RAVI. K,,1194,0.11,22,forfeit,U,,Graduate Professional,Lawyer,challenger,src-31c65dbec869
IN-PC-2008-tamil-nadu-530,tamil-nadu,2019,37,TENKASI,PONNUTHAI. M,parties.IN.IND,1129,0.11,23,forfeit,U,,,,challenger,src-31c65dbec869
IN-PC-2008-tamil-nadu-530,tamil-nadu,2019,37,TENKASI,VAIRAVAN. P,parties.IN.IND,998,0.09,24,forfeit,U,,Illiterate,Engineer,challenger,src-31c65dbec869
IN-PC-2008-tamil-nadu-530,tamil-nadu,2019,37,TENKASI,SUBBIAH. S,parties.IN.IND,808,0.08,25,forfeit,U,,5th Pass,,challenger,src-31c65dbec869
IN-PC-2008-tamil-nadu-530,tamil-nadu,2019,37,TENKASI,THANGARAJ. C,parties.IN.IND,727,0.07,26,forfeit,U,,Graduate Professional,Lawyer,challenger,src-31c65dbec869
IN-PC-2008-tripura-200,tripura,2019,1,TRIPURA WEST,Pratima Bhoumik,parties.IN.BJP,573532,51.77,1,won,U,,Graduate,,challenger,src-31c65dbec869
IN-PC-2008-tripura-200,tripura,2019,1,TRIPURA WEST,Subal Bhowmik,parties.IN.INC,267843,24.18,2,lost,U,,Graduate Professional,,crossover,src-31c65dbec869
IN-PC-2008-tripura-200,tripura,2019,1,TRIPURA WEST,Sankar Prasad Datta,,171826,15.51,3,forfeit,U,,Post Graduate,Lawyer,incumbent,src-31c65dbec869
IN-PC-2008-tripura-200,tripura,2019,1,TRIPURA WEST,Brishaketu Debbarma,parties.IN.IPFT,44225,3.99,4,forfeit,U,,Graduate,Lawyer,challenger,src-31c65dbec869
IN-PC-2008-tripura-200,tripura,2019,1,TRIPURA WEST,Maman Khan,parties.IN.AITC,8613,0.78,6,forfeit,U,,Post Graduate,,challenger,src-31c65dbec869
IN-PC-2008-tripura-200,tripura,2019,1,TRIPURA WEST,Jayki Murasing,parties.IN.APOI,7133,0.64,7,forfeit,U,,12th Pass,,challenger,src-31c65dbec869
IN-PC-2008-tripura-200,tripura,2019,1,TRIPURA WEST,Arun Kumar Bhaumik,,4525,0.41,8,forfeit,U,,Graduate,,challenger,src-31c65dbec869
IN-PC-2008-tripura-200,tripura,2019,1,TRIPURA WEST,Subal Sarkar,parties.IN.IND,4371,0.39,9,forfeit,U,,10th Pass,,challenger,src-31c65dbec869
IN-PC-2008-tripura-200,tripura,2019,1,TRIPURA WEST,Pradip Chakraborty,parties.IN.IND,3536,0.32,10,forfeit,U,,10th Pass,,challenger,src-31c65dbec869
IN-PC-2008-tripura-200,tripura,2019,1,TRIPURA WEST,Brajalal Debnath,parties.IN.IND,3322,0.3,11,forfeit,U,,Graduate Professional,,challenger,src-31c65dbec869
IN-PC-2008-tripura-200,tripura,2019,1,TRIPURA WEST,Prabir Debnath,,2764,0.25,12,forfeit,U,,Post Graduate,,challenger,src-31c65dbec869
IN-PC-2008-tripura-200,tripura,2019,1,TRIPURA WEST,Kabrabam Dhirendra Singha,,2076,0.19,13,forfeit,U,,Post Graduate,Lawyer,challenger,src-31c65dbec869
IN-PC-2008-tripura-200,tripura,2019,1,TRIPURA WEST,Narayan Chandra Dey,parties.IN.IND,2029,0.18,14,forfeit,U,,8th Pass,,challenger,src-31c65dbec869
IN-PC-2008-tripura-199,tripura,2019,2,TRIPURA EAST,Rebati Tripura,parties.IN.BJP,482126,46.12,1,won,U,,Post Graduate,School Teacher,challenger,src-31c65dbec869
IN-PC-2008-tripura-199,tripura,2019,2,TRIPURA EAST,Maharaj kumari Pragya DebBurman,parties.IN.INC,277836,26.58,2,lost,U,,Post Graduate,,challenger,src-31c65dbec869
IN-PC-2008-tripura-199,tripura,2019,2,TRIPURA EAST,Jitendra Chaudhury,,200963,19.22,3,lost,U,,10th Pass,Party Worker,incumbent,src-31c65dbec869
IN-PC-2008-tripura-199,tripura,2019,2,TRIPURA EAST,Narendra Chandra DebBarma,parties.IN.IPFT,45304,4.33,4,forfeit,U,,Graduate,,challenger,src-31c65dbec869
IN-PC-2008-tripura-199,tripura,2019,2,TRIPURA EAST,Karnadhan Chakma,,6944,0.66,6,forfeit,U,,Graduate,,challenger,src-31c65dbec869
IN-PC-2008-tripura-199,tripura,2019,2,TRIPURA EAST,Bijoy DebBarma,parties.IN.IND,5276,0.5,7,forfeit,U,,Graduate,,challenger,src-31c65dbec869
IN-PC-2008-tripura-199,tripura,2019,2,TRIPURA EAST,Subir Kumar Jamatia,parties.IN.IND,4581,0.44,8,forfeit,U,,8th Pass,,challenger,src-31c65dbec869
IN-PC-2008-tripura-199,tripura,2019,2,TRIPURA EAST,Dipti Halam,parties.IN.IND,3839,0.37,9,forfeit,U,,8th Pass,Household,challenger,src-31c65dbec869
IN-PC-2008-tripura-199,tripura,2019,2,TRIPURA EAST,Amar Debbarma,parties.IN.IND,3706,0.35,10,forfeit,U,,12th Pass,,challenger,src-31c65dbec869
IN-PC-2008-tripura-199,tripura,2019,2,TRIPURA EAST,Chitta Ranjan Debbarma,parties.IN.IND,3628,0.35,11,forfeit,U,,Post Graduate,,challenger,src-31c65dbec869
IN-PC-2008-uttar-pradesh-91,uttar-pradesh,2019,1,SAHARANPUR,HAJI FAZLUR REHMAN,parties.IN.BSP,514139,41.74,1,won,U,,Graduate,,challenger,src-31c65dbec869
IN-PC-2008-uttar-pradesh-91,uttar-pradesh,2019,1,SAHARANPUR,RAGHAV LAKHANPAL,parties.IN.BJP,491722,39.92,2,lost,U,,Post Graduate,,incumbent,src-31c65dbec869
IN-PC-2008-uttar-pradesh-91,uttar-pradesh,2019,1,SAHARANPUR,IMRAN MASOOD,parties.IN.INC,207068,16.81,3,lost,U,,12th Pass,,challenger,src-31c65dbec869
IN-PC-2008-uttar-pradesh-91,uttar-pradesh,2019,1,SAHARANPUR,SHABNAM,parties.IN.IND,4686,0.38,4,forfeit,U,,12th Pass,,challenger,src-31c65dbec869
IN-PC-2008-uttar-pradesh-91,uttar-pradesh,2019,1,SAHARANPUR,MOHD. UVAIS,,2438,0.2,6,forfeit,U,,10th Pass,,challenger,src-31c65dbec869
IN-PC-2008-uttar-pradesh-91,uttar-pradesh,2019,1,SAHARANPUR,INDU DEVI,parties.IN.IND,2199,0.18,7,forfeit,U,,8th Pass,Household,challenger,src-31c65dbec869
IN-PC-2008-uttar-pradesh-91,uttar-pradesh,2019,1,SAHARANPUR,YOGESH DAHIYA,,1449,0.12,8,forfeit,U,,Graduate,,challenger,src-31c65dbec869
IN-PC-2008-uttar-pradesh-91,uttar-pradesh,2019,1,SAHARANPUR,BRAJPAL SINGH,parties.IN.HND,1225,0.1,9,forfeit,U,,Post Graduate,,crossover,src-31c65dbec869
IN-PC-2008-uttar-pradesh-91,uttar-pradesh,2019,1,SAHARANPUR,AMAR BAHADUR,parties.IN.IND,1091,0.09,10,forfeit,U,,5th Pass,,challenger,src-31c65dbec869
IN-PC-2008-uttar-pradesh-91,uttar-pradesh,2019,1,SAHARANPUR,PAWAN KUMAR,parties.IN.AAPP,727,0.06,11,forfeit,U,,10th Pass,,challenger,src-31c65dbec869
IN-PC-2008-uttar-pradesh-91,uttar-pradesh,2019,1,SAHARANPUR,RAVINDER KUMAR,,718,0.06,12,forfeit,U,,Post Graduate,,challenger,src-31c65dbec869
IN-PC-2008-uttar-pradesh-78,uttar-pradesh,2019,2,KAIRANA,Pradeep Kumar,parties.IN.BJP,566961,50.44,1,won,U,,Post Graduate,Party Worker,challenger,src-31c65dbec869
IN-PC-2008-uttar-pradesh-78,uttar-pradesh,2019,2,KAIRANA,Tabassum Begum,parties.IN.SP,474801,42.24,2,lost,U,,10th Pass,,crossover,src-31c65dbec869
IN-PC-2008-uttar-pradesh-78,uttar-pradesh,2019,2,KAIRANA,Harendra Singh Malik,parties.IN.INC,69355,6.17,3,forfeit,U,,Graduate,,challenger,src-31c65dbec869
IN-PC-2008-uttar-pradesh-78,uttar-pradesh,2019,2,KAIRANA,Harish Kumar,parties.IN.IND,2130,0.19,5,forfeit,U,,8th Pass,,challenger,src-31c65dbec869
IN-PC-2008-uttar-pradesh-78,uttar-pradesh,2019,2,KAIRANA,Shripal Singh,,1304,0.12,6,forfeit,U,,10th Pass,,challenger,src-31c65dbec869
IN-PC-2008-uttar-pradesh-78,uttar-pradesh,2019,2,KAIRANA,Mohd Saleem,parties.IN.IND,1138,0.1,7,forfeit,U,,Literate,,challenger,src-31c65dbec869
IN-PC-2008-uttar-pradesh-78,uttar-pradesh,2019,2,KAIRANA,Mukesh Devi,,934,0.08,8,forfeit,U,,Literate,,challenger,src-31c65dbec869
IN-PC-2008-uttar-pradesh-78,uttar-pradesh,2019,2,KAIRANA,Manoj Kumar,parties.IN.AAPP,913,0.08,9,forfeit,U,,12th Pass,,challenger,src-31c65dbec869
IN-PC-2008-uttar-pradesh-78,uttar-pradesh,2019,2,KAIRANA,Yogesh Kumar,,818,0.07,10,forfeit,U,,12th Pass,,challenger,src-31c65dbec869
IN-PC-2008-uttar-pradesh-78,uttar-pradesh,2019,2,KAIRANA,Rekha,parties.IN.HND,615,0.05,11,forfeit,U,,,,challenger,src-31c65dbec869
IN-PC-2008-uttar-pradesh-78,uttar-pradesh,2019,2,KAIRANA,Mohd Gufran Kazmi,parties.IN.IND,540,0.05,12,forfeit,U,,Graduate,,challenger,src-31c65dbec869
IN-PC-2008-uttar-pradesh-78,uttar-pradesh,2019,2,KAIRANA,Imran,parties.IN.IND,524,0.05,13,forfeit,U,,5th Pass,,challenger,src-31c65dbec869
IN-PC-2008-uttar-pradesh-78,uttar-pradesh,2019,2,KAIRANA,Sheshraj,,472,0.04,14,forfeit,U,,Others,Ex Govt Employee,challenger,src-31c65dbec869
IN-PC-2008-uttar-pradesh-133,uttar-pradesh,2019,3,MUZAFFARNAGAR,Sanjeev Kumar Balyan,parties.IN.BJP,573780,49.46,1,won,U,,Doctorate,,incumbent,src-31c65dbec869
IN-PC-2008-uttar-pradesh-133,uttar-pradesh,2019,3,MUZAFFARNAGAR,Ajit Singh,parties.IN.RLD,567254,48.9,2,lost,U,,Post Graduate,,challenger,src-31c65dbec869
IN-PC-2008-uttar-pradesh-133,uttar-pradesh,2019,3,MUZAFFARNAGAR,Neel Kumar,parties.IN.IND,4887,0.42,4,forfeit,U,,Post Graduate,Lawyer,challenger,src-31c65dbec869
IN-PC-2008-uttar-pradesh-133,uttar-pradesh,2019,3,MUZAFFARNAGAR,Yajpal Singh Rathi,parties.IN.IND,2705,0.23,5,forfeit,U,,10th Pass,,challenger,src-31c65dbec869
IN-PC-2008-uttar-pradesh-133,uttar-pradesh,2019,3,MUZAFFARNAGAR,Krishan Pal Singh,,2422,0.21,6,forfeit,U,,10th Pass,Rent,challenger,src-31c65dbec869
IN-PC-2008-uttar-pradesh-133,uttar-pradesh,2019,3,MUZAFFARNAGAR,S.S.K.S. Gangwal,,1262,0.11,7,forfeit,U,,Post Graduate,,challenger,src-31c65dbec869
IN-PC-2008-uttar-pradesh-133,uttar-pradesh,2019,3,MUZAFFARNAGAR,Jaipal Singh Saini,parties.IN.JSP,949,0.08,8,forfeit,U,,10th Pass,,challenger,src-31c65dbec869
IN-PC-2008-uttar-pradesh-133,uttar-pradesh,2019,3,MUZAFFARNAGAR,Mangeram Kashyap,,687,0.06,9,forfeit,U,,Graduate Professional,Lawyer,challenger,src-31c65dbec869
IN-PC-2008-uttar-pradesh-133,uttar-pradesh,2019,3,MUZAFFARNAGAR,Ankit,parties.IN.IND,557,0.05,10,forfeit,U,,Graduate,,challenger,src-31c65dbec869
IN-PC-2008-uttar-pradesh-133,uttar-pradesh,2019,3,MUZAFFARNAGAR,Ashok,parties.IN.IND,458,0.04,11,forfeit,U,,12th Pass,Agricultural Business,challenger,src-31c65dbec869
IN-PC-2008-uttar-pradesh-140,uttar-pradesh,2019,4,BIJNOR,MALOOK NAGAR,parties.IN.BSP,561045,50.97,1,won,U,,Graduate,,challenger,src-31c65dbec869
IN-PC-2008-uttar-pradesh-140,uttar-pradesh,2019,4,BIJNOR,RAJA BHARATENDRA SINGH,parties.IN.BJP,491104,44.61,2,lost,U,,Graduate,Rent,incumbent,src-31c65dbec869
IN-PC-2008-uttar-pradesh-140,uttar-pradesh,2019,4,BIJNOR,NASIMUDDIN SIDDIQUI,parties.IN.INC,25833,2.35,3,forfeit,U,,Graduate Professional,,challenger,src-31c65dbec869
IN-PC-2008-uttar-pradesh-140,uttar-pradesh,2019,4,BIJNOR,ILAMSINGH,,3979,0.36,5,forfeit,U,,12th Pass,,challenger,src-31c65dbec869
IN-PC-2008-uttar-pradesh-140,uttar-pradesh,2019,4,BIJNOR,MOHD. ZAHID,parties.IN.IND,3238,0.29,6,forfeit,U,,,,challenger,src-31c65dbec869
IN-PC-2008-uttar-pradesh-140,uttar-pradesh,2019,4,BIJNOR,MUKESH KUMAR,parties.IN.AIFB,2817,0.26,7,forfeit,U,,8th Pass,,challenger,src-31c65dbec869
IN-PC-2008-uttar-pradesh-140,uttar-pradesh,2019,4,BIJNOR,MAHAK SINGH,parties.IN.IND,2260,0.21,8,forfeit,U,,Graduate,,challenger,src-31c65dbec869
IN-PC-2008-uttar-pradesh-140,uttar-pradesh,2019,4,BIJNOR,SONU,parties.IN.JSP,1535,0.14,9,forfeit,U,,8th Pass,,challenger,src-31c65dbec869
IN-PC-2008-uttar-pradesh-140,uttar-pradesh,2019,4,BIJNOR,ANSH CHAITANYA MAHARAJ,parties.IN.HND,1162,0.11,10,forfeit,U,,12th Pass,,challenger,src-31c65dbec869
IN-PC-2008-uttar-pradesh-140,uttar-pradesh,2019,4,BIJNOR,RAJIV CHOUDHARY,,1085,0.1,11,forfeit,U,,12th Pass,,challenger,src-31c65dbec869
IN-PC-2008-uttar-pradesh-140,uttar-pradesh,2019,4,BIJNOR,MANGERAM,parties.IN.PPID,843,0.08,12,forfeit,U,,12th Pass,,challenger,src-31c65dbec869
IN-PC-2008-uttar-pradesh-140,uttar-pradesh,2019,4,BIJNOR,BABLOO RAM,,829,0.08,13,forfeit,U,,10th Pass,,challenger,src-31c65dbec869
IN-PC-2008-uttar-pradesh-140,uttar-pradesh,2019,4,BIJNOR,PARVEZ AKIL,parties.IN.AIMF,629,0.06,14,forfeit,U,,Graduate,"Doctor, Journalist or Editor",challenger,src-31c65dbec869
IN-PC-2008-uttar-pradesh-144,uttar-pradesh,2019,5,NAGINA,GIRISH CHANDRA,parties.IN.BSP,568378,56.31,1,won,U,,12th Pass,Petrol Pumps,challenger,src-31c65dbec869
IN-PC-2008-uttar-pradesh-144,uttar-pradesh,2019,5,NAGINA,DR. YASHWANT SINGH,parties.IN.BJP,401546,39.78,2,lost,U,,Post Graduate,Doctor,incumbent,src-31c65dbec869
IN-PC-2008-uttar-pradesh-144,uttar-pradesh,2019,5,NAGINA,OMVATI DEVI,parties.IN.INC,20046,1.99,3,forfeit,U,,10th Pass,,crossover,src-31c65dbec869
IN-PC-2008-uttar-pradesh-144,uttar-pradesh,2019,5,NAGINA,AMICHAND,,6156,0.61,5,forfeit,U,,8th Pass,,challenger,src-31c65dbec869
IN-PC-2008-uttar-pradesh-144,uttar-pradesh,2019,5,NAGINA,CHARAN SINGH,parties.IN.IND,2881,0.29,6,forfeit,U,,Post Graduate,,challenger,src-31c65dbec869
IN-PC-2008-uttar-pradesh-144,uttar-pradesh,2019,5,NAGINA,TEJ SINGH,parties.IN.ASP,2169,0.21,7,forfeit,U,,Graduate,,challenger,src-31c65dbec869
IN-PC-2008-uttar-pradesh-144,uttar-pradesh,2019,5,NAGINA,KAMESH KUMAR,parties.IN.PPID,1752,0.17,8,forfeit,U,,Graduate Professional,Lawyer,challenger,src-31c65dbec869
IN-PC-2008-uttar-pradesh-81,uttar-pradesh,2019,6,MORADABAD,Dr. S.T. HASAN,parties.IN.SP,649416,50.65,1,won,U,,Post Graduate,Doctor,challenger,src-31c65dbec869
IN-PC-2008-uttar-pradesh-81,uttar-pradesh,2019,6,MORADABAD,KUNWAR SARVESH KUMAR,parties.IN.BJP,551538,43.01,2,lost,U,,10th Pass,,incumbent,src-31c65dbec869
IN-PC-2008-uttar-pradesh-81,uttar-pradesh,2019,6,MORADABAD,IMRAN PRATAPGARHI,parties.IN.INC,59198,4.62,3,forfeit,U,,Post Graduate,Author,challenger,src-31c65dbec869
IN-PC-2008-uttar-pradesh-81,uttar-pradesh,2019,6,MORADABAD,MOHD. ASLAM URF PASHA,parties.IN.JASD,4594,0.36,5,forfeit,U,,Literate,,crossover,src-31c65dbec869
IN-PC-2008-uttar-pradesh-81,uttar-pradesh,2019,6,MORADABAD,MUSARRAT HUSAIN,parties.IN.IND,2417,0.19,6,forfeit,U,,Graduate,,challenger,src-31c65dbec869
IN-PC-2008-uttar-pradesh-81,uttar-pradesh,2019,6,MORADABAD,PRINCE KUMAR SHARMA,parties.IN.IND,2273,0.18,7,forfeit,U,,Post Graduate,,challenger,src-31c65dbec869
IN-PC-2008-uttar-pradesh-81,uttar-pradesh,2019,6,MORADABAD,DILERAM,,1886,0.15,8,forfeit,U,,12th Pass,,challenger,src-31c65dbec869
IN-PC-2008-uttar-pradesh-81,uttar-pradesh,2019,6,MORADABAD,NADIR ALI MANSOORI,parties.IN.PECP,1051,0.08,9,forfeit,U,,10th Pass,,challenger,src-31c65dbec869
IN-PC-2008-uttar-pradesh-81,uttar-pradesh,2019,6,MORADABAD,ROOPCHAND SINGH,,948,0.07,10,forfeit,U,,12th Pass,,challenger,src-31c65dbec869
IN-PC-2008-uttar-pradesh-81,uttar-pradesh,2019,6,MORADABAD,NARESH KUMAR SAINI,parties.IN.IND,912,0.07,11,forfeit,U,,Literate,,challenger,src-31c65dbec869
IN-PC-2008-uttar-pradesh-81,uttar-pradesh,2019,6,MORADABAD,AKEEL,parties.IN.IND,890,0.07,12,forfeit,U,,Literate,,challenger,src-31c65dbec869
IN-PC-2008-uttar-pradesh-81,uttar-pradesh,2019,6,MORADABAD,Tej Singh Seny,,762,0.06,13,forfeit,U,,8th Pass,,challenger,src-31c65dbec869
IN-PC-2008-uttar-pradesh-81,uttar-pradesh,2019,6,MORADABAD,BHISHM JIT SINGH,,564,0.04,14,forfeit,U,,Others,,challenger,src-31c65dbec869
IN-PC-2008-uttar-pradesh-79,uttar-pradesh,2019,7,RAMPUR,Mohammad Azam Khan,parties.IN.SP,559177,52.71,1,won,U,,Graduate Professional,,challenger,src-31c65dbec869
IN-PC-2008-uttar-pradesh-79,uttar-pradesh,2019,7,RAMPUR,Jayaprada Nahata,parties.IN.BJP,449180,42.34,2,lost,U,,12th Pass,Actor,crossover,src-31c65dbec869
IN-PC-2008-uttar-pradesh-79,uttar-pradesh,2019,7,RAMPUR,Sanjay Kapoor,parties.IN.INC,35009,3.3,3,forfeit,U,,Graduate Professional,,challenger,src-31c65dbec869
IN-PC-2008-uttar-pradesh-79,uttar-pradesh,2019,7,RAMPUR,Haneef Khan,parties.IN.IND,2703,0.25,5,forfeit,U,,10th Pass,,challenger,src-31c65dbec869
IN-PC-2008-uttar-pradesh-79,uttar-pradesh,2019,7,RAMPUR,Sameena Begum,parties.IN.IND,2122,0.2,6,forfeit,U,,Others,Medical Professional,challenger,src-31c65dbec869
IN-PC-2008-uttar-pradesh-79,uttar-pradesh,2019,7,RAMPUR,Javed Khan,parties.IN.IND,1963,0.19,7,forfeit,U,,Illiterate,,challenger,src-31c65dbec869
IN-PC-2008-uttar-pradesh-79,uttar-pradesh,2019,7,RAMPUR,Naim,parties.IN.IND,1518,0.14,8,forfeit,U,,Illiterate,,challenger,src-31c65dbec869
IN-PC-2008-uttar-pradesh-79,uttar-pradesh,2019,7,RAMPUR,Arshad Warsi,parties.IN.MNDP,1070,0.1,9,forfeit,U,,Literate,,challenger,src-31c65dbec869
IN-PC-2008-uttar-pradesh-79,uttar-pradesh,2019,7,RAMPUR,Saroj,parties.IN.PPID,652,0.06,10,forfeit,U,,Post Graduate,,challenger,src-31c65dbec869
IN-PC-2008-uttar-pradesh-79,uttar-pradesh,2019,7,RAMPUR,Ishrat Khan,parties.IN.AIMF,499,0.05,11,forfeit,U,,Post Graduate,Lawyer,challenger,src-31c65dbec869
IN-PC-2008-uttar-pradesh-79,uttar-pradesh,2019,7,RAMPUR,Mohd. Khushi,,451,0.04,12,forfeit,U,,10th Pass,,challenger,src-31c65dbec869
IN-PC-2008-uttar-pradesh-88,uttar-pradesh,2019,8,SAMBHAL,DR. SHAFIQUR REHMAN BARQ,parties.IN.SP,658006,55.6,1,won,U,,Graduate,,challenger,src-31c65dbec869
IN-PC-2008-uttar-pradesh-88,uttar-pradesh,2019,8,SAMBHAL,PARAMESHVAR LAL SAINI,parties.IN.BJP,483180,40.83,2,lost,U,,10th Pass,,challenger,src-31c65dbec869
IN-PC-2008-uttar-pradesh-88,uttar-pradesh,2019,8,SAMBHAL,MAJOR JAGAT PAL SINGH,parties.IN.INC,12105,1.02,3,forfeit,U,,Graduate,,challenger,src-31c65dbec869
IN-PC-2008-uttar-pradesh-88,uttar-pradesh,2019,8,SAMBHAL,VIRENDRA KUMAR PRAJAPATI,parties.IN.IND,4641,0.39,5,forfeit,U,,,,challenger,src-31c65dbec869
IN-PC-2008-uttar-pradesh-88,uttar-pradesh,2019,8,SAMBHAL,KARAN SINGH YADAV,,4198,0.35,6,forfeit,U,,12th Pass,Rent,challenger,src-31c65dbec869
IN-PC-2008-uttar-pradesh-88,uttar-pradesh,2019,8,SAMBHAL,ILYAS,,4081,0.34,7,forfeit,U,,Literate,Contractor,challenger,src-31c65dbec869
IN-PC-2008-uttar-pradesh-88,uttar-pradesh,2019,8,SAMBHAL,MOHD. MASROOR,parties.IN.IND,3628,0.31,8,forfeit,U,,,,challenger,src-31c65dbec869
IN-PC-2008-uttar-pradesh-88,uttar-pradesh,2019,8,SAMBHAL,FIROZ KHAN,parties.IN.IND,2734,0.23,9,forfeit,U,,Literate,Managerial Position,challenger,src-31c65dbec869
IN-PC-2008-uttar-pradesh-88,uttar-pradesh,2019,8,SAMBHAL,HASAN RAZA,parties.IN.RUC,1227,0.1,10,forfeit,U,,Graduate,,challenger,src-31c65dbec869
IN-PC-2008-uttar-pradesh-88,uttar-pradesh,2019,8,SAMBHAL,SHAHLA WAJID,parties.IN.ASP,1048,0.09,11,forfeit,U,,12th Pass,,challenger,src-31c65dbec869
IN-PC-2008-uttar-pradesh-88,uttar-pradesh,2019,8,SAMBHAL,BHOJRAJ,,746,0.06,12,forfeit,U,,Post Graduate,,challenger,src-31c65dbec869
IN-PC-2008-uttar-pradesh-88,uttar-pradesh,2019,8,SAMBHAL,RAM CHANDRA,parties.IN.BHAPRAP,645,0.05,13,forfeit,U,,Graduate,,challenger,src-31c65dbec869
IN-PC-2008-uttar-pradesh-137,uttar-pradesh,2019,9,AMROHA,KUNWAR DANISH ALI,parties.IN.BSP,601082,51.41,1,won,U,,Graduate,,challenger,src-31c65dbec869
IN-PC-2008-uttar-pradesh-137,uttar-pradesh,2019,9,AMROHA,KANWAR SINGH TANWAR,parties.IN.BJP,537834,46,2,lost,U,,8th Pass,"Real Estate or Builder or Developer or Construction, Rent",incumbent,src-31c65dbec869
IN-PC-2008-uttar-pradesh-137,uttar-pradesh,2019,9,AMROHA,SACHIN CHOUDHARY,parties.IN.INC,12510,1.07,3,forfeit,U,,12th Pass,,challenger,src-31c65dbec869
IN-PC-2008-uttar-pradesh-137,uttar-pradesh,2019,9,AMROHA,VIKAR AHMAD,parties.IN.IND,3649,0.31,5,forfeit,U,,Literate,,challenger,src-31c65dbec869
IN-PC-2008-uttar-pradesh-137,uttar-pradesh,2019,9,AMROHA,(KUNWAR) ROBIN TYAGI,parties.IN.IND,2056,0.18,6,forfeit,U,,,,challenger,src-31c65dbec869
IN-PC-2008-uttar-pradesh-137,uttar-pradesh,2019,9,AMROHA,RAJPAL SINGH,parties.IN.IND,1392,0.12,7,forfeit,U,,Literate,Shop Keeper,challenger,src-31c65dbec869
IN-PC-2008-uttar-pradesh-137,uttar-pradesh,2019,9,AMROHA,RAJPAL SINGH SAINI,parties.IN.JASD,1164,0.1,8,forfeit,U,,Graduate Professional,,challenger,src-31c65dbec869
IN-PC-2008-uttar-pradesh-137,uttar-pradesh,2019,9,AMROHA,AKHTAR,parties.IN.IND,979,0.08,9,forfeit,U,,Literate,,challenger,src-31c65dbec869
IN-PC-2008-uttar-pradesh-137,uttar-pradesh,2019,9,AMROHA,MATLOOB AHMAD,,954,0.08,10,forfeit,U,,8th Pass,,challenger,src-31c65dbec869
IN-PC-2008-uttar-pradesh-137,uttar-pradesh,2019,9,AMROHA,NARESH KUMAR,parties.IN.IND,945,0.08,11,forfeit,U,,Post Graduate,,challenger,src-31c65dbec869
IN-PC-2008-uttar-pradesh-146,uttar-pradesh,2019,10,MEERUT,RAJENDRA AGARWAL,parties.IN.BJP,586184,48.19,1,won,U,,Post Graduate,MP,incumbent,src-31c65dbec869
IN-PC-2008-uttar-pradesh-146,uttar-pradesh,2019,10,MEERUT,HAJI MOHAMMAD YAQOOB,parties.IN.BSP,581455,47.8,2,lost,U,,8th Pass,,challenger,src-31c65dbec869
IN-PC-2008-uttar-pradesh-146,uttar-pradesh,2019,10,MEERUT,HARENDRA AGARWAL,parties.IN.INC,34479,2.83,3,forfeit,U,,Graduate,Lawyer,challenger,src-31c65dbec869
IN-PC-2008-uttar-pradesh-146,uttar-pradesh,2019,10,MEERUT,SAHANSAR PAL SINGH,parties.IN.IND,2215,0.18,5,forfeit,U,,Graduate Professional,,challenger,src-31c65dbec869
IN-PC-2008-uttar-pradesh-146,uttar-pradesh,2019,10,MEERUT,SHRAVAN KUMAR AGARWAL,parties.IN.IND,1025,0.08,6,forfeit,U,,10th Pass,,challenger,src-31c65dbec869
IN-PC-2008-uttar-pradesh-146,uttar-pradesh,2019,10,MEERUT,RAJESH GIRI,,978,0.08,7,forfeit,U,,10th Pass,,challenger,src-31c65dbec869
IN-PC-2008-uttar-pradesh-146,uttar-pradesh,2019,10,MEERUT,ARTI AGARWAL,parties.IN.SHS,957,0.08,8,forfeit,U,,Graduate,,challenger,src-31c65dbec869
IN-PC-2008-uttar-pradesh-146,uttar-pradesh,2019,10,MEERUT,NASIR ALI KHAN,,921,0.08,9,forfeit,U,,Others,Doctor,challenger,src-31c65dbec869
IN-PC-2008-uttar-pradesh-146,uttar-pradesh,2019,10,MEERUT,AFZAL,parties.IN.BAHUMP,882,0.07,10,forfeit,U,,8th Pass,Mechanic,challenger,src-31c65dbec869
IN-PC-2008-uttar-pradesh-146,uttar-pradesh,2019,10,MEERUT,KIRAN R. C. JATAV,,512,0.04,11,forfeit,U,,Graduate,Home Teacher or Tuition,challenger,src-31c65dbec869
IN-PC-2008-uttar-pradesh-146,uttar-pradesh,2019,10,MEERUT,DHARMENDRA,,489,0.04,12,forfeit,U,,Graduate Professional,Lawyer,challenger,src-31c65dbec869
IN-PC-2008-uttar-pradesh-121,uttar-pradesh,2019,11,BAGHPAT,Dr. SATYAPAL SINGH,parties.IN.BJP,525789,50.32,1,won,U,,Post Graduate,Ex Civil Service,incumbent,src-31c65dbec869
IN-PC-2008-uttar-pradesh-121,uttar-pradesh,2019,11,BAGHPAT,JAYANT CHAUDHARY,parties.IN.RLD,502287,48.07,2,lost,U,,Post Graduate,,challenger,src-31c65dbec869
IN-PC-2008-uttar-pradesh-121,uttar-pradesh,2019,11,BAGHPAT,SUBHASH,parties.IN.IND,2460,0.24,4,forfeit,U,,Literate,Shop Keeper,challenger,src-31c65dbec869
IN-PC-2008-uttar-pradesh-121,uttar-pradesh,2019,11,BAGHPAT,ISTAKAR ALI,,1628,0.16,5,forfeit,U,,8th Pass,,challenger,src-31c65dbec869
IN-PC-2008-uttar-pradesh-121,uttar-pradesh,2019,11,BAGHPAT,JAFAR,parties.IN.IND,1400,0.13,6,forfeit,U,,5th Pass,,challenger,src-31c65dbec869
IN-PC-2008-uttar-pradesh-121,uttar-pradesh,2019,11,BAGHPAT,RAMKUMAR,,1250,0.12,7,forfeit,U,,8th Pass,,challenger,src-31c65dbec869
IN-PC-2008-uttar-pradesh-121,uttar-pradesh,2019,11,BAGHPAT,PARVEEN YOGI,,1047,0.1,8,forfeit,U,,12th Pass,,challenger,src-31c65dbec869
IN-PC-2008-uttar-pradesh-121,uttar-pradesh,2019,11,BAGHPAT,UTTAR KUMAR JINDAL,,932,0.09,9,forfeit,U,,Graduate,,challenger,src-31c65dbec869
IN-PC-2008-uttar-pradesh-121,uttar-pradesh,2019,11,BAGHPAT,CHAUDHARY MOHKAM,,707,0.07,10,forfeit,U,,10th Pass,,challenger,src-31c65dbec869
IN-PC-2008-uttar-pradesh-121,uttar-pradesh,2019,11,BAGHPAT,DEVENDER,parties.IN.AAPP,661,0.06,11,forfeit,U,,10th Pass,Shop Keeper,challenger,src-31c65dbec869
IN-PC-2008-uttar-pradesh-121,uttar-pradesh,2019,11,BAGHPAT,RUBY KASHYAP,parties.IN.HND,633,0.06,12,forfeit,U,,Graduate,,challenger,src-31c65dbec869
IN-PC-2008-uttar-pradesh-121,uttar-pradesh,2019,11,BAGHPAT,Dr. SALEEM AHMAD,,556,0.05,13,forfeit,U,,Graduate,Doctor,challenger,src-31c65dbec869
IN-PC-2008-uttar-pradesh-121,uttar-pradesh,2019,11,BAGHPAT,MANOJ RANA,,503,0.05,14,forfeit,U,,10th Pass,Contractor,challenger,src-31c65dbec869
IN-PC-2008-uttar-pradesh-148,uttar-pradesh,2019,13,GAUTAM BUDDHA NAGAR,Dr. MAHESH SHARMA,parties.IN.BJP,830812,59.64,1,won,U,,Graduate Professional,Minister,incumbent,src-31c65dbec869
IN-PC-2008-uttar-pradesh-148,uttar-pradesh,2019,13,GAUTAM BUDDHA NAGAR,SATVEER,parties.IN.BSP,493890,35.46,2,lost,U,,8th Pass,,challenger,src-31c65dbec869
IN-PC-2008-uttar-pradesh-148,uttar-pradesh,2019,13,GAUTAM BUDDHA NAGAR,Dr. ARVIND KUMAR SINGH,parties.IN.INC,42077,3.02,3,forfeit,U,,Doctorate,Private Company,crossover,src-31c65dbec869
IN-PC-2008-uttar-pradesh-148,uttar-pradesh,2019,13,GAUTAM BUDDHA NAGAR,ASHOK KUMAR ADHANA,parties.IN.IND,3939,0.28,5,forfeit,U,,10th Pass,,challenger,src-31c65dbec869
IN-PC-2008-uttar-pradesh-148,uttar-pradesh,2019,13,GAUTAM BUDDHA NAGAR,RODASH GUPTA,parties.IN.IND,2894,0.21,6,forfeit,U,,Post Graduate,,challenger,src-31c65dbec869
IN-PC-2008-uttar-pradesh-148,uttar-pradesh,2019,13,GAUTAM BUDDHA NAGAR,JAGDEEP SINGH,,2725,0.2,7,forfeit,U,,Graduate Professional,Lawyer,challenger,src-31c65dbec869
IN-PC-2008-uttar-pradesh-148,uttar-pradesh,2019,13,GAUTAM BUDDHA NAGAR,JITENDRA SINGH,,1862,0.13,8,forfeit,U,,12th Pass,Contractor,challenger,src-31c65dbec869
IN-PC-2008-uttar-pradesh-148,uttar-pradesh,2019,13,GAUTAM BUDDHA NAGAR,VINOD KUMAR NAGAR,,1366,0.1,9,forfeit,U,,Post Graduate,School Teacher,challenger,src-31c65dbec869
IN-PC-2008-uttar-pradesh-148,uttar-pradesh,2019,13,GAUTAM BUDDHA NAGAR,RAM PAL,parties.IN.RSPS,1294,0.09,10,forfeit,U,,Post Graduate,Home Teacher or Tuition,challenger,src-31c65dbec869
IN-PC-2008-uttar-pradesh-148,uttar-pradesh,2019,13,GAUTAM BUDDHA NAGAR,VINOD SHARMA,,1282,0.09,11,forfeit,U,,12th Pass,,challenger,src-31c65dbec869
IN-PC-2008-uttar-pradesh-148,uttar-pradesh,2019,13,GAUTAM BUDDHA NAGAR,SHERSINGH UPADHAYA,parties.IN.RTRJP,1264,0.09,12,forfeit,U,,8th Pass,Trade Union,challenger,src-31c65dbec869
IN-PC-2008-uttar-pradesh-148,uttar-pradesh,2019,13,GAUTAM BUDDHA NAGAR,RAGHUVENDRA KUMAR,,631,0.05,13,forfeit,U,,Post Graduate,,challenger,src-31c65dbec869
IN-PC-2008-uttar-pradesh-148,uttar-pradesh,2019,13,GAUTAM BUDDHA NAGAR,DAYARAM,parties.IN.AAPP,545,0.04,14,forfeit,U,,10th Pass,,challenger,src-31c65dbec869
IN-PC-2008-uttar-pradesh-131,uttar-pradesh,2019,14,BULANDSHAHR,BHOLA SINGH,parties.IN.BJP,681321,60.64,1,won,U,,Graduate,Rent,incumbent,src-31c65dbec869
IN-PC-2008-uttar-pradesh-131,uttar-pradesh,2019,14,BULANDSHAHR,YOGESH VERMA,parties.IN.BSP,391264,34.82,2,lost,U,,12th Pass,,challenger,src-31c65dbec869
IN-PC-2008-uttar-pradesh-131,uttar-pradesh,2019,14,BULANDSHAHR,BANSHI SINGH,parties.IN.INC,29465,2.62,3,forfeit,U,,10th Pass,,challenger,src-31c65dbec869
IN-PC-2008-uttar-pradesh-131,uttar-pradesh,2019,14,BULANDSHAHR,RADHIKA DEVI,parties.IN.IND,5170,0.46,5,forfeit,U,,Doctorate,College Professor or Lecturer,challenger,src-31c65dbec869
IN-PC-2008-uttar-pradesh-131,uttar-pradesh,2019,14,BULANDSHAHR,PRAMOD KUMAR,parties.IN.RSPS,3664,0.33,6,forfeit,U,,Graduate,,challenger,src-31c65dbec869
IN-PC-2008-uttar-pradesh-131,uttar-pradesh,2019,14,BULANDSHAHR,MANOJ KUMAR SINGH,parties.IN.IND,3388,0.3,7,forfeit,U,,Graduate,,challenger,src-31c65dbec869
IN-PC-2008-uttar-pradesh-131,uttar-pradesh,2019,14,BULANDSHAHR,REENA DEVI,,1453,0.13,8,forfeit,U,,8th Pass,Household,challenger,src-31c65dbec869
IN-PC-2008-uttar-pradesh-131,uttar-pradesh,2019,14,BULANDSHAHR,SATISH,,1268,0.11,9,forfeit,U,,,,challenger,src-31c65dbec869
IN-PC-2008-uttar-pradesh-131,uttar-pradesh,2019,14,BULANDSHAHR,VINAY KUMAR SINGH,parties.IN.AAPP,917,0.08,10,forfeit,U,,Graduate Professional,,challenger,src-31c65dbec869
IN-PC-2008-uttar-pradesh-111,uttar-pradesh,2019,15,ALIGARH,SATISH KUMAR GAUTAM,parties.IN.BJP,656215,56.42,1,won,U,,10th Pass,,incumbent,src-31c65dbec869
IN-PC-2008-uttar-pradesh-111,uttar-pradesh,2019,15,ALIGARH,DR. AJEET BALIYAN,parties.IN.BSP,426954,36.71,2,lost,U,,Doctorate,Self-employed,challenger,src-31c65dbec869
IN-PC-2008-uttar-pradesh-111,uttar-pradesh,2019,15,ALIGARH,BIJENDRA SINGH CHAUDHARY,parties.IN.INC,50880,4.37,3,forfeit,U,,Graduate,Party Worker,challenger,src-31c65dbec869
IN-PC-2008-uttar-pradesh-111,uttar-pradesh,2019,15,ALIGARH,LAXMI DHANGAR,parties.IN.IND,5886,0.51,5,forfeit,U,,,,challenger,src-31c65dbec869
IN-PC-2008-uttar-pradesh-111,uttar-pradesh,2019,15,ALIGARH,DEEPAK CHAUDHARY,,4953,0.43,6,forfeit,U,,Graduate,,challenger,src-31c65dbec869
IN-PC-2008-uttar-pradesh-111,uttar-pradesh,2019,15,ALIGARH,AMAR SINGH MAHAUR,,3681,0.32,7,forfeit,U,,Graduate Professional,,challenger,src-31c65dbec869
IN-PC-2008-uttar-pradesh-111,uttar-pradesh,2019,15,ALIGARH,SHAHEEN,parties.IN.IND,1599,0.14,8,forfeit,U,,Others,Household,challenger,src-31c65dbec869
IN-PC-2008-uttar-pradesh-111,uttar-pradesh,2019,15,ALIGARH,THAKUR MANOJ SINGH,,1225,0.11,9,forfeit,U,,10th Pass,,challenger,src-31c65dbec869
IN-PC-2008-uttar-pradesh-111,uttar-pradesh,2019,15,ALIGARH,CHARAN SINGH,parties.IN.IND,1175,0.1,10,forfeit,U,,12th Pass,,challenger,src-31c65dbec869
IN-PC-2008-uttar-pradesh-111,uttar-pradesh,2019,15,ALIGARH,DILEEP SHARMA,parties.IN.PECP,1045,0.09,11,forfeit,U,,Graduate Professional,,challenger,src-31c65dbec869
IN-PC-2008-uttar-pradesh-111,uttar-pradesh,2019,15,ALIGARH,MOHD. SHAKEEL (ADV.),parties.IN.LD,841,0.07,12,forfeit,U,,Post Graduate,,challenger,src-31c65dbec869
IN-PC-2008-uttar-pradesh-111,uttar-pradesh,2019,15,ALIGARH,SANJAY BALMIKI,parties.IN.BHABHAPA,836,0.07,13,forfeit,U,,5th Pass,Taxi Driver,challenger,src-31c65dbec869
IN-PC-2008-uttar-pradesh-111,uttar-pradesh,2019,15,ALIGARH,SATISH CHANDRA SHARMA,,829,0.07,14,forfeit,U,,Literate,,challenger,src-31c65dbec869
IN-PC-2008-uttar-pradesh-111,uttar-pradesh,2019,15,ALIGARH,ASHOK KUMAR PANDEY,parties.IN.IND,797,0.07,15,forfeit,U,,Post Graduate,,challenger,src-31c65dbec869
IN-PC-2008-uttar-pradesh-132,uttar-pradesh,2019,17,MATHURA,HEMA MALINI,parties.IN.BJP,671293,60.88,1,won,U,,Doctorate,Actor,incumbent,src-31c65dbec869
IN-PC-2008-uttar-pradesh-132,uttar-pradesh,2019,17,MATHURA,KUNWAR NARENDRA SINGH,parties.IN.RLD,377822,34.26,2,lost,U,,Graduate,Rent,challenger,src-31c65dbec869
IN-PC-2008-uttar-pradesh-132,uttar-pradesh,2019,17,MATHURA,MAHESH PATHAK,parties.IN.INC,28084,2.55,3,forfeit,U,,Graduate,,challenger,src-31c65dbec869
IN-PC-2008-uttar-pradesh-132,uttar-pradesh,2019,17,MATHURA,OMPRAKASH,,5095,0.46,5,forfeit,U,,Graduate Professional,,challenger,src-31c65dbec869
IN-PC-2008-uttar-pradesh-132,uttar-pradesh,2019,17,MATHURA,PHAKKAD BABA,parties.IN.IND,4086,0.37,6,forfeit,U,,Literate,,challenger,src-31c65dbec869
IN-PC-2008-uttar-pradesh-132,uttar-pradesh,2019,17,MATHURA,DINESH GAUTAM,,2363,0.21,7,forfeit,U,,Post Graduate,,challenger,src-31c65dbec869
IN-PC-2008-uttar-pradesh-132,uttar-pradesh,2019,17,MATHURA,JASVEER SINGH,,1630,0.15,8,forfeit,U,,12th Pass,,challenger,src-31c65dbec869
IN-PC-2008-uttar-pradesh-132,uttar-pradesh,2019,17,MATHURA,PRAMOD KRISHNA,parties.IN.IND,1490,0.14,9,forfeit,U,,12th Pass,,challenger,src-31c65dbec869
IN-PC-2008-uttar-pradesh-132,uttar-pradesh,2019,17,MATHURA,RAMDAS TYAGI,parties.IN.IND,1298,0.12,10,forfeit,U,,Literate,,challenger,src-31c65dbec869
IN-PC-2008-uttar-pradesh-132,uttar-pradesh,2019,17,MATHURA,RAMDEV GAUTAM,,1261,0.11,11,forfeit,U,,12th Pass,,challenger,src-31c65dbec869
IN-PC-2008-uttar-pradesh-132,uttar-pradesh,2019,17,MATHURA,JASVANT SINGH BAGHEL,,1245,0.11,12,forfeit,U,,10th Pass,,challenger,src-31c65dbec869
IN-PC-2008-uttar-pradesh-132,uttar-pradesh,2019,17,MATHURA,CHATTAR alias CHATRAPAL SINGH NISHAD,parties.IN.BMUP,794,0.07,13,forfeit,U,,,,challenger,src-31c65dbec869
IN-PC-2008-uttar-pradesh-132,uttar-pradesh,2019,17,MATHURA,JAGVIR SINGH,,470,0.04,14,forfeit,U,,,,challenger,src-31c65dbec869
IN-PC-2008-uttar-pradesh-150,uttar-pradesh,2019,18,AGRA,Satyapal Singh Baghel,parties.IN.BJP,646875,56.48,1,won,U,,Doctorate,"MLA, Ex MP, Minister",challenger,src-31c65dbec869
IN-PC-2008-uttar-pradesh-150,uttar-pradesh,2019,18,AGRA,Manoj Kumar Soni,parties.IN.BSP,435329,38.01,2,lost,U,,Post Graduate,,challenger,src-31c65dbec869
IN-PC-2008-uttar-pradesh-150,uttar-pradesh,2019,18,AGRA,Preeta Harit,parties.IN.INC,45149,3.94,3,forfeit,U,,Post Graduate,Ex Civil Service,challenger,src-31c65dbec869
IN-PC-2008-uttar-pradesh-150,uttar-pradesh,2019,18,AGRA,Chandra Pal,,2802,0.24,5,forfeit,U,,,,challenger,src-31c65dbec869
IN-PC-2008-uttar-pradesh-150,uttar-pradesh,2019,18,AGRA,Ambedkari Hasnuram Ambedkari,parties.IN.IND,2768,0.24,6,forfeit,U,,Literate,,challenger,src-31c65dbec869
IN-PC-2008-uttar-pradesh-150,uttar-pradesh,2019,18,AGRA,Babu Lal,parties.IN.IND,2381,0.21,7,forfeit,U,,Graduate,,challenger,src-31c65dbec869
IN-PC-2008-uttar-pradesh-150,uttar-pradesh,2019,18,AGRA,Ramji Lal Vidhyarthi,parties.IN.PECP,1468,0.13,8,forfeit,U,,10th Pass,,challenger,src-31c65dbec869
IN-PC-2008-uttar-pradesh-150,uttar-pradesh,2019,18,AGRA,Himanshi,parties.IN.LOGAP,1408,0.12,9,forfeit,U,,Graduate,Home Teacher or Tuition,challenger,src-31c65dbec869
IN-PC-2008-uttar-pradesh-150,uttar-pradesh,2019,18,AGRA,Raja,,1326,0.12,10,forfeit,U,,8th Pass,,challenger,src-31c65dbec869
IN-PC-2008-uttar-pradesh-139,uttar-pradesh,2019,19,FATEHPUR SIKRI,RAJKUMAR CHAHAR,parties.IN.BJP,667147,64.32,1,won,U,,Graduate,Doctor,challenger,src-31c65dbec869
IN-PC-2008-uttar-pradesh-139,uttar-pradesh,2019,19,FATEHPUR SIKRI,RAJ BABBAR,parties.IN.INC,172082,16.59,2,forfeit,U,,Graduate,"Actor, Film Director",challenger,src-31c65dbec869
IN-PC-2008-uttar-pradesh-139,uttar-pradesh,2019,19,FATEHPUR SIKRI,SHREEBHAGWAN SHARMA,parties.IN.BSP,168043,16.2,3,forfeit,U,,10th Pass,Ex MLA,challenger,src-31c65dbec869
IN-PC-2008-uttar-pradesh-139,uttar-pradesh,2019,19,FATEHPUR SIKRI,PURUSHOTTAM DAS (FAUZI BHAI),parties.IN.IND,3429,0.33,5,forfeit,U,,Graduate,Ex Military,challenger,src-31c65dbec869
IN-PC-2008-uttar-pradesh-139,uttar-pradesh,2019,19,FATEHPUR SIKRI,RAM BAHORI,parties.IN.IND,3182,0.31,6,forfeit,U,,5th Pass,,challenger,src-31c65dbec869
IN-PC-2008-uttar-pradesh-139,uttar-pradesh,2019,19,FATEHPUR SIKRI,NAWAB GUL CHAMAN SHERWANI,,2199,0.21,7,forfeit,U,,8th Pass,,challenger,src-31c65dbec869
IN-PC-2008-uttar-pradesh-139,uttar-pradesh,2019,19,FATEHPUR SIKRI,VIJAY SINGH DHANGAR,,1808,0.17,8,forfeit,U,,12th Pass,,challenger,src-31c65dbec869
IN-PC-2008-uttar-pradesh-139,uttar-pradesh,2019,19,FATEHPUR SIKRI,NARESH KUMAR,parties.IN.IND,1581,0.15,9,forfeit,U,,,,challenger,src-31c65dbec869
IN-PC-2008-uttar-pradesh-139,uttar-pradesh,2019,19,FATEHPUR SIKRI,ANIL KUMAR KUSHWAHA,parties.IN.IND,1443,0.14,10,forfeit,U,,Graduate,,challenger,src-31c65dbec869
IN-PC-2008-uttar-pradesh-139,uttar-pradesh,2019,19,FATEHPUR SIKRI,PASTAR THOMSAN MASSY,parties.IN.IND,1103,0.11,11,forfeit,U,,8th Pass,Pastor,challenger,src-31c65dbec869
IN-PC-2008-uttar-pradesh-139,uttar-pradesh,2019,19,FATEHPUR SIKRI,MANISHA SINGH,,1040,0.1,12,forfeit,U,,12th Pass,Home Teacher or Tuition,challenger,src-31c65dbec869
IN-PC-2008-uttar-pradesh-139,uttar-pradesh,2019,19,FATEHPUR SIKRI,ARTI SHARMA,parties.IN.IND,994,0.1,13,forfeit,U,,12th Pass,,challenger,src-31c65dbec869
IN-PC-2008-uttar-pradesh-139,uttar-pradesh,2019,19,FATEHPUR SIKRI,SATYENDRA BAGHEL,,965,0.09,14,forfeit,U,,Post Graduate,,challenger,src-31c65dbec869
IN-PC-2008-uttar-pradesh-139,uttar-pradesh,2019,19,FATEHPUR SIKRI,SARVESH KUMAR,,822,0.08,15,forfeit,U,,Graduate Professional,,challenger,src-31c65dbec869
IN-PC-2008-uttar-pradesh-139,uttar-pradesh,2019,19,FATEHPUR SIKRI,SADAB NOOR,,621,0.06,16,forfeit,U,,,,challenger,src-31c65dbec869
IN-PC-2008-uttar-pradesh-138,uttar-pradesh,2019,20,FIROZABAD,Dr. Chandra Sen Jadon,parties.IN.BJP,495819,46.09,1,won,U,,Graduate Professional,Doctor,challenger,src-31c65dbec869
IN-PC-2008-uttar-pradesh-138,uttar-pradesh,2019,20,FIROZABAD,Akshay Yadav,parties.IN.SP,467038,43.41,2,lost,U,,Graduate Professional,,incumbent,src-31c65dbec869
IN-PC-2008-uttar-pradesh-138,uttar-pradesh,2019,20,FIROZABAD,Shivpal Singh Yadav,,91869,8.54,3,forfeit,U,,Graduate Professional,,challenger,src-31c65dbec869
IN-PC-2008-uttar-pradesh-138,uttar-pradesh,2019,20,FIROZABAD,Upendra Singh Rajput,,9503,0.88,4,forfeit,U,,,,challenger,src-31c65dbec869
IN-PC-2008-uttar-pradesh-138,uttar-pradesh,2019,20,FIROZABAD,Chaudhary Basheer,parties.IN.IND,2545,0.24,6,forfeit,U,,8th Pass,Trader,challenger,src-31c65dbec869
IN-PC-2008-uttar-pradesh-138,uttar-pradesh,2019,20,FIROZABAD,Rajveer,parties.IN.IND,2416,0.22,7,forfeit,U,,10th Pass,,challenger,src-31c65dbec869
IN-PC-2008-uttar-pradesh-77,uttar-pradesh,2019,21,MAINPURI,MULAYAM SINGH YADAV,parties.IN.SP,524926,53.75,1,won,U,,Post Graduate,,incumbent,src-31c65dbec869
IN-PC-2008-uttar-pradesh-77,uttar-pradesh,2019,21,MAINPURI,PREM SINGH SHAKYA,parties.IN.BJP,430537,44.09,2,lost,U,,Others,,challenger,src-31c65dbec869
IN-PC-2008-uttar-pradesh-77,uttar-pradesh,2019,21,MAINPURI,SAVENDRA SINGH,parties.IN.IND,2631,0.27,4,forfeit,U,,Graduate Professional,Lawyer,challenger,src-31c65dbec869
IN-PC-2008-uttar-pradesh-77,uttar-pradesh,2019,21,MAINPURI,OMBEER LODHI,,2580,0.26,5,forfeit,U,,,,challenger,src-31c65dbec869
IN-PC-2008-uttar-pradesh-77,uttar-pradesh,2019,21,MAINPURI,CHAKRAPAN,,1812,0.19,6,forfeit,U,,12th Pass,,challenger,src-31c65dbec869
IN-PC-2008-uttar-pradesh-77,uttar-pradesh,2019,21,MAINPURI,TEJ PRATAP SINGH JATAV,,1730,0.18,7,forfeit,U,,12th Pass,,challenger,src-31c65dbec869
IN-PC-2008-uttar-pradesh-77,uttar-pradesh,2019,21,MAINPURI,KULDEEP KUMAR,,1195,0.12,8,forfeit,U,,Graduate,,challenger,src-31c65dbec869
IN-PC-2008-uttar-pradesh-77,uttar-pradesh,2019,21,MAINPURI,HARIRAM SHAKYA,,1121,0.11,9,forfeit,U,,Post Graduate,,crossover,src-31c65dbec869
IN-PC-2008-uttar-pradesh-77,uttar-pradesh,2019,21,MAINPURI,SHYAM SINGH,,1053,0.11,10,forfeit,U,,Post Graduate,School Teacher,challenger,src-31c65dbec869
IN-PC-2008-uttar-pradesh-77,uttar-pradesh,2019,21,MAINPURI,RAVINDRA SINGH YADAV,parties.IN.IND,980,0.1,11,forfeit,U,,Post Graduate,,challenger,src-31c65dbec869
IN-PC-2008-uttar-pradesh-77,uttar-pradesh,2019,21,MAINPURI,RAJAT KUMAR,,623,0.06,12,forfeit,U,,Graduate Professional,,challenger,src-31c65dbec869
IN-PC-2008-uttar-pradesh-77,uttar-pradesh,2019,21,MAINPURI,RAVINDRA SINGH KATAR,,619,0.06,13,forfeit,U,,Post Graduate,,challenger,src-31c65dbec869
IN-PC-2008-uttar-pradesh-149,uttar-pradesh,2019,22,ETAH,Rajveer Singh (Raju Bhaiya),parties.IN.BJP,545348,54.56,1,won,U,,Graduate Professional,,incumbent,src-31c65dbec869
IN-PC-2008-uttar-pradesh-149,uttar-pradesh,2019,22,ETAH,Ku. Devendra Singh Yadav,parties.IN.SP,422678,42.28,2,lost,U,,Doctorate,,challenger,src-31c65dbec869
IN-PC-2008-uttar-pradesh-149,uttar-pradesh,2019,22,ETAH,Hari Om,parties.IN.IND,6339,0.63,3,forfeit,U,,,,challenger,src-31c65dbec869
IN-PC-2008-uttar-pradesh-149,uttar-pradesh,2019,22,ETAH,Suraj Singh,parties.IN.JANADIP,5126,0.51,5,forfeit,U,,Post Graduate,,challenger,src-31c65dbec869
IN-PC-2008-uttar-pradesh-149,uttar-pradesh,2019,22,ETAH,Atar Singh,,5110,0.51,6,forfeit,U,,Post Graduate,Retired Teacher,challenger,src-31c65dbec869
IN-PC-2008-uttar-pradesh-149,uttar-pradesh,2019,22,ETAH,Parvati Nandan,parties.IN.IND,1858,0.19,7,forfeit,U,,,,challenger,src-31c65dbec869
IN-PC-2008-uttar-pradesh-149,uttar-pradesh,2019,22,ETAH,Satendra Kumar Panda,parties.IN.IND,1577,0.16,8,forfeit,U,,12th Pass,,challenger,src-31c65dbec869
IN-PC-2008-uttar-pradesh-149,uttar-pradesh,2019,22,ETAH,Rashmi Yadav,,1470,0.15,9,forfeit,U,,Doctorate,,challenger,src-31c65dbec869
IN-PC-2008-uttar-pradesh-149,uttar-pradesh,2019,22,ETAH,Anuj Kumar,,838,0.08,10,forfeit,U,,Post Graduate,,challenger,src-31c65dbec869
IN-PC-2008-uttar-pradesh-149,uttar-pradesh,2019,22,ETAH,Indrapal,parties.IN.IND,712,0.07,11,forfeit,U,,,,challenger,src-31c65dbec869
IN-PC-2008-uttar-pradesh-149,uttar-pradesh,2019,22,ETAH,Bharat Singh,,666,0.07,12,forfeit,U,,Graduate,School Teacher,challenger,src-31c65dbec869
IN-PC-2008-uttar-pradesh-149,uttar-pradesh,2019,22,ETAH,Anand Prakash Singh Rajput,,584,0.06,13,forfeit,U,,Post Graduate,Lawyer,challenger,src-31c65dbec869
IN-PC-2008-uttar-pradesh-149,uttar-pradesh,2019,22,ETAH,Ashok Kumar,parties.IN.IND,542,0.05,14,forfeit,U,,Graduate,,challenger,src-31c65dbec869
IN-PC-2008-uttar-pradesh-149,uttar-pradesh,2019,22,ETAH,Naresh Chandra,,482,0.05,15,forfeit,U,,Post Graduate,,challenger,src-31c65dbec869
IN-PC-2008-uttar-pradesh-73,uttar-pradesh,2019,23,BADAUN,Dr. Sanghmitra Maurya,parties.IN.BJP,511352,47.3,1,won,U,,Graduate Professional,Party Worker,crossover,src-31c65dbec869
IN-PC-2008-uttar-pradesh-73,uttar-pradesh,2019,23,BADAUN,Dharmendra Yadav,parties.IN.SP,492898,45.59,2,lost,U,,Post Graduate,,incumbent,src-31c65dbec869
IN-PC-2008-uttar-pradesh-73,uttar-pradesh,2019,23,BADAUN,Saleem Iqbal Shervani,parties.IN.INC,51947,4.8,3,forfeit,U,,Graduate,Industrialist,challenger,src-31c65dbec869
IN-PC-2008-uttar-pradesh-73,uttar-pradesh,2019,23,BADAUN,Kailash Kumar Mishra,parties.IN.AIFB,4347,0.4,5,forfeit,U,,,,challenger,src-31c65dbec869
IN-PC-2008-uttar-pradesh-73,uttar-pradesh,2019,23,BADAUN,Swami Paglanand,parties.IN.IND,4085,0.38,6,forfeit,U,,,,challenger,src-31c65dbec869
IN-PC-2008-uttar-pradesh-73,uttar-pradesh,2019,23,BADAUN,Hari Singh,parties.IN.IND,2637,0.24,7,forfeit,U,,12th Pass,,challenger,src-31c65dbec869
IN-PC-2008-uttar-pradesh-73,uttar-pradesh,2019,23,BADAUN,Kirpa Shankar Shakya,parties.IN.IND,2219,0.21,8,forfeit,U,,,,challenger,src-31c65dbec869
IN-PC-2008-uttar-pradesh-73,uttar-pradesh,2019,23,BADAUN,Atul Kumar,parties.IN.IND,1681,0.16,9,forfeit,U,,Graduate,,challenger,src-31c65dbec869
IN-PC-2008-uttar-pradesh-73,uttar-pradesh,2019,23,BADAUN,Mahesh Shrivastav,,1336,0.12,10,forfeit,U,,10th Pass,,challenger,src-31c65dbec869
IN-PC-2008-uttar-pradesh-99,uttar-pradesh,2019,24,AONLA,DHARMENDRA KASHYAP,parties.IN.BJP,537675,51.07,1,won,U,,10th Pass,,incumbent,src-31c65dbec869
IN-PC-2008-uttar-pradesh-99,uttar-pradesh,2019,24,AONLA,RUCHIVIRA,parties.IN.BSP,423932,40.27,2,lost,U,,Graduate,,challenger,src-31c65dbec869
IN-PC-2008-uttar-pradesh-99,uttar-pradesh,2019,24,AONLA,KUNWAR SARVARAJ SINGH,parties.IN.INC,62548,5.94,3,forfeit,U,,Graduate Professional,,crossover,src-31c65dbec869
IN-PC-2008-uttar-pradesh-99,uttar-pradesh,2019,24,AONLA,HEMENDRA PAL SINGH,parties.IN.IND,3675,0.35,5,forfeit,U,,Post Graduate,,challenger,src-31c65dbec869
IN-PC-2008-uttar-pradesh-99,uttar-pradesh,2019,24,AONLA,LAKSHMI,parties.IN.IND,3097,0.29,6,forfeit,U,,12th Pass,Household,challenger,src-31c65dbec869
IN-PC-2008-uttar-pradesh-99,uttar-pradesh,2019,24,AONLA,SUNIL KUMAR,,2117,0.2,7,forfeit,U,,Graduate,Private Company,challenger,src-31c65dbec869
IN-PC-2008-uttar-pradesh-99,uttar-pradesh,2019,24,AONLA,PRITI KASHYAP,,1739,0.17,8,forfeit,U,,Illiterate,Transport,challenger,src-31c65dbec869
IN-PC-2008-uttar-pradesh-99,uttar-pradesh,2019,24,AONLA,RAMPHAL SHAKYA,parties.IN.BMUP,1660,0.16,9,forfeit,U,,10th Pass,,challenger,src-31c65dbec869
IN-PC-2008-uttar-pradesh-99,uttar-pradesh,2019,24,AONLA,RISHIPAL,,1557,0.15,10,forfeit,U,,10th Pass,,challenger,src-31c65dbec869
IN-PC-2008-uttar-pradesh-99,uttar-pradesh,2019,24,AONLA,DHARMENDRA KUMAR,parties.IN.SHS,1378,0.13,11,forfeit,U,,Post Graduate,,challenger,src-31c65dbec869
IN-PC-2008-uttar-pradesh-99,uttar-pradesh,2019,24,AONLA,MO. ATEEQ,,1308,0.12,12,forfeit,U,,Graduate,,challenger,src-31c65dbec869
IN-PC-2008-uttar-pradesh-99,uttar-pradesh,2019,24,AONLA,DINESH KUMAR,parties.IN.HND,1056,0.1,13,forfeit,U,,12th Pass,Taxi Driver,challenger,src-31c65dbec869
IN-PC-2008-uttar-pradesh-99,uttar-pradesh,2019,24,AONLA,PRAMOD KUMAR YADAV,,943,0.09,14,forfeit,U,,Post Graduate,School Teacher,challenger,src-31c65dbec869
IN-PC-2008-uttar-pradesh-99,uttar-pradesh,2019,24,AONLA,IRSHAD ANSARI ADVOCATE,,912,0.09,15,forfeit,U,,Post Graduate,Lawyer,crossover,src-31c65dbec869
IN-PC-2008-uttar-pradesh-87,uttar-pradesh,2019,25,BAREILLY,SANTOSH KUMAR GANGWAR,parties.IN.BJP,565270,52.91,1,won,U,,Graduate Professional,,incumbent,src-31c65dbec869
IN-PC-2008-uttar-pradesh-87,uttar-pradesh,2019,25,BAREILLY,BHAGWAT SARAN GANGWAR,parties.IN.SP,397988,37.25,2,lost,U,,12th Pass,,challenger,src-31c65dbec869
IN-PC-2008-uttar-pradesh-87,uttar-pradesh,2019,25,BAREILLY,PRAVEEN SINGH ARON,parties.IN.INC,74206,6.95,3,forfeit,U,,Graduate Professional,Lawyer,challenger,src-31c65dbec869
IN-PC-2008-uttar-pradesh-87,uttar-pradesh,2019,25,BAREILLY,SATISH KUMAR,parties.IN.CPI,7519,0.7,4,forfeit,U,,Graduate,Insurance Agent,challenger,src-31c65dbec869
IN-PC-2008-uttar-pradesh-87,uttar-pradesh,2019,25,BAREILLY,SYED RASHID ALI CHAMAN,parties.IN.IND,3987,0.37,5,forfeit,U,,,,challenger,src-31c65dbec869
IN-PC-2008-uttar-pradesh-87,uttar-pradesh,2019,25,BAREILLY,ZAVED KHAN,parties.IN.IND,2789,0.26,7,forfeit,U,,,,challenger,src-31c65dbec869
IN-PC-2008-uttar-pradesh-87,uttar-pradesh,2019,25,BAREILLY,JAGPAL SINGH YADAV,,2655,0.25,8,forfeit,U,,8th Pass,Contractor,challenger,src-31c65dbec869
IN-PC-2008-uttar-pradesh-87,uttar-pradesh,2019,25,BAREILLY,SAMAN TAHIR,,2488,0.23,9,forfeit,U,,Post Graduate,Agricultural Business,challenger,src-31c65dbec869
IN-PC-2008-uttar-pradesh-87,uttar-pradesh,2019,25,BAREILLY,RAKESH AGARWAL ADVOCATE,parties.IN.IND,1986,0.19,10,forfeit,U,,Post Graduate,Lawyer,challenger,src-31c65dbec869
IN-PC-2008-uttar-pradesh-87,uttar-pradesh,2019,25,BAREILLY,NITIN MOHAN,parties.IN.IND,1193,0.11,11,forfeit,U,,Post Graduate,Trade Union,challenger,src-31c65dbec869
IN-PC-2008-uttar-pradesh-87,uttar-pradesh,2019,25,BAREILLY,USHA AGARWAL,parties.IN.IND,1072,0.1,12,forfeit,U,,Post Graduate,Household,challenger,src-31c65dbec869
IN-PC-2008-uttar-pradesh-87,uttar-pradesh,2019,25,BAREILLY,LAEEK AHMAD MANSOORI,parties.IN.NAP,851,0.08,13,forfeit,U,,Literate,,challenger,src-31c65dbec869
IN-PC-2008-uttar-pradesh-87,uttar-pradesh,2019,25,BAREILLY,RABIYA AKHTAR,,687,0.06,14,forfeit,U,,Literate,Musician or Artist,challenger,src-31c65dbec869
IN-PC-2008-uttar-pradesh-87,uttar-pradesh,2019,25,BAREILLY,MANOJ VIKAT,,681,0.06,15,forfeit,U,,12th Pass,,challenger,src-31c65dbec869
IN-PC-2008-uttar-pradesh-87,uttar-pradesh,2019,25,BAREILLY,RAHEESH MIYA,,645,0.06,16,forfeit,U,,Literate,Musician or Artist,challenger,src-31c65dbec869
IN-PC-2008-uttar-pradesh-87,uttar-pradesh,2019,25,BAREILLY,YATENDRA SINGH,,501,0.05,17,forfeit,U,,Literate,,challenger,src-31c65dbec869
IN-PC-2008-uttar-pradesh-117,uttar-pradesh,2019,26,PILIBHIT,Feroze Varun Gandhi,parties.IN.BJP,704549,59.38,1,won,U,,Post Graduate,Rent,incumbent,src-31c65dbec869
IN-PC-2008-uttar-pradesh-117,uttar-pradesh,2019,26,PILIBHIT,Hemraj Verma,parties.IN.SP,448922,37.83,2,lost,U,,Graduate,,challenger,src-31c65dbec869
IN-PC-2008-uttar-pradesh-117,uttar-pradesh,2019,26,PILIBHIT,Varun Gandhi,parties.IN.IND,4483,0.38,4,forfeit,U,,Graduate,,challenger,src-31c65dbec869
IN-PC-2008-uttar-pradesh-117,uttar-pradesh,2019,26,PILIBHIT,Surendra Kumar Gupta,parties.IN.IND,4442,0.37,5,forfeit,U,,Graduate,Rent,challenger,src-31c65dbec869
IN-PC-2008-uttar-pradesh-117,uttar-pradesh,2019,26,PILIBHIT,Anita Tripathi,parties.IN.SHS,3974,0.33,6,forfeit,U,,12th Pass,Rent,challenger,src-31c65dbec869
IN-PC-2008-uttar-pradesh-117,uttar-pradesh,2019,26,PILIBHIT,Munesh Singh,parties.IN.IND,2129,0.18,7,forfeit,U,,8th Pass,,challenger,src-31c65dbec869
IN-PC-2008-uttar-pradesh-117,uttar-pradesh,2019,26,PILIBHIT,Jafri Begum,parties.IN.IND,1633,0.14,8,forfeit,U,,8th Pass,,challenger,src-31c65dbec869
IN-PC-2008-uttar-pradesh-117,uttar-pradesh,2019,26,PILIBHIT,Dr. Bharat,parties.IN.JDU,1624,0.14,9,forfeit,U,,Graduate Professional,Doctor,challenger,src-31c65dbec869
IN-PC-2008-uttar-pradesh-117,uttar-pradesh,2019,26,PILIBHIT,Md. Hanif,,1276,0.11,10,forfeit,U,,12th Pass,,challenger,src-31c65dbec869
IN-PC-2008-uttar-pradesh-117,uttar-pradesh,2019,26,PILIBHIT,Dr. Sita Ram Rajput,,1098,0.09,11,forfeit,U,,Doctorate,School Teacher,challenger,src-31c65dbec869
IN-PC-2008-uttar-pradesh-117,uttar-pradesh,2019,26,PILIBHIT,Kaif Raza Khan,parties.IN.IND,926,0.08,12,forfeit,U,,Graduate,,challenger,src-31c65dbec869
IN-PC-2008-uttar-pradesh-117,uttar-pradesh,2019,26,PILIBHIT,Urvashi Singh,parties.IN.IND,864,0.07,13,forfeit,U,,Graduate Professional,Lawyer,challenger,src-31c65dbec869
IN-PC-2008-uttar-pradesh-117,uttar-pradesh,2019,26,PILIBHIT,Sanjay Kumar Bharti,parties.IN.NAP,696,0.06,14,forfeit,U,,8th Pass,,challenger,src-31c65dbec869
IN-PC-2008-uttar-pradesh-83,uttar-pradesh,2019,27,SHAHJAHANPUR,Arun Kumar Sagar,parties.IN.BJP,688990,58.09,1,won,U,,12th Pass,,challenger,src-31c65dbec869
IN-PC-2008-uttar-pradesh-83,uttar-pradesh,2019,27,SHAHJAHANPUR,Amar Chandra Jauhar,parties.IN.BSP,420572,35.46,2,lost,U,,Post Graduate,Retired Teacher,challenger,src-31c65dbec869
IN-PC-2008-uttar-pradesh-83,uttar-pradesh,2019,27,SHAHJAHANPUR,Brahm Swaroop Sagar,parties.IN.INC,35283,2.97,3,forfeit,U,,Graduate,Private Company,challenger,src-31c65dbec869
IN-PC-2008-uttar-pradesh-83,uttar-pradesh,2019,27,SHAHJAHANPUR,Manish Chandra Kori,parties.IN.CPI,9464,0.8,4,forfeit,U,,Graduate,,challenger,src-31c65dbec869
IN-PC-2008-uttar-pradesh-83,uttar-pradesh,2019,27,SHAHJAHANPUR,Shyamacharan,parties.IN.IND,5308,0.45,6,forfeit,U,,12th Pass,,challenger,src-31c65dbec869
IN-PC-2008-uttar-pradesh-83,uttar-pradesh,2019,27,SHAHJAHANPUR,Arun Kumar,parties.IN.IND,2837,0.24,7,forfeit,U,,10th Pass,,challenger,src-31c65dbec869
IN-PC-2008-uttar-pradesh-83,uttar-pradesh,2019,27,SHAHJAHANPUR,Vineet,parties.IN.IND,2604,0.22,8,forfeit,U,,12th Pass,,challenger,src-31c65dbec869
IN-PC-2008-uttar-pradesh-83,uttar-pradesh,2019,27,SHAHJAHANPUR,Manohar Lal Saroj,,2342,0.2,9,forfeit,U,,10th Pass,,challenger,src-31c65dbec869
IN-PC-2008-uttar-pradesh-83,uttar-pradesh,2019,27,SHAHJAHANPUR,Kishan Lal,,2250,0.19,10,forfeit,U,,8th Pass,Trader,crossover,src-31c65dbec869
IN-PC-2008-uttar-pradesh-83,uttar-pradesh,2019,27,SHAHJAHANPUR,Narveer Fauji,,2104,0.18,11,forfeit,U,,Graduate,,challenger,src-31c65dbec869
IN-PC-2008-uttar-pradesh-83,uttar-pradesh,2019,27,SHAHJAHANPUR,Sohan Pal alias Sonpal,,1712,0.14,12,forfeit,U,,8th Pass,,challenger,src-31c65dbec869
IN-PC-2008-uttar-pradesh-83,uttar-pradesh,2019,27,SHAHJAHANPUR,Ramesh Chandra Verma,,1344,0.11,13,forfeit,U,,,,challenger,src-31c65dbec869
IN-PC-2008-uttar-pradesh-83,uttar-pradesh,2019,27,SHAHJAHANPUR,Dharmvir Balmiki,parties.IN.BHABHAPA,1159,0.1,14,forfeit,U,,12th Pass,,challenger,src-31c65dbec869
IN-PC-2008-uttar-pradesh-83,uttar-pradesh,2019,27,SHAHJAHANPUR,Kuwar Pal Singh Gautam,,1151,0.1,15,forfeit,U,,12th Pass,,challenger,src-31c65dbec869
IN-PC-2008-uttar-pradesh-108,uttar-pradesh,2019,29,DHAURAHRA,REKHA VERMA,parties.IN.BJP,512905,48.21,1,won,U,,12th Pass,,incumbent,src-31c65dbec869
IN-PC-2008-uttar-pradesh-108,uttar-pradesh,2019,29,DHAURAHRA,ARSHAD ILIYAS SIDDIQUI,parties.IN.BSP,352294,33.12,2,lost,U,,10th Pass,,challenger,src-31c65dbec869
IN-PC-2008-uttar-pradesh-108,uttar-pradesh,2019,29,DHAURAHRA,KUNWAR JITIN PRASADA,parties.IN.INC,162856,15.31,3,forfeit,U,,Post Graduate,"Trader, Rent",challenger,src-31c65dbec869
IN-PC-2008-uttar-pradesh-108,uttar-pradesh,2019,29,DHAURAHRA,ANIL KUMAR ' RAJVANSHI',,9288,0.87,5,forfeit,U,,Post Graduate,Lawyer,challenger,src-31c65dbec869
IN-PC-2008-uttar-pradesh-108,uttar-pradesh,2019,29,DHAURAHRA,REETU VERMA 'DIDI',parties.IN.IND,4689,0.44,6,forfeit,U,,,,challenger,src-31c65dbec869
IN-PC-2008-uttar-pradesh-108,uttar-pradesh,2019,29,DHAURAHRA,MALKHAN SINGH RAJPOOT,,4288,0.4,7,forfeit,U,,5th Pass,,challenger,src-31c65dbec869
IN-PC-2008-uttar-pradesh-108,uttar-pradesh,2019,29,DHAURAHRA,MUKESH KUMAR,parties.IN.SHS,3556,0.33,8,forfeit,U,,12th Pass,,challenger,src-31c65dbec869
IN-PC-2008-uttar-pradesh-108,uttar-pradesh,2019,29,DHAURAHRA,BALJEET KAUR,parties.IN.HND,3166,0.3,9,forfeit,U,,Literate,,challenger,src-31c65dbec869
IN-PC-2008-uttar-pradesh-89,uttar-pradesh,2019,30,SITAPUR,Rajesh Verma,parties.IN.BJP,514528,48.33,1,won,U,,Post Graduate,,incumbent,src-31c65dbec869
IN-PC-2008-uttar-pradesh-89,uttar-pradesh,2019,30,SITAPUR,Nakul Dubey,parties.IN.BSP,413695,38.86,2,lost,U,,Graduate Professional,Lawyer,challenger,src-31c65dbec869
IN-PC-2008-uttar-pradesh-89,uttar-pradesh,2019,30,SITAPUR,Qaiser Jahan,parties.IN.INC,96018,9.02,3,forfeit,U,,8th Pass,,crossover,src-31c65dbec869
IN-PC-2008-uttar-pradesh-89,uttar-pradesh,2019,30,SITAPUR,Anil Singh,,7532,0.71,5,forfeit,U,,Literate,,challenger,src-31c65dbec869
IN-PC-2008-uttar-pradesh-89,uttar-pradesh,2019,30,SITAPUR,Turab Ali,parties.IN.IND,4508,0.42,6,forfeit,U,,Literate,,challenger,src-31c65dbec869
IN-PC-2008-uttar-pradesh-89,uttar-pradesh,2019,30,SITAPUR,Pyare Lal Bhargva,parties.IN.IND,4448,0.42,7,forfeit,U,,,,challenger,src-31c65dbec869
IN-PC-2008-uttar-pradesh-89,uttar-pradesh,2019,30,SITAPUR,Vinod Kumar,parties.IN.IND,4083,0.38,8,forfeit,U,,Post Graduate,,challenger,src-31c65dbec869
IN-PC-2008-uttar-pradesh-89,uttar-pradesh,2019,30,SITAPUR,Shuchita Kumar,parties.IN.IND,3493,0.33,9,forfeit,U,,Doctorate,,challenger,src-31c65dbec869
IN-PC-2008-uttar-pradesh-89,uttar-pradesh,2019,30,SITAPUR,Mahendra Kumar,,2332,0.22,10,forfeit,U,,12th Pass,,challenger,src-31c65dbec869
IN-PC-2008-uttar-pradesh-89,uttar-pradesh,2019,30,SITAPUR,Abu bakar,parties.IN.BHAPRAP,1828,0.17,11,forfeit,U,,Graduate,Home Teacher or Tuition,challenger,src-31c65dbec869
IN-PC-2008-uttar-pradesh-89,uttar-pradesh,2019,30,SITAPUR,Vijay Kumar Mishra,,1742,0.16,12,forfeit,U,,8th Pass,Contractor,challenger,src-31c65dbec869
IN-PC-2008-uttar-pradesh-89,uttar-pradesh,2019,30,SITAPUR,Geeta Devi,,1441,0.14,13,forfeit,U,,5th Pass,,challenger,src-31c65dbec869
IN-PC-2008-uttar-pradesh-96,uttar-pradesh,2019,31,HARDOI,Jai Prakash,parties.IN.BJP,568143,53.72,1,won,U,,Graduate,Distributors,crossover,src-31c65dbec869
IN-PC-2008-uttar-pradesh-96,uttar-pradesh,2019,31,HARDOI,Usha Verma,parties.IN.SP,435669,41.2,2,lost,U,,Post Graduate,Petrol Pumps,challenger,src-31c65dbec869
IN-PC-2008-uttar-pradesh-96,uttar-pradesh,2019,31,HARDOI,Virendra Kumar,parties.IN.INC,19972,1.89,3,forfeit,U,,Graduate,,challenger,src-31c65dbec869
IN-PC-2008-uttar-pradesh-96,uttar-pradesh,2019,31,HARDOI,Bhaiya Lal,parties.IN.IND,7911,0.75,5,forfeit,U,,10th Pass,,challenger,src-31c65dbec869
IN-PC-2008-uttar-pradesh-96,uttar-pradesh,2019,31,HARDOI,Shive Kumar,parties.IN.IND,5043,0.48,6,forfeit,U,,12th Pass,,challenger,src-31c65dbec869
IN-PC-2008-uttar-pradesh-96,uttar-pradesh,2019,31,HARDOI,Mahendra Pal Verma,,2253,0.21,7,forfeit,U,,12th Pass,Ex Govt Employee,challenger,src-31c65dbec869
IN-PC-2008-uttar-pradesh-96,uttar-pradesh,2019,31,HARDOI,Chotte Lal,parties.IN.IND,2041,0.19,8,forfeit,U,,5th Pass,,challenger,src-31c65dbec869
IN-PC-2008-uttar-pradesh-96,uttar-pradesh,2019,31,HARDOI,Sanjay Bharatiya,,1802,0.17,9,forfeit,U,,Post Graduate,College Professor or Lecturer,challenger,src-31c65dbec869
IN-PC-2008-uttar-pradesh-96,uttar-pradesh,2019,31,HARDOI,Avdhesh Kumar,parties.IN.IND,1373,0.13,10,forfeit,U,,Post Graduate,,challenger,src-31c65dbec869
IN-PC-2008-uttar-pradesh-96,uttar-pradesh,2019,31,HARDOI,Sahab Singh,parties.IN.PPID,1197,0.11,11,forfeit,U,,Graduate,,challenger,src-31c65dbec869
IN-PC-2008-uttar-pradesh-96,uttar-pradesh,2019,31,HARDOI,Ram Chandra,,1130,0.11,12,forfeit,U,,Post Graduate,Self-employed,challenger,src-31c65dbec869
IN-PC-2008-uttar-pradesh-86,uttar-pradesh,2019,33,UNNAO,Swami Sakshi Ji Maharaj,parties.IN.BJP,703507,56.87,1,won,U,,Doctorate,,incumbent,src-31c65dbec869
IN-PC-2008-uttar-pradesh-86,uttar-pradesh,2019,33,UNNAO,Arun Shanker Shukla,parties.IN.SP,302551,24.46,2,lost,U,,10th Pass,,challenger,src-31c65dbec869
IN-PC-2008-uttar-pradesh-86,uttar-pradesh,2019,33,UNNAO,Annu Tandon,parties.IN.INC,185634,15.01,3,forfeit,U,,Graduate,Party Worker,challenger,src-31c65dbec869
IN-PC-2008-uttar-pradesh-86,uttar-pradesh,2019,33,UNNAO,Umar Khan,,11123,0.9,5,forfeit,U,,Post Graduate,,challenger,src-31c65dbec869
IN-PC-2008-uttar-pradesh-86,uttar-pradesh,2019,33,UNNAO,Satish Kumar Shukla,,6711,0.54,6,forfeit,U,,Post Graduate,Lawyer,challenger,src-31c65dbec869
IN-PC-2008-uttar-pradesh-86,uttar-pradesh,2019,33,UNNAO,Deepak Chaurasia,,5715,0.46,7,forfeit,U,,12th Pass,,challenger,src-31c65dbec869
IN-PC-2008-uttar-pradesh-86,uttar-pradesh,2019,33,UNNAO,Satyendra Nath Gaur,parties.IN.IND,4005,0.32,8,forfeit,U,,12th Pass,Agricultural Business,challenger,src-31c65dbec869
IN-PC-2008-uttar-pradesh-86,uttar-pradesh,2019,33,UNNAO,Shailesh Kushwaha,,3550,0.29,9,forfeit,U,,12th Pass,Shop Keeper,challenger,src-31c65dbec869
IN-PC-2008-uttar-pradesh-86,uttar-pradesh,2019,33,UNNAO,Chedi Lal,parties.IN.BHAPRAP,3090,0.25,10,forfeit,U,,12th Pass,,challenger,src-31c65dbec869
IN-PC-2008-uttar-pradesh-109,uttar-pradesh,2019,34,MOHANLALGANJ,Kaushal Kishore,parties.IN.BJP,629999,49.62,1,won,U,,Graduate,MP,incumbent,src-31c65dbec869
IN-PC-2008-uttar-pradesh-109,uttar-pradesh,2019,34,MOHANLALGANJ,C. L. Verma,parties.IN.BSP,539795,42.52,2,lost,U,,Post Graduate,,challenger,src-31c65dbec869
IN-PC-2008-uttar-pradesh-109,uttar-pradesh,2019,34,MOHANLALGANJ,R. K. Chaudhary,parties.IN.INC,60069,4.73,3,forfeit,U,,Graduate Professional,Ex MLA,crossover,src-31c65dbec869
IN-PC-2008-uttar-pradesh-109,uttar-pradesh,2019,34,MOHANLALGANJ,Ganesh Rawat,,7976,0.63,5,forfeit,U,,12th Pass,,challenger,src-31c65dbec869
IN-PC-2008-uttar-pradesh-109,uttar-pradesh,2019,34,MOHANLALGANJ,Prabhawati Devi,parties.IN.IND,4335,0.34,6,forfeit,U,,Literate,Household,challenger,src-31c65dbec869
IN-PC-2008-uttar-pradesh-109,uttar-pradesh,2019,34,MOHANLALGANJ,Sushil Kumar,,4283,0.34,7,forfeit,U,,12th Pass,,challenger,src-31c65dbec869
IN-PC-2008-uttar-pradesh-109,uttar-pradesh,2019,34,MOHANLALGANJ,Jagdish Rawat,parties.IN.IND,3064,0.24,8,forfeit,U,,12th Pass,,challenger,src-31c65dbec869
IN-PC-2008-uttar-pradesh-109,uttar-pradesh,2019,34,MOHANLALGANJ,Shatrohan Lal Rawat,parties.IN.LD,2636,0.21,9,forfeit,U,,10th Pass,"Real Estate or Builder or Developer or Construction, Trader",challenger,src-31c65dbec869
IN-PC-2008-uttar-pradesh-109,uttar-pradesh,2019,34,MOHANLALGANJ,Ramesh Kumar,parties.IN.IND,2464,0.19,10,forfeit,U,,Post Graduate,,challenger,src-31c65dbec869
IN-PC-2008-uttar-pradesh-109,uttar-pradesh,2019,34,MOHANLALGANJ,Ram Sagar Paasi,,1515,0.12,11,forfeit,U,,Graduate,,challenger,src-31c65dbec869
IN-PC-2008-uttar-pradesh-109,uttar-pradesh,2019,34,MOHANLALGANJ,Jagdish Prasad Gautam,,1443,0.11,12,forfeit,U,,Graduate,,challenger,src-31c65dbec869
IN-PC-2008-uttar-pradesh-109,uttar-pradesh,2019,34,MOHANLALGANJ,Radha Ambedkar,parties.IN.PPID,1220,0.1,13,forfeit,U,,8th Pass,,challenger,src-31c65dbec869
IN-PC-2008-uttar-pradesh-126,uttar-pradesh,2019,35,LUCKNOW,Rajnath Singh,parties.IN.BJP,633026,56.7,1,won,U,,Post Graduate,,incumbent,src-31c65dbec869
IN-PC-2008-uttar-pradesh-126,uttar-pradesh,2019,35,LUCKNOW,Poonam Shatrughan Sinha,parties.IN.SP,285724,25.59,2,lost,U,,Graduate,,challenger,src-31c65dbec869
IN-PC-2008-uttar-pradesh-126,uttar-pradesh,2019,35,LUCKNOW,Acharya Pramod Krishnam,parties.IN.INC,180011,16.12,3,forfeit,U,,Post Graduate,,challenger,src-31c65dbec869
IN-PC-2008-uttar-pradesh-126,uttar-pradesh,2019,35,LUCKNOW,Amar Kumar Raizada,parties.IN.ABJS,2104,0.19,5,forfeit,U,,,,challenger,src-31c65dbec869
IN-PC-2008-uttar-pradesh-126,uttar-pradesh,2019,35,LUCKNOW,Ram Sagar Pal,,1251,0.11,6,forfeit,U,,Graduate,,challenger,src-31c65dbec869
IN-PC-2008-uttar-pradesh-126,uttar-pradesh,2019,35,LUCKNOW,Sanjay Singh Rana,parties.IN.IND,981,0.09,7,forfeit,U,,Graduate,,challenger,src-31c65dbec869
IN-PC-2008-uttar-pradesh-126,uttar-pradesh,2019,35,LUCKNOW,Shamim Khan,,935,0.08,8,forfeit,U,,8th Pass,,challenger,src-31c65dbec869
IN-PC-2008-uttar-pradesh-126,uttar-pradesh,2019,35,LUCKNOW,Jimidar Singh Yadav,parties.IN.IND,859,0.08,9,forfeit,U,,Literate,,challenger,src-31c65dbec869
IN-PC-2008-uttar-pradesh-126,uttar-pradesh,2019,35,LUCKNOW,Ramesh,parties.IN.AIFB,739,0.07,10,forfeit,U,,Literate,Taxi Driver,challenger,src-31c65dbec869
IN-PC-2008-uttar-pradesh-126,uttar-pradesh,2019,35,LUCKNOW,Professor D.N.N.S. Yadav,parties.IN.PPID,675,0.06,11,forfeit,U,,Post Graduate,College Professor or Lecturer,challenger,src-31c65dbec869
IN-PC-2008-uttar-pradesh-126,uttar-pradesh,2019,35,LUCKNOW,Avinash Chandra Jain,parties.IN.IND,594,0.05,12,forfeit,U,,Graduate,,challenger,src-31c65dbec869
IN-PC-2008-uttar-pradesh-126,uttar-pradesh,2019,35,LUCKNOW,Haji Faheem Siddiqui,parties.IN.INL,572,0.05,13,forfeit,U,,10th Pass,,challenger,src-31c65dbec869
IN-PC-2008-uttar-pradesh-126,uttar-pradesh,2019,35,LUCKNOW,Girish Narain Pande,,569,0.05,14,forfeit,U,,Post Graduate,,challenger,src-31c65dbec869
IN-PC-2008-uttar-pradesh-126,uttar-pradesh,2019,35,LUCKNOW,Ganesh Chaudhari,,515,0.05,15,forfeit,U,,Graduate Professional,,challenger,src-31c65dbec869
IN-PC-2008-uttar-pradesh-126,uttar-pradesh,2019,35,LUCKNOW,Kapil Mohan,,474,0.04,16,forfeit,U,,,,challenger,src-31c65dbec869
IN-PC-2008-uttar-pradesh-94,uttar-pradesh,2019,37,AMETHI,Smriti Irani,parties.IN.BJP,468514,49.71,1,won,U,,12th Pass,,challenger,src-31c65dbec869
IN-PC-2008-uttar-pradesh-94,uttar-pradesh,2019,37,AMETHI,Rahul Gandhi,parties.IN.INC,413394,43.86,2,lost,U,,Post Graduate,MP,incumbent,src-31c65dbec869
IN-PC-2008-uttar-pradesh-94,uttar-pradesh,2019,37,AMETHI,Dhurv lal,parties.IN.IND,7816,0.83,3,forfeit,U,,8th Pass,,challenger,src-31c65dbec869
IN-PC-2008-uttar-pradesh-94,uttar-pradesh,2019,37,AMETHI,Afajal Varis,parties.IN.BMUP,6183,0.66,4,forfeit,U,,8th Pass,,challenger,src-31c65dbec869
IN-PC-2008-uttar-pradesh-94,uttar-pradesh,2019,37,AMETHI,Ram Sajiwan,parties.IN.IND,5616,0.6,5,forfeit,U,,10th Pass,,challenger,src-31c65dbec869
IN-PC-2008-uttar-pradesh-94,uttar-pradesh,2019,37,AMETHI,Dinesh Kumar,parties.IN.IND,4301,0.46,6,forfeit,U,,,,challenger,src-31c65dbec869
IN-PC-2008-uttar-pradesh-94,uttar-pradesh,2019,37,AMETHI,Bhagwandeen,parties.IN.IND,3860,0.41,8,forfeit,U,,8th Pass,,challenger,src-31c65dbec869
IN-PC-2008-uttar-pradesh-94,uttar-pradesh,2019,37,AMETHI,Gopal Prasad,parties.IN.IND,3177,0.34,9,forfeit,U,,12th Pass,Private Company,challenger,src-31c65dbec869
IN-PC-2008-uttar-pradesh-94,uttar-pradesh,2019,37,AMETHI,Ram Sidh Yadav,,3055,0.32,10,forfeit,U,,Graduate,,challenger,src-31c65dbec869
IN-PC-2008-uttar-pradesh-94,uttar-pradesh,2019,37,AMETHI,Lal Babu,parties.IN.IND,2318,0.25,11,forfeit,U,,Illiterate,,challenger,src-31c65dbec869
IN-PC-2008-uttar-pradesh-94,uttar-pradesh,2019,37,AMETHI,Harun Rasheed,parties.IN.IND,2085,0.22,12,forfeit,U,,Graduate,Petrol Pumps,challenger,src-31c65dbec869
IN-PC-2008-uttar-pradesh-94,uttar-pradesh,2019,37,AMETHI,SHIV Nandan Singh,,1948,0.21,13,forfeit,U,,Graduate,Agricultural Business,challenger,src-31c65dbec869
IN-PC-2008-uttar-pradesh-94,uttar-pradesh,2019,37,AMETHI,Prem Shankar,,1729,0.18,14,forfeit,U,,10th Pass,,challenger,src-31c65dbec869
IN-PC-2008-uttar-pradesh-94,uttar-pradesh,2019,37,AMETHI,Shatrunjai Pratap Singh,parties.IN.LOGAP,1716,0.18,15,forfeit,U,,Graduate Professional,,challenger,src-31c65dbec869
IN-PC-2008-uttar-pradesh-94,uttar-pradesh,2019,37,AMETHI,Hemant Kumar,parties.IN.IND,1580,0.17,16,forfeit,U,,Post Graduate,Lawyer,challenger,src-31c65dbec869
IN-PC-2008-uttar-pradesh-94,uttar-pradesh,2019,37,AMETHI,Gopal Swaroop Gandhi,,1574,0.17,17,forfeit,U,,Post Graduate,,challenger,src-31c65dbec869
IN-PC-2008-uttar-pradesh-94,uttar-pradesh,2019,37,AMETHI,Mo. Hasan Lahari,parties.IN.IND,1224,0.13,18,forfeit,U,,,,challenger,src-31c65dbec869
IN-PC-2008-uttar-pradesh-94,uttar-pradesh,2019,37,AMETHI,Ram Milan,,1144,0.12,19,forfeit,U,,12th Pass,Lawyer,challenger,src-31c65dbec869
IN-PC-2008-uttar-pradesh-94,uttar-pradesh,2019,37,AMETHI,Pankaj Ramkumar Sing,,1057,0.11,20,forfeit,U,,10th Pass,,challenger,src-31c65dbec869
IN-PC-2008-uttar-pradesh-94,uttar-pradesh,2019,37,AMETHI,Vipin Yadav,parties.IN.IND,1039,0.11,21,forfeit,U,,Graduate,,challenger,src-31c65dbec869
IN-PC-2008-uttar-pradesh-94,uttar-pradesh,2019,37,AMETHI,Bas Deo Maurya,,988,0.1,22,forfeit,U,,Graduate Professional,Lawyer,challenger,src-31c65dbec869
IN-PC-2008-uttar-pradesh-94,uttar-pradesh,2019,37,AMETHI,Durgesh Singh,parties.IN.BHAPRAP,958,0.1,23,forfeit,U,,Graduate,Real Estate or Builder or Developer or Construction,challenger,src-31c65dbec869
IN-PC-2008-uttar-pradesh-94,uttar-pradesh,2019,37,AMETHI,Nathu Ram,,847,0.09,24,forfeit,U,,12th Pass,,challenger,src-31c65dbec869
IN-PC-2008-uttar-pradesh-94,uttar-pradesh,2019,37,AMETHI,Suresh Kumar Shukla,parties.IN.IND,779,0.08,25,forfeit,U,,12th Pass,,challenger,src-31c65dbec869
IN-PC-2008-uttar-pradesh-94,uttar-pradesh,2019,37,AMETHI,Saritha S. Nair,parties.IN.IND,569,0.06,26,forfeit,U,,Others,,challenger,src-31c65dbec869
IN-PC-2008-uttar-pradesh-94,uttar-pradesh,2019,37,AMETHI,Dr. U.P. Shivananda,parties.IN.IND,547,0.06,27,forfeit,U,,Graduate Professional,Journalist or Editor,challenger,src-31c65dbec869
IN-PC-2008-uttar-pradesh-94,uttar-pradesh,2019,37,AMETHI,Shiv Kumar,parties.IN.IND,495,0.05,28,forfeit,U,,8th Pass,,challenger,src-31c65dbec869
IN-PC-2008-uttar-pradesh-143,uttar-pradesh,2019,38,SULTANPUR,MANEKA SANJAI GANDHI,parties.IN.BJP,459196,45.91,1,won,U,,12th Pass,Rent,incumbent,src-31c65dbec869
IN-PC-2008-uttar-pradesh-143,uttar-pradesh,2019,38,SULTANPUR,CHANDRA BHADRA SINGH (SSONU),parties.IN.BSP,444670,44.45,2,lost,U,,Post Graduate,,challenger,src-31c65dbec869
IN-PC-2008-uttar-pradesh-143,uttar-pradesh,2019,38,SULTANPUR,Dr. SANJAY SINH,parties.IN.INC,41681,4.17,3,forfeit,U,,Doctorate,Rent,challenger,src-31c65dbec869
IN-PC-2008-uttar-pradesh-143,uttar-pradesh,2019,38,SULTANPUR,KAMLA DEVI,,11494,1.15,4,forfeit,U,,12th Pass,,challenger,src-31c65dbec869
IN-PC-2008-uttar-pradesh-143,uttar-pradesh,2019,38,SULTANPUR,VIRENDRA,parties.IN.IND,7168,0.72,6,forfeit,U,,Literate,,challenger,src-31c65dbec869
IN-PC-2008-uttar-pradesh-143,uttar-pradesh,2019,38,SULTANPUR,RAJ KUMAR,parties.IN.IND,5756,0.58,7,forfeit,U,,,,challenger,src-31c65dbec869
IN-PC-2008-uttar-pradesh-143,uttar-pradesh,2019,38,SULTANPUR,SUNITA RAJBHAR,parties.IN.SBSP,4271,0.43,8,forfeit,U,,5th Pass,Household,challenger,src-31c65dbec869
IN-PC-2008-uttar-pradesh-143,uttar-pradesh,2019,38,SULTANPUR,HARI LAL,,3265,0.33,9,forfeit,U,,10th Pass,,challenger,src-31c65dbec869
IN-PC-2008-uttar-pradesh-143,uttar-pradesh,2019,38,SULTANPUR,RISHABH SHRIVASTAVA,,2427,0.24,10,forfeit,U,,Graduate,Journalist or Editor,challenger,src-31c65dbec869
IN-PC-2008-uttar-pradesh-143,uttar-pradesh,2019,38,SULTANPUR,MATHURA,parties.IN.IND,2226,0.22,11,forfeit,U,,12th Pass,,challenger,src-31c65dbec869
IN-PC-2008-uttar-pradesh-143,uttar-pradesh,2019,38,SULTANPUR,MANJU LATA PAL,,2148,0.21,12,forfeit,U,,10th Pass,,challenger,src-31c65dbec869
IN-PC-2008-uttar-pradesh-143,uttar-pradesh,2019,38,SULTANPUR,AKHILESH,parties.IN.IND,1828,0.18,13,forfeit,U,,Graduate,,challenger,src-31c65dbec869
IN-PC-2008-uttar-pradesh-143,uttar-pradesh,2019,38,SULTANPUR,FIROJ AHAMAD,,1592,0.16,14,forfeit,U,,8th Pass,,challenger,src-31c65dbec869
IN-PC-2008-uttar-pradesh-143,uttar-pradesh,2019,38,SULTANPUR,ABU UMAIMA,parties.IN.IND,1577,0.16,15,forfeit,U,,Graduate Professional,Doctor,challenger,src-31c65dbec869
IN-PC-2008-uttar-pradesh-143,uttar-pradesh,2019,38,SULTANPUR,NASIR ALI,parties.IN.BHAPRAP,1246,0.12,16,forfeit,U,,12th Pass,,challenger,src-31c65dbec869
IN-PC-2008-uttar-pradesh-84,uttar-pradesh,2019,39,PRATAPGARH,SANGAM LAL GUPTA,parties.IN.BJP,436291,47.7,1,won,U,,8th Pass,,challenger,src-31c65dbec869
IN-PC-2008-uttar-pradesh-84,uttar-pradesh,2019,39,PRATAPGARH,ASHOK TRIPATHI,parties.IN.BSP,318539,34.83,2,lost,U,,Graduate,,challenger,src-31c65dbec869
IN-PC-2008-uttar-pradesh-84,uttar-pradesh,2019,39,PRATAPGARH,RAJKUMARI RATNA SINGH,parties.IN.INC,77096,8.43,3,forfeit,U,,Graduate,,challenger,src-31c65dbec869
IN-PC-2008-uttar-pradesh-84,uttar-pradesh,2019,39,PRATAPGARH,AKSHAY PRATAP SINGH ALIAS GOPAL JI,,46963,5.13,4,forfeit,U,,8th Pass,,crossover,src-31c65dbec869
IN-PC-2008-uttar-pradesh-84,uttar-pradesh,2019,39,PRATAPGARH,DR. B. L. VERMA,parties.IN.IND,7952,0.87,6,forfeit,U,,Graduate Professional,Doctor,challenger,src-31c65dbec869
IN-PC-2008-uttar-pradesh-84,uttar-pradesh,2019,39,PRATAPGARH,RAM BAHADUR SHARMA,,5578,0.61,7,forfeit,U,,Post Graduate,,challenger,src-31c65dbec869
IN-PC-2008-uttar-pradesh-84,uttar-pradesh,2019,39,PRATAPGARH,M. IRSHAD,,5559,0.61,8,forfeit,U,,,,challenger,src-31c65dbec869
IN-PC-2008-uttar-pradesh-84,uttar-pradesh,2019,39,PRATAPGARH,SHESHNATH TIWARI,,4528,0.5,9,forfeit,U,,5th Pass,,challenger,src-31c65dbec869
IN-PC-2008-uttar-pradesh-107,uttar-pradesh,2019,40,FARRUKHABAD,Mukesh Rajput,parties.IN.BJP,569880,56.82,1,won,U,,Graduate,,incumbent,src-31c65dbec869
IN-PC-2008-uttar-pradesh-107,uttar-pradesh,2019,40,FARRUKHABAD,Manoj Agarwal,parties.IN.BSP,348178,34.72,2,lost,U,,Graduate,,challenger,src-31c65dbec869
IN-PC-2008-uttar-pradesh-107,uttar-pradesh,2019,40,FARRUKHABAD,Salman Khurshid,parties.IN.INC,55258,5.51,3,forfeit,U,,Post Graduate,Lawyer,challenger,src-31c65dbec869
IN-PC-2008-uttar-pradesh-107,uttar-pradesh,2019,40,FARRUKHABAD,Uday pal Singh,,9701,0.97,4,forfeit,U,,Graduate,,challenger,src-31c65dbec869
IN-PC-2008-uttar-pradesh-107,uttar-pradesh,2019,40,FARRUKHABAD,Sanjay Kumar,parties.IN.IND,3963,0.4,6,forfeit,U,,10th Pass,,challenger,src-31c65dbec869
IN-PC-2008-uttar-pradesh-107,uttar-pradesh,2019,40,FARRUKHABAD,Rahul Kumar,parties.IN.IND,3662,0.37,7,forfeit,U,,Post Graduate,Shop Keeper,challenger,src-31c65dbec869
IN-PC-2008-uttar-pradesh-107,uttar-pradesh,2019,40,FARRUKHABAD,Luxman,parties.IN.SHS,1893,0.19,8,forfeit,U,,Graduate Professional,,challenger,src-31c65dbec869
IN-PC-2008-uttar-pradesh-107,uttar-pradesh,2019,40,FARRUKHABAD,Shri Krishna,,1669,0.17,9,forfeit,U,,12th Pass,Private Company,challenger,src-31c65dbec869
IN-PC-2008-uttar-pradesh-107,uttar-pradesh,2019,40,FARRUKHABAD,Vipin Kumar Mishra,,1312,0.13,10,forfeit,U,,12th Pass,Self-employed,challenger,src-31c65dbec869
IN-PC-2008-uttar-pradesh-80,uttar-pradesh,2019,41,ETAWAH,Dr RAM SHANKAR KATHERIA,parties.IN.BJP,522119,50.8,1,won,U,,Doctorate,Principal or Administrator,incumbent,src-31c65dbec869
IN-PC-2008-uttar-pradesh-80,uttar-pradesh,2019,41,ETAWAH,KAMLESH KUMAR,parties.IN.SP,457682,44.53,2,lost,U,,Graduate,,challenger,src-31c65dbec869
IN-PC-2008-uttar-pradesh-80,uttar-pradesh,2019,41,ETAWAH,ASHOK KUMAR DOHARE,parties.IN.INC,16570,1.61,3,forfeit,U,,Graduate,MP,incumbent,src-31c65dbec869
IN-PC-2008-uttar-pradesh-80,uttar-pradesh,2019,41,ETAWAH,SHAMBHU DAYAL DOHARE,,8675,0.84,4,forfeit,U,,Graduate,Ex Govt Employee,challenger,src-31c65dbec869
IN-PC-2008-uttar-pradesh-80,uttar-pradesh,2019,41,ETAWAH,AKSHASH KRISHNA,parties.IN.PHSP,4073,0.4,6,forfeit,U,,Graduate,,challenger,src-31c65dbec869
IN-PC-2008-uttar-pradesh-80,uttar-pradesh,2019,41,ETAWAH,SANJAY KUMAR,parties.IN.IND,2858,0.28,7,forfeit,U,,Graduate Professional,,challenger,src-31c65dbec869
IN-PC-2008-uttar-pradesh-80,uttar-pradesh,2019,41,ETAWAH,POOJA,parties.IN.IND,2508,0.24,8,forfeit,U,,Graduate,Panchayat Member,challenger,src-31c65dbec869
IN-PC-2008-uttar-pradesh-80,uttar-pradesh,2019,41,ETAWAH,DALVEER SINGH,parties.IN.IND,2112,0.21,9,forfeit,U,,Graduate,,challenger,src-31c65dbec869
IN-PC-2008-uttar-pradesh-80,uttar-pradesh,2019,41,ETAWAH,ARTI DEVI,,1493,0.15,10,forfeit,U,,12th Pass,Household,challenger,src-31c65dbec869
IN-PC-2008-uttar-pradesh-80,uttar-pradesh,2019,41,ETAWAH,LALTA PRASAD,,1266,0.12,11,forfeit,U,,5th Pass,,challenger,src-31c65dbec869
IN-PC-2008-uttar-pradesh-80,uttar-pradesh,2019,41,ETAWAH,SITA,,1154,0.11,12,forfeit,U,,,,challenger,src-31c65dbec869
IN-PC-2008-uttar-pradesh-80,uttar-pradesh,2019,41,ETAWAH,AJAY KUMAR,,855,0.08,13,forfeit,U,,Post Graduate,,challenger,src-31c65dbec869
IN-PC-2008-uttar-pradesh-80,uttar-pradesh,2019,41,ETAWAH,ARUN KUMAR,,840,0.08,14,forfeit,U,,,,challenger,src-31c65dbec869
IN-PC-2008-uttar-pradesh-123,uttar-pradesh,2019,42,KANNAUJ,SUBRAT PATHAK,parties.IN.BJP,563087,49.37,1,won,U,,Graduate,,challenger,src-31c65dbec869
IN-PC-2008-uttar-pradesh-123,uttar-pradesh,2019,42,KANNAUJ,DIMPLE YADAV,parties.IN.SP,550734,48.29,2,lost,U,,Graduate,Household,incumbent,src-31c65dbec869
IN-PC-2008-uttar-pradesh-123,uttar-pradesh,2019,42,KANNAUJ,ANAND VIKRAM SINGH,parties.IN.SHS,4922,0.43,4,forfeit,U,,Graduate,Managerial Position,challenger,src-31c65dbec869
IN-PC-2008-uttar-pradesh-123,uttar-pradesh,2019,42,KANNAUJ,SUNIL BHARTI,parties.IN.IND,4143,0.36,5,forfeit,U,,,,challenger,src-31c65dbec869
IN-PC-2008-uttar-pradesh-123,uttar-pradesh,2019,42,KANNAUJ,PRATYUSH PATHAK,parties.IN.IND,3883,0.34,6,forfeit,U,,Graduate,,challenger,src-31c65dbec869
IN-PC-2008-uttar-pradesh-123,uttar-pradesh,2019,42,KANNAUJ,SUBHASH CHANDRA DOHRE,parties.IN.AIFB,1337,0.12,7,forfeit,U,,12th Pass,Insurance Agent,challenger,src-31c65dbec869
IN-PC-2008-uttar-pradesh-123,uttar-pradesh,2019,42,KANNAUJ,SANJEEV KUMAR,parties.IN.RSPS,1203,0.11,8,forfeit,U,,Post Graduate,,challenger,src-31c65dbec869
IN-PC-2008-uttar-pradesh-123,uttar-pradesh,2019,42,KANNAUJ,ANKIT SINGH,parties.IN.IND,1163,0.1,9,forfeit,U,,12th Pass,,challenger,src-31c65dbec869
IN-PC-2008-uttar-pradesh-123,uttar-pradesh,2019,42,KANNAUJ,RAMA DEVI,,984,0.09,10,forfeit,U,,10th Pass,Household,challenger,src-31c65dbec869
IN-PC-2008-uttar-pradesh-123,uttar-pradesh,2019,42,KANNAUJ,SATYA RAM,,875,0.08,11,forfeit,U,,8th Pass,Transport,challenger,src-31c65dbec869
IN-PC-2008-uttar-pradesh-125,uttar-pradesh,2019,43,KANPUR,Satyadev Pachauri,parties.IN.BJP,468937,55.63,1,won,U,,Post Graduate,,challenger,src-31c65dbec869
IN-PC-2008-uttar-pradesh-125,uttar-pradesh,2019,43,KANPUR,Sriprakash Jaiswal,parties.IN.INC,313003,37.13,2,lost,U,,12th Pass,Rent,challenger,src-31c65dbec869
IN-PC-2008-uttar-pradesh-125,uttar-pradesh,2019,43,KANPUR,Ram Kumar,parties.IN.SP,48275,5.73,3,forfeit,U,,Post Graduate,,challenger,src-31c65dbec869
IN-PC-2008-uttar-pradesh-125,uttar-pradesh,2019,43,KANPUR,Alok Kumar,,1885,0.22,5,forfeit,U,,Post Graduate,Journalist or Editor,challenger,src-31c65dbec869
IN-PC-2008-uttar-pradesh-125,uttar-pradesh,2019,43,KANPUR,Poonam Shukla,,1130,0.13,6,forfeit,U,,Graduate,Household,challenger,src-31c65dbec869
IN-PC-2008-uttar-pradesh-125,uttar-pradesh,2019,43,KANPUR,Ram Gopal Uttam,parties.IN.IND,1078,0.13,7,forfeit,U,,Post Graduate,Contractor,challenger,src-31c65dbec869
IN-PC-2008-uttar-pradesh-125,uttar-pradesh,2019,43,KANPUR,Shivam Kushwaha,parties.IN.IND,998,0.12,8,forfeit,U,,Graduate,Insurance Agent,challenger,src-31c65dbec869
IN-PC-2008-uttar-pradesh-125,uttar-pradesh,2019,43,KANPUR,Javed Mohammad Khan,parties.IN.IND,696,0.08,9,forfeit,U,,12th Pass,,challenger,src-31c65dbec869
IN-PC-2008-uttar-pradesh-125,uttar-pradesh,2019,43,KANPUR,Chandra Bhan Sankhwar,parties.IN.IND,595,0.07,10,forfeit,U,,Graduate Professional,Lawyer,challenger,src-31c65dbec869
IN-PC-2008-uttar-pradesh-125,uttar-pradesh,2019,43,KANPUR,Balveer Singh Chandel,parties.IN.SHS,591,0.07,11,forfeit,U,,Graduate Professional,,challenger,src-31c65dbec869
IN-PC-2008-uttar-pradesh-125,uttar-pradesh,2019,43,KANPUR,Dilshad Ahmad,parties.IN.IND,580,0.07,12,forfeit,U,,8th Pass,Managerial Position,challenger,src-31c65dbec869
IN-PC-2008-uttar-pradesh-125,uttar-pradesh,2019,43,KANPUR,Triveni Narayan Jaiswal,parties.IN.IND,486,0.06,13,forfeit,U,,Post Graduate,Private Company,challenger,src-31c65dbec869
IN-PC-2008-uttar-pradesh-125,uttar-pradesh,2019,43,KANPUR,Reena Urf Renu,,367,0.04,14,forfeit,U,,5th Pass,Household,challenger,src-31c65dbec869
IN-PC-2008-uttar-pradesh-125,uttar-pradesh,2019,43,KANPUR,Mukti Yadav,,316,0.04,15,forfeit,U,,Post Graduate,,challenger,src-31c65dbec869
IN-PC-2008-uttar-pradesh-114,uttar-pradesh,2019,44,AKBARPUR,Devendra Singh 'Bhole',parties.IN.BJP,581282,56.69,1,won,U,,,,incumbent,src-31c65dbec869
IN-PC-2008-uttar-pradesh-114,uttar-pradesh,2019,44,AKBARPUR,Nisha Sachan,parties.IN.BSP,306140,29.86,2,lost,U,,Post Graduate,Real Estate or Builder or Developer or Construction,challenger,src-31c65dbec869
IN-PC-2008-uttar-pradesh-114,uttar-pradesh,2019,44,AKBARPUR,Rajaram Pal,parties.IN.INC,108341,10.57,3,forfeit,U,,Graduate Professional,,challenger,src-31c65dbec869
IN-PC-2008-uttar-pradesh-114,uttar-pradesh,2019,44,AKBARPUR,Manoj Gupta,parties.IN.IND,3270,0.32,5,forfeit,U,,10th Pass,,challenger,src-31c65dbec869
IN-PC-2008-uttar-pradesh-114,uttar-pradesh,2019,44,AKBARPUR,Sunil Kumar,parties.IN.IND,3215,0.31,6,forfeit,U,,Post Graduate,Shop Keeper,challenger,src-31c65dbec869
IN-PC-2008-uttar-pradesh-114,uttar-pradesh,2019,44,AKBARPUR,Saurabh Mishra,,2940,0.29,7,forfeit,U,,Post Graduate,Home Teacher or Tuition,challenger,src-31c65dbec869
IN-PC-2008-uttar-pradesh-114,uttar-pradesh,2019,44,AKBARPUR,Vikas Tripathi,parties.IN.IND,2234,0.22,8,forfeit,U,,Illiterate,,challenger,src-31c65dbec869
IN-PC-2008-uttar-pradesh-114,uttar-pradesh,2019,44,AKBARPUR,Mahendra Singh Yadav,,2047,0.2,9,forfeit,U,,Graduate,,challenger,src-31c65dbec869
IN-PC-2008-uttar-pradesh-114,uttar-pradesh,2019,44,AKBARPUR,Amit Tripathi,,1976,0.19,10,forfeit,U,,Graduate,Private Company,challenger,src-31c65dbec869
IN-PC-2008-uttar-pradesh-114,uttar-pradesh,2019,44,AKBARPUR,Niraj Kumar Pasi Advocate,parties.IN.IND,1627,0.16,11,forfeit,U,,Graduate Professional,Lawyer,challenger,src-31c65dbec869
IN-PC-2008-uttar-pradesh-114,uttar-pradesh,2019,44,AKBARPUR,Arun Kumar,parties.IN.IND,1578,0.15,12,forfeit,U,,12th Pass,,challenger,src-31c65dbec869
IN-PC-2008-uttar-pradesh-114,uttar-pradesh,2019,44,AKBARPUR,Ravi Sachan,parties.IN.JDU,1028,0.1,13,forfeit,U,,,,challenger,src-31c65dbec869
IN-PC-2008-uttar-pradesh-114,uttar-pradesh,2019,44,AKBARPUR,Ashok Paswan,,866,0.08,14,forfeit,U,,Post Graduate,Lawyer,challenger,src-31c65dbec869
IN-PC-2008-uttar-pradesh-114,uttar-pradesh,2019,44,AKBARPUR,Prof. Ramgopal Sankhwar,,776,0.08,15,forfeit,U,,Post Graduate,,challenger,src-31c65dbec869
IN-PC-2008-uttar-pradesh-106,uttar-pradesh,2019,46,JHANSI,Anurag Sharma,parties.IN.BJP,809272,58.61,1,won,U,,Post Graduate,,challenger,src-31c65dbec869
IN-PC-2008-uttar-pradesh-106,uttar-pradesh,2019,46,JHANSI,Shyam Sundar Singh,parties.IN.SP,443589,32.12,2,lost,U,,Graduate,,challenger,src-31c65dbec869
IN-PC-2008-uttar-pradesh-106,uttar-pradesh,2019,46,JHANSI,Shivsharan,parties.IN.INC,86139,6.24,3,forfeit,U,,Post Graduate,,challenger,src-31c65dbec869
IN-PC-2008-uttar-pradesh-106,uttar-pradesh,2019,46,JHANSI,Sunil Prajapati,parties.IN.IND,5711,0.41,5,forfeit,U,,Graduate Professional,Transport,challenger,src-31c65dbec869
IN-PC-2008-uttar-pradesh-106,uttar-pradesh,2019,46,JHANSI,Ramgopal,parties.IN.IND,3807,0.28,6,forfeit,U,,12th Pass,,challenger,src-31c65dbec869
IN-PC-2008-uttar-pradesh-106,uttar-pradesh,2019,46,JHANSI,Gaurishankar,,3303,0.24,7,forfeit,U,,12th Pass,,challenger,src-31c65dbec869
IN-PC-2008-uttar-pradesh-106,uttar-pradesh,2019,46,JHANSI,Jagat Vikram Singh,,2697,0.2,8,forfeit,U,,Post Graduate,Contractor,challenger,src-31c65dbec869
IN-PC-2008-uttar-pradesh-106,uttar-pradesh,2019,46,JHANSI,Dilshad Ahmed Siddique,,2264,0.16,9,forfeit,U,,Post Graduate,Lawyer,challenger,src-31c65dbec869
IN-PC-2008-uttar-pradesh-106,uttar-pradesh,2019,46,JHANSI,Raja Khateek,parties.IN.IND,2250,0.16,10,forfeit,U,,Graduate,Shop Keeper,challenger,src-31c65dbec869
IN-PC-2008-uttar-pradesh-106,uttar-pradesh,2019,46,JHANSI,Shruti Agrawal,,1849,0.13,11,forfeit,U,,Graduate,Lawyer,challenger,src-31c65dbec869
IN-PC-2008-uttar-pradesh-106,uttar-pradesh,2019,46,JHANSI,Kalpana Khard,parties.IN.IND,1770,0.13,12,forfeit,U,,Literate,Medical Professional,challenger,src-31c65dbec869
IN-PC-2008-uttar-pradesh-93,uttar-pradesh,2019,47,HAMIRPUR,KUNWAR PUSHPENDRA SINGH CHANDEL,parties.IN.BJP,575122,52.77,1,won,U,,Post Graduate,,incumbent,src-31c65dbec869
IN-PC-2008-uttar-pradesh-93,uttar-pradesh,2019,47,HAMIRPUR,DILIP KUMAR SINGH,parties.IN.BSP,326470,29.96,2,lost,U,,Graduate,,challenger,src-31c65dbec869
IN-PC-2008-uttar-pradesh-93,uttar-pradesh,2019,47,HAMIRPUR,PRITAM SINGH LODHI KISAAN,parties.IN.INC,114534,10.51,3,forfeit,U,,Post Graduate,,challenger,src-31c65dbec869
IN-PC-2008-uttar-pradesh-93,uttar-pradesh,2019,47,HAMIRPUR,SANJAY KUMAR SAHU,parties.IN.IND,24801,2.28,4,forfeit,U,,Graduate,,challenger,src-31c65dbec869
IN-PC-2008-uttar-pradesh-93,uttar-pradesh,2019,47,HAMIRPUR,SARJOOLAL,parties.IN.IND,5206,0.48,6,forfeit,U,,,,challenger,src-31c65dbec869
IN-PC-2008-uttar-pradesh-93,uttar-pradesh,2019,47,HAMIRPUR,RAJESH,parties.IN.IND,4917,0.45,7,forfeit,U,,10th Pass,,challenger,src-31c65dbec869
IN-PC-2008-uttar-pradesh-93,uttar-pradesh,2019,47,HAMIRPUR,ARVIND KUMAR PRAJAPATI,,4251,0.39,8,forfeit,U,,,,challenger,src-31c65dbec869
IN-PC-2008-uttar-pradesh-93,uttar-pradesh,2019,47,HAMIRPUR,RAM GOPAL,parties.IN.IND,4206,0.39,9,forfeit,U,,Graduate,Shop Keeper,challenger,src-31c65dbec869
IN-PC-2008-uttar-pradesh-93,uttar-pradesh,2019,47,HAMIRPUR,ER. KEDARNATH VISHWAKARMA,parties.IN.BMUP,2851,0.26,10,forfeit,U,,Graduate Professional,,challenger,src-31c65dbec869
IN-PC-2008-uttar-pradesh-93,uttar-pradesh,2019,47,HAMIRPUR,SHRIRAM SINGH GAUR,,2835,0.26,11,forfeit,U,,,,challenger,src-31c65dbec869
IN-PC-2008-uttar-pradesh-93,uttar-pradesh,2019,47,HAMIRPUR,KAMTA PRASAD PRAJAPATI,parties.IN.IND,2697,0.25,12,forfeit,U,,,,challenger,src-31c65dbec869
IN-PC-2008-uttar-pradesh-93,uttar-pradesh,2019,47,HAMIRPUR,KAMLESH KUMAR,parties.IN.IND,2444,0.22,13,forfeit,U,,Graduate,,challenger,src-31c65dbec869
IN-PC-2008-uttar-pradesh-93,uttar-pradesh,2019,47,HAMIRPUR,MADHURAJ,parties.IN.IND,2306,0.21,14,forfeit,U,,12th Pass,,challenger,src-31c65dbec869
IN-PC-2008-uttar-pradesh-93,uttar-pradesh,2019,47,HAMIRPUR,SURESH CHANDRA RAJPUT,,1983,0.18,15,forfeit,U,,8th Pass,,challenger,src-31c65dbec869
IN-PC-2008-uttar-pradesh-151,uttar-pradesh,2019,48,BANDA,R.K. SINGH PATEL,parties.IN.BJP,477926,46.2,1,won,U,,Graduate,Party Worker,crossover,src-31c65dbec869
IN-PC-2008-uttar-pradesh-151,uttar-pradesh,2019,48,BANDA,SHYAMA CHARAN GUPTA,parties.IN.SP,418988,40.5,2,lost,U,,Graduate Professional,Industrialist,incumbent,src-31c65dbec869
IN-PC-2008-uttar-pradesh-151,uttar-pradesh,2019,48,BANDA,BALKUMAR PATEL,parties.IN.INC,75438,7.29,3,forfeit,U,,12th Pass,,challenger,src-31c65dbec869
IN-PC-2008-uttar-pradesh-151,uttar-pradesh,2019,48,BANDA,CHHOTELAL,,12747,1.23,5,forfeit,U,,12th Pass,,challenger,src-31c65dbec869
IN-PC-2008-uttar-pradesh-151,uttar-pradesh,2019,48,BANDA,MAHENDRA,parties.IN.CPI,10349,1,6,forfeit,U,,Graduate,,challenger,src-31c65dbec869
IN-PC-2008-uttar-pradesh-151,uttar-pradesh,2019,48,BANDA,SHIRAZ RAHAT KHAN,parties.IN.ASP,7873,0.76,7,forfeit,U,,Graduate,Party Worker,challenger,src-31c65dbec869
IN-PC-2008-uttar-pradesh-151,uttar-pradesh,2019,48,BANDA,MIRA DEVI,,6545,0.63,8,forfeit,U,,Graduate,Self-employed,challenger,src-31c65dbec869
IN-PC-2008-uttar-pradesh-151,uttar-pradesh,2019,48,BANDA,RAMPRATAP,parties.IN.IND,5433,0.53,9,forfeit,U,,Graduate Professional,Lawyer,challenger,src-31c65dbec869
IN-PC-2008-uttar-pradesh-141,uttar-pradesh,2019,49,FATEHPUR,NIRANJAN JYOTI,parties.IN.BJP,566040,54.24,1,won,U,,12th Pass,Musician or Artist,incumbent,src-31c65dbec869
IN-PC-2008-uttar-pradesh-141,uttar-pradesh,2019,49,FATEHPUR,SUKHDEV PRASAD VERMA,parties.IN.BSP,367835,35.24,2,lost,U,,8th Pass,Rent,challenger,src-31c65dbec869
IN-PC-2008-uttar-pradesh-141,uttar-pradesh,2019,49,FATEHPUR,RAKESH SACHAN,parties.IN.INC,66077,6.33,3,forfeit,U,,Post Graduate,,crossover,src-31c65dbec869
IN-PC-2008-uttar-pradesh-141,uttar-pradesh,2019,49,FATEHPUR,BENI PRASAD,parties.IN.IND,7076,0.68,5,forfeit,U,,Graduate,,challenger,src-31c65dbec869
IN-PC-2008-uttar-pradesh-141,uttar-pradesh,2019,49,FATEHPUR,ASHOK KUMAR MISHRA,,5278,0.51,6,forfeit,U,,12th Pass,,challenger,src-31c65dbec869
IN-PC-2008-uttar-pradesh-141,uttar-pradesh,2019,49,FATEHPUR,JUBER AHMAD,parties.IN.IND,4906,0.47,7,forfeit,U,,12th Pass,,challenger,src-31c65dbec869
IN-PC-2008-uttar-pradesh-141,uttar-pradesh,2019,49,FATEHPUR,KAMTA PRASAD,parties.IN.IND,3796,0.36,8,forfeit,U,,12th Pass,Priest,challenger,src-31c65dbec869
IN-PC-2008-uttar-pradesh-141,uttar-pradesh,2019,49,FATEHPUR,RAMKUMAR,parties.IN.PPID,2780,0.27,9,forfeit,U,,Graduate,,challenger,src-31c65dbec869
IN-PC-2008-uttar-pradesh-141,uttar-pradesh,2019,49,FATEHPUR,MAHESH CHANDRA SAHU,,2718,0.26,10,forfeit,U,,Graduate,,challenger,src-31c65dbec869
IN-PC-2008-uttar-pradesh-141,uttar-pradesh,2019,49,FATEHPUR,RAJKUMAR LODHI,,2457,0.24,11,forfeit,U,,Graduate,,challenger,src-31c65dbec869
IN-PC-2008-uttar-pradesh-130,uttar-pradesh,2019,50,KAUSHAMBI,VINOD KUMAR SONKAR,parties.IN.BJP,383009,39.31,1,won,U,,Graduate,,incumbent,src-31c65dbec869
IN-PC-2008-uttar-pradesh-130,uttar-pradesh,2019,50,KAUSHAMBI,INDRAJEET SAROJ,parties.IN.SP,344287,35.33,2,lost,U,,Graduate,Ex MLA,challenger,src-31c65dbec869
IN-PC-2008-uttar-pradesh-130,uttar-pradesh,2019,50,KAUSHAMBI,SHAILENDRA KUMAR PASI,,156406,16.05,3,forfeit,U,,Graduate,,challenger,src-31c65dbec869
IN-PC-2008-uttar-pradesh-130,uttar-pradesh,2019,50,KAUSHAMBI,SHAILENDRA KUMAR,parties.IN.IND,26967,2.77,4,forfeit,U,,,,challenger,src-31c65dbec869
IN-PC-2008-uttar-pradesh-130,uttar-pradesh,2019,50,KAUSHAMBI,GIRISH PASI,parties.IN.INC,16442,1.69,5,forfeit,U,,12th Pass,,challenger,src-31c65dbec869
IN-PC-2008-uttar-pradesh-130,uttar-pradesh,2019,50,KAUSHAMBI,SHAILENDRA KUMAR,parties.IN.IND,8011,0.82,7,forfeit,U,,,,challenger,src-31c65dbec869
IN-PC-2008-uttar-pradesh-130,uttar-pradesh,2019,50,KAUSHAMBI,BACHACHA LAL,,6211,0.64,8,forfeit,U,,8th Pass,,challenger,src-31c65dbec869
IN-PC-2008-uttar-pradesh-130,uttar-pradesh,2019,50,KAUSHAMBI,RAJDEV,,4986,0.51,9,forfeit,U,,Post Graduate,Lawyer,challenger,src-31c65dbec869
IN-PC-2008-uttar-pradesh-130,uttar-pradesh,2019,50,KAUSHAMBI,RAM SUMER,parties.IN.IND,4224,0.43,10,forfeit,U,,8th Pass,,challenger,src-31c65dbec869
IN-PC-2008-uttar-pradesh-130,uttar-pradesh,2019,50,KAUSHAMBI,CHHEDDU,parties.IN.IND,3566,0.37,11,forfeit,U,,,,challenger,src-31c65dbec869
IN-PC-2008-uttar-pradesh-130,uttar-pradesh,2019,50,KAUSHAMBI,MISHRI LAL,,3183,0.33,12,forfeit,U,,Graduate,,challenger,src-31c65dbec869
IN-PC-2008-uttar-pradesh-130,uttar-pradesh,2019,50,KAUSHAMBI,PRADEEP KUMAR,parties.IN.IND,2377,0.24,13,forfeit,U,,Graduate,,challenger,src-31c65dbec869
IN-PC-2008-uttar-pradesh-136,uttar-pradesh,2019,51,PHULPUR,Keshari Devi Patel,parties.IN.BJP,544701,55.68,1,won,U,,Post Graduate,Qualified Professional,crossover,src-31c65dbec869
IN-PC-2008-uttar-pradesh-136,uttar-pradesh,2019,51,PHULPUR,Pandhari Yadav,parties.IN.SP,372733,38.1,2,lost,U,,Graduate,,challenger,src-31c65dbec869
IN-PC-2008-uttar-pradesh-136,uttar-pradesh,2019,51,PHULPUR,Pankaj Patel,parties.IN.INC,32761,3.35,3,forfeit,U,,Graduate,Qualified Professional,challenger,src-31c65dbec869
IN-PC-2008-uttar-pradesh-136,uttar-pradesh,2019,51,PHULPUR,Dr. Neeraj,parties.IN.IND,2972,0.3,5,forfeit,U,,Graduate Professional,Rent,challenger,src-31c65dbec869
IN-PC-2008-uttar-pradesh-136,uttar-pradesh,2019,51,PHULPUR,Sanjeev Kumar Mishra,parties.IN.YVP,2858,0.29,6,forfeit,U,,Post Graduate,,challenger,src-31c65dbec869
IN-PC-2008-uttar-pradesh-136,uttar-pradesh,2019,51,PHULPUR,Sunil Kumar Maurya,,2189,0.22,7,forfeit,U,,12th Pass,Party Worker,challenger,src-31c65dbec869
IN-PC-2008-uttar-pradesh-136,uttar-pradesh,2019,51,PHULPUR,Ramnath Priydarshi Suman,,2058,0.21,8,forfeit,U,,Post Graduate,,crossover,src-31c65dbec869
IN-PC-2008-uttar-pradesh-136,uttar-pradesh,2019,51,PHULPUR,Dr. Ramlakhan Chaurasiya,,1966,0.2,9,forfeit,U,,Literate,Author,challenger,src-31c65dbec869
IN-PC-2008-uttar-pradesh-136,uttar-pradesh,2019,51,PHULPUR,Rishabh Pandey,parties.IN.IND,1945,0.2,10,forfeit,U,,Graduate Professional,,challenger,src-31c65dbec869
IN-PC-2008-uttar-pradesh-136,uttar-pradesh,2019,51,PHULPUR,Priya Singh Paul Alias Priyadarshini Gandhi,,1607,0.16,11,forfeit,U,,Post Graduate,Household,challenger,src-31c65dbec869
IN-PC-2008-uttar-pradesh-136,uttar-pradesh,2019,51,PHULPUR,Atul Kumar Dwivedi,parties.IN.LOGAP,1406,0.14,12,forfeit,U,,Graduate Professional,,challenger,src-31c65dbec869
IN-PC-2008-uttar-pradesh-136,uttar-pradesh,2019,51,PHULPUR,Srichandra Kesarwani (Advocate),parties.IN.BALP,1262,0.13,13,forfeit,U,,Graduate Professional,Lawyer,challenger,src-31c65dbec869
IN-PC-2008-uttar-pradesh-136,uttar-pradesh,2019,51,PHULPUR,Dakkhini Prasad Kushwaha,,975,0.1,14,forfeit,U,,Graduate,,challenger,src-31c65dbec869
IN-PC-2008-uttar-pradesh-136,uttar-pradesh,2019,51,PHULPUR,Kamala Prasad,,921,0.09,15,forfeit,U,,Graduate Professional,Lawyer,challenger,src-31c65dbec869
IN-PC-2008-uttar-pradesh-75,uttar-pradesh,2019,52,ALLAHABAD,Rita Bahuguna Joshi,parties.IN.BJP,494454,55.62,1,won,U,,Doctorate,Retired Teacher,crossover,src-31c65dbec869
IN-PC-2008-uttar-pradesh-75,uttar-pradesh,2019,52,ALLAHABAD,Rajendra Singh Patel,parties.IN.SP,310179,34.89,2,lost,U,,Graduate,,challenger,src-31c65dbec869
IN-PC-2008-uttar-pradesh-75,uttar-pradesh,2019,52,ALLAHABAD,Yogesh Shukla,parties.IN.INC,31953,3.59,3,forfeit,U,,12th Pass,,crossover,src-31c65dbec869
IN-PC-2008-uttar-pradesh-75,uttar-pradesh,2019,52,ALLAHABAD,Girdhar Gopal Tripathi,parties.IN.CPI,10403,1.17,4,forfeit,U,,Post Graduate,Lawyer,challenger,src-31c65dbec869
IN-PC-2008-uttar-pradesh-75,uttar-pradesh,2019,52,ALLAHABAD,Ajeet Kumar Patel,,6267,0.7,6,forfeit,U,,12th Pass,,challenger,src-31c65dbec869
IN-PC-2008-uttar-pradesh-75,uttar-pradesh,2019,52,ALLAHABAD,Shiv Dutt Shukla,,5147,0.58,7,forfeit,U,,12th Pass,,challenger,src-31c65dbec869
IN-PC-2008-uttar-pradesh-75,uttar-pradesh,2019,52,ALLAHABAD,Ajay Sharma,parties.IN.IND,4731,0.53,8,forfeit,U,,,,challenger,src-31c65dbec869
IN-PC-2008-uttar-pradesh-75,uttar-pradesh,2019,52,ALLAHABAD,Shiv Prasad,parties.IN.LOGAP,4118,0.46,9,forfeit,U,,12th Pass,,challenger,src-31c65dbec869
IN-PC-2008-uttar-pradesh-75,uttar-pradesh,2019,52,ALLAHABAD,Ram Pal Gupta,,3368,0.38,10,forfeit,U,,10th Pass,Mechanic,challenger,src-31c65dbec869
IN-PC-2008-uttar-pradesh-75,uttar-pradesh,2019,52,ALLAHABAD,Rabindra Kumar Shrivastav,parties.IN.IND,2954,0.33,11,forfeit,U,,Graduate Professional,Lawyer,challenger,src-31c65dbec869
IN-PC-2008-uttar-pradesh-75,uttar-pradesh,2019,52,ALLAHABAD,Om Guru Charandas,parties.IN.SSRD,2278,0.26,12,forfeit,U,,10th Pass,,challenger,src-31c65dbec869
IN-PC-2008-uttar-pradesh-75,uttar-pradesh,2019,52,ALLAHABAD,Abhimanyu Singh Patel,,2217,0.25,13,forfeit,U,,Graduate Professional,Lawyer,challenger,src-31c65dbec869
IN-PC-2008-uttar-pradesh-75,uttar-pradesh,2019,52,ALLAHABAD,Bhawani Singh,,1845,0.21,14,forfeit,U,,Illiterate,,challenger,src-31c65dbec869
IN-PC-2008-uttar-pradesh-75,uttar-pradesh,2019,52,ALLAHABAD,Gayatri Prasad,,1517,0.17,15,forfeit,U,,,,challenger,src-31c65dbec869
IN-PC-2008-uttar-pradesh-101,uttar-pradesh,2019,54,FAIZABAD,LALLU SINGH,parties.IN.BJP,529021,48.66,1,won,U,,Post Graduate,Ex Military,incumbent,src-31c65dbec869
IN-PC-2008-uttar-pradesh-101,uttar-pradesh,2019,54,FAIZABAD,ANAND SEN,parties.IN.SP,463544,42.64,2,lost,U,,12th Pass,,challenger,src-31c65dbec869
IN-PC-2008-uttar-pradesh-101,uttar-pradesh,2019,54,FAIZABAD,NIRMAL KHATRI,parties.IN.INC,53386,4.91,3,forfeit,U,,Doctorate,Lawyer,challenger,src-31c65dbec869
IN-PC-2008-uttar-pradesh-101,uttar-pradesh,2019,54,FAIZABAD,RAJBAHADUR URF RAJAN PANDEY,parties.IN.IND,7347,0.68,5,forfeit,U,,12th Pass,,challenger,src-31c65dbec869
IN-PC-2008-uttar-pradesh-101,uttar-pradesh,2019,54,FAIZABAD,ASHA DEVI,parties.IN.LD,6674,0.61,6,forfeit,U,,12th Pass,Private Company,challenger,src-31c65dbec869
IN-PC-2008-uttar-pradesh-101,uttar-pradesh,2019,54,FAIZABAD,LAL MANI TRIPATHI (BHAI SAHAB),parties.IN.IND,3302,0.3,7,forfeit,U,,Post Graduate,School Teacher,challenger,src-31c65dbec869
IN-PC-2008-uttar-pradesh-101,uttar-pradesh,2019,54,FAIZABAD,KANCHAN YADAV,,2768,0.25,8,forfeit,U,,Post Graduate,Party Worker,challenger,src-31c65dbec869
IN-PC-2008-uttar-pradesh-101,uttar-pradesh,2019,54,FAIZABAD,KAMLESH TIWARI,parties.IN.IND,2739,0.25,9,forfeit,U,,Graduate,,challenger,src-31c65dbec869
IN-PC-2008-uttar-pradesh-101,uttar-pradesh,2019,54,FAIZABAD,SHARAD KUMAR,parties.IN.IND,2492,0.23,10,forfeit,U,,Graduate,,challenger,src-31c65dbec869
IN-PC-2008-uttar-pradesh-101,uttar-pradesh,2019,54,FAIZABAD,VIJAY SHANKAR PANDEY,parties.IN.LOGAP,2056,0.19,11,forfeit,U,,Post Graduate,,challenger,src-31c65dbec869
IN-PC-2008-uttar-pradesh-101,uttar-pradesh,2019,54,FAIZABAD,MANOJ KUMAR MISHRA,parties.IN.IND,1822,0.17,12,forfeit,U,,12th Pass,Author,challenger,src-31c65dbec869
IN-PC-2008-uttar-pradesh-101,uttar-pradesh,2019,54,FAIZABAD,SHER AFGAN,parties.IN.BHAPRAP,1337,0.12,13,forfeit,U,,10th Pass,,challenger,src-31c65dbec869
IN-PC-2008-uttar-pradesh-101,uttar-pradesh,2019,54,FAIZABAD,MAHESH TIWARI,parties.IN.SHS,1245,0.11,14,forfeit,U,,Post Graduate,Lawyer,challenger,src-31c65dbec869
IN-PC-2008-uttar-pradesh-85,uttar-pradesh,2019,55,AMBEDKAR NAGAR,Ritesh Pandey,parties.IN.BSP,564118,51.75,1,won,U,,Graduate,,challenger,src-31c65dbec869
IN-PC-2008-uttar-pradesh-85,uttar-pradesh,2019,55,AMBEDKAR NAGAR,Mukut Bihari,parties.IN.BJP,468238,42.95,2,lost,U,,Graduate Professional,Lawyer,challenger,src-31c65dbec869
IN-PC-2008-uttar-pradesh-85,uttar-pradesh,2019,55,AMBEDKAR NAGAR,Rakesh,parties.IN.SBSP,15167,1.39,3,forfeit,U,,12th Pass,,challenger,src-31c65dbec869
IN-PC-2008-uttar-pradesh-85,uttar-pradesh,2019,55,AMBEDKAR NAGAR,Taigar Ramnihor Patel 'Ratnashah',parties.IN.IND,6569,0.6,5,forfeit,U,,8th Pass,,challenger,src-31c65dbec869
IN-PC-2008-uttar-pradesh-85,uttar-pradesh,2019,55,AMBEDKAR NAGAR,Sushila Dinkar,parties.IN.BMUP,6065,0.56,6,forfeit,U,,Post Graduate,Household,challenger,src-31c65dbec869
IN-PC-2008-uttar-pradesh-85,uttar-pradesh,2019,55,AMBEDKAR NAGAR,Ayodhya,parties.IN.BHAPRAP,5472,0.5,7,forfeit,U,,Post Graduate,,challenger,src-31c65dbec869
IN-PC-2008-uttar-pradesh-85,uttar-pradesh,2019,55,AMBEDKAR NAGAR,Ashutosh,,4163,0.38,8,forfeit,U,,Post Graduate,,challenger,src-31c65dbec869
IN-PC-2008-uttar-pradesh-85,uttar-pradesh,2019,55,AMBEDKAR NAGAR,Parshuram Patel,parties.IN.HND,2443,0.22,9,forfeit,U,,Post Graduate,,challenger,src-31c65dbec869
IN-PC-2008-uttar-pradesh-85,uttar-pradesh,2019,55,AMBEDKAR NAGAR,Premnath Nishad,,2390,0.22,10,forfeit,U,,Graduate,Transport,challenger,src-31c65dbec869
IN-PC-2008-uttar-pradesh-85,uttar-pradesh,2019,55,AMBEDKAR NAGAR,Ram Singar,,2224,0.2,11,forfeit,U,,5th Pass,,challenger,src-31c65dbec869
IN-PC-2008-uttar-pradesh-85,uttar-pradesh,2019,55,AMBEDKAR NAGAR,Mastram Kori,,1959,0.18,12,forfeit,U,,12th Pass,,challenger,src-31c65dbec869
IN-PC-2008-uttar-pradesh-110,uttar-pradesh,2019,56,BAHRAICH,AKSHAIBAR LAL,parties.IN.BJP,525982,53.14,1,won,U,,10th Pass,Rent,challenger,src-31c65dbec869
IN-PC-2008-uttar-pradesh-110,uttar-pradesh,2019,56,BAHRAICH,SHABBIR BALMIKI,parties.IN.SP,397230,40.13,2,lost,U,,12th Pass,,challenger,src-31c65dbec869
IN-PC-2008-uttar-pradesh-110,uttar-pradesh,2019,56,BAHRAICH,SAVITRI BAI PHULE,parties.IN.INC,34454,3.48,3,forfeit,U,,Graduate,,incumbent,src-31c65dbec869
IN-PC-2008-uttar-pradesh-110,uttar-pradesh,2019,56,BAHRAICH,JANARDAN GOND,parties.IN.IND,5179,0.52,5,forfeit,U,,12th Pass,,challenger,src-31c65dbec869
IN-PC-2008-uttar-pradesh-110,uttar-pradesh,2019,56,BAHRAICH,SHIVNANDAN,parties.IN.IND,3524,0.36,6,forfeit,U,,Graduate Professional,,challenger,src-31c65dbec869
IN-PC-2008-uttar-pradesh-110,uttar-pradesh,2019,56,BAHRAICH,JAGDISH KUMAR SINGH,,2489,0.25,7,forfeit,U,,Post Graduate,Principal or Administrator,challenger,src-31c65dbec869
IN-PC-2008-uttar-pradesh-110,uttar-pradesh,2019,56,BAHRAICH,RINKU SAHANI,parties.IN.SHS,2427,0.25,8,forfeit,U,,Graduate,,challenger,src-31c65dbec869
IN-PC-2008-uttar-pradesh-110,uttar-pradesh,2019,56,BAHRAICH,GUR PRASAD,parties.IN.IND,2131,0.22,9,forfeit,U,,10th Pass,,challenger,src-31c65dbec869
IN-PC-2008-uttar-pradesh-110,uttar-pradesh,2019,56,BAHRAICH,MAUJILAL,,1662,0.17,10,forfeit,U,,,,challenger,src-31c65dbec869
IN-PC-2008-uttar-pradesh-110,uttar-pradesh,2019,56,BAHRAICH,RAM SAGAR,,1581,0.16,11,forfeit,U,,Literate,,challenger,src-31c65dbec869
IN-PC-2008-uttar-pradesh-115,uttar-pradesh,2019,57,KAISERGANJ,Brijbhusan Sharan Singh,parties.IN.BJP,581358,59.24,1,won,U,,Graduate Professional,,incumbent,src-31c65dbec869
IN-PC-2008-uttar-pradesh-115,uttar-pradesh,2019,57,KAISERGANJ,Chandradev Ram Yadav,parties.IN.BSP,319757,32.58,2,lost,U,,Post Graduate,Agricultural Business,challenger,src-31c65dbec869
IN-PC-2008-uttar-pradesh-115,uttar-pradesh,2019,57,KAISERGANJ,Vinay Kumar Pandey 'Vinnu',parties.IN.INC,37132,3.78,3,forfeit,U,,,,challenger,src-31c65dbec869
IN-PC-2008-uttar-pradesh-115,uttar-pradesh,2019,57,KAISERGANJ,Umesh Kumar,,5899,0.6,5,forfeit,U,,,,challenger,src-31c65dbec869
IN-PC-2008-uttar-pradesh-115,uttar-pradesh,2019,57,KAISERGANJ,Shiv Narayan,parties.IN.IND,4898,0.5,6,forfeit,U,,12th Pass,Self-employed,challenger,src-31c65dbec869
IN-PC-2008-uttar-pradesh-115,uttar-pradesh,2019,57,KAISERGANJ,Munni,parties.IN.IND,4565,0.47,7,forfeit,U,,Illiterate,,challenger,src-31c65dbec869
IN-PC-2008-uttar-pradesh-115,uttar-pradesh,2019,57,KAISERGANJ,Chandra Prakash Pandey,parties.IN.NAP,3117,0.32,8,forfeit,U,,,,challenger,src-31c65dbec869
IN-PC-2008-uttar-pradesh-115,uttar-pradesh,2019,57,KAISERGANJ,Om Prakash Mishra,parties.IN.IND,3089,0.31,9,forfeit,U,,Graduate,,challenger,src-31c65dbec869
IN-PC-2008-uttar-pradesh-115,uttar-pradesh,2019,57,KAISERGANJ,Pramod Kumar,,2214,0.23,10,forfeit,U,,10th Pass,,challenger,src-31c65dbec869
IN-PC-2008-uttar-pradesh-115,uttar-pradesh,2019,57,KAISERGANJ,Santosh,parties.IN.BHAPRAP,2166,0.22,11,forfeit,U,,Graduate Professional,,challenger,src-31c65dbec869
IN-PC-2008-uttar-pradesh-115,uttar-pradesh,2019,57,KAISERGANJ,Vajid,,2036,0.21,12,forfeit,U,,Graduate,Mechanic,challenger,src-31c65dbec869
IN-PC-2008-uttar-pradesh-115,uttar-pradesh,2019,57,KAISERGANJ,Dhananjay Sharma,,2001,0.2,13,forfeit,U,,Graduate,,challenger,src-31c65dbec869
IN-PC-2008-uttar-pradesh-113,uttar-pradesh,2019,58,SHRAWASTI,RAM SHIROMANI,parties.IN.BSP,441771,44.31,1,won,U,,Graduate Professional,,challenger,src-31c65dbec869
IN-PC-2008-uttar-pradesh-113,uttar-pradesh,2019,58,SHRAWASTI,DADDAN MISHRA,parties.IN.BJP,436451,43.78,2,lost,U,,Post Graduate,"Real Estate or Builder or Developer or Construction, Private Company",incumbent,src-31c65dbec869
IN-PC-2008-uttar-pradesh-113,uttar-pradesh,2019,58,SHRAWASTI,DHIRENDRA PRATAP SINGH,parties.IN.INC,58042,5.82,3,forfeit,U,,Post Graduate,Rent,crossover,src-31c65dbec869
IN-PC-2008-uttar-pradesh-113,uttar-pradesh,2019,58,SHRAWASTI,NABBAN KHAN,parties.IN.CPI,12662,1.27,5,forfeit,U,,Literate,,challenger,src-31c65dbec869
IN-PC-2008-uttar-pradesh-113,uttar-pradesh,2019,58,SHRAWASTI,RAJWANT SINGH,parties.IN.SHS,7479,0.75,6,forfeit,U,,Graduate Professional,Lawyer,challenger,src-31c65dbec869
IN-PC-2008-uttar-pradesh-113,uttar-pradesh,2019,58,SHRAWASTI,UGRASEN SINGH,parties.IN.IND,7064,0.71,7,forfeit,U,,12th Pass,,challenger,src-31c65dbec869
IN-PC-2008-uttar-pradesh-113,uttar-pradesh,2019,58,SHRAWASTI,BALMUKUND,parties.IN.IND,5431,0.54,8,forfeit,U,,Graduate,,challenger,src-31c65dbec869
IN-PC-2008-uttar-pradesh-113,uttar-pradesh,2019,58,SHRAWASTI,RAM KUMAR PANDEY,parties.IN.HND,4325,0.43,9,forfeit,U,,Graduate Professional,Lawyer,challenger,src-31c65dbec869
IN-PC-2008-uttar-pradesh-113,uttar-pradesh,2019,58,SHRAWASTI,ARJUN,parties.IN.IND,3509,0.35,10,forfeit,U,,8th Pass,,challenger,src-31c65dbec869
IN-PC-2008-uttar-pradesh-113,uttar-pradesh,2019,58,SHRAWASTI,HANOMAN PRASAD MISHRA,,3165,0.32,11,forfeit,U,,12th Pass,,challenger,src-31c65dbec869
IN-PC-2008-uttar-pradesh-119,uttar-pradesh,2019,61,BASTI,HARISH CHANDRA ALIAS HARISH DWIVEDI,parties.IN.BJP,471162,44.68,1,won,U,,Post Graduate,,incumbent,src-31c65dbec869
IN-PC-2008-uttar-pradesh-119,uttar-pradesh,2019,61,BASTI,RAM PRASAD CHAUDHARY,parties.IN.BSP,440808,41.8,2,lost,U,,Others,Rent,challenger,src-31c65dbec869
IN-PC-2008-uttar-pradesh-119,uttar-pradesh,2019,61,BASTI,RAJ KISHOR SINGH,parties.IN.INC,86920,8.24,3,forfeit,U,,Graduate,,crossover,src-31c65dbec869
IN-PC-2008-uttar-pradesh-119,uttar-pradesh,2019,61,BASTI,VINOD KUMAR RAJBHAR,parties.IN.SBSP,11971,1.14,4,forfeit,U,,12th Pass,,challenger,src-31c65dbec869
IN-PC-2008-uttar-pradesh-119,uttar-pradesh,2019,61,BASTI,RANGI LAL YADAV,parties.IN.IND,7639,0.72,6,forfeit,U,,8th Pass,Taxi Driver,challenger,src-31c65dbec869
IN-PC-2008-uttar-pradesh-119,uttar-pradesh,2019,61,BASTI,PANKAJ DUBEY,parties.IN.LOGAP,7345,0.7,7,forfeit,U,,Post Graduate,,challenger,src-31c65dbec869
IN-PC-2008-uttar-pradesh-119,uttar-pradesh,2019,61,BASTI,BHAGWANDAS,parties.IN.IND,5590,0.53,8,forfeit,U,,8th Pass,,challenger,src-31c65dbec869
IN-PC-2008-uttar-pradesh-119,uttar-pradesh,2019,61,BASTI,RAM PRASAD CHAURASIYA,,3737,0.35,9,forfeit,U,,Graduate Professional,Lawyer,challenger,src-31c65dbec869
IN-PC-2008-uttar-pradesh-119,uttar-pradesh,2019,61,BASTI,ROHIT KUMAR PATHAK,parties.IN.HND,3182,0.3,10,forfeit,U,,12th Pass,,challenger,src-31c65dbec869
IN-PC-2008-uttar-pradesh-119,uttar-pradesh,2019,61,BASTI,CHANDRA MANI PANDEY,parties.IN.IND,3170,0.3,11,forfeit,U,,Post Graduate,,challenger,src-31c65dbec869
IN-PC-2008-uttar-pradesh-119,uttar-pradesh,2019,61,BASTI,PRAMOD SHUKLA,,2680,0.25,12,forfeit,U,,8th Pass,,challenger,src-31c65dbec869
IN-PC-2008-uttar-pradesh-98,uttar-pradesh,2019,62,SANT KABIR NAGAR,PRAVEEN KUMAR NISHAD,parties.IN.BJP,467543,43.97,1,won,U,,Graduate Professional,,incumbent,src-31c65dbec869
IN-PC-2008-uttar-pradesh-98,uttar-pradesh,2019,62,SANT KABIR NAGAR,BHEESHMA SHANKAR,parties.IN.BSP,431794,40.61,2,lost,U,,12th Pass,,challenger,src-31c65dbec869
IN-PC-2008-uttar-pradesh-98,uttar-pradesh,2019,62,SANT KABIR NAGAR,BHAL CHANDRA YADAV,parties.IN.INC,128506,12.08,3,forfeit,U,,Graduate,Agricultural Business,crossover,src-31c65dbec869
IN-PC-2008-uttar-pradesh-98,uttar-pradesh,2019,62,SANT KABIR NAGAR,AKHILESH KUMAR,,8025,0.75,5,forfeit,U,,Graduate,,challenger,src-31c65dbec869
IN-PC-2008-uttar-pradesh-98,uttar-pradesh,2019,62,SANT KABIR NAGAR,RAJENDRA YADAV,parties.IN.IND,6932,0.65,6,forfeit,U,,Post Graduate,Ex Military,challenger,src-31c65dbec869
IN-PC-2008-uttar-pradesh-98,uttar-pradesh,2019,62,SANT KABIR NAGAR,ANAND KUMAR GAUTAM,parties.IN.BMUP,3987,0.37,7,forfeit,U,,Graduate,,challenger,src-31c65dbec869
IN-PC-2008-uttar-pradesh-98,uttar-pradesh,2019,62,SANT KABIR NAGAR,LOTAN,parties.IN.IND,3972,0.37,8,forfeit,U,,Graduate,,challenger,src-31c65dbec869
IN-PC-2008-uttar-pradesh-118,uttar-pradesh,2019,63,MAHARAJGANJ,PANKAJ CHOUDHARY,parties.IN.BJP,726349,59.2,1,won,U,,12th Pass,Private Company,incumbent,src-31c65dbec869
IN-PC-2008-uttar-pradesh-118,uttar-pradesh,2019,63,MAHARAJGANJ,AKHILESH,parties.IN.SP,385925,31.45,2,lost,U,,Graduate,,challenger,src-31c65dbec869
IN-PC-2008-uttar-pradesh-118,uttar-pradesh,2019,63,MAHARAJGANJ,SUPRIYA SHRINATE,parties.IN.INC,72516,5.91,3,forfeit,U,,Post Graduate,Journalist or Editor,challenger,src-31c65dbec869
IN-PC-2008-uttar-pradesh-118,uttar-pradesh,2019,63,MAHARAJGANJ,LALDHARI YADAV,parties.IN.IND,5387,0.44,5,forfeit,U,,Post Graduate,,challenger,src-31c65dbec869
IN-PC-2008-uttar-pradesh-118,uttar-pradesh,2019,63,MAHARAJGANJ,SUMIT,,5183,0.42,6,forfeit,U,,Graduate,,challenger,src-31c65dbec869
IN-PC-2008-uttar-pradesh-118,uttar-pradesh,2019,63,MAHARAJGANJ,PANNELAL,parties.IN.IND,3872,0.32,7,forfeit,U,,8th Pass,,challenger,src-31c65dbec869
IN-PC-2008-uttar-pradesh-118,uttar-pradesh,2019,63,MAHARAJGANJ,MOHANKUMAR,parties.IN.IND,3066,0.25,8,forfeit,U,,,,challenger,src-31c65dbec869
IN-PC-2008-uttar-pradesh-118,uttar-pradesh,2019,63,MAHARAJGANJ,PAPPU CHAUHAN,,2857,0.23,9,forfeit,U,,12th Pass,,challenger,src-31c65dbec869
IN-PC-2008-uttar-pradesh-118,uttar-pradesh,2019,63,MAHARAJGANJ,AMARJEET,parties.IN.IND,2254,0.18,10,forfeit,U,,12th Pass,,challenger,src-31c65dbec869
IN-PC-2008-uttar-pradesh-118,uttar-pradesh,2019,63,MAHARAJGANJ,PRAMOD KUMAR,parties.IN.IND,2236,0.18,11,forfeit,U,,Graduate,,challenger,src-31c65dbec869
IN-PC-2008-uttar-pradesh-118,uttar-pradesh,2019,63,MAHARAJGANJ,ANEEL KUMAR,parties.IN.IND,2042,0.17,12,forfeit,U,,Post Graduate,,challenger,src-31c65dbec869
IN-PC-2008-uttar-pradesh-118,uttar-pradesh,2019,63,MAHARAJGANJ,MANOJ KUMAR RANA,,1786,0.15,13,forfeit,U,,12th Pass,,challenger,src-31c65dbec869
IN-PC-2008-uttar-pradesh-118,uttar-pradesh,2019,63,MAHARAJGANJ,MANISH,parties.IN.BMUP,1534,0.13,14,forfeit,U,,Graduate Professional,,challenger,src-31c65dbec869
IN-PC-2008-uttar-pradesh-118,uttar-pradesh,2019,63,MAHARAJGANJ,SHIV CHARAN,,1431,0.12,15,forfeit,U,,Post Graduate,,challenger,src-31c65dbec869
IN-PC-2008-uttar-pradesh-100,uttar-pradesh,2019,64,GORAKHPUR,Ravindra Shyamnarayan Shukla alias Ravi Kishan,parties.IN.BJP,717122,60.54,1,won,U,,12th Pass,Actor,challenger,src-31c65dbec869
IN-PC-2008-uttar-pradesh-100,uttar-pradesh,2019,64,GORAKHPUR,Rambhual Nishad,parties.IN.SP,415458,35.07,2,lost,U,,Graduate,Ex MLA,crossover,src-31c65dbec869
IN-PC-2008-uttar-pradesh-100,uttar-pradesh,2019,64,GORAKHPUR,Madhusudan Tripathi,parties.IN.INC,22972,1.94,3,forfeit,U,,Graduate Professional,Lawyer,challenger,src-31c65dbec869
IN-PC-2008-uttar-pradesh-100,uttar-pradesh,2019,64,GORAKHPUR,Dr. Ashish Kumar Singh,parties.IN.CPI,8172,0.69,4,forfeit,U,,Graduate Professional,Doctor,challenger,src-31c65dbec869
IN-PC-2008-uttar-pradesh-100,uttar-pradesh,2019,64,GORAKHPUR,Abhishek Chand,parties.IN.SBSP,4319,0.36,6,forfeit,U,,Post Graduate,,challenger,src-31c65dbec869
IN-PC-2008-uttar-pradesh-100,uttar-pradesh,2019,64,GORAKHPUR,Shyamnarayan Yadav,,2708,0.23,7,forfeit,U,,12th Pass,,challenger,src-31c65dbec869
IN-PC-2008-uttar-pradesh-100,uttar-pradesh,2019,64,GORAKHPUR,Subhash Chandra Dubey,parties.IN.SP_I,1982,0.17,8,forfeit,U,,Post Graduate,,challenger,src-31c65dbec869
IN-PC-2008-uttar-pradesh-100,uttar-pradesh,2019,64,GORAKHPUR,Jitendra Kumar,parties.IN.JD,1572,0.13,9,forfeit,U,,12th Pass,,challenger,src-31c65dbec869
IN-PC-2008-uttar-pradesh-100,uttar-pradesh,2019,64,GORAKHPUR,Jai Prakash Mishra,,1336,0.11,10,forfeit,U,,Graduate,School Teacher,challenger,src-31c65dbec869
IN-PC-2008-uttar-pradesh-100,uttar-pradesh,2019,64,GORAKHPUR,Awadhesh Kumar Singh,,1306,0.11,11,forfeit,U,,Doctorate,Doctor,challenger,src-31c65dbec869
IN-PC-2008-uttar-pradesh-127,uttar-pradesh,2019,65,KUSHI NAGAR,VIJAY KUMAR DUBEY,parties.IN.BJP,597039,56.69,1,won,U,,12th Pass,,challenger,src-31c65dbec869
IN-PC-2008-uttar-pradesh-127,uttar-pradesh,2019,65,KUSHI NAGAR,N.P. KUSHWAHA ALIAS NATHUNI PRASAD KUSHWAHA,parties.IN.SP,259479,24.64,2,lost,U,,Post Graduate,,challenger,src-31c65dbec869
IN-PC-2008-uttar-pradesh-127,uttar-pradesh,2019,65,KUSHI NAGAR,KUNWER RATANJIT PRATAP NARAYAN SINGH,parties.IN.INC,146151,13.88,3,forfeit,U,,Graduate,,challenger,src-31c65dbec869
IN-PC-2008-uttar-pradesh-127,uttar-pradesh,2019,65,KUSHI NAGAR,AMIRUDDIN,,8541,0.81,4,forfeit,U,,Graduate,,challenger,src-31c65dbec869
IN-PC-2008-uttar-pradesh-127,uttar-pradesh,2019,65,KUSHI NAGAR,RAJIV,parties.IN.SBSP,8454,0.8,5,forfeit,U,,Graduate,,challenger,src-31c65dbec869
IN-PC-2008-uttar-pradesh-127,uttar-pradesh,2019,65,KUSHI NAGAR,GUDDI KINNAR,parties.IN.IND,5881,0.56,7,forfeit,U,,Literate,Musician or Artist,challenger,src-31c65dbec869
IN-PC-2008-uttar-pradesh-127,uttar-pradesh,2019,65,KUSHI NAGAR,SHIV KUMAR,parties.IN.IND,3518,0.33,8,forfeit,U,,10th Pass,,challenger,src-31c65dbec869
IN-PC-2008-uttar-pradesh-127,uttar-pradesh,2019,65,KUSHI NAGAR,P.C. KUREEL,parties.IN.INL,3072,0.29,9,forfeit,U,,12th Pass,,challenger,src-31c65dbec869
IN-PC-2008-uttar-pradesh-127,uttar-pradesh,2019,65,KUSHI NAGAR,LALITA,,2759,0.26,10,forfeit,U,,Post Graduate,,challenger,src-31c65dbec869
IN-PC-2008-uttar-pradesh-127,uttar-pradesh,2019,65,KUSHI NAGAR,USMAN,parties.IN.PECP,2715,0.26,11,forfeit,U,,Literate,,challenger,src-31c65dbec869
IN-PC-2008-uttar-pradesh-127,uttar-pradesh,2019,65,KUSHI NAGAR,RAM PRATAP,,2369,0.22,12,forfeit,U,,8th Pass,Priest,challenger,src-31c65dbec869
IN-PC-2008-uttar-pradesh-127,uttar-pradesh,2019,65,KUSHI NAGAR,DR GANESH,,1831,0.17,13,forfeit,U,,Graduate Professional,,challenger,src-31c65dbec869
IN-PC-2008-uttar-pradesh-127,uttar-pradesh,2019,65,KUSHI NAGAR,UMESH SINGH,,1605,0.15,14,forfeit,U,,10th Pass,Real Estate or Builder or Developer or Construction,challenger,src-31c65dbec869
IN-PC-2008-uttar-pradesh-127,uttar-pradesh,2019,65,KUSHI NAGAR,ARVIND YADAV,,1406,0.13,15,forfeit,U,,Graduate,,challenger,src-31c65dbec869
IN-PC-2008-uttar-pradesh-97,uttar-pradesh,2019,67,BANSGAON,Kamlesh Paswan,parties.IN.BJP,546673,56.41,1,won,U,,Graduate,Real Estate or Builder or Developer or Construction,incumbent,src-31c65dbec869
IN-PC-2008-uttar-pradesh-97,uttar-pradesh,2019,67,BANSGAON,Sadal Prasad,parties.IN.BSP,393205,40.57,2,lost,U,,Post Graduate,,challenger,src-31c65dbec869
IN-PC-2008-uttar-pradesh-97,uttar-pradesh,2019,67,BANSGAON,Surendra Prasad,,8717,0.9,4,forfeit,U,,8th Pass,,challenger,src-31c65dbec869
IN-PC-2008-uttar-pradesh-97,uttar-pradesh,2019,67,BANSGAON,Lalchand Prasad,parties.IN.IND,6448,0.67,5,forfeit,U,,,,challenger,src-31c65dbec869
IN-PC-2008-uttar-pradesh-103,uttar-pradesh,2019,68,LALGANJ,Sangeeta Azad,parties.IN.BSP,518820,54.01,1,won,U,,Graduate Professional,,challenger,src-31c65dbec869
IN-PC-2008-uttar-pradesh-103,uttar-pradesh,2019,68,LALGANJ,Neelam Sonker,parties.IN.BJP,357223,37.19,2,lost,U,,Post Graduate,MP,incumbent,src-31c65dbec869
IN-PC-2008-uttar-pradesh-103,uttar-pradesh,2019,68,LALGANJ,Dr. Deelip Kumar Saroj,parties.IN.SBSP,17927,1.87,3,forfeit,U,,Doctorate,School Teacher,challenger,src-31c65dbec869
IN-PC-2008-uttar-pradesh-103,uttar-pradesh,2019,68,LALGANJ,Pankaj Mohan Sonkar,parties.IN.INC,17630,1.84,4,forfeit,U,,Graduate,,challenger,src-31c65dbec869
IN-PC-2008-uttar-pradesh-103,uttar-pradesh,2019,68,LALGANJ,Trilokinath,parties.IN.CPI,8843,0.92,5,forfeit,U,,12th Pass,,challenger,src-31c65dbec869
IN-PC-2008-uttar-pradesh-103,uttar-pradesh,2019,68,LALGANJ,Ramchandar,parties.IN.IND,7325,0.76,6,forfeit,U,,5th Pass,,challenger,src-31c65dbec869
IN-PC-2008-uttar-pradesh-103,uttar-pradesh,2019,68,LALGANJ,Radheshyam Gautam,parties.IN.RUC,6093,0.63,7,forfeit,U,,8th Pass,,challenger,src-31c65dbec869
IN-PC-2008-uttar-pradesh-103,uttar-pradesh,2019,68,LALGANJ,Engineer Ajeet Sonkar,,4520,0.47,9,forfeit,U,,Post Graduate,,challenger,src-31c65dbec869
IN-PC-2008-uttar-pradesh-103,uttar-pradesh,2019,68,LALGANJ,Subash Saroj,parties.IN.IND,3282,0.34,10,forfeit,U,,10th Pass,,challenger,src-31c65dbec869
IN-PC-2008-uttar-pradesh-103,uttar-pradesh,2019,68,LALGANJ,Akhilesh,parties.IN.IND,3232,0.34,11,forfeit,U,,12th Pass,,challenger,src-31c65dbec869
IN-PC-2008-uttar-pradesh-103,uttar-pradesh,2019,68,LALGANJ,Santosh Kumar,parties.IN.IND,3163,0.33,12,forfeit,U,,Graduate Professional,,challenger,src-31c65dbec869
IN-PC-2008-uttar-pradesh-103,uttar-pradesh,2019,68,LALGANJ,Hemraj Paswan,,2320,0.24,13,forfeit,U,,Post Graduate,,challenger,src-31c65dbec869
IN-PC-2008-uttar-pradesh-103,uttar-pradesh,2019,68,LALGANJ,Lcchiman Kannooizya,,1880,0.2,14,forfeit,U,,Literate,,challenger,src-31c65dbec869
IN-PC-2008-uttar-pradesh-103,uttar-pradesh,2019,68,LALGANJ,Pintoo,,1642,0.17,15,forfeit,U,,10th Pass,,challenger,src-31c65dbec869
IN-PC-2008-uttar-pradesh-103,uttar-pradesh,2019,68,LALGANJ,Chandrashekhar,parties.IN.BHAPRAP,1608,0.17,16,forfeit,U,,Post Graduate,,challenger,src-31c65dbec869
IN-PC-2008-uttar-pradesh-72,uttar-pradesh,2019,69,AZAMGARH,Akhilesh Yadav,parties.IN.SP,621578,60.4,1,won,U,,Graduate Professional,,challenger,src-31c65dbec869
IN-PC-2008-uttar-pradesh-72,uttar-pradesh,2019,69,AZAMGARH,Dinesh Lal Yadav Nirahua,parties.IN.BJP,361704,35.15,2,lost,U,,12th Pass,Actor,challenger,src-31c65dbec869
IN-PC-2008-uttar-pradesh-72,uttar-pradesh,2019,69,AZAMGARH,Abhimanyu Singh Sunny,parties.IN.SBSP,10078,0.98,3,forfeit,U,,Post Graduate,,challenger,src-31c65dbec869
IN-PC-2008-uttar-pradesh-72,uttar-pradesh,2019,69,AZAMGARH,Anil Singh,parties.IN.RUC,6763,0.66,5,forfeit,U,,12th Pass,,challenger,src-31c65dbec869
IN-PC-2008-uttar-pradesh-72,uttar-pradesh,2019,69,AZAMGARH,Dr. Rajeev Pandey,parties.IN.IND,3739,0.36,6,forfeit,U,,Post Graduate,"Insurance Agent, Qualified Professional",challenger,src-31c65dbec869
IN-PC-2008-uttar-pradesh-72,uttar-pradesh,2019,69,AZAMGARH,Pramod Tiwari,,3148,0.31,7,forfeit,U,,8th Pass,,challenger,src-31c65dbec869
IN-PC-2008-uttar-pradesh-72,uttar-pradesh,2019,69,AZAMGARH,Mohinder Kumar,,2901,0.28,8,forfeit,U,,12th Pass,,challenger,src-31c65dbec869
IN-PC-2008-uttar-pradesh-72,uttar-pradesh,2019,69,AZAMGARH,Rajiv Talwar,parties.IN.IND,2204,0.21,9,forfeit,U,,Graduate,,challenger,src-31c65dbec869
IN-PC-2008-uttar-pradesh-72,uttar-pradesh,2019,69,AZAMGARH,Budhi Ram,parties.IN.IND,2098,0.2,10,forfeit,U,,Graduate,,challenger,src-31c65dbec869
IN-PC-2008-uttar-pradesh-72,uttar-pradesh,2019,69,AZAMGARH,Rajaram Gond,parties.IN.IND,1931,0.19,11,forfeit,U,,8th Pass,,challenger,src-31c65dbec869
IN-PC-2008-uttar-pradesh-72,uttar-pradesh,2019,69,AZAMGARH,Gaurav Singh,parties.IN.IND,1432,0.14,12,forfeit,U,,Graduate,,challenger,src-31c65dbec869
IN-PC-2008-uttar-pradesh-72,uttar-pradesh,2019,69,AZAMGARH,Gorakhram Nishad,parties.IN.IND,1250,0.12,13,forfeit,U,,,,challenger,src-31c65dbec869
IN-PC-2008-uttar-pradesh-72,uttar-pradesh,2019,69,AZAMGARH,Pawan Singh Samrat,,1106,0.11,14,forfeit,U,,Graduate,,challenger,src-31c65dbec869
IN-PC-2008-uttar-pradesh-72,uttar-pradesh,2019,69,AZAMGARH,Ehsan Ahmed,parties.IN.NAP,976,0.09,15,forfeit,U,,8th Pass,,challenger,src-31c65dbec869
IN-PC-2008-uttar-pradesh-72,uttar-pradesh,2019,69,AZAMGARH,Arvind Kumar Pandey,,949,0.09,16,forfeit,U,,Post Graduate,,challenger,src-31c65dbec869
IN-PC-2008-uttar-pradesh-128,uttar-pradesh,2019,70,GHOSI,ATUL KUMAR SINGH,parties.IN.BSP,573829,50.3,1,won,U,,Graduate,Private Company,challenger,src-31c65dbec869
IN-PC-2008-uttar-pradesh-128,uttar-pradesh,2019,70,GHOSI,HARINARAYAN,parties.IN.BJP,451261,39.56,2,lost,U,,Literate,,incumbent,src-31c65dbec869
IN-PC-2008-uttar-pradesh-128,uttar-pradesh,2019,70,GHOSI,MAHENDRA,parties.IN.SBSP,39860,3.49,3,forfeit,U,,10th Pass,,challenger,src-31c65dbec869
IN-PC-2008-uttar-pradesh-128,uttar-pradesh,2019,70,GHOSI,BALKRISHNA,parties.IN.INC,23812,2.09,4,forfeit,U,,Post Graduate,,crossover,src-31c65dbec869
IN-PC-2008-uttar-pradesh-128,uttar-pradesh,2019,70,GHOSI,ATUL KUMAR SINGH,parties.IN.CPI,14644,1.28,5,forfeit,U,,Graduate Professional,Author,challenger,src-31c65dbec869
IN-PC-2008-uttar-pradesh-128,uttar-pradesh,2019,70,GHOSI,SANTOSH,parties.IN.IND,6739,0.59,6,forfeit,U,,Post Graduate,Shop Keeper,challenger,src-31c65dbec869
IN-PC-2008-uttar-pradesh-128,uttar-pradesh,2019,70,GHOSI,ABUSHAD,,4914,0.43,8,forfeit,U,,Literate,,challenger,src-31c65dbec869
IN-PC-2008-uttar-pradesh-128,uttar-pradesh,2019,70,GHOSI,SHEFKAT TAKI,parties.IN.PECP,3960,0.35,9,forfeit,U,,Graduate,Artisan,challenger,src-31c65dbec869
IN-PC-2008-uttar-pradesh-128,uttar-pradesh,2019,70,GHOSI,RAJESH,parties.IN.IND,3661,0.32,10,forfeit,U,,10th Pass,,challenger,src-31c65dbec869
IN-PC-2008-uttar-pradesh-128,uttar-pradesh,2019,70,GHOSI,KISHAN LAL,parties.IN.RKSP,3535,0.31,11,forfeit,U,,12th Pass,,challenger,src-31c65dbec869
IN-PC-2008-uttar-pradesh-128,uttar-pradesh,2019,70,GHOSI,SURJEET KUMAR,parties.IN.IND,2886,0.25,12,forfeit,U,,,,challenger,src-31c65dbec869
IN-PC-2008-uttar-pradesh-128,uttar-pradesh,2019,70,GHOSI,SURYA KUMAR,parties.IN.IND,2159,0.19,13,forfeit,U,,10th Pass,,challenger,src-31c65dbec869
IN-PC-2008-uttar-pradesh-128,uttar-pradesh,2019,70,GHOSI,PARAS,,1600,0.14,14,forfeit,U,,Post Graduate,,challenger,src-31c65dbec869
IN-PC-2008-uttar-pradesh-128,uttar-pradesh,2019,70,GHOSI,GEETA,parties.IN.ASP,1367,0.12,15,forfeit,U,,Literate,,challenger,src-31c65dbec869
IN-PC-2008-uttar-pradesh-128,uttar-pradesh,2019,70,GHOSI,PRAVEEN KUMAR SINGH,parties.IN.IND,1230,0.11,16,forfeit,U,,Graduate Professional,,challenger,src-31c65dbec869
IN-PC-2008-uttar-pradesh-112,uttar-pradesh,2019,71,SALEMPUR,RAVINDER,parties.IN.BJP,467940,50.72,1,won,U,,12th Pass,,incumbent,src-31c65dbec869
IN-PC-2008-uttar-pradesh-112,uttar-pradesh,2019,71,SALEMPUR,R S KUSHWAHA,parties.IN.BSP,355325,38.52,2,lost,U,,Others,Ex Govt Employee,challenger,src-31c65dbec869
IN-PC-2008-uttar-pradesh-112,uttar-pradesh,2019,71,SALEMPUR,RAJARAM,parties.IN.SBSP,33568,3.64,3,forfeit,U,,10th Pass,,challenger,src-31c65dbec869
IN-PC-2008-uttar-pradesh-112,uttar-pradesh,2019,71,SALEMPUR,RAJESH KUMAR MISHRA,parties.IN.INC,27363,2.97,4,forfeit,U,,Doctorate,Party Worker,challenger,src-31c65dbec869
IN-PC-2008-uttar-pradesh-112,uttar-pradesh,2019,71,SALEMPUR,SUNIL KUMAR PANDEY,parties.IN.IND,6276,0.68,6,forfeit,U,,Post Graduate,,challenger,src-31c65dbec869
IN-PC-2008-uttar-pradesh-112,uttar-pradesh,2019,71,SALEMPUR,VISHRAM,parties.IN.IND,4823,0.52,7,forfeit,U,,12th Pass,,challenger,src-31c65dbec869
IN-PC-2008-uttar-pradesh-112,uttar-pradesh,2019,71,SALEMPUR,SUMESHWAR NATH TIWARI,,3845,0.42,8,forfeit,U,,Post Graduate,Panchayat Member,challenger,src-31c65dbec869
IN-PC-2008-uttar-pradesh-112,uttar-pradesh,2019,71,SALEMPUR,VIDYA SHANKER PANDEY,parties.IN.IND,2434,0.26,9,forfeit,U,,Post Graduate,,challenger,src-31c65dbec869
IN-PC-2008-uttar-pradesh-112,uttar-pradesh,2019,71,SALEMPUR,KAILASH CHAUHAN,,2420,0.26,10,forfeit,U,,Literate,,challenger,src-31c65dbec869
IN-PC-2008-uttar-pradesh-112,uttar-pradesh,2019,71,SALEMPUR,CHHOTELAL,parties.IN.IND,2286,0.25,11,forfeit,U,,Post Graduate,,challenger,src-31c65dbec869
IN-PC-2008-uttar-pradesh-112,uttar-pradesh,2019,71,SALEMPUR,AJIMULLAH,parties.IN.PECP,2207,0.24,12,forfeit,U,,Post Graduate,Retired Teacher,challenger,src-31c65dbec869
IN-PC-2008-uttar-pradesh-112,uttar-pradesh,2019,71,SALEMPUR,PUJA PANDEY,,1757,0.19,13,forfeit,U,,12th Pass,Household,challenger,src-31c65dbec869
IN-PC-2008-uttar-pradesh-112,uttar-pradesh,2019,71,SALEMPUR,RAMJI PRATAP JIGYASU,parties.IN.HND,1598,0.17,14,forfeit,U,,12th Pass,,challenger,src-31c65dbec869
IN-PC-2008-uttar-pradesh-112,uttar-pradesh,2019,71,SALEMPUR,MOHD SAROOR ALI,parties.IN.JAC,1566,0.17,15,forfeit,U,,Graduate,,challenger,src-31c65dbec869
IN-PC-2008-uttar-pradesh-112,uttar-pradesh,2019,71,SALEMPUR,KRIPA SHANKAR PRASAD,,1301,0.14,16,forfeit,U,,Graduate Professional,Lawyer,challenger,src-31c65dbec869
IN-PC-2008-uttar-pradesh-74,uttar-pradesh,2019,72,BALLIA,Virendra Singh,parties.IN.BJP,469114,47.4,1,won,U,,Graduate,,incumbent,src-31c65dbec869
IN-PC-2008-uttar-pradesh-74,uttar-pradesh,2019,72,BALLIA,Sanatan Pandey,parties.IN.SP,453595,45.83,2,lost,U,,Others,,challenger,src-31c65dbec869
IN-PC-2008-uttar-pradesh-74,uttar-pradesh,2019,72,BALLIA,Vinod,parties.IN.SBSP,35900,3.63,3,forfeit,U,,12th Pass,,challenger,src-31c65dbec869
IN-PC-2008-uttar-pradesh-74,uttar-pradesh,2019,72,BALLIA,Major Ramesh Chandra Upadhyay,parties.IN.IND,5440,0.55,5,forfeit,U,,,,challenger,src-31c65dbec869
IN-PC-2008-uttar-pradesh-74,uttar-pradesh,2019,72,BALLIA,ARVIND,,4025,0.41,6,forfeit,U,,12th Pass,,challenger,src-31c65dbec869
IN-PC-2008-uttar-pradesh-74,uttar-pradesh,2019,72,BALLIA,GOPAL RAM KHARWAR,parties.IN.GGP,4002,0.4,7,forfeit,U,,12th Pass,,challenger,src-31c65dbec869
IN-PC-2008-uttar-pradesh-74,uttar-pradesh,2019,72,BALLIA,Janmejay Kumar Prajapati,,2454,0.25,8,forfeit,U,,Others,,challenger,src-31c65dbec869
IN-PC-2008-uttar-pradesh-74,uttar-pradesh,2019,72,BALLIA,Seema Chauhan,,2453,0.25,9,forfeit,U,,Graduate,,challenger,src-31c65dbec869
IN-PC-2008-uttar-pradesh-74,uttar-pradesh,2019,72,BALLIA,OM PRAKASH PANDEY,parties.IN.IND,1775,0.18,10,forfeit,U,,Graduate Professional,School Teacher,challenger,src-31c65dbec869
IN-PC-2008-uttar-pradesh-74,uttar-pradesh,2019,72,BALLIA,Uday Prakash,,1359,0.14,11,forfeit,U,,Post Graduate,School Teacher,challenger,src-31c65dbec869
IN-PC-2008-uttar-pradesh-92,uttar-pradesh,2019,74,MACHHLISHAHR,Bholanath (B.P. Saroj),parties.IN.BJP,488397,47.19,1,won,U,,Graduate,,crossover,src-31c65dbec869
IN-PC-2008-uttar-pradesh-92,uttar-pradesh,2019,74,MACHHLISHAHR,Tribhuvan Ram (T.Ram),parties.IN.BSP,488216,47.17,2,lost,U,,Graduate,,challenger,src-31c65dbec869
IN-PC-2008-uttar-pradesh-92,uttar-pradesh,2019,74,MACHHLISHAHR,Raj Nath,parties.IN.SBSP,11223,1.08,3,forfeit,U,,Post Graduate,,challenger,src-31c65dbec869
IN-PC-2008-uttar-pradesh-92,uttar-pradesh,2019,74,MACHHLISHAHR,Dr. Amarnath Paswan,parties.IN.JANADIP,7622,0.74,5,forfeit,U,,Doctorate,College Professor or Lecturer,challenger,src-31c65dbec869
IN-PC-2008-uttar-pradesh-92,uttar-pradesh,2019,74,MACHHLISHAHR,Deepak Kumar (Nanhe),parties.IN.IND,5019,0.48,6,forfeit,U,,,,challenger,src-31c65dbec869
IN-PC-2008-uttar-pradesh-92,uttar-pradesh,2019,74,MACHHLISHAHR,Ram Naresh,,4273,0.41,7,forfeit,U,,Post Graduate,,challenger,src-31c65dbec869
IN-PC-2008-uttar-pradesh-92,uttar-pradesh,2019,74,MACHHLISHAHR,Gangaram,parties.IN.IND,3168,0.31,8,forfeit,U,,8th Pass,,challenger,src-31c65dbec869
IN-PC-2008-uttar-pradesh-92,uttar-pradesh,2019,74,MACHHLISHAHR,Deep Chand Ram Urf B.D.O Sahab,,2814,0.27,9,forfeit,U,,,,challenger,src-31c65dbec869
IN-PC-2008-uttar-pradesh-92,uttar-pradesh,2019,74,MACHHLISHAHR,Chanchal Kumar,parties.IN.RSPS,2620,0.25,10,forfeit,U,,Post Graduate,,challenger,src-31c65dbec869
IN-PC-2008-uttar-pradesh-92,uttar-pradesh,2019,74,MACHHLISHAHR,Garib,,2477,0.24,11,forfeit,U,,,,challenger,src-31c65dbec869
IN-PC-2008-uttar-pradesh-92,uttar-pradesh,2019,74,MACHHLISHAHR,Rajkeshar,,2041,0.2,12,forfeit,U,,,,challenger,src-31c65dbec869
IN-PC-2008-uttar-pradesh-92,uttar-pradesh,2019,74,MACHHLISHAHR,Brijesh Kumar,parties.IN.RPI,1999,0.19,13,forfeit,U,,12th Pass,Shop Keeper,challenger,src-31c65dbec869
IN-PC-2008-uttar-pradesh-92,uttar-pradesh,2019,74,MACHHLISHAHR,Nandlal,parties.IN.BHAPRAP,1491,0.14,14,forfeit,U,,8th Pass,,challenger,src-31c65dbec869
IN-PC-2008-uttar-pradesh-92,uttar-pradesh,2019,74,MACHHLISHAHR,Jitendra,,1425,0.14,15,forfeit,U,,Graduate,,challenger,src-31c65dbec869
IN-PC-2008-uttar-pradesh-92,uttar-pradesh,2019,74,MACHHLISHAHR,Dasharath,,1310,0.13,16,forfeit,U,,12th Pass,,challenger,src-31c65dbec869
IN-PC-2008-uttar-pradesh-129,uttar-pradesh,2019,76,CHANDAULI,Dr. Mahendra Nath Pandey,parties.IN.BJP,510733,47.07,1,won,U,,Doctorate,Rent,incumbent,src-31c65dbec869
IN-PC-2008-uttar-pradesh-129,uttar-pradesh,2019,76,CHANDAULI,Sanjay Singh Chauhan,parties.IN.SP,496774,45.79,2,lost,U,,Post Graduate,,challenger,src-31c65dbec869
IN-PC-2008-uttar-pradesh-129,uttar-pradesh,2019,76,CHANDAULI,Shivkanya Kushwaha,parties.IN.JANADIP,22291,2.05,3,forfeit,U,,5th Pass,Agricultural Business,crossover,src-31c65dbec869
IN-PC-2008-uttar-pradesh-129,uttar-pradesh,2019,76,CHANDAULI,Ramgovind,parties.IN.SBSP,18985,1.75,4,forfeit,U,,Graduate Professional,School Teacher,challenger,src-31c65dbec869
IN-PC-2008-uttar-pradesh-129,uttar-pradesh,2019,76,CHANDAULI,Liyakat Ali,parties.IN.IND,5416,0.5,6,forfeit,U,,Graduate Professional,,challenger,src-31c65dbec869
IN-PC-2008-uttar-pradesh-129,uttar-pradesh,2019,76,CHANDAULI,Mahender Yadav,,4225,0.39,7,forfeit,U,,Graduate Professional,Lawyer,challenger,src-31c65dbec869
IN-PC-2008-uttar-pradesh-129,uttar-pradesh,2019,76,CHANDAULI,Arjun Pandey,,4096,0.38,8,forfeit,U,,Post Graduate,,challenger,src-31c65dbec869
IN-PC-2008-uttar-pradesh-129,uttar-pradesh,2019,76,CHANDAULI,Rajesh Vishwakarma,,3081,0.28,9,forfeit,U,,12th Pass,,challenger,src-31c65dbec869
IN-PC-2008-uttar-pradesh-129,uttar-pradesh,2019,76,CHANDAULI,Krishna Pratap Singh,,2744,0.25,10,forfeit,U,,Post Graduate,,challenger,src-31c65dbec869
IN-PC-2008-uttar-pradesh-129,uttar-pradesh,2019,76,CHANDAULI,Shivratri,,2261,0.21,11,forfeit,U,,5th Pass,,challenger,src-31c65dbec869
IN-PC-2008-uttar-pradesh-129,uttar-pradesh,2019,76,CHANDAULI,Jangbahadur,,1172,0.11,12,forfeit,U,,12th Pass,,challenger,src-31c65dbec869
IN-PC-2008-uttar-pradesh-129,uttar-pradesh,2019,76,CHANDAULI,Mahendra Pratap Singh,,1127,0.1,13,forfeit,U,,12th Pass,,challenger,src-31c65dbec869
IN-PC-2008-uttar-pradesh-129,uttar-pradesh,2019,76,CHANDAULI,Byasmuni,,838,0.08,14,forfeit,U,,Post Graduate,,challenger,src-31c65dbec869
IN-PC-2008-uttar-pradesh-82,uttar-pradesh,2019,77,VARANASI,NARENDRA MODI,parties.IN.BJP,674664,63.62,1,won,U,,Post Graduate,Party Worker,incumbent,src-31c65dbec869
IN-PC-2008-uttar-pradesh-82,uttar-pradesh,2019,77,VARANASI,SHALINI YADAV,parties.IN.SP,195159,18.4,2,lost,U,,Graduate,Real Estate or Builder or Developer or Construction,challenger,src-31c65dbec869
IN-PC-2008-uttar-pradesh-82,uttar-pradesh,2019,77,VARANASI,AJAY RAI,parties.IN.INC,152548,14.38,3,forfeit,U,,Graduate,Ex MLA,challenger,src-31c65dbec869
IN-PC-2008-uttar-pradesh-82,uttar-pradesh,2019,77,VARANASI,SURENDRA RAJBHAR,parties.IN.SBSP,8892,0.84,4,forfeit,U,,10th Pass,,challenger,src-31c65dbec869
IN-PC-2008-uttar-pradesh-82,uttar-pradesh,2019,77,VARANASI,ANIL KUMAR CHAURASIYA,,2758,0.26,6,forfeit,U,,Graduate,,challenger,src-31c65dbec869
IN-PC-2008-uttar-pradesh-82,uttar-pradesh,2019,77,VARANASI,MANOHAR ANANDRAO PATIL,parties.IN.IND,2134,0.2,7,forfeit,U,,12th Pass,,challenger,src-31c65dbec869
IN-PC-2008-uttar-pradesh-82,uttar-pradesh,2019,77,VARANASI,HEENA SHAHID,,1914,0.18,8,forfeit,U,,Graduate,Self-employed,challenger,src-31c65dbec869
IN-PC-2008-uttar-pradesh-82,uttar-pradesh,2019,77,VARANASI,Dr. SHEKH SIRAJ BABA,,1771,0.17,9,forfeit,U,,Graduate,,challenger,src-31c65dbec869
IN-PC-2008-uttar-pradesh-82,uttar-pradesh,2019,77,VARANASI,TIRBHUWAN SHARMA,,1695,0.16,10,forfeit,U,,Post Graduate,Lawyer,challenger,src-31c65dbec869
IN-PC-2008-uttar-pradesh-82,uttar-pradesh,2019,77,VARANASI,ADVOCATE PREM NATH SHARMA,,1606,0.15,11,forfeit,U,,Post Graduate,Lawyer,challenger,src-31c65dbec869
IN-PC-2008-uttar-pradesh-82,uttar-pradesh,2019,77,VARANASI,MAANAV,parties.IN.IND,1435,0.14,12,forfeit,U,,Graduate Professional,Private Company,challenger,src-31c65dbec869
IN-PC-2008-uttar-pradesh-82,uttar-pradesh,2019,77,VARANASI,HARI BHAI PATEL,,1340,0.13,13,forfeit,U,,Graduate,,challenger,src-31c65dbec869
IN-PC-2008-uttar-pradesh-82,uttar-pradesh,2019,77,VARANASI,RAJESH BHARTI SURYA,,1258,0.12,14,forfeit,U,,Graduate Professional,,challenger,src-31c65dbec869
IN-PC-2008-uttar-pradesh-82,uttar-pradesh,2019,77,VARANASI,RAMSHARAN,,1237,0.12,15,forfeit,U,,Doctorate,,challenger,src-31c65dbec869
IN-PC-2008-uttar-pradesh-82,uttar-pradesh,2019,77,VARANASI,SUNIL KUMAR,parties.IN.IND,1097,0.1,16,forfeit,U,,Graduate,,challenger,src-31c65dbec869
IN-PC-2008-uttar-pradesh-82,uttar-pradesh,2019,77,VARANASI,Dr. RAKESH PRATAP,,907,0.09,17,forfeit,U,,Doctorate,Home Teacher or Tuition,challenger,src-31c65dbec869
IN-PC-2008-uttar-pradesh-82,uttar-pradesh,2019,77,VARANASI,ATEEK AHMAD,parties.IN.IND,855,0.08,18,forfeit,U,,8th Pass,"Real Estate or Builder or Developer or Construction, Contractor",challenger,src-31c65dbec869
IN-PC-2008-uttar-pradesh-82,uttar-pradesh,2019,77,VARANASI,BRAJENDRA DUTT TRIPATHI,,838,0.08,19,forfeit,U,,Post Graduate,Lawyer,challenger,src-31c65dbec869
IN-PC-2008-uttar-pradesh-82,uttar-pradesh,2019,77,VARANASI,SUNNAM ISTARI,parties.IN.IND,798,0.08,20,forfeit,U,,Illiterate,,challenger,src-31c65dbec869
IN-PC-2008-uttar-pradesh-82,uttar-pradesh,2019,77,VARANASI,ISHWAR DAYAL SINGH SETH,parties.IN.IND,657,0.06,21,forfeit,U,,12th Pass,Shop Keeper,challenger,src-31c65dbec869
IN-PC-2008-uttar-pradesh-82,uttar-pradesh,2019,77,VARANASI,UMESH CHANDRA KATIYAR,,637,0.06,22,forfeit,U,,Graduate,,challenger,src-31c65dbec869
IN-PC-2008-uttar-pradesh-82,uttar-pradesh,2019,77,VARANASI,AMRESH MISHRA,parties.IN.BHAPRAP,555,0.05,23,forfeit,U,,Post Graduate,Author,challenger,src-31c65dbec869
IN-PC-2008-uttar-pradesh-82,uttar-pradesh,2019,77,VARANASI,AASHIN U. S.,,504,0.05,24,forfeit,U,,12th Pass,,challenger,src-31c65dbec869
IN-PC-2008-uttar-pradesh-82,uttar-pradesh,2019,77,VARANASI,ASHUTOSH KUMAR PANDEY,,499,0.05,25,forfeit,U,,Graduate,,challenger,src-31c65dbec869
IN-PC-2008-uttar-pradesh-82,uttar-pradesh,2019,77,VARANASI,MANISH SHRIVASTAVA,parties.IN.IND,350,0.03,26,forfeit,U,,12th Pass,Self-employed,challenger,src-31c65dbec869
IN-PC-2008-uttar-pradesh-82,uttar-pradesh,2019,77,VARANASI,CHANDRIKA PRASAD,parties.IN.IND,331,0.03,27,forfeit,U,,Graduate,Insurance Agent,challenger,src-31c65dbec869
IN-PC-2008-uttar-pradesh-134,uttar-pradesh,2019,78,BHADOHI,RAMESH CHAND,parties.IN.BJP,510029,49.07,1,won,U,,10th Pass,,challenger,src-31c65dbec869
IN-PC-2008-uttar-pradesh-134,uttar-pradesh,2019,78,BHADOHI,RANGNATH MISHRA,parties.IN.BSP,466414,44.87,2,lost,U,,Graduate,,challenger,src-31c65dbec869
IN-PC-2008-uttar-pradesh-134,uttar-pradesh,2019,78,BHADOHI,RAMAKANT,parties.IN.INC,25604,2.46,3,forfeit,U,,10th Pass,Transport,challenger,src-31c65dbec869
IN-PC-2008-uttar-pradesh-134,uttar-pradesh,2019,78,BHADOHI,SAIYYAD MOHAMMAD ARIF,parties.IN.IND,5050,0.49,5,forfeit,U,,8th Pass,,challenger,src-31c65dbec869
IN-PC-2008-uttar-pradesh-134,uttar-pradesh,2019,78,BHADOHI,Dr Rajesh Kumar Verma,parties.IN.PPID,4648,0.45,6,forfeit,U,,Doctorate,College Professor or Lecturer,challenger,src-31c65dbec869
IN-PC-2008-uttar-pradesh-134,uttar-pradesh,2019,78,BHADOHI,Akhilesh,parties.IN.NCP,4570,0.44,7,forfeit,U,,Doctorate,Lawyer,challenger,src-31c65dbec869
IN-PC-2008-uttar-pradesh-134,uttar-pradesh,2019,78,BHADOHI,SUSHIL,parties.IN.IND,4052,0.39,8,forfeit,U,,12th Pass,,challenger,src-31c65dbec869
IN-PC-2008-uttar-pradesh-134,uttar-pradesh,2019,78,BHADOHI,SANTLAL,parties.IN.IND,2764,0.27,9,forfeit,U,,5th Pass,,challenger,src-31c65dbec869
IN-PC-2008-uttar-pradesh-134,uttar-pradesh,2019,78,BHADOHI,VINOD,parties.IN.HND,1943,0.19,10,forfeit,U,,Post Graduate,College Professor or Lecturer,challenger,src-31c65dbec869
IN-PC-2008-uttar-pradesh-134,uttar-pradesh,2019,78,BHADOHI,Satish Bahadur,parties.IN.IND,1819,0.18,11,forfeit,U,,12th Pass,,challenger,src-31c65dbec869
IN-PC-2008-uttar-pradesh-134,uttar-pradesh,2019,78,BHADOHI,RAM SAKHA,parties.IN.IND,1764,0.17,12,forfeit,U,,Graduate,,challenger,src-31c65dbec869
IN-PC-2008-uttar-pradesh-134,uttar-pradesh,2019,78,BHADOHI,KULDEEP,parties.IN.IND,1646,0.16,13,forfeit,U,,Post Graduate,,challenger,src-31c65dbec869
IN-PC-2008-uttar-pradesh-116,uttar-pradesh,2019,79,MIRZAPUR,Anupriya Singh Patel,,591564,53.34,1,won,U,,Post Graduate,MP,incumbent,src-31c65dbec869
IN-PC-2008-uttar-pradesh-116,uttar-pradesh,2019,79,MIRZAPUR,Ramcharitra Nishad,parties.IN.SP,359556,32.42,2,lost,U,,12th Pass,MP,incumbent,src-31c65dbec869
IN-PC-2008-uttar-pradesh-116,uttar-pradesh,2019,79,MIRZAPUR,Lalitesh Pati Tripathi,parties.IN.INC,91501,8.25,3,forfeit,U,,Graduate,,challenger,src-31c65dbec869
IN-PC-2008-uttar-pradesh-116,uttar-pradesh,2019,79,MIRZAPUR,Radheshyam Inshan,,14142,1.28,5,forfeit,U,,8th Pass,,challenger,src-31c65dbec869
IN-PC-2008-uttar-pradesh-116,uttar-pradesh,2019,79,MIRZAPUR,Archana Mishra,,9206,0.83,6,forfeit,U,,Post Graduate,Household,challenger,src-31c65dbec869
IN-PC-2008-uttar-pradesh-116,uttar-pradesh,2019,79,MIRZAPUR,Jeera Bharti,,8553,0.77,7,forfeit,U,,Literate,Party Worker,crossover,src-31c65dbec869
IN-PC-2008-uttar-pradesh-116,uttar-pradesh,2019,79,MIRZAPUR,Adesh Tyagi,parties.IN.BHAPRAP,7921,0.71,8,forfeit,U,,Graduate,,challenger,src-31c65dbec869
IN-PC-2008-uttar-pradesh-116,uttar-pradesh,2019,79,MIRZAPUR,Dinesh Kumar Pal,parties.IN.RSPS,7145,0.64,9,forfeit,U,,Graduate,,challenger,src-31c65dbec869
IN-PC-2008-uttar-pradesh-116,uttar-pradesh,2019,79,MIRZAPUR,Ashish Kumar Tripathi,,4024,0.36,10,forfeit,U,,12th Pass,,challenger,src-31c65dbec869
IN-PC-2008-uttar-pradesh-142,uttar-pradesh,2019,80,ROBERTSGANJ,PAKAURI LAL KOL,,447914,45.32,1,won,U,,Literate,,crossover,src-31c65dbec869
IN-PC-2008-uttar-pradesh-142,uttar-pradesh,2019,80,ROBERTSGANJ,BHAI LAL,parties.IN.SP,393578,39.82,2,lost,U,,10th Pass,,crossover,src-31c65dbec869
IN-PC-2008-uttar-pradesh-142,uttar-pradesh,2019,80,ROBERTSGANJ,BHAGWATI PRASAD CHAUDHARI,parties.IN.INC,35269,3.57,3,forfeit,U,,Graduate Professional,,challenger,src-31c65dbec869
IN-PC-2008-uttar-pradesh-142,uttar-pradesh,2019,80,ROBERTSGANJ,ANUJ KUMAR KANAUJIA,,18338,1.86,5,forfeit,U,,Post Graduate,,challenger,src-31c65dbec869
IN-PC-2008-uttar-pradesh-142,uttar-pradesh,2019,80,ROBERTSGANJ,ASHOK KUMAR KANAUJIYA,parties.IN.CPI,17466,1.77,6,forfeit,U,,Graduate Professional,Lawyer,challenger,src-31c65dbec869
IN-PC-2008-uttar-pradesh-142,uttar-pradesh,2019,80,ROBERTSGANJ,S R DARAPURI,,11032,1.12,7,forfeit,U,,Graduate,,challenger,src-31c65dbec869
IN-PC-2008-uttar-pradesh-142,uttar-pradesh,2019,80,ROBERTSGANJ,RUBY PRASAD,,9130,0.92,8,forfeit,U,,Graduate,,challenger,src-31c65dbec869
IN-PC-2008-uttar-pradesh-142,uttar-pradesh,2019,80,ROBERTSGANJ,Vidya Prakash Kureel,parties.IN.IND,8791,0.89,9,forfeit,U,,Graduate,Ex Military,challenger,src-31c65dbec869
IN-PC-2008-uttar-pradesh-142,uttar-pradesh,2019,80,ROBERTSGANJ,PRABHUDAYAL,parties.IN.IND,8358,0.85,10,forfeit,U,,,,challenger,src-31c65dbec869
IN-PC-2008-uttar-pradesh-142,uttar-pradesh,2019,80,ROBERTSGANJ,ANITA KOL,parties.IN.JDU,6683,0.68,11,forfeit,U,,Graduate,,challenger,src-31c65dbec869
IN-PC-2008-uttar-pradesh-142,uttar-pradesh,2019,80,ROBERTSGANJ,Sunil Kumar,parties.IN.BHAPRAP,5793,0.59,12,forfeit,U,,12th Pass,,challenger,src-31c65dbec869
IN-PC-2008-uttar-pradesh-142,uttar-pradesh,2019,80,ROBERTSGANJ,KAILASH NATH,parties.IN.SBSP,4817,0.49,13,forfeit,U,,8th Pass,,challenger,src-31c65dbec869
IN-PC-2008-uttarakhand-29,uttarakhand,2019,1,TEHRI GARHWAL,MALA RAJYA LAXMI SHAH,parties.IN.BJP,565333,64.53,1,won,U,,12th Pass,,incumbent,src-31c65dbec869
IN-PC-2008-uttarakhand-29,uttarakhand,2019,1,TEHRI GARHWAL,PRITAM SINGH,parties.IN.INC,264747,30.22,2,lost,U,,Graduate Professional,Rent,challenger,src-31c65dbec869
IN-PC-2008-uttarakhand-29,uttarakhand,2019,1,TEHRI GARHWAL,GOPAL MANI,parties.IN.IND,10686,1.22,3,forfeit,U,,Post Graduate,Priest,challenger,src-31c65dbec869
IN-PC-2008-uttarakhand-29,uttarakhand,2019,1,TEHRI GARHWAL,RAJENDRA PUROHIT,,6626,0.76,4,forfeit,U,,Graduate,Agricultural Business,challenger,src-31c65dbec869
IN-PC-2008-uttarakhand-29,uttarakhand,2019,1,TEHRI GARHWAL,SARDAR KHAN (PAPPU),parties.IN.IND,5457,0.62,6,forfeit,U,,,,challenger,src-31c65dbec869
IN-PC-2008-uttarakhand-29,uttarakhand,2019,1,TEHRI GARHWAL,SATYAPAL,parties.IN.BSP,4582,0.52,7,forfeit,U,,5th Pass,,challenger,src-31c65dbec869
IN-PC-2008-uttarakhand-29,uttarakhand,2019,1,TEHRI GARHWAL,SANJAY GOYAL,parties.IN.IND,2406,0.27,8,forfeit,U,,10th Pass,Hospitality,challenger,src-31c65dbec869
IN-PC-2008-uttarakhand-29,uttarakhand,2019,1,TEHRI GARHWAL,BRIJ BHUSHAN KARANWAL,parties.IN.IND,1962,0.22,9,forfeit,U,,Post Graduate,Lawyer,challenger,src-31c65dbec869
IN-PC-2008-uttarakhand-29,uttarakhand,2019,1,TEHRI GARHWAL,MADHU SHAH,parties.IN.IND,1483,0.17,10,forfeit,U,,5th Pass,Shop Keeper,challenger,src-31c65dbec869
IN-PC-2008-uttarakhand-29,uttarakhand,2019,1,TEHRI GARHWAL,BARHM DEV JHA,parties.IN.IND,1446,0.17,11,forfeit,U,,Post Graduate,Lawyer,challenger,src-31c65dbec869
IN-PC-2008-uttarakhand-29,uttarakhand,2019,1,TEHRI GARHWAL,DAULAT KUNWAR,parties.IN.IND,1399,0.16,12,forfeit,U,,10th Pass,,challenger,src-31c65dbec869
IN-PC-2008-uttarakhand-29,uttarakhand,2019,1,TEHRI GARHWAL,JAY PRAKASH UPADHYAY,parties.IN.UKKD,1157,0.13,13,forfeit,U,,Graduate,,challenger,src-31c65dbec869
IN-PC-2008-uttarakhand-29,uttarakhand,2019,1,TEHRI GARHWAL,(CA) SANJAY KUNDALIYA,,1098,0.13,14,forfeit,U,,Graduate Professional,Accountant,challenger,src-31c65dbec869
IN-PC-2008-uttarakhand-29,uttarakhand,2019,1,TEHRI GARHWAL,ANU PANT,,723,0.08,15,forfeit,U,,Graduate Professional,,challenger,src-31c65dbec869
IN-PC-2008-uttarakhand-29,uttarakhand,2019,1,TEHRI GARHWAL,GAUTAM SINGH BISHT,,688,0.08,16,forfeit,U,,8th Pass,,challenger,src-31c65dbec869
IN-PC-2008-uttarakhand-26,uttarakhand,2019,2,GARHWAL,Tirath Singh Rawat,parties.IN.BJP,506980,68.25,1,won,U,,Post Graduate,,challenger,src-31c65dbec869
IN-PC-2008-uttarakhand-26,uttarakhand,2019,2,GARHWAL,Manish Khanduri,parties.IN.INC,204311,27.51,2,lost,U,,Post Graduate,,challenger,src-31c65dbec869
IN-PC-2008-uttarakhand-26,uttarakhand,2019,2,GARHWAL,Vinod Prasad Notiyal,parties.IN.IND,5302,0.71,4,forfeit,U,,8th Pass,,challenger,src-31c65dbec869
IN-PC-2008-uttarakhand-26,uttarakhand,2019,2,GARHWAL,Dilendrr Pal Singh,,5283,0.71,5,forfeit,U,,Others,,challenger,src-31c65dbec869
IN-PC-2008-uttarakhand-26,uttarakhand,2019,2,GARHWAL,Dr. Ramendra Singh Bhandari,parties.IN.IND,2190,0.29,6,forfeit,U,,Doctorate,,challenger,src-31c65dbec869
IN-PC-2008-uttarakhand-26,uttarakhand,2019,2,GARHWAL,Shanti Prasad Bhatt,parties.IN.UKKD,1951,0.26,7,forfeit,U,,12th Pass,,challenger,src-31c65dbec869
IN-PC-2008-uttarakhand-26,uttarakhand,2019,2,GARHWAL,Bhagwat Prasad,parties.IN.IND,1601,0.22,8,forfeit,U,,10th Pass,,challenger,src-31c65dbec869
IN-PC-2008-uttarakhand-26,uttarakhand,2019,2,GARHWAL,Anandmani Dutt Joshi,parties.IN.IND,1453,0.2,9,forfeit,U,,8th Pass,Priest,challenger,src-31c65dbec869
IN-PC-2008-uttarakhand-26,uttarakhand,2019,2,GARHWAL,Dr. Mukesh Semwal,,1437,0.19,10,forfeit,U,,Doctorate,,challenger,src-31c65dbec869
IN-PC-2008-uttarakhand-25,uttarakhand,2019,3,ALMORA,Ajay Tamta,parties.IN.BJP,444651,64.03,1,won,U,,12th Pass,Transport,incumbent,src-31c65dbec869
IN-PC-2008-uttarakhand-25,uttarakhand,2019,3,ALMORA,Pradeep Tamta,parties.IN.INC,211665,30.48,2,lost,U,,Post Graduate,MP,challenger,src-31c65dbec869
IN-PC-2008-uttarakhand-25,uttarakhand,2019,3,ALMORA,Sunder Dhoni (Advocate),parties.IN.BSP,10190,1.47,4,forfeit,U,,Post Graduate,,challenger,src-31c65dbec869
IN-PC-2008-uttarakhand-25,uttarakhand,2019,3,ALMORA,Advocate Vimla Arya,,5351,0.77,5,forfeit,U,,Graduate,Lawyer,challenger,src-31c65dbec869
IN-PC-2008-uttarakhand-25,uttarakhand,2019,3,ALMORA,K.L. Arya,parties.IN.UKKD,4060,0.58,6,forfeit,U,,Literate,,challenger,src-31c65dbec869
IN-PC-2008-uttarakhand-25,uttarakhand,2019,3,ALMORA,Dropadi Verma,,3050,0.44,7,forfeit,U,,Post Graduate,Lawyer,challenger,src-31c65dbec869
IN-PC-2008-uttarakhand-28,uttarakhand,2019,4,NAINITAL-UDHAMSINGH NAGAR,Ajay Bhatt,parties.IN.BJP,772195,61.35,1,won,U,,Graduate Professional,Party Worker,challenger,src-31c65dbec869
IN-PC-2008-uttarakhand-28,uttarakhand,2019,4,NAINITAL-UDHAMSINGH NAGAR,Harish Rawat,parties.IN.INC,433099,34.41,2,lost,U,,Graduate Professional,Ex MP,challenger,src-31c65dbec869
IN-PC-2008-uttarakhand-28,uttarakhand,2019,4,NAINITAL-UDHAMSINGH NAGAR,Er. Navneet Agarwal,parties.IN.BSP,28455,2.26,3,forfeit,U,,Graduate Professional,,challenger,src-31c65dbec869
IN-PC-2008-uttarakhand-28,uttarakhand,2019,4,NAINITAL-UDHAMSINGH NAGAR,Comrade Dr. Kailash Pandey,,5488,0.44,5,forfeit,U,,Doctorate,,challenger,src-31c65dbec869
IN-PC-2008-uttarakhand-28,uttarakhand,2019,4,NAINITAL-UDHAMSINGH NAGAR,Prem Prasad Arya,,3339,0.27,6,forfeit,U,,Graduate,,challenger,src-31c65dbec869
IN-PC-2008-uttarakhand-28,uttarakhand,2019,4,NAINITAL-UDHAMSINGH NAGAR,Sukumar Vishvas,parties.IN.IND,3333,0.26,7,forfeit,U,,Literate,,challenger,src-31c65dbec869
IN-PC-2008-uttarakhand-28,uttarakhand,2019,4,NAINITAL-UDHAMSINGH NAGAR,Er. Jyoti Prakash Tamta,parties.IN.BMUP,2053,0.16,8,forfeit,U,,Others,,challenger,src-31c65dbec869
IN-PC-2008-uttarakhand-27,uttarakhand,2019,5,HARDWAR,Ramesh Pokhriyal 'Nishank',parties.IN.BJP,665674,52.37,1,won,U,,Doctorate,Author,incumbent,src-31c65dbec869
IN-PC-2008-uttarakhand-27,uttarakhand,2019,5,HARDWAR,Ambrish Kumar,parties.IN.INC,406945,32.02,2,lost,U,,Post Graduate,,crossover,src-31c65dbec869
IN-PC-2008-uttarakhand-27,uttarakhand,2019,5,HARDWAR,Dr. Antriksh Saini,parties.IN.BSP,173528,13.65,3,forfeit,U,,Graduate Professional,Doctor,challenger,src-31c65dbec869
IN-PC-2008-uttarakhand-27,uttarakhand,2019,5,HARDWAR,Tribirendra Singh Rawat,,3573,0.28,5,forfeit,U,,12th Pass,,challenger,src-31c65dbec869
IN-PC-2008-uttarakhand-27,uttarakhand,2019,5,HARDWAR,Thakur Manish Singh (Verma) (Swabhimani),parties.IN.IND,2913,0.23,6,forfeit,U,,,,challenger,src-31c65dbec869
IN-PC-2008-uttarakhand-27,uttarakhand,2019,5,HARDWAR,Shishupal Singh,parties.IN.IND,2552,0.2,7,forfeit,U,,12th Pass,,challenger,src-31c65dbec869
IN-PC-2008-uttarakhand-27,uttarakhand,2019,5,HARDWAR,Surendra Kumar Upadhayay,parties.IN.UKKD,1662,0.13,8,forfeit,U,,,,challenger,src-31c65dbec869
IN-PC-2008-uttarakhand-27,uttarakhand,2019,5,HARDWAR,Bachi Singh,parties.IN.IND,1367,0.11,9,forfeit,U,,8th Pass,,challenger,src-31c65dbec869
IN-PC-2008-uttarakhand-27,uttarakhand,2019,5,HARDWAR,Aadil,parties.IN.IND,1319,0.1,10,forfeit,U,,Literate,,challenger,src-31c65dbec869
IN-PC-2008-uttarakhand-27,uttarakhand,2019,5,HARDWAR,Dharmendra,parties.IN.IND,1134,0.09,11,forfeit,U,,Post Graduate,,challenger,src-31c65dbec869
IN-PC-2008-uttarakhand-27,uttarakhand,2019,5,HARDWAR,Narendra Chauhan,,937,0.07,12,forfeit,U,,Graduate,,challenger,src-31c65dbec869
IN-PC-2008-uttarakhand-27,uttarakhand,2019,5,HARDWAR,Reenu,parties.IN.HND,897,0.07,13,forfeit,U,,Post Graduate,,challenger,src-31c65dbec869
IN-PC-2008-uttarakhand-27,uttarakhand,2019,5,HARDWAR,Bhanpal Singh,parties.IN.BMUP,803,0.06,14,forfeit,U,,Post Graduate,,challenger,src-31c65dbec869
IN-PC-2008-uttarakhand-27,uttarakhand,2019,5,HARDWAR,Lalit Kumar,parties.IN.PPID,738,0.06,15,forfeit,U,,Post Graduate,,challenger,src-31c65dbec869
IN-PC-2008-uttarakhand-27,uttarakhand,2019,5,HARDWAR,Furkan Ali Advocate,,707,0.06,16,forfeit,U,,Post Graduate,Lawyer,challenger,src-31c65dbec869
IN-PC-2008-west-bengal-232,west-bengal,2019,1,COOCH BEHAR,NISITH PRAMANIK,parties.IN.BJP,731594,47.98,1,won,U,,8th Pass,School Teacher,challenger,src-31c65dbec869
IN-PC-2008-west-bengal-232,west-bengal,2019,1,COOCH BEHAR,ADHIKARY PARESH CHANDRA,parties.IN.AITC,677363,44.43,2,lost,U,,12th Pass,,challenger,src-31c65dbec869
IN-PC-2008-west-bengal-232,west-bengal,2019,1,COOCH BEHAR,GOBINDA CHANDRA ROY,parties.IN.AIFB,46810,3.07,3,forfeit,U,,Post Graduate,Retired Teacher,challenger,src-31c65dbec869
IN-PC-2008-west-bengal-232,west-bengal,2019,1,COOCH BEHAR,PIYA ROY CHOWDHURY,parties.IN.INC,28215,1.85,4,forfeit,U,,Post Graduate,School Teacher,challenger,src-31c65dbec869
IN-PC-2008-west-bengal-232,west-bengal,2019,1,COOCH BEHAR,NIRMAL KUMAR ROY,parties.IN.IND,7069,0.46,6,forfeit,U,,Graduate,,challenger,src-31c65dbec869
IN-PC-2008-west-bengal-232,west-bengal,2019,1,COOCH BEHAR,HAREKRISHNA SARKAR,parties.IN.IND,6145,0.4,7,forfeit,U,,Doctorate,College Professor or Lecturer,challenger,src-31c65dbec869
IN-PC-2008-west-bengal-232,west-bengal,2019,1,COOCH BEHAR,NARESH CHANDRA ROY,parties.IN.IND,4077,0.27,8,forfeit,U,,Post Graduate,Home Teacher or Tuition,challenger,src-31c65dbec869
IN-PC-2008-west-bengal-232,west-bengal,2019,1,COOCH BEHAR,PRABHAT ROY,,3174,0.21,9,forfeit,U,,Graduate,,challenger,src-31c65dbec869
IN-PC-2008-west-bengal-232,west-bengal,2019,1,COOCH BEHAR,KANGSA RAJ BARMAN,,2078,0.14,10,forfeit,U,,10th Pass,,challenger,src-31c65dbec869
IN-PC-2008-west-bengal-232,west-bengal,2019,1,COOCH BEHAR,SUBODH BARMAN,,1935,0.13,11,forfeit,U,,8th Pass,,challenger,src-31c65dbec869
IN-PC-2008-west-bengal-232,west-bengal,2019,1,COOCH BEHAR,DHANANJOY BARMAN,parties.IN.WPOI,1733,0.11,12,forfeit,U,,Post Graduate,,crossover,src-31c65dbec869
IN-PC-2008-west-bengal-217,west-bengal,2019,2,ALIPURDUARS,JOHN BARLA,parties.IN.BJP,750804,54.4,1,won,U,,8th Pass,,challenger,src-31c65dbec869
IN-PC-2008-west-bengal-217,west-bengal,2019,2,ALIPURDUARS,DASRATH TIRKEY,parties.IN.AITC,506815,36.72,2,lost,U,,Graduate,Party Worker,incumbent,src-31c65dbec869
IN-PC-2008-west-bengal-217,west-bengal,2019,2,ALIPURDUARS,MILI ORAON,parties.IN.RSP,54010,3.91,3,forfeit,U,,Post Graduate,Household,challenger,src-31c65dbec869
IN-PC-2008-west-bengal-217,west-bengal,2019,2,ALIPURDUARS,MOHANLAL BASUMATA,parties.IN.INC,27427,1.99,4,forfeit,U,,Graduate Professional,School Teacher,challenger,src-31c65dbec869
IN-PC-2008-west-bengal-217,west-bengal,2019,2,ALIPURDUARS,PRASEN JAYANT KINDO,parties.IN.IND,11518,0.83,6,forfeit,U,,Graduate,Self-employed,challenger,src-31c65dbec869
IN-PC-2008-west-bengal-217,west-bengal,2019,2,ALIPURDUARS,GERGORY TRIKEY,parties.IN.IND,4303,0.31,7,forfeit,U,,Graduate,,challenger,src-31c65dbec869
IN-PC-2008-west-bengal-217,west-bengal,2019,2,ALIPURDUARS,RABICHAN RABHA,,4165,0.3,8,forfeit,U,,10th Pass,,challenger,src-31c65dbec869
IN-PC-2008-west-bengal-240,west-bengal,2019,3,JALPAIGURI,Dr. JAYANTA KUMAR ROY,parties.IN.BJP,760145,50.65,1,won,U,,Graduate Professional,Doctor,challenger,src-31c65dbec869
IN-PC-2008-west-bengal-240,west-bengal,2019,3,JALPAIGURI,BIJOY CHANDRA BARMAN,parties.IN.AITC,576141,38.39,2,lost,U,,Post Graduate,Retired Teacher,incumbent,src-31c65dbec869
IN-PC-2008-west-bengal-240,west-bengal,2019,3,JALPAIGURI,BHAGIRATH CHANDRA ROY,,76166,5.07,3,forfeit,U,,Post Graduate,,challenger,src-31c65dbec869
IN-PC-2008-west-bengal-240,west-bengal,2019,3,JALPAIGURI,MANI KUMAR DARNAL,parties.IN.INC,28562,1.9,4,forfeit,U,,12th Pass,,challenger,src-31c65dbec869
IN-PC-2008-west-bengal-240,west-bengal,2019,3,JALPAIGURI,SUBHASH BISWAS,parties.IN.IND,10857,0.72,6,forfeit,U,,5th Pass,,challenger,src-31c65dbec869
IN-PC-2008-west-bengal-240,west-bengal,2019,3,JALPAIGURI,JIBAN KRISHNA MAJUMDER,parties.IN.BSP,8134,0.54,7,forfeit,U,,Graduate Professional,,challenger,src-31c65dbec869
IN-PC-2008-west-bengal-240,west-bengal,2019,3,JALPAIGURI,HAREKRISHNA SARKAR,parties.IN.IND,6095,0.41,8,forfeit,U,,Doctorate,"Principal or Administrator, College Professor or Lecturer",challenger,src-31c65dbec869
IN-PC-2008-west-bengal-240,west-bengal,2019,3,JALPAIGURI,HARIBHAKTA SARDAR,,4692,0.31,9,forfeit,U,,10th Pass,,challenger,src-31c65dbec869
IN-PC-2008-west-bengal-240,west-bengal,2019,3,JALPAIGURI,SACHIMOHAN BARMAN,parties.IN.IND,3413,0.23,10,forfeit,U,,Post Graduate,Home Teacher or Tuition,challenger,src-31c65dbec869
IN-PC-2008-west-bengal-240,west-bengal,2019,3,JALPAIGURI,SUBAL CHANDRA ROY,,2685,0.18,11,forfeit,U,,12th Pass,,challenger,src-31c65dbec869
IN-PC-2008-west-bengal-240,west-bengal,2019,3,JALPAIGURI,KHUSHI RANJAN MONDAL,,2205,0.15,12,forfeit,U,,10th Pass,,challenger,src-31c65dbec869
IN-PC-2008-west-bengal-240,west-bengal,2019,3,JALPAIGURI,RANJIT KUMAR ROY,parties.IN.SWJP,1899,0.13,13,forfeit,U,,Graduate,School Teacher,challenger,src-31c65dbec869
IN-PC-2008-west-bengal-233,west-bengal,2019,4,DARJEELING,RAJU BISTA,parties.IN.BJP,750067,59.19,1,won,U,,Graduate,Managerial Position,challenger,src-31c65dbec869
IN-PC-2008-west-bengal-233,west-bengal,2019,4,DARJEELING,AMAR SINGH RAI,parties.IN.AITC,336624,26.56,2,lost,U,,Post Graduate,Retired Teacher,challenger,src-31c65dbec869
IN-PC-2008-west-bengal-233,west-bengal,2019,4,DARJEELING,Sankar Malakar,parties.IN.INC,65186,5.14,3,forfeit,U,,Graduate,Real Estate or Builder or Developer or Construction,challenger,src-31c65dbec869
IN-PC-2008-west-bengal-233,west-bengal,2019,4,DARJEELING,SAMAN PATHAK,,50524,3.99,4,forfeit,U,,Graduate,Activist,challenger,src-31c65dbec869
IN-PC-2008-west-bengal-233,west-bengal,2019,4,DARJEELING,RAJESH SINGH,parties.IN.IND,15973,1.26,5,forfeit,U,,12th Pass,,challenger,src-31c65dbec869
IN-PC-2008-west-bengal-233,west-bengal,2019,4,DARJEELING,NIRODE CHANDRA ADHIKARY,parties.IN.IND,10719,0.85,6,forfeit,U,,,,challenger,src-31c65dbec869
IN-PC-2008-west-bengal-233,west-bengal,2019,4,DARJEELING,HARKA BAHADUR CHHETRI,,6495,0.51,8,forfeit,U,,Doctorate,Retired Teacher,challenger,src-31c65dbec869
IN-PC-2008-west-bengal-233,west-bengal,2019,4,DARJEELING,DIGBIJAY MANDAL,parties.IN.IND,4117,0.32,9,forfeit,U,,10th Pass,,challenger,src-31c65dbec869
IN-PC-2008-west-bengal-233,west-bengal,2019,4,DARJEELING,RESEEKA CHETTRI,parties.IN.IND,3359,0.27,10,forfeit,U,,12th Pass,,challenger,src-31c65dbec869
IN-PC-2008-west-bengal-233,west-bengal,2019,4,DARJEELING,BHARAT DONG,,2952,0.23,11,forfeit,U,,8th Pass,,challenger,src-31c65dbec869
IN-PC-2008-west-bengal-233,west-bengal,2019,4,DARJEELING,SUDIP MANDAL,parties.IN.BSP,2259,0.18,12,forfeit,U,,12th Pass,,challenger,src-31c65dbec869
IN-PC-2008-west-bengal-233,west-bengal,2019,4,DARJEELING,AJAY DAHAL,parties.IN.IND,2199,0.17,13,forfeit,U,,12th Pass,Industrialist,challenger,src-31c65dbec869
IN-PC-2008-west-bengal-233,west-bengal,2019,4,DARJEELING,CHRISTOPHER GAHATRAJ,,1678,0.13,14,forfeit,U,,Graduate,Pastor,challenger,src-31c65dbec869
IN-PC-2008-west-bengal-233,west-bengal,2019,4,DARJEELING,DIPAK KUMAR ROY,,1539,0.12,15,forfeit,U,,10th Pass,,challenger,src-31c65dbec869
IN-PC-2008-west-bengal-233,west-bengal,2019,4,DARJEELING,SUNIL PANDIT,,1505,0.12,16,forfeit,U,,8th Pass,,challenger,src-31c65dbec869
IN-PC-2008-west-bengal-233,west-bengal,2019,4,DARJEELING,TANMAY DUTTA,,1449,0.11,17,forfeit,U,,Graduate,Party Worker,challenger,src-31c65dbec869
IN-PC-2008-west-bengal-254,west-bengal,2019,5,RAIGANJ,DEBASREE CHAUDHURI,parties.IN.BJP,511652,40.06,1,won,U,,Post Graduate,NGO,challenger,src-31c65dbec869
IN-PC-2008-west-bengal-254,west-bengal,2019,5,RAIGANJ,AGARWAL KANAIALAL,parties.IN.AITC,451078,35.32,2,lost,U,,Post Graduate,Self-employed,challenger,src-31c65dbec869
IN-PC-2008-west-bengal-254,west-bengal,2019,5,RAIGANJ,MD. SALIM,,182035,14.25,3,forfeit,U,,Post Graduate,Party Worker,incumbent,src-31c65dbec869
IN-PC-2008-west-bengal-254,west-bengal,2019,5,RAIGANJ,DEEPA DASMUNSI,parties.IN.INC,83662,6.55,4,forfeit,U,,Post Graduate,Musician or Artist,challenger,src-31c65dbec869
IN-PC-2008-west-bengal-254,west-bengal,2019,5,RAIGANJ,BINOY KUMAR DAS,parties.IN.IND,6925,0.54,6,forfeit,U,,Graduate,,challenger,src-31c65dbec869
IN-PC-2008-west-bengal-254,west-bengal,2019,5,RAIGANJ,MD. SAHAJAN BADSHA,parties.IN.IND,5054,0.4,7,forfeit,U,,Others,,challenger,src-31c65dbec869
IN-PC-2008-west-bengal-254,west-bengal,2019,5,RAIGANJ,CHURKA MURMU,parties.IN.BSP,4091,0.32,8,forfeit,U,,12th Pass,,challenger,src-31c65dbec869
IN-PC-2008-west-bengal-254,west-bengal,2019,5,RAIGANJ,LAKSHMAN MURMU,parties.IN.APOI,3269,0.26,9,forfeit,U,,12th Pass,,challenger,src-31c65dbec869
IN-PC-2008-west-bengal-254,west-bengal,2019,5,RAIGANJ,KUMARESH SARKAR,parties.IN.IND,3163,0.25,10,forfeit,U,,10th Pass,Self-employed,challenger,src-31c65dbec869
IN-PC-2008-west-bengal-254,west-bengal,2019,5,RAIGANJ,AKIK HOSSAIN CHOWDHURY,,2959,0.23,11,forfeit,U,,Graduate,,challenger,src-31c65dbec869
IN-PC-2008-west-bengal-254,west-bengal,2019,5,RAIGANJ,SANTHAPAN HASDAK,parties.IN.JMM,2831,0.22,12,forfeit,U,,Post Graduate,School Teacher,challenger,src-31c65dbec869
IN-PC-2008-west-bengal-254,west-bengal,2019,5,RAIGANJ,RAJU PAUL,parties.IN.IND,2638,0.21,13,forfeit,U,,10th Pass,,challenger,src-31c65dbec869
IN-PC-2008-west-bengal-254,west-bengal,2019,5,RAIGANJ,ADVOCATE ANJAY DEBSARMA,parties.IN.IND,2371,0.19,14,forfeit,U,,Post Graduate,Lawyer,challenger,src-31c65dbec869
IN-PC-2008-west-bengal-254,west-bengal,2019,5,RAIGANJ,SUJAN KRISHNA PAUL,,1632,0.13,15,forfeit,U,,Graduate,School Teacher,challenger,src-31c65dbec869
IN-PC-2008-west-bengal-221,west-bengal,2019,6,BALURGHAT,Sukanta Majumdar,parties.IN.BJP,539317,45.02,1,won,U,,Doctorate,"School Teacher, College Professor or Lecturer",challenger,src-31c65dbec869
IN-PC-2008-west-bengal-221,west-bengal,2019,6,BALURGHAT,Arpita Ghosh,parties.IN.AITC,506024,42.24,2,lost,U,,Graduate,Musician or Artist,incumbent,src-31c65dbec869
IN-PC-2008-west-bengal-221,west-bengal,2019,6,BALURGHAT,Ranen Barman,parties.IN.RSP,72990,6.09,3,forfeit,U,,10th Pass,,challenger,src-31c65dbec869
IN-PC-2008-west-bengal-221,west-bengal,2019,6,BALURGHAT,Abdus Sadek Sarkar,parties.IN.INC,36783,3.07,4,forfeit,U,,Graduate Professional,,crossover,src-31c65dbec869
IN-PC-2008-west-bengal-221,west-bengal,2019,6,BALURGHAT,Naran Tudu,parties.IN.JMM,6387,0.53,6,forfeit,U,,10th Pass,Home Teacher or Tuition,challenger,src-31c65dbec869
IN-PC-2008-west-bengal-221,west-bengal,2019,6,BALURGHAT,Muslima Khatun,parties.IN.IND,4950,0.41,7,forfeit,U,,10th Pass,Lawyer,challenger,src-31c65dbec869
IN-PC-2008-west-bengal-221,west-bengal,2019,6,BALURGHAT,Bibhuti Tudu,parties.IN.IND,4719,0.39,8,forfeit,U,,10th Pass,,challenger,src-31c65dbec869
IN-PC-2008-west-bengal-221,west-bengal,2019,6,BALURGHAT,Nalin Chandra Murmu,parties.IN.BSP,3320,0.28,9,forfeit,U,,10th Pass,Retired Teacher,challenger,src-31c65dbec869
IN-PC-2008-west-bengal-221,west-bengal,2019,6,BALURGHAT,Ranjit Kumar Mohanta,parties.IN.SHS,3300,0.28,10,forfeit,U,,Graduate,,challenger,src-31c65dbec869
IN-PC-2008-west-bengal-221,west-bengal,2019,6,BALURGHAT,Ranendra Nath Mali,parties.IN.BMUP,2007,0.17,11,forfeit,U,,12th Pass,Retired Teacher,challenger,src-31c65dbec869
IN-PC-2008-west-bengal-221,west-bengal,2019,6,BALURGHAT,Nubash Chandra Barman,,1763,0.15,12,forfeit,U,,12th Pass,,challenger,src-31c65dbec869
IN-PC-2008-west-bengal-221,west-bengal,2019,6,BALURGHAT,Biren Mahanta,,1526,0.13,13,forfeit,U,,Graduate Professional,Advocacy,challenger,src-31c65dbec869
IN-PC-2008-west-bengal-221,west-bengal,2019,6,BALURGHAT,Manas Chakraborty,,1349,0.11,14,forfeit,U,,10th Pass,Home Teacher or Tuition,challenger,src-31c65dbec869
IN-PC-2008-west-bengal-241,west-bengal,2019,8,MALDAHA DAKSHIN,ABU HASEM KHAN CHOWDHURY (DALU),parties.IN.INC,444270,34.73,1,won,U,,Doctorate,,incumbent,src-31c65dbec869
IN-PC-2008-west-bengal-241,west-bengal,2019,8,MALDAHA DAKSHIN,SREERUPA MITRA CHAUDHURY,parties.IN.BJP,436048,34.09,2,lost,U,,Post Graduate,,crossover,src-31c65dbec869
IN-PC-2008-west-bengal-241,west-bengal,2019,8,MALDAHA DAKSHIN,MD. MOAZZEM HOSSAIN,parties.IN.AITC,351353,27.47,3,lost,U,,Graduate Professional,Ex Civil Service,challenger,src-31c65dbec869
IN-PC-2008-west-bengal-241,west-bengal,2019,8,MALDAHA DAKSHIN,RATAN MANDAL,parties.IN.IND,9430,0.74,5,forfeit,U,,10th Pass,,challenger,src-31c65dbec869
IN-PC-2008-west-bengal-241,west-bengal,2019,8,MALDAHA DAKSHIN,FULCHAND MANDAL,parties.IN.BSP,6190,0.48,6,forfeit,U,,10th Pass,Doctor,crossover,src-31c65dbec869
IN-PC-2008-west-bengal-241,west-bengal,2019,8,MALDAHA DAKSHIN,ANGSHUDHAR MANDAL,,5605,0.44,7,forfeit,U,,Graduate,Party Worker,challenger,src-31c65dbec869
IN-PC-2008-west-bengal-241,west-bengal,2019,8,MALDAHA DAKSHIN,MANJUR ALAHI MUNSHI,parties.IN.IND,5543,0.43,8,forfeit,U,,12th Pass,,challenger,src-31c65dbec869
IN-PC-2008-west-bengal-241,west-bengal,2019,8,MALDAHA DAKSHIN,HASIM AKHTAR,parties.IN.IND,3869,0.3,9,forfeit,U,,Post Graduate,,challenger,src-31c65dbec869
IN-PC-2008-west-bengal-241,west-bengal,2019,8,MALDAHA DAKSHIN,NASMUL HOQUE,,2417,0.19,10,forfeit,U,,10th Pass,,challenger,src-31c65dbec869
IN-PC-2008-west-bengal-241,west-bengal,2019,8,MALDAHA DAKSHIN,PAPPU AHAMED,parties.IN.AHNP,2415,0.19,11,forfeit,U,,8th Pass,,challenger,src-31c65dbec869
IN-PC-2008-west-bengal-252,west-bengal,2019,9,JANGIPUR,KHALILUR RAHAMAN,parties.IN.AITC,562838,43.15,1,won,U,,Graduate,,challenger,src-31c65dbec869
IN-PC-2008-west-bengal-252,west-bengal,2019,9,JANGIPUR,MAFUJA KHATUN,parties.IN.BJP,317056,24.3,2,lost,U,,Graduate,,challenger,src-31c65dbec869
IN-PC-2008-west-bengal-252,west-bengal,2019,9,JANGIPUR,ABHIJIT MUKHERJEE,parties.IN.INC,255836,19.61,3,lost,U,,Graduate Professional,"Engineer, Qualified Professional",incumbent,src-31c65dbec869
IN-PC-2008-west-bengal-252,west-bengal,2019,9,JANGIPUR,MD. ZULFIKAR ALI,,95501,7.32,4,forfeit,U,,Post Graduate,"School Teacher, Principal or Administrator",challenger,src-31c65dbec869
IN-PC-2008-west-bengal-252,west-bengal,2019,9,JANGIPUR,DR. S.Q.R. ILYAS,parties.IN.WPOI,21302,1.63,5,forfeit,U,,Doctorate,,challenger,src-31c65dbec869
IN-PC-2008-west-bengal-252,west-bengal,2019,9,JANGIPUR,PRASAD HALDER,parties.IN.IND,12839,0.98,6,forfeit,U,,12th Pass,,challenger,src-31c65dbec869
IN-PC-2008-west-bengal-252,west-bengal,2019,9,JANGIPUR,TAIEDUL ISLAM,parties.IN.SDPI,11696,0.9,7,forfeit,U,,Graduate,,challenger,src-31c65dbec869
IN-PC-2008-west-bengal-252,west-bengal,2019,9,JANGIPUR,AVIJIT KHAMARU,parties.IN.IND,5790,0.44,9,forfeit,U,,10th Pass,Taxi Driver,challenger,src-31c65dbec869
IN-PC-2008-west-bengal-252,west-bengal,2019,9,JANGIPUR,SAMIRUDDIN,,3857,0.3,10,forfeit,U,,Graduate,Party Worker,challenger,src-31c65dbec869
IN-PC-2008-west-bengal-252,west-bengal,2019,9,JANGIPUR,SHAMIMUL ISLAM,parties.IN.BSP,3498,0.27,11,forfeit,U,,12th Pass,,challenger,src-31c65dbec869
IN-PC-2008-west-bengal-252,west-bengal,2019,9,JANGIPUR,DHANANJOY BANERJEE,,2936,0.23,12,forfeit,U,,Post Graduate,College Professor or Lecturer,crossover,src-31c65dbec869
IN-PC-2008-west-bengal-220,west-bengal,2019,10,BAHARAMPUR,ADHIR RANJAN CHOWDHURY,parties.IN.INC,591106,45.47,1,won,U,,10th Pass,Party Worker,incumbent,src-31c65dbec869
IN-PC-2008-west-bengal-220,west-bengal,2019,10,BAHARAMPUR,APURBA SARKAR (DAVID),parties.IN.AITC,510410,39.26,2,lost,U,,12th Pass,,challenger,src-31c65dbec869
IN-PC-2008-west-bengal-220,west-bengal,2019,10,BAHARAMPUR,KRISHNA JOYARDAR,parties.IN.BJP,143038,11,3,forfeit,U,,Graduate,,challenger,src-31c65dbec869
IN-PC-2008-west-bengal-220,west-bengal,2019,10,BAHARAMPUR,SAMIR BISWAS,parties.IN.IND,13682,1.05,5,forfeit,U,,8th Pass,,challenger,src-31c65dbec869
IN-PC-2008-west-bengal-220,west-bengal,2019,10,BAHARAMPUR,ID MOHAMMAD,parties.IN.RSP,13362,1.03,6,forfeit,U,,Graduate,,challenger,src-31c65dbec869
IN-PC-2008-west-bengal-220,west-bengal,2019,10,BAHARAMPUR,MD EZARUDDIN,,3046,0.23,7,forfeit,U,,Post Graduate,,challenger,src-31c65dbec869
IN-PC-2008-west-bengal-220,west-bengal,2019,10,BAHARAMPUR,KUSHADHAJ BALA,parties.IN.BSP,2914,0.22,8,forfeit,U,,12th Pass,,challenger,src-31c65dbec869
IN-PC-2008-west-bengal-220,west-bengal,2019,10,BAHARAMPUR,DURBADAL DAS,parties.IN.IND,2691,0.21,9,forfeit,U,,8th Pass,,challenger,src-31c65dbec869
IN-PC-2008-west-bengal-220,west-bengal,2019,10,BAHARAMPUR,ANISUL AMBIA,,2642,0.2,10,forfeit,U,,Graduate,Party Worker,challenger,src-31c65dbec869
IN-PC-2008-west-bengal-220,west-bengal,2019,10,BAHARAMPUR,KASHINATH DUTTA,parties.IN.RPIA,1803,0.14,11,forfeit,U,,12th Pass,Retired Teacher,challenger,src-31c65dbec869
IN-PC-2008-west-bengal-220,west-bengal,2019,10,BAHARAMPUR,ASISH SINGHA,parties.IN.SHS,1217,0.09,12,forfeit,U,,12th Pass,,challenger,src-31c65dbec869
IN-PC-2008-west-bengal-247,west-bengal,2019,11,MURSHIDABAD,ABU TAHER KHAN,parties.IN.AITC,604346,41.57,1,won,U,,8th Pass,Party Worker,challenger,src-31c65dbec869
IN-PC-2008-west-bengal-247,west-bengal,2019,11,MURSHIDABAD,"ABU HENA, S/O - LATE ABDUS SATTAR",parties.IN.INC,377929,26,2,lost,U,,Post Graduate,Lawyer,challenger,src-31c65dbec869
IN-PC-2008-west-bengal-247,west-bengal,2019,11,MURSHIDABAD,HUMAYUN KABIR,parties.IN.BJP,247809,17.05,3,lost,U,,12th Pass,,crossover,src-31c65dbec869
IN-PC-2008-west-bengal-247,west-bengal,2019,11,MURSHIDABAD,BADARUDDOZA KHAN,,180793,12.44,4,forfeit,U,,Graduate,MP,incumbent,src-31c65dbec869
IN-PC-2008-west-bengal-247,west-bengal,2019,11,MURSHIDABAD,HUMAYUN KABIR SEKH,parties.IN.IND,7180,0.49,6,forfeit,U,,8th Pass,,challenger,src-31c65dbec869
IN-PC-2008-west-bengal-247,west-bengal,2019,11,MURSHIDABAD,KAMARUJJAMAN (BAKUL) KHANDEKAR,,5655,0.39,7,forfeit,U,,12th Pass,Party Worker,challenger,src-31c65dbec869
IN-PC-2008-west-bengal-247,west-bengal,2019,11,MURSHIDABAD,MIJANUL HAQUE,parties.IN.BSP,4521,0.31,8,forfeit,U,,12th Pass,,challenger,src-31c65dbec869
IN-PC-2008-west-bengal-247,west-bengal,2019,11,MURSHIDABAD,MD. JALALUDDIN MONDAL,parties.IN.IND,4040,0.28,9,forfeit,U,,Post Graduate,,challenger,src-31c65dbec869
IN-PC-2008-west-bengal-247,west-bengal,2019,11,MURSHIDABAD,MD. HABIBUR RAHAMAN,,2839,0.2,10,forfeit,U,,Post Graduate,,challenger,src-31c65dbec869
IN-PC-2008-west-bengal-247,west-bengal,2019,11,MURSHIDABAD,"ABU HENA, S/O - SAZZAD ALI",parties.IN.IND,2503,0.17,11,forfeit,U,,12th Pass,,challenger,src-31c65dbec869
IN-PC-2008-west-bengal-247,west-bengal,2019,11,MURSHIDABAD,DHANANJOY SARKAR,parties.IN.BMUP,1115,0.08,12,forfeit,U,,Graduate,Home Teacher or Tuition,challenger,src-31c65dbec869
IN-PC-2008-west-bengal-224,west-bengal,2019,13,RANAGHAT,JAGANNATH SARKAR,parties.IN.BJP,783253,52.78,1,won,U,,Graduate Professional,School Teacher,challenger,src-31c65dbec869
IN-PC-2008-west-bengal-224,west-bengal,2019,13,RANAGHAT,RUPALI BISWAS,parties.IN.AITC,549825,37.05,2,lost,U,,Graduate,Household,challenger,src-31c65dbec869
IN-PC-2008-west-bengal-224,west-bengal,2019,13,RANAGHAT,BISWAS RAMA,,97771,6.59,3,forfeit,U,,Post Graduate,MLA,challenger,src-31c65dbec869
IN-PC-2008-west-bengal-224,west-bengal,2019,13,RANAGHAT,MINATI BISWAS,parties.IN.INC,23297,1.57,4,forfeit,U,,Graduate,,challenger,src-31c65dbec869
IN-PC-2008-west-bengal-224,west-bengal,2019,13,RANAGHAT,GAUTAM RAY,parties.IN.BSP,8569,0.58,6,forfeit,U,,12th Pass,Party Worker,challenger,src-31c65dbec869
IN-PC-2008-west-bengal-224,west-bengal,2019,13,RANAGHAT,HALDAR PARESH,,6454,0.43,7,forfeit,U,,5th Pass,Party Worker,challenger,src-31c65dbec869
IN-PC-2008-west-bengal-224,west-bengal,2019,13,RANAGHAT,BIDYUT BISWAS,parties.IN.IND,5729,0.39,8,forfeit,U,,8th Pass,,challenger,src-31c65dbec869
IN-PC-2008-west-bengal-228,west-bengal,2019,14,BANGAON,SHANTANU THAKUR,parties.IN.BJP,687622,48.85,1,won,U,,Graduate,Priest,challenger,src-31c65dbec869
IN-PC-2008-west-bengal-228,west-bengal,2019,14,BANGAON,MAMATA THAKUR,parties.IN.AITC,576028,40.92,2,lost,U,,5th Pass,,incumbent,src-31c65dbec869
IN-PC-2008-west-bengal-228,west-bengal,2019,14,BANGAON,ALAKESH DAS,,90122,6.4,3,forfeit,U,,Graduate Professional,Ex MP,challenger,src-31c65dbec869
IN-PC-2008-west-bengal-228,west-bengal,2019,14,BANGAON,SOURAV PROSAD,parties.IN.INC,22618,1.61,4,forfeit,U,,Post Graduate,Lawyer,challenger,src-31c65dbec869
IN-PC-2008-west-bengal-228,west-bengal,2019,14,BANGAON,ANIMESH CHANDRA HALDER,parties.IN.IND,9524,0.68,5,forfeit,U,,12th Pass,,challenger,src-31c65dbec869
IN-PC-2008-west-bengal-228,west-bengal,2019,14,BANGAON,CHANDAN MALLICK,parties.IN.BSP,4707,0.33,7,forfeit,U,,Graduate,School Teacher,challenger,src-31c65dbec869
IN-PC-2008-west-bengal-228,west-bengal,2019,14,BANGAON,SWAPAN MONDAL,,4544,0.32,8,forfeit,U,,Graduate,Party Worker,challenger,src-31c65dbec869
IN-PC-2008-west-bengal-228,west-bengal,2019,14,BANGAON,SAMARESH BISWAS,,1913,0.14,9,forfeit,U,,10th Pass,,challenger,src-31c65dbec869
IN-PC-2008-west-bengal-228,west-bengal,2019,14,BANGAON,SWAPAN KUMAR ROY,parties.IN.IND,1859,0.13,10,forfeit,U,,Post Graduate,School Teacher,challenger,src-31c65dbec869
IN-PC-2008-west-bengal-228,west-bengal,2019,14,BANGAON,SUBRATA BISWAS,parties.IN.BMUP,1291,0.09,11,forfeit,U,,Graduate,Shop Keeper,challenger,src-31c65dbec869
IN-PC-2008-west-bengal-242,west-bengal,2019,15,BARRACKPORE,ARJUN SINGH,parties.IN.BJP,472994,42.82,1,won,U,,10th Pass,,crossover,src-31c65dbec869
IN-PC-2008-west-bengal-242,west-bengal,2019,15,BARRACKPORE,DINESH TRIVEDI,parties.IN.AITC,458137,41.48,2,lost,U,,Post Graduate,MP,incumbent,src-31c65dbec869
IN-PC-2008-west-bengal-242,west-bengal,2019,15,BARRACKPORE,GARGI CHATTERJEE,,117456,10.63,3,forfeit,U,,Graduate,,challenger,src-31c65dbec869
IN-PC-2008-west-bengal-242,west-bengal,2019,15,BARRACKPORE,MD. ALAM,parties.IN.INC,15816,1.43,4,forfeit,U,,8th Pass,,crossover,src-31c65dbec869
IN-PC-2008-west-bengal-242,west-bengal,2019,15,BARRACKPORE,RAMU MANDI,parties.IN.IND,8136,0.74,6,forfeit,U,,8th Pass,,challenger,src-31c65dbec869
IN-PC-2008-west-bengal-242,west-bengal,2019,15,BARRACKPORE,Tapash Sarkar,parties.IN.BSP,3838,0.35,7,forfeit,U,,12th Pass,Party Worker,challenger,src-31c65dbec869
IN-PC-2008-west-bengal-242,west-bengal,2019,15,BARRACKPORE,Sourav Singh,parties.IN.IND,3534,0.32,8,forfeit,U,,12th Pass,,challenger,src-31c65dbec869
IN-PC-2008-west-bengal-242,west-bengal,2019,15,BARRACKPORE,MD. SHYEAD AHAMED,parties.IN.IND,2984,0.27,9,forfeit,U,,Literate,,challenger,src-31c65dbec869
IN-PC-2008-west-bengal-242,west-bengal,2019,15,BARRACKPORE,SHAMPA SIL,parties.IN.IND,2271,0.21,10,forfeit,U,,Graduate,,challenger,src-31c65dbec869
IN-PC-2008-west-bengal-242,west-bengal,2019,15,BARRACKPORE,GANESH DAS,parties.IN.IND,1705,0.15,11,forfeit,U,,10th Pass,,challenger,src-31c65dbec869
IN-PC-2008-west-bengal-242,west-bengal,2019,15,BARRACKPORE,Pradip Chaudhuri,,1632,0.15,12,forfeit,U,,Graduate,Ex Govt Employee,challenger,src-31c65dbec869
IN-PC-2008-west-bengal-242,west-bengal,2019,15,BARRACKPORE,GOPAL RAUT,parties.IN.IND,1042,0.09,13,forfeit,U,,8th Pass,,challenger,src-31c65dbec869
IN-PC-2008-west-bengal-242,west-bengal,2019,15,BARRACKPORE,KRISHANPAL BALMIKI,parties.IN.IND,858,0.08,14,forfeit,U,,10th Pass,Contractor,challenger,src-31c65dbec869
IN-PC-2008-west-bengal-242,west-bengal,2019,15,BARRACKPORE,Kundan Singh,parties.IN.IND,713,0.06,15,forfeit,U,,10th Pass,,challenger,src-31c65dbec869
IN-PC-2008-west-bengal-242,west-bengal,2019,15,BARRACKPORE,UDAY VEER CHOUDHURY,parties.IN.IND,670,0.06,16,forfeit,U,,Graduate Professional,Lawyer,challenger,src-31c65dbec869
IN-PC-2008-west-bengal-250,west-bengal,2019,16,DUM DUM,SOUGATA RAY,parties.IN.AITC,512062,42.51,1,won,U,,Post Graduate,Retired Teacher,incumbent,src-31c65dbec869
IN-PC-2008-west-bengal-250,west-bengal,2019,16,DUM DUM,SAMIK BHATTACHARYA,parties.IN.BJP,459060,38.11,2,lost,U,,Graduate,,challenger,src-31c65dbec869
IN-PC-2008-west-bengal-250,west-bengal,2019,16,DUM DUM,NEPALDEB BHATTACHARYA,,167590,13.91,3,forfeit,U,,Graduate,,challenger,src-31c65dbec869
IN-PC-2008-west-bengal-250,west-bengal,2019,16,DUM DUM,SAURAV SAHA,parties.IN.INC,29097,2.42,4,forfeit,U,,Graduate Professional,Lawyer,challenger,src-31c65dbec869
IN-PC-2008-west-bengal-250,west-bengal,2019,16,DUM DUM,NARESH CHANDRA BARUI,parties.IN.BSP,4974,0.41,6,forfeit,U,,Graduate,Home Teacher or Tuition,challenger,src-31c65dbec869
IN-PC-2008-west-bengal-250,west-bengal,2019,16,DUM DUM,SHANKAR DAS,,4379,0.36,7,forfeit,U,,8th Pass,,challenger,src-31c65dbec869
IN-PC-2008-west-bengal-250,west-bengal,2019,16,DUM DUM,SATYA BRATA BANDYOPADHYAY,,2964,0.25,8,forfeit,U,,Post Graduate,Lawyer,challenger,src-31c65dbec869
IN-PC-2008-west-bengal-250,west-bengal,2019,16,DUM DUM,TARUN KUMAR DAS,,2437,0.2,9,forfeit,U,,Post Graduate,College Professor or Lecturer,challenger,src-31c65dbec869
IN-PC-2008-west-bengal-250,west-bengal,2019,16,DUM DUM,INDRANIL BANERJEE,parties.IN.SHS,2395,0.2,10,forfeit,U,,Graduate,Qualified Professional,challenger,src-31c65dbec869
IN-PC-2008-west-bengal-250,west-bengal,2019,16,DUM DUM,SUBIR DAS,,2320,0.19,11,forfeit,U,,12th Pass,,challenger,src-31c65dbec869
IN-PC-2008-west-bengal-250,west-bengal,2019,16,DUM DUM,JHUMA SAHA,,1705,0.14,12,forfeit,U,,Graduate,Household,challenger,src-31c65dbec869
IN-PC-2008-west-bengal-250,west-bengal,2019,16,DUM DUM,AMIT SENGUPTA,,1186,0.1,13,forfeit,U,,12th Pass,Ex Military,challenger,src-31c65dbec869
IN-PC-2008-west-bengal-234,west-bengal,2019,17,BARASAT,Dr. Kakoli Ghoshdastidar,parties.IN.AITC,648444,46.47,1,won,U,,Post Graduate,Doctor,incumbent,src-31c65dbec869
IN-PC-2008-west-bengal-234,west-bengal,2019,17,BARASAT,Mrinal Kanti Debnath,parties.IN.BJP,538275,38.57,2,lost,U,,Graduate Professional,Doctor,challenger,src-31c65dbec869
IN-PC-2008-west-bengal-234,west-bengal,2019,17,BARASAT,Haripada Biswas,parties.IN.AIFB,124068,8.89,3,forfeit,U,,12th Pass,,challenger,src-31c65dbec869
IN-PC-2008-west-bengal-234,west-bengal,2019,17,BARASAT,Subrata Dutta,parties.IN.INC,37277,2.67,4,forfeit,U,,Graduate,,challenger,src-31c65dbec869
IN-PC-2008-west-bengal-234,west-bengal,2019,17,BARASAT,Sukumar Bala,parties.IN.BSP,9748,0.7,6,forfeit,U,,Post Graduate,,challenger,src-31c65dbec869
IN-PC-2008-west-bengal-234,west-bengal,2019,17,BARASAT,Mrinal Kanti Bhattacharjee,parties.IN.IND,5602,0.4,7,forfeit,U,,12th Pass,,challenger,src-31c65dbec869
IN-PC-2008-west-bengal-234,west-bengal,2019,17,BARASAT,Saurav Basu,,4428,0.32,8,forfeit,U,,8th Pass,,challenger,src-31c65dbec869
IN-PC-2008-west-bengal-234,west-bengal,2019,17,BARASAT,Bani Chakraborty,parties.IN.SHS,3119,0.22,9,forfeit,U,,Graduate,Self-employed,challenger,src-31c65dbec869
IN-PC-2008-west-bengal-234,west-bengal,2019,17,BARASAT,Debasish Biswas,,2349,0.17,10,forfeit,U,,10th Pass,,challenger,src-31c65dbec869
IN-PC-2008-west-bengal-234,west-bengal,2019,17,BARASAT,Tushar Ghosh,,1756,0.13,11,forfeit,U,,Graduate,,challenger,src-31c65dbec869
IN-PC-2008-west-bengal-234,west-bengal,2019,17,BARASAT,Oli Mahammad Mallick,,1307,0.09,12,forfeit,U,,12th Pass,,challenger,src-31c65dbec869
IN-PC-2008-west-bengal-234,west-bengal,2019,17,BARASAT,Dipankar Baidya,,1277,0.09,13,forfeit,U,,Graduate,,challenger,src-31c65dbec869
IN-PC-2008-west-bengal-239,west-bengal,2019,18,BASIRHAT,Nusrat Jahan Ruhi,parties.IN.AITC,782078,54.56,1,won,U,,12th Pass,,challenger,src-31c65dbec869
IN-PC-2008-west-bengal-239,west-bengal,2019,18,BASIRHAT,Sayantan Basu,parties.IN.BJP,431709,30.12,2,lost,U,,Post Graduate,Qualified Professional,challenger,src-31c65dbec869
IN-PC-2008-west-bengal-239,west-bengal,2019,18,BASIRHAT,Quazi Abdur Rahim,parties.IN.INC,104183,7.27,3,forfeit,U,,Post Graduate,,challenger,src-31c65dbec869
IN-PC-2008-west-bengal-239,west-bengal,2019,18,BASIRHAT,Pallab Sengupta,parties.IN.CPI,68316,4.77,4,forfeit,U,,Graduate,,challenger,src-31c65dbec869
IN-PC-2008-west-bengal-239,west-bengal,2019,18,BASIRHAT,Parimal Mistri,parties.IN.IND,10953,0.76,5,forfeit,U,,12th Pass,,challenger,src-31c65dbec869
IN-PC-2008-west-bengal-239,west-bengal,2019,18,BASIRHAT,Abul Kashem Dhali,parties.IN.BSP,4680,0.33,7,forfeit,U,,12th Pass,,challenger,src-31c65dbec869
IN-PC-2008-west-bengal-239,west-bengal,2019,18,BASIRHAT,Subhasis Kumar Bhowmik,parties.IN.IND,4301,0.3,8,forfeit,U,,12th Pass,Home Teacher or Tuition,challenger,src-31c65dbec869
IN-PC-2008-west-bengal-239,west-bengal,2019,18,BASIRHAT,Amiya Sarkar,parties.IN.IND,4065,0.28,9,forfeit,U,,Graduate,,challenger,src-31c65dbec869
IN-PC-2008-west-bengal-239,west-bengal,2019,18,BASIRHAT,Ajay Kumar Bain,,3824,0.27,10,forfeit,U,,Graduate,,challenger,src-31c65dbec869
IN-PC-2008-west-bengal-239,west-bengal,2019,18,BASIRHAT,Abdul Hannan Sardar,parties.IN.IND,3433,0.24,11,forfeit,U,,5th Pass,,challenger,src-31c65dbec869
IN-PC-2008-west-bengal-239,west-bengal,2019,18,BASIRHAT,Md. Tabarok Hossain Molla,,2707,0.19,12,forfeit,U,,Graduate,,challenger,src-31c65dbec869
IN-PC-2008-west-bengal-239,west-bengal,2019,18,BASIRHAT,Mizanoor Rahaman,parties.IN.IND,2375,0.17,13,forfeit,U,,8th Pass,Real Estate or Builder or Developer or Construction,challenger,src-31c65dbec869
IN-PC-2008-west-bengal-239,west-bengal,2019,18,BASIRHAT,Imamul Hasan Mallik,,1609,0.11,14,forfeit,U,,Graduate Professional,Lawyer,challenger,src-31c65dbec869
IN-PC-2008-west-bengal-227,west-bengal,2019,19,JAYNAGAR,PRATIMA MONDAL,parties.IN.AITC,761202,56.13,1,won,U,,Post Graduate,MP,incumbent,src-31c65dbec869
IN-PC-2008-west-bengal-227,west-bengal,2019,19,JAYNAGAR,DR. ASHOK KANDARY,parties.IN.BJP,444427,32.77,2,lost,U,,Graduate Professional,Doctor,challenger,src-31c65dbec869
IN-PC-2008-west-bengal-227,west-bengal,2019,19,JAYNAGAR,SUBHAS NASKAR,parties.IN.RSP,67913,5.01,3,forfeit,U,,Graduate,Party Worker,challenger,src-31c65dbec869
IN-PC-2008-west-bengal-227,west-bengal,2019,19,JAYNAGAR,JAYKRISHNA HALDAR,,38261,2.82,4,forfeit,U,,8th Pass,Party Worker,challenger,src-31c65dbec869
IN-PC-2008-west-bengal-227,west-bengal,2019,19,JAYNAGAR,TAPAN MONDAL,parties.IN.INC,18758,1.38,5,forfeit,U,,Post Graduate,Self-employed,challenger,src-31c65dbec869
IN-PC-2008-west-bengal-227,west-bengal,2019,19,JAYNAGAR,SANKAR DEB MONDAL,parties.IN.BSP,8533,0.63,7,forfeit,U,,12th Pass,Legal Professional,challenger,src-31c65dbec869
IN-PC-2008-west-bengal-227,west-bengal,2019,19,JAYNAGAR,SWAPAN KUMAR MANDAL,,3298,0.24,8,forfeit,U,,10th Pass,,challenger,src-31c65dbec869
IN-PC-2008-west-bengal-227,west-bengal,2019,19,JAYNAGAR,ASHOKE BAIRAGI,,3267,0.24,9,forfeit,U,,8th Pass,,challenger,src-31c65dbec869
IN-PC-2008-west-bengal-235,west-bengal,2019,20,MATHURAPUR,CHOUDHURY MOHAN JATUA,parties.IN.AITC,726828,51.84,1,won,U,,Post Graduate,Ex Civil Service,incumbent,src-31c65dbec869
IN-PC-2008-west-bengal-235,west-bengal,2019,20,MATHURAPUR,SHYAMAPRASAD HALDER,parties.IN.BJP,522854,37.29,2,lost,U,,Post Graduate,School Teacher,challenger,src-31c65dbec869
IN-PC-2008-west-bengal-235,west-bengal,2019,20,MATHURAPUR,DR. SARAT CHANDRA HALDAR,,92417,6.59,3,forfeit,U,,Graduate Professional,Doctor,challenger,src-31c65dbec869
IN-PC-2008-west-bengal-235,west-bengal,2019,20,MATHURAPUR,KRITTIBAS SARDAR,parties.IN.INC,32324,2.31,4,forfeit,U,,10th Pass,,challenger,src-31c65dbec869
IN-PC-2008-west-bengal-235,west-bengal,2019,20,MATHURAPUR,PURNA CHANDRA NAIYA,,6692,0.48,6,forfeit,U,,Graduate Professional,Lawyer,challenger,src-31c65dbec869
IN-PC-2008-west-bengal-235,west-bengal,2019,20,MATHURAPUR,PRONAB KUMAR JATUA,parties.IN.IND,6048,0.43,7,forfeit,U,,10th Pass,School Teacher,challenger,src-31c65dbec869
IN-PC-2008-west-bengal-235,west-bengal,2019,20,MATHURAPUR,SOUMEN SARKAR,parties.IN.BSP,4634,0.33,8,forfeit,U,,Post Graduate,,challenger,src-31c65dbec869
IN-PC-2008-west-bengal-235,west-bengal,2019,20,MATHURAPUR,ASIT KUMAR HALDAR,parties.IN.IND,1752,0.12,9,forfeit,U,,12th Pass,School Teacher,challenger,src-31c65dbec869
IN-PC-2008-west-bengal-235,west-bengal,2019,20,MATHURAPUR,AMITAV NASKAR,,1494,0.11,10,forfeit,U,,Post Graduate,,challenger,src-31c65dbec869
IN-PC-2008-west-bengal-238,west-bengal,2019,24,KOLKATA UTTAR,BANDYOPADHYAY SUDIP,parties.IN.AITC,474891,49.96,1,won,U,,Graduate Professional,MP,incumbent,src-31c65dbec869
IN-PC-2008-west-bengal-238,west-bengal,2019,24,KOLKATA UTTAR,RAHUL (BISWAJIT) SINHA,parties.IN.BJP,347796,36.59,2,lost,U,,Graduate,,challenger,src-31c65dbec869
IN-PC-2008-west-bengal-238,west-bengal,2019,24,KOLKATA UTTAR,KANINIKA BOSE (GHOSH),,71080,7.48,3,forfeit,U,,Post Graduate,"School Teacher, Principal or Administrator",challenger,src-31c65dbec869
IN-PC-2008-west-bengal-238,west-bengal,2019,24,KOLKATA UTTAR,SYED SHAHID IMAM,parties.IN.INC,26093,2.74,4,forfeit,U,,Graduate Professional,Lawyer,challenger,src-31c65dbec869
IN-PC-2008-west-bengal-238,west-bengal,2019,24,KOLKATA UTTAR,ANUJIT KUMAR NAN,parties.IN.IND,5737,0.6,6,forfeit,U,,Graduate,,challenger,src-31c65dbec869
IN-PC-2008-west-bengal-238,west-bengal,2019,24,KOLKATA UTTAR,DEBJIT ROY CHOWDHURY,parties.IN.IND,3713,0.39,7,forfeit,U,,Graduate Professional,,challenger,src-31c65dbec869
IN-PC-2008-west-bengal-238,west-bengal,2019,24,KOLKATA UTTAR,OMPRAKASH PRAJAPATI,parties.IN.BSP,2597,0.27,8,forfeit,U,,12th Pass,Trader,challenger,src-31c65dbec869
IN-PC-2008-west-bengal-238,west-bengal,2019,24,KOLKATA UTTAR,RATHINDRA NATH ROY,,1602,0.17,9,forfeit,U,,10th Pass,Self-employed,challenger,src-31c65dbec869
IN-PC-2008-west-bengal-238,west-bengal,2019,24,KOLKATA UTTAR,BIJNAN KUMAR BERA,,1315,0.14,10,forfeit,U,,Graduate Professional,Doctor,challenger,src-31c65dbec869
IN-PC-2008-west-bengal-238,west-bengal,2019,24,KOLKATA UTTAR,SUBHASH VERMA,,1301,0.14,11,forfeit,U,,5th Pass,,challenger,src-31c65dbec869
IN-PC-2008-west-bengal-238,west-bengal,2019,24,KOLKATA UTTAR,SUMANTA BHOWMICK,parties.IN.IND,1301,0.14,12,forfeit,U,,10th Pass,,challenger,src-31c65dbec869
IN-PC-2008-west-bengal-238,west-bengal,2019,24,KOLKATA UTTAR,RINKU GUPTA,,965,0.1,13,forfeit,U,,Others,,challenger,src-31c65dbec869
IN-PC-2008-west-bengal-238,west-bengal,2019,24,KOLKATA UTTAR,KALIPADA JANA,parties.IN.IND,924,0.1,14,forfeit,U,,8th Pass,,challenger,src-31c65dbec869
IN-PC-2008-west-bengal-238,west-bengal,2019,24,KOLKATA UTTAR,MANAS MAJUMDER,parties.IN.SHS,901,0.09,15,forfeit,U,,Graduate,,challenger,src-31c65dbec869
IN-PC-2008-west-bengal-238,west-bengal,2019,24,KOLKATA UTTAR,NARESH KR SINGH,parties.IN.JASP,712,0.07,16,forfeit,U,,10th Pass,,challenger,src-31c65dbec869
IN-PC-2008-west-bengal-238,west-bengal,2019,24,KOLKATA UTTAR,PANNA LAL SHAW,parties.IN.IND,599,0.06,17,forfeit,U,,8th Pass,,challenger,src-31c65dbec869
IN-PC-2008-west-bengal-238,west-bengal,2019,24,KOLKATA UTTAR,UTPAL BISWAS,parties.IN.IND,509,0.05,18,forfeit,U,,Graduate,,challenger,src-31c65dbec869
IN-PC-2008-west-bengal-238,west-bengal,2019,24,KOLKATA UTTAR,MIR TIPU SULTAN ALI,,503,0.05,19,forfeit,U,,8th Pass,,challenger,src-31c65dbec869
IN-PC-2008-west-bengal-238,west-bengal,2019,24,KOLKATA UTTAR,JOYDEB DAS,,480,0.05,20,forfeit,U,,8th Pass,,challenger,src-31c65dbec869
IN-PC-2008-west-bengal-238,west-bengal,2019,24,KOLKATA UTTAR,MANMOHAN GARODIA,,440,0.05,21,forfeit,U,,Graduate,Insurance Agent,challenger,src-31c65dbec869
IN-PC-2008-west-bengal-238,west-bengal,2019,24,KOLKATA UTTAR,MD IMTIAZ KHAN,parties.IN.BHAPRAP,418,0.04,22,forfeit,U,,12th Pass,,challenger,src-31c65dbec869
IN-PC-2008-west-bengal-258,west-bengal,2019,25,HOWRAH,Prasun Banerjee,parties.IN.AITC,576711,47.18,1,won,U,,Graduate,,incumbent,src-31c65dbec869
IN-PC-2008-west-bengal-258,west-bengal,2019,25,HOWRAH,Rantidev Sengupta,parties.IN.BJP,473016,38.7,2,lost,U,,Post Graduate,,challenger,src-31c65dbec869
IN-PC-2008-west-bengal-258,west-bengal,2019,25,HOWRAH,Sumitro Adhikary,,105547,8.64,3,forfeit,U,,Graduate Professional,,challenger,src-31c65dbec869
IN-PC-2008-west-bengal-258,west-bengal,2019,25,HOWRAH,SUVRA GHOSH,parties.IN.INC,32107,2.63,4,forfeit,U,,Graduate,,challenger,src-31c65dbec869
IN-PC-2008-west-bengal-258,west-bengal,2019,25,HOWRAH,SEKHAR MONDAL,parties.IN.IND,6447,0.53,5,forfeit,U,,12th Pass,,challenger,src-31c65dbec869
IN-PC-2008-west-bengal-258,west-bengal,2019,25,HOWRAH,SHAILENDRA KUMAR JAISWAL,parties.IN.IND,3949,0.32,7,forfeit,U,,Graduate,,challenger,src-31c65dbec869
IN-PC-2008-west-bengal-258,west-bengal,2019,25,HOWRAH,SISIR SAMANTA,parties.IN.IND,3555,0.29,8,forfeit,U,,10th Pass,,challenger,src-31c65dbec869
IN-PC-2008-west-bengal-258,west-bengal,2019,25,HOWRAH,SHYAM PRASAD RAM,parties.IN.IND,2028,0.17,9,forfeit,U,,8th Pass,Ex Govt Employee,challenger,src-31c65dbec869
IN-PC-2008-west-bengal-258,west-bengal,2019,25,HOWRAH,CHANDRA SEKHAR JHA,parties.IN.SHS,1840,0.15,10,forfeit,U,,Graduate Professional,Lawyer,challenger,src-31c65dbec869
IN-PC-2008-west-bengal-258,west-bengal,2019,25,HOWRAH,GAUTAM KUMAR SHAW,,1379,0.11,11,forfeit,U,,Graduate,,challenger,src-31c65dbec869
IN-PC-2008-west-bengal-258,west-bengal,2019,25,HOWRAH,Debasish Mandal,parties.IN.IND,1347,0.11,12,forfeit,U,,Graduate Professional,,challenger,src-31c65dbec869
IN-PC-2008-west-bengal-258,west-bengal,2019,25,HOWRAH,IMTIAZ AHMED MOLLAH,parties.IN.IND,1323,0.11,13,forfeit,U,,12th Pass,,challenger,src-31c65dbec869
IN-PC-2008-west-bengal-258,west-bengal,2019,25,HOWRAH,PANKAJ GAR,parties.IN.IND,1179,0.1,14,forfeit,U,,Literate,,challenger,src-31c65dbec869
IN-PC-2008-west-bengal-258,west-bengal,2019,25,HOWRAH,Md. Shanawaz,,1120,0.09,15,forfeit,U,,Post Graduate,Home Teacher or Tuition,challenger,src-31c65dbec869
IN-PC-2008-west-bengal-258,west-bengal,2019,25,HOWRAH,KASHI NATH MALICK,parties.IN.IND,1014,0.08,16,forfeit,U,,8th Pass,,challenger,src-31c65dbec869
IN-PC-2008-west-bengal-258,west-bengal,2019,25,HOWRAH,Kanai Sit,parties.IN.IND,1003,0.08,17,forfeit,U,,8th Pass,,challenger,src-31c65dbec869
IN-PC-2008-west-bengal-258,west-bengal,2019,25,HOWRAH,ASHRAF ALI,parties.IN.IND,975,0.08,18,forfeit,U,,10th Pass,Self-employed,challenger,src-31c65dbec869
IN-PC-2008-west-bengal-258,west-bengal,2019,25,HOWRAH,Sudarsan Manna,,730,0.06,19,forfeit,U,,10th Pass,,crossover,src-31c65dbec869
IN-PC-2008-west-bengal-258,west-bengal,2019,25,HOWRAH,Samir Mondal,parties.IN.IND,686,0.06,20,forfeit,U,,10th Pass,,challenger,src-31c65dbec869
IN-PC-2008-west-bengal-256,west-bengal,2019,26,ULUBERIA,SAJDA AHMED,parties.IN.AITC,694945,53,1,won,U,,Graduate,,incumbent,src-31c65dbec869
IN-PC-2008-west-bengal-256,west-bengal,2019,26,ULUBERIA,JOY BANERJEE,parties.IN.BJP,479586,36.58,2,lost,U,,Graduate,,challenger,src-31c65dbec869
IN-PC-2008-west-bengal-256,west-bengal,2019,26,ULUBERIA,MAKSUDA KHATUN,,81314,6.2,3,forfeit,U,,Doctorate,,challenger,src-31c65dbec869
IN-PC-2008-west-bengal-256,west-bengal,2019,26,ULUBERIA,Shoma Ranisree Roy,parties.IN.INC,27568,2.1,4,forfeit,U,,Post Graduate,,challenger,src-31c65dbec869
IN-PC-2008-west-bengal-256,west-bengal,2019,26,ULUBERIA,DURGADAS HAJRA,parties.IN.IND,6770,0.52,6,forfeit,U,,12th Pass,,challenger,src-31c65dbec869
IN-PC-2008-west-bengal-256,west-bengal,2019,26,ULUBERIA,SUSANTA KUMAR DALUI,parties.IN.IND,3077,0.23,7,forfeit,U,,10th Pass,School Teacher,challenger,src-31c65dbec869
IN-PC-2008-west-bengal-256,west-bengal,2019,26,ULUBERIA,ALIMUDDIN NAZIR,,2519,0.19,8,forfeit,U,,12th Pass,School Teacher,challenger,src-31c65dbec869
IN-PC-2008-west-bengal-256,west-bengal,2019,26,ULUBERIA,SIMAL SAREN,,2339,0.18,9,forfeit,U,,Graduate Professional,School Teacher,challenger,src-31c65dbec869
IN-PC-2008-west-bengal-256,west-bengal,2019,26,ULUBERIA,Amal Barman,parties.IN.IND,1885,0.14,10,forfeit,U,,10th Pass,,challenger,src-31c65dbec869
IN-PC-2008-west-bengal-256,west-bengal,2019,26,ULUBERIA,MINATI SARKAR,,1697,0.13,11,forfeit,U,,Graduate,,challenger,src-31c65dbec869
IN-PC-2008-west-bengal-237,west-bengal,2019,27,SRERAMPUR,KALYAN BANERJEE,parties.IN.AITC,637707,45.5,1,won,U,,Graduate Professional,Lawyer,incumbent,src-31c65dbec869
IN-PC-2008-west-bengal-237,west-bengal,2019,27,SRERAMPUR,DEBJIT SARKAR,parties.IN.BJP,539171,38.47,2,lost,U,,Graduate Professional,Lawyer,challenger,src-31c65dbec869
IN-PC-2008-west-bengal-237,west-bengal,2019,27,SRERAMPUR,TIRTHANKAR RAY,,152281,10.86,3,forfeit,U,,Graduate,Party Worker,challenger,src-31c65dbec869
IN-PC-2008-west-bengal-237,west-bengal,2019,27,SRERAMPUR,DEBABRATA BISWAS,parties.IN.INC,32509,2.32,4,forfeit,U,,Graduate,,challenger,src-31c65dbec869
IN-PC-2008-west-bengal-237,west-bengal,2019,27,SRERAMPUR,MANGAL SARKAR,parties.IN.IND,5092,0.36,6,forfeit,U,,8th Pass,,challenger,src-31c65dbec869
IN-PC-2008-west-bengal-237,west-bengal,2019,27,SRERAMPUR,SWAPAN MANNA,parties.IN.IND,4257,0.3,7,forfeit,U,,Graduate,Self-employed,challenger,src-31c65dbec869
IN-PC-2008-west-bengal-237,west-bengal,2019,27,SRERAMPUR,LACHMAN RAJAK,parties.IN.BSP,2593,0.18,8,forfeit,U,,10th Pass,,challenger,src-31c65dbec869
IN-PC-2008-west-bengal-237,west-bengal,2019,27,SRERAMPUR,AVASH MUNSHI,parties.IN.IND,2272,0.16,9,forfeit,U,,10th Pass,Party Worker,challenger,src-31c65dbec869
IN-PC-2008-west-bengal-237,west-bengal,2019,27,SRERAMPUR,PRADYUT CHOWDHURI,,1886,0.13,10,forfeit,U,,Graduate,Party Worker,challenger,src-31c65dbec869
IN-PC-2008-west-bengal-237,west-bengal,2019,27,SRERAMPUR,PRABHASH CHANDRA KAR,,1772,0.13,11,forfeit,U,,8th Pass,School Teacher,challenger,src-31c65dbec869
IN-PC-2008-west-bengal-237,west-bengal,2019,27,SRERAMPUR,KASHINATH MURMU,,1664,0.12,12,forfeit,U,,10th Pass,,challenger,src-31c65dbec869
IN-PC-2008-west-bengal-218,west-bengal,2019,28,HOOGHLY,LOCKET CHATTERJEE,parties.IN.BJP,671448,46.06,1,won,U,,Graduate,Actor,challenger,src-31c65dbec869
IN-PC-2008-west-bengal-218,west-bengal,2019,28,HOOGHLY,DR. RATNA DE (NAG),parties.IN.AITC,598086,41.03,2,lost,U,,Graduate Professional,Doctor,incumbent,src-31c65dbec869
IN-PC-2008-west-bengal-218,west-bengal,2019,28,HOOGHLY,PRADIP SAHA,,121588,8.34,3,forfeit,U,,12th Pass,,challenger,src-31c65dbec869
IN-PC-2008-west-bengal-218,west-bengal,2019,28,HOOGHLY,PRATUL CHANDRA SAHA,parties.IN.INC,25374,1.74,4,forfeit,U,,12th Pass,,challenger,src-31c65dbec869
IN-PC-2008-west-bengal-218,west-bengal,2019,28,HOOGHLY,BHASKAR GHOSH,,8082,0.55,6,forfeit,U,,Post Graduate,"School Teacher, Principal or Administrator",challenger,src-31c65dbec869
IN-PC-2008-west-bengal-218,west-bengal,2019,28,HOOGHLY,SAJAL ADHIKARI,,8012,0.55,7,forfeit,U,,Post Graduate,School Teacher,crossover,src-31c65dbec869
IN-PC-2008-west-bengal-218,west-bengal,2019,28,HOOGHLY,VIJAY KUMAR MAHATO,parties.IN.BSP,5138,0.35,8,forfeit,U,,10th Pass,School Teacher,challenger,src-31c65dbec869
IN-PC-2008-west-bengal-218,west-bengal,2019,28,HOOGHLY,NOOR HOSSAIN MONDAL,parties.IN.IND,3509,0.24,9,forfeit,U,,Literate,,challenger,src-31c65dbec869
IN-PC-2008-west-bengal-218,west-bengal,2019,28,HOOGHLY,DULAL CH. HEMBRAM,parties.IN.IND,3080,0.21,10,forfeit,U,,,,challenger,src-31c65dbec869
IN-PC-2008-west-bengal-257,west-bengal,2019,30,TAMLUK,Adhikari Dibyendu,parties.IN.AITC,724433,50.08,1,won,U,,Graduate,Transport,incumbent,src-31c65dbec869
IN-PC-2008-west-bengal-257,west-bengal,2019,30,TAMLUK,Sidharthashankar Naskar,parties.IN.BJP,534268,36.94,2,lost,U,,8th Pass,,challenger,src-31c65dbec869
IN-PC-2008-west-bengal-257,west-bengal,2019,30,TAMLUK,Sk Ibrahim Ali,,136129,9.41,3,forfeit,U,,Graduate,,challenger,src-31c65dbec869
IN-PC-2008-west-bengal-257,west-bengal,2019,30,TAMLUK,Lakshman Chandra Seth,parties.IN.INC,16001,1.11,4,forfeit,U,,Doctorate,Party Worker,crossover,src-31c65dbec869
IN-PC-2008-west-bengal-257,west-bengal,2019,30,TAMLUK,Madhusudan Bera,,6008,0.42,6,forfeit,U,,10th Pass,,challenger,src-31c65dbec869
IN-PC-2008-west-bengal-257,west-bengal,2019,30,TAMLUK,Marphat Ali Khan,parties.IN.IND,4750,0.33,7,forfeit,U,,Literate,,challenger,src-31c65dbec869
IN-PC-2008-west-bengal-257,west-bengal,2019,30,TAMLUK,Makhan Mahapatra,parties.IN.BSP,4496,0.31,8,forfeit,U,,12th Pass,,challenger,src-31c65dbec869
IN-PC-2008-west-bengal-257,west-bengal,2019,30,TAMLUK,Satadal Metya,parties.IN.SHS,3197,0.22,9,forfeit,U,,Post Graduate,Home Teacher or Tuition,challenger,src-31c65dbec869
IN-PC-2008-west-bengal-257,west-bengal,2019,30,TAMLUK,Adak Sukomal,parties.IN.IND,2486,0.17,10,forfeit,U,,Graduate,,challenger,src-31c65dbec869
IN-PC-2008-west-bengal-257,west-bengal,2019,30,TAMLUK,Dhananjoy Dalai,parties.IN.IND,1631,0.11,11,forfeit,U,,12th Pass,Journalist or Editor,challenger,src-31c65dbec869
IN-PC-2008-west-bengal-257,west-bengal,2019,30,TAMLUK,Motyar Rahaman,parties.IN.BHAPRAP,1341,0.09,12,forfeit,U,,8th Pass,,challenger,src-31c65dbec869
IN-PC-2008-west-bengal-257,west-bengal,2019,30,TAMLUK,Sankar Mondal,,1226,0.08,13,forfeit,U,,12th Pass,School Teacher,challenger,src-31c65dbec869
IN-PC-2008-west-bengal-251,west-bengal,2019,32,GHATAL,ADHIKARI DEEPAK (DEV),parties.IN.AITC,717959,48.22,1,won,U,,Others,Distributors,incumbent,src-31c65dbec869
IN-PC-2008-west-bengal-251,west-bengal,2019,32,GHATAL,BHARATI GHOSH,parties.IN.BJP,609986,40.97,2,lost,U,,Post Graduate,Ex Police,challenger,src-31c65dbec869
IN-PC-2008-west-bengal-251,west-bengal,2019,32,GHATAL,TAPAN GANGULI,parties.IN.CPI,97060,6.52,3,forfeit,U,,12th Pass,Party Worker,challenger,src-31c65dbec869
IN-PC-2008-west-bengal-251,west-bengal,2019,32,GHATAL,KHANDAKAR MD. SAIFULLAH (SAIFUL),parties.IN.INC,32839,2.21,4,forfeit,U,,Post Graduate,"Contractor, Distributors",challenger,src-31c65dbec869
IN-PC-2008-west-bengal-251,west-bengal,2019,32,GHATAL,SURAJIT SENAPATI,parties.IN.BSP,7650,0.51,6,forfeit,U,,Post Graduate,College Professor or Lecturer,challenger,src-31c65dbec869
IN-PC-2008-west-bengal-251,west-bengal,2019,32,GHATAL,DINESH MAIKAP,,5301,0.36,7,forfeit,U,,Post Graduate,,challenger,src-31c65dbec869
IN-PC-2008-west-bengal-251,west-bengal,2019,32,GHATAL,UJJWAL KUMAR GHATAK,parties.IN.SHS,4213,0.28,8,forfeit,U,,Doctorate,College Professor or Lecturer,challenger,src-31c65dbec869
IN-PC-2008-west-bengal-243,west-bengal,2019,33,JHARGRAM,Kunar Hembram,parties.IN.BJP,626583,44.56,1,won,U,,Graduate Professional,Engineer,challenger,src-31c65dbec869
IN-PC-2008-west-bengal-243,west-bengal,2019,33,JHARGRAM,Birbaha Saren,parties.IN.AITC,614816,43.72,2,lost,U,,Post Graduate,School Teacher,challenger,src-31c65dbec869
IN-PC-2008-west-bengal-243,west-bengal,2019,33,JHARGRAM,Deblina Hembram,,75680,5.38,3,forfeit,U,,10th Pass,,challenger,src-31c65dbec869
IN-PC-2008-west-bengal-243,west-bengal,2019,33,JHARGRAM,Jageswar Hembram,parties.IN.INC,20754,1.48,4,forfeit,U,,8th Pass,,challenger,src-31c65dbec869
IN-PC-2008-west-bengal-243,west-bengal,2019,33,JHARGRAM,NARENDRA NATH HEMBRAM,parties.IN.IND,13228,0.94,6,forfeit,U,,8th Pass,Contractor,challenger,src-31c65dbec869
IN-PC-2008-west-bengal-243,west-bengal,2019,33,JHARGRAM,Ashok Kumar Murmu,parties.IN.BSP,11324,0.81,7,forfeit,U,,Graduate,Qualified Professional,challenger,src-31c65dbec869
IN-PC-2008-west-bengal-243,west-bengal,2019,33,JHARGRAM,Birbaha Hansda,,11204,0.8,8,forfeit,U,,Graduate,Musician or Artist,challenger,src-31c65dbec869
IN-PC-2008-west-bengal-243,west-bengal,2019,33,JHARGRAM,Maheswar Hembram,,8484,0.6,9,forfeit,U,,12th Pass,,challenger,src-31c65dbec869
IN-PC-2008-west-bengal-243,west-bengal,2019,33,JHARGRAM,SUSHIL MANDI,,6449,0.46,10,forfeit,U,,Graduate,,challenger,src-31c65dbec869
IN-PC-2008-west-bengal-253,west-bengal,2019,34,MEDINIPUR,Dilip Ghosh,parties.IN.BJP,685433,48.62,1,won,U,,10th Pass,Party Worker,challenger,src-31c65dbec869
IN-PC-2008-west-bengal-253,west-bengal,2019,34,MEDINIPUR,Manas Ranjan Bhunia,parties.IN.AITC,596481,42.31,2,lost,U,,Graduate Professional,Doctor,crossover,src-31c65dbec869
IN-PC-2008-west-bengal-253,west-bengal,2019,34,MEDINIPUR,Biplab Bhatta,parties.IN.CPI,62319,4.42,3,forfeit,U,,8th Pass,Party Worker,challenger,src-31c65dbec869
IN-PC-2008-west-bengal-253,west-bengal,2019,34,MEDINIPUR,Sambhunath Chattapadhyay,parties.IN.INC,20807,1.48,4,forfeit,U,,Graduate,,challenger,src-31c65dbec869
IN-PC-2008-west-bengal-253,west-bengal,2019,34,MEDINIPUR,Rabindra Nath Bera,,8570,0.61,6,forfeit,U,,Graduate,Ex Govt Employee,challenger,src-31c65dbec869
IN-PC-2008-west-bengal-253,west-bengal,2019,34,MEDINIPUR,Ramkrishna Sarkar,parties.IN.BSP,7568,0.54,7,forfeit,U,,Graduate,Contractor,challenger,src-31c65dbec869
IN-PC-2008-west-bengal-253,west-bengal,2019,34,MEDINIPUR,Tushar Jana,,6603,0.47,8,forfeit,U,,12th Pass,,challenger,src-31c65dbec869
IN-PC-2008-west-bengal-253,west-bengal,2019,34,MEDINIPUR,Tapas Kumar Kar,parties.IN.IND,4183,0.3,9,forfeit,U,,Illiterate,Self-employed,challenger,src-31c65dbec869
IN-PC-2008-west-bengal-253,west-bengal,2019,34,MEDINIPUR,Ashoke Sarkar,parties.IN.SHS,3093,0.22,10,forfeit,U,,Graduate,,challenger,src-31c65dbec869
IN-PC-2008-west-bengal-223,west-bengal,2019,35,PURULIA,JYOTIRMAY SINGH MAHATO,parties.IN.BJP,668107,49.3,1,won,U,,Graduate Professional,,challenger,src-31c65dbec869
IN-PC-2008-west-bengal-223,west-bengal,2019,35,PURULIA,Dr. MRIGANKA MAHATO,parties.IN.AITC,463375,34.19,2,lost,U,,Graduate Professional,Doctor,incumbent,src-31c65dbec869
IN-PC-2008-west-bengal-223,west-bengal,2019,35,PURULIA,NEPAL MAHATA,parties.IN.INC,84477,6.23,3,forfeit,U,,Post Graduate,School Teacher,challenger,src-31c65dbec869
IN-PC-2008-west-bengal-223,west-bengal,2019,35,PURULIA,BIR SINGH MAHATO,parties.IN.AIFB,68434,5.05,4,forfeit,U,,Post Graduate,Retired Teacher,challenger,src-31c65dbec869
IN-PC-2008-west-bengal-223,west-bengal,2019,35,PURULIA,ANANDI TUDU,parties.IN.BSP,11202,0.83,6,forfeit,U,,12th Pass,,challenger,src-31c65dbec869
IN-PC-2008-west-bengal-223,west-bengal,2019,35,PURULIA,MRITYUNJOY MAHATO,parties.IN.IND,10336,0.76,7,forfeit,U,,Graduate,School Teacher,challenger,src-31c65dbec869
IN-PC-2008-west-bengal-223,west-bengal,2019,35,PURULIA,SEKH FATIK,,7777,0.57,8,forfeit,U,,8th Pass,Self-employed,challenger,src-31c65dbec869
IN-PC-2008-west-bengal-223,west-bengal,2019,35,PURULIA,BARJURAM SINGH SARDAR,parties.IN.IND,6516,0.48,9,forfeit,U,,Post Graduate,Ex Military,challenger,src-31c65dbec869
IN-PC-2008-west-bengal-223,west-bengal,2019,35,PURULIA,UTTAM TANTUBAY,,6031,0.45,10,forfeit,U,,8th Pass,,challenger,src-31c65dbec869
IN-PC-2008-west-bengal-223,west-bengal,2019,35,PURULIA,RANGALAL KUMAR,,4369,0.32,11,forfeit,U,,10th Pass,,challenger,src-31c65dbec869
IN-PC-2008-west-bengal-223,west-bengal,2019,35,PURULIA,UMA CHARAN MAHATO,parties.IN.IND,3876,0.29,12,forfeit,U,,Literate,Ex Military,challenger,src-31c65dbec869
IN-PC-2008-west-bengal-223,west-bengal,2019,35,PURULIA,LAXMIKANTA MAHATA,,3503,0.26,13,forfeit,U,,Post Graduate,Retired Teacher,challenger,src-31c65dbec869
IN-PC-2008-west-bengal-223,west-bengal,2019,35,PURULIA,JAWAHARLAL MAHATO,,2452,0.18,14,forfeit,U,,12th Pass,,challenger,src-31c65dbec869
IN-PC-2008-west-bengal-223,west-bengal,2019,35,PURULIA,DIPENDU MAHATO,parties.IN.JMM,1798,0.13,15,forfeit,U,,8th Pass,School Teacher,challenger,src-31c65dbec869
IN-PC-2008-west-bengal-223,west-bengal,2019,35,PURULIA,RAJIB MAHATO,parties.IN.SHS,1661,0.12,16,forfeit,U,,10th Pass,,challenger,src-31c65dbec869
IN-PC-2008-west-bengal-230,west-bengal,2019,36,BANKURA,DR. SUBHAS SARKAR,parties.IN.BJP,675319,49.23,1,won,U,,Graduate Professional,Doctor,challenger,src-31c65dbec869
IN-PC-2008-west-bengal-230,west-bengal,2019,36,BANKURA,SUBRATA MUKHERJEE,parties.IN.AITC,500986,36.52,2,lost,U,,Post Graduate,,crossover,src-31c65dbec869
IN-PC-2008-west-bengal-230,west-bengal,2019,36,BANKURA,AMIYA PATRA,,100282,7.31,3,forfeit,U,,Graduate,Activist,challenger,src-31c65dbec869
IN-PC-2008-west-bengal-230,west-bengal,2019,36,BANKURA,MILAN MANDI,parties.IN.IND,14942,1.09,4,forfeit,U,,12th Pass,,challenger,src-31c65dbec869
IN-PC-2008-west-bengal-230,west-bengal,2019,36,BANKURA,BIBHUTI SARDAR,parties.IN.IND,12372,0.9,6,forfeit,U,,10th Pass,,challenger,src-31c65dbec869
IN-PC-2008-west-bengal-230,west-bengal,2019,36,BANKURA,ANIMESH MAL,,9123,0.67,7,forfeit,U,,Post Graduate,,challenger,src-31c65dbec869
IN-PC-2008-west-bengal-230,west-bengal,2019,36,BANKURA,SUBHASH SARKAR,parties.IN.SHS,9072,0.66,8,forfeit,U,,8th Pass,,challenger,src-31c65dbec869
IN-PC-2008-west-bengal-230,west-bengal,2019,36,BANKURA,MAHADEB BAURI,parties.IN.BSP,6707,0.49,9,forfeit,U,,10th Pass,,challenger,src-31c65dbec869
IN-PC-2008-west-bengal-230,west-bengal,2019,36,BANKURA,ABDUL RAHIM MALLIK,parties.IN.IND,5819,0.42,10,forfeit,U,,Literate,,challenger,src-31c65dbec869
IN-PC-2008-west-bengal-230,west-bengal,2019,36,BANKURA,DR. TANMAY MANDAL,,5679,0.41,11,forfeit,U,,Graduate Professional,Doctor,challenger,src-31c65dbec869
IN-PC-2008-west-bengal-230,west-bengal,2019,36,BANKURA,SHYAMAL KUMAR PALIT,parties.IN.IND,5034,0.37,12,forfeit,U,,Post Graduate,College Professor or Lecturer,challenger,src-31c65dbec869
IN-PC-2008-west-bengal-230,west-bengal,2019,36,BANKURA,PRABIR BANERJEE,,4164,0.3,13,forfeit,U,,Graduate,,challenger,src-31c65dbec869
IN-PC-2008-west-bengal-230,west-bengal,2019,36,BANKURA,ANANDA KUMAR SAREN,,3228,0.24,14,forfeit,U,,Graduate,School Teacher,challenger,src-31c65dbec869
IN-PC-2008-west-bengal-230,west-bengal,2019,36,BANKURA,SUKCHAND SAREN,,2889,0.21,15,forfeit,U,,10th Pass,,challenger,src-31c65dbec869
IN-PC-2008-west-bengal-230,west-bengal,2019,36,BANKURA,GOUR CHANDRA (AKHAN) HEMBRAM,,2220,0.16,16,forfeit,U,,Post Graduate,School Teacher,challenger,src-31c65dbec869
IN-PC-2008-west-bengal-219,west-bengal,2019,38,BARDHAMAN PURBA,SUNIL KUMAR MONDAL,parties.IN.AITC,640834,44.52,1,won,U,,Graduate Professional,Retired Teacher,incumbent,src-31c65dbec869
IN-PC-2008-west-bengal-219,west-bengal,2019,38,BARDHAMAN PURBA,PARESH CHANDRA DAS,parties.IN.BJP,551523,38.32,2,lost,U,,Post Graduate,,challenger,src-31c65dbec869
IN-PC-2008-west-bengal-219,west-bengal,2019,38,BARDHAMAN PURBA,ISWAR CHANDRA DAS,,175920,12.22,3,forfeit,U,,Post Graduate,School Teacher,challenger,src-31c65dbec869
IN-PC-2008-west-bengal-219,west-bengal,2019,38,BARDHAMAN PURBA,SIDDHARTHA MAJUMDAR,parties.IN.INC,38472,2.67,4,forfeit,U,,Post Graduate,Managerial Position,challenger,src-31c65dbec869
IN-PC-2008-west-bengal-219,west-bengal,2019,38,BARDHAMAN PURBA,MUKUL BISWAS,parties.IN.BSP,8862,0.62,6,forfeit,U,,Post Graduate,College Professor or Lecturer,challenger,src-31c65dbec869
IN-PC-2008-west-bengal-219,west-bengal,2019,38,BARDHAMAN PURBA,BIPLAB MISTRI,,6496,0.45,7,forfeit,U,,5th Pass,,challenger,src-31c65dbec869
IN-PC-2008-west-bengal-219,west-bengal,2019,38,BARDHAMAN PURBA,NIRMAL MAJHI,,6419,0.45,8,forfeit,U,,12th Pass,Contractor,challenger,src-31c65dbec869
IN-PC-2008-west-bengal-225,west-bengal,2019,39,BARDHAMAN DURGAPUR,S.S AHLUWALIA,parties.IN.BJP,598376,41.76,1,won,U,,Graduate Professional,Ex Govt Employee,incumbent,src-31c65dbec869
IN-PC-2008-west-bengal-225,west-bengal,2019,39,BARDHAMAN DURGAPUR,DR. MAMTAZ SANGHAMITA,parties.IN.AITC,595937,41.59,2,lost,U,,Post Graduate,Doctor,incumbent,src-31c65dbec869
IN-PC-2008-west-bengal-225,west-bengal,2019,39,BARDHAMAN DURGAPUR,ABHAS RAY CHAUDHURI,,161329,11.26,3,forfeit,U,,Post Graduate,,challenger,src-31c65dbec869
IN-PC-2008-west-bengal-225,west-bengal,2019,39,BARDHAMAN DURGAPUR,RANAJIT MUKHERJEE,parties.IN.INC,38516,2.69,4,forfeit,U,,Others,Party Worker,challenger,src-31c65dbec869
IN-PC-2008-west-bengal-225,west-bengal,2019,39,BARDHAMAN DURGAPUR,RAMKRISHNA MALIK (DEV),parties.IN.BSP,13766,0.96,6,forfeit,U,,Post Graduate,,challenger,src-31c65dbec869
IN-PC-2008-west-bengal-225,west-bengal,2019,39,BARDHAMAN DURGAPUR,SUCHETA KUNDU(BANERJEE),,6543,0.46,7,forfeit,U,,Post Graduate,College Professor or Lecturer,challenger,src-31c65dbec869
IN-PC-2008-west-bengal-231,west-bengal,2019,41,BOLPUR,ASIT KUMAR MAL,parties.IN.AITC,699171,47.85,1,won,U,,10th Pass,Party Worker,crossover,src-31c65dbec869
IN-PC-2008-west-bengal-231,west-bengal,2019,41,BOLPUR,DAS RAMPRASAD,parties.IN.BJP,592769,40.57,2,lost,U,,Post Graduate,Ex Govt Employee,challenger,src-31c65dbec869
IN-PC-2008-west-bengal-231,west-bengal,2019,41,BOLPUR,RAM CHANDRA DOME,,91964,6.29,3,forfeit,U,,Graduate Professional,,challenger,src-31c65dbec869
IN-PC-2008-west-bengal-231,west-bengal,2019,41,BOLPUR,ABHIJIT SAHA,parties.IN.INC,30112,2.06,4,forfeit,U,,Graduate,,challenger,src-31c65dbec869
IN-PC-2008-west-bengal-231,west-bengal,2019,41,BOLPUR,SIMANTA MONDAL,parties.IN.RVNP,17013,1.16,5,forfeit,U,,Graduate,,challenger,src-31c65dbec869
IN-PC-2008-west-bengal-231,west-bengal,2019,41,BOLPUR,DAS SAMIRAN,parties.IN.BSP,9165,0.63,7,forfeit,U,,8th Pass,,challenger,src-31c65dbec869
IN-PC-2008-west-bengal-231,west-bengal,2019,41,BOLPUR,BIJOY DOLUI,,8797,0.6,8,forfeit,U,,Post Graduate,School Teacher,challenger,src-31c65dbec869
IN-PC-2008-west-bengal-229,west-bengal,2019,42,BIRBHUM,SATABDI ROY,parties.IN.AITC,654077,45.13,1,won,U,,Graduate,Actor,incumbent,src-31c65dbec869
IN-PC-2008-west-bengal-229,west-bengal,2019,42,BIRBHUM,DUDH KUMAR MONDAL,parties.IN.BJP,565153,38.99,2,lost,U,,Graduate,,challenger,src-31c65dbec869
IN-PC-2008-west-bengal-229,west-bengal,2019,42,BIRBHUM,KARIM REZAUL,,96763,6.68,3,forfeit,U,,Doctorate,Doctor,challenger,src-31c65dbec869
IN-PC-2008-west-bengal-229,west-bengal,2019,42,BIRBHUM,IMAM HOSSAIN,parties.IN.INC,75546,5.21,4,forfeit,U,,12th Pass,,challenger,src-31c65dbec869
IN-PC-2008-west-bengal-229,west-bengal,2019,42,BIRBHUM,AHAMED FARUK,parties.IN.RVNP,15171,1.05,5,forfeit,U,,10th Pass,Taxi Driver,challenger,src-31c65dbec869
IN-PC-2008-west-bengal-229,west-bengal,2019,42,BIRBHUM,PRABIR MUKHOPADHYAY,parties.IN.BSP,9467,0.65,7,forfeit,U,,10th Pass,,challenger,src-31c65dbec869
IN-PC-2008-west-bengal-229,west-bengal,2019,42,BIRBHUM,MD. FIROJ ALI,parties.IN.BNJD,9400,0.65,8,forfeit,U,,10th Pass,,challenger,src-31c65dbec869
IN-PC-2008-west-bengal-229,west-bengal,2019,42,BIRBHUM,AYESHA KHATUN,,6000,0.41,9,forfeit,U,,Graduate,Party Worker,challenger,src-31c65dbec869
IN-PC-2008-west-bengal-229,west-bengal,2019,42,BIRBHUM,CHITTARANJAN HANSDA,parties.IN.IND,5528,0.38,10,forfeit,U,,Post Graduate,Retired Teacher,challenger,src-31c65dbec869
