{"type":"Topology","arcs":[[[6523,98805],[-2939,-3532],[1075,-2040]],[[4659,93233],[1506,-149]],[[6165,93084],[3082,597],[0,-1393],[1721,-299],[-2223,-4676],[-2437,-299],[-860,-3184]],[[5448,83830],[-2652,3632],[-1577,7363],[-1219,3532],[1219,1642],[3727,-100],[1577,-1094]],[[4659,93233],[1506,-149]],[[25591,66616],[5520,-1791],[1720,100],[4445,-1194],[286,-2488],[-3082,-895],[72,-1344]],[[34552,59004],[-789,-398],[-4946,150],[-1434,-498],[-5806,348],[-3584,-1542],[-4660,-199]],[[13333,56865],[-2079,6766],[-860,1692]],[[10394,65323],[3154,149],[502,-1045],[1936,-199],[3440,796],[2653,1791]],[[22079,66815],[3512,-199]],[[35268,55273],[-2293,-2288],[-2509,-4229],[-2581,-2587]],[[27885,46169],[-5161,-4727],[-1075,-2288],[3010,-3781]],[[24659,35373],[574,-1493]],[[25233,33880],[-144,-2786]],[[25089,31094],[-932,-1244],[789,-3233],[3082,-3135]],[[28028,23482],[2366,-4079]],[[30394,19403],[143,-448]],[[30537,18955],[-3297,-696],[-1721,-1045]],[[25519,17214],[-143,2587],[-2724,6865],[-1720,3533],[-2581,9253],[-2365,7015],[2007,-746],[788,-2985],[2581,348],[-359,3184],[4445,2388],[-1147,2239],[-430,2239],[-1721,99],[-4659,-1791],[287,-1194],[-2366,-398],[-860,1742],[-1219,5273]],[[34552,59004],[2294,-2736],[-1578,-995]],[[44014,52487],[1003,-945],[-2724,-3831],[-2867,-1791]],[[39426,45920],[-4158,-199],[-2365,497],[-3656,-398],[-1362,349]],[[35268,55273],[4517,2687]],[[39785,57960],[3297,-3632],[932,-1841]],[[44946,59552],[3082,-896],[1362,-3333],[1936,-2537],[1290,-150],[-574,-3532]],[[52042,49104],[-931,1194],[-3656,896],[-215,1293],[-3226,0]],[[39785,57960],[3297,1393],[1864,199]],[[59354,46766],[215,-3184],[-1147,49]],[[58422,43631],[-2222,1592]],[[56200,45223],[-3727,2339],[-431,1542]],[[44946,59552],[3512,149],[6452,-2189],[5448,-3333],[-144,-1841],[1076,-647],[-645,-2537],[-1936,-597],[645,-1791]],[[56200,45223],[-3011,-1194],[-788,995],[-2222,0],[-1864,-696],[-3298,398],[-5232,-348]],[[39785,44378],[-359,1542]],[[39785,44378],[0,-349]],[[39785,44029],[-1649,-348],[-2079,-3084]],[[36057,40597],[-1362,696],[-573,2139],[-2438,-3880],[-143,-3632]],[[31541,35920],[-3083,100],[-3799,-647]],[[36057,40597],[1075,-1244]],[[37132,39353],[144,-149]],[[37276,39204],[-1649,-50],[-2437,-1791],[1505,-1841],[-3154,398]],[[58422,43631],[-2795,-49],[286,-1592],[-4874,-2637]],[[51039,39353],[-2939,497],[-2724,1294],[-6452,249],[-430,1094],[1291,1542]],[[78781,45472],[-287,-2985],[-3799,-2537]],[[74695,39950],[-1506,-647]],[[73189,39303],[-3656,-149],[-5663,199],[-1648,-846]],[[62222,38507],[-3298,1891],[-3369,-2936]],[[55555,37462],[-4516,1891]],[[59354,46766],[1936,1592],[2437,-50],[1577,1094],[2796,-1393],[2795,-49],[4803,-1941],[1075,-1293],[2008,746]],[[22509,90596],[2079,-1244],[71,-1691]],[[24659,87661],[-3369,-398],[-6380,99],[-788,-995]],[[14122,86367],[-717,-1940]],[[13405,84427],[-502,-50]],[[12903,84377],[-2652,-199],[-4301,-1443]],[[5950,82735],[-502,1095]],[[6523,98805],[2294,-796],[5090,-2786],[4731,199],[-502,-1741],[1792,-995],[645,-1443],[1936,-647]],[[79354,39154],[-2581,0],[-2078,796]],[[78781,45472],[215,945],[3584,747],[2437,-150],[1004,1791],[1362,896],[286,1741],[7312,-547],[932,348],[4086,-1592],[-2007,-796],[-287,-4428],[-1362,-1343],[-2724,-1343],[-6810,1194],[-1864,-2189],[-2007,547],[-3656,-1343],[72,-796]],[[73189,39303],[-3369,-1343],[-1362,-1592]],[[68458,36368],[-2365,-746],[645,-2140],[-1721,-2587],[-286,-3035]],[[64731,27860],[-3871,-248],[-2868,1094],[-1075,-696]],[[56917,28010],[-1004,1094],[1864,647],[-1290,1393],[358,1592]],[[56845,32736],[1219,2338],[2867,1841],[1291,1592]],[[56845,32736],[-4086,-249],[-1720,-1194],[-3369,-448]],[[47670,30845],[-3369,0],[-1147,846],[-932,2488],[143,1293]],[[42365,35472],[72,150]],[[42437,35622],[3871,-796],[4086,-299],[2724,597],[788,1443],[1649,895]],[[42437,35622],[1720,2388],[-5018,1194],[-2007,149]],[[42365,35472],[-1864,-1293],[-430,-4130]],[[40071,30049],[-3297,-199]],[[36774,29850],[-932,946]],[[35842,30796],[932,4726],[1505,1095],[-2222,1094]],[[36057,37711],[1219,1493]],[[36057,37711],[-72,-2836],[-3154,-1144],[-717,-1542],[-3297,646],[717,1642],[-4301,-597]],[[35842,30796],[-1147,-1045],[-3656,149]],[[31039,29900],[-1362,995],[-4588,199]],[[31039,29900],[430,-1841],[-788,-2686]],[[30681,25373],[0,-896],[-2653,-995]],[[36774,29850],[-502,-1194]],[[36272,28656],[-932,398],[-788,-3432]],[[34552,25622],[-1577,-548]],[[32975,25074],[-2294,299]],[[36272,28656],[1792,-348],[2007,-4129],[3871,249]],[[43942,24428],[144,-1244]],[[44086,23184],[-3656,-149]],[[40430,23035],[-1219,-498]],[[39211,22537],[-1649,1244],[-1218,-1244],[-1792,3085]],[[26810,75522],[932,2039],[-645,1045],[645,2587],[-1506,746]],[[26236,81939],[215,548],[4445,1990],[-789,2040],[359,1343]],[[30466,87860],[3082,-796],[-502,-1741],[2438,-1742],[-431,-2139],[-1863,-1144],[-2581,-3980],[-3799,-796]],[[40071,30049],[-143,-1990],[4588,-348],[2509,1194]],[[47025,28905],[-861,-3283]],[[46164,25622],[-2222,-1194]],[[47670,30845],[-645,-1940]],[[56917,28010],[-789,-995]],[[56128,27015],[-2078,2039],[-3226,50],[-932,-3383],[-3728,-99]],[[56128,27015],[-573,-1145],[-7240,-1144]],[[48315,24726],[-4229,-1542]],[[64731,27860],[1648,-447]],[[66379,27413],[359,-697],[3082,-298]],[[69820,26418],[-1792,-1742]],[[68028,24676],[-717,846],[-4301,1144],[-3727,-99],[-3083,-1891],[574,-1194],[-1434,-2587]],[[55340,20895],[-1649,150],[-1003,-2189]],[[52688,18856],[-789,0]],[[51899,18856],[-72,49]],[[51827,18905],[-788,1841],[3943,1294],[-431,1293],[-2222,945],[-3226,-398]],[[49103,23880],[-788,846]],[[68458,36368],[1147,-1592],[2509,-1393],[-1434,-5423],[-4301,-547]],[[79354,39154],[5161,-1294],[-286,-1492],[-1936,-597],[2007,-1542],[1649,49],[430,-2089],[-2437,199],[-6308,-846],[-1506,-1841],[1577,-1841],[1792,-845]],[[79497,27015],[-3871,-1393],[-3225,1393],[-2581,-597]],[[68028,24676],[-2007,-3034]],[[66021,21642],[-1864,-1145],[-2007,1344],[-6810,-946]],[[51827,18905],[-2365,-398],[-2294,747],[-2724,-150]],[[44444,19104],[1147,2388],[1649,299],[143,1741],[1720,348]],[[52688,18856],[4372,-1692]],[[57060,17164],[-215,-1343],[-2724,-548]],[[54121,15273],[-1433,398],[-2366,-2338]],[[50322,13333],[-3011,199],[-1648,1045]],[[45663,14577],[2365,846],[1577,1741],[1362,-746],[1362,1542],[-430,896]],[[26236,81939],[-4731,-348]],[[21505,81591],[-287,995],[2653,547],[-645,2787],[1433,1741]],[[22509,90596],[3010,-696],[2438,1044],[2222,-1791],[287,-1293]],[[44444,19104],[-72,-1393],[-2150,-1990]],[[42222,15721],[-2151,100],[645,3333]],[[40716,19154],[1577,2338],[-1720,0],[-143,1543]],[[40716,19154],[-1290,-1094],[-2796,-995]],[[36630,17065],[-1577,0]],[[35053,17065],[-71,2835],[2724,50],[71,1244]],[[37777,21194],[1434,1343]],[[37777,21194],[-4444,398]],[[33333,21592],[-358,3482]],[[33333,21592],[72,-1244],[-3011,-945]],[[35053,17065],[-3942,-548]],[[31111,16517],[-574,2438]],[[36630,17065],[144,-1095],[2509,-647],[1075,-1492],[-1577,-647]],[[38781,13184],[1792,-2687]],[[40573,10497],[-4946,-298]],[[35627,10199],[-3226,-149]],[[32401,10050],[-1290,6467]],[[42222,15721],[1577,-2139]],[[43799,13582],[-860,-448]],[[42939,13134],[-3226,-1194],[-932,1244]],[[45663,14577],[-1864,-995]],[[66021,21642],[2294,-1045]],[[68315,20597],[-4158,-2587]],[[64157,18010],[-215,1940],[-5448,-199],[860,-2040],[2222,-2686],[-788,-1493],[-2007,149]],[[58781,13681],[-1721,3483]],[[64157,18010],[-1147,-2438],[2294,-1144],[573,-1742],[-2580,-1990]],[[63297,10696],[-430,2438],[-3369,-846],[-717,1393]],[[21505,81591],[359,-1094],[-3370,-100],[0,1443],[-4874,1542],[-215,1045]],[[71756,20846],[2078,-2886],[1577,-1045]],[[75411,16915],[-5089,-1194],[-72,-2239],[789,-4029]],[[71039,9453],[-6882,-1045]],[[64157,8408],[-860,2288]],[[68315,20597],[3441,249]],[[86164,23681],[-358,-1194],[-3871,-895],[-2438,-1095],[-6093,697],[-1648,-348]],[[79497,27015],[2724,-448],[2223,-1045],[1720,-1841]],[[81720,14776],[-1649,2239],[-2437,796],[-2223,-896]],[[86164,23681],[717,-2189],[1147,-1044],[3369,49],[358,-2636],[-3942,0],[-2007,-597],[-4086,-2488]],[[92329,16617],[788,-1543],[-5591,-1393],[-3799,448],[4157,2139],[4445,349]],[[81720,14776],[-4445,-2239],[-573,-1194],[-2868,-1542],[-2795,-348]],[[64157,8408],[-2796,-348],[-1433,-1095],[-6595,-746]],[[53333,6219],[788,2139],[-932,2985]],[[53189,11343],[1362,249],[144,2587],[-574,1094]],[[56057,3582],[143,-1393],[5090,299],[1147,-896],[-9749,-1592],[-3441,249],[-359,2139],[2223,995],[4946,199]],[[50322,13333],[-1147,-1094],[430,-1692],[1936,-497],[1648,1293]],[[53333,6219],[-2581,597]],[[50752,6816],[-717,2089]],[[50035,8905],[-1003,995],[-6093,3234]],[[50035,8905],[-3512,597],[-5950,199]],[[40573,9701],[0,796]],[[40573,9701],[143,-1243],[2294,348],[1506,-2886]],[[44516,5920],[-4516,1095],[-4373,3184]],[[50752,6816],[-6236,-896]],[[26810,75522],[-1649,-498]],[[25161,75024],[-3154,348],[-4803,1543],[-2437,1442]],[[14767,78357],[-4086,1294],[358,3781],[1864,945]],[[32401,10050],[-1505,-1294],[-2222,199],[-1076,1841],[-215,3333],[-788,348],[-1076,2737]],[[14767,78357],[1434,-4079]],[[16201,74278],[-2079,-2985],[143,-1144],[-2509,-846],[645,-1791],[-2580,-398]],[[9821,67114],[0,1990],[-1076,4278],[-2795,9353]],[[25161,75024],[215,-1841],[1290,-2736],[2223,-348],[1075,-1144],[-4158,-796],[-215,-1543]],[[22079,66815],[-287,2836],[-1290,2388],[-2724,846],[-1577,1393]],[[10394,65323],[-573,1791]]],"transform":{"scale":[0.0000013950139501394832,0.000002010020100201007],"translate":[74.7855,12.8295]},"objects":{"wards":{"type":"GeometryCollection","geometries":[{"arcs":[[0,1,2,3]],"type":"Polygon","properties":{"objectid":107111,"statename":"Karnataka","statecode":"29","districtname":"Dakshin Kannada","districtcode":"575","ulbname":"Mangalore","ulbcode":"803181","wardname":"1","wardcode":null,"id":null,"status":"OPEN","misglobalid":null,"approved_by":null,"createdate":1643349015000,"updateddate":null,"globalid":null,"gisglobalid":"ndnnalKa-cPlR-PosR-snBR-Rlaldc4PaccQ","remark":"--","st_area(shape)":0.00023770308470614463,"st_perimeter(shape)":0.1199763605670311}},{"arcs":[[0,1,2,3]],"type":"Polygon","properties":{"objectid":107498,"statename":"Karnataka","statecode":"29","districtname":"Dakshin Kannada","districtcode":"575","ulbname":"Mangalore","ulbcode":"803181","wardname":"1","wardcode":null,"id":null,"status":"OPEN","misglobalid":null,"approved_by":null,"createdate":1643348825000,"updateddate":null,"globalid":null,"gisglobalid":"alnccBa4-oR4n-Pa6d-Rns6-oBa65cKo6dQK","remark":"--","st_area(shape)":0.00023770308470614463,"st_perimeter(shape)":0.1199763605670311}},{"arcs":[[0,1,2,3]],"type":"Polygon","properties":{"objectid":107524,"statename":"Karnataka","statecode":"29","districtname":"Dakshin Kannada","districtcode":"575","ulbname":"Mangalore","ulbcode":"803181","wardname":"1","wardcode":null,"id":null,"status":"OPEN","misglobalid":null,"approved_by":null,"createdate":1643350235000,"updateddate":null,"globalid":null,"gisglobalid":"mlmRm4aR-o6mo-Pdo5-QRns-QQndaP6cmdoP","remark":"--","st_area(shape)":0.00023770308470614463,"st_perimeter(shape)":0.1199763605670311}},{"arcs":[[0,1,2,3]],"type":"Polygon","properties":{"objectid":107948,"statename":"Karnataka","statecode":"29","districtname":"Dakshin Kannada","districtcode":"575","ulbname":"Mangalore","ulbcode":"803181","wardname":"1","wardcode":null,"id":null,"status":"OPEN","misglobalid":null,"approved_by":null,"createdate":1643350713000,"updateddate":null,"globalid":null,"gisglobalid":"oB4dd4cR-ll5n-PlcK-R4B4-KlKnnBmm4cmQ","remark":"--","st_area(shape)":0.00023770308470614463,"st_perimeter(shape)":0.1199763605670311}},{"arcs":[[0,1,2,3]],"type":"Polygon","properties":{"objectid":108323,"statename":"Karnataka","statecode":"29","districtname":"Dakshin Kannada","districtcode":"575","ulbname":"Mangalore","ulbcode":"803181","wardname":"1","wardcode":null,"id":null,"status":"OPEN","misglobalid":null,"approved_by":null,"createdate":1643350523000,"updateddate":null,"globalid":null,"gisglobalid":"dmBc4nc5-dKP4-Paal-soRB-P4osRdQoaaQ4","remark":"--","st_area(shape)":0.00023770308470614463,"st_perimeter(shape)":0.1199763605670311}},{"arcs":[[0,1,2,3]],"type":"Polygon","properties":{"objectid":108336,"statename":"Karnataka","statecode":"29","districtname":"Dakshin Kannada","districtcode":"575","ulbname":"Mangalore","ulbcode":"803181","wardname":"1","wardcode":null,"id":null,"status":"OPEN","misglobalid":null,"approved_by":null,"createdate":1643350836000,"updateddate":null,"globalid":null,"gisglobalid":"mlsa5a6P-llll-P5QR-R4n4-lKa5n6PcndR5","remark":"--","st_area(shape)":0.00023770308470614463,"st_perimeter(shape)":0.1199763605670311}},{"arcs":[[0,1,2,3]],"type":"Polygon","properties":{"objectid":108710,"statename":"Karnataka","statecode":"29","districtname":"Dakshin Kannada","districtcode":"575","ulbname":"Mangalore","ulbcode":"803181","wardname":"1","wardcode":null,"id":null,"status":"APPROVED","misglobalid":null,"approved_by":null,"createdate":1643349840000,"updateddate":1643349921000,"globalid":null,"gisglobalid":"5nmKddd4-ldR5-PKPR-R4P6-dmn4sKBndBsm","remark":"","st_area(shape)":0.00023770308470614463,"st_perimeter(shape)":0.1199763605670311}},{"arcs":[[0,4,2,3]],"type":"Polygon","properties":{"objectid":108752,"statename":"Karnataka","statecode":"29","districtname":"Dakshin Kannada","districtcode":"575","ulbname":"Mangalore","ulbcode":"803181","wardname":"1","wardcode":null,"id":null,"status":"APPROVED","misglobalid":null,"approved_by":null,"createdate":1643350999000,"updateddate":1643351196000,"globalid":null,"gisglobalid":"smdodKKm-5KoQ-P5ao-RmKc-BdlPm4mnKsao","remark":"Ward Boundary Is As Per The Guidelines.","st_area(shape)":0.00023836553668708826,"st_perimeter(shape)":0.11948983214104712}},{"arcs":[[5,6,7,8,9]],"type":"Polygon","properties":{"objectid":104294,"statename":"Karnataka","statecode":"29","districtname":"Dakshin Kannada","districtcode":"575","ulbname":"Mangalore","ulbcode":"803181","wardname":"10","wardcode":null,"id":null,"status":"OPEN","misglobalid":null,"approved_by":null,"createdate":1643348825000,"updateddate":null,"globalid":null,"gisglobalid":"oR4s5a65-o56P-PdK5-RKKl-nBcB56mPmaBP","remark":"--","st_area(shape)":0.0004925008204974531,"st_perimeter(shape)":0.11506838410164374}},{"arcs":[[5,6,7,8,9]],"type":"Polygon","properties":{"objectid":104306,"statename":"Karnataka","statecode":"29","districtname":"Dakshin Kannada","districtcode":"575","ulbname":"Mangalore","ulbcode":"803181","wardname":"10","wardcode":null,"id":null,"status":"OPEN","misglobalid":null,"approved_by":null,"createdate":1643350235000,"updateddate":null,"globalid":null,"gisglobalid":"dnsaB56c-mBao-PQdn-Rld4-Qm44lKcBs4cn","remark":"--","st_area(shape)":0.0004925008204974531,"st_perimeter(shape)":0.11506838410164374}},{"arcs":[[5,6,7,8,9]],"type":"Polygon","properties":{"objectid":105096,"statename":"Karnataka","statecode":"29","districtname":"Dakshin Kannada","districtcode":"575","ulbname":"Mangalore","ulbcode":"803181","wardname":"10","wardcode":null,"id":null,"status":"OPEN","misglobalid":null,"approved_by":null,"createdate":1643349015000,"updateddate":null,"globalid":null,"gisglobalid":"clmoRdnP-Qa4s-PnK5-RPcc-446nPdl6cdom","remark":"--","st_area(shape)":0.0004925008204974531,"st_perimeter(shape)":0.11506838410164374}},{"arcs":[[5,6,7,8,9]],"type":"Polygon","properties":{"objectid":105114,"statename":"Karnataka","statecode":"29","districtname":"Dakshin Kannada","districtcode":"575","ulbname":"Mangalore","ulbcode":"803181","wardname":"10","wardcode":null,"id":null,"status":"OPEN","misglobalid":null,"approved_by":null,"createdate":1643350523000,"updateddate":null,"globalid":null,"gisglobalid":"oc4QQ5ns-PoRa-PsBs-R56Q-PcQB66ooKm6l","remark":"--","st_area(shape)":0.0004925008204974531,"st_perimeter(shape)":0.11506838410164374}},{"arcs":[[5,6,7,8,9]],"type":"Polygon","properties":{"objectid":107160,"statename":"Karnataka","statecode":"29","districtname":"Dakshin Kannada","districtcode":"575","ulbname":"Mangalore","ulbcode":"803181","wardname":"10","wardcode":null,"id":null,"status":"OPEN","misglobalid":null,"approved_by":null,"createdate":1643350713000,"updateddate":null,"globalid":null,"gisglobalid":"PoddcPK6-mlKd-P6ms-aKdQ-RQ4QnmQ5Bclo","remark":"--","st_area(shape)":0.0004925008204974531,"st_perimeter(shape)":0.11506838410164374}},{"arcs":[[5,6,7,8,9]],"type":"Polygon","properties":{"objectid":107172,"statename":"Karnataka","statecode":"29","districtname":"Dakshin Kannada","districtcode":"575","ulbname":"Mangalore","ulbcode":"803181","wardname":"10","wardcode":null,"id":null,"status":"OPEN","misglobalid":null,"approved_by":null,"createdate":1643350836000,"updateddate":null,"globalid":null,"gisglobalid":"dK4n4ns4-RlBK-PRan-RBdB-5omalRdcQB4d","remark":"--","st_area(shape)":0.0004925008204974531,"st_perimeter(shape)":0.11506838410164374}},{"arcs":[[5,6,7,8,9]],"type":"Polygon","properties":{"objectid":107513,"statename":"Karnataka","statecode":"29","districtname":"Dakshin Kannada","districtcode":"575","ulbname":"Mangalore","ulbcode":"803181","wardname":"10","wardcode":null,"id":null,"status":"OPEN","misglobalid":null,"approved_by":null,"createdate":1643349840000,"updateddate":null,"globalid":null,"gisglobalid":"R4Ba4Q6K-mnnQ-PdcK-s5P5-Rcs6P46P5oR6","remark":"--","st_area(shape)":0.0004925008204974531,"st_perimeter(shape)":0.11506838410164374}},{"arcs":[[5,6,7,8,9]],"type":"Polygon","properties":{"objectid":107564,"statename":"Karnataka","statecode":"29","districtname":"Dakshin Kannada","districtcode":"575","ulbname":"Mangalore","ulbcode":"803181","wardname":"10","wardcode":null,"id":null,"status":"OPEN","misglobalid":null,"approved_by":null,"createdate":1643350999000,"updateddate":null,"globalid":null,"gisglobalid":"PQol6dQB-l44l-Plao-Q655-olR45slQKQsl","remark":"--","st_area(shape)":0.0004925008204974531,"st_perimeter(shape)":0.11506838410164374}},{"arcs":[[10,11,12,13,14,15,16,17,18,-7,19]],"type":"Polygon","properties":{"objectid":104301,"statename":"Karnataka","statecode":"29","districtname":"Dakshin Kannada","districtcode":"575","ulbname":"Mangalore","ulbcode":"803181","wardname":"11","wardcode":null,"id":null,"status":"OPEN","misglobalid":null,"approved_by":null,"createdate":1643349015000,"updateddate":null,"globalid":null,"gisglobalid":"od45cmBa-lcmn-Plas-sd6o-cQs4Q5Qo6s64","remark":"--","st_area(shape)":0.0008181502926526121,"st_perimeter(shape)":0.26504833345390894}},{"arcs":[[10,11,12,13,14,15,16,17,18,-7,19]],"type":"Polygon","properties":{"objectid":104313,"statename":"Karnataka","statecode":"29","districtname":"Dakshin Kannada","districtcode":"575","ulbname":"Mangalore","ulbcode":"803181","wardname":"11","wardcode":null,"id":null,"status":"OPEN","misglobalid":null,"approved_by":null,"createdate":1643350713000,"updateddate":null,"globalid":null,"gisglobalid":"ncdcoBKs-odca-Pc4m-sKKs-PaacQRRoPa54","remark":"--","st_area(shape)":0.0008181502926526121,"st_perimeter(shape)":0.26504833345390894}},{"arcs":[[10,11,12,13,14,15,16,17,18,-7,19]],"type":"Polygon","properties":{"objectid":107105,"statename":"Karnataka","statecode":"29","districtname":"Dakshin Kannada","districtcode":"575","ulbname":"Mangalore","ulbcode":"803181","wardname":"11","wardcode":null,"id":null,"status":"OPEN","misglobalid":null,"approved_by":null,"createdate":1643348825000,"updateddate":null,"globalid":null,"gisglobalid":"PPQa66ac-dnc4-P4Bl-al4m-cPBPB665sdcP","remark":"--","st_area(shape)":0.0008181502926526121,"st_perimeter(shape)":0.26504833345390894}},{"arcs":[[10,11,12,13,14,15,16,17,18,-7,19]],"type":"Polygon","properties":{"objectid":107118,"statename":"Karnataka","statecode":"29","districtname":"Dakshin Kannada","districtcode":"575","ulbname":"Mangalore","ulbcode":"803181","wardname":"11","wardcode":null,"id":null,"status":"OPEN","misglobalid":null,"approved_by":null,"createdate":1643349840000,"updateddate":null,"globalid":null,"gisglobalid":"ms5s66oB-BBPK-PPo6-QsKP-RdsassdllmcR","remark":"--","st_area(shape)":0.0008181502926526121,"st_perimeter(shape)":0.26504833345390894}},{"arcs":[[10,11,12,13,14,15,16,17,18,-7,19]],"type":"Polygon","properties":{"objectid":107178,"statename":"Karnataka","statecode":"29","districtname":"Dakshin Kannada","districtcode":"575","ulbname":"Mangalore","ulbcode":"803181","wardname":"11","wardcode":null,"id":null,"status":"OPEN","misglobalid":null,"approved_by":null,"createdate":1643350836000,"updateddate":null,"globalid":null,"gisglobalid":"4lc4BnK6-cQP6-Pm4K-Rc46-o554l44KsB44","remark":"--","st_area(shape)":0.0008181502926526121,"st_perimeter(shape)":0.26504833345390894}},{"arcs":[[10,11,12,13,14,15,16,17,18,-7,19]],"type":"Polygon","properties":{"objectid":107188,"statename":"Karnataka","statecode":"29","districtname":"Dakshin Kannada","districtcode":"575","ulbname":"Mangalore","ulbcode":"803181","wardname":"11","wardcode":null,"id":null,"status":"OPEN","misglobalid":null,"approved_by":null,"createdate":1643350999000,"updateddate":null,"globalid":null,"gisglobalid":"d6dPmRsc-c44m-PQPa-QKR4-lKKnl5dKmPcQ","remark":"--","st_area(shape)":0.0008181502926526121,"st_perimeter(shape)":0.26504833345390894}},{"arcs":[[10,11,12,13,14,15,16,17,18,-7,19]],"type":"Polygon","properties":{"objectid":107529,"statename":"Karnataka","statecode":"29","districtname":"Dakshin Kannada","districtcode":"575","ulbname":"Mangalore","ulbcode":"803181","wardname":"11","wardcode":null,"id":null,"status":"OPEN","misglobalid":null,"approved_by":null,"createdate":1643350235000,"updateddate":null,"globalid":null,"gisglobalid":"BBnsQaPc-nBom-P5Bl-QBoR-Ksmocom4oBBR","remark":"--","st_area(shape)":0.0008181502926526121,"st_perimeter(shape)":0.26504833345390894}},{"arcs":[[10,11,12,13,14,15,16,17,18,-7,19]],"type":"Polygon","properties":{"objectid":107939,"statename":"Karnataka","statecode":"29","districtname":"Dakshin Kannada","districtcode":"575","ulbname":"Mangalore","ulbcode":"803181","wardname":"11","wardcode":null,"id":null,"status":"OPEN","misglobalid":null,"approved_by":null,"createdate":1643350523000,"updateddate":null,"globalid":null,"gisglobalid":"amlm5Qla-mnBn-Pml4-sKnP-llPcQlB6lPRl","remark":"--","st_area(shape)":0.0008181502926526121,"st_perimeter(shape)":0.26504833345390894}},{"arcs":[[20,21,-11,22,23]],"type":"Polygon","properties":{"objectid":105133,"statename":"Karnataka","statecode":"29","districtname":"Dakshin Kannada","districtcode":"575","ulbname":"Mangalore","ulbcode":"803181","wardname":"12","wardcode":null,"id":null,"status":"OPEN","misglobalid":null,"approved_by":null,"createdate":1643350999000,"updateddate":null,"globalid":null,"gisglobalid":"Q6sKKRcc-Roc4-PnmQ-Rno6-da556RcssoRs","remark":"--","st_area(shape)":0.00032580897368194423,"st_perimeter(shape)":0.0836347672988557}},{"arcs":[[20,21,-11,22,23]],"type":"Polygon","properties":{"objectid":106335,"statename":"Karnataka","statecode":"29","districtname":"Dakshin Kannada","districtcode":"575","ulbname":"Mangalore","ulbcode":"803181","wardname":"12","wardcode":null,"id":null,"status":"OPEN","misglobalid":null,"approved_by":null,"createdate":1643350713000,"updateddate":null,"globalid":null,"gisglobalid":"Qa44nKss-cnnR-Pdl4-a4Bn-mlBsa6lccQ45","remark":"--","st_area(shape)":0.00032580897368194423,"st_perimeter(shape)":0.0836347672988557}},{"arcs":[[20,21,-11,22,23]],"type":"Polygon","properties":{"objectid":107106,"statename":"Karnataka","statecode":"29","districtname":"Dakshin Kannada","districtcode":"575","ulbname":"Mangalore","ulbcode":"803181","wardname":"12","wardcode":null,"id":null,"status":"OPEN","misglobalid":null,"approved_by":null,"createdate":1643349014000,"updateddate":null,"globalid":null,"gisglobalid":"sKno6Kca-mmll-P6cP-Rn5n-QcdamdaccQ6R","remark":"--","st_area(shape)":0.00032580897368194423,"st_perimeter(shape)":0.0836347672988557}},{"arcs":[[20,21,-11,22,23]],"type":"Polygon","properties":{"objectid":107142,"statename":"Karnataka","statecode":"29","districtname":"Dakshin Kannada","districtcode":"575","ulbname":"Mangalore","ulbcode":"803181","wardname":"12","wardcode":null,"id":null,"status":"OPEN","misglobalid":null,"approved_by":null,"createdate":1643350523000,"updateddate":null,"globalid":null,"gisglobalid":"KdoacccB-RBRc-P4Pn-RnBl-QmBPBmlnlR4n","remark":"--","st_area(shape)":0.00032580897368194423,"st_perimeter(shape)":0.0836347672988557}},{"arcs":[[20,21,-11,22,23]],"type":"Polygon","properties":{"objectid":107168,"statename":"Karnataka","statecode":"29","districtname":"Dakshin Kannada","districtcode":"575","ulbname":"Mangalore","ulbcode":"803181","wardname":"12","wardcode":null,"id":null,"status":"OPEN","misglobalid":null,"approved_by":null,"createdate":1643350836000,"updateddate":null,"globalid":null,"gisglobalid":"cPBQR6l5-BQm6-P64l-aPln-Ba5mRQKQo5m5","remark":"--","st_area(shape)":0.00032580897368194423,"st_perimeter(shape)":0.0836347672988557}},{"arcs":[[20,21,-11,22,23]],"type":"Polygon","properties":{"objectid":107494,"statename":"Karnataka","statecode":"29","districtname":"Dakshin Kannada","districtcode":"575","ulbname":"Mangalore","ulbcode":"803181","wardname":"12","wardcode":null,"id":null,"status":"OPEN","misglobalid":null,"approved_by":null,"createdate":1643348825000,"updateddate":null,"globalid":null,"gisglobalid":"oQ4Rcmom-nodm-PacQ-sQ44-sPKKos5PsQKo","remark":"--","st_area(shape)":0.00032580897368194423,"st_perimeter(shape)":0.0836347672988557}},{"arcs":[[20,21,-11,22,23]],"type":"Polygon","properties":{"objectid":108707,"statename":"Karnataka","statecode":"29","districtname":"Dakshin Kannada","districtcode":"575","ulbname":"Mangalore","ulbcode":"803181","wardname":"12","wardcode":null,"id":null,"status":"OPEN","misglobalid":null,"approved_by":null,"createdate":1643349840000,"updateddate":null,"globalid":null,"gisglobalid":"ammKnsB6-B6Ks-PmKc-aQKQ-daPmdP6RsKl5","remark":"--","st_area(shape)":0.00032580897368194423,"st_perimeter(shape)":0.0836347672988557}},{"arcs":[[20,21,-11,22,23]],"type":"Polygon","properties":{"objectid":108714,"statename":"Karnataka","statecode":"29","districtname":"Dakshin Kannada","districtcode":"575","ulbname":"Mangalore","ulbcode":"803181","wardname":"12","wardcode":null,"id":null,"status":"OPEN","misglobalid":null,"approved_by":null,"createdate":1643350235000,"updateddate":null,"globalid":null,"gisglobalid":"dcB6lsRB-clcB-PcmR-Rnlo-Qacn6aRsmBRa","remark":"--","st_area(shape)":0.00032580897368194423,"st_perimeter(shape)":0.0836347672988557}},{"arcs":[[24,25,-24,26]],"type":"Polygon","properties":{"objectid":106307,"statename":"Karnataka","statecode":"29","districtname":"Dakshin Kannada","districtcode":"575","ulbname":"Mangalore","ulbcode":"803181","wardname":"13","wardcode":null,"id":null,"status":"OPEN","misglobalid":null,"approved_by":null,"createdate":1643349015000,"updateddate":null,"globalid":null,"gisglobalid":"4sa4sK5K-KQa4-PKna-s4nc-6QnKKn4dmsol","remark":"--","st_area(shape)":0.0001679620148821152,"st_perimeter(shape)":0.06912117051546172}},{"arcs":[[24,25,-24,26]],"type":"Polygon","properties":{"objectid":107161,"statename":"Karnataka","statecode":"29","districtname":"Dakshin Kannada","districtcode":"575","ulbname":"Mangalore","ulbcode":"803181","wardname":"13","wardcode":null,"id":null,"status":"OPEN","misglobalid":null,"approved_by":null,"createdate":1643350713000,"updateddate":null,"globalid":null,"gisglobalid":"caKKddmR-BPao-Paam-scdn-BscRBP54nQ6n","remark":"--","st_area(shape)":0.0001679620148821152,"st_perimeter(shape)":0.06912117051546172}},{"arcs":[[24,25,-24,26]],"type":"Polygon","properties":{"objectid":107177,"statename":"Karnataka","statecode":"29","districtname":"Dakshin Kannada","districtcode":"575","ulbname":"Mangalore","ulbcode":"803181","wardname":"13","wardcode":null,"id":null,"status":"OPEN","misglobalid":null,"approved_by":null,"createdate":1643350836000,"updateddate":null,"globalid":null,"gisglobalid":"4KPdKsB5-KcsK-Pal5-amKQ-6PQ6sss5d6l4","remark":"--","st_area(shape)":0.0001679620148821152,"st_perimeter(shape)":0.06912117051546172}},{"arcs":[[24,25,-24,26]],"type":"Polygon","properties":{"objectid":107187,"statename":"Karnataka","statecode":"29","districtname":"Dakshin Kannada","districtcode":"575","ulbname":"Mangalore","ulbcode":"803181","wardname":"13","wardcode":null,"id":null,"status":"OPEN","misglobalid":null,"approved_by":null,"createdate":1643350999000,"updateddate":null,"globalid":null,"gisglobalid":"casQmnRa-4ssm-Pn6m-RmaK-Q4coo64Rn4an","remark":"--","st_area(shape)":0.0001679620148821152,"st_perimeter(shape)":0.06912117051546172}},{"arcs":[[24,25,-24,26]],"type":"Polygon","properties":{"objectid":107528,"statename":"Karnataka","statecode":"29","districtname":"Dakshin Kannada","districtcode":"575","ulbname":"Mangalore","ulbcode":"803181","wardname":"13","wardcode":null,"id":null,"status":"OPEN","misglobalid":null,"approved_by":null,"createdate":1643350235000,"updateddate":null,"globalid":null,"gisglobalid":"o4lQdR5d-QKRP-P6Ro-acca-BsR4oaoBPddK","remark":"--","st_area(shape)":0.0001679620148821152,"st_perimeter(shape)":0.06912117051546172}},{"arcs":[[24,25,-24,26]],"type":"Polygon","properties":{"objectid":107896,"statename":"Karnataka","statecode":"29","districtname":"Dakshin Kannada","districtcode":"575","ulbname":"Mangalore","ulbcode":"803181","wardname":"13","wardcode":null,"id":null,"status":"OPEN","misglobalid":null,"approved_by":null,"createdate":1643348825000,"updateddate":null,"globalid":null,"gisglobalid":"R6R5alcd-cocR-P6Qs-R5PR-lmmaoBnQR6ml","remark":"--","st_area(shape)":0.0001679620148821152,"st_perimeter(shape)":0.06912117051546172}},{"arcs":[[24,25,-24,26]],"type":"Polygon","properties":{"objectid":107920,"statename":"Karnataka","statecode":"29","districtname":"Dakshin Kannada","districtcode":"575","ulbname":"Mangalore","ulbcode":"803181","wardname":"13","wardcode":null,"id":null,"status":"OPEN","misglobalid":null,"approved_by":null,"createdate":1643349840000,"updateddate":null,"globalid":null,"gisglobalid":"RQn5Kn6d-Kao4-PdKa-smaP-QKs6sPaRlaQa","remark":"--","st_area(shape)":0.0001679620148821152,"st_perimeter(shape)":0.06912117051546172}},{"arcs":[[24,25,-24,26]],"type":"Polygon","properties":{"objectid":108321,"statename":"Karnataka","statecode":"29","districtname":"Dakshin Kannada","districtcode":"575","ulbname":"Mangalore","ulbcode":"803181","wardname":"13","wardcode":null,"id":null,"status":"OPEN","misglobalid":null,"approved_by":null,"createdate":1643350523000,"updateddate":null,"globalid":null,"gisglobalid":"6snRs46Q-4m5B-PR6c-s6no-slcBacP6n65d","remark":"--","st_area(shape)":0.0001679620148821152,"st_perimeter(shape)":0.06912117051546172}},{"arcs":[[27,28,29,-25,30]],"type":"Polygon","properties":{"objectid":105124,"statename":"Karnataka","statecode":"29","districtname":"Dakshin Kannada","districtcode":"575","ulbname":"Mangalore","ulbcode":"803181","wardname":"14","wardcode":null,"id":null,"status":"OPEN","misglobalid":null,"approved_by":null,"createdate":1643350713000,"updateddate":null,"globalid":null,"gisglobalid":"snsmKmBQ-dn5n-PcoQ-R54c-doc5dPPnBQQP","remark":"--","st_area(shape)":0.00030943816867099973,"st_perimeter(shape)":0.10003062488867288}},{"arcs":[[27,28,29,-25,30]],"type":"Polygon","properties":{"objectid":106316,"statename":"Karnataka","statecode":"29","districtname":"Dakshin Kannada","districtcode":"575","ulbname":"Mangalore","ulbcode":"803181","wardname":"14","wardcode":null,"id":null,"status":"OPEN","misglobalid":null,"approved_by":null,"createdate":1643350235000,"updateddate":null,"globalid":null,"gisglobalid":"cRsRlRKR-PRno-P4KK-RPK5-44a4oalcosRQ","remark":"--","st_area(shape)":0.00030943816867099973,"st_perimeter(shape)":0.10003062488867288}},{"arcs":[[27,28,29,-25,30]],"type":"Polygon","properties":{"objectid":106331,"statename":"Karnataka","statecode":"29","districtname":"Dakshin Kannada","districtcode":"575","ulbname":"Mangalore","ulbcode":"803181","wardname":"14","wardcode":null,"id":null,"status":"OPEN","misglobalid":null,"approved_by":null,"createdate":1643350523000,"updateddate":null,"globalid":null,"gisglobalid":"Qo6c66sd-ca6Q-PKd6-acRP-nlmm5nnBnPKo","remark":"--","st_area(shape)":0.00030943816867099973,"st_perimeter(shape)":0.10003062488867288}},{"arcs":[[27,28,29,-25,30]],"type":"Polygon","properties":{"objectid":107503,"statename":"Karnataka","statecode":"29","districtname":"Dakshin Kannada","districtcode":"575","ulbname":"Mangalore","ulbcode":"803181","wardname":"14","wardcode":null,"id":null,"status":"OPEN","misglobalid":null,"approved_by":null,"createdate":1643348825000,"updateddate":null,"globalid":null,"gisglobalid":"BoPRlKKK-RKPd-P54P-sols-Km4PPK4nBlcs","remark":"--","st_area(shape)":0.00030943816867099973,"st_perimeter(shape)":0.10003062488867288}},{"arcs":[[27,28,29,-25,30]],"type":"Polygon","properties":{"objectid":107519,"statename":"Karnataka","statecode":"29","districtname":"Dakshin Kannada","districtcode":"575","ulbname":"Mangalore","ulbcode":"803181","wardname":"14","wardcode":null,"id":null,"status":"OPEN","misglobalid":null,"approved_by":null,"createdate":1643349840000,"updateddate":null,"globalid":null,"gisglobalid":"5lB6m66s-c4PK-Pcnl-Q6d4-R5s6nP556c55","remark":"--","st_area(shape)":0.00030943816867099973,"st_perimeter(shape)":0.10003062488867288}},{"arcs":[[27,28,29,-25,30]],"type":"Polygon","properties":{"objectid":108339,"statename":"Karnataka","statecode":"29","districtname":"Dakshin Kannada","districtcode":"575","ulbname":"Mangalore","ulbcode":"803181","wardname":"14","wardcode":null,"id":null,"status":"OPEN","misglobalid":null,"approved_by":null,"createdate":1643350836000,"updateddate":null,"globalid":null,"gisglobalid":"noPsaRac-Bdoa-P4QR-RQd5-KRPPQPl6c5a5","remark":"--","st_area(shape)":0.00030943816867099973,"st_perimeter(shape)":0.10003062488867288}},{"arcs":[[27,28,29,-25,30]],"type":"Polygon","properties":{"objectid":108348,"statename":"Karnataka","statecode":"29","districtname":"Dakshin Kannada","districtcode":"575","ulbname":"Mangalore","ulbcode":"803181","wardname":"14","wardcode":null,"id":null,"status":"OPEN","misglobalid":null,"approved_by":null,"createdate":1643350999000,"updateddate":null,"globalid":null,"gisglobalid":"4dana5so-4mP6-PsQQ-QRQs-45moQn6BQ4sB","remark":"--","st_area(shape)":0.00030943816867099973,"st_perimeter(shape)":0.10003062488867288}},{"arcs":[[27,28,29,-25,30]],"type":"Polygon","properties":{"objectid":108704,"statename":"Karnataka","statecode":"29","districtname":"Dakshin Kannada","districtcode":"575","ulbname":"Mangalore","ulbcode":"803181","wardname":"14","wardcode":null,"id":null,"status":"OPEN","misglobalid":null,"approved_by":null,"createdate":1643349015000,"updateddate":null,"globalid":null,"gisglobalid":"RmsmdRdn-RQP6-PBRQ-Q4mm-KcmoRcscBaKB","remark":"--","st_area(shape)":0.00030943816867099973,"st_perimeter(shape)":0.10003062488867288}},{"arcs":[[-30,31,32,-21,-26]],"type":"Polygon","properties":{"objectid":106337,"statename":"Karnataka","statecode":"29","districtname":"Dakshin Kannada","districtcode":"575","ulbname":"Mangalore","ulbcode":"803181","wardname":"15","wardcode":null,"id":null,"status":"OPEN","misglobalid":null,"approved_by":null,"createdate":1643350713000,"updateddate":null,"globalid":null,"gisglobalid":"ocsol5ll-adPa-PPlR-RBmB-64Psddc5nldl","remark":"--","st_area(shape)":0.00021056264693557284,"st_perimeter(shape)":0.07828447324618724}},{"arcs":[[-30,31,32,-21,-26]],"type":"Polygon","properties":{"objectid":107119,"statename":"Karnataka","statecode":"29","districtname":"Dakshin Kannada","districtcode":"575","ulbname":"Mangalore","ulbcode":"803181","wardname":"15","wardcode":null,"id":null,"status":"OPEN","misglobalid":null,"approved_by":null,"createdate":1643349840000,"updateddate":null,"globalid":null,"gisglobalid":"dnlK4KK4-csQK-PlKl-ssR5-lR5QcacRoaQ6","remark":"--","st_area(shape)":0.00021056264693557284,"st_perimeter(shape)":0.07828447324618724}},{"arcs":[[-30,31,32,-21,-26]],"type":"Polygon","properties":{"objectid":107132,"statename":"Karnataka","statecode":"29","districtname":"Dakshin Kannada","districtcode":"575","ulbname":"Mangalore","ulbcode":"803181","wardname":"15","wardcode":null,"id":null,"status":"OPEN","misglobalid":null,"approved_by":null,"createdate":1643350235000,"updateddate":null,"globalid":null,"gisglobalid":"nmdamo4Q-5K5a-P6m5-scPm-ma5cs6Q55dPn","remark":"--","st_area(shape)":0.00021056264693557284,"st_perimeter(shape)":0.07828447324618724}},{"arcs":[[-30,31,32,-21,-26]],"type":"Polygon","properties":{"objectid":107539,"statename":"Karnataka","statecode":"29","districtname":"Dakshin Kannada","districtcode":"575","ulbname":"Mangalore","ulbcode":"803181","wardname":"15","wardcode":null,"id":null,"status":"OPEN","misglobalid":null,"approved_by":null,"createdate":1643350523000,"updateddate":null,"globalid":null,"gisglobalid":"Rsc4da6P-Ql4Q-Pnmm-sml5-4RnsamdsmKQQ","remark":"--","st_area(shape)":0.00021056264693557284,"st_perimeter(shape)":0.07828447324618724}},{"arcs":[[-30,31,32,-21,-26]],"type":"Polygon","properties":{"objectid":107567,"statename":"Karnataka","statecode":"29","districtname":"Dakshin Kannada","districtcode":"575","ulbname":"Mangalore","ulbcode":"803181","wardname":"15","wardcode":null,"id":null,"status":"OPEN","misglobalid":null,"approved_by":null,"createdate":1643350999000,"updateddate":null,"globalid":null,"gisglobalid":"csoQa566-lPRK-PnQa-aBKs-nscoodKl4QPd","remark":"--","st_area(shape)":0.00021056264693557284,"st_perimeter(shape)":0.07828447324618724}},{"arcs":[[-30,31,32,-21,-26]],"type":"Polygon","properties":{"objectid":107899,"statename":"Karnataka","statecode":"29","districtname":"Dakshin Kannada","districtcode":"575","ulbname":"Mangalore","ulbcode":"803181","wardname":"15","wardcode":null,"id":null,"status":"OPEN","misglobalid":null,"approved_by":null,"createdate":1643348825000,"updateddate":null,"globalid":null,"gisglobalid":"BR64Pmo6-dnas-Plmm-alnm-dcd5RRddBdlo","remark":"--","st_area(shape)":0.00021056264693557284,"st_perimeter(shape)":0.07828447324618724}},{"arcs":[[-30,31,32,-21,-26]],"type":"Polygon","properties":{"objectid":108703,"statename":"Karnataka","statecode":"29","districtname":"Dakshin Kannada","districtcode":"575","ulbname":"Mangalore","ulbcode":"803181","wardname":"15","wardcode":null,"id":null,"status":"OPEN","misglobalid":null,"approved_by":null,"createdate":1643349015000,"updateddate":null,"globalid":null,"gisglobalid":"aa4naRln-PPna-PQBm-RsKo-mRRPl5nsBoQP","remark":"--","st_area(shape)":0.00021056264693557284,"st_perimeter(shape)":0.07828447324618724}},{"arcs":[[-30,31,32,-21,-26]],"type":"Polygon","properties":{"objectid":108747,"statename":"Karnataka","statecode":"29","districtname":"Dakshin Kannada","districtcode":"575","ulbname":"Mangalore","ulbcode":"803181","wardname":"15","wardcode":null,"id":null,"status":"OPEN","misglobalid":null,"approved_by":null,"createdate":1643350836000,"updateddate":null,"globalid":null,"gisglobalid":"oKPlaBQR-5Pd5-Podc-R5nK-QdRnQPnKlR66","remark":"--","st_area(shape)":0.00021056264693557284,"st_perimeter(shape)":0.07828447324618724}},{"arcs":[[-33,33,34,35,36,-12,-22]],"type":"Polygon","properties":{"objectid":104321,"statename":"Karnataka","statecode":"29","districtname":"Dakshin Kannada","districtcode":"575","ulbname":"Mangalore","ulbcode":"803181","wardname":"16","wardcode":null,"id":null,"status":"OPEN","misglobalid":null,"approved_by":null,"createdate":1643350999000,"updateddate":null,"globalid":null,"gisglobalid":"sRQoBQQo-mmQm-P6Qo-QaQo-6BsaoQRBR5s5","remark":"--","st_area(shape)":0.00030952678320962114,"st_perimeter(shape)":0.10022466186786445}},{"arcs":[[-33,33,34,35,36,-12,-22]],"type":"Polygon","properties":{"objectid":106306,"statename":"Karnataka","statecode":"29","districtname":"Dakshin Kannada","districtcode":"575","ulbname":"Mangalore","ulbcode":"803181","wardname":"16","wardcode":null,"id":null,"status":"OPEN","misglobalid":null,"approved_by":null,"createdate":1643349015000,"updateddate":null,"globalid":null,"gisglobalid":"4B5a4aKK-llR4-P6da-s6mR-Qoc4RBlRK6mc","remark":"--","st_area(shape)":0.00030952678320962114,"st_perimeter(shape)":0.10022466186786445}},{"arcs":[[-33,33,34,35,36,-12,-22]],"type":"Polygon","properties":{"objectid":106315,"statename":"Karnataka","statecode":"29","districtname":"Dakshin Kannada","districtcode":"575","ulbname":"Mangalore","ulbcode":"803181","wardname":"16","wardcode":null,"id":null,"status":"OPEN","misglobalid":null,"approved_by":null,"createdate":1643350235000,"updateddate":null,"globalid":null,"gisglobalid":"oP5o5n4d-amdo-PlB6-QlRc-s4oldcQQPPod","remark":"--","st_area(shape)":0.00030952678320962114,"st_perimeter(shape)":0.10022466186786445}},{"arcs":[[-33,33,34,35,36,-12,-22]],"type":"Polygon","properties":{"objectid":106341,"statename":"Karnataka","statecode":"29","districtname":"Dakshin Kannada","districtcode":"575","ulbname":"Mangalore","ulbcode":"803181","wardname":"16","wardcode":null,"id":null,"status":"OPEN","misglobalid":null,"approved_by":null,"createdate":1643350713000,"updateddate":null,"globalid":null,"gisglobalid":"nas64QnK-c6aP-Psda-QPRn-noBcoKnRKdcn","remark":"--","st_area(shape)":0.00030952678320962114,"st_perimeter(shape)":0.10022466186786445}},{"arcs":[[-33,33,34,35,36,-12,-22]],"type":"Polygon","properties":{"objectid":107104,"statename":"Karnataka","statecode":"29","districtname":"Dakshin Kannada","districtcode":"575","ulbname":"Mangalore","ulbcode":"803181","wardname":"16","wardcode":null,"id":null,"status":"OPEN","misglobalid":null,"approved_by":null,"createdate":1643348825000,"updateddate":null,"globalid":null,"gisglobalid":"dsnK6Qmc-sKsm-Plal-a4cm-aBcdKl5dK6ml","remark":"--","st_area(shape)":0.00030952678320962114,"st_perimeter(shape)":0.10022466186786445}},{"arcs":[[-33,33,34,35,36,-12,-22]],"type":"Polygon","properties":{"objectid":107954,"statename":"Karnataka","statecode":"29","districtname":"Dakshin Kannada","districtcode":"575","ulbname":"Mangalore","ulbcode":"803181","wardname":"16","wardcode":null,"id":null,"status":"OPEN","misglobalid":null,"approved_by":null,"createdate":1643350836000,"updateddate":null,"globalid":null,"gisglobalid":"am5dPnno-54mP-Pasc-R6BQ-5B6PmBP5PdBs","remark":"--","st_area(shape)":0.00030952678320962114,"st_perimeter(shape)":0.10022466186786445}},{"arcs":[[-33,33,34,35,36,-12,-22]],"type":"Polygon","properties":{"objectid":108712,"statename":"Karnataka","statecode":"29","districtname":"Dakshin Kannada","districtcode":"575","ulbname":"Mangalore","ulbcode":"803181","wardname":"16","wardcode":null,"id":null,"status":"OPEN","misglobalid":null,"approved_by":null,"createdate":1643349840000,"updateddate":null,"globalid":null,"gisglobalid":"oK6Q5msK-PlBm-PKas-a4d4-P5P45QmsPc5B","remark":"--","st_area(shape)":0.00030952678320962114,"st_perimeter(shape)":0.10022466186786445}},{"arcs":[[-33,33,34,35,36,-12,-22]],"type":"Polygon","properties":{"objectid":108733,"statename":"Karnataka","statecode":"29","districtname":"Dakshin Kannada","districtcode":"575","ulbname":"Mangalore","ulbcode":"803181","wardname":"16","wardcode":null,"id":null,"status":"OPEN","misglobalid":null,"approved_by":null,"createdate":1643350523000,"updateddate":null,"globalid":null,"gisglobalid":"lQcc6cml-PaQm-P4oQ-RsRc-KKcod5sQP5Kn","remark":"--","st_area(shape)":0.00030952678320962114,"st_perimeter(shape)":0.10022466186786445}},{"arcs":[[37,38,39,-36]],"type":"Polygon","properties":{"objectid":105130,"statename":"Karnataka","statecode":"29","districtname":"Dakshin Kannada","districtcode":"575","ulbname":"Mangalore","ulbcode":"803181","wardname":"17","wardcode":null,"id":null,"status":"OPEN","misglobalid":null,"approved_by":null,"createdate":1643350836000,"updateddate":null,"globalid":null,"gisglobalid":"nmKd545l-dBd5-PPKo-RcKQ-BRsB6mBmQnan","remark":"--","st_area(shape)":0.00006155086134029491,"st_perimeter(shape)":0.04684970837959349}},{"arcs":[[37,38,39,-36]],"type":"Polygon","properties":{"objectid":106339,"statename":"Karnataka","statecode":"29","districtname":"Dakshin Kannada","districtcode":"575","ulbname":"Mangalore","ulbcode":"803181","wardname":"17","wardcode":null,"id":null,"status":"OPEN","misglobalid":null,"approved_by":null,"createdate":1643350713000,"updateddate":null,"globalid":null,"gisglobalid":"6PRo4amd-lamc-PP46-Rd6l-645K5565onmd","remark":"--","st_area(shape)":0.00006155086134029491,"st_perimeter(shape)":0.04684970837959349}},{"arcs":[[37,38,39,-36]],"type":"Polygon","properties":{"objectid":106349,"statename":"Karnataka","statecode":"29","districtname":"Dakshin Kannada","districtcode":"575","ulbname":"Mangalore","ulbcode":"803181","wardname":"17","wardcode":null,"id":null,"status":"OPEN","misglobalid":null,"approved_by":null,"createdate":1643350999000,"updateddate":null,"globalid":null,"gisglobalid":"6nsml64a-ldaB-PmKo-sRs5-5QQn64RP4Pam","remark":"--","st_area(shape)":0.00006155086134029491,"st_perimeter(shape)":0.04684970837959349}},{"arcs":[[37,38,39,-36]],"type":"Polygon","properties":{"objectid":107540,"statename":"Karnataka","statecode":"29","districtname":"Dakshin Kannada","districtcode":"575","ulbname":"Mangalore","ulbcode":"803181","wardname":"17","wardcode":null,"id":null,"status":"OPEN","misglobalid":null,"approved_by":null,"createdate":1643350523000,"updateddate":null,"globalid":null,"gisglobalid":"cl5l44Rc-QKlP-Pmda-QmKB-a6s54cPB5BmK","remark":"--","st_area(shape)":0.00006155086134029491,"st_perimeter(shape)":0.04684970837959349}},{"arcs":[[37,38,39,-36]],"type":"Polygon","properties":{"objectid":107904,"statename":"Karnataka","statecode":"29","districtname":"Dakshin Kannada","districtcode":"575","ulbname":"Mangalore","ulbcode":"803181","wardname":"17","wardcode":null,"id":null,"status":"OPEN","misglobalid":null,"approved_by":null,"createdate":1643349015000,"updateddate":null,"globalid":null,"gisglobalid":"Pna55Q5B-RaQP-Psm4-QPBK-ssmPmsnQdmnK","remark":"--","st_area(shape)":0.00006155086134029491,"st_perimeter(shape)":0.04684970837959349}},{"arcs":[[37,38,39,-36]],"type":"Polygon","properties":{"objectid":107917,"statename":"Karnataka","statecode":"29","districtname":"Dakshin Kannada","districtcode":"575","ulbname":"Mangalore","ulbcode":"803181","wardname":"17","wardcode":null,"id":null,"status":"OPEN","misglobalid":null,"approved_by":null,"createdate":1643349840000,"updateddate":null,"globalid":null,"gisglobalid":"nd5nllnd-a6RQ-PBsm-a5B5-RsRRcQRaomnc","remark":"--","st_area(shape)":0.00006155086134029491,"st_perimeter(shape)":0.04684970837959349}},{"arcs":[[37,38,39,-36]],"type":"Polygon","properties":{"objectid":108313,"statename":"Karnataka","statecode":"29","districtname":"Dakshin Kannada","districtcode":"575","ulbname":"Mangalore","ulbcode":"803181","wardname":"17","wardcode":null,"id":null,"status":"OPEN","misglobalid":null,"approved_by":null,"createdate":1643350235000,"updateddate":null,"globalid":null,"gisglobalid":"dKKmonRo-4lsa-PRdd-s44P-P6o6aRBodmBl","remark":"--","st_area(shape)":0.00006155086134029491,"st_perimeter(shape)":0.04684970837959349}},{"arcs":[[37,38,39,-36]],"type":"Polygon","properties":{"objectid":108689,"statename":"Karnataka","statecode":"29","districtname":"Dakshin Kannada","districtcode":"575","ulbname":"Mangalore","ulbcode":"803181","wardname":"17","wardcode":null,"id":null,"status":"OPEN","misglobalid":null,"approved_by":null,"createdate":1643348825000,"updateddate":null,"globalid":null,"gisglobalid":"4Bdc6c4d-nnKK-Paoa-ammd-sB445Ql6dRKP","remark":"--","st_area(shape)":0.00006155086134029491,"st_perimeter(shape)":0.04684970837959349}},{"arcs":[[40,41,-34,-32,-29]],"type":"Polygon","properties":{"objectid":105123,"statename":"Karnataka","statecode":"29","districtname":"Dakshin Kannada","districtcode":"575","ulbname":"Mangalore","ulbcode":"803181","wardname":"18","wardcode":null,"id":null,"status":"OPEN","misglobalid":null,"approved_by":null,"createdate":1643350713000,"updateddate":null,"globalid":null,"gisglobalid":"mm5PndR6-nKnd-Pd4n-sPc5-mmcPK56aB6so","remark":"--","st_area(shape)":0.00018621967328630456,"st_perimeter(shape)":0.07636616258391132}},{"arcs":[[40,41,-34,-32,-29]],"type":"Polygon","properties":{"objectid":106351,"statename":"Karnataka","statecode":"29","districtname":"Dakshin Kannada","districtcode":"575","ulbname":"Mangalore","ulbcode":"803181","wardname":"18","wardcode":null,"id":null,"status":"OPEN","misglobalid":null,"approved_by":null,"createdate":1643350999000,"updateddate":null,"globalid":null,"gisglobalid":"oln5aono-6ss5-P4KB-Rl6a-mnKRdR46cmPa","remark":"--","st_area(shape)":0.00018621967328630456,"st_perimeter(shape)":0.07636616258391132}},{"arcs":[[40,41,-34,-32,-29]],"type":"Polygon","properties":{"objectid":107558,"statename":"Karnataka","statecode":"29","districtname":"Dakshin Kannada","districtcode":"575","ulbname":"Mangalore","ulbcode":"803181","wardname":"18","wardcode":null,"id":null,"status":"OPEN","misglobalid":null,"approved_by":null,"createdate":1643350836000,"updateddate":null,"globalid":null,"gisglobalid":"cBK5nPsK-sQQ6-PQa4-sol4-4dBmKdmoBacm","remark":"--","st_area(shape)":0.00018621967328630456,"st_perimeter(shape)":0.07636616258391132}},{"arcs":[[40,41,-34,-32,-29]],"type":"Polygon","properties":{"objectid":107897,"statename":"Karnataka","statecode":"29","districtname":"Dakshin Kannada","districtcode":"575","ulbname":"Mangalore","ulbcode":"803181","wardname":"18","wardcode":null,"id":null,"status":"OPEN","misglobalid":null,"approved_by":null,"createdate":1643348825000,"updateddate":null,"globalid":null,"gisglobalid":"mco4QncB-QQnQ-P46s-ss5s-RBmRmBdalKna","remark":"--","st_area(shape)":0.00018621967328630456,"st_perimeter(shape)":0.07636616258391132}},{"arcs":[[40,41,-34,-32,-29]],"type":"Polygon","properties":{"objectid":107907,"statename":"Karnataka","statecode":"29","districtname":"Dakshin Kannada","districtcode":"575","ulbname":"Mangalore","ulbcode":"803181","wardname":"18","wardcode":null,"id":null,"status":"OPEN","misglobalid":null,"approved_by":null,"createdate":1643349015000,"updateddate":null,"globalid":null,"gisglobalid":"Kns6BQBl-R6sa-PKmo-scK5-lPRnP5olKnR4","remark":"--","st_area(shape)":0.00018621967328630456,"st_perimeter(shape)":0.07636616258391132}},{"arcs":[[40,41,-34,-32,-29]],"type":"Polygon","properties":{"objectid":107927,"statename":"Karnataka","statecode":"29","districtname":"Dakshin Kannada","districtcode":"575","ulbname":"Mangalore","ulbcode":"803181","wardname":"18","wardcode":null,"id":null,"status":"OPEN","misglobalid":null,"approved_by":null,"createdate":1643350235000,"updateddate":null,"globalid":null,"gisglobalid":"cPRPaK6o-RK5m-Pmo5-QBaB-aPaPd4sRPBd4","remark":"--","st_area(shape)":0.00018621967328630456,"st_perimeter(shape)":0.07636616258391132}},{"arcs":[[40,41,-34,-32,-29]],"type":"Polygon","properties":{"objectid":108322,"statename":"Karnataka","statecode":"29","districtname":"Dakshin Kannada","districtcode":"575","ulbname":"Mangalore","ulbcode":"803181","wardname":"18","wardcode":null,"id":null,"status":"OPEN","misglobalid":null,"approved_by":null,"createdate":1643350523000,"updateddate":null,"globalid":null,"gisglobalid":"QPPam6as-aocB-Pa4P-aQ6m-BBKKasnPBKQ6","remark":"--","st_area(shape)":0.00018621967328630456,"st_perimeter(shape)":0.07636616258391132}},{"arcs":[[40,41,-34,-32,-29]],"type":"Polygon","properties":{"objectid":108713,"statename":"Karnataka","statecode":"29","districtname":"Dakshin Kannada","districtcode":"575","ulbname":"Mangalore","ulbcode":"803181","wardname":"18","wardcode":null,"id":null,"status":"OPEN","misglobalid":null,"approved_by":null,"createdate":1643349840000,"updateddate":null,"globalid":null,"gisglobalid":"ddm5KolQ-nmP6-P66c-RPQn-PQP56mK4B5Rm","remark":"--","st_area(shape)":0.00018621967328630456,"st_perimeter(shape)":0.07636616258391132}},{"arcs":[[42,43,44,45,46,-41,-28,47]],"type":"Polygon","properties":{"objectid":104318,"statename":"Karnataka","statecode":"29","districtname":"Dakshin Kannada","districtcode":"575","ulbname":"Mangalore","ulbcode":"803181","wardname":"19","wardcode":null,"id":null,"status":"OPEN","misglobalid":null,"approved_by":null,"createdate":1643350836000,"updateddate":null,"globalid":null,"gisglobalid":"QcBaoKQl-5cam-PP6c-acm4-mBKn6KoRdcsl","remark":"--","st_area(shape)":0.0004922624906933785,"st_perimeter(shape)":0.12286959695465034}},{"arcs":[[42,43,44,45,46,-41,-28,47]],"type":"Polygon","properties":{"objectid":104322,"statename":"Karnataka","statecode":"29","districtname":"Dakshin Kannada","districtcode":"575","ulbname":"Mangalore","ulbcode":"803181","wardname":"19","wardcode":null,"id":null,"status":"OPEN","misglobalid":null,"approved_by":null,"createdate":1643350999000,"updateddate":null,"globalid":null,"gisglobalid":"ldKlcPs6-PQQo-PQcQ-RQBn-Bnc656QBsoms","remark":"--","st_area(shape)":0.0004922624906933785,"st_perimeter(shape)":0.12286959695465034}},{"arcs":[[42,43,44,45,46,-41,-28,47]],"type":"Polygon","properties":{"objectid":105098,"statename":"Karnataka","statecode":"29","districtname":"Dakshin Kannada","districtcode":"575","ulbname":"Mangalore","ulbcode":"803181","wardname":"19","wardcode":null,"id":null,"status":"OPEN","misglobalid":null,"approved_by":null,"createdate":1643349015000,"updateddate":null,"globalid":null,"gisglobalid":"sB4laBcB-ccol-PPQa-sdon-45RmRQlodRdB","remark":"--","st_area(shape)":0.0004922624906933785,"st_perimeter(shape)":0.12286959695465034}},{"arcs":[[42,43,44,45,46,-41,-28,47]],"type":"Polygon","properties":{"objectid":105119,"statename":"Karnataka","statecode":"29","districtname":"Dakshin Kannada","districtcode":"575","ulbname":"Mangalore","ulbcode":"803181","wardname":"19","wardcode":null,"id":null,"status":"OPEN","misglobalid":null,"approved_by":null,"createdate":1643350523000,"updateddate":null,"globalid":null,"gisglobalid":"6caPmKam-4nQn-PQKK-R64a-nQoBa4dPonRo","remark":"--","st_area(shape)":0.0004922624906933785,"st_perimeter(shape)":0.12286959695465034}},{"arcs":[[42,43,44,45,46,-41,-28,47]],"type":"Polygon","properties":{"objectid":107131,"statename":"Karnataka","statecode":"29","districtname":"Dakshin Kannada","districtcode":"575","ulbname":"Mangalore","ulbcode":"803181","wardname":"19","wardcode":null,"id":null,"status":"OPEN","misglobalid":null,"approved_by":null,"createdate":1643350235000,"updateddate":null,"globalid":null,"gisglobalid":"lBo4lsoR-lcPs-PBKP-aKal-B5QccQ4aQPRs","remark":"--","st_area(shape)":0.0004922624906933785,"st_perimeter(shape)":0.12286959695465034}},{"arcs":[[42,43,44,45,46,-41,-28,47]],"type":"Polygon","properties":{"objectid":107501,"statename":"Karnataka","statecode":"29","districtname":"Dakshin Kannada","districtcode":"575","ulbname":"Mangalore","ulbcode":"803181","wardname":"19","wardcode":null,"id":null,"status":"OPEN","misglobalid":null,"approved_by":null,"createdate":1643348825000,"updateddate":null,"globalid":null,"gisglobalid":"Rc56Rd5l-cccl-PcoB-RPal-lBooBRPQo5Bm","remark":"--","st_area(shape)":0.0004922624906933785,"st_perimeter(shape)":0.12286959695465034}},{"arcs":[[42,43,44,45,46,-41,-28,47]],"type":"Polygon","properties":{"objectid":107517,"statename":"Karnataka","statecode":"29","districtname":"Dakshin Kannada","districtcode":"575","ulbname":"Mangalore","ulbcode":"803181","wardname":"19","wardcode":null,"id":null,"status":"OPEN","misglobalid":null,"approved_by":null,"createdate":1643349840000,"updateddate":null,"globalid":null,"gisglobalid":"B6ssPa4B-KRPl-P5sR-QdR6-K5nBaR6n6KRK","remark":"--","st_area(shape)":0.0004922624906933785,"st_perimeter(shape)":0.12286959695465034}},{"arcs":[[42,43,44,45,46,-41,-28,47]],"type":"Polygon","properties":{"objectid":108330,"statename":"Karnataka","statecode":"29","districtname":"Dakshin Kannada","districtcode":"575","ulbname":"Mangalore","ulbcode":"803181","wardname":"19","wardcode":null,"id":null,"status":"OPEN","misglobalid":null,"approved_by":null,"createdate":1643350713000,"updateddate":null,"globalid":null,"gisglobalid":"56sQKnmB-B65o-PKdm-Qnom-cd55n6Q5nP54","remark":"--","st_area(shape)":0.0004922624906933785,"st_perimeter(shape)":0.12286959695465034}},{"arcs":[[48,49,50,51,52,53,-3,-2,-1,54]],"type":"Polygon","properties":{"objectid":104305,"statename":"Karnataka","statecode":"29","districtname":"Dakshin Kannada","districtcode":"575","ulbname":"Mangalore","ulbcode":"803181","wardname":"2","wardcode":null,"id":null,"status":"OPEN","misglobalid":null,"approved_by":null,"createdate":1643350235000,"updateddate":null,"globalid":null,"gisglobalid":"cd5nPPBK-dson-PaR4-QKQ6-PsP5P4cK44ds","remark":"--","st_area(shape)":0.0004240693396708369,"st_perimeter(shape)":0.14971560692297484}},{"arcs":[[48,49,50,51,52,53,-3,-2,-1,54]],"type":"Polygon","properties":{"objectid":107096,"statename":"Karnataka","statecode":"29","districtname":"Dakshin Kannada","districtcode":"575","ulbname":"Mangalore","ulbcode":"803181","wardname":"2","wardcode":null,"id":null,"status":"OPEN","misglobalid":null,"approved_by":null,"createdate":1643348825000,"updateddate":null,"globalid":null,"gisglobalid":"lPlQPmsQ-QoQs-Pool-RBsP-6sRBc4dRB6Bc","remark":"--","st_area(shape)":0.0004240693396708369,"st_perimeter(shape)":0.14971560692297484}},{"arcs":[[48,49,50,51,52,53,-3,-2,-1,54]],"type":"Polygon","properties":{"objectid":107167,"statename":"Karnataka","statecode":"29","districtname":"Dakshin Kannada","districtcode":"575","ulbname":"Mangalore","ulbcode":"803181","wardname":"2","wardcode":null,"id":null,"status":"OPEN","misglobalid":null,"approved_by":null,"createdate":1643350836000,"updateddate":null,"globalid":null,"gisglobalid":"RPlcBP45-PdPs-P4aK-RK6c-PdBcmQssRPK4","remark":"--","st_area(shape)":0.0004240693396708369,"st_perimeter(shape)":0.14971560692297484}},{"arcs":[[48,49,50,51,52,53,-3,-2,-1,54]],"type":"Polygon","properties":{"objectid":107541,"statename":"Karnataka","statecode":"29","districtname":"Dakshin Kannada","districtcode":"575","ulbname":"Mangalore","ulbcode":"803181","wardname":"2","wardcode":null,"id":null,"status":"OPEN","misglobalid":null,"approved_by":null,"createdate":1643350713000,"updateddate":null,"globalid":null,"gisglobalid":"ncnaso6a-scn5-Poc6-aQQK-m4moBccd4Qan","remark":"--","st_area(shape)":0.0004240693396708369,"st_perimeter(shape)":0.14971560692297484}},{"arcs":[[48,49,50,51,52,53,-3,-2,-1,54]],"type":"Polygon","properties":{"objectid":107901,"statename":"Karnataka","statecode":"29","districtname":"Dakshin Kannada","districtcode":"575","ulbname":"Mangalore","ulbcode":"803181","wardname":"2","wardcode":null,"id":null,"status":"OPEN","misglobalid":null,"approved_by":null,"createdate":1643349014000,"updateddate":null,"globalid":null,"gisglobalid":"4Qc5BcBK-lBas-PsdR-s4lP-oosQPlPasmP4","remark":"--","st_area(shape)":0.0004240693396708369,"st_perimeter(shape)":0.14971560692297484}},{"arcs":[[48,49,50,51,52,53,-3,-2,-1,54]],"type":"Polygon","properties":{"objectid":107934,"statename":"Karnataka","statecode":"29","districtname":"Dakshin Kannada","districtcode":"575","ulbname":"Mangalore","ulbcode":"803181","wardname":"2","wardcode":null,"id":null,"status":"OPEN","misglobalid":null,"approved_by":null,"createdate":1643350523000,"updateddate":null,"globalid":null,"gisglobalid":"BKKKPRan-Rl6K-PcmP-RPBl-lclKPcRRKQdo","remark":"--","st_area(shape)":0.0004240693396708369,"st_perimeter(shape)":0.14971560692297484}},{"arcs":[[48,49,50,51,52,53,-3,-2,-1,54]],"type":"Polygon","properties":{"objectid":108299,"statename":"Karnataka","statecode":"29","districtname":"Dakshin Kannada","districtcode":"575","ulbname":"Mangalore","ulbcode":"803181","wardname":"2","wardcode":null,"id":null,"status":"OPEN","misglobalid":null,"approved_by":null,"createdate":1643349840000,"updateddate":null,"globalid":null,"gisglobalid":"alKmaBQP-BK4Q-PmQo-RPdl-lKa5sPdn4dB4","remark":"--","st_area(shape)":0.0004240693396708369,"st_perimeter(shape)":0.14971560692297484}},{"arcs":[[48,49,50,51,52,53,-3,-2,-1,54]],"type":"Polygon","properties":{"objectid":108748,"statename":"Karnataka","statecode":"29","districtname":"Dakshin Kannada","districtcode":"575","ulbname":"Mangalore","ulbcode":"803181","wardname":"2","wardcode":null,"id":null,"status":"OPEN","misglobalid":null,"approved_by":null,"createdate":1643350999000,"updateddate":null,"globalid":null,"gisglobalid":"RKoBsRnl-ddlB-Pond-aaoo-Rd45Qoad6P4n","remark":"--","st_area(shape)":0.0004240693396708369,"st_perimeter(shape)":0.14971560692297484}},{"arcs":[[55,-43,56]],"type":"Polygon","properties":{"objectid":104300,"statename":"Karnataka","statecode":"29","districtname":"Dakshin Kannada","districtcode":"575","ulbname":"Mangalore","ulbcode":"803181","wardname":"20","wardcode":null,"id":null,"status":"OPEN","misglobalid":null,"approved_by":null,"createdate":1643349015000,"updateddate":null,"globalid":null,"gisglobalid":"o6oln5RK-Po4m-PoQ6-aQ4m-BcQaK5oa4BaQ","remark":"--","st_area(shape)":0.00043011420061152684,"st_perimeter(shape)":0.11614493051015595}},{"arcs":[[55,-43,56]],"type":"Polygon","properties":{"objectid":105115,"statename":"Karnataka","statecode":"29","districtname":"Dakshin Kannada","districtcode":"575","ulbname":"Mangalore","ulbcode":"803181","wardname":"20","wardcode":null,"id":null,"status":"OPEN","misglobalid":null,"approved_by":null,"createdate":1643350523000,"updateddate":null,"globalid":null,"gisglobalid":"5ddKQRP4-Pdcc-PaKQ-sRK5-nRnRQRPQosKK","remark":"--","st_area(shape)":0.00043011420061152684,"st_perimeter(shape)":0.11614493051015595}},{"arcs":[[55,-43,56]],"type":"Polygon","properties":{"objectid":107164,"statename":"Karnataka","statecode":"29","districtname":"Dakshin Kannada","districtcode":"575","ulbname":"Mangalore","ulbcode":"803181","wardname":"20","wardcode":null,"id":null,"status":"OPEN","misglobalid":null,"approved_by":null,"createdate":1643350713000,"updateddate":null,"globalid":null,"gisglobalid":"P6BQKlPm-R5B5-P6lm-a56n-P5KBlPQ4dnBo","remark":"--","st_area(shape)":0.00043011420061152684,"st_perimeter(shape)":0.11614493051015595}},{"arcs":[[55,-43,56]],"type":"Polygon","properties":{"objectid":107176,"statename":"Karnataka","statecode":"29","districtname":"Dakshin Kannada","districtcode":"575","ulbname":"Mangalore","ulbcode":"803181","wardname":"20","wardcode":null,"id":null,"status":"OPEN","misglobalid":null,"approved_by":null,"createdate":1643350836000,"updateddate":null,"globalid":null,"gisglobalid":"lcQano5B-5ldn-PKPP-a6cK-na4PlBc4anBd","remark":"--","st_area(shape)":0.00043011420061152684,"st_perimeter(shape)":0.11614493051015595}},{"arcs":[[55,-43,56]],"type":"Polygon","properties":{"objectid":107527,"statename":"Karnataka","statecode":"29","districtname":"Dakshin Kannada","districtcode":"575","ulbname":"Mangalore","ulbcode":"803181","wardname":"20","wardcode":null,"id":null,"status":"OPEN","misglobalid":null,"approved_by":null,"createdate":1643350235000,"updateddate":null,"globalid":null,"gisglobalid":"am4cR5QP-B5sK-PPdK-RndB-dsnQs5R6QQQn","remark":"--","st_area(shape)":0.00043011420061152684,"st_perimeter(shape)":0.11614493051015595}},{"arcs":[[55,-43,56]],"type":"Polygon","properties":{"objectid":107919,"statename":"Karnataka","statecode":"29","districtname":"Dakshin Kannada","districtcode":"575","ulbname":"Mangalore","ulbcode":"803181","wardname":"20","wardcode":null,"id":null,"status":"OPEN","misglobalid":null,"approved_by":null,"createdate":1643349840000,"updateddate":null,"globalid":null,"gisglobalid":"PQs6QBB5-RlaB-PRPo-RKnc-ndK5lBm5Komn","remark":"--","st_area(shape)":0.00043011420061152684,"st_perimeter(shape)":0.11614493051015595}},{"arcs":[[55,-43,56]],"type":"Polygon","properties":{"objectid":108344,"statename":"Karnataka","statecode":"29","districtname":"Dakshin Kannada","districtcode":"575","ulbname":"Mangalore","ulbcode":"803181","wardname":"20","wardcode":null,"id":null,"status":"OPEN","misglobalid":null,"approved_by":null,"createdate":1643350999000,"updateddate":null,"globalid":null,"gisglobalid":"m6ccssKm-K5md-Pd6d-RnaK-45Q4lPacRccn","remark":"--","st_area(shape)":0.00043011420061152684,"st_perimeter(shape)":0.11614493051015595}},{"arcs":[[55,-43,56]],"type":"Polygon","properties":{"objectid":108691,"statename":"Karnataka","statecode":"29","districtname":"Dakshin Kannada","districtcode":"575","ulbname":"Mangalore","ulbcode":"803181","wardname":"20","wardcode":null,"id":null,"status":"OPEN","misglobalid":null,"approved_by":null,"createdate":1643348825000,"updateddate":null,"globalid":null,"gisglobalid":"Bcl5laso-lcRQ-Plso-a66d-QP6QoQKm4KaP","remark":"--","st_area(shape)":0.00043011420061152684,"st_perimeter(shape)":0.11614493051015595}},{"arcs":[[57,58,59,60,61,-45]],"type":"Polygon","properties":{"objectid":105101,"statename":"Karnataka","statecode":"29","districtname":"Dakshin Kannada","districtcode":"575","ulbname":"Mangalore","ulbcode":"803181","wardname":"21","wardcode":null,"id":null,"status":"OPEN","misglobalid":null,"approved_by":null,"createdate":1643349015000,"updateddate":null,"globalid":null,"gisglobalid":"456nKBBB-omd4-P4dl-snoc-cmdlPPnnmccd","remark":"--","st_area(shape)":0.00026418422588062116,"st_perimeter(shape)":0.09051501993867363}},{"arcs":[[57,58,59,60,61,-45]],"type":"Polygon","properties":{"objectid":105140,"statename":"Karnataka","statecode":"29","districtname":"Dakshin Kannada","districtcode":"575","ulbname":"Mangalore","ulbcode":"803181","wardname":"21","wardcode":null,"id":null,"status":"OPEN","misglobalid":null,"approved_by":null,"createdate":1643350999000,"updateddate":null,"globalid":null,"gisglobalid":"dmdoQPBP-lcsm-PQdK-RPoo-manmKlKRKB4o","remark":"--","st_area(shape)":0.00026418422588062116,"st_perimeter(shape)":0.09051501993867363}},{"arcs":[[57,58,59,60,61,-45]],"type":"Polygon","properties":{"objectid":106327,"statename":"Karnataka","statecode":"29","districtname":"Dakshin Kannada","districtcode":"575","ulbname":"Mangalore","ulbcode":"803181","wardname":"21","wardcode":null,"id":null,"status":"OPEN","misglobalid":null,"approved_by":null,"createdate":1643350523000,"updateddate":null,"globalid":null,"gisglobalid":"RsPRlKd6-cPmK-PPdm-aa4o-6PBd6BKsnnP5","remark":"--","st_area(shape)":0.00026418422588062116,"st_perimeter(shape)":0.09051501993867363}},{"arcs":[[57,58,59,60,61,-45]],"type":"Polygon","properties":{"objectid":107135,"statename":"Karnataka","statecode":"29","districtname":"Dakshin Kannada","districtcode":"575","ulbname":"Mangalore","ulbcode":"803181","wardname":"21","wardcode":null,"id":null,"status":"OPEN","misglobalid":null,"approved_by":null,"createdate":1643350235000,"updateddate":null,"globalid":null,"gisglobalid":"c4nanmBa-mdl4-PmnB-Qndm-mP6c6BRsBKB6","remark":"--","st_area(shape)":0.00026418422588062116,"st_perimeter(shape)":0.09051501993867363}},{"arcs":[[57,58,59,60,61,-45]],"type":"Polygon","properties":{"objectid":107162,"statename":"Karnataka","statecode":"29","districtname":"Dakshin Kannada","districtcode":"575","ulbname":"Mangalore","ulbcode":"803181","wardname":"21","wardcode":null,"id":null,"status":"OPEN","misglobalid":null,"approved_by":null,"createdate":1643350713000,"updateddate":null,"globalid":null,"gisglobalid":"4ammlBP4-dQ4l-P5dl-sanl-6lB4saommmsd","remark":"--","st_area(shape)":0.00026418422588062116,"st_perimeter(shape)":0.09051501993867363}},{"arcs":[[57,58,59,60,61,-45]],"type":"Polygon","properties":{"objectid":107180,"statename":"Karnataka","statecode":"29","districtname":"Dakshin Kannada","districtcode":"575","ulbname":"Mangalore","ulbcode":"803181","wardname":"21","wardcode":null,"id":null,"status":"OPEN","misglobalid":null,"approved_by":null,"createdate":1643350836000,"updateddate":null,"globalid":null,"gisglobalid":"co4soKlm-6Pon-PcdQ-RQs5-6scams4d54Kn","remark":"--","st_area(shape)":0.00026418422588062116,"st_perimeter(shape)":0.09051501993867363}},{"arcs":[[57,58,59,60,61,-45]],"type":"Polygon","properties":{"objectid":107900,"statename":"Karnataka","statecode":"29","districtname":"Dakshin Kannada","districtcode":"575","ulbname":"Mangalore","ulbcode":"803181","wardname":"21","wardcode":null,"id":null,"status":"OPEN","misglobalid":null,"approved_by":null,"createdate":1643348825000,"updateddate":null,"globalid":null,"gisglobalid":"4P5nmK4l-amBm-Pos6-amc5-ndom664scomP","remark":"--","st_area(shape)":0.00026418422588062116,"st_perimeter(shape)":0.09051501993867363}},{"arcs":[[57,58,59,60,61,-45]],"type":"Polygon","properties":{"objectid":107922,"statename":"Karnataka","statecode":"29","districtname":"Dakshin Kannada","districtcode":"575","ulbname":"Mangalore","ulbcode":"803181","wardname":"21","wardcode":null,"id":null,"status":"OPEN","misglobalid":null,"approved_by":null,"createdate":1643349840000,"updateddate":null,"globalid":null,"gisglobalid":"cldd44BP-cmRa-PQsK-Rd5m-QnmKnQR65oBo","remark":"--","st_area(shape)":0.00026418422588062116,"st_perimeter(shape)":0.09051501993867363}},{"arcs":[[-62,62,63,64,65,-46]],"type":"Polygon","properties":{"objectid":105141,"statename":"Karnataka","statecode":"29","districtname":"Dakshin Kannada","districtcode":"575","ulbname":"Mangalore","ulbcode":"803181","wardname":"22","wardcode":null,"id":null,"status":"OPEN","misglobalid":null,"approved_by":null,"createdate":1643350999000,"updateddate":null,"globalid":null,"gisglobalid":"PKscB6ad-oaRR-Pc6B-RP4m-QPcBo6dBndn5","remark":"--","st_area(shape)":0.00020007278157251524,"st_perimeter(shape)":0.08997752992018819}},{"arcs":[[-62,62,63,64,65,-46]],"type":"Polygon","properties":{"objectid":107163,"statename":"Karnataka","statecode":"29","districtname":"Dakshin Kannada","districtcode":"575","ulbname":"Mangalore","ulbcode":"803181","wardname":"22","wardcode":null,"id":null,"status":"OPEN","misglobalid":null,"approved_by":null,"createdate":1643350713000,"updateddate":null,"globalid":null,"gisglobalid":"mQRdR5dK-dlKR-PnQ4-asd4-KsaRlQ6B5am4","remark":"--","st_area(shape)":0.00020007278157251524,"st_perimeter(shape)":0.08997752992018819}},{"arcs":[[-62,62,63,64,65,-46]],"type":"Polygon","properties":{"objectid":107561,"statename":"Karnataka","statecode":"29","districtname":"Dakshin Kannada","districtcode":"575","ulbname":"Mangalore","ulbcode":"803181","wardname":"22","wardcode":null,"id":null,"status":"OPEN","misglobalid":null,"approved_by":null,"createdate":1643350836000,"updateddate":null,"globalid":null,"gisglobalid":"K5nQRRKl-Pdn6-PmP6-sdPl-aRocds4cKRd5","remark":"--","st_area(shape)":0.00020007278157251524,"st_perimeter(shape)":0.08997752992018819}},{"arcs":[[-62,62,63,64,65,-46]],"type":"Polygon","properties":{"objectid":107923,"statename":"Karnataka","statecode":"29","districtname":"Dakshin Kannada","districtcode":"575","ulbname":"Mangalore","ulbcode":"803181","wardname":"22","wardcode":null,"id":null,"status":"OPEN","misglobalid":null,"approved_by":null,"createdate":1643349840000,"updateddate":null,"globalid":null,"gisglobalid":"n6nRcl4n-6dls-Plmm-R4cn-oRBQomnn6PBa","remark":"--","st_area(shape)":0.00020007278157251524,"st_perimeter(shape)":0.08997752992018819}},{"arcs":[[-62,62,63,64,65,-46]],"type":"Polygon","properties":{"objectid":107930,"statename":"Karnataka","statecode":"29","districtname":"Dakshin Kannada","districtcode":"575","ulbname":"Mangalore","ulbcode":"803181","wardname":"22","wardcode":null,"id":null,"status":"OPEN","misglobalid":null,"approved_by":null,"createdate":1643350235000,"updateddate":null,"globalid":null,"gisglobalid":"c5KmaBRo-a4sQ-PmlR-RlnB-nQ6BQBma4oP6","remark":"--","st_area(shape)":0.00020007278157251524,"st_perimeter(shape)":0.08997752992018819}},{"arcs":[[-62,62,63,64,65,-46]],"type":"Polygon","properties":{"objectid":107944,"statename":"Karnataka","statecode":"29","districtname":"Dakshin Kannada","districtcode":"575","ulbname":"Mangalore","ulbcode":"803181","wardname":"22","wardcode":null,"id":null,"status":"OPEN","misglobalid":null,"approved_by":null,"createdate":1643350523000,"updateddate":null,"globalid":null,"gisglobalid":"KQcKlsod-dsdn-Pdma-Q5ds-l6K5dcssKloa","remark":"--","st_area(shape)":0.00020007278157251524,"st_perimeter(shape)":0.08997752992018819}},{"arcs":[[-62,62,63,64,65,-46]],"type":"Polygon","properties":{"objectid":108694,"statename":"Karnataka","statecode":"29","districtname":"Dakshin Kannada","districtcode":"575","ulbname":"Mangalore","ulbcode":"803181","wardname":"22","wardcode":null,"id":null,"status":"OPEN","misglobalid":null,"approved_by":null,"createdate":1643348825000,"updateddate":null,"globalid":null,"gisglobalid":"5odoRlPl-lsQc-Pcan-ad5l-clKKmdsKnn6o","remark":"--","st_area(shape)":0.00020007278157251524,"st_perimeter(shape)":0.08997752992018819}},{"arcs":[[-62,62,63,64,65,-46]],"type":"Polygon","properties":{"objectid":108706,"statename":"Karnataka","statecode":"29","districtname":"Dakshin Kannada","districtcode":"575","ulbname":"Mangalore","ulbcode":"803181","wardname":"22","wardcode":null,"id":null,"status":"OPEN","misglobalid":null,"approved_by":null,"createdate":1643349015000,"updateddate":null,"globalid":null,"gisglobalid":"l4Rm6aB4-dKaQ-Plc5-sRPc-oPQQQKQlsnKa","remark":"--","st_area(shape)":0.00020007278157251524,"st_perimeter(shape)":0.08997752992018819}},{"arcs":[[-42,-47,-66,66,-38,-35]],"type":"Polygon","properties":{"objectid":104320,"statename":"Karnataka","statecode":"29","districtname":"Dakshin Kannada","districtcode":"575","ulbname":"Mangalore","ulbcode":"803181","wardname":"23","wardcode":null,"id":null,"status":"OPEN","misglobalid":null,"approved_by":null,"createdate":1643350999000,"updateddate":null,"globalid":null,"gisglobalid":"4BaosQsK-lld6-PQB4-ssaB-4nQBKnnsPmod","remark":"--","st_area(shape)":0.00021182188647073745,"st_perimeter(shape)":0.0883735035200359}},{"arcs":[[-42,-47,-66,66,-38,-35]],"type":"Polygon","properties":{"objectid":107101,"statename":"Karnataka","statecode":"29","districtname":"Dakshin Kannada","districtcode":"575","ulbname":"Mangalore","ulbcode":"803181","wardname":"23","wardcode":null,"id":null,"status":"OPEN","misglobalid":null,"approved_by":null,"createdate":1643348825000,"updateddate":null,"globalid":null,"gisglobalid":"aPamon5d-RRd6-Pmld-sllP-454d6sam5dB4","remark":"--","st_area(shape)":0.00021182188647073745,"st_perimeter(shape)":0.0883735035200359}},{"arcs":[[-42,-47,-66,66,-38,-35]],"type":"Polygon","properties":{"objectid":107115,"statename":"Karnataka","statecode":"29","districtname":"Dakshin Kannada","districtcode":"575","ulbname":"Mangalore","ulbcode":"803181","wardname":"23","wardcode":null,"id":null,"status":"OPEN","misglobalid":null,"approved_by":null,"createdate":1643349840000,"updateddate":null,"globalid":null,"gisglobalid":"QPaKdm45-dnKa-PRdm-s4PR-QKcP65snKl6P","remark":"--","st_area(shape)":0.00021182188647073745,"st_perimeter(shape)":0.0883735035200359}},{"arcs":[[-42,-47,-66,66,-38,-35]],"type":"Polygon","properties":{"objectid":107145,"statename":"Karnataka","statecode":"29","districtname":"Dakshin Kannada","districtcode":"575","ulbname":"Mangalore","ulbcode":"803181","wardname":"23","wardcode":null,"id":null,"status":"OPEN","misglobalid":null,"approved_by":null,"createdate":1643350523000,"updateddate":null,"globalid":null,"gisglobalid":"Pdn5Ra5l-R6Bc-P5RB-QK65-KK6Kld5oad65","remark":"--","st_area(shape)":0.00021182188647073745,"st_perimeter(shape)":0.0883735035200359}},{"arcs":[[-42,-47,-66,66,-38,-35]],"type":"Polygon","properties":{"objectid":107171,"statename":"Karnataka","statecode":"29","districtname":"Dakshin Kannada","districtcode":"575","ulbname":"Mangalore","ulbcode":"803181","wardname":"23","wardcode":null,"id":null,"status":"OPEN","misglobalid":null,"approved_by":null,"createdate":1643350836000,"updateddate":null,"globalid":null,"gisglobalid":"dPPnalsQ-66na-Pm6Q-Rs4P-KnnsdPnom54l","remark":"--","st_area(shape)":0.00021182188647073745,"st_perimeter(shape)":0.0883735035200359}},{"arcs":[[-42,-47,-66,66,-38,-35]],"type":"Polygon","properties":{"objectid":107506,"statename":"Karnataka","statecode":"29","districtname":"Dakshin Kannada","districtcode":"575","ulbname":"Mangalore","ulbcode":"803181","wardname":"23","wardcode":null,"id":null,"status":"OPEN","misglobalid":null,"approved_by":null,"createdate":1643349015000,"updateddate":null,"globalid":null,"gisglobalid":"6PsQsn5c-oKnn-PKcl-QoQR-nmmQm5Ps6oK4","remark":"--","st_area(shape)":0.00021182188647073745,"st_perimeter(shape)":0.0883735035200359}},{"arcs":[[-42,-47,-66,66,-38,-35]],"type":"Polygon","properties":{"objectid":107520,"statename":"Karnataka","statecode":"29","districtname":"Dakshin Kannada","districtcode":"575","ulbname":"Mangalore","ulbcode":"803181","wardname":"23","wardcode":null,"id":null,"status":"OPEN","misglobalid":null,"approved_by":null,"createdate":1643350235000,"updateddate":null,"globalid":null,"gisglobalid":"K5aQlRKc-4dRs-PQd4-R6m5-aB456nls5doQ","remark":"--","st_area(shape)":0.00021182188647073745,"st_perimeter(shape)":0.0883735035200359}},{"arcs":[[-42,-47,-66,66,-38,-35]],"type":"Polygon","properties":{"objectid":107544,"statename":"Karnataka","statecode":"29","districtname":"Dakshin Kannada","districtcode":"575","ulbname":"Mangalore","ulbcode":"803181","wardname":"23","wardcode":null,"id":null,"status":"OPEN","misglobalid":null,"approved_by":null,"createdate":1643350713000,"updateddate":null,"globalid":null,"gisglobalid":"mdaKKs55-6Q4R-PnK5-RmRm-QomaKdmolRa6","remark":"--","st_area(shape)":0.00021182188647073745,"st_perimeter(shape)":0.0883735035200359}},{"arcs":[[-65,67,68,69,70,71,-39,-67]],"type":"Polygon","properties":{"objectid":104293,"statename":"Karnataka","statecode":"29","districtname":"Dakshin Kannada","districtcode":"575","ulbname":"Mangalore","ulbcode":"803181","wardname":"24","wardcode":null,"id":null,"status":"OPEN","misglobalid":null,"approved_by":null,"createdate":1643348825000,"updateddate":null,"globalid":null,"gisglobalid":"sssm5Pc4-5KdQ-PR4R-a5on-Pc6RBdB6maQa","remark":"--","st_area(shape)":0.00011749492138663384,"st_perimeter(shape)":0.06392961640570753}},{"arcs":[[-65,67,68,69,70,71,-39,-67]],"type":"Polygon","properties":{"objectid":104297,"statename":"Karnataka","statecode":"29","districtname":"Dakshin Kannada","districtcode":"575","ulbname":"Mangalore","ulbcode":"803181","wardname":"24","wardcode":null,"id":null,"status":"OPEN","misglobalid":null,"approved_by":null,"createdate":1643349015000,"updateddate":null,"globalid":null,"gisglobalid":"n4P4Padn-m6RP-P6Pd-aoss-6maQ55sd5m6m","remark":"--","st_area(shape)":0.00011749492138663384,"st_perimeter(shape)":0.06392961640570753}},{"arcs":[[-65,67,68,69,70,71,-39,-67]],"type":"Polygon","properties":{"objectid":104319,"statename":"Karnataka","statecode":"29","districtname":"Dakshin Kannada","districtcode":"575","ulbname":"Mangalore","ulbcode":"803181","wardname":"24","wardcode":null,"id":null,"status":"OPEN","misglobalid":null,"approved_by":null,"createdate":1643350999000,"updateddate":null,"globalid":null,"gisglobalid":"QnBac4Rd-oc4m-PQQl-sQ55-cssomcPP6sRo","remark":"--","st_area(shape)":0.00011749492138663384,"st_perimeter(shape)":0.06392961640570753}},{"arcs":[[-65,67,68,69,70,71,-39,-67]],"type":"Polygon","properties":{"objectid":106312,"statename":"Karnataka","statecode":"29","districtname":"Dakshin Kannada","districtcode":"575","ulbname":"Mangalore","ulbcode":"803181","wardname":"24","wardcode":null,"id":null,"status":"OPEN","misglobalid":null,"approved_by":null,"createdate":1643350235000,"updateddate":null,"globalid":null,"gisglobalid":"64om5mdP-nsoR-P5o6-scs5-4acn4m5lBdQc","remark":"--","st_area(shape)":0.00011749492138663384,"st_perimeter(shape)":0.06392961640570753}},{"arcs":[[-65,67,68,69,70,71,-39,-67]],"type":"Polygon","properties":{"objectid":107156,"statename":"Karnataka","statecode":"29","districtname":"Dakshin Kannada","districtcode":"575","ulbname":"Mangalore","ulbcode":"803181","wardname":"24","wardcode":null,"id":null,"status":"OPEN","misglobalid":null,"approved_by":null,"createdate":1643350713000,"updateddate":null,"globalid":null,"gisglobalid":"5cRK5Psa-QmPP-Pn4P-Rldd-a5PmKnBBm6Bm","remark":"--","st_area(shape)":0.00011749492138663384,"st_perimeter(shape)":0.06392961640570753}},{"arcs":[[-65,67,68,69,70,71,-39,-67]],"type":"Polygon","properties":{"objectid":107555,"statename":"Karnataka","statecode":"29","districtname":"Dakshin Kannada","districtcode":"575","ulbname":"Mangalore","ulbcode":"803181","wardname":"24","wardcode":null,"id":null,"status":"OPEN","misglobalid":null,"approved_by":null,"createdate":1643350836000,"updateddate":null,"globalid":null,"gisglobalid":"4Kl4P4Qm-RPcB-PaaB-acQ4-anK4Kamnndso","remark":"--","st_area(shape)":0.00011749492138663384,"st_perimeter(shape)":0.06392961640570753}},{"arcs":[[-65,67,68,69,70,71,-39,-67]],"type":"Polygon","properties":{"objectid":107913,"statename":"Karnataka","statecode":"29","districtname":"Dakshin Kannada","districtcode":"575","ulbname":"Mangalore","ulbcode":"803181","wardname":"24","wardcode":null,"id":null,"status":"OPEN","misglobalid":null,"approved_by":null,"createdate":1643349840000,"updateddate":null,"globalid":null,"gisglobalid":"mclcaaas-a44m-PRoB-sR5Q-Blo44nQn5d6a","remark":"--","st_area(shape)":0.00011749492138663384,"st_perimeter(shape)":0.06392961640570753}},{"arcs":[[-65,67,68,69,70,71,-39,-67]],"type":"Polygon","properties":{"objectid":107941,"statename":"Karnataka","statecode":"29","districtname":"Dakshin Kannada","districtcode":"575","ulbname":"Mangalore","ulbcode":"803181","wardname":"24","wardcode":null,"id":null,"status":"OPEN","misglobalid":null,"approved_by":null,"createdate":1643350523000,"updateddate":null,"globalid":null,"gisglobalid":"Pso6csKl-dma6-PRmR-R5BP-64KcR4os4P6c","remark":"--","st_area(shape)":0.00011749492138663384,"st_perimeter(shape)":0.06392961640570753}},{"arcs":[[72,-13,-37,-40,-72]],"type":"Polygon","properties":{"objectid":105110,"statename":"Karnataka","statecode":"29","districtname":"Dakshin Kannada","districtcode":"575","ulbname":"Mangalore","ulbcode":"803181","wardname":"25","wardcode":null,"id":null,"status":"OPEN","misglobalid":null,"approved_by":null,"createdate":1643350235000,"updateddate":null,"globalid":null,"gisglobalid":"5Baan6nd-asnR-Pond-QcnB-so5cQadBPRPR","remark":"--","st_area(shape)":0.00008384800975411055,"st_perimeter(shape)":0.07194684550124299}},{"arcs":[[72,-13,-37,-40,-72]],"type":"Polygon","properties":{"objectid":106296,"statename":"Karnataka","statecode":"29","districtname":"Dakshin Kannada","districtcode":"575","ulbname":"Mangalore","ulbcode":"803181","wardname":"25","wardcode":null,"id":null,"status":"OPEN","misglobalid":null,"approved_by":null,"createdate":1643348825000,"updateddate":null,"globalid":null,"gisglobalid":"5lBnmnQo-nmBQ-PsRP-RnlK-4BK4P6BslcPB","remark":"--","st_area(shape)":0.00008384800975411055,"st_perimeter(shape)":0.07194684550124299}},{"arcs":[[72,-13,-37,-40,-72]],"type":"Polygon","properties":{"objectid":106305,"statename":"Karnataka","statecode":"29","districtname":"Dakshin Kannada","districtcode":"575","ulbname":"Mangalore","ulbcode":"803181","wardname":"25","wardcode":null,"id":null,"status":"OPEN","misglobalid":null,"approved_by":null,"createdate":1643349015000,"updateddate":null,"globalid":null,"gisglobalid":"5BsBoB64-nlcl-Pmms-RPo4-QcPdPd55QQcQ","remark":"--","st_area(shape)":0.00008384800975411055,"st_perimeter(shape)":0.07194684550124299}},{"arcs":[[72,-13,-37,-40,-72]],"type":"Polygon","properties":{"objectid":106340,"statename":"Karnataka","statecode":"29","districtname":"Dakshin Kannada","districtcode":"575","ulbname":"Mangalore","ulbcode":"803181","wardname":"25","wardcode":null,"id":null,"status":"OPEN","misglobalid":null,"approved_by":null,"createdate":1643350713000,"updateddate":null,"globalid":null,"gisglobalid":"almmlnsP-QPnd-P4R6-QcdK-6565Qcas5sl6","remark":"--","st_area(shape)":0.00008384800975411055,"st_perimeter(shape)":0.07194684550124299}},{"arcs":[[72,-13,-37,-40,-72]],"type":"Polygon","properties":{"objectid":106345,"statename":"Karnataka","statecode":"29","districtname":"Dakshin Kannada","districtcode":"575","ulbname":"Mangalore","ulbcode":"803181","wardname":"25","wardcode":null,"id":null,"status":"OPEN","misglobalid":null,"approved_by":null,"createdate":1643350836000,"updateddate":null,"globalid":null,"gisglobalid":"lQnQaRRa-Rao5-Pnmm-sKKm-RaQQPP5lo5ao","remark":"--","st_area(shape)":0.00008384800975411055,"st_perimeter(shape)":0.07194684550124299}},{"arcs":[[72,-13,-37,-40,-72]],"type":"Polygon","properties":{"objectid":107152,"statename":"Karnataka","statecode":"29","districtname":"Dakshin Kannada","districtcode":"575","ulbname":"Mangalore","ulbcode":"803181","wardname":"25","wardcode":null,"id":null,"status":"OPEN","misglobalid":null,"approved_by":null,"createdate":1643350523000,"updateddate":null,"globalid":null,"gisglobalid":"sa4cKPao-oKdc-P4R4-a5mo-QRd4mdsKoKdQ","remark":"--","st_area(shape)":0.00008384800975411055,"st_perimeter(shape)":0.07194684550124299}},{"arcs":[[72,-13,-37,-40,-72]],"type":"Polygon","properties":{"objectid":107565,"statename":"Karnataka","statecode":"29","districtname":"Dakshin Kannada","districtcode":"575","ulbname":"Mangalore","ulbcode":"803181","wardname":"25","wardcode":null,"id":null,"status":"OPEN","misglobalid":null,"approved_by":null,"createdate":1643350999000,"updateddate":null,"globalid":null,"gisglobalid":"n5amsc6R-dcm4-PBK4-QlQP-daBRdconmdos","remark":"--","st_area(shape)":0.00008384800975411055,"st_perimeter(shape)":0.07194684550124299}},{"arcs":[[72,-13,-37,-40,-72]],"type":"Polygon","properties":{"objectid":108305,"statename":"Karnataka","statecode":"29","districtname":"Dakshin Kannada","districtcode":"575","ulbname":"Mangalore","ulbcode":"803181","wardname":"25","wardcode":null,"id":null,"status":"OPEN","misglobalid":null,"approved_by":null,"createdate":1643349840000,"updateddate":null,"globalid":null,"gisglobalid":"acPB6mmR-daoP-P6cB-Rdc4-Kss6c4na6lmo","remark":"--","st_area(shape)":0.00008384800975411055,"st_perimeter(shape)":0.07194684550124299}},{"arcs":[[73,74,-14,-73,-71]],"type":"Polygon","properties":{"objectid":106325,"statename":"Karnataka","statecode":"29","districtname":"Dakshin Kannada","districtcode":"575","ulbname":"Mangalore","ulbcode":"803181","wardname":"26","wardcode":null,"id":null,"status":"OPEN","misglobalid":null,"approved_by":null,"createdate":1643350523000,"updateddate":null,"globalid":null,"gisglobalid":"clnsnlKl-KBmm-PdRa-sdcQ-oolosPK6o6m6","remark":"--","st_area(shape)":0.00011878333808141455,"st_perimeter(shape)":0.07612361410085859}},{"arcs":[[73,74,-14,-73,-71]],"type":"Polygon","properties":{"objectid":107097,"statename":"Karnataka","statecode":"29","districtname":"Dakshin Kannada","districtcode":"575","ulbname":"Mangalore","ulbcode":"803181","wardname":"26","wardcode":null,"id":null,"status":"OPEN","misglobalid":null,"approved_by":null,"createdate":1643348825000,"updateddate":null,"globalid":null,"gisglobalid":"6nc4PKn4-B4Ko-Pc5Q-QdoP-4BmPcnsPPsnc","remark":"--","st_area(shape)":0.00011878333808141455,"st_perimeter(shape)":0.07612361410085859}},{"arcs":[[73,74,-14,-73,-71]],"type":"Polygon","properties":{"objectid":107107,"statename":"Karnataka","statecode":"29","districtname":"Dakshin Kannada","districtcode":"575","ulbname":"Mangalore","ulbcode":"803181","wardname":"26","wardcode":null,"id":null,"status":"OPEN","misglobalid":null,"approved_by":null,"createdate":1643349014000,"updateddate":null,"globalid":null,"gisglobalid":"dBoPlP5l-n46c-Pc5m-a6mm-naalQKnKds5s","remark":"--","st_area(shape)":0.00011878333808141455,"st_perimeter(shape)":0.07612361410085859}},{"arcs":[[73,74,-14,-73,-71]],"type":"Polygon","properties":{"objectid":107113,"statename":"Karnataka","statecode":"29","districtname":"Dakshin Kannada","districtcode":"575","ulbname":"Mangalore","ulbcode":"803181","wardname":"26","wardcode":null,"id":null,"status":"OPEN","misglobalid":null,"approved_by":null,"createdate":1643349840000,"updateddate":null,"globalid":null,"gisglobalid":"a5cccln6-KP5K-PBon-sd56-PBcmQs6Rm5K6","remark":"--","st_area(shape)":0.00011878333808141455,"st_perimeter(shape)":0.07612361410085859}},{"arcs":[[73,74,-14,-73,-71]],"type":"Polygon","properties":{"objectid":107124,"statename":"Karnataka","statecode":"29","districtname":"Dakshin Kannada","districtcode":"575","ulbname":"Mangalore","ulbcode":"803181","wardname":"26","wardcode":null,"id":null,"status":"OPEN","misglobalid":null,"approved_by":null,"createdate":1643350235000,"updateddate":null,"globalid":null,"gisglobalid":"RomBlams-Bldl-PmBP-Rnml-KaodBKBPmB4R","remark":"--","st_area(shape)":0.00011878333808141455,"st_perimeter(shape)":0.07612361410085859}},{"arcs":[[73,74,-14,-73,-71]],"type":"Polygon","properties":{"objectid":107153,"statename":"Karnataka","statecode":"29","districtname":"Dakshin Kannada","districtcode":"575","ulbname":"Mangalore","ulbcode":"803181","wardname":"26","wardcode":null,"id":null,"status":"OPEN","misglobalid":null,"approved_by":null,"createdate":1643350713000,"updateddate":null,"globalid":null,"gisglobalid":"5noRoKm5-cBco-Pdas-Qm6l-Bsos5mmQPcdR","remark":"--","st_area(shape)":0.00011878333808141455,"st_perimeter(shape)":0.07612361410085859}},{"arcs":[[73,74,-14,-73,-71]],"type":"Polygon","properties":{"objectid":107949,"statename":"Karnataka","statecode":"29","districtname":"Dakshin Kannada","districtcode":"575","ulbname":"Mangalore","ulbcode":"803181","wardname":"26","wardcode":null,"id":null,"status":"OPEN","misglobalid":null,"approved_by":null,"createdate":1643350836000,"updateddate":null,"globalid":null,"gisglobalid":"PB6RcRRl-lmsm-Pcoa-sQml-lsBcRdmncsmo","remark":"--","st_area(shape)":0.00011878333808141455,"st_perimeter(shape)":0.07612361410085859}},{"arcs":[[73,74,-14,-73,-71]],"type":"Polygon","properties":{"objectid":108340,"statename":"Karnataka","statecode":"29","districtname":"Dakshin Kannada","districtcode":"575","ulbname":"Mangalore","ulbcode":"803181","wardname":"26","wardcode":null,"id":null,"status":"OPEN","misglobalid":null,"approved_by":null,"createdate":1643350999000,"updateddate":null,"globalid":null,"gisglobalid":"4KKBms5n-sBQP-PalP-alKs-dmoQlcc6saPa","remark":"--","st_area(shape)":0.00011878333808141455,"st_perimeter(shape)":0.07612361410085859}},{"arcs":[[75,76,-15,-75]],"type":"Polygon","properties":{"objectid":106290,"statename":"Karnataka","statecode":"29","districtname":"Dakshin Kannada","districtcode":"575","ulbname":"Mangalore","ulbcode":"803181","wardname":"27","wardcode":null,"id":null,"status":"OPEN","misglobalid":null,"approved_by":null,"createdate":1643348825000,"updateddate":null,"globalid":null,"gisglobalid":"n6o5dBBm-nodd-Pld4-aodP-4aosRnn6sBRK","remark":"--","st_area(shape)":0.00011344273335219981,"st_perimeter(shape)":0.04293298654158864}},{"arcs":[[75,76,-15,-75]],"type":"Polygon","properties":{"objectid":107109,"statename":"Karnataka","statecode":"29","districtname":"Dakshin Kannada","districtcode":"575","ulbname":"Mangalore","ulbcode":"803181","wardname":"27","wardcode":null,"id":null,"status":"OPEN","misglobalid":null,"approved_by":null,"createdate":1643349015000,"updateddate":null,"globalid":null,"gisglobalid":"lcRPPso4-cadn-P6ml-RRmB-P5sR6Qdss5Ro","remark":"--","st_area(shape)":0.00011344273335219981,"st_perimeter(shape)":0.04293298654158864}},{"arcs":[[75,76,-15,-75]],"type":"Polygon","properties":{"objectid":107144,"statename":"Karnataka","statecode":"29","districtname":"Dakshin Kannada","districtcode":"575","ulbname":"Mangalore","ulbcode":"803181","wardname":"27","wardcode":null,"id":null,"status":"OPEN","misglobalid":null,"approved_by":null,"createdate":1643350523000,"updateddate":null,"globalid":null,"gisglobalid":"PdBPB6ml-4ddP-Pn65-Q4d6-clcPoRKdnlKQ","remark":"--","st_area(shape)":0.00011344273335219981,"st_perimeter(shape)":0.04293298654158864}},{"arcs":[[75,76,-15,-75]],"type":"Polygon","properties":{"objectid":107183,"statename":"Karnataka","statecode":"29","districtname":"Dakshin Kannada","districtcode":"575","ulbname":"Mangalore","ulbcode":"803181","wardname":"27","wardcode":null,"id":null,"status":"OPEN","misglobalid":null,"approved_by":null,"createdate":1643350999000,"updateddate":null,"globalid":null,"gisglobalid":"comKadnP-5l6K-Psmd-Rmss-5lclKRllRmdc","remark":"--","st_area(shape)":0.00011344273335219981,"st_perimeter(shape)":0.04293298654158864}},{"arcs":[[75,76,-15,-75]],"type":"Polygon","properties":{"objectid":107543,"statename":"Karnataka","statecode":"29","districtname":"Dakshin Kannada","districtcode":"575","ulbname":"Mangalore","ulbcode":"803181","wardname":"27","wardcode":null,"id":null,"status":"OPEN","misglobalid":null,"approved_by":null,"createdate":1643350713000,"updateddate":null,"globalid":null,"gisglobalid":"QccdPad5-P5ns-PmQd-sRK4-dKBo4soQlssa","remark":"--","st_area(shape)":0.00011344273335219981,"st_perimeter(shape)":0.04293298654158864}},{"arcs":[[75,76,-15,-75]],"type":"Polygon","properties":{"objectid":107914,"statename":"Karnataka","statecode":"29","districtname":"Dakshin Kannada","districtcode":"575","ulbname":"Mangalore","ulbcode":"803181","wardname":"27","wardcode":null,"id":null,"status":"OPEN","misglobalid":null,"approved_by":null,"createdate":1643349840000,"updateddate":null,"globalid":null,"gisglobalid":"6BB4QmQR-KsQB-Poaa-aK6c-4oR6QdoP45na","remark":"--","st_area(shape)":0.00011344273335219981,"st_perimeter(shape)":0.04293298654158864}},{"arcs":[[75,76,-15,-75]],"type":"Polygon","properties":{"objectid":107952,"statename":"Karnataka","statecode":"29","districtname":"Dakshin Kannada","districtcode":"575","ulbname":"Mangalore","ulbcode":"803181","wardname":"27","wardcode":null,"id":null,"status":"OPEN","misglobalid":null,"approved_by":null,"createdate":1643350836000,"updateddate":null,"globalid":null,"gisglobalid":"cP54nKRd-Rc4a-PmoR-aPc4-mRPlQoB54PsK","remark":"--","st_area(shape)":0.00011344273335219981,"st_perimeter(shape)":0.04293298654158864}},{"arcs":[[75,76,-15,-75]],"type":"Polygon","properties":{"objectid":108312,"statename":"Karnataka","statecode":"29","districtname":"Dakshin Kannada","districtcode":"575","ulbname":"Mangalore","ulbcode":"803181","wardname":"27","wardcode":null,"id":null,"status":"OPEN","misglobalid":null,"approved_by":null,"createdate":1643350235000,"updateddate":null,"globalid":null,"gisglobalid":"snKoaPKm-cnol-Plds-RPQB-l6QKdKs6PcRs","remark":"--","st_area(shape)":0.00011344273335219981,"st_perimeter(shape)":0.04293298654158864}},{"arcs":[[77,78,79,80,-76,-74,-70]],"type":"Polygon","properties":{"objectid":104303,"statename":"Karnataka","statecode":"29","districtname":"Dakshin Kannada","districtcode":"575","ulbname":"Mangalore","ulbcode":"803181","wardname":"28","wardcode":null,"id":null,"status":"OPEN","misglobalid":null,"approved_by":null,"createdate":1643349840000,"updateddate":null,"globalid":null,"gisglobalid":"4aRdn4Qm-a65s-PclQ-Rsl5-lB6QcoPPKQom","remark":"--","st_area(shape)":0.000053114468631788675,"st_perimeter(shape)":0.04109538792879311}},{"arcs":[[77,78,79,80,-76,-74,-70]],"type":"Polygon","properties":{"objectid":105094,"statename":"Karnataka","statecode":"29","districtname":"Dakshin Kannada","districtcode":"575","ulbname":"Mangalore","ulbcode":"803181","wardname":"28","wardcode":null,"id":null,"status":"OPEN","misglobalid":null,"approved_by":null,"createdate":1643349014000,"updateddate":null,"globalid":null,"gisglobalid":"aRR4dmm5-KQcl-P46P-sslQ-a5o5BdK5sKR6","remark":"--","st_area(shape)":0.000053114468631788675,"st_perimeter(shape)":0.04109538792879311}},{"arcs":[[77,78,79,80,-76,-74,-70]],"type":"Polygon","properties":{"objectid":105117,"statename":"Karnataka","statecode":"29","districtname":"Dakshin Kannada","districtcode":"575","ulbname":"Mangalore","ulbcode":"803181","wardname":"28","wardcode":null,"id":null,"status":"OPEN","misglobalid":null,"approved_by":null,"createdate":1643350523000,"updateddate":null,"globalid":null,"gisglobalid":"ddKa5dKo-QR4c-PKRa-sP6c-RcmPsdl4cnad","remark":"--","st_area(shape)":0.000053114468631788675,"st_perimeter(shape)":0.04109538792879311}},{"arcs":[[77,78,79,80,-76,-74,-70]],"type":"Polygon","properties":{"objectid":105135,"statename":"Karnataka","statecode":"29","districtname":"Dakshin Kannada","districtcode":"575","ulbname":"Mangalore","ulbcode":"803181","wardname":"28","wardcode":null,"id":null,"status":"OPEN","misglobalid":null,"approved_by":null,"createdate":1643350999000,"updateddate":null,"globalid":null,"gisglobalid":"B5locKla-5nmR-P6Bs-Ra6c-aK4oKcanBd5n","remark":"--","st_area(shape)":0.000053114468631788675,"st_perimeter(shape)":0.04109538792879311}},{"arcs":[[77,78,79,80,-76,-74,-70]],"type":"Polygon","properties":{"objectid":107947,"statename":"Karnataka","statecode":"29","districtname":"Dakshin Kannada","districtcode":"575","ulbname":"Mangalore","ulbcode":"803181","wardname":"28","wardcode":null,"id":null,"status":"OPEN","misglobalid":null,"approved_by":null,"createdate":1643350713000,"updateddate":null,"globalid":null,"gisglobalid":"oK5KKBmB-cBoc-PmPQ-Qmcn-sPR5mPRnQ544","remark":"--","st_area(shape)":0.000053114468631788675,"st_perimeter(shape)":0.04109538792879311}},{"arcs":[[77,78,79,80,-76,-74,-70]],"type":"Polygon","properties":{"objectid":107951,"statename":"Karnataka","statecode":"29","districtname":"Dakshin Kannada","districtcode":"575","ulbname":"Mangalore","ulbcode":"803181","wardname":"28","wardcode":null,"id":null,"status":"OPEN","misglobalid":null,"approved_by":null,"createdate":1643350836000,"updateddate":null,"globalid":null,"gisglobalid":"o5ln5lla-nPnm-PaPn-sPK6-4RBQmQ46n66o","remark":"--","st_area(shape)":0.000053114468631788675,"st_perimeter(shape)":0.04109538792879311}},{"arcs":[[77,78,79,80,-76,-74,-70]],"type":"Polygon","properties":{"objectid":108289,"statename":"Karnataka","statecode":"29","districtname":"Dakshin Kannada","districtcode":"575","ulbname":"Mangalore","ulbcode":"803181","wardname":"28","wardcode":null,"id":null,"status":"OPEN","misglobalid":null,"approved_by":null,"createdate":1643348825000,"updateddate":null,"globalid":null,"gisglobalid":"BnBBdKaB-n6mP-PRRa-QQm5-Kmm6d5m6K4mK","remark":"--","st_area(shape)":0.000053114468631788675,"st_perimeter(shape)":0.04109538792879311}},{"arcs":[[77,78,79,80,-76,-74,-70]],"type":"Polygon","properties":{"objectid":108311,"statename":"Karnataka","statecode":"29","districtname":"Dakshin Kannada","districtcode":"575","ulbname":"Mangalore","ulbcode":"803181","wardname":"28","wardcode":null,"id":null,"status":"OPEN","misglobalid":null,"approved_by":null,"createdate":1643350235000,"updateddate":null,"globalid":null,"gisglobalid":"5Q6asaa6-ll6a-P4oR-asBK-QcmQ4RQc464o","remark":"--","st_area(shape)":0.000053114468631788675,"st_perimeter(shape)":0.04109538792879311}},{"arcs":[[81,82,83,84,85,-79]],"type":"Polygon","properties":{"objectid":106299,"statename":"Karnataka","statecode":"29","districtname":"Dakshin Kannada","districtcode":"575","ulbname":"Mangalore","ulbcode":"803181","wardname":"29","wardcode":null,"id":null,"status":"OPEN","misglobalid":null,"approved_by":null,"createdate":1643349014000,"updateddate":null,"globalid":null,"gisglobalid":"c5mm6aBa-mKm6-PRal-RRaB-nlmlmKlcml6m","remark":"--","st_area(shape)":0.00007537540708338267,"st_perimeter(shape)":0.054726801646295994}},{"arcs":[[81,82,83,84,85,-79]],"type":"Polygon","properties":{"objectid":107510,"statename":"Karnataka","statecode":"29","districtname":"Dakshin Kannada","districtcode":"575","ulbname":"Mangalore","ulbcode":"803181","wardname":"29","wardcode":null,"id":null,"status":"OPEN","misglobalid":null,"approved_by":null,"createdate":1643349840000,"updateddate":null,"globalid":null,"gisglobalid":"aBKKncma-o5Ks-PdPl-sdnm-6oRacodosQsc","remark":"--","st_area(shape)":0.00007537540708338267,"st_perimeter(shape)":0.054726801646295994}},{"arcs":[[81,82,83,84,85,-79]],"type":"Polygon","properties":{"objectid":107892,"statename":"Karnataka","statecode":"29","districtname":"Dakshin Kannada","districtcode":"575","ulbname":"Mangalore","ulbcode":"803181","wardname":"29","wardcode":null,"id":null,"status":"OPEN","misglobalid":null,"approved_by":null,"createdate":1643348825000,"updateddate":null,"globalid":null,"gisglobalid":"P4nmmRcB-nQcP-PQQn-QPl4-m4dncccod6lR","remark":"--","st_area(shape)":0.00007537540708338267,"st_perimeter(shape)":0.054726801646295994}},{"arcs":[[81,82,83,84,85,-79]],"type":"Polygon","properties":{"objectid":107950,"statename":"Karnataka","statecode":"29","districtname":"Dakshin Kannada","districtcode":"575","ulbname":"Mangalore","ulbcode":"803181","wardname":"29","wardcode":null,"id":null,"status":"OPEN","misglobalid":null,"approved_by":null,"createdate":1643350836000,"updateddate":null,"globalid":null,"gisglobalid":"sdsRBR4R-andn-P4d5-aBc4-m45coR6sdK6P","remark":"--","st_area(shape)":0.00007537540708338267,"st_perimeter(shape)":0.054726801646295994}},{"arcs":[[81,82,83,84,85,-79]],"type":"Polygon","properties":{"objectid":107958,"statename":"Karnataka","statecode":"29","districtname":"Dakshin Kannada","districtcode":"575","ulbname":"Mangalore","ulbcode":"803181","wardname":"29","wardcode":null,"id":null,"status":"OPEN","misglobalid":null,"approved_by":null,"createdate":1643350999000,"updateddate":null,"globalid":null,"gisglobalid":"cKssnQRa-6BaQ-PoBQ-QnQQ-QQm6s655K5aK","remark":"--","st_area(shape)":0.00007537540708338267,"st_perimeter(shape)":0.054726801646295994}},{"arcs":[[81,82,83,84,85,-79]],"type":"Polygon","properties":{"objectid":108716,"statename":"Karnataka","statecode":"29","districtname":"Dakshin Kannada","districtcode":"575","ulbname":"Mangalore","ulbcode":"803181","wardname":"29","wardcode":null,"id":null,"status":"OPEN","misglobalid":null,"approved_by":null,"createdate":1643350235000,"updateddate":null,"globalid":null,"gisglobalid":"6PBoassm-nPnR-PoKB-aBmn-cPBPsPPRllaQ","remark":"--","st_area(shape)":0.00007537540708338267,"st_perimeter(shape)":0.054726801646295994}},{"arcs":[[81,82,83,84,85,-79]],"type":"Polygon","properties":{"objectid":108730,"statename":"Karnataka","statecode":"29","districtname":"Dakshin Kannada","districtcode":"575","ulbname":"Mangalore","ulbcode":"803181","wardname":"29","wardcode":null,"id":null,"status":"OPEN","misglobalid":null,"approved_by":null,"createdate":1643350523000,"updateddate":null,"globalid":null,"gisglobalid":"QQdldd6s-sl66-PP4o-anns-c645lcPQBlos","remark":"--","st_area(shape)":0.00007537540708338267,"st_perimeter(shape)":0.054726801646295994}},{"arcs":[[81,82,83,84,85,-79]],"type":"Polygon","properties":{"objectid":108736,"statename":"Karnataka","statecode":"29","districtname":"Dakshin Kannada","districtcode":"575","ulbname":"Mangalore","ulbcode":"803181","wardname":"29","wardcode":null,"id":null,"status":"OPEN","misglobalid":null,"approved_by":null,"createdate":1643350713000,"updateddate":null,"globalid":null,"gisglobalid":"aaPsQdl6-cd6Q-Ps6c-RaQ5-mdQPBRRBsK5R","remark":"--","st_area(shape)":0.00007537540708338267,"st_perimeter(shape)":0.054726801646295994}},{"arcs":[[86,87,88]],"type":"Polygon","properties":{"objectid":105121,"statename":"Karnataka","statecode":"29","districtname":"Dakshin Kannada","districtcode":"575","ulbname":"Mangalore","ulbcode":"803181","wardname":"3","wardcode":null,"id":null,"status":"OPEN","misglobalid":null,"approved_by":null,"createdate":1643350713000,"updateddate":null,"globalid":null,"gisglobalid":"saRoKond-4sKc-PdR5-QRPB-KP4BR5aond5o","remark":"--","st_area(shape)":0.0001618091228726576,"st_perimeter(shape)":0.07705435666223767}},{"arcs":[[86,87,88]],"type":"Polygon","properties":{"objectid":106292,"statename":"Karnataka","statecode":"29","districtname":"Dakshin Kannada","districtcode":"575","ulbname":"Mangalore","ulbcode":"803181","wardname":"3","wardcode":null,"id":null,"status":"OPEN","misglobalid":null,"approved_by":null,"createdate":1643348825000,"updateddate":null,"globalid":null,"gisglobalid":"asd4nQPo-snsl-PsRs-RQBR-4dm4ac6KR45Q","remark":"--","st_area(shape)":0.0001618091228726576,"st_perimeter(shape)":0.07705435666223767}},{"arcs":[[86,87,88]],"type":"Polygon","properties":{"objectid":106313,"statename":"Karnataka","statecode":"29","districtname":"Dakshin Kannada","districtcode":"575","ulbname":"Mangalore","ulbcode":"803181","wardname":"3","wardcode":null,"id":null,"status":"OPEN","misglobalid":null,"approved_by":null,"createdate":1643350235000,"updateddate":null,"globalid":null,"gisglobalid":"BB55KnRd-naon-P6R4-RQ4a-4snn6a5cdP4c","remark":"--","st_area(shape)":0.0001618091228726576,"st_perimeter(shape)":0.07705435666223767}},{"arcs":[[86,87,88]],"type":"Polygon","properties":{"objectid":107149,"statename":"Karnataka","statecode":"29","districtname":"Dakshin Kannada","districtcode":"575","ulbname":"Mangalore","ulbcode":"803181","wardname":"3","wardcode":null,"id":null,"status":"OPEN","misglobalid":null,"approved_by":null,"createdate":1643350523000,"updateddate":null,"globalid":null,"gisglobalid":"cRoQ555d-BB5K-PRlK-ao4n-cP5K6m4anBBd","remark":"--","st_area(shape)":0.0001618091228726576,"st_perimeter(shape)":0.07705435666223767}},{"arcs":[[86,87,88]],"type":"Polygon","properties":{"objectid":107512,"statename":"Karnataka","statecode":"29","districtname":"Dakshin Kannada","districtcode":"575","ulbname":"Mangalore","ulbcode":"803181","wardname":"3","wardcode":null,"id":null,"status":"OPEN","misglobalid":null,"approved_by":null,"createdate":1643349840000,"updateddate":null,"globalid":null,"gisglobalid":"las5dPBP-PB5Q-Pooa-aBK4-mKPl4lcQcQnR","remark":"--","st_area(shape)":0.0001618091228726576,"st_perimeter(shape)":0.07705435666223767}},{"arcs":[[86,87,88]],"type":"Polygon","properties":{"objectid":108335,"statename":"Karnataka","statecode":"29","districtname":"Dakshin Kannada","districtcode":"575","ulbname":"Mangalore","ulbcode":"803181","wardname":"3","wardcode":null,"id":null,"status":"OPEN","misglobalid":null,"approved_by":null,"createdate":1643350836000,"updateddate":null,"globalid":null,"gisglobalid":"KKoRaKcc-mnm6-PQBQ-QKBB-KPmQKsPQBPo4","remark":"--","st_area(shape)":0.0001618091228726576,"st_perimeter(shape)":0.07705435666223767}},{"arcs":[[86,87,88]],"type":"Polygon","properties":{"objectid":108698,"statename":"Karnataka","statecode":"29","districtname":"Dakshin Kannada","districtcode":"575","ulbname":"Mangalore","ulbcode":"803181","wardname":"3","wardcode":null,"id":null,"status":"OPEN","misglobalid":null,"approved_by":null,"createdate":1643349015000,"updateddate":null,"globalid":null,"gisglobalid":"cc6544sQ-Qs4B-P6sl-Qmsn-6moQaPmclnKK","remark":"--","st_area(shape)":0.0001618091228726576,"st_perimeter(shape)":0.07705435666223767}},{"arcs":[[86,87,88]],"type":"Polygon","properties":{"objectid":108751,"statename":"Karnataka","statecode":"29","districtname":"Dakshin Kannada","districtcode":"575","ulbname":"Mangalore","ulbcode":"803181","wardname":"3","wardcode":null,"id":null,"status":"OPEN","misglobalid":null,"approved_by":null,"createdate":1643350999000,"updateddate":null,"globalid":null,"gisglobalid":"4aKBcnsR-mssd-Pc55-s6o6-64mmKcdnmKod","remark":"--","st_area(shape)":0.0001618091228726576,"st_perimeter(shape)":0.07705435666223767}},{"arcs":[[89,90,91,-82,-78,-69]],"type":"Polygon","properties":{"objectid":106297,"statename":"Karnataka","statecode":"29","districtname":"Dakshin Kannada","districtcode":"575","ulbname":"Mangalore","ulbcode":"803181","wardname":"30","wardcode":null,"id":null,"status":"OPEN","misglobalid":null,"approved_by":null,"createdate":1643348825000,"updateddate":null,"globalid":null,"gisglobalid":"o5KmmBal-odds-P4a6-ssoQ-4RoPoolKacdB","remark":"--","st_area(shape)":0.00008775125782191755,"st_perimeter(shape)":0.05357086576321492}},{"arcs":[[89,90,91,-82,-78,-69]],"type":"Polygon","properties":{"objectid":107955,"statename":"Karnataka","statecode":"29","districtname":"Dakshin Kannada","districtcode":"575","ulbname":"Mangalore","ulbcode":"803181","wardname":"30","wardcode":null,"id":null,"status":"OPEN","misglobalid":null,"approved_by":null,"createdate":1643350836000,"updateddate":null,"globalid":null,"gisglobalid":"ls5cQKnm-ndaK-Pad4-RBmc-5P4K46Qo6aod","remark":"--","st_area(shape)":0.00008775125782191755,"st_perimeter(shape)":0.05357086576321492}},{"arcs":[[89,90,91,-82,-78,-69]],"type":"Polygon","properties":{"objectid":108298,"statename":"Karnataka","statecode":"29","districtname":"Dakshin Kannada","districtcode":"575","ulbname":"Mangalore","ulbcode":"803181","wardname":"30","wardcode":null,"id":null,"status":"OPEN","misglobalid":null,"approved_by":null,"createdate":1643349015000,"updateddate":null,"globalid":null,"gisglobalid":"5cBR6oK5-oPo4-PsKd-QnQQ-sol6KBQ4m5B4","remark":"--","st_area(shape)":0.00008775125782191755,"st_perimeter(shape)":0.05357086576321492}},{"arcs":[[89,90,91,-82,-78,-69]],"type":"Polygon","properties":{"objectid":108308,"statename":"Karnataka","statecode":"29","districtname":"Dakshin Kannada","districtcode":"575","ulbname":"Mangalore","ulbcode":"803181","wardname":"30","wardcode":null,"id":null,"status":"OPEN","misglobalid":null,"approved_by":null,"createdate":1643349840000,"updateddate":null,"globalid":null,"gisglobalid":"nsK44moQ-BPBo-Pmln-RBKl-Ka5BnQKBQsmQ","remark":"--","st_area(shape)":0.00008775125782191755,"st_perimeter(shape)":0.05357086576321492}},{"arcs":[[89,90,91,-82,-78,-69]],"type":"Polygon","properties":{"objectid":108327,"statename":"Karnataka","statecode":"29","districtname":"Dakshin Kannada","districtcode":"575","ulbname":"Mangalore","ulbcode":"803181","wardname":"30","wardcode":null,"id":null,"status":"OPEN","misglobalid":null,"approved_by":null,"createdate":1643350713000,"updateddate":null,"globalid":null,"gisglobalid":"d6sPKK5K-sc4n-P5sn-QsP5-K5KoPnPan6sK","remark":"--","st_area(shape)":0.00008775125782191755,"st_perimeter(shape)":0.05357086576321492}},{"arcs":[[89,90,91,-82,-78,-69]],"type":"Polygon","properties":{"objectid":108345,"statename":"Karnataka","statecode":"29","districtname":"Dakshin Kannada","districtcode":"575","ulbname":"Mangalore","ulbcode":"803181","wardname":"30","wardcode":null,"id":null,"status":"OPEN","misglobalid":null,"approved_by":null,"createdate":1643350999000,"updateddate":null,"globalid":null,"gisglobalid":"PR6sP5mc-BmPQ-PnPc-s5cl-RaomBdsoc66R","remark":"--","st_area(shape)":0.00008775125782191755,"st_perimeter(shape)":0.05357086576321492}},{"arcs":[[89,90,91,-82,-78,-69]],"type":"Polygon","properties":{"objectid":108720,"statename":"Karnataka","statecode":"29","districtname":"Dakshin Kannada","districtcode":"575","ulbname":"Mangalore","ulbcode":"803181","wardname":"30","wardcode":null,"id":null,"status":"OPEN","misglobalid":null,"approved_by":null,"createdate":1643350235000,"updateddate":null,"globalid":null,"gisglobalid":"Koc4KPaK-dn5m-P44K-Rm65-doQonRsKcKod","remark":"--","st_area(shape)":0.00008775125782191755,"st_perimeter(shape)":0.05357086576321492}},{"arcs":[[89,90,91,-82,-78,-69]],"type":"Polygon","properties":{"objectid":108727,"statename":"Karnataka","statecode":"29","districtname":"Dakshin Kannada","districtcode":"575","ulbname":"Mangalore","ulbcode":"803181","wardname":"30","wardcode":null,"id":null,"status":"OPEN","misglobalid":null,"approved_by":null,"createdate":1643350523000,"updateddate":null,"globalid":null,"gisglobalid":"PPc6BQon-scR4-PKac-snln-nc5PcKoRBKos","remark":"--","st_area(shape)":0.00008775125782191755,"st_perimeter(shape)":0.05357086576321492}},{"arcs":[[92,-90,-68,-64]],"type":"Polygon","properties":{"objectid":104314,"statename":"Karnataka","statecode":"29","districtname":"Dakshin Kannada","districtcode":"575","ulbname":"Mangalore","ulbcode":"803181","wardname":"31","wardcode":null,"id":null,"status":"OPEN","misglobalid":null,"approved_by":null,"createdate":1643350713000,"updateddate":null,"globalid":null,"gisglobalid":"BnlcBs6K-c5KQ-Pscd-RBaR-Bms5s55K5sR6","remark":"--","st_area(shape)":0.00008927234393045598,"st_perimeter(shape)":0.05328618540937511}},{"arcs":[[92,-90,-68,-64]],"type":"Polygon","properties":{"objectid":106295,"statename":"Karnataka","statecode":"29","districtname":"Dakshin Kannada","districtcode":"575","ulbname":"Mangalore","ulbcode":"803181","wardname":"31","wardcode":null,"id":null,"status":"OPEN","misglobalid":null,"approved_by":null,"createdate":1643348825000,"updateddate":null,"globalid":null,"gisglobalid":"lPlP5a4a-46aQ-P6Ks-aacd-c4o45BsQRKQ6","remark":"--","st_area(shape)":0.00008927234393045598,"st_perimeter(shape)":0.05328618540937511}},{"arcs":[[92,-90,-68,-64]],"type":"Polygon","properties":{"objectid":106310,"statename":"Karnataka","statecode":"29","districtname":"Dakshin Kannada","districtcode":"575","ulbname":"Mangalore","ulbcode":"803181","wardname":"31","wardcode":null,"id":null,"status":"OPEN","misglobalid":null,"approved_by":null,"createdate":1643349840000,"updateddate":null,"globalid":null,"gisglobalid":"6B6cK6nP-lKQP-PRsc-RBsn-55l5m4amcBPn","remark":"--","st_area(shape)":0.00008927234393045598,"st_perimeter(shape)":0.05328618540937511}},{"arcs":[[92,-90,-68,-64]],"type":"Polygon","properties":{"objectid":107128,"statename":"Karnataka","statecode":"29","districtname":"Dakshin Kannada","districtcode":"575","ulbname":"Mangalore","ulbcode":"803181","wardname":"31","wardcode":null,"id":null,"status":"OPEN","misglobalid":null,"approved_by":null,"createdate":1643350235000,"updateddate":null,"globalid":null,"gisglobalid":"dasQ44an-5Bmd-PlR4-asc6-mnlcQm6PaPRo","remark":"--","st_area(shape)":0.00008927234393045598,"st_perimeter(shape)":0.05328618540937511}},{"arcs":[[92,-90,-68,-64]],"type":"Polygon","properties":{"objectid":107557,"statename":"Karnataka","statecode":"29","districtname":"Dakshin Kannada","districtcode":"575","ulbname":"Mangalore","ulbcode":"803181","wardname":"31","wardcode":null,"id":null,"status":"OPEN","misglobalid":null,"approved_by":null,"createdate":1643350836000,"updateddate":null,"globalid":null,"gisglobalid":"sRlKBQRQ-s4Bo-PRBc-sssB-44a6Bc6Rnald","remark":"--","st_area(shape)":0.00008927234393045598,"st_perimeter(shape)":0.05328618540937511}},{"arcs":[[92,-90,-68,-64]],"type":"Polygon","properties":{"objectid":107937,"statename":"Karnataka","statecode":"29","districtname":"Dakshin Kannada","districtcode":"575","ulbname":"Mangalore","ulbcode":"803181","wardname":"31","wardcode":null,"id":null,"status":"OPEN","misglobalid":null,"approved_by":null,"createdate":1643350523000,"updateddate":null,"globalid":null,"gisglobalid":"lPaomscR-sdnm-PKcP-a4Rs-566scsdPslsm","remark":"--","st_area(shape)":0.00008927234393045598,"st_perimeter(shape)":0.05328618540937511}},{"arcs":[[92,-90,-68,-64]],"type":"Polygon","properties":{"objectid":108700,"statename":"Karnataka","statecode":"29","districtname":"Dakshin Kannada","districtcode":"575","ulbname":"Mangalore","ulbcode":"803181","wardname":"31","wardcode":null,"id":null,"status":"OPEN","misglobalid":null,"approved_by":null,"createdate":1643349015000,"updateddate":null,"globalid":null,"gisglobalid":"QPQ5mP64-da6s-P4BP-Q6mQ-n464n4dQQ5RQ","remark":"--","st_area(shape)":0.00008927234393045598,"st_perimeter(shape)":0.05328618540937511}},{"arcs":[[92,-90,-68,-64]],"type":"Polygon","properties":{"objectid":108754,"statename":"Karnataka","statecode":"29","districtname":"Dakshin Kannada","districtcode":"575","ulbname":"Mangalore","ulbcode":"803181","wardname":"31","wardcode":null,"id":null,"status":"OPEN","misglobalid":null,"approved_by":null,"createdate":1643350999000,"updateddate":null,"globalid":null,"gisglobalid":"5lmdB4Ro-cdQP-PQma-R566-nnQKBdKR5m46","remark":"--","st_area(shape)":0.00008927234393045598,"st_perimeter(shape)":0.05328618540937511}},{"arcs":[[-61,93,94,-91,-93,-63]],"type":"Polygon","properties":{"objectid":104317,"statename":"Karnataka","statecode":"29","districtname":"Dakshin Kannada","districtcode":"575","ulbname":"Mangalore","ulbcode":"803181","wardname":"32","wardcode":null,"id":null,"status":"OPEN","misglobalid":null,"approved_by":null,"createdate":1643350836000,"updateddate":null,"globalid":null,"gisglobalid":"cPaadoKB-6dnP-PsQl-aBKP-n5nllR5smo54","remark":"--","st_area(shape)":0.00012326960941685234,"st_perimeter(shape)":0.07126490850179171}},{"arcs":[[-61,93,94,-91,-93,-63]],"type":"Polygon","properties":{"objectid":106294,"statename":"Karnataka","statecode":"29","districtname":"Dakshin Kannada","districtcode":"575","ulbname":"Mangalore","ulbcode":"803181","wardname":"32","wardcode":null,"id":null,"status":"OPEN","misglobalid":null,"approved_by":null,"createdate":1643348825000,"updateddate":null,"globalid":null,"gisglobalid":"mncPKoao-4PRm-Po5n-aclP-clQ5n66aKm5m","remark":"--","st_area(shape)":0.00012326960941685234,"st_perimeter(shape)":0.07126490850179171}},{"arcs":[[-61,93,94,-91,-93,-63]],"type":"Polygon","properties":{"objectid":106304,"statename":"Karnataka","statecode":"29","districtname":"Dakshin Kannada","districtcode":"575","ulbname":"Mangalore","ulbcode":"803181","wardname":"32","wardcode":null,"id":null,"status":"OPEN","misglobalid":null,"approved_by":null,"createdate":1643349015000,"updateddate":null,"globalid":null,"gisglobalid":"moK6P5Ql-nmsQ-P4so-sBPP-cKKdPs4cmdds","remark":"--","st_area(shape)":0.00012326960941685234,"st_perimeter(shape)":0.07126490850179171}},{"arcs":[[-61,93,94,-91,-93,-63]],"type":"Polygon","properties":{"objectid":107151,"statename":"Karnataka","statecode":"29","districtname":"Dakshin Kannada","districtcode":"575","ulbname":"Mangalore","ulbcode":"803181","wardname":"32","wardcode":null,"id":null,"status":"OPEN","misglobalid":null,"approved_by":null,"createdate":1643350523000,"updateddate":null,"globalid":null,"gisglobalid":"B454PnQs-RRn5-PPcm-Rms6-Rl4PddoclRsc","remark":"--","st_area(shape)":0.00012326960941685234,"st_perimeter(shape)":0.07126490850179171}},{"arcs":[[-61,93,94,-91,-93,-63]],"type":"Polygon","properties":{"objectid":107186,"statename":"Karnataka","statecode":"29","districtname":"Dakshin Kannada","districtcode":"575","ulbname":"Mangalore","ulbcode":"803181","wardname":"32","wardcode":null,"id":null,"status":"OPEN","misglobalid":null,"approved_by":null,"createdate":1643350999000,"updateddate":null,"globalid":null,"gisglobalid":"B5Raaca4-lQnP-PQR4-QRRB-QRRolmdmdns5","remark":"--","st_area(shape)":0.00012326960941685234,"st_perimeter(shape)":0.07126490850179171}},{"arcs":[[-61,93,94,-91,-93,-63]],"type":"Polygon","properties":{"objectid":108314,"statename":"Karnataka","statecode":"29","districtname":"Dakshin Kannada","districtcode":"575","ulbname":"Mangalore","ulbcode":"803181","wardname":"32","wardcode":null,"id":null,"status":"OPEN","misglobalid":null,"approved_by":null,"createdate":1643350235000,"updateddate":null,"globalid":null,"gisglobalid":"PdBaQ6na-s5oa-P6s6-adoB-oPQclQmPB55P","remark":"--","st_area(shape)":0.00012326960941685234,"st_perimeter(shape)":0.07126490850179171}},{"arcs":[[-61,93,94,-91,-93,-63]],"type":"Polygon","properties":{"objectid":108711,"statename":"Karnataka","statecode":"29","districtname":"Dakshin Kannada","districtcode":"575","ulbname":"Mangalore","ulbcode":"803181","wardname":"32","wardcode":null,"id":null,"status":"OPEN","misglobalid":null,"approved_by":null,"createdate":1643349840000,"updateddate":null,"globalid":null,"gisglobalid":"Kmn44PaQ-6l4a-PKBs-ano4-QBBaoaa4lodK","remark":"--","st_area(shape)":0.00012326960941685234,"st_perimeter(shape)":0.07126490850179171}},{"arcs":[[-61,93,94,-91,-93,-63]],"type":"Polygon","properties":{"objectid":108740,"statename":"Karnataka","statecode":"29","districtname":"Dakshin Kannada","districtcode":"575","ulbname":"Mangalore","ulbcode":"803181","wardname":"32","wardcode":null,"id":null,"status":"OPEN","misglobalid":null,"approved_by":null,"createdate":1643350713000,"updateddate":null,"globalid":null,"gisglobalid":"RdmKmBP5-cRQs-PP6P-a4R4-dBK4cdPBcoPB","remark":"--","st_area(shape)":0.00012326960941685234,"st_perimeter(shape)":0.07126490850179171}},{"arcs":[[95,96,-83,-92,-95]],"type":"Polygon","properties":{"objectid":105104,"statename":"Karnataka","statecode":"29","districtname":"Dakshin Kannada","districtcode":"575","ulbname":"Mangalore","ulbcode":"803181","wardname":"33","wardcode":null,"id":null,"status":"OPEN","misglobalid":null,"approved_by":null,"createdate":1643349840000,"updateddate":null,"globalid":null,"gisglobalid":"KlacdPaa-l5os-Psnm-sPco-aKnaomdPm4cR","remark":"--","st_area(shape)":0.00007633678456915626,"st_perimeter(shape)":0.050076962501634736}},{"arcs":[[95,96,-83,-92,-95]],"type":"Polygon","properties":{"objectid":105134,"statename":"Karnataka","statecode":"29","districtname":"Dakshin Kannada","districtcode":"575","ulbname":"Mangalore","ulbcode":"803181","wardname":"33","wardcode":null,"id":null,"status":"OPEN","misglobalid":null,"approved_by":null,"createdate":1643350999000,"updateddate":null,"globalid":null,"gisglobalid":"KcQmo6ll-sPdm-Pmn5-Rl5B-acasQ4QP5nBo","remark":"--","st_area(shape)":0.00007633678456915626,"st_perimeter(shape)":0.050076962501634736}},{"arcs":[[95,96,-83,-92,-95]],"type":"Polygon","properties":{"objectid":106326,"statename":"Karnataka","statecode":"29","districtname":"Dakshin Kannada","districtcode":"575","ulbname":"Mangalore","ulbcode":"803181","wardname":"33","wardcode":null,"id":null,"status":"OPEN","misglobalid":null,"approved_by":null,"createdate":1643350523000,"updateddate":null,"globalid":null,"gisglobalid":"aBPoasmn-sQmm-Pdml-Rdms-QBBllP6n4aBo","remark":"--","st_area(shape)":0.00007633678456915626,"st_perimeter(shape)":0.050076962501634736}},{"arcs":[[95,96,-83,-92,-95]],"type":"Polygon","properties":{"objectid":107098,"statename":"Karnataka","statecode":"29","districtname":"Dakshin Kannada","districtcode":"575","ulbname":"Mangalore","ulbcode":"803181","wardname":"33","wardcode":null,"id":null,"status":"OPEN","misglobalid":null,"approved_by":null,"createdate":1643348825000,"updateddate":null,"globalid":null,"gisglobalid":"cBPB4cPP-PKKa-PoQ5-aRoB-Q6onKsK5mBKm","remark":"--","st_area(shape)":0.00007633678456915626,"st_perimeter(shape)":0.050076962501634736}},{"arcs":[[95,96,-83,-92,-95]],"type":"Polygon","properties":{"objectid":107542,"statename":"Karnataka","statecode":"29","districtname":"Dakshin Kannada","districtcode":"575","ulbname":"Mangalore","ulbcode":"803181","wardname":"33","wardcode":null,"id":null,"status":"OPEN","misglobalid":null,"approved_by":null,"createdate":1643350713000,"updateddate":null,"globalid":null,"gisglobalid":"aRaammPo-d65Q-Poao-RccP-cRoRsdoKB56n","remark":"--","st_area(shape)":0.00007633678456915626,"st_perimeter(shape)":0.050076962501634736}},{"arcs":[[95,96,-83,-92,-95]],"type":"Polygon","properties":{"objectid":107902,"statename":"Karnataka","statecode":"29","districtname":"Dakshin Kannada","districtcode":"575","ulbname":"Mangalore","ulbcode":"803181","wardname":"33","wardcode":null,"id":null,"status":"OPEN","misglobalid":null,"approved_by":null,"createdate":1643349014000,"updateddate":null,"globalid":null,"gisglobalid":"ol5snBPK-dsB5-Pl44-ssPB-ladPaPalPlB6","remark":"--","st_area(shape)":0.00007633678456915626,"st_perimeter(shape)":0.050076962501634736}},{"arcs":[[95,96,-83,-92,-95]],"type":"Polygon","properties":{"objectid":108333,"statename":"Karnataka","statecode":"29","districtname":"Dakshin Kannada","districtcode":"575","ulbname":"Mangalore","ulbcode":"803181","wardname":"33","wardcode":null,"id":null,"status":"OPEN","misglobalid":null,"approved_by":null,"createdate":1643350836000,"updateddate":null,"globalid":null,"gisglobalid":"6PdsKdom-B55R-PKKQ-QQd6-QPQnKnaaBs5P","remark":"--","st_area(shape)":0.00007633678456915626,"st_perimeter(shape)":0.050076962501634736}},{"arcs":[[95,96,-83,-92,-95]],"type":"Polygon","properties":{"objectid":108715,"statename":"Karnataka","statecode":"29","districtname":"Dakshin Kannada","districtcode":"575","ulbname":"Mangalore","ulbcode":"803181","wardname":"33","wardcode":null,"id":null,"status":"OPEN","misglobalid":null,"approved_by":null,"createdate":1643350235000,"updateddate":null,"globalid":null,"gisglobalid":"dnaRlRcB-RQBn-PPR5-a4ds-KncKQKcdalmK","remark":"--","st_area(shape)":0.00007633678456915626,"st_perimeter(shape)":0.050076962501634736}},{"arcs":[[97,98,99,100,101,102,103,104,105,-96,-94,-60]],"type":"Polygon","properties":{"objectid":104296,"statename":"Karnataka","statecode":"29","districtname":"Dakshin Kannada","districtcode":"575","ulbname":"Mangalore","ulbcode":"803181","wardname":"34","wardcode":null,"id":null,"status":"OPEN","misglobalid":null,"approved_by":null,"createdate":1643348825000,"updateddate":null,"globalid":null,"gisglobalid":"4645oQaB-RQKQ-PRsc-Qn56-R4Bcc5sdonac","remark":"--","st_area(shape)":0.00012204190639284723,"st_perimeter(shape)":0.11321729069570462}},{"arcs":[[97,98,99,100,101,102,103,104,105,-96,-94,-60]],"type":"Polygon","properties":{"objectid":107133,"statename":"Karnataka","statecode":"29","districtname":"Dakshin Kannada","districtcode":"575","ulbname":"Mangalore","ulbcode":"803181","wardname":"34","wardcode":null,"id":null,"status":"OPEN","misglobalid":null,"approved_by":null,"createdate":1643350235000,"updateddate":null,"globalid":null,"gisglobalid":"nBP4osKn-dd6K-PPla-RRPP-aaBBs4BPPl64","remark":"--","st_area(shape)":0.00012204190639284723,"st_perimeter(shape)":0.11321729069570462}},{"arcs":[[97,98,99,100,101,102,103,104,105,-96,-94,-60]],"type":"Polygon","properties":{"objectid":107921,"statename":"Karnataka","statecode":"29","districtname":"Dakshin Kannada","districtcode":"575","ulbname":"Mangalore","ulbcode":"803181","wardname":"34","wardcode":null,"id":null,"status":"OPEN","misglobalid":null,"approved_by":null,"createdate":1643349840000,"updateddate":null,"globalid":null,"gisglobalid":"46Bcccm4-lQ5a-PPBR-sQsB-amalalcnodoQ","remark":"--","st_area(shape)":0.00012204190639284723,"st_perimeter(shape)":0.11321729069570462}},{"arcs":[[97,98,99,100,101,102,103,104,105,-96,-94,-60]],"type":"Polygon","properties":{"objectid":107956,"statename":"Karnataka","statecode":"29","districtname":"Dakshin Kannada","districtcode":"575","ulbname":"Mangalore","ulbcode":"803181","wardname":"34","wardcode":null,"id":null,"status":"OPEN","misglobalid":null,"approved_by":null,"createdate":1643350836000,"updateddate":null,"globalid":null,"gisglobalid":"45omPmn4-5ns4-Pasd-RRPo-sBnloBdQ4doc","remark":"--","st_area(shape)":0.00012204190639284723,"st_perimeter(shape)":0.11321729069570462}},{"arcs":[[97,98,99,100,101,102,103,104,105,-96,-94,-60]],"type":"Polygon","properties":{"objectid":108349,"statename":"Karnataka","statecode":"29","districtname":"Dakshin Kannada","districtcode":"575","ulbname":"Mangalore","ulbcode":"803181","wardname":"34","wardcode":null,"id":null,"status":"OPEN","misglobalid":null,"approved_by":null,"createdate":1643350999000,"updateddate":null,"globalid":null,"gisglobalid":"o4oRdBom-4R4B-Pc6a-amQ4-aBmBloc6smPm","remark":"--","st_area(shape)":0.00012204190639284723,"st_perimeter(shape)":0.11321729069570462}},{"arcs":[[97,98,99,100,101,102,103,104,105,-96,-94,-60]],"type":"Polygon","properties":{"objectid":108705,"statename":"Karnataka","statecode":"29","districtname":"Dakshin Kannada","districtcode":"575","ulbname":"Mangalore","ulbcode":"803181","wardname":"34","wardcode":null,"id":null,"status":"OPEN","misglobalid":null,"approved_by":null,"createdate":1643349015000,"updateddate":null,"globalid":null,"gisglobalid":"ol4mmBdo-6KnP-P5Bs-aPK4-nBc6aBQclKdB","remark":"--","st_area(shape)":0.00012204190639284723,"st_perimeter(shape)":0.11321729069570462}},{"arcs":[[97,98,99,100,101,102,103,104,105,-96,-94,-60]],"type":"Polygon","properties":{"objectid":108735,"statename":"Karnataka","statecode":"29","districtname":"Dakshin Kannada","districtcode":"575","ulbname":"Mangalore","ulbcode":"803181","wardname":"34","wardcode":null,"id":null,"status":"OPEN","misglobalid":null,"approved_by":null,"createdate":1643350523000,"updateddate":null,"globalid":null,"gisglobalid":"Pn5Bnd5Q-mdlc-Pdc5-aPBK-cPcQ4Kc5cdQ6","remark":"--","st_area(shape)":0.00012204190639284723,"st_perimeter(shape)":0.11321729069570462}},{"arcs":[[97,98,99,100,101,102,103,104,105,-96,-94,-60]],"type":"Polygon","properties":{"objectid":108741,"statename":"Karnataka","statecode":"29","districtname":"Dakshin Kannada","districtcode":"575","ulbname":"Mangalore","ulbcode":"803181","wardname":"34","wardcode":null,"id":null,"status":"OPEN","misglobalid":null,"approved_by":null,"createdate":1643350713000,"updateddate":null,"globalid":null,"gisglobalid":"5dPBcaco-4mPQ-PR6a-RPPR-lcn4smaaK4KB","remark":"--","st_area(shape)":0.00012204190639284723,"st_perimeter(shape)":0.11321729069570462}},{"arcs":[[-98,-59,106]],"type":"Polygon","properties":{"objectid":104304,"statename":"Karnataka","statecode":"29","districtname":"Dakshin Kannada","districtcode":"575","ulbname":"Mangalore","ulbcode":"803181","wardname":"35","wardcode":null,"id":null,"status":"OPEN","misglobalid":null,"approved_by":null,"createdate":1643349840000,"updateddate":null,"globalid":null,"gisglobalid":"Rc4c4a6c-mscn-PQ54-s5lc-QQ5sKQsmQBRR","remark":"--","st_area(shape)":0.00013485015679839997,"st_perimeter(shape)":0.05413493059197197}},{"arcs":[[-98,-59,106]],"type":"Polygon","properties":{"objectid":104316,"statename":"Karnataka","statecode":"29","districtname":"Dakshin Kannada","districtcode":"575","ulbname":"Mangalore","ulbcode":"803181","wardname":"35","wardcode":null,"id":null,"status":"OPEN","misglobalid":null,"approved_by":null,"createdate":1643350836000,"updateddate":null,"globalid":null,"gisglobalid":"BRcmsaQc-alQB-Pmm4-sons-P6565olRmdsB","remark":"--","st_area(shape)":0.00013485015679839997,"st_perimeter(shape)":0.05413493059197197}},{"arcs":[[-98,-59,106]],"type":"Polygon","properties":{"objectid":105091,"statename":"Karnataka","statecode":"29","districtname":"Dakshin Kannada","districtcode":"575","ulbname":"Mangalore","ulbcode":"803181","wardname":"35","wardcode":null,"id":null,"status":"OPEN","misglobalid":null,"approved_by":null,"createdate":1643348825000,"updateddate":null,"globalid":null,"gisglobalid":"dRc5mRPP-dacm-PQcn-sl6o-n4d56Qa5lmos","remark":"--","st_area(shape)":0.00013485015679839997,"st_perimeter(shape)":0.05413493059197197}},{"arcs":[[-98,-59,106]],"type":"Polygon","properties":{"objectid":106348,"statename":"Karnataka","statecode":"29","districtname":"Dakshin Kannada","districtcode":"575","ulbname":"Mangalore","ulbcode":"803181","wardname":"35","wardcode":null,"id":null,"status":"OPEN","misglobalid":null,"approved_by":null,"createdate":1643350999000,"updateddate":null,"globalid":null,"gisglobalid":"BRoK5als-5alP-PlQK-sRsm-4PnQaB5m4as6","remark":"--","st_area(shape)":0.00013485015679839997,"st_perimeter(shape)":0.05413493059197197}},{"arcs":[[-98,-59,106]],"type":"Polygon","properties":{"objectid":107157,"statename":"Karnataka","statecode":"29","districtname":"Dakshin Kannada","districtcode":"575","ulbname":"Mangalore","ulbcode":"803181","wardname":"35","wardcode":null,"id":null,"status":"OPEN","misglobalid":null,"approved_by":null,"createdate":1643350713000,"updateddate":null,"globalid":null,"gisglobalid":"ns6RRB45-o4Bl-Pm6d-Rool-5BnaQsKKlK4a","remark":"--","st_area(shape)":0.00013485015679839997,"st_perimeter(shape)":0.05413493059197197}},{"arcs":[[-98,-59,106]],"type":"Polygon","properties":{"objectid":107903,"statename":"Karnataka","statecode":"29","districtname":"Dakshin Kannada","districtcode":"575","ulbname":"Mangalore","ulbcode":"803181","wardname":"35","wardcode":null,"id":null,"status":"OPEN","misglobalid":null,"approved_by":null,"createdate":1643349015000,"updateddate":null,"globalid":null,"gisglobalid":"KmRaBKaR-Rs4n-PPKs-Qldo-64QaRmolcKmd","remark":"--","st_area(shape)":0.00013485015679839997,"st_perimeter(shape)":0.05413493059197197}},{"arcs":[[-98,-59,106]],"type":"Polygon","properties":{"objectid":107924,"statename":"Karnataka","statecode":"29","districtname":"Dakshin Kannada","districtcode":"575","ulbname":"Mangalore","ulbcode":"803181","wardname":"35","wardcode":null,"id":null,"status":"OPEN","misglobalid":null,"approved_by":null,"createdate":1643350235000,"updateddate":null,"globalid":null,"gisglobalid":"4QmcBoa6-asd6-Pm5s-so4K-4od4Rocsdo5B","remark":"--","st_area(shape)":0.00013485015679839997,"st_perimeter(shape)":0.05413493059197197}},{"arcs":[[-98,-59,106]],"type":"Polygon","properties":{"objectid":108729,"statename":"Karnataka","statecode":"29","districtname":"Dakshin Kannada","districtcode":"575","ulbname":"Mangalore","ulbcode":"803181","wardname":"35","wardcode":null,"id":null,"status":"OPEN","misglobalid":null,"approved_by":null,"createdate":1643350523000,"updateddate":null,"globalid":null,"gisglobalid":"mdaaslBK-dl4s-PRc4-sd5B-BmndQsaRRdQB","remark":"--","st_area(shape)":0.00013485015679839997,"st_perimeter(shape)":0.05413493059197197}},{"arcs":[[107,108,-99,-107,-58,-44,-56]],"type":"Polygon","properties":{"objectid":107112,"statename":"Karnataka","statecode":"29","districtname":"Dakshin Kannada","districtcode":"575","ulbname":"Mangalore","ulbcode":"803181","wardname":"36","wardcode":null,"id":null,"status":"OPEN","misglobalid":null,"approved_by":null,"createdate":1643349015000,"updateddate":null,"globalid":null,"gisglobalid":"oR65B4B5-ll4B-PoRd-slBK-6K4dRsnaB4o6","remark":"--","st_area(shape)":0.00038860517967429707,"st_perimeter(shape)":0.12582229604935452}},{"arcs":[[107,108,-99,-107,-58,-44,-56]],"type":"Polygon","properties":{"objectid":107117,"statename":"Karnataka","statecode":"29","districtname":"Dakshin Kannada","districtcode":"575","ulbname":"Mangalore","ulbcode":"803181","wardname":"36","wardcode":null,"id":null,"status":"OPEN","misglobalid":null,"approved_by":null,"createdate":1643349840000,"updateddate":null,"globalid":null,"gisglobalid":"ccQm56Qd-adK6-PmdK-Qa5a-4l6mos6dBRoK","remark":"--","st_area(shape)":0.00038860517967429707,"st_perimeter(shape)":0.12582229604935452}},{"arcs":[[107,108,-99,-107,-58,-44,-56]],"type":"Polygon","properties":{"objectid":107175,"statename":"Karnataka","statecode":"29","districtname":"Dakshin Kannada","districtcode":"575","ulbname":"Mangalore","ulbcode":"803181","wardname":"36","wardcode":null,"id":null,"status":"OPEN","misglobalid":null,"approved_by":null,"createdate":1643350836000,"updateddate":null,"globalid":null,"gisglobalid":"4mKRRQmm-cd5P-PBal-Qm54-4B6mlQaRKdlR","remark":"--","st_area(shape)":0.00038860517967429707,"st_perimeter(shape)":0.12582229604935452}},{"arcs":[[107,108,-99,-107,-58,-44,-56]],"type":"Polygon","properties":{"objectid":107500,"statename":"Karnataka","statecode":"29","districtname":"Dakshin Kannada","districtcode":"575","ulbname":"Mangalore","ulbcode":"803181","wardname":"36","wardcode":null,"id":null,"status":"OPEN","misglobalid":null,"approved_by":null,"createdate":1643348825000,"updateddate":null,"globalid":null,"gisglobalid":"QB5ol5Pm-6nll-PlKn-RBdK-KoccloRd5BnQ","remark":"--","st_area(shape)":0.00038860517967429707,"st_perimeter(shape)":0.12582229604935452}},{"arcs":[[107,108,-99,-107,-58,-44,-56]],"type":"Polygon","properties":{"objectid":107552,"statename":"Karnataka","statecode":"29","districtname":"Dakshin Kannada","districtcode":"575","ulbname":"Mangalore","ulbcode":"803181","wardname":"36","wardcode":null,"id":null,"status":"OPEN","misglobalid":null,"approved_by":null,"createdate":1643350713000,"updateddate":null,"globalid":null,"gisglobalid":"cm6P5dQs-o66d-P44m-R46a-RnnsadKsmcKm","remark":"--","st_area(shape)":0.00038860517967429707,"st_perimeter(shape)":0.12582229604935452}},{"arcs":[[107,108,-99,-107,-58,-44,-56]],"type":"Polygon","properties":{"objectid":107943,"statename":"Karnataka","statecode":"29","districtname":"Dakshin Kannada","districtcode":"575","ulbname":"Mangalore","ulbcode":"803181","wardname":"36","wardcode":null,"id":null,"status":"OPEN","misglobalid":null,"approved_by":null,"createdate":1643350523000,"updateddate":null,"globalid":null,"gisglobalid":"daKcKKaB-lBl5-PKBo-R5RP-6s64dmcdcsRm","remark":"--","st_area(shape)":0.00038860517967429707,"st_perimeter(shape)":0.12582229604935452}},{"arcs":[[107,108,-99,-107,-58,-44,-56]],"type":"Polygon","properties":{"objectid":108315,"statename":"Karnataka","statecode":"29","districtname":"Dakshin Kannada","districtcode":"575","ulbname":"Mangalore","ulbcode":"803181","wardname":"36","wardcode":null,"id":null,"status":"OPEN","misglobalid":null,"approved_by":null,"createdate":1643350235000,"updateddate":null,"globalid":null,"gisglobalid":"ocmBaoKs-mB4R-PmRP-QsB6-QQB5Kas6PPon","remark":"--","st_area(shape)":0.00038860517967429707,"st_perimeter(shape)":0.12582229604935452}},{"arcs":[[107,108,-99,-107,-58,-44,-56]],"type":"Polygon","properties":{"objectid":108756,"statename":"Karnataka","statecode":"29","districtname":"Dakshin Kannada","districtcode":"575","ulbname":"Mangalore","ulbcode":"803181","wardname":"36","wardcode":null,"id":null,"status":"OPEN","misglobalid":null,"approved_by":null,"createdate":1643350999000,"updateddate":null,"globalid":null,"gisglobalid":"llR6d5nK-a444-PdlR-RB6c-aoaKsQ545Bdd","remark":"--","st_area(shape)":0.00038860517967429707,"st_perimeter(shape)":0.12582229604935452}},{"arcs":[[109,110,-101]],"type":"Polygon","properties":{"objectid":104292,"statename":"Karnataka","statecode":"29","districtname":"Dakshin Kannada","districtcode":"575","ulbname":"Mangalore","ulbcode":"803181","wardname":"37","wardcode":null,"id":null,"status":"OPEN","misglobalid":null,"approved_by":null,"createdate":1643348825000,"updateddate":null,"globalid":null,"gisglobalid":"4l5nPada-s5nc-P6cl-QBsn-cnmKssnd6asR","remark":"--","st_area(shape)":0.0001424460513080379,"st_perimeter(shape)":0.06187416417527809}},{"arcs":[[109,110,-101]],"type":"Polygon","properties":{"objectid":107148,"statename":"Karnataka","statecode":"29","districtname":"Dakshin Kannada","districtcode":"575","ulbname":"Mangalore","ulbcode":"803181","wardname":"37","wardcode":null,"id":null,"status":"OPEN","misglobalid":null,"approved_by":null,"createdate":1643350523000,"updateddate":null,"globalid":null,"gisglobalid":"PQdl6PmQ-4lPc-P45R-s4mo-QPsdK6aQsPln","remark":"--","st_area(shape)":0.0001424460513080379,"st_perimeter(shape)":0.06187416417527809}},{"arcs":[[109,110,-101]],"type":"Polygon","properties":{"objectid":107154,"statename":"Karnataka","statecode":"29","districtname":"Dakshin Kannada","districtcode":"575","ulbname":"Mangalore","ulbcode":"803181","wardname":"37","wardcode":null,"id":null,"status":"OPEN","misglobalid":null,"approved_by":null,"createdate":1643350713000,"updateddate":null,"globalid":null,"gisglobalid":"BsK4Q4ml-scB5-PslQ-adn4-4anoPm4cBRlo","remark":"--","st_area(shape)":0.0001424460513080379,"st_perimeter(shape)":0.06187416417527809}},{"arcs":[[109,110,-101]],"type":"Polygon","properties":{"objectid":107182,"statename":"Karnataka","statecode":"29","districtname":"Dakshin Kannada","districtcode":"575","ulbname":"Mangalore","ulbcode":"803181","wardname":"37","wardcode":null,"id":null,"status":"OPEN","misglobalid":null,"approved_by":null,"createdate":1643350999000,"updateddate":null,"globalid":null,"gisglobalid":"nlclaBlc-6Rla-PoKR-aQ45-caans4BBRmBB","remark":"--","st_area(shape)":0.0001424460513080379,"st_perimeter(shape)":0.06187416417527809}},{"arcs":[[109,110,-101]],"type":"Polygon","properties":{"objectid":107504,"statename":"Karnataka","statecode":"29","districtname":"Dakshin Kannada","districtcode":"575","ulbname":"Mangalore","ulbcode":"803181","wardname":"37","wardcode":null,"id":null,"status":"OPEN","misglobalid":null,"approved_by":null,"createdate":1643349014000,"updateddate":null,"globalid":null,"gisglobalid":"nacmRQnK-oss4-Psms-Q5m5-os54Pm6cmcQl","remark":"--","st_area(shape)":0.0001424460513080379,"st_perimeter(shape)":0.06187416417527809}},{"arcs":[[109,110,-101]],"type":"Polygon","properties":{"objectid":107554,"statename":"Karnataka","statecode":"29","districtname":"Dakshin Kannada","districtcode":"575","ulbname":"Mangalore","ulbcode":"803181","wardname":"37","wardcode":null,"id":null,"status":"OPEN","misglobalid":null,"approved_by":null,"createdate":1643350836000,"updateddate":null,"globalid":null,"gisglobalid":"mlodoRsd-PBRQ-PcRo-R6B4-a64maao4la6d","remark":"--","st_area(shape)":0.0001424460513080379,"st_perimeter(shape)":0.06187416417527809}},{"arcs":[[109,110,-101]],"type":"Polygon","properties":{"objectid":108708,"statename":"Karnataka","statecode":"29","districtname":"Dakshin Kannada","districtcode":"575","ulbname":"Mangalore","ulbcode":"803181","wardname":"37","wardcode":null,"id":null,"status":"OPEN","misglobalid":null,"approved_by":null,"createdate":1643349840000,"updateddate":null,"globalid":null,"gisglobalid":"P4a65Rd4-Q6K5-Po46-sKQl-aoBaQmcPPd54","remark":"--","st_area(shape)":0.0001424460513080379,"st_perimeter(shape)":0.06187416417527809}},{"arcs":[[109,110,-101]],"type":"Polygon","properties":{"objectid":108717,"statename":"Karnataka","statecode":"29","districtname":"Dakshin Kannada","districtcode":"575","ulbname":"Mangalore","ulbcode":"803181","wardname":"37","wardcode":null,"id":null,"status":"OPEN","misglobalid":null,"approved_by":null,"createdate":1643350235000,"updateddate":null,"globalid":null,"gisglobalid":"sBlPooPn-nQ4m-PQsB-R5nd-5BQdoPBQ6aRd","remark":"--","st_area(shape)":0.0001424460513080379,"st_perimeter(shape)":0.06187416417527809}},{"arcs":[[111,112,-105]],"type":"Polygon","properties":{"objectid":105122,"statename":"Karnataka","statecode":"29","districtname":"Dakshin Kannada","districtcode":"575","ulbname":"Mangalore","ulbcode":"803181","wardname":"38","wardcode":null,"id":null,"status":"OPEN","misglobalid":null,"approved_by":null,"createdate":1643350713000,"updateddate":null,"globalid":null,"gisglobalid":"6lldlBKn-4adP-PKl5-RcR4-5Q56QKQcoPBm","remark":"--","st_area(shape)":0.00009646451408752937,"st_perimeter(shape)":0.0470337943770037}},{"arcs":[[111,112,-105]],"type":"Polygon","properties":{"objectid":106342,"statename":"Karnataka","statecode":"29","districtname":"Dakshin Kannada","districtcode":"575","ulbname":"Mangalore","ulbcode":"803181","wardname":"38","wardcode":null,"id":null,"status":"OPEN","misglobalid":null,"approved_by":null,"createdate":1643350836000,"updateddate":null,"globalid":null,"gisglobalid":"m4asKm5s-scBl-P4aB-QsoR-d6soQ54nnQl6","remark":"--","st_area(shape)":0.00009646451408752937,"st_perimeter(shape)":0.0470337943770037}},{"arcs":[[111,112,-105]],"type":"Polygon","properties":{"objectid":107110,"statename":"Karnataka","statecode":"29","districtname":"Dakshin Kannada","districtcode":"575","ulbname":"Mangalore","ulbcode":"803181","wardname":"38","wardcode":null,"id":null,"status":"OPEN","misglobalid":null,"approved_by":null,"createdate":1643349015000,"updateddate":null,"globalid":null,"gisglobalid":"sdam44d6-Pno6-PoQ6-QaKK-RdBR4RodlBPl","remark":"--","st_area(shape)":0.00009646451408752937,"st_perimeter(shape)":0.0470337943770037}},{"arcs":[[111,112,-105]],"type":"Polygon","properties":{"objectid":107916,"statename":"Karnataka","statecode":"29","districtname":"Dakshin Kannada","districtcode":"575","ulbname":"Mangalore","ulbcode":"803181","wardname":"38","wardcode":null,"id":null,"status":"OPEN","misglobalid":null,"approved_by":null,"createdate":1643349840000,"updateddate":null,"globalid":null,"gisglobalid":"cKnsKdBa-oc5B-PlR5-aann-4oK4aKcsdBPc","remark":"--","st_area(shape)":0.00009646451408752937,"st_perimeter(shape)":0.0470337943770037}},{"arcs":[[111,112,-105]],"type":"Polygon","properties":{"objectid":107925,"statename":"Karnataka","statecode":"29","districtname":"Dakshin Kannada","districtcode":"575","ulbname":"Mangalore","ulbcode":"803181","wardname":"38","wardcode":null,"id":null,"status":"OPEN","misglobalid":null,"approved_by":null,"createdate":1643350235000,"updateddate":null,"globalid":null,"gisglobalid":"oncBa4aa-PB6c-PcBP-a5Ko-PQRl54QBnlPs","remark":"--","st_area(shape)":0.00009646451408752937,"st_perimeter(shape)":0.0470337943770037}},{"arcs":[[111,112,-105]],"type":"Polygon","properties":{"objectid":108292,"statename":"Karnataka","statecode":"29","districtname":"Dakshin Kannada","districtcode":"575","ulbname":"Mangalore","ulbcode":"803181","wardname":"38","wardcode":null,"id":null,"status":"OPEN","misglobalid":null,"approved_by":null,"createdate":1643348825000,"updateddate":null,"globalid":null,"gisglobalid":"mlKa44sB-s64Q-Pdas-a4oQ-K4naQRBlP6s5","remark":"--","st_area(shape)":0.00009646451408752937,"st_perimeter(shape)":0.0470337943770037}},{"arcs":[[111,112,-105]],"type":"Polygon","properties":{"objectid":108731,"statename":"Karnataka","statecode":"29","districtname":"Dakshin Kannada","districtcode":"575","ulbname":"Mangalore","ulbcode":"803181","wardname":"38","wardcode":null,"id":null,"status":"OPEN","misglobalid":null,"approved_by":null,"createdate":1643350523000,"updateddate":null,"globalid":null,"gisglobalid":"sKPclRas-PoPP-PcRc-aRPB-da5QKosmdQdB","remark":"--","st_area(shape)":0.00009646451408752937,"st_perimeter(shape)":0.0470337943770037}},{"arcs":[[111,112,-105]],"type":"Polygon","properties":{"objectid":108750,"statename":"Karnataka","statecode":"29","districtname":"Dakshin Kannada","districtcode":"575","ulbname":"Mangalore","ulbcode":"803181","wardname":"38","wardcode":null,"id":null,"status":"OPEN","misglobalid":null,"approved_by":null,"createdate":1643350999000,"updateddate":null,"globalid":null,"gisglobalid":"ll4QPRQa-4Rsm-PBlR-QnBo-Ql46oRcdalna","remark":"--","st_area(shape)":0.00009646451408752937,"st_perimeter(shape)":0.0470337943770037}},{"arcs":[[113,114,115,116,117,-103]],"type":"Polygon","properties":{"objectid":105103,"statename":"Karnataka","statecode":"29","districtname":"Dakshin Kannada","districtcode":"575","ulbname":"Mangalore","ulbcode":"803181","wardname":"39","wardcode":null,"id":null,"status":"OPEN","misglobalid":null,"approved_by":null,"createdate":1643349840000,"updateddate":null,"globalid":null,"gisglobalid":"KQK6sQcK-l45c-Plma-RBsP-4a456K4QlPBc","remark":"--","st_area(shape)":0.00007366514853172607,"st_perimeter(shape)":0.05421409321982716}},{"arcs":[[113,114,115,116,117,-103]],"type":"Polygon","properties":{"objectid":106289,"statename":"Karnataka","statecode":"29","districtname":"Dakshin Kannada","districtcode":"575","ulbname":"Mangalore","ulbcode":"803181","wardname":"39","wardcode":null,"id":null,"status":"OPEN","misglobalid":null,"approved_by":null,"createdate":1643348825000,"updateddate":null,"globalid":null,"gisglobalid":"scKnKPmc-sRQn-PdmR-Rmll-dsaRBPQo4Pnm","remark":"--","st_area(shape)":0.00007366514853172607,"st_perimeter(shape)":0.05421409321982716}},{"arcs":[[113,114,115,116,117,-103]],"type":"Polygon","properties":{"objectid":106324,"statename":"Karnataka","statecode":"29","districtname":"Dakshin Kannada","districtcode":"575","ulbname":"Mangalore","ulbcode":"803181","wardname":"39","wardcode":null,"id":null,"status":"OPEN","misglobalid":null,"approved_by":null,"createdate":1643350523000,"updateddate":null,"globalid":null,"gisglobalid":"P4BB4mQs-B4oP-Pdoc-scla-mPnmco6QPnsc","remark":"--","st_area(shape)":0.00007366514853172607,"st_perimeter(shape)":0.05421409321982716}},{"arcs":[[113,114,115,116,117,-103]],"type":"Polygon","properties":{"objectid":107123,"statename":"Karnataka","statecode":"29","districtname":"Dakshin Kannada","districtcode":"575","ulbname":"Mangalore","ulbcode":"803181","wardname":"39","wardcode":null,"id":null,"status":"OPEN","misglobalid":null,"approved_by":null,"createdate":1643350235000,"updateddate":null,"globalid":null,"gisglobalid":"sdnn6P5s-mKsK-P6sR-Qn4B-cR454KPR5Ka6","remark":"--","st_area(shape)":0.00007366514853172607,"st_perimeter(shape)":0.05421409321982716}},{"arcs":[[113,114,115,116,117,-103]],"type":"Polygon","properties":{"objectid":107181,"statename":"Karnataka","statecode":"29","districtname":"Dakshin Kannada","districtcode":"575","ulbname":"Mangalore","ulbcode":"803181","wardname":"39","wardcode":null,"id":null,"status":"OPEN","misglobalid":null,"approved_by":null,"createdate":1643350999000,"updateddate":null,"globalid":null,"gisglobalid":"PmQasBlK-s5cP-PlRd-sK4R-cna645sdndan","remark":"--","st_area(shape)":0.00007366514853172607,"st_perimeter(shape)":0.05421409321982716}},{"arcs":[[113,114,115,116,117,-103]],"type":"Polygon","properties":{"objectid":107945,"statename":"Karnataka","statecode":"29","districtname":"Dakshin Kannada","districtcode":"575","ulbname":"Mangalore","ulbcode":"803181","wardname":"39","wardcode":null,"id":null,"status":"OPEN","misglobalid":null,"approved_by":null,"createdate":1643350713000,"updateddate":null,"globalid":null,"gisglobalid":"sQ6Bls6n-Qomd-PR6s-alsP-lnlaQsdca5n4","remark":"--","st_area(shape)":0.00007366514853172607,"st_perimeter(shape)":0.05421409321982716}},{"arcs":[[113,114,115,116,117,-103]],"type":"Polygon","properties":{"objectid":108332,"statename":"Karnataka","statecode":"29","districtname":"Dakshin Kannada","districtcode":"575","ulbname":"Mangalore","ulbcode":"803181","wardname":"39","wardcode":null,"id":null,"status":"OPEN","misglobalid":null,"approved_by":null,"createdate":1643350836000,"updateddate":null,"globalid":null,"gisglobalid":"4Qo5ncQB-lmao-Ps4a-snd6-n5aRKcB5nBcP","remark":"--","st_area(shape)":0.00007366514853172607,"st_perimeter(shape)":0.05421409321982716}},{"arcs":[[113,114,115,116,117,-103]],"type":"Polygon","properties":{"objectid":108695,"statename":"Karnataka","statecode":"29","districtname":"Dakshin Kannada","districtcode":"575","ulbname":"Mangalore","ulbcode":"803181","wardname":"39","wardcode":null,"id":null,"status":"OPEN","misglobalid":null,"approved_by":null,"createdate":1643349014000,"updateddate":null,"globalid":null,"gisglobalid":"mo4sQBK5-PPBQ-Pssl-RnBm-P5PBdolRasss","remark":"--","st_area(shape)":0.00007366514853172607,"st_perimeter(shape)":0.05421409321982716}},{"arcs":[[-88,118,119,-49,120]],"type":"Polygon","properties":{"objectid":106301,"statename":"Karnataka","statecode":"29","districtname":"Dakshin Kannada","districtcode":"575","ulbname":"Mangalore","ulbcode":"803181","wardname":"4","wardcode":null,"id":null,"status":"OPEN","misglobalid":null,"approved_by":null,"createdate":1643349014000,"updateddate":null,"globalid":null,"gisglobalid":"QlcaBlao-n6Pc-Pona-aR4B-456dlsR5oB5m","remark":"--","st_area(shape)":0.00014178375837258867,"st_perimeter(shape)":0.06656977576024799}},{"arcs":[[-88,118,119,-49,120]],"type":"Polygon","properties":{"objectid":106311,"statename":"Karnataka","statecode":"29","districtname":"Dakshin Kannada","districtcode":"575","ulbname":"Mangalore","ulbcode":"803181","wardname":"4","wardcode":null,"id":null,"status":"OPEN","misglobalid":null,"approved_by":null,"createdate":1643350235000,"updateddate":null,"globalid":null,"gisglobalid":"aa5m5PBP-54Pc-P6lK-anla-BR4ol5Pl4Ksm","remark":"--","st_area(shape)":0.00014178375837258867,"st_perimeter(shape)":0.06656977576024799}},{"arcs":[[-88,118,119,-49,120]],"type":"Polygon","properties":{"objectid":106329,"statename":"Karnataka","statecode":"29","districtname":"Dakshin Kannada","districtcode":"575","ulbname":"Mangalore","ulbcode":"803181","wardname":"4","wardcode":null,"id":null,"status":"OPEN","misglobalid":null,"approved_by":null,"createdate":1643350523000,"updateddate":null,"globalid":null,"gisglobalid":"o5Kal54K-BlBR-P5mo-QoRl-QcsQcKK5o5BQ","remark":"--","st_area(shape)":0.00014178375837258867,"st_perimeter(shape)":0.06656977576024799}},{"arcs":[[-88,118,119,-49,120]],"type":"Polygon","properties":{"objectid":107099,"statename":"Karnataka","statecode":"29","districtname":"Dakshin Kannada","districtcode":"575","ulbname":"Mangalore","ulbcode":"803181","wardname":"4","wardcode":null,"id":null,"status":"OPEN","misglobalid":null,"approved_by":null,"createdate":1643348825000,"updateddate":null,"globalid":null,"gisglobalid":"dK65ssKd-KdlQ-Pnnd-ad6m-l55aKK5oddQ4","remark":"--","st_area(shape)":0.00014178375837258867,"st_perimeter(shape)":0.06656977576024799}},{"arcs":[[-88,118,119,-49,120]],"type":"Polygon","properties":{"objectid":107155,"statename":"Karnataka","statecode":"29","districtname":"Dakshin Kannada","districtcode":"575","ulbname":"Mangalore","ulbcode":"803181","wardname":"4","wardcode":null,"id":null,"status":"OPEN","misglobalid":null,"approved_by":null,"createdate":1643350713000,"updateddate":null,"globalid":null,"gisglobalid":"5soadBa4-oKan-PPd6-amd6-l5ms56cBKRaa","remark":"--","st_area(shape)":0.00014178375837258867,"st_perimeter(shape)":0.06656977576024799}},{"arcs":[[-88,118,119,-49,120]],"type":"Polygon","properties":{"objectid":107511,"statename":"Karnataka","statecode":"29","districtname":"Dakshin Kannada","districtcode":"575","ulbname":"Mangalore","ulbcode":"803181","wardname":"4","wardcode":null,"id":null,"status":"OPEN","misglobalid":null,"approved_by":null,"createdate":1643349840000,"updateddate":null,"globalid":null,"gisglobalid":"aQlQ5aao-QcKa-PRdR-ssP4-lK6RKPms4Rsd","remark":"--","st_area(shape)":0.00014178375837258867,"st_perimeter(shape)":0.06656977576024799}},{"arcs":[[-88,118,119,-49,120]],"type":"Polygon","properties":{"objectid":107960,"statename":"Karnataka","statecode":"29","districtname":"Dakshin Kannada","districtcode":"575","ulbname":"Mangalore","ulbcode":"803181","wardname":"4","wardcode":null,"id":null,"status":"OPEN","misglobalid":null,"approved_by":null,"createdate":1643350999000,"updateddate":null,"globalid":null,"gisglobalid":"cP65RmP4-6nmo-PclK-RaoP-accsBR4c4com","remark":"--","st_area(shape)":0.00014178375837258867,"st_perimeter(shape)":0.06656977576024799}},{"arcs":[[-88,118,119,-49,120]],"type":"Polygon","properties":{"objectid":108334,"statename":"Karnataka","statecode":"29","districtname":"Dakshin Kannada","districtcode":"575","ulbname":"Mangalore","ulbcode":"803181","wardname":"4","wardcode":null,"id":null,"status":"OPEN","misglobalid":null,"approved_by":null,"createdate":1643350836000,"updateddate":null,"globalid":null,"gisglobalid":"dnaQlcR5-llln-PR5d-Q5oP-dK6ssc4ccdBd","remark":"--","st_area(shape)":0.00014178375837258867,"st_perimeter(shape)":0.06656977576024799}},{"arcs":[[-113,121,122,123,-84,-97,-106]],"type":"Polygon","properties":{"objectid":105116,"statename":"Karnataka","statecode":"29","districtname":"Dakshin Kannada","districtcode":"575","ulbname":"Mangalore","ulbcode":"803181","wardname":"40","wardcode":null,"id":null,"status":"OPEN","misglobalid":null,"approved_by":null,"createdate":1643350523000,"updateddate":null,"globalid":null,"gisglobalid":"dQddQlKR-KclR-PBod-aPKP-oPlnc4nc4o6Q","remark":"--","st_area(shape)":0.00009233227786793169,"st_perimeter(shape)":0.06605177333110833}},{"arcs":[[-113,121,122,123,-84,-97,-106]],"type":"Polygon","properties":{"objectid":106302,"statename":"Karnataka","statecode":"29","districtname":"Dakshin Kannada","districtcode":"575","ulbname":"Mangalore","ulbcode":"803181","wardname":"40","wardcode":null,"id":null,"status":"OPEN","misglobalid":null,"approved_by":null,"createdate":1643349015000,"updateddate":null,"globalid":null,"gisglobalid":"cKQP46P6-Q4BB-PQRa-aKRP-6lRlRQcPPmPR","remark":"--","st_area(shape)":0.00009233227786793169,"st_perimeter(shape)":0.06605177333110833}},{"arcs":[[-113,121,122,123,-84,-97,-106]],"type":"Polygon","properties":{"objectid":107102,"statename":"Karnataka","statecode":"29","districtname":"Dakshin Kannada","districtcode":"575","ulbname":"Mangalore","ulbcode":"803181","wardname":"40","wardcode":null,"id":null,"status":"OPEN","misglobalid":null,"approved_by":null,"createdate":1643348825000,"updateddate":null,"globalid":null,"gisglobalid":"B5domQQd-QnKm-PPnK-Ql6P-Kn4dcsllR4cs","remark":"--","st_area(shape)":0.00009233227786793169,"st_perimeter(shape)":0.06605177333110833}},{"arcs":[[-113,121,122,123,-84,-97,-106]],"type":"Polygon","properties":{"objectid":107159,"statename":"Karnataka","statecode":"29","districtname":"Dakshin Kannada","districtcode":"575","ulbname":"Mangalore","ulbcode":"803181","wardname":"40","wardcode":null,"id":null,"status":"OPEN","misglobalid":null,"approved_by":null,"createdate":1643350713000,"updateddate":null,"globalid":null,"gisglobalid":"s6RKo44B-aRma-Pml4-Rlan-mssKa5nllQR5","remark":"--","st_area(shape)":0.00009233227786793169,"st_perimeter(shape)":0.06605177333110833}},{"arcs":[[-113,121,122,123,-84,-97,-106]],"type":"Polygon","properties":{"objectid":107523,"statename":"Karnataka","statecode":"29","districtname":"Dakshin Kannada","districtcode":"575","ulbname":"Mangalore","ulbcode":"803181","wardname":"40","wardcode":null,"id":null,"status":"OPEN","misglobalid":null,"approved_by":null,"createdate":1643350235000,"updateddate":null,"globalid":null,"gisglobalid":"PmsPa5oQ-aoRB-PBao-RoBn-RocBBl655sd5","remark":"--","st_area(shape)":0.00009233227786793169,"st_perimeter(shape)":0.06605177333110833}},{"arcs":[[-113,121,122,123,-84,-97,-106]],"type":"Polygon","properties":{"objectid":107556,"statename":"Karnataka","statecode":"29","districtname":"Dakshin Kannada","districtcode":"575","ulbname":"Mangalore","ulbcode":"803181","wardname":"40","wardcode":null,"id":null,"status":"OPEN","misglobalid":null,"approved_by":null,"createdate":1643350836000,"updateddate":null,"globalid":null,"gisglobalid":"dR5msmlB-Pl4Q-Pcsc-QdRK-oBRs6BsBBB65","remark":"--","st_area(shape)":0.00009233227786793169,"st_perimeter(shape)":0.06605177333110833}},{"arcs":[[-113,121,122,123,-84,-97,-106]],"type":"Polygon","properties":{"objectid":107563,"statename":"Karnataka","statecode":"29","districtname":"Dakshin Kannada","districtcode":"575","ulbname":"Mangalore","ulbcode":"803181","wardname":"40","wardcode":null,"id":null,"status":"OPEN","misglobalid":null,"approved_by":null,"createdate":1643350999000,"updateddate":null,"globalid":null,"gisglobalid":"6Q6PmlBQ-oBlc-PllR-QPnQ-aRQm46ldBKmn","remark":"--","st_area(shape)":0.00009233227786793169,"st_perimeter(shape)":0.06605177333110833}},{"arcs":[[-113,121,122,123,-84,-97,-106]],"type":"Polygon","properties":{"objectid":108304,"statename":"Karnataka","statecode":"29","districtname":"Dakshin Kannada","districtcode":"575","ulbname":"Mangalore","ulbcode":"803181","wardname":"40","wardcode":null,"id":null,"status":"OPEN","misglobalid":null,"approved_by":null,"createdate":1643349840000,"updateddate":null,"globalid":null,"gisglobalid":"nlmoBo5s-oKds-PRad-RmRa-nQnoBKBoc4Qs","remark":"--","st_area(shape)":0.00009233227786793169,"st_perimeter(shape)":0.06605177333110833}},{"arcs":[[124,125,126,127,-85,-124]],"type":"Polygon","properties":{"objectid":105129,"statename":"Karnataka","statecode":"29","districtname":"Dakshin Kannada","districtcode":"575","ulbname":"Mangalore","ulbcode":"803181","wardname":"41","wardcode":null,"id":null,"status":"OPEN","misglobalid":null,"approved_by":null,"createdate":1643350836000,"updateddate":null,"globalid":null,"gisglobalid":"cQRacB5m-ddmR-PPc4-Q5PR-nPBdc5dan6Ro","remark":"--","st_area(shape)":0.00006472249691571198,"st_perimeter(shape)":0.040608574744499006}},{"arcs":[[124,125,126,127,-85,-124]],"type":"Polygon","properties":{"objectid":106291,"statename":"Karnataka","statecode":"29","districtname":"Dakshin Kannada","districtcode":"575","ulbname":"Mangalore","ulbcode":"803181","wardname":"41","wardcode":null,"id":null,"status":"OPEN","misglobalid":null,"approved_by":null,"createdate":1643348825000,"updateddate":null,"globalid":null,"gisglobalid":"n5ccRQma-sals-Pss6-am5d-Paacndoonoao","remark":"--","st_area(shape)":0.00006472249691571198,"st_perimeter(shape)":0.040608574744499006}},{"arcs":[[124,125,126,127,-85,-124]],"type":"Polygon","properties":{"objectid":106308,"statename":"Karnataka","statecode":"29","districtname":"Dakshin Kannada","districtcode":"575","ulbname":"Mangalore","ulbcode":"803181","wardname":"41","wardcode":null,"id":null,"status":"OPEN","misglobalid":null,"approved_by":null,"createdate":1643349840000,"updateddate":null,"globalid":null,"gisglobalid":"codaKalo-6aao-PBQd-R5aa-amKmomlQ56Rc","remark":"--","st_area(shape)":0.00006472249691571198,"st_perimeter(shape)":0.040608574744499006}},{"arcs":[[124,125,126,127,-85,-124]],"type":"Polygon","properties":{"objectid":106332,"statename":"Karnataka","statecode":"29","districtname":"Dakshin Kannada","districtcode":"575","ulbname":"Mangalore","ulbcode":"803181","wardname":"41","wardcode":null,"id":null,"status":"OPEN","misglobalid":null,"approved_by":null,"createdate":1643350523000,"updateddate":null,"globalid":null,"gisglobalid":"soooQ4n5-c5nm-PssR-aRco-PBKKaod6lKR5","remark":"--","st_area(shape)":0.00006472249691571198,"st_perimeter(shape)":0.040608574744499006}},{"arcs":[[124,125,126,127,-85,-124]],"type":"Polygon","properties":{"objectid":106336,"statename":"Karnataka","statecode":"29","districtname":"Dakshin Kannada","districtcode":"575","ulbname":"Mangalore","ulbcode":"803181","wardname":"41","wardcode":null,"id":null,"status":"OPEN","misglobalid":null,"approved_by":null,"createdate":1643350713000,"updateddate":null,"globalid":null,"gisglobalid":"n6cRRcso-ssl5-PQmn-s5lc-oQB6R5QKoQnB","remark":"--","st_area(shape)":0.00006472249691571198,"st_perimeter(shape)":0.040608574744499006}},{"arcs":[[124,125,126,127,-85,-124]],"type":"Polygon","properties":{"objectid":107522,"statename":"Karnataka","statecode":"29","districtname":"Dakshin Kannada","districtcode":"575","ulbname":"Mangalore","ulbcode":"803181","wardname":"41","wardcode":null,"id":null,"status":"OPEN","misglobalid":null,"approved_by":null,"createdate":1643350235000,"updateddate":null,"globalid":null,"gisglobalid":"B65Bm4sl-BPK6-PsP6-QQ5Q-mmQd6lncms4d","remark":"--","st_area(shape)":0.00006472249691571198,"st_perimeter(shape)":0.040608574744499006}},{"arcs":[[124,125,126,127,-85,-124]],"type":"Polygon","properties":{"objectid":107963,"statename":"Karnataka","statecode":"29","districtname":"Dakshin Kannada","districtcode":"575","ulbname":"Mangalore","ulbcode":"803181","wardname":"41","wardcode":null,"id":null,"status":"OPEN","misglobalid":null,"approved_by":null,"createdate":1643350999000,"updateddate":null,"globalid":null,"gisglobalid":"6PPR4nQ5-QQmd-PB5R-RRcl-cB4m5RQdKBms","remark":"--","st_area(shape)":0.00006472249691571198,"st_perimeter(shape)":0.040608574744499006}},{"arcs":[[124,125,126,127,-85,-124]],"type":"Polygon","properties":{"objectid":108697,"statename":"Karnataka","statecode":"29","districtname":"Dakshin Kannada","districtcode":"575","ulbname":"Mangalore","ulbcode":"803181","wardname":"41","wardcode":null,"id":null,"status":"OPEN","misglobalid":null,"approved_by":null,"createdate":1643349015000,"updateddate":null,"globalid":null,"gisglobalid":"a5adoPK5-m664-PdPl-ssdR-sPQ5s5os5QKP","remark":"--","st_area(shape)":0.00006472249691571198,"st_perimeter(shape)":0.040608574744499006}},{"arcs":[[-128,128,129,-80,-86]],"type":"Polygon","properties":{"objectid":105118,"statename":"Karnataka","statecode":"29","districtname":"Dakshin Kannada","districtcode":"575","ulbname":"Mangalore","ulbcode":"803181","wardname":"42","wardcode":null,"id":null,"status":"OPEN","misglobalid":null,"approved_by":null,"createdate":1643350523000,"updateddate":null,"globalid":null,"gisglobalid":"6c4ll4Q5-cdll-PPBP-adR6-lPKmB65RR5lR","remark":"--","st_area(shape)":0.00004550062907705245,"st_perimeter(shape)":0.047115775328264026}},{"arcs":[[-128,128,129,-80,-86]],"type":"Polygon","properties":{"objectid":105131,"statename":"Karnataka","statecode":"29","districtname":"Dakshin Kannada","districtcode":"575","ulbname":"Mangalore","ulbcode":"803181","wardname":"42","wardcode":null,"id":null,"status":"OPEN","misglobalid":null,"approved_by":null,"createdate":1643350836000,"updateddate":null,"globalid":null,"gisglobalid":"dnadQ5c6-KssP-PnR4-QKPK-RcB6ms4BKl4P","remark":"--","st_area(shape)":0.00004550062907705245,"st_perimeter(shape)":0.047115775328264026}},{"arcs":[[-128,128,129,-80,-86]],"type":"Polygon","properties":{"objectid":106293,"statename":"Karnataka","statecode":"29","districtname":"Dakshin Kannada","districtcode":"575","ulbname":"Mangalore","ulbcode":"803181","wardname":"42","wardcode":null,"id":null,"status":"OPEN","misglobalid":null,"approved_by":null,"createdate":1643348825000,"updateddate":null,"globalid":null,"gisglobalid":"P65KdoQP-dPKK-Plaa-QcQn-Bdd5mPRRKKPB","remark":"--","st_area(shape)":0.00004550062907705245,"st_perimeter(shape)":0.047115775328264026}},{"arcs":[[-128,128,129,-80,-86]],"type":"Polygon","properties":{"objectid":106303,"statename":"Karnataka","statecode":"29","districtname":"Dakshin Kannada","districtcode":"575","ulbname":"Mangalore","ulbcode":"803181","wardname":"42","wardcode":null,"id":null,"status":"OPEN","misglobalid":null,"approved_by":null,"createdate":1643349015000,"updateddate":null,"globalid":null,"gisglobalid":"Bmsond4P-nKnl-Psmo-QQom-4dP4cc4ca4ns","remark":"--","st_area(shape)":0.00004550062907705245,"st_perimeter(shape)":0.047115775328264026}},{"arcs":[[-128,128,129,-80,-86]],"type":"Polygon","properties":{"objectid":106314,"statename":"Karnataka","statecode":"29","districtname":"Dakshin Kannada","districtcode":"575","ulbname":"Mangalore","ulbcode":"803181","wardname":"42","wardcode":null,"id":null,"status":"OPEN","misglobalid":null,"approved_by":null,"createdate":1643350235000,"updateddate":null,"globalid":null,"gisglobalid":"on6aKKoo-cdKl-Plcd-s44m-5QPRossnns4B","remark":"--","st_area(shape)":0.00004550062907705245,"st_perimeter(shape)":0.047115775328264026}},{"arcs":[[-128,128,129,-80,-86]],"type":"Polygon","properties":{"objectid":107116,"statename":"Karnataka","statecode":"29","districtname":"Dakshin Kannada","districtcode":"575","ulbname":"Mangalore","ulbcode":"803181","wardname":"42","wardcode":null,"id":null,"status":"OPEN","misglobalid":null,"approved_by":null,"createdate":1643349840000,"updateddate":null,"globalid":null,"gisglobalid":"nso6dsBc-aPdR-PPo4-aKmB-R5dlm4omKa4o","remark":"--","st_area(shape)":0.00004550062907705245,"st_perimeter(shape)":0.047115775328264026}},{"arcs":[[-128,128,129,-80,-86]],"type":"Polygon","properties":{"objectid":107165,"statename":"Karnataka","statecode":"29","districtname":"Dakshin Kannada","districtcode":"575","ulbname":"Mangalore","ulbcode":"803181","wardname":"42","wardcode":null,"id":null,"status":"OPEN","misglobalid":null,"approved_by":null,"createdate":1643350713000,"updateddate":null,"globalid":null,"gisglobalid":"nB5cR6Rn-mBlB-PmlB-asoo-noBdQRKl6col","remark":"--","st_area(shape)":0.00004550062907705245,"st_perimeter(shape)":0.047115775328264026}},{"arcs":[[-128,128,129,-80,-86]],"type":"Polygon","properties":{"objectid":108753,"statename":"Karnataka","statecode":"29","districtname":"Dakshin Kannada","districtcode":"575","ulbname":"Mangalore","ulbcode":"803181","wardname":"42","wardcode":null,"id":null,"status":"OPEN","misglobalid":null,"approved_by":null,"createdate":1643350999000,"updateddate":null,"globalid":null,"gisglobalid":"4a5s4dds-P5ml-PcPQ-RB4B-nmRsoR46QBo4","remark":"--","st_area(shape)":0.00004550062907705245,"st_perimeter(shape)":0.047115775328264026}},{"arcs":[[-130,130,-16,-77,-81]],"type":"Polygon","properties":{"objectid":105128,"statename":"Karnataka","statecode":"29","districtname":"Dakshin Kannada","districtcode":"575","ulbname":"Mangalore","ulbcode":"803181","wardname":"43","wardcode":null,"id":null,"status":"OPEN","misglobalid":null,"approved_by":null,"createdate":1643350836000,"updateddate":null,"globalid":null,"gisglobalid":"Q5RcoRcs-dPKB-PnQP-s44o-adn6dsa5s5cP","remark":"--","st_area(shape)":0.00005364556871033566,"st_perimeter(shape)":0.037358253721831866}},{"arcs":[[-130,130,-16,-77,-81]],"type":"Polygon","properties":{"objectid":105136,"statename":"Karnataka","statecode":"29","districtname":"Dakshin Kannada","districtcode":"575","ulbname":"Mangalore","ulbcode":"803181","wardname":"43","wardcode":null,"id":null,"status":"OPEN","misglobalid":null,"approved_by":null,"createdate":1643350999000,"updateddate":null,"globalid":null,"gisglobalid":"lmBlanc5-QaBm-Po5B-QcoP-6ns4san64oRs","remark":"--","st_area(shape)":0.00005364556871033566,"st_perimeter(shape)":0.037358253721831866}},{"arcs":[[-130,130,-16,-77,-81]],"type":"Polygon","properties":{"objectid":107158,"statename":"Karnataka","statecode":"29","districtname":"Dakshin Kannada","districtcode":"575","ulbname":"Mangalore","ulbcode":"803181","wardname":"43","wardcode":null,"id":null,"status":"OPEN","misglobalid":null,"approved_by":null,"createdate":1643350713000,"updateddate":null,"globalid":null,"gisglobalid":"4BoomcQ6-ca56-P6ln-smPR-lB6R5nK5aod6","remark":"--","st_area(shape)":0.00005364556871033566,"st_perimeter(shape)":0.037358253721831866}},{"arcs":[[-130,130,-16,-77,-81]],"type":"Polygon","properties":{"objectid":107521,"statename":"Karnataka","statecode":"29","districtname":"Dakshin Kannada","districtcode":"575","ulbname":"Mangalore","ulbcode":"803181","wardname":"43","wardcode":null,"id":null,"status":"OPEN","misglobalid":null,"approved_by":null,"createdate":1643350235000,"updateddate":null,"globalid":null,"gisglobalid":"dnBKlmK5-5c6s-PRKB-saBB-BsQdKKoB5mo6","remark":"--","st_area(shape)":0.00005364556871033566,"st_perimeter(shape)":0.037358253721831866}},{"arcs":[[-130,130,-16,-77,-81]],"type":"Polygon","properties":{"objectid":107915,"statename":"Karnataka","statecode":"29","districtname":"Dakshin Kannada","districtcode":"575","ulbname":"Mangalore","ulbcode":"803181","wardname":"43","wardcode":null,"id":null,"status":"OPEN","misglobalid":null,"approved_by":null,"createdate":1643349840000,"updateddate":null,"globalid":null,"gisglobalid":"54PldldQ-l5Ks-PnBQ-sPnn-alPBR55aKmsa","remark":"--","st_area(shape)":0.00005364556871033566,"st_perimeter(shape)":0.037358253721831866}},{"arcs":[[-130,130,-16,-77,-81]],"type":"Polygon","properties":{"objectid":108291,"statename":"Karnataka","statecode":"29","districtname":"Dakshin Kannada","districtcode":"575","ulbname":"Mangalore","ulbcode":"803181","wardname":"43","wardcode":null,"id":null,"status":"OPEN","misglobalid":null,"approved_by":null,"createdate":1643348825000,"updateddate":null,"globalid":null,"gisglobalid":"Qo4oKdK5-Bdod-PQoc-aQQK-aacaB6aoacaB","remark":"--","st_area(shape)":0.00005364556871033566,"st_perimeter(shape)":0.037358253721831866}},{"arcs":[[-130,130,-16,-77,-81]],"type":"Polygon","properties":{"objectid":108297,"statename":"Karnataka","statecode":"29","districtname":"Dakshin Kannada","districtcode":"575","ulbname":"Mangalore","ulbcode":"803181","wardname":"43","wardcode":null,"id":null,"status":"OPEN","misglobalid":null,"approved_by":null,"createdate":1643349015000,"updateddate":null,"globalid":null,"gisglobalid":"BadQcmaB-PdQ6-P6oK-aod5-BaQRKlsnBP4m","remark":"--","st_area(shape)":0.00005364556871033566,"st_perimeter(shape)":0.037358253721831866}},{"arcs":[[-130,130,-16,-77,-81]],"type":"Polygon","properties":{"objectid":108728,"statename":"Karnataka","statecode":"29","districtname":"Dakshin Kannada","districtcode":"575","ulbname":"Mangalore","ulbcode":"803181","wardname":"43","wardcode":null,"id":null,"status":"OPEN","misglobalid":null,"approved_by":null,"createdate":1643350523000,"updateddate":null,"globalid":null,"gisglobalid":"RdKlmdln-ndR6-PKcR-aKm6-o4aaccn5dPBc","remark":"--","st_area(shape)":0.00005364556871033566,"st_perimeter(shape)":0.037358253721831866}},{"arcs":[[-127,131,132,-17,-131,-129]],"type":"Polygon","properties":{"objectid":105108,"statename":"Karnataka","statecode":"29","districtname":"Dakshin Kannada","districtcode":"575","ulbname":"Mangalore","ulbcode":"803181","wardname":"44","wardcode":null,"id":null,"status":"OPEN","misglobalid":null,"approved_by":null,"createdate":1643350235000,"updateddate":null,"globalid":null,"gisglobalid":"RcdBc6c4-oRlQ-Poan-RmBR-sKBB54QcR4sn","remark":"--","st_area(shape)":0.000053873331187902804,"st_perimeter(shape)":0.044687498750324274}},{"arcs":[[-127,131,132,-17,-131,-129]],"type":"Polygon","properties":{"objectid":105113,"statename":"Karnataka","statecode":"29","districtname":"Dakshin Kannada","districtcode":"575","ulbname":"Mangalore","ulbcode":"803181","wardname":"44","wardcode":null,"id":null,"status":"OPEN","misglobalid":null,"approved_by":null,"createdate":1643350523000,"updateddate":null,"globalid":null,"gisglobalid":"mQ6lc4sK-mBdB-P56l-aQmo-oPs4olsdKl6s","remark":"--","st_area(shape)":0.000053873331187902804,"st_perimeter(shape)":0.044687498750324274}},{"arcs":[[-127,131,132,-17,-131,-129]],"type":"Polygon","properties":{"objectid":105126,"statename":"Karnataka","statecode":"29","districtname":"Dakshin Kannada","districtcode":"575","ulbname":"Mangalore","ulbcode":"803181","wardname":"44","wardcode":null,"id":null,"status":"OPEN","misglobalid":null,"approved_by":null,"createdate":1643350836000,"updateddate":null,"globalid":null,"gisglobalid":"4ccQa6nm-P4BQ-PssP-RQB6-aam64mlmmaaa","remark":"--","st_area(shape)":0.000053873331187902804,"st_perimeter(shape)":0.044687498750324274}},{"arcs":[[-127,131,132,-17,-131,-129]],"type":"Polygon","properties":{"objectid":107108,"statename":"Karnataka","statecode":"29","districtname":"Dakshin Kannada","districtcode":"575","ulbname":"Mangalore","ulbcode":"803181","wardname":"44","wardcode":null,"id":null,"status":"OPEN","misglobalid":null,"approved_by":null,"createdate":1643349014000,"updateddate":null,"globalid":null,"gisglobalid":"RKPKP6P4-ssd4-P6Ps-Q4s5-5mlBdn6sdQ4n","remark":"--","st_area(shape)":0.000053873331187902804,"st_perimeter(shape)":0.044687498750324274}},{"arcs":[[-127,131,132,-17,-131,-129]],"type":"Polygon","properties":{"objectid":107495,"statename":"Karnataka","statecode":"29","districtname":"Dakshin Kannada","districtcode":"575","ulbname":"Mangalore","ulbcode":"803181","wardname":"44","wardcode":null,"id":null,"status":"OPEN","misglobalid":null,"approved_by":null,"createdate":1643348825000,"updateddate":null,"globalid":null,"gisglobalid":"QRR556lK-mRlP-Pmdl-RaPl-cRlK5QdmcsBc","remark":"--","st_area(shape)":0.000053873331187902804,"st_perimeter(shape)":0.044687498750324274}},{"arcs":[[-127,131,132,-17,-131,-129]],"type":"Polygon","properties":{"objectid":107946,"statename":"Karnataka","statecode":"29","districtname":"Dakshin Kannada","districtcode":"575","ulbname":"Mangalore","ulbcode":"803181","wardname":"44","wardcode":null,"id":null,"status":"OPEN","misglobalid":null,"approved_by":null,"createdate":1643350713000,"updateddate":null,"globalid":null,"gisglobalid":"6cl6onls-QPBc-PQnQ-RcnB-oBPolaomooon","remark":"--","st_area(shape)":0.000053873331187902804,"st_perimeter(shape)":0.044687498750324274}},{"arcs":[[-127,131,132,-17,-131,-129]],"type":"Polygon","properties":{"objectid":107957,"statename":"Karnataka","statecode":"29","districtname":"Dakshin Kannada","districtcode":"575","ulbname":"Mangalore","ulbcode":"803181","wardname":"44","wardcode":null,"id":null,"status":"OPEN","misglobalid":null,"approved_by":null,"createdate":1643350999000,"updateddate":null,"globalid":null,"gisglobalid":"d6csl4o4-KQBn-PmdB-QoQs-asPoc6lnmaon","remark":"--","st_area(shape)":0.000053873331187902804,"st_perimeter(shape)":0.044687498750324274}},{"arcs":[[-127,131,132,-17,-131,-129]],"type":"Polygon","properties":{"objectid":108300,"statename":"Karnataka","statecode":"29","districtname":"Dakshin Kannada","districtcode":"575","ulbname":"Mangalore","ulbcode":"803181","wardname":"44","wardcode":null,"id":null,"status":"OPEN","misglobalid":null,"approved_by":null,"createdate":1643349840000,"updateddate":null,"globalid":null,"gisglobalid":"ald4QalP-KQ4a-PKan-aR4a-aQds6QB6aK66","remark":"--","st_area(shape)":0.000053873331187902804,"st_perimeter(shape)":0.044687498750324274}},{"arcs":[[133,134,135,136,137,-132,-126]],"type":"Polygon","properties":{"objectid":105127,"statename":"Karnataka","statecode":"29","districtname":"Dakshin Kannada","districtcode":"575","ulbname":"Mangalore","ulbcode":"803181","wardname":"45","wardcode":null,"id":null,"status":"OPEN","misglobalid":null,"approved_by":null,"createdate":1643350836000,"updateddate":null,"globalid":null,"gisglobalid":"B5mBc4od-QPs5-P6KK-sQm5-Ban66c6mlPdo","remark":"--","st_area(shape)":0.00013392315235288558,"st_perimeter(shape)":0.05899074083810145}},{"arcs":[[133,134,135,136,137,-132,-126]],"type":"Polygon","properties":{"objectid":106300,"statename":"Karnataka","statecode":"29","districtname":"Dakshin Kannada","districtcode":"575","ulbname":"Mangalore","ulbcode":"803181","wardname":"45","wardcode":null,"id":null,"status":"OPEN","misglobalid":null,"approved_by":null,"createdate":1643349014000,"updateddate":null,"globalid":null,"gisglobalid":"mRscsa6o-K4mc-P4ls-QBoB-m6PoB64KQQBP","remark":"--","st_area(shape)":0.00013392315235288558,"st_perimeter(shape)":0.05899074083810145}},{"arcs":[[133,134,135,136,137,-132,-126]],"type":"Polygon","properties":{"objectid":107496,"statename":"Karnataka","statecode":"29","districtname":"Dakshin Kannada","districtcode":"575","ulbname":"Mangalore","ulbcode":"803181","wardname":"45","wardcode":null,"id":null,"status":"OPEN","misglobalid":null,"approved_by":null,"createdate":1643348825000,"updateddate":null,"globalid":null,"gisglobalid":"6nKn5mmc-dlRP-Po6K-RB65-dRsBm6KR4dPm","remark":"--","st_area(shape)":0.00013392315235288558,"st_perimeter(shape)":0.05899074083810145}},{"arcs":[[133,134,135,136,137,-132,-126]],"type":"Polygon","properties":{"objectid":107959,"statename":"Karnataka","statecode":"29","districtname":"Dakshin Kannada","districtcode":"575","ulbname":"Mangalore","ulbcode":"803181","wardname":"45","wardcode":null,"id":null,"status":"OPEN","misglobalid":null,"approved_by":null,"createdate":1643350999000,"updateddate":null,"globalid":null,"gisglobalid":"QcmRnn64-Kooo-PBRm-aRB5-lo5annQsR6mR","remark":"--","st_area(shape)":0.00013392315235288558,"st_perimeter(shape)":0.05899074083810145}},{"arcs":[[133,134,135,136,137,-132,-126]],"type":"Polygon","properties":{"objectid":108301,"statename":"Karnataka","statecode":"29","districtname":"Dakshin Kannada","districtcode":"575","ulbname":"Mangalore","ulbcode":"803181","wardname":"45","wardcode":null,"id":null,"status":"OPEN","misglobalid":null,"approved_by":null,"createdate":1643349840000,"updateddate":null,"globalid":null,"gisglobalid":"saanlP56-Kanm-PclP-aama-cl4aoPoRaons","remark":"--","st_area(shape)":0.00013392315235288558,"st_perimeter(shape)":0.05899074083810145}},{"arcs":[[133,134,135,136,137,-132,-126]],"type":"Polygon","properties":{"objectid":108310,"statename":"Karnataka","statecode":"29","districtname":"Dakshin Kannada","districtcode":"575","ulbname":"Mangalore","ulbcode":"803181","wardname":"45","wardcode":null,"id":null,"status":"OPEN","misglobalid":null,"approved_by":null,"createdate":1643350235000,"updateddate":null,"globalid":null,"gisglobalid":"4Kc6QmnK-d46Q-PRQm-Qmlc-BKldR5BBQQBR","remark":"--","st_area(shape)":0.00013392315235288558,"st_perimeter(shape)":0.05899074083810145}},{"arcs":[[133,134,135,136,137,-132,-126]],"type":"Polygon","properties":{"objectid":108324,"statename":"Karnataka","statecode":"29","districtname":"Dakshin Kannada","districtcode":"575","ulbname":"Mangalore","ulbcode":"803181","wardname":"45","wardcode":null,"id":null,"status":"OPEN","misglobalid":null,"approved_by":null,"createdate":1643350523000,"updateddate":null,"globalid":null,"gisglobalid":"P5cs4KBl-l65B-PRoK-RB5P-Qlo5KBKd6ocm","remark":"--","st_area(shape)":0.00013392315235288558,"st_perimeter(shape)":0.05899074083810145}},{"arcs":[[133,134,135,136,137,-132,-126]],"type":"Polygon","properties":{"objectid":108737,"statename":"Karnataka","statecode":"29","districtname":"Dakshin Kannada","districtcode":"575","ulbname":"Mangalore","ulbcode":"803181","wardname":"45","wardcode":null,"id":null,"status":"OPEN","misglobalid":null,"approved_by":null,"createdate":1643350713000,"updateddate":null,"globalid":null,"gisglobalid":"5Q44sa4o-6amd-PQ6d-ad4K-RQoQ6dBcKlcm","remark":"--","st_area(shape)":0.00013392315235288558,"st_perimeter(shape)":0.05899074083810145}},{"arcs":[[138,139,140,-134,-125,-123]],"type":"Polygon","properties":{"objectid":106330,"statename":"Karnataka","statecode":"29","districtname":"Dakshin Kannada","districtcode":"575","ulbname":"Mangalore","ulbcode":"803181","wardname":"46","wardcode":null,"id":null,"status":"OPEN","misglobalid":null,"approved_by":null,"createdate":1643350523000,"updateddate":null,"globalid":null,"gisglobalid":"QoPsPd4a-mPsQ-PcKl-RPBn-KmmmQl4camBo","remark":"--","st_area(shape)":0.00005802274018629791,"st_perimeter(shape)":0.04817610441577098}},{"arcs":[[138,139,140,-134,-125,-123]],"type":"Polygon","properties":{"objectid":107125,"statename":"Karnataka","statecode":"29","districtname":"Dakshin Kannada","districtcode":"575","ulbname":"Mangalore","ulbcode":"803181","wardname":"46","wardcode":null,"id":null,"status":"OPEN","misglobalid":null,"approved_by":null,"createdate":1643350235000,"updateddate":null,"globalid":null,"gisglobalid":"54lBl65s-PsQK-PoPa-QKKm-ds6RPlKanlol","remark":"--","st_area(shape)":0.00005802274018629791,"st_perimeter(shape)":0.04817610441577098}},{"arcs":[[138,139,140,-134,-125,-123]],"type":"Polygon","properties":{"objectid":107169,"statename":"Karnataka","statecode":"29","districtname":"Dakshin Kannada","districtcode":"575","ulbname":"Mangalore","ulbcode":"803181","wardname":"46","wardcode":null,"id":null,"status":"OPEN","misglobalid":null,"approved_by":null,"createdate":1643350836000,"updateddate":null,"globalid":null,"gisglobalid":"4BRomo54-RalR-Pos5-aoRo-RoKQQcBaKl5P","remark":"--","st_area(shape)":0.00005802274018629791,"st_perimeter(shape)":0.04817610441577098}},{"arcs":[[138,139,140,-134,-125,-123]],"type":"Polygon","properties":{"objectid":107911,"statename":"Karnataka","statecode":"29","districtname":"Dakshin Kannada","districtcode":"575","ulbname":"Mangalore","ulbcode":"803181","wardname":"46","wardcode":null,"id":null,"status":"OPEN","misglobalid":null,"approved_by":null,"createdate":1643349840000,"updateddate":null,"globalid":null,"gisglobalid":"amKKcmdn-s4KP-PmaK-a6dR-lPoRRca5Kand","remark":"--","st_area(shape)":0.00005802274018629791,"st_perimeter(shape)":0.04817610441577098}},{"arcs":[[138,139,140,-134,-125,-123]],"type":"Polygon","properties":{"objectid":108290,"statename":"Karnataka","statecode":"29","districtname":"Dakshin Kannada","districtcode":"575","ulbname":"Mangalore","ulbcode":"803181","wardname":"46","wardcode":null,"id":null,"status":"OPEN","misglobalid":null,"approved_by":null,"createdate":1643348825000,"updateddate":null,"globalid":null,"gisglobalid":"oPd6dRco-5KQm-P5m5-acR6-amQ4BaRm55d6","remark":"--","st_area(shape)":0.00005802274018629791,"st_perimeter(shape)":0.04817610441577098}},{"arcs":[[138,139,140,-134,-125,-123]],"type":"Polygon","properties":{"objectid":108296,"statename":"Karnataka","statecode":"29","districtname":"Dakshin Kannada","districtcode":"575","ulbname":"Mangalore","ulbcode":"803181","wardname":"46","wardcode":null,"id":null,"status":"OPEN","misglobalid":null,"approved_by":null,"createdate":1643349014000,"updateddate":null,"globalid":null,"gisglobalid":"oQss5lnn-m5KB-PBaK-RlKR-ao66Bl5PQoda","remark":"--","st_area(shape)":0.00005802274018629791,"st_perimeter(shape)":0.04817610441577098}},{"arcs":[[138,139,140,-134,-125,-123]],"type":"Polygon","properties":{"objectid":108326,"statename":"Karnataka","statecode":"29","districtname":"Dakshin Kannada","districtcode":"575","ulbname":"Mangalore","ulbcode":"803181","wardname":"46","wardcode":null,"id":null,"status":"OPEN","misglobalid":null,"approved_by":null,"createdate":1643350713000,"updateddate":null,"globalid":null,"gisglobalid":"BK5a6oRB-daKc-Pn5a-QPdl-odRsPQ6dKmaR","remark":"--","st_area(shape)":0.00005802274018629791,"st_perimeter(shape)":0.04817610441577098}},{"arcs":[[138,139,140,-134,-125,-123]],"type":"Polygon","properties":{"objectid":108749,"statename":"Karnataka","statecode":"29","districtname":"Dakshin Kannada","districtcode":"575","ulbname":"Mangalore","ulbcode":"803181","wardname":"46","wardcode":null,"id":null,"status":"OPEN","misglobalid":null,"approved_by":null,"createdate":1643350999000,"updateddate":null,"globalid":null,"gisglobalid":"dKQ4PP65-Kdoa-PPcR-acaR-m55KaaoK65n5","remark":"--","st_area(shape)":0.00005802274018629791,"st_perimeter(shape)":0.04817610441577098}},{"arcs":[[-104,-118,141,-139,-122,-112]],"type":"Polygon","properties":{"objectid":104298,"statename":"Karnataka","statecode":"29","districtname":"Dakshin Kannada","districtcode":"575","ulbname":"Mangalore","ulbcode":"803181","wardname":"47","wardcode":null,"id":null,"status":"OPEN","misglobalid":null,"approved_by":null,"createdate":1643349015000,"updateddate":null,"globalid":null,"gisglobalid":"ocaadBoo-mPPo-PQQ5-QcPB-coBPlBssRmaa","remark":"--","st_area(shape)":0.00007900677470527379,"st_perimeter(shape)":0.05000064131419959}},{"arcs":[[-104,-118,141,-139,-122,-112]],"type":"Polygon","properties":{"objectid":105092,"statename":"Karnataka","statecode":"29","districtname":"Dakshin Kannada","districtcode":"575","ulbname":"Mangalore","ulbcode":"803181","wardname":"47","wardcode":null,"id":null,"status":"OPEN","misglobalid":null,"approved_by":null,"createdate":1643348825000,"updateddate":null,"globalid":null,"gisglobalid":"QncRc655-nKmd-Po5s-acRK-n5lPlRmnmnPo","remark":"--","st_area(shape)":0.00007900677470527379,"st_perimeter(shape)":0.05000064131419959}},{"arcs":[[-104,-118,141,-139,-122,-112]],"type":"Polygon","properties":{"objectid":105105,"statename":"Karnataka","statecode":"29","districtname":"Dakshin Kannada","districtcode":"575","ulbname":"Mangalore","ulbcode":"803181","wardname":"47","wardcode":null,"id":null,"status":"OPEN","misglobalid":null,"approved_by":null,"createdate":1643349840000,"updateddate":null,"globalid":null,"gisglobalid":"PmKcQlmc-mQ4Q-P5no-RQds-RdPBRmlcBQB4","remark":"--","st_area(shape)":0.00007900677470527379,"st_perimeter(shape)":0.05000064131419959}},{"arcs":[[-104,-118,141,-139,-122,-112]],"type":"Polygon","properties":{"objectid":107166,"statename":"Karnataka","statecode":"29","districtname":"Dakshin Kannada","districtcode":"575","ulbname":"Mangalore","ulbcode":"803181","wardname":"47","wardcode":null,"id":null,"status":"OPEN","misglobalid":null,"approved_by":null,"createdate":1643350713000,"updateddate":null,"globalid":null,"gisglobalid":"K6aacPcc-6Q5P-PRPP-RlQl-d4dcQ6Rmcm6P","remark":"--","st_area(shape)":0.00007900677470527379,"st_perimeter(shape)":0.05000064131419959}},{"arcs":[[-104,-118,141,-139,-122,-112]],"type":"Polygon","properties":{"objectid":107173,"statename":"Karnataka","statecode":"29","districtname":"Dakshin Kannada","districtcode":"575","ulbname":"Mangalore","ulbcode":"803181","wardname":"47","wardcode":null,"id":null,"status":"OPEN","misglobalid":null,"approved_by":null,"createdate":1643350836000,"updateddate":null,"globalid":null,"gisglobalid":"sKQRllnl-ommd-PQ44-acB4-45BcR5lRadBa","remark":"--","st_area(shape)":0.00007900677470527379,"st_perimeter(shape)":0.05000064131419959}},{"arcs":[[-104,-118,141,-139,-122,-112]],"type":"Polygon","properties":{"objectid":107525,"statename":"Karnataka","statecode":"29","districtname":"Dakshin Kannada","districtcode":"575","ulbname":"Mangalore","ulbcode":"803181","wardname":"47","wardcode":null,"id":null,"status":"OPEN","misglobalid":null,"approved_by":null,"createdate":1643350235000,"updateddate":null,"globalid":null,"gisglobalid":"nm6ldQma-o5BQ-PKsB-slKm-sllPRQo5Bnm6","remark":"--","st_area(shape)":0.00007900677470527379,"st_perimeter(shape)":0.05000064131419959}},{"arcs":[[-104,-118,141,-139,-122,-112]],"type":"Polygon","properties":{"objectid":108342,"statename":"Karnataka","statecode":"29","districtname":"Dakshin Kannada","districtcode":"575","ulbname":"Mangalore","ulbcode":"803181","wardname":"47","wardcode":null,"id":null,"status":"OPEN","misglobalid":null,"approved_by":null,"createdate":1643350999000,"updateddate":null,"globalid":null,"gisglobalid":"B4P6nlln-lc4o-PBQK-sP4K-la5BBnQloB4R","remark":"--","st_area(shape)":0.00007900677470527379,"st_perimeter(shape)":0.05000064131419959}},{"arcs":[[-104,-118,141,-139,-122,-112]],"type":"Polygon","properties":{"objectid":108732,"statename":"Karnataka","statecode":"29","districtname":"Dakshin Kannada","districtcode":"575","ulbname":"Mangalore","ulbcode":"803181","wardname":"47","wardcode":null,"id":null,"status":"OPEN","misglobalid":null,"approved_by":null,"createdate":1643350523000,"updateddate":null,"globalid":null,"gisglobalid":"5dlaaRc4-oBoK-PR6o-sslR-oB5nsPcKmBcB","remark":"--","st_area(shape)":0.00007900677470527379,"st_perimeter(shape)":0.05000064131419959}},{"arcs":[[142,143,144,145,-114,-102,-111]],"type":"Polygon","properties":{"objectid":105125,"statename":"Karnataka","statecode":"29","districtname":"Dakshin Kannada","districtcode":"575","ulbname":"Mangalore","ulbcode":"803181","wardname":"48","wardcode":null,"id":null,"status":"OPEN","misglobalid":null,"approved_by":null,"createdate":1643350713000,"updateddate":null,"globalid":null,"gisglobalid":"sBddBdKm-Booo-P546-R5Ba-Bml6lsBnm5os","remark":"--","st_area(shape)":0.00012672935342988856,"st_perimeter(shape)":0.0946391054462971}},{"arcs":[[142,143,144,145,-114,-102,-111]],"type":"Polygon","properties":{"objectid":105139,"statename":"Karnataka","statecode":"29","districtname":"Dakshin Kannada","districtcode":"575","ulbname":"Mangalore","ulbcode":"803181","wardname":"48","wardcode":null,"id":null,"status":"OPEN","misglobalid":null,"approved_by":null,"createdate":1643350999000,"updateddate":null,"globalid":null,"gisglobalid":"lBdsBdsa-ld5n-Pnol-Ro56-R65R5aa44lPP","remark":"--","st_area(shape)":0.00012672935342988856,"st_perimeter(shape)":0.0946391054462971}},{"arcs":[[142,143,144,145,-114,-102,-111]],"type":"Polygon","properties":{"objectid":106298,"statename":"Karnataka","statecode":"29","districtname":"Dakshin Kannada","districtcode":"575","ulbname":"Mangalore","ulbcode":"803181","wardname":"48","wardcode":null,"id":null,"status":"OPEN","misglobalid":null,"approved_by":null,"createdate":1643348825000,"updateddate":null,"globalid":null,"gisglobalid":"nss66n6s-csBd-Pd5o-sK5Q-PBcRQmnB4dla","remark":"--","st_area(shape)":0.00012672935342988856,"st_perimeter(shape)":0.0946391054462971}},{"arcs":[[142,143,144,145,-114,-102,-111]],"type":"Polygon","properties":{"objectid":106347,"statename":"Karnataka","statecode":"29","districtname":"Dakshin Kannada","districtcode":"575","ulbname":"Mangalore","ulbcode":"803181","wardname":"48","wardcode":null,"id":null,"status":"OPEN","misglobalid":null,"approved_by":null,"createdate":1643350836000,"updateddate":null,"globalid":null,"gisglobalid":"4RdsmmK5-m4dP-Pmao-RnKR-Pn64RmR4aPll","remark":"--","st_area(shape)":0.00012672935342988856,"st_perimeter(shape)":0.0946391054462971}},{"arcs":[[142,143,144,145,-114,-102,-111]],"type":"Polygon","properties":{"objectid":107122,"statename":"Karnataka","statecode":"29","districtname":"Dakshin Kannada","districtcode":"575","ulbname":"Mangalore","ulbcode":"803181","wardname":"48","wardcode":null,"id":null,"status":"OPEN","misglobalid":null,"approved_by":null,"createdate":1643349840000,"updateddate":null,"globalid":null,"gisglobalid":"mllP56om-6dc4-PQR5-s4o6-c4RKdKoKm45Q","remark":"--","st_area(shape)":0.00012672935342988856,"st_perimeter(shape)":0.0946391054462971}},{"arcs":[[142,143,144,145,-114,-102,-111]],"type":"Polygon","properties":{"objectid":107909,"statename":"Karnataka","statecode":"29","districtname":"Dakshin Kannada","districtcode":"575","ulbname":"Mangalore","ulbcode":"803181","wardname":"48","wardcode":null,"id":null,"status":"OPEN","misglobalid":null,"approved_by":null,"createdate":1643349015000,"updateddate":null,"globalid":null,"gisglobalid":"5BsKnRdo-6cdc-P66B-ssPQ-maoaKnodm6Q4","remark":"--","st_area(shape)":0.00012672935342988856,"st_perimeter(shape)":0.0946391054462971}},{"arcs":[[142,143,144,145,-114,-102,-111]],"type":"Polygon","properties":{"objectid":107929,"statename":"Karnataka","statecode":"29","districtname":"Dakshin Kannada","districtcode":"575","ulbname":"Mangalore","ulbcode":"803181","wardname":"48","wardcode":null,"id":null,"status":"OPEN","misglobalid":null,"approved_by":null,"createdate":1643350235000,"updateddate":null,"globalid":null,"gisglobalid":"d64ccaBR-sPnm-P466-RKal-lBml544sP5Po","remark":"--","st_area(shape)":0.00012672935342988856,"st_perimeter(shape)":0.0946391054462971}},{"arcs":[[142,143,144,145,-114,-102,-111]],"type":"Polygon","properties":{"objectid":108734,"statename":"Karnataka","statecode":"29","districtname":"Dakshin Kannada","districtcode":"575","ulbname":"Mangalore","ulbcode":"803181","wardname":"48","wardcode":null,"id":null,"status":"OPEN","misglobalid":null,"approved_by":null,"createdate":1643350523000,"updateddate":null,"globalid":null,"gisglobalid":"saaKas55-nB4l-P4aK-RQ5P-4mQKnlBK6lBQ","remark":"--","st_area(shape)":0.00012672935342988856,"st_perimeter(shape)":0.0946391054462971}},{"arcs":[[146,147,-145]],"type":"Polygon","properties":{"objectid":107150,"statename":"Karnataka","statecode":"29","districtname":"Dakshin Kannada","districtcode":"575","ulbname":"Mangalore","ulbcode":"803181","wardname":"49","wardcode":null,"id":null,"status":"OPEN","misglobalid":null,"approved_by":null,"createdate":1643350523000,"updateddate":null,"globalid":null,"gisglobalid":"6m5nQaPa-mRmQ-Pn6R-a544-6l6oaccR44PB","remark":"--","st_area(shape)":0.00010604635421390768,"st_perimeter(shape)":0.07701378679767105}},{"arcs":[[146,147,-145]],"type":"Polygon","properties":{"objectid":107502,"statename":"Karnataka","statecode":"29","districtname":"Dakshin Kannada","districtcode":"575","ulbname":"Mangalore","ulbcode":"803181","wardname":"49","wardcode":null,"id":null,"status":"OPEN","misglobalid":null,"approved_by":null,"createdate":1643348825000,"updateddate":null,"globalid":null,"gisglobalid":"6cKcoma6-P6QQ-PQoQ-QKo6-laKRca6dRoQc","remark":"--","st_area(shape)":0.00010604635421390768,"st_perimeter(shape)":0.07701378679767105}},{"arcs":[[146,147,-145]],"type":"Polygon","properties":{"objectid":107518,"statename":"Karnataka","statecode":"29","districtname":"Dakshin Kannada","districtcode":"575","ulbname":"Mangalore","ulbcode":"803181","wardname":"49","wardcode":null,"id":null,"status":"OPEN","misglobalid":null,"approved_by":null,"createdate":1643349840000,"updateddate":null,"globalid":null,"gisglobalid":"nd66mK6c-6BaR-PQac-as65-dnm5dmBaQaQR","remark":"--","st_area(shape)":0.00010604635421390768,"st_perimeter(shape)":0.07701378679767105}},{"arcs":[[146,147,-145]],"type":"Polygon","properties":{"objectid":107546,"statename":"Karnataka","statecode":"29","districtname":"Dakshin Kannada","districtcode":"575","ulbname":"Mangalore","ulbcode":"803181","wardname":"49","wardcode":null,"id":null,"status":"OPEN","misglobalid":null,"approved_by":null,"createdate":1643350713000,"updateddate":null,"globalid":null,"gisglobalid":"Pm5Qd66R-dsRB-P5R4-sB6l-4BlooaBPdm6c","remark":"--","st_area(shape)":0.00010604635421390768,"st_perimeter(shape)":0.07701378679767105}},{"arcs":[[146,147,-145]],"type":"Polygon","properties":{"objectid":107908,"statename":"Karnataka","statecode":"29","districtname":"Dakshin Kannada","districtcode":"575","ulbname":"Mangalore","ulbcode":"803181","wardname":"49","wardcode":null,"id":null,"status":"OPEN","misglobalid":null,"approved_by":null,"createdate":1643349015000,"updateddate":null,"globalid":null,"gisglobalid":"PsQ5P66B-m6Bs-PBm6-sKa6-nR5QPmmlQBmo","remark":"--","st_area(shape)":0.00010604635421390768,"st_perimeter(shape)":0.07701378679767105}},{"arcs":[[146,147,-145]],"type":"Polygon","properties":{"objectid":107928,"statename":"Karnataka","statecode":"29","districtname":"Dakshin Kannada","districtcode":"575","ulbname":"Mangalore","ulbcode":"803181","wardname":"49","wardcode":null,"id":null,"status":"OPEN","misglobalid":null,"approved_by":null,"createdate":1643350235000,"updateddate":null,"globalid":null,"gisglobalid":"cBQsBcn5-5o6l-PmKa-QR5K-4BsB55QaPaB4","remark":"--","st_area(shape)":0.00010604635421390768,"st_perimeter(shape)":0.07701378679767105}},{"arcs":[[146,147,-145]],"type":"Polygon","properties":{"objectid":108338,"statename":"Karnataka","statecode":"29","districtname":"Dakshin Kannada","districtcode":"575","ulbname":"Mangalore","ulbcode":"803181","wardname":"49","wardcode":null,"id":null,"status":"OPEN","misglobalid":null,"approved_by":null,"createdate":1643350836000,"updateddate":null,"globalid":null,"gisglobalid":"amc4soKa-BRRo-PB5Q-smB4-aaals65l5s4Q","remark":"--","st_area(shape)":0.00010604635421390768,"st_perimeter(shape)":0.07701378679767105}},{"arcs":[[146,147,-145]],"type":"Polygon","properties":{"objectid":108347,"statename":"Karnataka","statecode":"29","districtname":"Dakshin Kannada","districtcode":"575","ulbname":"Mangalore","ulbcode":"803181","wardname":"49","wardcode":null,"id":null,"status":"OPEN","misglobalid":null,"approved_by":null,"createdate":1643350999000,"updateddate":null,"globalid":null,"gisglobalid":"c46aPmRR-adma-Pl5s-aoaQ-aPsncosQQ4cs","remark":"--","st_area(shape)":0.00010604635421390768,"st_perimeter(shape)":0.07701378679767105}},{"arcs":[[-120,148,-51,-50]],"type":"Polygon","properties":{"objectid":105106,"statename":"Karnataka","statecode":"29","districtname":"Dakshin Kannada","districtcode":"575","ulbname":"Mangalore","ulbcode":"803181","wardname":"5","wardcode":null,"id":null,"status":"OPEN","misglobalid":null,"approved_by":null,"createdate":1643349840000,"updateddate":null,"globalid":null,"gisglobalid":"ao4n6QQs-QcsP-PBBc-s4Ra-nod5Q5Ba65nP","remark":"--","st_area(shape)":0.00014256449752281873,"st_perimeter(shape)":0.06880687978273367}},{"arcs":[[-120,148,-51,-50]],"type":"Polygon","properties":{"objectid":106346,"statename":"Karnataka","statecode":"29","districtname":"Dakshin Kannada","districtcode":"575","ulbname":"Mangalore","ulbcode":"803181","wardname":"5","wardcode":null,"id":null,"status":"OPEN","misglobalid":null,"approved_by":null,"createdate":1643350836000,"updateddate":null,"globalid":null,"gisglobalid":"oQ6lK5ma-c4Qm-Pamo-Qcda-PQKBKnlR5RPd","remark":"--","st_area(shape)":0.00014256449752281873,"st_perimeter(shape)":0.06880687978273367}},{"arcs":[[-120,148,-51,-50]],"type":"Polygon","properties":{"objectid":107538,"statename":"Karnataka","statecode":"29","districtname":"Dakshin Kannada","districtcode":"575","ulbname":"Mangalore","ulbcode":"803181","wardname":"5","wardcode":null,"id":null,"status":"OPEN","misglobalid":null,"approved_by":null,"createdate":1643350523000,"updateddate":null,"globalid":null,"gisglobalid":"d64PlPRR-oo5R-PcP5-sB6Q-6PRQ4mQacR4a","remark":"--","st_area(shape)":0.00014256449752281873,"st_perimeter(shape)":0.06880687978273367}},{"arcs":[[-120,148,-51,-50]],"type":"Polygon","properties":{"objectid":107550,"statename":"Karnataka","statecode":"29","districtname":"Dakshin Kannada","districtcode":"575","ulbname":"Mangalore","ulbcode":"803181","wardname":"5","wardcode":null,"id":null,"status":"OPEN","misglobalid":null,"approved_by":null,"createdate":1643350713000,"updateddate":null,"globalid":null,"gisglobalid":"6oPRnoQK-KcnK-PB5B-Q55o-d5KBKdQsndRd","remark":"--","st_area(shape)":0.00014256449752281873,"st_perimeter(shape)":0.06880687978273367}},{"arcs":[[-120,148,-51,-50]],"type":"Polygon","properties":{"objectid":107898,"statename":"Karnataka","statecode":"29","districtname":"Dakshin Kannada","districtcode":"575","ulbname":"Mangalore","ulbcode":"803181","wardname":"5","wardcode":null,"id":null,"status":"OPEN","misglobalid":null,"approved_by":null,"createdate":1643348825000,"updateddate":null,"globalid":null,"gisglobalid":"PQo6dls6-daKn-PQQ5-Rmo6-o6RlBmKBQBKK","remark":"--","st_area(shape)":0.00014256449752281873,"st_perimeter(shape)":0.06880687978273367}},{"arcs":[[-120,148,-51,-50]],"type":"Polygon","properties":{"objectid":107964,"statename":"Karnataka","statecode":"29","districtname":"Dakshin Kannada","districtcode":"575","ulbname":"Mangalore","ulbcode":"803181","wardname":"5","wardcode":null,"id":null,"status":"OPEN","misglobalid":null,"approved_by":null,"createdate":1643350999000,"updateddate":null,"globalid":null,"gisglobalid":"4mcQQom6-PQoK-P4sR-aKol-4dP6dPa5da6Q","remark":"--","st_area(shape)":0.00014256449752281873,"st_perimeter(shape)":0.06880687978273367}},{"arcs":[[-120,148,-51,-50]],"type":"Polygon","properties":{"objectid":108702,"statename":"Karnataka","statecode":"29","districtname":"Dakshin Kannada","districtcode":"575","ulbname":"Mangalore","ulbcode":"803181","wardname":"5","wardcode":null,"id":null,"status":"OPEN","misglobalid":null,"approved_by":null,"createdate":1643349015000,"updateddate":null,"globalid":null,"gisglobalid":"RKQQQQBK-lRcn-PRmK-QQ4s-oQ4aK6cQBamn","remark":"--","st_area(shape)":0.00014256449752281873,"st_perimeter(shape)":0.06880687978273367}},{"arcs":[[-120,148,-51,-50]],"type":"Polygon","properties":{"objectid":108721,"statename":"Karnataka","statecode":"29","districtname":"Dakshin Kannada","districtcode":"575","ulbname":"Mangalore","ulbcode":"803181","wardname":"5","wardcode":null,"id":null,"status":"OPEN","misglobalid":null,"approved_by":null,"createdate":1643350235000,"updateddate":null,"globalid":null,"gisglobalid":"PcmRB6d4-Pd5B-Plon-aPlQ-4QPaQ6Kd65am","remark":"--","st_area(shape)":0.00014256449752281873,"st_perimeter(shape)":0.06880687978273367}},{"arcs":[[149,150,151,152,-147,-144,153]],"type":"Polygon","properties":{"objectid":105137,"statename":"Karnataka","statecode":"29","districtname":"Dakshin Kannada","districtcode":"575","ulbname":"Mangalore","ulbcode":"803181","wardname":"50","wardcode":null,"id":null,"status":"OPEN","misglobalid":null,"approved_by":null,"createdate":1643350999000,"updateddate":null,"globalid":null,"gisglobalid":"an5sBlPK-RK4P-PaB5-ssQa-oaasm44B46an","remark":"--","st_area(shape)":0.00022102248399208212,"st_perimeter(shape)":0.0920790804097726}},{"arcs":[[149,150,151,152,-147,-144,153]],"type":"Polygon","properties":{"objectid":106309,"statename":"Karnataka","statecode":"29","districtname":"Dakshin Kannada","districtcode":"575","ulbname":"Mangalore","ulbcode":"803181","wardname":"50","wardcode":null,"id":null,"status":"OPEN","misglobalid":null,"approved_by":null,"createdate":1643349840000,"updateddate":null,"globalid":null,"gisglobalid":"n4oKldsR-dosc-PKcd-sBQl-m4aRcaQ5dooo","remark":"--","st_area(shape)":0.00022102248399208212,"st_perimeter(shape)":0.0920790804097726}},{"arcs":[[149,150,151,152,-147,-144,153]],"type":"Polygon","properties":{"objectid":107103,"statename":"Karnataka","statecode":"29","districtname":"Dakshin Kannada","districtcode":"575","ulbname":"Mangalore","ulbcode":"803181","wardname":"50","wardcode":null,"id":null,"status":"OPEN","misglobalid":null,"approved_by":null,"createdate":1643348825000,"updateddate":null,"globalid":null,"gisglobalid":"RRBnQQQP-cdo5-P65B-QPlQ-5dQd4anoRQn5","remark":"--","st_area(shape)":0.00022102248399208212,"st_perimeter(shape)":0.0920790804097726}},{"arcs":[[149,150,151,152,-147,-144,153]],"type":"Polygon","properties":{"objectid":107547,"statename":"Karnataka","statecode":"29","districtname":"Dakshin Kannada","districtcode":"575","ulbname":"Mangalore","ulbcode":"803181","wardname":"50","wardcode":null,"id":null,"status":"OPEN","misglobalid":null,"approved_by":null,"createdate":1643350713000,"updateddate":null,"globalid":null,"gisglobalid":"5nQa56sK-6sl6-PoKl-QPdl-BBllllPs5sBd","remark":"--","st_area(shape)":0.00022102248399208212,"st_perimeter(shape)":0.0920790804097726}},{"arcs":[[149,150,151,152,-147,-144,153]],"type":"Polygon","properties":{"objectid":107926,"statename":"Karnataka","statecode":"29","districtname":"Dakshin Kannada","districtcode":"575","ulbname":"Mangalore","ulbcode":"803181","wardname":"50","wardcode":null,"id":null,"status":"OPEN","misglobalid":null,"approved_by":null,"createdate":1643350235000,"updateddate":null,"globalid":null,"gisglobalid":"coQmB4da-ocP6-Pldm-Q4P4-ssds5QsPB4sl","remark":"--","st_area(shape)":0.00022102248399208212,"st_perimeter(shape)":0.0920790804097726}},{"arcs":[[149,150,151,152,-147,-144,153]],"type":"Polygon","properties":{"objectid":107938,"statename":"Karnataka","statecode":"29","districtname":"Dakshin Kannada","districtcode":"575","ulbname":"Mangalore","ulbcode":"803181","wardname":"50","wardcode":null,"id":null,"status":"OPEN","misglobalid":null,"approved_by":null,"createdate":1643350523000,"updateddate":null,"globalid":null,"gisglobalid":"KsP6QKBm-Pl4Q-Pc4l-aaoK-dR5cmscR6Ba5","remark":"--","st_area(shape)":0.00022102248399208212,"st_perimeter(shape)":0.0920790804097726}},{"arcs":[[149,150,151,152,-147,-144,153]],"type":"Polygon","properties":{"objectid":107953,"statename":"Karnataka","statecode":"29","districtname":"Dakshin Kannada","districtcode":"575","ulbname":"Mangalore","ulbcode":"803181","wardname":"50","wardcode":null,"id":null,"status":"OPEN","misglobalid":null,"approved_by":null,"createdate":1643350836000,"updateddate":null,"globalid":null,"gisglobalid":"4n5QBBmm-smQ6-PdcR-R4dP-KnacQsPBoQ6n","remark":"--","st_area(shape)":0.00022102248399208212,"st_perimeter(shape)":0.0920790804097726}},{"arcs":[[149,150,151,152,-147,-144,153]],"type":"Polygon","properties":{"objectid":108699,"statename":"Karnataka","statecode":"29","districtname":"Dakshin Kannada","districtcode":"575","ulbname":"Mangalore","ulbcode":"803181","wardname":"50","wardcode":null,"id":null,"status":"OPEN","misglobalid":null,"approved_by":null,"createdate":1643349015000,"updateddate":null,"globalid":null,"gisglobalid":"o6BKKoP4-6nR5-PPBd-QoRo-B4nKPdBaKomd","remark":"--","st_area(shape)":0.00022102248399208212,"st_perimeter(shape)":0.0920790804097726}},{"arcs":[[154,-154,-143,-110,-100,-109,155]],"type":"Polygon","properties":{"objectid":104307,"statename":"Karnataka","statecode":"29","districtname":"Dakshin Kannada","districtcode":"575","ulbname":"Mangalore","ulbcode":"803181","wardname":"51","wardcode":null,"id":null,"status":"OPEN","misglobalid":null,"approved_by":null,"createdate":1643350235000,"updateddate":null,"globalid":null,"gisglobalid":"4BKsssnR-5clB-Psoa-R4cm-s5sPsm6RcdQd","remark":"--","st_area(shape)":0.0002624579220603064,"st_perimeter(shape)":0.08044034417091786}},{"arcs":[[154,-154,-143,-110,-100,-109,155]],"type":"Polygon","properties":{"objectid":107147,"statename":"Karnataka","statecode":"29","districtname":"Dakshin Kannada","districtcode":"575","ulbname":"Mangalore","ulbcode":"803181","wardname":"51","wardcode":null,"id":null,"status":"OPEN","misglobalid":null,"approved_by":null,"createdate":1643350523000,"updateddate":null,"globalid":null,"gisglobalid":"cocssBld-QPs6-PRPo-Q445-odQdacd6nQdR","remark":"--","st_area(shape)":0.0002624579220603064,"st_perimeter(shape)":0.08044034417091786}},{"arcs":[[154,-154,-143,-110,-100,-109,155]],"type":"Polygon","properties":{"objectid":107174,"statename":"Karnataka","statecode":"29","districtname":"Dakshin Kannada","districtcode":"575","ulbname":"Mangalore","ulbcode":"803181","wardname":"51","wardcode":null,"id":null,"status":"OPEN","misglobalid":null,"approved_by":null,"createdate":1643350836000,"updateddate":null,"globalid":null,"gisglobalid":"PPRRm46a-mQBa-PsBl-RdB4-K6a5sa4mQcaR","remark":"--","st_area(shape)":0.0002624579220603064,"st_perimeter(shape)":0.08044034417091786}},{"arcs":[[154,-154,-143,-110,-100,-109,155]],"type":"Polygon","properties":{"objectid":107507,"statename":"Karnataka","statecode":"29","districtname":"Dakshin Kannada","districtcode":"575","ulbname":"Mangalore","ulbcode":"803181","wardname":"51","wardcode":null,"id":null,"status":"OPEN","misglobalid":null,"approved_by":null,"createdate":1643349015000,"updateddate":null,"globalid":null,"gisglobalid":"adBcQRds-5mnP-Pod6-anca-QPBlsdc4s6cc","remark":"--","st_area(shape)":0.0002624579220603064,"st_perimeter(shape)":0.08044034417091786}},{"arcs":[[154,-154,-143,-110,-100,-109,155]],"type":"Polygon","properties":{"objectid":107548,"statename":"Karnataka","statecode":"29","districtname":"Dakshin Kannada","districtcode":"575","ulbname":"Mangalore","ulbcode":"803181","wardname":"51","wardcode":null,"id":null,"status":"OPEN","misglobalid":null,"approved_by":null,"createdate":1643350713000,"updateddate":null,"globalid":null,"gisglobalid":"PolomRac-acs4-PPms-sm6s-m5BllPKcsQ45","remark":"--","st_area(shape)":0.0002624579220603064,"st_perimeter(shape)":0.08044034417091786}},{"arcs":[[154,-154,-143,-110,-100,-109,155]],"type":"Polygon","properties":{"objectid":108306,"statename":"Karnataka","statecode":"29","districtname":"Dakshin Kannada","districtcode":"575","ulbname":"Mangalore","ulbcode":"803181","wardname":"51","wardcode":null,"id":null,"status":"OPEN","misglobalid":null,"approved_by":null,"createdate":1643349840000,"updateddate":null,"globalid":null,"gisglobalid":"5KoBoolB-Ksss-Plnm-Rl6K-4QPaK4KKs4aa","remark":"--","st_area(shape)":0.0002624579220603064,"st_perimeter(shape)":0.08044034417091786}},{"arcs":[[154,-154,-143,-110,-100,-109,155]],"type":"Polygon","properties":{"objectid":108690,"statename":"Karnataka","statecode":"29","districtname":"Dakshin Kannada","districtcode":"575","ulbname":"Mangalore","ulbcode":"803181","wardname":"51","wardcode":null,"id":null,"status":"OPEN","misglobalid":null,"approved_by":null,"createdate":1643348825000,"updateddate":null,"globalid":null,"gisglobalid":"KKaBKlKQ-BcQl-PPla-RKcl-5dcnB5csdm5o","remark":"--","st_area(shape)":0.0002624579220603064,"st_perimeter(shape)":0.08044034417091786}},{"arcs":[[154,-154,-143,-110,-100,-109,155]],"type":"Polygon","properties":{"objectid":108755,"statename":"Karnataka","statecode":"29","districtname":"Dakshin Kannada","districtcode":"575","ulbname":"Mangalore","ulbcode":"803181","wardname":"51","wardcode":null,"id":null,"status":"OPEN","misglobalid":null,"approved_by":null,"createdate":1643350999000,"updateddate":null,"globalid":null,"gisglobalid":"lnPaR6Rm-lKaB-Pm6a-QKos-an4dB4a4nmdR","remark":"--","st_area(shape)":0.0002624579220603064,"st_perimeter(shape)":0.08044034417091786}},{"arcs":[[[156,-150,-155,157]],[[158]]],"type":"MultiPolygon","properties":{"objectid":106344,"statename":"Karnataka","statecode":"29","districtname":"Dakshin Kannada","districtcode":"575","ulbname":"Mangalore","ulbcode":"803181","wardname":"52","wardcode":null,"id":null,"status":"OPEN","misglobalid":null,"approved_by":null,"createdate":1643350836000,"updateddate":null,"globalid":null,"gisglobalid":"6PK6QcPm-nKsm-Poc4-QclR-losBKl4BaclP","remark":"--","st_area(shape)":0.00027315325288427666,"st_perimeter(shape)":0.12092556131923951}},{"arcs":[[[156,-150,-155,157]],[[158]]],"type":"MultiPolygon","properties":{"objectid":107129,"statename":"Karnataka","statecode":"29","districtname":"Dakshin Kannada","districtcode":"575","ulbname":"Mangalore","ulbcode":"803181","wardname":"52","wardcode":null,"id":null,"status":"OPEN","misglobalid":null,"approved_by":null,"createdate":1643350235000,"updateddate":null,"globalid":null,"gisglobalid":"dsn5lKdR-4ocQ-PBsm-alQQ-lodmRB4sB5am","remark":"--","st_area(shape)":0.00027315325288427666,"st_perimeter(shape)":0.12092556131923951}},{"arcs":[[[156,-150,-155,157]],[[158]]],"type":"MultiPolygon","properties":{"objectid":107499,"statename":"Karnataka","statecode":"29","districtname":"Dakshin Kannada","districtcode":"575","ulbname":"Mangalore","ulbcode":"803181","wardname":"52","wardcode":null,"id":null,"status":"OPEN","misglobalid":null,"approved_by":null,"createdate":1643348825000,"updateddate":null,"globalid":null,"gisglobalid":"m5Rc4BKm-4sPQ-Pn4l-RPPn-nsPssacKPoaR","remark":"--","st_area(shape)":0.00027315325288427666,"st_perimeter(shape)":0.12092556131923951}},{"arcs":[[[156,-150,-155,157]],[[158]]],"type":"MultiPolygon","properties":{"objectid":107918,"statename":"Karnataka","statecode":"29","districtname":"Dakshin Kannada","districtcode":"575","ulbname":"Mangalore","ulbcode":"803181","wardname":"52","wardcode":null,"id":null,"status":"OPEN","misglobalid":null,"approved_by":null,"createdate":1643349840000,"updateddate":null,"globalid":null,"gisglobalid":"mKocnlBn-a54o-Pall-RRsl-nlmcB4smn4o4","remark":"--","st_area(shape)":0.00027315325288427666,"st_perimeter(shape)":0.12092556131923951}},{"arcs":[[[156,-150,-155,157]],[[158]]],"type":"MultiPolygon","properties":{"objectid":108320,"statename":"Karnataka","statecode":"29","districtname":"Dakshin Kannada","districtcode":"575","ulbname":"Mangalore","ulbcode":"803181","wardname":"52","wardcode":null,"id":null,"status":"OPEN","misglobalid":null,"approved_by":null,"createdate":1643350523000,"updateddate":null,"globalid":null,"gisglobalid":"dna4ndK6-sssB-PnQd-RRKo-RamcBPmaBBo5","remark":"--","st_area(shape)":0.00027315325288427666,"st_perimeter(shape)":0.12092556131923951}},{"arcs":[[[156,-150,-155,157]],[[158]]],"type":"MultiPolygon","properties":{"objectid":108329,"statename":"Karnataka","statecode":"29","districtname":"Dakshin Kannada","districtcode":"575","ulbname":"Mangalore","ulbcode":"803181","wardname":"52","wardcode":null,"id":null,"status":"OPEN","misglobalid":null,"approved_by":null,"createdate":1643350713000,"updateddate":null,"globalid":null,"gisglobalid":"nPdaPR6s-6ml4-Pal4-ss65-BP4dlPK56B5m","remark":"--","st_area(shape)":0.00027315325288427666,"st_perimeter(shape)":0.12092556131923951}},{"arcs":[[[156,-150,-155,157]],[[158]]],"type":"MultiPolygon","properties":{"objectid":108343,"statename":"Karnataka","statecode":"29","districtname":"Dakshin Kannada","districtcode":"575","ulbname":"Mangalore","ulbcode":"803181","wardname":"52","wardcode":null,"id":null,"status":"OPEN","misglobalid":null,"approved_by":null,"createdate":1643350999000,"updateddate":null,"globalid":null,"gisglobalid":"s4BsmPsR-mBds-PBmo-aBlR-olsRoladdnn5","remark":"--","st_area(shape)":0.00027315325288427666,"st_perimeter(shape)":0.12092556131923951}},{"arcs":[[[156,-150,-155,157]],[[158]]],"type":"MultiPolygon","properties":{"objectid":108701,"statename":"Karnataka","statecode":"29","districtname":"Dakshin Kannada","districtcode":"575","ulbname":"Mangalore","ulbcode":"803181","wardname":"52","wardcode":null,"id":null,"status":"OPEN","misglobalid":null,"approved_by":null,"createdate":1643349015000,"updateddate":null,"globalid":null,"gisglobalid":"66l4Bonl-Klds-Pn4n-sBQ5-ooBnadQBKsca","remark":"--","st_area(shape)":0.00027315325288427666,"st_perimeter(shape)":0.12092556131923951}},{"arcs":[[159,-151,-157]],"type":"Polygon","properties":{"objectid":106350,"statename":"Karnataka","statecode":"29","districtname":"Dakshin Kannada","districtcode":"575","ulbname":"Mangalore","ulbcode":"803181","wardname":"53","wardcode":null,"id":null,"status":"OPEN","misglobalid":null,"approved_by":null,"createdate":1643350999000,"updateddate":null,"globalid":null,"gisglobalid":"QnBsPalc-Rm5B-PRBl-R6cn-Ksld4laBPKds","remark":"--","st_area(shape)":0.0001612390530447475,"st_perimeter(shape)":0.056002613914627325}},{"arcs":[[159,-151,-157]],"type":"Polygon","properties":{"objectid":107127,"statename":"Karnataka","statecode":"29","districtname":"Dakshin Kannada","districtcode":"575","ulbname":"Mangalore","ulbcode":"803181","wardname":"53","wardcode":null,"id":null,"status":"OPEN","misglobalid":null,"approved_by":null,"createdate":1643350235000,"updateddate":null,"globalid":null,"gisglobalid":"P5sRKKRm-nocc-Plmd-s5os-mllKRmPKodBm","remark":"--","st_area(shape)":0.0001612390530447475,"st_perimeter(shape)":0.056002613914627325}},{"arcs":[[159,-151,-157]],"type":"Polygon","properties":{"objectid":107515,"statename":"Karnataka","statecode":"29","districtname":"Dakshin Kannada","districtcode":"575","ulbname":"Mangalore","ulbcode":"803181","wardname":"53","wardcode":null,"id":null,"status":"OPEN","misglobalid":null,"approved_by":null,"createdate":1643349840000,"updateddate":null,"globalid":null,"gisglobalid":"dncodQ5P-4PQm-PdPP-RcRc-ss665asKcdQK","remark":"--","st_area(shape)":0.0001612390530447475,"st_perimeter(shape)":0.056002613914627325}},{"arcs":[[159,-151,-157]],"type":"Polygon","properties":{"objectid":107537,"statename":"Karnataka","statecode":"29","districtname":"Dakshin Kannada","districtcode":"575","ulbname":"Mangalore","ulbcode":"803181","wardname":"53","wardcode":null,"id":null,"status":"OPEN","misglobalid":null,"approved_by":null,"createdate":1643350523000,"updateddate":null,"globalid":null,"gisglobalid":"4lnQKQmQ-nQlm-PdB4-sm5P-QQao6lB4BKcK","remark":"--","st_area(shape)":0.0001612390530447475,"st_perimeter(shape)":0.056002613914627325}},{"arcs":[[159,-151,-157]],"type":"Polygon","properties":{"objectid":107549,"statename":"Karnataka","statecode":"29","districtname":"Dakshin Kannada","districtcode":"575","ulbname":"Mangalore","ulbcode":"803181","wardname":"53","wardcode":null,"id":null,"status":"OPEN","misglobalid":null,"approved_by":null,"createdate":1643350713000,"updateddate":null,"globalid":null,"gisglobalid":"co56lacR-occl-Pmos-sQBl-sRnnRBR56P6K","remark":"--","st_area(shape)":0.0001612390530447475,"st_perimeter(shape)":0.056002613914627325}},{"arcs":[[159,-151,-157]],"type":"Polygon","properties":{"objectid":107906,"statename":"Karnataka","statecode":"29","districtname":"Dakshin Kannada","districtcode":"575","ulbname":"Mangalore","ulbcode":"803181","wardname":"53","wardcode":null,"id":null,"status":"OPEN","misglobalid":null,"approved_by":null,"createdate":1643349015000,"updateddate":null,"globalid":null,"gisglobalid":"c6Q54Q6n-nKBd-P5Qa-RlcQ-m4m6n4Pa5alK","remark":"--","st_area(shape)":0.0001612390530447475,"st_perimeter(shape)":0.056002613914627325}},{"arcs":[[159,-151,-157]],"type":"Polygon","properties":{"objectid":108293,"statename":"Karnataka","statecode":"29","districtname":"Dakshin Kannada","districtcode":"575","ulbname":"Mangalore","ulbcode":"803181","wardname":"53","wardcode":null,"id":null,"status":"OPEN","misglobalid":null,"approved_by":null,"createdate":1643348825000,"updateddate":null,"globalid":null,"gisglobalid":"K66co5ad-4llK-Pddc-sQad-PmmPos6B4PcP","remark":"--","st_area(shape)":0.0001612390530447475,"st_perimeter(shape)":0.056002613914627325}},{"arcs":[[159,-151,-157]],"type":"Polygon","properties":{"objectid":108337,"statename":"Karnataka","statecode":"29","districtname":"Dakshin Kannada","districtcode":"575","ulbname":"Mangalore","ulbcode":"803181","wardname":"53","wardcode":null,"id":null,"status":"OPEN","misglobalid":null,"approved_by":null,"createdate":1643350836000,"updateddate":null,"globalid":null,"gisglobalid":"caddKc6l-lsaK-Ps55-QmnK-4olPRPcKKds5","remark":"--","st_area(shape)":0.0001612390530447475,"st_perimeter(shape)":0.056002613914627325}},{"arcs":[[[-148,-153,160,161,162,-115,-146]],[[163]]],"type":"MultiPolygon","properties":{"objectid":107146,"statename":"Karnataka","statecode":"29","districtname":"Dakshin Kannada","districtcode":"575","ulbname":"Mangalore","ulbcode":"803181","wardname":"54","wardcode":null,"id":null,"status":"OPEN","misglobalid":null,"approved_by":null,"createdate":1643350523000,"updateddate":null,"globalid":null,"gisglobalid":"oB6nmaoP-moaB-PnmK-s6mc-QdodclamlQRl","remark":"--","st_area(shape)":0.00026299947330354857,"st_perimeter(shape)":0.1410508139278575}},{"arcs":[[[-148,-153,160,161,162,-115,-146]],[[163]]],"type":"MultiPolygon","properties":{"objectid":107497,"statename":"Karnataka","statecode":"29","districtname":"Dakshin Kannada","districtcode":"575","ulbname":"Mangalore","ulbcode":"803181","wardname":"54","wardcode":null,"id":null,"status":"OPEN","misglobalid":null,"approved_by":null,"createdate":1643348825000,"updateddate":null,"globalid":null,"gisglobalid":"clldR6a5-aKo5-PsPo-QKcn-lQ6PcaocPPsB","remark":"--","st_area(shape)":0.00026299947330354857,"st_perimeter(shape)":0.1410508139278575}},{"arcs":[[[-148,-153,160,161,162,-115,-146]],[[163]]],"type":"MultiPolygon","properties":{"objectid":107962,"statename":"Karnataka","statecode":"29","districtname":"Dakshin Kannada","districtcode":"575","ulbname":"Mangalore","ulbcode":"803181","wardname":"54","wardcode":null,"id":null,"status":"OPEN","misglobalid":null,"approved_by":null,"createdate":1643350999000,"updateddate":null,"globalid":null,"gisglobalid":"sKoKmQQd-lKKQ-PdBK-asmB-odlaQ4Rc46Kd","remark":"--","st_area(shape)":0.00026299947330354857,"st_perimeter(shape)":0.1410508139278575}},{"arcs":[[[-148,-153,160,161,162,-115,-146]],[[163]]],"type":"MultiPolygon","properties":{"objectid":108303,"statename":"Karnataka","statecode":"29","districtname":"Dakshin Kannada","districtcode":"575","ulbname":"Mangalore","ulbcode":"803181","wardname":"54","wardcode":null,"id":null,"status":"OPEN","misglobalid":null,"approved_by":null,"createdate":1643349840000,"updateddate":null,"globalid":null,"gisglobalid":"oPdancl6-ddRl-PlKa-aBmB-4BonP6lmn5Bo","remark":"--","st_area(shape)":0.00026299947330354857,"st_perimeter(shape)":0.1410508139278575}},{"arcs":[[[-148,-153,160,161,162,-115,-146]],[[163]]],"type":"MultiPolygon","properties":{"objectid":108696,"statename":"Karnataka","statecode":"29","districtname":"Dakshin Kannada","districtcode":"575","ulbname":"Mangalore","ulbcode":"803181","wardname":"54","wardcode":null,"id":null,"status":"OPEN","misglobalid":null,"approved_by":null,"createdate":1643349015000,"updateddate":null,"globalid":null,"gisglobalid":"oQQnK4ll-nKmn-PKa4-aQPB-45aP4sa5Rsol","remark":"--","st_area(shape)":0.00026299947330354857,"st_perimeter(shape)":0.1410508139278575}},{"arcs":[[[-148,-153,160,161,162,-115,-146]],[[163]]],"type":"MultiPolygon","properties":{"objectid":108719,"statename":"Karnataka","statecode":"29","districtname":"Dakshin Kannada","districtcode":"575","ulbname":"Mangalore","ulbcode":"803181","wardname":"54","wardcode":null,"id":null,"status":"OPEN","misglobalid":null,"approved_by":null,"createdate":1643350235000,"updateddate":null,"globalid":null,"gisglobalid":"n4snRQRK-6sPo-P4KK-aKl5-4sda6RQRRlBs","remark":"--","st_area(shape)":0.00026299947330354857,"st_perimeter(shape)":0.1410508139278575}},{"arcs":[[[-148,-153,160,161,162,-115,-146]],[[163]]],"type":"MultiPolygon","properties":{"objectid":108738,"statename":"Karnataka","statecode":"29","districtname":"Dakshin Kannada","districtcode":"575","ulbname":"Mangalore","ulbcode":"803181","wardname":"54","wardcode":null,"id":null,"status":"OPEN","misglobalid":null,"approved_by":null,"createdate":1643350713000,"updateddate":null,"globalid":null,"gisglobalid":"mP646lcn-QRcn-Psnn-RaPK-BR6c5cc6B5ac","remark":"--","st_area(shape)":0.00026299947330354857,"st_perimeter(shape)":0.1410508139278575}},{"arcs":[[[-148,-153,160,161,162,-115,-146]],[[163]]],"type":"MultiPolygon","properties":{"objectid":108744,"statename":"Karnataka","statecode":"29","districtname":"Dakshin Kannada","districtcode":"575","ulbname":"Mangalore","ulbcode":"803181","wardname":"54","wardcode":null,"id":null,"status":"OPEN","misglobalid":null,"approved_by":null,"createdate":1643350836000,"updateddate":null,"globalid":null,"gisglobalid":"6QKaRnQ4-lQnR-Pad5-aac4-BoadPdoKa6ad","remark":"--","st_area(shape)":0.00026299947330354857,"st_perimeter(shape)":0.1410508139278575}},{"arcs":[[-117,164,-162,165,166,167,-140,-142]],"type":"Polygon","properties":{"objectid":105109,"statename":"Karnataka","statecode":"29","districtname":"Dakshin Kannada","districtcode":"575","ulbname":"Mangalore","ulbcode":"803181","wardname":"55","wardcode":null,"id":null,"status":"OPEN","misglobalid":null,"approved_by":null,"createdate":1643350235000,"updateddate":null,"globalid":null,"gisglobalid":"QaP6nPs6-lBQ5-PB6P-sBll-KsccK4dlR5oa","remark":"--","st_area(shape)":0.00009008131671901539,"st_perimeter(shape)":0.06466880371662596}},{"arcs":[[-117,164,-162,165,166,167,-140,-142]],"type":"Polygon","properties":{"objectid":107894,"statename":"Karnataka","statecode":"29","districtname":"Dakshin Kannada","districtcode":"575","ulbname":"Mangalore","ulbcode":"803181","wardname":"55","wardcode":null,"id":null,"status":"OPEN","misglobalid":null,"approved_by":null,"createdate":1643348825000,"updateddate":null,"globalid":null,"gisglobalid":"QlKlKsds-nK6o-P5Ks-saa4-RdQ45Qdd5PoR","remark":"--","st_area(shape)":0.00009008131671901539,"st_perimeter(shape)":0.06466880371662596}},{"arcs":[[-117,164,-162,165,166,167,-140,-142]],"type":"Polygon","properties":{"objectid":107905,"statename":"Karnataka","statecode":"29","districtname":"Dakshin Kannada","districtcode":"575","ulbname":"Mangalore","ulbcode":"803181","wardname":"55","wardcode":null,"id":null,"status":"OPEN","misglobalid":null,"approved_by":null,"createdate":1643349015000,"updateddate":null,"globalid":null,"gisglobalid":"BnRloRmn-oBln-PR6l-QoRQ-Bnac4dBnmKR5","remark":"--","st_area(shape)":0.00009008131671901539,"st_perimeter(shape)":0.06466880371662596}},{"arcs":[[-117,164,-162,165,166,167,-140,-142]],"type":"Polygon","properties":{"objectid":107940,"statename":"Karnataka","statecode":"29","districtname":"Dakshin Kannada","districtcode":"575","ulbname":"Mangalore","ulbcode":"803181","wardname":"55","wardcode":null,"id":null,"status":"OPEN","misglobalid":null,"approved_by":null,"createdate":1643350523000,"updateddate":null,"globalid":null,"gisglobalid":"546lmoRP-5lal-PKQQ-Qnd5-mlmKssaRccmo","remark":"--","st_area(shape)":0.00009008131671901539,"st_perimeter(shape)":0.06466880371662596}},{"arcs":[[-117,164,-162,165,166,167,-140,-142]],"type":"Polygon","properties":{"objectid":108328,"statename":"Karnataka","statecode":"29","districtname":"Dakshin Kannada","districtcode":"575","ulbname":"Mangalore","ulbcode":"803181","wardname":"55","wardcode":null,"id":null,"status":"OPEN","misglobalid":null,"approved_by":null,"createdate":1643350713000,"updateddate":null,"globalid":null,"gisglobalid":"BmlRK6l4-4sn5-PQaa-aBd4-6RQs66P5la45","remark":"--","st_area(shape)":0.00009008131671901539,"st_perimeter(shape)":0.06466880371662596}},{"arcs":[[-117,164,-162,165,166,167,-140,-142]],"type":"Polygon","properties":{"objectid":108341,"statename":"Karnataka","statecode":"29","districtname":"Dakshin Kannada","districtcode":"575","ulbname":"Mangalore","ulbcode":"803181","wardname":"55","wardcode":null,"id":null,"status":"OPEN","misglobalid":null,"approved_by":null,"createdate":1643350999000,"updateddate":null,"globalid":null,"gisglobalid":"QQRcB5Pn-B4ml-PPdo-sBod-l45m5sRP6ndo","remark":"--","st_area(shape)":0.00009008131671901539,"st_perimeter(shape)":0.06466880371662596}},{"arcs":[[-117,164,-162,165,166,167,-140,-142]],"type":"Polygon","properties":{"objectid":108709,"statename":"Karnataka","statecode":"29","districtname":"Dakshin Kannada","districtcode":"575","ulbname":"Mangalore","ulbcode":"803181","wardname":"55","wardcode":null,"id":null,"status":"OPEN","misglobalid":null,"approved_by":null,"createdate":1643349840000,"updateddate":null,"globalid":null,"gisglobalid":"cPccB5od-aR6s-PPnR-QPs5-4Q6oRKsaQRcd","remark":"--","st_area(shape)":0.00009008131671901539,"st_perimeter(shape)":0.06466880371662596}},{"arcs":[[-117,164,-162,165,166,167,-140,-142]],"type":"Polygon","properties":{"objectid":108745,"statename":"Karnataka","statecode":"29","districtname":"Dakshin Kannada","districtcode":"575","ulbname":"Mangalore","ulbcode":"803181","wardname":"55","wardcode":null,"id":null,"status":"OPEN","misglobalid":null,"approved_by":null,"createdate":1643350836000,"updateddate":null,"globalid":null,"gisglobalid":"6aKsoamB-Kass-P5l6-QP6n-4scP4RndsKmc","remark":"--","st_area(shape)":0.00009008131671901539,"st_perimeter(shape)":0.06466880371662596}},{"arcs":[[-168,168,169,-135,-141]],"type":"Polygon","properties":{"objectid":105095,"statename":"Karnataka","statecode":"29","districtname":"Dakshin Kannada","districtcode":"575","ulbname":"Mangalore","ulbcode":"803181","wardname":"56","wardcode":null,"id":null,"status":"OPEN","misglobalid":null,"approved_by":null,"createdate":1643349015000,"updateddate":null,"globalid":null,"gisglobalid":"osPnK65c-K6R4-Pd56-aBmB-dlamBnnam66K","remark":"--","st_area(shape)":0.00006656424558707114,"st_perimeter(shape)":0.04934156603294969}},{"arcs":[[-168,168,169,-135,-141]],"type":"Polygon","properties":{"objectid":105120,"statename":"Karnataka","statecode":"29","districtname":"Dakshin Kannada","districtcode":"575","ulbname":"Mangalore","ulbcode":"803181","wardname":"56","wardcode":null,"id":null,"status":"OPEN","misglobalid":null,"approved_by":null,"createdate":1643350713000,"updateddate":null,"globalid":null,"gisglobalid":"lc5oc6cQ-P5Ba-Psm6-RmcP-5nodKs5moRoB","remark":"--","st_area(shape)":0.00006656424558707114,"st_perimeter(shape)":0.04934156603294969}},{"arcs":[[-168,168,169,-135,-141]],"type":"Polygon","properties":{"objectid":107100,"statename":"Karnataka","statecode":"29","districtname":"Dakshin Kannada","districtcode":"575","ulbname":"Mangalore","ulbcode":"803181","wardname":"56","wardcode":null,"id":null,"status":"OPEN","misglobalid":null,"approved_by":null,"createdate":1643348825000,"updateddate":null,"globalid":null,"gisglobalid":"PlPoc4nR-4Kcl-P4R6-RcaB-nsQKc6oKcP5s","remark":"--","st_area(shape)":0.00006656424558707114,"st_perimeter(shape)":0.04934156603294969}},{"arcs":[[-168,168,169,-135,-141]],"type":"Polygon","properties":{"objectid":107126,"statename":"Karnataka","statecode":"29","districtname":"Dakshin Kannada","districtcode":"575","ulbname":"Mangalore","ulbcode":"803181","wardname":"56","wardcode":null,"id":null,"status":"OPEN","misglobalid":null,"approved_by":null,"createdate":1643350235000,"updateddate":null,"globalid":null,"gisglobalid":"4KB4cola-QnRl-PdPs-Q5ll-QRmKscBcRll6","remark":"--","st_area(shape)":0.00006656424558707114,"st_perimeter(shape)":0.04934156603294969}},{"arcs":[[-168,168,169,-135,-141]],"type":"Polygon","properties":{"objectid":107184,"statename":"Karnataka","statecode":"29","districtname":"Dakshin Kannada","districtcode":"575","ulbname":"Mangalore","ulbcode":"803181","wardname":"56","wardcode":null,"id":null,"status":"OPEN","misglobalid":null,"approved_by":null,"createdate":1643350999000,"updateddate":null,"globalid":null,"gisglobalid":"4BK4455m-dPaa-PRdm-Q4oK-laPK6aacQm6K","remark":"--","st_area(shape)":0.00006656424558707114,"st_perimeter(shape)":0.04934156603294969}},{"arcs":[[-168,168,169,-135,-141]],"type":"Polygon","properties":{"objectid":107942,"statename":"Karnataka","statecode":"29","districtname":"Dakshin Kannada","districtcode":"575","ulbname":"Mangalore","ulbcode":"803181","wardname":"56","wardcode":null,"id":null,"status":"OPEN","misglobalid":null,"approved_by":null,"createdate":1643350523000,"updateddate":null,"globalid":null,"gisglobalid":"5BKsmQod-Rl4P-Pamm-QKKc-QmlR4sc5QmQs","remark":"--","st_area(shape)":0.00006656424558707114,"st_perimeter(shape)":0.04934156603294969}},{"arcs":[[-168,168,169,-135,-141]],"type":"Polygon","properties":{"objectid":108302,"statename":"Karnataka","statecode":"29","districtname":"Dakshin Kannada","districtcode":"575","ulbname":"Mangalore","ulbcode":"803181","wardname":"56","wardcode":null,"id":null,"status":"OPEN","misglobalid":null,"approved_by":null,"createdate":1643349840000,"updateddate":null,"globalid":null,"gisglobalid":"mnlK4sPl-KB4R-PQnQ-QP6P-nBnsaRB65nlR","remark":"--","st_area(shape)":0.00006656424558707114,"st_perimeter(shape)":0.04934156603294969}},{"arcs":[[-168,168,169,-135,-141]],"type":"Polygon","properties":{"objectid":108743,"statename":"Karnataka","statecode":"29","districtname":"Dakshin Kannada","districtcode":"575","ulbname":"Mangalore","ulbcode":"803181","wardname":"56","wardcode":null,"id":null,"status":"OPEN","misglobalid":null,"approved_by":null,"createdate":1643350836000,"updateddate":null,"globalid":null,"gisglobalid":"sBmsdKdl-naPs-Plnl-aKan-s455KPmRPd6a","remark":"--","st_area(shape)":0.00006656424558707114,"st_perimeter(shape)":0.04934156603294969}},{"arcs":[[-170,170,171,-136]],"type":"Polygon","properties":{"objectid":105100,"statename":"Karnataka","statecode":"29","districtname":"Dakshin Kannada","districtcode":"575","ulbname":"Mangalore","ulbcode":"803181","wardname":"57","wardcode":null,"id":null,"status":"OPEN","misglobalid":null,"approved_by":null,"createdate":1643349015000,"updateddate":null,"globalid":null,"gisglobalid":"l4o4BoQR-BsnQ-PQRQ-ssdc-PsdKslBRQol5","remark":"--","st_area(shape)":0.000053796686818001206,"st_perimeter(shape)":0.043150065447185075}},{"arcs":[[-170,170,171,-136]],"type":"Polygon","properties":{"objectid":106317,"statename":"Karnataka","statecode":"29","districtname":"Dakshin Kannada","districtcode":"575","ulbname":"Mangalore","ulbcode":"803181","wardname":"57","wardcode":null,"id":null,"status":"OPEN","misglobalid":null,"approved_by":null,"createdate":1643350235000,"updateddate":null,"globalid":null,"gisglobalid":"RP65PBlP-looa-Psc4-ad54-4sdmnnBRdmas","remark":"--","st_area(shape)":0.000053796686818001206,"st_perimeter(shape)":0.043150065447185075}},{"arcs":[[-170,170,171,-136]],"type":"Polygon","properties":{"objectid":106338,"statename":"Karnataka","statecode":"29","districtname":"Dakshin Kannada","districtcode":"575","ulbname":"Mangalore","ulbcode":"803181","wardname":"57","wardcode":null,"id":null,"status":"OPEN","misglobalid":null,"approved_by":null,"createdate":1643350713000,"updateddate":null,"globalid":null,"gisglobalid":"PK4m6Ksn-4cPB-P6cd-QaPo-cBsPa6omPmo5","remark":"--","st_area(shape)":0.000053796686818001206,"st_perimeter(shape)":0.043150065447185075}},{"arcs":[[-170,170,171,-136]],"type":"Polygon","properties":{"objectid":107121,"statename":"Karnataka","statecode":"29","districtname":"Dakshin Kannada","districtcode":"575","ulbname":"Mangalore","ulbcode":"803181","wardname":"57","wardcode":null,"id":null,"status":"OPEN","misglobalid":null,"approved_by":null,"createdate":1643349840000,"updateddate":null,"globalid":null,"gisglobalid":"mdPPRPls-dldK-PlPl-QPl6-Boso4556Bdo4","remark":"--","st_area(shape)":0.000053796686818001206,"st_perimeter(shape)":0.043150065447185075}},{"arcs":[[-170,170,171,-136]],"type":"Polygon","properties":{"objectid":107560,"statename":"Karnataka","statecode":"29","districtname":"Dakshin Kannada","districtcode":"575","ulbname":"Mangalore","ulbcode":"803181","wardname":"57","wardcode":null,"id":null,"status":"OPEN","misglobalid":null,"approved_by":null,"createdate":1643350836000,"updateddate":null,"globalid":null,"gisglobalid":"4B5c6a44-RKaP-PPsn-saal-QQKQBaP4lKRl","remark":"--","st_area(shape)":0.000053796686818001206,"st_perimeter(shape)":0.043150065447185075}},{"arcs":[[-170,170,171,-136]],"type":"Polygon","properties":{"objectid":107936,"statename":"Karnataka","statecode":"29","districtname":"Dakshin Kannada","districtcode":"575","ulbname":"Mangalore","ulbcode":"803181","wardname":"57","wardcode":null,"id":null,"status":"OPEN","misglobalid":null,"approved_by":null,"createdate":1643350523000,"updateddate":null,"globalid":null,"gisglobalid":"5c4d6Qo6-Ko6o-PPon-smB6-QlsQsmnlRRac","remark":"--","st_area(shape)":0.000053796686818001206,"st_perimeter(shape)":0.043150065447185075}},{"arcs":[[-170,170,171,-136]],"type":"Polygon","properties":{"objectid":107965,"statename":"Karnataka","statecode":"29","districtname":"Dakshin Kannada","districtcode":"575","ulbname":"Mangalore","ulbcode":"803181","wardname":"57","wardcode":null,"id":null,"status":"OPEN","misglobalid":null,"approved_by":null,"createdate":1643350999000,"updateddate":null,"globalid":null,"gisglobalid":"QsPBQ45P-nQBc-PnsP-RRKP-K54nacdo4cl5","remark":"--","st_area(shape)":0.000053796686818001206,"st_perimeter(shape)":0.043150065447185075}},{"arcs":[[-170,170,171,-136]],"type":"Polygon","properties":{"objectid":108294,"statename":"Karnataka","statecode":"29","districtname":"Dakshin Kannada","districtcode":"575","ulbname":"Mangalore","ulbcode":"803181","wardname":"57","wardcode":null,"id":null,"status":"OPEN","misglobalid":null,"approved_by":null,"createdate":1643348825000,"updateddate":null,"globalid":null,"gisglobalid":"4odcnc6P-KPRB-PaQa-sdaK-aRm6BRRndldQ","remark":"--","st_area(shape)":0.000053796686818001206,"st_perimeter(shape)":0.043150065447185075}},{"arcs":[[-167,172,-171,-169]],"type":"Polygon","properties":{"objectid":104299,"statename":"Karnataka","statecode":"29","districtname":"Dakshin Kannada","districtcode":"575","ulbname":"Mangalore","ulbcode":"803181","wardname":"58","wardcode":null,"id":null,"status":"OPEN","misglobalid":null,"approved_by":null,"createdate":1643349015000,"updateddate":null,"globalid":null,"gisglobalid":"amlKcKRc-BQml-P5n6-RdRo-ss5BoQdlao5o","remark":"--","st_area(shape)":0.00005846393726314342,"st_perimeter(shape)":0.04463360746807482}},{"arcs":[[-167,172,-171,-169]],"type":"Polygon","properties":{"objectid":105112,"statename":"Karnataka","statecode":"29","districtname":"Dakshin Kannada","districtcode":"575","ulbname":"Mangalore","ulbcode":"803181","wardname":"58","wardcode":null,"id":null,"status":"OPEN","misglobalid":null,"approved_by":null,"createdate":1643350523000,"updateddate":null,"globalid":null,"gisglobalid":"K6P55BRm-oKca-Pnoa-Roln-dPls4QKl4cod","remark":"--","st_area(shape)":0.00005846393726314342,"st_perimeter(shape)":0.04463360746807482}},{"arcs":[[-167,172,-171,-169]],"type":"Polygon","properties":{"objectid":106343,"statename":"Karnataka","statecode":"29","districtname":"Dakshin Kannada","districtcode":"575","ulbname":"Mangalore","ulbcode":"803181","wardname":"58","wardcode":null,"id":null,"status":"OPEN","misglobalid":null,"approved_by":null,"createdate":1643350836000,"updateddate":null,"globalid":null,"gisglobalid":"dssBl5od-mm6P-PlP4-Ro6o-PcRa6B6PKoBa","remark":"--","st_area(shape)":0.00005846393726314342,"st_perimeter(shape)":0.04463360746807482}},{"arcs":[[-167,172,-171,-169]],"type":"Polygon","properties":{"objectid":107185,"statename":"Karnataka","statecode":"29","districtname":"Dakshin Kannada","districtcode":"575","ulbname":"Mangalore","ulbcode":"803181","wardname":"58","wardcode":null,"id":null,"status":"OPEN","misglobalid":null,"approved_by":null,"createdate":1643350999000,"updateddate":null,"globalid":null,"gisglobalid":"l6R5adsa-K4lR-Pmc5-aRma-nmRn6alloK6K","remark":"--","st_area(shape)":0.00005846393726314342,"st_perimeter(shape)":0.04463360746807482}},{"arcs":[[-167,172,-171,-169]],"type":"Polygon","properties":{"objectid":107514,"statename":"Karnataka","statecode":"29","districtname":"Dakshin Kannada","districtcode":"575","ulbname":"Mangalore","ulbcode":"803181","wardname":"58","wardcode":null,"id":null,"status":"OPEN","misglobalid":null,"approved_by":null,"createdate":1643349840000,"updateddate":null,"globalid":null,"gisglobalid":"l4mQKsQ6-BosK-PcRP-a64a-s5llBnladldo","remark":"--","st_area(shape)":0.00005846393726314342,"st_perimeter(shape)":0.04463360746807482}},{"arcs":[[-167,172,-171,-169]],"type":"Polygon","properties":{"objectid":107526,"statename":"Karnataka","statecode":"29","districtname":"Dakshin Kannada","districtcode":"575","ulbname":"Mangalore","ulbcode":"803181","wardname":"58","wardcode":null,"id":null,"status":"OPEN","misglobalid":null,"approved_by":null,"createdate":1643350235000,"updateddate":null,"globalid":null,"gisglobalid":"clBl66am-lnK4-PB65-RQRK-n5sKnsBQmKcR","remark":"--","st_area(shape)":0.00005846393726314342,"st_perimeter(shape)":0.04463360746807482}},{"arcs":[[-167,172,-171,-169]],"type":"Polygon","properties":{"objectid":107895,"statename":"Karnataka","statecode":"29","districtname":"Dakshin Kannada","districtcode":"575","ulbname":"Mangalore","ulbcode":"803181","wardname":"58","wardcode":null,"id":null,"status":"OPEN","misglobalid":null,"approved_by":null,"createdate":1643348825000,"updateddate":null,"globalid":null,"gisglobalid":"PBdBsanm-loRd-PQn4-QdcB-cKo4am5maPl5","remark":"--","st_area(shape)":0.00005846393726314342,"st_perimeter(shape)":0.04463360746807482}},{"arcs":[[-167,172,-171,-169]],"type":"Polygon","properties":{"objectid":108739,"statename":"Karnataka","statecode":"29","districtname":"Dakshin Kannada","districtcode":"575","ulbname":"Mangalore","ulbcode":"803181","wardname":"58","wardcode":null,"id":null,"status":"OPEN","misglobalid":null,"approved_by":null,"createdate":1643350713000,"updateddate":null,"globalid":null,"gisglobalid":"aadmRsQa-6Ra6-PQoR-aadm-lco6nPs4KBR4","remark":"--","st_area(shape)":0.00005846393726314342,"st_perimeter(shape)":0.04463360746807482}},{"arcs":[[-163,-165,-116]],"type":"Polygon","properties":{"objectid":104312,"statename":"Karnataka","statecode":"29","districtname":"Dakshin Kannada","districtcode":"575","ulbname":"Mangalore","ulbcode":"803181","wardname":"59","wardcode":null,"id":null,"status":"OPEN","misglobalid":null,"approved_by":null,"createdate":1643350713000,"updateddate":null,"globalid":null,"gisglobalid":"RndKnB4n-cPa4-Pnam-ao5n-4R6sBlK5dsPd","remark":"--","st_area(shape)":0.00005528749008038115,"st_perimeter(shape)":0.03871225787397311}},{"arcs":[[-163,-165,-116]],"type":"Polygon","properties":{"objectid":104315,"statename":"Karnataka","statecode":"29","districtname":"Dakshin Kannada","districtcode":"575","ulbname":"Mangalore","ulbcode":"803181","wardname":"59","wardcode":null,"id":null,"status":"OPEN","misglobalid":null,"approved_by":null,"createdate":1643350836000,"updateddate":null,"globalid":null,"gisglobalid":"6osmQncs-nlmo-P45l-sQ55-ccdPRo5Rms44","remark":"--","st_area(shape)":0.00005528749008038115,"st_perimeter(shape)":0.03871225787397311}},{"arcs":[[-163,-165,-116]],"type":"Polygon","properties":{"objectid":105107,"statename":"Karnataka","statecode":"29","districtname":"Dakshin Kannada","districtcode":"575","ulbname":"Mangalore","ulbcode":"803181","wardname":"59","wardcode":null,"id":null,"status":"OPEN","misglobalid":null,"approved_by":null,"createdate":1643350235000,"updateddate":null,"globalid":null,"gisglobalid":"cnl6BPoa-oacs-P4BR-aR4d-c5dln445QmsR","remark":"--","st_area(shape)":0.00005528749008038115,"st_perimeter(shape)":0.03871225787397311}},{"arcs":[[-163,-165,-116]],"type":"Polygon","properties":{"objectid":107143,"statename":"Karnataka","statecode":"29","districtname":"Dakshin Kannada","districtcode":"575","ulbname":"Mangalore","ulbcode":"803181","wardname":"59","wardcode":null,"id":null,"status":"OPEN","misglobalid":null,"approved_by":null,"createdate":1643350523000,"updateddate":null,"globalid":null,"gisglobalid":"BQ6Pn6Qs-mQQR-PaBm-QanB-mnssPdcKmB65","remark":"--","st_area(shape)":0.00005528749008038115,"st_perimeter(shape)":0.03871225787397311}},{"arcs":[[-163,-165,-116]],"type":"Polygon","properties":{"objectid":107562,"statename":"Karnataka","statecode":"29","districtname":"Dakshin Kannada","districtcode":"575","ulbname":"Mangalore","ulbcode":"803181","wardname":"59","wardcode":null,"id":null,"status":"OPEN","misglobalid":null,"approved_by":null,"createdate":1643350999000,"updateddate":null,"globalid":null,"gisglobalid":"nR54coBm-6B5P-P4a4-RmcP-Boosoan6RnB4","remark":"--","st_area(shape)":0.00005528749008038115,"st_perimeter(shape)":0.03871225787397311}},{"arcs":[[-163,-165,-116]],"type":"Polygon","properties":{"objectid":107912,"statename":"Karnataka","statecode":"29","districtname":"Dakshin Kannada","districtcode":"575","ulbname":"Mangalore","ulbcode":"803181","wardname":"59","wardcode":null,"id":null,"status":"OPEN","misglobalid":null,"approved_by":null,"createdate":1643349840000,"updateddate":null,"globalid":null,"gisglobalid":"sB5PQlQ4-c66P-PmKR-sdoP-66sQmK6oB4ac","remark":"--","st_area(shape)":0.00005528749008038115,"st_perimeter(shape)":0.03871225787397311}},{"arcs":[[-163,-165,-116]],"type":"Polygon","properties":{"objectid":108295,"statename":"Karnataka","statecode":"29","districtname":"Dakshin Kannada","districtcode":"575","ulbname":"Mangalore","ulbcode":"803181","wardname":"59","wardcode":null,"id":null,"status":"OPEN","misglobalid":null,"approved_by":null,"createdate":1643349014000,"updateddate":null,"globalid":null,"gisglobalid":"PnnPB55c-m44P-P4lQ-QoQR-mRBPK4QRB4aB","remark":"--","st_area(shape)":0.00005528749008038115,"st_perimeter(shape)":0.03871225787397311}},{"arcs":[[-163,-165,-116]],"type":"Polygon","properties":{"objectid":108688,"statename":"Karnataka","statecode":"29","districtname":"Dakshin Kannada","districtcode":"575","ulbname":"Mangalore","ulbcode":"803181","wardname":"59","wardcode":null,"id":null,"status":"OPEN","misglobalid":null,"approved_by":null,"createdate":1643348825000,"updateddate":null,"globalid":null,"gisglobalid":"l5o5Km4R-Qldm-Pd64-R6nB-sdB5mcPBsa64","remark":"--","st_area(shape)":0.00005528749008038115,"st_perimeter(shape)":0.03871225787397311}},{"arcs":[[-119,-87,173,174,175,-52,-149]],"type":"Polygon","properties":{"objectid":105132,"statename":"Karnataka","statecode":"29","districtname":"Dakshin Kannada","districtcode":"575","ulbname":"Mangalore","ulbcode":"803181","wardname":"6","wardcode":null,"id":null,"status":"OPEN","misglobalid":null,"approved_by":null,"createdate":1643350836000,"updateddate":null,"globalid":null,"gisglobalid":"Q5mclQms-oads-PPRs-sQPQ-mKloPQasmPmn","remark":"--","st_area(shape)":0.00025768038165482356,"st_perimeter(shape)":0.09129196430291832}},{"arcs":[[-119,-87,173,174,175,-52,-149]],"type":"Polygon","properties":{"objectid":105138,"statename":"Karnataka","statecode":"29","districtname":"Dakshin Kannada","districtcode":"575","ulbname":"Mangalore","ulbcode":"803181","wardname":"6","wardcode":null,"id":null,"status":"OPEN","misglobalid":null,"approved_by":null,"createdate":1643350999000,"updateddate":null,"globalid":null,"gisglobalid":"6omPo5aR-mssQ-PmaQ-RmcQ-cnsclBdsPlRR","remark":"--","st_area(shape)":0.00025768038165482356,"st_perimeter(shape)":0.09129196430291832}},{"arcs":[[-119,-87,173,174,175,-52,-149]],"type":"Polygon","properties":{"objectid":107134,"statename":"Karnataka","statecode":"29","districtname":"Dakshin Kannada","districtcode":"575","ulbname":"Mangalore","ulbcode":"803181","wardname":"6","wardcode":null,"id":null,"status":"OPEN","misglobalid":null,"approved_by":null,"createdate":1643350235000,"updateddate":null,"globalid":null,"gisglobalid":"m54o446l-nKP6-Pmso-s4ms-s6cRoP5csosB","remark":"--","st_area(shape)":0.00025768038165482356,"st_perimeter(shape)":0.09129196430291832}},{"arcs":[[-119,-87,173,174,175,-52,-149]],"type":"Polygon","properties":{"objectid":107508,"statename":"Karnataka","statecode":"29","districtname":"Dakshin Kannada","districtcode":"575","ulbname":"Mangalore","ulbcode":"803181","wardname":"6","wardcode":null,"id":null,"status":"OPEN","misglobalid":null,"approved_by":null,"createdate":1643349015000,"updateddate":null,"globalid":null,"gisglobalid":"nKaP4Ksm-KKKl-PcoR-RccP-P66mPRlnK6BP","remark":"--","st_area(shape)":0.00025768038165482356,"st_perimeter(shape)":0.09129196430291832}},{"arcs":[[-119,-87,173,174,175,-52,-149]],"type":"Polygon","properties":{"objectid":107551,"statename":"Karnataka","statecode":"29","districtname":"Dakshin Kannada","districtcode":"575","ulbname":"Mangalore","ulbcode":"803181","wardname":"6","wardcode":null,"id":null,"status":"OPEN","misglobalid":null,"approved_by":null,"createdate":1643350713000,"updateddate":null,"globalid":null,"gisglobalid":"c5BcdonK-QB4n-P5PR-aPoo-aRad65moQsa4","remark":"--","st_area(shape)":0.00025768038165482356,"st_perimeter(shape)":0.09129196430291832}},{"arcs":[[-119,-87,173,174,175,-52,-149]],"type":"Polygon","properties":{"objectid":107935,"statename":"Karnataka","statecode":"29","districtname":"Dakshin Kannada","districtcode":"575","ulbname":"Mangalore","ulbcode":"803181","wardname":"6","wardcode":null,"id":null,"status":"OPEN","misglobalid":null,"approved_by":null,"createdate":1643350523000,"updateddate":null,"globalid":null,"gisglobalid":"BK6R5d4d-sBRR-Ps5m-Qslo-Bocs4mcK6Rnm","remark":"--","st_area(shape)":0.00025768038165482356,"st_perimeter(shape)":0.09129196430291832}},{"arcs":[[-119,-87,173,174,175,-52,-149]],"type":"Polygon","properties":{"objectid":108309,"statename":"Karnataka","statecode":"29","districtname":"Dakshin Kannada","districtcode":"575","ulbname":"Mangalore","ulbcode":"803181","wardname":"6","wardcode":null,"id":null,"status":"OPEN","misglobalid":null,"approved_by":null,"createdate":1643349840000,"updateddate":null,"globalid":null,"gisglobalid":"Q6ocnnPl-ndnc-Plal-sdaR-sR565R6R4od5","remark":"--","st_area(shape)":0.00025768038165482356,"st_perimeter(shape)":0.09129196430291832}},{"arcs":[[-119,-87,173,174,175,-52,-149]],"type":"Polygon","properties":{"objectid":108693,"statename":"Karnataka","statecode":"29","districtname":"Dakshin Kannada","districtcode":"575","ulbname":"Mangalore","ulbcode":"803181","wardname":"6","wardcode":null,"id":null,"status":"OPEN","misglobalid":null,"approved_by":null,"createdate":1643348825000,"updateddate":null,"globalid":null,"gisglobalid":"BoPRslB5-PaQB-Pacc-a5lP-oKcRmdKdlQml","remark":"--","st_area(shape)":0.00025768038165482356,"st_perimeter(shape)":0.09129196430291832}},{"arcs":[[-138,176,-18,-133]],"type":"Polygon","properties":{"objectid":106328,"statename":"Karnataka","statecode":"29","districtname":"Dakshin Kannada","districtcode":"575","ulbname":"Mangalore","ulbcode":"803181","wardname":"60","wardcode":null,"id":null,"status":"OPEN","misglobalid":null,"approved_by":null,"createdate":1643350523000,"updateddate":null,"globalid":null,"gisglobalid":"s6a4B4KQ-5dsc-Plsa-Ro55-soms5QPQsRcK","remark":"--","st_area(shape)":0.00012345190462980033,"st_perimeter(shape)":0.05220792072670264}},{"arcs":[[-138,176,-18,-133]],"type":"Polygon","properties":{"objectid":107114,"statename":"Karnataka","statecode":"29","districtname":"Dakshin Kannada","districtcode":"575","ulbname":"Mangalore","ulbcode":"803181","wardname":"60","wardcode":null,"id":null,"status":"OPEN","misglobalid":null,"approved_by":null,"createdate":1643349840000,"updateddate":null,"globalid":null,"gisglobalid":"K5ns5aBl-somm-P6al-Q54Q-oBsoRoPssRaQ","remark":"--","st_area(shape)":0.00012345190462980033,"st_perimeter(shape)":0.05220792072670264}},{"arcs":[[-138,176,-18,-133]],"type":"Polygon","properties":{"objectid":107170,"statename":"Karnataka","statecode":"29","districtname":"Dakshin Kannada","districtcode":"575","ulbname":"Mangalore","ulbcode":"803181","wardname":"60","wardcode":null,"id":null,"status":"OPEN","misglobalid":null,"approved_by":null,"createdate":1643350836000,"updateddate":null,"globalid":null,"gisglobalid":"QcK4PRKB-saQa-PQ5d-RR5c-aaB5ooBm5RoR","remark":"--","st_area(shape)":0.00012345190462980033,"st_perimeter(shape)":0.05220792072670264}},{"arcs":[[-138,176,-18,-133]],"type":"Polygon","properties":{"objectid":107505,"statename":"Karnataka","statecode":"29","districtname":"Dakshin Kannada","districtcode":"575","ulbname":"Mangalore","ulbcode":"803181","wardname":"60","wardcode":null,"id":null,"status":"OPEN","misglobalid":null,"approved_by":null,"createdate":1643349015000,"updateddate":null,"globalid":null,"gisglobalid":"QcnRdlso-sR5s-PBRP-Ro5P-Rcm6dQsBsoQn","remark":"--","st_area(shape)":0.00012345190462980033,"st_perimeter(shape)":0.05220792072670264}},{"arcs":[[-138,176,-18,-133]],"type":"Polygon","properties":{"objectid":107545,"statename":"Karnataka","statecode":"29","districtname":"Dakshin Kannada","districtcode":"575","ulbname":"Mangalore","ulbcode":"803181","wardname":"60","wardcode":null,"id":null,"status":"OPEN","misglobalid":null,"approved_by":null,"createdate":1643350713000,"updateddate":null,"globalid":null,"gisglobalid":"4RdB665K-mssd-Plml-s5lP-RdcPno5dmcB6","remark":"--","st_area(shape)":0.00012345190462980033,"st_perimeter(shape)":0.05220792072670264}},{"arcs":[[-138,176,-18,-133]],"type":"Polygon","properties":{"objectid":107893,"statename":"Karnataka","statecode":"29","districtname":"Dakshin Kannada","districtcode":"575","ulbname":"Mangalore","ulbcode":"803181","wardname":"60","wardcode":null,"id":null,"status":"OPEN","misglobalid":null,"approved_by":null,"createdate":1643348825000,"updateddate":null,"globalid":null,"gisglobalid":"ossmBmQ4-PQ6P-P5oP-ssos-KKo44QRmcoo6","remark":"--","st_area(shape)":0.00012345190462980033,"st_perimeter(shape)":0.05220792072670264}},{"arcs":[[-138,176,-18,-133]],"type":"Polygon","properties":{"objectid":107961,"statename":"Karnataka","statecode":"29","districtname":"Dakshin Kannada","districtcode":"575","ulbname":"Mangalore","ulbcode":"803181","wardname":"60","wardcode":null,"id":null,"status":"OPEN","misglobalid":null,"approved_by":null,"createdate":1643350999000,"updateddate":null,"globalid":null,"gisglobalid":"dmKRals5-acBK-P6c5-RK5K-KRlsBm6Q6R65","remark":"--","st_area(shape)":0.00012345190462980033,"st_perimeter(shape)":0.05220792072670264}},{"arcs":[[-138,176,-18,-133]],"type":"Polygon","properties":{"objectid":108718,"statename":"Karnataka","statecode":"29","districtname":"Dakshin Kannada","districtcode":"575","ulbname":"Mangalore","ulbcode":"803181","wardname":"60","wardcode":null,"id":null,"status":"OPEN","misglobalid":null,"approved_by":null,"createdate":1643350235000,"updateddate":null,"globalid":null,"gisglobalid":"Qsl6sP6n-lc4Q-PBKs-aKaQ-coRoBP64cB5c","remark":"--","st_area(shape)":0.00012345190462980033,"st_perimeter(shape)":0.05220792072670264}},{"arcs":[[177,178,179,-53,-176]],"type":"Polygon","properties":{"objectid":104295,"statename":"Karnataka","statecode":"29","districtname":"Dakshin Kannada","districtcode":"575","ulbname":"Mangalore","ulbcode":"803181","wardname":"7","wardcode":null,"id":null,"status":"OPEN","misglobalid":null,"approved_by":null,"createdate":1643348825000,"updateddate":null,"globalid":null,"gisglobalid":"PlaRac4o-44nm-PQlR-aPl5-Ro4dcoB66Rn6","remark":"--","st_area(shape)":0.00024426333663785246,"st_perimeter(shape)":0.0966148756723772}},{"arcs":[[177,178,179,-53,-176]],"type":"Polygon","properties":{"objectid":105097,"statename":"Karnataka","statecode":"29","districtname":"Dakshin Kannada","districtcode":"575","ulbname":"Mangalore","ulbcode":"803181","wardname":"7","wardcode":null,"id":null,"status":"OPEN","misglobalid":null,"approved_by":null,"createdate":1643349015000,"updateddate":null,"globalid":null,"gisglobalid":"RKa6d4B4-lmKd-Pdl6-RP4m-PaaBBococKmQ","remark":"--","st_area(shape)":0.00024426333663785246,"st_perimeter(shape)":0.0966148756723772}},{"arcs":[[177,178,179,-53,-176]],"type":"Polygon","properties":{"objectid":107130,"statename":"Karnataka","statecode":"29","districtname":"Dakshin Kannada","districtcode":"575","ulbname":"Mangalore","ulbcode":"803181","wardname":"7","wardcode":null,"id":null,"status":"OPEN","misglobalid":null,"approved_by":null,"createdate":1643350235000,"updateddate":null,"globalid":null,"gisglobalid":"lsQ4RsoB-caoR-Po4l-Qaoc-KBoQRQ6Rcs55","remark":"--","st_area(shape)":0.00024426333663785246,"st_perimeter(shape)":0.0966148756723772}},{"arcs":[[177,178,179,-53,-176]],"type":"Polygon","properties":{"objectid":107179,"statename":"Karnataka","statecode":"29","districtname":"Dakshin Kannada","districtcode":"575","ulbname":"Mangalore","ulbcode":"803181","wardname":"7","wardcode":null,"id":null,"status":"OPEN","misglobalid":null,"approved_by":null,"createdate":1643350836000,"updateddate":null,"globalid":null,"gisglobalid":"oc4PsBR5-dPl4-PBPB-sK4s-BRB4slosdmKc","remark":"--","st_area(shape)":0.00024426333663785246,"st_perimeter(shape)":0.0966148756723772}},{"arcs":[[177,178,179,-53,-176]],"type":"Polygon","properties":{"objectid":107516,"statename":"Karnataka","statecode":"29","districtname":"Dakshin Kannada","districtcode":"575","ulbname":"Mangalore","ulbcode":"803181","wardname":"7","wardcode":null,"id":null,"status":"OPEN","misglobalid":null,"approved_by":null,"createdate":1643349840000,"updateddate":null,"globalid":null,"gisglobalid":"aQlcPcQo-Qanl-Plcl-Qo5o-RsQPRsdcQmls","remark":"--","st_area(shape)":0.00024426333663785246,"st_perimeter(shape)":0.0966148756723772}},{"arcs":[[177,178,179,-53,-176]],"type":"Polygon","properties":{"objectid":107553,"statename":"Karnataka","statecode":"29","districtname":"Dakshin Kannada","districtcode":"575","ulbname":"Mangalore","ulbcode":"803181","wardname":"7","wardcode":null,"id":null,"status":"OPEN","misglobalid":null,"approved_by":null,"createdate":1643350713000,"updateddate":null,"globalid":null,"gisglobalid":"PaPnmQmm-Paao-PoRm-QlcR-mKRRPcBlo6Pm","remark":"--","st_area(shape)":0.00024426333663785246,"st_perimeter(shape)":0.0966148756723772}},{"arcs":[[177,178,179,-53,-176]],"type":"Polygon","properties":{"objectid":108325,"statename":"Karnataka","statecode":"29","districtname":"Dakshin Kannada","districtcode":"575","ulbname":"Mangalore","ulbcode":"803181","wardname":"7","wardcode":null,"id":null,"status":"OPEN","misglobalid":null,"approved_by":null,"createdate":1643350523000,"updateddate":null,"globalid":null,"gisglobalid":"PsRP64BK-K6l4-Pdm6-slBl-nsaaK4BcRac4","remark":"--","st_area(shape)":0.00024426333663785246,"st_perimeter(shape)":0.0966148756723772}},{"arcs":[[177,178,179,-53,-176]],"type":"Polygon","properties":{"objectid":108346,"statename":"Karnataka","statecode":"29","districtname":"Dakshin Kannada","districtcode":"575","ulbname":"Mangalore","ulbcode":"803181","wardname":"7","wardcode":null,"id":null,"status":"OPEN","misglobalid":null,"approved_by":null,"createdate":1643350999000,"updateddate":null,"globalid":null,"gisglobalid":"65ldPad4-lQdK-PmKs-QPRB-K66RBcos6o46","remark":"--","st_area(shape)":0.00024426333663785246,"st_perimeter(shape)":0.0966148756723772}},{"arcs":[[180,-10,181,-178,-175]],"type":"Polygon","properties":{"objectid":104302,"statename":"Karnataka","statecode":"29","districtname":"Dakshin Kannada","districtcode":"575","ulbname":"Mangalore","ulbcode":"803181","wardname":"8","wardcode":null,"id":null,"status":"OPEN","misglobalid":null,"approved_by":null,"createdate":1643349015000,"updateddate":null,"globalid":null,"gisglobalid":"RRloKRl5-PaaP-Pa6m-anoP-BRnBRRPnm66B","remark":"--","st_area(shape)":0.00018294145424375047,"st_perimeter(shape)":0.08288368859156123}},{"arcs":[[180,-10,181,-178,-175]],"type":"Polygon","properties":{"objectid":104308,"statename":"Karnataka","statecode":"29","districtname":"Dakshin Kannada","districtcode":"575","ulbname":"Mangalore","ulbcode":"803181","wardname":"8","wardcode":null,"id":null,"status":"OPEN","misglobalid":null,"approved_by":null,"createdate":1643350235000,"updateddate":null,"globalid":null,"gisglobalid":"RdBnBnK6-n5cl-PlRm-Rs4s-4doscBsBcPB5","remark":"--","st_area(shape)":0.00018294145424375047,"st_perimeter(shape)":0.08288368859156123}},{"arcs":[[180,-10,181,-178,-175]],"type":"Polygon","properties":{"objectid":106334,"statename":"Karnataka","statecode":"29","districtname":"Dakshin Kannada","districtcode":"575","ulbname":"Mangalore","ulbcode":"803181","wardname":"8","wardcode":null,"id":null,"status":"OPEN","misglobalid":null,"approved_by":null,"createdate":1643350523000,"updateddate":null,"globalid":null,"gisglobalid":"PscRnQam-lRcB-PRKm-slPK-nRsc6QnBBPaB","remark":"--","st_area(shape)":0.00018294145424375047,"st_perimeter(shape)":0.08288368859156123}},{"arcs":[[180,-10,181,-178,-175]],"type":"Polygon","properties":{"objectid":107566,"statename":"Karnataka","statecode":"29","districtname":"Dakshin Kannada","districtcode":"575","ulbname":"Mangalore","ulbcode":"803181","wardname":"8","wardcode":null,"id":null,"status":"OPEN","misglobalid":null,"approved_by":null,"createdate":1643350999000,"updateddate":null,"globalid":null,"gisglobalid":"4s4oso4K-d4Q4-P6dl-s55a-oPBc66nolasn","remark":"--","st_area(shape)":0.00018294145424375047,"st_perimeter(shape)":0.08288368859156123}},{"arcs":[[180,-10,181,-178,-175]],"type":"Polygon","properties":{"objectid":108307,"statename":"Karnataka","statecode":"29","districtname":"Dakshin Kannada","districtcode":"575","ulbname":"Mangalore","ulbcode":"803181","wardname":"8","wardcode":null,"id":null,"status":"OPEN","misglobalid":null,"approved_by":null,"createdate":1643349840000,"updateddate":null,"globalid":null,"gisglobalid":"Rcs5nnaQ-464l-PaRQ-slRK-QcPQKsRP6dPs","remark":"--","st_area(shape)":0.00018294145424375047,"st_perimeter(shape)":0.08288368859156123}},{"arcs":[[180,-10,181,-178,-175]],"type":"Polygon","properties":{"objectid":108692,"statename":"Karnataka","statecode":"29","districtname":"Dakshin Kannada","districtcode":"575","ulbname":"Mangalore","ulbcode":"803181","wardname":"8","wardcode":null,"id":null,"status":"OPEN","misglobalid":null,"approved_by":null,"createdate":1643348825000,"updateddate":null,"globalid":null,"gisglobalid":"d55lRnsm-aPBm-Psd4-Rdmd-5n6cs5R4l4KP","remark":"--","st_area(shape)":0.00018294145424375047,"st_perimeter(shape)":0.08288368859156123}},{"arcs":[[180,-10,181,-178,-175]],"type":"Polygon","properties":{"objectid":108742,"statename":"Karnataka","statecode":"29","districtname":"Dakshin Kannada","districtcode":"575","ulbname":"Mangalore","ulbcode":"803181","wardname":"8","wardcode":null,"id":null,"status":"OPEN","misglobalid":null,"approved_by":null,"createdate":1643350713000,"updateddate":null,"globalid":null,"gisglobalid":"5caPKnsB-6KPm-PsQ5-aQaK-dm54a4QPnB5m","remark":"--","st_area(shape)":0.00018294145424375047,"st_perimeter(shape)":0.08288368859156123}},{"arcs":[[180,-10,181,-178,-175]],"type":"Polygon","properties":{"objectid":108746,"statename":"Karnataka","statecode":"29","districtname":"Dakshin Kannada","districtcode":"575","ulbname":"Mangalore","ulbcode":"803181","wardname":"8","wardcode":null,"id":null,"status":"OPEN","misglobalid":null,"approved_by":null,"createdate":1643350836000,"updateddate":null,"globalid":null,"gisglobalid":"mQnPaQsn-sQBK-Poom-accQ-dlccao64odRa","remark":"--","st_area(shape)":0.00018294145424375047,"st_perimeter(shape)":0.08288368859156123}},{"arcs":[[-9,182,-179,-182]],"type":"Polygon","properties":{"objectid":105093,"statename":"Karnataka","statecode":"29","districtname":"Dakshin Kannada","districtcode":"575","ulbname":"Mangalore","ulbcode":"803181","wardname":"9","wardcode":null,"id":null,"status":"OPEN","misglobalid":null,"approved_by":null,"createdate":1643348825000,"updateddate":null,"globalid":null,"gisglobalid":"5644PcoB-l4Kl-PsmR-Qnld-sdP6dPRcBnol","remark":"--","st_area(shape)":0.00020812604639135885,"st_perimeter(shape)":0.0754324019346984}},{"arcs":[[-9,182,-179,-182]],"type":"Polygon","properties":{"objectid":105099,"statename":"Karnataka","statecode":"29","districtname":"Dakshin Kannada","districtcode":"575","ulbname":"Mangalore","ulbcode":"803181","wardname":"9","wardcode":null,"id":null,"status":"OPEN","misglobalid":null,"approved_by":null,"createdate":1643349015000,"updateddate":null,"globalid":null,"gisglobalid":"KQlKaR5c-s5BR-PaQQ-aRKo-4omaPPRa4RQB","remark":"--","st_area(shape)":0.00020812604639135885,"st_perimeter(shape)":0.0754324019346984}},{"arcs":[[-9,182,-179,-182]],"type":"Polygon","properties":{"objectid":106333,"statename":"Karnataka","statecode":"29","districtname":"Dakshin Kannada","districtcode":"575","ulbname":"Mangalore","ulbcode":"803181","wardname":"9","wardcode":null,"id":null,"status":"OPEN","misglobalid":null,"approved_by":null,"createdate":1643350523000,"updateddate":null,"globalid":null,"gisglobalid":"Komsnodn-Bdm6-P6ml-smRo-RK4PdPl465do","remark":"--","st_area(shape)":0.00020812604639135885,"st_perimeter(shape)":0.0754324019346984}},{"arcs":[[-9,182,-179,-182]],"type":"Polygon","properties":{"objectid":107120,"statename":"Karnataka","statecode":"29","districtname":"Dakshin Kannada","districtcode":"575","ulbname":"Mangalore","ulbcode":"803181","wardname":"9","wardcode":null,"id":null,"status":"OPEN","misglobalid":null,"approved_by":null,"createdate":1643349840000,"updateddate":null,"globalid":null,"gisglobalid":"c5oRsBdR-msaB-PBln-Rsa4-PBRnoK46PdBB","remark":"--","st_area(shape)":0.00020812604639135885,"st_perimeter(shape)":0.0754324019346984}},{"arcs":[[-9,182,-179,-182]],"type":"Polygon","properties":{"objectid":107530,"statename":"Karnataka","statecode":"29","districtname":"Dakshin Kannada","districtcode":"575","ulbname":"Mangalore","ulbcode":"803181","wardname":"9","wardcode":null,"id":null,"status":"OPEN","misglobalid":null,"approved_by":null,"createdate":1643350235000,"updateddate":null,"globalid":null,"gisglobalid":"s5asPRPK-Rdol-P5ca-soKn-sQso5o6a5BRc","remark":"--","st_area(shape)":0.00020812604639135885,"st_perimeter(shape)":0.0754324019346984}},{"arcs":[[-9,182,-179,-182]],"type":"Polygon","properties":{"objectid":107559,"statename":"Karnataka","statecode":"29","districtname":"Dakshin Kannada","districtcode":"575","ulbname":"Mangalore","ulbcode":"803181","wardname":"9","wardcode":null,"id":null,"status":"OPEN","misglobalid":null,"approved_by":null,"createdate":1643350836000,"updateddate":null,"globalid":null,"gisglobalid":"6m65PlKK-n4mn-Ps4c-saon-cPBnBsPdm6lR","remark":"--","st_area(shape)":0.00020812604639135885,"st_perimeter(shape)":0.0754324019346984}},{"arcs":[[-9,182,-179,-182]],"type":"Polygon","properties":{"objectid":108331,"statename":"Karnataka","statecode":"29","districtname":"Dakshin Kannada","districtcode":"575","ulbname":"Mangalore","ulbcode":"803181","wardname":"9","wardcode":null,"id":null,"status":"OPEN","misglobalid":null,"approved_by":null,"createdate":1643350713000,"updateddate":null,"globalid":null,"gisglobalid":"45c46RBn-QlP5-Plso-ssml-4lonQP55cdBd","remark":"--","st_area(shape)":0.00020812604639135885,"st_perimeter(shape)":0.0754324019346984}},{"arcs":[[-9,182,-179,-182]],"type":"Polygon","properties":{"objectid":108757,"statename":"Karnataka","statecode":"29","districtname":"Dakshin Kannada","districtcode":"575","ulbname":"Mangalore","ulbcode":"803181","wardname":"9","wardcode":null,"id":null,"status":"OPEN","misglobalid":null,"approved_by":null,"createdate":1643350999000,"updateddate":null,"globalid":null,"gisglobalid":"lm66nmcc-m6Bc-PR4a-RRBd-camQ44csB4BB","remark":"--","st_area(shape)":0.00020812604639135885,"st_perimeter(shape)":0.0754324019346984}},{"arcs":[[0,1,2,3]],"type":"Polygon","properties":{"objectid":107972,"statename":"Karnataka","statecode":"29","districtname":"Dakshin Kannada","districtcode":"575","ulbname":"Mangalore","ulbcode":"803181","wardname":"Surathkal West","wardcode":"1","id":null,"status":"APPROVED","misglobalid":null,"approved_by":null,"createdate":1643352436000,"updateddate":1643352760000,"globalid":null,"gisglobalid":"c4sRBnco-K6sQ-P5aK-alKm-d4n6m5Rm5omc","remark":"Uploaded Ward Boundary Is As Per The Guidelines And Within The Ulb Boundary","st_area(shape)":0.00023770308470614463,"st_perimeter(shape)":0.1199763605670311}},{"arcs":[[48,49,50,51,52,53,-3,-2,-1,54]],"type":"Polygon","properties":{"objectid":107570,"statename":"Karnataka","statecode":"29","districtname":"Dakshin Kannada","districtcode":"575","ulbname":"Mangalore","ulbcode":"803181","wardname":"Surathkal East","wardcode":"2","id":null,"status":"APPROVED","misglobalid":null,"approved_by":null,"createdate":1643352436000,"updateddate":1643352773000,"globalid":null,"gisglobalid":"oaPR5Q4R-R5PQ-Pmmn-aRnP-sK5QlQlQma66","remark":"Uploaded Ward Boundary Is As Per The Guidelines And Within The Ulb Boundary","st_area(shape)":0.0004240693396708369,"st_perimeter(shape)":0.14971560692297484}},{"arcs":[[86,87,88]],"type":"Polygon","properties":{"objectid":104328,"statename":"Karnataka","statecode":"29","districtname":"Dakshin Kannada","districtcode":"575","ulbname":"Mangalore","ulbcode":"803181","wardname":"Katipalla East","wardcode":"3","id":null,"status":"APPROVED","misglobalid":null,"approved_by":null,"createdate":1643352436000,"updateddate":1643352820000,"globalid":null,"gisglobalid":"oQaKmRRs-ccoo-PQdR-aR5o-5ssP56P66al5","remark":"Uploaded Ward Boundary Is As Per The Guidelines And Within The Ulb Boundary","st_area(shape)":0.0001618091228726576,"st_perimeter(shape)":0.07705435666223767}},{"arcs":[[-88,118,119,-49,120]],"type":"Polygon","properties":{"objectid":106357,"statename":"Karnataka","statecode":"29","districtname":"Dakshin Kannada","districtcode":"575","ulbname":"Mangalore","ulbcode":"803181","wardname":"Katipalla Krishnapura","wardcode":"4","id":null,"status":"APPROVED","misglobalid":null,"approved_by":null,"createdate":1643352436000,"updateddate":1643352810000,"globalid":null,"gisglobalid":"n5B5KlK4-ma5l-PPlo-RQKc-RmKnPol66Ro5","remark":"Uploaded Ward Boundary Is As Per The Guidelines And Within The Ulb Boundary","st_area(shape)":0.00014178375837258867,"st_perimeter(shape)":0.06656977576024799}},{"arcs":[[-120,148,-51,-50]],"type":"Polygon","properties":{"objectid":106365,"statename":"Karnataka","statecode":"29","districtname":"Dakshin Kannada","districtcode":"575","ulbname":"Mangalore","ulbcode":"803181","wardname":"Katipalla North","wardcode":"5","id":null,"status":"APPROVED","misglobalid":null,"approved_by":null,"createdate":1643352436000,"updateddate":1643352798000,"globalid":null,"gisglobalid":"BKaRnnPc-KRBd-PQaP-Ros5-6aRo5oll66Rn","remark":"Uploaded Ward Boundary Is As Per The Guidelines And Within The Ulb Boundary","st_area(shape)":0.00014256449752281873,"st_perimeter(shape)":0.06880687978273367}},{"arcs":[[-119,-87,173,174,175,-52,-149]],"type":"Polygon","properties":{"objectid":108361,"statename":"Karnataka","statecode":"29","districtname":"Dakshin Kannada","districtcode":"575","ulbname":"Mangalore","ulbcode":"803181","wardname":"Idya East","wardcode":"6","id":null,"status":"APPROVED","misglobalid":null,"approved_by":null,"createdate":1643352436000,"updateddate":1643352829000,"globalid":null,"gisglobalid":"6saa5Ps5-RdRd-PRaa-Rlna-mnlaadBc5lQm","remark":"Uploaded Ward Boundary Is As Per The Guidelines And Within The Ulb Boundary","st_area(shape)":0.00025768038165482356,"st_perimeter(shape)":0.09129196430291832}},{"arcs":[[177,178,179,-53,-176]],"type":"Polygon","properties":{"objectid":107978,"statename":"Karnataka","statecode":"29","districtname":"Dakshin Kannada","districtcode":"575","ulbname":"Mangalore","ulbcode":"803181","wardname":"Idya West","wardcode":"7","id":null,"status":"APPROVED","misglobalid":null,"approved_by":null,"createdate":1643352436000,"updateddate":1643352839000,"globalid":null,"gisglobalid":"aPmaKs6l-oQo5-PBao-QBns-s6d6dnmod5B6","remark":"Uploaded Ward Boundary Is As Per The Guidelines And Within The Ulb Boundary","st_area(shape)":0.00024426333663785246,"st_perimeter(shape)":0.0966148756723772}},{"arcs":[[180,-10,181,-178,-175]],"type":"Polygon","properties":{"objectid":106361,"statename":"Karnataka","statecode":"29","districtname":"Dakshin Kannada","districtcode":"575","ulbname":"Mangalore","ulbcode":"803181","wardname":"Hosabettu","wardcode":"8","id":null,"status":"APPROVED","misglobalid":null,"approved_by":null,"createdate":1643352436000,"updateddate":1643352866000,"globalid":null,"gisglobalid":"KQoKK4Rm-nd4m-PsBs-s5dl-Qcm4sn5al66d","remark":"Uploaded Ward Boundary Is As Per The Guidelines And Within The Ulb Boundary","st_area(shape)":0.00018294145424375047,"st_perimeter(shape)":0.08288368859156123}},{"arcs":[[-9,182,-179,-182]],"type":"Polygon","properties":{"objectid":107201,"statename":"Karnataka","statecode":"29","districtname":"Dakshin Kannada","districtcode":"575","ulbname":"Mangalore","ulbcode":"803181","wardname":"Kulai","wardcode":"9","id":null,"status":"APPROVED","misglobalid":null,"approved_by":null,"createdate":1643352436000,"updateddate":1643352876000,"globalid":null,"gisglobalid":"oQP65nBR-PQK6-PQ6l-a6cB-oQBQm6nlKR66","remark":"Uploaded Ward Boundary Is As Per The Guidelines And Within The Ulb Boundary","st_area(shape)":0.00020812604639135885,"st_perimeter(shape)":0.0754324019346984}},{"arcs":[[5,6,7,8,9]],"type":"Polygon","properties":{"objectid":108762,"statename":"Karnataka","statecode":"29","districtname":"Dakshin Kannada","districtcode":"575","ulbname":"Mangalore","ulbcode":"803181","wardname":"Baikampady","wardcode":"10","id":null,"status":"APPROVED","misglobalid":null,"approved_by":null,"createdate":1643352436000,"updateddate":1643352885000,"globalid":null,"gisglobalid":"B6PKmocm-lPmQ-P6o5-RlPs-Q4BB5Ra4d5Ko","remark":"Uploaded Ward Boundary Is As Per The Guidelines And Within The Ulb Boundary","st_area(shape)":0.0004925008204974531,"st_perimeter(shape)":0.11506838410164374}},{"arcs":[[10,11,12,13,14,15,16,17,18,-7,19]],"type":"Polygon","properties":{"objectid":108358,"statename":"Karnataka","statecode":"29","districtname":"Dakshin Kannada","districtcode":"575","ulbname":"Mangalore","ulbcode":"803181","wardname":"Panambur","wardcode":"11","id":null,"status":"APPROVED","misglobalid":null,"approved_by":null,"createdate":1643352436000,"updateddate":1643352894000,"globalid":null,"gisglobalid":"BRo6sclR-coQB-Pnca-sdsP-PdcsQlPK4PP4","remark":"Uploaded Ward Boundary Is As Per The Guidelines And Within The Ulb Boundary","st_area(shape)":0.0008181502926526121,"st_perimeter(shape)":0.26504833345390894}},{"arcs":[[20,21,-11,22,23]],"type":"Polygon","properties":{"objectid":104324,"statename":"Karnataka","statecode":"29","districtname":"Dakshin Kannada","districtcode":"575","ulbname":"Mangalore","ulbcode":"803181","wardname":"Panjimogaru","wardcode":"12","id":null,"status":"APPROVED","misglobalid":null,"approved_by":null,"createdate":1643352436000,"updateddate":1643352902000,"globalid":null,"gisglobalid":"aQd5cKBn-nKcR-PcRc-Ql46-oann4nnmcPBR","remark":"Uploaded Ward Boundary Is As Per The Guidelines And Within The Ulb Boundary","st_area(shape)":0.00032580897368194423,"st_perimeter(shape)":0.0836347672988557}},{"arcs":[[24,25,-24,26]],"type":"Polygon","properties":{"objectid":104331,"statename":"Karnataka","statecode":"29","districtname":"Dakshin Kannada","districtcode":"575","ulbname":"Mangalore","ulbcode":"803181","wardname":"Kunjathbail North","wardcode":"13","id":null,"status":"APPROVED","misglobalid":null,"approved_by":null,"createdate":1643352436000,"updateddate":1643352911000,"globalid":null,"gisglobalid":"QK45RnRs-adB6-PR6R-accK-c5Qo5B5BcRas","remark":"Uploaded Ward Boundary Is As Per The Guidelines And Within The Ulb Boundary","st_area(shape)":0.0001679620148821152,"st_perimeter(shape)":0.06912117051546172}},{"arcs":[[27,28,29,-25,30]],"type":"Polygon","properties":{"objectid":106360,"statename":"Karnataka","statecode":"29","districtname":"Dakshin Kannada","districtcode":"575","ulbname":"Mangalore","ulbcode":"803181","wardname":"Marakada","wardcode":"14","id":null,"status":"APPROVED","misglobalid":null,"approved_by":null,"createdate":1643352436000,"updateddate":1643352920000,"globalid":null,"gisglobalid":"cQ4clRQR-dBKo-PaK5-an6B-P6KoBnBRmPm5","remark":"Uploaded Ward Boundary Is As Per The Guidelines And Within The Ulb Boundary","st_area(shape)":0.00030943816867099973,"st_perimeter(shape)":0.10003062488867288}},{"arcs":[[-30,31,32,-21,-26]],"type":"Polygon","properties":{"objectid":108763,"statename":"Karnataka","statecode":"29","districtname":"Dakshin Kannada","districtcode":"575","ulbname":"Mangalore","ulbcode":"803181","wardname":"Kunjathbail South","wardcode":"15","id":null,"status":"APPROVED","misglobalid":null,"approved_by":null,"createdate":1643352436000,"updateddate":1643352936000,"globalid":null,"gisglobalid":"6Qds4dds-44ca-P4cn-a4a4-lao45dmc6a5a","remark":"Uploaded Ward Boundary Is As Per The Guidelines And Within The Ulb Boundary","st_area(shape)":0.00021056264693557284,"st_perimeter(shape)":0.07828447324618724}},{"arcs":[[-33,33,34,35,36,-12,-22]],"type":"Polygon","properties":{"objectid":104332,"statename":"Karnataka","statecode":"29","districtname":"Dakshin Kannada","districtcode":"575","ulbname":"Mangalore","ulbcode":"803181","wardname":"Bangra Kulur","wardcode":"16","id":null,"status":"APPROVED","misglobalid":null,"approved_by":null,"createdate":1643352436000,"updateddate":1643352973000,"globalid":null,"gisglobalid":"6oQnQnc5-R445-Pod6-adKP-B5QPdKmsaB4P","remark":"Uploaded Ward Boundary Is As Per The Guidelines And Within The Ulb Boundary","st_area(shape)":0.00030952678320962114,"st_perimeter(shape)":0.10022466186786445}},{"arcs":[[37,38,39,-36]],"type":"Polygon","properties":{"objectid":105148,"statename":"Karnataka","statecode":"29","districtname":"Dakshin Kannada","districtcode":"575","ulbname":"Mangalore","ulbcode":"803181","wardname":"Derebail North","wardcode":"17","id":null,"status":"APPROVED","misglobalid":null,"approved_by":null,"createdate":1643352436000,"updateddate":1643353424000,"globalid":null,"gisglobalid":"llKPm5Ro-dKKK-P4P6-ssnR-P5naaasl5osn","remark":"Uploaded Ward Boundary Is As Per The Guidelines And Within The Ulb Boundary","st_area(shape)":0.00006155086134029491,"st_perimeter(shape)":0.04684970837959349}},{"arcs":[[40,41,-34,-32,-29]],"type":"Polygon","properties":{"objectid":108359,"statename":"Karnataka","statecode":"29","districtname":"Dakshin Kannada","districtcode":"575","ulbname":"Mangalore","ulbcode":"803181","wardname":"Kavoor","wardcode":"18","id":null,"status":"APPROVED","misglobalid":null,"approved_by":null,"createdate":1643352436000,"updateddate":1643352956000,"globalid":null,"gisglobalid":"lddQQRsa-l6Qa-PdKa-Qcsc-cRRm5cmdQd5c","remark":"Uploaded Ward Boundary Is As Per The Guidelines And Within The Ulb Boundary","st_area(shape)":0.00018621967328630456,"st_perimeter(shape)":0.07636616258391132}},{"arcs":[[42,43,44,45,46,-41,-28,47]],"type":"Polygon","properties":{"objectid":104333,"statename":"Karnataka","statecode":"29","districtname":"Dakshin Kannada","districtcode":"575","ulbname":"Mangalore","ulbcode":"803181","wardname":"Pachanady","wardcode":"19","id":null,"status":"APPROVED","misglobalid":null,"approved_by":null,"createdate":1643352436000,"updateddate":1643352964000,"globalid":null,"gisglobalid":"Bnoa6Kn4-acPd-Po4s-ascQ-nQ45RBsPnKmK","remark":"Uploaded Ward Boundary Is As Per The Guidelines And Within The Ulb Boundary","st_area(shape)":0.0004922624906933785,"st_perimeter(shape)":0.12286959695465034}},{"arcs":[[55,-43,56]],"type":"Polygon","properties":{"objectid":107977,"statename":"Karnataka","statecode":"29","districtname":"Dakshin Kannada","districtcode":"575","ulbname":"Mangalore","ulbcode":"803181","wardname":"Thiruvail","wardcode":"20","id":null,"status":"APPROVED","misglobalid":null,"approved_by":null,"createdate":1643352436000,"updateddate":1643352992000,"globalid":null,"gisglobalid":"Po6cnac6-sPPs-P6ac-QnPs-6BRcP5mP55cl","remark":"Uploaded Ward Boundary Is As Per The Guidelines And Within The Ulb Boundary","st_area(shape)":0.00043011420061152684,"st_perimeter(shape)":0.11614493051015595}},{"arcs":[[57,58,59,60,61,-45]],"type":"Polygon","properties":{"objectid":107979,"statename":"Karnataka","statecode":"29","districtname":"Dakshin Kannada","districtcode":"575","ulbname":"Mangalore","ulbcode":"803181","wardname":"Padavu West","wardcode":"21","id":null,"status":"APPROVED","misglobalid":null,"approved_by":null,"createdate":1643352436000,"updateddate":1643353009000,"globalid":null,"gisglobalid":"nK5a64Qo-5Ks5-PB64-QocR-BmKll6lRlnls","remark":"Uploaded Ward Boundary Is As Per The Guidelines And Within The Ulb Boundary","st_area(shape)":0.00026418422588062116,"st_perimeter(shape)":0.09051501993867363}},{"arcs":[[-62,62,63,64,65,-46]],"type":"Polygon","properties":{"objectid":108764,"statename":"Karnataka","statecode":"29","districtname":"Dakshin Kannada","districtcode":"575","ulbname":"Mangalore","ulbcode":"803181","wardname":"Kadri Padavu","wardcode":"22","id":null,"status":"APPROVED","misglobalid":null,"approved_by":null,"createdate":1643352436000,"updateddate":1643353020000,"globalid":null,"gisglobalid":"m4KmcRdQ-oncd-Pomn-aQRc-odldcPRB5oll","remark":"Uploaded Ward Boundary Is As Per The Guidelines And Within The Ulb Boundary","st_area(shape)":0.00020007278157251524,"st_perimeter(shape)":0.08997752992018819}},{"arcs":[[-42,-47,-66,66,-38,-35]],"type":"Polygon","properties":{"objectid":108761,"statename":"Karnataka","statecode":"29","districtname":"Dakshin Kannada","districtcode":"575","ulbname":"Mangalore","ulbcode":"803181","wardname":"Derebail East","wardcode":"23","id":null,"status":"APPROVED","misglobalid":null,"approved_by":null,"createdate":1643352436000,"updateddate":1643352983000,"globalid":null,"gisglobalid":"6occQs5K-s4o5-PcR6-sKKc-Plmlnn6QQPR6","remark":"Uploaded Ward Boundary Is As Per The Guidelines And Within The Ulb Boundary","st_area(shape)":0.00021182188647073745,"st_perimeter(shape)":0.0883735035200359}},{"arcs":[[-65,67,68,69,70,71,-39,-67]],"type":"Polygon","properties":{"objectid":108355,"statename":"Karnataka","statecode":"29","districtname":"Dakshin Kannada","districtcode":"575","ulbname":"Mangalore","ulbcode":"803181","wardname":"Derebail South","wardcode":"24","id":null,"status":"APPROVED","misglobalid":null,"approved_by":null,"createdate":1643352436000,"updateddate":1643353028000,"globalid":null,"gisglobalid":"QnPls5ss-d4Pm-Pas5-QKK5-4mssQsP5KBls","remark":"Uploaded Ward Boundary Is As Per The Guidelines And Within The Ulb Boundary","st_area(shape)":0.00011749492138663384,"st_perimeter(shape)":0.06392961640570753}},{"arcs":[[72,-13,-37,-40,-72]],"type":"Polygon","properties":{"objectid":107573,"statename":"Karnataka","statecode":"29","districtname":"Dakshin Kannada","districtcode":"575","ulbname":"Mangalore","ulbcode":"803181","wardname":"Derebail West","wardcode":"25","id":null,"status":"APPROVED","misglobalid":null,"approved_by":null,"createdate":1643352436000,"updateddate":1643353038000,"globalid":null,"gisglobalid":"PQnBlKKR-cQ5n-PKoK-sB5B-lQKa5Ql4Q4PR","remark":"Uploaded Ward Boundary Is As Per The Guidelines And Within The Ulb Boundary","st_area(shape)":0.00008384800975411055,"st_perimeter(shape)":0.07194684550124299}},{"arcs":[[73,74,-14,-73,-71]],"type":"Polygon","properties":{"objectid":107198,"statename":"Karnataka","statecode":"29","districtname":"Dakshin Kannada","districtcode":"575","ulbname":"Mangalore","ulbcode":"803181","wardname":"Derebail South West","wardcode":"26","id":null,"status":"APPROVED","misglobalid":null,"approved_by":null,"createdate":1643352436000,"updateddate":1643353056000,"globalid":null,"gisglobalid":"QQadac4Q-sK4P-PQmc-RloP-Qnm6aRlom45K","remark":"Uploaded Ward Boundary Is As Per The Guidelines And Within The Ulb Boundary","st_area(shape)":0.00011878333808141455,"st_perimeter(shape)":0.07612361410085859}},{"arcs":[[75,76,-15,-75]],"type":"Polygon","properties":{"objectid":107199,"statename":"Karnataka","statecode":"29","districtname":"Dakshin Kannada","districtcode":"575","ulbname":"Mangalore","ulbcode":"803181","wardname":"Boloor","wardcode":"27","id":null,"status":"APPROVED","misglobalid":null,"approved_by":null,"createdate":1643352436000,"updateddate":1643353047000,"globalid":null,"gisglobalid":"6nP4PmK4-lm55-Pol6-anlB-BndQdKRBlan4","remark":"Uploaded Ward Boundary Is As Per The Guidelines And Within The Ulb Boundary","st_area(shape)":0.00011344273335219981,"st_perimeter(shape)":0.04293298654158864}},{"arcs":[[77,78,79,80,-76,-74,-70]],"type":"Polygon","properties":{"objectid":105147,"statename":"Karnataka","statecode":"29","districtname":"Dakshin Kannada","districtcode":"575","ulbname":"Mangalore","ulbcode":"803181","wardname":"Mannagudda","wardcode":"28","id":null,"status":"APPROVED","misglobalid":null,"approved_by":null,"createdate":1643352436000,"updateddate":1643353067000,"globalid":null,"gisglobalid":"ooamacRQ-P5Bo-PcRK-Q5d5-Qo6dn5cm5d5l","remark":"Uploaded Ward Boundary Is As Per The Guidelines And Within The Ulb Boundary","st_area(shape)":0.000053114468631788675,"st_perimeter(shape)":0.04109538792879311}},{"arcs":[[81,82,83,84,85,-79]],"type":"Polygon","properties":{"objectid":107571,"statename":"Karnataka","statecode":"29","districtname":"Dakshin Kannada","districtcode":"575","ulbname":"Mangalore","ulbcode":"803181","wardname":"Kambala","wardcode":"29","id":null,"status":"APPROVED","misglobalid":null,"approved_by":null,"createdate":1643352436000,"updateddate":1643353127000,"globalid":null,"gisglobalid":"oao6sKPP-l6Ps-P5R6-QlnR-4cosoaas56a4","remark":"Uploaded Ward Boundary Is As Per The Guidelines And Within The Ulb Boundary","st_area(shape)":0.00007537540708338267,"st_perimeter(shape)":0.054726801646295994}},{"arcs":[[89,90,91,-82,-78,-69]],"type":"Polygon","properties":{"objectid":104334,"statename":"Karnataka","statecode":"29","districtname":"Dakshin Kannada","districtcode":"575","ulbname":"Mangalore","ulbcode":"803181","wardname":"Kodiyalbail","wardcode":"30","id":null,"status":"APPROVED","misglobalid":null,"approved_by":null,"createdate":1643352436000,"updateddate":1643353094000,"globalid":null,"gisglobalid":"4dKlnRs5-6QQs-PdKc-sPlQ-RRslKssBmoRP","remark":"Uploaded Ward Boundary Is As Per The Guidelines And Within The Ulb Boundary","st_area(shape)":0.00008775125782191755,"st_perimeter(shape)":0.05357086576321492}},{"arcs":[[92,-90,-68,-64]],"type":"Polygon","properties":{"objectid":107576,"statename":"Karnataka","statecode":"29","districtname":"Dakshin Kannada","districtcode":"575","ulbname":"Mangalore","ulbcode":"803181","wardname":"Bejai","wardcode":"31","id":null,"status":"APPROVED","misglobalid":null,"approved_by":null,"createdate":1643352436000,"updateddate":1643353076000,"globalid":null,"gisglobalid":"m4BB4oPo-m5Pl-PsaB-RaoK-BcnaslQ4B66o","remark":"Uploaded Ward Boundary Is As Per The Guidelines And Within The Ulb Boundary","st_area(shape)":0.00008927234393045598,"st_perimeter(shape)":0.05328618540937511}},{"arcs":[[-61,93,94,-91,-93,-63]],"type":"Polygon","properties":{"objectid":106363,"statename":"Karnataka","statecode":"29","districtname":"Dakshin Kannada","districtcode":"575","ulbname":"Mangalore","ulbcode":"803181","wardname":"Kadri North","wardcode":"32","id":null,"status":"APPROVED","misglobalid":null,"approved_by":null,"createdate":1643352436000,"updateddate":1643353084000,"globalid":null,"gisglobalid":"cd6c46cR-lBo6-PaP6-QaKm-Q4QR4l4KPscB","remark":"Uploaded Ward Boundary Is As Per The Guidelines And Within The Ulb Boundary","st_area(shape)":0.00012326960941685234,"st_perimeter(shape)":0.07126490850179171}},{"arcs":[[95,96,-83,-92,-95]],"type":"Polygon","properties":{"objectid":104325,"statename":"Karnataka","statecode":"29","districtname":"Dakshin Kannada","districtcode":"575","ulbname":"Mangalore","ulbcode":"803181","wardname":"Kadri South","wardcode":"33","id":null,"status":"APPROVED","misglobalid":null,"approved_by":null,"createdate":1643352436000,"updateddate":1643353678000,"globalid":null,"gisglobalid":"RPososBP-a4a6-PPcc-aanc-mPBaodmQao56","remark":"Uploaded Ward Boundary Is As Per The Guidelines And Within The Ulb Boundary","st_area(shape)":0.00007633678456915626,"st_perimeter(shape)":0.050076962501634736}},{"arcs":[[97,98,99,100,101,102,103,104,105,-96,-94,-60]],"type":"Polygon","properties":{"objectid":107575,"statename":"Karnataka","statecode":"29","districtname":"Dakshin Kannada","districtcode":"575","ulbname":"Mangalore","ulbcode":"803181","wardname":"Shivabagh","wardcode":"34","id":null,"status":"APPROVED","misglobalid":null,"approved_by":null,"createdate":1643352436000,"updateddate":1643353190000,"globalid":null,"gisglobalid":"mK5a5RPR-odBn-P5BP-sKlQ-PK5cmRls4acQ","remark":"Uploaded Ward Boundary Is As Per The Guidelines And Within The Ulb Boundary","st_area(shape)":0.00012204190639284723,"st_perimeter(shape)":0.11321729069570462}},{"arcs":[[-98,-59,106]],"type":"Polygon","properties":{"objectid":107572,"statename":"Karnataka","statecode":"29","districtname":"Dakshin Kannada","districtcode":"575","ulbname":"Mangalore","ulbcode":"803181","wardname":"Padavu Central","wardcode":"35","id":null,"status":"APPROVED","misglobalid":null,"approved_by":null,"createdate":1643352436000,"updateddate":1643353221000,"globalid":null,"gisglobalid":"6QnaonBa-6mRR-Pocn-a64o-QR4cQPlonsdP","remark":"Uploaded Ward Boundary Is As Per The Guidelines And Within The Ulb Boundary","st_area(shape)":0.00013485015679839997,"st_perimeter(shape)":0.05413493059197197}},{"arcs":[[107,108,-99,-107,-58,-44,-56]],"type":"Polygon","properties":{"objectid":107574,"statename":"Karnataka","statecode":"29","districtname":"Dakshin Kannada","districtcode":"575","ulbname":"Mangalore","ulbcode":"803181","wardname":"Padavu East","wardcode":"36","id":null,"status":"APPROVED","misglobalid":null,"approved_by":null,"createdate":1643352436000,"updateddate":1643353001000,"globalid":null,"gisglobalid":"4K6lnnRR-oPmm-P5aB-acd5-Bdslcdo4aadP","remark":"Uploaded Ward Boundary Is As Per The Guidelines And Within The Ulb Boundary","st_area(shape)":0.00038860517967429707,"st_perimeter(shape)":0.12582229604935452}},{"arcs":[[109,110,-101]],"type":"Polygon","properties":{"objectid":105144,"statename":"Karnataka","statecode":"29","districtname":"Dakshin Kannada","districtcode":"575","ulbname":"Mangalore","ulbcode":"803181","wardname":"Maroli","wardcode":"37","id":null,"status":"APPROVED","misglobalid":null,"approved_by":null,"createdate":1643352436000,"updateddate":1643353197000,"globalid":null,"gisglobalid":"sc4BKQms-5mRB-P4KK-smKs-54mQlmomRlQn","remark":"Uploaded Ward Boundary Is As Per The Guidelines And Within The Ulb Boundary","st_area(shape)":0.0001424460513080379,"st_perimeter(shape)":0.06187416417527809}},{"arcs":[[111,112,-105]],"type":"Polygon","properties":{"objectid":104327,"statename":"Karnataka","statecode":"29","districtname":"Dakshin Kannada","districtcode":"575","ulbname":"Mangalore","ulbcode":"803181","wardname":"Bendoor","wardcode":"38","id":null,"status":"APPROVED","misglobalid":null,"approved_by":null,"createdate":1643352436000,"updateddate":1643353283000,"globalid":null,"gisglobalid":"6KB66PlR-lmca-P5da-QRo6-QnPnPQccPaBR","remark":"Uploaded Ward Boundary Is As Per The Guidelines And Within The Ulb Boundary","st_area(shape)":0.00009646451408752937,"st_perimeter(shape)":0.0470337943770037}},{"arcs":[[113,114,115,116,117,-103]],"type":"Polygon","properties":{"objectid":108354,"statename":"Karnataka","statecode":"29","districtname":"Dakshin Kannada","districtcode":"575","ulbname":"Mangalore","ulbcode":"803181","wardname":"Falnir","wardcode":"39","id":null,"status":"APPROVED","misglobalid":null,"approved_by":null,"createdate":1643352436000,"updateddate":1643353317000,"globalid":null,"gisglobalid":"64BdaQld-c6mB-Plds-Rm4B-anPsndo6lQaB","remark":"Uploaded Ward Boundary Is As Per The Guidelines And Within The Ulb Boundary","st_area(shape)":0.00007366514853172607,"st_perimeter(shape)":0.05421409321982716}},{"arcs":[[-113,121,122,123,-84,-97,-106]],"type":"Polygon","properties":{"objectid":106356,"statename":"Karnataka","statecode":"29","districtname":"Dakshin Kannada","districtcode":"575","ulbname":"Mangalore","ulbcode":"803181","wardname":"Court","wardcode":"40","id":null,"status":"APPROVED","misglobalid":null,"approved_by":null,"createdate":1643352436000,"updateddate":1643353181000,"globalid":null,"gisglobalid":"Qoms6B5Q-dKdl-P6PQ-alQs-mKKcm54soPoK","remark":"Uploaded Ward Boundary Is As Per The Guidelines And Within The Ulb Boundary","st_area(shape)":0.00009233227786793169,"st_perimeter(shape)":0.06605177333110833}},{"arcs":[[124,125,126,127,-85,-124]],"type":"Polygon","properties":{"objectid":105150,"statename":"Karnataka","statecode":"29","districtname":"Dakshin Kannada","districtcode":"575","ulbname":"Mangalore","ulbcode":"803181","wardname":"Central Market","wardcode":"41","id":null,"status":"APPROVED","misglobalid":null,"approved_by":null,"createdate":1643352436000,"updateddate":1643353172000,"globalid":null,"gisglobalid":"KlQPoKdo-dBPc-PclQ-Rsm5-66R5aP6KB44m","remark":"Uploaded Ward Boundary Is As Per The Guidelines And Within The Ulb Boundary","st_area(shape)":0.00006472249691571198,"st_perimeter(shape)":0.040608574744499006}},{"arcs":[[-128,128,129,-80,-86]],"type":"Polygon","properties":{"objectid":106359,"statename":"Karnataka","statecode":"29","districtname":"Dakshin Kannada","districtcode":"575","ulbname":"Mangalore","ulbcode":"803181","wardname":"Dongarkery","wardcode":"42","id":null,"status":"APPROVED","misglobalid":null,"approved_by":null,"createdate":1643352436000,"updateddate":1643353432000,"globalid":null,"gisglobalid":"BBa6nPds-65RB-PaKs-Q5aK-B4asa5salsn5","remark":"Uploaded Ward Boundary Is As Per The Guidelines And Within The Ulb Boundary","st_area(shape)":0.00004550062907705245,"st_perimeter(shape)":0.047115775328264026}},{"arcs":[[-130,130,-16,-77,-81]],"type":"Polygon","properties":{"objectid":105149,"statename":"Karnataka","statecode":"29","districtname":"Dakshin Kannada","districtcode":"575","ulbname":"Mangalore","ulbcode":"803181","wardname":"Kudroli","wardcode":"43","id":null,"status":"APPROVED","misglobalid":null,"approved_by":null,"createdate":1643352436000,"updateddate":1643353135000,"globalid":null,"gisglobalid":"nosK4dnc-Qd4B-PsQm-sRd4-QanQlQPK5BQK","remark":"Uploaded Ward Boundary Is As Per The Guidelines And Within The Ulb Boundary","st_area(shape)":0.00005364556871033566,"st_perimeter(shape)":0.037358253721831866}},{"arcs":[[-127,131,132,-17,-131,-129]],"type":"Polygon","properties":{"objectid":106355,"statename":"Karnataka","statecode":"29","districtname":"Dakshin Kannada","districtcode":"575","ulbname":"Mangalore","ulbcode":"803181","wardname":"Bundar","wardcode":"44","id":null,"status":"APPROVED","misglobalid":null,"approved_by":null,"createdate":1643352436000,"updateddate":1643353164000,"globalid":null,"gisglobalid":"Bo5Q5P6s-BcQP-P5d5-QRQB-4n64Knl6RlKB","remark":"Uploaded Ward Boundary Is As Per The Guidelines And Within The Ulb Boundary","st_area(shape)":0.000053873331187902804,"st_perimeter(shape)":0.044687498750324274}},{"arcs":[[133,134,135,136,137,-132,-126]],"type":"Polygon","properties":{"objectid":104326,"statename":"Karnataka","statecode":"29","districtname":"Dakshin Kannada","districtcode":"575","ulbname":"Mangalore","ulbcode":"803181","wardname":"Port","wardcode":"45","id":null,"status":"APPROVED","misglobalid":null,"approved_by":null,"createdate":1643352436000,"updateddate":1643353153000,"globalid":null,"gisglobalid":"lPsPRPnR-Kc65-P4Bo-RQP4-coQsoBaPKBQl","remark":"Uploaded Ward Boundary Is As Per The Guidelines And Within The Ulb Boundary","st_area(shape)":0.00013392315235288558,"st_perimeter(shape)":0.05899074083810145}},{"arcs":[[138,139,140,-134,-125,-123]],"type":"Polygon","properties":{"objectid":106354,"statename":"Karnataka","statecode":"29","districtname":"Dakshin Kannada","districtcode":"575","ulbname":"Mangalore","ulbcode":"803181","wardname":"Cantonment","wardcode":"46","id":null,"status":"APPROVED","misglobalid":null,"approved_by":null,"createdate":1643352436000,"updateddate":1643353440000,"globalid":null,"gisglobalid":"dQKaslno-o4nc-PKKQ-a64R-doso4n4oBndl","remark":"Uploaded Ward Boundary Is As Per The Guidelines And Within The Ulb Boundary","st_area(shape)":0.00005802274018629791,"st_perimeter(shape)":0.04817610441577098}},{"arcs":[[-104,-118,141,-139,-122,-112]],"type":"Polygon","properties":{"objectid":107976,"statename":"Karnataka","statecode":"29","districtname":"Dakshin Kannada","districtcode":"575","ulbname":"Mangalore","ulbcode":"803181","wardname":"Milagres","wardcode":"47","id":null,"status":"APPROVED","misglobalid":null,"approved_by":null,"createdate":1643352436000,"updateddate":1643353291000,"globalid":null,"gisglobalid":"6Km5mc5a-PR65-PdPc-sm55-oB54oaBRcoR4","remark":"Uploaded Ward Boundary Is As Per The Guidelines And Within The Ulb Boundary","st_area(shape)":0.00007900677470527379,"st_perimeter(shape)":0.05000064131419959}},{"arcs":[[142,143,144,145,-114,-102,-111]],"type":"Polygon","properties":{"objectid":106364,"statename":"Karnataka","statecode":"29","districtname":"Dakshin Kannada","districtcode":"575","ulbname":"Mangalore","ulbcode":"803181","wardname":"Valencia","wardcode":"48","id":null,"status":"APPROVED","misglobalid":null,"approved_by":null,"createdate":1643352436000,"updateddate":1643353264000,"globalid":null,"gisglobalid":"d4dsdnBn-mnRa-PKa4-sns6-llm4QsKRKcnP","remark":"Uploaded Ward Boundary Is As Per The Guidelines And Within The Ulb Boundary","st_area(shape)":0.00012672935342988856,"st_perimeter(shape)":0.0946391054462971}},{"arcs":[[146,147,-145]],"type":"Polygon","properties":{"objectid":106362,"statename":"Karnataka","statecode":"29","districtname":"Dakshin Kannada","districtcode":"575","ulbname":"Mangalore","ulbcode":"803181","wardname":"Kankanady","wardcode":"49","id":null,"status":"APPROVED","misglobalid":null,"approved_by":null,"createdate":1643352436000,"updateddate":1643353254000,"globalid":null,"gisglobalid":"K5ooPBoB-l5oc-PBmn-RKoB-sdP46Rcc6nno","remark":"Uploaded Ward Boundary Is As Per The Guidelines And Within The Ulb Boundary","st_area(shape)":0.00010604635421390768,"st_perimeter(shape)":0.07701378679767105}},{"arcs":[[149,150,151,152,-147,-144,153]],"type":"Polygon","properties":{"objectid":108357,"statename":"Karnataka","statecode":"29","districtname":"Dakshin Kannada","districtcode":"575","ulbname":"Mangalore","ulbcode":"803181","wardname":"Alape South","wardcode":"50","id":null,"status":"APPROVED","misglobalid":null,"approved_by":null,"createdate":1643352436000,"updateddate":1643353247000,"globalid":null,"gisglobalid":"5mB4csdc-m65K-P4lo-amnc-Rc6d4nmaKRsa","remark":"Uploaded Ward Boundary Is As Per The Guidelines And Within The Ulb Boundary","st_area(shape)":0.00022102248399208212,"st_perimeter(shape)":0.0920790804097726}},{"arcs":[[154,-154,-143,-110,-100,-109,155]],"type":"Polygon","properties":{"objectid":104330,"statename":"Karnataka","statecode":"29","districtname":"Dakshin Kannada","districtcode":"575","ulbname":"Mangalore","ulbcode":"803181","wardname":"Alape North","wardcode":"51","id":null,"status":"APPROVED","misglobalid":null,"approved_by":null,"createdate":1643352436000,"updateddate":1643353209000,"globalid":null,"gisglobalid":"KscRs64Q-4PdB-PnBs-RsaB-manKllR6o5BK","remark":"Uploaded Ward Boundary Is As Per The Guidelines And Within The Ulb Boundary","st_area(shape)":0.0002624579220603064,"st_perimeter(shape)":0.08044034417091786}},{"arcs":[[[156,-150,-155,157]],[[158]]],"type":"MultiPolygon","properties":{"objectid":104329,"statename":"Karnataka","statecode":"29","districtname":"Dakshin Kannada","districtcode":"575","ulbname":"Mangalore","ulbcode":"803181","wardname":"Kannur","wardcode":"52","id":null,"status":"APPROVED","misglobalid":null,"approved_by":null,"createdate":1643352436000,"updateddate":1643353238000,"globalid":null,"gisglobalid":"dRmsQlR5-amQR-P5Kd-aPQo-KKoPo4ccR5Kd","remark":"Uploaded Ward Boundary Is As Per The Guidelines And Within The Ulb Boundary","st_area(shape)":0.00027315325288427666,"st_perimeter(shape)":0.12092556131923951}},{"arcs":[[159,-151,-157]],"type":"Polygon","properties":{"objectid":107200,"statename":"Karnataka","statecode":"29","districtname":"Dakshin Kannada","districtcode":"575","ulbname":"Mangalore","ulbcode":"803181","wardname":"Bajal","wardcode":"53","id":null,"status":"APPROVED","misglobalid":null,"approved_by":null,"createdate":1643352436000,"updateddate":1643353408000,"globalid":null,"gisglobalid":"msQQlPod-6Qsa-Psdn-Ramn-56RdsBasmPl6","remark":"Uploaded Ward Boundary Is As Per The Guidelines And Within The Ulb Boundary","st_area(shape)":0.0001612390530447475,"st_perimeter(shape)":0.056002613914627325}},{"arcs":[[[-148,-153,160,161,162,-115,-146]],[[163]]],"type":"MultiPolygon","properties":{"objectid":105146,"statename":"Karnataka","statecode":"29","districtname":"Dakshin Kannada","districtcode":"575","ulbname":"Mangalore","ulbcode":"803181","wardname":"Jeppinamogru","wardcode":"54","id":null,"status":"APPROVED","misglobalid":null,"approved_by":null,"createdate":1643352436000,"updateddate":1643353396000,"globalid":null,"gisglobalid":"5KBQcss6-BQsB-P5Qd-RQso-QKPKB6llm6Ks","remark":"Uploaded Ward Boundary Is As Per The Guidelines And Within The Ulb Boundary","st_area(shape)":0.00026299947330354857,"st_perimeter(shape)":0.1410508139278575}},{"arcs":[[-117,164,-162,165,166,167,-140,-142]],"type":"Polygon","properties":{"objectid":106358,"statename":"Karnataka","statecode":"29","districtname":"Dakshin Kannada","districtcode":"575","ulbname":"Mangalore","ulbcode":"803181","wardname":"Attavar","wardcode":"55","id":null,"status":"APPROVED","misglobalid":null,"approved_by":null,"createdate":1643352436000,"updateddate":1643353368000,"globalid":null,"gisglobalid":"K55lBdc6-cd5a-Palc-Rs6K-45Koacodd5dm","remark":"Uploaded Ward Boundary Is As Per The Guidelines And Within The Ulb Boundary","st_area(shape)":0.00009008131671901539,"st_perimeter(shape)":0.06466880371662596}},{"arcs":[[-168,168,169,-135,-141]],"type":"Polygon","properties":{"objectid":105145,"statename":"Karnataka","statecode":"29","districtname":"Dakshin Kannada","districtcode":"575","ulbname":"Mangalore","ulbcode":"803181","wardname":"Mangaladevi","wardcode":"56","id":null,"status":"APPROVED","misglobalid":null,"approved_by":null,"createdate":1643352436000,"updateddate":1643353378000,"globalid":null,"gisglobalid":"BoP6566c-Ko4d-P445-a66a-snsd4olKlasl","remark":"Uploaded Ward Boundary Is As Per The Guidelines And Within The Ulb Boundary","st_area(shape)":0.00006656424558707114,"st_perimeter(shape)":0.04934156603294969}},{"arcs":[[-170,170,171,-136]],"type":"Polygon","properties":{"objectid":108360,"statename":"Karnataka","statecode":"29","districtname":"Dakshin Kannada","districtcode":"575","ulbname":"Mangalore","ulbcode":"803181","wardname":"Hoige Bajar","wardcode":"57","id":null,"status":"APPROVED","misglobalid":null,"approved_by":null,"createdate":1643352436000,"updateddate":1643353387000,"globalid":null,"gisglobalid":"occoc5od-dcsc-Pc6a-a4cn-RnQl5BP455nm","remark":"Uploaded Ward Boundary Is As Per The Guidelines And Within The Ulb Boundary","st_area(shape)":0.000053796686818001206,"st_perimeter(shape)":0.043150065447185075}},{"arcs":[[-167,172,-171,-169]],"type":"Polygon","properties":{"objectid":108356,"statename":"Karnataka","statecode":"29","districtname":"Dakshin Kannada","districtcode":"575","ulbname":"Mangalore","ulbcode":"803181","wardname":"Bolar","wardcode":"58","id":null,"status":"APPROVED","misglobalid":null,"approved_by":null,"createdate":1643352436000,"updateddate":1643353448000,"globalid":null,"gisglobalid":"lP6dooal-B46P-P4l4-ss5R-mlc5KKcmsBna","remark":"Uploaded Ward Boundary Is As Per The Guidelines And Within The Ulb Boundary","st_area(shape)":0.00005846393726314342,"st_perimeter(shape)":0.04463360746807482}},{"arcs":[[-163,-165,-116]],"type":"Polygon","properties":{"objectid":107974,"statename":"Karnataka","statecode":"29","districtname":"Dakshin Kannada","districtcode":"575","ulbname":"Mangalore","ulbcode":"803181","wardname":"Jeppu","wardcode":"59","id":null,"status":"APPROVED","misglobalid":null,"approved_by":null,"createdate":1643352436000,"updateddate":1643353341000,"globalid":null,"gisglobalid":"BoPc6cnK-Rl6l-PalR-QBs4-4l4RRdRPQsBa","remark":"Uploaded Ward Boundary Is As Per The Guidelines And Within The Ulb Boundary","st_area(shape)":0.00005528749008038115,"st_perimeter(shape)":0.03871225787397311}},{"arcs":[[-138,176,-18,-133]],"type":"Polygon","properties":{"objectid":107975,"statename":"Karnataka","statecode":"29","districtname":"Dakshin Kannada","districtcode":"575","ulbname":"Mangalore","ulbcode":"803181","wardname":"Bengre","wardcode":"60","id":null,"status":"APPROVED","misglobalid":null,"approved_by":null,"createdate":1643352436000,"updateddate":1643353145000,"globalid":null,"gisglobalid":"BaaP55oc-snla-PPca-a5nm-nR5sKdBdnQos","remark":"Uploaded Ward Boundary Is As Per The Guidelines And Within The Ulb Boundary","st_area(shape)":0.00012345190462980033,"st_perimeter(shape)":0.05220792072670264}}]}}}