state_entity_id,delim_year,eci_no,lgd_ac_id,ac_id,ac_name,match_method,source_id
andhra-pradesh,2008,1,28120,IN-S01-AC-2008-1,ICHCHAPURAM,lgd_direct,src-4ad56b409556
andhra-pradesh,2008,2,28121,IN-S01-AC-2008-2,PALASA,lgd_direct,src-4ad56b409556
andhra-pradesh,2008,3,28122,IN-S01-AC-2008-3,TEKKALI,lgd_direct,src-4ad56b409556
andhra-pradesh,2008,4,28123,IN-S01-AC-2008-4,PATHAPATNAM,lgd_direct,src-4ad56b409556
andhra-pradesh,2008,5,28124,IN-S01-AC-2008-5,SRIKAKULAM,lgd_direct,src-4ad56b409556
andhra-pradesh,2008,6,28125,IN-S01-AC-2008-6,AMADALAVALASA,lgd_direct,src-4ad56b409556
andhra-pradesh,2008,7,28126,IN-S01-AC-2008-7,ETCHERLA,lgd_direct,src-4ad56b409556
andhra-pradesh,2008,8,28127,IN-S01-AC-2008-8,NARASANNAPETA,lgd_direct,src-4ad56b409556
andhra-pradesh,2008,9,28128,IN-S01-AC-2008-9,RAJAM,lgd_direct,src-4ad56b409556
andhra-pradesh,2008,10,28129,IN-S01-AC-2008-10,PALAKONDA,lgd_direct,src-4ad56b409556
andhra-pradesh,2008,11,28130,IN-S01-AC-2008-11,KURUPAM,lgd_direct,src-4ad56b409556
andhra-pradesh,2008,12,28131,IN-S01-AC-2008-12,PARVATHIPURAM,lgd_direct,src-4ad56b409556
andhra-pradesh,2008,13,28132,IN-S01-AC-2008-13,SALUR,lgd_direct,src-4ad56b409556
andhra-pradesh,2008,14,28133,IN-S01-AC-2008-14,BOBBILI,lgd_direct,src-4ad56b409556
andhra-pradesh,2008,15,28134,IN-S01-AC-2008-15,CHEEPURUPALLE,lgd_direct,src-4ad56b409556
andhra-pradesh,2008,16,28135,IN-S01-AC-2008-16,GAJAPATHINAGARAM,lgd_direct,src-4ad56b409556
andhra-pradesh,2008,17,28136,IN-S01-AC-2008-17,NELLIMARLA,lgd_direct,src-4ad56b409556
andhra-pradesh,2008,18,28137,IN-S01-AC-2008-18,VIZIANAGARAM,lgd_direct,src-4ad56b409556
andhra-pradesh,2008,19,28138,IN-S01-AC-2008-19,SRUNGAVARAPUKOTA,lgd_direct,src-4ad56b409556
andhra-pradesh,2008,20,28139,IN-S01-AC-2008-20,BHIMLI,lgd_direct,src-4ad56b409556
andhra-pradesh,2008,21,28140,IN-S01-AC-2008-21,VISAKHAPATNAM EAST,lgd_direct,src-4ad56b409556
andhra-pradesh,2008,22,28141,IN-S01-AC-2008-22,VISAKHAPATNAM SOUTH,lgd_direct,src-4ad56b409556
andhra-pradesh,2008,23,28142,IN-S01-AC-2008-23,VISAKHAPATNAM NORTH,lgd_direct,src-4ad56b409556
andhra-pradesh,2008,24,28143,IN-S01-AC-2008-24,VISAKHAPATNAM WEST,lgd_direct,src-4ad56b409556
andhra-pradesh,2008,25,28144,IN-S01-AC-2008-25,GAJUWAKA,lgd_direct,src-4ad56b409556
andhra-pradesh,2008,26,28145,IN-S01-AC-2008-26,CHODAVARAM,lgd_direct,src-4ad56b409556
andhra-pradesh,2008,27,28146,IN-S01-AC-2008-27,V.MADUGULA,lgd_direct,src-4ad56b409556
andhra-pradesh,2008,28,28147,IN-S01-AC-2008-28,ARAKU VALLEY,lgd_direct,src-4ad56b409556
andhra-pradesh,2008,29,28148,IN-S01-AC-2008-29,PADERU,lgd_direct,src-4ad56b409556
andhra-pradesh,2008,30,28149,IN-S01-AC-2008-30,ANAKAPALLI,lgd_direct,src-4ad56b409556
andhra-pradesh,2008,31,28150,IN-S01-AC-2008-31,PENDURTHI,lgd_direct,src-4ad56b409556
andhra-pradesh,2008,32,28151,IN-S01-AC-2008-32,ELAMANCHILI,lgd_direct,src-4ad56b409556
andhra-pradesh,2008,33,28152,IN-S01-AC-2008-33,PAYAKARAOPETA,lgd_direct,src-4ad56b409556
andhra-pradesh,2008,34,28153,IN-S01-AC-2008-34,NARSIPATNAM,lgd_direct,src-4ad56b409556
andhra-pradesh,2008,35,28154,IN-S01-AC-2008-35,TUNI,lgd_direct,src-4ad56b409556
andhra-pradesh,2008,36,28155,IN-S01-AC-2008-36,PRATHIPADU,lgd_direct,src-4ad56b409556
andhra-pradesh,2008,37,28156,IN-S01-AC-2008-37,PITHAPURAM,lgd_direct,src-4ad56b409556
andhra-pradesh,2008,38,28157,IN-S01-AC-2008-38,KAKINADA RURAL,lgd_direct,src-4ad56b409556
andhra-pradesh,2008,39,28158,IN-S01-AC-2008-39,PEDDAPURAM,lgd_direct,src-4ad56b409556
andhra-pradesh,2008,40,28159,IN-S01-AC-2008-40,ANAPARTHY,lgd_direct,src-4ad56b409556
andhra-pradesh,2008,41,28160,IN-S01-AC-2008-41,KAKINADA CITY,lgd_direct,src-4ad56b409556
andhra-pradesh,2008,42,28161,IN-S01-AC-2008-42,RAMACHANDRAPURAM,lgd_direct,src-4ad56b409556
andhra-pradesh,2008,43,28162,IN-S01-AC-2008-43,MUMMIDIVARAM,lgd_direct,src-4ad56b409556
andhra-pradesh,2008,44,28163,IN-S01-AC-2008-44,AMALAPURAM,lgd_direct,src-4ad56b409556
andhra-pradesh,2008,45,28164,IN-S01-AC-2008-45,RAZOLE,lgd_direct,src-4ad56b409556
andhra-pradesh,2008,46,28165,IN-S01-AC-2008-46,GANNAVARAM,lgd_direct,src-4ad56b409556
andhra-pradesh,2008,47,28166,IN-S01-AC-2008-47,KOTHAPETA,lgd_direct,src-4ad56b409556
andhra-pradesh,2008,48,28167,IN-S01-AC-2008-48,MANDAPETA,lgd_direct,src-4ad56b409556
andhra-pradesh,2008,49,28168,IN-S01-AC-2008-49,RAJANAGARAM,lgd_direct,src-4ad56b409556
andhra-pradesh,2008,50,28169,IN-S01-AC-2008-50,RAJAHMUNDRY CITY,lgd_direct,src-4ad56b409556
andhra-pradesh,2008,51,28170,IN-S01-AC-2008-51,RAJAMUNDRY RURAL,lgd_direct,src-4ad56b409556
andhra-pradesh,2008,52,28171,IN-S01-AC-2008-52,JAGGAMPETA,lgd_direct,src-4ad56b409556
andhra-pradesh,2008,53,28172,IN-S01-AC-2008-53,RAMPACHODAVARAM,lgd_direct,src-4ad56b409556
andhra-pradesh,2008,54,28173,IN-S01-AC-2008-54,KOVVUR,lgd_direct,src-4ad56b409556
andhra-pradesh,2008,55,28174,IN-S01-AC-2008-55,NIDADAVOLE,lgd_direct,src-4ad56b409556
andhra-pradesh,2008,56,28175,IN-S01-AC-2008-56,ACHANTA,lgd_direct,src-4ad56b409556
andhra-pradesh,2008,57,28176,IN-S01-AC-2008-57,PALACOLE,lgd_direct,src-4ad56b409556
andhra-pradesh,2008,58,28177,IN-S01-AC-2008-58,NARASAPURAM,lgd_direct,src-4ad56b409556
andhra-pradesh,2008,59,28178,IN-S01-AC-2008-59,BHIMAVARAM,lgd_direct,src-4ad56b409556
andhra-pradesh,2008,60,28179,IN-S01-AC-2008-60,UNDI,lgd_direct,src-4ad56b409556
andhra-pradesh,2008,61,28180,IN-S01-AC-2008-61,TANUKU,lgd_direct,src-4ad56b409556
andhra-pradesh,2008,62,28181,IN-S01-AC-2008-62,TADEPALLIGUDEM,lgd_direct,src-4ad56b409556
andhra-pradesh,2008,63,28182,IN-S01-AC-2008-63,UNGUTURU,lgd_direct,src-4ad56b409556
andhra-pradesh,2008,64,28183,IN-S01-AC-2008-64,DENDULURU,lgd_direct,src-4ad56b409556
andhra-pradesh,2008,65,28184,IN-S01-AC-2008-65,ELURU,lgd_direct,src-4ad56b409556
andhra-pradesh,2008,66,28185,IN-S01-AC-2008-66,GOPALAPURAM,lgd_direct,src-4ad56b409556
andhra-pradesh,2008,67,28186,IN-S01-AC-2008-67,POLAVARAM,lgd_direct,src-4ad56b409556
andhra-pradesh,2008,68,28187,IN-S01-AC-2008-68,CHINTALAPUDI,lgd_direct,src-4ad56b409556
andhra-pradesh,2008,69,28188,IN-S01-AC-2008-69,TIRUVURU,lgd_direct,src-4ad56b409556
andhra-pradesh,2008,70,28189,IN-S01-AC-2008-70,NUZVID,lgd_direct,src-4ad56b409556
andhra-pradesh,2008,71,28190,IN-S01-AC-2008-71,GANNAVARAM,lgd_direct,src-4ad56b409556
andhra-pradesh,2008,72,28191,IN-S01-AC-2008-72,GUDIVADA,lgd_direct,src-4ad56b409556
andhra-pradesh,2008,73,28192,IN-S01-AC-2008-73,KAIKALUR,lgd_direct,src-4ad56b409556
andhra-pradesh,2008,74,28193,IN-S01-AC-2008-74,PEDANA,lgd_direct,src-4ad56b409556
andhra-pradesh,2008,75,28194,IN-S01-AC-2008-75,MACHILIPATNAM,lgd_direct,src-4ad56b409556
andhra-pradesh,2008,76,28195,IN-S01-AC-2008-76,AVANIGADDA,lgd_direct,src-4ad56b409556
andhra-pradesh,2008,77,28196,IN-S01-AC-2008-77,PAMARRU,lgd_direct,src-4ad56b409556
andhra-pradesh,2008,78,28197,IN-S01-AC-2008-78,PENAMALURU,lgd_direct,src-4ad56b409556
andhra-pradesh,2008,79,28198,IN-S01-AC-2008-79,VIJAYWADA WEST,lgd_direct,src-4ad56b409556
andhra-pradesh,2008,80,28199,IN-S01-AC-2008-80,VIJAYAWADA CENTRAL,lgd_direct,src-4ad56b409556
andhra-pradesh,2008,81,28200,IN-S01-AC-2008-81,VIJAYAWADA EAST,lgd_direct,src-4ad56b409556
andhra-pradesh,2008,82,28201,IN-S01-AC-2008-82,MYLAVARAM,lgd_direct,src-4ad56b409556
andhra-pradesh,2008,83,28202,IN-S01-AC-2008-83,NANDIGAMA,lgd_direct,src-4ad56b409556
andhra-pradesh,2008,84,28203,IN-S01-AC-2008-84,JAGGAYYAPETA,lgd_direct,src-4ad56b409556
andhra-pradesh,2008,85,28204,IN-S01-AC-2008-85,PEDAKURAPADU,lgd_direct,src-4ad56b409556
andhra-pradesh,2008,86,28205,IN-S01-AC-2008-86,TADIKONDA,lgd_direct,src-4ad56b409556
andhra-pradesh,2008,87,28206,IN-S01-AC-2008-87,MANGALAGIRI,lgd_direct,src-4ad56b409556
andhra-pradesh,2008,88,28207,IN-S01-AC-2008-88,PONNUR,lgd_direct,src-4ad56b409556
andhra-pradesh,2008,89,28208,IN-S01-AC-2008-89,VEMURU,lgd_direct,src-4ad56b409556
andhra-pradesh,2008,90,28209,IN-S01-AC-2008-90,REPALLE,lgd_direct,src-4ad56b409556
andhra-pradesh,2008,91,28210,IN-S01-AC-2008-91,TENALI,lgd_direct,src-4ad56b409556
andhra-pradesh,2008,92,28211,IN-S01-AC-2008-92,BAPATLA,lgd_direct,src-4ad56b409556
andhra-pradesh,2008,93,28212,IN-S01-AC-2008-93,PRATHIPADU,lgd_direct,src-4ad56b409556
andhra-pradesh,2008,94,28213,IN-S01-AC-2008-94,GUNTUR WEST,lgd_direct,src-4ad56b409556
andhra-pradesh,2008,95,28214,IN-S01-AC-2008-95,GUNTUR EAST,lgd_direct,src-4ad56b409556
andhra-pradesh,2008,96,28215,IN-S01-AC-2008-96,CHILAKALURIPET,lgd_direct,src-4ad56b409556
andhra-pradesh,2008,97,28216,IN-S01-AC-2008-97,NARASARAOPET,lgd_direct,src-4ad56b409556
andhra-pradesh,2008,98,28217,IN-S01-AC-2008-98,SATTENAPALLI,lgd_direct,src-4ad56b409556
andhra-pradesh,2008,99,28218,IN-S01-AC-2008-99,VINUKONDA,lgd_direct,src-4ad56b409556
andhra-pradesh,2008,100,28219,IN-S01-AC-2008-100,GURAZALA,lgd_direct,src-4ad56b409556
andhra-pradesh,2008,101,28220,IN-S01-AC-2008-101,MACHERLA,lgd_direct,src-4ad56b409556
andhra-pradesh,2008,102,28221,IN-S01-AC-2008-102,YERRAGONDAPALEM,lgd_direct,src-4ad56b409556
andhra-pradesh,2008,103,28222,IN-S01-AC-2008-103,DARSI,lgd_direct,src-4ad56b409556
andhra-pradesh,2008,104,28223,IN-S01-AC-2008-104,PARCHUR,lgd_direct,src-4ad56b409556
andhra-pradesh,2008,105,28224,IN-S01-AC-2008-105,ADDANKI,lgd_direct,src-4ad56b409556
andhra-pradesh,2008,106,28225,IN-S01-AC-2008-106,CHIRALA,lgd_direct,src-4ad56b409556
andhra-pradesh,2008,107,28226,IN-S01-AC-2008-107,SANTHANUTHALAPADU,lgd_direct,src-4ad56b409556
andhra-pradesh,2008,108,28227,IN-S01-AC-2008-108,ONGOLE,lgd_direct,src-4ad56b409556
andhra-pradesh,2008,109,28228,IN-S01-AC-2008-109,KANDUKUR,lgd_direct,src-4ad56b409556
andhra-pradesh,2008,110,28229,IN-S01-AC-2008-110,KONDAPI,lgd_direct,src-4ad56b409556
andhra-pradesh,2008,111,28230,IN-S01-AC-2008-111,MARKAPURAM,lgd_direct,src-4ad56b409556
andhra-pradesh,2008,112,28231,IN-S01-AC-2008-112,GIDDALUR,lgd_direct,src-4ad56b409556
andhra-pradesh,2008,113,28232,IN-S01-AC-2008-113,KANIGIRI,lgd_direct,src-4ad56b409556
andhra-pradesh,2008,114,28233,IN-S01-AC-2008-114,KAVALI,lgd_direct,src-4ad56b409556
andhra-pradesh,2008,115,28234,IN-S01-AC-2008-115,ATMAKUR,lgd_direct,src-4ad56b409556
andhra-pradesh,2008,116,28235,IN-S01-AC-2008-116,KOVUR,lgd_direct,src-4ad56b409556
andhra-pradesh,2008,117,28236,IN-S01-AC-2008-117,NELLORE CITY,lgd_direct,src-4ad56b409556
andhra-pradesh,2008,118,28237,IN-S01-AC-2008-118,NELLORE RURAL,lgd_direct,src-4ad56b409556
andhra-pradesh,2008,119,28238,IN-S01-AC-2008-119,SARVEPALLI,lgd_direct,src-4ad56b409556
andhra-pradesh,2008,120,28239,IN-S01-AC-2008-120,GUDUR,lgd_direct,src-4ad56b409556
andhra-pradesh,2008,121,28240,IN-S01-AC-2008-121,SULLURPETA,lgd_direct,src-4ad56b409556
andhra-pradesh,2008,122,28241,IN-S01-AC-2008-122,VENKATAGIRI,lgd_direct,src-4ad56b409556
andhra-pradesh,2008,123,28242,IN-S01-AC-2008-123,UDAYAGIRI,lgd_direct,src-4ad56b409556
andhra-pradesh,2008,124,28243,IN-S01-AC-2008-124,BADVEL,lgd_direct,src-4ad56b409556
andhra-pradesh,2008,125,28244,IN-S01-AC-2008-125,RAJAMPET,lgd_direct,src-4ad56b409556
andhra-pradesh,2008,126,28245,IN-S01-AC-2008-126,KADAPA,lgd_direct,src-4ad56b409556
andhra-pradesh,2008,127,28246,IN-S01-AC-2008-127,KODUR,lgd_direct,src-4ad56b409556
andhra-pradesh,2008,128,28247,IN-S01-AC-2008-128,RAYACHOTI,lgd_direct,src-4ad56b409556
andhra-pradesh,2008,129,28248,IN-S01-AC-2008-129,PULIVENDLA,lgd_direct,src-4ad56b409556
andhra-pradesh,2008,130,28249,IN-S01-AC-2008-130,KAMALAPURAM,lgd_direct,src-4ad56b409556
andhra-pradesh,2008,131,28250,IN-S01-AC-2008-131,JAMMALAMADUGU,lgd_direct,src-4ad56b409556
andhra-pradesh,2008,132,28251,IN-S01-AC-2008-132,PRODDATUR,lgd_direct,src-4ad56b409556
andhra-pradesh,2008,133,28252,IN-S01-AC-2008-133,MYDUKUR,lgd_direct,src-4ad56b409556
andhra-pradesh,2008,134,28253,IN-S01-AC-2008-134,ALLAGADDA,lgd_direct,src-4ad56b409556
andhra-pradesh,2008,135,28254,IN-S01-AC-2008-135,SRISAILAM,lgd_direct,src-4ad56b409556
andhra-pradesh,2008,136,28255,IN-S01-AC-2008-136,NANDIKOTKUR,lgd_direct,src-4ad56b409556
andhra-pradesh,2008,137,28256,IN-S01-AC-2008-137,KURNOOL,lgd_direct,src-4ad56b409556
andhra-pradesh,2008,138,28257,IN-S01-AC-2008-138,PANYAM,lgd_direct,src-4ad56b409556
andhra-pradesh,2008,139,28258,IN-S01-AC-2008-139,NANDYAL,lgd_direct,src-4ad56b409556
andhra-pradesh,2008,140,28259,IN-S01-AC-2008-140,BANAGANAPALLE,lgd_direct,src-4ad56b409556
andhra-pradesh,2008,141,28260,IN-S01-AC-2008-141,DHONE,lgd_direct,src-4ad56b409556
andhra-pradesh,2008,142,28261,IN-S01-AC-2008-142,PATTIKONDA,lgd_direct,src-4ad56b409556
andhra-pradesh,2008,143,28262,IN-S01-AC-2008-143,KODUMUR,lgd_direct,src-4ad56b409556
andhra-pradesh,2008,144,28263,IN-S01-AC-2008-144,YEMMIGANUR,lgd_direct,src-4ad56b409556
andhra-pradesh,2008,145,28264,IN-S01-AC-2008-145,MANTRALAYAM,lgd_direct,src-4ad56b409556
andhra-pradesh,2008,146,28265,IN-S01-AC-2008-146,ADONI,lgd_direct,src-4ad56b409556
andhra-pradesh,2008,147,28266,IN-S01-AC-2008-147,ALUR,lgd_direct,src-4ad56b409556
andhra-pradesh,2008,148,28267,IN-S01-AC-2008-148,RAYADURG,lgd_direct,src-4ad56b409556
andhra-pradesh,2008,149,28268,IN-S01-AC-2008-149,URAVAKONDA,lgd_direct,src-4ad56b409556
andhra-pradesh,2008,150,28269,IN-S01-AC-2008-150,GUNTAKAL,lgd_direct,src-4ad56b409556
andhra-pradesh,2008,151,28270,IN-S01-AC-2008-151,TADIPATRI,lgd_direct,src-4ad56b409556
andhra-pradesh,2008,152,28271,IN-S01-AC-2008-152,SINGANAMALA,lgd_direct,src-4ad56b409556
andhra-pradesh,2008,153,28272,IN-S01-AC-2008-153,ANANTAPUR URBAN,lgd_direct,src-4ad56b409556
andhra-pradesh,2008,154,28273,IN-S01-AC-2008-154,KALYANDURG,lgd_direct,src-4ad56b409556
andhra-pradesh,2008,155,28274,IN-S01-AC-2008-155,RAPTADU,lgd_direct,src-4ad56b409556
andhra-pradesh,2008,156,28275,IN-S01-AC-2008-156,MADAKASIRA,lgd_direct,src-4ad56b409556
andhra-pradesh,2008,157,28276,IN-S01-AC-2008-157,HINDUPUR,lgd_direct,src-4ad56b409556
andhra-pradesh,2008,158,28277,IN-S01-AC-2008-158,PENUKONDA,lgd_direct,src-4ad56b409556
andhra-pradesh,2008,159,28278,IN-S01-AC-2008-159,PUTTAPARTHI,lgd_direct,src-4ad56b409556
andhra-pradesh,2008,160,28279,IN-S01-AC-2008-160,DHARMAVARAM,lgd_direct,src-4ad56b409556
andhra-pradesh,2008,161,28280,IN-S01-AC-2008-161,KADIRI,lgd_direct,src-4ad56b409556
andhra-pradesh,2008,162,28281,IN-S01-AC-2008-162,THAMBALLAPALLE,lgd_direct,src-4ad56b409556
andhra-pradesh,2008,163,28282,IN-S01-AC-2008-163,PILERU,lgd_direct,src-4ad56b409556
andhra-pradesh,2008,164,28283,IN-S01-AC-2008-164,MADANAPALLE,lgd_direct,src-4ad56b409556
andhra-pradesh,2008,165,28284,IN-S01-AC-2008-165,PUNGANUR,lgd_direct,src-4ad56b409556
andhra-pradesh,2008,166,28285,IN-S01-AC-2008-166,CHANDRAGIRI,lgd_direct,src-4ad56b409556
andhra-pradesh,2008,167,28286,IN-S01-AC-2008-167,TIRUPATI,lgd_direct,src-4ad56b409556
andhra-pradesh,2008,168,28287,IN-S01-AC-2008-168,SRIKALAHASTI,lgd_direct,src-4ad56b409556
andhra-pradesh,2008,169,28288,IN-S01-AC-2008-169,SATYAVEDU,lgd_direct,src-4ad56b409556
andhra-pradesh,2008,170,28289,IN-S01-AC-2008-170,NAGARI,lgd_direct,src-4ad56b409556
andhra-pradesh,2008,171,28290,IN-S01-AC-2008-171,GANGADHARA NELLORE,lgd_direct,src-4ad56b409556
andhra-pradesh,2008,172,28291,IN-S01-AC-2008-172,CHITTOOR,lgd_direct,src-4ad56b409556
andhra-pradesh,2008,173,28292,IN-S01-AC-2008-173,PUTHALAPATTU,lgd_direct,src-4ad56b409556
andhra-pradesh,2008,174,28293,IN-S01-AC-2008-174,PALAMANER,lgd_direct,src-4ad56b409556
andhra-pradesh,2008,175,28294,IN-S01-AC-2008-175,KUPPAM,lgd_direct,src-4ad56b409556
arunachal-pradesh,2008,1,12001,IN-S02-AC-2008-1,LUMLA,lgd_direct,src-4ad56b409556
arunachal-pradesh,2008,2,12002,IN-S02-AC-2008-2,TAWANG,lgd_direct,src-4ad56b409556
arunachal-pradesh,2008,4,12004,IN-S02-AC-2008-4,DIRANG,lgd_direct,src-4ad56b409556
arunachal-pradesh,2008,5,12005,IN-S02-AC-2008-5,KALAKTANG,lgd_direct,src-4ad56b409556
arunachal-pradesh,2008,6,12006,IN-S02-AC-2008-6,THRIZINO-BURAGAON,lgd_direct,src-4ad56b409556
arunachal-pradesh,2008,8,12008,IN-S02-AC-2008-8,BAMENG,lgd_direct,src-4ad56b409556
arunachal-pradesh,2008,9,12009,IN-S02-AC-2008-9,CHAYANG TAJO,lgd_direct,src-4ad56b409556
arunachal-pradesh,2008,10,12010,IN-S02-AC-2008-10,SEPPA EAST,lgd_direct,src-4ad56b409556
arunachal-pradesh,2008,11,12011,IN-S02-AC-2008-11,SEPPA WEST,lgd_direct,src-4ad56b409556
arunachal-pradesh,2008,12,12012,IN-S02-AC-2008-12,PAKKE KESSANG,lgd_direct,src-4ad56b409556
arunachal-pradesh,2008,14,12014,IN-S02-AC-2008-14,DOIMUKH,lgd_direct,src-4ad56b409556
arunachal-pradesh,2008,16,12016,IN-S02-AC-2008-16,YACHULI,lgd_direct,src-4ad56b409556
arunachal-pradesh,2008,18,12018,IN-S02-AC-2008-18,PALIN,lgd_direct,src-4ad56b409556
arunachal-pradesh,2008,19,12019,IN-S02-AC-2008-19,NYAPIN,lgd_direct,src-4ad56b409556
arunachal-pradesh,2008,21,12021,IN-S02-AC-2008-21,KOLORIANG,lgd_direct,src-4ad56b409556
arunachal-pradesh,2008,22,12022,IN-S02-AC-2008-22,NACHO,lgd_direct,src-4ad56b409556
arunachal-pradesh,2008,24,12024,IN-S02-AC-2008-24,DAPORIJO,lgd_direct,src-4ad56b409556
arunachal-pradesh,2008,25,12025,IN-S02-AC-2008-25,RAGA,lgd_direct,src-4ad56b409556
arunachal-pradesh,2008,26,12026,IN-S02-AC-2008-26,DUMPORIJO,lgd_direct,src-4ad56b409556
arunachal-pradesh,2008,27,12027,IN-S02-AC-2008-27,LIROMOBA,lgd_direct,src-4ad56b409556
arunachal-pradesh,2008,28,12028,IN-S02-AC-2008-28,LIKABALI,lgd_direct,src-4ad56b409556
arunachal-pradesh,2008,29,12029,IN-S02-AC-2008-29,BASAR,lgd_direct,src-4ad56b409556
arunachal-pradesh,2008,30,12030,IN-S02-AC-2008-30,ALONG WEST,lgd_direct,src-4ad56b409556
arunachal-pradesh,2008,31,12031,IN-S02-AC-2008-31,ALONG EAST,lgd_direct,src-4ad56b409556
arunachal-pradesh,2008,32,12032,IN-S02-AC-2008-32,RUMGONG,lgd_direct,src-4ad56b409556
arunachal-pradesh,2008,33,12033,IN-S02-AC-2008-33,MECHUKA,lgd_direct,src-4ad56b409556
arunachal-pradesh,2008,34,12034,IN-S02-AC-2008-34,TUTING YINGKIONG,lgd_direct,src-4ad56b409556
arunachal-pradesh,2008,35,12035,IN-S02-AC-2008-35,PANGIN,lgd_direct,src-4ad56b409556
arunachal-pradesh,2008,36,12036,IN-S02-AC-2008-36,NARI-KOYU,lgd_direct,src-4ad56b409556
arunachal-pradesh,2008,37,12037,IN-S02-AC-2008-37,PASIGHAT WEST,lgd_direct,src-4ad56b409556
arunachal-pradesh,2008,38,12038,IN-S02-AC-2008-38,PASIGHAT EAST,lgd_direct,src-4ad56b409556
arunachal-pradesh,2008,39,12039,IN-S02-AC-2008-39,MEBO,lgd_direct,src-4ad56b409556
arunachal-pradesh,2008,40,12040,IN-S02-AC-2008-40,MARIYANG-GEKU,lgd_direct,src-4ad56b409556
arunachal-pradesh,2008,41,12041,IN-S02-AC-2008-41,ANINI,lgd_direct,src-4ad56b409556
arunachal-pradesh,2008,42,12042,IN-S02-AC-2008-42,DAMBUK,lgd_direct,src-4ad56b409556
arunachal-pradesh,2008,44,12044,IN-S02-AC-2008-44,TEZU,lgd_direct,src-4ad56b409556
arunachal-pradesh,2008,47,12047,IN-S02-AC-2008-47,NAMSAI,lgd_direct,src-4ad56b409556
arunachal-pradesh,2008,48,12048,IN-S02-AC-2008-48,LEKANG,lgd_direct,src-4ad56b409556
arunachal-pradesh,2008,49,12049,IN-S02-AC-2008-49,BORDUMSA - DIYUN,lgd_direct,src-4ad56b409556
arunachal-pradesh,2008,50,12050,IN-S02-AC-2008-50,MIAO,lgd_direct,src-4ad56b409556
arunachal-pradesh,2008,51,12051,IN-S02-AC-2008-51,NAMPONG,lgd_direct,src-4ad56b409556
arunachal-pradesh,2008,52,12052,IN-S02-AC-2008-52,CHANGLANG SOUTH,lgd_direct,src-4ad56b409556
arunachal-pradesh,2008,53,12053,IN-S02-AC-2008-53,CHANGLANG NORTH,lgd_direct,src-4ad56b409556
arunachal-pradesh,2008,54,12054,IN-S02-AC-2008-54,NAMSANG,lgd_direct,src-4ad56b409556
arunachal-pradesh,2008,55,12055,IN-S02-AC-2008-55,KHONSA EAST,lgd_direct,src-4ad56b409556
arunachal-pradesh,2008,56,12056,IN-S02-AC-2008-56,KHONSA WEST,lgd_direct,src-4ad56b409556
arunachal-pradesh,2008,57,12057,IN-S02-AC-2008-57,BORDURIA BOGAPANI,lgd_direct,src-4ad56b409556
arunachal-pradesh,2008,58,12058,IN-S02-AC-2008-58,KANUBARI,lgd_direct,src-4ad56b409556
arunachal-pradesh,2008,59,12059,IN-S02-AC-2008-59,LONGDING PUMAO,lgd_direct,src-4ad56b409556
arunachal-pradesh,2008,60,12060,IN-S02-AC-2008-60,PONGCHAU WAKKA,lgd_direct,src-4ad56b409556
assam,2008,1,18001,IN-S03-AC-2008-1,RATABARI,lgd_direct,src-4ad56b409556
assam,2008,2,18002,IN-S03-AC-2008-2,PATHARKANDI,lgd_direct,src-4ad56b409556
assam,2008,3,18003,IN-S03-AC-2008-3,KARIMGANJ NORTH,lgd_direct,src-4ad56b409556
assam,2008,4,18004,IN-S03-AC-2008-4,KARIMGANJ SOUTH,lgd_direct,src-4ad56b409556
assam,2008,5,18005,IN-S03-AC-2008-5,BADARPUR,lgd_direct,src-4ad56b409556
assam,2008,6,18006,IN-S03-AC-2008-6,HAILAKANDI,lgd_direct,src-4ad56b409556
assam,2008,7,18007,IN-S03-AC-2008-7,KATLICHERRA,lgd_direct,src-4ad56b409556
assam,2008,8,18008,IN-S03-AC-2008-8,ALGAPUR,lgd_direct,src-4ad56b409556
assam,2008,9,18009,IN-S03-AC-2008-9,SILCHAR,lgd_direct,src-4ad56b409556
assam,2008,10,18010,IN-S03-AC-2008-10,SONAI,lgd_direct,src-4ad56b409556
assam,2008,11,18011,IN-S03-AC-2008-11,DHOLAI,lgd_direct,src-4ad56b409556
assam,2008,12,18012,IN-S03-AC-2008-12,UDHARBOND,lgd_direct,src-4ad56b409556
assam,2008,13,18013,IN-S03-AC-2008-13,LAKHIPUR,lgd_direct,src-4ad56b409556
assam,2008,14,18014,IN-S03-AC-2008-14,BARKHOLA,lgd_direct,src-4ad56b409556
assam,2008,15,18015,IN-S03-AC-2008-15,KATIGORA,lgd_direct,src-4ad56b409556
assam,2008,16,18016,IN-S03-AC-2008-16,HAFLONG,lgd_direct,src-4ad56b409556
assam,2008,17,18017,IN-S03-AC-2008-17,BOKAJAN,lgd_direct,src-4ad56b409556
assam,2008,18,18018,IN-S03-AC-2008-18,HOWRAGHAT,lgd_direct,src-4ad56b409556
assam,2008,19,18019,IN-S03-AC-2008-19,DIPHU,lgd_direct,src-4ad56b409556
assam,2008,20,18020,IN-S03-AC-2008-20,BAITHALANGSO,lgd_direct,src-4ad56b409556
assam,2008,21,18021,IN-S03-AC-2008-21,MANKACHAR,lgd_direct,src-4ad56b409556
assam,2008,22,18022,IN-S03-AC-2008-22,SALMARA SOUTH,lgd_direct,src-4ad56b409556
assam,2008,23,18023,IN-S03-AC-2008-23,DHUBRI,lgd_direct,src-4ad56b409556
assam,2008,24,18024,IN-S03-AC-2008-24,GAURIPUR,lgd_direct,src-4ad56b409556
assam,2008,25,18025,IN-S03-AC-2008-25,GOLAKGANJ,lgd_direct,src-4ad56b409556
assam,2008,26,18026,IN-S03-AC-2008-26,BILASIPARA WEST,lgd_direct,src-4ad56b409556
assam,2008,27,18027,IN-S03-AC-2008-27,BILASIPARA EAST,lgd_direct,src-4ad56b409556
assam,2008,28,18028,IN-S03-AC-2008-28,GOSSALGAON,lgd_direct,src-4ad56b409556
assam,2008,29,18029,IN-S03-AC-2008-29,KOKRAJHAR WEST,lgd_direct,src-4ad56b409556
assam,2008,30,18030,IN-S03-AC-2008-30,KOKRAJHAR EAST,lgd_direct,src-4ad56b409556
assam,2008,31,18031,IN-S03-AC-2008-31,SIDLI,lgd_direct,src-4ad56b409556
assam,2008,32,18032,IN-S03-AC-2008-32,BONGAIGAON,lgd_direct,src-4ad56b409556
assam,2008,33,18033,IN-S03-AC-2008-33,BIJNI,lgd_direct,src-4ad56b409556
assam,2008,34,18034,IN-S03-AC-2008-34,ABHAYAPURI NORTH,lgd_direct,src-4ad56b409556
assam,2008,35,18035,IN-S03-AC-2008-35,ABHAYAPURI SOUTH,lgd_direct,src-4ad56b409556
assam,2008,36,18036,IN-S03-AC-2008-36,DUDHNAI,lgd_direct,src-4ad56b409556
assam,2008,37,18037,IN-S03-AC-2008-37,GOALPARA EAST,lgd_direct,src-4ad56b409556
assam,2008,38,18038,IN-S03-AC-2008-38,GOALPARA WEST,lgd_direct,src-4ad56b409556
assam,2008,39,18039,IN-S03-AC-2008-39,JALESWAR,lgd_direct,src-4ad56b409556
assam,2008,40,18040,IN-S03-AC-2008-40,SORBHOG,lgd_direct,src-4ad56b409556
assam,2008,41,18041,IN-S03-AC-2008-41,BHABANIPUR,lgd_direct,src-4ad56b409556
assam,2008,42,18042,IN-S03-AC-2008-42,PATACHARKUCHI,lgd_direct,src-4ad56b409556
assam,2008,43,18043,IN-S03-AC-2008-43,BARPETA,lgd_direct,src-4ad56b409556
assam,2008,44,18044,IN-S03-AC-2008-44,JANIA,lgd_direct,src-4ad56b409556
assam,2008,45,18045,IN-S03-AC-2008-45,BAGHBAR,lgd_direct,src-4ad56b409556
assam,2008,46,18046,IN-S03-AC-2008-46,SARUKHETRI,lgd_direct,src-4ad56b409556
assam,2008,47,18047,IN-S03-AC-2008-47,CHENGA,lgd_direct,src-4ad56b409556
assam,2008,48,18048,IN-S03-AC-2008-48,BOKO,lgd_direct,src-4ad56b409556
assam,2008,49,18049,IN-S03-AC-2008-49,CHAYGAON,lgd_direct,src-4ad56b409556
assam,2008,50,18050,IN-S03-AC-2008-50,PALASBARI,lgd_direct,src-4ad56b409556
assam,2008,51,18051,IN-S03-AC-2008-51,JALUKBARI,lgd_direct,src-4ad56b409556
assam,2008,52,18052,IN-S03-AC-2008-52,DISPUR,lgd_direct,src-4ad56b409556
assam,2008,53,18053,IN-S03-AC-2008-53,GAUHATI EAST,lgd_direct,src-4ad56b409556
assam,2008,54,18054,IN-S03-AC-2008-54,GAUHATI WEST,lgd_direct,src-4ad56b409556
assam,2008,55,18055,IN-S03-AC-2008-55,HAJO,lgd_direct,src-4ad56b409556
assam,2008,56,18056,IN-S03-AC-2008-56,KAMALPUR,lgd_direct,src-4ad56b409556
assam,2008,57,18057,IN-S03-AC-2008-57,RANGIYA,lgd_direct,src-4ad56b409556
assam,2008,58,18058,IN-S03-AC-2008-58,TAMULPUR,lgd_direct,src-4ad56b409556
assam,2008,59,18059,IN-S03-AC-2008-59,NALBARI,lgd_direct,src-4ad56b409556
assam,2008,60,18060,IN-S03-AC-2008-60,BARKHETRY,lgd_direct,src-4ad56b409556
assam,2008,61,18061,IN-S03-AC-2008-61,DHARMAPUR,lgd_direct,src-4ad56b409556
assam,2008,62,18062,IN-S03-AC-2008-62,BARAMA,lgd_direct,src-4ad56b409556
assam,2008,63,18063,IN-S03-AC-2008-63,CHAPAGURI,lgd_direct,src-4ad56b409556
assam,2008,64,18064,IN-S03-AC-2008-64,PANERY,lgd_direct,src-4ad56b409556
assam,2008,65,18065,IN-S03-AC-2008-65,KALAIGAON,lgd_direct,src-4ad56b409556
assam,2008,66,18066,IN-S03-AC-2008-66,SIPAJHAR,lgd_direct,src-4ad56b409556
assam,2008,67,18067,IN-S03-AC-2008-67,MANGALDOI,lgd_direct,src-4ad56b409556
assam,2008,68,18068,IN-S03-AC-2008-68,DALGAON,lgd_direct,src-4ad56b409556
assam,2008,69,18069,IN-S03-AC-2008-69,UDALGURI,lgd_direct,src-4ad56b409556
assam,2008,70,18070,IN-S03-AC-2008-70,MAZBAT,lgd_direct,src-4ad56b409556
assam,2008,71,18071,IN-S03-AC-2008-71,DHEKIAJULI,lgd_direct,src-4ad56b409556
assam,2008,72,18072,IN-S03-AC-2008-72,BORCHALLA,lgd_direct,src-4ad56b409556
assam,2008,73,18073,IN-S03-AC-2008-73,TEZPUR,lgd_direct,src-4ad56b409556
assam,2008,74,18074,IN-S03-AC-2008-74,RANGAPARA,lgd_direct,src-4ad56b409556
assam,2008,75,18075,IN-S03-AC-2008-75,SOOTEA,lgd_direct,src-4ad56b409556
assam,2008,76,18076,IN-S03-AC-2008-76,BISWANATH,lgd_direct,src-4ad56b409556
assam,2008,77,18077,IN-S03-AC-2008-77,BIHALI,lgd_direct,src-4ad56b409556
assam,2008,78,18078,IN-S03-AC-2008-78,GAHPUR,lgd_direct,src-4ad56b409556
assam,2008,79,18079,IN-S03-AC-2008-79,JAGIROAD,lgd_direct,src-4ad56b409556
assam,2008,80,18080,IN-S03-AC-2008-80,MORIGAON,lgd_direct,src-4ad56b409556
assam,2008,81,18081,IN-S03-AC-2008-81,LAHARIGHAT,lgd_direct,src-4ad56b409556
assam,2008,82,18082,IN-S03-AC-2008-82,RAHA,lgd_direct,src-4ad56b409556
assam,2008,83,18083,IN-S03-AC-2008-83,DHING,lgd_direct,src-4ad56b409556
assam,2008,84,18084,IN-S03-AC-2008-84,BATADROBA,lgd_direct,src-4ad56b409556
assam,2008,85,18085,IN-S03-AC-2008-85,RUPOHIHAT,lgd_direct,src-4ad56b409556
assam,2008,86,18086,IN-S03-AC-2008-86,NOWGONG,lgd_direct,src-4ad56b409556
assam,2008,87,18087,IN-S03-AC-2008-87,BARHAMPUR,lgd_direct,src-4ad56b409556
assam,2008,88,18088,IN-S03-AC-2008-88,SAMAGURI,lgd_direct,src-4ad56b409556
assam,2008,89,18089,IN-S03-AC-2008-89,KALIABOR,lgd_direct,src-4ad56b409556
assam,2008,90,18090,IN-S03-AC-2008-90,JAMUNAMUKH,lgd_direct,src-4ad56b409556
assam,2008,91,18091,IN-S03-AC-2008-91,HOJAI,lgd_direct,src-4ad56b409556
assam,2008,92,18092,IN-S03-AC-2008-92,LUMDING,lgd_direct,src-4ad56b409556
assam,2008,93,18093,IN-S03-AC-2008-93,BOKAKHAT,lgd_direct,src-4ad56b409556
assam,2008,94,18094,IN-S03-AC-2008-94,SARUPATHAR,lgd_direct,src-4ad56b409556
assam,2008,95,18095,IN-S03-AC-2008-95,GOLAGHAT,lgd_direct,src-4ad56b409556
assam,2008,96,18096,IN-S03-AC-2008-96,KHUMTAI,lgd_direct,src-4ad56b409556
assam,2008,97,18097,IN-S03-AC-2008-97,DERGAON,lgd_direct,src-4ad56b409556
assam,2008,98,18098,IN-S03-AC-2008-98,JORHAT,lgd_direct,src-4ad56b409556
assam,2008,99,18099,IN-S03-AC-2008-99,MAJULI,lgd_direct,src-4ad56b409556
assam,2008,100,18100,IN-S03-AC-2008-100,TITABAR,lgd_direct,src-4ad56b409556
assam,2008,101,18101,IN-S03-AC-2008-101,MORIANI,lgd_direct,src-4ad56b409556
assam,2008,102,18102,IN-S03-AC-2008-102,TEOK,lgd_direct,src-4ad56b409556
assam,2008,103,18103,IN-S03-AC-2008-103,AMGURI,lgd_direct,src-4ad56b409556
assam,2008,104,18104,IN-S03-AC-2008-104,NAZIRA,lgd_direct,src-4ad56b409556
assam,2008,105,18105,IN-S03-AC-2008-105,MAHMARA,lgd_direct,src-4ad56b409556
assam,2008,106,18106,IN-S03-AC-2008-106,SONARI,lgd_direct,src-4ad56b409556
assam,2008,107,18107,IN-S03-AC-2008-107,THOWRA,lgd_direct,src-4ad56b409556
assam,2008,108,18108,IN-S03-AC-2008-108,SIBSAGAR,lgd_direct,src-4ad56b409556
assam,2008,109,18109,IN-S03-AC-2008-109,BIHPURIA,lgd_direct,src-4ad56b409556
assam,2008,110,18110,IN-S03-AC-2008-110,NAOBOICHA,lgd_direct,src-4ad56b409556
assam,2008,111,18111,IN-S03-AC-2008-111,LAKHIMPUR,lgd_direct,src-4ad56b409556
assam,2008,112,18112,IN-S03-AC-2008-112,DHAKUAKHANA,lgd_direct,src-4ad56b409556
assam,2008,113,18113,IN-S03-AC-2008-113,DHEMAJI,lgd_direct,src-4ad56b409556
assam,2008,114,18114,IN-S03-AC-2008-114,JONAI,lgd_direct,src-4ad56b409556
assam,2008,115,18115,IN-S03-AC-2008-115,MORAN,lgd_direct,src-4ad56b409556
assam,2008,116,18116,IN-S03-AC-2008-116,DIBRUGARH,lgd_direct,src-4ad56b409556
assam,2008,117,18117,IN-S03-AC-2008-117,LAHOWAL,lgd_direct,src-4ad56b409556
assam,2008,118,18118,IN-S03-AC-2008-118,DULIAJAN,lgd_direct,src-4ad56b409556
assam,2008,119,18119,IN-S03-AC-2008-119,TINGKHONG,lgd_direct,src-4ad56b409556
assam,2008,120,18120,IN-S03-AC-2008-120,NAHARKATIA,lgd_direct,src-4ad56b409556
assam,2008,121,18121,IN-S03-AC-2008-121,CHABUA,lgd_direct,src-4ad56b409556
assam,2008,122,18122,IN-S03-AC-2008-122,TINSUKIA,lgd_direct,src-4ad56b409556
assam,2008,123,18123,IN-S03-AC-2008-123,DIGBOI,lgd_direct,src-4ad56b409556
assam,2008,124,18124,IN-S03-AC-2008-124,MARGHERITA,lgd_direct,src-4ad56b409556
assam,2008,125,18125,IN-S03-AC-2008-125,DOOM DOOMA,lgd_direct,src-4ad56b409556
assam,2008,126,18126,IN-S03-AC-2008-126,SADIYA,lgd_direct,src-4ad56b409556
bihar,2008,1,10001,IN-S04-AC-2008-1,VALMIKI NAGAR,lgd_direct,src-4ad56b409556
bihar,2008,2,10002,IN-S04-AC-2008-2,RAMNAGAR,lgd_direct,src-4ad56b409556
bihar,2008,3,10003,IN-S04-AC-2008-3,NARKATIAGANJ,lgd_direct,src-4ad56b409556
bihar,2008,4,10004,IN-S04-AC-2008-4,BAGAHA,lgd_direct,src-4ad56b409556
bihar,2008,5,10005,IN-S04-AC-2008-5,LAURIYA,lgd_direct,src-4ad56b409556
bihar,2008,6,10006,IN-S04-AC-2008-6,NAUTAN,lgd_direct,src-4ad56b409556
bihar,2008,7,10007,IN-S04-AC-2008-7,CHANPATIA,lgd_direct,src-4ad56b409556
bihar,2008,8,10008,IN-S04-AC-2008-8,BETTIAH,lgd_direct,src-4ad56b409556
bihar,2008,9,10009,IN-S04-AC-2008-9,SIKTA,lgd_direct,src-4ad56b409556
bihar,2008,10,10010,IN-S04-AC-2008-10,RAXAUL,lgd_direct,src-4ad56b409556
bihar,2008,11,10011,IN-S04-AC-2008-11,SUGAULI,lgd_direct,src-4ad56b409556
bihar,2008,12,10012,IN-S04-AC-2008-12,NARKATIA,lgd_direct,src-4ad56b409556
bihar,2008,13,10013,IN-S04-AC-2008-13,HARSIDHI,lgd_direct,src-4ad56b409556
bihar,2008,14,10014,IN-S04-AC-2008-14,GOVINDGANJ,lgd_direct,src-4ad56b409556
bihar,2008,15,10015,IN-S04-AC-2008-15,KESARIA,lgd_direct,src-4ad56b409556
bihar,2008,16,10016,IN-S04-AC-2008-16,KALYANPUR,lgd_direct,src-4ad56b409556
bihar,2008,17,10017,IN-S04-AC-2008-17,PIPRA,lgd_direct,src-4ad56b409556
bihar,2008,18,10018,IN-S04-AC-2008-18,MADHUBAN,lgd_direct,src-4ad56b409556
bihar,2008,19,10019,IN-S04-AC-2008-19,MOTIHARI,lgd_direct,src-4ad56b409556
bihar,2008,20,10020,IN-S04-AC-2008-20,CHIRAIA,lgd_direct,src-4ad56b409556
bihar,2008,21,10021,IN-S04-AC-2008-21,DHAKA,lgd_direct,src-4ad56b409556
bihar,2008,22,10022,IN-S04-AC-2008-22,SHEOHAR,lgd_direct,src-4ad56b409556
bihar,2008,23,10023,IN-S04-AC-2008-23,RIGA,lgd_direct,src-4ad56b409556
bihar,2008,24,10024,IN-S04-AC-2008-24,BATHNAHA,lgd_direct,src-4ad56b409556
bihar,2008,25,10025,IN-S04-AC-2008-25,PARIHAR,lgd_direct,src-4ad56b409556
bihar,2008,26,10026,IN-S04-AC-2008-26,SURSAND,lgd_direct,src-4ad56b409556
bihar,2008,27,10027,IN-S04-AC-2008-27,BAJPATTI,lgd_direct,src-4ad56b409556
bihar,2008,28,10028,IN-S04-AC-2008-28,SITAMARHI,lgd_direct,src-4ad56b409556
bihar,2008,29,10029,IN-S04-AC-2008-29,RUNISAIDPUR,lgd_direct,src-4ad56b409556
bihar,2008,30,10030,IN-S04-AC-2008-30,BELSAND,lgd_direct,src-4ad56b409556
bihar,2008,31,10031,IN-S04-AC-2008-31,HARLAKHI,lgd_direct,src-4ad56b409556
bihar,2008,32,10032,IN-S04-AC-2008-32,BENIPATTI,lgd_direct,src-4ad56b409556
bihar,2008,33,10033,IN-S04-AC-2008-33,KHAJAULI,lgd_direct,src-4ad56b409556
bihar,2008,34,10034,IN-S04-AC-2008-34,BABUBARHI,lgd_direct,src-4ad56b409556
bihar,2008,35,10035,IN-S04-AC-2008-35,BISFI,lgd_direct,src-4ad56b409556
bihar,2008,36,10036,IN-S04-AC-2008-36,MADHUBANI,lgd_direct,src-4ad56b409556
bihar,2008,37,10037,IN-S04-AC-2008-37,RAJNAGAR,lgd_direct,src-4ad56b409556
bihar,2008,38,10038,IN-S04-AC-2008-38,JHANJHARPUR,lgd_direct,src-4ad56b409556
bihar,2008,39,10039,IN-S04-AC-2008-39,PHULPARAS,lgd_direct,src-4ad56b409556
bihar,2008,40,10040,IN-S04-AC-2008-40,LAUKAHA,lgd_direct,src-4ad56b409556
bihar,2008,41,10041,IN-S04-AC-2008-41,NIRMALI,lgd_direct,src-4ad56b409556
bihar,2008,42,10042,IN-S04-AC-2008-42,PIPRA (SUPAUL),lgd_direct,src-4ad56b409556
bihar,2008,43,10043,IN-S04-AC-2008-43,SUPAUL,lgd_direct,src-4ad56b409556
bihar,2008,44,10044,IN-S04-AC-2008-44,TRIBENIGANJ,lgd_direct,src-4ad56b409556
bihar,2008,45,10045,IN-S04-AC-2008-45,CHHATAPUR,lgd_direct,src-4ad56b409556
bihar,2008,46,10046,IN-S04-AC-2008-46,NARPATGANJ,lgd_direct,src-4ad56b409556
bihar,2008,47,10047,IN-S04-AC-2008-47,RANIGANJ,lgd_direct,src-4ad56b409556
bihar,2008,48,10048,IN-S04-AC-2008-48,FORBESGANJ,lgd_direct,src-4ad56b409556
bihar,2008,49,10049,IN-S04-AC-2008-49,ARARIA,lgd_direct,src-4ad56b409556
bihar,2008,50,10050,IN-S04-AC-2008-50,JOKIHAT,lgd_direct,src-4ad56b409556
bihar,2008,51,10051,IN-S04-AC-2008-51,SIKTI,lgd_direct,src-4ad56b409556
bihar,2008,52,10052,IN-S04-AC-2008-52,BAHADURGANJ,lgd_direct,src-4ad56b409556
bihar,2008,53,10053,IN-S04-AC-2008-53,THAKURGANJ,lgd_direct,src-4ad56b409556
bihar,2008,54,10054,IN-S04-AC-2008-54,KISHANGANJ,lgd_direct,src-4ad56b409556
bihar,2008,55,10055,IN-S04-AC-2008-55,KOCHADHAMAN,lgd_direct,src-4ad56b409556
bihar,2008,56,10056,IN-S04-AC-2008-56,AMOUR,lgd_direct,src-4ad56b409556
bihar,2008,57,10057,IN-S04-AC-2008-57,BAISI,lgd_direct,src-4ad56b409556
bihar,2008,58,10058,IN-S04-AC-2008-58,KASBA,lgd_direct,src-4ad56b409556
bihar,2008,59,10059,IN-S04-AC-2008-59,BANMANKHI,lgd_direct,src-4ad56b409556
bihar,2008,60,10060,IN-S04-AC-2008-60,RUPAULI,lgd_direct,src-4ad56b409556
bihar,2008,61,10061,IN-S04-AC-2008-61,DHAMDAHA,lgd_direct,src-4ad56b409556
bihar,2008,62,10062,IN-S04-AC-2008-62,PURNIA,lgd_direct,src-4ad56b409556
bihar,2008,63,10063,IN-S04-AC-2008-63,KATIHAR,lgd_direct,src-4ad56b409556
bihar,2008,64,10064,IN-S04-AC-2008-64,KADWA,lgd_direct,src-4ad56b409556
bihar,2008,65,10065,IN-S04-AC-2008-65,BALRAMPUR,lgd_direct,src-4ad56b409556
bihar,2008,66,10066,IN-S04-AC-2008-66,PRANPUR,lgd_direct,src-4ad56b409556
bihar,2008,67,10067,IN-S04-AC-2008-67,MANIHARI,lgd_direct,src-4ad56b409556
bihar,2008,68,10068,IN-S04-AC-2008-68,BARARI,lgd_direct,src-4ad56b409556
bihar,2008,69,10069,IN-S04-AC-2008-69,KORHA,lgd_direct,src-4ad56b409556
bihar,2008,70,10070,IN-S04-AC-2008-70,ALAMNAGAR,lgd_direct,src-4ad56b409556
bihar,2008,71,10071,IN-S04-AC-2008-71,BIHARIGANJ,lgd_direct,src-4ad56b409556
bihar,2008,72,10072,IN-S04-AC-2008-72,SINGHESHWAR,lgd_direct,src-4ad56b409556
bihar,2008,73,10073,IN-S04-AC-2008-73,MADHEPURA,lgd_direct,src-4ad56b409556
bihar,2008,74,10074,IN-S04-AC-2008-74,SONBARSA,lgd_direct,src-4ad56b409556
bihar,2008,75,10075,IN-S04-AC-2008-75,SAHARSA,lgd_direct,src-4ad56b409556
bihar,2008,76,10076,IN-S04-AC-2008-76,SIMRI BAKHTIARPUR,lgd_direct,src-4ad56b409556
bihar,2008,77,10077,IN-S04-AC-2008-77,MAHISHI,lgd_direct,src-4ad56b409556
bihar,2008,78,10078,IN-S04-AC-2008-78,KUSHESHWAR ASTHAN,lgd_direct,src-4ad56b409556
bihar,2008,79,10079,IN-S04-AC-2008-79,GAURA BAURAM,lgd_direct,src-4ad56b409556
bihar,2008,80,10080,IN-S04-AC-2008-80,BENIPUR,lgd_direct,src-4ad56b409556
bihar,2008,81,10081,IN-S04-AC-2008-81,ALINAGAR,lgd_direct,src-4ad56b409556
bihar,2008,82,10082,IN-S04-AC-2008-82,DARBHANGA RURAL,lgd_direct,src-4ad56b409556
bihar,2008,83,10083,IN-S04-AC-2008-83,DARBHANGA,lgd_direct,src-4ad56b409556
bihar,2008,84,10084,IN-S04-AC-2008-84,HAYAGHAT,lgd_direct,src-4ad56b409556
bihar,2008,85,10085,IN-S04-AC-2008-85,BAHADURPUR,lgd_direct,src-4ad56b409556
bihar,2008,86,10086,IN-S04-AC-2008-86,KEOTI,lgd_direct,src-4ad56b409556
bihar,2008,87,10087,IN-S04-AC-2008-87,JALE,lgd_direct,src-4ad56b409556
bihar,2008,88,10088,IN-S04-AC-2008-88,GAIGHAT,lgd_direct,src-4ad56b409556
bihar,2008,89,10089,IN-S04-AC-2008-89,AURAI,lgd_direct,src-4ad56b409556
bihar,2008,90,10090,IN-S04-AC-2008-90,MINAPUR,lgd_direct,src-4ad56b409556
bihar,2008,91,10091,IN-S04-AC-2008-91,BOCHAHA,lgd_direct,src-4ad56b409556
bihar,2008,92,10092,IN-S04-AC-2008-92,SAKRA,lgd_direct,src-4ad56b409556
bihar,2008,93,10093,IN-S04-AC-2008-93,KURHANI,lgd_direct,src-4ad56b409556
bihar,2008,94,10094,IN-S04-AC-2008-94,MUZAFFARPUR,lgd_direct,src-4ad56b409556
bihar,2008,95,10095,IN-S04-AC-2008-95,KANTI,lgd_direct,src-4ad56b409556
bihar,2008,96,10096,IN-S04-AC-2008-96,BARURAJ,lgd_direct,src-4ad56b409556
bihar,2008,97,10097,IN-S04-AC-2008-97,PAROO,lgd_direct,src-4ad56b409556
bihar,2008,98,10098,IN-S04-AC-2008-98,SAHEBGANJ,lgd_direct,src-4ad56b409556
bihar,2008,99,10099,IN-S04-AC-2008-99,BAIKUNTHPUR,lgd_direct,src-4ad56b409556
bihar,2008,100,10100,IN-S04-AC-2008-100,BARAULI,lgd_direct,src-4ad56b409556
bihar,2008,101,10101,IN-S04-AC-2008-101,GOPALGANJ,lgd_direct,src-4ad56b409556
bihar,2008,102,10102,IN-S04-AC-2008-102,KUCHAIKOTE,lgd_direct,src-4ad56b409556
bihar,2008,103,10103,IN-S04-AC-2008-103,BHOREY,lgd_direct,src-4ad56b409556
bihar,2008,104,10104,IN-S04-AC-2008-104,HATHUA,lgd_direct,src-4ad56b409556
bihar,2008,105,10105,IN-S04-AC-2008-105,SIWAN,lgd_direct,src-4ad56b409556
bihar,2008,106,10106,IN-S04-AC-2008-106,ZIRADEI,lgd_direct,src-4ad56b409556
bihar,2008,107,10107,IN-S04-AC-2008-107,DARAULI,lgd_direct,src-4ad56b409556
bihar,2008,108,10108,IN-S04-AC-2008-108,RAGHUNATHPUR,lgd_direct,src-4ad56b409556
bihar,2008,109,10109,IN-S04-AC-2008-109,DARAUNDHA,lgd_direct,src-4ad56b409556
bihar,2008,110,10110,IN-S04-AC-2008-110,BARHARIA,lgd_direct,src-4ad56b409556
bihar,2008,111,10111,IN-S04-AC-2008-111,GORIYAKOTHI,lgd_direct,src-4ad56b409556
bihar,2008,112,10112,IN-S04-AC-2008-112,MAHARAJGANJ,lgd_direct,src-4ad56b409556
bihar,2008,113,10113,IN-S04-AC-2008-113,EKMA,lgd_direct,src-4ad56b409556
bihar,2008,114,10114,IN-S04-AC-2008-114,MANJHI,lgd_direct,src-4ad56b409556
bihar,2008,115,10115,IN-S04-AC-2008-115,BANIAPUR,lgd_direct,src-4ad56b409556
bihar,2008,116,10116,IN-S04-AC-2008-116,TARAIYA,lgd_direct,src-4ad56b409556
bihar,2008,117,10117,IN-S04-AC-2008-117,MARHAURA,lgd_direct,src-4ad56b409556
bihar,2008,118,10118,IN-S04-AC-2008-118,CHAPRA,lgd_direct,src-4ad56b409556
bihar,2008,119,10119,IN-S04-AC-2008-119,GARKHA,lgd_direct,src-4ad56b409556
bihar,2008,120,10120,IN-S04-AC-2008-120,AMNOUR,lgd_direct,src-4ad56b409556
bihar,2008,121,10121,IN-S04-AC-2008-121,PARSA,lgd_direct,src-4ad56b409556
bihar,2008,122,10122,IN-S04-AC-2008-122,SONEPUR,lgd_direct,src-4ad56b409556
bihar,2008,123,10123,IN-S04-AC-2008-123,HAJIPUR,lgd_direct,src-4ad56b409556
bihar,2008,124,10124,IN-S04-AC-2008-124,LALGANJ,lgd_direct,src-4ad56b409556
bihar,2008,125,10125,IN-S04-AC-2008-125,VAISHALI,lgd_direct,src-4ad56b409556
bihar,2008,126,10126,IN-S04-AC-2008-126,MAHUA,lgd_direct,src-4ad56b409556
bihar,2008,127,10127,IN-S04-AC-2008-127,RAJA PAKAR,lgd_direct,src-4ad56b409556
bihar,2008,128,10128,IN-S04-AC-2008-128,RAGHOPUR,lgd_direct,src-4ad56b409556
bihar,2008,129,10129,IN-S04-AC-2008-129,MAHNAR,lgd_direct,src-4ad56b409556
bihar,2008,130,10130,IN-S04-AC-2008-130,PATEPUR,lgd_direct,src-4ad56b409556
bihar,2008,131,10131,IN-S04-AC-2008-131,KALYANPUR(SC),lgd_direct,src-4ad56b409556
bihar,2008,132,10132,IN-S04-AC-2008-132,WARISNAGAR,lgd_direct,src-4ad56b409556
bihar,2008,133,10133,IN-S04-AC-2008-133,SAMASTIPUR,lgd_direct,src-4ad56b409556
bihar,2008,134,10134,IN-S04-AC-2008-134,UJIARPUR,lgd_direct,src-4ad56b409556
bihar,2008,135,10135,IN-S04-AC-2008-135,MORWA,lgd_direct,src-4ad56b409556
bihar,2008,136,10136,IN-S04-AC-2008-136,SARAIRANJAN,lgd_direct,src-4ad56b409556
bihar,2008,137,10137,IN-S04-AC-2008-137,MOHIUDDINNAGAR,lgd_direct,src-4ad56b409556
bihar,2008,138,10138,IN-S04-AC-2008-138,BIBHUTPUR,lgd_direct,src-4ad56b409556
bihar,2008,139,10139,IN-S04-AC-2008-139,ROSERA,lgd_direct,src-4ad56b409556
bihar,2008,140,10140,IN-S04-AC-2008-140,HASANPUR,lgd_direct,src-4ad56b409556
bihar,2008,141,10141,IN-S04-AC-2008-141,CHERIA BARIARPUR,lgd_direct,src-4ad56b409556
bihar,2008,142,10142,IN-S04-AC-2008-142,BACHHWARA,lgd_direct,src-4ad56b409556
bihar,2008,143,10143,IN-S04-AC-2008-143,TEGHRA,lgd_direct,src-4ad56b409556
bihar,2008,144,10144,IN-S04-AC-2008-144,MATIHANI,lgd_direct,src-4ad56b409556
bihar,2008,145,10145,IN-S04-AC-2008-145,SAHEBPUR KAMAL,lgd_direct,src-4ad56b409556
bihar,2008,146,10146,IN-S04-AC-2008-146,BEGUSARAI,lgd_direct,src-4ad56b409556
bihar,2008,147,10147,IN-S04-AC-2008-147,BAKHRI,lgd_direct,src-4ad56b409556
bihar,2008,148,10148,IN-S04-AC-2008-148,ALAULI,lgd_direct,src-4ad56b409556
bihar,2008,149,10149,IN-S04-AC-2008-149,KHAGARIA,lgd_direct,src-4ad56b409556
bihar,2008,150,10150,IN-S04-AC-2008-150,BELDAUR,lgd_direct,src-4ad56b409556
bihar,2008,151,10151,IN-S04-AC-2008-151,PARBATTA,lgd_direct,src-4ad56b409556
bihar,2008,152,10152,IN-S04-AC-2008-152,BIHPUR,lgd_direct,src-4ad56b409556
bihar,2008,153,10153,IN-S04-AC-2008-153,GOPALPUR,lgd_direct,src-4ad56b409556
bihar,2008,154,10154,IN-S04-AC-2008-154,PIRPAINTI,lgd_direct,src-4ad56b409556
bihar,2008,155,10155,IN-S04-AC-2008-155,KAHALGAON,lgd_direct,src-4ad56b409556
bihar,2008,156,10156,IN-S04-AC-2008-156,BHAGALPUR,lgd_direct,src-4ad56b409556
bihar,2008,157,10157,IN-S04-AC-2008-157,SULTANGANJ,lgd_direct,src-4ad56b409556
bihar,2008,158,10158,IN-S04-AC-2008-158,NATHNAGAR,lgd_direct,src-4ad56b409556
bihar,2008,159,10159,IN-S04-AC-2008-159,AMARPUR,lgd_direct,src-4ad56b409556
bihar,2008,160,10160,IN-S04-AC-2008-160,DHURAIYA,lgd_direct,src-4ad56b409556
bihar,2008,161,10161,IN-S04-AC-2008-161,BANKA,lgd_direct,src-4ad56b409556
bihar,2008,162,10162,IN-S04-AC-2008-162,KATORIA,lgd_direct,src-4ad56b409556
bihar,2008,163,10163,IN-S04-AC-2008-163,BELHAR,lgd_direct,src-4ad56b409556
bihar,2008,164,10164,IN-S04-AC-2008-164,TARAPUR,lgd_direct,src-4ad56b409556
bihar,2008,165,10165,IN-S04-AC-2008-165,MUNGER,lgd_direct,src-4ad56b409556
bihar,2008,166,10166,IN-S04-AC-2008-166,JAMALPUR,lgd_direct,src-4ad56b409556
bihar,2008,167,10167,IN-S04-AC-2008-167,SURYAGARHA,lgd_direct,src-4ad56b409556
bihar,2008,168,10168,IN-S04-AC-2008-168,LAKHISARAI,lgd_direct,src-4ad56b409556
bihar,2008,169,10169,IN-S04-AC-2008-169,SHEIKHPURA,lgd_direct,src-4ad56b409556
bihar,2008,170,10170,IN-S04-AC-2008-170,BARBIGHA,lgd_direct,src-4ad56b409556
bihar,2008,171,10171,IN-S04-AC-2008-171,ASTHAWAN,lgd_direct,src-4ad56b409556
bihar,2008,172,10172,IN-S04-AC-2008-172,BIHARSHARIF,lgd_direct,src-4ad56b409556
bihar,2008,173,10173,IN-S04-AC-2008-173,RAJGIR,lgd_direct,src-4ad56b409556
bihar,2008,174,10174,IN-S04-AC-2008-174,ISLAMPUR,lgd_direct,src-4ad56b409556
bihar,2008,175,10175,IN-S04-AC-2008-175,HILSA,lgd_direct,src-4ad56b409556
bihar,2008,176,10176,IN-S04-AC-2008-176,NALANDA,lgd_direct,src-4ad56b409556
bihar,2008,177,10177,IN-S04-AC-2008-177,HARNAUT,lgd_direct,src-4ad56b409556
bihar,2008,178,10178,IN-S04-AC-2008-178,MOKAMA,lgd_direct,src-4ad56b409556
bihar,2008,179,10179,IN-S04-AC-2008-179,BARH,lgd_direct,src-4ad56b409556
bihar,2008,180,10180,IN-S04-AC-2008-180,BAKHTIARPUR,lgd_direct,src-4ad56b409556
bihar,2008,181,10181,IN-S04-AC-2008-181,DIGHA,lgd_direct,src-4ad56b409556
bihar,2008,182,10182,IN-S04-AC-2008-182,BANKIPUR,lgd_direct,src-4ad56b409556
bihar,2008,183,10183,IN-S04-AC-2008-183,KUMHRARH,lgd_direct,src-4ad56b409556
bihar,2008,184,10184,IN-S04-AC-2008-184,PATNA SAHIB,lgd_direct,src-4ad56b409556
bihar,2008,185,10185,IN-S04-AC-2008-185,FATWAH,lgd_direct,src-4ad56b409556
bihar,2008,186,10186,IN-S04-AC-2008-186,DANAPUR,lgd_direct,src-4ad56b409556
bihar,2008,187,10187,IN-S04-AC-2008-187,MANER,lgd_direct,src-4ad56b409556
bihar,2008,188,10188,IN-S04-AC-2008-188,PHULWARI,lgd_direct,src-4ad56b409556
bihar,2008,189,10189,IN-S04-AC-2008-189,MASAURHI,lgd_direct,src-4ad56b409556
bihar,2008,190,10190,IN-S04-AC-2008-190,PALIGANJ,lgd_direct,src-4ad56b409556
bihar,2008,191,10191,IN-S04-AC-2008-191,BIKRAM,lgd_direct,src-4ad56b409556
bihar,2008,192,10192,IN-S04-AC-2008-192,SANDESH,lgd_direct,src-4ad56b409556
bihar,2008,193,10193,IN-S04-AC-2008-193,BARHARA,lgd_direct,src-4ad56b409556
bihar,2008,194,10194,IN-S04-AC-2008-194,ARRAH,lgd_direct,src-4ad56b409556
bihar,2008,195,10195,IN-S04-AC-2008-195,AGIAON,lgd_direct,src-4ad56b409556
bihar,2008,196,10196,IN-S04-AC-2008-196,TARARI,lgd_direct,src-4ad56b409556
bihar,2008,197,10197,IN-S04-AC-2008-197,JAGDISHPUR,lgd_direct,src-4ad56b409556
bihar,2008,198,10198,IN-S04-AC-2008-198,SHAHPUR,lgd_direct,src-4ad56b409556
bihar,2008,199,10199,IN-S04-AC-2008-199,BARHAMPUR,lgd_direct,src-4ad56b409556
bihar,2008,200,10200,IN-S04-AC-2008-200,BUXAR,lgd_direct,src-4ad56b409556
bihar,2008,201,10201,IN-S04-AC-2008-201,DUMRAON,lgd_direct,src-4ad56b409556
bihar,2008,202,10202,IN-S04-AC-2008-202,RAJPUR,lgd_direct,src-4ad56b409556
bihar,2008,203,10203,IN-S04-AC-2008-203,RAMGARH,lgd_direct,src-4ad56b409556
bihar,2008,204,10204,IN-S04-AC-2008-204,MOHANIA,lgd_direct,src-4ad56b409556
bihar,2008,205,10205,IN-S04-AC-2008-205,BHABUA,lgd_direct,src-4ad56b409556
bihar,2008,206,10206,IN-S04-AC-2008-206,CHAINPUR,lgd_direct,src-4ad56b409556
bihar,2008,207,10207,IN-S04-AC-2008-207,CHENARI,lgd_direct,src-4ad56b409556
bihar,2008,208,10208,IN-S04-AC-2008-208,SASARAM,lgd_direct,src-4ad56b409556
bihar,2008,209,10209,IN-S04-AC-2008-209,KARGAHAR,lgd_direct,src-4ad56b409556
bihar,2008,210,10210,IN-S04-AC-2008-210,DINARA,lgd_direct,src-4ad56b409556
bihar,2008,211,10211,IN-S04-AC-2008-211,NOKHA,lgd_direct,src-4ad56b409556
bihar,2008,212,10212,IN-S04-AC-2008-212,DEHRI,lgd_direct,src-4ad56b409556
bihar,2008,213,10213,IN-S04-AC-2008-213,KARAKAT,lgd_direct,src-4ad56b409556
bihar,2008,214,10214,IN-S04-AC-2008-214,ARWAL,lgd_direct,src-4ad56b409556
bihar,2008,215,10215,IN-S04-AC-2008-215,KURTHA,lgd_direct,src-4ad56b409556
bihar,2008,216,10216,IN-S04-AC-2008-216,JAHANABAD,lgd_direct,src-4ad56b409556
bihar,2008,217,10217,IN-S04-AC-2008-217,GHOSI,lgd_direct,src-4ad56b409556
bihar,2008,218,10218,IN-S04-AC-2008-218,MAKHDUMPUR,lgd_direct,src-4ad56b409556
bihar,2008,219,10219,IN-S04-AC-2008-219,GOH,lgd_direct,src-4ad56b409556
bihar,2008,220,10220,IN-S04-AC-2008-220,OBRA,lgd_direct,src-4ad56b409556
bihar,2008,221,10221,IN-S04-AC-2008-221,NABINAGAR,lgd_direct,src-4ad56b409556
bihar,2008,222,10222,IN-S04-AC-2008-222,KUTUMBA,lgd_direct,src-4ad56b409556
bihar,2008,223,10223,IN-S04-AC-2008-223,AURANGABAD,lgd_direct,src-4ad56b409556
bihar,2008,224,10224,IN-S04-AC-2008-224,RAFIGANJ,lgd_direct,src-4ad56b409556
bihar,2008,225,10225,IN-S04-AC-2008-225,GURUA,lgd_direct,src-4ad56b409556
bihar,2008,226,10226,IN-S04-AC-2008-226,SHERGHATI,lgd_direct,src-4ad56b409556
bihar,2008,227,10227,IN-S04-AC-2008-227,IMAMGANJ,lgd_direct,src-4ad56b409556
bihar,2008,228,10228,IN-S04-AC-2008-228,BARACHATTI,lgd_direct,src-4ad56b409556
bihar,2008,229,10229,IN-S04-AC-2008-229,BODH GAYA,lgd_direct,src-4ad56b409556
bihar,2008,230,10230,IN-S04-AC-2008-230,GAYA TOWN,lgd_direct,src-4ad56b409556
bihar,2008,231,10231,IN-S04-AC-2008-231,TIKARI,lgd_direct,src-4ad56b409556
bihar,2008,232,10232,IN-S04-AC-2008-232,BELAGANJ,lgd_direct,src-4ad56b409556
bihar,2008,233,10233,IN-S04-AC-2008-233,ATRI,lgd_direct,src-4ad56b409556
bihar,2008,234,10234,IN-S04-AC-2008-234,WAZIRGANJ,lgd_direct,src-4ad56b409556
bihar,2008,235,10235,IN-S04-AC-2008-235,RAJAULI,lgd_direct,src-4ad56b409556
bihar,2008,236,10236,IN-S04-AC-2008-236,HISUA,lgd_direct,src-4ad56b409556
bihar,2008,237,10237,IN-S04-AC-2008-237,NAWADA,lgd_direct,src-4ad56b409556
bihar,2008,238,10238,IN-S04-AC-2008-238,GOBINDPUR,lgd_direct,src-4ad56b409556
bihar,2008,239,10239,IN-S04-AC-2008-239,WARSALIGANJ,lgd_direct,src-4ad56b409556
bihar,2008,240,10240,IN-S04-AC-2008-240,SIKANDRA,lgd_direct,src-4ad56b409556
bihar,2008,241,10241,IN-S04-AC-2008-241,JAMUI,lgd_direct,src-4ad56b409556
bihar,2008,242,10242,IN-S04-AC-2008-242,JHAJHA,lgd_direct,src-4ad56b409556
bihar,2008,243,10243,IN-S04-AC-2008-243,CHAKAI,lgd_direct,src-4ad56b409556
chhattisgarh,2008,1,22001,IN-S26-AC-2008-1,BHARATPUR-SONHAT,lgd_direct,src-4ad56b409556
chhattisgarh,2008,2,22002,IN-S26-AC-2008-2,MANENDRAGARH,lgd_direct,src-4ad56b409556
chhattisgarh,2008,3,22003,IN-S26-AC-2008-3,BAIKUNTHPUR,lgd_direct,src-4ad56b409556
chhattisgarh,2008,4,22004,IN-S26-AC-2008-4,PREMNAGAR,lgd_direct,src-4ad56b409556
chhattisgarh,2008,5,22005,IN-S26-AC-2008-5,BHATGAON,lgd_direct,src-4ad56b409556
chhattisgarh,2008,6,22006,IN-S26-AC-2008-6,PRATAPPUR,lgd_direct,src-4ad56b409556
chhattisgarh,2008,7,22007,IN-S26-AC-2008-7,RAMANUJGANJ,lgd_direct,src-4ad56b409556
chhattisgarh,2008,8,22008,IN-S26-AC-2008-8,SAMRI,lgd_direct,src-4ad56b409556
chhattisgarh,2008,9,22009,IN-S26-AC-2008-9,LUNDRA,lgd_direct,src-4ad56b409556
chhattisgarh,2008,10,22010,IN-S26-AC-2008-10,AMBIKAPUR,lgd_direct,src-4ad56b409556
chhattisgarh,2008,11,22011,IN-S26-AC-2008-11,SITAPUR,lgd_direct,src-4ad56b409556
chhattisgarh,2008,12,22012,IN-S26-AC-2008-12,JASHPUR,lgd_direct,src-4ad56b409556
chhattisgarh,2008,13,22013,IN-S26-AC-2008-13,KUNKURI,lgd_direct,src-4ad56b409556
chhattisgarh,2008,14,22014,IN-S26-AC-2008-14,PATHALGAON,lgd_direct,src-4ad56b409556
chhattisgarh,2008,15,22015,IN-S26-AC-2008-15,LAILUNGA,lgd_direct,src-4ad56b409556
chhattisgarh,2008,16,22016,IN-S26-AC-2008-16,RAIGARH,lgd_direct,src-4ad56b409556
chhattisgarh,2008,17,22017,IN-S26-AC-2008-17,SARANGARH,lgd_direct,src-4ad56b409556
chhattisgarh,2008,18,22018,IN-S26-AC-2008-18,KHARSIA,lgd_direct,src-4ad56b409556
chhattisgarh,2008,19,22019,IN-S26-AC-2008-19,DHARAMJAIGARH,lgd_direct,src-4ad56b409556
chhattisgarh,2008,20,22020,IN-S26-AC-2008-20,RAMPUR,lgd_direct,src-4ad56b409556
chhattisgarh,2008,21,22021,IN-S26-AC-2008-21,KORBA,lgd_direct,src-4ad56b409556
chhattisgarh,2008,22,22022,IN-S26-AC-2008-22,KATGHORA,lgd_direct,src-4ad56b409556
chhattisgarh,2008,23,22023,IN-S26-AC-2008-23,PALI-TANAKHAR,lgd_direct,src-4ad56b409556
chhattisgarh,2008,24,22024,IN-S26-AC-2008-24,MARWAHI,lgd_direct,src-4ad56b409556
chhattisgarh,2008,25,22025,IN-S26-AC-2008-25,KOTA,lgd_direct,src-4ad56b409556
chhattisgarh,2008,26,22026,IN-S26-AC-2008-26,LORMI,lgd_direct,src-4ad56b409556
chhattisgarh,2008,27,22027,IN-S26-AC-2008-27,MUNGELI,lgd_direct,src-4ad56b409556
chhattisgarh,2008,28,22028,IN-S26-AC-2008-28,TAKHATPUR,lgd_direct,src-4ad56b409556
chhattisgarh,2008,29,22029,IN-S26-AC-2008-29,BILHA,lgd_direct,src-4ad56b409556
chhattisgarh,2008,30,22030,IN-S26-AC-2008-30,BILASPUR,lgd_direct,src-4ad56b409556
chhattisgarh,2008,31,22031,IN-S26-AC-2008-31,BELTARA,lgd_direct,src-4ad56b409556
chhattisgarh,2008,32,22032,IN-S26-AC-2008-32,MASTURI,lgd_direct,src-4ad56b409556
chhattisgarh,2008,33,22033,IN-S26-AC-2008-33,AKALTARA,lgd_direct,src-4ad56b409556
chhattisgarh,2008,34,22034,IN-S26-AC-2008-34,JANJGIR-CHAMPA,lgd_direct,src-4ad56b409556
chhattisgarh,2008,35,22035,IN-S26-AC-2008-35,SAKTI,lgd_direct,src-4ad56b409556
chhattisgarh,2008,36,22036,IN-S26-AC-2008-36,CHANDRAPUR,lgd_direct,src-4ad56b409556
chhattisgarh,2008,37,22037,IN-S26-AC-2008-37,JAIJAIPUR,lgd_direct,src-4ad56b409556
chhattisgarh,2008,38,22038,IN-S26-AC-2008-38,PAMGARH,lgd_direct,src-4ad56b409556
chhattisgarh,2008,39,22039,IN-S26-AC-2008-39,SARAIPALI,lgd_direct,src-4ad56b409556
chhattisgarh,2008,40,22040,IN-S26-AC-2008-40,BASNA,lgd_direct,src-4ad56b409556
chhattisgarh,2008,41,22041,IN-S26-AC-2008-41,KHALLARI,lgd_direct,src-4ad56b409556
chhattisgarh,2008,42,22042,IN-S26-AC-2008-42,MAHASAMUND,lgd_direct,src-4ad56b409556
chhattisgarh,2008,43,22043,IN-S26-AC-2008-43,BILAIGARH,lgd_direct,src-4ad56b409556
chhattisgarh,2008,44,22044,IN-S26-AC-2008-44,KASDOL,lgd_direct,src-4ad56b409556
chhattisgarh,2008,45,22045,IN-S26-AC-2008-45,BALODA BAZAR,lgd_direct,src-4ad56b409556
chhattisgarh,2008,46,22046,IN-S26-AC-2008-46,BHATAPARA,lgd_direct,src-4ad56b409556
chhattisgarh,2008,47,22047,IN-S26-AC-2008-47,DHARSIWA,lgd_direct,src-4ad56b409556
chhattisgarh,2008,48,22048,IN-S26-AC-2008-48,RAIPUR CITY GRAMIN,lgd_direct,src-4ad56b409556
chhattisgarh,2008,49,22049,IN-S26-AC-2008-49,RAIPUR CITY WEST,lgd_direct,src-4ad56b409556
chhattisgarh,2008,50,22050,IN-S26-AC-2008-50,RAIPUR CITY NORTH,lgd_direct,src-4ad56b409556
chhattisgarh,2008,51,22051,IN-S26-AC-2008-51,RAIPUR CITY SOUTH,lgd_direct,src-4ad56b409556
chhattisgarh,2008,52,22052,IN-S26-AC-2008-52,ARANG,lgd_direct,src-4ad56b409556
chhattisgarh,2008,53,22053,IN-S26-AC-2008-53,ABHANPUR,lgd_direct,src-4ad56b409556
chhattisgarh,2008,54,22054,IN-S26-AC-2008-54,RAJIM,lgd_direct,src-4ad56b409556
chhattisgarh,2008,55,22055,IN-S26-AC-2008-55,BINDRANAWAGARH,lgd_direct,src-4ad56b409556
chhattisgarh,2008,56,22056,IN-S26-AC-2008-56,SIHAWA,lgd_direct,src-4ad56b409556
chhattisgarh,2008,57,22057,IN-S26-AC-2008-57,KURUD,lgd_direct,src-4ad56b409556
chhattisgarh,2008,58,22058,IN-S26-AC-2008-58,DHAMTARI,lgd_direct,src-4ad56b409556
chhattisgarh,2008,59,22059,IN-S26-AC-2008-59,SANJARI BALOD,lgd_direct,src-4ad56b409556
chhattisgarh,2008,60,22060,IN-S26-AC-2008-60,DONDI LAHARA,lgd_direct,src-4ad56b409556
chhattisgarh,2008,61,22061,IN-S26-AC-2008-61,GUNDERDEHI,lgd_direct,src-4ad56b409556
chhattisgarh,2008,62,22062,IN-S26-AC-2008-62,PATAN,lgd_direct,src-4ad56b409556
chhattisgarh,2008,63,22063,IN-S26-AC-2008-63,DURG GRAMIN,lgd_direct,src-4ad56b409556
chhattisgarh,2008,64,22064,IN-S26-AC-2008-64,DURG CITY,lgd_direct,src-4ad56b409556
chhattisgarh,2008,65,22065,IN-S26-AC-2008-65,BHILAI NAGAR,lgd_direct,src-4ad56b409556
chhattisgarh,2008,66,22066,IN-S26-AC-2008-66,VAISHALI NAGAR,lgd_direct,src-4ad56b409556
chhattisgarh,2008,67,22067,IN-S26-AC-2008-67,AHIWARA,lgd_direct,src-4ad56b409556
chhattisgarh,2008,68,22068,IN-S26-AC-2008-68,SAJA,lgd_direct,src-4ad56b409556
chhattisgarh,2008,69,22069,IN-S26-AC-2008-69,BEMETARA,lgd_direct,src-4ad56b409556
chhattisgarh,2008,70,22070,IN-S26-AC-2008-70,NAVAGARH,lgd_direct,src-4ad56b409556
chhattisgarh,2008,71,22071,IN-S26-AC-2008-71,PANDARIYA,lgd_direct,src-4ad56b409556
chhattisgarh,2008,72,22072,IN-S26-AC-2008-72,KAWARDHA,lgd_direct,src-4ad56b409556
chhattisgarh,2008,73,22073,IN-S26-AC-2008-73,KHAIRAGARH,lgd_direct,src-4ad56b409556
chhattisgarh,2008,74,22074,IN-S26-AC-2008-74,DONGARGARH,lgd_direct,src-4ad56b409556
chhattisgarh,2008,75,22075,IN-S26-AC-2008-75,RAJNANDGAON,lgd_direct,src-4ad56b409556
chhattisgarh,2008,76,22076,IN-S26-AC-2008-76,DONGARGAON,lgd_direct,src-4ad56b409556
chhattisgarh,2008,77,22077,IN-S26-AC-2008-77,KHUJJI,lgd_direct,src-4ad56b409556
chhattisgarh,2008,78,22078,IN-S26-AC-2008-78,MOHALA-MANPUR,lgd_direct,src-4ad56b409556
chhattisgarh,2008,79,22079,IN-S26-AC-2008-79,ANTAGARH,lgd_direct,src-4ad56b409556
chhattisgarh,2008,80,22080,IN-S26-AC-2008-80,BHANUPRATAPPUR,lgd_direct,src-4ad56b409556
chhattisgarh,2008,81,22081,IN-S26-AC-2008-81,KANKER,lgd_direct,src-4ad56b409556
chhattisgarh,2008,82,22082,IN-S26-AC-2008-82,KESHKAL,lgd_direct,src-4ad56b409556
chhattisgarh,2008,83,22083,IN-S26-AC-2008-83,KONDAGAON,lgd_direct,src-4ad56b409556
chhattisgarh,2008,84,22084,IN-S26-AC-2008-84,NARAINPUR,lgd_direct,src-4ad56b409556
chhattisgarh,2008,85,22085,IN-S26-AC-2008-85,BASTAR,lgd_direct,src-4ad56b409556
chhattisgarh,2008,86,22086,IN-S26-AC-2008-86,JAGDALPUR,lgd_direct,src-4ad56b409556
chhattisgarh,2008,87,22087,IN-S26-AC-2008-87,CHITRAKOT,lgd_direct,src-4ad56b409556
chhattisgarh,2008,88,22088,IN-S26-AC-2008-88,DANTEWARA,lgd_direct,src-4ad56b409556
chhattisgarh,2008,89,22089,IN-S26-AC-2008-89,BIJAPUR,lgd_direct,src-4ad56b409556
chhattisgarh,2008,90,22090,IN-S26-AC-2008-90,KONTA,lgd_direct,src-4ad56b409556
delhi,2008,1,7001,IN-U05-AC-2008-1,NERELA,lgd_direct,src-4ad56b409556
delhi,2008,2,7002,IN-U05-AC-2008-2,BURARI,lgd_direct,src-4ad56b409556
delhi,2008,3,7003,IN-U05-AC-2008-3,TIMARPUR,lgd_direct,src-4ad56b409556
delhi,2008,4,7004,IN-U05-AC-2008-4,ADARSH NAGAR,lgd_direct,src-4ad56b409556
delhi,2008,5,7005,IN-U05-AC-2008-5,BADLI,lgd_direct,src-4ad56b409556
delhi,2008,6,7006,IN-U05-AC-2008-6,RITHALA,lgd_direct,src-4ad56b409556
delhi,2008,7,7007,IN-U05-AC-2008-7,BAWANA,lgd_direct,src-4ad56b409556
delhi,2008,8,7008,IN-U05-AC-2008-8,MUNDKA,lgd_direct,src-4ad56b409556
delhi,2008,9,7009,IN-U05-AC-2008-9,KIRARI,lgd_direct,src-4ad56b409556
delhi,2008,10,7010,IN-U05-AC-2008-10,SULTANPUR MAJRA,lgd_direct,src-4ad56b409556
delhi,2008,11,7011,IN-U05-AC-2008-11,NANGLOI JAT,lgd_direct,src-4ad56b409556
delhi,2008,12,7012,IN-U05-AC-2008-12,MANGOL PURI,lgd_direct,src-4ad56b409556
delhi,2008,13,7013,IN-U05-AC-2008-13,ROHINI,lgd_direct,src-4ad56b409556
delhi,2008,14,7014,IN-U05-AC-2008-14,SHALIMAR BAGH,lgd_direct,src-4ad56b409556
delhi,2008,15,7015,IN-U05-AC-2008-15,SHAKUR BASTI,lgd_direct,src-4ad56b409556
delhi,2008,16,7016,IN-U05-AC-2008-16,TRI NAGAR,lgd_direct,src-4ad56b409556
delhi,2008,17,7017,IN-U05-AC-2008-17,WAZIRPUR,lgd_direct,src-4ad56b409556
delhi,2008,18,7018,IN-U05-AC-2008-18,MODEL TOWN,lgd_direct,src-4ad56b409556
delhi,2008,19,7019,IN-U05-AC-2008-19,SADAR BAZAR,lgd_direct,src-4ad56b409556
delhi,2008,20,7020,IN-U05-AC-2008-20,CHANDNI CHOWK,lgd_direct,src-4ad56b409556
delhi,2008,21,7021,IN-U05-AC-2008-21,MATIA MAHAL,lgd_direct,src-4ad56b409556
delhi,2008,22,7022,IN-U05-AC-2008-22,BALLIMARAN,lgd_direct,src-4ad56b409556
delhi,2008,23,7023,IN-U05-AC-2008-23,KAROL BAGH,lgd_direct,src-4ad56b409556
delhi,2008,24,7024,IN-U05-AC-2008-24,PATEL NAGAR,lgd_direct,src-4ad56b409556
delhi,2008,25,7025,IN-U05-AC-2008-25,MOTI NAGAR,lgd_direct,src-4ad56b409556
delhi,2008,26,7026,IN-U05-AC-2008-26,MADIPUR,lgd_direct,src-4ad56b409556
delhi,2008,27,7027,IN-U05-AC-2008-27,RAJOURI GARDEN,lgd_direct,src-4ad56b409556
delhi,2008,28,7028,IN-U05-AC-2008-28,HARI NAGAR,lgd_direct,src-4ad56b409556
delhi,2008,29,7029,IN-U05-AC-2008-29,TILAK NAGAR,lgd_direct,src-4ad56b409556
delhi,2008,30,7030,IN-U05-AC-2008-30,JANAKPURI,lgd_direct,src-4ad56b409556
delhi,2008,31,7031,IN-U05-AC-2008-31,VIKASPURI,lgd_direct,src-4ad56b409556
delhi,2008,32,7032,IN-U05-AC-2008-32,UTTAM NAGAR,lgd_direct,src-4ad56b409556
delhi,2008,33,7033,IN-U05-AC-2008-33,DWARKA,lgd_direct,src-4ad56b409556
delhi,2008,34,7034,IN-U05-AC-2008-34,MATIALA,lgd_direct,src-4ad56b409556
delhi,2008,35,7035,IN-U05-AC-2008-35,NAJAFGARH,lgd_direct,src-4ad56b409556
delhi,2008,36,7036,IN-U05-AC-2008-36,BIJWASAN,lgd_direct,src-4ad56b409556
delhi,2008,37,7037,IN-U05-AC-2008-37,PALAM,lgd_direct,src-4ad56b409556
delhi,2008,38,7038,IN-U05-AC-2008-38,DELHI CANTT,lgd_direct,src-4ad56b409556
delhi,2008,39,7039,IN-U05-AC-2008-39,RAJINDER NAGAR,lgd_direct,src-4ad56b409556
delhi,2008,40,7040,IN-U05-AC-2008-40,NEW DELHI,lgd_direct,src-4ad56b409556
delhi,2008,41,7041,IN-U05-AC-2008-41,JANGPURA,lgd_direct,src-4ad56b409556
delhi,2008,42,7042,IN-U05-AC-2008-42,KASTURBA NAGAR,lgd_direct,src-4ad56b409556
delhi,2008,43,7043,IN-U05-AC-2008-43,MALVIYA NAGAR,lgd_direct,src-4ad56b409556
delhi,2008,44,7044,IN-U05-AC-2008-44,R K PURAM,lgd_direct,src-4ad56b409556
delhi,2008,45,7045,IN-U05-AC-2008-45,MEHRAULI,lgd_direct,src-4ad56b409556
delhi,2008,46,7046,IN-U05-AC-2008-46,CHHATARPUR,lgd_direct,src-4ad56b409556
delhi,2008,47,7047,IN-U05-AC-2008-47,DEOLI,lgd_direct,src-4ad56b409556
delhi,2008,48,7048,IN-U05-AC-2008-48,AMBEDKAR NAGAR,lgd_direct,src-4ad56b409556
delhi,2008,49,7049,IN-U05-AC-2008-49,SANGAM VIHAR,lgd_direct,src-4ad56b409556
delhi,2008,50,7050,IN-U05-AC-2008-50,GREATER KAILASH,lgd_direct,src-4ad56b409556
delhi,2008,51,7051,IN-U05-AC-2008-51,KALKAJI,lgd_direct,src-4ad56b409556
delhi,2008,52,7052,IN-U05-AC-2008-52,TUGHLAKABAD,lgd_direct,src-4ad56b409556
delhi,2008,53,7053,IN-U05-AC-2008-53,BADARPUR,lgd_direct,src-4ad56b409556
delhi,2008,54,7054,IN-U05-AC-2008-54,OKHLA,lgd_direct,src-4ad56b409556
delhi,2008,55,7055,IN-U05-AC-2008-55,TRILOKPURI,lgd_direct,src-4ad56b409556
delhi,2008,56,7056,IN-U05-AC-2008-56,KONDLI,lgd_direct,src-4ad56b409556
delhi,2008,57,7057,IN-U05-AC-2008-57,PATPARGANJ,lgd_direct,src-4ad56b409556
delhi,2008,58,7058,IN-U05-AC-2008-58,LAXMI NAGAR,lgd_direct,src-4ad56b409556
delhi,2008,59,7059,IN-U05-AC-2008-59,VISHWAS NAGAR,lgd_direct,src-4ad56b409556
delhi,2008,60,7060,IN-U05-AC-2008-60,KRISHNA NAGAR,lgd_direct,src-4ad56b409556
delhi,2008,61,7061,IN-U05-AC-2008-61,GANDHI NAGAR,lgd_direct,src-4ad56b409556
delhi,2008,62,7062,IN-U05-AC-2008-62,SHAHDARA,lgd_direct,src-4ad56b409556
delhi,2008,63,7063,IN-U05-AC-2008-63,SEEMA PURI,lgd_direct,src-4ad56b409556
delhi,2008,64,7064,IN-U05-AC-2008-64,ROHTAS NAGAR,lgd_direct,src-4ad56b409556
delhi,2008,65,7065,IN-U05-AC-2008-65,SEELAMPUR,lgd_direct,src-4ad56b409556
delhi,2008,66,7066,IN-U05-AC-2008-66,GHONDA,lgd_direct,src-4ad56b409556
delhi,2008,67,7067,IN-U05-AC-2008-67,BABARPUR,lgd_direct,src-4ad56b409556
delhi,2008,68,7068,IN-U05-AC-2008-68,GOKALPUR,lgd_direct,src-4ad56b409556
delhi,2008,69,7069,IN-U05-AC-2008-69,MUSTAFABAD,lgd_direct,src-4ad56b409556
delhi,2008,70,7070,IN-U05-AC-2008-70,KARAWAL NAGAR,lgd_direct,src-4ad56b409556
goa,2008,1,30001,IN-S05-AC-2008-1,MANDREM,lgd_direct,src-4ad56b409556
goa,2008,2,30002,IN-S05-AC-2008-2,PERNEM,lgd_direct,src-4ad56b409556
goa,2008,3,30003,IN-S05-AC-2008-3,BICHOLIM,lgd_direct,src-4ad56b409556
goa,2008,4,30004,IN-S05-AC-2008-4,TIVIM,lgd_direct,src-4ad56b409556
goa,2008,5,30005,IN-S05-AC-2008-5,MAPUSA,lgd_direct,src-4ad56b409556
goa,2008,6,30006,IN-S05-AC-2008-6,SIOLIM,lgd_direct,src-4ad56b409556
goa,2008,7,30007,IN-S05-AC-2008-7,SALIGAO,lgd_direct,src-4ad56b409556
goa,2008,8,30008,IN-S05-AC-2008-8,CALANGUTE,lgd_direct,src-4ad56b409556
goa,2008,9,30009,IN-S05-AC-2008-9,PORVORIM,lgd_direct,src-4ad56b409556
goa,2008,10,30010,IN-S05-AC-2008-10,ALDONA,lgd_direct,src-4ad56b409556
goa,2008,11,30011,IN-S05-AC-2008-11,PANAJI,lgd_direct,src-4ad56b409556
goa,2008,12,30012,IN-S05-AC-2008-12,TALEIGAO,lgd_direct,src-4ad56b409556
goa,2008,13,30013,IN-S05-AC-2008-13,ST. CRUZ,lgd_direct,src-4ad56b409556
goa,2008,14,30014,IN-S05-AC-2008-14,ST. ANDRE,lgd_direct,src-4ad56b409556
goa,2008,15,30015,IN-S05-AC-2008-15,CUMBARJUA,lgd_direct,src-4ad56b409556
goa,2008,16,30016,IN-S05-AC-2008-16,MAEM,lgd_direct,src-4ad56b409556
goa,2008,17,30017,IN-S05-AC-2008-17,SANQUELIM,lgd_direct,src-4ad56b409556
goa,2008,18,30018,IN-S05-AC-2008-18,PORIEM,lgd_direct,src-4ad56b409556
goa,2008,19,30019,IN-S05-AC-2008-19,VALPOI,lgd_direct,src-4ad56b409556
goa,2008,20,30020,IN-S05-AC-2008-20,PRIOL,lgd_direct,src-4ad56b409556
goa,2008,21,30021,IN-S05-AC-2008-21,PONDA,lgd_direct,src-4ad56b409556
goa,2008,22,30022,IN-S05-AC-2008-22,SIRODA,lgd_direct,src-4ad56b409556
goa,2008,23,30023,IN-S05-AC-2008-23,MARCAIM,lgd_direct,src-4ad56b409556
goa,2008,24,30024,IN-S05-AC-2008-24,MORMUGAO,lgd_direct,src-4ad56b409556
goa,2008,25,30025,IN-S05-AC-2008-25,VASCO-DA-GAMA,lgd_direct,src-4ad56b409556
goa,2008,26,30026,IN-S05-AC-2008-26,DABOLIM,lgd_direct,src-4ad56b409556
goa,2008,27,30027,IN-S05-AC-2008-27,CORTALIM,lgd_direct,src-4ad56b409556
goa,2008,28,30028,IN-S05-AC-2008-28,NUVEM,lgd_direct,src-4ad56b409556
goa,2008,29,30029,IN-S05-AC-2008-29,CURTORIM,lgd_direct,src-4ad56b409556
goa,2008,30,30030,IN-S05-AC-2008-30,FATORDA,lgd_direct,src-4ad56b409556
goa,2008,31,30031,IN-S05-AC-2008-31,MARGAO,lgd_direct,src-4ad56b409556
goa,2008,32,30032,IN-S05-AC-2008-32,BENAULIM,lgd_direct,src-4ad56b409556
goa,2008,33,30033,IN-S05-AC-2008-33,NAVELIM,lgd_direct,src-4ad56b409556
goa,2008,34,30034,IN-S05-AC-2008-34,CUNCOLIM,lgd_direct,src-4ad56b409556
goa,2008,35,30035,IN-S05-AC-2008-35,VELIM,lgd_direct,src-4ad56b409556
goa,2008,36,30036,IN-S05-AC-2008-36,QUEPEM,lgd_direct,src-4ad56b409556
goa,2008,37,30037,IN-S05-AC-2008-37,CURCHOREM,lgd_direct,src-4ad56b409556
goa,2008,38,30038,IN-S05-AC-2008-38,SANVORDEM,lgd_direct,src-4ad56b409556
goa,2008,39,30039,IN-S05-AC-2008-39,SANGUEM,lgd_direct,src-4ad56b409556
goa,2008,40,30040,IN-S05-AC-2008-40,CANACONA,lgd_direct,src-4ad56b409556
gujarat,2008,1,24001,IN-S06-AC-2008-1,ABDASA,lgd_direct,src-4ad56b409556
gujarat,2008,2,24002,IN-S06-AC-2008-2,MANDVI,lgd_direct,src-4ad56b409556
gujarat,2008,3,24003,IN-S06-AC-2008-3,BHUJ,lgd_direct,src-4ad56b409556
gujarat,2008,4,24004,IN-S06-AC-2008-4,ANJAR,lgd_direct,src-4ad56b409556
gujarat,2008,5,24005,IN-S06-AC-2008-5,GANDHIDHAM,lgd_direct,src-4ad56b409556
gujarat,2008,6,24006,IN-S06-AC-2008-6,RAPAR,lgd_direct,src-4ad56b409556
gujarat,2008,7,24007,IN-S06-AC-2008-7,VAV,lgd_direct,src-4ad56b409556
gujarat,2008,8,24008,IN-S06-AC-2008-8,THARAD,lgd_direct,src-4ad56b409556
gujarat,2008,9,24009,IN-S06-AC-2008-9,DHANERA,lgd_direct,src-4ad56b409556
gujarat,2008,10,24010,IN-S06-AC-2008-10,DANTA,lgd_direct,src-4ad56b409556
gujarat,2008,11,24011,IN-S06-AC-2008-11,VADGAM,lgd_direct,src-4ad56b409556
gujarat,2008,12,24012,IN-S06-AC-2008-12,PALANPUR,lgd_direct,src-4ad56b409556
gujarat,2008,13,24013,IN-S06-AC-2008-13,DEESA,lgd_direct,src-4ad56b409556
gujarat,2008,14,24014,IN-S06-AC-2008-14,DEODAR,lgd_direct,src-4ad56b409556
gujarat,2008,15,24015,IN-S06-AC-2008-15,KANKREJ,lgd_direct,src-4ad56b409556
gujarat,2008,16,24016,IN-S06-AC-2008-16,RADHANPUR,lgd_direct,src-4ad56b409556
gujarat,2008,17,24017,IN-S06-AC-2008-17,CHANASMA,lgd_direct,src-4ad56b409556
gujarat,2008,18,24018,IN-S06-AC-2008-18,PATAN,lgd_direct,src-4ad56b409556
gujarat,2008,19,24019,IN-S06-AC-2008-19,SIDHPUR,lgd_direct,src-4ad56b409556
gujarat,2008,20,24020,IN-S06-AC-2008-20,KHERALU,lgd_direct,src-4ad56b409556
gujarat,2008,21,24021,IN-S06-AC-2008-21,UNJHA,lgd_direct,src-4ad56b409556
gujarat,2008,22,24022,IN-S06-AC-2008-22,VISNAGAR,lgd_direct,src-4ad56b409556
gujarat,2008,23,24023,IN-S06-AC-2008-23,BECHARAJI,lgd_direct,src-4ad56b409556
gujarat,2008,24,24024,IN-S06-AC-2008-24,KADI,lgd_direct,src-4ad56b409556
gujarat,2008,25,24025,IN-S06-AC-2008-25,MEHSANA,lgd_direct,src-4ad56b409556
gujarat,2008,26,24026,IN-S06-AC-2008-26,VIJAPUR,lgd_direct,src-4ad56b409556
gujarat,2008,27,24027,IN-S06-AC-2008-27,HIMATNAGAR,lgd_direct,src-4ad56b409556
gujarat,2008,28,24028,IN-S06-AC-2008-28,IDAR,lgd_direct,src-4ad56b409556
gujarat,2008,29,,IN-S06-AC-2008-29,KHEDBRAHMA,unmapped,src-4ad56b409556
gujarat,2008,30,24030,IN-S06-AC-2008-30,BHILODA,lgd_direct,src-4ad56b409556
gujarat,2008,31,24031,IN-S06-AC-2008-31,MODASA,lgd_direct,src-4ad56b409556
gujarat,2008,32,24032,IN-S06-AC-2008-32,BAYAD,lgd_direct,src-4ad56b409556
gujarat,2008,33,24033,IN-S06-AC-2008-33,PRANTIJ,lgd_direct,src-4ad56b409556
gujarat,2008,34,24034,IN-S06-AC-2008-34,DEHGAM,lgd_direct,src-4ad56b409556
gujarat,2008,35,24035,IN-S06-AC-2008-35,GANDHINAGAR SOUTH,lgd_direct,src-4ad56b409556
gujarat,2008,36,24036,IN-S06-AC-2008-36,GANDHINAGAR NORTH,lgd_direct,src-4ad56b409556
gujarat,2008,37,24037,IN-S06-AC-2008-37,MANSA,lgd_direct,src-4ad56b409556
gujarat,2008,38,24038,IN-S06-AC-2008-38,KALOL,lgd_direct,src-4ad56b409556
gujarat,2008,39,24039,IN-S06-AC-2008-39,VIRAMGAM,lgd_direct,src-4ad56b409556
gujarat,2008,40,24040,IN-S06-AC-2008-40,SANAND,lgd_direct,src-4ad56b409556
gujarat,2008,41,24041,IN-S06-AC-2008-41,GHATLODIA,lgd_direct,src-4ad56b409556
gujarat,2008,42,24042,IN-S06-AC-2008-42,VEJALPUR,lgd_direct,src-4ad56b409556
gujarat,2008,43,24043,IN-S06-AC-2008-43,VATVA,lgd_direct,src-4ad56b409556
gujarat,2008,44,24044,IN-S06-AC-2008-44,ELLIS BRIDGE,lgd_direct,src-4ad56b409556
gujarat,2008,45,,IN-S06-AC-2008-45,NARANPURA,unmapped,src-4ad56b409556
gujarat,2008,46,,IN-S06-AC-2008-46,NIKOL,unmapped,src-4ad56b409556
gujarat,2008,47,,IN-S06-AC-2008-47,NARODA,unmapped,src-4ad56b409556
gujarat,2008,48,,IN-S06-AC-2008-48,THAKKARBAPA NAGAR,unmapped,src-4ad56b409556
gujarat,2008,49,,IN-S06-AC-2008-49,BAPUNAGAR,unmapped,src-4ad56b409556
gujarat,2008,50,,IN-S06-AC-2008-50,AMRAIWADI,unmapped,src-4ad56b409556
gujarat,2008,51,,IN-S06-AC-2008-51,DARIAPUR,unmapped,src-4ad56b409556
gujarat,2008,52,,IN-S06-AC-2008-52,JAMALPUR-KHADIA,unmapped,src-4ad56b409556
gujarat,2008,53,,IN-S06-AC-2008-53,MANINAGAR,unmapped,src-4ad56b409556
gujarat,2008,54,,IN-S06-AC-2008-54,DANILIMDA,unmapped,src-4ad56b409556
gujarat,2008,55,,IN-S06-AC-2008-55,SABARMATI,unmapped,src-4ad56b409556
gujarat,2008,56,,IN-S06-AC-2008-56,ASARWA,unmapped,src-4ad56b409556
gujarat,2008,57,24057,IN-S06-AC-2008-57,DASKROI,lgd_direct,src-4ad56b409556
gujarat,2008,58,24058,IN-S06-AC-2008-58,DHOLKA,lgd_direct,src-4ad56b409556
gujarat,2008,59,24059,IN-S06-AC-2008-59,DHANDHUKA,lgd_direct,src-4ad56b409556
gujarat,2008,60,24060,IN-S06-AC-2008-60,DASADA,lgd_direct,src-4ad56b409556
gujarat,2008,61,24061,IN-S06-AC-2008-61,LIMBDI,lgd_direct,src-4ad56b409556
gujarat,2008,62,24062,IN-S06-AC-2008-62,WADHWAN,lgd_direct,src-4ad56b409556
gujarat,2008,63,24063,IN-S06-AC-2008-63,CHOTILA,lgd_direct,src-4ad56b409556
gujarat,2008,64,24064,IN-S06-AC-2008-64,DHRANGADHRA,lgd_direct,src-4ad56b409556
gujarat,2008,65,24065,IN-S06-AC-2008-65,MORVI,lgd_direct,src-4ad56b409556
gujarat,2008,66,24066,IN-S06-AC-2008-66,TANKARA,lgd_direct,src-4ad56b409556
gujarat,2008,67,24067,IN-S06-AC-2008-67,WANKANER,lgd_direct,src-4ad56b409556
gujarat,2008,68,24068,IN-S06-AC-2008-68,RAJKOT EAST,lgd_direct,src-4ad56b409556
gujarat,2008,69,24069,IN-S06-AC-2008-69,RAJKOT WEST,lgd_direct,src-4ad56b409556
gujarat,2008,70,24070,IN-S06-AC-2008-70,RAJKOT SOUTH,lgd_direct,src-4ad56b409556
gujarat,2008,71,24071,IN-S06-AC-2008-71,RAJKOT RURAL,lgd_direct,src-4ad56b409556
gujarat,2008,72,24072,IN-S06-AC-2008-72,JASDAN,lgd_direct,src-4ad56b409556
gujarat,2008,73,24073,IN-S06-AC-2008-73,GONDAL,lgd_direct,src-4ad56b409556
gujarat,2008,74,24074,IN-S06-AC-2008-74,JETPUR,lgd_direct,src-4ad56b409556
gujarat,2008,75,24075,IN-S06-AC-2008-75,DHORAJI,lgd_direct,src-4ad56b409556
gujarat,2008,76,24076,IN-S06-AC-2008-76,KALAWAD,lgd_direct,src-4ad56b409556
gujarat,2008,77,24077,IN-S06-AC-2008-77,JAMNAGAR RURAL,lgd_direct,src-4ad56b409556
gujarat,2008,78,24078,IN-S06-AC-2008-78,JAMNAGAR NORTH,lgd_direct,src-4ad56b409556
gujarat,2008,79,24079,IN-S06-AC-2008-79,JAMNAGAR SOUTH,lgd_direct,src-4ad56b409556
gujarat,2008,80,24080,IN-S06-AC-2008-80,JAMJODHPUR,lgd_direct,src-4ad56b409556
gujarat,2008,81,24081,IN-S06-AC-2008-81,KHAMBHALIA,lgd_direct,src-4ad56b409556
gujarat,2008,82,24082,IN-S06-AC-2008-82,DWARKA,lgd_direct,src-4ad56b409556
gujarat,2008,83,24083,IN-S06-AC-2008-83,PORBANDAR,lgd_direct,src-4ad56b409556
gujarat,2008,84,24084,IN-S06-AC-2008-84,KUTIYANA,lgd_direct,src-4ad56b409556
gujarat,2008,85,24085,IN-S06-AC-2008-85,MANAVADAR,lgd_direct,src-4ad56b409556
gujarat,2008,86,24086,IN-S06-AC-2008-86,JUNAGADH,lgd_direct,src-4ad56b409556
gujarat,2008,87,24087,IN-S06-AC-2008-87,VISAVADAR,lgd_direct,src-4ad56b409556
gujarat,2008,88,24088,IN-S06-AC-2008-88,KESHOD,lgd_direct,src-4ad56b409556
gujarat,2008,89,24089,IN-S06-AC-2008-89,MANGROL,lgd_direct,src-4ad56b409556
gujarat,2008,90,24090,IN-S06-AC-2008-90,SOMNATH,lgd_direct,src-4ad56b409556
gujarat,2008,91,24091,IN-S06-AC-2008-91,TALALA,lgd_direct,src-4ad56b409556
gujarat,2008,92,24092,IN-S06-AC-2008-92,KODINAR,lgd_direct,src-4ad56b409556
gujarat,2008,93,24093,IN-S06-AC-2008-93,UNA,lgd_direct,src-4ad56b409556
gujarat,2008,94,24094,IN-S06-AC-2008-94,DHARI,lgd_direct,src-4ad56b409556
gujarat,2008,95,24095,IN-S06-AC-2008-95,AMRELI,lgd_direct,src-4ad56b409556
gujarat,2008,96,24096,IN-S06-AC-2008-96,LATHI,lgd_direct,src-4ad56b409556
gujarat,2008,97,24097,IN-S06-AC-2008-97,SAVARKUNDLA,lgd_direct,src-4ad56b409556
gujarat,2008,98,24098,IN-S06-AC-2008-98,RAJULA,lgd_direct,src-4ad56b409556
gujarat,2008,99,24099,IN-S06-AC-2008-99,MAHUVA,lgd_direct,src-4ad56b409556
gujarat,2008,100,24100,IN-S06-AC-2008-100,TALAJA,lgd_direct,src-4ad56b409556
gujarat,2008,101,24101,IN-S06-AC-2008-101,GARIADHAR,lgd_direct,src-4ad56b409556
gujarat,2008,102,24102,IN-S06-AC-2008-102,PALITANA,lgd_direct,src-4ad56b409556
gujarat,2008,103,24103,IN-S06-AC-2008-103,BHAVNAGAR RURAL,lgd_direct,src-4ad56b409556
gujarat,2008,104,24104,IN-S06-AC-2008-104,BHAVNAGAR EAST,lgd_direct,src-4ad56b409556
gujarat,2008,105,24105,IN-S06-AC-2008-105,BHAVNAGAR WEST,lgd_direct,src-4ad56b409556
gujarat,2008,106,24106,IN-S06-AC-2008-106,GADHADA,lgd_direct,src-4ad56b409556
gujarat,2008,107,24107,IN-S06-AC-2008-107,BOTAD,lgd_direct,src-4ad56b409556
gujarat,2008,108,24108,IN-S06-AC-2008-108,KHAMBHAT,lgd_direct,src-4ad56b409556
gujarat,2008,109,24109,IN-S06-AC-2008-109,BORSAD,lgd_direct,src-4ad56b409556
gujarat,2008,110,24110,IN-S06-AC-2008-110,ANKLAV,lgd_direct,src-4ad56b409556
gujarat,2008,111,24111,IN-S06-AC-2008-111,UMRETH,lgd_direct,src-4ad56b409556
gujarat,2008,112,24112,IN-S06-AC-2008-112,ANAND,lgd_direct,src-4ad56b409556
gujarat,2008,113,24113,IN-S06-AC-2008-113,PETLAD,lgd_direct,src-4ad56b409556
gujarat,2008,114,24114,IN-S06-AC-2008-114,SOJITRA,lgd_direct,src-4ad56b409556
gujarat,2008,115,24115,IN-S06-AC-2008-115,MATAR,lgd_direct,src-4ad56b409556
gujarat,2008,116,24116,IN-S06-AC-2008-116,NADIAD,lgd_direct,src-4ad56b409556
gujarat,2008,117,24117,IN-S06-AC-2008-117,MEHEMDABAD,lgd_direct,src-4ad56b409556
gujarat,2008,118,24118,IN-S06-AC-2008-118,MAHUDHA,lgd_direct,src-4ad56b409556
gujarat,2008,119,24119,IN-S06-AC-2008-119,THASRA,lgd_direct,src-4ad56b409556
gujarat,2008,120,24120,IN-S06-AC-2008-120,KAPADWANJ,lgd_direct,src-4ad56b409556
gujarat,2008,121,24121,IN-S06-AC-2008-121,BALASINOR,lgd_direct,src-4ad56b409556
gujarat,2008,122,24122,IN-S06-AC-2008-122,LUNAWADA,lgd_direct,src-4ad56b409556
gujarat,2008,123,24123,IN-S06-AC-2008-123,SANTRAMPUR,lgd_direct,src-4ad56b409556
gujarat,2008,124,24124,IN-S06-AC-2008-124,SHEHRA,lgd_direct,src-4ad56b409556
gujarat,2008,125,24125,IN-S06-AC-2008-125,MORVA HADAF,lgd_direct,src-4ad56b409556
gujarat,2008,126,24126,IN-S06-AC-2008-126,GODHRA,lgd_direct,src-4ad56b409556
gujarat,2008,127,24127,IN-S06-AC-2008-127,KALOL,lgd_direct,src-4ad56b409556
gujarat,2008,128,24128,IN-S06-AC-2008-128,HALOL,lgd_direct,src-4ad56b409556
gujarat,2008,129,24129,IN-S06-AC-2008-129,FATEPURA,lgd_direct,src-4ad56b409556
gujarat,2008,130,24130,IN-S06-AC-2008-130,JHALOD,lgd_direct,src-4ad56b409556
gujarat,2008,131,24131,IN-S06-AC-2008-131,LIMKHEDA,lgd_direct,src-4ad56b409556
gujarat,2008,132,24132,IN-S06-AC-2008-132,DAHOD,lgd_direct,src-4ad56b409556
gujarat,2008,133,24133,IN-S06-AC-2008-133,GARBADA,lgd_direct,src-4ad56b409556
gujarat,2008,134,24134,IN-S06-AC-2008-134,DEVGADH BARIA,lgd_direct,src-4ad56b409556
gujarat,2008,135,24135,IN-S06-AC-2008-135,SAVLI,lgd_direct,src-4ad56b409556
gujarat,2008,136,24136,IN-S06-AC-2008-136,VAGHODIA,lgd_direct,src-4ad56b409556
gujarat,2008,137,24137,IN-S06-AC-2008-137,CHHOTA UDAIPUR,lgd_direct,src-4ad56b409556
gujarat,2008,138,24138,IN-S06-AC-2008-138,JETPUR (ST),lgd_direct,src-4ad56b409556
gujarat,2008,139,24139,IN-S06-AC-2008-139,SANKHEDA,lgd_direct,src-4ad56b409556
gujarat,2008,140,24140,IN-S06-AC-2008-140,DABHOI,lgd_direct,src-4ad56b409556
gujarat,2008,141,24141,IN-S06-AC-2008-141,VADODARA CITY,lgd_direct,src-4ad56b409556
gujarat,2008,142,24142,IN-S06-AC-2008-142,SAYAJIGANJ,lgd_direct,src-4ad56b409556
gujarat,2008,143,24143,IN-S06-AC-2008-143,AKOTA,lgd_direct,src-4ad56b409556
gujarat,2008,144,24144,IN-S06-AC-2008-144,RAOPURA,lgd_direct,src-4ad56b409556
gujarat,2008,145,24145,IN-S06-AC-2008-145,MANJALPUR,lgd_direct,src-4ad56b409556
gujarat,2008,146,24146,IN-S06-AC-2008-146,PADRA,lgd_direct,src-4ad56b409556
gujarat,2008,147,24147,IN-S06-AC-2008-147,KARJAN,lgd_direct,src-4ad56b409556
gujarat,2008,148,24148,IN-S06-AC-2008-148,NANDOD,lgd_direct,src-4ad56b409556
gujarat,2008,149,24149,IN-S06-AC-2008-149,DEDIAPADA,lgd_direct,src-4ad56b409556
gujarat,2008,150,24150,IN-S06-AC-2008-150,JAMBUSAR,lgd_direct,src-4ad56b409556
gujarat,2008,151,24151,IN-S06-AC-2008-151,VAGRA,lgd_direct,src-4ad56b409556
gujarat,2008,152,24152,IN-S06-AC-2008-152,JHAGADIA,lgd_direct,src-4ad56b409556
gujarat,2008,153,24153,IN-S06-AC-2008-153,BHARUCH,lgd_direct,src-4ad56b409556
gujarat,2008,154,24154,IN-S06-AC-2008-154,ANKLESHWAR,lgd_direct,src-4ad56b409556
gujarat,2008,155,24155,IN-S06-AC-2008-155,OLPAD,lgd_direct,src-4ad56b409556
gujarat,2008,156,24156,IN-S06-AC-2008-156,MANGROL (ST),lgd_direct,src-4ad56b409556
gujarat,2008,157,24157,IN-S06-AC-2008-157,MANDVI (ST),lgd_direct,src-4ad56b409556
gujarat,2008,158,24158,IN-S06-AC-2008-158,KAMREJ,lgd_direct,src-4ad56b409556
gujarat,2008,159,24159,IN-S06-AC-2008-159,SURAT EAST,lgd_direct,src-4ad56b409556
gujarat,2008,160,,IN-S06-AC-2008-160,SURAT NORTH,unmapped,src-4ad56b409556
gujarat,2008,161,,IN-S06-AC-2008-161,VARACHHA ROAD,unmapped,src-4ad56b409556
gujarat,2008,162,,IN-S06-AC-2008-162,KARANJ,unmapped,src-4ad56b409556
gujarat,2008,163,,IN-S06-AC-2008-163,LIMBAYAT,unmapped,src-4ad56b409556
gujarat,2008,164,,IN-S06-AC-2008-164,UDHNA,unmapped,src-4ad56b409556
gujarat,2008,165,,IN-S06-AC-2008-165,MAJURA,unmapped,src-4ad56b409556
gujarat,2008,166,,IN-S06-AC-2008-166,KATARGAM,unmapped,src-4ad56b409556
gujarat,2008,167,,IN-S06-AC-2008-167,SURAT WEST,unmapped,src-4ad56b409556
gujarat,2008,168,24168,IN-S06-AC-2008-168,CHORASI,lgd_direct,src-4ad56b409556
gujarat,2008,169,24169,IN-S06-AC-2008-169,BARDOLI,lgd_direct,src-4ad56b409556
gujarat,2008,170,24170,IN-S06-AC-2008-170,MAHUVA (ST),lgd_direct,src-4ad56b409556
gujarat,2008,171,24171,IN-S06-AC-2008-171,VYARA,lgd_direct,src-4ad56b409556
gujarat,2008,172,,IN-S06-AC-2008-172,NIZAR,unmapped,src-4ad56b409556
gujarat,2008,173,24173,IN-S06-AC-2008-173,DANGS,lgd_direct,src-4ad56b409556
gujarat,2008,174,24174,IN-S06-AC-2008-174,JALALPORE,lgd_direct,src-4ad56b409556
gujarat,2008,175,24175,IN-S06-AC-2008-175,NAVSARI,lgd_direct,src-4ad56b409556
gujarat,2008,176,24176,IN-S06-AC-2008-176,GANDEVI,lgd_direct,src-4ad56b409556
gujarat,2008,177,24177,IN-S06-AC-2008-177,VANSDA,lgd_direct,src-4ad56b409556
gujarat,2008,178,24178,IN-S06-AC-2008-178,DHARAMPUR,lgd_direct,src-4ad56b409556
gujarat,2008,179,24179,IN-S06-AC-2008-179,VALSAD,lgd_direct,src-4ad56b409556
gujarat,2008,180,24180,IN-S06-AC-2008-180,PARDI,lgd_direct,src-4ad56b409556
gujarat,2008,181,24181,IN-S06-AC-2008-181,KAPRADA,lgd_direct,src-4ad56b409556
gujarat,2008,182,24182,IN-S06-AC-2008-182,UMBERGAON,lgd_direct,src-4ad56b409556
haryana,2008,1,6001,IN-S07-AC-2008-1,KALKA,lgd_direct,src-4ad56b409556
haryana,2008,2,6002,IN-S07-AC-2008-2,PANCHKULA,lgd_direct,src-4ad56b409556
haryana,2008,3,6003,IN-S07-AC-2008-3,NARAINGARH,lgd_direct,src-4ad56b409556
haryana,2008,4,6004,IN-S07-AC-2008-4,AMBALA CANTT.,lgd_direct,src-4ad56b409556
haryana,2008,5,6005,IN-S07-AC-2008-5,AMBALA CITY,lgd_direct,src-4ad56b409556
haryana,2008,6,6006,IN-S07-AC-2008-6,MULANA,lgd_direct,src-4ad56b409556
haryana,2008,7,6007,IN-S07-AC-2008-7,SADHAURA,lgd_direct,src-4ad56b409556
haryana,2008,8,6008,IN-S07-AC-2008-8,JAGADHRI,lgd_direct,src-4ad56b409556
haryana,2008,9,6009,IN-S07-AC-2008-9,YAMUNANAGAR,lgd_direct,src-4ad56b409556
haryana,2008,10,6010,IN-S07-AC-2008-10,RADAUR,lgd_direct,src-4ad56b409556
haryana,2008,11,6011,IN-S07-AC-2008-11,LADWA,lgd_direct,src-4ad56b409556
haryana,2008,12,6012,IN-S07-AC-2008-12,SHAHBAD,lgd_direct,src-4ad56b409556
haryana,2008,13,6013,IN-S07-AC-2008-13,THANESAR,lgd_direct,src-4ad56b409556
haryana,2008,14,6014,IN-S07-AC-2008-14,PEHOWA,lgd_direct,src-4ad56b409556
haryana,2008,15,6015,IN-S07-AC-2008-15,GUHLA,lgd_direct,src-4ad56b409556
haryana,2008,16,6016,IN-S07-AC-2008-16,KALAYAT,lgd_direct,src-4ad56b409556
haryana,2008,17,6017,IN-S07-AC-2008-17,KAITHAL,lgd_direct,src-4ad56b409556
haryana,2008,18,6018,IN-S07-AC-2008-18,PUNDRI,lgd_direct,src-4ad56b409556
haryana,2008,19,6019,IN-S07-AC-2008-19,NILOKHERI,lgd_direct,src-4ad56b409556
haryana,2008,20,6020,IN-S07-AC-2008-20,INDRI,lgd_direct,src-4ad56b409556
haryana,2008,21,6021,IN-S07-AC-2008-21,KARNAL,lgd_direct,src-4ad56b409556
haryana,2008,22,6022,IN-S07-AC-2008-22,GHARAUNDA,lgd_direct,src-4ad56b409556
haryana,2008,23,6023,IN-S07-AC-2008-23,ASSANDH,lgd_direct,src-4ad56b409556
haryana,2008,24,6024,IN-S07-AC-2008-24,PANIPAT RURAL,lgd_direct,src-4ad56b409556
haryana,2008,25,6025,IN-S07-AC-2008-25,PANIPAT CITY,lgd_direct,src-4ad56b409556
haryana,2008,26,6026,IN-S07-AC-2008-26,ISRANA,lgd_direct,src-4ad56b409556
haryana,2008,27,6027,IN-S07-AC-2008-27,SAMALKHA,lgd_direct,src-4ad56b409556
haryana,2008,28,6028,IN-S07-AC-2008-28,GANAUR,lgd_direct,src-4ad56b409556
haryana,2008,29,6029,IN-S07-AC-2008-29,RAI,lgd_direct,src-4ad56b409556
haryana,2008,30,6030,IN-S07-AC-2008-30,KHARKHAUDA,lgd_direct,src-4ad56b409556
haryana,2008,31,6031,IN-S07-AC-2008-31,SONIPAT,lgd_direct,src-4ad56b409556
haryana,2008,32,6032,IN-S07-AC-2008-32,GOHANA,lgd_direct,src-4ad56b409556
haryana,2008,33,6033,IN-S07-AC-2008-33,BARODA,lgd_direct,src-4ad56b409556
haryana,2008,34,6034,IN-S07-AC-2008-34,JULANA,lgd_direct,src-4ad56b409556
haryana,2008,35,6035,IN-S07-AC-2008-35,SAFIDON,lgd_direct,src-4ad56b409556
haryana,2008,36,6036,IN-S07-AC-2008-36,JIND,lgd_direct,src-4ad56b409556
haryana,2008,37,6037,IN-S07-AC-2008-37,UCHANA KALAN,lgd_direct,src-4ad56b409556
haryana,2008,38,6038,IN-S07-AC-2008-38,NARWANA,lgd_direct,src-4ad56b409556
haryana,2008,39,6039,IN-S07-AC-2008-39,TOHANA,lgd_direct,src-4ad56b409556
haryana,2008,40,6040,IN-S07-AC-2008-40,FATEHABAD,lgd_direct,src-4ad56b409556
haryana,2008,41,6041,IN-S07-AC-2008-41,RATIA,lgd_direct,src-4ad56b409556
haryana,2008,42,6042,IN-S07-AC-2008-42,KALANWALI,lgd_direct,src-4ad56b409556
haryana,2008,43,6043,IN-S07-AC-2008-43,DABWALI,lgd_direct,src-4ad56b409556
haryana,2008,44,6044,IN-S07-AC-2008-44,RANIA,lgd_direct,src-4ad56b409556
haryana,2008,45,6045,IN-S07-AC-2008-45,SIRSA,lgd_direct,src-4ad56b409556
haryana,2008,46,6046,IN-S07-AC-2008-46,ELLENABAD,lgd_direct,src-4ad56b409556
haryana,2008,47,6047,IN-S07-AC-2008-47,ADAMPUR,lgd_direct,src-4ad56b409556
haryana,2008,48,6048,IN-S07-AC-2008-48,UKLANA,lgd_direct,src-4ad56b409556
haryana,2008,49,6049,IN-S07-AC-2008-49,NARNAUND,lgd_direct,src-4ad56b409556
haryana,2008,50,6050,IN-S07-AC-2008-50,HANSI,lgd_direct,src-4ad56b409556
haryana,2008,51,6051,IN-S07-AC-2008-51,BARWALA,lgd_direct,src-4ad56b409556
haryana,2008,52,6052,IN-S07-AC-2008-52,HISAR,lgd_direct,src-4ad56b409556
haryana,2008,53,6053,IN-S07-AC-2008-53,NALWA,lgd_direct,src-4ad56b409556
haryana,2008,54,6054,IN-S07-AC-2008-54,LOHARU,lgd_direct,src-4ad56b409556
haryana,2008,55,6055,IN-S07-AC-2008-55,BADHRA,lgd_direct,src-4ad56b409556
haryana,2008,56,6056,IN-S07-AC-2008-56,DADRI,lgd_direct,src-4ad56b409556
haryana,2008,57,6057,IN-S07-AC-2008-57,BHIWANI,lgd_direct,src-4ad56b409556
haryana,2008,58,6058,IN-S07-AC-2008-58,TOSHAM,lgd_direct,src-4ad56b409556
haryana,2008,59,6059,IN-S07-AC-2008-59,BAWANI KHERA,lgd_direct,src-4ad56b409556
haryana,2008,60,6060,IN-S07-AC-2008-60,MEHAM,lgd_direct,src-4ad56b409556
haryana,2008,61,6061,IN-S07-AC-2008-61,GARHI SAMPLA-KILOI,lgd_direct,src-4ad56b409556
haryana,2008,62,6062,IN-S07-AC-2008-62,ROHTAK,lgd_direct,src-4ad56b409556
haryana,2008,63,6063,IN-S07-AC-2008-63,KALANAUR,lgd_direct,src-4ad56b409556
haryana,2008,64,6064,IN-S07-AC-2008-64,BAHADURGARH,lgd_direct,src-4ad56b409556
haryana,2008,65,6065,IN-S07-AC-2008-65,BADLI,lgd_direct,src-4ad56b409556
haryana,2008,66,6066,IN-S07-AC-2008-66,JHAJJAR,lgd_direct,src-4ad56b409556
haryana,2008,67,6067,IN-S07-AC-2008-67,BERI,lgd_direct,src-4ad56b409556
haryana,2008,68,6068,IN-S07-AC-2008-68,ATELI,lgd_direct,src-4ad56b409556
haryana,2008,69,6069,IN-S07-AC-2008-69,MAHENDRAGARH,lgd_direct,src-4ad56b409556
haryana,2008,70,6070,IN-S07-AC-2008-70,NARNAUL,lgd_direct,src-4ad56b409556
haryana,2008,71,6071,IN-S07-AC-2008-71,NANGAL CHAUDHRY,lgd_direct,src-4ad56b409556
haryana,2008,72,6072,IN-S07-AC-2008-72,BAWAL,lgd_direct,src-4ad56b409556
haryana,2008,73,6073,IN-S07-AC-2008-73,KOSLI,lgd_direct,src-4ad56b409556
haryana,2008,74,6074,IN-S07-AC-2008-74,REWARI,lgd_direct,src-4ad56b409556
haryana,2008,75,6075,IN-S07-AC-2008-75,PATAUDI,lgd_direct,src-4ad56b409556
haryana,2008,76,6076,IN-S07-AC-2008-76,BADSHAHPUR,lgd_direct,src-4ad56b409556
haryana,2008,77,6077,IN-S07-AC-2008-77,GURGAON,lgd_direct,src-4ad56b409556
haryana,2008,78,6078,IN-S07-AC-2008-78,SOHNA,lgd_direct,src-4ad56b409556
haryana,2008,79,6079,IN-S07-AC-2008-79,NUH,lgd_direct,src-4ad56b409556
haryana,2008,80,6080,IN-S07-AC-2008-80,FEROZEPUR JHIRKA,lgd_direct,src-4ad56b409556
haryana,2008,81,6081,IN-S07-AC-2008-81,PUNAHANA,lgd_direct,src-4ad56b409556
haryana,2008,82,6082,IN-S07-AC-2008-82,HATHIN,lgd_direct,src-4ad56b409556
haryana,2008,83,6083,IN-S07-AC-2008-83,HODAL,lgd_direct,src-4ad56b409556
haryana,2008,84,6084,IN-S07-AC-2008-84,PALWAL,lgd_direct,src-4ad56b409556
haryana,2008,85,6085,IN-S07-AC-2008-85,PRITHLA,lgd_direct,src-4ad56b409556
haryana,2008,86,6086,IN-S07-AC-2008-86,FARIDABAD NIT,lgd_direct,src-4ad56b409556
haryana,2008,87,6087,IN-S07-AC-2008-87,BADKHAL,lgd_direct,src-4ad56b409556
haryana,2008,88,6088,IN-S07-AC-2008-88,BALLABHGARH,lgd_direct,src-4ad56b409556
haryana,2008,89,6089,IN-S07-AC-2008-89,FARIDABAD,lgd_direct,src-4ad56b409556
haryana,2008,90,6090,IN-S07-AC-2008-90,TIGAON,lgd_direct,src-4ad56b409556
himachal-pradesh,2008,1,2001,IN-S08-AC-2008-1,CHURAH,lgd_direct,src-4ad56b409556
himachal-pradesh,2008,2,2002,IN-S08-AC-2008-2,BHARMOUR,lgd_direct,src-4ad56b409556
himachal-pradesh,2008,3,2003,IN-S08-AC-2008-3,CHAMBA,lgd_direct,src-4ad56b409556
himachal-pradesh,2008,4,2004,IN-S08-AC-2008-4,DALHOUSIE,lgd_direct,src-4ad56b409556
himachal-pradesh,2008,5,2005,IN-S08-AC-2008-5,BHATTIYAT,lgd_direct,src-4ad56b409556
himachal-pradesh,2008,6,2006,IN-S08-AC-2008-6,NURPUR,lgd_direct,src-4ad56b409556
himachal-pradesh,2008,7,2007,IN-S08-AC-2008-7,INDORA,lgd_direct,src-4ad56b409556
himachal-pradesh,2008,8,2008,IN-S08-AC-2008-8,FATEHPUR,lgd_direct,src-4ad56b409556
himachal-pradesh,2008,9,2009,IN-S08-AC-2008-9,JAWALI,lgd_direct,src-4ad56b409556
himachal-pradesh,2008,10,2010,IN-S08-AC-2008-10,DEHRA,lgd_direct,src-4ad56b409556
himachal-pradesh,2008,11,2011,IN-S08-AC-2008-11,JASWAN-PRAGPUR,lgd_direct,src-4ad56b409556
himachal-pradesh,2008,12,2012,IN-S08-AC-2008-12,JAWALAMUKHI,lgd_direct,src-4ad56b409556
himachal-pradesh,2008,13,2013,IN-S08-AC-2008-13,JAISINGHPUR,lgd_direct,src-4ad56b409556
himachal-pradesh,2008,14,2014,IN-S08-AC-2008-14,SULLAH,lgd_direct,src-4ad56b409556
himachal-pradesh,2008,15,2015,IN-S08-AC-2008-15,NAGROTA,lgd_direct,src-4ad56b409556
himachal-pradesh,2008,16,2016,IN-S08-AC-2008-16,KANGRA,lgd_direct,src-4ad56b409556
himachal-pradesh,2008,17,2017,IN-S08-AC-2008-17,SHAHPUR,lgd_direct,src-4ad56b409556
himachal-pradesh,2008,18,2018,IN-S08-AC-2008-18,DHARAMSHALA,lgd_direct,src-4ad56b409556
himachal-pradesh,2008,19,2019,IN-S08-AC-2008-19,PALAMPUR,lgd_direct,src-4ad56b409556
himachal-pradesh,2008,20,2020,IN-S08-AC-2008-20,BAIJNATH,lgd_direct,src-4ad56b409556
himachal-pradesh,2008,21,2021,IN-S08-AC-2008-21,LAHAUL & SPITI,lgd_direct,src-4ad56b409556
himachal-pradesh,2008,22,2022,IN-S08-AC-2008-22,MANALI,lgd_direct,src-4ad56b409556
himachal-pradesh,2008,23,2023,IN-S08-AC-2008-23,KULLU,lgd_direct,src-4ad56b409556
himachal-pradesh,2008,24,2024,IN-S08-AC-2008-24,BANJAR,lgd_direct,src-4ad56b409556
himachal-pradesh,2008,25,2025,IN-S08-AC-2008-25,ANNI,lgd_direct,src-4ad56b409556
himachal-pradesh,2008,26,2026,IN-S08-AC-2008-26,KARSOG,lgd_direct,src-4ad56b409556
himachal-pradesh,2008,27,2027,IN-S08-AC-2008-27,SUNDERNAGAR,lgd_direct,src-4ad56b409556
himachal-pradesh,2008,28,2028,IN-S08-AC-2008-28,NACHAN,lgd_direct,src-4ad56b409556
himachal-pradesh,2008,29,2029,IN-S08-AC-2008-29,SERAJ,lgd_direct,src-4ad56b409556
himachal-pradesh,2008,30,2030,IN-S08-AC-2008-30,DARANG,lgd_direct,src-4ad56b409556
himachal-pradesh,2008,31,2031,IN-S08-AC-2008-31,JOGINDERNAGAR,lgd_direct,src-4ad56b409556
himachal-pradesh,2008,32,2032,IN-S08-AC-2008-32,DHARAMPUR,lgd_direct,src-4ad56b409556
himachal-pradesh,2008,33,2033,IN-S08-AC-2008-33,MANDI,lgd_direct,src-4ad56b409556
himachal-pradesh,2008,34,2034,IN-S08-AC-2008-34,BALH,lgd_direct,src-4ad56b409556
himachal-pradesh,2008,35,2035,IN-S08-AC-2008-35,SARKAGHAT,lgd_direct,src-4ad56b409556
himachal-pradesh,2008,36,2036,IN-S08-AC-2008-36,BHORANJ,lgd_direct,src-4ad56b409556
himachal-pradesh,2008,37,2037,IN-S08-AC-2008-37,SUJANPUR,lgd_direct,src-4ad56b409556
himachal-pradesh,2008,38,2038,IN-S08-AC-2008-38,HAMIRPUR,lgd_direct,src-4ad56b409556
himachal-pradesh,2008,39,2039,IN-S08-AC-2008-39,BARSAR,lgd_direct,src-4ad56b409556
himachal-pradesh,2008,40,2040,IN-S08-AC-2008-40,NADAUN,lgd_direct,src-4ad56b409556
himachal-pradesh,2008,41,2041,IN-S08-AC-2008-41,CHINTPURNI,lgd_direct,src-4ad56b409556
himachal-pradesh,2008,42,2042,IN-S08-AC-2008-42,GAGRET,lgd_direct,src-4ad56b409556
himachal-pradesh,2008,43,2043,IN-S08-AC-2008-43,HAROLI,lgd_direct,src-4ad56b409556
himachal-pradesh,2008,44,2044,IN-S08-AC-2008-44,UNA,lgd_direct,src-4ad56b409556
himachal-pradesh,2008,45,2045,IN-S08-AC-2008-45,KUTLEHAR,lgd_direct,src-4ad56b409556
himachal-pradesh,2008,46,2046,IN-S08-AC-2008-46,JHANDUTA,lgd_direct,src-4ad56b409556
himachal-pradesh,2008,47,2047,IN-S08-AC-2008-47,GHUMARWIN,lgd_direct,src-4ad56b409556
himachal-pradesh,2008,48,2048,IN-S08-AC-2008-48,BILASPUR,lgd_direct,src-4ad56b409556
himachal-pradesh,2008,49,2049,IN-S08-AC-2008-49,SRI NAINA DEVIJI,lgd_direct,src-4ad56b409556
himachal-pradesh,2008,50,2050,IN-S08-AC-2008-50,ARKI,lgd_direct,src-4ad56b409556
himachal-pradesh,2008,51,2051,IN-S08-AC-2008-51,NALAGARH,lgd_direct,src-4ad56b409556
himachal-pradesh,2008,52,2052,IN-S08-AC-2008-52,DOON,lgd_direct,src-4ad56b409556
himachal-pradesh,2008,53,2053,IN-S08-AC-2008-53,SOLAN,lgd_direct,src-4ad56b409556
himachal-pradesh,2008,54,2054,IN-S08-AC-2008-54,KASAULI,lgd_direct,src-4ad56b409556
himachal-pradesh,2008,55,2055,IN-S08-AC-2008-55,PACHHAD,lgd_direct,src-4ad56b409556
himachal-pradesh,2008,56,2056,IN-S08-AC-2008-56,NAHAN,lgd_direct,src-4ad56b409556
himachal-pradesh,2008,57,2057,IN-S08-AC-2008-57,SRI RENUKAJI,lgd_direct,src-4ad56b409556
himachal-pradesh,2008,58,2058,IN-S08-AC-2008-58,PAONTA SAHIB,lgd_direct,src-4ad56b409556
himachal-pradesh,2008,59,2059,IN-S08-AC-2008-59,SHILLAI,lgd_direct,src-4ad56b409556
himachal-pradesh,2008,60,2060,IN-S08-AC-2008-60,CHOPAL,lgd_direct,src-4ad56b409556
himachal-pradesh,2008,61,2061,IN-S08-AC-2008-61,THEOG,lgd_direct,src-4ad56b409556
himachal-pradesh,2008,62,2062,IN-S08-AC-2008-62,KASUMPTI,lgd_direct,src-4ad56b409556
himachal-pradesh,2008,63,2063,IN-S08-AC-2008-63,SHIMLA,lgd_direct,src-4ad56b409556
himachal-pradesh,2008,64,2064,IN-S08-AC-2008-64,SHIMLA RURAL,lgd_direct,src-4ad56b409556
himachal-pradesh,2008,65,2065,IN-S08-AC-2008-65,JUBBAL-KOTKHAI,lgd_direct,src-4ad56b409556
himachal-pradesh,2008,66,2066,IN-S08-AC-2008-66,RAMPUR,lgd_direct,src-4ad56b409556
himachal-pradesh,2008,67,2067,IN-S08-AC-2008-67,ROHRU,lgd_direct,src-4ad56b409556
himachal-pradesh,2008,68,2068,IN-S08-AC-2008-68,KINNAUR,lgd_direct,src-4ad56b409556
jammu-and-kashmir,2008,1,,IN-U08-AC-2008-1,KARNAH,unmapped,src-4ad56b409556
jammu-and-kashmir,2008,2,,IN-U08-AC-2008-2,TREHGAM,unmapped,src-4ad56b409556
jammu-and-kashmir,2008,3,,IN-U08-AC-2008-3,KUPWARA,unmapped,src-4ad56b409556
jammu-and-kashmir,2008,4,,IN-U08-AC-2008-4,LOLAB,unmapped,src-4ad56b409556
jammu-and-kashmir,2008,5,,IN-U08-AC-2008-5,HANDWARA,unmapped,src-4ad56b409556
jammu-and-kashmir,2008,6,,IN-U08-AC-2008-6,LANGATE,unmapped,src-4ad56b409556
jammu-and-kashmir,2008,7,,IN-U08-AC-2008-7,SOPORE,unmapped,src-4ad56b409556
jammu-and-kashmir,2008,8,,IN-U08-AC-2008-8,RAFIABAD,unmapped,src-4ad56b409556
jammu-and-kashmir,2008,9,,IN-U08-AC-2008-9,URI,unmapped,src-4ad56b409556
jammu-and-kashmir,2008,10,,IN-U08-AC-2008-10,BARAMULLA,unmapped,src-4ad56b409556
jammu-and-kashmir,2008,11,,IN-U08-AC-2008-11,GULMARG,unmapped,src-4ad56b409556
jammu-and-kashmir,2008,12,,IN-U08-AC-2008-12,WAGOORA - KREERI,unmapped,src-4ad56b409556
jammu-and-kashmir,2008,13,,IN-U08-AC-2008-13,PATTAN,unmapped,src-4ad56b409556
jammu-and-kashmir,2008,14,,IN-U08-AC-2008-14,SONAWARI,unmapped,src-4ad56b409556
jammu-and-kashmir,2008,15,,IN-U08-AC-2008-15,BANDIPORA,unmapped,src-4ad56b409556
jammu-and-kashmir,2008,16,,IN-U08-AC-2008-16,GUREZ(ST) (ST),unmapped,src-4ad56b409556
jammu-and-kashmir,2008,17,,IN-U08-AC-2008-17,KANGAN(ST) (ST),unmapped,src-4ad56b409556
jammu-and-kashmir,2008,18,,IN-U08-AC-2008-18,GANDERBAL,unmapped,src-4ad56b409556
jammu-and-kashmir,2008,19,,IN-U08-AC-2008-19,HAZRATBAL,unmapped,src-4ad56b409556
jammu-and-kashmir,2008,20,,IN-U08-AC-2008-20,KHANYAR,unmapped,src-4ad56b409556
jammu-and-kashmir,2008,21,,IN-U08-AC-2008-21,HABBAKADAL,unmapped,src-4ad56b409556
jammu-and-kashmir,2008,22,,IN-U08-AC-2008-22,LAL CHOWK,unmapped,src-4ad56b409556
jammu-and-kashmir,2008,23,,IN-U08-AC-2008-23,CHANNAPORA,unmapped,src-4ad56b409556
jammu-and-kashmir,2008,24,,IN-U08-AC-2008-24,ZADIBAL,unmapped,src-4ad56b409556
jammu-and-kashmir,2008,25,,IN-U08-AC-2008-25,EIDGAH,unmapped,src-4ad56b409556
jammu-and-kashmir,2008,26,,IN-U08-AC-2008-26,CENTRAL SHALTENG,unmapped,src-4ad56b409556
jammu-and-kashmir,2008,27,,IN-U08-AC-2008-27,BUDGAM,unmapped,src-4ad56b409556
jammu-and-kashmir,2008,28,,IN-U08-AC-2008-28,BEERWAH,unmapped,src-4ad56b409556
jammu-and-kashmir,2008,29,,IN-U08-AC-2008-29,KHANSAHIB,unmapped,src-4ad56b409556
jammu-and-kashmir,2008,30,,IN-U08-AC-2008-30,CHRAR-i- SHARIEF,unmapped,src-4ad56b409556
jammu-and-kashmir,2008,31,,IN-U08-AC-2008-31,CHADOORA,unmapped,src-4ad56b409556
jammu-and-kashmir,2008,32,,IN-U08-AC-2008-32,PAMPORE,unmapped,src-4ad56b409556
jammu-and-kashmir,2008,33,,IN-U08-AC-2008-33,TRAL,unmapped,src-4ad56b409556
jammu-and-kashmir,2008,34,,IN-U08-AC-2008-34,PULWAMA,unmapped,src-4ad56b409556
jammu-and-kashmir,2008,35,,IN-U08-AC-2008-35,RAJPORA,unmapped,src-4ad56b409556
jammu-and-kashmir,2008,36,,IN-U08-AC-2008-36,ZAINAPORA,unmapped,src-4ad56b409556
jammu-and-kashmir,2008,37,,IN-U08-AC-2008-37,SHOPIAN,unmapped,src-4ad56b409556
jammu-and-kashmir,2008,38,,IN-U08-AC-2008-38,D. H. PORA,unmapped,src-4ad56b409556
jammu-and-kashmir,2008,39,,IN-U08-AC-2008-39,KULGAM,unmapped,src-4ad56b409556
jammu-and-kashmir,2008,40,,IN-U08-AC-2008-40,DEVSAR,unmapped,src-4ad56b409556
jammu-and-kashmir,2008,41,,IN-U08-AC-2008-41,DOORU,unmapped,src-4ad56b409556
jammu-and-kashmir,2008,42,,IN-U08-AC-2008-42,KOKERNAG(ST) (ST),unmapped,src-4ad56b409556
jammu-and-kashmir,2008,43,,IN-U08-AC-2008-43,ANANTNAG WEST,unmapped,src-4ad56b409556
jammu-and-kashmir,2008,44,,IN-U08-AC-2008-44,ANANTNAG,unmapped,src-4ad56b409556
jammu-and-kashmir,2008,45,,IN-U08-AC-2008-45,SRIGUFWARA - BIJBEHARA,unmapped,src-4ad56b409556
jammu-and-kashmir,2008,46,,IN-U08-AC-2008-46,SHANGUS - ANANTNAG EAST,unmapped,src-4ad56b409556
jammu-and-kashmir,2008,47,,IN-U08-AC-2008-47,PAHALGAM,unmapped,src-4ad56b409556
jammu-and-kashmir,2008,48,,IN-U08-AC-2008-48,INDERWAL,unmapped,src-4ad56b409556
jammu-and-kashmir,2008,49,,IN-U08-AC-2008-49,KISHTWAR,unmapped,src-4ad56b409556
jammu-and-kashmir,2008,50,,IN-U08-AC-2008-50,PADDER - NAGSENI,unmapped,src-4ad56b409556
jammu-and-kashmir,2008,51,,IN-U08-AC-2008-51,BHADARWAH,unmapped,src-4ad56b409556
jammu-and-kashmir,2008,52,,IN-U08-AC-2008-52,DODA,unmapped,src-4ad56b409556
jammu-and-kashmir,2008,53,,IN-U08-AC-2008-53,DODA WEST,unmapped,src-4ad56b409556
jammu-and-kashmir,2008,54,,IN-U08-AC-2008-54,RAMBAN,unmapped,src-4ad56b409556
jammu-and-kashmir,2008,55,,IN-U08-AC-2008-55,BANIHAL,unmapped,src-4ad56b409556
jammu-and-kashmir,2008,56,,IN-U08-AC-2008-56,GULABGARH(ST) (ST),unmapped,src-4ad56b409556
jammu-and-kashmir,2008,57,,IN-U08-AC-2008-57,REASI,unmapped,src-4ad56b409556
jammu-and-kashmir,2008,58,,IN-U08-AC-2008-58,SHRI MATA VAISHNO DEVI,unmapped,src-4ad56b409556
jammu-and-kashmir,2008,59,,IN-U08-AC-2008-59,UDHAMPUR WEST,unmapped,src-4ad56b409556
jammu-and-kashmir,2008,60,,IN-U08-AC-2008-60,UDHAMPUR EAST,unmapped,src-4ad56b409556
jammu-and-kashmir,2008,61,,IN-U08-AC-2008-61,CHENANI,unmapped,src-4ad56b409556
jammu-and-kashmir,2008,62,,IN-U08-AC-2008-62,RAMNAGAR(SC) (SC),unmapped,src-4ad56b409556
jammu-and-kashmir,2008,63,,IN-U08-AC-2008-63,BANI,unmapped,src-4ad56b409556
jammu-and-kashmir,2008,64,,IN-U08-AC-2008-64,BILLAWAR,unmapped,src-4ad56b409556
jammu-and-kashmir,2008,65,,IN-U08-AC-2008-65,BASOHLI,unmapped,src-4ad56b409556
jammu-and-kashmir,2008,66,,IN-U08-AC-2008-66,JASROTA,unmapped,src-4ad56b409556
jammu-and-kashmir,2008,67,,IN-U08-AC-2008-67,KATHUA(SC) (SC),unmapped,src-4ad56b409556
jammu-and-kashmir,2008,68,,IN-U08-AC-2008-68,HIRANAGAR,unmapped,src-4ad56b409556
jammu-and-kashmir,2008,69,,IN-U08-AC-2008-69,RAMGARH(SC) (SC),unmapped,src-4ad56b409556
jammu-and-kashmir,2008,70,,IN-U08-AC-2008-70,SAMBA,unmapped,src-4ad56b409556
jammu-and-kashmir,2008,71,,IN-U08-AC-2008-71,VIJAYPUR,unmapped,src-4ad56b409556
jammu-and-kashmir,2008,72,,IN-U08-AC-2008-72,BISHNAH(SC) (SC),unmapped,src-4ad56b409556
jammu-and-kashmir,2008,73,,IN-U08-AC-2008-73,SUCHETGARH(SC) (SC),unmapped,src-4ad56b409556
jammu-and-kashmir,2008,74,,IN-U08-AC-2008-74,R. S. PURA- JAMMU SOUTH,unmapped,src-4ad56b409556
jammu-and-kashmir,2008,75,,IN-U08-AC-2008-75,BAHU,unmapped,src-4ad56b409556
jammu-and-kashmir,2008,76,,IN-U08-AC-2008-76,JAMMU EAST,unmapped,src-4ad56b409556
jammu-and-kashmir,2008,77,,IN-U08-AC-2008-77,NAGROTA,unmapped,src-4ad56b409556
jammu-and-kashmir,2008,78,,IN-U08-AC-2008-78,JAMMU WEST,unmapped,src-4ad56b409556
jammu-and-kashmir,2008,79,,IN-U08-AC-2008-79,JAMMU NORTH,unmapped,src-4ad56b409556
jammu-and-kashmir,2008,80,,IN-U08-AC-2008-80,MARH(SC) (SC),unmapped,src-4ad56b409556
jammu-and-kashmir,2008,81,,IN-U08-AC-2008-81,AKHNOOR(SC) (SC),unmapped,src-4ad56b409556
jammu-and-kashmir,2008,82,,IN-U08-AC-2008-82,CHHAMB,unmapped,src-4ad56b409556
jammu-and-kashmir,2008,83,,IN-U08-AC-2008-83,KALAKOTE - SUNDERBANI,unmapped,src-4ad56b409556
jammu-and-kashmir,2008,84,,IN-U08-AC-2008-84,NOWSHERA,unmapped,src-4ad56b409556
jammu-and-kashmir,2008,85,,IN-U08-AC-2008-85,RAJOURI(ST) (ST),unmapped,src-4ad56b409556
jammu-and-kashmir,2008,86,,IN-U08-AC-2008-86,BUDHAL(ST) (ST),unmapped,src-4ad56b409556
jammu-and-kashmir,2008,87,,IN-U08-AC-2008-87,THANNAMANDI(ST) (ST),unmapped,src-4ad56b409556
jammu-and-kashmir,2008,88,,IN-U08-AC-2008-88,SURANKOTE(ST) (ST),unmapped,src-4ad56b409556
jammu-and-kashmir,2008,89,,IN-U08-AC-2008-89,POONCH HAVELI,unmapped,src-4ad56b409556
jammu-and-kashmir,2008,90,,IN-U08-AC-2008-90,MENDHAR(ST) (ST),unmapped,src-4ad56b409556
jharkhand,2008,1,20001,IN-S27-AC-2008-1,RAJMAHAL,lgd_direct,src-4ad56b409556
jharkhand,2008,2,20002,IN-S27-AC-2008-2,BORIO,lgd_direct,src-4ad56b409556
jharkhand,2008,3,20003,IN-S27-AC-2008-3,BARHAIT,lgd_direct,src-4ad56b409556
jharkhand,2008,4,20004,IN-S27-AC-2008-4,LITIPARA,lgd_direct,src-4ad56b409556
jharkhand,2008,5,20005,IN-S27-AC-2008-5,PAKHUR,lgd_direct,src-4ad56b409556
jharkhand,2008,6,20006,IN-S27-AC-2008-6,MAHESHPUR,lgd_direct,src-4ad56b409556
jharkhand,2008,7,20007,IN-S27-AC-2008-7,SHIKARIPARA,lgd_direct,src-4ad56b409556
jharkhand,2008,8,20008,IN-S27-AC-2008-8,NALA,lgd_direct,src-4ad56b409556
jharkhand,2008,9,20009,IN-S27-AC-2008-9,JAMTARA,lgd_direct,src-4ad56b409556
jharkhand,2008,10,20010,IN-S27-AC-2008-10,DUMKA,lgd_direct,src-4ad56b409556
jharkhand,2008,11,20011,IN-S27-AC-2008-11,JAMA,lgd_direct,src-4ad56b409556
jharkhand,2008,12,20012,IN-S27-AC-2008-12,JARMUNDI,lgd_direct,src-4ad56b409556
jharkhand,2008,13,20013,IN-S27-AC-2008-13,MADHUPUR,lgd_direct,src-4ad56b409556
jharkhand,2008,14,20014,IN-S27-AC-2008-14,SARATH,lgd_direct,src-4ad56b409556
jharkhand,2008,15,20015,IN-S27-AC-2008-15,DEOGHAR,lgd_direct,src-4ad56b409556
jharkhand,2008,16,20016,IN-S27-AC-2008-16,POREYAHAT,lgd_direct,src-4ad56b409556
jharkhand,2008,17,20017,IN-S27-AC-2008-17,GODDA,lgd_direct,src-4ad56b409556
jharkhand,2008,18,20018,IN-S27-AC-2008-18,MAHAGAMA,lgd_direct,src-4ad56b409556
jharkhand,2008,19,20019,IN-S27-AC-2008-19,KODARMA,lgd_direct,src-4ad56b409556
jharkhand,2008,20,20020,IN-S27-AC-2008-20,BARKATHA,lgd_direct,src-4ad56b409556
jharkhand,2008,21,20021,IN-S27-AC-2008-21,BARHI,lgd_direct,src-4ad56b409556
jharkhand,2008,22,20022,IN-S27-AC-2008-22,BARKAGAON,lgd_direct,src-4ad56b409556
jharkhand,2008,23,20023,IN-S27-AC-2008-23,RAMGARH,lgd_direct,src-4ad56b409556
jharkhand,2008,24,20024,IN-S27-AC-2008-24,MANDHU,lgd_direct,src-4ad56b409556
jharkhand,2008,25,20025,IN-S27-AC-2008-25,HAZARIBAGH,lgd_direct,src-4ad56b409556
jharkhand,2008,26,20026,IN-S27-AC-2008-26,SIMARIA,lgd_direct,src-4ad56b409556
jharkhand,2008,27,20027,IN-S27-AC-2008-27,CHATRA,lgd_direct,src-4ad56b409556
jharkhand,2008,28,20028,IN-S27-AC-2008-28,DHANWAR,lgd_direct,src-4ad56b409556
jharkhand,2008,29,20029,IN-S27-AC-2008-29,BAGODAR,lgd_direct,src-4ad56b409556
jharkhand,2008,30,20030,IN-S27-AC-2008-30,JAMUA,lgd_direct,src-4ad56b409556
jharkhand,2008,31,20031,IN-S27-AC-2008-31,GANDEY,lgd_direct,src-4ad56b409556
jharkhand,2008,32,20032,IN-S27-AC-2008-32,GIRIDIH,lgd_direct,src-4ad56b409556
jharkhand,2008,33,20033,IN-S27-AC-2008-33,DUMRI,lgd_direct,src-4ad56b409556
jharkhand,2008,34,20034,IN-S27-AC-2008-34,GOMIYA,lgd_direct,src-4ad56b409556
jharkhand,2008,35,20035,IN-S27-AC-2008-35,BERMO,lgd_direct,src-4ad56b409556
jharkhand,2008,36,20036,IN-S27-AC-2008-36,BOKARO,lgd_direct,src-4ad56b409556
jharkhand,2008,37,20037,IN-S27-AC-2008-37,CHANDANKYARI,lgd_direct,src-4ad56b409556
jharkhand,2008,38,20038,IN-S27-AC-2008-38,SINDRI,lgd_direct,src-4ad56b409556
jharkhand,2008,39,20039,IN-S27-AC-2008-39,NIRSA,lgd_direct,src-4ad56b409556
jharkhand,2008,40,20040,IN-S27-AC-2008-40,DHANBAD,lgd_direct,src-4ad56b409556
jharkhand,2008,41,20041,IN-S27-AC-2008-41,JHARIA,lgd_direct,src-4ad56b409556
jharkhand,2008,42,20042,IN-S27-AC-2008-42,TUNDI,lgd_direct,src-4ad56b409556
jharkhand,2008,43,20043,IN-S27-AC-2008-43,BAGHMARA,lgd_direct,src-4ad56b409556
jharkhand,2008,44,20044,IN-S27-AC-2008-44,BAHARAGORA,lgd_direct,src-4ad56b409556
jharkhand,2008,45,20045,IN-S27-AC-2008-45,GHATSHILA,lgd_direct,src-4ad56b409556
jharkhand,2008,46,20046,IN-S27-AC-2008-46,POTKA,lgd_direct,src-4ad56b409556
jharkhand,2008,47,20047,IN-S27-AC-2008-47,JUGASHLAI,lgd_direct,src-4ad56b409556
jharkhand,2008,48,20048,IN-S27-AC-2008-48,JAMSHEDPUR EAST,lgd_direct,src-4ad56b409556
jharkhand,2008,49,20049,IN-S27-AC-2008-49,JAMSHEDPUR WEST,lgd_direct,src-4ad56b409556
jharkhand,2008,50,20050,IN-S27-AC-2008-50,ICHAGARH,lgd_direct,src-4ad56b409556
jharkhand,2008,51,20051,IN-S27-AC-2008-51,SARAIKELLA,lgd_direct,src-4ad56b409556
jharkhand,2008,52,20052,IN-S27-AC-2008-52,CHAIBASA,lgd_direct,src-4ad56b409556
jharkhand,2008,53,20053,IN-S27-AC-2008-53,MAJHGANON,lgd_direct,src-4ad56b409556
jharkhand,2008,54,20054,IN-S27-AC-2008-54,JAGANATHPUR,lgd_direct,src-4ad56b409556
jharkhand,2008,55,20055,IN-S27-AC-2008-55,MANOHARPUR,lgd_direct,src-4ad56b409556
jharkhand,2008,56,20056,IN-S27-AC-2008-56,CHAKRADHARPUR,lgd_direct,src-4ad56b409556
jharkhand,2008,57,20057,IN-S27-AC-2008-57,KHARASAWAN,lgd_direct,src-4ad56b409556
jharkhand,2008,58,20058,IN-S27-AC-2008-58,TAMAR,lgd_direct,src-4ad56b409556
jharkhand,2008,59,20059,IN-S27-AC-2008-59,TORPA,lgd_direct,src-4ad56b409556
jharkhand,2008,60,20060,IN-S27-AC-2008-60,KHUNTI,lgd_direct,src-4ad56b409556
jharkhand,2008,61,20061,IN-S27-AC-2008-61,SILLI,lgd_direct,src-4ad56b409556
jharkhand,2008,62,20062,IN-S27-AC-2008-62,KHIJRI,lgd_direct,src-4ad56b409556
jharkhand,2008,63,20063,IN-S27-AC-2008-63,RANCHI,lgd_direct,src-4ad56b409556
jharkhand,2008,64,20064,IN-S27-AC-2008-64,HATIA,lgd_direct,src-4ad56b409556
jharkhand,2008,65,20065,IN-S27-AC-2008-65,KANKE,lgd_direct,src-4ad56b409556
jharkhand,2008,66,20066,IN-S27-AC-2008-66,MANDAR,lgd_direct,src-4ad56b409556
jharkhand,2008,67,20067,IN-S27-AC-2008-67,SISAI,lgd_direct,src-4ad56b409556
jharkhand,2008,68,20068,IN-S27-AC-2008-68,GUMLA,lgd_direct,src-4ad56b409556
jharkhand,2008,69,20069,IN-S27-AC-2008-69,BISHUNPUR,lgd_direct,src-4ad56b409556
jharkhand,2008,70,20070,IN-S27-AC-2008-70,SIMDEGA,lgd_direct,src-4ad56b409556
jharkhand,2008,71,20071,IN-S27-AC-2008-71,KOLEBIRA,lgd_direct,src-4ad56b409556
jharkhand,2008,72,20072,IN-S27-AC-2008-72,LOHARDAGA,lgd_direct,src-4ad56b409556
jharkhand,2008,73,20073,IN-S27-AC-2008-73,MANIKA,lgd_direct,src-4ad56b409556
jharkhand,2008,74,20074,IN-S27-AC-2008-74,LATEHAR,lgd_direct,src-4ad56b409556
jharkhand,2008,75,20075,IN-S27-AC-2008-75,PANKI,lgd_direct,src-4ad56b409556
jharkhand,2008,76,20076,IN-S27-AC-2008-76,DALTONGANJ,lgd_direct,src-4ad56b409556
jharkhand,2008,77,20077,IN-S27-AC-2008-77,BISHRAMPUR,lgd_direct,src-4ad56b409556
jharkhand,2008,78,20078,IN-S27-AC-2008-78,CHATTARPUR,lgd_direct,src-4ad56b409556
jharkhand,2008,79,20079,IN-S27-AC-2008-79,HUSSAINABAD,lgd_direct,src-4ad56b409556
jharkhand,2008,80,20080,IN-S27-AC-2008-80,GARHWA,lgd_direct,src-4ad56b409556
jharkhand,2008,81,20081,IN-S27-AC-2008-81,BHAWANATHPUR,lgd_direct,src-4ad56b409556
karnataka,2008,1,29001,IN-S10-AC-2008-1,NIPPANI,lgd_direct,src-4ad56b409556
karnataka,2008,2,29002,IN-S10-AC-2008-2,CHIKKODI-SADALGA,lgd_direct,src-4ad56b409556
karnataka,2008,3,29003,IN-S10-AC-2008-3,ATHANI,lgd_direct,src-4ad56b409556
karnataka,2008,4,29004,IN-S10-AC-2008-4,KAGWAD,lgd_direct,src-4ad56b409556
karnataka,2008,5,29005,IN-S10-AC-2008-5,KUDACHI,lgd_direct,src-4ad56b409556
karnataka,2008,6,29006,IN-S10-AC-2008-6,RAYBAG,lgd_direct,src-4ad56b409556
karnataka,2008,7,29007,IN-S10-AC-2008-7,HUKKERI,lgd_direct,src-4ad56b409556
karnataka,2008,8,29008,IN-S10-AC-2008-8,ARABHAVI,lgd_direct,src-4ad56b409556
karnataka,2008,9,29009,IN-S10-AC-2008-9,GOKAK,lgd_direct,src-4ad56b409556
karnataka,2008,10,29010,IN-S10-AC-2008-10,YEMKANMARDI,lgd_direct,src-4ad56b409556
karnataka,2008,11,29011,IN-S10-AC-2008-11,BELGAUM UTTAR,lgd_direct,src-4ad56b409556
karnataka,2008,12,29012,IN-S10-AC-2008-12,BELGAUM DAKSHIN,lgd_direct,src-4ad56b409556
karnataka,2008,13,29013,IN-S10-AC-2008-13,BELGAUM RURAL,lgd_direct,src-4ad56b409556
karnataka,2008,14,29014,IN-S10-AC-2008-14,KHANAPUR,lgd_direct,src-4ad56b409556
karnataka,2008,15,29015,IN-S10-AC-2008-15,KITTUR,lgd_direct,src-4ad56b409556
karnataka,2008,16,29016,IN-S10-AC-2008-16,BAILHONGAL,lgd_direct,src-4ad56b409556
karnataka,2008,17,29017,IN-S10-AC-2008-17,SAUNDATTI YELLAMMA,lgd_direct,src-4ad56b409556
karnataka,2008,18,29018,IN-S10-AC-2008-18,RAMDURG,lgd_direct,src-4ad56b409556
karnataka,2008,19,29019,IN-S10-AC-2008-19,MUDHOL,lgd_direct,src-4ad56b409556
karnataka,2008,20,29020,IN-S10-AC-2008-20,TERDAL,lgd_direct,src-4ad56b409556
karnataka,2008,21,29021,IN-S10-AC-2008-21,JAMKHANDI,lgd_direct,src-4ad56b409556
karnataka,2008,22,29022,IN-S10-AC-2008-22,BILGI,lgd_direct,src-4ad56b409556
karnataka,2008,23,29023,IN-S10-AC-2008-23,BADAMI,lgd_direct,src-4ad56b409556
karnataka,2008,24,29024,IN-S10-AC-2008-24,BAGALKOT,lgd_direct,src-4ad56b409556
karnataka,2008,25,29025,IN-S10-AC-2008-25,HUNGUND,lgd_direct,src-4ad56b409556
karnataka,2008,26,29026,IN-S10-AC-2008-26,MUDDEBIHAL,lgd_direct,src-4ad56b409556
karnataka,2008,27,29027,IN-S10-AC-2008-27,DEVAR HIPPARGI,lgd_direct,src-4ad56b409556
karnataka,2008,28,29028,IN-S10-AC-2008-28,BASAVANA BAGEVADI,lgd_direct,src-4ad56b409556
karnataka,2008,29,29029,IN-S10-AC-2008-29,BABALESHWAR,lgd_direct,src-4ad56b409556
karnataka,2008,30,29030,IN-S10-AC-2008-30,BIJAPUR CITY,lgd_direct,src-4ad56b409556
karnataka,2008,31,29031,IN-S10-AC-2008-31,NAGTHAN,lgd_direct,src-4ad56b409556
karnataka,2008,32,29032,IN-S10-AC-2008-32,INDI,lgd_direct,src-4ad56b409556
karnataka,2008,33,29033,IN-S10-AC-2008-33,SINDGI,lgd_direct,src-4ad56b409556
karnataka,2008,34,29034,IN-S10-AC-2008-34,AFZALPUR,lgd_direct,src-4ad56b409556
karnataka,2008,35,29035,IN-S10-AC-2008-35,JEVARGI,lgd_direct,src-4ad56b409556
karnataka,2008,36,29036,IN-S10-AC-2008-36,SHORAPUR,lgd_direct,src-4ad56b409556
karnataka,2008,37,29037,IN-S10-AC-2008-37,SHAHAPUR,lgd_direct,src-4ad56b409556
karnataka,2008,38,29038,IN-S10-AC-2008-38,YADGIR,lgd_direct,src-4ad56b409556
karnataka,2008,39,29039,IN-S10-AC-2008-39,GURMITKAL,lgd_direct,src-4ad56b409556
karnataka,2008,40,29040,IN-S10-AC-2008-40,CHITTAPUR,lgd_direct,src-4ad56b409556
karnataka,2008,41,29041,IN-S10-AC-2008-41,SEDAM,lgd_direct,src-4ad56b409556
karnataka,2008,42,29042,IN-S10-AC-2008-42,CHINCHOLI,lgd_direct,src-4ad56b409556
karnataka,2008,43,29043,IN-S10-AC-2008-43,GULBARGA RURAL,lgd_direct,src-4ad56b409556
karnataka,2008,44,29044,IN-S10-AC-2008-44,GULBARGA DAKSHIN,lgd_direct,src-4ad56b409556
karnataka,2008,45,29045,IN-S10-AC-2008-45,GULBARGA UTTAR,lgd_direct,src-4ad56b409556
karnataka,2008,46,29046,IN-S10-AC-2008-46,ALAND,lgd_direct,src-4ad56b409556
karnataka,2008,47,29047,IN-S10-AC-2008-47,BASAVAKALYAN,lgd_direct,src-4ad56b409556
karnataka,2008,48,29048,IN-S10-AC-2008-48,HOMNABAD,lgd_direct,src-4ad56b409556
karnataka,2008,49,29049,IN-S10-AC-2008-49,BIDAR SOUTH,lgd_direct,src-4ad56b409556
karnataka,2008,50,29050,IN-S10-AC-2008-50,BIDAR,lgd_direct,src-4ad56b409556
karnataka,2008,51,29051,IN-S10-AC-2008-51,BHALKI,lgd_direct,src-4ad56b409556
karnataka,2008,52,29052,IN-S10-AC-2008-52,AURAD,lgd_direct,src-4ad56b409556
karnataka,2008,53,29053,IN-S10-AC-2008-53,RAICHUR RURAL,lgd_direct,src-4ad56b409556
karnataka,2008,54,29054,IN-S10-AC-2008-54,RAICHUR,lgd_direct,src-4ad56b409556
karnataka,2008,55,29055,IN-S10-AC-2008-55,MANVI,lgd_direct,src-4ad56b409556
karnataka,2008,56,29056,IN-S10-AC-2008-56,DEVADURGA,lgd_direct,src-4ad56b409556
karnataka,2008,57,29057,IN-S10-AC-2008-57,LINGSUGUR,lgd_direct,src-4ad56b409556
karnataka,2008,58,29058,IN-S10-AC-2008-58,SINDHANUR,lgd_direct,src-4ad56b409556
karnataka,2008,59,29059,IN-S10-AC-2008-59,MASKI,lgd_direct,src-4ad56b409556
karnataka,2008,60,29060,IN-S10-AC-2008-60,KUSHTAGI,lgd_direct,src-4ad56b409556
karnataka,2008,61,29061,IN-S10-AC-2008-61,KANAKAGIRI,lgd_direct,src-4ad56b409556
karnataka,2008,62,29062,IN-S10-AC-2008-62,GANGAWATI,lgd_direct,src-4ad56b409556
karnataka,2008,63,29063,IN-S10-AC-2008-63,YELBURGA,lgd_direct,src-4ad56b409556
karnataka,2008,64,29064,IN-S10-AC-2008-64,KOPPAL,lgd_direct,src-4ad56b409556
karnataka,2008,65,29065,IN-S10-AC-2008-65,SHIRAHATTI,lgd_direct,src-4ad56b409556
karnataka,2008,66,29066,IN-S10-AC-2008-66,GADAG,lgd_direct,src-4ad56b409556
karnataka,2008,67,29067,IN-S10-AC-2008-67,RON,lgd_direct,src-4ad56b409556
karnataka,2008,68,29068,IN-S10-AC-2008-68,NARGUND,lgd_direct,src-4ad56b409556
karnataka,2008,69,29069,IN-S10-AC-2008-69,NAVALGUND,lgd_direct,src-4ad56b409556
karnataka,2008,70,29070,IN-S10-AC-2008-70,KUNDGOL,lgd_direct,src-4ad56b409556
karnataka,2008,71,29071,IN-S10-AC-2008-71,DHARWAD,lgd_direct,src-4ad56b409556
karnataka,2008,72,29072,IN-S10-AC-2008-72,HUBLI-DHARWAD-EAST,lgd_direct,src-4ad56b409556
karnataka,2008,73,29073,IN-S10-AC-2008-73,HUBLI-DHARWAD-CENTRAL,lgd_direct,src-4ad56b409556
karnataka,2008,74,29074,IN-S10-AC-2008-74,HUBLI-DHARWAD- WEST,lgd_direct,src-4ad56b409556
karnataka,2008,75,29075,IN-S10-AC-2008-75,KALGHATGI,lgd_direct,src-4ad56b409556
karnataka,2008,76,29076,IN-S10-AC-2008-76,HALIYAL,lgd_direct,src-4ad56b409556
karnataka,2008,77,29077,IN-S10-AC-2008-77,KARWAR,lgd_direct,src-4ad56b409556
karnataka,2008,78,29078,IN-S10-AC-2008-78,KUMTA,lgd_direct,src-4ad56b409556
karnataka,2008,79,29079,IN-S10-AC-2008-79,BHATKAL,lgd_direct,src-4ad56b409556
karnataka,2008,80,29080,IN-S10-AC-2008-80,SIRSI,lgd_direct,src-4ad56b409556
karnataka,2008,81,29081,IN-S10-AC-2008-81,YELLAPUR,lgd_direct,src-4ad56b409556
karnataka,2008,82,29082,IN-S10-AC-2008-82,HANGAL,lgd_direct,src-4ad56b409556
karnataka,2008,83,29083,IN-S10-AC-2008-83,SHIGGAON,lgd_direct,src-4ad56b409556
karnataka,2008,84,29084,IN-S10-AC-2008-84,HAVERI,lgd_direct,src-4ad56b409556
karnataka,2008,85,29085,IN-S10-AC-2008-85,BYADGI,lgd_direct,src-4ad56b409556
karnataka,2008,86,29086,IN-S10-AC-2008-86,HIREKERUR,lgd_direct,src-4ad56b409556
karnataka,2008,87,29087,IN-S10-AC-2008-87,RANIBENNUR,lgd_direct,src-4ad56b409556
karnataka,2008,88,29088,IN-S10-AC-2008-88,HADAGALLI,lgd_direct,src-4ad56b409556
karnataka,2008,89,29089,IN-S10-AC-2008-89,HAGARIBOMMANAHALLI,lgd_direct,src-4ad56b409556
karnataka,2008,90,29090,IN-S10-AC-2008-90,VIJAYANAGARA,lgd_direct,src-4ad56b409556
karnataka,2008,91,29091,IN-S10-AC-2008-91,KAMPLI,lgd_direct,src-4ad56b409556
karnataka,2008,92,29092,IN-S10-AC-2008-92,SIRUGUPPA,lgd_direct,src-4ad56b409556
karnataka,2008,93,29093,IN-S10-AC-2008-93,BELLARY,lgd_direct,src-4ad56b409556
karnataka,2008,94,29094,IN-S10-AC-2008-94,BELLARY CITY,lgd_direct,src-4ad56b409556
karnataka,2008,95,29095,IN-S10-AC-2008-95,SANDUR,lgd_direct,src-4ad56b409556
karnataka,2008,96,29096,IN-S10-AC-2008-96,KUDLIGI,lgd_direct,src-4ad56b409556
karnataka,2008,97,29097,IN-S10-AC-2008-97,MOLAKALMURU,lgd_direct,src-4ad56b409556
karnataka,2008,98,29098,IN-S10-AC-2008-98,CHALLAKERE,lgd_direct,src-4ad56b409556
karnataka,2008,99,29099,IN-S10-AC-2008-99,CHITRADURGA,lgd_direct,src-4ad56b409556
karnataka,2008,100,29100,IN-S10-AC-2008-100,HIRIYUR,lgd_direct,src-4ad56b409556
karnataka,2008,101,29101,IN-S10-AC-2008-101,HOSADURGA,lgd_direct,src-4ad56b409556
karnataka,2008,102,29102,IN-S10-AC-2008-102,HOLALKERE,lgd_direct,src-4ad56b409556
karnataka,2008,103,29103,IN-S10-AC-2008-103,JAGALUR,lgd_direct,src-4ad56b409556
karnataka,2008,104,29104,IN-S10-AC-2008-104,HARAPANAHALLI,lgd_direct,src-4ad56b409556
karnataka,2008,105,29105,IN-S10-AC-2008-105,HARIHAR,lgd_direct,src-4ad56b409556
karnataka,2008,106,29106,IN-S10-AC-2008-106,DAVANAGERE NORTH,lgd_direct,src-4ad56b409556
karnataka,2008,107,29107,IN-S10-AC-2008-107,DAVANAGERE SOUTH,lgd_direct,src-4ad56b409556
karnataka,2008,108,29108,IN-S10-AC-2008-108,MAYAKONDA,lgd_direct,src-4ad56b409556
karnataka,2008,109,29109,IN-S10-AC-2008-109,CHANNAGIRI,lgd_direct,src-4ad56b409556
karnataka,2008,110,29110,IN-S10-AC-2008-110,HONNALI,lgd_direct,src-4ad56b409556
karnataka,2008,111,29111,IN-S10-AC-2008-111,SHIMOGA RURAL,lgd_direct,src-4ad56b409556
karnataka,2008,112,29112,IN-S10-AC-2008-112,BHADRAVATI,lgd_direct,src-4ad56b409556
karnataka,2008,113,29113,IN-S10-AC-2008-113,SHIMOGA,lgd_direct,src-4ad56b409556
karnataka,2008,114,29114,IN-S10-AC-2008-114,TIRTHAHALLI,lgd_direct,src-4ad56b409556
karnataka,2008,115,29115,IN-S10-AC-2008-115,SHIKARIPURA,lgd_direct,src-4ad56b409556
karnataka,2008,116,29116,IN-S10-AC-2008-116,SORAB,lgd_direct,src-4ad56b409556
karnataka,2008,117,29117,IN-S10-AC-2008-117,SAGAR,lgd_direct,src-4ad56b409556
karnataka,2008,118,29118,IN-S10-AC-2008-118,BYNDOOR,lgd_direct,src-4ad56b409556
karnataka,2008,119,29119,IN-S10-AC-2008-119,KUNDAPURA,lgd_direct,src-4ad56b409556
karnataka,2008,120,29120,IN-S10-AC-2008-120,UDUPI,lgd_direct,src-4ad56b409556
karnataka,2008,121,29121,IN-S10-AC-2008-121,KAPU,lgd_direct,src-4ad56b409556
karnataka,2008,122,29122,IN-S10-AC-2008-122,KARKAL,lgd_direct,src-4ad56b409556
karnataka,2008,123,29123,IN-S10-AC-2008-123,SRINGERI,lgd_direct,src-4ad56b409556
karnataka,2008,124,29124,IN-S10-AC-2008-124,MUDIGERE,lgd_direct,src-4ad56b409556
karnataka,2008,125,29125,IN-S10-AC-2008-125,CHIKMAGALUR,lgd_direct,src-4ad56b409556
karnataka,2008,126,29126,IN-S10-AC-2008-126,TARIKERE,lgd_direct,src-4ad56b409556
karnataka,2008,127,29127,IN-S10-AC-2008-127,KADUR,lgd_direct,src-4ad56b409556
karnataka,2008,128,29128,IN-S10-AC-2008-128,CHIKNAYAKANHALLI,lgd_direct,src-4ad56b409556
karnataka,2008,129,29129,IN-S10-AC-2008-129,TIPTUR,lgd_direct,src-4ad56b409556
karnataka,2008,130,29130,IN-S10-AC-2008-130,TURUVEKERE,lgd_direct,src-4ad56b409556
karnataka,2008,131,29131,IN-S10-AC-2008-131,KUNIGAL,lgd_direct,src-4ad56b409556
karnataka,2008,132,29132,IN-S10-AC-2008-132,TUMKUR CITY,lgd_direct,src-4ad56b409556
karnataka,2008,133,29133,IN-S10-AC-2008-133,TUMKUR RURAL,lgd_direct,src-4ad56b409556
karnataka,2008,134,29134,IN-S10-AC-2008-134,KORATAGERE,lgd_direct,src-4ad56b409556
karnataka,2008,135,29135,IN-S10-AC-2008-135,GUBBI,lgd_direct,src-4ad56b409556
karnataka,2008,136,29136,IN-S10-AC-2008-136,SIRA,lgd_direct,src-4ad56b409556
karnataka,2008,137,29137,IN-S10-AC-2008-137,PAVAGADA,lgd_direct,src-4ad56b409556
karnataka,2008,138,29138,IN-S10-AC-2008-138,MADHUGIRI,lgd_direct,src-4ad56b409556
karnataka,2008,139,29139,IN-S10-AC-2008-139,GAURIBIDANUR,lgd_direct,src-4ad56b409556
karnataka,2008,140,29140,IN-S10-AC-2008-140,BAGEPALLI,lgd_direct,src-4ad56b409556
karnataka,2008,141,29141,IN-S10-AC-2008-141,CHIKKABALLAPUR,lgd_direct,src-4ad56b409556
karnataka,2008,142,29142,IN-S10-AC-2008-142,SIDLAGHATTA,lgd_direct,src-4ad56b409556
karnataka,2008,143,29143,IN-S10-AC-2008-143,CHINTAMANI,lgd_direct,src-4ad56b409556
karnataka,2008,144,29144,IN-S10-AC-2008-144,SRINIVASPUR,lgd_direct,src-4ad56b409556
karnataka,2008,145,29145,IN-S10-AC-2008-145,MULBAGAL,lgd_direct,src-4ad56b409556
karnataka,2008,146,29146,IN-S10-AC-2008-146,KOLAR GOLD FIELD,lgd_direct,src-4ad56b409556
karnataka,2008,147,29147,IN-S10-AC-2008-147,BANGARAPET,lgd_direct,src-4ad56b409556
karnataka,2008,148,29148,IN-S10-AC-2008-148,KOLAR,lgd_direct,src-4ad56b409556
karnataka,2008,149,29149,IN-S10-AC-2008-149,MALUR,lgd_direct,src-4ad56b409556
karnataka,2008,150,29150,IN-S10-AC-2008-150,YELAHANKA,lgd_direct,src-4ad56b409556
karnataka,2008,151,29151,IN-S10-AC-2008-151,K.R.PURA,lgd_direct,src-4ad56b409556
karnataka,2008,152,29152,IN-S10-AC-2008-152,BYATARAYANAPURA,lgd_direct,src-4ad56b409556
karnataka,2008,153,29153,IN-S10-AC-2008-153,YESHVANTHAPURA,lgd_direct,src-4ad56b409556
karnataka,2008,154,29154,IN-S10-AC-2008-154,RAJARAJESHWARINAGAR,lgd_direct,src-4ad56b409556
karnataka,2008,155,29155,IN-S10-AC-2008-155,DASARAHALLI,lgd_direct,src-4ad56b409556
karnataka,2008,156,29156,IN-S10-AC-2008-156,MAHALAKSHMI LAYOUT,lgd_direct,src-4ad56b409556
karnataka,2008,157,29157,IN-S10-AC-2008-157,MALLESHWARAM,lgd_direct,src-4ad56b409556
karnataka,2008,158,29158,IN-S10-AC-2008-158,HEBBAL,lgd_direct,src-4ad56b409556
karnataka,2008,159,29159,IN-S10-AC-2008-159,PULAKESHINAGAR,lgd_direct,src-4ad56b409556
karnataka,2008,160,29160,IN-S10-AC-2008-160,SARVAGNANAGAR,lgd_direct,src-4ad56b409556
karnataka,2008,161,29161,IN-S10-AC-2008-161,C.V. RAMAN NAGAR,lgd_direct,src-4ad56b409556
karnataka,2008,162,29162,IN-S10-AC-2008-162,SHIVAJINAGAR,lgd_direct,src-4ad56b409556
karnataka,2008,163,29163,IN-S10-AC-2008-163,SHANTI NAGAR,lgd_direct,src-4ad56b409556
karnataka,2008,164,29164,IN-S10-AC-2008-164,GANDHI NAGAR,lgd_direct,src-4ad56b409556
karnataka,2008,165,29165,IN-S10-AC-2008-165,RAJAJI NAGAR,lgd_direct,src-4ad56b409556
karnataka,2008,166,29166,IN-S10-AC-2008-166,GOVINDRAJ NAGAR,lgd_direct,src-4ad56b409556
karnataka,2008,167,29167,IN-S10-AC-2008-167,VIJAY NAGAR,lgd_direct,src-4ad56b409556
karnataka,2008,168,29168,IN-S10-AC-2008-168,CHAMRAJPET,lgd_direct,src-4ad56b409556
karnataka,2008,169,29169,IN-S10-AC-2008-169,CHICKPET,lgd_direct,src-4ad56b409556
karnataka,2008,170,29170,IN-S10-AC-2008-170,BASAVANAGUDI,lgd_direct,src-4ad56b409556
karnataka,2008,171,29171,IN-S10-AC-2008-171,PADMANABA NAGAR,lgd_direct,src-4ad56b409556
karnataka,2008,172,29172,IN-S10-AC-2008-172,B.T.M LAYOUT,lgd_direct,src-4ad56b409556
karnataka,2008,173,29173,IN-S10-AC-2008-173,JAYANAGAR,lgd_direct,src-4ad56b409556
karnataka,2008,174,29174,IN-S10-AC-2008-174,MAHADEVAPURA,lgd_direct,src-4ad56b409556
karnataka,2008,175,29175,IN-S10-AC-2008-175,BOMMANAHALLI,lgd_direct,src-4ad56b409556
karnataka,2008,176,29176,IN-S10-AC-2008-176,BANGALORE SOUTH,lgd_direct,src-4ad56b409556
karnataka,2008,177,29177,IN-S10-AC-2008-177,ANEKAL,lgd_direct,src-4ad56b409556
karnataka,2008,178,29178,IN-S10-AC-2008-178,HOSAKOTE,lgd_direct,src-4ad56b409556
karnataka,2008,179,29179,IN-S10-AC-2008-179,DEVANAHALLI,lgd_direct,src-4ad56b409556
karnataka,2008,180,29180,IN-S10-AC-2008-180,DODDABALLAPUR,lgd_direct,src-4ad56b409556
karnataka,2008,181,29181,IN-S10-AC-2008-181,NELAMANGALA,lgd_direct,src-4ad56b409556
karnataka,2008,182,29182,IN-S10-AC-2008-182,MAGADI,lgd_direct,src-4ad56b409556
karnataka,2008,183,29183,IN-S10-AC-2008-183,RAMANAGARAM,lgd_direct,src-4ad56b409556
karnataka,2008,184,29184,IN-S10-AC-2008-184,KANAKAPURA,lgd_direct,src-4ad56b409556
karnataka,2008,185,29185,IN-S10-AC-2008-185,CHANNAPATNA,lgd_direct,src-4ad56b409556
karnataka,2008,186,29186,IN-S10-AC-2008-186,MALAVALLI,lgd_direct,src-4ad56b409556
karnataka,2008,187,29187,IN-S10-AC-2008-187,MADDUR,lgd_direct,src-4ad56b409556
karnataka,2008,188,29188,IN-S10-AC-2008-188,MELUKOTE,lgd_direct,src-4ad56b409556
karnataka,2008,189,29189,IN-S10-AC-2008-189,MANDYA,lgd_direct,src-4ad56b409556
karnataka,2008,190,29190,IN-S10-AC-2008-190,SHRIRANGAPATTANA,lgd_direct,src-4ad56b409556
karnataka,2008,191,29191,IN-S10-AC-2008-191,NAGAMANGALA,lgd_direct,src-4ad56b409556
karnataka,2008,192,29192,IN-S10-AC-2008-192,KRISHNARAJPET,lgd_direct,src-4ad56b409556
karnataka,2008,193,29193,IN-S10-AC-2008-193,SHRAVANABELAGOLA,lgd_direct,src-4ad56b409556
karnataka,2008,194,29194,IN-S10-AC-2008-194,ARSIKERE,lgd_direct,src-4ad56b409556
karnataka,2008,195,29195,IN-S10-AC-2008-195,BELUR,lgd_direct,src-4ad56b409556
karnataka,2008,196,29196,IN-S10-AC-2008-196,HASSAN,lgd_direct,src-4ad56b409556
karnataka,2008,197,29197,IN-S10-AC-2008-197,HOLENARASIPUR,lgd_direct,src-4ad56b409556
karnataka,2008,198,29198,IN-S10-AC-2008-198,ARKALGUD,lgd_direct,src-4ad56b409556
karnataka,2008,199,29199,IN-S10-AC-2008-199,SAKLESHPUR,lgd_direct,src-4ad56b409556
karnataka,2008,200,29200,IN-S10-AC-2008-200,BELTHANGADY,lgd_direct,src-4ad56b409556
karnataka,2008,201,29201,IN-S10-AC-2008-201,MOODABIDRI,lgd_direct,src-4ad56b409556
karnataka,2008,202,29202,IN-S10-AC-2008-202,MANGALORE CITY NORTH,lgd_direct,src-4ad56b409556
karnataka,2008,203,29203,IN-S10-AC-2008-203,MANGALORE CITY SOUTH,lgd_direct,src-4ad56b409556
karnataka,2008,204,29204,IN-S10-AC-2008-204,MANGALORE,lgd_direct,src-4ad56b409556
karnataka,2008,205,29205,IN-S10-AC-2008-205,BANTVAL,lgd_direct,src-4ad56b409556
karnataka,2008,206,29206,IN-S10-AC-2008-206,PUTTUR,lgd_direct,src-4ad56b409556
karnataka,2008,207,29207,IN-S10-AC-2008-207,SULLIA,lgd_direct,src-4ad56b409556
karnataka,2008,208,29208,IN-S10-AC-2008-208,MADIKERI,lgd_direct,src-4ad56b409556
karnataka,2008,209,29209,IN-S10-AC-2008-209,VIRAJPET,lgd_direct,src-4ad56b409556
karnataka,2008,210,29210,IN-S10-AC-2008-210,PERIYAPATNA,lgd_direct,src-4ad56b409556
karnataka,2008,211,29211,IN-S10-AC-2008-211,KRISHNARAJANAGARA,lgd_direct,src-4ad56b409556
karnataka,2008,212,29212,IN-S10-AC-2008-212,HUNSUR,lgd_direct,src-4ad56b409556
karnataka,2008,213,29213,IN-S10-AC-2008-213,HEGGADADEVANKOTE,lgd_direct,src-4ad56b409556
karnataka,2008,214,29214,IN-S10-AC-2008-214,NANJANGUD,lgd_direct,src-4ad56b409556
karnataka,2008,215,29215,IN-S10-AC-2008-215,CHAMUNDESHWARI,lgd_direct,src-4ad56b409556
karnataka,2008,216,29216,IN-S10-AC-2008-216,KRISHNARAJA,lgd_direct,src-4ad56b409556
karnataka,2008,217,29217,IN-S10-AC-2008-217,CHAMARAJA,lgd_direct,src-4ad56b409556
karnataka,2008,218,29218,IN-S10-AC-2008-218,NARASIMHARAJA,lgd_direct,src-4ad56b409556
karnataka,2008,219,29219,IN-S10-AC-2008-219,VARUNA,lgd_direct,src-4ad56b409556
karnataka,2008,220,29220,IN-S10-AC-2008-220,T.NARASIPUR,lgd_direct,src-4ad56b409556
karnataka,2008,221,29221,IN-S10-AC-2008-221,HANUR,lgd_direct,src-4ad56b409556
karnataka,2008,222,29222,IN-S10-AC-2008-222,KOLLEGAL,lgd_direct,src-4ad56b409556
karnataka,2008,223,29223,IN-S10-AC-2008-223,CHAMARAJANAGAR,lgd_direct,src-4ad56b409556
karnataka,2008,224,29224,IN-S10-AC-2008-224,GUNDLUPET,lgd_direct,src-4ad56b409556
kerala,2008,1,32001,IN-S11-AC-2008-1,MANJESHWAR,lgd_direct,src-4ad56b409556
kerala,2008,2,32002,IN-S11-AC-2008-2,KASARAGOD,lgd_direct,src-4ad56b409556
kerala,2008,3,32003,IN-S11-AC-2008-3,UDMA,lgd_direct,src-4ad56b409556
kerala,2008,4,32004,IN-S11-AC-2008-4,KANHANGAD,lgd_direct,src-4ad56b409556
kerala,2008,5,32005,IN-S11-AC-2008-5,TRIKARIPUR,lgd_direct,src-4ad56b409556
kerala,2008,6,32006,IN-S11-AC-2008-6,PAYYANNUR,lgd_direct,src-4ad56b409556
kerala,2008,7,32007,IN-S11-AC-2008-7,KALLIASSERI,lgd_direct,src-4ad56b409556
kerala,2008,8,32008,IN-S11-AC-2008-8,TALIPARAMBA,lgd_direct,src-4ad56b409556
kerala,2008,9,32009,IN-S11-AC-2008-9,IRIKKUR,lgd_direct,src-4ad56b409556
kerala,2008,10,32010,IN-S11-AC-2008-10,AZHIKODE,lgd_direct,src-4ad56b409556
kerala,2008,11,32011,IN-S11-AC-2008-11,KANNUR,lgd_direct,src-4ad56b409556
kerala,2008,12,32012,IN-S11-AC-2008-12,DHARMADAM,lgd_direct,src-4ad56b409556
kerala,2008,13,32013,IN-S11-AC-2008-13,THALASSERY,lgd_direct,src-4ad56b409556
kerala,2008,14,32014,IN-S11-AC-2008-14,KUTHUPARAMBA,lgd_direct,src-4ad56b409556
kerala,2008,15,32015,IN-S11-AC-2008-15,MATTANNUR,lgd_direct,src-4ad56b409556
kerala,2008,16,32016,IN-S11-AC-2008-16,PERAVOOR,lgd_direct,src-4ad56b409556
kerala,2008,17,32017,IN-S11-AC-2008-17,MANANTHAVADY,lgd_direct,src-4ad56b409556
kerala,2008,18,32018,IN-S11-AC-2008-18,SULTHANBATHERY,lgd_direct,src-4ad56b409556
kerala,2008,19,32019,IN-S11-AC-2008-19,KALPETTA,lgd_direct,src-4ad56b409556
kerala,2008,20,32020,IN-S11-AC-2008-20,VADAKARA,lgd_direct,src-4ad56b409556
kerala,2008,21,32021,IN-S11-AC-2008-21,KUTTIADI,lgd_direct,src-4ad56b409556
kerala,2008,22,32022,IN-S11-AC-2008-22,NADAPURAM,lgd_direct,src-4ad56b409556
kerala,2008,23,32023,IN-S11-AC-2008-23,QUILANDY,lgd_direct,src-4ad56b409556
kerala,2008,24,32024,IN-S11-AC-2008-24,PERAMBRA,lgd_direct,src-4ad56b409556
kerala,2008,25,32025,IN-S11-AC-2008-25,BALUSSERI,lgd_direct,src-4ad56b409556
kerala,2008,26,32026,IN-S11-AC-2008-26,ELATHUR,lgd_direct,src-4ad56b409556
kerala,2008,27,32027,IN-S11-AC-2008-27,KOZHIKODE NORTH,lgd_direct,src-4ad56b409556
kerala,2008,28,32028,IN-S11-AC-2008-28,KOZHIKODE SOUTH,lgd_direct,src-4ad56b409556
kerala,2008,29,32029,IN-S11-AC-2008-29,BEYPORE,lgd_direct,src-4ad56b409556
kerala,2008,30,32030,IN-S11-AC-2008-30,KUNNAMANGALAM,lgd_direct,src-4ad56b409556
kerala,2008,31,32031,IN-S11-AC-2008-31,KODUVALLY,lgd_direct,src-4ad56b409556
kerala,2008,32,32032,IN-S11-AC-2008-32,THIRUVAMBADY,lgd_direct,src-4ad56b409556
kerala,2008,33,32033,IN-S11-AC-2008-33,KONDOTTY,lgd_direct,src-4ad56b409556
kerala,2008,34,32034,IN-S11-AC-2008-34,ERANAD,lgd_direct,src-4ad56b409556
kerala,2008,35,32035,IN-S11-AC-2008-35,NILAMBUR,lgd_direct,src-4ad56b409556
kerala,2008,36,32036,IN-S11-AC-2008-36,WANDOOR,lgd_direct,src-4ad56b409556
kerala,2008,37,32037,IN-S11-AC-2008-37,MANJERI,lgd_direct,src-4ad56b409556
kerala,2008,38,32038,IN-S11-AC-2008-38,PERINTHALMANNA,lgd_direct,src-4ad56b409556
kerala,2008,39,32039,IN-S11-AC-2008-39,MANKADA,lgd_direct,src-4ad56b409556
kerala,2008,40,32040,IN-S11-AC-2008-40,MALAPPURAM,lgd_direct,src-4ad56b409556
kerala,2008,41,32041,IN-S11-AC-2008-41,VENGARA,lgd_direct,src-4ad56b409556
kerala,2008,42,32042,IN-S11-AC-2008-42,VALLIKKUNNU,lgd_direct,src-4ad56b409556
kerala,2008,43,32043,IN-S11-AC-2008-43,TIRURANGADI,lgd_direct,src-4ad56b409556
kerala,2008,44,32044,IN-S11-AC-2008-44,TANUR,lgd_direct,src-4ad56b409556
kerala,2008,45,32045,IN-S11-AC-2008-45,TIRUR,lgd_direct,src-4ad56b409556
kerala,2008,46,32046,IN-S11-AC-2008-46,KOTTAKKAL,lgd_direct,src-4ad56b409556
kerala,2008,47,32047,IN-S11-AC-2008-47,THAVANUR,lgd_direct,src-4ad56b409556
kerala,2008,48,32048,IN-S11-AC-2008-48,PONNANI,lgd_direct,src-4ad56b409556
kerala,2008,49,32049,IN-S11-AC-2008-49,THRITHALA,lgd_direct,src-4ad56b409556
kerala,2008,50,32050,IN-S11-AC-2008-50,PATTAMBI,lgd_direct,src-4ad56b409556
kerala,2008,51,32051,IN-S11-AC-2008-51,SHORNUR,lgd_direct,src-4ad56b409556
kerala,2008,52,32052,IN-S11-AC-2008-52,OTTAPALAM,lgd_direct,src-4ad56b409556
kerala,2008,53,32053,IN-S11-AC-2008-53,KONGAD,lgd_direct,src-4ad56b409556
kerala,2008,54,32054,IN-S11-AC-2008-54,MANNARKAD,lgd_direct,src-4ad56b409556
kerala,2008,55,32055,IN-S11-AC-2008-55,MALAMPUZHA,lgd_direct,src-4ad56b409556
kerala,2008,56,32056,IN-S11-AC-2008-56,PALAKKAD,lgd_direct,src-4ad56b409556
kerala,2008,57,32057,IN-S11-AC-2008-57,TARUR,lgd_direct,src-4ad56b409556
kerala,2008,58,32058,IN-S11-AC-2008-58,CHITTUR,lgd_direct,src-4ad56b409556
kerala,2008,59,32059,IN-S11-AC-2008-59,NENMARA,lgd_direct,src-4ad56b409556
kerala,2008,60,32060,IN-S11-AC-2008-60,ALATHUR,lgd_direct,src-4ad56b409556
kerala,2008,61,32061,IN-S11-AC-2008-61,CHELAKKARA,lgd_direct,src-4ad56b409556
kerala,2008,62,32062,IN-S11-AC-2008-62,KUNNAMKULAM,lgd_direct,src-4ad56b409556
kerala,2008,63,32063,IN-S11-AC-2008-63,GURUVAYOOR,lgd_direct,src-4ad56b409556
kerala,2008,64,32064,IN-S11-AC-2008-64,MANALUR,lgd_direct,src-4ad56b409556
kerala,2008,65,32065,IN-S11-AC-2008-65,WADAKKANCHERY,lgd_direct,src-4ad56b409556
kerala,2008,66,32066,IN-S11-AC-2008-66,OLLUR,lgd_direct,src-4ad56b409556
kerala,2008,67,32067,IN-S11-AC-2008-67,THRISSUR,lgd_direct,src-4ad56b409556
kerala,2008,68,32068,IN-S11-AC-2008-68,NATTIKA,lgd_direct,src-4ad56b409556
kerala,2008,69,32069,IN-S11-AC-2008-69,KAIPAMANGALAM,lgd_direct,src-4ad56b409556
kerala,2008,70,32070,IN-S11-AC-2008-70,IRINJALAKKUDA,lgd_direct,src-4ad56b409556
kerala,2008,71,32071,IN-S11-AC-2008-71,PUTHUKKAD,lgd_direct,src-4ad56b409556
kerala,2008,72,32072,IN-S11-AC-2008-72,CHALAKKUDY,lgd_direct,src-4ad56b409556
kerala,2008,73,32073,IN-S11-AC-2008-73,KODUNGALLUR,lgd_direct,src-4ad56b409556
kerala,2008,74,32074,IN-S11-AC-2008-74,PERUMBAVOOR,lgd_direct,src-4ad56b409556
kerala,2008,75,32075,IN-S11-AC-2008-75,ANGAMALY,lgd_direct,src-4ad56b409556
kerala,2008,76,32076,IN-S11-AC-2008-76,ALUVA,lgd_direct,src-4ad56b409556
kerala,2008,77,32077,IN-S11-AC-2008-77,KALAMASSERY,lgd_direct,src-4ad56b409556
kerala,2008,78,32078,IN-S11-AC-2008-78,PARAVUR,lgd_direct,src-4ad56b409556
kerala,2008,79,32079,IN-S11-AC-2008-79,VYPEN,lgd_direct,src-4ad56b409556
kerala,2008,80,32080,IN-S11-AC-2008-80,KOCHI,lgd_direct,src-4ad56b409556
kerala,2008,81,32081,IN-S11-AC-2008-81,THRIPUNITHURA,lgd_direct,src-4ad56b409556
kerala,2008,82,32082,IN-S11-AC-2008-82,ERANAKULAM,lgd_direct,src-4ad56b409556
kerala,2008,83,32083,IN-S11-AC-2008-83,THRIKKAKARA,lgd_direct,src-4ad56b409556
kerala,2008,84,32084,IN-S11-AC-2008-84,KUNNATHUNAD,lgd_direct,src-4ad56b409556
kerala,2008,85,32085,IN-S11-AC-2008-85,PIRAVOM,lgd_direct,src-4ad56b409556
kerala,2008,86,32086,IN-S11-AC-2008-86,MUVATTUPUZHA,lgd_direct,src-4ad56b409556
kerala,2008,87,32087,IN-S11-AC-2008-87,KOTHAMANGALAM,lgd_direct,src-4ad56b409556
kerala,2008,88,32088,IN-S11-AC-2008-88,DEVIKULAM,lgd_direct,src-4ad56b409556
kerala,2008,89,32089,IN-S11-AC-2008-89,UDUMBANCHOLA,lgd_direct,src-4ad56b409556
kerala,2008,90,32090,IN-S11-AC-2008-90,THODUPUZHA,lgd_direct,src-4ad56b409556
kerala,2008,91,32091,IN-S11-AC-2008-91,IDUKKI,lgd_direct,src-4ad56b409556
kerala,2008,92,32092,IN-S11-AC-2008-92,PEERUMADE,lgd_direct,src-4ad56b409556
kerala,2008,93,32093,IN-S11-AC-2008-93,PALA,lgd_direct,src-4ad56b409556
kerala,2008,94,32094,IN-S11-AC-2008-94,KADUTHURUTHY,lgd_direct,src-4ad56b409556
kerala,2008,95,32095,IN-S11-AC-2008-95,VAIKOM,lgd_direct,src-4ad56b409556
kerala,2008,96,32096,IN-S11-AC-2008-96,ETTUMANOOR,lgd_direct,src-4ad56b409556
kerala,2008,97,32097,IN-S11-AC-2008-97,KOTTAYAM,lgd_direct,src-4ad56b409556
kerala,2008,98,32098,IN-S11-AC-2008-98,PUTHUPPALLY,lgd_direct,src-4ad56b409556
kerala,2008,99,32099,IN-S11-AC-2008-99,CHANGANASSERY,lgd_direct,src-4ad56b409556
kerala,2008,100,32100,IN-S11-AC-2008-100,KANJIRAPPALLY,lgd_direct,src-4ad56b409556
kerala,2008,101,32101,IN-S11-AC-2008-101,POONJAR,lgd_direct,src-4ad56b409556
kerala,2008,102,32102,IN-S11-AC-2008-102,AROOR,lgd_direct,src-4ad56b409556
kerala,2008,103,32103,IN-S11-AC-2008-103,CHERTHALA,lgd_direct,src-4ad56b409556
kerala,2008,104,32104,IN-S11-AC-2008-104,ALAPPUZHA,lgd_direct,src-4ad56b409556
kerala,2008,105,32105,IN-S11-AC-2008-105,AMBALAPUZHA,lgd_direct,src-4ad56b409556
kerala,2008,106,32106,IN-S11-AC-2008-106,KUTTANAD,lgd_direct,src-4ad56b409556
kerala,2008,107,32107,IN-S11-AC-2008-107,HARIPAD,lgd_direct,src-4ad56b409556
kerala,2008,108,32108,IN-S11-AC-2008-108,KAYAMKULAM,lgd_direct,src-4ad56b409556
kerala,2008,109,32109,IN-S11-AC-2008-109,MAVELIKARA,lgd_direct,src-4ad56b409556
kerala,2008,110,32110,IN-S11-AC-2008-110,CHENGANNUR,lgd_direct,src-4ad56b409556
kerala,2008,111,32111,IN-S11-AC-2008-111,THIRUVALLA,lgd_direct,src-4ad56b409556
kerala,2008,112,32112,IN-S11-AC-2008-112,RANNI,lgd_direct,src-4ad56b409556
kerala,2008,113,32113,IN-S11-AC-2008-113,ARANMULA,lgd_direct,src-4ad56b409556
kerala,2008,114,32114,IN-S11-AC-2008-114,KONNI,lgd_direct,src-4ad56b409556
kerala,2008,115,32115,IN-S11-AC-2008-115,ADOOR,lgd_direct,src-4ad56b409556
kerala,2008,116,32116,IN-S11-AC-2008-116,KARUNAGAPPALLY,lgd_direct,src-4ad56b409556
kerala,2008,117,32117,IN-S11-AC-2008-117,CHAVARA,lgd_direct,src-4ad56b409556
kerala,2008,118,32118,IN-S11-AC-2008-118,KUNNATHUR,lgd_direct,src-4ad56b409556
kerala,2008,119,32119,IN-S11-AC-2008-119,KOTTARAKKARA,lgd_direct,src-4ad56b409556
kerala,2008,120,32120,IN-S11-AC-2008-120,PATHANAPURAM,lgd_direct,src-4ad56b409556
kerala,2008,121,32121,IN-S11-AC-2008-121,PUNALUR,lgd_direct,src-4ad56b409556
kerala,2008,122,32122,IN-S11-AC-2008-122,CHADAYAMANGALAM,lgd_direct,src-4ad56b409556
kerala,2008,123,32123,IN-S11-AC-2008-123,KUNDARA,lgd_direct,src-4ad56b409556
kerala,2008,124,32124,IN-S11-AC-2008-124,KOLLAM,lgd_direct,src-4ad56b409556
kerala,2008,125,32125,IN-S11-AC-2008-125,ERAVIPURAM,lgd_direct,src-4ad56b409556
kerala,2008,126,32126,IN-S11-AC-2008-126,CHATHANNUR,lgd_direct,src-4ad56b409556
kerala,2008,127,32127,IN-S11-AC-2008-127,VARKALA,lgd_direct,src-4ad56b409556
kerala,2008,128,32128,IN-S11-AC-2008-128,ATTINGAL,lgd_direct,src-4ad56b409556
kerala,2008,129,32129,IN-S11-AC-2008-129,CHIRAYINKEEZHU,lgd_direct,src-4ad56b409556
kerala,2008,130,32130,IN-S11-AC-2008-130,NEDUMANGAD,lgd_direct,src-4ad56b409556
kerala,2008,131,32131,IN-S11-AC-2008-131,VAMANAPURAM,lgd_direct,src-4ad56b409556
kerala,2008,132,32132,IN-S11-AC-2008-132,KAZHAKKOOTTAM,lgd_direct,src-4ad56b409556
kerala,2008,133,32133,IN-S11-AC-2008-133,VATTIYOORKAVU,lgd_direct,src-4ad56b409556
kerala,2008,134,32134,IN-S11-AC-2008-134,THIRUVANANTHAPURAM,lgd_direct,src-4ad56b409556
kerala,2008,135,32135,IN-S11-AC-2008-135,NEMOM,lgd_direct,src-4ad56b409556
kerala,2008,136,32136,IN-S11-AC-2008-136,ARUVIKKARA,lgd_direct,src-4ad56b409556
kerala,2008,137,32137,IN-S11-AC-2008-137,PARASSALA,lgd_direct,src-4ad56b409556
kerala,2008,138,32138,IN-S11-AC-2008-138,KATTAKKADA,lgd_direct,src-4ad56b409556
kerala,2008,139,32139,IN-S11-AC-2008-139,KOVALAM,lgd_direct,src-4ad56b409556
kerala,2008,140,32140,IN-S11-AC-2008-140,NEYYATTINKARA,lgd_direct,src-4ad56b409556
madhya-pradesh,2008,1,23001,IN-S12-AC-2008-1,SHEOPUR,lgd_direct,src-4ad56b409556
madhya-pradesh,2008,2,23002,IN-S12-AC-2008-2,VIJAYPUR,lgd_direct,src-4ad56b409556
madhya-pradesh,2008,3,23003,IN-S12-AC-2008-3,SABALAGADH,lgd_direct,src-4ad56b409556
madhya-pradesh,2008,4,23004,IN-S12-AC-2008-4,JAURA,lgd_direct,src-4ad56b409556
madhya-pradesh,2008,5,23005,IN-S12-AC-2008-5,SUMAOLI,lgd_direct,src-4ad56b409556
madhya-pradesh,2008,6,23006,IN-S12-AC-2008-6,MORENA,lgd_direct,src-4ad56b409556
madhya-pradesh,2008,7,23007,IN-S12-AC-2008-7,DIMANI,lgd_direct,src-4ad56b409556
madhya-pradesh,2008,8,23008,IN-S12-AC-2008-8,AMBAH,lgd_direct,src-4ad56b409556
madhya-pradesh,2008,9,23009,IN-S12-AC-2008-9,ATER,lgd_direct,src-4ad56b409556
madhya-pradesh,2008,10,23010,IN-S12-AC-2008-10,BHIND,lgd_direct,src-4ad56b409556
madhya-pradesh,2008,11,23011,IN-S12-AC-2008-11,LAHAR,lgd_direct,src-4ad56b409556
madhya-pradesh,2008,12,23012,IN-S12-AC-2008-12,MEHGAON,lgd_direct,src-4ad56b409556
madhya-pradesh,2008,13,23013,IN-S12-AC-2008-13,GOHAD,lgd_direct,src-4ad56b409556
madhya-pradesh,2008,14,23014,IN-S12-AC-2008-14,GWALIOR RURAL,lgd_direct,src-4ad56b409556
madhya-pradesh,2008,15,23015,IN-S12-AC-2008-15,GWALIOR,lgd_direct,src-4ad56b409556
madhya-pradesh,2008,16,23016,IN-S12-AC-2008-16,GWALIOR EAST,lgd_direct,src-4ad56b409556
madhya-pradesh,2008,17,23017,IN-S12-AC-2008-17,GWALIOR SOUTH,lgd_direct,src-4ad56b409556
madhya-pradesh,2008,18,23018,IN-S12-AC-2008-18,BHITRWAR,lgd_direct,src-4ad56b409556
madhya-pradesh,2008,19,23019,IN-S12-AC-2008-19,DABARA,lgd_direct,src-4ad56b409556
madhya-pradesh,2008,20,23020,IN-S12-AC-2008-20,SEWDA,lgd_direct,src-4ad56b409556
madhya-pradesh,2008,21,23021,IN-S12-AC-2008-21,BHANDER,lgd_direct,src-4ad56b409556
madhya-pradesh,2008,22,23022,IN-S12-AC-2008-22,DATIA,lgd_direct,src-4ad56b409556
madhya-pradesh,2008,23,23023,IN-S12-AC-2008-23,KARERA,lgd_direct,src-4ad56b409556
madhya-pradesh,2008,24,23024,IN-S12-AC-2008-24,POHARI,lgd_direct,src-4ad56b409556
madhya-pradesh,2008,25,23025,IN-S12-AC-2008-25,SHIVPURI,lgd_direct,src-4ad56b409556
madhya-pradesh,2008,26,23026,IN-S12-AC-2008-26,PICHHORE,lgd_direct,src-4ad56b409556
madhya-pradesh,2008,27,23027,IN-S12-AC-2008-27,KOLARAS,lgd_direct,src-4ad56b409556
madhya-pradesh,2008,28,23028,IN-S12-AC-2008-28,BAMORI,lgd_direct,src-4ad56b409556
madhya-pradesh,2008,29,23029,IN-S12-AC-2008-29,GUNA,lgd_direct,src-4ad56b409556
madhya-pradesh,2008,30,23030,IN-S12-AC-2008-30,CHACHODA,lgd_direct,src-4ad56b409556
madhya-pradesh,2008,31,23031,IN-S12-AC-2008-31,RAGHOGARH,lgd_direct,src-4ad56b409556
madhya-pradesh,2008,32,23032,IN-S12-AC-2008-32,ASHOK NAGAR,lgd_direct,src-4ad56b409556
madhya-pradesh,2008,33,23033,IN-S12-AC-2008-33,CHANDERI,lgd_direct,src-4ad56b409556
madhya-pradesh,2008,34,23034,IN-S12-AC-2008-34,MUNGAOLI,lgd_direct,src-4ad56b409556
madhya-pradesh,2008,35,23035,IN-S12-AC-2008-35,BINA,lgd_direct,src-4ad56b409556
madhya-pradesh,2008,36,23036,IN-S12-AC-2008-36,KHURAI,lgd_direct,src-4ad56b409556
madhya-pradesh,2008,37,23037,IN-S12-AC-2008-37,SURKHI,lgd_direct,src-4ad56b409556
madhya-pradesh,2008,38,23038,IN-S12-AC-2008-38,DEORI,lgd_direct,src-4ad56b409556
madhya-pradesh,2008,39,23039,IN-S12-AC-2008-39,REHLI,lgd_direct,src-4ad56b409556
madhya-pradesh,2008,40,23040,IN-S12-AC-2008-40,NARYAWALI,lgd_direct,src-4ad56b409556
madhya-pradesh,2008,41,23041,IN-S12-AC-2008-41,SAGAR,lgd_direct,src-4ad56b409556
madhya-pradesh,2008,42,23042,IN-S12-AC-2008-42,BANDA,lgd_direct,src-4ad56b409556
madhya-pradesh,2008,43,23043,IN-S12-AC-2008-43,TIKAMGARH,lgd_direct,src-4ad56b409556
madhya-pradesh,2008,44,23044,IN-S12-AC-2008-44,JATARA,lgd_direct,src-4ad56b409556
madhya-pradesh,2008,45,23045,IN-S12-AC-2008-45,PRITHVIPUR,lgd_direct,src-4ad56b409556
madhya-pradesh,2008,46,,IN-S12-AC-2008-46,NIWARI,unmapped,src-4ad56b409556
madhya-pradesh,2008,47,23047,IN-S12-AC-2008-47,KHARGAPUR,lgd_direct,src-4ad56b409556
madhya-pradesh,2008,48,,IN-S12-AC-2008-48,MAHARAJPUR,unmapped,src-4ad56b409556
madhya-pradesh,2008,49,23049,IN-S12-AC-2008-49,CHANDLA,lgd_direct,src-4ad56b409556
madhya-pradesh,2008,50,23050,IN-S12-AC-2008-50,RAJNAGAR,lgd_direct,src-4ad56b409556
madhya-pradesh,2008,51,23051,IN-S12-AC-2008-51,CHHATARPUR,lgd_direct,src-4ad56b409556
madhya-pradesh,2008,52,23052,IN-S12-AC-2008-52,BIJAWAR,lgd_direct,src-4ad56b409556
madhya-pradesh,2008,53,23053,IN-S12-AC-2008-53,MALHARA,lgd_direct,src-4ad56b409556
madhya-pradesh,2008,54,23054,IN-S12-AC-2008-54,PATHARIYA,lgd_direct,src-4ad56b409556
madhya-pradesh,2008,55,23055,IN-S12-AC-2008-55,DAMOH,lgd_direct,src-4ad56b409556
madhya-pradesh,2008,56,23056,IN-S12-AC-2008-56,JABERA,lgd_direct,src-4ad56b409556
madhya-pradesh,2008,57,23057,IN-S12-AC-2008-57,HATTA,lgd_direct,src-4ad56b409556
madhya-pradesh,2008,58,23058,IN-S12-AC-2008-58,PAWAI,lgd_direct,src-4ad56b409556
madhya-pradesh,2008,59,23059,IN-S12-AC-2008-59,GUNNOUR,lgd_direct,src-4ad56b409556
madhya-pradesh,2008,60,23060,IN-S12-AC-2008-60,PANNA,lgd_direct,src-4ad56b409556
madhya-pradesh,2008,61,23061,IN-S12-AC-2008-61,CHITRAKOOT,lgd_direct,src-4ad56b409556
madhya-pradesh,2008,62,23062,IN-S12-AC-2008-62,RAIGAON,lgd_direct,src-4ad56b409556
madhya-pradesh,2008,63,23063,IN-S12-AC-2008-63,SATNA,lgd_direct,src-4ad56b409556
madhya-pradesh,2008,64,23064,IN-S12-AC-2008-64,NAGOD,lgd_direct,src-4ad56b409556
madhya-pradesh,2008,65,23065,IN-S12-AC-2008-65,MAIHAR,lgd_direct,src-4ad56b409556
madhya-pradesh,2008,66,23066,IN-S12-AC-2008-66,AMARPATAN,lgd_direct,src-4ad56b409556
madhya-pradesh,2008,67,23067,IN-S12-AC-2008-67,RAMPUR BAGHELAN,lgd_direct,src-4ad56b409556
madhya-pradesh,2008,68,23068,IN-S12-AC-2008-68,SIRMOUR,lgd_direct,src-4ad56b409556
madhya-pradesh,2008,69,23069,IN-S12-AC-2008-69,SEMARIYA,lgd_direct,src-4ad56b409556
madhya-pradesh,2008,70,23070,IN-S12-AC-2008-70,TEONTHAR,lgd_direct,src-4ad56b409556
madhya-pradesh,2008,71,23071,IN-S12-AC-2008-71,MAUGANJ,lgd_direct,src-4ad56b409556
madhya-pradesh,2008,72,23072,IN-S12-AC-2008-72,DEOTALAB,lgd_direct,src-4ad56b409556
madhya-pradesh,2008,73,23073,IN-S12-AC-2008-73,MANGAWAN,lgd_direct,src-4ad56b409556
madhya-pradesh,2008,74,23074,IN-S12-AC-2008-74,REWA,lgd_direct,src-4ad56b409556
madhya-pradesh,2008,75,23075,IN-S12-AC-2008-75,GURH,lgd_direct,src-4ad56b409556
madhya-pradesh,2008,76,23076,IN-S12-AC-2008-76,CHURHAT,lgd_direct,src-4ad56b409556
madhya-pradesh,2008,77,23077,IN-S12-AC-2008-77,SIDHI,lgd_direct,src-4ad56b409556
madhya-pradesh,2008,78,23078,IN-S12-AC-2008-78,SIHAWAL,lgd_direct,src-4ad56b409556
madhya-pradesh,2008,79,23079,IN-S12-AC-2008-79,CHITRANGI,lgd_direct,src-4ad56b409556
madhya-pradesh,2008,80,23080,IN-S12-AC-2008-80,SINGAROULI,lgd_direct,src-4ad56b409556
madhya-pradesh,2008,81,23081,IN-S12-AC-2008-81,DEVSAR,lgd_direct,src-4ad56b409556
madhya-pradesh,2008,82,23082,IN-S12-AC-2008-82,DHOUHANI,lgd_direct,src-4ad56b409556
madhya-pradesh,2008,83,23083,IN-S12-AC-2008-83,BEOHARI,lgd_direct,src-4ad56b409556
madhya-pradesh,2008,84,23084,IN-S12-AC-2008-84,JAISINGHNAGAR,lgd_direct,src-4ad56b409556
madhya-pradesh,2008,85,23085,IN-S12-AC-2008-85,JAITPUR,lgd_direct,src-4ad56b409556
madhya-pradesh,2008,86,23086,IN-S12-AC-2008-86,KOTAMA,lgd_direct,src-4ad56b409556
madhya-pradesh,2008,87,23087,IN-S12-AC-2008-87,ANUPPUR,lgd_direct,src-4ad56b409556
madhya-pradesh,2008,88,23088,IN-S12-AC-2008-88,PUSPRAJGARH,lgd_direct,src-4ad56b409556
madhya-pradesh,2008,89,23089,IN-S12-AC-2008-89,BANDHAVGARH,lgd_direct,src-4ad56b409556
madhya-pradesh,2008,90,23090,IN-S12-AC-2008-90,MANAPUR,lgd_direct,src-4ad56b409556
madhya-pradesh,2008,91,23091,IN-S12-AC-2008-91,BADWARA,lgd_direct,src-4ad56b409556
madhya-pradesh,2008,92,23092,IN-S12-AC-2008-92,VIJAYRAGHAVGARH,lgd_direct,src-4ad56b409556
madhya-pradesh,2008,93,23093,IN-S12-AC-2008-93,MUDWARA,lgd_direct,src-4ad56b409556
madhya-pradesh,2008,94,23094,IN-S12-AC-2008-94,BAHORIBAND,lgd_direct,src-4ad56b409556
madhya-pradesh,2008,95,23095,IN-S12-AC-2008-95,PATAN,lgd_direct,src-4ad56b409556
madhya-pradesh,2008,96,23096,IN-S12-AC-2008-96,BARGI,lgd_direct,src-4ad56b409556
madhya-pradesh,2008,97,23097,IN-S12-AC-2008-97,JABALPUR EAST,lgd_direct,src-4ad56b409556
madhya-pradesh,2008,98,23098,IN-S12-AC-2008-98,JABALPUR NORTH,lgd_direct,src-4ad56b409556
madhya-pradesh,2008,99,23099,IN-S12-AC-2008-99,JABALPUR CANTT,lgd_direct,src-4ad56b409556
madhya-pradesh,2008,100,23100,IN-S12-AC-2008-100,JABALPUR WEST,lgd_direct,src-4ad56b409556
madhya-pradesh,2008,101,23101,IN-S12-AC-2008-101,PANAGAR,lgd_direct,src-4ad56b409556
madhya-pradesh,2008,102,23102,IN-S12-AC-2008-102,SIHORA,lgd_direct,src-4ad56b409556
madhya-pradesh,2008,103,23103,IN-S12-AC-2008-103,SHAHPURA,lgd_direct,src-4ad56b409556
madhya-pradesh,2008,104,23104,IN-S12-AC-2008-104,DINDORI,lgd_direct,src-4ad56b409556
madhya-pradesh,2008,105,23105,IN-S12-AC-2008-105,BICHHIYA,lgd_direct,src-4ad56b409556
madhya-pradesh,2008,106,23106,IN-S12-AC-2008-106,NIWAS,lgd_direct,src-4ad56b409556
madhya-pradesh,2008,107,23107,IN-S12-AC-2008-107,MANDLA,lgd_direct,src-4ad56b409556
madhya-pradesh,2008,108,23108,IN-S12-AC-2008-108,BAIHAR,lgd_direct,src-4ad56b409556
madhya-pradesh,2008,109,23109,IN-S12-AC-2008-109,LANJI,lgd_direct,src-4ad56b409556
madhya-pradesh,2008,110,23110,IN-S12-AC-2008-110,PARASWADA,lgd_direct,src-4ad56b409556
madhya-pradesh,2008,111,23111,IN-S12-AC-2008-111,BALAGHAT,lgd_direct,src-4ad56b409556
madhya-pradesh,2008,112,23112,IN-S12-AC-2008-112,WARASEONI,lgd_direct,src-4ad56b409556
madhya-pradesh,2008,113,23113,IN-S12-AC-2008-113,KATANGI,lgd_direct,src-4ad56b409556
madhya-pradesh,2008,114,23114,IN-S12-AC-2008-114,BARGHAT,lgd_direct,src-4ad56b409556
madhya-pradesh,2008,115,23115,IN-S12-AC-2008-115,SEONI,lgd_direct,src-4ad56b409556
madhya-pradesh,2008,116,23116,IN-S12-AC-2008-116,KEOLARI,lgd_direct,src-4ad56b409556
madhya-pradesh,2008,117,23117,IN-S12-AC-2008-117,LAKHANADON,lgd_direct,src-4ad56b409556
madhya-pradesh,2008,118,23118,IN-S12-AC-2008-118,GOTEGAON,lgd_direct,src-4ad56b409556
madhya-pradesh,2008,119,23119,IN-S12-AC-2008-119,NARSINGPUR,lgd_direct,src-4ad56b409556
madhya-pradesh,2008,120,23120,IN-S12-AC-2008-120,TENDUKHEDA,lgd_direct,src-4ad56b409556
madhya-pradesh,2008,121,23121,IN-S12-AC-2008-121,GADARWARA,lgd_direct,src-4ad56b409556
madhya-pradesh,2008,122,23122,IN-S12-AC-2008-122,JUNNARDEO,lgd_direct,src-4ad56b409556
madhya-pradesh,2008,123,23123,IN-S12-AC-2008-123,AMARWARA,lgd_direct,src-4ad56b409556
madhya-pradesh,2008,124,23124,IN-S12-AC-2008-124,CHURAI,lgd_direct,src-4ad56b409556
madhya-pradesh,2008,125,23125,IN-S12-AC-2008-125,SAUSAR,lgd_direct,src-4ad56b409556
madhya-pradesh,2008,126,23126,IN-S12-AC-2008-126,CHHINDWARA,lgd_direct,src-4ad56b409556
madhya-pradesh,2008,127,23127,IN-S12-AC-2008-127,PARASIYA,lgd_direct,src-4ad56b409556
madhya-pradesh,2008,128,23128,IN-S12-AC-2008-128,PANDHURNA,lgd_direct,src-4ad56b409556
madhya-pradesh,2008,129,23129,IN-S12-AC-2008-129,MULTAI,lgd_direct,src-4ad56b409556
madhya-pradesh,2008,130,23130,IN-S12-AC-2008-130,AMLA,lgd_direct,src-4ad56b409556
madhya-pradesh,2008,131,23131,IN-S12-AC-2008-131,BETUL,lgd_direct,src-4ad56b409556
madhya-pradesh,2008,132,23132,IN-S12-AC-2008-132,GHODADONGRI,lgd_direct,src-4ad56b409556
madhya-pradesh,2008,133,23133,IN-S12-AC-2008-133,BHAINSDEHI,lgd_direct,src-4ad56b409556
madhya-pradesh,2008,134,23134,IN-S12-AC-2008-134,TIMARNI,lgd_direct,src-4ad56b409556
madhya-pradesh,2008,135,23135,IN-S12-AC-2008-135,HARDA,lgd_direct,src-4ad56b409556
madhya-pradesh,2008,136,23136,IN-S12-AC-2008-136,SEONI MALWA,lgd_direct,src-4ad56b409556
madhya-pradesh,2008,137,23137,IN-S12-AC-2008-137,HOSHANGABAD,lgd_direct,src-4ad56b409556
madhya-pradesh,2008,138,23138,IN-S12-AC-2008-138,SOHAGPUR,lgd_direct,src-4ad56b409556
madhya-pradesh,2008,139,23139,IN-S12-AC-2008-139,PIPARIYA,lgd_direct,src-4ad56b409556
madhya-pradesh,2008,140,23140,IN-S12-AC-2008-140,UDAIPURA,lgd_direct,src-4ad56b409556
madhya-pradesh,2008,141,23141,IN-S12-AC-2008-141,BHOJPUR,lgd_direct,src-4ad56b409556
madhya-pradesh,2008,142,23142,IN-S12-AC-2008-142,SANCHI (SC),lgd_direct,src-4ad56b409556
madhya-pradesh,2008,143,23143,IN-S12-AC-2008-143,SILWANI,lgd_direct,src-4ad56b409556
madhya-pradesh,2008,144,23144,IN-S12-AC-2008-144,VIDISHA,lgd_direct,src-4ad56b409556
madhya-pradesh,2008,145,23145,IN-S12-AC-2008-145,BASODA,lgd_direct,src-4ad56b409556
madhya-pradesh,2008,146,23146,IN-S12-AC-2008-146,KURWAI (SC),lgd_direct,src-4ad56b409556
madhya-pradesh,2008,147,23147,IN-S12-AC-2008-147,SIRONJ,lgd_direct,src-4ad56b409556
madhya-pradesh,2008,148,23148,IN-S12-AC-2008-148,SHAMSHABAD,lgd_direct,src-4ad56b409556
madhya-pradesh,2008,149,23149,IN-S12-AC-2008-149,BERASIA,lgd_direct,src-4ad56b409556
madhya-pradesh,2008,150,23150,IN-S12-AC-2008-150,BHOPAL UTTAR,lgd_direct,src-4ad56b409556
madhya-pradesh,2008,151,23151,IN-S12-AC-2008-151,NARELA,lgd_direct,src-4ad56b409556
madhya-pradesh,2008,152,23152,IN-S12-AC-2008-152,BHOPAL DAKSHINA-PASHCHIM,lgd_direct,src-4ad56b409556
madhya-pradesh,2008,153,23153,IN-S12-AC-2008-153,BHOPAL MADHYA,lgd_direct,src-4ad56b409556
madhya-pradesh,2008,154,23154,IN-S12-AC-2008-154,GOVINDPURA,lgd_direct,src-4ad56b409556
madhya-pradesh,2008,155,23155,IN-S12-AC-2008-155,HUZUR,lgd_direct,src-4ad56b409556
madhya-pradesh,2008,156,23156,IN-S12-AC-2008-156,BUDHNI,lgd_direct,src-4ad56b409556
madhya-pradesh,2008,157,23157,IN-S12-AC-2008-157,ASHTA,lgd_direct,src-4ad56b409556
madhya-pradesh,2008,158,23158,IN-S12-AC-2008-158,ICHHAWAR,lgd_direct,src-4ad56b409556
madhya-pradesh,2008,159,23159,IN-S12-AC-2008-159,SEHORE,lgd_direct,src-4ad56b409556
madhya-pradesh,2008,160,23160,IN-S12-AC-2008-160,NARSINGHGARH,lgd_direct,src-4ad56b409556
madhya-pradesh,2008,161,23161,IN-S12-AC-2008-161,BIAORA,lgd_direct,src-4ad56b409556
madhya-pradesh,2008,162,23162,IN-S12-AC-2008-162,RAJGARH,lgd_direct,src-4ad56b409556
madhya-pradesh,2008,163,23163,IN-S12-AC-2008-163,KHILCHIPUR,lgd_direct,src-4ad56b409556
madhya-pradesh,2008,164,23164,IN-S12-AC-2008-164,SARANGPUR,lgd_direct,src-4ad56b409556
madhya-pradesh,2008,165,23165,IN-S12-AC-2008-165,SUSNER,lgd_direct,src-4ad56b409556
madhya-pradesh,2008,166,23166,IN-S12-AC-2008-166,AGAR,lgd_direct,src-4ad56b409556
madhya-pradesh,2008,167,23167,IN-S12-AC-2008-167,SHAJAPUR,lgd_direct,src-4ad56b409556
madhya-pradesh,2008,168,23168,IN-S12-AC-2008-168,SHUJALPUR,lgd_direct,src-4ad56b409556
madhya-pradesh,2008,169,23169,IN-S12-AC-2008-169,KALAPIPAL,lgd_direct,src-4ad56b409556
madhya-pradesh,2008,170,23170,IN-S12-AC-2008-170,SONKATCH,lgd_direct,src-4ad56b409556
madhya-pradesh,2008,171,23171,IN-S12-AC-2008-171,DEWAS,lgd_direct,src-4ad56b409556
madhya-pradesh,2008,172,23172,IN-S12-AC-2008-172,HATPIPLIYA,lgd_direct,src-4ad56b409556
madhya-pradesh,2008,173,23173,IN-S12-AC-2008-173,KHATEGAON,lgd_direct,src-4ad56b409556
madhya-pradesh,2008,174,23174,IN-S12-AC-2008-174,BAGLI,lgd_direct,src-4ad56b409556
madhya-pradesh,2008,175,23175,IN-S12-AC-2008-175,MANDHATA,lgd_direct,src-4ad56b409556
madhya-pradesh,2008,176,23176,IN-S12-AC-2008-176,HARSUD,lgd_direct,src-4ad56b409556
madhya-pradesh,2008,177,23177,IN-S12-AC-2008-177,KHANDWA,lgd_direct,src-4ad56b409556
madhya-pradesh,2008,178,23178,IN-S12-AC-2008-178,PANDHANA,lgd_direct,src-4ad56b409556
madhya-pradesh,2008,179,23179,IN-S12-AC-2008-179,NEPANAGAR,lgd_direct,src-4ad56b409556
madhya-pradesh,2008,180,23180,IN-S12-AC-2008-180,BURHANPUR,lgd_direct,src-4ad56b409556
madhya-pradesh,2008,181,23181,IN-S12-AC-2008-181,BHIKANGAON,lgd_direct,src-4ad56b409556
madhya-pradesh,2008,182,23182,IN-S12-AC-2008-182,BADWAHA,lgd_direct,src-4ad56b409556
madhya-pradesh,2008,183,23183,IN-S12-AC-2008-183,MAHESHWAR,lgd_direct,src-4ad56b409556
madhya-pradesh,2008,184,23184,IN-S12-AC-2008-184,KASRAWAD,lgd_direct,src-4ad56b409556
madhya-pradesh,2008,185,23185,IN-S12-AC-2008-185,KHARGONE,lgd_direct,src-4ad56b409556
madhya-pradesh,2008,186,23186,IN-S12-AC-2008-186,BHAGWANPURA,lgd_direct,src-4ad56b409556
madhya-pradesh,2008,187,23187,IN-S12-AC-2008-187,SENDHWA (S.T.),lgd_direct,src-4ad56b409556
madhya-pradesh,2008,188,23188,IN-S12-AC-2008-188,RAJPUR (S.T.),lgd_direct,src-4ad56b409556
madhya-pradesh,2008,189,23189,IN-S12-AC-2008-189,PANSEMAL (S.T.),lgd_direct,src-4ad56b409556
madhya-pradesh,2008,190,23190,IN-S12-AC-2008-190,BARWANI (S.T.),lgd_direct,src-4ad56b409556
madhya-pradesh,2008,191,23191,IN-S12-AC-2008-191,ALIRAJPUR,lgd_direct,src-4ad56b409556
madhya-pradesh,2008,192,23192,IN-S12-AC-2008-192,JOBAT,lgd_direct,src-4ad56b409556
madhya-pradesh,2008,193,23193,IN-S12-AC-2008-193,JHABUA,lgd_direct,src-4ad56b409556
madhya-pradesh,2008,194,23194,IN-S12-AC-2008-194,THANDLA,lgd_direct,src-4ad56b409556
madhya-pradesh,2008,195,23195,IN-S12-AC-2008-195,PETLAWAD,lgd_direct,src-4ad56b409556
madhya-pradesh,2008,196,23196,IN-S12-AC-2008-196,SARDARPUR,lgd_direct,src-4ad56b409556
madhya-pradesh,2008,197,23197,IN-S12-AC-2008-197,GANDHWANI,lgd_direct,src-4ad56b409556
madhya-pradesh,2008,198,23198,IN-S12-AC-2008-198,KUKSHI,lgd_direct,src-4ad56b409556
madhya-pradesh,2008,199,23199,IN-S12-AC-2008-199,MANAWAR,lgd_direct,src-4ad56b409556
madhya-pradesh,2008,200,23200,IN-S12-AC-2008-200,DHARAMPURI,lgd_direct,src-4ad56b409556
madhya-pradesh,2008,201,23201,IN-S12-AC-2008-201,DHAR,lgd_direct,src-4ad56b409556
madhya-pradesh,2008,202,23202,IN-S12-AC-2008-202,BADNAWAR,lgd_direct,src-4ad56b409556
madhya-pradesh,2008,203,23203,IN-S12-AC-2008-203,DEPALPUR,lgd_direct,src-4ad56b409556
madhya-pradesh,2008,204,23204,IN-S12-AC-2008-204,INDORE-1,lgd_direct,src-4ad56b409556
madhya-pradesh,2008,205,,IN-S12-AC-2008-205,INDORE-2,unmapped,src-4ad56b409556
madhya-pradesh,2008,206,,IN-S12-AC-2008-206,INDORE-3,unmapped,src-4ad56b409556
madhya-pradesh,2008,207,,IN-S12-AC-2008-207,INDORE-4,unmapped,src-4ad56b409556
madhya-pradesh,2008,208,,IN-S12-AC-2008-208,INDORE-5,unmapped,src-4ad56b409556
madhya-pradesh,2008,209,23209,IN-S12-AC-2008-209,DR.AMBEDKAR NAGAR -MHOW,lgd_direct,src-4ad56b409556
madhya-pradesh,2008,210,23210,IN-S12-AC-2008-210,RAU,lgd_direct,src-4ad56b409556
madhya-pradesh,2008,211,23211,IN-S12-AC-2008-211,SANWER,lgd_direct,src-4ad56b409556
madhya-pradesh,2008,212,23212,IN-S12-AC-2008-212,NAGADA - KHACHAROD,lgd_direct,src-4ad56b409556
madhya-pradesh,2008,213,23213,IN-S12-AC-2008-213,MAHIDPUR,lgd_direct,src-4ad56b409556
madhya-pradesh,2008,214,23214,IN-S12-AC-2008-214,TARANA,lgd_direct,src-4ad56b409556
madhya-pradesh,2008,215,23215,IN-S12-AC-2008-215,GHATIYA,lgd_direct,src-4ad56b409556
madhya-pradesh,2008,216,23216,IN-S12-AC-2008-216,UJJAIN NORTH,lgd_direct,src-4ad56b409556
madhya-pradesh,2008,217,23217,IN-S12-AC-2008-217,UJJAIN SOUTH,lgd_direct,src-4ad56b409556
madhya-pradesh,2008,218,23218,IN-S12-AC-2008-218,BADNAGAR,lgd_direct,src-4ad56b409556
madhya-pradesh,2008,219,23219,IN-S12-AC-2008-219,RATLAM RURAL,lgd_direct,src-4ad56b409556
madhya-pradesh,2008,220,23220,IN-S12-AC-2008-220,RATLAM CITY,lgd_direct,src-4ad56b409556
madhya-pradesh,2008,221,23221,IN-S12-AC-2008-221,SAILANA,lgd_direct,src-4ad56b409556
madhya-pradesh,2008,222,23222,IN-S12-AC-2008-222,JAORA,lgd_direct,src-4ad56b409556
madhya-pradesh,2008,223,23223,IN-S12-AC-2008-223,ALOTE,lgd_direct,src-4ad56b409556
madhya-pradesh,2008,224,23224,IN-S12-AC-2008-224,MANDSOUR,lgd_direct,src-4ad56b409556
madhya-pradesh,2008,225,23225,IN-S12-AC-2008-225,MALHARGARH,lgd_direct,src-4ad56b409556
madhya-pradesh,2008,226,23226,IN-S12-AC-2008-226,SUWASRA,lgd_direct,src-4ad56b409556
madhya-pradesh,2008,227,23227,IN-S12-AC-2008-227,GAROTH,lgd_direct,src-4ad56b409556
madhya-pradesh,2008,228,23228,IN-S12-AC-2008-228,MANASA,lgd_direct,src-4ad56b409556
madhya-pradesh,2008,229,23229,IN-S12-AC-2008-229,NEEMUCH,lgd_direct,src-4ad56b409556
madhya-pradesh,2008,230,23230,IN-S12-AC-2008-230,JAWAD,lgd_direct,src-4ad56b409556
maharashtra,2008,1,27001,IN-S13-AC-2008-1,AKKALKUWA,lgd_direct,src-4ad56b409556
maharashtra,2008,2,27002,IN-S13-AC-2008-2,SHAHADA,lgd_direct,src-4ad56b409556
maharashtra,2008,3,27003,IN-S13-AC-2008-3,NANDURBAR,lgd_direct,src-4ad56b409556
maharashtra,2008,4,27004,IN-S13-AC-2008-4,NAWAPUR,lgd_direct,src-4ad56b409556
maharashtra,2008,5,27005,IN-S13-AC-2008-5,SAKRI,lgd_direct,src-4ad56b409556
maharashtra,2008,6,27006,IN-S13-AC-2008-6,DHULE RURAL,lgd_direct,src-4ad56b409556
maharashtra,2008,7,27007,IN-S13-AC-2008-7,DHULE CITY,lgd_direct,src-4ad56b409556
maharashtra,2008,8,27008,IN-S13-AC-2008-8,SINDKHEDA,lgd_direct,src-4ad56b409556
maharashtra,2008,9,27009,IN-S13-AC-2008-9,SHIRPUR,lgd_direct,src-4ad56b409556
maharashtra,2008,10,27010,IN-S13-AC-2008-10,CHOPDA,lgd_direct,src-4ad56b409556
maharashtra,2008,11,27011,IN-S13-AC-2008-11,RAVER,lgd_direct,src-4ad56b409556
maharashtra,2008,12,27012,IN-S13-AC-2008-12,BHUSAWAL,lgd_direct,src-4ad56b409556
maharashtra,2008,13,27013,IN-S13-AC-2008-13,JALGAON CITY,lgd_direct,src-4ad56b409556
maharashtra,2008,14,27014,IN-S13-AC-2008-14,JALGAON RURAL,lgd_direct,src-4ad56b409556
maharashtra,2008,15,27015,IN-S13-AC-2008-15,AMALNER,lgd_direct,src-4ad56b409556
maharashtra,2008,16,27016,IN-S13-AC-2008-16,ERANDOL,lgd_direct,src-4ad56b409556
maharashtra,2008,17,27017,IN-S13-AC-2008-17,CHALISGAON,lgd_direct,src-4ad56b409556
maharashtra,2008,18,27018,IN-S13-AC-2008-18,PACHORA,lgd_direct,src-4ad56b409556
maharashtra,2008,19,27019,IN-S13-AC-2008-19,JAMNER,lgd_direct,src-4ad56b409556
maharashtra,2008,20,27020,IN-S13-AC-2008-20,MUKTAINAGAR,lgd_direct,src-4ad56b409556
maharashtra,2008,21,27021,IN-S13-AC-2008-21,MALKAPUR,lgd_direct,src-4ad56b409556
maharashtra,2008,22,27022,IN-S13-AC-2008-22,BULDHANA,lgd_direct,src-4ad56b409556
maharashtra,2008,23,27023,IN-S13-AC-2008-23,CHIKHLI,lgd_direct,src-4ad56b409556
maharashtra,2008,24,27024,IN-S13-AC-2008-24,SINDKHED RAJA,lgd_direct,src-4ad56b409556
maharashtra,2008,25,27025,IN-S13-AC-2008-25,MEHKAR,lgd_direct,src-4ad56b409556
maharashtra,2008,26,27026,IN-S13-AC-2008-26,KHAMGAON,lgd_direct,src-4ad56b409556
maharashtra,2008,27,27027,IN-S13-AC-2008-27,JALGAON (JAMOD),lgd_direct,src-4ad56b409556
maharashtra,2008,28,27028,IN-S13-AC-2008-28,AKOT,lgd_direct,src-4ad56b409556
maharashtra,2008,29,27029,IN-S13-AC-2008-29,BALAPUR,lgd_direct,src-4ad56b409556
maharashtra,2008,30,27030,IN-S13-AC-2008-30,AKOLA WEST,lgd_direct,src-4ad56b409556
maharashtra,2008,31,27031,IN-S13-AC-2008-31,AKOLA EAST,lgd_direct,src-4ad56b409556
maharashtra,2008,32,27032,IN-S13-AC-2008-32,MURTIJAPUR,lgd_direct,src-4ad56b409556
maharashtra,2008,33,27033,IN-S13-AC-2008-33,RISOD,lgd_direct,src-4ad56b409556
maharashtra,2008,34,27034,IN-S13-AC-2008-34,WASHIM,lgd_direct,src-4ad56b409556
maharashtra,2008,35,27035,IN-S13-AC-2008-35,KARANJA,lgd_direct,src-4ad56b409556
maharashtra,2008,36,27036,IN-S13-AC-2008-36,DHAMAMGAON RAILWAY,lgd_direct,src-4ad56b409556
maharashtra,2008,37,27037,IN-S13-AC-2008-37,BADNERA,lgd_direct,src-4ad56b409556
maharashtra,2008,38,27038,IN-S13-AC-2008-38,AMRAVATI,lgd_direct,src-4ad56b409556
maharashtra,2008,39,27039,IN-S13-AC-2008-39,TEOSA,lgd_direct,src-4ad56b409556
maharashtra,2008,40,27040,IN-S13-AC-2008-40,DARYAPUR,lgd_direct,src-4ad56b409556
maharashtra,2008,41,27041,IN-S13-AC-2008-41,MELGHAT,lgd_direct,src-4ad56b409556
maharashtra,2008,42,27042,IN-S13-AC-2008-42,ACHALPUR,lgd_direct,src-4ad56b409556
maharashtra,2008,43,27043,IN-S13-AC-2008-43,MORSHI,lgd_direct,src-4ad56b409556
maharashtra,2008,44,27044,IN-S13-AC-2008-44,ARVI,lgd_direct,src-4ad56b409556
maharashtra,2008,45,27045,IN-S13-AC-2008-45,DEOLI,lgd_direct,src-4ad56b409556
maharashtra,2008,46,27046,IN-S13-AC-2008-46,HINGANGHAT,lgd_direct,src-4ad56b409556
maharashtra,2008,47,27047,IN-S13-AC-2008-47,WARDHA,lgd_direct,src-4ad56b409556
maharashtra,2008,48,27048,IN-S13-AC-2008-48,KATOL,lgd_direct,src-4ad56b409556
maharashtra,2008,49,27049,IN-S13-AC-2008-49,SAVNER,lgd_direct,src-4ad56b409556
maharashtra,2008,50,27050,IN-S13-AC-2008-50,HINGNA,lgd_direct,src-4ad56b409556
maharashtra,2008,51,27051,IN-S13-AC-2008-51,UMRED,lgd_direct,src-4ad56b409556
maharashtra,2008,52,27052,IN-S13-AC-2008-52,NAGPUR SOUTH WEST,lgd_direct,src-4ad56b409556
maharashtra,2008,53,27053,IN-S13-AC-2008-53,NAGPUR SOUTH,lgd_direct,src-4ad56b409556
maharashtra,2008,54,27054,IN-S13-AC-2008-54,NAGPUR EAST,lgd_direct,src-4ad56b409556
maharashtra,2008,55,27055,IN-S13-AC-2008-55,NAGPUR CENTRAL,lgd_direct,src-4ad56b409556
maharashtra,2008,56,27056,IN-S13-AC-2008-56,NAGPUR WEST,lgd_direct,src-4ad56b409556
maharashtra,2008,57,27057,IN-S13-AC-2008-57,NAGPUR NORTH,lgd_direct,src-4ad56b409556
maharashtra,2008,58,27058,IN-S13-AC-2008-58,KAMTHI,lgd_direct,src-4ad56b409556
maharashtra,2008,59,27059,IN-S13-AC-2008-59,RAMTEK,lgd_direct,src-4ad56b409556
maharashtra,2008,60,27060,IN-S13-AC-2008-60,TUMSAR,lgd_direct,src-4ad56b409556
maharashtra,2008,61,27061,IN-S13-AC-2008-61,BHANDARA,lgd_direct,src-4ad56b409556
maharashtra,2008,62,27062,IN-S13-AC-2008-62,SAKOLI,lgd_direct,src-4ad56b409556
maharashtra,2008,63,27063,IN-S13-AC-2008-63,ARJUNI-MORGAON,lgd_direct,src-4ad56b409556
maharashtra,2008,64,27064,IN-S13-AC-2008-64,TIRORA,lgd_direct,src-4ad56b409556
maharashtra,2008,65,27065,IN-S13-AC-2008-65,GONDIYA,lgd_direct,src-4ad56b409556
maharashtra,2008,66,27066,IN-S13-AC-2008-66,AMGAON,lgd_direct,src-4ad56b409556
maharashtra,2008,67,27067,IN-S13-AC-2008-67,ARMORI,lgd_direct,src-4ad56b409556
maharashtra,2008,68,27068,IN-S13-AC-2008-68,GADCHIROLI,lgd_direct,src-4ad56b409556
maharashtra,2008,69,27069,IN-S13-AC-2008-69,AHERI,lgd_direct,src-4ad56b409556
maharashtra,2008,70,27070,IN-S13-AC-2008-70,RAJURA,lgd_direct,src-4ad56b409556
maharashtra,2008,71,27071,IN-S13-AC-2008-71,CHANDRAPUR,lgd_direct,src-4ad56b409556
maharashtra,2008,72,27072,IN-S13-AC-2008-72,BALLARPUR,lgd_direct,src-4ad56b409556
maharashtra,2008,73,27073,IN-S13-AC-2008-73,BRAHMAPURI,lgd_direct,src-4ad56b409556
maharashtra,2008,74,27074,IN-S13-AC-2008-74,CHIMUR,lgd_direct,src-4ad56b409556
maharashtra,2008,75,27075,IN-S13-AC-2008-75,WARORA,lgd_direct,src-4ad56b409556
maharashtra,2008,76,27076,IN-S13-AC-2008-76,WANI,lgd_direct,src-4ad56b409556
maharashtra,2008,77,27077,IN-S13-AC-2008-77,RALEGAON,lgd_direct,src-4ad56b409556
maharashtra,2008,78,27078,IN-S13-AC-2008-78,YAVATMAL,lgd_direct,src-4ad56b409556
maharashtra,2008,79,27079,IN-S13-AC-2008-79,DIGRAS,lgd_direct,src-4ad56b409556
maharashtra,2008,80,27080,IN-S13-AC-2008-80,ARNI,lgd_direct,src-4ad56b409556
maharashtra,2008,81,27081,IN-S13-AC-2008-81,PUSAD,lgd_direct,src-4ad56b409556
maharashtra,2008,82,27082,IN-S13-AC-2008-82,UMARKHED,lgd_direct,src-4ad56b409556
maharashtra,2008,83,27083,IN-S13-AC-2008-83,KINWAT,lgd_direct,src-4ad56b409556
maharashtra,2008,84,27084,IN-S13-AC-2008-84,HADGAON,lgd_direct,src-4ad56b409556
maharashtra,2008,85,27085,IN-S13-AC-2008-85,BHOKAR,lgd_direct,src-4ad56b409556
maharashtra,2008,86,27086,IN-S13-AC-2008-86,NANDED NORTH,lgd_direct,src-4ad56b409556
maharashtra,2008,87,27087,IN-S13-AC-2008-87,NANDED SOUTH,lgd_direct,src-4ad56b409556
maharashtra,2008,88,27088,IN-S13-AC-2008-88,LOHA,lgd_direct,src-4ad56b409556
maharashtra,2008,89,27089,IN-S13-AC-2008-89,NAIGAON,lgd_direct,src-4ad56b409556
maharashtra,2008,90,27090,IN-S13-AC-2008-90,DEGLUR,lgd_direct,src-4ad56b409556
maharashtra,2008,91,27091,IN-S13-AC-2008-91,MUKHED,lgd_direct,src-4ad56b409556
maharashtra,2008,92,27092,IN-S13-AC-2008-92,BASMATH,lgd_direct,src-4ad56b409556
maharashtra,2008,93,27093,IN-S13-AC-2008-93,KALAMNURI,lgd_direct,src-4ad56b409556
maharashtra,2008,94,27094,IN-S13-AC-2008-94,HINGOLI,lgd_direct,src-4ad56b409556
maharashtra,2008,95,27095,IN-S13-AC-2008-95,JINTUR,lgd_direct,src-4ad56b409556
maharashtra,2008,96,27096,IN-S13-AC-2008-96,PARBHANI,lgd_direct,src-4ad56b409556
maharashtra,2008,97,27097,IN-S13-AC-2008-97,GANGAKHED,lgd_direct,src-4ad56b409556
maharashtra,2008,98,27098,IN-S13-AC-2008-98,PATHRI,lgd_direct,src-4ad56b409556
maharashtra,2008,99,27099,IN-S13-AC-2008-99,PARTUR,lgd_direct,src-4ad56b409556
maharashtra,2008,100,27100,IN-S13-AC-2008-100,GHANSAWANGI,lgd_direct,src-4ad56b409556
maharashtra,2008,101,27101,IN-S13-AC-2008-101,JALNA,lgd_direct,src-4ad56b409556
maharashtra,2008,102,27102,IN-S13-AC-2008-102,BADNAPUR,lgd_direct,src-4ad56b409556
maharashtra,2008,103,27103,IN-S13-AC-2008-103,BHOKARDAN,lgd_direct,src-4ad56b409556
maharashtra,2008,104,27104,IN-S13-AC-2008-104,SILLOD,lgd_direct,src-4ad56b409556
maharashtra,2008,105,27105,IN-S13-AC-2008-105,KANNAD,lgd_direct,src-4ad56b409556
maharashtra,2008,106,27106,IN-S13-AC-2008-106,PHULAMBRI,lgd_direct,src-4ad56b409556
maharashtra,2008,107,27107,IN-S13-AC-2008-107,AURANGABAD CENTRAL,lgd_direct,src-4ad56b409556
maharashtra,2008,108,27108,IN-S13-AC-2008-108,AURANGABAD WEST,lgd_direct,src-4ad56b409556
maharashtra,2008,109,27109,IN-S13-AC-2008-109,AURANGABAD EAST,lgd_direct,src-4ad56b409556
maharashtra,2008,110,27110,IN-S13-AC-2008-110,PAITHAN,lgd_direct,src-4ad56b409556
maharashtra,2008,111,27111,IN-S13-AC-2008-111,GANGAPUR,lgd_direct,src-4ad56b409556
maharashtra,2008,112,27112,IN-S13-AC-2008-112,VAIJAPUR,lgd_direct,src-4ad56b409556
maharashtra,2008,113,27113,IN-S13-AC-2008-113,NANDGAON,lgd_direct,src-4ad56b409556
maharashtra,2008,114,27114,IN-S13-AC-2008-114,MALEGAON CENTRAL,lgd_direct,src-4ad56b409556
maharashtra,2008,115,27115,IN-S13-AC-2008-115,MALEGAON OUTER,lgd_direct,src-4ad56b409556
maharashtra,2008,116,27116,IN-S13-AC-2008-116,BAGLAN,lgd_direct,src-4ad56b409556
maharashtra,2008,117,27117,IN-S13-AC-2008-117,KALWAN,lgd_direct,src-4ad56b409556
maharashtra,2008,118,27118,IN-S13-AC-2008-118,CHANDVAD,lgd_direct,src-4ad56b409556
maharashtra,2008,119,27119,IN-S13-AC-2008-119,YEVLA,lgd_direct,src-4ad56b409556
maharashtra,2008,120,27120,IN-S13-AC-2008-120,SINNAR,lgd_direct,src-4ad56b409556
maharashtra,2008,121,27121,IN-S13-AC-2008-121,NIPHAD,lgd_direct,src-4ad56b409556
maharashtra,2008,122,27122,IN-S13-AC-2008-122,DINDORI,lgd_direct,src-4ad56b409556
maharashtra,2008,123,27123,IN-S13-AC-2008-123,NASHIK EAST,lgd_direct,src-4ad56b409556
maharashtra,2008,124,27124,IN-S13-AC-2008-124,NASHIK CENTRAL,lgd_direct,src-4ad56b409556
maharashtra,2008,125,27125,IN-S13-AC-2008-125,NASHIK WEST,lgd_direct,src-4ad56b409556
maharashtra,2008,126,27126,IN-S13-AC-2008-126,DEVLALI,lgd_direct,src-4ad56b409556
maharashtra,2008,127,27127,IN-S13-AC-2008-127,IGATPURI,lgd_direct,src-4ad56b409556
maharashtra,2008,128,27128,IN-S13-AC-2008-128,DAHANU,lgd_direct,src-4ad56b409556
maharashtra,2008,129,27129,IN-S13-AC-2008-129,VIKRAMGAD,lgd_direct,src-4ad56b409556
maharashtra,2008,130,27130,IN-S13-AC-2008-130,PALGHAR,lgd_direct,src-4ad56b409556
maharashtra,2008,131,27131,IN-S13-AC-2008-131,BOISAR,lgd_direct,src-4ad56b409556
maharashtra,2008,132,27132,IN-S13-AC-2008-132,NALASOPARA,lgd_direct,src-4ad56b409556
maharashtra,2008,133,27133,IN-S13-AC-2008-133,VASAI,lgd_direct,src-4ad56b409556
maharashtra,2008,134,27134,IN-S13-AC-2008-134,BHIWANDI RURAL,lgd_direct,src-4ad56b409556
maharashtra,2008,135,27135,IN-S13-AC-2008-135,SHAHAPUR,lgd_direct,src-4ad56b409556
maharashtra,2008,136,27136,IN-S13-AC-2008-136,BHIWANDI WEST,lgd_direct,src-4ad56b409556
maharashtra,2008,137,27137,IN-S13-AC-2008-137,BHIWANDI EAST,lgd_direct,src-4ad56b409556
maharashtra,2008,138,27138,IN-S13-AC-2008-138,KALYAN WEST,lgd_direct,src-4ad56b409556
maharashtra,2008,139,27139,IN-S13-AC-2008-139,MURBAD,lgd_direct,src-4ad56b409556
maharashtra,2008,140,27140,IN-S13-AC-2008-140,AMBERNATH,lgd_direct,src-4ad56b409556
maharashtra,2008,141,27141,IN-S13-AC-2008-141,ULHAS NAGAR,lgd_direct,src-4ad56b409556
maharashtra,2008,142,27142,IN-S13-AC-2008-142,KALYAN EAST,lgd_direct,src-4ad56b409556
maharashtra,2008,143,27143,IN-S13-AC-2008-143,DOMBIVALI,lgd_direct,src-4ad56b409556
maharashtra,2008,144,27144,IN-S13-AC-2008-144,KALYAN RURAL,lgd_direct,src-4ad56b409556
maharashtra,2008,145,27145,IN-S13-AC-2008-145,MIRA BHAYANDAR,lgd_direct,src-4ad56b409556
maharashtra,2008,146,27146,IN-S13-AC-2008-146,OVALA - MAJIWADA,lgd_direct,src-4ad56b409556
maharashtra,2008,147,27147,IN-S13-AC-2008-147,KOPRI-PACHPAKHADI,lgd_direct,src-4ad56b409556
maharashtra,2008,148,27148,IN-S13-AC-2008-148,THANE,lgd_direct,src-4ad56b409556
maharashtra,2008,149,27149,IN-S13-AC-2008-149,MUMBRA-KALWA,lgd_direct,src-4ad56b409556
maharashtra,2008,150,27150,IN-S13-AC-2008-150,AIROLI,lgd_direct,src-4ad56b409556
maharashtra,2008,151,27151,IN-S13-AC-2008-151,BELAPUR,lgd_direct,src-4ad56b409556
maharashtra,2008,152,27152,IN-S13-AC-2008-152,BORIVALI,lgd_direct,src-4ad56b409556
maharashtra,2008,153,27153,IN-S13-AC-2008-153,DAHISAR,lgd_direct,src-4ad56b409556
maharashtra,2008,154,27154,IN-S13-AC-2008-154,MAGATHANE,lgd_direct,src-4ad56b409556
maharashtra,2008,155,27155,IN-S13-AC-2008-155,MULUND,lgd_direct,src-4ad56b409556
maharashtra,2008,156,27156,IN-S13-AC-2008-156,VIKHROLI,lgd_direct,src-4ad56b409556
maharashtra,2008,157,27157,IN-S13-AC-2008-157,BHANDUP WEST,lgd_direct,src-4ad56b409556
maharashtra,2008,158,27158,IN-S13-AC-2008-158,JOGESHWARI EAST,lgd_direct,src-4ad56b409556
maharashtra,2008,159,27159,IN-S13-AC-2008-159,DINDOSHI,lgd_direct,src-4ad56b409556
maharashtra,2008,160,27160,IN-S13-AC-2008-160,KANDIVALI EAST,lgd_direct,src-4ad56b409556
maharashtra,2008,161,27161,IN-S13-AC-2008-161,CHARKOP,lgd_direct,src-4ad56b409556
maharashtra,2008,162,27162,IN-S13-AC-2008-162,MALAD WEST,lgd_direct,src-4ad56b409556
maharashtra,2008,163,27163,IN-S13-AC-2008-163,GOREGAON,lgd_direct,src-4ad56b409556
maharashtra,2008,164,27164,IN-S13-AC-2008-164,VERSOVA,lgd_direct,src-4ad56b409556
maharashtra,2008,165,27165,IN-S13-AC-2008-165,ANDHERI WEST,lgd_direct,src-4ad56b409556
maharashtra,2008,166,27166,IN-S13-AC-2008-166,ANDHERI EAST,lgd_direct,src-4ad56b409556
maharashtra,2008,167,27167,IN-S13-AC-2008-167,VILE PARLE,lgd_direct,src-4ad56b409556
maharashtra,2008,168,27168,IN-S13-AC-2008-168,CHANDIVALI,lgd_direct,src-4ad56b409556
maharashtra,2008,169,27169,IN-S13-AC-2008-169,GHATKOPAR WEST,lgd_direct,src-4ad56b409556
maharashtra,2008,170,27170,IN-S13-AC-2008-170,GHATKOPAR EAST,lgd_direct,src-4ad56b409556
maharashtra,2008,171,27171,IN-S13-AC-2008-171,MANKHURD SHIVAJI NAGAR,lgd_direct,src-4ad56b409556
maharashtra,2008,172,27172,IN-S13-AC-2008-172,ANUSHAKTI NAGAR,lgd_direct,src-4ad56b409556
maharashtra,2008,173,27173,IN-S13-AC-2008-173,CHEMBUR,lgd_direct,src-4ad56b409556
maharashtra,2008,174,27174,IN-S13-AC-2008-174,KURLA,lgd_direct,src-4ad56b409556
maharashtra,2008,175,27175,IN-S13-AC-2008-175,KALINA,lgd_direct,src-4ad56b409556
maharashtra,2008,176,27176,IN-S13-AC-2008-176,VANDRE EAST,lgd_direct,src-4ad56b409556
maharashtra,2008,177,27177,IN-S13-AC-2008-177,VANDRE WEST,lgd_direct,src-4ad56b409556
maharashtra,2008,178,27178,IN-S13-AC-2008-178,DHARAVI,lgd_direct,src-4ad56b409556
maharashtra,2008,179,27179,IN-S13-AC-2008-179,SION KOLIWADA,lgd_direct,src-4ad56b409556
maharashtra,2008,180,27180,IN-S13-AC-2008-180,WADALA,lgd_direct,src-4ad56b409556
maharashtra,2008,181,27181,IN-S13-AC-2008-181,MAHIM,lgd_direct,src-4ad56b409556
maharashtra,2008,182,27182,IN-S13-AC-2008-182,WORLI,lgd_direct,src-4ad56b409556
maharashtra,2008,183,27183,IN-S13-AC-2008-183,SHIVADI,lgd_direct,src-4ad56b409556
maharashtra,2008,184,27184,IN-S13-AC-2008-184,BYCULLA,lgd_direct,src-4ad56b409556
maharashtra,2008,185,27185,IN-S13-AC-2008-185,MALABAR HILL,lgd_direct,src-4ad56b409556
maharashtra,2008,186,27186,IN-S13-AC-2008-186,MUMBA DEVI,lgd_direct,src-4ad56b409556
maharashtra,2008,187,27187,IN-S13-AC-2008-187,COLABA,lgd_direct,src-4ad56b409556
maharashtra,2008,188,27188,IN-S13-AC-2008-188,PANVEL,lgd_direct,src-4ad56b409556
maharashtra,2008,189,27189,IN-S13-AC-2008-189,KARJAT,lgd_direct,src-4ad56b409556
maharashtra,2008,190,27190,IN-S13-AC-2008-190,URAN,lgd_direct,src-4ad56b409556
maharashtra,2008,191,27191,IN-S13-AC-2008-191,PEN,lgd_direct,src-4ad56b409556
maharashtra,2008,192,27192,IN-S13-AC-2008-192,ALIBAG,lgd_direct,src-4ad56b409556
maharashtra,2008,193,27193,IN-S13-AC-2008-193,SHRIVARDHAN,lgd_direct,src-4ad56b409556
maharashtra,2008,194,27194,IN-S13-AC-2008-194,MAHAD,lgd_direct,src-4ad56b409556
maharashtra,2008,195,27195,IN-S13-AC-2008-195,JUNNAR,lgd_direct,src-4ad56b409556
maharashtra,2008,196,27196,IN-S13-AC-2008-196,AMBEGAON,lgd_direct,src-4ad56b409556
maharashtra,2008,197,27197,IN-S13-AC-2008-197,KHED ALANDI,lgd_direct,src-4ad56b409556
maharashtra,2008,198,27198,IN-S13-AC-2008-198,SHIRUR,lgd_direct,src-4ad56b409556
maharashtra,2008,199,27199,IN-S13-AC-2008-199,DAUND,lgd_direct,src-4ad56b409556
maharashtra,2008,200,27200,IN-S13-AC-2008-200,INDAPUR,lgd_direct,src-4ad56b409556
maharashtra,2008,201,27201,IN-S13-AC-2008-201,BARAMATI,lgd_direct,src-4ad56b409556
maharashtra,2008,202,27202,IN-S13-AC-2008-202,PURANDAR,lgd_direct,src-4ad56b409556
maharashtra,2008,203,27203,IN-S13-AC-2008-203,BHOR,lgd_direct,src-4ad56b409556
maharashtra,2008,204,27204,IN-S13-AC-2008-204,MAVAL,lgd_direct,src-4ad56b409556
maharashtra,2008,205,27205,IN-S13-AC-2008-205,CHINCHWAD,lgd_direct,src-4ad56b409556
maharashtra,2008,206,27206,IN-S13-AC-2008-206,PIMPRI,lgd_direct,src-4ad56b409556
maharashtra,2008,207,27207,IN-S13-AC-2008-207,BHOSARI,lgd_direct,src-4ad56b409556
maharashtra,2008,208,27208,IN-S13-AC-2008-208,VADGAOL SHERI,lgd_direct,src-4ad56b409556
maharashtra,2008,209,27209,IN-S13-AC-2008-209,SHIVAJINAGAR,lgd_direct,src-4ad56b409556
maharashtra,2008,210,27210,IN-S13-AC-2008-210,KOTHRUD,lgd_direct,src-4ad56b409556
maharashtra,2008,211,27211,IN-S13-AC-2008-211,KHADAKWASALA,lgd_direct,src-4ad56b409556
maharashtra,2008,212,27212,IN-S13-AC-2008-212,PARVATI,lgd_direct,src-4ad56b409556
maharashtra,2008,213,27213,IN-S13-AC-2008-213,HADAPSAR,lgd_direct,src-4ad56b409556
maharashtra,2008,214,27214,IN-S13-AC-2008-214,PUNE CANTONMENT,lgd_direct,src-4ad56b409556
maharashtra,2008,215,27215,IN-S13-AC-2008-215,KASBA PETH,lgd_direct,src-4ad56b409556
maharashtra,2008,216,27216,IN-S13-AC-2008-216,AKOLE,lgd_direct,src-4ad56b409556
maharashtra,2008,217,27217,IN-S13-AC-2008-217,SANGAMNER,lgd_direct,src-4ad56b409556
maharashtra,2008,218,27218,IN-S13-AC-2008-218,SHIRDI,lgd_direct,src-4ad56b409556
maharashtra,2008,219,27219,IN-S13-AC-2008-219,KOPARGAON,lgd_direct,src-4ad56b409556
maharashtra,2008,220,27220,IN-S13-AC-2008-220,SHRIRAMPUR,lgd_direct,src-4ad56b409556
maharashtra,2008,221,27221,IN-S13-AC-2008-221,NEVASA,lgd_direct,src-4ad56b409556
maharashtra,2008,222,27222,IN-S13-AC-2008-222,SHEVGAON,lgd_direct,src-4ad56b409556
maharashtra,2008,223,27223,IN-S13-AC-2008-223,RAHURI,lgd_direct,src-4ad56b409556
maharashtra,2008,224,27224,IN-S13-AC-2008-224,PARNER,lgd_direct,src-4ad56b409556
maharashtra,2008,225,27225,IN-S13-AC-2008-225,AHMEDNAGAR CITY,lgd_direct,src-4ad56b409556
maharashtra,2008,226,27226,IN-S13-AC-2008-226,SHRIGONDA,lgd_direct,src-4ad56b409556
maharashtra,2008,227,27227,IN-S13-AC-2008-227,KARJAT JAMKHED,lgd_direct,src-4ad56b409556
maharashtra,2008,228,27228,IN-S13-AC-2008-228,GEORAI,lgd_direct,src-4ad56b409556
maharashtra,2008,229,27229,IN-S13-AC-2008-229,MAJALGAON,lgd_direct,src-4ad56b409556
maharashtra,2008,230,27230,IN-S13-AC-2008-230,BEED,lgd_direct,src-4ad56b409556
maharashtra,2008,231,27231,IN-S13-AC-2008-231,ASHTI,lgd_direct,src-4ad56b409556
maharashtra,2008,232,27232,IN-S13-AC-2008-232,KAIJ,lgd_direct,src-4ad56b409556
maharashtra,2008,233,27233,IN-S13-AC-2008-233,PARLI,lgd_direct,src-4ad56b409556
maharashtra,2008,234,27234,IN-S13-AC-2008-234,LATUR RURAL,lgd_direct,src-4ad56b409556
maharashtra,2008,235,27235,IN-S13-AC-2008-235,LATUR CITY,lgd_direct,src-4ad56b409556
maharashtra,2008,236,27236,IN-S13-AC-2008-236,AHMADPUR,lgd_direct,src-4ad56b409556
maharashtra,2008,237,27237,IN-S13-AC-2008-237,UDGIR,lgd_direct,src-4ad56b409556
maharashtra,2008,238,27238,IN-S13-AC-2008-238,NILANGA,lgd_direct,src-4ad56b409556
maharashtra,2008,239,27239,IN-S13-AC-2008-239,AUSA,lgd_direct,src-4ad56b409556
maharashtra,2008,240,27240,IN-S13-AC-2008-240,UMARGA,lgd_direct,src-4ad56b409556
maharashtra,2008,241,27241,IN-S13-AC-2008-241,TULJAPUR,lgd_direct,src-4ad56b409556
maharashtra,2008,242,27242,IN-S13-AC-2008-242,OSMANABAD,lgd_direct,src-4ad56b409556
maharashtra,2008,243,27243,IN-S13-AC-2008-243,PARANDA,lgd_direct,src-4ad56b409556
maharashtra,2008,244,27244,IN-S13-AC-2008-244,KARMALA,lgd_direct,src-4ad56b409556
maharashtra,2008,245,27245,IN-S13-AC-2008-245,MADHA,lgd_direct,src-4ad56b409556
maharashtra,2008,246,27246,IN-S13-AC-2008-246,BARSHI,lgd_direct,src-4ad56b409556
maharashtra,2008,247,27247,IN-S13-AC-2008-247,MOHOL,lgd_direct,src-4ad56b409556
maharashtra,2008,248,27248,IN-S13-AC-2008-248,SOLAPUR CITY NORTH,lgd_direct,src-4ad56b409556
maharashtra,2008,249,27249,IN-S13-AC-2008-249,SOLAPUR CITY CENTRAL,lgd_direct,src-4ad56b409556
maharashtra,2008,250,27250,IN-S13-AC-2008-250,AKKALKOT,lgd_direct,src-4ad56b409556
maharashtra,2008,251,27251,IN-S13-AC-2008-251,SOLAPUR SOUTH,lgd_direct,src-4ad56b409556
maharashtra,2008,252,27252,IN-S13-AC-2008-252,PANDHARPUR,lgd_direct,src-4ad56b409556
maharashtra,2008,253,27253,IN-S13-AC-2008-253,SANGOLE,lgd_direct,src-4ad56b409556
maharashtra,2008,254,27254,IN-S13-AC-2008-254,MALSHIRAS,lgd_direct,src-4ad56b409556
maharashtra,2008,255,27255,IN-S13-AC-2008-255,PHALTAN,lgd_direct,src-4ad56b409556
maharashtra,2008,256,27256,IN-S13-AC-2008-256,WAI,lgd_direct,src-4ad56b409556
maharashtra,2008,257,27257,IN-S13-AC-2008-257,KOREGAON,lgd_direct,src-4ad56b409556
maharashtra,2008,258,27258,IN-S13-AC-2008-258,MAN,lgd_direct,src-4ad56b409556
maharashtra,2008,259,27259,IN-S13-AC-2008-259,KARAD NORTH,lgd_direct,src-4ad56b409556
maharashtra,2008,260,27260,IN-S13-AC-2008-260,KARAD SOUTH,lgd_direct,src-4ad56b409556
maharashtra,2008,261,27261,IN-S13-AC-2008-261,PATAN,lgd_direct,src-4ad56b409556
maharashtra,2008,262,27262,IN-S13-AC-2008-262,SATARA,lgd_direct,src-4ad56b409556
maharashtra,2008,263,27263,IN-S13-AC-2008-263,DAPOLI,lgd_direct,src-4ad56b409556
maharashtra,2008,264,27264,IN-S13-AC-2008-264,GUHAGAR,lgd_direct,src-4ad56b409556
maharashtra,2008,265,27265,IN-S13-AC-2008-265,CHIPLUN,lgd_direct,src-4ad56b409556
maharashtra,2008,266,27266,IN-S13-AC-2008-266,RATNAGIRI,lgd_direct,src-4ad56b409556
maharashtra,2008,267,27267,IN-S13-AC-2008-267,RAJAPUR,lgd_direct,src-4ad56b409556
maharashtra,2008,268,27268,IN-S13-AC-2008-268,KANKAVLI,lgd_direct,src-4ad56b409556
maharashtra,2008,269,27269,IN-S13-AC-2008-269,KUDAL,lgd_direct,src-4ad56b409556
maharashtra,2008,270,27270,IN-S13-AC-2008-270,SAWANTWADI,lgd_direct,src-4ad56b409556
maharashtra,2008,271,27271,IN-S13-AC-2008-271,CHANDGAD,lgd_direct,src-4ad56b409556
maharashtra,2008,272,27272,IN-S13-AC-2008-272,RADHANAGARI,lgd_direct,src-4ad56b409556
maharashtra,2008,273,27273,IN-S13-AC-2008-273,KAGAL,lgd_direct,src-4ad56b409556
maharashtra,2008,274,27274,IN-S13-AC-2008-274,KOLHAPUR SOUTH,lgd_direct,src-4ad56b409556
maharashtra,2008,275,27275,IN-S13-AC-2008-275,KARVIR,lgd_direct,src-4ad56b409556
maharashtra,2008,276,27276,IN-S13-AC-2008-276,KOLHAPUR NORTH,lgd_direct,src-4ad56b409556
maharashtra,2008,277,27277,IN-S13-AC-2008-277,SHAHUWADI,lgd_direct,src-4ad56b409556
maharashtra,2008,278,27278,IN-S13-AC-2008-278,HATKANANGLE,lgd_direct,src-4ad56b409556
maharashtra,2008,279,27279,IN-S13-AC-2008-279,ICHALKARANJI,lgd_direct,src-4ad56b409556
maharashtra,2008,280,27280,IN-S13-AC-2008-280,SHIROL,lgd_direct,src-4ad56b409556
maharashtra,2008,281,27281,IN-S13-AC-2008-281,MIRAJ,lgd_direct,src-4ad56b409556
maharashtra,2008,282,27282,IN-S13-AC-2008-282,SANGLI,lgd_direct,src-4ad56b409556
maharashtra,2008,283,27283,IN-S13-AC-2008-283,ISLAMPUR,lgd_direct,src-4ad56b409556
maharashtra,2008,284,27284,IN-S13-AC-2008-284,SHIRALA,lgd_direct,src-4ad56b409556
maharashtra,2008,285,27285,IN-S13-AC-2008-285,PALUS-KADEGAON,lgd_direct,src-4ad56b409556
maharashtra,2008,286,27286,IN-S13-AC-2008-286,KHANAPUR,lgd_direct,src-4ad56b409556
maharashtra,2008,287,27287,IN-S13-AC-2008-287,TASGAON - KAVATHE MAHANKAL,lgd_direct,src-4ad56b409556
maharashtra,2008,288,27288,IN-S13-AC-2008-288,JAT,lgd_direct,src-4ad56b409556
manipur,2008,1,14001,IN-S14-AC-2008-1,KHUNDRAKPAM,lgd_direct,src-4ad56b409556
manipur,2008,2,14002,IN-S14-AC-2008-2,HEINGANG,lgd_direct,src-4ad56b409556
manipur,2008,3,14003,IN-S14-AC-2008-3,KHURAI,lgd_direct,src-4ad56b409556
manipur,2008,4,14004,IN-S14-AC-2008-4,KSHETRIGAO,lgd_direct,src-4ad56b409556
manipur,2008,5,14005,IN-S14-AC-2008-5,THONGJU,lgd_direct,src-4ad56b409556
manipur,2008,6,14006,IN-S14-AC-2008-6,KEIRAO,lgd_direct,src-4ad56b409556
manipur,2008,7,14007,IN-S14-AC-2008-7,ANDRO,lgd_direct,src-4ad56b409556
manipur,2008,8,14008,IN-S14-AC-2008-8,LAMLAI,lgd_direct,src-4ad56b409556
manipur,2008,9,14009,IN-S14-AC-2008-9,THANGMEIBAND,lgd_direct,src-4ad56b409556
manipur,2008,10,14010,IN-S14-AC-2008-10,URIPOK,lgd_direct,src-4ad56b409556
manipur,2008,11,14011,IN-S14-AC-2008-11,SAGOLBAND,lgd_direct,src-4ad56b409556
manipur,2008,12,14012,IN-S14-AC-2008-12,KEISHAMTHONG,lgd_direct,src-4ad56b409556
manipur,2008,13,14013,IN-S14-AC-2008-13,SINGJAMEI,lgd_direct,src-4ad56b409556
manipur,2008,14,14014,IN-S14-AC-2008-14,YAISKUL,lgd_direct,src-4ad56b409556
manipur,2008,15,14015,IN-S14-AC-2008-15,WANGKHEI,lgd_direct,src-4ad56b409556
manipur,2008,16,14016,IN-S14-AC-2008-16,SEKMAI,lgd_direct,src-4ad56b409556
manipur,2008,17,14017,IN-S14-AC-2008-17,LAMSANG,lgd_direct,src-4ad56b409556
manipur,2008,18,14018,IN-S14-AC-2008-18,KONTHOUJAM,lgd_direct,src-4ad56b409556
manipur,2008,19,14019,IN-S14-AC-2008-19,PATSOI,lgd_direct,src-4ad56b409556
manipur,2008,20,14020,IN-S14-AC-2008-20,LANGTHABAL,lgd_direct,src-4ad56b409556
manipur,2008,21,14021,IN-S14-AC-2008-21,NAORIYA PAKHANGLAKPA,lgd_direct,src-4ad56b409556
manipur,2008,22,14022,IN-S14-AC-2008-22,WANGOI,lgd_direct,src-4ad56b409556
manipur,2008,23,14023,IN-S14-AC-2008-23,MAYANG IMPHAL,lgd_direct,src-4ad56b409556
manipur,2008,24,14024,IN-S14-AC-2008-24,NAMBOL,lgd_direct,src-4ad56b409556
manipur,2008,25,14025,IN-S14-AC-2008-25,OINAM,lgd_direct,src-4ad56b409556
manipur,2008,26,14026,IN-S14-AC-2008-26,BISHNUPUR,lgd_direct,src-4ad56b409556
manipur,2008,27,14027,IN-S14-AC-2008-27,MOIRANG,lgd_direct,src-4ad56b409556
manipur,2008,28,14028,IN-S14-AC-2008-28,THANGA,lgd_direct,src-4ad56b409556
manipur,2008,29,14029,IN-S14-AC-2008-29,KUMBI,lgd_direct,src-4ad56b409556
manipur,2008,30,14030,IN-S14-AC-2008-30,LILONG,lgd_direct,src-4ad56b409556
manipur,2008,31,14031,IN-S14-AC-2008-31,THOUBAL,lgd_direct,src-4ad56b409556
manipur,2008,32,14032,IN-S14-AC-2008-32,WANGKHEM,lgd_direct,src-4ad56b409556
manipur,2008,33,14033,IN-S14-AC-2008-33,HEIROK,lgd_direct,src-4ad56b409556
manipur,2008,34,14034,IN-S14-AC-2008-34,WANGJING TENTHA,lgd_direct,src-4ad56b409556
manipur,2008,35,14035,IN-S14-AC-2008-35,KHANGABOK,lgd_direct,src-4ad56b409556
manipur,2008,36,14036,IN-S14-AC-2008-36,WABGAI,lgd_direct,src-4ad56b409556
manipur,2008,37,14037,IN-S14-AC-2008-37,KAKCHING,lgd_direct,src-4ad56b409556
manipur,2008,38,14038,IN-S14-AC-2008-38,HIYANGLAM,lgd_direct,src-4ad56b409556
manipur,2008,39,14039,IN-S14-AC-2008-39,SUGNU,lgd_direct,src-4ad56b409556
manipur,2008,40,14040,IN-S14-AC-2008-40,JIRIBAM,lgd_direct,src-4ad56b409556
manipur,2008,41,14041,IN-S14-AC-2008-41,CHANDEL,lgd_direct,src-4ad56b409556
manipur,2008,42,14042,IN-S14-AC-2008-42,TENGNOUPAL,lgd_direct,src-4ad56b409556
manipur,2008,43,14043,IN-S14-AC-2008-43,PHUNGYAR,lgd_direct,src-4ad56b409556
manipur,2008,44,14044,IN-S14-AC-2008-44,UKHRUL,lgd_direct,src-4ad56b409556
manipur,2008,45,14045,IN-S14-AC-2008-45,CHINGAI,lgd_direct,src-4ad56b409556
manipur,2008,46,14046,IN-S14-AC-2008-46,SAIKUL,lgd_direct,src-4ad56b409556
manipur,2008,47,14047,IN-S14-AC-2008-47,KARONG,lgd_direct,src-4ad56b409556
manipur,2008,48,14048,IN-S14-AC-2008-48,MAO,lgd_direct,src-4ad56b409556
manipur,2008,49,14049,IN-S14-AC-2008-49,TADUBI,lgd_direct,src-4ad56b409556
manipur,2008,50,14050,IN-S14-AC-2008-50,KANGPOKPI,lgd_direct,src-4ad56b409556
manipur,2008,51,14051,IN-S14-AC-2008-51,SAITU,lgd_direct,src-4ad56b409556
manipur,2008,52,14052,IN-S14-AC-2008-52,TAMEI,lgd_direct,src-4ad56b409556
manipur,2008,53,14053,IN-S14-AC-2008-53,TAMENGLONG,lgd_direct,src-4ad56b409556
manipur,2008,54,14054,IN-S14-AC-2008-54,NUNGBA,lgd_direct,src-4ad56b409556
manipur,2008,55,14055,IN-S14-AC-2008-55,TIPAIMUKH,lgd_direct,src-4ad56b409556
manipur,2008,56,14056,IN-S14-AC-2008-56,THANLON,lgd_direct,src-4ad56b409556
manipur,2008,57,14057,IN-S14-AC-2008-57,HENGLEP,lgd_direct,src-4ad56b409556
manipur,2008,58,14058,IN-S14-AC-2008-58,CHURACHANDPUR,lgd_direct,src-4ad56b409556
manipur,2008,59,14059,IN-S14-AC-2008-59,SAIKOT,lgd_direct,src-4ad56b409556
manipur,2008,60,14060,IN-S14-AC-2008-60,SINGHAT,lgd_direct,src-4ad56b409556
meghalaya,2008,1,17001,IN-S15-AC-2008-1,NARTIANG,lgd_direct,src-4ad56b409556
meghalaya,2008,2,17002,IN-S15-AC-2008-2,JOWAI,lgd_direct,src-4ad56b409556
meghalaya,2008,3,17003,IN-S15-AC-2008-3,RALIANG,lgd_direct,src-4ad56b409556
meghalaya,2008,4,17004,IN-S15-AC-2008-4,MOWKAIAW,lgd_direct,src-4ad56b409556
meghalaya,2008,5,17005,IN-S15-AC-2008-5,SUTNGA SAIPUNG,lgd_direct,src-4ad56b409556
meghalaya,2008,6,17006,IN-S15-AC-2008-6,KHLIEHRIAT,lgd_direct,src-4ad56b409556
meghalaya,2008,7,17007,IN-S15-AC-2008-7,AMLAREM,lgd_direct,src-4ad56b409556
meghalaya,2008,8,17008,IN-S15-AC-2008-8,MAWHATI,lgd_direct,src-4ad56b409556
meghalaya,2008,9,17009,IN-S15-AC-2008-9,NONGPOH,lgd_direct,src-4ad56b409556
meghalaya,2008,10,,IN-S15-AC-2008-10,JIRANG,unmapped,src-4ad56b409556
meghalaya,2008,11,17011,IN-S15-AC-2008-11,UMSNING,lgd_direct,src-4ad56b409556
meghalaya,2008,12,17012,IN-S15-AC-2008-12,UMROI,lgd_direct,src-4ad56b409556
meghalaya,2008,13,17013,IN-S15-AC-2008-13,MAWRYNGKNENG,lgd_direct,src-4ad56b409556
meghalaya,2008,14,17014,IN-S15-AC-2008-14,PYNTHORUMKHRAH,lgd_direct,src-4ad56b409556
meghalaya,2008,15,17015,IN-S15-AC-2008-15,MAWLAI,lgd_direct,src-4ad56b409556
meghalaya,2008,16,17016,IN-S15-AC-2008-16,EAST SHILLONG,lgd_direct,src-4ad56b409556
meghalaya,2008,17,17017,IN-S15-AC-2008-17,NORTH SHILLONG,lgd_direct,src-4ad56b409556
meghalaya,2008,18,17018,IN-S15-AC-2008-18,WEST SHILLONG,lgd_direct,src-4ad56b409556
meghalaya,2008,19,17019,IN-S15-AC-2008-19,SOUTH SHILLONG,lgd_direct,src-4ad56b409556
meghalaya,2008,20,17020,IN-S15-AC-2008-20,MYLLIEM,lgd_direct,src-4ad56b409556
meghalaya,2008,21,17021,IN-S15-AC-2008-21,NONGTHYMMAI,lgd_direct,src-4ad56b409556
meghalaya,2008,22,17022,IN-S15-AC-2008-22,NONGKREM,lgd_direct,src-4ad56b409556
meghalaya,2008,23,17023,IN-S15-AC-2008-23,SOHIONG,lgd_direct,src-4ad56b409556
meghalaya,2008,24,17024,IN-S15-AC-2008-24,MAWPHLANG,lgd_direct,src-4ad56b409556
meghalaya,2008,25,17025,IN-S15-AC-2008-25,MAWSYNRAM,lgd_direct,src-4ad56b409556
meghalaya,2008,26,17026,IN-S15-AC-2008-26,SHELLA,lgd_direct,src-4ad56b409556
meghalaya,2008,27,17027,IN-S15-AC-2008-27,PYNURSLA,lgd_direct,src-4ad56b409556
meghalaya,2008,28,17028,IN-S15-AC-2008-28,SOHRA,lgd_direct,src-4ad56b409556
meghalaya,2008,29,17029,IN-S15-AC-2008-29,MAWKYNREW,lgd_direct,src-4ad56b409556
meghalaya,2008,30,17030,IN-S15-AC-2008-30,MAIRANG,lgd_direct,src-4ad56b409556
meghalaya,2008,31,17031,IN-S15-AC-2008-31,MAWTHADRAISHAN,lgd_direct,src-4ad56b409556
meghalaya,2008,32,17032,IN-S15-AC-2008-32,NONGSTOIN,lgd_direct,src-4ad56b409556
meghalaya,2008,33,17033,IN-S15-AC-2008-33,RAMBRAI JYRNGAM,lgd_direct,src-4ad56b409556
meghalaya,2008,34,17034,IN-S15-AC-2008-34,MAWSHYNRUT,lgd_direct,src-4ad56b409556
meghalaya,2008,35,17035,IN-S15-AC-2008-35,RANIKOR,lgd_direct,src-4ad56b409556
meghalaya,2008,36,17036,IN-S15-AC-2008-36,MAWKYRWAT,lgd_direct,src-4ad56b409556
meghalaya,2008,37,17037,IN-S15-AC-2008-37,KHARKUTTA,lgd_direct,src-4ad56b409556
meghalaya,2008,38,17038,IN-S15-AC-2008-38,MENDIPATHAR,lgd_direct,src-4ad56b409556
meghalaya,2008,39,17039,IN-S15-AC-2008-39,RESUBELPARA,lgd_direct,src-4ad56b409556
meghalaya,2008,40,17040,IN-S15-AC-2008-40,BAJENGDOBA,lgd_direct,src-4ad56b409556
meghalaya,2008,41,17041,IN-S15-AC-2008-41,SONGSAK,lgd_direct,src-4ad56b409556
meghalaya,2008,42,17042,IN-S15-AC-2008-42,RONGJENG,lgd_direct,src-4ad56b409556
meghalaya,2008,43,17043,IN-S15-AC-2008-43,WILLIAM NAGAR,lgd_direct,src-4ad56b409556
meghalaya,2008,44,17044,IN-S15-AC-2008-44,RAKSAMGRE,lgd_direct,src-4ad56b409556
meghalaya,2008,45,17045,IN-S15-AC-2008-45,TIKRIKILA,lgd_direct,src-4ad56b409556
meghalaya,2008,46,17046,IN-S15-AC-2008-46,PHULBARI,lgd_direct,src-4ad56b409556
meghalaya,2008,47,17047,IN-S15-AC-2008-47,RAJABALA,lgd_direct,src-4ad56b409556
meghalaya,2008,48,17048,IN-S15-AC-2008-48,SELSELLA,lgd_direct,src-4ad56b409556
meghalaya,2008,49,17049,IN-S15-AC-2008-49,DADENGGRE,lgd_direct,src-4ad56b409556
meghalaya,2008,50,17050,IN-S15-AC-2008-50,NORTH TURA,lgd_direct,src-4ad56b409556
meghalaya,2008,51,17051,IN-S15-AC-2008-51,SOUTH TURA,lgd_direct,src-4ad56b409556
meghalaya,2008,52,17052,IN-S15-AC-2008-52,RANGSAKONA,lgd_direct,src-4ad56b409556
meghalaya,2008,53,17053,IN-S15-AC-2008-53,AMPATI,lgd_direct,src-4ad56b409556
meghalaya,2008,54,17054,IN-S15-AC-2008-54,MAHENDRAGANJ,lgd_direct,src-4ad56b409556
meghalaya,2008,55,17055,IN-S15-AC-2008-55,SALMANPARA,lgd_direct,src-4ad56b409556
meghalaya,2008,56,17056,IN-S15-AC-2008-56,GAMBEGRE,lgd_direct,src-4ad56b409556
meghalaya,2008,57,17057,IN-S15-AC-2008-57,DALU,lgd_direct,src-4ad56b409556
meghalaya,2008,58,17058,IN-S15-AC-2008-58,RONGARA SIJU,lgd_direct,src-4ad56b409556
meghalaya,2008,59,17059,IN-S15-AC-2008-59,CHOKPOT,lgd_direct,src-4ad56b409556
meghalaya,2008,60,17060,IN-S15-AC-2008-60,BAGHMARA,lgd_direct,src-4ad56b409556
mizoram,2008,1,15001,IN-S16-AC-2008-1,HACHHEK,lgd_direct,src-4ad56b409556
mizoram,2008,2,15002,IN-S16-AC-2008-2,DAMPA,lgd_direct,src-4ad56b409556
mizoram,2008,3,15003,IN-S16-AC-2008-3,MAMIT,lgd_direct,src-4ad56b409556
mizoram,2008,4,15004,IN-S16-AC-2008-4,TUIRIAL,lgd_direct,src-4ad56b409556
mizoram,2008,5,15005,IN-S16-AC-2008-5,KOLASIB,lgd_direct,src-4ad56b409556
mizoram,2008,6,15006,IN-S16-AC-2008-6,SERLUI,lgd_direct,src-4ad56b409556
mizoram,2008,7,15007,IN-S16-AC-2008-7,TUIVAWL,lgd_direct,src-4ad56b409556
mizoram,2008,8,15008,IN-S16-AC-2008-8,CHALFILH,lgd_direct,src-4ad56b409556
mizoram,2008,9,15009,IN-S16-AC-2008-9,TAWI,lgd_direct,src-4ad56b409556
mizoram,2008,10,15010,IN-S16-AC-2008-10,AIZAWL NORTH - I,lgd_direct,src-4ad56b409556
mizoram,2008,11,15011,IN-S16-AC-2008-11,AIZAWL NORTH - II,lgd_direct,src-4ad56b409556
mizoram,2008,12,15012,IN-S16-AC-2008-12,AIZAWL NORTH-III,lgd_direct,src-4ad56b409556
mizoram,2008,13,15013,IN-S16-AC-2008-13,AIZAWL EAST - I,lgd_direct,src-4ad56b409556
mizoram,2008,14,15014,IN-S16-AC-2008-14,AIZAWL EAST II,lgd_direct,src-4ad56b409556
mizoram,2008,15,15015,IN-S16-AC-2008-15,AIZAWL WEST I,lgd_direct,src-4ad56b409556
mizoram,2008,16,15016,IN-S16-AC-2008-16,AIZAWL WEST II,lgd_direct,src-4ad56b409556
mizoram,2008,17,15017,IN-S16-AC-2008-17,AIZAWL WEST III,lgd_direct,src-4ad56b409556
mizoram,2008,18,15018,IN-S16-AC-2008-18,AIZAWL SOUTH I,lgd_direct,src-4ad56b409556
mizoram,2008,19,15019,IN-S16-AC-2008-19,AIZAWL SOUTH II,lgd_direct,src-4ad56b409556
mizoram,2008,20,15020,IN-S16-AC-2008-20,AIZAWL SOUTH-III,lgd_direct,src-4ad56b409556
mizoram,2008,21,15021,IN-S16-AC-2008-21,LENGTENG,lgd_direct,src-4ad56b409556
mizoram,2008,22,15022,IN-S16-AC-2008-22,TUICHANG,lgd_direct,src-4ad56b409556
mizoram,2008,23,15023,IN-S16-AC-2008-23,CHAMPHAI NORTH,lgd_direct,src-4ad56b409556
mizoram,2008,24,15024,IN-S16-AC-2008-24,CHAMPHAI SOUTH,lgd_direct,src-4ad56b409556
mizoram,2008,25,15025,IN-S16-AC-2008-25,EAST TUIPUI,lgd_direct,src-4ad56b409556
mizoram,2008,26,15026,IN-S16-AC-2008-26,SERCHHIP,lgd_direct,src-4ad56b409556
mizoram,2008,27,15027,IN-S16-AC-2008-27,TUIKUM,lgd_direct,src-4ad56b409556
mizoram,2008,28,15028,IN-S16-AC-2008-28,HRANGTURZO,lgd_direct,src-4ad56b409556
mizoram,2008,29,15029,IN-S16-AC-2008-29,SOUTH TUIPUI,lgd_direct,src-4ad56b409556
mizoram,2008,30,15030,IN-S16-AC-2008-30,LUNGLEI NORTH,lgd_direct,src-4ad56b409556
mizoram,2008,31,15031,IN-S16-AC-2008-31,LUNGLEI EAST,lgd_direct,src-4ad56b409556
mizoram,2008,32,15032,IN-S16-AC-2008-32,LUNGLEI WEST,lgd_direct,src-4ad56b409556
mizoram,2008,33,15033,IN-S16-AC-2008-33,LUNGLEI SOUTH,lgd_direct,src-4ad56b409556
mizoram,2008,34,15034,IN-S16-AC-2008-34,THORANG,lgd_direct,src-4ad56b409556
mizoram,2008,35,15035,IN-S16-AC-2008-35,WEST TUIPUI,lgd_direct,src-4ad56b409556
mizoram,2008,36,15036,IN-S16-AC-2008-36,TUICHAWNG,lgd_direct,src-4ad56b409556
mizoram,2008,37,15037,IN-S16-AC-2008-37,LAWNGTLAI WEST,lgd_direct,src-4ad56b409556
mizoram,2008,38,15038,IN-S16-AC-2008-38,LAWNGTLAI EAST,lgd_direct,src-4ad56b409556
mizoram,2008,39,15039,IN-S16-AC-2008-39,SAIHA,lgd_direct,src-4ad56b409556
mizoram,2008,40,15040,IN-S16-AC-2008-40,PALAK,lgd_direct,src-4ad56b409556
nagaland,2008,1,13001,IN-S17-AC-2008-1,DIMAPUR-I,lgd_direct,src-4ad56b409556
nagaland,2008,2,13002,IN-S17-AC-2008-2,DIMAPUR-II,lgd_direct,src-4ad56b409556
nagaland,2008,3,13003,IN-S17-AC-2008-3,DIMAPUR-III,lgd_direct,src-4ad56b409556
nagaland,2008,4,13004,IN-S17-AC-2008-4,GHASPANI-I,lgd_direct,src-4ad56b409556
nagaland,2008,5,13005,IN-S17-AC-2008-5,GHASPANI-II,lgd_direct,src-4ad56b409556
nagaland,2008,6,13006,IN-S17-AC-2008-6,TENNING,lgd_direct,src-4ad56b409556
nagaland,2008,7,13007,IN-S17-AC-2008-7,PEREN,lgd_direct,src-4ad56b409556
nagaland,2008,8,13008,IN-S17-AC-2008-8,WESTERN ANGAMI,lgd_direct,src-4ad56b409556
nagaland,2008,9,13009,IN-S17-AC-2008-9,KOHIMA TOWN,lgd_direct,src-4ad56b409556
nagaland,2008,10,13010,IN-S17-AC-2008-10,NORTHERN ANGAMI-I,lgd_direct,src-4ad56b409556
nagaland,2008,11,13011,IN-S17-AC-2008-11,NORTHERN ANGAMI-II,lgd_direct,src-4ad56b409556
nagaland,2008,12,13012,IN-S17-AC-2008-12,TSEMINYU,lgd_direct,src-4ad56b409556
nagaland,2008,13,13013,IN-S17-AC-2008-13,PUGHOBOTO,lgd_direct,src-4ad56b409556
nagaland,2008,14,13014,IN-S17-AC-2008-14,SOUTHERN ANGAMI-I,lgd_direct,src-4ad56b409556
nagaland,2008,15,13015,IN-S17-AC-2008-15,SOUTHERN ANGAMI-II,lgd_direct,src-4ad56b409556
nagaland,2008,16,13016,IN-S17-AC-2008-16,PFUTSERO,lgd_direct,src-4ad56b409556
nagaland,2008,17,13017,IN-S17-AC-2008-17,CHIZAMI,lgd_direct,src-4ad56b409556
nagaland,2008,18,13018,IN-S17-AC-2008-18,CHAZOUBA,lgd_direct,src-4ad56b409556
nagaland,2008,19,13019,IN-S17-AC-2008-19,PHEK,lgd_direct,src-4ad56b409556
nagaland,2008,20,13020,IN-S17-AC-2008-20,MELURI,lgd_direct,src-4ad56b409556
nagaland,2008,21,13021,IN-S17-AC-2008-21,TULI,lgd_direct,src-4ad56b409556
nagaland,2008,22,13022,IN-S17-AC-2008-22,ARKAKONG,lgd_direct,src-4ad56b409556
nagaland,2008,23,13023,IN-S17-AC-2008-23,IMPUR,lgd_direct,src-4ad56b409556
nagaland,2008,24,13024,IN-S17-AC-2008-24,ANGETYONGPANG,lgd_direct,src-4ad56b409556
nagaland,2008,25,13025,IN-S17-AC-2008-25,MONGOYA,lgd_direct,src-4ad56b409556
nagaland,2008,26,13026,IN-S17-AC-2008-26,AONGLENDEN,lgd_direct,src-4ad56b409556
nagaland,2008,27,13027,IN-S17-AC-2008-27,MOKOKCHUNG TOWN,lgd_direct,src-4ad56b409556
nagaland,2008,28,13028,IN-S17-AC-2008-28,KORIDANG,lgd_direct,src-4ad56b409556
nagaland,2008,29,13029,IN-S17-AC-2008-29,JANGPETKONG,lgd_direct,src-4ad56b409556
nagaland,2008,30,13030,IN-S17-AC-2008-30,ALONGTAKI,lgd_direct,src-4ad56b409556
nagaland,2008,31,13031,IN-S17-AC-2008-31,AKULUTO,lgd_direct,src-4ad56b409556
nagaland,2008,32,13032,IN-S17-AC-2008-32,ATOIZU,lgd_direct,src-4ad56b409556
nagaland,2008,33,13033,IN-S17-AC-2008-33,SURUHOTO,lgd_direct,src-4ad56b409556
nagaland,2008,34,13034,IN-S17-AC-2008-34,AGHUNATO,lgd_direct,src-4ad56b409556
nagaland,2008,35,13035,IN-S17-AC-2008-35,ZUNHEBOTO,lgd_direct,src-4ad56b409556
nagaland,2008,36,13036,IN-S17-AC-2008-36,SATAKHA,lgd_direct,src-4ad56b409556
nagaland,2008,37,13037,IN-S17-AC-2008-37,TYUI,lgd_direct,src-4ad56b409556
nagaland,2008,38,13038,IN-S17-AC-2008-38,WOKHA,lgd_direct,src-4ad56b409556
nagaland,2008,39,13039,IN-S17-AC-2008-39,SANIS,lgd_direct,src-4ad56b409556
nagaland,2008,40,13040,IN-S17-AC-2008-40,BHANDARI,lgd_direct,src-4ad56b409556
nagaland,2008,41,13041,IN-S17-AC-2008-41,TIZIT,lgd_direct,src-4ad56b409556
nagaland,2008,42,13042,IN-S17-AC-2008-42,WAKCHING,lgd_direct,src-4ad56b409556
nagaland,2008,43,13043,IN-S17-AC-2008-43,TAPI,lgd_direct,src-4ad56b409556
nagaland,2008,44,13044,IN-S17-AC-2008-44,PHOMCHING,lgd_direct,src-4ad56b409556
nagaland,2008,45,13045,IN-S17-AC-2008-45,TEHOK,lgd_direct,src-4ad56b409556
nagaland,2008,46,13046,IN-S17-AC-2008-46,MON TOWN,lgd_direct,src-4ad56b409556
nagaland,2008,47,13047,IN-S17-AC-2008-47,ABOI,lgd_direct,src-4ad56b409556
nagaland,2008,48,13048,IN-S17-AC-2008-48,MOKA,lgd_direct,src-4ad56b409556
nagaland,2008,49,13049,IN-S17-AC-2008-49,TAMLU,lgd_direct,src-4ad56b409556
nagaland,2008,50,13050,IN-S17-AC-2008-50,LONGLENG,lgd_direct,src-4ad56b409556
nagaland,2008,51,13051,IN-S17-AC-2008-51,NOKSEN,lgd_direct,src-4ad56b409556
nagaland,2008,52,13052,IN-S17-AC-2008-52,LONGKHIM CHARE,lgd_direct,src-4ad56b409556
nagaland,2008,53,13053,IN-S17-AC-2008-53,TUENSANG SADAR-I,lgd_direct,src-4ad56b409556
nagaland,2008,54,13054,IN-S17-AC-2008-54,TUENSANG SADAR-II,lgd_direct,src-4ad56b409556
nagaland,2008,55,13055,IN-S17-AC-2008-55,TOBU,lgd_direct,src-4ad56b409556
nagaland,2008,56,13056,IN-S17-AC-2008-56,NOKLAK,lgd_direct,src-4ad56b409556
nagaland,2008,57,13057,IN-S17-AC-2008-57,THONOKNYU,lgd_direct,src-4ad56b409556
nagaland,2008,58,13058,IN-S17-AC-2008-58,SHAMATOR CHESSORE,lgd_direct,src-4ad56b409556
nagaland,2008,59,13059,IN-S17-AC-2008-59,SEYOCHUNG SITIMI,lgd_direct,src-4ad56b409556
nagaland,2008,60,13060,IN-S17-AC-2008-60,PUNGRO KIPHIRE,lgd_direct,src-4ad56b409556
odisha,2008,1,21001,IN-S18-AC-2008-1,PADAMPUR,lgd_direct,src-4ad56b409556
odisha,2008,2,21002,IN-S18-AC-2008-2,BIJEPUR,lgd_direct,src-4ad56b409556
odisha,2008,3,21003,IN-S18-AC-2008-3,BARGARH,lgd_direct,src-4ad56b409556
odisha,2008,4,21004,IN-S18-AC-2008-4,ATTABIRA,lgd_direct,src-4ad56b409556
odisha,2008,5,21005,IN-S18-AC-2008-5,BHATLI,lgd_direct,src-4ad56b409556
odisha,2008,6,21006,IN-S18-AC-2008-6,BRAJARAJNAGAR,lgd_direct,src-4ad56b409556
odisha,2008,7,21007,IN-S18-AC-2008-7,JHARSUGUDA,lgd_direct,src-4ad56b409556
odisha,2008,8,21008,IN-S18-AC-2008-8,TALSARA,lgd_direct,src-4ad56b409556
odisha,2008,9,21009,IN-S18-AC-2008-9,SUNDARGARH,lgd_direct,src-4ad56b409556
odisha,2008,10,21010,IN-S18-AC-2008-10,BIRAMITRAPUR,lgd_direct,src-4ad56b409556
odisha,2008,11,21011,IN-S18-AC-2008-11,RAGHUNATHPALI,lgd_direct,src-4ad56b409556
odisha,2008,12,21012,IN-S18-AC-2008-12,ROURKELA,lgd_direct,src-4ad56b409556
odisha,2008,13,21013,IN-S18-AC-2008-13,RAJGANGAPUR,lgd_direct,src-4ad56b409556
odisha,2008,14,21014,IN-S18-AC-2008-14,BONAI,lgd_direct,src-4ad56b409556
odisha,2008,15,21015,IN-S18-AC-2008-15,KUCHINDA,lgd_direct,src-4ad56b409556
odisha,2008,16,21016,IN-S18-AC-2008-16,RENGALI,lgd_direct,src-4ad56b409556
odisha,2008,17,21017,IN-S18-AC-2008-17,SAMBALPUR,lgd_direct,src-4ad56b409556
odisha,2008,18,21018,IN-S18-AC-2008-18,RAIRAKHOL,lgd_direct,src-4ad56b409556
odisha,2008,19,21019,IN-S18-AC-2008-19,DEOGARH,lgd_direct,src-4ad56b409556
odisha,2008,20,21020,IN-S18-AC-2008-20,TELKOI,lgd_direct,src-4ad56b409556
odisha,2008,21,21021,IN-S18-AC-2008-21,GHASIPURA,lgd_direct,src-4ad56b409556
odisha,2008,22,21022,IN-S18-AC-2008-22,ANANDAPUR,lgd_direct,src-4ad56b409556
odisha,2008,23,21023,IN-S18-AC-2008-23,PATNA,lgd_direct,src-4ad56b409556
odisha,2008,24,21024,IN-S18-AC-2008-24,KEONJHAR,lgd_direct,src-4ad56b409556
odisha,2008,25,21025,IN-S18-AC-2008-25,CHAMPUA,lgd_direct,src-4ad56b409556
odisha,2008,26,21026,IN-S18-AC-2008-26,JASHIPUR,lgd_direct,src-4ad56b409556
odisha,2008,27,21027,IN-S18-AC-2008-27,SARASKANA,lgd_direct,src-4ad56b409556
odisha,2008,28,21028,IN-S18-AC-2008-28,RAIRANGPUR,lgd_direct,src-4ad56b409556
odisha,2008,29,21029,IN-S18-AC-2008-29,BANGRIPOSI,lgd_direct,src-4ad56b409556
odisha,2008,30,21030,IN-S18-AC-2008-30,KARANJIA,lgd_direct,src-4ad56b409556
odisha,2008,31,21031,IN-S18-AC-2008-31,UDALA,lgd_direct,src-4ad56b409556
odisha,2008,32,21032,IN-S18-AC-2008-32,BADASAHI,lgd_direct,src-4ad56b409556
odisha,2008,33,21033,IN-S18-AC-2008-33,BARIPADA,lgd_direct,src-4ad56b409556
odisha,2008,34,21034,IN-S18-AC-2008-34,MORADA,lgd_direct,src-4ad56b409556
odisha,2008,35,21035,IN-S18-AC-2008-35,JALESWAR,lgd_direct,src-4ad56b409556
odisha,2008,36,21036,IN-S18-AC-2008-36,BHOGRAI,lgd_direct,src-4ad56b409556
odisha,2008,37,21037,IN-S18-AC-2008-37,BASTA,lgd_direct,src-4ad56b409556
odisha,2008,38,21038,IN-S18-AC-2008-38,BALASORE,lgd_direct,src-4ad56b409556
odisha,2008,39,21039,IN-S18-AC-2008-39,REMUNA,lgd_direct,src-4ad56b409556
odisha,2008,40,21040,IN-S18-AC-2008-40,NILGIRI,lgd_direct,src-4ad56b409556
odisha,2008,41,21041,IN-S18-AC-2008-41,SORO,lgd_direct,src-4ad56b409556
odisha,2008,42,21042,IN-S18-AC-2008-42,SIMULIA,lgd_direct,src-4ad56b409556
odisha,2008,43,21043,IN-S18-AC-2008-43,BHANDARIPOKHARI,lgd_direct,src-4ad56b409556
odisha,2008,44,21044,IN-S18-AC-2008-44,BHADRAK,lgd_direct,src-4ad56b409556
odisha,2008,45,21045,IN-S18-AC-2008-45,BASUDEVPUR,lgd_direct,src-4ad56b409556
odisha,2008,46,21046,IN-S18-AC-2008-46,DHAMNAGAR,lgd_direct,src-4ad56b409556
odisha,2008,47,21047,IN-S18-AC-2008-47,CHANDABALI,lgd_direct,src-4ad56b409556
odisha,2008,48,21048,IN-S18-AC-2008-48,BINJHARPUR,lgd_direct,src-4ad56b409556
odisha,2008,49,21049,IN-S18-AC-2008-49,BARI,lgd_direct,src-4ad56b409556
odisha,2008,50,21050,IN-S18-AC-2008-50,BARCHANA,lgd_direct,src-4ad56b409556
odisha,2008,51,21051,IN-S18-AC-2008-51,DHARMASALA,lgd_direct,src-4ad56b409556
odisha,2008,52,21052,IN-S18-AC-2008-52,JAJPUR,lgd_direct,src-4ad56b409556
odisha,2008,53,21053,IN-S18-AC-2008-53,KOREI,lgd_direct,src-4ad56b409556
odisha,2008,54,21054,IN-S18-AC-2008-54,SUKINDA,lgd_direct,src-4ad56b409556
odisha,2008,55,21055,IN-S18-AC-2008-55,DHENKANAL,lgd_direct,src-4ad56b409556
odisha,2008,56,21056,IN-S18-AC-2008-56,HINDOL,lgd_direct,src-4ad56b409556
odisha,2008,57,21057,IN-S18-AC-2008-57,KAMAKHYANAGAR,lgd_direct,src-4ad56b409556
odisha,2008,58,21058,IN-S18-AC-2008-58,PARJANGA,lgd_direct,src-4ad56b409556
odisha,2008,59,21059,IN-S18-AC-2008-59,PALLAHARA,lgd_direct,src-4ad56b409556
odisha,2008,60,21060,IN-S18-AC-2008-60,TALCHER,lgd_direct,src-4ad56b409556
odisha,2008,61,21061,IN-S18-AC-2008-61,ANGUL,lgd_direct,src-4ad56b409556
odisha,2008,62,21062,IN-S18-AC-2008-62,CHHENDIPADA,lgd_direct,src-4ad56b409556
odisha,2008,63,21063,IN-S18-AC-2008-63,ATHAMALLIK,lgd_direct,src-4ad56b409556
odisha,2008,64,21064,IN-S18-AC-2008-64,BIRMAHARAJPUR,lgd_direct,src-4ad56b409556
odisha,2008,65,21065,IN-S18-AC-2008-65,SONEPUR,lgd_direct,src-4ad56b409556
odisha,2008,66,21066,IN-S18-AC-2008-66,LOISINGHA,lgd_direct,src-4ad56b409556
odisha,2008,67,21067,IN-S18-AC-2008-67,PATNAGARH,lgd_direct,src-4ad56b409556
odisha,2008,68,21068,IN-S18-AC-2008-68,BOLANGIR,lgd_direct,src-4ad56b409556
odisha,2008,69,21069,IN-S18-AC-2008-69,TITLAGARH,lgd_direct,src-4ad56b409556
odisha,2008,70,21070,IN-S18-AC-2008-70,KANTABANJI,lgd_direct,src-4ad56b409556
odisha,2008,71,21071,IN-S18-AC-2008-71,NUAPADA,lgd_direct,src-4ad56b409556
odisha,2008,72,21072,IN-S18-AC-2008-72,KHARIAR,lgd_direct,src-4ad56b409556
odisha,2008,73,21073,IN-S18-AC-2008-73,UMARKOTE,lgd_direct,src-4ad56b409556
odisha,2008,74,21074,IN-S18-AC-2008-74,JHARIGAM,lgd_direct,src-4ad56b409556
odisha,2008,75,21075,IN-S18-AC-2008-75,NABARANGPUR,lgd_direct,src-4ad56b409556
odisha,2008,76,21076,IN-S18-AC-2008-76,DABUGAM,lgd_direct,src-4ad56b409556
odisha,2008,77,21077,IN-S18-AC-2008-77,LANJIGARH,lgd_direct,src-4ad56b409556
odisha,2008,78,21078,IN-S18-AC-2008-78,JUNAGARH,lgd_direct,src-4ad56b409556
odisha,2008,79,21079,IN-S18-AC-2008-79,DHARMGARH,lgd_direct,src-4ad56b409556
odisha,2008,80,21080,IN-S18-AC-2008-80,BHAWANIPATNA,lgd_direct,src-4ad56b409556
odisha,2008,81,21081,IN-S18-AC-2008-81,NARLA,lgd_direct,src-4ad56b409556
odisha,2008,82,21082,IN-S18-AC-2008-82,BALIGUDA,lgd_direct,src-4ad56b409556
odisha,2008,83,21083,IN-S18-AC-2008-83,G. UDAYAGIRI,lgd_direct,src-4ad56b409556
odisha,2008,84,21084,IN-S18-AC-2008-84,PHULBANI,lgd_direct,src-4ad56b409556
odisha,2008,85,21085,IN-S18-AC-2008-85,KANTAMAL,lgd_direct,src-4ad56b409556
odisha,2008,86,21086,IN-S18-AC-2008-86,BOUDH,lgd_direct,src-4ad56b409556
odisha,2008,87,21087,IN-S18-AC-2008-87,BARAMBA,lgd_direct,src-4ad56b409556
odisha,2008,88,21088,IN-S18-AC-2008-88,BANKI,lgd_direct,src-4ad56b409556
odisha,2008,89,21089,IN-S18-AC-2008-89,ATHAGARH,lgd_direct,src-4ad56b409556
odisha,2008,90,21090,IN-S18-AC-2008-90,BARABATI-CUTTACK,lgd_direct,src-4ad56b409556
odisha,2008,91,21091,IN-S18-AC-2008-91,CHOUDWAR-CUTTACK,lgd_direct,src-4ad56b409556
odisha,2008,92,21092,IN-S18-AC-2008-92,NIALI,lgd_direct,src-4ad56b409556
odisha,2008,93,21093,IN-S18-AC-2008-93,CUTTACK SADAR,lgd_direct,src-4ad56b409556
odisha,2008,94,21094,IN-S18-AC-2008-94,SALIPUR,lgd_direct,src-4ad56b409556
odisha,2008,95,21095,IN-S18-AC-2008-95,MAHANGA,lgd_direct,src-4ad56b409556
odisha,2008,96,21096,IN-S18-AC-2008-96,PATKURA,lgd_direct,src-4ad56b409556
odisha,2008,97,21097,IN-S18-AC-2008-97,KENDRAPARA,lgd_direct,src-4ad56b409556
odisha,2008,98,21098,IN-S18-AC-2008-98,AUL,lgd_direct,src-4ad56b409556
odisha,2008,99,21099,IN-S18-AC-2008-99,RAJANAGAR,lgd_direct,src-4ad56b409556
odisha,2008,100,21100,IN-S18-AC-2008-100,MAHAKALAPADA,lgd_direct,src-4ad56b409556
odisha,2008,101,21101,IN-S18-AC-2008-101,PARADEEP,lgd_direct,src-4ad56b409556
odisha,2008,102,21102,IN-S18-AC-2008-102,TIRTOL,lgd_direct,src-4ad56b409556
odisha,2008,103,21103,IN-S18-AC-2008-103,BALIKUDA-ERSAMA,lgd_direct,src-4ad56b409556
odisha,2008,104,21104,IN-S18-AC-2008-104,JAGATSINGHPUR,lgd_direct,src-4ad56b409556
odisha,2008,105,21105,IN-S18-AC-2008-105,KAKATPUR,lgd_direct,src-4ad56b409556
odisha,2008,106,21106,IN-S18-AC-2008-106,NIMAPARA,lgd_direct,src-4ad56b409556
odisha,2008,107,21107,IN-S18-AC-2008-107,PURI,lgd_direct,src-4ad56b409556
odisha,2008,108,21108,IN-S18-AC-2008-108,BRAMHAGIRI,lgd_direct,src-4ad56b409556
odisha,2008,109,21109,IN-S18-AC-2008-109,SATYABADI,lgd_direct,src-4ad56b409556
odisha,2008,110,21110,IN-S18-AC-2008-110,PIPILI,lgd_direct,src-4ad56b409556
odisha,2008,111,21111,IN-S18-AC-2008-111,JAYADEV,lgd_direct,src-4ad56b409556
odisha,2008,112,21112,IN-S18-AC-2008-112,BHUBANESWAR CENTRAL (MADHYA),lgd_direct,src-4ad56b409556
odisha,2008,113,21113,IN-S18-AC-2008-113,BHUBANESWAR NORTH (UTTAR),lgd_direct,src-4ad56b409556
odisha,2008,114,21114,IN-S18-AC-2008-114,EKAMRA-BHUBANESWAR,lgd_direct,src-4ad56b409556
odisha,2008,115,21115,IN-S18-AC-2008-115,JATANI,lgd_direct,src-4ad56b409556
odisha,2008,116,21116,IN-S18-AC-2008-116,BEGUNIA,lgd_direct,src-4ad56b409556
odisha,2008,117,21117,IN-S18-AC-2008-117,KHURDA,lgd_direct,src-4ad56b409556
odisha,2008,118,21118,IN-S18-AC-2008-118,CHILIKA,lgd_direct,src-4ad56b409556
odisha,2008,119,21119,IN-S18-AC-2008-119,RANPUR,lgd_direct,src-4ad56b409556
odisha,2008,120,21120,IN-S18-AC-2008-120,KHANDAPADA,lgd_direct,src-4ad56b409556
odisha,2008,121,21121,IN-S18-AC-2008-121,DASPALLA,lgd_direct,src-4ad56b409556
odisha,2008,122,21122,IN-S18-AC-2008-122,NAYAGARH,lgd_direct,src-4ad56b409556
odisha,2008,123,21123,IN-S18-AC-2008-123,BHANJANAGAR,lgd_direct,src-4ad56b409556
odisha,2008,124,21124,IN-S18-AC-2008-124,POLASARA,lgd_direct,src-4ad56b409556
odisha,2008,125,21125,IN-S18-AC-2008-125,KABISURYANGAR,lgd_direct,src-4ad56b409556
odisha,2008,126,21126,IN-S18-AC-2008-126,KHALIKOTE,lgd_direct,src-4ad56b409556
odisha,2008,127,21127,IN-S18-AC-2008-127,CHHATRAPUR,lgd_direct,src-4ad56b409556
odisha,2008,128,21128,IN-S18-AC-2008-128,ASKA,lgd_direct,src-4ad56b409556
odisha,2008,129,21129,IN-S18-AC-2008-129,SURADA,lgd_direct,src-4ad56b409556
odisha,2008,130,21130,IN-S18-AC-2008-130,SANAKHEMUNDI,lgd_direct,src-4ad56b409556
odisha,2008,131,21131,IN-S18-AC-2008-131,HINJILI,lgd_direct,src-4ad56b409556
odisha,2008,132,21132,IN-S18-AC-2008-132,GOPALPUR,lgd_direct,src-4ad56b409556
odisha,2008,133,21133,IN-S18-AC-2008-133,BERHAMPUR,lgd_direct,src-4ad56b409556
odisha,2008,134,21134,IN-S18-AC-2008-134,DIGAPAHANDI,lgd_direct,src-4ad56b409556
odisha,2008,135,21135,IN-S18-AC-2008-135,CHIKITI,lgd_direct,src-4ad56b409556
odisha,2008,136,21136,IN-S18-AC-2008-136,MOHANA,lgd_direct,src-4ad56b409556
odisha,2008,137,21137,IN-S18-AC-2008-137,PARALAKHEMUNDI,lgd_direct,src-4ad56b409556
odisha,2008,138,21138,IN-S18-AC-2008-138,GUNUPUR,lgd_direct,src-4ad56b409556
odisha,2008,139,21139,IN-S18-AC-2008-139,BISSAM CUTTACK,lgd_direct,src-4ad56b409556
odisha,2008,140,21140,IN-S18-AC-2008-140,RAYAGADA,lgd_direct,src-4ad56b409556
odisha,2008,141,21141,IN-S18-AC-2008-141,LAXMIPUR,lgd_direct,src-4ad56b409556
odisha,2008,142,21142,IN-S18-AC-2008-142,KOTPAD,lgd_direct,src-4ad56b409556
odisha,2008,143,21143,IN-S18-AC-2008-143,JEYPORE,lgd_direct,src-4ad56b409556
odisha,2008,144,21144,IN-S18-AC-2008-144,KORAPUT,lgd_direct,src-4ad56b409556
odisha,2008,145,21145,IN-S18-AC-2008-145,POTTANGI,lgd_direct,src-4ad56b409556
odisha,2008,146,21146,IN-S18-AC-2008-146,MALKANGIRI,lgd_direct,src-4ad56b409556
odisha,2008,147,21147,IN-S18-AC-2008-147,CHITRAKONDA,lgd_direct,src-4ad56b409556
puducherry,2008,1,34001,IN-U07-AC-2008-1,MANNADIPET,lgd_direct,src-4ad56b409556
puducherry,2008,2,34002,IN-U07-AC-2008-2,THIRUBHUVANAI,lgd_direct,src-4ad56b409556
puducherry,2008,3,34003,IN-U07-AC-2008-3,OUSSUDU,lgd_direct,src-4ad56b409556
puducherry,2008,4,34004,IN-U07-AC-2008-4,MANGALAM,lgd_direct,src-4ad56b409556
puducherry,2008,5,34005,IN-U07-AC-2008-5,VILLIANUR,lgd_direct,src-4ad56b409556
puducherry,2008,6,34006,IN-U07-AC-2008-6,OZHUKARAI,lgd_direct,src-4ad56b409556
puducherry,2008,7,34007,IN-U07-AC-2008-7,KADIRGAMAM,lgd_direct,src-4ad56b409556
puducherry,2008,8,34008,IN-U07-AC-2008-8,INDIRA NAGAR,lgd_direct,src-4ad56b409556
puducherry,2008,9,34009,IN-U07-AC-2008-9,THATTANCHAVADY,lgd_direct,src-4ad56b409556
puducherry,2008,10,34010,IN-U07-AC-2008-10,KAMARAJ NAGAR,lgd_direct,src-4ad56b409556
puducherry,2008,11,34011,IN-U07-AC-2008-11,LAWSPET,lgd_direct,src-4ad56b409556
puducherry,2008,12,34012,IN-U07-AC-2008-12,KALAPET,lgd_direct,src-4ad56b409556
puducherry,2008,13,34013,IN-U07-AC-2008-13,MUTHIALPET,lgd_direct,src-4ad56b409556
puducherry,2008,14,34014,IN-U07-AC-2008-14,RAJ BHAVAN,lgd_direct,src-4ad56b409556
puducherry,2008,15,34015,IN-U07-AC-2008-15,OUPALAM,lgd_direct,src-4ad56b409556
puducherry,2008,16,34016,IN-U07-AC-2008-16,ORLEAMPETH,lgd_direct,src-4ad56b409556
puducherry,2008,17,34017,IN-U07-AC-2008-17,NELLITHOPE,lgd_direct,src-4ad56b409556
puducherry,2008,18,34018,IN-U07-AC-2008-18,MUDALIARPET,lgd_direct,src-4ad56b409556
puducherry,2008,19,34019,IN-U07-AC-2008-19,ARIANKUPPAM,lgd_direct,src-4ad56b409556
puducherry,2008,20,34020,IN-U07-AC-2008-20,MANAVELY,lgd_direct,src-4ad56b409556
puducherry,2008,21,,IN-U07-AC-2008-21,EMBALAM,unmapped,src-4ad56b409556
puducherry,2008,22,34022,IN-U07-AC-2008-22,NETTAPAKKAM,lgd_direct,src-4ad56b409556
puducherry,2008,23,34023,IN-U07-AC-2008-23,BAHOUR,lgd_direct,src-4ad56b409556
puducherry,2008,24,34024,IN-U07-AC-2008-24,NEDUNGADU,lgd_direct,src-4ad56b409556
puducherry,2008,25,34025,IN-U07-AC-2008-25,THIRUNALLAR,lgd_direct,src-4ad56b409556
puducherry,2008,26,34026,IN-U07-AC-2008-26,KARAIKAL NORTH,lgd_direct,src-4ad56b409556
puducherry,2008,27,34027,IN-U07-AC-2008-27,KARAIKAL SOUTH,lgd_direct,src-4ad56b409556
puducherry,2008,28,34028,IN-U07-AC-2008-28,NERAVY T.R. PATTINAM,lgd_direct,src-4ad56b409556
puducherry,2008,29,34029,IN-U07-AC-2008-29,MAHE,lgd_direct,src-4ad56b409556
puducherry,2008,30,,IN-U07-AC-2008-30,YANAM,unmapped,src-4ad56b409556
punjab,2008,1,3001,IN-S19-AC-2008-1,SUJANPUR,lgd_direct,src-4ad56b409556
punjab,2008,2,3002,IN-S19-AC-2008-2,BHOA,lgd_direct,src-4ad56b409556
punjab,2008,3,3003,IN-S19-AC-2008-3,PATHANKOT,lgd_direct,src-4ad56b409556
punjab,2008,4,3004,IN-S19-AC-2008-4,GURDASPUR,lgd_direct,src-4ad56b409556
punjab,2008,5,3005,IN-S19-AC-2008-5,DINA NAGAR,lgd_direct,src-4ad56b409556
punjab,2008,6,3006,IN-S19-AC-2008-6,QADIAN,lgd_direct,src-4ad56b409556
punjab,2008,7,3007,IN-S19-AC-2008-7,BATALA,lgd_direct,src-4ad56b409556
punjab,2008,8,3008,IN-S19-AC-2008-8,SRI HARGOBINDPUR,lgd_direct,src-4ad56b409556
punjab,2008,9,3009,IN-S19-AC-2008-9,FATEHGARH CHURIAN,lgd_direct,src-4ad56b409556
punjab,2008,10,3010,IN-S19-AC-2008-10,DERA BABA NANAK,lgd_direct,src-4ad56b409556
punjab,2008,11,3011,IN-S19-AC-2008-11,AJNALA,lgd_direct,src-4ad56b409556
punjab,2008,12,3012,IN-S19-AC-2008-12,RAJA SANSI,lgd_direct,src-4ad56b409556
punjab,2008,13,3013,IN-S19-AC-2008-13,MAJITHA,lgd_direct,src-4ad56b409556
punjab,2008,14,3014,IN-S19-AC-2008-14,JANDIALA,lgd_direct,src-4ad56b409556
punjab,2008,15,3015,IN-S19-AC-2008-15,AMRITSAR NORTH,lgd_direct,src-4ad56b409556
punjab,2008,16,3016,IN-S19-AC-2008-16,AMRITSAR WEST,lgd_direct,src-4ad56b409556
punjab,2008,17,3017,IN-S19-AC-2008-17,AMRITSAR CENTRAL,lgd_direct,src-4ad56b409556
punjab,2008,18,3018,IN-S19-AC-2008-18,AMRITSAR EAST,lgd_direct,src-4ad56b409556
punjab,2008,19,3019,IN-S19-AC-2008-19,AMRITSAR SOUTH,lgd_direct,src-4ad56b409556
punjab,2008,20,3020,IN-S19-AC-2008-20,ATTARI,lgd_direct,src-4ad56b409556
punjab,2008,21,3021,IN-S19-AC-2008-21,TARN TARAN,lgd_direct,src-4ad56b409556
punjab,2008,22,3022,IN-S19-AC-2008-22,KHEM KARAN,lgd_direct,src-4ad56b409556
punjab,2008,23,3023,IN-S19-AC-2008-23,PATTI,lgd_direct,src-4ad56b409556
punjab,2008,24,3024,IN-S19-AC-2008-24,KHADOOR SAHIB,lgd_direct,src-4ad56b409556
punjab,2008,25,3025,IN-S19-AC-2008-25,BABA BAKALA,lgd_direct,src-4ad56b409556
punjab,2008,26,3026,IN-S19-AC-2008-26,BHOLATH,lgd_direct,src-4ad56b409556
punjab,2008,27,3027,IN-S19-AC-2008-27,KAPURTHALA,lgd_direct,src-4ad56b409556
punjab,2008,28,3028,IN-S19-AC-2008-28,SULTANPUR LODHI,lgd_direct,src-4ad56b409556
punjab,2008,29,3029,IN-S19-AC-2008-29,PHAGWARA,lgd_direct,src-4ad56b409556
punjab,2008,30,3030,IN-S19-AC-2008-30,PHILLAUR,lgd_direct,src-4ad56b409556
punjab,2008,31,3031,IN-S19-AC-2008-31,NAKODAR,lgd_direct,src-4ad56b409556
punjab,2008,32,3032,IN-S19-AC-2008-32,SHAHKOT,lgd_direct,src-4ad56b409556
punjab,2008,33,3033,IN-S19-AC-2008-33,KARTARPUR,lgd_direct,src-4ad56b409556
punjab,2008,34,3034,IN-S19-AC-2008-34,JALANDHAR WEST,lgd_direct,src-4ad56b409556
punjab,2008,35,3035,IN-S19-AC-2008-35,JALANDHAR CENTRAL,lgd_direct,src-4ad56b409556
punjab,2008,36,3036,IN-S19-AC-2008-36,JALANDHAR NORTH,lgd_direct,src-4ad56b409556
punjab,2008,37,3037,IN-S19-AC-2008-37,JALANDHAR CANTT.,lgd_direct,src-4ad56b409556
punjab,2008,38,3038,IN-S19-AC-2008-38,ADAMPUR,lgd_direct,src-4ad56b409556
punjab,2008,39,3039,IN-S19-AC-2008-39,MUKERIAN,lgd_direct,src-4ad56b409556
punjab,2008,40,3040,IN-S19-AC-2008-40,DASUYA,lgd_direct,src-4ad56b409556
punjab,2008,41,3041,IN-S19-AC-2008-41,URMAR,lgd_direct,src-4ad56b409556
punjab,2008,42,3042,IN-S19-AC-2008-42,SHAM CHAURASI,lgd_direct,src-4ad56b409556
punjab,2008,43,3043,IN-S19-AC-2008-43,HOSHIARPUR,lgd_direct,src-4ad56b409556
punjab,2008,44,3044,IN-S19-AC-2008-44,CHABBEWAL,lgd_direct,src-4ad56b409556
punjab,2008,45,3045,IN-S19-AC-2008-45,GARHSHANKAR,lgd_direct,src-4ad56b409556
punjab,2008,46,3046,IN-S19-AC-2008-46,BANGA,lgd_direct,src-4ad56b409556
punjab,2008,47,3047,IN-S19-AC-2008-47,NAWAN SHAHR,lgd_direct,src-4ad56b409556
punjab,2008,48,3048,IN-S19-AC-2008-48,BALACHAUR,lgd_direct,src-4ad56b409556
punjab,2008,49,3049,IN-S19-AC-2008-49,ANANDPUR SAHIB,lgd_direct,src-4ad56b409556
punjab,2008,50,3050,IN-S19-AC-2008-50,RUPNAGAR,lgd_direct,src-4ad56b409556
punjab,2008,51,3051,IN-S19-AC-2008-51,CHAMKAUR SAHIB,lgd_direct,src-4ad56b409556
punjab,2008,52,3052,IN-S19-AC-2008-52,KHARAR,lgd_direct,src-4ad56b409556
punjab,2008,53,3053,IN-S19-AC-2008-53,S.A.S.NAGAR,lgd_direct,src-4ad56b409556
punjab,2008,54,3054,IN-S19-AC-2008-54,BASSI PATHANA,lgd_direct,src-4ad56b409556
punjab,2008,55,3055,IN-S19-AC-2008-55,FATEHGARH SAHIB,lgd_direct,src-4ad56b409556
punjab,2008,56,3056,IN-S19-AC-2008-56,AMLOH,lgd_direct,src-4ad56b409556
punjab,2008,57,3057,IN-S19-AC-2008-57,KHANNA,lgd_direct,src-4ad56b409556
punjab,2008,58,3058,IN-S19-AC-2008-58,SAMRALA,lgd_direct,src-4ad56b409556
punjab,2008,59,3059,IN-S19-AC-2008-59,SAHNEWAL,lgd_direct,src-4ad56b409556
punjab,2008,60,3060,IN-S19-AC-2008-60,LUDHIANA EAST,lgd_direct,src-4ad56b409556
punjab,2008,61,3061,IN-S19-AC-2008-61,LUDHIANA SOUTH,lgd_direct,src-4ad56b409556
punjab,2008,62,3062,IN-S19-AC-2008-62,ATAM NAGAR,lgd_direct,src-4ad56b409556
punjab,2008,63,3063,IN-S19-AC-2008-63,LUDHIANA CENTRAL,lgd_direct,src-4ad56b409556
punjab,2008,64,3064,IN-S19-AC-2008-64,LUDHIANA WEST,lgd_direct,src-4ad56b409556
punjab,2008,65,3065,IN-S19-AC-2008-65,LUDHIANA NORTH,lgd_direct,src-4ad56b409556
punjab,2008,66,3066,IN-S19-AC-2008-66,GILL,lgd_direct,src-4ad56b409556
punjab,2008,67,3067,IN-S19-AC-2008-67,PAYAL,lgd_direct,src-4ad56b409556
punjab,2008,68,3068,IN-S19-AC-2008-68,DAKHA,lgd_direct,src-4ad56b409556
punjab,2008,69,3069,IN-S19-AC-2008-69,RAIKOT,lgd_direct,src-4ad56b409556
punjab,2008,70,3070,IN-S19-AC-2008-70,JAGRAON,lgd_direct,src-4ad56b409556
punjab,2008,71,3071,IN-S19-AC-2008-71,NIHAL SINGH WALA,lgd_direct,src-4ad56b409556
punjab,2008,72,3072,IN-S19-AC-2008-72,BHAGHA PURANA,lgd_direct,src-4ad56b409556
punjab,2008,73,3073,IN-S19-AC-2008-73,MOGA,lgd_direct,src-4ad56b409556
punjab,2008,74,3074,IN-S19-AC-2008-74,DHARAMKOT,lgd_direct,src-4ad56b409556
punjab,2008,75,3075,IN-S19-AC-2008-75,ZIRA,lgd_direct,src-4ad56b409556
punjab,2008,76,3076,IN-S19-AC-2008-76,FIROZPUR CITY,lgd_direct,src-4ad56b409556
punjab,2008,77,3077,IN-S19-AC-2008-77,FIROZPUR RURAL,lgd_direct,src-4ad56b409556
punjab,2008,78,3078,IN-S19-AC-2008-78,GURU HAR SAHAI,lgd_direct,src-4ad56b409556
punjab,2008,79,3079,IN-S19-AC-2008-79,JALALABAD,lgd_direct,src-4ad56b409556
punjab,2008,80,3080,IN-S19-AC-2008-80,FAZILKA,lgd_direct,src-4ad56b409556
punjab,2008,81,3081,IN-S19-AC-2008-81,ABOHAR,lgd_direct,src-4ad56b409556
punjab,2008,82,3082,IN-S19-AC-2008-82,BALLUANA,lgd_direct,src-4ad56b409556
punjab,2008,83,3083,IN-S19-AC-2008-83,LAMBI,lgd_direct,src-4ad56b409556
punjab,2008,84,3084,IN-S19-AC-2008-84,GIDDERBAHA,lgd_direct,src-4ad56b409556
punjab,2008,85,3085,IN-S19-AC-2008-85,MALOUT,lgd_direct,src-4ad56b409556
punjab,2008,86,3086,IN-S19-AC-2008-86,MUKTSAR,lgd_direct,src-4ad56b409556
punjab,2008,87,3087,IN-S19-AC-2008-87,FARIDKOT,lgd_direct,src-4ad56b409556
punjab,2008,88,3088,IN-S19-AC-2008-88,KOTKAPURA,lgd_direct,src-4ad56b409556
punjab,2008,89,3089,IN-S19-AC-2008-89,JAITU,lgd_direct,src-4ad56b409556
punjab,2008,90,3090,IN-S19-AC-2008-90,RAMPURA PHUL,lgd_direct,src-4ad56b409556
punjab,2008,91,3091,IN-S19-AC-2008-91,BHUCHO MANDI,lgd_direct,src-4ad56b409556
punjab,2008,92,3092,IN-S19-AC-2008-92,BATHINDA URBAN,lgd_direct,src-4ad56b409556
punjab,2008,93,3093,IN-S19-AC-2008-93,BATHINDA RURAL,lgd_direct,src-4ad56b409556
punjab,2008,94,3094,IN-S19-AC-2008-94,TALWANDI SABO,lgd_direct,src-4ad56b409556
punjab,2008,95,3095,IN-S19-AC-2008-95,MAUR,lgd_direct,src-4ad56b409556
punjab,2008,96,3096,IN-S19-AC-2008-96,MANSA,lgd_direct,src-4ad56b409556
punjab,2008,97,3097,IN-S19-AC-2008-97,SARDULGARH,lgd_direct,src-4ad56b409556
punjab,2008,98,3098,IN-S19-AC-2008-98,BUDHLADA,lgd_direct,src-4ad56b409556
punjab,2008,99,3099,IN-S19-AC-2008-99,LEHRA,lgd_direct,src-4ad56b409556
punjab,2008,100,3100,IN-S19-AC-2008-100,DIRBA,lgd_direct,src-4ad56b409556
punjab,2008,101,3101,IN-S19-AC-2008-101,SUNAM,lgd_direct,src-4ad56b409556
punjab,2008,102,3102,IN-S19-AC-2008-102,BHADAUR,lgd_direct,src-4ad56b409556
punjab,2008,103,3103,IN-S19-AC-2008-103,BARNALA,lgd_direct,src-4ad56b409556
punjab,2008,104,3104,IN-S19-AC-2008-104,MEHAL KALAN,lgd_direct,src-4ad56b409556
punjab,2008,105,3105,IN-S19-AC-2008-105,MALERKOTLA,lgd_direct,src-4ad56b409556
punjab,2008,106,3106,IN-S19-AC-2008-106,AMARGARH,lgd_direct,src-4ad56b409556
punjab,2008,107,3107,IN-S19-AC-2008-107,DHURI,lgd_direct,src-4ad56b409556
punjab,2008,108,3108,IN-S19-AC-2008-108,SANGRUR,lgd_direct,src-4ad56b409556
punjab,2008,109,3109,IN-S19-AC-2008-109,NABHA,lgd_direct,src-4ad56b409556
punjab,2008,110,3110,IN-S19-AC-2008-110,PATIALA RURAL,lgd_direct,src-4ad56b409556
punjab,2008,111,3111,IN-S19-AC-2008-111,RAJPURA,lgd_direct,src-4ad56b409556
punjab,2008,112,3112,IN-S19-AC-2008-112,DERA BASSI,lgd_direct,src-4ad56b409556
punjab,2008,113,3113,IN-S19-AC-2008-113,GHANAUR,lgd_direct,src-4ad56b409556
punjab,2008,114,3114,IN-S19-AC-2008-114,SANOUR,lgd_direct,src-4ad56b409556
punjab,2008,115,3115,IN-S19-AC-2008-115,PATIALA,lgd_direct,src-4ad56b409556
punjab,2008,116,3116,IN-S19-AC-2008-116,SAMANA,lgd_direct,src-4ad56b409556
punjab,2008,117,3117,IN-S19-AC-2008-117,SHUTRANA,lgd_direct,src-4ad56b409556
rajasthan,2008,1,8001,IN-S20-AC-2008-1,SADULSHAHAR,lgd_direct,src-4ad56b409556
rajasthan,2008,2,8002,IN-S20-AC-2008-2,SRI GANGANAGAR,lgd_direct,src-4ad56b409556
rajasthan,2008,3,8003,IN-S20-AC-2008-3,SRI KARANPUR,lgd_direct,src-4ad56b409556
rajasthan,2008,4,8004,IN-S20-AC-2008-4,SURATGARH,lgd_direct,src-4ad56b409556
rajasthan,2008,5,8005,IN-S20-AC-2008-5,RAISINGHNAGAR,lgd_direct,src-4ad56b409556
rajasthan,2008,6,8006,IN-S20-AC-2008-6,ANUPGARH,lgd_direct,src-4ad56b409556
rajasthan,2008,7,8007,IN-S20-AC-2008-7,SANGARIA,lgd_direct,src-4ad56b409556
rajasthan,2008,8,8008,IN-S20-AC-2008-8,HANUMANGARH,lgd_direct,src-4ad56b409556
rajasthan,2008,9,8009,IN-S20-AC-2008-9,PILIBANGA,lgd_direct,src-4ad56b409556
rajasthan,2008,10,8010,IN-S20-AC-2008-10,NOHAR,lgd_direct,src-4ad56b409556
rajasthan,2008,11,8011,IN-S20-AC-2008-11,BHADRA,lgd_direct,src-4ad56b409556
rajasthan,2008,12,8012,IN-S20-AC-2008-12,KHAJUWALA,lgd_direct,src-4ad56b409556
rajasthan,2008,13,8013,IN-S20-AC-2008-13,BIKANER WEST,lgd_direct,src-4ad56b409556
rajasthan,2008,14,8014,IN-S20-AC-2008-14,BIKANER EAST,lgd_direct,src-4ad56b409556
rajasthan,2008,15,8015,IN-S20-AC-2008-15,KOLAYAT,lgd_direct,src-4ad56b409556
rajasthan,2008,16,8016,IN-S20-AC-2008-16,LUNKARANSAR,lgd_direct,src-4ad56b409556
rajasthan,2008,17,8017,IN-S20-AC-2008-17,DUNGARGARH,lgd_direct,src-4ad56b409556
rajasthan,2008,18,8018,IN-S20-AC-2008-18,NOKHA,lgd_direct,src-4ad56b409556
rajasthan,2008,19,8019,IN-S20-AC-2008-19,SADULPUR,lgd_direct,src-4ad56b409556
rajasthan,2008,20,8020,IN-S20-AC-2008-20,TARANAGAR,lgd_direct,src-4ad56b409556
rajasthan,2008,21,8021,IN-S20-AC-2008-21,SARDAR SHAHAR,lgd_direct,src-4ad56b409556
rajasthan,2008,22,8022,IN-S20-AC-2008-22,CHURU,lgd_direct,src-4ad56b409556
rajasthan,2008,23,8023,IN-S20-AC-2008-23,RATANGARH,lgd_direct,src-4ad56b409556
rajasthan,2008,24,8024,IN-S20-AC-2008-24,SUJANGARH,lgd_direct,src-4ad56b409556
rajasthan,2008,25,8025,IN-S20-AC-2008-25,PILANI,lgd_direct,src-4ad56b409556
rajasthan,2008,26,8026,IN-S20-AC-2008-26,SURAJGARH,lgd_direct,src-4ad56b409556
rajasthan,2008,27,8027,IN-S20-AC-2008-27,JHUNJHUNU,lgd_direct,src-4ad56b409556
rajasthan,2008,28,8028,IN-S20-AC-2008-28,MANDAWA,lgd_direct,src-4ad56b409556
rajasthan,2008,29,8029,IN-S20-AC-2008-29,NAWALGARH,lgd_direct,src-4ad56b409556
rajasthan,2008,30,8030,IN-S20-AC-2008-30,UDAIPURWATI,lgd_direct,src-4ad56b409556
rajasthan,2008,31,8031,IN-S20-AC-2008-31,KHETRI,lgd_direct,src-4ad56b409556
rajasthan,2008,32,8032,IN-S20-AC-2008-32,FATEHPUR,lgd_direct,src-4ad56b409556
rajasthan,2008,33,8033,IN-S20-AC-2008-33,LACHHMANGARH,lgd_direct,src-4ad56b409556
rajasthan,2008,34,8034,IN-S20-AC-2008-34,DHOD,lgd_direct,src-4ad56b409556
rajasthan,2008,35,8035,IN-S20-AC-2008-35,SIKAR,lgd_direct,src-4ad56b409556
rajasthan,2008,36,8036,IN-S20-AC-2008-36,DANTA-RAMGARH,lgd_direct,src-4ad56b409556
rajasthan,2008,37,8037,IN-S20-AC-2008-37,KHANDELA,lgd_direct,src-4ad56b409556
rajasthan,2008,38,8038,IN-S20-AC-2008-38,NEEM KA THANA,lgd_direct,src-4ad56b409556
rajasthan,2008,39,8039,IN-S20-AC-2008-39,SRIMADHOPUR,lgd_direct,src-4ad56b409556
rajasthan,2008,40,8040,IN-S20-AC-2008-40,KOTPUTLI,lgd_direct,src-4ad56b409556
rajasthan,2008,41,8041,IN-S20-AC-2008-41,VIRATNAGAR,lgd_direct,src-4ad56b409556
rajasthan,2008,42,8042,IN-S20-AC-2008-42,SHAHPURA,lgd_direct,src-4ad56b409556
rajasthan,2008,43,8043,IN-S20-AC-2008-43,CHOMU,lgd_direct,src-4ad56b409556
rajasthan,2008,44,8044,IN-S20-AC-2008-44,PHULERA,lgd_direct,src-4ad56b409556
rajasthan,2008,45,8045,IN-S20-AC-2008-45,DUDU,lgd_direct,src-4ad56b409556
rajasthan,2008,46,8046,IN-S20-AC-2008-46,JHOTWARA,lgd_direct,src-4ad56b409556
rajasthan,2008,47,8047,IN-S20-AC-2008-47,AMBER,lgd_direct,src-4ad56b409556
rajasthan,2008,48,8048,IN-S20-AC-2008-48,JAMWA RAMGARH,lgd_direct,src-4ad56b409556
rajasthan,2008,49,8049,IN-S20-AC-2008-49,HAWAMAHAL,lgd_direct,src-4ad56b409556
rajasthan,2008,50,8050,IN-S20-AC-2008-50,VIDHYADHAR NAGAR,lgd_direct,src-4ad56b409556
rajasthan,2008,51,8051,IN-S20-AC-2008-51,CIVIL LINES,lgd_direct,src-4ad56b409556
rajasthan,2008,52,8052,IN-S20-AC-2008-52,KISHANPOLE,lgd_direct,src-4ad56b409556
rajasthan,2008,53,8053,IN-S20-AC-2008-53,ADARSH NAGAR,lgd_direct,src-4ad56b409556
rajasthan,2008,54,8054,IN-S20-AC-2008-54,MALVIYA NAGAR,lgd_direct,src-4ad56b409556
rajasthan,2008,55,8055,IN-S20-AC-2008-55,SANGANER,lgd_direct,src-4ad56b409556
rajasthan,2008,56,8056,IN-S20-AC-2008-56,BAGRU,lgd_direct,src-4ad56b409556
rajasthan,2008,57,8057,IN-S20-AC-2008-57,BASSI,lgd_direct,src-4ad56b409556
rajasthan,2008,58,8058,IN-S20-AC-2008-58,CHAKSU,lgd_direct,src-4ad56b409556
rajasthan,2008,59,8059,IN-S20-AC-2008-59,TIJARA,lgd_direct,src-4ad56b409556
rajasthan,2008,60,8060,IN-S20-AC-2008-60,KISHANGARH BAS,lgd_direct,src-4ad56b409556
rajasthan,2008,61,8061,IN-S20-AC-2008-61,MUNDAWAR,lgd_direct,src-4ad56b409556
rajasthan,2008,62,8062,IN-S20-AC-2008-62,BEHROR,lgd_direct,src-4ad56b409556
rajasthan,2008,63,8063,IN-S20-AC-2008-63,BANSUR,lgd_direct,src-4ad56b409556
rajasthan,2008,64,8064,IN-S20-AC-2008-64,THANAGAZI,lgd_direct,src-4ad56b409556
rajasthan,2008,65,8065,IN-S20-AC-2008-65,ALWAR RURAL,lgd_direct,src-4ad56b409556
rajasthan,2008,66,8066,IN-S20-AC-2008-66,ALWAR URBAN,lgd_direct,src-4ad56b409556
rajasthan,2008,67,8067,IN-S20-AC-2008-67,RAMGARH,lgd_direct,src-4ad56b409556
rajasthan,2008,68,8068,IN-S20-AC-2008-68,RAJGARH-LAXMANGARH,lgd_direct,src-4ad56b409556
rajasthan,2008,69,8069,IN-S20-AC-2008-69,KATHUMAR,lgd_direct,src-4ad56b409556
rajasthan,2008,70,8070,IN-S20-AC-2008-70,KAMAN,lgd_direct,src-4ad56b409556
rajasthan,2008,71,8071,IN-S20-AC-2008-71,NAGAR,lgd_direct,src-4ad56b409556
rajasthan,2008,72,8072,IN-S20-AC-2008-72,DEEG-KUMHER,lgd_direct,src-4ad56b409556
rajasthan,2008,73,8073,IN-S20-AC-2008-73,BHARATPUR,lgd_direct,src-4ad56b409556
rajasthan,2008,74,8074,IN-S20-AC-2008-74,NADBAI,lgd_direct,src-4ad56b409556
rajasthan,2008,75,8075,IN-S20-AC-2008-75,WEIR,lgd_direct,src-4ad56b409556
rajasthan,2008,76,8076,IN-S20-AC-2008-76,BAYANA,lgd_direct,src-4ad56b409556
rajasthan,2008,77,8077,IN-S20-AC-2008-77,BASERI,lgd_direct,src-4ad56b409556
rajasthan,2008,78,8078,IN-S20-AC-2008-78,BARI,lgd_direct,src-4ad56b409556
rajasthan,2008,79,8079,IN-S20-AC-2008-79,DHOLPUR,lgd_direct,src-4ad56b409556
rajasthan,2008,80,8080,IN-S20-AC-2008-80,RAJAKHERA,lgd_direct,src-4ad56b409556
rajasthan,2008,81,8081,IN-S20-AC-2008-81,TODABHIM,lgd_direct,src-4ad56b409556
rajasthan,2008,82,8082,IN-S20-AC-2008-82,HINDAUN,lgd_direct,src-4ad56b409556
rajasthan,2008,83,8083,IN-S20-AC-2008-83,KARAULI,lgd_direct,src-4ad56b409556
rajasthan,2008,84,8084,IN-S20-AC-2008-84,SAPOTRA,lgd_direct,src-4ad56b409556
rajasthan,2008,85,8085,IN-S20-AC-2008-85,BANDIKUI,lgd_direct,src-4ad56b409556
rajasthan,2008,86,8086,IN-S20-AC-2008-86,MAHUWA,lgd_direct,src-4ad56b409556
rajasthan,2008,87,8087,IN-S20-AC-2008-87,SIKRAI,lgd_direct,src-4ad56b409556
rajasthan,2008,88,8088,IN-S20-AC-2008-88,DAUSA,lgd_direct,src-4ad56b409556
rajasthan,2008,89,8089,IN-S20-AC-2008-89,LALSOT,lgd_direct,src-4ad56b409556
rajasthan,2008,90,8090,IN-S20-AC-2008-90,GANGAPUR,lgd_direct,src-4ad56b409556
rajasthan,2008,91,8091,IN-S20-AC-2008-91,BAMANWAS,lgd_direct,src-4ad56b409556
rajasthan,2008,92,8092,IN-S20-AC-2008-92,SAWAI MADHOPUR,lgd_direct,src-4ad56b409556
rajasthan,2008,93,8093,IN-S20-AC-2008-93,KHANDAR,lgd_direct,src-4ad56b409556
rajasthan,2008,94,8094,IN-S20-AC-2008-94,MALPURA,lgd_direct,src-4ad56b409556
rajasthan,2008,95,8095,IN-S20-AC-2008-95,NIWAI,lgd_direct,src-4ad56b409556
rajasthan,2008,96,8096,IN-S20-AC-2008-96,TONK,lgd_direct,src-4ad56b409556
rajasthan,2008,97,8097,IN-S20-AC-2008-97,DEOLI UNIARA,lgd_direct,src-4ad56b409556
rajasthan,2008,98,8098,IN-S20-AC-2008-98,KISHANGARH,lgd_direct,src-4ad56b409556
rajasthan,2008,99,8099,IN-S20-AC-2008-99,PUSHKAR,lgd_direct,src-4ad56b409556
rajasthan,2008,100,8100,IN-S20-AC-2008-100,AJMER NORTH,lgd_direct,src-4ad56b409556
rajasthan,2008,101,8101,IN-S20-AC-2008-101,AJMER SOUTH,lgd_direct,src-4ad56b409556
rajasthan,2008,102,8102,IN-S20-AC-2008-102,NASIRABAD,lgd_direct,src-4ad56b409556
rajasthan,2008,103,8103,IN-S20-AC-2008-103,BEAWAR,lgd_direct,src-4ad56b409556
rajasthan,2008,104,8104,IN-S20-AC-2008-104,MASUDA,lgd_direct,src-4ad56b409556
rajasthan,2008,105,8105,IN-S20-AC-2008-105,KEKRI,lgd_direct,src-4ad56b409556
rajasthan,2008,106,8106,IN-S20-AC-2008-106,LADNU,lgd_direct,src-4ad56b409556
rajasthan,2008,107,8107,IN-S20-AC-2008-107,DEEDWANA,lgd_direct,src-4ad56b409556
rajasthan,2008,108,8108,IN-S20-AC-2008-108,JAYAL,lgd_direct,src-4ad56b409556
rajasthan,2008,109,8109,IN-S20-AC-2008-109,NAGAUR,lgd_direct,src-4ad56b409556
rajasthan,2008,110,8110,IN-S20-AC-2008-110,KHINWSAR,lgd_direct,src-4ad56b409556
rajasthan,2008,111,8111,IN-S20-AC-2008-111,MERTA,lgd_direct,src-4ad56b409556
rajasthan,2008,112,8112,IN-S20-AC-2008-112,DEGANA,lgd_direct,src-4ad56b409556
rajasthan,2008,113,8113,IN-S20-AC-2008-113,MAKRANA,lgd_direct,src-4ad56b409556
rajasthan,2008,114,8114,IN-S20-AC-2008-114,PARBATSAR,lgd_direct,src-4ad56b409556
rajasthan,2008,115,8115,IN-S20-AC-2008-115,NAWAN,lgd_direct,src-4ad56b409556
rajasthan,2008,116,8116,IN-S20-AC-2008-116,JAITARAN,lgd_direct,src-4ad56b409556
rajasthan,2008,117,8117,IN-S20-AC-2008-117,SOJAT,lgd_direct,src-4ad56b409556
rajasthan,2008,118,8118,IN-S20-AC-2008-118,PALI,lgd_direct,src-4ad56b409556
rajasthan,2008,119,8119,IN-S20-AC-2008-119,MARWAR JUNCTION,lgd_direct,src-4ad56b409556
rajasthan,2008,120,8120,IN-S20-AC-2008-120,BALI,lgd_direct,src-4ad56b409556
rajasthan,2008,121,8121,IN-S20-AC-2008-121,SUMERPUR,lgd_direct,src-4ad56b409556
rajasthan,2008,122,8122,IN-S20-AC-2008-122,PHALODI,lgd_direct,src-4ad56b409556
rajasthan,2008,123,8123,IN-S20-AC-2008-123,LOHAWAT,lgd_direct,src-4ad56b409556
rajasthan,2008,124,8124,IN-S20-AC-2008-124,SHERGARH,lgd_direct,src-4ad56b409556
rajasthan,2008,125,8125,IN-S20-AC-2008-125,OSIAN,lgd_direct,src-4ad56b409556
rajasthan,2008,126,8126,IN-S20-AC-2008-126,BHOPALGARH,lgd_direct,src-4ad56b409556
rajasthan,2008,127,8127,IN-S20-AC-2008-127,SARDARPURA,lgd_direct,src-4ad56b409556
rajasthan,2008,128,8128,IN-S20-AC-2008-128,JODHPUR,lgd_direct,src-4ad56b409556
rajasthan,2008,129,8129,IN-S20-AC-2008-129,SOORSAGAR,lgd_direct,src-4ad56b409556
rajasthan,2008,130,8130,IN-S20-AC-2008-130,LUNI,lgd_direct,src-4ad56b409556
rajasthan,2008,131,8131,IN-S20-AC-2008-131,BILARA,lgd_direct,src-4ad56b409556
rajasthan,2008,132,8132,IN-S20-AC-2008-132,JAISALMER,lgd_direct,src-4ad56b409556
rajasthan,2008,133,8133,IN-S20-AC-2008-133,POKARAN,lgd_direct,src-4ad56b409556
rajasthan,2008,134,8134,IN-S20-AC-2008-134,SHEO,lgd_direct,src-4ad56b409556
rajasthan,2008,135,8135,IN-S20-AC-2008-135,BARMER,lgd_direct,src-4ad56b409556
rajasthan,2008,136,8136,IN-S20-AC-2008-136,BAYTOO,lgd_direct,src-4ad56b409556
rajasthan,2008,137,8137,IN-S20-AC-2008-137,PACHPADRA,lgd_direct,src-4ad56b409556
rajasthan,2008,138,8138,IN-S20-AC-2008-138,SIWANA,lgd_direct,src-4ad56b409556
rajasthan,2008,139,8139,IN-S20-AC-2008-139,GUDHA MALANI,lgd_direct,src-4ad56b409556
rajasthan,2008,140,8140,IN-S20-AC-2008-140,CHOHTAN,lgd_direct,src-4ad56b409556
rajasthan,2008,141,8141,IN-S20-AC-2008-141,AHORE,lgd_direct,src-4ad56b409556
rajasthan,2008,142,8142,IN-S20-AC-2008-142,JALORE,lgd_direct,src-4ad56b409556
rajasthan,2008,143,8143,IN-S20-AC-2008-143,BHINMAL,lgd_direct,src-4ad56b409556
rajasthan,2008,144,8144,IN-S20-AC-2008-144,SANCHORE,lgd_direct,src-4ad56b409556
rajasthan,2008,145,8145,IN-S20-AC-2008-145,RANIWARA,lgd_direct,src-4ad56b409556
rajasthan,2008,146,8146,IN-S20-AC-2008-146,SIROHI,lgd_direct,src-4ad56b409556
rajasthan,2008,147,8147,IN-S20-AC-2008-147,PINDWARA ABU,lgd_direct,src-4ad56b409556
rajasthan,2008,148,8148,IN-S20-AC-2008-148,REODAR,lgd_direct,src-4ad56b409556
rajasthan,2008,149,8149,IN-S20-AC-2008-149,GOGUNDA,lgd_direct,src-4ad56b409556
rajasthan,2008,150,8150,IN-S20-AC-2008-150,JHADOL,lgd_direct,src-4ad56b409556
rajasthan,2008,151,8151,IN-S20-AC-2008-151,KHERWARA,lgd_direct,src-4ad56b409556
rajasthan,2008,152,8152,IN-S20-AC-2008-152,UDAIPUR RURAL,lgd_direct,src-4ad56b409556
rajasthan,2008,153,8153,IN-S20-AC-2008-153,UDAIPUR,lgd_direct,src-4ad56b409556
rajasthan,2008,154,8154,IN-S20-AC-2008-154,MAVLI,lgd_direct,src-4ad56b409556
rajasthan,2008,155,8155,IN-S20-AC-2008-155,VALLABHNAGAR,lgd_direct,src-4ad56b409556
rajasthan,2008,156,8156,IN-S20-AC-2008-156,SALUMBER,lgd_direct,src-4ad56b409556
rajasthan,2008,157,8157,IN-S20-AC-2008-157,DHARIAWAD,lgd_direct,src-4ad56b409556
rajasthan,2008,158,8158,IN-S20-AC-2008-158,DUNGARPUR,lgd_direct,src-4ad56b409556
rajasthan,2008,159,8159,IN-S20-AC-2008-159,ASPUR,lgd_direct,src-4ad56b409556
rajasthan,2008,160,8160,IN-S20-AC-2008-160,SAGWARA,lgd_direct,src-4ad56b409556
rajasthan,2008,161,8161,IN-S20-AC-2008-161,CHORASI,lgd_direct,src-4ad56b409556
rajasthan,2008,162,8162,IN-S20-AC-2008-162,GHATOL,lgd_direct,src-4ad56b409556
rajasthan,2008,163,8163,IN-S20-AC-2008-163,GARHI,lgd_direct,src-4ad56b409556
rajasthan,2008,164,8164,IN-S20-AC-2008-164,BANSWARA,lgd_direct,src-4ad56b409556
rajasthan,2008,165,8165,IN-S20-AC-2008-165,BAGIDORA,lgd_direct,src-4ad56b409556
rajasthan,2008,166,8166,IN-S20-AC-2008-166,KUSHALGARH,lgd_direct,src-4ad56b409556
rajasthan,2008,167,8167,IN-S20-AC-2008-167,KAPASIN,lgd_direct,src-4ad56b409556
rajasthan,2008,168,,IN-S20-AC-2008-168,BEGUN,unmapped,src-4ad56b409556
rajasthan,2008,169,8169,IN-S20-AC-2008-169,CHITTORGARH,lgd_direct,src-4ad56b409556
rajasthan,2008,170,8170,IN-S20-AC-2008-170,NIMBAHERA,lgd_direct,src-4ad56b409556
rajasthan,2008,171,8171,IN-S20-AC-2008-171,BARI SADRI,lgd_direct,src-4ad56b409556
rajasthan,2008,172,8172,IN-S20-AC-2008-172,PRATAPGARH,lgd_direct,src-4ad56b409556
rajasthan,2008,173,8173,IN-S20-AC-2008-173,BHIM,lgd_direct,src-4ad56b409556
rajasthan,2008,174,8174,IN-S20-AC-2008-174,KUMBHALGARH,lgd_direct,src-4ad56b409556
rajasthan,2008,175,8175,IN-S20-AC-2008-175,RAJSAMAND,lgd_direct,src-4ad56b409556
rajasthan,2008,176,8176,IN-S20-AC-2008-176,NATHDWARA,lgd_direct,src-4ad56b409556
rajasthan,2008,177,8177,IN-S20-AC-2008-177,ASIND,lgd_direct,src-4ad56b409556
rajasthan,2008,178,8178,IN-S20-AC-2008-178,MANDAL,lgd_direct,src-4ad56b409556
rajasthan,2008,179,8179,IN-S20-AC-2008-179,SAHADA,lgd_direct,src-4ad56b409556
rajasthan,2008,180,8180,IN-S20-AC-2008-180,BHILWARA,lgd_direct,src-4ad56b409556
rajasthan,2008,181,8181,IN-S20-AC-2008-181,SHAHPURA (SC),lgd_direct,src-4ad56b409556
rajasthan,2008,182,8182,IN-S20-AC-2008-182,JAHAZPUR,lgd_direct,src-4ad56b409556
rajasthan,2008,183,8183,IN-S20-AC-2008-183,MANDALGARH,lgd_direct,src-4ad56b409556
rajasthan,2008,184,8184,IN-S20-AC-2008-184,HINDOLI,lgd_direct,src-4ad56b409556
rajasthan,2008,185,8185,IN-S20-AC-2008-185,KESHORAIPATAN,lgd_direct,src-4ad56b409556
rajasthan,2008,186,8186,IN-S20-AC-2008-186,BUNDI,lgd_direct,src-4ad56b409556
rajasthan,2008,187,8187,IN-S20-AC-2008-187,PIPALDA,lgd_direct,src-4ad56b409556
rajasthan,2008,188,8188,IN-S20-AC-2008-188,SANGOD,lgd_direct,src-4ad56b409556
rajasthan,2008,189,8189,IN-S20-AC-2008-189,KOTA NORTH,lgd_direct,src-4ad56b409556
rajasthan,2008,190,8190,IN-S20-AC-2008-190,KOTA SOUTH,lgd_direct,src-4ad56b409556
rajasthan,2008,191,8191,IN-S20-AC-2008-191,LADPURA,lgd_direct,src-4ad56b409556
rajasthan,2008,192,8192,IN-S20-AC-2008-192,RAMGANJ MANDI,lgd_direct,src-4ad56b409556
rajasthan,2008,193,8193,IN-S20-AC-2008-193,ANTA,lgd_direct,src-4ad56b409556
rajasthan,2008,194,8194,IN-S20-AC-2008-194,KISHANGANJ,lgd_direct,src-4ad56b409556
rajasthan,2008,195,8195,IN-S20-AC-2008-195,BARAN-ATRU,lgd_direct,src-4ad56b409556
rajasthan,2008,196,8196,IN-S20-AC-2008-196,CHHABRA,lgd_direct,src-4ad56b409556
rajasthan,2008,197,8197,IN-S20-AC-2008-197,DAG,lgd_direct,src-4ad56b409556
rajasthan,2008,198,8198,IN-S20-AC-2008-198,JHALRAPATAN,lgd_direct,src-4ad56b409556
rajasthan,2008,199,8199,IN-S20-AC-2008-199,KHANPUR,lgd_direct,src-4ad56b409556
rajasthan,2008,200,8200,IN-S20-AC-2008-200,MANOHAR THANA,lgd_direct,src-4ad56b409556
sikkim,2008,1,11001,IN-S21-AC-2008-1,YOKSAM-TASHIDING,lgd_direct,src-4ad56b409556
sikkim,2008,2,11002,IN-S21-AC-2008-2,YANGTHANG,lgd_direct,src-4ad56b409556
sikkim,2008,3,11003,IN-S21-AC-2008-3,MANEYBUNG-DENTAM,lgd_direct,src-4ad56b409556
sikkim,2008,4,11004,IN-S21-AC-2008-4,GYALSHING-BARNYAK,lgd_direct,src-4ad56b409556
sikkim,2008,5,11005,IN-S21-AC-2008-5,RINCHENPONG,lgd_direct,src-4ad56b409556
sikkim,2008,6,11006,IN-S21-AC-2008-6,DARAMDIN,lgd_direct,src-4ad56b409556
sikkim,2008,7,11007,IN-S21-AC-2008-7,SOREONG-CHAKUNG,lgd_direct,src-4ad56b409556
sikkim,2008,8,11008,IN-S21-AC-2008-8,SALGHARI-ZOO,lgd_direct,src-4ad56b409556
sikkim,2008,9,11009,IN-S21-AC-2008-9,BARFUNG,lgd_direct,src-4ad56b409556
sikkim,2008,10,11010,IN-S21-AC-2008-10,POKLOK-KAMRANG,lgd_direct,src-4ad56b409556
sikkim,2008,11,11011,IN-S21-AC-2008-11,NAMCHI-SINGHITHANG,lgd_direct,src-4ad56b409556
sikkim,2008,12,11012,IN-S21-AC-2008-12,MELLI,lgd_direct,src-4ad56b409556
sikkim,2008,13,11013,IN-S21-AC-2008-13,NAMTHANG-RATEYPANI,lgd_direct,src-4ad56b409556
sikkim,2008,14,11014,IN-S21-AC-2008-14,TEMI-NAMPHING,lgd_direct,src-4ad56b409556
sikkim,2008,15,11015,IN-S21-AC-2008-15,RANGANG-YANGANG,lgd_direct,src-4ad56b409556
sikkim,2008,16,11016,IN-S21-AC-2008-16,TUMEN-LINGI,lgd_direct,src-4ad56b409556
sikkim,2008,17,11017,IN-S21-AC-2008-17,KHAMDONG-SINGTAM,lgd_direct,src-4ad56b409556
sikkim,2008,18,11018,IN-S21-AC-2008-18,WEST PENDA,lgd_direct,src-4ad56b409556
sikkim,2008,19,11019,IN-S21-AC-2008-19,RHENOCK,lgd_direct,src-4ad56b409556
sikkim,2008,20,11020,IN-S21-AC-2008-20,CHUJACHEN,lgd_direct,src-4ad56b409556
sikkim,2008,21,11021,IN-S21-AC-2008-21,GNATHANG-MACHONG,lgd_direct,src-4ad56b409556
sikkim,2008,22,11022,IN-S21-AC-2008-22,NAMCHEYBUNG,lgd_direct,src-4ad56b409556
sikkim,2008,23,11023,IN-S21-AC-2008-23,SHYARI,lgd_direct,src-4ad56b409556
sikkim,2008,24,11024,IN-S21-AC-2008-24,MARTAM-RUMTEK,lgd_direct,src-4ad56b409556
sikkim,2008,25,11025,IN-S21-AC-2008-25,UPPER TADONG,lgd_direct,src-4ad56b409556
sikkim,2008,26,11026,IN-S21-AC-2008-26,ARITHANG,lgd_direct,src-4ad56b409556
sikkim,2008,27,11027,IN-S21-AC-2008-27,GANGTOK,lgd_direct,src-4ad56b409556
sikkim,2008,28,11028,IN-S21-AC-2008-28,UPPER BURTUK,lgd_direct,src-4ad56b409556
sikkim,2008,29,11029,IN-S21-AC-2008-29,KABI LUNGCHUK,lgd_direct,src-4ad56b409556
sikkim,2008,30,11030,IN-S21-AC-2008-30,DJONGU,lgd_direct,src-4ad56b409556
sikkim,2008,31,11031,IN-S21-AC-2008-31,LACHEN MANGAN,lgd_direct,src-4ad56b409556
sikkim,2008,32,,IN-S21-AC-2008-32,SANGHA,unmapped,src-4ad56b409556
tamil-nadu,2008,1,33001,IN-S22-AC-2008-1,GUMMIDIPUNDI,lgd_direct,src-4ad56b409556
tamil-nadu,2008,2,33002,IN-S22-AC-2008-2,PONNERI,lgd_direct,src-4ad56b409556
tamil-nadu,2008,3,33003,IN-S22-AC-2008-3,TIRUTTANI,lgd_direct,src-4ad56b409556
tamil-nadu,2008,4,33004,IN-S22-AC-2008-4,THIRUVALLUR,lgd_direct,src-4ad56b409556
tamil-nadu,2008,5,33005,IN-S22-AC-2008-5,POONAMALLEE,lgd_direct,src-4ad56b409556
tamil-nadu,2008,6,33006,IN-S22-AC-2008-6,AVADI,lgd_direct,src-4ad56b409556
tamil-nadu,2008,7,33007,IN-S22-AC-2008-7,MADURAVOYAL,lgd_direct,src-4ad56b409556
tamil-nadu,2008,8,33008,IN-S22-AC-2008-8,AMBATTUR,lgd_direct,src-4ad56b409556
tamil-nadu,2008,9,33009,IN-S22-AC-2008-9,MADAVARAM,lgd_direct,src-4ad56b409556
tamil-nadu,2008,10,33010,IN-S22-AC-2008-10,THIRUVOTTIYUR,lgd_direct,src-4ad56b409556
tamil-nadu,2008,11,33011,IN-S22-AC-2008-11,DR. RADHAKRISHNAN NAGAR,lgd_direct,src-4ad56b409556
tamil-nadu,2008,12,33012,IN-S22-AC-2008-12,PERAMBUR,lgd_direct,src-4ad56b409556
tamil-nadu,2008,13,33013,IN-S22-AC-2008-13,KOLATHUR,lgd_direct,src-4ad56b409556
tamil-nadu,2008,14,33014,IN-S22-AC-2008-14,VILLIVAKKAM,lgd_direct,src-4ad56b409556
tamil-nadu,2008,15,33015,IN-S22-AC-2008-15,THIRU-VI-KA-NAGAR,lgd_direct,src-4ad56b409556
tamil-nadu,2008,16,33016,IN-S22-AC-2008-16,EGMORE,lgd_direct,src-4ad56b409556
tamil-nadu,2008,17,33017,IN-S22-AC-2008-17,ROYAPURAM,lgd_direct,src-4ad56b409556
tamil-nadu,2008,18,33018,IN-S22-AC-2008-18,HARBOUR,lgd_direct,src-4ad56b409556
tamil-nadu,2008,19,33019,IN-S22-AC-2008-19,CHEPAUK-THIRUVALLIKENI,lgd_direct,src-4ad56b409556
tamil-nadu,2008,20,33020,IN-S22-AC-2008-20,THOUSAND LIGHTS,lgd_direct,src-4ad56b409556
tamil-nadu,2008,21,33021,IN-S22-AC-2008-21,ANNA NAGAR,lgd_direct,src-4ad56b409556
tamil-nadu,2008,22,33022,IN-S22-AC-2008-22,VIRUGAMPAKKAM,lgd_direct,src-4ad56b409556
tamil-nadu,2008,23,33023,IN-S22-AC-2008-23,SAIDAPET,lgd_direct,src-4ad56b409556
tamil-nadu,2008,24,33024,IN-S22-AC-2008-24,THEAYAGARAYA NAGAR,lgd_direct,src-4ad56b409556
tamil-nadu,2008,25,33025,IN-S22-AC-2008-25,MYLAPORE,lgd_direct,src-4ad56b409556
tamil-nadu,2008,26,33026,IN-S22-AC-2008-26,VELACHERY,lgd_direct,src-4ad56b409556
tamil-nadu,2008,27,33027,IN-S22-AC-2008-27,SHOZHINGANALLUR,lgd_direct,src-4ad56b409556
tamil-nadu,2008,28,33028,IN-S22-AC-2008-28,ALANDUR,lgd_direct,src-4ad56b409556
tamil-nadu,2008,29,33029,IN-S22-AC-2008-29,SRIPERUMBUDUR,lgd_direct,src-4ad56b409556
tamil-nadu,2008,30,33030,IN-S22-AC-2008-30,PALLAVARAM,lgd_direct,src-4ad56b409556
tamil-nadu,2008,31,33031,IN-S22-AC-2008-31,TAMBARAM,lgd_direct,src-4ad56b409556
tamil-nadu,2008,32,33032,IN-S22-AC-2008-32,CHENGALPATTU,lgd_direct,src-4ad56b409556
tamil-nadu,2008,33,33033,IN-S22-AC-2008-33,THIRUPORUR,lgd_direct,src-4ad56b409556
tamil-nadu,2008,34,33034,IN-S22-AC-2008-34,CHEYYUR,lgd_direct,src-4ad56b409556
tamil-nadu,2008,35,33035,IN-S22-AC-2008-35,MADURANTHAKAM,lgd_direct,src-4ad56b409556
tamil-nadu,2008,36,33036,IN-S22-AC-2008-36,UTHIRAMERUR,lgd_direct,src-4ad56b409556
tamil-nadu,2008,37,33037,IN-S22-AC-2008-37,KANCHEEPURAM,lgd_direct,src-4ad56b409556
tamil-nadu,2008,38,33038,IN-S22-AC-2008-38,ARAKONAM,lgd_direct,src-4ad56b409556
tamil-nadu,2008,39,33039,IN-S22-AC-2008-39,SHOLINGHUR,lgd_direct,src-4ad56b409556
tamil-nadu,2008,40,33040,IN-S22-AC-2008-40,KATPADI,lgd_direct,src-4ad56b409556
tamil-nadu,2008,41,33041,IN-S22-AC-2008-41,RANIPET,lgd_direct,src-4ad56b409556
tamil-nadu,2008,42,33042,IN-S22-AC-2008-42,ARCOT,lgd_direct,src-4ad56b409556
tamil-nadu,2008,43,33043,IN-S22-AC-2008-43,VELLORE,lgd_direct,src-4ad56b409556
tamil-nadu,2008,44,33044,IN-S22-AC-2008-44,ANAIKATTU,lgd_direct,src-4ad56b409556
tamil-nadu,2008,45,33045,IN-S22-AC-2008-45,KILVAITHINANKUPPAM,lgd_direct,src-4ad56b409556
tamil-nadu,2008,46,33046,IN-S22-AC-2008-46,GUDIYATHAM,lgd_direct,src-4ad56b409556
tamil-nadu,2008,47,33047,IN-S22-AC-2008-47,VANIAYAMBADI,lgd_direct,src-4ad56b409556
tamil-nadu,2008,48,33048,IN-S22-AC-2008-48,AMBUR,lgd_direct,src-4ad56b409556
tamil-nadu,2008,49,33049,IN-S22-AC-2008-49,JOLARPET,lgd_direct,src-4ad56b409556
tamil-nadu,2008,50,33050,IN-S22-AC-2008-50,TIRUPPATTUR,lgd_direct,src-4ad56b409556
tamil-nadu,2008,51,33051,IN-S22-AC-2008-51,UTHANGARAI,lgd_direct,src-4ad56b409556
tamil-nadu,2008,52,33052,IN-S22-AC-2008-52,BARGUR,lgd_direct,src-4ad56b409556
tamil-nadu,2008,53,33053,IN-S22-AC-2008-53,KRISHNAGIRI,lgd_direct,src-4ad56b409556
tamil-nadu,2008,54,33054,IN-S22-AC-2008-54,VEPPANAHALLI,lgd_direct,src-4ad56b409556
tamil-nadu,2008,55,33055,IN-S22-AC-2008-55,HOSUR,lgd_direct,src-4ad56b409556
tamil-nadu,2008,56,33056,IN-S22-AC-2008-56,THALLI,lgd_direct,src-4ad56b409556
tamil-nadu,2008,57,33057,IN-S22-AC-2008-57,PALACODE,lgd_direct,src-4ad56b409556
tamil-nadu,2008,58,33058,IN-S22-AC-2008-58,PENNAGARAM,lgd_direct,src-4ad56b409556
tamil-nadu,2008,59,33059,IN-S22-AC-2008-59,DHARMAPURI,lgd_direct,src-4ad56b409556
tamil-nadu,2008,60,33060,IN-S22-AC-2008-60,PAPPIREDDIPPATTI,lgd_direct,src-4ad56b409556
tamil-nadu,2008,61,33061,IN-S22-AC-2008-61,HARUR,lgd_direct,src-4ad56b409556
tamil-nadu,2008,62,33062,IN-S22-AC-2008-62,CHENGAM,lgd_direct,src-4ad56b409556
tamil-nadu,2008,63,33063,IN-S22-AC-2008-63,TIRUVANNAMALAI,lgd_direct,src-4ad56b409556
tamil-nadu,2008,64,33064,IN-S22-AC-2008-64,KILPENNATHUR,lgd_direct,src-4ad56b409556
tamil-nadu,2008,65,33065,IN-S22-AC-2008-65,KALASAPAKKAM,lgd_direct,src-4ad56b409556
tamil-nadu,2008,66,33066,IN-S22-AC-2008-66,POLUR,lgd_direct,src-4ad56b409556
tamil-nadu,2008,67,33067,IN-S22-AC-2008-67,ARANI,lgd_direct,src-4ad56b409556
tamil-nadu,2008,68,33068,IN-S22-AC-2008-68,CHEYYAR,lgd_direct,src-4ad56b409556
tamil-nadu,2008,69,33069,IN-S22-AC-2008-69,VANDAVASI,lgd_direct,src-4ad56b409556
tamil-nadu,2008,70,33070,IN-S22-AC-2008-70,GINGEE,lgd_direct,src-4ad56b409556
tamil-nadu,2008,71,33071,IN-S22-AC-2008-71,MAILAM,lgd_direct,src-4ad56b409556
tamil-nadu,2008,72,33072,IN-S22-AC-2008-72,TINDIVANAM,lgd_direct,src-4ad56b409556
tamil-nadu,2008,73,33073,IN-S22-AC-2008-73,VANUR,lgd_direct,src-4ad56b409556
tamil-nadu,2008,74,33074,IN-S22-AC-2008-74,VILLUPURAM,lgd_direct,src-4ad56b409556
tamil-nadu,2008,75,33075,IN-S22-AC-2008-75,VIKRAVANDI,lgd_direct,src-4ad56b409556
tamil-nadu,2008,76,33076,IN-S22-AC-2008-76,TIRUKKOYILUR,lgd_direct,src-4ad56b409556
tamil-nadu,2008,77,33077,IN-S22-AC-2008-77,ULUNDURPET,lgd_direct,src-4ad56b409556
tamil-nadu,2008,78,33078,IN-S22-AC-2008-78,RISHIVANDIAM,lgd_direct,src-4ad56b409556
tamil-nadu,2008,79,33079,IN-S22-AC-2008-79,SANKARAPURAM,lgd_direct,src-4ad56b409556
tamil-nadu,2008,80,33080,IN-S22-AC-2008-80,KALLAKURICHI,lgd_direct,src-4ad56b409556
tamil-nadu,2008,81,33081,IN-S22-AC-2008-81,GANGAVALLI,lgd_direct,src-4ad56b409556
tamil-nadu,2008,82,33082,IN-S22-AC-2008-82,ATTUR,lgd_direct,src-4ad56b409556
tamil-nadu,2008,83,33083,IN-S22-AC-2008-83,YERCAUD,lgd_direct,src-4ad56b409556
tamil-nadu,2008,84,33084,IN-S22-AC-2008-84,OMALUR,lgd_direct,src-4ad56b409556
tamil-nadu,2008,85,33085,IN-S22-AC-2008-85,METTUR,lgd_direct,src-4ad56b409556
tamil-nadu,2008,86,33086,IN-S22-AC-2008-86,EDAPADI,lgd_direct,src-4ad56b409556
tamil-nadu,2008,87,33087,IN-S22-AC-2008-87,SANKARI,lgd_direct,src-4ad56b409556
tamil-nadu,2008,88,33088,IN-S22-AC-2008-88,SALEM (West),lgd_direct,src-4ad56b409556
tamil-nadu,2008,89,33089,IN-S22-AC-2008-89,SALEM (North),lgd_direct,src-4ad56b409556
tamil-nadu,2008,90,33090,IN-S22-AC-2008-90,SALEM (South),lgd_direct,src-4ad56b409556
tamil-nadu,2008,91,33091,IN-S22-AC-2008-91,VEERAPANDI,lgd_direct,src-4ad56b409556
tamil-nadu,2008,92,33092,IN-S22-AC-2008-92,RASIPURAM,lgd_direct,src-4ad56b409556
tamil-nadu,2008,93,33093,IN-S22-AC-2008-93,SENDAMANGALAM,lgd_direct,src-4ad56b409556
tamil-nadu,2008,94,33094,IN-S22-AC-2008-94,NAMAKKAL,lgd_direct,src-4ad56b409556
tamil-nadu,2008,95,33095,IN-S22-AC-2008-95,PARAMATHI-VELUR,lgd_direct,src-4ad56b409556
tamil-nadu,2008,96,33096,IN-S22-AC-2008-96,TIRUCHENGODE,lgd_direct,src-4ad56b409556
tamil-nadu,2008,97,33097,IN-S22-AC-2008-97,KUMARAPALAYAM,lgd_direct,src-4ad56b409556
tamil-nadu,2008,98,33098,IN-S22-AC-2008-98,ERODE (East),lgd_direct,src-4ad56b409556
tamil-nadu,2008,99,33099,IN-S22-AC-2008-99,ERODE (West),lgd_direct,src-4ad56b409556
tamil-nadu,2008,100,33100,IN-S22-AC-2008-100,MODAKURICHI,lgd_direct,src-4ad56b409556
tamil-nadu,2008,101,33101,IN-S22-AC-2008-101,DHARAPURAM,lgd_direct,src-4ad56b409556
tamil-nadu,2008,102,33102,IN-S22-AC-2008-102,KANGAYAM,lgd_direct,src-4ad56b409556
tamil-nadu,2008,103,33103,IN-S22-AC-2008-103,PERUNDURAI,lgd_direct,src-4ad56b409556
tamil-nadu,2008,104,33104,IN-S22-AC-2008-104,BHAVANI,lgd_direct,src-4ad56b409556
tamil-nadu,2008,105,33105,IN-S22-AC-2008-105,ANTHIYUR,lgd_direct,src-4ad56b409556
tamil-nadu,2008,106,33106,IN-S22-AC-2008-106,GOBICHETTIPALAYAM,lgd_direct,src-4ad56b409556
tamil-nadu,2008,107,33107,IN-S22-AC-2008-107,BHAVANISAGAR,lgd_direct,src-4ad56b409556
tamil-nadu,2008,108,33108,IN-S22-AC-2008-108,UDHAGAMANDALAM,lgd_direct,src-4ad56b409556
tamil-nadu,2008,109,33109,IN-S22-AC-2008-109,GUDALUR,lgd_direct,src-4ad56b409556
tamil-nadu,2008,110,33110,IN-S22-AC-2008-110,COONOOR,lgd_direct,src-4ad56b409556
tamil-nadu,2008,111,33111,IN-S22-AC-2008-111,METTUPALAYAM,lgd_direct,src-4ad56b409556
tamil-nadu,2008,112,33112,IN-S22-AC-2008-112,AVANASHI,lgd_direct,src-4ad56b409556
tamil-nadu,2008,113,33113,IN-S22-AC-2008-113,TIRUPPUR (North),lgd_direct,src-4ad56b409556
tamil-nadu,2008,114,33114,IN-S22-AC-2008-114,TIRUPPUR (South),lgd_direct,src-4ad56b409556
tamil-nadu,2008,115,33115,IN-S22-AC-2008-115,PALLADAM,lgd_direct,src-4ad56b409556
tamil-nadu,2008,116,33116,IN-S22-AC-2008-116,SULUR,lgd_direct,src-4ad56b409556
tamil-nadu,2008,117,33117,IN-S22-AC-2008-117,KAVUNDAMPALAYAM,lgd_direct,src-4ad56b409556
tamil-nadu,2008,118,33118,IN-S22-AC-2008-118,COIMBATORE NORTH,lgd_direct,src-4ad56b409556
tamil-nadu,2008,119,33119,IN-S22-AC-2008-119,THONDAMUTHUR,lgd_direct,src-4ad56b409556
tamil-nadu,2008,120,33120,IN-S22-AC-2008-120,COIMBATORE SOUTH,lgd_direct,src-4ad56b409556
tamil-nadu,2008,121,33121,IN-S22-AC-2008-121,SINGANALLUR,lgd_direct,src-4ad56b409556
tamil-nadu,2008,122,33122,IN-S22-AC-2008-122,KINATHUKADAVU,lgd_direct,src-4ad56b409556
tamil-nadu,2008,123,33123,IN-S22-AC-2008-123,POLLACHI,lgd_direct,src-4ad56b409556
tamil-nadu,2008,124,33124,IN-S22-AC-2008-124,VALPARAI,lgd_direct,src-4ad56b409556
tamil-nadu,2008,125,33125,IN-S22-AC-2008-125,UDUMALPET,lgd_direct,src-4ad56b409556
tamil-nadu,2008,126,33126,IN-S22-AC-2008-126,MADATHUKULAM,lgd_direct,src-4ad56b409556
tamil-nadu,2008,127,33127,IN-S22-AC-2008-127,PALANI,lgd_direct,src-4ad56b409556
tamil-nadu,2008,128,33128,IN-S22-AC-2008-128,ODDANCHATRAM,lgd_direct,src-4ad56b409556
tamil-nadu,2008,129,33129,IN-S22-AC-2008-129,ATHOOR,lgd_direct,src-4ad56b409556
tamil-nadu,2008,130,33130,IN-S22-AC-2008-130,NILAKOTTAI,lgd_direct,src-4ad56b409556
tamil-nadu,2008,131,33131,IN-S22-AC-2008-131,NATHAM,lgd_direct,src-4ad56b409556
tamil-nadu,2008,132,33132,IN-S22-AC-2008-132,DINDIGUL,lgd_direct,src-4ad56b409556
tamil-nadu,2008,133,33133,IN-S22-AC-2008-133,VEDASANDUR,lgd_direct,src-4ad56b409556
tamil-nadu,2008,134,33134,IN-S22-AC-2008-134,ARAVAKURICHI,lgd_direct,src-4ad56b409556
tamil-nadu,2008,135,33135,IN-S22-AC-2008-135,KARUR,lgd_direct,src-4ad56b409556
tamil-nadu,2008,136,33136,IN-S22-AC-2008-136,KRISHNARAYAPURAM,lgd_direct,src-4ad56b409556
tamil-nadu,2008,137,33137,IN-S22-AC-2008-137,KULITHALAI,lgd_direct,src-4ad56b409556
tamil-nadu,2008,138,33138,IN-S22-AC-2008-138,MANAPPARAI,lgd_direct,src-4ad56b409556
tamil-nadu,2008,139,33139,IN-S22-AC-2008-139,SRIRANGAM,lgd_direct,src-4ad56b409556
tamil-nadu,2008,140,33140,IN-S22-AC-2008-140,TIRUCHIRAPALLI (West),lgd_direct,src-4ad56b409556
tamil-nadu,2008,141,33141,IN-S22-AC-2008-141,TIRUCHIRAPALLI (East),lgd_direct,src-4ad56b409556
tamil-nadu,2008,142,33142,IN-S22-AC-2008-142,THIRUVERAMBUR,lgd_direct,src-4ad56b409556
tamil-nadu,2008,143,33143,IN-S22-AC-2008-143,LALGUDI,lgd_direct,src-4ad56b409556
tamil-nadu,2008,144,33144,IN-S22-AC-2008-144,MANACHANALLUR,lgd_direct,src-4ad56b409556
tamil-nadu,2008,145,33145,IN-S22-AC-2008-145,MUSIRI,lgd_direct,src-4ad56b409556
tamil-nadu,2008,146,33146,IN-S22-AC-2008-146,THURAIYUR,lgd_direct,src-4ad56b409556
tamil-nadu,2008,147,33147,IN-S22-AC-2008-147,PERAMBALUR,lgd_direct,src-4ad56b409556
tamil-nadu,2008,148,33148,IN-S22-AC-2008-148,KUNNAM,lgd_direct,src-4ad56b409556
tamil-nadu,2008,149,33149,IN-S22-AC-2008-149,ARIYALUR,lgd_direct,src-4ad56b409556
tamil-nadu,2008,150,33150,IN-S22-AC-2008-150,JAYANKONDAM,lgd_direct,src-4ad56b409556
tamil-nadu,2008,151,33151,IN-S22-AC-2008-151,TITTAKUDI,lgd_direct,src-4ad56b409556
tamil-nadu,2008,152,33152,IN-S22-AC-2008-152,VRIDDHACHALAM,lgd_direct,src-4ad56b409556
tamil-nadu,2008,153,33153,IN-S22-AC-2008-153,NEYVELI,lgd_direct,src-4ad56b409556
tamil-nadu,2008,154,33154,IN-S22-AC-2008-154,PANRUTI,lgd_direct,src-4ad56b409556
tamil-nadu,2008,155,,IN-S22-AC-2008-155,CUDDALORE,unmapped,src-4ad56b409556
tamil-nadu,2008,156,33156,IN-S22-AC-2008-156,KURINJIPADI,lgd_direct,src-4ad56b409556
tamil-nadu,2008,157,33157,IN-S22-AC-2008-157,BHUVANAGIRI,lgd_direct,src-4ad56b409556
tamil-nadu,2008,158,33158,IN-S22-AC-2008-158,CHIDAMBARAM,lgd_direct,src-4ad56b409556
tamil-nadu,2008,159,33159,IN-S22-AC-2008-159,KATTUMANNARKOIL,lgd_direct,src-4ad56b409556
tamil-nadu,2008,160,33160,IN-S22-AC-2008-160,SIRKALI,lgd_direct,src-4ad56b409556
tamil-nadu,2008,161,33161,IN-S22-AC-2008-161,MAYILADUTHURAI,lgd_direct,src-4ad56b409556
tamil-nadu,2008,162,33162,IN-S22-AC-2008-162,POOMPUHAR,lgd_direct,src-4ad56b409556
tamil-nadu,2008,163,33163,IN-S22-AC-2008-163,NAGAPATTINAM,lgd_direct,src-4ad56b409556
tamil-nadu,2008,164,33164,IN-S22-AC-2008-164,KILVELUR,lgd_direct,src-4ad56b409556
tamil-nadu,2008,165,33165,IN-S22-AC-2008-165,VEDARANYAM,lgd_direct,src-4ad56b409556
tamil-nadu,2008,166,33166,IN-S22-AC-2008-166,THIRUTHURAIPUNDI,lgd_direct,src-4ad56b409556
tamil-nadu,2008,167,33167,IN-S22-AC-2008-167,MANNARGUDI,lgd_direct,src-4ad56b409556
tamil-nadu,2008,168,33168,IN-S22-AC-2008-168,THIRUVARUR,lgd_direct,src-4ad56b409556
tamil-nadu,2008,169,33169,IN-S22-AC-2008-169,NANNILAM,lgd_direct,src-4ad56b409556
tamil-nadu,2008,170,33170,IN-S22-AC-2008-170,THIRUVIDAMARUDUR,lgd_direct,src-4ad56b409556
tamil-nadu,2008,171,33171,IN-S22-AC-2008-171,KUMBAKONAM,lgd_direct,src-4ad56b409556
tamil-nadu,2008,172,33172,IN-S22-AC-2008-172,PAPANASAM,lgd_direct,src-4ad56b409556
tamil-nadu,2008,173,33173,IN-S22-AC-2008-173,THIRUVAIYARU,lgd_direct,src-4ad56b409556
tamil-nadu,2008,174,33174,IN-S22-AC-2008-174,THANJAVUR,lgd_direct,src-4ad56b409556
tamil-nadu,2008,175,33175,IN-S22-AC-2008-175,ORATHANAD,lgd_direct,src-4ad56b409556
tamil-nadu,2008,176,33176,IN-S22-AC-2008-176,PATTUKKOTTAI,lgd_direct,src-4ad56b409556
tamil-nadu,2008,177,33177,IN-S22-AC-2008-177,PERAVURANI,lgd_direct,src-4ad56b409556
tamil-nadu,2008,178,33178,IN-S22-AC-2008-178,GANDHARVAKOTTAI,lgd_direct,src-4ad56b409556
tamil-nadu,2008,179,33179,IN-S22-AC-2008-179,VIRALIMALAI,lgd_direct,src-4ad56b409556
tamil-nadu,2008,180,33180,IN-S22-AC-2008-180,PUDUKKOTTAI,lgd_direct,src-4ad56b409556
tamil-nadu,2008,181,33181,IN-S22-AC-2008-181,THIRUMAYAM,lgd_direct,src-4ad56b409556
tamil-nadu,2008,182,33182,IN-S22-AC-2008-182,ALANGUDI,lgd_direct,src-4ad56b409556
tamil-nadu,2008,183,33183,IN-S22-AC-2008-183,ARANTANGI,lgd_direct,src-4ad56b409556
tamil-nadu,2008,184,33184,IN-S22-AC-2008-184,KARAIKUDI,lgd_direct,src-4ad56b409556
tamil-nadu,2008,185,33185,IN-S22-AC-2008-185,TIRUPPATTUR,lgd_direct,src-4ad56b409556
tamil-nadu,2008,186,33186,IN-S22-AC-2008-186,SIVAGANGA,lgd_direct,src-4ad56b409556
tamil-nadu,2008,187,33187,IN-S22-AC-2008-187,MANAMADURAI,lgd_direct,src-4ad56b409556
tamil-nadu,2008,188,33188,IN-S22-AC-2008-188,MELUR,lgd_direct,src-4ad56b409556
tamil-nadu,2008,189,33189,IN-S22-AC-2008-189,MADURAI EAST,lgd_direct,src-4ad56b409556
tamil-nadu,2008,190,33190,IN-S22-AC-2008-190,SHOLAVANDAN,lgd_direct,src-4ad56b409556
tamil-nadu,2008,191,33191,IN-S22-AC-2008-191,MADURAI NORTH,lgd_direct,src-4ad56b409556
tamil-nadu,2008,192,33192,IN-S22-AC-2008-192,MADURAI SOUTH,lgd_direct,src-4ad56b409556
tamil-nadu,2008,193,33193,IN-S22-AC-2008-193,MADURAI CENTRAL,lgd_direct,src-4ad56b409556
tamil-nadu,2008,194,33194,IN-S22-AC-2008-194,MADURAI WEST,lgd_direct,src-4ad56b409556
tamil-nadu,2008,195,33195,IN-S22-AC-2008-195,THIRUPARANKUNDRAM,lgd_direct,src-4ad56b409556
tamil-nadu,2008,196,33196,IN-S22-AC-2008-196,THIRUMANGALAM,lgd_direct,src-4ad56b409556
tamil-nadu,2008,197,33197,IN-S22-AC-2008-197,USILAMPATTI,lgd_direct,src-4ad56b409556
tamil-nadu,2008,198,33198,IN-S22-AC-2008-198,ANDIPATTI,lgd_direct,src-4ad56b409556
tamil-nadu,2008,199,33199,IN-S22-AC-2008-199,PERIYAKULAM,lgd_direct,src-4ad56b409556
tamil-nadu,2008,200,33200,IN-S22-AC-2008-200,BODINAYAKANUR,lgd_direct,src-4ad56b409556
tamil-nadu,2008,201,33201,IN-S22-AC-2008-201,CUMBUM,lgd_direct,src-4ad56b409556
tamil-nadu,2008,202,33202,IN-S22-AC-2008-202,RAJAPALAYAM,lgd_direct,src-4ad56b409556
tamil-nadu,2008,203,33203,IN-S22-AC-2008-203,SRIVILLIPUTHUR,lgd_direct,src-4ad56b409556
tamil-nadu,2008,204,33204,IN-S22-AC-2008-204,SATTUR,lgd_direct,src-4ad56b409556
tamil-nadu,2008,205,33205,IN-S22-AC-2008-205,SIVAKASI,lgd_direct,src-4ad56b409556
tamil-nadu,2008,206,33206,IN-S22-AC-2008-206,VIRUDHUNAGAR,lgd_direct,src-4ad56b409556
tamil-nadu,2008,207,33207,IN-S22-AC-2008-207,ARUPPUKOTTAI,lgd_direct,src-4ad56b409556
tamil-nadu,2008,208,33208,IN-S22-AC-2008-208,TIRUCHULI,lgd_direct,src-4ad56b409556
tamil-nadu,2008,209,33209,IN-S22-AC-2008-209,PARAMAKUDI,lgd_direct,src-4ad56b409556
tamil-nadu,2008,210,33210,IN-S22-AC-2008-210,TIRUVADANAI,lgd_direct,src-4ad56b409556
tamil-nadu,2008,211,33211,IN-S22-AC-2008-211,RAMANATHAPURAM,lgd_direct,src-4ad56b409556
tamil-nadu,2008,212,33212,IN-S22-AC-2008-212,MUDUKULATHUR,lgd_direct,src-4ad56b409556
tamil-nadu,2008,213,33213,IN-S22-AC-2008-213,VILATHIKULAM,lgd_direct,src-4ad56b409556
tamil-nadu,2008,214,33214,IN-S22-AC-2008-214,THOOTHUKKUDI,lgd_direct,src-4ad56b409556
tamil-nadu,2008,215,33215,IN-S22-AC-2008-215,TIRUCHENDUR,lgd_direct,src-4ad56b409556
tamil-nadu,2008,216,33216,IN-S22-AC-2008-216,SRIVAIKUNTAM,lgd_direct,src-4ad56b409556
tamil-nadu,2008,217,33217,IN-S22-AC-2008-217,OTTAPIDARAM,lgd_direct,src-4ad56b409556
tamil-nadu,2008,218,33218,IN-S22-AC-2008-218,KOVILPATTI,lgd_direct,src-4ad56b409556
tamil-nadu,2008,219,33219,IN-S22-AC-2008-219,SANKARANKOVIL,lgd_direct,src-4ad56b409556
tamil-nadu,2008,220,33220,IN-S22-AC-2008-220,VASUDEVANALLUR,lgd_direct,src-4ad56b409556
tamil-nadu,2008,221,33221,IN-S22-AC-2008-221,KADAYANALLUR,lgd_direct,src-4ad56b409556
tamil-nadu,2008,222,33222,IN-S22-AC-2008-222,TENKASI,lgd_direct,src-4ad56b409556
tamil-nadu,2008,223,33223,IN-S22-AC-2008-223,ALANGULAM,lgd_direct,src-4ad56b409556
tamil-nadu,2008,224,33224,IN-S22-AC-2008-224,TIRUNELVELI,lgd_direct,src-4ad56b409556
tamil-nadu,2008,225,33225,IN-S22-AC-2008-225,AMBASAMUDRAM,lgd_direct,src-4ad56b409556
tamil-nadu,2008,226,33226,IN-S22-AC-2008-226,PALAYAMCOTTAI,lgd_direct,src-4ad56b409556
tamil-nadu,2008,227,33227,IN-S22-AC-2008-227,NANGUNERI,lgd_direct,src-4ad56b409556
tamil-nadu,2008,228,33228,IN-S22-AC-2008-228,RADHAPURAM,lgd_direct,src-4ad56b409556
tamil-nadu,2008,229,33229,IN-S22-AC-2008-229,KANNIYAKUMARI,lgd_direct,src-4ad56b409556
tamil-nadu,2008,230,33230,IN-S22-AC-2008-230,NAGERCOIL,lgd_direct,src-4ad56b409556
tamil-nadu,2008,231,33231,IN-S22-AC-2008-231,COLACHEL,lgd_direct,src-4ad56b409556
tamil-nadu,2008,232,33232,IN-S22-AC-2008-232,PADMANABHAPURAM,lgd_direct,src-4ad56b409556
tamil-nadu,2008,233,33233,IN-S22-AC-2008-233,VILAVANCODE,lgd_direct,src-4ad56b409556
tamil-nadu,2008,234,33234,IN-S22-AC-2008-234,KILLIYOOR,lgd_direct,src-4ad56b409556
telangana,2008,1,36001,IN-S29-AC-2008-1,SIRPUR,lgd_direct,src-4ad56b409556
telangana,2008,2,36002,IN-S29-AC-2008-2,CHENNUR,lgd_direct,src-4ad56b409556
telangana,2008,3,36003,IN-S29-AC-2008-3,BELLAMPALLE,lgd_direct,src-4ad56b409556
telangana,2008,4,36004,IN-S29-AC-2008-4,MANCHERIAL,lgd_direct,src-4ad56b409556
telangana,2008,5,36005,IN-S29-AC-2008-5,ASIFABAD,lgd_direct,src-4ad56b409556
telangana,2008,6,36006,IN-S29-AC-2008-6,KHANAPUR,lgd_direct,src-4ad56b409556
telangana,2008,7,36007,IN-S29-AC-2008-7,ADILABAD,lgd_direct,src-4ad56b409556
telangana,2008,8,36008,IN-S29-AC-2008-8,BOATH,lgd_direct,src-4ad56b409556
telangana,2008,9,36009,IN-S29-AC-2008-9,NIRMAL,lgd_direct,src-4ad56b409556
telangana,2008,10,36010,IN-S29-AC-2008-10,MUDHOLE,lgd_direct,src-4ad56b409556
telangana,2008,11,36011,IN-S29-AC-2008-11,ARMUR,lgd_direct,src-4ad56b409556
telangana,2008,12,36012,IN-S29-AC-2008-12,BODHAN,lgd_direct,src-4ad56b409556
telangana,2008,13,36013,IN-S29-AC-2008-13,JUKKAL,lgd_direct,src-4ad56b409556
telangana,2008,14,36014,IN-S29-AC-2008-14,BANSWADA,lgd_direct,src-4ad56b409556
telangana,2008,15,36015,IN-S29-AC-2008-15,YELLAREDDY,lgd_direct,src-4ad56b409556
telangana,2008,16,36016,IN-S29-AC-2008-16,KAMAREDDY,lgd_direct,src-4ad56b409556
telangana,2008,17,36017,IN-S29-AC-2008-17,NIZAMABAD (Urban),lgd_direct,src-4ad56b409556
telangana,2008,18,36018,IN-S29-AC-2008-18,NIZAMABAD (Rural),lgd_direct,src-4ad56b409556
telangana,2008,19,36019,IN-S29-AC-2008-19,BALKONDA,lgd_direct,src-4ad56b409556
telangana,2008,20,36020,IN-S29-AC-2008-20,KORATLA,lgd_direct,src-4ad56b409556
telangana,2008,21,36021,IN-S29-AC-2008-21,JAGTIAL,lgd_direct,src-4ad56b409556
telangana,2008,22,36022,IN-S29-AC-2008-22,DHARMAPURI,lgd_direct,src-4ad56b409556
telangana,2008,23,36023,IN-S29-AC-2008-23,RAMAGUNDAM,lgd_direct,src-4ad56b409556
telangana,2008,24,36024,IN-S29-AC-2008-24,MANTHANI,lgd_direct,src-4ad56b409556
telangana,2008,25,36025,IN-S29-AC-2008-25,PEDDAPALLE,lgd_direct,src-4ad56b409556
telangana,2008,26,36026,IN-S29-AC-2008-26,KARIMNAGAR,lgd_direct,src-4ad56b409556
telangana,2008,27,36027,IN-S29-AC-2008-27,CHOPPADANDI,lgd_direct,src-4ad56b409556
telangana,2008,28,36028,IN-S29-AC-2008-28,VEMULAWADA,lgd_direct,src-4ad56b409556
telangana,2008,29,36029,IN-S29-AC-2008-29,SIRCILLA,lgd_direct,src-4ad56b409556
telangana,2008,30,36030,IN-S29-AC-2008-30,MANAKONDUR,lgd_direct,src-4ad56b409556
telangana,2008,31,36031,IN-S29-AC-2008-31,HUZURABAD,lgd_direct,src-4ad56b409556
telangana,2008,32,36032,IN-S29-AC-2008-32,HUSNABAD,lgd_direct,src-4ad56b409556
telangana,2008,33,36033,IN-S29-AC-2008-33,SIDDIPET,lgd_direct,src-4ad56b409556
telangana,2008,34,36034,IN-S29-AC-2008-34,MEDAK,lgd_direct,src-4ad56b409556
telangana,2008,35,36035,IN-S29-AC-2008-35,NARAYANKHED,lgd_direct,src-4ad56b409556
telangana,2008,36,36036,IN-S29-AC-2008-36,ANDOLE,lgd_direct,src-4ad56b409556
telangana,2008,37,36037,IN-S29-AC-2008-37,NARSAPUR,lgd_direct,src-4ad56b409556
telangana,2008,38,36038,IN-S29-AC-2008-38,ZAHIRABAD,lgd_direct,src-4ad56b409556
telangana,2008,39,36039,IN-S29-AC-2008-39,SANGAREDDY,lgd_direct,src-4ad56b409556
telangana,2008,40,36040,IN-S29-AC-2008-40,PATANCHERU,lgd_direct,src-4ad56b409556
telangana,2008,41,36041,IN-S29-AC-2008-41,DUBBAK,lgd_direct,src-4ad56b409556
telangana,2008,42,36042,IN-S29-AC-2008-42,GAJWEL,lgd_direct,src-4ad56b409556
telangana,2008,43,36043,IN-S29-AC-2008-43,MEDCHAL,lgd_direct,src-4ad56b409556
telangana,2008,44,36044,IN-S29-AC-2008-44,MALKAJGIRI,lgd_direct,src-4ad56b409556
telangana,2008,45,36045,IN-S29-AC-2008-45,QUTHBULLAPUR,lgd_direct,src-4ad56b409556
telangana,2008,46,36046,IN-S29-AC-2008-46,KUKATPALLE,lgd_direct,src-4ad56b409556
telangana,2008,47,36047,IN-S29-AC-2008-47,UPPAL,lgd_direct,src-4ad56b409556
telangana,2008,48,36048,IN-S29-AC-2008-48,IBRAHIMPATNAM,lgd_direct,src-4ad56b409556
telangana,2008,49,36049,IN-S29-AC-2008-49,LAL BAHADUR NAGAR,lgd_direct,src-4ad56b409556
telangana,2008,50,36050,IN-S29-AC-2008-50,MAHESWARAM,lgd_direct,src-4ad56b409556
telangana,2008,51,36051,IN-S29-AC-2008-51,RAJENDRANAGAR,lgd_direct,src-4ad56b409556
telangana,2008,52,36052,IN-S29-AC-2008-52,SERILINGAMPALLY,lgd_direct,src-4ad56b409556
telangana,2008,53,36053,IN-S29-AC-2008-53,CHEVELLA,lgd_direct,src-4ad56b409556
telangana,2008,54,36054,IN-S29-AC-2008-54,PARGI,lgd_direct,src-4ad56b409556
telangana,2008,55,36055,IN-S29-AC-2008-55,VICARABAD,lgd_direct,src-4ad56b409556
telangana,2008,56,36056,IN-S29-AC-2008-56,TANDUR,lgd_direct,src-4ad56b409556
telangana,2008,57,36057,IN-S29-AC-2008-57,MUSHEERABAD,lgd_direct,src-4ad56b409556
telangana,2008,58,36058,IN-S29-AC-2008-58,MALAKPET,lgd_direct,src-4ad56b409556
telangana,2008,59,36059,IN-S29-AC-2008-59,AMBERPET,lgd_direct,src-4ad56b409556
telangana,2008,60,36060,IN-S29-AC-2008-60,KHAIRATABAD,lgd_direct,src-4ad56b409556
telangana,2008,61,36061,IN-S29-AC-2008-61,JUBILEE HILLS,lgd_direct,src-4ad56b409556
telangana,2008,62,36062,IN-S29-AC-2008-62,SANATHNAGAR,lgd_direct,src-4ad56b409556
telangana,2008,63,36063,IN-S29-AC-2008-63,NAMPALLY,lgd_direct,src-4ad56b409556
telangana,2008,64,36064,IN-S29-AC-2008-64,KARWAN,lgd_direct,src-4ad56b409556
telangana,2008,65,36065,IN-S29-AC-2008-65,GOSHAMAHAL,lgd_direct,src-4ad56b409556
telangana,2008,66,36066,IN-S29-AC-2008-66,CHARMINAR,lgd_direct,src-4ad56b409556
telangana,2008,67,36067,IN-S29-AC-2008-67,CHANDRAYANGUTTA,lgd_direct,src-4ad56b409556
telangana,2008,68,36068,IN-S29-AC-2008-68,YAKUTPURA,lgd_direct,src-4ad56b409556
telangana,2008,69,36069,IN-S29-AC-2008-69,BAHADURPURA,lgd_direct,src-4ad56b409556
telangana,2008,70,36070,IN-S29-AC-2008-70,SECUNDERABAD,lgd_direct,src-4ad56b409556
telangana,2008,71,36071,IN-S29-AC-2008-71,SECUNDERABAD CANTT.,lgd_direct,src-4ad56b409556
telangana,2008,72,36072,IN-S29-AC-2008-72,KODANGAL,lgd_direct,src-4ad56b409556
telangana,2008,73,36073,IN-S29-AC-2008-73,NARAYANPET,lgd_direct,src-4ad56b409556
telangana,2008,74,36074,IN-S29-AC-2008-74,MAHBUBNAGAR,lgd_direct,src-4ad56b409556
telangana,2008,75,36075,IN-S29-AC-2008-75,JADCHERLA,lgd_direct,src-4ad56b409556
telangana,2008,76,36076,IN-S29-AC-2008-76,DEVARKADRA,lgd_direct,src-4ad56b409556
telangana,2008,77,36077,IN-S29-AC-2008-77,MAKTHAL,lgd_direct,src-4ad56b409556
telangana,2008,78,36078,IN-S29-AC-2008-78,WANAPARTHY,lgd_direct,src-4ad56b409556
telangana,2008,79,36079,IN-S29-AC-2008-79,GADWAL,lgd_direct,src-4ad56b409556
telangana,2008,80,36080,IN-S29-AC-2008-80,ALAMPUR,lgd_direct,src-4ad56b409556
telangana,2008,81,36081,IN-S29-AC-2008-81,NAGARKURNOOL,lgd_direct,src-4ad56b409556
telangana,2008,82,36082,IN-S29-AC-2008-82,ACHAMPET,lgd_direct,src-4ad56b409556
telangana,2008,83,36083,IN-S29-AC-2008-83,KALWAKURTHY,lgd_direct,src-4ad56b409556
telangana,2008,84,36084,IN-S29-AC-2008-84,SHADNAGAR,lgd_direct,src-4ad56b409556
telangana,2008,85,36085,IN-S29-AC-2008-85,KOLLAPUR,lgd_direct,src-4ad56b409556
telangana,2008,86,36086,IN-S29-AC-2008-86,DEVARAKONDA,lgd_direct,src-4ad56b409556
telangana,2008,87,36087,IN-S29-AC-2008-87,NAGARJUNA SAGAR,lgd_direct,src-4ad56b409556
telangana,2008,88,36088,IN-S29-AC-2008-88,MIRYALAGUDA,lgd_direct,src-4ad56b409556
telangana,2008,89,36089,IN-S29-AC-2008-89,HUZURNAGAR,lgd_direct,src-4ad56b409556
telangana,2008,90,36090,IN-S29-AC-2008-90,KODAD,lgd_direct,src-4ad56b409556
telangana,2008,91,36091,IN-S29-AC-2008-91,SURYAPET,lgd_direct,src-4ad56b409556
telangana,2008,92,36092,IN-S29-AC-2008-92,NALGONDA,lgd_direct,src-4ad56b409556
telangana,2008,93,36093,IN-S29-AC-2008-93,MUNUGODE,lgd_direct,src-4ad56b409556
telangana,2008,94,36094,IN-S29-AC-2008-94,BHONGIR,lgd_direct,src-4ad56b409556
telangana,2008,95,36095,IN-S29-AC-2008-95,NAKREKAL,lgd_direct,src-4ad56b409556
telangana,2008,96,36096,IN-S29-AC-2008-96,THUNGATHURTHI,lgd_direct,src-4ad56b409556
telangana,2008,97,36097,IN-S29-AC-2008-97,ALAIR,lgd_direct,src-4ad56b409556
telangana,2008,98,36098,IN-S29-AC-2008-98,JANGOAN,lgd_direct,src-4ad56b409556
telangana,2008,99,36099,IN-S29-AC-2008-99,GHANPUR,lgd_direct,src-4ad56b409556
telangana,2008,100,36100,IN-S29-AC-2008-100,PALAKURTHI,lgd_direct,src-4ad56b409556
telangana,2008,101,36101,IN-S29-AC-2008-101,DORNAKAL,lgd_direct,src-4ad56b409556
telangana,2008,102,36102,IN-S29-AC-2008-102,MAHABUBABAD,lgd_direct,src-4ad56b409556
telangana,2008,103,36103,IN-S29-AC-2008-103,NARSAMPET,lgd_direct,src-4ad56b409556
telangana,2008,104,36104,IN-S29-AC-2008-104,PARKAL,lgd_direct,src-4ad56b409556
telangana,2008,105,36105,IN-S29-AC-2008-105,WARANGAL WEST,lgd_direct,src-4ad56b409556
telangana,2008,106,36106,IN-S29-AC-2008-106,WARANGAL EAST,lgd_direct,src-4ad56b409556
telangana,2008,107,36107,IN-S29-AC-2008-107,WARADHANAPET,lgd_direct,src-4ad56b409556
telangana,2008,108,36108,IN-S29-AC-2008-108,BHUPALPALLE,lgd_direct,src-4ad56b409556
telangana,2008,109,36109,IN-S29-AC-2008-109,MULUG,lgd_direct,src-4ad56b409556
telangana,2008,110,36110,IN-S29-AC-2008-110,PINAPAKA,lgd_direct,src-4ad56b409556
telangana,2008,111,36111,IN-S29-AC-2008-111,YELLANDU,lgd_direct,src-4ad56b409556
telangana,2008,112,36112,IN-S29-AC-2008-112,KHAMMAM,lgd_direct,src-4ad56b409556
telangana,2008,113,36113,IN-S29-AC-2008-113,PALAIR,lgd_direct,src-4ad56b409556
telangana,2008,114,36114,IN-S29-AC-2008-114,MADHIRA,lgd_direct,src-4ad56b409556
telangana,2008,115,36115,IN-S29-AC-2008-115,WYRA,lgd_direct,src-4ad56b409556
telangana,2008,116,36116,IN-S29-AC-2008-116,SATHUPALLE,lgd_direct,src-4ad56b409556
telangana,2008,117,36117,IN-S29-AC-2008-117,KOTHAGUDEM,lgd_direct,src-4ad56b409556
telangana,2008,118,36118,IN-S29-AC-2008-118,ASWARAOPETA,lgd_direct,src-4ad56b409556
telangana,2008,119,,IN-S29-AC-2008-119,BHADRACHALAM,unmapped,src-4ad56b409556
tripura,2008,1,16001,IN-S23-AC-2008-1,SIMNA,lgd_direct,src-4ad56b409556
tripura,2008,2,16002,IN-S23-AC-2008-2,MOHANPUR,lgd_direct,src-4ad56b409556
tripura,2008,3,16003,IN-S23-AC-2008-3,BAMUTIA,lgd_direct,src-4ad56b409556
tripura,2008,4,16004,IN-S23-AC-2008-4,BARJALA,lgd_direct,src-4ad56b409556
tripura,2008,5,16005,IN-S23-AC-2008-5,KHAYERPUR,lgd_direct,src-4ad56b409556
tripura,2008,6,16006,IN-S23-AC-2008-6,AGARTALA,lgd_direct,src-4ad56b409556
tripura,2008,7,16007,IN-S23-AC-2008-7,RAMNAGAR,lgd_direct,src-4ad56b409556
tripura,2008,8,16008,IN-S23-AC-2008-8,TOWN BORDOWALI,lgd_direct,src-4ad56b409556
tripura,2008,9,16009,IN-S23-AC-2008-9,BANAMALIPUR,lgd_direct,src-4ad56b409556
tripura,2008,10,16010,IN-S23-AC-2008-10,MAJLISHPUR,lgd_direct,src-4ad56b409556
tripura,2008,11,16011,IN-S23-AC-2008-11,MANDAIBAZAR,lgd_direct,src-4ad56b409556
tripura,2008,12,16012,IN-S23-AC-2008-12,TAKARJALA,lgd_direct,src-4ad56b409556
tripura,2008,13,16013,IN-S23-AC-2008-13,PRATAPGARH,lgd_direct,src-4ad56b409556
tripura,2008,14,16014,IN-S23-AC-2008-14,BADHARGHAT,lgd_direct,src-4ad56b409556
tripura,2008,15,16015,IN-S23-AC-2008-15,KAMALASAGAR,lgd_direct,src-4ad56b409556
tripura,2008,16,16016,IN-S23-AC-2008-16,BISHALGARH,lgd_direct,src-4ad56b409556
tripura,2008,17,16017,IN-S23-AC-2008-17,GOLAGHATI,lgd_direct,src-4ad56b409556
tripura,2008,18,16018,IN-S23-AC-2008-18,SURYAMANINAGAR,lgd_direct,src-4ad56b409556
tripura,2008,19,16019,IN-S23-AC-2008-19,CHARILAM,lgd_direct,src-4ad56b409556
tripura,2008,20,16020,IN-S23-AC-2008-20,BOXANAGAR,lgd_direct,src-4ad56b409556
tripura,2008,21,16021,IN-S23-AC-2008-21,NALCHAR,lgd_direct,src-4ad56b409556
tripura,2008,22,16022,IN-S23-AC-2008-22,SONAMURA,lgd_direct,src-4ad56b409556
tripura,2008,23,16023,IN-S23-AC-2008-23,DHANPUR,lgd_direct,src-4ad56b409556
tripura,2008,24,16024,IN-S23-AC-2008-24,RAMCHANDRAGHAT,lgd_direct,src-4ad56b409556
tripura,2008,25,16025,IN-S23-AC-2008-25,KHOWAI,lgd_direct,src-4ad56b409556
tripura,2008,26,16026,IN-S23-AC-2008-26,ASHARAMBARI,lgd_direct,src-4ad56b409556
tripura,2008,27,16027,IN-S23-AC-2008-27,KALYANPUR-PRAMODENAGAR,lgd_direct,src-4ad56b409556
tripura,2008,28,16028,IN-S23-AC-2008-28,TELIAMURA,lgd_direct,src-4ad56b409556
tripura,2008,29,16029,IN-S23-AC-2008-29,KRISHNAPUR,lgd_direct,src-4ad56b409556
tripura,2008,30,16030,IN-S23-AC-2008-30,BAGMA,lgd_direct,src-4ad56b409556
tripura,2008,31,16031,IN-S23-AC-2008-31,RADHAKISHOREPUR,lgd_direct,src-4ad56b409556
tripura,2008,32,16032,IN-S23-AC-2008-32,MATARBARI,lgd_direct,src-4ad56b409556
tripura,2008,33,16033,IN-S23-AC-2008-33,KAKRABAN-SALGARAH,lgd_direct,src-4ad56b409556
tripura,2008,34,16034,IN-S23-AC-2008-34,RAJNAGAR,lgd_direct,src-4ad56b409556
tripura,2008,35,16035,IN-S23-AC-2008-35,BELONIA,lgd_direct,src-4ad56b409556
tripura,2008,36,16036,IN-S23-AC-2008-36,SANTIRBAZAR,lgd_direct,src-4ad56b409556
tripura,2008,37,16037,IN-S23-AC-2008-37,HRISHYAMUKH,lgd_direct,src-4ad56b409556
tripura,2008,38,16038,IN-S23-AC-2008-38,JOLAIBARI,lgd_direct,src-4ad56b409556
tripura,2008,39,16039,IN-S23-AC-2008-39,MANU,lgd_direct,src-4ad56b409556
tripura,2008,40,16040,IN-S23-AC-2008-40,SABROOM,lgd_direct,src-4ad56b409556
tripura,2008,41,16041,IN-S23-AC-2008-41,AMPINAGAR,lgd_direct,src-4ad56b409556
tripura,2008,42,16042,IN-S23-AC-2008-42,AMARPUR,lgd_direct,src-4ad56b409556
tripura,2008,43,16043,IN-S23-AC-2008-43,KARBOOK,lgd_direct,src-4ad56b409556
tripura,2008,44,16044,IN-S23-AC-2008-44,RAIMA VALLEY,lgd_direct,src-4ad56b409556
tripura,2008,45,16045,IN-S23-AC-2008-45,KAMALPUR,lgd_direct,src-4ad56b409556
tripura,2008,46,16046,IN-S23-AC-2008-46,SURMA,lgd_direct,src-4ad56b409556
tripura,2008,47,16047,IN-S23-AC-2008-47,AMBASSA,lgd_direct,src-4ad56b409556
tripura,2008,48,16048,IN-S23-AC-2008-48,KARAMCHHARA,lgd_direct,src-4ad56b409556
tripura,2008,49,16049,IN-S23-AC-2008-49,CHHAWMANU,lgd_direct,src-4ad56b409556
tripura,2008,50,16050,IN-S23-AC-2008-50,PABIACHHARA,lgd_direct,src-4ad56b409556
tripura,2008,51,16051,IN-S23-AC-2008-51,FATIKROY,lgd_direct,src-4ad56b409556
tripura,2008,52,16052,IN-S23-AC-2008-52,CHANDIPUR,lgd_direct,src-4ad56b409556
tripura,2008,53,16053,IN-S23-AC-2008-53,KAILASAHAR,lgd_direct,src-4ad56b409556
tripura,2008,54,16054,IN-S23-AC-2008-54,KADAMTALA - KURTI,lgd_direct,src-4ad56b409556
tripura,2008,55,16055,IN-S23-AC-2008-55,BAGBASSA,lgd_direct,src-4ad56b409556
tripura,2008,56,16056,IN-S23-AC-2008-56,DHARMANAGAR,lgd_direct,src-4ad56b409556
tripura,2008,57,16057,IN-S23-AC-2008-57,JUBARAJNAGAR,lgd_direct,src-4ad56b409556
tripura,2008,58,16058,IN-S23-AC-2008-58,PANISAGAR,lgd_direct,src-4ad56b409556
tripura,2008,59,16059,IN-S23-AC-2008-59,PENCHARTHAL,lgd_direct,src-4ad56b409556
tripura,2008,60,16060,IN-S23-AC-2008-60,KANCHANPUR,lgd_direct,src-4ad56b409556
uttar-pradesh,2008,1,9001,IN-S24-AC-2008-1,BEHAT,lgd_direct,src-4ad56b409556
uttar-pradesh,2008,2,9002,IN-S24-AC-2008-2,NAKUR,lgd_direct,src-4ad56b409556
uttar-pradesh,2008,3,9003,IN-S24-AC-2008-3,SAHARANPUR NAGAR,lgd_direct,src-4ad56b409556
uttar-pradesh,2008,4,9004,IN-S24-AC-2008-4,SAHARANPUR,lgd_direct,src-4ad56b409556
uttar-pradesh,2008,5,9005,IN-S24-AC-2008-5,DEOBAND,lgd_direct,src-4ad56b409556
uttar-pradesh,2008,6,9006,IN-S24-AC-2008-6,RAMPUR MANIHARAN,lgd_direct,src-4ad56b409556
uttar-pradesh,2008,7,9007,IN-S24-AC-2008-7,GANGOH,lgd_direct,src-4ad56b409556
uttar-pradesh,2008,8,9008,IN-S24-AC-2008-8,KAIRANA,lgd_direct,src-4ad56b409556
uttar-pradesh,2008,9,9009,IN-S24-AC-2008-9,THANA BHAWAN,lgd_direct,src-4ad56b409556
uttar-pradesh,2008,10,9010,IN-S24-AC-2008-10,SHAMLI,lgd_direct,src-4ad56b409556
uttar-pradesh,2008,11,9011,IN-S24-AC-2008-11,BUDHANA,lgd_direct,src-4ad56b409556
uttar-pradesh,2008,12,9012,IN-S24-AC-2008-12,CHARTHAWAL,lgd_direct,src-4ad56b409556
uttar-pradesh,2008,13,9013,IN-S24-AC-2008-13,PURQAZI,lgd_direct,src-4ad56b409556
uttar-pradesh,2008,14,9014,IN-S24-AC-2008-14,MUZAFFARNAGAR,lgd_direct,src-4ad56b409556
uttar-pradesh,2008,15,9015,IN-S24-AC-2008-15,KHATAULI,lgd_direct,src-4ad56b409556
uttar-pradesh,2008,16,9016,IN-S24-AC-2008-16,MEERAPUR,lgd_direct,src-4ad56b409556
uttar-pradesh,2008,17,9017,IN-S24-AC-2008-17,NAJIBABAD,lgd_direct,src-4ad56b409556
uttar-pradesh,2008,18,9018,IN-S24-AC-2008-18,NAGINA,lgd_direct,src-4ad56b409556
uttar-pradesh,2008,19,9019,IN-S24-AC-2008-19,BARHAPUR,lgd_direct,src-4ad56b409556
uttar-pradesh,2008,20,9020,IN-S24-AC-2008-20,DHAMPUR,lgd_direct,src-4ad56b409556
uttar-pradesh,2008,21,9021,IN-S24-AC-2008-21,NEHTAUR,lgd_direct,src-4ad56b409556
uttar-pradesh,2008,22,9022,IN-S24-AC-2008-22,BIJNOR,lgd_direct,src-4ad56b409556
uttar-pradesh,2008,23,9023,IN-S24-AC-2008-23,CHANDPUR,lgd_direct,src-4ad56b409556
uttar-pradesh,2008,24,9024,IN-S24-AC-2008-24,NOORPUR,lgd_direct,src-4ad56b409556
uttar-pradesh,2008,25,9025,IN-S24-AC-2008-25,KANTH,lgd_direct,src-4ad56b409556
uttar-pradesh,2008,26,9026,IN-S24-AC-2008-26,THAKURDWARA,lgd_direct,src-4ad56b409556
uttar-pradesh,2008,27,9027,IN-S24-AC-2008-27,MORADABAD RURAL,lgd_direct,src-4ad56b409556
uttar-pradesh,2008,28,9028,IN-S24-AC-2008-28,MORADABAD,lgd_direct,src-4ad56b409556
uttar-pradesh,2008,29,9029,IN-S24-AC-2008-29,KUNDARKI,lgd_direct,src-4ad56b409556
uttar-pradesh,2008,30,9030,IN-S24-AC-2008-30,BILARI,lgd_direct,src-4ad56b409556
uttar-pradesh,2008,31,9031,IN-S24-AC-2008-31,CHANDAUSI,lgd_direct,src-4ad56b409556
uttar-pradesh,2008,32,9032,IN-S24-AC-2008-32,ASMOLI,lgd_direct,src-4ad56b409556
uttar-pradesh,2008,33,9033,IN-S24-AC-2008-33,SAMBHAL,lgd_direct,src-4ad56b409556
uttar-pradesh,2008,34,9034,IN-S24-AC-2008-34,SUAR TANDA,lgd_direct,src-4ad56b409556
uttar-pradesh,2008,35,9035,IN-S24-AC-2008-35,CHAMRAUA,lgd_direct,src-4ad56b409556
uttar-pradesh,2008,36,9036,IN-S24-AC-2008-36,BILASPUR,lgd_direct,src-4ad56b409556
uttar-pradesh,2008,37,9037,IN-S24-AC-2008-37,RAMPUR,lgd_direct,src-4ad56b409556
uttar-pradesh,2008,38,9038,IN-S24-AC-2008-38,MILAK,lgd_direct,src-4ad56b409556
uttar-pradesh,2008,39,9039,IN-S24-AC-2008-39,DHANAURA,lgd_direct,src-4ad56b409556
uttar-pradesh,2008,40,9040,IN-S24-AC-2008-40,NAUGAWAN SADAT,lgd_direct,src-4ad56b409556
uttar-pradesh,2008,41,9041,IN-S24-AC-2008-41,AMROHA,lgd_direct,src-4ad56b409556
uttar-pradesh,2008,42,9042,IN-S24-AC-2008-42,HASANPUR,lgd_direct,src-4ad56b409556
uttar-pradesh,2008,43,9043,IN-S24-AC-2008-43,SIWALKHAS,lgd_direct,src-4ad56b409556
uttar-pradesh,2008,44,9044,IN-S24-AC-2008-44,SARDHANA,lgd_direct,src-4ad56b409556
uttar-pradesh,2008,45,9045,IN-S24-AC-2008-45,HASTINAPUR,lgd_direct,src-4ad56b409556
uttar-pradesh,2008,46,9046,IN-S24-AC-2008-46,KITHORE,lgd_direct,src-4ad56b409556
uttar-pradesh,2008,47,9047,IN-S24-AC-2008-47,MEERUT CANTONMENT,lgd_direct,src-4ad56b409556
uttar-pradesh,2008,48,9048,IN-S24-AC-2008-48,MEERUT,lgd_direct,src-4ad56b409556
uttar-pradesh,2008,49,9049,IN-S24-AC-2008-49,MEERUT SOUTH,lgd_direct,src-4ad56b409556
uttar-pradesh,2008,50,9050,IN-S24-AC-2008-50,CHAPRAULI,lgd_direct,src-4ad56b409556
uttar-pradesh,2008,51,9051,IN-S24-AC-2008-51,BARAUT,lgd_direct,src-4ad56b409556
uttar-pradesh,2008,52,9052,IN-S24-AC-2008-52,BAGHPAT,lgd_direct,src-4ad56b409556
uttar-pradesh,2008,53,9053,IN-S24-AC-2008-53,LONI,lgd_direct,src-4ad56b409556
uttar-pradesh,2008,54,9054,IN-S24-AC-2008-54,MURADNAGAR,lgd_direct,src-4ad56b409556
uttar-pradesh,2008,55,9055,IN-S24-AC-2008-55,SAHIBABAD,lgd_direct,src-4ad56b409556
uttar-pradesh,2008,56,9056,IN-S24-AC-2008-56,GHAZIABAD,lgd_direct,src-4ad56b409556
uttar-pradesh,2008,57,9057,IN-S24-AC-2008-57,MODINAGAR,lgd_direct,src-4ad56b409556
uttar-pradesh,2008,58,9058,IN-S24-AC-2008-58,DHOLANA,lgd_direct,src-4ad56b409556
uttar-pradesh,2008,59,9059,IN-S24-AC-2008-59,HAPUR,lgd_direct,src-4ad56b409556
uttar-pradesh,2008,60,9060,IN-S24-AC-2008-60,GARMUKHTESHWAR,lgd_direct,src-4ad56b409556
uttar-pradesh,2008,61,9061,IN-S24-AC-2008-61,NOIDA,lgd_direct,src-4ad56b409556
uttar-pradesh,2008,62,9062,IN-S24-AC-2008-62,DADRI,lgd_direct,src-4ad56b409556
uttar-pradesh,2008,63,9063,IN-S24-AC-2008-63,JEWAR,lgd_direct,src-4ad56b409556
uttar-pradesh,2008,64,9064,IN-S24-AC-2008-64,SIKANDRABAD,lgd_direct,src-4ad56b409556
uttar-pradesh,2008,65,9065,IN-S24-AC-2008-65,BULANDSHAHR,lgd_direct,src-4ad56b409556
uttar-pradesh,2008,66,9066,IN-S24-AC-2008-66,SYANA,lgd_direct,src-4ad56b409556
uttar-pradesh,2008,67,9067,IN-S24-AC-2008-67,ANUPSHAHR,lgd_direct,src-4ad56b409556
uttar-pradesh,2008,68,9068,IN-S24-AC-2008-68,DEBAI,lgd_direct,src-4ad56b409556
uttar-pradesh,2008,69,9069,IN-S24-AC-2008-69,SHIKARPUR,lgd_direct,src-4ad56b409556
uttar-pradesh,2008,70,9070,IN-S24-AC-2008-70,KHURJA,lgd_direct,src-4ad56b409556
uttar-pradesh,2008,71,9071,IN-S24-AC-2008-71,KHAIR,lgd_direct,src-4ad56b409556
uttar-pradesh,2008,72,9072,IN-S24-AC-2008-72,BARAULI,lgd_direct,src-4ad56b409556
uttar-pradesh,2008,73,9073,IN-S24-AC-2008-73,ATRAULI,lgd_direct,src-4ad56b409556
uttar-pradesh,2008,74,9074,IN-S24-AC-2008-74,CHHARRA,lgd_direct,src-4ad56b409556
uttar-pradesh,2008,75,9075,IN-S24-AC-2008-75,KOIL,lgd_direct,src-4ad56b409556
uttar-pradesh,2008,76,9076,IN-S24-AC-2008-76,ALIGARH,lgd_direct,src-4ad56b409556
uttar-pradesh,2008,77,9077,IN-S24-AC-2008-77,IGLAS,lgd_direct,src-4ad56b409556
uttar-pradesh,2008,78,9078,IN-S24-AC-2008-78,HATHRAS,lgd_direct,src-4ad56b409556
uttar-pradesh,2008,79,9079,IN-S24-AC-2008-79,SADABAD,lgd_direct,src-4ad56b409556
uttar-pradesh,2008,80,9080,IN-S24-AC-2008-80,SIKANDRA RAO,lgd_direct,src-4ad56b409556
uttar-pradesh,2008,81,9081,IN-S24-AC-2008-81,CHHATA,lgd_direct,src-4ad56b409556
uttar-pradesh,2008,82,9082,IN-S24-AC-2008-82,MANT,lgd_direct,src-4ad56b409556
uttar-pradesh,2008,83,9083,IN-S24-AC-2008-83,GOVARDHAN,lgd_direct,src-4ad56b409556
uttar-pradesh,2008,84,9084,IN-S24-AC-2008-84,MATHURA,lgd_direct,src-4ad56b409556
uttar-pradesh,2008,85,9085,IN-S24-AC-2008-85,BALDEV,lgd_direct,src-4ad56b409556
uttar-pradesh,2008,86,9086,IN-S24-AC-2008-86,ETMADPUR,lgd_direct,src-4ad56b409556
uttar-pradesh,2008,87,9087,IN-S24-AC-2008-87,AGRA CANTONMENT,lgd_direct,src-4ad56b409556
uttar-pradesh,2008,88,9088,IN-S24-AC-2008-88,AGRA SOUTH,lgd_direct,src-4ad56b409556
uttar-pradesh,2008,89,9089,IN-S24-AC-2008-89,AGRA NORTH,lgd_direct,src-4ad56b409556
uttar-pradesh,2008,90,9090,IN-S24-AC-2008-90,AGRA RURAL,lgd_direct,src-4ad56b409556
uttar-pradesh,2008,91,9091,IN-S24-AC-2008-91,FATEHPUR SIKRI,lgd_direct,src-4ad56b409556
uttar-pradesh,2008,92,,IN-S24-AC-2008-92,KHERAGARH,unmapped,src-4ad56b409556
uttar-pradesh,2008,93,9093,IN-S24-AC-2008-93,FATEHABAD,lgd_direct,src-4ad56b409556
uttar-pradesh,2008,94,9094,IN-S24-AC-2008-94,BAH,lgd_direct,src-4ad56b409556
uttar-pradesh,2008,95,9095,IN-S24-AC-2008-95,TUNDLA,lgd_direct,src-4ad56b409556
uttar-pradesh,2008,96,9096,IN-S24-AC-2008-96,JASRANA,lgd_direct,src-4ad56b409556
uttar-pradesh,2008,97,9097,IN-S24-AC-2008-97,FIROZABAD,lgd_direct,src-4ad56b409556
uttar-pradesh,2008,98,9098,IN-S24-AC-2008-98,SHIKOHABAD,lgd_direct,src-4ad56b409556
uttar-pradesh,2008,99,9099,IN-S24-AC-2008-99,SIRSAGANJ,lgd_direct,src-4ad56b409556
uttar-pradesh,2008,100,9100,IN-S24-AC-2008-100,KASGANJ,lgd_direct,src-4ad56b409556
uttar-pradesh,2008,101,9101,IN-S24-AC-2008-101,AMANPUR,lgd_direct,src-4ad56b409556
uttar-pradesh,2008,102,9102,IN-S24-AC-2008-102,PATIALI,lgd_direct,src-4ad56b409556
uttar-pradesh,2008,103,9103,IN-S24-AC-2008-103,ALIGANJ,lgd_direct,src-4ad56b409556
uttar-pradesh,2008,104,9104,IN-S24-AC-2008-104,ETAH,lgd_direct,src-4ad56b409556
uttar-pradesh,2008,105,9105,IN-S24-AC-2008-105,MARHARA,lgd_direct,src-4ad56b409556
uttar-pradesh,2008,106,9106,IN-S24-AC-2008-106,JALESAR,lgd_direct,src-4ad56b409556
uttar-pradesh,2008,107,9107,IN-S24-AC-2008-107,MAINPURI,lgd_direct,src-4ad56b409556
uttar-pradesh,2008,108,9108,IN-S24-AC-2008-108,BHONGAON,lgd_direct,src-4ad56b409556
uttar-pradesh,2008,109,9109,IN-S24-AC-2008-109,KISHNI,lgd_direct,src-4ad56b409556
uttar-pradesh,2008,110,9110,IN-S24-AC-2008-110,KARHAL,lgd_direct,src-4ad56b409556
uttar-pradesh,2008,111,9111,IN-S24-AC-2008-111,GUNNAUR,lgd_direct,src-4ad56b409556
uttar-pradesh,2008,112,9112,IN-S24-AC-2008-112,BISAULI,lgd_direct,src-4ad56b409556
uttar-pradesh,2008,113,9113,IN-S24-AC-2008-113,SAHASWAN,lgd_direct,src-4ad56b409556
uttar-pradesh,2008,114,9114,IN-S24-AC-2008-114,BILSI,lgd_direct,src-4ad56b409556
uttar-pradesh,2008,115,9115,IN-S24-AC-2008-115,BADAUN,lgd_direct,src-4ad56b409556
uttar-pradesh,2008,116,9116,IN-S24-AC-2008-116,SHEKHUPUR,lgd_direct,src-4ad56b409556
uttar-pradesh,2008,117,9117,IN-S24-AC-2008-117,DATAGANJ,lgd_direct,src-4ad56b409556
uttar-pradesh,2008,118,9118,IN-S24-AC-2008-118,BAHERI,lgd_direct,src-4ad56b409556
uttar-pradesh,2008,119,9119,IN-S24-AC-2008-119,MEERGANJ,lgd_direct,src-4ad56b409556
uttar-pradesh,2008,120,9120,IN-S24-AC-2008-120,BHOJIPURA,lgd_direct,src-4ad56b409556
uttar-pradesh,2008,121,9121,IN-S24-AC-2008-121,NAWABGANJ,lgd_direct,src-4ad56b409556
uttar-pradesh,2008,122,9122,IN-S24-AC-2008-122,FARIDPUR,lgd_direct,src-4ad56b409556
uttar-pradesh,2008,123,9123,IN-S24-AC-2008-123,BITHARI CHAINPUR,lgd_direct,src-4ad56b409556
uttar-pradesh,2008,124,9124,IN-S24-AC-2008-124,BAREILLY CITY,lgd_direct,src-4ad56b409556
uttar-pradesh,2008,125,9125,IN-S24-AC-2008-125,BAREILLY CANTONMENT,lgd_direct,src-4ad56b409556
uttar-pradesh,2008,126,9126,IN-S24-AC-2008-126,AONLA,lgd_direct,src-4ad56b409556
uttar-pradesh,2008,127,9127,IN-S24-AC-2008-127,PILIBHIT,lgd_direct,src-4ad56b409556
uttar-pradesh,2008,128,9128,IN-S24-AC-2008-128,BARKHERA,lgd_direct,src-4ad56b409556
uttar-pradesh,2008,129,9129,IN-S24-AC-2008-129,PURANPUR,lgd_direct,src-4ad56b409556
uttar-pradesh,2008,130,9130,IN-S24-AC-2008-130,BISALPUR,lgd_direct,src-4ad56b409556
uttar-pradesh,2008,131,9131,IN-S24-AC-2008-131,KATRA,lgd_direct,src-4ad56b409556
uttar-pradesh,2008,132,9132,IN-S24-AC-2008-132,JALALABAD,lgd_direct,src-4ad56b409556
uttar-pradesh,2008,133,9133,IN-S24-AC-2008-133,TILHAR,lgd_direct,src-4ad56b409556
uttar-pradesh,2008,134,9134,IN-S24-AC-2008-134,POWAYAN,lgd_direct,src-4ad56b409556
uttar-pradesh,2008,135,9135,IN-S24-AC-2008-135,SHAHJAHANPUR,lgd_direct,src-4ad56b409556
uttar-pradesh,2008,136,9136,IN-S24-AC-2008-136,DADRAUL,lgd_direct,src-4ad56b409556
uttar-pradesh,2008,137,9137,IN-S24-AC-2008-137,PALIA,lgd_direct,src-4ad56b409556
uttar-pradesh,2008,138,9138,IN-S24-AC-2008-138,NIGHASAN,lgd_direct,src-4ad56b409556
uttar-pradesh,2008,139,9139,IN-S24-AC-2008-139,GOLA GOKRANNATH,lgd_direct,src-4ad56b409556
uttar-pradesh,2008,140,9140,IN-S24-AC-2008-140,SRINAGAR,lgd_direct,src-4ad56b409556
uttar-pradesh,2008,141,9141,IN-S24-AC-2008-141,DHAUREHRA,lgd_direct,src-4ad56b409556
uttar-pradesh,2008,142,9142,IN-S24-AC-2008-142,LAKHIMPUR,lgd_direct,src-4ad56b409556
uttar-pradesh,2008,143,9143,IN-S24-AC-2008-143,KASTA,lgd_direct,src-4ad56b409556
uttar-pradesh,2008,144,9144,IN-S24-AC-2008-144,MOHAMMADI,lgd_direct,src-4ad56b409556
uttar-pradesh,2008,145,9145,IN-S24-AC-2008-145,MAHOLI,lgd_direct,src-4ad56b409556
uttar-pradesh,2008,146,9146,IN-S24-AC-2008-146,SITAPUR,lgd_direct,src-4ad56b409556
uttar-pradesh,2008,147,9147,IN-S24-AC-2008-147,HARGAON,lgd_direct,src-4ad56b409556
uttar-pradesh,2008,148,9148,IN-S24-AC-2008-148,LAHARPUR,lgd_direct,src-4ad56b409556
uttar-pradesh,2008,149,9149,IN-S24-AC-2008-149,BISWAN,lgd_direct,src-4ad56b409556
uttar-pradesh,2008,150,9150,IN-S24-AC-2008-150,SEVATA,lgd_direct,src-4ad56b409556
uttar-pradesh,2008,151,9151,IN-S24-AC-2008-151,MAHMUDABAD,lgd_direct,src-4ad56b409556
uttar-pradesh,2008,152,9152,IN-S24-AC-2008-152,SIDHAULI,lgd_direct,src-4ad56b409556
uttar-pradesh,2008,153,9153,IN-S24-AC-2008-153,MISRIKH,lgd_direct,src-4ad56b409556
uttar-pradesh,2008,154,9154,IN-S24-AC-2008-154,SAWAIJPUR,lgd_direct,src-4ad56b409556
uttar-pradesh,2008,155,9155,IN-S24-AC-2008-155,SHAHABAD,lgd_direct,src-4ad56b409556
uttar-pradesh,2008,156,9156,IN-S24-AC-2008-156,HARDOI,lgd_direct,src-4ad56b409556
uttar-pradesh,2008,157,9157,IN-S24-AC-2008-157,GOPAMAU,lgd_direct,src-4ad56b409556
uttar-pradesh,2008,158,9158,IN-S24-AC-2008-158,SANDI,lgd_direct,src-4ad56b409556
uttar-pradesh,2008,159,9159,IN-S24-AC-2008-159,BILGRAM - MALANWAN,lgd_direct,src-4ad56b409556
uttar-pradesh,2008,160,9160,IN-S24-AC-2008-160,BALAMAU,lgd_direct,src-4ad56b409556
uttar-pradesh,2008,161,9161,IN-S24-AC-2008-161,SANDILA,lgd_direct,src-4ad56b409556
uttar-pradesh,2008,162,9162,IN-S24-AC-2008-162,BANGARMAU,lgd_direct,src-4ad56b409556
uttar-pradesh,2008,163,9163,IN-S24-AC-2008-163,SAFIPUR,lgd_direct,src-4ad56b409556
uttar-pradesh,2008,164,9164,IN-S24-AC-2008-164,MOHAN,lgd_direct,src-4ad56b409556
uttar-pradesh,2008,165,9165,IN-S24-AC-2008-165,UNNAO,lgd_direct,src-4ad56b409556
uttar-pradesh,2008,166,9166,IN-S24-AC-2008-166,BHAGWANT NAGAR,lgd_direct,src-4ad56b409556
uttar-pradesh,2008,167,9167,IN-S24-AC-2008-167,PURWA,lgd_direct,src-4ad56b409556
uttar-pradesh,2008,168,9168,IN-S24-AC-2008-168,MALIHABAD,lgd_direct,src-4ad56b409556
uttar-pradesh,2008,169,9169,IN-S24-AC-2008-169,BAKSHI KAA TALAB,lgd_direct,src-4ad56b409556
uttar-pradesh,2008,170,9170,IN-S24-AC-2008-170,SAROJINI NAGAR,lgd_direct,src-4ad56b409556
uttar-pradesh,2008,171,9171,IN-S24-AC-2008-171,LUCKNOW WEST,lgd_direct,src-4ad56b409556
uttar-pradesh,2008,172,9172,IN-S24-AC-2008-172,LUCKNOW NORTH,lgd_direct,src-4ad56b409556
uttar-pradesh,2008,173,9173,IN-S24-AC-2008-173,LUCKNOW EAST,lgd_direct,src-4ad56b409556
uttar-pradesh,2008,174,9174,IN-S24-AC-2008-174,LUCKNOW CENTRAL,lgd_direct,src-4ad56b409556
uttar-pradesh,2008,175,9175,IN-S24-AC-2008-175,LUCKNOW CANTONMENT,lgd_direct,src-4ad56b409556
uttar-pradesh,2008,176,9176,IN-S24-AC-2008-176,MOHANLALGANJ,lgd_direct,src-4ad56b409556
uttar-pradesh,2008,177,9177,IN-S24-AC-2008-177,BACHHRAWAN,lgd_direct,src-4ad56b409556
uttar-pradesh,2008,178,9178,IN-S24-AC-2008-178,TILOI,lgd_direct,src-4ad56b409556
uttar-pradesh,2008,179,9179,IN-S24-AC-2008-179,HARCHANDPUR,lgd_direct,src-4ad56b409556
uttar-pradesh,2008,180,9180,IN-S24-AC-2008-180,RAE BARELI,lgd_direct,src-4ad56b409556
uttar-pradesh,2008,181,9181,IN-S24-AC-2008-181,SALON,lgd_direct,src-4ad56b409556
uttar-pradesh,2008,182,9182,IN-S24-AC-2008-182,SARENI,lgd_direct,src-4ad56b409556
uttar-pradesh,2008,183,9183,IN-S24-AC-2008-183,UNCHAHAR,lgd_direct,src-4ad56b409556
uttar-pradesh,2008,184,9184,IN-S24-AC-2008-184,JAGDISHPUR,lgd_direct,src-4ad56b409556
uttar-pradesh,2008,185,9185,IN-S24-AC-2008-185,GAURIGANJ,lgd_direct,src-4ad56b409556
uttar-pradesh,2008,186,9186,IN-S24-AC-2008-186,AMETHI,lgd_direct,src-4ad56b409556
uttar-pradesh,2008,187,9187,IN-S24-AC-2008-187,ISAULI,lgd_direct,src-4ad56b409556
uttar-pradesh,2008,188,9188,IN-S24-AC-2008-188,SULTANPUR,lgd_direct,src-4ad56b409556
uttar-pradesh,2008,189,9189,IN-S24-AC-2008-189,SADAR,lgd_direct,src-4ad56b409556
uttar-pradesh,2008,190,9190,IN-S24-AC-2008-190,LAMBHUA,lgd_direct,src-4ad56b409556
uttar-pradesh,2008,191,9191,IN-S24-AC-2008-191,KADIPUR,lgd_direct,src-4ad56b409556
uttar-pradesh,2008,192,9192,IN-S24-AC-2008-192,KAIMGANJ,lgd_direct,src-4ad56b409556
uttar-pradesh,2008,193,9193,IN-S24-AC-2008-193,AMRITPUR,lgd_direct,src-4ad56b409556
uttar-pradesh,2008,194,9194,IN-S24-AC-2008-194,FARRUKHABAD,lgd_direct,src-4ad56b409556
uttar-pradesh,2008,195,9195,IN-S24-AC-2008-195,BHOJPUR,lgd_direct,src-4ad56b409556
uttar-pradesh,2008,196,9196,IN-S24-AC-2008-196,CHHIBRAMAU,lgd_direct,src-4ad56b409556
uttar-pradesh,2008,197,9197,IN-S24-AC-2008-197,TIRWA,lgd_direct,src-4ad56b409556
uttar-pradesh,2008,198,9198,IN-S24-AC-2008-198,KANNAUJ,lgd_direct,src-4ad56b409556
uttar-pradesh,2008,199,9199,IN-S24-AC-2008-199,JASWANTNAGAR,lgd_direct,src-4ad56b409556
uttar-pradesh,2008,200,9200,IN-S24-AC-2008-200,ETAWAH,lgd_direct,src-4ad56b409556
uttar-pradesh,2008,201,9201,IN-S24-AC-2008-201,BHARTHANA,lgd_direct,src-4ad56b409556
uttar-pradesh,2008,202,9202,IN-S24-AC-2008-202,BIDHUNA,lgd_direct,src-4ad56b409556
uttar-pradesh,2008,203,9203,IN-S24-AC-2008-203,DIBIYAPUR,lgd_direct,src-4ad56b409556
uttar-pradesh,2008,204,9204,IN-S24-AC-2008-204,AURAIYA,lgd_direct,src-4ad56b409556
uttar-pradesh,2008,205,9205,IN-S24-AC-2008-205,RASULABAD,lgd_direct,src-4ad56b409556
uttar-pradesh,2008,206,9206,IN-S24-AC-2008-206,AKBARPUR - RANIYA,lgd_direct,src-4ad56b409556
uttar-pradesh,2008,207,9207,IN-S24-AC-2008-207,SIKANDRA,lgd_direct,src-4ad56b409556
uttar-pradesh,2008,208,9208,IN-S24-AC-2008-208,BHOGNIPUR,lgd_direct,src-4ad56b409556
uttar-pradesh,2008,209,9209,IN-S24-AC-2008-209,BILAUR,lgd_direct,src-4ad56b409556
uttar-pradesh,2008,210,9210,IN-S24-AC-2008-210,BITHOOR,lgd_direct,src-4ad56b409556
uttar-pradesh,2008,211,9211,IN-S24-AC-2008-211,KALYANPUR,lgd_direct,src-4ad56b409556
uttar-pradesh,2008,212,9212,IN-S24-AC-2008-212,GOVIND NAGAR,lgd_direct,src-4ad56b409556
uttar-pradesh,2008,213,9213,IN-S24-AC-2008-213,SISAMAU,lgd_direct,src-4ad56b409556
uttar-pradesh,2008,214,9214,IN-S24-AC-2008-214,ARYANAGAR,lgd_direct,src-4ad56b409556
uttar-pradesh,2008,215,9215,IN-S24-AC-2008-215,KIDWAI NAGAR,lgd_direct,src-4ad56b409556
uttar-pradesh,2008,216,9216,IN-S24-AC-2008-216,KANPUR CANTONMENT,lgd_direct,src-4ad56b409556
uttar-pradesh,2008,217,9217,IN-S24-AC-2008-217,MAHARAJPUR,lgd_direct,src-4ad56b409556
uttar-pradesh,2008,218,9218,IN-S24-AC-2008-218,GHATAMPUR,lgd_direct,src-4ad56b409556
uttar-pradesh,2008,219,9219,IN-S24-AC-2008-219,MADHOGARH,lgd_direct,src-4ad56b409556
uttar-pradesh,2008,220,9220,IN-S24-AC-2008-220,KALPI,lgd_direct,src-4ad56b409556
uttar-pradesh,2008,221,9221,IN-S24-AC-2008-221,ORAI,lgd_direct,src-4ad56b409556
uttar-pradesh,2008,222,9222,IN-S24-AC-2008-222,BABINA,lgd_direct,src-4ad56b409556
uttar-pradesh,2008,223,9223,IN-S24-AC-2008-223,JHANSI NAGAR,lgd_direct,src-4ad56b409556
uttar-pradesh,2008,224,9224,IN-S24-AC-2008-224,MAURANIPUR,lgd_direct,src-4ad56b409556
uttar-pradesh,2008,225,9225,IN-S24-AC-2008-225,GARAUTHA,lgd_direct,src-4ad56b409556
uttar-pradesh,2008,226,9226,IN-S24-AC-2008-226,LALITPUR,lgd_direct,src-4ad56b409556
uttar-pradesh,2008,227,9227,IN-S24-AC-2008-227,MEHRONI,lgd_direct,src-4ad56b409556
uttar-pradesh,2008,228,9228,IN-S24-AC-2008-228,HAMIRPUR,lgd_direct,src-4ad56b409556
uttar-pradesh,2008,229,9229,IN-S24-AC-2008-229,RATH,lgd_direct,src-4ad56b409556
uttar-pradesh,2008,230,9230,IN-S24-AC-2008-230,MAHOBA,lgd_direct,src-4ad56b409556
uttar-pradesh,2008,231,9231,IN-S24-AC-2008-231,CHARKHARI,lgd_direct,src-4ad56b409556
uttar-pradesh,2008,232,9232,IN-S24-AC-2008-232,TINDWARI,lgd_direct,src-4ad56b409556
uttar-pradesh,2008,233,9233,IN-S24-AC-2008-233,BABERU,lgd_direct,src-4ad56b409556
uttar-pradesh,2008,234,9234,IN-S24-AC-2008-234,NARAINI,lgd_direct,src-4ad56b409556
uttar-pradesh,2008,235,9235,IN-S24-AC-2008-235,BANDA,lgd_direct,src-4ad56b409556
uttar-pradesh,2008,236,9236,IN-S24-AC-2008-236,CHITRAKOOT,lgd_direct,src-4ad56b409556
uttar-pradesh,2008,237,9237,IN-S24-AC-2008-237,MANIKPUR,lgd_direct,src-4ad56b409556
uttar-pradesh,2008,238,9238,IN-S24-AC-2008-238,JAHANABAD,lgd_direct,src-4ad56b409556
uttar-pradesh,2008,239,9239,IN-S24-AC-2008-239,BINDKI,lgd_direct,src-4ad56b409556
uttar-pradesh,2008,240,9240,IN-S24-AC-2008-240,FATEHPUR,lgd_direct,src-4ad56b409556
uttar-pradesh,2008,241,9241,IN-S24-AC-2008-241,AYAH SHAH,lgd_direct,src-4ad56b409556
uttar-pradesh,2008,242,9242,IN-S24-AC-2008-242,HUSAINGANJ,lgd_direct,src-4ad56b409556
uttar-pradesh,2008,243,9243,IN-S24-AC-2008-243,KHAGA,lgd_direct,src-4ad56b409556
uttar-pradesh,2008,244,9244,IN-S24-AC-2008-244,RAMPUR KHAS,lgd_direct,src-4ad56b409556
uttar-pradesh,2008,245,9245,IN-S24-AC-2008-245,BABAGANJ,lgd_direct,src-4ad56b409556
uttar-pradesh,2008,246,9246,IN-S24-AC-2008-246,KUNDA,lgd_direct,src-4ad56b409556
uttar-pradesh,2008,247,9247,IN-S24-AC-2008-247,BISHWAVNATHGANJ,lgd_direct,src-4ad56b409556
uttar-pradesh,2008,248,9248,IN-S24-AC-2008-248,PRATAPGARH,lgd_direct,src-4ad56b409556
uttar-pradesh,2008,249,9249,IN-S24-AC-2008-249,PATTI,lgd_direct,src-4ad56b409556
uttar-pradesh,2008,250,9250,IN-S24-AC-2008-250,RANIGANJ,lgd_direct,src-4ad56b409556
uttar-pradesh,2008,251,9251,IN-S24-AC-2008-251,SIRATHU,lgd_direct,src-4ad56b409556
uttar-pradesh,2008,252,9252,IN-S24-AC-2008-252,MANJHANPUR,lgd_direct,src-4ad56b409556
uttar-pradesh,2008,253,9253,IN-S24-AC-2008-253,CHAIL,lgd_direct,src-4ad56b409556
uttar-pradesh,2008,254,9254,IN-S24-AC-2008-254,PHAPHAMAU,lgd_direct,src-4ad56b409556
uttar-pradesh,2008,255,9255,IN-S24-AC-2008-255,SORAON,lgd_direct,src-4ad56b409556
uttar-pradesh,2008,256,9256,IN-S24-AC-2008-256,PHULPUR,lgd_direct,src-4ad56b409556
uttar-pradesh,2008,257,9257,IN-S24-AC-2008-257,PRATAPPUR,lgd_direct,src-4ad56b409556
uttar-pradesh,2008,258,9258,IN-S24-AC-2008-258,HANDIA,lgd_direct,src-4ad56b409556
uttar-pradesh,2008,259,9259,IN-S24-AC-2008-259,MEJA,lgd_direct,src-4ad56b409556
uttar-pradesh,2008,260,9260,IN-S24-AC-2008-260,KARACHHANA,lgd_direct,src-4ad56b409556
uttar-pradesh,2008,261,9261,IN-S24-AC-2008-261,ALLAHABAD WEST,lgd_direct,src-4ad56b409556
uttar-pradesh,2008,262,9262,IN-S24-AC-2008-262,ALLAHABAD NORTH,lgd_direct,src-4ad56b409556
uttar-pradesh,2008,263,9263,IN-S24-AC-2008-263,ALLAHABAD SOUTH,lgd_direct,src-4ad56b409556
uttar-pradesh,2008,264,9264,IN-S24-AC-2008-264,BARA,lgd_direct,src-4ad56b409556
uttar-pradesh,2008,265,9265,IN-S24-AC-2008-265,KORAON,lgd_direct,src-4ad56b409556
uttar-pradesh,2008,266,9266,IN-S24-AC-2008-266,KURSI,lgd_direct,src-4ad56b409556
uttar-pradesh,2008,267,9267,IN-S24-AC-2008-267,RAM NAGAR,lgd_direct,src-4ad56b409556
uttar-pradesh,2008,268,9268,IN-S24-AC-2008-268,BARABANKI,lgd_direct,src-4ad56b409556
uttar-pradesh,2008,269,9269,IN-S24-AC-2008-269,ZAIDPUR,lgd_direct,src-4ad56b409556
uttar-pradesh,2008,270,9270,IN-S24-AC-2008-270,DARIYABAD,lgd_direct,src-4ad56b409556
uttar-pradesh,2008,271,9271,IN-S24-AC-2008-271,RUDAULI,lgd_direct,src-4ad56b409556
uttar-pradesh,2008,272,9272,IN-S24-AC-2008-272,HAIDERGARH,lgd_direct,src-4ad56b409556
uttar-pradesh,2008,273,9273,IN-S24-AC-2008-273,MILKIPUR,lgd_direct,src-4ad56b409556
uttar-pradesh,2008,274,9274,IN-S24-AC-2008-274,BIKAPUR,lgd_direct,src-4ad56b409556
uttar-pradesh,2008,275,9275,IN-S24-AC-2008-275,AYODHYA,lgd_direct,src-4ad56b409556
uttar-pradesh,2008,276,9276,IN-S24-AC-2008-276,GOSHAINGANJ,lgd_direct,src-4ad56b409556
uttar-pradesh,2008,277,9277,IN-S24-AC-2008-277,KATEHARI,lgd_direct,src-4ad56b409556
uttar-pradesh,2008,278,9278,IN-S24-AC-2008-278,TANDA,lgd_direct,src-4ad56b409556
uttar-pradesh,2008,279,9279,IN-S24-AC-2008-279,ALAPUR,lgd_direct,src-4ad56b409556
uttar-pradesh,2008,280,9280,IN-S24-AC-2008-280,JALALPUR,lgd_direct,src-4ad56b409556
uttar-pradesh,2008,281,9281,IN-S24-AC-2008-281,AKBARPUR,lgd_direct,src-4ad56b409556
uttar-pradesh,2008,282,9282,IN-S24-AC-2008-282,BALHA,lgd_direct,src-4ad56b409556
uttar-pradesh,2008,283,9283,IN-S24-AC-2008-283,NANPARA,lgd_direct,src-4ad56b409556
uttar-pradesh,2008,284,9284,IN-S24-AC-2008-284,MATERA,lgd_direct,src-4ad56b409556
uttar-pradesh,2008,285,9285,IN-S24-AC-2008-285,MAHSI,lgd_direct,src-4ad56b409556
uttar-pradesh,2008,286,9286,IN-S24-AC-2008-286,BAHRAICH,lgd_direct,src-4ad56b409556
uttar-pradesh,2008,287,9287,IN-S24-AC-2008-287,PAYAGPUR,lgd_direct,src-4ad56b409556
uttar-pradesh,2008,288,9288,IN-S24-AC-2008-288,KAISERGANJ,lgd_direct,src-4ad56b409556
uttar-pradesh,2008,289,9289,IN-S24-AC-2008-289,BHINGA,lgd_direct,src-4ad56b409556
uttar-pradesh,2008,290,9290,IN-S24-AC-2008-290,SHRAWASTI,lgd_direct,src-4ad56b409556
uttar-pradesh,2008,291,9291,IN-S24-AC-2008-291,TULSIPUR,lgd_direct,src-4ad56b409556
uttar-pradesh,2008,292,9292,IN-S24-AC-2008-292,GAINSARI,lgd_direct,src-4ad56b409556
uttar-pradesh,2008,293,9293,IN-S24-AC-2008-293,UTRAULA,lgd_direct,src-4ad56b409556
uttar-pradesh,2008,294,9294,IN-S24-AC-2008-294,BALRAMPUR,lgd_direct,src-4ad56b409556
uttar-pradesh,2008,295,9295,IN-S24-AC-2008-295,MEHNAUN,lgd_direct,src-4ad56b409556
uttar-pradesh,2008,296,9296,IN-S24-AC-2008-296,GONDA,lgd_direct,src-4ad56b409556
uttar-pradesh,2008,297,9297,IN-S24-AC-2008-297,KATRABAZAR,lgd_direct,src-4ad56b409556
uttar-pradesh,2008,298,9298,IN-S24-AC-2008-298,COLONELGANJ,lgd_direct,src-4ad56b409556
uttar-pradesh,2008,299,9299,IN-S24-AC-2008-299,TARABGANJ,lgd_direct,src-4ad56b409556
uttar-pradesh,2008,300,9300,IN-S24-AC-2008-300,MANKAPUR,lgd_direct,src-4ad56b409556
uttar-pradesh,2008,301,9301,IN-S24-AC-2008-301,GAURA,lgd_direct,src-4ad56b409556
uttar-pradesh,2008,302,9302,IN-S24-AC-2008-302,SHOHRATGARH,lgd_direct,src-4ad56b409556
uttar-pradesh,2008,303,9303,IN-S24-AC-2008-303,KAPILVASTU,lgd_direct,src-4ad56b409556
uttar-pradesh,2008,304,9304,IN-S24-AC-2008-304,BANSI,lgd_direct,src-4ad56b409556
uttar-pradesh,2008,305,9305,IN-S24-AC-2008-305,ITWA,lgd_direct,src-4ad56b409556
uttar-pradesh,2008,306,9306,IN-S24-AC-2008-306,DOMARIAGANJ,lgd_direct,src-4ad56b409556
uttar-pradesh,2008,307,9307,IN-S24-AC-2008-307,HARRAIYA,lgd_direct,src-4ad56b409556
uttar-pradesh,2008,308,9308,IN-S24-AC-2008-308,CAPTAINGANJ,lgd_direct,src-4ad56b409556
uttar-pradesh,2008,309,9309,IN-S24-AC-2008-309,RUDHAULI,lgd_direct,src-4ad56b409556
uttar-pradesh,2008,310,9310,IN-S24-AC-2008-310,BASTI SADAR,lgd_direct,src-4ad56b409556
uttar-pradesh,2008,311,9311,IN-S24-AC-2008-311,MAHADEVA,lgd_direct,src-4ad56b409556
uttar-pradesh,2008,312,9312,IN-S24-AC-2008-312,MEHNDAWAL,lgd_direct,src-4ad56b409556
uttar-pradesh,2008,313,9313,IN-S24-AC-2008-313,KHALILABAD,lgd_direct,src-4ad56b409556
uttar-pradesh,2008,314,9314,IN-S24-AC-2008-314,DHANGHATA,lgd_direct,src-4ad56b409556
uttar-pradesh,2008,315,9315,IN-S24-AC-2008-315,PHARENDA,lgd_direct,src-4ad56b409556
uttar-pradesh,2008,316,9316,IN-S24-AC-2008-316,NAUTANWA,lgd_direct,src-4ad56b409556
uttar-pradesh,2008,317,9317,IN-S24-AC-2008-317,SISWA,lgd_direct,src-4ad56b409556
uttar-pradesh,2008,318,9318,IN-S24-AC-2008-318,MAHARAJGANJ,lgd_direct,src-4ad56b409556
uttar-pradesh,2008,319,9319,IN-S24-AC-2008-319,PANIARA,lgd_direct,src-4ad56b409556
uttar-pradesh,2008,320,9320,IN-S24-AC-2008-320,CAIMPIYARGANJ,lgd_direct,src-4ad56b409556
uttar-pradesh,2008,321,9321,IN-S24-AC-2008-321,PIPRAICH,lgd_direct,src-4ad56b409556
uttar-pradesh,2008,322,9322,IN-S24-AC-2008-322,GORAKHPUR URBAN,lgd_direct,src-4ad56b409556
uttar-pradesh,2008,323,9323,IN-S24-AC-2008-323,GORAKHPUR RURAL,lgd_direct,src-4ad56b409556
uttar-pradesh,2008,324,9324,IN-S24-AC-2008-324,SAHAJANWA,lgd_direct,src-4ad56b409556
uttar-pradesh,2008,325,9325,IN-S24-AC-2008-325,KHAJANI,lgd_direct,src-4ad56b409556
uttar-pradesh,2008,326,9326,IN-S24-AC-2008-326,CHAURI-CHAURA,lgd_direct,src-4ad56b409556
uttar-pradesh,2008,327,9327,IN-S24-AC-2008-327,BANSGAON,lgd_direct,src-4ad56b409556
uttar-pradesh,2008,328,9328,IN-S24-AC-2008-328,CHILLUPAR,lgd_direct,src-4ad56b409556
uttar-pradesh,2008,329,9329,IN-S24-AC-2008-329,KHADDA,lgd_direct,src-4ad56b409556
uttar-pradesh,2008,330,9330,IN-S24-AC-2008-330,PADRAUNA,lgd_direct,src-4ad56b409556
uttar-pradesh,2008,331,9331,IN-S24-AC-2008-331,TAMKUHI RAJ,lgd_direct,src-4ad56b409556
uttar-pradesh,2008,332,9332,IN-S24-AC-2008-332,FAZILNAGAR,lgd_direct,src-4ad56b409556
uttar-pradesh,2008,333,9333,IN-S24-AC-2008-333,KUSHINAGAR,lgd_direct,src-4ad56b409556
uttar-pradesh,2008,334,9334,IN-S24-AC-2008-334,HATA,lgd_direct,src-4ad56b409556
uttar-pradesh,2008,335,9335,IN-S24-AC-2008-335,RAMKOLA,lgd_direct,src-4ad56b409556
uttar-pradesh,2008,336,9336,IN-S24-AC-2008-336,RUDRAPUR,lgd_direct,src-4ad56b409556
uttar-pradesh,2008,337,9337,IN-S24-AC-2008-337,DEORIA,lgd_direct,src-4ad56b409556
uttar-pradesh,2008,338,9338,IN-S24-AC-2008-338,PATHARDEVA,lgd_direct,src-4ad56b409556
uttar-pradesh,2008,339,9339,IN-S24-AC-2008-339,RAMPUR KARKHANA,lgd_direct,src-4ad56b409556
uttar-pradesh,2008,340,9340,IN-S24-AC-2008-340,BHATPAR RANI,lgd_direct,src-4ad56b409556
uttar-pradesh,2008,341,9341,IN-S24-AC-2008-341,SALEMPUR,lgd_direct,src-4ad56b409556
uttar-pradesh,2008,342,9342,IN-S24-AC-2008-342,BARHAJ,lgd_direct,src-4ad56b409556
uttar-pradesh,2008,343,9343,IN-S24-AC-2008-343,ATRAULIA,lgd_direct,src-4ad56b409556
uttar-pradesh,2008,344,9344,IN-S24-AC-2008-344,GOPALPUR,lgd_direct,src-4ad56b409556
uttar-pradesh,2008,345,9345,IN-S24-AC-2008-345,SAGRI,lgd_direct,src-4ad56b409556
uttar-pradesh,2008,346,9346,IN-S24-AC-2008-346,MUBARAKPUR,lgd_direct,src-4ad56b409556
uttar-pradesh,2008,347,9347,IN-S24-AC-2008-347,AZAMGARH,lgd_direct,src-4ad56b409556
uttar-pradesh,2008,348,9348,IN-S24-AC-2008-348,NIZAMABAD,lgd_direct,src-4ad56b409556
uttar-pradesh,2008,349,9349,IN-S24-AC-2008-349,PHOOLPUR PAWAI,lgd_direct,src-4ad56b409556
uttar-pradesh,2008,350,9350,IN-S24-AC-2008-350,DIDARGANJ,lgd_direct,src-4ad56b409556
uttar-pradesh,2008,351,9351,IN-S24-AC-2008-351,LALGANJ,lgd_direct,src-4ad56b409556
uttar-pradesh,2008,352,9352,IN-S24-AC-2008-352,MEHNAGAR,lgd_direct,src-4ad56b409556
uttar-pradesh,2008,353,9353,IN-S24-AC-2008-353,MADHUBAN,lgd_direct,src-4ad56b409556
uttar-pradesh,2008,354,9354,IN-S24-AC-2008-354,GHOSI,lgd_direct,src-4ad56b409556
uttar-pradesh,2008,355,9355,IN-S24-AC-2008-355,MOHAMMADABAD GOHNA,lgd_direct,src-4ad56b409556
uttar-pradesh,2008,356,9356,IN-S24-AC-2008-356,MAU,lgd_direct,src-4ad56b409556
uttar-pradesh,2008,357,9357,IN-S24-AC-2008-357,BELTHARA ROAD,lgd_direct,src-4ad56b409556
uttar-pradesh,2008,358,9358,IN-S24-AC-2008-358,RASRA,lgd_direct,src-4ad56b409556
uttar-pradesh,2008,359,9359,IN-S24-AC-2008-359,SIKANDERPUR,lgd_direct,src-4ad56b409556
uttar-pradesh,2008,360,9360,IN-S24-AC-2008-360,PHEPHANA,lgd_direct,src-4ad56b409556
uttar-pradesh,2008,361,9361,IN-S24-AC-2008-361,BALLIA NAGAR,lgd_direct,src-4ad56b409556
uttar-pradesh,2008,362,9362,IN-S24-AC-2008-362,BANSDIH,lgd_direct,src-4ad56b409556
uttar-pradesh,2008,363,9363,IN-S24-AC-2008-363,BAIRIA,lgd_direct,src-4ad56b409556
uttar-pradesh,2008,364,9364,IN-S24-AC-2008-364,BADLAPUR,lgd_direct,src-4ad56b409556
uttar-pradesh,2008,365,9365,IN-S24-AC-2008-365,SHAHGANJ,lgd_direct,src-4ad56b409556
uttar-pradesh,2008,366,9366,IN-S24-AC-2008-366,JAUNPUR,lgd_direct,src-4ad56b409556
uttar-pradesh,2008,367,9367,IN-S24-AC-2008-367,MALHANI,lgd_direct,src-4ad56b409556
uttar-pradesh,2008,368,9368,IN-S24-AC-2008-368,MUNGRA BADSHAHPUR,lgd_direct,src-4ad56b409556
uttar-pradesh,2008,369,9369,IN-S24-AC-2008-369,MACHHLISHAHR,lgd_direct,src-4ad56b409556
uttar-pradesh,2008,370,9370,IN-S24-AC-2008-370,MARIAHU,lgd_direct,src-4ad56b409556
uttar-pradesh,2008,371,9371,IN-S24-AC-2008-371,ZAFRABAD,lgd_direct,src-4ad56b409556
uttar-pradesh,2008,372,9372,IN-S24-AC-2008-372,KERAKAT,lgd_direct,src-4ad56b409556
uttar-pradesh,2008,373,9373,IN-S24-AC-2008-373,JAKHANIA,lgd_direct,src-4ad56b409556
uttar-pradesh,2008,374,9374,IN-S24-AC-2008-374,SAIDPUR,lgd_direct,src-4ad56b409556
uttar-pradesh,2008,375,9375,IN-S24-AC-2008-375,GHAZIPUR,lgd_direct,src-4ad56b409556
uttar-pradesh,2008,376,9376,IN-S24-AC-2008-376,JANGIPUR,lgd_direct,src-4ad56b409556
uttar-pradesh,2008,377,9377,IN-S24-AC-2008-377,ZAHOORABAD,lgd_direct,src-4ad56b409556
uttar-pradesh,2008,378,9378,IN-S24-AC-2008-378,MOHAMMADABAD,lgd_direct,src-4ad56b409556
uttar-pradesh,2008,379,9379,IN-S24-AC-2008-379,ZAMANIA,lgd_direct,src-4ad56b409556
uttar-pradesh,2008,380,9380,IN-S24-AC-2008-380,MUGHALSARAI,lgd_direct,src-4ad56b409556
uttar-pradesh,2008,381,9381,IN-S24-AC-2008-381,SAKALDIHA,lgd_direct,src-4ad56b409556
uttar-pradesh,2008,382,9382,IN-S24-AC-2008-382,SAIYADRAJA,lgd_direct,src-4ad56b409556
uttar-pradesh,2008,383,9383,IN-S24-AC-2008-383,CHAKIA,lgd_direct,src-4ad56b409556
uttar-pradesh,2008,384,9384,IN-S24-AC-2008-384,PINDRA,lgd_direct,src-4ad56b409556
uttar-pradesh,2008,385,9385,IN-S24-AC-2008-385,AJAGARA,lgd_direct,src-4ad56b409556
uttar-pradesh,2008,386,9386,IN-S24-AC-2008-386,SHIVPUR,lgd_direct,src-4ad56b409556
uttar-pradesh,2008,387,9387,IN-S24-AC-2008-387,ROHANIYA,lgd_direct,src-4ad56b409556
uttar-pradesh,2008,388,9388,IN-S24-AC-2008-388,VARANASI NORTH,lgd_direct,src-4ad56b409556
uttar-pradesh,2008,389,9389,IN-S24-AC-2008-389,VARANASI SOUTH,lgd_direct,src-4ad56b409556
uttar-pradesh,2008,390,9390,IN-S24-AC-2008-390,VARANASI CANTONMENT,lgd_direct,src-4ad56b409556
uttar-pradesh,2008,391,9391,IN-S24-AC-2008-391,SEVAPURI,lgd_direct,src-4ad56b409556
uttar-pradesh,2008,392,9392,IN-S24-AC-2008-392,BHADOHI,lgd_direct,src-4ad56b409556
uttar-pradesh,2008,393,9393,IN-S24-AC-2008-393,GYANPUR,lgd_direct,src-4ad56b409556
uttar-pradesh,2008,394,9394,IN-S24-AC-2008-394,AURAI,lgd_direct,src-4ad56b409556
uttar-pradesh,2008,395,9395,IN-S24-AC-2008-395,CHHANBEY,lgd_direct,src-4ad56b409556
uttar-pradesh,2008,396,9396,IN-S24-AC-2008-396,MIRZAPUR,lgd_direct,src-4ad56b409556
uttar-pradesh,2008,397,9397,IN-S24-AC-2008-397,MAJHAWAN,lgd_direct,src-4ad56b409556
uttar-pradesh,2008,398,9398,IN-S24-AC-2008-398,CHUNAR,lgd_direct,src-4ad56b409556
uttar-pradesh,2008,399,9399,IN-S24-AC-2008-399,MARIHAN,lgd_direct,src-4ad56b409556
uttar-pradesh,2008,400,9400,IN-S24-AC-2008-400,GHORAWAL,lgd_direct,src-4ad56b409556
uttar-pradesh,2008,401,9401,IN-S24-AC-2008-401,ROBERTSGANJ,lgd_direct,src-4ad56b409556
uttar-pradesh,2008,402,9402,IN-S24-AC-2008-402,OBRA,lgd_direct,src-4ad56b409556
uttar-pradesh,2008,403,9403,IN-S24-AC-2008-403,DUDHI,lgd_direct,src-4ad56b409556
uttarakhand,2008,1,5001,IN-S28-AC-2008-1,PUROLA,lgd_direct,src-4ad56b409556
uttarakhand,2008,2,5002,IN-S28-AC-2008-2,YAMUNOTRI,lgd_direct,src-4ad56b409556
uttarakhand,2008,3,5003,IN-S28-AC-2008-3,GANGOTRI,lgd_direct,src-4ad56b409556
uttarakhand,2008,4,5004,IN-S28-AC-2008-4,BADRINATH,lgd_direct,src-4ad56b409556
uttarakhand,2008,5,5005,IN-S28-AC-2008-5,THARALI,lgd_direct,src-4ad56b409556
uttarakhand,2008,6,5006,IN-S28-AC-2008-6,KARNPRAYAG,lgd_direct,src-4ad56b409556
uttarakhand,2008,7,5007,IN-S28-AC-2008-7,KEDARNATH,lgd_direct,src-4ad56b409556
uttarakhand,2008,8,5008,IN-S28-AC-2008-8,RUDRAPRAYAG,lgd_direct,src-4ad56b409556
uttarakhand,2008,9,5009,IN-S28-AC-2008-9,GHANSHALI,lgd_direct,src-4ad56b409556
uttarakhand,2008,10,5010,IN-S28-AC-2008-10,DEOPRAYAG,lgd_direct,src-4ad56b409556
uttarakhand,2008,11,5011,IN-S28-AC-2008-11,NARENDRANAGAR,lgd_direct,src-4ad56b409556
uttarakhand,2008,12,5012,IN-S28-AC-2008-12,PRATAPNAGAR,lgd_direct,src-4ad56b409556
uttarakhand,2008,13,5013,IN-S28-AC-2008-13,TEHRI,lgd_direct,src-4ad56b409556
uttarakhand,2008,14,5014,IN-S28-AC-2008-14,DHANOLTI,lgd_direct,src-4ad56b409556
uttarakhand,2008,15,5015,IN-S28-AC-2008-15,CHAKRATA,lgd_direct,src-4ad56b409556
uttarakhand,2008,16,5016,IN-S28-AC-2008-16,VIKASNAGAR,lgd_direct,src-4ad56b409556
uttarakhand,2008,17,5017,IN-S28-AC-2008-17,SAHASPUR,lgd_direct,src-4ad56b409556
uttarakhand,2008,18,5018,IN-S28-AC-2008-18,DHARAMPUR,lgd_direct,src-4ad56b409556
uttarakhand,2008,19,5019,IN-S28-AC-2008-19,RAIPUR,lgd_direct,src-4ad56b409556
uttarakhand,2008,20,5020,IN-S28-AC-2008-20,RAJPUR ROAD,lgd_direct,src-4ad56b409556
uttarakhand,2008,21,5021,IN-S28-AC-2008-21,DEHRADUN CANTT.,lgd_direct,src-4ad56b409556
uttarakhand,2008,22,5022,IN-S28-AC-2008-22,MUSSOORIE,lgd_direct,src-4ad56b409556
uttarakhand,2008,23,5023,IN-S28-AC-2008-23,DOIWALA,lgd_direct,src-4ad56b409556
uttarakhand,2008,24,5024,IN-S28-AC-2008-24,RISHIKESH,lgd_direct,src-4ad56b409556
uttarakhand,2008,25,5025,IN-S28-AC-2008-25,HARDWAR,lgd_direct,src-4ad56b409556
uttarakhand,2008,26,5026,IN-S28-AC-2008-26,B.H.E.L. RANIPUR,lgd_direct,src-4ad56b409556
uttarakhand,2008,27,5027,IN-S28-AC-2008-27,JWALAPUR,lgd_direct,src-4ad56b409556
uttarakhand,2008,28,5028,IN-S28-AC-2008-28,BHAGWANPUR,lgd_direct,src-4ad56b409556
uttarakhand,2008,29,5029,IN-S28-AC-2008-29,JHABRERA,lgd_direct,src-4ad56b409556
uttarakhand,2008,30,5030,IN-S28-AC-2008-30,PIRANKALIYAR,lgd_direct,src-4ad56b409556
uttarakhand,2008,31,5031,IN-S28-AC-2008-31,ROORKEE,lgd_direct,src-4ad56b409556
uttarakhand,2008,32,5032,IN-S28-AC-2008-32,KHANPUR,lgd_direct,src-4ad56b409556
uttarakhand,2008,33,5033,IN-S28-AC-2008-33,MANGLORE,lgd_direct,src-4ad56b409556
uttarakhand,2008,34,5034,IN-S28-AC-2008-34,LAKSAR,lgd_direct,src-4ad56b409556
uttarakhand,2008,35,5035,IN-S28-AC-2008-35,HARDWAR RURAL,lgd_direct,src-4ad56b409556
uttarakhand,2008,36,5036,IN-S28-AC-2008-36,YAMKESHWAR,lgd_direct,src-4ad56b409556
uttarakhand,2008,37,5037,IN-S28-AC-2008-37,PAURI,lgd_direct,src-4ad56b409556
uttarakhand,2008,38,5038,IN-S28-AC-2008-38,SRINAGAR,lgd_direct,src-4ad56b409556
uttarakhand,2008,39,5039,IN-S28-AC-2008-39,CHAUBATTAKHAL,lgd_direct,src-4ad56b409556
uttarakhand,2008,40,5040,IN-S28-AC-2008-40,LANSDOWNE,lgd_direct,src-4ad56b409556
uttarakhand,2008,41,5041,IN-S28-AC-2008-41,KOTDWAR,lgd_direct,src-4ad56b409556
uttarakhand,2008,42,5042,IN-S28-AC-2008-42,DHARCHULA,lgd_direct,src-4ad56b409556
uttarakhand,2008,43,5043,IN-S28-AC-2008-43,DIDIHAT,lgd_direct,src-4ad56b409556
uttarakhand,2008,44,5044,IN-S28-AC-2008-44,PITHORAGARH,lgd_direct,src-4ad56b409556
uttarakhand,2008,45,5045,IN-S28-AC-2008-45,GANGOLIHAT,lgd_direct,src-4ad56b409556
uttarakhand,2008,46,5046,IN-S28-AC-2008-46,KAPKOTE,lgd_direct,src-4ad56b409556
uttarakhand,2008,47,5047,IN-S28-AC-2008-47,BAGESHWAR,lgd_direct,src-4ad56b409556
uttarakhand,2008,48,5048,IN-S28-AC-2008-48,DWARAHAT,lgd_direct,src-4ad56b409556
uttarakhand,2008,49,5049,IN-S28-AC-2008-49,SALT,lgd_direct,src-4ad56b409556
uttarakhand,2008,50,5050,IN-S28-AC-2008-50,RANIKHET,lgd_direct,src-4ad56b409556
uttarakhand,2008,51,5051,IN-S28-AC-2008-51,SOMESHWAR,lgd_direct,src-4ad56b409556
uttarakhand,2008,52,5052,IN-S28-AC-2008-52,ALMORA,lgd_direct,src-4ad56b409556
uttarakhand,2008,53,5053,IN-S28-AC-2008-53,JAGESHWAR,lgd_direct,src-4ad56b409556
uttarakhand,2008,54,5054,IN-S28-AC-2008-54,LOHAGHAT,lgd_direct,src-4ad56b409556
uttarakhand,2008,55,5055,IN-S28-AC-2008-55,CHAMPAWAT,lgd_direct,src-4ad56b409556
uttarakhand,2008,56,5056,IN-S28-AC-2008-56,LALKUWA,lgd_direct,src-4ad56b409556
uttarakhand,2008,57,5057,IN-S28-AC-2008-57,BHIMTAL,lgd_direct,src-4ad56b409556
uttarakhand,2008,58,5058,IN-S28-AC-2008-58,NAINITAL,lgd_direct,src-4ad56b409556
uttarakhand,2008,59,5059,IN-S28-AC-2008-59,HALDWANI,lgd_direct,src-4ad56b409556
uttarakhand,2008,60,5060,IN-S28-AC-2008-60,KALADHUNGI,lgd_direct,src-4ad56b409556
uttarakhand,2008,61,5061,IN-S28-AC-2008-61,RAMNAGAR,lgd_direct,src-4ad56b409556
uttarakhand,2008,62,5062,IN-S28-AC-2008-62,JASPUR,lgd_direct,src-4ad56b409556
uttarakhand,2008,63,5063,IN-S28-AC-2008-63,KASHIPUR,lgd_direct,src-4ad56b409556
uttarakhand,2008,64,5064,IN-S28-AC-2008-64,BAJPUR,lgd_direct,src-4ad56b409556
uttarakhand,2008,65,5065,IN-S28-AC-2008-65,GADARPUR,lgd_direct,src-4ad56b409556
uttarakhand,2008,66,5066,IN-S28-AC-2008-66,RUDRAPUR,lgd_direct,src-4ad56b409556
uttarakhand,2008,67,5067,IN-S28-AC-2008-67,KICHHA,lgd_direct,src-4ad56b409556
uttarakhand,2008,68,5068,IN-S28-AC-2008-68,SITARGANJ,lgd_direct,src-4ad56b409556
uttarakhand,2008,69,5069,IN-S28-AC-2008-69,NANAK MATTA,lgd_direct,src-4ad56b409556
uttarakhand,2008,70,5070,IN-S28-AC-2008-70,KHATIMA,lgd_direct,src-4ad56b409556
west-bengal,2008,1,19001,IN-S25-AC-2008-1,MEKLIGANJ,lgd_direct,src-4ad56b409556
west-bengal,2008,2,19002,IN-S25-AC-2008-2,MATHABHANGA,lgd_direct,src-4ad56b409556
west-bengal,2008,3,19003,IN-S25-AC-2008-3,COOCH BEHAR UTTAR,lgd_direct,src-4ad56b409556
west-bengal,2008,4,19004,IN-S25-AC-2008-4,COOCH BEHAR DAKSHIN,lgd_direct,src-4ad56b409556
west-bengal,2008,5,19005,IN-S25-AC-2008-5,SITALKUCHI,lgd_direct,src-4ad56b409556
west-bengal,2008,6,19006,IN-S25-AC-2008-6,SITAI,lgd_direct,src-4ad56b409556
west-bengal,2008,7,19007,IN-S25-AC-2008-7,DINHATA,lgd_direct,src-4ad56b409556
west-bengal,2008,8,19008,IN-S25-AC-2008-8,NATABARI,lgd_direct,src-4ad56b409556
west-bengal,2008,9,19009,IN-S25-AC-2008-9,TUFANGANJ,lgd_direct,src-4ad56b409556
west-bengal,2008,10,19010,IN-S25-AC-2008-10,KUMARGRAM,lgd_direct,src-4ad56b409556
west-bengal,2008,11,19011,IN-S25-AC-2008-11,KALCHINI,lgd_direct,src-4ad56b409556
west-bengal,2008,12,19012,IN-S25-AC-2008-12,ALIPURDUARS,lgd_direct,src-4ad56b409556
west-bengal,2008,13,19013,IN-S25-AC-2008-13,FALAKATA,lgd_direct,src-4ad56b409556
west-bengal,2008,14,19014,IN-S25-AC-2008-14,MADARIHAT,lgd_direct,src-4ad56b409556
west-bengal,2008,15,19015,IN-S25-AC-2008-15,DHUPGURI,lgd_direct,src-4ad56b409556
west-bengal,2008,16,19016,IN-S25-AC-2008-16,MAYNAGURI,lgd_direct,src-4ad56b409556
west-bengal,2008,17,19017,IN-S25-AC-2008-17,JALPAIGURI,lgd_direct,src-4ad56b409556
west-bengal,2008,18,19018,IN-S25-AC-2008-18,RAJGANJ,lgd_direct,src-4ad56b409556
west-bengal,2008,19,19019,IN-S25-AC-2008-19,DABGRAM-PHULBARI,lgd_direct,src-4ad56b409556
west-bengal,2008,20,19020,IN-S25-AC-2008-20,MAL,lgd_direct,src-4ad56b409556
west-bengal,2008,21,19021,IN-S25-AC-2008-21,NAGRAKATA,lgd_direct,src-4ad56b409556
west-bengal,2008,22,19022,IN-S25-AC-2008-22,KALIMPONG,lgd_direct,src-4ad56b409556
west-bengal,2008,23,19023,IN-S25-AC-2008-23,DARJEELING,lgd_direct,src-4ad56b409556
west-bengal,2008,24,19024,IN-S25-AC-2008-24,KURSEONG,lgd_direct,src-4ad56b409556
west-bengal,2008,25,19025,IN-S25-AC-2008-25,MATIGARA-NAXALBARI,lgd_direct,src-4ad56b409556
west-bengal,2008,26,19026,IN-S25-AC-2008-26,SILIGURI,lgd_direct,src-4ad56b409556
west-bengal,2008,27,19027,IN-S25-AC-2008-27,PHANSIDEWA,lgd_direct,src-4ad56b409556
west-bengal,2008,28,19028,IN-S25-AC-2008-28,CHOPRA,lgd_direct,src-4ad56b409556
west-bengal,2008,29,19029,IN-S25-AC-2008-29,ISLAMPUR,lgd_direct,src-4ad56b409556
west-bengal,2008,30,19030,IN-S25-AC-2008-30,GOALPOKHAR,lgd_direct,src-4ad56b409556
west-bengal,2008,31,19031,IN-S25-AC-2008-31,CHAKULIA,lgd_direct,src-4ad56b409556
west-bengal,2008,32,19032,IN-S25-AC-2008-32,KARANDIGHI,lgd_direct,src-4ad56b409556
west-bengal,2008,33,19033,IN-S25-AC-2008-33,HEMTABAD,lgd_direct,src-4ad56b409556
west-bengal,2008,34,19034,IN-S25-AC-2008-34,KALIAGANJ,lgd_direct,src-4ad56b409556
west-bengal,2008,35,19035,IN-S25-AC-2008-35,RAIGANJ,lgd_direct,src-4ad56b409556
west-bengal,2008,36,19036,IN-S25-AC-2008-36,ITAHAR,lgd_direct,src-4ad56b409556
west-bengal,2008,37,19037,IN-S25-AC-2008-37,KUSHMANDI,lgd_direct,src-4ad56b409556
west-bengal,2008,38,19038,IN-S25-AC-2008-38,KUMARGANJ,lgd_direct,src-4ad56b409556
west-bengal,2008,39,19039,IN-S25-AC-2008-39,BALURGHAT,lgd_direct,src-4ad56b409556
west-bengal,2008,40,19040,IN-S25-AC-2008-40,TAPAN,lgd_direct,src-4ad56b409556
west-bengal,2008,41,19041,IN-S25-AC-2008-41,GANGARAMPUR,lgd_direct,src-4ad56b409556
west-bengal,2008,42,19042,IN-S25-AC-2008-42,HARIRAMPUR,lgd_direct,src-4ad56b409556
west-bengal,2008,43,19043,IN-S25-AC-2008-43,HABIBPUR,lgd_direct,src-4ad56b409556
west-bengal,2008,44,19044,IN-S25-AC-2008-44,GAZOLE,lgd_direct,src-4ad56b409556
west-bengal,2008,45,19045,IN-S25-AC-2008-45,CHANCHAL,lgd_direct,src-4ad56b409556
west-bengal,2008,46,19046,IN-S25-AC-2008-46,HARISCHANDRAPUR,lgd_direct,src-4ad56b409556
west-bengal,2008,47,19047,IN-S25-AC-2008-47,MALATIPUR,lgd_direct,src-4ad56b409556
west-bengal,2008,48,19048,IN-S25-AC-2008-48,RATUA,lgd_direct,src-4ad56b409556
west-bengal,2008,49,19049,IN-S25-AC-2008-49,MANICKCHAK,lgd_direct,src-4ad56b409556
west-bengal,2008,50,19050,IN-S25-AC-2008-50,MALDAHA,lgd_direct,src-4ad56b409556
west-bengal,2008,51,19051,IN-S25-AC-2008-51,ENGLISHBAZAR,lgd_direct,src-4ad56b409556
west-bengal,2008,52,19052,IN-S25-AC-2008-52,MOTHABARI,lgd_direct,src-4ad56b409556
west-bengal,2008,53,19053,IN-S25-AC-2008-53,SUJAPUR,lgd_direct,src-4ad56b409556
west-bengal,2008,54,19054,IN-S25-AC-2008-54,BAISHNAB NAGAR,lgd_direct,src-4ad56b409556
west-bengal,2008,55,19055,IN-S25-AC-2008-55,FARAKKA,lgd_direct,src-4ad56b409556
west-bengal,2008,56,19056,IN-S25-AC-2008-56,SAMSERGANJ,lgd_direct,src-4ad56b409556
west-bengal,2008,57,19057,IN-S25-AC-2008-57,SUTI,lgd_direct,src-4ad56b409556
west-bengal,2008,58,19058,IN-S25-AC-2008-58,JANGIPUR,lgd_direct,src-4ad56b409556
west-bengal,2008,59,19059,IN-S25-AC-2008-59,RAGHUNATHGANJ,lgd_direct,src-4ad56b409556
west-bengal,2008,60,19060,IN-S25-AC-2008-60,SAGARDIGHI,lgd_direct,src-4ad56b409556
west-bengal,2008,61,19061,IN-S25-AC-2008-61,LALGOLA,lgd_direct,src-4ad56b409556
west-bengal,2008,62,19062,IN-S25-AC-2008-62,BHAGABANGOLA,lgd_direct,src-4ad56b409556
west-bengal,2008,63,19063,IN-S25-AC-2008-63,RANINAGAR,lgd_direct,src-4ad56b409556
west-bengal,2008,64,19064,IN-S25-AC-2008-64,MURSHIDABAD,lgd_direct,src-4ad56b409556
west-bengal,2008,65,19065,IN-S25-AC-2008-65,NABAGRAM,lgd_direct,src-4ad56b409556
west-bengal,2008,66,19066,IN-S25-AC-2008-66,KHARGRAM,lgd_direct,src-4ad56b409556
west-bengal,2008,67,19067,IN-S25-AC-2008-67,BURWAN,lgd_direct,src-4ad56b409556
west-bengal,2008,68,19068,IN-S25-AC-2008-68,KANDI,lgd_direct,src-4ad56b409556
west-bengal,2008,69,19069,IN-S25-AC-2008-69,BHARATPUR,lgd_direct,src-4ad56b409556
west-bengal,2008,70,19070,IN-S25-AC-2008-70,REJINAGAR,lgd_direct,src-4ad56b409556
west-bengal,2008,71,19071,IN-S25-AC-2008-71,BELDANGA,lgd_direct,src-4ad56b409556
west-bengal,2008,72,19072,IN-S25-AC-2008-72,BAHARAMPUR,lgd_direct,src-4ad56b409556
west-bengal,2008,73,19073,IN-S25-AC-2008-73,HARIHARPARA,lgd_direct,src-4ad56b409556
west-bengal,2008,74,19074,IN-S25-AC-2008-74,NAODA,lgd_direct,src-4ad56b409556
west-bengal,2008,75,19075,IN-S25-AC-2008-75,DOMKAL,lgd_direct,src-4ad56b409556
west-bengal,2008,76,19076,IN-S25-AC-2008-76,JALANGI,lgd_direct,src-4ad56b409556
west-bengal,2008,77,19077,IN-S25-AC-2008-77,KARIMPUR,lgd_direct,src-4ad56b409556
west-bengal,2008,78,19078,IN-S25-AC-2008-78,TEHATTA,lgd_direct,src-4ad56b409556
west-bengal,2008,79,19079,IN-S25-AC-2008-79,PALASHIPARA,lgd_direct,src-4ad56b409556
west-bengal,2008,80,19080,IN-S25-AC-2008-80,KALIGANJ,lgd_direct,src-4ad56b409556
west-bengal,2008,81,19081,IN-S25-AC-2008-81,NAKASHIPARA,lgd_direct,src-4ad56b409556
west-bengal,2008,82,19082,IN-S25-AC-2008-82,CHAPRA,lgd_direct,src-4ad56b409556
west-bengal,2008,83,19083,IN-S25-AC-2008-83,KRISHNANAGAR UTTAR,lgd_direct,src-4ad56b409556
west-bengal,2008,84,19084,IN-S25-AC-2008-84,NABADWIP,lgd_direct,src-4ad56b409556
west-bengal,2008,85,19085,IN-S25-AC-2008-85,KRISHNANAGAR DAKSHIN,lgd_direct,src-4ad56b409556
west-bengal,2008,86,19086,IN-S25-AC-2008-86,SANTIPUR,lgd_direct,src-4ad56b409556
west-bengal,2008,87,19087,IN-S25-AC-2008-87,RANAGHAT UTTAR PASCHIM,lgd_direct,src-4ad56b409556
west-bengal,2008,88,19088,IN-S25-AC-2008-88,KRISHNAGANJ,lgd_direct,src-4ad56b409556
west-bengal,2008,89,19089,IN-S25-AC-2008-89,RANAGHAT UTTAR PURBA,lgd_direct,src-4ad56b409556
west-bengal,2008,90,19090,IN-S25-AC-2008-90,RANAGHAT DAKSHIN,lgd_direct,src-4ad56b409556
west-bengal,2008,91,19091,IN-S25-AC-2008-91,CHAKDAHA,lgd_direct,src-4ad56b409556
west-bengal,2008,92,19092,IN-S25-AC-2008-92,KALYANI,lgd_direct,src-4ad56b409556
west-bengal,2008,93,19093,IN-S25-AC-2008-93,HARINGHATA,lgd_direct,src-4ad56b409556
west-bengal,2008,94,19094,IN-S25-AC-2008-94,BAGDAH,lgd_direct,src-4ad56b409556
west-bengal,2008,95,19095,IN-S25-AC-2008-95,BONGAON UTTAR,lgd_direct,src-4ad56b409556
west-bengal,2008,96,19096,IN-S25-AC-2008-96,BONGAON DAKSHIN,lgd_direct,src-4ad56b409556
west-bengal,2008,97,19097,IN-S25-AC-2008-97,GAIGHATA,lgd_direct,src-4ad56b409556
west-bengal,2008,98,19098,IN-S25-AC-2008-98,SWARUPNAGAR,lgd_direct,src-4ad56b409556
west-bengal,2008,99,19099,IN-S25-AC-2008-99,BADURIA,lgd_direct,src-4ad56b409556
west-bengal,2008,100,19100,IN-S25-AC-2008-100,HABRA,lgd_direct,src-4ad56b409556
west-bengal,2008,101,19101,IN-S25-AC-2008-101,ASHOKNAGAR,lgd_direct,src-4ad56b409556
west-bengal,2008,102,19102,IN-S25-AC-2008-102,AMDANGA,lgd_direct,src-4ad56b409556
west-bengal,2008,103,19103,IN-S25-AC-2008-103,BIJPUR,lgd_direct,src-4ad56b409556
west-bengal,2008,104,19104,IN-S25-AC-2008-104,NAIHATI,lgd_direct,src-4ad56b409556
west-bengal,2008,105,19105,IN-S25-AC-2008-105,BHATPARA,lgd_direct,src-4ad56b409556
west-bengal,2008,106,19106,IN-S25-AC-2008-106,JAGATDAL,lgd_direct,src-4ad56b409556
west-bengal,2008,107,19107,IN-S25-AC-2008-107,NOAPARA,lgd_direct,src-4ad56b409556
west-bengal,2008,108,19108,IN-S25-AC-2008-108,BARRACKPUR,lgd_direct,src-4ad56b409556
west-bengal,2008,109,19109,IN-S25-AC-2008-109,KHARDAHA,lgd_direct,src-4ad56b409556
west-bengal,2008,110,19110,IN-S25-AC-2008-110,DUM DUM UTTAR,lgd_direct,src-4ad56b409556
west-bengal,2008,111,19111,IN-S25-AC-2008-111,PANIHATI,lgd_direct,src-4ad56b409556
west-bengal,2008,112,19112,IN-S25-AC-2008-112,KAMARHATI,lgd_direct,src-4ad56b409556
west-bengal,2008,113,19113,IN-S25-AC-2008-113,BARANAGAR,lgd_direct,src-4ad56b409556
west-bengal,2008,114,19114,IN-S25-AC-2008-114,DUM DUM,lgd_direct,src-4ad56b409556
west-bengal,2008,115,19115,IN-S25-AC-2008-115,RAJARHAT NEW TOWN,lgd_direct,src-4ad56b409556
west-bengal,2008,116,19116,IN-S25-AC-2008-116,BIDHANNAGAR,lgd_direct,src-4ad56b409556
west-bengal,2008,117,19117,IN-S25-AC-2008-117,RAJARHAT GOPALPUR,lgd_direct,src-4ad56b409556
west-bengal,2008,118,19118,IN-S25-AC-2008-118,MADHYAMGRAM,lgd_direct,src-4ad56b409556
west-bengal,2008,119,19119,IN-S25-AC-2008-119,BARASAT,lgd_direct,src-4ad56b409556
west-bengal,2008,120,19120,IN-S25-AC-2008-120,DEGANGA,lgd_direct,src-4ad56b409556
west-bengal,2008,121,19121,IN-S25-AC-2008-121,HAROA,lgd_direct,src-4ad56b409556
west-bengal,2008,122,19122,IN-S25-AC-2008-122,MINAKHAN,lgd_direct,src-4ad56b409556
west-bengal,2008,123,19123,IN-S25-AC-2008-123,SANDESHKHALI,lgd_direct,src-4ad56b409556
west-bengal,2008,124,19124,IN-S25-AC-2008-124,BASIRHAT DAKSHIN,lgd_direct,src-4ad56b409556
west-bengal,2008,125,19125,IN-S25-AC-2008-125,BASIRHAT UTTAR,lgd_direct,src-4ad56b409556
west-bengal,2008,126,19126,IN-S25-AC-2008-126,HINGALGANJ,lgd_direct,src-4ad56b409556
west-bengal,2008,127,19127,IN-S25-AC-2008-127,GOSABA,lgd_direct,src-4ad56b409556
west-bengal,2008,128,19128,IN-S25-AC-2008-128,BASANTI,lgd_direct,src-4ad56b409556
west-bengal,2008,129,19129,IN-S25-AC-2008-129,KULTALI,lgd_direct,src-4ad56b409556
west-bengal,2008,130,19130,IN-S25-AC-2008-130,PATHARPRATIMA,lgd_direct,src-4ad56b409556
west-bengal,2008,131,19131,IN-S25-AC-2008-131,KAKDWIP,lgd_direct,src-4ad56b409556
west-bengal,2008,132,19132,IN-S25-AC-2008-132,SAGAR,lgd_direct,src-4ad56b409556
west-bengal,2008,133,19133,IN-S25-AC-2008-133,KULPI,lgd_direct,src-4ad56b409556
west-bengal,2008,134,19134,IN-S25-AC-2008-134,RAIDIGHI,lgd_direct,src-4ad56b409556
west-bengal,2008,135,19135,IN-S25-AC-2008-135,MANDIRBAZAR,lgd_direct,src-4ad56b409556
west-bengal,2008,136,19136,IN-S25-AC-2008-136,JAQYNAGAR,lgd_direct,src-4ad56b409556
west-bengal,2008,137,19137,IN-S25-AC-2008-137,BARUIPUR PURBA,lgd_direct,src-4ad56b409556
west-bengal,2008,138,19138,IN-S25-AC-2008-138,CANNING PASCHIM,lgd_direct,src-4ad56b409556
west-bengal,2008,139,19139,IN-S25-AC-2008-139,CANNING PURBA,lgd_direct,src-4ad56b409556
west-bengal,2008,140,19140,IN-S25-AC-2008-140,BARUIPUR PASCHIM,lgd_direct,src-4ad56b409556
west-bengal,2008,141,19141,IN-S25-AC-2008-141,MAGRAHAT PURBA,lgd_direct,src-4ad56b409556
west-bengal,2008,142,19142,IN-S25-AC-2008-142,MAGRAHAT PASCHIM,lgd_direct,src-4ad56b409556
west-bengal,2008,143,19143,IN-S25-AC-2008-143,DIAMOND HARBOUR,lgd_direct,src-4ad56b409556
west-bengal,2008,144,19144,IN-S25-AC-2008-144,FALTA,lgd_direct,src-4ad56b409556
west-bengal,2008,145,19145,IN-S25-AC-2008-145,SATGACHIA,lgd_direct,src-4ad56b409556
west-bengal,2008,146,19146,IN-S25-AC-2008-146,BISHNUPUR(SC),lgd_direct,src-4ad56b409556
west-bengal,2008,147,19147,IN-S25-AC-2008-147,SONARPUR DAKSHIN,lgd_direct,src-4ad56b409556
west-bengal,2008,148,19148,IN-S25-AC-2008-148,BHANGORE,lgd_direct,src-4ad56b409556
west-bengal,2008,149,19149,IN-S25-AC-2008-149,KASBA,lgd_direct,src-4ad56b409556
west-bengal,2008,150,19150,IN-S25-AC-2008-150,JADAVPUR,lgd_direct,src-4ad56b409556
west-bengal,2008,151,19151,IN-S25-AC-2008-151,SONARPUR UTTAR,lgd_direct,src-4ad56b409556
west-bengal,2008,152,19152,IN-S25-AC-2008-152,TOLLYGUNJ,lgd_direct,src-4ad56b409556
west-bengal,2008,153,19153,IN-S25-AC-2008-153,BEHALA PURBA,lgd_direct,src-4ad56b409556
west-bengal,2008,154,19154,IN-S25-AC-2008-154,BEHALA PASCHIM,lgd_direct,src-4ad56b409556
west-bengal,2008,155,19155,IN-S25-AC-2008-155,MAHESHTALA,lgd_direct,src-4ad56b409556
west-bengal,2008,156,19156,IN-S25-AC-2008-156,BUDGE BUDGE,lgd_direct,src-4ad56b409556
west-bengal,2008,157,19157,IN-S25-AC-2008-157,METIABURUZ,lgd_direct,src-4ad56b409556
west-bengal,2008,158,19158,IN-S25-AC-2008-158,KOLKATA PORT,lgd_direct,src-4ad56b409556
west-bengal,2008,159,19159,IN-S25-AC-2008-159,BHABANIPUR,lgd_direct,src-4ad56b409556
west-bengal,2008,160,19160,IN-S25-AC-2008-160,RASHBEHARI,lgd_direct,src-4ad56b409556
west-bengal,2008,161,19161,IN-S25-AC-2008-161,BALLYGUNGE,lgd_direct,src-4ad56b409556
west-bengal,2008,162,19162,IN-S25-AC-2008-162,CHOWRANGEE,lgd_direct,src-4ad56b409556
west-bengal,2008,163,19163,IN-S25-AC-2008-163,ENTALLY,lgd_direct,src-4ad56b409556
west-bengal,2008,164,19164,IN-S25-AC-2008-164,BELEGHATA,lgd_direct,src-4ad56b409556
west-bengal,2008,165,19165,IN-S25-AC-2008-165,JORASANKO,lgd_direct,src-4ad56b409556
west-bengal,2008,166,19166,IN-S25-AC-2008-166,SHYAMPUKUR,lgd_direct,src-4ad56b409556
west-bengal,2008,167,19167,IN-S25-AC-2008-167,MANIKTALA,lgd_direct,src-4ad56b409556
west-bengal,2008,168,19168,IN-S25-AC-2008-168,KASHIPUR-BELGACHIA,lgd_direct,src-4ad56b409556
west-bengal,2008,169,19169,IN-S25-AC-2008-169,BALLY,lgd_direct,src-4ad56b409556
west-bengal,2008,170,19170,IN-S25-AC-2008-170,HOWRAH UTTAR,lgd_direct,src-4ad56b409556
west-bengal,2008,171,19171,IN-S25-AC-2008-171,HOWRAH MADHYA,lgd_direct,src-4ad56b409556
west-bengal,2008,172,19172,IN-S25-AC-2008-172,SHIBPUR,lgd_direct,src-4ad56b409556
west-bengal,2008,173,19173,IN-S25-AC-2008-173,HOWRAH DAKSHIN,lgd_direct,src-4ad56b409556
west-bengal,2008,174,19174,IN-S25-AC-2008-174,SANKRAIL,lgd_direct,src-4ad56b409556
west-bengal,2008,175,19175,IN-S25-AC-2008-175,PANCHLA,lgd_direct,src-4ad56b409556
west-bengal,2008,176,19176,IN-S25-AC-2008-176,ULUBERIA PURBA,lgd_direct,src-4ad56b409556
west-bengal,2008,177,19177,IN-S25-AC-2008-177,ULUBERIA UTTAR,lgd_direct,src-4ad56b409556
west-bengal,2008,178,19178,IN-S25-AC-2008-178,ULUBERIA DAKSHIN,lgd_direct,src-4ad56b409556
west-bengal,2008,179,19179,IN-S25-AC-2008-179,SHYAMPUR,lgd_direct,src-4ad56b409556
west-bengal,2008,180,19180,IN-S25-AC-2008-180,BAGNAN,lgd_direct,src-4ad56b409556
west-bengal,2008,181,19181,IN-S25-AC-2008-181,AMTA,lgd_direct,src-4ad56b409556
west-bengal,2008,182,19182,IN-S25-AC-2008-182,UDAYNARAYANPUR,lgd_direct,src-4ad56b409556
west-bengal,2008,183,19183,IN-S25-AC-2008-183,JAGATBALLAVPUR,lgd_direct,src-4ad56b409556
west-bengal,2008,184,19184,IN-S25-AC-2008-184,DOMJUR,lgd_direct,src-4ad56b409556
west-bengal,2008,185,19185,IN-S25-AC-2008-185,UTTARPARA,lgd_direct,src-4ad56b409556
west-bengal,2008,186,19186,IN-S25-AC-2008-186,SREERAMPUR,lgd_direct,src-4ad56b409556
west-bengal,2008,187,19187,IN-S25-AC-2008-187,CHAMPDANI,lgd_direct,src-4ad56b409556
west-bengal,2008,188,19188,IN-S25-AC-2008-188,SINGUR,lgd_direct,src-4ad56b409556
west-bengal,2008,189,19189,IN-S25-AC-2008-189,CHANDANNAGORE,lgd_direct,src-4ad56b409556
west-bengal,2008,190,19190,IN-S25-AC-2008-190,CHUNCHURA,lgd_direct,src-4ad56b409556
west-bengal,2008,191,19191,IN-S25-AC-2008-191,BALAGARH,lgd_direct,src-4ad56b409556
west-bengal,2008,192,19192,IN-S25-AC-2008-192,PANDUA,lgd_direct,src-4ad56b409556
west-bengal,2008,193,19193,IN-S25-AC-2008-193,SAPTAGRAM,lgd_direct,src-4ad56b409556
west-bengal,2008,194,19194,IN-S25-AC-2008-194,CHANDITALA,lgd_direct,src-4ad56b409556
west-bengal,2008,195,19195,IN-S25-AC-2008-195,JANGIPARA,lgd_direct,src-4ad56b409556
west-bengal,2008,196,19196,IN-S25-AC-2008-196,HARIPAL,lgd_direct,src-4ad56b409556
west-bengal,2008,197,19197,IN-S25-AC-2008-197,DHANEKHALI,lgd_direct,src-4ad56b409556
west-bengal,2008,198,19198,IN-S25-AC-2008-198,TARAKESWAR,lgd_direct,src-4ad56b409556
west-bengal,2008,199,19199,IN-S25-AC-2008-199,PURSURAH,lgd_direct,src-4ad56b409556
west-bengal,2008,200,19200,IN-S25-AC-2008-200,ARAMBAG,lgd_direct,src-4ad56b409556
west-bengal,2008,201,19201,IN-S25-AC-2008-201,GOGHAT,lgd_direct,src-4ad56b409556
west-bengal,2008,202,19202,IN-S25-AC-2008-202,KHANAKUL,lgd_direct,src-4ad56b409556
west-bengal,2008,203,19203,IN-S25-AC-2008-203,TAMLUK,lgd_direct,src-4ad56b409556
west-bengal,2008,204,19204,IN-S25-AC-2008-204,PANSKURA PURBA,lgd_direct,src-4ad56b409556
west-bengal,2008,205,19205,IN-S25-AC-2008-205,PANSKURA PASCHIM,lgd_direct,src-4ad56b409556
west-bengal,2008,206,19206,IN-S25-AC-2008-206,MOYNA,lgd_direct,src-4ad56b409556
west-bengal,2008,207,19207,IN-S25-AC-2008-207,NANDAKUMAR,lgd_direct,src-4ad56b409556
west-bengal,2008,208,19208,IN-S25-AC-2008-208,MAHISADAL,lgd_direct,src-4ad56b409556
west-bengal,2008,209,19209,IN-S25-AC-2008-209,HALDIA,lgd_direct,src-4ad56b409556
west-bengal,2008,210,19210,IN-S25-AC-2008-210,NANDIGRAM,lgd_direct,src-4ad56b409556
west-bengal,2008,211,19211,IN-S25-AC-2008-211,CHANDIPUR,lgd_direct,src-4ad56b409556
west-bengal,2008,212,19212,IN-S25-AC-2008-212,PATASHPUR,lgd_direct,src-4ad56b409556
west-bengal,2008,213,19213,IN-S25-AC-2008-213,KANTHI UTTAR,lgd_direct,src-4ad56b409556
west-bengal,2008,214,19214,IN-S25-AC-2008-214,BHAGABANPUR,lgd_direct,src-4ad56b409556
west-bengal,2008,215,19215,IN-S25-AC-2008-215,KHEJURI,lgd_direct,src-4ad56b409556
west-bengal,2008,216,19216,IN-S25-AC-2008-216,KANTHI DAKSHIN,lgd_direct,src-4ad56b409556
west-bengal,2008,217,19217,IN-S25-AC-2008-217,RAMNAGAR,lgd_direct,src-4ad56b409556
west-bengal,2008,218,19218,IN-S25-AC-2008-218,EGRA,lgd_direct,src-4ad56b409556
west-bengal,2008,219,19219,IN-S25-AC-2008-219,DANTAN,lgd_direct,src-4ad56b409556
west-bengal,2008,220,19220,IN-S25-AC-2008-220,NAYAGRAM,lgd_direct,src-4ad56b409556
west-bengal,2008,221,19221,IN-S25-AC-2008-221,GOPIBALLAVPUR,lgd_direct,src-4ad56b409556
west-bengal,2008,222,19222,IN-S25-AC-2008-222,JHARGRAM,lgd_direct,src-4ad56b409556
west-bengal,2008,223,19223,IN-S25-AC-2008-223,KESHIARY,lgd_direct,src-4ad56b409556
west-bengal,2008,224,19224,IN-S25-AC-2008-224,KHARAGPUR SADAR,lgd_direct,src-4ad56b409556
west-bengal,2008,225,19225,IN-S25-AC-2008-225,NARAYANGARH,lgd_direct,src-4ad56b409556
west-bengal,2008,226,19226,IN-S25-AC-2008-226,SABANG,lgd_direct,src-4ad56b409556
west-bengal,2008,227,19227,IN-S25-AC-2008-227,PINGLA,lgd_direct,src-4ad56b409556
west-bengal,2008,228,19228,IN-S25-AC-2008-228,KHARAGPUR,lgd_direct,src-4ad56b409556
west-bengal,2008,229,19229,IN-S25-AC-2008-229,DEBRA,lgd_direct,src-4ad56b409556
west-bengal,2008,230,19230,IN-S25-AC-2008-230,DASPUR,lgd_direct,src-4ad56b409556
west-bengal,2008,231,19231,IN-S25-AC-2008-231,GHATAL,lgd_direct,src-4ad56b409556
west-bengal,2008,232,19232,IN-S25-AC-2008-232,CHANDRAKONA,lgd_direct,src-4ad56b409556
west-bengal,2008,233,19233,IN-S25-AC-2008-233,GARBETA,lgd_direct,src-4ad56b409556
west-bengal,2008,234,19234,IN-S25-AC-2008-234,SALBONI,lgd_direct,src-4ad56b409556
west-bengal,2008,235,19235,IN-S25-AC-2008-235,KESHPUR,lgd_direct,src-4ad56b409556
west-bengal,2008,236,19236,IN-S25-AC-2008-236,MEDINIPUR,lgd_direct,src-4ad56b409556
west-bengal,2008,237,19237,IN-S25-AC-2008-237,BINPUR,lgd_direct,src-4ad56b409556
west-bengal,2008,238,,IN-S25-AC-2008-238,BANDWAN,unmapped,src-4ad56b409556
west-bengal,2008,239,19239,IN-S25-AC-2008-239,BALARAMPUR,lgd_direct,src-4ad56b409556
west-bengal,2008,240,19240,IN-S25-AC-2008-240,BAGHMUNDI,lgd_direct,src-4ad56b409556
west-bengal,2008,241,19241,IN-S25-AC-2008-241,JOYPUR,lgd_direct,src-4ad56b409556
west-bengal,2008,242,19242,IN-S25-AC-2008-242,PURULIA,lgd_direct,src-4ad56b409556
west-bengal,2008,243,19243,IN-S25-AC-2008-243,MANBAZAR,lgd_direct,src-4ad56b409556
west-bengal,2008,244,19244,IN-S25-AC-2008-244,KASHIPUR,lgd_direct,src-4ad56b409556
west-bengal,2008,245,19245,IN-S25-AC-2008-245,PARA,lgd_direct,src-4ad56b409556
west-bengal,2008,246,19246,IN-S25-AC-2008-246,RAGHUNATHPUR,lgd_direct,src-4ad56b409556
west-bengal,2008,247,19247,IN-S25-AC-2008-247,SALTORA,lgd_direct,src-4ad56b409556
west-bengal,2008,248,19248,IN-S25-AC-2008-248,CHHATNA,lgd_direct,src-4ad56b409556
west-bengal,2008,249,19249,IN-S25-AC-2008-249,RANIBUNDH,lgd_direct,src-4ad56b409556
west-bengal,2008,250,19250,IN-S25-AC-2008-250,RAIPUR,lgd_direct,src-4ad56b409556
west-bengal,2008,251,19251,IN-S25-AC-2008-251,TALDANGRA,lgd_direct,src-4ad56b409556
west-bengal,2008,252,19252,IN-S25-AC-2008-252,BANKURA,lgd_direct,src-4ad56b409556
west-bengal,2008,253,19253,IN-S25-AC-2008-253,BARJORA,lgd_direct,src-4ad56b409556
west-bengal,2008,254,19254,IN-S25-AC-2008-254,ONDA,lgd_direct,src-4ad56b409556
west-bengal,2008,255,19255,IN-S25-AC-2008-255,BISHNUPUR,lgd_direct,src-4ad56b409556
west-bengal,2008,256,19256,IN-S25-AC-2008-256,KATULPUR,lgd_direct,src-4ad56b409556
west-bengal,2008,257,19257,IN-S25-AC-2008-257,INDUS,lgd_direct,src-4ad56b409556
west-bengal,2008,258,19258,IN-S25-AC-2008-258,SONAMUKHI,lgd_direct,src-4ad56b409556
west-bengal,2008,259,19259,IN-S25-AC-2008-259,KHANDAGHOSH,lgd_direct,src-4ad56b409556
west-bengal,2008,260,19260,IN-S25-AC-2008-260,BARDHAMAN DAKSHIN,lgd_direct,src-4ad56b409556
west-bengal,2008,261,19261,IN-S25-AC-2008-261,RAINA,lgd_direct,src-4ad56b409556
west-bengal,2008,262,19262,IN-S25-AC-2008-262,JAMALPUR,lgd_direct,src-4ad56b409556
west-bengal,2008,263,19263,IN-S25-AC-2008-263,MONTESWAR,lgd_direct,src-4ad56b409556
west-bengal,2008,264,19264,IN-S25-AC-2008-264,KALNA,lgd_direct,src-4ad56b409556
west-bengal,2008,265,19265,IN-S25-AC-2008-265,MEMARI,lgd_direct,src-4ad56b409556
west-bengal,2008,266,19266,IN-S25-AC-2008-266,BARDHAMAN UTTAR,lgd_direct,src-4ad56b409556
west-bengal,2008,267,19267,IN-S25-AC-2008-267,BHATAR,lgd_direct,src-4ad56b409556
west-bengal,2008,268,19268,IN-S25-AC-2008-268,PURBASTHALI DAKSHIN,lgd_direct,src-4ad56b409556
west-bengal,2008,269,19269,IN-S25-AC-2008-269,PURBASTHALI UTTAR,lgd_direct,src-4ad56b409556
west-bengal,2008,270,19270,IN-S25-AC-2008-270,KATWA,lgd_direct,src-4ad56b409556
west-bengal,2008,271,19271,IN-S25-AC-2008-271,KETUGRAM,lgd_direct,src-4ad56b409556
west-bengal,2008,272,19272,IN-S25-AC-2008-272,MANGALKOT,lgd_direct,src-4ad56b409556
west-bengal,2008,273,19273,IN-S25-AC-2008-273,AUSGRAM,lgd_direct,src-4ad56b409556
west-bengal,2008,274,19274,IN-S25-AC-2008-274,GALSI,lgd_direct,src-4ad56b409556
west-bengal,2008,275,19275,IN-S25-AC-2008-275,PANDABESWAR,lgd_direct,src-4ad56b409556
west-bengal,2008,276,19276,IN-S25-AC-2008-276,DURGAPUR PURBA,lgd_direct,src-4ad56b409556
west-bengal,2008,277,19277,IN-S25-AC-2008-277,DURGAPUR PASCHIM,lgd_direct,src-4ad56b409556
west-bengal,2008,278,19278,IN-S25-AC-2008-278,RANIGANJ,lgd_direct,src-4ad56b409556
west-bengal,2008,279,19279,IN-S25-AC-2008-279,JAMURIA,lgd_direct,src-4ad56b409556
west-bengal,2008,280,19280,IN-S25-AC-2008-280,ASANSOL DAKSHIN,lgd_direct,src-4ad56b409556
west-bengal,2008,281,19281,IN-S25-AC-2008-281,ASANSOL UTTAR,lgd_direct,src-4ad56b409556
west-bengal,2008,282,19282,IN-S25-AC-2008-282,KULTI,lgd_direct,src-4ad56b409556
west-bengal,2008,283,19283,IN-S25-AC-2008-283,BARBANI,lgd_direct,src-4ad56b409556
west-bengal,2008,284,19284,IN-S25-AC-2008-284,DUBRAJPUR,lgd_direct,src-4ad56b409556
west-bengal,2008,285,19285,IN-S25-AC-2008-285,SURI,lgd_direct,src-4ad56b409556
west-bengal,2008,286,19286,IN-S25-AC-2008-286,BOLPUR,lgd_direct,src-4ad56b409556
west-bengal,2008,287,19287,IN-S25-AC-2008-287,NANOOR,lgd_direct,src-4ad56b409556
west-bengal,2008,288,19288,IN-S25-AC-2008-288,LABHPUR,lgd_direct,src-4ad56b409556
west-bengal,2008,289,19289,IN-S25-AC-2008-289,SAINTHIA,lgd_direct,src-4ad56b409556
west-bengal,2008,290,19290,IN-S25-AC-2008-290,MAYURESWAR,lgd_direct,src-4ad56b409556
west-bengal,2008,291,19291,IN-S25-AC-2008-291,RAMPURHAT,lgd_direct,src-4ad56b409556
west-bengal,2008,292,19292,IN-S25-AC-2008-292,HANSAN,lgd_direct,src-4ad56b409556
west-bengal,2008,293,19293,IN-S25-AC-2008-293,NALHATI,lgd_direct,src-4ad56b409556
west-bengal,2008,294,19294,IN-S25-AC-2008-294,MURARAI,lgd_direct,src-4ad56b409556
