layer_id,level,entity_state,entity_district,entity_city,partition_path,format,crs,simplification_algorithm,simplification_tolerance_deg,original_feature_count,retained_feature_count,unkeyed_count,unkeyed_keys_json,size_bytes,source_id,notes,delimitation_vintage
boundaries.electoral.delim=2008.ac.state=in_s01,ac,S01,,,boundaries/electoral/delim=2008/ac/state=in_s01/all.geojson,geojson,EPSG:4326,coord-precision-round,1e-06,175,175,0,,3914392,src-a1dd899f902d,,2008
boundaries.in.blocks.state=in_s01,block,S01,,,boundaries/in/blocks/state=in_s01/all.geojson,geojson,EPSG:4326,coord-precision-round,0.001,670,670,0,,7589769,src-a1dd899f902d,,
boundaries.in.blocks.state=in_s02,block,S02,,,boundaries/in/blocks/state=in_s02/all.geojson,geojson,EPSG:4326,coord-precision-round,0.001,125,125,0,,696154,src-a1dd899f902d,,
boundaries.in.blocks.state=in_s03,block,S03,,,boundaries/in/blocks/state=in_s03/all.geojson,geojson,EPSG:4326,coord-precision-round,0.001,232,232,0,,3163374,src-a1dd899f902d,,
boundaries.in.blocks.state=in_s04,block,S04,,,boundaries/in/blocks/state=in_s04/all.geojson,geojson,EPSG:4326,coord-precision-round,0.001,534,534,0,,5909433,src-a1dd899f902d,,
boundaries.in.blocks.state=in_s05,block,S05,,,boundaries/in/blocks/state=in_s05/all.geojson,geojson,EPSG:4326,coord-precision-round,0.001,12,12,0,,185717,src-a1dd899f902d,,
boundaries.in.blocks.state=in_s06,block,S06,,,boundaries/in/blocks/state=in_s06/all.geojson,geojson,EPSG:4326,coord-precision-round,0.001,251,251,0,,5803825,src-a1dd899f902d,,
boundaries.in.blocks.state=in_s07,block,S07,,,boundaries/in/blocks/state=in_s07/all.geojson,geojson,EPSG:4326,coord-precision-round,0.001,142,142,0,,2238422,src-a1dd899f902d,,
boundaries.in.blocks.state=in_s08,block,S08,,,boundaries/in/blocks/state=in_s08/all.geojson,geojson,EPSG:4326,coord-precision-round,0.001,81,81,0,,1687473,src-a1dd899f902d,,
boundaries.in.blocks.state=in_s10,block,S10,,,boundaries/in/blocks/state=in_s10/all.geojson,geojson,EPSG:4326,coord-precision-round,0.001,234,234,0,,4622630,src-a1dd899f902d,,
boundaries.in.blocks.state=in_s11,block,S11,,,boundaries/in/blocks/state=in_s11/all.geojson,geojson,EPSG:4326,coord-precision-round,0.001,152,152,0,,2074033,src-a1dd899f902d,,
boundaries.in.blocks.state=in_s12,block,S12,,,boundaries/in/blocks/state=in_s12/all.geojson,geojson,EPSG:4326,coord-precision-round,0.001,313,313,0,,9212441,src-a1dd899f902d,,
boundaries.in.blocks.state=in_s13,block,S13,,,boundaries/in/blocks/state=in_s13/all.geojson,geojson,EPSG:4326,coord-precision-round,0.001,357,357,0,,9387063,src-a1dd899f902d,,
boundaries.in.blocks.state=in_s14,block,S14,,,boundaries/in/blocks/state=in_s14/all.geojson,geojson,EPSG:4326,coord-precision-round,0.001,39,39,0,,520049,src-a1dd899f902d,,
boundaries.in.blocks.state=in_s15,block,S15,,,boundaries/in/blocks/state=in_s15/all.geojson,geojson,EPSG:4326,coord-precision-round,0.001,39,39,0,,452670,src-a1dd899f902d,,
boundaries.in.blocks.state=in_s16,block,S16,,,boundaries/in/blocks/state=in_s16/all.geojson,geojson,EPSG:4326,coord-precision-round,0.001,26,26,0,,850702,src-a1dd899f902d,,
boundaries.in.blocks.state=in_s17,block,S17,,,boundaries/in/blocks/state=in_s17/all.geojson,geojson,EPSG:4326,coord-precision-round,0.001,74,74,0,,1170653,src-a1dd899f902d,,
boundaries.in.blocks.state=in_s18,block,S18,,,boundaries/in/blocks/state=in_s18/all.geojson,geojson,EPSG:4326,coord-precision-round,0.001,314,314,0,,5965183,src-a1dd899f902d,,
boundaries.in.blocks.state=in_s19,block,S19,,,boundaries/in/blocks/state=in_s19/all.geojson,geojson,EPSG:4326,coord-precision-round,0.001,153,153,0,,2589971,src-a1dd899f902d,,
boundaries.in.blocks.state=in_s20,block,S20,,,boundaries/in/blocks/state=in_s20/all.geojson,geojson,EPSG:4326,coord-precision-round,0.001,348,348,0,,7373222,src-a1dd899f902d,,
boundaries.in.blocks.state=in_s21,block,S21,,,boundaries/in/blocks/state=in_s21/all.geojson,geojson,EPSG:4326,coord-precision-round,0.001,26,26,0,,247986,src-a1dd899f902d,,
boundaries.in.blocks.state=in_s22,block,S22,,,boundaries/in/blocks/state=in_s22/all.geojson,geojson,EPSG:4326,coord-precision-round,0.001,387,387,0,,6035717,src-a1dd899f902d,,
boundaries.in.blocks.state=in_s23,block,S23,,,boundaries/in/blocks/state=in_s23/all.geojson,geojson,EPSG:4326,coord-precision-round,0.001,58,58,0,,754576,src-a1dd899f902d,,
boundaries.in.blocks.state=in_s24,block,S24,,,boundaries/in/blocks/state=in_s24/all.geojson,geojson,EPSG:4326,coord-precision-round,0.01,822,822,0,,2253687,src-a1dd899f902d,,
boundaries.in.blocks.state=in_s25,block,S25,,,boundaries/in/blocks/state=in_s25/all.geojson,geojson,EPSG:4326,coord-precision-round,0.001,344,344,0,,5417142,src-a1dd899f902d,,
boundaries.in.blocks.state=in_s26,block,S26,,,boundaries/in/blocks/state=in_s26/all.geojson,geojson,EPSG:4326,coord-precision-round,0.001,146,146,0,,3452704,src-a1dd899f902d,,
boundaries.in.blocks.state=in_s27,block,S27,,,boundaries/in/blocks/state=in_s27/all.geojson,geojson,EPSG:4326,coord-precision-round,0.001,263,263,0,,3523288,src-a1dd899f902d,,
boundaries.in.blocks.state=in_s28,block,S28,,,boundaries/in/blocks/state=in_s28/all.geojson,geojson,EPSG:4326,coord-precision-round,0.001,95,95,0,,1924192,src-a1dd899f902d,,
boundaries.in.blocks.state=in_s29,block,S29,,,boundaries/in/blocks/state=in_s29/all.geojson,geojson,EPSG:4326,coord-precision-round,0.001,588,588,0,,4961979,src-a1dd899f902d,,
boundaries.in.blocks.state=in_u01,block,U01,,,boundaries/in/blocks/state=in_u01/all.geojson,geojson,EPSG:4326,coord-precision-round,0.001,9,9,0,,1003255,src-a1dd899f902d,,
boundaries.in.blocks.state=in_u02,block,U02,,,boundaries/in/blocks/state=in_u02/all.geojson,geojson,EPSG:4326,coord-precision-round,0.001,1,1,0,,10381,src-a1dd899f902d,,
boundaries.in.blocks.state=in_u03,block,U03,,,boundaries/in/blocks/state=in_u03/all.geojson,geojson,EPSG:4326,coord-precision-round,0.001,3,3,0,,42064,src-a1dd899f902d,,
boundaries.in.blocks.state=in_u04,block,U04,,,boundaries/in/blocks/state=in_u04/all.geojson,geojson,EPSG:4326,coord-precision-round,0.001,10,10,0,,24257,src-a1dd899f902d,,
boundaries.in.blocks.state=in_u05,block,U05,,,boundaries/in/blocks/state=in_u05/all.geojson,geojson,EPSG:4326,coord-precision-round,0.001,12,12,0,,133275,src-a1dd899f902d,,
boundaries.in.blocks.state=in_u07,block,U07,,,boundaries/in/blocks/state=in_u07/all.geojson,geojson,EPSG:4326,coord-precision-round,0.001,7,7,0,,77081,src-a1dd899f902d,,
boundaries.in.blocks.state=in_u08,block,U08,,,boundaries/in/blocks/state=in_u08/all.geojson,geojson,EPSG:4326,coord-precision-round,0.001,257,257,0,,2073320,src-a1dd899f902d,,
boundaries.in.blocks.state=in_u09,block,U09,,,boundaries/in/blocks/state=in_u09/all.geojson,geojson,EPSG:4326,coord-precision-round,0.001,22,22,0,,267885,src-a1dd899f902d,,
boundaries.in.panchayats.state=in_s01.district=502,panchayat,S01,502,,boundaries/in/panchayats/state=in_s01/district=502/all.geojson,geojson,EPSG:4326,coord-precision-round,0.0001,438,438,0,,1769655,src-a1dd899f902d,,
boundaries.in.panchayats.state=in_s01.district=503,panchayat,S01,503,,boundaries/in/panchayats/state=in_s01/district=503/all.geojson,geojson,EPSG:4326,coord-precision-round,0.0001,581,581,0,,1921086,src-a1dd899f902d,,
boundaries.in.panchayats.state=in_s01.district=504,panchayat,S01,504,,boundaries/in/panchayats/state=in_s01/district=504/all.geojson,geojson,EPSG:4326,coord-precision-round,0.0001,570,570,0,,1938483,src-a1dd899f902d,,
boundaries.in.panchayats.state=in_s01.district=505,panchayat,S01,505,,boundaries/in/panchayats/state=in_s01/district=505/all.geojson,geojson,EPSG:4326,coord-precision-round,0.0001,255,255,0,,825550,src-a1dd899f902d,,
boundaries.in.panchayats.state=in_s01.district=506,panchayat,S01,506,,boundaries/in/panchayats/state=in_s01/district=506/all.geojson,geojson,EPSG:4326,coord-precision-round,0.0001,216,216,0,,670306,src-a1dd899f902d,,
boundaries.in.panchayats.state=in_s01.district=510,panchayat,S01,510,,boundaries/in/panchayats/state=in_s01/district=510/all.geojson,geojson,EPSG:4326,coord-precision-round,0.0001,444,444,0,,1385261,src-a1dd899f902d,,
boundaries.in.panchayats.state=in_s01.district=511,panchayat,S01,511,,boundaries/in/panchayats/state=in_s01/district=511/all.geojson,geojson,EPSG:4326,coord-precision-round,0.0001,431,431,0,,1493410,src-a1dd899f902d,,
boundaries.in.panchayats.state=in_s01.district=515,panchayat,S01,515,,boundaries/in/panchayats/state=in_s01/district=515/all.geojson,geojson,EPSG:4326,coord-precision-round,0.0001,598,598,0,,1847526,src-a1dd899f902d,,
boundaries.in.panchayats.state=in_s01.district=517,panchayat,S01,517,,boundaries/in/panchayats/state=in_s01/district=517/all.geojson,geojson,EPSG:4326,coord-precision-round,0.0001,630,630,0,,3042688,src-a1dd899f902d,,
boundaries.in.panchayats.state=in_s01.district=519,panchayat,S01,519,,boundaries/in/panchayats/state=in_s01/district=519/all.geojson,geojson,EPSG:4326,coord-precision-round,0.0001,907,907,0,,2523738,src-a1dd899f902d,,
boundaries.in.panchayats.state=in_s01.district=520,panchayat,S01,520,,boundaries/in/panchayats/state=in_s01/district=520/all.geojson,geojson,EPSG:4326,coord-precision-round,0.0001,103,103,0,,334325,src-a1dd899f902d,,
boundaries.in.panchayats.state=in_s01.district=521,panchayat,S01,521,,boundaries/in/panchayats/state=in_s01/district=521/all.geojson,geojson,EPSG:4326,coord-precision-round,0.0001,738,738,0,,2324382,src-a1dd899f902d,,
boundaries.in.panchayats.state=in_s01.district=523,panchayat,S01,523,,boundaries/in/panchayats/state=in_s01/district=523/all.geojson,geojson,EPSG:4326,coord-precision-round,0.0001,282,282,0,,832062,src-a1dd899f902d,,
boundaries.in.panchayats.state=in_s01.district=743,panchayat,S01,743,,boundaries/in/panchayats/state=in_s01/district=743/all.geojson,geojson,EPSG:4326,coord-precision-round,0.0001,413,413,0,,1009109,src-a1dd899f902d,,
boundaries.in.panchayats.state=in_s01.district=744,panchayat,S01,744,,boundaries/in/panchayats/state=in_s01/district=744/all.geojson,geojson,EPSG:4326,coord-precision-round,0.0001,608,608,0,,1795147,src-a1dd899f902d,,
boundaries.in.panchayats.state=in_s01.district=745,panchayat,S01,745,,boundaries/in/panchayats/state=in_s01/district=745/all.geojson,geojson,EPSG:4326,coord-precision-round,0.0001,906,906,0,,2661146,src-a1dd899f902d,,
boundaries.in.panchayats.state=in_s01.district=746,panchayat,S01,746,,boundaries/in/panchayats/state=in_s01/district=746/all.geojson,geojson,EPSG:4326,coord-precision-round,0.0001,341,341,0,,1185129,src-a1dd899f902d,,
boundaries.in.panchayats.state=in_s01.district=747,panchayat,S01,747,,boundaries/in/panchayats/state=in_s01/district=747/all.geojson,geojson,EPSG:4326,coord-precision-round,0.0001,314,314,0,,1134846,src-a1dd899f902d,,
boundaries.in.panchayats.state=in_s01.district=748,panchayat,S01,748,,boundaries/in/panchayats/state=in_s01/district=748/all.geojson,geojson,EPSG:4326,coord-precision-round,0.0001,543,543,0,,2159781,src-a1dd899f902d,,
boundaries.in.panchayats.state=in_s01.district=749,panchayat,S01,749,,boundaries/in/panchayats/state=in_s01/district=749/all.geojson,geojson,EPSG:4326,coord-precision-round,0.0001,287,287,0,,1385904,src-a1dd899f902d,,
boundaries.in.panchayats.state=in_s01.district=750,panchayat,S01,750,,boundaries/in/panchayats/state=in_s01/district=750/all.geojson,geojson,EPSG:4326,coord-precision-round,0.0001,271,271,0,,1166576,src-a1dd899f902d,,
boundaries.in.panchayats.state=in_s01.district=751,panchayat,S01,751,,boundaries/in/panchayats/state=in_s01/district=751/all.geojson,geojson,EPSG:4326,coord-precision-round,0.0001,380,380,0,,1556867,src-a1dd899f902d,,
boundaries.in.panchayats.state=in_s01.district=752,panchayat,S01,752,,boundaries/in/panchayats/state=in_s01/district=752/all.geojson,geojson,EPSG:4326,coord-precision-round,0.0001,722,722,0,,2209607,src-a1dd899f902d,,
boundaries.in.panchayats.state=in_s01.district=753,panchayat,S01,753,,boundaries/in/panchayats/state=in_s01/district=753/all.geojson,geojson,EPSG:4326,coord-precision-round,0.0001,461,461,0,,2196163,src-a1dd899f902d,,
boundaries.in.panchayats.state=in_s01.district=754,panchayat,S01,754,,boundaries/in/panchayats/state=in_s01/district=754/all.geojson,geojson,EPSG:4326,coord-precision-round,0.0001,388,388,0,,1556469,src-a1dd899f902d,,
boundaries.in.panchayats.state=in_s01.district=755,panchayat,S01,755,,boundaries/in/panchayats/state=in_s01/district=755/all.geojson,geojson,EPSG:4326,coord-precision-round,0.0001,448,448,0,,1807565,src-a1dd899f902d,,
boundaries.in.panchayats.state=in_s03.district=280,panchayat,S03,280,,boundaries/in/panchayats/state=in_s03/district=280/all.geojson,geojson,EPSG:4326,coord-precision-round,0.0001,225,225,0,,621973,src-a1dd899f902d,,
boundaries.in.panchayats.state=in_s03.district=281,panchayat,S03,281,,boundaries/in/panchayats/state=in_s03/district=281/all.geojson,geojson,EPSG:4326,coord-precision-round,0.0001,137,137,0,,294189,src-a1dd899f902d,,
boundaries.in.panchayats.state=in_s03.district=282,panchayat,S03,282,,boundaries/in/panchayats/state=in_s03/district=282/all.geojson,geojson,EPSG:4326,coord-precision-round,0.0001,447,447,0,,1000398,src-a1dd899f902d,,
boundaries.in.panchayats.state=in_s03.district=283,panchayat,S03,283,,boundaries/in/panchayats/state=in_s03/district=283/all.geojson,geojson,EPSG:4326,coord-precision-round,0.0001,194,194,0,,670300,src-a1dd899f902d,,
boundaries.in.panchayats.state=in_s03.district=284,panchayat,S03,284,,boundaries/in/panchayats/state=in_s03/district=284/all.geojson,geojson,EPSG:4326,coord-precision-round,0.0001,425,425,0,,778274,src-a1dd899f902d,,
boundaries.in.panchayats.state=in_s03.district=285,panchayat,S03,285,,boundaries/in/panchayats/state=in_s03/district=285/all.geojson,geojson,EPSG:4326,coord-precision-round,0.0001,256,256,0,,615483,src-a1dd899f902d,,
boundaries.in.panchayats.state=in_s03.district=286,panchayat,S03,286,,boundaries/in/panchayats/state=in_s03/district=286/all.geojson,geojson,EPSG:4326,coord-precision-round,0.0001,611,611,0,,1463034,src-a1dd899f902d,,
boundaries.in.panchayats.state=in_s03.district=287,panchayat,S03,287,,boundaries/in/panchayats/state=in_s03/district=287/all.geojson,geojson,EPSG:4326,coord-precision-round,0.0001,243,243,0,,451366,src-a1dd899f902d,,
boundaries.in.panchayats.state=in_s03.district=288,panchayat,S03,288,,boundaries/in/panchayats/state=in_s03/district=288/all.geojson,geojson,EPSG:4326,coord-precision-round,0.0001,226,226,0,,672915,src-a1dd899f902d,,
boundaries.in.panchayats.state=in_s03.district=289,panchayat,S03,289,,boundaries/in/panchayats/state=in_s03/district=289/all.geojson,geojson,EPSG:4326,coord-precision-round,0.0001,105,105,0,,399703,src-a1dd899f902d,,
boundaries.in.panchayats.state=in_s03.district=290,panchayat,S03,290,,boundaries/in/panchayats/state=in_s03/district=290/all.geojson,geojson,EPSG:4326,coord-precision-round,0.0001,241,241,0,,788673,src-a1dd899f902d,,
boundaries.in.panchayats.state=in_s03.district=291,panchayat,S03,291,,boundaries/in/panchayats/state=in_s03/district=291/all.geojson,geojson,EPSG:4326,coord-precision-round,0.0001,301,301,0,,981553,src-a1dd899f902d,,
boundaries.in.panchayats.state=in_s03.district=292,panchayat,S03,292,,boundaries/in/panchayats/state=in_s03/district=292/all.geojson,geojson,EPSG:4326,coord-precision-round,0.0001,67,67,0,,507133,src-a1dd899f902d,,
boundaries.in.panchayats.state=in_s03.district=293,panchayat,S03,293,,boundaries/in/panchayats/state=in_s03/district=293/all.geojson,geojson,EPSG:4326,coord-precision-round,0.0001,432,432,0,,828068,src-a1dd899f902d,,
boundaries.in.panchayats.state=in_s03.district=294,panchayat,S03,294,,boundaries/in/panchayats/state=in_s03/district=294/all.geojson,geojson,EPSG:4326,coord-precision-round,0.0001,259,259,0,,608648,src-a1dd899f902d,,
boundaries.in.panchayats.state=in_s03.district=295,panchayat,S03,295,,boundaries/in/panchayats/state=in_s03/district=295/all.geojson,geojson,EPSG:4326,coord-precision-round,0.0001,308,308,0,,956457,src-a1dd899f902d,,
boundaries.in.panchayats.state=in_s03.district=296,panchayat,S03,296,,boundaries/in/panchayats/state=in_s03/district=296/all.geojson,geojson,EPSG:4326,coord-precision-round,0.0001,211,211,0,,541939,src-a1dd899f902d,,
boundaries.in.panchayats.state=in_s03.district=297,panchayat,S03,297,,boundaries/in/panchayats/state=in_s03/district=297/all.geojson,geojson,EPSG:4326,coord-precision-round,0.0001,326,326,0,,992297,src-a1dd899f902d,,
boundaries.in.panchayats.state=in_s03.district=298,panchayat,S03,298,,boundaries/in/panchayats/state=in_s03/district=298/all.geojson,geojson,EPSG:4326,coord-precision-round,0.0001,119,119,0,,423645,src-a1dd899f902d,,
boundaries.in.panchayats.state=in_s03.district=299,panchayat,S03,299,,boundaries/in/panchayats/state=in_s03/district=299/all.geojson,geojson,EPSG:4326,coord-precision-round,0.0001,5,5,0,,185092,src-a1dd899f902d,,
boundaries.in.panchayats.state=in_s03.district=300,panchayat,S03,300,,boundaries/in/panchayats/state=in_s03/district=300/all.geojson,geojson,EPSG:4326,coord-precision-round,0.0001,198,198,0,,608790,src-a1dd899f902d,,
boundaries.in.panchayats.state=in_s03.district=301,panchayat,S03,301,,boundaries/in/panchayats/state=in_s03/district=301/all.geojson,geojson,EPSG:4326,coord-precision-round,0.0001,263,263,0,,641004,src-a1dd899f902d,,
boundaries.in.panchayats.state=in_s03.district=302,panchayat,S03,302,,boundaries/in/panchayats/state=in_s03/district=302/all.geojson,geojson,EPSG:4326,coord-precision-round,0.0001,559,559,0,,1412092,src-a1dd899f902d,,
boundaries.in.panchayats.state=in_s03.district=612,panchayat,S03,612,,boundaries/in/panchayats/state=in_s03/district=612/all.geojson,geojson,EPSG:4326,coord-precision-round,0.0001,226,226,0,,421687,src-a1dd899f902d,,
boundaries.in.panchayats.state=in_s03.district=616,panchayat,S03,616,,boundaries/in/panchayats/state=in_s03/district=616/all.geojson,geojson,EPSG:4326,coord-precision-round,0.0001,120,120,0,,393837,src-a1dd899f902d,,
boundaries.in.panchayats.state=in_s03.district=617,panchayat,S03,617,,boundaries/in/panchayats/state=in_s03/district=617/all.geojson,geojson,EPSG:4326,coord-precision-round,0.0001,269,269,0,,806522,src-a1dd899f902d,,
boundaries.in.panchayats.state=in_s03.district=618,panchayat,S03,618,,boundaries/in/panchayats/state=in_s03/district=618/all.geojson,geojson,EPSG:4326,coord-precision-round,0.0001,160,160,0,,439948,src-a1dd899f902d,,
boundaries.in.panchayats.state=in_s03.district=705,panchayat,S03,705,,boundaries/in/panchayats/state=in_s03/district=705/all.geojson,geojson,EPSG:4326,coord-precision-round,0.0001,367,367,0,,948521,src-a1dd899f902d,,
boundaries.in.panchayats.state=in_s03.district=706,panchayat,S03,706,,boundaries/in/panchayats/state=in_s03/district=706/all.geojson,geojson,EPSG:4326,coord-precision-round,0.0001,125,125,0,,263005,src-a1dd899f902d,,
boundaries.in.panchayats.state=in_s03.district=707,panchayat,S03,707,,boundaries/in/panchayats/state=in_s03/district=707/all.geojson,geojson,EPSG:4326,coord-precision-round,0.0001,122,122,0,,318488,src-a1dd899f902d,,
boundaries.in.panchayats.state=in_s03.district=708,panchayat,S03,708,,boundaries/in/panchayats/state=in_s03/district=708/all.geojson,geojson,EPSG:4326,coord-precision-round,0.0001,80,80,0,,306871,src-a1dd899f902d,,
boundaries.in.panchayats.state=in_s03.district=709,panchayat,S03,709,,boundaries/in/panchayats/state=in_s03/district=709/all.geojson,geojson,EPSG:4326,coord-precision-round,0.0001,126,126,0,,373248,src-a1dd899f902d,,
boundaries.in.panchayats.state=in_s03.district=710,panchayat,S03,710,,boundaries/in/panchayats/state=in_s03/district=710/all.geojson,geojson,EPSG:4326,coord-precision-round,0.0001,5,5,0,,154045,src-a1dd899f902d,,
boundaries.in.panchayats.state=in_s03.district=739,panchayat,S03,739,,boundaries/in/panchayats/state=in_s03/district=739/all.geojson,geojson,EPSG:4326,coord-precision-round,0.0001,41,41,0,,157846,src-a1dd899f902d,,
boundaries.in.panchayats.state=in_s03.district=756,panchayat,S03,756,,boundaries/in/panchayats/state=in_s03/district=756/all.geojson,geojson,EPSG:4326,coord-precision-round,0.0001,66,66,0,,270808,src-a1dd899f902d,,
boundaries.in.panchayats.state=in_s04.district=188,panchayat,S04,188,,boundaries/in/panchayats/state=in_s04/district=188/all.geojson,geojson,EPSG:4326,coord-precision-round,0.0001,273,273,0,,1123990,src-a1dd899f902d,,
boundaries.in.panchayats.state=in_s04.district=189,panchayat,S04,189,,boundaries/in/panchayats/state=in_s04/district=189/all.geojson,geojson,EPSG:4326,coord-precision-round,0.0001,373,373,0,,1162249,src-a1dd899f902d,,
boundaries.in.panchayats.state=in_s04.district=190,panchayat,S04,190,,boundaries/in/panchayats/state=in_s04/district=190/all.geojson,geojson,EPSG:4326,coord-precision-round,0.0001,398,398,0,,1012153,src-a1dd899f902d,,
boundaries.in.panchayats.state=in_s04.district=191,panchayat,S04,191,,boundaries/in/panchayats/state=in_s04/district=191/all.geojson,geojson,EPSG:4326,coord-precision-round,0.0001,472,472,0,,1007751,src-a1dd899f902d,,
boundaries.in.panchayats.state=in_s04.district=192,panchayat,S04,192,,boundaries/in/panchayats/state=in_s04/district=192/all.geojson,geojson,EPSG:4326,coord-precision-round,0.0001,443,443,0,,1155211,src-a1dd899f902d,,
boundaries.in.panchayats.state=in_s04.district=193,panchayat,S04,193,,boundaries/in/panchayats/state=in_s04/district=193/all.geojson,geojson,EPSG:4326,coord-precision-round,0.0001,331,331,0,,953185,src-a1dd899f902d,,
boundaries.in.panchayats.state=in_s04.district=194,panchayat,S04,194,,boundaries/in/panchayats/state=in_s04/district=194/all.geojson,geojson,EPSG:4326,coord-precision-round,0.0001,189,189,0,,602966,src-a1dd899f902d,,
boundaries.in.panchayats.state=in_s04.district=195,panchayat,S04,195,,boundaries/in/panchayats/state=in_s04/district=195/all.geojson,geojson,EPSG:4326,coord-precision-round,0.0001,528,528,0,,1410112,src-a1dd899f902d,,
boundaries.in.panchayats.state=in_s04.district=196,panchayat,S04,196,,boundaries/in/panchayats/state=in_s04/district=196/all.geojson,geojson,EPSG:4326,coord-precision-round,0.0001,561,561,0,,1719734,src-a1dd899f902d,,
boundaries.in.panchayats.state=in_s04.district=197,panchayat,S04,197,,boundaries/in/panchayats/state=in_s04/district=197/all.geojson,geojson,EPSG:4326,coord-precision-round,0.0001,374,374,0,,886583,src-a1dd899f902d,,
boundaries.in.panchayats.state=in_s04.district=198,panchayat,S04,198,,boundaries/in/panchayats/state=in_s04/district=198/all.geojson,geojson,EPSG:4326,coord-precision-round,0.0001,339,339,0,,952178,src-a1dd899f902d,,
boundaries.in.panchayats.state=in_s04.district=199,panchayat,S04,199,,boundaries/in/panchayats/state=in_s04/district=199/all.geojson,geojson,EPSG:4326,coord-precision-round,0.0001,187,187,0,,571979,src-a1dd899f902d,,
boundaries.in.panchayats.state=in_s04.district=200,panchayat,S04,200,,boundaries/in/panchayats/state=in_s04/district=200/all.geojson,geojson,EPSG:4326,coord-precision-round,0.0001,249,249,0,,902799,src-a1dd899f902d,,
boundaries.in.panchayats.state=in_s04.district=201,panchayat,S04,201,,boundaries/in/panchayats/state=in_s04/district=201/all.geojson,geojson,EPSG:4326,coord-precision-round,0.0001,469,469,0,,1421206,src-a1dd899f902d,,
boundaries.in.panchayats.state=in_s04.district=202,panchayat,S04,202,,boundaries/in/panchayats/state=in_s04/district=202/all.geojson,geojson,EPSG:4326,coord-precision-round,0.0001,141,141,0,,474851,src-a1dd899f902d,,
boundaries.in.panchayats.state=in_s04.district=203,panchayat,S04,203,,boundaries/in/panchayats/state=in_s04/district=203/all.geojson,geojson,EPSG:4326,coord-precision-round,0.0001,225,225,0,,1061281,src-a1dd899f902d,,
boundaries.in.panchayats.state=in_s04.district=204,panchayat,S04,204,,boundaries/in/panchayats/state=in_s04/district=204/all.geojson,geojson,EPSG:4326,coord-precision-round,0.0001,146,146,0,,449192,src-a1dd899f902d,,
boundaries.in.panchayats.state=in_s04.district=205,panchayat,S04,205,,boundaries/in/panchayats/state=in_s04/district=205/all.geojson,geojson,EPSG:4326,coord-precision-round,0.0001,217,217,0,,659705,src-a1dd899f902d,,
boundaries.in.panchayats.state=in_s04.district=206,panchayat,S04,206,,boundaries/in/panchayats/state=in_s04/district=206/all.geojson,geojson,EPSG:4326,coord-precision-round,0.0001,507,507,0,,1502208,src-a1dd899f902d,,
boundaries.in.panchayats.state=in_s04.district=207,panchayat,S04,207,,boundaries/in/panchayats/state=in_s04/district=207/all.geojson,geojson,EPSG:4326,coord-precision-round,0.0001,210,210,0,,517080,src-a1dd899f902d,,
boundaries.in.panchayats.state=in_s04.district=208,panchayat,S04,208,,boundaries/in/panchayats/state=in_s04/district=208/all.geojson,geojson,EPSG:4326,coord-precision-round,0.0001,604,604,0,,1499288,src-a1dd899f902d,,
boundaries.in.panchayats.state=in_s04.district=209,panchayat,S04,209,,boundaries/in/panchayats/state=in_s04/district=209/all.geojson,geojson,EPSG:4326,coord-precision-round,0.0001,354,354,0,,1038041,src-a1dd899f902d,,
boundaries.in.panchayats.state=in_s04.district=210,panchayat,S04,210,,boundaries/in/panchayats/state=in_s04/district=210/all.geojson,geojson,EPSG:4326,coord-precision-round,0.0001,262,262,0,,789286,src-a1dd899f902d,,
boundaries.in.panchayats.state=in_s04.district=211,panchayat,S04,211,,boundaries/in/panchayats/state=in_s04/district=211/all.geojson,geojson,EPSG:4326,coord-precision-round,0.0001,372,372,0,,1508702,src-a1dd899f902d,,
boundaries.in.panchayats.state=in_s04.district=212,panchayat,S04,212,,boundaries/in/panchayats/state=in_s04/district=212/all.geojson,geojson,EPSG:4326,coord-precision-round,0.0001,559,559,0,,1459366,src-a1dd899f902d,,
boundaries.in.panchayats.state=in_s04.district=213,panchayat,S04,213,,boundaries/in/panchayats/state=in_s04/district=213/all.geojson,geojson,EPSG:4326,coord-precision-round,0.0001,534,534,0,,1597403,src-a1dd899f902d,,
boundaries.in.panchayats.state=in_s04.district=214,panchayat,S04,214,,boundaries/in/panchayats/state=in_s04/district=214/all.geojson,geojson,EPSG:4326,coord-precision-round,0.0001,448,448,0,,1651437,src-a1dd899f902d,,
boundaries.in.panchayats.state=in_s04.district=215,panchayat,S04,215,,boundaries/in/panchayats/state=in_s04/district=215/all.geojson,geojson,EPSG:4326,coord-precision-round,0.0001,506,506,0,,1309463,src-a1dd899f902d,,
boundaries.in.panchayats.state=in_s04.district=216,panchayat,S04,216,,boundaries/in/panchayats/state=in_s04/district=216/all.geojson,geojson,EPSG:4326,coord-precision-round,0.0001,179,179,0,,599022,src-a1dd899f902d,,
boundaries.in.panchayats.state=in_s04.district=217,panchayat,S04,217,,boundaries/in/panchayats/state=in_s04/district=217/all.geojson,geojson,EPSG:4326,coord-precision-round,0.0001,574,574,0,,1327112,src-a1dd899f902d,,
boundaries.in.panchayats.state=in_s04.district=218,panchayat,S04,218,,boundaries/in/panchayats/state=in_s04/district=218/all.geojson,geojson,EPSG:4326,coord-precision-round,0.0001,598,598,0,,1303197,src-a1dd899f902d,,
boundaries.in.panchayats.state=in_s04.district=219,panchayat,S04,219,,boundaries/in/panchayats/state=in_s04/district=219/all.geojson,geojson,EPSG:4326,coord-precision-round,0.0001,107,107,0,,270024,src-a1dd899f902d,,
boundaries.in.panchayats.state=in_s04.district=220,panchayat,S04,220,,boundaries/in/panchayats/state=in_s04/district=220/all.geojson,geojson,EPSG:4326,coord-precision-round,0.0001,70,70,0,,189038,src-a1dd899f902d,,
boundaries.in.panchayats.state=in_s04.district=221,panchayat,S04,221,,boundaries/in/panchayats/state=in_s04/district=221/all.geojson,geojson,EPSG:4326,coord-precision-round,0.0001,309,309,0,,1356620,src-a1dd899f902d,,
boundaries.in.panchayats.state=in_s04.district=222,panchayat,S04,222,,boundaries/in/panchayats/state=in_s04/district=222/all.geojson,geojson,EPSG:4326,coord-precision-round,0.0001,416,416,0,,1065382,src-a1dd899f902d,,
boundaries.in.panchayats.state=in_s04.district=223,panchayat,S04,223,,boundaries/in/panchayats/state=in_s04/district=223/all.geojson,geojson,EPSG:4326,coord-precision-round,0.0001,223,223,0,,821932,src-a1dd899f902d,,
boundaries.in.panchayats.state=in_s04.district=224,panchayat,S04,224,,boundaries/in/panchayats/state=in_s04/district=224/all.geojson,geojson,EPSG:4326,coord-precision-round,0.0001,504,504,0,,1151718,src-a1dd899f902d,,
boundaries.in.panchayats.state=in_s04.district=611,panchayat,S04,611,,boundaries/in/panchayats/state=in_s04/district=611/all.geojson,geojson,EPSG:4326,coord-precision-round,0.0001,141,141,0,,386348,src-a1dd899f902d,,
boundaries.in.panchayats.state=in_s05.district=551,panchayat,S05,551,,boundaries/in/panchayats/state=in_s05/district=551/all.geojson,geojson,EPSG:4326,coord-precision-round,0.0001,142,142,0,,706533,src-a1dd899f902d,,
boundaries.in.panchayats.state=in_s05.district=552,panchayat,S05,552,,boundaries/in/panchayats/state=in_s05/district=552/all.geojson,geojson,EPSG:4326,coord-precision-round,0.0001,88,88,0,,711345,src-a1dd899f902d,,
boundaries.in.panchayats.state=in_s06.district=438,panchayat,S06,438,,boundaries/in/panchayats/state=in_s06/district=438/all.geojson,geojson,EPSG:4326,coord-precision-round,0.0001,535,535,0,,3285617,src-a1dd899f902d,,
boundaries.in.panchayats.state=in_s06.district=439,panchayat,S06,439,,boundaries/in/panchayats/state=in_s06/district=439/all.geojson,geojson,EPSG:4326,coord-precision-round,0.0001,608,608,0,,2619723,src-a1dd899f902d,,
boundaries.in.panchayats.state=in_s06.district=440,panchayat,S06,440,,boundaries/in/panchayats/state=in_s06/district=440/all.geojson,geojson,EPSG:4326,coord-precision-round,0.0001,382,382,0,,2043940,src-a1dd899f902d,,
boundaries.in.panchayats.state=in_s06.district=441,panchayat,S06,441,,boundaries/in/panchayats/state=in_s06/district=441/all.geojson,geojson,EPSG:4326,coord-precision-round,0.0001,913,913,0,,5288523,src-a1dd899f902d,,
boundaries.in.panchayats.state=in_s06.district=442,panchayat,S06,442,,boundaries/in/panchayats/state=in_s06/district=442/all.geojson,geojson,EPSG:4326,coord-precision-round,0.0001,594,594,0,,2416287,src-a1dd899f902d,,
boundaries.in.panchayats.state=in_s06.district=443,panchayat,S06,443,,boundaries/in/panchayats/state=in_s06/district=443/all.geojson,geojson,EPSG:4326,coord-precision-round,0.0001,683,683,0,,3526214,src-a1dd899f902d,,
boundaries.in.panchayats.state=in_s06.district=444,panchayat,S06,444,,boundaries/in/panchayats/state=in_s06/district=444/all.geojson,geojson,EPSG:4326,coord-precision-round,0.0001,111,111,0,,606938,src-a1dd899f902d,,
boundaries.in.panchayats.state=in_s06.district=445,panchayat,S06,445,,boundaries/in/panchayats/state=in_s06/district=445/all.geojson,geojson,EPSG:4326,coord-precision-round,0.0001,529,529,0,,2940784,src-a1dd899f902d,,
boundaries.in.panchayats.state=in_s06.district=446,panchayat,S06,446,,boundaries/in/panchayats/state=in_s06/district=446/all.geojson,geojson,EPSG:4326,coord-precision-round,0.0001,297,297,0,,1639913,src-a1dd899f902d,,
boundaries.in.panchayats.state=in_s06.district=447,panchayat,S06,447,,boundaries/in/panchayats/state=in_s06/district=447/all.geojson,geojson,EPSG:4326,coord-precision-round,0.0001,504,504,0,,1938819,src-a1dd899f902d,,
boundaries.in.panchayats.state=in_s06.district=448,panchayat,S06,448,,boundaries/in/panchayats/state=in_s06/district=448/all.geojson,geojson,EPSG:4326,coord-precision-round,0.0001,533,533,0,,2351045,src-a1dd899f902d,,
boundaries.in.panchayats.state=in_s06.district=449,panchayat,S06,449,,boundaries/in/panchayats/state=in_s06/district=449/all.geojson,geojson,EPSG:4326,coord-precision-round,0.0001,616,616,0,,3386433,src-a1dd899f902d,,
boundaries.in.panchayats.state=in_s06.district=450,panchayat,S06,450,,boundaries/in/panchayats/state=in_s06/district=450/all.geojson,geojson,EPSG:4326,coord-precision-round,0.0001,514,514,0,,2617038,src-a1dd899f902d,,
boundaries.in.panchayats.state=in_s06.district=451,panchayat,S06,451,,boundaries/in/panchayats/state=in_s06/district=451/all.geojson,geojson,EPSG:4326,coord-precision-round,0.0001,578,578,0,,3208185,src-a1dd899f902d,,
boundaries.in.panchayats.state=in_s06.district=452,panchayat,S06,452,,boundaries/in/panchayats/state=in_s06/district=452/all.geojson,geojson,EPSG:4326,coord-precision-round,0.0001,272,272,0,,1473821,src-a1dd899f902d,,
boundaries.in.panchayats.state=in_s06.district=453,panchayat,S06,453,,boundaries/in/panchayats/state=in_s06/district=453/all.geojson,geojson,EPSG:4326,coord-precision-round,0.0001,361,361,0,,2041380,src-a1dd899f902d,,
boundaries.in.panchayats.state=in_s06.district=454,panchayat,S06,454,,boundaries/in/panchayats/state=in_s06/district=454/all.geojson,geojson,EPSG:4326,coord-precision-round,0.0001,478,478,0,,2231454,src-a1dd899f902d,,
boundaries.in.panchayats.state=in_s06.district=455,panchayat,S06,455,,boundaries/in/panchayats/state=in_s06/district=455/all.geojson,geojson,EPSG:4326,coord-precision-round,0.0001,477,477,0,,2818725,src-a1dd899f902d,,
boundaries.in.panchayats.state=in_s06.district=456,panchayat,S06,456,,boundaries/in/panchayats/state=in_s06/district=456/all.geojson,geojson,EPSG:4326,coord-precision-round,0.0001,149,149,0,,575393,src-a1dd899f902d,,
boundaries.in.panchayats.state=in_s06.district=457,panchayat,S06,457,,boundaries/in/panchayats/state=in_s06/district=457/all.geojson,geojson,EPSG:4326,coord-precision-round,0.0001,613,613,0,,2186881,src-a1dd899f902d,,
boundaries.in.panchayats.state=in_s06.district=458,panchayat,S06,458,,boundaries/in/panchayats/state=in_s06/district=458/all.geojson,geojson,EPSG:4326,coord-precision-round,0.0001,494,494,0,,2187348,src-a1dd899f902d,,
boundaries.in.panchayats.state=in_s06.district=459,panchayat,S06,459,,boundaries/in/panchayats/state=in_s06/district=459/all.geojson,geojson,EPSG:4326,coord-precision-round,0.0001,618,618,0,,2865776,src-a1dd899f902d,,
boundaries.in.panchayats.state=in_s06.district=460,panchayat,S06,460,,boundaries/in/panchayats/state=in_s06/district=460/all.geojson,geojson,EPSG:4326,coord-precision-round,0.0001,579,579,0,,2416487,src-a1dd899f902d,,
boundaries.in.panchayats.state=in_s06.district=461,panchayat,S06,461,,boundaries/in/panchayats/state=in_s06/district=461/all.geojson,geojson,EPSG:4326,coord-precision-round,0.0001,578,578,0,,2870469,src-a1dd899f902d,,
boundaries.in.panchayats.state=in_s06.district=462,panchayat,S06,462,,boundaries/in/panchayats/state=in_s06/district=462/all.geojson,geojson,EPSG:4326,coord-precision-round,0.0001,398,398,0,,2519778,src-a1dd899f902d,,
boundaries.in.panchayats.state=in_s06.district=641,panchayat,S06,641,,boundaries/in/panchayats/state=in_s06/district=641/all.geojson,geojson,EPSG:4326,coord-precision-round,0.0001,361,361,0,,1478271,src-a1dd899f902d,,
boundaries.in.panchayats.state=in_s06.district=668,panchayat,S06,668,,boundaries/in/panchayats/state=in_s06/district=668/all.geojson,geojson,EPSG:4326,coord-precision-round,0.0001,402,402,0,,2288045,src-a1dd899f902d,,
boundaries.in.panchayats.state=in_s06.district=669,panchayat,S06,669,,boundaries/in/panchayats/state=in_s06/district=669/all.geojson,geojson,EPSG:4326,coord-precision-round,0.0001,384,384,0,,1864491,src-a1dd899f902d,,
boundaries.in.panchayats.state=in_s06.district=672,panchayat,S06,672,,boundaries/in/panchayats/state=in_s06/district=672/all.geojson,geojson,EPSG:4326,coord-precision-round,0.0001,396,396,0,,1686726,src-a1dd899f902d,,
boundaries.in.panchayats.state=in_s06.district=673,panchayat,S06,673,,boundaries/in/panchayats/state=in_s06/district=673/all.geojson,geojson,EPSG:4326,coord-precision-round,0.0001,339,339,0,,1442880,src-a1dd899f902d,,
boundaries.in.panchayats.state=in_s06.district=674,panchayat,S06,674,,boundaries/in/panchayats/state=in_s06/district=674/all.geojson,geojson,EPSG:4326,coord-precision-round,0.0001,310,310,0,,1438874,src-a1dd899f902d,,
boundaries.in.panchayats.state=in_s06.district=675,panchayat,S06,675,,boundaries/in/panchayats/state=in_s06/district=675/all.geojson,geojson,EPSG:4326,coord-precision-round,0.0001,339,339,0,,1633194,src-a1dd899f902d,,
boundaries.in.panchayats.state=in_s06.district=676,panchayat,S06,676,,boundaries/in/panchayats/state=in_s06/district=676/all.geojson,geojson,EPSG:4326,coord-precision-round,0.0001,188,188,0,,975521,src-a1dd899f902d,,
boundaries.in.panchayats.state=in_s07.district=58,panchayat,S07,58,,boundaries/in/panchayats/state=in_s07/district=58/all.geojson,geojson,EPSG:4326,coord-precision-round,0.0001,455,455,0,,1409304,src-a1dd899f902d,,
boundaries.in.panchayats.state=in_s07.district=59,panchayat,S07,59,,boundaries/in/panchayats/state=in_s07/district=59/all.geojson,geojson,EPSG:4326,coord-precision-round,0.0001,263,263,0,,874113,src-a1dd899f902d,,
boundaries.in.panchayats.state=in_s07.district=60,panchayat,S07,60,,boundaries/in/panchayats/state=in_s07/district=60/all.geojson,geojson,EPSG:4326,coord-precision-round,0.0001,133,133,0,,445148,src-a1dd899f902d,,
boundaries.in.panchayats.state=in_s07.district=604,panchayat,S07,604,,boundaries/in/panchayats/state=in_s07/district=604/all.geojson,geojson,EPSG:4326,coord-precision-round,0.0001,360,360,0,,1012405,src-a1dd899f902d,,
boundaries.in.panchayats.state=in_s07.district=61,panchayat,S07,61,,boundaries/in/panchayats/state=in_s07/district=61/all.geojson,geojson,EPSG:4326,coord-precision-round,0.0001,224,224,0,,835318,src-a1dd899f902d,,
boundaries.in.panchayats.state=in_s07.district=619,panchayat,S07,619,,boundaries/in/panchayats/state=in_s07/district=619/all.geojson,geojson,EPSG:4326,coord-precision-round,0.0001,239,239,0,,735442,src-a1dd899f902d,,
boundaries.in.panchayats.state=in_s07.district=62,panchayat,S07,62,,boundaries/in/panchayats/state=in_s07/district=62/all.geojson,geojson,EPSG:4326,coord-precision-round,0.0001,272,272,0,,779252,src-a1dd899f902d,,
boundaries.in.panchayats.state=in_s07.district=63,panchayat,S07,63,,boundaries/in/panchayats/state=in_s07/district=63/all.geojson,geojson,EPSG:4326,coord-precision-round,0.0001,249,249,0,,1252933,src-a1dd899f902d,,
boundaries.in.panchayats.state=in_s07.district=64,panchayat,S07,64,,boundaries/in/panchayats/state=in_s07/district=64/all.geojson,geojson,EPSG:4326,coord-precision-round,0.0001,245,245,0,,756354,src-a1dd899f902d,,
boundaries.in.panchayats.state=in_s07.district=65,panchayat,S07,65,,boundaries/in/panchayats/state=in_s07/district=65/all.geojson,geojson,EPSG:4326,coord-precision-round,0.0001,302,302,0,,1108859,src-a1dd899f902d,,
boundaries.in.panchayats.state=in_s07.district=66,panchayat,S07,66,,boundaries/in/panchayats/state=in_s07/district=66/all.geojson,geojson,EPSG:4326,coord-precision-round,0.0001,263,263,0,,1159887,src-a1dd899f902d,,
boundaries.in.panchayats.state=in_s07.district=67,panchayat,S07,67,,boundaries/in/panchayats/state=in_s07/district=67/all.geojson,geojson,EPSG:4326,coord-precision-round,0.0001,400,400,0,,1765907,src-a1dd899f902d,,
boundaries.in.panchayats.state=in_s07.district=68,panchayat,S07,68,,boundaries/in/panchayats/state=in_s07/district=68/all.geojson,geojson,EPSG:4326,coord-precision-round,0.0001,384,384,0,,1213580,src-a1dd899f902d,,
boundaries.in.panchayats.state=in_s07.district=69,panchayat,S07,69,,boundaries/in/panchayats/state=in_s07/district=69/all.geojson,geojson,EPSG:4326,coord-precision-round,0.0001,348,348,0,,1020529,src-a1dd899f902d,,
boundaries.in.panchayats.state=in_s07.district=70,panchayat,S07,70,,boundaries/in/panchayats/state=in_s07/district=70/all.geojson,geojson,EPSG:4326,coord-precision-round,0.0001,211,211,0,,646629,src-a1dd899f902d,,
boundaries.in.panchayats.state=in_s07.district=701,panchayat,S07,701,,boundaries/in/panchayats/state=in_s07/district=701/all.geojson,geojson,EPSG:4326,coord-precision-round,0.0001,163,163,0,,512369,src-a1dd899f902d,,
boundaries.in.panchayats.state=in_s07.district=71,panchayat,S07,71,,boundaries/in/panchayats/state=in_s07/district=71/all.geojson,geojson,EPSG:4326,coord-precision-round,0.0001,180,180,0,,773316,src-a1dd899f902d,,
boundaries.in.panchayats.state=in_s07.district=72,panchayat,S07,72,,boundaries/in/panchayats/state=in_s07/district=72/all.geojson,geojson,EPSG:4326,coord-precision-round,0.0001,378,378,0,,769954,src-a1dd899f902d,,
boundaries.in.panchayats.state=in_s07.district=73,panchayat,S07,73,,boundaries/in/panchayats/state=in_s07/district=73/all.geojson,geojson,EPSG:4326,coord-precision-round,0.0001,134,134,0,,557654,src-a1dd899f902d,,
boundaries.in.panchayats.state=in_s07.district=74,panchayat,S07,74,,boundaries/in/panchayats/state=in_s07/district=74/all.geojson,geojson,EPSG:4326,coord-precision-round,0.0001,293,293,0,,885373,src-a1dd899f902d,,
boundaries.in.panchayats.state=in_s07.district=75,panchayat,S07,75,,boundaries/in/panchayats/state=in_s07/district=75/all.geojson,geojson,EPSG:4326,coord-precision-round,0.0001,307,307,0,,1198358,src-a1dd899f902d,,
boundaries.in.panchayats.state=in_s07.district=76,panchayat,S07,76,,boundaries/in/panchayats/state=in_s07/district=76/all.geojson,geojson,EPSG:4326,coord-precision-round,0.0001,528,528,0,,1395460,src-a1dd899f902d,,
boundaries.in.panchayats.state=in_s10.district=524,panchayat,S10,524,,boundaries/in/panchayats/state=in_s10/district=524/all.geojson,geojson,EPSG:4326,coord-precision-round,0.0001,245,245,0,,820147,src-a1dd899f902d,,
boundaries.in.panchayats.state=in_s10.district=525,panchayat,S10,525,,boundaries/in/panchayats/state=in_s10/district=525/all.geojson,geojson,EPSG:4326,coord-precision-round,0.0001,514,514,0,,989181,src-a1dd899f902d,,
boundaries.in.panchayats.state=in_s10.district=526,panchayat,S10,526,,boundaries/in/panchayats/state=in_s10/district=526/all.geojson,geojson,EPSG:4326,coord-precision-round,0.0001,258,258,0,,706965,src-a1dd899f902d,,
boundaries.in.panchayats.state=in_s10.district=527,panchayat,S10,527,,boundaries/in/panchayats/state=in_s10/district=527/all.geojson,geojson,EPSG:4326,coord-precision-round,0.0001,661,661,0,,2862583,src-a1dd899f902d,,
boundaries.in.panchayats.state=in_s10.district=528,panchayat,S10,528,,boundaries/in/panchayats/state=in_s10/district=528/all.geojson,geojson,EPSG:4326,coord-precision-round,0.0001,132,132,0,,547413,src-a1dd899f902d,,
boundaries.in.panchayats.state=in_s10.district=529,panchayat,S10,529,,boundaries/in/panchayats/state=in_s10/district=529/all.geojson,geojson,EPSG:4326,coord-precision-round,0.0001,240,240,0,,1143073,src-a1dd899f902d,,
boundaries.in.panchayats.state=in_s10.district=530,panchayat,S10,530,,boundaries/in/panchayats/state=in_s10/district=530/all.geojson,geojson,EPSG:4326,coord-precision-round,0.0001,265,265,0,,1284336,src-a1dd899f902d,,
boundaries.in.panchayats.state=in_s10.district=531,panchayat,S10,531,,boundaries/in/panchayats/state=in_s10/district=531/all.geojson,geojson,EPSG:4326,coord-precision-round,0.0001,190,190,0,,792860,src-a1dd899f902d,,
boundaries.in.panchayats.state=in_s10.district=532,panchayat,S10,532,,boundaries/in/panchayats/state=in_s10/district=532/all.geojson,geojson,EPSG:4326,coord-precision-round,0.0001,366,366,0,,1153790,src-a1dd899f902d,,
boundaries.in.panchayats.state=in_s10.district=533,panchayat,S10,533,,boundaries/in/panchayats/state=in_s10/district=533/all.geojson,geojson,EPSG:4326,coord-precision-round,0.0001,250,250,0,,962731,src-a1dd899f902d,,
boundaries.in.panchayats.state=in_s10.district=534,panchayat,S10,534,,boundaries/in/panchayats/state=in_s10/district=534/all.geojson,geojson,EPSG:4326,coord-precision-round,0.0001,290,290,0,,1270718,src-a1dd899f902d,,
boundaries.in.panchayats.state=in_s10.district=535,panchayat,S10,535,,boundaries/in/panchayats/state=in_s10/district=535/all.geojson,geojson,EPSG:4326,coord-precision-round,0.0001,264,264,0,,844673,src-a1dd899f902d,,
boundaries.in.panchayats.state=in_s10.district=536,panchayat,S10,536,,boundaries/in/panchayats/state=in_s10/district=536/all.geojson,geojson,EPSG:4326,coord-precision-round,0.0001,222,222,0,,885254,src-a1dd899f902d,,
boundaries.in.panchayats.state=in_s10.district=537,panchayat,S10,537,,boundaries/in/panchayats/state=in_s10/district=537/all.geojson,geojson,EPSG:4326,coord-precision-round,0.0001,160,160,0,,522631,src-a1dd899f902d,,
boundaries.in.panchayats.state=in_s10.district=538,panchayat,S10,538,,boundaries/in/panchayats/state=in_s10/district=538/all.geojson,geojson,EPSG:4326,coord-precision-round,0.0001,342,342,0,,1559857,src-a1dd899f902d,,
boundaries.in.panchayats.state=in_s10.district=539,panchayat,S10,539,,boundaries/in/panchayats/state=in_s10/district=539/all.geojson,geojson,EPSG:4326,coord-precision-round,0.0001,415,415,0,,1396983,src-a1dd899f902d,,
boundaries.in.panchayats.state=in_s10.district=540,panchayat,S10,540,,boundaries/in/panchayats/state=in_s10/district=540/all.geojson,geojson,EPSG:4326,coord-precision-round,0.0001,271,271,0,,1049613,src-a1dd899f902d,,
boundaries.in.panchayats.state=in_s10.district=541,panchayat,S10,541,,boundaries/in/panchayats/state=in_s10/district=541/all.geojson,geojson,EPSG:4326,coord-precision-round,0.0001,159,159,0,,689892,src-a1dd899f902d,,
boundaries.in.panchayats.state=in_s10.district=542,panchayat,S10,542,,boundaries/in/panchayats/state=in_s10/district=542/all.geojson,geojson,EPSG:4326,coord-precision-round,0.0001,267,267,0,,926870,src-a1dd899f902d,,
boundaries.in.panchayats.state=in_s10.district=543,panchayat,S10,543,,boundaries/in/panchayats/state=in_s10/district=543/all.geojson,geojson,EPSG:4326,coord-precision-round,0.0001,197,197,0,,578112,src-a1dd899f902d,,
boundaries.in.panchayats.state=in_s10.district=544,panchayat,S10,544,,boundaries/in/panchayats/state=in_s10/district=544/all.geojson,geojson,EPSG:4326,coord-precision-round,0.0001,431,431,0,,1367243,src-a1dd899f902d,,
boundaries.in.panchayats.state=in_s10.district=545,panchayat,S10,545,,boundaries/in/panchayats/state=in_s10/district=545/all.geojson,geojson,EPSG:4326,coord-precision-round,0.0001,435,435,0,,1377882,src-a1dd899f902d,,
boundaries.in.panchayats.state=in_s10.district=546,panchayat,S10,546,,boundaries/in/panchayats/state=in_s10/district=546/all.geojson,geojson,EPSG:4326,coord-precision-round,0.0001,271,271,0,,965375,src-a1dd899f902d,,
boundaries.in.panchayats.state=in_s10.district=547,panchayat,S10,547,,boundaries/in/panchayats/state=in_s10/district=547/all.geojson,geojson,EPSG:4326,coord-precision-round,0.0001,426,426,0,,1599813,src-a1dd899f902d,,
boundaries.in.panchayats.state=in_s10.district=548,panchayat,S10,548,,boundaries/in/panchayats/state=in_s10/district=548/all.geojson,geojson,EPSG:4326,coord-precision-round,0.0001,568,568,0,,1836099,src-a1dd899f902d,,
boundaries.in.panchayats.state=in_s10.district=549,panchayat,S10,549,,boundaries/in/panchayats/state=in_s10/district=549/all.geojson,geojson,EPSG:4326,coord-precision-round,0.0001,181,181,0,,675489,src-a1dd899f902d,,
boundaries.in.panchayats.state=in_s10.district=550,panchayat,S10,550,,boundaries/in/panchayats/state=in_s10/district=550/all.geojson,geojson,EPSG:4326,coord-precision-round,0.0001,350,350,0,,1536056,src-a1dd899f902d,,
boundaries.in.panchayats.state=in_s10.district=630,panchayat,S10,630,,boundaries/in/panchayats/state=in_s10/district=630/all.geojson,geojson,EPSG:4326,coord-precision-round,0.0001,352,352,0,,1171767,src-a1dd899f902d,,
boundaries.in.panchayats.state=in_s10.district=631,panchayat,S10,631,,boundaries/in/panchayats/state=in_s10/district=631/all.geojson,geojson,EPSG:4326,coord-precision-round,0.0001,288,288,0,,903440,src-a1dd899f902d,,
boundaries.in.panchayats.state=in_s10.district=635,panchayat,S10,635,,boundaries/in/panchayats/state=in_s10/district=635/all.geojson,geojson,EPSG:4326,coord-precision-round,0.0001,172,172,0,,615359,src-a1dd899f902d,,
boundaries.in.panchayats.state=in_s10.district=738,panchayat,S10,738,,boundaries/in/panchayats/state=in_s10/district=738/all.geojson,geojson,EPSG:4326,coord-precision-round,0.0001,167,167,0,,634195,src-a1dd899f902d,,
boundaries.in.panchayats.state=in_s11.district=554,panchayat,S11,554,,boundaries/in/panchayats/state=in_s11/district=554/all.geojson,geojson,EPSG:4326,coord-precision-round,0.0001,78,78,0,,425165,src-a1dd899f902d,,
boundaries.in.panchayats.state=in_s11.district=555,panchayat,S11,555,,boundaries/in/panchayats/state=in_s11/district=555/all.geojson,geojson,EPSG:4326,coord-precision-round,0.0001,101,101,0,,608090,src-a1dd899f902d,,
boundaries.in.panchayats.state=in_s11.district=556,panchayat,S11,556,,boundaries/in/panchayats/state=in_s11/district=556/all.geojson,geojson,EPSG:4326,coord-precision-round,0.0001,50,50,0,,615113,src-a1dd899f902d,,
boundaries.in.panchayats.state=in_s11.district=557,panchayat,S11,557,,boundaries/in/panchayats/state=in_s11/district=557/all.geojson,geojson,EPSG:4326,coord-precision-round,0.0001,97,97,0,,743360,src-a1dd899f902d,,
boundaries.in.panchayats.state=in_s11.district=558,panchayat,S11,558,,boundaries/in/panchayats/state=in_s11/district=558/all.geojson,geojson,EPSG:4326,coord-precision-round,0.0001,54,54,0,,352643,src-a1dd899f902d,,
boundaries.in.panchayats.state=in_s11.district=559,panchayat,S11,559,,boundaries/in/panchayats/state=in_s11/district=559/all.geojson,geojson,EPSG:4326,coord-precision-round,0.0001,75,75,0,,563617,src-a1dd899f902d,,
boundaries.in.panchayats.state=in_s11.district=560,panchayat,S11,560,,boundaries/in/panchayats/state=in_s11/district=560/all.geojson,geojson,EPSG:4326,coord-precision-round,0.0001,75,75,0,,628740,src-a1dd899f902d,,
boundaries.in.panchayats.state=in_s11.district=561,panchayat,S11,561,,boundaries/in/panchayats/state=in_s11/district=561/all.geojson,geojson,EPSG:4326,coord-precision-round,0.0001,99,99,0,,628729,src-a1dd899f902d,,
boundaries.in.panchayats.state=in_s11.district=562,panchayat,S11,562,,boundaries/in/panchayats/state=in_s11/district=562/all.geojson,geojson,EPSG:4326,coord-precision-round,0.0001,110,110,0,,772056,src-a1dd899f902d,,
boundaries.in.panchayats.state=in_s11.district=563,panchayat,S11,563,,boundaries/in/panchayats/state=in_s11/district=563/all.geojson,geojson,EPSG:4326,coord-precision-round,0.0001,101,101,0,,898743,src-a1dd899f902d,,
boundaries.in.panchayats.state=in_s11.district=564,panchayat,S11,564,,boundaries/in/panchayats/state=in_s11/district=564/all.geojson,geojson,EPSG:4326,coord-precision-round,0.0001,55,55,0,,555097,src-a1dd899f902d,,
boundaries.in.panchayats.state=in_s11.district=565,panchayat,S11,565,,boundaries/in/panchayats/state=in_s11/district=565/all.geojson,geojson,EPSG:4326,coord-precision-round,0.0001,97,97,0,,491403,src-a1dd899f902d,,
boundaries.in.panchayats.state=in_s11.district=566,panchayat,S11,566,,boundaries/in/panchayats/state=in_s11/district=566/all.geojson,geojson,EPSG:4326,coord-precision-round,0.0001,126,126,0,,670773,src-a1dd899f902d,,
boundaries.in.panchayats.state=in_s11.district=567,panchayat,S11,567,,boundaries/in/panchayats/state=in_s11/district=567/all.geojson,geojson,EPSG:4326,coord-precision-round,0.0001,26,26,0,,336751,src-a1dd899f902d,,
boundaries.in.panchayats.state=in_s12.district=109,panchayat,S12,109,,boundaries/in/panchayats/state=in_s12/district=109/all.geojson,geojson,EPSG:4326,coord-precision-round,0.0001,1,1,0,,886,src-a1dd899f902d,,
boundaries.in.panchayats.state=in_s12.district=390,panchayat,S12,390,,boundaries/in/panchayats/state=in_s12/district=390/all.geojson,geojson,EPSG:4326,coord-precision-round,0.0001,420,420,0,,2143491,src-a1dd899f902d,,
boundaries.in.panchayats.state=in_s12.district=391,panchayat,S12,391,,boundaries/in/panchayats/state=in_s12/district=391/all.geojson,geojson,EPSG:4326,coord-precision-round,0.0001,477,477,0,,1802589,src-a1dd899f902d,,
boundaries.in.panchayats.state=in_s12.district=392,panchayat,S12,392,,boundaries/in/panchayats/state=in_s12/district=392/all.geojson,geojson,EPSG:4326,coord-precision-round,0.0001,1014,1014,0,,4360600,src-a1dd899f902d,,
boundaries.in.panchayats.state=in_s12.district=393,panchayat,S12,393,,boundaries/in/panchayats/state=in_s12/district=393/all.geojson,geojson,EPSG:4326,coord-precision-round,0.0001,423,423,0,,1538297,src-a1dd899f902d,,
boundaries.in.panchayats.state=in_s12.district=394,panchayat,S12,394,,boundaries/in/panchayats/state=in_s12/district=394/all.geojson,geojson,EPSG:4326,coord-precision-round,0.0001,792,792,0,,3567317,src-a1dd899f902d,,
boundaries.in.panchayats.state=in_s12.district=395,panchayat,S12,395,,boundaries/in/panchayats/state=in_s12/district=395/all.geojson,geojson,EPSG:4326,coord-precision-round,0.0001,557,557,0,,1833620,src-a1dd899f902d,,
boundaries.in.panchayats.state=in_s12.district=396,panchayat,S12,396,,boundaries/in/panchayats/state=in_s12/district=396/all.geojson,geojson,EPSG:4326,coord-precision-round,0.0001,287,287,0,,1350226,src-a1dd899f902d,,
boundaries.in.panchayats.state=in_s12.district=397,panchayat,S12,397,,boundaries/in/panchayats/state=in_s12/district=397/all.geojson,geojson,EPSG:4326,coord-precision-round,0.0001,174,174,0,,882252,src-a1dd899f902d,,
boundaries.in.panchayats.state=in_s12.district=398,panchayat,S12,398,,boundaries/in/panchayats/state=in_s12/district=398/all.geojson,geojson,EPSG:4326,coord-precision-round,0.0001,830,830,0,,3666855,src-a1dd899f902d,,
boundaries.in.panchayats.state=in_s12.district=399,panchayat,S12,399,,boundaries/in/panchayats/state=in_s12/district=399/all.geojson,geojson,EPSG:4326,coord-precision-round,0.0001,1202,1202,0,,6239358,src-a1dd899f902d,,
boundaries.in.panchayats.state=in_s12.district=400,panchayat,S12,400,,boundaries/in/panchayats/state=in_s12/district=400/all.geojson,geojson,EPSG:4326,coord-precision-round,0.0001,781,781,0,,4858928,src-a1dd899f902d,,
boundaries.in.panchayats.state=in_s12.district=401,panchayat,S12,401,,boundaries/in/panchayats/state=in_s12/district=401/all.geojson,geojson,EPSG:4326,coord-precision-round,0.0001,348,348,0,,1374602,src-a1dd899f902d,,
boundaries.in.panchayats.state=in_s12.district=402,panchayat,S12,402,,boundaries/in/panchayats/state=in_s12/district=402/all.geojson,geojson,EPSG:4326,coord-precision-round,0.0001,672,672,0,,3221692,src-a1dd899f902d,,
boundaries.in.panchayats.state=in_s12.district=403,panchayat,S12,403,,boundaries/in/panchayats/state=in_s12/district=403/all.geojson,geojson,EPSG:4326,coord-precision-round,0.0001,957,957,0,,3374017,src-a1dd899f902d,,
boundaries.in.panchayats.state=in_s12.district=404,panchayat,S12,404,,boundaries/in/panchayats/state=in_s12/district=404/all.geojson,geojson,EPSG:4326,coord-precision-round,0.0001,569,569,0,,2916403,src-a1dd899f902d,,
boundaries.in.panchayats.state=in_s12.district=405,panchayat,S12,405,,boundaries/in/panchayats/state=in_s12/district=405/all.geojson,geojson,EPSG:4326,coord-precision-round,0.0001,640,640,0,,2657770,src-a1dd899f902d,,
boundaries.in.panchayats.state=in_s12.district=406,panchayat,S12,406,,boundaries/in/panchayats/state=in_s12/district=406/all.geojson,geojson,EPSG:4326,coord-precision-round,0.0001,687,687,0,,2563589,src-a1dd899f902d,,
boundaries.in.panchayats.state=in_s12.district=407,panchayat,S12,407,,boundaries/in/panchayats/state=in_s12/district=407/all.geojson,geojson,EPSG:4326,coord-precision-round,0.0001,397,397,0,,1861975,src-a1dd899f902d,,
boundaries.in.panchayats.state=in_s12.district=408,panchayat,S12,408,,boundaries/in/panchayats/state=in_s12/district=408/all.geojson,geojson,EPSG:4326,coord-precision-round,0.0001,260,260,0,,1215429,src-a1dd899f902d,,
boundaries.in.panchayats.state=in_s12.district=409,panchayat,S12,409,,boundaries/in/panchayats/state=in_s12/district=409/all.geojson,geojson,EPSG:4326,coord-precision-round,0.0001,560,560,0,,2728176,src-a1dd899f902d,,
boundaries.in.panchayats.state=in_s12.district=410,panchayat,S12,410,,boundaries/in/panchayats/state=in_s12/district=410/all.geojson,geojson,EPSG:4326,coord-precision-round,0.0001,405,405,0,,1271612,src-a1dd899f902d,,
boundaries.in.panchayats.state=in_s12.district=411,panchayat,S12,411,,boundaries/in/panchayats/state=in_s12/district=411/all.geojson,geojson,EPSG:4326,coord-precision-round,0.0001,821,821,0,,3696449,src-a1dd899f902d,,
boundaries.in.panchayats.state=in_s12.district=412,panchayat,S12,412,,boundaries/in/panchayats/state=in_s12/district=412/all.geojson,geojson,EPSG:4326,coord-precision-round,0.0001,544,544,0,,1682407,src-a1dd899f902d,,
boundaries.in.panchayats.state=in_s12.district=413,panchayat,S12,413,,boundaries/in/panchayats/state=in_s12/district=413/all.geojson,geojson,EPSG:4326,coord-precision-round,0.0001,619,619,0,,2741020,src-a1dd899f902d,,
boundaries.in.panchayats.state=in_s12.district=414,panchayat,S12,414,,boundaries/in/panchayats/state=in_s12/district=414/all.geojson,geojson,EPSG:4326,coord-precision-round,0.0001,775,775,0,,2700670,src-a1dd899f902d,,
boundaries.in.panchayats.state=in_s12.district=415,panchayat,S12,415,,boundaries/in/panchayats/state=in_s12/district=415/all.geojson,geojson,EPSG:4326,coord-precision-round,0.0001,761,761,0,,3495171,src-a1dd899f902d,,
boundaries.in.panchayats.state=in_s12.district=416,panchayat,S12,416,,boundaries/in/panchayats/state=in_s12/district=416/all.geojson,geojson,EPSG:4326,coord-precision-round,0.0001,534,534,0,,1367649,src-a1dd899f902d,,
boundaries.in.panchayats.state=in_s12.district=417,panchayat,S12,417,,boundaries/in/panchayats/state=in_s12/district=417/all.geojson,geojson,EPSG:4326,coord-precision-round,0.0001,566,566,0,,1812634,src-a1dd899f902d,,
boundaries.in.panchayats.state=in_s12.district=418,panchayat,S12,418,,boundaries/in/panchayats/state=in_s12/district=418/all.geojson,geojson,EPSG:4326,coord-precision-round,0.0001,617,617,0,,2967066,src-a1dd899f902d,,
boundaries.in.panchayats.state=in_s12.district=419,panchayat,S12,419,,boundaries/in/panchayats/state=in_s12/district=419/all.geojson,geojson,EPSG:4326,coord-precision-round,0.0001,374,374,0,,1105365,src-a1dd899f902d,,
boundaries.in.panchayats.state=in_s12.district=420,panchayat,S12,420,,boundaries/in/panchayats/state=in_s12/district=420/all.geojson,geojson,EPSG:4326,coord-precision-round,0.0001,634,634,0,,3250940,src-a1dd899f902d,,
boundaries.in.panchayats.state=in_s12.district=421,panchayat,S12,421,,boundaries/in/panchayats/state=in_s12/district=421/all.geojson,geojson,EPSG:4326,coord-precision-round,0.0001,776,776,0,,4865730,src-a1dd899f902d,,
boundaries.in.panchayats.state=in_s12.district=422,panchayat,S12,422,,boundaries/in/panchayats/state=in_s12/district=422/all.geojson,geojson,EPSG:4326,coord-precision-round,0.0001,617,617,0,,1732675,src-a1dd899f902d,,
boundaries.in.panchayats.state=in_s12.district=423,panchayat,S12,423,,boundaries/in/panchayats/state=in_s12/district=423/all.geojson,geojson,EPSG:4326,coord-precision-round,0.0001,596,596,0,,1904099,src-a1dd899f902d,,
boundaries.in.panchayats.state=in_s12.district=424,panchayat,S12,424,,boundaries/in/panchayats/state=in_s12/district=424/all.geojson,geojson,EPSG:4326,coord-precision-round,0.0001,1063,1063,0,,4186264,src-a1dd899f902d,,
boundaries.in.panchayats.state=in_s12.district=425,panchayat,S12,425,,boundaries/in/panchayats/state=in_s12/district=425/all.geojson,geojson,EPSG:4326,coord-precision-round,0.0001,1138,1138,0,,6112819,src-a1dd899f902d,,
boundaries.in.panchayats.state=in_s12.district=426,panchayat,S12,426,,boundaries/in/panchayats/state=in_s12/district=426/all.geojson,geojson,EPSG:4326,coord-precision-round,0.0001,1023,1023,0,,5134557,src-a1dd899f902d,,
boundaries.in.panchayats.state=in_s12.district=427,panchayat,S12,427,,boundaries/in/panchayats/state=in_s12/district=427/all.geojson,geojson,EPSG:4326,coord-precision-round,0.0001,617,617,0,,3197372,src-a1dd899f902d,,
boundaries.in.panchayats.state=in_s12.district=428,panchayat,S12,428,,boundaries/in/panchayats/state=in_s12/district=428/all.geojson,geojson,EPSG:4326,coord-precision-round,0.0001,1017,1017,0,,4893609,src-a1dd899f902d,,
boundaries.in.panchayats.state=in_s12.district=429,panchayat,S12,429,,boundaries/in/panchayats/state=in_s12/district=429/all.geojson,geojson,EPSG:4326,coord-precision-round,0.0001,538,538,0,,2703810,src-a1dd899f902d,,
boundaries.in.panchayats.state=in_s12.district=430,panchayat,S12,430,,boundaries/in/panchayats/state=in_s12/district=430/all.geojson,geojson,EPSG:4326,coord-precision-round,0.0001,364,364,0,,1216975,src-a1dd899f902d,,
boundaries.in.panchayats.state=in_s12.district=431,panchayat,S12,431,,boundaries/in/panchayats/state=in_s12/district=431/all.geojson,geojson,EPSG:4326,coord-precision-round,0.0001,380,380,0,,1512949,src-a1dd899f902d,,
boundaries.in.panchayats.state=in_s12.district=432,panchayat,S12,432,,boundaries/in/panchayats/state=in_s12/district=432/all.geojson,geojson,EPSG:4326,coord-precision-round,0.0001,1027,1027,0,,3620260,src-a1dd899f902d,,
boundaries.in.panchayats.state=in_s12.district=433,panchayat,S12,433,,boundaries/in/panchayats/state=in_s12/district=433/all.geojson,geojson,EPSG:4326,coord-precision-round,0.0001,539,539,0,,2306017,src-a1dd899f902d,,
boundaries.in.panchayats.state=in_s12.district=434,panchayat,S12,434,,boundaries/in/panchayats/state=in_s12/district=434/all.geojson,geojson,EPSG:4326,coord-precision-round,0.0001,480,480,0,,1622493,src-a1dd899f902d,,
boundaries.in.panchayats.state=in_s12.district=435,panchayat,S12,435,,boundaries/in/panchayats/state=in_s12/district=435/all.geojson,geojson,EPSG:4326,coord-precision-round,0.0001,662,662,0,,1908561,src-a1dd899f902d,,
boundaries.in.panchayats.state=in_s12.district=436,panchayat,S12,436,,boundaries/in/panchayats/state=in_s12/district=436/all.geojson,geojson,EPSG:4326,coord-precision-round,0.0001,403,403,0,,1895030,src-a1dd899f902d,,
boundaries.in.panchayats.state=in_s12.district=437,panchayat,S12,437,,boundaries/in/panchayats/state=in_s12/district=437/all.geojson,geojson,EPSG:4326,coord-precision-round,0.0001,842,842,0,,3685618,src-a1dd899f902d,,
boundaries.in.panchayats.state=in_s12.district=638,panchayat,S12,638,,boundaries/in/panchayats/state=in_s12/district=638/all.geojson,geojson,EPSG:4326,coord-precision-round,0.0001,480,480,0,,2100337,src-a1dd899f902d,,
boundaries.in.panchayats.state=in_s12.district=639,panchayat,S12,639,,boundaries/in/panchayats/state=in_s12/district=639/all.geojson,geojson,EPSG:4326,coord-precision-round,0.0001,442,442,0,,1724109,src-a1dd899f902d,,
boundaries.in.panchayats.state=in_s12.district=667,panchayat,S12,667,,boundaries/in/panchayats/state=in_s12/district=667/all.geojson,geojson,EPSG:4326,coord-precision-round,0.0001,272,272,0,,764442,src-a1dd899f902d,,
boundaries.in.panchayats.state=in_s12.district=722,panchayat,S12,722,,boundaries/in/panchayats/state=in_s12/district=722/all.geojson,geojson,EPSG:4326,coord-precision-round,0.0001,214,214,0,,746678,src-a1dd899f902d,,
boundaries.in.panchayats.state=in_s13.district=466,panchayat,S13,466,,boundaries/in/panchayats/state=in_s13/district=466/all.geojson,geojson,EPSG:4326,coord-precision-round,0.0001,1522,1522,0,,10042747,src-a1dd899f902d,,
boundaries.in.panchayats.state=in_s13.district=467,panchayat,S13,467,,boundaries/in/panchayats/state=in_s13/district=467/all.geojson,geojson,EPSG:4326,coord-precision-round,0.0001,1029,1029,0,,3686827,src-a1dd899f902d,,
boundaries.in.panchayats.state=in_s13.district=468,panchayat,S13,468,,boundaries/in/panchayats/state=in_s13/district=468/all.geojson,geojson,EPSG:4326,coord-precision-round,0.0001,3331,3331,0,,9856186,src-a1dd899f902d,,
boundaries.in.panchayats.state=in_s13.district=469,panchayat,S13,469,,boundaries/in/panchayats/state=in_s13/district=469/all.geojson,geojson,EPSG:4326,coord-precision-round,0.0001,1158,1158,0,,4743873,src-a1dd899f902d,,
boundaries.in.panchayats.state=in_s13.district=470,panchayat,S13,470,,boundaries/in/panchayats/state=in_s13/district=470/all.geojson,geojson,EPSG:4326,coord-precision-round,0.0001,1109,1109,0,,6324097,src-a1dd899f902d,,
boundaries.in.panchayats.state=in_s13.district=471,panchayat,S13,471,,boundaries/in/panchayats/state=in_s13/district=471/all.geojson,geojson,EPSG:4326,coord-precision-round,0.0001,667,667,0,,5680638,src-a1dd899f902d,,
boundaries.in.panchayats.state=in_s13.district=472,panchayat,S13,472,,boundaries/in/panchayats/state=in_s13/district=472/all.geojson,geojson,EPSG:4326,coord-precision-round,0.0001,1130,1130,0,,5096244,src-a1dd899f902d,,
boundaries.in.panchayats.state=in_s13.district=473,panchayat,S13,473,,boundaries/in/panchayats/state=in_s13/district=473/all.geojson,geojson,EPSG:4326,coord-precision-round,0.0001,1177,1177,0,,8942093,src-a1dd899f902d,,
boundaries.in.panchayats.state=in_s13.district=474,panchayat,S13,474,,boundaries/in/panchayats/state=in_s13/district=474/all.geojson,geojson,EPSG:4326,coord-precision-round,0.0001,586,586,0,,3396508,src-a1dd899f902d,,
boundaries.in.panchayats.state=in_s13.district=475,panchayat,S13,475,,boundaries/in/panchayats/state=in_s13/district=475/all.geojson,geojson,EPSG:4326,coord-precision-round,0.0001,803,803,0,,5004027,src-a1dd899f902d,,
boundaries.in.panchayats.state=in_s13.district=476,panchayat,S13,476,,boundaries/in/panchayats/state=in_s13/district=476/all.geojson,geojson,EPSG:4326,coord-precision-round,0.0001,659,659,0,,6320124,src-a1dd899f902d,,
boundaries.in.panchayats.state=in_s13.district=477,panchayat,S13,477,,boundaries/in/panchayats/state=in_s13/district=477/all.geojson,geojson,EPSG:4326,coord-precision-round,0.0001,614,614,0,,3554974,src-a1dd899f902d,,
boundaries.in.panchayats.state=in_s13.district=478,panchayat,S13,478,,boundaries/in/panchayats/state=in_s13/district=478/all.geojson,geojson,EPSG:4326,coord-precision-round,0.0001,1294,1294,0,,7795433,src-a1dd899f902d,,
boundaries.in.panchayats.state=in_s13.district=479,panchayat,S13,479,,boundaries/in/panchayats/state=in_s13/district=479/all.geojson,geojson,EPSG:4326,coord-precision-round,0.0001,940,940,0,,3957944,src-a1dd899f902d,,
boundaries.in.panchayats.state=in_s13.district=480,panchayat,S13,480,,boundaries/in/panchayats/state=in_s13/district=480/all.geojson,geojson,EPSG:4326,coord-precision-round,0.0001,1115,1115,0,,7083998,src-a1dd899f902d,,
boundaries.in.panchayats.state=in_s13.district=481,panchayat,S13,481,,boundaries/in/panchayats/state=in_s13/district=481/all.geojson,geojson,EPSG:4326,coord-precision-round,0.0001,871,871,0,,4619568,src-a1dd899f902d,,
boundaries.in.panchayats.state=in_s13.district=482,panchayat,S13,482,,boundaries/in/panchayats/state=in_s13/district=482/all.geojson,geojson,EPSG:4326,coord-precision-round,0.0001,1,1,0,,10772,src-a1dd899f902d,,
boundaries.in.panchayats.state=in_s13.district=483,panchayat,S13,483,,boundaries/in/panchayats/state=in_s13/district=483/all.geojson,geojson,EPSG:4326,coord-precision-round,0.0001,1,1,0,,21840,src-a1dd899f902d,,
boundaries.in.panchayats.state=in_s13.district=484,panchayat,S13,484,,boundaries/in/panchayats/state=in_s13/district=484/all.geojson,geojson,EPSG:4326,coord-precision-round,0.0001,997,997,0,,7703327,src-a1dd899f902d,,
boundaries.in.panchayats.state=in_s13.district=485,panchayat,S13,485,,boundaries/in/panchayats/state=in_s13/district=485/all.geojson,geojson,EPSG:4326,coord-precision-round,0.0001,1446,1446,0,,6916947,src-a1dd899f902d,,
boundaries.in.panchayats.state=in_s13.district=486,panchayat,S13,486,,boundaries/in/panchayats/state=in_s13/district=486/all.geojson,geojson,EPSG:4326,coord-precision-round,0.0001,766,766,0,,3506465,src-a1dd899f902d,,
boundaries.in.panchayats.state=in_s13.district=487,panchayat,S13,487,,boundaries/in/panchayats/state=in_s13/district=487/all.geojson,geojson,EPSG:4326,coord-precision-round,0.0001,1517,1517,0,,10502167,src-a1dd899f902d,,
boundaries.in.panchayats.state=in_s13.district=488,panchayat,S13,488,,boundaries/in/panchayats/state=in_s13/district=488/all.geojson,geojson,EPSG:4326,coord-precision-round,0.0001,674,674,0,,4004879,src-a1dd899f902d,,
boundaries.in.panchayats.state=in_s13.district=489,panchayat,S13,489,,boundaries/in/panchayats/state=in_s13/district=489/all.geojson,geojson,EPSG:4326,coord-precision-round,0.0001,753,753,0,,4290276,src-a1dd899f902d,,
boundaries.in.panchayats.state=in_s13.district=490,panchayat,S13,490,,boundaries/in/panchayats/state=in_s13/district=490/all.geojson,geojson,EPSG:4326,coord-precision-round,0.0001,1545,1545,0,,11187099,src-a1dd899f902d,,
boundaries.in.panchayats.state=in_s13.district=491,panchayat,S13,491,,boundaries/in/panchayats/state=in_s13/district=491/all.geojson,geojson,EPSG:4326,coord-precision-round,0.0001,1069,1069,0,,6196909,src-a1dd899f902d,,
boundaries.in.panchayats.state=in_s13.district=492,panchayat,S13,492,,boundaries/in/panchayats/state=in_s13/district=492/all.geojson,geojson,EPSG:4326,coord-precision-round,0.0001,1048,1048,0,,5881111,src-a1dd899f902d,,
boundaries.in.panchayats.state=in_s13.district=493,panchayat,S13,493,,boundaries/in/panchayats/state=in_s13/district=493/all.geojson,geojson,EPSG:4326,coord-precision-round,0.0001,741,741,0,,5468480,src-a1dd899f902d,,
boundaries.in.panchayats.state=in_s13.district=494,panchayat,S13,494,,boundaries/in/panchayats/state=in_s13/district=494/all.geojson,geojson,EPSG:4326,coord-precision-round,0.0001,1575,1575,0,,9896699,src-a1dd899f902d,,
boundaries.in.panchayats.state=in_s13.district=495,panchayat,S13,495,,boundaries/in/panchayats/state=in_s13/district=495/all.geojson,geojson,EPSG:4326,coord-precision-round,0.0001,448,448,0,,3621168,src-a1dd899f902d,,
boundaries.in.panchayats.state=in_s13.district=496,panchayat,S13,496,,boundaries/in/panchayats/state=in_s13/district=496/all.geojson,geojson,EPSG:4326,coord-precision-round,0.0001,1076,1076,0,,6537243,src-a1dd899f902d,,
boundaries.in.panchayats.state=in_s13.district=497,panchayat,S13,497,,boundaries/in/panchayats/state=in_s13/district=497/all.geojson,geojson,EPSG:4326,coord-precision-round,0.0001,616,616,0,,3159287,src-a1dd899f902d,,
boundaries.in.panchayats.state=in_s13.district=498,panchayat,S13,498,,boundaries/in/panchayats/state=in_s13/district=498/all.geojson,geojson,EPSG:4326,coord-precision-round,0.0001,717,717,0,,4991497,src-a1dd899f902d,,
boundaries.in.panchayats.state=in_s13.district=499,panchayat,S13,499,,boundaries/in/panchayats/state=in_s13/district=499/all.geojson,geojson,EPSG:4326,coord-precision-round,0.0001,569,569,0,,2564775,src-a1dd899f902d,,
boundaries.in.panchayats.state=in_s13.district=500,panchayat,S13,500,,boundaries/in/panchayats/state=in_s13/district=500/all.geojson,geojson,EPSG:4326,coord-precision-round,0.0001,1458,1458,0,,6123937,src-a1dd899f902d,,
boundaries.in.panchayats.state=in_s13.district=665,panchayat,S13,665,,boundaries/in/panchayats/state=in_s13/district=665/all.geojson,geojson,EPSG:4326,coord-precision-round,0.0001,685,685,0,,3223435,src-a1dd899f902d,,
boundaries.in.panchayats.state=in_s15.district=291,panchayat,S15,291,,boundaries/in/panchayats/state=in_s15/district=291/all.geojson,geojson,EPSG:4326,coord-precision-round,0.0001,1,1,0,,1725,src-a1dd899f902d,,
boundaries.in.panchayats.state=in_s18.district=344,panchayat,S18,344,,boundaries/in/panchayats/state=in_s18/district=344/all.geojson,geojson,EPSG:4326,coord-precision-round,0.0001,603,603,0,,1674561,src-a1dd899f902d,,
boundaries.in.panchayats.state=in_s18.district=345,panchayat,S18,345,,boundaries/in/panchayats/state=in_s18/district=345/all.geojson,geojson,EPSG:4326,coord-precision-round,0.0001,520,520,0,,2653103,src-a1dd899f902d,,
boundaries.in.panchayats.state=in_s18.district=346,panchayat,S18,346,,boundaries/in/panchayats/state=in_s18/district=346/all.geojson,geojson,EPSG:4326,coord-precision-round,0.0001,825,825,0,,3276951,src-a1dd899f902d,,
boundaries.in.panchayats.state=in_s18.district=347,panchayat,S18,347,,boundaries/in/panchayats/state=in_s18/district=347/all.geojson,geojson,EPSG:4326,coord-precision-round,0.0001,392,392,0,,1343062,src-a1dd899f902d,,
boundaries.in.panchayats.state=in_s18.district=348,panchayat,S18,348,,boundaries/in/panchayats/state=in_s18/district=348/all.geojson,geojson,EPSG:4326,coord-precision-round,0.0001,364,364,0,,1338800,src-a1dd899f902d,,
boundaries.in.panchayats.state=in_s18.district=349,panchayat,S18,349,,boundaries/in/panchayats/state=in_s18/district=349/all.geojson,geojson,EPSG:4326,coord-precision-round,0.0001,185,185,0,,808868,src-a1dd899f902d,,
boundaries.in.panchayats.state=in_s18.district=350,panchayat,S18,350,,boundaries/in/panchayats/state=in_s18/district=350/all.geojson,geojson,EPSG:4326,coord-precision-round,0.0001,590,590,0,,2091316,src-a1dd899f902d,,
boundaries.in.panchayats.state=in_s18.district=351,panchayat,S18,351,,boundaries/in/panchayats/state=in_s18/district=351/all.geojson,geojson,EPSG:4326,coord-precision-round,0.0001,184,184,0,,644992,src-a1dd899f902d,,
boundaries.in.panchayats.state=in_s18.district=352,panchayat,S18,352,,boundaries/in/panchayats/state=in_s18/district=352/all.geojson,geojson,EPSG:4326,coord-precision-round,0.0001,452,452,0,,1354597,src-a1dd899f902d,,
boundaries.in.panchayats.state=in_s18.district=353,panchayat,S18,353,,boundaries/in/panchayats/state=in_s18/district=353/all.geojson,geojson,EPSG:4326,coord-precision-round,0.0001,457,457,0,,1753652,src-a1dd899f902d,,
boundaries.in.panchayats.state=in_s18.district=354,panchayat,S18,354,,boundaries/in/panchayats/state=in_s18/district=354/all.geojson,geojson,EPSG:4326,coord-precision-round,0.0001,1172,1172,0,,4569645,src-a1dd899f902d,,
boundaries.in.panchayats.state=in_s18.district=355,panchayat,S18,355,,boundaries/in/panchayats/state=in_s18/district=355/all.geojson,geojson,EPSG:4326,coord-precision-round,0.0001,310,310,0,,1307892,src-a1dd899f902d,,
boundaries.in.panchayats.state=in_s18.district=356,panchayat,S18,356,,boundaries/in/panchayats/state=in_s18/district=356/all.geojson,geojson,EPSG:4326,coord-precision-round,0.0001,576,576,0,,2039939,src-a1dd899f902d,,
boundaries.in.panchayats.state=in_s18.district=357,panchayat,S18,357,,boundaries/in/panchayats/state=in_s18/district=357/all.geojson,geojson,EPSG:4326,coord-precision-round,0.0001,123,123,0,,497110,src-a1dd899f902d,,
boundaries.in.panchayats.state=in_s18.district=358,panchayat,S18,358,,boundaries/in/panchayats/state=in_s18/district=358/all.geojson,geojson,EPSG:4326,coord-precision-round,0.0001,978,978,0,,4624559,src-a1dd899f902d,,
boundaries.in.panchayats.state=in_s18.district=359,panchayat,S18,359,,boundaries/in/panchayats/state=in_s18/district=359/all.geojson,geojson,EPSG:4326,coord-precision-round,0.0001,881,881,0,,3596494,src-a1dd899f902d,,
boundaries.in.panchayats.state=in_s18.district=360,panchayat,S18,360,,boundaries/in/panchayats/state=in_s18/district=360/all.geojson,geojson,EPSG:4326,coord-precision-round,0.0001,437,437,0,,1511892,src-a1dd899f902d,,
boundaries.in.panchayats.state=in_s18.district=361,panchayat,S18,361,,boundaries/in/panchayats/state=in_s18/district=361/all.geojson,geojson,EPSG:4326,coord-precision-round,0.0001,701,701,0,,1993453,src-a1dd899f902d,,
boundaries.in.panchayats.state=in_s18.district=362,panchayat,S18,362,,boundaries/in/panchayats/state=in_s18/district=362/all.geojson,geojson,EPSG:4326,coord-precision-round,0.0001,397,397,0,,998212,src-a1dd899f902d,,
boundaries.in.panchayats.state=in_s18.district=363,panchayat,S18,363,,boundaries/in/panchayats/state=in_s18/district=363/all.geojson,geojson,EPSG:4326,coord-precision-round,0.0001,787,787,0,,3961121,src-a1dd899f902d,,
boundaries.in.panchayats.state=in_s18.district=364,panchayat,S18,364,,boundaries/in/panchayats/state=in_s18/district=364/all.geojson,geojson,EPSG:4326,coord-precision-round,0.0001,441,441,0,,1779825,src-a1dd899f902d,,
boundaries.in.panchayats.state=in_s18.district=365,panchayat,S18,365,,boundaries/in/panchayats/state=in_s18/district=365/all.geojson,geojson,EPSG:4326,coord-precision-round,0.0001,892,892,0,,1801857,src-a1dd899f902d,,
boundaries.in.panchayats.state=in_s18.district=366,panchayat,S18,366,,boundaries/in/panchayats/state=in_s18/district=366/all.geojson,geojson,EPSG:4326,coord-precision-round,0.0001,303,303,0,,1483439,src-a1dd899f902d,,
boundaries.in.panchayats.state=in_s18.district=367,panchayat,S18,367,,boundaries/in/panchayats/state=in_s18/district=367/all.geojson,geojson,EPSG:4326,coord-precision-round,0.0001,570,570,0,,1438720,src-a1dd899f902d,,
boundaries.in.panchayats.state=in_s18.district=368,panchayat,S18,368,,boundaries/in/panchayats/state=in_s18/district=368/all.geojson,geojson,EPSG:4326,coord-precision-round,0.0001,318,318,0,,794907,src-a1dd899f902d,,
boundaries.in.panchayats.state=in_s18.district=369,panchayat,S18,369,,boundaries/in/panchayats/state=in_s18/district=369/all.geojson,geojson,EPSG:4326,coord-precision-round,0.0001,452,452,0,,1932926,src-a1dd899f902d,,
boundaries.in.panchayats.state=in_s18.district=370,panchayat,S18,370,,boundaries/in/panchayats/state=in_s18/district=370/all.geojson,geojson,EPSG:4326,coord-precision-round,0.0001,731,731,0,,2935783,src-a1dd899f902d,,
boundaries.in.panchayats.state=in_s18.district=371,panchayat,S18,371,,boundaries/in/panchayats/state=in_s18/district=371/all.geojson,geojson,EPSG:4326,coord-precision-round,0.0001,466,466,0,,1441814,src-a1dd899f902d,,
boundaries.in.panchayats.state=in_s18.district=372,panchayat,S18,372,,boundaries/in/panchayats/state=in_s18/district=372/all.geojson,geojson,EPSG:4326,coord-precision-round,0.0001,340,340,0,,1040762,src-a1dd899f902d,,
boundaries.in.panchayats.state=in_s18.district=373,panchayat,S18,373,,boundaries/in/panchayats/state=in_s18/district=373/all.geojson,geojson,EPSG:4326,coord-precision-round,0.0001,645,645,0,,2117627,src-a1dd899f902d,,
boundaries.in.panchayats.state=in_s19.district=27,panchayat,S19,27,,boundaries/in/panchayats/state=in_s19/district=27/all.geojson,geojson,EPSG:4326,coord-precision-round,0.0001,718,718,0,,2537404,src-a1dd899f902d,,
boundaries.in.panchayats.state=in_s19.district=28,panchayat,S19,28,,boundaries/in/panchayats/state=in_s19/district=28/all.geojson,geojson,EPSG:4326,coord-precision-round,0.0001,286,286,0,,1073728,src-a1dd899f902d,,
boundaries.in.panchayats.state=in_s19.district=29,panchayat,S19,29,,boundaries/in/panchayats/state=in_s19/district=29/all.geojson,geojson,EPSG:4326,coord-precision-round,0.0001,159,159,0,,429222,src-a1dd899f902d,,
boundaries.in.panchayats.state=in_s19.district=30,panchayat,S19,30,,boundaries/in/panchayats/state=in_s19/district=30/all.geojson,geojson,EPSG:4326,coord-precision-round,0.0001,442,442,0,,1038910,src-a1dd899f902d,,
boundaries.in.panchayats.state=in_s19.district=31,panchayat,S19,31,,boundaries/in/panchayats/state=in_s19/district=31/all.geojson,geojson,EPSG:4326,coord-precision-round,0.0001,607,607,0,,1493983,src-a1dd899f902d,,
boundaries.in.panchayats.state=in_s19.district=32,panchayat,S19,32,,boundaries/in/panchayats/state=in_s19/district=32/all.geojson,geojson,EPSG:4326,coord-precision-round,0.0001,1133,1133,0,,2745253,src-a1dd899f902d,,
boundaries.in.panchayats.state=in_s19.district=33,panchayat,S19,33,,boundaries/in/panchayats/state=in_s19/district=33/all.geojson,geojson,EPSG:4326,coord-precision-round,0.0001,1311,1311,0,,3288007,src-a1dd899f902d,,
boundaries.in.panchayats.state=in_s19.district=34,panchayat,S19,34,,boundaries/in/panchayats/state=in_s19/district=34/all.geojson,geojson,EPSG:4326,coord-precision-round,0.0001,923,923,0,,2252078,src-a1dd899f902d,,
boundaries.in.panchayats.state=in_s19.district=35,panchayat,S19,35,,boundaries/in/panchayats/state=in_s19/district=35/all.geojson,geojson,EPSG:4326,coord-precision-round,0.0001,545,545,0,,1666245,src-a1dd899f902d,,
boundaries.in.panchayats.state=in_s19.district=36,panchayat,S19,36,,boundaries/in/panchayats/state=in_s19/district=36/all.geojson,geojson,EPSG:4326,coord-precision-round,0.0001,897,897,0,,2135604,src-a1dd899f902d,,
boundaries.in.panchayats.state=in_s19.district=37,panchayat,S19,37,,boundaries/in/panchayats/state=in_s19/district=37/all.geojson,geojson,EPSG:4326,coord-precision-round,0.0001,237,237,0,,807983,src-a1dd899f902d,,
boundaries.in.panchayats.state=in_s19.district=38,panchayat,S19,38,,boundaries/in/panchayats/state=in_s19/district=38/all.geojson,geojson,EPSG:4326,coord-precision-round,0.0001,308,308,0,,924093,src-a1dd899f902d,,
boundaries.in.panchayats.state=in_s19.district=39,panchayat,S19,39,,boundaries/in/panchayats/state=in_s19/district=39/all.geojson,geojson,EPSG:4326,coord-precision-round,0.0001,231,231,0,,599601,src-a1dd899f902d,,
boundaries.in.panchayats.state=in_s19.district=40,panchayat,S19,40,,boundaries/in/panchayats/state=in_s19/district=40/all.geojson,geojson,EPSG:4326,coord-precision-round,0.0001,416,416,0,,796521,src-a1dd899f902d,,
boundaries.in.panchayats.state=in_s19.district=41,panchayat,S19,41,,boundaries/in/panchayats/state=in_s19/district=41/all.geojson,geojson,EPSG:4326,coord-precision-round,0.0001,936,936,0,,3068357,src-a1dd899f902d,,
boundaries.in.panchayats.state=in_s19.district=42,panchayat,S19,42,,boundaries/in/panchayats/state=in_s19/district=42/all.geojson,geojson,EPSG:4326,coord-precision-round,0.0001,541,541,0,,1323221,src-a1dd899f902d,,
boundaries.in.panchayats.state=in_s19.district=43,panchayat,S19,43,,boundaries/in/panchayats/state=in_s19/district=43/all.geojson,geojson,EPSG:4326,coord-precision-round,0.0001,399,399,0,,1327571,src-a1dd899f902d,,
boundaries.in.panchayats.state=in_s19.district=605,panchayat,S19,605,,boundaries/in/panchayats/state=in_s19/district=605/all.geojson,geojson,EPSG:4326,coord-precision-round,0.0001,149,149,0,,635375,src-a1dd899f902d,,
boundaries.in.panchayats.state=in_s19.district=608,panchayat,S19,608,,boundaries/in/panchayats/state=in_s19/district=608/all.geojson,geojson,EPSG:4326,coord-precision-round,0.0001,399,399,0,,1187176,src-a1dd899f902d,,
boundaries.in.panchayats.state=in_s19.district=609,panchayat,S19,609,,boundaries/in/panchayats/state=in_s19/district=609/all.geojson,geojson,EPSG:4326,coord-precision-round,0.0001,479,479,0,,1716834,src-a1dd899f902d,,
boundaries.in.panchayats.state=in_s19.district=651,panchayat,S19,651,,boundaries/in/panchayats/state=in_s19/district=651/all.geojson,geojson,EPSG:4326,coord-precision-round,0.0001,334,334,0,,1048476,src-a1dd899f902d,,
boundaries.in.panchayats.state=in_s19.district=662,panchayat,S19,662,,boundaries/in/panchayats/state=in_s19/district=662/all.geojson,geojson,EPSG:4326,coord-precision-round,0.0001,485,485,0,,1133393,src-a1dd899f902d,,
boundaries.in.panchayats.state=in_s19.district=737,panchayat,S19,737,,boundaries/in/panchayats/state=in_s19/district=737/all.geojson,geojson,EPSG:4326,coord-precision-round,0.0001,182,182,0,,452318,src-a1dd899f902d,,
boundaries.in.panchayats.state=in_s20.district=100,panchayat,S20,100,,boundaries/in/panchayats/state=in_s20/district=100/all.geojson,geojson,EPSG:4326,coord-precision-round,0.0001,351,351,0,,754892,src-a1dd899f902d,,
boundaries.in.panchayats.state=in_s20.district=101,panchayat,S20,101,,boundaries/in/panchayats/state=in_s20/district=101/all.geojson,geojson,EPSG:4326,coord-precision-round,0.0001,430,430,0,,1169420,src-a1dd899f902d,,
boundaries.in.panchayats.state=in_s20.district=102,panchayat,S20,102,,boundaries/in/panchayats/state=in_s20/district=102/all.geojson,geojson,EPSG:4326,coord-precision-round,0.0001,187,187,0,,625535,src-a1dd899f902d,,
boundaries.in.panchayats.state=in_s20.district=103,panchayat,S20,103,,boundaries/in/panchayats/state=in_s20/district=103/all.geojson,geojson,EPSG:4326,coord-precision-round,0.0001,223,223,0,,991332,src-a1dd899f902d,,
boundaries.in.panchayats.state=in_s20.district=104,panchayat,S20,104,,boundaries/in/panchayats/state=in_s20/district=104/all.geojson,geojson,EPSG:4326,coord-precision-round,0.0001,328,328,0,,1416351,src-a1dd899f902d,,
boundaries.in.panchayats.state=in_s20.district=105,panchayat,S20,105,,boundaries/in/panchayats/state=in_s20/district=105/all.geojson,geojson,EPSG:4326,coord-precision-round,0.0001,462,462,0,,2294596,src-a1dd899f902d,,
boundaries.in.panchayats.state=in_s20.district=106,panchayat,S20,106,,boundaries/in/panchayats/state=in_s20/district=106/all.geojson,geojson,EPSG:4326,coord-precision-round,0.0001,304,304,0,,1498269,src-a1dd899f902d,,
boundaries.in.panchayats.state=in_s20.district=107,panchayat,S20,107,,boundaries/in/panchayats/state=in_s20/district=107/all.geojson,geojson,EPSG:4326,coord-precision-round,0.0001,71,71,0,,249367,src-a1dd899f902d,,
boundaries.in.panchayats.state=in_s20.district=108,panchayat,S20,108,,boundaries/in/panchayats/state=in_s20/district=108/all.geojson,geojson,EPSG:4326,coord-precision-round,0.0001,201,201,0,,1151920,src-a1dd899f902d,,
boundaries.in.panchayats.state=in_s20.district=109,panchayat,S20,109,,boundaries/in/panchayats/state=in_s20/district=109/all.geojson,geojson,EPSG:4326,coord-precision-round,0.0001,280,280,0,,1236592,src-a1dd899f902d,,
boundaries.in.panchayats.state=in_s20.district=110,panchayat,S20,110,,boundaries/in/panchayats/state=in_s20/district=110/all.geojson,geojson,EPSG:4326,coord-precision-round,0.0001,325,325,0,,1735852,src-a1dd899f902d,,
boundaries.in.panchayats.state=in_s20.district=111,panchayat,S20,111,,boundaries/in/panchayats/state=in_s20/district=111/all.geojson,geojson,EPSG:4326,coord-precision-round,0.0001,306,306,0,,1329501,src-a1dd899f902d,,
boundaries.in.panchayats.state=in_s20.district=112,panchayat,S20,112,,boundaries/in/panchayats/state=in_s20/district=112/all.geojson,geojson,EPSG:4326,coord-precision-round,0.0001,317,317,0,,1321631,src-a1dd899f902d,,
boundaries.in.panchayats.state=in_s20.district=113,panchayat,S20,113,,boundaries/in/panchayats/state=in_s20/district=113/all.geojson,geojson,EPSG:4326,coord-precision-round,0.0001,192,192,0,,1488609,src-a1dd899f902d,,
boundaries.in.panchayats.state=in_s20.district=114,panchayat,S20,114,,boundaries/in/panchayats/state=in_s20/district=114/all.geojson,geojson,EPSG:4326,coord-precision-round,0.0001,409,409,0,,1467221,src-a1dd899f902d,,
boundaries.in.panchayats.state=in_s20.district=115,panchayat,S20,115,,boundaries/in/panchayats/state=in_s20/district=115/all.geojson,geojson,EPSG:4326,coord-precision-round,0.0001,220,220,0,,955045,src-a1dd899f902d,,
boundaries.in.panchayats.state=in_s20.district=116,panchayat,S20,116,,boundaries/in/panchayats/state=in_s20/district=116/all.geojson,geojson,EPSG:4326,coord-precision-round,0.0001,338,338,0,,1718364,src-a1dd899f902d,,
boundaries.in.panchayats.state=in_s20.district=117,panchayat,S20,117,,boundaries/in/panchayats/state=in_s20/district=117/all.geojson,geojson,EPSG:4326,coord-precision-round,0.0001,706,706,0,,2998977,src-a1dd899f902d,,
boundaries.in.panchayats.state=in_s20.district=629,panchayat,S20,629,,boundaries/in/panchayats/state=in_s20/district=629/all.geojson,geojson,EPSG:4326,coord-precision-round,0.0001,351,351,0,,1568025,src-a1dd899f902d,,
boundaries.in.panchayats.state=in_s20.district=767,panchayat,S20,767,,boundaries/in/panchayats/state=in_s20/district=767/all.geojson,geojson,EPSG:4326,coord-precision-round,0.0001,255,255,0,,860595,src-a1dd899f902d,,
boundaries.in.panchayats.state=in_s20.district=768,panchayat,S20,768,,boundaries/in/panchayats/state=in_s20/district=768/all.geojson,geojson,EPSG:4326,coord-precision-round,0.0001,289,289,0,,1388966,src-a1dd899f902d,,
boundaries.in.panchayats.state=in_s20.district=769,panchayat,S20,769,,boundaries/in/panchayats/state=in_s20/district=769/all.geojson,geojson,EPSG:4326,coord-precision-round,0.0001,98,98,0,,482677,src-a1dd899f902d,,
boundaries.in.panchayats.state=in_s20.district=770,panchayat,S20,770,,boundaries/in/panchayats/state=in_s20/district=770/all.geojson,geojson,EPSG:4326,coord-precision-round,0.0001,212,212,0,,785151,src-a1dd899f902d,,
boundaries.in.panchayats.state=in_s20.district=771,panchayat,S20,771,,boundaries/in/panchayats/state=in_s20/district=771/all.geojson,geojson,EPSG:4326,coord-precision-round,0.0001,204,204,0,,1079283,src-a1dd899f902d,,
boundaries.in.panchayats.state=in_s20.district=772,panchayat,S20,772,,boundaries/in/panchayats/state=in_s20/district=772/all.geojson,geojson,EPSG:4326,coord-precision-round,0.0001,163,163,0,,686263,src-a1dd899f902d,,
boundaries.in.panchayats.state=in_s20.district=773,panchayat,S20,773,,boundaries/in/panchayats/state=in_s20/district=773/all.geojson,geojson,EPSG:4326,coord-precision-round,0.0001,214,214,0,,966847,src-a1dd899f902d,,
boundaries.in.panchayats.state=in_s20.district=774,panchayat,S20,774,,boundaries/in/panchayats/state=in_s20/district=774/all.geojson,geojson,EPSG:4326,coord-precision-round,0.0001,241,241,0,,989201,src-a1dd899f902d,,
boundaries.in.panchayats.state=in_s20.district=775,panchayat,S20,775,,boundaries/in/panchayats/state=in_s20/district=775/all.geojson,geojson,EPSG:4326,coord-precision-round,0.0001,322,322,0,,1054172,src-a1dd899f902d,,
boundaries.in.panchayats.state=in_s20.district=776,panchayat,S20,776,,boundaries/in/panchayats/state=in_s20/district=776/all.geojson,geojson,EPSG:4326,coord-precision-round,0.0001,902,902,0,,1478700,src-a1dd899f902d,,
boundaries.in.panchayats.state=in_s20.district=777,panchayat,S20,777,,boundaries/in/panchayats/state=in_s20/district=777/all.geojson,geojson,EPSG:4326,coord-precision-round,0.0001,190,190,0,,951085,src-a1dd899f902d,,
boundaries.in.panchayats.state=in_s20.district=778,panchayat,S20,778,,boundaries/in/panchayats/state=in_s20/district=778/all.geojson,geojson,EPSG:4326,coord-precision-round,0.0001,388,388,0,,1737613,src-a1dd899f902d,,
boundaries.in.panchayats.state=in_s20.district=780,panchayat,S20,780,,boundaries/in/panchayats/state=in_s20/district=780/all.geojson,geojson,EPSG:4326,coord-precision-round,0.0001,214,214,0,,941901,src-a1dd899f902d,,
boundaries.in.panchayats.state=in_s20.district=781,panchayat,S20,781,,boundaries/in/panchayats/state=in_s20/district=781/all.geojson,geojson,EPSG:4326,coord-precision-round,0.0001,163,163,0,,842748,src-a1dd899f902d,,
boundaries.in.panchayats.state=in_s20.district=782,panchayat,S20,782,,boundaries/in/panchayats/state=in_s20/district=782/all.geojson,geojson,EPSG:4326,coord-precision-round,0.0001,266,266,0,,1021268,src-a1dd899f902d,,
boundaries.in.panchayats.state=in_s20.district=783,panchayat,S20,783,,boundaries/in/panchayats/state=in_s20/district=783/all.geojson,geojson,EPSG:4326,coord-precision-round,0.0001,460,460,0,,1710764,src-a1dd899f902d,,
boundaries.in.panchayats.state=in_s20.district=86,panchayat,S20,86,,boundaries/in/panchayats/state=in_s20/district=86/all.geojson,geojson,EPSG:4326,coord-precision-round,0.0001,185,185,0,,939061,src-a1dd899f902d,,
boundaries.in.panchayats.state=in_s20.district=87,panchayat,S20,87,,boundaries/in/panchayats/state=in_s20/district=87/all.geojson,geojson,EPSG:4326,coord-precision-round,0.0001,434,434,0,,1791160,src-a1dd899f902d,,
boundaries.in.panchayats.state=in_s20.district=88,panchayat,S20,88,,boundaries/in/panchayats/state=in_s20/district=88/all.geojson,geojson,EPSG:4326,coord-precision-round,0.0001,603,603,0,,2502316,src-a1dd899f902d,,
boundaries.in.panchayats.state=in_s20.district=89,panchayat,S20,89,,boundaries/in/panchayats/state=in_s20/district=89/all.geojson,geojson,EPSG:4326,coord-precision-round,0.0001,450,450,0,,1495811,src-a1dd899f902d,,
boundaries.in.panchayats.state=in_s20.district=90,panchayat,S20,90,,boundaries/in/panchayats/state=in_s20/district=90/all.geojson,geojson,EPSG:4326,coord-precision-round,0.0001,463,463,0,,1962394,src-a1dd899f902d,,
boundaries.in.panchayats.state=in_s20.district=91,panchayat,S20,91,,boundaries/in/panchayats/state=in_s20/district=91/all.geojson,geojson,EPSG:4326,coord-precision-round,0.0001,286,286,0,,1046914,src-a1dd899f902d,,
boundaries.in.panchayats.state=in_s20.district=92,panchayat,S20,92,,boundaries/in/panchayats/state=in_s20/district=92/all.geojson,geojson,EPSG:4326,coord-precision-round,0.0001,384,384,0,,1529421,src-a1dd899f902d,,
boundaries.in.panchayats.state=in_s20.district=93,panchayat,S20,93,,boundaries/in/panchayats/state=in_s20/district=93/all.geojson,geojson,EPSG:4326,coord-precision-round,0.0001,1474,1474,0,,3109357,src-a1dd899f902d,,
boundaries.in.panchayats.state=in_s20.district=94,panchayat,S20,94,,boundaries/in/panchayats/state=in_s20/district=94/all.geojson,geojson,EPSG:4326,coord-precision-round,0.0001,288,288,0,,1505685,src-a1dd899f902d,,
boundaries.in.panchayats.state=in_s20.district=95,panchayat,S20,95,,boundaries/in/panchayats/state=in_s20/district=95/all.geojson,geojson,EPSG:4326,coord-precision-round,0.0001,599,599,0,,2396267,src-a1dd899f902d,,
boundaries.in.panchayats.state=in_s20.district=96,panchayat,S20,96,,boundaries/in/panchayats/state=in_s20/district=96/all.geojson,geojson,EPSG:4326,coord-precision-round,0.0001,350,350,0,,2008908,src-a1dd899f902d,,
boundaries.in.panchayats.state=in_s20.district=97,panchayat,S20,97,,boundaries/in/panchayats/state=in_s20/district=97/all.geojson,geojson,EPSG:4326,coord-precision-round,0.0001,429,429,0,,2142624,src-a1dd899f902d,,
boundaries.in.panchayats.state=in_s20.district=98,panchayat,S20,98,,boundaries/in/panchayats/state=in_s20/district=98/all.geojson,geojson,EPSG:4326,coord-precision-round,0.0001,256,256,0,,1286921,src-a1dd899f902d,,
boundaries.in.panchayats.state=in_s20.district=99,panchayat,S20,99,,boundaries/in/panchayats/state=in_s20/district=99/all.geojson,geojson,EPSG:4326,coord-precision-round,0.0001,461,461,0,,1852443,src-a1dd899f902d,,
boundaries.in.panchayats.state=in_s22.district=568,panchayat,S22,568,,boundaries/in/panchayats/state=in_s22/district=568/all.geojson,geojson,EPSG:4326,coord-precision-round,0.0001,46,46,0,,131034,src-a1dd899f902d,,
boundaries.in.panchayats.state=in_s22.district=569,panchayat,S22,569,,boundaries/in/panchayats/state=in_s22/district=569/all.geojson,geojson,EPSG:4326,coord-precision-round,0.0001,306,306,0,,1350077,src-a1dd899f902d,,
boundaries.in.panchayats.state=in_s22.district=570,panchayat,S22,570,,boundaries/in/panchayats/state=in_s22/district=570/all.geojson,geojson,EPSG:4326,coord-precision-round,0.0001,718,718,0,,1814788,src-a1dd899f902d,,
boundaries.in.panchayats.state=in_s22.district=571,panchayat,S22,571,,boundaries/in/panchayats/state=in_s22/district=571/all.geojson,geojson,EPSG:4326,coord-precision-round,0.0001,386,386,0,,1609632,src-a1dd899f902d,,
boundaries.in.panchayats.state=in_s22.district=572,panchayat,S22,572,,boundaries/in/panchayats/state=in_s22/district=572/all.geojson,geojson,EPSG:4326,coord-precision-round,0.0001,366,366,0,,1828056,src-a1dd899f902d,,
boundaries.in.panchayats.state=in_s22.district=573,panchayat,S22,573,,boundaries/in/panchayats/state=in_s22/district=573/all.geojson,geojson,EPSG:4326,coord-precision-round,0.0001,356,356,0,,1122554,src-a1dd899f902d,,
boundaries.in.panchayats.state=in_s22.district=574,panchayat,S22,574,,boundaries/in/panchayats/state=in_s22/district=574/all.geojson,geojson,EPSG:4326,coord-precision-round,0.0001,317,317,0,,974512,src-a1dd899f902d,,
boundaries.in.panchayats.state=in_s22.district=575,panchayat,S22,575,,boundaries/in/panchayats/state=in_s22/district=575/all.geojson,geojson,EPSG:4326,coord-precision-round,0.0001,137,137,0,,504627,src-a1dd899f902d,,
boundaries.in.panchayats.state=in_s22.district=576,panchayat,S22,576,,boundaries/in/panchayats/state=in_s22/district=576/all.geojson,geojson,EPSG:4326,coord-precision-round,0.0001,180,180,0,,843910,src-a1dd899f902d,,
boundaries.in.panchayats.state=in_s22.district=577,panchayat,S22,577,,boundaries/in/panchayats/state=in_s22/district=577/all.geojson,geojson,EPSG:4326,coord-precision-round,0.0001,423,423,0,,1783450,src-a1dd899f902d,,
boundaries.in.panchayats.state=in_s22.district=578,panchayat,S22,578,,boundaries/in/panchayats/state=in_s22/district=578/all.geojson,geojson,EPSG:4326,coord-precision-round,0.0001,470,470,0,,1613789,src-a1dd899f902d,,
boundaries.in.panchayats.state=in_s22.district=579,panchayat,S22,579,,boundaries/in/panchayats/state=in_s22/district=579/all.geojson,geojson,EPSG:4326,coord-precision-round,0.0001,204,204,0,,664835,src-a1dd899f902d,,
boundaries.in.panchayats.state=in_s22.district=580,panchayat,S22,580,,boundaries/in/panchayats/state=in_s22/district=580/all.geojson,geojson,EPSG:4326,coord-precision-round,0.0001,379,379,0,,1562382,src-a1dd899f902d,,
boundaries.in.panchayats.state=in_s22.district=581,panchayat,S22,581,,boundaries/in/panchayats/state=in_s22/district=581/all.geojson,geojson,EPSG:4326,coord-precision-round,0.0001,133,133,0,,384100,src-a1dd899f902d,,
boundaries.in.panchayats.state=in_s22.district=582,panchayat,S22,582,,boundaries/in/panchayats/state=in_s22/district=582/all.geojson,geojson,EPSG:4326,coord-precision-round,0.0001,633,633,0,,2306781,src-a1dd899f902d,,
boundaries.in.panchayats.state=in_s22.district=583,panchayat,S22,583,,boundaries/in/panchayats/state=in_s22/district=583/all.geojson,geojson,EPSG:4326,coord-precision-round,0.0001,391,391,0,,1500684,src-a1dd899f902d,,
boundaries.in.panchayats.state=in_s22.district=584,panchayat,S22,584,,boundaries/in/panchayats/state=in_s22/district=584/all.geojson,geojson,EPSG:4326,coord-precision-round,0.0001,519,519,0,,1956169,src-a1dd899f902d,,
boundaries.in.panchayats.state=in_s22.district=585,panchayat,S22,585,,boundaries/in/panchayats/state=in_s22/district=585/all.geojson,geojson,EPSG:4326,coord-precision-round,0.0001,404,404,0,,1588523,src-a1dd899f902d,,
boundaries.in.panchayats.state=in_s22.district=586,panchayat,S22,586,,boundaries/in/panchayats/state=in_s22/district=586/all.geojson,geojson,EPSG:4326,coord-precision-round,0.0001,771,771,0,,2268189,src-a1dd899f902d,,
boundaries.in.panchayats.state=in_s22.district=587,panchayat,S22,587,,boundaries/in/panchayats/state=in_s22/district=587/all.geojson,geojson,EPSG:4326,coord-precision-round,0.0001,74,74,0,,417227,src-a1dd899f902d,,
boundaries.in.panchayats.state=in_s22.district=588,panchayat,S22,588,,boundaries/in/panchayats/state=in_s22/district=588/all.geojson,geojson,EPSG:4326,coord-precision-round,0.0001,117,117,0,,799976,src-a1dd899f902d,,
boundaries.in.panchayats.state=in_s22.district=589,panchayat,S22,589,,boundaries/in/panchayats/state=in_s22/district=589/all.geojson,geojson,EPSG:4326,coord-precision-round,0.0001,538,538,0,,1573333,src-a1dd899f902d,,
boundaries.in.panchayats.state=in_s22.district=590,panchayat,S22,590,,boundaries/in/panchayats/state=in_s22/district=590/all.geojson,geojson,EPSG:4326,coord-precision-round,0.0001,470,470,0,,1452975,src-a1dd899f902d,,
boundaries.in.panchayats.state=in_s22.district=591,panchayat,S22,591,,boundaries/in/panchayats/state=in_s22/district=591/all.geojson,geojson,EPSG:4326,coord-precision-round,0.0001,474,474,0,,1615596,src-a1dd899f902d,,
boundaries.in.panchayats.state=in_s22.district=592,panchayat,S22,592,,boundaries/in/panchayats/state=in_s22/district=592/all.geojson,geojson,EPSG:4326,coord-precision-round,0.0001,282,282,0,,1182541,src-a1dd899f902d,,
boundaries.in.panchayats.state=in_s22.district=593,panchayat,S22,593,,boundaries/in/panchayats/state=in_s22/district=593/all.geojson,geojson,EPSG:4326,coord-precision-round,0.0001,951,951,0,,2659743,src-a1dd899f902d,,
boundaries.in.panchayats.state=in_s22.district=594,panchayat,S22,594,,boundaries/in/panchayats/state=in_s22/district=594/all.geojson,geojson,EPSG:4326,coord-precision-round,0.0001,442,442,0,,1559929,src-a1dd899f902d,,
boundaries.in.panchayats.state=in_s22.district=595,panchayat,S22,595,,boundaries/in/panchayats/state=in_s22/district=595/all.geojson,geojson,EPSG:4326,coord-precision-round,0.0001,317,317,0,,983997,src-a1dd899f902d,,
boundaries.in.panchayats.state=in_s22.district=596,panchayat,S22,596,,boundaries/in/panchayats/state=in_s22/district=596/all.geojson,geojson,EPSG:4326,coord-precision-round,0.0001,672,672,0,,2037315,src-a1dd899f902d,,
boundaries.in.panchayats.state=in_s22.district=597,panchayat,S22,597,,boundaries/in/panchayats/state=in_s22/district=597/all.geojson,geojson,EPSG:4326,coord-precision-round,0.0001,459,459,0,,2075565,src-a1dd899f902d,,
boundaries.in.panchayats.state=in_s22.district=610,panchayat,S22,610,,boundaries/in/panchayats/state=in_s22/district=610/all.geojson,geojson,EPSG:4326,coord-precision-round,0.0001,183,183,0,,598580,src-a1dd899f902d,,
boundaries.in.panchayats.state=in_s22.district=634,panchayat,S22,634,,boundaries/in/panchayats/state=in_s22/district=634/all.geojson,geojson,EPSG:4326,coord-precision-round,0.0001,323,323,0,,1418267,src-a1dd899f902d,,
boundaries.in.panchayats.state=in_s22.district=729,panchayat,S22,729,,boundaries/in/panchayats/state=in_s22/district=729/all.geojson,geojson,EPSG:4326,coord-precision-round,0.0001,521,521,0,,1235089,src-a1dd899f902d,,
boundaries.in.panchayats.state=in_s22.district=730,panchayat,S22,730,,boundaries/in/panchayats/state=in_s22/district=730/all.geojson,geojson,EPSG:4326,coord-precision-round,0.0001,466,466,0,,1260133,src-a1dd899f902d,,
boundaries.in.panchayats.state=in_s22.district=731,panchayat,S22,731,,boundaries/in/panchayats/state=in_s22/district=731/all.geojson,geojson,EPSG:4326,coord-precision-round,0.0001,312,312,0,,1027300,src-a1dd899f902d,,
boundaries.in.panchayats.state=in_s22.district=732,panchayat,S22,732,,boundaries/in/panchayats/state=in_s22/district=732/all.geojson,geojson,EPSG:4326,coord-precision-round,0.0001,228,228,0,,783277,src-a1dd899f902d,,
boundaries.in.panchayats.state=in_s22.district=733,panchayat,S22,733,,boundaries/in/panchayats/state=in_s22/district=733/all.geojson,geojson,EPSG:4326,coord-precision-round,0.0001,234,234,0,,1050109,src-a1dd899f902d,,
boundaries.in.panchayats.state=in_s22.district=735,panchayat,S22,735,,boundaries/in/panchayats/state=in_s22/district=735/all.geojson,geojson,EPSG:4326,coord-precision-round,0.0001,254,254,0,,1001461,src-a1dd899f902d,,
boundaries.in.panchayats.state=in_s23.district=269,panchayat,S23,269,,boundaries/in/panchayats/state=in_s23/district=269/all.geojson,geojson,EPSG:4326,coord-precision-round,0.0001,115,115,0,,1231953,src-a1dd899f902d,,
boundaries.in.panchayats.state=in_s23.district=270,panchayat,S23,270,,boundaries/in/panchayats/state=in_s23/district=270/all.geojson,geojson,EPSG:4326,coord-precision-round,0.0001,68,68,0,,543152,src-a1dd899f902d,,
boundaries.in.panchayats.state=in_s23.district=271,panchayat,S23,271,,boundaries/in/panchayats/state=in_s23/district=271/all.geojson,geojson,EPSG:4326,coord-precision-round,0.0001,106,106,0,,394712,src-a1dd899f902d,,
boundaries.in.panchayats.state=in_s23.district=272,panchayat,S23,272,,boundaries/in/panchayats/state=in_s23/district=272/all.geojson,geojson,EPSG:4326,coord-precision-round,0.0001,81,81,0,,638487,src-a1dd899f902d,,
boundaries.in.panchayats.state=in_s23.district=652,panchayat,S23,652,,boundaries/in/panchayats/state=in_s23/district=652/all.geojson,geojson,EPSG:4326,coord-precision-round,0.0001,68,68,0,,514708,src-a1dd899f902d,,
boundaries.in.panchayats.state=in_s23.district=653,panchayat,S23,653,,boundaries/in/panchayats/state=in_s23/district=653/all.geojson,geojson,EPSG:4326,coord-precision-round,0.0001,98,98,0,,687718,src-a1dd899f902d,,
boundaries.in.panchayats.state=in_s23.district=654,panchayat,S23,654,,boundaries/in/panchayats/state=in_s23/district=654/all.geojson,geojson,EPSG:4326,coord-precision-round,0.0001,104,104,0,,397948,src-a1dd899f902d,,
boundaries.in.panchayats.state=in_s23.district=655,panchayat,S23,655,,boundaries/in/panchayats/state=in_s23/district=655/all.geojson,geojson,EPSG:4326,coord-precision-round,0.0001,63,63,0,,390479,src-a1dd899f902d,,
boundaries.in.panchayats.state=in_s24.district=118,panchayat,S24,118,,boundaries/in/panchayats/state=in_s24/district=118/all.geojson,geojson,EPSG:4326,coord-precision-round,0.0001,994,994,0,,2863376,src-a1dd899f902d,,
boundaries.in.panchayats.state=in_s24.district=119,panchayat,S24,119,,boundaries/in/panchayats/state=in_s24/district=119/all.geojson,geojson,EPSG:4326,coord-precision-round,0.0001,979,979,0,,2534357,src-a1dd899f902d,,
boundaries.in.panchayats.state=in_s24.district=120,panchayat,S24,120,,boundaries/in/panchayats/state=in_s24/district=120/all.geojson,geojson,EPSG:4326,coord-precision-round,0.0001,2059,2059,0,,4732890,src-a1dd899f902d,,
boundaries.in.panchayats.state=in_s24.district=121,panchayat,S24,121,,boundaries/in/panchayats/state=in_s24/district=121/all.geojson,geojson,EPSG:4326,coord-precision-round,0.0001,1262,1262,0,,2786972,src-a1dd899f902d,,
boundaries.in.panchayats.state=in_s24.district=122,panchayat,S24,122,,boundaries/in/panchayats/state=in_s24/district=122/all.geojson,geojson,EPSG:4326,coord-precision-round,0.0001,589,589,0,,1687890,src-a1dd899f902d,,
boundaries.in.panchayats.state=in_s24.district=123,panchayat,S24,123,,boundaries/in/panchayats/state=in_s24/district=123/all.geojson,geojson,EPSG:4326,coord-precision-round,0.0001,2446,2446,0,,4539052,src-a1dd899f902d,,
boundaries.in.panchayats.state=in_s24.district=124,panchayat,S24,124,,boundaries/in/panchayats/state=in_s24/district=124/all.geojson,geojson,EPSG:4326,coord-precision-round,0.0001,272,272,0,,901512,src-a1dd899f902d,,
boundaries.in.panchayats.state=in_s24.district=125,panchayat,S24,125,,boundaries/in/panchayats/state=in_s24/district=125/all.geojson,geojson,EPSG:4326,coord-precision-round,0.0001,1119,1119,0,,2625775,src-a1dd899f902d,,
boundaries.in.panchayats.state=in_s24.district=126,panchayat,S24,126,,boundaries/in/panchayats/state=in_s24/district=126/all.geojson,geojson,EPSG:4326,coord-precision-round,0.0001,1192,1192,0,,2333090,src-a1dd899f902d,,
boundaries.in.panchayats.state=in_s24.district=127,panchayat,S24,127,,boundaries/in/panchayats/state=in_s24/district=127/all.geojson,geojson,EPSG:4326,coord-precision-round,0.0001,857,857,0,,2250953,src-a1dd899f902d,,
boundaries.in.panchayats.state=in_s24.district=128,panchayat,S24,128,,boundaries/in/panchayats/state=in_s24/district=128/all.geojson,geojson,EPSG:4326,coord-precision-round,0.0001,532,532,0,,1984889,src-a1dd899f902d,,
boundaries.in.panchayats.state=in_s24.district=129,panchayat,S24,129,,boundaries/in/panchayats/state=in_s24/district=129/all.geojson,geojson,EPSG:4326,coord-precision-round,0.0001,1259,1259,0,,3048070,src-a1dd899f902d,,
boundaries.in.panchayats.state=in_s24.district=130,panchayat,S24,130,,boundaries/in/panchayats/state=in_s24/district=130/all.geojson,geojson,EPSG:4326,coord-precision-round,0.0001,1402,1402,0,,3966761,src-a1dd899f902d,,
boundaries.in.panchayats.state=in_s24.district=131,panchayat,S24,131,,boundaries/in/panchayats/state=in_s24/district=131/all.geojson,geojson,EPSG:4326,coord-precision-round,0.0001,2179,2179,0,,3556023,src-a1dd899f902d,,
boundaries.in.panchayats.state=in_s24.district=132,panchayat,S24,132,,boundaries/in/panchayats/state=in_s24/district=132/all.geojson,geojson,EPSG:4326,coord-precision-round,0.0001,1644,1644,0,,4823260,src-a1dd899f902d,,
boundaries.in.panchayats.state=in_s24.district=133,panchayat,S24,133,,boundaries/in/panchayats/state=in_s24/district=133/all.geojson,geojson,EPSG:4326,coord-precision-round,0.0001,1201,1201,0,,3188022,src-a1dd899f902d,,
boundaries.in.panchayats.state=in_s24.district=134,panchayat,S24,134,,boundaries/in/panchayats/state=in_s24/district=134/all.geojson,geojson,EPSG:4326,coord-precision-round,0.0001,1012,1012,0,,2423431,src-a1dd899f902d,,
boundaries.in.panchayats.state=in_s24.district=135,panchayat,S24,135,,boundaries/in/panchayats/state=in_s24/district=135/all.geojson,geojson,EPSG:4326,coord-precision-round,0.0001,966,966,0,,1667271,src-a1dd899f902d,,
boundaries.in.panchayats.state=in_s24.district=136,panchayat,S24,136,,boundaries/in/panchayats/state=in_s24/district=136/all.geojson,geojson,EPSG:4326,coord-precision-round,0.0001,426,426,0,,1234410,src-a1dd899f902d,,
boundaries.in.panchayats.state=in_s24.district=137,panchayat,S24,137,,boundaries/in/panchayats/state=in_s24/district=137/all.geojson,geojson,EPSG:4326,coord-precision-round,0.0001,1399,1399,0,,2334148,src-a1dd899f902d,,
boundaries.in.panchayats.state=in_s24.district=138,panchayat,S24,138,,boundaries/in/panchayats/state=in_s24/district=138/all.geojson,geojson,EPSG:4326,coord-precision-round,0.0001,618,618,0,,2057844,src-a1dd899f902d,,
boundaries.in.panchayats.state=in_s24.district=139,panchayat,S24,139,,boundaries/in/panchayats/state=in_s24/district=139/all.geojson,geojson,EPSG:4326,coord-precision-round,0.0001,647,647,0,,1642194,src-a1dd899f902d,,
boundaries.in.panchayats.state=in_s24.district=140,panchayat,S24,140,,boundaries/in/panchayats/state=in_s24/district=140/all.geojson,geojson,EPSG:4326,coord-precision-round,0.0001,911,911,0,,2078931,src-a1dd899f902d,,
boundaries.in.panchayats.state=in_s24.district=141,panchayat,S24,141,,boundaries/in/panchayats/state=in_s24/district=141/all.geojson,geojson,EPSG:4326,coord-precision-round,0.0001,662,662,0,,1141034,src-a1dd899f902d,,
boundaries.in.panchayats.state=in_s24.district=142,panchayat,S24,142,,boundaries/in/panchayats/state=in_s24/district=142/all.geojson,geojson,EPSG:4326,coord-precision-round,0.0001,1022,1022,0,,2640593,src-a1dd899f902d,,
boundaries.in.panchayats.state=in_s24.district=143,panchayat,S24,143,,boundaries/in/panchayats/state=in_s24/district=143/all.geojson,geojson,EPSG:4326,coord-precision-round,0.0001,650,650,0,,2112199,src-a1dd899f902d,,
boundaries.in.panchayats.state=in_s24.district=144,panchayat,S24,144,,boundaries/in/panchayats/state=in_s24/district=144/all.geojson,geojson,EPSG:4326,coord-precision-round,0.0001,419,419,0,,1216265,src-a1dd899f902d,,
boundaries.in.panchayats.state=in_s24.district=145,panchayat,S24,145,,boundaries/in/panchayats/state=in_s24/district=145/all.geojson,geojson,EPSG:4326,coord-precision-round,0.0001,216,216,0,,585423,src-a1dd899f902d,,
boundaries.in.panchayats.state=in_s24.district=146,panchayat,S24,146,,boundaries/in/panchayats/state=in_s24/district=146/all.geojson,geojson,EPSG:4326,coord-precision-round,0.0001,1794,1794,0,,3782751,src-a1dd899f902d,,
boundaries.in.panchayats.state=in_s24.district=147,panchayat,S24,147,,boundaries/in/panchayats/state=in_s24/district=147/all.geojson,geojson,EPSG:4326,coord-precision-round,0.0001,1336,1336,0,,3152610,src-a1dd899f902d,,
boundaries.in.panchayats.state=in_s24.district=148,panchayat,S24,148,,boundaries/in/panchayats/state=in_s24/district=148/all.geojson,geojson,EPSG:4326,coord-precision-round,0.0001,1808,1808,0,,3515722,src-a1dd899f902d,,
boundaries.in.panchayats.state=in_s24.district=149,panchayat,S24,149,,boundaries/in/panchayats/state=in_s24/district=149/all.geojson,geojson,EPSG:4326,coord-precision-round,0.0001,389,389,0,,1200322,src-a1dd899f902d,,
boundaries.in.panchayats.state=in_s24.district=150,panchayat,S24,150,,boundaries/in/panchayats/state=in_s24/district=150/all.geojson,geojson,EPSG:4326,coord-precision-round,0.0001,1500,1500,0,,3350281,src-a1dd899f902d,,
boundaries.in.panchayats.state=in_s24.district=151,panchayat,S24,151,,boundaries/in/panchayats/state=in_s24/district=151/all.geojson,geojson,EPSG:4326,coord-precision-round,0.0001,694,694,0,,2067165,src-a1dd899f902d,,
boundaries.in.panchayats.state=in_s24.district=152,panchayat,S24,152,,boundaries/in/panchayats/state=in_s24/district=152/all.geojson,geojson,EPSG:4326,coord-precision-round,0.0001,2089,2089,0,,4465139,src-a1dd899f902d,,
boundaries.in.panchayats.state=in_s24.district=153,panchayat,S24,153,,boundaries/in/panchayats/state=in_s24/district=153/all.geojson,geojson,EPSG:4326,coord-precision-round,0.0001,620,620,0,,2170657,src-a1dd899f902d,,
boundaries.in.panchayats.state=in_s24.district=154,panchayat,S24,154,,boundaries/in/panchayats/state=in_s24/district=154/all.geojson,geojson,EPSG:4326,coord-precision-round,0.0001,863,863,0,,2510539,src-a1dd899f902d,,
boundaries.in.panchayats.state=in_s24.district=155,panchayat,S24,155,,boundaries/in/panchayats/state=in_s24/district=155/all.geojson,geojson,EPSG:4326,coord-precision-round,0.0001,544,544,0,,945474,src-a1dd899f902d,,
boundaries.in.panchayats.state=in_s24.district=156,panchayat,S24,156,,boundaries/in/panchayats/state=in_s24/district=156/all.geojson,geojson,EPSG:4326,coord-precision-round,0.0001,711,711,0,,1862833,src-a1dd899f902d,,
boundaries.in.panchayats.state=in_s24.district=157,panchayat,S24,157,,boundaries/in/panchayats/state=in_s24/district=157/all.geojson,geojson,EPSG:4326,coord-precision-round,0.0001,735,735,0,,1576452,src-a1dd899f902d,,
boundaries.in.panchayats.state=in_s24.district=158,panchayat,S24,158,,boundaries/in/panchayats/state=in_s24/district=158/all.geojson,geojson,EPSG:4326,coord-precision-round,0.0001,593,593,0,,1136905,src-a1dd899f902d,,
boundaries.in.panchayats.state=in_s24.district=159,panchayat,S24,159,,boundaries/in/panchayats/state=in_s24/district=159/all.geojson,geojson,EPSG:4326,coord-precision-round,0.0001,1454,1454,0,,4250742,src-a1dd899f902d,,
boundaries.in.panchayats.state=in_s24.district=160,panchayat,S24,160,,boundaries/in/panchayats/state=in_s24/district=160/all.geojson,geojson,EPSG:4326,coord-precision-round,0.0001,1267,1267,0,,2028876,src-a1dd899f902d,,
boundaries.in.panchayats.state=in_s24.district=161,panchayat,S24,161,,boundaries/in/panchayats/state=in_s24/district=161/all.geojson,geojson,EPSG:4326,coord-precision-round,0.0001,463,463,0,,2249860,src-a1dd899f902d,,
boundaries.in.panchayats.state=in_s24.district=162,panchayat,S24,162,,boundaries/in/panchayats/state=in_s24/district=162/all.geojson,geojson,EPSG:4326,coord-precision-round,0.0001,647,647,0,,1818350,src-a1dd899f902d,,
boundaries.in.panchayats.state=in_s24.district=163,panchayat,S24,163,,boundaries/in/panchayats/state=in_s24/district=163/all.geojson,geojson,EPSG:4326,coord-precision-round,0.0001,485,485,0,,1136702,src-a1dd899f902d,,
boundaries.in.panchayats.state=in_s24.district=164,panchayat,S24,164,,boundaries/in/panchayats/state=in_s24/district=164/all.geojson,geojson,EPSG:4326,coord-precision-round,0.0001,1038,1038,0,,2318544,src-a1dd899f902d,,
boundaries.in.panchayats.state=in_s24.district=165,panchayat,S24,165,,boundaries/in/panchayats/state=in_s24/district=165/all.geojson,geojson,EPSG:4326,coord-precision-round,0.0001,304,304,0,,923706,src-a1dd899f902d,,
boundaries.in.panchayats.state=in_s24.district=166,panchayat,S24,166,,boundaries/in/panchayats/state=in_s24/district=166/all.geojson,geojson,EPSG:4326,coord-precision-round,0.0001,639,639,0,,1839634,src-a1dd899f902d,,
boundaries.in.panchayats.state=in_s24.district=167,panchayat,S24,167,,boundaries/in/panchayats/state=in_s24/district=167/all.geojson,geojson,EPSG:4326,coord-precision-round,0.0001,628,628,0,,2110458,src-a1dd899f902d,,
boundaries.in.panchayats.state=in_s24.district=168,panchayat,S24,168,,boundaries/in/panchayats/state=in_s24/district=168/all.geojson,geojson,EPSG:4326,coord-precision-round,0.0001,968,968,0,,1733545,src-a1dd899f902d,,
boundaries.in.panchayats.state=in_s24.district=169,panchayat,S24,169,,boundaries/in/panchayats/state=in_s24/district=169/all.geojson,geojson,EPSG:4326,coord-precision-round,0.0001,577,577,0,,1640831,src-a1dd899f902d,,
boundaries.in.panchayats.state=in_s24.district=170,panchayat,S24,170,,boundaries/in/panchayats/state=in_s24/district=170/all.geojson,geojson,EPSG:4326,coord-precision-round,0.0001,1076,1076,0,,2932168,src-a1dd899f902d,,
boundaries.in.panchayats.state=in_s24.district=171,panchayat,S24,171,,boundaries/in/panchayats/state=in_s24/district=171/all.geojson,geojson,EPSG:4326,coord-precision-round,0.0001,675,675,0,,2277276,src-a1dd899f902d,,
boundaries.in.panchayats.state=in_s24.district=172,panchayat,S24,172,,boundaries/in/panchayats/state=in_s24/district=172/all.geojson,geojson,EPSG:4326,coord-precision-round,0.0001,542,542,0,,1701865,src-a1dd899f902d,,
boundaries.in.panchayats.state=in_s24.district=173,panchayat,S24,173,,boundaries/in/panchayats/state=in_s24/district=173/all.geojson,geojson,EPSG:4326,coord-precision-round,0.0001,874,874,0,,2346620,src-a1dd899f902d,,
boundaries.in.panchayats.state=in_s24.district=174,panchayat,S24,174,,boundaries/in/panchayats/state=in_s24/district=174/all.geojson,geojson,EPSG:4326,coord-precision-round,0.0001,1430,1430,0,,4093610,src-a1dd899f902d,,
boundaries.in.panchayats.state=in_s24.district=175,panchayat,S24,175,,boundaries/in/panchayats/state=in_s24/district=175/all.geojson,geojson,EPSG:4326,coord-precision-round,0.0001,1108,1108,0,,2768642,src-a1dd899f902d,,
boundaries.in.panchayats.state=in_s24.district=176,panchayat,S24,176,,boundaries/in/panchayats/state=in_s24/district=176/all.geojson,geojson,EPSG:4326,coord-precision-round,0.0001,791,791,0,,2161097,src-a1dd899f902d,,
boundaries.in.panchayats.state=in_s24.district=177,panchayat,S24,177,,boundaries/in/panchayats/state=in_s24/district=177/all.geojson,geojson,EPSG:4326,coord-precision-round,0.0001,1009,1009,0,,2771560,src-a1dd899f902d,,
boundaries.in.panchayats.state=in_s24.district=178,panchayat,S24,178,,boundaries/in/panchayats/state=in_s24/district=178/all.geojson,geojson,EPSG:4326,coord-precision-round,0.0001,1075,1075,0,,1703413,src-a1dd899f902d,,
boundaries.in.panchayats.state=in_s24.district=179,panchayat,S24,179,,boundaries/in/panchayats/state=in_s24/district=179/all.geojson,geojson,EPSG:4326,coord-precision-round,0.0001,662,662,0,,1394872,src-a1dd899f902d,,
boundaries.in.panchayats.state=in_s24.district=180,panchayat,S24,180,,boundaries/in/panchayats/state=in_s24/district=180/all.geojson,geojson,EPSG:4326,coord-precision-round,0.0001,1395,1395,0,,3542463,src-a1dd899f902d,,
boundaries.in.panchayats.state=in_s24.district=181,panchayat,S24,181,,boundaries/in/panchayats/state=in_s24/district=181/all.geojson,geojson,EPSG:4326,coord-precision-round,0.0001,439,439,0,,1025795,src-a1dd899f902d,,
boundaries.in.panchayats.state=in_s24.district=182,panchayat,S24,182,,boundaries/in/panchayats/state=in_s24/district=182/all.geojson,geojson,EPSG:4326,coord-precision-round,0.0001,1889,1889,0,,3267676,src-a1dd899f902d,,
boundaries.in.panchayats.state=in_s24.district=183,panchayat,S24,183,,boundaries/in/panchayats/state=in_s24/district=183/all.geojson,geojson,EPSG:4326,coord-precision-round,0.0001,1772,1772,0,,4266116,src-a1dd899f902d,,
boundaries.in.panchayats.state=in_s24.district=184,panchayat,S24,184,,boundaries/in/panchayats/state=in_s24/district=184/all.geojson,geojson,EPSG:4326,coord-precision-round,0.0001,861,861,0,,2161805,src-a1dd899f902d,,
boundaries.in.panchayats.state=in_s24.district=185,panchayat,S24,185,,boundaries/in/panchayats/state=in_s24/district=185/all.geojson,geojson,EPSG:4326,coord-precision-round,0.0001,1156,1156,0,,2865990,src-a1dd899f902d,,
boundaries.in.panchayats.state=in_s24.district=186,panchayat,S24,186,,boundaries/in/panchayats/state=in_s24/district=186/all.geojson,geojson,EPSG:4326,coord-precision-round,0.0001,1215,1215,0,,2707710,src-a1dd899f902d,,
boundaries.in.panchayats.state=in_s24.district=187,panchayat,S24,187,,boundaries/in/panchayats/state=in_s24/district=187/all.geojson,geojson,EPSG:4326,coord-precision-round,0.0001,469,469,0,,868626,src-a1dd899f902d,,
boundaries.in.panchayats.state=in_s24.district=633,panchayat,S24,633,,boundaries/in/panchayats/state=in_s24/district=633/all.geojson,geojson,EPSG:4326,coord-precision-round,0.0001,478,478,0,,1392999,src-a1dd899f902d,,
boundaries.in.panchayats.state=in_s24.district=640,panchayat,S24,640,,boundaries/in/panchayats/state=in_s24/district=640/all.geojson,geojson,EPSG:4326,coord-precision-round,0.0001,774,774,0,,2335207,src-a1dd899f902d,,
boundaries.in.panchayats.state=in_s24.district=659,panchayat,S24,659,,boundaries/in/panchayats/state=in_s24/district=659/all.geojson,geojson,EPSG:4326,coord-precision-round,0.0001,744,744,0,,2223311,src-a1dd899f902d,,
boundaries.in.panchayats.state=in_s24.district=660,panchayat,S24,660,,boundaries/in/panchayats/state=in_s24/district=660/all.geojson,geojson,EPSG:4326,coord-precision-round,0.0001,241,241,0,,782898,src-a1dd899f902d,,
boundaries.in.panchayats.state=in_s24.district=661,panchayat,S24,661,,boundaries/in/panchayats/state=in_s24/district=661/all.geojson,geojson,EPSG:4326,coord-precision-round,0.0001,290,290,0,,1000345,src-a1dd899f902d,,
boundaries.in.panchayats.state=in_s25.district=303,panchayat,S25,303,,boundaries/in/panchayats/state=in_s25/district=303/all.geojson,geojson,EPSG:4326,coord-precision-round,0.0001,442,442,0,,2070420,src-a1dd899f902d,,
boundaries.in.panchayats.state=in_s25.district=304,panchayat,S25,304,,boundaries/in/panchayats/state=in_s25/district=304/all.geojson,geojson,EPSG:4326,coord-precision-round,0.0001,543,543,0,,2502713,src-a1dd899f902d,,
boundaries.in.panchayats.state=in_s25.district=305,panchayat,S25,305,,boundaries/in/panchayats/state=in_s25/district=305/all.geojson,geojson,EPSG:4326,coord-precision-round,0.0001,320,320,0,,2105733,src-a1dd899f902d,,
boundaries.in.panchayats.state=in_s25.district=306,panchayat,S25,306,,boundaries/in/panchayats/state=in_s25/district=306/all.geojson,geojson,EPSG:4326,coord-precision-round,0.0001,270,270,0,,2100157,src-a1dd899f902d,,
boundaries.in.panchayats.state=in_s25.district=307,panchayat,S25,307,,boundaries/in/panchayats/state=in_s25/district=307/all.geojson,geojson,EPSG:4326,coord-precision-round,0.0001,257,257,0,,2010163,src-a1dd899f902d,,
boundaries.in.panchayats.state=in_s25.district=308,panchayat,S25,308,,boundaries/in/panchayats/state=in_s25/district=308/all.geojson,geojson,EPSG:4326,coord-precision-round,0.0001,236,236,0,,1663867,src-a1dd899f902d,,
boundaries.in.panchayats.state=in_s25.district=309,panchayat,S25,309,,boundaries/in/panchayats/state=in_s25/district=309/all.geojson,geojson,EPSG:4326,coord-precision-round,0.0001,165,165,0,,650902,src-a1dd899f902d,,
boundaries.in.panchayats.state=in_s25.district=310,panchayat,S25,310,,boundaries/in/panchayats/state=in_s25/district=310/all.geojson,geojson,EPSG:4326,coord-precision-round,0.0001,126,126,0,,955284,src-a1dd899f902d,,
boundaries.in.panchayats.state=in_s25.district=311,panchayat,S25,311,,boundaries/in/panchayats/state=in_s25/district=311/all.geojson,geojson,EPSG:4326,coord-precision-round,0.0001,366,366,0,,1771080,src-a1dd899f902d,,
boundaries.in.panchayats.state=in_s25.district=312,panchayat,S25,312,,boundaries/in/panchayats/state=in_s25/district=312/all.geojson,geojson,EPSG:4326,coord-precision-round,0.0001,319,319,0,,1566299,src-a1dd899f902d,,
boundaries.in.panchayats.state=in_s25.district=313,panchayat,S25,313,,boundaries/in/panchayats/state=in_s25/district=313/all.geojson,geojson,EPSG:4326,coord-precision-round,0.0001,247,247,0,,817626,src-a1dd899f902d,,
boundaries.in.panchayats.state=in_s25.district=314,panchayat,S25,314,,boundaries/in/panchayats/state=in_s25/district=314/all.geojson,geojson,EPSG:4326,coord-precision-round,0.0001,146,146,0,,933626,src-a1dd899f902d,,
boundaries.in.panchayats.state=in_s25.district=315,panchayat,S25,315,,boundaries/in/panchayats/state=in_s25/district=315/all.geojson,geojson,EPSG:4326,coord-precision-round,0.0001,70,70,0,,172740,src-a1dd899f902d,,
boundaries.in.panchayats.state=in_s25.district=316,panchayat,S25,316,,boundaries/in/panchayats/state=in_s25/district=316/all.geojson,geojson,EPSG:4326,coord-precision-round,0.0001,258,258,0,,1195537,src-a1dd899f902d,,
boundaries.in.panchayats.state=in_s25.district=317,panchayat,S25,317,,boundaries/in/panchayats/state=in_s25/district=317/all.geojson,geojson,EPSG:4326,coord-precision-round,0.0001,515,515,0,,1849529,src-a1dd899f902d,,
boundaries.in.panchayats.state=in_s25.district=318,panchayat,S25,318,,boundaries/in/panchayats/state=in_s25/district=318/all.geojson,geojson,EPSG:4326,coord-precision-round,0.0001,450,450,0,,2300025,src-a1dd899f902d,,
boundaries.in.panchayats.state=in_s25.district=319,panchayat,S25,319,,boundaries/in/panchayats/state=in_s25/district=319/all.geojson,geojson,EPSG:4326,coord-precision-round,0.0001,432,432,0,,2136373,src-a1dd899f902d,,
boundaries.in.panchayats.state=in_s25.district=320,panchayat,S25,320,,boundaries/in/panchayats/state=in_s25/district=320/all.geojson,geojson,EPSG:4326,coord-precision-round,0.0001,308,308,0,,1884870,src-a1dd899f902d,,
boundaries.in.panchayats.state=in_s25.district=321,panchayat,S25,321,,boundaries/in/panchayats/state=in_s25/district=321/all.geojson,geojson,EPSG:4326,coord-precision-round,0.0001,290,290,0,,1620507,src-a1dd899f902d,,
boundaries.in.panchayats.state=in_s25.district=664,panchayat,S25,664,,boundaries/in/panchayats/state=in_s25/district=664/all.geojson,geojson,EPSG:4326,coord-precision-round,0.0001,84,84,0,,489662,src-a1dd899f902d,,
boundaries.in.panchayats.state=in_s25.district=702,panchayat,S25,702,,boundaries/in/panchayats/state=in_s25/district=702/all.geojson,geojson,EPSG:4326,coord-precision-round,0.0001,54,54,0,,261639,src-a1dd899f902d,,
boundaries.in.panchayats.state=in_s25.district=703,panchayat,S25,703,,boundaries/in/panchayats/state=in_s25/district=703/all.geojson,geojson,EPSG:4326,coord-precision-round,0.0001,138,138,0,,641027,src-a1dd899f902d,,
boundaries.in.panchayats.state=in_s25.district=704,panchayat,S25,704,,boundaries/in/panchayats/state=in_s25/district=704/all.geojson,geojson,EPSG:4326,coord-precision-round,0.0001,287,287,0,,1154534,src-a1dd899f902d,,
boundaries.in.panchayats.state=in_s26.district=374,panchayat,S26,374,,boundaries/in/panchayats/state=in_s26/district=374/all.geojson,geojson,EPSG:4326,coord-precision-round,0.0001,453,453,0,,1569849,src-a1dd899f902d,,
boundaries.in.panchayats.state=in_s26.district=375,panchayat,S26,375,,boundaries/in/panchayats/state=in_s26/district=375/all.geojson,geojson,EPSG:4326,coord-precision-round,0.0001,579,579,0,,2323040,src-a1dd899f902d,,
boundaries.in.panchayats.state=in_s26.district=376,panchayat,S26,376,,boundaries/in/panchayats/state=in_s26/district=376/all.geojson,geojson,EPSG:4326,coord-precision-round,0.0001,174,174,0,,625304,src-a1dd899f902d,,
boundaries.in.panchayats.state=in_s26.district=377,panchayat,S26,377,,boundaries/in/panchayats/state=in_s26/district=377/all.geojson,geojson,EPSG:4326,coord-precision-round,0.0001,495,495,0,,1533666,src-a1dd899f902d,,
boundaries.in.panchayats.state=in_s26.district=378,panchayat,S26,378,,boundaries/in/panchayats/state=in_s26/district=378/all.geojson,geojson,EPSG:4326,coord-precision-round,0.0001,326,326,0,,1211687,src-a1dd899f902d,,
boundaries.in.panchayats.state=in_s26.district=379,panchayat,S26,379,,boundaries/in/panchayats/state=in_s26/district=379/all.geojson,geojson,EPSG:4326,coord-precision-round,0.0001,497,497,0,,1508883,src-a1dd899f902d,,
boundaries.in.panchayats.state=in_s26.district=380,panchayat,S26,380,,boundaries/in/panchayats/state=in_s26/district=380/all.geojson,geojson,EPSG:4326,coord-precision-round,0.0001,890,890,0,,3222161,src-a1dd899f902d,,
boundaries.in.panchayats.state=in_s26.district=381,panchayat,S26,381,,boundaries/in/panchayats/state=in_s26/district=381/all.geojson,geojson,EPSG:4326,coord-precision-round,0.0001,756,756,0,,2691991,src-a1dd899f902d,,
boundaries.in.panchayats.state=in_s26.district=382,panchayat,S26,382,,boundaries/in/panchayats/state=in_s26/district=382/all.geojson,geojson,EPSG:4326,coord-precision-round,0.0001,629,629,0,,2364316,src-a1dd899f902d,,
boundaries.in.panchayats.state=in_s26.district=383,panchayat,S26,383,,boundaries/in/panchayats/state=in_s26/district=383/all.geojson,geojson,EPSG:4326,coord-precision-round,0.0001,608,608,0,,2025080,src-a1dd899f902d,,
boundaries.in.panchayats.state=in_s26.district=384,panchayat,S26,384,,boundaries/in/panchayats/state=in_s26/district=384/all.geojson,geojson,EPSG:4326,coord-precision-round,0.0001,205,205,0,,842745,src-a1dd899f902d,,
boundaries.in.panchayats.state=in_s26.district=385,panchayat,S26,385,,boundaries/in/panchayats/state=in_s26/district=385/all.geojson,geojson,EPSG:4326,coord-precision-round,0.0001,785,785,0,,2823868,src-a1dd899f902d,,
boundaries.in.panchayats.state=in_s26.district=386,panchayat,S26,386,,boundaries/in/panchayats/state=in_s26/district=386/all.geojson,geojson,EPSG:4326,coord-precision-round,0.0001,784,784,0,,2694751,src-a1dd899f902d,,
boundaries.in.panchayats.state=in_s26.district=387,panchayat,S26,387,,boundaries/in/panchayats/state=in_s26/district=387/all.geojson,geojson,EPSG:4326,coord-precision-round,0.0001,486,486,0,,1501342,src-a1dd899f902d,,
boundaries.in.panchayats.state=in_s26.district=388,panchayat,S26,388,,boundaries/in/panchayats/state=in_s26/district=388/all.geojson,geojson,EPSG:4326,coord-precision-round,0.0001,536,536,0,,2031663,src-a1dd899f902d,,
boundaries.in.panchayats.state=in_s26.district=389,panchayat,S26,389,,boundaries/in/panchayats/state=in_s26/district=389/all.geojson,geojson,EPSG:4326,coord-precision-round,0.0001,566,566,0,,2127965,src-a1dd899f902d,,
boundaries.in.panchayats.state=in_s26.district=636,panchayat,S26,636,,boundaries/in/panchayats/state=in_s26/district=636/all.geojson,geojson,EPSG:4326,coord-precision-round,0.0001,336,336,0,,1619249,src-a1dd899f902d,,
boundaries.in.panchayats.state=in_s26.district=637,panchayat,S26,637,,boundaries/in/panchayats/state=in_s26/district=637/all.geojson,geojson,EPSG:4326,coord-precision-round,0.0001,116,116,0,,417408,src-a1dd899f902d,,
boundaries.in.panchayats.state=in_s26.district=642,panchayat,S26,642,,boundaries/in/panchayats/state=in_s26/district=642/all.geojson,geojson,EPSG:4326,coord-precision-round,0.0001,231,231,0,,1115491,src-a1dd899f902d,,
boundaries.in.panchayats.state=in_s26.district=643,panchayat,S26,643,,boundaries/in/panchayats/state=in_s26/district=643/all.geojson,geojson,EPSG:4326,coord-precision-round,0.0001,398,398,0,,1319437,src-a1dd899f902d,,
boundaries.in.panchayats.state=in_s26.district=644,panchayat,S26,644,,boundaries/in/panchayats/state=in_s26/district=644/all.geojson,geojson,EPSG:4326,coord-precision-round,0.0001,607,607,0,,1912676,src-a1dd899f902d,,
boundaries.in.panchayats.state=in_s26.district=645,panchayat,S26,645,,boundaries/in/panchayats/state=in_s26/district=645/all.geojson,geojson,EPSG:4326,coord-precision-round,0.0001,501,501,0,,1544140,src-a1dd899f902d,,
boundaries.in.panchayats.state=in_s26.district=646,panchayat,S26,646,,boundaries/in/panchayats/state=in_s26/district=646/all.geojson,geojson,EPSG:4326,coord-precision-round,0.0001,599,599,0,,2256497,src-a1dd899f902d,,
boundaries.in.panchayats.state=in_s26.district=647,panchayat,S26,647,,boundaries/in/panchayats/state=in_s26/district=647/all.geojson,geojson,EPSG:4326,coord-precision-round,0.0001,417,417,0,,1405362,src-a1dd899f902d,,
boundaries.in.panchayats.state=in_s26.district=648,panchayat,S26,648,,boundaries/in/panchayats/state=in_s26/district=648/all.geojson,geojson,EPSG:4326,coord-precision-round,0.0001,610,610,0,,2010506,src-a1dd899f902d,,
boundaries.in.panchayats.state=in_s26.district=649,panchayat,S26,649,,boundaries/in/panchayats/state=in_s26/district=649/all.geojson,geojson,EPSG:4326,coord-precision-round,0.0001,670,670,0,,2500717,src-a1dd899f902d,,
boundaries.in.panchayats.state=in_s26.district=650,panchayat,S26,650,,boundaries/in/panchayats/state=in_s26/district=650/all.geojson,geojson,EPSG:4326,coord-precision-round,0.0001,358,358,0,,1274004,src-a1dd899f902d,,
boundaries.in.panchayats.state=in_s26.district=734,panchayat,S26,734,,boundaries/in/panchayats/state=in_s26/district=734/all.geojson,geojson,EPSG:4326,coord-precision-round,0.0001,217,217,0,,730343,src-a1dd899f902d,,
boundaries.in.panchayats.state=in_s26.district=759,panchayat,S26,759,,boundaries/in/panchayats/state=in_s26/district=759/all.geojson,geojson,EPSG:4326,coord-precision-round,0.0001,332,332,0,,1392621,src-a1dd899f902d,,
boundaries.in.panchayats.state=in_s26.district=760,panchayat,S26,760,,boundaries/in/panchayats/state=in_s26/district=760/all.geojson,geojson,EPSG:4326,coord-precision-round,0.0001,356,356,0,,1404088,src-a1dd899f902d,,
boundaries.in.panchayats.state=in_s26.district=761,panchayat,S26,761,,boundaries/in/panchayats/state=in_s26/district=761/all.geojson,geojson,EPSG:4326,coord-precision-round,0.0001,376,376,0,,1942806,src-a1dd899f902d,,
boundaries.in.panchayats.state=in_s26.district=762,panchayat,S26,762,,boundaries/in/panchayats/state=in_s26/district=762/all.geojson,geojson,EPSG:4326,coord-precision-round,0.0001,356,356,0,,1073693,src-a1dd899f902d,,
boundaries.in.panchayats.state=in_s26.district=763,panchayat,S26,763,,boundaries/in/panchayats/state=in_s26/district=763/all.geojson,geojson,EPSG:4326,coord-precision-round,0.0001,502,502,0,,1441061,src-a1dd899f902d,,
boundaries.in.panchayats.state=in_s27.district=322,panchayat,S27,322,,boundaries/in/panchayats/state=in_s27/district=322/all.geojson,geojson,EPSG:4326,coord-precision-round,0.0001,266,266,0,,883026,src-a1dd899f902d,,
boundaries.in.panchayats.state=in_s27.district=323,panchayat,S27,323,,boundaries/in/panchayats/state=in_s27/district=323/all.geojson,geojson,EPSG:4326,coord-precision-round,0.0001,280,280,0,,894586,src-a1dd899f902d,,
boundaries.in.panchayats.state=in_s27.district=324,panchayat,S27,324,,boundaries/in/panchayats/state=in_s27/district=324/all.geojson,geojson,EPSG:4326,coord-precision-round,0.0001,361,361,0,,1082234,src-a1dd899f902d,,
boundaries.in.panchayats.state=in_s27.district=325,panchayat,S27,325,,boundaries/in/panchayats/state=in_s27/district=325/all.geojson,geojson,EPSG:4326,coord-precision-round,0.0001,460,460,0,,1062683,src-a1dd899f902d,,
boundaries.in.panchayats.state=in_s27.district=326,panchayat,S27,326,,boundaries/in/panchayats/state=in_s27/district=326/all.geojson,geojson,EPSG:4326,coord-precision-round,0.0001,475,475,0,,1347967,src-a1dd899f902d,,
boundaries.in.panchayats.state=in_s27.district=327,panchayat,S27,327,,boundaries/in/panchayats/state=in_s27/district=327/all.geojson,geojson,EPSG:4326,coord-precision-round,0.0001,400,400,0,,1039442,src-a1dd899f902d,,
boundaries.in.panchayats.state=in_s27.district=328,panchayat,S27,328,,boundaries/in/panchayats/state=in_s27/district=328/all.geojson,geojson,EPSG:4326,coord-precision-round,0.0001,268,268,0,,783885,src-a1dd899f902d,,
boundaries.in.panchayats.state=in_s27.district=329,panchayat,S27,329,,boundaries/in/panchayats/state=in_s27/district=329/all.geojson,geojson,EPSG:4326,coord-precision-round,0.0001,750,750,0,,1748681,src-a1dd899f902d,,
boundaries.in.panchayats.state=in_s27.district=330,panchayat,S27,330,,boundaries/in/panchayats/state=in_s27/district=330/all.geojson,geojson,EPSG:4326,coord-precision-round,0.0001,601,601,0,,1109421,src-a1dd899f902d,,
boundaries.in.panchayats.state=in_s27.district=331,panchayat,S27,331,,boundaries/in/panchayats/state=in_s27/district=331/all.geojson,geojson,EPSG:4326,coord-precision-round,0.0001,176,176,0,,1334375,src-a1dd899f902d,,
boundaries.in.panchayats.state=in_s27.district=332,panchayat,S27,332,,boundaries/in/panchayats/state=in_s27/district=332/all.geojson,geojson,EPSG:4326,coord-precision-round,0.0001,349,349,0,,1147025,src-a1dd899f902d,,
boundaries.in.panchayats.state=in_s27.district=333,panchayat,S27,333,,boundaries/in/panchayats/state=in_s27/district=333/all.geojson,geojson,EPSG:4326,coord-precision-round,0.0001,257,257,0,,631923,src-a1dd899f902d,,
boundaries.in.panchayats.state=in_s27.district=334,panchayat,S27,334,,boundaries/in/panchayats/state=in_s27/district=334/all.geojson,geojson,EPSG:4326,coord-precision-round,0.0001,156,156,0,,455706,src-a1dd899f902d,,
boundaries.in.panchayats.state=in_s27.district=335,panchayat,S27,335,,boundaries/in/panchayats/state=in_s27/district=335/all.geojson,geojson,EPSG:4326,coord-precision-round,0.0001,194,194,0,,746736,src-a1dd899f902d,,
boundaries.in.panchayats.state=in_s27.district=336,panchayat,S27,336,,boundaries/in/panchayats/state=in_s27/district=336/all.geojson,geojson,EPSG:4326,coord-precision-round,0.0001,72,72,0,,313928,src-a1dd899f902d,,
boundaries.in.panchayats.state=in_s27.district=337,panchayat,S27,337,,boundaries/in/panchayats/state=in_s27/district=337/all.geojson,geojson,EPSG:4326,coord-precision-round,0.0001,245,245,0,,889604,src-a1dd899f902d,,
boundaries.in.panchayats.state=in_s27.district=338,panchayat,S27,338,,boundaries/in/panchayats/state=in_s27/district=338/all.geojson,geojson,EPSG:4326,coord-precision-round,0.0001,435,435,0,,1522685,src-a1dd899f902d,,
boundaries.in.panchayats.state=in_s27.district=339,panchayat,S27,339,,boundaries/in/panchayats/state=in_s27/district=339/all.geojson,geojson,EPSG:4326,coord-precision-round,0.0001,390,390,0,,1856929,src-a1dd899f902d,,
boundaries.in.panchayats.state=in_s27.district=340,panchayat,S27,340,,boundaries/in/panchayats/state=in_s27/district=340/all.geojson,geojson,EPSG:4326,coord-precision-round,0.0001,295,295,0,,836488,src-a1dd899f902d,,
boundaries.in.panchayats.state=in_s27.district=341,panchayat,S27,341,,boundaries/in/panchayats/state=in_s27/district=341/all.geojson,geojson,EPSG:4326,coord-precision-round,0.0001,228,228,0,,648808,src-a1dd899f902d,,
boundaries.in.panchayats.state=in_s27.district=342,panchayat,S27,342,,boundaries/in/panchayats/state=in_s27/district=342/all.geojson,geojson,EPSG:4326,coord-precision-round,0.0001,112,112,0,,768603,src-a1dd899f902d,,
boundaries.in.panchayats.state=in_s27.district=343,panchayat,S27,343,,boundaries/in/panchayats/state=in_s27/district=343/all.geojson,geojson,EPSG:4326,coord-precision-round,0.0001,328,328,0,,1408283,src-a1dd899f902d,,
boundaries.in.panchayats.state=in_s27.district=606,panchayat,S27,606,,boundaries/in/panchayats/state=in_s27/district=606/all.geojson,geojson,EPSG:4326,coord-precision-round,0.0001,107,107,0,,796533,src-a1dd899f902d,,
boundaries.in.panchayats.state=in_s27.district=607,panchayat,S27,607,,boundaries/in/panchayats/state=in_s27/district=607/all.geojson,geojson,EPSG:4326,coord-precision-round,0.0001,149,149,0,,533124,src-a1dd899f902d,,
boundaries.in.panchayats.state=in_s28.district=45,panchayat,S28,45,,boundaries/in/panchayats/state=in_s28/district=45/all.geojson,geojson,EPSG:4326,coord-precision-round,0.0001,1840,1840,0,,4095873,src-a1dd899f902d,,
boundaries.in.panchayats.state=in_s28.district=46,panchayat,S28,46,,boundaries/in/panchayats/state=in_s28/district=46/all.geojson,geojson,EPSG:4326,coord-precision-round,0.0001,730,730,0,,1528373,src-a1dd899f902d,,
boundaries.in.panchayats.state=in_s28.district=47,panchayat,S28,47,,boundaries/in/panchayats/state=in_s28/district=47/all.geojson,geojson,EPSG:4326,coord-precision-round,0.0001,944,944,0,,2576336,src-a1dd899f902d,,
boundaries.in.panchayats.state=in_s28.district=48,panchayat,S28,48,,boundaries/in/panchayats/state=in_s28/district=48/all.geojson,geojson,EPSG:4326,coord-precision-round,0.0001,584,584,0,,1362288,src-a1dd899f902d,,
boundaries.in.panchayats.state=in_s28.district=49,panchayat,S28,49,,boundaries/in/panchayats/state=in_s28/district=49/all.geojson,geojson,EPSG:4326,coord-precision-round,0.0001,649,649,0,,1548632,src-a1dd899f902d,,
boundaries.in.panchayats.state=in_s28.district=50,panchayat,S28,50,,boundaries/in/panchayats/state=in_s28/district=50/all.geojson,geojson,EPSG:4326,coord-precision-round,0.0001,412,412,0,,1368820,src-a1dd899f902d,,
boundaries.in.panchayats.state=in_s28.district=51,panchayat,S28,51,,boundaries/in/panchayats/state=in_s28/district=51/all.geojson,geojson,EPSG:4326,coord-precision-round,0.0001,804,804,0,,1852281,src-a1dd899f902d,,
boundaries.in.panchayats.state=in_s28.district=52,panchayat,S28,52,,boundaries/in/panchayats/state=in_s28/district=52/all.geojson,geojson,EPSG:4326,coord-precision-round,0.0001,2031,2031,0,,5386538,src-a1dd899f902d,,
boundaries.in.panchayats.state=in_s28.district=53,panchayat,S28,53,,boundaries/in/panchayats/state=in_s28/district=53/all.geojson,geojson,EPSG:4326,coord-precision-round,0.0001,1106,1106,0,,2687557,src-a1dd899f902d,,
boundaries.in.panchayats.state=in_s28.district=54,panchayat,S28,54,,boundaries/in/panchayats/state=in_s28/district=54/all.geojson,geojson,EPSG:4326,coord-precision-round,0.0001,598,598,0,,1259179,src-a1dd899f902d,,
boundaries.in.panchayats.state=in_s28.district=55,panchayat,S28,55,,boundaries/in/panchayats/state=in_s28/district=55/all.geojson,geojson,EPSG:4326,coord-precision-round,0.0001,2033,2033,0,,4546493,src-a1dd899f902d,,
boundaries.in.panchayats.state=in_s28.district=56,panchayat,S28,56,,boundaries/in/panchayats/state=in_s28/district=56/all.geojson,geojson,EPSG:4326,coord-precision-round,0.0001,493,493,0,,1822862,src-a1dd899f902d,,
boundaries.in.panchayats.state=in_s28.district=57,panchayat,S28,57,,boundaries/in/panchayats/state=in_s28/district=57/all.geojson,geojson,EPSG:4326,coord-precision-round,0.0001,942,942,0,,2191023,src-a1dd899f902d,,
boundaries.in.panchayats.state=in_s29.district=501,panchayat,S29,501,,boundaries/in/panchayats/state=in_s29/district=501/all.geojson,geojson,EPSG:4326,coord-precision-round,0.0001,416,416,0,,1327678,src-a1dd899f902d,,
boundaries.in.panchayats.state=in_s29.district=507,panchayat,S29,507,,boundaries/in/panchayats/state=in_s29/district=507/all.geojson,geojson,EPSG:4326,coord-precision-round,0.0001,17,17,0,,38813,src-a1dd899f902d,,
boundaries.in.panchayats.state=in_s29.district=508,panchayat,S29,508,,boundaries/in/panchayats/state=in_s29/district=508/all.geojson,geojson,EPSG:4326,coord-precision-round,0.0001,196,196,0,,612949,src-a1dd899f902d,,
boundaries.in.panchayats.state=in_s29.district=509,panchayat,S29,509,,boundaries/in/panchayats/state=in_s29/district=509/all.geojson,geojson,EPSG:4326,coord-precision-round,0.0001,361,361,0,,1275938,src-a1dd899f902d,,
boundaries.in.panchayats.state=in_s29.district=512,panchayat,S29,512,,boundaries/in/panchayats/state=in_s29/district=512/all.geojson,geojson,EPSG:4326,coord-precision-round,0.0001,302,302,0,,768450,src-a1dd899f902d,,
boundaries.in.panchayats.state=in_s29.district=513,panchayat,S29,513,,boundaries/in/panchayats/state=in_s29/district=513/all.geojson,geojson,EPSG:4326,coord-precision-round,0.0001,333,333,0,,1084228,src-a1dd899f902d,,
boundaries.in.panchayats.state=in_s29.district=514,panchayat,S29,514,,boundaries/in/panchayats/state=in_s29/district=514/all.geojson,geojson,EPSG:4326,coord-precision-round,0.0001,520,520,0,,1327958,src-a1dd899f902d,,
boundaries.in.panchayats.state=in_s29.district=516,panchayat,S29,516,,boundaries/in/panchayats/state=in_s29/district=516/all.geojson,geojson,EPSG:4326,coord-precision-round,0.0001,413,413,0,,1176516,src-a1dd899f902d,,
boundaries.in.panchayats.state=in_s29.district=518,panchayat,S29,518,,boundaries/in/panchayats/state=in_s29/district=518/all.geojson,geojson,EPSG:4326,coord-precision-round,0.0001,452,452,0,,1355983,src-a1dd899f902d,,
boundaries.in.panchayats.state=in_s29.district=522,panchayat,S29,522,,boundaries/in/panchayats/state=in_s29/district=522/all.geojson,geojson,EPSG:4326,coord-precision-round,0.0001,177,177,0,,635997,src-a1dd899f902d,,
boundaries.in.panchayats.state=in_s29.district=680,panchayat,S29,680,,boundaries/in/panchayats/state=in_s29/district=680/all.geojson,geojson,EPSG:4326,coord-precision-round,0.0001,316,316,0,,997923,src-a1dd899f902d,,
boundaries.in.panchayats.state=in_s29.district=681,panchayat,S29,681,,boundaries/in/panchayats/state=in_s29/district=681/all.geojson,geojson,EPSG:4326,coord-precision-round,0.0001,280,280,0,,762932,src-a1dd899f902d,,
boundaries.in.panchayats.state=in_s29.district=682,panchayat,S29,682,,boundaries/in/panchayats/state=in_s29/district=682/all.geojson,geojson,EPSG:4326,coord-precision-round,0.0001,185,185,0,,536442,src-a1dd899f902d,,
boundaries.in.panchayats.state=in_s29.district=683,panchayat,S29,683,,boundaries/in/panchayats/state=in_s29/district=683/all.geojson,geojson,EPSG:4326,coord-precision-round,0.0001,161,161,0,,567727,src-a1dd899f902d,,
boundaries.in.panchayats.state=in_s29.district=684,panchayat,S29,684,,boundaries/in/panchayats/state=in_s29/district=684/all.geojson,geojson,EPSG:4326,coord-precision-round,0.0001,257,257,0,,1089652,src-a1dd899f902d,,
boundaries.in.panchayats.state=in_s29.district=685,panchayat,S29,685,,boundaries/in/panchayats/state=in_s29/district=685/all.geojson,geojson,EPSG:4326,coord-precision-round,0.0001,378,378,0,,1101909,src-a1dd899f902d,,
boundaries.in.panchayats.state=in_s29.district=686,panchayat,S29,686,,boundaries/in/panchayats/state=in_s29/district=686/all.geojson,geojson,EPSG:4326,coord-precision-round,0.0001,160,160,0,,604017,src-a1dd899f902d,,
boundaries.in.panchayats.state=in_s29.district=687,panchayat,S29,687,,boundaries/in/panchayats/state=in_s29/district=687/all.geojson,geojson,EPSG:4326,coord-precision-round,0.0001,168,168,0,,560119,src-a1dd899f902d,,
boundaries.in.panchayats.state=in_s29.district=688,panchayat,S29,688,,boundaries/in/panchayats/state=in_s29/district=688/all.geojson,geojson,EPSG:4326,coord-precision-round,0.0001,237,237,0,,946303,src-a1dd899f902d,,
boundaries.in.panchayats.state=in_s29.district=689,panchayat,S29,689,,boundaries/in/panchayats/state=in_s29/district=689/all.geojson,geojson,EPSG:4326,coord-precision-round,0.0001,196,196,0,,574802,src-a1dd899f902d,,
boundaries.in.panchayats.state=in_s29.district=690,panchayat,S29,690,,boundaries/in/panchayats/state=in_s29/district=690/all.geojson,geojson,EPSG:4326,coord-precision-round,0.0001,242,242,0,,1065562,src-a1dd899f902d,,
boundaries.in.panchayats.state=in_s29.district=691,panchayat,S29,691,,boundaries/in/panchayats/state=in_s29/district=691/all.geojson,geojson,EPSG:4326,coord-precision-round,0.0001,539,539,0,,1885143,src-a1dd899f902d,,
boundaries.in.panchayats.state=in_s29.district=692,panchayat,S29,692,,boundaries/in/panchayats/state=in_s29/district=692/all.geojson,geojson,EPSG:4326,coord-precision-round,0.0001,383,383,0,,1084647,src-a1dd899f902d,,
boundaries.in.panchayats.state=in_s29.district=693,panchayat,S29,693,,boundaries/in/panchayats/state=in_s29/district=693/all.geojson,geojson,EPSG:4326,coord-precision-round,0.0001,203,203,0,,543382,src-a1dd899f902d,,
boundaries.in.panchayats.state=in_s29.district=694,panchayat,S29,694,,boundaries/in/panchayats/state=in_s29/district=694/all.geojson,geojson,EPSG:4326,coord-precision-round,0.0001,306,306,0,,1001670,src-a1dd899f902d,,
boundaries.in.panchayats.state=in_s29.district=695,panchayat,S29,695,,boundaries/in/panchayats/state=in_s29/district=695/all.geojson,geojson,EPSG:4326,coord-precision-round,0.0001,186,186,0,,448281,src-a1dd899f902d,,
boundaries.in.panchayats.state=in_s29.district=696,panchayat,S29,696,,boundaries/in/panchayats/state=in_s29/district=696/all.geojson,geojson,EPSG:4326,coord-precision-round,0.0001,272,272,0,,1018336,src-a1dd899f902d,,
boundaries.in.panchayats.state=in_s29.district=697,panchayat,S29,697,,boundaries/in/panchayats/state=in_s29/district=697/all.geojson,geojson,EPSG:4326,coord-precision-round,0.0001,284,284,0,,809090,src-a1dd899f902d,,
boundaries.in.panchayats.state=in_s29.district=698,panchayat,S29,698,,boundaries/in/panchayats/state=in_s29/district=698/all.geojson,geojson,EPSG:4326,coord-precision-round,0.0001,391,391,0,,878752,src-a1dd899f902d,,
boundaries.in.panchayats.state=in_s29.district=699,panchayat,S29,699,,boundaries/in/panchayats/state=in_s29/district=699/all.geojson,geojson,EPSG:4326,coord-precision-round,0.0001,273,273,0,,1114215,src-a1dd899f902d,,
boundaries.in.panchayats.state=in_s29.district=700,panchayat,S29,700,,boundaries/in/panchayats/state=in_s29/district=700/all.geojson,geojson,EPSG:4326,coord-precision-round,0.0001,99,99,0,,351829,src-a1dd899f902d,,
boundaries.in.panchayats.state=in_s29.district=720,panchayat,S29,720,,boundaries/in/panchayats/state=in_s29/district=720/all.geojson,geojson,EPSG:4326,coord-precision-round,0.0001,182,182,0,,677051,src-a1dd899f902d,,
boundaries.in.panchayats.state=in_s29.district=721,panchayat,S29,721,,boundaries/in/panchayats/state=in_s29/district=721/all.geojson,geojson,EPSG:4326,coord-precision-round,0.0001,201,201,0,,426274,src-a1dd899f902d,,
boundaries.in.panchayats.state=in_u01.district=602,panchayat,U01,602,,boundaries/in/panchayats/state=in_u01/district=602/all.geojson,geojson,EPSG:4326,coord-precision-round,0.0001,213,213,0,,1199823,src-a1dd899f902d,,
boundaries.in.panchayats.state=in_u01.district=603,panchayat,U01,603,,boundaries/in/panchayats/state=in_u01/district=603/all.geojson,geojson,EPSG:4326,coord-precision-round,0.0001,161,161,0,,548948,src-a1dd899f902d,,
boundaries.in.panchayats.state=in_u01.district=632,panchayat,U01,632,,boundaries/in/panchayats/state=in_u01/district=632/all.geojson,geojson,EPSG:4326,coord-precision-round,0.0001,377,377,0,,2993749,src-a1dd899f902d,,
boundaries.in.panchayats.state=in_u02.district=44,panchayat,U02,44,,boundaries/in/panchayats/state=in_u02/district=44/all.geojson,geojson,EPSG:4326,coord-precision-round,0.0001,22,22,0,,54198,src-a1dd899f902d,,
boundaries.in.panchayats.state=in_u03.district=463,panchayat,U03,463,,boundaries/in/panchayats/state=in_u03/district=463/all.geojson,geojson,EPSG:4326,coord-precision-round,0.0001,15,15,0,,54041,src-a1dd899f902d,,
boundaries.in.panchayats.state=in_u03.district=464,panchayat,U03,464,,boundaries/in/panchayats/state=in_u03/district=464/all.geojson,geojson,EPSG:4326,coord-precision-round,0.0001,5,5,0,,29679,src-a1dd899f902d,,
boundaries.in.panchayats.state=in_u03.district=465,panchayat,U03,465,,boundaries/in/panchayats/state=in_u03/district=465/all.geojson,geojson,EPSG:4326,coord-precision-round,0.0001,21,21,0,,116134,src-a1dd899f902d,,
boundaries.in.panchayats.state=in_u04.district=553,panchayat,U04,553,,boundaries/in/panchayats/state=in_u04/district=553/all.geojson,geojson,EPSG:4326,coord-precision-round,0.0001,27,27,0,,54722,src-a1dd899f902d,,
boundaries.in.panchayats.state=in_u05.district=670,panchayat,U05,670,,boundaries/in/panchayats/state=in_u05/district=670/all.geojson,geojson,EPSG:4326,coord-precision-round,0.0001,29,29,0,,246128,src-a1dd899f902d,,
boundaries.in.panchayats.state=in_u05.district=671,panchayat,U05,671,,boundaries/in/panchayats/state=in_u05/district=671/all.geojson,geojson,EPSG:4326,coord-precision-round,0.0001,12,12,0,,104810,src-a1dd899f902d,,
boundaries.in.panchayats.state=in_u05.district=77,panchayat,U05,77,,boundaries/in/panchayats/state=in_u05/district=77/all.geojson,geojson,EPSG:4326,coord-precision-round,0.0001,21,21,0,,214978,src-a1dd899f902d,,
boundaries.in.panchayats.state=in_u05.district=78,panchayat,U05,78,,boundaries/in/panchayats/state=in_u05/district=78/all.geojson,geojson,EPSG:4326,coord-precision-round,0.0001,16,16,0,,123452,src-a1dd899f902d,,
boundaries.in.panchayats.state=in_u05.district=79,panchayat,U05,79,,boundaries/in/panchayats/state=in_u05/district=79/all.geojson,geojson,EPSG:4326,coord-precision-round,0.0001,22,22,0,,186082,src-a1dd899f902d,,
boundaries.in.panchayats.state=in_u05.district=80,panchayat,U05,80,,boundaries/in/panchayats/state=in_u05/district=80/all.geojson,geojson,EPSG:4326,coord-precision-round,0.0001,70,70,0,,728280,src-a1dd899f902d,,
boundaries.in.panchayats.state=in_u05.district=81,panchayat,U05,81,,boundaries/in/panchayats/state=in_u05/district=81/all.geojson,geojson,EPSG:4326,coord-precision-round,0.0001,23,23,0,,155054,src-a1dd899f902d,,
boundaries.in.panchayats.state=in_u05.district=82,panchayat,U05,82,,boundaries/in/panchayats/state=in_u05/district=82/all.geojson,geojson,EPSG:4326,coord-precision-round,0.0001,38,38,0,,334212,src-a1dd899f902d,,
boundaries.in.panchayats.state=in_u05.district=83,panchayat,U05,83,,boundaries/in/panchayats/state=in_u05/district=83/all.geojson,geojson,EPSG:4326,coord-precision-round,0.0001,46,46,0,,386182,src-a1dd899f902d,,
boundaries.in.panchayats.state=in_u05.district=84,panchayat,U05,84,,boundaries/in/panchayats/state=in_u05/district=84/all.geojson,geojson,EPSG:4326,coord-precision-round,0.0001,74,74,0,,646662,src-a1dd899f902d,,
boundaries.in.panchayats.state=in_u05.district=85,panchayat,U05,85,,boundaries/in/panchayats/state=in_u05/district=85/all.geojson,geojson,EPSG:4326,coord-precision-round,0.0001,31,31,0,,214179,src-a1dd899f902d,,
boundaries.in.panchayats.state=in_u07.district=598,panchayat,U07,598,,boundaries/in/panchayats/state=in_u07/district=598/all.geojson,geojson,EPSG:4326,coord-precision-round,0.0001,37,37,0,,105209,src-a1dd899f902d,,
boundaries.in.panchayats.state=in_u07.district=599,panchayat,U07,599,,boundaries/in/panchayats/state=in_u07/district=599/all.geojson,geojson,EPSG:4326,coord-precision-round,0.0001,2,2,0,,8543,src-a1dd899f902d,,
boundaries.in.panchayats.state=in_u07.district=600,panchayat,U07,600,,boundaries/in/panchayats/state=in_u07/district=600/all.geojson,geojson,EPSG:4326,coord-precision-round,0.0001,72,72,0,,196102,src-a1dd899f902d,,
boundaries.in.panchayats.state=in_u07.district=601,panchayat,U07,601,,boundaries/in/panchayats/state=in_u07/district=601/all.geojson,geojson,EPSG:4326,coord-precision-round,0.0001,1,1,0,,1788,src-a1dd899f902d,,
boundaries.in.villages.state=in_u08.district=anantnag,village,U08,anantnag,,boundaries/in/villages/state=in_u08/district=anantnag/all.geojson,geojson,EPSG:4326,coord-precision-round,0.0001,659,659,0,,1225567,src-0a33b06781c2,,
boundaries.in.villages.state=in_u08.district=badgam,village,U08,badgam,,boundaries/in/villages/state=in_u08/district=badgam/all.geojson,geojson,EPSG:4326,coord-precision-round,0.0001,507,507,0,,852032,src-0a33b06781c2,,
boundaries.in.villages.state=in_u08.district=baramula,village,U08,baramula,,boundaries/in/villages/state=in_u08/district=baramula/all.geojson,geojson,EPSG:4326,coord-precision-round,0.0001,678,678,0,,1328117,src-0a33b06781c2,,
boundaries.in.villages.state=in_u08.district=doda,village,U08,doda,,boundaries/in/villages/state=in_u08/district=doda/all.geojson,geojson,EPSG:4326,coord-precision-round,0.0001,659,659,0,,1083820,src-0a33b06781c2,,
boundaries.in.villages.state=in_u08.district=jammu,village,U08,jammu,,boundaries/in/villages/state=in_u08/district=jammu/all.geojson,geojson,EPSG:4326,coord-precision-round,0.0001,1218,1218,0,,2176218,src-0a33b06781c2,,
boundaries.in.villages.state=in_u08.district=kathua,village,U08,kathua,,boundaries/in/villages/state=in_u08/district=kathua/all.geojson,geojson,EPSG:4326,coord-precision-round,0.0001,591,591,0,,1122800,src-0a33b06781c2,,
boundaries.in.villages.state=in_u08.district=kupwara,village,U08,kupwara,,boundaries/in/villages/state=in_u08/district=kupwara/all.geojson,geojson,EPSG:4326,coord-precision-round,0.0001,382,382,0,,694452,src-0a33b06781c2,,
boundaries.in.villages.state=in_u08.district=pulwama,village,U08,pulwama,,boundaries/in/villages/state=in_u08/district=pulwama/all.geojson,geojson,EPSG:4326,coord-precision-round,0.0001,569,569,0,,1092067,src-0a33b06781c2,,
boundaries.in.villages.state=in_u08.district=punch,village,U08,punch,,boundaries/in/villages/state=in_u08/district=punch/all.geojson,geojson,EPSG:4326,coord-precision-round,0.0001,180,180,0,,395328,src-0a33b06781c2,,
boundaries.in.villages.state=in_u08.district=rajauri,village,U08,rajauri,,boundaries/in/villages/state=in_u08/district=rajauri/all.geojson,geojson,EPSG:4326,coord-precision-round,0.0001,390,390,0,,866109,src-0a33b06781c2,,
boundaries.in.villages.state=in_u08.district=srinagar,village,U08,srinagar,,boundaries/in/villages/state=in_u08/district=srinagar/all.geojson,geojson,EPSG:4326,coord-precision-round,0.0001,174,174,0,,431058,src-0a33b06781c2,,
boundaries.in.villages.state=in_u08.district=udhampur,village,U08,udhampur,,boundaries/in/villages/state=in_u08/district=udhampur/all.geojson,geojson,EPSG:4326,coord-precision-round,0.0001,629,629,0,,1074745,src-0a33b06781c2,,
boundaries.in.villages.state=in_u09.district=kargil,village,U09,kargil,,boundaries/in/villages/state=in_u09/district=kargil/all.geojson,geojson,EPSG:4326,coord-precision-round,0.0001,1,1,0,,56910,src-0a33b06781c2,,
boundaries.in.villages.state=in_u09.district=ladakh_leh,village,U09,ladakh_leh,,boundaries/in/villages/state=in_u09/district=ladakh_leh/all.geojson,geojson,EPSG:4326,coord-precision-round,0.0001,1,1,0,,85338,src-0a33b06781c2,,
boundaries.in.wards.state=in_s01.ulb=802938,ward,S01,,802938,boundaries/in/wards/state=in_s01/ulb=802938/all.geojson,geojson,EPSG:4326,coord-precision-round,0.0001,31,31,0,,131342,src-a1dd899f902d,,
boundaries.in.wards.state=in_s01.ulb=802940,ward,S01,,802940,boundaries/in/wards/state=in_s01/ulb=802940/all.geojson,geojson,EPSG:4326,coord-precision-round,0.0001,24,24,0,,32607,src-a1dd899f902d,,
boundaries.in.wards.state=in_s01.ulb=802941,ward,S01,,802941,boundaries/in/wards/state=in_s01/ulb=802941/all.geojson,geojson,EPSG:4326,coord-precision-round,0.0001,23,23,0,,127601,src-a1dd899f902d,,
boundaries.in.wards.state=in_s01.ulb=802942,ward,S01,,802942,boundaries/in/wards/state=in_s01/ulb=802942/all.geojson,geojson,EPSG:4326,coord-precision-round,0.0001,50,50,0,,172234,src-a1dd899f902d,,
boundaries.in.wards.state=in_s01.ulb=802943,ward,S01,,802943,boundaries/in/wards/state=in_s01/ulb=802943/all.geojson,geojson,EPSG:4326,coord-precision-round,0.0001,30,30,0,,69978,src-a1dd899f902d,,
boundaries.in.wards.state=in_s01.ulb=802944,ward,S01,,802944,boundaries/in/wards/state=in_s01/ulb=802944/all.geojson,geojson,EPSG:4326,coord-precision-round,0.0001,31,31,0,,40861,src-a1dd899f902d,,
boundaries.in.wards.state=in_s01.ulb=802945,ward,S01,,802945,boundaries/in/wards/state=in_s01/ulb=802945/all.geojson,geojson,EPSG:4326,coord-precision-round,0.0001,29,29,0,,136561,src-a1dd899f902d,,
boundaries.in.wards.state=in_s01.ulb=802946,ward,S01,,802946,boundaries/in/wards/state=in_s01/ulb=802946/all.geojson,geojson,EPSG:4326,coord-precision-round,0.0001,50,50,0,,88851,src-a1dd899f902d,,
boundaries.in.wards.state=in_s01.ulb=802947,ward,S01,,802947,boundaries/in/wards/state=in_s01/ulb=802947/all.geojson,geojson,EPSG:4326,coord-precision-round,0.0001,97,97,0,,320006,src-a1dd899f902d,,
boundaries.in.wards.state=in_s01.ulb=802950,ward,S01,,802950,boundaries/in/wards/state=in_s01/ulb=802950/all.geojson,geojson,EPSG:4326,coord-precision-round,0.0001,30,30,0,,56616,src-a1dd899f902d,,
boundaries.in.wards.state=in_s01.ulb=802951,ward,S01,,802951,boundaries/in/wards/state=in_s01/ulb=802951/all.geojson,geojson,EPSG:4326,coord-precision-round,0.0001,29,29,0,,87944,src-a1dd899f902d,,
boundaries.in.wards.state=in_s01.ulb=802952,ward,S01,,802952,boundaries/in/wards/state=in_s01/ulb=802952/all.geojson,geojson,EPSG:4326,coord-precision-round,0.0001,50,50,0,,130761,src-a1dd899f902d,,
boundaries.in.wards.state=in_s01.ulb=802953,ward,S01,,802953,boundaries/in/wards/state=in_s01/ulb=802953/all.geojson,geojson,EPSG:4326,coord-precision-round,0.0001,31,31,0,,68931,src-a1dd899f902d,,
boundaries.in.wards.state=in_s01.ulb=802954,ward,S01,,802954,boundaries/in/wards/state=in_s01/ulb=802954/all.geojson,geojson,EPSG:4326,coord-precision-round,0.0001,30,30,0,,57126,src-a1dd899f902d,,
boundaries.in.wards.state=in_s01.ulb=802955,ward,S01,,802955,boundaries/in/wards/state=in_s01/ulb=802955/all.geojson,geojson,EPSG:4326,coord-precision-round,0.0001,50,50,0,,91486,src-a1dd899f902d,,
boundaries.in.wards.state=in_s01.ulb=802956,ward,S01,,802956,boundaries/in/wards/state=in_s01/ulb=802956/all.geojson,geojson,EPSG:4326,coord-precision-round,0.0001,30,30,0,,46383,src-a1dd899f902d,,
boundaries.in.wards.state=in_s01.ulb=802957,ward,S01,,802957,boundaries/in/wards/state=in_s01/ulb=802957/all.geojson,geojson,EPSG:4326,coord-precision-round,0.0001,27,27,0,,106449,src-a1dd899f902d,,
boundaries.in.wards.state=in_s01.ulb=802958,ward,S01,,802958,boundaries/in/wards/state=in_s01/ulb=802958/all.geojson,geojson,EPSG:4326,coord-precision-round,0.0001,30,30,0,,58174,src-a1dd899f902d,,
boundaries.in.wards.state=in_s01.ulb=802959,ward,S01,,802959,boundaries/in/wards/state=in_s01/ulb=802959/all.geojson,geojson,EPSG:4326,coord-precision-round,0.0001,23,23,0,,30662,src-a1dd899f902d,,
boundaries.in.wards.state=in_s01.ulb=802960,ward,S01,,802960,boundaries/in/wards/state=in_s01/ulb=802960/all.geojson,geojson,EPSG:4326,coord-precision-round,0.0001,28,28,0,,46996,src-a1dd899f902d,,
boundaries.in.wards.state=in_s01.ulb=802961,ward,S01,,802961,boundaries/in/wards/state=in_s01/ulb=802961/all.geojson,geojson,EPSG:4326,coord-precision-round,0.0001,35,35,0,,117846,src-a1dd899f902d,,
boundaries.in.wards.state=in_s01.ulb=802962,ward,S01,,802962,boundaries/in/wards/state=in_s01/ulb=802962/all.geojson,geojson,EPSG:4326,coord-precision-round,0.0001,50,50,0,,126355,src-a1dd899f902d,,
boundaries.in.wards.state=in_s01.ulb=802963,ward,S01,,802963,boundaries/in/wards/state=in_s01/ulb=802963/all.geojson,geojson,EPSG:4326,coord-precision-round,0.0001,34,34,0,,118765,src-a1dd899f902d,,
boundaries.in.wards.state=in_s01.ulb=802964,ward,S01,,802964,boundaries/in/wards/state=in_s01/ulb=802964/all.geojson,geojson,EPSG:4326,coord-precision-round,0.0001,39,39,0,,166497,src-a1dd899f902d,,
boundaries.in.wards.state=in_s01.ulb=802965,ward,S01,,802965,boundaries/in/wards/state=in_s01/ulb=802965/all.geojson,geojson,EPSG:4326,coord-precision-round,0.0001,31,31,0,,39046,src-a1dd899f902d,,
boundaries.in.wards.state=in_s01.ulb=802966,ward,S01,,802966,boundaries/in/wards/state=in_s01/ulb=802966/all.geojson,geojson,EPSG:4326,coord-precision-round,0.0001,31,31,0,,68176,src-a1dd899f902d,,
boundaries.in.wards.state=in_s01.ulb=802967,ward,S01,,802967,boundaries/in/wards/state=in_s01/ulb=802967/all.geojson,geojson,EPSG:4326,coord-precision-round,0.0001,31,31,0,,38472,src-a1dd899f902d,,
boundaries.in.wards.state=in_s01.ulb=802969,ward,S01,,802969,boundaries/in/wards/state=in_s01/ulb=802969/all.geojson,geojson,EPSG:4326,coord-precision-round,0.0001,64,64,0,,114249,src-a1dd899f902d,,
boundaries.in.wards.state=in_s01.ulb=802970,ward,S01,,802970,boundaries/in/wards/state=in_s01/ulb=802970/all.geojson,geojson,EPSG:4326,coord-precision-round,0.0001,36,36,0,,52210,src-a1dd899f902d,,
boundaries.in.wards.state=in_s01.ulb=802971,ward,S01,,802971,boundaries/in/wards/state=in_s01/ulb=802971/all.geojson,geojson,EPSG:4326,coord-precision-round,0.0001,23,23,0,,27219,src-a1dd899f902d,,
boundaries.in.wards.state=in_s01.ulb=802972,ward,S01,,802972,boundaries/in/wards/state=in_s01/ulb=802972/all.geojson,geojson,EPSG:4326,coord-precision-round,0.0001,50,50,0,,95676,src-a1dd899f902d,,
boundaries.in.wards.state=in_s01.ulb=802973,ward,S01,,802973,boundaries/in/wards/state=in_s01/ulb=802973/all.geojson,geojson,EPSG:4326,coord-precision-round,0.0001,29,29,0,,81157,src-a1dd899f902d,,
boundaries.in.wards.state=in_s01.ulb=802974,ward,S01,,802974,boundaries/in/wards/state=in_s01/ulb=802974/all.geojson,geojson,EPSG:4326,coord-precision-round,0.0001,33,33,0,,162617,src-a1dd899f902d,,
boundaries.in.wards.state=in_s01.ulb=802977,ward,S01,,802977,boundaries/in/wards/state=in_s01/ulb=802977/all.geojson,geojson,EPSG:4326,coord-precision-round,0.0001,31,31,0,,34271,src-a1dd899f902d,,
boundaries.in.wards.state=in_s01.ulb=802978,ward,S01,,802978,boundaries/in/wards/state=in_s01/ulb=802978/all.geojson,geojson,EPSG:4326,coord-precision-round,0.0001,32,32,0,,93509,src-a1dd899f902d,,
boundaries.in.wards.state=in_s01.ulb=802979,ward,S01,,802979,boundaries/in/wards/state=in_s01/ulb=802979/all.geojson,geojson,EPSG:4326,coord-precision-round,0.0001,33,33,0,,72965,src-a1dd899f902d,,
boundaries.in.wards.state=in_s01.ulb=802980,ward,S01,,802980,boundaries/in/wards/state=in_s01/ulb=802980/all.geojson,geojson,EPSG:4326,coord-precision-round,0.0001,34,34,0,,124914,src-a1dd899f902d,,
boundaries.in.wards.state=in_s01.ulb=802981,ward,S01,,802981,boundaries/in/wards/state=in_s01/ulb=802981/all.geojson,geojson,EPSG:4326,coord-precision-round,0.0001,57,57,0,,153245,src-a1dd899f902d,,
boundaries.in.wards.state=in_s01.ulb=802982,ward,S01,,802982,boundaries/in/wards/state=in_s01/ulb=802982/all.geojson,geojson,EPSG:4326,coord-precision-round,0.0001,34,34,0,,30445,src-a1dd899f902d,,
boundaries.in.wards.state=in_s01.ulb=802983,ward,S01,,802983,boundaries/in/wards/state=in_s01/ulb=802983/all.geojson,geojson,EPSG:4326,coord-precision-round,0.0001,31,31,0,,83571,src-a1dd899f902d,,
boundaries.in.wards.state=in_s01.ulb=802984,ward,S01,,802984,boundaries/in/wards/state=in_s01/ulb=802984/all.geojson,geojson,EPSG:4326,coord-precision-round,0.0001,34,34,0,,62505,src-a1dd899f902d,,
boundaries.in.wards.state=in_s01.ulb=802985,ward,S01,,802985,boundaries/in/wards/state=in_s01/ulb=802985/all.geojson,geojson,EPSG:4326,coord-precision-round,0.0001,28,28,0,,33950,src-a1dd899f902d,,
boundaries.in.wards.state=in_s01.ulb=802986,ward,S01,,802986,boundaries/in/wards/state=in_s01/ulb=802986/all.geojson,geojson,EPSG:4326,coord-precision-round,0.0001,36,36,0,,49356,src-a1dd899f902d,,
boundaries.in.wards.state=in_s01.ulb=802987,ward,S01,,802987,boundaries/in/wards/state=in_s01/ulb=802987/all.geojson,geojson,EPSG:4326,coord-precision-round,0.0001,33,33,0,,63942,src-a1dd899f902d,,
boundaries.in.wards.state=in_s01.ulb=802988,ward,S01,,802988,boundaries/in/wards/state=in_s01/ulb=802988/all.geojson,geojson,EPSG:4326,coord-precision-round,0.0001,50,50,0,,241037,src-a1dd899f902d,,
boundaries.in.wards.state=in_s01.ulb=802989,ward,S01,,802989,boundaries/in/wards/state=in_s01/ulb=802989/all.geojson,geojson,EPSG:4326,coord-precision-round,0.0001,30,30,0,,201053,src-a1dd899f902d,,
boundaries.in.wards.state=in_s01.ulb=802990,ward,S01,,802990,boundaries/in/wards/state=in_s01/ulb=802990/all.geojson,geojson,EPSG:4326,coord-precision-round,0.0001,40,40,0,,55219,src-a1dd899f902d,,
boundaries.in.wards.state=in_s01.ulb=802991,ward,S01,,802991,boundaries/in/wards/state=in_s01/ulb=802991/all.geojson,geojson,EPSG:4326,coord-precision-round,0.0001,54,54,0,,153609,src-a1dd899f902d,,
boundaries.in.wards.state=in_s01.ulb=802992,ward,S01,,802992,boundaries/in/wards/state=in_s01/ulb=802992/all.geojson,geojson,EPSG:4326,coord-precision-round,0.0001,34,34,0,,55706,src-a1dd899f902d,,
boundaries.in.wards.state=in_s01.ulb=802993,ward,S01,,802993,boundaries/in/wards/state=in_s01/ulb=802993/all.geojson,geojson,EPSG:4326,coord-precision-round,0.0001,25,25,0,,64898,src-a1dd899f902d,,
boundaries.in.wards.state=in_s01.ulb=802994,ward,S01,,802994,boundaries/in/wards/state=in_s01/ulb=802994/all.geojson,geojson,EPSG:4326,coord-precision-round,0.0001,35,35,0,,128375,src-a1dd899f902d,,
boundaries.in.wards.state=in_s01.ulb=802995,ward,S01,,802995,boundaries/in/wards/state=in_s01/ulb=802995/all.geojson,geojson,EPSG:4326,coord-precision-round,0.0001,41,41,0,,91318,src-a1dd899f902d,,
boundaries.in.wards.state=in_s01.ulb=802996,ward,S01,,802996,boundaries/in/wards/state=in_s01/ulb=802996/all.geojson,geojson,EPSG:4326,coord-precision-round,0.0001,20,20,0,,76479,src-a1dd899f902d,,
boundaries.in.wards.state=in_s01.ulb=802997,ward,S01,,802997,boundaries/in/wards/state=in_s01/ulb=802997/all.geojson,geojson,EPSG:4326,coord-precision-round,0.0001,33,33,0,,44789,src-a1dd899f902d,,
boundaries.in.wards.state=in_s01.ulb=802998,ward,S01,,802998,boundaries/in/wards/state=in_s01/ulb=802998/all.geojson,geojson,EPSG:4326,coord-precision-round,0.0001,50,50,0,,147775,src-a1dd899f902d,,
boundaries.in.wards.state=in_s01.ulb=802999,ward,S01,,802999,boundaries/in/wards/state=in_s01/ulb=802999/all.geojson,geojson,EPSG:4326,coord-precision-round,0.0001,35,35,0,,70267,src-a1dd899f902d,,
boundaries.in.wards.state=in_s01.ulb=803000,ward,S01,,803000,boundaries/in/wards/state=in_s01/ulb=803000/all.geojson,geojson,EPSG:4326,coord-precision-round,0.0001,29,29,0,,54836,src-a1dd899f902d,,
boundaries.in.wards.state=in_s01.ulb=803001,ward,S01,,803001,boundaries/in/wards/state=in_s01/ulb=803001/all.geojson,geojson,EPSG:4326,coord-precision-round,0.0001,26,26,0,,50997,src-a1dd899f902d,,
boundaries.in.wards.state=in_s01.ulb=803002,ward,S01,,803002,boundaries/in/wards/state=in_s01/ulb=803002/all.geojson,geojson,EPSG:4326,coord-precision-round,0.0001,52,52,0,,155995,src-a1dd899f902d,,
boundaries.in.wards.state=in_s01.ulb=803003,ward,S01,,803003,boundaries/in/wards/state=in_s01/ulb=803003/all.geojson,geojson,EPSG:4326,coord-precision-round,0.0001,42,42,0,,64371,src-a1dd899f902d,,
boundaries.in.wards.state=in_s01.ulb=803004,ward,S01,,803004,boundaries/in/wards/state=in_s01/ulb=803004/all.geojson,geojson,EPSG:4326,coord-precision-round,0.0001,43,43,0,,67035,src-a1dd899f902d,,
boundaries.in.wards.state=in_s01.ulb=803005,ward,S01,,803005,boundaries/in/wards/state=in_s01/ulb=803005/all.geojson,geojson,EPSG:4326,coord-precision-round,0.0001,32,32,0,,29050,src-a1dd899f902d,,
boundaries.in.wards.state=in_s01.ulb=803006,ward,S01,,803006,boundaries/in/wards/state=in_s01/ulb=803006/all.geojson,geojson,EPSG:4326,coord-precision-round,0.0001,32,32,0,,88949,src-a1dd899f902d,,
boundaries.in.wards.state=in_s01.ulb=803007,ward,S01,,803007,boundaries/in/wards/state=in_s01/ulb=803007/all.geojson,geojson,EPSG:4326,coord-precision-round,0.0001,37,37,0,,141137,src-a1dd899f902d,,
boundaries.in.wards.state=in_s01.ulb=803009,ward,S01,,803009,boundaries/in/wards/state=in_s01/ulb=803009/all.geojson,geojson,EPSG:4326,coord-precision-round,0.0001,50,50,0,,71098,src-a1dd899f902d,,
boundaries.in.wards.state=in_s01.ulb=803010,ward,S01,,803010,boundaries/in/wards/state=in_s01/ulb=803010/all.geojson,geojson,EPSG:4326,coord-precision-round,0.0001,40,40,0,,45276,src-a1dd899f902d,,
boundaries.in.wards.state=in_s01.ulb=803011,ward,S01,,803011,boundaries/in/wards/state=in_s01/ulb=803011/all.geojson,geojson,EPSG:4326,coord-precision-round,0.0001,36,36,0,,87818,src-a1dd899f902d,,
boundaries.in.wards.state=in_s01.ulb=803012,ward,S01,,803012,boundaries/in/wards/state=in_s01/ulb=803012/all.geojson,geojson,EPSG:4326,coord-precision-round,0.0001,38,38,0,,81698,src-a1dd899f902d,,
boundaries.in.wards.state=in_s01.ulb=803013,ward,S01,,803013,boundaries/in/wards/state=in_s01/ulb=803013/all.geojson,geojson,EPSG:4326,coord-precision-round,0.0001,35,35,0,,99996,src-a1dd899f902d,,
boundaries.in.wards.state=in_s01.ulb=803014,ward,S01,,803014,boundaries/in/wards/state=in_s01/ulb=803014/all.geojson,geojson,EPSG:4326,coord-precision-round,0.0001,50,50,0,,98660,src-a1dd899f902d,,
boundaries.in.wards.state=in_s01.ulb=803015,ward,S01,,803015,boundaries/in/wards/state=in_s01/ulb=803015/all.geojson,geojson,EPSG:4326,coord-precision-round,0.0001,34,34,0,,63228,src-a1dd899f902d,,
boundaries.in.wards.state=in_s01.ulb=803016,ward,S01,,803016,boundaries/in/wards/state=in_s01/ulb=803016/all.geojson,geojson,EPSG:4326,coord-precision-round,0.0001,29,29,0,,50750,src-a1dd899f902d,,
boundaries.in.wards.state=in_s01.ulb=803017,ward,S01,,803017,boundaries/in/wards/state=in_s01/ulb=803017/all.geojson,geojson,EPSG:4326,coord-precision-round,0.0001,24,24,0,,40200,src-a1dd899f902d,,
boundaries.in.wards.state=in_s01.ulb=803018,ward,S01,,803018,boundaries/in/wards/state=in_s01/ulb=803018/all.geojson,geojson,EPSG:4326,coord-precision-round,0.0001,31,31,0,,53562,src-a1dd899f902d,,
boundaries.in.wards.state=in_s01.ulb=803019,ward,S01,,803019,boundaries/in/wards/state=in_s01/ulb=803019/all.geojson,geojson,EPSG:4326,coord-precision-round,0.0001,50,50,0,,247957,src-a1dd899f902d,,
boundaries.in.wards.state=in_s01.ulb=803020,ward,S01,,803020,boundaries/in/wards/state=in_s01/ulb=803020/all.geojson,geojson,EPSG:4326,coord-precision-round,0.0001,26,26,0,,45434,src-a1dd899f902d,,
boundaries.in.wards.state=in_s01.ulb=900001,ward,S01,,900001,boundaries/in/wards/state=in_s01/ulb=900001/all.geojson,geojson,EPSG:4326,coord-precision-round,0.0001,20,20,0,,70696,src-a1dd899f902d,,
boundaries.in.wards.state=in_s01.ulb=900063,ward,S01,,900063,boundaries/in/wards/state=in_s01/ulb=900063/all.geojson,geojson,EPSG:4326,coord-precision-round,0.0001,19,19,0,,79956,src-a1dd899f902d,,
boundaries.in.wards.state=in_s01.ulb=900064,ward,S01,,900064,boundaries/in/wards/state=in_s01/ulb=900064/all.geojson,geojson,EPSG:4326,coord-precision-round,0.0001,22,22,0,,63801,src-a1dd899f902d,,
boundaries.in.wards.state=in_s01.ulb=900076,ward,S01,,900076,boundaries/in/wards/state=in_s01/ulb=900076/all.geojson,geojson,EPSG:4326,coord-precision-round,0.0001,20,20,0,,84339,src-a1dd899f902d,,
boundaries.in.wards.state=in_s01.ulb=900077,ward,S01,,900077,boundaries/in/wards/state=in_s01/ulb=900077/all.geojson,geojson,EPSG:4326,coord-precision-round,0.0001,28,28,0,,71175,src-a1dd899f902d,,
boundaries.in.wards.state=in_s01.ulb=900078,ward,S01,,900078,boundaries/in/wards/state=in_s01/ulb=900078/all.geojson,geojson,EPSG:4326,coord-precision-round,0.0001,25,25,0,,75766,src-a1dd899f902d,,
boundaries.in.wards.state=in_s01.ulb=900080,ward,S01,,900080,boundaries/in/wards/state=in_s01/ulb=900080/all.geojson,geojson,EPSG:4326,coord-precision-round,0.0001,20,20,0,,70590,src-a1dd899f902d,,
boundaries.in.wards.state=in_s01.ulb=900081,ward,S01,,900081,boundaries/in/wards/state=in_s01/ulb=900081/all.geojson,geojson,EPSG:4326,coord-precision-round,0.0001,20,20,0,,24996,src-a1dd899f902d,,
boundaries.in.wards.state=in_s01.ulb=900082,ward,S01,,900082,boundaries/in/wards/state=in_s01/ulb=900082/all.geojson,geojson,EPSG:4326,coord-precision-round,0.0001,20,20,0,,88228,src-a1dd899f902d,,
boundaries.in.wards.state=in_s01.ulb=900084,ward,S01,,900084,boundaries/in/wards/state=in_s01/ulb=900084/all.geojson,geojson,EPSG:4326,coord-precision-round,0.0001,20,20,0,,104783,src-a1dd899f902d,,
boundaries.in.wards.state=in_s01.ulb=900087,ward,S01,,900087,boundaries/in/wards/state=in_s01/ulb=900087/all.geojson,geojson,EPSG:4326,coord-precision-round,0.0001,24,24,0,,52459,src-a1dd899f902d,,
boundaries.in.wards.state=in_s01.ulb=900088,ward,S01,,900088,boundaries/in/wards/state=in_s01/ulb=900088/all.geojson,geojson,EPSG:4326,coord-precision-round,0.0001,20,20,0,,28108,src-a1dd899f902d,,
boundaries.in.wards.state=in_s01.ulb=900089,ward,S01,,900089,boundaries/in/wards/state=in_s01/ulb=900089/all.geojson,geojson,EPSG:4326,coord-precision-round,0.0001,24,24,0,,112491,src-a1dd899f902d,,
boundaries.in.wards.state=in_s01.ulb=900090,ward,S01,,900090,boundaries/in/wards/state=in_s01/ulb=900090/all.geojson,geojson,EPSG:4326,coord-precision-round,0.0001,24,24,0,,118284,src-a1dd899f902d,,
boundaries.in.wards.state=in_s01.ulb=900092,ward,S01,,900092,boundaries/in/wards/state=in_s01/ulb=900092/all.geojson,geojson,EPSG:4326,coord-precision-round,0.0001,18,18,0,,103741,src-a1dd899f902d,,
boundaries.in.wards.state=in_s01.ulb=900093,ward,S01,,900093,boundaries/in/wards/state=in_s01/ulb=900093/all.geojson,geojson,EPSG:4326,coord-precision-round,0.0001,20,20,0,,43002,src-a1dd899f902d,,
boundaries.in.wards.state=in_s01.ulb=900094,ward,S01,,900094,boundaries/in/wards/state=in_s01/ulb=900094/all.geojson,geojson,EPSG:4326,coord-precision-round,0.0001,29,29,0,,31738,src-a1dd899f902d,,
boundaries.in.wards.state=in_s01.ulb=900095,ward,S01,,900095,boundaries/in/wards/state=in_s01/ulb=900095/all.geojson,geojson,EPSG:4326,coord-precision-round,0.0001,20,20,0,,63843,src-a1dd899f902d,,
boundaries.in.wards.state=in_s01.ulb=900098,ward,S01,,900098,boundaries/in/wards/state=in_s01/ulb=900098/all.geojson,geojson,EPSG:4326,coord-precision-round,0.0001,20,20,0,,23732,src-a1dd899f902d,,
boundaries.in.wards.state=in_s01.ulb=900099,ward,S01,,900099,boundaries/in/wards/state=in_s01/ulb=900099/all.geojson,geojson,EPSG:4326,coord-precision-round,0.0001,20,20,0,,43346,src-a1dd899f902d,,
boundaries.in.wards.state=in_s01.ulb=900100,ward,S01,,900100,boundaries/in/wards/state=in_s01/ulb=900100/all.geojson,geojson,EPSG:4326,coord-precision-round,0.0001,25,25,0,,43626,src-a1dd899f902d,,
boundaries.in.wards.state=in_s01.ulb=900101,ward,S01,,900101,boundaries/in/wards/state=in_s01/ulb=900101/all.geojson,geojson,EPSG:4326,coord-precision-round,0.0001,25,25,0,,44180,src-a1dd899f902d,,
boundaries.in.wards.state=in_s01.ulb=900102,ward,S01,,900102,boundaries/in/wards/state=in_s01/ulb=900102/all.geojson,geojson,EPSG:4326,coord-precision-round,0.0001,20,20,0,,52680,src-a1dd899f902d,,
boundaries.in.wards.state=in_s01.ulb=900104,ward,S01,,900104,boundaries/in/wards/state=in_s01/ulb=900104/all.geojson,geojson,EPSG:4326,coord-precision-round,0.0001,20,20,0,,31850,src-a1dd899f902d,,
boundaries.in.wards.state=in_s01.ulb=900129,ward,S01,,900129,boundaries/in/wards/state=in_s01/ulb=900129/all.geojson,geojson,EPSG:4326,coord-precision-round,0.0001,20,20,0,,103529,src-a1dd899f902d,,
boundaries.in.wards.state=in_s01.ulb=900148,ward,S01,,900148,boundaries/in/wards/state=in_s01/ulb=900148/all.geojson,geojson,EPSG:4326,coord-precision-round,0.0001,20,20,0,,77179,src-a1dd899f902d,,
boundaries.in.wards.state=in_s01.ulb=900149,ward,S01,,900149,boundaries/in/wards/state=in_s01/ulb=900149/all.geojson,geojson,EPSG:4326,coord-precision-round,0.0001,20,20,0,,86348,src-a1dd899f902d,,
boundaries.in.wards.state=in_s01.ulb=900153,ward,S01,,900153,boundaries/in/wards/state=in_s01/ulb=900153/all.geojson,geojson,EPSG:4326,coord-precision-round,0.0001,20,20,0,,65168,src-a1dd899f902d,,
boundaries.in.wards.state=in_s03.ulb=801546,ward,S03,,801546,boundaries/in/wards/state=in_s03/ulb=801546/all.geojson,geojson,EPSG:4326,coord-precision-round,0.0001,4,4,0,,3106,src-a1dd899f902d,,
boundaries.in.wards.state=in_s03.ulb=801548,ward,S03,,801548,boundaries/in/wards/state=in_s03/ulb=801548/all.geojson,geojson,EPSG:4326,coord-precision-round,0.0001,4,4,0,,11757,src-a1dd899f902d,,
boundaries.in.wards.state=in_s03.ulb=801549,ward,S03,,801549,boundaries/in/wards/state=in_s03/ulb=801549/all.geojson,geojson,EPSG:4326,coord-precision-round,0.0001,16,16,0,,18451,src-a1dd899f902d,,
boundaries.in.wards.state=in_s03.ulb=801550,ward,S03,,801550,boundaries/in/wards/state=in_s03/ulb=801550/all.geojson,geojson,EPSG:4326,coord-precision-round,0.0001,4,4,0,,5269,src-a1dd899f902d,,
boundaries.in.wards.state=in_s03.ulb=801551,ward,S03,,801551,boundaries/in/wards/state=in_s03/ulb=801551/all.geojson,geojson,EPSG:4326,coord-precision-round,0.0001,14,14,0,,25262,src-a1dd899f902d,,
boundaries.in.wards.state=in_s03.ulb=801552,ward,S03,,801552,boundaries/in/wards/state=in_s03/ulb=801552/all.geojson,geojson,EPSG:4326,coord-precision-round,0.0001,8,8,0,,13365,src-a1dd899f902d,,
boundaries.in.wards.state=in_s03.ulb=801553,ward,S03,,801553,boundaries/in/wards/state=in_s03/ulb=801553/all.geojson,geojson,EPSG:4326,coord-precision-round,0.0001,4,4,0,,4537,src-a1dd899f902d,,
boundaries.in.wards.state=in_s03.ulb=801556,ward,S03,,801556,boundaries/in/wards/state=in_s03/ulb=801556/all.geojson,geojson,EPSG:4326,coord-precision-round,0.0001,10,10,0,,13930,src-a1dd899f902d,,
boundaries.in.wards.state=in_s03.ulb=801557,ward,S03,,801557,boundaries/in/wards/state=in_s03/ulb=801557/all.geojson,geojson,EPSG:4326,coord-precision-round,0.0001,22,22,0,,122183,src-a1dd899f902d,,
boundaries.in.wards.state=in_s03.ulb=801558,ward,S03,,801558,boundaries/in/wards/state=in_s03/ulb=801558/all.geojson,geojson,EPSG:4326,coord-precision-round,0.0001,4,4,0,,3351,src-a1dd899f902d,,
boundaries.in.wards.state=in_s03.ulb=801559,ward,S03,,801559,boundaries/in/wards/state=in_s03/ulb=801559/all.geojson,geojson,EPSG:4326,coord-precision-round,0.0001,4,4,0,,6928,src-a1dd899f902d,,
boundaries.in.wards.state=in_s03.ulb=801560,ward,S03,,801560,boundaries/in/wards/state=in_s03/ulb=801560/all.geojson,geojson,EPSG:4326,coord-precision-round,0.0001,10,10,0,,12565,src-a1dd899f902d,,
boundaries.in.wards.state=in_s03.ulb=801561,ward,S03,,801561,boundaries/in/wards/state=in_s03/ulb=801561/all.geojson,geojson,EPSG:4326,coord-precision-round,0.0001,6,6,0,,5929,src-a1dd899f902d,,
boundaries.in.wards.state=in_s03.ulb=801563,ward,S03,,801563,boundaries/in/wards/state=in_s03/ulb=801563/all.geojson,geojson,EPSG:4326,coord-precision-round,0.0001,26,26,0,,41045,src-a1dd899f902d,,
boundaries.in.wards.state=in_s03.ulb=801570,ward,S03,,801570,boundaries/in/wards/state=in_s03/ulb=801570/all.geojson,geojson,EPSG:4326,coord-precision-round,0.0001,10,10,0,,9187,src-a1dd899f902d,,
boundaries.in.wards.state=in_s03.ulb=801571,ward,S03,,801571,boundaries/in/wards/state=in_s03/ulb=801571/all.geojson,geojson,EPSG:4326,coord-precision-round,0.0001,4,4,0,,4866,src-a1dd899f902d,,
boundaries.in.wards.state=in_s03.ulb=801572,ward,S03,,801572,boundaries/in/wards/state=in_s03/ulb=801572/all.geojson,geojson,EPSG:4326,coord-precision-round,0.0001,19,19,0,,19646,src-a1dd899f902d,,
boundaries.in.wards.state=in_s03.ulb=801575,ward,S03,,801575,boundaries/in/wards/state=in_s03/ulb=801575/all.geojson,geojson,EPSG:4326,coord-precision-round,0.0001,6,6,0,,14906,src-a1dd899f902d,,
boundaries.in.wards.state=in_s03.ulb=801576,ward,S03,,801576,boundaries/in/wards/state=in_s03/ulb=801576/all.geojson,geojson,EPSG:4326,coord-precision-round,0.0001,10,10,0,,40596,src-a1dd899f902d,,
boundaries.in.wards.state=in_s03.ulb=801577,ward,S03,,801577,boundaries/in/wards/state=in_s03/ulb=801577/all.geojson,geojson,EPSG:4326,coord-precision-round,0.0001,14,14,0,,56692,src-a1dd899f902d,,
boundaries.in.wards.state=in_s03.ulb=801578,ward,S03,,801578,boundaries/in/wards/state=in_s03/ulb=801578/all.geojson,geojson,EPSG:4326,coord-precision-round,0.0001,4,4,0,,13146,src-a1dd899f902d,,
boundaries.in.wards.state=in_s03.ulb=801579,ward,S03,,801579,boundaries/in/wards/state=in_s03/ulb=801579/all.geojson,geojson,EPSG:4326,coord-precision-round,0.0001,1,1,0,,1205,src-a1dd899f902d,,
boundaries.in.wards.state=in_s03.ulb=801580,ward,S03,,801580,boundaries/in/wards/state=in_s03/ulb=801580/all.geojson,geojson,EPSG:4326,coord-precision-round,0.0001,11,11,0,,13313,src-a1dd899f902d,,
boundaries.in.wards.state=in_s03.ulb=801581,ward,S03,,801581,boundaries/in/wards/state=in_s03/ulb=801581/all.geojson,geojson,EPSG:4326,coord-precision-round,0.0001,10,10,0,,11180,src-a1dd899f902d,,
boundaries.in.wards.state=in_s03.ulb=801582,ward,S03,,801582,boundaries/in/wards/state=in_s03/ulb=801582/all.geojson,geojson,EPSG:4326,coord-precision-round,0.0001,8,8,0,,17012,src-a1dd899f902d,,
boundaries.in.wards.state=in_s03.ulb=801583,ward,S03,,801583,boundaries/in/wards/state=in_s03/ulb=801583/all.geojson,geojson,EPSG:4326,coord-precision-round,0.0001,15,15,0,,37185,src-a1dd899f902d,,
boundaries.in.wards.state=in_s03.ulb=801584,ward,S03,,801584,boundaries/in/wards/state=in_s03/ulb=801584/all.geojson,geojson,EPSG:4326,coord-precision-round,0.0001,21,21,0,,45495,src-a1dd899f902d,,
boundaries.in.wards.state=in_s03.ulb=801585,ward,S03,,801585,boundaries/in/wards/state=in_s03/ulb=801585/all.geojson,geojson,EPSG:4326,coord-precision-round,0.0001,8,8,0,,15675,src-a1dd899f902d,,
boundaries.in.wards.state=in_s03.ulb=801587,ward,S03,,801587,boundaries/in/wards/state=in_s03/ulb=801587/all.geojson,geojson,EPSG:4326,coord-precision-round,0.0001,4,4,0,,4790,src-a1dd899f902d,,
boundaries.in.wards.state=in_s03.ulb=801588,ward,S03,,801588,boundaries/in/wards/state=in_s03/ulb=801588/all.geojson,geojson,EPSG:4326,coord-precision-round,0.0001,4,4,0,,3924,src-a1dd899f902d,,
boundaries.in.wards.state=in_s03.ulb=801597,ward,S03,,801597,boundaries/in/wards/state=in_s03/ulb=801597/all.geojson,geojson,EPSG:4326,coord-precision-round,0.0001,7,7,0,,6851,src-a1dd899f902d,,
boundaries.in.wards.state=in_s03.ulb=801598,ward,S03,,801598,boundaries/in/wards/state=in_s03/ulb=801598/all.geojson,geojson,EPSG:4326,coord-precision-round,0.0001,5,5,0,,5740,src-a1dd899f902d,,
boundaries.in.wards.state=in_s03.ulb=801599,ward,S03,,801599,boundaries/in/wards/state=in_s03/ulb=801599/all.geojson,geojson,EPSG:4326,coord-precision-round,0.0001,4,4,0,,6780,src-a1dd899f902d,,
boundaries.in.wards.state=in_s03.ulb=801600,ward,S03,,801600,boundaries/in/wards/state=in_s03/ulb=801600/all.geojson,geojson,EPSG:4326,coord-precision-round,0.0001,10,10,0,,12843,src-a1dd899f902d,,
boundaries.in.wards.state=in_s03.ulb=801601,ward,S03,,801601,boundaries/in/wards/state=in_s03/ulb=801601/all.geojson,geojson,EPSG:4326,coord-precision-round,0.0001,13,13,0,,17673,src-a1dd899f902d,,
boundaries.in.wards.state=in_s03.ulb=801602,ward,S03,,801602,boundaries/in/wards/state=in_s03/ulb=801602/all.geojson,geojson,EPSG:4326,coord-precision-round,0.0001,4,4,0,,3979,src-a1dd899f902d,,
boundaries.in.wards.state=in_s03.ulb=801603,ward,S03,,801603,boundaries/in/wards/state=in_s03/ulb=801603/all.geojson,geojson,EPSG:4326,coord-precision-round,0.0001,4,4,0,,4601,src-a1dd899f902d,,
boundaries.in.wards.state=in_s03.ulb=801606,ward,S03,,801606,boundaries/in/wards/state=in_s03/ulb=801606/all.geojson,geojson,EPSG:4326,coord-precision-round,0.0001,14,14,0,,16399,src-a1dd899f902d,,
boundaries.in.wards.state=in_s03.ulb=801607,ward,S03,,801607,boundaries/in/wards/state=in_s03/ulb=801607/all.geojson,geojson,EPSG:4326,coord-precision-round,0.0001,7,7,0,,29960,src-a1dd899f902d,,
boundaries.in.wards.state=in_s03.ulb=801608,ward,S03,,801608,boundaries/in/wards/state=in_s03/ulb=801608/all.geojson,geojson,EPSG:4326,coord-precision-round,0.0001,5,5,0,,11822,src-a1dd899f902d,,
boundaries.in.wards.state=in_s03.ulb=801609,ward,S03,,801609,boundaries/in/wards/state=in_s03/ulb=801609/all.geojson,geojson,EPSG:4326,coord-precision-round,0.0001,6,6,0,,13532,src-a1dd899f902d,,
boundaries.in.wards.state=in_s03.ulb=801610,ward,S03,,801610,boundaries/in/wards/state=in_s03/ulb=801610/all.geojson,geojson,EPSG:4326,coord-precision-round,0.0001,9,9,0,,28814,src-a1dd899f902d,,
boundaries.in.wards.state=in_s03.ulb=801611,ward,S03,,801611,boundaries/in/wards/state=in_s03/ulb=801611/all.geojson,geojson,EPSG:4326,coord-precision-round,0.0001,13,13,0,,64875,src-a1dd899f902d,,
boundaries.in.wards.state=in_s03.ulb=801613,ward,S03,,801613,boundaries/in/wards/state=in_s03/ulb=801613/all.geojson,geojson,EPSG:4326,coord-precision-round,0.0001,10,10,0,,19705,src-a1dd899f902d,,
boundaries.in.wards.state=in_s03.ulb=801615,ward,S03,,801615,boundaries/in/wards/state=in_s03/ulb=801615/all.geojson,geojson,EPSG:4326,coord-precision-round,0.0001,10,10,0,,23092,src-a1dd899f902d,,
boundaries.in.wards.state=in_s03.ulb=801617,ward,S03,,801617,boundaries/in/wards/state=in_s03/ulb=801617/all.geojson,geojson,EPSG:4326,coord-precision-round,0.0001,4,4,0,,5514,src-a1dd899f902d,,
boundaries.in.wards.state=in_s03.ulb=801619,ward,S03,,801619,boundaries/in/wards/state=in_s03/ulb=801619/all.geojson,geojson,EPSG:4326,coord-precision-round,0.0001,10,10,0,,21249,src-a1dd899f902d,,
boundaries.in.wards.state=in_s03.ulb=801621,ward,S03,,801621,boundaries/in/wards/state=in_s03/ulb=801621/all.geojson,geojson,EPSG:4326,coord-precision-round,0.0001,3,3,0,,44125,src-a1dd899f902d,,
boundaries.in.wards.state=in_s03.ulb=801624,ward,S03,,801624,boundaries/in/wards/state=in_s03/ulb=801624/all.geojson,geojson,EPSG:4326,coord-precision-round,0.0001,10,10,0,,14637,src-a1dd899f902d,,
boundaries.in.wards.state=in_s03.ulb=801625,ward,S03,,801625,boundaries/in/wards/state=in_s03/ulb=801625/all.geojson,geojson,EPSG:4326,coord-precision-round,0.0001,10,10,0,,10512,src-a1dd899f902d,,
boundaries.in.wards.state=in_s03.ulb=801632,ward,S03,,801632,boundaries/in/wards/state=in_s03/ulb=801632/all.geojson,geojson,EPSG:4326,coord-precision-round,0.0001,4,4,0,,5004,src-a1dd899f902d,,
boundaries.in.wards.state=in_s03.ulb=801633,ward,S03,,801633,boundaries/in/wards/state=in_s03/ulb=801633/all.geojson,geojson,EPSG:4326,coord-precision-round,0.0001,6,6,0,,6500,src-a1dd899f902d,,
boundaries.in.wards.state=in_s03.ulb=900008,ward,S03,,900008,boundaries/in/wards/state=in_s03/ulb=900008/all.geojson,geojson,EPSG:4326,coord-precision-round,0.0001,10,10,0,,9812,src-a1dd899f902d,,
boundaries.in.wards.state=in_s03.ulb=900073,ward,S03,,900073,boundaries/in/wards/state=in_s03/ulb=900073/all.geojson,geojson,EPSG:4326,coord-precision-round,0.0001,6,6,0,,25621,src-a1dd899f902d,,
boundaries.in.wards.state=in_s03.ulb=900074,ward,S03,,900074,boundaries/in/wards/state=in_s03/ulb=900074/all.geojson,geojson,EPSG:4326,coord-precision-round,0.0001,4,4,0,,3877,src-a1dd899f902d,,
boundaries.in.wards.state=in_s03.ulb=900075,ward,S03,,900075,boundaries/in/wards/state=in_s03/ulb=900075/all.geojson,geojson,EPSG:4326,coord-precision-round,0.0001,7,7,0,,44571,src-a1dd899f902d,,
boundaries.in.wards.state=in_s03.ulb=900323,ward,S03,,900323,boundaries/in/wards/state=in_s03/ulb=900323/all.geojson,geojson,EPSG:4326,coord-precision-round,0.0001,11,11,0,,22585,src-a1dd899f902d,,
boundaries.in.wards.state=in_s03.ulb=900324,ward,S03,,900324,boundaries/in/wards/state=in_s03/ulb=900324/all.geojson,geojson,EPSG:4326,coord-precision-round,0.0001,8,8,0,,27716,src-a1dd899f902d,,
boundaries.in.wards.state=in_s04.ulb=801281,ward,S04,,801281,boundaries/in/wards/state=in_s04/ulb=801281/all.geojson,geojson,EPSG:4326,coord-precision-round,0.0001,39,39,0,,121132,src-a1dd899f902d,,
boundaries.in.wards.state=in_s04.ulb=801285,ward,S04,,801285,boundaries/in/wards/state=in_s04/ulb=801285/all.geojson,geojson,EPSG:4326,coord-precision-round,0.0001,38,38,0,,121585,src-a1dd899f902d,,
boundaries.in.wards.state=in_s04.ulb=801295,ward,S04,,801295,boundaries/in/wards/state=in_s04/ulb=801295/all.geojson,geojson,EPSG:4326,coord-precision-round,0.0001,28,28,0,,79542,src-a1dd899f902d,,
boundaries.in.wards.state=in_s04.ulb=801301,ward,S04,,801301,boundaries/in/wards/state=in_s04/ulb=801301/all.geojson,geojson,EPSG:4326,coord-precision-round,0.0001,11,11,0,,36117,src-a1dd899f902d,,
boundaries.in.wards.state=in_s04.ulb=801310,ward,S04,,801310,boundaries/in/wards/state=in_s04/ulb=801310/all.geojson,geojson,EPSG:4326,coord-precision-round,0.0001,34,34,0,,157109,src-a1dd899f902d,,
boundaries.in.wards.state=in_s04.ulb=801312,ward,S04,,801312,boundaries/in/wards/state=in_s04/ulb=801312/all.geojson,geojson,EPSG:4326,coord-precision-round,0.0001,46,46,0,,324442,src-a1dd899f902d,,
boundaries.in.wards.state=in_s04.ulb=801314,ward,S04,,801314,boundaries/in/wards/state=in_s04/ulb=801314/all.geojson,geojson,EPSG:4326,coord-precision-round,0.0001,45,45,0,,182133,src-a1dd899f902d,,
boundaries.in.wards.state=in_s04.ulb=801318,ward,S04,,801318,boundaries/in/wards/state=in_s04/ulb=801318/all.geojson,geojson,EPSG:4326,coord-precision-round,0.0001,40,40,0,,174231,src-a1dd899f902d,,
boundaries.in.wards.state=in_s04.ulb=801319,ward,S04,,801319,boundaries/in/wards/state=in_s04/ulb=801319/all.geojson,geojson,EPSG:4326,coord-precision-round,0.0001,48,48,0,,179718,src-a1dd899f902d,,
boundaries.in.wards.state=in_s04.ulb=801320,ward,S04,,801320,boundaries/in/wards/state=in_s04/ulb=801320/all.geojson,geojson,EPSG:4326,coord-precision-round,0.0001,29,29,0,,220912,src-a1dd899f902d,,
boundaries.in.wards.state=in_s04.ulb=801324,ward,S04,,801324,boundaries/in/wards/state=in_s04/ulb=801324/all.geojson,geojson,EPSG:4326,coord-precision-round,0.0001,49,49,0,,179207,src-a1dd899f902d,,
boundaries.in.wards.state=in_s04.ulb=801329,ward,S04,,801329,boundaries/in/wards/state=in_s04/ulb=801329/all.geojson,geojson,EPSG:4326,coord-precision-round,0.0001,38,38,0,,120658,src-a1dd899f902d,,
boundaries.in.wards.state=in_s04.ulb=801332,ward,S04,,801332,boundaries/in/wards/state=in_s04/ulb=801332/all.geojson,geojson,EPSG:4326,coord-precision-round,0.0001,21,21,0,,65884,src-a1dd899f902d,,
boundaries.in.wards.state=in_s04.ulb=801333,ward,S04,,801333,boundaries/in/wards/state=in_s04/ulb=801333/all.geojson,geojson,EPSG:4326,coord-precision-round,0.0001,44,44,0,,138942,src-a1dd899f902d,,
boundaries.in.wards.state=in_s04.ulb=801335,ward,S04,,801335,boundaries/in/wards/state=in_s04/ulb=801335/all.geojson,geojson,EPSG:4326,coord-precision-round,0.0001,18,18,0,,60453,src-a1dd899f902d,,
boundaries.in.wards.state=in_s04.ulb=801336,ward,S04,,801336,boundaries/in/wards/state=in_s04/ulb=801336/all.geojson,geojson,EPSG:4326,coord-precision-round,0.0001,21,21,0,,49575,src-a1dd899f902d,,
boundaries.in.wards.state=in_s04.ulb=801338,ward,S04,,801338,boundaries/in/wards/state=in_s04/ulb=801338/all.geojson,geojson,EPSG:4326,coord-precision-round,0.0001,39,39,0,,173144,src-a1dd899f902d,,
boundaries.in.wards.state=in_s04.ulb=801339,ward,S04,,801339,boundaries/in/wards/state=in_s04/ulb=801339/all.geojson,geojson,EPSG:4326,coord-precision-round,0.0001,23,23,0,,49236,src-a1dd899f902d,,
boundaries.in.wards.state=in_s04.ulb=801340,ward,S04,,801340,boundaries/in/wards/state=in_s04/ulb=801340/all.geojson,geojson,EPSG:4326,coord-precision-round,0.0001,29,29,0,,70857,src-a1dd899f902d,,
boundaries.in.wards.state=in_s04.ulb=801344,ward,S04,,801344,boundaries/in/wards/state=in_s04/ulb=801344/all.geojson,geojson,EPSG:4326,coord-precision-round,0.0001,25,25,0,,115296,src-a1dd899f902d,,
boundaries.in.wards.state=in_s04.ulb=801345,ward,S04,,801345,boundaries/in/wards/state=in_s04/ulb=801345/all.geojson,geojson,EPSG:4326,coord-precision-round,0.0001,30,30,0,,137838,src-a1dd899f902d,,
boundaries.in.wards.state=in_s04.ulb=801346,ward,S04,,801346,boundaries/in/wards/state=in_s04/ulb=801346/all.geojson,geojson,EPSG:4326,coord-precision-round,0.0001,45,45,0,,248991,src-a1dd899f902d,,
boundaries.in.wards.state=in_s04.ulb=801349,ward,S04,,801349,boundaries/in/wards/state=in_s04/ulb=801349/all.geojson,geojson,EPSG:4326,coord-precision-round,0.0001,26,26,0,,72894,src-a1dd899f902d,,
boundaries.in.wards.state=in_s04.ulb=801351,ward,S04,,801351,boundaries/in/wards/state=in_s04/ulb=801351/all.geojson,geojson,EPSG:4326,coord-precision-round,0.0001,23,23,0,,81943,src-a1dd899f902d,,
boundaries.in.wards.state=in_s04.ulb=801353,ward,S04,,801353,boundaries/in/wards/state=in_s04/ulb=801353/all.geojson,geojson,EPSG:4326,coord-precision-round,0.0001,25,25,0,,79810,src-a1dd899f902d,,
boundaries.in.wards.state=in_s04.ulb=801354,ward,S04,,801354,boundaries/in/wards/state=in_s04/ulb=801354/all.geojson,geojson,EPSG:4326,coord-precision-round,0.0001,51,51,0,,204354,src-a1dd899f902d,,
boundaries.in.wards.state=in_s04.ulb=801356,ward,S04,,801356,boundaries/in/wards/state=in_s04/ulb=801356/all.geojson,geojson,EPSG:4326,coord-precision-round,0.0001,26,26,0,,156569,src-a1dd899f902d,,
boundaries.in.wards.state=in_s04.ulb=801357,ward,S04,,801357,boundaries/in/wards/state=in_s04/ulb=801357/all.geojson,geojson,EPSG:4326,coord-precision-round,0.0001,45,45,0,,161159,src-a1dd899f902d,,
boundaries.in.wards.state=in_s04.ulb=801358,ward,S04,,801358,boundaries/in/wards/state=in_s04/ulb=801358/all.geojson,geojson,EPSG:4326,coord-precision-round,0.0001,36,36,0,,91478,src-a1dd899f902d,,
boundaries.in.wards.state=in_s04.ulb=801360,ward,S04,,801360,boundaries/in/wards/state=in_s04/ulb=801360/all.geojson,geojson,EPSG:4326,coord-precision-round,0.0001,24,24,0,,65814,src-a1dd899f902d,,
boundaries.in.wards.state=in_s04.ulb=801363,ward,S04,,801363,boundaries/in/wards/state=in_s04/ulb=801363/all.geojson,geojson,EPSG:4326,coord-precision-round,0.0001,27,27,0,,236105,src-a1dd899f902d,,
boundaries.in.wards.state=in_s04.ulb=801364,ward,S04,,801364,boundaries/in/wards/state=in_s04/ulb=801364/all.geojson,geojson,EPSG:4326,coord-precision-round,0.0001,46,46,0,,202985,src-a1dd899f902d,,
boundaries.in.wards.state=in_s04.ulb=801365,ward,S04,,801365,boundaries/in/wards/state=in_s04/ulb=801365/all.geojson,geojson,EPSG:4326,coord-precision-round,0.0001,27,27,0,,128830,src-a1dd899f902d,,
boundaries.in.wards.state=in_s04.ulb=801367,ward,S04,,801367,boundaries/in/wards/state=in_s04/ulb=801367/all.geojson,geojson,EPSG:4326,coord-precision-round,0.0001,19,19,0,,78258,src-a1dd899f902d,,
boundaries.in.wards.state=in_s04.ulb=801369,ward,S04,,801369,boundaries/in/wards/state=in_s04/ulb=801369/all.geojson,geojson,EPSG:4326,coord-precision-round,0.0001,19,19,0,,43577,src-a1dd899f902d,,
boundaries.in.wards.state=in_s04.ulb=801370,ward,S04,,801370,boundaries/in/wards/state=in_s04/ulb=801370/all.geojson,geojson,EPSG:4326,coord-precision-round,0.0001,40,40,0,,146852,src-a1dd899f902d,,
boundaries.in.wards.state=in_s04.ulb=801372,ward,S04,,801372,boundaries/in/wards/state=in_s04/ulb=801372/all.geojson,geojson,EPSG:4326,coord-precision-round,0.0001,27,27,0,,72794,src-a1dd899f902d,,
boundaries.in.wards.state=in_s04.ulb=801373,ward,S04,,801373,boundaries/in/wards/state=in_s04/ulb=801373/all.geojson,geojson,EPSG:4326,coord-precision-round,0.0001,631,631,0,,3579526,src-a1dd899f902d,,
boundaries.in.wards.state=in_s04.ulb=801374,ward,S04,,801374,boundaries/in/wards/state=in_s04/ulb=801374/all.geojson,geojson,EPSG:4326,coord-precision-round,0.0001,84,84,0,,284002,src-a1dd899f902d,,
boundaries.in.wards.state=in_s04.ulb=801378,ward,S04,,801378,boundaries/in/wards/state=in_s04/ulb=801378/all.geojson,geojson,EPSG:4326,coord-precision-round,0.0001,26,26,0,,81932,src-a1dd899f902d,,
boundaries.in.wards.state=in_s04.ulb=801379,ward,S04,,801379,boundaries/in/wards/state=in_s04/ulb=801379/all.geojson,geojson,EPSG:4326,coord-precision-round,0.0001,27,27,0,,63072,src-a1dd899f902d,,
boundaries.in.wards.state=in_s04.ulb=801381,ward,S04,,801381,boundaries/in/wards/state=in_s04/ulb=801381/all.geojson,geojson,EPSG:4326,coord-precision-round,0.0001,27,27,0,,55104,src-a1dd899f902d,,
boundaries.in.wards.state=in_s04.ulb=801382,ward,S04,,801382,boundaries/in/wards/state=in_s04/ulb=801382/all.geojson,geojson,EPSG:4326,coord-precision-round,0.0001,27,27,0,,76018,src-a1dd899f902d,,
boundaries.in.wards.state=in_s04.ulb=801383,ward,S04,,801383,boundaries/in/wards/state=in_s04/ulb=801383/all.geojson,geojson,EPSG:4326,coord-precision-round,0.0001,28,28,0,,74029,src-a1dd899f902d,,
boundaries.in.wards.state=in_s04.ulb=801385,ward,S04,,801385,boundaries/in/wards/state=in_s04/ulb=801385/all.geojson,geojson,EPSG:4326,coord-precision-round,0.0001,45,45,0,,193520,src-a1dd899f902d,,
boundaries.in.wards.state=in_s04.ulb=801390,ward,S04,,801390,boundaries/in/wards/state=in_s04/ulb=801390/all.geojson,geojson,EPSG:4326,coord-precision-round,0.0001,26,26,0,,73082,src-a1dd899f902d,,
boundaries.in.wards.state=in_s04.ulb=801391,ward,S04,,801391,boundaries/in/wards/state=in_s04/ulb=801391/all.geojson,geojson,EPSG:4326,coord-precision-round,0.0001,34,34,0,,61109,src-a1dd899f902d,,
boundaries.in.wards.state=in_s04.ulb=801392,ward,S04,,801392,boundaries/in/wards/state=in_s04/ulb=801392/all.geojson,geojson,EPSG:4326,coord-precision-round,0.0001,25,25,0,,100800,src-a1dd899f902d,,
boundaries.in.wards.state=in_s04.ulb=801397,ward,S04,,801397,boundaries/in/wards/state=in_s04/ulb=801397/all.geojson,geojson,EPSG:4326,coord-precision-round,0.0001,40,40,0,,133608,src-a1dd899f902d,,
boundaries.in.wards.state=in_s04.ulb=801398,ward,S04,,801398,boundaries/in/wards/state=in_s04/ulb=801398/all.geojson,geojson,EPSG:4326,coord-precision-round,0.0001,39,39,0,,113118,src-a1dd899f902d,,
boundaries.in.wards.state=in_s04.ulb=801401,ward,S04,,801401,boundaries/in/wards/state=in_s04/ulb=801401/all.geojson,geojson,EPSG:4326,coord-precision-round,0.0001,33,33,0,,156504,src-a1dd899f902d,,
boundaries.in.wards.state=in_s04.ulb=801404,ward,S04,,801404,boundaries/in/wards/state=in_s04/ulb=801404/all.geojson,geojson,EPSG:4326,coord-precision-round,0.0001,53,53,0,,229390,src-a1dd899f902d,,
boundaries.in.wards.state=in_s04.ulb=801406,ward,S04,,801406,boundaries/in/wards/state=in_s04/ulb=801406/all.geojson,geojson,EPSG:4326,coord-precision-round,0.0001,18,18,0,,113615,src-a1dd899f902d,,
boundaries.in.wards.state=in_s04.ulb=801407,ward,S04,,801407,boundaries/in/wards/state=in_s04/ulb=801407/all.geojson,geojson,EPSG:4326,coord-precision-round,0.0001,33,33,0,,100047,src-a1dd899f902d,,
boundaries.in.wards.state=in_s04.ulb=801411,ward,S04,,801411,boundaries/in/wards/state=in_s04/ulb=801411/all.geojson,geojson,EPSG:4326,coord-precision-round,0.0001,30,30,0,,185644,src-a1dd899f902d,,
boundaries.in.wards.state=in_s04.ulb=801413,ward,S04,,801413,boundaries/in/wards/state=in_s04/ulb=801413/all.geojson,geojson,EPSG:4326,coord-precision-round,0.0001,33,33,0,,130695,src-a1dd899f902d,,
boundaries.in.wards.state=in_s04.ulb=801415,ward,S04,,801415,boundaries/in/wards/state=in_s04/ulb=801415/all.geojson,geojson,EPSG:4326,coord-precision-round,0.0001,25,25,0,,64505,src-a1dd899f902d,,
boundaries.in.wards.state=in_s04.ulb=900096,ward,S04,,900096,boundaries/in/wards/state=in_s04/ulb=900096/all.geojson,geojson,EPSG:4326,coord-precision-round,0.0001,17,17,0,,45260,src-a1dd899f902d,,
boundaries.in.wards.state=in_s05.ulb=803241,ward,S05,,803241,boundaries/in/wards/state=in_s05/ulb=803241/all.geojson,geojson,EPSG:4326,coord-precision-round,0.0001,10,10,0,,14511,src-a1dd899f902d,,
boundaries.in.wards.state=in_s05.ulb=803243,ward,S05,,803243,boundaries/in/wards/state=in_s05/ulb=803243/all.geojson,geojson,EPSG:4326,coord-precision-round,0.0001,31,31,0,,52420,src-a1dd899f902d,,
boundaries.in.wards.state=in_s05.ulb=803246,ward,S05,,803246,boundaries/in/wards/state=in_s05/ulb=803246/all.geojson,geojson,EPSG:4326,coord-precision-round,0.0001,10,10,0,,22402,src-a1dd899f902d,,
boundaries.in.wards.state=in_s05.ulb=803247,ward,S05,,803247,boundaries/in/wards/state=in_s05/ulb=803247/all.geojson,geojson,EPSG:4326,coord-precision-round,0.0001,15,15,0,,30915,src-a1dd899f902d,,
boundaries.in.wards.state=in_s05.ulb=803248,ward,S05,,803248,boundaries/in/wards/state=in_s05/ulb=803248/all.geojson,geojson,EPSG:4326,coord-precision-round,0.0001,25,25,0,,82804,src-a1dd899f902d,,
boundaries.in.wards.state=in_s05.ulb=803250,ward,S05,,803250,boundaries/in/wards/state=in_s05/ulb=803250/all.geojson,geojson,EPSG:4326,coord-precision-round,0.0001,14,14,0,,66151,src-a1dd899f902d,,
boundaries.in.wards.state=in_s05.ulb=803254,ward,S05,,803254,boundaries/in/wards/state=in_s05/ulb=803254/all.geojson,geojson,EPSG:4326,coord-precision-round,0.0001,12,12,0,,32318,src-a1dd899f902d,,
boundaries.in.wards.state=in_s06.ulb=802442,ward,S06,,802442,boundaries/in/wards/state=in_s06/ulb=802442/all.geojson,geojson,EPSG:4326,coord-precision-round,0.0001,11,11,0,,48487,src-a1dd899f902d,,
boundaries.in.wards.state=in_s06.ulb=802443,ward,S06,,802443,boundaries/in/wards/state=in_s06/ulb=802443/all.geojson,geojson,EPSG:4326,coord-precision-round,0.0001,7,7,0,,22305,src-a1dd899f902d,,
boundaries.in.wards.state=in_s06.ulb=802444,ward,S06,,802444,boundaries/in/wards/state=in_s06/ulb=802444/all.geojson,geojson,EPSG:4326,coord-precision-round,0.0001,9,9,0,,18578,src-a1dd899f902d,,
boundaries.in.wards.state=in_s06.ulb=802445,ward,S06,,802445,boundaries/in/wards/state=in_s06/ulb=802445/all.geojson,geojson,EPSG:4326,coord-precision-round,0.0001,11,11,0,,68747,src-a1dd899f902d,,
boundaries.in.wards.state=in_s06.ulb=802446,ward,S06,,802446,boundaries/in/wards/state=in_s06/ulb=802446/all.geojson,geojson,EPSG:4326,coord-precision-round,0.0001,10,10,0,,23177,src-a1dd899f902d,,
boundaries.in.wards.state=in_s06.ulb=802447,ward,S06,,802447,boundaries/in/wards/state=in_s06/ulb=802447/all.geojson,geojson,EPSG:4326,coord-precision-round,0.0001,13,13,0,,15933,src-a1dd899f902d,,
boundaries.in.wards.state=in_s06.ulb=802448,ward,S06,,802448,boundaries/in/wards/state=in_s06/ulb=802448/all.geojson,geojson,EPSG:4326,coord-precision-round,0.0001,7,7,0,,31622,src-a1dd899f902d,,
boundaries.in.wards.state=in_s06.ulb=802449,ward,S06,,802449,boundaries/in/wards/state=in_s06/ulb=802449/all.geojson,geojson,EPSG:4326,coord-precision-round,0.0001,7,7,0,,28064,src-a1dd899f902d,,
boundaries.in.wards.state=in_s06.ulb=802450,ward,S06,,802450,boundaries/in/wards/state=in_s06/ulb=802450/all.geojson,geojson,EPSG:4326,coord-precision-round,0.0001,11,11,0,,30501,src-a1dd899f902d,,
boundaries.in.wards.state=in_s06.ulb=802451,ward,S06,,802451,boundaries/in/wards/state=in_s06/ulb=802451/all.geojson,geojson,EPSG:4326,coord-precision-round,0.0001,11,11,0,,44516,src-a1dd899f902d,,
boundaries.in.wards.state=in_s06.ulb=802452,ward,S06,,802452,boundaries/in/wards/state=in_s06/ulb=802452/all.geojson,geojson,EPSG:4326,coord-precision-round,0.0001,6,6,0,,27837,src-a1dd899f902d,,
boundaries.in.wards.state=in_s06.ulb=802453,ward,S06,,802453,boundaries/in/wards/state=in_s06/ulb=802453/all.geojson,geojson,EPSG:4326,coord-precision-round,0.0001,7,7,0,,28751,src-a1dd899f902d,,
boundaries.in.wards.state=in_s06.ulb=802454,ward,S06,,802454,boundaries/in/wards/state=in_s06/ulb=802454/all.geojson,geojson,EPSG:4326,coord-precision-round,0.0001,7,7,0,,32399,src-a1dd899f902d,,
boundaries.in.wards.state=in_s06.ulb=802455,ward,S06,,802455,boundaries/in/wards/state=in_s06/ulb=802455/all.geojson,geojson,EPSG:4326,coord-precision-round,0.0001,9,9,0,,31253,src-a1dd899f902d,,
boundaries.in.wards.state=in_s06.ulb=802456,ward,S06,,802456,boundaries/in/wards/state=in_s06/ulb=802456/all.geojson,geojson,EPSG:4326,coord-precision-round,0.0001,11,11,0,,59030,src-a1dd899f902d,,
boundaries.in.wards.state=in_s06.ulb=802457,ward,S06,,802457,boundaries/in/wards/state=in_s06/ulb=802457/all.geojson,geojson,EPSG:4326,coord-precision-round,0.0001,6,6,0,,22272,src-a1dd899f902d,,
boundaries.in.wards.state=in_s06.ulb=802458,ward,S06,,802458,boundaries/in/wards/state=in_s06/ulb=802458/all.geojson,geojson,EPSG:4326,coord-precision-round,0.0001,6,6,0,,45364,src-a1dd899f902d,,
boundaries.in.wards.state=in_s06.ulb=802459,ward,S06,,802459,boundaries/in/wards/state=in_s06/ulb=802459/all.geojson,geojson,EPSG:4326,coord-precision-round,0.0001,6,6,0,,46896,src-a1dd899f902d,,
boundaries.in.wards.state=in_s06.ulb=802460,ward,S06,,802460,boundaries/in/wards/state=in_s06/ulb=802460/all.geojson,geojson,EPSG:4326,coord-precision-round,0.0001,9,9,0,,55700,src-a1dd899f902d,,
boundaries.in.wards.state=in_s06.ulb=802461,ward,S06,,802461,boundaries/in/wards/state=in_s06/ulb=802461/all.geojson,geojson,EPSG:4326,coord-precision-round,0.0001,9,9,0,,37994,src-a1dd899f902d,,
boundaries.in.wards.state=in_s06.ulb=802462,ward,S06,,802462,boundaries/in/wards/state=in_s06/ulb=802462/all.geojson,geojson,EPSG:4326,coord-precision-round,0.0001,7,7,0,,49059,src-a1dd899f902d,,
boundaries.in.wards.state=in_s06.ulb=802463,ward,S06,,802463,boundaries/in/wards/state=in_s06/ulb=802463/all.geojson,geojson,EPSG:4326,coord-precision-round,0.0001,7,7,0,,18584,src-a1dd899f902d,,
boundaries.in.wards.state=in_s06.ulb=802464,ward,S06,,802464,boundaries/in/wards/state=in_s06/ulb=802464/all.geojson,geojson,EPSG:4326,coord-precision-round,0.0001,11,11,0,,23546,src-a1dd899f902d,,
boundaries.in.wards.state=in_s06.ulb=802465,ward,S06,,802465,boundaries/in/wards/state=in_s06/ulb=802465/all.geojson,geojson,EPSG:4326,coord-precision-round,0.0001,9,9,0,,40563,src-a1dd899f902d,,
boundaries.in.wards.state=in_s06.ulb=802466,ward,S06,,802466,boundaries/in/wards/state=in_s06/ulb=802466/all.geojson,geojson,EPSG:4326,coord-precision-round,0.0001,7,7,0,,24181,src-a1dd899f902d,,
boundaries.in.wards.state=in_s06.ulb=802467,ward,S06,,802467,boundaries/in/wards/state=in_s06/ulb=802467/all.geojson,geojson,EPSG:4326,coord-precision-round,0.0001,6,6,0,,37453,src-a1dd899f902d,,
boundaries.in.wards.state=in_s06.ulb=802468,ward,S06,,802468,boundaries/in/wards/state=in_s06/ulb=802468/all.geojson,geojson,EPSG:4326,coord-precision-round,0.0001,7,7,0,,24969,src-a1dd899f902d,,
boundaries.in.wards.state=in_s06.ulb=802469,ward,S06,,802469,boundaries/in/wards/state=in_s06/ulb=802469/all.geojson,geojson,EPSG:4326,coord-precision-round,0.0001,9,9,0,,17133,src-a1dd899f902d,,
boundaries.in.wards.state=in_s06.ulb=802470,ward,S06,,802470,boundaries/in/wards/state=in_s06/ulb=802470/all.geojson,geojson,EPSG:4326,coord-precision-round,0.0001,6,6,0,,23856,src-a1dd899f902d,,
boundaries.in.wards.state=in_s06.ulb=802471,ward,S06,,802471,boundaries/in/wards/state=in_s06/ulb=802471/all.geojson,geojson,EPSG:4326,coord-precision-round,0.0001,6,6,0,,17147,src-a1dd899f902d,,
boundaries.in.wards.state=in_s06.ulb=802472,ward,S06,,802472,boundaries/in/wards/state=in_s06/ulb=802472/all.geojson,geojson,EPSG:4326,coord-precision-round,0.0001,9,9,0,,21291,src-a1dd899f902d,,
boundaries.in.wards.state=in_s06.ulb=802473,ward,S06,,802473,boundaries/in/wards/state=in_s06/ulb=802473/all.geojson,geojson,EPSG:4326,coord-precision-round,0.0001,6,6,0,,28161,src-a1dd899f902d,,
boundaries.in.wards.state=in_s06.ulb=802475,ward,S06,,802475,boundaries/in/wards/state=in_s06/ulb=802475/all.geojson,geojson,EPSG:4326,coord-precision-round,0.0001,11,11,0,,32382,src-a1dd899f902d,,
boundaries.in.wards.state=in_s06.ulb=802477,ward,S06,,802477,boundaries/in/wards/state=in_s06/ulb=802477/all.geojson,geojson,EPSG:4326,coord-precision-round,0.0001,7,7,0,,54169,src-a1dd899f902d,,
boundaries.in.wards.state=in_s06.ulb=802479,ward,S06,,802479,boundaries/in/wards/state=in_s06/ulb=802479/all.geojson,geojson,EPSG:4326,coord-precision-round,0.0001,11,11,0,,48111,src-a1dd899f902d,,
boundaries.in.wards.state=in_s06.ulb=802480,ward,S06,,802480,boundaries/in/wards/state=in_s06/ulb=802480/all.geojson,geojson,EPSG:4326,coord-precision-round,0.0001,7,7,0,,28767,src-a1dd899f902d,,
boundaries.in.wards.state=in_s06.ulb=802481,ward,S06,,802481,boundaries/in/wards/state=in_s06/ulb=802481/all.geojson,geojson,EPSG:4326,coord-precision-round,0.0001,9,9,0,,27691,src-a1dd899f902d,,
boundaries.in.wards.state=in_s06.ulb=802482,ward,S06,,802482,boundaries/in/wards/state=in_s06/ulb=802482/all.geojson,geojson,EPSG:4326,coord-precision-round,0.0001,7,7,0,,34084,src-a1dd899f902d,,
boundaries.in.wards.state=in_s06.ulb=802483,ward,S06,,802483,boundaries/in/wards/state=in_s06/ulb=802483/all.geojson,geojson,EPSG:4326,coord-precision-round,0.0001,7,7,0,,8972,src-a1dd899f902d,,
boundaries.in.wards.state=in_s06.ulb=802484,ward,S06,,802484,boundaries/in/wards/state=in_s06/ulb=802484/all.geojson,geojson,EPSG:4326,coord-precision-round,0.0001,48,48,0,,121846,src-a1dd899f902d,,
boundaries.in.wards.state=in_s06.ulb=802485,ward,S06,,802485,boundaries/in/wards/state=in_s06/ulb=802485/all.geojson,geojson,EPSG:4326,coord-precision-round,0.0001,6,6,0,,21105,src-a1dd899f902d,,
boundaries.in.wards.state=in_s06.ulb=802486,ward,S06,,802486,boundaries/in/wards/state=in_s06/ulb=802486/all.geojson,geojson,EPSG:4326,coord-precision-round,0.0001,9,9,0,,21167,src-a1dd899f902d,,
boundaries.in.wards.state=in_s06.ulb=802487,ward,S06,,802487,boundaries/in/wards/state=in_s06/ulb=802487/all.geojson,geojson,EPSG:4326,coord-precision-round,0.0001,7,7,0,,50726,src-a1dd899f902d,,
boundaries.in.wards.state=in_s06.ulb=802488,ward,S06,,802488,boundaries/in/wards/state=in_s06/ulb=802488/all.geojson,geojson,EPSG:4326,coord-precision-round,0.0001,6,6,0,,28495,src-a1dd899f902d,,
boundaries.in.wards.state=in_s06.ulb=802489,ward,S06,,802489,boundaries/in/wards/state=in_s06/ulb=802489/all.geojson,geojson,EPSG:4326,coord-precision-round,0.0001,7,7,0,,55820,src-a1dd899f902d,,
boundaries.in.wards.state=in_s06.ulb=802490,ward,S06,,802490,boundaries/in/wards/state=in_s06/ulb=802490/all.geojson,geojson,EPSG:4326,coord-precision-round,0.0001,7,7,0,,50828,src-a1dd899f902d,,
boundaries.in.wards.state=in_s06.ulb=802491,ward,S06,,802491,boundaries/in/wards/state=in_s06/ulb=802491/all.geojson,geojson,EPSG:4326,coord-precision-round,0.0001,9,9,0,,33991,src-a1dd899f902d,,
boundaries.in.wards.state=in_s06.ulb=802492,ward,S06,,802492,boundaries/in/wards/state=in_s06/ulb=802492/all.geojson,geojson,EPSG:4326,coord-precision-round,0.0001,7,7,0,,45663,src-a1dd899f902d,,
boundaries.in.wards.state=in_s06.ulb=802493,ward,S06,,802493,boundaries/in/wards/state=in_s06/ulb=802493/all.geojson,geojson,EPSG:4326,coord-precision-round,0.0001,13,13,0,,44940,src-a1dd899f902d,,
boundaries.in.wards.state=in_s06.ulb=802495,ward,S06,,802495,boundaries/in/wards/state=in_s06/ulb=802495/all.geojson,geojson,EPSG:4326,coord-precision-round,0.0001,7,7,0,,18806,src-a1dd899f902d,,
boundaries.in.wards.state=in_s06.ulb=802496,ward,S06,,802496,boundaries/in/wards/state=in_s06/ulb=802496/all.geojson,geojson,EPSG:4326,coord-precision-round,0.0001,6,6,0,,25655,src-a1dd899f902d,,
boundaries.in.wards.state=in_s06.ulb=802497,ward,S06,,802497,boundaries/in/wards/state=in_s06/ulb=802497/all.geojson,geojson,EPSG:4326,coord-precision-round,0.0001,7,7,0,,18932,src-a1dd899f902d,,
boundaries.in.wards.state=in_s06.ulb=802498,ward,S06,,802498,boundaries/in/wards/state=in_s06/ulb=802498/all.geojson,geojson,EPSG:4326,coord-precision-round,0.0001,6,6,0,,35568,src-a1dd899f902d,,
boundaries.in.wards.state=in_s06.ulb=802499,ward,S06,,802499,boundaries/in/wards/state=in_s06/ulb=802499/all.geojson,geojson,EPSG:4326,coord-precision-round,0.0001,15,15,0,,22143,src-a1dd899f902d,,
boundaries.in.wards.state=in_s06.ulb=802500,ward,S06,,802500,boundaries/in/wards/state=in_s06/ulb=802500/all.geojson,geojson,EPSG:4326,coord-precision-round,0.0001,7,7,0,,8077,src-a1dd899f902d,,
boundaries.in.wards.state=in_s06.ulb=802501,ward,S06,,802501,boundaries/in/wards/state=in_s06/ulb=802501/all.geojson,geojson,EPSG:4326,coord-precision-round,0.0001,18,18,0,,89056,src-a1dd899f902d,,
boundaries.in.wards.state=in_s06.ulb=802503,ward,S06,,802503,boundaries/in/wards/state=in_s06/ulb=802503/all.geojson,geojson,EPSG:4326,coord-precision-round,0.0001,7,7,0,,11523,src-a1dd899f902d,,
boundaries.in.wards.state=in_s06.ulb=802504,ward,S06,,802504,boundaries/in/wards/state=in_s06/ulb=802504/all.geojson,geojson,EPSG:4326,coord-precision-round,0.0001,11,11,0,,53900,src-a1dd899f902d,,
boundaries.in.wards.state=in_s06.ulb=802505,ward,S06,,802505,boundaries/in/wards/state=in_s06/ulb=802505/all.geojson,geojson,EPSG:4326,coord-precision-round,0.0001,6,6,0,,46217,src-a1dd899f902d,,
boundaries.in.wards.state=in_s06.ulb=802506,ward,S06,,802506,boundaries/in/wards/state=in_s06/ulb=802506/all.geojson,geojson,EPSG:4326,coord-precision-round,0.0001,14,14,0,,61410,src-a1dd899f902d,,
boundaries.in.wards.state=in_s06.ulb=802507,ward,S06,,802507,boundaries/in/wards/state=in_s06/ulb=802507/all.geojson,geojson,EPSG:4326,coord-precision-round,0.0001,9,9,0,,28991,src-a1dd899f902d,,
boundaries.in.wards.state=in_s06.ulb=802508,ward,S06,,802508,boundaries/in/wards/state=in_s06/ulb=802508/all.geojson,geojson,EPSG:4326,coord-precision-round,0.0001,14,14,0,,116974,src-a1dd899f902d,,
boundaries.in.wards.state=in_s06.ulb=802510,ward,S06,,802510,boundaries/in/wards/state=in_s06/ulb=802510/all.geojson,geojson,EPSG:4326,coord-precision-round,0.0001,7,7,0,,18995,src-a1dd899f902d,,
boundaries.in.wards.state=in_s06.ulb=802511,ward,S06,,802511,boundaries/in/wards/state=in_s06/ulb=802511/all.geojson,geojson,EPSG:4326,coord-precision-round,0.0001,7,7,0,,28710,src-a1dd899f902d,,
boundaries.in.wards.state=in_s06.ulb=802512,ward,S06,,802512,boundaries/in/wards/state=in_s06/ulb=802512/all.geojson,geojson,EPSG:4326,coord-precision-round,0.0001,7,7,0,,11823,src-a1dd899f902d,,
boundaries.in.wards.state=in_s06.ulb=802513,ward,S06,,802513,boundaries/in/wards/state=in_s06/ulb=802513/all.geojson,geojson,EPSG:4326,coord-precision-round,0.0001,10,10,0,,18891,src-a1dd899f902d,,
boundaries.in.wards.state=in_s06.ulb=802516,ward,S06,,802516,boundaries/in/wards/state=in_s06/ulb=802516/all.geojson,geojson,EPSG:4326,coord-precision-round,0.0001,16,16,0,,81713,src-a1dd899f902d,,
boundaries.in.wards.state=in_s06.ulb=802517,ward,S06,,802517,boundaries/in/wards/state=in_s06/ulb=802517/all.geojson,geojson,EPSG:4326,coord-precision-round,0.0001,14,14,0,,64487,src-a1dd899f902d,,
boundaries.in.wards.state=in_s06.ulb=802518,ward,S06,,802518,boundaries/in/wards/state=in_s06/ulb=802518/all.geojson,geojson,EPSG:4326,coord-precision-round,0.0001,7,7,0,,28660,src-a1dd899f902d,,
boundaries.in.wards.state=in_s06.ulb=802519,ward,S06,,802519,boundaries/in/wards/state=in_s06/ulb=802519/all.geojson,geojson,EPSG:4326,coord-precision-round,0.0001,6,6,0,,21080,src-a1dd899f902d,,
boundaries.in.wards.state=in_s06.ulb=802520,ward,S06,,802520,boundaries/in/wards/state=in_s06/ulb=802520/all.geojson,geojson,EPSG:4326,coord-precision-round,0.0001,6,6,0,,31657,src-a1dd899f902d,,
boundaries.in.wards.state=in_s06.ulb=802521,ward,S06,,802521,boundaries/in/wards/state=in_s06/ulb=802521/all.geojson,geojson,EPSG:4326,coord-precision-round,0.0001,7,7,0,,17119,src-a1dd899f902d,,
boundaries.in.wards.state=in_s06.ulb=802522,ward,S06,,802522,boundaries/in/wards/state=in_s06/ulb=802522/all.geojson,geojson,EPSG:4326,coord-precision-round,0.0001,13,13,0,,33775,src-a1dd899f902d,,
boundaries.in.wards.state=in_s06.ulb=802524,ward,S06,,802524,boundaries/in/wards/state=in_s06/ulb=802524/all.geojson,geojson,EPSG:4326,coord-precision-round,0.0001,14,14,0,,77094,src-a1dd899f902d,,
boundaries.in.wards.state=in_s06.ulb=802525,ward,S06,,802525,boundaries/in/wards/state=in_s06/ulb=802525/all.geojson,geojson,EPSG:4326,coord-precision-round,0.0001,8,8,0,,30801,src-a1dd899f902d,,
boundaries.in.wards.state=in_s06.ulb=802526,ward,S06,,802526,boundaries/in/wards/state=in_s06/ulb=802526/all.geojson,geojson,EPSG:4326,coord-precision-round,0.0001,6,6,0,,20039,src-a1dd899f902d,,
boundaries.in.wards.state=in_s06.ulb=802527,ward,S06,,802527,boundaries/in/wards/state=in_s06/ulb=802527/all.geojson,geojson,EPSG:4326,coord-precision-round,0.0001,7,7,0,,25797,src-a1dd899f902d,,
boundaries.in.wards.state=in_s06.ulb=802528,ward,S06,,802528,boundaries/in/wards/state=in_s06/ulb=802528/all.geojson,geojson,EPSG:4326,coord-precision-round,0.0001,6,6,0,,30581,src-a1dd899f902d,,
boundaries.in.wards.state=in_s06.ulb=802529,ward,S06,,802529,boundaries/in/wards/state=in_s06/ulb=802529/all.geojson,geojson,EPSG:4326,coord-precision-round,0.0001,24,24,0,,57175,src-a1dd899f902d,,
boundaries.in.wards.state=in_s06.ulb=802530,ward,S06,,802530,boundaries/in/wards/state=in_s06/ulb=802530/all.geojson,geojson,EPSG:4326,coord-precision-round,0.0001,6,6,0,,19627,src-a1dd899f902d,,
boundaries.in.wards.state=in_s06.ulb=802531,ward,S06,,802531,boundaries/in/wards/state=in_s06/ulb=802531/all.geojson,geojson,EPSG:4326,coord-precision-round,0.0001,9,9,0,,30225,src-a1dd899f902d,,
boundaries.in.wards.state=in_s06.ulb=802532,ward,S06,,802532,boundaries/in/wards/state=in_s06/ulb=802532/all.geojson,geojson,EPSG:4326,coord-precision-round,0.0001,9,9,0,,31622,src-a1dd899f902d,,
boundaries.in.wards.state=in_s06.ulb=802533,ward,S06,,802533,boundaries/in/wards/state=in_s06/ulb=802533/all.geojson,geojson,EPSG:4326,coord-precision-round,0.0001,6,6,0,,46108,src-a1dd899f902d,,
boundaries.in.wards.state=in_s06.ulb=802534,ward,S06,,802534,boundaries/in/wards/state=in_s06/ulb=802534/all.geojson,geojson,EPSG:4326,coord-precision-round,0.0001,6,6,0,,16979,src-a1dd899f902d,,
boundaries.in.wards.state=in_s06.ulb=802535,ward,S06,,802535,boundaries/in/wards/state=in_s06/ulb=802535/all.geojson,geojson,EPSG:4326,coord-precision-round,0.0001,11,11,0,,36632,src-a1dd899f902d,,
boundaries.in.wards.state=in_s06.ulb=802536,ward,S06,,802536,boundaries/in/wards/state=in_s06/ulb=802536/all.geojson,geojson,EPSG:4326,coord-precision-round,0.0001,6,6,0,,45843,src-a1dd899f902d,,
boundaries.in.wards.state=in_s06.ulb=802537,ward,S06,,802537,boundaries/in/wards/state=in_s06/ulb=802537/all.geojson,geojson,EPSG:4326,coord-precision-round,0.0001,7,7,0,,42291,src-a1dd899f902d,,
boundaries.in.wards.state=in_s06.ulb=802538,ward,S06,,802538,boundaries/in/wards/state=in_s06/ulb=802538/all.geojson,geojson,EPSG:4326,coord-precision-round,0.0001,9,9,0,,34311,src-a1dd899f902d,,
boundaries.in.wards.state=in_s06.ulb=802539,ward,S06,,802539,boundaries/in/wards/state=in_s06/ulb=802539/all.geojson,geojson,EPSG:4326,coord-precision-round,0.0001,6,6,0,,32964,src-a1dd899f902d,,
boundaries.in.wards.state=in_s06.ulb=802540,ward,S06,,802540,boundaries/in/wards/state=in_s06/ulb=802540/all.geojson,geojson,EPSG:4326,coord-precision-round,0.0001,6,6,0,,14534,src-a1dd899f902d,,
boundaries.in.wards.state=in_s06.ulb=802541,ward,S06,,802541,boundaries/in/wards/state=in_s06/ulb=802541/all.geojson,geojson,EPSG:4326,coord-precision-round,0.0001,6,6,0,,25663,src-a1dd899f902d,,
boundaries.in.wards.state=in_s06.ulb=802542,ward,S06,,802542,boundaries/in/wards/state=in_s06/ulb=802542/all.geojson,geojson,EPSG:4326,coord-precision-round,0.0001,11,11,0,,38320,src-a1dd899f902d,,
boundaries.in.wards.state=in_s06.ulb=802543,ward,S06,,802543,boundaries/in/wards/state=in_s06/ulb=802543/all.geojson,geojson,EPSG:4326,coord-precision-round,0.0001,7,7,0,,14025,src-a1dd899f902d,,
boundaries.in.wards.state=in_s06.ulb=802544,ward,S06,,802544,boundaries/in/wards/state=in_s06/ulb=802544/all.geojson,geojson,EPSG:4326,coord-precision-round,0.0001,6,6,0,,36828,src-a1dd899f902d,,
boundaries.in.wards.state=in_s06.ulb=802545,ward,S06,,802545,boundaries/in/wards/state=in_s06/ulb=802545/all.geojson,geojson,EPSG:4326,coord-precision-round,0.0001,9,9,0,,24044,src-a1dd899f902d,,
boundaries.in.wards.state=in_s06.ulb=802546,ward,S06,,802546,boundaries/in/wards/state=in_s06/ulb=802546/all.geojson,geojson,EPSG:4326,coord-precision-round,0.0001,7,7,0,,16719,src-a1dd899f902d,,
boundaries.in.wards.state=in_s06.ulb=802547,ward,S06,,802547,boundaries/in/wards/state=in_s06/ulb=802547/all.geojson,geojson,EPSG:4326,coord-precision-round,0.0001,7,7,0,,16937,src-a1dd899f902d,,
boundaries.in.wards.state=in_s06.ulb=802548,ward,S06,,802548,boundaries/in/wards/state=in_s06/ulb=802548/all.geojson,geojson,EPSG:4326,coord-precision-round,0.0001,11,11,0,,67455,src-a1dd899f902d,,
boundaries.in.wards.state=in_s06.ulb=802549,ward,S06,,802549,boundaries/in/wards/state=in_s06/ulb=802549/all.geojson,geojson,EPSG:4326,coord-precision-round,0.0001,11,11,0,,79291,src-a1dd899f902d,,
boundaries.in.wards.state=in_s06.ulb=802550,ward,S06,,802550,boundaries/in/wards/state=in_s06/ulb=802550/all.geojson,geojson,EPSG:4326,coord-precision-round,0.0001,7,7,0,,51744,src-a1dd899f902d,,
boundaries.in.wards.state=in_s06.ulb=802551,ward,S06,,802551,boundaries/in/wards/state=in_s06/ulb=802551/all.geojson,geojson,EPSG:4326,coord-precision-round,0.0001,13,13,0,,39838,src-a1dd899f902d,,
boundaries.in.wards.state=in_s06.ulb=802552,ward,S06,,802552,boundaries/in/wards/state=in_s06/ulb=802552/all.geojson,geojson,EPSG:4326,coord-precision-round,0.0001,18,18,0,,48918,src-a1dd899f902d,,
boundaries.in.wards.state=in_s06.ulb=802553,ward,S06,,802553,boundaries/in/wards/state=in_s06/ulb=802553/all.geojson,geojson,EPSG:4326,coord-precision-round,0.0001,13,13,0,,68807,src-a1dd899f902d,,
boundaries.in.wards.state=in_s06.ulb=802554,ward,S06,,802554,boundaries/in/wards/state=in_s06/ulb=802554/all.geojson,geojson,EPSG:4326,coord-precision-round,0.0001,18,18,0,,67856,src-a1dd899f902d,,
boundaries.in.wards.state=in_s06.ulb=802555,ward,S06,,802555,boundaries/in/wards/state=in_s06/ulb=802555/all.geojson,geojson,EPSG:4326,coord-precision-round,0.0001,14,14,0,,46448,src-a1dd899f902d,,
boundaries.in.wards.state=in_s06.ulb=802557,ward,S06,,802557,boundaries/in/wards/state=in_s06/ulb=802557/all.geojson,geojson,EPSG:4326,coord-precision-round,0.0001,9,9,0,,14184,src-a1dd899f902d,,
boundaries.in.wards.state=in_s06.ulb=802558,ward,S06,,802558,boundaries/in/wards/state=in_s06/ulb=802558/all.geojson,geojson,EPSG:4326,coord-precision-round,0.0001,7,7,0,,37968,src-a1dd899f902d,,
boundaries.in.wards.state=in_s06.ulb=802559,ward,S06,,802559,boundaries/in/wards/state=in_s06/ulb=802559/all.geojson,geojson,EPSG:4326,coord-precision-round,0.0001,14,14,0,,81747,src-a1dd899f902d,,
boundaries.in.wards.state=in_s06.ulb=802560,ward,S06,,802560,boundaries/in/wards/state=in_s06/ulb=802560/all.geojson,geojson,EPSG:4326,coord-precision-round,0.0001,12,12,0,,33967,src-a1dd899f902d,,
boundaries.in.wards.state=in_s06.ulb=802561,ward,S06,,802561,boundaries/in/wards/state=in_s06/ulb=802561/all.geojson,geojson,EPSG:4326,coord-precision-round,0.0001,12,12,0,,56878,src-a1dd899f902d,,
boundaries.in.wards.state=in_s06.ulb=802562,ward,S06,,802562,boundaries/in/wards/state=in_s06/ulb=802562/all.geojson,geojson,EPSG:4326,coord-precision-round,0.0001,13,13,0,,32231,src-a1dd899f902d,,
boundaries.in.wards.state=in_s06.ulb=802563,ward,S06,,802563,boundaries/in/wards/state=in_s06/ulb=802563/all.geojson,geojson,EPSG:4326,coord-precision-round,0.0001,6,6,0,,9640,src-a1dd899f902d,,
boundaries.in.wards.state=in_s06.ulb=802564,ward,S06,,802564,boundaries/in/wards/state=in_s06/ulb=802564/all.geojson,geojson,EPSG:4326,coord-precision-round,0.0001,7,7,0,,26418,src-a1dd899f902d,,
boundaries.in.wards.state=in_s06.ulb=802566,ward,S06,,802566,boundaries/in/wards/state=in_s06/ulb=802566/all.geojson,geojson,EPSG:4326,coord-precision-round,0.0001,18,18,0,,83722,src-a1dd899f902d,,
boundaries.in.wards.state=in_s06.ulb=802567,ward,S06,,802567,boundaries/in/wards/state=in_s06/ulb=802567/all.geojson,geojson,EPSG:4326,coord-precision-round,0.0001,19,19,0,,42332,src-a1dd899f902d,,
boundaries.in.wards.state=in_s06.ulb=802568,ward,S06,,802568,boundaries/in/wards/state=in_s06/ulb=802568/all.geojson,geojson,EPSG:4326,coord-precision-round,0.0001,18,18,0,,89371,src-a1dd899f902d,,
boundaries.in.wards.state=in_s06.ulb=802570,ward,S06,,802570,boundaries/in/wards/state=in_s06/ulb=802570/all.geojson,geojson,EPSG:4326,coord-precision-round,0.0001,12,12,0,,92874,src-a1dd899f902d,,
boundaries.in.wards.state=in_s06.ulb=802571,ward,S06,,802571,boundaries/in/wards/state=in_s06/ulb=802571/all.geojson,geojson,EPSG:4326,coord-precision-round,0.0001,7,7,0,,42077,src-a1dd899f902d,,
boundaries.in.wards.state=in_s06.ulb=802572,ward,S06,,802572,boundaries/in/wards/state=in_s06/ulb=802572/all.geojson,geojson,EPSG:4326,coord-precision-round,0.0001,7,7,0,,36679,src-a1dd899f902d,,
boundaries.in.wards.state=in_s06.ulb=802573,ward,S06,,802573,boundaries/in/wards/state=in_s06/ulb=802573/all.geojson,geojson,EPSG:4326,coord-precision-round,0.0001,6,6,0,,30093,src-a1dd899f902d,,
boundaries.in.wards.state=in_s06.ulb=802574,ward,S06,,802574,boundaries/in/wards/state=in_s06/ulb=802574/all.geojson,geojson,EPSG:4326,coord-precision-round,0.0001,7,7,0,,18826,src-a1dd899f902d,,
boundaries.in.wards.state=in_s06.ulb=802575,ward,S06,,802575,boundaries/in/wards/state=in_s06/ulb=802575/all.geojson,geojson,EPSG:4326,coord-precision-round,0.0001,7,7,0,,16458,src-a1dd899f902d,,
boundaries.in.wards.state=in_s06.ulb=802576,ward,S06,,802576,boundaries/in/wards/state=in_s06/ulb=802576/all.geojson,geojson,EPSG:4326,coord-precision-round,0.0001,13,13,0,,47314,src-a1dd899f902d,,
boundaries.in.wards.state=in_s06.ulb=802577,ward,S06,,802577,boundaries/in/wards/state=in_s06/ulb=802577/all.geojson,geojson,EPSG:4326,coord-precision-round,0.0001,7,7,0,,34422,src-a1dd899f902d,,
boundaries.in.wards.state=in_s06.ulb=802578,ward,S06,,802578,boundaries/in/wards/state=in_s06/ulb=802578/all.geojson,geojson,EPSG:4326,coord-precision-round,0.0001,6,6,0,,28637,src-a1dd899f902d,,
boundaries.in.wards.state=in_s06.ulb=802579,ward,S06,,802579,boundaries/in/wards/state=in_s06/ulb=802579/all.geojson,geojson,EPSG:4326,coord-precision-round,0.0001,6,6,0,,18325,src-a1dd899f902d,,
boundaries.in.wards.state=in_s06.ulb=802580,ward,S06,,802580,boundaries/in/wards/state=in_s06/ulb=802580/all.geojson,geojson,EPSG:4326,coord-precision-round,0.0001,12,12,0,,73045,src-a1dd899f902d,,
boundaries.in.wards.state=in_s06.ulb=802581,ward,S06,,802581,boundaries/in/wards/state=in_s06/ulb=802581/all.geojson,geojson,EPSG:4326,coord-precision-round,0.0001,7,7,0,,25379,src-a1dd899f902d,,
boundaries.in.wards.state=in_s06.ulb=802582,ward,S06,,802582,boundaries/in/wards/state=in_s06/ulb=802582/all.geojson,geojson,EPSG:4326,coord-precision-round,0.0001,6,6,0,,9110,src-a1dd899f902d,,
boundaries.in.wards.state=in_s06.ulb=802583,ward,S06,,802583,boundaries/in/wards/state=in_s06/ulb=802583/all.geojson,geojson,EPSG:4326,coord-precision-round,0.0001,7,7,0,,5705,src-a1dd899f902d,,
boundaries.in.wards.state=in_s06.ulb=802584,ward,S06,,802584,boundaries/in/wards/state=in_s06/ulb=802584/all.geojson,geojson,EPSG:4326,coord-precision-round,0.0001,10,10,0,,51766,src-a1dd899f902d,,
boundaries.in.wards.state=in_s06.ulb=802585,ward,S06,,802585,boundaries/in/wards/state=in_s06/ulb=802585/all.geojson,geojson,EPSG:4326,coord-precision-round,0.0001,21,21,0,,93697,src-a1dd899f902d,,
boundaries.in.wards.state=in_s06.ulb=802586,ward,S06,,802586,boundaries/in/wards/state=in_s06/ulb=802586/all.geojson,geojson,EPSG:4326,coord-precision-round,0.0001,13,13,0,,34849,src-a1dd899f902d,,
boundaries.in.wards.state=in_s06.ulb=802588,ward,S06,,802588,boundaries/in/wards/state=in_s06/ulb=802588/all.geojson,geojson,EPSG:4326,coord-precision-round,0.0001,17,17,0,,35242,src-a1dd899f902d,,
boundaries.in.wards.state=in_s06.ulb=802589,ward,S06,,802589,boundaries/in/wards/state=in_s06/ulb=802589/all.geojson,geojson,EPSG:4326,coord-precision-round,0.0001,7,7,0,,29537,src-a1dd899f902d,,
boundaries.in.wards.state=in_s06.ulb=802590,ward,S06,,802590,boundaries/in/wards/state=in_s06/ulb=802590/all.geojson,geojson,EPSG:4326,coord-precision-round,0.0001,9,9,0,,14756,src-a1dd899f902d,,
boundaries.in.wards.state=in_s06.ulb=802591,ward,S06,,802591,boundaries/in/wards/state=in_s06/ulb=802591/all.geojson,geojson,EPSG:4326,coord-precision-round,0.0001,11,11,0,,26525,src-a1dd899f902d,,
boundaries.in.wards.state=in_s06.ulb=802592,ward,S06,,802592,boundaries/in/wards/state=in_s06/ulb=802592/all.geojson,geojson,EPSG:4326,coord-precision-round,0.0001,11,11,0,,61167,src-a1dd899f902d,,
boundaries.in.wards.state=in_s06.ulb=802596,ward,S06,,802596,boundaries/in/wards/state=in_s06/ulb=802596/all.geojson,geojson,EPSG:4326,coord-precision-round,0.0001,19,19,0,,111827,src-a1dd899f902d,,
boundaries.in.wards.state=in_s06.ulb=802599,ward,S06,,802599,boundaries/in/wards/state=in_s06/ulb=802599/all.geojson,geojson,EPSG:4326,coord-precision-round,0.0001,7,7,0,,15162,src-a1dd899f902d,,
boundaries.in.wards.state=in_s06.ulb=802600,ward,S06,,802600,boundaries/in/wards/state=in_s06/ulb=802600/all.geojson,geojson,EPSG:4326,coord-precision-round,0.0001,18,18,0,,56038,src-a1dd899f902d,,
boundaries.in.wards.state=in_s06.ulb=802601,ward,S06,,802601,boundaries/in/wards/state=in_s06/ulb=802601/all.geojson,geojson,EPSG:4326,coord-precision-round,0.0001,7,7,0,,11529,src-a1dd899f902d,,
boundaries.in.wards.state=in_s06.ulb=802602,ward,S06,,802602,boundaries/in/wards/state=in_s06/ulb=802602/all.geojson,geojson,EPSG:4326,coord-precision-round,0.0001,10,10,0,,24741,src-a1dd899f902d,,
boundaries.in.wards.state=in_s06.ulb=802603,ward,S06,,802603,boundaries/in/wards/state=in_s06/ulb=802603/all.geojson,geojson,EPSG:4326,coord-precision-round,0.0001,14,14,0,,33876,src-a1dd899f902d,,
boundaries.in.wards.state=in_s06.ulb=802604,ward,S06,,802604,boundaries/in/wards/state=in_s06/ulb=802604/all.geojson,geojson,EPSG:4326,coord-precision-round,0.0001,7,7,0,,35780,src-a1dd899f902d,,
boundaries.in.wards.state=in_s06.ulb=802605,ward,S06,,802605,boundaries/in/wards/state=in_s06/ulb=802605/all.geojson,geojson,EPSG:4326,coord-precision-round,0.0001,6,6,0,,15172,src-a1dd899f902d,,
boundaries.in.wards.state=in_s06.ulb=802607,ward,S06,,802607,boundaries/in/wards/state=in_s06/ulb=802607/all.geojson,geojson,EPSG:4326,coord-precision-round,0.0001,21,21,0,,43253,src-a1dd899f902d,,
boundaries.in.wards.state=in_s06.ulb=802608,ward,S06,,802608,boundaries/in/wards/state=in_s06/ulb=802608/all.geojson,geojson,EPSG:4326,coord-precision-round,0.0001,18,18,0,,35029,src-a1dd899f902d,,
boundaries.in.wards.state=in_s06.ulb=802614,ward,S06,,802614,boundaries/in/wards/state=in_s06/ulb=802614/all.geojson,geojson,EPSG:4326,coord-precision-round,0.0001,13,13,0,,65357,src-a1dd899f902d,,
boundaries.in.wards.state=in_s06.ulb=802616,ward,S06,,802616,boundaries/in/wards/state=in_s06/ulb=802616/all.geojson,geojson,EPSG:4326,coord-precision-round,0.0001,12,12,0,,48965,src-a1dd899f902d,,
boundaries.in.wards.state=in_s06.ulb=802617,ward,S06,,802617,boundaries/in/wards/state=in_s06/ulb=802617/all.geojson,geojson,EPSG:4326,coord-precision-round,0.0001,9,9,0,,21438,src-a1dd899f902d,,
boundaries.in.wards.state=in_s06.ulb=802618,ward,S06,,802618,boundaries/in/wards/state=in_s06/ulb=802618/all.geojson,geojson,EPSG:4326,coord-precision-round,0.0001,11,11,0,,43627,src-a1dd899f902d,,
boundaries.in.wards.state=in_s06.ulb=802620,ward,S06,,802620,boundaries/in/wards/state=in_s06/ulb=802620/all.geojson,geojson,EPSG:4326,coord-precision-round,0.0001,6,6,0,,29709,src-a1dd899f902d,,
boundaries.in.wards.state=in_s06.ulb=802621,ward,S06,,802621,boundaries/in/wards/state=in_s06/ulb=802621/all.geojson,geojson,EPSG:4326,coord-precision-round,0.0001,7,7,0,,40093,src-a1dd899f902d,,
boundaries.in.wards.state=in_s06.ulb=802622,ward,S06,,802622,boundaries/in/wards/state=in_s06/ulb=802622/all.geojson,geojson,EPSG:4326,coord-precision-round,0.0001,11,11,0,,41956,src-a1dd899f902d,,
boundaries.in.wards.state=in_s06.ulb=802625,ward,S06,,802625,boundaries/in/wards/state=in_s06/ulb=802625/all.geojson,geojson,EPSG:4326,coord-precision-round,0.0001,7,7,0,,24011,src-a1dd899f902d,,
boundaries.in.wards.state=in_s06.ulb=802627,ward,S06,,802627,boundaries/in/wards/state=in_s06/ulb=802627/all.geojson,geojson,EPSG:4326,coord-precision-round,0.0001,7,7,0,,10936,src-a1dd899f902d,,
boundaries.in.wards.state=in_s06.ulb=802628,ward,S06,,802628,boundaries/in/wards/state=in_s06/ulb=802628/all.geojson,geojson,EPSG:4326,coord-precision-round,0.0001,10,10,0,,22801,src-a1dd899f902d,,
boundaries.in.wards.state=in_s06.ulb=802629,ward,S06,,802629,boundaries/in/wards/state=in_s06/ulb=802629/all.geojson,geojson,EPSG:4326,coord-precision-round,0.0001,30,30,0,,407967,src-a1dd899f902d,,
boundaries.in.wards.state=in_s06.ulb=802634,ward,S06,,802634,boundaries/in/wards/state=in_s06/ulb=802634/all.geojson,geojson,EPSG:4326,coord-precision-round,0.0001,18,18,0,,33030,src-a1dd899f902d,,
boundaries.in.wards.state=in_s06.ulb=802635,ward,S06,,802635,boundaries/in/wards/state=in_s06/ulb=802635/all.geojson,geojson,EPSG:4326,coord-precision-round,0.0001,7,7,0,,15087,src-a1dd899f902d,,
boundaries.in.wards.state=in_s06.ulb=802636,ward,S06,,802636,boundaries/in/wards/state=in_s06/ulb=802636/all.geojson,geojson,EPSG:4326,coord-precision-round,0.0001,7,7,0,,18901,src-a1dd899f902d,,
boundaries.in.wards.state=in_s06.ulb=900198,ward,S06,,900198,boundaries/in/wards/state=in_s06/ulb=900198/all.geojson,geojson,EPSG:4326,coord-precision-round,0.0001,14,14,0,,25640,src-a1dd899f902d,,
boundaries.in.wards.state=in_s06.ulb=900605,ward,S06,,900605,boundaries/in/wards/state=in_s06/ulb=900605/all.geojson,geojson,EPSG:4326,coord-precision-round,0.0001,7,7,0,,16186,src-a1dd899f902d,,
boundaries.in.wards.state=in_s07.ulb=800363,ward,S07,,800363,boundaries/in/wards/state=in_s07/ulb=800363/all.geojson,geojson,EPSG:4326,coord-precision-round,0.0001,20,20,0,,103384,src-a1dd899f902d,,
boundaries.in.wards.state=in_s07.ulb=800364,ward,S07,,800364,boundaries/in/wards/state=in_s07/ulb=800364/all.geojson,geojson,EPSG:4326,coord-precision-round,0.0001,15,15,0,,29643,src-a1dd899f902d,,
boundaries.in.wards.state=in_s07.ulb=800365,ward,S07,,800365,boundaries/in/wards/state=in_s07/ulb=800365/all.geojson,geojson,EPSG:4326,coord-precision-round,0.0001,20,20,0,,74298,src-a1dd899f902d,,
boundaries.in.wards.state=in_s07.ulb=800366,ward,S07,,800366,boundaries/in/wards/state=in_s07/ulb=800366/all.geojson,geojson,EPSG:4326,coord-precision-round,0.0001,8,8,0,,13238,src-a1dd899f902d,,
boundaries.in.wards.state=in_s07.ulb=800367,ward,S07,,800367,boundaries/in/wards/state=in_s07/ulb=800367/all.geojson,geojson,EPSG:4326,coord-precision-round,0.0001,31,31,0,,36857,src-a1dd899f902d,,
boundaries.in.wards.state=in_s07.ulb=800369,ward,S07,,800369,boundaries/in/wards/state=in_s07/ulb=800369/all.geojson,geojson,EPSG:4326,coord-precision-round,0.0001,22,22,0,,105581,src-a1dd899f902d,,
boundaries.in.wards.state=in_s07.ulb=800370,ward,S07,,800370,boundaries/in/wards/state=in_s07/ulb=800370/all.geojson,geojson,EPSG:4326,coord-precision-round,0.0001,19,19,0,,40751,src-a1dd899f902d,,
boundaries.in.wards.state=in_s07.ulb=800371,ward,S07,,800371,boundaries/in/wards/state=in_s07/ulb=800371/all.geojson,geojson,EPSG:4326,coord-precision-round,0.0001,17,17,0,,46862,src-a1dd899f902d,,
boundaries.in.wards.state=in_s07.ulb=800372,ward,S07,,800372,boundaries/in/wards/state=in_s07/ulb=800372/all.geojson,geojson,EPSG:4326,coord-precision-round,0.0001,31,31,0,,76697,src-a1dd899f902d,,
boundaries.in.wards.state=in_s07.ulb=800373,ward,S07,,800373,boundaries/in/wards/state=in_s07/ulb=800373/all.geojson,geojson,EPSG:4326,coord-precision-round,0.0001,15,15,0,,29730,src-a1dd899f902d,,
boundaries.in.wards.state=in_s07.ulb=800374,ward,S07,,800374,boundaries/in/wards/state=in_s07/ulb=800374/all.geojson,geojson,EPSG:4326,coord-precision-round,0.0001,18,18,0,,54470,src-a1dd899f902d,,
boundaries.in.wards.state=in_s07.ulb=800375,ward,S07,,800375,boundaries/in/wards/state=in_s07/ulb=800375/all.geojson,geojson,EPSG:4326,coord-precision-round,0.0001,31,31,0,,106116,src-a1dd899f902d,,
boundaries.in.wards.state=in_s07.ulb=800376,ward,S07,,800376,boundaries/in/wards/state=in_s07/ulb=800376/all.geojson,geojson,EPSG:4326,coord-precision-round,0.0001,13,13,0,,31832,src-a1dd899f902d,,
boundaries.in.wards.state=in_s07.ulb=800377,ward,S07,,800377,boundaries/in/wards/state=in_s07/ulb=800377/all.geojson,geojson,EPSG:4326,coord-precision-round,0.0001,13,13,0,,21256,src-a1dd899f902d,,
boundaries.in.wards.state=in_s07.ulb=800378,ward,S07,,800378,boundaries/in/wards/state=in_s07/ulb=800378/all.geojson,geojson,EPSG:4326,coord-precision-round,0.0001,13,13,0,,14733,src-a1dd899f902d,,
boundaries.in.wards.state=in_s07.ulb=800379,ward,S07,,800379,boundaries/in/wards/state=in_s07/ulb=800379/all.geojson,geojson,EPSG:4326,coord-precision-round,0.0001,15,15,0,,17178,src-a1dd899f902d,,
boundaries.in.wards.state=in_s07.ulb=800380,ward,S07,,800380,boundaries/in/wards/state=in_s07/ulb=800380/all.geojson,geojson,EPSG:4326,coord-precision-round,0.0001,13,13,0,,25033,src-a1dd899f902d,,
boundaries.in.wards.state=in_s07.ulb=800381,ward,S07,,800381,boundaries/in/wards/state=in_s07/ulb=800381/all.geojson,geojson,EPSG:4326,coord-precision-round,0.0001,20,20,0,,59730,src-a1dd899f902d,,
boundaries.in.wards.state=in_s07.ulb=800382,ward,S07,,800382,boundaries/in/wards/state=in_s07/ulb=800382/all.geojson,geojson,EPSG:4326,coord-precision-round,0.0001,13,13,0,,19199,src-a1dd899f902d,,
boundaries.in.wards.state=in_s07.ulb=800383,ward,S07,,800383,boundaries/in/wards/state=in_s07/ulb=800383/all.geojson,geojson,EPSG:4326,coord-precision-round,0.0001,15,15,0,,22396,src-a1dd899f902d,,
boundaries.in.wards.state=in_s07.ulb=800384,ward,S07,,800384,boundaries/in/wards/state=in_s07/ulb=800384/all.geojson,geojson,EPSG:4326,coord-precision-round,0.0001,17,17,0,,25350,src-a1dd899f902d,,
boundaries.in.wards.state=in_s07.ulb=800385,ward,S07,,800385,boundaries/in/wards/state=in_s07/ulb=800385/all.geojson,geojson,EPSG:4326,coord-precision-round,0.0001,26,26,0,,67480,src-a1dd899f902d,,
boundaries.in.wards.state=in_s07.ulb=800386,ward,S07,,800386,boundaries/in/wards/state=in_s07/ulb=800386/all.geojson,geojson,EPSG:4326,coord-precision-round,0.0001,17,17,0,,30134,src-a1dd899f902d,,
boundaries.in.wards.state=in_s07.ulb=800387,ward,S07,,800387,boundaries/in/wards/state=in_s07/ulb=800387/all.geojson,geojson,EPSG:4326,coord-precision-round,0.0001,23,23,0,,42201,src-a1dd899f902d,,
boundaries.in.wards.state=in_s07.ulb=800388,ward,S07,,800388,boundaries/in/wards/state=in_s07/ulb=800388/all.geojson,geojson,EPSG:4326,coord-precision-round,0.0001,17,17,0,,34370,src-a1dd899f902d,,
boundaries.in.wards.state=in_s07.ulb=800389,ward,S07,,800389,boundaries/in/wards/state=in_s07/ulb=800389/all.geojson,geojson,EPSG:4326,coord-precision-round,0.0001,24,24,0,,121167,src-a1dd899f902d,,
boundaries.in.wards.state=in_s07.ulb=800390,ward,S07,,800390,boundaries/in/wards/state=in_s07/ulb=800390/all.geojson,geojson,EPSG:4326,coord-precision-round,0.0001,15,15,0,,25442,src-a1dd899f902d,,
boundaries.in.wards.state=in_s07.ulb=800391,ward,S07,,800391,boundaries/in/wards/state=in_s07/ulb=800391/all.geojson,geojson,EPSG:4326,coord-precision-round,0.0001,23,23,0,,32048,src-a1dd899f902d,,
boundaries.in.wards.state=in_s07.ulb=800392,ward,S07,,800392,boundaries/in/wards/state=in_s07/ulb=800392/all.geojson,geojson,EPSG:4326,coord-precision-round,0.0001,14,14,0,,19595,src-a1dd899f902d,,
boundaries.in.wards.state=in_s07.ulb=800393,ward,S07,,800393,boundaries/in/wards/state=in_s07/ulb=800393/all.geojson,geojson,EPSG:4326,coord-precision-round,0.0001,31,31,0,,99804,src-a1dd899f902d,,
boundaries.in.wards.state=in_s07.ulb=800394,ward,S07,,800394,boundaries/in/wards/state=in_s07/ulb=800394/all.geojson,geojson,EPSG:4326,coord-precision-round,0.0001,13,13,0,,31535,src-a1dd899f902d,,
boundaries.in.wards.state=in_s07.ulb=800395,ward,S07,,800395,boundaries/in/wards/state=in_s07/ulb=800395/all.geojson,geojson,EPSG:4326,coord-precision-round,0.0001,17,17,0,,28363,src-a1dd899f902d,,
boundaries.in.wards.state=in_s07.ulb=800396,ward,S07,,800396,boundaries/in/wards/state=in_s07/ulb=800396/all.geojson,geojson,EPSG:4326,coord-precision-round,0.0001,17,17,0,,20824,src-a1dd899f902d,,
boundaries.in.wards.state=in_s07.ulb=800397,ward,S07,,800397,boundaries/in/wards/state=in_s07/ulb=800397/all.geojson,geojson,EPSG:4326,coord-precision-round,0.0001,23,23,0,,35434,src-a1dd899f902d,,
boundaries.in.wards.state=in_s07.ulb=800398,ward,S07,,800398,boundaries/in/wards/state=in_s07/ulb=800398/all.geojson,geojson,EPSG:4326,coord-precision-round,0.0001,25,25,0,,42815,src-a1dd899f902d,,
boundaries.in.wards.state=in_s07.ulb=800399,ward,S07,,800399,boundaries/in/wards/state=in_s07/ulb=800399/all.geojson,geojson,EPSG:4326,coord-precision-round,0.0001,21,21,0,,28999,src-a1dd899f902d,,
boundaries.in.wards.state=in_s07.ulb=800400,ward,S07,,800400,boundaries/in/wards/state=in_s07/ulb=800400/all.geojson,geojson,EPSG:4326,coord-precision-round,0.0001,15,15,0,,21084,src-a1dd899f902d,,
boundaries.in.wards.state=in_s07.ulb=800401,ward,S07,,800401,boundaries/in/wards/state=in_s07/ulb=800401/all.geojson,geojson,EPSG:4326,coord-precision-round,0.0001,31,31,0,,44169,src-a1dd899f902d,,
boundaries.in.wards.state=in_s07.ulb=800402,ward,S07,,800402,boundaries/in/wards/state=in_s07/ulb=800402/all.geojson,geojson,EPSG:4326,coord-precision-round,0.0001,15,15,0,,27316,src-a1dd899f902d,,
boundaries.in.wards.state=in_s07.ulb=800404,ward,S07,,800404,boundaries/in/wards/state=in_s07/ulb=800404/all.geojson,geojson,EPSG:4326,coord-precision-round,0.0001,18,18,0,,33329,src-a1dd899f902d,,
boundaries.in.wards.state=in_s07.ulb=800405,ward,S07,,800405,boundaries/in/wards/state=in_s07/ulb=800405/all.geojson,geojson,EPSG:4326,coord-precision-round,0.0001,20,20,0,,41459,src-a1dd899f902d,,
boundaries.in.wards.state=in_s07.ulb=800406,ward,S07,,800406,boundaries/in/wards/state=in_s07/ulb=800406/all.geojson,geojson,EPSG:4326,coord-precision-round,0.0001,7,7,0,,11132,src-a1dd899f902d,,
boundaries.in.wards.state=in_s07.ulb=800407,ward,S07,,800407,boundaries/in/wards/state=in_s07/ulb=800407/all.geojson,geojson,EPSG:4326,coord-precision-round,0.0001,25,25,0,,46611,src-a1dd899f902d,,
boundaries.in.wards.state=in_s07.ulb=800408,ward,S07,,800408,boundaries/in/wards/state=in_s07/ulb=800408/all.geojson,geojson,EPSG:4326,coord-precision-round,0.0001,16,16,0,,29968,src-a1dd899f902d,,
boundaries.in.wards.state=in_s07.ulb=800409,ward,S07,,800409,boundaries/in/wards/state=in_s07/ulb=800409/all.geojson,geojson,EPSG:4326,coord-precision-round,0.0001,31,31,0,,63512,src-a1dd899f902d,,
boundaries.in.wards.state=in_s07.ulb=800410,ward,S07,,800410,boundaries/in/wards/state=in_s07/ulb=800410/all.geojson,geojson,EPSG:4326,coord-precision-round,0.0001,13,13,0,,21198,src-a1dd899f902d,,
boundaries.in.wards.state=in_s07.ulb=800411,ward,S07,,800411,boundaries/in/wards/state=in_s07/ulb=800411/all.geojson,geojson,EPSG:4326,coord-precision-round,0.0001,14,14,0,,21984,src-a1dd899f902d,,
boundaries.in.wards.state=in_s07.ulb=800413,ward,S07,,800413,boundaries/in/wards/state=in_s07/ulb=800413/all.geojson,geojson,EPSG:4326,coord-precision-round,0.0001,15,15,0,,23015,src-a1dd899f902d,,
boundaries.in.wards.state=in_s07.ulb=800414,ward,S07,,800414,boundaries/in/wards/state=in_s07/ulb=800414/all.geojson,geojson,EPSG:4326,coord-precision-round,0.0001,27,27,0,,146616,src-a1dd899f902d,,
boundaries.in.wards.state=in_s07.ulb=800415,ward,S07,,800415,boundaries/in/wards/state=in_s07/ulb=800415/all.geojson,geojson,EPSG:4326,coord-precision-round,0.0001,15,15,0,,26533,src-a1dd899f902d,,
boundaries.in.wards.state=in_s07.ulb=800416,ward,S07,,800416,boundaries/in/wards/state=in_s07/ulb=800416/all.geojson,geojson,EPSG:4326,coord-precision-round,0.0001,15,15,0,,23703,src-a1dd899f902d,,
boundaries.in.wards.state=in_s07.ulb=800417,ward,S07,,800417,boundaries/in/wards/state=in_s07/ulb=800417/all.geojson,geojson,EPSG:4326,coord-precision-round,0.0001,13,13,0,,20039,src-a1dd899f902d,,
boundaries.in.wards.state=in_s07.ulb=800418,ward,S07,,800418,boundaries/in/wards/state=in_s07/ulb=800418/all.geojson,geojson,EPSG:4326,coord-precision-round,0.0001,31,31,0,,32978,src-a1dd899f902d,,
boundaries.in.wards.state=in_s07.ulb=800419,ward,S07,,800419,boundaries/in/wards/state=in_s07/ulb=800419/all.geojson,geojson,EPSG:4326,coord-precision-round,0.0001,19,19,0,,35148,src-a1dd899f902d,,
boundaries.in.wards.state=in_s07.ulb=800420,ward,S07,,800420,boundaries/in/wards/state=in_s07/ulb=800420/all.geojson,geojson,EPSG:4326,coord-precision-round,0.0001,13,13,0,,18181,src-a1dd899f902d,,
boundaries.in.wards.state=in_s07.ulb=800421,ward,S07,,800421,boundaries/in/wards/state=in_s07/ulb=800421/all.geojson,geojson,EPSG:4326,coord-precision-round,0.0001,15,15,0,,29898,src-a1dd899f902d,,
boundaries.in.wards.state=in_s07.ulb=800422,ward,S07,,800422,boundaries/in/wards/state=in_s07/ulb=800422/all.geojson,geojson,EPSG:4326,coord-precision-round,0.0001,11,11,0,,13262,src-a1dd899f902d,,
boundaries.in.wards.state=in_s07.ulb=800423,ward,S07,,800423,boundaries/in/wards/state=in_s07/ulb=800423/all.geojson,geojson,EPSG:4326,coord-precision-round,0.0001,31,31,0,,101691,src-a1dd899f902d,,
boundaries.in.wards.state=in_s07.ulb=800424,ward,S07,,800424,boundaries/in/wards/state=in_s07/ulb=800424/all.geojson,geojson,EPSG:4326,coord-precision-round,0.0001,17,17,0,,33247,src-a1dd899f902d,,
boundaries.in.wards.state=in_s07.ulb=800425,ward,S07,,800425,boundaries/in/wards/state=in_s07/ulb=800425/all.geojson,geojson,EPSG:4326,coord-precision-round,0.0001,31,31,0,,76209,src-a1dd899f902d,,
boundaries.in.wards.state=in_s07.ulb=800426,ward,S07,,800426,boundaries/in/wards/state=in_s07/ulb=800426/all.geojson,geojson,EPSG:4326,coord-precision-round,0.0001,13,13,0,,25812,src-a1dd899f902d,,
boundaries.in.wards.state=in_s07.ulb=800427,ward,S07,,800427,boundaries/in/wards/state=in_s07/ulb=800427/all.geojson,geojson,EPSG:4326,coord-precision-round,0.0001,15,15,0,,30792,src-a1dd899f902d,,
boundaries.in.wards.state=in_s07.ulb=800428,ward,S07,,800428,boundaries/in/wards/state=in_s07/ulb=800428/all.geojson,geojson,EPSG:4326,coord-precision-round,0.0001,15,15,0,,38058,src-a1dd899f902d,,
boundaries.in.wards.state=in_s07.ulb=800429,ward,S07,,800429,boundaries/in/wards/state=in_s07/ulb=800429/all.geojson,geojson,EPSG:4326,coord-precision-round,0.0001,35,35,0,,174588,src-a1dd899f902d,,
boundaries.in.wards.state=in_s07.ulb=800430,ward,S07,,800430,boundaries/in/wards/state=in_s07/ulb=800430/all.geojson,geojson,EPSG:4326,coord-precision-round,0.0001,13,13,0,,43891,src-a1dd899f902d,,
boundaries.in.wards.state=in_s07.ulb=800431,ward,S07,,800431,boundaries/in/wards/state=in_s07/ulb=800431/all.geojson,geojson,EPSG:4326,coord-precision-round,0.0001,21,21,0,,89887,src-a1dd899f902d,,
boundaries.in.wards.state=in_s07.ulb=800432,ward,S07,,800432,boundaries/in/wards/state=in_s07/ulb=800432/all.geojson,geojson,EPSG:4326,coord-precision-round,0.0001,15,15,0,,30198,src-a1dd899f902d,,
boundaries.in.wards.state=in_s07.ulb=800433,ward,S07,,800433,boundaries/in/wards/state=in_s07/ulb=800433/all.geojson,geojson,EPSG:4326,coord-precision-round,0.0001,13,13,0,,30669,src-a1dd899f902d,,
boundaries.in.wards.state=in_s07.ulb=800434,ward,S07,,800434,boundaries/in/wards/state=in_s07/ulb=800434/all.geojson,geojson,EPSG:4326,coord-precision-round,0.0001,15,15,0,,31803,src-a1dd899f902d,,
boundaries.in.wards.state=in_s07.ulb=800435,ward,S07,,800435,boundaries/in/wards/state=in_s07/ulb=800435/all.geojson,geojson,EPSG:4326,coord-precision-round,0.0001,15,15,0,,36316,src-a1dd899f902d,,
boundaries.in.wards.state=in_s07.ulb=800436,ward,S07,,800436,boundaries/in/wards/state=in_s07/ulb=800436/all.geojson,geojson,EPSG:4326,coord-precision-round,0.0001,40,40,0,,94595,src-a1dd899f902d,,
boundaries.in.wards.state=in_s07.ulb=800437,ward,S07,,800437,boundaries/in/wards/state=in_s07/ulb=800437/all.geojson,geojson,EPSG:4326,coord-precision-round,0.0001,31,31,0,,57280,src-a1dd899f902d,,
boundaries.in.wards.state=in_s07.ulb=800438,ward,S07,,800438,boundaries/in/wards/state=in_s07/ulb=800438/all.geojson,geojson,EPSG:4326,coord-precision-round,0.0001,13,13,0,,28176,src-a1dd899f902d,,
boundaries.in.wards.state=in_s07.ulb=800440,ward,S07,,800440,boundaries/in/wards/state=in_s07/ulb=800440/all.geojson,geojson,EPSG:4326,coord-precision-round,0.0001,21,21,0,,34743,src-a1dd899f902d,,
boundaries.in.wards.state=in_s07.ulb=900115,ward,S07,,900115,boundaries/in/wards/state=in_s07/ulb=900115/all.geojson,geojson,EPSG:4326,coord-precision-round,0.0001,13,13,0,,31710,src-a1dd899f902d,,
boundaries.in.wards.state=in_s07.ulb=900116,ward,S07,,900116,boundaries/in/wards/state=in_s07/ulb=900116/all.geojson,geojson,EPSG:4326,coord-precision-round,0.0001,9,9,0,,8571,src-a1dd899f902d,,
boundaries.in.wards.state=in_s07.ulb=900117,ward,S07,,900117,boundaries/in/wards/state=in_s07/ulb=900117/all.geojson,geojson,EPSG:4326,coord-precision-round,0.0001,12,12,0,,17383,src-a1dd899f902d,,
boundaries.in.wards.state=in_s07.ulb=900227,ward,S07,,900227,boundaries/in/wards/state=in_s07/ulb=900227/all.geojson,geojson,EPSG:4326,coord-precision-round,0.0001,13,13,0,,35828,src-a1dd899f902d,,
boundaries.in.wards.state=in_s07.ulb=900228,ward,S07,,900228,boundaries/in/wards/state=in_s07/ulb=900228/all.geojson,geojson,EPSG:4326,coord-precision-round,0.0001,15,15,0,,46267,src-a1dd899f902d,,
boundaries.in.wards.state=in_s07.ulb=900322,ward,S07,,900322,boundaries/in/wards/state=in_s07/ulb=900322/all.geojson,geojson,EPSG:4326,coord-precision-round,0.0001,13,13,0,,57796,src-a1dd899f902d,,
boundaries.in.wards.state=in_s07.ulb=900513,ward,S07,,900513,boundaries/in/wards/state=in_s07/ulb=900513/all.geojson,geojson,EPSG:4326,coord-precision-round,0.0001,13,13,0,,16039,src-a1dd899f902d,,
boundaries.in.wards.state=in_s08.ulb=800088,ward,S08,,800088,boundaries/in/wards/state=in_s08/ulb=800088/all.geojson,geojson,EPSG:4326,coord-precision-round,0.0001,9,9,0,,66791,src-a1dd899f902d,,
boundaries.in.wards.state=in_s08.ulb=800090,ward,S08,,800090,boundaries/in/wards/state=in_s08/ulb=800090/all.geojson,geojson,EPSG:4326,coord-precision-round,0.0001,7,7,0,,31002,src-a1dd899f902d,,
boundaries.in.wards.state=in_s08.ulb=800091,ward,S08,,800091,boundaries/in/wards/state=in_s08/ulb=800091/all.geojson,geojson,EPSG:4326,coord-precision-round,0.0001,11,11,0,,37876,src-a1dd899f902d,,
boundaries.in.wards.state=in_s08.ulb=800092,ward,S08,,800092,boundaries/in/wards/state=in_s08/ulb=800092/all.geojson,geojson,EPSG:4326,coord-precision-round,0.0001,9,9,0,,59324,src-a1dd899f902d,,
boundaries.in.wards.state=in_s08.ulb=800093,ward,S08,,800093,boundaries/in/wards/state=in_s08/ulb=800093/all.geojson,geojson,EPSG:4326,coord-precision-round,0.0001,17,17,0,,62149,src-a1dd899f902d,,
boundaries.in.wards.state=in_s08.ulb=800095,ward,S08,,800095,boundaries/in/wards/state=in_s08/ulb=800095/all.geojson,geojson,EPSG:4326,coord-precision-round,0.0001,9,9,0,,24959,src-a1dd899f902d,,
boundaries.in.wards.state=in_s08.ulb=800096,ward,S08,,800096,boundaries/in/wards/state=in_s08/ulb=800096/all.geojson,geojson,EPSG:4326,coord-precision-round,0.0001,7,7,0,,26262,src-a1dd899f902d,,
boundaries.in.wards.state=in_s08.ulb=800097,ward,S08,,800097,boundaries/in/wards/state=in_s08/ulb=800097/all.geojson,geojson,EPSG:4326,coord-precision-round,0.0001,7,7,0,,35849,src-a1dd899f902d,,
boundaries.in.wards.state=in_s08.ulb=800098,ward,S08,,800098,boundaries/in/wards/state=in_s08/ulb=800098/all.geojson,geojson,EPSG:4326,coord-precision-round,0.0001,7,7,0,,24287,src-a1dd899f902d,,
boundaries.in.wards.state=in_s08.ulb=800099,ward,S08,,800099,boundaries/in/wards/state=in_s08/ulb=800099/all.geojson,geojson,EPSG:4326,coord-precision-round,0.0001,15,15,0,,69773,src-a1dd899f902d,,
boundaries.in.wards.state=in_s08.ulb=800100,ward,S08,,800100,boundaries/in/wards/state=in_s08/ulb=800100/all.geojson,geojson,EPSG:4326,coord-precision-round,0.0001,7,7,0,,13573,src-a1dd899f902d,,
boundaries.in.wards.state=in_s08.ulb=800101,ward,S08,,800101,boundaries/in/wards/state=in_s08/ulb=800101/all.geojson,geojson,EPSG:4326,coord-precision-round,0.0001,11,11,0,,47899,src-a1dd899f902d,,
boundaries.in.wards.state=in_s08.ulb=800102,ward,S08,,800102,boundaries/in/wards/state=in_s08/ulb=800102/all.geojson,geojson,EPSG:4326,coord-precision-round,0.0001,7,7,0,,17325,src-a1dd899f902d,,
boundaries.in.wards.state=in_s08.ulb=800103,ward,S08,,800103,boundaries/in/wards/state=in_s08/ulb=800103/all.geojson,geojson,EPSG:4326,coord-precision-round,0.0001,7,7,0,,19568,src-a1dd899f902d,,
boundaries.in.wards.state=in_s08.ulb=800104,ward,S08,,800104,boundaries/in/wards/state=in_s08/ulb=800104/all.geojson,geojson,EPSG:4326,coord-precision-round,0.0001,7,7,0,,25044,src-a1dd899f902d,,
boundaries.in.wards.state=in_s08.ulb=800105,ward,S08,,800105,boundaries/in/wards/state=in_s08/ulb=800105/all.geojson,geojson,EPSG:4326,coord-precision-round,0.0001,7,7,0,,33483,src-a1dd899f902d,,
boundaries.in.wards.state=in_s08.ulb=800106,ward,S08,,800106,boundaries/in/wards/state=in_s08/ulb=800106/all.geojson,geojson,EPSG:4326,coord-precision-round,0.0001,13,13,0,,55497,src-a1dd899f902d,,
boundaries.in.wards.state=in_s08.ulb=800107,ward,S08,,800107,boundaries/in/wards/state=in_s08/ulb=800107/all.geojson,geojson,EPSG:4326,coord-precision-round,0.0001,15,15,0,,81734,src-a1dd899f902d,,
boundaries.in.wards.state=in_s08.ulb=800108,ward,S08,,800108,boundaries/in/wards/state=in_s08/ulb=800108/all.geojson,geojson,EPSG:4326,coord-precision-round,0.0001,7,7,0,,13678,src-a1dd899f902d,,
boundaries.in.wards.state=in_s08.ulb=800109,ward,S08,,800109,boundaries/in/wards/state=in_s08/ulb=800109/all.geojson,geojson,EPSG:4326,coord-precision-round,0.0001,9,9,0,,48092,src-a1dd899f902d,,
boundaries.in.wards.state=in_s08.ulb=800110,ward,S08,,800110,boundaries/in/wards/state=in_s08/ulb=800110/all.geojson,geojson,EPSG:4326,coord-precision-round,0.0001,7,7,0,,34832,src-a1dd899f902d,,
boundaries.in.wards.state=in_s08.ulb=800111,ward,S08,,800111,boundaries/in/wards/state=in_s08/ulb=800111/all.geojson,geojson,EPSG:4326,coord-precision-round,0.0001,11,11,0,,72689,src-a1dd899f902d,,
boundaries.in.wards.state=in_s08.ulb=800112,ward,S08,,800112,boundaries/in/wards/state=in_s08/ulb=800112/all.geojson,geojson,EPSG:4326,coord-precision-round,0.0001,7,7,0,,40463,src-a1dd899f902d,,
boundaries.in.wards.state=in_s08.ulb=800113,ward,S08,,800113,boundaries/in/wards/state=in_s08/ulb=800113/all.geojson,geojson,EPSG:4326,coord-precision-round,0.0001,7,7,0,,27531,src-a1dd899f902d,,
boundaries.in.wards.state=in_s08.ulb=800114,ward,S08,,800114,boundaries/in/wards/state=in_s08/ulb=800114/all.geojson,geojson,EPSG:4326,coord-precision-round,0.0001,7,7,0,,18928,src-a1dd899f902d,,
boundaries.in.wards.state=in_s08.ulb=800115,ward,S08,,800115,boundaries/in/wards/state=in_s08/ulb=800115/all.geojson,geojson,EPSG:4326,coord-precision-round,0.0001,11,11,0,,45632,src-a1dd899f902d,,
boundaries.in.wards.state=in_s08.ulb=800116,ward,S08,,800116,boundaries/in/wards/state=in_s08/ulb=800116/all.geojson,geojson,EPSG:4326,coord-precision-round,0.0001,9,9,0,,22232,src-a1dd899f902d,,
boundaries.in.wards.state=in_s08.ulb=800117,ward,S08,,800117,boundaries/in/wards/state=in_s08/ulb=800117/all.geojson,geojson,EPSG:4326,coord-precision-round,0.0001,9,9,0,,23272,src-a1dd899f902d,,
boundaries.in.wards.state=in_s08.ulb=800118,ward,S08,,800118,boundaries/in/wards/state=in_s08/ulb=800118/all.geojson,geojson,EPSG:4326,coord-precision-round,0.0001,7,7,0,,23324,src-a1dd899f902d,,
boundaries.in.wards.state=in_s08.ulb=800119,ward,S08,,800119,boundaries/in/wards/state=in_s08/ulb=800119/all.geojson,geojson,EPSG:4326,coord-precision-round,0.0001,7,7,0,,23851,src-a1dd899f902d,,
boundaries.in.wards.state=in_s08.ulb=800120,ward,S08,,800120,boundaries/in/wards/state=in_s08/ulb=800120/all.geojson,geojson,EPSG:4326,coord-precision-round,0.0001,7,7,0,,13616,src-a1dd899f902d,,
boundaries.in.wards.state=in_s08.ulb=800121,ward,S08,,800121,boundaries/in/wards/state=in_s08/ulb=800121/all.geojson,geojson,EPSG:4326,coord-precision-round,0.0001,11,11,0,,52724,src-a1dd899f902d,,
boundaries.in.wards.state=in_s08.ulb=800122,ward,S08,,800122,boundaries/in/wards/state=in_s08/ulb=800122/all.geojson,geojson,EPSG:4326,coord-precision-round,0.0001,7,7,0,,25336,src-a1dd899f902d,,
boundaries.in.wards.state=in_s08.ulb=800123,ward,S08,,800123,boundaries/in/wards/state=in_s08/ulb=800123/all.geojson,geojson,EPSG:4326,coord-precision-round,0.0001,9,9,0,,27419,src-a1dd899f902d,,
boundaries.in.wards.state=in_s08.ulb=800124,ward,S08,,800124,boundaries/in/wards/state=in_s08/ulb=800124/all.geojson,geojson,EPSG:4326,coord-precision-round,0.0001,9,9,0,,30329,src-a1dd899f902d,,
boundaries.in.wards.state=in_s08.ulb=800126,ward,S08,,800126,boundaries/in/wards/state=in_s08/ulb=800126/all.geojson,geojson,EPSG:4326,coord-precision-round,0.0001,9,9,0,,32963,src-a1dd899f902d,,
boundaries.in.wards.state=in_s08.ulb=800128,ward,S08,,800128,boundaries/in/wards/state=in_s08/ulb=800128/all.geojson,geojson,EPSG:4326,coord-precision-round,0.0001,17,17,0,,57445,src-a1dd899f902d,,
boundaries.in.wards.state=in_s08.ulb=800130,ward,S08,,800130,boundaries/in/wards/state=in_s08/ulb=800130/all.geojson,geojson,EPSG:4326,coord-precision-round,0.0001,7,7,0,,31412,src-a1dd899f902d,,
boundaries.in.wards.state=in_s08.ulb=800131,ward,S08,,800131,boundaries/in/wards/state=in_s08/ulb=800131/all.geojson,geojson,EPSG:4326,coord-precision-round,0.0001,13,13,0,,38118,src-a1dd899f902d,,
boundaries.in.wards.state=in_s08.ulb=800132,ward,S08,,800132,boundaries/in/wards/state=in_s08/ulb=800132/all.geojson,geojson,EPSG:4326,coord-precision-round,0.0001,13,13,0,,52196,src-a1dd899f902d,,
boundaries.in.wards.state=in_s08.ulb=800134,ward,S08,,800134,boundaries/in/wards/state=in_s08/ulb=800134/all.geojson,geojson,EPSG:4326,coord-precision-round,0.0001,7,7,0,,15285,src-a1dd899f902d,,
boundaries.in.wards.state=in_s08.ulb=800137,ward,S08,,800137,boundaries/in/wards/state=in_s08/ulb=800137/all.geojson,geojson,EPSG:4326,coord-precision-round,0.0001,34,34,0,,268882,src-a1dd899f902d,,
boundaries.in.wards.state=in_s08.ulb=800138,ward,S08,,800138,boundaries/in/wards/state=in_s08/ulb=800138/all.geojson,geojson,EPSG:4326,coord-precision-round,0.0001,7,7,0,,13807,src-a1dd899f902d,,
boundaries.in.wards.state=in_s08.ulb=800139,ward,S08,,800139,boundaries/in/wards/state=in_s08/ulb=800139/all.geojson,geojson,EPSG:4326,coord-precision-round,0.0001,7,7,0,,27290,src-a1dd899f902d,,
boundaries.in.wards.state=in_s08.ulb=800140,ward,S08,,800140,boundaries/in/wards/state=in_s08/ulb=800140/all.geojson,geojson,EPSG:4326,coord-precision-round,0.0001,7,7,0,,23041,src-a1dd899f902d,,
boundaries.in.wards.state=in_s08.ulb=800141,ward,S08,,800141,boundaries/in/wards/state=in_s08/ulb=800141/all.geojson,geojson,EPSG:4326,coord-precision-round,0.0001,7,7,0,,13982,src-a1dd899f902d,,
boundaries.in.wards.state=in_s08.ulb=800142,ward,S08,,800142,boundaries/in/wards/state=in_s08/ulb=800142/all.geojson,geojson,EPSG:4326,coord-precision-round,0.0001,7,7,0,,42810,src-a1dd899f902d,,
boundaries.in.wards.state=in_s08.ulb=900134,ward,S08,,900134,boundaries/in/wards/state=in_s08/ulb=900134/all.geojson,geojson,EPSG:4326,coord-precision-round,0.0001,7,7,0,,22427,src-a1dd899f902d,,
boundaries.in.wards.state=in_s08.ulb=900238,ward,S08,,900238,boundaries/in/wards/state=in_s08/ulb=900238/all.geojson,geojson,EPSG:4326,coord-precision-round,0.0001,7,7,0,,31733,src-a1dd899f902d,,
boundaries.in.wards.state=in_s08.ulb=900460,ward,S08,,900460,boundaries/in/wards/state=in_s08/ulb=900460/all.geojson,geojson,EPSG:4326,coord-precision-round,0.0001,9,9,0,,47604,src-a1dd899f902d,,
boundaries.in.wards.state=in_s08.ulb=900470,ward,S08,,900470,boundaries/in/wards/state=in_s08/ulb=900470/all.geojson,geojson,EPSG:4326,coord-precision-round,0.0001,9,9,0,,41351,src-a1dd899f902d,,
boundaries.in.wards.state=in_s08.ulb=900805,ward,S08,,900805,boundaries/in/wards/state=in_s08/ulb=900805/all.geojson,geojson,EPSG:4326,coord-precision-round,0.0001,7,7,0,,56425,src-a1dd899f902d,,
boundaries.in.wards.state=in_s08.ulb=900806,ward,S08,,900806,boundaries/in/wards/state=in_s08/ulb=900806/all.geojson,geojson,EPSG:4326,coord-precision-round,0.0001,7,7,0,,29848,src-a1dd899f902d,,
boundaries.in.wards.state=in_s08.ulb=900807,ward,S08,,900807,boundaries/in/wards/state=in_s08/ulb=900807/all.geojson,geojson,EPSG:4326,coord-precision-round,0.0001,7,7,0,,27266,src-a1dd899f902d,,
boundaries.in.wards.state=in_s08.ulb=900808,ward,S08,,900808,boundaries/in/wards/state=in_s08/ulb=900808/all.geojson,geojson,EPSG:4326,coord-precision-round,0.0001,7,7,0,,25363,src-a1dd899f902d,,
boundaries.in.wards.state=in_s08.ulb=900809,ward,S08,,900809,boundaries/in/wards/state=in_s08/ulb=900809/all.geojson,geojson,EPSG:4326,coord-precision-round,0.0001,7,7,0,,20356,src-a1dd899f902d,,
boundaries.in.wards.state=in_s08.ulb=900810,ward,S08,,900810,boundaries/in/wards/state=in_s08/ulb=900810/all.geojson,geojson,EPSG:4326,coord-precision-round,0.0001,9,9,0,,29650,src-a1dd899f902d,,
boundaries.in.wards.state=in_s08.ulb=900811,ward,S08,,900811,boundaries/in/wards/state=in_s08/ulb=900811/all.geojson,geojson,EPSG:4326,coord-precision-round,0.0001,7,7,0,,24236,src-a1dd899f902d,,
boundaries.in.wards.state=in_s10.ulb=803021,ward,S10,,803021,boundaries/in/wards/state=in_s10/ulb=803021/all.geojson,geojson,EPSG:4326,coord-precision-round,0.0001,31,31,0,,140828,src-a1dd899f902d,,
boundaries.in.wards.state=in_s10.ulb=803023,ward,S10,,803023,boundaries/in/wards/state=in_s10/ulb=803023/all.geojson,geojson,EPSG:4326,coord-precision-round,0.0001,23,23,0,,66172,src-a1dd899f902d,,
boundaries.in.wards.state=in_s10.ulb=803025,ward,S10,,803025,boundaries/in/wards/state=in_s10/ulb=803025/all.geojson,geojson,EPSG:4326,coord-precision-round,0.0001,23,23,0,,44778,src-a1dd899f902d,,
boundaries.in.wards.state=in_s10.ulb=803026,ward,S10,,803026,boundaries/in/wards/state=in_s10/ulb=803026/all.geojson,geojson,EPSG:4326,coord-precision-round,0.0001,19,19,0,,22361,src-a1dd899f902d,,
boundaries.in.wards.state=in_s10.ulb=803027,ward,S10,,803027,boundaries/in/wards/state=in_s10/ulb=803027/all.geojson,geojson,EPSG:4326,coord-precision-round,0.0001,23,23,0,,53739,src-a1dd899f902d,,
boundaries.in.wards.state=in_s10.ulb=803028,ward,S10,,803028,boundaries/in/wards/state=in_s10/ulb=803028/all.geojson,geojson,EPSG:4326,coord-precision-round,0.0001,23,23,0,,55127,src-a1dd899f902d,,
boundaries.in.wards.state=in_s10.ulb=803030,ward,S10,,803030,boundaries/in/wards/state=in_s10/ulb=803030/all.geojson,geojson,EPSG:4326,coord-precision-round,0.0001,31,31,0,,77372,src-a1dd899f902d,,
boundaries.in.wards.state=in_s10.ulb=803032,ward,S10,,803032,boundaries/in/wards/state=in_s10/ulb=803032/all.geojson,geojson,EPSG:4326,coord-precision-round,0.0001,23,23,0,,57798,src-a1dd899f902d,,
boundaries.in.wards.state=in_s10.ulb=803033,ward,S10,,803033,boundaries/in/wards/state=in_s10/ulb=803033/all.geojson,geojson,EPSG:4326,coord-precision-round,0.0001,69,69,0,,149025,src-a1dd899f902d,,
boundaries.in.wards.state=in_s10.ulb=803036,ward,S10,,803036,boundaries/in/wards/state=in_s10/ulb=803036/all.geojson,geojson,EPSG:4326,coord-precision-round,0.0001,27,27,0,,44585,src-a1dd899f902d,,
boundaries.in.wards.state=in_s10.ulb=803037,ward,S10,,803037,boundaries/in/wards/state=in_s10/ulb=803037/all.geojson,geojson,EPSG:4326,coord-precision-round,0.0001,27,27,0,,25776,src-a1dd899f902d,,
boundaries.in.wards.state=in_s10.ulb=803038,ward,S10,,803038,boundaries/in/wards/state=in_s10/ulb=803038/all.geojson,geojson,EPSG:4326,coord-precision-round,0.0001,27,27,0,,21439,src-a1dd899f902d,,
boundaries.in.wards.state=in_s10.ulb=803039,ward,S10,,803039,boundaries/in/wards/state=in_s10/ulb=803039/all.geojson,geojson,EPSG:4326,coord-precision-round,0.0001,23,23,0,,53279,src-a1dd899f902d,,
boundaries.in.wards.state=in_s10.ulb=803041,ward,S10,,803041,boundaries/in/wards/state=in_s10/ulb=803041/all.geojson,geojson,EPSG:4326,coord-precision-round,0.0001,31,31,0,,59039,src-a1dd899f902d,,
boundaries.in.wards.state=in_s10.ulb=803042,ward,S10,,803042,boundaries/in/wards/state=in_s10/ulb=803042/all.geojson,geojson,EPSG:4326,coord-precision-round,0.0001,31,31,0,,69375,src-a1dd899f902d,,
boundaries.in.wards.state=in_s10.ulb=803043,ward,S10,,803043,boundaries/in/wards/state=in_s10/ulb=803043/all.geojson,geojson,EPSG:4326,coord-precision-round,0.0001,18,18,0,,32781,src-a1dd899f902d,,
boundaries.in.wards.state=in_s10.ulb=803044,ward,S10,,803044,boundaries/in/wards/state=in_s10/ulb=803044/all.geojson,geojson,EPSG:4326,coord-precision-round,0.0001,31,31,0,,53138,src-a1dd899f902d,,
boundaries.in.wards.state=in_s10.ulb=803045,ward,S10,,803045,boundaries/in/wards/state=in_s10/ulb=803045/all.geojson,geojson,EPSG:4326,coord-precision-round,0.0001,20,20,0,,41884,src-a1dd899f902d,,
boundaries.in.wards.state=in_s10.ulb=803046,ward,S10,,803046,boundaries/in/wards/state=in_s10/ulb=803046/all.geojson,geojson,EPSG:4326,coord-precision-round,0.0001,23,23,0,,52571,src-a1dd899f902d,,
boundaries.in.wards.state=in_s10.ulb=803048,ward,S10,,803048,boundaries/in/wards/state=in_s10/ulb=803048/all.geojson,geojson,EPSG:4326,coord-precision-round,0.0001,35,35,0,,104708,src-a1dd899f902d,,
boundaries.in.wards.state=in_s10.ulb=803050,ward,S10,,803050,boundaries/in/wards/state=in_s10/ulb=803050/all.geojson,geojson,EPSG:4326,coord-precision-round,0.0001,31,31,0,,39685,src-a1dd899f902d,,
boundaries.in.wards.state=in_s10.ulb=803051,ward,S10,,803051,boundaries/in/wards/state=in_s10/ulb=803051/all.geojson,geojson,EPSG:4326,coord-precision-round,0.0001,35,35,0,,98151,src-a1dd899f902d,,
boundaries.in.wards.state=in_s10.ulb=803052,ward,S10,,803052,boundaries/in/wards/state=in_s10/ulb=803052/all.geojson,geojson,EPSG:4326,coord-precision-round,0.0001,23,23,0,,95804,src-a1dd899f902d,,
boundaries.in.wards.state=in_s10.ulb=803053,ward,S10,,803053,boundaries/in/wards/state=in_s10/ulb=803053/all.geojson,geojson,EPSG:4326,coord-precision-round,0.0001,23,23,0,,56438,src-a1dd899f902d,,
boundaries.in.wards.state=in_s10.ulb=803054,ward,S10,,803054,boundaries/in/wards/state=in_s10/ulb=803054/all.geojson,geojson,EPSG:4326,coord-precision-round,0.0001,23,23,0,,122176,src-a1dd899f902d,,
boundaries.in.wards.state=in_s10.ulb=803055,ward,S10,,803055,boundaries/in/wards/state=in_s10/ulb=803055/all.geojson,geojson,EPSG:4326,coord-precision-round,0.0001,23,23,0,,44836,src-a1dd899f902d,,
boundaries.in.wards.state=in_s10.ulb=803056,ward,S10,,803056,boundaries/in/wards/state=in_s10/ulb=803056/all.geojson,geojson,EPSG:4326,coord-precision-round,0.0001,23,23,0,,47607,src-a1dd899f902d,,
boundaries.in.wards.state=in_s10.ulb=803057,ward,S10,,803057,boundaries/in/wards/state=in_s10/ulb=803057/all.geojson,geojson,EPSG:4326,coord-precision-round,0.0001,31,31,0,,83639,src-a1dd899f902d,,
boundaries.in.wards.state=in_s10.ulb=803059,ward,S10,,803059,boundaries/in/wards/state=in_s10/ulb=803059/all.geojson,geojson,EPSG:4326,coord-precision-round,0.0001,20,20,0,,17416,src-a1dd899f902d,,
boundaries.in.wards.state=in_s10.ulb=803060,ward,S10,,803060,boundaries/in/wards/state=in_s10/ulb=803060/all.geojson,geojson,EPSG:4326,coord-precision-round,0.0001,35,35,0,,47015,src-a1dd899f902d,,
boundaries.in.wards.state=in_s10.ulb=803061,ward,S10,,803061,boundaries/in/wards/state=in_s10/ulb=803061/all.geojson,geojson,EPSG:4326,coord-precision-round,0.0001,27,27,0,,81335,src-a1dd899f902d,,
boundaries.in.wards.state=in_s10.ulb=803062,ward,S10,,803062,boundaries/in/wards/state=in_s10/ulb=803062/all.geojson,geojson,EPSG:4326,coord-precision-round,0.0001,23,23,0,,85181,src-a1dd899f902d,,
boundaries.in.wards.state=in_s10.ulb=803063,ward,S10,,803063,boundaries/in/wards/state=in_s10/ulb=803063/all.geojson,geojson,EPSG:4326,coord-precision-round,0.0001,23,23,0,,97116,src-a1dd899f902d,,
boundaries.in.wards.state=in_s10.ulb=803064,ward,S10,,803064,boundaries/in/wards/state=in_s10/ulb=803064/all.geojson,geojson,EPSG:4326,coord-precision-round,0.0001,23,23,0,,83212,src-a1dd899f902d,,
boundaries.in.wards.state=in_s10.ulb=803066,ward,S10,,803066,boundaries/in/wards/state=in_s10/ulb=803066/all.geojson,geojson,EPSG:4326,coord-precision-round,0.0001,23,23,0,,72574,src-a1dd899f902d,,
boundaries.in.wards.state=in_s10.ulb=803067,ward,S10,,803067,boundaries/in/wards/state=in_s10/ulb=803067/all.geojson,geojson,EPSG:4326,coord-precision-round,0.0001,35,35,0,,152769,src-a1dd899f902d,,
boundaries.in.wards.state=in_s10.ulb=803068,ward,S10,,803068,boundaries/in/wards/state=in_s10/ulb=803068/all.geojson,geojson,EPSG:4326,coord-precision-round,0.0001,26,26,0,,82087,src-a1dd899f902d,,
boundaries.in.wards.state=in_s10.ulb=803069,ward,S10,,803069,boundaries/in/wards/state=in_s10/ulb=803069/all.geojson,geojson,EPSG:4326,coord-precision-round,0.0001,31,31,0,,68140,src-a1dd899f902d,,
boundaries.in.wards.state=in_s10.ulb=803070,ward,S10,,803070,boundaries/in/wards/state=in_s10/ulb=803070/all.geojson,geojson,EPSG:4326,coord-precision-round,0.0001,15,15,0,,43154,src-a1dd899f902d,,
boundaries.in.wards.state=in_s10.ulb=803071,ward,S10,,803071,boundaries/in/wards/state=in_s10/ulb=803071/all.geojson,geojson,EPSG:4326,coord-precision-round,0.0001,23,23,0,,41592,src-a1dd899f902d,,
boundaries.in.wards.state=in_s10.ulb=803072,ward,S10,,803072,boundaries/in/wards/state=in_s10/ulb=803072/all.geojson,geojson,EPSG:4326,coord-precision-round,0.0001,35,35,0,,79578,src-a1dd899f902d,,
boundaries.in.wards.state=in_s10.ulb=803073,ward,S10,,803073,boundaries/in/wards/state=in_s10/ulb=803073/all.geojson,geojson,EPSG:4326,coord-precision-round,0.0001,31,31,0,,72469,src-a1dd899f902d,,
boundaries.in.wards.state=in_s10.ulb=803074,ward,S10,,803074,boundaries/in/wards/state=in_s10/ulb=803074/all.geojson,geojson,EPSG:4326,coord-precision-round,0.0001,23,23,0,,62004,src-a1dd899f902d,,
boundaries.in.wards.state=in_s10.ulb=803075,ward,S10,,803075,boundaries/in/wards/state=in_s10/ulb=803075/all.geojson,geojson,EPSG:4326,coord-precision-round,0.0001,23,23,0,,68314,src-a1dd899f902d,,
boundaries.in.wards.state=in_s10.ulb=803076,ward,S10,,803076,boundaries/in/wards/state=in_s10/ulb=803076/all.geojson,geojson,EPSG:4326,coord-precision-round,0.0001,23,23,0,,39432,src-a1dd899f902d,,
boundaries.in.wards.state=in_s10.ulb=803077,ward,S10,,803077,boundaries/in/wards/state=in_s10/ulb=803077/all.geojson,geojson,EPSG:4326,coord-precision-round,0.0001,17,17,0,,35626,src-a1dd899f902d,,
boundaries.in.wards.state=in_s10.ulb=803078,ward,S10,,803078,boundaries/in/wards/state=in_s10/ulb=803078/all.geojson,geojson,EPSG:4326,coord-precision-round,0.0001,35,35,0,,100303,src-a1dd899f902d,,
boundaries.in.wards.state=in_s10.ulb=803079,ward,S10,,803079,boundaries/in/wards/state=in_s10/ulb=803079/all.geojson,geojson,EPSG:4326,coord-precision-round,0.0001,19,19,0,,43821,src-a1dd899f902d,,
boundaries.in.wards.state=in_s10.ulb=803080,ward,S10,,803080,boundaries/in/wards/state=in_s10/ulb=803080/all.geojson,geojson,EPSG:4326,coord-precision-round,0.0001,18,18,0,,27770,src-a1dd899f902d,,
boundaries.in.wards.state=in_s10.ulb=803081,ward,S10,,803081,boundaries/in/wards/state=in_s10/ulb=803081/all.geojson,geojson,EPSG:4326,coord-precision-round,0.0001,23,23,0,,48187,src-a1dd899f902d,,
boundaries.in.wards.state=in_s10.ulb=803082,ward,S10,,803082,boundaries/in/wards/state=in_s10/ulb=803082/all.geojson,geojson,EPSG:4326,coord-precision-round,0.0001,23,23,0,,54695,src-a1dd899f902d,,
boundaries.in.wards.state=in_s10.ulb=803083,ward,S10,,803083,boundaries/in/wards/state=in_s10/ulb=803083/all.geojson,geojson,EPSG:4326,coord-precision-round,0.0001,67,67,0,,175168,src-a1dd899f902d,,
boundaries.in.wards.state=in_s10.ulb=803085,ward,S10,,803085,boundaries/in/wards/state=in_s10/ulb=803085/all.geojson,geojson,EPSG:4326,coord-precision-round,0.0001,22,22,0,,41997,src-a1dd899f902d,,
boundaries.in.wards.state=in_s10.ulb=803086,ward,S10,,803086,boundaries/in/wards/state=in_s10/ulb=803086/all.geojson,geojson,EPSG:4326,coord-precision-round,0.0001,23,23,0,,36782,src-a1dd899f902d,,
boundaries.in.wards.state=in_s10.ulb=803087,ward,S10,,803087,boundaries/in/wards/state=in_s10/ulb=803087/all.geojson,geojson,EPSG:4326,coord-precision-round,0.0001,17,17,0,,42187,src-a1dd899f902d,,
boundaries.in.wards.state=in_s10.ulb=803088,ward,S10,,803088,boundaries/in/wards/state=in_s10/ulb=803088/all.geojson,geojson,EPSG:4326,coord-precision-round,0.0001,19,19,0,,36248,src-a1dd899f902d,,
boundaries.in.wards.state=in_s10.ulb=803089,ward,S10,,803089,boundaries/in/wards/state=in_s10/ulb=803089/all.geojson,geojson,EPSG:4326,coord-precision-round,0.0001,187,187,0,,376479,src-a1dd899f902d,,
boundaries.in.wards.state=in_s10.ulb=803090,ward,S10,,803090,boundaries/in/wards/state=in_s10/ulb=803090/all.geojson,geojson,EPSG:4326,coord-precision-round,0.0001,31,31,0,,82777,src-a1dd899f902d,,
boundaries.in.wards.state=in_s10.ulb=803091,ward,S10,,803091,boundaries/in/wards/state=in_s10/ulb=803091/all.geojson,geojson,EPSG:4326,coord-precision-round,0.0001,23,23,0,,76437,src-a1dd899f902d,,
boundaries.in.wards.state=in_s10.ulb=803092,ward,S10,,803092,boundaries/in/wards/state=in_s10/ulb=803092/all.geojson,geojson,EPSG:4326,coord-precision-round,0.0001,19,19,0,,33146,src-a1dd899f902d,,
boundaries.in.wards.state=in_s10.ulb=803093,ward,S10,,803093,boundaries/in/wards/state=in_s10/ulb=803093/all.geojson,geojson,EPSG:4326,coord-precision-round,0.0001,19,19,0,,51903,src-a1dd899f902d,,
boundaries.in.wards.state=in_s10.ulb=803094,ward,S10,,803094,boundaries/in/wards/state=in_s10/ulb=803094/all.geojson,geojson,EPSG:4326,coord-precision-round,0.0001,31,31,0,,73049,src-a1dd899f902d,,
boundaries.in.wards.state=in_s10.ulb=803095,ward,S10,,803095,boundaries/in/wards/state=in_s10/ulb=803095/all.geojson,geojson,EPSG:4326,coord-precision-round,0.0001,23,23,0,,85806,src-a1dd899f902d,,
boundaries.in.wards.state=in_s10.ulb=803096,ward,S10,,803096,boundaries/in/wards/state=in_s10/ulb=803096/all.geojson,geojson,EPSG:4326,coord-precision-round,0.0001,23,23,0,,82211,src-a1dd899f902d,,
boundaries.in.wards.state=in_s10.ulb=803097,ward,S10,,803097,boundaries/in/wards/state=in_s10/ulb=803097/all.geojson,geojson,EPSG:4326,coord-precision-round,0.0001,15,15,0,,54433,src-a1dd899f902d,,
boundaries.in.wards.state=in_s10.ulb=803098,ward,S10,,803098,boundaries/in/wards/state=in_s10/ulb=803098/all.geojson,geojson,EPSG:4326,coord-precision-round,0.0001,20,20,0,,56067,src-a1dd899f902d,,
boundaries.in.wards.state=in_s10.ulb=803099,ward,S10,,803099,boundaries/in/wards/state=in_s10/ulb=803099/all.geojson,geojson,EPSG:4326,coord-precision-round,0.0001,23,23,0,,53409,src-a1dd899f902d,,
boundaries.in.wards.state=in_s10.ulb=803100,ward,S10,,803100,boundaries/in/wards/state=in_s10/ulb=803100/all.geojson,geojson,EPSG:4326,coord-precision-round,0.0001,23,23,0,,40844,src-a1dd899f902d,,
boundaries.in.wards.state=in_s10.ulb=803101,ward,S10,,803101,boundaries/in/wards/state=in_s10/ulb=803101/all.geojson,geojson,EPSG:4326,coord-precision-round,0.0001,23,23,0,,45891,src-a1dd899f902d,,
boundaries.in.wards.state=in_s10.ulb=803102,ward,S10,,803102,boundaries/in/wards/state=in_s10/ulb=803102/all.geojson,geojson,EPSG:4326,coord-precision-round,0.0001,356,356,0,,669120,src-a1dd899f902d,,
boundaries.in.wards.state=in_s10.ulb=803103,ward,S10,,803103,boundaries/in/wards/state=in_s10/ulb=803103/all.geojson,geojson,EPSG:4326,coord-precision-round,0.0001,23,23,0,,59558,src-a1dd899f902d,,
boundaries.in.wards.state=in_s10.ulb=803104,ward,S10,,803104,boundaries/in/wards/state=in_s10/ulb=803104/all.geojson,geojson,EPSG:4326,coord-precision-round,0.0001,31,31,0,,64192,src-a1dd899f902d,,
boundaries.in.wards.state=in_s10.ulb=803105,ward,S10,,803105,boundaries/in/wards/state=in_s10/ulb=803105/all.geojson,geojson,EPSG:4326,coord-precision-round,0.0001,23,23,0,,57635,src-a1dd899f902d,,
boundaries.in.wards.state=in_s10.ulb=803106,ward,S10,,803106,boundaries/in/wards/state=in_s10/ulb=803106/all.geojson,geojson,EPSG:4326,coord-precision-round,0.0001,20,20,0,,49772,src-a1dd899f902d,,
boundaries.in.wards.state=in_s10.ulb=803107,ward,S10,,803107,boundaries/in/wards/state=in_s10/ulb=803107/all.geojson,geojson,EPSG:4326,coord-precision-round,0.0001,35,35,0,,97620,src-a1dd899f902d,,
boundaries.in.wards.state=in_s10.ulb=803109,ward,S10,,803109,boundaries/in/wards/state=in_s10/ulb=803109/all.geojson,geojson,EPSG:4326,coord-precision-round,0.0001,42,42,0,,155115,src-a1dd899f902d,,
boundaries.in.wards.state=in_s10.ulb=803110,ward,S10,,803110,boundaries/in/wards/state=in_s10/ulb=803110/all.geojson,geojson,EPSG:4326,coord-precision-round,0.0001,20,20,0,,66945,src-a1dd899f902d,,
boundaries.in.wards.state=in_s10.ulb=803111,ward,S10,,803111,boundaries/in/wards/state=in_s10/ulb=803111/all.geojson,geojson,EPSG:4326,coord-precision-round,0.0001,23,23,0,,83380,src-a1dd899f902d,,
boundaries.in.wards.state=in_s10.ulb=803112,ward,S10,,803112,boundaries/in/wards/state=in_s10/ulb=803112/all.geojson,geojson,EPSG:4326,coord-precision-round,0.0001,31,31,0,,83075,src-a1dd899f902d,,
boundaries.in.wards.state=in_s10.ulb=803113,ward,S10,,803113,boundaries/in/wards/state=in_s10/ulb=803113/all.geojson,geojson,EPSG:4326,coord-precision-round,0.0001,20,20,0,,78469,src-a1dd899f902d,,
boundaries.in.wards.state=in_s10.ulb=803114,ward,S10,,803114,boundaries/in/wards/state=in_s10/ulb=803114/all.geojson,geojson,EPSG:4326,coord-precision-round,0.0001,39,39,0,,124272,src-a1dd899f902d,,
boundaries.in.wards.state=in_s10.ulb=803115,ward,S10,,803115,boundaries/in/wards/state=in_s10/ulb=803115/all.geojson,geojson,EPSG:4326,coord-precision-round,0.0001,23,23,0,,65853,src-a1dd899f902d,,
boundaries.in.wards.state=in_s10.ulb=803116,ward,S10,,803116,boundaries/in/wards/state=in_s10/ulb=803116/all.geojson,geojson,EPSG:4326,coord-precision-round,0.0001,20,20,0,,78924,src-a1dd899f902d,,
boundaries.in.wards.state=in_s10.ulb=803117,ward,S10,,803117,boundaries/in/wards/state=in_s10/ulb=803117/all.geojson,geojson,EPSG:4326,coord-precision-round,0.0001,20,20,0,,62819,src-a1dd899f902d,,
boundaries.in.wards.state=in_s10.ulb=803118,ward,S10,,803118,boundaries/in/wards/state=in_s10/ulb=803118/all.geojson,geojson,EPSG:4326,coord-precision-round,0.0001,16,16,0,,23968,src-a1dd899f902d,,
boundaries.in.wards.state=in_s10.ulb=803119,ward,S10,,803119,boundaries/in/wards/state=in_s10/ulb=803119/all.geojson,geojson,EPSG:4326,coord-precision-round,0.0001,31,31,0,,55377,src-a1dd899f902d,,
boundaries.in.wards.state=in_s10.ulb=803120,ward,S10,,803120,boundaries/in/wards/state=in_s10/ulb=803120/all.geojson,geojson,EPSG:4326,coord-precision-round,0.0001,35,35,0,,57798,src-a1dd899f902d,,
boundaries.in.wards.state=in_s10.ulb=803121,ward,S10,,803121,boundaries/in/wards/state=in_s10/ulb=803121/all.geojson,geojson,EPSG:4326,coord-precision-round,0.0001,16,16,0,,22513,src-a1dd899f902d,,
boundaries.in.wards.state=in_s10.ulb=803122,ward,S10,,803122,boundaries/in/wards/state=in_s10/ulb=803122/all.geojson,geojson,EPSG:4326,coord-precision-round,0.0001,23,23,0,,32703,src-a1dd899f902d,,
boundaries.in.wards.state=in_s10.ulb=803123,ward,S10,,803123,boundaries/in/wards/state=in_s10/ulb=803123/all.geojson,geojson,EPSG:4326,coord-precision-round,0.0001,15,15,0,,17553,src-a1dd899f902d,,
boundaries.in.wards.state=in_s10.ulb=803124,ward,S10,,803124,boundaries/in/wards/state=in_s10/ulb=803124/all.geojson,geojson,EPSG:4326,coord-precision-round,0.0001,31,31,0,,62076,src-a1dd899f902d,,
boundaries.in.wards.state=in_s10.ulb=803126,ward,S10,,803126,boundaries/in/wards/state=in_s10/ulb=803126/all.geojson,geojson,EPSG:4326,coord-precision-round,0.0001,18,18,0,,25193,src-a1dd899f902d,,
boundaries.in.wards.state=in_s10.ulb=803127,ward,S10,,803127,boundaries/in/wards/state=in_s10/ulb=803127/all.geojson,geojson,EPSG:4326,coord-precision-round,0.0001,45,45,0,,88141,src-a1dd899f902d,,
boundaries.in.wards.state=in_s10.ulb=803128,ward,S10,,803128,boundaries/in/wards/state=in_s10/ulb=803128/all.geojson,geojson,EPSG:4326,coord-precision-round,0.0001,18,18,0,,22644,src-a1dd899f902d,,
boundaries.in.wards.state=in_s10.ulb=803129,ward,S10,,803129,boundaries/in/wards/state=in_s10/ulb=803129/all.geojson,geojson,EPSG:4326,coord-precision-round,0.0001,23,23,0,,27637,src-a1dd899f902d,,
boundaries.in.wards.state=in_s10.ulb=803131,ward,S10,,803131,boundaries/in/wards/state=in_s10/ulb=803131/all.geojson,geojson,EPSG:4326,coord-precision-round,0.0001,30,30,0,,82816,src-a1dd899f902d,,
boundaries.in.wards.state=in_s10.ulb=803132,ward,S10,,803132,boundaries/in/wards/state=in_s10/ulb=803132/all.geojson,geojson,EPSG:4326,coord-precision-round,0.0001,23,23,0,,58697,src-a1dd899f902d,,
boundaries.in.wards.state=in_s10.ulb=803133,ward,S10,,803133,boundaries/in/wards/state=in_s10/ulb=803133/all.geojson,geojson,EPSG:4326,coord-precision-round,0.0001,22,22,0,,48093,src-a1dd899f902d,,
boundaries.in.wards.state=in_s10.ulb=803134,ward,S10,,803134,boundaries/in/wards/state=in_s10/ulb=803134/all.geojson,geojson,EPSG:4326,coord-precision-round,0.0001,23,23,0,,63936,src-a1dd899f902d,,
boundaries.in.wards.state=in_s10.ulb=803135,ward,S10,,803135,boundaries/in/wards/state=in_s10/ulb=803135/all.geojson,geojson,EPSG:4326,coord-precision-round,0.0001,11,11,0,,19822,src-a1dd899f902d,,
boundaries.in.wards.state=in_s10.ulb=803136,ward,S10,,803136,boundaries/in/wards/state=in_s10/ulb=803136/all.geojson,geojson,EPSG:4326,coord-precision-round,0.0001,15,15,0,,34422,src-a1dd899f902d,,
boundaries.in.wards.state=in_s10.ulb=803137,ward,S10,,803137,boundaries/in/wards/state=in_s10/ulb=803137/all.geojson,geojson,EPSG:4326,coord-precision-round,0.0001,35,35,0,,107127,src-a1dd899f902d,,
boundaries.in.wards.state=in_s10.ulb=803138,ward,S10,,803138,boundaries/in/wards/state=in_s10/ulb=803138/all.geojson,geojson,EPSG:4326,coord-precision-round,0.0001,35,35,0,,114357,src-a1dd899f902d,,
boundaries.in.wards.state=in_s10.ulb=803139,ward,S10,,803139,boundaries/in/wards/state=in_s10/ulb=803139/all.geojson,geojson,EPSG:4326,coord-precision-round,0.0001,23,23,0,,52797,src-a1dd899f902d,,
boundaries.in.wards.state=in_s10.ulb=803140,ward,S10,,803140,boundaries/in/wards/state=in_s10/ulb=803140/all.geojson,geojson,EPSG:4326,coord-precision-round,0.0001,16,16,0,,50624,src-a1dd899f902d,,
boundaries.in.wards.state=in_s10.ulb=803143,ward,S10,,803143,boundaries/in/wards/state=in_s10/ulb=803143/all.geojson,geojson,EPSG:4326,coord-precision-round,0.0001,11,11,0,,18782,src-a1dd899f902d,,
boundaries.in.wards.state=in_s10.ulb=803144,ward,S10,,803144,boundaries/in/wards/state=in_s10/ulb=803144/all.geojson,geojson,EPSG:4326,coord-precision-round,0.0001,11,11,0,,18990,src-a1dd899f902d,,
boundaries.in.wards.state=in_s10.ulb=803145,ward,S10,,803145,boundaries/in/wards/state=in_s10/ulb=803145/all.geojson,geojson,EPSG:4326,coord-precision-round,0.0001,11,11,0,,26353,src-a1dd899f902d,,
boundaries.in.wards.state=in_s10.ulb=803146,ward,S10,,803146,boundaries/in/wards/state=in_s10/ulb=803146/all.geojson,geojson,EPSG:4326,coord-precision-round,0.0001,23,23,0,,63811,src-a1dd899f902d,,
boundaries.in.wards.state=in_s10.ulb=803147,ward,S10,,803147,boundaries/in/wards/state=in_s10/ulb=803147/all.geojson,geojson,EPSG:4326,coord-precision-round,0.0001,23,23,0,,51910,src-a1dd899f902d,,
boundaries.in.wards.state=in_s10.ulb=803148,ward,S10,,803148,boundaries/in/wards/state=in_s10/ulb=803148/all.geojson,geojson,EPSG:4326,coord-precision-round,0.0001,23,23,0,,57246,src-a1dd899f902d,,
boundaries.in.wards.state=in_s10.ulb=803150,ward,S10,,803150,boundaries/in/wards/state=in_s10/ulb=803150/all.geojson,geojson,EPSG:4326,coord-precision-round,0.0001,11,11,0,,27763,src-a1dd899f902d,,
boundaries.in.wards.state=in_s10.ulb=803152,ward,S10,,803152,boundaries/in/wards/state=in_s10/ulb=803152/all.geojson,geojson,EPSG:4326,coord-precision-round,0.0001,23,23,0,,74214,src-a1dd899f902d,,
boundaries.in.wards.state=in_s10.ulb=803153,ward,S10,,803153,boundaries/in/wards/state=in_s10/ulb=803153/all.geojson,geojson,EPSG:4326,coord-precision-round,0.0001,31,31,0,,79858,src-a1dd899f902d,,
boundaries.in.wards.state=in_s10.ulb=803154,ward,S10,,803154,boundaries/in/wards/state=in_s10/ulb=803154/all.geojson,geojson,EPSG:4326,coord-precision-round,0.0001,23,23,0,,46828,src-a1dd899f902d,,
boundaries.in.wards.state=in_s10.ulb=803155,ward,S10,,803155,boundaries/in/wards/state=in_s10/ulb=803155/all.geojson,geojson,EPSG:4326,coord-precision-round,0.0001,22,22,0,,56393,src-a1dd899f902d,,
boundaries.in.wards.state=in_s10.ulb=803156,ward,S10,,803156,boundaries/in/wards/state=in_s10/ulb=803156/all.geojson,geojson,EPSG:4326,coord-precision-round,0.0001,15,15,0,,27089,src-a1dd899f902d,,
boundaries.in.wards.state=in_s10.ulb=803157,ward,S10,,803157,boundaries/in/wards/state=in_s10/ulb=803157/all.geojson,geojson,EPSG:4326,coord-precision-round,0.0001,35,35,0,,177054,src-a1dd899f902d,,
boundaries.in.wards.state=in_s10.ulb=803158,ward,S10,,803158,boundaries/in/wards/state=in_s10/ulb=803158/all.geojson,geojson,EPSG:4326,coord-precision-round,0.0001,19,19,0,,46553,src-a1dd899f902d,,
boundaries.in.wards.state=in_s10.ulb=803159,ward,S10,,803159,boundaries/in/wards/state=in_s10/ulb=803159/all.geojson,geojson,EPSG:4326,coord-precision-round,0.0001,31,31,0,,87737,src-a1dd899f902d,,
boundaries.in.wards.state=in_s10.ulb=803161,ward,S10,,803161,boundaries/in/wards/state=in_s10/ulb=803161/all.geojson,geojson,EPSG:4326,coord-precision-round,0.0001,23,23,0,,56369,src-a1dd899f902d,,
boundaries.in.wards.state=in_s10.ulb=803162,ward,S10,,803162,boundaries/in/wards/state=in_s10/ulb=803162/all.geojson,geojson,EPSG:4326,coord-precision-round,0.0001,197,197,0,,833175,src-a1dd899f902d,,
boundaries.in.wards.state=in_s10.ulb=803163,ward,S10,,803163,boundaries/in/wards/state=in_s10/ulb=803163/all.geojson,geojson,EPSG:4326,coord-precision-round,0.0001,27,27,0,,59137,src-a1dd899f902d,,
boundaries.in.wards.state=in_s10.ulb=803164,ward,S10,,803164,boundaries/in/wards/state=in_s10/ulb=803164/all.geojson,geojson,EPSG:4326,coord-precision-round,0.0001,23,23,0,,49661,src-a1dd899f902d,,
boundaries.in.wards.state=in_s10.ulb=803166,ward,S10,,803166,boundaries/in/wards/state=in_s10/ulb=803166/all.geojson,geojson,EPSG:4326,coord-precision-round,0.0001,23,23,0,,43923,src-a1dd899f902d,,
boundaries.in.wards.state=in_s10.ulb=803167,ward,S10,,803167,boundaries/in/wards/state=in_s10/ulb=803167/all.geojson,geojson,EPSG:4326,coord-precision-round,0.0001,23,23,0,,44045,src-a1dd899f902d,,
boundaries.in.wards.state=in_s10.ulb=803168,ward,S10,,803168,boundaries/in/wards/state=in_s10/ulb=803168/all.geojson,geojson,EPSG:4326,coord-precision-round,0.0001,35,35,0,,80288,src-a1dd899f902d,,
boundaries.in.wards.state=in_s10.ulb=803169,ward,S10,,803169,boundaries/in/wards/state=in_s10/ulb=803169/all.geojson,geojson,EPSG:4326,coord-precision-round,0.0001,23,23,0,,47894,src-a1dd899f902d,,
boundaries.in.wards.state=in_s10.ulb=803172,ward,S10,,803172,boundaries/in/wards/state=in_s10/ulb=803172/all.geojson,geojson,EPSG:4326,coord-precision-round,0.0001,23,23,0,,65591,src-a1dd899f902d,,
boundaries.in.wards.state=in_s10.ulb=803173,ward,S10,,803173,boundaries/in/wards/state=in_s10/ulb=803173/all.geojson,geojson,EPSG:4326,coord-precision-round,0.0001,31,31,0,,76627,src-a1dd899f902d,,
boundaries.in.wards.state=in_s10.ulb=803174,ward,S10,,803174,boundaries/in/wards/state=in_s10/ulb=803174/all.geojson,geojson,EPSG:4326,coord-precision-round,0.0001,35,35,0,,94238,src-a1dd899f902d,,
boundaries.in.wards.state=in_s10.ulb=803175,ward,S10,,803175,boundaries/in/wards/state=in_s10/ulb=803175/all.geojson,geojson,EPSG:4326,coord-precision-round,0.0001,11,11,0,,29252,src-a1dd899f902d,,
boundaries.in.wards.state=in_s10.ulb=803176,ward,S10,,803176,boundaries/in/wards/state=in_s10/ulb=803176/all.geojson,geojson,EPSG:4326,coord-precision-round,0.0001,17,17,0,,58765,src-a1dd899f902d,,
boundaries.in.wards.state=in_s10.ulb=803177,ward,S10,,803177,boundaries/in/wards/state=in_s10/ulb=803177/all.geojson,geojson,EPSG:4326,coord-precision-round,0.0001,23,23,0,,64867,src-a1dd899f902d,,
boundaries.in.wards.state=in_s10.ulb=803178,ward,S10,,803178,boundaries/in/wards/state=in_s10/ulb=803178/all.geojson,geojson,EPSG:4326,coord-precision-round,0.0001,23,23,0,,77703,src-a1dd899f902d,,
boundaries.in.wards.state=in_s10.ulb=803179,ward,S10,,803179,boundaries/in/wards/state=in_s10/ulb=803179/all.geojson,geojson,EPSG:4326,coord-precision-round,0.0001,18,18,0,,57423,src-a1dd899f902d,,
boundaries.in.wards.state=in_s10.ulb=803180,ward,S10,,803180,boundaries/in/wards/state=in_s10/ulb=803180/all.geojson,geojson,EPSG:4326,coord-precision-round,0.0001,23,23,0,,101037,src-a1dd899f902d,,
boundaries.in.wards.state=in_s10.ulb=803181,ward,S10,,803181,boundaries/in/wards/state=in_s10/ulb=803181/all.geojson,geojson,EPSG:4326,coord-precision-round,0.0001,540,540,0,,2395494,src-a1dd899f902d,,
boundaries.in.wards.state=in_s10.ulb=803183,ward,S10,,803183,boundaries/in/wards/state=in_s10/ulb=803183/all.geojson,geojson,EPSG:4326,coord-precision-round,0.0001,27,27,0,,99761,src-a1dd899f902d,,
boundaries.in.wards.state=in_s10.ulb=803185,ward,S10,,803185,boundaries/in/wards/state=in_s10/ulb=803185/all.geojson,geojson,EPSG:4326,coord-precision-round,0.0001,31,31,0,,132310,src-a1dd899f902d,,
boundaries.in.wards.state=in_s10.ulb=803186,ward,S10,,803186,boundaries/in/wards/state=in_s10/ulb=803186/all.geojson,geojson,EPSG:4326,coord-precision-round,0.0001,20,20,0,,77562,src-a1dd899f902d,,
boundaries.in.wards.state=in_s10.ulb=803187,ward,S10,,803187,boundaries/in/wards/state=in_s10/ulb=803187/all.geojson,geojson,EPSG:4326,coord-precision-round,0.0001,23,23,0,,86108,src-a1dd899f902d,,
boundaries.in.wards.state=in_s10.ulb=803188,ward,S10,,803188,boundaries/in/wards/state=in_s10/ulb=803188/all.geojson,geojson,EPSG:4326,coord-precision-round,0.0001,11,11,0,,23781,src-a1dd899f902d,,
boundaries.in.wards.state=in_s10.ulb=803189,ward,S10,,803189,boundaries/in/wards/state=in_s10/ulb=803189/all.geojson,geojson,EPSG:4326,coord-precision-round,0.0001,16,16,0,,32783,src-a1dd899f902d,,
boundaries.in.wards.state=in_s10.ulb=803190,ward,S10,,803190,boundaries/in/wards/state=in_s10/ulb=803190/all.geojson,geojson,EPSG:4326,coord-precision-round,0.0001,18,18,0,,58779,src-a1dd899f902d,,
boundaries.in.wards.state=in_s10.ulb=803191,ward,S10,,803191,boundaries/in/wards/state=in_s10/ulb=803191/all.geojson,geojson,EPSG:4326,coord-precision-round,0.0001,23,23,0,,62526,src-a1dd899f902d,,
boundaries.in.wards.state=in_s10.ulb=803192,ward,S10,,803192,boundaries/in/wards/state=in_s10/ulb=803192/all.geojson,geojson,EPSG:4326,coord-precision-round,0.0001,31,31,0,,87596,src-a1dd899f902d,,
boundaries.in.wards.state=in_s10.ulb=803193,ward,S10,,803193,boundaries/in/wards/state=in_s10/ulb=803193/all.geojson,geojson,EPSG:4326,coord-precision-round,0.0001,23,23,0,,47244,src-a1dd899f902d,,
boundaries.in.wards.state=in_s10.ulb=803194,ward,S10,,803194,boundaries/in/wards/state=in_s10/ulb=803194/all.geojson,geojson,EPSG:4326,coord-precision-round,0.0001,65,65,0,,256222,src-a1dd899f902d,,
boundaries.in.wards.state=in_s10.ulb=803195,ward,S10,,803195,boundaries/in/wards/state=in_s10/ulb=803195/all.geojson,geojson,EPSG:4326,coord-precision-round,0.0001,23,23,0,,86000,src-a1dd899f902d,,
boundaries.in.wards.state=in_s10.ulb=803196,ward,S10,,803196,boundaries/in/wards/state=in_s10/ulb=803196/all.geojson,geojson,EPSG:4326,coord-precision-round,0.0001,12,12,0,,20583,src-a1dd899f902d,,
boundaries.in.wards.state=in_s10.ulb=803197,ward,S10,,803197,boundaries/in/wards/state=in_s10/ulb=803197/all.geojson,geojson,EPSG:4326,coord-precision-round,0.0001,31,31,0,,76310,src-a1dd899f902d,,
boundaries.in.wards.state=in_s10.ulb=803198,ward,S10,,803198,boundaries/in/wards/state=in_s10/ulb=803198/all.geojson,geojson,EPSG:4326,coord-precision-round,0.0001,23,23,0,,49503,src-a1dd899f902d,,
boundaries.in.wards.state=in_s10.ulb=803199,ward,S10,,803199,boundaries/in/wards/state=in_s10/ulb=803199/all.geojson,geojson,EPSG:4326,coord-precision-round,0.0001,23,23,0,,52745,src-a1dd899f902d,,
boundaries.in.wards.state=in_s10.ulb=803200,ward,S10,,803200,boundaries/in/wards/state=in_s10/ulb=803200/all.geojson,geojson,EPSG:4326,coord-precision-round,0.0001,23,23,0,,49164,src-a1dd899f902d,,
boundaries.in.wards.state=in_s10.ulb=803201,ward,S10,,803201,boundaries/in/wards/state=in_s10/ulb=803201/all.geojson,geojson,EPSG:4326,coord-precision-round,0.0001,31,31,0,,80939,src-a1dd899f902d,,
boundaries.in.wards.state=in_s10.ulb=803202,ward,S10,,803202,boundaries/in/wards/state=in_s10/ulb=803202/all.geojson,geojson,EPSG:4326,coord-precision-round,0.0001,11,11,0,,26441,src-a1dd899f902d,,
boundaries.in.wards.state=in_s10.ulb=803203,ward,S10,,803203,boundaries/in/wards/state=in_s10/ulb=803203/all.geojson,geojson,EPSG:4326,coord-precision-round,0.0001,31,31,0,,104200,src-a1dd899f902d,,
boundaries.in.wards.state=in_s10.ulb=803204,ward,S10,,803204,boundaries/in/wards/state=in_s10/ulb=803204/all.geojson,geojson,EPSG:4326,coord-precision-round,0.0001,13,13,0,,28196,src-a1dd899f902d,,
boundaries.in.wards.state=in_s10.ulb=803205,ward,S10,,803205,boundaries/in/wards/state=in_s10/ulb=803205/all.geojson,geojson,EPSG:4326,coord-precision-round,0.0001,27,27,0,,76723,src-a1dd899f902d,,
boundaries.in.wards.state=in_s10.ulb=803207,ward,S10,,803207,boundaries/in/wards/state=in_s10/ulb=803207/all.geojson,geojson,EPSG:4326,coord-precision-round,0.0001,55,55,0,,116988,src-a1dd899f902d,,
boundaries.in.wards.state=in_s10.ulb=803208,ward,S10,,803208,boundaries/in/wards/state=in_s10/ulb=803208/all.geojson,geojson,EPSG:4326,coord-precision-round,0.0001,23,23,0,,77343,src-a1dd899f902d,,
boundaries.in.wards.state=in_s10.ulb=803209,ward,S10,,803209,boundaries/in/wards/state=in_s10/ulb=803209/all.geojson,geojson,EPSG:4326,coord-precision-round,0.0001,23,23,0,,76758,src-a1dd899f902d,,
boundaries.in.wards.state=in_s10.ulb=803210,ward,S10,,803210,boundaries/in/wards/state=in_s10/ulb=803210/all.geojson,geojson,EPSG:4326,coord-precision-round,0.0001,23,23,0,,67952,src-a1dd899f902d,,
boundaries.in.wards.state=in_s10.ulb=803212,ward,S10,,803212,boundaries/in/wards/state=in_s10/ulb=803212/all.geojson,geojson,EPSG:4326,coord-precision-round,0.0001,27,27,0,,65365,src-a1dd899f902d,,
boundaries.in.wards.state=in_s10.ulb=803213,ward,S10,,803213,boundaries/in/wards/state=in_s10/ulb=803213/all.geojson,geojson,EPSG:4326,coord-precision-round,0.0001,23,23,0,,53261,src-a1dd899f902d,,
boundaries.in.wards.state=in_s10.ulb=803214,ward,S10,,803214,boundaries/in/wards/state=in_s10/ulb=803214/all.geojson,geojson,EPSG:4326,coord-precision-round,0.0001,20,20,0,,60716,src-a1dd899f902d,,
boundaries.in.wards.state=in_s10.ulb=803215,ward,S10,,803215,boundaries/in/wards/state=in_s10/ulb=803215/all.geojson,geojson,EPSG:4326,coord-precision-round,0.0001,32,32,0,,87677,src-a1dd899f902d,,
boundaries.in.wards.state=in_s10.ulb=803217,ward,S10,,803217,boundaries/in/wards/state=in_s10/ulb=803217/all.geojson,geojson,EPSG:4326,coord-precision-round,0.0001,31,31,0,,65556,src-a1dd899f902d,,
boundaries.in.wards.state=in_s10.ulb=803218,ward,S10,,803218,boundaries/in/wards/state=in_s10/ulb=803218/all.geojson,geojson,EPSG:4326,coord-precision-round,0.0001,23,23,0,,76680,src-a1dd899f902d,,
boundaries.in.wards.state=in_s10.ulb=803219,ward,S10,,803219,boundaries/in/wards/state=in_s10/ulb=803219/all.geojson,geojson,EPSG:4326,coord-precision-round,0.0001,31,31,0,,80654,src-a1dd899f902d,,
boundaries.in.wards.state=in_s10.ulb=803220,ward,S10,,803220,boundaries/in/wards/state=in_s10/ulb=803220/all.geojson,geojson,EPSG:4326,coord-precision-round,0.0001,1,1,0,,2877,src-a1dd899f902d,,
boundaries.in.wards.state=in_s10.ulb=803221,ward,S10,,803221,boundaries/in/wards/state=in_s10/ulb=803221/all.geojson,geojson,EPSG:4326,coord-precision-round,0.0001,35,35,0,,90870,src-a1dd899f902d,,
boundaries.in.wards.state=in_s10.ulb=803222,ward,S10,,803222,boundaries/in/wards/state=in_s10/ulb=803222/all.geojson,geojson,EPSG:4326,coord-precision-round,0.0001,27,27,0,,54407,src-a1dd899f902d,,
boundaries.in.wards.state=in_s10.ulb=803223,ward,S10,,803223,boundaries/in/wards/state=in_s10/ulb=803223/all.geojson,geojson,EPSG:4326,coord-precision-round,0.0001,27,27,0,,67781,src-a1dd899f902d,,
boundaries.in.wards.state=in_s10.ulb=803226,ward,S10,,803226,boundaries/in/wards/state=in_s10/ulb=803226/all.geojson,geojson,EPSG:4326,coord-precision-round,0.0001,31,31,0,,70879,src-a1dd899f902d,,
boundaries.in.wards.state=in_s10.ulb=803227,ward,S10,,803227,boundaries/in/wards/state=in_s10/ulb=803227/all.geojson,geojson,EPSG:4326,coord-precision-round,0.0001,31,31,0,,72071,src-a1dd899f902d,,
boundaries.in.wards.state=in_s10.ulb=803228,ward,S10,,803228,boundaries/in/wards/state=in_s10/ulb=803228/all.geojson,geojson,EPSG:4326,coord-precision-round,0.0001,11,11,0,,18416,src-a1dd899f902d,,
boundaries.in.wards.state=in_s10.ulb=803229,ward,S10,,803229,boundaries/in/wards/state=in_s10/ulb=803229/all.geojson,geojson,EPSG:4326,coord-precision-round,0.0001,23,23,0,,39062,src-a1dd899f902d,,
boundaries.in.wards.state=in_s10.ulb=803230,ward,S10,,803230,boundaries/in/wards/state=in_s10/ulb=803230/all.geojson,geojson,EPSG:4326,coord-precision-round,0.0001,31,31,0,,51848,src-a1dd899f902d,,
boundaries.in.wards.state=in_s10.ulb=803231,ward,S10,,803231,boundaries/in/wards/state=in_s10/ulb=803231/all.geojson,geojson,EPSG:4326,coord-precision-round,0.0001,30,30,0,,73812,src-a1dd899f902d,,
boundaries.in.wards.state=in_s10.ulb=803233,ward,S10,,803233,boundaries/in/wards/state=in_s10/ulb=803233/all.geojson,geojson,EPSG:4326,coord-precision-round,0.0001,31,31,0,,61617,src-a1dd899f902d,,
boundaries.in.wards.state=in_s10.ulb=803234,ward,S10,,803234,boundaries/in/wards/state=in_s10/ulb=803234/all.geojson,geojson,EPSG:4326,coord-precision-round,0.0001,23,23,0,,56939,src-a1dd899f902d,,
boundaries.in.wards.state=in_s10.ulb=803235,ward,S10,,803235,boundaries/in/wards/state=in_s10/ulb=803235/all.geojson,geojson,EPSG:4326,coord-precision-round,0.0001,23,23,0,,49495,src-a1dd899f902d,,
boundaries.in.wards.state=in_s10.ulb=803236,ward,S10,,803236,boundaries/in/wards/state=in_s10/ulb=803236/all.geojson,geojson,EPSG:4326,coord-precision-round,0.0001,31,31,0,,65855,src-a1dd899f902d,,
boundaries.in.wards.state=in_s10.ulb=803237,ward,S10,,803237,boundaries/in/wards/state=in_s10/ulb=803237/all.geojson,geojson,EPSG:4326,coord-precision-round,0.0001,23,23,0,,62345,src-a1dd899f902d,,
boundaries.in.wards.state=in_s10.ulb=803238,ward,S10,,803238,boundaries/in/wards/state=in_s10/ulb=803238/all.geojson,geojson,EPSG:4326,coord-precision-round,0.0001,31,31,0,,104722,src-a1dd899f902d,,
boundaries.in.wards.state=in_s10.ulb=803239,ward,S10,,803239,boundaries/in/wards/state=in_s10/ulb=803239/all.geojson,geojson,EPSG:4326,coord-precision-round,0.0001,31,31,0,,98377,src-a1dd899f902d,,
boundaries.in.wards.state=in_s10.ulb=803240,ward,S10,,803240,boundaries/in/wards/state=in_s10/ulb=803240/all.geojson,geojson,EPSG:4326,coord-precision-round,0.0001,31,31,0,,92458,src-a1dd899f902d,,
boundaries.in.wards.state=in_s10.ulb=900360,ward,S10,,900360,boundaries/in/wards/state=in_s10/ulb=900360/all.geojson,geojson,EPSG:4326,coord-precision-round,0.0001,23,23,0,,84082,src-a1dd899f902d,,
boundaries.in.wards.state=in_s10.ulb=900361,ward,S10,,900361,boundaries/in/wards/state=in_s10/ulb=900361/all.geojson,geojson,EPSG:4326,coord-precision-round,0.0001,23,23,0,,105466,src-a1dd899f902d,,
boundaries.in.wards.state=in_s10.ulb=900374,ward,S10,,900374,boundaries/in/wards/state=in_s10/ulb=900374/all.geojson,geojson,EPSG:4326,coord-precision-round,0.0001,17,17,0,,37221,src-a1dd899f902d,,
boundaries.in.wards.state=in_s10.ulb=900375,ward,S10,,900375,boundaries/in/wards/state=in_s10/ulb=900375/all.geojson,geojson,EPSG:4326,coord-precision-round,0.0001,16,16,0,,47536,src-a1dd899f902d,,
boundaries.in.wards.state=in_s10.ulb=900376,ward,S10,,900376,boundaries/in/wards/state=in_s10/ulb=900376/all.geojson,geojson,EPSG:4326,coord-precision-round,0.0001,16,16,0,,27784,src-a1dd899f902d,,
boundaries.in.wards.state=in_s10.ulb=900383,ward,S10,,900383,boundaries/in/wards/state=in_s10/ulb=900383/all.geojson,geojson,EPSG:4326,coord-precision-round,0.0001,17,17,0,,53205,src-a1dd899f902d,,
boundaries.in.wards.state=in_s10.ulb=900384,ward,S10,,900384,boundaries/in/wards/state=in_s10/ulb=900384/all.geojson,geojson,EPSG:4326,coord-precision-round,0.0001,18,18,0,,79748,src-a1dd899f902d,,
boundaries.in.wards.state=in_s10.ulb=900386,ward,S10,,900386,boundaries/in/wards/state=in_s10/ulb=900386/all.geojson,geojson,EPSG:4326,coord-precision-round,0.0001,31,31,0,,76042,src-a1dd899f902d,,
boundaries.in.wards.state=in_s10.ulb=900387,ward,S10,,900387,boundaries/in/wards/state=in_s10/ulb=900387/all.geojson,geojson,EPSG:4326,coord-precision-round,0.0001,23,23,0,,51013,src-a1dd899f902d,,
boundaries.in.wards.state=in_s10.ulb=900388,ward,S10,,900388,boundaries/in/wards/state=in_s10/ulb=900388/all.geojson,geojson,EPSG:4326,coord-precision-round,0.0001,23,23,0,,69503,src-a1dd899f902d,,
boundaries.in.wards.state=in_s10.ulb=900389,ward,S10,,900389,boundaries/in/wards/state=in_s10/ulb=900389/all.geojson,geojson,EPSG:4326,coord-precision-round,0.0001,23,23,0,,49166,src-a1dd899f902d,,
boundaries.in.wards.state=in_s10.ulb=900390,ward,S10,,900390,boundaries/in/wards/state=in_s10/ulb=900390/all.geojson,geojson,EPSG:4326,coord-precision-round,0.0001,23,23,0,,42891,src-a1dd899f902d,,
boundaries.in.wards.state=in_s10.ulb=900392,ward,S10,,900392,boundaries/in/wards/state=in_s10/ulb=900392/all.geojson,geojson,EPSG:4326,coord-precision-round,0.0001,22,22,0,,40481,src-a1dd899f902d,,
boundaries.in.wards.state=in_s10.ulb=900393,ward,S10,,900393,boundaries/in/wards/state=in_s10/ulb=900393/all.geojson,geojson,EPSG:4326,coord-precision-round,0.0001,23,23,0,,55663,src-a1dd899f902d,,
boundaries.in.wards.state=in_s10.ulb=900396,ward,S10,,900396,boundaries/in/wards/state=in_s10/ulb=900396/all.geojson,geojson,EPSG:4326,coord-precision-round,0.0001,23,23,0,,63000,src-a1dd899f902d,,
boundaries.in.wards.state=in_s10.ulb=900398,ward,S10,,900398,boundaries/in/wards/state=in_s10/ulb=900398/all.geojson,geojson,EPSG:4326,coord-precision-round,0.0001,23,23,0,,68626,src-a1dd899f902d,,
boundaries.in.wards.state=in_s10.ulb=900399,ward,S10,,900399,boundaries/in/wards/state=in_s10/ulb=900399/all.geojson,geojson,EPSG:4326,coord-precision-round,0.0001,23,23,0,,61597,src-a1dd899f902d,,
boundaries.in.wards.state=in_s10.ulb=900400,ward,S10,,900400,boundaries/in/wards/state=in_s10/ulb=900400/all.geojson,geojson,EPSG:4326,coord-precision-round,0.0001,23,23,0,,33419,src-a1dd899f902d,,
boundaries.in.wards.state=in_s10.ulb=900401,ward,S10,,900401,boundaries/in/wards/state=in_s10/ulb=900401/all.geojson,geojson,EPSG:4326,coord-precision-round,0.0001,23,23,0,,91363,src-a1dd899f902d,,
boundaries.in.wards.state=in_s10.ulb=900402,ward,S10,,900402,boundaries/in/wards/state=in_s10/ulb=900402/all.geojson,geojson,EPSG:4326,coord-precision-round,0.0001,23,23,0,,65071,src-a1dd899f902d,,
boundaries.in.wards.state=in_s10.ulb=900407,ward,S10,,900407,boundaries/in/wards/state=in_s10/ulb=900407/all.geojson,geojson,EPSG:4326,coord-precision-round,0.0001,14,14,0,,43687,src-a1dd899f902d,,
boundaries.in.wards.state=in_s10.ulb=900409,ward,S10,,900409,boundaries/in/wards/state=in_s10/ulb=900409/all.geojson,geojson,EPSG:4326,coord-precision-round,0.0001,19,19,0,,61737,src-a1dd899f902d,,
boundaries.in.wards.state=in_s10.ulb=900411,ward,S10,,900411,boundaries/in/wards/state=in_s10/ulb=900411/all.geojson,geojson,EPSG:4326,coord-precision-round,0.0001,17,17,0,,49118,src-a1dd899f902d,,
boundaries.in.wards.state=in_s10.ulb=900412,ward,S10,,900412,boundaries/in/wards/state=in_s10/ulb=900412/all.geojson,geojson,EPSG:4326,coord-precision-round,0.0001,18,18,0,,43708,src-a1dd899f902d,,
boundaries.in.wards.state=in_s10.ulb=900416,ward,S10,,900416,boundaries/in/wards/state=in_s10/ulb=900416/all.geojson,geojson,EPSG:4326,coord-precision-round,0.0001,19,19,0,,64672,src-a1dd899f902d,,
boundaries.in.wards.state=in_s10.ulb=900420,ward,S10,,900420,boundaries/in/wards/state=in_s10/ulb=900420/all.geojson,geojson,EPSG:4326,coord-precision-round,0.0001,18,18,0,,28655,src-a1dd899f902d,,
boundaries.in.wards.state=in_s10.ulb=900422,ward,S10,,900422,boundaries/in/wards/state=in_s10/ulb=900422/all.geojson,geojson,EPSG:4326,coord-precision-round,0.0001,17,17,0,,64356,src-a1dd899f902d,,
boundaries.in.wards.state=in_s10.ulb=900423,ward,S10,,900423,boundaries/in/wards/state=in_s10/ulb=900423/all.geojson,geojson,EPSG:4326,coord-precision-round,0.0001,19,19,0,,52156,src-a1dd899f902d,,
boundaries.in.wards.state=in_s10.ulb=900424,ward,S10,,900424,boundaries/in/wards/state=in_s10/ulb=900424/all.geojson,geojson,EPSG:4326,coord-precision-round,0.0001,18,18,0,,16261,src-a1dd899f902d,,
boundaries.in.wards.state=in_s10.ulb=900425,ward,S10,,900425,boundaries/in/wards/state=in_s10/ulb=900425/all.geojson,geojson,EPSG:4326,coord-precision-round,0.0001,19,19,0,,33383,src-a1dd899f902d,,
boundaries.in.wards.state=in_s10.ulb=900426,ward,S10,,900426,boundaries/in/wards/state=in_s10/ulb=900426/all.geojson,geojson,EPSG:4326,coord-precision-round,0.0001,20,20,0,,51863,src-a1dd899f902d,,
boundaries.in.wards.state=in_s10.ulb=900427,ward,S10,,900427,boundaries/in/wards/state=in_s10/ulb=900427/all.geojson,geojson,EPSG:4326,coord-precision-round,0.0001,19,19,0,,69785,src-a1dd899f902d,,
boundaries.in.wards.state=in_s10.ulb=900428,ward,S10,,900428,boundaries/in/wards/state=in_s10/ulb=900428/all.geojson,geojson,EPSG:4326,coord-precision-round,0.0001,18,18,0,,30526,src-a1dd899f902d,,
boundaries.in.wards.state=in_s10.ulb=900429,ward,S10,,900429,boundaries/in/wards/state=in_s10/ulb=900429/all.geojson,geojson,EPSG:4326,coord-precision-round,0.0001,1,1,0,,8896,src-a1dd899f902d,,
boundaries.in.wards.state=in_s10.ulb=900430,ward,S10,,900430,boundaries/in/wards/state=in_s10/ulb=900430/all.geojson,geojson,EPSG:4326,coord-precision-round,0.0001,20,20,0,,37748,src-a1dd899f902d,,
boundaries.in.wards.state=in_s10.ulb=900434,ward,S10,,900434,boundaries/in/wards/state=in_s10/ulb=900434/all.geojson,geojson,EPSG:4326,coord-precision-round,0.0001,19,19,0,,65973,src-a1dd899f902d,,
boundaries.in.wards.state=in_s10.ulb=900435,ward,S10,,900435,boundaries/in/wards/state=in_s10/ulb=900435/all.geojson,geojson,EPSG:4326,coord-precision-round,0.0001,17,17,0,,21137,src-a1dd899f902d,,
boundaries.in.wards.state=in_s10.ulb=900436,ward,S10,,900436,boundaries/in/wards/state=in_s10/ulb=900436/all.geojson,geojson,EPSG:4326,coord-precision-round,0.0001,14,14,0,,28099,src-a1dd899f902d,,
boundaries.in.wards.state=in_s10.ulb=900608,ward,S10,,900608,boundaries/in/wards/state=in_s10/ulb=900608/all.geojson,geojson,EPSG:4326,coord-precision-round,0.0001,24,24,0,,52570,src-a1dd899f902d,,
boundaries.in.wards.state=in_s10.ulb=900666,ward,S10,,900666,boundaries/in/wards/state=in_s10/ulb=900666/all.geojson,geojson,EPSG:4326,coord-precision-round,0.0001,19,19,0,,40413,src-a1dd899f902d,,
boundaries.in.wards.state=in_s10.ulb=900668,ward,S10,,900668,boundaries/in/wards/state=in_s10/ulb=900668/all.geojson,geojson,EPSG:4326,coord-precision-round,0.0001,16,16,0,,51536,src-a1dd899f902d,,
boundaries.in.wards.state=in_s10.ulb=900777,ward,S10,,900777,boundaries/in/wards/state=in_s10/ulb=900777/all.geojson,geojson,EPSG:4326,coord-precision-round,0.0001,5,5,0,,21747,src-a1dd899f902d,,
boundaries.in.wards.state=in_s11.ulb=803256,ward,S11,,803256,boundaries/in/wards/state=in_s11/ulb=803256/all.geojson,geojson,EPSG:4326,coord-precision-round,0.0001,43,43,0,,203178,src-a1dd899f902d,,
boundaries.in.wards.state=in_s11.ulb=803257,ward,S11,,803257,boundaries/in/wards/state=in_s11/ulb=803257/all.geojson,geojson,EPSG:4326,coord-precision-round,0.0001,33,33,0,,53064,src-a1dd899f902d,,
boundaries.in.wards.state=in_s11.ulb=803261,ward,S11,,803261,boundaries/in/wards/state=in_s11/ulb=803261/all.geojson,geojson,EPSG:4326,coord-precision-round,0.0001,34,34,0,,102634,src-a1dd899f902d,,
boundaries.in.wards.state=in_s11.ulb=803262,ward,S11,,803262,boundaries/in/wards/state=in_s11/ulb=803262/all.geojson,geojson,EPSG:4326,coord-precision-round,0.0001,28,28,0,,75482,src-a1dd899f902d,,
boundaries.in.wards.state=in_s11.ulb=803263,ward,S11,,803263,boundaries/in/wards/state=in_s11/ulb=803263/all.geojson,geojson,EPSG:4326,coord-precision-round,0.0001,27,27,0,,40350,src-a1dd899f902d,,
boundaries.in.wards.state=in_s11.ulb=803264,ward,S11,,803264,boundaries/in/wards/state=in_s11/ulb=803264/all.geojson,geojson,EPSG:4326,coord-precision-round,0.0001,28,28,0,,72250,src-a1dd899f902d,,
boundaries.in.wards.state=in_s11.ulb=803265,ward,S11,,803265,boundaries/in/wards/state=in_s11/ulb=803265/all.geojson,geojson,EPSG:4326,coord-precision-round,0.0001,47,47,0,,85925,src-a1dd899f902d,,
boundaries.in.wards.state=in_s11.ulb=803266,ward,S11,,803266,boundaries/in/wards/state=in_s11/ulb=803266/all.geojson,geojson,EPSG:4326,coord-precision-round,0.0001,44,44,0,,92455,src-a1dd899f902d,,
boundaries.in.wards.state=in_s11.ulb=803267,ward,S11,,803267,boundaries/in/wards/state=in_s11/ulb=803267/all.geojson,geojson,EPSG:4326,coord-precision-round,0.0001,2,2,0,,8277,src-a1dd899f902d,,
boundaries.in.wards.state=in_s11.ulb=803268,ward,S11,,803268,boundaries/in/wards/state=in_s11/ulb=803268/all.geojson,geojson,EPSG:4326,coord-precision-round,0.0001,9,9,0,,27086,src-a1dd899f902d,,
boundaries.in.wards.state=in_s11.ulb=803270,ward,S11,,803270,boundaries/in/wards/state=in_s11/ulb=803270/all.geojson,geojson,EPSG:4326,coord-precision-round,0.0001,34,34,0,,75701,src-a1dd899f902d,,
boundaries.in.wards.state=in_s11.ulb=803271,ward,S11,,803271,boundaries/in/wards/state=in_s11/ulb=803271/all.geojson,geojson,EPSG:4326,coord-precision-round,0.0001,38,38,0,,65259,src-a1dd899f902d,,
boundaries.in.wards.state=in_s11.ulb=803272,ward,S11,,803272,boundaries/in/wards/state=in_s11/ulb=803272/all.geojson,geojson,EPSG:4326,coord-precision-round,0.0001,16,16,0,,19780,src-a1dd899f902d,,
boundaries.in.wards.state=in_s11.ulb=803273,ward,S11,,803273,boundaries/in/wards/state=in_s11/ulb=803273/all.geojson,geojson,EPSG:4326,coord-precision-round,0.0001,33,33,0,,63107,src-a1dd899f902d,,
boundaries.in.wards.state=in_s11.ulb=803274,ward,S11,,803274,boundaries/in/wards/state=in_s11/ulb=803274/all.geojson,geojson,EPSG:4326,coord-precision-round,0.0001,36,36,0,,77071,src-a1dd899f902d,,
boundaries.in.wards.state=in_s11.ulb=803275,ward,S11,,803275,boundaries/in/wards/state=in_s11/ulb=803275/all.geojson,geojson,EPSG:4326,coord-precision-round,0.0001,52,52,0,,76157,src-a1dd899f902d,,
boundaries.in.wards.state=in_s11.ulb=803276,ward,S11,,803276,boundaries/in/wards/state=in_s11/ulb=803276/all.geojson,geojson,EPSG:4326,coord-precision-round,0.0001,29,29,0,,63004,src-a1dd899f902d,,
boundaries.in.wards.state=in_s11.ulb=803277,ward,S11,,803277,boundaries/in/wards/state=in_s11/ulb=803277/all.geojson,geojson,EPSG:4326,coord-precision-round,0.0001,37,37,0,,50058,src-a1dd899f902d,,
boundaries.in.wards.state=in_s11.ulb=803278,ward,S11,,803278,boundaries/in/wards/state=in_s11/ulb=803278/all.geojson,geojson,EPSG:4326,coord-precision-round,0.0001,43,43,0,,73083,src-a1dd899f902d,,
boundaries.in.wards.state=in_s11.ulb=803279,ward,S11,,803279,boundaries/in/wards/state=in_s11/ulb=803279/all.geojson,geojson,EPSG:4326,coord-precision-round,0.0001,18,18,0,,25156,src-a1dd899f902d,,
boundaries.in.wards.state=in_s11.ulb=803280,ward,S11,,803280,boundaries/in/wards/state=in_s11/ulb=803280/all.geojson,geojson,EPSG:4326,coord-precision-round,0.0001,55,55,0,,145137,src-a1dd899f902d,,
boundaries.in.wards.state=in_s11.ulb=803281,ward,S11,,803281,boundaries/in/wards/state=in_s11/ulb=803281/all.geojson,geojson,EPSG:4326,coord-precision-round,0.0001,34,34,0,,63542,src-a1dd899f902d,,
boundaries.in.wards.state=in_s11.ulb=803282,ward,S11,,803282,boundaries/in/wards/state=in_s11/ulb=803282/all.geojson,geojson,EPSG:4326,coord-precision-round,0.0001,41,41,0,,68157,src-a1dd899f902d,,
boundaries.in.wards.state=in_s11.ulb=803283,ward,S11,,803283,boundaries/in/wards/state=in_s11/ulb=803283/all.geojson,geojson,EPSG:4326,coord-precision-round,0.0001,36,36,0,,70832,src-a1dd899f902d,,
boundaries.in.wards.state=in_s11.ulb=803284,ward,S11,,803284,boundaries/in/wards/state=in_s11/ulb=803284/all.geojson,geojson,EPSG:4326,coord-precision-round,0.0001,27,27,0,,68595,src-a1dd899f902d,,
boundaries.in.wards.state=in_s11.ulb=803285,ward,S11,,803285,boundaries/in/wards/state=in_s11/ulb=803285/all.geojson,geojson,EPSG:4326,coord-precision-round,0.0001,30,30,0,,80367,src-a1dd899f902d,,
boundaries.in.wards.state=in_s11.ulb=803286,ward,S11,,803286,boundaries/in/wards/state=in_s11/ulb=803286/all.geojson,geojson,EPSG:4326,coord-precision-round,0.0001,26,26,0,,40469,src-a1dd899f902d,,
boundaries.in.wards.state=in_s11.ulb=803287,ward,S11,,803287,boundaries/in/wards/state=in_s11/ulb=803287/all.geojson,geojson,EPSG:4326,coord-precision-round,0.0001,28,28,0,,37413,src-a1dd899f902d,,
boundaries.in.wards.state=in_s11.ulb=803288,ward,S11,,803288,boundaries/in/wards/state=in_s11/ulb=803288/all.geojson,geojson,EPSG:4326,coord-precision-round,0.0001,74,74,0,,129956,src-a1dd899f902d,,
boundaries.in.wards.state=in_s11.ulb=803289,ward,S11,,803289,boundaries/in/wards/state=in_s11/ulb=803289/all.geojson,geojson,EPSG:4326,coord-precision-round,0.0001,42,42,0,,163227,src-a1dd899f902d,,
boundaries.in.wards.state=in_s11.ulb=803290,ward,S11,,803290,boundaries/in/wards/state=in_s11/ulb=803290/all.geojson,geojson,EPSG:4326,coord-precision-round,0.0001,49,49,0,,70049,src-a1dd899f902d,,
boundaries.in.wards.state=in_s11.ulb=803291,ward,S11,,803291,boundaries/in/wards/state=in_s11/ulb=803291/all.geojson,geojson,EPSG:4326,coord-precision-round,0.0001,28,28,0,,77549,src-a1dd899f902d,,
boundaries.in.wards.state=in_s11.ulb=803292,ward,S11,,803292,boundaries/in/wards/state=in_s11/ulb=803292/all.geojson,geojson,EPSG:4326,coord-precision-round,0.0001,31,31,0,,88665,src-a1dd899f902d,,
boundaries.in.wards.state=in_s11.ulb=803293,ward,S11,,803293,boundaries/in/wards/state=in_s11/ulb=803293/all.geojson,geojson,EPSG:4326,coord-precision-round,0.0001,21,21,0,,35005,src-a1dd899f902d,,
boundaries.in.wards.state=in_s11.ulb=803294,ward,S11,,803294,boundaries/in/wards/state=in_s11/ulb=803294/all.geojson,geojson,EPSG:4326,coord-precision-round,0.0001,26,26,0,,50195,src-a1dd899f902d,,
boundaries.in.wards.state=in_s11.ulb=803295,ward,S11,,803295,boundaries/in/wards/state=in_s11/ulb=803295/all.geojson,geojson,EPSG:4326,coord-precision-round,0.0001,26,26,0,,30484,src-a1dd899f902d,,
boundaries.in.wards.state=in_s11.ulb=803297,ward,S11,,803297,boundaries/in/wards/state=in_s11/ulb=803297/all.geojson,geojson,EPSG:4326,coord-precision-round,0.0001,37,37,0,,50704,src-a1dd899f902d,,
boundaries.in.wards.state=in_s11.ulb=803298,ward,S11,,803298,boundaries/in/wards/state=in_s11/ulb=803298/all.geojson,geojson,EPSG:4326,coord-precision-round,0.0001,35,35,0,,43230,src-a1dd899f902d,,
boundaries.in.wards.state=in_s11.ulb=803299,ward,S11,,803299,boundaries/in/wards/state=in_s11/ulb=803299/all.geojson,geojson,EPSG:4326,coord-precision-round,0.0001,52,52,0,,55493,src-a1dd899f902d,,
boundaries.in.wards.state=in_s11.ulb=803300,ward,S11,,803300,boundaries/in/wards/state=in_s11/ulb=803300/all.geojson,geojson,EPSG:4326,coord-precision-round,0.0001,44,44,0,,54238,src-a1dd899f902d,,
boundaries.in.wards.state=in_s11.ulb=803302,ward,S11,,803302,boundaries/in/wards/state=in_s11/ulb=803302/all.geojson,geojson,EPSG:4326,coord-precision-round,0.0001,28,28,0,,37748,src-a1dd899f902d,,
boundaries.in.wards.state=in_s11.ulb=803304,ward,S11,,803304,boundaries/in/wards/state=in_s11/ulb=803304/all.geojson,geojson,EPSG:4326,coord-precision-round,0.0001,32,32,0,,59829,src-a1dd899f902d,,
boundaries.in.wards.state=in_s11.ulb=803305,ward,S11,,803305,boundaries/in/wards/state=in_s11/ulb=803305/all.geojson,geojson,EPSG:4326,coord-precision-round,0.0001,28,28,0,,56760,src-a1dd899f902d,,
boundaries.in.wards.state=in_s11.ulb=803306,ward,S11,,803306,boundaries/in/wards/state=in_s11/ulb=803306/all.geojson,geojson,EPSG:4326,coord-precision-round,0.0001,55,55,0,,209597,src-a1dd899f902d,,
boundaries.in.wards.state=in_s11.ulb=803307,ward,S11,,803307,boundaries/in/wards/state=in_s11/ulb=803307/all.geojson,geojson,EPSG:4326,coord-precision-round,0.0001,35,35,0,,76987,src-a1dd899f902d,,
boundaries.in.wards.state=in_s11.ulb=803309,ward,S11,,803309,boundaries/in/wards/state=in_s11/ulb=803309/all.geojson,geojson,EPSG:4326,coord-precision-round,0.0001,53,53,0,,355479,src-a1dd899f902d,,
boundaries.in.wards.state=in_s11.ulb=803310,ward,S11,,803310,boundaries/in/wards/state=in_s11/ulb=803310/all.geojson,geojson,EPSG:4326,coord-precision-round,0.0001,32,32,0,,235325,src-a1dd899f902d,,
boundaries.in.wards.state=in_s11.ulb=803311,ward,S11,,803311,boundaries/in/wards/state=in_s11/ulb=803311/all.geojson,geojson,EPSG:4326,coord-precision-round,0.0001,2,2,0,,18981,src-a1dd899f902d,,
boundaries.in.wards.state=in_s11.ulb=803312,ward,S11,,803312,boundaries/in/wards/state=in_s11/ulb=803312/all.geojson,geojson,EPSG:4326,coord-precision-round,0.0001,100,100,0,,865238,src-a1dd899f902d,,
boundaries.in.wards.state=in_s11.ulb=803313,ward,S11,,803313,boundaries/in/wards/state=in_s11/ulb=803313/all.geojson,geojson,EPSG:4326,coord-precision-round,0.0001,44,44,0,,340124,src-a1dd899f902d,,
boundaries.in.wards.state=in_s11.ulb=900009,ward,S11,,900009,boundaries/in/wards/state=in_s11/ulb=900009/all.geojson,geojson,EPSG:4326,coord-precision-round,0.0001,43,43,0,,65249,src-a1dd899f902d,,
boundaries.in.wards.state=in_s11.ulb=900011,ward,S11,,900011,boundaries/in/wards/state=in_s11/ulb=900011/all.geojson,geojson,EPSG:4326,coord-precision-round,0.0001,31,31,0,,41004,src-a1dd899f902d,,
boundaries.in.wards.state=in_s11.ulb=900130,ward,S11,,900130,boundaries/in/wards/state=in_s11/ulb=900130/all.geojson,geojson,EPSG:4326,coord-precision-round,0.0001,32,32,0,,53697,src-a1dd899f902d,,
boundaries.in.wards.state=in_s11.ulb=900151,ward,S11,,900151,boundaries/in/wards/state=in_s11/ulb=900151/all.geojson,geojson,EPSG:4326,coord-precision-round,0.0001,33,33,0,,52977,src-a1dd899f902d,,
boundaries.in.wards.state=in_s11.ulb=900175,ward,S11,,900175,boundaries/in/wards/state=in_s11/ulb=900175/all.geojson,geojson,EPSG:4326,coord-precision-round,0.0001,35,35,0,,76127,src-a1dd899f902d,,
boundaries.in.wards.state=in_s11.ulb=900199,ward,S11,,900199,boundaries/in/wards/state=in_s11/ulb=900199/all.geojson,geojson,EPSG:4326,coord-precision-round,0.0001,29,29,0,,66724,src-a1dd899f902d,,
boundaries.in.wards.state=in_s11.ulb=900201,ward,S11,,900201,boundaries/in/wards/state=in_s11/ulb=900201/all.geojson,geojson,EPSG:4326,coord-precision-round,0.0001,29,29,0,,34377,src-a1dd899f902d,,
boundaries.in.wards.state=in_s11.ulb=900202,ward,S11,,900202,boundaries/in/wards/state=in_s11/ulb=900202/all.geojson,geojson,EPSG:4326,coord-precision-round,0.0001,35,35,0,,60051,src-a1dd899f902d,,
boundaries.in.wards.state=in_s11.ulb=900205,ward,S11,,900205,boundaries/in/wards/state=in_s11/ulb=900205/all.geojson,geojson,EPSG:4326,coord-precision-round,0.0001,19,19,0,,76589,src-a1dd899f902d,,
boundaries.in.wards.state=in_s11.ulb=900206,ward,S11,,900206,boundaries/in/wards/state=in_s11/ulb=900206/all.geojson,geojson,EPSG:4326,coord-precision-round,0.0001,41,41,0,,73119,src-a1dd899f902d,,
boundaries.in.wards.state=in_s11.ulb=900207,ward,S11,,900207,boundaries/in/wards/state=in_s11/ulb=900207/all.geojson,geojson,EPSG:4326,coord-precision-round,0.0001,29,29,0,,55966,src-a1dd899f902d,,
boundaries.in.wards.state=in_s11.ulb=900208,ward,S11,,900208,boundaries/in/wards/state=in_s11/ulb=900208/all.geojson,geojson,EPSG:4326,coord-precision-round,0.0001,28,28,0,,74672,src-a1dd899f902d,,
boundaries.in.wards.state=in_s11.ulb=900209,ward,S11,,900209,boundaries/in/wards/state=in_s11/ulb=900209/all.geojson,geojson,EPSG:4326,coord-precision-round,0.0001,33,33,0,,66544,src-a1dd899f902d,,
boundaries.in.wards.state=in_s11.ulb=900211,ward,S11,,900211,boundaries/in/wards/state=in_s11/ulb=900211/all.geojson,geojson,EPSG:4326,coord-precision-round,0.0001,2,2,0,,13864,src-a1dd899f902d,,
boundaries.in.wards.state=in_s11.ulb=900212,ward,S11,,900212,boundaries/in/wards/state=in_s11/ulb=900212/all.geojson,geojson,EPSG:4326,coord-precision-round,0.0001,25,25,0,,46406,src-a1dd899f902d,,
boundaries.in.wards.state=in_s11.ulb=900213,ward,S11,,900213,boundaries/in/wards/state=in_s11/ulb=900213/all.geojson,geojson,EPSG:4326,coord-precision-round,0.0001,33,33,0,,59305,src-a1dd899f902d,,
boundaries.in.wards.state=in_s11.ulb=900216,ward,S11,,900216,boundaries/in/wards/state=in_s11/ulb=900216/all.geojson,geojson,EPSG:4326,coord-precision-round,0.0001,40,40,0,,82089,src-a1dd899f902d,,
boundaries.in.wards.state=in_s11.ulb=900218,ward,S11,,900218,boundaries/in/wards/state=in_s11/ulb=900218/all.geojson,geojson,EPSG:4326,coord-precision-round,0.0001,44,44,0,,52746,src-a1dd899f902d,,
boundaries.in.wards.state=in_s11.ulb=900219,ward,S11,,900219,boundaries/in/wards/state=in_s11/ulb=900219/all.geojson,geojson,EPSG:4326,coord-precision-round,0.0001,43,43,0,,53087,src-a1dd899f902d,,
boundaries.in.wards.state=in_s11.ulb=900221,ward,S11,,900221,boundaries/in/wards/state=in_s11/ulb=900221/all.geojson,geojson,EPSG:4326,coord-precision-round,0.0001,12,12,0,,16798,src-a1dd899f902d,,
boundaries.in.wards.state=in_s11.ulb=900222,ward,S11,,900222,boundaries/in/wards/state=in_s11/ulb=900222/all.geojson,geojson,EPSG:4326,coord-precision-round,0.0001,38,38,0,,176695,src-a1dd899f902d,,
boundaries.in.wards.state=in_s11.ulb=900223,ward,S11,,900223,boundaries/in/wards/state=in_s11/ulb=900223/all.geojson,geojson,EPSG:4326,coord-precision-round,0.0001,36,36,0,,89740,src-a1dd899f902d,,
boundaries.in.wards.state=in_s11.ulb=900224,ward,S11,,900224,boundaries/in/wards/state=in_s11/ulb=900224/all.geojson,geojson,EPSG:4326,coord-precision-round,0.0001,36,36,0,,64030,src-a1dd899f902d,,
boundaries.in.wards.state=in_s11.ulb=900225,ward,S11,,900225,boundaries/in/wards/state=in_s11/ulb=900225/all.geojson,geojson,EPSG:4326,coord-precision-round,0.0001,32,32,0,,62595,src-a1dd899f902d,,
boundaries.in.wards.state=in_s11.ulb=900235,ward,S11,,900235,boundaries/in/wards/state=in_s11/ulb=900235/all.geojson,geojson,EPSG:4326,coord-precision-round,0.0001,28,28,0,,36542,src-a1dd899f902d,,
boundaries.in.wards.state=in_s12.ulb=801579,ward,S12,,801579,boundaries/in/wards/state=in_s12/ulb=801579/all.geojson,geojson,EPSG:4326,coord-precision-round,0.0001,4,4,0,,6026,src-a1dd899f902d,,
boundaries.in.wards.state=in_s12.ulb=802078,ward,S12,,802078,boundaries/in/wards/state=in_s12/ulb=802078/all.geojson,geojson,EPSG:4326,coord-precision-round,0.0001,15,15,0,,15073,src-a1dd899f902d,,
boundaries.in.wards.state=in_s12.ulb=802079,ward,S12,,802079,boundaries/in/wards/state=in_s12/ulb=802079/all.geojson,geojson,EPSG:4326,coord-precision-round,0.0001,22,22,0,,25486,src-a1dd899f902d,,
boundaries.in.wards.state=in_s12.ulb=802080,ward,S12,,802080,boundaries/in/wards/state=in_s12/ulb=802080/all.geojson,geojson,EPSG:4326,coord-precision-round,0.0001,15,15,0,,15939,src-a1dd899f902d,,
boundaries.in.wards.state=in_s12.ulb=802081,ward,S12,,802081,boundaries/in/wards/state=in_s12/ulb=802081/all.geojson,geojson,EPSG:4326,coord-precision-round,0.0001,18,18,0,,49904,src-a1dd899f902d,,
boundaries.in.wards.state=in_s12.ulb=802082,ward,S12,,802082,boundaries/in/wards/state=in_s12/ulb=802082/all.geojson,geojson,EPSG:4326,coord-precision-round,0.0001,15,15,0,,64851,src-a1dd899f902d,,
boundaries.in.wards.state=in_s12.ulb=802083,ward,S12,,802083,boundaries/in/wards/state=in_s12/ulb=802083/all.geojson,geojson,EPSG:4326,coord-precision-round,0.0001,47,47,0,,288464,src-a1dd899f902d,,
boundaries.in.wards.state=in_s12.ulb=802084,ward,S12,,802084,boundaries/in/wards/state=in_s12/ulb=802084/all.geojson,geojson,EPSG:4326,coord-precision-round,0.0001,15,15,0,,14419,src-a1dd899f902d,,
boundaries.in.wards.state=in_s12.ulb=802085,ward,S12,,802085,boundaries/in/wards/state=in_s12/ulb=802085/all.geojson,geojson,EPSG:4326,coord-precision-round,0.0001,18,18,0,,53661,src-a1dd899f902d,,
boundaries.in.wards.state=in_s12.ulb=802086,ward,S12,,802086,boundaries/in/wards/state=in_s12/ulb=802086/all.geojson,geojson,EPSG:4326,coord-precision-round,0.0001,15,15,0,,15102,src-a1dd899f902d,,
boundaries.in.wards.state=in_s12.ulb=802087,ward,S12,,802087,boundaries/in/wards/state=in_s12/ulb=802087/all.geojson,geojson,EPSG:4326,coord-precision-round,0.0001,15,15,0,,11376,src-a1dd899f902d,,
boundaries.in.wards.state=in_s12.ulb=802088,ward,S12,,802088,boundaries/in/wards/state=in_s12/ulb=802088/all.geojson,geojson,EPSG:4326,coord-precision-round,0.0001,18,18,0,,48039,src-a1dd899f902d,,
boundaries.in.wards.state=in_s12.ulb=802089,ward,S12,,802089,boundaries/in/wards/state=in_s12/ulb=802089/all.geojson,geojson,EPSG:4326,coord-precision-round,0.0001,15,15,0,,16495,src-a1dd899f902d,,
boundaries.in.wards.state=in_s12.ulb=802090,ward,S12,,802090,boundaries/in/wards/state=in_s12/ulb=802090/all.geojson,geojson,EPSG:4326,coord-precision-round,0.0001,39,39,0,,31919,src-a1dd899f902d,,
boundaries.in.wards.state=in_s12.ulb=802091,ward,S12,,802091,boundaries/in/wards/state=in_s12/ulb=802091/all.geojson,geojson,EPSG:4326,coord-precision-round,0.0001,15,15,0,,21242,src-a1dd899f902d,,
boundaries.in.wards.state=in_s12.ulb=802092,ward,S12,,802092,boundaries/in/wards/state=in_s12/ulb=802092/all.geojson,geojson,EPSG:4326,coord-precision-round,0.0001,15,15,0,,13798,src-a1dd899f902d,,
boundaries.in.wards.state=in_s12.ulb=802093,ward,S12,,802093,boundaries/in/wards/state=in_s12/ulb=802093/all.geojson,geojson,EPSG:4326,coord-precision-round,0.0001,15,15,0,,33855,src-a1dd899f902d,,
boundaries.in.wards.state=in_s12.ulb=802094,ward,S12,,802094,boundaries/in/wards/state=in_s12/ulb=802094/all.geojson,geojson,EPSG:4326,coord-precision-round,0.0001,18,18,0,,22391,src-a1dd899f902d,,
boundaries.in.wards.state=in_s12.ulb=802095,ward,S12,,802095,boundaries/in/wards/state=in_s12/ulb=802095/all.geojson,geojson,EPSG:4326,coord-precision-round,0.0001,15,15,0,,20441,src-a1dd899f902d,,
boundaries.in.wards.state=in_s12.ulb=802096,ward,S12,,802096,boundaries/in/wards/state=in_s12/ulb=802096/all.geojson,geojson,EPSG:4326,coord-precision-round,0.0001,15,15,0,,15225,src-a1dd899f902d,,
boundaries.in.wards.state=in_s12.ulb=802097,ward,S12,,802097,boundaries/in/wards/state=in_s12/ulb=802097/all.geojson,geojson,EPSG:4326,coord-precision-round,0.0001,17,17,0,,18827,src-a1dd899f902d,,
boundaries.in.wards.state=in_s12.ulb=802098,ward,S12,,802098,boundaries/in/wards/state=in_s12/ulb=802098/all.geojson,geojson,EPSG:4326,coord-precision-round,0.0001,15,15,0,,18810,src-a1dd899f902d,,
boundaries.in.wards.state=in_s12.ulb=802099,ward,S12,,802099,boundaries/in/wards/state=in_s12/ulb=802099/all.geojson,geojson,EPSG:4326,coord-precision-round,0.0001,15,15,0,,14277,src-a1dd899f902d,,
boundaries.in.wards.state=in_s12.ulb=802100,ward,S12,,802100,boundaries/in/wards/state=in_s12/ulb=802100/all.geojson,geojson,EPSG:4326,coord-precision-round,0.0001,66,66,0,,175480,src-a1dd899f902d,,
boundaries.in.wards.state=in_s12.ulb=802102,ward,S12,,802102,boundaries/in/wards/state=in_s12/ulb=802102/all.geojson,geojson,EPSG:4326,coord-precision-round,0.0001,15,15,0,,15623,src-a1dd899f902d,,
boundaries.in.wards.state=in_s12.ulb=802103,ward,S12,,802103,boundaries/in/wards/state=in_s12/ulb=802103/all.geojson,geojson,EPSG:4326,coord-precision-round,0.0001,15,15,0,,20538,src-a1dd899f902d,,
boundaries.in.wards.state=in_s12.ulb=802104,ward,S12,,802104,boundaries/in/wards/state=in_s12/ulb=802104/all.geojson,geojson,EPSG:4326,coord-precision-round,0.0001,28,28,0,,67976,src-a1dd899f902d,,
boundaries.in.wards.state=in_s12.ulb=802105,ward,S12,,802105,boundaries/in/wards/state=in_s12/ulb=802105/all.geojson,geojson,EPSG:4326,coord-precision-round,0.0001,15,15,0,,15294,src-a1dd899f902d,,
boundaries.in.wards.state=in_s12.ulb=802106,ward,S12,,802106,boundaries/in/wards/state=in_s12/ulb=802106/all.geojson,geojson,EPSG:4326,coord-precision-round,0.0001,15,15,0,,12663,src-a1dd899f902d,,
boundaries.in.wards.state=in_s12.ulb=802107,ward,S12,,802107,boundaries/in/wards/state=in_s12/ulb=802107/all.geojson,geojson,EPSG:4326,coord-precision-round,0.0001,15,15,0,,19411,src-a1dd899f902d,,
boundaries.in.wards.state=in_s12.ulb=802108,ward,S12,,802108,boundaries/in/wards/state=in_s12/ulb=802108/all.geojson,geojson,EPSG:4326,coord-precision-round,0.0001,15,15,0,,16310,src-a1dd899f902d,,
boundaries.in.wards.state=in_s12.ulb=802109,ward,S12,,802109,boundaries/in/wards/state=in_s12/ulb=802109/all.geojson,geojson,EPSG:4326,coord-precision-round,0.0001,36,36,0,,32876,src-a1dd899f902d,,
boundaries.in.wards.state=in_s12.ulb=802110,ward,S12,,802110,boundaries/in/wards/state=in_s12/ulb=802110/all.geojson,geojson,EPSG:4326,coord-precision-round,0.0001,15,15,0,,18880,src-a1dd899f902d,,
boundaries.in.wards.state=in_s12.ulb=802111,ward,S12,,802111,boundaries/in/wards/state=in_s12/ulb=802111/all.geojson,geojson,EPSG:4326,coord-precision-round,0.0001,15,15,0,,22248,src-a1dd899f902d,,
boundaries.in.wards.state=in_s12.ulb=802112,ward,S12,,802112,boundaries/in/wards/state=in_s12/ulb=802112/all.geojson,geojson,EPSG:4326,coord-precision-round,0.0001,39,39,0,,160789,src-a1dd899f902d,,
boundaries.in.wards.state=in_s12.ulb=802113,ward,S12,,802113,boundaries/in/wards/state=in_s12/ulb=802113/all.geojson,geojson,EPSG:4326,coord-precision-round,0.0001,15,15,0,,29073,src-a1dd899f902d,,
boundaries.in.wards.state=in_s12.ulb=802114,ward,S12,,802114,boundaries/in/wards/state=in_s12/ulb=802114/all.geojson,geojson,EPSG:4326,coord-precision-round,0.0001,15,15,0,,18538,src-a1dd899f902d,,
boundaries.in.wards.state=in_s12.ulb=802115,ward,S12,,802115,boundaries/in/wards/state=in_s12/ulb=802115/all.geojson,geojson,EPSG:4326,coord-precision-round,0.0001,15,15,0,,18068,src-a1dd899f902d,,
boundaries.in.wards.state=in_s12.ulb=802116,ward,S12,,802116,boundaries/in/wards/state=in_s12/ulb=802116/all.geojson,geojson,EPSG:4326,coord-precision-round,0.0001,15,15,0,,14816,src-a1dd899f902d,,
boundaries.in.wards.state=in_s12.ulb=802117,ward,S12,,802117,boundaries/in/wards/state=in_s12/ulb=802117/all.geojson,geojson,EPSG:4326,coord-precision-round,0.0001,15,15,0,,15539,src-a1dd899f902d,,
boundaries.in.wards.state=in_s12.ulb=802118,ward,S12,,802118,boundaries/in/wards/state=in_s12/ulb=802118/all.geojson,geojson,EPSG:4326,coord-precision-round,0.0001,15,15,0,,12238,src-a1dd899f902d,,
boundaries.in.wards.state=in_s12.ulb=802124,ward,S12,,802124,boundaries/in/wards/state=in_s12/ulb=802124/all.geojson,geojson,EPSG:4326,coord-precision-round,0.0001,15,15,0,,80734,src-a1dd899f902d,,
boundaries.in.wards.state=in_s12.ulb=802127,ward,S12,,802127,boundaries/in/wards/state=in_s12/ulb=802127/all.geojson,geojson,EPSG:4326,coord-precision-round,0.0001,15,15,0,,59714,src-a1dd899f902d,,
boundaries.in.wards.state=in_s12.ulb=802128,ward,S12,,802128,boundaries/in/wards/state=in_s12/ulb=802128/all.geojson,geojson,EPSG:4326,coord-precision-round,0.0001,15,15,0,,59963,src-a1dd899f902d,,
boundaries.in.wards.state=in_s12.ulb=802129,ward,S12,,802129,boundaries/in/wards/state=in_s12/ulb=802129/all.geojson,geojson,EPSG:4326,coord-precision-round,0.0001,15,15,0,,68940,src-a1dd899f902d,,
boundaries.in.wards.state=in_s12.ulb=802130,ward,S12,,802130,boundaries/in/wards/state=in_s12/ulb=802130/all.geojson,geojson,EPSG:4326,coord-precision-round,0.0001,3,3,0,,19136,src-a1dd899f902d,,
boundaries.in.wards.state=in_s12.ulb=802132,ward,S12,,802132,boundaries/in/wards/state=in_s12/ulb=802132/all.geojson,geojson,EPSG:4326,coord-precision-round,0.0001,15,15,0,,95948,src-a1dd899f902d,,
boundaries.in.wards.state=in_s12.ulb=802133,ward,S12,,802133,boundaries/in/wards/state=in_s12/ulb=802133/all.geojson,geojson,EPSG:4326,coord-precision-round,0.0001,15,15,0,,103838,src-a1dd899f902d,,
boundaries.in.wards.state=in_s12.ulb=802134,ward,S12,,802134,boundaries/in/wards/state=in_s12/ulb=802134/all.geojson,geojson,EPSG:4326,coord-precision-round,0.0001,15,15,0,,84843,src-a1dd899f902d,,
boundaries.in.wards.state=in_s12.ulb=802137,ward,S12,,802137,boundaries/in/wards/state=in_s12/ulb=802137/all.geojson,geojson,EPSG:4326,coord-precision-round,0.0001,15,15,0,,47403,src-a1dd899f902d,,
boundaries.in.wards.state=in_s12.ulb=802138,ward,S12,,802138,boundaries/in/wards/state=in_s12/ulb=802138/all.geojson,geojson,EPSG:4326,coord-precision-round,0.0001,15,15,0,,98779,src-a1dd899f902d,,
boundaries.in.wards.state=in_s12.ulb=802139,ward,S12,,802139,boundaries/in/wards/state=in_s12/ulb=802139/all.geojson,geojson,EPSG:4326,coord-precision-round,0.0001,41,41,0,,166571,src-a1dd899f902d,,
boundaries.in.wards.state=in_s12.ulb=802141,ward,S12,,802141,boundaries/in/wards/state=in_s12/ulb=802141/all.geojson,geojson,EPSG:4326,coord-precision-round,0.0001,15,15,0,,159850,src-a1dd899f902d,,
boundaries.in.wards.state=in_s12.ulb=802142,ward,S12,,802142,boundaries/in/wards/state=in_s12/ulb=802142/all.geojson,geojson,EPSG:4326,coord-precision-round,0.0001,15,15,0,,70030,src-a1dd899f902d,,
boundaries.in.wards.state=in_s12.ulb=802143,ward,S12,,802143,boundaries/in/wards/state=in_s12/ulb=802143/all.geojson,geojson,EPSG:4326,coord-precision-round,0.0001,15,15,0,,34143,src-a1dd899f902d,,
boundaries.in.wards.state=in_s12.ulb=802144,ward,S12,,802144,boundaries/in/wards/state=in_s12/ulb=802144/all.geojson,geojson,EPSG:4326,coord-precision-round,0.0001,15,15,0,,88444,src-a1dd899f902d,,
boundaries.in.wards.state=in_s12.ulb=802145,ward,S12,,802145,boundaries/in/wards/state=in_s12/ulb=802145/all.geojson,geojson,EPSG:4326,coord-precision-round,0.0001,13,13,0,,50278,src-a1dd899f902d,,
boundaries.in.wards.state=in_s12.ulb=802146,ward,S12,,802146,boundaries/in/wards/state=in_s12/ulb=802146/all.geojson,geojson,EPSG:4326,coord-precision-round,0.0001,15,15,0,,58048,src-a1dd899f902d,,
boundaries.in.wards.state=in_s12.ulb=802147,ward,S12,,802147,boundaries/in/wards/state=in_s12/ulb=802147/all.geojson,geojson,EPSG:4326,coord-precision-round,0.0001,15,15,0,,66856,src-a1dd899f902d,,
boundaries.in.wards.state=in_s12.ulb=802148,ward,S12,,802148,boundaries/in/wards/state=in_s12/ulb=802148/all.geojson,geojson,EPSG:4326,coord-precision-round,0.0001,22,22,0,,80738,src-a1dd899f902d,,
boundaries.in.wards.state=in_s12.ulb=802149,ward,S12,,802149,boundaries/in/wards/state=in_s12/ulb=802149/all.geojson,geojson,EPSG:4326,coord-precision-round,0.0001,15,15,0,,76971,src-a1dd899f902d,,
boundaries.in.wards.state=in_s12.ulb=802150,ward,S12,,802150,boundaries/in/wards/state=in_s12/ulb=802150/all.geojson,geojson,EPSG:4326,coord-precision-round,0.0001,15,15,0,,56076,src-a1dd899f902d,,
boundaries.in.wards.state=in_s12.ulb=802151,ward,S12,,802151,boundaries/in/wards/state=in_s12/ulb=802151/all.geojson,geojson,EPSG:4326,coord-precision-round,0.0001,15,15,0,,55141,src-a1dd899f902d,,
boundaries.in.wards.state=in_s12.ulb=802152,ward,S12,,802152,boundaries/in/wards/state=in_s12/ulb=802152/all.geojson,geojson,EPSG:4326,coord-precision-round,0.0001,15,15,0,,72950,src-a1dd899f902d,,
boundaries.in.wards.state=in_s12.ulb=802153,ward,S12,,802153,boundaries/in/wards/state=in_s12/ulb=802153/all.geojson,geojson,EPSG:4326,coord-precision-round,0.0001,24,24,0,,110171,src-a1dd899f902d,,
boundaries.in.wards.state=in_s12.ulb=802154,ward,S12,,802154,boundaries/in/wards/state=in_s12/ulb=802154/all.geojson,geojson,EPSG:4326,coord-precision-round,0.0001,27,27,0,,109862,src-a1dd899f902d,,
boundaries.in.wards.state=in_s12.ulb=802155,ward,S12,,802155,boundaries/in/wards/state=in_s12/ulb=802155/all.geojson,geojson,EPSG:4326,coord-precision-round,0.0001,15,15,0,,75657,src-a1dd899f902d,,
boundaries.in.wards.state=in_s12.ulb=802156,ward,S12,,802156,boundaries/in/wards/state=in_s12/ulb=802156/all.geojson,geojson,EPSG:4326,coord-precision-round,0.0001,15,15,0,,60391,src-a1dd899f902d,,
boundaries.in.wards.state=in_s12.ulb=802157,ward,S12,,802157,boundaries/in/wards/state=in_s12/ulb=802157/all.geojson,geojson,EPSG:4326,coord-precision-round,0.0001,15,15,0,,28680,src-a1dd899f902d,,
boundaries.in.wards.state=in_s12.ulb=802159,ward,S12,,802159,boundaries/in/wards/state=in_s12/ulb=802159/all.geojson,geojson,EPSG:4326,coord-precision-round,0.0001,49,49,0,,190473,src-a1dd899f902d,,
boundaries.in.wards.state=in_s12.ulb=802161,ward,S12,,802161,boundaries/in/wards/state=in_s12/ulb=802161/all.geojson,geojson,EPSG:4326,coord-precision-round,0.0001,18,18,0,,58484,src-a1dd899f902d,,
boundaries.in.wards.state=in_s12.ulb=802162,ward,S12,,802162,boundaries/in/wards/state=in_s12/ulb=802162/all.geojson,geojson,EPSG:4326,coord-precision-round,0.0001,15,15,0,,95397,src-a1dd899f902d,,
boundaries.in.wards.state=in_s12.ulb=802163,ward,S12,,802163,boundaries/in/wards/state=in_s12/ulb=802163/all.geojson,geojson,EPSG:4326,coord-precision-round,0.0001,15,15,0,,62872,src-a1dd899f902d,,
boundaries.in.wards.state=in_s12.ulb=802164,ward,S12,,802164,boundaries/in/wards/state=in_s12/ulb=802164/all.geojson,geojson,EPSG:4326,coord-precision-round,0.0001,15,15,0,,67314,src-a1dd899f902d,,
boundaries.in.wards.state=in_s12.ulb=802165,ward,S12,,802165,boundaries/in/wards/state=in_s12/ulb=802165/all.geojson,geojson,EPSG:4326,coord-precision-round,0.0001,15,15,0,,98230,src-a1dd899f902d,,
boundaries.in.wards.state=in_s12.ulb=802166,ward,S12,,802166,boundaries/in/wards/state=in_s12/ulb=802166/all.geojson,geojson,EPSG:4326,coord-precision-round,0.0001,15,15,0,,55603,src-a1dd899f902d,,
boundaries.in.wards.state=in_s12.ulb=802167,ward,S12,,802167,boundaries/in/wards/state=in_s12/ulb=802167/all.geojson,geojson,EPSG:4326,coord-precision-round,0.0001,39,39,0,,123669,src-a1dd899f902d,,
boundaries.in.wards.state=in_s12.ulb=802168,ward,S12,,802168,boundaries/in/wards/state=in_s12/ulb=802168/all.geojson,geojson,EPSG:4326,coord-precision-round,0.0001,15,15,0,,76011,src-a1dd899f902d,,
boundaries.in.wards.state=in_s12.ulb=802169,ward,S12,,802169,boundaries/in/wards/state=in_s12/ulb=802169/all.geojson,geojson,EPSG:4326,coord-precision-round,0.0001,15,15,0,,15932,src-a1dd899f902d,,
boundaries.in.wards.state=in_s12.ulb=802170,ward,S12,,802170,boundaries/in/wards/state=in_s12/ulb=802170/all.geojson,geojson,EPSG:4326,coord-precision-round,0.0001,45,45,0,,83611,src-a1dd899f902d,,
boundaries.in.wards.state=in_s12.ulb=802171,ward,S12,,802171,boundaries/in/wards/state=in_s12/ulb=802171/all.geojson,geojson,EPSG:4326,coord-precision-round,0.0001,15,15,0,,51347,src-a1dd899f902d,,
boundaries.in.wards.state=in_s12.ulb=802172,ward,S12,,802172,boundaries/in/wards/state=in_s12/ulb=802172/all.geojson,geojson,EPSG:4326,coord-precision-round,0.0001,15,15,0,,68154,src-a1dd899f902d,,
boundaries.in.wards.state=in_s12.ulb=802173,ward,S12,,802173,boundaries/in/wards/state=in_s12/ulb=802173/all.geojson,geojson,EPSG:4326,coord-precision-round,0.0001,15,15,0,,32594,src-a1dd899f902d,,
boundaries.in.wards.state=in_s12.ulb=802174,ward,S12,,802174,boundaries/in/wards/state=in_s12/ulb=802174/all.geojson,geojson,EPSG:4326,coord-precision-round,0.0001,15,15,0,,43171,src-a1dd899f902d,,
boundaries.in.wards.state=in_s12.ulb=802175,ward,S12,,802175,boundaries/in/wards/state=in_s12/ulb=802175/all.geojson,geojson,EPSG:4326,coord-precision-round,0.0001,15,15,0,,12184,src-a1dd899f902d,,
boundaries.in.wards.state=in_s12.ulb=802176,ward,S12,,802176,boundaries/in/wards/state=in_s12/ulb=802176/all.geojson,geojson,EPSG:4326,coord-precision-round,0.0001,15,15,0,,51767,src-a1dd899f902d,,
boundaries.in.wards.state=in_s12.ulb=802177,ward,S12,,802177,boundaries/in/wards/state=in_s12/ulb=802177/all.geojson,geojson,EPSG:4326,coord-precision-round,0.0001,15,15,0,,32305,src-a1dd899f902d,,
boundaries.in.wards.state=in_s12.ulb=802178,ward,S12,,802178,boundaries/in/wards/state=in_s12/ulb=802178/all.geojson,geojson,EPSG:4326,coord-precision-round,0.0001,15,15,0,,84413,src-a1dd899f902d,,
boundaries.in.wards.state=in_s12.ulb=802179,ward,S12,,802179,boundaries/in/wards/state=in_s12/ulb=802179/all.geojson,geojson,EPSG:4326,coord-precision-round,0.0001,24,24,0,,107993,src-a1dd899f902d,,
boundaries.in.wards.state=in_s12.ulb=802180,ward,S12,,802180,boundaries/in/wards/state=in_s12/ulb=802180/all.geojson,geojson,EPSG:4326,coord-precision-round,0.0001,15,15,0,,42549,src-a1dd899f902d,,
boundaries.in.wards.state=in_s12.ulb=802181,ward,S12,,802181,boundaries/in/wards/state=in_s12/ulb=802181/all.geojson,geojson,EPSG:4326,coord-precision-round,0.0001,15,15,0,,13960,src-a1dd899f902d,,
boundaries.in.wards.state=in_s12.ulb=802182,ward,S12,,802182,boundaries/in/wards/state=in_s12/ulb=802182/all.geojson,geojson,EPSG:4326,coord-precision-round,0.0001,15,15,0,,69040,src-a1dd899f902d,,
boundaries.in.wards.state=in_s12.ulb=802183,ward,S12,,802183,boundaries/in/wards/state=in_s12/ulb=802183/all.geojson,geojson,EPSG:4326,coord-precision-round,0.0001,15,15,0,,33635,src-a1dd899f902d,,
boundaries.in.wards.state=in_s12.ulb=802184,ward,S12,,802184,boundaries/in/wards/state=in_s12/ulb=802184/all.geojson,geojson,EPSG:4326,coord-precision-round,0.0001,15,15,0,,35999,src-a1dd899f902d,,
boundaries.in.wards.state=in_s12.ulb=802185,ward,S12,,802185,boundaries/in/wards/state=in_s12/ulb=802185/all.geojson,geojson,EPSG:4326,coord-precision-round,0.0001,15,15,0,,17420,src-a1dd899f902d,,
boundaries.in.wards.state=in_s12.ulb=802186,ward,S12,,802186,boundaries/in/wards/state=in_s12/ulb=802186/all.geojson,geojson,EPSG:4326,coord-precision-round,0.0001,15,15,0,,13185,src-a1dd899f902d,,
boundaries.in.wards.state=in_s12.ulb=802187,ward,S12,,802187,boundaries/in/wards/state=in_s12/ulb=802187/all.geojson,geojson,EPSG:4326,coord-precision-round,0.0001,15,15,0,,60545,src-a1dd899f902d,,
boundaries.in.wards.state=in_s12.ulb=802188,ward,S12,,802188,boundaries/in/wards/state=in_s12/ulb=802188/all.geojson,geojson,EPSG:4326,coord-precision-round,0.0001,15,15,0,,14718,src-a1dd899f902d,,
boundaries.in.wards.state=in_s12.ulb=802189,ward,S12,,802189,boundaries/in/wards/state=in_s12/ulb=802189/all.geojson,geojson,EPSG:4326,coord-precision-round,0.0001,45,45,0,,114952,src-a1dd899f902d,,
boundaries.in.wards.state=in_s12.ulb=802190,ward,S12,,802190,boundaries/in/wards/state=in_s12/ulb=802190/all.geojson,geojson,EPSG:4326,coord-precision-round,0.0001,15,15,0,,12691,src-a1dd899f902d,,
boundaries.in.wards.state=in_s12.ulb=802191,ward,S12,,802191,boundaries/in/wards/state=in_s12/ulb=802191/all.geojson,geojson,EPSG:4326,coord-precision-round,0.0001,15,15,0,,22865,src-a1dd899f902d,,
boundaries.in.wards.state=in_s12.ulb=802192,ward,S12,,802192,boundaries/in/wards/state=in_s12/ulb=802192/all.geojson,geojson,EPSG:4326,coord-precision-round,0.0001,24,24,0,,27971,src-a1dd899f902d,,
boundaries.in.wards.state=in_s12.ulb=802193,ward,S12,,802193,boundaries/in/wards/state=in_s12/ulb=802193/all.geojson,geojson,EPSG:4326,coord-precision-round,0.0001,15,15,0,,16985,src-a1dd899f902d,,
boundaries.in.wards.state=in_s12.ulb=802194,ward,S12,,802194,boundaries/in/wards/state=in_s12/ulb=802194/all.geojson,geojson,EPSG:4326,coord-precision-round,0.0001,15,15,0,,13742,src-a1dd899f902d,,
boundaries.in.wards.state=in_s12.ulb=802195,ward,S12,,802195,boundaries/in/wards/state=in_s12/ulb=802195/all.geojson,geojson,EPSG:4326,coord-precision-round,0.0001,15,15,0,,31674,src-a1dd899f902d,,
boundaries.in.wards.state=in_s12.ulb=802196,ward,S12,,802196,boundaries/in/wards/state=in_s12/ulb=802196/all.geojson,geojson,EPSG:4326,coord-precision-round,0.0001,15,15,0,,120420,src-a1dd899f902d,,
boundaries.in.wards.state=in_s12.ulb=802197,ward,S12,,802197,boundaries/in/wards/state=in_s12/ulb=802197/all.geojson,geojson,EPSG:4326,coord-precision-round,0.0001,15,15,0,,70323,src-a1dd899f902d,,
boundaries.in.wards.state=in_s12.ulb=802198,ward,S12,,802198,boundaries/in/wards/state=in_s12/ulb=802198/all.geojson,geojson,EPSG:4326,coord-precision-round,0.0001,15,15,0,,36751,src-a1dd899f902d,,
boundaries.in.wards.state=in_s12.ulb=802199,ward,S12,,802199,boundaries/in/wards/state=in_s12/ulb=802199/all.geojson,geojson,EPSG:4326,coord-precision-round,0.0001,15,15,0,,58547,src-a1dd899f902d,,
boundaries.in.wards.state=in_s12.ulb=802200,ward,S12,,802200,boundaries/in/wards/state=in_s12/ulb=802200/all.geojson,geojson,EPSG:4326,coord-precision-round,0.0001,40,40,0,,182486,src-a1dd899f902d,,
boundaries.in.wards.state=in_s12.ulb=802201,ward,S12,,802201,boundaries/in/wards/state=in_s12/ulb=802201/all.geojson,geojson,EPSG:4326,coord-precision-round,0.0001,15,15,0,,17886,src-a1dd899f902d,,
boundaries.in.wards.state=in_s12.ulb=802202,ward,S12,,802202,boundaries/in/wards/state=in_s12/ulb=802202/all.geojson,geojson,EPSG:4326,coord-precision-round,0.0001,15,15,0,,76167,src-a1dd899f902d,,
boundaries.in.wards.state=in_s12.ulb=802203,ward,S12,,802203,boundaries/in/wards/state=in_s12/ulb=802203/all.geojson,geojson,EPSG:4326,coord-precision-round,0.0001,17,17,0,,55555,src-a1dd899f902d,,
boundaries.in.wards.state=in_s12.ulb=802204,ward,S12,,802204,boundaries/in/wards/state=in_s12/ulb=802204/all.geojson,geojson,EPSG:4326,coord-precision-round,0.0001,15,15,0,,58551,src-a1dd899f902d,,
boundaries.in.wards.state=in_s12.ulb=802205,ward,S12,,802205,boundaries/in/wards/state=in_s12/ulb=802205/all.geojson,geojson,EPSG:4326,coord-precision-round,0.0001,15,15,0,,33905,src-a1dd899f902d,,
boundaries.in.wards.state=in_s12.ulb=802206,ward,S12,,802206,boundaries/in/wards/state=in_s12/ulb=802206/all.geojson,geojson,EPSG:4326,coord-precision-round,0.0001,15,15,0,,38150,src-a1dd899f902d,,
boundaries.in.wards.state=in_s12.ulb=802207,ward,S12,,802207,boundaries/in/wards/state=in_s12/ulb=802207/all.geojson,geojson,EPSG:4326,coord-precision-round,0.0001,15,15,0,,27998,src-a1dd899f902d,,
boundaries.in.wards.state=in_s12.ulb=802208,ward,S12,,802208,boundaries/in/wards/state=in_s12/ulb=802208/all.geojson,geojson,EPSG:4326,coord-precision-round,0.0001,15,15,0,,37468,src-a1dd899f902d,,
boundaries.in.wards.state=in_s12.ulb=802209,ward,S12,,802209,boundaries/in/wards/state=in_s12/ulb=802209/all.geojson,geojson,EPSG:4326,coord-precision-round,0.0001,15,15,0,,70082,src-a1dd899f902d,,
boundaries.in.wards.state=in_s12.ulb=802210,ward,S12,,802210,boundaries/in/wards/state=in_s12/ulb=802210/all.geojson,geojson,EPSG:4326,coord-precision-round,0.0001,15,15,0,,58870,src-a1dd899f902d,,
boundaries.in.wards.state=in_s12.ulb=802211,ward,S12,,802211,boundaries/in/wards/state=in_s12/ulb=802211/all.geojson,geojson,EPSG:4326,coord-precision-round,0.0001,40,40,0,,71946,src-a1dd899f902d,,
boundaries.in.wards.state=in_s12.ulb=802212,ward,S12,,802212,boundaries/in/wards/state=in_s12/ulb=802212/all.geojson,geojson,EPSG:4326,coord-precision-round,0.0001,15,15,0,,56103,src-a1dd899f902d,,
boundaries.in.wards.state=in_s12.ulb=802213,ward,S12,,802213,boundaries/in/wards/state=in_s12/ulb=802213/all.geojson,geojson,EPSG:4326,coord-precision-round,0.0001,15,15,0,,63644,src-a1dd899f902d,,
boundaries.in.wards.state=in_s12.ulb=802214,ward,S12,,802214,boundaries/in/wards/state=in_s12/ulb=802214/all.geojson,geojson,EPSG:4326,coord-precision-round,0.0001,15,15,0,,22117,src-a1dd899f902d,,
boundaries.in.wards.state=in_s12.ulb=802215,ward,S12,,802215,boundaries/in/wards/state=in_s12/ulb=802215/all.geojson,geojson,EPSG:4326,coord-precision-round,0.0001,15,15,0,,21209,src-a1dd899f902d,,
boundaries.in.wards.state=in_s12.ulb=802216,ward,S12,,802216,boundaries/in/wards/state=in_s12/ulb=802216/all.geojson,geojson,EPSG:4326,coord-precision-round,0.0001,30,30,0,,40988,src-a1dd899f902d,,
boundaries.in.wards.state=in_s12.ulb=802217,ward,S12,,802217,boundaries/in/wards/state=in_s12/ulb=802217/all.geojson,geojson,EPSG:4326,coord-precision-round,0.0001,15,15,0,,63013,src-a1dd899f902d,,
boundaries.in.wards.state=in_s12.ulb=802218,ward,S12,,802218,boundaries/in/wards/state=in_s12/ulb=802218/all.geojson,geojson,EPSG:4326,coord-precision-round,0.0001,15,15,0,,66248,src-a1dd899f902d,,
boundaries.in.wards.state=in_s12.ulb=802219,ward,S12,,802219,boundaries/in/wards/state=in_s12/ulb=802219/all.geojson,geojson,EPSG:4326,coord-precision-round,0.0001,15,15,0,,31258,src-a1dd899f902d,,
boundaries.in.wards.state=in_s12.ulb=802220,ward,S12,,802220,boundaries/in/wards/state=in_s12/ulb=802220/all.geojson,geojson,EPSG:4326,coord-precision-round,0.0001,15,15,0,,45459,src-a1dd899f902d,,
boundaries.in.wards.state=in_s12.ulb=802221,ward,S12,,802221,boundaries/in/wards/state=in_s12/ulb=802221/all.geojson,geojson,EPSG:4326,coord-precision-round,0.0001,15,15,0,,82229,src-a1dd899f902d,,
boundaries.in.wards.state=in_s12.ulb=802222,ward,S12,,802222,boundaries/in/wards/state=in_s12/ulb=802222/all.geojson,geojson,EPSG:4326,coord-precision-round,0.0001,49,49,0,,90422,src-a1dd899f902d,,
boundaries.in.wards.state=in_s12.ulb=802223,ward,S12,,802223,boundaries/in/wards/state=in_s12/ulb=802223/all.geojson,geojson,EPSG:4326,coord-precision-round,0.0001,15,15,0,,96260,src-a1dd899f902d,,
boundaries.in.wards.state=in_s12.ulb=802224,ward,S12,,802224,boundaries/in/wards/state=in_s12/ulb=802224/all.geojson,geojson,EPSG:4326,coord-precision-round,0.0001,21,21,0,,102405,src-a1dd899f902d,,
boundaries.in.wards.state=in_s12.ulb=802225,ward,S12,,802225,boundaries/in/wards/state=in_s12/ulb=802225/all.geojson,geojson,EPSG:4326,coord-precision-round,0.0001,36,36,0,,134692,src-a1dd899f902d,,
boundaries.in.wards.state=in_s12.ulb=802226,ward,S12,,802226,boundaries/in/wards/state=in_s12/ulb=802226/all.geojson,geojson,EPSG:4326,coord-precision-round,0.0001,15,15,0,,52976,src-a1dd899f902d,,
boundaries.in.wards.state=in_s12.ulb=802227,ward,S12,,802227,boundaries/in/wards/state=in_s12/ulb=802227/all.geojson,geojson,EPSG:4326,coord-precision-round,0.0001,18,18,0,,68963,src-a1dd899f902d,,
boundaries.in.wards.state=in_s12.ulb=802228,ward,S12,,802228,boundaries/in/wards/state=in_s12/ulb=802228/all.geojson,geojson,EPSG:4326,coord-precision-round,0.0001,15,15,0,,31819,src-a1dd899f902d,,
boundaries.in.wards.state=in_s12.ulb=802230,ward,S12,,802230,boundaries/in/wards/state=in_s12/ulb=802230/all.geojson,geojson,EPSG:4326,coord-precision-round,0.0001,54,54,0,,176417,src-a1dd899f902d,,
boundaries.in.wards.state=in_s12.ulb=802231,ward,S12,,802231,boundaries/in/wards/state=in_s12/ulb=802231/all.geojson,geojson,EPSG:4326,coord-precision-round,0.0001,18,18,0,,43030,src-a1dd899f902d,,
boundaries.in.wards.state=in_s12.ulb=802232,ward,S12,,802232,boundaries/in/wards/state=in_s12/ulb=802232/all.geojson,geojson,EPSG:4326,coord-precision-round,0.0001,15,15,0,,61623,src-a1dd899f902d,,
boundaries.in.wards.state=in_s12.ulb=802233,ward,S12,,802233,boundaries/in/wards/state=in_s12/ulb=802233/all.geojson,geojson,EPSG:4326,coord-precision-round,0.0001,15,15,0,,61378,src-a1dd899f902d,,
boundaries.in.wards.state=in_s12.ulb=802234,ward,S12,,802234,boundaries/in/wards/state=in_s12/ulb=802234/all.geojson,geojson,EPSG:4326,coord-precision-round,0.0001,15,15,0,,54778,src-a1dd899f902d,,
boundaries.in.wards.state=in_s12.ulb=802235,ward,S12,,802235,boundaries/in/wards/state=in_s12/ulb=802235/all.geojson,geojson,EPSG:4326,coord-precision-round,0.0001,15,15,0,,44186,src-a1dd899f902d,,
boundaries.in.wards.state=in_s12.ulb=802236,ward,S12,,802236,boundaries/in/wards/state=in_s12/ulb=802236/all.geojson,geojson,EPSG:4326,coord-precision-round,0.0001,15,15,0,,64257,src-a1dd899f902d,,
boundaries.in.wards.state=in_s12.ulb=802237,ward,S12,,802237,boundaries/in/wards/state=in_s12/ulb=802237/all.geojson,geojson,EPSG:4326,coord-precision-round,0.0001,23,23,0,,143185,src-a1dd899f902d,,
boundaries.in.wards.state=in_s12.ulb=802238,ward,S12,,802238,boundaries/in/wards/state=in_s12/ulb=802238/all.geojson,geojson,EPSG:4326,coord-precision-round,0.0001,15,15,0,,49207,src-a1dd899f902d,,
boundaries.in.wards.state=in_s12.ulb=802239,ward,S12,,802239,boundaries/in/wards/state=in_s12/ulb=802239/all.geojson,geojson,EPSG:4326,coord-precision-round,0.0001,29,29,0,,111372,src-a1dd899f902d,,
boundaries.in.wards.state=in_s12.ulb=802240,ward,S12,,802240,boundaries/in/wards/state=in_s12/ulb=802240/all.geojson,geojson,EPSG:4326,coord-precision-round,0.0001,15,15,0,,34904,src-a1dd899f902d,,
boundaries.in.wards.state=in_s12.ulb=802241,ward,S12,,802241,boundaries/in/wards/state=in_s12/ulb=802241/all.geojson,geojson,EPSG:4326,coord-precision-round,0.0001,25,25,0,,40871,src-a1dd899f902d,,
boundaries.in.wards.state=in_s12.ulb=802243,ward,S12,,802243,boundaries/in/wards/state=in_s12/ulb=802243/all.geojson,geojson,EPSG:4326,coord-precision-round,0.0001,15,15,0,,39203,src-a1dd899f902d,,
boundaries.in.wards.state=in_s12.ulb=802244,ward,S12,,802244,boundaries/in/wards/state=in_s12/ulb=802244/all.geojson,geojson,EPSG:4326,coord-precision-round,0.0001,15,15,0,,40715,src-a1dd899f902d,,
boundaries.in.wards.state=in_s12.ulb=802245,ward,S12,,802245,boundaries/in/wards/state=in_s12/ulb=802245/all.geojson,geojson,EPSG:4326,coord-precision-round,0.0001,15,15,0,,16665,src-a1dd899f902d,,
boundaries.in.wards.state=in_s12.ulb=802246,ward,S12,,802246,boundaries/in/wards/state=in_s12/ulb=802246/all.geojson,geojson,EPSG:4326,coord-precision-round,0.0001,15,15,0,,42403,src-a1dd899f902d,,
boundaries.in.wards.state=in_s12.ulb=802247,ward,S12,,802247,boundaries/in/wards/state=in_s12/ulb=802247/all.geojson,geojson,EPSG:4326,coord-precision-round,0.0001,15,15,0,,52150,src-a1dd899f902d,,
boundaries.in.wards.state=in_s12.ulb=802248,ward,S12,,802248,boundaries/in/wards/state=in_s12/ulb=802248/all.geojson,geojson,EPSG:4326,coord-precision-round,0.0001,45,45,0,,214896,src-a1dd899f902d,,
boundaries.in.wards.state=in_s12.ulb=802249,ward,S12,,802249,boundaries/in/wards/state=in_s12/ulb=802249/all.geojson,geojson,EPSG:4326,coord-precision-round,0.0001,14,14,0,,27725,src-a1dd899f902d,,
boundaries.in.wards.state=in_s12.ulb=802250,ward,S12,,802250,boundaries/in/wards/state=in_s12/ulb=802250/all.geojson,geojson,EPSG:4326,coord-precision-round,0.0001,15,15,0,,17825,src-a1dd899f902d,,
boundaries.in.wards.state=in_s12.ulb=802251,ward,S12,,802251,boundaries/in/wards/state=in_s12/ulb=802251/all.geojson,geojson,EPSG:4326,coord-precision-round,0.0001,15,15,0,,25877,src-a1dd899f902d,,
boundaries.in.wards.state=in_s12.ulb=802252,ward,S12,,802252,boundaries/in/wards/state=in_s12/ulb=802252/all.geojson,geojson,EPSG:4326,coord-precision-round,0.0001,15,15,0,,37471,src-a1dd899f902d,,
boundaries.in.wards.state=in_s12.ulb=802253,ward,S12,,802253,boundaries/in/wards/state=in_s12/ulb=802253/all.geojson,geojson,EPSG:4326,coord-precision-round,0.0001,15,15,0,,19648,src-a1dd899f902d,,
boundaries.in.wards.state=in_s12.ulb=802254,ward,S12,,802254,boundaries/in/wards/state=in_s12/ulb=802254/all.geojson,geojson,EPSG:4326,coord-precision-round,0.0001,15,15,0,,22686,src-a1dd899f902d,,
boundaries.in.wards.state=in_s12.ulb=802255,ward,S12,,802255,boundaries/in/wards/state=in_s12/ulb=802255/all.geojson,geojson,EPSG:4326,coord-precision-round,0.0001,15,15,0,,23852,src-a1dd899f902d,,
boundaries.in.wards.state=in_s12.ulb=802256,ward,S12,,802256,boundaries/in/wards/state=in_s12/ulb=802256/all.geojson,geojson,EPSG:4326,coord-precision-round,0.0001,15,15,0,,18366,src-a1dd899f902d,,
boundaries.in.wards.state=in_s12.ulb=802257,ward,S12,,802257,boundaries/in/wards/state=in_s12/ulb=802257/all.geojson,geojson,EPSG:4326,coord-precision-round,0.0001,15,15,0,,26205,src-a1dd899f902d,,
boundaries.in.wards.state=in_s12.ulb=802258,ward,S12,,802258,boundaries/in/wards/state=in_s12/ulb=802258/all.geojson,geojson,EPSG:4326,coord-precision-round,0.0001,15,15,0,,26786,src-a1dd899f902d,,
boundaries.in.wards.state=in_s12.ulb=802259,ward,S12,,802259,boundaries/in/wards/state=in_s12/ulb=802259/all.geojson,geojson,EPSG:4326,coord-precision-round,0.0001,15,15,0,,37814,src-a1dd899f902d,,
boundaries.in.wards.state=in_s12.ulb=802260,ward,S12,,802260,boundaries/in/wards/state=in_s12/ulb=802260/all.geojson,geojson,EPSG:4326,coord-precision-round,0.0001,30,30,0,,114854,src-a1dd899f902d,,
boundaries.in.wards.state=in_s12.ulb=802261,ward,S12,,802261,boundaries/in/wards/state=in_s12/ulb=802261/all.geojson,geojson,EPSG:4326,coord-precision-round,0.0001,31,31,0,,59922,src-a1dd899f902d,,
boundaries.in.wards.state=in_s12.ulb=802262,ward,S12,,802262,boundaries/in/wards/state=in_s12/ulb=802262/all.geojson,geojson,EPSG:4326,coord-precision-round,0.0001,15,15,0,,96313,src-a1dd899f902d,,
boundaries.in.wards.state=in_s12.ulb=802263,ward,S12,,802263,boundaries/in/wards/state=in_s12/ulb=802263/all.geojson,geojson,EPSG:4326,coord-precision-round,0.0001,15,15,0,,44949,src-a1dd899f902d,,
boundaries.in.wards.state=in_s12.ulb=802264,ward,S12,,802264,boundaries/in/wards/state=in_s12/ulb=802264/all.geojson,geojson,EPSG:4326,coord-precision-round,0.0001,16,16,0,,50684,src-a1dd899f902d,,
boundaries.in.wards.state=in_s12.ulb=802265,ward,S12,,802265,boundaries/in/wards/state=in_s12/ulb=802265/all.geojson,geojson,EPSG:4326,coord-precision-round,0.0001,15,15,0,,31093,src-a1dd899f902d,,
boundaries.in.wards.state=in_s12.ulb=802266,ward,S12,,802266,boundaries/in/wards/state=in_s12/ulb=802266/all.geojson,geojson,EPSG:4326,coord-precision-round,0.0001,15,15,0,,41203,src-a1dd899f902d,,
boundaries.in.wards.state=in_s12.ulb=802267,ward,S12,,802267,boundaries/in/wards/state=in_s12/ulb=802267/all.geojson,geojson,EPSG:4326,coord-precision-round,0.0001,15,15,0,,25751,src-a1dd899f902d,,
boundaries.in.wards.state=in_s12.ulb=802268,ward,S12,,802268,boundaries/in/wards/state=in_s12/ulb=802268/all.geojson,geojson,EPSG:4326,coord-precision-round,0.0001,15,15,0,,35149,src-a1dd899f902d,,
boundaries.in.wards.state=in_s12.ulb=802270,ward,S12,,802270,boundaries/in/wards/state=in_s12/ulb=802270/all.geojson,geojson,EPSG:4326,coord-precision-round,0.0001,15,15,0,,27450,src-a1dd899f902d,,
boundaries.in.wards.state=in_s12.ulb=802271,ward,S12,,802271,boundaries/in/wards/state=in_s12/ulb=802271/all.geojson,geojson,EPSG:4326,coord-precision-round,0.0001,15,15,0,,24309,src-a1dd899f902d,,
boundaries.in.wards.state=in_s12.ulb=802272,ward,S12,,802272,boundaries/in/wards/state=in_s12/ulb=802272/all.geojson,geojson,EPSG:4326,coord-precision-round,0.0001,14,14,0,,21439,src-a1dd899f902d,,
boundaries.in.wards.state=in_s12.ulb=802273,ward,S12,,802273,boundaries/in/wards/state=in_s12/ulb=802273/all.geojson,geojson,EPSG:4326,coord-precision-round,0.0001,85,85,0,,413495,src-a1dd899f902d,,
boundaries.in.wards.state=in_s12.ulb=802274,ward,S12,,802274,boundaries/in/wards/state=in_s12/ulb=802274/all.geojson,geojson,EPSG:4326,coord-precision-round,0.0001,15,15,0,,22651,src-a1dd899f902d,,
boundaries.in.wards.state=in_s12.ulb=802275,ward,S12,,802275,boundaries/in/wards/state=in_s12/ulb=802275/all.geojson,geojson,EPSG:4326,coord-precision-round,0.0001,8,8,0,,33372,src-a1dd899f902d,,
boundaries.in.wards.state=in_s12.ulb=802276,ward,S12,,802276,boundaries/in/wards/state=in_s12/ulb=802276/all.geojson,geojson,EPSG:4326,coord-precision-round,0.0001,15,15,0,,80201,src-a1dd899f902d,,
boundaries.in.wards.state=in_s12.ulb=802279,ward,S12,,802279,boundaries/in/wards/state=in_s12/ulb=802279/all.geojson,geojson,EPSG:4326,coord-precision-round,0.0001,18,18,0,,29104,src-a1dd899f902d,,
boundaries.in.wards.state=in_s12.ulb=802280,ward,S12,,802280,boundaries/in/wards/state=in_s12/ulb=802280/all.geojson,geojson,EPSG:4326,coord-precision-round,0.0001,15,15,0,,36300,src-a1dd899f902d,,
boundaries.in.wards.state=in_s12.ulb=802281,ward,S12,,802281,boundaries/in/wards/state=in_s12/ulb=802281/all.geojson,geojson,EPSG:4326,coord-precision-round,0.0001,15,15,0,,23085,src-a1dd899f902d,,
boundaries.in.wards.state=in_s12.ulb=802282,ward,S12,,802282,boundaries/in/wards/state=in_s12/ulb=802282/all.geojson,geojson,EPSG:4326,coord-precision-round,0.0001,15,15,0,,42198,src-a1dd899f902d,,
boundaries.in.wards.state=in_s12.ulb=802284,ward,S12,,802284,boundaries/in/wards/state=in_s12/ulb=802284/all.geojson,geojson,EPSG:4326,coord-precision-round,0.0001,33,33,0,,151913,src-a1dd899f902d,,
boundaries.in.wards.state=in_s12.ulb=802285,ward,S12,,802285,boundaries/in/wards/state=in_s12/ulb=802285/all.geojson,geojson,EPSG:4326,coord-precision-round,0.0001,24,24,0,,102328,src-a1dd899f902d,,
boundaries.in.wards.state=in_s12.ulb=802286,ward,S12,,802286,boundaries/in/wards/state=in_s12/ulb=802286/all.geojson,geojson,EPSG:4326,coord-precision-round,0.0001,15,15,0,,55396,src-a1dd899f902d,,
boundaries.in.wards.state=in_s12.ulb=802287,ward,S12,,802287,boundaries/in/wards/state=in_s12/ulb=802287/all.geojson,geojson,EPSG:4326,coord-precision-round,0.0001,15,15,0,,27489,src-a1dd899f902d,,
boundaries.in.wards.state=in_s12.ulb=802288,ward,S12,,802288,boundaries/in/wards/state=in_s12/ulb=802288/all.geojson,geojson,EPSG:4326,coord-precision-round,0.0001,15,15,0,,56902,src-a1dd899f902d,,
boundaries.in.wards.state=in_s12.ulb=802289,ward,S12,,802289,boundaries/in/wards/state=in_s12/ulb=802289/all.geojson,geojson,EPSG:4326,coord-precision-round,0.0001,15,15,0,,36907,src-a1dd899f902d,,
boundaries.in.wards.state=in_s12.ulb=802290,ward,S12,,802290,boundaries/in/wards/state=in_s12/ulb=802290/all.geojson,geojson,EPSG:4326,coord-precision-round,0.0001,15,15,0,,22754,src-a1dd899f902d,,
boundaries.in.wards.state=in_s12.ulb=802291,ward,S12,,802291,boundaries/in/wards/state=in_s12/ulb=802291/all.geojson,geojson,EPSG:4326,coord-precision-round,0.0001,24,24,0,,32828,src-a1dd899f902d,,
boundaries.in.wards.state=in_s12.ulb=802293,ward,S12,,802293,boundaries/in/wards/state=in_s12/ulb=802293/all.geojson,geojson,EPSG:4326,coord-precision-round,0.0001,15,15,0,,38840,src-a1dd899f902d,,
boundaries.in.wards.state=in_s12.ulb=802298,ward,S12,,802298,boundaries/in/wards/state=in_s12/ulb=802298/all.geojson,geojson,EPSG:4326,coord-precision-round,0.0001,15,15,0,,39717,src-a1dd899f902d,,
boundaries.in.wards.state=in_s12.ulb=802301,ward,S12,,802301,boundaries/in/wards/state=in_s12/ulb=802301/all.geojson,geojson,EPSG:4326,coord-precision-round,0.0001,15,15,0,,37304,src-a1dd899f902d,,
boundaries.in.wards.state=in_s12.ulb=802303,ward,S12,,802303,boundaries/in/wards/state=in_s12/ulb=802303/all.geojson,geojson,EPSG:4326,coord-precision-round,0.0001,15,15,0,,44701,src-a1dd899f902d,,
boundaries.in.wards.state=in_s12.ulb=802308,ward,S12,,802308,boundaries/in/wards/state=in_s12/ulb=802308/all.geojson,geojson,EPSG:4326,coord-precision-round,0.0001,24,24,0,,95007,src-a1dd899f902d,,
boundaries.in.wards.state=in_s12.ulb=802310,ward,S12,,802310,boundaries/in/wards/state=in_s12/ulb=802310/all.geojson,geojson,EPSG:4326,coord-precision-round,0.0001,11,11,0,,47593,src-a1dd899f902d,,
boundaries.in.wards.state=in_s12.ulb=802312,ward,S12,,802312,boundaries/in/wards/state=in_s12/ulb=802312/all.geojson,geojson,EPSG:4326,coord-precision-round,0.0001,85,85,0,,494898,src-a1dd899f902d,,
boundaries.in.wards.state=in_s12.ulb=802314,ward,S12,,802314,boundaries/in/wards/state=in_s12/ulb=802314/all.geojson,geojson,EPSG:4326,coord-precision-round,0.0001,35,35,0,,174695,src-a1dd899f902d,,
boundaries.in.wards.state=in_s12.ulb=802316,ward,S12,,802316,boundaries/in/wards/state=in_s12/ulb=802316/all.geojson,geojson,EPSG:4326,coord-precision-round,0.0001,15,15,0,,37227,src-a1dd899f902d,,
boundaries.in.wards.state=in_s12.ulb=802318,ward,S12,,802318,boundaries/in/wards/state=in_s12/ulb=802318/all.geojson,geojson,EPSG:4326,coord-precision-round,0.0001,15,15,0,,32510,src-a1dd899f902d,,
boundaries.in.wards.state=in_s12.ulb=802319,ward,S12,,802319,boundaries/in/wards/state=in_s12/ulb=802319/all.geojson,geojson,EPSG:4326,coord-precision-round,0.0001,15,15,0,,61641,src-a1dd899f902d,,
boundaries.in.wards.state=in_s12.ulb=802320,ward,S12,,802320,boundaries/in/wards/state=in_s12/ulb=802320/all.geojson,geojson,EPSG:4326,coord-precision-round,0.0001,15,15,0,,76785,src-a1dd899f902d,,
boundaries.in.wards.state=in_s12.ulb=802321,ward,S12,,802321,boundaries/in/wards/state=in_s12/ulb=802321/all.geojson,geojson,EPSG:4326,coord-precision-round,0.0001,14,14,0,,17581,src-a1dd899f902d,,
boundaries.in.wards.state=in_s12.ulb=802322,ward,S12,,802322,boundaries/in/wards/state=in_s12/ulb=802322/all.geojson,geojson,EPSG:4326,coord-precision-round,0.0001,15,15,0,,40506,src-a1dd899f902d,,
boundaries.in.wards.state=in_s12.ulb=802323,ward,S12,,802323,boundaries/in/wards/state=in_s12/ulb=802323/all.geojson,geojson,EPSG:4326,coord-precision-round,0.0001,18,18,0,,107923,src-a1dd899f902d,,
boundaries.in.wards.state=in_s12.ulb=802325,ward,S12,,802325,boundaries/in/wards/state=in_s12/ulb=802325/all.geojson,geojson,EPSG:4326,coord-precision-round,0.0001,18,18,0,,91595,src-a1dd899f902d,,
boundaries.in.wards.state=in_s12.ulb=802327,ward,S12,,802327,boundaries/in/wards/state=in_s12/ulb=802327/all.geojson,geojson,EPSG:4326,coord-precision-round,0.0001,6,6,0,,7377,src-a1dd899f902d,,
boundaries.in.wards.state=in_s12.ulb=802329,ward,S12,,802329,boundaries/in/wards/state=in_s12/ulb=802329/all.geojson,geojson,EPSG:4326,coord-precision-round,0.0001,15,15,0,,22133,src-a1dd899f902d,,
boundaries.in.wards.state=in_s12.ulb=802330,ward,S12,,802330,boundaries/in/wards/state=in_s12/ulb=802330/all.geojson,geojson,EPSG:4326,coord-precision-round,0.0001,15,15,0,,113809,src-a1dd899f902d,,
boundaries.in.wards.state=in_s12.ulb=802333,ward,S12,,802333,boundaries/in/wards/state=in_s12/ulb=802333/all.geojson,geojson,EPSG:4326,coord-precision-round,0.0001,15,15,0,,20872,src-a1dd899f902d,,
boundaries.in.wards.state=in_s12.ulb=802334,ward,S12,,802334,boundaries/in/wards/state=in_s12/ulb=802334/all.geojson,geojson,EPSG:4326,coord-precision-round,0.0001,15,15,0,,41985,src-a1dd899f902d,,
boundaries.in.wards.state=in_s12.ulb=802335,ward,S12,,802335,boundaries/in/wards/state=in_s12/ulb=802335/all.geojson,geojson,EPSG:4326,coord-precision-round,0.0001,33,33,0,,120789,src-a1dd899f902d,,
boundaries.in.wards.state=in_s12.ulb=802336,ward,S12,,802336,boundaries/in/wards/state=in_s12/ulb=802336/all.geojson,geojson,EPSG:4326,coord-precision-round,0.0001,15,15,0,,34549,src-a1dd899f902d,,
boundaries.in.wards.state=in_s12.ulb=802337,ward,S12,,802337,boundaries/in/wards/state=in_s12/ulb=802337/all.geojson,geojson,EPSG:4326,coord-precision-round,0.0001,15,15,0,,33491,src-a1dd899f902d,,
boundaries.in.wards.state=in_s12.ulb=802338,ward,S12,,802338,boundaries/in/wards/state=in_s12/ulb=802338/all.geojson,geojson,EPSG:4326,coord-precision-round,0.0001,36,36,0,,124474,src-a1dd899f902d,,
boundaries.in.wards.state=in_s12.ulb=802339,ward,S12,,802339,boundaries/in/wards/state=in_s12/ulb=802339/all.geojson,geojson,EPSG:4326,coord-precision-round,0.0001,15,15,0,,69993,src-a1dd899f902d,,
boundaries.in.wards.state=in_s12.ulb=802340,ward,S12,,802340,boundaries/in/wards/state=in_s12/ulb=802340/all.geojson,geojson,EPSG:4326,coord-precision-round,0.0001,18,18,0,,49520,src-a1dd899f902d,,
boundaries.in.wards.state=in_s12.ulb=802342,ward,S12,,802342,boundaries/in/wards/state=in_s12/ulb=802342/all.geojson,geojson,EPSG:4326,coord-precision-round,0.0001,28,28,0,,87502,src-a1dd899f902d,,
boundaries.in.wards.state=in_s12.ulb=802343,ward,S12,,802343,boundaries/in/wards/state=in_s12/ulb=802343/all.geojson,geojson,EPSG:4326,coord-precision-round,0.0001,2,2,0,,6415,src-a1dd899f902d,,
boundaries.in.wards.state=in_s12.ulb=802344,ward,S12,,802344,boundaries/in/wards/state=in_s12/ulb=802344/all.geojson,geojson,EPSG:4326,coord-precision-round,0.0001,15,15,0,,52921,src-a1dd899f902d,,
boundaries.in.wards.state=in_s12.ulb=802345,ward,S12,,802345,boundaries/in/wards/state=in_s12/ulb=802345/all.geojson,geojson,EPSG:4326,coord-precision-round,0.0001,34,34,0,,99002,src-a1dd899f902d,,
boundaries.in.wards.state=in_s12.ulb=802346,ward,S12,,802346,boundaries/in/wards/state=in_s12/ulb=802346/all.geojson,geojson,EPSG:4326,coord-precision-round,0.0001,33,33,0,,144900,src-a1dd899f902d,,
boundaries.in.wards.state=in_s12.ulb=802349,ward,S12,,802349,boundaries/in/wards/state=in_s12/ulb=802349/all.geojson,geojson,EPSG:4326,coord-precision-round,0.0001,21,21,0,,71271,src-a1dd899f902d,,
boundaries.in.wards.state=in_s12.ulb=802350,ward,S12,,802350,boundaries/in/wards/state=in_s12/ulb=802350/all.geojson,geojson,EPSG:4326,coord-precision-round,0.0001,7,7,0,,12431,src-a1dd899f902d,,
boundaries.in.wards.state=in_s12.ulb=802351,ward,S12,,802351,boundaries/in/wards/state=in_s12/ulb=802351/all.geojson,geojson,EPSG:4326,coord-precision-round,0.0001,45,45,0,,158987,src-a1dd899f902d,,
boundaries.in.wards.state=in_s12.ulb=802352,ward,S12,,802352,boundaries/in/wards/state=in_s12/ulb=802352/all.geojson,geojson,EPSG:4326,coord-precision-round,0.0001,15,15,0,,15684,src-a1dd899f902d,,
boundaries.in.wards.state=in_s12.ulb=802353,ward,S12,,802353,boundaries/in/wards/state=in_s12/ulb=802353/all.geojson,geojson,EPSG:4326,coord-precision-round,0.0001,15,15,0,,24945,src-a1dd899f902d,,
boundaries.in.wards.state=in_s12.ulb=802354,ward,S12,,802354,boundaries/in/wards/state=in_s12/ulb=802354/all.geojson,geojson,EPSG:4326,coord-precision-round,0.0001,15,15,0,,19788,src-a1dd899f902d,,
boundaries.in.wards.state=in_s12.ulb=802356,ward,S12,,802356,boundaries/in/wards/state=in_s12/ulb=802356/all.geojson,geojson,EPSG:4326,coord-precision-round,0.0001,18,18,0,,64175,src-a1dd899f902d,,
boundaries.in.wards.state=in_s12.ulb=802358,ward,S12,,802358,boundaries/in/wards/state=in_s12/ulb=802358/all.geojson,geojson,EPSG:4326,coord-precision-round,0.0001,15,15,0,,56774,src-a1dd899f902d,,
boundaries.in.wards.state=in_s12.ulb=802359,ward,S12,,802359,boundaries/in/wards/state=in_s12/ulb=802359/all.geojson,geojson,EPSG:4326,coord-precision-round,0.0001,15,15,0,,17691,src-a1dd899f902d,,
boundaries.in.wards.state=in_s12.ulb=802360,ward,S12,,802360,boundaries/in/wards/state=in_s12/ulb=802360/all.geojson,geojson,EPSG:4326,coord-precision-round,0.0001,7,7,0,,19955,src-a1dd899f902d,,
boundaries.in.wards.state=in_s12.ulb=802361,ward,S12,,802361,boundaries/in/wards/state=in_s12/ulb=802361/all.geojson,geojson,EPSG:4326,coord-precision-round,0.0001,79,79,0,,376793,src-a1dd899f902d,,
boundaries.in.wards.state=in_s12.ulb=802362,ward,S12,,802362,boundaries/in/wards/state=in_s12/ulb=802362/all.geojson,geojson,EPSG:4326,coord-precision-round,0.0001,15,15,0,,25406,src-a1dd899f902d,,
boundaries.in.wards.state=in_s12.ulb=802363,ward,S12,,802363,boundaries/in/wards/state=in_s12/ulb=802363/all.geojson,geojson,EPSG:4326,coord-precision-round,0.0001,15,15,0,,36122,src-a1dd899f902d,,
boundaries.in.wards.state=in_s12.ulb=802366,ward,S12,,802366,boundaries/in/wards/state=in_s12/ulb=802366/all.geojson,geojson,EPSG:4326,coord-precision-round,0.0001,24,24,0,,34270,src-a1dd899f902d,,
boundaries.in.wards.state=in_s12.ulb=802368,ward,S12,,802368,boundaries/in/wards/state=in_s12/ulb=802368/all.geojson,geojson,EPSG:4326,coord-precision-round,0.0001,15,15,0,,54519,src-a1dd899f902d,,
boundaries.in.wards.state=in_s12.ulb=802371,ward,S12,,802371,boundaries/in/wards/state=in_s12/ulb=802371/all.geojson,geojson,EPSG:4326,coord-precision-round,0.0001,15,15,0,,30323,src-a1dd899f902d,,
boundaries.in.wards.state=in_s12.ulb=802373,ward,S12,,802373,boundaries/in/wards/state=in_s12/ulb=802373/all.geojson,geojson,EPSG:4326,coord-precision-round,0.0001,1,1,0,,1466,src-a1dd899f902d,,
boundaries.in.wards.state=in_s12.ulb=802376,ward,S12,,802376,boundaries/in/wards/state=in_s12/ulb=802376/all.geojson,geojson,EPSG:4326,coord-precision-round,0.0001,15,15,0,,18600,src-a1dd899f902d,,
boundaries.in.wards.state=in_s12.ulb=802377,ward,S12,,802377,boundaries/in/wards/state=in_s12/ulb=802377/all.geojson,geojson,EPSG:4326,coord-precision-round,0.0001,15,15,0,,33309,src-a1dd899f902d,,
boundaries.in.wards.state=in_s12.ulb=802378,ward,S12,,802378,boundaries/in/wards/state=in_s12/ulb=802378/all.geojson,geojson,EPSG:4326,coord-precision-round,0.0001,15,15,0,,92416,src-a1dd899f902d,,
boundaries.in.wards.state=in_s12.ulb=802379,ward,S12,,802379,boundaries/in/wards/state=in_s12/ulb=802379/all.geojson,geojson,EPSG:4326,coord-precision-round,0.0001,15,15,0,,59265,src-a1dd899f902d,,
boundaries.in.wards.state=in_s12.ulb=802382,ward,S12,,802382,boundaries/in/wards/state=in_s12/ulb=802382/all.geojson,geojson,EPSG:4326,coord-precision-round,0.0001,15,15,0,,26993,src-a1dd899f902d,,
boundaries.in.wards.state=in_s12.ulb=802384,ward,S12,,802384,boundaries/in/wards/state=in_s12/ulb=802384/all.geojson,geojson,EPSG:4326,coord-precision-round,0.0001,15,15,0,,59284,src-a1dd899f902d,,
boundaries.in.wards.state=in_s12.ulb=802386,ward,S12,,802386,boundaries/in/wards/state=in_s12/ulb=802386/all.geojson,geojson,EPSG:4326,coord-precision-round,0.0001,48,48,0,,100322,src-a1dd899f902d,,
boundaries.in.wards.state=in_s12.ulb=802387,ward,S12,,802387,boundaries/in/wards/state=in_s12/ulb=802387/all.geojson,geojson,EPSG:4326,coord-precision-round,0.0001,16,16,0,,80808,src-a1dd899f902d,,
boundaries.in.wards.state=in_s12.ulb=802388,ward,S12,,802388,boundaries/in/wards/state=in_s12/ulb=802388/all.geojson,geojson,EPSG:4326,coord-precision-round,0.0001,15,15,0,,31408,src-a1dd899f902d,,
boundaries.in.wards.state=in_s12.ulb=802389,ward,S12,,802389,boundaries/in/wards/state=in_s12/ulb=802389/all.geojson,geojson,EPSG:4326,coord-precision-round,0.0001,15,15,0,,38934,src-a1dd899f902d,,
boundaries.in.wards.state=in_s12.ulb=802390,ward,S12,,802390,boundaries/in/wards/state=in_s12/ulb=802390/all.geojson,geojson,EPSG:4326,coord-precision-round,0.0001,15,15,0,,30983,src-a1dd899f902d,,
boundaries.in.wards.state=in_s12.ulb=802391,ward,S12,,802391,boundaries/in/wards/state=in_s12/ulb=802391/all.geojson,geojson,EPSG:4326,coord-precision-round,0.0001,30,30,0,,41684,src-a1dd899f902d,,
boundaries.in.wards.state=in_s12.ulb=802393,ward,S12,,802393,boundaries/in/wards/state=in_s12/ulb=802393/all.geojson,geojson,EPSG:4326,coord-precision-round,0.0001,24,24,0,,101119,src-a1dd899f902d,,
boundaries.in.wards.state=in_s12.ulb=802395,ward,S12,,802395,boundaries/in/wards/state=in_s12/ulb=802395/all.geojson,geojson,EPSG:4326,coord-precision-round,0.0001,15,15,0,,29336,src-a1dd899f902d,,
boundaries.in.wards.state=in_s12.ulb=802396,ward,S12,,802396,boundaries/in/wards/state=in_s12/ulb=802396/all.geojson,geojson,EPSG:4326,coord-precision-round,0.0001,15,15,0,,56082,src-a1dd899f902d,,
boundaries.in.wards.state=in_s12.ulb=802397,ward,S12,,802397,boundaries/in/wards/state=in_s12/ulb=802397/all.geojson,geojson,EPSG:4326,coord-precision-round,0.0001,33,33,0,,44723,src-a1dd899f902d,,
boundaries.in.wards.state=in_s12.ulb=802399,ward,S12,,802399,boundaries/in/wards/state=in_s12/ulb=802399/all.geojson,geojson,EPSG:4326,coord-precision-round,0.0001,24,24,0,,139472,src-a1dd899f902d,,
boundaries.in.wards.state=in_s12.ulb=802401,ward,S12,,802401,boundaries/in/wards/state=in_s12/ulb=802401/all.geojson,geojson,EPSG:4326,coord-precision-round,0.0001,38,38,0,,228681,src-a1dd899f902d,,
boundaries.in.wards.state=in_s12.ulb=802402,ward,S12,,802402,boundaries/in/wards/state=in_s12/ulb=802402/all.geojson,geojson,EPSG:4326,coord-precision-round,0.0001,24,24,0,,192331,src-a1dd899f902d,,
boundaries.in.wards.state=in_s12.ulb=802403,ward,S12,,802403,boundaries/in/wards/state=in_s12/ulb=802403/all.geojson,geojson,EPSG:4326,coord-precision-round,0.0001,15,15,0,,43838,src-a1dd899f902d,,
boundaries.in.wards.state=in_s12.ulb=802404,ward,S12,,802404,boundaries/in/wards/state=in_s12/ulb=802404/all.geojson,geojson,EPSG:4326,coord-precision-round,0.0001,15,15,0,,56064,src-a1dd899f902d,,
boundaries.in.wards.state=in_s12.ulb=802405,ward,S12,,802405,boundaries/in/wards/state=in_s12/ulb=802405/all.geojson,geojson,EPSG:4326,coord-precision-round,0.0001,15,15,0,,50953,src-a1dd899f902d,,
boundaries.in.wards.state=in_s12.ulb=802406,ward,S12,,802406,boundaries/in/wards/state=in_s12/ulb=802406/all.geojson,geojson,EPSG:4326,coord-precision-round,0.0001,15,15,0,,68559,src-a1dd899f902d,,
boundaries.in.wards.state=in_s12.ulb=802407,ward,S12,,802407,boundaries/in/wards/state=in_s12/ulb=802407/all.geojson,geojson,EPSG:4326,coord-precision-round,0.0001,21,21,0,,150764,src-a1dd899f902d,,
boundaries.in.wards.state=in_s12.ulb=802408,ward,S12,,802408,boundaries/in/wards/state=in_s12/ulb=802408/all.geojson,geojson,EPSG:4326,coord-precision-round,0.0001,23,23,0,,116647,src-a1dd899f902d,,
boundaries.in.wards.state=in_s12.ulb=802409,ward,S12,,802409,boundaries/in/wards/state=in_s12/ulb=802409/all.geojson,geojson,EPSG:4326,coord-precision-round,0.0001,15,15,0,,42793,src-a1dd899f902d,,
boundaries.in.wards.state=in_s12.ulb=802410,ward,S12,,802410,boundaries/in/wards/state=in_s12/ulb=802410/all.geojson,geojson,EPSG:4326,coord-precision-round,0.0001,15,15,0,,13453,src-a1dd899f902d,,
boundaries.in.wards.state=in_s12.ulb=802411,ward,S12,,802411,boundaries/in/wards/state=in_s12/ulb=802411/all.geojson,geojson,EPSG:4326,coord-precision-round,0.0001,15,15,0,,16701,src-a1dd899f902d,,
boundaries.in.wards.state=in_s12.ulb=802412,ward,S12,,802412,boundaries/in/wards/state=in_s12/ulb=802412/all.geojson,geojson,EPSG:4326,coord-precision-round,0.0001,15,15,0,,14364,src-a1dd899f902d,,
boundaries.in.wards.state=in_s12.ulb=802413,ward,S12,,802413,boundaries/in/wards/state=in_s12/ulb=802413/all.geojson,geojson,EPSG:4326,coord-precision-round,0.0001,39,39,0,,118632,src-a1dd899f902d,,
boundaries.in.wards.state=in_s12.ulb=802414,ward,S12,,802414,boundaries/in/wards/state=in_s12/ulb=802414/all.geojson,geojson,EPSG:4326,coord-precision-round,0.0001,15,15,0,,45342,src-a1dd899f902d,,
boundaries.in.wards.state=in_s12.ulb=802415,ward,S12,,802415,boundaries/in/wards/state=in_s12/ulb=802415/all.geojson,geojson,EPSG:4326,coord-precision-round,0.0001,24,24,0,,34365,src-a1dd899f902d,,
boundaries.in.wards.state=in_s12.ulb=802416,ward,S12,,802416,boundaries/in/wards/state=in_s12/ulb=802416/all.geojson,geojson,EPSG:4326,coord-precision-round,0.0001,15,15,0,,78919,src-a1dd899f902d,,
boundaries.in.wards.state=in_s12.ulb=802417,ward,S12,,802417,boundaries/in/wards/state=in_s12/ulb=802417/all.geojson,geojson,EPSG:4326,coord-precision-round,0.0001,15,15,0,,71201,src-a1dd899f902d,,
boundaries.in.wards.state=in_s12.ulb=802418,ward,S12,,802418,boundaries/in/wards/state=in_s12/ulb=802418/all.geojson,geojson,EPSG:4326,coord-precision-round,0.0001,18,18,0,,87829,src-a1dd899f902d,,
boundaries.in.wards.state=in_s12.ulb=802419,ward,S12,,802419,boundaries/in/wards/state=in_s12/ulb=802419/all.geojson,geojson,EPSG:4326,coord-precision-round,0.0001,15,15,0,,100144,src-a1dd899f902d,,
boundaries.in.wards.state=in_s12.ulb=802420,ward,S12,,802420,boundaries/in/wards/state=in_s12/ulb=802420/all.geojson,geojson,EPSG:4326,coord-precision-round,0.0001,15,15,0,,16315,src-a1dd899f902d,,
boundaries.in.wards.state=in_s12.ulb=802421,ward,S12,,802421,boundaries/in/wards/state=in_s12/ulb=802421/all.geojson,geojson,EPSG:4326,coord-precision-round,0.0001,15,15,0,,15779,src-a1dd899f902d,,
boundaries.in.wards.state=in_s12.ulb=802422,ward,S12,,802422,boundaries/in/wards/state=in_s12/ulb=802422/all.geojson,geojson,EPSG:4326,coord-precision-round,0.0001,15,15,0,,51158,src-a1dd899f902d,,
boundaries.in.wards.state=in_s12.ulb=802423,ward,S12,,802423,boundaries/in/wards/state=in_s12/ulb=802423/all.geojson,geojson,EPSG:4326,coord-precision-round,0.0001,15,15,0,,76210,src-a1dd899f902d,,
boundaries.in.wards.state=in_s12.ulb=802424,ward,S12,,802424,boundaries/in/wards/state=in_s12/ulb=802424/all.geojson,geojson,EPSG:4326,coord-precision-round,0.0001,24,24,0,,170947,src-a1dd899f902d,,
boundaries.in.wards.state=in_s12.ulb=802425,ward,S12,,802425,boundaries/in/wards/state=in_s12/ulb=802425/all.geojson,geojson,EPSG:4326,coord-precision-round,0.0001,15,15,0,,60153,src-a1dd899f902d,,
boundaries.in.wards.state=in_s12.ulb=802426,ward,S12,,802426,boundaries/in/wards/state=in_s12/ulb=802426/all.geojson,geojson,EPSG:4326,coord-precision-round,0.0001,45,45,0,,375835,src-a1dd899f902d,,
boundaries.in.wards.state=in_s12.ulb=802427,ward,S12,,802427,boundaries/in/wards/state=in_s12/ulb=802427/all.geojson,geojson,EPSG:4326,coord-precision-round,0.0001,15,15,0,,58329,src-a1dd899f902d,,
boundaries.in.wards.state=in_s12.ulb=802428,ward,S12,,802428,boundaries/in/wards/state=in_s12/ulb=802428/all.geojson,geojson,EPSG:4326,coord-precision-round,0.0001,15,15,0,,49330,src-a1dd899f902d,,
boundaries.in.wards.state=in_s12.ulb=802429,ward,S12,,802429,boundaries/in/wards/state=in_s12/ulb=802429/all.geojson,geojson,EPSG:4326,coord-precision-round,0.0001,18,18,0,,74116,src-a1dd899f902d,,
boundaries.in.wards.state=in_s12.ulb=802430,ward,S12,,802430,boundaries/in/wards/state=in_s12/ulb=802430/all.geojson,geojson,EPSG:4326,coord-precision-round,0.0001,15,15,0,,52305,src-a1dd899f902d,,
boundaries.in.wards.state=in_s12.ulb=802431,ward,S12,,802431,boundaries/in/wards/state=in_s12/ulb=802431/all.geojson,geojson,EPSG:4326,coord-precision-round,0.0001,14,14,0,,59125,src-a1dd899f902d,,
boundaries.in.wards.state=in_s12.ulb=802432,ward,S12,,802432,boundaries/in/wards/state=in_s12/ulb=802432/all.geojson,geojson,EPSG:4326,coord-precision-round,0.0001,15,15,0,,20600,src-a1dd899f902d,,
boundaries.in.wards.state=in_s12.ulb=802433,ward,S12,,802433,boundaries/in/wards/state=in_s12/ulb=802433/all.geojson,geojson,EPSG:4326,coord-precision-round,0.0001,18,18,0,,43514,src-a1dd899f902d,,
boundaries.in.wards.state=in_s12.ulb=802434,ward,S12,,802434,boundaries/in/wards/state=in_s12/ulb=802434/all.geojson,geojson,EPSG:4326,coord-precision-round,0.0001,15,15,0,,24108,src-a1dd899f902d,,
boundaries.in.wards.state=in_s12.ulb=802435,ward,S12,,802435,boundaries/in/wards/state=in_s12/ulb=802435/all.geojson,geojson,EPSG:4326,coord-precision-round,0.0001,52,52,0,,174503,src-a1dd899f902d,,
boundaries.in.wards.state=in_s12.ulb=802437,ward,S12,,802437,boundaries/in/wards/state=in_s12/ulb=802437/all.geojson,geojson,EPSG:4326,coord-precision-round,0.0001,15,15,0,,29541,src-a1dd899f902d,,
boundaries.in.wards.state=in_s12.ulb=802438,ward,S12,,802438,boundaries/in/wards/state=in_s12/ulb=802438/all.geojson,geojson,EPSG:4326,coord-precision-round,0.0001,14,14,0,,25523,src-a1dd899f902d,,
boundaries.in.wards.state=in_s12.ulb=802439,ward,S12,,802439,boundaries/in/wards/state=in_s12/ulb=802439/all.geojson,geojson,EPSG:4326,coord-precision-round,0.0001,47,47,0,,131185,src-a1dd899f902d,,
boundaries.in.wards.state=in_s12.ulb=802440,ward,S12,,802440,boundaries/in/wards/state=in_s12/ulb=802440/all.geojson,geojson,EPSG:4326,coord-precision-round,0.0001,15,15,0,,47471,src-a1dd899f902d,,
boundaries.in.wards.state=in_s12.ulb=802441,ward,S12,,802441,boundaries/in/wards/state=in_s12/ulb=802441/all.geojson,geojson,EPSG:4326,coord-precision-round,0.0001,24,24,0,,54363,src-a1dd899f902d,,
boundaries.in.wards.state=in_s12.ulb=900154,ward,S12,,900154,boundaries/in/wards/state=in_s12/ulb=900154/all.geojson,geojson,EPSG:4326,coord-precision-round,0.0001,15,15,0,,58163,src-a1dd899f902d,,
boundaries.in.wards.state=in_s12.ulb=900155,ward,S12,,900155,boundaries/in/wards/state=in_s12/ulb=900155/all.geojson,geojson,EPSG:4326,coord-precision-round,0.0001,15,15,0,,21808,src-a1dd899f902d,,
boundaries.in.wards.state=in_s12.ulb=900156,ward,S12,,900156,boundaries/in/wards/state=in_s12/ulb=900156/all.geojson,geojson,EPSG:4326,coord-precision-round,0.0001,15,15,0,,36672,src-a1dd899f902d,,
boundaries.in.wards.state=in_s12.ulb=900157,ward,S12,,900157,boundaries/in/wards/state=in_s12/ulb=900157/all.geojson,geojson,EPSG:4326,coord-precision-round,0.0001,15,15,0,,55203,src-a1dd899f902d,,
boundaries.in.wards.state=in_s12.ulb=900159,ward,S12,,900159,boundaries/in/wards/state=in_s12/ulb=900159/all.geojson,geojson,EPSG:4326,coord-precision-round,0.0001,15,15,0,,64847,src-a1dd899f902d,,
boundaries.in.wards.state=in_s12.ulb=900160,ward,S12,,900160,boundaries/in/wards/state=in_s12/ulb=900160/all.geojson,geojson,EPSG:4326,coord-precision-round,0.0001,15,15,0,,61870,src-a1dd899f902d,,
boundaries.in.wards.state=in_s12.ulb=900161,ward,S12,,900161,boundaries/in/wards/state=in_s12/ulb=900161/all.geojson,geojson,EPSG:4326,coord-precision-round,0.0001,15,15,0,,26673,src-a1dd899f902d,,
boundaries.in.wards.state=in_s12.ulb=900162,ward,S12,,900162,boundaries/in/wards/state=in_s12/ulb=900162/all.geojson,geojson,EPSG:4326,coord-precision-round,0.0001,15,15,0,,16929,src-a1dd899f902d,,
boundaries.in.wards.state=in_s12.ulb=900164,ward,S12,,900164,boundaries/in/wards/state=in_s12/ulb=900164/all.geojson,geojson,EPSG:4326,coord-precision-round,0.0001,15,15,0,,91623,src-a1dd899f902d,,
boundaries.in.wards.state=in_s12.ulb=900165,ward,S12,,900165,boundaries/in/wards/state=in_s12/ulb=900165/all.geojson,geojson,EPSG:4326,coord-precision-round,0.0001,15,15,0,,90840,src-a1dd899f902d,,
boundaries.in.wards.state=in_s12.ulb=900166,ward,S12,,900166,boundaries/in/wards/state=in_s12/ulb=900166/all.geojson,geojson,EPSG:4326,coord-precision-round,0.0001,15,15,0,,24577,src-a1dd899f902d,,
boundaries.in.wards.state=in_s12.ulb=900167,ward,S12,,900167,boundaries/in/wards/state=in_s12/ulb=900167/all.geojson,geojson,EPSG:4326,coord-precision-round,0.0001,15,15,0,,51017,src-a1dd899f902d,,
boundaries.in.wards.state=in_s12.ulb=900168,ward,S12,,900168,boundaries/in/wards/state=in_s12/ulb=900168/all.geojson,geojson,EPSG:4326,coord-precision-round,0.0001,15,15,0,,79589,src-a1dd899f902d,,
boundaries.in.wards.state=in_s12.ulb=900169,ward,S12,,900169,boundaries/in/wards/state=in_s12/ulb=900169/all.geojson,geojson,EPSG:4326,coord-precision-round,0.0001,15,15,0,,17495,src-a1dd899f902d,,
boundaries.in.wards.state=in_s12.ulb=900170,ward,S12,,900170,boundaries/in/wards/state=in_s12/ulb=900170/all.geojson,geojson,EPSG:4326,coord-precision-round,0.0001,15,15,0,,13955,src-a1dd899f902d,,
boundaries.in.wards.state=in_s12.ulb=900171,ward,S12,,900171,boundaries/in/wards/state=in_s12/ulb=900171/all.geojson,geojson,EPSG:4326,coord-precision-round,0.0001,15,15,0,,39645,src-a1dd899f902d,,
boundaries.in.wards.state=in_s12.ulb=900172,ward,S12,,900172,boundaries/in/wards/state=in_s12/ulb=900172/all.geojson,geojson,EPSG:4326,coord-precision-round,0.0001,18,18,0,,80717,src-a1dd899f902d,,
boundaries.in.wards.state=in_s12.ulb=900680,ward,S12,,900680,boundaries/in/wards/state=in_s12/ulb=900680/all.geojson,geojson,EPSG:4326,coord-precision-round,0.0001,15,15,0,,13681,src-a1dd899f902d,,
boundaries.in.wards.state=in_s12.ulb=900681,ward,S12,,900681,boundaries/in/wards/state=in_s12/ulb=900681/all.geojson,geojson,EPSG:4326,coord-precision-round,0.0001,15,15,0,,14670,src-a1dd899f902d,,
boundaries.in.wards.state=in_s12.ulb=900682,ward,S12,,900682,boundaries/in/wards/state=in_s12/ulb=900682/all.geojson,geojson,EPSG:4326,coord-precision-round,0.0001,16,16,0,,38760,src-a1dd899f902d,,
boundaries.in.wards.state=in_s12.ulb=900683,ward,S12,,900683,boundaries/in/wards/state=in_s12/ulb=900683/all.geojson,geojson,EPSG:4326,coord-precision-round,0.0001,15,15,0,,14233,src-a1dd899f902d,,
boundaries.in.wards.state=in_s12.ulb=900684,ward,S12,,900684,boundaries/in/wards/state=in_s12/ulb=900684/all.geojson,geojson,EPSG:4326,coord-precision-round,0.0001,15,15,0,,16889,src-a1dd899f902d,,
boundaries.in.wards.state=in_s12.ulb=900685,ward,S12,,900685,boundaries/in/wards/state=in_s12/ulb=900685/all.geojson,geojson,EPSG:4326,coord-precision-round,0.0001,15,15,0,,17068,src-a1dd899f902d,,
boundaries.in.wards.state=in_s12.ulb=900686,ward,S12,,900686,boundaries/in/wards/state=in_s12/ulb=900686/all.geojson,geojson,EPSG:4326,coord-precision-round,0.0001,15,15,0,,13421,src-a1dd899f902d,,
boundaries.in.wards.state=in_s12.ulb=900687,ward,S12,,900687,boundaries/in/wards/state=in_s12/ulb=900687/all.geojson,geojson,EPSG:4326,coord-precision-round,0.0001,15,15,0,,12809,src-a1dd899f902d,,
boundaries.in.wards.state=in_s12.ulb=900688,ward,S12,,900688,boundaries/in/wards/state=in_s12/ulb=900688/all.geojson,geojson,EPSG:4326,coord-precision-round,0.0001,15,15,0,,106890,src-a1dd899f902d,,
boundaries.in.wards.state=in_s12.ulb=900689,ward,S12,,900689,boundaries/in/wards/state=in_s12/ulb=900689/all.geojson,geojson,EPSG:4326,coord-precision-round,0.0001,15,15,0,,136435,src-a1dd899f902d,,
boundaries.in.wards.state=in_s12.ulb=900690,ward,S12,,900690,boundaries/in/wards/state=in_s12/ulb=900690/all.geojson,geojson,EPSG:4326,coord-precision-round,0.0001,15,15,0,,13158,src-a1dd899f902d,,
boundaries.in.wards.state=in_s12.ulb=900691,ward,S12,,900691,boundaries/in/wards/state=in_s12/ulb=900691/all.geojson,geojson,EPSG:4326,coord-precision-round,0.0001,15,15,0,,29396,src-a1dd899f902d,,
boundaries.in.wards.state=in_s12.ulb=900692,ward,S12,,900692,boundaries/in/wards/state=in_s12/ulb=900692/all.geojson,geojson,EPSG:4326,coord-precision-round,0.0001,15,15,0,,17436,src-a1dd899f902d,,
boundaries.in.wards.state=in_s12.ulb=900693,ward,S12,,900693,boundaries/in/wards/state=in_s12/ulb=900693/all.geojson,geojson,EPSG:4326,coord-precision-round,0.0001,15,15,0,,17671,src-a1dd899f902d,,
boundaries.in.wards.state=in_s12.ulb=900694,ward,S12,,900694,boundaries/in/wards/state=in_s12/ulb=900694/all.geojson,geojson,EPSG:4326,coord-precision-round,0.0001,15,15,0,,15729,src-a1dd899f902d,,
boundaries.in.wards.state=in_s12.ulb=900695,ward,S12,,900695,boundaries/in/wards/state=in_s12/ulb=900695/all.geojson,geojson,EPSG:4326,coord-precision-round,0.0001,15,15,0,,12096,src-a1dd899f902d,,
boundaries.in.wards.state=in_s12.ulb=900703,ward,S12,,900703,boundaries/in/wards/state=in_s12/ulb=900703/all.geojson,geojson,EPSG:4326,coord-precision-round,0.0001,15,15,0,,47110,src-a1dd899f902d,,
boundaries.in.wards.state=in_s13.ulb=802640,ward,S13,,802640,boundaries/in/wards/state=in_s13/ulb=802640/all.geojson,geojson,EPSG:4326,coord-precision-round,0.0001,9,9,0,,12289,src-a1dd899f902d,,
boundaries.in.wards.state=in_s13.ulb=802641,ward,S13,,802641,boundaries/in/wards/state=in_s13/ulb=802641/all.geojson,geojson,EPSG:4326,coord-precision-round,0.0001,13,13,0,,28778,src-a1dd899f902d,,
boundaries.in.wards.state=in_s13.ulb=802642,ward,S13,,802642,boundaries/in/wards/state=in_s13/ulb=802642/all.geojson,geojson,EPSG:4326,coord-precision-round,0.0001,19,19,0,,39647,src-a1dd899f902d,,
boundaries.in.wards.state=in_s13.ulb=802643,ward,S13,,802643,boundaries/in/wards/state=in_s13/ulb=802643/all.geojson,geojson,EPSG:4326,coord-precision-round,0.0001,10,10,0,,38963,src-a1dd899f902d,,
boundaries.in.wards.state=in_s13.ulb=802644,ward,S13,,802644,boundaries/in/wards/state=in_s13/ulb=802644/all.geojson,geojson,EPSG:4326,coord-precision-round,0.0001,15,15,0,,36560,src-a1dd899f902d,,
boundaries.in.wards.state=in_s13.ulb=802645,ward,S13,,802645,boundaries/in/wards/state=in_s13/ulb=802645/all.geojson,geojson,EPSG:4326,coord-precision-round,0.0001,12,12,0,,13017,src-a1dd899f902d,,
boundaries.in.wards.state=in_s13.ulb=802646,ward,S13,,802646,boundaries/in/wards/state=in_s13/ulb=802646/all.geojson,geojson,EPSG:4326,coord-precision-round,0.0001,19,19,0,,41421,src-a1dd899f902d,,
boundaries.in.wards.state=in_s13.ulb=802647,ward,S13,,802647,boundaries/in/wards/state=in_s13/ulb=802647/all.geojson,geojson,EPSG:4326,coord-precision-round,0.0001,14,14,0,,44743,src-a1dd899f902d,,
boundaries.in.wards.state=in_s13.ulb=802648,ward,S13,,802648,boundaries/in/wards/state=in_s13/ulb=802648/all.geojson,geojson,EPSG:4326,coord-precision-round,0.0001,10,10,0,,27262,src-a1dd899f902d,,
boundaries.in.wards.state=in_s13.ulb=802649,ward,S13,,802649,boundaries/in/wards/state=in_s13/ulb=802649/all.geojson,geojson,EPSG:4326,coord-precision-round,0.0001,8,8,0,,17965,src-a1dd899f902d,,
boundaries.in.wards.state=in_s13.ulb=802650,ward,S13,,802650,boundaries/in/wards/state=in_s13/ulb=802650/all.geojson,geojson,EPSG:4326,coord-precision-round,0.0001,8,8,0,,19607,src-a1dd899f902d,,
boundaries.in.wards.state=in_s13.ulb=802651,ward,S13,,802651,boundaries/in/wards/state=in_s13/ulb=802651/all.geojson,geojson,EPSG:4326,coord-precision-round,0.0001,8,8,0,,20705,src-a1dd899f902d,,
boundaries.in.wards.state=in_s13.ulb=802652,ward,S13,,802652,boundaries/in/wards/state=in_s13/ulb=802652/all.geojson,geojson,EPSG:4326,coord-precision-round,0.0001,24,24,0,,33552,src-a1dd899f902d,,
boundaries.in.wards.state=in_s13.ulb=802653,ward,S13,,802653,boundaries/in/wards/state=in_s13/ulb=802653/all.geojson,geojson,EPSG:4326,coord-precision-round,0.0001,20,20,0,,45509,src-a1dd899f902d,,
boundaries.in.wards.state=in_s13.ulb=802654,ward,S13,,802654,boundaries/in/wards/state=in_s13/ulb=802654/all.geojson,geojson,EPSG:4326,coord-precision-round,0.0001,10,10,0,,27978,src-a1dd899f902d,,
boundaries.in.wards.state=in_s13.ulb=802655,ward,S13,,802655,boundaries/in/wards/state=in_s13/ulb=802655/all.geojson,geojson,EPSG:4326,coord-precision-round,0.0001,10,10,0,,14639,src-a1dd899f902d,,
boundaries.in.wards.state=in_s13.ulb=802656,ward,S13,,802656,boundaries/in/wards/state=in_s13/ulb=802656/all.geojson,geojson,EPSG:4326,coord-precision-round,0.0001,17,17,0,,32212,src-a1dd899f902d,,
boundaries.in.wards.state=in_s13.ulb=802657,ward,S13,,802657,boundaries/in/wards/state=in_s13/ulb=802657/all.geojson,geojson,EPSG:4326,coord-precision-round,0.0001,10,10,0,,13742,src-a1dd899f902d,,
boundaries.in.wards.state=in_s13.ulb=802658,ward,S13,,802658,boundaries/in/wards/state=in_s13/ulb=802658/all.geojson,geojson,EPSG:4326,coord-precision-round,0.0001,5,5,0,,42587,src-a1dd899f902d,,
boundaries.in.wards.state=in_s13.ulb=802659,ward,S13,,802659,boundaries/in/wards/state=in_s13/ulb=802659/all.geojson,geojson,EPSG:4326,coord-precision-round,0.0001,17,17,0,,26519,src-a1dd899f902d,,
boundaries.in.wards.state=in_s13.ulb=802660,ward,S13,,802660,boundaries/in/wards/state=in_s13/ulb=802660/all.geojson,geojson,EPSG:4326,coord-precision-round,0.0001,13,13,0,,24927,src-a1dd899f902d,,
boundaries.in.wards.state=in_s13.ulb=802661,ward,S13,,802661,boundaries/in/wards/state=in_s13/ulb=802661/all.geojson,geojson,EPSG:4326,coord-precision-round,0.0001,12,12,0,,41249,src-a1dd899f902d,,
boundaries.in.wards.state=in_s13.ulb=802662,ward,S13,,802662,boundaries/in/wards/state=in_s13/ulb=802662/all.geojson,geojson,EPSG:4326,coord-precision-round,0.0001,9,9,0,,17125,src-a1dd899f902d,,
boundaries.in.wards.state=in_s13.ulb=802663,ward,S13,,802663,boundaries/in/wards/state=in_s13/ulb=802663/all.geojson,geojson,EPSG:4326,coord-precision-round,0.0001,28,28,0,,44195,src-a1dd899f902d,,
boundaries.in.wards.state=in_s13.ulb=802664,ward,S13,,802664,boundaries/in/wards/state=in_s13/ulb=802664/all.geojson,geojson,EPSG:4326,coord-precision-round,0.0001,11,11,0,,26784,src-a1dd899f902d,,
boundaries.in.wards.state=in_s13.ulb=802665,ward,S13,,802665,boundaries/in/wards/state=in_s13/ulb=802665/all.geojson,geojson,EPSG:4326,coord-precision-round,0.0001,14,14,0,,19561,src-a1dd899f902d,,
boundaries.in.wards.state=in_s13.ulb=802666,ward,S13,,802666,boundaries/in/wards/state=in_s13/ulb=802666/all.geojson,geojson,EPSG:4326,coord-precision-round,0.0001,16,16,0,,46841,src-a1dd899f902d,,
boundaries.in.wards.state=in_s13.ulb=802667,ward,S13,,802667,boundaries/in/wards/state=in_s13/ulb=802667/all.geojson,geojson,EPSG:4326,coord-precision-round,0.0001,21,21,0,,28488,src-a1dd899f902d,,
boundaries.in.wards.state=in_s13.ulb=802668,ward,S13,,802668,boundaries/in/wards/state=in_s13/ulb=802668/all.geojson,geojson,EPSG:4326,coord-precision-round,0.0001,21,21,0,,20448,src-a1dd899f902d,,
boundaries.in.wards.state=in_s13.ulb=802669,ward,S13,,802669,boundaries/in/wards/state=in_s13/ulb=802669/all.geojson,geojson,EPSG:4326,coord-precision-round,0.0001,28,28,0,,28148,src-a1dd899f902d,,
boundaries.in.wards.state=in_s13.ulb=802670,ward,S13,,802670,boundaries/in/wards/state=in_s13/ulb=802670/all.geojson,geojson,EPSG:4326,coord-precision-round,0.0001,9,9,0,,19052,src-a1dd899f902d,,
boundaries.in.wards.state=in_s13.ulb=802671,ward,S13,,802671,boundaries/in/wards/state=in_s13/ulb=802671/all.geojson,geojson,EPSG:4326,coord-precision-round,0.0001,17,17,0,,22246,src-a1dd899f902d,,
boundaries.in.wards.state=in_s13.ulb=802672,ward,S13,,802672,boundaries/in/wards/state=in_s13/ulb=802672/all.geojson,geojson,EPSG:4326,coord-precision-round,0.0001,8,8,0,,22320,src-a1dd899f902d,,
boundaries.in.wards.state=in_s13.ulb=802673,ward,S13,,802673,boundaries/in/wards/state=in_s13/ulb=802673/all.geojson,geojson,EPSG:4326,coord-precision-round,0.0001,8,8,0,,12974,src-a1dd899f902d,,
boundaries.in.wards.state=in_s13.ulb=802674,ward,S13,,802674,boundaries/in/wards/state=in_s13/ulb=802674/all.geojson,geojson,EPSG:4326,coord-precision-round,0.0001,16,16,0,,37123,src-a1dd899f902d,,
boundaries.in.wards.state=in_s13.ulb=802675,ward,S13,,802675,boundaries/in/wards/state=in_s13/ulb=802675/all.geojson,geojson,EPSG:4326,coord-precision-round,0.0001,11,11,0,,15854,src-a1dd899f902d,,
boundaries.in.wards.state=in_s13.ulb=802676,ward,S13,,802676,boundaries/in/wards/state=in_s13/ulb=802676/all.geojson,geojson,EPSG:4326,coord-precision-round,0.0001,20,20,0,,41419,src-a1dd899f902d,,
boundaries.in.wards.state=in_s13.ulb=802677,ward,S13,,802677,boundaries/in/wards/state=in_s13/ulb=802677/all.geojson,geojson,EPSG:4326,coord-precision-round,0.0001,21,21,0,,20423,src-a1dd899f902d,,
boundaries.in.wards.state=in_s13.ulb=802678,ward,S13,,802678,boundaries/in/wards/state=in_s13/ulb=802678/all.geojson,geojson,EPSG:4326,coord-precision-round,0.0001,8,8,0,,12520,src-a1dd899f902d,,
boundaries.in.wards.state=in_s13.ulb=802679,ward,S13,,802679,boundaries/in/wards/state=in_s13/ulb=802679/all.geojson,geojson,EPSG:4326,coord-precision-round,0.0001,22,22,0,,25669,src-a1dd899f902d,,
boundaries.in.wards.state=in_s13.ulb=802680,ward,S13,,802680,boundaries/in/wards/state=in_s13/ulb=802680/all.geojson,geojson,EPSG:4326,coord-precision-round,0.0001,14,14,0,,24413,src-a1dd899f902d,,
boundaries.in.wards.state=in_s13.ulb=802681,ward,S13,,802681,boundaries/in/wards/state=in_s13/ulb=802681/all.geojson,geojson,EPSG:4326,coord-precision-round,0.0001,15,15,0,,23991,src-a1dd899f902d,,
boundaries.in.wards.state=in_s13.ulb=802682,ward,S13,,802682,boundaries/in/wards/state=in_s13/ulb=802682/all.geojson,geojson,EPSG:4326,coord-precision-round,0.0001,10,10,0,,15793,src-a1dd899f902d,,
boundaries.in.wards.state=in_s13.ulb=802683,ward,S13,,802683,boundaries/in/wards/state=in_s13/ulb=802683/all.geojson,geojson,EPSG:4326,coord-precision-round,0.0001,8,8,0,,7782,src-a1dd899f902d,,
boundaries.in.wards.state=in_s13.ulb=802684,ward,S13,,802684,boundaries/in/wards/state=in_s13/ulb=802684/all.geojson,geojson,EPSG:4326,coord-precision-round,0.0001,13,13,0,,23834,src-a1dd899f902d,,
boundaries.in.wards.state=in_s13.ulb=802685,ward,S13,,802685,boundaries/in/wards/state=in_s13/ulb=802685/all.geojson,geojson,EPSG:4326,coord-precision-round,0.0001,19,19,0,,31036,src-a1dd899f902d,,
boundaries.in.wards.state=in_s13.ulb=802686,ward,S13,,802686,boundaries/in/wards/state=in_s13/ulb=802686/all.geojson,geojson,EPSG:4326,coord-precision-round,0.0001,8,8,0,,11662,src-a1dd899f902d,,
boundaries.in.wards.state=in_s13.ulb=802687,ward,S13,,802687,boundaries/in/wards/state=in_s13/ulb=802687/all.geojson,geojson,EPSG:4326,coord-precision-round,0.0001,10,10,0,,12547,src-a1dd899f902d,,
boundaries.in.wards.state=in_s13.ulb=802688,ward,S13,,802688,boundaries/in/wards/state=in_s13/ulb=802688/all.geojson,geojson,EPSG:4326,coord-precision-round,0.0001,12,12,0,,28628,src-a1dd899f902d,,
boundaries.in.wards.state=in_s13.ulb=802689,ward,S13,,802689,boundaries/in/wards/state=in_s13/ulb=802689/all.geojson,geojson,EPSG:4326,coord-precision-round,0.0001,8,8,0,,26045,src-a1dd899f902d,,
boundaries.in.wards.state=in_s13.ulb=802690,ward,S13,,802690,boundaries/in/wards/state=in_s13/ulb=802690/all.geojson,geojson,EPSG:4326,coord-precision-round,0.0001,22,22,0,,47528,src-a1dd899f902d,,
boundaries.in.wards.state=in_s13.ulb=802691,ward,S13,,802691,boundaries/in/wards/state=in_s13/ulb=802691/all.geojson,geojson,EPSG:4326,coord-precision-round,0.0001,20,20,0,,23848,src-a1dd899f902d,,
boundaries.in.wards.state=in_s13.ulb=802692,ward,S13,,802692,boundaries/in/wards/state=in_s13/ulb=802692/all.geojson,geojson,EPSG:4326,coord-precision-round,0.0001,17,17,0,,20259,src-a1dd899f902d,,
boundaries.in.wards.state=in_s13.ulb=802693,ward,S13,,802693,boundaries/in/wards/state=in_s13/ulb=802693/all.geojson,geojson,EPSG:4326,coord-precision-round,0.0001,17,17,0,,58605,src-a1dd899f902d,,
boundaries.in.wards.state=in_s13.ulb=802694,ward,S13,,802694,boundaries/in/wards/state=in_s13/ulb=802694/all.geojson,geojson,EPSG:4326,coord-precision-round,0.0001,23,23,0,,32219,src-a1dd899f902d,,
boundaries.in.wards.state=in_s13.ulb=802695,ward,S13,,802695,boundaries/in/wards/state=in_s13/ulb=802695/all.geojson,geojson,EPSG:4326,coord-precision-round,0.0001,17,17,0,,22677,src-a1dd899f902d,,
boundaries.in.wards.state=in_s13.ulb=802696,ward,S13,,802696,boundaries/in/wards/state=in_s13/ulb=802696/all.geojson,geojson,EPSG:4326,coord-precision-round,0.0001,19,19,0,,24812,src-a1dd899f902d,,
boundaries.in.wards.state=in_s13.ulb=802697,ward,S13,,802697,boundaries/in/wards/state=in_s13/ulb=802697/all.geojson,geojson,EPSG:4326,coord-precision-round,0.0001,19,19,0,,19668,src-a1dd899f902d,,
boundaries.in.wards.state=in_s13.ulb=802698,ward,S13,,802698,boundaries/in/wards/state=in_s13/ulb=802698/all.geojson,geojson,EPSG:4326,coord-precision-round,0.0001,17,17,0,,18881,src-a1dd899f902d,,
boundaries.in.wards.state=in_s13.ulb=802699,ward,S13,,802699,boundaries/in/wards/state=in_s13/ulb=802699/all.geojson,geojson,EPSG:4326,coord-precision-round,0.0001,19,19,0,,21839,src-a1dd899f902d,,
boundaries.in.wards.state=in_s13.ulb=802700,ward,S13,,802700,boundaries/in/wards/state=in_s13/ulb=802700/all.geojson,geojson,EPSG:4326,coord-precision-round,0.0001,17,17,0,,19145,src-a1dd899f902d,,
boundaries.in.wards.state=in_s13.ulb=802701,ward,S13,,802701,boundaries/in/wards/state=in_s13/ulb=802701/all.geojson,geojson,EPSG:4326,coord-precision-round,0.0001,17,17,0,,30694,src-a1dd899f902d,,
boundaries.in.wards.state=in_s13.ulb=802702,ward,S13,,802702,boundaries/in/wards/state=in_s13/ulb=802702/all.geojson,geojson,EPSG:4326,coord-precision-round,0.0001,11,11,0,,27259,src-a1dd899f902d,,
boundaries.in.wards.state=in_s13.ulb=802703,ward,S13,,802703,boundaries/in/wards/state=in_s13/ulb=802703/all.geojson,geojson,EPSG:4326,coord-precision-round,0.0001,17,17,0,,30256,src-a1dd899f902d,,
boundaries.in.wards.state=in_s13.ulb=802704,ward,S13,,802704,boundaries/in/wards/state=in_s13/ulb=802704/all.geojson,geojson,EPSG:4326,coord-precision-round,0.0001,17,17,0,,37242,src-a1dd899f902d,,
boundaries.in.wards.state=in_s13.ulb=802705,ward,S13,,802705,boundaries/in/wards/state=in_s13/ulb=802705/all.geojson,geojson,EPSG:4326,coord-precision-round,0.0001,10,10,0,,18953,src-a1dd899f902d,,
boundaries.in.wards.state=in_s13.ulb=802706,ward,S13,,802706,boundaries/in/wards/state=in_s13/ulb=802706/all.geojson,geojson,EPSG:4326,coord-precision-round,0.0001,8,8,0,,17259,src-a1dd899f902d,,
boundaries.in.wards.state=in_s13.ulb=802707,ward,S13,,802707,boundaries/in/wards/state=in_s13/ulb=802707/all.geojson,geojson,EPSG:4326,coord-precision-round,0.0001,17,17,0,,41081,src-a1dd899f902d,,
boundaries.in.wards.state=in_s13.ulb=802708,ward,S13,,802708,boundaries/in/wards/state=in_s13/ulb=802708/all.geojson,geojson,EPSG:4326,coord-precision-round,0.0001,16,16,0,,29558,src-a1dd899f902d,,
boundaries.in.wards.state=in_s13.ulb=802709,ward,S13,,802709,boundaries/in/wards/state=in_s13/ulb=802709/all.geojson,geojson,EPSG:4326,coord-precision-round,0.0001,7,7,0,,14551,src-a1dd899f902d,,
boundaries.in.wards.state=in_s13.ulb=802710,ward,S13,,802710,boundaries/in/wards/state=in_s13/ulb=802710/all.geojson,geojson,EPSG:4326,coord-precision-round,0.0001,42,42,0,,86301,src-a1dd899f902d,,
boundaries.in.wards.state=in_s13.ulb=802711,ward,S13,,802711,boundaries/in/wards/state=in_s13/ulb=802711/all.geojson,geojson,EPSG:4326,coord-precision-round,0.0001,24,24,0,,42841,src-a1dd899f902d,,
boundaries.in.wards.state=in_s13.ulb=802712,ward,S13,,802712,boundaries/in/wards/state=in_s13/ulb=802712/all.geojson,geojson,EPSG:4326,coord-precision-round,0.0001,23,23,0,,23651,src-a1dd899f902d,,
boundaries.in.wards.state=in_s13.ulb=802713,ward,S13,,802713,boundaries/in/wards/state=in_s13/ulb=802713/all.geojson,geojson,EPSG:4326,coord-precision-round,0.0001,16,16,0,,19146,src-a1dd899f902d,,
boundaries.in.wards.state=in_s13.ulb=802714,ward,S13,,802714,boundaries/in/wards/state=in_s13/ulb=802714/all.geojson,geojson,EPSG:4326,coord-precision-round,0.0001,17,17,0,,22115,src-a1dd899f902d,,
boundaries.in.wards.state=in_s13.ulb=802715,ward,S13,,802715,boundaries/in/wards/state=in_s13/ulb=802715/all.geojson,geojson,EPSG:4326,coord-precision-round,0.0001,17,17,0,,45328,src-a1dd899f902d,,
boundaries.in.wards.state=in_s13.ulb=802716,ward,S13,,802716,boundaries/in/wards/state=in_s13/ulb=802716/all.geojson,geojson,EPSG:4326,coord-precision-round,0.0001,21,21,0,,123727,src-a1dd899f902d,,
boundaries.in.wards.state=in_s13.ulb=802717,ward,S13,,802717,boundaries/in/wards/state=in_s13/ulb=802717/all.geojson,geojson,EPSG:4326,coord-precision-round,0.0001,17,17,0,,28025,src-a1dd899f902d,,
boundaries.in.wards.state=in_s13.ulb=802718,ward,S13,,802718,boundaries/in/wards/state=in_s13/ulb=802718/all.geojson,geojson,EPSG:4326,coord-precision-round,0.0001,23,23,0,,40837,src-a1dd899f902d,,
boundaries.in.wards.state=in_s13.ulb=802719,ward,S13,,802719,boundaries/in/wards/state=in_s13/ulb=802719/all.geojson,geojson,EPSG:4326,coord-precision-round,0.0001,24,24,0,,40115,src-a1dd899f902d,,
boundaries.in.wards.state=in_s13.ulb=802720,ward,S13,,802720,boundaries/in/wards/state=in_s13/ulb=802720/all.geojson,geojson,EPSG:4326,coord-precision-round,0.0001,10,10,0,,18269,src-a1dd899f902d,,
boundaries.in.wards.state=in_s13.ulb=802721,ward,S13,,802721,boundaries/in/wards/state=in_s13/ulb=802721/all.geojson,geojson,EPSG:4326,coord-precision-round,0.0001,11,11,0,,22471,src-a1dd899f902d,,
boundaries.in.wards.state=in_s13.ulb=802722,ward,S13,,802722,boundaries/in/wards/state=in_s13/ulb=802722/all.geojson,geojson,EPSG:4326,coord-precision-round,0.0001,17,17,0,,46349,src-a1dd899f902d,,
boundaries.in.wards.state=in_s13.ulb=802723,ward,S13,,802723,boundaries/in/wards/state=in_s13/ulb=802723/all.geojson,geojson,EPSG:4326,coord-precision-round,0.0001,17,17,0,,39032,src-a1dd899f902d,,
boundaries.in.wards.state=in_s13.ulb=802724,ward,S13,,802724,boundaries/in/wards/state=in_s13/ulb=802724/all.geojson,geojson,EPSG:4326,coord-precision-round,0.0001,32,32,0,,71274,src-a1dd899f902d,,
boundaries.in.wards.state=in_s13.ulb=802725,ward,S13,,802725,boundaries/in/wards/state=in_s13/ulb=802725/all.geojson,geojson,EPSG:4326,coord-precision-round,0.0001,17,17,0,,24398,src-a1dd899f902d,,
boundaries.in.wards.state=in_s13.ulb=802726,ward,S13,,802726,boundaries/in/wards/state=in_s13/ulb=802726/all.geojson,geojson,EPSG:4326,coord-precision-round,0.0001,9,9,0,,14697,src-a1dd899f902d,,
boundaries.in.wards.state=in_s13.ulb=802727,ward,S13,,802727,boundaries/in/wards/state=in_s13/ulb=802727/all.geojson,geojson,EPSG:4326,coord-precision-round,0.0001,28,28,0,,60680,src-a1dd899f902d,,
boundaries.in.wards.state=in_s13.ulb=802728,ward,S13,,802728,boundaries/in/wards/state=in_s13/ulb=802728/all.geojson,geojson,EPSG:4326,coord-precision-round,0.0001,10,10,0,,16301,src-a1dd899f902d,,
boundaries.in.wards.state=in_s13.ulb=802729,ward,S13,,802729,boundaries/in/wards/state=in_s13/ulb=802729/all.geojson,geojson,EPSG:4326,coord-precision-round,0.0001,11,11,0,,19951,src-a1dd899f902d,,
boundaries.in.wards.state=in_s13.ulb=802730,ward,S13,,802730,boundaries/in/wards/state=in_s13/ulb=802730/all.geojson,geojson,EPSG:4326,coord-precision-round,0.0001,14,14,0,,28563,src-a1dd899f902d,,
boundaries.in.wards.state=in_s13.ulb=802731,ward,S13,,802731,boundaries/in/wards/state=in_s13/ulb=802731/all.geojson,geojson,EPSG:4326,coord-precision-round,0.0001,24,24,0,,37997,src-a1dd899f902d,,
boundaries.in.wards.state=in_s13.ulb=802732,ward,S13,,802732,boundaries/in/wards/state=in_s13/ulb=802732/all.geojson,geojson,EPSG:4326,coord-precision-round,0.0001,17,17,0,,21036,src-a1dd899f902d,,
boundaries.in.wards.state=in_s13.ulb=802733,ward,S13,,802733,boundaries/in/wards/state=in_s13/ulb=802733/all.geojson,geojson,EPSG:4326,coord-precision-round,0.0001,9,9,0,,11519,src-a1dd899f902d,,
boundaries.in.wards.state=in_s13.ulb=802734,ward,S13,,802734,boundaries/in/wards/state=in_s13/ulb=802734/all.geojson,geojson,EPSG:4326,coord-precision-round,0.0001,13,13,0,,25968,src-a1dd899f902d,,
boundaries.in.wards.state=in_s13.ulb=802735,ward,S13,,802735,boundaries/in/wards/state=in_s13/ulb=802735/all.geojson,geojson,EPSG:4326,coord-precision-round,0.0001,18,18,0,,18796,src-a1dd899f902d,,
boundaries.in.wards.state=in_s13.ulb=802736,ward,S13,,802736,boundaries/in/wards/state=in_s13/ulb=802736/all.geojson,geojson,EPSG:4326,coord-precision-round,0.0001,8,8,0,,22752,src-a1dd899f902d,,
boundaries.in.wards.state=in_s13.ulb=802737,ward,S13,,802737,boundaries/in/wards/state=in_s13/ulb=802737/all.geojson,geojson,EPSG:4326,coord-precision-round,0.0001,20,20,0,,33530,src-a1dd899f902d,,
boundaries.in.wards.state=in_s13.ulb=802738,ward,S13,,802738,boundaries/in/wards/state=in_s13/ulb=802738/all.geojson,geojson,EPSG:4326,coord-precision-round,0.0001,8,8,0,,14538,src-a1dd899f902d,,
boundaries.in.wards.state=in_s13.ulb=802739,ward,S13,,802739,boundaries/in/wards/state=in_s13/ulb=802739/all.geojson,geojson,EPSG:4326,coord-precision-round,0.0001,19,19,0,,18056,src-a1dd899f902d,,
boundaries.in.wards.state=in_s13.ulb=802740,ward,S13,,802740,boundaries/in/wards/state=in_s13/ulb=802740/all.geojson,geojson,EPSG:4326,coord-precision-round,0.0001,17,17,0,,15767,src-a1dd899f902d,,
boundaries.in.wards.state=in_s13.ulb=802741,ward,S13,,802741,boundaries/in/wards/state=in_s13/ulb=802741/all.geojson,geojson,EPSG:4326,coord-precision-round,0.0001,9,9,0,,19375,src-a1dd899f902d,,
boundaries.in.wards.state=in_s13.ulb=802743,ward,S13,,802743,boundaries/in/wards/state=in_s13/ulb=802743/all.geojson,geojson,EPSG:4326,coord-precision-round,0.0001,8,8,0,,16554,src-a1dd899f902d,,
boundaries.in.wards.state=in_s13.ulb=802744,ward,S13,,802744,boundaries/in/wards/state=in_s13/ulb=802744/all.geojson,geojson,EPSG:4326,coord-precision-round,0.0001,8,8,0,,9378,src-a1dd899f902d,,
boundaries.in.wards.state=in_s13.ulb=802745,ward,S13,,802745,boundaries/in/wards/state=in_s13/ulb=802745/all.geojson,geojson,EPSG:4326,coord-precision-round,0.0001,8,8,0,,22958,src-a1dd899f902d,,
boundaries.in.wards.state=in_s13.ulb=802746,ward,S13,,802746,boundaries/in/wards/state=in_s13/ulb=802746/all.geojson,geojson,EPSG:4326,coord-precision-round,0.0001,8,8,0,,11618,src-a1dd899f902d,,
boundaries.in.wards.state=in_s13.ulb=802747,ward,S13,,802747,boundaries/in/wards/state=in_s13/ulb=802747/all.geojson,geojson,EPSG:4326,coord-precision-round,0.0001,12,12,0,,41985,src-a1dd899f902d,,
boundaries.in.wards.state=in_s13.ulb=802748,ward,S13,,802748,boundaries/in/wards/state=in_s13/ulb=802748/all.geojson,geojson,EPSG:4326,coord-precision-round,0.0001,16,16,0,,26827,src-a1dd899f902d,,
boundaries.in.wards.state=in_s13.ulb=802749,ward,S13,,802749,boundaries/in/wards/state=in_s13/ulb=802749/all.geojson,geojson,EPSG:4326,coord-precision-round,0.0001,8,8,0,,12782,src-a1dd899f902d,,
boundaries.in.wards.state=in_s13.ulb=802750,ward,S13,,802750,boundaries/in/wards/state=in_s13/ulb=802750/all.geojson,geojson,EPSG:4326,coord-precision-round,0.0001,14,14,0,,18313,src-a1dd899f902d,,
boundaries.in.wards.state=in_s13.ulb=802751,ward,S13,,802751,boundaries/in/wards/state=in_s13/ulb=802751/all.geojson,geojson,EPSG:4326,coord-precision-round,0.0001,12,12,0,,21423,src-a1dd899f902d,,
boundaries.in.wards.state=in_s13.ulb=802752,ward,S13,,802752,boundaries/in/wards/state=in_s13/ulb=802752/all.geojson,geojson,EPSG:4326,coord-precision-round,0.0001,10,10,0,,11490,src-a1dd899f902d,,
boundaries.in.wards.state=in_s13.ulb=802753,ward,S13,,802753,boundaries/in/wards/state=in_s13/ulb=802753/all.geojson,geojson,EPSG:4326,coord-precision-round,0.0001,16,16,0,,21861,src-a1dd899f902d,,
boundaries.in.wards.state=in_s13.ulb=802754,ward,S13,,802754,boundaries/in/wards/state=in_s13/ulb=802754/all.geojson,geojson,EPSG:4326,coord-precision-round,0.0001,9,9,0,,13536,src-a1dd899f902d,,
boundaries.in.wards.state=in_s13.ulb=802755,ward,S13,,802755,boundaries/in/wards/state=in_s13/ulb=802755/all.geojson,geojson,EPSG:4326,coord-precision-round,0.0001,10,10,0,,14427,src-a1dd899f902d,,
boundaries.in.wards.state=in_s13.ulb=802756,ward,S13,,802756,boundaries/in/wards/state=in_s13/ulb=802756/all.geojson,geojson,EPSG:4326,coord-precision-round,0.0001,1,1,0,,2168,src-a1dd899f902d,,
boundaries.in.wards.state=in_s13.ulb=802757,ward,S13,,802757,boundaries/in/wards/state=in_s13/ulb=802757/all.geojson,geojson,EPSG:4326,coord-precision-round,0.0001,12,12,0,,21801,src-a1dd899f902d,,
boundaries.in.wards.state=in_s13.ulb=802758,ward,S13,,802758,boundaries/in/wards/state=in_s13/ulb=802758/all.geojson,geojson,EPSG:4326,coord-precision-round,0.0001,11,11,0,,12695,src-a1dd899f902d,,
boundaries.in.wards.state=in_s13.ulb=802759,ward,S13,,802759,boundaries/in/wards/state=in_s13/ulb=802759/all.geojson,geojson,EPSG:4326,coord-precision-round,0.0001,8,8,0,,19220,src-a1dd899f902d,,
boundaries.in.wards.state=in_s13.ulb=802760,ward,S13,,802760,boundaries/in/wards/state=in_s13/ulb=802760/all.geojson,geojson,EPSG:4326,coord-precision-round,0.0001,30,30,0,,56667,src-a1dd899f902d,,
boundaries.in.wards.state=in_s13.ulb=802761,ward,S13,,802761,boundaries/in/wards/state=in_s13/ulb=802761/all.geojson,geojson,EPSG:4326,coord-precision-round,0.0001,9,9,0,,35144,src-a1dd899f902d,,
boundaries.in.wards.state=in_s13.ulb=802762,ward,S13,,802762,boundaries/in/wards/state=in_s13/ulb=802762/all.geojson,geojson,EPSG:4326,coord-precision-round,0.0001,10,10,0,,18657,src-a1dd899f902d,,
boundaries.in.wards.state=in_s13.ulb=802763,ward,S13,,802763,boundaries/in/wards/state=in_s13/ulb=802763/all.geojson,geojson,EPSG:4326,coord-precision-round,0.0001,11,11,0,,18167,src-a1dd899f902d,,
boundaries.in.wards.state=in_s13.ulb=802764,ward,S13,,802764,boundaries/in/wards/state=in_s13/ulb=802764/all.geojson,geojson,EPSG:4326,coord-precision-round,0.0001,13,13,0,,24947,src-a1dd899f902d,,
boundaries.in.wards.state=in_s13.ulb=802765,ward,S13,,802765,boundaries/in/wards/state=in_s13/ulb=802765/all.geojson,geojson,EPSG:4326,coord-precision-round,0.0001,115,115,0,,200729,src-a1dd899f902d,,
boundaries.in.wards.state=in_s13.ulb=802766,ward,S13,,802766,boundaries/in/wards/state=in_s13/ulb=802766/all.geojson,geojson,EPSG:4326,coord-precision-round,0.0001,7,7,0,,6699,src-a1dd899f902d,,
boundaries.in.wards.state=in_s13.ulb=802767,ward,S13,,802767,boundaries/in/wards/state=in_s13/ulb=802767/all.geojson,geojson,EPSG:4326,coord-precision-round,0.0001,8,8,0,,16013,src-a1dd899f902d,,
boundaries.in.wards.state=in_s13.ulb=802768,ward,S13,,802768,boundaries/in/wards/state=in_s13/ulb=802768/all.geojson,geojson,EPSG:4326,coord-precision-round,0.0001,11,11,0,,15385,src-a1dd899f902d,,
boundaries.in.wards.state=in_s13.ulb=802769,ward,S13,,802769,boundaries/in/wards/state=in_s13/ulb=802769/all.geojson,geojson,EPSG:4326,coord-precision-round,0.0001,8,8,0,,8095,src-a1dd899f902d,,
boundaries.in.wards.state=in_s13.ulb=802770,ward,S13,,802770,boundaries/in/wards/state=in_s13/ulb=802770/all.geojson,geojson,EPSG:4326,coord-precision-round,0.0001,11,11,0,,54261,src-a1dd899f902d,,
boundaries.in.wards.state=in_s13.ulb=802771,ward,S13,,802771,boundaries/in/wards/state=in_s13/ulb=802771/all.geojson,geojson,EPSG:4326,coord-precision-round,0.0001,10,10,0,,31901,src-a1dd899f902d,,
boundaries.in.wards.state=in_s13.ulb=802772,ward,S13,,802772,boundaries/in/wards/state=in_s13/ulb=802772/all.geojson,geojson,EPSG:4326,coord-precision-round,0.0001,21,21,0,,76056,src-a1dd899f902d,,
boundaries.in.wards.state=in_s13.ulb=802773,ward,S13,,802773,boundaries/in/wards/state=in_s13/ulb=802773/all.geojson,geojson,EPSG:4326,coord-precision-round,0.0001,8,8,0,,15121,src-a1dd899f902d,,
boundaries.in.wards.state=in_s13.ulb=802774,ward,S13,,802774,boundaries/in/wards/state=in_s13/ulb=802774/all.geojson,geojson,EPSG:4326,coord-precision-round,0.0001,15,15,0,,19685,src-a1dd899f902d,,
boundaries.in.wards.state=in_s13.ulb=802775,ward,S13,,802775,boundaries/in/wards/state=in_s13/ulb=802775/all.geojson,geojson,EPSG:4326,coord-precision-round,0.0001,8,8,0,,16293,src-a1dd899f902d,,
boundaries.in.wards.state=in_s13.ulb=802776,ward,S13,,802776,boundaries/in/wards/state=in_s13/ulb=802776/all.geojson,geojson,EPSG:4326,coord-precision-round,0.0001,31,31,0,,128016,src-a1dd899f902d,,
boundaries.in.wards.state=in_s13.ulb=802777,ward,S13,,802777,boundaries/in/wards/state=in_s13/ulb=802777/all.geojson,geojson,EPSG:4326,coord-precision-round,0.0001,9,9,0,,11413,src-a1dd899f902d,,
boundaries.in.wards.state=in_s13.ulb=802778,ward,S13,,802778,boundaries/in/wards/state=in_s13/ulb=802778/all.geojson,geojson,EPSG:4326,coord-precision-round,0.0001,8,8,0,,9054,src-a1dd899f902d,,
boundaries.in.wards.state=in_s13.ulb=802779,ward,S13,,802779,boundaries/in/wards/state=in_s13/ulb=802779/all.geojson,geojson,EPSG:4326,coord-precision-round,0.0001,9,9,0,,10304,src-a1dd899f902d,,
boundaries.in.wards.state=in_s13.ulb=802780,ward,S13,,802780,boundaries/in/wards/state=in_s13/ulb=802780/all.geojson,geojson,EPSG:4326,coord-precision-round,0.0001,14,14,0,,43646,src-a1dd899f902d,,
boundaries.in.wards.state=in_s13.ulb=802781,ward,S13,,802781,boundaries/in/wards/state=in_s13/ulb=802781/all.geojson,geojson,EPSG:4326,coord-precision-round,0.0001,12,12,0,,25060,src-a1dd899f902d,,
boundaries.in.wards.state=in_s13.ulb=802782,ward,S13,,802782,boundaries/in/wards/state=in_s13/ulb=802782/all.geojson,geojson,EPSG:4326,coord-precision-round,0.0001,12,12,0,,24296,src-a1dd899f902d,,
boundaries.in.wards.state=in_s13.ulb=802783,ward,S13,,802783,boundaries/in/wards/state=in_s13/ulb=802783/all.geojson,geojson,EPSG:4326,coord-precision-round,0.0001,8,8,0,,8325,src-a1dd899f902d,,
boundaries.in.wards.state=in_s13.ulb=802784,ward,S13,,802784,boundaries/in/wards/state=in_s13/ulb=802784/all.geojson,geojson,EPSG:4326,coord-precision-round,0.0001,14,14,0,,21327,src-a1dd899f902d,,
boundaries.in.wards.state=in_s13.ulb=802785,ward,S13,,802785,boundaries/in/wards/state=in_s13/ulb=802785/all.geojson,geojson,EPSG:4326,coord-precision-round,0.0001,115,115,0,,309620,src-a1dd899f902d,,
boundaries.in.wards.state=in_s13.ulb=802786,ward,S13,,802786,boundaries/in/wards/state=in_s13/ulb=802786/all.geojson,geojson,EPSG:4326,coord-precision-round,0.0001,24,24,0,,91793,src-a1dd899f902d,,
boundaries.in.wards.state=in_s13.ulb=802787,ward,S13,,802787,boundaries/in/wards/state=in_s13/ulb=802787/all.geojson,geojson,EPSG:4326,coord-precision-round,0.0001,33,33,0,,201168,src-a1dd899f902d,,
boundaries.in.wards.state=in_s13.ulb=802788,ward,S13,,802788,boundaries/in/wards/state=in_s13/ulb=802788/all.geojson,geojson,EPSG:4326,coord-precision-round,0.0001,111,111,0,,215001,src-a1dd899f902d,,
boundaries.in.wards.state=in_s13.ulb=802789,ward,S13,,802789,boundaries/in/wards/state=in_s13/ulb=802789/all.geojson,geojson,EPSG:4326,coord-precision-round,0.0001,23,23,0,,124359,src-a1dd899f902d,,
boundaries.in.wards.state=in_s13.ulb=802790,ward,S13,,802790,boundaries/in/wards/state=in_s13/ulb=802790/all.geojson,geojson,EPSG:4326,coord-precision-round,0.0001,122,122,0,,206154,src-a1dd899f902d,,
boundaries.in.wards.state=in_s13.ulb=802791,ward,S13,,802791,boundaries/in/wards/state=in_s13/ulb=802791/all.geojson,geojson,EPSG:4326,coord-precision-round,0.0001,20,20,0,,74458,src-a1dd899f902d,,
boundaries.in.wards.state=in_s13.ulb=802792,ward,S13,,802792,boundaries/in/wards/state=in_s13/ulb=802792/all.geojson,geojson,EPSG:4326,coord-precision-round,0.0001,47,47,0,,90968,src-a1dd899f902d,,
boundaries.in.wards.state=in_s13.ulb=802793,ward,S13,,802793,boundaries/in/wards/state=in_s13/ulb=802793/all.geojson,geojson,EPSG:4326,coord-precision-round,0.0001,57,57,0,,89335,src-a1dd899f902d,,
boundaries.in.wards.state=in_s13.ulb=802794,ward,S13,,802794,boundaries/in/wards/state=in_s13/ulb=802794/all.geojson,geojson,EPSG:4326,coord-precision-round,0.0001,24,24,0,,316070,src-a1dd899f902d,,
boundaries.in.wards.state=in_s13.ulb=802795,ward,S13,,802795,boundaries/in/wards/state=in_s13/ulb=802795/all.geojson,geojson,EPSG:4326,coord-precision-round,0.0001,17,17,0,,19532,src-a1dd899f902d,,
boundaries.in.wards.state=in_s13.ulb=802796,ward,S13,,802796,boundaries/in/wards/state=in_s13/ulb=802796/all.geojson,geojson,EPSG:4326,coord-precision-round,0.0001,20,20,0,,66039,src-a1dd899f902d,,
boundaries.in.wards.state=in_s13.ulb=802797,ward,S13,,802797,boundaries/in/wards/state=in_s13/ulb=802797/all.geojson,geojson,EPSG:4326,coord-precision-round,0.0001,17,17,0,,32321,src-a1dd899f902d,,
boundaries.in.wards.state=in_s13.ulb=802798,ward,S13,,802798,boundaries/in/wards/state=in_s13/ulb=802798/all.geojson,geojson,EPSG:4326,coord-precision-round,0.0001,9,9,0,,25034,src-a1dd899f902d,,
boundaries.in.wards.state=in_s13.ulb=802799,ward,S13,,802799,boundaries/in/wards/state=in_s13/ulb=802799/all.geojson,geojson,EPSG:4326,coord-precision-round,0.0001,14,14,0,,23014,src-a1dd899f902d,,
boundaries.in.wards.state=in_s13.ulb=802800,ward,S13,,802800,boundaries/in/wards/state=in_s13/ulb=802800/all.geojson,geojson,EPSG:4326,coord-precision-round,0.0001,10,10,0,,18089,src-a1dd899f902d,,
boundaries.in.wards.state=in_s13.ulb=802801,ward,S13,,802801,boundaries/in/wards/state=in_s13/ulb=802801/all.geojson,geojson,EPSG:4326,coord-precision-round,0.0001,8,8,0,,12943,src-a1dd899f902d,,
boundaries.in.wards.state=in_s13.ulb=802802,ward,S13,,802802,boundaries/in/wards/state=in_s13/ulb=802802/all.geojson,geojson,EPSG:4326,coord-precision-round,0.0001,8,8,0,,15952,src-a1dd899f902d,,
boundaries.in.wards.state=in_s13.ulb=802803,ward,S13,,802803,boundaries/in/wards/state=in_s13/ulb=802803/all.geojson,geojson,EPSG:4326,coord-precision-round,0.0001,8,8,0,,23693,src-a1dd899f902d,,
boundaries.in.wards.state=in_s13.ulb=802804,ward,S13,,802804,boundaries/in/wards/state=in_s13/ulb=802804/all.geojson,geojson,EPSG:4326,coord-precision-round,0.0001,8,8,0,,19413,src-a1dd899f902d,,
boundaries.in.wards.state=in_s13.ulb=802805,ward,S13,,802805,boundaries/in/wards/state=in_s13/ulb=802805/all.geojson,geojson,EPSG:4326,coord-precision-round,0.0001,8,8,0,,46011,src-a1dd899f902d,,
boundaries.in.wards.state=in_s13.ulb=802806,ward,S13,,802806,boundaries/in/wards/state=in_s13/ulb=802806/all.geojson,geojson,EPSG:4326,coord-precision-round,0.0001,8,8,0,,18818,src-a1dd899f902d,,
boundaries.in.wards.state=in_s13.ulb=802807,ward,S13,,802807,boundaries/in/wards/state=in_s13/ulb=802807/all.geojson,geojson,EPSG:4326,coord-precision-round,0.0001,10,10,0,,54330,src-a1dd899f902d,,
boundaries.in.wards.state=in_s13.ulb=802808,ward,S13,,802808,boundaries/in/wards/state=in_s13/ulb=802808/all.geojson,geojson,EPSG:4326,coord-precision-round,0.0001,9,9,0,,25779,src-a1dd899f902d,,
boundaries.in.wards.state=in_s13.ulb=802809,ward,S13,,802809,boundaries/in/wards/state=in_s13/ulb=802809/all.geojson,geojson,EPSG:4326,coord-precision-round,0.0001,13,13,0,,41384,src-a1dd899f902d,,
boundaries.in.wards.state=in_s13.ulb=802810,ward,S13,,802810,boundaries/in/wards/state=in_s13/ulb=802810/all.geojson,geojson,EPSG:4326,coord-precision-round,0.0001,12,12,0,,46623,src-a1dd899f902d,,
boundaries.in.wards.state=in_s13.ulb=802811,ward,S13,,802811,boundaries/in/wards/state=in_s13/ulb=802811/all.geojson,geojson,EPSG:4326,coord-precision-round,0.0001,32,32,0,,307971,src-a1dd899f902d,,
boundaries.in.wards.state=in_s13.ulb=802814,ward,S13,,802814,boundaries/in/wards/state=in_s13/ulb=802814/all.geojson,geojson,EPSG:4326,coord-precision-round,0.0001,42,42,0,,328286,src-a1dd899f902d,,
boundaries.in.wards.state=in_s13.ulb=802815,ward,S13,,802815,boundaries/in/wards/state=in_s13/ulb=802815/all.geojson,geojson,EPSG:4326,coord-precision-round,0.0001,8,8,0,,16327,src-a1dd899f902d,,
boundaries.in.wards.state=in_s13.ulb=802816,ward,S13,,802816,boundaries/in/wards/state=in_s13/ulb=802816/all.geojson,geojson,EPSG:4326,coord-precision-round,0.0001,12,12,0,,17982,src-a1dd899f902d,,
boundaries.in.wards.state=in_s13.ulb=802817,ward,S13,,802817,boundaries/in/wards/state=in_s13/ulb=802817/all.geojson,geojson,EPSG:4326,coord-precision-round,0.0001,30,30,0,,72464,src-a1dd899f902d,,
boundaries.in.wards.state=in_s13.ulb=802818,ward,S13,,802818,boundaries/in/wards/state=in_s13/ulb=802818/all.geojson,geojson,EPSG:4326,coord-precision-round,0.0001,8,8,0,,25344,src-a1dd899f902d,,
boundaries.in.wards.state=in_s13.ulb=802819,ward,S13,,802819,boundaries/in/wards/state=in_s13/ulb=802819/all.geojson,geojson,EPSG:4326,coord-precision-round,0.0001,8,8,0,,34345,src-a1dd899f902d,,
boundaries.in.wards.state=in_s13.ulb=802820,ward,S13,,802820,boundaries/in/wards/state=in_s13/ulb=802820/all.geojson,geojson,EPSG:4326,coord-precision-round,0.0001,43,43,0,,209977,src-a1dd899f902d,,
boundaries.in.wards.state=in_s13.ulb=802821,ward,S13,,802821,boundaries/in/wards/state=in_s13/ulb=802821/all.geojson,geojson,EPSG:4326,coord-precision-round,0.0001,8,8,0,,10049,src-a1dd899f902d,,
boundaries.in.wards.state=in_s13.ulb=802822,ward,S13,,802822,boundaries/in/wards/state=in_s13/ulb=802822/all.geojson,geojson,EPSG:4326,coord-precision-round,0.0001,14,14,0,,20753,src-a1dd899f902d,,
boundaries.in.wards.state=in_s13.ulb=802823,ward,S13,,802823,boundaries/in/wards/state=in_s13/ulb=802823/all.geojson,geojson,EPSG:4326,coord-precision-round,0.0001,14,14,0,,18761,src-a1dd899f902d,,
boundaries.in.wards.state=in_s13.ulb=802824,ward,S13,,802824,boundaries/in/wards/state=in_s13/ulb=802824/all.geojson,geojson,EPSG:4326,coord-precision-round,0.0001,17,17,0,,65506,src-a1dd899f902d,,
boundaries.in.wards.state=in_s13.ulb=802825,ward,S13,,802825,boundaries/in/wards/state=in_s13/ulb=802825/all.geojson,geojson,EPSG:4326,coord-precision-round,0.0001,8,8,0,,13220,src-a1dd899f902d,,
boundaries.in.wards.state=in_s13.ulb=802826,ward,S13,,802826,boundaries/in/wards/state=in_s13/ulb=802826/all.geojson,geojson,EPSG:4326,coord-precision-round,0.0001,7,7,0,,9670,src-a1dd899f902d,,
boundaries.in.wards.state=in_s13.ulb=802827,ward,S13,,802827,boundaries/in/wards/state=in_s13/ulb=802827/all.geojson,geojson,EPSG:4326,coord-precision-round,0.0001,8,8,0,,18777,src-a1dd899f902d,,
boundaries.in.wards.state=in_s13.ulb=802828,ward,S13,,802828,boundaries/in/wards/state=in_s13/ulb=802828/all.geojson,geojson,EPSG:4326,coord-precision-round,0.0001,17,17,0,,74985,src-a1dd899f902d,,
boundaries.in.wards.state=in_s13.ulb=802829,ward,S13,,802829,boundaries/in/wards/state=in_s13/ulb=802829/all.geojson,geojson,EPSG:4326,coord-precision-round,0.0001,7,7,0,,15142,src-a1dd899f902d,,
boundaries.in.wards.state=in_s13.ulb=802830,ward,S13,,802830,boundaries/in/wards/state=in_s13/ulb=802830/all.geojson,geojson,EPSG:4326,coord-precision-round,0.0001,10,10,0,,24447,src-a1dd899f902d,,
boundaries.in.wards.state=in_s13.ulb=802831,ward,S13,,802831,boundaries/in/wards/state=in_s13/ulb=802831/all.geojson,geojson,EPSG:4326,coord-precision-round,0.0001,9,9,0,,37013,src-a1dd899f902d,,
boundaries.in.wards.state=in_s13.ulb=802832,ward,S13,,802832,boundaries/in/wards/state=in_s13/ulb=802832/all.geojson,geojson,EPSG:4326,coord-precision-round,0.0001,9,9,0,,25165,src-a1dd899f902d,,
boundaries.in.wards.state=in_s13.ulb=802833,ward,S13,,802833,boundaries/in/wards/state=in_s13/ulb=802833/all.geojson,geojson,EPSG:4326,coord-precision-round,0.0001,9,9,0,,23627,src-a1dd899f902d,,
boundaries.in.wards.state=in_s13.ulb=802834,ward,S13,,802834,boundaries/in/wards/state=in_s13/ulb=802834/all.geojson,geojson,EPSG:4326,coord-precision-round,0.0001,12,12,0,,14189,src-a1dd899f902d,,
boundaries.in.wards.state=in_s13.ulb=802835,ward,S13,,802835,boundaries/in/wards/state=in_s13/ulb=802835/all.geojson,geojson,EPSG:4326,coord-precision-round,0.0001,25,25,0,,31814,src-a1dd899f902d,,
boundaries.in.wards.state=in_s13.ulb=802836,ward,S13,,802836,boundaries/in/wards/state=in_s13/ulb=802836/all.geojson,geojson,EPSG:4326,coord-precision-round,0.0001,17,17,0,,19790,src-a1dd899f902d,,
boundaries.in.wards.state=in_s13.ulb=802837,ward,S13,,802837,boundaries/in/wards/state=in_s13/ulb=802837/all.geojson,geojson,EPSG:4326,coord-precision-round,0.0001,8,8,0,,9139,src-a1dd899f902d,,
boundaries.in.wards.state=in_s13.ulb=802838,ward,S13,,802838,boundaries/in/wards/state=in_s13/ulb=802838/all.geojson,geojson,EPSG:4326,coord-precision-round,0.0001,16,16,0,,24275,src-a1dd899f902d,,
boundaries.in.wards.state=in_s13.ulb=802839,ward,S13,,802839,boundaries/in/wards/state=in_s13/ulb=802839/all.geojson,geojson,EPSG:4326,coord-precision-round,0.0001,14,14,0,,39008,src-a1dd899f902d,,
boundaries.in.wards.state=in_s13.ulb=802840,ward,S13,,802840,boundaries/in/wards/state=in_s13/ulb=802840/all.geojson,geojson,EPSG:4326,coord-precision-round,0.0001,18,18,0,,24500,src-a1dd899f902d,,
boundaries.in.wards.state=in_s13.ulb=802841,ward,S13,,802841,boundaries/in/wards/state=in_s13/ulb=802841/all.geojson,geojson,EPSG:4326,coord-precision-round,0.0001,11,11,0,,8602,src-a1dd899f902d,,
boundaries.in.wards.state=in_s13.ulb=802842,ward,S13,,802842,boundaries/in/wards/state=in_s13/ulb=802842/all.geojson,geojson,EPSG:4326,coord-precision-round,0.0001,10,10,0,,10134,src-a1dd899f902d,,
boundaries.in.wards.state=in_s13.ulb=802843,ward,S13,,802843,boundaries/in/wards/state=in_s13/ulb=802843/all.geojson,geojson,EPSG:4326,coord-precision-round,0.0001,10,10,0,,9296,src-a1dd899f902d,,
boundaries.in.wards.state=in_s13.ulb=802844,ward,S13,,802844,boundaries/in/wards/state=in_s13/ulb=802844/all.geojson,geojson,EPSG:4326,coord-precision-round,0.0001,19,19,0,,47556,src-a1dd899f902d,,
boundaries.in.wards.state=in_s13.ulb=802845,ward,S13,,802845,boundaries/in/wards/state=in_s13/ulb=802845/all.geojson,geojson,EPSG:4326,coord-precision-round,0.0001,17,17,0,,25212,src-a1dd899f902d,,
boundaries.in.wards.state=in_s13.ulb=802846,ward,S13,,802846,boundaries/in/wards/state=in_s13/ulb=802846/all.geojson,geojson,EPSG:4326,coord-precision-round,0.0001,20,20,0,,25835,src-a1dd899f902d,,
boundaries.in.wards.state=in_s13.ulb=802847,ward,S13,,802847,boundaries/in/wards/state=in_s13/ulb=802847/all.geojson,geojson,EPSG:4326,coord-precision-round,0.0001,8,8,0,,7961,src-a1dd899f902d,,
boundaries.in.wards.state=in_s13.ulb=802848,ward,S13,,802848,boundaries/in/wards/state=in_s13/ulb=802848/all.geojson,geojson,EPSG:4326,coord-precision-round,0.0001,19,19,0,,24272,src-a1dd899f902d,,
boundaries.in.wards.state=in_s13.ulb=802849,ward,S13,,802849,boundaries/in/wards/state=in_s13/ulb=802849/all.geojson,geojson,EPSG:4326,coord-precision-round,0.0001,10,10,0,,15725,src-a1dd899f902d,,
boundaries.in.wards.state=in_s13.ulb=802850,ward,S13,,802850,boundaries/in/wards/state=in_s13/ulb=802850/all.geojson,geojson,EPSG:4326,coord-precision-round,0.0001,8,8,0,,18598,src-a1dd899f902d,,
boundaries.in.wards.state=in_s13.ulb=802851,ward,S13,,802851,boundaries/in/wards/state=in_s13/ulb=802851/all.geojson,geojson,EPSG:4326,coord-precision-round,0.0001,8,8,0,,12309,src-a1dd899f902d,,
boundaries.in.wards.state=in_s13.ulb=802852,ward,S13,,802852,boundaries/in/wards/state=in_s13/ulb=802852/all.geojson,geojson,EPSG:4326,coord-precision-round,0.0001,11,11,0,,18339,src-a1dd899f902d,,
boundaries.in.wards.state=in_s13.ulb=802853,ward,S13,,802853,boundaries/in/wards/state=in_s13/ulb=802853/all.geojson,geojson,EPSG:4326,coord-precision-round,0.0001,8,8,0,,13750,src-a1dd899f902d,,
boundaries.in.wards.state=in_s13.ulb=802854,ward,S13,,802854,boundaries/in/wards/state=in_s13/ulb=802854/all.geojson,geojson,EPSG:4326,coord-precision-round,0.0001,23,23,0,,28072,src-a1dd899f902d,,
boundaries.in.wards.state=in_s13.ulb=802855,ward,S13,,802855,boundaries/in/wards/state=in_s13/ulb=802855/all.geojson,geojson,EPSG:4326,coord-precision-round,0.0001,20,20,0,,29583,src-a1dd899f902d,,
boundaries.in.wards.state=in_s13.ulb=802856,ward,S13,,802856,boundaries/in/wards/state=in_s13/ulb=802856/all.geojson,geojson,EPSG:4326,coord-precision-round,0.0001,26,26,0,,201285,src-a1dd899f902d,,
boundaries.in.wards.state=in_s13.ulb=802857,ward,S13,,802857,boundaries/in/wards/state=in_s13/ulb=802857/all.geojson,geojson,EPSG:4326,coord-precision-round,0.0001,17,17,0,,25980,src-a1dd899f902d,,
boundaries.in.wards.state=in_s13.ulb=802858,ward,S13,,802858,boundaries/in/wards/state=in_s13/ulb=802858/all.geojson,geojson,EPSG:4326,coord-precision-round,0.0001,10,10,0,,14128,src-a1dd899f902d,,
boundaries.in.wards.state=in_s13.ulb=802859,ward,S13,,802859,boundaries/in/wards/state=in_s13/ulb=802859/all.geojson,geojson,EPSG:4326,coord-precision-round,0.0001,8,8,0,,17388,src-a1dd899f902d,,
boundaries.in.wards.state=in_s13.ulb=802860,ward,S13,,802860,boundaries/in/wards/state=in_s13/ulb=802860/all.geojson,geojson,EPSG:4326,coord-precision-round,0.0001,11,11,0,,21740,src-a1dd899f902d,,
boundaries.in.wards.state=in_s13.ulb=802861,ward,S13,,802861,boundaries/in/wards/state=in_s13/ulb=802861/all.geojson,geojson,EPSG:4326,coord-precision-round,0.0001,17,17,0,,15648,src-a1dd899f902d,,
boundaries.in.wards.state=in_s13.ulb=802862,ward,S13,,802862,boundaries/in/wards/state=in_s13/ulb=802862/all.geojson,geojson,EPSG:4326,coord-precision-round,0.0001,17,17,0,,21720,src-a1dd899f902d,,
boundaries.in.wards.state=in_s13.ulb=802863,ward,S13,,802863,boundaries/in/wards/state=in_s13/ulb=802863/all.geojson,geojson,EPSG:4326,coord-precision-round,0.0001,17,17,0,,41260,src-a1dd899f902d,,
boundaries.in.wards.state=in_s13.ulb=802864,ward,S13,,802864,boundaries/in/wards/state=in_s13/ulb=802864/all.geojson,geojson,EPSG:4326,coord-precision-round,0.0001,17,17,0,,43594,src-a1dd899f902d,,
boundaries.in.wards.state=in_s13.ulb=802865,ward,S13,,802865,boundaries/in/wards/state=in_s13/ulb=802865/all.geojson,geojson,EPSG:4326,coord-precision-round,0.0001,10,10,0,,13749,src-a1dd899f902d,,
boundaries.in.wards.state=in_s13.ulb=802866,ward,S13,,802866,boundaries/in/wards/state=in_s13/ulb=802866/all.geojson,geojson,EPSG:4326,coord-precision-round,0.0001,12,12,0,,22317,src-a1dd899f902d,,
boundaries.in.wards.state=in_s13.ulb=802867,ward,S13,,802867,boundaries/in/wards/state=in_s13/ulb=802867/all.geojson,geojson,EPSG:4326,coord-precision-round,0.0001,8,8,0,,43082,src-a1dd899f902d,,
boundaries.in.wards.state=in_s13.ulb=802868,ward,S13,,802868,boundaries/in/wards/state=in_s13/ulb=802868/all.geojson,geojson,EPSG:4326,coord-precision-round,0.0001,8,8,0,,20462,src-a1dd899f902d,,
boundaries.in.wards.state=in_s13.ulb=802869,ward,S13,,802869,boundaries/in/wards/state=in_s13/ulb=802869/all.geojson,geojson,EPSG:4326,coord-precision-round,0.0001,20,20,0,,42908,src-a1dd899f902d,,
boundaries.in.wards.state=in_s13.ulb=802870,ward,S13,,802870,boundaries/in/wards/state=in_s13/ulb=802870/all.geojson,geojson,EPSG:4326,coord-precision-round,0.0001,14,14,0,,34946,src-a1dd899f902d,,
boundaries.in.wards.state=in_s13.ulb=802871,ward,S13,,802871,boundaries/in/wards/state=in_s13/ulb=802871/all.geojson,geojson,EPSG:4326,coord-precision-round,0.0001,9,9,0,,12217,src-a1dd899f902d,,
boundaries.in.wards.state=in_s13.ulb=802872,ward,S13,,802872,boundaries/in/wards/state=in_s13/ulb=802872/all.geojson,geojson,EPSG:4326,coord-precision-round,0.0001,17,17,0,,26318,src-a1dd899f902d,,
boundaries.in.wards.state=in_s13.ulb=802873,ward,S13,,802873,boundaries/in/wards/state=in_s13/ulb=802873/all.geojson,geojson,EPSG:4326,coord-precision-round,0.0001,8,8,0,,21664,src-a1dd899f902d,,
boundaries.in.wards.state=in_s13.ulb=802874,ward,S13,,802874,boundaries/in/wards/state=in_s13/ulb=802874/all.geojson,geojson,EPSG:4326,coord-precision-round,0.0001,13,13,0,,31684,src-a1dd899f902d,,
boundaries.in.wards.state=in_s13.ulb=802875,ward,S13,,802875,boundaries/in/wards/state=in_s13/ulb=802875/all.geojson,geojson,EPSG:4326,coord-precision-round,0.0001,15,15,0,,121875,src-a1dd899f902d,,
boundaries.in.wards.state=in_s13.ulb=802876,ward,S13,,802876,boundaries/in/wards/state=in_s13/ulb=802876/all.geojson,geojson,EPSG:4326,coord-precision-round,0.0001,8,8,0,,19836,src-a1dd899f902d,,
boundaries.in.wards.state=in_s13.ulb=802877,ward,S13,,802877,boundaries/in/wards/state=in_s13/ulb=802877/all.geojson,geojson,EPSG:4326,coord-precision-round,0.0001,17,17,0,,32368,src-a1dd899f902d,,
boundaries.in.wards.state=in_s13.ulb=802878,ward,S13,,802878,boundaries/in/wards/state=in_s13/ulb=802878/all.geojson,geojson,EPSG:4326,coord-precision-round,0.0001,8,8,0,,16518,src-a1dd899f902d,,
boundaries.in.wards.state=in_s13.ulb=802879,ward,S13,,802879,boundaries/in/wards/state=in_s13/ulb=802879/all.geojson,geojson,EPSG:4326,coord-precision-round,0.0001,8,8,0,,26471,src-a1dd899f902d,,
boundaries.in.wards.state=in_s13.ulb=802880,ward,S13,,802880,boundaries/in/wards/state=in_s13/ulb=802880/all.geojson,geojson,EPSG:4326,coord-precision-round,0.0001,8,8,0,,40759,src-a1dd899f902d,,
boundaries.in.wards.state=in_s13.ulb=802881,ward,S13,,802881,boundaries/in/wards/state=in_s13/ulb=802881/all.geojson,geojson,EPSG:4326,coord-precision-round,0.0001,8,8,0,,12944,src-a1dd899f902d,,
boundaries.in.wards.state=in_s13.ulb=802882,ward,S13,,802882,boundaries/in/wards/state=in_s13/ulb=802882/all.geojson,geojson,EPSG:4326,coord-precision-round,0.0001,8,8,0,,21043,src-a1dd899f902d,,
boundaries.in.wards.state=in_s13.ulb=802883,ward,S13,,802883,boundaries/in/wards/state=in_s13/ulb=802883/all.geojson,geojson,EPSG:4326,coord-precision-round,0.0001,8,8,0,,16952,src-a1dd899f902d,,
boundaries.in.wards.state=in_s13.ulb=802884,ward,S13,,802884,boundaries/in/wards/state=in_s13/ulb=802884/all.geojson,geojson,EPSG:4326,coord-precision-round,0.0001,31,31,0,,54613,src-a1dd899f902d,,
boundaries.in.wards.state=in_s13.ulb=802885,ward,S13,,802885,boundaries/in/wards/state=in_s13/ulb=802885/all.geojson,geojson,EPSG:4326,coord-precision-round,0.0001,12,12,0,,18758,src-a1dd899f902d,,
boundaries.in.wards.state=in_s13.ulb=802886,ward,S13,,802886,boundaries/in/wards/state=in_s13/ulb=802886/all.geojson,geojson,EPSG:4326,coord-precision-round,0.0001,8,8,0,,16184,src-a1dd899f902d,,
boundaries.in.wards.state=in_s13.ulb=802887,ward,S13,,802887,boundaries/in/wards/state=in_s13/ulb=802887/all.geojson,geojson,EPSG:4326,coord-precision-round,0.0001,81,81,0,,111236,src-a1dd899f902d,,
boundaries.in.wards.state=in_s13.ulb=802888,ward,S13,,802888,boundaries/in/wards/state=in_s13/ulb=802888/all.geojson,geojson,EPSG:4326,coord-precision-round,0.0001,10,10,0,,27798,src-a1dd899f902d,,
boundaries.in.wards.state=in_s13.ulb=802889,ward,S13,,802889,boundaries/in/wards/state=in_s13/ulb=802889/all.geojson,geojson,EPSG:4326,coord-precision-round,0.0001,4,4,0,,12819,src-a1dd899f902d,,
boundaries.in.wards.state=in_s13.ulb=802890,ward,S13,,802890,boundaries/in/wards/state=in_s13/ulb=802890/all.geojson,geojson,EPSG:4326,coord-precision-round,0.0001,9,9,0,,49102,src-a1dd899f902d,,
boundaries.in.wards.state=in_s13.ulb=802891,ward,S13,,802891,boundaries/in/wards/state=in_s13/ulb=802891/all.geojson,geojson,EPSG:4326,coord-precision-round,0.0001,17,17,0,,21833,src-a1dd899f902d,,
boundaries.in.wards.state=in_s13.ulb=802892,ward,S13,,802892,boundaries/in/wards/state=in_s13/ulb=802892/all.geojson,geojson,EPSG:4326,coord-precision-round,0.0001,10,10,0,,33227,src-a1dd899f902d,,
boundaries.in.wards.state=in_s13.ulb=802893,ward,S13,,802893,boundaries/in/wards/state=in_s13/ulb=802893/all.geojson,geojson,EPSG:4326,coord-precision-round,0.0001,12,12,0,,26492,src-a1dd899f902d,,
boundaries.in.wards.state=in_s13.ulb=802894,ward,S13,,802894,boundaries/in/wards/state=in_s13/ulb=802894/all.geojson,geojson,EPSG:4326,coord-precision-round,0.0001,10,10,0,,31020,src-a1dd899f902d,,
boundaries.in.wards.state=in_s13.ulb=802895,ward,S13,,802895,boundaries/in/wards/state=in_s13/ulb=802895/all.geojson,geojson,EPSG:4326,coord-precision-round,0.0001,20,20,0,,33401,src-a1dd899f902d,,
boundaries.in.wards.state=in_s13.ulb=900013,ward,S13,,900013,boundaries/in/wards/state=in_s13/ulb=900013/all.geojson,geojson,EPSG:4326,coord-precision-round,0.0001,17,17,0,,28605,src-a1dd899f902d,,
boundaries.in.wards.state=in_s13.ulb=900025,ward,S13,,900025,boundaries/in/wards/state=in_s13/ulb=900025/all.geojson,geojson,EPSG:4326,coord-precision-round,0.0001,17,17,0,,43367,src-a1dd899f902d,,
boundaries.in.wards.state=in_s13.ulb=900026,ward,S13,,900026,boundaries/in/wards/state=in_s13/ulb=900026/all.geojson,geojson,EPSG:4326,coord-precision-round,0.0001,17,17,0,,57906,src-a1dd899f902d,,
boundaries.in.wards.state=in_s13.ulb=900027,ward,S13,,900027,boundaries/in/wards/state=in_s13/ulb=900027/all.geojson,geojson,EPSG:4326,coord-precision-round,0.0001,5,5,0,,17284,src-a1dd899f902d,,
boundaries.in.wards.state=in_s13.ulb=900131,ward,S13,,900131,boundaries/in/wards/state=in_s13/ulb=900131/all.geojson,geojson,EPSG:4326,coord-precision-round,0.0001,17,17,0,,22968,src-a1dd899f902d,,
boundaries.in.wards.state=in_s13.ulb=900132,ward,S13,,900132,boundaries/in/wards/state=in_s13/ulb=900132/all.geojson,geojson,EPSG:4326,coord-precision-round,0.0001,4,4,0,,35413,src-a1dd899f902d,,
boundaries.in.wards.state=in_s13.ulb=900133,ward,S13,,900133,boundaries/in/wards/state=in_s13/ulb=900133/all.geojson,geojson,EPSG:4326,coord-precision-round,0.0001,17,17,0,,30037,src-a1dd899f902d,,
boundaries.in.wards.state=in_s13.ulb=900143,ward,S13,,900143,boundaries/in/wards/state=in_s13/ulb=900143/all.geojson,geojson,EPSG:4326,coord-precision-round,0.0001,9,9,0,,14120,src-a1dd899f902d,,
boundaries.in.wards.state=in_s13.ulb=900152,ward,S13,,900152,boundaries/in/wards/state=in_s13/ulb=900152/all.geojson,geojson,EPSG:4326,coord-precision-round,0.0001,17,17,0,,65344,src-a1dd899f902d,,
boundaries.in.wards.state=in_s13.ulb=900178,ward,S13,,900178,boundaries/in/wards/state=in_s13/ulb=900178/all.geojson,geojson,EPSG:4326,coord-precision-round,0.0001,17,17,0,,19346,src-a1dd899f902d,,
boundaries.in.wards.state=in_s13.ulb=900182,ward,S13,,900182,boundaries/in/wards/state=in_s13/ulb=900182/all.geojson,geojson,EPSG:4326,coord-precision-round,0.0001,5,5,0,,17125,src-a1dd899f902d,,
boundaries.in.wards.state=in_s13.ulb=900184,ward,S13,,900184,boundaries/in/wards/state=in_s13/ulb=900184/all.geojson,geojson,EPSG:4326,coord-precision-round,0.0001,8,8,0,,10538,src-a1dd899f902d,,
boundaries.in.wards.state=in_s13.ulb=900185,ward,S13,,900185,boundaries/in/wards/state=in_s13/ulb=900185/all.geojson,geojson,EPSG:4326,coord-precision-round,0.0001,25,25,0,,61681,src-a1dd899f902d,,
boundaries.in.wards.state=in_s13.ulb=900194,ward,S13,,900194,boundaries/in/wards/state=in_s13/ulb=900194/all.geojson,geojson,EPSG:4326,coord-precision-round,0.0001,17,17,0,,22927,src-a1dd899f902d,,
boundaries.in.wards.state=in_s13.ulb=900226,ward,S13,,900226,boundaries/in/wards/state=in_s13/ulb=900226/all.geojson,geojson,EPSG:4326,coord-precision-round,0.0001,17,17,0,,16714,src-a1dd899f902d,,
boundaries.in.wards.state=in_s13.ulb=900233,ward,S13,,900233,boundaries/in/wards/state=in_s13/ulb=900233/all.geojson,geojson,EPSG:4326,coord-precision-round,0.0001,40,40,0,,102669,src-a1dd899f902d,,
boundaries.in.wards.state=in_s13.ulb=900236,ward,S13,,900236,boundaries/in/wards/state=in_s13/ulb=900236/all.geojson,geojson,EPSG:4326,coord-precision-round,0.0001,17,17,0,,48825,src-a1dd899f902d,,
boundaries.in.wards.state=in_s13.ulb=900237,ward,S13,,900237,boundaries/in/wards/state=in_s13/ulb=900237/all.geojson,geojson,EPSG:4326,coord-precision-round,0.0001,17,17,0,,54731,src-a1dd899f902d,,
boundaries.in.wards.state=in_s13.ulb=900252,ward,S13,,900252,boundaries/in/wards/state=in_s13/ulb=900252/all.geojson,geojson,EPSG:4326,coord-precision-round,0.0001,17,17,0,,24673,src-a1dd899f902d,,
boundaries.in.wards.state=in_s13.ulb=900253,ward,S13,,900253,boundaries/in/wards/state=in_s13/ulb=900253/all.geojson,geojson,EPSG:4326,coord-precision-round,0.0001,17,17,0,,18590,src-a1dd899f902d,,
boundaries.in.wards.state=in_s13.ulb=900254,ward,S13,,900254,boundaries/in/wards/state=in_s13/ulb=900254/all.geojson,geojson,EPSG:4326,coord-precision-round,0.0001,16,16,0,,30037,src-a1dd899f902d,,
boundaries.in.wards.state=in_s13.ulb=900255,ward,S13,,900255,boundaries/in/wards/state=in_s13/ulb=900255/all.geojson,geojson,EPSG:4326,coord-precision-round,0.0001,17,17,0,,22515,src-a1dd899f902d,,
boundaries.in.wards.state=in_s13.ulb=900256,ward,S13,,900256,boundaries/in/wards/state=in_s13/ulb=900256/all.geojson,geojson,EPSG:4326,coord-precision-round,0.0001,17,17,0,,21478,src-a1dd899f902d,,
boundaries.in.wards.state=in_s13.ulb=900257,ward,S13,,900257,boundaries/in/wards/state=in_s13/ulb=900257/all.geojson,geojson,EPSG:4326,coord-precision-round,0.0001,17,17,0,,25573,src-a1dd899f902d,,
boundaries.in.wards.state=in_s13.ulb=900258,ward,S13,,900258,boundaries/in/wards/state=in_s13/ulb=900258/all.geojson,geojson,EPSG:4326,coord-precision-round,0.0001,8,8,0,,9222,src-a1dd899f902d,,
boundaries.in.wards.state=in_s13.ulb=900259,ward,S13,,900259,boundaries/in/wards/state=in_s13/ulb=900259/all.geojson,geojson,EPSG:4326,coord-precision-round,0.0001,26,26,0,,30317,src-a1dd899f902d,,
boundaries.in.wards.state=in_s13.ulb=900260,ward,S13,,900260,boundaries/in/wards/state=in_s13/ulb=900260/all.geojson,geojson,EPSG:4326,coord-precision-round,0.0001,17,17,0,,21365,src-a1dd899f902d,,
boundaries.in.wards.state=in_s13.ulb=900261,ward,S13,,900261,boundaries/in/wards/state=in_s13/ulb=900261/all.geojson,geojson,EPSG:4326,coord-precision-round,0.0001,17,17,0,,23589,src-a1dd899f902d,,
boundaries.in.wards.state=in_s13.ulb=900262,ward,S13,,900262,boundaries/in/wards/state=in_s13/ulb=900262/all.geojson,geojson,EPSG:4326,coord-precision-round,0.0001,17,17,0,,22359,src-a1dd899f902d,,
boundaries.in.wards.state=in_s13.ulb=900263,ward,S13,,900263,boundaries/in/wards/state=in_s13/ulb=900263/all.geojson,geojson,EPSG:4326,coord-precision-round,0.0001,17,17,0,,40082,src-a1dd899f902d,,
boundaries.in.wards.state=in_s13.ulb=900264,ward,S13,,900264,boundaries/in/wards/state=in_s13/ulb=900264/all.geojson,geojson,EPSG:4326,coord-precision-round,0.0001,17,17,0,,22026,src-a1dd899f902d,,
boundaries.in.wards.state=in_s13.ulb=900266,ward,S13,,900266,boundaries/in/wards/state=in_s13/ulb=900266/all.geojson,geojson,EPSG:4326,coord-precision-round,0.0001,17,17,0,,52334,src-a1dd899f902d,,
boundaries.in.wards.state=in_s13.ulb=900267,ward,S13,,900267,boundaries/in/wards/state=in_s13/ulb=900267/all.geojson,geojson,EPSG:4326,coord-precision-round,0.0001,17,17,0,,22048,src-a1dd899f902d,,
boundaries.in.wards.state=in_s13.ulb=900268,ward,S13,,900268,boundaries/in/wards/state=in_s13/ulb=900268/all.geojson,geojson,EPSG:4326,coord-precision-round,0.0001,17,17,0,,25952,src-a1dd899f902d,,
boundaries.in.wards.state=in_s13.ulb=900269,ward,S13,,900269,boundaries/in/wards/state=in_s13/ulb=900269/all.geojson,geojson,EPSG:4326,coord-precision-round,0.0001,17,17,0,,15667,src-a1dd899f902d,,
boundaries.in.wards.state=in_s13.ulb=900271,ward,S13,,900271,boundaries/in/wards/state=in_s13/ulb=900271/all.geojson,geojson,EPSG:4326,coord-precision-round,0.0001,17,17,0,,29807,src-a1dd899f902d,,
boundaries.in.wards.state=in_s13.ulb=900272,ward,S13,,900272,boundaries/in/wards/state=in_s13/ulb=900272/all.geojson,geojson,EPSG:4326,coord-precision-round,0.0001,17,17,0,,26263,src-a1dd899f902d,,
boundaries.in.wards.state=in_s13.ulb=900273,ward,S13,,900273,boundaries/in/wards/state=in_s13/ulb=900273/all.geojson,geojson,EPSG:4326,coord-precision-round,0.0001,17,17,0,,18069,src-a1dd899f902d,,
boundaries.in.wards.state=in_s13.ulb=900275,ward,S13,,900275,boundaries/in/wards/state=in_s13/ulb=900275/all.geojson,geojson,EPSG:4326,coord-precision-round,0.0001,17,17,0,,20530,src-a1dd899f902d,,
boundaries.in.wards.state=in_s13.ulb=900276,ward,S13,,900276,boundaries/in/wards/state=in_s13/ulb=900276/all.geojson,geojson,EPSG:4326,coord-precision-round,0.0001,17,17,0,,17609,src-a1dd899f902d,,
boundaries.in.wards.state=in_s13.ulb=900277,ward,S13,,900277,boundaries/in/wards/state=in_s13/ulb=900277/all.geojson,geojson,EPSG:4326,coord-precision-round,0.0001,17,17,0,,20881,src-a1dd899f902d,,
boundaries.in.wards.state=in_s13.ulb=900278,ward,S13,,900278,boundaries/in/wards/state=in_s13/ulb=900278/all.geojson,geojson,EPSG:4326,coord-precision-round,0.0001,17,17,0,,19529,src-a1dd899f902d,,
boundaries.in.wards.state=in_s13.ulb=900279,ward,S13,,900279,boundaries/in/wards/state=in_s13/ulb=900279/all.geojson,geojson,EPSG:4326,coord-precision-round,0.0001,17,17,0,,29235,src-a1dd899f902d,,
boundaries.in.wards.state=in_s13.ulb=900280,ward,S13,,900280,boundaries/in/wards/state=in_s13/ulb=900280/all.geojson,geojson,EPSG:4326,coord-precision-round,0.0001,17,17,0,,41206,src-a1dd899f902d,,
boundaries.in.wards.state=in_s13.ulb=900281,ward,S13,,900281,boundaries/in/wards/state=in_s13/ulb=900281/all.geojson,geojson,EPSG:4326,coord-precision-round,0.0001,17,17,0,,21003,src-a1dd899f902d,,
boundaries.in.wards.state=in_s13.ulb=900282,ward,S13,,900282,boundaries/in/wards/state=in_s13/ulb=900282/all.geojson,geojson,EPSG:4326,coord-precision-round,0.0001,17,17,0,,19039,src-a1dd899f902d,,
boundaries.in.wards.state=in_s13.ulb=900283,ward,S13,,900283,boundaries/in/wards/state=in_s13/ulb=900283/all.geojson,geojson,EPSG:4326,coord-precision-round,0.0001,17,17,0,,61392,src-a1dd899f902d,,
boundaries.in.wards.state=in_s13.ulb=900284,ward,S13,,900284,boundaries/in/wards/state=in_s13/ulb=900284/all.geojson,geojson,EPSG:4326,coord-precision-round,0.0001,17,17,0,,20425,src-a1dd899f902d,,
boundaries.in.wards.state=in_s13.ulb=900285,ward,S13,,900285,boundaries/in/wards/state=in_s13/ulb=900285/all.geojson,geojson,EPSG:4326,coord-precision-round,0.0001,17,17,0,,20766,src-a1dd899f902d,,
boundaries.in.wards.state=in_s13.ulb=900286,ward,S13,,900286,boundaries/in/wards/state=in_s13/ulb=900286/all.geojson,geojson,EPSG:4326,coord-precision-round,0.0001,17,17,0,,23044,src-a1dd899f902d,,
boundaries.in.wards.state=in_s13.ulb=900287,ward,S13,,900287,boundaries/in/wards/state=in_s13/ulb=900287/all.geojson,geojson,EPSG:4326,coord-precision-round,0.0001,17,17,0,,31959,src-a1dd899f902d,,
boundaries.in.wards.state=in_s13.ulb=900288,ward,S13,,900288,boundaries/in/wards/state=in_s13/ulb=900288/all.geojson,geojson,EPSG:4326,coord-precision-round,0.0001,17,17,0,,20299,src-a1dd899f902d,,
boundaries.in.wards.state=in_s13.ulb=900289,ward,S13,,900289,boundaries/in/wards/state=in_s13/ulb=900289/all.geojson,geojson,EPSG:4326,coord-precision-round,0.0001,17,17,0,,20912,src-a1dd899f902d,,
boundaries.in.wards.state=in_s13.ulb=900290,ward,S13,,900290,boundaries/in/wards/state=in_s13/ulb=900290/all.geojson,geojson,EPSG:4326,coord-precision-round,0.0001,17,17,0,,30305,src-a1dd899f902d,,
boundaries.in.wards.state=in_s13.ulb=900291,ward,S13,,900291,boundaries/in/wards/state=in_s13/ulb=900291/all.geojson,geojson,EPSG:4326,coord-precision-round,0.0001,17,17,0,,20197,src-a1dd899f902d,,
boundaries.in.wards.state=in_s13.ulb=900292,ward,S13,,900292,boundaries/in/wards/state=in_s13/ulb=900292/all.geojson,geojson,EPSG:4326,coord-precision-round,0.0001,17,17,0,,27619,src-a1dd899f902d,,
boundaries.in.wards.state=in_s13.ulb=900293,ward,S13,,900293,boundaries/in/wards/state=in_s13/ulb=900293/all.geojson,geojson,EPSG:4326,coord-precision-round,0.0001,17,17,0,,69751,src-a1dd899f902d,,
boundaries.in.wards.state=in_s13.ulb=900294,ward,S13,,900294,boundaries/in/wards/state=in_s13/ulb=900294/all.geojson,geojson,EPSG:4326,coord-precision-round,0.0001,17,17,0,,18132,src-a1dd899f902d,,
boundaries.in.wards.state=in_s13.ulb=900295,ward,S13,,900295,boundaries/in/wards/state=in_s13/ulb=900295/all.geojson,geojson,EPSG:4326,coord-precision-round,0.0001,17,17,0,,26681,src-a1dd899f902d,,
boundaries.in.wards.state=in_s13.ulb=900296,ward,S13,,900296,boundaries/in/wards/state=in_s13/ulb=900296/all.geojson,geojson,EPSG:4326,coord-precision-round,0.0001,17,17,0,,24102,src-a1dd899f902d,,
boundaries.in.wards.state=in_s13.ulb=900297,ward,S13,,900297,boundaries/in/wards/state=in_s13/ulb=900297/all.geojson,geojson,EPSG:4326,coord-precision-round,0.0001,17,17,0,,25791,src-a1dd899f902d,,
boundaries.in.wards.state=in_s13.ulb=900298,ward,S13,,900298,boundaries/in/wards/state=in_s13/ulb=900298/all.geojson,geojson,EPSG:4326,coord-precision-round,0.0001,17,17,0,,20786,src-a1dd899f902d,,
boundaries.in.wards.state=in_s13.ulb=900299,ward,S13,,900299,boundaries/in/wards/state=in_s13/ulb=900299/all.geojson,geojson,EPSG:4326,coord-precision-round,0.0001,17,17,0,,17285,src-a1dd899f902d,,
boundaries.in.wards.state=in_s13.ulb=900300,ward,S13,,900300,boundaries/in/wards/state=in_s13/ulb=900300/all.geojson,geojson,EPSG:4326,coord-precision-round,0.0001,17,17,0,,14799,src-a1dd899f902d,,
boundaries.in.wards.state=in_s13.ulb=900301,ward,S13,,900301,boundaries/in/wards/state=in_s13/ulb=900301/all.geojson,geojson,EPSG:4326,coord-precision-round,0.0001,17,17,0,,25237,src-a1dd899f902d,,
boundaries.in.wards.state=in_s13.ulb=900302,ward,S13,,900302,boundaries/in/wards/state=in_s13/ulb=900302/all.geojson,geojson,EPSG:4326,coord-precision-round,0.0001,17,17,0,,22834,src-a1dd899f902d,,
boundaries.in.wards.state=in_s13.ulb=900303,ward,S13,,900303,boundaries/in/wards/state=in_s13/ulb=900303/all.geojson,geojson,EPSG:4326,coord-precision-round,0.0001,15,15,0,,14237,src-a1dd899f902d,,
boundaries.in.wards.state=in_s13.ulb=900304,ward,S13,,900304,boundaries/in/wards/state=in_s13/ulb=900304/all.geojson,geojson,EPSG:4326,coord-precision-round,0.0001,17,17,0,,27080,src-a1dd899f902d,,
boundaries.in.wards.state=in_s13.ulb=900305,ward,S13,,900305,boundaries/in/wards/state=in_s13/ulb=900305/all.geojson,geojson,EPSG:4326,coord-precision-round,0.0001,17,17,0,,15829,src-a1dd899f902d,,
boundaries.in.wards.state=in_s13.ulb=900306,ward,S13,,900306,boundaries/in/wards/state=in_s13/ulb=900306/all.geojson,geojson,EPSG:4326,coord-precision-round,0.0001,19,19,0,,35251,src-a1dd899f902d,,
boundaries.in.wards.state=in_s13.ulb=900307,ward,S13,,900307,boundaries/in/wards/state=in_s13/ulb=900307/all.geojson,geojson,EPSG:4326,coord-precision-round,0.0001,17,17,0,,45339,src-a1dd899f902d,,
boundaries.in.wards.state=in_s13.ulb=900308,ward,S13,,900308,boundaries/in/wards/state=in_s13/ulb=900308/all.geojson,geojson,EPSG:4326,coord-precision-round,0.0001,17,17,0,,24680,src-a1dd899f902d,,
boundaries.in.wards.state=in_s13.ulb=900309,ward,S13,,900309,boundaries/in/wards/state=in_s13/ulb=900309/all.geojson,geojson,EPSG:4326,coord-precision-round,0.0001,17,17,0,,19465,src-a1dd899f902d,,
boundaries.in.wards.state=in_s13.ulb=900310,ward,S13,,900310,boundaries/in/wards/state=in_s13/ulb=900310/all.geojson,geojson,EPSG:4326,coord-precision-round,0.0001,17,17,0,,16974,src-a1dd899f902d,,
boundaries.in.wards.state=in_s13.ulb=900311,ward,S13,,900311,boundaries/in/wards/state=in_s13/ulb=900311/all.geojson,geojson,EPSG:4326,coord-precision-round,0.0001,17,17,0,,16232,src-a1dd899f902d,,
boundaries.in.wards.state=in_s13.ulb=900312,ward,S13,,900312,boundaries/in/wards/state=in_s13/ulb=900312/all.geojson,geojson,EPSG:4326,coord-precision-round,0.0001,17,17,0,,18947,src-a1dd899f902d,,
boundaries.in.wards.state=in_s13.ulb=900313,ward,S13,,900313,boundaries/in/wards/state=in_s13/ulb=900313/all.geojson,geojson,EPSG:4326,coord-precision-round,0.0001,17,17,0,,30955,src-a1dd899f902d,,
boundaries.in.wards.state=in_s13.ulb=900314,ward,S13,,900314,boundaries/in/wards/state=in_s13/ulb=900314/all.geojson,geojson,EPSG:4326,coord-precision-round,0.0001,17,17,0,,22060,src-a1dd899f902d,,
boundaries.in.wards.state=in_s13.ulb=900315,ward,S13,,900315,boundaries/in/wards/state=in_s13/ulb=900315/all.geojson,geojson,EPSG:4326,coord-precision-round,0.0001,17,17,0,,20160,src-a1dd899f902d,,
boundaries.in.wards.state=in_s13.ulb=900316,ward,S13,,900316,boundaries/in/wards/state=in_s13/ulb=900316/all.geojson,geojson,EPSG:4326,coord-precision-round,0.0001,16,16,0,,13627,src-a1dd899f902d,,
boundaries.in.wards.state=in_s13.ulb=900317,ward,S13,,900317,boundaries/in/wards/state=in_s13/ulb=900317/all.geojson,geojson,EPSG:4326,coord-precision-round,0.0001,18,18,0,,24124,src-a1dd899f902d,,
boundaries.in.wards.state=in_s13.ulb=900318,ward,S13,,900318,boundaries/in/wards/state=in_s13/ulb=900318/all.geojson,geojson,EPSG:4326,coord-precision-round,0.0001,17,17,0,,24955,src-a1dd899f902d,,
boundaries.in.wards.state=in_s13.ulb=900319,ward,S13,,900319,boundaries/in/wards/state=in_s13/ulb=900319/all.geojson,geojson,EPSG:4326,coord-precision-round,0.0001,17,17,0,,53714,src-a1dd899f902d,,
boundaries.in.wards.state=in_s13.ulb=900320,ward,S13,,900320,boundaries/in/wards/state=in_s13/ulb=900320/all.geojson,geojson,EPSG:4326,coord-precision-round,0.0001,17,17,0,,49971,src-a1dd899f902d,,
boundaries.in.wards.state=in_s13.ulb=900321,ward,S13,,900321,boundaries/in/wards/state=in_s13/ulb=900321/all.geojson,geojson,EPSG:4326,coord-precision-round,0.0001,17,17,0,,55456,src-a1dd899f902d,,
boundaries.in.wards.state=in_s13.ulb=900326,ward,S13,,900326,boundaries/in/wards/state=in_s13/ulb=900326/all.geojson,geojson,EPSG:4326,coord-precision-round,0.0001,17,17,0,,37551,src-a1dd899f902d,,
boundaries.in.wards.state=in_s13.ulb=900327,ward,S13,,900327,boundaries/in/wards/state=in_s13/ulb=900327/all.geojson,geojson,EPSG:4326,coord-precision-round,0.0001,17,17,0,,31881,src-a1dd899f902d,,
boundaries.in.wards.state=in_s13.ulb=900328,ward,S13,,900328,boundaries/in/wards/state=in_s13/ulb=900328/all.geojson,geojson,EPSG:4326,coord-precision-round,0.0001,17,17,0,,18241,src-a1dd899f902d,,
boundaries.in.wards.state=in_s13.ulb=900329,ward,S13,,900329,boundaries/in/wards/state=in_s13/ulb=900329/all.geojson,geojson,EPSG:4326,coord-precision-round,0.0001,21,21,0,,63967,src-a1dd899f902d,,
boundaries.in.wards.state=in_s13.ulb=900330,ward,S13,,900330,boundaries/in/wards/state=in_s13/ulb=900330/all.geojson,geojson,EPSG:4326,coord-precision-round,0.0001,21,21,0,,38127,src-a1dd899f902d,,
boundaries.in.wards.state=in_s13.ulb=900331,ward,S13,,900331,boundaries/in/wards/state=in_s13/ulb=900331/all.geojson,geojson,EPSG:4326,coord-precision-round,0.0001,17,17,0,,24179,src-a1dd899f902d,,
boundaries.in.wards.state=in_s13.ulb=900332,ward,S13,,900332,boundaries/in/wards/state=in_s13/ulb=900332/all.geojson,geojson,EPSG:4326,coord-precision-round,0.0001,17,17,0,,25409,src-a1dd899f902d,,
boundaries.in.wards.state=in_s13.ulb=900333,ward,S13,,900333,boundaries/in/wards/state=in_s13/ulb=900333/all.geojson,geojson,EPSG:4326,coord-precision-round,0.0001,17,17,0,,17543,src-a1dd899f902d,,
boundaries.in.wards.state=in_s13.ulb=900334,ward,S13,,900334,boundaries/in/wards/state=in_s13/ulb=900334/all.geojson,geojson,EPSG:4326,coord-precision-round,0.0001,17,17,0,,14613,src-a1dd899f902d,,
boundaries.in.wards.state=in_s13.ulb=900336,ward,S13,,900336,boundaries/in/wards/state=in_s13/ulb=900336/all.geojson,geojson,EPSG:4326,coord-precision-round,0.0001,17,17,0,,19366,src-a1dd899f902d,,
boundaries.in.wards.state=in_s13.ulb=900337,ward,S13,,900337,boundaries/in/wards/state=in_s13/ulb=900337/all.geojson,geojson,EPSG:4326,coord-precision-round,0.0001,20,20,0,,86091,src-a1dd899f902d,,
boundaries.in.wards.state=in_s13.ulb=900338,ward,S13,,900338,boundaries/in/wards/state=in_s13/ulb=900338/all.geojson,geojson,EPSG:4326,coord-precision-round,0.0001,17,17,0,,36682,src-a1dd899f902d,,
boundaries.in.wards.state=in_s13.ulb=900339,ward,S13,,900339,boundaries/in/wards/state=in_s13/ulb=900339/all.geojson,geojson,EPSG:4326,coord-precision-round,0.0001,17,17,0,,21486,src-a1dd899f902d,,
boundaries.in.wards.state=in_s13.ulb=900340,ward,S13,,900340,boundaries/in/wards/state=in_s13/ulb=900340/all.geojson,geojson,EPSG:4326,coord-precision-round,0.0001,17,17,0,,30915,src-a1dd899f902d,,
boundaries.in.wards.state=in_s13.ulb=900341,ward,S13,,900341,boundaries/in/wards/state=in_s13/ulb=900341/all.geojson,geojson,EPSG:4326,coord-precision-round,0.0001,17,17,0,,28268,src-a1dd899f902d,,
boundaries.in.wards.state=in_s13.ulb=900342,ward,S13,,900342,boundaries/in/wards/state=in_s13/ulb=900342/all.geojson,geojson,EPSG:4326,coord-precision-round,0.0001,17,17,0,,24644,src-a1dd899f902d,,
boundaries.in.wards.state=in_s13.ulb=900343,ward,S13,,900343,boundaries/in/wards/state=in_s13/ulb=900343/all.geojson,geojson,EPSG:4326,coord-precision-round,0.0001,17,17,0,,19597,src-a1dd899f902d,,
boundaries.in.wards.state=in_s13.ulb=900344,ward,S13,,900344,boundaries/in/wards/state=in_s13/ulb=900344/all.geojson,geojson,EPSG:4326,coord-precision-round,0.0001,6,6,0,,14051,src-a1dd899f902d,,
boundaries.in.wards.state=in_s13.ulb=900345,ward,S13,,900345,boundaries/in/wards/state=in_s13/ulb=900345/all.geojson,geojson,EPSG:4326,coord-precision-round,0.0001,17,17,0,,39634,src-a1dd899f902d,,
boundaries.in.wards.state=in_s13.ulb=900346,ward,S13,,900346,boundaries/in/wards/state=in_s13/ulb=900346/all.geojson,geojson,EPSG:4326,coord-precision-round,0.0001,17,17,0,,24176,src-a1dd899f902d,,
boundaries.in.wards.state=in_s13.ulb=900347,ward,S13,,900347,boundaries/in/wards/state=in_s13/ulb=900347/all.geojson,geojson,EPSG:4326,coord-precision-round,0.0001,17,17,0,,28371,src-a1dd899f902d,,
boundaries.in.wards.state=in_s13.ulb=900348,ward,S13,,900348,boundaries/in/wards/state=in_s13/ulb=900348/all.geojson,geojson,EPSG:4326,coord-precision-round,0.0001,17,17,0,,28764,src-a1dd899f902d,,
boundaries.in.wards.state=in_s13.ulb=900349,ward,S13,,900349,boundaries/in/wards/state=in_s13/ulb=900349/all.geojson,geojson,EPSG:4326,coord-precision-round,0.0001,6,6,0,,16052,src-a1dd899f902d,,
boundaries.in.wards.state=in_s13.ulb=900350,ward,S13,,900350,boundaries/in/wards/state=in_s13/ulb=900350/all.geojson,geojson,EPSG:4326,coord-precision-round,0.0001,17,17,0,,48083,src-a1dd899f902d,,
boundaries.in.wards.state=in_s13.ulb=900351,ward,S13,,900351,boundaries/in/wards/state=in_s13/ulb=900351/all.geojson,geojson,EPSG:4326,coord-precision-round,0.0001,17,17,0,,29262,src-a1dd899f902d,,
boundaries.in.wards.state=in_s13.ulb=900352,ward,S13,,900352,boundaries/in/wards/state=in_s13/ulb=900352/all.geojson,geojson,EPSG:4326,coord-precision-round,0.0001,17,17,0,,25854,src-a1dd899f902d,,
boundaries.in.wards.state=in_s13.ulb=900353,ward,S13,,900353,boundaries/in/wards/state=in_s13/ulb=900353/all.geojson,geojson,EPSG:4326,coord-precision-round,0.0001,17,17,0,,48610,src-a1dd899f902d,,
boundaries.in.wards.state=in_s13.ulb=900354,ward,S13,,900354,boundaries/in/wards/state=in_s13/ulb=900354/all.geojson,geojson,EPSG:4326,coord-precision-round,0.0001,17,17,0,,22726,src-a1dd899f902d,,
boundaries.in.wards.state=in_s13.ulb=900355,ward,S13,,900355,boundaries/in/wards/state=in_s13/ulb=900355/all.geojson,geojson,EPSG:4326,coord-precision-round,0.0001,17,17,0,,22101,src-a1dd899f902d,,
boundaries.in.wards.state=in_s13.ulb=900356,ward,S13,,900356,boundaries/in/wards/state=in_s13/ulb=900356/all.geojson,geojson,EPSG:4326,coord-precision-round,0.0001,17,17,0,,19382,src-a1dd899f902d,,
boundaries.in.wards.state=in_s13.ulb=900357,ward,S13,,900357,boundaries/in/wards/state=in_s13/ulb=900357/all.geojson,geojson,EPSG:4326,coord-precision-round,0.0001,17,17,0,,24898,src-a1dd899f902d,,
boundaries.in.wards.state=in_s13.ulb=900358,ward,S13,,900358,boundaries/in/wards/state=in_s13/ulb=900358/all.geojson,geojson,EPSG:4326,coord-precision-round,0.0001,17,17,0,,17794,src-a1dd899f902d,,
boundaries.in.wards.state=in_s13.ulb=900359,ward,S13,,900359,boundaries/in/wards/state=in_s13/ulb=900359/all.geojson,geojson,EPSG:4326,coord-precision-round,0.0001,17,17,0,,25142,src-a1dd899f902d,,
boundaries.in.wards.state=in_s13.ulb=900362,ward,S13,,900362,boundaries/in/wards/state=in_s13/ulb=900362/all.geojson,geojson,EPSG:4326,coord-precision-round,0.0001,17,17,0,,21032,src-a1dd899f902d,,
boundaries.in.wards.state=in_s13.ulb=900363,ward,S13,,900363,boundaries/in/wards/state=in_s13/ulb=900363/all.geojson,geojson,EPSG:4326,coord-precision-round,0.0001,17,17,0,,56202,src-a1dd899f902d,,
boundaries.in.wards.state=in_s13.ulb=900366,ward,S13,,900366,boundaries/in/wards/state=in_s13/ulb=900366/all.geojson,geojson,EPSG:4326,coord-precision-round,0.0001,17,17,0,,23790,src-a1dd899f902d,,
boundaries.in.wards.state=in_s13.ulb=900367,ward,S13,,900367,boundaries/in/wards/state=in_s13/ulb=900367/all.geojson,geojson,EPSG:4326,coord-precision-round,0.0001,18,18,0,,22468,src-a1dd899f902d,,
boundaries.in.wards.state=in_s13.ulb=900370,ward,S13,,900370,boundaries/in/wards/state=in_s13/ulb=900370/all.geojson,geojson,EPSG:4326,coord-precision-round,0.0001,20,20,0,,28768,src-a1dd899f902d,,
boundaries.in.wards.state=in_s13.ulb=900371,ward,S13,,900371,boundaries/in/wards/state=in_s13/ulb=900371/all.geojson,geojson,EPSG:4326,coord-precision-round,0.0001,23,23,0,,34245,src-a1dd899f902d,,
boundaries.in.wards.state=in_s13.ulb=900372,ward,S13,,900372,boundaries/in/wards/state=in_s13/ulb=900372/all.geojson,geojson,EPSG:4326,coord-precision-round,0.0001,17,17,0,,30679,src-a1dd899f902d,,
boundaries.in.wards.state=in_s13.ulb=900373,ward,S13,,900373,boundaries/in/wards/state=in_s13/ulb=900373/all.geojson,geojson,EPSG:4326,coord-precision-round,0.0001,8,8,0,,10662,src-a1dd899f902d,,
boundaries.in.wards.state=in_s13.ulb=900377,ward,S13,,900377,boundaries/in/wards/state=in_s13/ulb=900377/all.geojson,geojson,EPSG:4326,coord-precision-round,0.0001,17,17,0,,22815,src-a1dd899f902d,,
boundaries.in.wards.state=in_s13.ulb=900378,ward,S13,,900378,boundaries/in/wards/state=in_s13/ulb=900378/all.geojson,geojson,EPSG:4326,coord-precision-round,0.0001,17,17,0,,27972,src-a1dd899f902d,,
boundaries.in.wards.state=in_s13.ulb=900379,ward,S13,,900379,boundaries/in/wards/state=in_s13/ulb=900379/all.geojson,geojson,EPSG:4326,coord-precision-round,0.0001,10,10,0,,23181,src-a1dd899f902d,,
boundaries.in.wards.state=in_s13.ulb=900385,ward,S13,,900385,boundaries/in/wards/state=in_s13/ulb=900385/all.geojson,geojson,EPSG:4326,coord-precision-round,0.0001,18,18,0,,41400,src-a1dd899f902d,,
boundaries.in.wards.state=in_s13.ulb=900461,ward,S13,,900461,boundaries/in/wards/state=in_s13/ulb=900461/all.geojson,geojson,EPSG:4326,coord-precision-round,0.0001,17,17,0,,25723,src-a1dd899f902d,,
boundaries.in.wards.state=in_s13.ulb=900490,ward,S13,,900490,boundaries/in/wards/state=in_s13/ulb=900490/all.geojson,geojson,EPSG:4326,coord-precision-round,0.0001,17,17,0,,20662,src-a1dd899f902d,,
boundaries.in.wards.state=in_s13.ulb=900584,ward,S13,,900584,boundaries/in/wards/state=in_s13/ulb=900584/all.geojson,geojson,EPSG:4326,coord-precision-round,0.0001,17,17,0,,47454,src-a1dd899f902d,,
boundaries.in.wards.state=in_s13.ulb=900585,ward,S13,,900585,boundaries/in/wards/state=in_s13/ulb=900585/all.geojson,geojson,EPSG:4326,coord-precision-round,0.0001,10,10,0,,19008,src-a1dd899f902d,,
boundaries.in.wards.state=in_s13.ulb=900586,ward,S13,,900586,boundaries/in/wards/state=in_s13/ulb=900586/all.geojson,geojson,EPSG:4326,coord-precision-round,0.0001,9,9,0,,15991,src-a1dd899f902d,,
boundaries.in.wards.state=in_s13.ulb=900587,ward,S13,,900587,boundaries/in/wards/state=in_s13/ulb=900587/all.geojson,geojson,EPSG:4326,coord-precision-round,0.0001,17,17,0,,21095,src-a1dd899f902d,,
boundaries.in.wards.state=in_s13.ulb=900588,ward,S13,,900588,boundaries/in/wards/state=in_s13/ulb=900588/all.geojson,geojson,EPSG:4326,coord-precision-round,0.0001,18,18,0,,44713,src-a1dd899f902d,,
boundaries.in.wards.state=in_s13.ulb=900589,ward,S13,,900589,boundaries/in/wards/state=in_s13/ulb=900589/all.geojson,geojson,EPSG:4326,coord-precision-round,0.0001,17,17,0,,23995,src-a1dd899f902d,,
boundaries.in.wards.state=in_s13.ulb=900590,ward,S13,,900590,boundaries/in/wards/state=in_s13/ulb=900590/all.geojson,geojson,EPSG:4326,coord-precision-round,0.0001,17,17,0,,23075,src-a1dd899f902d,,
boundaries.in.wards.state=in_s13.ulb=900591,ward,S13,,900591,boundaries/in/wards/state=in_s13/ulb=900591/all.geojson,geojson,EPSG:4326,coord-precision-round,0.0001,17,17,0,,28052,src-a1dd899f902d,,
boundaries.in.wards.state=in_s13.ulb=900592,ward,S13,,900592,boundaries/in/wards/state=in_s13/ulb=900592/all.geojson,geojson,EPSG:4326,coord-precision-round,0.0001,20,20,0,,17899,src-a1dd899f902d,,
boundaries.in.wards.state=in_s13.ulb=900593,ward,S13,,900593,boundaries/in/wards/state=in_s13/ulb=900593/all.geojson,geojson,EPSG:4326,coord-precision-round,0.0001,8,8,0,,12510,src-a1dd899f902d,,
boundaries.in.wards.state=in_s13.ulb=900594,ward,S13,,900594,boundaries/in/wards/state=in_s13/ulb=900594/all.geojson,geojson,EPSG:4326,coord-precision-round,0.0001,17,17,0,,15627,src-a1dd899f902d,,
boundaries.in.wards.state=in_s13.ulb=900749,ward,S13,,900749,boundaries/in/wards/state=in_s13/ulb=900749/all.geojson,geojson,EPSG:4326,coord-precision-round,0.0001,17,17,0,,20434,src-a1dd899f902d,,
boundaries.in.wards.state=in_s13.ulb=900750,ward,S13,,900750,boundaries/in/wards/state=in_s13/ulb=900750/all.geojson,geojson,EPSG:4326,coord-precision-round,0.0001,17,17,0,,41926,src-a1dd899f902d,,
boundaries.in.wards.state=in_s13.ulb=900751,ward,S13,,900751,boundaries/in/wards/state=in_s13/ulb=900751/all.geojson,geojson,EPSG:4326,coord-precision-round,0.0001,6,6,0,,6293,src-a1dd899f902d,,
boundaries.in.wards.state=in_s13.ulb=900752,ward,S13,,900752,boundaries/in/wards/state=in_s13/ulb=900752/all.geojson,geojson,EPSG:4326,coord-precision-round,0.0001,17,17,0,,33643,src-a1dd899f902d,,
boundaries.in.wards.state=in_s13.ulb=900753,ward,S13,,900753,boundaries/in/wards/state=in_s13/ulb=900753/all.geojson,geojson,EPSG:4326,coord-precision-round,0.0001,17,17,0,,38927,src-a1dd899f902d,,
boundaries.in.wards.state=in_s13.ulb=900858,ward,S13,,900858,boundaries/in/wards/state=in_s13/ulb=900858/all.geojson,geojson,EPSG:4326,coord-precision-round,0.0001,7,7,0,,14317,src-a1dd899f902d,,
boundaries.in.wards.state=in_s13.ulb=900859,ward,S13,,900859,boundaries/in/wards/state=in_s13/ulb=900859/all.geojson,geojson,EPSG:4326,coord-precision-round,0.0001,17,17,0,,25423,src-a1dd899f902d,,
boundaries.in.wards.state=in_s13.ulb=900860,ward,S13,,900860,boundaries/in/wards/state=in_s13/ulb=900860/all.geojson,geojson,EPSG:4326,coord-precision-round,0.0001,7,7,0,,8697,src-a1dd899f902d,,
boundaries.in.wards.state=in_s13.ulb=900861,ward,S13,,900861,boundaries/in/wards/state=in_s13/ulb=900861/all.geojson,geojson,EPSG:4326,coord-precision-round,0.0001,6,6,0,,29985,src-a1dd899f902d,,
boundaries.in.wards.state=in_s13.ulb=900862,ward,S13,,900862,boundaries/in/wards/state=in_s13/ulb=900862/all.geojson,geojson,EPSG:4326,coord-precision-round,0.0001,17,17,0,,22273,src-a1dd899f902d,,
boundaries.in.wards.state=in_s13.ulb=900863,ward,S13,,900863,boundaries/in/wards/state=in_s13/ulb=900863/all.geojson,geojson,EPSG:4326,coord-precision-round,0.0001,17,17,0,,45458,src-a1dd899f902d,,
boundaries.in.wards.state=in_s13.ulb=900866,ward,S13,,900866,boundaries/in/wards/state=in_s13/ulb=900866/all.geojson,geojson,EPSG:4326,coord-precision-round,0.0001,8,8,0,,10946,src-a1dd899f902d,,
boundaries.in.wards.state=in_s13.ulb=900867,ward,S13,,900867,boundaries/in/wards/state=in_s13/ulb=900867/all.geojson,geojson,EPSG:4326,coord-precision-round,0.0001,17,17,0,,22653,src-a1dd899f902d,,
boundaries.in.wards.state=in_s13.ulb=900868,ward,S13,,900868,boundaries/in/wards/state=in_s13/ulb=900868/all.geojson,geojson,EPSG:4326,coord-precision-round,0.0001,10,10,0,,24541,src-a1dd899f902d,,
boundaries.in.wards.state=in_s17.ulb=801455,ward,S17,,801455,boundaries/in/wards/state=in_s17/ulb=801455/all.geojson,geojson,EPSG:4326,coord-precision-round,0.0001,13,13,0,,38629,src-a1dd899f902d,,
boundaries.in.wards.state=in_s17.ulb=801456,ward,S17,,801456,boundaries/in/wards/state=in_s17/ulb=801456/all.geojson,geojson,EPSG:4326,coord-precision-round,0.0001,14,14,0,,46579,src-a1dd899f902d,,
boundaries.in.wards.state=in_s17.ulb=801459,ward,S17,,801459,boundaries/in/wards/state=in_s17/ulb=801459/all.geojson,geojson,EPSG:4326,coord-precision-round,0.0001,9,9,0,,17344,src-a1dd899f902d,,
boundaries.in.wards.state=in_s17.ulb=900796,ward,S17,,900796,boundaries/in/wards/state=in_s17/ulb=900796/all.geojson,geojson,EPSG:4326,coord-precision-round,0.0001,4,4,0,,6261,src-a1dd899f902d,,
boundaries.in.wards.state=in_s17.ulb=900797,ward,S17,,900797,boundaries/in/wards/state=in_s17/ulb=900797/all.geojson,geojson,EPSG:4326,coord-precision-round,0.0001,9,9,0,,14868,src-a1dd899f902d,,
boundaries.in.wards.state=in_s17.ulb=900798,ward,S17,,900798,boundaries/in/wards/state=in_s17/ulb=900798/all.geojson,geojson,EPSG:4326,coord-precision-round,0.0001,9,9,0,,14514,src-a1dd899f902d,,
boundaries.in.wards.state=in_s17.ulb=900803,ward,S17,,900803,boundaries/in/wards/state=in_s17/ulb=900803/all.geojson,geojson,EPSG:4326,coord-precision-round,0.0001,9,9,0,,24842,src-a1dd899f902d,,
boundaries.in.wards.state=in_s18.ulb=801803,ward,S18,,801803,boundaries/in/wards/state=in_s18/ulb=801803/all.geojson,geojson,EPSG:4326,coord-precision-round,0.0001,11,11,0,,18279,src-a1dd899f902d,,
boundaries.in.wards.state=in_s18.ulb=801804,ward,S18,,801804,boundaries/in/wards/state=in_s18/ulb=801804/all.geojson,geojson,EPSG:4326,coord-precision-round,0.0001,11,11,0,,30929,src-a1dd899f902d,,
boundaries.in.wards.state=in_s18.ulb=801806,ward,S18,,801806,boundaries/in/wards/state=in_s18/ulb=801806/all.geojson,geojson,EPSG:4326,coord-precision-round,0.0001,17,17,0,,24908,src-a1dd899f902d,,
boundaries.in.wards.state=in_s18.ulb=801807,ward,S18,,801807,boundaries/in/wards/state=in_s18/ulb=801807/all.geojson,geojson,EPSG:4326,coord-precision-round,0.0001,23,23,0,,63597,src-a1dd899f902d,,
boundaries.in.wards.state=in_s18.ulb=801808,ward,S18,,801808,boundaries/in/wards/state=in_s18/ulb=801808/all.geojson,geojson,EPSG:4326,coord-precision-round,0.0001,24,24,0,,94317,src-a1dd899f902d,,
boundaries.in.wards.state=in_s18.ulb=801809,ward,S18,,801809,boundaries/in/wards/state=in_s18/ulb=801809/all.geojson,geojson,EPSG:4326,coord-precision-round,0.0001,11,11,0,,34467,src-a1dd899f902d,,
boundaries.in.wards.state=in_s18.ulb=801813,ward,S18,,801813,boundaries/in/wards/state=in_s18/ulb=801813/all.geojson,geojson,EPSG:4326,coord-precision-round,0.0001,41,41,0,,380633,src-a1dd899f902d,,
boundaries.in.wards.state=in_s18.ulb=801814,ward,S18,,801814,boundaries/in/wards/state=in_s18/ulb=801814/all.geojson,geojson,EPSG:4326,coord-precision-round,0.0001,11,11,0,,19527,src-a1dd899f902d,,
boundaries.in.wards.state=in_s18.ulb=801815,ward,S18,,801815,boundaries/in/wards/state=in_s18/ulb=801815/all.geojson,geojson,EPSG:4326,coord-precision-round,0.0001,19,19,0,,30768,src-a1dd899f902d,,
boundaries.in.wards.state=in_s18.ulb=801816,ward,S18,,801816,boundaries/in/wards/state=in_s18/ulb=801816/all.geojson,geojson,EPSG:4326,coord-precision-round,0.0001,20,20,0,,54289,src-a1dd899f902d,,
boundaries.in.wards.state=in_s18.ulb=801818,ward,S18,,801818,boundaries/in/wards/state=in_s18/ulb=801818/all.geojson,geojson,EPSG:4326,coord-precision-round,0.0001,11,11,0,,16063,src-a1dd899f902d,,
boundaries.in.wards.state=in_s18.ulb=801819,ward,S18,,801819,boundaries/in/wards/state=in_s18/ulb=801819/all.geojson,geojson,EPSG:4326,coord-precision-round,0.0001,40,40,0,,110901,src-a1dd899f902d,,
boundaries.in.wards.state=in_s18.ulb=801821,ward,S18,,801821,boundaries/in/wards/state=in_s18/ulb=801821/all.geojson,geojson,EPSG:4326,coord-precision-round,0.0001,15,15,0,,25014,src-a1dd899f902d,,
boundaries.in.wards.state=in_s18.ulb=801822,ward,S18,,801822,boundaries/in/wards/state=in_s18/ulb=801822/all.geojson,geojson,EPSG:4326,coord-precision-round,0.0001,14,14,0,,46998,src-a1dd899f902d,,
boundaries.in.wards.state=in_s18.ulb=801823,ward,S18,,801823,boundaries/in/wards/state=in_s18/ulb=801823/all.geojson,geojson,EPSG:4326,coord-precision-round,0.0001,21,21,0,,107741,src-a1dd899f902d,,
boundaries.in.wards.state=in_s18.ulb=801824,ward,S18,,801824,boundaries/in/wards/state=in_s18/ulb=801824/all.geojson,geojson,EPSG:4326,coord-precision-round,0.0001,16,16,0,,70545,src-a1dd899f902d,,
boundaries.in.wards.state=in_s18.ulb=801826,ward,S18,,801826,boundaries/in/wards/state=in_s18/ulb=801826/all.geojson,geojson,EPSG:4326,coord-precision-round,0.0001,14,14,0,,14802,src-a1dd899f902d,,
boundaries.in.wards.state=in_s18.ulb=801827,ward,S18,,801827,boundaries/in/wards/state=in_s18/ulb=801827/all.geojson,geojson,EPSG:4326,coord-precision-round,0.0001,12,12,0,,11890,src-a1dd899f902d,,
boundaries.in.wards.state=in_s18.ulb=801828,ward,S18,,801828,boundaries/in/wards/state=in_s18/ulb=801828/all.geojson,geojson,EPSG:4326,coord-precision-round,0.0001,22,22,0,,26187,src-a1dd899f902d,,
boundaries.in.wards.state=in_s18.ulb=801831,ward,S18,,801831,boundaries/in/wards/state=in_s18/ulb=801831/all.geojson,geojson,EPSG:4326,coord-precision-round,0.0001,13,13,0,,33145,src-a1dd899f902d,,
boundaries.in.wards.state=in_s18.ulb=801832,ward,S18,,801832,boundaries/in/wards/state=in_s18/ulb=801832/all.geojson,geojson,EPSG:4326,coord-precision-round,0.0001,1,1,0,,804,src-a1dd899f902d,,
boundaries.in.wards.state=in_s18.ulb=801833,ward,S18,,801833,boundaries/in/wards/state=in_s18/ulb=801833/all.geojson,geojson,EPSG:4326,coord-precision-round,0.0001,31,31,0,,69692,src-a1dd899f902d,,
boundaries.in.wards.state=in_s18.ulb=801835,ward,S18,,801835,boundaries/in/wards/state=in_s18/ulb=801835/all.geojson,geojson,EPSG:4326,coord-precision-round,0.0001,30,30,0,,44251,src-a1dd899f902d,,
boundaries.in.wards.state=in_s18.ulb=801836,ward,S18,,801836,boundaries/in/wards/state=in_s18/ulb=801836/all.geojson,geojson,EPSG:4326,coord-precision-round,0.0001,23,23,0,,82458,src-a1dd899f902d,,
boundaries.in.wards.state=in_s18.ulb=801837,ward,S18,,801837,boundaries/in/wards/state=in_s18/ulb=801837/all.geojson,geojson,EPSG:4326,coord-precision-round,0.0001,20,20,0,,67933,src-a1dd899f902d,,
boundaries.in.wards.state=in_s18.ulb=801838,ward,S18,,801838,boundaries/in/wards/state=in_s18/ulb=801838/all.geojson,geojson,EPSG:4326,coord-precision-round,0.0001,21,21,0,,29723,src-a1dd899f902d,,
boundaries.in.wards.state=in_s18.ulb=801839,ward,S18,,801839,boundaries/in/wards/state=in_s18/ulb=801839/all.geojson,geojson,EPSG:4326,coord-precision-round,0.0001,19,19,0,,15575,src-a1dd899f902d,,
boundaries.in.wards.state=in_s18.ulb=801841,ward,S18,,801841,boundaries/in/wards/state=in_s18/ulb=801841/all.geojson,geojson,EPSG:4326,coord-precision-round,0.0001,17,17,0,,42589,src-a1dd899f902d,,
boundaries.in.wards.state=in_s18.ulb=801842,ward,S18,,801842,boundaries/in/wards/state=in_s18/ulb=801842/all.geojson,geojson,EPSG:4326,coord-precision-round,0.0001,18,18,0,,57474,src-a1dd899f902d,,
boundaries.in.wards.state=in_s18.ulb=801843,ward,S18,,801843,boundaries/in/wards/state=in_s18/ulb=801843/all.geojson,geojson,EPSG:4326,coord-precision-round,0.0001,19,19,0,,53326,src-a1dd899f902d,,
boundaries.in.wards.state=in_s18.ulb=801844,ward,S18,,801844,boundaries/in/wards/state=in_s18/ulb=801844/all.geojson,geojson,EPSG:4326,coord-precision-round,0.0001,59,59,0,,96556,src-a1dd899f902d,,
boundaries.in.wards.state=in_s18.ulb=801845,ward,S18,,801845,boundaries/in/wards/state=in_s18/ulb=801845/all.geojson,geojson,EPSG:4326,coord-precision-round,0.0001,26,26,0,,147985,src-a1dd899f902d,,
boundaries.in.wards.state=in_s18.ulb=801846,ward,S18,,801846,boundaries/in/wards/state=in_s18/ulb=801846/all.geojson,geojson,EPSG:4326,coord-precision-round,0.0001,18,18,0,,52744,src-a1dd899f902d,,
boundaries.in.wards.state=in_s18.ulb=801847,ward,S18,,801847,boundaries/in/wards/state=in_s18/ulb=801847/all.geojson,geojson,EPSG:4326,coord-precision-round,0.0001,15,15,0,,58997,src-a1dd899f902d,,
boundaries.in.wards.state=in_s18.ulb=801848,ward,S18,,801848,boundaries/in/wards/state=in_s18/ulb=801848/all.geojson,geojson,EPSG:4326,coord-precision-round,0.0001,15,15,0,,74170,src-a1dd899f902d,,
boundaries.in.wards.state=in_s18.ulb=801849,ward,S18,,801849,boundaries/in/wards/state=in_s18/ulb=801849/all.geojson,geojson,EPSG:4326,coord-precision-round,0.0001,23,23,0,,60233,src-a1dd899f902d,,
boundaries.in.wards.state=in_s18.ulb=801850,ward,S18,,801850,boundaries/in/wards/state=in_s18/ulb=801850/all.geojson,geojson,EPSG:4326,coord-precision-round,0.0001,21,21,0,,56880,src-a1dd899f902d,,
boundaries.in.wards.state=in_s18.ulb=801851,ward,S18,,801851,boundaries/in/wards/state=in_s18/ulb=801851/all.geojson,geojson,EPSG:4326,coord-precision-round,0.0001,23,23,0,,44560,src-a1dd899f902d,,
boundaries.in.wards.state=in_s18.ulb=801852,ward,S18,,801852,boundaries/in/wards/state=in_s18/ulb=801852/all.geojson,geojson,EPSG:4326,coord-precision-round,0.0001,11,11,0,,34315,src-a1dd899f902d,,
boundaries.in.wards.state=in_s18.ulb=801854,ward,S18,,801854,boundaries/in/wards/state=in_s18/ulb=801854/all.geojson,geojson,EPSG:4326,coord-precision-round,0.0001,16,16,0,,34411,src-a1dd899f902d,,
boundaries.in.wards.state=in_s18.ulb=801855,ward,S18,,801855,boundaries/in/wards/state=in_s18/ulb=801855/all.geojson,geojson,EPSG:4326,coord-precision-round,0.0001,22,22,0,,102261,src-a1dd899f902d,,
boundaries.in.wards.state=in_s18.ulb=801856,ward,S18,,801856,boundaries/in/wards/state=in_s18/ulb=801856/all.geojson,geojson,EPSG:4326,coord-precision-round,0.0001,23,23,0,,34542,src-a1dd899f902d,,
boundaries.in.wards.state=in_s18.ulb=801857,ward,S18,,801857,boundaries/in/wards/state=in_s18/ulb=801857/all.geojson,geojson,EPSG:4326,coord-precision-round,0.0001,11,11,0,,32074,src-a1dd899f902d,,
boundaries.in.wards.state=in_s18.ulb=801858,ward,S18,,801858,boundaries/in/wards/state=in_s18/ulb=801858/all.geojson,geojson,EPSG:4326,coord-precision-round,0.0001,15,15,0,,48368,src-a1dd899f902d,,
boundaries.in.wards.state=in_s18.ulb=801859,ward,S18,,801859,boundaries/in/wards/state=in_s18/ulb=801859/all.geojson,geojson,EPSG:4326,coord-precision-round,0.0001,67,67,0,,343250,src-a1dd899f902d,,
boundaries.in.wards.state=in_s18.ulb=801860,ward,S18,,801860,boundaries/in/wards/state=in_s18/ulb=801860/all.geojson,geojson,EPSG:4326,coord-precision-round,0.0001,16,16,0,,21034,src-a1dd899f902d,,
boundaries.in.wards.state=in_s18.ulb=801861,ward,S18,,801861,boundaries/in/wards/state=in_s18/ulb=801861/all.geojson,geojson,EPSG:4326,coord-precision-round,0.0001,11,11,0,,14978,src-a1dd899f902d,,
boundaries.in.wards.state=in_s18.ulb=801862,ward,S18,,801862,boundaries/in/wards/state=in_s18/ulb=801862/all.geojson,geojson,EPSG:4326,coord-precision-round,0.0001,13,13,0,,22911,src-a1dd899f902d,,
boundaries.in.wards.state=in_s18.ulb=801863,ward,S18,,801863,boundaries/in/wards/state=in_s18/ulb=801863/all.geojson,geojson,EPSG:4326,coord-precision-round,0.0001,32,32,0,,72872,src-a1dd899f902d,,
boundaries.in.wards.state=in_s18.ulb=801864,ward,S18,,801864,boundaries/in/wards/state=in_s18/ulb=801864/all.geojson,geojson,EPSG:4326,coord-precision-round,0.0001,13,13,0,,12883,src-a1dd899f902d,,
boundaries.in.wards.state=in_s18.ulb=801865,ward,S18,,801865,boundaries/in/wards/state=in_s18/ulb=801865/all.geojson,geojson,EPSG:4326,coord-precision-round,0.0001,15,15,0,,30689,src-a1dd899f902d,,
boundaries.in.wards.state=in_s18.ulb=801866,ward,S18,,801866,boundaries/in/wards/state=in_s18/ulb=801866/all.geojson,geojson,EPSG:4326,coord-precision-round,0.0001,13,13,0,,20058,src-a1dd899f902d,,
boundaries.in.wards.state=in_s18.ulb=801867,ward,S18,,801867,boundaries/in/wards/state=in_s18/ulb=801867/all.geojson,geojson,EPSG:4326,coord-precision-round,0.0001,11,11,0,,11039,src-a1dd899f902d,,
boundaries.in.wards.state=in_s18.ulb=801868,ward,S18,,801868,boundaries/in/wards/state=in_s18/ulb=801868/all.geojson,geojson,EPSG:4326,coord-precision-round,0.0001,18,18,0,,21394,src-a1dd899f902d,,
boundaries.in.wards.state=in_s18.ulb=801869,ward,S18,,801869,boundaries/in/wards/state=in_s18/ulb=801869/all.geojson,geojson,EPSG:4326,coord-precision-round,0.0001,18,18,0,,26762,src-a1dd899f902d,,
boundaries.in.wards.state=in_s18.ulb=801870,ward,S18,,801870,boundaries/in/wards/state=in_s18/ulb=801870/all.geojson,geojson,EPSG:4326,coord-precision-round,0.0001,19,19,0,,20757,src-a1dd899f902d,,
boundaries.in.wards.state=in_s18.ulb=801871,ward,S18,,801871,boundaries/in/wards/state=in_s18/ulb=801871/all.geojson,geojson,EPSG:4326,coord-precision-round,0.0001,13,13,0,,30245,src-a1dd899f902d,,
boundaries.in.wards.state=in_s18.ulb=801872,ward,S18,,801872,boundaries/in/wards/state=in_s18/ulb=801872/all.geojson,geojson,EPSG:4326,coord-precision-round,0.0001,12,12,0,,52365,src-a1dd899f902d,,
boundaries.in.wards.state=in_s18.ulb=801873,ward,S18,,801873,boundaries/in/wards/state=in_s18/ulb=801873/all.geojson,geojson,EPSG:4326,coord-precision-round,0.0001,13,13,0,,25511,src-a1dd899f902d,,
boundaries.in.wards.state=in_s18.ulb=801874,ward,S18,,801874,boundaries/in/wards/state=in_s18/ulb=801874/all.geojson,geojson,EPSG:4326,coord-precision-round,0.0001,14,14,0,,18413,src-a1dd899f902d,,
boundaries.in.wards.state=in_s18.ulb=801876,ward,S18,,801876,boundaries/in/wards/state=in_s18/ulb=801876/all.geojson,geojson,EPSG:4326,coord-precision-round,0.0001,14,14,0,,18362,src-a1dd899f902d,,
boundaries.in.wards.state=in_s18.ulb=801877,ward,S18,,801877,boundaries/in/wards/state=in_s18/ulb=801877/all.geojson,geojson,EPSG:4326,coord-precision-round,0.0001,21,21,0,,34831,src-a1dd899f902d,,
boundaries.in.wards.state=in_s18.ulb=801878,ward,S18,,801878,boundaries/in/wards/state=in_s18/ulb=801878/all.geojson,geojson,EPSG:4326,coord-precision-round,0.0001,11,11,0,,14665,src-a1dd899f902d,,
boundaries.in.wards.state=in_s18.ulb=801879,ward,S18,,801879,boundaries/in/wards/state=in_s18/ulb=801879/all.geojson,geojson,EPSG:4326,coord-precision-round,0.0001,11,11,0,,16870,src-a1dd899f902d,,
boundaries.in.wards.state=in_s18.ulb=801880,ward,S18,,801880,boundaries/in/wards/state=in_s18/ulb=801880/all.geojson,geojson,EPSG:4326,coord-precision-round,0.0001,12,12,0,,32409,src-a1dd899f902d,,
boundaries.in.wards.state=in_s18.ulb=801881,ward,S18,,801881,boundaries/in/wards/state=in_s18/ulb=801881/all.geojson,geojson,EPSG:4326,coord-precision-round,0.0001,40,40,0,,177854,src-a1dd899f902d,,
boundaries.in.wards.state=in_s18.ulb=801882,ward,S18,,801882,boundaries/in/wards/state=in_s18/ulb=801882/all.geojson,geojson,EPSG:4326,coord-precision-round,0.0001,13,13,0,,14208,src-a1dd899f902d,,
boundaries.in.wards.state=in_s18.ulb=801883,ward,S18,,801883,boundaries/in/wards/state=in_s18/ulb=801883/all.geojson,geojson,EPSG:4326,coord-precision-round,0.0001,16,16,0,,27627,src-a1dd899f902d,,
boundaries.in.wards.state=in_s18.ulb=801884,ward,S18,,801884,boundaries/in/wards/state=in_s18/ulb=801884/all.geojson,geojson,EPSG:4326,coord-precision-round,0.0001,13,13,0,,28723,src-a1dd899f902d,,
boundaries.in.wards.state=in_s18.ulb=801885,ward,S18,,801885,boundaries/in/wards/state=in_s18/ulb=801885/all.geojson,geojson,EPSG:4326,coord-precision-round,0.0001,13,13,0,,29888,src-a1dd899f902d,,
boundaries.in.wards.state=in_s18.ulb=801886,ward,S18,,801886,boundaries/in/wards/state=in_s18/ulb=801886/all.geojson,geojson,EPSG:4326,coord-precision-round,0.0001,17,17,0,,19583,src-a1dd899f902d,,
boundaries.in.wards.state=in_s18.ulb=801887,ward,S18,,801887,boundaries/in/wards/state=in_s18/ulb=801887/all.geojson,geojson,EPSG:4326,coord-precision-round,0.0001,12,12,0,,70522,src-a1dd899f902d,,
boundaries.in.wards.state=in_s18.ulb=801888,ward,S18,,801888,boundaries/in/wards/state=in_s18/ulb=801888/all.geojson,geojson,EPSG:4326,coord-precision-round,0.0001,15,15,0,,86039,src-a1dd899f902d,,
boundaries.in.wards.state=in_s18.ulb=801889,ward,S18,,801889,boundaries/in/wards/state=in_s18/ulb=801889/all.geojson,geojson,EPSG:4326,coord-precision-round,0.0001,12,12,0,,25727,src-a1dd899f902d,,
boundaries.in.wards.state=in_s18.ulb=801890,ward,S18,,801890,boundaries/in/wards/state=in_s18/ulb=801890/all.geojson,geojson,EPSG:4326,coord-precision-round,0.0001,21,21,0,,58901,src-a1dd899f902d,,
boundaries.in.wards.state=in_s18.ulb=801891,ward,S18,,801891,boundaries/in/wards/state=in_s18/ulb=801891/all.geojson,geojson,EPSG:4326,coord-precision-round,0.0001,15,15,0,,40266,src-a1dd899f902d,,
boundaries.in.wards.state=in_s18.ulb=801892,ward,S18,,801892,boundaries/in/wards/state=in_s18/ulb=801892/all.geojson,geojson,EPSG:4326,coord-precision-round,0.0001,16,16,0,,18413,src-a1dd899f902d,,
boundaries.in.wards.state=in_s18.ulb=801893,ward,S18,,801893,boundaries/in/wards/state=in_s18/ulb=801893/all.geojson,geojson,EPSG:4326,coord-precision-round,0.0001,15,15,0,,30975,src-a1dd899f902d,,
boundaries.in.wards.state=in_s18.ulb=801894,ward,S18,,801894,boundaries/in/wards/state=in_s18/ulb=801894/all.geojson,geojson,EPSG:4326,coord-precision-round,0.0001,19,19,0,,19074,src-a1dd899f902d,,
boundaries.in.wards.state=in_s18.ulb=801895,ward,S18,,801895,boundaries/in/wards/state=in_s18/ulb=801895/all.geojson,geojson,EPSG:4326,coord-precision-round,0.0001,13,13,0,,38830,src-a1dd899f902d,,
boundaries.in.wards.state=in_s18.ulb=801896,ward,S18,,801896,boundaries/in/wards/state=in_s18/ulb=801896/all.geojson,geojson,EPSG:4326,coord-precision-round,0.0001,12,12,0,,11034,src-a1dd899f902d,,
boundaries.in.wards.state=in_s18.ulb=801897,ward,S18,,801897,boundaries/in/wards/state=in_s18/ulb=801897/all.geojson,geojson,EPSG:4326,coord-precision-round,0.0001,20,20,0,,32648,src-a1dd899f902d,,
boundaries.in.wards.state=in_s18.ulb=801898,ward,S18,,801898,boundaries/in/wards/state=in_s18/ulb=801898/all.geojson,geojson,EPSG:4326,coord-precision-round,0.0001,12,12,0,,16338,src-a1dd899f902d,,
boundaries.in.wards.state=in_s18.ulb=801899,ward,S18,,801899,boundaries/in/wards/state=in_s18/ulb=801899/all.geojson,geojson,EPSG:4326,coord-precision-round,0.0001,24,24,0,,33213,src-a1dd899f902d,,
boundaries.in.wards.state=in_s18.ulb=801900,ward,S18,,801900,boundaries/in/wards/state=in_s18/ulb=801900/all.geojson,geojson,EPSG:4326,coord-precision-round,0.0001,17,17,0,,18212,src-a1dd899f902d,,
boundaries.in.wards.state=in_s18.ulb=801901,ward,S18,,801901,boundaries/in/wards/state=in_s18/ulb=801901/all.geojson,geojson,EPSG:4326,coord-precision-round,0.0001,11,11,0,,18692,src-a1dd899f902d,,
boundaries.in.wards.state=in_s18.ulb=801902,ward,S18,,801902,boundaries/in/wards/state=in_s18/ulb=801902/all.geojson,geojson,EPSG:4326,coord-precision-round,0.0001,1,1,0,,2788,src-a1dd899f902d,,
boundaries.in.wards.state=in_s18.ulb=801904,ward,S18,,801904,boundaries/in/wards/state=in_s18/ulb=801904/all.geojson,geojson,EPSG:4326,coord-precision-round,0.0001,13,13,0,,50544,src-a1dd899f902d,,
boundaries.in.wards.state=in_s18.ulb=801906,ward,S18,,801906,boundaries/in/wards/state=in_s18/ulb=801906/all.geojson,geojson,EPSG:4326,coord-precision-round,0.0001,28,28,0,,71233,src-a1dd899f902d,,
boundaries.in.wards.state=in_s18.ulb=801909,ward,S18,,801909,boundaries/in/wards/state=in_s18/ulb=801909/all.geojson,geojson,EPSG:4326,coord-precision-round,0.0001,12,12,0,,23525,src-a1dd899f902d,,
boundaries.in.wards.state=in_s18.ulb=900079,ward,S18,,900079,boundaries/in/wards/state=in_s18/ulb=900079/all.geojson,geojson,EPSG:4326,coord-precision-round,0.0001,14,14,0,,61138,src-a1dd899f902d,,
boundaries.in.wards.state=in_s18.ulb=900085,ward,S18,,900085,boundaries/in/wards/state=in_s18/ulb=900085/all.geojson,geojson,EPSG:4326,coord-precision-round,0.0001,12,12,0,,14751,src-a1dd899f902d,,
boundaries.in.wards.state=in_s18.ulb=900180,ward,S18,,900180,boundaries/in/wards/state=in_s18/ulb=900180/all.geojson,geojson,EPSG:4326,coord-precision-round,0.0001,11,11,0,,26566,src-a1dd899f902d,,
boundaries.in.wards.state=in_s18.ulb=900186,ward,S18,,900186,boundaries/in/wards/state=in_s18/ulb=900186/all.geojson,geojson,EPSG:4326,coord-precision-round,0.0001,15,15,0,,45346,src-a1dd899f902d,,
boundaries.in.wards.state=in_s18.ulb=900187,ward,S18,,900187,boundaries/in/wards/state=in_s18/ulb=900187/all.geojson,geojson,EPSG:4326,coord-precision-round,0.0001,13,13,0,,28272,src-a1dd899f902d,,
boundaries.in.wards.state=in_s18.ulb=900190,ward,S18,,900190,boundaries/in/wards/state=in_s18/ulb=900190/all.geojson,geojson,EPSG:4326,coord-precision-round,0.0001,13,13,0,,25400,src-a1dd899f902d,,
boundaries.in.wards.state=in_s18.ulb=900191,ward,S18,,900191,boundaries/in/wards/state=in_s18/ulb=900191/all.geojson,geojson,EPSG:4326,coord-precision-round,0.0001,14,14,0,,69420,src-a1dd899f902d,,
boundaries.in.wards.state=in_s18.ulb=900493,ward,S18,,900493,boundaries/in/wards/state=in_s18/ulb=900493/all.geojson,geojson,EPSG:4326,coord-precision-round,0.0001,15,15,0,,26871,src-a1dd899f902d,,
boundaries.in.wards.state=in_s18.ulb=900495,ward,S18,,900495,boundaries/in/wards/state=in_s18/ulb=900495/all.geojson,geojson,EPSG:4326,coord-precision-round,0.0001,15,15,0,,52462,src-a1dd899f902d,,
boundaries.in.wards.state=in_s19.ulb=800143,ward,S19,,800143,boundaries/in/wards/state=in_s19/ulb=800143/all.geojson,geojson,EPSG:4326,coord-precision-round,0.0001,15,15,0,,13129,src-a1dd899f902d,,
boundaries.in.wards.state=in_s19.ulb=800144,ward,S19,,800144,boundaries/in/wards/state=in_s19/ulb=800144/all.geojson,geojson,EPSG:4326,coord-precision-round,0.0001,50,50,0,,41392,src-a1dd899f902d,,
boundaries.in.wards.state=in_s19.ulb=800145,ward,S19,,800145,boundaries/in/wards/state=in_s19/ulb=800145/all.geojson,geojson,EPSG:4326,coord-precision-round,0.0001,15,15,0,,13200,src-a1dd899f902d,,
boundaries.in.wards.state=in_s19.ulb=800146,ward,S19,,800146,boundaries/in/wards/state=in_s19/ulb=800146/all.geojson,geojson,EPSG:4326,coord-precision-round,0.0001,29,29,0,,24295,src-a1dd899f902d,,
boundaries.in.wards.state=in_s19.ulb=800147,ward,S19,,800147,boundaries/in/wards/state=in_s19/ulb=800147/all.geojson,geojson,EPSG:4326,coord-precision-round,0.0001,13,13,0,,13170,src-a1dd899f902d,,
boundaries.in.wards.state=in_s19.ulb=800148,ward,S19,,800148,boundaries/in/wards/state=in_s19/ulb=800148/all.geojson,geojson,EPSG:4326,coord-precision-round,0.0001,13,13,0,,11981,src-a1dd899f902d,,
boundaries.in.wards.state=in_s19.ulb=800149,ward,S19,,800149,boundaries/in/wards/state=in_s19/ulb=800149/all.geojson,geojson,EPSG:4326,coord-precision-round,0.0001,50,50,0,,37075,src-a1dd899f902d,,
boundaries.in.wards.state=in_s19.ulb=800150,ward,S19,,800150,boundaries/in/wards/state=in_s19/ulb=800150/all.geojson,geojson,EPSG:4326,coord-precision-round,0.0001,15,15,0,,21704,src-a1dd899f902d,,
boundaries.in.wards.state=in_s19.ulb=800151,ward,S19,,800151,boundaries/in/wards/state=in_s19/ulb=800151/all.geojson,geojson,EPSG:4326,coord-precision-round,0.0001,11,11,0,,20724,src-a1dd899f902d,,
boundaries.in.wards.state=in_s19.ulb=800152,ward,S19,,800152,boundaries/in/wards/state=in_s19/ulb=800152/all.geojson,geojson,EPSG:4326,coord-precision-round,0.0001,13,13,0,,13996,src-a1dd899f902d,,
boundaries.in.wards.state=in_s19.ulb=800153,ward,S19,,800153,boundaries/in/wards/state=in_s19/ulb=800153/all.geojson,geojson,EPSG:4326,coord-precision-round,0.0001,13,13,0,,14687,src-a1dd899f902d,,
boundaries.in.wards.state=in_s19.ulb=800154,ward,S19,,800154,boundaries/in/wards/state=in_s19/ulb=800154/all.geojson,geojson,EPSG:4326,coord-precision-round,0.0001,13,13,0,,20982,src-a1dd899f902d,,
boundaries.in.wards.state=in_s19.ulb=800155,ward,S19,,800155,boundaries/in/wards/state=in_s19/ulb=800155/all.geojson,geojson,EPSG:4326,coord-precision-round,0.0001,50,50,0,,52827,src-a1dd899f902d,,
boundaries.in.wards.state=in_s19.ulb=800156,ward,S19,,800156,boundaries/in/wards/state=in_s19/ulb=800156/all.geojson,geojson,EPSG:4326,coord-precision-round,0.0001,11,11,0,,17006,src-a1dd899f902d,,
boundaries.in.wards.state=in_s19.ulb=800157,ward,S19,,800157,boundaries/in/wards/state=in_s19/ulb=800157/all.geojson,geojson,EPSG:4326,coord-precision-round,0.0001,13,13,0,,17372,src-a1dd899f902d,,
boundaries.in.wards.state=in_s19.ulb=800158,ward,S19,,800158,boundaries/in/wards/state=in_s19/ulb=800158/all.geojson,geojson,EPSG:4326,coord-precision-round,0.0001,50,50,0,,63346,src-a1dd899f902d,,
boundaries.in.wards.state=in_s19.ulb=800159,ward,S19,,800159,boundaries/in/wards/state=in_s19/ulb=800159/all.geojson,geojson,EPSG:4326,coord-precision-round,0.0001,13,13,0,,15151,src-a1dd899f902d,,
boundaries.in.wards.state=in_s19.ulb=800160,ward,S19,,800160,boundaries/in/wards/state=in_s19/ulb=800160/all.geojson,geojson,EPSG:4326,coord-precision-round,0.0001,13,13,0,,16615,src-a1dd899f902d,,
boundaries.in.wards.state=in_s19.ulb=800161,ward,S19,,800161,boundaries/in/wards/state=in_s19/ulb=800161/all.geojson,geojson,EPSG:4326,coord-precision-round,0.0001,17,17,0,,27469,src-a1dd899f902d,,
boundaries.in.wards.state=in_s19.ulb=800162,ward,S19,,800162,boundaries/in/wards/state=in_s19/ulb=800162/all.geojson,geojson,EPSG:4326,coord-precision-round,0.0001,17,17,0,,18365,src-a1dd899f902d,,
boundaries.in.wards.state=in_s19.ulb=800163,ward,S19,,800163,boundaries/in/wards/state=in_s19/ulb=800163/all.geojson,geojson,EPSG:4326,coord-precision-round,0.0001,15,15,0,,18192,src-a1dd899f902d,,
boundaries.in.wards.state=in_s19.ulb=800164,ward,S19,,800164,boundaries/in/wards/state=in_s19/ulb=800164/all.geojson,geojson,EPSG:4326,coord-precision-round,0.0001,13,13,0,,21346,src-a1dd899f902d,,
boundaries.in.wards.state=in_s19.ulb=800165,ward,S19,,800165,boundaries/in/wards/state=in_s19/ulb=800165/all.geojson,geojson,EPSG:4326,coord-precision-round,0.0001,7,7,0,,6696,src-a1dd899f902d,,
boundaries.in.wards.state=in_s19.ulb=800166,ward,S19,,800166,boundaries/in/wards/state=in_s19/ulb=800166/all.geojson,geojson,EPSG:4326,coord-precision-round,0.0001,80,80,0,,201210,src-a1dd899f902d,,
boundaries.in.wards.state=in_s19.ulb=800167,ward,S19,,800167,boundaries/in/wards/state=in_s19/ulb=800167/all.geojson,geojson,EPSG:4326,coord-precision-round,0.0001,12,12,0,,33062,src-a1dd899f902d,,
boundaries.in.wards.state=in_s19.ulb=800168,ward,S19,,800168,boundaries/in/wards/state=in_s19/ulb=800168/all.geojson,geojson,EPSG:4326,coord-precision-round,0.0001,13,13,0,,9910,src-a1dd899f902d,,
boundaries.in.wards.state=in_s19.ulb=800169,ward,S19,,800169,boundaries/in/wards/state=in_s19/ulb=800169/all.geojson,geojson,EPSG:4326,coord-precision-round,0.0001,15,15,0,,23425,src-a1dd899f902d,,
boundaries.in.wards.state=in_s19.ulb=800170,ward,S19,,800170,boundaries/in/wards/state=in_s19/ulb=800170/all.geojson,geojson,EPSG:4326,coord-precision-round,0.0001,13,13,0,,16530,src-a1dd899f902d,,
boundaries.in.wards.state=in_s19.ulb=800171,ward,S19,,800171,boundaries/in/wards/state=in_s19/ulb=800171/all.geojson,geojson,EPSG:4326,coord-precision-round,0.0001,15,15,0,,23609,src-a1dd899f902d,,
boundaries.in.wards.state=in_s19.ulb=800172,ward,S19,,800172,boundaries/in/wards/state=in_s19/ulb=800172/all.geojson,geojson,EPSG:4326,coord-precision-round,0.0001,16,16,0,,30208,src-a1dd899f902d,,
boundaries.in.wards.state=in_s19.ulb=800173,ward,S19,,800173,boundaries/in/wards/state=in_s19/ulb=800173/all.geojson,geojson,EPSG:4326,coord-precision-round,0.0001,11,11,0,,9067,src-a1dd899f902d,,
boundaries.in.wards.state=in_s19.ulb=800174,ward,S19,,800174,boundaries/in/wards/state=in_s19/ulb=800174/all.geojson,geojson,EPSG:4326,coord-precision-round,0.0001,15,15,0,,11552,src-a1dd899f902d,,
boundaries.in.wards.state=in_s19.ulb=800175,ward,S19,,800175,boundaries/in/wards/state=in_s19/ulb=800175/all.geojson,geojson,EPSG:4326,coord-precision-round,0.0001,11,11,0,,8918,src-a1dd899f902d,,
boundaries.in.wards.state=in_s19.ulb=800176,ward,S19,,800176,boundaries/in/wards/state=in_s19/ulb=800176/all.geojson,geojson,EPSG:4326,coord-precision-round,0.0001,50,50,0,,78267,src-a1dd899f902d,,
boundaries.in.wards.state=in_s19.ulb=800177,ward,S19,,800177,boundaries/in/wards/state=in_s19/ulb=800177/all.geojson,geojson,EPSG:4326,coord-precision-round,0.0001,9,9,0,,11059,src-a1dd899f902d,,
boundaries.in.wards.state=in_s19.ulb=800178,ward,S19,,800178,boundaries/in/wards/state=in_s19/ulb=800178/all.geojson,geojson,EPSG:4326,coord-precision-round,0.0001,13,13,0,,14176,src-a1dd899f902d,,
boundaries.in.wards.state=in_s19.ulb=800179,ward,S19,,800179,boundaries/in/wards/state=in_s19/ulb=800179/all.geojson,geojson,EPSG:4326,coord-precision-round,0.0001,13,13,0,,13717,src-a1dd899f902d,,
boundaries.in.wards.state=in_s19.ulb=800180,ward,S19,,800180,boundaries/in/wards/state=in_s19/ulb=800180/all.geojson,geojson,EPSG:4326,coord-precision-round,0.0001,14,14,0,,16514,src-a1dd899f902d,,
boundaries.in.wards.state=in_s19.ulb=800181,ward,S19,,800181,boundaries/in/wards/state=in_s19/ulb=800181/all.geojson,geojson,EPSG:4326,coord-precision-round,0.0001,19,19,0,,28780,src-a1dd899f902d,,
boundaries.in.wards.state=in_s19.ulb=800182,ward,S19,,800182,boundaries/in/wards/state=in_s19/ulb=800182/all.geojson,geojson,EPSG:4326,coord-precision-round,0.0001,13,13,0,,30387,src-a1dd899f902d,,
boundaries.in.wards.state=in_s19.ulb=800183,ward,S19,,800183,boundaries/in/wards/state=in_s19/ulb=800183/all.geojson,geojson,EPSG:4326,coord-precision-round,0.0001,15,15,0,,17876,src-a1dd899f902d,,
boundaries.in.wards.state=in_s19.ulb=800184,ward,S19,,800184,boundaries/in/wards/state=in_s19/ulb=800184/all.geojson,geojson,EPSG:4326,coord-precision-round,0.0001,15,15,0,,23115,src-a1dd899f902d,,
boundaries.in.wards.state=in_s19.ulb=800185,ward,S19,,800185,boundaries/in/wards/state=in_s19/ulb=800185/all.geojson,geojson,EPSG:4326,coord-precision-round,0.0001,23,23,0,,22308,src-a1dd899f902d,,
boundaries.in.wards.state=in_s19.ulb=800186,ward,S19,,800186,boundaries/in/wards/state=in_s19/ulb=800186/all.geojson,geojson,EPSG:4326,coord-precision-round,0.0001,13,13,0,,18466,src-a1dd899f902d,,
boundaries.in.wards.state=in_s19.ulb=800187,ward,S19,,800187,boundaries/in/wards/state=in_s19/ulb=800187/all.geojson,geojson,EPSG:4326,coord-precision-round,0.0001,29,29,0,,25427,src-a1dd899f902d,,
boundaries.in.wards.state=in_s19.ulb=800188,ward,S19,,800188,boundaries/in/wards/state=in_s19/ulb=800188/all.geojson,geojson,EPSG:4326,coord-precision-round,0.0001,13,13,0,,13388,src-a1dd899f902d,,
boundaries.in.wards.state=in_s19.ulb=800189,ward,S19,,800189,boundaries/in/wards/state=in_s19/ulb=800189/all.geojson,geojson,EPSG:4326,coord-precision-round,0.0001,15,15,0,,12488,src-a1dd899f902d,,
boundaries.in.wards.state=in_s19.ulb=800190,ward,S19,,800190,boundaries/in/wards/state=in_s19/ulb=800190/all.geojson,geojson,EPSG:4326,coord-precision-round,0.0001,15,15,0,,15043,src-a1dd899f902d,,
boundaries.in.wards.state=in_s19.ulb=800191,ward,S19,,800191,boundaries/in/wards/state=in_s19/ulb=800191/all.geojson,geojson,EPSG:4326,coord-precision-round,0.0001,33,33,0,,76922,src-a1dd899f902d,,
boundaries.in.wards.state=in_s19.ulb=800192,ward,S19,,800192,boundaries/in/wards/state=in_s19/ulb=800192/all.geojson,geojson,EPSG:4326,coord-precision-round,0.0001,11,11,0,,18547,src-a1dd899f902d,,
boundaries.in.wards.state=in_s19.ulb=800193,ward,S19,,800193,boundaries/in/wards/state=in_s19/ulb=800193/all.geojson,geojson,EPSG:4326,coord-precision-round,0.0001,10,10,0,,17003,src-a1dd899f902d,,
boundaries.in.wards.state=in_s19.ulb=800194,ward,S19,,800194,boundaries/in/wards/state=in_s19/ulb=800194/all.geojson,geojson,EPSG:4326,coord-precision-round,0.0001,15,15,0,,24231,src-a1dd899f902d,,
boundaries.in.wards.state=in_s19.ulb=800195,ward,S19,,800195,boundaries/in/wards/state=in_s19/ulb=800195/all.geojson,geojson,EPSG:4326,coord-precision-round,0.0001,15,15,0,,19311,src-a1dd899f902d,,
boundaries.in.wards.state=in_s19.ulb=800196,ward,S19,,800196,boundaries/in/wards/state=in_s19/ulb=800196/all.geojson,geojson,EPSG:4326,coord-precision-round,0.0001,95,95,0,,163809,src-a1dd899f902d,,
boundaries.in.wards.state=in_s19.ulb=800197,ward,S19,,800197,boundaries/in/wards/state=in_s19/ulb=800197/all.geojson,geojson,EPSG:4326,coord-precision-round,0.0001,13,13,0,,13105,src-a1dd899f902d,,
boundaries.in.wards.state=in_s19.ulb=800198,ward,S19,,800198,boundaries/in/wards/state=in_s19/ulb=800198/all.geojson,geojson,EPSG:4326,coord-precision-round,0.0001,15,15,0,,26578,src-a1dd899f902d,,
boundaries.in.wards.state=in_s19.ulb=800199,ward,S19,,800199,boundaries/in/wards/state=in_s19/ulb=800199/all.geojson,geojson,EPSG:4326,coord-precision-round,0.0001,23,23,0,,32016,src-a1dd899f902d,,
boundaries.in.wards.state=in_s19.ulb=800200,ward,S19,,800200,boundaries/in/wards/state=in_s19/ulb=800200/all.geojson,geojson,EPSG:4326,coord-precision-round,0.0001,13,13,0,,13402,src-a1dd899f902d,,
boundaries.in.wards.state=in_s19.ulb=800201,ward,S19,,800201,boundaries/in/wards/state=in_s19/ulb=800201/all.geojson,geojson,EPSG:4326,coord-precision-round,0.0001,15,15,0,,23220,src-a1dd899f902d,,
boundaries.in.wards.state=in_s19.ulb=800202,ward,S19,,800202,boundaries/in/wards/state=in_s19/ulb=800202/all.geojson,geojson,EPSG:4326,coord-precision-round,0.0001,50,50,0,,45851,src-a1dd899f902d,,
boundaries.in.wards.state=in_s19.ulb=800203,ward,S19,,800203,boundaries/in/wards/state=in_s19/ulb=800203/all.geojson,geojson,EPSG:4326,coord-precision-round,0.0001,13,13,0,,25794,src-a1dd899f902d,,
boundaries.in.wards.state=in_s19.ulb=800204,ward,S19,,800204,boundaries/in/wards/state=in_s19/ulb=800204/all.geojson,geojson,EPSG:4326,coord-precision-round,0.0001,13,13,0,,28162,src-a1dd899f902d,,
boundaries.in.wards.state=in_s19.ulb=800205,ward,S19,,800205,boundaries/in/wards/state=in_s19/ulb=800205/all.geojson,geojson,EPSG:4326,coord-precision-round,0.0001,17,17,0,,20100,src-a1dd899f902d,,
boundaries.in.wards.state=in_s19.ulb=800206,ward,S19,,800206,boundaries/in/wards/state=in_s19/ulb=800206/all.geojson,geojson,EPSG:4326,coord-precision-round,0.0001,13,13,0,,20704,src-a1dd899f902d,,
boundaries.in.wards.state=in_s19.ulb=800207,ward,S19,,800207,boundaries/in/wards/state=in_s19/ulb=800207/all.geojson,geojson,EPSG:4326,coord-precision-round,0.0001,33,33,0,,50020,src-a1dd899f902d,,
boundaries.in.wards.state=in_s19.ulb=800209,ward,S19,,800209,boundaries/in/wards/state=in_s19/ulb=800209/all.geojson,geojson,EPSG:4326,coord-precision-round,0.0001,13,13,0,,19670,src-a1dd899f902d,,
boundaries.in.wards.state=in_s19.ulb=800210,ward,S19,,800210,boundaries/in/wards/state=in_s19/ulb=800210/all.geojson,geojson,EPSG:4326,coord-precision-round,0.0001,13,13,0,,17633,src-a1dd899f902d,,
boundaries.in.wards.state=in_s19.ulb=800211,ward,S19,,800211,boundaries/in/wards/state=in_s19/ulb=800211/all.geojson,geojson,EPSG:4326,coord-precision-round,0.0001,15,15,0,,15651,src-a1dd899f902d,,
boundaries.in.wards.state=in_s19.ulb=800212,ward,S19,,800212,boundaries/in/wards/state=in_s19/ulb=800212/all.geojson,geojson,EPSG:4326,coord-precision-round,0.0001,17,17,0,,30652,src-a1dd899f902d,,
boundaries.in.wards.state=in_s19.ulb=800213,ward,S19,,800213,boundaries/in/wards/state=in_s19/ulb=800213/all.geojson,geojson,EPSG:4326,coord-precision-round,0.0001,25,25,0,,34921,src-a1dd899f902d,,
boundaries.in.wards.state=in_s19.ulb=800214,ward,S19,,800214,boundaries/in/wards/state=in_s19/ulb=800214/all.geojson,geojson,EPSG:4326,coord-precision-round,0.0001,50,50,0,,163423,src-a1dd899f902d,,
boundaries.in.wards.state=in_s19.ulb=800215,ward,S19,,800215,boundaries/in/wards/state=in_s19/ulb=800215/all.geojson,geojson,EPSG:4326,coord-precision-round,0.0001,27,27,0,,22378,src-a1dd899f902d,,
boundaries.in.wards.state=in_s19.ulb=800216,ward,S19,,800216,boundaries/in/wards/state=in_s19/ulb=800216/all.geojson,geojson,EPSG:4326,coord-precision-round,0.0001,19,19,0,,14661,src-a1dd899f902d,,
boundaries.in.wards.state=in_s19.ulb=800217,ward,S19,,800217,boundaries/in/wards/state=in_s19/ulb=800217/all.geojson,geojson,EPSG:4326,coord-precision-round,0.0001,31,31,0,,47104,src-a1dd899f902d,,
boundaries.in.wards.state=in_s19.ulb=800218,ward,S19,,800218,boundaries/in/wards/state=in_s19/ulb=800218/all.geojson,geojson,EPSG:4326,coord-precision-round,0.0001,11,11,0,,8418,src-a1dd899f902d,,
boundaries.in.wards.state=in_s19.ulb=800219,ward,S19,,800219,boundaries/in/wards/state=in_s19/ulb=800219/all.geojson,geojson,EPSG:4326,coord-precision-round,0.0001,24,24,0,,21308,src-a1dd899f902d,,
boundaries.in.wards.state=in_s19.ulb=800220,ward,S19,,800220,boundaries/in/wards/state=in_s19/ulb=800220/all.geojson,geojson,EPSG:4326,coord-precision-round,0.0001,29,29,0,,44316,src-a1dd899f902d,,
boundaries.in.wards.state=in_s19.ulb=800221,ward,S19,,800221,boundaries/in/wards/state=in_s19/ulb=800221/all.geojson,geojson,EPSG:4326,coord-precision-round,0.0001,17,17,0,,28023,src-a1dd899f902d,,
boundaries.in.wards.state=in_s19.ulb=800222,ward,S19,,800222,boundaries/in/wards/state=in_s19/ulb=800222/all.geojson,geojson,EPSG:4326,coord-precision-round,0.0001,13,13,0,,14280,src-a1dd899f902d,,
boundaries.in.wards.state=in_s19.ulb=800223,ward,S19,,800223,boundaries/in/wards/state=in_s19/ulb=800223/all.geojson,geojson,EPSG:4326,coord-precision-round,0.0001,22,22,0,,25819,src-a1dd899f902d,,
boundaries.in.wards.state=in_s19.ulb=800224,ward,S19,,800224,boundaries/in/wards/state=in_s19/ulb=800224/all.geojson,geojson,EPSG:4326,coord-precision-round,0.0001,13,13,0,,11735,src-a1dd899f902d,,
boundaries.in.wards.state=in_s19.ulb=800225,ward,S19,,800225,boundaries/in/wards/state=in_s19/ulb=800225/all.geojson,geojson,EPSG:4326,coord-precision-round,0.0001,13,13,0,,11607,src-a1dd899f902d,,
boundaries.in.wards.state=in_s19.ulb=800226,ward,S19,,800226,boundaries/in/wards/state=in_s19/ulb=800226/all.geojson,geojson,EPSG:4326,coord-precision-round,0.0001,50,50,0,,105737,src-a1dd899f902d,,
boundaries.in.wards.state=in_s19.ulb=800227,ward,S19,,800227,boundaries/in/wards/state=in_s19/ulb=800227/all.geojson,geojson,EPSG:4326,coord-precision-round,0.0001,9,9,0,,7755,src-a1dd899f902d,,
boundaries.in.wards.state=in_s19.ulb=800228,ward,S19,,800228,boundaries/in/wards/state=in_s19/ulb=800228/all.geojson,geojson,EPSG:4326,coord-precision-round,0.0001,11,11,0,,13631,src-a1dd899f902d,,
boundaries.in.wards.state=in_s19.ulb=800229,ward,S19,,800229,boundaries/in/wards/state=in_s19/ulb=800229/all.geojson,geojson,EPSG:4326,coord-precision-round,0.0001,15,15,0,,12299,src-a1dd899f902d,,
boundaries.in.wards.state=in_s19.ulb=800230,ward,S19,,800230,boundaries/in/wards/state=in_s19/ulb=800230/all.geojson,geojson,EPSG:4326,coord-precision-round,0.0001,14,14,0,,14706,src-a1dd899f902d,,
boundaries.in.wards.state=in_s19.ulb=800231,ward,S19,,800231,boundaries/in/wards/state=in_s19/ulb=800231/all.geojson,geojson,EPSG:4326,coord-precision-round,0.0001,17,17,0,,20740,src-a1dd899f902d,,
boundaries.in.wards.state=in_s19.ulb=800232,ward,S19,,800232,boundaries/in/wards/state=in_s19/ulb=800232/all.geojson,geojson,EPSG:4326,coord-precision-round,0.0001,15,15,0,,16070,src-a1dd899f902d,,
boundaries.in.wards.state=in_s19.ulb=800233,ward,S19,,800233,boundaries/in/wards/state=in_s19/ulb=800233/all.geojson,geojson,EPSG:4326,coord-precision-round,0.0001,13,13,0,,18377,src-a1dd899f902d,,
boundaries.in.wards.state=in_s19.ulb=800234,ward,S19,,800234,boundaries/in/wards/state=in_s19/ulb=800234/all.geojson,geojson,EPSG:4326,coord-precision-round,0.0001,19,19,0,,16548,src-a1dd899f902d,,
boundaries.in.wards.state=in_s19.ulb=800235,ward,S19,,800235,boundaries/in/wards/state=in_s19/ulb=800235/all.geojson,geojson,EPSG:4326,coord-precision-round,0.0001,13,13,0,,16263,src-a1dd899f902d,,
boundaries.in.wards.state=in_s19.ulb=800236,ward,S19,,800236,boundaries/in/wards/state=in_s19/ulb=800236/all.geojson,geojson,EPSG:4326,coord-precision-round,0.0001,27,27,0,,33756,src-a1dd899f902d,,
boundaries.in.wards.state=in_s19.ulb=800237,ward,S19,,800237,boundaries/in/wards/state=in_s19/ulb=800237/all.geojson,geojson,EPSG:4326,coord-precision-round,0.0001,21,21,0,,28522,src-a1dd899f902d,,
boundaries.in.wards.state=in_s19.ulb=800238,ward,S19,,800238,boundaries/in/wards/state=in_s19/ulb=800238/all.geojson,geojson,EPSG:4326,coord-precision-round,0.0001,17,17,0,,15048,src-a1dd899f902d,,
boundaries.in.wards.state=in_s19.ulb=800239,ward,S19,,800239,boundaries/in/wards/state=in_s19/ulb=800239/all.geojson,geojson,EPSG:4326,coord-precision-round,0.0001,13,13,0,,12977,src-a1dd899f902d,,
boundaries.in.wards.state=in_s19.ulb=800240,ward,S19,,800240,boundaries/in/wards/state=in_s19/ulb=800240/all.geojson,geojson,EPSG:4326,coord-precision-round,0.0001,23,23,0,,54805,src-a1dd899f902d,,
boundaries.in.wards.state=in_s19.ulb=800241,ward,S19,,800241,boundaries/in/wards/state=in_s19/ulb=800241/all.geojson,geojson,EPSG:4326,coord-precision-round,0.0001,10,10,0,,8321,src-a1dd899f902d,,
boundaries.in.wards.state=in_s19.ulb=800242,ward,S19,,800242,boundaries/in/wards/state=in_s19/ulb=800242/all.geojson,geojson,EPSG:4326,coord-precision-round,0.0001,60,60,0,,127757,src-a1dd899f902d,,
boundaries.in.wards.state=in_s19.ulb=800243,ward,S19,,800243,boundaries/in/wards/state=in_s19/ulb=800243/all.geojson,geojson,EPSG:4326,coord-precision-round,0.0001,16,16,0,,22427,src-a1dd899f902d,,
boundaries.in.wards.state=in_s19.ulb=800244,ward,S19,,800244,boundaries/in/wards/state=in_s19/ulb=800244/all.geojson,geojson,EPSG:4326,coord-precision-round,0.0001,11,11,0,,15097,src-a1dd899f902d,,
boundaries.in.wards.state=in_s19.ulb=800245,ward,S19,,800245,boundaries/in/wards/state=in_s19/ulb=800245/all.geojson,geojson,EPSG:4326,coord-precision-round,0.0001,31,31,0,,62683,src-a1dd899f902d,,
boundaries.in.wards.state=in_s19.ulb=800246,ward,S19,,800246,boundaries/in/wards/state=in_s19/ulb=800246/all.geojson,geojson,EPSG:4326,coord-precision-round,0.0001,11,11,0,,21322,src-a1dd899f902d,,
boundaries.in.wards.state=in_s19.ulb=800247,ward,S19,,800247,boundaries/in/wards/state=in_s19/ulb=800247/all.geojson,geojson,EPSG:4326,coord-precision-round,0.0001,15,15,0,,14643,src-a1dd899f902d,,
boundaries.in.wards.state=in_s19.ulb=800248,ward,S19,,800248,boundaries/in/wards/state=in_s19/ulb=800248/all.geojson,geojson,EPSG:4326,coord-precision-round,0.0001,13,13,0,,13965,src-a1dd899f902d,,
boundaries.in.wards.state=in_s19.ulb=800249,ward,S19,,800249,boundaries/in/wards/state=in_s19/ulb=800249/all.geojson,geojson,EPSG:4326,coord-precision-round,0.0001,13,13,0,,12342,src-a1dd899f902d,,
boundaries.in.wards.state=in_s19.ulb=800251,ward,S19,,800251,boundaries/in/wards/state=in_s19/ulb=800251/all.geojson,geojson,EPSG:4326,coord-precision-round,0.0001,15,15,0,,11542,src-a1dd899f902d,,
boundaries.in.wards.state=in_s19.ulb=800252,ward,S19,,800252,boundaries/in/wards/state=in_s19/ulb=800252/all.geojson,geojson,EPSG:4326,coord-precision-round,0.0001,85,85,0,,101083,src-a1dd899f902d,,
boundaries.in.wards.state=in_s19.ulb=800253,ward,S19,,800253,boundaries/in/wards/state=in_s19/ulb=800253/all.geojson,geojson,EPSG:4326,coord-precision-round,0.0001,13,13,0,,16120,src-a1dd899f902d,,
boundaries.in.wards.state=in_s19.ulb=800254,ward,S19,,800254,boundaries/in/wards/state=in_s19/ulb=800254/all.geojson,geojson,EPSG:4326,coord-precision-round,0.0001,25,25,0,,32739,src-a1dd899f902d,,
boundaries.in.wards.state=in_s19.ulb=800255,ward,S19,,800255,boundaries/in/wards/state=in_s19/ulb=800255/all.geojson,geojson,EPSG:4326,coord-precision-round,0.0001,19,19,0,,15999,src-a1dd899f902d,,
boundaries.in.wards.state=in_s19.ulb=800256,ward,S19,,800256,boundaries/in/wards/state=in_s19/ulb=800256/all.geojson,geojson,EPSG:4326,coord-precision-round,0.0001,13,13,0,,10310,src-a1dd899f902d,,
boundaries.in.wards.state=in_s19.ulb=800257,ward,S19,,800257,boundaries/in/wards/state=in_s19/ulb=800257/all.geojson,geojson,EPSG:4326,coord-precision-round,0.0001,13,13,0,,13612,src-a1dd899f902d,,
boundaries.in.wards.state=in_s19.ulb=800258,ward,S19,,800258,boundaries/in/wards/state=in_s19/ulb=800258/all.geojson,geojson,EPSG:4326,coord-precision-round,0.0001,19,19,0,,26440,src-a1dd899f902d,,
boundaries.in.wards.state=in_s19.ulb=800259,ward,S19,,800259,boundaries/in/wards/state=in_s19/ulb=800259/all.geojson,geojson,EPSG:4326,coord-precision-round,0.0001,21,21,0,,16121,src-a1dd899f902d,,
boundaries.in.wards.state=in_s19.ulb=800260,ward,S19,,800260,boundaries/in/wards/state=in_s19/ulb=800260/all.geojson,geojson,EPSG:4326,coord-precision-round,0.0001,13,13,0,,24467,src-a1dd899f902d,,
boundaries.in.wards.state=in_s19.ulb=800261,ward,S19,,800261,boundaries/in/wards/state=in_s19/ulb=800261/all.geojson,geojson,EPSG:4326,coord-precision-round,0.0001,15,15,0,,12821,src-a1dd899f902d,,
boundaries.in.wards.state=in_s19.ulb=800262,ward,S19,,800262,boundaries/in/wards/state=in_s19/ulb=800262/all.geojson,geojson,EPSG:4326,coord-precision-round,0.0001,17,17,0,,22169,src-a1dd899f902d,,
boundaries.in.wards.state=in_s19.ulb=800263,ward,S19,,800263,boundaries/in/wards/state=in_s19/ulb=800263/all.geojson,geojson,EPSG:4326,coord-precision-round,0.0001,27,27,0,,33390,src-a1dd899f902d,,
boundaries.in.wards.state=in_s19.ulb=800264,ward,S19,,800264,boundaries/in/wards/state=in_s19/ulb=800264/all.geojson,geojson,EPSG:4326,coord-precision-round,0.0001,21,21,0,,27085,src-a1dd899f902d,,
boundaries.in.wards.state=in_s19.ulb=800265,ward,S19,,800265,boundaries/in/wards/state=in_s19/ulb=800265/all.geojson,geojson,EPSG:4326,coord-precision-round,0.0001,13,13,0,,14647,src-a1dd899f902d,,
boundaries.in.wards.state=in_s19.ulb=800266,ward,S19,,800266,boundaries/in/wards/state=in_s19/ulb=800266/all.geojson,geojson,EPSG:4326,coord-precision-round,0.0001,50,50,0,,71678,src-a1dd899f902d,,
boundaries.in.wards.state=in_s19.ulb=800267,ward,S19,,800267,boundaries/in/wards/state=in_s19/ulb=800267/all.geojson,geojson,EPSG:4326,coord-precision-round,0.0001,31,31,0,,56663,src-a1dd899f902d,,
boundaries.in.wards.state=in_s19.ulb=800268,ward,S19,,800268,boundaries/in/wards/state=in_s19/ulb=800268/all.geojson,geojson,EPSG:4326,coord-precision-round,0.0001,19,19,0,,19998,src-a1dd899f902d,,
boundaries.in.wards.state=in_s19.ulb=800269,ward,S19,,800269,boundaries/in/wards/state=in_s19/ulb=800269/all.geojson,geojson,EPSG:4326,coord-precision-round,0.0001,17,17,0,,18929,src-a1dd899f902d,,
boundaries.in.wards.state=in_s19.ulb=800270,ward,S19,,800270,boundaries/in/wards/state=in_s19/ulb=800270/all.geojson,geojson,EPSG:4326,coord-precision-round,0.0001,33,33,0,,75646,src-a1dd899f902d,,
boundaries.in.wards.state=in_s19.ulb=800271,ward,S19,,800271,boundaries/in/wards/state=in_s19/ulb=800271/all.geojson,geojson,EPSG:4326,coord-precision-round,0.0001,21,21,0,,20024,src-a1dd899f902d,,
boundaries.in.wards.state=in_s19.ulb=800272,ward,S19,,800272,boundaries/in/wards/state=in_s19/ulb=800272/all.geojson,geojson,EPSG:4326,coord-precision-round,0.0001,15,15,0,,16356,src-a1dd899f902d,,
boundaries.in.wards.state=in_s19.ulb=800273,ward,S19,,800273,boundaries/in/wards/state=in_s19/ulb=800273/all.geojson,geojson,EPSG:4326,coord-precision-round,0.0001,29,29,0,,26171,src-a1dd899f902d,,
boundaries.in.wards.state=in_s19.ulb=800274,ward,S19,,800274,boundaries/in/wards/state=in_s19/ulb=800274/all.geojson,geojson,EPSG:4326,coord-precision-round,0.0001,15,15,0,,16369,src-a1dd899f902d,,
boundaries.in.wards.state=in_s19.ulb=800275,ward,S19,,800275,boundaries/in/wards/state=in_s19/ulb=800275/all.geojson,geojson,EPSG:4326,coord-precision-round,0.0001,13,13,0,,11606,src-a1dd899f902d,,
boundaries.in.wards.state=in_s19.ulb=800276,ward,S19,,800276,boundaries/in/wards/state=in_s19/ulb=800276/all.geojson,geojson,EPSG:4326,coord-precision-round,0.0001,23,23,0,,32293,src-a1dd899f902d,,
boundaries.in.wards.state=in_s19.ulb=800277,ward,S19,,800277,boundaries/in/wards/state=in_s19/ulb=800277/all.geojson,geojson,EPSG:4326,coord-precision-round,0.0001,13,13,0,,10779,src-a1dd899f902d,,
boundaries.in.wards.state=in_s19.ulb=800278,ward,S19,,800278,boundaries/in/wards/state=in_s19/ulb=800278/all.geojson,geojson,EPSG:4326,coord-precision-round,0.0001,15,15,0,,14567,src-a1dd899f902d,,
boundaries.in.wards.state=in_s19.ulb=800279,ward,S19,,800279,boundaries/in/wards/state=in_s19/ulb=800279/all.geojson,geojson,EPSG:4326,coord-precision-round,0.0001,13,13,0,,16009,src-a1dd899f902d,,
boundaries.in.wards.state=in_s19.ulb=800280,ward,S19,,800280,boundaries/in/wards/state=in_s19/ulb=800280/all.geojson,geojson,EPSG:4326,coord-precision-round,0.0001,13,13,0,,20777,src-a1dd899f902d,,
boundaries.in.wards.state=in_s19.ulb=800281,ward,S19,,800281,boundaries/in/wards/state=in_s19/ulb=800281/all.geojson,geojson,EPSG:4326,coord-precision-round,0.0001,31,31,0,,51016,src-a1dd899f902d,,
boundaries.in.wards.state=in_s19.ulb=800282,ward,S19,,800282,boundaries/in/wards/state=in_s19/ulb=800282/all.geojson,geojson,EPSG:4326,coord-precision-round,0.0001,13,13,0,,20368,src-a1dd899f902d,,
boundaries.in.wards.state=in_s19.ulb=800283,ward,S19,,800283,boundaries/in/wards/state=in_s19/ulb=800283/all.geojson,geojson,EPSG:4326,coord-precision-round,0.0001,13,13,0,,20806,src-a1dd899f902d,,
boundaries.in.wards.state=in_s19.ulb=800284,ward,S19,,800284,boundaries/in/wards/state=in_s19/ulb=800284/all.geojson,geojson,EPSG:4326,coord-precision-round,0.0001,15,15,0,,10269,src-a1dd899f902d,,
boundaries.in.wards.state=in_s19.ulb=800285,ward,S19,,800285,boundaries/in/wards/state=in_s19/ulb=800285/all.geojson,geojson,EPSG:4326,coord-precision-round,0.0001,13,13,0,,10686,src-a1dd899f902d,,
boundaries.in.wards.state=in_s19.ulb=900024,ward,S19,,900024,boundaries/in/wards/state=in_s19/ulb=900024/all.geojson,geojson,EPSG:4326,coord-precision-round,0.0001,14,14,0,,14554,src-a1dd899f902d,,
boundaries.in.wards.state=in_s19.ulb=900043,ward,S19,,900043,boundaries/in/wards/state=in_s19/ulb=900043/all.geojson,geojson,EPSG:4326,coord-precision-round,0.0001,13,13,0,,20957,src-a1dd899f902d,,
boundaries.in.wards.state=in_s19.ulb=900044,ward,S19,,900044,boundaries/in/wards/state=in_s19/ulb=900044/all.geojson,geojson,EPSG:4326,coord-precision-round,0.0001,13,13,0,,20593,src-a1dd899f902d,,
boundaries.in.wards.state=in_s19.ulb=900045,ward,S19,,900045,boundaries/in/wards/state=in_s19/ulb=900045/all.geojson,geojson,EPSG:4326,coord-precision-round,0.0001,13,13,0,,10000,src-a1dd899f902d,,
boundaries.in.wards.state=in_s19.ulb=900046,ward,S19,,900046,boundaries/in/wards/state=in_s19/ulb=900046/all.geojson,geojson,EPSG:4326,coord-precision-round,0.0001,11,11,0,,15812,src-a1dd899f902d,,
boundaries.in.wards.state=in_s19.ulb=900047,ward,S19,,900047,boundaries/in/wards/state=in_s19/ulb=900047/all.geojson,geojson,EPSG:4326,coord-precision-round,0.0001,13,13,0,,13070,src-a1dd899f902d,,
boundaries.in.wards.state=in_s19.ulb=900048,ward,S19,,900048,boundaries/in/wards/state=in_s19/ulb=900048/all.geojson,geojson,EPSG:4326,coord-precision-round,0.0001,11,11,0,,12420,src-a1dd899f902d,,
boundaries.in.wards.state=in_s19.ulb=900052,ward,S19,,900052,boundaries/in/wards/state=in_s19/ulb=900052/all.geojson,geojson,EPSG:4326,coord-precision-round,0.0001,10,10,0,,12647,src-a1dd899f902d,,
boundaries.in.wards.state=in_s19.ulb=900053,ward,S19,,900053,boundaries/in/wards/state=in_s19/ulb=900053/all.geojson,geojson,EPSG:4326,coord-precision-round,0.0001,13,13,0,,11196,src-a1dd899f902d,,
boundaries.in.wards.state=in_s19.ulb=900054,ward,S19,,900054,boundaries/in/wards/state=in_s19/ulb=900054/all.geojson,geojson,EPSG:4326,coord-precision-round,0.0001,11,11,0,,12220,src-a1dd899f902d,,
boundaries.in.wards.state=in_s19.ulb=900055,ward,S19,,900055,boundaries/in/wards/state=in_s19/ulb=900055/all.geojson,geojson,EPSG:4326,coord-precision-round,0.0001,13,13,0,,12799,src-a1dd899f902d,,
boundaries.in.wards.state=in_s19.ulb=900056,ward,S19,,900056,boundaries/in/wards/state=in_s19/ulb=900056/all.geojson,geojson,EPSG:4326,coord-precision-round,0.0001,11,11,0,,13161,src-a1dd899f902d,,
boundaries.in.wards.state=in_s19.ulb=900057,ward,S19,,900057,boundaries/in/wards/state=in_s19/ulb=900057/all.geojson,geojson,EPSG:4326,coord-precision-round,0.0001,11,11,0,,12771,src-a1dd899f902d,,
boundaries.in.wards.state=in_s19.ulb=900058,ward,S19,,900058,boundaries/in/wards/state=in_s19/ulb=900058/all.geojson,geojson,EPSG:4326,coord-precision-round,0.0001,11,11,0,,11828,src-a1dd899f902d,,
boundaries.in.wards.state=in_s19.ulb=900059,ward,S19,,900059,boundaries/in/wards/state=in_s19/ulb=900059/all.geojson,geojson,EPSG:4326,coord-precision-round,0.0001,17,17,0,,19269,src-a1dd899f902d,,
boundaries.in.wards.state=in_s19.ulb=900060,ward,S19,,900060,boundaries/in/wards/state=in_s19/ulb=900060/all.geojson,geojson,EPSG:4326,coord-precision-round,0.0001,13,13,0,,15310,src-a1dd899f902d,,
boundaries.in.wards.state=in_s19.ulb=900061,ward,S19,,900061,boundaries/in/wards/state=in_s19/ulb=900061/all.geojson,geojson,EPSG:4326,coord-precision-round,0.0001,13,13,0,,14122,src-a1dd899f902d,,
boundaries.in.wards.state=in_s19.ulb=900062,ward,S19,,900062,boundaries/in/wards/state=in_s19/ulb=900062/all.geojson,geojson,EPSG:4326,coord-precision-round,0.0001,11,11,0,,28401,src-a1dd899f902d,,
boundaries.in.wards.state=in_s19.ulb=900107,ward,S19,,900107,boundaries/in/wards/state=in_s19/ulb=900107/all.geojson,geojson,EPSG:4326,coord-precision-round,0.0001,11,11,0,,16895,src-a1dd899f902d,,
boundaries.in.wards.state=in_s19.ulb=900176,ward,S19,,900176,boundaries/in/wards/state=in_s19/ulb=900176/all.geojson,geojson,EPSG:4326,coord-precision-round,0.0001,13,13,0,,16614,src-a1dd899f902d,,
boundaries.in.wards.state=in_s19.ulb=900482,ward,S19,,900482,boundaries/in/wards/state=in_s19/ulb=900482/all.geojson,geojson,EPSG:4326,coord-precision-round,0.0001,11,11,0,,22525,src-a1dd899f902d,,
boundaries.in.wards.state=in_s19.ulb=900483,ward,S19,,900483,boundaries/in/wards/state=in_s19/ulb=900483/all.geojson,geojson,EPSG:4326,coord-precision-round,0.0001,13,13,0,,27681,src-a1dd899f902d,,
boundaries.in.wards.state=in_s19.ulb=900485,ward,S19,,900485,boundaries/in/wards/state=in_s19/ulb=900485/all.geojson,geojson,EPSG:4326,coord-precision-round,0.0001,11,11,0,,12114,src-a1dd899f902d,,
boundaries.in.wards.state=in_s20.ulb=800444,ward,S20,,800444,boundaries/in/wards/state=in_s20/ulb=800444/all.geojson,geojson,EPSG:4326,coord-precision-round,0.0001,20,20,0,,16330,src-a1dd899f902d,,
boundaries.in.wards.state=in_s20.ulb=800445,ward,S20,,800445,boundaries/in/wards/state=in_s20/ulb=800445/all.geojson,geojson,EPSG:4326,coord-precision-round,0.0001,25,25,0,,20210,src-a1dd899f902d,,
boundaries.in.wards.state=in_s20.ulb=800446,ward,S20,,800446,boundaries/in/wards/state=in_s20/ulb=800446/all.geojson,geojson,EPSG:4326,coord-precision-round,0.0001,65,65,0,,59866,src-a1dd899f902d,,
boundaries.in.wards.state=in_s20.ulb=800448,ward,S20,,800448,boundaries/in/wards/state=in_s20/ulb=800448/all.geojson,geojson,EPSG:4326,coord-precision-round,0.0001,20,20,0,,17383,src-a1dd899f902d,,
boundaries.in.wards.state=in_s20.ulb=800449,ward,S20,,800449,boundaries/in/wards/state=in_s20/ulb=800449/all.geojson,geojson,EPSG:4326,coord-precision-round,0.0001,25,25,0,,25855,src-a1dd899f902d,,
boundaries.in.wards.state=in_s20.ulb=800450,ward,S20,,800450,boundaries/in/wards/state=in_s20/ulb=800450/all.geojson,geojson,EPSG:4326,coord-precision-round,0.0001,35,35,0,,27698,src-a1dd899f902d,,
boundaries.in.wards.state=in_s20.ulb=800451,ward,S20,,800451,boundaries/in/wards/state=in_s20/ulb=800451/all.geojson,geojson,EPSG:4326,coord-precision-round,0.0001,35,35,0,,35413,src-a1dd899f902d,,
boundaries.in.wards.state=in_s20.ulb=800452,ward,S20,,800452,boundaries/in/wards/state=in_s20/ulb=800452/all.geojson,geojson,EPSG:4326,coord-precision-round,0.0001,25,25,0,,18675,src-a1dd899f902d,,
boundaries.in.wards.state=in_s20.ulb=800453,ward,S20,,800453,boundaries/in/wards/state=in_s20/ulb=800453/all.geojson,geojson,EPSG:4326,coord-precision-round,0.0001,45,45,0,,48463,src-a1dd899f902d,,
boundaries.in.wards.state=in_s20.ulb=800454,ward,S20,,800454,boundaries/in/wards/state=in_s20/ulb=800454/all.geojson,geojson,EPSG:4326,coord-precision-round,0.0001,35,35,0,,32277,src-a1dd899f902d,,
boundaries.in.wards.state=in_s20.ulb=800455,ward,S20,,800455,boundaries/in/wards/state=in_s20/ulb=800455/all.geojson,geojson,EPSG:4326,coord-precision-round,0.0001,60,60,0,,73320,src-a1dd899f902d,,
boundaries.in.wards.state=in_s20.ulb=800456,ward,S20,,800456,boundaries/in/wards/state=in_s20/ulb=800456/all.geojson,geojson,EPSG:4326,coord-precision-round,0.0001,35,35,0,,40999,src-a1dd899f902d,,
boundaries.in.wards.state=in_s20.ulb=800457,ward,S20,,800457,boundaries/in/wards/state=in_s20/ulb=800457/all.geojson,geojson,EPSG:4326,coord-precision-round,0.0001,35,35,0,,28834,src-a1dd899f902d,,
boundaries.in.wards.state=in_s20.ulb=800458,ward,S20,,800458,boundaries/in/wards/state=in_s20/ulb=800458/all.geojson,geojson,EPSG:4326,coord-precision-round,0.0001,40,40,0,,44186,src-a1dd899f902d,,
boundaries.in.wards.state=in_s20.ulb=800459,ward,S20,,800459,boundaries/in/wards/state=in_s20/ulb=800459/all.geojson,geojson,EPSG:4326,coord-precision-round,0.0001,40,40,0,,40792,src-a1dd899f902d,,
boundaries.in.wards.state=in_s20.ulb=800460,ward,S20,,800460,boundaries/in/wards/state=in_s20/ulb=800460/all.geojson,geojson,EPSG:4326,coord-precision-round,0.0001,80,80,0,,121876,src-a1dd899f902d,,
boundaries.in.wards.state=in_s20.ulb=800461,ward,S20,,800461,boundaries/in/wards/state=in_s20/ulb=800461/all.geojson,geojson,EPSG:4326,coord-precision-round,0.0001,25,25,0,,39700,src-a1dd899f902d,,
boundaries.in.wards.state=in_s20.ulb=800462,ward,S20,,800462,boundaries/in/wards/state=in_s20/ulb=800462/all.geojson,geojson,EPSG:4326,coord-precision-round,0.0001,45,45,0,,62344,src-a1dd899f902d,,
boundaries.in.wards.state=in_s20.ulb=800463,ward,S20,,800463,boundaries/in/wards/state=in_s20/ulb=800463/all.geojson,geojson,EPSG:4326,coord-precision-round,0.0001,40,40,0,,90348,src-a1dd899f902d,,
boundaries.in.wards.state=in_s20.ulb=800464,ward,S20,,800464,boundaries/in/wards/state=in_s20/ulb=800464/all.geojson,geojson,EPSG:4326,coord-precision-round,0.0001,35,35,0,,101520,src-a1dd899f902d,,
boundaries.in.wards.state=in_s20.ulb=800466,ward,S20,,800466,boundaries/in/wards/state=in_s20/ulb=800466/all.geojson,geojson,EPSG:4326,coord-precision-round,0.0001,55,55,0,,142039,src-a1dd899f902d,,
boundaries.in.wards.state=in_s20.ulb=800467,ward,S20,,800467,boundaries/in/wards/state=in_s20/ulb=800467/all.geojson,geojson,EPSG:4326,coord-precision-round,0.0001,20,20,0,,29067,src-a1dd899f902d,,
boundaries.in.wards.state=in_s20.ulb=800468,ward,S20,,800468,boundaries/in/wards/state=in_s20/ulb=800468/all.geojson,geojson,EPSG:4326,coord-precision-round,0.0001,11,11,0,,17019,src-a1dd899f902d,,
boundaries.in.wards.state=in_s20.ulb=800470,ward,S20,,800470,boundaries/in/wards/state=in_s20/ulb=800470/all.geojson,geojson,EPSG:4326,coord-precision-round,0.0001,35,35,0,,37612,src-a1dd899f902d,,
boundaries.in.wards.state=in_s20.ulb=800471,ward,S20,,800471,boundaries/in/wards/state=in_s20/ulb=800471/all.geojson,geojson,EPSG:4326,coord-precision-round,0.0001,35,35,0,,38771,src-a1dd899f902d,,
boundaries.in.wards.state=in_s20.ulb=800472,ward,S20,,800472,boundaries/in/wards/state=in_s20/ulb=800472/all.geojson,geojson,EPSG:4326,coord-precision-round,0.0001,25,25,0,,23149,src-a1dd899f902d,,
boundaries.in.wards.state=in_s20.ulb=800473,ward,S20,,800473,boundaries/in/wards/state=in_s20/ulb=800473/all.geojson,geojson,EPSG:4326,coord-precision-round,0.0001,63,63,0,,111470,src-a1dd899f902d,,
boundaries.in.wards.state=in_s20.ulb=800474,ward,S20,,800474,boundaries/in/wards/state=in_s20/ulb=800474/all.geojson,geojson,EPSG:4326,coord-precision-round,0.0001,25,25,0,,24753,src-a1dd899f902d,,
boundaries.in.wards.state=in_s20.ulb=800475,ward,S20,,800475,boundaries/in/wards/state=in_s20/ulb=800475/all.geojson,geojson,EPSG:4326,coord-precision-round,0.0001,25,25,0,,33015,src-a1dd899f902d,,
boundaries.in.wards.state=in_s20.ulb=800476,ward,S20,,800476,boundaries/in/wards/state=in_s20/ulb=800476/all.geojson,geojson,EPSG:4326,coord-precision-round,0.0001,60,60,0,,107403,src-a1dd899f902d,,
boundaries.in.wards.state=in_s20.ulb=800478,ward,S20,,800478,boundaries/in/wards/state=in_s20/ulb=800478/all.geojson,geojson,EPSG:4326,coord-precision-round,0.0001,34,34,0,,46763,src-a1dd899f902d,,
boundaries.in.wards.state=in_s20.ulb=800479,ward,S20,,800479,boundaries/in/wards/state=in_s20/ulb=800479/all.geojson,geojson,EPSG:4326,coord-precision-round,0.0001,25,25,0,,38040,src-a1dd899f902d,,
boundaries.in.wards.state=in_s20.ulb=800480,ward,S20,,800480,boundaries/in/wards/state=in_s20/ulb=800480/all.geojson,geojson,EPSG:4326,coord-precision-round,0.0001,25,25,0,,50685,src-a1dd899f902d,,
boundaries.in.wards.state=in_s20.ulb=800481,ward,S20,,800481,boundaries/in/wards/state=in_s20/ulb=800481/all.geojson,geojson,EPSG:4326,coord-precision-round,0.0001,40,40,0,,43313,src-a1dd899f902d,,
boundaries.in.wards.state=in_s20.ulb=800482,ward,S20,,800482,boundaries/in/wards/state=in_s20/ulb=800482/all.geojson,geojson,EPSG:4326,coord-precision-round,0.0001,25,25,0,,34375,src-a1dd899f902d,,
boundaries.in.wards.state=in_s20.ulb=800483,ward,S20,,800483,boundaries/in/wards/state=in_s20/ulb=800483/all.geojson,geojson,EPSG:4326,coord-precision-round,0.0001,25,25,0,,22864,src-a1dd899f902d,,
boundaries.in.wards.state=in_s20.ulb=800484,ward,S20,,800484,boundaries/in/wards/state=in_s20/ulb=800484/all.geojson,geojson,EPSG:4326,coord-precision-round,0.0001,45,45,0,,106443,src-a1dd899f902d,,
boundaries.in.wards.state=in_s20.ulb=800485,ward,S20,,800485,boundaries/in/wards/state=in_s20/ulb=800485/all.geojson,geojson,EPSG:4326,coord-precision-round,0.0001,35,35,0,,41708,src-a1dd899f902d,,
boundaries.in.wards.state=in_s20.ulb=800486,ward,S20,,800486,boundaries/in/wards/state=in_s20/ulb=800486/all.geojson,geojson,EPSG:4326,coord-precision-round,0.0001,34,34,0,,47084,src-a1dd899f902d,,
boundaries.in.wards.state=in_s20.ulb=800487,ward,S20,,800487,boundaries/in/wards/state=in_s20/ulb=800487/all.geojson,geojson,EPSG:4326,coord-precision-round,0.0001,60,60,0,,86435,src-a1dd899f902d,,
boundaries.in.wards.state=in_s20.ulb=800488,ward,S20,,800488,boundaries/in/wards/state=in_s20/ulb=800488/all.geojson,geojson,EPSG:4326,coord-precision-round,0.0001,25,25,0,,123775,src-a1dd899f902d,,
boundaries.in.wards.state=in_s20.ulb=800489,ward,S20,,800489,boundaries/in/wards/state=in_s20/ulb=800489/all.geojson,geojson,EPSG:4326,coord-precision-round,0.0001,35,35,0,,45327,src-a1dd899f902d,,
boundaries.in.wards.state=in_s20.ulb=800490,ward,S20,,800490,boundaries/in/wards/state=in_s20/ulb=800490/all.geojson,geojson,EPSG:4326,coord-precision-round,0.0001,65,65,0,,88332,src-a1dd899f902d,,
boundaries.in.wards.state=in_s20.ulb=800491,ward,S20,,800491,boundaries/in/wards/state=in_s20/ulb=800491/all.geojson,geojson,EPSG:4326,coord-precision-round,0.0001,35,35,0,,43446,src-a1dd899f902d,,
boundaries.in.wards.state=in_s20.ulb=800492,ward,S20,,800492,boundaries/in/wards/state=in_s20/ulb=800492/all.geojson,geojson,EPSG:4326,coord-precision-round,0.0001,25,25,0,,27354,src-a1dd899f902d,,
boundaries.in.wards.state=in_s20.ulb=800493,ward,S20,,800493,boundaries/in/wards/state=in_s20/ulb=800493/all.geojson,geojson,EPSG:4326,coord-precision-round,0.0001,35,35,0,,56746,src-a1dd899f902d,,
boundaries.in.wards.state=in_s20.ulb=800494,ward,S20,,800494,boundaries/in/wards/state=in_s20/ulb=800494/all.geojson,geojson,EPSG:4326,coord-precision-round,0.0001,35,35,0,,46187,src-a1dd899f902d,,
boundaries.in.wards.state=in_s20.ulb=800495,ward,S20,,800495,boundaries/in/wards/state=in_s20/ulb=800495/all.geojson,geojson,EPSG:4326,coord-precision-round,0.0001,40,40,0,,45192,src-a1dd899f902d,,
boundaries.in.wards.state=in_s20.ulb=800496,ward,S20,,800496,boundaries/in/wards/state=in_s20/ulb=800496/all.geojson,geojson,EPSG:4326,coord-precision-round,0.0001,35,35,0,,37817,src-a1dd899f902d,,
boundaries.in.wards.state=in_s20.ulb=800497,ward,S20,,800497,boundaries/in/wards/state=in_s20/ulb=800497/all.geojson,geojson,EPSG:4326,coord-precision-round,0.0001,25,25,0,,27025,src-a1dd899f902d,,
boundaries.in.wards.state=in_s20.ulb=800498,ward,S20,,800498,boundaries/in/wards/state=in_s20/ulb=800498/all.geojson,geojson,EPSG:4326,coord-precision-round,0.0001,65,65,0,,132177,src-a1dd899f902d,,
boundaries.in.wards.state=in_s20.ulb=800499,ward,S20,,800499,boundaries/in/wards/state=in_s20/ulb=800499/all.geojson,geojson,EPSG:4326,coord-precision-round,0.0001,25,25,0,,34431,src-a1dd899f902d,,
boundaries.in.wards.state=in_s20.ulb=800500,ward,S20,,800500,boundaries/in/wards/state=in_s20/ulb=800500/all.geojson,geojson,EPSG:4326,coord-precision-round,0.0001,25,25,0,,32729,src-a1dd899f902d,,
boundaries.in.wards.state=in_s20.ulb=800501,ward,S20,,800501,boundaries/in/wards/state=in_s20/ulb=800501/all.geojson,geojson,EPSG:4326,coord-precision-round,0.0001,35,35,0,,32714,src-a1dd899f902d,,
boundaries.in.wards.state=in_s20.ulb=800502,ward,S20,,800502,boundaries/in/wards/state=in_s20/ulb=800502/all.geojson,geojson,EPSG:4326,coord-precision-round,0.0001,46,46,0,,83886,src-a1dd899f902d,,
boundaries.in.wards.state=in_s20.ulb=800503,ward,S20,,800503,boundaries/in/wards/state=in_s20/ulb=800503/all.geojson,geojson,EPSG:4326,coord-precision-round,0.0001,60,60,0,,101529,src-a1dd899f902d,,
boundaries.in.wards.state=in_s20.ulb=800504,ward,S20,,800504,boundaries/in/wards/state=in_s20/ulb=800504/all.geojson,geojson,EPSG:4326,coord-precision-round,0.0001,35,35,0,,53869,src-a1dd899f902d,,
boundaries.in.wards.state=in_s20.ulb=800505,ward,S20,,800505,boundaries/in/wards/state=in_s20/ulb=800505/all.geojson,geojson,EPSG:4326,coord-precision-round,0.0001,25,25,0,,41420,src-a1dd899f902d,,
boundaries.in.wards.state=in_s20.ulb=800506,ward,S20,,800506,boundaries/in/wards/state=in_s20/ulb=800506/all.geojson,geojson,EPSG:4326,coord-precision-round,0.0001,60,60,0,,150576,src-a1dd899f902d,,
boundaries.in.wards.state=in_s20.ulb=800507,ward,S20,,800507,boundaries/in/wards/state=in_s20/ulb=800507/all.geojson,geojson,EPSG:4326,coord-precision-round,0.0001,55,55,0,,82801,src-a1dd899f902d,,
boundaries.in.wards.state=in_s20.ulb=800508,ward,S20,,800508,boundaries/in/wards/state=in_s20/ulb=800508/all.geojson,geojson,EPSG:4326,coord-precision-round,0.0001,60,60,0,,67891,src-a1dd899f902d,,
boundaries.in.wards.state=in_s20.ulb=800509,ward,S20,,800509,boundaries/in/wards/state=in_s20/ulb=800509/all.geojson,geojson,EPSG:4326,coord-precision-round,0.0001,60,60,0,,79270,src-a1dd899f902d,,
boundaries.in.wards.state=in_s20.ulb=800510,ward,S20,,800510,boundaries/in/wards/state=in_s20/ulb=800510/all.geojson,geojson,EPSG:4326,coord-precision-round,0.0001,40,40,0,,72003,src-a1dd899f902d,,
boundaries.in.wards.state=in_s20.ulb=800511,ward,S20,,800511,boundaries/in/wards/state=in_s20/ulb=800511/all.geojson,geojson,EPSG:4326,coord-precision-round,0.0001,55,55,0,,63146,src-a1dd899f902d,,
boundaries.in.wards.state=in_s20.ulb=800512,ward,S20,,800512,boundaries/in/wards/state=in_s20/ulb=800512/all.geojson,geojson,EPSG:4326,coord-precision-round,0.0001,34,34,0,,63248,src-a1dd899f902d,,
boundaries.in.wards.state=in_s20.ulb=800513,ward,S20,,800513,boundaries/in/wards/state=in_s20/ulb=800513/all.geojson,geojson,EPSG:4326,coord-precision-round,0.0001,40,40,0,,66754,src-a1dd899f902d,,
boundaries.in.wards.state=in_s20.ulb=800514,ward,S20,,800514,boundaries/in/wards/state=in_s20/ulb=800514/all.geojson,geojson,EPSG:4326,coord-precision-round,0.0001,25,25,0,,44172,src-a1dd899f902d,,
boundaries.in.wards.state=in_s20.ulb=800515,ward,S20,,800515,boundaries/in/wards/state=in_s20/ulb=800515/all.geojson,geojson,EPSG:4326,coord-precision-round,0.0001,35,35,0,,39482,src-a1dd899f902d,,
boundaries.in.wards.state=in_s20.ulb=800516,ward,S20,,800516,boundaries/in/wards/state=in_s20/ulb=800516/all.geojson,geojson,EPSG:4326,coord-precision-round,0.0001,45,45,0,,46939,src-a1dd899f902d,,
boundaries.in.wards.state=in_s20.ulb=800517,ward,S20,,800517,boundaries/in/wards/state=in_s20/ulb=800517/all.geojson,geojson,EPSG:4326,coord-precision-round,0.0001,35,35,0,,33309,src-a1dd899f902d,,
boundaries.in.wards.state=in_s20.ulb=800518,ward,S20,,800518,boundaries/in/wards/state=in_s20/ulb=800518/all.geojson,geojson,EPSG:4326,coord-precision-round,0.0001,25,25,0,,29898,src-a1dd899f902d,,
boundaries.in.wards.state=in_s20.ulb=800519,ward,S20,,800519,boundaries/in/wards/state=in_s20/ulb=800519/all.geojson,geojson,EPSG:4326,coord-precision-round,0.0001,25,25,0,,29922,src-a1dd899f902d,,
boundaries.in.wards.state=in_s20.ulb=800520,ward,S20,,800520,boundaries/in/wards/state=in_s20/ulb=800520/all.geojson,geojson,EPSG:4326,coord-precision-round,0.0001,20,20,0,,33725,src-a1dd899f902d,,
boundaries.in.wards.state=in_s20.ulb=800521,ward,S20,,800521,boundaries/in/wards/state=in_s20/ulb=800521/all.geojson,geojson,EPSG:4326,coord-precision-round,0.0001,34,34,0,,27534,src-a1dd899f902d,,
boundaries.in.wards.state=in_s20.ulb=800522,ward,S20,,800522,boundaries/in/wards/state=in_s20/ulb=800522/all.geojson,geojson,EPSG:4326,coord-precision-round,0.0001,100,100,0,,202721,src-a1dd899f902d,,
boundaries.in.wards.state=in_s20.ulb=800523,ward,S20,,800523,boundaries/in/wards/state=in_s20/ulb=800523/all.geojson,geojson,EPSG:4326,coord-precision-round,0.0001,34,34,0,,56766,src-a1dd899f902d,,
boundaries.in.wards.state=in_s20.ulb=800524,ward,S20,,800524,boundaries/in/wards/state=in_s20/ulb=800524/all.geojson,geojson,EPSG:4326,coord-precision-round,0.0001,35,35,0,,44239,src-a1dd899f902d,,
boundaries.in.wards.state=in_s20.ulb=800525,ward,S20,,800525,boundaries/in/wards/state=in_s20/ulb=800525/all.geojson,geojson,EPSG:4326,coord-precision-round,0.0001,55,55,0,,64974,src-a1dd899f902d,,
boundaries.in.wards.state=in_s20.ulb=800526,ward,S20,,800526,boundaries/in/wards/state=in_s20/ulb=800526/all.geojson,geojson,EPSG:4326,coord-precision-round,0.0001,40,40,0,,55330,src-a1dd899f902d,,
boundaries.in.wards.state=in_s20.ulb=800527,ward,S20,,800527,boundaries/in/wards/state=in_s20/ulb=800527/all.geojson,geojson,EPSG:4326,coord-precision-round,0.0001,65,65,0,,95346,src-a1dd899f902d,,
boundaries.in.wards.state=in_s20.ulb=800528,ward,S20,,800528,boundaries/in/wards/state=in_s20/ulb=800528/all.geojson,geojson,EPSG:4326,coord-precision-round,0.0001,35,35,0,,35698,src-a1dd899f902d,,
boundaries.in.wards.state=in_s20.ulb=800529,ward,S20,,800529,boundaries/in/wards/state=in_s20/ulb=800529/all.geojson,geojson,EPSG:4326,coord-precision-round,0.0001,25,25,0,,47596,src-a1dd899f902d,,
boundaries.in.wards.state=in_s20.ulb=800530,ward,S20,,800530,boundaries/in/wards/state=in_s20/ulb=800530/all.geojson,geojson,EPSG:4326,coord-precision-round,0.0001,35,35,0,,52167,src-a1dd899f902d,,
boundaries.in.wards.state=in_s20.ulb=800531,ward,S20,,800531,boundaries/in/wards/state=in_s20/ulb=800531/all.geojson,geojson,EPSG:4326,coord-precision-round,0.0001,35,35,0,,58128,src-a1dd899f902d,,
boundaries.in.wards.state=in_s20.ulb=800532,ward,S20,,800532,boundaries/in/wards/state=in_s20/ulb=800532/all.geojson,geojson,EPSG:4326,coord-precision-round,0.0001,35,35,0,,73152,src-a1dd899f902d,,
boundaries.in.wards.state=in_s20.ulb=800533,ward,S20,,800533,boundaries/in/wards/state=in_s20/ulb=800533/all.geojson,geojson,EPSG:4326,coord-precision-round,0.0001,45,45,0,,47980,src-a1dd899f902d,,
boundaries.in.wards.state=in_s20.ulb=800534,ward,S20,,800534,boundaries/in/wards/state=in_s20/ulb=800534/all.geojson,geojson,EPSG:4326,coord-precision-round,0.0001,40,40,0,,48110,src-a1dd899f902d,,
boundaries.in.wards.state=in_s20.ulb=800535,ward,S20,,800535,boundaries/in/wards/state=in_s20/ulb=800535/all.geojson,geojson,EPSG:4326,coord-precision-round,0.0001,60,60,0,,96223,src-a1dd899f902d,,
boundaries.in.wards.state=in_s20.ulb=800536,ward,S20,,800536,boundaries/in/wards/state=in_s20/ulb=800536/all.geojson,geojson,EPSG:4326,coord-precision-round,0.0001,25,25,0,,65631,src-a1dd899f902d,,
boundaries.in.wards.state=in_s20.ulb=800537,ward,S20,,800537,boundaries/in/wards/state=in_s20/ulb=800537/all.geojson,geojson,EPSG:4326,coord-precision-round,0.0001,25,25,0,,60776,src-a1dd899f902d,,
boundaries.in.wards.state=in_s20.ulb=800538,ward,S20,,800538,boundaries/in/wards/state=in_s20/ulb=800538/all.geojson,geojson,EPSG:4326,coord-precision-round,0.0001,40,40,0,,48870,src-a1dd899f902d,,
boundaries.in.wards.state=in_s20.ulb=800543,ward,S20,,800543,boundaries/in/wards/state=in_s20/ulb=800543/all.geojson,geojson,EPSG:4326,coord-precision-round,0.0001,37,37,0,,47749,src-a1dd899f902d,,
boundaries.in.wards.state=in_s20.ulb=800544,ward,S20,,800544,boundaries/in/wards/state=in_s20/ulb=800544/all.geojson,geojson,EPSG:4326,coord-precision-round,0.0001,80,80,0,,121550,src-a1dd899f902d,,
boundaries.in.wards.state=in_s20.ulb=800545,ward,S20,,800545,boundaries/in/wards/state=in_s20/ulb=800545/all.geojson,geojson,EPSG:4326,coord-precision-round,0.0001,35,35,0,,36604,src-a1dd899f902d,,
boundaries.in.wards.state=in_s20.ulb=800546,ward,S20,,800546,boundaries/in/wards/state=in_s20/ulb=800546/all.geojson,geojson,EPSG:4326,coord-precision-round,0.0001,35,35,0,,38646,src-a1dd899f902d,,
boundaries.in.wards.state=in_s20.ulb=800547,ward,S20,,800547,boundaries/in/wards/state=in_s20/ulb=800547/all.geojson,geojson,EPSG:4326,coord-precision-round,0.0001,45,45,0,,146172,src-a1dd899f902d,,
boundaries.in.wards.state=in_s20.ulb=800548,ward,S20,,800548,boundaries/in/wards/state=in_s20/ulb=800548/all.geojson,geojson,EPSG:4326,coord-precision-round,0.0001,25,25,0,,37867,src-a1dd899f902d,,
boundaries.in.wards.state=in_s20.ulb=800549,ward,S20,,800549,boundaries/in/wards/state=in_s20/ulb=800549/all.geojson,geojson,EPSG:4326,coord-precision-round,0.0001,45,45,0,,68918,src-a1dd899f902d,,
boundaries.in.wards.state=in_s20.ulb=800550,ward,S20,,800550,boundaries/in/wards/state=in_s20/ulb=800550/all.geojson,geojson,EPSG:4326,coord-precision-round,0.0001,55,55,0,,52279,src-a1dd899f902d,,
boundaries.in.wards.state=in_s20.ulb=800551,ward,S20,,800551,boundaries/in/wards/state=in_s20/ulb=800551/all.geojson,geojson,EPSG:4326,coord-precision-round,0.0001,40,40,0,,159500,src-a1dd899f902d,,
boundaries.in.wards.state=in_s20.ulb=800552,ward,S20,,800552,boundaries/in/wards/state=in_s20/ulb=800552/all.geojson,geojson,EPSG:4326,coord-precision-round,0.0001,40,40,0,,60602,src-a1dd899f902d,,
boundaries.in.wards.state=in_s20.ulb=800553,ward,S20,,800553,boundaries/in/wards/state=in_s20/ulb=800553/all.geojson,geojson,EPSG:4326,coord-precision-round,0.0001,35,35,0,,57904,src-a1dd899f902d,,
boundaries.in.wards.state=in_s20.ulb=800554,ward,S20,,800554,boundaries/in/wards/state=in_s20/ulb=800554/all.geojson,geojson,EPSG:4326,coord-precision-round,0.0001,25,25,0,,32032,src-a1dd899f902d,,
boundaries.in.wards.state=in_s20.ulb=800555,ward,S20,,800555,boundaries/in/wards/state=in_s20/ulb=800555/all.geojson,geojson,EPSG:4326,coord-precision-round,0.0001,30,30,0,,45703,src-a1dd899f902d,,
boundaries.in.wards.state=in_s20.ulb=800556,ward,S20,,800556,boundaries/in/wards/state=in_s20/ulb=800556/all.geojson,geojson,EPSG:4326,coord-precision-round,0.0001,25,25,0,,47892,src-a1dd899f902d,,
boundaries.in.wards.state=in_s20.ulb=800557,ward,S20,,800557,boundaries/in/wards/state=in_s20/ulb=800557/all.geojson,geojson,EPSG:4326,coord-precision-round,0.0001,22,22,0,,28995,src-a1dd899f902d,,
boundaries.in.wards.state=in_s20.ulb=800558,ward,S20,,800558,boundaries/in/wards/state=in_s20/ulb=800558/all.geojson,geojson,EPSG:4326,coord-precision-round,0.0001,40,40,0,,42222,src-a1dd899f902d,,
boundaries.in.wards.state=in_s20.ulb=800559,ward,S20,,800559,boundaries/in/wards/state=in_s20/ulb=800559/all.geojson,geojson,EPSG:4326,coord-precision-round,0.0001,25,25,0,,66692,src-a1dd899f902d,,
boundaries.in.wards.state=in_s20.ulb=800560,ward,S20,,800560,boundaries/in/wards/state=in_s20/ulb=800560/all.geojson,geojson,EPSG:4326,coord-precision-round,0.0001,40,40,0,,62043,src-a1dd899f902d,,
boundaries.in.wards.state=in_s20.ulb=800561,ward,S20,,800561,boundaries/in/wards/state=in_s20/ulb=800561/all.geojson,geojson,EPSG:4326,coord-precision-round,0.0001,53,53,0,,73757,src-a1dd899f902d,,
boundaries.in.wards.state=in_s20.ulb=800562,ward,S20,,800562,boundaries/in/wards/state=in_s20/ulb=800562/all.geojson,geojson,EPSG:4326,coord-precision-round,0.0001,20,20,0,,25007,src-a1dd899f902d,,
boundaries.in.wards.state=in_s20.ulb=800563,ward,S20,,800563,boundaries/in/wards/state=in_s20/ulb=800563/all.geojson,geojson,EPSG:4326,coord-precision-round,0.0001,35,35,0,,103689,src-a1dd899f902d,,
boundaries.in.wards.state=in_s20.ulb=800564,ward,S20,,800564,boundaries/in/wards/state=in_s20/ulb=800564/all.geojson,geojson,EPSG:4326,coord-precision-round,0.0001,20,20,0,,27250,src-a1dd899f902d,,
boundaries.in.wards.state=in_s20.ulb=800565,ward,S20,,800565,boundaries/in/wards/state=in_s20/ulb=800565/all.geojson,geojson,EPSG:4326,coord-precision-round,0.0001,35,35,0,,34152,src-a1dd899f902d,,
boundaries.in.wards.state=in_s20.ulb=800566,ward,S20,,800566,boundaries/in/wards/state=in_s20/ulb=800566/all.geojson,geojson,EPSG:4326,coord-precision-round,0.0001,25,25,0,,34156,src-a1dd899f902d,,
boundaries.in.wards.state=in_s20.ulb=800567,ward,S20,,800567,boundaries/in/wards/state=in_s20/ulb=800567/all.geojson,geojson,EPSG:4326,coord-precision-round,0.0001,25,25,0,,35761,src-a1dd899f902d,,
boundaries.in.wards.state=in_s20.ulb=800568,ward,S20,,800568,boundaries/in/wards/state=in_s20/ulb=800568/all.geojson,geojson,EPSG:4326,coord-precision-round,0.0001,60,60,0,,94602,src-a1dd899f902d,,
boundaries.in.wards.state=in_s20.ulb=800569,ward,S20,,800569,boundaries/in/wards/state=in_s20/ulb=800569/all.geojson,geojson,EPSG:4326,coord-precision-round,0.0001,25,25,0,,31335,src-a1dd899f902d,,
boundaries.in.wards.state=in_s20.ulb=800570,ward,S20,,800570,boundaries/in/wards/state=in_s20/ulb=800570/all.geojson,geojson,EPSG:4326,coord-precision-round,0.0001,81,81,0,,164998,src-a1dd899f902d,,
boundaries.in.wards.state=in_s20.ulb=800571,ward,S20,,800571,boundaries/in/wards/state=in_s20/ulb=800571/all.geojson,geojson,EPSG:4326,coord-precision-round,0.0001,60,60,0,,58379,src-a1dd899f902d,,
boundaries.in.wards.state=in_s20.ulb=800572,ward,S20,,800572,boundaries/in/wards/state=in_s20/ulb=800572/all.geojson,geojson,EPSG:4326,coord-precision-round,0.0001,35,35,0,,46830,src-a1dd899f902d,,
boundaries.in.wards.state=in_s20.ulb=800573,ward,S20,,800573,boundaries/in/wards/state=in_s20/ulb=800573/all.geojson,geojson,EPSG:4326,coord-precision-round,0.0001,20,20,0,,16332,src-a1dd899f902d,,
boundaries.in.wards.state=in_s20.ulb=800574,ward,S20,,800574,boundaries/in/wards/state=in_s20/ulb=800574/all.geojson,geojson,EPSG:4326,coord-precision-round,0.0001,25,25,0,,28298,src-a1dd899f902d,,
boundaries.in.wards.state=in_s20.ulb=800575,ward,S20,,800575,boundaries/in/wards/state=in_s20/ulb=800575/all.geojson,geojson,EPSG:4326,coord-precision-round,0.0001,40,40,0,,52195,src-a1dd899f902d,,
boundaries.in.wards.state=in_s20.ulb=800576,ward,S20,,800576,boundaries/in/wards/state=in_s20/ulb=800576/all.geojson,geojson,EPSG:4326,coord-precision-round,0.0001,35,35,0,,34857,src-a1dd899f902d,,
boundaries.in.wards.state=in_s20.ulb=800577,ward,S20,,800577,boundaries/in/wards/state=in_s20/ulb=800577/all.geojson,geojson,EPSG:4326,coord-precision-round,0.0001,35,35,0,,57315,src-a1dd899f902d,,
boundaries.in.wards.state=in_s20.ulb=800578,ward,S20,,800578,boundaries/in/wards/state=in_s20/ulb=800578/all.geojson,geojson,EPSG:4326,coord-precision-round,0.0001,60,60,0,,116405,src-a1dd899f902d,,
boundaries.in.wards.state=in_s20.ulb=800579,ward,S20,,800579,boundaries/in/wards/state=in_s20/ulb=800579/all.geojson,geojson,EPSG:4326,coord-precision-round,0.0001,25,25,0,,26724,src-a1dd899f902d,,
boundaries.in.wards.state=in_s20.ulb=800580,ward,S20,,800580,boundaries/in/wards/state=in_s20/ulb=800580/all.geojson,geojson,EPSG:4326,coord-precision-round,0.0001,25,25,0,,19126,src-a1dd899f902d,,
boundaries.in.wards.state=in_s20.ulb=800581,ward,S20,,800581,boundaries/in/wards/state=in_s20/ulb=800581/all.geojson,geojson,EPSG:4326,coord-precision-round,0.0001,20,20,0,,22057,src-a1dd899f902d,,
boundaries.in.wards.state=in_s20.ulb=800582,ward,S20,,800582,boundaries/in/wards/state=in_s20/ulb=800582/all.geojson,geojson,EPSG:4326,coord-precision-round,0.0001,25,25,0,,61889,src-a1dd899f902d,,
boundaries.in.wards.state=in_s20.ulb=800583,ward,S20,,800583,boundaries/in/wards/state=in_s20/ulb=800583/all.geojson,geojson,EPSG:4326,coord-precision-round,0.0001,20,20,0,,28508,src-a1dd899f902d,,
boundaries.in.wards.state=in_s20.ulb=800584,ward,S20,,800584,boundaries/in/wards/state=in_s20/ulb=800584/all.geojson,geojson,EPSG:4326,coord-precision-round,0.0001,35,35,0,,63479,src-a1dd899f902d,,
boundaries.in.wards.state=in_s20.ulb=800585,ward,S20,,800585,boundaries/in/wards/state=in_s20/ulb=800585/all.geojson,geojson,EPSG:4326,coord-precision-round,0.0001,25,25,0,,43253,src-a1dd899f902d,,
boundaries.in.wards.state=in_s20.ulb=800586,ward,S20,,800586,boundaries/in/wards/state=in_s20/ulb=800586/all.geojson,geojson,EPSG:4326,coord-precision-round,0.0001,25,25,0,,69986,src-a1dd899f902d,,
boundaries.in.wards.state=in_s20.ulb=800587,ward,S20,,800587,boundaries/in/wards/state=in_s20/ulb=800587/all.geojson,geojson,EPSG:4326,coord-precision-round,0.0001,60,60,0,,107642,src-a1dd899f902d,,
boundaries.in.wards.state=in_s20.ulb=800588,ward,S20,,800588,boundaries/in/wards/state=in_s20/ulb=800588/all.geojson,geojson,EPSG:4326,coord-precision-round,0.0001,25,25,0,,26875,src-a1dd899f902d,,
boundaries.in.wards.state=in_s20.ulb=800589,ward,S20,,800589,boundaries/in/wards/state=in_s20/ulb=800589/all.geojson,geojson,EPSG:4326,coord-precision-round,0.0001,35,35,0,,93201,src-a1dd899f902d,,
boundaries.in.wards.state=in_s20.ulb=800590,ward,S20,,800590,boundaries/in/wards/state=in_s20/ulb=800590/all.geojson,geojson,EPSG:4326,coord-precision-round,0.0001,35,35,0,,62697,src-a1dd899f902d,,
boundaries.in.wards.state=in_s20.ulb=800591,ward,S20,,800591,boundaries/in/wards/state=in_s20/ulb=800591/all.geojson,geojson,EPSG:4326,coord-precision-round,0.0001,25,25,0,,31016,src-a1dd899f902d,,
boundaries.in.wards.state=in_s20.ulb=800592,ward,S20,,800592,boundaries/in/wards/state=in_s20/ulb=800592/all.geojson,geojson,EPSG:4326,coord-precision-round,0.0001,70,70,0,,105126,src-a1dd899f902d,,
boundaries.in.wards.state=in_s20.ulb=800593,ward,S20,,800593,boundaries/in/wards/state=in_s20/ulb=800593/all.geojson,geojson,EPSG:4326,coord-precision-round,0.0001,25,25,0,,40281,src-a1dd899f902d,,
boundaries.in.wards.state=in_s20.ulb=800594,ward,S20,,800594,boundaries/in/wards/state=in_s20/ulb=800594/all.geojson,geojson,EPSG:4326,coord-precision-round,0.0001,20,20,0,,19857,src-a1dd899f902d,,
boundaries.in.wards.state=in_s20.ulb=800595,ward,S20,,800595,boundaries/in/wards/state=in_s20/ulb=800595/all.geojson,geojson,EPSG:4326,coord-precision-round,0.0001,25,25,0,,62797,src-a1dd899f902d,,
boundaries.in.wards.state=in_s20.ulb=800596,ward,S20,,800596,boundaries/in/wards/state=in_s20/ulb=800596/all.geojson,geojson,EPSG:4326,coord-precision-round,0.0001,25,25,0,,33799,src-a1dd899f902d,,
boundaries.in.wards.state=in_s20.ulb=800597,ward,S20,,800597,boundaries/in/wards/state=in_s20/ulb=800597/all.geojson,geojson,EPSG:4326,coord-precision-round,0.0001,45,45,0,,72417,src-a1dd899f902d,,
boundaries.in.wards.state=in_s20.ulb=800598,ward,S20,,800598,boundaries/in/wards/state=in_s20/ulb=800598/all.geojson,geojson,EPSG:4326,coord-precision-round,0.0001,40,40,0,,49764,src-a1dd899f902d,,
boundaries.in.wards.state=in_s20.ulb=800599,ward,S20,,800599,boundaries/in/wards/state=in_s20/ulb=800599/all.geojson,geojson,EPSG:4326,coord-precision-round,0.0001,40,40,0,,41837,src-a1dd899f902d,,
boundaries.in.wards.state=in_s20.ulb=800600,ward,S20,,800600,boundaries/in/wards/state=in_s20/ulb=800600/all.geojson,geojson,EPSG:4326,coord-precision-round,0.0001,35,35,0,,49903,src-a1dd899f902d,,
boundaries.in.wards.state=in_s20.ulb=800601,ward,S20,,800601,boundaries/in/wards/state=in_s20/ulb=800601/all.geojson,geojson,EPSG:4326,coord-precision-round,0.0001,60,60,0,,65029,src-a1dd899f902d,,
boundaries.in.wards.state=in_s20.ulb=800602,ward,S20,,800602,boundaries/in/wards/state=in_s20/ulb=800602/all.geojson,geojson,EPSG:4326,coord-precision-round,0.0001,20,20,0,,18877,src-a1dd899f902d,,
boundaries.in.wards.state=in_s20.ulb=800603,ward,S20,,800603,boundaries/in/wards/state=in_s20/ulb=800603/all.geojson,geojson,EPSG:4326,coord-precision-round,0.0001,25,25,0,,36420,src-a1dd899f902d,,
boundaries.in.wards.state=in_s20.ulb=800604,ward,S20,,800604,boundaries/in/wards/state=in_s20/ulb=800604/all.geojson,geojson,EPSG:4326,coord-precision-round,0.0001,40,40,0,,68928,src-a1dd899f902d,,
boundaries.in.wards.state=in_s20.ulb=800605,ward,S20,,800605,boundaries/in/wards/state=in_s20/ulb=800605/all.geojson,geojson,EPSG:4326,coord-precision-round,0.0001,60,60,0,,101607,src-a1dd899f902d,,
boundaries.in.wards.state=in_s20.ulb=800606,ward,S20,,800606,boundaries/in/wards/state=in_s20/ulb=800606/all.geojson,geojson,EPSG:4326,coord-precision-round,0.0001,25,25,0,,65325,src-a1dd899f902d,,
boundaries.in.wards.state=in_s20.ulb=800607,ward,S20,,800607,boundaries/in/wards/state=in_s20/ulb=800607/all.geojson,geojson,EPSG:4326,coord-precision-round,0.0001,45,45,0,,66558,src-a1dd899f902d,,
boundaries.in.wards.state=in_s20.ulb=800608,ward,S20,,800608,boundaries/in/wards/state=in_s20/ulb=800608/all.geojson,geojson,EPSG:4326,coord-precision-round,0.0001,25,25,0,,31499,src-a1dd899f902d,,
boundaries.in.wards.state=in_s20.ulb=800609,ward,S20,,800609,boundaries/in/wards/state=in_s20/ulb=800609/all.geojson,geojson,EPSG:4326,coord-precision-round,0.0001,80,80,0,,166898,src-a1dd899f902d,,
boundaries.in.wards.state=in_s20.ulb=800610,ward,S20,,800610,boundaries/in/wards/state=in_s20/ulb=800610/all.geojson,geojson,EPSG:4326,coord-precision-round,0.0001,25,25,0,,56344,src-a1dd899f902d,,
boundaries.in.wards.state=in_s20.ulb=800611,ward,S20,,800611,boundaries/in/wards/state=in_s20/ulb=800611/all.geojson,geojson,EPSG:4326,coord-precision-round,0.0001,40,40,0,,73342,src-a1dd899f902d,,
boundaries.in.wards.state=in_s20.ulb=800612,ward,S20,,800612,boundaries/in/wards/state=in_s20/ulb=800612/all.geojson,geojson,EPSG:4326,coord-precision-round,0.0001,25,25,0,,62630,src-a1dd899f902d,,
boundaries.in.wards.state=in_s20.ulb=800613,ward,S20,,800613,boundaries/in/wards/state=in_s20/ulb=800613/all.geojson,geojson,EPSG:4326,coord-precision-round,0.0001,35,35,0,,42629,src-a1dd899f902d,,
boundaries.in.wards.state=in_s20.ulb=800614,ward,S20,,800614,boundaries/in/wards/state=in_s20/ulb=800614/all.geojson,geojson,EPSG:4326,coord-precision-round,0.0001,35,35,0,,55116,src-a1dd899f902d,,
boundaries.in.wards.state=in_s20.ulb=800615,ward,S20,,800615,boundaries/in/wards/state=in_s20/ulb=800615/all.geojson,geojson,EPSG:4326,coord-precision-round,0.0001,60,60,0,,67816,src-a1dd899f902d,,
boundaries.in.wards.state=in_s20.ulb=800616,ward,S20,,800616,boundaries/in/wards/state=in_s20/ulb=800616/all.geojson,geojson,EPSG:4326,coord-precision-round,0.0001,35,35,0,,45936,src-a1dd899f902d,,
boundaries.in.wards.state=in_s20.ulb=800617,ward,S20,,800617,boundaries/in/wards/state=in_s20/ulb=800617/all.geojson,geojson,EPSG:4326,coord-precision-round,0.0001,45,45,0,,54673,src-a1dd899f902d,,
boundaries.in.wards.state=in_s20.ulb=800618,ward,S20,,800618,boundaries/in/wards/state=in_s20/ulb=800618/all.geojson,geojson,EPSG:4326,coord-precision-round,0.0001,35,35,0,,62153,src-a1dd899f902d,,
boundaries.in.wards.state=in_s20.ulb=800619,ward,S20,,800619,boundaries/in/wards/state=in_s20/ulb=800619/all.geojson,geojson,EPSG:4326,coord-precision-round,0.0001,35,35,0,,37859,src-a1dd899f902d,,
boundaries.in.wards.state=in_s20.ulb=800620,ward,S20,,800620,boundaries/in/wards/state=in_s20/ulb=800620/all.geojson,geojson,EPSG:4326,coord-precision-round,0.0001,40,40,0,,49730,src-a1dd899f902d,,
boundaries.in.wards.state=in_s20.ulb=800621,ward,S20,,800621,boundaries/in/wards/state=in_s20/ulb=800621/all.geojson,geojson,EPSG:4326,coord-precision-round,0.0001,20,20,0,,29286,src-a1dd899f902d,,
boundaries.in.wards.state=in_s20.ulb=800622,ward,S20,,800622,boundaries/in/wards/state=in_s20/ulb=800622/all.geojson,geojson,EPSG:4326,coord-precision-round,0.0001,25,25,0,,28683,src-a1dd899f902d,,
boundaries.in.wards.state=in_s20.ulb=800623,ward,S20,,800623,boundaries/in/wards/state=in_s20/ulb=800623/all.geojson,geojson,EPSG:4326,coord-precision-round,0.0001,70,70,0,,83218,src-a1dd899f902d,,
boundaries.in.wards.state=in_s20.ulb=800624,ward,S20,,800624,boundaries/in/wards/state=in_s20/ulb=800624/all.geojson,geojson,EPSG:4326,coord-precision-round,0.0001,25,25,0,,38062,src-a1dd899f902d,,
boundaries.in.wards.state=in_s20.ulb=800625,ward,S20,,800625,boundaries/in/wards/state=in_s20/ulb=800625/all.geojson,geojson,EPSG:4326,coord-precision-round,0.0001,20,20,0,,21525,src-a1dd899f902d,,
boundaries.in.wards.state=in_s20.ulb=800626,ward,S20,,800626,boundaries/in/wards/state=in_s20/ulb=800626/all.geojson,geojson,EPSG:4326,coord-precision-round,0.0001,25,25,0,,33012,src-a1dd899f902d,,
boundaries.in.wards.state=in_s20.ulb=800627,ward,S20,,800627,boundaries/in/wards/state=in_s20/ulb=800627/all.geojson,geojson,EPSG:4326,coord-precision-round,0.0001,1,1,0,,2683,src-a1dd899f902d,,
boundaries.in.wards.state=in_s20.ulb=800628,ward,S20,,800628,boundaries/in/wards/state=in_s20/ulb=800628/all.geojson,geojson,EPSG:4326,coord-precision-round,0.0001,40,40,0,,68548,src-a1dd899f902d,,
boundaries.in.wards.state=in_s20.ulb=900137,ward,S20,,900137,boundaries/in/wards/state=in_s20/ulb=900137/all.geojson,geojson,EPSG:4326,coord-precision-round,0.0001,35,35,0,,52862,src-a1dd899f902d,,
boundaries.in.wards.state=in_s20.ulb=900192,ward,S20,,900192,boundaries/in/wards/state=in_s20/ulb=900192/all.geojson,geojson,EPSG:4326,coord-precision-round,0.0001,25,25,0,,34598,src-a1dd899f902d,,
boundaries.in.wards.state=in_s20.ulb=900380,ward,S20,,900380,boundaries/in/wards/state=in_s20/ulb=900380/all.geojson,geojson,EPSG:4326,coord-precision-round,0.0001,23,23,0,,46836,src-a1dd899f902d,,
boundaries.in.wards.state=in_s20.ulb=900382,ward,S20,,900382,boundaries/in/wards/state=in_s20/ulb=900382/all.geojson,geojson,EPSG:4326,coord-precision-round,0.0001,1,1,0,,2316,src-a1dd899f902d,,
boundaries.in.wards.state=in_s20.ulb=900496,ward,S20,,900496,boundaries/in/wards/state=in_s20/ulb=900496/all.geojson,geojson,EPSG:4326,coord-precision-round,0.0001,8,8,0,,9007,src-a1dd899f902d,,
boundaries.in.wards.state=in_s20.ulb=900595,ward,S20,,900595,boundaries/in/wards/state=in_s20/ulb=900595/all.geojson,geojson,EPSG:4326,coord-precision-round,0.0001,80,80,0,,158368,src-a1dd899f902d,,
boundaries.in.wards.state=in_s20.ulb=900596,ward,S20,,900596,boundaries/in/wards/state=in_s20/ulb=900596/all.geojson,geojson,EPSG:4326,coord-precision-round,0.0001,70,70,0,,187629,src-a1dd899f902d,,
boundaries.in.wards.state=in_s20.ulb=900597,ward,S20,,900597,boundaries/in/wards/state=in_s20/ulb=900597/all.geojson,geojson,EPSG:4326,coord-precision-round,0.0001,25,25,0,,89203,src-a1dd899f902d,,
boundaries.in.wards.state=in_s20.ulb=900598,ward,S20,,900598,boundaries/in/wards/state=in_s20/ulb=900598/all.geojson,geojson,EPSG:4326,coord-precision-round,0.0001,20,20,0,,44594,src-a1dd899f902d,,
boundaries.in.wards.state=in_s20.ulb=900599,ward,S20,,900599,boundaries/in/wards/state=in_s20/ulb=900599/all.geojson,geojson,EPSG:4326,coord-precision-round,0.0001,25,25,0,,30475,src-a1dd899f902d,,
boundaries.in.wards.state=in_s20.ulb=900600,ward,S20,,900600,boundaries/in/wards/state=in_s20/ulb=900600/all.geojson,geojson,EPSG:4326,coord-precision-round,0.0001,150,150,0,,451468,src-a1dd899f902d,,
boundaries.in.wards.state=in_s20.ulb=900705,ward,S20,,900705,boundaries/in/wards/state=in_s20/ulb=900705/all.geojson,geojson,EPSG:4326,coord-precision-round,0.0001,20,20,0,,27990,src-a1dd899f902d,,
boundaries.in.wards.state=in_s20.ulb=900707,ward,S20,,900707,boundaries/in/wards/state=in_s20/ulb=900707/all.geojson,geojson,EPSG:4326,coord-precision-round,0.0001,35,35,0,,123648,src-a1dd899f902d,,
boundaries.in.wards.state=in_s20.ulb=900708,ward,S20,,900708,boundaries/in/wards/state=in_s20/ulb=900708/all.geojson,geojson,EPSG:4326,coord-precision-round,0.0001,35,35,0,,59379,src-a1dd899f902d,,
boundaries.in.wards.state=in_s20.ulb=900709,ward,S20,,900709,boundaries/in/wards/state=in_s20/ulb=900709/all.geojson,geojson,EPSG:4326,coord-precision-round,0.0001,34,34,0,,50789,src-a1dd899f902d,,
boundaries.in.wards.state=in_s20.ulb=900710,ward,S20,,900710,boundaries/in/wards/state=in_s20/ulb=900710/all.geojson,geojson,EPSG:4326,coord-precision-round,0.0001,25,25,0,,28682,src-a1dd899f902d,,
boundaries.in.wards.state=in_s20.ulb=900712,ward,S20,,900712,boundaries/in/wards/state=in_s20/ulb=900712/all.geojson,geojson,EPSG:4326,coord-precision-round,0.0001,20,20,0,,33396,src-a1dd899f902d,,
boundaries.in.wards.state=in_s20.ulb=900713,ward,S20,,900713,boundaries/in/wards/state=in_s20/ulb=900713/all.geojson,geojson,EPSG:4326,coord-precision-round,0.0001,19,19,0,,23544,src-a1dd899f902d,,
boundaries.in.wards.state=in_s20.ulb=900714,ward,S20,,900714,boundaries/in/wards/state=in_s20/ulb=900714/all.geojson,geojson,EPSG:4326,coord-precision-round,0.0001,25,25,0,,35247,src-a1dd899f902d,,
boundaries.in.wards.state=in_s20.ulb=900715,ward,S20,,900715,boundaries/in/wards/state=in_s20/ulb=900715/all.geojson,geojson,EPSG:4326,coord-precision-round,0.0001,25,25,0,,34196,src-a1dd899f902d,,
boundaries.in.wards.state=in_s20.ulb=900716,ward,S20,,900716,boundaries/in/wards/state=in_s20/ulb=900716/all.geojson,geojson,EPSG:4326,coord-precision-round,0.0001,25,25,0,,64001,src-a1dd899f902d,,
boundaries.in.wards.state=in_s20.ulb=900717,ward,S20,,900717,boundaries/in/wards/state=in_s20/ulb=900717/all.geojson,geojson,EPSG:4326,coord-precision-round,0.0001,25,25,0,,34849,src-a1dd899f902d,,
boundaries.in.wards.state=in_s20.ulb=900719,ward,S20,,900719,boundaries/in/wards/state=in_s20/ulb=900719/all.geojson,geojson,EPSG:4326,coord-precision-round,0.0001,20,20,0,,22145,src-a1dd899f902d,,
boundaries.in.wards.state=in_s20.ulb=900720,ward,S20,,900720,boundaries/in/wards/state=in_s20/ulb=900720/all.geojson,geojson,EPSG:4326,coord-precision-round,0.0001,25,25,0,,32352,src-a1dd899f902d,,
boundaries.in.wards.state=in_s20.ulb=900721,ward,S20,,900721,boundaries/in/wards/state=in_s20/ulb=900721/all.geojson,geojson,EPSG:4326,coord-precision-round,0.0001,25,25,0,,45412,src-a1dd899f902d,,
boundaries.in.wards.state=in_s21.ulb=801416,ward,S21,,801416,boundaries/in/wards/state=in_s21/ulb=801416/all.geojson,geojson,EPSG:4326,coord-precision-round,0.0001,5,5,0,,31915,src-a1dd899f902d,,
boundaries.in.wards.state=in_s21.ulb=801417,ward,S21,,801417,boundaries/in/wards/state=in_s21/ulb=801417/all.geojson,geojson,EPSG:4326,coord-precision-round,0.0001,5,5,0,,32661,src-a1dd899f902d,,
boundaries.in.wards.state=in_s21.ulb=801419,ward,S21,,801419,boundaries/in/wards/state=in_s21/ulb=801419/all.geojson,geojson,EPSG:4326,coord-precision-round,0.0001,7,7,0,,83716,src-a1dd899f902d,,
boundaries.in.wards.state=in_s21.ulb=801421,ward,S21,,801421,boundaries/in/wards/state=in_s21/ulb=801421/all.geojson,geojson,EPSG:4326,coord-precision-round,0.0001,19,19,0,,77182,src-a1dd899f902d,,
boundaries.in.wards.state=in_s21.ulb=801422,ward,S21,,801422,boundaries/in/wards/state=in_s21/ulb=801422/all.geojson,geojson,EPSG:4326,coord-precision-round,0.0001,5,5,0,,13421,src-a1dd899f902d,,
boundaries.in.wards.state=in_s21.ulb=801423,ward,S21,,801423,boundaries/in/wards/state=in_s21/ulb=801423/all.geojson,geojson,EPSG:4326,coord-precision-round,0.0001,5,5,0,,43938,src-a1dd899f902d,,
boundaries.in.wards.state=in_s22.ulb=803323,ward,S22,,803323,boundaries/in/wards/state=in_s22/ulb=803323/all.geojson,geojson,EPSG:4326,coord-precision-round,0.0001,48,48,0,,127705,src-a1dd899f902d,,
boundaries.in.wards.state=in_s22.ulb=803339,ward,S22,,803339,boundaries/in/wards/state=in_s22/ulb=803339/all.geojson,geojson,EPSG:4326,coord-precision-round,0.0001,200,200,0,,999159,src-a1dd899f902d,,
boundaries.in.wards.state=in_s22.ulb=803361,ward,S22,,803361,boundaries/in/wards/state=in_s22/ulb=803361/all.geojson,geojson,EPSG:4326,coord-precision-round,0.0001,1,1,0,,1125,src-a1dd899f902d,,
boundaries.in.wards.state=in_s22.ulb=803365,ward,S22,,803365,boundaries/in/wards/state=in_s22/ulb=803365/all.geojson,geojson,EPSG:4326,coord-precision-round,0.0001,51,51,0,,104980,src-a1dd899f902d,,
boundaries.in.wards.state=in_s22.ulb=803375,ward,S22,,803375,boundaries/in/wards/state=in_s22/ulb=803375/all.geojson,geojson,EPSG:4326,coord-precision-round,0.0001,36,36,0,,61487,src-a1dd899f902d,,
boundaries.in.wards.state=in_s22.ulb=803376,ward,S22,,803376,boundaries/in/wards/state=in_s22/ulb=803376/all.geojson,geojson,EPSG:4326,coord-precision-round,0.0001,18,18,0,,17080,src-a1dd899f902d,,
boundaries.in.wards.state=in_s22.ulb=803382,ward,S22,,803382,boundaries/in/wards/state=in_s22/ulb=803382/all.geojson,geojson,EPSG:4326,coord-precision-round,0.0001,27,27,0,,29374,src-a1dd899f902d,,
boundaries.in.wards.state=in_s22.ulb=803384,ward,S22,,803384,boundaries/in/wards/state=in_s22/ulb=803384/all.geojson,geojson,EPSG:4326,coord-precision-round,0.0001,24,24,0,,33424,src-a1dd899f902d,,
boundaries.in.wards.state=in_s22.ulb=803385,ward,S22,,803385,boundaries/in/wards/state=in_s22/ulb=803385/all.geojson,geojson,EPSG:4326,coord-precision-round,0.0001,30,30,0,,28411,src-a1dd899f902d,,
boundaries.in.wards.state=in_s22.ulb=803386,ward,S22,,803386,boundaries/in/wards/state=in_s22/ulb=803386/all.geojson,geojson,EPSG:4326,coord-precision-round,0.0001,21,21,0,,33437,src-a1dd899f902d,,
boundaries.in.wards.state=in_s22.ulb=803387,ward,S22,,803387,boundaries/in/wards/state=in_s22/ulb=803387/all.geojson,geojson,EPSG:4326,coord-precision-round,0.0001,36,36,0,,39834,src-a1dd899f902d,,
boundaries.in.wards.state=in_s22.ulb=803392,ward,S22,,803392,boundaries/in/wards/state=in_s22/ulb=803392/all.geojson,geojson,EPSG:4326,coord-precision-round,0.0001,30,30,0,,45817,src-a1dd899f902d,,
boundaries.in.wards.state=in_s22.ulb=803398,ward,S22,,803398,boundaries/in/wards/state=in_s22/ulb=803398/all.geojson,geojson,EPSG:4326,coord-precision-round,0.0001,25,25,0,,86713,src-a1dd899f902d,,
boundaries.in.wards.state=in_s22.ulb=803404,ward,S22,,803404,boundaries/in/wards/state=in_s22/ulb=803404/all.geojson,geojson,EPSG:4326,coord-precision-round,0.0001,36,36,0,,61495,src-a1dd899f902d,,
boundaries.in.wards.state=in_s22.ulb=803406,ward,S22,,803406,boundaries/in/wards/state=in_s22/ulb=803406/all.geojson,geojson,EPSG:4326,coord-precision-round,0.0001,36,36,0,,44738,src-a1dd899f902d,,
boundaries.in.wards.state=in_s22.ulb=803409,ward,S22,,803409,boundaries/in/wards/state=in_s22/ulb=803409/all.geojson,geojson,EPSG:4326,coord-precision-round,0.0001,18,18,0,,28246,src-a1dd899f902d,,
boundaries.in.wards.state=in_s22.ulb=803410,ward,S22,,803410,boundaries/in/wards/state=in_s22/ulb=803410/all.geojson,geojson,EPSG:4326,coord-precision-round,0.0001,36,36,0,,58885,src-a1dd899f902d,,
boundaries.in.wards.state=in_s22.ulb=803412,ward,S22,,803412,boundaries/in/wards/state=in_s22/ulb=803412/all.geojson,geojson,EPSG:4326,coord-precision-round,0.0001,33,33,0,,72141,src-a1dd899f902d,,
boundaries.in.wards.state=in_s22.ulb=803413,ward,S22,,803413,boundaries/in/wards/state=in_s22/ulb=803413/all.geojson,geojson,EPSG:4326,coord-precision-round,0.0001,27,27,0,,27957,src-a1dd899f902d,,
boundaries.in.wards.state=in_s22.ulb=803414,ward,S22,,803414,boundaries/in/wards/state=in_s22/ulb=803414/all.geojson,geojson,EPSG:4326,coord-precision-round,0.0001,12,12,0,,132887,src-a1dd899f902d,,
boundaries.in.wards.state=in_s22.ulb=803415,ward,S22,,803415,boundaries/in/wards/state=in_s22/ulb=803415/all.geojson,geojson,EPSG:4326,coord-precision-round,0.0001,24,24,0,,39537,src-a1dd899f902d,,
boundaries.in.wards.state=in_s22.ulb=803422,ward,S22,,803422,boundaries/in/wards/state=in_s22/ulb=803422/all.geojson,geojson,EPSG:4326,coord-precision-round,0.0001,37,37,0,,36514,src-a1dd899f902d,,
boundaries.in.wards.state=in_s22.ulb=803427,ward,S22,,803427,boundaries/in/wards/state=in_s22/ulb=803427/all.geojson,geojson,EPSG:4326,coord-precision-round,0.0001,33,33,0,,47178,src-a1dd899f902d,,
boundaries.in.wards.state=in_s22.ulb=803431,ward,S22,,803431,boundaries/in/wards/state=in_s22/ulb=803431/all.geojson,geojson,EPSG:4326,coord-precision-round,0.0001,42,42,0,,66448,src-a1dd899f902d,,
boundaries.in.wards.state=in_s22.ulb=803435,ward,S22,,803435,boundaries/in/wards/state=in_s22/ulb=803435/all.geojson,geojson,EPSG:4326,coord-precision-round,0.0001,27,27,0,,45963,src-a1dd899f902d,,
boundaries.in.wards.state=in_s22.ulb=803440,ward,S22,,803440,boundaries/in/wards/state=in_s22/ulb=803440/all.geojson,geojson,EPSG:4326,coord-precision-round,0.0001,21,21,0,,45291,src-a1dd899f902d,,
boundaries.in.wards.state=in_s22.ulb=803446,ward,S22,,803446,boundaries/in/wards/state=in_s22/ulb=803446/all.geojson,geojson,EPSG:4326,coord-precision-round,0.0001,30,30,0,,29350,src-a1dd899f902d,,
boundaries.in.wards.state=in_s22.ulb=803452,ward,S22,,803452,boundaries/in/wards/state=in_s22/ulb=803452/all.geojson,geojson,EPSG:4326,coord-precision-round,0.0001,16,16,0,,23207,src-a1dd899f902d,,
boundaries.in.wards.state=in_s22.ulb=803454,ward,S22,,803454,boundaries/in/wards/state=in_s22/ulb=803454/all.geojson,geojson,EPSG:4326,coord-precision-round,0.0001,27,27,0,,47779,src-a1dd899f902d,,
boundaries.in.wards.state=in_s22.ulb=803458,ward,S22,,803458,boundaries/in/wards/state=in_s22/ulb=803458/all.geojson,geojson,EPSG:4326,coord-precision-round,0.0001,27,27,0,,44764,src-a1dd899f902d,,
boundaries.in.wards.state=in_s22.ulb=803463,ward,S22,,803463,boundaries/in/wards/state=in_s22/ulb=803463/all.geojson,geojson,EPSG:4326,coord-precision-round,0.0001,60,60,0,,103349,src-a1dd899f902d,,
boundaries.in.wards.state=in_s22.ulb=803473,ward,S22,,803473,boundaries/in/wards/state=in_s22/ulb=803473/all.geojson,geojson,EPSG:4326,coord-precision-round,0.0001,33,33,0,,29280,src-a1dd899f902d,,
boundaries.in.wards.state=in_s22.ulb=803474,ward,S22,,803474,boundaries/in/wards/state=in_s22/ulb=803474/all.geojson,geojson,EPSG:4326,coord-precision-round,0.0001,18,18,0,,50459,src-a1dd899f902d,,
boundaries.in.wards.state=in_s22.ulb=803482,ward,S22,,803482,boundaries/in/wards/state=in_s22/ulb=803482/all.geojson,geojson,EPSG:4326,coord-precision-round,0.0001,33,33,0,,46792,src-a1dd899f902d,,
boundaries.in.wards.state=in_s22.ulb=803484,ward,S22,,803484,boundaries/in/wards/state=in_s22/ulb=803484/all.geojson,geojson,EPSG:4326,coord-precision-round,0.0001,33,33,0,,43891,src-a1dd899f902d,,
boundaries.in.wards.state=in_s22.ulb=803486,ward,S22,,803486,boundaries/in/wards/state=in_s22/ulb=803486/all.geojson,geojson,EPSG:4326,coord-precision-round,0.0001,21,21,0,,23001,src-a1dd899f902d,,
boundaries.in.wards.state=in_s22.ulb=803493,ward,S22,,803493,boundaries/in/wards/state=in_s22/ulb=803493/all.geojson,geojson,EPSG:4326,coord-precision-round,0.0001,27,27,0,,37886,src-a1dd899f902d,,
boundaries.in.wards.state=in_s22.ulb=803495,ward,S22,,803495,boundaries/in/wards/state=in_s22/ulb=803495/all.geojson,geojson,EPSG:4326,coord-precision-round,0.0001,1,1,0,,3352,src-a1dd899f902d,,
boundaries.in.wards.state=in_s22.ulb=803497,ward,S22,,803497,boundaries/in/wards/state=in_s22/ulb=803497/all.geojson,geojson,EPSG:4326,coord-precision-round,0.0001,39,39,0,,59524,src-a1dd899f902d,,
boundaries.in.wards.state=in_s22.ulb=803505,ward,S22,,803505,boundaries/in/wards/state=in_s22/ulb=803505/all.geojson,geojson,EPSG:4326,coord-precision-round,0.0001,27,27,0,,29859,src-a1dd899f902d,,
boundaries.in.wards.state=in_s22.ulb=803509,ward,S22,,803509,boundaries/in/wards/state=in_s22/ulb=803509/all.geojson,geojson,EPSG:4326,coord-precision-round,0.0001,18,18,0,,29164,src-a1dd899f902d,,
boundaries.in.wards.state=in_s22.ulb=803517,ward,S22,,803517,boundaries/in/wards/state=in_s22/ulb=803517/all.geojson,geojson,EPSG:4326,coord-precision-round,0.0001,27,27,0,,30367,src-a1dd899f902d,,
boundaries.in.wards.state=in_s22.ulb=803523,ward,S22,,803523,boundaries/in/wards/state=in_s22/ulb=803523/all.geojson,geojson,EPSG:4326,coord-precision-round,0.0001,30,30,0,,32855,src-a1dd899f902d,,
boundaries.in.wards.state=in_s22.ulb=803542,ward,S22,,803542,boundaries/in/wards/state=in_s22/ulb=803542/all.geojson,geojson,EPSG:4326,coord-precision-round,0.0001,60,60,0,,99608,src-a1dd899f902d,,
boundaries.in.wards.state=in_s22.ulb=803558,ward,S22,,803558,boundaries/in/wards/state=in_s22/ulb=803558/all.geojson,geojson,EPSG:4326,coord-precision-round,0.0001,21,21,0,,41523,src-a1dd899f902d,,
boundaries.in.wards.state=in_s22.ulb=803560,ward,S22,,803560,boundaries/in/wards/state=in_s22/ulb=803560/all.geojson,geojson,EPSG:4326,coord-precision-round,0.0001,21,21,0,,136554,src-a1dd899f902d,,
boundaries.in.wards.state=in_s22.ulb=803564,ward,S22,,803564,boundaries/in/wards/state=in_s22/ulb=803564/all.geojson,geojson,EPSG:4326,coord-precision-round,0.0001,36,36,0,,37969,src-a1dd899f902d,,
boundaries.in.wards.state=in_s22.ulb=803570,ward,S22,,803570,boundaries/in/wards/state=in_s22/ulb=803570/all.geojson,geojson,EPSG:4326,coord-precision-round,0.0001,30,30,0,,50083,src-a1dd899f902d,,
boundaries.in.wards.state=in_s22.ulb=803576,ward,S22,,803576,boundaries/in/wards/state=in_s22/ulb=803576/all.geojson,geojson,EPSG:4326,coord-precision-round,0.0001,33,33,0,,36165,src-a1dd899f902d,,
boundaries.in.wards.state=in_s22.ulb=803579,ward,S22,,803579,boundaries/in/wards/state=in_s22/ulb=803579/all.geojson,geojson,EPSG:4326,coord-precision-round,0.0001,18,18,0,,19295,src-a1dd899f902d,,
boundaries.in.wards.state=in_s22.ulb=803595,ward,S22,,803595,boundaries/in/wards/state=in_s22/ulb=803595/all.geojson,geojson,EPSG:4326,coord-precision-round,0.0001,24,24,0,,35221,src-a1dd899f902d,,
boundaries.in.wards.state=in_s22.ulb=803602,ward,S22,,803602,boundaries/in/wards/state=in_s22/ulb=803602/all.geojson,geojson,EPSG:4326,coord-precision-round,0.0001,27,27,0,,59157,src-a1dd899f902d,,
boundaries.in.wards.state=in_s22.ulb=803604,ward,S22,,803604,boundaries/in/wards/state=in_s22/ulb=803604/all.geojson,geojson,EPSG:4326,coord-precision-round,0.0001,24,24,0,,31737,src-a1dd899f902d,,
boundaries.in.wards.state=in_s22.ulb=803623,ward,S22,,803623,boundaries/in/wards/state=in_s22/ulb=803623/all.geojson,geojson,EPSG:4326,coord-precision-round,0.0001,24,24,0,,25384,src-a1dd899f902d,,
boundaries.in.wards.state=in_s22.ulb=803629,ward,S22,,803629,boundaries/in/wards/state=in_s22/ulb=803629/all.geojson,geojson,EPSG:4326,coord-precision-round,0.0001,24,24,0,,20848,src-a1dd899f902d,,
boundaries.in.wards.state=in_s22.ulb=803634,ward,S22,,803634,boundaries/in/wards/state=in_s22/ulb=803634/all.geojson,geojson,EPSG:4326,coord-precision-round,0.0001,21,21,0,,20526,src-a1dd899f902d,,
boundaries.in.wards.state=in_s22.ulb=803635,ward,S22,,803635,boundaries/in/wards/state=in_s22/ulb=803635/all.geojson,geojson,EPSG:4326,coord-precision-round,0.0001,27,27,0,,26093,src-a1dd899f902d,,
boundaries.in.wards.state=in_s22.ulb=803639,ward,S22,,803639,boundaries/in/wards/state=in_s22/ulb=803639/all.geojson,geojson,EPSG:4326,coord-precision-round,0.0001,20,20,0,,19919,src-a1dd899f902d,,
boundaries.in.wards.state=in_s22.ulb=803643,ward,S22,,803643,boundaries/in/wards/state=in_s22/ulb=803643/all.geojson,geojson,EPSG:4326,coord-precision-round,0.0001,21,21,0,,19249,src-a1dd899f902d,,
boundaries.in.wards.state=in_s22.ulb=803645,ward,S22,,803645,boundaries/in/wards/state=in_s22/ulb=803645/all.geojson,geojson,EPSG:4326,coord-precision-round,0.0001,18,18,0,,19617,src-a1dd899f902d,,
boundaries.in.wards.state=in_s22.ulb=803648,ward,S22,,803648,boundaries/in/wards/state=in_s22/ulb=803648/all.geojson,geojson,EPSG:4326,coord-precision-round,0.0001,30,30,0,,31382,src-a1dd899f902d,,
boundaries.in.wards.state=in_s22.ulb=803649,ward,S22,,803649,boundaries/in/wards/state=in_s22/ulb=803649/all.geojson,geojson,EPSG:4326,coord-precision-round,0.0001,33,33,0,,34384,src-a1dd899f902d,,
boundaries.in.wards.state=in_s22.ulb=803652,ward,S22,,803652,boundaries/in/wards/state=in_s22/ulb=803652/all.geojson,geojson,EPSG:4326,coord-precision-round,0.0001,27,27,0,,25552,src-a1dd899f902d,,
boundaries.in.wards.state=in_s22.ulb=803657,ward,S22,,803657,boundaries/in/wards/state=in_s22/ulb=803657/all.geojson,geojson,EPSG:4326,coord-precision-round,0.0001,33,33,0,,32498,src-a1dd899f902d,,
boundaries.in.wards.state=in_s22.ulb=803678,ward,S22,,803678,boundaries/in/wards/state=in_s22/ulb=803678/all.geojson,geojson,EPSG:4326,coord-precision-round,0.0001,21,21,0,,20729,src-a1dd899f902d,,
boundaries.in.wards.state=in_s22.ulb=803684,ward,S22,,803684,boundaries/in/wards/state=in_s22/ulb=803684/all.geojson,geojson,EPSG:4326,coord-precision-round,0.0001,30,30,0,,33780,src-a1dd899f902d,,
boundaries.in.wards.state=in_s22.ulb=803686,ward,S22,,803686,boundaries/in/wards/state=in_s22/ulb=803686/all.geojson,geojson,EPSG:4326,coord-precision-round,0.0001,24,24,0,,24767,src-a1dd899f902d,,
boundaries.in.wards.state=in_s22.ulb=803687,ward,S22,,803687,boundaries/in/wards/state=in_s22/ulb=803687/all.geojson,geojson,EPSG:4326,coord-precision-round,0.0001,33,33,0,,38199,src-a1dd899f902d,,
boundaries.in.wards.state=in_s22.ulb=803688,ward,S22,,803688,boundaries/in/wards/state=in_s22/ulb=803688/all.geojson,geojson,EPSG:4326,coord-precision-round,0.0001,24,24,0,,24314,src-a1dd899f902d,,
boundaries.in.wards.state=in_s22.ulb=803698,ward,S22,,803698,boundaries/in/wards/state=in_s22/ulb=803698/all.geojson,geojson,EPSG:4326,coord-precision-round,0.0001,1,1,0,,1859,src-a1dd899f902d,,
boundaries.in.wards.state=in_s22.ulb=803702,ward,S22,,803702,boundaries/in/wards/state=in_s22/ulb=803702/all.geojson,geojson,EPSG:4326,coord-precision-round,0.0001,15,15,0,,12805,src-a1dd899f902d,,
boundaries.in.wards.state=in_s22.ulb=803709,ward,S22,,803709,boundaries/in/wards/state=in_s22/ulb=803709/all.geojson,geojson,EPSG:4326,coord-precision-round,0.0001,15,15,0,,17444,src-a1dd899f902d,,
boundaries.in.wards.state=in_s22.ulb=803711,ward,S22,,803711,boundaries/in/wards/state=in_s22/ulb=803711/all.geojson,geojson,EPSG:4326,coord-precision-round,0.0001,33,33,0,,43145,src-a1dd899f902d,,
boundaries.in.wards.state=in_s22.ulb=803712,ward,S22,,803712,boundaries/in/wards/state=in_s22/ulb=803712/all.geojson,geojson,EPSG:4326,coord-precision-round,0.0001,21,21,0,,17514,src-a1dd899f902d,,
boundaries.in.wards.state=in_s22.ulb=803718,ward,S22,,803718,boundaries/in/wards/state=in_s22/ulb=803718/all.geojson,geojson,EPSG:4326,coord-precision-round,0.0001,42,42,0,,44349,src-a1dd899f902d,,
boundaries.in.wards.state=in_s22.ulb=803724,ward,S22,,803724,boundaries/in/wards/state=in_s22/ulb=803724/all.geojson,geojson,EPSG:4326,coord-precision-round,0.0001,27,27,0,,26331,src-a1dd899f902d,,
boundaries.in.wards.state=in_s22.ulb=803733,ward,S22,,803733,boundaries/in/wards/state=in_s22/ulb=803733/all.geojson,geojson,EPSG:4326,coord-precision-round,0.0001,36,36,0,,35348,src-a1dd899f902d,,
boundaries.in.wards.state=in_s22.ulb=803734,ward,S22,,803734,boundaries/in/wards/state=in_s22/ulb=803734/all.geojson,geojson,EPSG:4326,coord-precision-round,0.0001,27,27,0,,28235,src-a1dd899f902d,,
boundaries.in.wards.state=in_s22.ulb=803736,ward,S22,,803736,boundaries/in/wards/state=in_s22/ulb=803736/all.geojson,geojson,EPSG:4326,coord-precision-round,0.0001,27,27,0,,24388,src-a1dd899f902d,,
boundaries.in.wards.state=in_s22.ulb=803738,ward,S22,,803738,boundaries/in/wards/state=in_s22/ulb=803738/all.geojson,geojson,EPSG:4326,coord-precision-round,0.0001,17,17,0,,19689,src-a1dd899f902d,,
boundaries.in.wards.state=in_s22.ulb=803741,ward,S22,,803741,boundaries/in/wards/state=in_s22/ulb=803741/all.geojson,geojson,EPSG:4326,coord-precision-round,0.0001,26,26,0,,28183,src-a1dd899f902d,,
boundaries.in.wards.state=in_s22.ulb=803749,ward,S22,,803749,boundaries/in/wards/state=in_s22/ulb=803749/all.geojson,geojson,EPSG:4326,coord-precision-round,0.0001,24,24,0,,25855,src-a1dd899f902d,,
boundaries.in.wards.state=in_s22.ulb=803753,ward,S22,,803753,boundaries/in/wards/state=in_s22/ulb=803753/all.geojson,geojson,EPSG:4326,coord-precision-round,0.0001,27,27,0,,26639,src-a1dd899f902d,,
boundaries.in.wards.state=in_s22.ulb=803760,ward,S22,,803760,boundaries/in/wards/state=in_s22/ulb=803760/all.geojson,geojson,EPSG:4326,coord-precision-round,0.0001,33,33,0,,39358,src-a1dd899f902d,,
boundaries.in.wards.state=in_s22.ulb=803767,ward,S22,,803767,boundaries/in/wards/state=in_s22/ulb=803767/all.geojson,geojson,EPSG:4326,coord-precision-round,0.0001,30,30,0,,28191,src-a1dd899f902d,,
boundaries.in.wards.state=in_s22.ulb=803769,ward,S22,,803769,boundaries/in/wards/state=in_s22/ulb=803769/all.geojson,geojson,EPSG:4326,coord-precision-round,0.0001,33,33,0,,29031,src-a1dd899f902d,,
boundaries.in.wards.state=in_s22.ulb=803770,ward,S22,,803770,boundaries/in/wards/state=in_s22/ulb=803770/all.geojson,geojson,EPSG:4326,coord-precision-round,0.0001,14,14,0,,30928,src-a1dd899f902d,,
boundaries.in.wards.state=in_s22.ulb=803777,ward,S22,,803777,boundaries/in/wards/state=in_s22/ulb=803777/all.geojson,geojson,EPSG:4326,coord-precision-round,0.0001,27,27,0,,26868,src-a1dd899f902d,,
boundaries.in.wards.state=in_s22.ulb=803783,ward,S22,,803783,boundaries/in/wards/state=in_s22/ulb=803783/all.geojson,geojson,EPSG:4326,coord-precision-round,0.0001,33,33,0,,32200,src-a1dd899f902d,,
boundaries.in.wards.state=in_s22.ulb=803784,ward,S22,,803784,boundaries/in/wards/state=in_s22/ulb=803784/all.geojson,geojson,EPSG:4326,coord-precision-round,0.0001,21,21,0,,20681,src-a1dd899f902d,,
boundaries.in.wards.state=in_s22.ulb=803801,ward,S22,,803801,boundaries/in/wards/state=in_s22/ulb=803801/all.geojson,geojson,EPSG:4326,coord-precision-round,0.0001,36,36,0,,45835,src-a1dd899f902d,,
boundaries.in.wards.state=in_s22.ulb=803802,ward,S22,,803802,boundaries/in/wards/state=in_s22/ulb=803802/all.geojson,geojson,EPSG:4326,coord-precision-round,0.0001,24,24,0,,34121,src-a1dd899f902d,,
boundaries.in.wards.state=in_s22.ulb=803805,ward,S22,,803805,boundaries/in/wards/state=in_s22/ulb=803805/all.geojson,geojson,EPSG:4326,coord-precision-round,0.0001,36,36,0,,32065,src-a1dd899f902d,,
boundaries.in.wards.state=in_s22.ulb=803810,ward,S22,,803810,boundaries/in/wards/state=in_s22/ulb=803810/all.geojson,geojson,EPSG:4326,coord-precision-round,0.0001,33,33,0,,30244,src-a1dd899f902d,,
boundaries.in.wards.state=in_s22.ulb=803812,ward,S22,,803812,boundaries/in/wards/state=in_s22/ulb=803812/all.geojson,geojson,EPSG:4326,coord-precision-round,0.0001,21,21,0,,18599,src-a1dd899f902d,,
boundaries.in.wards.state=in_s22.ulb=803813,ward,S22,,803813,boundaries/in/wards/state=in_s22/ulb=803813/all.geojson,geojson,EPSG:4326,coord-precision-round,0.0001,18,18,0,,29061,src-a1dd899f902d,,
boundaries.in.wards.state=in_s22.ulb=803814,ward,S22,,803814,boundaries/in/wards/state=in_s22/ulb=803814/all.geojson,geojson,EPSG:4326,coord-precision-round,0.0001,36,36,0,,37977,src-a1dd899f902d,,
boundaries.in.wards.state=in_s22.ulb=803821,ward,S22,,803821,boundaries/in/wards/state=in_s22/ulb=803821/all.geojson,geojson,EPSG:4326,coord-precision-round,0.0001,60,60,0,,64029,src-a1dd899f902d,,
boundaries.in.wards.state=in_s22.ulb=803839,ward,S22,,803839,boundaries/in/wards/state=in_s22/ulb=803839/all.geojson,geojson,EPSG:4326,coord-precision-round,0.0001,33,33,0,,37246,src-a1dd899f902d,,
boundaries.in.wards.state=in_s22.ulb=803841,ward,S22,,803841,boundaries/in/wards/state=in_s22/ulb=803841/all.geojson,geojson,EPSG:4326,coord-precision-round,0.0001,29,29,0,,29878,src-a1dd899f902d,,
boundaries.in.wards.state=in_s22.ulb=803842,ward,S22,,803842,boundaries/in/wards/state=in_s22/ulb=803842/all.geojson,geojson,EPSG:4326,coord-precision-round,0.0001,27,27,0,,22879,src-a1dd899f902d,,
boundaries.in.wards.state=in_s22.ulb=803843,ward,S22,,803843,boundaries/in/wards/state=in_s22/ulb=803843/all.geojson,geojson,EPSG:4326,coord-precision-round,0.0001,33,33,0,,52531,src-a1dd899f902d,,
boundaries.in.wards.state=in_s22.ulb=803863,ward,S22,,803863,boundaries/in/wards/state=in_s22/ulb=803863/all.geojson,geojson,EPSG:4326,coord-precision-round,0.0001,21,21,0,,23802,src-a1dd899f902d,,
boundaries.in.wards.state=in_s22.ulb=803864,ward,S22,,803864,boundaries/in/wards/state=in_s22/ulb=803864/all.geojson,geojson,EPSG:4326,coord-precision-round,0.0001,21,21,0,,25646,src-a1dd899f902d,,
boundaries.in.wards.state=in_s22.ulb=803886,ward,S22,,803886,boundaries/in/wards/state=in_s22/ulb=803886/all.geojson,geojson,EPSG:4326,coord-precision-round,0.0001,21,21,0,,28993,src-a1dd899f902d,,
boundaries.in.wards.state=in_s22.ulb=803907,ward,S22,,803907,boundaries/in/wards/state=in_s22/ulb=803907/all.geojson,geojson,EPSG:4326,coord-precision-round,0.0001,21,21,0,,74305,src-a1dd899f902d,,
boundaries.in.wards.state=in_s22.ulb=803917,ward,S22,,803917,boundaries/in/wards/state=in_s22/ulb=803917/all.geojson,geojson,EPSG:4326,coord-precision-round,0.0001,24,24,0,,31261,src-a1dd899f902d,,
boundaries.in.wards.state=in_s22.ulb=803927,ward,S22,,803927,boundaries/in/wards/state=in_s22/ulb=803927/all.geojson,geojson,EPSG:4326,coord-precision-round,0.0001,52,52,0,,145339,src-a1dd899f902d,,
boundaries.in.wards.state=in_s22.ulb=803942,ward,S22,,803942,boundaries/in/wards/state=in_s22/ulb=803942/all.geojson,geojson,EPSG:4326,coord-precision-round,0.0001,18,18,0,,18109,src-a1dd899f902d,,
boundaries.in.wards.state=in_s22.ulb=803948,ward,S22,,803948,boundaries/in/wards/state=in_s22/ulb=803948/all.geojson,geojson,EPSG:4326,coord-precision-round,0.0001,33,33,0,,33060,src-a1dd899f902d,,
boundaries.in.wards.state=in_s22.ulb=803954,ward,S22,,803954,boundaries/in/wards/state=in_s22/ulb=803954/all.geojson,geojson,EPSG:4326,coord-precision-round,0.0001,33,33,0,,45564,src-a1dd899f902d,,
boundaries.in.wards.state=in_s22.ulb=803961,ward,S22,,803961,boundaries/in/wards/state=in_s22/ulb=803961/all.geojson,geojson,EPSG:4326,coord-precision-round,0.0001,33,33,0,,58745,src-a1dd899f902d,,
boundaries.in.wards.state=in_s22.ulb=803962,ward,S22,,803962,boundaries/in/wards/state=in_s22/ulb=803962/all.geojson,geojson,EPSG:4326,coord-precision-round,0.0001,27,27,0,,31173,src-a1dd899f902d,,
boundaries.in.wards.state=in_s22.ulb=803964,ward,S22,,803964,boundaries/in/wards/state=in_s22/ulb=803964/all.geojson,geojson,EPSG:4326,coord-precision-round,0.0001,27,27,0,,39044,src-a1dd899f902d,,
boundaries.in.wards.state=in_s22.ulb=803969,ward,S22,,803969,boundaries/in/wards/state=in_s22/ulb=803969/all.geojson,geojson,EPSG:4326,coord-precision-round,0.0001,15,15,0,,24614,src-a1dd899f902d,,
boundaries.in.wards.state=in_s22.ulb=803971,ward,S22,,803971,boundaries/in/wards/state=in_s22/ulb=803971/all.geojson,geojson,EPSG:4326,coord-precision-round,0.0001,27,27,0,,46469,src-a1dd899f902d,,
boundaries.in.wards.state=in_s22.ulb=803972,ward,S22,,803972,boundaries/in/wards/state=in_s22/ulb=803972/all.geojson,geojson,EPSG:4326,coord-precision-round,0.0001,18,18,0,,35215,src-a1dd899f902d,,
boundaries.in.wards.state=in_s22.ulb=803984,ward,S22,,803984,boundaries/in/wards/state=in_s22/ulb=803984/all.geojson,geojson,EPSG:4326,coord-precision-round,0.0001,100,100,0,,155321,src-a1dd899f902d,,
boundaries.in.wards.state=in_s22.ulb=803994,ward,S22,,803994,boundaries/in/wards/state=in_s22/ulb=803994/all.geojson,geojson,EPSG:4326,coord-precision-round,0.0001,15,15,0,,47596,src-a1dd899f902d,,
boundaries.in.wards.state=in_s22.ulb=803996,ward,S22,,803996,boundaries/in/wards/state=in_s22/ulb=803996/all.geojson,geojson,EPSG:4326,coord-precision-round,0.0001,27,27,0,,49197,src-a1dd899f902d,,
boundaries.in.wards.state=in_s22.ulb=804002,ward,S22,,804002,boundaries/in/wards/state=in_s22/ulb=804002/all.geojson,geojson,EPSG:4326,coord-precision-round,0.0001,36,36,0,,63055,src-a1dd899f902d,,
boundaries.in.wards.state=in_s22.ulb=804010,ward,S22,,804010,boundaries/in/wards/state=in_s22/ulb=804010/all.geojson,geojson,EPSG:4326,coord-precision-round,0.0001,21,21,0,,51294,src-a1dd899f902d,,
boundaries.in.wards.state=in_s22.ulb=804012,ward,S22,,804012,boundaries/in/wards/state=in_s22/ulb=804012/all.geojson,geojson,EPSG:4326,coord-precision-round,0.0001,18,18,0,,26440,src-a1dd899f902d,,
boundaries.in.wards.state=in_s22.ulb=804013,ward,S22,,804013,boundaries/in/wards/state=in_s22/ulb=804013/all.geojson,geojson,EPSG:4326,coord-precision-round,0.0001,21,21,0,,39879,src-a1dd899f902d,,
boundaries.in.wards.state=in_s22.ulb=804018,ward,S22,,804018,boundaries/in/wards/state=in_s22/ulb=804018/all.geojson,geojson,EPSG:4326,coord-precision-round,0.0001,30,30,0,,50122,src-a1dd899f902d,,
boundaries.in.wards.state=in_s22.ulb=804022,ward,S22,,804022,boundaries/in/wards/state=in_s22/ulb=804022/all.geojson,geojson,EPSG:4326,coord-precision-round,0.0001,27,27,0,,137639,src-a1dd899f902d,,
boundaries.in.wards.state=in_s22.ulb=804028,ward,S22,,804028,boundaries/in/wards/state=in_s22/ulb=804028/all.geojson,geojson,EPSG:4326,coord-precision-round,0.0001,18,18,0,,22138,src-a1dd899f902d,,
boundaries.in.wards.state=in_s22.ulb=804029,ward,S22,,804029,boundaries/in/wards/state=in_s22/ulb=804029/all.geojson,geojson,EPSG:4326,coord-precision-round,0.0001,33,33,0,,44558,src-a1dd899f902d,,
boundaries.in.wards.state=in_s24.ulb=800629,ward,S24,,800629,boundaries/in/wards/state=in_s24/ulb=800629/all.geojson,geojson,EPSG:4326,coord-precision-round,0.0001,13,13,0,,16664,src-a1dd899f902d,,
boundaries.in.wards.state=in_s24.ulb=800630,ward,S24,,800630,boundaries/in/wards/state=in_s24/ulb=800630/all.geojson,geojson,EPSG:4326,coord-precision-round,0.0001,70,70,0,,92464,src-a1dd899f902d,,
boundaries.in.wards.state=in_s24.ulb=800631,ward,S24,,800631,boundaries/in/wards/state=in_s24/ulb=800631/all.geojson,geojson,EPSG:4326,coord-precision-round,0.0001,13,13,0,,19433,src-a1dd899f902d,,
boundaries.in.wards.state=in_s24.ulb=800632,ward,S24,,800632,boundaries/in/wards/state=in_s24/ulb=800632/all.geojson,geojson,EPSG:4326,coord-precision-round,0.0001,25,25,0,,32147,src-a1dd899f902d,,
boundaries.in.wards.state=in_s24.ulb=800633,ward,S24,,800633,boundaries/in/wards/state=in_s24/ulb=800633/all.geojson,geojson,EPSG:4326,coord-precision-round,0.0001,25,25,0,,26704,src-a1dd899f902d,,
boundaries.in.wards.state=in_s24.ulb=800634,ward,S24,,800634,boundaries/in/wards/state=in_s24/ulb=800634/all.geojson,geojson,EPSG:4326,coord-precision-round,0.0001,12,12,0,,13350,src-a1dd899f902d,,
boundaries.in.wards.state=in_s24.ulb=800635,ward,S24,,800635,boundaries/in/wards/state=in_s24/ulb=800635/all.geojson,geojson,EPSG:4326,coord-precision-round,0.0001,25,25,0,,24502,src-a1dd899f902d,,
boundaries.in.wards.state=in_s24.ulb=800636,ward,S24,,800636,boundaries/in/wards/state=in_s24/ulb=800636/all.geojson,geojson,EPSG:4326,coord-precision-round,0.0001,11,11,0,,11650,src-a1dd899f902d,,
boundaries.in.wards.state=in_s24.ulb=800637,ward,S24,,800637,boundaries/in/wards/state=in_s24/ulb=800637/all.geojson,geojson,EPSG:4326,coord-precision-round,0.0001,25,25,0,,37480,src-a1dd899f902d,,
boundaries.in.wards.state=in_s24.ulb=800638,ward,S24,,800638,boundaries/in/wards/state=in_s24/ulb=800638/all.geojson,geojson,EPSG:4326,coord-precision-round,0.0001,13,13,0,,16171,src-a1dd899f902d,,
boundaries.in.wards.state=in_s24.ulb=800639,ward,S24,,800639,boundaries/in/wards/state=in_s24/ulb=800639/all.geojson,geojson,EPSG:4326,coord-precision-round,0.0001,15,15,0,,14104,src-a1dd899f902d,,
boundaries.in.wards.state=in_s24.ulb=800640,ward,S24,,800640,boundaries/in/wards/state=in_s24/ulb=800640/all.geojson,geojson,EPSG:4326,coord-precision-round,0.0001,12,12,0,,15915,src-a1dd899f902d,,
boundaries.in.wards.state=in_s24.ulb=800641,ward,S24,,800641,boundaries/in/wards/state=in_s24/ulb=800641/all.geojson,geojson,EPSG:4326,coord-precision-round,0.0001,14,14,0,,17768,src-a1dd899f902d,,
boundaries.in.wards.state=in_s24.ulb=800642,ward,S24,,800642,boundaries/in/wards/state=in_s24/ulb=800642/all.geojson,geojson,EPSG:4326,coord-precision-round,0.0001,25,25,0,,32542,src-a1dd899f902d,,
boundaries.in.wards.state=in_s24.ulb=800643,ward,S24,,800643,boundaries/in/wards/state=in_s24/ulb=800643/all.geojson,geojson,EPSG:4326,coord-precision-round,0.0001,26,26,0,,31718,src-a1dd899f902d,,
boundaries.in.wards.state=in_s24.ulb=800644,ward,S24,,800644,boundaries/in/wards/state=in_s24/ulb=800644/all.geojson,geojson,EPSG:4326,coord-precision-round,0.0001,12,12,0,,18082,src-a1dd899f902d,,
boundaries.in.wards.state=in_s24.ulb=800645,ward,S24,,800645,boundaries/in/wards/state=in_s24/ulb=800645/all.geojson,geojson,EPSG:4326,coord-precision-round,0.0001,25,25,0,,31837,src-a1dd899f902d,,
boundaries.in.wards.state=in_s24.ulb=800646,ward,S24,,800646,boundaries/in/wards/state=in_s24/ulb=800646/all.geojson,geojson,EPSG:4326,coord-precision-round,0.0001,14,14,0,,21503,src-a1dd899f902d,,
boundaries.in.wards.state=in_s24.ulb=800647,ward,S24,,800647,boundaries/in/wards/state=in_s24/ulb=800647/all.geojson,geojson,EPSG:4326,coord-precision-round,0.0001,11,11,0,,17480,src-a1dd899f902d,,
boundaries.in.wards.state=in_s24.ulb=800648,ward,S24,,800648,boundaries/in/wards/state=in_s24/ulb=800648/all.geojson,geojson,EPSG:4326,coord-precision-round,0.0001,17,17,0,,29063,src-a1dd899f902d,,
boundaries.in.wards.state=in_s24.ulb=800649,ward,S24,,800649,boundaries/in/wards/state=in_s24/ulb=800649/all.geojson,geojson,EPSG:4326,coord-precision-round,0.0001,15,15,0,,22121,src-a1dd899f902d,,
boundaries.in.wards.state=in_s24.ulb=800650,ward,S24,,800650,boundaries/in/wards/state=in_s24/ulb=800650/all.geojson,geojson,EPSG:4326,coord-precision-round,0.0001,15,15,0,,20789,src-a1dd899f902d,,
boundaries.in.wards.state=in_s24.ulb=800651,ward,S24,,800651,boundaries/in/wards/state=in_s24/ulb=800651/all.geojson,geojson,EPSG:4326,coord-precision-round,0.0001,14,14,0,,16887,src-a1dd899f902d,,
boundaries.in.wards.state=in_s24.ulb=800652,ward,S24,,800652,boundaries/in/wards/state=in_s24/ulb=800652/all.geojson,geojson,EPSG:4326,coord-precision-round,0.0001,50,50,0,,61734,src-a1dd899f902d,,
boundaries.in.wards.state=in_s24.ulb=800653,ward,S24,,800653,boundaries/in/wards/state=in_s24/ulb=800653/all.geojson,geojson,EPSG:4326,coord-precision-round,0.0001,13,13,0,,17355,src-a1dd899f902d,,
boundaries.in.wards.state=in_s24.ulb=800654,ward,S24,,800654,boundaries/in/wards/state=in_s24/ulb=800654/all.geojson,geojson,EPSG:4326,coord-precision-round,0.0001,17,17,0,,22543,src-a1dd899f902d,,
boundaries.in.wards.state=in_s24.ulb=800655,ward,S24,,800655,boundaries/in/wards/state=in_s24/ulb=800655/all.geojson,geojson,EPSG:4326,coord-precision-round,0.0001,13,13,0,,24581,src-a1dd899f902d,,
boundaries.in.wards.state=in_s24.ulb=800656,ward,S24,,800656,boundaries/in/wards/state=in_s24/ulb=800656/all.geojson,geojson,EPSG:4326,coord-precision-round,0.0001,25,25,0,,31660,src-a1dd899f902d,,
boundaries.in.wards.state=in_s24.ulb=800657,ward,S24,,800657,boundaries/in/wards/state=in_s24/ulb=800657/all.geojson,geojson,EPSG:4326,coord-precision-round,0.0001,14,14,0,,16794,src-a1dd899f902d,,
boundaries.in.wards.state=in_s24.ulb=800658,ward,S24,,800658,boundaries/in/wards/state=in_s24/ulb=800658/all.geojson,geojson,EPSG:4326,coord-precision-round,0.0001,13,13,0,,19137,src-a1dd899f902d,,
boundaries.in.wards.state=in_s24.ulb=800659,ward,S24,,800659,boundaries/in/wards/state=in_s24/ulb=800659/all.geojson,geojson,EPSG:4326,coord-precision-round,0.0001,16,16,0,,29184,src-a1dd899f902d,,
boundaries.in.wards.state=in_s24.ulb=800660,ward,S24,,800660,boundaries/in/wards/state=in_s24/ulb=800660/all.geojson,geojson,EPSG:4326,coord-precision-round,0.0001,14,14,0,,27613,src-a1dd899f902d,,
boundaries.in.wards.state=in_s24.ulb=800661,ward,S24,,800661,boundaries/in/wards/state=in_s24/ulb=800661/all.geojson,geojson,EPSG:4326,coord-precision-round,0.0001,25,25,0,,39994,src-a1dd899f902d,,
boundaries.in.wards.state=in_s24.ulb=800662,ward,S24,,800662,boundaries/in/wards/state=in_s24/ulb=800662/all.geojson,geojson,EPSG:4326,coord-precision-round,0.0001,13,13,0,,18462,src-a1dd899f902d,,
boundaries.in.wards.state=in_s24.ulb=800663,ward,S24,,800663,boundaries/in/wards/state=in_s24/ulb=800663/all.geojson,geojson,EPSG:4326,coord-precision-round,0.0001,25,25,0,,41870,src-a1dd899f902d,,
boundaries.in.wards.state=in_s24.ulb=800664,ward,S24,,800664,boundaries/in/wards/state=in_s24/ulb=800664/all.geojson,geojson,EPSG:4326,coord-precision-round,0.0001,14,14,0,,21904,src-a1dd899f902d,,
boundaries.in.wards.state=in_s24.ulb=800665,ward,S24,,800665,boundaries/in/wards/state=in_s24/ulb=800665/all.geojson,geojson,EPSG:4326,coord-precision-round,0.0001,32,32,0,,76139,src-a1dd899f902d,,
boundaries.in.wards.state=in_s24.ulb=800666,ward,S24,,800666,boundaries/in/wards/state=in_s24/ulb=800666/all.geojson,geojson,EPSG:4326,coord-precision-round,0.0001,14,14,0,,15596,src-a1dd899f902d,,
boundaries.in.wards.state=in_s24.ulb=800667,ward,S24,,800667,boundaries/in/wards/state=in_s24/ulb=800667/all.geojson,geojson,EPSG:4326,coord-precision-round,0.0001,25,25,0,,33988,src-a1dd899f902d,,
boundaries.in.wards.state=in_s24.ulb=800668,ward,S24,,800668,boundaries/in/wards/state=in_s24/ulb=800668/all.geojson,geojson,EPSG:4326,coord-precision-round,0.0001,25,25,0,,31306,src-a1dd899f902d,,
boundaries.in.wards.state=in_s24.ulb=800669,ward,S24,,800669,boundaries/in/wards/state=in_s24/ulb=800669/all.geojson,geojson,EPSG:4326,coord-precision-round,0.0001,15,15,0,,14777,src-a1dd899f902d,,
boundaries.in.wards.state=in_s24.ulb=800670,ward,S24,,800670,boundaries/in/wards/state=in_s24/ulb=800670/all.geojson,geojson,EPSG:4326,coord-precision-round,0.0001,25,25,0,,32707,src-a1dd899f902d,,
boundaries.in.wards.state=in_s24.ulb=800671,ward,S24,,800671,boundaries/in/wards/state=in_s24/ulb=800671/all.geojson,geojson,EPSG:4326,coord-precision-round,0.0001,25,25,0,,36992,src-a1dd899f902d,,
boundaries.in.wards.state=in_s24.ulb=800672,ward,S24,,800672,boundaries/in/wards/state=in_s24/ulb=800672/all.geojson,geojson,EPSG:4326,coord-precision-round,0.0001,25,25,0,,56135,src-a1dd899f902d,,
boundaries.in.wards.state=in_s24.ulb=800673,ward,S24,,800673,boundaries/in/wards/state=in_s24/ulb=800673/all.geojson,geojson,EPSG:4326,coord-precision-round,0.0001,25,25,0,,31564,src-a1dd899f902d,,
boundaries.in.wards.state=in_s24.ulb=800674,ward,S24,,800674,boundaries/in/wards/state=in_s24/ulb=800674/all.geojson,geojson,EPSG:4326,coord-precision-round,0.0001,25,25,0,,32491,src-a1dd899f902d,,
boundaries.in.wards.state=in_s24.ulb=800676,ward,S24,,800676,boundaries/in/wards/state=in_s24/ulb=800676/all.geojson,geojson,EPSG:4326,coord-precision-round,0.0001,25,25,0,,27845,src-a1dd899f902d,,
boundaries.in.wards.state=in_s24.ulb=800677,ward,S24,,800677,boundaries/in/wards/state=in_s24/ulb=800677/all.geojson,geojson,EPSG:4326,coord-precision-round,0.0001,25,25,0,,46579,src-a1dd899f902d,,
boundaries.in.wards.state=in_s24.ulb=800679,ward,S24,,800679,boundaries/in/wards/state=in_s24/ulb=800679/all.geojson,geojson,EPSG:4326,coord-precision-round,0.0001,17,17,0,,57742,src-a1dd899f902d,,
boundaries.in.wards.state=in_s24.ulb=800680,ward,S24,,800680,boundaries/in/wards/state=in_s24/ulb=800680/all.geojson,geojson,EPSG:4326,coord-precision-round,0.0001,13,13,0,,20149,src-a1dd899f902d,,
boundaries.in.wards.state=in_s24.ulb=800681,ward,S24,,800681,boundaries/in/wards/state=in_s24/ulb=800681/all.geojson,geojson,EPSG:4326,coord-precision-round,0.0001,15,15,0,,15643,src-a1dd899f902d,,
boundaries.in.wards.state=in_s24.ulb=800682,ward,S24,,800682,boundaries/in/wards/state=in_s24/ulb=800682/all.geojson,geojson,EPSG:4326,coord-precision-round,0.0001,70,70,0,,93389,src-a1dd899f902d,,
boundaries.in.wards.state=in_s24.ulb=800683,ward,S24,,800683,boundaries/in/wards/state=in_s24/ulb=800683/all.geojson,geojson,EPSG:4326,coord-precision-round,0.0001,15,15,0,,17970,src-a1dd899f902d,,
boundaries.in.wards.state=in_s24.ulb=800684,ward,S24,,800684,boundaries/in/wards/state=in_s24/ulb=800684/all.geojson,geojson,EPSG:4326,coord-precision-round,0.0001,25,25,0,,24017,src-a1dd899f902d,,
boundaries.in.wards.state=in_s24.ulb=800685,ward,S24,,800685,boundaries/in/wards/state=in_s24/ulb=800685/all.geojson,geojson,EPSG:4326,coord-precision-round,0.0001,15,15,0,,14243,src-a1dd899f902d,,
boundaries.in.wards.state=in_s24.ulb=800686,ward,S24,,800686,boundaries/in/wards/state=in_s24/ulb=800686/all.geojson,geojson,EPSG:4326,coord-precision-round,0.0001,37,37,0,,36140,src-a1dd899f902d,,
boundaries.in.wards.state=in_s24.ulb=800687,ward,S24,,800687,boundaries/in/wards/state=in_s24/ulb=800687/all.geojson,geojson,EPSG:4326,coord-precision-round,0.0001,25,25,0,,28434,src-a1dd899f902d,,
boundaries.in.wards.state=in_s24.ulb=800688,ward,S24,,800688,boundaries/in/wards/state=in_s24/ulb=800688/all.geojson,geojson,EPSG:4326,coord-precision-round,0.0001,13,13,0,,19190,src-a1dd899f902d,,
boundaries.in.wards.state=in_s24.ulb=800689,ward,S24,,800689,boundaries/in/wards/state=in_s24/ulb=800689/all.geojson,geojson,EPSG:4326,coord-precision-round,0.0001,24,24,0,,30730,src-a1dd899f902d,,
boundaries.in.wards.state=in_s24.ulb=800690,ward,S24,,800690,boundaries/in/wards/state=in_s24/ulb=800690/all.geojson,geojson,EPSG:4326,coord-precision-round,0.0001,13,13,0,,21238,src-a1dd899f902d,,
boundaries.in.wards.state=in_s24.ulb=800691,ward,S24,,800691,boundaries/in/wards/state=in_s24/ulb=800691/all.geojson,geojson,EPSG:4326,coord-precision-round,0.0001,25,25,0,,35784,src-a1dd899f902d,,
boundaries.in.wards.state=in_s24.ulb=800692,ward,S24,,800692,boundaries/in/wards/state=in_s24/ulb=800692/all.geojson,geojson,EPSG:4326,coord-precision-round,0.0001,25,25,0,,34051,src-a1dd899f902d,,
boundaries.in.wards.state=in_s24.ulb=800695,ward,S24,,800695,boundaries/in/wards/state=in_s24/ulb=800695/all.geojson,geojson,EPSG:4326,coord-precision-round,0.0001,43,43,0,,53121,src-a1dd899f902d,,
boundaries.in.wards.state=in_s24.ulb=800698,ward,S24,,800698,boundaries/in/wards/state=in_s24/ulb=800698/all.geojson,geojson,EPSG:4326,coord-precision-round,0.0001,25,25,0,,34790,src-a1dd899f902d,,
boundaries.in.wards.state=in_s24.ulb=800699,ward,S24,,800699,boundaries/in/wards/state=in_s24/ulb=800699/all.geojson,geojson,EPSG:4326,coord-precision-round,0.0001,25,25,0,,23828,src-a1dd899f902d,,
boundaries.in.wards.state=in_s24.ulb=800700,ward,S24,,800700,boundaries/in/wards/state=in_s24/ulb=800700/all.geojson,geojson,EPSG:4326,coord-precision-round,0.0001,25,25,0,,43677,src-a1dd899f902d,,
boundaries.in.wards.state=in_s24.ulb=800701,ward,S24,,800701,boundaries/in/wards/state=in_s24/ulb=800701/all.geojson,geojson,EPSG:4326,coord-precision-round,0.0001,16,16,0,,24286,src-a1dd899f902d,,
boundaries.in.wards.state=in_s24.ulb=800702,ward,S24,,800702,boundaries/in/wards/state=in_s24/ulb=800702/all.geojson,geojson,EPSG:4326,coord-precision-round,0.0001,34,34,0,,45025,src-a1dd899f902d,,
boundaries.in.wards.state=in_s24.ulb=800703,ward,S24,,800703,boundaries/in/wards/state=in_s24/ulb=800703/all.geojson,geojson,EPSG:4326,coord-precision-round,0.0001,12,12,0,,10753,src-a1dd899f902d,,
boundaries.in.wards.state=in_s24.ulb=800705,ward,S24,,800705,boundaries/in/wards/state=in_s24/ulb=800705/all.geojson,geojson,EPSG:4326,coord-precision-round,0.0001,14,14,0,,17542,src-a1dd899f902d,,
boundaries.in.wards.state=in_s24.ulb=800706,ward,S24,,800706,boundaries/in/wards/state=in_s24/ulb=800706/all.geojson,geojson,EPSG:4326,coord-precision-round,0.0001,12,12,0,,18740,src-a1dd899f902d,,
boundaries.in.wards.state=in_s24.ulb=800707,ward,S24,,800707,boundaries/in/wards/state=in_s24/ulb=800707/all.geojson,geojson,EPSG:4326,coord-precision-round,0.0001,25,25,0,,35711,src-a1dd899f902d,,
boundaries.in.wards.state=in_s24.ulb=800708,ward,S24,,800708,boundaries/in/wards/state=in_s24/ulb=800708/all.geojson,geojson,EPSG:4326,coord-precision-round,0.0001,14,14,0,,17921,src-a1dd899f902d,,
boundaries.in.wards.state=in_s24.ulb=800709,ward,S24,,800709,boundaries/in/wards/state=in_s24/ulb=800709/all.geojson,geojson,EPSG:4326,coord-precision-round,0.0001,14,14,0,,19488,src-a1dd899f902d,,
boundaries.in.wards.state=in_s24.ulb=800710,ward,S24,,800710,boundaries/in/wards/state=in_s24/ulb=800710/all.geojson,geojson,EPSG:4326,coord-precision-round,0.0001,13,13,0,,20262,src-a1dd899f902d,,
boundaries.in.wards.state=in_s24.ulb=800711,ward,S24,,800711,boundaries/in/wards/state=in_s24/ulb=800711/all.geojson,geojson,EPSG:4326,coord-precision-round,0.0001,11,11,0,,16035,src-a1dd899f902d,,
boundaries.in.wards.state=in_s24.ulb=800712,ward,S24,,800712,boundaries/in/wards/state=in_s24/ulb=800712/all.geojson,geojson,EPSG:4326,coord-precision-round,0.0001,15,15,0,,42132,src-a1dd899f902d,,
boundaries.in.wards.state=in_s24.ulb=800713,ward,S24,,800713,boundaries/in/wards/state=in_s24/ulb=800713/all.geojson,geojson,EPSG:4326,coord-precision-round,0.0001,25,25,0,,47474,src-a1dd899f902d,,
boundaries.in.wards.state=in_s24.ulb=800714,ward,S24,,800714,boundaries/in/wards/state=in_s24/ulb=800714/all.geojson,geojson,EPSG:4326,coord-precision-round,0.0001,13,13,0,,23731,src-a1dd899f902d,,
boundaries.in.wards.state=in_s24.ulb=800715,ward,S24,,800715,boundaries/in/wards/state=in_s24/ulb=800715/all.geojson,geojson,EPSG:4326,coord-precision-round,0.0001,15,15,0,,26815,src-a1dd899f902d,,
boundaries.in.wards.state=in_s24.ulb=800716,ward,S24,,800716,boundaries/in/wards/state=in_s24/ulb=800716/all.geojson,geojson,EPSG:4326,coord-precision-round,0.0001,90,90,0,,259123,src-a1dd899f902d,,
boundaries.in.wards.state=in_s24.ulb=800717,ward,S24,,800717,boundaries/in/wards/state=in_s24/ulb=800717/all.geojson,geojson,EPSG:4326,coord-precision-round,0.0001,15,15,0,,21798,src-a1dd899f902d,,
boundaries.in.wards.state=in_s24.ulb=800718,ward,S24,,800718,boundaries/in/wards/state=in_s24/ulb=800718/all.geojson,geojson,EPSG:4326,coord-precision-round,0.0001,14,14,0,,24328,src-a1dd899f902d,,
boundaries.in.wards.state=in_s24.ulb=800719,ward,S24,,800719,boundaries/in/wards/state=in_s24/ulb=800719/all.geojson,geojson,EPSG:4326,coord-precision-round,0.0001,12,12,0,,17763,src-a1dd899f902d,,
boundaries.in.wards.state=in_s24.ulb=800720,ward,S24,,800720,boundaries/in/wards/state=in_s24/ulb=800720/all.geojson,geojson,EPSG:4326,coord-precision-round,0.0001,14,14,0,,22512,src-a1dd899f902d,,
boundaries.in.wards.state=in_s24.ulb=800721,ward,S24,,800721,boundaries/in/wards/state=in_s24/ulb=800721/all.geojson,geojson,EPSG:4326,coord-precision-round,0.0001,12,12,0,,20129,src-a1dd899f902d,,
boundaries.in.wards.state=in_s24.ulb=800722,ward,S24,,800722,boundaries/in/wards/state=in_s24/ulb=800722/all.geojson,geojson,EPSG:4326,coord-precision-round,0.0001,12,12,0,,19761,src-a1dd899f902d,,
boundaries.in.wards.state=in_s24.ulb=800723,ward,S24,,800723,boundaries/in/wards/state=in_s24/ulb=800723/all.geojson,geojson,EPSG:4326,coord-precision-round,0.0001,25,25,0,,34668,src-a1dd899f902d,,
boundaries.in.wards.state=in_s24.ulb=800724,ward,S24,,800724,boundaries/in/wards/state=in_s24/ulb=800724/all.geojson,geojson,EPSG:4326,coord-precision-round,0.0001,25,25,0,,33592,src-a1dd899f902d,,
boundaries.in.wards.state=in_s24.ulb=800725,ward,S24,,800725,boundaries/in/wards/state=in_s24/ulb=800725/all.geojson,geojson,EPSG:4326,coord-precision-round,0.0001,11,11,0,,13637,src-a1dd899f902d,,
boundaries.in.wards.state=in_s24.ulb=800727,ward,S24,,800727,boundaries/in/wards/state=in_s24/ulb=800727/all.geojson,geojson,EPSG:4326,coord-precision-round,0.0001,25,25,0,,49025,src-a1dd899f902d,,
boundaries.in.wards.state=in_s24.ulb=800729,ward,S24,,800729,boundaries/in/wards/state=in_s24/ulb=800729/all.geojson,geojson,EPSG:4326,coord-precision-round,0.0001,10,10,0,,22837,src-a1dd899f902d,,
boundaries.in.wards.state=in_s24.ulb=800730,ward,S24,,800730,boundaries/in/wards/state=in_s24/ulb=800730/all.geojson,geojson,EPSG:4326,coord-precision-round,0.0001,34,34,0,,80411,src-a1dd899f902d,,
boundaries.in.wards.state=in_s24.ulb=800731,ward,S24,,800731,boundaries/in/wards/state=in_s24/ulb=800731/all.geojson,geojson,EPSG:4326,coord-precision-round,0.0001,11,11,0,,43152,src-a1dd899f902d,,
boundaries.in.wards.state=in_s24.ulb=800733,ward,S24,,800733,boundaries/in/wards/state=in_s24/ulb=800733/all.geojson,geojson,EPSG:4326,coord-precision-round,0.0001,55,55,0,,63485,src-a1dd899f902d,,
boundaries.in.wards.state=in_s24.ulb=800734,ward,S24,,800734,boundaries/in/wards/state=in_s24/ulb=800734/all.geojson,geojson,EPSG:4326,coord-precision-round,0.0001,94,94,0,,156098,src-a1dd899f902d,,
boundaries.in.wards.state=in_s24.ulb=800735,ward,S24,,800735,boundaries/in/wards/state=in_s24/ulb=800735/all.geojson,geojson,EPSG:4326,coord-precision-round,0.0001,15,15,0,,38751,src-a1dd899f902d,,
boundaries.in.wards.state=in_s24.ulb=800736,ward,S24,,800736,boundaries/in/wards/state=in_s24/ulb=800736/all.geojson,geojson,EPSG:4326,coord-precision-round,0.0001,25,25,0,,33940,src-a1dd899f902d,,
boundaries.in.wards.state=in_s24.ulb=800737,ward,S24,,800737,boundaries/in/wards/state=in_s24/ulb=800737/all.geojson,geojson,EPSG:4326,coord-precision-round,0.0001,41,41,0,,48438,src-a1dd899f902d,,
boundaries.in.wards.state=in_s24.ulb=800738,ward,S24,,800738,boundaries/in/wards/state=in_s24/ulb=800738/all.geojson,geojson,EPSG:4326,coord-precision-round,0.0001,10,10,0,,12948,src-a1dd899f902d,,
boundaries.in.wards.state=in_s24.ulb=800739,ward,S24,,800739,boundaries/in/wards/state=in_s24/ulb=800739/all.geojson,geojson,EPSG:4326,coord-precision-round,0.0001,25,25,0,,50341,src-a1dd899f902d,,
boundaries.in.wards.state=in_s24.ulb=800740,ward,S24,,800740,boundaries/in/wards/state=in_s24/ulb=800740/all.geojson,geojson,EPSG:4326,coord-precision-round,0.0001,25,25,0,,29873,src-a1dd899f902d,,
boundaries.in.wards.state=in_s24.ulb=800741,ward,S24,,800741,boundaries/in/wards/state=in_s24/ulb=800741/all.geojson,geojson,EPSG:4326,coord-precision-round,0.0001,10,10,0,,14543,src-a1dd899f902d,,
boundaries.in.wards.state=in_s24.ulb=800742,ward,S24,,800742,boundaries/in/wards/state=in_s24/ulb=800742/all.geojson,geojson,EPSG:4326,coord-precision-round,0.0001,11,11,0,,15174,src-a1dd899f902d,,
boundaries.in.wards.state=in_s24.ulb=800743,ward,S24,,800743,boundaries/in/wards/state=in_s24/ulb=800743/all.geojson,geojson,EPSG:4326,coord-precision-round,0.0001,12,12,0,,17130,src-a1dd899f902d,,
boundaries.in.wards.state=in_s24.ulb=800744,ward,S24,,800744,boundaries/in/wards/state=in_s24/ulb=800744/all.geojson,geojson,EPSG:4326,coord-precision-round,0.0001,10,10,0,,15277,src-a1dd899f902d,,
boundaries.in.wards.state=in_s24.ulb=800745,ward,S24,,800745,boundaries/in/wards/state=in_s24/ulb=800745/all.geojson,geojson,EPSG:4326,coord-precision-round,0.0001,16,16,0,,21557,src-a1dd899f902d,,
boundaries.in.wards.state=in_s24.ulb=800746,ward,S24,,800746,boundaries/in/wards/state=in_s24/ulb=800746/all.geojson,geojson,EPSG:4326,coord-precision-round,0.0001,25,25,0,,43959,src-a1dd899f902d,,
boundaries.in.wards.state=in_s24.ulb=800747,ward,S24,,800747,boundaries/in/wards/state=in_s24/ulb=800747/all.geojson,geojson,EPSG:4326,coord-precision-round,0.0001,10,10,0,,12350,src-a1dd899f902d,,
boundaries.in.wards.state=in_s24.ulb=800748,ward,S24,,800748,boundaries/in/wards/state=in_s24/ulb=800748/all.geojson,geojson,EPSG:4326,coord-precision-round,0.0001,15,15,0,,17224,src-a1dd899f902d,,
boundaries.in.wards.state=in_s24.ulb=800750,ward,S24,,800750,boundaries/in/wards/state=in_s24/ulb=800750/all.geojson,geojson,EPSG:4326,coord-precision-round,0.0001,25,25,0,,35475,src-a1dd899f902d,,
boundaries.in.wards.state=in_s24.ulb=800751,ward,S24,,800751,boundaries/in/wards/state=in_s24/ulb=800751/all.geojson,geojson,EPSG:4326,coord-precision-round,0.0001,10,10,0,,39773,src-a1dd899f902d,,
boundaries.in.wards.state=in_s24.ulb=800752,ward,S24,,800752,boundaries/in/wards/state=in_s24/ulb=800752/all.geojson,geojson,EPSG:4326,coord-precision-round,0.0001,25,25,0,,31201,src-a1dd899f902d,,
boundaries.in.wards.state=in_s24.ulb=800753,ward,S24,,800753,boundaries/in/wards/state=in_s24/ulb=800753/all.geojson,geojson,EPSG:4326,coord-precision-round,0.0001,12,12,0,,31292,src-a1dd899f902d,,
boundaries.in.wards.state=in_s24.ulb=800754,ward,S24,,800754,boundaries/in/wards/state=in_s24/ulb=800754/all.geojson,geojson,EPSG:4326,coord-precision-round,0.0001,12,12,0,,15470,src-a1dd899f902d,,
boundaries.in.wards.state=in_s24.ulb=800755,ward,S24,,800755,boundaries/in/wards/state=in_s24/ulb=800755/all.geojson,geojson,EPSG:4326,coord-precision-round,0.0001,25,25,0,,81043,src-a1dd899f902d,,
boundaries.in.wards.state=in_s24.ulb=800756,ward,S24,,800756,boundaries/in/wards/state=in_s24/ulb=800756/all.geojson,geojson,EPSG:4326,coord-precision-round,0.0001,25,25,0,,84136,src-a1dd899f902d,,
boundaries.in.wards.state=in_s24.ulb=800757,ward,S24,,800757,boundaries/in/wards/state=in_s24/ulb=800757/all.geojson,geojson,EPSG:4326,coord-precision-round,0.0001,25,25,0,,28983,src-a1dd899f902d,,
boundaries.in.wards.state=in_s24.ulb=800758,ward,S24,,800758,boundaries/in/wards/state=in_s24/ulb=800758/all.geojson,geojson,EPSG:4326,coord-precision-round,0.0001,15,15,0,,15331,src-a1dd899f902d,,
boundaries.in.wards.state=in_s24.ulb=800759,ward,S24,,800759,boundaries/in/wards/state=in_s24/ulb=800759/all.geojson,geojson,EPSG:4326,coord-precision-round,0.0001,25,25,0,,34932,src-a1dd899f902d,,
boundaries.in.wards.state=in_s24.ulb=800760,ward,S24,,800760,boundaries/in/wards/state=in_s24/ulb=800760/all.geojson,geojson,EPSG:4326,coord-precision-round,0.0001,13,13,0,,20397,src-a1dd899f902d,,
boundaries.in.wards.state=in_s24.ulb=800761,ward,S24,,800761,boundaries/in/wards/state=in_s24/ulb=800761/all.geojson,geojson,EPSG:4326,coord-precision-round,0.0001,11,11,0,,22709,src-a1dd899f902d,,
boundaries.in.wards.state=in_s24.ulb=800763,ward,S24,,800763,boundaries/in/wards/state=in_s24/ulb=800763/all.geojson,geojson,EPSG:4326,coord-precision-round,0.0001,13,13,0,,20326,src-a1dd899f902d,,
boundaries.in.wards.state=in_s24.ulb=800764,ward,S24,,800764,boundaries/in/wards/state=in_s24/ulb=800764/all.geojson,geojson,EPSG:4326,coord-precision-round,0.0001,25,25,0,,33450,src-a1dd899f902d,,
boundaries.in.wards.state=in_s24.ulb=800765,ward,S24,,800765,boundaries/in/wards/state=in_s24/ulb=800765/all.geojson,geojson,EPSG:4326,coord-precision-round,0.0001,25,25,0,,47067,src-a1dd899f902d,,
boundaries.in.wards.state=in_s24.ulb=800766,ward,S24,,800766,boundaries/in/wards/state=in_s24/ulb=800766/all.geojson,geojson,EPSG:4326,coord-precision-round,0.0001,15,15,0,,16974,src-a1dd899f902d,,
boundaries.in.wards.state=in_s24.ulb=800767,ward,S24,,800767,boundaries/in/wards/state=in_s24/ulb=800767/all.geojson,geojson,EPSG:4326,coord-precision-round,0.0001,11,11,0,,17738,src-a1dd899f902d,,
boundaries.in.wards.state=in_s24.ulb=800768,ward,S24,,800768,boundaries/in/wards/state=in_s24/ulb=800768/all.geojson,geojson,EPSG:4326,coord-precision-round,0.0001,80,80,0,,243735,src-a1dd899f902d,,
boundaries.in.wards.state=in_s24.ulb=800769,ward,S24,,800769,boundaries/in/wards/state=in_s24/ulb=800769/all.geojson,geojson,EPSG:4326,coord-precision-round,0.0001,13,13,0,,29417,src-a1dd899f902d,,
boundaries.in.wards.state=in_s24.ulb=800770,ward,S24,,800770,boundaries/in/wards/state=in_s24/ulb=800770/all.geojson,geojson,EPSG:4326,coord-precision-round,0.0001,11,11,0,,22472,src-a1dd899f902d,,
boundaries.in.wards.state=in_s24.ulb=800771,ward,S24,,800771,boundaries/in/wards/state=in_s24/ulb=800771/all.geojson,geojson,EPSG:4326,coord-precision-round,0.0001,10,10,0,,27768,src-a1dd899f902d,,
boundaries.in.wards.state=in_s24.ulb=800772,ward,S24,,800772,boundaries/in/wards/state=in_s24/ulb=800772/all.geojson,geojson,EPSG:4326,coord-precision-round,0.0001,10,10,0,,22484,src-a1dd899f902d,,
boundaries.in.wards.state=in_s24.ulb=800773,ward,S24,,800773,boundaries/in/wards/state=in_s24/ulb=800773/all.geojson,geojson,EPSG:4326,coord-precision-round,0.0001,11,11,0,,16776,src-a1dd899f902d,,
boundaries.in.wards.state=in_s24.ulb=800774,ward,S24,,800774,boundaries/in/wards/state=in_s24/ulb=800774/all.geojson,geojson,EPSG:4326,coord-precision-round,0.0001,10,10,0,,21891,src-a1dd899f902d,,
boundaries.in.wards.state=in_s24.ulb=800775,ward,S24,,800775,boundaries/in/wards/state=in_s24/ulb=800775/all.geojson,geojson,EPSG:4326,coord-precision-round,0.0001,12,12,0,,15365,src-a1dd899f902d,,
boundaries.in.wards.state=in_s24.ulb=800776,ward,S24,,800776,boundaries/in/wards/state=in_s24/ulb=800776/all.geojson,geojson,EPSG:4326,coord-precision-round,0.0001,25,25,0,,30703,src-a1dd899f902d,,
boundaries.in.wards.state=in_s24.ulb=800777,ward,S24,,800777,boundaries/in/wards/state=in_s24/ulb=800777/all.geojson,geojson,EPSG:4326,coord-precision-round,0.0001,13,13,0,,23487,src-a1dd899f902d,,
boundaries.in.wards.state=in_s24.ulb=800778,ward,S24,,800778,boundaries/in/wards/state=in_s24/ulb=800778/all.geojson,geojson,EPSG:4326,coord-precision-round,0.0001,10,10,0,,11310,src-a1dd899f902d,,
boundaries.in.wards.state=in_s24.ulb=800779,ward,S24,,800779,boundaries/in/wards/state=in_s24/ulb=800779/all.geojson,geojson,EPSG:4326,coord-precision-round,0.0001,11,11,0,,13198,src-a1dd899f902d,,
boundaries.in.wards.state=in_s24.ulb=800780,ward,S24,,800780,boundaries/in/wards/state=in_s24/ulb=800780/all.geojson,geojson,EPSG:4326,coord-precision-round,0.0001,27,27,0,,51270,src-a1dd899f902d,,
boundaries.in.wards.state=in_s24.ulb=800781,ward,S24,,800781,boundaries/in/wards/state=in_s24/ulb=800781/all.geojson,geojson,EPSG:4326,coord-precision-round,0.0001,11,11,0,,14590,src-a1dd899f902d,,
boundaries.in.wards.state=in_s24.ulb=800782,ward,S24,,800782,boundaries/in/wards/state=in_s24/ulb=800782/all.geojson,geojson,EPSG:4326,coord-precision-round,0.0001,17,17,0,,57115,src-a1dd899f902d,,
boundaries.in.wards.state=in_s24.ulb=800783,ward,S24,,800783,boundaries/in/wards/state=in_s24/ulb=800783/all.geojson,geojson,EPSG:4326,coord-precision-round,0.0001,10,10,0,,11186,src-a1dd899f902d,,
boundaries.in.wards.state=in_s24.ulb=800784,ward,S24,,800784,boundaries/in/wards/state=in_s24/ulb=800784/all.geojson,geojson,EPSG:4326,coord-precision-round,0.0001,25,25,0,,35003,src-a1dd899f902d,,
boundaries.in.wards.state=in_s24.ulb=800785,ward,S24,,800785,boundaries/in/wards/state=in_s24/ulb=800785/all.geojson,geojson,EPSG:4326,coord-precision-round,0.0001,10,10,0,,27695,src-a1dd899f902d,,
boundaries.in.wards.state=in_s24.ulb=800786,ward,S24,,800786,boundaries/in/wards/state=in_s24/ulb=800786/all.geojson,geojson,EPSG:4326,coord-precision-round,0.0001,10,10,0,,12847,src-a1dd899f902d,,
boundaries.in.wards.state=in_s24.ulb=800787,ward,S24,,800787,boundaries/in/wards/state=in_s24/ulb=800787/all.geojson,geojson,EPSG:4326,coord-precision-round,0.0001,14,14,0,,18040,src-a1dd899f902d,,
boundaries.in.wards.state=in_s24.ulb=800788,ward,S24,,800788,boundaries/in/wards/state=in_s24/ulb=800788/all.geojson,geojson,EPSG:4326,coord-precision-round,0.0001,10,10,0,,12437,src-a1dd899f902d,,
boundaries.in.wards.state=in_s24.ulb=800789,ward,S24,,800789,boundaries/in/wards/state=in_s24/ulb=800789/all.geojson,geojson,EPSG:4326,coord-precision-round,0.0001,10,10,0,,14156,src-a1dd899f902d,,
boundaries.in.wards.state=in_s24.ulb=800790,ward,S24,,800790,boundaries/in/wards/state=in_s24/ulb=800790/all.geojson,geojson,EPSG:4326,coord-precision-round,0.0001,14,14,0,,17981,src-a1dd899f902d,,
boundaries.in.wards.state=in_s24.ulb=800791,ward,S24,,800791,boundaries/in/wards/state=in_s24/ulb=800791/all.geojson,geojson,EPSG:4326,coord-precision-round,0.0001,10,10,0,,17803,src-a1dd899f902d,,
boundaries.in.wards.state=in_s24.ulb=800792,ward,S24,,800792,boundaries/in/wards/state=in_s24/ulb=800792/all.geojson,geojson,EPSG:4326,coord-precision-round,0.0001,10,10,0,,15363,src-a1dd899f902d,,
boundaries.in.wards.state=in_s24.ulb=800793,ward,S24,,800793,boundaries/in/wards/state=in_s24/ulb=800793/all.geojson,geojson,EPSG:4326,coord-precision-round,0.0001,9,9,0,,10774,src-a1dd899f902d,,
boundaries.in.wards.state=in_s24.ulb=800794,ward,S24,,800794,boundaries/in/wards/state=in_s24/ulb=800794/all.geojson,geojson,EPSG:4326,coord-precision-round,0.0001,10,10,0,,12032,src-a1dd899f902d,,
boundaries.in.wards.state=in_s24.ulb=800796,ward,S24,,800796,boundaries/in/wards/state=in_s24/ulb=800796/all.geojson,geojson,EPSG:4326,coord-precision-round,0.0001,10,10,0,,13309,src-a1dd899f902d,,
boundaries.in.wards.state=in_s24.ulb=800797,ward,S24,,800797,boundaries/in/wards/state=in_s24/ulb=800797/all.geojson,geojson,EPSG:4326,coord-precision-round,0.0001,18,18,0,,34355,src-a1dd899f902d,,
boundaries.in.wards.state=in_s24.ulb=800798,ward,S24,,800798,boundaries/in/wards/state=in_s24/ulb=800798/all.geojson,geojson,EPSG:4326,coord-precision-round,0.0001,10,10,0,,14431,src-a1dd899f902d,,
boundaries.in.wards.state=in_s24.ulb=800799,ward,S24,,800799,boundaries/in/wards/state=in_s24/ulb=800799/all.geojson,geojson,EPSG:4326,coord-precision-round,0.0001,71,71,0,,478378,src-a1dd899f902d,,
boundaries.in.wards.state=in_s24.ulb=800801,ward,S24,,800801,boundaries/in/wards/state=in_s24/ulb=800801/all.geojson,geojson,EPSG:4326,coord-precision-round,0.0001,25,25,0,,25580,src-a1dd899f902d,,
boundaries.in.wards.state=in_s24.ulb=800802,ward,S24,,800802,boundaries/in/wards/state=in_s24/ulb=800802/all.geojson,geojson,EPSG:4326,coord-precision-round,0.0001,10,10,0,,9322,src-a1dd899f902d,,
boundaries.in.wards.state=in_s24.ulb=800803,ward,S24,,800803,boundaries/in/wards/state=in_s24/ulb=800803/all.geojson,geojson,EPSG:4326,coord-precision-round,0.0001,10,10,0,,8311,src-a1dd899f902d,,
boundaries.in.wards.state=in_s24.ulb=800804,ward,S24,,800804,boundaries/in/wards/state=in_s24/ulb=800804/all.geojson,geojson,EPSG:4326,coord-precision-round,0.0001,100,100,0,,209987,src-a1dd899f902d,,
boundaries.in.wards.state=in_s24.ulb=800805,ward,S24,,800805,boundaries/in/wards/state=in_s24/ulb=800805/all.geojson,geojson,EPSG:4326,coord-precision-round,0.0001,11,11,0,,28998,src-a1dd899f902d,,
boundaries.in.wards.state=in_s24.ulb=800806,ward,S24,,800806,boundaries/in/wards/state=in_s24/ulb=800806/all.geojson,geojson,EPSG:4326,coord-precision-round,0.0001,25,25,0,,23606,src-a1dd899f902d,,
boundaries.in.wards.state=in_s24.ulb=800808,ward,S24,,800808,boundaries/in/wards/state=in_s24/ulb=800808/all.geojson,geojson,EPSG:4326,coord-precision-round,0.0001,25,25,0,,21920,src-a1dd899f902d,,
boundaries.in.wards.state=in_s24.ulb=800809,ward,S24,,800809,boundaries/in/wards/state=in_s24/ulb=800809/all.geojson,geojson,EPSG:4326,coord-precision-round,0.0001,10,10,0,,12286,src-a1dd899f902d,,
boundaries.in.wards.state=in_s24.ulb=800810,ward,S24,,800810,boundaries/in/wards/state=in_s24/ulb=800810/all.geojson,geojson,EPSG:4326,coord-precision-round,0.0001,14,14,0,,15577,src-a1dd899f902d,,
boundaries.in.wards.state=in_s24.ulb=800811,ward,S24,,800811,boundaries/in/wards/state=in_s24/ulb=800811/all.geojson,geojson,EPSG:4326,coord-precision-round,0.0001,25,25,0,,29527,src-a1dd899f902d,,
boundaries.in.wards.state=in_s24.ulb=800812,ward,S24,,800812,boundaries/in/wards/state=in_s24/ulb=800812/all.geojson,geojson,EPSG:4326,coord-precision-round,0.0001,14,14,0,,12325,src-a1dd899f902d,,
boundaries.in.wards.state=in_s24.ulb=800813,ward,S24,,800813,boundaries/in/wards/state=in_s24/ulb=800813/all.geojson,geojson,EPSG:4326,coord-precision-round,0.0001,13,13,0,,17973,src-a1dd899f902d,,
boundaries.in.wards.state=in_s24.ulb=800814,ward,S24,,800814,boundaries/in/wards/state=in_s24/ulb=800814/all.geojson,geojson,EPSG:4326,coord-precision-round,0.0001,25,25,0,,28064,src-a1dd899f902d,,
boundaries.in.wards.state=in_s24.ulb=800816,ward,S24,,800816,boundaries/in/wards/state=in_s24/ulb=800816/all.geojson,geojson,EPSG:4326,coord-precision-round,0.0001,70,70,0,,172466,src-a1dd899f902d,,
boundaries.in.wards.state=in_s24.ulb=800817,ward,S24,,800817,boundaries/in/wards/state=in_s24/ulb=800817/all.geojson,geojson,EPSG:4326,coord-precision-round,0.0001,10,10,0,,14184,src-a1dd899f902d,,
boundaries.in.wards.state=in_s24.ulb=800818,ward,S24,,800818,boundaries/in/wards/state=in_s24/ulb=800818/all.geojson,geojson,EPSG:4326,coord-precision-round,0.0001,11,11,0,,36842,src-a1dd899f902d,,
boundaries.in.wards.state=in_s24.ulb=800819,ward,S24,,800819,boundaries/in/wards/state=in_s24/ulb=800819/all.geojson,geojson,EPSG:4326,coord-precision-round,0.0001,25,25,0,,37068,src-a1dd899f902d,,
boundaries.in.wards.state=in_s24.ulb=800821,ward,S24,,800821,boundaries/in/wards/state=in_s24/ulb=800821/all.geojson,geojson,EPSG:4326,coord-precision-round,0.0001,15,15,0,,22801,src-a1dd899f902d,,
boundaries.in.wards.state=in_s24.ulb=800822,ward,S24,,800822,boundaries/in/wards/state=in_s24/ulb=800822/all.geojson,geojson,EPSG:4326,coord-precision-round,0.0001,10,10,0,,14662,src-a1dd899f902d,,
boundaries.in.wards.state=in_s24.ulb=800823,ward,S24,,800823,boundaries/in/wards/state=in_s24/ulb=800823/all.geojson,geojson,EPSG:4326,coord-precision-round,0.0001,11,11,0,,10523,src-a1dd899f902d,,
boundaries.in.wards.state=in_s24.ulb=800824,ward,S24,,800824,boundaries/in/wards/state=in_s24/ulb=800824/all.geojson,geojson,EPSG:4326,coord-precision-round,0.0001,32,32,0,,31887,src-a1dd899f902d,,
boundaries.in.wards.state=in_s24.ulb=800825,ward,S24,,800825,boundaries/in/wards/state=in_s24/ulb=800825/all.geojson,geojson,EPSG:4326,coord-precision-round,0.0001,15,15,0,,17588,src-a1dd899f902d,,
boundaries.in.wards.state=in_s24.ulb=800826,ward,S24,,800826,boundaries/in/wards/state=in_s24/ulb=800826/all.geojson,geojson,EPSG:4326,coord-precision-round,0.0001,16,16,0,,22493,src-a1dd899f902d,,
boundaries.in.wards.state=in_s24.ulb=800827,ward,S24,,800827,boundaries/in/wards/state=in_s24/ulb=800827/all.geojson,geojson,EPSG:4326,coord-precision-round,0.0001,15,15,0,,20328,src-a1dd899f902d,,
boundaries.in.wards.state=in_s24.ulb=800828,ward,S24,,800828,boundaries/in/wards/state=in_s24/ulb=800828/all.geojson,geojson,EPSG:4326,coord-precision-round,0.0001,10,10,0,,16394,src-a1dd899f902d,,
boundaries.in.wards.state=in_s24.ulb=800829,ward,S24,,800829,boundaries/in/wards/state=in_s24/ulb=800829/all.geojson,geojson,EPSG:4326,coord-precision-round,0.0001,10,10,0,,11866,src-a1dd899f902d,,
boundaries.in.wards.state=in_s24.ulb=800832,ward,S24,,800832,boundaries/in/wards/state=in_s24/ulb=800832/all.geojson,geojson,EPSG:4326,coord-precision-round,0.0001,14,14,0,,21539,src-a1dd899f902d,,
boundaries.in.wards.state=in_s24.ulb=800834,ward,S24,,800834,boundaries/in/wards/state=in_s24/ulb=800834/all.geojson,geojson,EPSG:4326,coord-precision-round,0.0001,11,11,0,,16727,src-a1dd899f902d,,
boundaries.in.wards.state=in_s24.ulb=800838,ward,S24,,800838,boundaries/in/wards/state=in_s24/ulb=800838/all.geojson,geojson,EPSG:4326,coord-precision-round,0.0001,13,13,0,,14311,src-a1dd899f902d,,
boundaries.in.wards.state=in_s24.ulb=800840,ward,S24,,800840,boundaries/in/wards/state=in_s24/ulb=800840/all.geojson,geojson,EPSG:4326,coord-precision-round,0.0001,25,25,0,,36209,src-a1dd899f902d,,
boundaries.in.wards.state=in_s24.ulb=800841,ward,S24,,800841,boundaries/in/wards/state=in_s24/ulb=800841/all.geojson,geojson,EPSG:4326,coord-precision-round,0.0001,25,25,0,,23479,src-a1dd899f902d,,
boundaries.in.wards.state=in_s24.ulb=800842,ward,S24,,800842,boundaries/in/wards/state=in_s24/ulb=800842/all.geojson,geojson,EPSG:4326,coord-precision-round,0.0001,10,10,0,,8526,src-a1dd899f902d,,
boundaries.in.wards.state=in_s24.ulb=800843,ward,S24,,800843,boundaries/in/wards/state=in_s24/ulb=800843/all.geojson,geojson,EPSG:4326,coord-precision-round,0.0001,25,25,0,,35400,src-a1dd899f902d,,
boundaries.in.wards.state=in_s24.ulb=800844,ward,S24,,800844,boundaries/in/wards/state=in_s24/ulb=800844/all.geojson,geojson,EPSG:4326,coord-precision-round,0.0001,19,19,0,,17054,src-a1dd899f902d,,
boundaries.in.wards.state=in_s24.ulb=800846,ward,S24,,800846,boundaries/in/wards/state=in_s24/ulb=800846/all.geojson,geojson,EPSG:4326,coord-precision-round,0.0001,10,10,0,,9110,src-a1dd899f902d,,
boundaries.in.wards.state=in_s24.ulb=800847,ward,S24,,800847,boundaries/in/wards/state=in_s24/ulb=800847/all.geojson,geojson,EPSG:4326,coord-precision-round,0.0001,10,10,0,,9192,src-a1dd899f902d,,
boundaries.in.wards.state=in_s24.ulb=800848,ward,S24,,800848,boundaries/in/wards/state=in_s24/ulb=800848/all.geojson,geojson,EPSG:4326,coord-precision-round,0.0001,25,25,0,,23689,src-a1dd899f902d,,
boundaries.in.wards.state=in_s24.ulb=800853,ward,S24,,800853,boundaries/in/wards/state=in_s24/ulb=800853/all.geojson,geojson,EPSG:4326,coord-precision-round,0.0001,25,25,0,,32303,src-a1dd899f902d,,
boundaries.in.wards.state=in_s24.ulb=800854,ward,S24,,800854,boundaries/in/wards/state=in_s24/ulb=800854/all.geojson,geojson,EPSG:4326,coord-precision-round,0.0001,10,10,0,,9736,src-a1dd899f902d,,
boundaries.in.wards.state=in_s24.ulb=800855,ward,S24,,800855,boundaries/in/wards/state=in_s24/ulb=800855/all.geojson,geojson,EPSG:4326,coord-precision-round,0.0001,14,14,0,,13974,src-a1dd899f902d,,
boundaries.in.wards.state=in_s24.ulb=800856,ward,S24,,800856,boundaries/in/wards/state=in_s24/ulb=800856/all.geojson,geojson,EPSG:4326,coord-precision-round,0.0001,13,13,0,,11371,src-a1dd899f902d,,
boundaries.in.wards.state=in_s24.ulb=800857,ward,S24,,800857,boundaries/in/wards/state=in_s24/ulb=800857/all.geojson,geojson,EPSG:4326,coord-precision-round,0.0001,12,12,0,,12000,src-a1dd899f902d,,
boundaries.in.wards.state=in_s24.ulb=800858,ward,S24,,800858,boundaries/in/wards/state=in_s24/ulb=800858/all.geojson,geojson,EPSG:4326,coord-precision-round,0.0001,15,15,0,,14723,src-a1dd899f902d,,
boundaries.in.wards.state=in_s24.ulb=800859,ward,S24,,800859,boundaries/in/wards/state=in_s24/ulb=800859/all.geojson,geojson,EPSG:4326,coord-precision-round,0.0001,12,12,0,,11619,src-a1dd899f902d,,
boundaries.in.wards.state=in_s24.ulb=800860,ward,S24,,800860,boundaries/in/wards/state=in_s24/ulb=800860/all.geojson,geojson,EPSG:4326,coord-precision-round,0.0001,15,15,0,,14015,src-a1dd899f902d,,
boundaries.in.wards.state=in_s24.ulb=800861,ward,S24,,800861,boundaries/in/wards/state=in_s24/ulb=800861/all.geojson,geojson,EPSG:4326,coord-precision-round,0.0001,12,12,0,,13954,src-a1dd899f902d,,
boundaries.in.wards.state=in_s24.ulb=800862,ward,S24,,800862,boundaries/in/wards/state=in_s24/ulb=800862/all.geojson,geojson,EPSG:4326,coord-precision-round,0.0001,12,12,0,,30002,src-a1dd899f902d,,
boundaries.in.wards.state=in_s24.ulb=800863,ward,S24,,800863,boundaries/in/wards/state=in_s24/ulb=800863/all.geojson,geojson,EPSG:4326,coord-precision-round,0.0001,25,25,0,,45606,src-a1dd899f902d,,
boundaries.in.wards.state=in_s24.ulb=800864,ward,S24,,800864,boundaries/in/wards/state=in_s24/ulb=800864/all.geojson,geojson,EPSG:4326,coord-precision-round,0.0001,14,14,0,,14831,src-a1dd899f902d,,
boundaries.in.wards.state=in_s24.ulb=800865,ward,S24,,800865,boundaries/in/wards/state=in_s24/ulb=800865/all.geojson,geojson,EPSG:4326,coord-precision-round,0.0001,15,15,0,,13951,src-a1dd899f902d,,
boundaries.in.wards.state=in_s24.ulb=800866,ward,S24,,800866,boundaries/in/wards/state=in_s24/ulb=800866/all.geojson,geojson,EPSG:4326,coord-precision-round,0.0001,99,99,0,,159313,src-a1dd899f902d,,
boundaries.in.wards.state=in_s24.ulb=800867,ward,S24,,800867,boundaries/in/wards/state=in_s24/ulb=800867/all.geojson,geojson,EPSG:4326,coord-precision-round,0.0001,7,7,0,,10590,src-a1dd899f902d,,
boundaries.in.wards.state=in_s24.ulb=800868,ward,S24,,800868,boundaries/in/wards/state=in_s24/ulb=800868/all.geojson,geojson,EPSG:4326,coord-precision-round,0.0001,14,14,0,,20170,src-a1dd899f902d,,
boundaries.in.wards.state=in_s24.ulb=800869,ward,S24,,800869,boundaries/in/wards/state=in_s24/ulb=800869/all.geojson,geojson,EPSG:4326,coord-precision-round,0.0001,12,12,0,,11491,src-a1dd899f902d,,
boundaries.in.wards.state=in_s24.ulb=800870,ward,S24,,800870,boundaries/in/wards/state=in_s24/ulb=800870/all.geojson,geojson,EPSG:4326,coord-precision-round,0.0001,12,12,0,,11389,src-a1dd899f902d,,
boundaries.in.wards.state=in_s24.ulb=800871,ward,S24,,800871,boundaries/in/wards/state=in_s24/ulb=800871/all.geojson,geojson,EPSG:4326,coord-precision-round,0.0001,25,25,0,,29825,src-a1dd899f902d,,
boundaries.in.wards.state=in_s24.ulb=800872,ward,S24,,800872,boundaries/in/wards/state=in_s24/ulb=800872/all.geojson,geojson,EPSG:4326,coord-precision-round,0.0001,10,10,0,,11568,src-a1dd899f902d,,
boundaries.in.wards.state=in_s24.ulb=800873,ward,S24,,800873,boundaries/in/wards/state=in_s24/ulb=800873/all.geojson,geojson,EPSG:4326,coord-precision-round,0.0001,25,25,0,,27554,src-a1dd899f902d,,
boundaries.in.wards.state=in_s24.ulb=800874,ward,S24,,800874,boundaries/in/wards/state=in_s24/ulb=800874/all.geojson,geojson,EPSG:4326,coord-precision-round,0.0001,10,10,0,,10939,src-a1dd899f902d,,
boundaries.in.wards.state=in_s24.ulb=800875,ward,S24,,800875,boundaries/in/wards/state=in_s24/ulb=800875/all.geojson,geojson,EPSG:4326,coord-precision-round,0.0001,14,14,0,,14540,src-a1dd899f902d,,
boundaries.in.wards.state=in_s24.ulb=800876,ward,S24,,800876,boundaries/in/wards/state=in_s24/ulb=800876/all.geojson,geojson,EPSG:4326,coord-precision-round,0.0001,11,11,0,,13839,src-a1dd899f902d,,
boundaries.in.wards.state=in_s24.ulb=800877,ward,S24,,800877,boundaries/in/wards/state=in_s24/ulb=800877/all.geojson,geojson,EPSG:4326,coord-precision-round,0.0001,27,27,0,,43480,src-a1dd899f902d,,
boundaries.in.wards.state=in_s24.ulb=800878,ward,S24,,800878,boundaries/in/wards/state=in_s24/ulb=800878/all.geojson,geojson,EPSG:4326,coord-precision-round,0.0001,10,10,0,,16493,src-a1dd899f902d,,
boundaries.in.wards.state=in_s24.ulb=800880,ward,S24,,800880,boundaries/in/wards/state=in_s24/ulb=800880/all.geojson,geojson,EPSG:4326,coord-precision-round,0.0001,12,12,0,,15255,src-a1dd899f902d,,
boundaries.in.wards.state=in_s24.ulb=800881,ward,S24,,800881,boundaries/in/wards/state=in_s24/ulb=800881/all.geojson,geojson,EPSG:4326,coord-precision-round,0.0001,10,10,0,,14686,src-a1dd899f902d,,
boundaries.in.wards.state=in_s24.ulb=800882,ward,S24,,800882,boundaries/in/wards/state=in_s24/ulb=800882/all.geojson,geojson,EPSG:4326,coord-precision-round,0.0001,25,25,0,,29346,src-a1dd899f902d,,
boundaries.in.wards.state=in_s24.ulb=800883,ward,S24,,800883,boundaries/in/wards/state=in_s24/ulb=800883/all.geojson,geojson,EPSG:4326,coord-precision-round,0.0001,12,12,0,,27202,src-a1dd899f902d,,
boundaries.in.wards.state=in_s24.ulb=800884,ward,S24,,800884,boundaries/in/wards/state=in_s24/ulb=800884/all.geojson,geojson,EPSG:4326,coord-precision-round,0.0001,15,15,0,,13972,src-a1dd899f902d,,
boundaries.in.wards.state=in_s24.ulb=800887,ward,S24,,800887,boundaries/in/wards/state=in_s24/ulb=800887/all.geojson,geojson,EPSG:4326,coord-precision-round,0.0001,5,5,0,,6688,src-a1dd899f902d,,
boundaries.in.wards.state=in_s24.ulb=800889,ward,S24,,800889,boundaries/in/wards/state=in_s24/ulb=800889/all.geojson,geojson,EPSG:4326,coord-precision-round,0.0001,60,60,0,,213445,src-a1dd899f902d,,
boundaries.in.wards.state=in_s24.ulb=800894,ward,S24,,800894,boundaries/in/wards/state=in_s24/ulb=800894/all.geojson,geojson,EPSG:4326,coord-precision-round,0.0001,13,13,0,,21433,src-a1dd899f902d,,
boundaries.in.wards.state=in_s24.ulb=800895,ward,S24,,800895,boundaries/in/wards/state=in_s24/ulb=800895/all.geojson,geojson,EPSG:4326,coord-precision-round,0.0001,25,25,0,,57306,src-a1dd899f902d,,
boundaries.in.wards.state=in_s24.ulb=800896,ward,S24,,800896,boundaries/in/wards/state=in_s24/ulb=800896/all.geojson,geojson,EPSG:4326,coord-precision-round,0.0001,12,12,0,,42608,src-a1dd899f902d,,
boundaries.in.wards.state=in_s24.ulb=800897,ward,S24,,800897,boundaries/in/wards/state=in_s24/ulb=800897/all.geojson,geojson,EPSG:4326,coord-precision-round,0.0001,26,26,0,,32921,src-a1dd899f902d,,
boundaries.in.wards.state=in_s24.ulb=800898,ward,S24,,800898,boundaries/in/wards/state=in_s24/ulb=800898/all.geojson,geojson,EPSG:4326,coord-precision-round,0.0001,25,25,0,,35624,src-a1dd899f902d,,
boundaries.in.wards.state=in_s24.ulb=800899,ward,S24,,800899,boundaries/in/wards/state=in_s24/ulb=800899/all.geojson,geojson,EPSG:4326,coord-precision-round,0.0001,11,11,0,,13647,src-a1dd899f902d,,
boundaries.in.wards.state=in_s24.ulb=800900,ward,S24,,800900,boundaries/in/wards/state=in_s24/ulb=800900/all.geojson,geojson,EPSG:4326,coord-precision-round,0.0001,30,30,0,,37844,src-a1dd899f902d,,
boundaries.in.wards.state=in_s24.ulb=800901,ward,S24,,800901,boundaries/in/wards/state=in_s24/ulb=800901/all.geojson,geojson,EPSG:4326,coord-precision-round,0.0001,16,16,0,,35015,src-a1dd899f902d,,
boundaries.in.wards.state=in_s24.ulb=800902,ward,S24,,800902,boundaries/in/wards/state=in_s24/ulb=800902/all.geojson,geojson,EPSG:4326,coord-precision-round,0.0001,11,11,0,,18130,src-a1dd899f902d,,
boundaries.in.wards.state=in_s24.ulb=800903,ward,S24,,800903,boundaries/in/wards/state=in_s24/ulb=800903/all.geojson,geojson,EPSG:4326,coord-precision-round,0.0001,14,14,0,,32138,src-a1dd899f902d,,
boundaries.in.wards.state=in_s24.ulb=800904,ward,S24,,800904,boundaries/in/wards/state=in_s24/ulb=800904/all.geojson,geojson,EPSG:4326,coord-precision-round,0.0001,14,14,0,,16819,src-a1dd899f902d,,
boundaries.in.wards.state=in_s24.ulb=800906,ward,S24,,800906,boundaries/in/wards/state=in_s24/ulb=800906/all.geojson,geojson,EPSG:4326,coord-precision-round,0.0001,25,25,0,,51784,src-a1dd899f902d,,
boundaries.in.wards.state=in_s24.ulb=800907,ward,S24,,800907,boundaries/in/wards/state=in_s24/ulb=800907/all.geojson,geojson,EPSG:4326,coord-precision-round,0.0001,30,30,0,,41214,src-a1dd899f902d,,
boundaries.in.wards.state=in_s24.ulb=800908,ward,S24,,800908,boundaries/in/wards/state=in_s24/ulb=800908/all.geojson,geojson,EPSG:4326,coord-precision-round,0.0001,14,14,0,,23701,src-a1dd899f902d,,
boundaries.in.wards.state=in_s24.ulb=800909,ward,S24,,800909,boundaries/in/wards/state=in_s24/ulb=800909/all.geojson,geojson,EPSG:4326,coord-precision-round,0.0001,25,25,0,,49578,src-a1dd899f902d,,
boundaries.in.wards.state=in_s24.ulb=800910,ward,S24,,800910,boundaries/in/wards/state=in_s24/ulb=800910/all.geojson,geojson,EPSG:4326,coord-precision-round,0.0001,14,14,0,,28575,src-a1dd899f902d,,
boundaries.in.wards.state=in_s24.ulb=800911,ward,S24,,800911,boundaries/in/wards/state=in_s24/ulb=800911/all.geojson,geojson,EPSG:4326,coord-precision-round,0.0001,31,31,0,,92511,src-a1dd899f902d,,
boundaries.in.wards.state=in_s24.ulb=800912,ward,S24,,800912,boundaries/in/wards/state=in_s24/ulb=800912/all.geojson,geojson,EPSG:4326,coord-precision-round,0.0001,25,25,0,,30934,src-a1dd899f902d,,
boundaries.in.wards.state=in_s24.ulb=800913,ward,S24,,800913,boundaries/in/wards/state=in_s24/ulb=800913/all.geojson,geojson,EPSG:4326,coord-precision-round,0.0001,107,107,0,,164346,src-a1dd899f902d,,
boundaries.in.wards.state=in_s24.ulb=800914,ward,S24,,800914,boundaries/in/wards/state=in_s24/ulb=800914/all.geojson,geojson,EPSG:4326,coord-precision-round,0.0001,14,14,0,,14120,src-a1dd899f902d,,
boundaries.in.wards.state=in_s24.ulb=800915,ward,S24,,800915,boundaries/in/wards/state=in_s24/ulb=800915/all.geojson,geojson,EPSG:4326,coord-precision-round,0.0001,19,19,0,,29006,src-a1dd899f902d,,
boundaries.in.wards.state=in_s24.ulb=800916,ward,S24,,800916,boundaries/in/wards/state=in_s24/ulb=800916/all.geojson,geojson,EPSG:4326,coord-precision-round,0.0001,25,25,0,,29594,src-a1dd899f902d,,
boundaries.in.wards.state=in_s24.ulb=800917,ward,S24,,800917,boundaries/in/wards/state=in_s24/ulb=800917/all.geojson,geojson,EPSG:4326,coord-precision-round,0.0001,13,13,0,,22959,src-a1dd899f902d,,
boundaries.in.wards.state=in_s24.ulb=800918,ward,S24,,800918,boundaries/in/wards/state=in_s24/ulb=800918/all.geojson,geojson,EPSG:4326,coord-precision-round,0.0001,12,12,0,,21973,src-a1dd899f902d,,
boundaries.in.wards.state=in_s24.ulb=800919,ward,S24,,800919,boundaries/in/wards/state=in_s24/ulb=800919/all.geojson,geojson,EPSG:4326,coord-precision-round,0.0001,26,26,0,,53076,src-a1dd899f902d,,
boundaries.in.wards.state=in_s24.ulb=800920,ward,S24,,800920,boundaries/in/wards/state=in_s24/ulb=800920/all.geojson,geojson,EPSG:4326,coord-precision-round,0.0001,25,25,0,,38624,src-a1dd899f902d,,
boundaries.in.wards.state=in_s24.ulb=800921,ward,S24,,800921,boundaries/in/wards/state=in_s24/ulb=800921/all.geojson,geojson,EPSG:4326,coord-precision-round,0.0001,25,25,0,,47493,src-a1dd899f902d,,
boundaries.in.wards.state=in_s24.ulb=800922,ward,S24,,800922,boundaries/in/wards/state=in_s24/ulb=800922/all.geojson,geojson,EPSG:4326,coord-precision-round,0.0001,10,10,0,,20043,src-a1dd899f902d,,
boundaries.in.wards.state=in_s24.ulb=800923,ward,S24,,800923,boundaries/in/wards/state=in_s24/ulb=800923/all.geojson,geojson,EPSG:4326,coord-precision-round,0.0001,25,25,0,,65989,src-a1dd899f902d,,
boundaries.in.wards.state=in_s24.ulb=800924,ward,S24,,800924,boundaries/in/wards/state=in_s24/ulb=800924/all.geojson,geojson,EPSG:4326,coord-precision-round,0.0001,10,10,0,,15938,src-a1dd899f902d,,
boundaries.in.wards.state=in_s24.ulb=800925,ward,S24,,800925,boundaries/in/wards/state=in_s24/ulb=800925/all.geojson,geojson,EPSG:4326,coord-precision-round,0.0001,12,12,0,,24338,src-a1dd899f902d,,
boundaries.in.wards.state=in_s24.ulb=800926,ward,S24,,800926,boundaries/in/wards/state=in_s24/ulb=800926/all.geojson,geojson,EPSG:4326,coord-precision-round,0.0001,10,10,0,,20192,src-a1dd899f902d,,
boundaries.in.wards.state=in_s24.ulb=800927,ward,S24,,800927,boundaries/in/wards/state=in_s24/ulb=800927/all.geojson,geojson,EPSG:4326,coord-precision-round,0.0001,25,25,0,,36498,src-a1dd899f902d,,
boundaries.in.wards.state=in_s24.ulb=800928,ward,S24,,800928,boundaries/in/wards/state=in_s24/ulb=800928/all.geojson,geojson,EPSG:4326,coord-precision-round,0.0001,10,10,0,,9622,src-a1dd899f902d,,
boundaries.in.wards.state=in_s24.ulb=800929,ward,S24,,800929,boundaries/in/wards/state=in_s24/ulb=800929/all.geojson,geojson,EPSG:4326,coord-precision-round,0.0001,25,25,0,,28711,src-a1dd899f902d,,
boundaries.in.wards.state=in_s24.ulb=800930,ward,S24,,800930,boundaries/in/wards/state=in_s24/ulb=800930/all.geojson,geojson,EPSG:4326,coord-precision-round,0.0001,10,10,0,,12920,src-a1dd899f902d,,
boundaries.in.wards.state=in_s24.ulb=800931,ward,S24,,800931,boundaries/in/wards/state=in_s24/ulb=800931/all.geojson,geojson,EPSG:4326,coord-precision-round,0.0001,10,10,0,,21188,src-a1dd899f902d,,
boundaries.in.wards.state=in_s24.ulb=800932,ward,S24,,800932,boundaries/in/wards/state=in_s24/ulb=800932/all.geojson,geojson,EPSG:4326,coord-precision-round,0.0001,15,15,0,,38048,src-a1dd899f902d,,
boundaries.in.wards.state=in_s24.ulb=800933,ward,S24,,800933,boundaries/in/wards/state=in_s24/ulb=800933/all.geojson,geojson,EPSG:4326,coord-precision-round,0.0001,10,10,0,,13160,src-a1dd899f902d,,
boundaries.in.wards.state=in_s24.ulb=800934,ward,S24,,800934,boundaries/in/wards/state=in_s24/ulb=800934/all.geojson,geojson,EPSG:4326,coord-precision-round,0.0001,10,10,0,,14209,src-a1dd899f902d,,
boundaries.in.wards.state=in_s24.ulb=800935,ward,S24,,800935,boundaries/in/wards/state=in_s24/ulb=800935/all.geojson,geojson,EPSG:4326,coord-precision-round,0.0001,10,10,0,,11190,src-a1dd899f902d,,
boundaries.in.wards.state=in_s24.ulb=800936,ward,S24,,800936,boundaries/in/wards/state=in_s24/ulb=800936/all.geojson,geojson,EPSG:4326,coord-precision-round,0.0001,10,10,0,,12458,src-a1dd899f902d,,
boundaries.in.wards.state=in_s24.ulb=800937,ward,S24,,800937,boundaries/in/wards/state=in_s24/ulb=800937/all.geojson,geojson,EPSG:4326,coord-precision-round,0.0001,12,12,0,,17887,src-a1dd899f902d,,
boundaries.in.wards.state=in_s24.ulb=800938,ward,S24,,800938,boundaries/in/wards/state=in_s24/ulb=800938/all.geojson,geojson,EPSG:4326,coord-precision-round,0.0001,10,10,0,,13870,src-a1dd899f902d,,
boundaries.in.wards.state=in_s24.ulb=800939,ward,S24,,800939,boundaries/in/wards/state=in_s24/ulb=800939/all.geojson,geojson,EPSG:4326,coord-precision-round,0.0001,10,10,0,,22976,src-a1dd899f902d,,
boundaries.in.wards.state=in_s24.ulb=800940,ward,S24,,800940,boundaries/in/wards/state=in_s24/ulb=800940/all.geojson,geojson,EPSG:4326,coord-precision-round,0.0001,32,32,0,,67595,src-a1dd899f902d,,
boundaries.in.wards.state=in_s24.ulb=800941,ward,S24,,800941,boundaries/in/wards/state=in_s24/ulb=800941/all.geojson,geojson,EPSG:4326,coord-precision-round,0.0001,28,28,0,,39627,src-a1dd899f902d,,
boundaries.in.wards.state=in_s24.ulb=800942,ward,S24,,800942,boundaries/in/wards/state=in_s24/ulb=800942/all.geojson,geojson,EPSG:4326,coord-precision-round,0.0001,17,17,0,,24265,src-a1dd899f902d,,
boundaries.in.wards.state=in_s24.ulb=800943,ward,S24,,800943,boundaries/in/wards/state=in_s24/ulb=800943/all.geojson,geojson,EPSG:4326,coord-precision-round,0.0001,12,12,0,,15310,src-a1dd899f902d,,
boundaries.in.wards.state=in_s24.ulb=800944,ward,S24,,800944,boundaries/in/wards/state=in_s24/ulb=800944/all.geojson,geojson,EPSG:4326,coord-precision-round,0.0001,10,10,0,,21847,src-a1dd899f902d,,
boundaries.in.wards.state=in_s24.ulb=800945,ward,S24,,800945,boundaries/in/wards/state=in_s24/ulb=800945/all.geojson,geojson,EPSG:4326,coord-precision-round,0.0001,10,10,0,,16015,src-a1dd899f902d,,
boundaries.in.wards.state=in_s24.ulb=800946,ward,S24,,800946,boundaries/in/wards/state=in_s24/ulb=800946/all.geojson,geojson,EPSG:4326,coord-precision-round,0.0001,15,15,0,,41592,src-a1dd899f902d,,
boundaries.in.wards.state=in_s24.ulb=800947,ward,S24,,800947,boundaries/in/wards/state=in_s24/ulb=800947/all.geojson,geojson,EPSG:4326,coord-precision-round,0.0001,10,10,0,,19551,src-a1dd899f902d,,
boundaries.in.wards.state=in_s24.ulb=800948,ward,S24,,800948,boundaries/in/wards/state=in_s24/ulb=800948/all.geojson,geojson,EPSG:4326,coord-precision-round,0.0001,10,10,0,,22550,src-a1dd899f902d,,
boundaries.in.wards.state=in_s24.ulb=800950,ward,S24,,800950,boundaries/in/wards/state=in_s24/ulb=800950/all.geojson,geojson,EPSG:4326,coord-precision-round,0.0001,13,13,0,,23057,src-a1dd899f902d,,
boundaries.in.wards.state=in_s24.ulb=800951,ward,S24,,800951,boundaries/in/wards/state=in_s24/ulb=800951/all.geojson,geojson,EPSG:4326,coord-precision-round,0.0001,110,110,0,,409236,src-a1dd899f902d,,
boundaries.in.wards.state=in_s24.ulb=800952,ward,S24,,800952,boundaries/in/wards/state=in_s24/ulb=800952/all.geojson,geojson,EPSG:4326,coord-precision-round,0.0001,8,8,0,,31345,src-a1dd899f902d,,
boundaries.in.wards.state=in_s24.ulb=800953,ward,S24,,800953,boundaries/in/wards/state=in_s24/ulb=800953/all.geojson,geojson,EPSG:4326,coord-precision-round,0.0001,10,10,0,,17612,src-a1dd899f902d,,
boundaries.in.wards.state=in_s24.ulb=800954,ward,S24,,800954,boundaries/in/wards/state=in_s24/ulb=800954/all.geojson,geojson,EPSG:4326,coord-precision-round,0.0001,11,11,0,,28710,src-a1dd899f902d,,
boundaries.in.wards.state=in_s24.ulb=800956,ward,S24,,800956,boundaries/in/wards/state=in_s24/ulb=800956/all.geojson,geojson,EPSG:4326,coord-precision-round,0.0001,11,11,0,,21768,src-a1dd899f902d,,
boundaries.in.wards.state=in_s24.ulb=800957,ward,S24,,800957,boundaries/in/wards/state=in_s24/ulb=800957/all.geojson,geojson,EPSG:4326,coord-precision-round,0.0001,10,10,0,,17932,src-a1dd899f902d,,
boundaries.in.wards.state=in_s24.ulb=800958,ward,S24,,800958,boundaries/in/wards/state=in_s24/ulb=800958/all.geojson,geojson,EPSG:4326,coord-precision-round,0.0001,10,10,0,,17564,src-a1dd899f902d,,
boundaries.in.wards.state=in_s24.ulb=800959,ward,S24,,800959,boundaries/in/wards/state=in_s24/ulb=800959/all.geojson,geojson,EPSG:4326,coord-precision-round,0.0001,34,34,0,,34936,src-a1dd899f902d,,
boundaries.in.wards.state=in_s24.ulb=800960,ward,S24,,800960,boundaries/in/wards/state=in_s24/ulb=800960/all.geojson,geojson,EPSG:4326,coord-precision-round,0.0001,15,15,0,,31286,src-a1dd899f902d,,
boundaries.in.wards.state=in_s24.ulb=800961,ward,S24,,800961,boundaries/in/wards/state=in_s24/ulb=800961/all.geojson,geojson,EPSG:4326,coord-precision-round,0.0001,10,10,0,,11937,src-a1dd899f902d,,
boundaries.in.wards.state=in_s24.ulb=800962,ward,S24,,800962,boundaries/in/wards/state=in_s24/ulb=800962/all.geojson,geojson,EPSG:4326,coord-precision-round,0.0001,10,10,0,,19834,src-a1dd899f902d,,
boundaries.in.wards.state=in_s24.ulb=800963,ward,S24,,800963,boundaries/in/wards/state=in_s24/ulb=800963/all.geojson,geojson,EPSG:4326,coord-precision-round,0.0001,10,10,0,,26133,src-a1dd899f902d,,
boundaries.in.wards.state=in_s24.ulb=800964,ward,S24,,800964,boundaries/in/wards/state=in_s24/ulb=800964/all.geojson,geojson,EPSG:4326,coord-precision-round,0.0001,12,12,0,,23752,src-a1dd899f902d,,
boundaries.in.wards.state=in_s24.ulb=800965,ward,S24,,800965,boundaries/in/wards/state=in_s24/ulb=800965/all.geojson,geojson,EPSG:4326,coord-precision-round,0.0001,10,10,0,,19576,src-a1dd899f902d,,
boundaries.in.wards.state=in_s24.ulb=800966,ward,S24,,800966,boundaries/in/wards/state=in_s24/ulb=800966/all.geojson,geojson,EPSG:4326,coord-precision-round,0.0001,25,25,0,,27050,src-a1dd899f902d,,
boundaries.in.wards.state=in_s24.ulb=800967,ward,S24,,800967,boundaries/in/wards/state=in_s24/ulb=800967/all.geojson,geojson,EPSG:4326,coord-precision-round,0.0001,19,19,0,,56340,src-a1dd899f902d,,
boundaries.in.wards.state=in_s24.ulb=800968,ward,S24,,800968,boundaries/in/wards/state=in_s24/ulb=800968/all.geojson,geojson,EPSG:4326,coord-precision-round,0.0001,41,41,0,,49654,src-a1dd899f902d,,
boundaries.in.wards.state=in_s24.ulb=800969,ward,S24,,800969,boundaries/in/wards/state=in_s24/ulb=800969/all.geojson,geojson,EPSG:4326,coord-precision-round,0.0001,7,7,0,,8269,src-a1dd899f902d,,
boundaries.in.wards.state=in_s24.ulb=800970,ward,S24,,800970,boundaries/in/wards/state=in_s24/ulb=800970/all.geojson,geojson,EPSG:4326,coord-precision-round,0.0001,15,15,0,,20616,src-a1dd899f902d,,
boundaries.in.wards.state=in_s24.ulb=800971,ward,S24,,800971,boundaries/in/wards/state=in_s24/ulb=800971/all.geojson,geojson,EPSG:4326,coord-precision-round,0.0001,12,12,0,,22619,src-a1dd899f902d,,
boundaries.in.wards.state=in_s24.ulb=800973,ward,S24,,800973,boundaries/in/wards/state=in_s24/ulb=800973/all.geojson,geojson,EPSG:4326,coord-precision-round,0.0001,25,25,0,,30402,src-a1dd899f902d,,
boundaries.in.wards.state=in_s24.ulb=800974,ward,S24,,800974,boundaries/in/wards/state=in_s24/ulb=800974/all.geojson,geojson,EPSG:4326,coord-precision-round,0.0001,10,10,0,,15186,src-a1dd899f902d,,
boundaries.in.wards.state=in_s24.ulb=800975,ward,S24,,800975,boundaries/in/wards/state=in_s24/ulb=800975/all.geojson,geojson,EPSG:4326,coord-precision-round,0.0001,25,25,0,,36296,src-a1dd899f902d,,
boundaries.in.wards.state=in_s24.ulb=800977,ward,S24,,800977,boundaries/in/wards/state=in_s24/ulb=800977/all.geojson,geojson,EPSG:4326,coord-precision-round,0.0001,11,11,0,,18037,src-a1dd899f902d,,
boundaries.in.wards.state=in_s24.ulb=800978,ward,S24,,800978,boundaries/in/wards/state=in_s24/ulb=800978/all.geojson,geojson,EPSG:4326,coord-precision-round,0.0001,25,25,0,,42109,src-a1dd899f902d,,
boundaries.in.wards.state=in_s24.ulb=800979,ward,S24,,800979,boundaries/in/wards/state=in_s24/ulb=800979/all.geojson,geojson,EPSG:4326,coord-precision-round,0.0001,15,15,0,,18450,src-a1dd899f902d,,
boundaries.in.wards.state=in_s24.ulb=800980,ward,S24,,800980,boundaries/in/wards/state=in_s24/ulb=800980/all.geojson,geojson,EPSG:4326,coord-precision-round,0.0001,25,25,0,,37284,src-a1dd899f902d,,
boundaries.in.wards.state=in_s24.ulb=800981,ward,S24,,800981,boundaries/in/wards/state=in_s24/ulb=800981/all.geojson,geojson,EPSG:4326,coord-precision-round,0.0001,40,40,0,,49679,src-a1dd899f902d,,
boundaries.in.wards.state=in_s24.ulb=800982,ward,S24,,800982,boundaries/in/wards/state=in_s24/ulb=800982/all.geojson,geojson,EPSG:4326,coord-precision-round,0.0001,10,10,0,,17009,src-a1dd899f902d,,
boundaries.in.wards.state=in_s24.ulb=800983,ward,S24,,800983,boundaries/in/wards/state=in_s24/ulb=800983/all.geojson,geojson,EPSG:4326,coord-precision-round,0.0001,25,25,0,,32311,src-a1dd899f902d,,
boundaries.in.wards.state=in_s24.ulb=800984,ward,S24,,800984,boundaries/in/wards/state=in_s24/ulb=800984/all.geojson,geojson,EPSG:4326,coord-precision-round,0.0001,12,12,0,,18676,src-a1dd899f902d,,
boundaries.in.wards.state=in_s24.ulb=800985,ward,S24,,800985,boundaries/in/wards/state=in_s24/ulb=800985/all.geojson,geojson,EPSG:4326,coord-precision-round,0.0001,11,11,0,,15236,src-a1dd899f902d,,
boundaries.in.wards.state=in_s24.ulb=800986,ward,S24,,800986,boundaries/in/wards/state=in_s24/ulb=800986/all.geojson,geojson,EPSG:4326,coord-precision-round,0.0001,15,15,0,,26075,src-a1dd899f902d,,
boundaries.in.wards.state=in_s24.ulb=800988,ward,S24,,800988,boundaries/in/wards/state=in_s24/ulb=800988/all.geojson,geojson,EPSG:4326,coord-precision-round,0.0001,15,15,0,,22881,src-a1dd899f902d,,
boundaries.in.wards.state=in_s24.ulb=800992,ward,S24,,800992,boundaries/in/wards/state=in_s24/ulb=800992/all.geojson,geojson,EPSG:4326,coord-precision-round,0.0001,25,25,0,,31513,src-a1dd899f902d,,
boundaries.in.wards.state=in_s24.ulb=800994,ward,S24,,800994,boundaries/in/wards/state=in_s24/ulb=800994/all.geojson,geojson,EPSG:4326,coord-precision-round,0.0001,25,25,0,,24541,src-a1dd899f902d,,
boundaries.in.wards.state=in_s24.ulb=800995,ward,S24,,800995,boundaries/in/wards/state=in_s24/ulb=800995/all.geojson,geojson,EPSG:4326,coord-precision-round,0.0001,10,10,0,,13061,src-a1dd899f902d,,
boundaries.in.wards.state=in_s24.ulb=800997,ward,S24,,800997,boundaries/in/wards/state=in_s24/ulb=800997/all.geojson,geojson,EPSG:4326,coord-precision-round,0.0001,12,12,0,,12501,src-a1dd899f902d,,
boundaries.in.wards.state=in_s24.ulb=800998,ward,S24,,800998,boundaries/in/wards/state=in_s24/ulb=800998/all.geojson,geojson,EPSG:4326,coord-precision-round,0.0001,19,19,0,,20860,src-a1dd899f902d,,
boundaries.in.wards.state=in_s24.ulb=800999,ward,S24,,800999,boundaries/in/wards/state=in_s24/ulb=800999/all.geojson,geojson,EPSG:4326,coord-precision-round,0.0001,10,10,0,,16719,src-a1dd899f902d,,
boundaries.in.wards.state=in_s24.ulb=801000,ward,S24,,801000,boundaries/in/wards/state=in_s24/ulb=801000/all.geojson,geojson,EPSG:4326,coord-precision-round,0.0001,25,25,0,,28859,src-a1dd899f902d,,
boundaries.in.wards.state=in_s24.ulb=801001,ward,S24,,801001,boundaries/in/wards/state=in_s24/ulb=801001/all.geojson,geojson,EPSG:4326,coord-precision-round,0.0001,10,10,0,,15519,src-a1dd899f902d,,
boundaries.in.wards.state=in_s24.ulb=801002,ward,S24,,801002,boundaries/in/wards/state=in_s24/ulb=801002/all.geojson,geojson,EPSG:4326,coord-precision-round,0.0001,25,25,0,,30753,src-a1dd899f902d,,
boundaries.in.wards.state=in_s24.ulb=801003,ward,S24,,801003,boundaries/in/wards/state=in_s24/ulb=801003/all.geojson,geojson,EPSG:4326,coord-precision-round,0.0001,11,11,0,,24560,src-a1dd899f902d,,
boundaries.in.wards.state=in_s24.ulb=801004,ward,S24,,801004,boundaries/in/wards/state=in_s24/ulb=801004/all.geojson,geojson,EPSG:4326,coord-precision-round,0.0001,10,10,0,,18900,src-a1dd899f902d,,
boundaries.in.wards.state=in_s24.ulb=801005,ward,S24,,801005,boundaries/in/wards/state=in_s24/ulb=801005/all.geojson,geojson,EPSG:4326,coord-precision-round,0.0001,110,110,0,,351198,src-a1dd899f902d,,
boundaries.in.wards.state=in_s24.ulb=801007,ward,S24,,801007,boundaries/in/wards/state=in_s24/ulb=801007/all.geojson,geojson,EPSG:4326,coord-precision-round,0.0001,25,25,0,,32876,src-a1dd899f902d,,
boundaries.in.wards.state=in_s24.ulb=801008,ward,S24,,801008,boundaries/in/wards/state=in_s24/ulb=801008/all.geojson,geojson,EPSG:4326,coord-precision-round,0.0001,11,11,0,,21465,src-a1dd899f902d,,
boundaries.in.wards.state=in_s24.ulb=801009,ward,S24,,801009,boundaries/in/wards/state=in_s24/ulb=801009/all.geojson,geojson,EPSG:4326,coord-precision-round,0.0001,10,10,0,,15159,src-a1dd899f902d,,
boundaries.in.wards.state=in_s24.ulb=801010,ward,S24,,801010,boundaries/in/wards/state=in_s24/ulb=801010/all.geojson,geojson,EPSG:4326,coord-precision-round,0.0001,11,11,0,,11255,src-a1dd899f902d,,
boundaries.in.wards.state=in_s24.ulb=801011,ward,S24,,801011,boundaries/in/wards/state=in_s24/ulb=801011/all.geojson,geojson,EPSG:4326,coord-precision-round,0.0001,25,25,0,,46760,src-a1dd899f902d,,
boundaries.in.wards.state=in_s24.ulb=801012,ward,S24,,801012,boundaries/in/wards/state=in_s24/ulb=801012/all.geojson,geojson,EPSG:4326,coord-precision-round,0.0001,25,25,0,,32024,src-a1dd899f902d,,
boundaries.in.wards.state=in_s24.ulb=801013,ward,S24,,801013,boundaries/in/wards/state=in_s24/ulb=801013/all.geojson,geojson,EPSG:4326,coord-precision-round,0.0001,12,12,0,,12985,src-a1dd899f902d,,
boundaries.in.wards.state=in_s24.ulb=801014,ward,S24,,801014,boundaries/in/wards/state=in_s24/ulb=801014/all.geojson,geojson,EPSG:4326,coord-precision-round,0.0001,34,34,0,,33845,src-a1dd899f902d,,
boundaries.in.wards.state=in_s24.ulb=801015,ward,S24,,801015,boundaries/in/wards/state=in_s24/ulb=801015/all.geojson,geojson,EPSG:4326,coord-precision-round,0.0001,10,10,0,,15276,src-a1dd899f902d,,
boundaries.in.wards.state=in_s24.ulb=801016,ward,S24,,801016,boundaries/in/wards/state=in_s24/ulb=801016/all.geojson,geojson,EPSG:4326,coord-precision-round,0.0001,25,25,0,,27975,src-a1dd899f902d,,
boundaries.in.wards.state=in_s24.ulb=801017,ward,S24,,801017,boundaries/in/wards/state=in_s24/ulb=801017/all.geojson,geojson,EPSG:4326,coord-precision-round,0.0001,10,10,0,,14399,src-a1dd899f902d,,
boundaries.in.wards.state=in_s24.ulb=801018,ward,S24,,801018,boundaries/in/wards/state=in_s24/ulb=801018/all.geojson,geojson,EPSG:4326,coord-precision-round,0.0001,25,25,0,,36975,src-a1dd899f902d,,
boundaries.in.wards.state=in_s24.ulb=801019,ward,S24,,801019,boundaries/in/wards/state=in_s24/ulb=801019/all.geojson,geojson,EPSG:4326,coord-precision-round,0.0001,12,12,0,,14016,src-a1dd899f902d,,
boundaries.in.wards.state=in_s24.ulb=801020,ward,S24,,801020,boundaries/in/wards/state=in_s24/ulb=801020/all.geojson,geojson,EPSG:4326,coord-precision-round,0.0001,25,25,0,,25330,src-a1dd899f902d,,
boundaries.in.wards.state=in_s24.ulb=801021,ward,S24,,801021,boundaries/in/wards/state=in_s24/ulb=801021/all.geojson,geojson,EPSG:4326,coord-precision-round,0.0001,10,10,0,,12867,src-a1dd899f902d,,
boundaries.in.wards.state=in_s24.ulb=801022,ward,S24,,801022,boundaries/in/wards/state=in_s24/ulb=801022/all.geojson,geojson,EPSG:4326,coord-precision-round,0.0001,25,25,0,,28965,src-a1dd899f902d,,
boundaries.in.wards.state=in_s24.ulb=801023,ward,S24,,801023,boundaries/in/wards/state=in_s24/ulb=801023/all.geojson,geojson,EPSG:4326,coord-precision-round,0.0001,10,10,0,,13463,src-a1dd899f902d,,
boundaries.in.wards.state=in_s24.ulb=801024,ward,S24,,801024,boundaries/in/wards/state=in_s24/ulb=801024/all.geojson,geojson,EPSG:4326,coord-precision-round,0.0001,11,11,0,,14972,src-a1dd899f902d,,
boundaries.in.wards.state=in_s24.ulb=801025,ward,S24,,801025,boundaries/in/wards/state=in_s24/ulb=801025/all.geojson,geojson,EPSG:4326,coord-precision-round,0.0001,25,25,0,,41322,src-a1dd899f902d,,
boundaries.in.wards.state=in_s24.ulb=801026,ward,S24,,801026,boundaries/in/wards/state=in_s24/ulb=801026/all.geojson,geojson,EPSG:4326,coord-precision-round,0.0001,14,14,0,,18367,src-a1dd899f902d,,
boundaries.in.wards.state=in_s24.ulb=801027,ward,S24,,801027,boundaries/in/wards/state=in_s24/ulb=801027/all.geojson,geojson,EPSG:4326,coord-precision-round,0.0001,10,10,0,,10722,src-a1dd899f902d,,
boundaries.in.wards.state=in_s24.ulb=801028,ward,S24,,801028,boundaries/in/wards/state=in_s24/ulb=801028/all.geojson,geojson,EPSG:4326,coord-precision-round,0.0001,24,24,0,,38789,src-a1dd899f902d,,
boundaries.in.wards.state=in_s24.ulb=801029,ward,S24,,801029,boundaries/in/wards/state=in_s24/ulb=801029/all.geojson,geojson,EPSG:4326,coord-precision-round,0.0001,10,10,0,,18071,src-a1dd899f902d,,
boundaries.in.wards.state=in_s24.ulb=801030,ward,S24,,801030,boundaries/in/wards/state=in_s24/ulb=801030/all.geojson,geojson,EPSG:4326,coord-precision-round,0.0001,60,60,0,,108863,src-a1dd899f902d,,
boundaries.in.wards.state=in_s24.ulb=801031,ward,S24,,801031,boundaries/in/wards/state=in_s24/ulb=801031/all.geojson,geojson,EPSG:4326,coord-precision-round,0.0001,9,9,0,,20226,src-a1dd899f902d,,
boundaries.in.wards.state=in_s24.ulb=801034,ward,S24,,801034,boundaries/in/wards/state=in_s24/ulb=801034/all.geojson,geojson,EPSG:4326,coord-precision-round,0.0001,12,12,0,,25771,src-a1dd899f902d,,
boundaries.in.wards.state=in_s24.ulb=801035,ward,S24,,801035,boundaries/in/wards/state=in_s24/ulb=801035/all.geojson,geojson,EPSG:4326,coord-precision-round,0.0001,26,26,0,,34845,src-a1dd899f902d,,
boundaries.in.wards.state=in_s24.ulb=801036,ward,S24,,801036,boundaries/in/wards/state=in_s24/ulb=801036/all.geojson,geojson,EPSG:4326,coord-precision-round,0.0001,10,10,0,,13691,src-a1dd899f902d,,
boundaries.in.wards.state=in_s24.ulb=801037,ward,S24,,801037,boundaries/in/wards/state=in_s24/ulb=801037/all.geojson,geojson,EPSG:4326,coord-precision-round,0.0001,13,13,0,,18098,src-a1dd899f902d,,
boundaries.in.wards.state=in_s24.ulb=801038,ward,S24,,801038,boundaries/in/wards/state=in_s24/ulb=801038/all.geojson,geojson,EPSG:4326,coord-precision-round,0.0001,11,11,0,,16512,src-a1dd899f902d,,
boundaries.in.wards.state=in_s24.ulb=801039,ward,S24,,801039,boundaries/in/wards/state=in_s24/ulb=801039/all.geojson,geojson,EPSG:4326,coord-precision-round,0.0001,25,25,0,,29998,src-a1dd899f902d,,
boundaries.in.wards.state=in_s24.ulb=801040,ward,S24,,801040,boundaries/in/wards/state=in_s24/ulb=801040/all.geojson,geojson,EPSG:4326,coord-precision-round,0.0001,18,18,0,,37626,src-a1dd899f902d,,
boundaries.in.wards.state=in_s24.ulb=801041,ward,S24,,801041,boundaries/in/wards/state=in_s24/ulb=801041/all.geojson,geojson,EPSG:4326,coord-precision-round,0.0001,10,10,0,,22793,src-a1dd899f902d,,
boundaries.in.wards.state=in_s24.ulb=801042,ward,S24,,801042,boundaries/in/wards/state=in_s24/ulb=801042/all.geojson,geojson,EPSG:4326,coord-precision-round,0.0001,26,26,0,,61161,src-a1dd899f902d,,
boundaries.in.wards.state=in_s24.ulb=801044,ward,S24,,801044,boundaries/in/wards/state=in_s24/ulb=801044/all.geojson,geojson,EPSG:4326,coord-precision-round,0.0001,25,25,0,,35803,src-a1dd899f902d,,
boundaries.in.wards.state=in_s24.ulb=801045,ward,S24,,801045,boundaries/in/wards/state=in_s24/ulb=801045/all.geojson,geojson,EPSG:4326,coord-precision-round,0.0001,13,13,0,,29275,src-a1dd899f902d,,
boundaries.in.wards.state=in_s24.ulb=801046,ward,S24,,801046,boundaries/in/wards/state=in_s24/ulb=801046/all.geojson,geojson,EPSG:4326,coord-precision-round,0.0001,12,12,0,,16434,src-a1dd899f902d,,
boundaries.in.wards.state=in_s24.ulb=801047,ward,S24,,801047,boundaries/in/wards/state=in_s24/ulb=801047/all.geojson,geojson,EPSG:4326,coord-precision-round,0.0001,25,25,0,,39110,src-a1dd899f902d,,
boundaries.in.wards.state=in_s24.ulb=801048,ward,S24,,801048,boundaries/in/wards/state=in_s24/ulb=801048/all.geojson,geojson,EPSG:4326,coord-precision-round,0.0001,25,25,0,,50513,src-a1dd899f902d,,
boundaries.in.wards.state=in_s24.ulb=801049,ward,S24,,801049,boundaries/in/wards/state=in_s24/ulb=801049/all.geojson,geojson,EPSG:4326,coord-precision-round,0.0001,15,15,0,,19851,src-a1dd899f902d,,
boundaries.in.wards.state=in_s24.ulb=801050,ward,S24,,801050,boundaries/in/wards/state=in_s24/ulb=801050/all.geojson,geojson,EPSG:4326,coord-precision-round,0.0001,10,10,0,,14847,src-a1dd899f902d,,
boundaries.in.wards.state=in_s24.ulb=801051,ward,S24,,801051,boundaries/in/wards/state=in_s24/ulb=801051/all.geojson,geojson,EPSG:4326,coord-precision-round,0.0001,31,31,0,,46294,src-a1dd899f902d,,
boundaries.in.wards.state=in_s24.ulb=801052,ward,S24,,801052,boundaries/in/wards/state=in_s24/ulb=801052/all.geojson,geojson,EPSG:4326,coord-precision-round,0.0001,10,10,0,,10547,src-a1dd899f902d,,
boundaries.in.wards.state=in_s24.ulb=801053,ward,S24,,801053,boundaries/in/wards/state=in_s24/ulb=801053/all.geojson,geojson,EPSG:4326,coord-precision-round,0.0001,12,12,0,,12773,src-a1dd899f902d,,
boundaries.in.wards.state=in_s24.ulb=801054,ward,S24,,801054,boundaries/in/wards/state=in_s24/ulb=801054/all.geojson,geojson,EPSG:4326,coord-precision-round,0.0001,10,10,0,,9567,src-a1dd899f902d,,
boundaries.in.wards.state=in_s24.ulb=801055,ward,S24,,801055,boundaries/in/wards/state=in_s24/ulb=801055/all.geojson,geojson,EPSG:4326,coord-precision-round,0.0001,11,11,0,,12507,src-a1dd899f902d,,
boundaries.in.wards.state=in_s24.ulb=801056,ward,S24,,801056,boundaries/in/wards/state=in_s24/ulb=801056/all.geojson,geojson,EPSG:4326,coord-precision-round,0.0001,25,25,0,,29116,src-a1dd899f902d,,
boundaries.in.wards.state=in_s24.ulb=801057,ward,S24,,801057,boundaries/in/wards/state=in_s24/ulb=801057/all.geojson,geojson,EPSG:4326,coord-precision-round,0.0001,12,12,0,,12105,src-a1dd899f902d,,
boundaries.in.wards.state=in_s24.ulb=801058,ward,S24,,801058,boundaries/in/wards/state=in_s24/ulb=801058/all.geojson,geojson,EPSG:4326,coord-precision-round,0.0001,12,12,0,,16089,src-a1dd899f902d,,
boundaries.in.wards.state=in_s24.ulb=801059,ward,S24,,801059,boundaries/in/wards/state=in_s24/ulb=801059/all.geojson,geojson,EPSG:4326,coord-precision-round,0.0001,25,25,0,,49113,src-a1dd899f902d,,
boundaries.in.wards.state=in_s24.ulb=801060,ward,S24,,801060,boundaries/in/wards/state=in_s24/ulb=801060/all.geojson,geojson,EPSG:4326,coord-precision-round,0.0001,15,15,0,,25352,src-a1dd899f902d,,
boundaries.in.wards.state=in_s24.ulb=801061,ward,S24,,801061,boundaries/in/wards/state=in_s24/ulb=801061/all.geojson,geojson,EPSG:4326,coord-precision-round,0.0001,15,15,0,,31568,src-a1dd899f902d,,
boundaries.in.wards.state=in_s24.ulb=801062,ward,S24,,801062,boundaries/in/wards/state=in_s24/ulb=801062/all.geojson,geojson,EPSG:4326,coord-precision-round,0.0001,25,25,0,,57388,src-a1dd899f902d,,
boundaries.in.wards.state=in_s24.ulb=801063,ward,S24,,801063,boundaries/in/wards/state=in_s24/ulb=801063/all.geojson,geojson,EPSG:4326,coord-precision-round,0.0001,10,10,0,,20339,src-a1dd899f902d,,
boundaries.in.wards.state=in_s24.ulb=801064,ward,S24,,801064,boundaries/in/wards/state=in_s24/ulb=801064/all.geojson,geojson,EPSG:4326,coord-precision-round,0.0001,34,34,0,,50548,src-a1dd899f902d,,
boundaries.in.wards.state=in_s24.ulb=801065,ward,S24,,801065,boundaries/in/wards/state=in_s24/ulb=801065/all.geojson,geojson,EPSG:4326,coord-precision-round,0.0001,7,7,0,,26035,src-a1dd899f902d,,
boundaries.in.wards.state=in_s24.ulb=801066,ward,S24,,801066,boundaries/in/wards/state=in_s24/ulb=801066/all.geojson,geojson,EPSG:4326,coord-precision-round,0.0001,10,10,0,,27452,src-a1dd899f902d,,
boundaries.in.wards.state=in_s24.ulb=801067,ward,S24,,801067,boundaries/in/wards/state=in_s24/ulb=801067/all.geojson,geojson,EPSG:4326,coord-precision-round,0.0001,13,13,0,,23791,src-a1dd899f902d,,
boundaries.in.wards.state=in_s24.ulb=801068,ward,S24,,801068,boundaries/in/wards/state=in_s24/ulb=801068/all.geojson,geojson,EPSG:4326,coord-precision-round,0.0001,17,17,0,,25779,src-a1dd899f902d,,
boundaries.in.wards.state=in_s24.ulb=801069,ward,S24,,801069,boundaries/in/wards/state=in_s24/ulb=801069/all.geojson,geojson,EPSG:4326,coord-precision-round,0.0001,15,15,0,,38888,src-a1dd899f902d,,
boundaries.in.wards.state=in_s24.ulb=801070,ward,S24,,801070,boundaries/in/wards/state=in_s24/ulb=801070/all.geojson,geojson,EPSG:4326,coord-precision-round,0.0001,11,11,0,,16464,src-a1dd899f902d,,
boundaries.in.wards.state=in_s24.ulb=801071,ward,S24,,801071,boundaries/in/wards/state=in_s24/ulb=801071/all.geojson,geojson,EPSG:4326,coord-precision-round,0.0001,25,25,0,,50228,src-a1dd899f902d,,
boundaries.in.wards.state=in_s24.ulb=801072,ward,S24,,801072,boundaries/in/wards/state=in_s24/ulb=801072/all.geojson,geojson,EPSG:4326,coord-precision-round,0.0001,11,11,0,,11997,src-a1dd899f902d,,
boundaries.in.wards.state=in_s24.ulb=801073,ward,S24,,801073,boundaries/in/wards/state=in_s24/ulb=801073/all.geojson,geojson,EPSG:4326,coord-precision-round,0.0001,11,11,0,,17364,src-a1dd899f902d,,
boundaries.in.wards.state=in_s24.ulb=801074,ward,S24,,801074,boundaries/in/wards/state=in_s24/ulb=801074/all.geojson,geojson,EPSG:4326,coord-precision-round,0.0001,10,10,0,,15593,src-a1dd899f902d,,
boundaries.in.wards.state=in_s24.ulb=801075,ward,S24,,801075,boundaries/in/wards/state=in_s24/ulb=801075/all.geojson,geojson,EPSG:4326,coord-precision-round,0.0001,12,12,0,,18219,src-a1dd899f902d,,
boundaries.in.wards.state=in_s24.ulb=801076,ward,S24,,801076,boundaries/in/wards/state=in_s24/ulb=801076/all.geojson,geojson,EPSG:4326,coord-precision-round,0.0001,10,10,0,,14329,src-a1dd899f902d,,
boundaries.in.wards.state=in_s24.ulb=801077,ward,S24,,801077,boundaries/in/wards/state=in_s24/ulb=801077/all.geojson,geojson,EPSG:4326,coord-precision-round,0.0001,26,26,0,,48985,src-a1dd899f902d,,
boundaries.in.wards.state=in_s24.ulb=801078,ward,S24,,801078,boundaries/in/wards/state=in_s24/ulb=801078/all.geojson,geojson,EPSG:4326,coord-precision-round,0.0001,12,12,0,,16721,src-a1dd899f902d,,
boundaries.in.wards.state=in_s24.ulb=801079,ward,S24,,801079,boundaries/in/wards/state=in_s24/ulb=801079/all.geojson,geojson,EPSG:4326,coord-precision-round,0.0001,25,25,0,,47504,src-a1dd899f902d,,
boundaries.in.wards.state=in_s24.ulb=801080,ward,S24,,801080,boundaries/in/wards/state=in_s24/ulb=801080/all.geojson,geojson,EPSG:4326,coord-precision-round,0.0001,10,10,0,,12742,src-a1dd899f902d,,
boundaries.in.wards.state=in_s24.ulb=801081,ward,S24,,801081,boundaries/in/wards/state=in_s24/ulb=801081/all.geojson,geojson,EPSG:4326,coord-precision-round,0.0001,13,13,0,,20190,src-a1dd899f902d,,
boundaries.in.wards.state=in_s24.ulb=801082,ward,S24,,801082,boundaries/in/wards/state=in_s24/ulb=801082/all.geojson,geojson,EPSG:4326,coord-precision-round,0.0001,14,14,0,,17238,src-a1dd899f902d,,
boundaries.in.wards.state=in_s24.ulb=801083,ward,S24,,801083,boundaries/in/wards/state=in_s24/ulb=801083/all.geojson,geojson,EPSG:4326,coord-precision-round,0.0001,15,15,0,,40773,src-a1dd899f902d,,
boundaries.in.wards.state=in_s24.ulb=801085,ward,S24,,801085,boundaries/in/wards/state=in_s24/ulb=801085/all.geojson,geojson,EPSG:4326,coord-precision-round,0.0001,15,15,0,,21017,src-a1dd899f902d,,
boundaries.in.wards.state=in_s24.ulb=801086,ward,S24,,801086,boundaries/in/wards/state=in_s24/ulb=801086/all.geojson,geojson,EPSG:4326,coord-precision-round,0.0001,102,102,0,,244260,src-a1dd899f902d,,
boundaries.in.wards.state=in_s24.ulb=801087,ward,S24,,801087,boundaries/in/wards/state=in_s24/ulb=801087/all.geojson,geojson,EPSG:4326,coord-precision-round,0.0001,5,5,0,,10630,src-a1dd899f902d,,
boundaries.in.wards.state=in_s24.ulb=801088,ward,S24,,801088,boundaries/in/wards/state=in_s24/ulb=801088/all.geojson,geojson,EPSG:4326,coord-precision-round,0.0001,12,12,0,,15007,src-a1dd899f902d,,
boundaries.in.wards.state=in_s24.ulb=801089,ward,S24,,801089,boundaries/in/wards/state=in_s24/ulb=801089/all.geojson,geojson,EPSG:4326,coord-precision-round,0.0001,13,13,0,,18723,src-a1dd899f902d,,
boundaries.in.wards.state=in_s24.ulb=801090,ward,S24,,801090,boundaries/in/wards/state=in_s24/ulb=801090/all.geojson,geojson,EPSG:4326,coord-precision-round,0.0001,11,11,0,,16543,src-a1dd899f902d,,
boundaries.in.wards.state=in_s24.ulb=801091,ward,S24,,801091,boundaries/in/wards/state=in_s24/ulb=801091/all.geojson,geojson,EPSG:4326,coord-precision-round,0.0001,13,13,0,,24979,src-a1dd899f902d,,
boundaries.in.wards.state=in_s24.ulb=801092,ward,S24,,801092,boundaries/in/wards/state=in_s24/ulb=801092/all.geojson,geojson,EPSG:4326,coord-precision-round,0.0001,11,11,0,,13619,src-a1dd899f902d,,
boundaries.in.wards.state=in_s24.ulb=801096,ward,S24,,801096,boundaries/in/wards/state=in_s24/ulb=801096/all.geojson,geojson,EPSG:4326,coord-precision-round,0.0001,29,29,0,,68237,src-a1dd899f902d,,
boundaries.in.wards.state=in_s24.ulb=801097,ward,S24,,801097,boundaries/in/wards/state=in_s24/ulb=801097/all.geojson,geojson,EPSG:4326,coord-precision-round,0.0001,15,15,0,,28293,src-a1dd899f902d,,
boundaries.in.wards.state=in_s24.ulb=801098,ward,S24,,801098,boundaries/in/wards/state=in_s24/ulb=801098/all.geojson,geojson,EPSG:4326,coord-precision-round,0.0001,11,11,0,,24614,src-a1dd899f902d,,
boundaries.in.wards.state=in_s24.ulb=801101,ward,S24,,801101,boundaries/in/wards/state=in_s24/ulb=801101/all.geojson,geojson,EPSG:4326,coord-precision-round,0.0001,13,13,0,,26756,src-a1dd899f902d,,
boundaries.in.wards.state=in_s24.ulb=801105,ward,S24,,801105,boundaries/in/wards/state=in_s24/ulb=801105/all.geojson,geojson,EPSG:4326,coord-precision-round,0.0001,25,25,0,,74263,src-a1dd899f902d,,
boundaries.in.wards.state=in_s24.ulb=801106,ward,S24,,801106,boundaries/in/wards/state=in_s24/ulb=801106/all.geojson,geojson,EPSG:4326,coord-precision-round,0.0001,18,18,0,,60472,src-a1dd899f902d,,
boundaries.in.wards.state=in_s24.ulb=801109,ward,S24,,801109,boundaries/in/wards/state=in_s24/ulb=801109/all.geojson,geojson,EPSG:4326,coord-precision-round,0.0001,60,60,0,,227066,src-a1dd899f902d,,
boundaries.in.wards.state=in_s24.ulb=801110,ward,S24,,801110,boundaries/in/wards/state=in_s24/ulb=801110/all.geojson,geojson,EPSG:4326,coord-precision-round,0.0001,12,12,0,,17111,src-a1dd899f902d,,
boundaries.in.wards.state=in_s24.ulb=801111,ward,S24,,801111,boundaries/in/wards/state=in_s24/ulb=801111/all.geojson,geojson,EPSG:4326,coord-precision-round,0.0001,11,11,0,,18355,src-a1dd899f902d,,
boundaries.in.wards.state=in_s24.ulb=801113,ward,S24,,801113,boundaries/in/wards/state=in_s24/ulb=801113/all.geojson,geojson,EPSG:4326,coord-precision-round,0.0001,25,25,0,,29697,src-a1dd899f902d,,
boundaries.in.wards.state=in_s24.ulb=801114,ward,S24,,801114,boundaries/in/wards/state=in_s24/ulb=801114/all.geojson,geojson,EPSG:4326,coord-precision-round,0.0001,17,17,0,,25066,src-a1dd899f902d,,
boundaries.in.wards.state=in_s24.ulb=801115,ward,S24,,801115,boundaries/in/wards/state=in_s24/ulb=801115/all.geojson,geojson,EPSG:4326,coord-precision-round,0.0001,25,25,0,,45610,src-a1dd899f902d,,
boundaries.in.wards.state=in_s24.ulb=801116,ward,S24,,801116,boundaries/in/wards/state=in_s24/ulb=801116/all.geojson,geojson,EPSG:4326,coord-precision-round,0.0001,24,24,0,,42551,src-a1dd899f902d,,
boundaries.in.wards.state=in_s24.ulb=801117,ward,S24,,801117,boundaries/in/wards/state=in_s24/ulb=801117/all.geojson,geojson,EPSG:4326,coord-precision-round,0.0001,10,10,0,,16832,src-a1dd899f902d,,
boundaries.in.wards.state=in_s24.ulb=801119,ward,S24,,801119,boundaries/in/wards/state=in_s24/ulb=801119/all.geojson,geojson,EPSG:4326,coord-precision-round,0.0001,25,25,0,,35992,src-a1dd899f902d,,
boundaries.in.wards.state=in_s24.ulb=801120,ward,S24,,801120,boundaries/in/wards/state=in_s24/ulb=801120/all.geojson,geojson,EPSG:4326,coord-precision-round,0.0001,10,10,0,,15490,src-a1dd899f902d,,
boundaries.in.wards.state=in_s24.ulb=801121,ward,S24,,801121,boundaries/in/wards/state=in_s24/ulb=801121/all.geojson,geojson,EPSG:4326,coord-precision-round,0.0001,11,11,0,,26488,src-a1dd899f902d,,
boundaries.in.wards.state=in_s24.ulb=801122,ward,S24,,801122,boundaries/in/wards/state=in_s24/ulb=801122/all.geojson,geojson,EPSG:4326,coord-precision-round,0.0001,10,10,0,,14166,src-a1dd899f902d,,
boundaries.in.wards.state=in_s24.ulb=801123,ward,S24,,801123,boundaries/in/wards/state=in_s24/ulb=801123/all.geojson,geojson,EPSG:4326,coord-precision-round,0.0001,25,25,0,,29680,src-a1dd899f902d,,
boundaries.in.wards.state=in_s24.ulb=801124,ward,S24,,801124,boundaries/in/wards/state=in_s24/ulb=801124/all.geojson,geojson,EPSG:4326,coord-precision-round,0.0001,11,11,0,,19175,src-a1dd899f902d,,
boundaries.in.wards.state=in_s24.ulb=801125,ward,S24,,801125,boundaries/in/wards/state=in_s24/ulb=801125/all.geojson,geojson,EPSG:4326,coord-precision-round,0.0001,31,31,0,,50073,src-a1dd899f902d,,
boundaries.in.wards.state=in_s24.ulb=801126,ward,S24,,801126,boundaries/in/wards/state=in_s24/ulb=801126/all.geojson,geojson,EPSG:4326,coord-precision-round,0.0001,13,13,0,,17243,src-a1dd899f902d,,
boundaries.in.wards.state=in_s24.ulb=801127,ward,S24,,801127,boundaries/in/wards/state=in_s24/ulb=801127/all.geojson,geojson,EPSG:4326,coord-precision-round,0.0001,25,25,0,,33511,src-a1dd899f902d,,
boundaries.in.wards.state=in_s24.ulb=801128,ward,S24,,801128,boundaries/in/wards/state=in_s24/ulb=801128/all.geojson,geojson,EPSG:4326,coord-precision-round,0.0001,12,12,0,,18513,src-a1dd899f902d,,
boundaries.in.wards.state=in_s24.ulb=801129,ward,S24,,801129,boundaries/in/wards/state=in_s24/ulb=801129/all.geojson,geojson,EPSG:4326,coord-precision-round,0.0001,25,25,0,,28289,src-a1dd899f902d,,
boundaries.in.wards.state=in_s24.ulb=801130,ward,S24,,801130,boundaries/in/wards/state=in_s24/ulb=801130/all.geojson,geojson,EPSG:4326,coord-precision-round,0.0001,15,15,0,,26426,src-a1dd899f902d,,
boundaries.in.wards.state=in_s24.ulb=801131,ward,S24,,801131,boundaries/in/wards/state=in_s24/ulb=801131/all.geojson,geojson,EPSG:4326,coord-precision-round,0.0001,12,12,0,,24877,src-a1dd899f902d,,
boundaries.in.wards.state=in_s24.ulb=801132,ward,S24,,801132,boundaries/in/wards/state=in_s24/ulb=801132/all.geojson,geojson,EPSG:4326,coord-precision-round,0.0001,25,25,0,,37812,src-a1dd899f902d,,
boundaries.in.wards.state=in_s24.ulb=801133,ward,S24,,801133,boundaries/in/wards/state=in_s24/ulb=801133/all.geojson,geojson,EPSG:4326,coord-precision-round,0.0001,10,10,0,,12201,src-a1dd899f902d,,
boundaries.in.wards.state=in_s24.ulb=801134,ward,S24,,801134,boundaries/in/wards/state=in_s24/ulb=801134/all.geojson,geojson,EPSG:4326,coord-precision-round,0.0001,27,27,0,,38287,src-a1dd899f902d,,
boundaries.in.wards.state=in_s24.ulb=801135,ward,S24,,801135,boundaries/in/wards/state=in_s24/ulb=801135/all.geojson,geojson,EPSG:4326,coord-precision-round,0.0001,15,15,0,,21374,src-a1dd899f902d,,
boundaries.in.wards.state=in_s24.ulb=801136,ward,S24,,801136,boundaries/in/wards/state=in_s24/ulb=801136/all.geojson,geojson,EPSG:4326,coord-precision-round,0.0001,25,25,0,,22823,src-a1dd899f902d,,
boundaries.in.wards.state=in_s24.ulb=801138,ward,S24,,801138,boundaries/in/wards/state=in_s24/ulb=801138/all.geojson,geojson,EPSG:4326,coord-precision-round,0.0001,10,10,0,,11267,src-a1dd899f902d,,
boundaries.in.wards.state=in_s24.ulb=801149,ward,S24,,801149,boundaries/in/wards/state=in_s24/ulb=801149/all.geojson,geojson,EPSG:4326,coord-precision-round,0.0001,25,25,0,,25626,src-a1dd899f902d,,
boundaries.in.wards.state=in_s24.ulb=801150,ward,S24,,801150,boundaries/in/wards/state=in_s24/ulb=801150/all.geojson,geojson,EPSG:4326,coord-precision-round,0.0001,13,13,0,,18571,src-a1dd899f902d,,
boundaries.in.wards.state=in_s24.ulb=801152,ward,S24,,801152,boundaries/in/wards/state=in_s24/ulb=801152/all.geojson,geojson,EPSG:4326,coord-precision-round,0.0001,25,25,0,,36058,src-a1dd899f902d,,
boundaries.in.wards.state=in_s24.ulb=801153,ward,S24,,801153,boundaries/in/wards/state=in_s24/ulb=801153/all.geojson,geojson,EPSG:4326,coord-precision-round,0.0001,13,13,0,,16856,src-a1dd899f902d,,
boundaries.in.wards.state=in_s24.ulb=801154,ward,S24,,801154,boundaries/in/wards/state=in_s24/ulb=801154/all.geojson,geojson,EPSG:4326,coord-precision-round,0.0001,25,25,0,,36849,src-a1dd899f902d,,
boundaries.in.wards.state=in_s24.ulb=801155,ward,S24,,801155,boundaries/in/wards/state=in_s24/ulb=801155/all.geojson,geojson,EPSG:4326,coord-precision-round,0.0001,11,11,0,,11343,src-a1dd899f902d,,
boundaries.in.wards.state=in_s24.ulb=801157,ward,S24,,801157,boundaries/in/wards/state=in_s24/ulb=801157/all.geojson,geojson,EPSG:4326,coord-precision-round,0.0001,25,25,0,,75061,src-a1dd899f902d,,
boundaries.in.wards.state=in_s24.ulb=801158,ward,S24,,801158,boundaries/in/wards/state=in_s24/ulb=801158/all.geojson,geojson,EPSG:4326,coord-precision-round,0.0001,19,19,0,,35049,src-a1dd899f902d,,
boundaries.in.wards.state=in_s24.ulb=801159,ward,S24,,801159,boundaries/in/wards/state=in_s24/ulb=801159/all.geojson,geojson,EPSG:4326,coord-precision-round,0.0001,16,16,0,,31115,src-a1dd899f902d,,
boundaries.in.wards.state=in_s24.ulb=801160,ward,S24,,801160,boundaries/in/wards/state=in_s24/ulb=801160/all.geojson,geojson,EPSG:4326,coord-precision-round,0.0001,92,92,0,,285611,src-a1dd899f902d,,
boundaries.in.wards.state=in_s24.ulb=801161,ward,S24,,801161,boundaries/in/wards/state=in_s24/ulb=801161/all.geojson,geojson,EPSG:4326,coord-precision-round,0.0001,17,17,0,,26280,src-a1dd899f902d,,
boundaries.in.wards.state=in_s24.ulb=801162,ward,S24,,801162,boundaries/in/wards/state=in_s24/ulb=801162/all.geojson,geojson,EPSG:4326,coord-precision-round,0.0001,16,16,0,,29720,src-a1dd899f902d,,
boundaries.in.wards.state=in_s24.ulb=801163,ward,S24,,801163,boundaries/in/wards/state=in_s24/ulb=801163/all.geojson,geojson,EPSG:4326,coord-precision-round,0.0001,12,12,0,,22269,src-a1dd899f902d,,
boundaries.in.wards.state=in_s24.ulb=801164,ward,S24,,801164,boundaries/in/wards/state=in_s24/ulb=801164/all.geojson,geojson,EPSG:4326,coord-precision-round,0.0001,19,19,0,,33098,src-a1dd899f902d,,
boundaries.in.wards.state=in_s24.ulb=801165,ward,S24,,801165,boundaries/in/wards/state=in_s24/ulb=801165/all.geojson,geojson,EPSG:4326,coord-precision-round,0.0001,14,14,0,,19579,src-a1dd899f902d,,
boundaries.in.wards.state=in_s24.ulb=801166,ward,S24,,801166,boundaries/in/wards/state=in_s24/ulb=801166/all.geojson,geojson,EPSG:4326,coord-precision-round,0.0001,12,12,0,,20128,src-a1dd899f902d,,
boundaries.in.wards.state=in_s24.ulb=801167,ward,S24,,801167,boundaries/in/wards/state=in_s24/ulb=801167/all.geojson,geojson,EPSG:4326,coord-precision-round,0.0001,25,25,0,,33852,src-a1dd899f902d,,
boundaries.in.wards.state=in_s24.ulb=801168,ward,S24,,801168,boundaries/in/wards/state=in_s24/ulb=801168/all.geojson,geojson,EPSG:4326,coord-precision-round,0.0001,12,12,0,,15921,src-a1dd899f902d,,
boundaries.in.wards.state=in_s24.ulb=801169,ward,S24,,801169,boundaries/in/wards/state=in_s24/ulb=801169/all.geojson,geojson,EPSG:4326,coord-precision-round,0.0001,17,17,0,,33178,src-a1dd899f902d,,
boundaries.in.wards.state=in_s24.ulb=801170,ward,S24,,801170,boundaries/in/wards/state=in_s24/ulb=801170/all.geojson,geojson,EPSG:4326,coord-precision-round,0.0001,25,25,0,,30414,src-a1dd899f902d,,
boundaries.in.wards.state=in_s24.ulb=801171,ward,S24,,801171,boundaries/in/wards/state=in_s24/ulb=801171/all.geojson,geojson,EPSG:4326,coord-precision-round,0.0001,27,27,0,,62160,src-a1dd899f902d,,
boundaries.in.wards.state=in_s24.ulb=801172,ward,S24,,801172,boundaries/in/wards/state=in_s24/ulb=801172/all.geojson,geojson,EPSG:4326,coord-precision-round,0.0001,14,14,0,,15837,src-a1dd899f902d,,
boundaries.in.wards.state=in_s24.ulb=801173,ward,S24,,801173,boundaries/in/wards/state=in_s24/ulb=801173/all.geojson,geojson,EPSG:4326,coord-precision-round,0.0001,11,11,0,,12127,src-a1dd899f902d,,
boundaries.in.wards.state=in_s24.ulb=801174,ward,S24,,801174,boundaries/in/wards/state=in_s24/ulb=801174/all.geojson,geojson,EPSG:4326,coord-precision-round,0.0001,10,10,0,,16042,src-a1dd899f902d,,
boundaries.in.wards.state=in_s24.ulb=801175,ward,S24,,801175,boundaries/in/wards/state=in_s24/ulb=801175/all.geojson,geojson,EPSG:4326,coord-precision-round,0.0001,25,25,0,,53533,src-a1dd899f902d,,
boundaries.in.wards.state=in_s24.ulb=801176,ward,S24,,801176,boundaries/in/wards/state=in_s24/ulb=801176/all.geojson,geojson,EPSG:4326,coord-precision-round,0.0001,16,16,0,,22644,src-a1dd899f902d,,
boundaries.in.wards.state=in_s24.ulb=801177,ward,S24,,801177,boundaries/in/wards/state=in_s24/ulb=801177/all.geojson,geojson,EPSG:4326,coord-precision-round,0.0001,25,25,0,,35729,src-a1dd899f902d,,
boundaries.in.wards.state=in_s24.ulb=801178,ward,S24,,801178,boundaries/in/wards/state=in_s24/ulb=801178/all.geojson,geojson,EPSG:4326,coord-precision-round,0.0001,12,12,0,,17663,src-a1dd899f902d,,
boundaries.in.wards.state=in_s24.ulb=801179,ward,S24,,801179,boundaries/in/wards/state=in_s24/ulb=801179/all.geojson,geojson,EPSG:4326,coord-precision-round,0.0001,13,13,0,,21736,src-a1dd899f902d,,
boundaries.in.wards.state=in_s24.ulb=801180,ward,S24,,801180,boundaries/in/wards/state=in_s24/ulb=801180/all.geojson,geojson,EPSG:4326,coord-precision-round,0.0001,13,13,0,,18952,src-a1dd899f902d,,
boundaries.in.wards.state=in_s24.ulb=801181,ward,S24,,801181,boundaries/in/wards/state=in_s24/ulb=801181/all.geojson,geojson,EPSG:4326,coord-precision-round,0.0001,16,16,0,,27371,src-a1dd899f902d,,
boundaries.in.wards.state=in_s24.ulb=801182,ward,S24,,801182,boundaries/in/wards/state=in_s24/ulb=801182/all.geojson,geojson,EPSG:4326,coord-precision-round,0.0001,12,12,0,,15265,src-a1dd899f902d,,
boundaries.in.wards.state=in_s24.ulb=801183,ward,S24,,801183,boundaries/in/wards/state=in_s24/ulb=801183/all.geojson,geojson,EPSG:4326,coord-precision-round,0.0001,11,11,0,,14635,src-a1dd899f902d,,
boundaries.in.wards.state=in_s24.ulb=801184,ward,S24,,801184,boundaries/in/wards/state=in_s24/ulb=801184/all.geojson,geojson,EPSG:4326,coord-precision-round,0.0001,10,10,0,,13248,src-a1dd899f902d,,
boundaries.in.wards.state=in_s24.ulb=801186,ward,S24,,801186,boundaries/in/wards/state=in_s24/ulb=801186/all.geojson,geojson,EPSG:4326,coord-precision-round,0.0001,12,12,0,,11022,src-a1dd899f902d,,
boundaries.in.wards.state=in_s24.ulb=801188,ward,S24,,801188,boundaries/in/wards/state=in_s24/ulb=801188/all.geojson,geojson,EPSG:4326,coord-precision-round,0.0001,25,25,0,,41767,src-a1dd899f902d,,
boundaries.in.wards.state=in_s24.ulb=801191,ward,S24,,801191,boundaries/in/wards/state=in_s24/ulb=801191/all.geojson,geojson,EPSG:4326,coord-precision-round,0.0001,13,13,0,,21181,src-a1dd899f902d,,
boundaries.in.wards.state=in_s24.ulb=801193,ward,S24,,801193,boundaries/in/wards/state=in_s24/ulb=801193/all.geojson,geojson,EPSG:4326,coord-precision-round,0.0001,11,11,0,,35313,src-a1dd899f902d,,
boundaries.in.wards.state=in_s24.ulb=801194,ward,S24,,801194,boundaries/in/wards/state=in_s24/ulb=801194/all.geojson,geojson,EPSG:4326,coord-precision-round,0.0001,12,12,0,,18147,src-a1dd899f902d,,
boundaries.in.wards.state=in_s24.ulb=801195,ward,S24,,801195,boundaries/in/wards/state=in_s24/ulb=801195/all.geojson,geojson,EPSG:4326,coord-precision-round,0.0001,11,11,0,,13697,src-a1dd899f902d,,
boundaries.in.wards.state=in_s24.ulb=801196,ward,S24,,801196,boundaries/in/wards/state=in_s24/ulb=801196/all.geojson,geojson,EPSG:4326,coord-precision-round,0.0001,10,10,0,,17466,src-a1dd899f902d,,
boundaries.in.wards.state=in_s24.ulb=801197,ward,S24,,801197,boundaries/in/wards/state=in_s24/ulb=801197/all.geojson,geojson,EPSG:4326,coord-precision-round,0.0001,18,18,0,,21352,src-a1dd899f902d,,
boundaries.in.wards.state=in_s24.ulb=801198,ward,S24,,801198,boundaries/in/wards/state=in_s24/ulb=801198/all.geojson,geojson,EPSG:4326,coord-precision-round,0.0001,17,17,0,,19776,src-a1dd899f902d,,
boundaries.in.wards.state=in_s24.ulb=801200,ward,S24,,801200,boundaries/in/wards/state=in_s24/ulb=801200/all.geojson,geojson,EPSG:4326,coord-precision-round,0.0001,42,42,0,,63908,src-a1dd899f902d,,
boundaries.in.wards.state=in_s24.ulb=801201,ward,S24,,801201,boundaries/in/wards/state=in_s24/ulb=801201/all.geojson,geojson,EPSG:4326,coord-precision-round,0.0001,18,18,0,,38533,src-a1dd899f902d,,
boundaries.in.wards.state=in_s24.ulb=801202,ward,S24,,801202,boundaries/in/wards/state=in_s24/ulb=801202/all.geojson,geojson,EPSG:4326,coord-precision-round,0.0001,13,13,0,,12346,src-a1dd899f902d,,
boundaries.in.wards.state=in_s24.ulb=801203,ward,S24,,801203,boundaries/in/wards/state=in_s24/ulb=801203/all.geojson,geojson,EPSG:4326,coord-precision-round,0.0001,15,15,0,,40942,src-a1dd899f902d,,
boundaries.in.wards.state=in_s24.ulb=801205,ward,S24,,801205,boundaries/in/wards/state=in_s24/ulb=801205/all.geojson,geojson,EPSG:4326,coord-precision-round,0.0001,15,15,0,,20404,src-a1dd899f902d,,
boundaries.in.wards.state=in_s24.ulb=801207,ward,S24,,801207,boundaries/in/wards/state=in_s24/ulb=801207/all.geojson,geojson,EPSG:4326,coord-precision-round,0.0001,14,14,0,,34713,src-a1dd899f902d,,
boundaries.in.wards.state=in_s24.ulb=801208,ward,S24,,801208,boundaries/in/wards/state=in_s24/ulb=801208/all.geojson,geojson,EPSG:4326,coord-precision-round,0.0001,15,15,0,,20536,src-a1dd899f902d,,
boundaries.in.wards.state=in_s24.ulb=801209,ward,S24,,801209,boundaries/in/wards/state=in_s24/ulb=801209/all.geojson,geojson,EPSG:4326,coord-precision-round,0.0001,14,14,0,,25344,src-a1dd899f902d,,
boundaries.in.wards.state=in_s24.ulb=801210,ward,S24,,801210,boundaries/in/wards/state=in_s24/ulb=801210/all.geojson,geojson,EPSG:4326,coord-precision-round,0.0001,15,15,0,,17513,src-a1dd899f902d,,
boundaries.in.wards.state=in_s24.ulb=801211,ward,S24,,801211,boundaries/in/wards/state=in_s24/ulb=801211/all.geojson,geojson,EPSG:4326,coord-precision-round,0.0001,25,25,0,,23798,src-a1dd899f902d,,
boundaries.in.wards.state=in_s24.ulb=801212,ward,S24,,801212,boundaries/in/wards/state=in_s24/ulb=801212/all.geojson,geojson,EPSG:4326,coord-precision-round,0.0001,13,13,0,,26508,src-a1dd899f902d,,
boundaries.in.wards.state=in_s24.ulb=801213,ward,S24,,801213,boundaries/in/wards/state=in_s24/ulb=801213/all.geojson,geojson,EPSG:4326,coord-precision-round,0.0001,25,25,0,,23919,src-a1dd899f902d,,
boundaries.in.wards.state=in_s24.ulb=801214,ward,S24,,801214,boundaries/in/wards/state=in_s24/ulb=801214/all.geojson,geojson,EPSG:4326,coord-precision-round,0.0001,15,15,0,,18853,src-a1dd899f902d,,
boundaries.in.wards.state=in_s24.ulb=801215,ward,S24,,801215,boundaries/in/wards/state=in_s24/ulb=801215/all.geojson,geojson,EPSG:4326,coord-precision-round,0.0001,39,39,0,,82143,src-a1dd899f902d,,
boundaries.in.wards.state=in_s24.ulb=801216,ward,S24,,801216,boundaries/in/wards/state=in_s24/ulb=801216/all.geojson,geojson,EPSG:4326,coord-precision-round,0.0001,10,10,0,,8228,src-a1dd899f902d,,
boundaries.in.wards.state=in_s24.ulb=801217,ward,S24,,801217,boundaries/in/wards/state=in_s24/ulb=801217/all.geojson,geojson,EPSG:4326,coord-precision-round,0.0001,15,15,0,,14417,src-a1dd899f902d,,
boundaries.in.wards.state=in_s24.ulb=801218,ward,S24,,801218,boundaries/in/wards/state=in_s24/ulb=801218/all.geojson,geojson,EPSG:4326,coord-precision-round,0.0001,11,11,0,,23063,src-a1dd899f902d,,
boundaries.in.wards.state=in_s24.ulb=801219,ward,S24,,801219,boundaries/in/wards/state=in_s24/ulb=801219/all.geojson,geojson,EPSG:4326,coord-precision-round,0.0001,11,11,0,,13949,src-a1dd899f902d,,
boundaries.in.wards.state=in_s24.ulb=801220,ward,S24,,801220,boundaries/in/wards/state=in_s24/ulb=801220/all.geojson,geojson,EPSG:4326,coord-precision-round,0.0001,15,15,0,,19427,src-a1dd899f902d,,
boundaries.in.wards.state=in_s24.ulb=801221,ward,S24,,801221,boundaries/in/wards/state=in_s24/ulb=801221/all.geojson,geojson,EPSG:4326,coord-precision-round,0.0001,11,11,0,,11612,src-a1dd899f902d,,
boundaries.in.wards.state=in_s24.ulb=801222,ward,S24,,801222,boundaries/in/wards/state=in_s24/ulb=801222/all.geojson,geojson,EPSG:4326,coord-precision-round,0.0001,25,25,0,,25576,src-a1dd899f902d,,
boundaries.in.wards.state=in_s24.ulb=801223,ward,S24,,801223,boundaries/in/wards/state=in_s24/ulb=801223/all.geojson,geojson,EPSG:4326,coord-precision-round,0.0001,13,13,0,,20369,src-a1dd899f902d,,
boundaries.in.wards.state=in_s24.ulb=801224,ward,S24,,801224,boundaries/in/wards/state=in_s24/ulb=801224/all.geojson,geojson,EPSG:4326,coord-precision-round,0.0001,25,25,0,,24809,src-a1dd899f902d,,
boundaries.in.wards.state=in_s24.ulb=801225,ward,S24,,801225,boundaries/in/wards/state=in_s24/ulb=801225/all.geojson,geojson,EPSG:4326,coord-precision-round,0.0001,11,11,0,,10665,src-a1dd899f902d,,
boundaries.in.wards.state=in_s24.ulb=801226,ward,S24,,801226,boundaries/in/wards/state=in_s24/ulb=801226/all.geojson,geojson,EPSG:4326,coord-precision-round,0.0001,25,25,0,,23195,src-a1dd899f902d,,
boundaries.in.wards.state=in_s24.ulb=801227,ward,S24,,801227,boundaries/in/wards/state=in_s24/ulb=801227/all.geojson,geojson,EPSG:4326,coord-precision-round,0.0001,25,25,0,,51827,src-a1dd899f902d,,
boundaries.in.wards.state=in_s24.ulb=801229,ward,S24,,801229,boundaries/in/wards/state=in_s24/ulb=801229/all.geojson,geojson,EPSG:4326,coord-precision-round,0.0001,16,16,0,,15372,src-a1dd899f902d,,
boundaries.in.wards.state=in_s24.ulb=801230,ward,S24,,801230,boundaries/in/wards/state=in_s24/ulb=801230/all.geojson,geojson,EPSG:4326,coord-precision-round,0.0001,13,13,0,,21877,src-a1dd899f902d,,
boundaries.in.wards.state=in_s24.ulb=801231,ward,S24,,801231,boundaries/in/wards/state=in_s24/ulb=801231/all.geojson,geojson,EPSG:4326,coord-precision-round,0.0001,12,12,0,,24270,src-a1dd899f902d,,
boundaries.in.wards.state=in_s24.ulb=801232,ward,S24,,801232,boundaries/in/wards/state=in_s24/ulb=801232/all.geojson,geojson,EPSG:4326,coord-precision-round,0.0001,10,10,0,,25291,src-a1dd899f902d,,
boundaries.in.wards.state=in_s24.ulb=801233,ward,S24,,801233,boundaries/in/wards/state=in_s24/ulb=801233/all.geojson,geojson,EPSG:4326,coord-precision-round,0.0001,7,7,0,,8321,src-a1dd899f902d,,
boundaries.in.wards.state=in_s24.ulb=801235,ward,S24,,801235,boundaries/in/wards/state=in_s24/ulb=801235/all.geojson,geojson,EPSG:4326,coord-precision-round,0.0001,90,90,0,,714281,src-a1dd899f902d,,
boundaries.in.wards.state=in_s24.ulb=801237,ward,S24,,801237,boundaries/in/wards/state=in_s24/ulb=801237/all.geojson,geojson,EPSG:4326,coord-precision-round,0.0001,13,13,0,,19038,src-a1dd899f902d,,
boundaries.in.wards.state=in_s24.ulb=801238,ward,S24,,801238,boundaries/in/wards/state=in_s24/ulb=801238/all.geojson,geojson,EPSG:4326,coord-precision-round,0.0001,10,10,0,,11584,src-a1dd899f902d,,
boundaries.in.wards.state=in_s24.ulb=801239,ward,S24,,801239,boundaries/in/wards/state=in_s24/ulb=801239/all.geojson,geojson,EPSG:4326,coord-precision-round,0.0001,25,25,0,,33702,src-a1dd899f902d,,
boundaries.in.wards.state=in_s24.ulb=801240,ward,S24,,801240,boundaries/in/wards/state=in_s24/ulb=801240/all.geojson,geojson,EPSG:4326,coord-precision-round,0.0001,11,11,0,,17178,src-a1dd899f902d,,
boundaries.in.wards.state=in_s24.ulb=801241,ward,S24,,801241,boundaries/in/wards/state=in_s24/ulb=801241/all.geojson,geojson,EPSG:4326,coord-precision-round,0.0001,25,25,0,,24080,src-a1dd899f902d,,
boundaries.in.wards.state=in_s24.ulb=801242,ward,S24,,801242,boundaries/in/wards/state=in_s24/ulb=801242/all.geojson,geojson,EPSG:4326,coord-precision-round,0.0001,15,15,0,,15034,src-a1dd899f902d,,
boundaries.in.wards.state=in_s24.ulb=801243,ward,S24,,801243,boundaries/in/wards/state=in_s24/ulb=801243/all.geojson,geojson,EPSG:4326,coord-precision-round,0.0001,12,12,0,,14934,src-a1dd899f902d,,
boundaries.in.wards.state=in_s24.ulb=801244,ward,S24,,801244,boundaries/in/wards/state=in_s24/ulb=801244/all.geojson,geojson,EPSG:4326,coord-precision-round,0.0001,38,38,0,,57786,src-a1dd899f902d,,
boundaries.in.wards.state=in_s24.ulb=801245,ward,S24,,801245,boundaries/in/wards/state=in_s24/ulb=801245/all.geojson,geojson,EPSG:4326,coord-precision-round,0.0001,12,12,0,,18497,src-a1dd899f902d,,
boundaries.in.wards.state=in_s24.ulb=801246,ward,S24,,801246,boundaries/in/wards/state=in_s24/ulb=801246/all.geojson,geojson,EPSG:4326,coord-precision-round,0.0001,25,25,0,,40683,src-a1dd899f902d,,
boundaries.in.wards.state=in_s24.ulb=801247,ward,S24,,801247,boundaries/in/wards/state=in_s24/ulb=801247/all.geojson,geojson,EPSG:4326,coord-precision-round,0.0001,25,25,0,,35961,src-a1dd899f902d,,
boundaries.in.wards.state=in_s24.ulb=801248,ward,S24,,801248,boundaries/in/wards/state=in_s24/ulb=801248/all.geojson,geojson,EPSG:4326,coord-precision-round,0.0001,10,10,0,,15886,src-a1dd899f902d,,
boundaries.in.wards.state=in_s24.ulb=801249,ward,S24,,801249,boundaries/in/wards/state=in_s24/ulb=801249/all.geojson,geojson,EPSG:4326,coord-precision-round,0.0001,25,25,0,,31551,src-a1dd899f902d,,
boundaries.in.wards.state=in_s24.ulb=801250,ward,S24,,801250,boundaries/in/wards/state=in_s24/ulb=801250/all.geojson,geojson,EPSG:4326,coord-precision-round,0.0001,10,10,0,,13234,src-a1dd899f902d,,
boundaries.in.wards.state=in_s24.ulb=801251,ward,S24,,801251,boundaries/in/wards/state=in_s24/ulb=801251/all.geojson,geojson,EPSG:4326,coord-precision-round,0.0001,11,11,0,,13779,src-a1dd899f902d,,
boundaries.in.wards.state=in_s24.ulb=801252,ward,S24,,801252,boundaries/in/wards/state=in_s24/ulb=801252/all.geojson,geojson,EPSG:4326,coord-precision-round,0.0001,18,18,0,,50185,src-a1dd899f902d,,
boundaries.in.wards.state=in_s24.ulb=801253,ward,S24,,801253,boundaries/in/wards/state=in_s24/ulb=801253/all.geojson,geojson,EPSG:4326,coord-precision-round,0.0001,11,11,0,,14436,src-a1dd899f902d,,
boundaries.in.wards.state=in_s24.ulb=801254,ward,S24,,801254,boundaries/in/wards/state=in_s24/ulb=801254/all.geojson,geojson,EPSG:4326,coord-precision-round,0.0001,11,11,0,,12503,src-a1dd899f902d,,
boundaries.in.wards.state=in_s24.ulb=801257,ward,S24,,801257,boundaries/in/wards/state=in_s24/ulb=801257/all.geojson,geojson,EPSG:4326,coord-precision-round,0.0001,12,12,0,,38525,src-a1dd899f902d,,
boundaries.in.wards.state=in_s24.ulb=801258,ward,S24,,801258,boundaries/in/wards/state=in_s24/ulb=801258/all.geojson,geojson,EPSG:4326,coord-precision-round,0.0001,11,11,0,,16638,src-a1dd899f902d,,
boundaries.in.wards.state=in_s24.ulb=801259,ward,S24,,801259,boundaries/in/wards/state=in_s24/ulb=801259/all.geojson,geojson,EPSG:4326,coord-precision-round,0.0001,25,25,0,,81686,src-a1dd899f902d,,
boundaries.in.wards.state=in_s24.ulb=801260,ward,S24,,801260,boundaries/in/wards/state=in_s24/ulb=801260/all.geojson,geojson,EPSG:4326,coord-precision-round,0.0001,11,11,0,,19917,src-a1dd899f902d,,
boundaries.in.wards.state=in_s24.ulb=801261,ward,S24,,801261,boundaries/in/wards/state=in_s24/ulb=801261/all.geojson,geojson,EPSG:4326,coord-precision-round,0.0001,10,10,0,,11915,src-a1dd899f902d,,
boundaries.in.wards.state=in_s24.ulb=801262,ward,S24,,801262,boundaries/in/wards/state=in_s24/ulb=801262/all.geojson,geojson,EPSG:4326,coord-precision-round,0.0001,25,25,0,,27071,src-a1dd899f902d,,
boundaries.in.wards.state=in_s24.ulb=801263,ward,S24,,801263,boundaries/in/wards/state=in_s24/ulb=801263/all.geojson,geojson,EPSG:4326,coord-precision-round,0.0001,25,25,0,,61515,src-a1dd899f902d,,
boundaries.in.wards.state=in_s24.ulb=801265,ward,S24,,801265,boundaries/in/wards/state=in_s24/ulb=801265/all.geojson,geojson,EPSG:4326,coord-precision-round,0.0001,25,25,0,,67375,src-a1dd899f902d,,
boundaries.in.wards.state=in_s24.ulb=801266,ward,S24,,801266,boundaries/in/wards/state=in_s24/ulb=801266/all.geojson,geojson,EPSG:4326,coord-precision-round,0.0001,11,11,0,,13026,src-a1dd899f902d,,
boundaries.in.wards.state=in_s24.ulb=801268,ward,S24,,801268,boundaries/in/wards/state=in_s24/ulb=801268/all.geojson,geojson,EPSG:4326,coord-precision-round,0.0001,11,11,0,,14730,src-a1dd899f902d,,
boundaries.in.wards.state=in_s24.ulb=801269,ward,S24,,801269,boundaries/in/wards/state=in_s24/ulb=801269/all.geojson,geojson,EPSG:4326,coord-precision-round,0.0001,25,25,0,,22555,src-a1dd899f902d,,
boundaries.in.wards.state=in_s24.ulb=801270,ward,S24,,801270,boundaries/in/wards/state=in_s24/ulb=801270/all.geojson,geojson,EPSG:4326,coord-precision-round,0.0001,15,15,0,,16573,src-a1dd899f902d,,
boundaries.in.wards.state=in_s24.ulb=801271,ward,S24,,801271,boundaries/in/wards/state=in_s24/ulb=801271/all.geojson,geojson,EPSG:4326,coord-precision-round,0.0001,10,10,0,,10805,src-a1dd899f902d,,
boundaries.in.wards.state=in_s24.ulb=801272,ward,S24,,801272,boundaries/in/wards/state=in_s24/ulb=801272/all.geojson,geojson,EPSG:4326,coord-precision-round,0.0001,10,10,0,,10456,src-a1dd899f902d,,
boundaries.in.wards.state=in_s24.ulb=801273,ward,S24,,801273,boundaries/in/wards/state=in_s24/ulb=801273/all.geojson,geojson,EPSG:4326,coord-precision-round,0.0001,25,25,0,,21758,src-a1dd899f902d,,
boundaries.in.wards.state=in_s24.ulb=801274,ward,S24,,801274,boundaries/in/wards/state=in_s24/ulb=801274/all.geojson,geojson,EPSG:4326,coord-precision-round,0.0001,11,11,0,,14859,src-a1dd899f902d,,
boundaries.in.wards.state=in_s24.ulb=801275,ward,S24,,801275,boundaries/in/wards/state=in_s24/ulb=801275/all.geojson,geojson,EPSG:4326,coord-precision-round,0.0001,12,12,0,,13372,src-a1dd899f902d,,
boundaries.in.wards.state=in_s24.ulb=801276,ward,S24,,801276,boundaries/in/wards/state=in_s24/ulb=801276/all.geojson,geojson,EPSG:4326,coord-precision-round,0.0001,14,14,0,,14336,src-a1dd899f902d,,
boundaries.in.wards.state=in_s24.ulb=900145,ward,S24,,900145,boundaries/in/wards/state=in_s24/ulb=900145/all.geojson,geojson,EPSG:4326,coord-precision-round,0.0001,25,25,0,,47630,src-a1dd899f902d,,
boundaries.in.wards.state=in_s24.ulb=900193,ward,S24,,900193,boundaries/in/wards/state=in_s24/ulb=900193/all.geojson,geojson,EPSG:4326,coord-precision-round,0.0001,11,11,0,,17210,src-a1dd899f902d,,
boundaries.in.wards.state=in_s24.ulb=900195,ward,S24,,900195,boundaries/in/wards/state=in_s24/ulb=900195/all.geojson,geojson,EPSG:4326,coord-precision-round,0.0001,16,16,0,,43508,src-a1dd899f902d,,
boundaries.in.wards.state=in_s24.ulb=900196,ward,S24,,900196,boundaries/in/wards/state=in_s24/ulb=900196/all.geojson,geojson,EPSG:4326,coord-precision-round,0.0001,15,15,0,,16326,src-a1dd899f902d,,
boundaries.in.wards.state=in_s24.ulb=900364,ward,S24,,900364,boundaries/in/wards/state=in_s24/ulb=900364/all.geojson,geojson,EPSG:4326,coord-precision-round,0.0001,10,10,0,,15205,src-a1dd899f902d,,
boundaries.in.wards.state=in_s24.ulb=900441,ward,S24,,900441,boundaries/in/wards/state=in_s24/ulb=900441/all.geojson,geojson,EPSG:4326,coord-precision-round,0.0001,34,34,0,,39548,src-a1dd899f902d,,
boundaries.in.wards.state=in_s24.ulb=900442,ward,S24,,900442,boundaries/in/wards/state=in_s24/ulb=900442/all.geojson,geojson,EPSG:4326,coord-precision-round,0.0001,15,15,0,,26464,src-a1dd899f902d,,
boundaries.in.wards.state=in_s24.ulb=900443,ward,S24,,900443,boundaries/in/wards/state=in_s24/ulb=900443/all.geojson,geojson,EPSG:4326,coord-precision-round,0.0001,15,15,0,,17056,src-a1dd899f902d,,
boundaries.in.wards.state=in_s24.ulb=900445,ward,S24,,900445,boundaries/in/wards/state=in_s24/ulb=900445/all.geojson,geojson,EPSG:4326,coord-precision-round,0.0001,15,15,0,,17709,src-a1dd899f902d,,
boundaries.in.wards.state=in_s24.ulb=900446,ward,S24,,900446,boundaries/in/wards/state=in_s24/ulb=900446/all.geojson,geojson,EPSG:4326,coord-precision-round,0.0001,13,13,0,,25795,src-a1dd899f902d,,
boundaries.in.wards.state=in_s24.ulb=900447,ward,S24,,900447,boundaries/in/wards/state=in_s24/ulb=900447/all.geojson,geojson,EPSG:4326,coord-precision-round,0.0001,15,15,0,,24616,src-a1dd899f902d,,
boundaries.in.wards.state=in_s24.ulb=900448,ward,S24,,900448,boundaries/in/wards/state=in_s24/ulb=900448/all.geojson,geojson,EPSG:4326,coord-precision-round,0.0001,18,18,0,,42649,src-a1dd899f902d,,
boundaries.in.wards.state=in_s24.ulb=900449,ward,S24,,900449,boundaries/in/wards/state=in_s24/ulb=900449/all.geojson,geojson,EPSG:4326,coord-precision-round,0.0001,16,16,0,,25020,src-a1dd899f902d,,
boundaries.in.wards.state=in_s24.ulb=900450,ward,S24,,900450,boundaries/in/wards/state=in_s24/ulb=900450/all.geojson,geojson,EPSG:4326,coord-precision-round,0.0001,15,15,0,,38039,src-a1dd899f902d,,
boundaries.in.wards.state=in_s24.ulb=900451,ward,S24,,900451,boundaries/in/wards/state=in_s24/ulb=900451/all.geojson,geojson,EPSG:4326,coord-precision-round,0.0001,15,15,0,,18688,src-a1dd899f902d,,
boundaries.in.wards.state=in_s24.ulb=900452,ward,S24,,900452,boundaries/in/wards/state=in_s24/ulb=900452/all.geojson,geojson,EPSG:4326,coord-precision-round,0.0001,15,15,0,,36273,src-a1dd899f902d,,
boundaries.in.wards.state=in_s24.ulb=900453,ward,S24,,900453,boundaries/in/wards/state=in_s24/ulb=900453/all.geojson,geojson,EPSG:4326,coord-precision-round,0.0001,15,15,0,,19058,src-a1dd899f902d,,
boundaries.in.wards.state=in_s24.ulb=900455,ward,S24,,900455,boundaries/in/wards/state=in_s24/ulb=900455/all.geojson,geojson,EPSG:4326,coord-precision-round,0.0001,14,14,0,,19207,src-a1dd899f902d,,
boundaries.in.wards.state=in_s24.ulb=900456,ward,S24,,900456,boundaries/in/wards/state=in_s24/ulb=900456/all.geojson,geojson,EPSG:4326,coord-precision-round,0.0001,16,16,0,,65118,src-a1dd899f902d,,
boundaries.in.wards.state=in_s24.ulb=900457,ward,S24,,900457,boundaries/in/wards/state=in_s24/ulb=900457/all.geojson,geojson,EPSG:4326,coord-precision-round,0.0001,15,15,0,,25177,src-a1dd899f902d,,
boundaries.in.wards.state=in_s24.ulb=900458,ward,S24,,900458,boundaries/in/wards/state=in_s24/ulb=900458/all.geojson,geojson,EPSG:4326,coord-precision-round,0.0001,15,15,0,,36412,src-a1dd899f902d,,
boundaries.in.wards.state=in_s24.ulb=900459,ward,S24,,900459,boundaries/in/wards/state=in_s24/ulb=900459/all.geojson,geojson,EPSG:4326,coord-precision-round,0.0001,13,13,0,,18423,src-a1dd899f902d,,
boundaries.in.wards.state=in_s24.ulb=900491,ward,S24,,900491,boundaries/in/wards/state=in_s24/ulb=900491/all.geojson,geojson,EPSG:4326,coord-precision-round,0.0001,14,14,0,,28019,src-a1dd899f902d,,
boundaries.in.wards.state=in_s24.ulb=900617,ward,S24,,900617,boundaries/in/wards/state=in_s24/ulb=900617/all.geojson,geojson,EPSG:4326,coord-precision-round,0.0001,16,16,0,,15419,src-a1dd899f902d,,
boundaries.in.wards.state=in_s24.ulb=900623,ward,S24,,900623,boundaries/in/wards/state=in_s24/ulb=900623/all.geojson,geojson,EPSG:4326,coord-precision-round,0.0001,16,16,0,,29372,src-a1dd899f902d,,
boundaries.in.wards.state=in_s24.ulb=900624,ward,S24,,900624,boundaries/in/wards/state=in_s24/ulb=900624/all.geojson,geojson,EPSG:4326,coord-precision-round,0.0001,15,15,0,,48156,src-a1dd899f902d,,
boundaries.in.wards.state=in_s24.ulb=900626,ward,S24,,900626,boundaries/in/wards/state=in_s24/ulb=900626/all.geojson,geojson,EPSG:4326,coord-precision-round,0.0001,13,13,0,,11887,src-a1dd899f902d,,
boundaries.in.wards.state=in_s24.ulb=900627,ward,S24,,900627,boundaries/in/wards/state=in_s24/ulb=900627/all.geojson,geojson,EPSG:4326,coord-precision-round,0.0001,16,16,0,,57545,src-a1dd899f902d,,
boundaries.in.wards.state=in_s24.ulb=900628,ward,S24,,900628,boundaries/in/wards/state=in_s24/ulb=900628/all.geojson,geojson,EPSG:4326,coord-precision-round,0.0001,12,12,0,,11628,src-a1dd899f902d,,
boundaries.in.wards.state=in_s24.ulb=900633,ward,S24,,900633,boundaries/in/wards/state=in_s24/ulb=900633/all.geojson,geojson,EPSG:4326,coord-precision-round,0.0001,15,15,0,,24236,src-a1dd899f902d,,
boundaries.in.wards.state=in_s24.ulb=900634,ward,S24,,900634,boundaries/in/wards/state=in_s24/ulb=900634/all.geojson,geojson,EPSG:4326,coord-precision-round,0.0001,15,15,0,,39911,src-a1dd899f902d,,
boundaries.in.wards.state=in_s24.ulb=900637,ward,S24,,900637,boundaries/in/wards/state=in_s24/ulb=900637/all.geojson,geojson,EPSG:4326,coord-precision-round,0.0001,15,15,0,,33582,src-a1dd899f902d,,
boundaries.in.wards.state=in_s24.ulb=900638,ward,S24,,900638,boundaries/in/wards/state=in_s24/ulb=900638/all.geojson,geojson,EPSG:4326,coord-precision-round,0.0001,15,15,0,,37016,src-a1dd899f902d,,
boundaries.in.wards.state=in_s24.ulb=900640,ward,S24,,900640,boundaries/in/wards/state=in_s24/ulb=900640/all.geojson,geojson,EPSG:4326,coord-precision-round,0.0001,15,15,0,,24089,src-a1dd899f902d,,
boundaries.in.wards.state=in_s24.ulb=900641,ward,S24,,900641,boundaries/in/wards/state=in_s24/ulb=900641/all.geojson,geojson,EPSG:4326,coord-precision-round,0.0001,14,14,0,,24062,src-a1dd899f902d,,
boundaries.in.wards.state=in_s24.ulb=900642,ward,S24,,900642,boundaries/in/wards/state=in_s24/ulb=900642/all.geojson,geojson,EPSG:4326,coord-precision-round,0.0001,16,16,0,,16136,src-a1dd899f902d,,
boundaries.in.wards.state=in_s24.ulb=900644,ward,S24,,900644,boundaries/in/wards/state=in_s24/ulb=900644/all.geojson,geojson,EPSG:4326,coord-precision-round,0.0001,15,15,0,,26940,src-a1dd899f902d,,
boundaries.in.wards.state=in_s24.ulb=900645,ward,S24,,900645,boundaries/in/wards/state=in_s24/ulb=900645/all.geojson,geojson,EPSG:4326,coord-precision-round,0.0001,15,15,0,,24682,src-a1dd899f902d,,
boundaries.in.wards.state=in_s24.ulb=900646,ward,S24,,900646,boundaries/in/wards/state=in_s24/ulb=900646/all.geojson,geojson,EPSG:4326,coord-precision-round,0.0001,15,15,0,,90435,src-a1dd899f902d,,
boundaries.in.wards.state=in_s24.ulb=900647,ward,S24,,900647,boundaries/in/wards/state=in_s24/ulb=900647/all.geojson,geojson,EPSG:4326,coord-precision-round,0.0001,13,13,0,,11880,src-a1dd899f902d,,
boundaries.in.wards.state=in_s24.ulb=900648,ward,S24,,900648,boundaries/in/wards/state=in_s24/ulb=900648/all.geojson,geojson,EPSG:4326,coord-precision-round,0.0001,15,15,0,,24323,src-a1dd899f902d,,
boundaries.in.wards.state=in_s24.ulb=900652,ward,S24,,900652,boundaries/in/wards/state=in_s24/ulb=900652/all.geojson,geojson,EPSG:4326,coord-precision-round,0.0001,15,15,0,,27183,src-a1dd899f902d,,
boundaries.in.wards.state=in_s24.ulb=900654,ward,S24,,900654,boundaries/in/wards/state=in_s24/ulb=900654/all.geojson,geojson,EPSG:4326,coord-precision-round,0.0001,12,12,0,,15519,src-a1dd899f902d,,
boundaries.in.wards.state=in_s24.ulb=900662,ward,S24,,900662,boundaries/in/wards/state=in_s24/ulb=900662/all.geojson,geojson,EPSG:4326,coord-precision-round,0.0001,21,21,0,,27068,src-a1dd899f902d,,
boundaries.in.wards.state=in_s24.ulb=900663,ward,S24,,900663,boundaries/in/wards/state=in_s24/ulb=900663/all.geojson,geojson,EPSG:4326,coord-precision-round,0.0001,10,10,0,,17012,src-a1dd899f902d,,
boundaries.in.wards.state=in_s24.ulb=900670,ward,S24,,900670,boundaries/in/wards/state=in_s24/ulb=900670/all.geojson,geojson,EPSG:4326,coord-precision-round,0.0001,15,15,0,,21562,src-a1dd899f902d,,
boundaries.in.wards.state=in_s24.ulb=900739,ward,S24,,900739,boundaries/in/wards/state=in_s24/ulb=900739/all.geojson,geojson,EPSG:4326,coord-precision-round,0.0001,14,14,0,,20511,src-a1dd899f902d,,
boundaries.in.wards.state=in_s24.ulb=900740,ward,S24,,900740,boundaries/in/wards/state=in_s24/ulb=900740/all.geojson,geojson,EPSG:4326,coord-precision-round,0.0001,13,13,0,,28516,src-a1dd899f902d,,
boundaries.in.wards.state=in_s24.ulb=900741,ward,S24,,900741,boundaries/in/wards/state=in_s24/ulb=900741/all.geojson,geojson,EPSG:4326,coord-precision-round,0.0001,15,15,0,,65841,src-a1dd899f902d,,
boundaries.in.wards.state=in_s24.ulb=900742,ward,S24,,900742,boundaries/in/wards/state=in_s24/ulb=900742/all.geojson,geojson,EPSG:4326,coord-precision-round,0.0001,14,14,0,,21258,src-a1dd899f902d,,
boundaries.in.wards.state=in_s24.ulb=900743,ward,S24,,900743,boundaries/in/wards/state=in_s24/ulb=900743/all.geojson,geojson,EPSG:4326,coord-precision-round,0.0001,16,16,0,,25502,src-a1dd899f902d,,
boundaries.in.wards.state=in_s24.ulb=900747,ward,S24,,900747,boundaries/in/wards/state=in_s24/ulb=900747/all.geojson,geojson,EPSG:4326,coord-precision-round,0.0001,15,15,0,,33326,src-a1dd899f902d,,
boundaries.in.wards.state=in_s24.ulb=900755,ward,S24,,900755,boundaries/in/wards/state=in_s24/ulb=900755/all.geojson,geojson,EPSG:4326,coord-precision-round,0.0001,10,10,0,,19224,src-a1dd899f902d,,
boundaries.in.wards.state=in_s24.ulb=900756,ward,S24,,900756,boundaries/in/wards/state=in_s24/ulb=900756/all.geojson,geojson,EPSG:4326,coord-precision-round,0.0001,15,15,0,,34435,src-a1dd899f902d,,
boundaries.in.wards.state=in_s24.ulb=900757,ward,S24,,900757,boundaries/in/wards/state=in_s24/ulb=900757/all.geojson,geojson,EPSG:4326,coord-precision-round,0.0001,15,15,0,,22466,src-a1dd899f902d,,
boundaries.in.wards.state=in_s24.ulb=900758,ward,S24,,900758,boundaries/in/wards/state=in_s24/ulb=900758/all.geojson,geojson,EPSG:4326,coord-precision-round,0.0001,15,15,0,,13745,src-a1dd899f902d,,
boundaries.in.wards.state=in_s24.ulb=900759,ward,S24,,900759,boundaries/in/wards/state=in_s24/ulb=900759/all.geojson,geojson,EPSG:4326,coord-precision-round,0.0001,13,13,0,,12380,src-a1dd899f902d,,
boundaries.in.wards.state=in_s24.ulb=900763,ward,S24,,900763,boundaries/in/wards/state=in_s24/ulb=900763/all.geojson,geojson,EPSG:4326,coord-precision-round,0.0001,15,15,0,,32362,src-a1dd899f902d,,
boundaries.in.wards.state=in_s24.ulb=900764,ward,S24,,900764,boundaries/in/wards/state=in_s24/ulb=900764/all.geojson,geojson,EPSG:4326,coord-precision-round,0.0001,14,14,0,,52925,src-a1dd899f902d,,
boundaries.in.wards.state=in_s24.ulb=901017,ward,S24,,901017,boundaries/in/wards/state=in_s24/ulb=901017/all.geojson,geojson,EPSG:4326,coord-precision-round,0.0001,15,15,0,,32909,src-a1dd899f902d,,
boundaries.in.wards.state=in_s24.ulb=901019,ward,S24,,901019,boundaries/in/wards/state=in_s24/ulb=901019/all.geojson,geojson,EPSG:4326,coord-precision-round,0.0001,15,15,0,,17344,src-a1dd899f902d,,
boundaries.in.wards.state=in_s24.ulb=901020,ward,S24,,901020,boundaries/in/wards/state=in_s24/ulb=901020/all.geojson,geojson,EPSG:4326,coord-precision-round,0.0001,15,15,0,,19129,src-a1dd899f902d,,
boundaries.in.wards.state=in_s24.ulb=901021,ward,S24,,901021,boundaries/in/wards/state=in_s24/ulb=901021/all.geojson,geojson,EPSG:4326,coord-precision-round,0.0001,15,15,0,,14850,src-a1dd899f902d,,
boundaries.in.wards.state=in_s24.ulb=901022,ward,S24,,901022,boundaries/in/wards/state=in_s24/ulb=901022/all.geojson,geojson,EPSG:4326,coord-precision-round,0.0001,15,15,0,,31263,src-a1dd899f902d,,
boundaries.in.wards.state=in_s24.ulb=901023,ward,S24,,901023,boundaries/in/wards/state=in_s24/ulb=901023/all.geojson,geojson,EPSG:4326,coord-precision-round,0.0001,14,14,0,,24215,src-a1dd899f902d,,
boundaries.in.wards.state=in_s24.ulb=901024,ward,S24,,901024,boundaries/in/wards/state=in_s24/ulb=901024/all.geojson,geojson,EPSG:4326,coord-precision-round,0.0001,15,15,0,,43158,src-a1dd899f902d,,
boundaries.in.wards.state=in_s24.ulb=901025,ward,S24,,901025,boundaries/in/wards/state=in_s24/ulb=901025/all.geojson,geojson,EPSG:4326,coord-precision-round,0.0001,14,14,0,,12557,src-a1dd899f902d,,
boundaries.in.wards.state=in_s24.ulb=901026,ward,S24,,901026,boundaries/in/wards/state=in_s24/ulb=901026/all.geojson,geojson,EPSG:4326,coord-precision-round,0.0001,14,14,0,,11763,src-a1dd899f902d,,
boundaries.in.wards.state=in_s24.ulb=901027,ward,S24,,901027,boundaries/in/wards/state=in_s24/ulb=901027/all.geojson,geojson,EPSG:4326,coord-precision-round,0.0001,15,15,0,,14311,src-a1dd899f902d,,
boundaries.in.wards.state=in_s24.ulb=901028,ward,S24,,901028,boundaries/in/wards/state=in_s24/ulb=901028/all.geojson,geojson,EPSG:4326,coord-precision-round,0.0001,15,15,0,,43669,src-a1dd899f902d,,
boundaries.in.wards.state=in_s24.ulb=901029,ward,S24,,901029,boundaries/in/wards/state=in_s24/ulb=901029/all.geojson,geojson,EPSG:4326,coord-precision-round,0.0001,16,16,0,,16777,src-a1dd899f902d,,
boundaries.in.wards.state=in_s24.ulb=901032,ward,S24,,901032,boundaries/in/wards/state=in_s24/ulb=901032/all.geojson,geojson,EPSG:4326,coord-precision-round,0.0001,16,16,0,,67888,src-a1dd899f902d,,
boundaries.in.wards.state=in_s24.ulb=901033,ward,S24,,901033,boundaries/in/wards/state=in_s24/ulb=901033/all.geojson,geojson,EPSG:4326,coord-precision-round,0.0001,16,16,0,,14405,src-a1dd899f902d,,
boundaries.in.wards.state=in_s24.ulb=901034,ward,S24,,901034,boundaries/in/wards/state=in_s24/ulb=901034/all.geojson,geojson,EPSG:4326,coord-precision-round,0.0001,15,15,0,,18926,src-a1dd899f902d,,
boundaries.in.wards.state=in_s24.ulb=901035,ward,S24,,901035,boundaries/in/wards/state=in_s24/ulb=901035/all.geojson,geojson,EPSG:4326,coord-precision-round,0.0001,15,15,0,,11663,src-a1dd899f902d,,
boundaries.in.wards.state=in_s24.ulb=901036,ward,S24,,901036,boundaries/in/wards/state=in_s24/ulb=901036/all.geojson,geojson,EPSG:4326,coord-precision-round,0.0001,15,15,0,,20213,src-a1dd899f902d,,
boundaries.in.wards.state=in_s24.ulb=901037,ward,S24,,901037,boundaries/in/wards/state=in_s24/ulb=901037/all.geojson,geojson,EPSG:4326,coord-precision-round,0.0001,15,15,0,,52881,src-a1dd899f902d,,
boundaries.in.wards.state=in_s24.ulb=901040,ward,S24,,901040,boundaries/in/wards/state=in_s24/ulb=901040/all.geojson,geojson,EPSG:4326,coord-precision-round,0.0001,15,15,0,,14040,src-a1dd899f902d,,
boundaries.in.wards.state=in_s24.ulb=901041,ward,S24,,901041,boundaries/in/wards/state=in_s24/ulb=901041/all.geojson,geojson,EPSG:4326,coord-precision-round,0.0001,15,15,0,,16188,src-a1dd899f902d,,
boundaries.in.wards.state=in_s24.ulb=901042,ward,S24,,901042,boundaries/in/wards/state=in_s24/ulb=901042/all.geojson,geojson,EPSG:4326,coord-precision-round,0.0001,15,15,0,,34124,src-a1dd899f902d,,
boundaries.in.wards.state=in_s24.ulb=901043,ward,S24,,901043,boundaries/in/wards/state=in_s24/ulb=901043/all.geojson,geojson,EPSG:4326,coord-precision-round,0.0001,15,15,0,,18927,src-a1dd899f902d,,
boundaries.in.wards.state=in_s24.ulb=901044,ward,S24,,901044,boundaries/in/wards/state=in_s24/ulb=901044/all.geojson,geojson,EPSG:4326,coord-precision-round,0.0001,15,15,0,,40305,src-a1dd899f902d,,
boundaries.in.wards.state=in_s24.ulb=901047,ward,S24,,901047,boundaries/in/wards/state=in_s24/ulb=901047/all.geojson,geojson,EPSG:4326,coord-precision-round,0.0001,15,15,0,,19895,src-a1dd899f902d,,
boundaries.in.wards.state=in_s25.ulb=801682,ward,S25,,801682,boundaries/in/wards/state=in_s25/ulb=801682/all.geojson,geojson,EPSG:4326,coord-precision-round,0.0001,25,25,0,,104765,src-a1dd899f902d,,
boundaries.in.wards.state=in_s25.ulb=801694,ward,S25,,801694,boundaries/in/wards/state=in_s25/ulb=801694/all.geojson,geojson,EPSG:4326,coord-precision-round,0.0001,31,31,0,,70228,src-a1dd899f902d,,
boundaries.in.wards.state=in_s25.ulb=801697,ward,S25,,801697,boundaries/in/wards/state=in_s25/ulb=801697/all.geojson,geojson,EPSG:4326,coord-precision-round,0.0001,24,24,0,,143796,src-a1dd899f902d,,
boundaries.in.wards.state=in_s25.ulb=801708,ward,S25,,801708,boundaries/in/wards/state=in_s25/ulb=801708/all.geojson,geojson,EPSG:4326,coord-precision-round,0.0001,28,28,0,,157995,src-a1dd899f902d,,
boundaries.in.wards.state=in_s25.ulb=801718,ward,S25,,801718,boundaries/in/wards/state=in_s25/ulb=801718/all.geojson,geojson,EPSG:4326,coord-precision-round,0.0001,23,23,0,,134039,src-a1dd899f902d,,
boundaries.in.wards.state=in_s25.ulb=801727,ward,S25,,801727,boundaries/in/wards/state=in_s25/ulb=801727/all.geojson,geojson,EPSG:4326,coord-precision-round,0.0001,23,23,0,,107507,src-a1dd899f902d,,
boundaries.in.wards.state=in_s25.ulb=801728,ward,S25,,801728,boundaries/in/wards/state=in_s25/ulb=801728/all.geojson,geojson,EPSG:4326,coord-precision-round,0.0001,29,29,0,,113195,src-a1dd899f902d,,
boundaries.in.wards.state=in_s26.ulb=801910,ward,S26,,801910,boundaries/in/wards/state=in_s26/ulb=801910/all.geojson,geojson,EPSG:4326,coord-precision-round,0.0001,15,15,0,,22090,src-a1dd899f902d,,
boundaries.in.wards.state=in_s26.ulb=801911,ward,S26,,801911,boundaries/in/wards/state=in_s26/ulb=801911/all.geojson,geojson,EPSG:4326,coord-precision-round,0.0001,20,20,0,,39416,src-a1dd899f902d,,
boundaries.in.wards.state=in_s26.ulb=801912,ward,S26,,801912,boundaries/in/wards/state=in_s26/ulb=801912/all.geojson,geojson,EPSG:4326,coord-precision-round,0.0001,22,22,0,,71685,src-a1dd899f902d,,
boundaries.in.wards.state=in_s26.ulb=801913,ward,S26,,801913,boundaries/in/wards/state=in_s26/ulb=801913/all.geojson,geojson,EPSG:4326,coord-precision-round,0.0001,15,15,0,,16115,src-a1dd899f902d,,
boundaries.in.wards.state=in_s26.ulb=801914,ward,S26,,801914,boundaries/in/wards/state=in_s26/ulb=801914/all.geojson,geojson,EPSG:4326,coord-precision-round,0.0001,15,15,0,,34590,src-a1dd899f902d,,
boundaries.in.wards.state=in_s26.ulb=801915,ward,S26,,801915,boundaries/in/wards/state=in_s26/ulb=801915/all.geojson,geojson,EPSG:4326,coord-precision-round,0.0001,15,15,0,,15397,src-a1dd899f902d,,
boundaries.in.wards.state=in_s26.ulb=801916,ward,S26,,801916,boundaries/in/wards/state=in_s26/ulb=801916/all.geojson,geojson,EPSG:4326,coord-precision-round,0.0001,40,40,0,,140102,src-a1dd899f902d,,
boundaries.in.wards.state=in_s26.ulb=801917,ward,S26,,801917,boundaries/in/wards/state=in_s26/ulb=801917/all.geojson,geojson,EPSG:4326,coord-precision-round,0.0001,15,15,0,,57470,src-a1dd899f902d,,
boundaries.in.wards.state=in_s26.ulb=801918,ward,S26,,801918,boundaries/in/wards/state=in_s26/ulb=801918/all.geojson,geojson,EPSG:4326,coord-precision-round,0.0001,15,15,0,,53953,src-a1dd899f902d,,
boundaries.in.wards.state=in_s26.ulb=801919,ward,S26,,801919,boundaries/in/wards/state=in_s26/ulb=801919/all.geojson,geojson,EPSG:4326,coord-precision-round,0.0001,15,15,0,,28888,src-a1dd899f902d,,
boundaries.in.wards.state=in_s26.ulb=801920,ward,S26,,801920,boundaries/in/wards/state=in_s26/ulb=801920/all.geojson,geojson,EPSG:4326,coord-precision-round,0.0001,15,15,0,,51067,src-a1dd899f902d,,
boundaries.in.wards.state=in_s26.ulb=801921,ward,S26,,801921,boundaries/in/wards/state=in_s26/ulb=801921/all.geojson,geojson,EPSG:4326,coord-precision-round,0.0001,15,15,0,,16480,src-a1dd899f902d,,
boundaries.in.wards.state=in_s26.ulb=801922,ward,S26,,801922,boundaries/in/wards/state=in_s26/ulb=801922/all.geojson,geojson,EPSG:4326,coord-precision-round,0.0001,15,15,0,,21813,src-a1dd899f902d,,
boundaries.in.wards.state=in_s26.ulb=801923,ward,S26,,801923,boundaries/in/wards/state=in_s26/ulb=801923/all.geojson,geojson,EPSG:4326,coord-precision-round,0.0001,18,18,0,,32031,src-a1dd899f902d,,
boundaries.in.wards.state=in_s26.ulb=801924,ward,S26,,801924,boundaries/in/wards/state=in_s26/ulb=801924/all.geojson,geojson,EPSG:4326,coord-precision-round,0.0001,15,15,0,,23161,src-a1dd899f902d,,
boundaries.in.wards.state=in_s26.ulb=801925,ward,S26,,801925,boundaries/in/wards/state=in_s26/ulb=801925/all.geojson,geojson,EPSG:4326,coord-precision-round,0.0001,15,15,0,,18704,src-a1dd899f902d,,
boundaries.in.wards.state=in_s26.ulb=801926,ward,S26,,801926,boundaries/in/wards/state=in_s26/ulb=801926/all.geojson,geojson,EPSG:4326,coord-precision-round,0.0001,15,15,0,,43096,src-a1dd899f902d,,
boundaries.in.wards.state=in_s26.ulb=801927,ward,S26,,801927,boundaries/in/wards/state=in_s26/ulb=801927/all.geojson,geojson,EPSG:4326,coord-precision-round,0.0001,48,48,0,,86052,src-a1dd899f902d,,
boundaries.in.wards.state=in_s26.ulb=801928,ward,S26,,801928,boundaries/in/wards/state=in_s26/ulb=801928/all.geojson,geojson,EPSG:4326,coord-precision-round,0.0001,15,15,0,,27277,src-a1dd899f902d,,
boundaries.in.wards.state=in_s26.ulb=801929,ward,S26,,801929,boundaries/in/wards/state=in_s26/ulb=801929/all.geojson,geojson,EPSG:4326,coord-precision-round,0.0001,15,15,0,,52907,src-a1dd899f902d,,
boundaries.in.wards.state=in_s26.ulb=801930,ward,S26,,801930,boundaries/in/wards/state=in_s26/ulb=801930/all.geojson,geojson,EPSG:4326,coord-precision-round,0.0001,15,15,0,,20906,src-a1dd899f902d,,
boundaries.in.wards.state=in_s26.ulb=801931,ward,S26,,801931,boundaries/in/wards/state=in_s26/ulb=801931/all.geojson,geojson,EPSG:4326,coord-precision-round,0.0001,15,15,0,,21691,src-a1dd899f902d,,
boundaries.in.wards.state=in_s26.ulb=801932,ward,S26,,801932,boundaries/in/wards/state=in_s26/ulb=801932/all.geojson,geojson,EPSG:4326,coord-precision-round,0.0001,20,20,0,,26392,src-a1dd899f902d,,
boundaries.in.wards.state=in_s26.ulb=801933,ward,S26,,801933,boundaries/in/wards/state=in_s26/ulb=801933/all.geojson,geojson,EPSG:4326,coord-precision-round,0.0001,15,15,0,,56239,src-a1dd899f902d,,
boundaries.in.wards.state=in_s26.ulb=801934,ward,S26,,801934,boundaries/in/wards/state=in_s26/ulb=801934/all.geojson,geojson,EPSG:4326,coord-precision-round,0.0001,15,15,0,,28056,src-a1dd899f902d,,
boundaries.in.wards.state=in_s26.ulb=801935,ward,S26,,801935,boundaries/in/wards/state=in_s26/ulb=801935/all.geojson,geojson,EPSG:4326,coord-precision-round,0.0001,15,15,0,,14566,src-a1dd899f902d,,
boundaries.in.wards.state=in_s26.ulb=801936,ward,S26,,801936,boundaries/in/wards/state=in_s26/ulb=801936/all.geojson,geojson,EPSG:4326,coord-precision-round,0.0001,15,15,0,,13791,src-a1dd899f902d,,
boundaries.in.wards.state=in_s26.ulb=801937,ward,S26,,801937,boundaries/in/wards/state=in_s26/ulb=801937/all.geojson,geojson,EPSG:4326,coord-precision-round,0.0001,15,15,0,,14795,src-a1dd899f902d,,
boundaries.in.wards.state=in_s26.ulb=801938,ward,S26,,801938,boundaries/in/wards/state=in_s26/ulb=801938/all.geojson,geojson,EPSG:4326,coord-precision-round,0.0001,15,15,0,,18629,src-a1dd899f902d,,
boundaries.in.wards.state=in_s26.ulb=801939,ward,S26,,801939,boundaries/in/wards/state=in_s26/ulb=801939/all.geojson,geojson,EPSG:4326,coord-precision-round,0.0001,48,48,0,,183249,src-a1dd899f902d,,
boundaries.in.wards.state=in_s26.ulb=801940,ward,S26,,801940,boundaries/in/wards/state=in_s26/ulb=801940/all.geojson,geojson,EPSG:4326,coord-precision-round,0.0001,15,15,0,,38705,src-a1dd899f902d,,
boundaries.in.wards.state=in_s26.ulb=801941,ward,S26,,801941,boundaries/in/wards/state=in_s26/ulb=801941/all.geojson,geojson,EPSG:4326,coord-precision-round,0.0001,18,18,0,,17784,src-a1dd899f902d,,
boundaries.in.wards.state=in_s26.ulb=801942,ward,S26,,801942,boundaries/in/wards/state=in_s26/ulb=801942/all.geojson,geojson,EPSG:4326,coord-precision-round,0.0001,15,15,0,,19814,src-a1dd899f902d,,
boundaries.in.wards.state=in_s26.ulb=801943,ward,S26,,801943,boundaries/in/wards/state=in_s26/ulb=801943/all.geojson,geojson,EPSG:4326,coord-precision-round,0.0001,15,15,0,,12314,src-a1dd899f902d,,
boundaries.in.wards.state=in_s26.ulb=801944,ward,S26,,801944,boundaries/in/wards/state=in_s26/ulb=801944/all.geojson,geojson,EPSG:4326,coord-precision-round,0.0001,15,15,0,,12820,src-a1dd899f902d,,
boundaries.in.wards.state=in_s26.ulb=801945,ward,S26,,801945,boundaries/in/wards/state=in_s26/ulb=801945/all.geojson,geojson,EPSG:4326,coord-precision-round,0.0001,15,15,0,,22895,src-a1dd899f902d,,
boundaries.in.wards.state=in_s26.ulb=801946,ward,S26,,801946,boundaries/in/wards/state=in_s26/ulb=801946/all.geojson,geojson,EPSG:4326,coord-precision-round,0.0001,15,15,0,,26310,src-a1dd899f902d,,
boundaries.in.wards.state=in_s26.ulb=801947,ward,S26,,801947,boundaries/in/wards/state=in_s26/ulb=801947/all.geojson,geojson,EPSG:4326,coord-precision-round,0.0001,21,21,0,,19275,src-a1dd899f902d,,
boundaries.in.wards.state=in_s26.ulb=801948,ward,S26,,801948,boundaries/in/wards/state=in_s26/ulb=801948/all.geojson,geojson,EPSG:4326,coord-precision-round,0.0001,14,14,0,,13043,src-a1dd899f902d,,
boundaries.in.wards.state=in_s26.ulb=801949,ward,S26,,801949,boundaries/in/wards/state=in_s26/ulb=801949/all.geojson,geojson,EPSG:4326,coord-precision-round,0.0001,67,67,0,,110353,src-a1dd899f902d,,
boundaries.in.wards.state=in_s26.ulb=801950,ward,S26,,801950,boundaries/in/wards/state=in_s26/ulb=801950/all.geojson,geojson,EPSG:4326,coord-precision-round,0.0001,25,25,0,,21436,src-a1dd899f902d,,
boundaries.in.wards.state=in_s26.ulb=801951,ward,S26,,801951,boundaries/in/wards/state=in_s26/ulb=801951/all.geojson,geojson,EPSG:4326,coord-precision-round,0.0001,20,20,0,,20481,src-a1dd899f902d,,
boundaries.in.wards.state=in_s26.ulb=801952,ward,S26,,801952,boundaries/in/wards/state=in_s26/ulb=801952/all.geojson,geojson,EPSG:4326,coord-precision-round,0.0001,15,15,0,,23660,src-a1dd899f902d,,
boundaries.in.wards.state=in_s26.ulb=801953,ward,S26,,801953,boundaries/in/wards/state=in_s26/ulb=801953/all.geojson,geojson,EPSG:4326,coord-precision-round,0.0001,15,15,0,,12470,src-a1dd899f902d,,
boundaries.in.wards.state=in_s26.ulb=801954,ward,S26,,801954,boundaries/in/wards/state=in_s26/ulb=801954/all.geojson,geojson,EPSG:4326,coord-precision-round,0.0001,15,15,0,,14314,src-a1dd899f902d,,
boundaries.in.wards.state=in_s26.ulb=801955,ward,S26,,801955,boundaries/in/wards/state=in_s26/ulb=801955/all.geojson,geojson,EPSG:4326,coord-precision-round,0.0001,27,27,0,,35139,src-a1dd899f902d,,
boundaries.in.wards.state=in_s26.ulb=801956,ward,S26,,801956,boundaries/in/wards/state=in_s26/ulb=801956/all.geojson,geojson,EPSG:4326,coord-precision-round,0.0001,15,15,0,,13244,src-a1dd899f902d,,
boundaries.in.wards.state=in_s26.ulb=801957,ward,S26,,801957,boundaries/in/wards/state=in_s26/ulb=801957/all.geojson,geojson,EPSG:4326,coord-precision-round,0.0001,18,18,0,,14448,src-a1dd899f902d,,
boundaries.in.wards.state=in_s26.ulb=801958,ward,S26,,801958,boundaries/in/wards/state=in_s26/ulb=801958/all.geojson,geojson,EPSG:4326,coord-precision-round,0.0001,15,15,0,,14626,src-a1dd899f902d,,
boundaries.in.wards.state=in_s26.ulb=801959,ward,S26,,801959,boundaries/in/wards/state=in_s26/ulb=801959/all.geojson,geojson,EPSG:4326,coord-precision-round,0.0001,15,15,0,,13136,src-a1dd899f902d,,
boundaries.in.wards.state=in_s26.ulb=801960,ward,S26,,801960,boundaries/in/wards/state=in_s26/ulb=801960/all.geojson,geojson,EPSG:4326,coord-precision-round,0.0001,15,15,0,,13816,src-a1dd899f902d,,
boundaries.in.wards.state=in_s26.ulb=801961,ward,S26,,801961,boundaries/in/wards/state=in_s26/ulb=801961/all.geojson,geojson,EPSG:4326,coord-precision-round,0.0001,15,15,0,,15717,src-a1dd899f902d,,
boundaries.in.wards.state=in_s26.ulb=801962,ward,S26,,801962,boundaries/in/wards/state=in_s26/ulb=801962/all.geojson,geojson,EPSG:4326,coord-precision-round,0.0001,15,15,0,,15318,src-a1dd899f902d,,
boundaries.in.wards.state=in_s26.ulb=801963,ward,S26,,801963,boundaries/in/wards/state=in_s26/ulb=801963/all.geojson,geojson,EPSG:4326,coord-precision-round,0.0001,15,15,0,,15367,src-a1dd899f902d,,
boundaries.in.wards.state=in_s26.ulb=801964,ward,S26,,801964,boundaries/in/wards/state=in_s26/ulb=801964/all.geojson,geojson,EPSG:4326,coord-precision-round,0.0001,15,15,0,,15595,src-a1dd899f902d,,
boundaries.in.wards.state=in_s26.ulb=801965,ward,S26,,801965,boundaries/in/wards/state=in_s26/ulb=801965/all.geojson,geojson,EPSG:4326,coord-precision-round,0.0001,15,15,0,,38310,src-a1dd899f902d,,
boundaries.in.wards.state=in_s26.ulb=801966,ward,S26,,801966,boundaries/in/wards/state=in_s26/ulb=801966/all.geojson,geojson,EPSG:4326,coord-precision-round,0.0001,15,15,0,,37173,src-a1dd899f902d,,
boundaries.in.wards.state=in_s26.ulb=801967,ward,S26,,801967,boundaries/in/wards/state=in_s26/ulb=801967/all.geojson,geojson,EPSG:4326,coord-precision-round,0.0001,15,15,0,,16944,src-a1dd899f902d,,
boundaries.in.wards.state=in_s26.ulb=801968,ward,S26,,801968,boundaries/in/wards/state=in_s26/ulb=801968/all.geojson,geojson,EPSG:4326,coord-precision-round,0.0001,15,15,0,,13081,src-a1dd899f902d,,
boundaries.in.wards.state=in_s26.ulb=801969,ward,S26,,801969,boundaries/in/wards/state=in_s26/ulb=801969/all.geojson,geojson,EPSG:4326,coord-precision-round,0.0001,15,15,0,,30983,src-a1dd899f902d,,
boundaries.in.wards.state=in_s26.ulb=801970,ward,S26,,801970,boundaries/in/wards/state=in_s26/ulb=801970/all.geojson,geojson,EPSG:4326,coord-precision-round,0.0001,22,22,0,,77354,src-a1dd899f902d,,
boundaries.in.wards.state=in_s26.ulb=801971,ward,S26,,801971,boundaries/in/wards/state=in_s26/ulb=801971/all.geojson,geojson,EPSG:4326,coord-precision-round,0.0001,15,15,0,,31058,src-a1dd899f902d,,
boundaries.in.wards.state=in_s26.ulb=801972,ward,S26,,801972,boundaries/in/wards/state=in_s26/ulb=801972/all.geojson,geojson,EPSG:4326,coord-precision-round,0.0001,15,15,0,,17757,src-a1dd899f902d,,
boundaries.in.wards.state=in_s26.ulb=801973,ward,S26,,801973,boundaries/in/wards/state=in_s26/ulb=801973/all.geojson,geojson,EPSG:4326,coord-precision-round,0.0001,15,15,0,,31646,src-a1dd899f902d,,
boundaries.in.wards.state=in_s26.ulb=801975,ward,S26,,801975,boundaries/in/wards/state=in_s26/ulb=801975/all.geojson,geojson,EPSG:4326,coord-precision-round,0.0001,70,70,0,,120130,src-a1dd899f902d,,
boundaries.in.wards.state=in_s26.ulb=801978,ward,S26,,801978,boundaries/in/wards/state=in_s26/ulb=801978/all.geojson,geojson,EPSG:4326,coord-precision-round,0.0001,15,15,0,,17087,src-a1dd899f902d,,
boundaries.in.wards.state=in_s26.ulb=801979,ward,S26,,801979,boundaries/in/wards/state=in_s26/ulb=801979/all.geojson,geojson,EPSG:4326,coord-precision-round,0.0001,15,15,0,,12129,src-a1dd899f902d,,
boundaries.in.wards.state=in_s26.ulb=801980,ward,S26,,801980,boundaries/in/wards/state=in_s26/ulb=801980/all.geojson,geojson,EPSG:4326,coord-precision-round,0.0001,15,15,0,,18447,src-a1dd899f902d,,
boundaries.in.wards.state=in_s26.ulb=801981,ward,S26,,801981,boundaries/in/wards/state=in_s26/ulb=801981/all.geojson,geojson,EPSG:4326,coord-precision-round,0.0001,27,27,0,,32965,src-a1dd899f902d,,
boundaries.in.wards.state=in_s26.ulb=801982,ward,S26,,801982,boundaries/in/wards/state=in_s26/ulb=801982/all.geojson,geojson,EPSG:4326,coord-precision-round,0.0001,15,15,0,,25623,src-a1dd899f902d,,
boundaries.in.wards.state=in_s26.ulb=801983,ward,S26,,801983,boundaries/in/wards/state=in_s26/ulb=801983/all.geojson,geojson,EPSG:4326,coord-precision-round,0.0001,15,15,0,,17273,src-a1dd899f902d,,
boundaries.in.wards.state=in_s26.ulb=801984,ward,S26,,801984,boundaries/in/wards/state=in_s26/ulb=801984/all.geojson,geojson,EPSG:4326,coord-precision-round,0.0001,15,15,0,,19649,src-a1dd899f902d,,
boundaries.in.wards.state=in_s26.ulb=801985,ward,S26,,801985,boundaries/in/wards/state=in_s26/ulb=801985/all.geojson,geojson,EPSG:4326,coord-precision-round,0.0001,15,15,0,,12831,src-a1dd899f902d,,
boundaries.in.wards.state=in_s26.ulb=801986,ward,S26,,801986,boundaries/in/wards/state=in_s26/ulb=801986/all.geojson,geojson,EPSG:4326,coord-precision-round,0.0001,15,15,0,,39550,src-a1dd899f902d,,
boundaries.in.wards.state=in_s26.ulb=801987,ward,S26,,801987,boundaries/in/wards/state=in_s26/ulb=801987/all.geojson,geojson,EPSG:4326,coord-precision-round,0.0001,15,15,0,,21569,src-a1dd899f902d,,
boundaries.in.wards.state=in_s26.ulb=801988,ward,S26,,801988,boundaries/in/wards/state=in_s26/ulb=801988/all.geojson,geojson,EPSG:4326,coord-precision-round,0.0001,15,15,0,,15072,src-a1dd899f902d,,
boundaries.in.wards.state=in_s26.ulb=801989,ward,S26,,801989,boundaries/in/wards/state=in_s26/ulb=801989/all.geojson,geojson,EPSG:4326,coord-precision-round,0.0001,20,20,0,,26489,src-a1dd899f902d,,
boundaries.in.wards.state=in_s26.ulb=801990,ward,S26,,801990,boundaries/in/wards/state=in_s26/ulb=801990/all.geojson,geojson,EPSG:4326,coord-precision-round,0.0001,24,24,0,,24035,src-a1dd899f902d,,
boundaries.in.wards.state=in_s26.ulb=801991,ward,S26,,801991,boundaries/in/wards/state=in_s26/ulb=801991/all.geojson,geojson,EPSG:4326,coord-precision-round,0.0001,51,51,0,,153698,src-a1dd899f902d,,
boundaries.in.wards.state=in_s26.ulb=801992,ward,S26,,801992,boundaries/in/wards/state=in_s26/ulb=801992/all.geojson,geojson,EPSG:4326,coord-precision-round,0.0001,15,15,0,,14811,src-a1dd899f902d,,
boundaries.in.wards.state=in_s26.ulb=801993,ward,S26,,801993,boundaries/in/wards/state=in_s26/ulb=801993/all.geojson,geojson,EPSG:4326,coord-precision-round,0.0001,15,15,0,,13578,src-a1dd899f902d,,
boundaries.in.wards.state=in_s26.ulb=801994,ward,S26,,801994,boundaries/in/wards/state=in_s26/ulb=801994/all.geojson,geojson,EPSG:4326,coord-precision-round,0.0001,15,15,0,,37879,src-a1dd899f902d,,
boundaries.in.wards.state=in_s26.ulb=801995,ward,S26,,801995,boundaries/in/wards/state=in_s26/ulb=801995/all.geojson,geojson,EPSG:4326,coord-precision-round,0.0001,15,15,0,,64521,src-a1dd899f902d,,
boundaries.in.wards.state=in_s26.ulb=801996,ward,S26,,801996,boundaries/in/wards/state=in_s26/ulb=801996/all.geojson,geojson,EPSG:4326,coord-precision-round,0.0001,15,15,0,,21843,src-a1dd899f902d,,
boundaries.in.wards.state=in_s26.ulb=801997,ward,S26,,801997,boundaries/in/wards/state=in_s26/ulb=801997/all.geojson,geojson,EPSG:4326,coord-precision-round,0.0001,21,21,0,,39373,src-a1dd899f902d,,
boundaries.in.wards.state=in_s26.ulb=801998,ward,S26,,801998,boundaries/in/wards/state=in_s26/ulb=801998/all.geojson,geojson,EPSG:4326,coord-precision-round,0.0001,15,15,0,,86888,src-a1dd899f902d,,
boundaries.in.wards.state=in_s26.ulb=801999,ward,S26,,801999,boundaries/in/wards/state=in_s26/ulb=801999/all.geojson,geojson,EPSG:4326,coord-precision-round,0.0001,15,15,0,,18345,src-a1dd899f902d,,
boundaries.in.wards.state=in_s26.ulb=802000,ward,S26,,802000,boundaries/in/wards/state=in_s26/ulb=802000/all.geojson,geojson,EPSG:4326,coord-precision-round,0.0001,15,15,0,,14347,src-a1dd899f902d,,
boundaries.in.wards.state=in_s26.ulb=802002,ward,S26,,802002,boundaries/in/wards/state=in_s26/ulb=802002/all.geojson,geojson,EPSG:4326,coord-precision-round,0.0001,15,15,0,,19082,src-a1dd899f902d,,
boundaries.in.wards.state=in_s26.ulb=802003,ward,S26,,802003,boundaries/in/wards/state=in_s26/ulb=802003/all.geojson,geojson,EPSG:4326,coord-precision-round,0.0001,15,15,0,,28094,src-a1dd899f902d,,
boundaries.in.wards.state=in_s26.ulb=802004,ward,S26,,802004,boundaries/in/wards/state=in_s26/ulb=802004/all.geojson,geojson,EPSG:4326,coord-precision-round,0.0001,15,15,0,,19941,src-a1dd899f902d,,
boundaries.in.wards.state=in_s26.ulb=802005,ward,S26,,802005,boundaries/in/wards/state=in_s26/ulb=802005/all.geojson,geojson,EPSG:4326,coord-precision-round,0.0001,24,24,0,,24386,src-a1dd899f902d,,
boundaries.in.wards.state=in_s26.ulb=802006,ward,S26,,802006,boundaries/in/wards/state=in_s26/ulb=802006/all.geojson,geojson,EPSG:4326,coord-precision-round,0.0001,20,20,0,,18951,src-a1dd899f902d,,
boundaries.in.wards.state=in_s26.ulb=802007,ward,S26,,802007,boundaries/in/wards/state=in_s26/ulb=802007/all.geojson,geojson,EPSG:4326,coord-precision-round,0.0001,40,40,0,,60649,src-a1dd899f902d,,
boundaries.in.wards.state=in_s26.ulb=802008,ward,S26,,802008,boundaries/in/wards/state=in_s26/ulb=802008/all.geojson,geojson,EPSG:4326,coord-precision-round,0.0001,70,70,0,,121364,src-a1dd899f902d,,
boundaries.in.wards.state=in_s26.ulb=802009,ward,S26,,802009,boundaries/in/wards/state=in_s26/ulb=802009/all.geojson,geojson,EPSG:4326,coord-precision-round,0.0001,60,60,0,,214504,src-a1dd899f902d,,
boundaries.in.wards.state=in_s26.ulb=802010,ward,S26,,802010,boundaries/in/wards/state=in_s26/ulb=802010/all.geojson,geojson,EPSG:4326,coord-precision-round,0.0001,14,14,0,,19696,src-a1dd899f902d,,
boundaries.in.wards.state=in_s26.ulb=802011,ward,S26,,802011,boundaries/in/wards/state=in_s26/ulb=802011/all.geojson,geojson,EPSG:4326,coord-precision-round,0.0001,15,15,0,,33486,src-a1dd899f902d,,
boundaries.in.wards.state=in_s26.ulb=802012,ward,S26,,802012,boundaries/in/wards/state=in_s26/ulb=802012/all.geojson,geojson,EPSG:4326,coord-precision-round,0.0001,15,15,0,,17859,src-a1dd899f902d,,
boundaries.in.wards.state=in_s26.ulb=802013,ward,S26,,802013,boundaries/in/wards/state=in_s26/ulb=802013/all.geojson,geojson,EPSG:4326,coord-precision-round,0.0001,15,15,0,,13978,src-a1dd899f902d,,
boundaries.in.wards.state=in_s26.ulb=802014,ward,S26,,802014,boundaries/in/wards/state=in_s26/ulb=802014/all.geojson,geojson,EPSG:4326,coord-precision-round,0.0001,15,15,0,,24822,src-a1dd899f902d,,
boundaries.in.wards.state=in_s26.ulb=802015,ward,S26,,802015,boundaries/in/wards/state=in_s26/ulb=802015/all.geojson,geojson,EPSG:4326,coord-precision-round,0.0001,20,20,0,,37307,src-a1dd899f902d,,
boundaries.in.wards.state=in_s26.ulb=802016,ward,S26,,802016,boundaries/in/wards/state=in_s26/ulb=802016/all.geojson,geojson,EPSG:4326,coord-precision-round,0.0001,27,27,0,,32884,src-a1dd899f902d,,
boundaries.in.wards.state=in_s26.ulb=802017,ward,S26,,802017,boundaries/in/wards/state=in_s26/ulb=802017/all.geojson,geojson,EPSG:4326,coord-precision-round,0.0001,12,12,0,,16642,src-a1dd899f902d,,
boundaries.in.wards.state=in_s26.ulb=802018,ward,S26,,802018,boundaries/in/wards/state=in_s26/ulb=802018/all.geojson,geojson,EPSG:4326,coord-precision-round,0.0001,13,13,0,,12899,src-a1dd899f902d,,
boundaries.in.wards.state=in_s26.ulb=802019,ward,S26,,802019,boundaries/in/wards/state=in_s26/ulb=802019/all.geojson,geojson,EPSG:4326,coord-precision-round,0.0001,15,15,0,,19242,src-a1dd899f902d,,
boundaries.in.wards.state=in_s26.ulb=802020,ward,S26,,802020,boundaries/in/wards/state=in_s26/ulb=802020/all.geojson,geojson,EPSG:4326,coord-precision-round,0.0001,15,15,0,,22421,src-a1dd899f902d,,
boundaries.in.wards.state=in_s26.ulb=802021,ward,S26,,802021,boundaries/in/wards/state=in_s26/ulb=802021/all.geojson,geojson,EPSG:4326,coord-precision-round,0.0001,31,31,0,,29812,src-a1dd899f902d,,
boundaries.in.wards.state=in_s26.ulb=802022,ward,S26,,802022,boundaries/in/wards/state=in_s26/ulb=802022/all.geojson,geojson,EPSG:4326,coord-precision-round,0.0001,21,21,0,,27458,src-a1dd899f902d,,
boundaries.in.wards.state=in_s26.ulb=802023,ward,S26,,802023,boundaries/in/wards/state=in_s26/ulb=802023/all.geojson,geojson,EPSG:4326,coord-precision-round,0.0001,15,15,0,,17645,src-a1dd899f902d,,
boundaries.in.wards.state=in_s26.ulb=802024,ward,S26,,802024,boundaries/in/wards/state=in_s26/ulb=802024/all.geojson,geojson,EPSG:4326,coord-precision-round,0.0001,15,15,0,,23856,src-a1dd899f902d,,
boundaries.in.wards.state=in_s26.ulb=802025,ward,S26,,802025,boundaries/in/wards/state=in_s26/ulb=802025/all.geojson,geojson,EPSG:4326,coord-precision-round,0.0001,15,15,0,,18619,src-a1dd899f902d,,
boundaries.in.wards.state=in_s26.ulb=802026,ward,S26,,802026,boundaries/in/wards/state=in_s26/ulb=802026/all.geojson,geojson,EPSG:4326,coord-precision-round,0.0001,15,15,0,,17592,src-a1dd899f902d,,
boundaries.in.wards.state=in_s26.ulb=802027,ward,S26,,802027,boundaries/in/wards/state=in_s26/ulb=802027/all.geojson,geojson,EPSG:4326,coord-precision-round,0.0001,15,15,0,,53146,src-a1dd899f902d,,
boundaries.in.wards.state=in_s26.ulb=802028,ward,S26,,802028,boundaries/in/wards/state=in_s26/ulb=802028/all.geojson,geojson,EPSG:4326,coord-precision-round,0.0001,15,15,0,,34350,src-a1dd899f902d,,
boundaries.in.wards.state=in_s26.ulb=802029,ward,S26,,802029,boundaries/in/wards/state=in_s26/ulb=802029/all.geojson,geojson,EPSG:4326,coord-precision-round,0.0001,15,15,0,,36438,src-a1dd899f902d,,
boundaries.in.wards.state=in_s26.ulb=802030,ward,S26,,802030,boundaries/in/wards/state=in_s26/ulb=802030/all.geojson,geojson,EPSG:4326,coord-precision-round,0.0001,15,15,0,,34248,src-a1dd899f902d,,
boundaries.in.wards.state=in_s26.ulb=802031,ward,S26,,802031,boundaries/in/wards/state=in_s26/ulb=802031/all.geojson,geojson,EPSG:4326,coord-precision-round,0.0001,21,21,0,,34797,src-a1dd899f902d,,
boundaries.in.wards.state=in_s26.ulb=802032,ward,S26,,802032,boundaries/in/wards/state=in_s26/ulb=802032/all.geojson,geojson,EPSG:4326,coord-precision-round,0.0001,15,15,0,,20982,src-a1dd899f902d,,
boundaries.in.wards.state=in_s26.ulb=802033,ward,S26,,802033,boundaries/in/wards/state=in_s26/ulb=802033/all.geojson,geojson,EPSG:4326,coord-precision-round,0.0001,40,40,0,,69162,src-a1dd899f902d,,
boundaries.in.wards.state=in_s26.ulb=802034,ward,S26,,802034,boundaries/in/wards/state=in_s26/ulb=802034/all.geojson,geojson,EPSG:4326,coord-precision-round,0.0001,70,70,0,,220699,src-a1dd899f902d,,
boundaries.in.wards.state=in_s26.ulb=802035,ward,S26,,802035,boundaries/in/wards/state=in_s26/ulb=802035/all.geojson,geojson,EPSG:4326,coord-precision-round,0.0001,15,15,0,,38283,src-a1dd899f902d,,
boundaries.in.wards.state=in_s26.ulb=802036,ward,S26,,802036,boundaries/in/wards/state=in_s26/ulb=802036/all.geojson,geojson,EPSG:4326,coord-precision-round,0.0001,15,15,0,,25839,src-a1dd899f902d,,
boundaries.in.wards.state=in_s26.ulb=802037,ward,S26,,802037,boundaries/in/wards/state=in_s26/ulb=802037/all.geojson,geojson,EPSG:4326,coord-precision-round,0.0001,15,15,0,,37196,src-a1dd899f902d,,
boundaries.in.wards.state=in_s26.ulb=802038,ward,S26,,802038,boundaries/in/wards/state=in_s26/ulb=802038/all.geojson,geojson,EPSG:4326,coord-precision-round,0.0001,22,22,0,,18369,src-a1dd899f902d,,
boundaries.in.wards.state=in_s26.ulb=802039,ward,S26,,802039,boundaries/in/wards/state=in_s26/ulb=802039/all.geojson,geojson,EPSG:4326,coord-precision-round,0.0001,15,15,0,,39170,src-a1dd899f902d,,
boundaries.in.wards.state=in_s26.ulb=802040,ward,S26,,802040,boundaries/in/wards/state=in_s26/ulb=802040/all.geojson,geojson,EPSG:4326,coord-precision-round,0.0001,15,15,0,,38378,src-a1dd899f902d,,
boundaries.in.wards.state=in_s26.ulb=802041,ward,S26,,802041,boundaries/in/wards/state=in_s26/ulb=802041/all.geojson,geojson,EPSG:4326,coord-precision-round,0.0001,15,15,0,,32146,src-a1dd899f902d,,
boundaries.in.wards.state=in_s26.ulb=802042,ward,S26,,802042,boundaries/in/wards/state=in_s26/ulb=802042/all.geojson,geojson,EPSG:4326,coord-precision-round,0.0001,15,15,0,,50228,src-a1dd899f902d,,
boundaries.in.wards.state=in_s26.ulb=802043,ward,S26,,802043,boundaries/in/wards/state=in_s26/ulb=802043/all.geojson,geojson,EPSG:4326,coord-precision-round,0.0001,15,15,0,,32927,src-a1dd899f902d,,
boundaries.in.wards.state=in_s26.ulb=802044,ward,S26,,802044,boundaries/in/wards/state=in_s26/ulb=802044/all.geojson,geojson,EPSG:4326,coord-precision-round,0.0001,15,15,0,,19728,src-a1dd899f902d,,
boundaries.in.wards.state=in_s26.ulb=802045,ward,S26,,802045,boundaries/in/wards/state=in_s26/ulb=802045/all.geojson,geojson,EPSG:4326,coord-precision-round,0.0001,30,30,0,,57103,src-a1dd899f902d,,
boundaries.in.wards.state=in_s26.ulb=802046,ward,S26,,802046,boundaries/in/wards/state=in_s26/ulb=802046/all.geojson,geojson,EPSG:4326,coord-precision-round,0.0001,15,15,0,,21690,src-a1dd899f902d,,
boundaries.in.wards.state=in_s26.ulb=802047,ward,S26,,802047,boundaries/in/wards/state=in_s26/ulb=802047/all.geojson,geojson,EPSG:4326,coord-precision-round,0.0001,15,15,0,,23260,src-a1dd899f902d,,
boundaries.in.wards.state=in_s26.ulb=802048,ward,S26,,802048,boundaries/in/wards/state=in_s26/ulb=802048/all.geojson,geojson,EPSG:4326,coord-precision-round,0.0001,15,15,0,,41424,src-a1dd899f902d,,
boundaries.in.wards.state=in_s26.ulb=802049,ward,S26,,802049,boundaries/in/wards/state=in_s26/ulb=802049/all.geojson,geojson,EPSG:4326,coord-precision-round,0.0001,15,15,0,,40755,src-a1dd899f902d,,
boundaries.in.wards.state=in_s26.ulb=802050,ward,S26,,802050,boundaries/in/wards/state=in_s26/ulb=802050/all.geojson,geojson,EPSG:4326,coord-precision-round,0.0001,15,15,0,,48457,src-a1dd899f902d,,
boundaries.in.wards.state=in_s26.ulb=802051,ward,S26,,802051,boundaries/in/wards/state=in_s26/ulb=802051/all.geojson,geojson,EPSG:4326,coord-precision-round,0.0001,15,15,0,,39948,src-a1dd899f902d,,
boundaries.in.wards.state=in_s26.ulb=802052,ward,S26,,802052,boundaries/in/wards/state=in_s26/ulb=802052/all.geojson,geojson,EPSG:4326,coord-precision-round,0.0001,40,40,0,,112695,src-a1dd899f902d,,
boundaries.in.wards.state=in_s26.ulb=802053,ward,S26,,802053,boundaries/in/wards/state=in_s26/ulb=802053/all.geojson,geojson,EPSG:4326,coord-precision-round,0.0001,15,15,0,,39944,src-a1dd899f902d,,
boundaries.in.wards.state=in_s26.ulb=802054,ward,S26,,802054,boundaries/in/wards/state=in_s26/ulb=802054/all.geojson,geojson,EPSG:4326,coord-precision-round,0.0001,15,15,0,,15865,src-a1dd899f902d,,
boundaries.in.wards.state=in_s26.ulb=802055,ward,S26,,802055,boundaries/in/wards/state=in_s26/ulb=802055/all.geojson,geojson,EPSG:4326,coord-precision-round,0.0001,15,15,0,,34919,src-a1dd899f902d,,
boundaries.in.wards.state=in_s26.ulb=802056,ward,S26,,802056,boundaries/in/wards/state=in_s26/ulb=802056/all.geojson,geojson,EPSG:4326,coord-precision-round,0.0001,21,21,0,,26410,src-a1dd899f902d,,
boundaries.in.wards.state=in_s26.ulb=802057,ward,S26,,802057,boundaries/in/wards/state=in_s26/ulb=802057/all.geojson,geojson,EPSG:4326,coord-precision-round,0.0001,15,15,0,,14865,src-a1dd899f902d,,
boundaries.in.wards.state=in_s26.ulb=802058,ward,S26,,802058,boundaries/in/wards/state=in_s26/ulb=802058/all.geojson,geojson,EPSG:4326,coord-precision-round,0.0001,15,15,0,,15067,src-a1dd899f902d,,
boundaries.in.wards.state=in_s26.ulb=802059,ward,S26,,802059,boundaries/in/wards/state=in_s26/ulb=802059/all.geojson,geojson,EPSG:4326,coord-precision-round,0.0001,15,15,0,,36939,src-a1dd899f902d,,
boundaries.in.wards.state=in_s26.ulb=802060,ward,S26,,802060,boundaries/in/wards/state=in_s26/ulb=802060/all.geojson,geojson,EPSG:4326,coord-precision-round,0.0001,15,15,0,,13710,src-a1dd899f902d,,
boundaries.in.wards.state=in_s26.ulb=802062,ward,S26,,802062,boundaries/in/wards/state=in_s26/ulb=802062/all.geojson,geojson,EPSG:4326,coord-precision-round,0.0001,22,22,0,,17050,src-a1dd899f902d,,
boundaries.in.wards.state=in_s26.ulb=802063,ward,S26,,802063,boundaries/in/wards/state=in_s26/ulb=802063/all.geojson,geojson,EPSG:4326,coord-precision-round,0.0001,15,15,0,,11505,src-a1dd899f902d,,
boundaries.in.wards.state=in_s26.ulb=802064,ward,S26,,802064,boundaries/in/wards/state=in_s26/ulb=802064/all.geojson,geojson,EPSG:4326,coord-precision-round,0.0001,48,48,0,,54999,src-a1dd899f902d,,
boundaries.in.wards.state=in_s26.ulb=802065,ward,S26,,802065,boundaries/in/wards/state=in_s26/ulb=802065/all.geojson,geojson,EPSG:4326,coord-precision-round,0.0001,15,15,0,,19247,src-a1dd899f902d,,
boundaries.in.wards.state=in_s26.ulb=802066,ward,S26,,802066,boundaries/in/wards/state=in_s26/ulb=802066/all.geojson,geojson,EPSG:4326,coord-precision-round,0.0001,15,15,0,,20474,src-a1dd899f902d,,
boundaries.in.wards.state=in_s26.ulb=802067,ward,S26,,802067,boundaries/in/wards/state=in_s26/ulb=802067/all.geojson,geojson,EPSG:4326,coord-precision-round,0.0001,15,15,0,,32804,src-a1dd899f902d,,
boundaries.in.wards.state=in_s26.ulb=802068,ward,S26,,802068,boundaries/in/wards/state=in_s26/ulb=802068/all.geojson,geojson,EPSG:4326,coord-precision-round,0.0001,18,18,0,,31018,src-a1dd899f902d,,
boundaries.in.wards.state=in_s26.ulb=802069,ward,S26,,802069,boundaries/in/wards/state=in_s26/ulb=802069/all.geojson,geojson,EPSG:4326,coord-precision-round,0.0001,15,15,0,,13526,src-a1dd899f902d,,
boundaries.in.wards.state=in_s26.ulb=802070,ward,S26,,802070,boundaries/in/wards/state=in_s26/ulb=802070/all.geojson,geojson,EPSG:4326,coord-precision-round,0.0001,15,15,0,,13894,src-a1dd899f902d,,
boundaries.in.wards.state=in_s26.ulb=802071,ward,S26,,802071,boundaries/in/wards/state=in_s26/ulb=802071/all.geojson,geojson,EPSG:4326,coord-precision-round,0.0001,18,18,0,,22515,src-a1dd899f902d,,
boundaries.in.wards.state=in_s26.ulb=802072,ward,S26,,802072,boundaries/in/wards/state=in_s26/ulb=802072/all.geojson,geojson,EPSG:4326,coord-precision-round,0.0001,15,15,0,,11917,src-a1dd899f902d,,
boundaries.in.wards.state=in_s26.ulb=802073,ward,S26,,802073,boundaries/in/wards/state=in_s26/ulb=802073/all.geojson,geojson,EPSG:4326,coord-precision-round,0.0001,15,15,0,,12404,src-a1dd899f902d,,
boundaries.in.wards.state=in_s26.ulb=802074,ward,S26,,802074,boundaries/in/wards/state=in_s26/ulb=802074/all.geojson,geojson,EPSG:4326,coord-precision-round,0.0001,15,15,0,,14223,src-a1dd899f902d,,
boundaries.in.wards.state=in_s26.ulb=802075,ward,S26,,802075,boundaries/in/wards/state=in_s26/ulb=802075/all.geojson,geojson,EPSG:4326,coord-precision-round,0.0001,15,15,0,,19998,src-a1dd899f902d,,
boundaries.in.wards.state=in_s26.ulb=802076,ward,S26,,802076,boundaries/in/wards/state=in_s26/ulb=802076/all.geojson,geojson,EPSG:4326,coord-precision-round,0.0001,15,15,0,,21201,src-a1dd899f902d,,
boundaries.in.wards.state=in_s26.ulb=802077,ward,S26,,802077,boundaries/in/wards/state=in_s26/ulb=802077/all.geojson,geojson,EPSG:4326,coord-precision-round,0.0001,15,15,0,,21292,src-a1dd899f902d,,
boundaries.in.wards.state=in_s26.ulb=900006,ward,S26,,900006,boundaries/in/wards/state=in_s26/ulb=900006/all.geojson,geojson,EPSG:4326,coord-precision-round,0.0001,15,15,0,,28043,src-a1dd899f902d,,
boundaries.in.wards.state=in_s26.ulb=900105,ward,S26,,900105,boundaries/in/wards/state=in_s26/ulb=900105/all.geojson,geojson,EPSG:4326,coord-precision-round,0.0001,15,15,0,,51628,src-a1dd899f902d,,
boundaries.in.wards.state=in_s26.ulb=900507,ward,S26,,900507,boundaries/in/wards/state=in_s26/ulb=900507/all.geojson,geojson,EPSG:4326,coord-precision-round,0.0001,40,40,0,,68770,src-a1dd899f902d,,
boundaries.in.wards.state=in_s26.ulb=900601,ward,S26,,900601,boundaries/in/wards/state=in_s26/ulb=900601/all.geojson,geojson,EPSG:4326,coord-precision-round,0.0001,20,20,0,,43834,src-a1dd899f902d,,
boundaries.in.wards.state=in_s26.ulb=900602,ward,S26,,900602,boundaries/in/wards/state=in_s26/ulb=900602/all.geojson,geojson,EPSG:4326,coord-precision-round,0.0001,15,15,0,,23572,src-a1dd899f902d,,
boundaries.in.wards.state=in_s26.ulb=900603,ward,S26,,900603,boundaries/in/wards/state=in_s26/ulb=900603/all.geojson,geojson,EPSG:4326,coord-precision-round,0.0001,15,15,0,,30647,src-a1dd899f902d,,
boundaries.in.wards.state=in_s27.ulb=801763,ward,S27,,801763,boundaries/in/wards/state=in_s27/ulb=801763/all.geojson,geojson,EPSG:4326,coord-precision-round,0.0001,11,11,0,,52032,src-a1dd899f902d,,
boundaries.in.wards.state=in_s27.ulb=801764,ward,S27,,801764,boundaries/in/wards/state=in_s27/ulb=801764/all.geojson,geojson,EPSG:4326,coord-precision-round,0.0001,22,22,0,,52755,src-a1dd899f902d,,
boundaries.in.wards.state=in_s27.ulb=801765,ward,S27,,801765,boundaries/in/wards/state=in_s27/ulb=801765/all.geojson,geojson,EPSG:4326,coord-precision-round,0.0001,24,24,0,,66665,src-a1dd899f902d,,
boundaries.in.wards.state=in_s27.ulb=801766,ward,S27,,801766,boundaries/in/wards/state=in_s27/ulb=801766/all.geojson,geojson,EPSG:4326,coord-precision-round,0.0001,15,15,0,,33570,src-a1dd899f902d,,
boundaries.in.wards.state=in_s27.ulb=801767,ward,S27,,801767,boundaries/in/wards/state=in_s27/ulb=801767/all.geojson,geojson,EPSG:4326,coord-precision-round,0.0001,30,30,0,,65979,src-a1dd899f902d,,
boundaries.in.wards.state=in_s27.ulb=801768,ward,S27,,801768,boundaries/in/wards/state=in_s27/ulb=801768/all.geojson,geojson,EPSG:4326,coord-precision-round,0.0001,36,36,0,,115332,src-a1dd899f902d,,
boundaries.in.wards.state=in_s27.ulb=801769,ward,S27,,801769,boundaries/in/wards/state=in_s27/ulb=801769/all.geojson,geojson,EPSG:4326,coord-precision-round,0.0001,36,36,0,,112862,src-a1dd899f902d,,
boundaries.in.wards.state=in_s27.ulb=801770,ward,S27,,801770,boundaries/in/wards/state=in_s27/ulb=801770/all.geojson,geojson,EPSG:4326,coord-precision-round,0.0001,26,26,0,,51412,src-a1dd899f902d,,
boundaries.in.wards.state=in_s27.ulb=801771,ward,S27,,801771,boundaries/in/wards/state=in_s27/ulb=801771/all.geojson,geojson,EPSG:4326,coord-precision-round,0.0001,21,21,0,,43152,src-a1dd899f902d,,
boundaries.in.wards.state=in_s27.ulb=801772,ward,S27,,801772,boundaries/in/wards/state=in_s27/ulb=801772/all.geojson,geojson,EPSG:4326,coord-precision-round,0.0001,30,30,0,,42504,src-a1dd899f902d,,
boundaries.in.wards.state=in_s27.ulb=801773,ward,S27,,801773,boundaries/in/wards/state=in_s27/ulb=801773/all.geojson,geojson,EPSG:4326,coord-precision-round,0.0001,12,12,0,,37714,src-a1dd899f902d,,
boundaries.in.wards.state=in_s27.ulb=801774,ward,S27,,801774,boundaries/in/wards/state=in_s27/ulb=801774/all.geojson,geojson,EPSG:4326,coord-precision-round,0.0001,18,18,0,,45692,src-a1dd899f902d,,
boundaries.in.wards.state=in_s27.ulb=801775,ward,S27,,801775,boundaries/in/wards/state=in_s27/ulb=801775/all.geojson,geojson,EPSG:4326,coord-precision-round,0.0001,55,55,0,,79832,src-a1dd899f902d,,
boundaries.in.wards.state=in_s27.ulb=801776,ward,S27,,801776,boundaries/in/wards/state=in_s27/ulb=801776/all.geojson,geojson,EPSG:4326,coord-precision-round,0.0001,20,20,0,,32117,src-a1dd899f902d,,
boundaries.in.wards.state=in_s27.ulb=801777,ward,S27,,801777,boundaries/in/wards/state=in_s27/ulb=801777/all.geojson,geojson,EPSG:4326,coord-precision-round,0.0001,30,30,0,,85396,src-a1dd899f902d,,
boundaries.in.wards.state=in_s27.ulb=801778,ward,S27,,801778,boundaries/in/wards/state=in_s27/ulb=801778/all.geojson,geojson,EPSG:4326,coord-precision-round,0.0001,35,35,0,,61519,src-a1dd899f902d,,
boundaries.in.wards.state=in_s27.ulb=801779,ward,S27,,801779,boundaries/in/wards/state=in_s27/ulb=801779/all.geojson,geojson,EPSG:4326,coord-precision-round,0.0001,22,22,0,,43634,src-a1dd899f902d,,
boundaries.in.wards.state=in_s27.ulb=801780,ward,S27,,801780,boundaries/in/wards/state=in_s27/ulb=801780/all.geojson,geojson,EPSG:4326,coord-precision-round,0.0001,3,3,0,,13504,src-a1dd899f902d,,
boundaries.in.wards.state=in_s27.ulb=801781,ward,S27,,801781,boundaries/in/wards/state=in_s27/ulb=801781/all.geojson,geojson,EPSG:4326,coord-precision-round,0.0001,10,10,0,,20066,src-a1dd899f902d,,
boundaries.in.wards.state=in_s27.ulb=801782,ward,S27,,801782,boundaries/in/wards/state=in_s27/ulb=801782/all.geojson,geojson,EPSG:4326,coord-precision-round,0.0001,14,14,0,,18812,src-a1dd899f902d,,
boundaries.in.wards.state=in_s27.ulb=801783,ward,S27,,801783,boundaries/in/wards/state=in_s27/ulb=801783/all.geojson,geojson,EPSG:4326,coord-precision-round,0.0001,8,8,0,,18815,src-a1dd899f902d,,
boundaries.in.wards.state=in_s27.ulb=801784,ward,S27,,801784,boundaries/in/wards/state=in_s27/ulb=801784/all.geojson,geojson,EPSG:4326,coord-precision-round,0.0001,13,13,0,,53239,src-a1dd899f902d,,
boundaries.in.wards.state=in_s27.ulb=801785,ward,S27,,801785,boundaries/in/wards/state=in_s27/ulb=801785/all.geojson,geojson,EPSG:4326,coord-precision-round,0.0001,20,20,0,,58795,src-a1dd899f902d,,
boundaries.in.wards.state=in_s27.ulb=801786,ward,S27,,801786,boundaries/in/wards/state=in_s27/ulb=801786/all.geojson,geojson,EPSG:4326,coord-precision-round,0.0001,30,30,0,,90269,src-a1dd899f902d,,
boundaries.in.wards.state=in_s27.ulb=801787,ward,S27,,801787,boundaries/in/wards/state=in_s27/ulb=801787/all.geojson,geojson,EPSG:4326,coord-precision-round,0.0001,15,15,0,,43317,src-a1dd899f902d,,
boundaries.in.wards.state=in_s27.ulb=801788,ward,S27,,801788,boundaries/in/wards/state=in_s27/ulb=801788/all.geojson,geojson,EPSG:4326,coord-precision-round,0.0001,36,36,0,,77186,src-a1dd899f902d,,
boundaries.in.wards.state=in_s27.ulb=801789,ward,S27,,801789,boundaries/in/wards/state=in_s27/ulb=801789/all.geojson,geojson,EPSG:4326,coord-precision-round,0.0001,32,32,0,,84773,src-a1dd899f902d,,
boundaries.in.wards.state=in_s27.ulb=801790,ward,S27,,801790,boundaries/in/wards/state=in_s27/ulb=801790/all.geojson,geojson,EPSG:4326,coord-precision-round,0.0001,12,12,0,,73088,src-a1dd899f902d,,
boundaries.in.wards.state=in_s27.ulb=801791,ward,S27,,801791,boundaries/in/wards/state=in_s27/ulb=801791/all.geojson,geojson,EPSG:4326,coord-precision-round,0.0001,26,26,0,,51511,src-a1dd899f902d,,
boundaries.in.wards.state=in_s27.ulb=801792,ward,S27,,801792,boundaries/in/wards/state=in_s27/ulb=801792/all.geojson,geojson,EPSG:4326,coord-precision-round,0.0001,14,14,0,,28134,src-a1dd899f902d,,
boundaries.in.wards.state=in_s27.ulb=801793,ward,S27,,801793,boundaries/in/wards/state=in_s27/ulb=801793/all.geojson,geojson,EPSG:4326,coord-precision-round,0.0001,18,18,0,,29023,src-a1dd899f902d,,
boundaries.in.wards.state=in_s27.ulb=801794,ward,S27,,801794,boundaries/in/wards/state=in_s27/ulb=801794/all.geojson,geojson,EPSG:4326,coord-precision-round,0.0001,53,53,0,,270127,src-a1dd899f902d,,
boundaries.in.wards.state=in_s27.ulb=801795,ward,S27,,801795,boundaries/in/wards/state=in_s27/ulb=801795/all.geojson,geojson,EPSG:4326,coord-precision-round,0.0001,13,13,0,,29498,src-a1dd899f902d,,
boundaries.in.wards.state=in_s27.ulb=801796,ward,S27,,801796,boundaries/in/wards/state=in_s27/ulb=801796/all.geojson,geojson,EPSG:4326,coord-precision-round,0.0001,16,16,0,,17592,src-a1dd899f902d,,
boundaries.in.wards.state=in_s27.ulb=801797,ward,S27,,801797,boundaries/in/wards/state=in_s27/ulb=801797/all.geojson,geojson,EPSG:4326,coord-precision-round,0.0001,20,20,0,,33227,src-a1dd899f902d,,
boundaries.in.wards.state=in_s27.ulb=801798,ward,S27,,801798,boundaries/in/wards/state=in_s27/ulb=801798/all.geojson,geojson,EPSG:4326,coord-precision-round,0.0001,16,16,0,,60516,src-a1dd899f902d,,
boundaries.in.wards.state=in_s27.ulb=801799,ward,S27,,801799,boundaries/in/wards/state=in_s27/ulb=801799/all.geojson,geojson,EPSG:4326,coord-precision-round,0.0001,23,23,0,,37811,src-a1dd899f902d,,
boundaries.in.wards.state=in_s27.ulb=801800,ward,S27,,801800,boundaries/in/wards/state=in_s27/ulb=801800/all.geojson,geojson,EPSG:4326,coord-precision-round,0.0001,22,22,0,,48722,src-a1dd899f902d,,
boundaries.in.wards.state=in_s27.ulb=801802,ward,S27,,801802,boundaries/in/wards/state=in_s27/ulb=801802/all.geojson,geojson,EPSG:4326,coord-precision-round,0.0001,11,11,0,,19668,src-a1dd899f902d,,
boundaries.in.wards.state=in_s28.ulb=800290,ward,S28,,800290,boundaries/in/wards/state=in_s28/ulb=800290/all.geojson,geojson,EPSG:4326,coord-precision-round,0.0001,2,2,0,,4432,src-a1dd899f902d,,
boundaries.in.wards.state=in_s28.ulb=800292,ward,S28,,800292,boundaries/in/wards/state=in_s28/ulb=800292/all.geojson,geojson,EPSG:4326,coord-precision-round,0.0001,11,11,0,,29975,src-a1dd899f902d,,
boundaries.in.wards.state=in_s28.ulb=800294,ward,S28,,800294,boundaries/in/wards/state=in_s28/ulb=800294/all.geojson,geojson,EPSG:4326,coord-precision-round,0.0001,7,7,0,,19832,src-a1dd899f902d,,
boundaries.in.wards.state=in_s28.ulb=800297,ward,S28,,800297,boundaries/in/wards/state=in_s28/ulb=800297/all.geojson,geojson,EPSG:4326,coord-precision-round,0.0001,7,7,0,,31558,src-a1dd899f902d,,
boundaries.in.wards.state=in_s28.ulb=800298,ward,S28,,800298,boundaries/in/wards/state=in_s28/ulb=800298/all.geojson,geojson,EPSG:4326,coord-precision-round,0.0001,4,4,0,,7576,src-a1dd899f902d,,
boundaries.in.wards.state=in_s28.ulb=800299,ward,S28,,800299,boundaries/in/wards/state=in_s28/ulb=800299/all.geojson,geojson,EPSG:4326,coord-precision-round,0.0001,3,3,0,,7435,src-a1dd899f902d,,
boundaries.in.wards.state=in_s28.ulb=800301,ward,S28,,800301,boundaries/in/wards/state=in_s28/ulb=800301/all.geojson,geojson,EPSG:4326,coord-precision-round,0.0001,9,9,0,,31158,src-a1dd899f902d,,
boundaries.in.wards.state=in_s28.ulb=800302,ward,S28,,800302,boundaries/in/wards/state=in_s28/ulb=800302/all.geojson,geojson,EPSG:4326,coord-precision-round,0.0001,7,7,0,,37300,src-a1dd899f902d,,
boundaries.in.wards.state=in_s28.ulb=800303,ward,S28,,800303,boundaries/in/wards/state=in_s28/ulb=800303/all.geojson,geojson,EPSG:4326,coord-precision-round,0.0001,11,11,0,,10924,src-a1dd899f902d,,
boundaries.in.wards.state=in_s28.ulb=800305,ward,S28,,800305,boundaries/in/wards/state=in_s28/ulb=800305/all.geojson,geojson,EPSG:4326,coord-precision-round,0.0001,11,11,0,,10861,src-a1dd899f902d,,
boundaries.in.wards.state=in_s28.ulb=800306,ward,S28,,800306,boundaries/in/wards/state=in_s28/ulb=800306/all.geojson,geojson,EPSG:4326,coord-precision-round,0.0001,9,9,0,,8731,src-a1dd899f902d,,
boundaries.in.wards.state=in_s28.ulb=800308,ward,S28,,800308,boundaries/in/wards/state=in_s28/ulb=800308/all.geojson,geojson,EPSG:4326,coord-precision-round,0.0001,1,1,0,,1410,src-a1dd899f902d,,
boundaries.in.wards.state=in_s28.ulb=800309,ward,S28,,800309,boundaries/in/wards/state=in_s28/ulb=800309/all.geojson,geojson,EPSG:4326,coord-precision-round,0.0001,100,100,0,,197935,src-a1dd899f902d,,
boundaries.in.wards.state=in_s28.ulb=800310,ward,S28,,800310,boundaries/in/wards/state=in_s28/ulb=800310/all.geojson,geojson,EPSG:4326,coord-precision-round,0.0001,8,8,0,,14566,src-a1dd899f902d,,
boundaries.in.wards.state=in_s28.ulb=800312,ward,S28,,800312,boundaries/in/wards/state=in_s28/ulb=800312/all.geojson,geojson,EPSG:4326,coord-precision-round,0.0001,20,20,0,,39427,src-a1dd899f902d,,
boundaries.in.wards.state=in_s28.ulb=800313,ward,S28,,800313,boundaries/in/wards/state=in_s28/ulb=800313/all.geojson,geojson,EPSG:4326,coord-precision-round,0.0001,40,40,0,,42310,src-a1dd899f902d,,
boundaries.in.wards.state=in_s28.ulb=800317,ward,S28,,800317,boundaries/in/wards/state=in_s28/ulb=800317/all.geojson,geojson,EPSG:4326,coord-precision-round,0.0001,1,1,0,,1867,src-a1dd899f902d,,
boundaries.in.wards.state=in_s28.ulb=800318,ward,S28,,800318,boundaries/in/wards/state=in_s28/ulb=800318/all.geojson,geojson,EPSG:4326,coord-precision-round,0.0001,4,4,0,,3962,src-a1dd899f902d,,
boundaries.in.wards.state=in_s28.ulb=800319,ward,S28,,800319,boundaries/in/wards/state=in_s28/ulb=800319/all.geojson,geojson,EPSG:4326,coord-precision-round,0.0001,40,40,0,,89172,src-a1dd899f902d,,
boundaries.in.wards.state=in_s28.ulb=800320,ward,S28,,800320,boundaries/in/wards/state=in_s28/ulb=800320/all.geojson,geojson,EPSG:4326,coord-precision-round,0.0001,7,7,0,,12965,src-a1dd899f902d,,
boundaries.in.wards.state=in_s28.ulb=800321,ward,S28,,800321,boundaries/in/wards/state=in_s28/ulb=800321/all.geojson,geojson,EPSG:4326,coord-precision-round,0.0001,7,7,0,,14391,src-a1dd899f902d,,
boundaries.in.wards.state=in_s28.ulb=800322,ward,S28,,800322,boundaries/in/wards/state=in_s28/ulb=800322/all.geojson,geojson,EPSG:4326,coord-precision-round,0.0001,20,20,0,,53027,src-a1dd899f902d,,
boundaries.in.wards.state=in_s28.ulb=800323,ward,S28,,800323,boundaries/in/wards/state=in_s28/ulb=800323/all.geojson,geojson,EPSG:4326,coord-precision-round,0.0001,10,10,0,,80901,src-a1dd899f902d,,
boundaries.in.wards.state=in_s28.ulb=800325,ward,S28,,800325,boundaries/in/wards/state=in_s28/ulb=800325/all.geojson,geojson,EPSG:4326,coord-precision-round,0.0001,4,4,0,,15551,src-a1dd899f902d,,
boundaries.in.wards.state=in_s28.ulb=800327,ward,S28,,800327,boundaries/in/wards/state=in_s28/ulb=800327/all.geojson,geojson,EPSG:4326,coord-precision-round,0.0001,13,13,0,,53787,src-a1dd899f902d,,
boundaries.in.wards.state=in_s28.ulb=800328,ward,S28,,800328,boundaries/in/wards/state=in_s28/ulb=800328/all.geojson,geojson,EPSG:4326,coord-precision-round,0.0001,9,9,0,,70008,src-a1dd899f902d,,
boundaries.in.wards.state=in_s28.ulb=800329,ward,S28,,800329,boundaries/in/wards/state=in_s28/ulb=800329/all.geojson,geojson,EPSG:4326,coord-precision-round,0.0001,2,2,0,,9945,src-a1dd899f902d,,
boundaries.in.wards.state=in_s28.ulb=800330,ward,S28,,800330,boundaries/in/wards/state=in_s28/ulb=800330/all.geojson,geojson,EPSG:4326,coord-precision-round,0.0001,11,11,0,,30894,src-a1dd899f902d,,
boundaries.in.wards.state=in_s28.ulb=800331,ward,S28,,800331,boundaries/in/wards/state=in_s28/ulb=800331/all.geojson,geojson,EPSG:4326,coord-precision-round,0.0001,15,15,0,,25930,src-a1dd899f902d,,
boundaries.in.wards.state=in_s28.ulb=800333,ward,S28,,800333,boundaries/in/wards/state=in_s28/ulb=800333/all.geojson,geojson,EPSG:4326,coord-precision-round,0.0001,7,7,0,,47455,src-a1dd899f902d,,
boundaries.in.wards.state=in_s28.ulb=800334,ward,S28,,800334,boundaries/in/wards/state=in_s28/ulb=800334/all.geojson,geojson,EPSG:4326,coord-precision-round,0.0001,9,9,0,,59385,src-a1dd899f902d,,
boundaries.in.wards.state=in_s28.ulb=800335,ward,S28,,800335,boundaries/in/wards/state=in_s28/ulb=800335/all.geojson,geojson,EPSG:4326,coord-precision-round,0.0001,60,60,0,,81852,src-a1dd899f902d,,
boundaries.in.wards.state=in_s28.ulb=800336,ward,S28,,800336,boundaries/in/wards/state=in_s28/ulb=800336/all.geojson,geojson,EPSG:4326,coord-precision-round,0.0001,20,20,0,,22992,src-a1dd899f902d,,
boundaries.in.wards.state=in_s28.ulb=800337,ward,S28,,800337,boundaries/in/wards/state=in_s28/ulb=800337/all.geojson,geojson,EPSG:4326,coord-precision-round,0.0001,7,7,0,,8134,src-a1dd899f902d,,
boundaries.in.wards.state=in_s28.ulb=800338,ward,S28,,800338,boundaries/in/wards/state=in_s28/ulb=800338/all.geojson,geojson,EPSG:4326,coord-precision-round,0.0001,7,7,0,,5760,src-a1dd899f902d,,
boundaries.in.wards.state=in_s28.ulb=800339,ward,S28,,800339,boundaries/in/wards/state=in_s28/ulb=800339/all.geojson,geojson,EPSG:4326,coord-precision-round,0.0001,54,54,0,,183834,src-a1dd899f902d,,
boundaries.in.wards.state=in_s28.ulb=800340,ward,S28,,800340,boundaries/in/wards/state=in_s28/ulb=800340/all.geojson,geojson,EPSG:4326,coord-precision-round,0.0001,9,9,0,,8758,src-a1dd899f902d,,
boundaries.in.wards.state=in_s28.ulb=800343,ward,S28,,800343,boundaries/in/wards/state=in_s28/ulb=800343/all.geojson,geojson,EPSG:4326,coord-precision-round,0.0001,7,7,0,,8025,src-a1dd899f902d,,
boundaries.in.wards.state=in_s28.ulb=800344,ward,S28,,800344,boundaries/in/wards/state=in_s28/ulb=800344/all.geojson,geojson,EPSG:4326,coord-precision-round,0.0001,13,13,0,,14531,src-a1dd899f902d,,
boundaries.in.wards.state=in_s28.ulb=800345,ward,S28,,800345,boundaries/in/wards/state=in_s28/ulb=800345/all.geojson,geojson,EPSG:4326,coord-precision-round,0.0001,9,9,0,,10935,src-a1dd899f902d,,
boundaries.in.wards.state=in_s28.ulb=800346,ward,S28,,800346,boundaries/in/wards/state=in_s28/ulb=800346/all.geojson,geojson,EPSG:4326,coord-precision-round,0.0001,40,40,0,,76149,src-a1dd899f902d,,
boundaries.in.wards.state=in_s28.ulb=800347,ward,S28,,800347,boundaries/in/wards/state=in_s28/ulb=800347/all.geojson,geojson,EPSG:4326,coord-precision-round,0.0001,20,20,0,,23719,src-a1dd899f902d,,
boundaries.in.wards.state=in_s28.ulb=800348,ward,S28,,800348,boundaries/in/wards/state=in_s28/ulb=800348/all.geojson,geojson,EPSG:4326,coord-precision-round,0.0001,11,11,0,,22396,src-a1dd899f902d,,
boundaries.in.wards.state=in_s28.ulb=800349,ward,S28,,800349,boundaries/in/wards/state=in_s28/ulb=800349/all.geojson,geojson,EPSG:4326,coord-precision-round,0.0001,9,9,0,,10056,src-a1dd899f902d,,
boundaries.in.wards.state=in_s28.ulb=800350,ward,S28,,800350,boundaries/in/wards/state=in_s28/ulb=800350/all.geojson,geojson,EPSG:4326,coord-precision-round,0.0001,7,7,0,,7076,src-a1dd899f902d,,
boundaries.in.wards.state=in_s28.ulb=800351,ward,S28,,800351,boundaries/in/wards/state=in_s28/ulb=800351/all.geojson,geojson,EPSG:4326,coord-precision-round,0.0001,13,13,0,,27583,src-a1dd899f902d,,
boundaries.in.wards.state=in_s28.ulb=800352,ward,S28,,800352,boundaries/in/wards/state=in_s28/ulb=800352/all.geojson,geojson,EPSG:4326,coord-precision-round,0.0001,20,20,0,,61771,src-a1dd899f902d,,
boundaries.in.wards.state=in_s28.ulb=800353,ward,S28,,800353,boundaries/in/wards/state=in_s28/ulb=800353/all.geojson,geojson,EPSG:4326,coord-precision-round,0.0001,40,40,0,,108657,src-a1dd899f902d,,
boundaries.in.wards.state=in_s28.ulb=800354,ward,S28,,800354,boundaries/in/wards/state=in_s28/ulb=800354/all.geojson,geojson,EPSG:4326,coord-precision-round,0.0001,7,7,0,,7745,src-a1dd899f902d,,
boundaries.in.wards.state=in_s28.ulb=800356,ward,S28,,800356,boundaries/in/wards/state=in_s28/ulb=800356/all.geojson,geojson,EPSG:4326,coord-precision-round,0.0001,20,20,0,,24833,src-a1dd899f902d,,
boundaries.in.wards.state=in_s28.ulb=800357,ward,S28,,800357,boundaries/in/wards/state=in_s28/ulb=800357/all.geojson,geojson,EPSG:4326,coord-precision-round,0.0001,9,9,0,,15190,src-a1dd899f902d,,
boundaries.in.wards.state=in_s28.ulb=800359,ward,S28,,800359,boundaries/in/wards/state=in_s28/ulb=800359/all.geojson,geojson,EPSG:4326,coord-precision-round,0.0001,60,60,0,,94506,src-a1dd899f902d,,
boundaries.in.wards.state=in_s28.ulb=800360,ward,S28,,800360,boundaries/in/wards/state=in_s28/ulb=800360/all.geojson,geojson,EPSG:4326,coord-precision-round,0.0001,11,11,0,,11372,src-a1dd899f902d,,
boundaries.in.wards.state=in_s28.ulb=900030,ward,S28,,900030,boundaries/in/wards/state=in_s28/ulb=900030/all.geojson,geojson,EPSG:4326,coord-precision-round,0.0001,7,7,0,,22415,src-a1dd899f902d,,
boundaries.in.wards.state=in_s28.ulb=900035,ward,S28,,900035,boundaries/in/wards/state=in_s28/ulb=900035/all.geojson,geojson,EPSG:4326,coord-precision-round,0.0001,7,7,0,,27712,src-a1dd899f902d,,
boundaries.in.wards.state=in_s28.ulb=900036,ward,S28,,900036,boundaries/in/wards/state=in_s28/ulb=900036/all.geojson,geojson,EPSG:4326,coord-precision-round,0.0001,4,4,0,,6529,src-a1dd899f902d,,
boundaries.in.wards.state=in_s28.ulb=900037,ward,S28,,900037,boundaries/in/wards/state=in_s28/ulb=900037/all.geojson,geojson,EPSG:4326,coord-precision-round,0.0001,7,7,0,,12530,src-a1dd899f902d,,
boundaries.in.wards.state=in_s28.ulb=900038,ward,S28,,900038,boundaries/in/wards/state=in_s28/ulb=900038/all.geojson,geojson,EPSG:4326,coord-precision-round,0.0001,7,7,0,,10659,src-a1dd899f902d,,
boundaries.in.wards.state=in_s28.ulb=900109,ward,S28,,900109,boundaries/in/wards/state=in_s28/ulb=900109/all.geojson,geojson,EPSG:4326,coord-precision-round,0.0001,13,13,0,,19749,src-a1dd899f902d,,
boundaries.in.wards.state=in_s28.ulb=900110,ward,S28,,900110,boundaries/in/wards/state=in_s28/ulb=900110/all.geojson,geojson,EPSG:4326,coord-precision-round,0.0001,7,7,0,,15031,src-a1dd899f902d,,
boundaries.in.wards.state=in_s28.ulb=900111,ward,S28,,900111,boundaries/in/wards/state=in_s28/ulb=900111/all.geojson,geojson,EPSG:4326,coord-precision-round,0.0001,7,7,0,,14563,src-a1dd899f902d,,
boundaries.in.wards.state=in_s28.ulb=900113,ward,S28,,900113,boundaries/in/wards/state=in_s28/ulb=900113/all.geojson,geojson,EPSG:4326,coord-precision-round,0.0001,7,7,0,,22102,src-a1dd899f902d,,
boundaries.in.wards.state=in_s28.ulb=900114,ward,S28,,900114,boundaries/in/wards/state=in_s28/ulb=900114/all.geojson,geojson,EPSG:4326,coord-precision-round,0.0001,3,3,0,,3935,src-a1dd899f902d,,
boundaries.in.wards.state=in_s28.ulb=900240,ward,S28,,900240,boundaries/in/wards/state=in_s28/ulb=900240/all.geojson,geojson,EPSG:4326,coord-precision-round,0.0001,9,9,0,,7963,src-a1dd899f902d,,
boundaries.in.wards.state=in_s28.ulb=900241,ward,S28,,900241,boundaries/in/wards/state=in_s28/ulb=900241/all.geojson,geojson,EPSG:4326,coord-precision-round,0.0001,7,7,0,,24791,src-a1dd899f902d,,
boundaries.in.wards.state=in_s28.ulb=900243,ward,S28,,900243,boundaries/in/wards/state=in_s28/ulb=900243/all.geojson,geojson,EPSG:4326,coord-precision-round,0.0001,4,4,0,,6085,src-a1dd899f902d,,
boundaries.in.wards.state=in_s28.ulb=900244,ward,S28,,900244,boundaries/in/wards/state=in_s28/ulb=900244/all.geojson,geojson,EPSG:4326,coord-precision-round,0.0001,4,4,0,,11015,src-a1dd899f902d,,
boundaries.in.wards.state=in_s28.ulb=900246,ward,S28,,900246,boundaries/in/wards/state=in_s28/ulb=900246/all.geojson,geojson,EPSG:4326,coord-precision-round,0.0001,7,7,0,,12908,src-a1dd899f902d,,
boundaries.in.wards.state=in_s28.ulb=900248,ward,S28,,900248,boundaries/in/wards/state=in_s28/ulb=900248/all.geojson,geojson,EPSG:4326,coord-precision-round,0.0001,4,4,0,,12505,src-a1dd899f902d,,
boundaries.in.wards.state=in_s28.ulb=900250,ward,S28,,900250,boundaries/in/wards/state=in_s28/ulb=900250/all.geojson,geojson,EPSG:4326,coord-precision-round,0.0001,7,7,0,,9074,src-a1dd899f902d,,
boundaries.in.wards.state=in_s28.ulb=900251,ward,S28,,900251,boundaries/in/wards/state=in_s28/ulb=900251/all.geojson,geojson,EPSG:4326,coord-precision-round,0.0001,7,7,0,,20873,src-a1dd899f902d,,
boundaries.in.wards.state=in_s28.ulb=900439,ward,S28,,900439,boundaries/in/wards/state=in_s28/ulb=900439/all.geojson,geojson,EPSG:4326,coord-precision-round,0.0001,7,7,0,,13642,src-a1dd899f902d,,
boundaries.in.wards.state=in_s28.ulb=900604,ward,S28,,900604,boundaries/in/wards/state=in_s28/ulb=900604/all.geojson,geojson,EPSG:4326,coord-precision-round,0.0001,4,4,0,,18529,src-a1dd899f902d,,
boundaries.in.wards.state=in_s28.ulb=900844,ward,S28,,900844,boundaries/in/wards/state=in_s28/ulb=900844/all.geojson,geojson,EPSG:4326,coord-precision-round,0.0001,9,9,0,,19143,src-a1dd899f902d,,
boundaries.in.wards.state=in_s29.ulb=802896,ward,S29,,802896,boundaries/in/wards/state=in_s29/ulb=802896/all.geojson,geojson,EPSG:4326,coord-precision-round,0.0001,49,49,0,,54028,src-a1dd899f902d,,
boundaries.in.wards.state=in_s29.ulb=802897,ward,S29,,802897,boundaries/in/wards/state=in_s29/ulb=802897/all.geojson,geojson,EPSG:4326,coord-precision-round,0.0001,30,30,0,,33465,src-a1dd899f902d,,
boundaries.in.wards.state=in_s29.ulb=802898,ward,S29,,802898,boundaries/in/wards/state=in_s29/ulb=802898/all.geojson,geojson,EPSG:4326,coord-precision-round,0.0001,26,26,0,,22244,src-a1dd899f902d,,
boundaries.in.wards.state=in_s29.ulb=802900,ward,S29,,802900,boundaries/in/wards/state=in_s29/ulb=802900/all.geojson,geojson,EPSG:4326,coord-precision-round,0.0001,67,67,0,,151273,src-a1dd899f902d,,
boundaries.in.wards.state=in_s29.ulb=802901,ward,S29,,802901,boundaries/in/wards/state=in_s29/ulb=802901/all.geojson,geojson,EPSG:4326,coord-precision-round,0.0001,24,24,0,,36077,src-a1dd899f902d,,
boundaries.in.wards.state=in_s29.ulb=802903,ward,S29,,802903,boundaries/in/wards/state=in_s29/ulb=802903/all.geojson,geojson,EPSG:4326,coord-precision-round,0.0001,36,36,0,,61450,src-a1dd899f902d,,
boundaries.in.wards.state=in_s29.ulb=802904,ward,S29,,802904,boundaries/in/wards/state=in_s29/ulb=802904/all.geojson,geojson,EPSG:4326,coord-precision-round,0.0001,60,60,0,,75772,src-a1dd899f902d,,
boundaries.in.wards.state=in_s29.ulb=802905,ward,S29,,802905,boundaries/in/wards/state=in_s29/ulb=802905/all.geojson,geojson,EPSG:4326,coord-precision-round,0.0001,38,38,0,,43211,src-a1dd899f902d,,
boundaries.in.wards.state=in_s29.ulb=802906,ward,S29,,802906,boundaries/in/wards/state=in_s29/ulb=802906/all.geojson,geojson,EPSG:4326,coord-precision-round,0.0001,49,49,0,,83490,src-a1dd899f902d,,
boundaries.in.wards.state=in_s29.ulb=802907,ward,S29,,802907,boundaries/in/wards/state=in_s29/ulb=802907/all.geojson,geojson,EPSG:4326,coord-precision-round,0.0001,50,50,0,,68667,src-a1dd899f902d,,
boundaries.in.wards.state=in_s29.ulb=802908,ward,S29,,802908,boundaries/in/wards/state=in_s29/ulb=802908/all.geojson,geojson,EPSG:4326,coord-precision-round,0.0001,48,48,0,,42531,src-a1dd899f902d,,
boundaries.in.wards.state=in_s29.ulb=802909,ward,S29,,802909,boundaries/in/wards/state=in_s29/ulb=802909/all.geojson,geojson,EPSG:4326,coord-precision-round,0.0001,33,33,0,,44620,src-a1dd899f902d,,
boundaries.in.wards.state=in_s29.ulb=802910,ward,S29,,802910,boundaries/in/wards/state=in_s29/ulb=802910/all.geojson,geojson,EPSG:4326,coord-precision-round,0.0001,26,26,0,,26989,src-a1dd899f902d,,
boundaries.in.wards.state=in_s29.ulb=802912,ward,S29,,802912,boundaries/in/wards/state=in_s29/ulb=802912/all.geojson,geojson,EPSG:4326,coord-precision-round,0.0001,39,39,0,,52190,src-a1dd899f902d,,
boundaries.in.wards.state=in_s29.ulb=802913,ward,S29,,802913,boundaries/in/wards/state=in_s29/ulb=802913/all.geojson,geojson,EPSG:4326,coord-precision-round,0.0001,32,32,0,,42283,src-a1dd899f902d,,
boundaries.in.wards.state=in_s29.ulb=802914,ward,S29,,802914,boundaries/in/wards/state=in_s29/ulb=802914/all.geojson,geojson,EPSG:4326,coord-precision-round,0.0001,43,43,0,,73899,src-a1dd899f902d,,
boundaries.in.wards.state=in_s29.ulb=802917,ward,S29,,802917,boundaries/in/wards/state=in_s29/ulb=802917/all.geojson,geojson,EPSG:4326,coord-precision-round,0.0001,38,38,0,,62107,src-a1dd899f902d,,
boundaries.in.wards.state=in_s29.ulb=802918,ward,S29,,802918,boundaries/in/wards/state=in_s29/ulb=802918/all.geojson,geojson,EPSG:4326,coord-precision-round,0.0001,145,145,0,,795817,src-a1dd899f902d,,
boundaries.in.wards.state=in_s29.ulb=802919,ward,S29,,802919,boundaries/in/wards/state=in_s29/ulb=802919/all.geojson,geojson,EPSG:4326,coord-precision-round,0.0001,8,8,0,,26396,src-a1dd899f902d,,
boundaries.in.wards.state=in_s29.ulb=802920,ward,S29,,802920,boundaries/in/wards/state=in_s29/ulb=802920/all.geojson,geojson,EPSG:4326,coord-precision-round,0.0001,34,34,0,,92049,src-a1dd899f902d,,
boundaries.in.wards.state=in_s29.ulb=802921,ward,S29,,802921,boundaries/in/wards/state=in_s29/ulb=802921/all.geojson,geojson,EPSG:4326,coord-precision-round,0.0001,36,36,0,,43896,src-a1dd899f902d,,
boundaries.in.wards.state=in_s29.ulb=802922,ward,S29,,802922,boundaries/in/wards/state=in_s29/ulb=802922/all.geojson,geojson,EPSG:4326,coord-precision-round,0.0001,49,49,0,,165615,src-a1dd899f902d,,
boundaries.in.wards.state=in_s29.ulb=802924,ward,S29,,802924,boundaries/in/wards/state=in_s29/ulb=802924/all.geojson,geojson,EPSG:4326,coord-precision-round,0.0001,33,33,0,,57108,src-a1dd899f902d,,
boundaries.in.wards.state=in_s29.ulb=802925,ward,S29,,802925,boundaries/in/wards/state=in_s29/ulb=802925/all.geojson,geojson,EPSG:4326,coord-precision-round,0.0001,37,37,0,,41504,src-a1dd899f902d,,
boundaries.in.wards.state=in_s29.ulb=802926,ward,S29,,802926,boundaries/in/wards/state=in_s29/ulb=802926/all.geojson,geojson,EPSG:4326,coord-precision-round,0.0001,225,225,0,,364767,src-a1dd899f902d,,
boundaries.in.wards.state=in_s29.ulb=802927,ward,S29,,802927,boundaries/in/wards/state=in_s29/ulb=802927/all.geojson,geojson,EPSG:4326,coord-precision-round,0.0001,48,48,0,,67542,src-a1dd899f902d,,
boundaries.in.wards.state=in_s29.ulb=802928,ward,S29,,802928,boundaries/in/wards/state=in_s29/ulb=802928/all.geojson,geojson,EPSG:4326,coord-precision-round,0.0001,49,49,0,,70230,src-a1dd899f902d,,
boundaries.in.wards.state=in_s29.ulb=802929,ward,S29,,802929,boundaries/in/wards/state=in_s29/ulb=802929/all.geojson,geojson,EPSG:4326,coord-precision-round,0.0001,41,41,0,,92315,src-a1dd899f902d,,
boundaries.in.wards.state=in_s29.ulb=802931,ward,S29,,802931,boundaries/in/wards/state=in_s29/ulb=802931/all.geojson,geojson,EPSG:4326,coord-precision-round,0.0001,30,30,0,,33676,src-a1dd899f902d,,
boundaries.in.wards.state=in_s29.ulb=802932,ward,S29,,802932,boundaries/in/wards/state=in_s29/ulb=802932/all.geojson,geojson,EPSG:4326,coord-precision-round,0.0001,16,16,0,,15517,src-a1dd899f902d,,
boundaries.in.wards.state=in_s29.ulb=802933,ward,S29,,802933,boundaries/in/wards/state=in_s29/ulb=802933/all.geojson,geojson,EPSG:4326,coord-precision-round,0.0001,24,24,0,,44545,src-a1dd899f902d,,
boundaries.in.wards.state=in_s29.ulb=802934,ward,S29,,802934,boundaries/in/wards/state=in_s29/ulb=802934/all.geojson,geojson,EPSG:4326,coord-precision-round,0.0001,36,36,0,,43615,src-a1dd899f902d,,
boundaries.in.wards.state=in_s29.ulb=802935,ward,S29,,802935,boundaries/in/wards/state=in_s29/ulb=802935/all.geojson,geojson,EPSG:4326,coord-precision-round,0.0001,24,24,0,,30811,src-a1dd899f902d,,
boundaries.in.wards.state=in_s29.ulb=802936,ward,S29,,802936,boundaries/in/wards/state=in_s29/ulb=802936/all.geojson,geojson,EPSG:4326,coord-precision-round,0.0001,23,23,0,,20025,src-a1dd899f902d,,
boundaries.in.wards.state=in_s29.ulb=802937,ward,S29,,802937,boundaries/in/wards/state=in_s29/ulb=802937/all.geojson,geojson,EPSG:4326,coord-precision-round,0.0001,60,60,0,,108042,src-a1dd899f902d,,
boundaries.in.wards.state=in_s29.ulb=900012,ward,S29,,900012,boundaries/in/wards/state=in_s29/ulb=900012/all.geojson,geojson,EPSG:4326,coord-precision-round,0.0001,23,23,0,,38236,src-a1dd899f902d,,
boundaries.in.wards.state=in_s29.ulb=900016,ward,S29,,900016,boundaries/in/wards/state=in_s29/ulb=900016/all.geojson,geojson,EPSG:4326,coord-precision-round,0.0001,30,30,0,,33580,src-a1dd899f902d,,
boundaries.in.wards.state=in_s29.ulb=900017,ward,S29,,900017,boundaries/in/wards/state=in_s29/ulb=900017/all.geojson,geojson,EPSG:4326,coord-precision-round,0.0001,36,36,0,,37568,src-a1dd899f902d,,
boundaries.in.wards.state=in_s29.ulb=900018,ward,S29,,900018,boundaries/in/wards/state=in_s29/ulb=900018/all.geojson,geojson,EPSG:4326,coord-precision-round,0.0001,28,28,0,,39553,src-a1dd899f902d,,
boundaries.in.wards.state=in_s29.ulb=900019,ward,S29,,900019,boundaries/in/wards/state=in_s29/ulb=900019/all.geojson,geojson,EPSG:4326,coord-precision-round,0.0001,22,22,0,,24996,src-a1dd899f902d,,
boundaries.in.wards.state=in_s29.ulb=900020,ward,S29,,900020,boundaries/in/wards/state=in_s29/ulb=900020/all.geojson,geojson,EPSG:4326,coord-precision-round,0.0001,30,30,0,,37393,src-a1dd899f902d,,
boundaries.in.wards.state=in_s29.ulb=900021,ward,S29,,900021,boundaries/in/wards/state=in_s29/ulb=900021/all.geojson,geojson,EPSG:4326,coord-precision-round,0.0001,36,36,0,,36405,src-a1dd899f902d,,
boundaries.in.wards.state=in_s29.ulb=900022,ward,S29,,900022,boundaries/in/wards/state=in_s29/ulb=900022/all.geojson,geojson,EPSG:4326,coord-precision-round,0.0001,24,24,0,,31067,src-a1dd899f902d,,
boundaries.in.wards.state=in_s29.ulb=900039,ward,S29,,900039,boundaries/in/wards/state=in_s29/ulb=900039/all.geojson,geojson,EPSG:4326,coord-precision-round,0.0001,20,20,0,,41647,src-a1dd899f902d,,
boundaries.in.wards.state=in_s29.ulb=900040,ward,S29,,900040,boundaries/in/wards/state=in_s29/ulb=900040/all.geojson,geojson,EPSG:4326,coord-precision-round,0.0001,22,22,0,,42173,src-a1dd899f902d,,
boundaries.in.wards.state=in_s29.ulb=900041,ward,S29,,900041,boundaries/in/wards/state=in_s29/ulb=900041/all.geojson,geojson,EPSG:4326,coord-precision-round,0.0001,24,24,0,,48806,src-a1dd899f902d,,
boundaries.in.wards.state=in_s29.ulb=900066,ward,S29,,900066,boundaries/in/wards/state=in_s29/ulb=900066/all.geojson,geojson,EPSG:4326,coord-precision-round,0.0001,20,20,0,,40042,src-a1dd899f902d,,
boundaries.in.wards.state=in_s29.ulb=900067,ward,S29,,900067,boundaries/in/wards/state=in_s29/ulb=900067/all.geojson,geojson,EPSG:4326,coord-precision-round,0.0001,20,20,0,,31309,src-a1dd899f902d,,
boundaries.in.wards.state=in_s29.ulb=900068,ward,S29,,900068,boundaries/in/wards/state=in_s29/ulb=900068/all.geojson,geojson,EPSG:4326,coord-precision-round,0.0001,28,28,0,,46771,src-a1dd899f902d,,
boundaries.in.wards.state=in_s29.ulb=900069,ward,S29,,900069,boundaries/in/wards/state=in_s29/ulb=900069/all.geojson,geojson,EPSG:4326,coord-precision-round,0.0001,35,35,0,,54788,src-a1dd899f902d,,
boundaries.in.wards.state=in_s29.ulb=900070,ward,S29,,900070,boundaries/in/wards/state=in_s29/ulb=900070/all.geojson,geojson,EPSG:4326,coord-precision-round,0.0001,32,32,0,,72668,src-a1dd899f902d,,
boundaries.in.wards.state=in_s29.ulb=900071,ward,S29,,900071,boundaries/in/wards/state=in_s29/ulb=900071/all.geojson,geojson,EPSG:4326,coord-precision-round,0.0001,24,24,0,,75172,src-a1dd899f902d,,
boundaries.in.wards.state=in_s29.ulb=900072,ward,S29,,900072,boundaries/in/wards/state=in_s29/ulb=900072/all.geojson,geojson,EPSG:4326,coord-precision-round,0.0001,24,24,0,,67498,src-a1dd899f902d,,
boundaries.in.wards.state=in_s29.ulb=900103,ward,S29,,900103,boundaries/in/wards/state=in_s29/ulb=900103/all.geojson,geojson,EPSG:4326,coord-precision-round,0.0001,20,20,0,,26345,src-a1dd899f902d,,
boundaries.in.wards.state=in_s29.ulb=900106,ward,S29,,900106,boundaries/in/wards/state=in_s29/ulb=900106/all.geojson,geojson,EPSG:4326,coord-precision-round,0.0001,20,20,0,,43405,src-a1dd899f902d,,
boundaries.in.wards.state=in_s29.ulb=900147,ward,S29,,900147,boundaries/in/wards/state=in_s29/ulb=900147/all.geojson,geojson,EPSG:4326,coord-precision-round,0.0001,27,27,0,,43725,src-a1dd899f902d,,
boundaries.in.wards.state=in_s29.ulb=900475,ward,S29,,900475,boundaries/in/wards/state=in_s29/ulb=900475/all.geojson,geojson,EPSG:4326,coord-precision-round,0.0001,28,28,0,,40903,src-a1dd899f902d,,
boundaries.in.wards.state=in_s29.ulb=900476,ward,S29,,900476,boundaries/in/wards/state=in_s29/ulb=900476/all.geojson,geojson,EPSG:4326,coord-precision-round,0.0001,26,26,0,,50829,src-a1dd899f902d,,
boundaries.in.wards.state=in_s29.ulb=900477,ward,S29,,900477,boundaries/in/wards/state=in_s29/ulb=900477/all.geojson,geojson,EPSG:4326,coord-precision-round,0.0001,28,28,0,,83014,src-a1dd899f902d,,
boundaries.in.wards.state=in_s29.ulb=900479,ward,S29,,900479,boundaries/in/wards/state=in_s29/ulb=900479/all.geojson,geojson,EPSG:4326,coord-precision-round,0.0001,46,46,0,,64636,src-a1dd899f902d,,
boundaries.in.wards.state=in_s29.ulb=900514,ward,S29,,900514,boundaries/in/wards/state=in_s29/ulb=900514/all.geojson,geojson,EPSG:4326,coord-precision-round,0.0001,15,15,0,,52756,src-a1dd899f902d,,
boundaries.in.wards.state=in_s29.ulb=900516,ward,S29,,900516,boundaries/in/wards/state=in_s29/ulb=900516/all.geojson,geojson,EPSG:4326,coord-precision-round,0.0001,10,10,0,,14051,src-a1dd899f902d,,
boundaries.in.wards.state=in_s29.ulb=900517,ward,S29,,900517,boundaries/in/wards/state=in_s29/ulb=900517/all.geojson,geojson,EPSG:4326,coord-precision-round,0.0001,15,15,0,,15533,src-a1dd899f902d,,
boundaries.in.wards.state=in_s29.ulb=900518,ward,S29,,900518,boundaries/in/wards/state=in_s29/ulb=900518/all.geojson,geojson,EPSG:4326,coord-precision-round,0.0001,10,10,0,,19958,src-a1dd899f902d,,
boundaries.in.wards.state=in_s29.ulb=900520,ward,S29,,900520,boundaries/in/wards/state=in_s29/ulb=900520/all.geojson,geojson,EPSG:4326,coord-precision-round,0.0001,10,10,0,,20351,src-a1dd899f902d,,
boundaries.in.wards.state=in_s29.ulb=900521,ward,S29,,900521,boundaries/in/wards/state=in_s29/ulb=900521/all.geojson,geojson,EPSG:4326,coord-precision-round,0.0001,299,299,0,,712682,src-a1dd899f902d,,
boundaries.in.wards.state=in_s29.ulb=900522,ward,S29,,900522,boundaries/in/wards/state=in_s29/ulb=900522/all.geojson,geojson,EPSG:4326,coord-precision-round,0.0001,19,19,0,,48933,src-a1dd899f902d,,
boundaries.in.wards.state=in_s29.ulb=900523,ward,S29,,900523,boundaries/in/wards/state=in_s29/ulb=900523/all.geojson,geojson,EPSG:4326,coord-precision-round,0.0001,10,10,0,,21254,src-a1dd899f902d,,
boundaries.in.wards.state=in_s29.ulb=900524,ward,S29,,900524,boundaries/in/wards/state=in_s29/ulb=900524/all.geojson,geojson,EPSG:4326,coord-precision-round,0.0001,10,10,0,,23907,src-a1dd899f902d,,
boundaries.in.wards.state=in_s29.ulb=900525,ward,S29,,900525,boundaries/in/wards/state=in_s29/ulb=900525/all.geojson,geojson,EPSG:4326,coord-precision-round,0.0001,22,22,0,,26484,src-a1dd899f902d,,
boundaries.in.wards.state=in_s29.ulb=900526,ward,S29,,900526,boundaries/in/wards/state=in_s29/ulb=900526/all.geojson,geojson,EPSG:4326,coord-precision-round,0.0001,27,27,0,,58343,src-a1dd899f902d,,
boundaries.in.wards.state=in_s29.ulb=900527,ward,S29,,900527,boundaries/in/wards/state=in_s29/ulb=900527/all.geojson,geojson,EPSG:4326,coord-precision-round,0.0001,18,18,0,,26266,src-a1dd899f902d,,
boundaries.in.wards.state=in_s29.ulb=900528,ward,S29,,900528,boundaries/in/wards/state=in_s29/ulb=900528/all.geojson,geojson,EPSG:4326,coord-precision-round,0.0001,12,12,0,,26688,src-a1dd899f902d,,
boundaries.in.wards.state=in_s29.ulb=900530,ward,S29,,900530,boundaries/in/wards/state=in_s29/ulb=900530/all.geojson,geojson,EPSG:4326,coord-precision-round,0.0001,14,14,0,,14381,src-a1dd899f902d,,
boundaries.in.wards.state=in_s29.ulb=900531,ward,S29,,900531,boundaries/in/wards/state=in_s29/ulb=900531/all.geojson,geojson,EPSG:4326,coord-precision-round,0.0001,20,20,0,,46921,src-a1dd899f902d,,
boundaries.in.wards.state=in_s29.ulb=900532,ward,S29,,900532,boundaries/in/wards/state=in_s29/ulb=900532/all.geojson,geojson,EPSG:4326,coord-precision-round,0.0001,18,18,0,,30942,src-a1dd899f902d,,
boundaries.in.wards.state=in_s29.ulb=900533,ward,S29,,900533,boundaries/in/wards/state=in_s29/ulb=900533/all.geojson,geojson,EPSG:4326,coord-precision-round,0.0001,15,15,0,,13889,src-a1dd899f902d,,
boundaries.in.wards.state=in_s29.ulb=900534,ward,S29,,900534,boundaries/in/wards/state=in_s29/ulb=900534/all.geojson,geojson,EPSG:4326,coord-precision-round,0.0001,15,15,0,,15154,src-a1dd899f902d,,
boundaries.in.wards.state=in_s29.ulb=900537,ward,S29,,900537,boundaries/in/wards/state=in_s29/ulb=900537/all.geojson,geojson,EPSG:4326,coord-precision-round,0.0001,15,15,0,,31871,src-a1dd899f902d,,
boundaries.in.wards.state=in_s29.ulb=900538,ward,S29,,900538,boundaries/in/wards/state=in_s29/ulb=900538/all.geojson,geojson,EPSG:4326,coord-precision-round,0.0001,12,12,0,,34889,src-a1dd899f902d,,
boundaries.in.wards.state=in_s29.ulb=900539,ward,S29,,900539,boundaries/in/wards/state=in_s29/ulb=900539/all.geojson,geojson,EPSG:4326,coord-precision-round,0.0001,28,28,0,,39930,src-a1dd899f902d,,
boundaries.in.wards.state=in_s29.ulb=900540,ward,S29,,900540,boundaries/in/wards/state=in_s29/ulb=900540/all.geojson,geojson,EPSG:4326,coord-precision-round,0.0001,12,12,0,,14665,src-a1dd899f902d,,
boundaries.in.wards.state=in_s29.ulb=900541,ward,S29,,900541,boundaries/in/wards/state=in_s29/ulb=900541/all.geojson,geojson,EPSG:4326,coord-precision-round,0.0001,12,12,0,,15553,src-a1dd899f902d,,
boundaries.in.wards.state=in_s29.ulb=900542,ward,S29,,900542,boundaries/in/wards/state=in_s29/ulb=900542/all.geojson,geojson,EPSG:4326,coord-precision-round,0.0001,18,18,0,,27568,src-a1dd899f902d,,
boundaries.in.wards.state=in_s29.ulb=900544,ward,S29,,900544,boundaries/in/wards/state=in_s29/ulb=900544/all.geojson,geojson,EPSG:4326,coord-precision-round,0.0001,15,15,0,,19838,src-a1dd899f902d,,
boundaries.in.wards.state=in_s29.ulb=900545,ward,S29,,900545,boundaries/in/wards/state=in_s29/ulb=900545/all.geojson,geojson,EPSG:4326,coord-precision-round,0.0001,12,12,0,,13881,src-a1dd899f902d,,
boundaries.in.wards.state=in_s29.ulb=900546,ward,S29,,900546,boundaries/in/wards/state=in_s29/ulb=900546/all.geojson,geojson,EPSG:4326,coord-precision-round,0.0001,22,22,0,,38069,src-a1dd899f902d,,
boundaries.in.wards.state=in_s29.ulb=900548,ward,S29,,900548,boundaries/in/wards/state=in_s29/ulb=900548/all.geojson,geojson,EPSG:4326,coord-precision-round,0.0001,16,16,0,,23592,src-a1dd899f902d,,
boundaries.in.wards.state=in_s29.ulb=900550,ward,S29,,900550,boundaries/in/wards/state=in_s29/ulb=900550/all.geojson,geojson,EPSG:4326,coord-precision-round,0.0001,13,13,0,,16866,src-a1dd899f902d,,
boundaries.in.wards.state=in_s29.ulb=900551,ward,S29,,900551,boundaries/in/wards/state=in_s29/ulb=900551/all.geojson,geojson,EPSG:4326,coord-precision-round,0.0001,15,15,0,,18310,src-a1dd899f902d,,
boundaries.in.wards.state=in_s29.ulb=900552,ward,S29,,900552,boundaries/in/wards/state=in_s29/ulb=900552/all.geojson,geojson,EPSG:4326,coord-precision-round,0.0001,12,12,0,,16485,src-a1dd899f902d,,
boundaries.in.wards.state=in_s29.ulb=900553,ward,S29,,900553,boundaries/in/wards/state=in_s29/ulb=900553/all.geojson,geojson,EPSG:4326,coord-precision-round,0.0001,20,20,0,,33937,src-a1dd899f902d,,
boundaries.in.wards.state=in_s29.ulb=900554,ward,S29,,900554,boundaries/in/wards/state=in_s29/ulb=900554/all.geojson,geojson,EPSG:4326,coord-precision-round,0.0001,12,12,0,,27852,src-a1dd899f902d,,
boundaries.in.wards.state=in_s29.ulb=900555,ward,S29,,900555,boundaries/in/wards/state=in_s29/ulb=900555/all.geojson,geojson,EPSG:4326,coord-precision-round,0.0001,15,15,0,,19388,src-a1dd899f902d,,
boundaries.in.wards.state=in_s29.ulb=900556,ward,S29,,900556,boundaries/in/wards/state=in_s29/ulb=900556/all.geojson,geojson,EPSG:4326,coord-precision-round,0.0001,15,15,0,,21057,src-a1dd899f902d,,
boundaries.in.wards.state=in_s29.ulb=900559,ward,S29,,900559,boundaries/in/wards/state=in_s29/ulb=900559/all.geojson,geojson,EPSG:4326,coord-precision-round,0.0001,15,15,0,,36320,src-a1dd899f902d,,
boundaries.in.wards.state=in_s29.ulb=900560,ward,S29,,900560,boundaries/in/wards/state=in_s29/ulb=900560/all.geojson,geojson,EPSG:4326,coord-precision-round,0.0001,31,31,0,,65064,src-a1dd899f902d,,
boundaries.in.wards.state=in_s29.ulb=900561,ward,S29,,900561,boundaries/in/wards/state=in_s29/ulb=900561/all.geojson,geojson,EPSG:4326,coord-precision-round,0.0001,15,15,0,,30307,src-a1dd899f902d,,
boundaries.in.wards.state=in_s29.ulb=900562,ward,S29,,900562,boundaries/in/wards/state=in_s29/ulb=900562/all.geojson,geojson,EPSG:4326,coord-precision-round,0.0001,12,12,0,,10305,src-a1dd899f902d,,
boundaries.in.wards.state=in_s29.ulb=900565,ward,S29,,900565,boundaries/in/wards/state=in_s29/ulb=900565/all.geojson,geojson,EPSG:4326,coord-precision-round,0.0001,12,12,0,,11291,src-a1dd899f902d,,
boundaries.in.wards.state=in_s29.ulb=900567,ward,S29,,900567,boundaries/in/wards/state=in_s29/ulb=900567/all.geojson,geojson,EPSG:4326,coord-precision-round,0.0001,25,25,0,,56497,src-a1dd899f902d,,
boundaries.in.wards.state=in_s29.ulb=900568,ward,S29,,900568,boundaries/in/wards/state=in_s29/ulb=900568/all.geojson,geojson,EPSG:4326,coord-precision-round,0.0001,15,15,0,,28786,src-a1dd899f902d,,
boundaries.in.wards.state=in_s29.ulb=900569,ward,S29,,900569,boundaries/in/wards/state=in_s29/ulb=900569/all.geojson,geojson,EPSG:4326,coord-precision-round,0.0001,15,15,0,,24644,src-a1dd899f902d,,
boundaries.in.wards.state=in_s29.ulb=900571,ward,S29,,900571,boundaries/in/wards/state=in_s29/ulb=900571/all.geojson,geojson,EPSG:4326,coord-precision-round,0.0001,16,16,0,,38224,src-a1dd899f902d,,
boundaries.in.wards.state=in_s29.ulb=900572,ward,S29,,900572,boundaries/in/wards/state=in_s29/ulb=900572/all.geojson,geojson,EPSG:4326,coord-precision-round,0.0001,16,16,0,,22798,src-a1dd899f902d,,
boundaries.in.wards.state=in_s29.ulb=900573,ward,S29,,900573,boundaries/in/wards/state=in_s29/ulb=900573/all.geojson,geojson,EPSG:4326,coord-precision-round,0.0001,15,15,0,,43703,src-a1dd899f902d,,
boundaries.in.wards.state=in_s29.ulb=900576,ward,S29,,900576,boundaries/in/wards/state=in_s29/ulb=900576/all.geojson,geojson,EPSG:4326,coord-precision-round,0.0001,24,24,0,,43164,src-a1dd899f902d,,
boundaries.in.wards.state=in_s29.ulb=900577,ward,S29,,900577,boundaries/in/wards/state=in_s29/ulb=900577/all.geojson,geojson,EPSG:4326,coord-precision-round,0.0001,10,10,0,,11435,src-a1dd899f902d,,
boundaries.in.wards.state=in_s29.ulb=900578,ward,S29,,900578,boundaries/in/wards/state=in_s29/ulb=900578/all.geojson,geojson,EPSG:4326,coord-precision-round,0.0001,12,12,0,,13453,src-a1dd899f902d,,
boundaries.in.wards.state=in_s29.ulb=900579,ward,S29,,900579,boundaries/in/wards/state=in_s29/ulb=900579/all.geojson,geojson,EPSG:4326,coord-precision-round,0.0001,20,20,0,,33346,src-a1dd899f902d,,
boundaries.in.wards.state=in_s29.ulb=900580,ward,S29,,900580,boundaries/in/wards/state=in_s29/ulb=900580/all.geojson,geojson,EPSG:4326,coord-precision-round,0.0001,12,12,0,,32717,src-a1dd899f902d,,
boundaries.in.wards.state=in_s29.ulb=900581,ward,S29,,900581,boundaries/in/wards/state=in_s29/ulb=900581/all.geojson,geojson,EPSG:4326,coord-precision-round,0.0001,12,12,0,,36264,src-a1dd899f902d,,
boundaries.in.wards.state=in_s29.ulb=900732,ward,S29,,900732,boundaries/in/wards/state=in_s29/ulb=900732/all.geojson,geojson,EPSG:4326,coord-precision-round,0.0001,20,20,0,,24095,src-a1dd899f902d,,
boundaries.in.wards.state=in_s29.ulb=900733,ward,S29,,900733,boundaries/in/wards/state=in_s29/ulb=900733/all.geojson,geojson,EPSG:4326,coord-precision-round,0.0001,12,12,0,,19776,src-a1dd899f902d,,
boundaries.in.wards.state=in_u01.ulb=804041,ward,U01,,804041,boundaries/in/wards/state=in_u01/ulb=804041/all.geojson,geojson,EPSG:4326,coord-precision-round,0.0001,1,1,0,,7367,src-a1dd899f902d,,
boundaries.in.wards.state=in_u02.ulb=800286,ward,U02,,800286,boundaries/in/wards/state=in_u02/ulb=800286/all.geojson,geojson,EPSG:4326,coord-precision-round,0.0001,35,35,0,,118766,src-a1dd899f902d,,
boundaries.in.wards.state=in_u03.ulb=800047,ward,U03,,800047,boundaries/in/wards/state=in_u03/ulb=800047/all.geojson,geojson,EPSG:4326,coord-precision-round,0.0001,2,2,0,,3257,src-a1dd899f902d,,
boundaries.in.wards.state=in_u05.ulb=800441,ward,U05,,800441,boundaries/in/wards/state=in_u05/ulb=800441/all.geojson,geojson,EPSG:4326,coord-precision-round,0.0001,235,235,0,,2528953,src-a1dd899f902d,,
boundaries.in.wards.state=in_u05.ulb=800442,ward,U05,,800442,boundaries/in/wards/state=in_u05/ulb=800442/all.geojson,geojson,EPSG:4326,coord-precision-round,0.0001,14,14,0,,63328,src-a1dd899f902d,,
boundaries.in.wards.state=in_u05.ulb=800443,ward,U05,,800443,boundaries/in/wards/state=in_u05/ulb=800443/all.geojson,geojson,EPSG:4326,coord-precision-round,0.0001,7,7,0,,9248,src-a1dd899f902d,,
boundaries.in.wards.state=in_u07.ulb=804036,ward,U07,,804036,boundaries/in/wards/state=in_u07/ulb=804036/all.geojson,geojson,EPSG:4326,coord-precision-round,0.0001,34,34,0,,39837,src-a1dd899f902d,,
boundaries.in.wards.state=in_u07.ulb=804037,ward,U07,,804037,boundaries/in/wards/state=in_u07/ulb=804037/all.geojson,geojson,EPSG:4326,coord-precision-round,0.0001,42,42,0,,56077,src-a1dd899f902d,,
boundaries.in.wards.state=in_u08.ulb=800001,ward,U08,,800001,boundaries/in/wards/state=in_u08/ulb=800001/all.geojson,geojson,EPSG:4326,coord-precision-round,0.0001,13,13,0,,42868,src-a1dd899f902d,,
boundaries.in.wards.state=in_u08.ulb=800002,ward,U08,,800002,boundaries/in/wards/state=in_u08/ulb=800002/all.geojson,geojson,EPSG:4326,coord-precision-round,0.0001,13,13,0,,15623,src-a1dd899f902d,,
boundaries.in.wards.state=in_u08.ulb=800003,ward,U08,,800003,boundaries/in/wards/state=in_u08/ulb=800003/all.geojson,geojson,EPSG:4326,coord-precision-round,0.0001,21,21,0,,27055,src-a1dd899f902d,,
boundaries.in.wards.state=in_u08.ulb=800004,ward,U08,,800004,boundaries/in/wards/state=in_u08/ulb=800004/all.geojson,geojson,EPSG:4326,coord-precision-round,0.0001,13,13,0,,18163,src-a1dd899f902d,,
boundaries.in.wards.state=in_u08.ulb=800005,ward,U08,,800005,boundaries/in/wards/state=in_u08/ulb=800005/all.geojson,geojson,EPSG:4326,coord-precision-round,0.0001,13,13,0,,17272,src-a1dd899f902d,,
boundaries.in.wards.state=in_u08.ulb=800006,ward,U08,,800006,boundaries/in/wards/state=in_u08/ulb=800006/all.geojson,geojson,EPSG:4326,coord-precision-round,0.0001,21,21,0,,27546,src-a1dd899f902d,,
boundaries.in.wards.state=in_u08.ulb=800007,ward,U08,,800007,boundaries/in/wards/state=in_u08/ulb=800007/all.geojson,geojson,EPSG:4326,coord-precision-round,0.0001,13,13,0,,20239,src-a1dd899f902d,,
boundaries.in.wards.state=in_u08.ulb=800008,ward,U08,,800008,boundaries/in/wards/state=in_u08/ulb=800008/all.geojson,geojson,EPSG:4326,coord-precision-round,0.0001,7,7,0,,20139,src-a1dd899f902d,,
boundaries.in.wards.state=in_u08.ulb=800009,ward,U08,,800009,boundaries/in/wards/state=in_u08/ulb=800009/all.geojson,geojson,EPSG:4326,coord-precision-round,0.0001,5,5,0,,6691,src-a1dd899f902d,,
boundaries.in.wards.state=in_u08.ulb=800010,ward,U08,,800010,boundaries/in/wards/state=in_u08/ulb=800010/all.geojson,geojson,EPSG:4326,coord-precision-round,0.0001,17,17,0,,34282,src-a1dd899f902d,,
boundaries.in.wards.state=in_u08.ulb=800011,ward,U08,,800011,boundaries/in/wards/state=in_u08/ulb=800011/all.geojson,geojson,EPSG:4326,coord-precision-round,0.0001,13,13,0,,22635,src-a1dd899f902d,,
boundaries.in.wards.state=in_u08.ulb=800012,ward,U08,,800012,boundaries/in/wards/state=in_u08/ulb=800012/all.geojson,geojson,EPSG:4326,coord-precision-round,0.0001,13,13,0,,17759,src-a1dd899f902d,,
boundaries.in.wards.state=in_u08.ulb=800015,ward,U08,,800015,boundaries/in/wards/state=in_u08/ulb=800015/all.geojson,geojson,EPSG:4326,coord-precision-round,0.0001,17,17,0,,19714,src-a1dd899f902d,,
boundaries.in.wards.state=in_u08.ulb=800017,ward,U08,,800017,boundaries/in/wards/state=in_u08/ulb=800017/all.geojson,geojson,EPSG:4326,coord-precision-round,0.0001,13,13,0,,20497,src-a1dd899f902d,,
boundaries.in.wards.state=in_u08.ulb=800018,ward,U08,,800018,boundaries/in/wards/state=in_u08/ulb=800018/all.geojson,geojson,EPSG:4326,coord-precision-round,0.0001,7,7,0,,6853,src-a1dd899f902d,,
boundaries.in.wards.state=in_u08.ulb=800019,ward,U08,,800019,boundaries/in/wards/state=in_u08/ulb=800019/all.geojson,geojson,EPSG:4326,coord-precision-round,0.0001,13,13,0,,11938,src-a1dd899f902d,,
boundaries.in.wards.state=in_u08.ulb=800020,ward,U08,,800020,boundaries/in/wards/state=in_u08/ulb=800020/all.geojson,geojson,EPSG:4326,coord-precision-round,0.0001,13,13,0,,12945,src-a1dd899f902d,,
boundaries.in.wards.state=in_u08.ulb=800021,ward,U08,,800021,boundaries/in/wards/state=in_u08/ulb=800021/all.geojson,geojson,EPSG:4326,coord-precision-round,0.0001,13,13,0,,21071,src-a1dd899f902d,,
boundaries.in.wards.state=in_u08.ulb=800022,ward,U08,,800022,boundaries/in/wards/state=in_u08/ulb=800022/all.geojson,geojson,EPSG:4326,coord-precision-round,0.0001,18,18,0,,33881,src-a1dd899f902d,,
boundaries.in.wards.state=in_u08.ulb=800023,ward,U08,,800023,boundaries/in/wards/state=in_u08/ulb=800023/all.geojson,geojson,EPSG:4326,coord-precision-round,0.0001,13,13,0,,10763,src-a1dd899f902d,,
boundaries.in.wards.state=in_u08.ulb=800024,ward,U08,,800024,boundaries/in/wards/state=in_u08/ulb=800024/all.geojson,geojson,EPSG:4326,coord-precision-round,0.0001,13,13,0,,11604,src-a1dd899f902d,,
boundaries.in.wards.state=in_u08.ulb=800025,ward,U08,,800025,boundaries/in/wards/state=in_u08/ulb=800025/all.geojson,geojson,EPSG:4326,coord-precision-round,0.0001,13,13,0,,14736,src-a1dd899f902d,,
boundaries.in.wards.state=in_u08.ulb=800026,ward,U08,,800026,boundaries/in/wards/state=in_u08/ulb=800026/all.geojson,geojson,EPSG:4326,coord-precision-round,0.0001,13,13,0,,16154,src-a1dd899f902d,,
boundaries.in.wards.state=in_u08.ulb=800027,ward,U08,,800027,boundaries/in/wards/state=in_u08/ulb=800027/all.geojson,geojson,EPSG:4326,coord-precision-round,0.0001,17,17,0,,61646,src-a1dd899f902d,,
boundaries.in.wards.state=in_u08.ulb=800028,ward,U08,,800028,boundaries/in/wards/state=in_u08/ulb=800028/all.geojson,geojson,EPSG:4326,coord-precision-round,0.0001,13,13,0,,10887,src-a1dd899f902d,,
boundaries.in.wards.state=in_u08.ulb=800029,ward,U08,,800029,boundaries/in/wards/state=in_u08/ulb=800029/all.geojson,geojson,EPSG:4326,coord-precision-round,0.0001,13,13,0,,18252,src-a1dd899f902d,,
boundaries.in.wards.state=in_u08.ulb=800032,ward,U08,,800032,boundaries/in/wards/state=in_u08/ulb=800032/all.geojson,geojson,EPSG:4326,coord-precision-round,0.0001,13,13,0,,41161,src-a1dd899f902d,,
boundaries.in.wards.state=in_u08.ulb=800034,ward,U08,,800034,boundaries/in/wards/state=in_u08/ulb=800034/all.geojson,geojson,EPSG:4326,coord-precision-round,0.0001,8,8,0,,8412,src-a1dd899f902d,,
boundaries.in.wards.state=in_u08.ulb=800035,ward,U08,,800035,boundaries/in/wards/state=in_u08/ulb=800035/all.geojson,geojson,EPSG:4326,coord-precision-round,0.0001,13,13,0,,21367,src-a1dd899f902d,,
boundaries.in.wards.state=in_u08.ulb=800037,ward,U08,,800037,boundaries/in/wards/state=in_u08/ulb=800037/all.geojson,geojson,EPSG:4326,coord-precision-round,0.0001,13,13,0,,13086,src-a1dd899f902d,,
boundaries.in.wards.state=in_u08.ulb=800040,ward,U08,,800040,boundaries/in/wards/state=in_u08/ulb=800040/all.geojson,geojson,EPSG:4326,coord-precision-round,0.0001,13,13,0,,12877,src-a1dd899f902d,,
boundaries.in.wards.state=in_u08.ulb=800042,ward,U08,,800042,boundaries/in/wards/state=in_u08/ulb=800042/all.geojson,geojson,EPSG:4326,coord-precision-round,0.0001,13,13,0,,27545,src-a1dd899f902d,,
boundaries.in.wards.state=in_u08.ulb=800043,ward,U08,,800043,boundaries/in/wards/state=in_u08/ulb=800043/all.geojson,geojson,EPSG:4326,coord-precision-round,0.0001,6,6,0,,5898,src-a1dd899f902d,,
boundaries.in.wards.state=in_u08.ulb=800046,ward,U08,,800046,boundaries/in/wards/state=in_u08/ulb=800046/all.geojson,geojson,EPSG:4326,coord-precision-round,0.0001,8,8,0,,10598,src-a1dd899f902d,,
boundaries.in.wards.state=in_u08.ulb=800049,ward,U08,,800049,boundaries/in/wards/state=in_u08/ulb=800049/all.geojson,geojson,EPSG:4326,coord-precision-round,0.0001,17,17,0,,34861,src-a1dd899f902d,,
boundaries.in.wards.state=in_u08.ulb=800050,ward,U08,,800050,boundaries/in/wards/state=in_u08/ulb=800050/all.geojson,geojson,EPSG:4326,coord-precision-round,0.0001,13,13,0,,27986,src-a1dd899f902d,,
boundaries.in.wards.state=in_u08.ulb=800051,ward,U08,,800051,boundaries/in/wards/state=in_u08/ulb=800051/all.geojson,geojson,EPSG:4326,coord-precision-round,0.0001,7,7,0,,7903,src-a1dd899f902d,,
boundaries.in.wards.state=in_u08.ulb=800052,ward,U08,,800052,boundaries/in/wards/state=in_u08/ulb=800052/all.geojson,geojson,EPSG:4326,coord-precision-round,0.0001,7,7,0,,6867,src-a1dd899f902d,,
boundaries.in.wards.state=in_u08.ulb=800054,ward,U08,,800054,boundaries/in/wards/state=in_u08/ulb=800054/all.geojson,geojson,EPSG:4326,coord-precision-round,0.0001,13,13,0,,26638,src-a1dd899f902d,,
boundaries.in.wards.state=in_u08.ulb=800055,ward,U08,,800055,boundaries/in/wards/state=in_u08/ulb=800055/all.geojson,geojson,EPSG:4326,coord-precision-round,0.0001,21,21,0,,36387,src-a1dd899f902d,,
boundaries.in.wards.state=in_u08.ulb=800057,ward,U08,,800057,boundaries/in/wards/state=in_u08/ulb=800057/all.geojson,geojson,EPSG:4326,coord-precision-round,0.0001,7,7,0,,12987,src-a1dd899f902d,,
boundaries.in.wards.state=in_u08.ulb=800059,ward,U08,,800059,boundaries/in/wards/state=in_u08/ulb=800059/all.geojson,geojson,EPSG:4326,coord-precision-round,0.0001,13,13,0,,13898,src-a1dd899f902d,,
boundaries.in.wards.state=in_u08.ulb=800061,ward,U08,,800061,boundaries/in/wards/state=in_u08/ulb=800061/all.geojson,geojson,EPSG:4326,coord-precision-round,0.0001,13,13,0,,15331,src-a1dd899f902d,,
boundaries.in.wards.state=in_u08.ulb=800062,ward,U08,,800062,boundaries/in/wards/state=in_u08/ulb=800062/all.geojson,geojson,EPSG:4326,coord-precision-round,0.0001,17,17,0,,55034,src-a1dd899f902d,,
boundaries.in.wards.state=in_u08.ulb=800063,ward,U08,,800063,boundaries/in/wards/state=in_u08/ulb=800063/all.geojson,geojson,EPSG:4326,coord-precision-round,0.0001,13,13,0,,74602,src-a1dd899f902d,,
boundaries.in.wards.state=in_u08.ulb=800065,ward,U08,,800065,boundaries/in/wards/state=in_u08/ulb=800065/all.geojson,geojson,EPSG:4326,coord-precision-round,0.0001,17,17,0,,22351,src-a1dd899f902d,,
boundaries.in.wards.state=in_u08.ulb=800066,ward,U08,,800066,boundaries/in/wards/state=in_u08/ulb=800066/all.geojson,geojson,EPSG:4326,coord-precision-round,0.0001,14,14,0,,14000,src-a1dd899f902d,,
boundaries.in.wards.state=in_u08.ulb=800067,ward,U08,,800067,boundaries/in/wards/state=in_u08/ulb=800067/all.geojson,geojson,EPSG:4326,coord-precision-round,0.0001,13,13,0,,15757,src-a1dd899f902d,,
boundaries.in.wards.state=in_u08.ulb=800068,ward,U08,,800068,boundaries/in/wards/state=in_u08/ulb=800068/all.geojson,geojson,EPSG:4326,coord-precision-round,0.0001,7,7,0,,8497,src-a1dd899f902d,,
boundaries.in.wards.state=in_u08.ulb=800069,ward,U08,,800069,boundaries/in/wards/state=in_u08/ulb=800069/all.geojson,geojson,EPSG:4326,coord-precision-round,0.0001,13,13,0,,14423,src-a1dd899f902d,,
boundaries.in.wards.state=in_u08.ulb=800070,ward,U08,,800070,boundaries/in/wards/state=in_u08/ulb=800070/all.geojson,geojson,EPSG:4326,coord-precision-round,0.0001,13,13,0,,18070,src-a1dd899f902d,,
boundaries.in.wards.state=in_u08.ulb=800071,ward,U08,,800071,boundaries/in/wards/state=in_u08/ulb=800071/all.geojson,geojson,EPSG:4326,coord-precision-round,0.0001,75,75,0,,108384,src-a1dd899f902d,,
boundaries.in.wards.state=in_u08.ulb=800073,ward,U08,,800073,boundaries/in/wards/state=in_u08/ulb=800073/all.geojson,geojson,EPSG:4326,coord-precision-round,0.0001,7,7,0,,22800,src-a1dd899f902d,,
boundaries.in.wards.state=in_u08.ulb=800074,ward,U08,,800074,boundaries/in/wards/state=in_u08/ulb=800074/all.geojson,geojson,EPSG:4326,coord-precision-round,0.0001,13,13,0,,12808,src-a1dd899f902d,,
boundaries.in.wards.state=in_u08.ulb=800076,ward,U08,,800076,boundaries/in/wards/state=in_u08/ulb=800076/all.geojson,geojson,EPSG:4326,coord-precision-round,0.0001,13,13,0,,17558,src-a1dd899f902d,,
boundaries.in.wards.state=in_u08.ulb=800077,ward,U08,,800077,boundaries/in/wards/state=in_u08/ulb=800077/all.geojson,geojson,EPSG:4326,coord-precision-round,0.0001,13,13,0,,22265,src-a1dd899f902d,,
boundaries.in.wards.state=in_u08.ulb=800078,ward,U08,,800078,boundaries/in/wards/state=in_u08/ulb=800078/all.geojson,geojson,EPSG:4326,coord-precision-round,0.0001,13,13,0,,14254,src-a1dd899f902d,,
boundaries.in.wards.state=in_u08.ulb=800080,ward,U08,,800080,boundaries/in/wards/state=in_u08/ulb=800080/all.geojson,geojson,EPSG:4326,coord-precision-round,0.0001,13,13,0,,15996,src-a1dd899f902d,,
boundaries.in.wards.state=in_u08.ulb=800081,ward,U08,,800081,boundaries/in/wards/state=in_u08/ulb=800081/all.geojson,geojson,EPSG:4326,coord-precision-round,0.0001,13,13,0,,13612,src-a1dd899f902d,,
boundaries.in.wards.state=in_u08.ulb=800083,ward,U08,,800083,boundaries/in/wards/state=in_u08/ulb=800083/all.geojson,geojson,EPSG:4326,coord-precision-round,0.0001,7,7,0,,6790,src-a1dd899f902d,,
boundaries.in.wards.state=in_u08.ulb=800085,ward,U08,,800085,boundaries/in/wards/state=in_u08/ulb=800085/all.geojson,geojson,EPSG:4326,coord-precision-round,0.0001,13,13,0,,18538,src-a1dd899f902d,,
boundaries.in.wards.state=in_u08.ulb=800086,ward,U08,,800086,boundaries/in/wards/state=in_u08/ulb=800086/all.geojson,geojson,EPSG:4326,coord-precision-round,0.0001,13,13,0,,21617,src-a1dd899f902d,,
boundaries.in.wards.state=in_u08.ulb=900173,ward,U08,,900173,boundaries/in/wards/state=in_u08/ulb=900173/all.geojson,geojson,EPSG:4326,coord-precision-round,0.0001,13,13,0,,13128,src-a1dd899f902d,,
boundaries.in.wards.state=in_u08.ulb=900181,ward,U08,,900181,boundaries/in/wards/state=in_u08/ulb=900181/all.geojson,geojson,EPSG:4326,coord-precision-round,0.0001,7,7,0,,5885,src-a1dd899f902d,,
