{"type": "FeatureCollection", "features": [{"type": "Feature", "geometry": {"type": "Polygon", "coordinates": [[[78.276, 12.907], [78.2761, 12.903], [78.2767, 12.9], [78.2769, 12.8985], [78.2789, 12.8987], [78.28, 12.8987], [78.281, 12.8987], [78.282, 12.899], [78.284, 12.8994], [78.2841, 12.8979], [78.2842, 12.8966], [78.2843, 12.8933], [78.2843, 12.8918], [78.2843, 12.8893], [78.2842, 12.8879], [78.2833, 12.8876], [78.2817, 12.887], [78.2785, 12.8865], [78.2761, 12.8864], [78.276, 12.888], [78.2735, 12.8884], [78.2735, 12.8871], [78.2738, 12.8848], [78.2744, 12.8828], [78.2758, 12.8783], [78.2718, 12.8774], [78.2694, 12.877], [78.2664, 12.8762], [78.2616, 12.8758], [78.261, 12.8793], [78.2608, 12.882], [78.2597, 12.8819], [78.2565, 12.8816], [78.2546, 12.8813], [78.2558, 12.8835], [78.2565, 12.8844], [78.2577, 12.8869], [78.2583, 12.8893], [78.2589, 12.8923], [78.2599, 12.8953], [78.2606, 12.8969], [78.2602, 12.8981], [78.2595, 12.8989], [78.259, 12.9004], [78.2585, 12.9022], [78.2583, 12.9032], [78.2577, 12.9051], [78.2578, 12.9066], [78.2579, 12.9081], [78.258, 12.9097], [78.2581, 12.9121], [78.2584, 12.9157], [78.2583, 12.9167], [78.2591, 12.9167], [78.2597, 12.917], [78.2604, 12.9165], [78.2606, 12.9157], [78.2599, 12.9152], [78.2599, 12.9146], [78.2603, 12.914], [78.2613, 12.9136], [78.2617, 12.913], [78.2625, 12.9127], [78.263, 12.9128], [78.2636, 12.9128], [78.2641, 12.9123], [78.2645, 12.9112], [78.2649, 12.9104], [78.2659, 12.9091], [78.2667, 12.9081], [78.2686, 12.9076], [78.2714, 12.9076], [78.276, 12.907]]]}, "properties": {"OBJECTID": 279066, "gpcode": "", "gpname": "", "stname": "KARNATAKA", "dtname": "Kolar", "sdtname": "KOLAR GOLD FIELD", "stcode11": "29", "dtcode11": "581", "sdtcode11": "", "blklgdcode": "7363", "blkname": "K G F", "dt_lgd": 542, "sdt_lgd": 7002, "st_lgd": 29, "vilcode11": 939554, "vilname11": "BANGARADHAGANI", "pan_local": "ಕ ಜಿ ಎಫ್", "b_pan_code": 293922, "b_pan_name": "K G F", "d_pan_code": 497, "d_pan_name": "KOLAR", "gp_code": "", "gp_name": "", "st_2011": "29", "dt_2011": "581", "sdt_2011": "", "subdtname": "KOLAR GOLD FIELD", "block_name": "K G F", "blk_lgdcod": "7363", "dtcode14": "581", "SHAPE_Length": 15667.386552720367, "SHAPE_Area": 8402553.745158082}}, {"type": "Feature", "geometry": {"type": "Polygon", "coordinates": [[[78.1684, 13.1362], [78.1713, 13.1359], [78.1747, 13.1362], [78.175, 13.1369], [78.1791, 13.1371], [78.1794, 13.1366], [78.1794, 13.1338], [78.1791, 13.1311], [78.1789, 13.1303], [78.1763, 13.1305], [78.1735, 13.1306], [78.172, 13.131], [78.1714, 13.1298], [78.1711, 13.1291], [78.1707, 13.1289], [78.1701, 13.1271], [78.1669, 13.1279], [78.1636, 13.1286], [78.1628, 13.1273], [78.1623, 13.1256], [78.1622, 13.1245], [78.1554, 13.1274], [78.1529, 13.1282], [78.1528, 13.1306], [78.1531, 13.1322], [78.1548, 13.1332], [78.1556, 13.1342], [78.1561, 13.1361], [78.157, 13.1383], [78.1583, 13.1382], [78.1598, 13.1378], [78.1596, 13.1372], [78.1597, 13.1369], [78.1626, 13.1362], [78.1655, 13.1354], [78.167, 13.1364], [78.1684, 13.1362]]]}, "properties": {"OBJECTID": 279067, "gpcode": "", "gpname": "", "stname": "KARNATAKA", "dtname": "Kolar", "sdtname": "Kolar", "stcode11": "29", "dtcode11": "581", "sdtcode11": "05591", "blklgdcode": "5870", "blkname": "KOLAR", "dt_lgd": 542, "sdt_lgd": 5591, "st_lgd": 29, "vilcode11": 622006, "vilname11": "Tamaka", "pan_local": "KOLAR", "b_pan_code": 6201, "b_pan_name": "KOLAR", "d_pan_code": 497, "d_pan_name": "KOLAR", "gp_code": "", "gp_name": "", "st_2011": "29", "dt_2011": "581", "sdt_2011": "05591", "subdtname": "Kolar", "block_name": "KOLAR", "blk_lgdcod": "5870", "dtcode14": "581", "SHAPE_Length": 8452.386374081132, "SHAPE_Area": 2682578.6789026614}}, {"type": "Feature", "geometry": {"type": "Polygon", "coordinates": [[[78.2233, 12.9787], [78.2226, 12.9789], [78.2213, 12.9793], [78.2198, 12.9794], [78.2188, 12.9793], [78.2199, 12.9811], [78.2205, 12.9823], [78.2233, 12.9787]]]}, "properties": {"OBJECTID": 279068, "gpcode": "", "gpname": "", "stname": "KARNATAKA", "dtname": "Kolar", "sdtname": "Bangarapet", "stcode11": "29", "dtcode11": "581", "sdtcode11": "05593", "blklgdcode": "5865", "blkname": "BANGARAPET", "dt_lgd": 542, "sdt_lgd": 5593, "st_lgd": 29, "vilcode11": 622847, "vilname11": "Chinnakote (OG)", "pan_local": "BANGARAPET", "b_pan_code": 6196, "b_pan_name": "BANGARAPET", "d_pan_code": 497, "d_pan_name": "KOLAR", "gp_code": "", "gp_name": "", "st_2011": "29", "dt_2011": "581", "sdt_2011": "05593", "subdtname": "Bangarapet", "block_name": "BANGARAPET", "blk_lgdcod": "5865", "dtcode14": "581", "SHAPE_Length": 1418.6763869159727, "SHAPE_Area": 78747.30322644439}}, {"type": "Feature", "geometry": {"type": "Polygon", "coordinates": [[[78.1876, 12.9904], [78.1877, 12.9896], [78.1876, 12.989], [78.1876, 12.9888], [78.1857, 12.9876], [78.1846, 12.987], [78.1822, 12.9858], [78.1814, 12.985], [78.181, 12.9839], [78.1814, 12.9828], [78.1825, 12.9824], [78.1836, 12.9819], [78.1847, 12.9822], [78.1863, 12.9754], [78.1858, 12.9752], [78.1843, 12.9749], [78.1826, 12.9748], [78.1812, 12.9747], [78.1806, 12.9748], [78.1809, 12.9754], [78.1811, 12.9759], [78.1813, 12.9763], [78.1812, 12.9768], [78.1807, 12.9772], [78.1799, 12.9775], [78.1788, 12.9781], [78.178, 12.9786], [78.1776, 12.9789], [78.1772, 12.9793], [78.1761, 12.9809], [78.1754, 12.9816], [78.1745, 12.983], [78.1741, 12.9833], [78.1736, 12.9841], [78.1729, 12.9854], [78.1724, 12.9862], [78.1719, 12.9871], [78.1715, 12.9883], [78.1706, 12.9887], [78.1698, 12.9892], [78.1694, 12.99], [78.1682, 12.9909], [78.1678, 12.9925], [78.1677, 12.9937], [78.1675, 12.9947], [78.1669, 12.9955], [78.1656, 12.9959], [78.1647, 12.9966], [78.1645, 12.9969], [78.1638, 12.9973], [78.1667, 12.9984], [78.1685, 13.0003], [78.1727, 13.0007], [78.174, 13.0004], [78.1745, 13.0002], [78.1761, 13.0], [78.1775, 12.9993], [78.1784, 12.9985], [78.1795, 12.9979], [78.1809, 12.997], [78.1826, 12.9963], [78.1837, 12.9958], [78.1846, 12.9952], [78.1851, 12.9947], [78.1859, 12.9942], [78.1864, 12.9938], [78.1872, 12.9933], [78.1875, 12.9929], [78.1877, 12.9922], [78.1878, 12.9915], [78.1878, 12.9912], [78.1876, 12.9904]]]}, "properties": {"OBJECTID": 279069, "gpcode": "", "gpname": "", "stname": "KARNATAKA", "dtname": "Kolar", "sdtname": "Bangarapet", "stcode11": "29", "dtcode11": "581", "sdtcode11": "05593", "blklgdcode": "5865", "blkname": "BANGARAPET", "dt_lgd": 542, "sdt_lgd": 5593, "st_lgd": 29, "vilcode11": 803223, "vilname11": "Bangarapet (TMC)", "pan_local": "BANGARAPET", "b_pan_code": 6196, "b_pan_name": "BANGARAPET", "d_pan_code": 497, "d_pan_name": "KOLAR", "gp_code": "", "gp_name": "", "st_2011": "29", "dt_2011": "581", "sdt_2011": "05593", "subdtname": "Bangarapet", "block_name": "BANGARAPET", "blk_lgdcod": "5865", "dtcode14": "581", "SHAPE_Length": 9858.415177996269, "SHAPE_Area": 3963179.864394927}}, {"type": "Feature", "geometry": {"type": "Polygon", "coordinates": [[[78.228, 13.0013], [78.2326, 12.9972], [78.2332, 12.9948], [78.2344, 12.9903], [78.2345, 12.9892], [78.2327, 12.9893], [78.2323, 12.9886], [78.2319, 12.988], [78.223, 12.9886], [78.2229, 12.9894], [78.2225, 12.9898], [78.2221, 12.9897], [78.2211, 12.9897], [78.2201, 12.9894], [78.2194, 12.9891], [78.2186, 12.989], [78.218, 12.9889], [78.2178, 12.9901], [78.2183, 12.9909], [78.2194, 12.992], [78.2203, 12.9937], [78.221, 12.9949], [78.2223, 12.9948], [78.2228, 12.9957], [78.2223, 12.9978], [78.2223, 12.999], [78.2231, 13.0002], [78.2235, 13.0013], [78.2257, 13.0039], [78.228, 13.0013]]]}, "properties": {"OBJECTID": 279070, "gpcode": "", "gpname": "", "stname": "KARNATAKA", "dtname": "Kolar", "sdtname": "Bangarapet", "stcode11": "29", "dtcode11": "581", "sdtcode11": "05593", "blklgdcode": "5865", "blkname": "BANGARAPET", "dt_lgd": 542, "sdt_lgd": 5593, "st_lgd": 29, "vilcode11": 622845, "vilname11": "Dasara Hosahalli (OG)", "pan_local": "BANGARAPET", "b_pan_code": 6196, "b_pan_name": "BANGARAPET", "d_pan_code": 497, "d_pan_name": "KOLAR", "gp_code": "", "gp_name": "", "st_2011": "29", "dt_2011": "581", "sdt_2011": "05593", "subdtname": "Bangarapet", "block_name": "BANGARAPET", "blk_lgdcod": "5865", "dtcode14": "581", "SHAPE_Length": 6173.34868314072, "SHAPE_Area": 1925738.1357169412}}, {"type": "Feature", "geometry": {"type": "Polygon", "coordinates": [[[77.9736, 13.0141], [77.9739, 13.0114], [77.9737, 13.0112], [77.9731, 13.0108], [77.9721, 13.0103], [77.9711, 13.0102], [77.9705, 13.0102], [77.9695, 13.0103], [77.9682, 13.0105], [77.9669, 13.0107], [77.9654, 13.0109], [77.9644, 13.011], [77.9628, 13.0114], [77.9614, 13.0116], [77.9618, 13.0119], [77.963, 13.0127], [77.9642, 13.0135], [77.9666, 13.0151], [77.9678, 13.0144], [77.969, 13.0156], [77.9692, 13.0154], [77.9696, 13.0151], [77.97, 13.015], [77.9703, 13.0149], [77.9707, 13.015], [77.9712, 13.0152], [77.972, 13.0157], [77.9723, 13.0154], [77.9736, 13.0141]]]}, "properties": {"OBJECTID": 279071, "gpcode": "", "gpname": "", "stname": "KARNATAKA", "dtname": "Kolar", "sdtname": "Malur", "stcode11": "29", "dtcode11": "581", "sdtcode11": "05592", "blklgdcode": "5871", "blkname": "MALUR", "dt_lgd": 542, "sdt_lgd": 5592, "st_lgd": 29, "vilcode11": 622156, "vilname11": "Kothakota Thimmanahalli", "pan_local": "MALUR", "b_pan_code": 6202, "b_pan_name": "MALUR", "d_pan_code": 497, "d_pan_name": "KOLAR", "gp_code": "", "gp_name": "", "st_2011": "29", "dt_2011": "581", "sdt_2011": "05592", "subdtname": "Malur", "block_name": "MALUR", "blk_lgdcod": "5871", "dtcode14": "581", "SHAPE_Length": 3435.9462593714497, "SHAPE_Area": 558387.6564574575}}, {"type": "Feature", "geometry": {"type": "Polygon", "coordinates": [[[78.2341, 13.0063], [78.2342, 13.0037], [78.2346, 13.0033], [78.2351, 13.002], [78.2356, 13.0013], [78.2414, 12.9915], [78.2488, 12.9953], [78.2508, 12.9958], [78.2529, 12.996], [78.2543, 12.996], [78.2564, 12.9959], [78.2597, 12.9955], [78.2628, 12.9955], [78.2644, 12.9954], [78.2659, 12.9951], [78.2671, 12.9952], [78.2682, 12.9946], [78.2677, 12.9922], [78.2676, 12.9885], [78.2677, 12.9823], [78.2681, 12.9737], [78.2652, 12.9724], [78.2604, 12.9704], [78.2592, 12.9668], [78.2594, 12.9642], [78.265, 12.965], [78.2659, 12.9616], [78.266, 12.9614], [78.2659, 12.9604], [78.266, 12.9583], [78.267, 12.9558], [78.2679, 12.9557], [78.2695, 12.9556], [78.2719, 12.9562], [78.2735, 12.9558], [78.2751, 12.9572], [78.2786, 12.9571], [78.2801, 12.9568], [78.2806, 12.9559], [78.2809, 12.9543], [78.2814, 12.9529], [78.2817, 12.9522], [78.2832, 12.9528], [78.2874, 12.9528], [78.2899, 12.9532], [78.2898, 12.952], [78.2898, 12.9492], [78.2898, 12.946], [78.2889, 12.9455], [78.287, 12.9459], [78.2859, 12.9458], [78.2852, 12.9475], [78.2779, 12.9481], [78.2734, 12.9482], [78.2707, 12.9466], [78.2721, 12.9412], [78.2721, 12.9389], [78.272, 12.9365], [78.2712, 12.9351], [78.2734, 12.9352], [78.2732, 12.9332], [78.2683, 12.9332], [78.2625, 12.9329], [78.2567, 12.9329], [78.2574, 12.9311], [78.2583, 12.9312], [78.257, 12.9293], [78.2585, 12.9261], [78.2596, 12.9261], [78.2592, 12.9248], [78.261, 12.9228], [78.2652, 12.9237], [78.2692, 12.9244], [78.2712, 12.9235], [78.2734, 12.9235], [78.2758, 12.9237], [78.2748, 12.9258], [78.2745, 12.9262], [78.2756, 12.9255], [78.2771, 12.9274], [78.2797, 12.9282], [78.2813, 12.928], [78.2807, 12.9268], [78.2813, 12.9264], [78.2815, 12.9252], [78.2804, 12.9253], [78.28, 12.9243], [78.28, 12.9213], [78.2806, 12.9213], [78.2814, 12.9209], [78.2811, 12.9197], [78.2803, 12.9194], [78.2791, 12.9192], [78.2772, 12.9187], [78.2779, 12.9166], [78.2785, 12.9122], [78.2784, 12.9117], [78.2781, 12.9099], [78.2781, 12.9087], [78.2768, 12.9074], [78.276, 12.907], [78.2714, 12.9076], [78.2686, 12.9076], [78.2667, 12.9081], [78.2659, 12.9091], [78.2649, 12.9104], [78.2645, 12.9112], [78.2641, 12.9123], [78.2636, 12.9128], [78.263, 12.9128], [78.2625, 12.9127], [78.2617, 12.913], [78.2613, 12.9136], [78.2603, 12.914], [78.2599, 12.9146], [78.2599, 12.9152], [78.2606, 12.9157], [78.2604, 12.9165], [78.2597, 12.917], [78.2591, 12.9167], [78.2583, 12.9167], [78.2575, 12.917], [78.2568, 12.9176], [78.2566, 12.9183], [78.2563, 12.9192], [78.2566, 12.9198], [78.2566, 12.9201], [78.2558, 12.9201], [78.2553, 12.9201], [78.2549, 12.9205], [78.2439, 12.9183], [78.2384, 12.921], [78.2401, 12.9241], [78.2421, 12.9281], [78.2396, 12.9312], [78.2369, 12.9334], [78.236, 12.9385], [78.2349, 12.9403], [78.235, 12.9404], [78.2363, 12.9406], [78.2369, 12.941], [78.2372, 12.9421], [78.2388, 12.9443], [78.241, 12.9447], [78.2418, 12.9451], [78.2415, 12.9474], [78.2415, 12.9486], [78.2409, 12.9506], [78.2403, 12.9536], [78.2398, 12.9559], [78.2384, 12.96], [78.2383, 12.9617], [78.2379, 12.9644], [78.2377, 12.9659], [78.2371, 12.9688], [78.2365, 12.9709], [78.2364, 12.9723], [78.2357, 12.9751], [78.2356, 12.9761], [78.2352, 12.9787], [78.2345, 12.9838], [78.2344, 12.9874], [78.2345, 12.9892], [78.2344, 12.9903], [78.2332, 12.9948], [78.2326, 12.9972], [78.228, 13.0013], [78.2275, 13.0056], [78.2338, 13.0095], [78.234, 13.0083], [78.2341, 13.0063]]]}, "properties": {"OBJECTID": 279072, "gpcode": "", "gpname": "", "stname": "KARNATAKA", "dtname": "Kolar", "sdtname": "KOLAR GOLD FIELD", "stcode11": "29", "dtcode11": "581", "sdtcode11": "", "blklgdcode": "7363", "blkname": "K G F", "dt_lgd": 542, "sdt_lgd": 7002, "st_lgd": 29, "vilcode11": 803224, "vilname11": "Robertson Pet (CMC)", "pan_local": "ಕ ಜಿ ಎಫ್", "b_pan_code": 293922, "b_pan_name": "K G F", "d_pan_code": 497, "d_pan_name": "KOLAR", "gp_code": "", "gp_name": "", "st_2011": "29", "dt_2011": "581", "sdt_2011": "", "subdtname": "KOLAR GOLD FIELD", "block_name": "K G F", "blk_lgdcod": "7363", "dtcode14": "581", "SHAPE_Length": 45753.15484055068, "SHAPE_Area": 34131007.1275549}}, {"type": "Feature", "geometry": {"type": "Polygon", "coordinates": [[[78.2233, 12.9787], [78.2239, 12.9784], [78.2253, 12.9781], [78.2266, 12.9781], [78.228, 12.9779], [78.2284, 12.9771], [78.2289, 12.9764], [78.2304, 12.9764], [78.2327, 12.9763], [78.2356, 12.9761], [78.2357, 12.9751], [78.2364, 12.9723], [78.2347, 12.9725], [78.2316, 12.9731], [78.2297, 12.9731], [78.2282, 12.9735], [78.2274, 12.9733], [78.2258, 12.9725], [78.225, 12.9719], [78.2245, 12.9713], [78.2252, 12.9693], [78.2246, 12.969], [78.2233, 12.9696], [78.222, 12.9705], [78.2206, 12.9712], [78.2187, 12.972], [78.2175, 12.9727], [78.2162, 12.9735], [78.2148, 12.9741], [78.2139, 12.9748], [78.214, 12.9749], [78.2144, 12.9752], [78.215, 12.9755], [78.216, 12.9759], [78.2168, 12.9761], [78.2178, 12.9773], [78.2183, 12.978], [78.2187, 12.9792], [78.2188, 12.9793], [78.2198, 12.9794], [78.2213, 12.9793], [78.2226, 12.9789], [78.2233, 12.9787]]]}, "properties": {"OBJECTID": 279073, "gpcode": "", "gpname": "", "stname": "KARNATAKA", "dtname": "Kolar", "sdtname": "Bangarapet", "stcode11": "29", "dtcode11": "581", "sdtcode11": "05593", "blklgdcode": "5865", "blkname": "BANGARAPET", "dt_lgd": 542, "sdt_lgd": 5593, "st_lgd": 29, "vilcode11": 622848, "vilname11": "Devaganahalli (OG)", "pan_local": "BANGARAPET", "b_pan_code": 6196, "b_pan_name": "BANGARAPET", "d_pan_code": 497, "d_pan_name": "KOLAR", "gp_code": "", "gp_name": "", "st_2011": "29", "dt_2011": "581", "sdt_2011": "05593", "subdtname": "Bangarapet", "block_name": "BANGARAPET", "blk_lgdcod": "5865", "dtcode14": "581", "SHAPE_Length": 6314.110128793706, "SHAPE_Area": 1398790.850392102}}, {"type": "Feature", "geometry": {"type": "Polygon", "coordinates": [[[78.1278, 12.9381], [78.1282, 12.9365], [78.1284, 12.9345], [78.1284, 12.9328], [78.1288, 12.9309], [78.1291, 12.9289], [78.1298, 12.9276], [78.1304, 12.9271], [78.1315, 12.9259], [78.1322, 12.9243], [78.1328, 12.9231], [78.1314, 12.9218], [78.1286, 12.9206], [78.1248, 12.9184], [78.1236, 12.9172], [78.1223, 12.9162], [78.1205, 12.9143], [78.1197, 12.9126], [78.1186, 12.9125], [78.1158, 12.9128], [78.1135, 12.9125], [78.1137, 12.9131], [78.1134, 12.9139], [78.1121, 12.9158], [78.1112, 12.9168], [78.1106, 12.9178], [78.1103, 12.9191], [78.1098, 12.92], [78.1091, 12.9214], [78.1086, 12.9227], [78.1089, 12.9227], [78.1097, 12.924], [78.1099, 12.9246], [78.1103, 12.9251], [78.1106, 12.9256], [78.1108, 12.9261], [78.1111, 12.9267], [78.1117, 12.9278], [78.112, 12.9284], [78.1123, 12.9289], [78.1126, 12.9295], [78.1129, 12.93], [78.1132, 12.9305], [78.1135, 12.9305], [78.1138, 12.9304], [78.1144, 12.9303], [78.1151, 12.9302], [78.1152, 12.9302], [78.1157, 12.9301], [78.1163, 12.9298], [78.1169, 12.9295], [78.1175, 12.9294], [78.1181, 12.9292], [78.1187, 12.9291], [78.1192, 12.9295], [78.1196, 12.93], [78.1225, 12.9285], [78.124, 12.9288], [78.1255, 12.9294], [78.1261, 12.9309], [78.1266, 12.933], [78.1255, 12.9337], [78.1253, 12.9354], [78.1254, 12.9374], [78.1268, 12.9383], [78.1274, 12.9381], [78.1278, 12.9381]]]}, "properties": {"OBJECTID": 279074, "gpcode": "", "gpname": "", "stname": "KARNATAKA", "dtname": "Kolar", "sdtname": "Bangarapet", "stcode11": "29", "dtcode11": "581", "sdtcode11": "05593", "blklgdcode": "5865", "blkname": "BANGARAPET", "dt_lgd": 542, "sdt_lgd": 5593, "st_lgd": 29, "vilcode11": 622542, "vilname11": "Kondanahalli", "pan_local": "BANGARAPET", "b_pan_code": 6196, "b_pan_name": "BANGARAPET", "d_pan_code": 497, "d_pan_name": "KOLAR", "gp_code": "", "gp_name": "", "st_2011": "29", "dt_2011": "581", "sdt_2011": "05593", "subdtname": "Bangarapet", "block_name": "BANGARAPET", "blk_lgdcod": "5865", "dtcode14": "581", "SHAPE_Length": 9643.827087155572, "SHAPE_Area": 3793058.33663885}}, {"type": "Feature", "geometry": {"type": "Polygon", "coordinates": [[[77.9101, 13.0318], [77.9095, 13.0309], [77.909, 13.0294], [77.9086, 13.0281], [77.9085, 13.028], [77.9084, 13.0276], [77.909, 13.0263], [77.9077, 13.0249], [77.9062, 13.0232], [77.9038, 13.0235], [77.9009, 13.0239], [77.9001, 13.024], [77.9006, 13.026], [77.9009, 13.0279], [77.9013, 13.0292], [77.9018, 13.0305], [77.9019, 13.0309], [77.9003, 13.0317], [77.8992, 13.0324], [77.898, 13.033], [77.8962, 13.0338], [77.8946, 13.0344], [77.8937, 13.0349], [77.8933, 13.035], [77.894, 13.0351], [77.8956, 13.035], [77.8971, 13.0349], [77.9001, 13.0348], [77.9007, 13.0361], [77.9011, 13.0374], [77.9023, 13.037], [77.9037, 13.0364], [77.9046, 13.0358], [77.9058, 13.0352], [77.9065, 13.0345], [77.9076, 13.0337], [77.9091, 13.0326], [77.9101, 13.0318]]]}, "properties": {"OBJECTID": 279075, "gpcode": "", "gpname": "", "stname": "KARNATAKA", "dtname": "Kolar", "sdtname": "Malur", "stcode11": "29", "dtcode11": "581", "sdtcode11": "05592", "blklgdcode": "5871", "blkname": "MALUR", "dt_lgd": 542, "sdt_lgd": 5592, "st_lgd": 29, "vilcode11": 622139, "vilname11": "Ramachandrapura Plantation", "pan_local": "MALUR", "b_pan_code": 6202, "b_pan_name": "MALUR", "d_pan_code": 497, "d_pan_name": "KOLAR", "gp_code": "", "gp_name": "", "st_2011": "29", "dt_2011": "581", "sdt_2011": "05592", "subdtname": "Malur", "block_name": "MALUR", "blk_lgdcod": "5871", "dtcode14": "581", "SHAPE_Length": 5991.508708057405, "SHAPE_Area": 1352403.310148231}}, {"type": "Feature", "geometry": {"type": "Polygon", "coordinates": [[[78.008, 13.1837], [78.0074, 13.1828], [78.0072, 13.1807], [78.0072, 13.1792], [78.0067, 13.177], [78.0063, 13.1754], [78.0064, 13.1743], [78.0076, 13.1729], [78.008, 13.1717], [78.0078, 13.1697], [78.0077, 13.1693], [78.0051, 13.1701], [78.0024, 13.1723], [78.0013, 13.1736], [78.0006, 13.174], [77.9988, 13.1743], [77.9984, 13.1743], [77.9979, 13.1741], [77.9971, 13.174], [77.9965, 13.1741], [77.9957, 13.1743], [77.9954, 13.1743], [77.9951, 13.1741], [77.9947, 13.1741], [77.9944, 13.1742], [77.9944, 13.1745], [77.9943, 13.175], [77.9945, 13.176], [77.9947, 13.1775], [77.995, 13.1796], [77.9953, 13.1818], [77.9956, 13.1841], [77.9988, 13.1828], [78.0004, 13.1828], [78.0005, 13.1836], [78.0034, 13.1835], [78.0046, 13.1836], [78.0062, 13.184], [78.0073, 13.1841], [78.0078, 13.184], [78.008, 13.1837]]]}, "properties": {"OBJECTID": 279076, "gpcode": "", "gpname": "", "stname": "KARNATAKA", "dtname": "Kolar", "sdtname": "Kolar", "stcode11": "29", "dtcode11": "581", "sdtcode11": "05591", "blklgdcode": "5870", "blkname": "KOLAR", "dt_lgd": 542, "sdt_lgd": 5591, "st_lgd": 29, "vilcode11": 621813, "vilname11": "Kalva", "pan_local": "KOLAR", "b_pan_code": 6201, "b_pan_name": "KOLAR", "d_pan_code": 497, "d_pan_name": "KOLAR", "gp_code": "", "gp_name": "", "st_2011": "29", "dt_2011": "581", "sdt_2011": "05591", "subdtname": "Kolar", "block_name": "KOLAR", "blk_lgdcod": "5870", "dtcode14": "581", "SHAPE_Length": 6085.306212420114, "SHAPE_Area": 1705281.2885558086}}, {"type": "Feature", "geometry": {"type": "Polygon", "coordinates": [[[78.0077, 13.1693], [78.0096, 13.1688], [78.0123, 13.1681], [78.0116, 13.1666], [78.0117, 13.166], [78.0114, 13.1661], [78.0109, 13.1658], [78.01, 13.1653], [78.0086, 13.1641], [78.008, 13.1632], [78.0076, 13.1627], [78.006, 13.1621], [78.0038, 13.1614], [78.0027, 13.1609], [78.0019, 13.1605], [78.0002, 13.1595], [77.9998, 13.1609], [77.9997, 13.1623], [77.9993, 13.1633], [77.9989, 13.1636], [77.9988, 13.1636], [77.9984, 13.166], [77.9977, 13.1678], [77.9972, 13.1695], [77.9949, 13.1699], [77.9947, 13.1721], [77.9944, 13.1742], [77.9947, 13.1741], [77.9951, 13.1741], [77.9954, 13.1743], [77.9957, 13.1743], [77.9965, 13.1741], [77.9971, 13.174], [77.9979, 13.1741], [77.9984, 13.1743], [77.9988, 13.1743], [78.0006, 13.174], [78.0013, 13.1736], [78.0024, 13.1723], [78.0051, 13.1701], [78.0077, 13.1693]]]}, "properties": {"OBJECTID": 279077, "gpcode": "", "gpname": "", "stname": "KARNATAKA", "dtname": "Kolar", "sdtname": "Kolar", "stcode11": "29", "dtcode11": "581", "sdtcode11": "05591", "blklgdcode": "5870", "blkname": "KOLAR", "dt_lgd": 542, "sdt_lgd": 5591, "st_lgd": 29, "vilcode11": 621814, "vilname11": "Chikkavallabi", "pan_local": "KOLAR", "b_pan_code": 6201, "b_pan_name": "KOLAR", "d_pan_code": 497, "d_pan_name": "KOLAR", "gp_code": "", "gp_name": "", "st_2011": "29", "dt_2011": "581", "sdt_2011": "05591", "subdtname": "Kolar", "block_name": "KOLAR", "blk_lgdcod": "5870", "dtcode14": "581", "SHAPE_Length": 5967.126911551215, "SHAPE_Area": 1665490.320587449}}, {"type": "Feature", "geometry": {"type": "Polygon", "coordinates": [[[78.0301, 13.1738], [78.0327, 13.1731], [78.0338, 13.1732], [78.0338, 13.1718], [78.0332, 13.169], [78.0327, 13.1679], [78.0324, 13.1663], [78.0317, 13.1643], [78.0313, 13.163], [78.0296, 13.1632], [78.0288, 13.163], [78.0282, 13.1623], [78.0281, 13.1618], [78.0278, 13.1616], [78.0278, 13.161], [78.0285, 13.1607], [78.0283, 13.1593], [78.0257, 13.1601], [78.023, 13.1613], [78.0208, 13.1626], [78.019, 13.1636], [78.0178, 13.1641], [78.0181, 13.1661], [78.0189, 13.1707], [78.0196, 13.1716], [78.0209, 13.1727], [78.0263, 13.1751], [78.0292, 13.1741], [78.0301, 13.1738]]]}, "properties": {"OBJECTID": 279078, "gpcode": "", "gpname": "", "stname": "KARNATAKA", "dtname": "Kolar", "sdtname": "Kolar", "stcode11": "29", "dtcode11": "581", "sdtcode11": "05591", "blklgdcode": "5870", "blkname": "KOLAR", "dt_lgd": 542, "sdt_lgd": 5591, "st_lgd": 29, "vilcode11": 621804, "vilname11": "Bettahosapura", "pan_local": "KOLAR", "b_pan_code": 6201, "b_pan_name": "KOLAR", "d_pan_code": 497, "d_pan_name": "KOLAR", "gp_code": "", "gp_name": "", "st_2011": "29", "dt_2011": "581", "sdt_2011": "05591", "subdtname": "Kolar", "block_name": "KOLAR", "blk_lgdcod": "5870", "dtcode14": "581", "SHAPE_Length": 5908.462838196869, "SHAPE_Area": 2141861.1945624356}}, {"type": "Feature", "geometry": {"type": "Polygon", "coordinates": [[[78.3034, 12.9574], [78.3031, 12.9566], [78.3023, 12.9548], [78.3018, 12.9533], [78.3011, 12.9512], [78.3006, 12.9498], [78.3003, 12.9491], [78.2996, 12.9479], [78.2989, 12.9467], [78.2977, 12.9459], [78.2969, 12.9456], [78.2959, 12.9451], [78.295, 12.9445], [78.2935, 12.9438], [78.2928, 12.9434], [78.2916, 12.9437], [78.2903, 12.9444], [78.2895, 12.945], [78.2889, 12.9455], [78.2898, 12.946], [78.2898, 12.9492], [78.2898, 12.952], [78.2899, 12.9532], [78.2918, 12.953], [78.2928, 12.9529], [78.2935, 12.9528], [78.2941, 12.9528], [78.2948, 12.9529], [78.2954, 12.9527], [78.2965, 12.9524], [78.2977, 12.9519], [78.2988, 12.9515], [78.299, 12.9514], [78.2992, 12.9514], [78.2994, 12.9515], [78.2995, 12.9517], [78.2997, 12.9518], [78.2997, 12.9523], [78.2997, 12.953], [78.3001, 12.9536], [78.3003, 12.954], [78.3004, 12.9544], [78.3005, 12.956], [78.3015, 12.956], [78.3017, 12.9562], [78.3019, 12.9572], [78.3024, 12.9571], [78.3028, 12.9574], [78.303, 12.9578], [78.3034, 12.9574]]]}, "properties": {"OBJECTID": 279079, "gpcode": "", "gpname": "", "stname": "KARNATAKA", "dtname": "Kolar", "sdtname": "KOLAR GOLD FIELD", "stcode11": "29", "dtcode11": "581", "sdtcode11": "", "blklgdcode": "7363", "blkname": "K G F", "dt_lgd": 542, "sdt_lgd": 7002, "st_lgd": 29, "vilcode11": 938867, "vilname11": "POTTEPALI", "pan_local": "ಕ ಜಿ ಎಫ್", "b_pan_code": 293922, "b_pan_name": "K G F", "d_pan_code": 497, "d_pan_name": "KOLAR", "gp_code": "", "gp_name": "", "st_2011": "29", "dt_2011": "581", "sdt_2011": "", "subdtname": "KOLAR GOLD FIELD", "block_name": "K G F", "blk_lgdcod": "7363", "dtcode14": "581", "SHAPE_Length": 5651.058401766849, "SHAPE_Area": 1135671.5857106554}}, {"type": "Feature", "geometry": {"type": "Polygon", "coordinates": [[[78.2345, 12.9892], [78.2344, 12.9874], [78.2345, 12.9838], [78.2352, 12.9787], [78.2356, 12.9761], [78.2327, 12.9763], [78.2304, 12.9764], [78.2289, 12.9764], [78.2284, 12.9771], [78.228, 12.9779], [78.2266, 12.9781], [78.2253, 12.9781], [78.2239, 12.9784], [78.2233, 12.9787], [78.2205, 12.9823], [78.2211, 12.9835], [78.2218, 12.9853], [78.2221, 12.9862], [78.2227, 12.9875], [78.223, 12.9886], [78.2319, 12.988], [78.2323, 12.9886], [78.2327, 12.9893], [78.2345, 12.9892]]]}, "properties": {"OBJECTID": 279080, "gpcode": "", "gpname": "", "stname": "KARNATAKA", "dtname": "Kolar", "sdtname": "Bangarapet", "stcode11": "29", "dtcode11": "581", "sdtcode11": "05593", "blklgdcode": "5865", "blkname": "BANGARAPET", "dt_lgd": 542, "sdt_lgd": 5593, "st_lgd": 29, "vilcode11": 622846, "vilname11": "Kathihalli (OG)", "pan_local": "BANGARAPET", "b_pan_code": 6196, "b_pan_name": "BANGARAPET", "d_pan_code": 497, "d_pan_name": "KOLAR", "gp_code": "", "gp_name": "", "st_2011": "29", "dt_2011": "581", "sdt_2011": "05593", "subdtname": "Bangarapet", "block_name": "BANGARAPET", "blk_lgdcod": "5865", "dtcode14": "581", "SHAPE_Length": 5647.958236441039, "SHAPE_Area": 1840873.9994702009}}, {"type": "Feature", "geometry": {"type": "Polygon", "coordinates": [[[78.2587, 13.0108], [78.2587, 13.0101], [78.2589, 13.0086], [78.2591, 13.0078], [78.2594, 13.0069], [78.2595, 13.0063], [78.2595, 13.0054], [78.2583, 13.005], [78.2566, 13.0047], [78.256, 13.0045], [78.2557, 13.0044], [78.2556, 13.004], [78.2555, 13.0028], [78.2556, 13.0013], [78.2559, 13.0002], [78.2545, 12.9995], [78.2543, 12.996], [78.2529, 12.996], [78.2508, 12.9958], [78.2488, 12.9953], [78.2414, 12.9915], [78.2356, 13.0013], [78.2351, 13.002], [78.2346, 13.0033], [78.2342, 13.0037], [78.2341, 13.0063], [78.2416, 13.0045], [78.2443, 13.0097], [78.2463, 13.0136], [78.2488, 13.0126], [78.2587, 13.0108]]]}, "properties": {"OBJECTID": 279081, "gpcode": "", "gpname": "", "stname": "KARNATAKA", "dtname": "Kolar", "sdtname": "Bangarapet", "stcode11": "29", "dtcode11": "581", "sdtcode11": "05593", "blklgdcode": "5865", "blkname": "BANGARAPET", "dt_lgd": 542, "sdt_lgd": 5593, "st_lgd": 29, "vilcode11": 622844, "vilname11": "Doddur Karpanhalli Plantation (OG)", "pan_local": "BANGARAPET", "b_pan_code": 6196, "b_pan_name": "BANGARAPET", "d_pan_code": 497, "d_pan_name": "KOLAR", "gp_code": "", "gp_name": "", "st_2011": "29", "dt_2011": "581", "sdt_2011": "05593", "subdtname": "Bangarapet", "block_name": "BANGARAPET", "blk_lgdcod": "5865", "dtcode14": "581", "SHAPE_Length": 9047.619086683106, "SHAPE_Area": 3931055.2193626263}}, {"type": "Feature", "geometry": {"type": "Polygon", "coordinates": [[[77.9367, 13.0181], [77.937, 13.0158], [77.9385, 13.0153], [77.9389, 13.0127], [77.9416, 13.0116], [77.9431, 13.0105], [77.9458, 13.0106], [77.9458, 13.0095], [77.9469, 13.0091], [77.9484, 13.0095], [77.9528, 13.0103], [77.9575, 13.0106], [77.9576, 13.0105], [77.9576, 13.0099], [77.9547, 13.0068], [77.9538, 13.0057], [77.953, 13.0041], [77.9525, 13.003], [77.9525, 13.0029], [77.9494, 13.0013], [77.9469, 12.9982], [77.9495, 12.9976], [77.9496, 12.9973], [77.9496, 12.9961], [77.9497, 12.9923], [77.9471, 12.9923], [77.9471, 12.989], [77.9469, 12.986], [77.9455, 12.9856], [77.944, 12.9854], [77.9428, 12.9852], [77.9415, 12.9849], [77.94, 12.9846], [77.9387, 12.984], [77.9384, 12.9843], [77.9376, 12.9852], [77.9372, 12.9854], [77.9364, 12.9855], [77.9353, 12.9853], [77.9339, 12.9852], [77.9333, 12.9853], [77.9328, 12.9854], [77.9324, 12.9854], [77.9321, 12.9855], [77.9316, 12.9856], [77.9307, 12.986], [77.9305, 12.9863], [77.9303, 12.9868], [77.9303, 12.9877], [77.9303, 12.9883], [77.9301, 12.9887], [77.9301, 12.9894], [77.9303, 12.9896], [77.9304, 12.9898], [77.9304, 12.9901], [77.93, 12.9905], [77.9298, 12.9907], [77.9296, 12.9909], [77.9298, 12.9928], [77.9298, 12.9945], [77.9298, 12.9954], [77.9298, 12.9957], [77.9293, 12.9959], [77.929, 12.996], [77.9288, 12.9963], [77.9289, 12.9969], [77.9291, 12.9977], [77.929, 12.9982], [77.9288, 12.9985], [77.9286, 12.9988], [77.9286, 12.999], [77.9289, 12.9996], [77.9299, 13.0007], [77.9298, 13.0013], [77.9294, 13.0017], [77.9291, 13.0021], [77.9289, 13.0026], [77.9289, 13.0032], [77.929, 13.0036], [77.9291, 13.0043], [77.9291, 13.0046], [77.9289, 13.0048], [77.9287, 13.005], [77.9281, 13.0052], [77.9282, 13.0056], [77.9288, 13.0055], [77.9295, 13.0052], [77.9301, 13.0049], [77.9302, 13.0059], [77.9305, 13.007], [77.9308, 13.008], [77.9313, 13.009], [77.9319, 13.01], [77.9325, 13.0113], [77.9329, 13.0122], [77.9332, 13.0128], [77.9334, 13.0131], [77.9341, 13.0134], [77.9346, 13.0139], [77.9349, 13.0142], [77.9351, 13.0147], [77.9352, 13.0155], [77.9346, 13.0159], [77.9353, 13.0163], [77.935, 13.0171], [77.9356, 13.0176], [77.9355, 13.0184], [77.9354, 13.0186], [77.9357, 13.0185], [77.9359, 13.0184], [77.9362, 13.0183], [77.9367, 13.0181]]]}, "properties": {"OBJECTID": 279082, "gpcode": "", "gpname": "", "stname": "KARNATAKA", "dtname": "Kolar", "sdtname": "Malur", "stcode11": "29", "dtcode11": "581", "sdtcode11": "05592", "blklgdcode": "5871", "blkname": "MALUR", "dt_lgd": 542, "sdt_lgd": 5592, "st_lgd": 29, "vilcode11": 803222, "vilname11": "Malur (TMC)", "pan_local": "MALUR", "b_pan_code": 6202, "b_pan_name": "MALUR", "d_pan_code": 497, "d_pan_name": "KOLAR", "gp_code": "", "gp_name": "", "st_2011": "29", "dt_2011": "581", "sdt_2011": "05592", "subdtname": "Malur", "block_name": "MALUR", "blk_lgdcod": "5871", "dtcode14": "581", "SHAPE_Length": 13532.316983280429, "SHAPE_Area": 6965225.489007077}}, {"type": "Feature", "geometry": {"type": "Polygon", "coordinates": [[[78.1328, 13.1457], [78.134, 13.1456], [78.1372, 13.1468], [78.1387, 13.1472], [78.1414, 13.1476], [78.1437, 13.1492], [78.1442, 13.1491], [78.1443, 13.1485], [78.1443, 13.1478], [78.1443, 13.1467], [78.1446, 13.1457], [78.1447, 13.144], [78.1449, 13.1422], [78.1448, 13.1403], [78.1443, 13.1393], [78.1424, 13.1392], [78.1412, 13.1412], [78.14, 13.1411], [78.1398, 13.1398], [78.1398, 13.1389], [78.1404, 13.1377], [78.1403, 13.1369], [78.1399, 13.1355], [78.1392, 13.1344], [78.1374, 13.1323], [78.1357, 13.1316], [78.1361, 13.1304], [78.1367, 13.1299], [78.137, 13.1291], [78.1371, 13.1277], [78.1375, 13.1263], [78.1376, 13.1248], [78.1379, 13.1236], [78.1395, 13.1233], [78.1402, 13.123], [78.1418, 13.1217], [78.144, 13.1198], [78.1425, 13.1185], [78.1395, 13.1191], [78.139, 13.1188], [78.1382, 13.1193], [78.1373, 13.1194], [78.1364, 13.1191], [78.1357, 13.1183], [78.1355, 13.1159], [78.1318, 13.1182], [78.1277, 13.1207], [78.1237, 13.1228], [78.122, 13.1237], [78.119, 13.1247], [78.116, 13.1262], [78.1159, 13.1264], [78.1153, 13.1273], [78.115, 13.1277], [78.115, 13.1282], [78.1151, 13.1288], [78.1153, 13.1293], [78.1157, 13.13], [78.1158, 13.1308], [78.1163, 13.1311], [78.1168, 13.1314], [78.1169, 13.1319], [78.1173, 13.1323], [78.1179, 13.1323], [78.1183, 13.1327], [78.1186, 13.1333], [78.1186, 13.1338], [78.1187, 13.134], [78.119, 13.1344], [78.1196, 13.1348], [78.1208, 13.1351], [78.1211, 13.1356], [78.1197, 13.1389], [78.1196, 13.1392], [78.1193, 13.1399], [78.1195, 13.1407], [78.1203, 13.1409], [78.1208, 13.1412], [78.1213, 13.1417], [78.1214, 13.142], [78.122, 13.1433], [78.1227, 13.1437], [78.1234, 13.1452], [78.123, 13.1458], [78.1232, 13.1464], [78.1238, 13.147], [78.1255, 13.1481], [78.1256, 13.1493], [78.1266, 13.1504], [78.1285, 13.1517], [78.1292, 13.1506], [78.13, 13.1503], [78.1303, 13.1497], [78.1303, 13.1489], [78.131, 13.1484], [78.1312, 13.1468], [78.1328, 13.1457]]]}, "properties": {"OBJECTID": 279083, "gpcode": "", "gpname": "", "stname": "KARNATAKA", "dtname": "Kolar", "sdtname": "Kolar", "stcode11": "29", "dtcode11": "581", "sdtcode11": "05591", "blklgdcode": "5870", "blkname": "KOLAR", "dt_lgd": 542, "sdt_lgd": 5591, "st_lgd": 29, "vilcode11": 803221, "vilname11": "Kolar (CMC)", "pan_local": "KOLAR", "b_pan_code": 6201, "b_pan_name": "KOLAR", "d_pan_code": 497, "d_pan_name": "KOLAR", "gp_code": "", "gp_name": "", "st_2011": "29", "dt_2011": "581", "sdt_2011": "05591", "subdtname": "Kolar", "block_name": "KOLAR", "blk_lgdcod": "5870", "dtcode14": "581", "SHAPE_Length": 14809.436544330358, "SHAPE_Area": 7473847.631339692}}, {"type": "Feature", "geometry": {"type": "Polygon", "coordinates": [[[78.0161, 13.1807], [78.0163, 13.18], [78.016, 13.1793], [78.0167, 13.1782], [78.018, 13.1762], [78.0185, 13.1747], [78.019, 13.1736], [78.0196, 13.1736], [78.0209, 13.1727], [78.0196, 13.1716], [78.0189, 13.1707], [78.0181, 13.1661], [78.0178, 13.1641], [78.0164, 13.1645], [78.0152, 13.1646], [78.0133, 13.1653], [78.0127, 13.1656], [78.0122, 13.1654], [78.0118, 13.1657], [78.0117, 13.166], [78.0116, 13.1666], [78.0123, 13.1681], [78.0096, 13.1688], [78.0077, 13.1693], [78.0078, 13.1697], [78.008, 13.1717], [78.0076, 13.1729], [78.0064, 13.1743], [78.0063, 13.1754], [78.0067, 13.177], [78.0072, 13.1792], [78.0072, 13.1807], [78.0074, 13.1828], [78.008, 13.1837], [78.0083, 13.1835], [78.0091, 13.1833], [78.0098, 13.1832], [78.0105, 13.1826], [78.0115, 13.182], [78.0128, 13.1815], [78.0144, 13.1808], [78.0161, 13.1807]]]}, "properties": {"OBJECTID": 279084, "gpcode": "", "gpname": "", "stname": "KARNATAKA", "dtname": "Kolar", "sdtname": "Kolar", "stcode11": "29", "dtcode11": "581", "sdtcode11": "05591", "blklgdcode": "5870", "blkname": "KOLAR", "dt_lgd": 542, "sdt_lgd": 5591, "st_lgd": 29, "vilcode11": 621803, "vilname11": "Manjili", "pan_local": "KOLAR", "b_pan_code": 6201, "b_pan_name": "KOLAR", "d_pan_code": 497, "d_pan_name": "KOLAR", "gp_code": "", "gp_name": "", "st_2011": "29", "dt_2011": "581", "sdt_2011": "05591", "subdtname": "Kolar", "block_name": "KOLAR", "blk_lgdcod": "5870", "dtcode14": "581", "SHAPE_Length": 6494.888428643994, "SHAPE_Area": 2147030.6485112505}}, {"type": "Feature", "geometry": {"type": "Polygon", "coordinates": [[[78.0278, 13.2034], [78.0255, 13.2051], [78.0236, 13.205], [78.0202, 13.2052], [78.0176, 13.206], [78.0171, 13.2067], [78.0166, 13.2088], [78.0161, 13.2105], [78.0165, 13.2112], [78.0167, 13.212], [78.0168, 13.2127], [78.0176, 13.2142], [78.0192, 13.2143], [78.0198, 13.2148], [78.0198, 13.2185], [78.0218, 13.2199], [78.0225, 13.2203], [78.0233, 13.2206], [78.0242, 13.2201], [78.0253, 13.2188], [78.0257, 13.2174], [78.0262, 13.2151], [78.0276, 13.208], [78.0276, 13.2074], [78.0275, 13.2058], [78.0278, 13.2034]]]}, "properties": {"OBJECTID": 279085, "gpcode": "", "gpname": "", "stname": "KARNATAKA", "dtname": "Kolar", "sdtname": "Kolar", "stcode11": "29", "dtcode11": "581", "sdtcode11": "05591", "blklgdcode": "5870", "blkname": "KOLAR", "dt_lgd": 542, "sdt_lgd": 5591, "st_lgd": 29, "vilcode11": 621783, "vilname11": "Purahalli", "pan_local": "KOLAR", "b_pan_code": 6201, "b_pan_name": "KOLAR", "d_pan_code": 497, "d_pan_name": "KOLAR", "gp_code": "", "gp_name": "", "st_2011": "29", "dt_2011": "581", "sdt_2011": "05591", "subdtname": "Kolar", "block_name": "KOLAR", "blk_lgdcod": "5870", "dtcode14": "581", "SHAPE_Length": 5477.600207312113, "SHAPE_Area": 1628408.6082576762}}, {"type": "Feature", "geometry": {"type": "Polygon", "coordinates": [[[78.2169, 13.3437], [78.2167, 13.342], [78.2162, 13.3407], [78.2162, 13.3402], [78.2171, 13.3393], [78.217, 13.3375], [78.217, 13.3359], [78.2168, 13.3341], [78.2166, 13.3328], [78.2154, 13.3325], [78.2141, 13.3326], [78.2133, 13.3326], [78.2128, 13.3301], [78.2127, 13.3294], [78.2122, 13.3279], [78.2117, 13.3278], [78.2107, 13.3281], [78.2095, 13.3282], [78.2086, 13.3282], [78.2079, 13.3279], [78.2073, 13.3271], [78.2068, 13.3262], [78.2066, 13.3254], [78.2061, 13.3253], [78.2056, 13.3257], [78.2055, 13.3265], [78.2054, 13.3271], [78.2053, 13.3278], [78.2052, 13.3285], [78.2055, 13.329], [78.2059, 13.3293], [78.2064, 13.3298], [78.2068, 13.3304], [78.2071, 13.3312], [78.207, 13.3321], [78.2067, 13.3327], [78.2065, 13.3333], [78.2065, 13.3338], [78.2069, 13.3347], [78.2065, 13.3355], [78.2058, 13.3366], [78.2053, 13.3367], [78.2061, 13.3372], [78.2057, 13.3377], [78.2058, 13.338], [78.206, 13.3383], [78.206, 13.3391], [78.2061, 13.3396], [78.2065, 13.3401], [78.2075, 13.3402], [78.2084, 13.34], [78.2089, 13.3401], [78.2094, 13.3403], [78.2099, 13.3416], [78.2102, 13.3422], [78.2106, 13.343], [78.2112, 13.3445], [78.2111, 13.3461], [78.2109, 13.3476], [78.2116, 13.3484], [78.2124, 13.3488], [78.2128, 13.349], [78.212, 13.3499], [78.2122, 13.3506], [78.2138, 13.3501], [78.2166, 13.349], [78.2178, 13.3485], [78.2175, 13.3466], [78.2171, 13.3446], [78.2169, 13.3437]]]}, "properties": {"OBJECTID": 279086, "gpcode": "", "gpname": "", "stname": "KARNATAKA", "dtname": "Kolar", "sdtname": "Srinivaspur", "stcode11": "29", "dtcode11": "581", "sdtcode11": "05590", "blklgdcode": "5874", "blkname": "SRINIVASPUR", "dt_lgd": 542, "sdt_lgd": 5590, "st_lgd": 29, "vilcode11": 803220, "vilname11": "Srinivaspur (TMC)", "pan_local": "SRINIVASPUR", "b_pan_code": 6205, "b_pan_name": "SRINIVASPUR", "d_pan_code": 497, "d_pan_name": "KOLAR", "gp_code": "", "gp_name": "", "st_2011": "29", "dt_2011": "581", "sdt_2011": "05590", "subdtname": "Srinivaspur", "block_name": "SRINIVASPUR", "blk_lgdcod": "5874", "dtcode14": "581", "SHAPE_Length": 8028.261670410862, "SHAPE_Area": 2209268.595186815}}, {"type": "Feature", "geometry": {"type": "Polygon", "coordinates": [[[78.1237, 13.1228], [78.1219, 13.1186], [78.1231, 13.1173], [78.1236, 13.1146], [78.1239, 13.113], [78.1232, 13.1113], [78.1225, 13.1111], [78.1205, 13.1117], [78.1191, 13.1119], [78.1174, 13.1114], [78.1162, 13.1118], [78.1169, 13.1148], [78.1171, 13.1158], [78.1171, 13.1168], [78.1171, 13.1176], [78.1176, 13.1183], [78.1156, 13.12], [78.1154, 13.1212], [78.1147, 13.1216], [78.1148, 13.122], [78.1145, 13.1229], [78.1144, 13.1256], [78.115, 13.1277], [78.1153, 13.1273], [78.1159, 13.1264], [78.116, 13.1262], [78.119, 13.1247], [78.122, 13.1237], [78.1237, 13.1228]]]}, "properties": {"OBJECTID": 279087, "gpcode": "", "gpname": "", "stname": "KARNATAKA", "dtname": "Kolar", "sdtname": "Kolar", "stcode11": "29", "dtcode11": "581", "sdtcode11": "05591", "blklgdcode": "5870", "blkname": "KOLAR", "dt_lgd": 542, "sdt_lgd": 5591, "st_lgd": 29, "vilcode11": 622023, "vilname11": "Harohalli", "pan_local": "KOLAR", "b_pan_code": 6201, "b_pan_name": "KOLAR", "d_pan_code": 497, "d_pan_name": "KOLAR", "gp_code": "", "gp_name": "", "st_2011": "29", "dt_2011": "581", "sdt_2011": "05591", "subdtname": "Kolar", "block_name": "KOLAR", "blk_lgdcod": "5870", "dtcode14": "581", "SHAPE_Length": 5387.5658124847305, "SHAPE_Area": 1216943.3620560153}}, {"type": "Feature", "geometry": {"type": "Polygon", "coordinates": [[[78.1186, 13.1338], [78.1186, 13.1333], [78.1183, 13.1327], [78.1179, 13.1323], [78.1173, 13.1323], [78.1169, 13.1319], [78.1168, 13.1314], [78.1163, 13.1311], [78.1158, 13.1308], [78.1157, 13.13], [78.1153, 13.1293], [78.1151, 13.1288], [78.115, 13.1282], [78.115, 13.1277], [78.1144, 13.1256], [78.1145, 13.1229], [78.1148, 13.122], [78.1147, 13.1216], [78.1134, 13.1219], [78.1128, 13.1223], [78.1126, 13.123], [78.1122, 13.1231], [78.1117, 13.123], [78.1114, 13.1233], [78.1113, 13.1241], [78.1113, 13.1263], [78.1117, 13.1278], [78.1105, 13.1282], [78.1098, 13.1289], [78.1077, 13.1314], [78.1073, 13.1315], [78.1045, 13.1315], [78.103, 13.1316], [78.1024, 13.1316], [78.1017, 13.1317], [78.103, 13.1331], [78.104, 13.1341], [78.1071, 13.1341], [78.1091, 13.1339], [78.1111, 13.1336], [78.1121, 13.1336], [78.1131, 13.134], [78.1143, 13.134], [78.1165, 13.1336], [78.1176, 13.1337], [78.1186, 13.1338]]]}, "properties": {"OBJECTID": 279088, "gpcode": "", "gpname": "", "stname": "KARNATAKA", "dtname": "Kolar", "sdtname": "Kolar", "stcode11": "29", "dtcode11": "581", "sdtcode11": "05591", "blklgdcode": "5870", "blkname": "KOLAR", "dt_lgd": 542, "sdt_lgd": 5591, "st_lgd": 29, "vilcode11": 622020, "vilname11": "Sulthan Thippasandra", "pan_local": "KOLAR", "b_pan_code": 6201, "b_pan_name": "KOLAR", "d_pan_code": 497, "d_pan_name": "KOLAR", "gp_code": "", "gp_name": "", "st_2011": "29", "dt_2011": "581", "sdt_2011": "05591", "subdtname": "Kolar", "block_name": "KOLAR", "blk_lgdcod": "5870", "dtcode14": "581", "SHAPE_Length": 5859.523988969009, "SHAPE_Area": 973440.4150131634}}, {"type": "Feature", "geometry": {"type": "MultiPolygon", "coordinates": [[[[78.112, 13.1412], [78.1132, 13.1409], [78.1142, 13.141], [78.1151, 13.1404], [78.1155, 13.1402], [78.1159, 13.1402], [78.1168, 13.1404], [78.1172, 13.1404], [78.1179, 13.1404], [78.1182, 13.1403], [78.1185, 13.1397], [78.1187, 13.1389], [78.1165, 13.1385], [78.1143, 13.1383], [78.113, 13.1381], [78.1118, 13.138], [78.1114, 13.1387], [78.1111, 13.1397], [78.111, 13.1401], [78.1105, 13.1403], [78.1105, 13.141], [78.1108, 13.1411], [78.1113, 13.1412], [78.112, 13.1412]]], [[[78.1042, 13.1382], [78.1038, 13.1381], [78.103, 13.1382], [78.1018, 13.139], [78.1011, 13.1397], [78.1008, 13.1398], [78.1002, 13.1409], [78.0999, 13.1415], [78.0999, 13.1428], [78.1014, 13.1453], [78.1023, 13.1468], [78.1031, 13.1458], [78.1036, 13.1449], [78.1046, 13.1437], [78.1048, 13.1422], [78.1056, 13.1417], [78.1052, 13.1401], [78.1051, 13.1396], [78.1046, 13.1386], [78.1042, 13.1382]]]]}, "properties": {"OBJECTID": 279089, "gpcode": "", "gpname": "", "stname": "KARNATAKA", "dtname": "Kolar", "sdtname": "Kolar", "stcode11": "29", "dtcode11": "581", "sdtcode11": "05591", "blklgdcode": "5870", "blkname": "KOLAR", "dt_lgd": 542, "sdt_lgd": 5591, "st_lgd": 29, "vilcode11": 622018, "vilname11": "Vibhuthipura", "pan_local": "KOLAR", "b_pan_code": 6201, "b_pan_name": "KOLAR", "d_pan_code": 497, "d_pan_name": "KOLAR", "gp_code": "", "gp_name": "", "st_2011": "29", "dt_2011": "581", "sdt_2011": "05591", "subdtname": "Kolar", "block_name": "KOLAR", "blk_lgdcod": "5870", "dtcode14": "581", "SHAPE_Length": 4724.886406134902, "SHAPE_Area": 606193.6246659902}}, {"type": "Feature", "geometry": {"type": "Polygon", "coordinates": [[[78.1771, 13.144], [78.1787, 13.1428], [78.1812, 13.1433], [78.1841, 13.1436], [78.183, 13.1412], [78.1808, 13.1413], [78.1787, 13.1379], [78.1791, 13.1371], [78.175, 13.1369], [78.1747, 13.1362], [78.1713, 13.1359], [78.1684, 13.1362], [78.1668, 13.1379], [78.1669, 13.1389], [78.1681, 13.1402], [78.1702, 13.1417], [78.1708, 13.143], [78.1715, 13.1449], [78.1738, 13.1444], [78.1741, 13.1449], [78.1751, 13.1452], [78.1763, 13.1451], [78.1771, 13.144]]]}, "properties": {"OBJECTID": 279090, "gpcode": "", "gpname": "", "stname": "KARNATAKA", "dtname": "Kolar", "sdtname": "Kolar", "stcode11": "29", "dtcode11": "581", "sdtcode11": "05591", "blklgdcode": "5870", "blkname": "KOLAR", "dt_lgd": 542, "sdt_lgd": 5591, "st_lgd": 29, "vilcode11": 622004, "vilname11": "Mittakallahalli", "pan_local": "KOLAR", "b_pan_code": 6201, "b_pan_name": "KOLAR", "d_pan_code": 497, "d_pan_name": "KOLAR", "gp_code": "", "gp_name": "", "st_2011": "29", "dt_2011": "581", "sdt_2011": "05591", "subdtname": "Kolar", "block_name": "KOLAR", "blk_lgdcod": "5870", "dtcode14": "581", "SHAPE_Length": 5160.196828746532, "SHAPE_Area": 1183512.3124275596}}, {"type": "Feature", "geometry": {"type": "Polygon", "coordinates": [[[78.4048, 13.1754], [78.4056, 13.1754], [78.4058, 13.1754], [78.4062, 13.175], [78.407, 13.1741], [78.4073, 13.1739], [78.4082, 13.174], [78.4087, 13.1741], [78.4091, 13.1741], [78.4093, 13.1736], [78.4096, 13.1734], [78.4102, 13.1737], [78.4108, 13.1739], [78.4142, 13.1752], [78.4152, 13.1756], [78.4163, 13.176], [78.4181, 13.1768], [78.4186, 13.1771], [78.4189, 13.1772], [78.4193, 13.177], [78.4197, 13.1768], [78.4206, 13.1767], [78.4213, 13.1765], [78.421, 13.1762], [78.4207, 13.1752], [78.4202, 13.1744], [78.4194, 13.1736], [78.4187, 13.1728], [78.4184, 13.1719], [78.4182, 13.171], [78.4182, 13.1698], [78.4184, 13.1677], [78.4184, 13.1665], [78.4184, 13.1659], [78.4186, 13.165], [78.4186, 13.1635], [78.4189, 13.162], [78.4175, 13.1602], [78.4161, 13.1583], [78.4157, 13.1586], [78.4149, 13.159], [78.4132, 13.1593], [78.4119, 13.1578], [78.4108, 13.1569], [78.4092, 13.1564], [78.4076, 13.156], [78.4067, 13.1558], [78.4051, 13.1559], [78.4032, 13.156], [78.4014, 13.1561], [78.4001, 13.1561], [78.399, 13.156], [78.3979, 13.1556], [78.3967, 13.1551], [78.3965, 13.1551], [78.3943, 13.1543], [78.3936, 13.154], [78.3931, 13.1558], [78.3904, 13.1555], [78.3896, 13.1542], [78.3902, 13.1531], [78.39, 13.1526], [78.3887, 13.1533], [78.3865, 13.1536], [78.3866, 13.1544], [78.3867, 13.1556], [78.3882, 13.1546], [78.3893, 13.1549], [78.3897, 13.1559], [78.3879, 13.157], [78.3878, 13.1584], [78.3871, 13.16], [78.3849, 13.1608], [78.3826, 13.1604], [78.3807, 13.1602], [78.38, 13.1595], [78.3813, 13.1572], [78.3831, 13.1557], [78.3835, 13.1544], [78.3815, 13.1551], [78.3802, 13.1555], [78.3789, 13.1557], [78.3776, 13.156], [78.3768, 13.1565], [78.3761, 13.1573], [78.3762, 13.1584], [78.3764, 13.1595], [78.3739, 13.1594], [78.374, 13.1609], [78.3727, 13.1614], [78.3722, 13.1619], [78.3713, 13.1628], [78.3709, 13.1637], [78.371, 13.1641], [78.3714, 13.1643], [78.3721, 13.1645], [78.3728, 13.1646], [78.3727, 13.1654], [78.3725, 13.1674], [78.3726, 13.169], [78.3726, 13.1697], [78.3723, 13.1705], [78.3739, 13.1714], [78.3742, 13.1701], [78.3748, 13.1685], [78.3754, 13.1672], [78.3766, 13.1658], [78.3779, 13.1645], [78.379, 13.1637], [78.38, 13.1631], [78.3811, 13.1629], [78.3817, 13.1629], [78.3824, 13.1632], [78.3832, 13.1643], [78.384, 13.1661], [78.3849, 13.1677], [78.3859, 13.169], [78.3866, 13.1704], [78.3872, 13.1717], [78.3883, 13.173], [78.3889, 13.1745], [78.3892, 13.1752], [78.3896, 13.1777], [78.3901, 13.1795], [78.3905, 13.1811], [78.3909, 13.1825], [78.3913, 13.1835], [78.3916, 13.1843], [78.3924, 13.1859], [78.3931, 13.1874], [78.3935, 13.1885], [78.3938, 13.1893], [78.3943, 13.1898], [78.3948, 13.19], [78.396, 13.1903], [78.397, 13.1894], [78.3972, 13.1889], [78.397, 13.1876], [78.3971, 13.1862], [78.3974, 13.1842], [78.3977, 13.1822], [78.398, 13.1803], [78.398, 13.1796], [78.398, 13.1793], [78.3979, 13.179], [78.3976, 13.1785], [78.3976, 13.1779], [78.398, 13.1772], [78.3984, 13.1768], [78.399, 13.1764], [78.4, 13.1761], [78.401, 13.1758], [78.4023, 13.1756], [78.4034, 13.1754], [78.4048, 13.1754]]]}, "properties": {"OBJECTID": 279091, "gpcode": "", "gpname": "", "stname": "KARNATAKA", "dtname": "Kolar", "sdtname": "Mulbagal", "stcode11": "29", "dtcode11": "581", "sdtcode11": "05594", "blklgdcode": "5872", "blkname": "MULBAGAL", "dt_lgd": 542, "sdt_lgd": 5594, "st_lgd": 29, "vilcode11": 803225, "vilname11": "Mulbagal (TMC)", "pan_local": "MULBAGAL", "b_pan_code": 6203, "b_pan_name": "MULBAGAL", "d_pan_code": 497, "d_pan_name": "KOLAR", "gp_code": "", "gp_name": "", "st_2011": "29", "dt_2011": "581", "sdt_2011": "05594", "subdtname": "Mulbagal", "block_name": "MULBAGAL", "blk_lgdcod": "5872", "dtcode14": "581", "SHAPE_Length": 21928.495210281864, "SHAPE_Area": 10170278.355974501}}, {"type": "Feature", "geometry": {"type": "Polygon", "coordinates": [[[78.1356, 12.8509], [78.1344, 12.8507], [78.1336, 12.8511], [78.1335, 12.8521], [78.1335, 12.8527], [78.1329, 12.853], [78.1327, 12.8537], [78.1328, 12.8554], [78.1333, 12.857], [78.1336, 12.8577], [78.133, 12.8581], [78.1339, 12.8584], [78.1333, 12.8589], [78.1341, 12.8591], [78.1352, 12.8582], [78.1356, 12.8575], [78.1369, 12.8561], [78.1359, 12.855], [78.137, 12.854], [78.1368, 12.8538], [78.1361, 12.8522], [78.136, 12.8514], [78.1356, 12.8509]]]}, "properties": {"OBJECTID": 279631, "gpcode": "", "gpname": "", "stname": "KARNATAKA", "dtname": "Kolar", "sdtname": "Bangarapet", "stcode11": "29", "dtcode11": "581", "sdtcode11": "05593", "blklgdcode": "5865", "blkname": "BANGARAPET", "dt_lgd": 542, "sdt_lgd": 5593, "st_lgd": 29, "vilcode11": 0, "vilname11": "GOLLAHALLI", "pan_local": "BANGARAPET", "b_pan_code": 6196, "b_pan_name": "BANGARAPET", "d_pan_code": 497, "d_pan_name": "KOLAR", "gp_code": "", "gp_name": "", "st_2011": "29", "dt_2011": "581", "sdt_2011": "05593", "subdtname": "Bangarapet", "block_name": "BANGARAPET", "blk_lgdcod": "5865", "dtcode14": "581", "SHAPE_Length": 2617.719738337156, "SHAPE_Area": 301732.5688601804}}, {"type": "Feature", "geometry": {"type": "Polygon", "coordinates": [[[78.2323, 12.8033], [78.2336, 12.8032], [78.2352, 12.8035], [78.2361, 12.8037], [78.2375, 12.8032], [78.2379, 12.8022], [78.2381, 12.8014], [78.2395, 12.8012], [78.2415, 12.8016], [78.2432, 12.8016], [78.2452, 12.8019], [78.2466, 12.8019], [78.2466, 12.8017], [78.2435, 12.801], [78.2416, 12.8005], [78.2415, 12.8005], [78.239, 12.7998], [78.2376, 12.7995], [78.2366, 12.7984], [78.2354, 12.7989], [78.235, 12.7994], [78.2341, 12.7996], [78.2334, 12.7991], [78.2322, 12.7992], [78.2313, 12.8005], [78.2298, 12.8008], [78.2292, 12.8011], [78.229, 12.8017], [78.2289, 12.8023], [78.2289, 12.8024], [78.2293, 12.8028], [78.2296, 12.8035], [78.2296, 12.8036], [78.2294, 12.8041], [78.2293, 12.8041], [78.2294, 12.8041], [78.2302, 12.8043], [78.2315, 12.8039], [78.2323, 12.8033]]]}, "properties": {"OBJECTID": 279632, "gpcode": "", "gpname": "", "stname": "KARNATAKA", "dtname": "Kolar", "sdtname": "Bangarapet", "stcode11": "29", "dtcode11": "581", "sdtcode11": "05593", "blklgdcode": "5865", "blkname": "BANGARAPET", "dt_lgd": 542, "sdt_lgd": 5593, "st_lgd": 29, "vilcode11": 0, "vilname11": "DONIMADAGU", "pan_local": "BANGARAPET", "b_pan_code": 6196, "b_pan_name": "BANGARAPET", "d_pan_code": 497, "d_pan_name": "KOLAR", "gp_code": "", "gp_name": "", "st_2011": "29", "dt_2011": "581", "sdt_2011": "05593", "subdtname": "Bangarapet", "block_name": "BANGARAPET", "blk_lgdcod": "5865", "dtcode14": "581", "SHAPE_Length": 4716.543580225867, "SHAPE_Area": 544078.3346873174}}, {"type": "Feature", "geometry": {"type": "Polygon", "coordinates": [[[78.1069, 12.9103], [78.106, 12.9099], [78.1061, 12.909], [78.1045, 12.9093], [78.1044, 12.9083], [78.1023, 12.9071], [78.1022, 12.9075], [78.1017, 12.908], [78.1002, 12.9087], [78.0982, 12.9091], [78.0968, 12.9093], [78.0968, 12.9092], [78.095, 12.9094], [78.0948, 12.9099], [78.0946, 12.9103], [78.0943, 12.9109], [78.0941, 12.9114], [78.0939, 12.912], [78.0937, 12.9126], [78.0935, 12.9132], [78.0933, 12.9137], [78.0931, 12.9142], [78.0937, 12.9147], [78.0941, 12.9152], [78.0945, 12.9156], [78.0946, 12.9156], [78.0949, 12.916], [78.095, 12.9161], [78.0955, 12.9165], [78.096, 12.9169], [78.0965, 12.9172], [78.097, 12.9175], [78.0976, 12.9178], [78.0981, 12.918], [78.1001, 12.9169], [78.1049, 12.9153], [78.1065, 12.9144], [78.1063, 12.9137], [78.106, 12.9119], [78.1062, 12.9109], [78.1069, 12.9103]]]}, "properties": {"OBJECTID": 279715, "gpcode": "", "gpname": "", "stname": "KARNATAKA", "dtname": "Kolar", "sdtname": "Bangarapet", "stcode11": "29", "dtcode11": "581", "sdtcode11": "05593", "blklgdcode": "5865", "blkname": "BANGARAPET", "dt_lgd": 542, "sdt_lgd": 5593, "st_lgd": 29, "vilcode11": 0, "vilname11": "UDDANPALLI", "pan_local": "BANGARAPET", "b_pan_code": 6196, "b_pan_name": "BANGARAPET", "d_pan_code": 497, "d_pan_name": "KOLAR", "gp_code": "", "gp_name": "", "st_2011": "29", "dt_2011": "581", "sdt_2011": "05593", "subdtname": "Bangarapet", "block_name": "BANGARAPET", "blk_lgdcod": "5865", "dtcode14": "581", "SHAPE_Length": 4534.890719951699, "SHAPE_Area": 1198923.2076122414}}, {"type": "Feature", "geometry": {"type": "Polygon", "coordinates": [[[78.1485, 13.1209], [78.1484, 13.1208], [78.1476, 13.119], [78.1473, 13.118], [78.1464, 13.1174], [78.1461, 13.1163], [78.1454, 13.114], [78.1444, 13.1132], [78.1438, 13.1128], [78.1435, 13.1129], [78.143, 13.1127], [78.1429, 13.1131], [78.1399, 13.1134], [78.1371, 13.1136], [78.1355, 13.1137], [78.1355, 13.1159], [78.1357, 13.1183], [78.1364, 13.1191], [78.1373, 13.1194], [78.1382, 13.1193], [78.139, 13.1188], [78.1395, 13.1191], [78.1425, 13.1185], [78.144, 13.1198], [78.145, 13.1202], [78.1466, 13.1214], [78.1478, 13.1211], [78.1485, 13.1209]]]}, "properties": {"OBJECTID": 279716, "gpcode": "", "gpname": "", "stname": "KARNATAKA", "dtname": "Kolar", "sdtname": "Kolar", "stcode11": "29", "dtcode11": "581", "sdtcode11": "05591", "blklgdcode": "5870", "blkname": "KOLAR", "dt_lgd": 542, "sdt_lgd": 5591, "st_lgd": 29, "vilcode11": 622026, "vilname11": "Kogilahalli", "pan_local": "KOLAR", "b_pan_code": 6201, "b_pan_name": "KOLAR", "d_pan_code": 497, "d_pan_name": "KOLAR", "gp_code": "", "gp_name": "", "st_2011": "29", "dt_2011": "581", "sdt_2011": "05591", "subdtname": "Kolar", "block_name": "KOLAR", "blk_lgdcod": "5870", "dtcode14": "581", "SHAPE_Length": 4247.839267607161, "SHAPE_Area": 851527.5368926383}}, {"type": "Feature", "geometry": {"type": "Polygon", "coordinates": [[[78.3936, 13.154], [78.393, 13.1532], [78.3926, 13.1524], [78.3924, 13.151], [78.3924, 13.1502], [78.3916, 13.1507], [78.3912, 13.1514], [78.3908, 13.152], [78.3903, 13.1525], [78.39, 13.1526], [78.3902, 13.1531], [78.3896, 13.1542], [78.3904, 13.1555], [78.3931, 13.1558], [78.3936, 13.154]]]}, "properties": {"OBJECTID": 280113, "gpcode": "", "gpname": "", "stname": "KARNATAKA", "dtname": "Kolar", "sdtname": "Mulbagal", "stcode11": "29", "dtcode11": "581", "sdtcode11": "05594", "blklgdcode": "5872", "blkname": "MULBAGAL", "dt_lgd": 542, "sdt_lgd": 5594, "st_lgd": 29, "vilcode11": 938875, "vilname11": "Yindlekere", "pan_local": "MULBAGAL", "b_pan_code": 6203, "b_pan_name": "MULBAGAL", "d_pan_code": 497, "d_pan_name": "KOLAR", "gp_code": "", "gp_name": "", "st_2011": "29", "dt_2011": "581", "sdt_2011": "05594", "subdtname": "Mulbagal", "block_name": "MULBAGAL", "blk_lgdcod": "5872", "dtcode14": "581", "SHAPE_Length": 1771.7369915628037, "SHAPE_Area": 167742.85984627175}}, {"type": "Feature", "geometry": {"type": "Polygon", "coordinates": [[[78.2778, 12.9756], [78.2783, 12.9756], [78.2788, 12.9751], [78.2787, 12.9743], [78.2792, 12.9737], [78.2808, 12.9725], [78.2815, 12.9718], [78.2822, 12.9716], [78.2836, 12.9719], [78.2838, 12.9717], [78.2843, 12.9711], [78.2846, 12.9706], [78.2854, 12.9702], [78.2861, 12.9702], [78.2872, 12.9703], [78.2879, 12.9699], [78.288, 12.9696], [78.2876, 12.9681], [78.287, 12.9665], [78.2868, 12.9656], [78.288, 12.9644], [78.2869, 12.964], [78.2857, 12.9616], [78.2857, 12.9609], [78.2845, 12.9593], [78.2842, 12.9589], [78.2809, 12.9615], [78.2791, 12.9631], [78.2751, 12.9638], [78.2676, 12.9629], [78.267, 12.9603], [78.266, 12.9614], [78.2659, 12.9616], [78.265, 12.965], [78.2594, 12.9642], [78.2592, 12.9668], [78.2604, 12.9704], [78.2652, 12.9724], [78.2681, 12.9737], [78.2682, 12.9727], [78.2691, 12.9737], [78.2697, 12.974], [78.2712, 12.9732], [78.2725, 12.9735], [78.2724, 12.9748], [78.2746, 12.9742], [78.2771, 12.9756], [78.2778, 12.9756]]]}, "properties": {"OBJECTID": 280172, "gpcode": "", "gpname": "", "stname": "KARNATAKA", "dtname": "Kolar", "sdtname": "KOLAR GOLD FIELD", "stcode11": "29", "dtcode11": "581", "sdtcode11": "", "blklgdcode": "7363", "blkname": "K G F", "dt_lgd": 542, "sdt_lgd": 7002, "st_lgd": 29, "vilcode11": 938873, "vilname11": "Urigam", "pan_local": "ಕ ಜಿ ಎಫ್", "b_pan_code": 293922, "b_pan_name": "K G F", "d_pan_code": 497, "d_pan_name": "KOLAR", "gp_code": "", "gp_name": "", "st_2011": "29", "dt_2011": "581", "sdt_2011": "", "subdtname": "KOLAR GOLD FIELD", "block_name": "K G F", "blk_lgdcod": "7363", "dtcode14": "581", "SHAPE_Length": 9681.693398701666, "SHAPE_Area": 3503851.4538365016}}, {"type": "Feature", "geometry": {"type": "Polygon", "coordinates": [[[78.2842, 12.9589], [78.2838, 12.9582], [78.2844, 12.9572], [78.2836, 12.9556], [78.2825, 12.9545], [78.2832, 12.9528], [78.2817, 12.9522], [78.2814, 12.9529], [78.2809, 12.9543], [78.2806, 12.9559], [78.2801, 12.9568], [78.2786, 12.9571], [78.2751, 12.9572], [78.2735, 12.9558], [78.2719, 12.9562], [78.2695, 12.9556], [78.2679, 12.9557], [78.267, 12.9558], [78.266, 12.9583], [78.2659, 12.9604], [78.266, 12.9614], [78.267, 12.9603], [78.2676, 12.9629], [78.2751, 12.9638], [78.2791, 12.9631], [78.2809, 12.9615], [78.2842, 12.9589]]]}, "properties": {"OBJECTID": 280173, "gpcode": "", "gpname": "", "stname": "KARNATAKA", "dtname": "Kolar", "sdtname": "KOLAR GOLD FIELD", "stcode11": "29", "dtcode11": "581", "sdtcode11": "", "blklgdcode": "7363", "blkname": "K G F", "dt_lgd": 542, "sdt_lgd": 7002, "st_lgd": 29, "vilcode11": 938871, "vilname11": "Sonnakoppa", "pan_local": "ಕ ಜಿ ಎಫ್", "b_pan_code": 293922, "b_pan_name": "K G F", "d_pan_code": 497, "d_pan_name": "KOLAR", "gp_code": "", "gp_name": "", "st_2011": "29", "dt_2011": "581", "sdt_2011": "", "subdtname": "KOLAR GOLD FIELD", "block_name": "K G F", "blk_lgdcod": "7363", "dtcode14": "581", "SHAPE_Length": 6229.717650255874, "SHAPE_Area": 1507478.3522209148}}, {"type": "Feature", "geometry": {"type": "Polygon", "coordinates": [[[78.2859, 12.9458], [78.2855, 12.9452], [78.2855, 12.9444], [78.2853, 12.9422], [78.2854, 12.9408], [78.2856, 12.9386], [78.2863, 12.9376], [78.2865, 12.9369], [78.286, 12.9356], [78.2871, 12.9344], [78.2875, 12.9327], [78.2886, 12.932], [78.289, 12.9301], [78.2896, 12.93], [78.2877, 12.9301], [78.2853, 12.9317], [78.2845, 12.9335], [78.2817, 12.9317], [78.2809, 12.9324], [78.2811, 12.9336], [78.2825, 12.935], [78.2813, 12.9355], [78.2789, 12.9357], [78.2765, 12.9377], [78.2751, 12.9377], [78.2744, 12.9352], [78.2734, 12.9352], [78.2712, 12.9351], [78.272, 12.9365], [78.2721, 12.9389], [78.2721, 12.9412], [78.2707, 12.9466], [78.2734, 12.9482], [78.2779, 12.9481], [78.2852, 12.9475], [78.2859, 12.9458]]]}, "properties": {"OBJECTID": 280174, "gpcode": "", "gpname": "", "stname": "KARNATAKA", "dtname": "Kolar", "sdtname": "KOLAR GOLD FIELD", "stcode11": "29", "dtcode11": "581", "sdtcode11": "", "blklgdcode": "7363", "blkname": "K G F", "dt_lgd": 542, "sdt_lgd": 7002, "st_lgd": 29, "vilcode11": 938870, "vilname11": "Masake", "pan_local": "ಕ ಜಿ ಎಫ್", "b_pan_code": 293922, "b_pan_name": "K G F", "d_pan_code": 497, "d_pan_name": "KOLAR", "gp_code": "", "gp_name": "", "st_2011": "29", "dt_2011": "581", "sdt_2011": "", "subdtname": "KOLAR GOLD FIELD", "block_name": "K G F", "blk_lgdcod": "7363", "dtcode14": "581", "SHAPE_Length": 8466.438459219667, "SHAPE_Area": 2412446.037322519}}, {"type": "Feature", "geometry": {"type": "Polygon", "coordinates": [[[78.2896, 12.93], [78.2913, 12.9296], [78.2919, 12.9285], [78.2925, 12.9279], [78.2924, 12.9271], [78.2919, 12.9266], [78.291, 12.9263], [78.2888, 12.9271], [78.2877, 12.9277], [78.2864, 12.9274], [78.2862, 12.9291], [78.2844, 12.9304], [78.2818, 12.929], [78.2813, 12.928], [78.2797, 12.9282], [78.2771, 12.9274], [78.2756, 12.9255], [78.2745, 12.9262], [78.2738, 12.9266], [78.2699, 12.9271], [78.2616, 12.9259], [78.2596, 12.9261], [78.2585, 12.9261], [78.257, 12.9293], [78.2583, 12.9312], [78.2605, 12.9312], [78.2699, 12.9314], [78.2741, 12.9312], [78.278, 12.9299], [78.2809, 12.9324], [78.2817, 12.9317], [78.2845, 12.9335], [78.2853, 12.9317], [78.2877, 12.9301], [78.2896, 12.93]]]}, "properties": {"OBJECTID": 280175, "gpcode": "", "gpname": "", "stname": "KARNATAKA", "dtname": "Kolar", "sdtname": "KOLAR GOLD FIELD", "stcode11": "29", "dtcode11": "581", "sdtcode11": "", "blklgdcode": "7363", "blkname": "K G F", "dt_lgd": 542, "sdt_lgd": 7002, "st_lgd": 29, "vilcode11": 938869, "vilname11": "Gonimakanahalli", "pan_local": "ಕ ಜಿ ಎಫ್", "b_pan_code": 293922, "b_pan_name": "K G F", "d_pan_code": 497, "d_pan_name": "KOLAR", "gp_code": "", "gp_name": "", "st_2011": "29", "dt_2011": "581", "sdt_2011": "", "subdtname": "KOLAR GOLD FIELD", "block_name": "K G F", "blk_lgdcod": "7363", "dtcode14": "581", "SHAPE_Length": 9434.726465525344, "SHAPE_Area": 1727205.0324150359}}, {"type": "Feature", "geometry": {"type": "Polygon", "coordinates": [[[78.2745, 12.9262], [78.2748, 12.9258], [78.2758, 12.9237], [78.2734, 12.9235], [78.2712, 12.9235], [78.2692, 12.9244], [78.2652, 12.9237], [78.261, 12.9228], [78.2592, 12.9248], [78.2596, 12.9261], [78.2616, 12.9259], [78.2699, 12.9271], [78.2738, 12.9266], [78.2745, 12.9262]]]}, "properties": {"OBJECTID": 280176, "gpcode": "", "gpname": "", "stname": "KARNATAKA", "dtname": "Kolar", "sdtname": "KOLAR GOLD FIELD", "stcode11": "29", "dtcode11": "581", "sdtcode11": "", "blklgdcode": "7363", "blkname": "K G F", "dt_lgd": 542, "sdt_lgd": 7002, "st_lgd": 29, "vilcode11": 938872, "vilname11": "Tummanapalli", "pan_local": "ಕ ಜಿ ಎಫ್", "b_pan_code": 293922, "b_pan_name": "K G F", "d_pan_code": 497, "d_pan_name": "KOLAR", "gp_code": "", "gp_name": "", "st_2011": "29", "dt_2011": "581", "sdt_2011": "", "subdtname": "KOLAR GOLD FIELD", "block_name": "K G F", "blk_lgdcod": "7363", "dtcode14": "581", "SHAPE_Length": 4145.503190544512, "SHAPE_Area": 571579.1582844602}}, {"type": "Feature", "geometry": {"type": "Polygon", "coordinates": [[[78.124, 12.9288], [78.1225, 12.9285], [78.1196, 12.93], [78.1201, 12.9304], [78.12, 12.931], [78.12, 12.9316], [78.12, 12.9323], [78.12, 12.9329], [78.1199, 12.9335], [78.1199, 12.9338], [78.1199, 12.934], [78.1199, 12.9347], [78.1199, 12.9353], [78.1199, 12.9359], [78.12, 12.9378], [78.12, 12.9384], [78.1201, 12.9391], [78.1201, 12.9398], [78.1202, 12.9404], [78.1209, 12.9403], [78.1215, 12.94], [78.1221, 12.9398], [78.1227, 12.9396], [78.1233, 12.9394], [78.1239, 12.9392], [78.1244, 12.9389], [78.1249, 12.9386], [78.1255, 12.9384], [78.1262, 12.9383], [78.1268, 12.9383], [78.1254, 12.9374], [78.1253, 12.9354], [78.1255, 12.9337], [78.1266, 12.933], [78.1261, 12.9309], [78.1255, 12.9294], [78.124, 12.9288]]]}, "properties": {"OBJECTID": 229943, "gpcode": "218787", "gpname": "A.JOTHENA HALLI", "stname": "KARNATAKA", "dtname": "Kolar", "sdtname": "Bangarapet", "stcode11": "29", "dtcode11": "581", "sdtcode11": "05593", "blklgdcode": "5865", "blkname": "BANGARAPET", "dt_lgd": 542, "sdt_lgd": 5593, "st_lgd": 29, "vilcode11": 0, "vilname11": "", "pan_local": "BANGARAPET", "b_pan_code": 6196, "b_pan_name": "BANGARAPET", "d_pan_code": 497, "d_pan_name": "KOLAR", "gp_code": "218787", "gp_name": "A.JOTHENA HALLI", "st_2011": "29", "dt_2011": "581", "sdt_2011": "05593", "subdtname": "Bangarapet", "block_name": "BANGARAPET", "blk_lgdcod": "5865", "dtcode14": "581", "SHAPE_Length": 3897.4912034812196, "SHAPE_Area": 772010.574822151}}, {"type": "Feature", "geometry": {"type": "Polygon", "coordinates": [[[78.162, 12.947], [78.1627, 12.9468], [78.1633, 12.9475], [78.1637, 12.9481], [78.1639, 12.9487], [78.1641, 12.9481], [78.1647, 12.9476], [78.1651, 12.9473], [78.1661, 12.9459], [78.1663, 12.9455], [78.1656, 12.945], [78.1652, 12.9445], [78.1651, 12.9437], [78.165, 12.9427], [78.1649, 12.9419], [78.1649, 12.9411], [78.1649, 12.9405], [78.1649, 12.9386], [78.1649, 12.9377], [78.1649, 12.9369], [78.1649, 12.9358], [78.1649, 12.9349], [78.1648, 12.9344], [78.1644, 12.9337], [78.1642, 12.9331], [78.1634, 12.9324], [78.1637, 12.9297], [78.1637, 12.9271], [78.164, 12.9257], [78.1648, 12.9258], [78.166, 12.926], [78.1695, 12.9253], [78.1725, 12.9254], [78.1742, 12.9266], [78.1749, 12.925], [78.1757, 12.9236], [78.176, 12.9222], [78.1753, 12.9211], [78.1774, 12.9215], [78.1792, 12.9225], [78.1788, 12.9199], [78.1779, 12.9118], [78.1778, 12.9101], [78.1794, 12.9099], [78.1838, 12.9091], [78.1837, 12.9081], [78.182, 12.9079], [78.1783, 12.9083], [78.1748, 12.9084], [78.1747, 12.9092], [78.1738, 12.9098], [78.1719, 12.9102], [78.1702, 12.9097], [78.1685, 12.9093], [78.1672, 12.9092], [78.1656, 12.9089], [78.1661, 12.9074], [78.1638, 12.9072], [78.161, 12.9074], [78.1582, 12.9079], [78.1558, 12.9083], [78.1537, 12.9089], [78.1519, 12.9093], [78.1504, 12.9093], [78.1491, 12.9093], [78.148, 12.9093], [78.1453, 12.909], [78.1446, 12.9087], [78.1432, 12.9088], [78.1422, 12.9091], [78.142, 12.9108], [78.1418, 12.9115], [78.141, 12.9128], [78.14, 12.914], [78.1389, 12.9161], [78.1371, 12.9142], [78.1353, 12.9125], [78.1333, 12.911], [78.1312, 12.9096], [78.1297, 12.9083], [78.1293, 12.9099], [78.1288, 12.911], [78.1272, 12.9122], [78.1252, 12.9128], [78.1234, 12.9131], [78.1214, 12.9128], [78.1197, 12.9126], [78.1205, 12.9143], [78.1223, 12.9162], [78.1236, 12.9172], [78.1248, 12.9184], [78.1286, 12.9206], [78.1314, 12.9218], [78.1328, 12.9231], [78.1322, 12.9243], [78.1315, 12.9259], [78.1304, 12.9271], [78.1298, 12.9276], [78.1291, 12.9289], [78.1288, 12.9309], [78.1284, 12.9328], [78.1284, 12.9345], [78.1282, 12.9365], [78.1278, 12.9381], [78.128, 12.9381], [78.1287, 12.9381], [78.1293, 12.9382], [78.1296, 12.9383], [78.1298, 12.9384], [78.1305, 12.9386], [78.131, 12.9389], [78.1312, 12.939], [78.1316, 12.9392], [78.1327, 12.9397], [78.1334, 12.9399], [78.1337, 12.94], [78.134, 12.9401], [78.1346, 12.9401], [78.1353, 12.9402], [78.1378, 12.9401], [78.1408, 12.9402], [78.1452, 12.9406], [78.1465, 12.9408], [78.1468, 12.9426], [78.1478, 12.945], [78.149, 12.9479], [78.1501, 12.9494], [78.1502, 12.9496], [78.1505, 12.9499], [78.1508, 12.9502], [78.1521, 12.9498], [78.1534, 12.9494], [78.1547, 12.9492], [78.1558, 12.9488], [78.1566, 12.9484], [78.1574, 12.9481], [78.1586, 12.9478], [78.1604, 12.9473], [78.162, 12.947]]]}, "properties": {"OBJECTID": 229944, "gpcode": "218787", "gpname": "A.JOTHENA HALLI", "stname": "KARNATAKA", "dtname": "Kolar", "sdtname": "Bangarapet", "stcode11": "29", "dtcode11": "581", "sdtcode11": "05593", "blklgdcode": "5865", "blkname": "BANGARAPET", "dt_lgd": 542, "sdt_lgd": 5593, "st_lgd": 29, "vilcode11": 0, "vilname11": "", "pan_local": "BANGARAPET", "b_pan_code": 6196, "b_pan_name": "BANGARAPET", "d_pan_code": 497, "d_pan_name": "KOLAR", "gp_code": "218787", "gp_name": "A.JOTHENA HALLI", "st_2011": "29", "dt_2011": "581", "sdt_2011": "05593", "subdtname": "Bangarapet", "block_name": "BANGARAPET", "blk_lgdcod": "5865", "dtcode14": "581", "SHAPE_Length": 24803.900177486463, "SHAPE_Area": 18761581.97544174}}, {"type": "Feature", "geometry": {"type": "Polygon", "coordinates": [[[78.1225, 12.9558], [78.1249, 12.9553], [78.1259, 12.954], [78.1268, 12.9523], [78.1277, 12.9523], [78.1294, 12.9526], [78.1303, 12.9525], [78.1305, 12.9514], [78.13, 12.9514], [78.1294, 12.9512], [78.1288, 12.951], [78.1284, 12.9505], [78.1279, 12.9501], [78.1278, 12.9488], [78.1278, 12.9482], [78.1276, 12.9475], [78.1274, 12.9474], [78.127, 12.9472], [78.1265, 12.9468], [78.126, 12.9464], [78.1255, 12.946], [78.125, 12.9456], [78.1246, 12.9452], [78.1242, 12.9448], [78.1237, 12.9444], [78.1232, 12.9442], [78.1229, 12.9441], [78.1226, 12.9439], [78.1221, 12.9437], [78.1215, 12.9438], [78.1209, 12.944], [78.1203, 12.9442], [78.1197, 12.9444], [78.1192, 12.9446], [78.1185, 12.9449], [78.118, 12.9452], [78.1175, 12.9456], [78.1171, 12.9461], [78.117, 12.9462], [78.1168, 12.9466], [78.1166, 12.9473], [78.1163, 12.9478], [78.1162, 12.9484], [78.1163, 12.949], [78.1164, 12.9491], [78.1165, 12.9496], [78.1167, 12.9502], [78.117, 12.9508], [78.1174, 12.9512], [78.1179, 12.9516], [78.1185, 12.9519], [78.119, 12.9522], [78.1195, 12.9525], [78.1199, 12.953], [78.1202, 12.9535], [78.1205, 12.954], [78.1206, 12.9547], [78.1209, 12.9552], [78.1211, 12.9557], [78.1212, 12.9557], [78.1225, 12.9558]]]}, "properties": {"OBJECTID": 229945, "gpcode": "218787", "gpname": "A.JOTHENA HALLI", "stname": "KARNATAKA", "dtname": "Kolar", "sdtname": "Bangarapet", "stcode11": "29", "dtcode11": "581", "sdtcode11": "05593", "blklgdcode": "5865", "blkname": "BANGARAPET", "dt_lgd": 542, "sdt_lgd": 5593, "st_lgd": 29, "vilcode11": 0, "vilname11": "", "pan_local": "BANGARAPET", "b_pan_code": 6196, "b_pan_name": "BANGARAPET", "d_pan_code": 497, "d_pan_name": "KOLAR", "gp_code": "218787", "gp_name": "A.JOTHENA HALLI", "st_2011": "29", "dt_2011": "581", "sdt_2011": "05593", "subdtname": "Bangarapet", "block_name": "BANGARAPET", "blk_lgdcod": "5865", "dtcode14": "581", "SHAPE_Length": 4703.297076860611, "SHAPE_Area": 1279612.8940691312}}, {"type": "Feature", "geometry": {"type": "Polygon", "coordinates": [[[78.1459, 12.8586], [78.1469, 12.856], [78.1449, 12.8565], [78.144, 12.8565], [78.1436, 12.8565], [78.1423, 12.8554], [78.1413, 12.8555], [78.1409, 12.8549], [78.1392, 12.8551], [78.1369, 12.8561], [78.1376, 12.8569], [78.1384, 12.858], [78.1386, 12.8593], [78.1391, 12.86], [78.1406, 12.8614], [78.141, 12.8615], [78.1415, 12.8619], [78.1428, 12.8624], [78.1433, 12.8628], [78.1433, 12.8629], [78.1441, 12.8618], [78.1447, 12.8603], [78.1459, 12.8586]]]}, "properties": {"OBJECTID": 229946, "gpcode": "218788", "gpname": "BALAMANDE", "stname": "KARNATAKA", "dtname": "Kolar", "sdtname": "Bangarapet", "stcode11": "29", "dtcode11": "581", "sdtcode11": "05593", "blklgdcode": "5865", "blkname": "BANGARAPET", "dt_lgd": 542, "sdt_lgd": 5593, "st_lgd": 29, "vilcode11": 0, "vilname11": "", "pan_local": "BANGARAPET", "b_pan_code": 6196, "b_pan_name": "BANGARAPET", "d_pan_code": 497, "d_pan_name": "KOLAR", "gp_code": "218788", "gp_name": "BALAMANDE", "st_2011": "29", "dt_2011": "581", "sdt_2011": "05593", "subdtname": "Bangarapet", "block_name": "BANGARAPET", "blk_lgdcod": "5865", "dtcode14": "581", "SHAPE_Length": 3211.693346041776, "SHAPE_Area": 549442.0994501594}}, {"type": "Feature", "geometry": {"type": "Polygon", "coordinates": [[[78.1745, 12.8668], [78.1764, 12.8643], [78.1786, 12.8616], [78.18, 12.8595], [78.1813, 12.8572], [78.1828, 12.8571], [78.1829, 12.8568], [78.1838, 12.8547], [78.1831, 12.853], [78.1816, 12.8497], [78.1808, 12.8471], [78.1807, 12.8468], [78.1799, 12.8449], [78.1796, 12.8429], [78.1785, 12.8424], [78.1761, 12.8407], [78.1748, 12.8399], [78.1736, 12.8392], [78.1729, 12.8381], [78.1731, 12.8371], [78.1733, 12.836], [78.1731, 12.8358], [78.173, 12.8345], [78.173, 12.8335], [78.1729, 12.8321], [78.1727, 12.8307], [78.1721, 12.8296], [78.171, 12.829], [78.1695, 12.8258], [78.1688, 12.8253], [78.1702, 12.8202], [78.1697, 12.8199], [78.1683, 12.8179], [78.1679, 12.8165], [78.1676, 12.8157], [78.1667, 12.8146], [78.1659, 12.8138], [78.165, 12.8133], [78.1637, 12.8128], [78.1628, 12.8123], [78.162, 12.8116], [78.161, 12.8107], [78.1609, 12.8074], [78.1606, 12.8057], [78.1625, 12.8057], [78.1654, 12.8052], [78.1688, 12.8049], [78.1705, 12.8049], [78.1733, 12.8049], [78.1747, 12.8047], [78.1764, 12.8044], [78.1773, 12.8034], [78.1791, 12.803], [78.1804, 12.803], [78.1809, 12.8038], [78.1815, 12.8041], [78.1824, 12.804], [78.1833, 12.8028], [78.1841, 12.8012], [78.1842, 12.7984], [78.1842, 12.7967], [78.183, 12.7943], [78.1823, 12.7924], [78.1818, 12.7905], [78.1814, 12.7891], [78.1788, 12.7886], [78.1789, 12.788], [78.1786, 12.7876], [78.1782, 12.7871], [78.178, 12.7867], [78.1779, 12.7862], [78.1778, 12.7858], [78.1778, 12.785], [78.1776, 12.7842], [78.1775, 12.7829], [78.1781, 12.7821], [78.1787, 12.7812], [78.1797, 12.7798], [78.1802, 12.7789], [78.1803, 12.7789], [78.1806, 12.7786], [78.1826, 12.7804], [78.1916, 12.782], [78.1982, 12.7819], [78.198, 12.7803], [78.197, 12.7796], [78.1963, 12.7793], [78.1962, 12.7775], [78.1963, 12.7764], [78.1965, 12.7763], [78.195, 12.7739], [78.1949, 12.7739], [78.1947, 12.7739], [78.1939, 12.7741], [78.1936, 12.7741], [78.1934, 12.7741], [78.1926, 12.7742], [78.1923, 12.7742], [78.1921, 12.7743], [78.1918, 12.7738], [78.1916, 12.7735], [78.1913, 12.7732], [78.1911, 12.7729], [78.1909, 12.7728], [78.1905, 12.7725], [78.1903, 12.7724], [78.1901, 12.7723], [78.1898, 12.7723], [78.1896, 12.7722], [78.1893, 12.7721], [78.1892, 12.7721], [78.189, 12.7719], [78.1888, 12.7721], [78.1886, 12.7721], [78.1885, 12.7722], [78.1882, 12.7723], [78.188, 12.7724], [78.1879, 12.7725], [78.1875, 12.7726], [78.1874, 12.7727], [78.1872, 12.7729], [78.1871, 12.773], [78.187, 12.7732], [78.1869, 12.7734], [78.1869, 12.7737], [78.1869, 12.7738], [78.1868, 12.7741], [78.1868, 12.7742], [78.1867, 12.7743], [78.1866, 12.7744], [78.1864, 12.7746], [78.1862, 12.7747], [78.1857, 12.775], [78.1855, 12.7752], [78.1853, 12.7753], [78.1851, 12.7755], [78.1848, 12.7757], [78.1846, 12.7759], [78.1845, 12.7761], [78.1843, 12.7762], [78.1841, 12.776], [78.1836, 12.7754], [78.1834, 12.7752], [78.1832, 12.775], [78.1827, 12.7744], [78.1824, 12.7743], [78.1821, 12.7743], [78.1811, 12.7747], [78.1807, 12.7748], [78.1803, 12.7749], [78.1794, 12.7753], [78.179, 12.7754], [78.1787, 12.7755], [78.1777, 12.7759], [78.1774, 12.7759], [78.1772, 12.7758], [78.1763, 12.7755], [78.176, 12.7755], [78.1757, 12.7753], [78.1749, 12.775], [78.1746, 12.7749], [78.1743, 12.7748], [78.1735, 12.7745], [78.1731, 12.7743], [78.173, 12.7743], [78.1728, 12.7742], [78.1723, 12.7741], [78.172, 12.7739], [78.1716, 12.7738], [78.1713, 12.7736], [78.1706, 12.7729], [78.1704, 12.7726], [78.1701, 12.7724], [78.1695, 12.7717], [78.1693, 12.7715], [78.1691, 12.7712], [78.1685, 12.7706], [78.1683, 12.7704], [78.168, 12.7702], [78.168, 12.7701], [78.1678, 12.7701], [78.1677, 12.7701], [78.1676, 12.7701], [78.1673, 12.7702], [78.1669, 12.7703], [78.1665, 12.7705], [78.1659, 12.7707], [78.1655, 12.7709], [78.1651, 12.771], [78.1644, 12.7713], [78.164, 12.7714], [78.1637, 12.7716], [78.163, 12.772], [78.1627, 12.7721], [78.1625, 12.7723], [78.1618, 12.7726], [78.1614, 12.7728], [78.1611, 12.7729], [78.1604, 12.7733], [78.1601, 12.7734], [78.1597, 12.7736], [78.159, 12.7739], [78.1587, 12.774], [78.1583, 12.7741], [78.1577, 12.7744], [78.1572, 12.7747], [78.1569, 12.7748], [78.1562, 12.7752], [78.1559, 12.7753], [78.1555, 12.7754], [78.1548, 12.7758], [78.1545, 12.7759], [78.1542, 12.776], [78.154, 12.7761], [78.1538, 12.7762], [78.1537, 12.7763], [78.1535, 12.7764], [78.1531, 12.7767], [78.1529, 12.7768], [78.1523, 12.7773], [78.152, 12.7776], [78.1518, 12.7778], [78.1511, 12.7782], [78.1508, 12.7785], [78.1505, 12.7787], [78.1499, 12.779], [78.1498, 12.779], [78.1495, 12.7791], [78.1492, 12.7793], [78.1489, 12.7794], [78.1488, 12.7794], [78.1488, 12.7795], [78.1484, 12.7796], [78.148, 12.7798], [78.1477, 12.7799], [78.1469, 12.7802], [78.1466, 12.7804], [78.1463, 12.7805], [78.1455, 12.7808], [78.1451, 12.7809], [78.1448, 12.7811], [78.1439, 12.7812], [78.1436, 12.7813], [78.1433, 12.7813], [78.1425, 12.7815], [78.1421, 12.7815], [78.1418, 12.7816], [78.141, 12.7817], [78.1407, 12.7817], [78.1406, 12.7817], [78.1404, 12.7817], [78.1403, 12.7817], [78.1396, 12.7817], [78.1391, 12.7818], [78.1387, 12.7818], [78.138, 12.7819], [78.1376, 12.7821], [78.1374, 12.7822], [78.1372, 12.7823], [78.137, 12.7823], [78.1368, 12.7823], [78.1363, 12.7819], [78.1362, 12.7819], [78.1362, 12.7823], [78.1362, 12.7826], [78.1361, 12.7828], [78.1361, 12.7829], [78.136, 12.783], [78.1358, 12.7831], [78.1357, 12.7831], [78.1356, 12.7831], [78.1355, 12.7831], [78.1354, 12.783], [78.1354, 12.7829], [78.1353, 12.7827], [78.1351, 12.7823], [78.135, 12.7821], [78.1349, 12.782], [78.1348, 12.782], [78.1347, 12.7819], [78.1346, 12.7819], [78.1345, 12.7819], [78.1344, 12.7819], [78.1342, 12.782], [78.1338, 12.7822], [78.1334, 12.7827], [78.133, 12.7829], [78.1328, 12.783], [78.1325, 12.7831], [78.1319, 12.7833], [78.1318, 12.7834], [78.1317, 12.7834], [78.1313, 12.7838], [78.1312, 12.7839], [78.1311, 12.7841], [78.1309, 12.7845], [78.1308, 12.7849], [78.1305, 12.7856], [78.1305, 12.7858], [78.1302, 12.7866], [78.1301, 12.7869], [78.1301, 12.787], [78.1301, 12.7871], [78.13, 12.7872], [78.13, 12.7873], [78.1299, 12.7875], [78.1297, 12.7877], [78.1294, 12.788], [78.129, 12.7883], [78.1287, 12.7886], [78.1282, 12.789], [78.1279, 12.7893], [78.1277, 12.7893], [78.1275, 12.7894], [78.1274, 12.7894], [78.1271, 12.7897], [78.127, 12.7899], [78.127, 12.7901], [78.1268, 12.7905], [78.1267, 12.7907], [78.1266, 12.791], [78.1262, 12.7913], [78.126, 12.7917], [78.1259, 12.7918], [78.1259, 12.7919], [78.1259, 12.7922], [78.1259, 12.7928], [78.1258, 12.793], [78.1258, 12.7934], [78.1257, 12.7936], [78.1257, 12.7938], [78.1257, 12.7942], [78.1257, 12.7943], [78.1257, 12.7944], [78.1258, 12.7948], [78.126, 12.7952], [78.126, 12.7955], [78.126, 12.7957], [78.126, 12.7958], [78.126, 12.7959], [78.1259, 12.7962], [78.1257, 12.7965], [78.1255, 12.7967], [78.1254, 12.7968], [78.1253, 12.7972], [78.1252, 12.7974], [78.1252, 12.7975], [78.1251, 12.7977], [78.125, 12.7982], [78.1247, 12.7983], [78.1239, 12.7986], [78.1236, 12.7987], [78.1232, 12.7989], [78.1223, 12.7991], [78.1219, 12.7993], [78.1217, 12.7995], [78.1213, 12.8002], [78.1211, 12.8005], [78.1209, 12.8008], [78.1205, 12.8015], [78.1204, 12.8017], [78.12, 12.8018], [78.1192, 12.8019], [78.1187, 12.802], [78.1183, 12.8021], [78.1174, 12.8023], [78.1171, 12.8023], [78.1168, 12.8024], [78.1167, 12.8024], [78.1165, 12.8031], [78.1157, 12.8047], [78.1149, 12.8071], [78.1147, 12.8081], [78.1146, 12.8097], [78.1147, 12.8106], [78.115, 12.8121], [78.1153, 12.8131], [78.1154, 12.8135], [78.115, 12.8138], [78.1146, 12.8143], [78.1146, 12.8147], [78.1148, 12.8148], [78.1149, 12.8148], [78.115, 12.8146], [78.1152, 12.8144], [78.1154, 12.8142], [78.1158, 12.8138], [78.1163, 12.8133], [78.1168, 12.8129], [78.1172, 12.8126], [78.1173, 12.8125], [78.1178, 12.812], [78.1184, 12.8116], [78.1189, 12.8111], [78.1195, 12.8106], [78.1197, 12.8105], [78.12, 12.8102], [78.1202, 12.81], [78.1203, 12.8099], [78.1205, 12.8097], [78.1209, 12.8093], [78.1213, 12.8088], [78.1218, 12.8084], [78.1222, 12.8079], [78.1226, 12.8076], [78.123, 12.8073], [78.1232, 12.8071], [78.1235, 12.808], [78.1239, 12.8095], [78.1241, 12.8107], [78.1244, 12.8111], [78.1258, 12.8116], [78.1269, 12.8121], [78.1274, 12.8123], [78.1284, 12.8128], [78.129, 12.8134], [78.1299, 12.8146], [78.1311, 12.8162], [78.1353, 12.8153], [78.1393, 12.8142], [78.143, 12.8135], [78.1447, 12.8137], [78.1461, 12.8149], [78.1477, 12.8163], [78.1507, 12.8206], [78.1515, 12.8222], [78.1521, 12.8241], [78.1541, 12.8246], [78.1533, 12.8265], [78.1509, 12.8282], [78.1514, 12.8301], [78.1532, 12.8312], [78.1548, 12.8332], [78.1575, 12.8339], [78.1575, 12.8355], [78.1565, 12.8369], [78.1553, 12.8382], [78.1535, 12.839], [78.1521, 12.8399], [78.1518, 12.8411], [78.1519, 12.8426], [78.1511, 12.8438], [78.1512, 12.8445], [78.1515, 12.847], [78.1519, 12.8509], [78.1511, 12.8522], [78.1505, 12.8532], [78.1503, 12.8532], [78.1501, 12.853], [78.1498, 12.8542], [78.1488, 12.8564], [78.1496, 12.8572], [78.1497, 12.86], [78.1497, 12.8618], [78.1515, 12.8645], [78.1525, 12.8664], [78.1542, 12.8666], [78.155, 12.8666], [78.156, 12.8666], [78.1573, 12.8664], [78.1574, 12.8664], [78.1584, 12.8661], [78.1594, 12.8658], [78.1609, 12.8655], [78.1623, 12.8652], [78.1634, 12.8653], [78.1646, 12.8658], [78.1663, 12.8664], [78.1677, 12.8668], [78.1698, 12.8682], [78.1716, 12.8694], [78.1732, 12.8681], [78.1745, 12.8668]]]}, "properties": {"OBJECTID": 229947, "gpcode": "218788", "gpname": "BALAMANDE", "stname": "KARNATAKA", "dtname": "Kolar", "sdtname": "Bangarapet", "stcode11": "29", "dtcode11": "581", "sdtcode11": "05593", "blklgdcode": "5865", "blkname": "BANGARAPET", "dt_lgd": 542, "sdt_lgd": 5593, "st_lgd": 29, "vilcode11": 0, "vilname11": "", "pan_local": "BANGARAPET", "b_pan_code": 6196, "b_pan_name": "BANGARAPET", "d_pan_code": 497, "d_pan_name": "KOLAR", "gp_code": "218788", "gp_name": "BALAMANDE", "st_2011": "29", "dt_2011": "581", "sdt_2011": "05593", "subdtname": "Bangarapet", "block_name": "BANGARAPET", "blk_lgdcod": "5865", "dtcode14": "581", "SHAPE_Length": 45186.43776572135, "SHAPE_Area": 41932972.31464087}}, {"type": "Feature", "geometry": {"type": "Polygon", "coordinates": [[[78.3399, 13.0267], [78.3396, 13.026], [78.3394, 13.0256], [78.3399, 13.0253], [78.3403, 13.0249], [78.3411, 13.0238], [78.3417, 13.0228], [78.342, 13.0223], [78.3426, 13.0212], [78.3427, 13.0205], [78.3427, 13.0196], [78.3429, 13.0187], [78.3434, 13.0173], [78.3436, 13.0163], [78.3433, 13.0158], [78.343, 13.015], [78.343, 13.0145], [78.3426, 13.0137], [78.3423, 13.0123], [78.3423, 13.0114], [78.3433, 13.011], [78.344, 13.0113], [78.3445, 13.0105], [78.344, 13.0102], [78.3428, 13.0091], [78.341, 13.0076], [78.3397, 13.0059], [78.3393, 13.0052], [78.3394, 13.0044], [78.34, 13.0034], [78.3404, 13.003], [78.3414, 13.003], [78.3432, 13.0029], [78.3454, 13.0032], [78.3449, 13.0023], [78.3435, 13.0013], [78.344, 13.0005], [78.3445, 12.9999], [78.3458, 12.9989], [78.3473, 12.9979], [78.3483, 12.9972], [78.3498, 12.9969], [78.3521, 12.9967], [78.3531, 12.9965], [78.3537, 12.9961], [78.354, 12.9959], [78.3543, 12.9958], [78.3549, 12.996], [78.3554, 12.9965], [78.356, 12.9978], [78.3569, 12.9994], [78.3585, 12.9982], [78.3593, 12.9978], [78.3587, 12.9968], [78.3585, 12.9967], [78.358, 12.9968], [78.3576, 12.9969], [78.3574, 12.9969], [78.3571, 12.997], [78.3567, 12.9969], [78.3564, 12.9966], [78.356, 12.9956], [78.3559, 12.9948], [78.356, 12.9932], [78.3567, 12.9914], [78.3559, 12.9892], [78.3551, 12.9864], [78.3536, 12.9872], [78.3532, 12.9876], [78.3534, 12.9883], [78.3535, 12.9898], [78.352, 12.991], [78.3508, 12.992], [78.3493, 12.9913], [78.3474, 12.9907], [78.3468, 12.9919], [78.3461, 12.9927], [78.3452, 12.9934], [78.3445, 12.9938], [78.3427, 12.9943], [78.3415, 12.9948], [78.3416, 12.9956], [78.3409, 12.9959], [78.34, 12.996], [78.3394, 12.996], [78.3381, 12.9964], [78.3371, 12.9965], [78.3369, 12.9968], [78.3365, 12.9977], [78.3361, 12.9979], [78.3347, 12.9982], [78.3336, 12.9984], [78.3326, 12.9979], [78.332, 12.9977], [78.3308, 12.9978], [78.3291, 12.9984], [78.3272, 12.9993], [78.3266, 12.9977], [78.3257, 12.996], [78.3257, 12.9958], [78.3257, 12.9952], [78.3261, 12.9941], [78.3267, 12.9936], [78.3276, 12.9931], [78.3287, 12.9929], [78.3293, 12.9926], [78.3296, 12.9921], [78.3298, 12.9909], [78.3295, 12.9903], [78.329, 12.99], [78.3278, 12.9891], [78.3274, 12.9883], [78.3272, 12.9877], [78.3269, 12.9869], [78.3268, 12.9868], [78.3266, 12.9868], [78.3258, 12.9874], [78.3244, 12.9886], [78.3226, 12.9871], [78.322, 12.9867], [78.3219, 12.9873], [78.3221, 12.9876], [78.322, 12.9881], [78.3216, 12.9892], [78.3217, 12.9909], [78.322, 12.9926], [78.3229, 12.996], [78.3237, 12.9979], [78.3238, 12.9985], [78.323, 12.9982], [78.3227, 13.0], [78.3233, 13.0013], [78.3233, 13.0039], [78.3229, 13.0054], [78.3223, 13.0063], [78.3221, 13.007], [78.3219, 13.008], [78.3217, 13.0087], [78.3215, 13.0094], [78.3213, 13.0104], [78.3211, 13.0113], [78.3212, 13.0121], [78.3213, 13.0127], [78.3211, 13.0131], [78.321, 13.0135], [78.3211, 13.014], [78.3212, 13.0154], [78.3221, 13.0154], [78.3233, 13.015], [78.3246, 13.0148], [78.3254, 13.0148], [78.3258, 13.0152], [78.3257, 13.0154], [78.3255, 13.0158], [78.3254, 13.0163], [78.3255, 13.0167], [78.3257, 13.0173], [78.3259, 13.0177], [78.326, 13.018], [78.3261, 13.0183], [78.3263, 13.0184], [78.3266, 13.0185], [78.3268, 13.0184], [78.3271, 13.0181], [78.3273, 13.0176], [78.3278, 13.0172], [78.3276, 13.0169], [78.3267, 13.0159], [78.3264, 13.0154], [78.3265, 13.0151], [78.3267, 13.0145], [78.3275, 13.0137], [78.328, 13.0134], [78.3286, 13.0133], [78.3288, 13.0135], [78.3291, 13.0139], [78.3294, 13.0142], [78.3301, 13.0146], [78.3305, 13.015], [78.331, 13.0158], [78.3316, 13.0169], [78.3317, 13.0172], [78.3321, 13.0172], [78.3327, 13.0178], [78.3331, 13.0189], [78.3341, 13.0189], [78.334, 13.0211], [78.3341, 13.0231], [78.334, 13.0245], [78.3331, 13.0266], [78.3324, 13.028], [78.3321, 13.0284], [78.3311, 13.0284], [78.33, 13.0287], [78.3296, 13.0295], [78.329, 13.0309], [78.3283, 13.0322], [78.329, 13.0323], [78.3295, 13.0328], [78.3302, 13.0332], [78.331, 13.0332], [78.3316, 13.0331], [78.3319, 13.0328], [78.3322, 13.0321], [78.3331, 13.0304], [78.334, 13.0289], [78.3346, 13.0286], [78.3357, 13.028], [78.3383, 13.0272], [78.3399, 13.0267]]]}, "properties": {"OBJECTID": 229948, "gpcode": "218789", "gpname": "BETHAMANGALA", "stname": "KARNATAKA", "dtname": "Kolar", "sdtname": "KOLAR GOLD FIELD", "stcode11": "29", "dtcode11": "581", "sdtcode11": "", "blklgdcode": "7363", "blkname": "K G F", "dt_lgd": 542, "sdt_lgd": 7002, "st_lgd": 29, "vilcode11": 0, "vilname11": "", "pan_local": "ಕ ಜಿ ಎಫ್", "b_pan_code": 293922, "b_pan_name": "K G F", "d_pan_code": 497, "d_pan_name": "KOLAR", "gp_code": "218789", "gp_name": "BETHAMANGALA", "st_2011": "29", "dt_2011": "581", "sdt_2011": "", "subdtname": "KOLAR GOLD FIELD", "block_name": "K G F", "blk_lgdcod": "7363", "dtcode14": "581", "SHAPE_Length": 24441.580574365544, "SHAPE_Area": 8005701.841918284}}, {"type": "Feature", "geometry": {"type": "Polygon", "coordinates": [[[78.142, 12.9108], [78.1422, 12.9091], [78.1409, 12.9092], [78.1385, 12.9093], [78.1372, 12.9097], [78.1354, 12.9099], [78.1342, 12.9101], [78.1333, 12.911], [78.1353, 12.9125], [78.1371, 12.9142], [78.1389, 12.9161], [78.14, 12.914], [78.141, 12.9128], [78.1418, 12.9115], [78.142, 12.9108]]]}, "properties": {"OBJECTID": 229949, "gpcode": "218790", "gpname": "BUDIKOTE", "stname": "KARNATAKA", "dtname": "Kolar", "sdtname": "Bangarapet", "stcode11": "29", "dtcode11": "581", "sdtcode11": "05593", "blklgdcode": "5865", "blkname": "BANGARAPET", "dt_lgd": 542, "sdt_lgd": 5593, "st_lgd": 29, "vilcode11": 0, "vilname11": "", "pan_local": "BANGARAPET", "b_pan_code": 6196, "b_pan_name": "BANGARAPET", "d_pan_code": 497, "d_pan_name": "KOLAR", "gp_code": "218790", "gp_name": "BUDIKOTE", "st_2011": "29", "dt_2011": "581", "sdt_2011": "05593", "subdtname": "Bangarapet", "block_name": "BANGARAPET", "blk_lgdcod": "5865", "dtcode14": "581", "SHAPE_Length": 2783.3626024063988, "SHAPE_Area": 421324.09107606934}}, {"type": "Feature", "geometry": {"type": "Polygon", "coordinates": [[[78.107, 12.9228], [78.1083, 12.9227], [78.1086, 12.9227], [78.1091, 12.9214], [78.1098, 12.92], [78.1103, 12.9191], [78.1106, 12.9178], [78.1112, 12.9168], [78.1121, 12.9158], [78.1134, 12.9139], [78.1137, 12.9131], [78.1135, 12.9125], [78.1135, 12.9124], [78.1131, 12.9111], [78.1125, 12.9101], [78.1124, 12.9091], [78.1124, 12.9088], [78.1133, 12.9068], [78.1143, 12.9058], [78.116, 12.9064], [78.117, 12.9064], [78.1175, 12.9059], [78.1197, 12.906], [78.1207, 12.9081], [78.1215, 12.9113], [78.1203, 12.9116], [78.1186, 12.9125], [78.1197, 12.9126], [78.1214, 12.9128], [78.1234, 12.9131], [78.1252, 12.9128], [78.1272, 12.9122], [78.1288, 12.911], [78.1293, 12.9099], [78.1297, 12.9083], [78.13, 12.9067], [78.1299, 12.906], [78.1298, 12.9053], [78.1294, 12.9047], [78.1284, 12.9038], [78.1276, 12.9028], [78.1267, 12.9013], [78.1266, 12.9], [78.1258, 12.8992], [78.125, 12.8984], [78.1253, 12.8984], [78.1262, 12.8982], [78.1265, 12.8977], [78.1271, 12.8968], [78.1275, 12.8955], [78.1283, 12.8951], [78.1287, 12.8954], [78.1293, 12.8956], [78.1306, 12.8951], [78.1323, 12.8947], [78.1336, 12.8948], [78.1348, 12.8941], [78.1365, 12.8935], [78.1379, 12.8931], [78.1396, 12.8928], [78.1417, 12.8925], [78.1424, 12.8922], [78.1426, 12.8921], [78.1428, 12.8921], [78.1417, 12.8917], [78.1401, 12.8915], [78.1393, 12.8912], [78.1385, 12.8912], [78.1378, 12.891], [78.1364, 12.8908], [78.1346, 12.8907], [78.133, 12.8907], [78.1316, 12.8906], [78.1316, 12.8905], [78.1313, 12.8894], [78.1305, 12.8886], [78.1296, 12.8876], [78.1296, 12.887], [78.1296, 12.8869], [78.1302, 12.8862], [78.13, 12.8852], [78.1297, 12.8841], [78.1293, 12.8824], [78.129, 12.8812], [78.1282, 12.8804], [78.1279, 12.8801], [78.1251, 12.8798], [78.1229, 12.8796], [78.1225, 12.8794], [78.1214, 12.8789], [78.1194, 12.8793], [78.1189, 12.8797], [78.1183, 12.88], [78.1179, 12.8803], [78.1173, 12.8807], [78.1168, 12.881], [78.1164, 12.8813], [78.116, 12.8813], [78.1157, 12.8813], [78.1152, 12.8813], [78.1145, 12.8814], [78.114, 12.8819], [78.1128, 12.8816], [78.111, 12.8819], [78.1102, 12.883], [78.1097, 12.8831], [78.109, 12.8831], [78.1084, 12.8831], [78.1082, 12.8835], [78.1081, 12.8838], [78.1079, 12.8841], [78.1077, 12.8846], [78.1074, 12.8852], [78.1072, 12.8858], [78.107, 12.8863], [78.1066, 12.8869], [78.1063, 12.8874], [78.1058, 12.8877], [78.1052, 12.8879], [78.1046, 12.8881], [78.1044, 12.8886], [78.1043, 12.8892], [78.1042, 12.8897], [78.1041, 12.89], [78.104, 12.8903], [78.1039, 12.8909], [78.1039, 12.8915], [78.1038, 12.8921], [78.1036, 12.8927], [78.1036, 12.8933], [78.1039, 12.894], [78.1042, 12.8946], [78.1044, 12.8951], [78.1047, 12.8957], [78.1049, 12.8963], [78.1054, 12.8975], [78.1055, 12.8977], [78.1056, 12.8981], [78.1051, 12.8984], [78.1045, 12.8987], [78.1041, 12.8991], [78.1035, 12.8994], [78.103, 12.8998], [78.1025, 12.9001], [78.1025, 12.9006], [78.1025, 12.9012], [78.1025, 12.9018], [78.1025, 12.9024], [78.1025, 12.903], [78.1024, 12.903], [78.1019, 12.9029], [78.1012, 12.9025], [78.1005, 12.9023], [78.0999, 12.9022], [78.0993, 12.9021], [78.0992, 12.9021], [78.0987, 12.9023], [78.0982, 12.9025], [78.0976, 12.9027], [78.0971, 12.903], [78.0965, 12.9033], [78.0959, 12.9036], [78.0956, 12.9038], [78.0954, 12.9039], [78.0955, 12.9044], [78.0956, 12.905], [78.0957, 12.9056], [78.0958, 12.9062], [78.096, 12.9068], [78.0962, 12.9073], [78.0965, 12.908], [78.0959, 12.9083], [78.0955, 12.9087], [78.0951, 12.9092], [78.095, 12.9094], [78.0968, 12.9092], [78.0968, 12.9093], [78.0982, 12.9091], [78.1002, 12.9087], [78.1017, 12.908], [78.1022, 12.9075], [78.1023, 12.9071], [78.1044, 12.9083], [78.1045, 12.9093], [78.1061, 12.909], [78.106, 12.9099], [78.1069, 12.9103], [78.1062, 12.9109], [78.106, 12.9119], [78.1063, 12.9137], [78.1065, 12.9144], [78.1049, 12.9153], [78.1001, 12.9169], [78.0981, 12.918], [78.0982, 12.9181], [78.0986, 12.9185], [78.0989, 12.9191], [78.0993, 12.9195], [78.0996, 12.9201], [78.0997, 12.9201], [78.1004, 12.921], [78.1008, 12.9215], [78.1013, 12.9218], [78.1018, 12.9222], [78.1023, 12.9225], [78.1038, 12.9232], [78.1045, 12.9232], [78.1047, 12.9232], [78.1051, 12.9231], [78.1057, 12.923], [78.1064, 12.9229], [78.107, 12.9228]]]}, "properties": {"OBJECTID": 229950, "gpcode": "218790", "gpname": "BUDIKOTE", "stname": "KARNATAKA", "dtname": "Kolar", "sdtname": "Bangarapet", "stcode11": "29", "dtcode11": "581", "sdtcode11": "05593", "blklgdcode": "5865", "blkname": "BANGARAPET", "dt_lgd": 542, "sdt_lgd": 5593, "st_lgd": 29, "vilcode11": 0, "vilname11": "", "pan_local": "BANGARAPET", "b_pan_code": 6196, "b_pan_name": "BANGARAPET", "d_pan_code": 497, "d_pan_name": "KOLAR", "gp_code": "218790", "gp_name": "BUDIKOTE", "st_2011": "29", "dt_2011": "581", "sdt_2011": "05593", "subdtname": "Bangarapet", "block_name": "BANGARAPET", "blk_lgdcod": "5865", "dtcode14": "581", "SHAPE_Length": 22897.802210672795, "SHAPE_Area": 11314211.651310194}}, {"type": "Feature", "geometry": {"type": "Polygon", "coordinates": [[[78.1552, 13.0818], [78.1573, 13.0803], [78.1579, 13.0792], [78.1587, 13.0793], [78.1618, 13.0777], [78.1622, 13.0771], [78.1624, 13.076], [78.1642, 13.0756], [78.1648, 13.0767], [78.1658, 13.0775], [78.1674, 13.0793], [78.169, 13.0814], [78.1698, 13.0833], [78.176, 13.0834], [78.1741, 13.0778], [78.175, 13.0771], [78.1767, 13.0756], [78.1788, 13.0742], [78.1819, 13.0732], [78.1847, 13.0724], [78.1865, 13.076], [78.1874, 13.0766], [78.1869, 13.0743], [78.1868, 13.072], [78.1868, 13.0687], [78.1872, 13.067], [78.1867, 13.0664], [78.1866, 13.0646], [78.1867, 13.0621], [78.1864, 13.0607], [78.1853, 13.057], [78.1844, 13.0541], [78.1839, 13.0523], [78.1824, 13.0468], [78.1829, 13.0443], [78.183, 13.0426], [78.183, 13.0406], [78.1812, 13.0388], [78.18, 13.0375], [78.1777, 13.0359], [78.1758, 13.0349], [78.1774, 13.0321], [78.1778, 13.0312], [78.1775, 13.0295], [78.1766, 13.0269], [78.1765, 13.0254], [78.1762, 13.0249], [78.1761, 13.0246], [78.1773, 13.0247], [78.1772, 13.0244], [78.1767, 13.0242], [78.176, 13.0242], [78.1758, 13.0239], [78.1761, 13.0236], [78.1756, 13.0232], [78.1763, 13.0228], [78.1766, 13.0235], [78.177, 13.0234], [78.177, 13.0227], [78.1775, 13.0227], [78.1775, 13.0223], [78.1767, 13.0223], [78.1765, 13.0218], [78.1794, 13.0186], [78.1771, 13.0188], [78.1761, 13.0187], [78.1745, 13.0183], [78.1729, 13.0181], [78.1713, 13.0174], [78.171, 13.015], [78.1675, 13.0145], [78.1652, 13.0144], [78.1596, 13.0202], [78.1611, 13.0216], [78.1626, 13.0231], [78.1632, 13.0243], [78.1638, 13.0255], [78.1637, 13.027], [78.1633, 13.0285], [78.1627, 13.0295], [78.1618, 13.0314], [78.1609, 13.0339], [78.1593, 13.0381], [78.1588, 13.0401], [78.1587, 13.0419], [78.1588, 13.0443], [78.1588, 13.0465], [78.1561, 13.0472], [78.154, 13.0468], [78.1523, 13.0492], [78.1499, 13.0513], [78.1474, 13.0518], [78.1457, 13.0523], [78.1465, 13.0557], [78.1466, 13.0569], [78.1425, 13.0594], [78.1418, 13.0599], [78.143, 13.0605], [78.1441, 13.0619], [78.1445, 13.0627], [78.145, 13.0647], [78.143, 13.0663], [78.1417, 13.0674], [78.1404, 13.0668], [78.1394, 13.0661], [78.1387, 13.0655], [78.1382, 13.0629], [78.1389, 13.0608], [78.1393, 13.0606], [78.1393, 13.0605], [78.1385, 13.0608], [78.1376, 13.0609], [78.1353, 13.0628], [78.1343, 13.064], [78.134, 13.065], [78.1344, 13.066], [78.1348, 13.0667], [78.1343, 13.0679], [78.1352, 13.0681], [78.1371, 13.0697], [78.1384, 13.0704], [78.1387, 13.0713], [78.1406, 13.071], [78.1411, 13.0715], [78.1415, 13.0722], [78.1423, 13.073], [78.1437, 13.0735], [78.1437, 13.0742], [78.1437, 13.0762], [78.1436, 13.0772], [78.1443, 13.0776], [78.1441, 13.0785], [78.145, 13.079], [78.145, 13.0798], [78.145, 13.08], [78.1458, 13.0798], [78.1459, 13.0806], [78.1462, 13.0811], [78.147, 13.0809], [78.1495, 13.0804], [78.1495, 13.081], [78.1496, 13.0838], [78.151, 13.0836], [78.1537, 13.0825], [78.1552, 13.0818]]]}, "properties": {"OBJECTID": 229951, "gpcode": "218791", "gpname": "CHIKKA ANKANDAHALLY", "stname": "KARNATAKA", "dtname": "Kolar", "sdtname": "Bangarapet", "stcode11": "29", "dtcode11": "581", "sdtcode11": "05593", "blklgdcode": "5865", "blkname": "BANGARAPET", "dt_lgd": 542, "sdt_lgd": 5593, "st_lgd": 29, "vilcode11": 0, "vilname11": "", "pan_local": "BANGARAPET", "b_pan_code": 6196, "b_pan_name": "BANGARAPET", "d_pan_code": 497, "d_pan_name": "KOLAR", "gp_code": "218791", "gp_name": "CHIKKA ANKANDAHALLY", "st_2011": "29", "dt_2011": "581", "sdt_2011": "05593", "subdtname": "Bangarapet", "block_name": "BANGARAPET", "blk_lgdcod": "5865", "dtcode14": "581", "SHAPE_Length": 29898.133199780845, "SHAPE_Area": 24026551.868471358}}, {"type": "Feature", "geometry": {"type": "Polygon", "coordinates": [[[78.1207, 12.9081], [78.1197, 12.906], [78.1175, 12.9059], [78.117, 12.9064], [78.116, 12.9064], [78.1143, 12.9058], [78.1133, 12.9068], [78.1124, 12.9088], [78.1124, 12.9091], [78.1125, 12.9101], [78.1131, 12.9111], [78.1135, 12.9124], [78.1135, 12.9125], [78.1158, 12.9128], [78.1186, 12.9125], [78.1203, 12.9116], [78.1215, 12.9113], [78.1207, 12.9081]]]}, "properties": {"OBJECTID": 229952, "gpcode": "218792", "gpname": "CHINNA KOTA", "stname": "KARNATAKA", "dtname": "Kolar", "sdtname": "Bangarapet", "stcode11": "29", "dtcode11": "581", "sdtcode11": "05593", "blklgdcode": "5865", "blkname": "BANGARAPET", "dt_lgd": 542, "sdt_lgd": 5593, "st_lgd": 29, "vilcode11": 0, "vilname11": "", "pan_local": "BANGARAPET", "b_pan_code": 6196, "b_pan_name": "BANGARAPET", "d_pan_code": 497, "d_pan_name": "KOLAR", "gp_code": "218792", "gp_name": "CHINNA KOTA", "st_2011": "29", "dt_2011": "581", "sdt_2011": "05593", "subdtname": "Bangarapet", "block_name": "BANGARAPET", "blk_lgdcod": "5865", "dtcode14": "581", "SHAPE_Length": 3070.3425643974574, "SHAPE_Area": 635819.5099211165}}, {"type": "Feature", "geometry": {"type": "Polygon", "coordinates": [[[78.2223, 12.999], [78.2223, 12.9978], [78.2228, 12.9957], [78.2223, 12.9948], [78.221, 12.9949], [78.2203, 12.9937], [78.2194, 12.992], [78.2183, 12.9909], [78.2178, 12.9901], [78.218, 12.9889], [78.2186, 12.989], [78.2194, 12.9891], [78.2201, 12.9894], [78.2211, 12.9897], [78.2221, 12.9897], [78.2225, 12.9898], [78.2229, 12.9894], [78.223, 12.9886], [78.2227, 12.9875], [78.2221, 12.9862], [78.2218, 12.9853], [78.2211, 12.9835], [78.2205, 12.9823], [78.2199, 12.9811], [78.2188, 12.9793], [78.2187, 12.9792], [78.2183, 12.978], [78.2178, 12.9773], [78.2168, 12.9761], [78.216, 12.9759], [78.215, 12.9755], [78.2144, 12.9752], [78.214, 12.9749], [78.2139, 12.9748], [78.2133, 12.9747], [78.2127, 12.9744], [78.2123, 12.974], [78.2121, 12.9737], [78.2111, 12.9738], [78.2097, 12.974], [78.2083, 12.9744], [78.2068, 12.9746], [78.2052, 12.9749], [78.2036, 12.975], [78.2026, 12.975], [78.2013, 12.975], [78.2017, 12.9759], [78.202, 12.9769], [78.2022, 12.9779], [78.2023, 12.9788], [78.2025, 12.9794], [78.2028, 12.9798], [78.2034, 12.9806], [78.2037, 12.9811], [78.2038, 12.9816], [78.204, 12.9823], [78.204, 12.9833], [78.2042, 12.9838], [78.2043, 12.9843], [78.2044, 12.9849], [78.2047, 12.9855], [78.2049, 12.9859], [78.2056, 12.9866], [78.2065, 12.9874], [78.2069, 12.9877], [78.2074, 12.9882], [78.2085, 12.9889], [78.2093, 12.9893], [78.21, 12.9899], [78.2104, 12.9902], [78.2107, 12.9907], [78.2108, 12.9911], [78.2108, 12.9917], [78.2108, 12.9923], [78.2109, 12.9931], [78.2111, 12.9934], [78.2106, 12.994], [78.21, 12.9943], [78.2098, 12.9945], [78.2096, 12.9951], [78.2097, 12.9955], [78.2099, 12.9964], [78.21, 12.9973], [78.2103, 12.9981], [78.2111, 12.9981], [78.2125, 12.9981], [78.2129, 12.9982], [78.2133, 12.9991], [78.2138, 12.9999], [78.2138, 13.0007], [78.2137, 13.0013], [78.2133, 13.002], [78.2134, 13.0026], [78.2144, 13.0033], [78.2158, 13.0035], [78.2164, 13.0038], [78.2197, 13.0043], [78.2225, 13.0065], [78.2257, 13.0039], [78.2235, 13.0013], [78.2231, 13.0002], [78.2223, 12.999]]]}, "properties": {"OBJECTID": 229953, "gpcode": "218792", "gpname": "CHINNA KOTA", "stname": "KARNATAKA", "dtname": "Kolar", "sdtname": "Bangarapet", "stcode11": "29", "dtcode11": "581", "sdtcode11": "05593", "blklgdcode": "5865", "blkname": "BANGARAPET", "dt_lgd": 542, "sdt_lgd": 5593, "st_lgd": 29, "vilcode11": 0, "vilname11": "", "pan_local": "BANGARAPET", "b_pan_code": 6196, "b_pan_name": "BANGARAPET", "d_pan_code": 497, "d_pan_name": "KOLAR", "gp_code": "218792", "gp_name": "CHINNA KOTA", "st_2011": "29", "dt_2011": "581", "sdt_2011": "05593", "subdtname": "Bangarapet", "block_name": "BANGARAPET", "blk_lgdcod": "5865", "dtcode14": "581", "SHAPE_Length": 11754.430382934706, "SHAPE_Area": 4984119.160015157}}, {"type": "Feature", "geometry": {"type": "Polygon", "coordinates": [[[78.2037, 12.9988], [78.2041, 12.9984], [78.2052, 12.9985], [78.2061, 12.9984], [78.207, 12.9983], [78.2079, 12.9983], [78.2088, 12.9982], [78.2096, 12.9981], [78.2103, 12.9981], [78.21, 12.9973], [78.2099, 12.9964], [78.2097, 12.9955], [78.2096, 12.9951], [78.2098, 12.9945], [78.21, 12.9943], [78.2106, 12.994], [78.2111, 12.9934], [78.2109, 12.9931], [78.2108, 12.9923], [78.2108, 12.9917], [78.2108, 12.9911], [78.2107, 12.9907], [78.2104, 12.9902], [78.21, 12.9899], [78.2093, 12.9893], [78.2085, 12.9889], [78.2074, 12.9882], [78.2069, 12.9877], [78.2065, 12.9874], [78.2056, 12.9866], [78.2049, 12.9859], [78.2047, 12.9855], [78.2044, 12.9849], [78.2043, 12.9843], [78.2042, 12.9838], [78.204, 12.9833], [78.204, 12.9823], [78.2038, 12.9816], [78.2037, 12.9811], [78.2034, 12.9806], [78.2028, 12.9798], [78.2025, 12.9794], [78.2023, 12.9788], [78.2022, 12.9779], [78.202, 12.9769], [78.2017, 12.9759], [78.2013, 12.975], [78.2026, 12.975], [78.2036, 12.975], [78.2052, 12.9749], [78.2068, 12.9746], [78.2083, 12.9744], [78.2097, 12.974], [78.2111, 12.9738], [78.2121, 12.9737], [78.2122, 12.9716], [78.2129, 12.969], [78.2134, 12.967], [78.2138, 12.9648], [78.2142, 12.9634], [78.2128, 12.9622], [78.211, 12.9605], [78.2092, 12.9592], [78.207, 12.9569], [78.2063, 12.9559], [78.2066, 12.9545], [78.2073, 12.9537], [78.2077, 12.9518], [78.2078, 12.9499], [78.2075, 12.9489], [78.2073, 12.948], [78.207, 12.9471], [78.2065, 12.9462], [78.2063, 12.9459], [78.2052, 12.9452], [78.2044, 12.9444], [78.2036, 12.9435], [78.2027, 12.944], [78.2001, 12.9464], [78.1985, 12.9476], [78.1973, 12.9483], [78.1961, 12.9491], [78.1953, 12.9493], [78.1952, 12.9488], [78.1949, 12.9483], [78.1942, 12.948], [78.1931, 12.948], [78.1922, 12.9478], [78.1906, 12.9482], [78.1898, 12.9483], [78.1887, 12.9486], [78.1881, 12.9489], [78.189, 12.9511], [78.1904, 12.9536], [78.191, 12.9557], [78.1908, 12.9566], [78.1905, 12.9577], [78.1901, 12.9593], [78.1896, 12.9597], [78.1894, 12.9598], [78.1881, 12.9605], [78.1875, 12.9605], [78.1867, 12.9606], [78.1862, 12.9608], [78.1852, 12.9609], [78.1849, 12.9609], [78.186, 12.9662], [78.1852, 12.9662], [78.1852, 12.967], [78.1851, 12.9681], [78.1851, 12.9684], [78.1852, 12.9695], [78.1853, 12.9701], [78.1856, 12.9705], [78.186, 12.9707], [78.1866, 12.971], [78.1872, 12.9711], [78.1873, 12.971], [78.1874, 12.9715], [78.1872, 12.9723], [78.1869, 12.9731], [78.1867, 12.9741], [78.1863, 12.9754], [78.1847, 12.9822], [78.1836, 12.9819], [78.1825, 12.9824], [78.1814, 12.9828], [78.181, 12.9839], [78.1814, 12.985], [78.1822, 12.9858], [78.1846, 12.987], [78.1857, 12.9876], [78.1876, 12.9888], [78.1876, 12.989], [78.1877, 12.9896], [78.1876, 12.9904], [78.1887, 12.9903], [78.1898, 12.9906], [78.1907, 12.9906], [78.1914, 12.9907], [78.1919, 12.9908], [78.1927, 12.9908], [78.1933, 12.9908], [78.1938, 12.9911], [78.1941, 12.9916], [78.1946, 12.9923], [78.1953, 12.9929], [78.1965, 12.994], [78.1972, 12.9946], [78.1985, 12.9952], [78.1991, 12.9956], [78.1995, 12.9959], [78.1999, 12.9963], [78.2002, 12.9966], [78.2004, 12.9973], [78.2006, 12.9982], [78.2008, 12.9991], [78.2009, 13.0003], [78.2023, 13.0006], [78.203, 13.0007], [78.2035, 13.0005], [78.2035, 13.0002], [78.2036, 12.9994], [78.2037, 12.9988]]]}, "properties": {"OBJECTID": 229954, "gpcode": "218793", "gpname": "KESARANAHALLI", "stname": "KARNATAKA", "dtname": "Kolar", "sdtname": "Bangarapet", "stcode11": "29", "dtcode11": "581", "sdtcode11": "05593", "blklgdcode": "5865", "blkname": "BANGARAPET", "dt_lgd": 542, "sdt_lgd": 5593, "st_lgd": 29, "vilcode11": 0, "vilname11": "", "pan_local": "BANGARAPET", "b_pan_code": 6196, "b_pan_name": "BANGARAPET", "d_pan_code": 497, "d_pan_name": "KOLAR", "gp_code": "218793", "gp_name": "KESARANAHALLI", "st_2011": "29", "dt_2011": "581", "sdt_2011": "05593", "subdtname": "Bangarapet", "block_name": "BANGARAPET", "blk_lgdcod": "5865", "dtcode14": "581", "SHAPE_Length": 20064.0654991906, "SHAPE_Area": 13287077.345766928}}, {"type": "Feature", "geometry": {"type": "Polygon", "coordinates": [[[78.2233, 12.9696], [78.2246, 12.969], [78.2252, 12.9693], [78.2245, 12.9713], [78.225, 12.9719], [78.2258, 12.9725], [78.2274, 12.9733], [78.2282, 12.9735], [78.2297, 12.9731], [78.2316, 12.9731], [78.2347, 12.9725], [78.2364, 12.9723], [78.2365, 12.9709], [78.2371, 12.9688], [78.2377, 12.9659], [78.2379, 12.9644], [78.2383, 12.9617], [78.2384, 12.96], [78.2398, 12.9559], [78.2403, 12.9536], [78.2409, 12.9506], [78.2415, 12.9486], [78.2415, 12.9474], [78.2418, 12.9451], [78.241, 12.9447], [78.2388, 12.9443], [78.2372, 12.9421], [78.2369, 12.941], [78.2363, 12.9406], [78.235, 12.9404], [78.2349, 12.9403], [78.2333, 12.9399], [78.2313, 12.9394], [78.2297, 12.939], [78.2303, 12.938], [78.2317, 12.9365], [78.2324, 12.9354], [78.2319, 12.9341], [78.2312, 12.9327], [78.2275, 12.9329], [78.224, 12.9337], [78.2233, 12.9345], [78.2213, 12.9355], [78.2184, 12.9371], [78.2178, 12.9382], [78.2174, 12.9394], [78.2156, 12.9392], [78.2116, 12.9397], [78.2105, 12.9412], [78.2093, 12.9419], [78.2065, 12.9432], [78.2044, 12.9444], [78.2052, 12.9452], [78.2063, 12.9459], [78.2065, 12.9462], [78.207, 12.9471], [78.2073, 12.948], [78.2075, 12.9489], [78.2078, 12.9499], [78.2077, 12.9518], [78.2073, 12.9537], [78.2066, 12.9545], [78.2063, 12.9559], [78.207, 12.9569], [78.2092, 12.9592], [78.211, 12.9605], [78.2128, 12.9622], [78.2142, 12.9634], [78.2138, 12.9648], [78.2134, 12.967], [78.2129, 12.969], [78.2122, 12.9716], [78.2121, 12.9737], [78.2123, 12.974], [78.2127, 12.9744], [78.2133, 12.9747], [78.2139, 12.9748], [78.2148, 12.9741], [78.2162, 12.9735], [78.2175, 12.9727], [78.2187, 12.972], [78.2206, 12.9712], [78.222, 12.9705], [78.2233, 12.9696]]]}, "properties": {"OBJECTID": 229955, "gpcode": "218794", "gpname": "DODDAVALAGAMADI", "stname": "KARNATAKA", "dtname": "Kolar", "sdtname": "Bangarapet", "stcode11": "29", "dtcode11": "581", "sdtcode11": "05593", "blklgdcode": "5865", "blkname": "BANGARAPET", "dt_lgd": 542, "sdt_lgd": 5593, "st_lgd": 29, "vilcode11": 0, "vilname11": "", "pan_local": "BANGARAPET", "b_pan_code": 6196, "b_pan_name": "BANGARAPET", "d_pan_code": 497, "d_pan_name": "KOLAR", "gp_code": "218794", "gp_name": "DODDAVALAGAMADI", "st_2011": "29", "dt_2011": "581", "sdt_2011": "05593", "subdtname": "Bangarapet", "block_name": "BANGARAPET", "blk_lgdcod": "5865", "dtcode14": "581", "SHAPE_Length": 16402.856033406984, "SHAPE_Area": 13152813.14109821}}, {"type": "Feature", "geometry": {"type": "Polygon", "coordinates": [[[78.2583, 13.0165], [78.2586, 13.0142], [78.2587, 13.0116], [78.2587, 13.0108], [78.2488, 13.0126], [78.2463, 13.0136], [78.2443, 13.0097], [78.2416, 13.0045], [78.2341, 13.0063], [78.234, 13.0083], [78.2338, 13.0095], [78.2275, 13.0056], [78.228, 13.0013], [78.2257, 13.0039], [78.2225, 13.0065], [78.2229, 13.0099], [78.223, 13.0113], [78.2222, 13.0134], [78.2221, 13.0148], [78.2218, 13.016], [78.2218, 13.0165], [78.2219, 13.0181], [78.2219, 13.0203], [78.2221, 13.0216], [78.2226, 13.0242], [78.2226, 13.0252], [78.2253, 13.0263], [78.2269, 13.0274], [78.2299, 13.028], [78.2316, 13.0273], [78.2348, 13.0278], [78.238, 13.0263], [78.2425, 13.0245], [78.2455, 13.0233], [78.2488, 13.0214], [78.251, 13.019], [78.2523, 13.0184], [78.2542, 13.0176], [78.2557, 13.0171], [78.2565, 13.0168], [78.2572, 13.0164], [78.2579, 13.0164], [78.2583, 13.0165]]]}, "properties": {"OBJECTID": 229956, "gpcode": "218795", "gpname": "DODDUR KARAPANAHALLY", "stname": "KARNATAKA", "dtname": "Kolar", "sdtname": "Bangarapet", "stcode11": "29", "dtcode11": "581", "sdtcode11": "05593", "blklgdcode": "5865", "blkname": "BANGARAPET", "dt_lgd": 542, "sdt_lgd": 5593, "st_lgd": 29, "vilcode11": 0, "vilname11": "", "pan_local": "BANGARAPET", "b_pan_code": 6196, "b_pan_name": "BANGARAPET", "d_pan_code": 497, "d_pan_name": "KOLAR", "gp_code": "218795", "gp_name": "DODDUR KARAPANAHALLY", "st_2011": "29", "dt_2011": "581", "sdt_2011": "05593", "subdtname": "Bangarapet", "block_name": "BANGARAPET", "blk_lgdcod": "5865", "dtcode14": "581", "SHAPE_Length": 13240.427431772327, "SHAPE_Area": 7090711.308333318}}, {"type": "Feature", "geometry": {"type": "Polygon", "coordinates": [[[78.2503, 12.862], [78.2531, 12.8615], [78.2522, 12.8606], [78.2514, 12.8572], [78.2514, 12.8561], [78.2514, 12.8552], [78.2514, 12.8546], [78.2516, 12.8509], [78.2517, 12.8467], [78.2517, 12.8455], [78.2523, 12.829], [78.2523, 12.8289], [78.2513, 12.8181], [78.2507, 12.8133], [78.2506, 12.8122], [78.25, 12.8109], [78.2499, 12.8108], [78.2493, 12.8093], [78.2488, 12.808], [78.2487, 12.8076], [78.2486, 12.8072], [78.2486, 12.8069], [78.2483, 12.8061], [78.2482, 12.8058], [78.2481, 12.8055], [78.2479, 12.8047], [78.2477, 12.8044], [78.2476, 12.8041], [78.2472, 12.8033], [78.2471, 12.803], [78.2469, 12.8027], [78.2467, 12.8021], [78.2467, 12.802], [78.2466, 12.802], [78.2466, 12.8019], [78.2452, 12.8019], [78.2432, 12.8016], [78.2415, 12.8016], [78.2395, 12.8012], [78.2381, 12.8014], [78.2379, 12.8022], [78.2375, 12.8032], [78.2361, 12.8037], [78.2352, 12.8035], [78.2336, 12.8032], [78.2323, 12.8033], [78.2315, 12.8039], [78.2302, 12.8043], [78.2294, 12.8041], [78.2293, 12.8041], [78.2294, 12.8041], [78.2296, 12.8036], [78.2296, 12.8035], [78.2293, 12.8028], [78.2289, 12.8024], [78.2289, 12.8023], [78.229, 12.8017], [78.2292, 12.8011], [78.2298, 12.8008], [78.2313, 12.8005], [78.2322, 12.7992], [78.2334, 12.7991], [78.2341, 12.7996], [78.235, 12.7994], [78.2354, 12.7989], [78.2366, 12.7984], [78.2376, 12.7995], [78.239, 12.7998], [78.2415, 12.8005], [78.2416, 12.8005], [78.2435, 12.801], [78.2466, 12.8017], [78.2465, 12.8013], [78.2465, 12.8012], [78.2465, 12.8011], [78.2464, 12.8004], [78.2465, 12.8001], [78.2465, 12.7998], [78.2465, 12.7994], [78.2465, 12.7993], [78.2465, 12.7989], [78.2464, 12.7985], [78.2464, 12.7982], [78.2464, 12.7974], [78.2463, 12.7971], [78.2463, 12.7968], [78.2463, 12.7959], [78.2463, 12.7956], [78.2462, 12.7953], [78.2462, 12.7945], [78.2461, 12.7941], [78.2461, 12.7938], [78.2461, 12.793], [78.246, 12.7926], [78.246, 12.7924], [78.2459, 12.7916], [78.2459, 12.7912], [78.2459, 12.7909], [78.2458, 12.7901], [78.2458, 12.7898], [78.2457, 12.7895], [78.2457, 12.7886], [78.2456, 12.7883], [78.2456, 12.7879], [78.2453, 12.7872], [78.2452, 12.7868], [78.2451, 12.7864], [78.2449, 12.7856], [78.2447, 12.7853], [78.2447, 12.785], [78.2444, 12.7841], [78.2442, 12.7838], [78.2441, 12.7835], [78.2439, 12.7826], [78.2438, 12.7823], [78.2437, 12.7821], [78.2434, 12.7812], [78.2433, 12.7809], [78.2432, 12.7806], [78.2431, 12.7803], [78.2429, 12.7798], [78.2428, 12.7795], [78.2427, 12.7791], [78.2425, 12.7783], [78.2424, 12.7781], [78.2423, 12.7777], [78.242, 12.777], [78.2419, 12.7767], [78.2418, 12.7764], [78.2417, 12.776], [78.2415, 12.7756], [78.2414, 12.7752], [78.2413, 12.775], [78.241, 12.7741], [78.2409, 12.7738], [78.2409, 12.7735], [78.2406, 12.7728], [78.2406, 12.7727], [78.2405, 12.7724], [78.2403, 12.7721], [78.2401, 12.7713], [78.2399, 12.771], [78.2398, 12.7706], [78.2395, 12.7699], [78.2394, 12.7695], [78.2393, 12.7691], [78.239, 12.7684], [78.2388, 12.7681], [78.238, 12.767], [78.2378, 12.7667], [78.2374, 12.7664], [78.237, 12.7659], [78.2367, 12.7657], [78.2365, 12.7655], [78.2359, 12.7649], [78.2356, 12.7647], [78.2354, 12.7645], [78.2347, 12.7639], [78.2345, 12.7637], [78.2341, 12.7634], [78.2339, 12.7632], [78.2336, 12.7629], [78.2333, 12.7626], [78.233, 12.7624], [78.2324, 12.7619], [78.2321, 12.7616], [78.2318, 12.7614], [78.2312, 12.7609], [78.231, 12.7607], [78.2307, 12.7609], [78.2301, 12.7614], [78.2299, 12.7617], [78.2297, 12.7619], [78.2291, 12.7625], [78.2288, 12.7628], [78.2286, 12.763], [78.228, 12.7636], [78.2278, 12.7638], [78.2275, 12.7639], [78.2268, 12.7643], [78.2265, 12.7645], [78.2262, 12.7647], [78.2255, 12.765], [78.2252, 12.7652], [78.2248, 12.7654], [78.2242, 12.7657], [78.2239, 12.7659], [78.2235, 12.766], [78.2233, 12.7661], [78.2227, 12.7662], [78.2223, 12.7663], [78.2219, 12.7663], [78.2211, 12.7664], [78.2207, 12.7664], [78.2204, 12.7664], [78.2197, 12.7664], [78.2193, 12.7664], [78.2189, 12.7664], [78.2182, 12.7664], [78.2178, 12.7663], [78.2174, 12.7663], [78.2164, 12.7661], [78.2161, 12.7661], [78.2157, 12.766], [78.2154, 12.7659], [78.2147, 12.7658], [78.2143, 12.7656], [78.214, 12.7655], [78.2137, 12.7653], [78.2131, 12.7651], [78.2129, 12.765], [78.2128, 12.765], [78.2128, 12.7651], [78.2127, 12.7651], [78.2125, 12.7652], [78.2118, 12.7657], [78.2115, 12.7659], [78.2112, 12.766], [78.2105, 12.7665], [78.2102, 12.7667], [78.2099, 12.7669], [78.2093, 12.7674], [78.2089, 12.7676], [78.2086, 12.7678], [78.2078, 12.7683], [78.2076, 12.7685], [78.2075, 12.7685], [78.2072, 12.7686], [78.2064, 12.769], [78.2062, 12.7691], [78.2058, 12.7692], [78.205, 12.7696], [78.2048, 12.7697], [78.2045, 12.7699], [78.2037, 12.7702], [78.2035, 12.7704], [78.2033, 12.7706], [78.2032, 12.7707], [78.2031, 12.7709], [78.203, 12.7709], [78.2029, 12.771], [78.2026, 12.7711], [78.2024, 12.7712], [78.2021, 12.7713], [78.2015, 12.7714], [78.2013, 12.7716], [78.2008, 12.7717], [78.2006, 12.7718], [78.2003, 12.7718], [78.1998, 12.772], [78.1994, 12.7721], [78.1992, 12.7722], [78.1989, 12.7723], [78.1981, 12.7727], [78.1978, 12.7728], [78.1975, 12.7729], [78.1969, 12.7732], [78.1966, 12.7733], [78.1963, 12.7735], [78.196, 12.7736], [78.1952, 12.7738], [78.195, 12.7739], [78.1965, 12.7763], [78.1963, 12.7764], [78.1962, 12.7775], [78.1963, 12.7793], [78.197, 12.7796], [78.198, 12.7803], [78.1982, 12.7819], [78.1979, 12.7835], [78.1977, 12.7845], [78.1994, 12.7859], [78.2019, 12.7875], [78.2029, 12.7869], [78.2033, 12.7921], [78.2033, 12.7922], [78.204, 12.8015], [78.2026, 12.8022], [78.201, 12.803], [78.2004, 12.804], [78.1995, 12.8048], [78.2043, 12.8074], [78.2073, 12.8088], [78.2089, 12.8097], [78.2125, 12.8111], [78.2153, 12.8126], [78.217, 12.813], [78.2201, 12.8147], [78.2201, 12.8155], [78.2196, 12.8162], [78.2191, 12.817], [78.2179, 12.818], [78.2171, 12.8186], [78.2174, 12.8197], [78.2171, 12.82], [78.2175, 12.8206], [78.2191, 12.8236], [78.2198, 12.8251], [78.2202, 12.8261], [78.22, 12.8284], [78.2195, 12.8311], [78.2192, 12.8342], [78.2237, 12.8346], [78.226, 12.8351], [78.2268, 12.8349], [78.2296, 12.8352], [78.2297, 12.837], [78.2302, 12.8397], [78.2301, 12.8418], [78.2353, 12.8405], [78.237, 12.8401], [78.2393, 12.8399], [78.2405, 12.8395], [78.2406, 12.8396], [78.2411, 12.8399], [78.2413, 12.8409], [78.2418, 12.8423], [78.2427, 12.8429], [78.2436, 12.8437], [78.2436, 12.8445], [78.2446, 12.8457], [78.2427, 12.8465], [78.2404, 12.8472], [78.2381, 12.8483], [78.2361, 12.849], [78.235, 12.8496], [78.2359, 12.8507], [78.236, 12.851], [78.2354, 12.8514], [78.2349, 12.8528], [78.234, 12.854], [78.2326, 12.8545], [78.2323, 12.8555], [78.2321, 12.8565], [78.2322, 12.8577], [78.2321, 12.8589], [78.2321, 12.8609], [78.2333, 12.8608], [78.2334, 12.8621], [78.236, 12.8621], [78.2386, 12.8616], [78.2412, 12.8618], [78.2443, 12.8618], [78.2466, 12.862], [78.2474, 12.8618], [78.2479, 12.8624], [78.2488, 12.8623], [78.2503, 12.862]]]}, "properties": {"OBJECTID": 229957, "gpcode": "218796", "gpname": "DONIMADAGU", "stname": "KARNATAKA", "dtname": "Kolar", "sdtname": "Bangarapet", "stcode11": "29", "dtcode11": "581", "sdtcode11": "05593", "blklgdcode": "5865", "blkname": "BANGARAPET", "dt_lgd": 542, "sdt_lgd": 5593, "st_lgd": 29, "vilcode11": 0, "vilname11": "", "pan_local": "BANGARAPET", "b_pan_code": 6196, "b_pan_name": "BANGARAPET", "d_pan_code": 497, "d_pan_name": "KOLAR", "gp_code": "218796", "gp_name": "DONIMADAGU", "st_2011": "29", "dt_2011": "581", "sdt_2011": "05593", "subdtname": "Bangarapet", "block_name": "BANGARAPET", "blk_lgdcod": "5865", "dtcode14": "581", "SHAPE_Length": 40004.16170777932, "SHAPE_Area": 39876617.06012031}}, {"type": "Feature", "geometry": {"type": "Polygon", "coordinates": [[[78.2943, 13.0069], [78.294, 13.0058], [78.2936, 13.0048], [78.2922, 13.0044], [78.2909, 13.004], [78.2909, 13.0035], [78.2913, 13.0029], [78.2913, 13.0024], [78.2913, 13.0018], [78.291, 13.0013], [78.2909, 12.9988], [78.2907, 12.9975], [78.2868, 12.9961], [78.2873, 12.9916], [78.2876, 12.9894], [78.2876, 12.9872], [78.286, 12.9837], [78.2848, 12.9841], [78.2845, 12.9833], [78.2845, 12.9817], [78.2834, 12.9796], [78.2813, 12.98], [78.2789, 12.9803], [78.2784, 12.9804], [78.2769, 12.9806], [78.2769, 12.98], [78.2722, 12.9812], [78.2677, 12.9823], [78.2676, 12.9885], [78.2677, 12.9922], [78.2682, 12.9946], [78.2671, 12.9952], [78.2659, 12.9951], [78.2644, 12.9954], [78.2628, 12.9955], [78.2597, 12.9955], [78.2564, 12.9959], [78.2543, 12.996], [78.2545, 12.9995], [78.2559, 13.0002], [78.2556, 13.0013], [78.2555, 13.0028], [78.2556, 13.004], [78.2557, 13.0044], [78.256, 13.0045], [78.2566, 13.0047], [78.2583, 13.005], [78.2595, 13.0054], [78.2603, 13.0046], [78.2609, 13.0034], [78.2612, 13.003], [78.2617, 13.0028], [78.2645, 13.003], [78.2688, 13.0033], [78.2699, 13.0031], [78.2702, 13.0031], [78.2723, 13.0032], [78.2743, 13.0033], [78.276, 13.0033], [78.2772, 13.0035], [78.2794, 13.0041], [78.2809, 13.0031], [78.2827, 13.0026], [78.2837, 13.0024], [78.2856, 13.0026], [78.287, 13.0031], [78.288, 13.0036], [78.2885, 13.0044], [78.2884, 13.0048], [78.2883, 13.0059], [78.2878, 13.0065], [78.2873, 13.0067], [78.2869, 13.0067], [78.2863, 13.007], [78.2849, 13.0078], [78.284, 13.0087], [78.2827, 13.0105], [78.2814, 13.0119], [78.2822, 13.0125], [78.2833, 13.0127], [78.285, 13.013], [78.286, 13.013], [78.2865, 13.013], [78.2872, 13.0128], [78.2879, 13.0125], [78.2884, 13.0123], [78.2889, 13.0118], [78.2898, 13.0117], [78.2918, 13.0115], [78.2937, 13.0113], [78.2943, 13.0112], [78.2945, 13.0107], [78.2947, 13.0095], [78.2946, 13.0081], [78.2943, 13.0069]]]}, "properties": {"OBJECTID": 229958, "gpcode": "218797", "gpname": "GATTA KAMADENA HALLY", "stname": "KARNATAKA", "dtname": "Kolar", "sdtname": "KOLAR GOLD FIELD", "stcode11": "29", "dtcode11": "581", "sdtcode11": "", "blklgdcode": "7363", "blkname": "K G F", "dt_lgd": 542, "sdt_lgd": 7002, "st_lgd": 29, "vilcode11": 0, "vilname11": "", "pan_local": "ಕ ಜಿ ಎಫ್", "b_pan_code": 293922, "b_pan_name": "K G F", "d_pan_code": 497, "d_pan_name": "KOLAR", "gp_code": "218797", "gp_name": "GATTA KAMADENA HALLY", "st_2011": "29", "dt_2011": "581", "sdt_2011": "", "subdtname": "KOLAR GOLD FIELD", "block_name": "K G F", "blk_lgdcod": "7363", "dtcode14": "581", "SHAPE_Length": 17043.948096181604, "SHAPE_Area": 8062069.480204536}}, {"type": "Feature", "geometry": {"type": "Polygon", "coordinates": [[[78.2888, 12.8999], [78.2901, 12.8993], [78.2914, 12.8999], [78.2938, 12.9006], [78.2955, 12.9005], [78.2974, 12.9004], [78.2991, 12.9008], [78.2999, 12.9025], [78.3001, 12.9029], [78.3017, 12.9038], [78.3021, 12.9035], [78.3026, 12.9033], [78.3042, 12.903], [78.3055, 12.9027], [78.3074, 12.9024], [78.3086, 12.9021], [78.3095, 12.9018], [78.3102, 12.9016], [78.3106, 12.9021], [78.3112, 12.9029], [78.3122, 12.9034], [78.3128, 12.9035], [78.3137, 12.9035], [78.3141, 12.9032], [78.3147, 12.9032], [78.3152, 12.9038], [78.3158, 12.9046], [78.3176, 12.9044], [78.3199, 12.9043], [78.323, 12.9045], [78.3253, 12.9047], [78.3263, 12.9045], [78.3235, 12.9018], [78.3226, 12.8985], [78.3225, 12.8975], [78.323, 12.8966], [78.3237, 12.8957], [78.3242, 12.8943], [78.3241, 12.8932], [78.3241, 12.8929], [78.3232, 12.8908], [78.322, 12.8896], [78.3206, 12.8891], [78.3203, 12.8873], [78.3217, 12.8856], [78.326, 12.8851], [78.3291, 12.8846], [78.3292, 12.8846], [78.3305, 12.8852], [78.3309, 12.8854], [78.331, 12.8873], [78.3318, 12.8888], [78.3326, 12.8892], [78.3345, 12.8892], [78.336, 12.8884], [78.3373, 12.8871], [78.338, 12.8862], [78.3371, 12.8824], [78.3331, 12.881], [78.3328, 12.8809], [78.3322, 12.8807], [78.3314, 12.8776], [78.3312, 12.8764], [78.331, 12.8756], [78.3275, 12.875], [78.3257, 12.875], [78.3233, 12.8756], [78.3213, 12.8757], [78.3198, 12.8758], [78.3153, 12.8762], [78.3136, 12.8765], [78.3136, 12.8764], [78.3139, 12.8745], [78.3148, 12.8702], [78.3156, 12.8676], [78.3154, 12.8661], [78.3147, 12.8645], [78.3144, 12.8623], [78.3135, 12.86], [78.3125, 12.8586], [78.3124, 12.8585], [78.3107, 12.8583], [78.3087, 12.8578], [78.3086, 12.8578], [78.3057, 12.8579], [78.2997, 12.8594], [78.2993, 12.8589], [78.2957, 12.8594], [78.2941, 12.8593], [78.294, 12.8593], [78.2908, 12.8591], [78.2878, 12.8594], [78.2821, 12.8593], [78.278, 12.8623], [78.2717, 12.867], [78.2684, 12.8677], [78.2657, 12.8623], [78.2653, 12.862], [78.2648, 12.8618], [78.2647, 12.8618], [78.2627, 12.8619], [78.262, 12.8617], [78.2602, 12.8607], [78.2581, 12.8604], [78.2577, 12.8607], [78.2568, 12.8616], [78.2556, 12.8622], [78.2537, 12.8622], [78.2531, 12.8615], [78.2503, 12.862], [78.2498, 12.8656], [78.2512, 12.8694], [78.2515, 12.8704], [78.2516, 12.8708], [78.2522, 12.873], [78.2529, 12.8758], [78.2533, 12.8779], [78.2539, 12.8796], [78.2546, 12.8813], [78.2565, 12.8816], [78.2597, 12.8819], [78.2608, 12.882], [78.261, 12.8793], [78.2616, 12.8758], [78.2664, 12.8762], [78.2694, 12.877], [78.2718, 12.8774], [78.2758, 12.8783], [78.2744, 12.8828], [78.2738, 12.8848], [78.2735, 12.8871], [78.2735, 12.8884], [78.276, 12.888], [78.2761, 12.8864], [78.2785, 12.8865], [78.2817, 12.887], [78.2833, 12.8876], [78.2842, 12.8879], [78.2843, 12.8893], [78.2843, 12.8918], [78.2843, 12.8933], [78.2842, 12.8966], [78.2841, 12.8979], [78.284, 12.8994], [78.282, 12.899], [78.281, 12.8987], [78.28, 12.8987], [78.2789, 12.8987], [78.2769, 12.8985], [78.2767, 12.9], [78.2761, 12.903], [78.276, 12.907], [78.2768, 12.9074], [78.2781, 12.9087], [78.2781, 12.9099], [78.2784, 12.9117], [78.281, 12.9096], [78.2823, 12.9082], [78.282, 12.9074], [78.282, 12.9064], [78.2829, 12.9043], [78.2839, 12.903], [78.2857, 12.9018], [78.2888, 12.8999]]]}, "properties": {"OBJECTID": 229959, "gpcode": "218798", "gpname": "GATTA MADAMANGALA", "stname": "KARNATAKA", "dtname": "Kolar", "sdtname": "KOLAR GOLD FIELD", "stcode11": "29", "dtcode11": "581", "sdtcode11": "", "blklgdcode": "7363", "blkname": "K G F", "dt_lgd": 542, "sdt_lgd": 7002, "st_lgd": 29, "vilcode11": 0, "vilname11": "", "pan_local": "ಕ ಜಿ ಎಫ್", "b_pan_code": 293922, "b_pan_name": "K G F", "d_pan_code": 497, "d_pan_name": "KOLAR", "gp_code": "218798", "gp_name": "GATTA MADAMANGALA", "st_2011": "29", "dt_2011": "581", "sdt_2011": "", "subdtname": "KOLAR GOLD FIELD", "block_name": "K G F", "blk_lgdcod": "7363", "dtcode14": "581", "SHAPE_Length": 36641.33318941125, "SHAPE_Area": 29709234.674970236}}, {"type": "Feature", "geometry": {"type": "Polygon", "coordinates": [[[78.2902, 12.932], [78.2896, 12.93], [78.289, 12.9301], [78.2886, 12.932], [78.2875, 12.9327], [78.2871, 12.9344], [78.286, 12.9356], [78.2865, 12.9369], [78.2863, 12.9376], [78.2856, 12.9386], [78.2854, 12.9408], [78.2853, 12.9422], [78.2855, 12.9444], [78.2855, 12.9452], [78.2859, 12.9458], [78.287, 12.9459], [78.2889, 12.9455], [78.2895, 12.945], [78.2903, 12.9444], [78.2898, 12.9432], [78.2891, 12.9416], [78.2888, 12.9406], [78.2878, 12.9394], [78.2873, 12.939], [78.2871, 12.9377], [78.2873, 12.9365], [78.2872, 12.9356], [78.2873, 12.935], [78.2877, 12.9343], [78.288, 12.9337], [78.2884, 12.9332], [78.2892, 12.9329], [78.2898, 12.9328], [78.2899, 12.9328], [78.2904, 12.9326], [78.2902, 12.932]]]}, "properties": {"OBJECTID": 229960, "gpcode": "218798", "gpname": "GATTA MADAMANGALA", "stname": "KARNATAKA", "dtname": "Kolar", "sdtname": "KOLAR GOLD FIELD", "stcode11": "29", "dtcode11": "581", "sdtcode11": "", "blklgdcode": "7363", "blkname": "K G F", "dt_lgd": 542, "sdt_lgd": 7002, "st_lgd": 29, "vilcode11": 0, "vilname11": "", "pan_local": "ಕ ಜಿ ಎಫ್", "b_pan_code": 293922, "b_pan_name": "K G F", "d_pan_code": 497, "d_pan_name": "KOLAR", "gp_code": "218798", "gp_name": "GATTA MADAMANGALA", "st_2011": "29", "dt_2011": "581", "sdt_2011": "", "subdtname": "KOLAR GOLD FIELD", "block_name": "K G F", "blk_lgdcod": "7363", "dtcode14": "581", "SHAPE_Length": 4523.602345406587, "SHAPE_Area": 449914.67388320906}}, {"type": "Feature", "geometry": {"type": "Polygon", "coordinates": [[[78.1225, 12.8794], [78.1227, 12.8768], [78.1227, 12.8767], [78.1228, 12.8759], [78.1228, 12.8751], [78.1227, 12.8746], [78.1227, 12.8743], [78.1227, 12.8742], [78.1231, 12.8744], [78.124, 12.8746], [78.1245, 12.8745], [78.1244, 12.8738], [78.1243, 12.8732], [78.1241, 12.872], [78.1238, 12.871], [78.1242, 12.8708], [78.1252, 12.871], [78.1258, 12.8705], [78.1256, 12.8698], [78.126, 12.8691], [78.1267, 12.8686], [78.1277, 12.8687], [78.128, 12.8687], [78.1291, 12.8687], [78.1291, 12.8686], [78.1293, 12.8678], [78.1299, 12.8666], [78.1303, 12.8653], [78.1298, 12.8634], [78.1294, 12.8624], [78.1287, 12.8616], [78.1288, 12.8612], [78.1288, 12.8611], [78.1316, 12.86], [78.1333, 12.8589], [78.1339, 12.8584], [78.133, 12.8581], [78.1336, 12.8577], [78.1333, 12.857], [78.1328, 12.8554], [78.1327, 12.8537], [78.1329, 12.853], [78.1335, 12.8527], [78.1335, 12.8521], [78.1336, 12.8511], [78.1344, 12.8507], [78.1356, 12.8509], [78.136, 12.8514], [78.1361, 12.8522], [78.1368, 12.8538], [78.137, 12.854], [78.1359, 12.855], [78.1369, 12.8561], [78.1392, 12.8551], [78.1409, 12.8549], [78.1413, 12.8555], [78.1423, 12.8554], [78.1436, 12.8565], [78.144, 12.8565], [78.1449, 12.8565], [78.1469, 12.856], [78.1471, 12.8557], [78.1474, 12.8564], [78.1488, 12.8564], [78.1498, 12.8542], [78.1501, 12.853], [78.1503, 12.8532], [78.1505, 12.8532], [78.1511, 12.8522], [78.1519, 12.8509], [78.1515, 12.847], [78.1512, 12.8445], [78.1511, 12.8438], [78.1519, 12.8426], [78.1518, 12.8411], [78.1521, 12.8399], [78.1535, 12.839], [78.1553, 12.8382], [78.1565, 12.8369], [78.1575, 12.8355], [78.1575, 12.8339], [78.1548, 12.8332], [78.1532, 12.8312], [78.1514, 12.8301], [78.1509, 12.8282], [78.1533, 12.8265], [78.1541, 12.8246], [78.1521, 12.8241], [78.1515, 12.8222], [78.1507, 12.8206], [78.1477, 12.8163], [78.1461, 12.8149], [78.1447, 12.8137], [78.143, 12.8135], [78.1393, 12.8142], [78.1353, 12.8153], [78.1311, 12.8162], [78.1299, 12.8146], [78.129, 12.8134], [78.1284, 12.8128], [78.1274, 12.8123], [78.1269, 12.8121], [78.1258, 12.8116], [78.1244, 12.8111], [78.1241, 12.8107], [78.1239, 12.8095], [78.1235, 12.808], [78.1232, 12.8071], [78.123, 12.8073], [78.1226, 12.8076], [78.1222, 12.8079], [78.1218, 12.8084], [78.1213, 12.8088], [78.1209, 12.8093], [78.1205, 12.8097], [78.1203, 12.8099], [78.1202, 12.81], [78.12, 12.8102], [78.1197, 12.8105], [78.1195, 12.8106], [78.1189, 12.8111], [78.1184, 12.8116], [78.1178, 12.812], [78.1173, 12.8125], [78.1172, 12.8126], [78.1168, 12.8129], [78.1163, 12.8133], [78.1158, 12.8138], [78.1154, 12.8142], [78.1152, 12.8144], [78.115, 12.8146], [78.1149, 12.8148], [78.1148, 12.8148], [78.1146, 12.8147], [78.1146, 12.8143], [78.115, 12.8138], [78.1154, 12.8135], [78.1153, 12.8131], [78.115, 12.8121], [78.1147, 12.8106], [78.1146, 12.8097], [78.1147, 12.8081], [78.1149, 12.8071], [78.1157, 12.8047], [78.1165, 12.8031], [78.1167, 12.8024], [78.1159, 12.8026], [78.1155, 12.8027], [78.1151, 12.8028], [78.1144, 12.803], [78.114, 12.8031], [78.1137, 12.8032], [78.1128, 12.8035], [78.1124, 12.8036], [78.1121, 12.8037], [78.1113, 12.8039], [78.1109, 12.8041], [78.1106, 12.8041], [78.1096, 12.8044], [78.1094, 12.8045], [78.1091, 12.8048], [78.1083, 12.8055], [78.1081, 12.8057], [78.1078, 12.806], [78.1072, 12.8067], [78.1069, 12.8069], [78.1067, 12.8072], [78.1061, 12.8078], [78.1058, 12.8081], [78.1056, 12.8082], [78.105, 12.8088], [78.1047, 12.8091], [78.1044, 12.8093], [78.1037, 12.8097], [78.1035, 12.8099], [78.1032, 12.81], [78.1025, 12.8104], [78.1022, 12.8106], [78.1019, 12.8107], [78.1012, 12.8112], [78.1008, 12.8114], [78.1005, 12.8115], [78.0999, 12.8119], [78.0995, 12.8121], [78.0993, 12.8123], [78.0985, 12.8127], [78.0982, 12.8129], [78.0979, 12.8131], [78.0971, 12.8135], [78.0969, 12.8136], [78.0966, 12.8138], [78.0959, 12.8142], [78.0955, 12.8144], [78.0951, 12.8146], [78.0945, 12.8149], [78.0942, 12.8151], [78.0939, 12.8153], [78.0932, 12.8156], [78.0929, 12.8159], [78.0926, 12.816], [78.0919, 12.8165], [78.0915, 12.8166], [78.0913, 12.8168], [78.0906, 12.8171], [78.0902, 12.8174], [78.0901, 12.8178], [78.0901, 12.8186], [78.0901, 12.8189], [78.0901, 12.8193], [78.0902, 12.8201], [78.0902, 12.8202], [78.0901, 12.8206], [78.0901, 12.8209], [78.0901, 12.8217], [78.0902, 12.8221], [78.0902, 12.8224], [78.0902, 12.8225], [78.0902, 12.8232], [78.0902, 12.8235], [78.09, 12.8236], [78.0892, 12.824], [78.0886, 12.8243], [78.0878, 12.8247], [78.0875, 12.8249], [78.0876, 12.8252], [78.0876, 12.8254], [78.0877, 12.8254], [78.0877, 12.8255], [78.0878, 12.826], [78.0879, 12.8264], [78.0879, 12.8266], [78.0881, 12.827], [78.0882, 12.8274], [78.0881, 12.8279], [78.0881, 12.8281], [78.0876, 12.8287], [78.0872, 12.8289], [78.0871, 12.8292], [78.0869, 12.8295], [78.0869, 12.8296], [78.0868, 12.8297], [78.0868, 12.83], [78.0868, 12.8303], [78.0877, 12.8308], [78.0885, 12.8339], [78.0898, 12.837], [78.0919, 12.8421], [78.0931, 12.8464], [78.0937, 12.8475], [78.092, 12.8479], [78.0924, 12.8485], [78.0927, 12.8489], [78.093, 12.8495], [78.0934, 12.85], [78.0938, 12.8505], [78.0941, 12.851], [78.0945, 12.8515], [78.0948, 12.852], [78.0952, 12.8524], [78.0956, 12.8529], [78.0959, 12.8535], [78.0962, 12.854], [78.0966, 12.8545], [78.097, 12.855], [78.0973, 12.8555], [78.0977, 12.8559], [78.0981, 12.8564], [78.0984, 12.8569], [78.0987, 12.8573], [78.0988, 12.8575], [78.0991, 12.858], [78.0994, 12.8585], [78.0997, 12.859], [78.1, 12.8596], [78.1004, 12.8601], [78.1007, 12.8606], [78.1011, 12.8611], [78.1014, 12.8617], [78.1017, 12.862], [78.1022, 12.8626], [78.1025, 12.8632], [78.1028, 12.8637], [78.103, 12.8642], [78.1034, 12.8648], [78.1037, 12.8653], [78.1039, 12.8658], [78.1041, 12.8665], [78.1043, 12.867], [78.1046, 12.8676], [78.105, 12.8674], [78.1057, 12.8671], [78.1063, 12.8669], [78.1068, 12.8666], [78.1074, 12.8664], [78.108, 12.8662], [78.1086, 12.8661], [78.1093, 12.8659], [78.1097, 12.8654], [78.11, 12.8647], [78.1101, 12.8647], [78.11, 12.8647], [78.1097, 12.8635], [78.1096, 12.8635], [78.1097, 12.8635], [78.1098, 12.8628], [78.1102, 12.8613], [78.111, 12.8622], [78.1117, 12.8623], [78.1118, 12.8622], [78.1138, 12.8613], [78.1153, 12.8604], [78.1162, 12.8598], [78.1163, 12.8598], [78.1178, 12.8593], [78.1186, 12.8601], [78.1182, 12.8614], [78.1181, 12.8636], [78.1183, 12.864], [78.1179, 12.8643], [78.1173, 12.8655], [78.1172, 12.8666], [78.1172, 12.8667], [78.1175, 12.8691], [78.1175, 12.8692], [78.1168, 12.8695], [78.1159, 12.8696], [78.1155, 12.8704], [78.1155, 12.8708], [78.1161, 12.8711], [78.1167, 12.8712], [78.1167, 12.8713], [78.1167, 12.8718], [78.1167, 12.8719], [78.1167, 12.8722], [78.1173, 12.8723], [78.1178, 12.8723], [78.1185, 12.8738], [78.1187, 12.8741], [78.1188, 12.8747], [78.1189, 12.8748], [78.1189, 12.8749], [78.119, 12.8752], [78.1191, 12.8759], [78.1192, 12.8763], [78.1193, 12.8765], [78.1194, 12.8771], [78.1196, 12.8777], [78.1197, 12.8783], [78.1199, 12.8789], [78.1195, 12.8792], [78.1194, 12.8793], [78.1214, 12.8789], [78.1225, 12.8794]]]}, "properties": {"OBJECTID": 229961, "gpcode": "218799", "gpname": "GULLAHALLI", "stname": "KARNATAKA", "dtname": "Kolar", "sdtname": "Bangarapet", "stcode11": "29", "dtcode11": "581", "sdtcode11": "05593", "blklgdcode": "5865", "blkname": "BANGARAPET", "dt_lgd": 542, "sdt_lgd": 5593, "st_lgd": 29, "vilcode11": 0, "vilname11": "", "pan_local": "BANGARAPET", "b_pan_code": 6196, "b_pan_name": "BANGARAPET", "d_pan_code": 497, "d_pan_name": "KOLAR", "gp_code": "218799", "gp_name": "GULLAHALLI", "st_2011": "29", "dt_2011": "581", "sdt_2011": "05593", "subdtname": "Bangarapet", "block_name": "BANGARAPET", "blk_lgdcod": "5865", "dtcode14": "581", "SHAPE_Length": 34641.22451853739, "SHAPE_Area": 38539891.176087655}}, {"type": "Feature", "geometry": {"type": "Polygon", "coordinates": [[[78.3025, 12.9685], [78.3025, 12.9681], [78.3024, 12.9674], [78.3019, 12.9664], [78.3015, 12.9658], [78.301, 12.9655], [78.3003, 12.9654], [78.2995, 12.9652], [78.2993, 12.9644], [78.2988, 12.9635], [78.2988, 12.9622], [78.298, 12.9622], [78.2961, 12.9622], [78.2958, 12.9617], [78.2948, 12.961], [78.2944, 12.961], [78.2931, 12.963], [78.2934, 12.964], [78.2934, 12.9653], [78.294, 12.9663], [78.2953, 12.9687], [78.2966, 12.9685], [78.2987, 12.9684], [78.2991, 12.9694], [78.2996, 12.9701], [78.3005, 12.9701], [78.3019, 12.9689], [78.3025, 12.9685]]]}, "properties": {"OBJECTID": 229962, "gpcode": "218799", "gpname": "GULLAHALLI", "stname": "KARNATAKA", "dtname": "Kolar", "sdtname": "KOLAR GOLD FIELD", "stcode11": "29", "dtcode11": "581", "sdtcode11": "", "blklgdcode": "7363", "blkname": "K G F", "dt_lgd": 542, "sdt_lgd": 7002, "st_lgd": 29, "vilcode11": 0, "vilname11": "", "pan_local": "ಕ ಜಿ ಎಫ್", "b_pan_code": 293922, "b_pan_name": "K G F", "d_pan_code": 497, "d_pan_name": "KOLAR", "gp_code": "218799", "gp_name": "GULLAHALLI", "st_2011": "29", "dt_2011": "581", "sdt_2011": "", "subdtname": "KOLAR GOLD FIELD", "block_name": "K G F", "blk_lgdcod": "7363", "dtcode14": "581", "SHAPE_Length": 3437.153869320573, "SHAPE_Area": 609374.517234473}}, {"type": "Feature", "geometry": {"type": "Polygon", "coordinates": [[[78.1745, 12.983], [78.1754, 12.9816], [78.1761, 12.9809], [78.1772, 12.9793], [78.1776, 12.9789], [78.178, 12.9786], [78.1788, 12.9781], [78.1799, 12.9775], [78.1807, 12.9772], [78.1812, 12.9768], [78.1813, 12.9763], [78.1811, 12.9759], [78.1809, 12.9754], [78.1806, 12.9748], [78.1812, 12.9747], [78.1826, 12.9748], [78.1843, 12.9749], [78.1858, 12.9752], [78.1863, 12.9754], [78.1867, 12.9741], [78.1869, 12.9731], [78.1872, 12.9723], [78.1874, 12.9715], [78.1873, 12.971], [78.1872, 12.9711], [78.1866, 12.971], [78.186, 12.9707], [78.1856, 12.9705], [78.1853, 12.9701], [78.1852, 12.9695], [78.1851, 12.9684], [78.1851, 12.9681], [78.1852, 12.967], [78.1852, 12.9662], [78.186, 12.9662], [78.1849, 12.9609], [78.1846, 12.9608], [78.1842, 12.9605], [78.1837, 12.9599], [78.1828, 12.9589], [78.1823, 12.9581], [78.1816, 12.9573], [78.181, 12.9569], [78.179, 12.9565], [78.1777, 12.9565], [78.1773, 12.9566], [78.1765, 12.9567], [78.176, 12.9574], [78.1753, 12.9585], [78.1743, 12.9594], [78.1731, 12.9598], [78.1725, 12.9603], [78.1719, 12.9609], [78.1712, 12.9614], [78.1703, 12.9626], [78.1693, 12.9636], [78.1682, 12.9642], [78.1671, 12.9653], [78.1666, 12.9656], [78.1665, 12.9667], [78.1667, 12.9679], [78.1668, 12.9687], [78.1678, 12.9691], [78.1695, 12.9694], [78.1708, 12.9697], [78.1709, 12.9702], [78.1698, 12.9701], [78.1684, 12.9699], [78.1681, 12.9701], [78.1674, 12.9712], [78.1669, 12.9722], [78.167, 12.9738], [78.1668, 12.9754], [78.1663, 12.9752], [78.1659, 12.9749], [78.1658, 12.9747], [78.1656, 12.9743], [78.1657, 12.9733], [78.1657, 12.9723], [78.1653, 12.9724], [78.1646, 12.9725], [78.1641, 12.9725], [78.1636, 12.9724], [78.1633, 12.9721], [78.1632, 12.9719], [78.1628, 12.9712], [78.1626, 12.9706], [78.1623, 12.9705], [78.1618, 12.9705], [78.161, 12.9709], [78.1599, 12.971], [78.1586, 12.9713], [78.1577, 12.9718], [78.1576, 12.9716], [78.1575, 12.9713], [78.1574, 12.9707], [78.1573, 12.9699], [78.1574, 12.9691], [78.1573, 12.9682], [78.1573, 12.9676], [78.1571, 12.9672], [78.157, 12.9663], [78.1565, 12.9652], [78.156, 12.9641], [78.1557, 12.9637], [78.1549, 12.9631], [78.1539, 12.9624], [78.1527, 12.9617], [78.1521, 12.9612], [78.1516, 12.96], [78.1517, 12.959], [78.1514, 12.9581], [78.151, 12.9574], [78.1502, 12.9566], [78.15, 12.9561], [78.1503, 12.9554], [78.1509, 12.9544], [78.1511, 12.9534], [78.1513, 12.9527], [78.1515, 12.952], [78.1514, 12.9515], [78.1512, 12.9511], [78.1508, 12.9502], [78.1505, 12.9499], [78.1502, 12.9496], [78.1501, 12.9494], [78.149, 12.9479], [78.1478, 12.945], [78.1468, 12.9426], [78.1465, 12.9408], [78.1452, 12.9406], [78.1408, 12.9402], [78.1378, 12.9401], [78.1353, 12.9402], [78.1356, 12.9408], [78.1358, 12.9414], [78.1359, 12.942], [78.1359, 12.9426], [78.136, 12.9432], [78.1362, 12.9438], [78.1363, 12.9444], [78.1364, 12.9449], [78.1365, 12.9456], [78.1366, 12.9462], [78.1368, 12.9468], [78.1368, 12.9471], [78.1368, 12.9474], [78.135, 12.949], [78.1345, 12.9497], [78.1342, 12.95], [78.134, 12.9505], [78.1337, 12.951], [78.1335, 12.9515], [78.1334, 12.9521], [78.1329, 12.952], [78.1323, 12.9519], [78.1312, 12.9516], [78.1306, 12.9515], [78.1305, 12.9514], [78.1303, 12.9525], [78.1294, 12.9526], [78.1277, 12.9523], [78.1268, 12.9523], [78.1259, 12.954], [78.1249, 12.9553], [78.1225, 12.9558], [78.1212, 12.9557], [78.1211, 12.9557], [78.1211, 12.9558], [78.1213, 12.9563], [78.1215, 12.9564], [78.1216, 12.9569], [78.1223, 12.9579], [78.1226, 12.9584], [78.1229, 12.9589], [78.1232, 12.9595], [78.1233, 12.9601], [78.1234, 12.9606], [78.1234, 12.9607], [78.1234, 12.9609], [78.1234, 12.9613], [78.1234, 12.9619], [78.1234, 12.9625], [78.1234, 12.9631], [78.1235, 12.9638], [78.1235, 12.9644], [78.1236, 12.965], [78.124, 12.9655], [78.124, 12.9656], [78.1242, 12.966], [78.1245, 12.9665], [78.1251, 12.9665], [78.1265, 12.9666], [78.1271, 12.9667], [78.1275, 12.9666], [78.1277, 12.9667], [78.1283, 12.9668], [78.1289, 12.9668], [78.129, 12.9669], [78.1295, 12.9669], [78.1302, 12.967], [78.1306, 12.967], [78.132, 12.967], [78.1327, 12.9671], [78.1334, 12.9673], [78.1341, 12.9674], [78.1348, 12.9677], [78.1353, 12.9683], [78.1355, 12.9688], [78.1356, 12.9694], [78.1357, 12.9701], [78.1357, 12.9707], [78.1356, 12.9713], [78.1354, 12.9719], [78.1352, 12.9724], [78.135, 12.973], [78.1347, 12.9736], [78.1344, 12.9741], [78.1337, 12.9752], [78.1335, 12.9755], [78.1337, 12.9755], [78.1344, 12.976], [78.1353, 12.9764], [78.1362, 12.9764], [78.1372, 12.9764], [78.1391, 12.9762], [78.1397, 12.9765], [78.1407, 12.9769], [78.1411, 12.9772], [78.1417, 12.9778], [78.1421, 12.9783], [78.1427, 12.9788], [78.1433, 12.9793], [78.1441, 12.9795], [78.1459, 12.9797], [78.1471, 12.9799], [78.1479, 12.9804], [78.1486, 12.9807], [78.1486, 12.9812], [78.1485, 12.9819], [78.1484, 12.9837], [78.1484, 12.9846], [78.1485, 12.9854], [78.1493, 12.9853], [78.1499, 12.9853], [78.1511, 12.9849], [78.1522, 12.9847], [78.1537, 12.9844], [78.1546, 12.9842], [78.1558, 12.9839], [78.1569, 12.9837], [78.1583, 12.9836], [78.1596, 12.9832], [78.1611, 12.9827], [78.1619, 12.9835], [78.1626, 12.9844], [78.1632, 12.9852], [78.1637, 12.9862], [78.1639, 12.9868], [78.1641, 12.9879], [78.1644, 12.9887], [78.1645, 12.9898], [78.1646, 12.9911], [78.1644, 12.9929], [78.1645, 12.994], [78.1643, 12.9952], [78.1639, 12.9967], [78.1638, 12.9973], [78.1645, 12.9969], [78.1647, 12.9966], [78.1656, 12.9959], [78.1669, 12.9955], [78.1675, 12.9947], [78.1677, 12.9937], [78.1678, 12.9925], [78.1682, 12.9909], [78.1694, 12.99], [78.1698, 12.9892], [78.1706, 12.9887], [78.1715, 12.9883], [78.1719, 12.9871], [78.1724, 12.9862], [78.1729, 12.9854], [78.1736, 12.9841], [78.1741, 12.9833], [78.1745, 12.983]]]}, "properties": {"OBJECTID": 229963, "gpcode": "218800", "gpname": "HULIBELE", "stname": "KARNATAKA", "dtname": "Kolar", "sdtname": "Bangarapet", "stcode11": "29", "dtcode11": "581", "sdtcode11": "05593", "blklgdcode": "5865", "blkname": "BANGARAPET", "dt_lgd": 542, "sdt_lgd": 5593, "st_lgd": 29, "vilcode11": 0, "vilname11": "", "pan_local": "BANGARAPET", "b_pan_code": 6196, "b_pan_name": "BANGARAPET", "d_pan_code": 497, "d_pan_name": "KOLAR", "gp_code": "218800", "gp_name": "HULIBELE", "st_2011": "29", "dt_2011": "581", "sdt_2011": "05593", "subdtname": "Bangarapet", "block_name": "BANGARAPET", "blk_lgdcod": "5865", "dtcode14": "581", "SHAPE_Length": 29645.05860811297, "SHAPE_Area": 18466607.344864994}}, {"type": "Feature", "geometry": {"type": "Polygon", "coordinates": [[[78.3426, 13.0544], [78.3432, 13.0543], [78.3435, 13.0545], [78.3442, 13.0554], [78.3449, 13.0564], [78.3454, 13.0568], [78.3457, 13.0569], [78.3466, 13.0566], [78.3478, 13.0561], [78.3483, 13.056], [78.3494, 13.0558], [78.3504, 13.0558], [78.3516, 13.0559], [78.3531, 13.0565], [78.3541, 13.057], [78.3555, 13.058], [78.3563, 13.0584], [78.3569, 13.0581], [78.3569, 13.0577], [78.3568, 13.0573], [78.3569, 13.0568], [78.3573, 13.057], [78.3578, 13.0574], [78.3583, 13.0573], [78.3589, 13.0569], [78.3598, 13.0566], [78.3605, 13.0564], [78.3613, 13.0561], [78.3617, 13.0557], [78.3619, 13.0554], [78.3618, 13.0533], [78.3615, 13.0514], [78.3612, 13.0505], [78.3609, 13.05], [78.3623, 13.0492], [78.3631, 13.0486], [78.3642, 13.0467], [78.3643, 13.0456], [78.3648, 13.0429], [78.365, 13.0386], [78.3664, 13.0382], [78.3679, 13.0382], [78.3684, 13.0372], [78.3679, 13.0359], [78.3678, 13.0345], [78.368, 13.0328], [78.3679, 13.032], [78.3673, 13.0316], [78.3666, 13.0316], [78.3657, 13.0318], [78.3656, 13.0308], [78.3654, 13.0301], [78.3648, 13.0304], [78.3644, 13.0306], [78.3639, 13.0304], [78.363, 13.0297], [78.3626, 13.0284], [78.3615, 13.0275], [78.3613, 13.0266], [78.3618, 13.0259], [78.3627, 13.0251], [78.3621, 13.0223], [78.3621, 13.0222], [78.362, 13.0208], [78.3643, 13.0201], [78.3663, 13.0196], [78.3676, 13.0195], [78.3687, 13.0195], [78.3693, 13.0195], [78.3693, 13.0187], [78.3696, 13.0168], [78.3697, 13.0158], [78.3696, 13.0151], [78.3689, 13.0134], [78.3682, 13.0116], [78.3678, 13.0104], [78.3675, 13.0099], [78.3665, 13.0096], [78.3648, 13.0093], [78.364, 13.0091], [78.363, 13.0092], [78.362, 13.0092], [78.3615, 13.0093], [78.3612, 13.0092], [78.3609, 13.0088], [78.3605, 13.0085], [78.3599, 13.0076], [78.3591, 13.0074], [78.3577, 13.0072], [78.3561, 13.0066], [78.3554, 13.0063], [78.3558, 13.0056], [78.3563, 13.0049], [78.358, 13.0023], [78.3584, 13.0013], [78.3569, 12.9994], [78.356, 12.9978], [78.3554, 12.9965], [78.3549, 12.996], [78.3543, 12.9958], [78.354, 12.9959], [78.3537, 12.9961], [78.3531, 12.9965], [78.3521, 12.9967], [78.3498, 12.9969], [78.3483, 12.9972], [78.3473, 12.9979], [78.3458, 12.9989], [78.3445, 12.9999], [78.344, 13.0005], [78.3435, 13.0013], [78.3449, 13.0023], [78.3454, 13.0032], [78.3432, 13.0029], [78.3414, 13.003], [78.3404, 13.003], [78.34, 13.0034], [78.3394, 13.0044], [78.3393, 13.0052], [78.3397, 13.0059], [78.341, 13.0076], [78.3428, 13.0091], [78.344, 13.0102], [78.3445, 13.0105], [78.344, 13.0113], [78.3433, 13.011], [78.3423, 13.0114], [78.3423, 13.0123], [78.3426, 13.0137], [78.343, 13.0145], [78.343, 13.015], [78.3433, 13.0158], [78.3436, 13.0163], [78.3434, 13.0173], [78.3429, 13.0187], [78.3427, 13.0196], [78.3427, 13.0205], [78.3426, 13.0212], [78.342, 13.0223], [78.3417, 13.0228], [78.3411, 13.0238], [78.3403, 13.0249], [78.3399, 13.0253], [78.3394, 13.0256], [78.3396, 13.026], [78.3399, 13.0267], [78.3383, 13.0272], [78.3357, 13.028], [78.3346, 13.0286], [78.334, 13.0289], [78.3331, 13.0304], [78.3322, 13.0321], [78.3319, 13.0328], [78.3316, 13.0331], [78.331, 13.0332], [78.3302, 13.0332], [78.3295, 13.0328], [78.329, 13.0323], [78.3283, 13.0322], [78.3275, 13.0333], [78.327, 13.0339], [78.3268, 13.0345], [78.3266, 13.0354], [78.3263, 13.0363], [78.3261, 13.0367], [78.3256, 13.0371], [78.3247, 13.0374], [78.3242, 13.0375], [78.3235, 13.0379], [78.3227, 13.0384], [78.3221, 13.0389], [78.3224, 13.0397], [78.3225, 13.0408], [78.3224, 13.0422], [78.3221, 13.0432], [78.3214, 13.0438], [78.3206, 13.0444], [78.3205, 13.0448], [78.3207, 13.0462], [78.3211, 13.0471], [78.3216, 13.0485], [78.322, 13.0493], [78.3224, 13.0499], [78.3228, 13.0496], [78.323, 13.0499], [78.3236, 13.05], [78.3239, 13.0506], [78.3245, 13.0504], [78.325, 13.05], [78.3255, 13.05], [78.3263, 13.0499], [78.3271, 13.051], [78.3279, 13.0521], [78.3285, 13.0523], [78.3302, 13.0516], [78.3306, 13.0525], [78.3334, 13.0579], [78.334, 13.0596], [78.3344, 13.0594], [78.3346, 13.0592], [78.3352, 13.0584], [78.3377, 13.0561], [78.3386, 13.0555], [78.3392, 13.0553], [78.34, 13.0551], [78.3412, 13.0549], [78.3426, 13.0544]]]}, "properties": {"OBJECTID": 229964, "gpcode": "218801", "gpname": "HULKOORU", "stname": "KARNATAKA", "dtname": "Kolar", "sdtname": "KOLAR GOLD FIELD", "stcode11": "29", "dtcode11": "581", "sdtcode11": "", "blklgdcode": "7363", "blkname": "K G F", "dt_lgd": 542, "sdt_lgd": 7002, "st_lgd": 29, "vilcode11": 0, "vilname11": "", "pan_local": "ಕ ಜಿ ಎಫ್", "b_pan_code": 293922, "b_pan_name": "K G F", "d_pan_code": 497, "d_pan_name": "KOLAR", "gp_code": "218801", "gp_name": "HULKOORU", "st_2011": "29", "dt_2011": "581", "sdt_2011": "", "subdtname": "KOLAR GOLD FIELD", "block_name": "K G F", "blk_lgdcod": "7363", "dtcode14": "581", "SHAPE_Length": 25736.35561782374, "SHAPE_Area": 21775309.869299747}}, {"type": "Feature", "geometry": {"type": "Polygon", "coordinates": [[[78.2437, 13.0524], [78.2488, 13.052], [78.2493, 13.0523], [78.2499, 13.0525], [78.2507, 13.0528], [78.2515, 13.0528], [78.2532, 13.0523], [78.2542, 13.0521], [78.2547, 13.0521], [78.2553, 13.0522], [78.2563, 13.0528], [78.2572, 13.0533], [78.2578, 13.0536], [78.2595, 13.0544], [78.2614, 13.0561], [78.2632, 13.058], [78.2641, 13.0591], [78.2639, 13.06], [78.2631, 13.0613], [78.2619, 13.0631], [78.2622, 13.0641], [78.2625, 13.0651], [78.2628, 13.0667], [78.2629, 13.0689], [78.2627, 13.0702], [78.2642, 13.0702], [78.2652, 13.0702], [78.2658, 13.0702], [78.2668, 13.07], [78.2692, 13.0695], [78.272, 13.0688], [78.2749, 13.0678], [78.2764, 13.067], [78.2766, 13.0667], [78.2766, 13.0663], [78.2766, 13.0656], [78.2765, 13.0641], [78.2762, 13.0618], [78.276, 13.0598], [78.276, 13.0595], [78.2761, 13.0593], [78.2763, 13.0592], [78.2768, 13.0592], [78.2776, 13.0592], [78.2783, 13.0591], [78.2792, 13.0587], [78.2792, 13.0583], [78.279, 13.0571], [78.2786, 13.0556], [78.2786, 13.0543], [78.2786, 13.0532], [78.2785, 13.0528], [78.2781, 13.0519], [78.278, 13.0512], [78.2778, 13.0507], [78.2773, 13.0451], [78.2765, 13.0407], [78.2752, 13.0379], [78.2745, 13.0357], [78.2737, 13.0348], [78.2718, 13.0332], [78.27, 13.0314], [78.2688, 13.0302], [78.2678, 13.0288], [78.267, 13.0279], [78.2663, 13.0272], [78.2658, 13.0265], [78.2649, 13.0251], [78.2636, 13.0233], [78.2629, 13.0225], [78.262, 13.0214], [78.2606, 13.02], [78.2593, 13.0181], [78.2587, 13.0173], [78.2583, 13.0165], [78.2579, 13.0164], [78.2572, 13.0164], [78.2565, 13.0168], [78.2557, 13.0171], [78.2542, 13.0176], [78.2523, 13.0184], [78.251, 13.019], [78.2488, 13.0214], [78.2455, 13.0233], [78.2425, 13.0245], [78.238, 13.0263], [78.2348, 13.0278], [78.2316, 13.0273], [78.2299, 13.028], [78.2269, 13.0274], [78.2253, 13.0263], [78.2226, 13.0252], [78.2206, 13.0272], [78.2186, 13.0293], [78.218, 13.0318], [78.2198, 13.0344], [78.2244, 13.0346], [78.2242, 13.0371], [78.2248, 13.0381], [78.2252, 13.0393], [78.2257, 13.041], [78.2261, 13.0426], [78.2274, 13.0462], [78.229, 13.0498], [78.23, 13.0519], [78.2291, 13.052], [78.2295, 13.0535], [78.23, 13.0565], [78.2305, 13.0585], [78.2306, 13.0626], [78.2323, 13.0628], [78.233, 13.0654], [78.232, 13.0691], [78.232, 13.0692], [78.2318, 13.0702], [78.2341, 13.0714], [78.2367, 13.0686], [78.2381, 13.0685], [78.2427, 13.0678], [78.2429, 13.0653], [78.2433, 13.064], [78.2456, 13.0623], [78.2448, 13.059], [78.244, 13.0565], [78.2437, 13.0524]]]}, "properties": {"OBJECTID": 229965, "gpcode": "218802", "gpname": "HUNKUNDA", "stname": "KARNATAKA", "dtname": "Kolar", "sdtname": "Bangarapet", "stcode11": "29", "dtcode11": "581", "sdtcode11": "05593", "blklgdcode": "5865", "blkname": "BANGARAPET", "dt_lgd": 542, "sdt_lgd": 5593, "st_lgd": 29, "vilcode11": 0, "vilname11": "", "pan_local": "BANGARAPET", "b_pan_code": 6196, "b_pan_name": "BANGARAPET", "d_pan_code": 497, "d_pan_name": "KOLAR", "gp_code": "218802", "gp_name": "HUNKUNDA", "st_2011": "29", "dt_2011": "581", "sdt_2011": "05593", "subdtname": "Bangarapet", "block_name": "BANGARAPET", "blk_lgdcod": "5865", "dtcode14": "581", "SHAPE_Length": 26354.770478622653, "SHAPE_Area": 24234143.032881264}}, {"type": "Feature", "geometry": {"type": "Polygon", "coordinates": [[[78.1483, 13.0289], [78.1493, 13.0288], [78.1505, 13.0288], [78.1505, 13.0275], [78.1519, 13.0268], [78.1535, 13.0263], [78.1547, 13.0268], [78.1556, 13.0265], [78.1585, 13.025], [78.1599, 13.0248], [78.1632, 13.0243], [78.1626, 13.0231], [78.1611, 13.0216], [78.1596, 13.0202], [78.1652, 13.0144], [78.1673, 13.0119], [78.1723, 13.0099], [78.1736, 13.0102], [78.1729, 13.0094], [78.1722, 13.0088], [78.1713, 13.0082], [78.1687, 13.0058], [78.1679, 13.0051], [78.1677, 13.0042], [78.1677, 13.0032], [78.1681, 13.0027], [78.1689, 13.0017], [78.1694, 13.0012], [78.1685, 13.0003], [78.1667, 12.9984], [78.1638, 12.9973], [78.1639, 12.9967], [78.1643, 12.9952], [78.1645, 12.994], [78.1644, 12.9929], [78.1646, 12.9911], [78.1645, 12.9898], [78.1644, 12.9887], [78.1641, 12.9879], [78.1639, 12.9868], [78.1637, 12.9862], [78.1632, 12.9852], [78.1626, 12.9844], [78.1619, 12.9835], [78.1611, 12.9827], [78.1596, 12.9832], [78.1583, 12.9836], [78.1569, 12.9837], [78.1558, 12.9839], [78.1546, 12.9842], [78.1537, 12.9844], [78.1522, 12.9847], [78.1511, 12.9849], [78.1499, 12.9853], [78.1493, 12.9853], [78.1485, 12.9854], [78.1484, 12.9846], [78.1484, 12.9837], [78.1485, 12.9819], [78.1486, 12.9812], [78.1486, 12.9807], [78.1479, 12.9804], [78.1471, 12.9799], [78.1459, 12.9797], [78.1441, 12.9795], [78.1433, 12.9793], [78.1427, 12.9788], [78.1421, 12.9783], [78.1417, 12.9778], [78.1411, 12.9772], [78.1407, 12.9769], [78.1397, 12.9765], [78.1391, 12.9762], [78.1372, 12.9764], [78.1362, 12.9764], [78.1353, 12.9764], [78.1344, 12.976], [78.1337, 12.9755], [78.1335, 12.9755], [78.1334, 12.9757], [78.1331, 12.9762], [78.1322, 12.9778], [78.1317, 12.9789], [78.1313, 12.9798], [78.131, 12.9804], [78.1309, 12.9806], [78.1306, 12.9812], [78.1304, 12.9818], [78.1302, 12.9824], [78.1306, 12.9828], [78.1309, 12.983], [78.132, 12.984], [78.1313, 12.9843], [78.1308, 12.9846], [78.1303, 12.985], [78.1298, 12.9853], [78.1292, 12.9856], [78.1291, 12.9856], [78.1286, 12.9859], [78.1281, 12.9863], [78.128, 12.9874], [78.1281, 12.9887], [78.128, 12.9893], [78.1279, 12.9899], [78.1277, 12.9905], [78.1275, 12.991], [78.1273, 12.9917], [78.1271, 12.9922], [78.1268, 12.9929], [78.1266, 12.9934], [78.1264, 12.994], [78.1263, 12.9945], [78.1262, 12.9952], [78.1255, 12.9952], [78.1251, 12.9952], [78.125, 12.9952], [78.1244, 12.9953], [78.1237, 12.9954], [78.1232, 12.9954], [78.1226, 12.9954], [78.122, 12.9955], [78.1214, 12.9955], [78.1207, 12.9955], [78.1201, 12.9956], [78.1195, 12.9956], [78.119, 12.9956], [78.1188, 12.9956], [78.1182, 12.9956], [78.1176, 12.9957], [78.117, 12.9957], [78.1164, 12.9958], [78.1158, 12.9958], [78.1151, 12.9958], [78.1145, 12.9959], [78.1143, 12.9959], [78.1138, 12.9959], [78.1132, 12.996], [78.1126, 12.9961], [78.112, 12.9962], [78.112, 12.9968], [78.112, 12.9975], [78.1121, 12.998], [78.1126, 12.9985], [78.1131, 12.9988], [78.1137, 12.9992], [78.1141, 12.9996], [78.1146, 13.0], [78.1152, 13.0003], [78.1157, 13.0007], [78.1162, 13.0011], [78.1164, 13.0013], [78.1171, 13.0019], [78.1176, 13.0025], [78.1203, 13.0045], [78.1224, 13.006], [78.124, 13.008], [78.1249, 13.0094], [78.1253, 13.0104], [78.1264, 13.0143], [78.1266, 13.015], [78.127, 13.0159], [78.1272, 13.0167], [78.1278, 13.0172], [78.1298, 13.0171], [78.131, 13.0168], [78.1322, 13.0167], [78.1325, 13.0177], [78.1328, 13.0196], [78.1333, 13.0211], [78.1336, 13.022], [78.134, 13.0229], [78.133, 13.0242], [78.1358, 13.0266], [78.1365, 13.0267], [78.1375, 13.0264], [78.1396, 13.0257], [78.1403, 13.0273], [78.1427, 13.0267], [78.1463, 13.0259], [78.1474, 13.0282], [78.1483, 13.0289]]]}, "properties": {"OBJECTID": 229966, "gpcode": "218803", "gpname": "INORA HOSAHALLI", "stname": "KARNATAKA", "dtname": "Kolar", "sdtname": "Bangarapet", "stcode11": "29", "dtcode11": "581", "sdtcode11": "05593", "blklgdcode": "5865", "blkname": "BANGARAPET", "dt_lgd": 542, "sdt_lgd": 5593, "st_lgd": 29, "vilcode11": 0, "vilname11": "", "pan_local": "BANGARAPET", "b_pan_code": 6196, "b_pan_name": "BANGARAPET", "d_pan_code": 497, "d_pan_name": "KOLAR", "gp_code": "218803", "gp_name": "INORA HOSAHALLI", "st_2011": "29", "dt_2011": "581", "sdt_2011": "05593", "subdtname": "Bangarapet", "block_name": "BANGARAPET", "blk_lgdcod": "5865", "dtcode14": "581", "SHAPE_Length": 23336.450138152948, "SHAPE_Area": 22862930.28018405}}, {"type": "Feature", "geometry": {"type": "Polygon", "coordinates": [[[78.3809, 12.9457], [78.381, 12.9431], [78.3805, 12.9415], [78.3793, 12.939], [78.3788, 12.9372], [78.3812, 12.9358], [78.3823, 12.9351], [78.3844, 12.9361], [78.3877, 12.9384], [78.3901, 12.9402], [78.3919, 12.9386], [78.3913, 12.9376], [78.3894, 12.9351], [78.3889, 12.9342], [78.3917, 12.934], [78.3941, 12.9339], [78.3962, 12.9337], [78.3969, 12.9327], [78.3977, 12.9325], [78.3986, 12.9328], [78.3994, 12.9338], [78.4014, 12.9338], [78.4016, 12.9334], [78.4017, 12.9316], [78.4033, 12.9314], [78.4029, 12.9297], [78.402, 12.9268], [78.4012, 12.9244], [78.4009, 12.9229], [78.4002, 12.9206], [78.3995, 12.919], [78.3991, 12.9179], [78.3987, 12.9173], [78.3978, 12.9144], [78.3972, 12.9129], [78.3971, 12.9109], [78.3972, 12.9086], [78.3964, 12.9074], [78.3964, 12.9073], [78.3963, 12.9073], [78.3937, 12.9077], [78.3898, 12.9067], [78.3897, 12.9067], [78.3887, 12.9069], [78.3877, 12.9076], [78.3858, 12.9094], [78.3856, 12.9114], [78.3845, 12.9122], [78.3831, 12.9128], [78.3816, 12.9131], [78.3804, 12.9132], [78.3783, 12.9138], [78.3771, 12.9151], [78.3767, 12.9164], [78.3767, 12.9179], [78.3761, 12.9186], [78.3727, 12.9213], [78.372, 12.922], [78.372, 12.9221], [78.3696, 12.9249], [78.368, 12.9269], [78.3655, 12.9302], [78.3651, 12.9306], [78.3651, 12.9307], [78.3617, 12.9352], [78.3603, 12.9369], [78.3591, 12.9379], [78.3586, 12.9384], [78.3569, 12.9386], [78.3564, 12.9389], [78.3559, 12.9407], [78.3558, 12.9407], [78.3541, 12.9397], [78.3526, 12.9387], [78.3518, 12.9376], [78.3514, 12.9373], [78.3506, 12.9378], [78.3491, 12.9389], [78.3491, 12.9402], [78.3499, 12.9402], [78.351, 12.9401], [78.3515, 12.9418], [78.3504, 12.9424], [78.3511, 12.9444], [78.3524, 12.9441], [78.3525, 12.9448], [78.3524, 12.9462], [78.3524, 12.9468], [78.3523, 12.9474], [78.3528, 12.9486], [78.3539, 12.9487], [78.3547, 12.9487], [78.3553, 12.9488], [78.3552, 12.9472], [78.3553, 12.9466], [78.3559, 12.9464], [78.3576, 12.9461], [78.3584, 12.9459], [78.3595, 12.9458], [78.361, 12.9456], [78.3628, 12.9454], [78.3643, 12.9455], [78.3654, 12.9453], [78.3663, 12.9452], [78.3675, 12.9442], [78.3679, 12.9438], [78.3683, 12.9435], [78.3689, 12.9433], [78.3695, 12.9431], [78.37, 12.9449], [78.3701, 12.9464], [78.3705, 12.9486], [78.3708, 12.9492], [78.3713, 12.9497], [78.3734, 12.9505], [78.3749, 12.9516], [78.3752, 12.9515], [78.3786, 12.9504], [78.3797, 12.9503], [78.381, 12.9498], [78.3811, 12.9481], [78.3811, 12.9472], [78.3809, 12.9457]]]}, "properties": {"OBJECTID": 229967, "gpcode": "218804", "gpname": "JAKKARASAKUPPA", "stname": "KARNATAKA", "dtname": "Kolar", "sdtname": "KOLAR GOLD FIELD", "stcode11": "29", "dtcode11": "581", "sdtcode11": "", "blklgdcode": "7363", "blkname": "K G F", "dt_lgd": 542, "sdt_lgd": 7002, "st_lgd": 29, "vilcode11": 0, "vilname11": "", "pan_local": "ಕ ಜಿ ಎಫ್", "b_pan_code": 293922, "b_pan_name": "K G F", "d_pan_code": 497, "d_pan_name": "KOLAR", "gp_code": "218804", "gp_name": "JAKKARASAKUPPA", "st_2011": "29", "dt_2011": "581", "sdt_2011": "", "subdtname": "KOLAR GOLD FIELD", "block_name": "K G F", "blk_lgdcod": "7363", "dtcode14": "581", "SHAPE_Length": 21986.228563135897, "SHAPE_Area": 13531852.794904634}}, {"type": "Feature", "geometry": {"type": "Polygon", "coordinates": [[[78.1983, 12.8907], [78.1981, 12.8896], [78.1985, 12.8885], [78.1992, 12.8878], [78.1998, 12.8871], [78.2011, 12.8862], [78.2038, 12.8856], [78.2062, 12.8854], [78.2072, 12.8854], [78.2092, 12.886], [78.211, 12.886], [78.2123, 12.8858], [78.2139, 12.8855], [78.215, 12.8856], [78.2161, 12.8859], [78.2168, 12.8867], [78.2179, 12.8877], [78.2188, 12.8886], [78.2203, 12.8881], [78.2217, 12.8879], [78.2227, 12.8876], [78.225, 12.8868], [78.2262, 12.8863], [78.2278, 12.8864], [78.2286, 12.8862], [78.2281, 12.8844], [78.2292, 12.8843], [78.2319, 12.8849], [78.2344, 12.8845], [78.2363, 12.8845], [78.2396, 12.8838], [78.2452, 12.8831], [78.249, 12.8824], [78.2508, 12.8822], [78.2518, 12.8817], [78.2546, 12.8813], [78.2539, 12.8796], [78.2533, 12.8779], [78.2529, 12.8758], [78.2522, 12.873], [78.2516, 12.8708], [78.2515, 12.8704], [78.2512, 12.8694], [78.2498, 12.8656], [78.2503, 12.862], [78.2488, 12.8623], [78.2479, 12.8624], [78.2474, 12.8618], [78.2466, 12.862], [78.2443, 12.8618], [78.2412, 12.8618], [78.2386, 12.8616], [78.236, 12.8621], [78.2334, 12.8621], [78.2333, 12.8608], [78.2321, 12.8609], [78.2302, 12.8613], [78.23, 12.8623], [78.2301, 12.8633], [78.2303, 12.8644], [78.2307, 12.8656], [78.2308, 12.8669], [78.2309, 12.8679], [78.2307, 12.869], [78.2306, 12.869], [78.2301, 12.8698], [78.2293, 12.8707], [78.2285, 12.8712], [78.2288, 12.872], [78.2287, 12.8726], [78.2277, 12.8715], [78.2264, 12.8698], [78.226, 12.8687], [78.2249, 12.8679], [78.2245, 12.8674], [78.2241, 12.8666], [78.2237, 12.8656], [78.2234, 12.8646], [78.2235, 12.8639], [78.2229, 12.8632], [78.2217, 12.8633], [78.2212, 12.8625], [78.2206, 12.8621], [78.2184, 12.8623], [78.2184, 12.8617], [78.2183, 12.8623], [78.2174, 12.862], [78.2172, 12.8614], [78.2167, 12.861], [78.2166, 12.8606], [78.2166, 12.8592], [78.2166, 12.8581], [78.2162, 12.8572], [78.2157, 12.8558], [78.2153, 12.8547], [78.2156, 12.8536], [78.2161, 12.8527], [78.2165, 12.8514], [78.2167, 12.8497], [78.2177, 12.8486], [78.2177, 12.8477], [78.2179, 12.8468], [78.218, 12.8452], [78.2178, 12.8439], [78.2183, 12.8434], [78.2196, 12.8421], [78.2199, 12.8414], [78.2197, 12.8404], [78.2189, 12.8386], [78.2196, 12.8376], [78.2217, 12.8362], [78.2242, 12.8357], [78.226, 12.8351], [78.2237, 12.8346], [78.2192, 12.8342], [78.2169, 12.8361], [78.2143, 12.8377], [78.2135, 12.8391], [78.2131, 12.8403], [78.2118, 12.8418], [78.2111, 12.8427], [78.2112, 12.843], [78.2111, 12.8431], [78.2094, 12.8442], [78.2071, 12.8463], [78.2036, 12.8486], [78.2023, 12.8495], [78.2021, 12.8504], [78.202, 12.8508], [78.2013, 12.8522], [78.1998, 12.8532], [78.199, 12.8533], [78.1984, 12.8536], [78.1979, 12.8541], [78.1976, 12.8546], [78.1976, 12.8548], [78.1978, 12.8556], [78.1977, 12.8558], [78.1966, 12.8557], [78.1962, 12.8557], [78.1948, 12.8556], [78.1923, 12.8557], [78.1897, 12.8562], [78.1875, 12.8566], [78.1848, 12.8569], [78.1828, 12.8571], [78.1813, 12.8572], [78.18, 12.8595], [78.1786, 12.8616], [78.1764, 12.8643], [78.1745, 12.8668], [78.1732, 12.8681], [78.1716, 12.8694], [78.1713, 12.8706], [78.1712, 12.8732], [78.1709, 12.8753], [78.1706, 12.8778], [78.1695, 12.8812], [78.169, 12.8827], [78.1685, 12.8863], [78.168, 12.8879], [78.1679, 12.8891], [78.1693, 12.8895], [78.1719, 12.8895], [78.175, 12.8889], [78.178, 12.8885], [78.1814, 12.8882], [78.1836, 12.888], [78.1851, 12.8875], [78.1869, 12.8876], [78.1876, 12.8887], [78.1871, 12.8894], [78.1881, 12.8906], [78.1888, 12.8912], [78.1895, 12.8908], [78.1911, 12.8904], [78.1924, 12.8911], [78.1941, 12.8925], [78.1954, 12.8932], [78.1979, 12.893], [78.1986, 12.893], [78.1983, 12.8907]]]}, "properties": {"OBJECTID": 229968, "gpcode": "218805", "gpname": "KAMASAMUDRA", "stname": "KARNATAKA", "dtname": "Kolar", "sdtname": "Bangarapet", "stcode11": "29", "dtcode11": "581", "sdtcode11": "05593", "blklgdcode": "5865", "blkname": "BANGARAPET", "dt_lgd": 542, "sdt_lgd": 5593, "st_lgd": 29, "vilcode11": 0, "vilname11": "", "pan_local": "BANGARAPET", "b_pan_code": 6196, "b_pan_name": "BANGARAPET", "d_pan_code": 497, "d_pan_name": "KOLAR", "gp_code": "218805", "gp_name": "KAMASAMUDRA", "st_2011": "29", "dt_2011": "581", "sdt_2011": "05593", "subdtname": "Bangarapet", "block_name": "BANGARAPET", "blk_lgdcod": "5865", "dtcode14": "581", "SHAPE_Length": 33642.14662629953, "SHAPE_Area": 30332816.100445427}}, {"type": "Feature", "geometry": {"type": "Polygon", "coordinates": [[[78.3308, 12.9978], [78.332, 12.9977], [78.3326, 12.9979], [78.3336, 12.9984], [78.3347, 12.9982], [78.3361, 12.9979], [78.3365, 12.9977], [78.3369, 12.9968], [78.3371, 12.9965], [78.3381, 12.9964], [78.3394, 12.996], [78.34, 12.996], [78.3409, 12.9959], [78.3416, 12.9956], [78.3415, 12.9948], [78.3387, 12.9951], [78.3372, 12.9955], [78.3368, 12.9942], [78.3366, 12.9937], [78.3359, 12.9909], [78.3358, 12.9894], [78.336, 12.987], [78.3363, 12.9859], [78.3348, 12.9853], [78.3327, 12.9835], [78.3309, 12.9824], [78.3295, 12.9815], [78.3289, 12.981], [78.3287, 12.9803], [78.3286, 12.9787], [78.3284, 12.9779], [78.3276, 12.9766], [78.3268, 12.9758], [78.3265, 12.9767], [78.3258, 12.9777], [78.3251, 12.9783], [78.3236, 12.9788], [78.3228, 12.9791], [78.3227, 12.9793], [78.3224, 12.9797], [78.3224, 12.9808], [78.3224, 12.9817], [78.3221, 12.9839], [78.322, 12.9856], [78.322, 12.9867], [78.3226, 12.9871], [78.3244, 12.9886], [78.3258, 12.9874], [78.3266, 12.9868], [78.3268, 12.9868], [78.3269, 12.9869], [78.3272, 12.9877], [78.3274, 12.9883], [78.3278, 12.9891], [78.329, 12.99], [78.3295, 12.9903], [78.3298, 12.9909], [78.3296, 12.9921], [78.3293, 12.9926], [78.3287, 12.9929], [78.3276, 12.9931], [78.3267, 12.9936], [78.3261, 12.9941], [78.3257, 12.9952], [78.3257, 12.9958], [78.3257, 12.996], [78.3266, 12.9977], [78.3272, 12.9993], [78.3291, 12.9984], [78.3308, 12.9978]]]}, "properties": {"OBJECTID": 229969, "gpcode": "218806", "gpname": "KAMMASANDRA", "stname": "KARNATAKA", "dtname": "Kolar", "sdtname": "KOLAR GOLD FIELD", "stcode11": "29", "dtcode11": "581", "sdtcode11": "", "blklgdcode": "7363", "blkname": "K G F", "dt_lgd": 542, "sdt_lgd": 7002, "st_lgd": 29, "vilcode11": 0, "vilname11": "", "pan_local": "ಕ ಜಿ ಎಫ್", "b_pan_code": 293922, "b_pan_name": "K G F", "d_pan_code": 497, "d_pan_name": "KOLAR", "gp_code": "218806", "gp_name": "KAMMASANDRA", "st_2011": "29", "dt_2011": "581", "sdt_2011": "", "subdtname": "KOLAR GOLD FIELD", "block_name": "K G F", "blk_lgdcod": "7363", "dtcode14": "581", "SHAPE_Length": 9180.200284793942, "SHAPE_Area": 2454980.482053847}}, {"type": "Feature", "geometry": {"type": "Polygon", "coordinates": [[[78.2138, 13.0007], [78.2138, 12.9999], [78.2133, 12.9991], [78.2129, 12.9982], [78.2125, 12.9981], [78.2111, 12.9981], [78.2103, 12.9981], [78.2096, 12.9981], [78.2088, 12.9982], [78.2079, 12.9983], [78.207, 12.9983], [78.2061, 12.9984], [78.2052, 12.9985], [78.2041, 12.9984], [78.2037, 12.9988], [78.2036, 12.9994], [78.2035, 13.0002], [78.2035, 13.0005], [78.203, 13.0007], [78.2023, 13.0006], [78.2009, 13.0003], [78.2011, 13.0009], [78.2003, 13.0013], [78.1999, 13.0018], [78.2003, 13.0047], [78.2007, 13.0066], [78.2002, 13.0077], [78.2009, 13.0096], [78.2056, 13.0091], [78.2084, 13.009], [78.2083, 13.0072], [78.2095, 13.0071], [78.2101, 13.0053], [78.2164, 13.0038], [78.2158, 13.0035], [78.2144, 13.0033], [78.2134, 13.0026], [78.2133, 13.002], [78.2137, 13.0013], [78.2138, 13.0007]]]}, "properties": {"OBJECTID": 229970, "gpcode": "218806", "gpname": "KAMMASANDRA", "stname": "KARNATAKA", "dtname": "Kolar", "sdtname": "Bangarapet", "stcode11": "29", "dtcode11": "581", "sdtcode11": "05593", "blklgdcode": "5865", "blkname": "BANGARAPET", "dt_lgd": 542, "sdt_lgd": 5593, "st_lgd": 29, "vilcode11": 0, "vilname11": "", "pan_local": "BANGARAPET", "b_pan_code": 6196, "b_pan_name": "BANGARAPET", "d_pan_code": 497, "d_pan_name": "KOLAR", "gp_code": "218806", "gp_name": "KAMMASANDRA", "st_2011": "29", "dt_2011": "581", "sdt_2011": "05593", "subdtname": "Bangarapet", "block_name": "BANGARAPET", "blk_lgdcod": "5865", "dtcode14": "581", "SHAPE_Length": 5748.798505935756, "SHAPE_Area": 1537797.9122485304}}, {"type": "Feature", "geometry": {"type": "Polygon", "coordinates": [[[78.2918, 13.0172], [78.2931, 13.0169], [78.2953, 13.0169], [78.2974, 13.0172], [78.2987, 13.0172], [78.2994, 13.0174], [78.2995, 13.0156], [78.2995, 13.0136], [78.2994, 13.0118], [78.2996, 13.0105], [78.2999, 13.0094], [78.3002, 13.0091], [78.3005, 13.009], [78.3017, 13.009], [78.3018, 13.0083], [78.302, 13.0075], [78.3021, 13.0071], [78.3027, 13.0072], [78.3038, 13.0077], [78.3052, 13.0082], [78.3068, 13.0087], [78.3076, 13.0088], [78.3088, 13.009], [78.3096, 13.0093], [78.3105, 13.0098], [78.3109, 13.0101], [78.311, 13.0102], [78.3123, 13.0111], [78.3134, 13.0121], [78.3144, 13.0133], [78.3156, 13.0149], [78.3161, 13.0156], [78.3165, 13.0159], [78.3179, 13.0159], [78.3189, 13.0154], [78.3201, 13.0147], [78.3211, 13.014], [78.321, 13.0135], [78.3211, 13.0131], [78.3213, 13.0127], [78.3212, 13.0121], [78.3211, 13.0113], [78.3213, 13.0104], [78.3215, 13.0094], [78.3217, 13.0087], [78.3219, 13.008], [78.3221, 13.007], [78.3223, 13.0063], [78.3229, 13.0054], [78.3233, 13.0039], [78.3233, 13.0013], [78.3227, 13.0], [78.323, 12.9982], [78.3238, 12.9985], [78.3237, 12.9979], [78.3229, 12.996], [78.322, 12.9926], [78.3217, 12.9909], [78.3216, 12.9892], [78.322, 12.9881], [78.3221, 12.9876], [78.3219, 12.9873], [78.3209, 12.987], [78.32, 12.9868], [78.3193, 12.987], [78.3179, 12.9872], [78.3167, 12.9873], [78.3161, 12.9874], [78.3166, 12.9857], [78.3176, 12.9832], [78.3177, 12.9821], [78.3166, 12.9808], [78.3157, 12.9786], [78.3143, 12.977], [78.314, 12.9767], [78.3137, 12.9769], [78.3133, 12.9772], [78.313, 12.9775], [78.313, 12.9781], [78.3127, 12.9799], [78.3114, 12.9801], [78.3102, 12.9803], [78.3098, 12.9804], [78.3091, 12.9786], [78.3085, 12.9767], [78.3081, 12.9768], [78.3069, 12.9767], [78.3055, 12.9769], [78.3053, 12.9772], [78.3047, 12.978], [78.304, 12.979], [78.3035, 12.9794], [78.3022, 12.9797], [78.3012, 12.9797], [78.3, 12.9798], [78.2995, 12.9802], [78.299, 12.9809], [78.2984, 12.9807], [78.2974, 12.9806], [78.2968, 12.9806], [78.2963, 12.98], [78.2952, 12.9788], [78.2954, 12.9781], [78.2959, 12.9777], [78.2971, 12.977], [78.2982, 12.9764], [78.2991, 12.9761], [78.2993, 12.9757], [78.2993, 12.9738], [78.2995, 12.9716], [78.2984, 12.9715], [78.2962, 12.9714], [78.295, 12.9715], [78.294, 12.9723], [78.2928, 12.9733], [78.2927, 12.9742], [78.2918, 12.9759], [78.2918, 12.9763], [78.2907, 12.9754], [78.2899, 12.9752], [78.2888, 12.9753], [78.2876, 12.9759], [78.2865, 12.9764], [78.2861, 12.9745], [78.2858, 12.9734], [78.285, 12.9725], [78.2838, 12.9717], [78.2836, 12.9719], [78.2822, 12.9716], [78.2815, 12.9718], [78.2808, 12.9725], [78.2792, 12.9737], [78.2787, 12.9743], [78.2788, 12.9751], [78.2783, 12.9756], [78.2778, 12.9756], [78.2771, 12.9756], [78.2746, 12.9742], [78.2724, 12.9748], [78.2725, 12.9735], [78.2712, 12.9732], [78.2697, 12.974], [78.2691, 12.9737], [78.2682, 12.9727], [78.2681, 12.9737], [78.2677, 12.9823], [78.2722, 12.9812], [78.2769, 12.98], [78.2769, 12.9806], [78.2784, 12.9804], [78.2789, 12.9803], [78.2813, 12.98], [78.2834, 12.9796], [78.2845, 12.9817], [78.2845, 12.9833], [78.2848, 12.9841], [78.286, 12.9837], [78.2876, 12.9872], [78.2876, 12.9894], [78.2873, 12.9916], [78.2868, 12.9961], [78.2907, 12.9975], [78.2909, 12.9988], [78.291, 13.0013], [78.2913, 13.0018], [78.2913, 13.0024], [78.2913, 13.0029], [78.2909, 13.0035], [78.2909, 13.004], [78.2922, 13.0044], [78.2936, 13.0048], [78.294, 13.0058], [78.2943, 13.0069], [78.2946, 13.0081], [78.2947, 13.0095], [78.2945, 13.0107], [78.2943, 13.0112], [78.2937, 13.0113], [78.2918, 13.0115], [78.2898, 13.0117], [78.2889, 13.0118], [78.2884, 13.0123], [78.2879, 13.0125], [78.2872, 13.0128], [78.2865, 13.013], [78.286, 13.013], [78.285, 13.013], [78.2833, 13.0127], [78.2822, 13.0125], [78.2814, 13.0119], [78.2827, 13.0105], [78.284, 13.0087], [78.2849, 13.0078], [78.2863, 13.007], [78.2869, 13.0067], [78.2873, 13.0067], [78.2878, 13.0065], [78.2883, 13.0059], [78.2884, 13.0048], [78.2885, 13.0044], [78.288, 13.0036], [78.287, 13.0031], [78.2856, 13.0026], [78.2837, 13.0024], [78.2827, 13.0026], [78.2809, 13.0031], [78.2794, 13.0041], [78.2772, 13.0035], [78.276, 13.0033], [78.2743, 13.0033], [78.2723, 13.0032], [78.2702, 13.0031], [78.2699, 13.0031], [78.2688, 13.0033], [78.2645, 13.003], [78.2617, 13.0028], [78.2612, 13.003], [78.2609, 13.0034], [78.2603, 13.0046], [78.2595, 13.0054], [78.2595, 13.0063], [78.2594, 13.0069], [78.2591, 13.0078], [78.2589, 13.0086], [78.2587, 13.0101], [78.2587, 13.0108], [78.2587, 13.0116], [78.2586, 13.0142], [78.2583, 13.0165], [78.2587, 13.0173], [78.2593, 13.0181], [78.2606, 13.02], [78.262, 13.0214], [78.2629, 13.0225], [78.2636, 13.0233], [78.2649, 13.0251], [78.2658, 13.0265], [78.2663, 13.0272], [78.267, 13.0279], [78.2678, 13.0288], [78.2689, 13.0284], [78.2712, 13.0278], [78.2737, 13.0273], [78.2735, 13.0251], [78.273, 13.0233], [78.2729, 13.0225], [78.2763, 13.0223], [78.2806, 13.0219], [78.2829, 13.0216], [78.2851, 13.0214], [78.287, 13.0207], [78.2885, 13.0199], [78.2883, 13.0181], [78.2898, 13.0178], [78.2918, 13.0172]]]}, "properties": {"OBJECTID": 229971, "gpcode": "218806", "gpname": "KAMMASANDRA", "stname": "KARNATAKA", "dtname": "Kolar", "sdtname": "KOLAR GOLD FIELD", "stcode11": "29", "dtcode11": "581", "sdtcode11": "", "blklgdcode": "7363", "blkname": "K G F", "dt_lgd": 542, "sdt_lgd": 7002, "st_lgd": 29, "vilcode11": 0, "vilname11": "", "pan_local": "ಕ ಜಿ ಎಫ್", "b_pan_code": 293922, "b_pan_name": "K G F", "d_pan_code": 497, "d_pan_name": "KOLAR", "gp_code": "218806", "gp_name": "KAMMASANDRA", "st_2011": "29", "dt_2011": "581", "sdt_2011": "", "subdtname": "KOLAR GOLD FIELD", "block_name": "K G F", "blk_lgdcod": "7363", "dtcode14": "581", "SHAPE_Length": 39313.81379460413, "SHAPE_Area": 23449984.22699296}}, {"type": "Feature", "geometry": {"type": "Polygon", "coordinates": [[[78.3536, 12.9872], [78.3551, 12.9864], [78.3559, 12.9892], [78.3567, 12.9914], [78.359, 12.9906], [78.3604, 12.9902], [78.3609, 12.989], [78.362, 12.9876], [78.3629, 12.9873], [78.3632, 12.9874], [78.3634, 12.9878], [78.3636, 12.9889], [78.364, 12.9894], [78.3645, 12.9885], [78.3652, 12.9869], [78.3632, 12.9853], [78.3613, 12.9835], [78.3603, 12.9825], [78.3603, 12.9819], [78.3614, 12.9799], [78.362, 12.979], [78.3633, 12.9786], [78.3638, 12.9783], [78.3646, 12.9778], [78.3654, 12.978], [78.3663, 12.9784], [78.3681, 12.9788], [78.3686, 12.9791], [78.3694, 12.9796], [78.3699, 12.9798], [78.3707, 12.9797], [78.3709, 12.9792], [78.3708, 12.9784], [78.37, 12.9777], [78.3685, 12.976], [78.3678, 12.9751], [78.3673, 12.9733], [78.3671, 12.9727], [78.3673, 12.9722], [78.3679, 12.9722], [78.369, 12.9721], [78.3698, 12.9722], [78.3708, 12.9722], [78.372, 12.9721], [78.373, 12.972], [78.374, 12.972], [78.3745, 12.9718], [78.3747, 12.9716], [78.3748, 12.9712], [78.3744, 12.9705], [78.3742, 12.9694], [78.3739, 12.9679], [78.3742, 12.9664], [78.3753, 12.9657], [78.376, 12.9659], [78.3768, 12.9661], [78.3777, 12.9666], [78.3786, 12.9667], [78.3792, 12.9667], [78.3798, 12.9664], [78.3798, 12.966], [78.3797, 12.9652], [78.38, 12.9633], [78.3802, 12.9624], [78.3804, 12.9621], [78.3807, 12.9619], [78.381, 12.9617], [78.3813, 12.9617], [78.3816, 12.9618], [78.3818, 12.9621], [78.3824, 12.9629], [78.3829, 12.9636], [78.3832, 12.9636], [78.3839, 12.9632], [78.3849, 12.9627], [78.3856, 12.9621], [78.3867, 12.9616], [78.3875, 12.961], [78.3875, 12.9601], [78.3881, 12.96], [78.3891, 12.9596], [78.3901, 12.9593], [78.3902, 12.9589], [78.3903, 12.9584], [78.3906, 12.9577], [78.3917, 12.9566], [78.392, 12.9561], [78.3929, 12.9562], [78.3942, 12.9562], [78.3944, 12.9564], [78.3943, 12.9586], [78.3942, 12.9595], [78.3941, 12.9609], [78.3944, 12.9608], [78.3955, 12.9604], [78.3963, 12.9601], [78.3979, 12.9597], [78.3988, 12.9609], [78.3997, 12.962], [78.3995, 12.9632], [78.3987, 12.9634], [78.3983, 12.964], [78.3978, 12.9645], [78.3979, 12.9654], [78.3975, 12.9653], [78.3974, 12.9668], [78.3968, 12.9669], [78.3973, 12.9674], [78.3973, 12.968], [78.3978, 12.9686], [78.3976, 12.9699], [78.3975, 12.9704], [78.3988, 12.9695], [78.4005, 12.9682], [78.401, 12.9689], [78.4017, 12.9705], [78.4016, 12.9717], [78.4009, 12.9739], [78.4004, 12.9748], [78.4003, 12.9752], [78.4003, 12.9753], [78.4006, 12.9753], [78.401, 12.9748], [78.4026, 12.9739], [78.4035, 12.9734], [78.407, 12.9716], [78.4094, 12.9707], [78.4115, 12.9694], [78.4125, 12.9709], [78.4137, 12.9711], [78.4151, 12.9711], [78.4162, 12.972], [78.4176, 12.9729], [78.4191, 12.9729], [78.4198, 12.973], [78.4222, 12.9711], [78.4216, 12.9697], [78.4227, 12.9688], [78.4236, 12.9696], [78.4251, 12.9675], [78.4254, 12.9667], [78.4261, 12.9672], [78.4266, 12.9675], [78.4269, 12.9681], [78.4275, 12.9703], [78.4275, 12.9707], [78.4259, 12.9701], [78.4247, 12.9696], [78.4241, 12.9709], [78.4264, 12.9727], [78.4299, 12.9718], [78.4299, 12.973], [78.4272, 12.9737], [78.4283, 12.9774], [78.4284, 12.9779], [78.4293, 12.9782], [78.4305, 12.9785], [78.4308, 12.9775], [78.4321, 12.9762], [78.4326, 12.9757], [78.4336, 12.9749], [78.4342, 12.9741], [78.4343, 12.9736], [78.4343, 12.9727], [78.4338, 12.9715], [78.4325, 12.9695], [78.4327, 12.9678], [78.4333, 12.9671], [78.4348, 12.9665], [78.4357, 12.965], [78.4364, 12.9644], [78.438, 12.964], [78.4379, 12.9639], [78.4367, 12.9623], [78.4346, 12.9608], [78.4315, 12.9597], [78.4297, 12.9591], [78.4292, 12.9575], [78.4291, 12.9575], [78.4244, 12.9577], [78.4193, 12.9587], [78.4191, 12.9581], [78.4187, 12.9582], [78.4173, 12.9583], [78.4154, 12.9584], [78.4145, 12.9585], [78.4142, 12.9585], [78.414, 12.9588], [78.4139, 12.9595], [78.4134, 12.9599], [78.413, 12.9599], [78.4125, 12.9597], [78.4125, 12.9588], [78.4126, 12.957], [78.411, 12.957], [78.4098, 12.9571], [78.4092, 12.9571], [78.4084, 12.9566], [78.4071, 12.9559], [78.4071, 12.9552], [78.4069, 12.9539], [78.4068, 12.9528], [78.4064, 12.9514], [78.4057, 12.9508], [78.4051, 12.9505], [78.4046, 12.9502], [78.4031, 12.9507], [78.4016, 12.9509], [78.4008, 12.9512], [78.4004, 12.9513], [78.4, 12.9513], [78.3997, 12.9511], [78.3991, 12.9508], [78.3984, 12.9504], [78.3972, 12.9497], [78.396, 12.9491], [78.3965, 12.9466], [78.3969, 12.9434], [78.3972, 12.9403], [78.3969, 12.9365], [78.3994, 12.9338], [78.3986, 12.9328], [78.3977, 12.9325], [78.3969, 12.9327], [78.3962, 12.9337], [78.3941, 12.9339], [78.3917, 12.934], [78.3889, 12.9342], [78.3894, 12.9351], [78.3913, 12.9376], [78.3919, 12.9386], [78.3901, 12.9402], [78.3877, 12.9384], [78.3844, 12.9361], [78.3823, 12.9351], [78.3812, 12.9358], [78.3788, 12.9372], [78.3793, 12.939], [78.3805, 12.9415], [78.381, 12.9431], [78.3809, 12.9457], [78.3811, 12.9472], [78.3811, 12.9481], [78.381, 12.9498], [78.3797, 12.9503], [78.3786, 12.9504], [78.3752, 12.9515], [78.3749, 12.9516], [78.3734, 12.9505], [78.3713, 12.9497], [78.3708, 12.9492], [78.3705, 12.9486], [78.3701, 12.9464], [78.37, 12.9449], [78.3695, 12.9431], [78.3689, 12.9433], [78.3683, 12.9435], [78.3679, 12.9438], [78.3675, 12.9442], [78.3663, 12.9452], [78.3654, 12.9453], [78.3653, 12.9472], [78.3641, 12.9478], [78.3622, 12.9491], [78.3615, 12.9501], [78.3608, 12.9523], [78.3604, 12.9538], [78.3598, 12.9552], [78.3595, 12.9548], [78.3587, 12.9566], [78.3571, 12.9566], [78.3556, 12.9554], [78.3542, 12.9549], [78.3547, 12.9564], [78.3548, 12.9574], [78.355, 12.9589], [78.355, 12.9606], [78.3551, 12.9606], [78.3561, 12.9607], [78.3579, 12.9608], [78.3592, 12.961], [78.3606, 12.9603], [78.3618, 12.959], [78.3628, 12.9574], [78.3644, 12.955], [78.366, 12.9543], [78.3683, 12.9537], [78.3724, 12.9527], [78.3755, 12.9521], [78.3764, 12.954], [78.3772, 12.9566], [78.3777, 12.9582], [78.3758, 12.959], [78.3743, 12.9598], [78.3722, 12.9612], [78.3699, 12.9621], [78.3675, 12.9629], [78.366, 12.9633], [78.3656, 12.9637], [78.3656, 12.9643], [78.3654, 12.9649], [78.365, 12.9652], [78.3647, 12.9656], [78.364, 12.9661], [78.363, 12.9668], [78.3629, 12.9676], [78.3624, 12.9684], [78.362, 12.9697], [78.3609, 12.9704], [78.3599, 12.9708], [78.3597, 12.971], [78.3595, 12.9712], [78.3595, 12.9717], [78.3594, 12.9722], [78.3589, 12.9721], [78.3579, 12.972], [78.3569, 12.9719], [78.3554, 12.9719], [78.3544, 12.9717], [78.3535, 12.972], [78.3526, 12.9729], [78.3522, 12.9737], [78.3514, 12.9753], [78.3511, 12.9756], [78.3509, 12.9757], [78.3506, 12.9758], [78.3502, 12.9759], [78.3498, 12.9759], [78.3495, 12.976], [78.3488, 12.9755], [78.3478, 12.9751], [78.3473, 12.975], [78.3467, 12.9761], [78.3457, 12.9779], [78.3451, 12.9789], [78.3443, 12.9804], [78.3435, 12.9819], [78.343, 12.9828], [78.3427, 12.9831], [78.3424, 12.9831], [78.3421, 12.9831], [78.3416, 12.9829], [78.341, 12.9827], [78.3403, 12.9824], [78.3398, 12.9824], [78.3396, 12.9824], [78.3394, 12.9826], [78.3393, 12.9832], [78.3396, 12.9841], [78.3401, 12.9857], [78.3414, 12.987], [78.3431, 12.988], [78.3454, 12.9895], [78.3474, 12.9907], [78.3493, 12.9913], [78.3508, 12.992], [78.352, 12.991], [78.3535, 12.9898], [78.3534, 12.9883], [78.3532, 12.9876], [78.3536, 12.9872]]]}, "properties": {"OBJECTID": 229972, "gpcode": "218807", "gpname": "KANGANDLAHALLI", "stname": "KARNATAKA", "dtname": "Kolar", "sdtname": "KOLAR GOLD FIELD", "stcode11": "29", "dtcode11": "581", "sdtcode11": "", "blklgdcode": "7363", "blkname": "K G F", "dt_lgd": 542, "sdt_lgd": 7002, "st_lgd": 29, "vilcode11": 0, "vilname11": "", "pan_local": "ಕ ಜಿ ಎಫ್", "b_pan_code": 293922, "b_pan_name": "K G F", "d_pan_code": 497, "d_pan_name": "KOLAR", "gp_code": "218807", "gp_name": "KANGANDLAHALLI", "st_2011": "29", "dt_2011": "581", "sdt_2011": "", "subdtname": "KOLAR GOLD FIELD", "block_name": "K G F", "blk_lgdcod": "7363", "dtcode14": "581", "SHAPE_Length": 53256.34295894465, "SHAPE_Area": 21047803.686502203}}, {"type": "Feature", "geometry": {"type": "Polygon", "coordinates": [[[78.1953, 13.0254], [78.1952, 13.0236], [78.1951, 13.0211], [78.193, 13.0192], [78.197, 13.0181], [78.1988, 13.0173], [78.2005, 13.0174], [78.2013, 13.0173], [78.2035, 13.0146], [78.2063, 13.0148], [78.2089, 13.0149], [78.2113, 13.0155], [78.2147, 13.0163], [78.216, 13.0167], [78.2194, 13.0159], [78.2205, 13.0163], [78.2218, 13.0165], [78.2218, 13.016], [78.2221, 13.0148], [78.2222, 13.0134], [78.223, 13.0113], [78.2229, 13.0099], [78.2225, 13.0065], [78.2197, 13.0043], [78.2164, 13.0038], [78.2101, 13.0053], [78.2095, 13.0071], [78.2083, 13.0072], [78.2084, 13.009], [78.2056, 13.0091], [78.2009, 13.0096], [78.2002, 13.0077], [78.2007, 13.0066], [78.2003, 13.0047], [78.1999, 13.0018], [78.2003, 13.0013], [78.2011, 13.0009], [78.2009, 13.0003], [78.2008, 12.9991], [78.2006, 12.9982], [78.2004, 12.9973], [78.2002, 12.9966], [78.1999, 12.9963], [78.1995, 12.9959], [78.1991, 12.9956], [78.1985, 12.9952], [78.1972, 12.9946], [78.1965, 12.994], [78.1953, 12.9929], [78.1946, 12.9923], [78.1941, 12.9916], [78.1938, 12.9911], [78.1933, 12.9908], [78.1927, 12.9908], [78.1919, 12.9908], [78.1914, 12.9907], [78.1907, 12.9906], [78.1898, 12.9906], [78.1887, 12.9903], [78.1876, 12.9904], [78.1878, 12.9912], [78.1878, 12.9915], [78.1877, 12.9922], [78.1875, 12.9929], [78.1872, 12.9933], [78.1864, 12.9938], [78.1859, 12.9942], [78.1851, 12.9947], [78.1846, 12.9952], [78.1837, 12.9958], [78.1826, 12.9963], [78.1809, 12.997], [78.1795, 12.9979], [78.1784, 12.9985], [78.1775, 12.9993], [78.1761, 13.0], [78.1745, 13.0002], [78.174, 13.0004], [78.1727, 13.0007], [78.1685, 13.0003], [78.1694, 13.0012], [78.1689, 13.0017], [78.1681, 13.0027], [78.1677, 13.0032], [78.1677, 13.0042], [78.1679, 13.0051], [78.1687, 13.0058], [78.1713, 13.0082], [78.1722, 13.0088], [78.1729, 13.0094], [78.1736, 13.0102], [78.1723, 13.0099], [78.1673, 13.0119], [78.1652, 13.0144], [78.1675, 13.0145], [78.171, 13.015], [78.1713, 13.0174], [78.1729, 13.0181], [78.1745, 13.0183], [78.1761, 13.0187], [78.1771, 13.0188], [78.1794, 13.0186], [78.1765, 13.0218], [78.1767, 13.0223], [78.1775, 13.0223], [78.1775, 13.0227], [78.177, 13.0227], [78.177, 13.0234], [78.1766, 13.0235], [78.1763, 13.0228], [78.1756, 13.0232], [78.1761, 13.0236], [78.1758, 13.0239], [78.176, 13.0242], [78.1767, 13.0242], [78.1772, 13.0244], [78.1773, 13.0247], [78.1761, 13.0246], [78.1762, 13.0249], [78.1765, 13.0254], [78.1766, 13.0269], [78.1775, 13.0295], [78.1778, 13.0312], [78.1774, 13.0321], [78.1758, 13.0349], [78.1777, 13.0359], [78.18, 13.0375], [78.1812, 13.0388], [78.183, 13.0406], [78.183, 13.0426], [78.1829, 13.0443], [78.1859, 13.0408], [78.1885, 13.0398], [78.1909, 13.0389], [78.1944, 13.0377], [78.1955, 13.0363], [78.1952, 13.0338], [78.1953, 13.0317], [78.196, 13.0294], [78.1954, 13.0266], [78.1953, 13.0254]]]}, "properties": {"OBJECTID": 229973, "gpcode": "218808", "gpname": "KARAHALLI", "stname": "KARNATAKA", "dtname": "Kolar", "sdtname": "Bangarapet", "stcode11": "29", "dtcode11": "581", "sdtcode11": "05593", "blklgdcode": "5865", "blkname": "BANGARAPET", "dt_lgd": 542, "sdt_lgd": 5593, "st_lgd": 29, "vilcode11": 0, "vilname11": "", "pan_local": "BANGARAPET", "b_pan_code": 6196, "b_pan_name": "BANGARAPET", "d_pan_code": 497, "d_pan_name": "KOLAR", "gp_code": "218808", "gp_name": "KARAHALLI", "st_2011": "29", "dt_2011": "581", "sdt_2011": "05593", "subdtname": "Bangarapet", "block_name": "BANGARAPET", "blk_lgdcod": "5865", "dtcode14": "581", "SHAPE_Length": 25954.6358803233, "SHAPE_Area": 16315242.561885156}}, {"type": "Feature", "geometry": {"type": "Polygon", "coordinates": [[[78.1375, 12.8968], [78.1387, 12.8966], [78.1404, 12.8967], [78.1405, 12.8967], [78.1415, 12.8964], [78.1418, 12.8961], [78.1417, 12.8954], [78.142, 12.893], [78.1424, 12.8922], [78.1417, 12.8925], [78.1396, 12.8928], [78.1379, 12.8931], [78.1365, 12.8935], [78.1348, 12.8941], [78.1336, 12.8948], [78.1323, 12.8947], [78.1306, 12.8951], [78.1293, 12.8956], [78.1287, 12.8954], [78.1283, 12.8951], [78.1275, 12.8955], [78.1279, 12.8957], [78.1288, 12.896], [78.1289, 12.8963], [78.129, 12.897], [78.1294, 12.8974], [78.1297, 12.898], [78.1301, 12.8985], [78.1305, 12.8986], [78.1314, 12.8986], [78.1324, 12.8988], [78.133, 12.8988], [78.1336, 12.8989], [78.1342, 12.8986], [78.1346, 12.8983], [78.1353, 12.8979], [78.1355, 12.8975], [78.1375, 12.8968]]]}, "properties": {"OBJECTID": 229974, "gpcode": "218809", "gpname": "KETAGANAHALLI", "stname": "KARNATAKA", "dtname": "Kolar", "sdtname": "Bangarapet", "stcode11": "29", "dtcode11": "581", "sdtcode11": "05593", "blklgdcode": "5865", "blkname": "BANGARAPET", "dt_lgd": 542, "sdt_lgd": 5593, "st_lgd": 29, "vilcode11": 0, "vilname11": "", "pan_local": "BANGARAPET", "b_pan_code": 6196, "b_pan_name": "BANGARAPET", "d_pan_code": 497, "d_pan_name": "KOLAR", "gp_code": "218809", "gp_name": "KETAGANAHALLI", "st_2011": "29", "dt_2011": "581", "sdt_2011": "05593", "subdtname": "Bangarapet", "block_name": "BANGARAPET", "blk_lgdcod": "5865", "dtcode14": "581", "SHAPE_Length": 4096.503284187804, "SHAPE_Area": 612603.9543967347}}, {"type": "Feature", "geometry": {"type": "Polygon", "coordinates": [[[78.2369, 12.9334], [78.2396, 12.9312], [78.2421, 12.9281], [78.2401, 12.9241], [78.2384, 12.921], [78.2439, 12.9183], [78.2549, 12.9205], [78.2553, 12.9201], [78.2558, 12.9201], [78.2566, 12.9201], [78.2566, 12.9198], [78.2563, 12.9192], [78.2566, 12.9183], [78.2568, 12.9176], [78.2575, 12.917], [78.2583, 12.9167], [78.2584, 12.9157], [78.2581, 12.9121], [78.258, 12.9097], [78.2579, 12.9081], [78.2578, 12.9066], [78.2577, 12.9051], [78.2583, 12.9032], [78.2585, 12.9022], [78.259, 12.9004], [78.2595, 12.8989], [78.2602, 12.8981], [78.2606, 12.8969], [78.2599, 12.8953], [78.2589, 12.8923], [78.2583, 12.8893], [78.2577, 12.8869], [78.2565, 12.8844], [78.2558, 12.8835], [78.2546, 12.8813], [78.2518, 12.8817], [78.2508, 12.8822], [78.249, 12.8824], [78.2452, 12.8831], [78.2396, 12.8838], [78.2363, 12.8845], [78.2344, 12.8845], [78.2319, 12.8849], [78.2292, 12.8843], [78.2281, 12.8844], [78.2286, 12.8862], [78.2278, 12.8864], [78.2262, 12.8863], [78.225, 12.8868], [78.2227, 12.8876], [78.2217, 12.8879], [78.2203, 12.8881], [78.2188, 12.8886], [78.2179, 12.8877], [78.2168, 12.8867], [78.2161, 12.8859], [78.215, 12.8856], [78.2139, 12.8855], [78.2123, 12.8858], [78.211, 12.886], [78.2092, 12.886], [78.2072, 12.8854], [78.2062, 12.8854], [78.2038, 12.8856], [78.2011, 12.8862], [78.1998, 12.8871], [78.1992, 12.8878], [78.1985, 12.8885], [78.1981, 12.8896], [78.1983, 12.8907], [78.1986, 12.893], [78.1991, 12.8934], [78.1998, 12.8949], [78.2016, 12.8947], [78.2041, 12.8946], [78.206, 12.8943], [78.2063, 12.8931], [78.2084, 12.8935], [78.2086, 12.8956], [78.2098, 12.8973], [78.2109, 12.8973], [78.2117, 12.8978], [78.2116, 12.8988], [78.2121, 12.9], [78.2123, 12.9013], [78.213, 12.9028], [78.2141, 12.9037], [78.2137, 12.9047], [78.2117, 12.9046], [78.2102, 12.9046], [78.2104, 12.9056], [78.2116, 12.906], [78.2119, 12.9072], [78.2139, 12.9066], [78.215, 12.9055], [78.2163, 12.9052], [78.2173, 12.905], [78.2185, 12.9069], [78.2184, 12.908], [78.2202, 12.9095], [78.2197, 12.9116], [78.219, 12.9129], [78.2184, 12.9124], [78.2186, 12.9137], [78.2179, 12.9138], [78.2176, 12.9125], [78.2167, 12.913], [78.2165, 12.9117], [78.2162, 12.9108], [78.2154, 12.9104], [78.2155, 12.9118], [78.2152, 12.9123], [78.2139, 12.9104], [78.213, 12.9104], [78.2116, 12.9098], [78.2113, 12.909], [78.2105, 12.9084], [78.2094, 12.9087], [78.2091, 12.9099], [78.2087, 12.911], [78.2063, 12.9107], [78.2052, 12.9126], [78.2053, 12.9118], [78.2042, 12.9111], [78.2029, 12.9095], [78.2014, 12.9079], [78.1997, 12.9062], [78.1987, 12.9049], [78.1982, 12.9042], [78.1976, 12.9034], [78.1965, 12.9034], [78.1955, 12.9035], [78.1938, 12.9047], [78.1926, 12.9057], [78.189, 12.9065], [78.1864, 12.907], [78.1841, 12.9074], [78.1837, 12.9081], [78.1838, 12.9091], [78.1854, 12.9093], [78.187, 12.9093], [78.1871, 12.9107], [78.1865, 12.9119], [78.1871, 12.9147], [78.1875, 12.9151], [78.1891, 12.9161], [78.1917, 12.9172], [78.1944, 12.9181], [78.1965, 12.9189], [78.1993, 12.9196], [78.2013, 12.9199], [78.2024, 12.9201], [78.2017, 12.9225], [78.2015, 12.9232], [78.2016, 12.9248], [78.2023, 12.9265], [78.2028, 12.9281], [78.2031, 12.9293], [78.2031, 12.9312], [78.2035, 12.9316], [78.2055, 12.9322], [78.2083, 12.9328], [78.2103, 12.933], [78.2137, 12.9345], [78.2159, 12.935], [78.216, 12.935], [78.2165, 12.9364], [78.2179, 12.9373], [78.2184, 12.9371], [78.2213, 12.9355], [78.2233, 12.9345], [78.224, 12.9337], [78.2275, 12.9329], [78.2312, 12.9327], [78.2319, 12.9341], [78.2324, 12.9354], [78.2317, 12.9365], [78.2303, 12.938], [78.2297, 12.939], [78.2313, 12.9394], [78.2333, 12.9399], [78.2349, 12.9403], [78.236, 12.9385], [78.2369, 12.9334]]]}, "properties": {"OBJECTID": 229975, "gpcode": "218809", "gpname": "KETAGANAHALLI", "stname": "KARNATAKA", "dtname": "Kolar", "sdtname": "Bangarapet", "stcode11": "29", "dtcode11": "581", "sdtcode11": "05593", "blklgdcode": "5865", "blkname": "BANGARAPET", "dt_lgd": 542, "sdt_lgd": 5593, "st_lgd": 29, "vilcode11": 0, "vilname11": "", "pan_local": "BANGARAPET", "b_pan_code": 6196, "b_pan_name": "BANGARAPET", "d_pan_code": 497, "d_pan_name": "KOLAR", "gp_code": "218809", "gp_name": "KETAGANAHALLI", "st_2011": "29", "dt_2011": "581", "sdt_2011": "05593", "subdtname": "Bangarapet", "block_name": "BANGARAPET", "blk_lgdcod": "5865", "dtcode14": "581", "SHAPE_Length": 37412.959347661126, "SHAPE_Area": 32407192.34040822}}, {"type": "Feature", "geometry": {"type": "Polygon", "coordinates": [[[78.3396, 12.9824], [78.3398, 12.9824], [78.3403, 12.9824], [78.341, 12.9827], [78.3416, 12.9829], [78.3421, 12.9831], [78.3424, 12.9831], [78.3427, 12.9831], [78.343, 12.9828], [78.3435, 12.9819], [78.3443, 12.9804], [78.3451, 12.9789], [78.3457, 12.9779], [78.3467, 12.9761], [78.3473, 12.975], [78.3478, 12.9751], [78.3488, 12.9755], [78.3495, 12.976], [78.3498, 12.9759], [78.3502, 12.9759], [78.3506, 12.9758], [78.3509, 12.9757], [78.3511, 12.9756], [78.3514, 12.9753], [78.3522, 12.9737], [78.3526, 12.9729], [78.3535, 12.972], [78.3544, 12.9717], [78.3554, 12.9719], [78.3569, 12.9719], [78.3579, 12.972], [78.3589, 12.9721], [78.3594, 12.9722], [78.3595, 12.9717], [78.3595, 12.9712], [78.3597, 12.971], [78.3599, 12.9708], [78.3609, 12.9704], [78.362, 12.9697], [78.3624, 12.9684], [78.3629, 12.9676], [78.363, 12.9668], [78.3619, 12.9657], [78.3601, 12.9626], [78.3599, 12.9623], [78.3597, 12.9621], [78.3595, 12.9619], [78.3592, 12.961], [78.3579, 12.9608], [78.3561, 12.9607], [78.3551, 12.9606], [78.355, 12.9606], [78.355, 12.9589], [78.3548, 12.9574], [78.3547, 12.9564], [78.3542, 12.9549], [78.3556, 12.9554], [78.3571, 12.9566], [78.3587, 12.9566], [78.3595, 12.9548], [78.3598, 12.9552], [78.3604, 12.9538], [78.3608, 12.9523], [78.3615, 12.9501], [78.3622, 12.9491], [78.3641, 12.9478], [78.3653, 12.9472], [78.3654, 12.9453], [78.3643, 12.9455], [78.3628, 12.9454], [78.361, 12.9456], [78.3595, 12.9458], [78.3584, 12.9459], [78.3576, 12.9461], [78.3559, 12.9464], [78.3553, 12.9466], [78.3552, 12.9472], [78.3553, 12.9488], [78.3547, 12.9487], [78.3539, 12.9487], [78.3528, 12.9486], [78.3523, 12.9474], [78.3524, 12.9468], [78.3524, 12.9462], [78.3525, 12.9448], [78.3524, 12.9441], [78.3511, 12.9444], [78.3504, 12.9424], [78.3515, 12.9418], [78.351, 12.9401], [78.3499, 12.9402], [78.3491, 12.9402], [78.3491, 12.9389], [78.3506, 12.9378], [78.3514, 12.9373], [78.3497, 12.9357], [78.3509, 12.9349], [78.3512, 12.934], [78.3516, 12.9333], [78.3521, 12.933], [78.3528, 12.9325], [78.3536, 12.931], [78.3538, 12.9302], [78.3536, 12.9298], [78.3529, 12.9295], [78.3517, 12.9293], [78.3512, 12.9292], [78.3511, 12.9288], [78.351, 12.9288], [78.349, 12.929], [78.3493, 12.9265], [78.3491, 12.9255], [78.3491, 12.9254], [78.3489, 12.9236], [78.3488, 12.9236], [78.3479, 12.9236], [78.3481, 12.9221], [78.3478, 12.9196], [78.3471, 12.9189], [78.347, 12.9173], [78.3471, 12.9162], [78.3467, 12.9153], [78.3466, 12.914], [78.342, 12.9119], [78.3407, 12.9126], [78.34, 12.9133], [78.3396, 12.914], [78.3394, 12.9153], [78.3391, 12.9163], [78.3387, 12.9167], [78.3376, 12.9169], [78.3351, 12.9181], [78.3351, 12.9201], [78.3353, 12.9229], [78.3354, 12.9251], [78.3345, 12.9253], [78.3338, 12.928], [78.3331, 12.9309], [78.3326, 12.9308], [78.3319, 12.9308], [78.3316, 12.931], [78.3313, 12.9315], [78.3309, 12.9319], [78.3301, 12.9331], [78.3294, 12.9342], [78.3285, 12.9357], [78.3269, 12.9372], [78.3243, 12.9383], [78.3227, 12.9392], [78.3216, 12.9395], [78.3215, 12.9407], [78.3219, 12.9426], [78.3218, 12.9451], [78.3224, 12.9452], [78.323, 12.9454], [78.3235, 12.9455], [78.3241, 12.9448], [78.3246, 12.9451], [78.3252, 12.9465], [78.3256, 12.9469], [78.327, 12.9473], [78.3281, 12.9486], [78.3284, 12.9488], [78.329, 12.9488], [78.33, 12.9484], [78.3312, 12.948], [78.3328, 12.9474], [78.3335, 12.9473], [78.3339, 12.949], [78.3343, 12.9516], [78.3322, 12.9541], [78.3299, 12.9568], [78.3286, 12.9582], [78.3272, 12.9583], [78.3248, 12.9583], [78.3243, 12.9585], [78.3238, 12.9592], [78.3228, 12.9605], [78.3208, 12.9629], [78.3198, 12.964], [78.3204, 12.9655], [78.321, 12.9661], [78.3218, 12.9661], [78.3226, 12.9658], [78.3233, 12.9653], [78.3236, 12.9654], [78.324, 12.9662], [78.3249, 12.9676], [78.3252, 12.968], [78.3267, 12.9683], [78.3278, 12.9683], [78.3273, 12.9707], [78.3271, 12.9729], [78.3269, 12.9742], [78.3269, 12.9753], [78.3268, 12.9758], [78.3276, 12.9766], [78.3284, 12.9779], [78.3286, 12.9787], [78.3287, 12.9803], [78.3289, 12.981], [78.3295, 12.9815], [78.3309, 12.9824], [78.3327, 12.9835], [78.3348, 12.9853], [78.3363, 12.9859], [78.336, 12.987], [78.3358, 12.9894], [78.3359, 12.9909], [78.3366, 12.9937], [78.3368, 12.9942], [78.3372, 12.9955], [78.3387, 12.9951], [78.3415, 12.9948], [78.3427, 12.9943], [78.3445, 12.9938], [78.3452, 12.9934], [78.3461, 12.9927], [78.3468, 12.9919], [78.3474, 12.9907], [78.3454, 12.9895], [78.3431, 12.988], [78.3414, 12.987], [78.3401, 12.9857], [78.3396, 12.9841], [78.3393, 12.9832], [78.3394, 12.9826], [78.3396, 12.9824]]]}, "properties": {"OBJECTID": 229976, "gpcode": "218810", "gpname": "KYSAMBALLI", "stname": "KARNATAKA", "dtname": "Kolar", "sdtname": "KOLAR GOLD FIELD", "stcode11": "29", "dtcode11": "581", "sdtcode11": "", "blklgdcode": "7363", "blkname": "K G F", "dt_lgd": 542, "sdt_lgd": 7002, "st_lgd": 29, "vilcode11": 0, "vilname11": "", "pan_local": "ಕ ಜಿ ಎಫ್", "b_pan_code": 293922, "b_pan_name": "K G F", "d_pan_code": 497, "d_pan_name": "KOLAR", "gp_code": "218810", "gp_name": "KYSAMBALLI", "st_2011": "29", "dt_2011": "581", "sdt_2011": "", "subdtname": "KOLAR GOLD FIELD", "block_name": "K G F", "blk_lgdcod": "7363", "dtcode14": "581", "SHAPE_Length": 32747.075572449292, "SHAPE_Area": 22480569.105624247}}, {"type": "Feature", "geometry": {"type": "Polygon", "coordinates": [[[78.167, 12.9738], [78.1669, 12.9722], [78.1674, 12.9712], [78.1681, 12.9701], [78.1684, 12.9699], [78.1698, 12.9701], [78.1709, 12.9702], [78.1708, 12.9697], [78.1695, 12.9694], [78.1678, 12.9691], [78.1668, 12.9687], [78.1667, 12.9679], [78.1665, 12.9667], [78.1666, 12.9656], [78.1671, 12.9653], [78.1682, 12.9642], [78.1693, 12.9636], [78.1703, 12.9626], [78.1712, 12.9614], [78.1719, 12.9609], [78.1725, 12.9603], [78.1731, 12.9598], [78.1743, 12.9594], [78.1753, 12.9585], [78.176, 12.9574], [78.1765, 12.9567], [78.1773, 12.9566], [78.1777, 12.9565], [78.179, 12.9565], [78.181, 12.9569], [78.1816, 12.9573], [78.1823, 12.9581], [78.1828, 12.9589], [78.1837, 12.9599], [78.1842, 12.9605], [78.1846, 12.9608], [78.1849, 12.9609], [78.1852, 12.9609], [78.1862, 12.9608], [78.1867, 12.9606], [78.1875, 12.9605], [78.1881, 12.9605], [78.1894, 12.9598], [78.1896, 12.9597], [78.1901, 12.9593], [78.1905, 12.9577], [78.1908, 12.9566], [78.191, 12.9557], [78.1904, 12.9536], [78.189, 12.9511], [78.1881, 12.9489], [78.1887, 12.9486], [78.1898, 12.9483], [78.1906, 12.9482], [78.1922, 12.9478], [78.1931, 12.948], [78.1942, 12.948], [78.1949, 12.9483], [78.1952, 12.9488], [78.1953, 12.9493], [78.1961, 12.9491], [78.1973, 12.9483], [78.1985, 12.9476], [78.2001, 12.9464], [78.2027, 12.944], [78.2036, 12.9435], [78.2044, 12.9444], [78.2065, 12.9432], [78.2093, 12.9419], [78.2105, 12.9412], [78.2116, 12.9397], [78.2156, 12.9392], [78.2174, 12.9394], [78.2178, 12.9382], [78.2184, 12.9371], [78.2179, 12.9373], [78.2165, 12.9364], [78.216, 12.935], [78.2159, 12.935], [78.2137, 12.9345], [78.2103, 12.933], [78.2083, 12.9328], [78.2055, 12.9322], [78.2035, 12.9316], [78.2031, 12.9312], [78.2031, 12.9293], [78.2028, 12.9281], [78.2023, 12.9265], [78.2016, 12.9248], [78.2015, 12.9232], [78.2017, 12.9225], [78.2024, 12.9201], [78.2013, 12.9199], [78.1993, 12.9196], [78.1965, 12.9189], [78.1944, 12.9181], [78.1917, 12.9172], [78.1891, 12.9161], [78.1875, 12.9151], [78.1873, 12.9155], [78.1877, 12.9184], [78.1877, 12.92], [78.1855, 12.9218], [78.185, 12.9229], [78.1829, 12.9231], [78.1814, 12.9227], [78.1812, 12.9231], [78.1794, 12.9226], [78.1792, 12.9225], [78.1774, 12.9215], [78.1753, 12.9211], [78.176, 12.9222], [78.1757, 12.9236], [78.1749, 12.925], [78.1742, 12.9266], [78.1725, 12.9254], [78.1695, 12.9253], [78.166, 12.926], [78.1648, 12.9258], [78.164, 12.9257], [78.1637, 12.9271], [78.1637, 12.9297], [78.1634, 12.9324], [78.1642, 12.9331], [78.1644, 12.9337], [78.1648, 12.9344], [78.1649, 12.9349], [78.1649, 12.9358], [78.1649, 12.9369], [78.1649, 12.9377], [78.1649, 12.9386], [78.1649, 12.9405], [78.1649, 12.9411], [78.1649, 12.9419], [78.165, 12.9427], [78.1651, 12.9437], [78.1652, 12.9445], [78.1656, 12.945], [78.1663, 12.9455], [78.1661, 12.9459], [78.1651, 12.9473], [78.1647, 12.9476], [78.1641, 12.9481], [78.1639, 12.9487], [78.1637, 12.9481], [78.1633, 12.9475], [78.1627, 12.9468], [78.162, 12.947], [78.1604, 12.9473], [78.1586, 12.9478], [78.1574, 12.9481], [78.1566, 12.9484], [78.1558, 12.9488], [78.1547, 12.9492], [78.1534, 12.9494], [78.1521, 12.9498], [78.1508, 12.9502], [78.1512, 12.9511], [78.1514, 12.9515], [78.1515, 12.952], [78.1513, 12.9527], [78.1511, 12.9534], [78.1509, 12.9544], [78.1503, 12.9554], [78.15, 12.9561], [78.1502, 12.9566], [78.151, 12.9574], [78.1514, 12.9581], [78.1517, 12.959], [78.1516, 12.96], [78.1521, 12.9612], [78.1527, 12.9617], [78.1539, 12.9624], [78.1549, 12.9631], [78.1557, 12.9637], [78.156, 12.9641], [78.1565, 12.9652], [78.157, 12.9663], [78.1571, 12.9672], [78.1573, 12.9676], [78.1573, 12.9682], [78.1574, 12.9691], [78.1573, 12.9699], [78.1574, 12.9707], [78.1575, 12.9713], [78.1576, 12.9716], [78.1577, 12.9718], [78.1586, 12.9713], [78.1599, 12.971], [78.161, 12.9709], [78.1618, 12.9705], [78.1623, 12.9705], [78.1626, 12.9706], [78.1628, 12.9712], [78.1632, 12.9719], [78.1633, 12.9721], [78.1636, 12.9724], [78.1641, 12.9725], [78.1646, 12.9725], [78.1653, 12.9724], [78.1657, 12.9723], [78.1657, 12.9733], [78.1656, 12.9743], [78.1658, 12.9747], [78.1659, 12.9749], [78.1663, 12.9752], [78.1668, 12.9754], [78.167, 12.9738]]]}, "properties": {"OBJECTID": 229977, "gpcode": "218811", "gpname": "MAGONDI", "stname": "KARNATAKA", "dtname": "Kolar", "sdtname": "Bangarapet", "stcode11": "29", "dtcode11": "581", "sdtcode11": "05593", "blklgdcode": "5865", "blkname": "BANGARAPET", "dt_lgd": 542, "sdt_lgd": 5593, "st_lgd": 29, "vilcode11": 0, "vilname11": "", "pan_local": "BANGARAPET", "b_pan_code": 6196, "b_pan_name": "BANGARAPET", "d_pan_code": 497, "d_pan_name": "KOLAR", "gp_code": "218811", "gp_name": "MAGONDI", "st_2011": "29", "dt_2011": "581", "sdt_2011": "05593", "subdtname": "Bangarapet", "block_name": "BANGARAPET", "blk_lgdcod": "5865", "dtcode14": "581", "SHAPE_Length": 28438.233239487898, "SHAPE_Area": 21696261.650863286}}, {"type": "Feature", "geometry": {"type": "Polygon", "coordinates": [[[78.1384, 12.8854], [78.1399, 12.8837], [78.1397, 12.8836], [78.1403, 12.883], [78.1408, 12.8826], [78.1413, 12.882], [78.1413, 12.8815], [78.1409, 12.8813], [78.1402, 12.8815], [78.1396, 12.8817], [78.1389, 12.8816], [78.1382, 12.8811], [78.1372, 12.8808], [78.1366, 12.8796], [78.1359, 12.8786], [78.136, 12.8779], [78.1363, 12.8773], [78.1363, 12.877], [78.1361, 12.8769], [78.135, 12.8772], [78.134, 12.8775], [78.1337, 12.8775], [78.1319, 12.878], [78.131, 12.8784], [78.1304, 12.8793], [78.1296, 12.8805], [78.1284, 12.8802], [78.1282, 12.8804], [78.129, 12.8812], [78.1294, 12.8815], [78.131, 12.8829], [78.1318, 12.8837], [78.1333, 12.885], [78.1345, 12.8847], [78.1363, 12.8849], [78.1375, 12.885], [78.1384, 12.8854]]]}, "properties": {"OBJECTID": 229978, "gpcode": "218812", "gpname": "MARIKUPPAM", "stname": "KARNATAKA", "dtname": "Kolar", "sdtname": "Bangarapet", "stcode11": "29", "dtcode11": "581", "sdtcode11": "05593", "blklgdcode": "5865", "blkname": "BANGARAPET", "dt_lgd": 542, "sdt_lgd": 5593, "st_lgd": 29, "vilcode11": 0, "vilname11": "", "pan_local": "BANGARAPET", "b_pan_code": 6196, "b_pan_name": "BANGARAPET", "d_pan_code": 497, "d_pan_name": "KOLAR", "gp_code": "218812", "gp_name": "MARIKUPPAM", "st_2011": "29", "dt_2011": "581", "sdt_2011": "05593", "subdtname": "Bangarapet", "block_name": "BANGARAPET", "blk_lgdcod": "5865", "dtcode14": "581", "SHAPE_Length": 3993.0766999029033, "SHAPE_Area": 719969.5800532345}}, {"type": "Feature", "geometry": {"type": "Polygon", "coordinates": [[[78.2931, 12.9409], [78.2931, 12.9389], [78.2948, 12.9392], [78.2961, 12.9396], [78.2967, 12.9393], [78.2978, 12.9381], [78.2984, 12.9375], [78.2992, 12.9367], [78.2995, 12.9362], [78.3008, 12.9355], [78.3009, 12.935], [78.3015, 12.9353], [78.303, 12.9358], [78.3051, 12.9369], [78.3068, 12.9378], [78.3078, 12.938], [78.3087, 12.9369], [78.3101, 12.9352], [78.3116, 12.9341], [78.3137, 12.9321], [78.3145, 12.9317], [78.3144, 12.9298], [78.3144, 12.9277], [78.3171, 12.9266], [78.3206, 12.9254], [78.3224, 12.926], [78.3251, 12.9254], [78.3253, 12.9253], [78.3257, 12.9257], [78.3263, 12.9267], [78.3302, 12.9258], [78.3331, 12.9253], [78.3345, 12.9253], [78.3354, 12.9251], [78.3353, 12.9229], [78.3351, 12.9201], [78.3351, 12.9181], [78.3376, 12.9169], [78.3387, 12.9167], [78.3391, 12.9163], [78.3394, 12.9153], [78.3396, 12.914], [78.34, 12.9133], [78.3407, 12.9126], [78.342, 12.9119], [78.344, 12.9085], [78.3441, 12.9085], [78.3436, 12.9079], [78.3429, 12.9077], [78.3398, 12.9043], [78.3397, 12.9032], [78.3336, 12.9027], [78.332, 12.9026], [78.3311, 12.9019], [78.331, 12.9019], [78.3295, 12.9021], [78.3263, 12.9045], [78.3253, 12.9047], [78.323, 12.9045], [78.3199, 12.9043], [78.3176, 12.9044], [78.3158, 12.9046], [78.3152, 12.9038], [78.3147, 12.9032], [78.3141, 12.9032], [78.3137, 12.9035], [78.3128, 12.9035], [78.3122, 12.9034], [78.3112, 12.9029], [78.3106, 12.9021], [78.3102, 12.9016], [78.3095, 12.9018], [78.3086, 12.9021], [78.3074, 12.9024], [78.3055, 12.9027], [78.3042, 12.903], [78.3026, 12.9033], [78.3021, 12.9035], [78.3017, 12.9038], [78.3001, 12.9029], [78.2999, 12.9025], [78.2991, 12.9008], [78.2974, 12.9004], [78.2955, 12.9005], [78.2938, 12.9006], [78.2914, 12.8999], [78.2901, 12.8993], [78.2888, 12.8999], [78.2857, 12.9018], [78.2839, 12.903], [78.2829, 12.9043], [78.282, 12.9064], [78.282, 12.9074], [78.2823, 12.9082], [78.281, 12.9096], [78.2784, 12.9117], [78.2785, 12.9122], [78.2779, 12.9166], [78.2772, 12.9187], [78.2791, 12.9192], [78.2803, 12.9194], [78.2811, 12.9197], [78.2814, 12.9209], [78.2806, 12.9213], [78.28, 12.9213], [78.28, 12.9243], [78.2804, 12.9253], [78.2815, 12.9252], [78.2813, 12.9264], [78.2807, 12.9268], [78.2813, 12.928], [78.2818, 12.929], [78.2844, 12.9304], [78.2862, 12.9291], [78.2864, 12.9274], [78.2877, 12.9277], [78.2888, 12.9271], [78.291, 12.9263], [78.2919, 12.9266], [78.2924, 12.9271], [78.2925, 12.9279], [78.2919, 12.9285], [78.2913, 12.9296], [78.2896, 12.93], [78.2902, 12.932], [78.2904, 12.9326], [78.2899, 12.9328], [78.2898, 12.9328], [78.2892, 12.9329], [78.2884, 12.9332], [78.288, 12.9337], [78.2877, 12.9343], [78.2873, 12.935], [78.2872, 12.9356], [78.2873, 12.9365], [78.2871, 12.9377], [78.2873, 12.939], [78.2878, 12.9394], [78.2888, 12.9406], [78.2891, 12.9416], [78.2898, 12.9432], [78.2903, 12.9444], [78.2916, 12.9437], [78.2928, 12.9434], [78.2929, 12.9426], [78.2931, 12.9409]]]}, "properties": {"OBJECTID": 229979, "gpcode": "218812", "gpname": "MARIKUPPAM", "stname": "KARNATAKA", "dtname": "Kolar", "sdtname": "KOLAR GOLD FIELD", "stcode11": "29", "dtcode11": "581", "sdtcode11": "", "blklgdcode": "7363", "blkname": "K G F", "dt_lgd": 542, "sdt_lgd": 7002, "st_lgd": 29, "vilcode11": 0, "vilname11": "", "pan_local": "ಕ ಜಿ ಎಫ್", "b_pan_code": 293922, "b_pan_name": "K G F", "d_pan_code": 497, "d_pan_name": "KOLAR", "gp_code": "218812", "gp_name": "MARIKUPPAM", "st_2011": "29", "dt_2011": "581", "sdt_2011": "", "subdtname": "KOLAR GOLD FIELD", "block_name": "K G F", "blk_lgdcod": "7363", "dtcode14": "581", "SHAPE_Length": 24790.377690555863, "SHAPE_Area": 21498850.018982906}}, {"type": "Feature", "geometry": {"type": "Polygon", "coordinates": [[[78.3074, 12.9401], [78.3075, 12.9389], [78.3078, 12.938], [78.3068, 12.9378], [78.3051, 12.9369], [78.303, 12.9358], [78.3015, 12.9353], [78.3009, 12.935], [78.3008, 12.9355], [78.2995, 12.9362], [78.2992, 12.9367], [78.2984, 12.9375], [78.2978, 12.9381], [78.2967, 12.9393], [78.2961, 12.9396], [78.2948, 12.9392], [78.2931, 12.9389], [78.2931, 12.9409], [78.2929, 12.9426], [78.2928, 12.9434], [78.2935, 12.9438], [78.295, 12.9445], [78.2959, 12.9451], [78.2969, 12.9456], [78.2977, 12.9459], [78.2989, 12.9467], [78.2996, 12.9479], [78.3003, 12.9491], [78.304, 12.9482], [78.3091, 12.9472], [78.3091, 12.9448], [78.3087, 12.9431], [78.3081, 12.9419], [78.3076, 12.9412], [78.3073, 12.941], [78.3072, 12.9407], [78.3074, 12.9401]]]}, "properties": {"OBJECTID": 229980, "gpcode": "218813", "gpname": "MAVA HALLI", "stname": "KARNATAKA", "dtname": "Kolar", "sdtname": "KOLAR GOLD FIELD", "stcode11": "29", "dtcode11": "581", "sdtcode11": "", "blklgdcode": "7363", "blkname": "K G F", "dt_lgd": 542, "sdt_lgd": 7002, "st_lgd": 29, "vilcode11": 0, "vilname11": "", "pan_local": "ಕ ಜಿ ಎಫ್", "b_pan_code": 293922, "b_pan_name": "K G F", "d_pan_code": 497, "d_pan_name": "KOLAR", "gp_code": "218813", "gp_name": "MAVA HALLI", "st_2011": "29", "dt_2011": "581", "sdt_2011": "", "subdtname": "KOLAR GOLD FIELD", "block_name": "K G F", "blk_lgdcod": "7363", "dtcode14": "581", "SHAPE_Length": 5671.302029560644, "SHAPE_Area": 1853124.478548556}}, {"type": "Feature", "geometry": {"type": "Polygon", "coordinates": [[[78.2099, 13.0567], [78.2134, 13.0557], [78.2135, 13.0565], [78.214, 13.0582], [78.2159, 13.0607], [78.2167, 13.0624], [78.2181, 13.0633], [78.2204, 13.0636], [78.2216, 13.0651], [78.2226, 13.0653], [78.2297, 13.0653], [78.2306, 13.0626], [78.2305, 13.0585], [78.23, 13.0565], [78.2295, 13.0535], [78.2291, 13.052], [78.23, 13.0519], [78.229, 13.0498], [78.2274, 13.0462], [78.2261, 13.0426], [78.2257, 13.041], [78.2252, 13.0393], [78.2248, 13.0381], [78.2242, 13.0371], [78.2244, 13.0346], [78.2198, 13.0344], [78.218, 13.0318], [78.2186, 13.0293], [78.2206, 13.0272], [78.2226, 13.0252], [78.2226, 13.0242], [78.2221, 13.0216], [78.2219, 13.0203], [78.2219, 13.0181], [78.2218, 13.0165], [78.2205, 13.0163], [78.2194, 13.0159], [78.216, 13.0167], [78.2147, 13.0163], [78.2113, 13.0155], [78.2089, 13.0149], [78.2063, 13.0148], [78.2035, 13.0146], [78.2013, 13.0173], [78.2005, 13.0174], [78.1988, 13.0173], [78.197, 13.0181], [78.193, 13.0192], [78.1951, 13.0211], [78.1952, 13.0236], [78.1953, 13.0254], [78.1954, 13.0266], [78.196, 13.0294], [78.1953, 13.0317], [78.1952, 13.0338], [78.1955, 13.0363], [78.1944, 13.0377], [78.1909, 13.0389], [78.1885, 13.0398], [78.1859, 13.0408], [78.1829, 13.0443], [78.1824, 13.0468], [78.1839, 13.0523], [78.1844, 13.0541], [78.1853, 13.057], [78.1864, 13.0607], [78.1867, 13.0621], [78.1866, 13.0646], [78.1867, 13.0664], [78.1872, 13.067], [78.1919, 13.0677], [78.1989, 13.0685], [78.2007, 13.0675], [78.2055, 13.0656], [78.2078, 13.0642], [78.2097, 13.0625], [78.2102, 13.0615], [78.2073, 13.0573], [78.2099, 13.0567]]]}, "properties": {"OBJECTID": 229981, "gpcode": "218813", "gpname": "MAVA HALLI", "stname": "KARNATAKA", "dtname": "Kolar", "sdtname": "Bangarapet", "stcode11": "29", "dtcode11": "581", "sdtcode11": "05593", "blklgdcode": "5865", "blkname": "BANGARAPET", "dt_lgd": 542, "sdt_lgd": 5593, "st_lgd": 29, "vilcode11": 0, "vilname11": "", "pan_local": "BANGARAPET", "b_pan_code": 6196, "b_pan_name": "BANGARAPET", "d_pan_code": 497, "d_pan_name": "KOLAR", "gp_code": "218813", "gp_name": "MAVA HALLI", "st_2011": "29", "dt_2011": "581", "sdt_2011": "05593", "subdtname": "Bangarapet", "block_name": "BANGARAPET", "blk_lgdcod": "5865", "dtcode14": "581", "SHAPE_Length": 23057.00680650018, "SHAPE_Area": 21985022.50771474}}, {"type": "Feature", "geometry": {"type": "Polygon", "coordinates": [[[78.2811, 12.9336], [78.2809, 12.9324], [78.278, 12.9299], [78.2741, 12.9312], [78.2699, 12.9314], [78.2605, 12.9312], [78.2583, 12.9312], [78.2574, 12.9311], [78.2567, 12.9329], [78.2625, 12.9329], [78.2683, 12.9332], [78.2732, 12.9332], [78.2734, 12.9352], [78.2744, 12.9352], [78.2751, 12.9377], [78.2765, 12.9377], [78.2789, 12.9357], [78.2813, 12.9355], [78.2825, 12.935], [78.2811, 12.9336]]]}, "properties": {"OBJECTID": 229982, "gpcode": "218814", "gpname": "N.G.HULKOORU", "stname": "KARNATAKA", "dtname": "Kolar", "sdtname": "KOLAR GOLD FIELD", "stcode11": "29", "dtcode11": "581", "sdtcode11": "", "blklgdcode": "7363", "blkname": "K G F", "dt_lgd": 542, "sdt_lgd": 7002, "st_lgd": 29, "vilcode11": 0, "vilname11": "", "pan_local": "ಕ ಜಿ ಎಫ್", "b_pan_code": 293922, "b_pan_name": "K G F", "d_pan_code": 497, "d_pan_name": "KOLAR", "gp_code": "218814", "gp_name": "N.G.HULKOORU", "st_2011": "29", "dt_2011": "581", "sdt_2011": "", "subdtname": "KOLAR GOLD FIELD", "block_name": "K G F", "blk_lgdcod": "7363", "dtcode14": "581", "SHAPE_Length": 6730.007614594728, "SHAPE_Area": 929389.736015305}}, {"type": "Feature", "geometry": {"type": "Polygon", "coordinates": [[[78.4392, 12.992], [78.4393, 12.9897], [78.4374, 12.9904], [78.4359, 12.9886], [78.4336, 12.9918], [78.4337, 12.9923], [78.4343, 12.9937], [78.4362, 12.9947], [78.4367, 12.9941], [78.4371, 12.9936], [78.4378, 12.9932], [78.4384, 12.993], [78.4389, 12.9926], [78.4391, 12.9922], [78.4392, 12.992]]]}, "properties": {"OBJECTID": 229983, "gpcode": "218814", "gpname": "N.G.HULKOORU", "stname": "KARNATAKA", "dtname": "Kolar", "sdtname": "KOLAR GOLD FIELD", "stcode11": "29", "dtcode11": "581", "sdtcode11": "", "blklgdcode": "7363", "blkname": "K G F", "dt_lgd": 542, "sdt_lgd": 7002, "st_lgd": 29, "vilcode11": 0, "vilname11": "", "pan_local": "ಕ ಜಿ ಎಫ್", "b_pan_code": 293922, "b_pan_name": "K G F", "d_pan_code": 497, "d_pan_name": "KOLAR", "gp_code": "218814", "gp_name": "N.G.HULKOORU", "st_2011": "29", "dt_2011": "581", "sdt_2011": "", "subdtname": "KOLAR GOLD FIELD", "block_name": "K G F", "blk_lgdcod": "7363", "dtcode14": "581", "SHAPE_Length": 2137.8087411492993, "SHAPE_Area": 258758.20150550993}}, {"type": "Feature", "geometry": {"type": "Polygon", "coordinates": [[[78.4473, 13.0241], [78.4491, 13.0232], [78.4508, 13.0233], [78.4528, 13.0235], [78.4551, 13.0235], [78.4572, 13.0235], [78.4581, 13.0236], [78.4594, 13.0246], [78.4605, 13.0254], [78.4614, 13.0257], [78.4625, 13.0249], [78.4631, 13.0245], [78.4632, 13.0243], [78.4632, 13.024], [78.4632, 13.0236], [78.4633, 13.0232], [78.4639, 13.0225], [78.4645, 13.0218], [78.4647, 13.0211], [78.4648, 13.0204], [78.4647, 13.0197], [78.4641, 13.018], [78.4636, 13.0169], [78.4634, 13.0163], [78.464, 13.014], [78.4645, 13.0118], [78.4643, 13.0095], [78.464, 13.008], [78.4636, 13.0063], [78.4636, 13.0058], [78.4636, 13.0053], [78.4659, 13.0051], [78.4683, 13.0046], [78.4682, 13.0029], [78.4682, 13.0013], [78.4681, 13.0], [78.4677, 12.9985], [78.4684, 12.9977], [78.4701, 12.9967], [78.4705, 12.9959], [78.4719, 12.9926], [78.4748, 12.9914], [78.4745, 12.991], [78.4721, 12.9874], [78.4698, 12.984], [78.4696, 12.9834], [78.4693, 12.9824], [78.4686, 12.9827], [78.4685, 12.9783], [78.4675, 12.975], [78.4674, 12.975], [78.4614, 12.9764], [78.4606, 12.9768], [78.4597, 12.9772], [78.4569, 12.9773], [78.4527, 12.9768], [78.452, 12.977], [78.452, 12.9778], [78.452, 12.9799], [78.452, 12.9816], [78.452, 12.9833], [78.4496, 12.9838], [78.4482, 12.984], [78.4486, 12.987], [78.4491, 12.9899], [78.45, 12.9897], [78.4501, 12.9917], [78.4501, 12.9919], [78.4502, 12.9928], [78.4504, 12.9956], [78.4505, 12.9966], [78.4494, 12.9969], [78.447, 12.9977], [78.4467, 12.9962], [78.446, 12.9962], [78.4439, 12.9966], [78.4422, 12.9968], [78.4396, 12.9972], [78.4379, 12.9974], [78.436, 12.9976], [78.435, 12.9977], [78.4345, 12.9976], [78.4341, 12.9988], [78.4333, 12.9984], [78.4315, 12.9989], [78.4238, 13.0013], [78.4207, 13.0018], [78.4207, 13.0024], [78.4209, 13.003], [78.4211, 13.0031], [78.4217, 13.003], [78.4224, 13.0028], [78.4228, 13.0027], [78.423, 13.0029], [78.4232, 13.0034], [78.4237, 13.0055], [78.4247, 13.0079], [78.4253, 13.0095], [78.4274, 13.0093], [78.4302, 13.0094], [78.4324, 13.0095], [78.4345, 13.0094], [78.4357, 13.0092], [78.4356, 13.01], [78.4356, 13.0107], [78.4357, 13.0112], [78.4363, 13.012], [78.4367, 13.0127], [78.4367, 13.0132], [78.4366, 13.0146], [78.4313, 13.0145], [78.4292, 13.0146], [78.427, 13.0147], [78.4266, 13.0158], [78.4265, 13.0179], [78.4262, 13.019], [78.4259, 13.0196], [78.4283, 13.0195], [78.4294, 13.0193], [78.4315, 13.0233], [78.4332, 13.0263], [78.4341, 13.0282], [78.4343, 13.0289], [78.4353, 13.0288], [78.4366, 13.0286], [78.4374, 13.0284], [78.4379, 13.0283], [78.4389, 13.028], [78.4393, 13.0279], [78.4397, 13.0278], [78.4399, 13.0277], [78.4402, 13.0275], [78.4403, 13.0272], [78.4406, 13.0267], [78.4415, 13.0263], [78.4421, 13.0263], [78.4431, 13.0259], [78.4446, 13.0253], [78.4473, 13.0241]]]}, "properties": {"OBJECTID": 229984, "gpcode": "218814", "gpname": "N.G.HULKOORU", "stname": "KARNATAKA", "dtname": "Kolar", "sdtname": "KOLAR GOLD FIELD", "stcode11": "29", "dtcode11": "581", "sdtcode11": "", "blklgdcode": "7363", "blkname": "K G F", "dt_lgd": 542, "sdt_lgd": 7002, "st_lgd": 29, "vilcode11": 0, "vilname11": "", "pan_local": "ಕ ಜಿ ಎಫ್", "b_pan_code": 293922, "b_pan_name": "K G F", "d_pan_code": 497, "d_pan_name": "KOLAR", "gp_code": "218814", "gp_name": "N.G.HULKOORU", "st_2011": "29", "dt_2011": "581", "sdt_2011": "", "subdtname": "KOLAR GOLD FIELD", "block_name": "K G F", "blk_lgdcod": "7363", "dtcode14": "581", "SHAPE_Length": 24863.908488551137, "SHAPE_Area": 18371121.604096625}}, {"type": "Feature", "geometry": {"type": "Polygon", "coordinates": [[[78.1155, 12.8704], [78.1159, 12.8696], [78.1168, 12.8695], [78.1175, 12.8692], [78.1175, 12.8691], [78.1172, 12.8667], [78.1172, 12.8666], [78.1173, 12.8655], [78.1179, 12.8643], [78.1183, 12.864], [78.1181, 12.8636], [78.1182, 12.8614], [78.1186, 12.8601], [78.1178, 12.8593], [78.1163, 12.8598], [78.1162, 12.8598], [78.1153, 12.8604], [78.1138, 12.8613], [78.1118, 12.8622], [78.1117, 12.8623], [78.111, 12.8622], [78.1102, 12.8613], [78.1098, 12.8628], [78.1097, 12.8635], [78.1096, 12.8635], [78.1097, 12.8635], [78.11, 12.8647], [78.1101, 12.8647], [78.11, 12.8647], [78.1097, 12.8654], [78.1093, 12.8659], [78.1093, 12.866], [78.1094, 12.8663], [78.1095, 12.8666], [78.1096, 12.8671], [78.1096, 12.8678], [78.1097, 12.8684], [78.1101, 12.8682], [78.1107, 12.868], [78.1112, 12.8678], [78.1118, 12.8675], [78.1123, 12.8672], [78.1126, 12.8678], [78.1128, 12.8683], [78.1132, 12.869], [78.1134, 12.8695], [78.1136, 12.87], [78.1143, 12.87], [78.1143, 12.8704], [78.1149, 12.8704], [78.1155, 12.8704]]]}, "properties": {"OBJECTID": 229985, "gpcode": "218815", "gpname": "PARANDA HALLI", "stname": "KARNATAKA", "dtname": "Kolar", "sdtname": "Bangarapet", "stcode11": "29", "dtcode11": "581", "sdtcode11": "05593", "blklgdcode": "5865", "blkname": "BANGARAPET", "dt_lgd": 542, "sdt_lgd": 5593, "st_lgd": 29, "vilcode11": 0, "vilname11": "", "pan_local": "BANGARAPET", "b_pan_code": 6196, "b_pan_name": "BANGARAPET", "d_pan_code": 497, "d_pan_name": "KOLAR", "gp_code": "218815", "gp_name": "PARANDA HALLI", "st_2011": "29", "dt_2011": "581", "sdt_2011": "05593", "subdtname": "Bangarapet", "block_name": "BANGARAPET", "blk_lgdcod": "5865", "dtcode14": "581", "SHAPE_Length": 4262.4273463203635, "SHAPE_Area": 822837.2162232525}}, {"type": "Feature", "geometry": {"type": "Polygon", "coordinates": [[[78.3193, 12.987], [78.32, 12.9868], [78.3209, 12.987], [78.3219, 12.9873], [78.322, 12.9867], [78.322, 12.9856], [78.3221, 12.9839], [78.3224, 12.9817], [78.3224, 12.9808], [78.3224, 12.9797], [78.3227, 12.9793], [78.3228, 12.9791], [78.3236, 12.9788], [78.3251, 12.9783], [78.3258, 12.9777], [78.3265, 12.9767], [78.3268, 12.9758], [78.3269, 12.9753], [78.3269, 12.9742], [78.3271, 12.9729], [78.3273, 12.9707], [78.3278, 12.9683], [78.3267, 12.9683], [78.3252, 12.968], [78.3249, 12.9676], [78.324, 12.9662], [78.3236, 12.9654], [78.3233, 12.9653], [78.3226, 12.9658], [78.3218, 12.9661], [78.321, 12.9661], [78.3204, 12.9655], [78.3198, 12.964], [78.3208, 12.9629], [78.3228, 12.9605], [78.3238, 12.9592], [78.3243, 12.9585], [78.3248, 12.9583], [78.3272, 12.9583], [78.3286, 12.9582], [78.3299, 12.9568], [78.3322, 12.9541], [78.3343, 12.9516], [78.3339, 12.949], [78.3335, 12.9473], [78.3328, 12.9474], [78.3312, 12.948], [78.33, 12.9484], [78.329, 12.9488], [78.3284, 12.9488], [78.3281, 12.9486], [78.327, 12.9473], [78.3256, 12.9469], [78.3252, 12.9465], [78.3246, 12.9451], [78.3241, 12.9448], [78.3235, 12.9455], [78.323, 12.9454], [78.3224, 12.9452], [78.3218, 12.9451], [78.3219, 12.9426], [78.3215, 12.9407], [78.3216, 12.9395], [78.3227, 12.9392], [78.3243, 12.9383], [78.3269, 12.9372], [78.3285, 12.9357], [78.3294, 12.9342], [78.3301, 12.9331], [78.3309, 12.9319], [78.3313, 12.9315], [78.3316, 12.931], [78.3319, 12.9308], [78.3326, 12.9308], [78.3331, 12.9309], [78.3338, 12.928], [78.3345, 12.9253], [78.3331, 12.9253], [78.3302, 12.9258], [78.3263, 12.9267], [78.3257, 12.9257], [78.3253, 12.9253], [78.3251, 12.9254], [78.3224, 12.926], [78.3206, 12.9254], [78.3171, 12.9266], [78.3144, 12.9277], [78.3144, 12.9298], [78.3145, 12.9317], [78.3137, 12.9321], [78.3116, 12.9341], [78.3101, 12.9352], [78.3087, 12.9369], [78.3078, 12.938], [78.3075, 12.9389], [78.3074, 12.9401], [78.3072, 12.9407], [78.3073, 12.941], [78.3076, 12.9412], [78.3081, 12.9419], [78.3087, 12.9431], [78.3091, 12.9448], [78.3091, 12.9472], [78.304, 12.9482], [78.3003, 12.9491], [78.3006, 12.9498], [78.3011, 12.9512], [78.3018, 12.9533], [78.3023, 12.9548], [78.3031, 12.9566], [78.3034, 12.9574], [78.303, 12.9578], [78.3028, 12.9574], [78.3024, 12.9571], [78.3019, 12.9572], [78.3017, 12.9562], [78.3015, 12.956], [78.3005, 12.956], [78.3004, 12.9544], [78.3003, 12.954], [78.3001, 12.9536], [78.2997, 12.953], [78.2997, 12.9523], [78.2997, 12.9518], [78.2995, 12.9517], [78.2994, 12.9515], [78.2992, 12.9514], [78.299, 12.9514], [78.2988, 12.9515], [78.2977, 12.9519], [78.2965, 12.9524], [78.2954, 12.9527], [78.2948, 12.9529], [78.2941, 12.9528], [78.2935, 12.9528], [78.2928, 12.9529], [78.2918, 12.953], [78.2899, 12.9532], [78.2874, 12.9528], [78.2832, 12.9528], [78.2825, 12.9545], [78.2836, 12.9556], [78.2844, 12.9572], [78.2838, 12.9582], [78.2842, 12.9589], [78.2845, 12.9593], [78.2857, 12.9609], [78.2857, 12.9616], [78.2869, 12.964], [78.288, 12.9644], [78.2868, 12.9656], [78.287, 12.9665], [78.2876, 12.9681], [78.288, 12.9696], [78.2879, 12.9699], [78.2872, 12.9703], [78.2861, 12.9702], [78.2854, 12.9702], [78.2846, 12.9706], [78.2843, 12.9711], [78.2838, 12.9717], [78.285, 12.9725], [78.2858, 12.9734], [78.2861, 12.9745], [78.2865, 12.9764], [78.2876, 12.9759], [78.2888, 12.9753], [78.2899, 12.9752], [78.2907, 12.9754], [78.2918, 12.9763], [78.2918, 12.9759], [78.2927, 12.9742], [78.2928, 12.9733], [78.294, 12.9723], [78.295, 12.9715], [78.2962, 12.9714], [78.2984, 12.9715], [78.2995, 12.9716], [78.2993, 12.9738], [78.2993, 12.9757], [78.2991, 12.9761], [78.2982, 12.9764], [78.2971, 12.977], [78.2959, 12.9777], [78.2954, 12.9781], [78.2952, 12.9788], [78.2963, 12.98], [78.2968, 12.9806], [78.2974, 12.9806], [78.2984, 12.9807], [78.299, 12.9809], [78.2995, 12.9802], [78.3, 12.9798], [78.3012, 12.9797], [78.3022, 12.9797], [78.3035, 12.9794], [78.304, 12.979], [78.3047, 12.978], [78.3053, 12.9772], [78.3055, 12.9769], [78.3069, 12.9767], [78.3081, 12.9768], [78.3085, 12.9767], [78.3091, 12.9786], [78.3098, 12.9804], [78.3102, 12.9803], [78.3114, 12.9801], [78.3127, 12.9799], [78.313, 12.9781], [78.313, 12.9775], [78.3133, 12.9772], [78.3137, 12.9769], [78.314, 12.9767], [78.3143, 12.977], [78.3157, 12.9786], [78.3166, 12.9808], [78.3177, 12.9821], [78.3176, 12.9832], [78.3166, 12.9857], [78.3161, 12.9874], [78.3167, 12.9873], [78.3179, 12.9872], [78.3193, 12.987]], [[78.2991, 12.9694], [78.2987, 12.9684], [78.2966, 12.9685], [78.2953, 12.9687], [78.294, 12.9663], [78.2934, 12.9653], [78.2934, 12.964], [78.2931, 12.963], [78.2944, 12.961], [78.2948, 12.961], [78.2958, 12.9617], [78.2961, 12.9622], [78.298, 12.9622], [78.2988, 12.9622], [78.2988, 12.9635], [78.2993, 12.9644], [78.2995, 12.9652], [78.3003, 12.9654], [78.301, 12.9655], [78.3015, 12.9658], [78.3019, 12.9664], [78.3024, 12.9674], [78.3025, 12.9681], [78.3025, 12.9685], [78.3019, 12.9689], [78.3005, 12.9701], [78.2996, 12.9701], [78.2991, 12.9694]]]}, "properties": {"OBJECTID": 229986, "gpcode": "218815", "gpname": "PARANDA HALLI", "stname": "KARNATAKA", "dtname": "Kolar", "sdtname": "KOLAR GOLD FIELD", "stcode11": "29", "dtcode11": "581", "sdtcode11": "", "blklgdcode": "7363", "blkname": "K G F", "dt_lgd": 542, "sdt_lgd": 7002, "st_lgd": 29, "vilcode11": 0, "vilname11": "", "pan_local": "ಕ ಜಿ ಎಫ್", "b_pan_code": 293922, "b_pan_name": "K G F", "d_pan_code": 497, "d_pan_name": "KOLAR", "gp_code": "218815", "gp_name": "PARANDA HALLI", "st_2011": "29", "dt_2011": "581", "sdt_2011": "", "subdtname": "KOLAR GOLD FIELD", "block_name": "K G F", "blk_lgdcod": "7363", "dtcode14": "581", "SHAPE_Length": 35824.375891609, "SHAPE_Area": 19215141.248449698}}, {"type": "Feature", "geometry": {"type": "Polygon", "coordinates": [[[78.1783, 12.9083], [78.182, 12.9079], [78.1837, 12.9081], [78.1841, 12.9074], [78.1841, 12.9046], [78.1838, 12.9035], [78.1832, 12.9026], [78.1825, 12.9018], [78.1818, 12.9015], [78.1801, 12.9016], [78.1782, 12.9018], [78.1764, 12.902], [78.1744, 12.9022], [78.1727, 12.9025], [78.1707, 12.9022], [78.1693, 12.9028], [78.1675, 12.9046], [78.1674, 12.9048], [78.1671, 12.9053], [78.1661, 12.9074], [78.1656, 12.9089], [78.1672, 12.9092], [78.1685, 12.9093], [78.1702, 12.9097], [78.1719, 12.9102], [78.1738, 12.9098], [78.1747, 12.9092], [78.1748, 12.9084], [78.1783, 12.9083]]]}, "properties": {"OBJECTID": 229987, "gpcode": "218816", "gpname": "RAMASAGARA", "stname": "KARNATAKA", "dtname": "Kolar", "sdtname": "Bangarapet", "stcode11": "29", "dtcode11": "581", "sdtcode11": "05593", "blklgdcode": "5865", "blkname": "BANGARAPET", "dt_lgd": 542, "sdt_lgd": 5593, "st_lgd": 29, "vilcode11": 0, "vilname11": "", "pan_local": "BANGARAPET", "b_pan_code": 6196, "b_pan_name": "BANGARAPET", "d_pan_code": 497, "d_pan_name": "KOLAR", "gp_code": "218816", "gp_name": "RAMASAGARA", "st_2011": "29", "dt_2011": "581", "sdt_2011": "05593", "subdtname": "Bangarapet", "block_name": "BANGARAPET", "blk_lgdcod": "5865", "dtcode14": "581", "SHAPE_Length": 5246.30869941169, "SHAPE_Area": 1441667.1061181237}}, {"type": "Feature", "geometry": {"type": "Polygon", "coordinates": [[[78.3706, 13.0094], [78.3712, 13.0087], [78.3717, 13.0084], [78.3722, 13.0083], [78.3728, 13.0083], [78.3735, 13.0082], [78.3737, 13.0086], [78.3744, 13.0086], [78.3748, 13.0085], [78.3753, 13.0081], [78.3759, 13.0074], [78.3762, 13.0072], [78.3766, 13.0072], [78.3772, 13.0073], [78.3781, 13.0075], [78.3789, 13.0076], [78.3799, 13.0078], [78.3808, 13.0076], [78.3813, 13.0069], [78.3815, 13.0065], [78.3815, 13.0061], [78.3813, 13.0056], [78.3811, 13.005], [78.3809, 13.0041], [78.381, 13.0034], [78.3813, 13.0025], [78.3818, 13.0019], [78.3825, 13.0013], [78.3827, 13.0006], [78.3824, 12.9995], [78.3827, 12.9991], [78.3842, 12.9986], [78.384, 12.9974], [78.3851, 12.9961], [78.3865, 12.9952], [78.3884, 12.9946], [78.3892, 12.9953], [78.3899, 12.9962], [78.3914, 12.9977], [78.3935, 12.9966], [78.3954, 12.9953], [78.3967, 12.9948], [78.3988, 12.994], [78.3985, 12.9912], [78.3988, 12.9866], [78.399, 12.9852], [78.4006, 12.9837], [78.4006, 12.983], [78.4008, 12.9822], [78.4018, 12.982], [78.4013, 12.9801], [78.4038, 12.9797], [78.404, 12.9803], [78.4048, 12.9815], [78.4051, 12.9824], [78.4061, 12.9827], [78.4075, 12.9832], [78.4101, 12.9838], [78.4119, 12.9846], [78.4132, 12.9851], [78.414, 12.9848], [78.4157, 12.9844], [78.4176, 12.9841], [78.4153, 12.9819], [78.4154, 12.9812], [78.4155, 12.9799], [78.4148, 12.979], [78.4143, 12.9777], [78.4135, 12.9767], [78.4128, 12.9763], [78.4123, 12.9763], [78.4116, 12.9761], [78.4114, 12.9755], [78.4111, 12.9739], [78.4107, 12.9721], [78.4125, 12.9709], [78.4115, 12.9694], [78.4094, 12.9707], [78.407, 12.9716], [78.4035, 12.9734], [78.4026, 12.9739], [78.401, 12.9748], [78.4006, 12.9753], [78.4003, 12.9753], [78.4003, 12.9752], [78.4004, 12.9748], [78.4009, 12.9739], [78.4016, 12.9717], [78.4017, 12.9705], [78.401, 12.9689], [78.4005, 12.9682], [78.3988, 12.9695], [78.3975, 12.9704], [78.3976, 12.9699], [78.3978, 12.9686], [78.3973, 12.968], [78.3973, 12.9674], [78.3968, 12.9669], [78.3974, 12.9668], [78.3975, 12.9653], [78.3979, 12.9654], [78.3978, 12.9645], [78.3983, 12.964], [78.3987, 12.9634], [78.3995, 12.9632], [78.3997, 12.962], [78.3988, 12.9609], [78.3979, 12.9597], [78.3963, 12.9601], [78.3955, 12.9604], [78.3944, 12.9608], [78.3941, 12.9609], [78.3942, 12.9595], [78.3943, 12.9586], [78.3944, 12.9564], [78.3942, 12.9562], [78.3929, 12.9562], [78.392, 12.9561], [78.3917, 12.9566], [78.3906, 12.9577], [78.3903, 12.9584], [78.3902, 12.9589], [78.3901, 12.9593], [78.3891, 12.9596], [78.3881, 12.96], [78.3875, 12.9601], [78.3875, 12.961], [78.3867, 12.9616], [78.3856, 12.9621], [78.3849, 12.9627], [78.3839, 12.9632], [78.3832, 12.9636], [78.3829, 12.9636], [78.3824, 12.9629], [78.3818, 12.9621], [78.3816, 12.9618], [78.3813, 12.9617], [78.381, 12.9617], [78.3807, 12.9619], [78.3804, 12.9621], [78.3802, 12.9624], [78.38, 12.9633], [78.3797, 12.9652], [78.3798, 12.966], [78.3798, 12.9664], [78.3792, 12.9667], [78.3786, 12.9667], [78.3777, 12.9666], [78.3768, 12.9661], [78.376, 12.9659], [78.3753, 12.9657], [78.3742, 12.9664], [78.3739, 12.9679], [78.3742, 12.9694], [78.3744, 12.9705], [78.3748, 12.9712], [78.3747, 12.9716], [78.3745, 12.9718], [78.374, 12.972], [78.373, 12.972], [78.372, 12.9721], [78.3708, 12.9722], [78.3698, 12.9722], [78.369, 12.9721], [78.3679, 12.9722], [78.3673, 12.9722], [78.3671, 12.9727], [78.3673, 12.9733], [78.3678, 12.9751], [78.3685, 12.976], [78.37, 12.9777], [78.3708, 12.9784], [78.3709, 12.9792], [78.3707, 12.9797], [78.3699, 12.9798], [78.3694, 12.9796], [78.3686, 12.9791], [78.3681, 12.9788], [78.3663, 12.9784], [78.3654, 12.978], [78.3646, 12.9778], [78.3638, 12.9783], [78.3633, 12.9786], [78.362, 12.979], [78.3614, 12.9799], [78.3603, 12.9819], [78.3603, 12.9825], [78.3613, 12.9835], [78.3632, 12.9853], [78.3652, 12.9869], [78.3645, 12.9885], [78.364, 12.9894], [78.3636, 12.9889], [78.3634, 12.9878], [78.3632, 12.9874], [78.3629, 12.9873], [78.362, 12.9876], [78.3609, 12.989], [78.3604, 12.9902], [78.359, 12.9906], [78.3567, 12.9914], [78.356, 12.9932], [78.3559, 12.9948], [78.356, 12.9956], [78.3564, 12.9966], [78.3567, 12.9969], [78.3571, 12.997], [78.3574, 12.9969], [78.3576, 12.9969], [78.358, 12.9968], [78.3585, 12.9967], [78.3587, 12.9968], [78.3593, 12.9978], [78.3585, 12.9982], [78.3569, 12.9994], [78.3584, 13.0013], [78.358, 13.0023], [78.3563, 13.0049], [78.3558, 13.0056], [78.3554, 13.0063], [78.3561, 13.0066], [78.3577, 13.0072], [78.3591, 13.0074], [78.3599, 13.0076], [78.3605, 13.0085], [78.3609, 13.0088], [78.3612, 13.0092], [78.3615, 13.0093], [78.362, 13.0092], [78.363, 13.0092], [78.364, 13.0091], [78.3648, 13.0093], [78.3665, 13.0096], [78.3675, 13.0099], [78.3681, 13.01], [78.3687, 13.01], [78.3695, 13.01], [78.37, 13.0098], [78.3706, 13.0094]]]}, "properties": {"OBJECTID": 229988, "gpcode": "218816", "gpname": "RAMASAGARA", "stname": "KARNATAKA", "dtname": "Kolar", "sdtname": "KOLAR GOLD FIELD", "stcode11": "29", "dtcode11": "581", "sdtcode11": "", "blklgdcode": "7363", "blkname": "K G F", "dt_lgd": 542, "sdt_lgd": 7002, "st_lgd": 29, "vilcode11": 0, "vilname11": "", "pan_local": "ಕ ಜಿ ಎಫ್", "b_pan_code": 293922, "b_pan_name": "K G F", "d_pan_code": 497, "d_pan_name": "KOLAR", "gp_code": "218816", "gp_name": "RAMASAGARA", "st_2011": "29", "dt_2011": "581", "sdt_2011": "", "subdtname": "KOLAR GOLD FIELD", "block_name": "K G F", "blk_lgdcod": "7363", "dtcode14": "581", "SHAPE_Length": 29556.18695652152, "SHAPE_Area": 20345183.026086617}}, {"type": "Feature", "geometry": {"type": "Polygon", "coordinates": [[[78.1289, 13.0677], [78.1323, 13.0676], [78.133, 13.0676], [78.1343, 13.0679], [78.1348, 13.0667], [78.1344, 13.066], [78.134, 13.065], [78.1343, 13.064], [78.1353, 13.0628], [78.1376, 13.0609], [78.1385, 13.0608], [78.1393, 13.0605], [78.1393, 13.0606], [78.1389, 13.0608], [78.1382, 13.0629], [78.1387, 13.0655], [78.1394, 13.0661], [78.1404, 13.0668], [78.1417, 13.0674], [78.143, 13.0663], [78.145, 13.0647], [78.1445, 13.0627], [78.1441, 13.0619], [78.143, 13.0605], [78.1418, 13.0599], [78.1425, 13.0594], [78.1466, 13.0569], [78.1465, 13.0557], [78.1457, 13.0523], [78.1474, 13.0518], [78.1499, 13.0513], [78.1523, 13.0492], [78.154, 13.0468], [78.1561, 13.0472], [78.1588, 13.0465], [78.1588, 13.0443], [78.1587, 13.0419], [78.1588, 13.0401], [78.1593, 13.0381], [78.1609, 13.0339], [78.1618, 13.0314], [78.1627, 13.0295], [78.1633, 13.0285], [78.1637, 13.027], [78.1638, 13.0255], [78.1632, 13.0243], [78.1599, 13.0248], [78.1585, 13.025], [78.1556, 13.0265], [78.1547, 13.0268], [78.1535, 13.0263], [78.1519, 13.0268], [78.1505, 13.0275], [78.1505, 13.0288], [78.1493, 13.0288], [78.1483, 13.0289], [78.1474, 13.0282], [78.1463, 13.0259], [78.1427, 13.0267], [78.1403, 13.0273], [78.1396, 13.0257], [78.1375, 13.0264], [78.1365, 13.0267], [78.1358, 13.0266], [78.133, 13.0242], [78.1302, 13.0243], [78.1278, 13.0243], [78.1265, 13.0243], [78.1233, 13.0241], [78.1221, 13.0241], [78.1188, 13.0243], [78.1167, 13.0248], [78.1153, 13.0248], [78.1147, 13.0237], [78.1142, 13.0233], [78.1108, 13.0238], [78.1098, 13.0239], [78.1044, 13.0243], [78.1041, 13.0252], [78.1048, 13.0279], [78.0974, 13.0309], [78.0981, 13.033], [78.0961, 13.0331], [78.0966, 13.0359], [78.097, 13.0374], [78.0973, 13.0381], [78.0978, 13.0398], [78.0984, 13.0413], [78.0988, 13.0418], [78.0994, 13.0424], [78.1003, 13.0426], [78.101, 13.0425], [78.1016, 13.0419], [78.1021, 13.0413], [78.1025, 13.0412], [78.1026, 13.0413], [78.1029, 13.0415], [78.1033, 13.042], [78.1029, 13.0435], [78.1013, 13.0453], [78.1007, 13.0458], [78.1002, 13.0463], [78.0999, 13.0471], [78.0996, 13.0478], [78.0999, 13.0488], [78.1002, 13.0496], [78.1004, 13.0523], [78.1005, 13.0538], [78.1008, 13.0543], [78.1021, 13.0558], [78.1033, 13.0569], [78.1044, 13.0572], [78.1051, 13.0577], [78.1054, 13.0585], [78.1059, 13.0592], [78.1067, 13.0595], [78.1075, 13.0598], [78.1084, 13.0602], [78.1104, 13.0604], [78.1111, 13.0603], [78.112, 13.06], [78.1126, 13.0595], [78.1133, 13.0589], [78.1137, 13.0583], [78.1143, 13.058], [78.1149, 13.0577], [78.1154, 13.0586], [78.1154, 13.0605], [78.1151, 13.0631], [78.1158, 13.0656], [78.1167, 13.067], [78.118, 13.0684], [78.1197, 13.069], [78.1218, 13.069], [78.1248, 13.0688], [78.1269, 13.068], [78.1289, 13.0677]]]}, "properties": {"OBJECTID": 229989, "gpcode": "218817", "gpname": "SOOLIKUNTE", "stname": "KARNATAKA", "dtname": "Kolar", "sdtname": "Bangarapet", "stcode11": "29", "dtcode11": "581", "sdtcode11": "05593", "blklgdcode": "5865", "blkname": "BANGARAPET", "dt_lgd": 542, "sdt_lgd": 5593, "st_lgd": 29, "vilcode11": 0, "vilname11": "", "pan_local": "BANGARAPET", "b_pan_code": 6196, "b_pan_name": "BANGARAPET", "d_pan_code": 497, "d_pan_name": "KOLAR", "gp_code": "218817", "gp_name": "SOOLIKUNTE", "st_2011": "29", "dt_2011": "581", "sdt_2011": "05593", "subdtname": "Bangarapet", "block_name": "BANGARAPET", "blk_lgdcod": "5865", "dtcode14": "581", "SHAPE_Length": 26467.77882566299, "SHAPE_Area": 26894290.18087485}}, {"type": "Feature", "geometry": {"type": "Polygon", "coordinates": [[[78.4191, 12.9581], [78.4215, 12.9546], [78.4204, 12.9478], [78.4204, 12.9477], [78.4203, 12.9477], [78.4138, 12.9484], [78.4138, 12.9483], [78.4112, 12.9453], [78.4121, 12.9435], [78.4131, 12.9396], [78.4136, 12.9393], [78.4138, 12.9361], [78.4131, 12.9334], [78.4143, 12.9336], [78.4144, 12.9336], [78.4152, 12.9334], [78.4151, 12.9324], [78.4151, 12.9319], [78.4158, 12.9318], [78.4157, 12.9297], [78.4171, 12.9292], [78.4179, 12.9279], [78.4182, 12.9257], [78.4181, 12.923], [78.4186, 12.9228], [78.4188, 12.9217], [78.4203, 12.9216], [78.4204, 12.9216], [78.4221, 12.9229], [78.4228, 12.9233], [78.4243, 12.9254], [78.4259, 12.9278], [78.4265, 12.9291], [78.4282, 12.9321], [78.4286, 12.932], [78.4297, 12.9311], [78.4334, 12.9301], [78.438, 12.929], [78.4397, 12.9257], [78.4405, 12.9243], [78.4446, 12.9204], [78.4445, 12.9196], [78.4455, 12.9192], [78.4476, 12.9183], [78.4506, 12.9183], [78.451, 12.9182], [78.4523, 12.9177], [78.4525, 12.9172], [78.4526, 12.9172], [78.4533, 12.9158], [78.4546, 12.9137], [78.4558, 12.9121], [78.4567, 12.9112], [78.4593, 12.9095], [78.4593, 12.9087], [78.4617, 12.9079], [78.4616, 12.9071], [78.4634, 12.906], [78.4651, 12.9056], [78.4667, 12.9054], [78.4668, 12.905], [78.4668, 12.9049], [78.4672, 12.9036], [78.4677, 12.9024], [78.4683, 12.9008], [78.4686, 12.8969], [78.4689, 12.8935], [78.4685, 12.8918], [78.4694, 12.89], [78.4694, 12.8897], [78.4695, 12.8896], [78.4689, 12.8858], [78.4686, 12.8832], [78.4683, 12.8808], [78.4681, 12.8793], [78.4677, 12.8782], [78.4671, 12.877], [78.4668, 12.8764], [78.4657, 12.8749], [78.4651, 12.8724], [78.4647, 12.8693], [78.4648, 12.8668], [78.4647, 12.8669], [78.462, 12.8711], [78.4626, 12.8735], [78.4641, 12.8777], [78.4606, 12.8818], [78.4589, 12.8844], [78.4577, 12.8858], [78.4559, 12.8875], [78.4529, 12.8887], [78.4488, 12.8901], [78.4472, 12.8922], [78.4486, 12.8962], [78.4492, 12.8982], [78.447, 12.8999], [78.446, 12.9012], [78.444, 12.903], [78.444, 12.9031], [78.4444, 12.9049], [78.4459, 12.9057], [78.4465, 12.9082], [78.4461, 12.9103], [78.4461, 12.9107], [78.4456, 12.9118], [78.4429, 12.9127], [78.4426, 12.9128], [78.4398, 12.9136], [78.4388, 12.9137], [78.4388, 12.9136], [78.4373, 12.913], [78.4349, 12.9118], [78.4353, 12.9113], [78.436, 12.9104], [78.4359, 12.9094], [78.4354, 12.908], [78.4337, 12.9045], [78.4336, 12.9046], [78.4315, 12.9052], [78.4304, 12.9048], [78.4297, 12.9041], [78.4287, 12.9021], [78.4286, 12.9021], [78.4267, 12.9026], [78.4221, 12.9029], [78.422, 12.9029], [78.4211, 12.903], [78.4169, 12.9029], [78.4169, 12.903], [78.4122, 12.9032], [78.4103, 12.9068], [78.4089, 12.9093], [78.4048, 12.9129], [78.4029, 12.9143], [78.3987, 12.9173], [78.3991, 12.9179], [78.3995, 12.919], [78.4002, 12.9206], [78.4009, 12.9229], [78.4012, 12.9244], [78.402, 12.9268], [78.4029, 12.9297], [78.4033, 12.9314], [78.4017, 12.9316], [78.4016, 12.9334], [78.4014, 12.9338], [78.3994, 12.9338], [78.3969, 12.9365], [78.3972, 12.9403], [78.3969, 12.9434], [78.3965, 12.9466], [78.396, 12.9491], [78.3972, 12.9497], [78.3984, 12.9504], [78.3991, 12.9508], [78.3997, 12.9511], [78.4, 12.9513], [78.4004, 12.9513], [78.4008, 12.9512], [78.4016, 12.9509], [78.4031, 12.9507], [78.4046, 12.9502], [78.4051, 12.9505], [78.4057, 12.9508], [78.4064, 12.9514], [78.4068, 12.9528], [78.4069, 12.9539], [78.4071, 12.9552], [78.4071, 12.9559], [78.4084, 12.9566], [78.4092, 12.9571], [78.4098, 12.9571], [78.411, 12.957], [78.4126, 12.957], [78.4125, 12.9588], [78.4125, 12.9597], [78.413, 12.9599], [78.4134, 12.9599], [78.4139, 12.9595], [78.414, 12.9588], [78.4142, 12.9585], [78.4145, 12.9585], [78.4154, 12.9584], [78.4173, 12.9583], [78.4187, 12.9582], [78.4191, 12.9581]]]}, "properties": {"OBJECTID": 229990, "gpcode": "218818", "gpname": "SRINIVASA SANDRA", "stname": "KARNATAKA", "dtname": "Kolar", "sdtname": "KOLAR GOLD FIELD", "stcode11": "29", "dtcode11": "581", "sdtcode11": "", "blklgdcode": "7363", "blkname": "K G F", "dt_lgd": 542, "sdt_lgd": 7002, "st_lgd": 29, "vilcode11": 0, "vilname11": "", "pan_local": "ಕ ಜಿ ಎಫ್", "b_pan_code": 293922, "b_pan_name": "K G F", "d_pan_code": 497, "d_pan_name": "KOLAR", "gp_code": "218818", "gp_name": "SRINIVASA SANDRA", "st_2011": "29", "dt_2011": "581", "sdt_2011": "", "subdtname": "KOLAR GOLD FIELD", "block_name": "K G F", "blk_lgdcod": "7363", "dtcode14": "581", "SHAPE_Length": 39154.74957700589, "SHAPE_Area": 24988990.351528633}}, {"type": "Feature", "geometry": {"type": "Polygon", "coordinates": [[[78.4129, 13.0239], [78.4127, 13.0233], [78.4125, 13.0228], [78.4123, 13.0225], [78.4119, 13.0224], [78.4116, 13.0223], [78.4113, 13.022], [78.4113, 13.0214], [78.4112, 13.0207], [78.411, 13.02], [78.4107, 13.0194], [78.4103, 13.0187], [78.4098, 13.0172], [78.4088, 13.0151], [78.4087, 13.0133], [78.4087, 13.0127], [78.4084, 13.0118], [78.4082, 13.0109], [78.4078, 13.0101], [78.4072, 13.0099], [78.4066, 13.0098], [78.4052, 13.0098], [78.4042, 13.0098], [78.4035, 13.0099], [78.4023, 13.0103], [78.4017, 13.0105], [78.4014, 13.0105], [78.4011, 13.0089], [78.401, 13.0076], [78.4009, 13.0073], [78.4006, 13.0073], [78.4, 13.0074], [78.3993, 13.0076], [78.3987, 13.0078], [78.3984, 13.0077], [78.3981, 13.007], [78.3976, 13.0056], [78.3989, 13.0055], [78.4006, 13.0054], [78.402, 13.0054], [78.403, 13.0052], [78.404, 13.0051], [78.4055, 13.0051], [78.4056, 13.0049], [78.4056, 13.0042], [78.4054, 13.0013], [78.4057, 13.0006], [78.4057, 12.9999], [78.4066, 12.9996], [78.4072, 12.9993], [78.4073, 12.9988], [78.4074, 12.9978], [78.4072, 12.9969], [78.4072, 12.9958], [78.4073, 12.9947], [78.4063, 12.9946], [78.4042, 12.9945], [78.402, 12.9943], [78.4005, 12.9944], [78.3994, 12.9944], [78.3988, 12.9943], [78.3988, 12.994], [78.3967, 12.9948], [78.3954, 12.9953], [78.3935, 12.9966], [78.3914, 12.9977], [78.3899, 12.9962], [78.3892, 12.9953], [78.3884, 12.9946], [78.3865, 12.9952], [78.3851, 12.9961], [78.384, 12.9974], [78.3842, 12.9986], [78.3827, 12.9991], [78.3824, 12.9995], [78.3827, 13.0006], [78.3825, 13.0013], [78.3818, 13.0019], [78.3813, 13.0025], [78.381, 13.0034], [78.3809, 13.0041], [78.3811, 13.005], [78.3813, 13.0056], [78.3815, 13.0061], [78.3815, 13.0065], [78.3813, 13.0069], [78.3808, 13.0076], [78.3799, 13.0078], [78.3789, 13.0076], [78.3781, 13.0075], [78.3772, 13.0073], [78.3766, 13.0072], [78.3762, 13.0072], [78.3759, 13.0074], [78.3753, 13.0081], [78.3748, 13.0085], [78.3744, 13.0086], [78.3737, 13.0086], [78.3735, 13.0082], [78.3728, 13.0083], [78.3722, 13.0083], [78.3717, 13.0084], [78.3712, 13.0087], [78.3706, 13.0094], [78.37, 13.0098], [78.3695, 13.01], [78.3687, 13.01], [78.3681, 13.01], [78.3675, 13.0099], [78.3678, 13.0104], [78.3682, 13.0116], [78.3689, 13.0134], [78.3696, 13.0151], [78.3697, 13.0158], [78.3696, 13.0168], [78.3693, 13.0187], [78.3693, 13.0195], [78.3698, 13.0196], [78.3703, 13.0213], [78.3708, 13.0231], [78.3716, 13.0246], [78.3732, 13.0244], [78.3738, 13.0242], [78.3746, 13.0242], [78.3753, 13.0242], [78.3759, 13.0242], [78.3765, 13.0242], [78.3772, 13.0241], [78.379, 13.0241], [78.3798, 13.0241], [78.3804, 13.0237], [78.3813, 13.023], [78.3816, 13.0225], [78.3817, 13.0215], [78.3818, 13.0207], [78.3825, 13.0206], [78.3839, 13.0207], [78.3849, 13.0208], [78.3857, 13.0209], [78.3861, 13.0217], [78.3868, 13.0233], [78.3872, 13.0241], [78.3874, 13.0248], [78.3879, 13.0249], [78.3915, 13.0249], [78.3939, 13.0249], [78.3953, 13.0248], [78.3968, 13.0247], [78.3973, 13.0251], [78.3976, 13.0257], [78.3981, 13.0267], [78.3986, 13.0279], [78.3991, 13.0286], [78.3992, 13.0287], [78.3998, 13.0292], [78.4, 13.029], [78.4003, 13.0288], [78.4005, 13.0284], [78.4008, 13.0279], [78.4014, 13.0267], [78.4023, 13.0249], [78.4028, 13.0244], [78.4052, 13.0239], [78.4053, 13.0278], [78.4061, 13.0277], [78.4084, 13.027], [78.4092, 13.0268], [78.4098, 13.0263], [78.4103, 13.0257], [78.4115, 13.0247], [78.4121, 13.0242], [78.4129, 13.0239]]]}, "properties": {"OBJECTID": 229991, "gpcode": "218819", "gpname": "SUNDARAPALYA", "stname": "KARNATAKA", "dtname": "Kolar", "sdtname": "KOLAR GOLD FIELD", "stcode11": "29", "dtcode11": "581", "sdtcode11": "", "blklgdcode": "7363", "blkname": "K G F", "dt_lgd": 542, "sdt_lgd": 7002, "st_lgd": 29, "vilcode11": 0, "vilname11": "", "pan_local": "ಕ ಜಿ ಎಫ್", "b_pan_code": 293922, "b_pan_name": "K G F", "d_pan_code": 497, "d_pan_name": "KOLAR", "gp_code": "218819", "gp_name": "SUNDARAPALYA", "st_2011": "29", "dt_2011": "581", "sdt_2011": "", "subdtname": "KOLAR GOLD FIELD", "block_name": "K G F", "blk_lgdcod": "7363", "dtcode14": "581", "SHAPE_Length": 19783.30880793984, "SHAPE_Area": 11971460.708810052}}, {"type": "Feature", "geometry": {"type": "Polygon", "coordinates": [[[78.4129, 13.0239], [78.4131, 13.0245], [78.4138, 13.0257], [78.4153, 13.0281], [78.4167, 13.0304], [78.4177, 13.0318], [78.4184, 13.0327], [78.4196, 13.032], [78.4211, 13.0312], [78.4222, 13.0305], [78.4228, 13.0303], [78.4236, 13.0301], [78.4244, 13.0299], [78.4263, 13.0298], [78.4279, 13.0297], [78.4293, 13.0297], [78.4304, 13.0295], [78.4327, 13.0292], [78.4337, 13.029], [78.4343, 13.0289], [78.4341, 13.0282], [78.4332, 13.0263], [78.4315, 13.0233], [78.4294, 13.0193], [78.4283, 13.0195], [78.4259, 13.0196], [78.425, 13.0203], [78.4241, 13.0206], [78.4229, 13.0209], [78.4214, 13.0216], [78.4199, 13.0227], [78.419, 13.0229], [78.4179, 13.023], [78.4161, 13.0232], [78.4145, 13.0235], [78.4129, 13.0239]]]}, "properties": {"OBJECTID": 229992, "gpcode": "218819", "gpname": "SUNDARAPALYA", "stname": "KARNATAKA", "dtname": "Kolar", "sdtname": "KOLAR GOLD FIELD", "stcode11": "29", "dtcode11": "581", "sdtcode11": "", "blklgdcode": "7363", "blkname": "K G F", "dt_lgd": 542, "sdt_lgd": 7002, "st_lgd": 29, "vilcode11": 0, "vilname11": "", "pan_local": "ಕ ಜಿ ಎಫ್", "b_pan_code": 293922, "b_pan_name": "K G F", "d_pan_code": 497, "d_pan_name": "KOLAR", "gp_code": "218819", "gp_name": "SUNDARAPALYA", "st_2011": "29", "dt_2011": "581", "sdt_2011": "", "subdtname": "KOLAR GOLD FIELD", "block_name": "K G F", "blk_lgdcod": "7363", "dtcode14": "581", "SHAPE_Length": 6210.497494668561, "SHAPE_Area": 2064754.8226652099}}, {"type": "Feature", "geometry": {"type": "Polygon", "coordinates": [[[78.3764, 12.954], [78.3755, 12.9521], [78.3724, 12.9527], [78.3683, 12.9537], [78.366, 12.9543], [78.3644, 12.955], [78.3628, 12.9574], [78.3618, 12.959], [78.3606, 12.9603], [78.3592, 12.961], [78.3595, 12.9619], [78.3597, 12.9621], [78.3599, 12.9623], [78.3601, 12.9626], [78.3619, 12.9657], [78.363, 12.9668], [78.364, 12.9661], [78.3647, 12.9656], [78.365, 12.9652], [78.3654, 12.9649], [78.3656, 12.9643], [78.3656, 12.9637], [78.366, 12.9633], [78.3675, 12.9629], [78.3699, 12.9621], [78.3722, 12.9612], [78.3743, 12.9598], [78.3758, 12.959], [78.3777, 12.9582], [78.3772, 12.9566], [78.3764, 12.954]]]}, "properties": {"OBJECTID": 229993, "gpcode": "218820", "gpname": "T GOLLAHALLI", "stname": "KARNATAKA", "dtname": "Kolar", "sdtname": "KOLAR GOLD FIELD", "stcode11": "29", "dtcode11": "581", "sdtcode11": "", "blklgdcode": "7363", "blkname": "K G F", "dt_lgd": 542, "sdt_lgd": 7002, "st_lgd": 29, "vilcode11": 0, "vilname11": "", "pan_local": "ಕ ಜಿ ಎಫ್", "b_pan_code": 293922, "b_pan_name": "K G F", "d_pan_code": 497, "d_pan_name": "KOLAR", "gp_code": "218820", "gp_name": "T GOLLAHALLI", "st_2011": "29", "dt_2011": "581", "sdt_2011": "", "subdtname": "KOLAR GOLD FIELD", "block_name": "K G F", "blk_lgdcod": "7363", "dtcode14": "581", "SHAPE_Length": 5713.529041791743, "SHAPE_Area": 1740156.59462907}}, {"type": "Feature", "geometry": {"type": "Polygon", "coordinates": [[[78.2907, 13.0763], [78.2911, 13.0762], [78.2916, 13.0762], [78.2921, 13.076], [78.2925, 13.0757], [78.2928, 13.0751], [78.2928, 13.0742], [78.2927, 13.0722], [78.2928, 13.0715], [78.2933, 13.0705], [78.2944, 13.0681], [78.295, 13.0665], [78.2954, 13.0658], [78.2962, 13.064], [78.2971, 13.0639], [78.2986, 13.0638], [78.2998, 13.0637], [78.3018, 13.0635], [78.3035, 13.0635], [78.3057, 13.0633], [78.3062, 13.0634], [78.3075, 13.0649], [78.3084, 13.0626], [78.3102, 13.0625], [78.312, 13.0624], [78.3139, 13.0626], [78.3151, 13.0626], [78.316, 13.0625], [78.3165, 13.0623], [78.3182, 13.0618], [78.3198, 13.0614], [78.3215, 13.0609], [78.3225, 13.0605], [78.3227, 13.0604], [78.3233, 13.0611], [78.324, 13.0617], [78.3249, 13.0621], [78.3254, 13.0622], [78.3259, 13.0623], [78.3272, 13.0624], [78.3293, 13.0614], [78.3311, 13.0605], [78.3329, 13.06], [78.334, 13.0596], [78.3334, 13.0579], [78.3306, 13.0525], [78.3302, 13.0516], [78.3285, 13.0523], [78.3279, 13.0521], [78.3271, 13.051], [78.3263, 13.0499], [78.3255, 13.05], [78.325, 13.05], [78.3245, 13.0504], [78.3239, 13.0506], [78.3236, 13.05], [78.323, 13.0499], [78.3228, 13.0496], [78.3224, 13.0499], [78.322, 13.0493], [78.3216, 13.0485], [78.3211, 13.0471], [78.3207, 13.0462], [78.3205, 13.0448], [78.3206, 13.0444], [78.3214, 13.0438], [78.3221, 13.0432], [78.3224, 13.0422], [78.3225, 13.0408], [78.3224, 13.0397], [78.3221, 13.0389], [78.3227, 13.0384], [78.3235, 13.0379], [78.3242, 13.0375], [78.3247, 13.0374], [78.3256, 13.0371], [78.3261, 13.0367], [78.3263, 13.0363], [78.3266, 13.0354], [78.3268, 13.0345], [78.327, 13.0339], [78.3275, 13.0333], [78.3283, 13.0322], [78.329, 13.0309], [78.3296, 13.0295], [78.33, 13.0287], [78.3311, 13.0284], [78.3321, 13.0284], [78.3324, 13.028], [78.3331, 13.0266], [78.334, 13.0245], [78.3341, 13.0231], [78.334, 13.0211], [78.3341, 13.0189], [78.3331, 13.0189], [78.3327, 13.0178], [78.3321, 13.0172], [78.3317, 13.0172], [78.3316, 13.0169], [78.331, 13.0158], [78.3305, 13.015], [78.3301, 13.0146], [78.3294, 13.0142], [78.3291, 13.0139], [78.3288, 13.0135], [78.3286, 13.0133], [78.328, 13.0134], [78.3275, 13.0137], [78.3267, 13.0145], [78.3265, 13.0151], [78.3264, 13.0154], [78.3267, 13.0159], [78.3276, 13.0169], [78.3278, 13.0172], [78.3273, 13.0176], [78.3271, 13.0181], [78.3268, 13.0184], [78.3266, 13.0185], [78.3263, 13.0184], [78.3261, 13.0183], [78.326, 13.018], [78.3259, 13.0177], [78.3257, 13.0173], [78.3255, 13.0167], [78.3254, 13.0163], [78.3255, 13.0158], [78.3257, 13.0154], [78.3258, 13.0152], [78.3254, 13.0148], [78.3246, 13.0148], [78.3233, 13.015], [78.3221, 13.0154], [78.3212, 13.0154], [78.3211, 13.014], [78.3201, 13.0147], [78.3189, 13.0154], [78.3179, 13.0159], [78.3165, 13.0159], [78.3161, 13.0156], [78.3156, 13.0149], [78.3144, 13.0133], [78.3134, 13.0121], [78.3123, 13.0111], [78.311, 13.0102], [78.3109, 13.0101], [78.3105, 13.0098], [78.3096, 13.0093], [78.3088, 13.009], [78.3076, 13.0088], [78.3068, 13.0087], [78.3052, 13.0082], [78.3038, 13.0077], [78.3027, 13.0072], [78.3021, 13.0071], [78.302, 13.0075], [78.3018, 13.0083], [78.3017, 13.009], [78.3005, 13.009], [78.3002, 13.0091], [78.2999, 13.0094], [78.2996, 13.0105], [78.2994, 13.0118], [78.2995, 13.0136], [78.2995, 13.0156], [78.2994, 13.0174], [78.2987, 13.0172], [78.2974, 13.0172], [78.2953, 13.0169], [78.2931, 13.0169], [78.2918, 13.0172], [78.2898, 13.0178], [78.2883, 13.0181], [78.2885, 13.0199], [78.287, 13.0207], [78.2851, 13.0214], [78.2829, 13.0216], [78.2806, 13.0219], [78.2763, 13.0223], [78.2729, 13.0225], [78.273, 13.0233], [78.2735, 13.0251], [78.2737, 13.0273], [78.2712, 13.0278], [78.2689, 13.0284], [78.2678, 13.0288], [78.2688, 13.0302], [78.27, 13.0314], [78.2718, 13.0332], [78.2737, 13.0348], [78.2745, 13.0357], [78.2752, 13.0379], [78.2765, 13.0407], [78.2773, 13.0451], [78.2778, 13.0507], [78.278, 13.0512], [78.2781, 13.0519], [78.2785, 13.0528], [78.2786, 13.0532], [78.2786, 13.0543], [78.2786, 13.0556], [78.279, 13.0571], [78.2792, 13.0583], [78.2792, 13.0587], [78.2783, 13.0591], [78.2776, 13.0592], [78.2768, 13.0592], [78.2763, 13.0592], [78.2761, 13.0593], [78.276, 13.0595], [78.276, 13.0598], [78.2762, 13.0618], [78.2765, 13.0641], [78.2766, 13.0656], [78.2766, 13.0663], [78.2766, 13.0667], [78.2764, 13.067], [78.2765, 13.0677], [78.2766, 13.0693], [78.2767, 13.0725], [78.2767, 13.0742], [78.2776, 13.078], [78.2782, 13.0802], [78.2795, 13.0804], [78.2803, 13.0804], [78.2815, 13.0806], [78.2831, 13.0808], [78.2844, 13.0811], [78.2857, 13.0815], [78.2872, 13.0823], [78.2876, 13.0825], [78.288, 13.0828], [78.2889, 13.0824], [78.2893, 13.0821], [78.2896, 13.0816], [78.2899, 13.0811], [78.29, 13.0805], [78.29, 13.0797], [78.29, 13.0789], [78.2901, 13.0773], [78.2904, 13.0767], [78.2907, 13.0763]]]}, "properties": {"OBJECTID": 229994, "gpcode": "218820", "gpname": "T GOLLAHALLI", "stname": "KARNATAKA", "dtname": "Kolar", "sdtname": "KOLAR GOLD FIELD", "stcode11": "29", "dtcode11": "581", "sdtcode11": "", "blklgdcode": "7363", "blkname": "K G F", "dt_lgd": 542, "sdt_lgd": 7002, "st_lgd": 29, "vilcode11": 0, "vilname11": "", "pan_local": "ಕ ಜಿ ಎಫ್", "b_pan_code": 293922, "b_pan_name": "K G F", "d_pan_code": 497, "d_pan_name": "KOLAR", "gp_code": "218820", "gp_name": "T GOLLAHALLI", "st_2011": "29", "dt_2011": "581", "sdt_2011": "", "subdtname": "KOLAR GOLD FIELD", "block_name": "K G F", "blk_lgdcod": "7363", "dtcode14": "581", "SHAPE_Length": 32627.43195402624, "SHAPE_Area": 35655106.96935159}}, {"type": "Feature", "geometry": {"type": "Polygon", "coordinates": [[[78.1923, 12.8557], [78.1948, 12.8556], [78.1962, 12.8557], [78.1966, 12.8557], [78.1977, 12.8558], [78.1978, 12.8556], [78.1976, 12.8548], [78.1976, 12.8546], [78.1979, 12.8541], [78.1984, 12.8536], [78.199, 12.8533], [78.1998, 12.8532], [78.2013, 12.8522], [78.202, 12.8508], [78.2021, 12.8504], [78.2023, 12.8495], [78.2036, 12.8486], [78.2071, 12.8463], [78.2094, 12.8442], [78.2111, 12.8431], [78.2112, 12.843], [78.2111, 12.8427], [78.2118, 12.8418], [78.2131, 12.8403], [78.2135, 12.8391], [78.2143, 12.8377], [78.2169, 12.8361], [78.2192, 12.8342], [78.2195, 12.8311], [78.22, 12.8284], [78.2202, 12.8261], [78.2198, 12.8251], [78.2191, 12.8236], [78.2175, 12.8206], [78.2171, 12.82], [78.2174, 12.8197], [78.2171, 12.8186], [78.2179, 12.818], [78.2191, 12.817], [78.2196, 12.8162], [78.2201, 12.8155], [78.2201, 12.8147], [78.217, 12.813], [78.2153, 12.8126], [78.2125, 12.8111], [78.2089, 12.8097], [78.2073, 12.8088], [78.2043, 12.8074], [78.1995, 12.8048], [78.2004, 12.804], [78.201, 12.803], [78.2026, 12.8022], [78.204, 12.8015], [78.2033, 12.7922], [78.2033, 12.7921], [78.2029, 12.7869], [78.2019, 12.7875], [78.1994, 12.7859], [78.1977, 12.7845], [78.1979, 12.7835], [78.1982, 12.7819], [78.1916, 12.782], [78.1826, 12.7804], [78.1806, 12.7786], [78.1803, 12.7789], [78.1802, 12.7789], [78.1797, 12.7798], [78.1787, 12.7812], [78.1781, 12.7821], [78.1775, 12.7829], [78.1776, 12.7842], [78.1778, 12.785], [78.1778, 12.7858], [78.1779, 12.7862], [78.178, 12.7867], [78.1782, 12.7871], [78.1786, 12.7876], [78.1789, 12.788], [78.1788, 12.7886], [78.1814, 12.7891], [78.1818, 12.7905], [78.1823, 12.7924], [78.183, 12.7943], [78.1842, 12.7967], [78.1842, 12.7984], [78.1841, 12.8012], [78.1833, 12.8028], [78.1824, 12.804], [78.1815, 12.8041], [78.1809, 12.8038], [78.1804, 12.803], [78.1791, 12.803], [78.1773, 12.8034], [78.1764, 12.8044], [78.1747, 12.8047], [78.1733, 12.8049], [78.1705, 12.8049], [78.1688, 12.8049], [78.1654, 12.8052], [78.1625, 12.8057], [78.1606, 12.8057], [78.1609, 12.8074], [78.161, 12.8107], [78.162, 12.8116], [78.1628, 12.8123], [78.1637, 12.8128], [78.165, 12.8133], [78.1659, 12.8138], [78.1667, 12.8146], [78.1676, 12.8157], [78.1679, 12.8165], [78.1683, 12.8179], [78.1697, 12.8199], [78.1702, 12.8202], [78.1688, 12.8253], [78.1695, 12.8258], [78.171, 12.829], [78.1721, 12.8296], [78.1727, 12.8307], [78.1729, 12.8321], [78.173, 12.8335], [78.173, 12.8345], [78.1731, 12.8358], [78.1733, 12.836], [78.1731, 12.8371], [78.1729, 12.8381], [78.1736, 12.8392], [78.1748, 12.8399], [78.1761, 12.8407], [78.1785, 12.8424], [78.1796, 12.8429], [78.1799, 12.8449], [78.1807, 12.8468], [78.1808, 12.8471], [78.1816, 12.8497], [78.1831, 12.853], [78.1838, 12.8547], [78.1829, 12.8568], [78.1828, 12.8571], [78.1848, 12.8569], [78.1875, 12.8566], [78.1897, 12.8562], [78.1923, 12.8557]]]}, "properties": {"OBJECTID": 229995, "gpcode": "218821", "gpname": "THOPPANAHALLI", "stname": "KARNATAKA", "dtname": "Kolar", "sdtname": "Bangarapet", "stcode11": "29", "dtcode11": "581", "sdtcode11": "05593", "blklgdcode": "5865", "blkname": "BANGARAPET", "dt_lgd": 542, "sdt_lgd": 5593, "st_lgd": 29, "vilcode11": 0, "vilname11": "", "pan_local": "BANGARAPET", "b_pan_code": 6196, "b_pan_name": "BANGARAPET", "d_pan_code": 497, "d_pan_name": "KOLAR", "gp_code": "218821", "gp_name": "THOPPANAHALLI", "st_2011": "29", "dt_2011": "581", "sdt_2011": "05593", "subdtname": "Bangarapet", "block_name": "BANGARAPET", "blk_lgdcod": "5865", "dtcode14": "581", "SHAPE_Length": 28692.57597464577, "SHAPE_Area": 32389413.293374665}}, {"type": "Feature", "geometry": {"type": "Polygon", "coordinates": [[[78.2301, 12.8698], [78.2306, 12.869], [78.2307, 12.869], [78.2309, 12.8679], [78.2308, 12.8669], [78.2307, 12.8656], [78.2303, 12.8644], [78.2301, 12.8633], [78.23, 12.8623], [78.2302, 12.8613], [78.2321, 12.8609], [78.2321, 12.8589], [78.2322, 12.8577], [78.2321, 12.8565], [78.2323, 12.8555], [78.2326, 12.8545], [78.234, 12.854], [78.2349, 12.8528], [78.2354, 12.8514], [78.236, 12.851], [78.2359, 12.8507], [78.235, 12.8496], [78.2361, 12.849], [78.2381, 12.8483], [78.2404, 12.8472], [78.2427, 12.8465], [78.2446, 12.8457], [78.2436, 12.8445], [78.2436, 12.8437], [78.2427, 12.8429], [78.2418, 12.8423], [78.2413, 12.8409], [78.2411, 12.8399], [78.2406, 12.8396], [78.2405, 12.8395], [78.2393, 12.8399], [78.237, 12.8401], [78.2353, 12.8405], [78.2301, 12.8418], [78.2302, 12.8397], [78.2297, 12.837], [78.2296, 12.8352], [78.2268, 12.8349], [78.226, 12.8351], [78.2242, 12.8357], [78.2217, 12.8362], [78.2196, 12.8376], [78.2189, 12.8386], [78.2197, 12.8404], [78.2199, 12.8414], [78.2196, 12.8421], [78.2183, 12.8434], [78.2178, 12.8439], [78.218, 12.8452], [78.2179, 12.8468], [78.2177, 12.8477], [78.2177, 12.8486], [78.2167, 12.8497], [78.2165, 12.8514], [78.2161, 12.8527], [78.2156, 12.8536], [78.2153, 12.8547], [78.2157, 12.8558], [78.2162, 12.8572], [78.2166, 12.8581], [78.2166, 12.8592], [78.2166, 12.8606], [78.2167, 12.861], [78.2172, 12.8614], [78.2174, 12.862], [78.2183, 12.8623], [78.2184, 12.8617], [78.2184, 12.8623], [78.2206, 12.8621], [78.2212, 12.8625], [78.2217, 12.8633], [78.2229, 12.8632], [78.2235, 12.8639], [78.2234, 12.8646], [78.2237, 12.8656], [78.2241, 12.8666], [78.2245, 12.8674], [78.2249, 12.8679], [78.226, 12.8687], [78.2264, 12.8698], [78.2277, 12.8715], [78.2287, 12.8726], [78.2288, 12.872], [78.2285, 12.8712], [78.2293, 12.8707], [78.2301, 12.8698]]]}, "properties": {"OBJECTID": 229996, "gpcode": "218821", "gpname": "THOPPANAHALLI", "stname": "KARNATAKA", "dtname": "Kolar", "sdtname": "Bangarapet", "stcode11": "29", "dtcode11": "581", "sdtcode11": "05593", "blklgdcode": "5865", "blkname": "BANGARAPET", "dt_lgd": 542, "sdt_lgd": 5593, "st_lgd": 29, "vilcode11": 0, "vilname11": "", "pan_local": "BANGARAPET", "b_pan_code": 6196, "b_pan_name": "BANGARAPET", "d_pan_code": 497, "d_pan_name": "KOLAR", "gp_code": "218821", "gp_name": "THOPPANAHALLI", "st_2011": "29", "dt_2011": "581", "sdt_2011": "05593", "subdtname": "Bangarapet", "block_name": "BANGARAPET", "blk_lgdcod": "5865", "dtcode14": "581", "SHAPE_Length": 13507.176374694447, "SHAPE_Area": 6677925.543144223}}, {"type": "Feature", "geometry": {"type": "Polygon", "coordinates": [[[78.4292, 13.0146], [78.4313, 13.0145], [78.4366, 13.0146], [78.4367, 13.0132], [78.4367, 13.0127], [78.4363, 13.012], [78.4357, 13.0112], [78.4356, 13.0107], [78.4356, 13.01], [78.4357, 13.0092], [78.4345, 13.0094], [78.4324, 13.0095], [78.4302, 13.0094], [78.4274, 13.0093], [78.4253, 13.0095], [78.4247, 13.0079], [78.4237, 13.0055], [78.4232, 13.0034], [78.423, 13.0029], [78.4228, 13.0027], [78.4224, 13.0028], [78.4217, 13.003], [78.4211, 13.0031], [78.4209, 13.003], [78.4207, 13.0024], [78.4207, 13.0018], [78.4238, 13.0013], [78.4315, 12.9989], [78.4333, 12.9984], [78.4341, 12.9988], [78.4345, 12.9976], [78.435, 12.9977], [78.436, 12.9976], [78.4379, 12.9974], [78.4396, 12.9972], [78.4422, 12.9968], [78.4439, 12.9966], [78.446, 12.9962], [78.4467, 12.9962], [78.447, 12.9977], [78.4494, 12.9969], [78.4505, 12.9966], [78.4504, 12.9956], [78.4502, 12.9928], [78.4501, 12.9919], [78.4501, 12.9917], [78.45, 12.9897], [78.4491, 12.9899], [78.4486, 12.987], [78.4482, 12.984], [78.4496, 12.9838], [78.452, 12.9833], [78.452, 12.9816], [78.452, 12.9799], [78.452, 12.9778], [78.452, 12.977], [78.4512, 12.9773], [78.4498, 12.978], [78.4487, 12.9782], [78.4455, 12.9785], [78.4429, 12.9789], [78.4393, 12.9799], [78.4364, 12.9813], [78.4363, 12.9813], [78.4353, 12.981], [78.4325, 12.978], [78.4337, 12.9755], [78.4346, 12.9738], [78.4347, 12.9714], [78.4338, 12.9715], [78.4343, 12.9727], [78.4343, 12.9736], [78.4342, 12.9741], [78.4336, 12.9749], [78.4326, 12.9757], [78.4321, 12.9762], [78.4308, 12.9775], [78.4305, 12.9785], [78.4293, 12.9782], [78.4284, 12.9779], [78.4283, 12.9774], [78.4272, 12.9737], [78.4299, 12.973], [78.4299, 12.9718], [78.4264, 12.9727], [78.4241, 12.9709], [78.4247, 12.9696], [78.4259, 12.9701], [78.4275, 12.9707], [78.4275, 12.9703], [78.4269, 12.9681], [78.4266, 12.9675], [78.4261, 12.9672], [78.4254, 12.9667], [78.4251, 12.9675], [78.4236, 12.9696], [78.4227, 12.9688], [78.4216, 12.9697], [78.4222, 12.9711], [78.4198, 12.973], [78.42, 12.9748], [78.4208, 12.9773], [78.4217, 12.9802], [78.4216, 12.9813], [78.421, 12.9826], [78.42, 12.9841], [78.4186, 12.9838], [78.4176, 12.9841], [78.4157, 12.9844], [78.414, 12.9848], [78.4132, 12.9851], [78.4119, 12.9846], [78.4101, 12.9838], [78.4075, 12.9832], [78.4061, 12.9827], [78.4051, 12.9824], [78.4048, 12.9815], [78.404, 12.9803], [78.4038, 12.9797], [78.4013, 12.9801], [78.4018, 12.982], [78.4008, 12.9822], [78.4006, 12.983], [78.4006, 12.9837], [78.399, 12.9852], [78.3988, 12.9866], [78.3985, 12.9912], [78.3988, 12.994], [78.3988, 12.9943], [78.3994, 12.9944], [78.4005, 12.9944], [78.402, 12.9943], [78.4042, 12.9945], [78.4063, 12.9946], [78.4073, 12.9947], [78.4072, 12.9958], [78.4072, 12.9969], [78.4074, 12.9978], [78.4073, 12.9988], [78.4072, 12.9993], [78.4066, 12.9996], [78.4057, 12.9999], [78.4057, 13.0006], [78.4054, 13.0013], [78.4056, 13.0042], [78.4056, 13.0049], [78.4055, 13.0051], [78.404, 13.0051], [78.403, 13.0052], [78.402, 13.0054], [78.4006, 13.0054], [78.3989, 13.0055], [78.3976, 13.0056], [78.3981, 13.007], [78.3984, 13.0077], [78.3987, 13.0078], [78.3993, 13.0076], [78.4, 13.0074], [78.4006, 13.0073], [78.4009, 13.0073], [78.401, 13.0076], [78.4011, 13.0089], [78.4014, 13.0105], [78.4017, 13.0105], [78.4023, 13.0103], [78.4035, 13.0099], [78.4042, 13.0098], [78.4052, 13.0098], [78.4066, 13.0098], [78.4072, 13.0099], [78.4078, 13.0101], [78.4082, 13.0109], [78.4084, 13.0118], [78.4087, 13.0127], [78.4087, 13.0133], [78.4088, 13.0151], [78.4098, 13.0172], [78.4103, 13.0187], [78.4107, 13.0194], [78.411, 13.02], [78.4112, 13.0207], [78.4113, 13.0214], [78.4113, 13.022], [78.4116, 13.0223], [78.4119, 13.0224], [78.4123, 13.0225], [78.4125, 13.0228], [78.4127, 13.0233], [78.4129, 13.0239], [78.4145, 13.0235], [78.4161, 13.0232], [78.4179, 13.023], [78.419, 13.0229], [78.4199, 13.0227], [78.4214, 13.0216], [78.4229, 13.0209], [78.4241, 13.0206], [78.425, 13.0203], [78.4259, 13.0196], [78.4262, 13.019], [78.4265, 13.0179], [78.4266, 13.0158], [78.427, 13.0147], [78.4292, 13.0146]], [[78.4362, 12.9947], [78.4343, 12.9937], [78.4337, 12.9923], [78.4336, 12.9918], [78.4359, 12.9886], [78.4374, 12.9904], [78.4393, 12.9897], [78.4392, 12.992], [78.4391, 12.9922], [78.4389, 12.9926], [78.4384, 12.993], [78.4378, 12.9932], [78.4371, 12.9936], [78.4367, 12.9941], [78.4362, 12.9947]]]}, "properties": {"OBJECTID": 229997, "gpcode": "218822", "gpname": "VENGASANDRA", "stname": "KARNATAKA", "dtname": "Kolar", "sdtname": "KOLAR GOLD FIELD", "stcode11": "29", "dtcode11": "581", "sdtcode11": "", "blklgdcode": "7363", "blkname": "K G F", "dt_lgd": 542, "sdt_lgd": 7002, "st_lgd": 29, "vilcode11": 0, "vilname11": "", "pan_local": "ಕ ಜಿ ಎಫ್", "b_pan_code": 293922, "b_pan_name": "K G F", "d_pan_code": 497, "d_pan_name": "KOLAR", "gp_code": "218822", "gp_name": "VENGASANDRA", "st_2011": "29", "dt_2011": "581", "sdt_2011": "", "subdtname": "KOLAR GOLD FIELD", "block_name": "K G F", "blk_lgdcod": "7363", "dtcode14": "581", "SHAPE_Length": 35239.13307511735, "SHAPE_Area": 17877058.423263215}}, {"type": "Feature", "geometry": {"type": "Polygon", "coordinates": [[[78.2186, 12.9137], [78.2184, 12.9124], [78.219, 12.9129], [78.2197, 12.9116], [78.2202, 12.9095], [78.2184, 12.908], [78.2185, 12.9069], [78.2173, 12.905], [78.2163, 12.9052], [78.215, 12.9055], [78.2139, 12.9066], [78.2119, 12.9072], [78.2116, 12.906], [78.2104, 12.9056], [78.2102, 12.9046], [78.2117, 12.9046], [78.2137, 12.9047], [78.2141, 12.9037], [78.213, 12.9028], [78.2123, 12.9013], [78.2121, 12.9], [78.2116, 12.8988], [78.2117, 12.8978], [78.2109, 12.8973], [78.2098, 12.8973], [78.2086, 12.8956], [78.2084, 12.8935], [78.2063, 12.8931], [78.206, 12.8943], [78.2041, 12.8946], [78.2016, 12.8947], [78.1998, 12.8949], [78.1991, 12.8934], [78.1986, 12.893], [78.1979, 12.893], [78.1954, 12.8932], [78.1941, 12.8925], [78.1924, 12.8911], [78.1911, 12.8904], [78.1895, 12.8908], [78.1888, 12.8912], [78.1881, 12.8906], [78.1871, 12.8894], [78.1876, 12.8887], [78.1869, 12.8876], [78.1851, 12.8875], [78.1836, 12.888], [78.1814, 12.8882], [78.178, 12.8885], [78.175, 12.8889], [78.1719, 12.8895], [78.1693, 12.8895], [78.1679, 12.8891], [78.168, 12.8879], [78.1685, 12.8863], [78.169, 12.8827], [78.1695, 12.8812], [78.1706, 12.8778], [78.1709, 12.8753], [78.1712, 12.8732], [78.1713, 12.8706], [78.1716, 12.8694], [78.1698, 12.8682], [78.1677, 12.8668], [78.1663, 12.8664], [78.1646, 12.8658], [78.1634, 12.8653], [78.1623, 12.8652], [78.1609, 12.8655], [78.1594, 12.8658], [78.1584, 12.8661], [78.1574, 12.8664], [78.1573, 12.8664], [78.156, 12.8666], [78.155, 12.8666], [78.1542, 12.8666], [78.1525, 12.8664], [78.1515, 12.8645], [78.1497, 12.8618], [78.1497, 12.86], [78.1496, 12.8572], [78.1488, 12.8564], [78.1474, 12.8564], [78.1471, 12.8557], [78.1469, 12.856], [78.1459, 12.8586], [78.1447, 12.8603], [78.1441, 12.8618], [78.1433, 12.8629], [78.1433, 12.8628], [78.1428, 12.8624], [78.1415, 12.8619], [78.141, 12.8615], [78.1406, 12.8614], [78.1391, 12.86], [78.1386, 12.8593], [78.1384, 12.858], [78.1376, 12.8569], [78.1369, 12.8561], [78.1356, 12.8575], [78.1352, 12.8582], [78.1341, 12.8591], [78.1333, 12.8589], [78.1316, 12.86], [78.1288, 12.8611], [78.1288, 12.8612], [78.1287, 12.8616], [78.1294, 12.8624], [78.1298, 12.8634], [78.1303, 12.8653], [78.1299, 12.8666], [78.1293, 12.8678], [78.1291, 12.8686], [78.1291, 12.8687], [78.128, 12.8687], [78.1277, 12.8687], [78.1267, 12.8686], [78.126, 12.8691], [78.1256, 12.8698], [78.1258, 12.8705], [78.1252, 12.871], [78.1242, 12.8708], [78.1238, 12.871], [78.1241, 12.872], [78.1243, 12.8732], [78.1244, 12.8738], [78.1245, 12.8745], [78.124, 12.8746], [78.1231, 12.8744], [78.1227, 12.8742], [78.1227, 12.8743], [78.1227, 12.8746], [78.1228, 12.8751], [78.1228, 12.8759], [78.1227, 12.8767], [78.1227, 12.8768], [78.1225, 12.8794], [78.1229, 12.8796], [78.1251, 12.8798], [78.1279, 12.8801], [78.1282, 12.8804], [78.1284, 12.8802], [78.1296, 12.8805], [78.1304, 12.8793], [78.131, 12.8784], [78.1319, 12.878], [78.1337, 12.8775], [78.134, 12.8775], [78.135, 12.8772], [78.1361, 12.8769], [78.1363, 12.877], [78.1363, 12.8773], [78.136, 12.8779], [78.1359, 12.8786], [78.1366, 12.8796], [78.1372, 12.8808], [78.1382, 12.8811], [78.1389, 12.8816], [78.1396, 12.8817], [78.1402, 12.8815], [78.1409, 12.8813], [78.1413, 12.8815], [78.1413, 12.882], [78.1408, 12.8826], [78.1403, 12.883], [78.1397, 12.8836], [78.1399, 12.8837], [78.1384, 12.8854], [78.1375, 12.885], [78.1363, 12.8849], [78.1345, 12.8847], [78.1333, 12.885], [78.1318, 12.8837], [78.131, 12.8829], [78.1294, 12.8815], [78.129, 12.8812], [78.1293, 12.8824], [78.1297, 12.8841], [78.13, 12.8852], [78.1302, 12.8862], [78.1296, 12.8869], [78.1296, 12.887], [78.1296, 12.8876], [78.1305, 12.8886], [78.1313, 12.8894], [78.1316, 12.8905], [78.1316, 12.8906], [78.133, 12.8907], [78.1346, 12.8907], [78.1364, 12.8908], [78.1378, 12.891], [78.1385, 12.8912], [78.1393, 12.8912], [78.1401, 12.8915], [78.1417, 12.8917], [78.1428, 12.8921], [78.1426, 12.8921], [78.1424, 12.8922], [78.142, 12.893], [78.1417, 12.8954], [78.1418, 12.8961], [78.1415, 12.8964], [78.1405, 12.8967], [78.1404, 12.8967], [78.1387, 12.8966], [78.1375, 12.8968], [78.1355, 12.8975], [78.1353, 12.8979], [78.1346, 12.8983], [78.1342, 12.8986], [78.1336, 12.8989], [78.133, 12.8988], [78.1324, 12.8988], [78.1314, 12.8986], [78.1305, 12.8986], [78.1301, 12.8985], [78.1297, 12.898], [78.1294, 12.8974], [78.129, 12.897], [78.1289, 12.8963], [78.1288, 12.896], [78.1279, 12.8957], [78.1275, 12.8955], [78.1271, 12.8968], [78.1265, 12.8977], [78.1262, 12.8982], [78.1253, 12.8984], [78.125, 12.8984], [78.1258, 12.8992], [78.1266, 12.9], [78.1267, 12.9013], [78.1276, 12.9028], [78.1284, 12.9038], [78.1294, 12.9047], [78.1298, 12.9053], [78.1299, 12.906], [78.13, 12.9067], [78.1297, 12.9083], [78.1312, 12.9096], [78.1333, 12.911], [78.1342, 12.9101], [78.1354, 12.9099], [78.1372, 12.9097], [78.1385, 12.9093], [78.1409, 12.9092], [78.1422, 12.9091], [78.1432, 12.9088], [78.1446, 12.9087], [78.1453, 12.909], [78.148, 12.9093], [78.1491, 12.9093], [78.1504, 12.9093], [78.1519, 12.9093], [78.1537, 12.9089], [78.1558, 12.9083], [78.1582, 12.9079], [78.161, 12.9074], [78.1638, 12.9072], [78.1661, 12.9074], [78.1671, 12.9053], [78.1674, 12.9048], [78.1675, 12.9046], [78.1693, 12.9028], [78.1707, 12.9022], [78.1727, 12.9025], [78.1744, 12.9022], [78.1764, 12.902], [78.1782, 12.9018], [78.1801, 12.9016], [78.1818, 12.9015], [78.1825, 12.9018], [78.1832, 12.9026], [78.1838, 12.9035], [78.1841, 12.9046], [78.1841, 12.9074], [78.1864, 12.907], [78.189, 12.9065], [78.1926, 12.9057], [78.1938, 12.9047], [78.1955, 12.9035], [78.1965, 12.9034], [78.1976, 12.9034], [78.1982, 12.9042], [78.1987, 12.9049], [78.1997, 12.9062], [78.2014, 12.9079], [78.2029, 12.9095], [78.2042, 12.9111], [78.2053, 12.9118], [78.2052, 12.9126], [78.2063, 12.9107], [78.2087, 12.911], [78.2091, 12.9099], [78.2094, 12.9087], [78.2105, 12.9084], [78.2113, 12.909], [78.2116, 12.9098], [78.213, 12.9104], [78.2139, 12.9104], [78.2152, 12.9123], [78.2155, 12.9118], [78.2154, 12.9104], [78.2162, 12.9108], [78.2165, 12.9117], [78.2167, 12.913], [78.2176, 12.9125], [78.2179, 12.9138], [78.2186, 12.9137]]]}, "properties": {"OBJECTID": 229998, "gpcode": "218823", "gpname": "YELESANDRA", "stname": "KARNATAKA", "dtname": "Kolar", "sdtname": "Bangarapet", "stcode11": "29", "dtcode11": "581", "sdtcode11": "05593", "blklgdcode": "5865", "blkname": "BANGARAPET", "dt_lgd": 542, "sdt_lgd": 5593, "st_lgd": 29, "vilcode11": 0, "vilname11": "", "pan_local": "BANGARAPET", "b_pan_code": 6196, "b_pan_name": "BANGARAPET", "d_pan_code": 497, "d_pan_name": "KOLAR", "gp_code": "218823", "gp_name": "YELESANDRA", "st_2011": "29", "dt_2011": "581", "sdt_2011": "05593", "subdtname": "Bangarapet", "block_name": "BANGARAPET", "blk_lgdcod": "5865", "dtcode14": "581", "SHAPE_Length": 45572.146016330036, "SHAPE_Area": 30919063.706362177}}, {"type": "Feature", "geometry": {"type": "Polygon", "coordinates": [[[78.1812, 12.9231], [78.1814, 12.9227], [78.1829, 12.9231], [78.185, 12.9229], [78.1855, 12.9218], [78.1877, 12.92], [78.1877, 12.9184], [78.1873, 12.9155], [78.1875, 12.9151], [78.1871, 12.9147], [78.1865, 12.9119], [78.1871, 12.9107], [78.187, 12.9093], [78.1854, 12.9093], [78.1838, 12.9091], [78.1794, 12.9099], [78.1778, 12.9101], [78.1779, 12.9118], [78.1788, 12.9199], [78.1792, 12.9225], [78.1794, 12.9226], [78.1812, 12.9231]]]}, "properties": {"OBJECTID": 229999, "gpcode": "218823", "gpname": "YELESANDRA", "stname": "KARNATAKA", "dtname": "Kolar", "sdtname": "Bangarapet", "stcode11": "29", "dtcode11": "581", "sdtcode11": "05593", "blklgdcode": "5865", "blkname": "BANGARAPET", "dt_lgd": 542, "sdt_lgd": 5593, "st_lgd": 29, "vilcode11": 0, "vilname11": "", "pan_local": "BANGARAPET", "b_pan_code": 6196, "b_pan_name": "BANGARAPET", "d_pan_code": 497, "d_pan_name": "KOLAR", "gp_code": "218823", "gp_name": "YELESANDRA", "st_2011": "29", "dt_2011": "581", "sdt_2011": "05593", "subdtname": "Bangarapet", "block_name": "BANGARAPET", "blk_lgdcod": "5865", "dtcode14": "581", "SHAPE_Length": 4872.167904168009, "SHAPE_Area": 1456485.0663788659}}, {"type": "Feature", "geometry": {"type": "Polygon", "coordinates": [[[77.9988, 13.3051], [78.0007, 13.3045], [78.0029, 13.304], [78.0047, 13.3037], [78.0074, 13.3026], [78.0113, 13.3015], [78.0118, 13.3002], [78.0118, 13.2989], [78.0119, 13.2972], [78.0119, 13.2959], [78.0112, 13.2958], [78.0113, 13.2937], [78.0116, 13.2923], [78.0117, 13.2907], [78.0126, 13.2903], [78.0137, 13.29], [78.0137, 13.2885], [78.0138, 13.2857], [78.0148, 13.2842], [78.0152, 13.2831], [78.0155, 13.2829], [78.0171, 13.2828], [78.0199, 13.2826], [78.0238, 13.2824], [78.0245, 13.2805], [78.0248, 13.2796], [78.0236, 13.2781], [78.0224, 13.2766], [78.0214, 13.2752], [78.0204, 13.2752], [78.0196, 13.2744], [78.0186, 13.2738], [78.0171, 13.273], [78.0156, 13.2724], [78.0142, 13.2724], [78.0119, 13.2725], [78.0115, 13.2719], [78.0114, 13.2715], [78.0104, 13.2715], [78.0082, 13.2718], [78.0062, 13.2721], [78.0046, 13.2724], [78.004, 13.2713], [78.0033, 13.2697], [78.0027, 13.2683], [78.0022, 13.2671], [78.0019, 13.2662], [78.0001, 13.2659], [77.9988, 13.2659], [77.9958, 13.2658], [77.9929, 13.2657], [77.9905, 13.2658], [77.9878, 13.2674], [77.9876, 13.2676], [77.9873, 13.2676], [77.9869, 13.2676], [77.9867, 13.2675], [77.9864, 13.2675], [77.9859, 13.2674], [77.9856, 13.2674], [77.9857, 13.267], [77.9857, 13.2666], [77.9853, 13.2666], [77.9836, 13.2661], [77.9829, 13.2668], [77.9821, 13.2666], [77.9817, 13.2656], [77.981, 13.2651], [77.9796, 13.2651], [77.978, 13.2653], [77.9759, 13.266], [77.9745, 13.2666], [77.9729, 13.2667], [77.9714, 13.2669], [77.9704, 13.267], [77.9702, 13.2666], [77.9694, 13.2651], [77.9686, 13.2635], [77.9683, 13.2621], [77.9671, 13.262], [77.9655, 13.2621], [77.9652, 13.2612], [77.9635, 13.2613], [77.9621, 13.2614], [77.961, 13.2615], [77.9614, 13.2638], [77.9614, 13.2662], [77.9613, 13.2685], [77.9608, 13.2698], [77.9582, 13.2704], [77.9565, 13.271], [77.957, 13.2712], [77.9576, 13.2714], [77.9582, 13.2714], [77.9584, 13.272], [77.959, 13.2722], [77.9595, 13.2722], [77.9595, 13.2728], [77.9594, 13.2735], [77.9595, 13.274], [77.9594, 13.2747], [77.9594, 13.2754], [77.9594, 13.276], [77.9586, 13.2763], [77.9579, 13.2766], [77.9573, 13.2768], [77.9567, 13.2771], [77.9568, 13.2776], [77.9569, 13.2783], [77.957, 13.2789], [77.9572, 13.2795], [77.9573, 13.2802], [77.9575, 13.2807], [77.9576, 13.2813], [77.9577, 13.2819], [77.9583, 13.2821], [77.9589, 13.2822], [77.9595, 13.2823], [77.9599, 13.2828], [77.9604, 13.2834], [77.9607, 13.2838], [77.9612, 13.2842], [77.9618, 13.2841], [77.9623, 13.2838], [77.9629, 13.2834], [77.9635, 13.2832], [77.964, 13.283], [77.9646, 13.2827], [77.9652, 13.2825], [77.9658, 13.2824], [77.9664, 13.2823], [77.967, 13.2823], [77.9676, 13.2823], [77.9683, 13.2823], [77.9689, 13.2824], [77.9695, 13.2826], [77.97, 13.283], [77.9704, 13.2833], [77.9709, 13.2837], [77.9714, 13.284], [77.9719, 13.2843], [77.9725, 13.2846], [77.9731, 13.2849], [77.9737, 13.2851], [77.9743, 13.2854], [77.9749, 13.2856], [77.9756, 13.2857], [77.9763, 13.2859], [77.9769, 13.286], [77.9775, 13.2861], [77.9781, 13.2862], [77.9788, 13.2863], [77.9793, 13.2863], [77.9801, 13.2864], [77.9806, 13.2865], [77.9813, 13.2865], [77.982, 13.2865], [77.9826, 13.2864], [77.9832, 13.2862], [77.9836, 13.2862], [77.9845, 13.2861], [77.9847, 13.2866], [77.9848, 13.2873], [77.9847, 13.2878], [77.9847, 13.2885], [77.9847, 13.2892], [77.9847, 13.2897], [77.9848, 13.2904], [77.9847, 13.291], [77.9848, 13.2916], [77.9848, 13.2922], [77.9848, 13.2929], [77.9849, 13.2934], [77.9849, 13.294], [77.985, 13.2947], [77.985, 13.2954], [77.985, 13.296], [77.985, 13.2967], [77.9851, 13.2973], [77.9851, 13.298], [77.9851, 13.2986], [77.9852, 13.2992], [77.9856, 13.2999], [77.9862, 13.2998], [77.9869, 13.2999], [77.9872, 13.3003], [77.9877, 13.3008], [77.9881, 13.3013], [77.9883, 13.3019], [77.9885, 13.3025], [77.9887, 13.3031], [77.9889, 13.3037], [77.989, 13.3042], [77.9896, 13.3043], [77.9903, 13.3044], [77.991, 13.3045], [77.9916, 13.3046], [77.9922, 13.3046], [77.9928, 13.3047], [77.9934, 13.3048], [77.994, 13.3049], [77.9947, 13.3049], [77.9954, 13.3049], [77.9959, 13.3049], [77.9965, 13.305], [77.997, 13.305], [77.9976, 13.3049], [77.9981, 13.305], [77.9983, 13.305], [77.9988, 13.3051]]]}, "properties": {"OBJECTID": 230168, "gpcode": "218924", "gpname": "AMMANALLUR", "stname": "KARNATAKA", "dtname": "Kolar", "sdtname": "Kolar", "stcode11": "29", "dtcode11": "581", "sdtcode11": "05591", "blklgdcode": "5870", "blkname": "KOLAR", "dt_lgd": 542, "sdt_lgd": 5591, "st_lgd": 29, "vilcode11": 0, "vilname11": "", "pan_local": "KOLAR", "b_pan_code": 6201, "b_pan_name": "KOLAR", "d_pan_code": 497, "d_pan_name": "KOLAR", "gp_code": "218924", "gp_name": "AMMANALLUR", "st_2011": "29", "dt_2011": "581", "sdt_2011": "05591", "subdtname": "Kolar", "block_name": "KOLAR", "blk_lgdcod": "5870", "dtcode14": "581", "SHAPE_Length": 23766.243104834888, "SHAPE_Area": 20179114.306806862}}, {"type": "Feature", "geometry": {"type": "Polygon", "coordinates": [[[78.0555, 13.1242], [78.0555, 13.1237], [78.0534, 13.1242], [78.0523, 13.1224], [78.0516, 13.1204], [78.0517, 13.1197], [78.0529, 13.119], [78.0529, 13.1184], [78.0541, 13.1173], [78.052, 13.1149], [78.052, 13.1142], [78.0512, 13.1138], [78.0512, 13.1123], [78.0514, 13.1109], [78.0515, 13.1108], [78.052, 13.107], [78.0541, 13.1089], [78.0575, 13.1117], [78.059, 13.1141], [78.0607, 13.1181], [78.0597, 13.1217], [78.0594, 13.1223], [78.058, 13.1223], [78.0579, 13.1234], [78.0572, 13.1236], [78.0586, 13.1245], [78.0662, 13.1312], [78.0683, 13.134], [78.0689, 13.1341], [78.0723, 13.1332], [78.076, 13.1321], [78.0804, 13.1306], [78.0835, 13.1301], [78.0868, 13.129], [78.092, 13.128], [78.095, 13.1276], [78.0971, 13.1271], [78.0975, 13.1219], [78.0978, 13.119], [78.0983, 13.1166], [78.0985, 13.1143], [78.0984, 13.1118], [78.098, 13.1094], [78.0982, 13.1094], [78.0984, 13.1094], [78.0988, 13.1092], [78.0988, 13.1088], [78.0995, 13.1088], [78.0998, 13.1084], [78.0995, 13.1078], [78.0986, 13.1072], [78.0984, 13.1052], [78.0984, 13.1036], [78.0981, 13.1023], [78.0967, 13.1025], [78.0956, 13.1028], [78.0953, 13.101], [78.0949, 13.1006], [78.0932, 13.1007], [78.0921, 13.099], [78.0911, 13.0984], [78.0903, 13.0982], [78.0878, 13.0979], [78.0833, 13.0969], [78.0811, 13.0965], [78.0747, 13.0951], [78.0724, 13.0947], [78.0721, 13.0946], [78.0695, 13.0944], [78.0671, 13.0943], [78.0666, 13.095], [78.0656, 13.0958], [78.0639, 13.0981], [78.0601, 13.0989], [78.0548, 13.0997], [78.0499, 13.0989], [78.0459, 13.0967], [78.0444, 13.0925], [78.0431, 13.0885], [78.0434, 13.0871], [78.0449, 13.0822], [78.0436, 13.0829], [78.0418, 13.0841], [78.0395, 13.0858], [78.0382, 13.0865], [78.0373, 13.0873], [78.0362, 13.0875], [78.0354, 13.0875], [78.0347, 13.0877], [78.0337, 13.0881], [78.0337, 13.091], [78.0334, 13.0934], [78.0332, 13.0949], [78.0323, 13.0944], [78.0311, 13.0941], [78.0304, 13.0942], [78.0306, 13.0968], [78.0309, 13.1005], [78.0287, 13.1023], [78.027, 13.1022], [78.0251, 13.1022], [78.0219, 13.1024], [78.0206, 13.098], [78.0203, 13.0973], [78.0194, 13.0966], [78.0183, 13.0956], [78.0178, 13.0917], [78.0175, 13.0903], [78.0175, 13.0876], [78.0177, 13.084], [78.0166, 13.0844], [78.0149, 13.0844], [78.013, 13.0846], [78.0125, 13.0847], [78.0099, 13.0847], [78.0105, 13.0851], [78.0109, 13.086], [78.0103, 13.0878], [78.0099, 13.0885], [78.0098, 13.0891], [78.009, 13.0895], [78.0084, 13.0902], [78.0089, 13.091], [78.0093, 13.0924], [78.0093, 13.0934], [78.0097, 13.0943], [78.009, 13.0947], [78.0082, 13.0955], [78.0079, 13.096], [78.0077, 13.0973], [78.0078, 13.0988], [78.008, 13.1001], [78.0071, 13.1018], [78.0055, 13.1021], [78.0043, 13.1026], [78.0035, 13.1074], [78.0039, 13.1102], [78.0048, 13.1101], [78.0063, 13.1102], [78.008, 13.111], [78.0089, 13.1116], [78.01, 13.1125], [78.0118, 13.1134], [78.0143, 13.115], [78.0146, 13.1159], [78.0145, 13.1199], [78.0148, 13.1218], [78.0161, 13.1209], [78.018, 13.12], [78.0206, 13.1215], [78.0227, 13.1227], [78.0247, 13.1241], [78.0265, 13.1258], [78.0272, 13.127], [78.0274, 13.1279], [78.0274, 13.1287], [78.0276, 13.1294], [78.028, 13.13], [78.0296, 13.1297], [78.0305, 13.1292], [78.0317, 13.1288], [78.0329, 13.1281], [78.0335, 13.1277], [78.0344, 13.1275], [78.0357, 13.1275], [78.0362, 13.1276], [78.0368, 13.1278], [78.037, 13.1277], [78.0371, 13.1276], [78.0371, 13.1272], [78.0366, 13.1261], [78.0366, 13.1255], [78.0368, 13.1246], [78.037, 13.124], [78.0375, 13.1234], [78.038, 13.1231], [78.0384, 13.1231], [78.0389, 13.1232], [78.0394, 13.1234], [78.0402, 13.1232], [78.041, 13.1233], [78.0411, 13.1239], [78.0413, 13.1249], [78.0417, 13.1258], [78.042, 13.1266], [78.0424, 13.1274], [78.0421, 13.1281], [78.0399, 13.1287], [78.0409, 13.1313], [78.0431, 13.1324], [78.0489, 13.1343], [78.0522, 13.1325], [78.0553, 13.1311], [78.0569, 13.1303], [78.0552, 13.1285], [78.0542, 13.127], [78.0532, 13.1259], [78.052, 13.1252], [78.0555, 13.1242]]]}, "properties": {"OBJECTID": 230169, "gpcode": "218925", "gpname": "ARABILKOTHANUR", "stname": "KARNATAKA", "dtname": "Kolar", "sdtname": "Kolar", "stcode11": "29", "dtcode11": "581", "sdtcode11": "05591", "blklgdcode": "5870", "blkname": "KOLAR", "dt_lgd": 542, "sdt_lgd": 5591, "st_lgd": 29, "vilcode11": 0, "vilname11": "", "pan_local": "KOLAR", "b_pan_code": 6201, "b_pan_name": "KOLAR", "d_pan_code": 497, "d_pan_name": "KOLAR", "gp_code": "218925", "gp_name": "ARABILKOTHANUR", "st_2011": "29", "dt_2011": "581", "sdt_2011": "05591", "subdtname": "Kolar", "block_name": "KOLAR", "blk_lgdcod": "5870", "dtcode14": "581", "SHAPE_Length": 42864.174415612666, "SHAPE_Area": 35876239.80502203}}, {"type": "Feature", "geometry": {"type": "Polygon", "coordinates": [[[78.1022, 13.1833], [78.1051, 13.1831], [78.106, 13.1802], [78.1086, 13.1804], [78.1118, 13.1804], [78.1163, 13.1801], [78.1176, 13.1808], [78.1212, 13.1822], [78.1226, 13.1811], [78.1238, 13.1814], [78.1249, 13.182], [78.1262, 13.1823], [78.1282, 13.1823], [78.1299, 13.1822], [78.1331, 13.1822], [78.1345, 13.1822], [78.1352, 13.182], [78.1361, 13.1815], [78.1374, 13.1805], [78.1386, 13.18], [78.1399, 13.1792], [78.1412, 13.1784], [78.1419, 13.1759], [78.1426, 13.1739], [78.1431, 13.1728], [78.1441, 13.1727], [78.1452, 13.1725], [78.1463, 13.172], [78.1468, 13.1725], [78.1476, 13.1732], [78.149, 13.1723], [78.1516, 13.1709], [78.1541, 13.1698], [78.1542, 13.1683], [78.1544, 13.1679], [78.1543, 13.1678], [78.154, 13.1675], [78.1537, 13.1665], [78.1524, 13.1667], [78.1512, 13.1667], [78.1509, 13.1656], [78.1501, 13.163], [78.1507, 13.163], [78.151, 13.1624], [78.1511, 13.1619], [78.1505, 13.1609], [78.1503, 13.1605], [78.1507, 13.16], [78.1505, 13.1594], [78.1471, 13.154], [78.1466, 13.1532], [78.1468, 13.1529], [78.1468, 13.1524], [78.1462, 13.1519], [78.1451, 13.1519], [78.1437, 13.1492], [78.1414, 13.1476], [78.1387, 13.1472], [78.1372, 13.1468], [78.134, 13.1456], [78.1328, 13.1457], [78.1312, 13.1468], [78.131, 13.1484], [78.1303, 13.1489], [78.1303, 13.1497], [78.13, 13.1503], [78.1292, 13.1506], [78.1285, 13.1517], [78.1287, 13.1529], [78.1285, 13.1555], [78.1277, 13.1559], [78.1235, 13.1574], [78.123, 13.1573], [78.121, 13.1578], [78.1198, 13.1584], [78.1184, 13.159], [78.1171, 13.1597], [78.1161, 13.1608], [78.1145, 13.1579], [78.1123, 13.1553], [78.11, 13.1551], [78.1094, 13.1537], [78.1083, 13.1522], [78.1074, 13.1521], [78.1026, 13.1513], [78.0966, 13.1503], [78.0951, 13.1503], [78.0956, 13.1514], [78.0956, 13.1521], [78.096, 13.1529], [78.0966, 13.1542], [78.0969, 13.1554], [78.0968, 13.1564], [78.0964, 13.1574], [78.0963, 13.1581], [78.0961, 13.1599], [78.0962, 13.1613], [78.096, 13.1636], [78.0956, 13.1636], [78.0952, 13.1638], [78.0935, 13.1644], [78.0924, 13.1646], [78.0914, 13.1645], [78.0895, 13.1649], [78.0877, 13.1654], [78.0871, 13.1657], [78.0857, 13.1666], [78.0869, 13.1667], [78.0878, 13.1672], [78.088, 13.1679], [78.0884, 13.1711], [78.0886, 13.1723], [78.088, 13.1741], [78.0892, 13.1761], [78.0885, 13.1776], [78.0883, 13.1785], [78.0862, 13.1799], [78.0843, 13.181], [78.084, 13.1815], [78.0888, 13.1817], [78.0886, 13.1827], [78.0917, 13.1825], [78.093, 13.1826], [78.0947, 13.1833], [78.0971, 13.1837], [78.0983, 13.1831], [78.1005, 13.1839], [78.1022, 13.1833]], [[78.1294, 13.1689], [78.1299, 13.1685], [78.1311, 13.1686], [78.132, 13.1686], [78.1333, 13.1681], [78.1356, 13.1674], [78.1373, 13.1668], [78.1387, 13.1666], [78.1395, 13.1665], [78.1407, 13.166], [78.1414, 13.1672], [78.1424, 13.1672], [78.1424, 13.1691], [78.1434, 13.1718], [78.1406, 13.1728], [78.1357, 13.1743], [78.134, 13.1752], [78.1319, 13.1767], [78.1307, 13.1789], [78.1301, 13.1801], [78.1288, 13.1809], [78.129, 13.1793], [78.1294, 13.1758], [78.1296, 13.1732], [78.1298, 13.1715], [78.1296, 13.1697], [78.1294, 13.1689]]]}, "properties": {"OBJECTID": 230170, "gpcode": "218926", "gpname": "ARAHALLI", "stname": "KARNATAKA", "dtname": "Kolar", "sdtname": "Kolar", "stcode11": "29", "dtcode11": "581", "sdtcode11": "05591", "blklgdcode": "5870", "blkname": "KOLAR", "dt_lgd": 542, "sdt_lgd": 5591, "st_lgd": 29, "vilcode11": 0, "vilname11": "", "pan_local": "KOLAR", "b_pan_code": 6201, "b_pan_name": "KOLAR", "d_pan_code": 497, "d_pan_name": "KOLAR", "gp_code": "218926", "gp_name": "ARAHALLI", "st_2011": "29", "dt_2011": "581", "sdt_2011": "05591", "subdtname": "Kolar", "block_name": "KOLAR", "blk_lgdcod": "5870", "dtcode14": "581", "SHAPE_Length": 29884.748545670598, "SHAPE_Area": 19824968.77253717}}, {"type": "Feature", "geometry": {"type": "Polygon", "coordinates": [[[78.1146, 13.107], [78.1148, 13.1062], [78.1152, 13.1045], [78.1153, 13.1025], [78.1141, 13.1003], [78.1141, 13.0992], [78.1156, 13.0989], [78.1166, 13.0987], [78.1189, 13.0973], [78.1197, 13.0968], [78.1221, 13.0951], [78.1237, 13.0941], [78.1255, 13.0941], [78.1274, 13.0958], [78.1289, 13.0964], [78.1306, 13.0971], [78.1313, 13.0978], [78.1316, 13.0947], [78.1316, 13.0912], [78.132, 13.0902], [78.1339, 13.0898], [78.1361, 13.0902], [78.138, 13.0898], [78.1402, 13.0892], [78.1412, 13.0885], [78.1419, 13.088], [78.1416, 13.0875], [78.1422, 13.0874], [78.1423, 13.0861], [78.1436, 13.086], [78.1452, 13.0858], [78.1474, 13.0842], [78.1496, 13.0838], [78.1495, 13.081], [78.1495, 13.0804], [78.147, 13.0809], [78.1462, 13.0811], [78.1459, 13.0806], [78.1458, 13.0798], [78.145, 13.08], [78.145, 13.0798], [78.145, 13.079], [78.1441, 13.0785], [78.1443, 13.0776], [78.1436, 13.0772], [78.1437, 13.0762], [78.1437, 13.0742], [78.1437, 13.0735], [78.1423, 13.073], [78.1415, 13.0722], [78.1411, 13.0715], [78.1406, 13.071], [78.1387, 13.0713], [78.1384, 13.0704], [78.1371, 13.0697], [78.1352, 13.0681], [78.1343, 13.0679], [78.133, 13.0676], [78.1323, 13.0676], [78.1289, 13.0677], [78.1269, 13.068], [78.1248, 13.0688], [78.1218, 13.069], [78.1197, 13.069], [78.118, 13.0684], [78.1167, 13.067], [78.1158, 13.0656], [78.1151, 13.0631], [78.1154, 13.0605], [78.1154, 13.0586], [78.1149, 13.0577], [78.1143, 13.058], [78.1137, 13.0583], [78.1133, 13.0589], [78.1126, 13.0595], [78.112, 13.06], [78.1111, 13.0603], [78.1104, 13.0604], [78.1084, 13.0602], [78.1075, 13.0598], [78.1067, 13.0595], [78.1059, 13.0592], [78.1063, 13.0603], [78.1058, 13.0608], [78.1054, 13.0609], [78.104, 13.0614], [78.1026, 13.0622], [78.1013, 13.0631], [78.1003, 13.0642], [78.0994, 13.0657], [78.1003, 13.0664], [78.1017, 13.0674], [78.1034, 13.0686], [78.1045, 13.0691], [78.1049, 13.0715], [78.1058, 13.0749], [78.1037, 13.0765], [78.1024, 13.0764], [78.1004, 13.0762], [78.0987, 13.0762], [78.0971, 13.0766], [78.0957, 13.077], [78.0923, 13.0781], [78.0896, 13.0786], [78.0896, 13.0789], [78.0888, 13.0796], [78.0864, 13.0816], [78.085, 13.0829], [78.0843, 13.0825], [78.0839, 13.0817], [78.0832, 13.0798], [78.0826, 13.0795], [78.081, 13.0793], [78.0786, 13.0792], [78.077, 13.0793], [78.0759, 13.0804], [78.0754, 13.0806], [78.0743, 13.0809], [78.0733, 13.0814], [78.0726, 13.0815], [78.0716, 13.0817], [78.0703, 13.0821], [78.0698, 13.0841], [78.0713, 13.0856], [78.072, 13.0868], [78.0739, 13.0898], [78.0726, 13.0919], [78.0723, 13.0937], [78.0724, 13.0947], [78.0747, 13.0951], [78.0811, 13.0965], [78.0833, 13.0969], [78.0878, 13.0979], [78.0903, 13.0982], [78.0911, 13.0984], [78.0921, 13.099], [78.0932, 13.1007], [78.0949, 13.1006], [78.0953, 13.101], [78.0956, 13.1028], [78.0967, 13.1025], [78.0981, 13.1023], [78.0984, 13.1036], [78.0984, 13.1052], [78.0986, 13.1072], [78.0995, 13.1078], [78.0998, 13.1084], [78.1031, 13.1078], [78.1054, 13.1071], [78.1091, 13.1063], [78.1093, 13.107], [78.1111, 13.1067], [78.1126, 13.1085], [78.1143, 13.108], [78.1142, 13.1077], [78.1146, 13.107]]]}, "properties": {"OBJECTID": 230171, "gpcode": "218927", "gpname": "BEGLIHOSAHALLI", "stname": "KARNATAKA", "dtname": "Kolar", "sdtname": "Kolar", "stcode11": "29", "dtcode11": "581", "sdtcode11": "05591", "blklgdcode": "5870", "blkname": "KOLAR", "dt_lgd": 542, "sdt_lgd": 5591, "st_lgd": 29, "vilcode11": 0, "vilname11": "", "pan_local": "KOLAR", "b_pan_code": 6201, "b_pan_name": "KOLAR", "d_pan_code": 497, "d_pan_name": "KOLAR", "gp_code": "218927", "gp_name": "BEGLIHOSAHALLI", "st_2011": "29", "dt_2011": "581", "sdt_2011": "05591", "subdtname": "Kolar", "block_name": "KOLAR", "blk_lgdcod": "5870", "dtcode14": "581", "SHAPE_Length": 28601.472865567433, "SHAPE_Area": 24466668.602255292}}, {"type": "Feature", "geometry": {"type": "Polygon", "coordinates": [[[77.9728, 13.1892], [77.9733, 13.1891], [77.9741, 13.1891], [77.9753, 13.1891], [77.9758, 13.1886], [77.9764, 13.1881], [77.9773, 13.1875], [77.9782, 13.1866], [77.9783, 13.1866], [77.9781, 13.1858], [77.9779, 13.1853], [77.9775, 13.1847], [77.9782, 13.1836], [77.9794, 13.1819], [77.9797, 13.1811], [77.9799, 13.1801], [77.98, 13.1788], [77.9802, 13.1774], [77.9803, 13.1766], [77.9813, 13.1758], [77.982, 13.1744], [77.9824, 13.1732], [77.9825, 13.1721], [77.9843, 13.1718], [77.9842, 13.1713], [77.9841, 13.1707], [77.9837, 13.1688], [77.9848, 13.1687], [77.9854, 13.1687], [77.9857, 13.1686], [77.9852, 13.1665], [77.9847, 13.1645], [77.9844, 13.163], [77.9843, 13.1624], [77.9835, 13.162], [77.9817, 13.1611], [77.9785, 13.1596], [77.9782, 13.1583], [77.9775, 13.1566], [77.9771, 13.1554], [77.9794, 13.1534], [77.9807, 13.1522], [77.9803, 13.1515], [77.9798, 13.1502], [77.9793, 13.1487], [77.9789, 13.148], [77.9786, 13.1482], [77.9782, 13.1485], [77.9773, 13.1489], [77.9764, 13.1494], [77.976, 13.1496], [77.9759, 13.1495], [77.9758, 13.1493], [77.9756, 13.1492], [77.9752, 13.1488], [77.9751, 13.1485], [77.975, 13.1483], [77.975, 13.1479], [77.9749, 13.1477], [77.9748, 13.1476], [77.9745, 13.1475], [77.9742, 13.1474], [77.9738, 13.1475], [77.9736, 13.1476], [77.9733, 13.1475], [77.973, 13.1474], [77.9729, 13.1473], [77.9729, 13.1471], [77.9729, 13.147], [77.9729, 13.1468], [77.9729, 13.146], [77.9729, 13.145], [77.9727, 13.1434], [77.9724, 13.1403], [77.9723, 13.1386], [77.9721, 13.1371], [77.9724, 13.1365], [77.9728, 13.1355], [77.9733, 13.1343], [77.9738, 13.133], [77.973, 13.1328], [77.972, 13.1323], [77.9698, 13.1319], [77.9688, 13.1318], [77.967, 13.1313], [77.9662, 13.131], [77.9646, 13.1302], [77.9637, 13.1299], [77.9632, 13.1299], [77.9625, 13.1298], [77.961, 13.1299], [77.9604, 13.1299], [77.9593, 13.1296], [77.9582, 13.1293], [77.9573, 13.129], [77.9574, 13.1292], [77.9577, 13.1303], [77.9574, 13.1309], [77.9572, 13.1313], [77.9567, 13.1337], [77.9563, 13.1358], [77.9559, 13.1376], [77.9554, 13.1401], [77.9555, 13.1403], [77.9558, 13.1415], [77.9569, 13.1445], [77.958, 13.1477], [77.9592, 13.1507], [77.9594, 13.1515], [77.9573, 13.1521], [77.9588, 13.1574], [77.9537, 13.1603], [77.953, 13.1606], [77.9536, 13.1614], [77.9544, 13.1625], [77.955, 13.1629], [77.9553, 13.1631], [77.9554, 13.1661], [77.9555, 13.1688], [77.9555, 13.1694], [77.9542, 13.1701], [77.9545, 13.1723], [77.955, 13.175], [77.9553, 13.1764], [77.957, 13.1763], [77.957, 13.1768], [77.9575, 13.1775], [77.9579, 13.1796], [77.9583, 13.1818], [77.9609, 13.1819], [77.961, 13.1826], [77.9646, 13.1825], [77.9645, 13.1829], [77.9649, 13.1846], [77.9663, 13.1845], [77.9672, 13.1845], [77.9689, 13.1859], [77.9708, 13.1877], [77.9718, 13.1887], [77.9723, 13.1892], [77.9728, 13.1892]]]}, "properties": {"OBJECTID": 230172, "gpcode": "218928", "gpname": "BELAMARANAHALLI", "stname": "KARNATAKA", "dtname": "Kolar", "sdtname": "Kolar", "stcode11": "29", "dtcode11": "581", "sdtcode11": "05591", "blklgdcode": "5870", "blkname": "KOLAR", "dt_lgd": 542, "sdt_lgd": 5591, "st_lgd": 29, "vilcode11": 0, "vilname11": "", "pan_local": "KOLAR", "b_pan_code": 6201, "b_pan_name": "KOLAR", "d_pan_code": 497, "d_pan_name": "KOLAR", "gp_code": "218928", "gp_name": "BELAMARANAHALLI", "st_2011": "29", "dt_2011": "581", "sdt_2011": "05591", "subdtname": "Kolar", "block_name": "KOLAR", "blk_lgdcod": "5870", "dtcode14": "581", "SHAPE_Length": 20050.40536246805, "SHAPE_Area": 15177646.547567343}}, {"type": "Feature", "geometry": {"type": "Polygon", "coordinates": [[[77.9942, 13.151], [77.9946, 13.1487], [77.9954, 13.1447], [77.9958, 13.1425], [77.9961, 13.1409], [77.9964, 13.1392], [77.997, 13.1366], [77.9977, 13.1351], [77.9981, 13.1339], [77.9982, 13.133], [77.9985, 13.1313], [77.9988, 13.13], [77.9995, 13.1298], [78.0007, 13.1295], [78.001, 13.129], [78.0008, 13.128], [78.0006, 13.1268], [77.9988, 13.1252], [77.9985, 13.1247], [77.9977, 13.1238], [77.9968, 13.1228], [77.9954, 13.1212], [77.9956, 13.1206], [77.9959, 13.1198], [77.9972, 13.1176], [77.9976, 13.1168], [77.9988, 13.1154], [78.0005, 13.1135], [78.0018, 13.1122], [78.0039, 13.1102], [78.0035, 13.1074], [78.0043, 13.1026], [78.0016, 13.1018], [77.9993, 13.1005], [77.9988, 13.1003], [77.9959, 13.1005], [77.993, 13.1002], [77.9905, 13.1001], [77.9891, 13.1025], [77.9882, 13.104], [77.9864, 13.1064], [77.9853, 13.1066], [77.9853, 13.1078], [77.9849, 13.1079], [77.9812, 13.1082], [77.9805, 13.1058], [77.9778, 13.1056], [77.9752, 13.1029], [77.9746, 13.1025], [77.9714, 13.1041], [77.9701, 13.1035], [77.9676, 13.1025], [77.9662, 13.102], [77.9637, 13.1009], [77.9614, 13.1002], [77.9596, 13.0999], [77.9577, 13.1], [77.9576, 13.1001], [77.9552, 13.1002], [77.9545, 13.1007], [77.9534, 13.1013], [77.953, 13.1016], [77.9507, 13.1031], [77.9468, 13.1055], [77.946, 13.1055], [77.9446, 13.1051], [77.9434, 13.1047], [77.9403, 13.1076], [77.9393, 13.1078], [77.9373, 13.1081], [77.9371, 13.1097], [77.9369, 13.1119], [77.9366, 13.1142], [77.937, 13.1161], [77.9375, 13.1184], [77.9379, 13.1205], [77.9386, 13.1228], [77.9393, 13.1251], [77.94, 13.125], [77.9409, 13.1248], [77.9429, 13.1243], [77.9458, 13.1236], [77.9464, 13.125], [77.9474, 13.1249], [77.9484, 13.1273], [77.9486, 13.1276], [77.953, 13.1269], [77.9555, 13.1264], [77.9562, 13.1263], [77.9573, 13.129], [77.9582, 13.1293], [77.9593, 13.1296], [77.9604, 13.1299], [77.961, 13.1299], [77.9625, 13.1298], [77.9632, 13.1299], [77.9637, 13.1299], [77.9646, 13.1302], [77.9662, 13.131], [77.967, 13.1313], [77.9688, 13.1318], [77.9698, 13.1319], [77.972, 13.1323], [77.973, 13.1328], [77.9738, 13.133], [77.9733, 13.1343], [77.9728, 13.1355], [77.9724, 13.1365], [77.9721, 13.1371], [77.9723, 13.1386], [77.9724, 13.1403], [77.9727, 13.1434], [77.9729, 13.145], [77.9729, 13.146], [77.9729, 13.1468], [77.9729, 13.147], [77.9729, 13.1471], [77.9729, 13.1473], [77.973, 13.1474], [77.9733, 13.1475], [77.9736, 13.1476], [77.9738, 13.1475], [77.9742, 13.1474], [77.9745, 13.1475], [77.9748, 13.1476], [77.9749, 13.1477], [77.975, 13.1479], [77.975, 13.1483], [77.9751, 13.1485], [77.9752, 13.1488], [77.9756, 13.1492], [77.9758, 13.1493], [77.9759, 13.1495], [77.976, 13.1496], [77.9764, 13.1494], [77.9773, 13.1489], [77.9782, 13.1485], [77.9786, 13.1482], [77.9789, 13.148], [77.9793, 13.1487], [77.9798, 13.1502], [77.9803, 13.1515], [77.9807, 13.1522], [77.9833, 13.1517], [77.9851, 13.1512], [77.9867, 13.1508], [77.9879, 13.1505], [77.9886, 13.1504], [77.989, 13.1505], [77.9912, 13.1523], [77.9921, 13.153], [77.9932, 13.1538], [77.9935, 13.154], [77.9937, 13.1531], [77.9942, 13.151]]]}, "properties": {"OBJECTID": 230173, "gpcode": "218929", "gpname": "BELLUR", "stname": "KARNATAKA", "dtname": "Kolar", "sdtname": "Kolar", "stcode11": "29", "dtcode11": "581", "sdtcode11": "05591", "blklgdcode": "5870", "blkname": "KOLAR", "dt_lgd": 542, "sdt_lgd": 5591, "st_lgd": 29, "vilcode11": 0, "vilname11": "", "pan_local": "KOLAR", "b_pan_code": 6201, "b_pan_name": "KOLAR", "d_pan_code": 497, "d_pan_name": "KOLAR", "gp_code": "218929", "gp_name": "BELLUR", "st_2011": "29", "dt_2011": "581", "sdt_2011": "05591", "subdtname": "Kolar", "block_name": "KOLAR", "blk_lgdcod": "5870", "dtcode14": "581", "SHAPE_Length": 26728.531563827586, "SHAPE_Area": 26657768.073401924}}, {"type": "Feature", "geometry": {"type": "Polygon", "coordinates": [[[77.9538, 13.2698], [77.9544, 13.2697], [77.955, 13.2698], [77.9556, 13.2698], [77.9562, 13.2697], [77.9563, 13.2703], [77.9565, 13.271], [77.9582, 13.2704], [77.9608, 13.2698], [77.9613, 13.2685], [77.9614, 13.2662], [77.9614, 13.2638], [77.961, 13.2615], [77.9621, 13.2614], [77.9635, 13.2613], [77.9652, 13.2612], [77.9662, 13.2612], [77.9665, 13.2607], [77.9673, 13.2588], [77.9677, 13.2576], [77.9679, 13.2559], [77.9678, 13.2536], [77.9678, 13.2512], [77.9666, 13.2491], [77.9683, 13.2479], [77.969, 13.2466], [77.97, 13.2472], [77.9724, 13.2486], [77.9757, 13.2472], [77.9786, 13.2459], [77.9809, 13.245], [77.9831, 13.2441], [77.9837, 13.2442], [77.9853, 13.2443], [77.9876, 13.2445], [77.9892, 13.2447], [77.9907, 13.2453], [77.9914, 13.2458], [77.9921, 13.2459], [77.9923, 13.246], [77.9923, 13.2416], [77.9967, 13.2402], [77.9988, 13.239], [77.9993, 13.2387], [78.0003, 13.235], [78.0005, 13.2333], [78.0018, 13.233], [78.0038, 13.2302], [78.0037, 13.2289], [78.0045, 13.2276], [78.004, 13.2244], [78.0041, 13.2225], [78.0019, 13.2225], [78.0018, 13.222], [78.0011, 13.2191], [78.0004, 13.2175], [78.0, 13.2167], [77.9993, 13.2163], [77.9991, 13.2159], [77.9988, 13.2159], [77.9985, 13.2161], [77.998, 13.2164], [77.997, 13.2163], [77.9958, 13.2164], [77.9872, 13.2166], [77.9865, 13.216], [77.9834, 13.2161], [77.9801, 13.2163], [77.9789, 13.2172], [77.977, 13.2187], [77.975, 13.2202], [77.9734, 13.2214], [77.9741, 13.2223], [77.9747, 13.2233], [77.9752, 13.2242], [77.9755, 13.2249], [77.976, 13.226], [77.9762, 13.2271], [77.9763, 13.2279], [77.9764, 13.2295], [77.9763, 13.2309], [77.9762, 13.2314], [77.976, 13.2317], [77.9758, 13.232], [77.9752, 13.2325], [77.975, 13.2326], [77.9736, 13.2326], [77.9719, 13.2326], [77.9717, 13.2326], [77.9716, 13.2315], [77.9714, 13.2305], [77.9713, 13.2288], [77.9711, 13.2274], [77.9709, 13.2259], [77.9708, 13.2248], [77.9707, 13.2234], [77.9705, 13.2214], [77.9679, 13.2235], [77.9666, 13.2246], [77.9659, 13.225], [77.9643, 13.2252], [77.9617, 13.2254], [77.9595, 13.2256], [77.9584, 13.2257], [77.9585, 13.2248], [77.9566, 13.2247], [77.9555, 13.2233], [77.9531, 13.2239], [77.952, 13.2242], [77.9521, 13.2242], [77.9532, 13.2249], [77.9542, 13.2259], [77.9548, 13.2264], [77.9567, 13.2272], [77.9579, 13.2279], [77.9595, 13.2289], [77.9603, 13.23], [77.9609, 13.2306], [77.962, 13.2315], [77.9631, 13.2322], [77.9639, 13.2328], [77.9637, 13.2344], [77.9635, 13.2362], [77.9635, 13.2372], [77.9633, 13.2388], [77.965, 13.2375], [77.965, 13.24], [77.965, 13.2404], [77.9649, 13.2415], [77.9649, 13.2426], [77.9649, 13.244], [77.9635, 13.2448], [77.962, 13.2456], [77.9606, 13.2463], [77.96, 13.2466], [77.9584, 13.2473], [77.9569, 13.248], [77.9564, 13.2483], [77.9563, 13.2483], [77.9557, 13.2486], [77.9543, 13.2489], [77.9536, 13.249], [77.951, 13.2495], [77.9494, 13.2498], [77.9486, 13.25], [77.9478, 13.2485], [77.9472, 13.2473], [77.9462, 13.2451], [77.9456, 13.2437], [77.9432, 13.2442], [77.9416, 13.2446], [77.94, 13.2449], [77.9357, 13.246], [77.935, 13.2461], [77.9353, 13.247], [77.9347, 13.2474], [77.9344, 13.2478], [77.9343, 13.2484], [77.9343, 13.2486], [77.9345, 13.2491], [77.935, 13.2499], [77.9354, 13.2505], [77.9362, 13.2506], [77.9373, 13.251], [77.9377, 13.2512], [77.9389, 13.2532], [77.9395, 13.2545], [77.94, 13.2555], [77.9412, 13.258], [77.9414, 13.2585], [77.9415, 13.259], [77.9414, 13.2594], [77.9411, 13.2598], [77.9412, 13.2603], [77.9409, 13.2609], [77.9404, 13.2613], [77.9398, 13.2617], [77.9394, 13.2621], [77.939, 13.2626], [77.9386, 13.263], [77.9384, 13.2635], [77.9382, 13.264], [77.9382, 13.2648], [77.9382, 13.268], [77.9389, 13.2679], [77.9395, 13.2678], [77.9402, 13.2677], [77.9408, 13.2676], [77.9415, 13.2676], [77.9414, 13.2682], [77.9415, 13.269], [77.9422, 13.2691], [77.9428, 13.269], [77.943, 13.2695], [77.9436, 13.2697], [77.9442, 13.2695], [77.9448, 13.2693], [77.9449, 13.27], [77.9451, 13.2707], [77.9457, 13.271], [77.9463, 13.2712], [77.9471, 13.2713], [77.9477, 13.2711], [77.9483, 13.2709], [77.9489, 13.2706], [77.9495, 13.2704], [77.9501, 13.2702], [77.9506, 13.2702], [77.9512, 13.2701], [77.9519, 13.27], [77.9525, 13.27], [77.9531, 13.2699], [77.9538, 13.2698]]]}, "properties": {"OBJECTID": 230174, "gpcode": "218930", "gpname": "CHANNASANDRA", "stname": "KARNATAKA", "dtname": "Kolar", "sdtname": "Kolar", "stcode11": "29", "dtcode11": "581", "sdtcode11": "05591", "blklgdcode": "5870", "blkname": "KOLAR", "dt_lgd": 542, "sdt_lgd": 5591, "st_lgd": 29, "vilcode11": 0, "vilname11": "", "pan_local": "KOLAR", "b_pan_code": 6201, "b_pan_name": "KOLAR", "d_pan_code": 497, "d_pan_name": "KOLAR", "gp_code": "218930", "gp_name": "CHANNASANDRA", "st_2011": "29", "dt_2011": "581", "sdt_2011": "05591", "subdtname": "Kolar", "block_name": "KOLAR", "blk_lgdcod": "5870", "dtcode14": "581", "SHAPE_Length": 32687.341492674877, "SHAPE_Area": 20342573.671191957}}, {"type": "Feature", "geometry": {"type": "Polygon", "coordinates": [[[77.9921, 13.1825], [77.9935, 13.1824], [77.9944, 13.1825], [77.9956, 13.1841], [77.9953, 13.1818], [77.995, 13.1796], [77.9947, 13.1775], [77.9945, 13.176], [77.9943, 13.175], [77.9944, 13.1745], [77.9944, 13.1742], [77.9947, 13.1721], [77.9949, 13.1699], [77.9972, 13.1695], [77.9977, 13.1678], [77.9984, 13.166], [77.9988, 13.1636], [77.9989, 13.1636], [77.9993, 13.1633], [77.9997, 13.1623], [77.9998, 13.1609], [78.0002, 13.1595], [78.0019, 13.1605], [78.0027, 13.1609], [78.0038, 13.1614], [78.006, 13.1621], [78.0076, 13.1627], [78.008, 13.1632], [78.0086, 13.1641], [78.01, 13.1653], [78.0109, 13.1658], [78.0114, 13.1661], [78.0117, 13.166], [78.0118, 13.1657], [78.0122, 13.1654], [78.0127, 13.1656], [78.0133, 13.1653], [78.0152, 13.1646], [78.0164, 13.1645], [78.0178, 13.1641], [78.019, 13.1636], [78.0208, 13.1626], [78.023, 13.1613], [78.0257, 13.1601], [78.0283, 13.1593], [78.0288, 13.1588], [78.0297, 13.1586], [78.0313, 13.1582], [78.0337, 13.1582], [78.0358, 13.1586], [78.0371, 13.1594], [78.0383, 13.1596], [78.0393, 13.1599], [78.0394, 13.1588], [78.0409, 13.1587], [78.0424, 13.1588], [78.0433, 13.159], [78.0438, 13.1589], [78.044, 13.1587], [78.0434, 13.1572], [78.0431, 13.1565], [78.0425, 13.1561], [78.0419, 13.156], [78.0407, 13.156], [78.0396, 13.1558], [78.0392, 13.1555], [78.0389, 13.1553], [78.0383, 13.1549], [78.038, 13.1547], [78.0377, 13.1541], [78.0377, 13.1531], [78.0377, 13.1516], [78.0365, 13.151], [78.0341, 13.1506], [78.0333, 13.1504], [78.0322, 13.1504], [78.0312, 13.1498], [78.0302, 13.1496], [78.0291, 13.1497], [78.0282, 13.1509], [78.0274, 13.1476], [78.0269, 13.1475], [78.0247, 13.1473], [78.0218, 13.1475], [78.0183, 13.1475], [78.0178, 13.1483], [78.0185, 13.1494], [78.0184, 13.1499], [78.0179, 13.1498], [78.0177, 13.1509], [78.0169, 13.151], [78.0168, 13.1517], [78.0165, 13.152], [78.0164, 13.1531], [78.0159, 13.1531], [78.0139, 13.1533], [78.0112, 13.1537], [78.0083, 13.1523], [78.0072, 13.1498], [78.0068, 13.1499], [78.0066, 13.1504], [78.0062, 13.1501], [78.005, 13.1504], [78.0019, 13.151], [77.9997, 13.1514], [78.0, 13.1522], [78.0004, 13.1536], [77.9988, 13.1539], [77.9985, 13.1553], [77.998, 13.156], [77.9976, 13.1564], [77.9964, 13.1563], [77.9949, 13.1559], [77.9935, 13.1555], [77.9934, 13.1544], [77.9935, 13.154], [77.9932, 13.1538], [77.9921, 13.153], [77.9912, 13.1523], [77.989, 13.1505], [77.9886, 13.1504], [77.9879, 13.1505], [77.9867, 13.1508], [77.9851, 13.1512], [77.9833, 13.1517], [77.9807, 13.1522], [77.9794, 13.1534], [77.9771, 13.1554], [77.9775, 13.1566], [77.9782, 13.1583], [77.9785, 13.1596], [77.9817, 13.1611], [77.9835, 13.162], [77.9843, 13.1624], [77.9844, 13.163], [77.9847, 13.1645], [77.9852, 13.1665], [77.9857, 13.1686], [77.9854, 13.1687], [77.9848, 13.1687], [77.9837, 13.1688], [77.9841, 13.1707], [77.9842, 13.1713], [77.9843, 13.1718], [77.9825, 13.1721], [77.9824, 13.1732], [77.982, 13.1744], [77.9813, 13.1758], [77.9803, 13.1766], [77.9802, 13.1774], [77.98, 13.1788], [77.9799, 13.1801], [77.9797, 13.1811], [77.9794, 13.1819], [77.9782, 13.1836], [77.9775, 13.1847], [77.9779, 13.1853], [77.9781, 13.1858], [77.9783, 13.1866], [77.9788, 13.1862], [77.9793, 13.1859], [77.9809, 13.1853], [77.9824, 13.1847], [77.9835, 13.1843], [77.985, 13.1837], [77.9865, 13.1831], [77.9875, 13.1829], [77.9891, 13.1828], [77.99, 13.1828], [77.9921, 13.1825]]]}, "properties": {"OBJECTID": 230175, "gpcode": "218931", "gpname": "CHOWDADENAHALLI", "stname": "KARNATAKA", "dtname": "Kolar", "sdtname": "Kolar", "stcode11": "29", "dtcode11": "581", "sdtcode11": "05591", "blklgdcode": "5870", "blkname": "KOLAR", "dt_lgd": 542, "sdt_lgd": 5591, "st_lgd": 29, "vilcode11": 0, "vilname11": "", "pan_local": "KOLAR", "b_pan_code": 6201, "b_pan_name": "KOLAR", "d_pan_code": 497, "d_pan_name": "KOLAR", "gp_code": "218931", "gp_name": "CHOWDADENAHALLI", "st_2011": "29", "dt_2011": "581", "sdt_2011": "05591", "subdtname": "Kolar", "block_name": "KOLAR", "blk_lgdcod": "5870", "dtcode14": "581", "SHAPE_Length": 25679.92121316813, "SHAPE_Area": 11866696.295608662}}, {"type": "Feature", "geometry": {"type": "Polygon", "coordinates": [[[78.143, 13.1118], [78.1428, 13.1111], [78.1427, 13.1093], [78.1452, 13.1091], [78.1471, 13.1092], [78.1491, 13.1087], [78.1533, 13.1095], [78.156, 13.1101], [78.1586, 13.1102], [78.1612, 13.1098], [78.1625, 13.1095], [78.1657, 13.1091], [78.1661, 13.1083], [78.1663, 13.105], [78.1658, 13.1041], [78.1648, 13.1028], [78.1652, 13.0995], [78.1659, 13.0964], [78.1674, 13.0964], [78.1691, 13.0952], [78.1718, 13.0945], [78.1728, 13.0942], [78.1743, 13.0927], [78.1749, 13.0927], [78.1762, 13.0924], [78.1771, 13.0916], [78.179, 13.0904], [78.1807, 13.0893], [78.1828, 13.0879], [78.1846, 13.0867], [78.1856, 13.0866], [78.1869, 13.0864], [78.1875, 13.0863], [78.1883, 13.0856], [78.1897, 13.0844], [78.1894, 13.0826], [78.189, 13.081], [78.1886, 13.0795], [78.188, 13.0783], [78.1877, 13.0774], [78.1841, 13.0777], [78.1833, 13.0797], [78.1825, 13.0814], [78.1813, 13.0824], [78.1796, 13.0834], [78.1782, 13.0834], [78.176, 13.0834], [78.1698, 13.0833], [78.169, 13.0814], [78.1674, 13.0793], [78.1658, 13.0775], [78.1648, 13.0767], [78.1642, 13.0756], [78.1624, 13.076], [78.1622, 13.0771], [78.1618, 13.0777], [78.1587, 13.0793], [78.1579, 13.0792], [78.1573, 13.0803], [78.1552, 13.0818], [78.1537, 13.0825], [78.151, 13.0836], [78.1496, 13.0838], [78.1474, 13.0842], [78.1452, 13.0858], [78.1436, 13.086], [78.1423, 13.0861], [78.1422, 13.0874], [78.1416, 13.0875], [78.1419, 13.088], [78.1412, 13.0885], [78.1402, 13.0892], [78.138, 13.0898], [78.1361, 13.0902], [78.1339, 13.0898], [78.132, 13.0902], [78.1316, 13.0912], [78.1316, 13.0947], [78.1313, 13.0978], [78.1306, 13.0971], [78.1289, 13.0964], [78.1274, 13.0958], [78.1255, 13.0941], [78.1237, 13.0941], [78.1221, 13.0951], [78.1197, 13.0968], [78.1189, 13.0973], [78.1166, 13.0987], [78.1156, 13.0989], [78.1141, 13.0992], [78.1141, 13.1003], [78.1153, 13.1025], [78.1152, 13.1045], [78.1148, 13.1062], [78.1146, 13.107], [78.1142, 13.1077], [78.1143, 13.108], [78.1156, 13.1093], [78.1174, 13.1114], [78.1191, 13.1119], [78.1205, 13.1117], [78.1225, 13.1111], [78.1232, 13.1113], [78.1239, 13.113], [78.1236, 13.1146], [78.1231, 13.1173], [78.1219, 13.1186], [78.1237, 13.1228], [78.1277, 13.1207], [78.1318, 13.1182], [78.1355, 13.1159], [78.1355, 13.1137], [78.1371, 13.1136], [78.1399, 13.1134], [78.1429, 13.1131], [78.143, 13.1127], [78.143, 13.1118]]]}, "properties": {"OBJECTID": 230176, "gpcode": "218932", "gpname": "DOODAHASALA", "stname": "KARNATAKA", "dtname": "Kolar", "sdtname": "Kolar", "stcode11": "29", "dtcode11": "581", "sdtcode11": "05591", "blklgdcode": "5870", "blkname": "KOLAR", "dt_lgd": 542, "sdt_lgd": 5591, "st_lgd": 29, "vilcode11": 0, "vilname11": "", "pan_local": "KOLAR", "b_pan_code": 6201, "b_pan_name": "KOLAR", "d_pan_code": 497, "d_pan_name": "KOLAR", "gp_code": "218932", "gp_name": "DOODAHASALA", "st_2011": "29", "dt_2011": "581", "sdt_2011": "05591", "subdtname": "Kolar", "block_name": "KOLAR", "blk_lgdcod": "5870", "dtcode14": "581", "SHAPE_Length": 25692.89892698221, "SHAPE_Area": 18911035.87969026}}, {"type": "Feature", "geometry": {"type": "Polygon", "coordinates": [[[78.2372, 13.1222], [78.2363, 13.1207], [78.2323, 13.1208], [78.2317, 13.1199], [78.2313, 13.1193], [78.2312, 13.1187], [78.2289, 13.1185], [78.2265, 13.1197], [78.2266, 13.1203], [78.2264, 13.1208], [78.2262, 13.1216], [78.2256, 13.1233], [78.2247, 13.1236], [78.225, 13.1248], [78.2254, 13.1255], [78.2264, 13.127], [78.2274, 13.1278], [78.2284, 13.1285], [78.2289, 13.129], [78.2303, 13.1292], [78.2334, 13.1296], [78.2347, 13.1295], [78.2347, 13.1281], [78.2339, 13.1261], [78.2359, 13.1241], [78.2372, 13.1222]]]}, "properties": {"OBJECTID": 230177, "gpcode": "218933", "gpname": "HONNENAHALLI", "stname": "KARNATAKA", "dtname": "Kolar", "sdtname": "Kolar", "stcode11": "29", "dtcode11": "581", "sdtcode11": "05591", "blklgdcode": "5870", "blkname": "KOLAR", "dt_lgd": 542, "sdt_lgd": 5591, "st_lgd": 29, "vilcode11": 0, "vilname11": "", "pan_local": "KOLAR", "b_pan_code": 6201, "b_pan_name": "KOLAR", "d_pan_code": 497, "d_pan_name": "KOLAR", "gp_code": "218933", "gp_name": "HONNENAHALLI", "st_2011": "29", "dt_2011": "581", "sdt_2011": "05591", "subdtname": "Kolar", "block_name": "KOLAR", "blk_lgdcod": "5870", "dtcode14": "581", "SHAPE_Length": 4436.130942840725, "SHAPE_Area": 1120852.834116916}}, {"type": "Feature", "geometry": {"type": "Polygon", "coordinates": [[[78.183, 13.1412], [78.1861, 13.1388], [78.1879, 13.1389], [78.1905, 13.1388], [78.1901, 13.1368], [78.1896, 13.1349], [78.1893, 13.1323], [78.1889, 13.1313], [78.1874, 13.1297], [78.1861, 13.13], [78.1828, 13.1303], [78.1803, 13.1307], [78.1791, 13.1311], [78.1794, 13.1338], [78.1794, 13.1366], [78.1791, 13.1371], [78.1787, 13.1379], [78.1808, 13.1413], [78.183, 13.1412]]]}, "properties": {"OBJECTID": 230178, "gpcode": "218933", "gpname": "HONNENAHALLI", "stname": "KARNATAKA", "dtname": "Kolar", "sdtname": "Kolar", "stcode11": "29", "dtcode11": "581", "sdtcode11": "05591", "blklgdcode": "5870", "blkname": "KOLAR", "dt_lgd": 542, "sdt_lgd": 5591, "st_lgd": 29, "vilcode11": 0, "vilname11": "", "pan_local": "KOLAR", "b_pan_code": 6201, "b_pan_name": "KOLAR", "d_pan_code": 497, "d_pan_name": "KOLAR", "gp_code": "218933", "gp_name": "HONNENAHALLI", "st_2011": "29", "dt_2011": "581", "sdt_2011": "05591", "subdtname": "Kolar", "block_name": "KOLAR", "blk_lgdcod": "5870", "dtcode14": "581", "SHAPE_Length": 4493.365805069771, "SHAPE_Area": 1263962.5951796854}}, {"type": "Feature", "geometry": {"type": "Polygon", "coordinates": [[[78.1657, 13.1526], [78.1653, 13.1488], [78.1657, 13.1473], [78.1684, 13.1464], [78.171, 13.1459], [78.1715, 13.1449], [78.1708, 13.143], [78.1702, 13.1417], [78.1681, 13.1402], [78.1669, 13.1389], [78.1668, 13.1379], [78.1684, 13.1362], [78.167, 13.1364], [78.1655, 13.1354], [78.1626, 13.1362], [78.1597, 13.1369], [78.1596, 13.1372], [78.1598, 13.1378], [78.1583, 13.1382], [78.157, 13.1383], [78.1561, 13.1361], [78.1556, 13.1342], [78.1548, 13.1332], [78.1531, 13.1322], [78.1528, 13.1306], [78.1529, 13.1282], [78.1554, 13.1274], [78.1622, 13.1245], [78.1623, 13.1256], [78.1628, 13.1273], [78.1636, 13.1286], [78.1669, 13.1279], [78.1701, 13.1271], [78.1707, 13.1289], [78.1711, 13.1291], [78.1714, 13.1298], [78.172, 13.131], [78.1735, 13.1306], [78.1763, 13.1305], [78.1789, 13.1303], [78.1787, 13.1286], [78.1784, 13.1267], [78.1789, 13.1259], [78.18, 13.1261], [78.1806, 13.1259], [78.1811, 13.1254], [78.1824, 13.1225], [78.1832, 13.1222], [78.1857, 13.121], [78.1885, 13.119], [78.1918, 13.1168], [78.191, 13.1153], [78.1905, 13.1141], [78.1876, 13.1151], [78.1865, 13.1154], [78.1829, 13.1159], [78.1816, 13.1158], [78.1798, 13.1148], [78.1783, 13.1155], [78.1777, 13.115], [78.1765, 13.1127], [78.1747, 13.1124], [78.173, 13.1131], [78.1715, 13.1126], [78.1704, 13.1132], [78.1688, 13.114], [78.1675, 13.1143], [78.1666, 13.1117], [78.1657, 13.1091], [78.1625, 13.1095], [78.1612, 13.1098], [78.1586, 13.1102], [78.156, 13.1101], [78.1533, 13.1095], [78.1491, 13.1087], [78.1471, 13.1092], [78.1452, 13.1091], [78.1427, 13.1093], [78.1428, 13.1111], [78.143, 13.1118], [78.143, 13.1127], [78.1435, 13.1129], [78.1438, 13.1128], [78.1444, 13.1132], [78.1454, 13.114], [78.1461, 13.1163], [78.1464, 13.1174], [78.1473, 13.118], [78.1476, 13.119], [78.1484, 13.1208], [78.1485, 13.1209], [78.1478, 13.1211], [78.1466, 13.1214], [78.145, 13.1202], [78.144, 13.1198], [78.1418, 13.1217], [78.1402, 13.123], [78.1395, 13.1233], [78.1379, 13.1236], [78.1376, 13.1248], [78.1375, 13.1263], [78.1371, 13.1277], [78.137, 13.1291], [78.1367, 13.1299], [78.1361, 13.1304], [78.1357, 13.1316], [78.1374, 13.1323], [78.1392, 13.1344], [78.1399, 13.1355], [78.1403, 13.1369], [78.1404, 13.1377], [78.1398, 13.1389], [78.1398, 13.1398], [78.14, 13.1411], [78.1412, 13.1412], [78.1424, 13.1392], [78.1443, 13.1393], [78.1448, 13.1403], [78.1449, 13.1422], [78.1447, 13.144], [78.1446, 13.1457], [78.1443, 13.1467], [78.1443, 13.1478], [78.1443, 13.1485], [78.1442, 13.1491], [78.1437, 13.1492], [78.1451, 13.1519], [78.1462, 13.1519], [78.1481, 13.1509], [78.1517, 13.1512], [78.1541, 13.1513], [78.1558, 13.1511], [78.1599, 13.1505], [78.1625, 13.1496], [78.1638, 13.1523], [78.1646, 13.1525], [78.1657, 13.1526]]]}, "properties": {"OBJECTID": 230179, "gpcode": "218933", "gpname": "HONNENAHALLI", "stname": "KARNATAKA", "dtname": "Kolar", "sdtname": "Kolar", "stcode11": "29", "dtcode11": "581", "sdtcode11": "05591", "blklgdcode": "5870", "blkname": "KOLAR", "dt_lgd": 542, "sdt_lgd": 5591, "st_lgd": 29, "vilcode11": 0, "vilname11": "", "pan_local": "KOLAR", "b_pan_code": 6201, "b_pan_name": "KOLAR", "d_pan_code": 497, "d_pan_name": "KOLAR", "gp_code": "218933", "gp_name": "HONNENAHALLI", "st_2011": "29", "dt_2011": "581", "sdt_2011": "05591", "subdtname": "Kolar", "block_name": "KOLAR", "blk_lgdcod": "5870", "dtcode14": "581", "SHAPE_Length": 27916.724609593406, "SHAPE_Area": 15237653.103169145}}, {"type": "Feature", "geometry": {"type": "Polygon", "coordinates": [[[78.1987, 13.1142], [78.2001, 13.1138], [78.2012, 13.1136], [78.2036, 13.1129], [78.2031, 13.112], [78.2031, 13.1115], [78.2033, 13.111], [78.2037, 13.1105], [78.2038, 13.1099], [78.2039, 13.1092], [78.2038, 13.1085], [78.2039, 13.1076], [78.2047, 13.1061], [78.207, 13.1048], [78.2094, 13.1038], [78.2121, 13.1023], [78.215, 13.1019], [78.2166, 13.1011], [78.2178, 13.0998], [78.2179, 13.0976], [78.2187, 13.097], [78.2188, 13.0946], [78.2183, 13.0946], [78.2179, 13.093], [78.2168, 13.0898], [78.2147, 13.0853], [78.2169, 13.0857], [78.219, 13.0847], [78.221, 13.0838], [78.2261, 13.0841], [78.2316, 13.0848], [78.2328, 13.0829], [78.2334, 13.0817], [78.234, 13.0812], [78.234, 13.0804], [78.2335, 13.078], [78.2334, 13.0755], [78.2337, 13.0737], [78.234, 13.0718], [78.2346, 13.0722], [78.2352, 13.0724], [78.2364, 13.0723], [78.2367, 13.072], [78.2371, 13.0721], [78.2377, 13.073], [78.2388, 13.0732], [78.2395, 13.0736], [78.2397, 13.074], [78.2392, 13.0746], [78.2386, 13.0748], [78.2384, 13.077], [78.2387, 13.0773], [78.2388, 13.0773], [78.2392, 13.0776], [78.2396, 13.0777], [78.2398, 13.0778], [78.2402, 13.078], [78.2409, 13.078], [78.2414, 13.078], [78.2425, 13.0778], [78.2433, 13.0778], [78.2438, 13.0778], [78.244, 13.0781], [78.2444, 13.0781], [78.2448, 13.0779], [78.245, 13.0777], [78.2451, 13.0774], [78.2455, 13.0771], [78.2455, 13.0769], [78.2459, 13.0766], [78.2457, 13.0762], [78.2458, 13.076], [78.2453, 13.0748], [78.2459, 13.0745], [78.2464, 13.0748], [78.2468, 13.0752], [78.2473, 13.0757], [78.2477, 13.076], [78.2479, 13.0759], [78.248, 13.0766], [78.2488, 13.0771], [78.2493, 13.0776], [78.2496, 13.0784], [78.2499, 13.0789], [78.2503, 13.0791], [78.2516, 13.079], [78.2519, 13.0788], [78.2531, 13.0783], [78.254, 13.0781], [78.2537, 13.0777], [78.2528, 13.0776], [78.2525, 13.0773], [78.2521, 13.0766], [78.2507, 13.0741], [78.2495, 13.0721], [78.2498, 13.072], [78.2509, 13.0717], [78.2521, 13.0716], [78.2531, 13.0709], [78.2545, 13.0704], [78.2551, 13.0696], [78.2555, 13.0692], [78.2571, 13.0692], [78.2587, 13.0684], [78.2586, 13.0675], [78.2595, 13.0673], [78.2614, 13.067], [78.2618, 13.064], [78.2622, 13.0641], [78.2619, 13.0631], [78.2631, 13.0613], [78.2639, 13.06], [78.2641, 13.0591], [78.2632, 13.058], [78.2614, 13.0561], [78.2595, 13.0544], [78.2578, 13.0536], [78.2572, 13.0533], [78.2563, 13.0528], [78.2553, 13.0522], [78.2547, 13.0521], [78.2542, 13.0521], [78.2532, 13.0523], [78.2515, 13.0528], [78.2507, 13.0528], [78.2499, 13.0525], [78.2493, 13.0523], [78.2488, 13.052], [78.2437, 13.0524], [78.244, 13.0565], [78.2448, 13.059], [78.2456, 13.0623], [78.2433, 13.064], [78.2429, 13.0653], [78.2427, 13.0678], [78.2381, 13.0685], [78.2367, 13.0686], [78.2341, 13.0714], [78.2318, 13.0702], [78.232, 13.0692], [78.232, 13.0691], [78.233, 13.0654], [78.2323, 13.0628], [78.2306, 13.0626], [78.2297, 13.0653], [78.2226, 13.0653], [78.2216, 13.0651], [78.2204, 13.0636], [78.2181, 13.0633], [78.2167, 13.0624], [78.2159, 13.0607], [78.214, 13.0582], [78.2135, 13.0565], [78.2134, 13.0557], [78.2099, 13.0567], [78.2073, 13.0573], [78.2102, 13.0615], [78.2097, 13.0625], [78.2078, 13.0642], [78.2055, 13.0656], [78.2007, 13.0675], [78.1989, 13.0685], [78.1919, 13.0677], [78.1872, 13.067], [78.1868, 13.0687], [78.1868, 13.072], [78.1869, 13.0743], [78.1874, 13.0766], [78.1865, 13.076], [78.1847, 13.0724], [78.1819, 13.0732], [78.1788, 13.0742], [78.1767, 13.0756], [78.175, 13.0771], [78.1741, 13.0778], [78.176, 13.0834], [78.1782, 13.0834], [78.1796, 13.0834], [78.1813, 13.0824], [78.1825, 13.0814], [78.1833, 13.0797], [78.1841, 13.0777], [78.1877, 13.0774], [78.188, 13.0783], [78.1886, 13.0795], [78.189, 13.081], [78.1894, 13.0826], [78.1897, 13.0844], [78.1883, 13.0856], [78.1875, 13.0863], [78.1869, 13.0864], [78.1856, 13.0866], [78.1846, 13.0867], [78.1828, 13.0879], [78.1807, 13.0893], [78.179, 13.0904], [78.1771, 13.0916], [78.1762, 13.0924], [78.1749, 13.0927], [78.1743, 13.0927], [78.1728, 13.0942], [78.1718, 13.0945], [78.1691, 13.0952], [78.1674, 13.0964], [78.1659, 13.0964], [78.1652, 13.0995], [78.1648, 13.1028], [78.1658, 13.1041], [78.1663, 13.105], [78.1661, 13.1083], [78.1657, 13.1091], [78.1666, 13.1117], [78.1675, 13.1143], [78.1688, 13.114], [78.1704, 13.1132], [78.1715, 13.1126], [78.173, 13.1131], [78.1747, 13.1124], [78.1765, 13.1127], [78.1777, 13.115], [78.1783, 13.1155], [78.1798, 13.1148], [78.1816, 13.1158], [78.1829, 13.1159], [78.1865, 13.1154], [78.1876, 13.1151], [78.1905, 13.1141], [78.191, 13.1153], [78.1918, 13.1168], [78.1944, 13.1158], [78.1959, 13.1153], [78.1972, 13.1146], [78.1987, 13.1142]]]}, "properties": {"OBJECTID": 230180, "gpcode": "218934", "gpname": "HARATI", "stname": "KARNATAKA", "dtname": "Kolar", "sdtname": "Kolar", "stcode11": "29", "dtcode11": "581", "sdtcode11": "05591", "blklgdcode": "5870", "blkname": "KOLAR", "dt_lgd": 542, "sdt_lgd": 5591, "st_lgd": 29, "vilcode11": 0, "vilname11": "", "pan_local": "KOLAR", "b_pan_code": 6201, "b_pan_name": "KOLAR", "d_pan_code": 497, "d_pan_name": "KOLAR", "gp_code": "218934", "gp_name": "HARATI", "st_2011": "29", "dt_2011": "581", "sdt_2011": "05591", "subdtname": "Kolar", "block_name": "KOLAR", "blk_lgdcod": "5870", "dtcode14": "581", "SHAPE_Length": 44877.8495448225, "SHAPE_Area": 33717053.73871512}}, {"type": "Feature", "geometry": {"type": "Polygon", "coordinates": [[[78.2835, 13.2209], [78.2843, 13.2121], [78.2832, 13.2113], [78.2808, 13.21], [78.2799, 13.2095], [78.2788, 13.2093], [78.2782, 13.2092], [78.2776, 13.2092], [78.2762, 13.2094], [78.275, 13.2094], [78.2739, 13.2093], [78.2731, 13.2091], [78.2718, 13.2087], [78.2705, 13.2086], [78.2691, 13.2086], [78.2675, 13.2086], [78.2668, 13.2086], [78.265, 13.209], [78.2614, 13.21], [78.2565, 13.2116], [78.2527, 13.2127], [78.2518, 13.2094], [78.2512, 13.2075], [78.2506, 13.2067], [78.2488, 13.2072], [78.2438, 13.2107], [78.245, 13.2109], [78.2472, 13.2113], [78.2488, 13.2116], [78.2496, 13.2115], [78.2503, 13.2134], [78.2519, 13.2172], [78.2524, 13.2187], [78.2596, 13.2192], [78.264, 13.2194], [78.2698, 13.2198], [78.2739, 13.2199], [78.2768, 13.2201], [78.2777, 13.2225], [78.2786, 13.2249], [78.2793, 13.2248], [78.2812, 13.2247], [78.2838, 13.2245], [78.2835, 13.2209]]]}, "properties": {"OBJECTID": 230181, "gpcode": "218935", "gpname": "HOLUR", "stname": "KARNATAKA", "dtname": "Kolar", "sdtname": "Kolar", "stcode11": "29", "dtcode11": "581", "sdtcode11": "05591", "blklgdcode": "5870", "blkname": "KOLAR", "dt_lgd": 542, "sdt_lgd": 5591, "st_lgd": 29, "vilcode11": 0, "vilname11": "", "pan_local": "KOLAR", "b_pan_code": 6201, "b_pan_name": "KOLAR", "d_pan_code": 497, "d_pan_name": "KOLAR", "gp_code": "218935", "gp_name": "HOLUR", "st_2011": "29", "dt_2011": "581", "sdt_2011": "05591", "subdtname": "Kolar", "block_name": "KOLAR", "blk_lgdcod": "5870", "dtcode14": "581", "SHAPE_Length": 12172.885711963565, "SHAPE_Area": 4657396.844981941}}, {"type": "Feature", "geometry": {"type": "Polygon", "coordinates": [[[78.2393, 13.2968], [78.2421, 13.2959], [78.2434, 13.2958], [78.2446, 13.2956], [78.2458, 13.2948], [78.2479, 13.293], [78.2488, 13.2925], [78.2504, 13.2903], [78.2511, 13.2895], [78.2542, 13.2888], [78.255, 13.2879], [78.2537, 13.2844], [78.255, 13.2815], [78.2554, 13.2807], [78.2562, 13.2789], [78.2567, 13.278], [78.2575, 13.2772], [78.2586, 13.2759], [78.2596, 13.2748], [78.2593, 13.2739], [78.257, 13.2726], [78.2568, 13.2694], [78.2538, 13.2687], [78.2531, 13.268], [78.2527, 13.2662], [78.2515, 13.2661], [78.2511, 13.2651], [78.2494, 13.2648], [78.2488, 13.2646], [78.2485, 13.2638], [78.2486, 13.2627], [78.2483, 13.2621], [78.2477, 13.262], [78.2465, 13.2623], [78.2458, 13.2632], [78.2453, 13.2639], [78.2461, 13.2654], [78.2472, 13.2665], [78.2484, 13.2672], [78.2488, 13.2675], [78.25, 13.2668], [78.2503, 13.2677], [78.2523, 13.2679], [78.2523, 13.2696], [78.2523, 13.2716], [78.2511, 13.2716], [78.2501, 13.2703], [78.2488, 13.2703], [78.2476, 13.2703], [78.2443, 13.2701], [78.2439, 13.2676], [78.2433, 13.265], [78.2428, 13.2628], [78.2425, 13.2606], [78.2423, 13.2592], [78.2412, 13.2586], [78.2397, 13.2578], [78.2385, 13.2571], [78.2376, 13.2564], [78.2376, 13.256], [78.238, 13.2552], [78.2382, 13.2545], [78.2383, 13.2541], [78.2388, 13.2532], [78.2393, 13.252], [78.2399, 13.2512], [78.2401, 13.2506], [78.24, 13.2501], [78.2393, 13.2477], [78.237, 13.2398], [78.2361, 13.238], [78.235, 13.2358], [78.2334, 13.232], [78.2322, 13.2297], [78.2319, 13.2286], [78.2295, 13.228], [78.2269, 13.2272], [78.2249, 13.2266], [78.2216, 13.2257], [78.2183, 13.2256], [78.2154, 13.2257], [78.2115, 13.2261], [78.2089, 13.2265], [78.2064, 13.2259], [78.2062, 13.2249], [78.2054, 13.2255], [78.2052, 13.2258], [78.204, 13.2265], [78.2026, 13.2274], [78.2013, 13.2279], [78.2014, 13.2293], [78.2013, 13.2305], [78.2009, 13.2322], [78.2029, 13.2335], [78.2049, 13.2348], [78.2064, 13.2358], [78.2057, 13.2362], [78.2045, 13.2367], [78.2041, 13.2372], [78.2033, 13.238], [78.2026, 13.2388], [78.2022, 13.2402], [78.2021, 13.2414], [78.2021, 13.2436], [78.2028, 13.2462], [78.2023, 13.2466], [78.2024, 13.2476], [78.2025, 13.249], [78.2022, 13.2512], [78.2018, 13.2536], [78.2014, 13.2543], [78.2012, 13.2543], [78.201, 13.2542], [78.2007, 13.2539], [78.2002, 13.2536], [78.2007, 13.2564], [78.2009, 13.2584], [78.2008, 13.2596], [78.2006, 13.2606], [78.2003, 13.2614], [78.2001, 13.2624], [78.1996, 13.2629], [78.2002, 13.2638], [78.2011, 13.2657], [78.2017, 13.2675], [78.2025, 13.2694], [78.2032, 13.2708], [78.2043, 13.2722], [78.2056, 13.2735], [78.2061, 13.2739], [78.2066, 13.2742], [78.2073, 13.2744], [78.208, 13.2746], [78.2091, 13.2744], [78.2108, 13.2745], [78.2133, 13.2746], [78.2147, 13.2748], [78.2162, 13.2751], [78.2199, 13.2757], [78.2212, 13.2758], [78.2227, 13.276], [78.2238, 13.2761], [78.2247, 13.2762], [78.2255, 13.2763], [78.2261, 13.2762], [78.2268, 13.2762], [78.2274, 13.2763], [78.2276, 13.2769], [78.2275, 13.2775], [78.2275, 13.2782], [78.2274, 13.2787], [78.2268, 13.2792], [78.2261, 13.2797], [78.2256, 13.28], [78.2252, 13.2803], [78.2247, 13.2806], [78.225, 13.2811], [78.2255, 13.2813], [78.226, 13.2817], [78.2266, 13.2828], [78.2272, 13.2841], [78.2285, 13.2856], [78.2301, 13.2877], [78.2306, 13.2888], [78.2315, 13.2906], [78.2326, 13.2923], [78.2338, 13.294], [78.2349, 13.2954], [78.2354, 13.2961], [78.2358, 13.2967], [78.2366, 13.2961], [78.2372, 13.296], [78.2377, 13.2971], [78.2382, 13.2974], [78.2393, 13.2968]]]}, "properties": {"OBJECTID": 230182, "gpcode": "218935", "gpname": "HOLUR", "stname": "KARNATAKA", "dtname": "Kolar", "sdtname": "Kolar", "stcode11": "29", "dtcode11": "581", "sdtcode11": "05591", "blklgdcode": "5870", "blkname": "KOLAR", "dt_lgd": 542, "sdt_lgd": 5591, "st_lgd": 29, "vilcode11": 0, "vilname11": "", "pan_local": "KOLAR", "b_pan_code": 6201, "b_pan_name": "KOLAR", "d_pan_code": 497, "d_pan_name": "KOLAR", "gp_code": "218935", "gp_name": "HOLUR", "st_2011": "29", "dt_2011": "581", "sdt_2011": "05591", "subdtname": "Kolar", "block_name": "KOLAR", "blk_lgdcod": "5870", "dtcode14": "581", "SHAPE_Length": 30108.60246629805, "SHAPE_Area": 30401984.53507397}}, {"type": "Feature", "geometry": {"type": "Polygon", "coordinates": [[[78.2467, 13.1738], [78.2467, 13.1737], [78.2467, 13.1738], [78.2475, 13.1746], [78.2488, 13.1748], [78.2511, 13.1752], [78.2521, 13.1754], [78.2533, 13.1756], [78.2546, 13.1759], [78.2556, 13.1761], [78.2563, 13.1766], [78.2569, 13.1767], [78.258, 13.1769], [78.2595, 13.1764], [78.2614, 13.1755], [78.2624, 13.1753], [78.2624, 13.1745], [78.262, 13.1739], [78.2619, 13.1728], [78.2618, 13.1722], [78.2613, 13.1707], [78.261, 13.1697], [78.2607, 13.1684], [78.2603, 13.1654], [78.2598, 13.163], [78.2601, 13.1627], [78.2605, 13.1623], [78.2606, 13.162], [78.2602, 13.161], [78.2599, 13.1603], [78.2602, 13.1598], [78.2609, 13.1596], [78.2617, 13.1595], [78.2625, 13.1594], [78.2631, 13.1592], [78.2637, 13.1587], [78.2641, 13.1576], [78.2641, 13.1569], [78.264, 13.1563], [78.2636, 13.1556], [78.2633, 13.1548], [78.2627, 13.1532], [78.2623, 13.1522], [78.2623, 13.1521], [78.2616, 13.1501], [78.2614, 13.1495], [78.2611, 13.1483], [78.261, 13.1481], [78.2609, 13.147], [78.2609, 13.1466], [78.2617, 13.1458], [78.2626, 13.1442], [78.2632, 13.1428], [78.2637, 13.1411], [78.2638, 13.1399], [78.264, 13.1388], [78.2645, 13.138], [78.2649, 13.1378], [78.2654, 13.1378], [78.2661, 13.1378], [78.2668, 13.1378], [78.2674, 13.1375], [78.2681, 13.1372], [78.2687, 13.1369], [78.2692, 13.1366], [78.2696, 13.1363], [78.27, 13.1357], [78.2704, 13.1343], [78.2703, 13.1337], [78.2701, 13.1332], [78.2697, 13.1329], [78.2694, 13.1329], [78.269, 13.1331], [78.2688, 13.1335], [78.2685, 13.1339], [78.2677, 13.1337], [78.2673, 13.1332], [78.2672, 13.1326], [78.2672, 13.1321], [78.2678, 13.1315], [78.2686, 13.1308], [78.2698, 13.1308], [78.2711, 13.1309], [78.2713, 13.1299], [78.2718, 13.1287], [78.2725, 13.1281], [78.2732, 13.1278], [78.274, 13.1278], [78.2748, 13.1282], [78.2754, 13.1286], [78.2762, 13.1288], [78.2765, 13.1276], [78.277, 13.1267], [78.2772, 13.1262], [78.278, 13.1258], [78.2789, 13.1257], [78.2799, 13.1258], [78.2805, 13.126], [78.281, 13.1254], [78.2816, 13.1251], [78.2825, 13.1251], [78.2834, 13.1251], [78.2838, 13.1248], [78.284, 13.1243], [78.2842, 13.1236], [78.2844, 13.1232], [78.2848, 13.1227], [78.2859, 13.1219], [78.2861, 13.1214], [78.286, 13.1208], [78.2855, 13.1199], [78.2848, 13.1189], [78.2845, 13.1178], [78.2841, 13.1163], [78.2838, 13.1155], [78.2837, 13.115], [78.2838, 13.1145], [78.2842, 13.1137], [78.2842, 13.1131], [78.2841, 13.112], [78.2837, 13.11], [78.2833, 13.1088], [78.2818, 13.109], [78.2815, 13.1076], [78.28, 13.1072], [78.2805, 13.1065], [78.2814, 13.1047], [78.2818, 13.104], [78.2822, 13.1029], [78.2822, 13.1013], [78.2817, 13.101], [78.2812, 13.1007], [78.2808, 13.1002], [78.2796, 13.1002], [78.2772, 13.1004], [78.2752, 13.1005], [78.2732, 13.1006], [78.2703, 13.1007], [78.2693, 13.1007], [78.2673, 13.1007], [78.2655, 13.101], [78.2644, 13.1019], [78.2628, 13.104], [78.2619, 13.1049], [78.2602, 13.1076], [78.2597, 13.1074], [78.2597, 13.1073], [78.2597, 13.1074], [78.2588, 13.1075], [78.2585, 13.108], [78.2577, 13.1079], [78.257, 13.1078], [78.256, 13.108], [78.2561, 13.109], [78.2548, 13.1101], [78.2548, 13.1095], [78.2546, 13.1091], [78.2544, 13.1083], [78.2542, 13.1069], [78.2538, 13.1056], [78.2547, 13.1053], [78.2545, 13.1047], [78.2545, 13.1046], [78.2539, 13.1052], [78.2528, 13.1063], [78.2513, 13.1077], [78.2517, 13.1085], [78.2523, 13.1099], [78.253, 13.1125], [78.2533, 13.1134], [78.2534, 13.1138], [78.2532, 13.1141], [78.2525, 13.1144], [78.252, 13.1146], [78.2518, 13.1149], [78.2518, 13.1151], [78.2526, 13.1178], [78.2534, 13.1201], [78.2536, 13.121], [78.2527, 13.1208], [78.2515, 13.1208], [78.2496, 13.1211], [78.2488, 13.1213], [78.2476, 13.1206], [78.2441, 13.1208], [78.2409, 13.1212], [78.2386, 13.1216], [78.2372, 13.1222], [78.2359, 13.1241], [78.2339, 13.1261], [78.2347, 13.1281], [78.2347, 13.1295], [78.2351, 13.1307], [78.2352, 13.1327], [78.2353, 13.1349], [78.235, 13.1369], [78.2345, 13.1385], [78.2385, 13.1401], [78.2381, 13.1437], [78.2391, 13.1455], [78.24, 13.1469], [78.2402, 13.1478], [78.2399, 13.1489], [78.24, 13.1505], [78.2398, 13.1514], [78.239, 13.1523], [78.2396, 13.1561], [78.2409, 13.1572], [78.2419, 13.1576], [78.243, 13.1583], [78.2434, 13.1595], [78.2435, 13.1609], [78.2437, 13.1631], [78.2439, 13.1654], [78.2441, 13.1687], [78.2433, 13.1709], [78.2427, 13.1725], [78.2423, 13.174], [78.2427, 13.175], [78.2435, 13.1763], [78.2446, 13.1772], [78.2456, 13.1754], [78.2461, 13.1741], [78.2467, 13.1738]]]}, "properties": {"OBJECTID": 230183, "gpcode": "218936", "gpname": "HUTTUR", "stname": "KARNATAKA", "dtname": "Kolar", "sdtname": "Kolar", "stcode11": "29", "dtcode11": "581", "sdtcode11": "05591", "blklgdcode": "5870", "blkname": "KOLAR", "dt_lgd": 542, "sdt_lgd": 5591, "st_lgd": 29, "vilcode11": 0, "vilname11": "", "pan_local": "KOLAR", "b_pan_code": 6201, "b_pan_name": "KOLAR", "d_pan_code": 497, "d_pan_name": "KOLAR", "gp_code": "218936", "gp_name": "HUTTUR", "st_2011": "29", "dt_2011": "581", "sdt_2011": "05591", "subdtname": "Kolar", "block_name": "KOLAR", "blk_lgdcod": "5870", "dtcode14": "581", "SHAPE_Length": 30077.327868714125, "SHAPE_Area": 25569092.49303242}}, {"type": "Feature", "geometry": {"type": "Polygon", "coordinates": [[[78.2423, 13.174], [78.2414, 13.1724], [78.2403, 13.1726], [78.2385, 13.1728], [78.2377, 13.1728], [78.2369, 13.174], [78.2377, 13.1744], [78.238, 13.1753], [78.238, 13.1758], [78.2381, 13.1759], [78.2382, 13.1764], [78.2393, 13.1773], [78.2399, 13.1783], [78.2403, 13.1792], [78.242, 13.1804], [78.243, 13.1806], [78.2436, 13.1792], [78.2446, 13.1772], [78.2435, 13.1763], [78.2427, 13.175], [78.2423, 13.174]]]}, "properties": {"OBJECTID": 230184, "gpcode": "218937", "gpname": "ITHARASANAHALLI", "stname": "KARNATAKA", "dtname": "Kolar", "sdtname": "Kolar", "stcode11": "29", "dtcode11": "581", "sdtcode11": "05591", "blklgdcode": "5870", "blkname": "KOLAR", "dt_lgd": 542, "sdt_lgd": 5591, "st_lgd": 29, "vilcode11": 0, "vilname11": "", "pan_local": "KOLAR", "b_pan_code": 6201, "b_pan_name": "KOLAR", "d_pan_code": 497, "d_pan_name": "KOLAR", "gp_code": "218937", "gp_name": "ITHARASANAHALLI", "st_2011": "29", "dt_2011": "581", "sdt_2011": "05591", "subdtname": "Kolar", "block_name": "KOLAR", "blk_lgdcod": "5870", "dtcode14": "581", "SHAPE_Length": 2755.9470038088143, "SHAPE_Area": 430138.67584054533}}, {"type": "Feature", "geometry": {"type": "Polygon", "coordinates": [[[78.2021, 13.2436], [78.2021, 13.2414], [78.2022, 13.2402], [78.2026, 13.2388], [78.2033, 13.238], [78.2041, 13.2372], [78.2045, 13.2367], [78.2057, 13.2362], [78.2064, 13.2358], [78.2049, 13.2348], [78.2029, 13.2335], [78.2009, 13.2322], [78.2013, 13.2305], [78.2014, 13.2293], [78.2013, 13.2279], [78.2026, 13.2274], [78.204, 13.2265], [78.2052, 13.2258], [78.2054, 13.2255], [78.2062, 13.2249], [78.2064, 13.2259], [78.2089, 13.2265], [78.2115, 13.2261], [78.2154, 13.2257], [78.2183, 13.2256], [78.2216, 13.2257], [78.2249, 13.2266], [78.2269, 13.2272], [78.2295, 13.228], [78.2319, 13.2286], [78.234, 13.2272], [78.2351, 13.2264], [78.2359, 13.2253], [78.2362, 13.2243], [78.2367, 13.2229], [78.237, 13.2216], [78.2373, 13.2208], [78.2388, 13.2193], [78.2406, 13.2177], [78.2431, 13.2155], [78.2458, 13.214], [78.2471, 13.2133], [78.2488, 13.2116], [78.2472, 13.2113], [78.245, 13.2109], [78.2438, 13.2107], [78.2488, 13.2072], [78.2506, 13.2067], [78.2501, 13.2061], [78.2495, 13.2053], [78.2488, 13.2036], [78.2466, 13.2038], [78.2421, 13.2041], [78.2429, 13.2018], [78.2435, 13.2007], [78.2441, 13.1997], [78.2452, 13.1976], [78.2459, 13.1964], [78.2471, 13.1939], [78.248, 13.1931], [78.2488, 13.1923], [78.252, 13.1908], [78.2537, 13.1899], [78.2547, 13.1895], [78.2561, 13.1897], [78.2599, 13.1899], [78.2609, 13.1903], [78.2614, 13.1902], [78.2618, 13.1895], [78.2621, 13.189], [78.2629, 13.1885], [78.2636, 13.1881], [78.2646, 13.1873], [78.2649, 13.1867], [78.2654, 13.1863], [78.2661, 13.1859], [78.267, 13.1854], [78.2674, 13.1842], [78.2676, 13.1836], [78.267, 13.183], [78.2663, 13.1823], [78.2654, 13.181], [78.2652, 13.1806], [78.2656, 13.1794], [78.265, 13.1784], [78.2638, 13.177], [78.2631, 13.1763], [78.2624, 13.1753], [78.2614, 13.1755], [78.2595, 13.1764], [78.258, 13.1769], [78.2565, 13.1779], [78.2552, 13.1789], [78.254, 13.1795], [78.2524, 13.1803], [78.2508, 13.181], [78.2488, 13.1818], [78.2478, 13.1822], [78.2465, 13.1825], [78.2454, 13.1826], [78.2439, 13.1831], [78.2419, 13.1836], [78.2406, 13.1839], [78.2379, 13.1844], [78.2358, 13.1848], [78.2337, 13.1854], [78.2324, 13.1856], [78.2311, 13.1858], [78.232, 13.1851], [78.2326, 13.1835], [78.2336, 13.1811], [78.2302, 13.1801], [78.2287, 13.1817], [78.2263, 13.1818], [78.2237, 13.1821], [78.2224, 13.1831], [78.2213, 13.1828], [78.2203, 13.183], [78.2197, 13.1832], [78.2188, 13.1835], [78.2185, 13.183], [78.2177, 13.183], [78.2175, 13.1824], [78.2165, 13.1826], [78.216, 13.1829], [78.2159, 13.1831], [78.216, 13.1839], [78.2156, 13.1842], [78.2155, 13.1854], [78.2147, 13.1871], [78.214, 13.1881], [78.2131, 13.1887], [78.2117, 13.19], [78.2101, 13.1909], [78.2088, 13.1916], [78.2082, 13.1927], [78.2079, 13.1939], [78.2061, 13.1963], [78.2045, 13.1988], [78.2028, 13.2016], [78.2026, 13.202], [78.2016, 13.2025], [78.1997, 13.2031], [78.1976, 13.2041], [78.195, 13.2051], [78.1935, 13.2057], [78.1922, 13.2066], [78.1915, 13.2069], [78.192, 13.208], [78.1925, 13.209], [78.1908, 13.2096], [78.1898, 13.2099], [78.1886, 13.2104], [78.1869, 13.2113], [78.1869, 13.2094], [78.1868, 13.2069], [78.1857, 13.2054], [78.1848, 13.2039], [78.184, 13.2022], [78.1832, 13.2002], [78.1824, 13.2004], [78.1816, 13.2008], [78.1804, 13.2015], [78.18, 13.2017], [78.1796, 13.2021], [78.1793, 13.2032], [78.179, 13.204], [78.1791, 13.2066], [78.1801, 13.2093], [78.1816, 13.2109], [78.1825, 13.2121], [78.1827, 13.2134], [78.1815, 13.2148], [78.181, 13.2151], [78.1793, 13.2151], [78.1786, 13.2153], [78.1781, 13.2154], [78.1769, 13.2156], [78.1761, 13.2156], [78.1755, 13.2162], [78.1754, 13.2188], [78.1758, 13.2198], [78.1766, 13.221], [78.1775, 13.2216], [78.1789, 13.223], [78.1794, 13.2239], [78.1808, 13.2253], [78.1824, 13.2269], [78.1831, 13.2277], [78.1834, 13.229], [78.1835, 13.2311], [78.1831, 13.2346], [78.1831, 13.236], [78.1832, 13.2381], [78.1832, 13.2407], [78.1832, 13.2416], [78.1833, 13.243], [78.1838, 13.2427], [78.1849, 13.2424], [78.1856, 13.2423], [78.1866, 13.2422], [78.1872, 13.2423], [78.1876, 13.2422], [78.1884, 13.2421], [78.1902, 13.2422], [78.1921, 13.2425], [78.1939, 13.2427], [78.1956, 13.2427], [78.1969, 13.2426], [78.1972, 13.2434], [78.1979, 13.2451], [78.199, 13.2476], [78.1994, 13.2489], [78.1995, 13.2506], [78.1995, 13.2512], [78.2002, 13.2536], [78.2007, 13.2539], [78.201, 13.2542], [78.2012, 13.2543], [78.2014, 13.2543], [78.2018, 13.2536], [78.2022, 13.2512], [78.2025, 13.249], [78.2024, 13.2476], [78.2023, 13.2466], [78.2028, 13.2462], [78.2021, 13.2436]]]}, "properties": {"OBJECTID": 230185, "gpcode": "218937", "gpname": "ITHARASANAHALLI", "stname": "KARNATAKA", "dtname": "Kolar", "sdtname": "Kolar", "stcode11": "29", "dtcode11": "581", "sdtcode11": "05591", "blklgdcode": "5870", "blkname": "KOLAR", "dt_lgd": 542, "sdt_lgd": 5591, "st_lgd": 29, "vilcode11": 0, "vilname11": "", "pan_local": "KOLAR", "b_pan_code": 6201, "b_pan_name": "KOLAR", "d_pan_code": 497, "d_pan_name": "KOLAR", "gp_code": "218937", "gp_name": "ITHARASANAHALLI", "st_2011": "29", "dt_2011": "581", "sdt_2011": "05591", "subdtname": "Kolar", "block_name": "KOLAR", "blk_lgdcod": "5870", "dtcode14": "581", "SHAPE_Length": 40228.22474478624, "SHAPE_Area": 35138205.96408935}}, {"type": "Feature", "geometry": {"type": "Polygon", "coordinates": [[[78.1393, 13.2445], [78.1406, 13.2444], [78.1436, 13.2444], [78.1434, 13.2408], [78.1435, 13.2391], [78.1435, 13.2368], [78.1455, 13.2366], [78.1469, 13.2362], [78.1472, 13.2351], [78.1477, 13.2343], [78.1494, 13.234], [78.1502, 13.2337], [78.1517, 13.2325], [78.1523, 13.2314], [78.1524, 13.2302], [78.1521, 13.2288], [78.1518, 13.2275], [78.1534, 13.2253], [78.1544, 13.2237], [78.1527, 13.2226], [78.1515, 13.2218], [78.1502, 13.2207], [78.1496, 13.2207], [78.1492, 13.2204], [78.1484, 13.2202], [78.1476, 13.2205], [78.1469, 13.2209], [78.1464, 13.2176], [78.1438, 13.2168], [78.1435, 13.2162], [78.1435, 13.2152], [78.1428, 13.2152], [78.1416, 13.2134], [78.1408, 13.2117], [78.1399, 13.211], [78.1382, 13.2105], [78.1362, 13.2088], [78.1349, 13.2085], [78.1329, 13.2082], [78.1301, 13.2087], [78.1289, 13.2089], [78.1261, 13.2075], [78.1251, 13.2069], [78.1244, 13.2065], [78.1238, 13.2059], [78.1231, 13.2051], [78.1238, 13.2033], [78.1245, 13.2015], [78.125, 13.1998], [78.1252, 13.1991], [78.1255, 13.1984], [78.1267, 13.1942], [78.1275, 13.1915], [78.1283, 13.1886], [78.1281, 13.187], [78.1278, 13.186], [78.1273, 13.1841], [78.1271, 13.1834], [78.1262, 13.1823], [78.1249, 13.182], [78.1238, 13.1814], [78.1226, 13.1811], [78.1212, 13.1822], [78.1176, 13.1808], [78.1163, 13.1801], [78.1118, 13.1804], [78.112, 13.1859], [78.1125, 13.1915], [78.1124, 13.195], [78.1114, 13.1965], [78.1108, 13.1975], [78.11, 13.1972], [78.1088, 13.1965], [78.107, 13.1952], [78.1052, 13.1945], [78.1047, 13.195], [78.1037, 13.1964], [78.1034, 13.1983], [78.1031, 13.1993], [78.1036, 13.204], [78.1052, 13.2072], [78.1064, 13.2085], [78.1074, 13.2099], [78.1072, 13.2102], [78.1081, 13.2107], [78.1085, 13.2108], [78.1077, 13.2144], [78.1076, 13.2161], [78.1081, 13.219], [78.1085, 13.2218], [78.1089, 13.2245], [78.1112, 13.2247], [78.1142, 13.225], [78.1149, 13.2263], [78.1158, 13.2267], [78.1171, 13.2266], [78.1184, 13.2269], [78.1196, 13.2269], [78.1201, 13.2277], [78.1212, 13.2282], [78.1222, 13.2292], [78.1225, 13.2318], [78.123, 13.2343], [78.1232, 13.236], [78.123, 13.2368], [78.1232, 13.2375], [78.124, 13.2375], [78.1249, 13.2388], [78.126, 13.2389], [78.1278, 13.2384], [78.1302, 13.2376], [78.1323, 13.2364], [78.1344, 13.2351], [78.1348, 13.238], [78.1352, 13.2411], [78.1352, 13.2418], [78.1342, 13.2419], [78.1342, 13.243], [78.1345, 13.244], [78.135, 13.2448], [78.1366, 13.2448], [78.1393, 13.2445]]]}, "properties": {"OBJECTID": 230186, "gpcode": "218938", "gpname": "JANNA GHATTA", "stname": "KARNATAKA", "dtname": "Kolar", "sdtname": "Kolar", "stcode11": "29", "dtcode11": "581", "sdtcode11": "05591", "blklgdcode": "5870", "blkname": "KOLAR", "dt_lgd": 542, "sdt_lgd": 5591, "st_lgd": 29, "vilcode11": 0, "vilname11": "", "pan_local": "KOLAR", "b_pan_code": 6201, "b_pan_name": "KOLAR", "d_pan_code": 497, "d_pan_name": "KOLAR", "gp_code": "218938", "gp_name": "JANNA GHATTA", "st_2011": "29", "dt_2011": "581", "sdt_2011": "05591", "subdtname": "Kolar", "block_name": "KOLAR", "blk_lgdcod": "5870", "dtcode14": "581", "SHAPE_Length": 24998.503675642096, "SHAPE_Area": 19425797.030387342}}, {"type": "Feature", "geometry": {"type": "Polygon", "coordinates": [[[78.121, 13.1578], [78.123, 13.1573], [78.1235, 13.1574], [78.1277, 13.1559], [78.1285, 13.1555], [78.1287, 13.1529], [78.1285, 13.1517], [78.1266, 13.1504], [78.1256, 13.1493], [78.1255, 13.1481], [78.1238, 13.147], [78.1232, 13.1464], [78.123, 13.1458], [78.1234, 13.1452], [78.1227, 13.1437], [78.122, 13.1433], [78.1214, 13.142], [78.1213, 13.1417], [78.1208, 13.1412], [78.1203, 13.1409], [78.1195, 13.1407], [78.1193, 13.1399], [78.1196, 13.1392], [78.1197, 13.1389], [78.1211, 13.1356], [78.1208, 13.1351], [78.1196, 13.1348], [78.119, 13.1344], [78.1187, 13.134], [78.1186, 13.1338], [78.1176, 13.1337], [78.1165, 13.1336], [78.1143, 13.134], [78.1131, 13.134], [78.1121, 13.1336], [78.1111, 13.1336], [78.1091, 13.1339], [78.1071, 13.1341], [78.104, 13.1341], [78.103, 13.1331], [78.1017, 13.1317], [78.1024, 13.1316], [78.103, 13.1316], [78.1045, 13.1315], [78.1073, 13.1315], [78.1077, 13.1314], [78.1098, 13.1289], [78.1105, 13.1282], [78.1117, 13.1278], [78.1113, 13.1263], [78.1113, 13.1241], [78.1114, 13.1233], [78.1117, 13.123], [78.1122, 13.1231], [78.1126, 13.123], [78.1128, 13.1223], [78.1134, 13.1219], [78.1147, 13.1216], [78.1154, 13.1212], [78.1156, 13.12], [78.1176, 13.1183], [78.1171, 13.1176], [78.1171, 13.1168], [78.1171, 13.1158], [78.1169, 13.1148], [78.1162, 13.1118], [78.1174, 13.1114], [78.1156, 13.1093], [78.1143, 13.108], [78.1126, 13.1085], [78.1111, 13.1067], [78.1093, 13.107], [78.1091, 13.1063], [78.1054, 13.1071], [78.1031, 13.1078], [78.0998, 13.1084], [78.0995, 13.1088], [78.0988, 13.1088], [78.0988, 13.1092], [78.0984, 13.1094], [78.0982, 13.1094], [78.098, 13.1094], [78.0984, 13.1118], [78.0985, 13.1143], [78.0983, 13.1166], [78.0978, 13.119], [78.0975, 13.1219], [78.0971, 13.1271], [78.095, 13.1276], [78.092, 13.128], [78.0868, 13.129], [78.0835, 13.1301], [78.0804, 13.1306], [78.076, 13.1321], [78.0723, 13.1332], [78.0689, 13.1341], [78.0688, 13.1351], [78.069, 13.1375], [78.0693, 13.1386], [78.0698, 13.1412], [78.0704, 13.1442], [78.0749, 13.147], [78.0783, 13.1484], [78.0815, 13.1497], [78.0833, 13.1504], [78.0839, 13.1506], [78.085, 13.1511], [78.0874, 13.1508], [78.0907, 13.1508], [78.0951, 13.1503], [78.0966, 13.1503], [78.1026, 13.1513], [78.1074, 13.1521], [78.1083, 13.1522], [78.1094, 13.1537], [78.11, 13.1551], [78.1123, 13.1553], [78.1145, 13.1579], [78.1161, 13.1608], [78.1171, 13.1597], [78.1184, 13.159], [78.1198, 13.1584], [78.121, 13.1578]], [[78.103, 13.1382], [78.1038, 13.1381], [78.1042, 13.1382], [78.1046, 13.1386], [78.1051, 13.1396], [78.1052, 13.1401], [78.1056, 13.1417], [78.1048, 13.1422], [78.1046, 13.1437], [78.1036, 13.1449], [78.1031, 13.1458], [78.1023, 13.1468], [78.1014, 13.1453], [78.0999, 13.1428], [78.0999, 13.1415], [78.1002, 13.1409], [78.1008, 13.1398], [78.1011, 13.1397], [78.1018, 13.139], [78.103, 13.1382]], [[78.1114, 13.1387], [78.1118, 13.138], [78.113, 13.1381], [78.1143, 13.1383], [78.1165, 13.1385], [78.1187, 13.1389], [78.1185, 13.1397], [78.1182, 13.1403], [78.1179, 13.1404], [78.1172, 13.1404], [78.1168, 13.1404], [78.1159, 13.1402], [78.1155, 13.1402], [78.1151, 13.1404], [78.1142, 13.141], [78.1132, 13.1409], [78.112, 13.1412], [78.1113, 13.1412], [78.1108, 13.1411], [78.1105, 13.141], [78.1105, 13.1403], [78.111, 13.1401], [78.1111, 13.1397], [78.1114, 13.1387]]]}, "properties": {"OBJECTID": 230187, "gpcode": "218939", "gpname": "KONDARAJANAHALLI", "stname": "KARNATAKA", "dtname": "Kolar", "sdtname": "Kolar", "stcode11": "29", "dtcode11": "581", "sdtcode11": "05591", "blklgdcode": "5870", "blkname": "KOLAR", "dt_lgd": 542, "sdt_lgd": 5591, "st_lgd": 29, "vilcode11": 0, "vilname11": "", "pan_local": "KOLAR", "b_pan_code": 6201, "b_pan_name": "KOLAR", "d_pan_code": 497, "d_pan_name": "KOLAR", "gp_code": "218939", "gp_name": "KONDARAJANAHALLI", "st_2011": "29", "dt_2011": "581", "sdt_2011": "05591", "subdtname": "Kolar", "block_name": "KOLAR", "blk_lgdcod": "5870", "dtcode14": "581", "SHAPE_Length": 30067.80733517717, "SHAPE_Area": 18218993.776828904}}, {"type": "Feature", "geometry": {"type": "Polygon", "coordinates": [[[77.9741, 13.2223], [77.9734, 13.2214], [77.975, 13.2202], [77.977, 13.2187], [77.9789, 13.2172], [77.9801, 13.2163], [77.9834, 13.2161], [77.9865, 13.216], [77.9872, 13.2166], [77.9958, 13.2164], [77.997, 13.2163], [77.998, 13.2164], [77.9985, 13.2161], [77.9984, 13.2142], [77.9978, 13.2143], [77.9972, 13.2127], [77.9968, 13.2116], [77.9962, 13.2099], [77.9953, 13.2078], [77.9967, 13.2076], [77.9965, 13.2071], [77.9967, 13.2063], [77.9967, 13.2057], [77.9967, 13.2053], [77.9964, 13.2036], [77.9963, 13.2018], [77.9959, 13.1995], [77.9956, 13.1974], [77.9954, 13.1958], [77.995, 13.1933], [77.995, 13.1923], [77.9948, 13.1912], [77.9949, 13.1902], [77.9951, 13.1889], [77.9952, 13.1881], [77.9953, 13.1866], [77.9956, 13.1841], [77.9944, 13.1825], [77.9935, 13.1824], [77.9921, 13.1825], [77.99, 13.1828], [77.9891, 13.1828], [77.9875, 13.1829], [77.9865, 13.1831], [77.985, 13.1837], [77.9835, 13.1843], [77.9824, 13.1847], [77.9809, 13.1853], [77.9793, 13.1859], [77.9788, 13.1862], [77.9783, 13.1866], [77.9782, 13.1866], [77.9773, 13.1875], [77.9764, 13.1881], [77.9758, 13.1886], [77.9753, 13.1891], [77.9741, 13.1891], [77.9733, 13.1891], [77.9728, 13.1892], [77.9723, 13.1892], [77.9718, 13.1887], [77.9708, 13.1877], [77.9689, 13.1859], [77.9672, 13.1845], [77.9663, 13.1845], [77.9649, 13.1846], [77.9645, 13.1829], [77.9646, 13.1825], [77.961, 13.1826], [77.9616, 13.1866], [77.9624, 13.1865], [77.9629, 13.1867], [77.9631, 13.187], [77.9631, 13.1876], [77.9634, 13.1882], [77.9636, 13.1887], [77.9638, 13.1893], [77.9632, 13.1894], [77.9625, 13.1895], [77.9625, 13.1915], [77.961, 13.1929], [77.961, 13.195], [77.9595, 13.1958], [77.9602, 13.1985], [77.9605, 13.1997], [77.9606, 13.2002], [77.9574, 13.2006], [77.9551, 13.2009], [77.956, 13.2035], [77.9563, 13.2044], [77.9547, 13.2057], [77.9558, 13.2083], [77.9563, 13.21], [77.9568, 13.2123], [77.957, 13.2134], [77.9574, 13.2154], [77.9576, 13.2166], [77.9578, 13.217], [77.9579, 13.2187], [77.9513, 13.2194], [77.9512, 13.2176], [77.9512, 13.2168], [77.9513, 13.2156], [77.9514, 13.215], [77.9506, 13.2149], [77.9496, 13.2149], [77.9492, 13.215], [77.9487, 13.2152], [77.9481, 13.2152], [77.9473, 13.2151], [77.9465, 13.2148], [77.9457, 13.2144], [77.9452, 13.2142], [77.9456, 13.2162], [77.9457, 13.2174], [77.9457, 13.2175], [77.9458, 13.218], [77.9459, 13.2184], [77.9466, 13.2192], [77.9475, 13.2199], [77.948, 13.2205], [77.9484, 13.2209], [77.9491, 13.2214], [77.9497, 13.2218], [77.9504, 13.2225], [77.9508, 13.223], [77.9512, 13.2236], [77.952, 13.2242], [77.9531, 13.2239], [77.9555, 13.2233], [77.9566, 13.2247], [77.9585, 13.2248], [77.9584, 13.2257], [77.9595, 13.2256], [77.9617, 13.2254], [77.9643, 13.2252], [77.9659, 13.225], [77.9666, 13.2246], [77.9679, 13.2235], [77.9705, 13.2214], [77.9707, 13.2234], [77.9708, 13.2248], [77.9709, 13.2259], [77.9711, 13.2274], [77.9713, 13.2288], [77.9714, 13.2305], [77.9716, 13.2315], [77.9717, 13.2326], [77.9719, 13.2326], [77.9736, 13.2326], [77.975, 13.2326], [77.9752, 13.2325], [77.9758, 13.232], [77.976, 13.2317], [77.9762, 13.2314], [77.9763, 13.2309], [77.9764, 13.2295], [77.9763, 13.2279], [77.9762, 13.2271], [77.976, 13.226], [77.9755, 13.2249], [77.9752, 13.2242], [77.9747, 13.2233], [77.9741, 13.2223]]]}, "properties": {"OBJECTID": 230188, "gpcode": "218940", "gpname": "KURUGAL", "stname": "KARNATAKA", "dtname": "Kolar", "sdtname": "Kolar", "stcode11": "29", "dtcode11": "581", "sdtcode11": "05591", "blklgdcode": "5870", "blkname": "KOLAR", "dt_lgd": 542, "sdt_lgd": 5591, "st_lgd": 29, "vilcode11": 0, "vilname11": "", "pan_local": "KOLAR", "b_pan_code": 6201, "b_pan_name": "KOLAR", "d_pan_code": 497, "d_pan_name": "KOLAR", "gp_code": "218940", "gp_name": "KURUGAL", "st_2011": "29", "dt_2011": "581", "sdt_2011": "05591", "subdtname": "Kolar", "block_name": "KOLAR", "blk_lgdcod": "5870", "dtcode14": "581", "SHAPE_Length": 25698.486519241793, "SHAPE_Area": 18123567.598219775}}, {"type": "Feature", "geometry": {"type": "Polygon", "coordinates": [[[77.9878, 13.2674], [77.9905, 13.2658], [77.9901, 13.2648], [77.9896, 13.2633], [77.9902, 13.2619], [77.9908, 13.2602], [77.9919, 13.2582], [77.9921, 13.2556], [77.9916, 13.2536], [77.9908, 13.2525], [77.9915, 13.2518], [77.992, 13.2512], [77.995, 13.2496], [77.9946, 13.2491], [77.9926, 13.2472], [77.9926, 13.2466], [77.9923, 13.246], [77.9921, 13.2459], [77.9914, 13.2458], [77.9907, 13.2453], [77.9892, 13.2447], [77.9876, 13.2445], [77.9853, 13.2443], [77.9837, 13.2442], [77.9831, 13.2441], [77.9809, 13.245], [77.9786, 13.2459], [77.9757, 13.2472], [77.9724, 13.2486], [77.97, 13.2472], [77.969, 13.2466], [77.9683, 13.2479], [77.9666, 13.2491], [77.9678, 13.2512], [77.9678, 13.2536], [77.9679, 13.2559], [77.9677, 13.2576], [77.9673, 13.2588], [77.9665, 13.2607], [77.9662, 13.2612], [77.9652, 13.2612], [77.9655, 13.2621], [77.9671, 13.262], [77.9683, 13.2621], [77.9686, 13.2635], [77.9694, 13.2651], [77.9702, 13.2666], [77.9704, 13.267], [77.9714, 13.2669], [77.9729, 13.2667], [77.9745, 13.2666], [77.9759, 13.266], [77.978, 13.2653], [77.9796, 13.2651], [77.981, 13.2651], [77.9817, 13.2656], [77.9821, 13.2666], [77.9829, 13.2668], [77.9836, 13.2661], [77.9853, 13.2666], [77.9857, 13.2666], [77.9857, 13.267], [77.9856, 13.2674], [77.9859, 13.2674], [77.9864, 13.2675], [77.9867, 13.2675], [77.9869, 13.2676], [77.9873, 13.2676], [77.9876, 13.2676], [77.9878, 13.2674]]]}, "properties": {"OBJECTID": 230189, "gpcode": "218941", "gpname": "KYALANUR", "stname": "KARNATAKA", "dtname": "Kolar", "sdtname": "Kolar", "stcode11": "29", "dtcode11": "581", "sdtcode11": "05591", "blklgdcode": "5870", "blkname": "KOLAR", "dt_lgd": 542, "sdt_lgd": 5591, "st_lgd": 29, "vilcode11": 0, "vilname11": "", "pan_local": "KOLAR", "b_pan_code": 6201, "b_pan_name": "KOLAR", "d_pan_code": 497, "d_pan_name": "KOLAR", "gp_code": "218941", "gp_name": "KYALANUR", "st_2011": "29", "dt_2011": "581", "sdt_2011": "05591", "subdtname": "Kolar", "block_name": "KOLAR", "blk_lgdcod": "5870", "dtcode14": "581", "SHAPE_Length": 11133.930209584294, "SHAPE_Area": 6204281.831385099}}, {"type": "Feature", "geometry": {"type": "Polygon", "coordinates": [[[78.0923, 13.3089], [78.0927, 13.3085], [78.0934, 13.3085], [78.0941, 13.3085], [78.0953, 13.3084], [78.0967, 13.3083], [78.0971, 13.3081], [78.0984, 13.3069], [78.0996, 13.3063], [78.101, 13.3049], [78.1025, 13.3037], [78.1042, 13.3031], [78.1036, 13.3007], [78.1027, 13.2983], [78.1027, 13.2976], [78.103, 13.2975], [78.1037, 13.2969], [78.1036, 13.2963], [78.1037, 13.2955], [78.1039, 13.2947], [78.1036, 13.2942], [78.103, 13.2939], [78.1027, 13.2933], [78.1017, 13.2908], [78.1011, 13.2898], [78.0998, 13.2888], [78.0995, 13.2877], [78.1001, 13.2874], [78.1001, 13.2861], [78.0997, 13.2844], [78.0985, 13.2835], [78.0973, 13.2827], [78.0953, 13.2811], [78.0941, 13.2805], [78.0954, 13.2801], [78.0965, 13.2794], [78.0979, 13.2786], [78.0991, 13.2779], [78.1001, 13.2773], [78.1006, 13.2771], [78.1025, 13.2777], [78.1041, 13.2788], [78.1045, 13.2793], [78.1055, 13.2805], [78.1065, 13.2822], [78.1072, 13.2835], [78.1078, 13.2845], [78.1098, 13.2844], [78.11, 13.2857], [78.11, 13.2873], [78.1101, 13.2882], [78.1108, 13.2893], [78.1119, 13.2897], [78.1137, 13.2898], [78.1151, 13.2898], [78.1171, 13.2903], [78.1185, 13.2903], [78.1197, 13.2904], [78.1213, 13.2904], [78.1218, 13.288], [78.1213, 13.2853], [78.1204, 13.282], [78.1197, 13.2784], [78.1193, 13.275], [78.1192, 13.2718], [78.1195, 13.2692], [78.1197, 13.2669], [78.1205, 13.2649], [78.1196, 13.2645], [78.119, 13.2642], [78.1183, 13.2638], [78.1173, 13.2634], [78.1165, 13.2625], [78.1159, 13.2617], [78.1152, 13.2607], [78.1143, 13.2596], [78.1135, 13.2587], [78.1127, 13.2576], [78.1123, 13.2578], [78.1119, 13.2577], [78.1116, 13.2573], [78.1114, 13.2569], [78.1109, 13.2563], [78.1105, 13.2558], [78.1102, 13.2561], [78.11, 13.2565], [78.11, 13.2573], [78.1097, 13.2575], [78.1084, 13.258], [78.1072, 13.2584], [78.1066, 13.2585], [78.1052, 13.2585], [78.1039, 13.2585], [78.102, 13.2586], [78.1007, 13.2587], [78.0995, 13.2586], [78.0991, 13.2586], [78.0983, 13.2586], [78.0978, 13.2585], [78.0966, 13.2585], [78.0949, 13.2585], [78.0929, 13.2586], [78.0911, 13.2587], [78.0902, 13.2588], [78.0892, 13.2591], [78.0879, 13.2593], [78.0861, 13.2597], [78.0847, 13.2601], [78.0846, 13.2609], [78.0844, 13.2614], [78.0843, 13.2619], [78.0841, 13.2628], [78.0839, 13.264], [78.0837, 13.265], [78.0833, 13.2659], [78.0831, 13.2669], [78.083, 13.2676], [78.0826, 13.2694], [78.0824, 13.2708], [78.0822, 13.2718], [78.082, 13.2732], [78.0813, 13.274], [78.081, 13.2743], [78.0804, 13.2742], [78.0798, 13.2743], [78.0792, 13.2743], [78.0787, 13.2743], [78.0782, 13.2744], [78.0779, 13.2743], [78.0772, 13.2738], [78.0768, 13.2735], [78.0763, 13.2731], [78.0758, 13.2728], [78.0753, 13.2724], [78.0747, 13.2732], [78.0737, 13.2743], [78.0732, 13.2751], [78.071, 13.2751], [78.0686, 13.2753], [78.0671, 13.2753], [78.0652, 13.2755], [78.0633, 13.2755], [78.0633, 13.2757], [78.0633, 13.2771], [78.0633, 13.2779], [78.0634, 13.2784], [78.0636, 13.2791], [78.0623, 13.2797], [78.0614, 13.2802], [78.0598, 13.281], [78.0605, 13.2829], [78.0609, 13.284], [78.0614, 13.2852], [78.0617, 13.2861], [78.0621, 13.2872], [78.0623, 13.2877], [78.0613, 13.2887], [78.0605, 13.2895], [78.0614, 13.2902], [78.0606, 13.2911], [78.0598, 13.2922], [78.0591, 13.2928], [78.0593, 13.2932], [78.0594, 13.2946], [78.0596, 13.2964], [78.0597, 13.2977], [78.0601, 13.2983], [78.0606, 13.299], [78.0625, 13.2991], [78.0649, 13.2996], [78.0678, 13.3001], [78.0694, 13.3003], [78.0714, 13.3007], [78.0719, 13.3009], [78.0727, 13.3012], [78.0731, 13.3012], [78.0739, 13.3012], [78.0743, 13.3016], [78.0747, 13.3022], [78.0756, 13.3024], [78.0766, 13.3025], [78.0767, 13.3017], [78.0769, 13.301], [78.0773, 13.3009], [78.0781, 13.3014], [78.0792, 13.302], [78.08, 13.302], [78.0806, 13.3017], [78.0816, 13.3017], [78.0831, 13.302], [78.0833, 13.3026], [78.0838, 13.3025], [78.0843, 13.3019], [78.085, 13.3019], [78.0868, 13.3022], [78.0874, 13.3027], [78.0889, 13.3037], [78.0895, 13.3036], [78.0899, 13.3039], [78.0899, 13.3047], [78.09, 13.3059], [78.09, 13.3072], [78.0902, 13.3074], [78.0902, 13.3078], [78.0906, 13.3083], [78.0911, 13.3088], [78.0914, 13.3099], [78.092, 13.3102], [78.0921, 13.3096], [78.0923, 13.3089]]]}, "properties": {"OBJECTID": 230190, "gpcode": "218942", "gpname": "MADANAHALLI", "stname": "KARNATAKA", "dtname": "Kolar", "sdtname": "Kolar", "stcode11": "29", "dtcode11": "581", "sdtcode11": "05591", "blklgdcode": "5870", "blkname": "KOLAR", "dt_lgd": 542, "sdt_lgd": 5591, "st_lgd": 29, "vilcode11": 0, "vilname11": "", "pan_local": "KOLAR", "b_pan_code": 6201, "b_pan_name": "KOLAR", "d_pan_code": 497, "d_pan_name": "KOLAR", "gp_code": "218942", "gp_name": "MADANAHALLI", "st_2011": "29", "dt_2011": "581", "sdt_2011": "05591", "subdtname": "Kolar", "block_name": "KOLAR", "blk_lgdcod": "5870", "dtcode14": "581", "SHAPE_Length": 28197.389735043806, "SHAPE_Area": 24357705.298368696}}, {"type": "Feature", "geometry": {"type": "Polygon", "coordinates": [[[78.0634, 13.2784], [78.0633, 13.2779], [78.0633, 13.2771], [78.0633, 13.2757], [78.0633, 13.2755], [78.0652, 13.2755], [78.0671, 13.2753], [78.0686, 13.2753], [78.071, 13.2751], [78.0732, 13.2751], [78.0737, 13.2743], [78.0747, 13.2732], [78.0753, 13.2724], [78.0758, 13.2728], [78.0763, 13.2731], [78.0768, 13.2735], [78.0772, 13.2738], [78.0779, 13.2743], [78.0782, 13.2744], [78.0787, 13.2743], [78.0792, 13.2743], [78.0798, 13.2743], [78.0804, 13.2742], [78.081, 13.2743], [78.0813, 13.274], [78.082, 13.2732], [78.0822, 13.2718], [78.0824, 13.2708], [78.0826, 13.2694], [78.083, 13.2676], [78.0831, 13.2669], [78.0833, 13.2659], [78.0837, 13.265], [78.0839, 13.264], [78.0841, 13.2628], [78.0843, 13.2619], [78.0844, 13.2614], [78.0846, 13.2609], [78.0847, 13.2601], [78.0843, 13.26], [78.0832, 13.2601], [78.0819, 13.2602], [78.0803, 13.2603], [78.0782, 13.2605], [78.0763, 13.2607], [78.0758, 13.2599], [78.0753, 13.259], [78.0746, 13.2579], [78.0741, 13.2572], [78.0741, 13.2562], [78.0743, 13.254], [78.0744, 13.2525], [78.0747, 13.2512], [78.0752, 13.2493], [78.0739, 13.2456], [78.0722, 13.2451], [78.0695, 13.2475], [78.0659, 13.2507], [78.0637, 13.2509], [78.0614, 13.2509], [78.0614, 13.2491], [78.0551, 13.2487], [78.0559, 13.2461], [78.0558, 13.2417], [78.0557, 13.24], [78.0554, 13.2385], [78.0554, 13.2374], [78.055, 13.2367], [78.052, 13.2387], [78.0495, 13.2403], [78.048, 13.2415], [78.0455, 13.2413], [78.0436, 13.2405], [78.0413, 13.2391], [78.0393, 13.2377], [78.0376, 13.2369], [78.0358, 13.2364], [78.0342, 13.2364], [78.0309, 13.2369], [78.0279, 13.2377], [78.0274, 13.2397], [78.0262, 13.2409], [78.0256, 13.2416], [78.0246, 13.2418], [78.0237, 13.2455], [78.0231, 13.2478], [78.0224, 13.2488], [78.0224, 13.25], [78.022, 13.2512], [78.0217, 13.2525], [78.0214, 13.2547], [78.0212, 13.256], [78.0209, 13.2573], [78.0209, 13.2587], [78.0191, 13.2589], [78.0169, 13.2593], [78.0167, 13.2618], [78.0161, 13.2655], [78.0156, 13.2724], [78.0171, 13.273], [78.0186, 13.2738], [78.0196, 13.2744], [78.0204, 13.2752], [78.0214, 13.2752], [78.0224, 13.2766], [78.0236, 13.2781], [78.0248, 13.2796], [78.0245, 13.2805], [78.0238, 13.2824], [78.0244, 13.2828], [78.0247, 13.2833], [78.0251, 13.2836], [78.0267, 13.2837], [78.0286, 13.2838], [78.0299, 13.2837], [78.0311, 13.2834], [78.0321, 13.2831], [78.0331, 13.2828], [78.0337, 13.2826], [78.035, 13.2814], [78.0357, 13.2809], [78.0384, 13.2803], [78.0408, 13.2798], [78.0431, 13.2793], [78.0457, 13.2787], [78.0469, 13.2783], [78.0471, 13.2794], [78.0478, 13.2814], [78.0483, 13.2833], [78.0488, 13.2852], [78.0499, 13.2868], [78.0508, 13.2886], [78.0512, 13.2898], [78.0516, 13.2913], [78.0522, 13.2931], [78.0521, 13.2934], [78.0532, 13.2941], [78.0543, 13.2944], [78.056, 13.2943], [78.0571, 13.2939], [78.0579, 13.2934], [78.0591, 13.2928], [78.0598, 13.2922], [78.0606, 13.2911], [78.0614, 13.2902], [78.0605, 13.2895], [78.0613, 13.2887], [78.0623, 13.2877], [78.0621, 13.2872], [78.0617, 13.2861], [78.0614, 13.2852], [78.0609, 13.284], [78.0605, 13.2829], [78.0598, 13.281], [78.0614, 13.2802], [78.0623, 13.2797], [78.0636, 13.2791], [78.0634, 13.2784]]]}, "properties": {"OBJECTID": 230191, "gpcode": "218943", "gpname": "MADDERI", "stname": "KARNATAKA", "dtname": "Kolar", "sdtname": "Kolar", "stcode11": "29", "dtcode11": "581", "sdtcode11": "05591", "blklgdcode": "5870", "blkname": "KOLAR", "dt_lgd": 542, "sdt_lgd": 5591, "st_lgd": 29, "vilcode11": 0, "vilname11": "", "pan_local": "KOLAR", "b_pan_code": 6201, "b_pan_name": "KOLAR", "d_pan_code": 497, "d_pan_name": "KOLAR", "gp_code": "218943", "gp_name": "MADDERI", "st_2011": "29", "dt_2011": "581", "sdt_2011": "05591", "subdtname": "Kolar", "block_name": "KOLAR", "blk_lgdcod": "5870", "dtcode14": "581", "SHAPE_Length": 28267.307039287374, "SHAPE_Area": 29247262.957469136}}, {"type": "Feature", "geometry": {"type": "Polygon", "coordinates": [[[78.2045, 13.1988], [78.2061, 13.1963], [78.2079, 13.1939], [78.2082, 13.1927], [78.2088, 13.1916], [78.2101, 13.1909], [78.2117, 13.19], [78.2131, 13.1887], [78.214, 13.1881], [78.2147, 13.1871], [78.2155, 13.1854], [78.2156, 13.1842], [78.216, 13.1839], [78.2159, 13.1831], [78.216, 13.1829], [78.2165, 13.1826], [78.2175, 13.1824], [78.2177, 13.183], [78.2185, 13.183], [78.2188, 13.1835], [78.2197, 13.1832], [78.2203, 13.183], [78.2213, 13.1828], [78.2224, 13.1831], [78.2237, 13.1821], [78.2263, 13.1818], [78.2287, 13.1817], [78.2302, 13.1801], [78.2336, 13.1811], [78.2326, 13.1835], [78.232, 13.1851], [78.2311, 13.1858], [78.2324, 13.1856], [78.2337, 13.1854], [78.2358, 13.1848], [78.2379, 13.1844], [78.2406, 13.1839], [78.2419, 13.1836], [78.2439, 13.1831], [78.2454, 13.1826], [78.2465, 13.1825], [78.2478, 13.1822], [78.2488, 13.1818], [78.2508, 13.181], [78.2524, 13.1803], [78.254, 13.1795], [78.2552, 13.1789], [78.2565, 13.1779], [78.258, 13.1769], [78.2569, 13.1767], [78.2563, 13.1766], [78.2556, 13.1761], [78.2546, 13.1759], [78.2533, 13.1756], [78.2521, 13.1754], [78.2511, 13.1752], [78.2488, 13.1748], [78.2475, 13.1746], [78.2467, 13.1738], [78.2467, 13.1737], [78.2467, 13.1738], [78.2461, 13.1741], [78.2456, 13.1754], [78.2446, 13.1772], [78.2436, 13.1792], [78.243, 13.1806], [78.242, 13.1804], [78.2403, 13.1792], [78.2399, 13.1783], [78.2393, 13.1773], [78.2382, 13.1764], [78.2381, 13.1759], [78.238, 13.1758], [78.238, 13.1753], [78.2377, 13.1744], [78.2369, 13.174], [78.2377, 13.1728], [78.2385, 13.1728], [78.2403, 13.1726], [78.2414, 13.1724], [78.2423, 13.174], [78.2427, 13.1725], [78.2433, 13.1709], [78.2441, 13.1687], [78.2439, 13.1654], [78.2437, 13.1631], [78.2435, 13.1609], [78.2434, 13.1595], [78.243, 13.1583], [78.2419, 13.1576], [78.2409, 13.1572], [78.2396, 13.1561], [78.239, 13.1523], [78.2379, 13.1525], [78.2366, 13.1528], [78.2355, 13.153], [78.2347, 13.1532], [78.2338, 13.1547], [78.2323, 13.1554], [78.2304, 13.1569], [78.2285, 13.1556], [78.2264, 13.1573], [78.2249, 13.1584], [78.2233, 13.1582], [78.2213, 13.1577], [78.2196, 13.1572], [78.2173, 13.1568], [78.2163, 13.156], [78.2158, 13.1559], [78.2132, 13.1554], [78.2102, 13.1555], [78.2084, 13.1542], [78.2064, 13.1552], [78.2061, 13.1554], [78.2054, 13.1556], [78.2046, 13.1562], [78.2036, 13.1559], [78.2029, 13.1548], [78.2023, 13.1551], [78.2021, 13.1561], [78.201, 13.1567], [78.1983, 13.1578], [78.1964, 13.1583], [78.1944, 13.1588], [78.1936, 13.1586], [78.1929, 13.1594], [78.1929, 13.1605], [78.1929, 13.1611], [78.193, 13.1619], [78.194, 13.1636], [78.1945, 13.1644], [78.1948, 13.1675], [78.1935, 13.168], [78.1913, 13.1687], [78.1906, 13.169], [78.1902, 13.1692], [78.1901, 13.1699], [78.1891, 13.17], [78.189, 13.1705], [78.1894, 13.1708], [78.1892, 13.1714], [78.1889, 13.1714], [78.1884, 13.1723], [78.1877, 13.1724], [78.1877, 13.1736], [78.1877, 13.1756], [78.1849, 13.1749], [78.1822, 13.1743], [78.1828, 13.1755], [78.1835, 13.1777], [78.183, 13.1802], [78.1835, 13.1805], [78.1845, 13.1807], [78.186, 13.1812], [78.1856, 13.1821], [78.1853, 13.1834], [78.1854, 13.1847], [78.185, 13.1853], [78.1847, 13.1863], [78.1834, 13.1886], [78.1841, 13.1903], [78.1836, 13.1907], [78.1821, 13.1913], [78.1813, 13.1916], [78.1796, 13.1923], [78.1777, 13.1932], [78.178, 13.1953], [78.1782, 13.197], [78.1787, 13.197], [78.1801, 13.197], [78.1815, 13.1969], [78.1827, 13.1967], [78.1858, 13.197], [78.1885, 13.1973], [78.1895, 13.2012], [78.1898, 13.2061], [78.1905, 13.2063], [78.1915, 13.2069], [78.1922, 13.2066], [78.1935, 13.2057], [78.195, 13.2051], [78.1976, 13.2041], [78.1997, 13.2031], [78.2016, 13.2025], [78.2026, 13.202], [78.2028, 13.2016], [78.2045, 13.1988]]]}, "properties": {"OBJECTID": 230192, "gpcode": "218944", "gpname": "MANIGATTA", "stname": "KARNATAKA", "dtname": "Kolar", "sdtname": "Kolar", "stcode11": "29", "dtcode11": "581", "sdtcode11": "05591", "blklgdcode": "5870", "blkname": "KOLAR", "dt_lgd": 542, "sdt_lgd": 5591, "st_lgd": 29, "vilcode11": 0, "vilname11": "", "pan_local": "KOLAR", "b_pan_code": 6201, "b_pan_name": "KOLAR", "d_pan_code": 497, "d_pan_name": "KOLAR", "gp_code": "218944", "gp_name": "MANIGATTA", "st_2011": "29", "dt_2011": "581", "sdt_2011": "05591", "subdtname": "Kolar", "block_name": "KOLAR", "blk_lgdcod": "5870", "dtcode14": "581", "SHAPE_Length": 31809.786922759682, "SHAPE_Area": 25494616.204337034}}, {"type": "Feature", "geometry": {"type": "Polygon", "coordinates": [[[78.0594, 13.0584], [78.0551, 13.0584], [78.0492, 13.0589], [78.0475, 13.0636], [78.048, 13.067], [78.0479, 13.0687], [78.0483, 13.0704], [78.0486, 13.0734], [78.0467, 13.0738], [78.0464, 13.0741], [78.0468, 13.0764], [78.0475, 13.0756], [78.049, 13.0747], [78.0498, 13.074], [78.0507, 13.0737], [78.0514, 13.0735], [78.0523, 13.073], [78.0524, 13.0727], [78.0535, 13.0722], [78.0552, 13.0722], [78.057, 13.072], [78.0581, 13.0706], [78.0585, 13.069], [78.0592, 13.067], [78.0605, 13.0655], [78.0609, 13.0633], [78.0607, 13.0621], [78.0603, 13.0608], [78.0597, 13.0595], [78.0594, 13.0584]]]}, "properties": {"OBJECTID": 230193, "gpcode": "218945", "gpname": "MARJENAHALLI", "stname": "KARNATAKA", "dtname": "Kolar", "sdtname": "Kolar", "stcode11": "29", "dtcode11": "581", "sdtcode11": "05591", "blklgdcode": "5870", "blkname": "KOLAR", "dt_lgd": 542, "sdt_lgd": 5591, "st_lgd": 29, "vilcode11": 0, "vilname11": "", "pan_local": "KOLAR", "b_pan_code": 6201, "b_pan_name": "KOLAR", "d_pan_code": 497, "d_pan_name": "KOLAR", "gp_code": "218945", "gp_name": "MARJENAHALLI", "st_2011": "29", "dt_2011": "581", "sdt_2011": "05591", "subdtname": "Kolar", "block_name": "KOLAR", "blk_lgdcod": "5870", "dtcode14": "581", "SHAPE_Length": 6364.824400047729, "SHAPE_Area": 2108105.903893449}}, {"type": "Feature", "geometry": {"type": "Polygon", "coordinates": [[[78.1719, 13.1968], [78.1727, 13.1966], [78.1734, 13.1966], [78.1751, 13.1965], [78.1749, 13.1943], [78.1758, 13.195], [78.1769, 13.196], [78.1782, 13.197], [78.178, 13.1953], [78.1777, 13.1932], [78.1796, 13.1923], [78.1813, 13.1916], [78.1821, 13.1913], [78.1836, 13.1907], [78.1841, 13.1903], [78.1834, 13.1886], [78.1847, 13.1863], [78.185, 13.1853], [78.1854, 13.1847], [78.1853, 13.1834], [78.1856, 13.1821], [78.186, 13.1812], [78.1845, 13.1807], [78.1835, 13.1805], [78.183, 13.1802], [78.1835, 13.1777], [78.1828, 13.1755], [78.1822, 13.1743], [78.1849, 13.1749], [78.1877, 13.1756], [78.1877, 13.1736], [78.1877, 13.1724], [78.1884, 13.1723], [78.1889, 13.1714], [78.1892, 13.1714], [78.1894, 13.1708], [78.189, 13.1705], [78.1891, 13.17], [78.1901, 13.1699], [78.1902, 13.1692], [78.1906, 13.169], [78.1913, 13.1687], [78.1935, 13.168], [78.1948, 13.1675], [78.1945, 13.1644], [78.194, 13.1636], [78.193, 13.1619], [78.1929, 13.1611], [78.1929, 13.1605], [78.1929, 13.1594], [78.1936, 13.1586], [78.1935, 13.1569], [78.1917, 13.1573], [78.1902, 13.158], [78.1893, 13.1584], [78.1882, 13.1583], [78.1881, 13.1578], [78.1868, 13.1577], [78.1865, 13.1558], [78.186, 13.1537], [78.1858, 13.1524], [78.1861, 13.1515], [78.1872, 13.1513], [78.1871, 13.1488], [78.1872, 13.1477], [78.1871, 13.1463], [78.1855, 13.1447], [78.1841, 13.1436], [78.1812, 13.1433], [78.1787, 13.1428], [78.1771, 13.144], [78.1763, 13.1451], [78.1751, 13.1452], [78.1741, 13.1449], [78.1738, 13.1444], [78.1715, 13.1449], [78.171, 13.1459], [78.1684, 13.1464], [78.1657, 13.1473], [78.1653, 13.1488], [78.1657, 13.1526], [78.1646, 13.1525], [78.1638, 13.1523], [78.1625, 13.1496], [78.1599, 13.1505], [78.1558, 13.1511], [78.1558, 13.1521], [78.1561, 13.1532], [78.1555, 13.1542], [78.1557, 13.1565], [78.1555, 13.159], [78.1553, 13.1613], [78.1554, 13.1633], [78.1554, 13.1649], [78.1551, 13.1663], [78.1546, 13.1673], [78.1544, 13.1679], [78.1542, 13.1683], [78.1541, 13.1698], [78.1563, 13.1696], [78.1585, 13.1693], [78.1604, 13.1704], [78.1606, 13.171], [78.1611, 13.172], [78.1618, 13.1725], [78.1625, 13.1743], [78.1629, 13.1753], [78.1622, 13.1766], [78.1613, 13.178], [78.1603, 13.1781], [78.1594, 13.1782], [78.1584, 13.1786], [78.1563, 13.1788], [78.1552, 13.1792], [78.1521, 13.1804], [78.1509, 13.181], [78.1514, 13.1826], [78.1522, 13.185], [78.1532, 13.1904], [78.1534, 13.192], [78.1546, 13.1931], [78.1553, 13.1939], [78.1568, 13.1954], [78.1583, 13.1966], [78.1594, 13.1973], [78.161, 13.1979], [78.1633, 13.1985], [78.1649, 13.1984], [78.1659, 13.1984], [78.167, 13.1982], [78.1682, 13.198], [78.1695, 13.1977], [78.1707, 13.1973], [78.1719, 13.1968]]]}, "properties": {"OBJECTID": 230194, "gpcode": "218945", "gpname": "MARJENAHALLI", "stname": "KARNATAKA", "dtname": "Kolar", "sdtname": "Kolar", "stcode11": "29", "dtcode11": "581", "sdtcode11": "05591", "blklgdcode": "5870", "blkname": "KOLAR", "dt_lgd": 542, "sdt_lgd": 5591, "st_lgd": 29, "vilcode11": 0, "vilname11": "", "pan_local": "KOLAR", "b_pan_code": 6201, "b_pan_name": "KOLAR", "d_pan_code": 497, "d_pan_name": "KOLAR", "gp_code": "218945", "gp_name": "MARJENAHALLI", "st_2011": "29", "dt_2011": "581", "sdt_2011": "05591", "subdtname": "Kolar", "block_name": "KOLAR", "blk_lgdcod": "5870", "dtcode14": "581", "SHAPE_Length": 23641.270977532196, "SHAPE_Area": 19864284.40847047}}, {"type": "Feature", "geometry": {"type": "Polygon", "coordinates": [[[78.1588, 13.2046], [78.162, 13.2041], [78.1636, 13.2043], [78.1643, 13.2038], [78.1647, 13.2038], [78.1646, 13.2028], [78.1641, 13.2016], [78.1638, 13.1998], [78.1637, 13.1992], [78.1633, 13.1985], [78.161, 13.1979], [78.1594, 13.1973], [78.1583, 13.1966], [78.1568, 13.1954], [78.1548, 13.1993], [78.1566, 13.2048], [78.1588, 13.2046]]]}, "properties": {"OBJECTID": 230195, "gpcode": "218946", "gpname": "MUDUVADI", "stname": "KARNATAKA", "dtname": "Kolar", "sdtname": "Kolar", "stcode11": "29", "dtcode11": "581", "sdtcode11": "05591", "blklgdcode": "5870", "blkname": "KOLAR", "dt_lgd": 542, "sdt_lgd": 5591, "st_lgd": 29, "vilcode11": 0, "vilname11": "", "pan_local": "KOLAR", "b_pan_code": 6201, "b_pan_name": "KOLAR", "d_pan_code": 497, "d_pan_name": "KOLAR", "gp_code": "218946", "gp_name": "MUDUVADI", "st_2011": "29", "dt_2011": "581", "sdt_2011": "05591", "subdtname": "Kolar", "block_name": "KOLAR", "blk_lgdcod": "5870", "dtcode14": "581", "SHAPE_Length": 3526.924613530501, "SHAPE_Area": 767981.0830057657}}, {"type": "Feature", "geometry": {"type": "Polygon", "coordinates": [[[78.1833, 13.243], [78.1832, 13.2416], [78.1832, 13.2407], [78.1832, 13.2381], [78.1831, 13.236], [78.1831, 13.2346], [78.1835, 13.2311], [78.1834, 13.229], [78.1831, 13.2277], [78.1824, 13.2269], [78.1808, 13.2253], [78.1794, 13.2239], [78.1789, 13.223], [78.1775, 13.2216], [78.1766, 13.221], [78.1758, 13.2198], [78.1754, 13.2188], [78.1755, 13.2162], [78.1746, 13.216], [78.174, 13.2163], [78.1731, 13.217], [78.1725, 13.218], [78.1715, 13.2185], [78.1714, 13.2187], [78.1698, 13.2181], [78.1687, 13.2176], [78.1676, 13.2178], [78.1666, 13.2178], [78.1669, 13.2186], [78.167, 13.2192], [78.1669, 13.2202], [78.1665, 13.2213], [78.1659, 13.2217], [78.1646, 13.2222], [78.1637, 13.2224], [78.1632, 13.2222], [78.1629, 13.2221], [78.1625, 13.2227], [78.1623, 13.2228], [78.1621, 13.2228], [78.1617, 13.2226], [78.1609, 13.2225], [78.1596, 13.2227], [78.1576, 13.2231], [78.1566, 13.2233], [78.1565, 13.2227], [78.1566, 13.2215], [78.1568, 13.2198], [78.1569, 13.2184], [78.1568, 13.2168], [78.1564, 13.2146], [78.1571, 13.2112], [78.1567, 13.21], [78.1565, 13.2084], [78.1562, 13.2057], [78.1547, 13.2057], [78.1536, 13.2054], [78.1527, 13.2056], [78.1517, 13.2057], [78.1507, 13.2062], [78.1493, 13.2067], [78.1472, 13.2073], [78.1462, 13.2094], [78.1455, 13.2101], [78.1443, 13.2103], [78.1439, 13.2108], [78.1452, 13.2128], [78.1461, 13.2144], [78.146, 13.2152], [78.1435, 13.2152], [78.1435, 13.2162], [78.1438, 13.2168], [78.1464, 13.2176], [78.1469, 13.2209], [78.1476, 13.2205], [78.1484, 13.2202], [78.1492, 13.2204], [78.1496, 13.2207], [78.1502, 13.2207], [78.1515, 13.2218], [78.1527, 13.2226], [78.1544, 13.2237], [78.1534, 13.2253], [78.1518, 13.2275], [78.1521, 13.2288], [78.1524, 13.2302], [78.1523, 13.2314], [78.1517, 13.2325], [78.1502, 13.2337], [78.1494, 13.234], [78.1477, 13.2343], [78.1472, 13.2351], [78.1469, 13.2362], [78.1455, 13.2366], [78.1435, 13.2368], [78.1435, 13.2391], [78.1434, 13.2408], [78.1436, 13.2444], [78.1459, 13.2443], [78.1479, 13.2431], [78.1494, 13.245], [78.1528, 13.2451], [78.1556, 13.2452], [78.1579, 13.2454], [78.161, 13.2453], [78.1654, 13.245], [78.1688, 13.2451], [78.173, 13.2448], [78.1741, 13.2448], [78.1785, 13.2446], [78.1809, 13.2443], [78.1822, 13.2439], [78.1833, 13.243]]]}, "properties": {"OBJECTID": 230196, "gpcode": "218946", "gpname": "MUDUVADI", "stname": "KARNATAKA", "dtname": "Kolar", "sdtname": "Kolar", "stcode11": "29", "dtcode11": "581", "sdtcode11": "05591", "blklgdcode": "5870", "blkname": "KOLAR", "dt_lgd": 542, "sdt_lgd": 5591, "st_lgd": 29, "vilcode11": 0, "vilname11": "", "pan_local": "KOLAR", "b_pan_code": 6201, "b_pan_name": "KOLAR", "d_pan_code": 497, "d_pan_name": "KOLAR", "gp_code": "218946", "gp_name": "MUDUVADI", "st_2011": "29", "dt_2011": "581", "sdt_2011": "05591", "subdtname": "Kolar", "block_name": "KOLAR", "blk_lgdcod": "5870", "dtcode14": "581", "SHAPE_Length": 20271.43450655697, "SHAPE_Area": 12426811.511815501}}, {"type": "Feature", "geometry": {"type": "Polygon", "coordinates": [[[78.1833, 13.243], [78.1838, 13.2441], [78.1834, 13.2456], [78.1834, 13.2484], [78.1835, 13.2512], [78.1835, 13.2528], [78.1836, 13.2537], [78.1837, 13.2547], [78.1842, 13.255], [78.1846, 13.2551], [78.1854, 13.2555], [78.1858, 13.2555], [78.1859, 13.2558], [78.1864, 13.2562], [78.1872, 13.2567], [78.1879, 13.2567], [78.1886, 13.2567], [78.1896, 13.2569], [78.1897, 13.2589], [78.1897, 13.2603], [78.1901, 13.2628], [78.1904, 13.2655], [78.1908, 13.2667], [78.1911, 13.2669], [78.1931, 13.2652], [78.1944, 13.2641], [78.1961, 13.2628], [78.1964, 13.2627], [78.1973, 13.2626], [78.1979, 13.2626], [78.1982, 13.2626], [78.1987, 13.2626], [78.1996, 13.2629], [78.2001, 13.2624], [78.2003, 13.2614], [78.2006, 13.2606], [78.2008, 13.2596], [78.2009, 13.2584], [78.2007, 13.2564], [78.2002, 13.2536], [78.1995, 13.2512], [78.1995, 13.2506], [78.1994, 13.2489], [78.199, 13.2476], [78.1979, 13.2451], [78.1972, 13.2434], [78.1969, 13.2426], [78.1956, 13.2427], [78.1939, 13.2427], [78.1921, 13.2425], [78.1902, 13.2422], [78.1884, 13.2421], [78.1876, 13.2422], [78.1872, 13.2423], [78.1866, 13.2422], [78.1856, 13.2423], [78.1849, 13.2424], [78.1838, 13.2427], [78.1833, 13.243]]]}, "properties": {"OBJECTID": 230197, "gpcode": "218946", "gpname": "MUDUVADI", "stname": "KARNATAKA", "dtname": "Kolar", "sdtname": "Kolar", "stcode11": "29", "dtcode11": "581", "sdtcode11": "05591", "blklgdcode": "5870", "blkname": "KOLAR", "dt_lgd": 542, "sdt_lgd": 5591, "st_lgd": 29, "vilcode11": 0, "vilname11": "", "pan_local": "KOLAR", "b_pan_code": 6201, "b_pan_name": "KOLAR", "d_pan_code": 497, "d_pan_name": "KOLAR", "gp_code": "218946", "gp_name": "MUDUVADI", "st_2011": "29", "dt_2011": "581", "sdt_2011": "05591", "subdtname": "Kolar", "block_name": "KOLAR", "blk_lgdcod": "5870", "dtcode14": "581", "SHAPE_Length": 8370.870771791788, "SHAPE_Area": 3795213.552199013}}, {"type": "Feature", "geometry": {"type": "Polygon", "coordinates": [[[78.0666, 13.095], [78.0671, 13.0943], [78.0695, 13.0944], [78.0721, 13.0946], [78.0724, 13.0947], [78.0723, 13.0937], [78.0726, 13.0919], [78.0739, 13.0898], [78.072, 13.0868], [78.0713, 13.0856], [78.0698, 13.0841], [78.0703, 13.0821], [78.0716, 13.0817], [78.0726, 13.0815], [78.0733, 13.0814], [78.0743, 13.0809], [78.0754, 13.0806], [78.0759, 13.0804], [78.077, 13.0793], [78.0786, 13.0792], [78.081, 13.0793], [78.0826, 13.0795], [78.0832, 13.0798], [78.0839, 13.0817], [78.0843, 13.0825], [78.085, 13.0829], [78.0864, 13.0816], [78.0888, 13.0796], [78.0896, 13.0789], [78.0896, 13.0786], [78.0923, 13.0781], [78.0957, 13.077], [78.0971, 13.0766], [78.0987, 13.0762], [78.1004, 13.0762], [78.1024, 13.0764], [78.1037, 13.0765], [78.1058, 13.0749], [78.1049, 13.0715], [78.1045, 13.0691], [78.1034, 13.0686], [78.1017, 13.0674], [78.1003, 13.0664], [78.0994, 13.0657], [78.1003, 13.0642], [78.1013, 13.0631], [78.1026, 13.0622], [78.104, 13.0614], [78.1054, 13.0609], [78.1058, 13.0608], [78.1063, 13.0603], [78.1059, 13.0592], [78.1054, 13.0585], [78.1051, 13.0577], [78.1044, 13.0572], [78.1033, 13.0569], [78.1021, 13.0558], [78.1008, 13.0543], [78.1005, 13.0538], [78.1004, 13.0523], [78.1002, 13.0496], [78.0999, 13.0488], [78.0996, 13.0478], [78.0999, 13.0471], [78.1002, 13.0463], [78.1007, 13.0458], [78.1013, 13.0453], [78.1029, 13.0435], [78.1033, 13.042], [78.1029, 13.0415], [78.1026, 13.0413], [78.1025, 13.0412], [78.1021, 13.0413], [78.1016, 13.0419], [78.101, 13.0425], [78.1003, 13.0426], [78.0994, 13.0424], [78.0988, 13.0418], [78.0984, 13.0413], [78.0978, 13.0398], [78.0973, 13.0381], [78.097, 13.0374], [78.0966, 13.0359], [78.0961, 13.0331], [78.0904, 13.0334], [78.0898, 13.0355], [78.0891, 13.0365], [78.0887, 13.0368], [78.087, 13.0356], [78.0861, 13.0345], [78.085, 13.0332], [78.0817, 13.034], [78.0774, 13.0358], [78.079, 13.0434], [78.074, 13.0443], [78.0695, 13.0462], [78.0682, 13.0466], [78.0638, 13.0467], [78.0622, 13.0471], [78.0603, 13.0474], [78.0577, 13.0477], [78.057, 13.0477], [78.0583, 13.0531], [78.0594, 13.0584], [78.0597, 13.0595], [78.0603, 13.0608], [78.0607, 13.0621], [78.0609, 13.0633], [78.0605, 13.0655], [78.0592, 13.067], [78.0585, 13.069], [78.0581, 13.0706], [78.057, 13.072], [78.0552, 13.0722], [78.0535, 13.0722], [78.0524, 13.0727], [78.0523, 13.073], [78.0514, 13.0735], [78.0507, 13.0737], [78.0498, 13.074], [78.049, 13.0747], [78.0475, 13.0756], [78.0468, 13.0764], [78.0476, 13.081], [78.0492, 13.0805], [78.0526, 13.0832], [78.055, 13.085], [78.0559, 13.0891], [78.056, 13.0921], [78.0555, 13.0944], [78.0548, 13.0997], [78.0601, 13.0989], [78.0639, 13.0981], [78.0656, 13.0958], [78.0666, 13.095]]]}, "properties": {"OBJECTID": 230198, "gpcode": "218947", "gpname": "MUDUVATHI", "stname": "KARNATAKA", "dtname": "Kolar", "sdtname": "Kolar", "stcode11": "29", "dtcode11": "581", "sdtcode11": "05591", "blklgdcode": "5870", "blkname": "KOLAR", "dt_lgd": 542, "sdt_lgd": 5591, "st_lgd": 29, "vilcode11": 0, "vilname11": "", "pan_local": "KOLAR", "b_pan_code": 6201, "b_pan_name": "KOLAR", "d_pan_code": 497, "d_pan_name": "KOLAR", "gp_code": "218947", "gp_name": "MUDUVATHI", "st_2011": "29", "dt_2011": "581", "sdt_2011": "05591", "subdtname": "Kolar", "block_name": "KOLAR", "blk_lgdcod": "5870", "dtcode14": "581", "SHAPE_Length": 28497.178051763167, "SHAPE_Area": 26500983.614493124}}, {"type": "Feature", "geometry": {"type": "Polygon", "coordinates": [[[78.1546, 13.1673], [78.1551, 13.1663], [78.1554, 13.1649], [78.1554, 13.1633], [78.1553, 13.1613], [78.1555, 13.159], [78.1557, 13.1565], [78.1555, 13.1542], [78.1561, 13.1532], [78.1558, 13.1521], [78.1558, 13.1511], [78.1541, 13.1513], [78.1517, 13.1512], [78.1481, 13.1509], [78.1462, 13.1519], [78.1468, 13.1524], [78.1468, 13.1529], [78.1466, 13.1532], [78.1471, 13.154], [78.1505, 13.1594], [78.1507, 13.16], [78.1503, 13.1605], [78.1505, 13.1609], [78.1511, 13.1619], [78.151, 13.1624], [78.1507, 13.163], [78.1501, 13.163], [78.1509, 13.1656], [78.1512, 13.1667], [78.1524, 13.1667], [78.1537, 13.1665], [78.154, 13.1675], [78.1543, 13.1678], [78.1544, 13.1679], [78.1546, 13.1673]]]}, "properties": {"OBJECTID": 230199, "gpcode": "218947", "gpname": "MUDUVATHI", "stname": "KARNATAKA", "dtname": "Kolar", "sdtname": "Kolar", "stcode11": "29", "dtcode11": "581", "sdtcode11": "05591", "blklgdcode": "5870", "blkname": "KOLAR", "dt_lgd": 542, "sdt_lgd": 5591, "st_lgd": 29, "vilcode11": 0, "vilname11": "", "pan_local": "KOLAR", "b_pan_code": 6201, "b_pan_name": "KOLAR", "d_pan_code": 497, "d_pan_name": "KOLAR", "gp_code": "218947", "gp_name": "MUDUVATHI", "st_2011": "29", "dt_2011": "581", "sdt_2011": "05591", "subdtname": "Kolar", "block_name": "KOLAR", "blk_lgdcod": "5870", "dtcode14": "581", "SHAPE_Length": 5505.703694090989, "SHAPE_Area": 1238228.0753419737}}, {"type": "Feature", "geometry": {"type": "Polygon", "coordinates": [[[78.005, 13.1504], [78.0062, 13.1501], [78.0066, 13.1504], [78.0068, 13.1499], [78.0072, 13.1498], [78.0083, 13.1523], [78.0112, 13.1537], [78.0139, 13.1533], [78.0159, 13.1531], [78.0164, 13.1531], [78.0165, 13.152], [78.0168, 13.1517], [78.0169, 13.151], [78.0177, 13.1509], [78.0179, 13.1498], [78.0184, 13.1499], [78.0185, 13.1494], [78.0178, 13.1483], [78.0183, 13.1475], [78.0218, 13.1475], [78.0247, 13.1473], [78.0269, 13.1475], [78.0274, 13.1476], [78.0271, 13.1466], [78.0257, 13.1445], [78.0251, 13.1434], [78.0239, 13.143], [78.0236, 13.1425], [78.0228, 13.1419], [78.0218, 13.1423], [78.0205, 13.1423], [78.0197, 13.1419], [78.0193, 13.1417], [78.0185, 13.1415], [78.0181, 13.1405], [78.0174, 13.1395], [78.0169, 13.1369], [78.0165, 13.135], [78.0191, 13.1336], [78.019, 13.1327], [78.0182, 13.1302], [78.0178, 13.1288], [78.0176, 13.1271], [78.0171, 13.1258], [78.0169, 13.1239], [78.0167, 13.1228], [78.0163, 13.1224], [78.0152, 13.1226], [78.0148, 13.1218], [78.0145, 13.1199], [78.0146, 13.1159], [78.0143, 13.115], [78.0118, 13.1134], [78.01, 13.1125], [78.0089, 13.1116], [78.008, 13.111], [78.0063, 13.1102], [78.0048, 13.1101], [78.0039, 13.1102], [78.0018, 13.1122], [78.0005, 13.1135], [77.9988, 13.1154], [77.9976, 13.1168], [77.9972, 13.1176], [77.9959, 13.1198], [77.9956, 13.1206], [77.9954, 13.1212], [77.9968, 13.1228], [77.9977, 13.1238], [77.9985, 13.1247], [77.9988, 13.1252], [78.0006, 13.1268], [78.0008, 13.128], [78.001, 13.129], [78.0007, 13.1295], [77.9995, 13.1298], [77.9988, 13.13], [77.9985, 13.1313], [77.9982, 13.133], [77.9981, 13.1339], [77.9977, 13.1351], [77.997, 13.1366], [77.9964, 13.1392], [77.9961, 13.1409], [77.9958, 13.1425], [77.9954, 13.1447], [77.9946, 13.1487], [77.9942, 13.151], [77.9937, 13.1531], [77.9935, 13.154], [77.9934, 13.1544], [77.9935, 13.1555], [77.9949, 13.1559], [77.9964, 13.1563], [77.9976, 13.1564], [77.998, 13.156], [77.9985, 13.1553], [77.9988, 13.1539], [78.0004, 13.1536], [78.0, 13.1522], [77.9997, 13.1514], [78.0019, 13.151], [78.005, 13.1504]]]}, "properties": {"OBJECTID": 230200, "gpcode": "218948", "gpname": "NARASAPURA", "stname": "KARNATAKA", "dtname": "Kolar", "sdtname": "Kolar", "stcode11": "29", "dtcode11": "581", "sdtcode11": "05591", "blklgdcode": "5870", "blkname": "KOLAR", "dt_lgd": 542, "sdt_lgd": 5591, "st_lgd": 29, "vilcode11": 0, "vilname11": "", "pan_local": "KOLAR", "b_pan_code": 6201, "b_pan_name": "KOLAR", "d_pan_code": 497, "d_pan_name": "KOLAR", "gp_code": "218948", "gp_name": "NARASAPURA", "st_2011": "29", "dt_2011": "581", "sdt_2011": "05591", "subdtname": "Kolar", "block_name": "KOLAR", "blk_lgdcod": "5870", "dtcode14": "581", "SHAPE_Length": 17358.153352298126, "SHAPE_Area": 10822220.338915477}}, {"type": "Feature", "geometry": {"type": "Polygon", "coordinates": [[[78.0036, 13.2101], [78.003, 13.2083], [78.002, 13.2088], [78.0028, 13.2118], [78.003, 13.2118], [78.0032, 13.2117], [78.0033, 13.2114], [78.0036, 13.211], [78.0037, 13.2107], [78.0036, 13.2101]]]}, "properties": {"OBJECTID": 230201, "gpcode": "218949", "gpname": "SEETI", "stname": "KARNATAKA", "dtname": "Kolar", "sdtname": "Kolar", "stcode11": "29", "dtcode11": "581", "sdtcode11": "05591", "blklgdcode": "5870", "blkname": "KOLAR", "dt_lgd": 542, "sdt_lgd": 5591, "st_lgd": 29, "vilcode11": 0, "vilname11": "", "pan_local": "KOLAR", "b_pan_code": 6201, "b_pan_name": "KOLAR", "d_pan_code": 497, "d_pan_name": "KOLAR", "gp_code": "218949", "gp_name": "SEETI", "st_2011": "29", "dt_2011": "581", "sdt_2011": "05591", "subdtname": "Kolar", "block_name": "KOLAR", "blk_lgdcod": "5870", "dtcode14": "581", "SHAPE_Length": 941.8923418806871, "SHAPE_Area": 44361.09416015242}}, {"type": "Feature", "geometry": {"type": "Polygon", "coordinates": [[[78.0156, 13.2724], [78.0161, 13.2655], [78.0167, 13.2618], [78.0169, 13.2593], [78.0191, 13.2589], [78.0209, 13.2587], [78.0209, 13.2573], [78.0212, 13.256], [78.0214, 13.2547], [78.0217, 13.2525], [78.022, 13.2512], [78.0224, 13.25], [78.0224, 13.2488], [78.0231, 13.2478], [78.0237, 13.2455], [78.0246, 13.2418], [78.0256, 13.2416], [78.0262, 13.2409], [78.0274, 13.2397], [78.0279, 13.2377], [78.0273, 13.2356], [78.027, 13.2327], [78.0278, 13.2321], [78.0291, 13.2301], [78.0293, 13.2278], [78.0296, 13.2243], [78.0295, 13.2217], [78.0298, 13.2202], [78.0269, 13.2209], [78.0251, 13.2221], [78.0246, 13.2237], [78.0246, 13.2246], [78.0237, 13.2245], [78.0234, 13.2244], [78.0235, 13.224], [78.0238, 13.2233], [78.0237, 13.2225], [78.0233, 13.2206], [78.0225, 13.2203], [78.0218, 13.2199], [78.0198, 13.2185], [78.0198, 13.2148], [78.0192, 13.2143], [78.0176, 13.2142], [78.0168, 13.2127], [78.0167, 13.212], [78.0165, 13.2112], [78.0161, 13.2105], [78.0156, 13.2112], [78.0143, 13.2115], [78.0133, 13.2119], [78.0106, 13.2121], [78.0081, 13.2125], [78.0063, 13.2134], [78.0046, 13.2142], [78.0024, 13.2143], [77.9996, 13.2144], [77.9995, 13.2141], [77.9988, 13.2141], [77.9984, 13.2142], [77.9985, 13.2161], [77.9988, 13.2159], [77.9991, 13.2159], [77.9993, 13.2163], [78.0, 13.2167], [78.0004, 13.2175], [78.0011, 13.2191], [78.0018, 13.222], [78.0019, 13.2225], [78.0041, 13.2225], [78.004, 13.2244], [78.0045, 13.2276], [78.0037, 13.2289], [78.0038, 13.2302], [78.0018, 13.233], [78.0005, 13.2333], [78.0003, 13.235], [77.9993, 13.2387], [77.9988, 13.239], [77.9967, 13.2402], [77.9923, 13.2416], [77.9923, 13.246], [77.9926, 13.2466], [77.9926, 13.2472], [77.9946, 13.2491], [77.995, 13.2496], [77.992, 13.2512], [77.9915, 13.2518], [77.9908, 13.2525], [77.9916, 13.2536], [77.9921, 13.2556], [77.9919, 13.2582], [77.9908, 13.2602], [77.9902, 13.2619], [77.9896, 13.2633], [77.9901, 13.2648], [77.9905, 13.2658], [77.9929, 13.2657], [77.9958, 13.2658], [77.9988, 13.2659], [78.0001, 13.2659], [78.0019, 13.2662], [78.0022, 13.2671], [78.0027, 13.2683], [78.0033, 13.2697], [78.004, 13.2713], [78.0046, 13.2724], [78.0062, 13.2721], [78.0082, 13.2718], [78.0104, 13.2715], [78.0114, 13.2715], [78.0115, 13.2719], [78.0119, 13.2725], [78.0142, 13.2724], [78.0156, 13.2724]]]}, "properties": {"OBJECTID": 230202, "gpcode": "218949", "gpname": "SEETI", "stname": "KARNATAKA", "dtname": "Kolar", "sdtname": "Kolar", "stcode11": "29", "dtcode11": "581", "sdtcode11": "05591", "blklgdcode": "5870", "blkname": "KOLAR", "dt_lgd": 542, "sdt_lgd": 5591, "st_lgd": 29, "vilcode11": 0, "vilname11": "", "pan_local": "KOLAR", "b_pan_code": 6201, "b_pan_name": "KOLAR", "d_pan_code": 497, "d_pan_name": "KOLAR", "gp_code": "218949", "gp_name": "SEETI", "st_2011": "29", "dt_2011": "581", "sdt_2011": "05591", "subdtname": "Kolar", "block_name": "KOLAR", "blk_lgdcod": "5870", "dtcode14": "581", "SHAPE_Length": 22807.41782862079, "SHAPE_Area": 18995807.363324884}}, {"type": "Feature", "geometry": {"type": "Polygon", "coordinates": [[[78.0435, 13.1939], [78.0449, 13.1939], [78.0465, 13.1936], [78.0488, 13.1931], [78.0513, 13.1925], [78.0518, 13.1925], [78.0524, 13.1919], [78.0526, 13.1914], [78.0529, 13.1906], [78.0529, 13.1899], [78.0536, 13.1891], [78.0543, 13.1888], [78.0542, 13.1881], [78.0549, 13.1873], [78.0561, 13.1866], [78.0567, 13.1862], [78.0566, 13.1854], [78.0566, 13.1853], [78.0567, 13.1853], [78.0569, 13.1853], [78.0571, 13.1854], [78.0572, 13.1854], [78.0573, 13.1854], [78.0575, 13.1855], [78.0576, 13.1855], [78.0579, 13.1855], [78.0597, 13.1804], [78.0611, 13.1765], [78.0628, 13.171], [78.0636, 13.1683], [78.0627, 13.1658], [78.0617, 13.1641], [78.0604, 13.1631], [78.0601, 13.162], [78.0597, 13.1606], [78.0599, 13.1577], [78.0589, 13.1577], [78.0587, 13.1583], [78.0588, 13.1593], [78.059, 13.1596], [78.0588, 13.1603], [78.0574, 13.1604], [78.0563, 13.161], [78.0532, 13.1625], [78.0529, 13.1638], [78.0506, 13.164], [78.0505, 13.1624], [78.0504, 13.1605], [78.05, 13.1596], [78.0493, 13.1601], [78.0488, 13.1601], [78.048, 13.16], [78.0475, 13.1598], [78.0467, 13.159], [78.0469, 13.1582], [78.0458, 13.1582], [78.044, 13.1587], [78.0438, 13.1589], [78.0433, 13.159], [78.0424, 13.1588], [78.0409, 13.1587], [78.0394, 13.1588], [78.0393, 13.1599], [78.0383, 13.1596], [78.0386, 13.1617], [78.0369, 13.1619], [78.0363, 13.1623], [78.0354, 13.1625], [78.0343, 13.1626], [78.0322, 13.1629], [78.0313, 13.163], [78.0317, 13.1643], [78.0324, 13.1663], [78.0327, 13.1679], [78.0332, 13.169], [78.0338, 13.1718], [78.0338, 13.1732], [78.0327, 13.1731], [78.0301, 13.1738], [78.0299, 13.1754], [78.0302, 13.1764], [78.0307, 13.177], [78.0308, 13.1776], [78.0326, 13.1792], [78.0345, 13.1812], [78.035, 13.1818], [78.0375, 13.1819], [78.0375, 13.1832], [78.0376, 13.1846], [78.0379, 13.1866], [78.0379, 13.1881], [78.0376, 13.1905], [78.0384, 13.1919], [78.039, 13.1937], [78.0391, 13.194], [78.0403, 13.1939], [78.0412, 13.1941], [78.0435, 13.1939]]]}, "properties": {"OBJECTID": 230203, "gpcode": "218950", "gpname": "SETTIHALLI", "stname": "KARNATAKA", "dtname": "Kolar", "sdtname": "Kolar", "stcode11": "29", "dtcode11": "581", "sdtcode11": "05591", "blklgdcode": "5870", "blkname": "KOLAR", "dt_lgd": 542, "sdt_lgd": 5591, "st_lgd": 29, "vilcode11": 0, "vilname11": "", "pan_local": "KOLAR", "b_pan_code": 6201, "b_pan_name": "KOLAR", "d_pan_code": 497, "d_pan_name": "KOLAR", "gp_code": "218950", "gp_name": "SETTIHALLI", "st_2011": "29", "dt_2011": "581", "sdt_2011": "05591", "subdtname": "Kolar", "block_name": "KOLAR", "blk_lgdcod": "5870", "dtcode14": "581", "SHAPE_Length": 15256.352967806577, "SHAPE_Area": 10468083.60039703}}, {"type": "Feature", "geometry": {"type": "Polygon", "coordinates": [[[78.055, 13.2367], [78.0556, 13.2349], [78.0574, 13.2284], [78.0588, 13.2275], [78.0598, 13.2268], [78.0601, 13.2257], [78.0601, 13.2247], [78.0594, 13.2239], [78.059, 13.2228], [78.059, 13.2223], [78.0589, 13.2211], [78.0587, 13.2183], [78.0587, 13.2176], [78.0585, 13.2164], [78.0586, 13.2156], [78.0587, 13.2128], [78.0587, 13.2122], [78.0589, 13.2102], [78.0578, 13.2098], [78.0567, 13.2073], [78.0557, 13.2048], [78.0542, 13.2035], [78.0542, 13.2024], [78.0535, 13.2016], [78.0518, 13.2007], [78.0503, 13.2015], [78.0479, 13.2027], [78.0474, 13.2015], [78.0452, 13.2023], [78.0429, 13.2027], [78.0418, 13.202], [78.041, 13.2013], [78.04, 13.2006], [78.0403, 13.1997], [78.0409, 13.1987], [78.0399, 13.1972], [78.0385, 13.1964], [78.0374, 13.1962], [78.0364, 13.196], [78.035, 13.1954], [78.0338, 13.1963], [78.0321, 13.1962], [78.0314, 13.1964], [78.0313, 13.1974], [78.0316, 13.1976], [78.0319, 13.1981], [78.0322, 13.1995], [78.0332, 13.2012], [78.0343, 13.2024], [78.0311, 13.2022], [78.0278, 13.2034], [78.0275, 13.2058], [78.0276, 13.2074], [78.0276, 13.208], [78.0262, 13.2151], [78.0257, 13.2174], [78.0253, 13.2188], [78.0242, 13.2201], [78.0233, 13.2206], [78.0237, 13.2225], [78.0238, 13.2233], [78.0235, 13.224], [78.0234, 13.2244], [78.0237, 13.2245], [78.0246, 13.2246], [78.0246, 13.2237], [78.0251, 13.2221], [78.0269, 13.2209], [78.0298, 13.2202], [78.0295, 13.2217], [78.0296, 13.2243], [78.0293, 13.2278], [78.0291, 13.2301], [78.0278, 13.2321], [78.027, 13.2327], [78.0273, 13.2356], [78.0279, 13.2377], [78.0309, 13.2369], [78.0342, 13.2364], [78.0358, 13.2364], [78.0376, 13.2369], [78.0393, 13.2377], [78.0413, 13.2391], [78.0436, 13.2405], [78.0455, 13.2413], [78.048, 13.2415], [78.0495, 13.2403], [78.052, 13.2387], [78.055, 13.2367]]]}, "properties": {"OBJECTID": 230204, "gpcode": "218950", "gpname": "SETTIHALLI", "stname": "KARNATAKA", "dtname": "Kolar", "sdtname": "Kolar", "stcode11": "29", "dtcode11": "581", "sdtcode11": "05591", "blklgdcode": "5870", "blkname": "KOLAR", "dt_lgd": 542, "sdt_lgd": 5591, "st_lgd": 29, "vilcode11": 0, "vilname11": "", "pan_local": "KOLAR", "b_pan_code": 6201, "b_pan_name": "KOLAR", "d_pan_code": 497, "d_pan_name": "KOLAR", "gp_code": "218950", "gp_name": "SETTIHALLI", "st_2011": "29", "dt_2011": "581", "sdt_2011": "05591", "subdtname": "Kolar", "block_name": "KOLAR", "blk_lgdcod": "5870", "dtcode14": "581", "SHAPE_Length": 18259.895125515985, "SHAPE_Area": 14522825.469179677}}, {"type": "Feature", "geometry": {"type": "Polygon", "coordinates": [[[78.2441, 13.1208], [78.2476, 13.1206], [78.2488, 13.1213], [78.2496, 13.1211], [78.2515, 13.1208], [78.2527, 13.1208], [78.2536, 13.121], [78.2534, 13.1201], [78.2526, 13.1178], [78.2518, 13.1151], [78.2518, 13.1149], [78.252, 13.1146], [78.2525, 13.1144], [78.2532, 13.1141], [78.2534, 13.1138], [78.2533, 13.1134], [78.253, 13.1125], [78.2523, 13.1099], [78.2517, 13.1085], [78.2513, 13.1077], [78.2528, 13.1063], [78.2539, 13.1052], [78.2545, 13.1046], [78.2545, 13.1047], [78.2547, 13.1053], [78.2538, 13.1056], [78.2542, 13.1069], [78.2544, 13.1083], [78.2546, 13.1091], [78.2548, 13.1095], [78.2548, 13.1101], [78.2561, 13.109], [78.256, 13.108], [78.257, 13.1078], [78.2577, 13.1079], [78.2585, 13.108], [78.2588, 13.1075], [78.2597, 13.1074], [78.2597, 13.1073], [78.2597, 13.1074], [78.2602, 13.1076], [78.2619, 13.1049], [78.2628, 13.104], [78.2644, 13.1019], [78.2655, 13.101], [78.2663, 13.0987], [78.2669, 13.095], [78.2671, 13.0935], [78.2686, 13.0933], [78.2703, 13.0932], [78.2713, 13.0928], [78.2723, 13.093], [78.2732, 13.0936], [78.2743, 13.0943], [78.2752, 13.0943], [78.2766, 13.0941], [78.2785, 13.0936], [78.2793, 13.093], [78.2802, 13.0925], [78.2815, 13.0924], [78.2831, 13.0921], [78.2846, 13.0921], [78.2854, 13.0916], [78.2861, 13.0901], [78.2862, 13.0889], [78.2864, 13.0877], [78.2866, 13.0865], [78.2868, 13.0855], [78.2869, 13.0844], [78.2871, 13.0838], [78.2876, 13.0832], [78.2876, 13.0825], [78.2872, 13.0823], [78.2857, 13.0815], [78.2844, 13.0811], [78.2831, 13.0808], [78.2815, 13.0806], [78.2803, 13.0804], [78.2795, 13.0804], [78.2782, 13.0802], [78.2776, 13.078], [78.2767, 13.0742], [78.2767, 13.0725], [78.2766, 13.0693], [78.2765, 13.0677], [78.2764, 13.067], [78.2749, 13.0678], [78.272, 13.0688], [78.2692, 13.0695], [78.2668, 13.07], [78.2658, 13.0702], [78.2652, 13.0702], [78.2642, 13.0702], [78.2627, 13.0702], [78.2629, 13.0689], [78.2628, 13.0667], [78.2625, 13.0651], [78.2622, 13.0641], [78.2618, 13.064], [78.2614, 13.067], [78.2595, 13.0673], [78.2586, 13.0675], [78.2587, 13.0684], [78.2571, 13.0692], [78.2555, 13.0692], [78.2551, 13.0696], [78.2545, 13.0704], [78.2531, 13.0709], [78.2521, 13.0716], [78.2509, 13.0717], [78.2498, 13.072], [78.2495, 13.0721], [78.2507, 13.0741], [78.2521, 13.0766], [78.2525, 13.0773], [78.2528, 13.0776], [78.2537, 13.0777], [78.254, 13.0781], [78.2531, 13.0783], [78.2519, 13.0788], [78.2516, 13.079], [78.2503, 13.0791], [78.2499, 13.0789], [78.2496, 13.0784], [78.2493, 13.0776], [78.2488, 13.0771], [78.248, 13.0766], [78.2479, 13.0759], [78.2477, 13.076], [78.2473, 13.0757], [78.2468, 13.0752], [78.2464, 13.0748], [78.2459, 13.0745], [78.2453, 13.0748], [78.2458, 13.076], [78.2457, 13.0762], [78.2459, 13.0766], [78.2455, 13.0769], [78.2455, 13.0771], [78.2451, 13.0774], [78.245, 13.0777], [78.2448, 13.0779], [78.2444, 13.0781], [78.244, 13.0781], [78.2438, 13.0778], [78.2433, 13.0778], [78.2425, 13.0778], [78.2414, 13.078], [78.2409, 13.078], [78.2402, 13.078], [78.2398, 13.0778], [78.2396, 13.0777], [78.2392, 13.0776], [78.2388, 13.0773], [78.2387, 13.0773], [78.2384, 13.077], [78.2386, 13.0748], [78.2392, 13.0746], [78.2397, 13.074], [78.2395, 13.0736], [78.2388, 13.0732], [78.2377, 13.073], [78.2371, 13.0721], [78.2367, 13.072], [78.2364, 13.0723], [78.2352, 13.0724], [78.2346, 13.0722], [78.234, 13.0718], [78.2337, 13.0737], [78.2334, 13.0755], [78.2335, 13.078], [78.234, 13.0804], [78.234, 13.0812], [78.2334, 13.0817], [78.2328, 13.0829], [78.2316, 13.0848], [78.2261, 13.0841], [78.221, 13.0838], [78.219, 13.0847], [78.2169, 13.0857], [78.2147, 13.0853], [78.2168, 13.0898], [78.2179, 13.093], [78.2183, 13.0946], [78.2188, 13.0946], [78.2187, 13.097], [78.2179, 13.0976], [78.2178, 13.0998], [78.2166, 13.1011], [78.215, 13.1019], [78.2121, 13.1023], [78.2094, 13.1038], [78.207, 13.1048], [78.2047, 13.1061], [78.2039, 13.1076], [78.2038, 13.1085], [78.2039, 13.1092], [78.2038, 13.1099], [78.2037, 13.1105], [78.2033, 13.111], [78.2031, 13.1115], [78.2031, 13.112], [78.2036, 13.1129], [78.2048, 13.1126], [78.2079, 13.112], [78.211, 13.1117], [78.2138, 13.1114], [78.2149, 13.1113], [78.2164, 13.1112], [78.2165, 13.1121], [78.217, 13.1121], [78.2173, 13.114], [78.2177, 13.1161], [78.2177, 13.1169], [78.2208, 13.1158], [78.2214, 13.1159], [78.2217, 13.1175], [78.2218, 13.1192], [78.2241, 13.119], [78.2251, 13.1194], [78.2265, 13.1197], [78.2289, 13.1185], [78.2312, 13.1187], [78.2313, 13.1193], [78.2317, 13.1199], [78.2323, 13.1208], [78.2363, 13.1207], [78.2372, 13.1222], [78.2386, 13.1216], [78.2409, 13.1212], [78.2441, 13.1208]]]}, "properties": {"OBJECTID": 230205, "gpcode": "218951", "gpname": "SHAPUR", "stname": "KARNATAKA", "dtname": "Kolar", "sdtname": "Kolar", "stcode11": "29", "dtcode11": "581", "sdtcode11": "05591", "blklgdcode": "5870", "blkname": "KOLAR", "dt_lgd": 542, "sdt_lgd": 5591, "st_lgd": 29, "vilcode11": 0, "vilname11": "", "pan_local": "KOLAR", "b_pan_code": 6201, "b_pan_name": "KOLAR", "d_pan_code": 497, "d_pan_name": "KOLAR", "gp_code": "218951", "gp_name": "SHAPUR", "st_2011": "29", "dt_2011": "581", "sdt_2011": "05591", "subdtname": "Kolar", "block_name": "KOLAR", "blk_lgdcod": "5870", "dtcode14": "581", "SHAPE_Length": 34960.22685715269, "SHAPE_Area": 30796651.785346583}}, {"type": "Feature", "geometry": {"type": "Polygon", "coordinates": [[[78.1052, 13.2072], [78.1036, 13.204], [78.1031, 13.1993], [78.1034, 13.1983], [78.1037, 13.1964], [78.1032, 13.1968], [78.1027, 13.1971], [78.102, 13.1973], [78.1, 13.1973], [78.0995, 13.1977], [78.0982, 13.1977], [78.098, 13.1958], [78.0966, 13.196], [78.0955, 13.1961], [78.0951, 13.1963], [78.0947, 13.1967], [78.0943, 13.1968], [78.0938, 13.1968], [78.0933, 13.1965], [78.0928, 13.1961], [78.0918, 13.1961], [78.0922, 13.1971], [78.093, 13.1992], [78.093, 13.2002], [78.0932, 13.2017], [78.0925, 13.2026], [78.0919, 13.2049], [78.0916, 13.2057], [78.0911, 13.2056], [78.0911, 13.2071], [78.0913, 13.2077], [78.091, 13.2093], [78.0912, 13.2106], [78.0907, 13.2123], [78.0901, 13.214], [78.0897, 13.2155], [78.0897, 13.217], [78.0881, 13.2171], [78.0897, 13.2182], [78.0923, 13.2193], [78.0948, 13.2201], [78.0947, 13.2209], [78.0949, 13.2222], [78.0957, 13.2238], [78.0961, 13.2249], [78.0966, 13.2255], [78.0977, 13.2268], [78.099, 13.2274], [78.1014, 13.2276], [78.1037, 13.2264], [78.1067, 13.2249], [78.1089, 13.2245], [78.1085, 13.2218], [78.1081, 13.219], [78.1076, 13.2161], [78.1077, 13.2144], [78.1085, 13.2108], [78.1081, 13.2107], [78.1072, 13.2102], [78.1074, 13.2099], [78.1064, 13.2085], [78.1052, 13.2072]]]}, "properties": {"OBJECTID": 230206, "gpcode": "218952", "gpname": "SUGATUR", "stname": "KARNATAKA", "dtname": "Kolar", "sdtname": "Kolar", "stcode11": "29", "dtcode11": "581", "sdtcode11": "05591", "blklgdcode": "5870", "blkname": "KOLAR", "dt_lgd": 542, "sdt_lgd": 5591, "st_lgd": 29, "vilcode11": 0, "vilname11": "", "pan_local": "KOLAR", "b_pan_code": 6201, "b_pan_name": "KOLAR", "d_pan_code": 497, "d_pan_name": "KOLAR", "gp_code": "218952", "gp_name": "SUGATUR", "st_2011": "29", "dt_2011": "581", "sdt_2011": "05591", "subdtname": "Kolar", "block_name": "KOLAR", "blk_lgdcod": "5870", "dtcode14": "581", "SHAPE_Length": 10853.867342171608, "SHAPE_Area": 5331012.097770847}}, {"type": "Feature", "geometry": {"type": "Polygon", "coordinates": [[[78.0742, 13.2427], [78.0739, 13.2419], [78.073, 13.2419], [78.0732, 13.2414], [78.0735, 13.2403], [78.0736, 13.2389], [78.0739, 13.2374], [78.0738, 13.236], [78.0729, 13.2337], [78.0726, 13.2322], [78.0752, 13.232], [78.0768, 13.2321], [78.0791, 13.232], [78.0818, 13.2318], [78.0856, 13.2316], [78.0873, 13.2322], [78.089, 13.2279], [78.089, 13.2267], [78.0888, 13.2261], [78.0876, 13.2248], [78.087, 13.2236], [78.0864, 13.2228], [78.0859, 13.2221], [78.0845, 13.2207], [78.0819, 13.2194], [78.0804, 13.2194], [78.0791, 13.2191], [78.0779, 13.2192], [78.0768, 13.2194], [78.0758, 13.2197], [78.0723, 13.2181], [78.0716, 13.2182], [78.0711, 13.2181], [78.0708, 13.2179], [78.0701, 13.2177], [78.0697, 13.2175], [78.0688, 13.2175], [78.0682, 13.2181], [78.0678, 13.2176], [78.067, 13.2174], [78.0672, 13.2189], [78.068, 13.2211], [78.067, 13.2211], [78.0662, 13.2209], [78.0658, 13.221], [78.0655, 13.222], [78.0654, 13.2225], [78.0652, 13.2225], [78.065, 13.2224], [78.065, 13.2218], [78.0634, 13.2217], [78.0634, 13.2221], [78.0634, 13.2225], [78.0634, 13.223], [78.0631, 13.2231], [78.0628, 13.2226], [78.063, 13.2217], [78.0629, 13.2211], [78.0619, 13.2212], [78.0622, 13.2221], [78.0605, 13.2225], [78.059, 13.2228], [78.0594, 13.2239], [78.0601, 13.2247], [78.0601, 13.2257], [78.0598, 13.2268], [78.0588, 13.2275], [78.0574, 13.2284], [78.0556, 13.2349], [78.055, 13.2367], [78.0554, 13.2374], [78.0554, 13.2385], [78.0557, 13.24], [78.0558, 13.2417], [78.0559, 13.2461], [78.0551, 13.2487], [78.0614, 13.2491], [78.0614, 13.2509], [78.0637, 13.2509], [78.0659, 13.2507], [78.0695, 13.2475], [78.0722, 13.2451], [78.0726, 13.2444], [78.0737, 13.2435], [78.0742, 13.2427]]]}, "properties": {"OBJECTID": 230207, "gpcode": "218952", "gpname": "SUGATUR", "stname": "KARNATAKA", "dtname": "Kolar", "sdtname": "Kolar", "stcode11": "29", "dtcode11": "581", "sdtcode11": "05591", "blklgdcode": "5870", "blkname": "KOLAR", "dt_lgd": 542, "sdt_lgd": 5591, "st_lgd": 29, "vilcode11": 0, "vilname11": "", "pan_local": "KOLAR", "b_pan_code": 6201, "b_pan_name": "KOLAR", "d_pan_code": 497, "d_pan_name": "KOLAR", "gp_code": "218952", "gp_name": "SUGATUR", "st_2011": "29", "dt_2011": "581", "sdt_2011": "05591", "subdtname": "Kolar", "block_name": "KOLAR", "blk_lgdcod": "5870", "dtcode14": "581", "SHAPE_Length": 14662.40129044906, "SHAPE_Area": 8206628.823000675}}, {"type": "Feature", "geometry": {"type": "Polygon", "coordinates": [[[78.0337, 13.1582], [78.0313, 13.1582], [78.0297, 13.1586], [78.0288, 13.1588], [78.0283, 13.1593], [78.0285, 13.1607], [78.0278, 13.161], [78.0278, 13.1616], [78.0281, 13.1618], [78.0282, 13.1623], [78.0288, 13.163], [78.0296, 13.1632], [78.0313, 13.163], [78.0322, 13.1629], [78.0343, 13.1626], [78.0354, 13.1625], [78.0363, 13.1623], [78.0369, 13.1619], [78.0386, 13.1617], [78.0383, 13.1596], [78.0371, 13.1594], [78.0358, 13.1586], [78.0337, 13.1582]]]}, "properties": {"OBJECTID": 230208, "gpcode": "218953", "gpname": "SULUR", "stname": "KARNATAKA", "dtname": "Kolar", "sdtname": "Kolar", "stcode11": "29", "dtcode11": "581", "sdtcode11": "05591", "blklgdcode": "5870", "blkname": "KOLAR", "dt_lgd": 542, "sdt_lgd": 5591, "st_lgd": 29, "vilcode11": 0, "vilname11": "", "pan_local": "KOLAR", "b_pan_code": 6201, "b_pan_name": "KOLAR", "d_pan_code": 497, "d_pan_name": "KOLAR", "gp_code": "218953", "gp_name": "SULUR", "st_2011": "29", "dt_2011": "581", "sdt_2011": "05591", "subdtname": "Kolar", "block_name": "KOLAR", "blk_lgdcod": "5870", "dtcode14": "581", "SHAPE_Length": 3038.9441072111736, "SHAPE_Area": 519742.84145062545}}, {"type": "Feature", "geometry": {"type": "Polygon", "coordinates": [[[78.0666, 13.1754], [78.0681, 13.175], [78.0686, 13.1752], [78.0691, 13.174], [78.07, 13.1726], [78.0708, 13.1711], [78.0711, 13.1707], [78.0713, 13.1704], [78.0721, 13.1705], [78.0728, 13.1707], [78.073, 13.1708], [78.0739, 13.1707], [78.0749, 13.1702], [78.0763, 13.1696], [78.0776, 13.1692], [78.0788, 13.1689], [78.0805, 13.1684], [78.0805, 13.1685], [78.0804, 13.1693], [78.0802, 13.1712], [78.0797, 13.1729], [78.0797, 13.1754], [78.0792, 13.1766], [78.0796, 13.1778], [78.079, 13.1786], [78.0804, 13.1803], [78.0812, 13.1808], [78.0833, 13.1816], [78.084, 13.1815], [78.0843, 13.181], [78.0862, 13.1799], [78.0883, 13.1785], [78.0885, 13.1776], [78.0892, 13.1761], [78.088, 13.1741], [78.0886, 13.1723], [78.0884, 13.1711], [78.088, 13.1679], [78.0878, 13.1672], [78.0869, 13.1667], [78.0857, 13.1666], [78.0871, 13.1657], [78.0877, 13.1654], [78.0895, 13.1649], [78.0914, 13.1645], [78.0924, 13.1646], [78.0935, 13.1644], [78.0952, 13.1638], [78.0956, 13.1636], [78.096, 13.1636], [78.0962, 13.1613], [78.0961, 13.1599], [78.0963, 13.1581], [78.0964, 13.1574], [78.0968, 13.1564], [78.0969, 13.1554], [78.0966, 13.1542], [78.096, 13.1529], [78.0956, 13.1521], [78.0956, 13.1514], [78.0951, 13.1503], [78.0907, 13.1508], [78.0874, 13.1508], [78.085, 13.1511], [78.0839, 13.1506], [78.0833, 13.1504], [78.0815, 13.1497], [78.0783, 13.1484], [78.0749, 13.147], [78.0704, 13.1442], [78.0698, 13.1412], [78.0693, 13.1386], [78.069, 13.1375], [78.0688, 13.1351], [78.0689, 13.1341], [78.0683, 13.134], [78.0662, 13.1312], [78.0586, 13.1245], [78.0572, 13.1236], [78.0579, 13.1234], [78.058, 13.1223], [78.0594, 13.1223], [78.0597, 13.1217], [78.0607, 13.1181], [78.059, 13.1141], [78.0575, 13.1117], [78.0541, 13.1089], [78.052, 13.107], [78.0515, 13.1108], [78.0514, 13.1109], [78.0512, 13.1123], [78.0512, 13.1138], [78.052, 13.1142], [78.052, 13.1149], [78.0541, 13.1173], [78.0529, 13.1184], [78.0529, 13.119], [78.0517, 13.1197], [78.0516, 13.1204], [78.0523, 13.1224], [78.0534, 13.1242], [78.0555, 13.1237], [78.0555, 13.1242], [78.052, 13.1252], [78.0532, 13.1259], [78.0542, 13.127], [78.0552, 13.1285], [78.0569, 13.1303], [78.0553, 13.1311], [78.0522, 13.1325], [78.0489, 13.1343], [78.0431, 13.1324], [78.0409, 13.1313], [78.0399, 13.1287], [78.0421, 13.1281], [78.0424, 13.1274], [78.042, 13.1266], [78.0417, 13.1258], [78.0413, 13.1249], [78.0411, 13.1239], [78.041, 13.1233], [78.0402, 13.1232], [78.0394, 13.1234], [78.0389, 13.1232], [78.0384, 13.1231], [78.038, 13.1231], [78.0375, 13.1234], [78.037, 13.124], [78.0368, 13.1246], [78.0366, 13.1255], [78.0366, 13.1261], [78.0371, 13.1272], [78.0371, 13.1276], [78.037, 13.1277], [78.0368, 13.1278], [78.0362, 13.1276], [78.0357, 13.1275], [78.0344, 13.1275], [78.0335, 13.1277], [78.0329, 13.1281], [78.0317, 13.1288], [78.0305, 13.1292], [78.0296, 13.1297], [78.028, 13.13], [78.0276, 13.1294], [78.0274, 13.1287], [78.0274, 13.1279], [78.0272, 13.127], [78.0265, 13.1258], [78.0247, 13.1241], [78.0227, 13.1227], [78.0206, 13.1215], [78.018, 13.12], [78.0161, 13.1209], [78.0148, 13.1218], [78.0152, 13.1226], [78.0163, 13.1224], [78.0167, 13.1228], [78.0169, 13.1239], [78.0171, 13.1258], [78.0176, 13.1271], [78.0178, 13.1288], [78.0182, 13.1302], [78.019, 13.1327], [78.0191, 13.1336], [78.0165, 13.135], [78.0169, 13.1369], [78.0174, 13.1395], [78.0181, 13.1405], [78.0185, 13.1415], [78.0193, 13.1417], [78.0197, 13.1419], [78.0205, 13.1423], [78.0218, 13.1423], [78.0228, 13.1419], [78.0236, 13.1425], [78.0239, 13.143], [78.0251, 13.1434], [78.0257, 13.1445], [78.0271, 13.1466], [78.0274, 13.1476], [78.0282, 13.1509], [78.0291, 13.1497], [78.0302, 13.1496], [78.0312, 13.1498], [78.0322, 13.1504], [78.0333, 13.1504], [78.0341, 13.1506], [78.0365, 13.151], [78.0377, 13.1516], [78.0377, 13.1531], [78.0377, 13.1541], [78.038, 13.1547], [78.0383, 13.1549], [78.0389, 13.1553], [78.0392, 13.1555], [78.0396, 13.1558], [78.0407, 13.156], [78.0419, 13.156], [78.0425, 13.1561], [78.0431, 13.1565], [78.0434, 13.1572], [78.044, 13.1587], [78.0458, 13.1582], [78.0469, 13.1582], [78.0467, 13.159], [78.0475, 13.1598], [78.048, 13.16], [78.0488, 13.1601], [78.0493, 13.1601], [78.05, 13.1596], [78.0504, 13.1605], [78.0505, 13.1624], [78.0506, 13.164], [78.0529, 13.1638], [78.0532, 13.1625], [78.0563, 13.161], [78.0574, 13.1604], [78.0588, 13.1603], [78.059, 13.1596], [78.0588, 13.1593], [78.0587, 13.1583], [78.0589, 13.1577], [78.0599, 13.1577], [78.0597, 13.1606], [78.0601, 13.162], [78.0604, 13.1631], [78.0617, 13.1641], [78.0627, 13.1658], [78.0636, 13.1683], [78.0628, 13.171], [78.0611, 13.1765], [78.0597, 13.1804], [78.0579, 13.1855], [78.0582, 13.1855], [78.0586, 13.1852], [78.0596, 13.1839], [78.062, 13.1796], [78.0639, 13.1771], [78.0641, 13.1769], [78.0647, 13.1762], [78.0658, 13.1756], [78.0666, 13.1754]]]}, "properties": {"OBJECTID": 230209, "gpcode": "218953", "gpname": "SULUR", "stname": "KARNATAKA", "dtname": "Kolar", "sdtname": "Kolar", "stcode11": "29", "dtcode11": "581", "sdtcode11": "05591", "blklgdcode": "5870", "blkname": "KOLAR", "dt_lgd": 542, "sdt_lgd": 5591, "st_lgd": 29, "vilcode11": 0, "vilname11": "", "pan_local": "KOLAR", "b_pan_code": 6201, "b_pan_name": "KOLAR", "d_pan_code": 497, "d_pan_name": "KOLAR", "gp_code": "218953", "gp_name": "SULUR", "st_2011": "29", "dt_2011": "581", "sdt_2011": "05591", "subdtname": "Kolar", "block_name": "KOLAR", "blk_lgdcod": "5870", "dtcode14": "581", "SHAPE_Length": 42968.559643388704, "SHAPE_Area": 28287759.632334795}}, {"type": "Feature", "geometry": {"type": "Polygon", "coordinates": [[[78.1424, 13.1691], [78.1424, 13.1672], [78.1414, 13.1672], [78.1407, 13.166], [78.1395, 13.1665], [78.1387, 13.1666], [78.1373, 13.1668], [78.1356, 13.1674], [78.1333, 13.1681], [78.132, 13.1686], [78.1311, 13.1686], [78.1299, 13.1685], [78.1294, 13.1689], [78.1296, 13.1697], [78.1298, 13.1715], [78.1296, 13.1732], [78.1294, 13.1758], [78.129, 13.1793], [78.1288, 13.1809], [78.1301, 13.1801], [78.1307, 13.1789], [78.1319, 13.1767], [78.134, 13.1752], [78.1357, 13.1743], [78.1406, 13.1728], [78.1434, 13.1718], [78.1424, 13.1691]]]}, "properties": {"OBJECTID": 230210, "gpcode": "218954", "gpname": "THORADEVANDA HALLI", "stname": "KARNATAKA", "dtname": "Kolar", "sdtname": "Kolar", "stcode11": "29", "dtcode11": "581", "sdtcode11": "05591", "blklgdcode": "5870", "blkname": "KOLAR", "dt_lgd": 542, "sdt_lgd": 5591, "st_lgd": 29, "vilcode11": 0, "vilname11": "", "pan_local": "KOLAR", "b_pan_code": 6201, "b_pan_name": "KOLAR", "d_pan_code": 497, "d_pan_name": "KOLAR", "gp_code": "218954", "gp_name": "THORADEVANDA HALLI", "st_2011": "29", "dt_2011": "581", "sdt_2011": "05591", "subdtname": "Kolar", "block_name": "KOLAR", "blk_lgdcod": "5870", "dtcode14": "581", "SHAPE_Length": 5545.449987244748, "SHAPE_Area": 1255122.4009299406}}, {"type": "Feature", "geometry": {"type": "Polygon", "coordinates": [[[78.1596, 13.2227], [78.1609, 13.2225], [78.1617, 13.2226], [78.1621, 13.2228], [78.1623, 13.2228], [78.1625, 13.2227], [78.1629, 13.2221], [78.1632, 13.2222], [78.1637, 13.2224], [78.1646, 13.2222], [78.1659, 13.2217], [78.1665, 13.2213], [78.1669, 13.2202], [78.167, 13.2192], [78.1669, 13.2186], [78.1666, 13.2178], [78.1676, 13.2178], [78.1687, 13.2176], [78.1698, 13.2181], [78.1714, 13.2187], [78.1715, 13.2185], [78.1725, 13.218], [78.1731, 13.217], [78.174, 13.2163], [78.1746, 13.216], [78.1755, 13.2162], [78.1761, 13.2156], [78.1769, 13.2156], [78.1781, 13.2154], [78.1786, 13.2153], [78.1793, 13.2151], [78.181, 13.2151], [78.1815, 13.2148], [78.1827, 13.2134], [78.1825, 13.2121], [78.1816, 13.2109], [78.1801, 13.2093], [78.1791, 13.2066], [78.179, 13.204], [78.1793, 13.2032], [78.1796, 13.2021], [78.18, 13.2017], [78.1804, 13.2015], [78.1816, 13.2008], [78.1824, 13.2004], [78.1832, 13.2002], [78.184, 13.2022], [78.1848, 13.2039], [78.1857, 13.2054], [78.1868, 13.2069], [78.1869, 13.2094], [78.1869, 13.2113], [78.1886, 13.2104], [78.1898, 13.2099], [78.1908, 13.2096], [78.1925, 13.209], [78.192, 13.208], [78.1915, 13.2069], [78.1905, 13.2063], [78.1898, 13.2061], [78.1895, 13.2012], [78.1885, 13.1973], [78.1858, 13.197], [78.1827, 13.1967], [78.1815, 13.1969], [78.1801, 13.197], [78.1787, 13.197], [78.1782, 13.197], [78.1769, 13.196], [78.1758, 13.195], [78.1749, 13.1943], [78.1751, 13.1965], [78.1734, 13.1966], [78.1727, 13.1966], [78.1719, 13.1968], [78.1707, 13.1973], [78.1695, 13.1977], [78.1682, 13.198], [78.167, 13.1982], [78.1659, 13.1984], [78.1649, 13.1984], [78.1633, 13.1985], [78.1637, 13.1992], [78.1638, 13.1998], [78.1641, 13.2016], [78.1646, 13.2028], [78.1647, 13.2038], [78.1643, 13.2038], [78.1636, 13.2043], [78.162, 13.2041], [78.1588, 13.2046], [78.1566, 13.2048], [78.1548, 13.1993], [78.1568, 13.1954], [78.1553, 13.1939], [78.1546, 13.1931], [78.1534, 13.192], [78.1532, 13.1904], [78.1522, 13.185], [78.1514, 13.1826], [78.1509, 13.181], [78.1521, 13.1804], [78.1552, 13.1792], [78.1563, 13.1788], [78.1584, 13.1786], [78.1594, 13.1782], [78.1603, 13.1781], [78.1613, 13.178], [78.1622, 13.1766], [78.1629, 13.1753], [78.1625, 13.1743], [78.1618, 13.1725], [78.1611, 13.172], [78.1606, 13.171], [78.1604, 13.1704], [78.1585, 13.1693], [78.1563, 13.1696], [78.1541, 13.1698], [78.1516, 13.1709], [78.149, 13.1723], [78.1476, 13.1732], [78.1468, 13.1725], [78.1463, 13.172], [78.1452, 13.1725], [78.1441, 13.1727], [78.1431, 13.1728], [78.1426, 13.1739], [78.1419, 13.1759], [78.1412, 13.1784], [78.1399, 13.1792], [78.1386, 13.18], [78.1374, 13.1805], [78.1361, 13.1815], [78.1352, 13.182], [78.1345, 13.1822], [78.1331, 13.1822], [78.1299, 13.1822], [78.1282, 13.1823], [78.1262, 13.1823], [78.1271, 13.1834], [78.1273, 13.1841], [78.1278, 13.186], [78.1281, 13.187], [78.1283, 13.1886], [78.1275, 13.1915], [78.1267, 13.1942], [78.1255, 13.1984], [78.1252, 13.1991], [78.125, 13.1998], [78.1245, 13.2015], [78.1238, 13.2033], [78.1231, 13.2051], [78.1238, 13.2059], [78.1244, 13.2065], [78.1251, 13.2069], [78.1261, 13.2075], [78.1289, 13.2089], [78.1301, 13.2087], [78.1329, 13.2082], [78.1349, 13.2085], [78.1362, 13.2088], [78.1382, 13.2105], [78.1399, 13.211], [78.1408, 13.2117], [78.1416, 13.2134], [78.1428, 13.2152], [78.1435, 13.2152], [78.146, 13.2152], [78.1461, 13.2144], [78.1452, 13.2128], [78.1439, 13.2108], [78.1443, 13.2103], [78.1455, 13.2101], [78.1462, 13.2094], [78.1472, 13.2073], [78.1493, 13.2067], [78.1507, 13.2062], [78.1517, 13.2057], [78.1527, 13.2056], [78.1536, 13.2054], [78.1547, 13.2057], [78.1562, 13.2057], [78.1565, 13.2084], [78.1567, 13.21], [78.1571, 13.2112], [78.1564, 13.2146], [78.1568, 13.2168], [78.1569, 13.2184], [78.1568, 13.2198], [78.1566, 13.2215], [78.1565, 13.2227], [78.1566, 13.2233], [78.1576, 13.2231], [78.1596, 13.2227]]]}, "properties": {"OBJECTID": 230211, "gpcode": "218954", "gpname": "THORADEVANDA HALLI", "stname": "KARNATAKA", "dtname": "Kolar", "sdtname": "Kolar", "stcode11": "29", "dtcode11": "581", "sdtcode11": "05591", "blklgdcode": "5870", "blkname": "KOLAR", "dt_lgd": 542, "sdt_lgd": 5591, "st_lgd": 29, "vilcode11": 0, "vilname11": "", "pan_local": "KOLAR", "b_pan_code": 6201, "b_pan_name": "KOLAR", "d_pan_code": 497, "d_pan_name": "KOLAR", "gp_code": "218954", "gp_name": "THORADEVANDA HALLI", "st_2011": "29", "dt_2011": "581", "sdt_2011": "05591", "subdtname": "Kolar", "block_name": "KOLAR", "blk_lgdcod": "5870", "dtcode14": "581", "SHAPE_Length": 33699.21828129966, "SHAPE_Area": 19235113.57963029}}, {"type": "Feature", "geometry": {"type": "Polygon", "coordinates": [[[78.1276, 13.2577], [78.1286, 13.2563], [78.1292, 13.2551], [78.1298, 13.2546], [78.1318, 13.2512], [78.1318, 13.2508], [78.1317, 13.2498], [78.1308, 13.246], [78.1322, 13.2453], [78.1335, 13.2449], [78.135, 13.2448], [78.1345, 13.244], [78.1342, 13.243], [78.1342, 13.2419], [78.1352, 13.2418], [78.1352, 13.2411], [78.1348, 13.238], [78.1344, 13.2351], [78.1323, 13.2364], [78.1302, 13.2376], [78.1278, 13.2384], [78.126, 13.2389], [78.1249, 13.2388], [78.124, 13.2375], [78.1232, 13.2375], [78.123, 13.2368], [78.1232, 13.236], [78.123, 13.2343], [78.1225, 13.2318], [78.1222, 13.2292], [78.1212, 13.2282], [78.1201, 13.2277], [78.1196, 13.2269], [78.1184, 13.2269], [78.1171, 13.2266], [78.1158, 13.2267], [78.1149, 13.2263], [78.1142, 13.225], [78.1112, 13.2247], [78.1089, 13.2245], [78.1067, 13.2249], [78.1037, 13.2264], [78.1014, 13.2276], [78.099, 13.2274], [78.0977, 13.2268], [78.0966, 13.2255], [78.0961, 13.2249], [78.0957, 13.2238], [78.0949, 13.2222], [78.0947, 13.2209], [78.0948, 13.2201], [78.0923, 13.2193], [78.0897, 13.2182], [78.0881, 13.2171], [78.0868, 13.2161], [78.0862, 13.2151], [78.0858, 13.2147], [78.085, 13.2153], [78.0846, 13.2153], [78.084, 13.215], [78.0835, 13.2147], [78.0829, 13.2148], [78.0823, 13.2153], [78.0818, 13.2159], [78.0821, 13.2171], [78.0819, 13.2194], [78.0845, 13.2207], [78.0859, 13.2221], [78.0864, 13.2228], [78.087, 13.2236], [78.0876, 13.2248], [78.0888, 13.2261], [78.089, 13.2267], [78.089, 13.2279], [78.0873, 13.2322], [78.0856, 13.2316], [78.0818, 13.2318], [78.0791, 13.232], [78.0768, 13.2321], [78.0752, 13.232], [78.0726, 13.2322], [78.0729, 13.2337], [78.0738, 13.236], [78.0739, 13.2374], [78.0736, 13.2389], [78.0735, 13.2403], [78.0732, 13.2414], [78.073, 13.2419], [78.0739, 13.2419], [78.0742, 13.2427], [78.0737, 13.2435], [78.0726, 13.2444], [78.0722, 13.2451], [78.0739, 13.2456], [78.0752, 13.2493], [78.0747, 13.2512], [78.0744, 13.2525], [78.0743, 13.254], [78.0741, 13.2562], [78.0741, 13.2572], [78.0746, 13.2579], [78.0753, 13.259], [78.0758, 13.2599], [78.0763, 13.2607], [78.0782, 13.2605], [78.0803, 13.2603], [78.0819, 13.2602], [78.0832, 13.2601], [78.0843, 13.26], [78.0847, 13.2601], [78.0861, 13.2597], [78.0879, 13.2593], [78.0892, 13.2591], [78.0902, 13.2588], [78.0911, 13.2587], [78.0929, 13.2586], [78.0949, 13.2585], [78.0966, 13.2585], [78.0978, 13.2585], [78.0983, 13.2586], [78.0991, 13.2586], [78.0995, 13.2586], [78.1007, 13.2587], [78.102, 13.2586], [78.1039, 13.2585], [78.1052, 13.2585], [78.1066, 13.2585], [78.1072, 13.2584], [78.1084, 13.258], [78.1097, 13.2575], [78.11, 13.2573], [78.11, 13.2565], [78.1102, 13.2561], [78.1105, 13.2558], [78.1109, 13.2563], [78.1114, 13.2569], [78.1116, 13.2573], [78.1119, 13.2577], [78.1123, 13.2578], [78.1127, 13.2576], [78.1135, 13.2587], [78.1143, 13.2596], [78.1152, 13.2607], [78.1159, 13.2617], [78.1165, 13.2625], [78.1173, 13.2634], [78.1183, 13.2638], [78.119, 13.2642], [78.1196, 13.2645], [78.1205, 13.2649], [78.1218, 13.2654], [78.123, 13.266], [78.1245, 13.2666], [78.1251, 13.2662], [78.1256, 13.2656], [78.1265, 13.2649], [78.1277, 13.2641], [78.1285, 13.2634], [78.1274, 13.2626], [78.1267, 13.2615], [78.1267, 13.2605], [78.1267, 13.2592], [78.1268, 13.2582], [78.1276, 13.2577]]]}, "properties": {"OBJECTID": 230212, "gpcode": "218955", "gpname": "THOTLI", "stname": "KARNATAKA", "dtname": "Kolar", "sdtname": "Kolar", "stcode11": "29", "dtcode11": "581", "sdtcode11": "05591", "blklgdcode": "5870", "blkname": "KOLAR", "dt_lgd": 542, "sdt_lgd": 5591, "st_lgd": 29, "vilcode11": 0, "vilname11": "", "pan_local": "KOLAR", "b_pan_code": 6201, "b_pan_name": "KOLAR", "d_pan_code": 497, "d_pan_name": "KOLAR", "gp_code": "218955", "gp_name": "THOTLI", "st_2011": "29", "dt_2011": "581", "sdt_2011": "05591", "subdtname": "Kolar", "block_name": "KOLAR", "blk_lgdcod": "5870", "dtcode14": "581", "SHAPE_Length": 26348.34156375465, "SHAPE_Area": 23787588.28789982}}, {"type": "Feature", "geometry": {"type": "Polygon", "coordinates": [[[78.0634, 13.2221], [78.0634, 13.2217], [78.065, 13.2218], [78.065, 13.2224], [78.0652, 13.2225], [78.0654, 13.2225], [78.0655, 13.222], [78.0658, 13.221], [78.0662, 13.2209], [78.067, 13.2211], [78.068, 13.2211], [78.0672, 13.2189], [78.067, 13.2174], [78.0678, 13.2176], [78.0682, 13.2181], [78.0688, 13.2175], [78.0697, 13.2175], [78.0701, 13.2177], [78.0708, 13.2179], [78.0711, 13.2181], [78.0716, 13.2182], [78.0723, 13.2181], [78.0758, 13.2197], [78.0768, 13.2194], [78.0779, 13.2192], [78.0791, 13.2191], [78.0804, 13.2194], [78.0819, 13.2194], [78.0821, 13.2171], [78.0818, 13.2159], [78.0823, 13.2153], [78.0829, 13.2148], [78.0835, 13.2147], [78.084, 13.215], [78.0846, 13.2153], [78.085, 13.2153], [78.0858, 13.2147], [78.0862, 13.2151], [78.0868, 13.2161], [78.0881, 13.2171], [78.0897, 13.217], [78.0897, 13.2155], [78.0901, 13.214], [78.0907, 13.2123], [78.0912, 13.2106], [78.091, 13.2093], [78.0913, 13.2077], [78.0911, 13.2071], [78.0911, 13.2056], [78.0916, 13.2057], [78.0919, 13.2049], [78.0925, 13.2026], [78.0932, 13.2017], [78.093, 13.2002], [78.093, 13.1992], [78.0922, 13.1971], [78.0918, 13.1961], [78.0928, 13.1961], [78.0933, 13.1965], [78.0938, 13.1968], [78.0943, 13.1968], [78.0947, 13.1967], [78.0951, 13.1963], [78.0955, 13.1961], [78.0966, 13.196], [78.098, 13.1958], [78.0982, 13.1977], [78.0995, 13.1977], [78.1, 13.1973], [78.102, 13.1973], [78.1027, 13.1971], [78.1032, 13.1968], [78.1037, 13.1964], [78.1047, 13.195], [78.1052, 13.1945], [78.107, 13.1952], [78.1088, 13.1965], [78.11, 13.1972], [78.1108, 13.1975], [78.1114, 13.1965], [78.1124, 13.195], [78.1125, 13.1915], [78.112, 13.1859], [78.1118, 13.1804], [78.1086, 13.1804], [78.106, 13.1802], [78.1051, 13.1831], [78.1022, 13.1833], [78.1005, 13.1839], [78.0983, 13.1831], [78.0971, 13.1837], [78.0947, 13.1833], [78.093, 13.1826], [78.0917, 13.1825], [78.0886, 13.1827], [78.0888, 13.1817], [78.084, 13.1815], [78.0833, 13.1816], [78.0812, 13.1808], [78.0804, 13.1803], [78.079, 13.1786], [78.0796, 13.1778], [78.0792, 13.1766], [78.0797, 13.1754], [78.0797, 13.1729], [78.0802, 13.1712], [78.0804, 13.1693], [78.0805, 13.1685], [78.0805, 13.1684], [78.0788, 13.1689], [78.0776, 13.1692], [78.0763, 13.1696], [78.0749, 13.1702], [78.0739, 13.1707], [78.073, 13.1708], [78.0728, 13.1707], [78.0721, 13.1705], [78.0713, 13.1704], [78.0711, 13.1707], [78.0708, 13.1711], [78.07, 13.1726], [78.0691, 13.174], [78.0686, 13.1752], [78.0681, 13.175], [78.0666, 13.1754], [78.0658, 13.1756], [78.0647, 13.1762], [78.0641, 13.1769], [78.0639, 13.1771], [78.062, 13.1796], [78.0596, 13.1839], [78.0586, 13.1852], [78.0582, 13.1855], [78.0579, 13.1855], [78.0576, 13.1855], [78.0575, 13.1855], [78.0573, 13.1854], [78.0572, 13.1854], [78.0571, 13.1854], [78.0569, 13.1853], [78.0567, 13.1853], [78.0566, 13.1853], [78.0566, 13.1854], [78.0567, 13.1862], [78.0561, 13.1866], [78.0549, 13.1873], [78.0542, 13.1881], [78.0543, 13.1888], [78.0536, 13.1891], [78.0529, 13.1899], [78.0529, 13.1906], [78.0526, 13.1914], [78.0524, 13.1919], [78.0518, 13.1925], [78.0513, 13.1925], [78.0488, 13.1931], [78.0465, 13.1936], [78.0449, 13.1939], [78.0435, 13.1939], [78.0412, 13.1941], [78.0403, 13.1939], [78.0391, 13.194], [78.0385, 13.1964], [78.0399, 13.1972], [78.0409, 13.1987], [78.0403, 13.1997], [78.04, 13.2006], [78.041, 13.2013], [78.0418, 13.202], [78.0429, 13.2027], [78.0452, 13.2023], [78.0474, 13.2015], [78.0479, 13.2027], [78.0503, 13.2015], [78.0518, 13.2007], [78.0535, 13.2016], [78.0542, 13.2024], [78.0542, 13.2035], [78.0557, 13.2048], [78.0567, 13.2073], [78.0578, 13.2098], [78.0589, 13.2102], [78.0587, 13.2122], [78.0587, 13.2128], [78.0586, 13.2156], [78.0585, 13.2164], [78.0587, 13.2176], [78.0587, 13.2183], [78.0589, 13.2211], [78.059, 13.2223], [78.059, 13.2228], [78.0605, 13.2225], [78.0622, 13.2221], [78.0619, 13.2212], [78.0629, 13.2211], [78.063, 13.2217], [78.0628, 13.2226], [78.0631, 13.2231], [78.0634, 13.223], [78.0634, 13.2225], [78.0634, 13.2221]]]}, "properties": {"OBJECTID": 230213, "gpcode": "218956", "gpname": "URAGILI", "stname": "KARNATAKA", "dtname": "Kolar", "sdtname": "Kolar", "stcode11": "29", "dtcode11": "581", "sdtcode11": "05591", "blklgdcode": "5870", "blkname": "KOLAR", "dt_lgd": 542, "sdt_lgd": 5591, "st_lgd": 29, "vilcode11": 0, "vilname11": "", "pan_local": "KOLAR", "b_pan_code": 6201, "b_pan_name": "KOLAR", "d_pan_code": 497, "d_pan_name": "KOLAR", "gp_code": "218956", "gp_name": "URAGILI", "st_2011": "29", "dt_2011": "581", "sdt_2011": "05591", "subdtname": "Kolar", "block_name": "KOLAR", "blk_lgdcod": "5870", "dtcode14": "581", "SHAPE_Length": 29603.421046386404, "SHAPE_Area": 23997763.70759143}}, {"type": "Feature", "geometry": {"type": "Polygon", "coordinates": [[[78.1983, 13.1578], [78.201, 13.1567], [78.2021, 13.1561], [78.2023, 13.1551], [78.2029, 13.1548], [78.2036, 13.1559], [78.2046, 13.1562], [78.2054, 13.1556], [78.2061, 13.1554], [78.2064, 13.1552], [78.2084, 13.1542], [78.2102, 13.1555], [78.2132, 13.1554], [78.2158, 13.1559], [78.2163, 13.156], [78.2173, 13.1568], [78.2196, 13.1572], [78.2213, 13.1577], [78.2233, 13.1582], [78.2249, 13.1584], [78.2264, 13.1573], [78.2285, 13.1556], [78.2304, 13.1569], [78.2323, 13.1554], [78.2338, 13.1547], [78.2347, 13.1532], [78.2355, 13.153], [78.2366, 13.1528], [78.2379, 13.1525], [78.239, 13.1523], [78.2398, 13.1514], [78.24, 13.1505], [78.2399, 13.1489], [78.2402, 13.1478], [78.24, 13.1469], [78.2391, 13.1455], [78.2381, 13.1437], [78.2385, 13.1401], [78.2345, 13.1385], [78.235, 13.1369], [78.2353, 13.1349], [78.2352, 13.1327], [78.2351, 13.1307], [78.2347, 13.1295], [78.2334, 13.1296], [78.2303, 13.1292], [78.2289, 13.129], [78.2284, 13.1285], [78.2274, 13.1278], [78.2264, 13.127], [78.2254, 13.1255], [78.225, 13.1248], [78.2247, 13.1236], [78.2256, 13.1233], [78.2262, 13.1216], [78.2264, 13.1208], [78.2266, 13.1203], [78.2265, 13.1197], [78.2251, 13.1194], [78.2241, 13.119], [78.2218, 13.1192], [78.2217, 13.1175], [78.2214, 13.1159], [78.2208, 13.1158], [78.2177, 13.1169], [78.2177, 13.1161], [78.2173, 13.114], [78.217, 13.1121], [78.2165, 13.1121], [78.2164, 13.1112], [78.2149, 13.1113], [78.2138, 13.1114], [78.211, 13.1117], [78.2079, 13.112], [78.2048, 13.1126], [78.2036, 13.1129], [78.2012, 13.1136], [78.2001, 13.1138], [78.1987, 13.1142], [78.1972, 13.1146], [78.1959, 13.1153], [78.1944, 13.1158], [78.1918, 13.1168], [78.1885, 13.119], [78.1857, 13.121], [78.1832, 13.1222], [78.1824, 13.1225], [78.1811, 13.1254], [78.1806, 13.1259], [78.18, 13.1261], [78.1789, 13.1259], [78.1784, 13.1267], [78.1787, 13.1286], [78.1789, 13.1303], [78.1791, 13.1311], [78.1803, 13.1307], [78.1828, 13.1303], [78.1861, 13.13], [78.1874, 13.1297], [78.1889, 13.1313], [78.1893, 13.1323], [78.1896, 13.1349], [78.1901, 13.1368], [78.1905, 13.1388], [78.1879, 13.1389], [78.1861, 13.1388], [78.183, 13.1412], [78.1841, 13.1436], [78.1855, 13.1447], [78.1871, 13.1463], [78.1872, 13.1477], [78.1871, 13.1488], [78.1872, 13.1513], [78.1861, 13.1515], [78.1858, 13.1524], [78.186, 13.1537], [78.1865, 13.1558], [78.1868, 13.1577], [78.1881, 13.1578], [78.1882, 13.1583], [78.1893, 13.1584], [78.1902, 13.158], [78.1917, 13.1573], [78.1935, 13.1569], [78.1936, 13.1586], [78.1944, 13.1588], [78.1964, 13.1583], [78.1983, 13.1578]]]}, "properties": {"OBJECTID": 230214, "gpcode": "218957", "gpname": "VADAGUR", "stname": "KARNATAKA", "dtname": "Kolar", "sdtname": "Kolar", "stcode11": "29", "dtcode11": "581", "sdtcode11": "05591", "blklgdcode": "5870", "blkname": "KOLAR", "dt_lgd": 542, "sdt_lgd": 5591, "st_lgd": 29, "vilcode11": 0, "vilname11": "", "pan_local": "KOLAR", "b_pan_code": 6201, "b_pan_name": "KOLAR", "d_pan_code": 497, "d_pan_name": "KOLAR", "gp_code": "218957", "gp_name": "VADAGUR", "st_2011": "29", "dt_2011": "581", "sdt_2011": "05591", "subdtname": "Kolar", "block_name": "KOLAR", "blk_lgdcod": "5870", "dtcode14": "581", "SHAPE_Length": 24393.238470599852, "SHAPE_Area": 25361298.070452258}}, {"type": "Feature", "geometry": {"type": "Polygon", "coordinates": [[[78.0046, 13.2142], [78.0063, 13.2134], [78.0081, 13.2125], [78.0106, 13.2121], [78.0133, 13.2119], [78.0143, 13.2115], [78.0156, 13.2112], [78.0161, 13.2105], [78.0166, 13.2088], [78.0171, 13.2067], [78.0176, 13.206], [78.0202, 13.2052], [78.0236, 13.205], [78.0255, 13.2051], [78.0278, 13.2034], [78.0311, 13.2022], [78.0343, 13.2024], [78.0332, 13.2012], [78.0322, 13.1995], [78.0319, 13.1981], [78.0316, 13.1976], [78.0313, 13.1974], [78.0314, 13.1964], [78.0321, 13.1962], [78.0338, 13.1963], [78.035, 13.1954], [78.0364, 13.196], [78.0374, 13.1962], [78.0385, 13.1964], [78.0391, 13.194], [78.039, 13.1937], [78.0384, 13.1919], [78.0376, 13.1905], [78.0379, 13.1881], [78.0379, 13.1866], [78.0376, 13.1846], [78.0375, 13.1832], [78.0375, 13.1819], [78.035, 13.1818], [78.0345, 13.1812], [78.0326, 13.1792], [78.0308, 13.1776], [78.0307, 13.177], [78.0302, 13.1764], [78.0299, 13.1754], [78.0301, 13.1738], [78.0292, 13.1741], [78.0263, 13.1751], [78.0209, 13.1727], [78.0196, 13.1736], [78.019, 13.1736], [78.0185, 13.1747], [78.018, 13.1762], [78.0167, 13.1782], [78.016, 13.1793], [78.0163, 13.18], [78.0161, 13.1807], [78.0144, 13.1808], [78.0128, 13.1815], [78.0115, 13.182], [78.0105, 13.1826], [78.0098, 13.1832], [78.0091, 13.1833], [78.0083, 13.1835], [78.008, 13.1837], [78.0078, 13.184], [78.0073, 13.1841], [78.0062, 13.184], [78.0046, 13.1836], [78.0034, 13.1835], [78.0005, 13.1836], [78.0004, 13.1828], [77.9988, 13.1828], [77.9956, 13.1841], [77.9953, 13.1866], [77.9952, 13.1881], [77.9951, 13.1889], [77.9949, 13.1902], [77.9948, 13.1912], [77.995, 13.1923], [77.995, 13.1933], [77.9954, 13.1958], [77.9956, 13.1974], [77.9959, 13.1995], [77.9963, 13.2018], [77.9964, 13.2036], [77.9967, 13.2053], [77.9967, 13.2057], [77.9967, 13.2063], [77.9965, 13.2071], [77.9967, 13.2076], [77.9953, 13.2078], [77.9962, 13.2099], [77.9968, 13.2116], [77.9972, 13.2127], [77.9978, 13.2143], [77.9984, 13.2142], [77.9988, 13.2141], [77.9995, 13.2141], [77.9996, 13.2144], [78.0024, 13.2143], [78.0046, 13.2142]], [[78.002, 13.2088], [78.003, 13.2083], [78.0036, 13.2101], [78.0037, 13.2107], [78.0036, 13.211], [78.0033, 13.2114], [78.0032, 13.2117], [78.003, 13.2118], [78.0028, 13.2118], [78.002, 13.2088]]]}, "properties": {"OBJECTID": 230215, "gpcode": "218958", "gpname": "VEMAGAL", "stname": "KARNATAKA", "dtname": "Kolar", "sdtname": "Kolar", "stcode11": "29", "dtcode11": "581", "sdtcode11": "05591", "blklgdcode": "5870", "blkname": "KOLAR", "dt_lgd": 542, "sdt_lgd": 5591, "st_lgd": 29, "vilcode11": 0, "vilname11": "", "pan_local": "KOLAR", "b_pan_code": 6201, "b_pan_name": "KOLAR", "d_pan_code": 497, "d_pan_name": "KOLAR", "gp_code": "218958", "gp_name": "VEMAGAL", "st_2011": "29", "dt_2011": "581", "sdt_2011": "05591", "subdtname": "Kolar", "block_name": "KOLAR", "blk_lgdcod": "5870", "dtcode14": "581", "SHAPE_Length": 18794.530648954722, "SHAPE_Area": 14967705.604881072}}, {"type": "Feature", "geometry": {"type": "Polygon", "coordinates": [[[78.0071, 13.1018], [78.008, 13.1001], [78.0078, 13.0988], [78.0077, 13.0973], [78.0079, 13.096], [78.0082, 13.0955], [78.009, 13.0947], [78.0097, 13.0943], [78.0093, 13.0934], [78.0093, 13.0924], [78.0089, 13.091], [78.0084, 13.0902], [78.009, 13.0895], [78.0098, 13.0891], [78.0099, 13.0885], [78.0103, 13.0878], [78.0109, 13.086], [78.0105, 13.0851], [78.0099, 13.0847], [78.0125, 13.0847], [78.013, 13.0846], [78.0149, 13.0844], [78.0166, 13.0844], [78.0177, 13.084], [78.0175, 13.0876], [78.0175, 13.0903], [78.0178, 13.0917], [78.0183, 13.0956], [78.0194, 13.0966], [78.0203, 13.0973], [78.0206, 13.098], [78.0219, 13.1024], [78.0251, 13.1022], [78.027, 13.1022], [78.0287, 13.1023], [78.0309, 13.1005], [78.0306, 13.0968], [78.0304, 13.0942], [78.0311, 13.0941], [78.0323, 13.0944], [78.0332, 13.0949], [78.0334, 13.0934], [78.0337, 13.091], [78.0337, 13.0881], [78.0347, 13.0877], [78.0354, 13.0875], [78.0362, 13.0875], [78.0373, 13.0873], [78.0382, 13.0865], [78.0395, 13.0858], [78.0418, 13.0841], [78.0436, 13.0829], [78.0449, 13.0822], [78.0434, 13.0871], [78.0431, 13.0885], [78.0444, 13.0925], [78.0459, 13.0967], [78.0499, 13.0989], [78.0548, 13.0997], [78.0555, 13.0944], [78.056, 13.0921], [78.0559, 13.0891], [78.055, 13.085], [78.0526, 13.0832], [78.0492, 13.0805], [78.0476, 13.081], [78.0468, 13.0764], [78.0464, 13.0741], [78.0467, 13.0738], [78.0486, 13.0734], [78.0483, 13.0704], [78.0479, 13.0687], [78.048, 13.067], [78.0475, 13.0636], [78.0492, 13.0589], [78.0551, 13.0584], [78.0594, 13.0584], [78.0583, 13.0531], [78.057, 13.0477], [78.0566, 13.0479], [78.0531, 13.0469], [78.0463, 13.0453], [78.0439, 13.0449], [78.0421, 13.0449], [78.0417, 13.0456], [78.0383, 13.0446], [78.0374, 13.0444], [78.0348, 13.0438], [78.0316, 13.043], [78.0309, 13.0442], [78.0287, 13.0436], [78.0285, 13.0423], [78.0282, 13.0419], [78.0273, 13.0426], [78.0263, 13.0432], [78.0235, 13.0428], [78.0221, 13.0426], [78.0218, 13.0404], [78.0191, 13.0414], [78.0186, 13.0403], [78.0154, 13.0421], [78.0134, 13.0427], [78.0115, 13.0437], [78.0097, 13.0408], [78.0058, 13.0429], [78.0049, 13.0431], [78.0048, 13.0441], [78.0049, 13.0451], [78.005, 13.0456], [78.0062, 13.0459], [78.0069, 13.0458], [78.0075, 13.047], [78.0078, 13.0465], [78.0081, 13.0469], [78.0087, 13.047], [78.0088, 13.0475], [78.0093, 13.0476], [78.0099, 13.0483], [78.0097, 13.0489], [78.0103, 13.0493], [78.0101, 13.0499], [78.0103, 13.0504], [78.011, 13.0501], [78.0112, 13.0507], [78.0117, 13.0505], [78.0122, 13.0511], [78.0125, 13.0508], [78.0137, 13.0511], [78.0142, 13.0525], [78.0148, 13.053], [78.0159, 13.053], [78.0176, 13.0533], [78.0198, 13.053], [78.021, 13.0528], [78.0224, 13.0527], [78.0221, 13.0557], [78.0218, 13.0579], [78.0213, 13.0616], [78.0207, 13.0619], [78.0203, 13.0621], [78.0202, 13.0629], [78.0195, 13.0629], [78.0177, 13.0632], [78.0156, 13.0636], [78.0128, 13.0637], [78.0093, 13.0636], [78.0084, 13.0635], [78.0078, 13.0635], [78.007, 13.0628], [78.0066, 13.0623], [78.0055, 13.0629], [78.005, 13.0625], [78.0042, 13.063], [78.0032, 13.0626], [78.0031, 13.0642], [78.0034, 13.0656], [78.0038, 13.0663], [78.0042, 13.0668], [78.0057, 13.0678], [78.0086, 13.0688], [78.0094, 13.069], [78.0101, 13.0697], [78.0102, 13.0704], [78.0103, 13.0711], [78.01, 13.0719], [78.0077, 13.0726], [78.0052, 13.0741], [78.0028, 13.0753], [78.0028, 13.0771], [78.0032, 13.0786], [78.0025, 13.0795], [78.001, 13.0799], [77.9997, 13.0803], [77.9988, 13.0803], [77.9969, 13.0819], [77.9957, 13.0829], [77.9951, 13.0837], [77.9949, 13.0841], [77.9942, 13.0852], [77.9941, 13.0859], [77.9941, 13.087], [77.9944, 13.088], [77.995, 13.0888], [77.9953, 13.0898], [77.9954, 13.092], [77.9955, 13.0942], [77.9955, 13.0963], [77.9905, 13.0963], [77.9884, 13.0965], [77.9905, 13.1001], [77.993, 13.1002], [77.9959, 13.1005], [77.9988, 13.1003], [77.9993, 13.1005], [78.0016, 13.1018], [78.0043, 13.1026], [78.0055, 13.1021], [78.0071, 13.1018]]]}, "properties": {"OBJECTID": 230216, "gpcode": "218959", "gpname": "VOKKALERI", "stname": "KARNATAKA", "dtname": "Kolar", "sdtname": "Kolar", "stcode11": "29", "dtcode11": "581", "sdtcode11": "05591", "blklgdcode": "5870", "blkname": "KOLAR", "dt_lgd": 542, "sdt_lgd": 5591, "st_lgd": 29, "vilcode11": 0, "vilname11": "", "pan_local": "KOLAR", "b_pan_code": 6201, "b_pan_name": "KOLAR", "d_pan_code": 497, "d_pan_name": "KOLAR", "gp_code": "218959", "gp_name": "VOKKALERI", "st_2011": "29", "dt_2011": "581", "sdt_2011": "05591", "subdtname": "Kolar", "block_name": "KOLAR", "blk_lgdcod": "5870", "dtcode14": "581", "SHAPE_Length": 42081.64491393582, "SHAPE_Area": 30424179.01896028}}, {"type": "Feature", "geometry": {"type": "Polygon", "coordinates": [[[77.9746, 13.101], [77.9745, 13.0989], [77.975, 13.0978], [77.9745, 13.0959], [77.9737, 13.0934], [77.9755, 13.0932], [77.9759, 13.089], [77.9761, 13.0867], [77.9763, 13.0843], [77.9763, 13.0839], [77.9765, 13.0815], [77.9767, 13.0794], [77.9769, 13.0768], [77.9771, 13.0741], [77.9773, 13.0723], [77.9775, 13.0698], [77.9776, 13.0681], [77.9777, 13.067], [77.9779, 13.0657], [77.978, 13.0638], [77.9781, 13.0631], [77.978, 13.0621], [77.9778, 13.0613], [77.9772, 13.0601], [77.9764, 13.0583], [77.9753, 13.0558], [77.9748, 13.0556], [77.9747, 13.0553], [77.9747, 13.0545], [77.9746, 13.0537], [77.9744, 13.053], [77.974, 13.0519], [77.973, 13.0493], [77.9726, 13.0491], [77.9706, 13.0481], [77.9702, 13.0445], [77.9694, 13.0445], [77.9684, 13.0447], [77.9666, 13.0452], [77.9646, 13.0461], [77.9638, 13.0465], [77.9616, 13.0476], [77.9597, 13.0485], [77.9581, 13.0494], [77.9572, 13.0498], [77.9565, 13.0475], [77.9559, 13.0459], [77.9555, 13.0444], [77.9549, 13.0429], [77.9547, 13.0421], [77.9531, 13.0411], [77.9516, 13.0401], [77.9506, 13.0394], [77.9507, 13.0385], [77.9507, 13.0379], [77.9507, 13.0374], [77.9506, 13.037], [77.9496, 13.0362], [77.9488, 13.0356], [77.9486, 13.0354], [77.9476, 13.0347], [77.947, 13.0342], [77.9464, 13.0336], [77.946, 13.0334], [77.9466, 13.0332], [77.9467, 13.0321], [77.9461, 13.0316], [77.9469, 13.0297], [77.9472, 13.029], [77.9483, 13.0265], [77.9484, 13.0264], [77.9481, 13.0257], [77.9476, 13.0246], [77.9471, 13.0235], [77.9468, 13.0227], [77.9463, 13.0216], [77.946, 13.021], [77.9434, 13.0212], [77.941, 13.0193], [77.9406, 13.0167], [77.9388, 13.0171], [77.9376, 13.0175], [77.9367, 13.0181], [77.9362, 13.0183], [77.9359, 13.0184], [77.9357, 13.0185], [77.9354, 13.0186], [77.9349, 13.0189], [77.9346, 13.019], [77.9339, 13.0193], [77.9334, 13.0194], [77.9334, 13.0207], [77.9334, 13.0221], [77.9335, 13.0232], [77.9343, 13.0233], [77.9339, 13.0249], [77.9334, 13.0266], [77.9343, 13.0283], [77.9352, 13.0301], [77.9364, 13.0324], [77.937, 13.0338], [77.9375, 13.0355], [77.9379, 13.0374], [77.9381, 13.0379], [77.9383, 13.0385], [77.9365, 13.0391], [77.9347, 13.0397], [77.9325, 13.0404], [77.9314, 13.0408], [77.9316, 13.0432], [77.9319, 13.0457], [77.9323, 13.0487], [77.9327, 13.0513], [77.9353, 13.0514], [77.9354, 13.0527], [77.9373, 13.0537], [77.9374, 13.0537], [77.9368, 13.0541], [77.9362, 13.0546], [77.9352, 13.0552], [77.9339, 13.0559], [77.9327, 13.0565], [77.9335, 13.0585], [77.9343, 13.0603], [77.9347, 13.0615], [77.9354, 13.0632], [77.9356, 13.0637], [77.9364, 13.0662], [77.9374, 13.066], [77.9379, 13.0664], [77.9393, 13.0673], [77.9404, 13.0681], [77.9415, 13.0688], [77.9415, 13.0692], [77.9416, 13.0698], [77.9417, 13.071], [77.9417, 13.0718], [77.9417, 13.073], [77.9417, 13.0746], [77.9417, 13.0757], [77.9415, 13.0768], [77.9413, 13.0783], [77.9411, 13.0797], [77.9409, 13.0804], [77.9405, 13.0816], [77.94, 13.0828], [77.9396, 13.0836], [77.9395, 13.0852], [77.9367, 13.0849], [77.9366, 13.0855], [77.9365, 13.087], [77.9363, 13.0878], [77.9361, 13.0885], [77.936, 13.0888], [77.9359, 13.089], [77.9379, 13.0892], [77.9386, 13.0892], [77.9397, 13.0891], [77.9417, 13.0887], [77.9432, 13.0884], [77.9443, 13.0884], [77.9453, 13.0883], [77.9458, 13.0881], [77.9465, 13.0877], [77.9477, 13.0871], [77.9491, 13.0864], [77.9501, 13.0858], [77.9514, 13.0853], [77.9522, 13.085], [77.953, 13.0848], [77.9537, 13.0847], [77.954, 13.0847], [77.9544, 13.0846], [77.9548, 13.0842], [77.9552, 13.0839], [77.9558, 13.0838], [77.9572, 13.0834], [77.9578, 13.0831], [77.9584, 13.0844], [77.9591, 13.0856], [77.96, 13.0866], [77.9609, 13.0863], [77.9622, 13.0889], [77.9615, 13.0906], [77.9628, 13.0928], [77.962, 13.0937], [77.9602, 13.0962], [77.9586, 13.0985], [77.9576, 13.1001], [77.9577, 13.1], [77.9596, 13.0999], [77.9614, 13.1002], [77.9637, 13.1009], [77.9662, 13.102], [77.9676, 13.1025], [77.9701, 13.1035], [77.9714, 13.1041], [77.9746, 13.1025], [77.9746, 13.101]]]}, "properties": {"OBJECTID": 230217, "gpcode": "218960", "gpname": "ABBENAHALLI", "stname": "KARNATAKA", "dtname": "Kolar", "sdtname": "Malur", "stcode11": "29", "dtcode11": "581", "sdtcode11": "05592", "blklgdcode": "5871", "blkname": "MALUR", "dt_lgd": 542, "sdt_lgd": 5592, "st_lgd": 29, "vilcode11": 0, "vilname11": "", "pan_local": "MALUR", "b_pan_code": 6202, "b_pan_name": "MALUR", "d_pan_code": 497, "d_pan_name": "KOLAR", "gp_code": "218960", "gp_name": "ABBENAHALLI", "st_2011": "29", "dt_2011": "581", "sdt_2011": "05592", "subdtname": "Malur", "block_name": "MALUR", "blk_lgdcod": "5871", "dtcode14": "581", "SHAPE_Length": 31838.243742991996, "SHAPE_Area": 27731583.19724375}}, {"type": "Feature", "geometry": {"type": "Polygon", "coordinates": [[[77.9876, 12.9893], [77.9884, 12.9889], [77.99, 12.9903], [77.9915, 12.9916], [77.9926, 12.9923], [77.9942, 12.9934], [77.9952, 12.994], [77.9956, 12.9942], [77.9961, 12.9943], [77.9969, 12.994], [77.9977, 12.9936], [77.9977, 12.9942], [78.0, 12.9933], [78.0024, 12.9923], [78.0045, 12.9921], [78.0069, 12.9923], [78.0097, 12.9916], [78.0125, 12.9908], [78.0145, 12.9924], [78.0155, 12.9922], [78.0163, 12.9919], [78.0167, 12.9917], [78.02, 12.9878], [78.0222, 12.9859], [78.0229, 12.9854], [78.0264, 12.9841], [78.0263, 12.9803], [78.0264, 12.9792], [78.0263, 12.9781], [78.0261, 12.9771], [78.024, 12.9751], [78.0229, 12.9724], [78.0216, 12.9726], [78.0211, 12.9703], [78.0202, 12.9682], [78.0198, 12.9681], [78.0191, 12.9666], [78.0163, 12.9649], [78.0153, 12.9639], [78.0149, 12.9616], [78.0135, 12.9637], [78.0117, 12.9649], [78.0093, 12.9646], [78.0083, 12.9647], [78.0075, 12.9649], [78.006, 12.9649], [78.0051, 12.9648], [78.0044, 12.9648], [78.0038, 12.9647], [78.0035, 12.9639], [78.003, 12.9626], [78.0024, 12.9614], [78.0013, 12.9616], [77.9988, 12.9615], [77.9973, 12.9622], [77.9976, 12.9637], [77.998, 12.9646], [77.9981, 12.9647], [77.9984, 12.9654], [77.9989, 12.9659], [77.9984, 12.9672], [77.9974, 12.9672], [77.9961, 12.9671], [77.995, 12.9672], [77.9939, 12.9674], [77.9932, 12.9669], [77.9928, 12.9663], [77.9924, 12.9658], [77.9921, 12.9656], [77.9917, 12.9655], [77.9909, 12.9654], [77.9905, 12.9654], [77.9899, 12.9652], [77.9893, 12.9648], [77.9886, 12.9643], [77.988, 12.9641], [77.9874, 12.964], [77.9864, 12.9638], [77.9854, 12.9639], [77.9837, 12.964], [77.983, 12.9641], [77.9818, 12.9647], [77.9808, 12.9657], [77.9797, 12.9667], [77.9786, 12.9677], [77.9783, 12.9678], [77.9778, 12.9679], [77.977, 12.9679], [77.9763, 12.9679], [77.9764, 12.9685], [77.9765, 12.9706], [77.9765, 12.9723], [77.9757, 12.9738], [77.9747, 12.9754], [77.9741, 12.9762], [77.9741, 12.9761], [77.9739, 12.9751], [77.9735, 12.9737], [77.9731, 12.9725], [77.9726, 12.9717], [77.972, 12.9707], [77.9714, 12.9698], [77.9711, 12.9693], [77.9709, 12.969], [77.9708, 12.9684], [77.9706, 12.9678], [77.9705, 12.9673], [77.9704, 12.9668], [77.9704, 12.9663], [77.9704, 12.9661], [77.9703, 12.9658], [77.9692, 12.9662], [77.9682, 12.9667], [77.9668, 12.9671], [77.9658, 12.9674], [77.9648, 12.9676], [77.9624, 12.9679], [77.963, 12.9697], [77.9637, 12.9714], [77.9639, 12.9721], [77.9641, 12.9733], [77.9644, 12.975], [77.9646, 12.976], [77.9648, 12.9767], [77.9652, 12.9777], [77.9656, 12.9785], [77.9664, 12.9788], [77.9681, 12.9795], [77.9695, 12.9801], [77.9705, 12.9805], [77.9712, 12.9808], [77.9713, 12.9818], [77.9715, 12.9829], [77.9716, 12.9834], [77.9716, 12.9841], [77.9714, 12.9851], [77.9713, 12.9856], [77.9712, 12.9859], [77.9704, 12.9866], [77.9699, 12.9873], [77.9695, 12.9878], [77.9686, 12.9891], [77.9679, 12.9901], [77.9672, 12.9912], [77.967, 12.9917], [77.9668, 12.992], [77.9666, 12.993], [77.9668, 12.9932], [77.9678, 12.9938], [77.9689, 12.9945], [77.9698, 12.995], [77.9715, 12.996], [77.9726, 12.9967], [77.973, 12.9965], [77.975, 12.9957], [77.9761, 12.9954], [77.978, 12.9947], [77.9793, 12.994], [77.9831, 12.9919], [77.9851, 12.9908], [77.9876, 12.9893]]]}, "properties": {"OBJECTID": 230218, "gpcode": "218961", "gpname": "ARALERI", "stname": "KARNATAKA", "dtname": "Kolar", "sdtname": "Malur", "stcode11": "29", "dtcode11": "581", "sdtcode11": "05592", "blklgdcode": "5871", "blkname": "MALUR", "dt_lgd": 542, "sdt_lgd": 5592, "st_lgd": 29, "vilcode11": 0, "vilname11": "", "pan_local": "MALUR", "b_pan_code": 6202, "b_pan_name": "MALUR", "d_pan_code": 497, "d_pan_name": "KOLAR", "gp_code": "218961", "gp_name": "ARALERI", "st_2011": "29", "dt_2011": "581", "sdt_2011": "05592", "subdtname": "Malur", "block_name": "MALUR", "blk_lgdcod": "5871", "dtcode14": "581", "SHAPE_Length": 23447.784014834284, "SHAPE_Area": 18992921.3841229}}, {"type": "Feature", "geometry": {"type": "Polygon", "coordinates": [[[77.9525, 13.0029], [77.9528, 13.0028], [77.9534, 13.0028], [77.954, 13.0029], [77.9546, 13.0028], [77.9553, 13.0027], [77.9562, 13.0024], [77.9568, 13.002], [77.9577, 13.0017], [77.9585, 13.0013], [77.9593, 13.0008], [77.9601, 13.0003], [77.9611, 12.9998], [77.9608, 12.9991], [77.9606, 12.9984], [77.9603, 12.9973], [77.9599, 12.9961], [77.9596, 12.9948], [77.9593, 12.9939], [77.9592, 12.9931], [77.9591, 12.9925], [77.9574, 12.9932], [77.956, 12.9937], [77.9548, 12.9943], [77.9534, 12.9948], [77.9521, 12.9954], [77.9519, 12.9952], [77.951, 12.9943], [77.9497, 12.9923], [77.9496, 12.9961], [77.9496, 12.9973], [77.9495, 12.9976], [77.9469, 12.9982], [77.9494, 13.0013], [77.9525, 13.0029]]]}, "properties": {"OBJECTID": 230219, "gpcode": "218961", "gpname": "ARALERI", "stname": "KARNATAKA", "dtname": "Kolar", "sdtname": "Malur", "stcode11": "29", "dtcode11": "581", "sdtcode11": "05592", "blklgdcode": "5871", "blkname": "MALUR", "dt_lgd": 542, "sdt_lgd": 5592, "st_lgd": 29, "vilcode11": 0, "vilname11": "", "pan_local": "MALUR", "b_pan_code": 6202, "b_pan_name": "MALUR", "d_pan_code": 497, "d_pan_name": "KOLAR", "gp_code": "218961", "gp_name": "ARALERI", "st_2011": "29", "dt_2011": "581", "sdt_2011": "05592", "subdtname": "Malur", "block_name": "MALUR", "blk_lgdcod": "5871", "dtcode14": "581", "SHAPE_Length": 4946.020684737513, "SHAPE_Area": 1163693.3795029896}}, {"type": "Feature", "geometry": {"type": "Polygon", "coordinates": [[[77.9302, 13.0059], [77.9301, 13.0049], [77.9295, 13.0052], [77.9288, 13.0055], [77.9282, 13.0056], [77.9281, 13.0052], [77.9287, 13.005], [77.9289, 13.0048], [77.9291, 13.0046], [77.9291, 13.0043], [77.929, 13.0036], [77.9289, 13.0032], [77.9289, 13.0026], [77.9291, 13.0021], [77.9294, 13.0017], [77.9298, 13.0013], [77.9299, 13.0007], [77.9289, 12.9996], [77.9286, 12.999], [77.9286, 12.9988], [77.9288, 12.9985], [77.929, 12.9982], [77.9291, 12.9977], [77.9289, 12.9969], [77.9288, 12.9963], [77.929, 12.996], [77.9293, 12.9959], [77.9298, 12.9957], [77.9298, 12.9954], [77.9298, 12.9945], [77.9298, 12.9928], [77.9296, 12.9909], [77.929, 12.991], [77.9284, 12.9912], [77.9279, 12.9921], [77.9277, 12.9927], [77.9277, 12.9933], [77.928, 12.9943], [77.9283, 12.9953], [77.9282, 12.9956], [77.9281, 12.9958], [77.9278, 12.9959], [77.9267, 12.9961], [77.9268, 12.9966], [77.9269, 12.9973], [77.9268, 12.9977], [77.9268, 12.998], [77.9266, 12.9983], [77.9264, 12.9986], [77.926, 12.9988], [77.9257, 12.9989], [77.9252, 12.9989], [77.9244, 12.9988], [77.9239, 12.9988], [77.9231, 12.9988], [77.9229, 12.9988], [77.9229, 12.999], [77.9229, 13.0003], [77.9213, 13.0003], [77.9202, 13.0003], [77.9201, 13.0008], [77.9195, 13.0012], [77.9196, 13.0021], [77.9199, 13.0032], [77.9201, 13.0044], [77.9204, 13.0061], [77.9207, 13.0076], [77.9216, 13.0072], [77.9231, 13.0065], [77.9249, 13.0054], [77.9258, 13.0062], [77.926, 13.0064], [77.9267, 13.0072], [77.9276, 13.0086], [77.9289, 13.0107], [77.9306, 13.0128], [77.9312, 13.0137], [77.9333, 13.0162], [77.9334, 13.0164], [77.9346, 13.0159], [77.9352, 13.0155], [77.9351, 13.0147], [77.9349, 13.0142], [77.9346, 13.0139], [77.9341, 13.0134], [77.9334, 13.0131], [77.9332, 13.0128], [77.9329, 13.0122], [77.9325, 13.0113], [77.9319, 13.01], [77.9313, 13.009], [77.9308, 13.008], [77.9305, 13.007], [77.9302, 13.0059]]]}, "properties": {"OBJECTID": 230220, "gpcode": "218961", "gpname": "ARALERI", "stname": "KARNATAKA", "dtname": "Kolar", "sdtname": "Malur", "stcode11": "29", "dtcode11": "581", "sdtcode11": "05592", "blklgdcode": "5871", "blkname": "MALUR", "dt_lgd": 542, "sdt_lgd": 5592, "st_lgd": 29, "vilcode11": 0, "vilname11": "", "pan_local": "MALUR", "b_pan_code": 6202, "b_pan_name": "MALUR", "d_pan_code": 497, "d_pan_name": "KOLAR", "gp_code": "218961", "gp_name": "ARALERI", "st_2011": "29", "dt_2011": "581", "sdt_2011": "05592", "subdtname": "Malur", "block_name": "MALUR", "blk_lgdcod": "5871", "dtcode14": "581", "SHAPE_Length": 8729.5929146771, "SHAPE_Area": 1426901.636357271}}, {"type": "Feature", "geometry": {"type": "Polygon", "coordinates": [[[77.9866, 12.8743], [77.9856, 12.8743], [77.9848, 12.8749], [77.9839, 12.8758], [77.9838, 12.8761], [77.9837, 12.8765], [77.9839, 12.8784], [77.984, 12.8794], [77.9854, 12.8796], [77.9869, 12.8796], [77.9877, 12.877], [77.9879, 12.8757], [77.9874, 12.8747], [77.9866, 12.8743]]]}, "properties": {"OBJECTID": 230221, "gpcode": "218962", "gpname": "BALIGANAHALLI", "stname": "KARNATAKA", "dtname": "Kolar", "sdtname": "Malur", "stcode11": "29", "dtcode11": "581", "sdtcode11": "05592", "blklgdcode": "5871", "blkname": "MALUR", "dt_lgd": 542, "sdt_lgd": 5592, "st_lgd": 29, "vilcode11": 0, "vilname11": "", "pan_local": "MALUR", "b_pan_code": 6202, "b_pan_name": "MALUR", "d_pan_code": 497, "d_pan_name": "KOLAR", "gp_code": "218962", "gp_name": "BALIGANAHALLI", "st_2011": "29", "dt_2011": "581", "sdt_2011": "05592", "subdtname": "Malur", "block_name": "MALUR", "blk_lgdcod": "5871", "dtcode14": "581", "SHAPE_Length": 1801.3986580518233, "SHAPE_Area": 228047.07192938105}}, {"type": "Feature", "geometry": {"type": "Polygon", "coordinates": [[[77.9562, 12.928], [77.9573, 12.9278], [77.9579, 12.9289], [77.9584, 12.93], [77.9588, 12.93], [77.9599, 12.9298], [77.9627, 12.9293], [77.9642, 12.9291], [77.9653, 12.9291], [77.9695, 12.9275], [77.9688, 12.927], [77.9671, 12.9258], [77.9662, 12.9252], [77.9654, 12.9245], [77.9661, 12.9242], [77.967, 12.9239], [77.969, 12.9232], [77.9722, 12.922], [77.9742, 12.9212], [77.9759, 12.9193], [77.9772, 12.9177], [77.9779, 12.9169], [77.9786, 12.9167], [77.9809, 12.9162], [77.9831, 12.9157], [77.9851, 12.9151], [77.9864, 12.9146], [77.9871, 12.9142], [77.9881, 12.9135], [77.9888, 12.913], [77.9886, 12.9119], [77.9884, 12.9107], [77.9883, 12.9098], [77.9882, 12.9091], [77.9881, 12.9084], [77.9879, 12.9073], [77.9877, 12.9055], [77.9875, 12.9043], [77.9875, 12.9023], [77.9876, 12.9006], [77.9877, 12.8991], [77.9878, 12.8982], [77.9879, 12.8969], [77.9881, 12.8957], [77.9874, 12.8937], [77.9864, 12.8918], [77.9872, 12.8898], [77.9874, 12.889], [77.9879, 12.8878], [77.9884, 12.8864], [77.9885, 12.8859], [77.9865, 12.8856], [77.9864, 12.8846], [77.9856, 12.8845], [77.9849, 12.8844], [77.9839, 12.8846], [77.9828, 12.8848], [77.9825, 12.885], [77.9822, 12.8854], [77.9816, 12.8851], [77.9804, 12.8841], [77.9795, 12.8836], [77.979, 12.8833], [77.9784, 12.8833], [77.979, 12.8827], [77.9794, 12.8821], [77.9801, 12.881], [77.9805, 12.88], [77.9807, 12.8797], [77.9811, 12.8786], [77.9818, 12.8769], [77.9822, 12.8762], [77.9821, 12.8756], [77.981, 12.8745], [77.9804, 12.8741], [77.9794, 12.8732], [77.9793, 12.8723], [77.9793, 12.8715], [77.9791, 12.8707], [77.9789, 12.8694], [77.9789, 12.8685], [77.9788, 12.8683], [77.9803, 12.868], [77.9817, 12.8678], [77.9817, 12.8667], [77.9815, 12.8655], [77.9815, 12.8646], [77.9813, 12.8633], [77.9797, 12.8637], [77.9787, 12.8638], [77.9776, 12.8638], [77.9771, 12.8634], [77.9765, 12.8622], [77.9757, 12.8612], [77.9742, 12.8596], [77.9736, 12.8596], [77.9722, 12.8598], [77.9711, 12.86], [77.9713, 12.8607], [77.972, 12.8621], [77.9724, 12.8631], [77.9727, 12.864], [77.973, 12.865], [77.9733, 12.8659], [77.9734, 12.8664], [77.9734, 12.8668], [77.9733, 12.8671], [77.9727, 12.8675], [77.9719, 12.8684], [77.9711, 12.8692], [77.9703, 12.87], [77.9697, 12.8711], [77.9693, 12.8722], [77.9689, 12.8734], [77.9687, 12.8741], [77.9683, 12.8752], [77.9682, 12.8754], [77.968, 12.8755], [77.9672, 12.8756], [77.9662, 12.8758], [77.9656, 12.8759], [77.9653, 12.8759], [77.965, 12.8756], [77.9645, 12.8748], [77.9642, 12.8748], [77.962, 12.8755], [77.9612, 12.876], [77.9607, 12.8762], [77.9602, 12.8764], [77.9603, 12.8765], [77.9608, 12.8771], [77.9614, 12.8781], [77.9603, 12.8797], [77.9591, 12.8813], [77.9588, 12.8818], [77.9577, 12.8832], [77.9569, 12.8842], [77.9562, 12.8842], [77.9553, 12.8842], [77.9543, 12.8842], [77.9533, 12.8843], [77.9526, 12.8843], [77.9519, 12.8844], [77.9517, 12.8844], [77.9523, 12.886], [77.9525, 12.8866], [77.9517, 12.8867], [77.9506, 12.8866], [77.9482, 12.8865], [77.9456, 12.8865], [77.9438, 12.8865], [77.9426, 12.8864], [77.9407, 12.888], [77.9409, 12.8897], [77.9411, 12.8914], [77.9412, 12.8924], [77.9413, 12.8936], [77.9415, 12.8946], [77.9414, 12.8949], [77.9412, 12.8952], [77.9407, 12.896], [77.9401, 12.8971], [77.9398, 12.8976], [77.9395, 12.8981], [77.9385, 12.8982], [77.9374, 12.8985], [77.9373, 12.8985], [77.9367, 12.8992], [77.9359, 12.9], [77.9349, 12.9011], [77.9337, 12.9011], [77.9329, 12.901], [77.929, 12.9009], [77.9281, 12.9009], [77.9272, 12.9009], [77.927, 12.9], [77.9269, 12.899], [77.9269, 12.8984], [77.9266, 12.8985], [77.9265, 12.8985], [77.9248, 12.8994], [77.9227, 12.9002], [77.9229, 12.9013], [77.9233, 12.9033], [77.9237, 12.9054], [77.9239, 12.9066], [77.9243, 12.9086], [77.9247, 12.9108], [77.9252, 12.913], [77.9256, 12.915], [77.926, 12.9169], [77.9262, 12.9179], [77.9262, 12.9183], [77.9256, 12.9181], [77.9252, 12.918], [77.9251, 12.9182], [77.9248, 12.9192], [77.9246, 12.9199], [77.9253, 12.9201], [77.9269, 12.9205], [77.9276, 12.9206], [77.9291, 12.9208], [77.9298, 12.9209], [77.9326, 12.9211], [77.9328, 12.9207], [77.9331, 12.9202], [77.9333, 12.92], [77.9337, 12.92], [77.9351, 12.9197], [77.9361, 12.9195], [77.9373, 12.9192], [77.9385, 12.919], [77.9396, 12.9187], [77.9403, 12.9193], [77.941, 12.9199], [77.943, 12.9197], [77.9438, 12.9209], [77.9449, 12.9227], [77.946, 12.9243], [77.9461, 12.9256], [77.9463, 12.928], [77.9464, 12.9294], [77.9465, 12.9301], [77.9495, 12.9295], [77.9501, 12.9293], [77.9517, 12.929], [77.9533, 12.9287], [77.9562, 12.928]]]}, "properties": {"OBJECTID": 230222, "gpcode": "218962", "gpname": "BALIGANAHALLI", "stname": "KARNATAKA", "dtname": "Kolar", "sdtname": "Malur", "stcode11": "29", "dtcode11": "581", "sdtcode11": "05592", "blklgdcode": "5871", "blkname": "MALUR", "dt_lgd": 542, "sdt_lgd": 5592, "st_lgd": 29, "vilcode11": 0, "vilname11": "", "pan_local": "MALUR", "b_pan_code": 6202, "b_pan_name": "MALUR", "d_pan_code": 497, "d_pan_name": "KOLAR", "gp_code": "218962", "gp_name": "BALIGANAHALLI", "st_2011": "29", "dt_2011": "581", "sdt_2011": "05592", "subdtname": "Malur", "block_name": "MALUR", "blk_lgdcod": "5871", "dtcode14": "581", "SHAPE_Length": 30856.47037728907, "SHAPE_Area": 31231908.10284826}}, {"type": "Feature", "geometry": {"type": "Polygon", "coordinates": [[[78.1322, 12.9778], [78.1331, 12.9762], [78.1334, 12.9757], [78.1335, 12.9755], [78.1337, 12.9752], [78.1344, 12.9741], [78.1347, 12.9736], [78.135, 12.973], [78.1352, 12.9724], [78.1354, 12.9719], [78.1356, 12.9713], [78.1357, 12.9707], [78.1357, 12.9701], [78.1356, 12.9694], [78.1355, 12.9688], [78.1353, 12.9683], [78.1348, 12.9677], [78.1341, 12.9674], [78.1334, 12.9673], [78.1327, 12.9671], [78.132, 12.967], [78.1306, 12.967], [78.1302, 12.967], [78.1295, 12.9669], [78.129, 12.9669], [78.1289, 12.9668], [78.1283, 12.9668], [78.1277, 12.9667], [78.1275, 12.9666], [78.1271, 12.9667], [78.1265, 12.9666], [78.1251, 12.9665], [78.1245, 12.9665], [78.1242, 12.966], [78.124, 12.9656], [78.124, 12.9655], [78.1236, 12.965], [78.1235, 12.9644], [78.1235, 12.9638], [78.1234, 12.9631], [78.1234, 12.9625], [78.1234, 12.9619], [78.1234, 12.9613], [78.1234, 12.9609], [78.1234, 12.9607], [78.1234, 12.9606], [78.1233, 12.9601], [78.1232, 12.9595], [78.1229, 12.9589], [78.1226, 12.9584], [78.1223, 12.9579], [78.1216, 12.9569], [78.1215, 12.9564], [78.1213, 12.9563], [78.1211, 12.9558], [78.1211, 12.9557], [78.1209, 12.9552], [78.1206, 12.9547], [78.1205, 12.954], [78.1202, 12.9535], [78.1199, 12.953], [78.1195, 12.9525], [78.119, 12.9522], [78.1185, 12.9519], [78.1179, 12.9516], [78.1174, 12.9512], [78.117, 12.9508], [78.1167, 12.9502], [78.1165, 12.9496], [78.1164, 12.9491], [78.1163, 12.949], [78.1162, 12.9484], [78.1163, 12.9478], [78.1166, 12.9473], [78.1168, 12.9466], [78.117, 12.9462], [78.1171, 12.9461], [78.1175, 12.9456], [78.118, 12.9452], [78.1185, 12.9449], [78.1192, 12.9446], [78.1197, 12.9444], [78.1203, 12.9442], [78.1209, 12.944], [78.1215, 12.9438], [78.1221, 12.9437], [78.1226, 12.9439], [78.1229, 12.9441], [78.1232, 12.9442], [78.1237, 12.9444], [78.1242, 12.9448], [78.1246, 12.9452], [78.125, 12.9456], [78.1255, 12.946], [78.126, 12.9464], [78.1265, 12.9468], [78.127, 12.9472], [78.1274, 12.9474], [78.1276, 12.9475], [78.1278, 12.9482], [78.1278, 12.9488], [78.1279, 12.9501], [78.1284, 12.9505], [78.1288, 12.951], [78.1294, 12.9512], [78.13, 12.9514], [78.1305, 12.9514], [78.1306, 12.9515], [78.1312, 12.9516], [78.1323, 12.9519], [78.1329, 12.952], [78.1334, 12.9521], [78.1335, 12.9515], [78.1337, 12.951], [78.134, 12.9505], [78.1342, 12.95], [78.1345, 12.9497], [78.135, 12.949], [78.1368, 12.9474], [78.1368, 12.9471], [78.1368, 12.9468], [78.1366, 12.9462], [78.1365, 12.9456], [78.1364, 12.9449], [78.1363, 12.9444], [78.1362, 12.9438], [78.136, 12.9432], [78.1359, 12.9426], [78.1359, 12.942], [78.1358, 12.9414], [78.1356, 12.9408], [78.1353, 12.9402], [78.1346, 12.9401], [78.134, 12.9401], [78.1337, 12.94], [78.1334, 12.9399], [78.1327, 12.9397], [78.1316, 12.9392], [78.1312, 12.939], [78.131, 12.9389], [78.1305, 12.9386], [78.1298, 12.9384], [78.1296, 12.9383], [78.1293, 12.9382], [78.1287, 12.9381], [78.128, 12.9381], [78.1278, 12.9381], [78.1274, 12.9381], [78.1268, 12.9383], [78.1262, 12.9383], [78.1255, 12.9384], [78.1249, 12.9386], [78.1244, 12.9389], [78.1239, 12.9392], [78.1233, 12.9394], [78.1227, 12.9396], [78.1221, 12.9398], [78.1215, 12.94], [78.1209, 12.9403], [78.1202, 12.9404], [78.1195, 12.9407], [78.119, 12.9412], [78.1185, 12.9416], [78.1175, 12.9421], [78.1171, 12.9427], [78.1161, 12.9426], [78.1152, 12.9419], [78.1143, 12.9411], [78.1124, 12.9406], [78.1117, 12.9413], [78.111, 12.9416], [78.1099, 12.9417], [78.1089, 12.9423], [78.1081, 12.9403], [78.1052, 12.9394], [78.1016, 12.9394], [78.0981, 12.9395], [78.0945, 12.939], [78.0934, 12.9407], [78.0944, 12.9414], [78.095, 12.944], [78.0949, 12.9466], [78.0945, 12.9485], [78.0939, 12.9487], [78.0932, 12.9488], [78.0884, 12.9503], [78.0851, 12.9512], [78.0814, 12.9512], [78.0804, 12.9503], [78.0768, 12.9497], [78.0748, 12.949], [78.0717, 12.9474], [78.0698, 12.9474], [78.0687, 12.9477], [78.0687, 12.9478], [78.0675, 12.948], [78.0675, 12.9484], [78.0677, 12.949], [78.0675, 12.9496], [78.0672, 12.9498], [78.0674, 12.9502], [78.0667, 12.9504], [78.0665, 12.9507], [78.0663, 12.951], [78.0663, 12.9515], [78.0663, 12.9524], [78.0663, 12.9536], [78.0662, 12.9547], [78.0671, 12.955], [78.0681, 12.9555], [78.0697, 12.9561], [78.0707, 12.9565], [78.0717, 12.9571], [78.0721, 12.9575], [78.073, 12.9582], [78.0733, 12.9585], [78.0741, 12.9591], [78.0746, 12.9595], [78.0752, 12.96], [78.0759, 12.9604], [78.0761, 12.9605], [78.0767, 12.9612], [78.0773, 12.9619], [78.0779, 12.9625], [78.0788, 12.9637], [78.0799, 12.9644], [78.0817, 12.9669], [78.0831, 12.9684], [78.0841, 12.9698], [78.0845, 12.9709], [78.0849, 12.9718], [78.0855, 12.973], [78.0861, 12.9742], [78.0869, 12.976], [78.0874, 12.9762], [78.0902, 12.977], [78.0919, 12.9775], [78.0935, 12.9782], [78.0941, 12.9786], [78.0961, 12.9793], [78.0973, 12.9799], [78.0979, 12.9803], [78.1002, 12.9821], [78.1016, 12.984], [78.1103, 12.9845], [78.1104, 12.9842], [78.1109, 12.9836], [78.1115, 12.9831], [78.1114, 12.982], [78.1108, 12.9814], [78.1085, 12.9808], [78.1076, 12.9806], [78.1082, 12.9793], [78.1094, 12.9766], [78.1107, 12.9759], [78.1113, 12.9758], [78.1122, 12.9765], [78.1136, 12.9762], [78.1152, 12.9768], [78.116, 12.9764], [78.1162, 12.9768], [78.1171, 12.9772], [78.1168, 12.979], [78.1166, 12.9809], [78.1169, 12.9814], [78.1184, 12.982], [78.1208, 12.9835], [78.1227, 12.9845], [78.1239, 12.9853], [78.1242, 12.9855], [78.1242, 12.9863], [78.124, 12.9882], [78.1259, 12.9894], [78.127, 12.9904], [78.1275, 12.991], [78.1277, 12.9905], [78.1279, 12.9899], [78.128, 12.9893], [78.1281, 12.9887], [78.128, 12.9874], [78.1281, 12.9863], [78.1286, 12.9859], [78.1291, 12.9856], [78.1292, 12.9856], [78.1298, 12.9853], [78.1303, 12.985], [78.1308, 12.9846], [78.1313, 12.9843], [78.132, 12.984], [78.1309, 12.983], [78.1306, 12.9828], [78.1302, 12.9824], [78.1304, 12.9818], [78.1306, 12.9812], [78.1309, 12.9806], [78.131, 12.9804], [78.1313, 12.9798], [78.1317, 12.9789], [78.1322, 12.9778]]]}, "properties": {"OBJECTID": 230223, "gpcode": "218963", "gpname": "BANAHALLI", "stname": "KARNATAKA", "dtname": "Kolar", "sdtname": "Malur", "stcode11": "29", "dtcode11": "581", "sdtcode11": "05592", "blklgdcode": "5871", "blkname": "MALUR", "dt_lgd": 542, "sdt_lgd": 5592, "st_lgd": 29, "vilcode11": 0, "vilname11": "", "pan_local": "MALUR", "b_pan_code": 6202, "b_pan_name": "MALUR", "d_pan_code": 497, "d_pan_name": "KOLAR", "gp_code": "218963", "gp_name": "BANAHALLI", "st_2011": "29", "dt_2011": "581", "sdt_2011": "05592", "subdtname": "Malur", "block_name": "MALUR", "blk_lgdcod": "5871", "dtcode14": "581", "SHAPE_Length": 32005.46541517267, "SHAPE_Area": 24337569.912517175}}, {"type": "Feature", "geometry": {"type": "Polygon", "coordinates": [[[78.0579, 13.0072], [78.0575, 13.0039], [78.0574, 13.0034], [78.0568, 13.0034], [78.0476, 13.0035], [78.0463, 13.0037], [78.0465, 13.0013], [78.0457, 13.0008], [78.0451, 13.0002], [78.0447, 12.9999], [78.0443, 12.9991], [78.0429, 12.9975], [78.0417, 12.9964], [78.0409, 12.9964], [78.0398, 12.9963], [78.0394, 12.9974], [78.0389, 12.9989], [78.0385, 13.0003], [78.0386, 13.0007], [78.0388, 13.0013], [78.0388, 13.0023], [78.0394, 13.0045], [78.0377, 13.0055], [78.0367, 13.0058], [78.0357, 13.0063], [78.0347, 13.0071], [78.0346, 13.0079], [78.0352, 13.0099], [78.036, 13.0096], [78.0369, 13.0089], [78.0384, 13.0083], [78.0386, 13.0079], [78.0399, 13.0065], [78.0406, 13.0061], [78.042, 13.0063], [78.0433, 13.0063], [78.0454, 13.0057], [78.0464, 13.0058], [78.0474, 13.006], [78.048, 13.0058], [78.0484, 13.0061], [78.0491, 13.0065], [78.0493, 13.0069], [78.0515, 13.0076], [78.0524, 13.0081], [78.0537, 13.0087], [78.0549, 13.0112], [78.0559, 13.0102], [78.057, 13.0091], [78.0579, 13.0072]]]}, "properties": {"OBJECTID": 230224, "gpcode": "218964", "gpname": "CHICKKAKUNTUR", "stname": "KARNATAKA", "dtname": "Kolar", "sdtname": "Malur", "stcode11": "29", "dtcode11": "581", "sdtcode11": "05592", "blklgdcode": "5871", "blkname": "MALUR", "dt_lgd": 542, "sdt_lgd": 5592, "st_lgd": 29, "vilcode11": 0, "vilname11": "", "pan_local": "MALUR", "b_pan_code": 6202, "b_pan_name": "MALUR", "d_pan_code": 497, "d_pan_name": "KOLAR", "gp_code": "218964", "gp_name": "CHICKKAKUNTUR", "st_2011": "29", "dt_2011": "581", "sdt_2011": "05592", "subdtname": "Malur", "block_name": "MALUR", "blk_lgdcod": "5871", "dtcode14": "581", "SHAPE_Length": 8073.690810510611, "SHAPE_Area": 1595103.4892769333}}, {"type": "Feature", "geometry": {"type": "Polygon", "coordinates": [[[78.0048, 13.0441], [78.0049, 13.0431], [78.0058, 13.0429], [78.0097, 13.0408], [78.0115, 13.0437], [78.0134, 13.0427], [78.0154, 13.0421], [78.0186, 13.0403], [78.0191, 13.0414], [78.0218, 13.0404], [78.0221, 13.0426], [78.0235, 13.0428], [78.0263, 13.0432], [78.0273, 13.0426], [78.0282, 13.0419], [78.0285, 13.0423], [78.0287, 13.0436], [78.0309, 13.0442], [78.0316, 13.043], [78.0348, 13.0438], [78.0374, 13.0444], [78.0387, 13.0424], [78.0395, 13.0403], [78.0396, 13.0383], [78.0397, 13.0334], [78.0423, 13.0334], [78.0439, 13.0335], [78.0439, 13.0331], [78.0436, 13.0319], [78.0432, 13.0313], [78.0432, 13.0309], [78.0433, 13.0304], [78.0443, 13.0297], [78.0447, 13.0291], [78.0452, 13.029], [78.0465, 13.0279], [78.0473, 13.0279], [78.048, 13.028], [78.0491, 13.0283], [78.0491, 13.0274], [78.0496, 13.0262], [78.0512, 13.0258], [78.053, 13.0256], [78.0538, 13.0255], [78.0546, 13.0257], [78.0571, 13.0256], [78.057, 13.0248], [78.0573, 13.0247], [78.0572, 13.0243], [78.0578, 13.0242], [78.0585, 13.0239], [78.0589, 13.0237], [78.0589, 13.0229], [78.0584, 13.0228], [78.0571, 13.0224], [78.0559, 13.0224], [78.055, 13.0227], [78.0535, 13.0231], [78.0523, 13.0234], [78.0512, 13.0212], [78.05, 13.0195], [78.048, 13.0192], [78.0464, 13.0186], [78.0454, 13.018], [78.0454, 13.0194], [78.0448, 13.0209], [78.0431, 13.0211], [78.0426, 13.0223], [78.0413, 13.0225], [78.0406, 13.0219], [78.0378, 13.022], [78.0365, 13.0187], [78.0286, 13.0181], [78.0277, 13.0142], [78.0278, 13.014], [78.0278, 13.0138], [78.0306, 13.0127], [78.0309, 13.012], [78.0309, 13.0115], [78.0315, 13.0105], [78.032, 13.0097], [78.029, 13.0072], [78.0297, 13.0046], [78.0276, 13.0033], [78.0248, 13.0013], [78.0231, 13.0005], [78.0228, 12.9993], [78.0225, 12.9986], [78.0221, 12.998], [78.0219, 12.9973], [78.0231, 12.9966], [78.024, 12.9961], [78.0246, 12.9956], [78.0253, 12.9951], [78.0256, 12.9947], [78.026, 12.9946], [78.0264, 12.9949], [78.0267, 12.9953], [78.0271, 12.9952], [78.0281, 12.9943], [78.0286, 12.9934], [78.0289, 12.993], [78.0292, 12.9924], [78.0295, 12.9917], [78.0297, 12.9906], [78.0303, 12.9899], [78.0308, 12.9896], [78.0311, 12.9894], [78.0318, 12.9892], [78.0329, 12.9887], [78.0332, 12.9883], [78.0331, 12.988], [78.033, 12.9875], [78.0337, 12.9869], [78.0343, 12.9861], [78.0348, 12.9856], [78.0351, 12.9849], [78.0356, 12.9842], [78.036, 12.9837], [78.0368, 12.9832], [78.0375, 12.9828], [78.038, 12.9824], [78.0394, 12.9817], [78.0402, 12.9811], [78.0409, 12.9804], [78.0413, 12.98], [78.0412, 12.9788], [78.0412, 12.9781], [78.0413, 12.9773], [78.0413, 12.976], [78.0416, 12.9746], [78.0416, 12.9739], [78.042, 12.9727], [78.0423, 12.9715], [78.0427, 12.9708], [78.0431, 12.9699], [78.0433, 12.9696], [78.0436, 12.9697], [78.0446, 12.9702], [78.0455, 12.9706], [78.0468, 12.9712], [78.0479, 12.9716], [78.0483, 12.9717], [78.0481, 12.9702], [78.0493, 12.9682], [78.05, 12.9669], [78.0499, 12.9669], [78.0493, 12.9667], [78.0483, 12.9666], [78.0472, 12.9666], [78.0454, 12.9666], [78.0443, 12.9667], [78.043, 12.9664], [78.0417, 12.9659], [78.041, 12.9657], [78.0402, 12.9653], [78.0398, 12.9649], [78.0395, 12.9645], [78.0394, 12.9642], [78.0391, 12.9637], [78.0388, 12.9636], [78.0382, 12.9635], [78.0373, 12.9636], [78.0371, 12.9642], [78.037, 12.965], [78.037, 12.9662], [78.0369, 12.9668], [78.0367, 12.9677], [78.0367, 12.9683], [78.0364, 12.9688], [78.0359, 12.9688], [78.0352, 12.9687], [78.0344, 12.9685], [78.0333, 12.9685], [78.0331, 12.9687], [78.0328, 12.9687], [78.0327, 12.9692], [78.0325, 12.9697], [78.0323, 12.9704], [78.0321, 12.9713], [78.0318, 12.9722], [78.0315, 12.9729], [78.0312, 12.9734], [78.0311, 12.9735], [78.0307, 12.9735], [78.0302, 12.9734], [78.0295, 12.9732], [78.0288, 12.973], [78.0284, 12.9728], [78.0278, 12.9727], [78.0273, 12.9728], [78.0265, 12.9729], [78.0257, 12.9728], [78.0249, 12.9729], [78.0259, 12.9757], [78.0261, 12.9771], [78.0263, 12.9781], [78.0264, 12.9792], [78.0263, 12.9803], [78.0264, 12.9841], [78.0229, 12.9854], [78.0222, 12.9859], [78.02, 12.9878], [78.0167, 12.9917], [78.0163, 12.9919], [78.0155, 12.9922], [78.0145, 12.9924], [78.0125, 12.9908], [78.0097, 12.9916], [78.0069, 12.9923], [78.0045, 12.9921], [78.0024, 12.9923], [78.0, 12.9933], [77.9977, 12.9942], [77.9977, 12.9936], [77.9969, 12.994], [77.9961, 12.9943], [77.9962, 12.9954], [77.9961, 12.9963], [77.996, 12.9969], [77.9959, 12.9977], [77.9957, 12.9988], [77.9955, 12.9997], [77.9954, 13.0002], [77.9954, 13.0006], [77.9957, 13.001], [77.9964, 13.0019], [77.997, 13.0025], [77.9974, 13.003], [77.9978, 13.0033], [77.9982, 13.0046], [77.9985, 13.0056], [77.9988, 13.0057], [78.0005, 13.0065], [78.0021, 13.0068], [78.0035, 13.0076], [78.0014, 13.0111], [78.0039, 13.017], [78.0047, 13.0195], [78.0055, 13.0216], [78.0068, 13.0236], [78.0078, 13.025], [78.0087, 13.0263], [78.0103, 13.0276], [78.0131, 13.0298], [78.0154, 13.0316], [78.0135, 13.0331], [78.0096, 13.0356], [78.0071, 13.0369], [78.0041, 13.039], [78.0029, 13.0405], [78.0026, 13.0423], [78.0026, 13.0425], [78.0012, 13.0423], [78.0008, 13.0435], [78.0002, 13.0435], [78.0001, 13.0426], [77.9992, 13.0423], [77.9988, 13.0423], [77.9979, 13.0431], [77.9951, 13.0436], [77.9962, 13.0445], [77.9975, 13.0454], [77.9988, 13.0484], [78.0023, 13.0469], [78.0027, 13.0467], [78.003, 13.0464], [78.0034, 13.0459], [78.0039, 13.0455], [78.0043, 13.0454], [78.0049, 13.0451], [78.0048, 13.0441]]]}, "properties": {"OBJECTID": 230225, "gpcode": "218964", "gpname": "CHICKKAKUNTUR", "stname": "KARNATAKA", "dtname": "Kolar", "sdtname": "Malur", "stcode11": "29", "dtcode11": "581", "sdtcode11": "05592", "blklgdcode": "5871", "blkname": "MALUR", "dt_lgd": 542, "sdt_lgd": 5592, "st_lgd": 29, "vilcode11": 0, "vilname11": "", "pan_local": "MALUR", "b_pan_code": 6202, "b_pan_name": "MALUR", "d_pan_code": 497, "d_pan_name": "KOLAR", "gp_code": "218964", "gp_name": "CHICKKAKUNTUR", "st_2011": "29", "dt_2011": "581", "sdt_2011": "05592", "subdtname": "Malur", "block_name": "MALUR", "blk_lgdcod": "5871", "dtcode14": "581", "SHAPE_Length": 41532.22099116688, "SHAPE_Area": 25438364.558839373}}, {"type": "Feature", "geometry": {"type": "Polygon", "coordinates": [[[77.8727, 12.9262], [77.8728, 12.9255], [77.873, 12.9247], [77.873, 12.9237], [77.8728, 12.9223], [77.8745, 12.9218], [77.8759, 12.9214], [77.8765, 12.9213], [77.8783, 12.9208], [77.8792, 12.9206], [77.8804, 12.9203], [77.8827, 12.9198], [77.8833, 12.9196], [77.884, 12.9195], [77.8856, 12.9192], [77.8868, 12.919], [77.8878, 12.9188], [77.8891, 12.9183], [77.8905, 12.9177], [77.892, 12.9171], [77.8928, 12.9167], [77.8939, 12.9163], [77.894, 12.9153], [77.8941, 12.914], [77.8942, 12.9117], [77.8943, 12.9096], [77.8944, 12.9084], [77.8937, 12.9076], [77.8924, 12.9061], [77.8921, 12.9057], [77.8937, 12.9048], [77.8946, 12.9043], [77.8938, 12.9036], [77.8936, 12.9031], [77.8936, 12.9023], [77.8938, 12.9011], [77.8941, 12.8989], [77.8945, 12.8969], [77.8947, 12.8962], [77.8955, 12.8951], [77.8968, 12.8935], [77.8976, 12.8926], [77.8975, 12.8916], [77.8974, 12.8905], [77.8998, 12.8903], [77.9016, 12.8901], [77.904, 12.8898], [77.9053, 12.8897], [77.9064, 12.8896], [77.907, 12.8884], [77.9075, 12.8872], [77.9088, 12.8848], [77.9086, 12.8834], [77.9086, 12.8824], [77.9085, 12.8809], [77.9084, 12.8796], [77.9084, 12.8788], [77.9071, 12.8788], [77.9037, 12.8787], [77.9014, 12.8787], [77.9002, 12.8787], [77.8982, 12.8787], [77.896, 12.8786], [77.8949, 12.8786], [77.8937, 12.8764], [77.8932, 12.8753], [77.8925, 12.8739], [77.8921, 12.8732], [77.8914, 12.8717], [77.891, 12.8709], [77.8903, 12.8697], [77.8895, 12.8697], [77.8886, 12.8698], [77.8863, 12.8701], [77.8848, 12.8702], [77.8833, 12.8697], [77.8825, 12.8686], [77.8816, 12.8685], [77.8807, 12.8686], [77.8793, 12.8686], [77.878, 12.8686], [77.8773, 12.8686], [77.8769, 12.8684], [77.8766, 12.8678], [77.8762, 12.8671], [77.8761, 12.8669], [77.8759, 12.8668], [77.8751, 12.8669], [77.8739, 12.867], [77.8725, 12.8672], [77.8707, 12.8674], [77.8692, 12.8677], [77.8685, 12.8678], [77.8677, 12.8681], [77.8675, 12.8695], [77.8675, 12.871], [77.8674, 12.872], [77.8671, 12.8732], [77.8667, 12.8752], [77.8664, 12.8761], [77.8646, 12.8762], [77.8625, 12.8763], [77.8594, 12.8764], [77.8571, 12.8764], [77.8557, 12.8762], [77.8554, 12.8776], [77.855, 12.8793], [77.8549, 12.8806], [77.8545, 12.8818], [77.8545, 12.883], [77.8548, 12.8838], [77.8548, 12.8842], [77.8542, 12.8848], [77.8537, 12.8852], [77.8537, 12.8854], [77.8537, 12.8856], [77.854, 12.8869], [77.8539, 12.888], [77.8532, 12.8896], [77.8523, 12.8909], [77.8538, 12.8944], [77.8549, 12.8966], [77.8563, 12.8995], [77.8587, 12.9043], [77.8595, 12.9068], [77.8607, 12.9095], [77.8616, 12.912], [77.862, 12.9135], [77.8619, 12.9143], [77.8613, 12.9147], [77.8603, 12.9152], [77.859, 12.9157], [77.8579, 12.9163], [77.8568, 12.9165], [77.8561, 12.9164], [77.8556, 12.9163], [77.8546, 12.9158], [77.8535, 12.9154], [77.8528, 12.9154], [77.8522, 12.9155], [77.8512, 12.9155], [77.8502, 12.9155], [77.8492, 12.9154], [77.8482, 12.9156], [77.8464, 12.916], [77.8451, 12.9163], [77.8446, 12.9163], [77.8443, 12.9162], [77.8441, 12.9159], [77.8435, 12.9152], [77.8432, 12.915], [77.8422, 12.914], [77.8416, 12.9151], [77.8413, 12.9161], [77.8405, 12.9177], [77.84, 12.9187], [77.8398, 12.9197], [77.8395, 12.9218], [77.8396, 12.922], [77.8396, 12.9222], [77.8399, 12.9228], [77.8407, 12.9242], [77.841, 12.9248], [77.8414, 12.925], [77.842, 12.925], [77.843, 12.9251], [77.8438, 12.9255], [77.8449, 12.9259], [77.8457, 12.9262], [77.846, 12.9263], [77.8466, 12.9261], [77.847, 12.926], [77.8474, 12.9263], [77.8479, 12.9272], [77.8494, 12.9297], [77.8506, 12.9317], [77.851, 12.9321], [77.8517, 12.9322], [77.853, 12.9323], [77.8543, 12.9325], [77.8561, 12.9334], [77.8581, 12.9348], [77.8592, 12.9357], [77.8597, 12.9356], [77.8631, 12.9349], [77.8644, 12.9347], [77.8661, 12.9343], [77.8675, 12.9341], [77.8692, 12.9338], [77.8696, 12.933], [77.8705, 12.9317], [77.8716, 12.9303], [77.8724, 12.9293], [77.8728, 12.9284], [77.8727, 12.9277], [77.8727, 12.9267], [77.8727, 12.9262]]]}, "properties": {"OBJECTID": 230226, "gpcode": "218965", "gpname": "CHIKKATHIRUPATHI", "stname": "KARNATAKA", "dtname": "Kolar", "sdtname": "Malur", "stcode11": "29", "dtcode11": "581", "sdtcode11": "05592", "blklgdcode": "5871", "blkname": "MALUR", "dt_lgd": 542, "sdt_lgd": 5592, "st_lgd": 29, "vilcode11": 0, "vilname11": "", "pan_local": "MALUR", "b_pan_code": 6202, "b_pan_name": "MALUR", "d_pan_code": 497, "d_pan_name": "KOLAR", "gp_code": "218965", "gp_name": "CHIKKATHIRUPATHI", "st_2011": "29", "dt_2011": "581", "sdt_2011": "05592", "subdtname": "Malur", "block_name": "MALUR", "blk_lgdcod": "5871", "dtcode14": "581", "SHAPE_Length": 29192.930689660243, "SHAPE_Area": 30960158.36741366}}, {"type": "Feature", "geometry": {"type": "Polygon", "coordinates": [[[78.1116, 12.8784], [78.1106, 12.876], [78.1097, 12.8756], [78.1079, 12.876], [78.1067, 12.8757], [78.1074, 12.8742], [78.1087, 12.8729], [78.1077, 12.8716], [78.1072, 12.8708], [78.1058, 12.8694], [78.1046, 12.8676], [78.1043, 12.867], [78.1041, 12.8665], [78.1033, 12.8664], [78.1024, 12.8666], [78.0997, 12.8677], [78.0977, 12.8684], [78.095, 12.8695], [78.0927, 12.8704], [78.0918, 12.8707], [78.0899, 12.8712], [78.0891, 12.8716], [78.0889, 12.872], [78.0886, 12.8722], [78.0887, 12.8727], [78.089, 12.8734], [78.0891, 12.8732], [78.0907, 12.873], [78.0923, 12.8737], [78.0923, 12.8746], [78.0926, 12.8756], [78.0942, 12.8756], [78.0961, 12.8757], [78.0965, 12.8745], [78.0968, 12.8737], [78.0974, 12.8732], [78.0985, 12.8734], [78.0988, 12.8741], [78.0991, 12.8752], [78.0993, 12.8762], [78.1, 12.8775], [78.1007, 12.8785], [78.103, 12.8776], [78.1046, 12.877], [78.1051, 12.8779], [78.1059, 12.8792], [78.1072, 12.8803], [78.1083, 12.881], [78.1102, 12.883], [78.111, 12.8819], [78.1128, 12.8816], [78.1127, 12.8806], [78.1116, 12.8784]]]}, "properties": {"OBJECTID": 230227, "gpcode": "218966", "gpname": "DADINAIKANAHALLIDODDI", "stname": "KARNATAKA", "dtname": "Kolar", "sdtname": "Malur", "stcode11": "29", "dtcode11": "581", "sdtcode11": "05592", "blklgdcode": "5871", "blkname": "MALUR", "dt_lgd": 542, "sdt_lgd": 5592, "st_lgd": 29, "vilcode11": 0, "vilname11": "", "pan_local": "MALUR", "b_pan_code": 6202, "b_pan_name": "MALUR", "d_pan_code": 497, "d_pan_name": "KOLAR", "gp_code": "218966", "gp_name": "DADINAIKANAHALLIDODDI", "st_2011": "29", "dt_2011": "581", "sdt_2011": "05592", "subdtname": "Malur", "block_name": "MALUR", "blk_lgdcod": "5871", "dtcode14": "581", "SHAPE_Length": 8315.02997483142, "SHAPE_Area": 2012815.0119520985}}, {"type": "Feature", "geometry": {"type": "Polygon", "coordinates": [[[77.9349, 12.9011], [77.9359, 12.9], [77.9367, 12.8992], [77.9373, 12.8985], [77.9374, 12.8985], [77.9385, 12.8982], [77.9395, 12.8981], [77.9398, 12.8976], [77.9401, 12.8971], [77.9407, 12.896], [77.9412, 12.8952], [77.9414, 12.8949], [77.9415, 12.8946], [77.9413, 12.8936], [77.9412, 12.8924], [77.9411, 12.8914], [77.9409, 12.8897], [77.9407, 12.888], [77.9426, 12.8864], [77.9438, 12.8865], [77.9456, 12.8865], [77.9482, 12.8865], [77.9506, 12.8866], [77.9517, 12.8867], [77.9525, 12.8866], [77.9523, 12.886], [77.9517, 12.8844], [77.9519, 12.8844], [77.9526, 12.8843], [77.9533, 12.8843], [77.9543, 12.8842], [77.9553, 12.8842], [77.9562, 12.8842], [77.9569, 12.8842], [77.9577, 12.8832], [77.9588, 12.8818], [77.9591, 12.8813], [77.9603, 12.8797], [77.9614, 12.8781], [77.9608, 12.8771], [77.9603, 12.8765], [77.9602, 12.8764], [77.9607, 12.8762], [77.9612, 12.876], [77.962, 12.8755], [77.9642, 12.8748], [77.9645, 12.8748], [77.965, 12.8756], [77.9653, 12.8759], [77.9656, 12.8759], [77.9662, 12.8758], [77.9672, 12.8756], [77.968, 12.8755], [77.9682, 12.8754], [77.9683, 12.8752], [77.9687, 12.8741], [77.9689, 12.8734], [77.9693, 12.8722], [77.9697, 12.8711], [77.9703, 12.87], [77.9711, 12.8692], [77.9719, 12.8684], [77.9727, 12.8675], [77.9733, 12.8671], [77.9734, 12.8668], [77.9734, 12.8664], [77.9733, 12.8659], [77.973, 12.865], [77.9727, 12.864], [77.9724, 12.8631], [77.972, 12.8621], [77.9713, 12.8607], [77.9704, 12.8607], [77.9693, 12.8607], [77.969, 12.8595], [77.9687, 12.8582], [77.9677, 12.8583], [77.9667, 12.8583], [77.9657, 12.8581], [77.9646, 12.858], [77.9644, 12.858], [77.9636, 12.8544], [77.9632, 12.8524], [77.9636, 12.8499], [77.963, 12.8502], [77.9628, 12.8501], [77.9621, 12.8497], [77.9616, 12.8495], [77.9607, 12.8496], [77.9596, 12.8496], [77.9584, 12.8496], [77.9574, 12.8496], [77.9559, 12.8498], [77.9553, 12.8499], [77.9541, 12.8501], [77.9533, 12.8502], [77.9528, 12.8501], [77.9527, 12.8502], [77.9527, 12.8505], [77.9528, 12.8511], [77.9529, 12.8515], [77.9532, 12.8528], [77.9533, 12.8539], [77.9531, 12.854], [77.9528, 12.8541], [77.9528, 12.8545], [77.9529, 12.8556], [77.9529, 12.8565], [77.9525, 12.857], [77.9523, 12.8571], [77.9522, 12.8571], [77.9518, 12.857], [77.9513, 12.8569], [77.9504, 12.8568], [77.9489, 12.8569], [77.9483, 12.8569], [77.9475, 12.8569], [77.9469, 12.857], [77.9458, 12.8573], [77.9445, 12.8576], [77.9439, 12.8578], [77.9436, 12.8578], [77.9434, 12.8577], [77.9424, 12.8568], [77.9417, 12.8564], [77.9412, 12.8561], [77.9409, 12.8552], [77.9404, 12.8542], [77.94, 12.8531], [77.9399, 12.8517], [77.9399, 12.8508], [77.9399, 12.8503], [77.9399, 12.849], [77.94, 12.8476], [77.9403, 12.8468], [77.9405, 12.8459], [77.9406, 12.8455], [77.9406, 12.8453], [77.9409, 12.8449], [77.9411, 12.8446], [77.9414, 12.8443], [77.9422, 12.8436], [77.9428, 12.843], [77.9435, 12.8424], [77.944, 12.842], [77.9446, 12.8415], [77.9451, 12.841], [77.9458, 12.8403], [77.9462, 12.8399], [77.9464, 12.8396], [77.9465, 12.8392], [77.9466, 12.8389], [77.9466, 12.8388], [77.9466, 12.8387], [77.9453, 12.8368], [77.9445, 12.8354], [77.9436, 12.8337], [77.9426, 12.8321], [77.9422, 12.8312], [77.942, 12.8305], [77.9416, 12.8287], [77.9416, 12.8278], [77.9415, 12.8272], [77.9413, 12.8253], [77.9411, 12.8245], [77.9407, 12.8233], [77.9406, 12.8233], [77.9403, 12.823], [77.9393, 12.8231], [77.9384, 12.8231], [77.937, 12.823], [77.9355, 12.8229], [77.9348, 12.8229], [77.9343, 12.8231], [77.9334, 12.8237], [77.9322, 12.8244], [77.9309, 12.8252], [77.9303, 12.8256], [77.9297, 12.8259], [77.929, 12.8264], [77.9285, 12.8268], [77.9282, 12.8272], [77.9279, 12.8278], [77.9275, 12.8289], [77.9271, 12.8297], [77.9268, 12.8302], [77.9265, 12.8303], [77.9259, 12.8304], [77.9248, 12.8305], [77.924, 12.8303], [77.9234, 12.83], [77.9226, 12.8294], [77.9215, 12.8286], [77.9206, 12.8282], [77.9201, 12.8288], [77.9195, 12.8294], [77.9186, 12.8306], [77.9181, 12.8313], [77.918, 12.8321], [77.9179, 12.8336], [77.918, 12.8345], [77.918, 12.8351], [77.9179, 12.8356], [77.9175, 12.837], [77.9173, 12.8379], [77.9173, 12.8382], [77.9173, 12.8383], [77.9172, 12.8389], [77.9173, 12.8392], [77.9175, 12.8397], [77.9177, 12.8403], [77.9179, 12.8407], [77.9182, 12.8412], [77.9184, 12.8413], [77.9187, 12.8413], [77.9193, 12.8414], [77.9199, 12.8424], [77.9208, 12.844], [77.9219, 12.846], [77.9226, 12.8472], [77.9232, 12.8483], [77.9234, 12.8489], [77.9235, 12.8492], [77.9237, 12.85], [77.924, 12.8506], [77.9242, 12.8511], [77.9239, 12.8519], [77.9233, 12.853], [77.923, 12.8539], [77.9229, 12.8547], [77.9229, 12.8548], [77.9228, 12.8556], [77.9231, 12.856], [77.9237, 12.8568], [77.9239, 12.8572], [77.9242, 12.8573], [77.9243, 12.8573], [77.925, 12.8574], [77.9256, 12.8574], [77.9265, 12.8574], [77.927, 12.8575], [77.9274, 12.858], [77.928, 12.8588], [77.9286, 12.8593], [77.9296, 12.8599], [77.9301, 12.8602], [77.9307, 12.8608], [77.9309, 12.8611], [77.9312, 12.8617], [77.9314, 12.8618], [77.9317, 12.8618], [77.9327, 12.8618], [77.9334, 12.8617], [77.9335, 12.862], [77.9337, 12.8627], [77.9347, 12.8627], [77.9356, 12.8627], [77.9359, 12.8631], [77.936, 12.8634], [77.9359, 12.864], [77.9359, 12.8648], [77.9361, 12.8659], [77.9364, 12.8667], [77.9366, 12.8668], [77.9369, 12.8668], [77.9379, 12.8668], [77.9386, 12.8668], [77.9394, 12.867], [77.9397, 12.8672], [77.9398, 12.8675], [77.9404, 12.8678], [77.9412, 12.8682], [77.9413, 12.8687], [77.9417, 12.8709], [77.9418, 12.8716], [77.9416, 12.8727], [77.9389, 12.8725], [77.9354, 12.8733], [77.932, 12.8738], [77.9304, 12.8742], [77.9277, 12.8749], [77.9274, 12.8764], [77.9273, 12.8768], [77.927, 12.8782], [77.9269, 12.8789], [77.927, 12.8798], [77.9271, 12.8805], [77.9271, 12.8815], [77.9273, 12.8815], [77.9283, 12.8811], [77.929, 12.8808], [77.929, 12.8805], [77.9307, 12.8805], [77.9322, 12.8806], [77.9336, 12.8807], [77.9346, 12.8807], [77.9353, 12.8816], [77.936, 12.8831], [77.9361, 12.8836], [77.9361, 12.8845], [77.936, 12.8854], [77.936, 12.8872], [77.9334, 12.888], [77.9321, 12.889], [77.931, 12.8896], [77.9301, 12.8903], [77.9293, 12.8909], [77.9291, 12.8922], [77.9285, 12.8946], [77.928, 12.8965], [77.9277, 12.8979], [77.9269, 12.8984], [77.9269, 12.899], [77.927, 12.9], [77.9272, 12.9009], [77.9281, 12.9009], [77.929, 12.9009], [77.9329, 12.901], [77.9337, 12.9011], [77.9349, 12.9011]]]}, "properties": {"OBJECTID": 230228, "gpcode": "218966", "gpname": "DADINAIKANAHALLIDODDI", "stname": "KARNATAKA", "dtname": "Kolar", "sdtname": "Malur", "stcode11": "29", "dtcode11": "581", "sdtcode11": "05592", "blklgdcode": "5871", "blkname": "MALUR", "dt_lgd": 542, "sdt_lgd": 5592, "st_lgd": 29, "vilcode11": 0, "vilname11": "", "pan_local": "MALUR", "b_pan_code": 6202, "b_pan_name": "MALUR", "d_pan_code": 497, "d_pan_name": "KOLAR", "gp_code": "218966", "gp_name": "DADINAIKANAHALLIDODDI", "st_2011": "29", "dt_2011": "581", "sdt_2011": "05592", "subdtname": "Malur", "block_name": "MALUR", "blk_lgdcod": "5871", "dtcode14": "581", "SHAPE_Length": 34219.048942768175, "SHAPE_Area": 23522123.266237848}}, {"type": "Feature", "geometry": {"type": "Polygon", "coordinates": [[[78.1191, 12.8759], [78.119, 12.8752], [78.1189, 12.8749], [78.1189, 12.8748], [78.1188, 12.8747], [78.1187, 12.8741], [78.1185, 12.8738], [78.1178, 12.8723], [78.1173, 12.8723], [78.1167, 12.8722], [78.1167, 12.8719], [78.1167, 12.8718], [78.1167, 12.8713], [78.1167, 12.8712], [78.1161, 12.8711], [78.1155, 12.8708], [78.1155, 12.8704], [78.1149, 12.8704], [78.1143, 12.8704], [78.1143, 12.87], [78.1136, 12.87], [78.1134, 12.8695], [78.1132, 12.869], [78.1128, 12.8683], [78.1126, 12.8678], [78.1123, 12.8672], [78.1118, 12.8675], [78.1112, 12.8678], [78.1107, 12.868], [78.1101, 12.8682], [78.1097, 12.8684], [78.1096, 12.8678], [78.1096, 12.8671], [78.1095, 12.8666], [78.1094, 12.8663], [78.1093, 12.866], [78.1093, 12.8659], [78.1086, 12.8661], [78.108, 12.8662], [78.1074, 12.8664], [78.1068, 12.8666], [78.1063, 12.8669], [78.1057, 12.8671], [78.105, 12.8674], [78.1046, 12.8676], [78.1058, 12.8694], [78.1072, 12.8708], [78.1077, 12.8716], [78.1087, 12.8729], [78.1074, 12.8742], [78.1067, 12.8757], [78.1079, 12.876], [78.1097, 12.8756], [78.1106, 12.876], [78.1116, 12.8784], [78.1127, 12.8806], [78.1128, 12.8816], [78.114, 12.8819], [78.1145, 12.8814], [78.1152, 12.8813], [78.1157, 12.8813], [78.116, 12.8813], [78.1164, 12.8813], [78.1168, 12.881], [78.1173, 12.8807], [78.1179, 12.8803], [78.1183, 12.88], [78.1189, 12.8797], [78.1194, 12.8793], [78.1195, 12.8792], [78.1199, 12.8789], [78.1197, 12.8783], [78.1196, 12.8777], [78.1194, 12.8771], [78.1193, 12.8765], [78.1192, 12.8763], [78.1191, 12.8759]]]}, "properties": {"OBJECTID": 230229, "gpcode": "218967", "gpname": "DINNAHALLI", "stname": "KARNATAKA", "dtname": "Kolar", "sdtname": "Malur", "stcode11": "29", "dtcode11": "581", "sdtcode11": "05592", "blklgdcode": "5871", "blkname": "MALUR", "dt_lgd": 542, "sdt_lgd": 5592, "st_lgd": 29, "vilcode11": 0, "vilname11": "", "pan_local": "MALUR", "b_pan_code": 6202, "b_pan_name": "MALUR", "d_pan_code": 497, "d_pan_name": "KOLAR", "gp_code": "218967", "gp_name": "DINNAHALLI", "st_2011": "29", "dt_2011": "581", "sdt_2011": "05592", "subdtname": "Malur", "block_name": "MALUR", "blk_lgdcod": "5871", "dtcode14": "581", "SHAPE_Length": 6176.19576476838, "SHAPE_Area": 1532156.3119291842}}, {"type": "Feature", "geometry": {"type": "Polygon", "coordinates": [[[78.0609, 12.9031], [78.0619, 12.9031], [78.062, 12.9031], [78.0635, 12.9028], [78.0646, 12.9025], [78.0666, 12.902], [78.0681, 12.902], [78.0693, 12.902], [78.0696, 12.9027], [78.0699, 12.9031], [78.0717, 12.9021], [78.0731, 12.9013], [78.0744, 12.9006], [78.0772, 12.8993], [78.0768, 12.8992], [78.0774, 12.8989], [78.0781, 12.8984], [78.0787, 12.898], [78.0793, 12.8976], [78.0796, 12.8974], [78.0804, 12.8968], [78.0803, 12.8957], [78.0803, 12.8945], [78.0799, 12.8931], [78.0804, 12.8929], [78.0803, 12.8936], [78.0809, 12.8936], [78.0816, 12.8934], [78.0824, 12.8935], [78.0833, 12.8934], [78.0835, 12.8927], [78.0826, 12.8926], [78.082, 12.8925], [78.0817, 12.892], [78.0822, 12.8916], [78.0826, 12.8916], [78.0828, 12.8923], [78.0848, 12.892], [78.0849, 12.8915], [78.0864, 12.8916], [78.0878, 12.8914], [78.0887, 12.891], [78.0898, 12.8908], [78.0905, 12.8909], [78.0908, 12.8906], [78.0914, 12.8905], [78.0914, 12.8898], [78.0919, 12.8895], [78.092, 12.8891], [78.0921, 12.8892], [78.0926, 12.8892], [78.0928, 12.8907], [78.0934, 12.8908], [78.0941, 12.8912], [78.0946, 12.8915], [78.0952, 12.8921], [78.0958, 12.8921], [78.0959, 12.8913], [78.097, 12.8911], [78.0978, 12.8911], [78.0988, 12.8913], [78.0994, 12.891], [78.1006, 12.8912], [78.102, 12.8912], [78.1039, 12.8909], [78.104, 12.8903], [78.1041, 12.89], [78.1042, 12.8897], [78.1043, 12.8892], [78.1044, 12.8886], [78.1046, 12.8881], [78.1052, 12.8879], [78.1058, 12.8877], [78.1063, 12.8874], [78.1066, 12.8869], [78.107, 12.8863], [78.1072, 12.8858], [78.1074, 12.8852], [78.1077, 12.8846], [78.1079, 12.8841], [78.1081, 12.8838], [78.1082, 12.8835], [78.1084, 12.8831], [78.109, 12.8831], [78.1097, 12.8831], [78.1102, 12.883], [78.1083, 12.881], [78.1072, 12.8803], [78.1059, 12.8792], [78.1051, 12.8779], [78.1046, 12.877], [78.103, 12.8776], [78.1007, 12.8785], [78.1, 12.8775], [78.0993, 12.8762], [78.0991, 12.8752], [78.0988, 12.8741], [78.0985, 12.8734], [78.0974, 12.8732], [78.0968, 12.8737], [78.0965, 12.8745], [78.0961, 12.8757], [78.0942, 12.8756], [78.0926, 12.8756], [78.0923, 12.8746], [78.0923, 12.8737], [78.0907, 12.873], [78.0891, 12.8732], [78.089, 12.8734], [78.0887, 12.8727], [78.0886, 12.8722], [78.0889, 12.872], [78.0891, 12.8716], [78.0899, 12.8712], [78.0918, 12.8707], [78.0927, 12.8704], [78.095, 12.8695], [78.0977, 12.8684], [78.0997, 12.8677], [78.1024, 12.8666], [78.1033, 12.8664], [78.1041, 12.8665], [78.1039, 12.8658], [78.1037, 12.8653], [78.1034, 12.8648], [78.103, 12.8642], [78.1028, 12.8637], [78.1025, 12.8632], [78.1022, 12.8626], [78.1017, 12.862], [78.1014, 12.8617], [78.1011, 12.8611], [78.1007, 12.8606], [78.1004, 12.8601], [78.1, 12.8596], [78.0997, 12.859], [78.0994, 12.8585], [78.0991, 12.858], [78.0988, 12.8575], [78.0987, 12.8573], [78.0984, 12.8569], [78.0981, 12.8564], [78.0977, 12.8559], [78.0973, 12.8555], [78.097, 12.855], [78.0966, 12.8545], [78.0962, 12.854], [78.0959, 12.8535], [78.0956, 12.8529], [78.0952, 12.8524], [78.0948, 12.852], [78.0945, 12.8515], [78.0941, 12.851], [78.0938, 12.8505], [78.0934, 12.85], [78.093, 12.8495], [78.0927, 12.8489], [78.0924, 12.8485], [78.092, 12.8479], [78.0937, 12.8475], [78.0931, 12.8464], [78.0919, 12.8421], [78.0898, 12.837], [78.0885, 12.8339], [78.0877, 12.8308], [78.0868, 12.8303], [78.0867, 12.8305], [78.0867, 12.8309], [78.0866, 12.8312], [78.0866, 12.8314], [78.0865, 12.8315], [78.0864, 12.8317], [78.0862, 12.8319], [78.0861, 12.832], [78.0858, 12.8322], [78.0854, 12.8323], [78.0853, 12.8323], [78.085, 12.8323], [78.0845, 12.8324], [78.0842, 12.8324], [78.0834, 12.8323], [78.083, 12.8323], [78.0827, 12.8323], [78.0823, 12.8323], [78.0821, 12.8323], [78.0816, 12.8322], [78.0813, 12.8322], [78.0809, 12.8321], [78.0806, 12.832], [78.0802, 12.8319], [78.0798, 12.8318], [78.0795, 12.8316], [78.079, 12.8314], [78.0779, 12.8308], [78.0778, 12.8307], [78.0775, 12.8306], [78.0773, 12.8305], [78.0771, 12.8305], [78.0769, 12.8305], [78.076, 12.8305], [78.0758, 12.8305], [78.0754, 12.8306], [78.0752, 12.8306], [78.0751, 12.8306], [78.0746, 12.8306], [78.0742, 12.8305], [78.0739, 12.8305], [78.0739, 12.8306], [78.0739, 12.8308], [78.074, 12.8311], [78.0741, 12.8318], [78.0742, 12.8323], [78.0743, 12.8326], [78.0744, 12.8333], [78.0745, 12.8337], [78.0746, 12.834], [78.0747, 12.8347], [78.0748, 12.8351], [78.0749, 12.8355], [78.0751, 12.8362], [78.0752, 12.8364], [78.0755, 12.8366], [78.0761, 12.837], [78.0764, 12.8372], [78.0767, 12.8374], [78.077, 12.8377], [78.0773, 12.8381], [78.0773, 12.8385], [78.0772, 12.8388], [78.077, 12.8391], [78.0767, 12.8394], [78.0766, 12.8396], [78.0765, 12.8396], [78.0765, 12.8397], [78.0762, 12.8399], [78.0756, 12.8403], [78.0752, 12.8405], [78.0751, 12.8406], [78.0743, 12.8411], [78.074, 12.8412], [78.0738, 12.8413], [78.0731, 12.8417], [78.0728, 12.8418], [78.0725, 12.8419], [78.0718, 12.8422], [78.0715, 12.8423], [78.0712, 12.8424], [78.0704, 12.8426], [78.0702, 12.8426], [78.0691, 12.8428], [78.0687, 12.8428], [78.0682, 12.8426], [78.0674, 12.8422], [78.0669, 12.842], [78.0664, 12.842], [78.0655, 12.8423], [78.0651, 12.8424], [78.0648, 12.8425], [78.0639, 12.8428], [78.0635, 12.8429], [78.0631, 12.843], [78.0623, 12.8432], [78.0618, 12.8433], [78.0613, 12.8435], [78.0605, 12.8437], [78.0602, 12.8438], [78.0602, 12.8439], [78.0602, 12.844], [78.0603, 12.8442], [78.0603, 12.8449], [78.0603, 12.8452], [78.0604, 12.8456], [78.0604, 12.8464], [78.0604, 12.8465], [78.0603, 12.8468], [78.0602, 12.8472], [78.06, 12.8479], [78.0599, 12.8483], [78.0598, 12.8486], [78.0597, 12.8492], [78.0594, 12.85], [78.0591, 12.8508], [78.059, 12.8512], [78.0587, 12.8515], [78.0581, 12.8519], [78.0578, 12.8521], [78.0575, 12.8522], [78.0567, 12.8525], [78.0563, 12.8526], [78.0561, 12.8527], [78.0552, 12.8531], [78.0549, 12.8532], [78.0546, 12.8534], [78.0539, 12.8536], [78.0536, 12.8538], [78.0533, 12.8539], [78.0531, 12.8539], [78.0528, 12.8538], [78.0526, 12.8538], [78.0524, 12.8536], [78.0521, 12.8534], [78.0519, 12.8531], [78.0515, 12.8526], [78.0514, 12.8524], [78.0512, 12.8515], [78.051, 12.8508], [78.0509, 12.8504], [78.0508, 12.8499], [78.0506, 12.8492], [78.0505, 12.8487], [78.05, 12.8488], [78.0491, 12.8489], [78.0488, 12.849], [78.0486, 12.849], [78.0477, 12.8492], [78.0473, 12.8493], [78.047, 12.8493], [78.0463, 12.8495], [78.0459, 12.8496], [78.0456, 12.8496], [78.0448, 12.8498], [78.0444, 12.8499], [78.044, 12.85], [78.0433, 12.8502], [78.0429, 12.8502], [78.0426, 12.8503], [78.0435, 12.8519], [78.0441, 12.8534], [78.0441, 12.8548], [78.0444, 12.8564], [78.0449, 12.8585], [78.0437, 12.8591], [78.0427, 12.8595], [78.0415, 12.8604], [78.0422, 12.8611], [78.043, 12.8623], [78.0433, 12.8635], [78.0437, 12.8645], [78.0447, 12.8664], [78.0455, 12.8671], [78.0465, 12.8681], [78.0476, 12.869], [78.0461, 12.8694], [78.0457, 12.8709], [78.0458, 12.8721], [78.0468, 12.873], [78.0465, 12.8739], [78.0456, 12.8742], [78.0444, 12.8746], [78.0439, 12.8754], [78.0439, 12.876], [78.0434, 12.8769], [78.0434, 12.8777], [78.0437, 12.8789], [78.0441, 12.88], [78.0439, 12.881], [78.044, 12.8819], [78.0443, 12.883], [78.0447, 12.8842], [78.0448, 12.8851], [78.0464, 12.885], [78.0485, 12.8849], [78.0485, 12.8855], [78.0502, 12.8855], [78.0507, 12.8862], [78.0527, 12.8879], [78.0542, 12.8883], [78.0553, 12.8897], [78.0559, 12.8908], [78.0565, 12.8922], [78.0566, 12.8928], [78.0567, 12.8935], [78.0565, 12.8945], [78.0557, 12.8949], [78.057, 12.896], [78.058, 12.8972], [78.0588, 12.8983], [78.0592, 12.8991], [78.0586, 12.9], [78.0578, 12.9004], [78.0584, 12.9023], [78.0587, 12.903], [78.0595, 12.9031], [78.0609, 12.9031]]]}, "properties": {"OBJECTID": 230230, "gpcode": "218967", "gpname": "DINNAHALLI", "stname": "KARNATAKA", "dtname": "Kolar", "sdtname": "Malur", "stcode11": "29", "dtcode11": "581", "sdtcode11": "05592", "blklgdcode": "5871", "blkname": "MALUR", "dt_lgd": 542, "sdt_lgd": 5592, "st_lgd": 29, "vilcode11": 0, "vilname11": "", "pan_local": "MALUR", "b_pan_code": 6202, "b_pan_name": "MALUR", "d_pan_code": 497, "d_pan_name": "KOLAR", "gp_code": "218967", "gp_name": "DINNAHALLI", "st_2011": "29", "dt_2011": "581", "sdt_2011": "05592", "subdtname": "Malur", "block_name": "MALUR", "blk_lgdcod": "5871", "dtcode14": "581", "SHAPE_Length": 34938.67440052235, "SHAPE_Area": 36710086.77701715}}, {"type": "Feature", "geometry": {"type": "Polygon", "coordinates": [[[77.9973, 13.0339], [77.9988, 13.0336], [78.0, 13.0343], [78.0019, 13.035], [78.0049, 13.0361], [78.006, 13.0365], [78.0041, 13.039], [78.0071, 13.0369], [78.0096, 13.0356], [78.0135, 13.0331], [78.0154, 13.0316], [78.0131, 13.0298], [78.0103, 13.0276], [78.0087, 13.0263], [78.0078, 13.025], [78.0068, 13.0236], [78.0055, 13.0216], [78.0047, 13.0195], [78.0039, 13.017], [78.0014, 13.0111], [78.0035, 13.0076], [78.0021, 13.0068], [78.0005, 13.0065], [77.9988, 13.0057], [77.9985, 13.0056], [77.9982, 13.0046], [77.9978, 13.0033], [77.9974, 13.003], [77.997, 13.0025], [77.9964, 13.0019], [77.9957, 13.001], [77.9954, 13.0006], [77.9954, 13.0002], [77.9955, 12.9997], [77.9957, 12.9988], [77.9959, 12.9977], [77.996, 12.9969], [77.9961, 12.9963], [77.9962, 12.9954], [77.9961, 12.9943], [77.9956, 12.9942], [77.9952, 12.994], [77.9942, 12.9934], [77.9926, 12.9923], [77.9915, 12.9916], [77.99, 12.9903], [77.9884, 12.9889], [77.9876, 12.9893], [77.9851, 12.9908], [77.9831, 12.9919], [77.9793, 12.994], [77.978, 12.9947], [77.9761, 12.9954], [77.975, 12.9957], [77.973, 12.9965], [77.9726, 12.9967], [77.9715, 12.996], [77.9698, 12.995], [77.9689, 12.9945], [77.9678, 12.9938], [77.9668, 12.9932], [77.9668, 12.9939], [77.9666, 12.9949], [77.9667, 12.996], [77.9666, 12.9976], [77.9661, 12.9979], [77.9655, 12.9982], [77.9644, 12.9986], [77.9633, 12.999], [77.9623, 12.9994], [77.9611, 12.9998], [77.9601, 13.0003], [77.9593, 13.0008], [77.9585, 13.0013], [77.9577, 13.0017], [77.9568, 13.002], [77.9562, 13.0024], [77.9553, 13.0027], [77.9546, 13.0028], [77.954, 13.0029], [77.9534, 13.0028], [77.9528, 13.0028], [77.9525, 13.0029], [77.9525, 13.003], [77.953, 13.0041], [77.9538, 13.0057], [77.9547, 13.0068], [77.9576, 13.0099], [77.9576, 13.0105], [77.9576, 13.0114], [77.9588, 13.0116], [77.959, 13.0116], [77.9597, 13.0115], [77.9612, 13.0113], [77.9614, 13.0116], [77.9628, 13.0114], [77.9644, 13.011], [77.9654, 13.0109], [77.9669, 13.0107], [77.9682, 13.0105], [77.9695, 13.0103], [77.9705, 13.0102], [77.9711, 13.0102], [77.9721, 13.0103], [77.9731, 13.0108], [77.9737, 13.0112], [77.9739, 13.0114], [77.9736, 13.0141], [77.977, 13.0153], [77.977, 13.0155], [77.9771, 13.0163], [77.9772, 13.0173], [77.9773, 13.0187], [77.9774, 13.0198], [77.9775, 13.0209], [77.9767, 13.0212], [77.977, 13.0223], [77.9771, 13.023], [77.9772, 13.024], [77.9773, 13.0252], [77.9774, 13.026], [77.979, 13.0259], [77.9816, 13.0258], [77.9822, 13.0256], [77.9825, 13.0282], [77.9827, 13.0305], [77.9829, 13.0331], [77.9831, 13.0354], [77.9831, 13.0359], [77.9828, 13.0365], [77.9829, 13.0389], [77.983, 13.0406], [77.9835, 13.0406], [77.9862, 13.0391], [77.9893, 13.0375], [77.9912, 13.0363], [77.9937, 13.035], [77.9942, 13.0346], [77.9952, 13.0342], [77.9964, 13.034], [77.9973, 13.0339]]]}, "properties": {"OBJECTID": 230231, "gpcode": "218968", "gpname": "DODDASHIVARA", "stname": "KARNATAKA", "dtname": "Kolar", "sdtname": "Malur", "stcode11": "29", "dtcode11": "581", "sdtcode11": "05592", "blklgdcode": "5871", "blkname": "MALUR", "dt_lgd": 542, "sdt_lgd": 5592, "st_lgd": 29, "vilcode11": 0, "vilname11": "", "pan_local": "MALUR", "b_pan_code": 6202, "b_pan_name": "MALUR", "d_pan_code": 497, "d_pan_name": "KOLAR", "gp_code": "218968", "gp_name": "DODDASHIVARA", "st_2011": "29", "dt_2011": "581", "sdt_2011": "05592", "subdtname": "Malur", "block_name": "MALUR", "blk_lgdcod": "5871", "dtcode14": "581", "SHAPE_Length": 23409.166078103415, "SHAPE_Area": 17936677.60936261}}, {"type": "Feature", "geometry": {"type": "Polygon", "coordinates": [[[78.056, 12.9342], [78.056, 12.9333], [78.0566, 12.9333], [78.0572, 12.9337], [78.0574, 12.9346], [78.059, 12.9338], [78.0629, 12.9336], [78.0648, 12.9329], [78.0655, 12.9333], [78.0653, 12.9323], [78.0655, 12.9316], [78.0656, 12.9312], [78.0638, 12.9285], [78.0636, 12.9269], [78.0634, 12.9255], [78.0632, 12.9243], [78.0649, 12.9225], [78.0649, 12.9216], [78.0648, 12.921], [78.0647, 12.9202], [78.0649, 12.9189], [78.0637, 12.9179], [78.0646, 12.9158], [78.0643, 12.9135], [78.0634, 12.9119], [78.0644, 12.9109], [78.0653, 12.9111], [78.0657, 12.9109], [78.0658, 12.9097], [78.0659, 12.9091], [78.0659, 12.9082], [78.0651, 12.9074], [78.065, 12.9068], [78.066, 12.9055], [78.0649, 12.9039], [78.0646, 12.9025], [78.0635, 12.9028], [78.062, 12.9031], [78.0619, 12.9031], [78.0609, 12.9031], [78.0595, 12.9031], [78.0587, 12.903], [78.0584, 12.9023], [78.0578, 12.9004], [78.0586, 12.9], [78.0592, 12.8991], [78.0588, 12.8983], [78.058, 12.8972], [78.057, 12.896], [78.0557, 12.8949], [78.0565, 12.8945], [78.0567, 12.8935], [78.0566, 12.8928], [78.0565, 12.8922], [78.0559, 12.8908], [78.0553, 12.8897], [78.0542, 12.8883], [78.0527, 12.8879], [78.0507, 12.8862], [78.0502, 12.8855], [78.0485, 12.8855], [78.0485, 12.8849], [78.0464, 12.885], [78.0448, 12.8851], [78.0447, 12.8842], [78.0443, 12.883], [78.044, 12.8819], [78.0439, 12.881], [78.0441, 12.88], [78.0437, 12.8789], [78.0434, 12.8777], [78.0434, 12.8769], [78.0439, 12.876], [78.0439, 12.8754], [78.0418, 12.8757], [78.0399, 12.8758], [78.0382, 12.8753], [78.0373, 12.8751], [78.0361, 12.8753], [78.0356, 12.8743], [78.0356, 12.8732], [78.0356, 12.8717], [78.0349, 12.8706], [78.0342, 12.8685], [78.0328, 12.8684], [78.0295, 12.8688], [78.0284, 12.869], [78.0265, 12.8694], [78.0255, 12.8702], [78.0253, 12.8699], [78.0244, 12.8697], [78.0236, 12.8696], [78.0229, 12.8698], [78.0223, 12.8704], [78.0216, 12.8708], [78.021, 12.8712], [78.0208, 12.8718], [78.0205, 12.8724], [78.0195, 12.8726], [78.0188, 12.8727], [78.0182, 12.8727], [78.0176, 12.873], [78.0173, 12.8728], [78.0171, 12.873], [78.0155, 12.8738], [78.0135, 12.8771], [78.0125, 12.8788], [78.0125, 12.8787], [78.0115, 12.8781], [78.0097, 12.8777], [78.0081, 12.8778], [78.0072, 12.8765], [78.0061, 12.8778], [78.0063, 12.8783], [78.0072, 12.8802], [78.0077, 12.8816], [78.0072, 12.8823], [78.0055, 12.8834], [78.0055, 12.8845], [78.0048, 12.8845], [78.0034, 12.8844], [78.0021, 12.8845], [78.0016, 12.8849], [78.0014, 12.8855], [78.0011, 12.8861], [78.0005, 12.8861], [77.9999, 12.8856], [77.9993, 12.8851], [77.9989, 12.8846], [77.9985, 12.8844], [77.9982, 12.8844], [77.998, 12.8849], [77.9979, 12.8849], [77.9977, 12.8849], [77.997, 12.8846], [77.9952, 12.8834], [77.9942, 12.8828], [77.9934, 12.8823], [77.9924, 12.8823], [77.9922, 12.8824], [77.9916, 12.8824], [77.9912, 12.8827], [77.9906, 12.8831], [77.9902, 12.8835], [77.9899, 12.8837], [77.9895, 12.8846], [77.9892, 12.8855], [77.989, 12.8861], [77.9885, 12.8859], [77.9884, 12.8864], [77.9879, 12.8878], [77.9874, 12.889], [77.9872, 12.8898], [77.9864, 12.8918], [77.9874, 12.8937], [77.9881, 12.8957], [77.9879, 12.8969], [77.9878, 12.8982], [77.9877, 12.8991], [77.9876, 12.9006], [77.9875, 12.9023], [77.9875, 12.9043], [77.9877, 12.9055], [77.9879, 12.9073], [77.9881, 12.9084], [77.9882, 12.9091], [77.9883, 12.9098], [77.9884, 12.9107], [77.9886, 12.9119], [77.9888, 12.913], [77.9898, 12.9126], [77.9912, 12.9119], [77.9926, 12.9112], [77.994, 12.9105], [77.9959, 12.9095], [77.9975, 12.908], [77.9989, 12.9071], [78.0012, 12.9061], [78.0035, 12.9049], [78.0054, 12.9041], [78.0088, 12.9021], [78.0089, 12.9028], [78.0114, 12.906], [78.0124, 12.9068], [78.0125, 12.9068], [78.0128, 12.9064], [78.0154, 12.9092], [78.0157, 12.9098], [78.0162, 12.9094], [78.0167, 12.9088], [78.0174, 12.9087], [78.0182, 12.9088], [78.0187, 12.9089], [78.019, 12.9091], [78.0194, 12.9098], [78.0195, 12.9109], [78.0194, 12.9129], [78.0198, 12.9139], [78.0209, 12.9155], [78.0219, 12.9164], [78.023, 12.917], [78.0239, 12.9173], [78.0238, 12.9156], [78.0241, 12.9148], [78.025, 12.9142], [78.0266, 12.914], [78.0298, 12.9146], [78.0322, 12.9155], [78.0325, 12.9154], [78.0325, 12.9153], [78.0323, 12.9145], [78.0316, 12.9137], [78.0305, 12.912], [78.0296, 12.9108], [78.0289, 12.91], [78.0289, 12.9096], [78.0303, 12.9085], [78.0312, 12.908], [78.0317, 12.9076], [78.0321, 12.9069], [78.0312, 12.9053], [78.0305, 12.9044], [78.0304, 12.9037], [78.031, 12.9029], [78.0325, 12.9021], [78.0334, 12.9019], [78.0346, 12.9015], [78.0339, 12.9032], [78.0346, 12.9039], [78.0359, 12.9052], [78.0374, 12.9062], [78.0389, 12.9064], [78.0389, 12.907], [78.0394, 12.9065], [78.0406, 12.9057], [78.0417, 12.9065], [78.0427, 12.9076], [78.044, 12.9084], [78.0458, 12.9088], [78.0465, 12.9094], [78.0465, 12.9099], [78.0472, 12.9096], [78.0485, 12.9093], [78.049, 12.9096], [78.0495, 12.9108], [78.0499, 12.9111], [78.0509, 12.91], [78.052, 12.9098], [78.053, 12.9104], [78.054, 12.911], [78.0551, 12.9112], [78.0552, 12.9112], [78.0554, 12.9137], [78.0553, 12.9165], [78.0552, 12.9186], [78.0548, 12.9204], [78.0533, 12.9215], [78.0515, 12.9224], [78.0508, 12.9227], [78.0504, 12.9243], [78.05, 12.9267], [78.0503, 12.9276], [78.0509, 12.9285], [78.0513, 12.9294], [78.0515, 12.9307], [78.0517, 12.9314], [78.0518, 12.9321], [78.0521, 12.9334], [78.0524, 12.9361], [78.0533, 12.9358], [78.0544, 12.9353], [78.0552, 12.9348], [78.056, 12.9342]]]}, "properties": {"OBJECTID": 230232, "gpcode": "218969", "gpname": "HASANDAHALLI", "stname": "KARNATAKA", "dtname": "Kolar", "sdtname": "Malur", "stcode11": "29", "dtcode11": "581", "sdtcode11": "05592", "blklgdcode": "5871", "blkname": "MALUR", "dt_lgd": 542, "sdt_lgd": 5592, "st_lgd": 29, "vilcode11": 0, "vilname11": "", "pan_local": "MALUR", "b_pan_code": 6202, "b_pan_name": "MALUR", "d_pan_code": 497, "d_pan_name": "KOLAR", "gp_code": "218969", "gp_name": "HASANDAHALLI", "st_2011": "29", "dt_2011": "581", "sdt_2011": "05592", "subdtname": "Malur", "block_name": "MALUR", "blk_lgdcod": "5871", "dtcode14": "581", "SHAPE_Length": 38409.183143472306, "SHAPE_Area": 30805037.016213343}}, {"type": "Feature", "geometry": {"type": "Polygon", "coordinates": [[[78.0563, 12.9757], [78.0576, 12.9747], [78.0583, 12.9739], [78.0582, 12.9728], [78.0585, 12.9712], [78.0582, 12.9702], [78.0586, 12.9689], [78.0597, 12.9686], [78.0597, 12.9672], [78.059, 12.9673], [78.0579, 12.9676], [78.0569, 12.9678], [78.0562, 12.968], [78.0555, 12.968], [78.054, 12.968], [78.0529, 12.9679], [78.0523, 12.9677], [78.0515, 12.9672], [78.0504, 12.9671], [78.05, 12.9669], [78.0493, 12.9682], [78.0481, 12.9702], [78.0483, 12.9717], [78.0484, 12.9723], [78.0489, 12.9732], [78.0491, 12.9743], [78.0493, 12.9746], [78.0495, 12.975], [78.0504, 12.975], [78.0515, 12.975], [78.0525, 12.9753], [78.0531, 12.9755], [78.0536, 12.9754], [78.0542, 12.9753], [78.0551, 12.9755], [78.0559, 12.9757], [78.0562, 12.9757], [78.0563, 12.9757]]]}, "properties": {"OBJECTID": 230233, "gpcode": "218970", "gpname": "HULADENAHALLI", "stname": "KARNATAKA", "dtname": "Kolar", "sdtname": "Malur", "stcode11": "29", "dtcode11": "581", "sdtcode11": "05592", "blklgdcode": "5871", "blkname": "MALUR", "dt_lgd": 542, "sdt_lgd": 5592, "st_lgd": 29, "vilcode11": 0, "vilname11": "", "pan_local": "MALUR", "b_pan_code": 6202, "b_pan_name": "MALUR", "d_pan_code": 497, "d_pan_name": "KOLAR", "gp_code": "218970", "gp_name": "HULADENAHALLI", "st_2011": "29", "dt_2011": "581", "sdt_2011": "05592", "subdtname": "Malur", "block_name": "MALUR", "blk_lgdcod": "5871", "dtcode14": "581", "SHAPE_Length": 4072.690989973426, "SHAPE_Area": 943790.2308579112}}, {"type": "Feature", "geometry": {"type": "Polygon", "coordinates": [[[78.0249, 12.9729], [78.0257, 12.9728], [78.0265, 12.9729], [78.0273, 12.9728], [78.0278, 12.9727], [78.0284, 12.9728], [78.0288, 12.973], [78.0295, 12.9732], [78.0302, 12.9734], [78.0307, 12.9735], [78.0311, 12.9735], [78.0312, 12.9734], [78.0315, 12.9729], [78.0318, 12.9722], [78.0321, 12.9713], [78.0323, 12.9704], [78.0325, 12.9697], [78.0327, 12.9692], [78.0328, 12.9687], [78.0331, 12.9687], [78.0333, 12.9685], [78.0344, 12.9685], [78.0352, 12.9687], [78.0359, 12.9688], [78.0364, 12.9688], [78.0367, 12.9683], [78.0367, 12.9677], [78.0369, 12.9668], [78.037, 12.9662], [78.037, 12.965], [78.0371, 12.9642], [78.0373, 12.9636], [78.0382, 12.9635], [78.0388, 12.9636], [78.0391, 12.9637], [78.0394, 12.9642], [78.0395, 12.9645], [78.0398, 12.9649], [78.0402, 12.9653], [78.041, 12.9657], [78.0417, 12.9659], [78.043, 12.9664], [78.0443, 12.9667], [78.0454, 12.9666], [78.0472, 12.9666], [78.0483, 12.9666], [78.0493, 12.9667], [78.0499, 12.9669], [78.0502, 12.9652], [78.0502, 12.964], [78.0499, 12.9623], [78.0502, 12.9613], [78.0497, 12.9597], [78.0488, 12.9583], [78.048, 12.9564], [78.0475, 12.9541], [78.048, 12.9527], [78.0485, 12.951], [78.0496, 12.9518], [78.0508, 12.9522], [78.0518, 12.9524], [78.053, 12.9521], [78.0539, 12.9517], [78.0545, 12.9513], [78.0549, 12.9515], [78.0554, 12.9519], [78.0558, 12.9522], [78.0565, 12.9527], [78.0579, 12.9524], [78.0596, 12.9516], [78.0602, 12.9514], [78.0606, 12.9523], [78.0619, 12.9526], [78.0632, 12.9535], [78.0638, 12.9526], [78.0663, 12.9524], [78.0663, 12.9515], [78.0663, 12.951], [78.0665, 12.9507], [78.0667, 12.9504], [78.0674, 12.9502], [78.0672, 12.9498], [78.0675, 12.9496], [78.0677, 12.949], [78.0675, 12.9484], [78.0675, 12.948], [78.0651, 12.9473], [78.0628, 12.9472], [78.0606, 12.9465], [78.0607, 12.946], [78.0612, 12.9459], [78.0621, 12.9448], [78.0625, 12.9434], [78.0624, 12.9421], [78.0618, 12.9411], [78.061, 12.9424], [78.0599, 12.942], [78.0594, 12.9403], [78.0589, 12.9398], [78.057, 12.9396], [78.0579, 12.9379], [78.0581, 12.9371], [78.0578, 12.9362], [78.0578, 12.9361], [78.0574, 12.9346], [78.0572, 12.9337], [78.0566, 12.9333], [78.056, 12.9333], [78.056, 12.9342], [78.0552, 12.9348], [78.0544, 12.9353], [78.0533, 12.9358], [78.0524, 12.9361], [78.0521, 12.9334], [78.0518, 12.9321], [78.0517, 12.9314], [78.0487, 12.9303], [78.0468, 12.9304], [78.0451, 12.9306], [78.0426, 12.9307], [78.0423, 12.9307], [78.0405, 12.9291], [78.0382, 12.9335], [78.0343, 12.9344], [78.0287, 12.9333], [78.0292, 12.9341], [78.0302, 12.9349], [78.0311, 12.9356], [78.0326, 12.9368], [78.0328, 12.9371], [78.0336, 12.9379], [78.0347, 12.9388], [78.0341, 12.939], [78.0334, 12.9394], [78.0324, 12.9403], [78.0322, 12.9406], [78.0316, 12.9411], [78.0311, 12.9415], [78.0307, 12.942], [78.0297, 12.943], [78.0287, 12.9439], [78.0282, 12.9445], [78.0271, 12.9454], [78.0267, 12.9454], [78.0264, 12.9454], [78.0257, 12.9453], [78.0253, 12.9453], [78.0249, 12.9455], [78.0247, 12.9461], [78.0246, 12.9464], [78.0244, 12.9466], [78.0243, 12.9469], [78.0239, 12.9472], [78.0233, 12.9476], [78.0229, 12.9479], [78.0214, 12.9483], [78.0206, 12.9488], [78.0199, 12.9495], [78.0194, 12.95], [78.0192, 12.9502], [78.0184, 12.9507], [78.0184, 12.9502], [78.0183, 12.9497], [78.0182, 12.9487], [78.0182, 12.9483], [78.0177, 12.9471], [78.0174, 12.9457], [78.0181, 12.9456], [78.0184, 12.9456], [78.019, 12.9451], [78.0194, 12.9448], [78.0199, 12.9438], [78.0203, 12.9431], [78.0204, 12.9426], [78.0205, 12.9421], [78.0207, 12.9414], [78.0209, 12.941], [78.0212, 12.9406], [78.021, 12.9405], [78.021, 12.9406], [78.0196, 12.9414], [78.0187, 12.9426], [78.0177, 12.9435], [78.0175, 12.9437], [78.0147, 12.9445], [78.0124, 12.9415], [78.0115, 12.9383], [78.0105, 12.9385], [78.009, 12.9389], [78.0091, 12.9367], [78.0091, 12.9357], [78.0091, 12.9352], [78.0091, 12.9344], [78.0086, 12.934], [78.0082, 12.9336], [78.0071, 12.9328], [78.0067, 12.9323], [78.0059, 12.9317], [78.0054, 12.931], [78.005, 12.9304], [78.0047, 12.9296], [78.0047, 12.9292], [78.0048, 12.9286], [78.005, 12.9284], [78.0045, 12.928], [78.0036, 12.9279], [78.0027, 12.9281], [78.0013, 12.9284], [77.9998, 12.9291], [77.9989, 12.9296], [77.9983, 12.93], [77.9967, 12.9302], [77.9951, 12.9304], [77.9933, 12.9315], [77.9913, 12.9328], [77.9901, 12.9335], [77.9891, 12.9333], [77.9867, 12.933], [77.9861, 12.9328], [77.9861, 12.9336], [77.9861, 12.9359], [77.9862, 12.9376], [77.986, 12.9381], [77.986, 12.9387], [77.9859, 12.9397], [77.986, 12.9405], [77.9859, 12.9415], [77.9858, 12.9423], [77.9857, 12.9436], [77.9857, 12.9442], [77.9862, 12.9458], [77.9865, 12.9469], [77.9867, 12.9475], [77.9868, 12.9482], [77.9869, 12.9491], [77.9871, 12.9501], [77.9872, 12.9505], [77.9877, 12.9512], [77.988, 12.9515], [77.9893, 12.9517], [77.9902, 12.9518], [77.992, 12.9546], [77.9933, 12.9569], [77.9939, 12.9578], [77.9951, 12.959], [77.996, 12.9603], [77.9973, 12.9622], [77.9988, 12.9615], [78.0013, 12.9616], [78.0024, 12.9614], [78.003, 12.9626], [78.0035, 12.9639], [78.0038, 12.9647], [78.0044, 12.9648], [78.0051, 12.9648], [78.006, 12.9649], [78.0075, 12.9649], [78.0083, 12.9647], [78.0093, 12.9646], [78.0117, 12.9649], [78.0135, 12.9637], [78.0149, 12.9616], [78.0153, 12.9639], [78.0163, 12.9649], [78.0191, 12.9666], [78.0198, 12.9681], [78.0202, 12.9682], [78.0211, 12.9703], [78.0216, 12.9726], [78.0229, 12.9724], [78.024, 12.9751], [78.0261, 12.9771], [78.0259, 12.9757], [78.0249, 12.9729]]]}, "properties": {"OBJECTID": 230234, "gpcode": "218970", "gpname": "HULADENAHALLI", "stname": "KARNATAKA", "dtname": "Kolar", "sdtname": "Malur", "stcode11": "29", "dtcode11": "581", "sdtcode11": "05592", "blklgdcode": "5871", "blkname": "MALUR", "dt_lgd": 542, "sdt_lgd": 5592, "st_lgd": 29, "vilcode11": 0, "vilname11": "", "pan_local": "MALUR", "b_pan_code": 6202, "b_pan_name": "MALUR", "d_pan_code": 497, "d_pan_name": "KOLAR", "gp_code": "218970", "gp_name": "HULADENAHALLI", "st_2011": "29", "dt_2011": "581", "sdt_2011": "05592", "subdtname": "Malur", "block_name": "MALUR", "blk_lgdcod": "5871", "dtcode14": "581", "SHAPE_Length": 35418.197688716646, "SHAPE_Area": 25977543.23736918}}, {"type": "Feature", "geometry": {"type": "Polygon", "coordinates": [[[77.9212, 12.9649], [77.9215, 12.9635], [77.9218, 12.962], [77.9222, 12.9604], [77.9224, 12.9593], [77.9225, 12.9576], [77.9227, 12.956], [77.9227, 12.9546], [77.9227, 12.9543], [77.9227, 12.9532], [77.9228, 12.9531], [77.9245, 12.9519], [77.9254, 12.9513], [77.9265, 12.9505], [77.9276, 12.9497], [77.9282, 12.9494], [77.9287, 12.949], [77.9294, 12.9485], [77.9294, 12.9478], [77.9293, 12.9475], [77.9291, 12.9464], [77.929, 12.9455], [77.9289, 12.945], [77.9287, 12.9444], [77.9284, 12.9436], [77.9281, 12.9436], [77.9273, 12.9434], [77.926, 12.9434], [77.9243, 12.9434], [77.9219, 12.9434], [77.9205, 12.9434], [77.9189, 12.9433], [77.9182, 12.9433], [77.9176, 12.9435], [77.9175, 12.9433], [77.9174, 12.9428], [77.9168, 12.9418], [77.916, 12.9405], [77.915, 12.9388], [77.9138, 12.9392], [77.9126, 12.9391], [77.9118, 12.9393], [77.9123, 12.9422], [77.9125, 12.9452], [77.9121, 12.9471], [77.9116, 12.9472], [77.9109, 12.9475], [77.9099, 12.9479], [77.9087, 12.9485], [77.9074, 12.9492], [77.9072, 12.9487], [77.9071, 12.9486], [77.9066, 12.9485], [77.9055, 12.9486], [77.9043, 12.9487], [77.9033, 12.9489], [77.9023, 12.9489], [77.9011, 12.949], [77.9001, 12.9491], [77.8999, 12.949], [77.8992, 12.9485], [77.8981, 12.9477], [77.8971, 12.9468], [77.8969, 12.9468], [77.8965, 12.9468], [77.8959, 12.9468], [77.8946, 12.947], [77.8947, 12.9465], [77.8948, 12.946], [77.8947, 12.946], [77.8939, 12.9463], [77.8933, 12.9464], [77.8929, 12.9464], [77.8914, 12.9461], [77.8902, 12.946], [77.8896, 12.9458], [77.8894, 12.9457], [77.8887, 12.9449], [77.8885, 12.9446], [77.8882, 12.9439], [77.8881, 12.9435], [77.8881, 12.943], [77.8883, 12.9424], [77.8884, 12.942], [77.8885, 12.9412], [77.8886, 12.9406], [77.8895, 12.9398], [77.89, 12.9395], [77.889, 12.9392], [77.8885, 12.939], [77.8874, 12.9385], [77.8866, 12.9382], [77.8852, 12.9382], [77.8841, 12.9381], [77.883, 12.9382], [77.8822, 12.9382], [77.8809, 12.9381], [77.8801, 12.9381], [77.8794, 12.9382], [77.8781, 12.9382], [77.877, 12.9382], [77.876, 12.9392], [77.8755, 12.9396], [77.875, 12.9396], [77.8736, 12.9395], [77.8718, 12.9399], [77.8718, 12.9401], [77.8732, 12.9438], [77.8736, 12.9448], [77.8737, 12.9449], [77.8737, 12.9452], [77.8736, 12.9455], [77.873, 12.9458], [77.872, 12.9462], [77.8707, 12.9467], [77.87, 12.9473], [77.869, 12.9484], [77.8681, 12.9495], [77.8675, 12.9502], [77.8672, 12.9505], [77.8671, 12.9509], [77.8673, 12.9511], [77.8689, 12.9529], [77.8696, 12.9541], [77.8697, 12.9543], [77.8701, 12.9556], [77.8715, 12.9587], [77.873, 12.9586], [77.8736, 12.9585], [77.8739, 12.9586], [77.8745, 12.959], [77.8747, 12.9602], [77.8749, 12.9613], [77.8751, 12.9618], [77.8755, 12.9625], [77.8763, 12.9638], [77.8771, 12.9651], [77.8777, 12.9662], [77.8784, 12.9679], [77.8789, 12.969], [77.8794, 12.9699], [77.8796, 12.9702], [77.8802, 12.9712], [77.8806, 12.9716], [77.8807, 12.9718], [77.8811, 12.9728], [77.8817, 12.9739], [77.8823, 12.9747], [77.8828, 12.9742], [77.8837, 12.9731], [77.8843, 12.9725], [77.8846, 12.9723], [77.8864, 12.9715], [77.8876, 12.9709], [77.8881, 12.9708], [77.8886, 12.9708], [77.8902, 12.9708], [77.8903, 12.9707], [77.8908, 12.9704], [77.891, 12.9703], [77.8918, 12.9704], [77.8936, 12.9705], [77.8948, 12.9707], [77.8946, 12.9699], [77.8945, 12.9692], [77.8951, 12.9691], [77.8956, 12.9688], [77.8973, 12.9699], [77.8986, 12.9712], [77.8996, 12.9725], [77.9017, 12.9748], [77.9028, 12.976], [77.9038, 12.9775], [77.9051, 12.9767], [77.9062, 12.976], [77.9079, 12.9749], [77.9091, 12.974], [77.9094, 12.9738], [77.91, 12.9736], [77.9109, 12.9735], [77.9121, 12.9734], [77.9135, 12.9732], [77.9128, 12.9719], [77.9118, 12.9701], [77.9125, 12.9686], [77.9128, 12.9679], [77.9133, 12.9667], [77.9139, 12.9657], [77.9143, 12.9649], [77.9144, 12.9647], [77.916, 12.9657], [77.9167, 12.9661], [77.9172, 12.9663], [77.9182, 12.9666], [77.9193, 12.9687], [77.9207, 12.9711], [77.9218, 12.973], [77.9233, 12.9755], [77.9239, 12.9766], [77.9246, 12.9779], [77.9249, 12.9783], [77.9252, 12.9789], [77.9254, 12.979], [77.9258, 12.9794], [77.9263, 12.9791], [77.9269, 12.9786], [77.927, 12.9784], [77.9274, 12.9777], [77.9276, 12.9771], [77.9272, 12.9766], [77.9263, 12.9756], [77.9257, 12.9749], [77.925, 12.974], [77.9242, 12.9732], [77.9235, 12.9723], [77.9225, 12.9715], [77.9217, 12.9707], [77.9204, 12.969], [77.9204, 12.9687], [77.9205, 12.968], [77.9209, 12.9664], [77.9212, 12.9649]]]}, "properties": {"OBJECTID": 230235, "gpcode": "218971", "gpname": "HULIMANGALA HOSAKOTE (H.HOSAKOTE)", "stname": "KARNATAKA", "dtname": "Kolar", "sdtname": "Malur", "stcode11": "29", "dtcode11": "581", "sdtcode11": "05592", "blklgdcode": "5871", "blkname": "MALUR", "dt_lgd": 542, "sdt_lgd": 5592, "st_lgd": 29, "vilcode11": 0, "vilname11": "", "pan_local": "MALUR", "b_pan_code": 6202, "b_pan_name": "MALUR", "d_pan_code": 497, "d_pan_name": "KOLAR", "gp_code": "218971", "gp_name": "HULIMANGALA HOSAKOTE (H.HOSAKOTE)", "st_2011": "29", "dt_2011": "581", "sdt_2011": "05592", "subdtname": "Malur", "block_name": "MALUR", "blk_lgdcod": "5871", "dtcode14": "581", "SHAPE_Length": 26576.48494711745, "SHAPE_Area": 18262102.310540017}}, {"type": "Feature", "geometry": {"type": "Polygon", "coordinates": [[[77.9999, 13.0587], [78.0002, 13.0584], [78.0005, 13.0586], [78.0013, 13.0577], [78.0012, 13.0568], [78.0002, 13.0537], [78.0003, 13.0531], [78.0008, 13.052], [78.0004, 13.0515], [77.9996, 13.051], [77.9992, 13.0502], [77.9991, 13.0493], [77.9988, 13.0484], [77.9975, 13.0454], [77.9962, 13.0445], [77.9951, 13.0436], [77.9979, 13.0431], [77.9988, 13.0423], [77.9992, 13.0423], [78.0001, 13.0426], [78.0002, 13.0435], [78.0008, 13.0435], [78.0012, 13.0423], [78.0026, 13.0425], [78.0026, 13.0423], [78.0029, 13.0405], [78.0041, 13.039], [78.006, 13.0365], [78.0049, 13.0361], [78.0019, 13.035], [78.0, 13.0343], [77.9988, 13.0336], [77.9973, 13.0339], [77.9964, 13.034], [77.9952, 13.0342], [77.9942, 13.0346], [77.9937, 13.035], [77.9912, 13.0363], [77.9893, 13.0375], [77.9862, 13.0391], [77.9835, 13.0406], [77.983, 13.0406], [77.9829, 13.0389], [77.9828, 13.0365], [77.9831, 13.0359], [77.9831, 13.0354], [77.9829, 13.0331], [77.9827, 13.0305], [77.9825, 13.0282], [77.9822, 13.0256], [77.9816, 13.0258], [77.979, 13.0259], [77.9774, 13.026], [77.9773, 13.0252], [77.9772, 13.024], [77.9771, 13.023], [77.977, 13.0223], [77.9767, 13.0212], [77.9775, 13.0209], [77.9774, 13.0198], [77.9773, 13.0187], [77.9772, 13.0173], [77.9771, 13.0163], [77.977, 13.0155], [77.977, 13.0153], [77.9736, 13.0141], [77.9723, 13.0154], [77.972, 13.0157], [77.9712, 13.0152], [77.9707, 13.015], [77.9703, 13.0149], [77.97, 13.015], [77.9696, 13.0151], [77.9692, 13.0154], [77.969, 13.0156], [77.9678, 13.0144], [77.9666, 13.0151], [77.9642, 13.0135], [77.963, 13.0127], [77.9618, 13.0119], [77.9614, 13.0116], [77.9612, 13.0113], [77.9597, 13.0115], [77.959, 13.0116], [77.9588, 13.0116], [77.9587, 13.0131], [77.9586, 13.0165], [77.9577, 13.0166], [77.9552, 13.0173], [77.9526, 13.0179], [77.9502, 13.0191], [77.9483, 13.0199], [77.946, 13.021], [77.9463, 13.0216], [77.9468, 13.0227], [77.9471, 13.0235], [77.9476, 13.0246], [77.9481, 13.0257], [77.9484, 13.0264], [77.9483, 13.0265], [77.9472, 13.029], [77.9469, 13.0297], [77.9461, 13.0316], [77.9467, 13.0321], [77.9466, 13.0332], [77.946, 13.0334], [77.9464, 13.0336], [77.947, 13.0342], [77.9476, 13.0347], [77.9486, 13.0354], [77.9488, 13.0356], [77.9496, 13.0362], [77.9506, 13.037], [77.9507, 13.0374], [77.9507, 13.0379], [77.9507, 13.0385], [77.9506, 13.0394], [77.9516, 13.0401], [77.9531, 13.0411], [77.9547, 13.0421], [77.9549, 13.0429], [77.9555, 13.0444], [77.9559, 13.0459], [77.9565, 13.0475], [77.9572, 13.0498], [77.9581, 13.0494], [77.9597, 13.0485], [77.9616, 13.0476], [77.9638, 13.0465], [77.9646, 13.0461], [77.9666, 13.0452], [77.9684, 13.0447], [77.9694, 13.0445], [77.9702, 13.0445], [77.9706, 13.0481], [77.9726, 13.0491], [77.973, 13.0493], [77.974, 13.0519], [77.9744, 13.053], [77.976, 13.0529], [77.9775, 13.0529], [77.9789, 13.0528], [77.9801, 13.0534], [77.981, 13.0539], [77.9809, 13.0553], [77.9817, 13.0556], [77.9838, 13.0566], [77.9843, 13.0569], [77.9847, 13.0572], [77.987, 13.0569], [77.989, 13.0565], [77.9907, 13.0562], [77.9922, 13.0559], [77.9927, 13.0553], [77.9933, 13.0547], [77.9938, 13.0543], [77.9943, 13.054], [77.995, 13.0539], [77.996, 13.0538], [77.9964, 13.0538], [77.9964, 13.0546], [77.9964, 13.0553], [77.9964, 13.0557], [77.9965, 13.0562], [77.9965, 13.0565], [77.9968, 13.0567], [77.9971, 13.0568], [77.9975, 13.057], [77.9977, 13.0569], [77.998, 13.0569], [77.9983, 13.0571], [77.9988, 13.0585], [77.9996, 13.0583], [77.9999, 13.0587]]]}, "properties": {"OBJECTID": 230236, "gpcode": "218972", "gpname": "HUNGENAHALLI", "stname": "KARNATAKA", "dtname": "Kolar", "sdtname": "Malur", "stcode11": "29", "dtcode11": "581", "sdtcode11": "05592", "blklgdcode": "5871", "blkname": "MALUR", "dt_lgd": 542, "sdt_lgd": 5592, "st_lgd": 29, "vilcode11": 0, "vilname11": "", "pan_local": "MALUR", "b_pan_code": 6202, "b_pan_name": "MALUR", "d_pan_code": 497, "d_pan_name": "KOLAR", "gp_code": "218972", "gp_name": "HUNGENAHALLI", "st_2011": "29", "dt_2011": "581", "sdt_2011": "05592", "subdtname": "Malur", "block_name": "MALUR", "blk_lgdcod": "5871", "dtcode14": "581", "SHAPE_Length": 25222.44694587655, "SHAPE_Area": 17992118.5016801}}, {"type": "Feature", "geometry": {"type": "Polygon", "coordinates": [[[77.9284, 12.9436], [77.929, 12.9422], [77.9298, 12.9404], [77.9305, 12.9393], [77.9317, 12.9377], [77.9326, 12.9368], [77.9343, 12.9353], [77.9352, 12.9343], [77.9347, 12.9332], [77.9341, 12.932], [77.9332, 12.9301], [77.9325, 12.9288], [77.9318, 12.9272], [77.9313, 12.9261], [77.9312, 12.9255], [77.9308, 12.9241], [77.9298, 12.924], [77.929, 12.9239], [77.9298, 12.9209], [77.9291, 12.9208], [77.9276, 12.9206], [77.9269, 12.9205], [77.9253, 12.9201], [77.9246, 12.9199], [77.9248, 12.9192], [77.9251, 12.9182], [77.9252, 12.918], [77.9256, 12.9181], [77.9262, 12.9183], [77.9262, 12.9179], [77.926, 12.9169], [77.9256, 12.915], [77.9252, 12.913], [77.9247, 12.9108], [77.9243, 12.9086], [77.9239, 12.9066], [77.9237, 12.9054], [77.9233, 12.9033], [77.9229, 12.9013], [77.9227, 12.9002], [77.9248, 12.8994], [77.9265, 12.8985], [77.9266, 12.8985], [77.9269, 12.8984], [77.9277, 12.8979], [77.928, 12.8965], [77.9285, 12.8946], [77.9291, 12.8922], [77.9293, 12.8909], [77.928, 12.8907], [77.9264, 12.8903], [77.9251, 12.8901], [77.9239, 12.8882], [77.9232, 12.887], [77.9223, 12.8855], [77.9219, 12.8848], [77.9219, 12.8847], [77.9203, 12.8845], [77.9179, 12.8845], [77.9163, 12.8845], [77.9154, 12.8844], [77.9139, 12.8846], [77.9112, 12.8849], [77.9096, 12.8849], [77.9088, 12.8848], [77.9075, 12.8872], [77.907, 12.8884], [77.9064, 12.8896], [77.9053, 12.8897], [77.904, 12.8898], [77.9016, 12.8901], [77.8998, 12.8903], [77.8974, 12.8905], [77.8975, 12.8916], [77.8976, 12.8926], [77.8968, 12.8935], [77.8955, 12.8951], [77.8947, 12.8962], [77.8945, 12.8969], [77.8941, 12.8989], [77.8938, 12.9011], [77.8936, 12.9023], [77.8936, 12.9031], [77.8938, 12.9036], [77.8946, 12.9043], [77.8937, 12.9048], [77.8921, 12.9057], [77.8924, 12.9061], [77.8937, 12.9076], [77.8944, 12.9084], [77.8943, 12.9096], [77.8942, 12.9117], [77.8941, 12.914], [77.894, 12.9153], [77.8939, 12.9163], [77.8946, 12.9181], [77.8952, 12.9197], [77.8959, 12.9213], [77.8963, 12.9224], [77.8973, 12.9228], [77.8989, 12.9235], [77.9016, 12.9244], [77.9034, 12.925], [77.9044, 12.9254], [77.9052, 12.9256], [77.9046, 12.9259], [77.9042, 12.9262], [77.9037, 12.9267], [77.903, 12.9279], [77.9024, 12.9291], [77.9024, 12.9295], [77.9025, 12.9305], [77.9027, 12.9317], [77.9028, 12.9328], [77.9031, 12.935], [77.9051, 12.9347], [77.9064, 12.9346], [77.9099, 12.9342], [77.9102, 12.9352], [77.9109, 12.9371], [77.9114, 12.9386], [77.9118, 12.9393], [77.9126, 12.9391], [77.9138, 12.9392], [77.915, 12.9388], [77.916, 12.9405], [77.9168, 12.9418], [77.9174, 12.9428], [77.9175, 12.9433], [77.9176, 12.9435], [77.9182, 12.9433], [77.9189, 12.9433], [77.9205, 12.9434], [77.9219, 12.9434], [77.9243, 12.9434], [77.926, 12.9434], [77.9273, 12.9434], [77.9281, 12.9436], [77.9284, 12.9436]]]}, "properties": {"OBJECTID": 230237, "gpcode": "218973", "gpname": "JAYAMANGALA", "stname": "KARNATAKA", "dtname": "Kolar", "sdtname": "Malur", "stcode11": "29", "dtcode11": "581", "sdtcode11": "05592", "blklgdcode": "5871", "blkname": "MALUR", "dt_lgd": 542, "sdt_lgd": 5592, "st_lgd": 29, "vilcode11": 0, "vilname11": "", "pan_local": "MALUR", "b_pan_code": 6202, "b_pan_name": "MALUR", "d_pan_code": 497, "d_pan_name": "KOLAR", "gp_code": "218973", "gp_name": "JAYAMANGALA", "st_2011": "29", "dt_2011": "581", "sdt_2011": "05592", "subdtname": "Malur", "block_name": "MALUR", "blk_lgdcod": "5871", "dtcode14": "581", "SHAPE_Length": 21822.367721481864, "SHAPE_Area": 20497079.92245535}}, {"type": "Feature", "geometry": {"type": "Polygon", "coordinates": [[[78.0404, 12.9839], [78.0413, 12.9833], [78.0438, 12.9836], [78.0454, 12.9841], [78.0472, 12.9848], [78.0481, 12.9851], [78.0485, 12.9859], [78.0488, 12.9867], [78.0496, 12.9863], [78.0506, 12.9857], [78.051, 12.9855], [78.0521, 12.9853], [78.0534, 12.9851], [78.0545, 12.9847], [78.0552, 12.9845], [78.0557, 12.9844], [78.056, 12.9843], [78.0558, 12.9835], [78.056, 12.9825], [78.0574, 12.9818], [78.057, 12.9808], [78.0567, 12.9807], [78.0563, 12.9807], [78.0563, 12.9812], [78.0562, 12.9811], [78.0561, 12.9804], [78.0559, 12.9793], [78.0558, 12.979], [78.0561, 12.9785], [78.0564, 12.9772], [78.0563, 12.9762], [78.0562, 12.9757], [78.0559, 12.9757], [78.0551, 12.9755], [78.0542, 12.9753], [78.0536, 12.9754], [78.0531, 12.9755], [78.0525, 12.9753], [78.0515, 12.975], [78.0504, 12.975], [78.0495, 12.975], [78.0493, 12.9746], [78.0491, 12.9743], [78.0489, 12.9732], [78.0484, 12.9723], [78.0483, 12.9717], [78.0479, 12.9716], [78.0468, 12.9712], [78.0455, 12.9706], [78.0446, 12.9702], [78.0436, 12.9697], [78.0433, 12.9696], [78.0431, 12.9699], [78.0427, 12.9708], [78.0423, 12.9715], [78.042, 12.9727], [78.0416, 12.9739], [78.0416, 12.9746], [78.0413, 12.976], [78.0413, 12.9773], [78.0412, 12.9781], [78.0412, 12.9788], [78.0413, 12.98], [78.0409, 12.9804], [78.0402, 12.9811], [78.0394, 12.9817], [78.038, 12.9824], [78.0375, 12.9828], [78.0368, 12.9832], [78.036, 12.9837], [78.0356, 12.9842], [78.0351, 12.9849], [78.0348, 12.9856], [78.035, 12.9858], [78.036, 12.9871], [78.0363, 12.9876], [78.0366, 12.9879], [78.0368, 12.9878], [78.0377, 12.9866], [78.0388, 12.9854], [78.0404, 12.9839]]]}, "properties": {"OBJECTID": 230238, "gpcode": "218974", "gpname": "KAVALA GIRIYANA HALLI (K.G. HALLI)", "stname": "KARNATAKA", "dtname": "Kolar", "sdtname": "Malur", "stcode11": "29", "dtcode11": "581", "sdtcode11": "05592", "blklgdcode": "5871", "blkname": "MALUR", "dt_lgd": 542, "sdt_lgd": 5592, "st_lgd": 29, "vilcode11": 0, "vilname11": "", "pan_local": "MALUR", "b_pan_code": 6202, "b_pan_name": "MALUR", "d_pan_code": 497, "d_pan_name": "KOLAR", "gp_code": "218974", "gp_name": "KAVALA GIRIYANA HALLI (K.G. HALLI)", "st_2011": "29", "dt_2011": "581", "sdt_2011": "05592", "subdtname": "Malur", "block_name": "MALUR", "blk_lgdcod": "5871", "dtcode14": "581", "SHAPE_Length": 8212.96008369056, "SHAPE_Area": 2465776.9681731975}}, {"type": "Feature", "geometry": {"type": "Polygon", "coordinates": [[[78.0817, 13.034], [78.085, 13.0332], [78.0861, 13.0345], [78.087, 13.0356], [78.0887, 13.0368], [78.0891, 13.0365], [78.0898, 13.0355], [78.0904, 13.0334], [78.0961, 13.0331], [78.0981, 13.033], [78.0974, 13.0309], [78.1048, 13.0279], [78.1041, 13.0252], [78.1044, 13.0243], [78.1098, 13.0239], [78.1108, 13.0238], [78.1142, 13.0233], [78.1147, 13.0237], [78.1153, 13.0248], [78.1167, 13.0248], [78.1188, 13.0243], [78.1221, 13.0241], [78.1233, 13.0241], [78.1265, 13.0243], [78.1278, 13.0243], [78.1302, 13.0243], [78.133, 13.0242], [78.134, 13.0229], [78.1336, 13.022], [78.1333, 13.0211], [78.1328, 13.0196], [78.1325, 13.0177], [78.1322, 13.0167], [78.131, 13.0168], [78.1298, 13.0171], [78.1278, 13.0172], [78.1272, 13.0167], [78.127, 13.0159], [78.1266, 13.015], [78.1264, 13.0143], [78.1253, 13.0104], [78.1249, 13.0094], [78.124, 13.008], [78.1224, 13.006], [78.1203, 13.0045], [78.1176, 13.0025], [78.1181, 13.0043], [78.1179, 13.0068], [78.1172, 13.009], [78.116, 13.0107], [78.1148, 13.0122], [78.1117, 13.0112], [78.1096, 13.0107], [78.1083, 13.0104], [78.1047, 13.0082], [78.1013, 13.0061], [78.0993, 13.0061], [78.0979, 13.0057], [78.0979, 13.0031], [78.0996, 13.0013], [78.0993, 13.0012], [78.0983, 13.0006], [78.097, 12.9997], [78.0939, 12.9981], [78.0909, 12.9966], [78.0889, 12.9953], [78.0875, 12.9949], [78.0846, 12.9936], [78.0824, 12.9926], [78.0812, 12.9918], [78.0803, 12.9922], [78.0792, 12.9922], [78.0788, 12.9908], [78.0779, 12.9886], [78.0777, 12.9873], [78.0777, 12.9863], [78.0759, 12.9864], [78.0746, 12.9864], [78.0738, 12.9862], [78.0728, 12.985], [78.0727, 12.9842], [78.0723, 12.9829], [78.0714, 12.9822], [78.0707, 12.9814], [78.0702, 12.9806], [78.0696, 12.9804], [78.069, 12.9796], [78.0692, 12.9789], [78.0681, 12.978], [78.0668, 12.9784], [78.0652, 12.9785], [78.0651, 12.9785], [78.064, 12.9783], [78.0627, 12.9784], [78.0629, 12.9787], [78.0634, 12.98], [78.0633, 12.981], [78.0645, 12.981], [78.0651, 12.9817], [78.0657, 12.9828], [78.0657, 12.9833], [78.0658, 12.9839], [78.0652, 12.9847], [78.0644, 12.9855], [78.0642, 12.9858], [78.0639, 12.9861], [78.0633, 12.9863], [78.0625, 12.9859], [78.0616, 12.9851], [78.0609, 12.9845], [78.0602, 12.9843], [78.0595, 12.9838], [78.0595, 12.9829], [78.0599, 12.9815], [78.0596, 12.9819], [78.0589, 12.9828], [78.058, 12.9838], [78.0579, 12.9848], [78.0579, 12.9853], [78.058, 12.9858], [78.0581, 12.9862], [78.0587, 12.9864], [78.0593, 12.9867], [78.0595, 12.9868], [78.0607, 12.9875], [78.0618, 12.9877], [78.0626, 12.9881], [78.063, 12.9883], [78.0636, 12.9886], [78.0647, 12.9889], [78.0663, 12.989], [78.0675, 12.9891], [78.0684, 12.9894], [78.0691, 12.9897], [78.0696, 12.9902], [78.069, 12.9905], [78.0684, 12.991], [78.0681, 12.9913], [78.0675, 12.9923], [78.0674, 12.9925], [78.067, 12.9936], [78.0664, 12.9946], [78.066, 12.9954], [78.0657, 12.9962], [78.0652, 12.9966], [78.065, 12.9974], [78.0646, 12.9978], [78.0644, 12.9981], [78.0632, 12.9982], [78.0617, 12.9983], [78.0605, 12.9982], [78.0599, 12.9985], [78.0601, 12.9989], [78.0601, 12.9993], [78.0599, 12.9993], [78.0594, 12.9995], [78.0595, 12.9997], [78.0596, 13.0001], [78.0596, 13.0005], [78.0595, 13.0009], [78.0595, 13.0015], [78.0589, 13.0018], [78.0589, 13.0021], [78.0589, 13.0026], [78.0579, 13.0028], [78.058, 13.0033], [78.0586, 13.0037], [78.0588, 13.0038], [78.0593, 13.004], [78.0596, 13.0041], [78.06, 13.0044], [78.0601, 13.0048], [78.0606, 13.0056], [78.0611, 13.0072], [78.0613, 13.0076], [78.0609, 13.0084], [78.0612, 13.0085], [78.0615, 13.0082], [78.0697, 13.0116], [78.0694, 13.0124], [78.0694, 13.013], [78.069, 13.0139], [78.0701, 13.0166], [78.0707, 13.017], [78.0717, 13.0183], [78.0723, 13.0201], [78.0733, 13.0214], [78.0737, 13.0228], [78.0741, 13.0248], [78.0741, 13.0285], [78.0741, 13.0316], [78.0718, 13.0316], [78.0701, 13.0315], [78.0709, 13.0345], [78.072, 13.038], [78.0727, 13.0398], [78.073, 13.042], [78.0733, 13.043], [78.074, 13.0443], [78.079, 13.0434], [78.0774, 13.0358], [78.0817, 13.034]]]}, "properties": {"OBJECTID": 230239, "gpcode": "218974", "gpname": "KAVALA GIRIYANA HALLI (K.G. HALLI)", "stname": "KARNATAKA", "dtname": "Kolar", "sdtname": "Malur", "stcode11": "29", "dtcode11": "581", "sdtcode11": "05592", "blklgdcode": "5871", "blkname": "MALUR", "dt_lgd": 542, "sdt_lgd": 5592, "st_lgd": 29, "vilcode11": 0, "vilname11": "", "pan_local": "MALUR", "b_pan_code": 6202, "b_pan_name": "MALUR", "d_pan_code": 497, "d_pan_name": "KOLAR", "gp_code": "218974", "gp_name": "KAVALA GIRIYANA HALLI (K.G. HALLI)", "st_2011": "29", "dt_2011": "581", "sdt_2011": "05592", "subdtname": "Malur", "block_name": "MALUR", "blk_lgdcod": "5871", "dtcode14": "581", "SHAPE_Length": 34623.183136877735, "SHAPE_Area": 24590586.2120832}}, {"type": "Feature", "geometry": {"type": "Polygon", "coordinates": [[[78.0695, 13.0462], [78.074, 13.0443], [78.0733, 13.043], [78.073, 13.042], [78.0727, 13.0398], [78.072, 13.038], [78.0709, 13.0345], [78.0701, 13.0315], [78.0718, 13.0316], [78.0741, 13.0316], [78.0741, 13.0285], [78.0741, 13.0248], [78.0737, 13.0228], [78.0733, 13.0214], [78.0723, 13.0201], [78.0717, 13.0183], [78.0707, 13.017], [78.0701, 13.0166], [78.069, 13.0139], [78.0694, 13.013], [78.0694, 13.0124], [78.0697, 13.0116], [78.0615, 13.0082], [78.0612, 13.0085], [78.0609, 13.0084], [78.0613, 13.0076], [78.0611, 13.0072], [78.0606, 13.0056], [78.0601, 13.0048], [78.06, 13.0044], [78.0596, 13.0041], [78.0593, 13.004], [78.0588, 13.0038], [78.0586, 13.0037], [78.058, 13.0033], [78.0579, 13.0028], [78.0589, 13.0026], [78.0589, 13.0021], [78.0589, 13.0018], [78.0595, 13.0015], [78.0595, 13.0009], [78.0596, 13.0005], [78.0596, 13.0001], [78.0595, 12.9997], [78.0594, 12.9995], [78.0599, 12.9993], [78.0601, 12.9993], [78.0601, 12.9989], [78.0599, 12.9985], [78.0605, 12.9982], [78.0617, 12.9983], [78.0632, 12.9982], [78.0644, 12.9981], [78.0646, 12.9978], [78.065, 12.9974], [78.0652, 12.9966], [78.0657, 12.9962], [78.066, 12.9954], [78.0664, 12.9946], [78.067, 12.9936], [78.0674, 12.9925], [78.0675, 12.9923], [78.0681, 12.9913], [78.0684, 12.991], [78.069, 12.9905], [78.0696, 12.9902], [78.0691, 12.9897], [78.0684, 12.9894], [78.0675, 12.9891], [78.0663, 12.989], [78.0647, 12.9889], [78.0636, 12.9886], [78.063, 12.9883], [78.0626, 12.9881], [78.0618, 12.9877], [78.0607, 12.9875], [78.0595, 12.9868], [78.0593, 12.9867], [78.0587, 12.9864], [78.0581, 12.9862], [78.058, 12.9858], [78.0579, 12.9853], [78.0579, 12.9848], [78.058, 12.9838], [78.057, 12.984], [78.056, 12.9843], [78.0557, 12.9844], [78.0552, 12.9845], [78.0545, 12.9847], [78.0534, 12.9851], [78.0521, 12.9853], [78.051, 12.9855], [78.0506, 12.9857], [78.0496, 12.9863], [78.0488, 12.9867], [78.0485, 12.9859], [78.0481, 12.9851], [78.0472, 12.9848], [78.0454, 12.9841], [78.0438, 12.9836], [78.0413, 12.9833], [78.0404, 12.9839], [78.0388, 12.9854], [78.0377, 12.9866], [78.0368, 12.9878], [78.0366, 12.9879], [78.0363, 12.9876], [78.036, 12.9871], [78.035, 12.9858], [78.0348, 12.9856], [78.0343, 12.9861], [78.0337, 12.9869], [78.033, 12.9875], [78.0331, 12.988], [78.0332, 12.9883], [78.0329, 12.9887], [78.0318, 12.9892], [78.0311, 12.9894], [78.0308, 12.9896], [78.0303, 12.9899], [78.0297, 12.9906], [78.0295, 12.9917], [78.0292, 12.9924], [78.0289, 12.993], [78.0286, 12.9934], [78.0281, 12.9943], [78.0271, 12.9952], [78.0267, 12.9953], [78.0264, 12.9949], [78.026, 12.9946], [78.0256, 12.9947], [78.0253, 12.9951], [78.0246, 12.9956], [78.024, 12.9961], [78.0231, 12.9966], [78.0219, 12.9973], [78.0221, 12.998], [78.0225, 12.9986], [78.0228, 12.9993], [78.0231, 13.0005], [78.0248, 13.0013], [78.0276, 13.0033], [78.0297, 13.0046], [78.029, 13.0072], [78.032, 13.0097], [78.0315, 13.0105], [78.0309, 13.0115], [78.0309, 13.012], [78.0306, 13.0127], [78.0278, 13.0138], [78.0278, 13.014], [78.0277, 13.0142], [78.0286, 13.0181], [78.0365, 13.0187], [78.0378, 13.022], [78.0406, 13.0219], [78.0413, 13.0225], [78.0426, 13.0223], [78.0431, 13.0211], [78.0448, 13.0209], [78.0454, 13.0194], [78.0454, 13.018], [78.0464, 13.0186], [78.048, 13.0192], [78.05, 13.0195], [78.0512, 13.0212], [78.0523, 13.0234], [78.0535, 13.0231], [78.055, 13.0227], [78.0559, 13.0224], [78.0571, 13.0224], [78.0584, 13.0228], [78.0589, 13.0229], [78.0589, 13.0237], [78.0585, 13.0239], [78.0578, 13.0242], [78.0572, 13.0243], [78.0573, 13.0247], [78.057, 13.0248], [78.0571, 13.0256], [78.0546, 13.0257], [78.0538, 13.0255], [78.053, 13.0256], [78.0512, 13.0258], [78.0496, 13.0262], [78.0491, 13.0274], [78.0491, 13.0283], [78.048, 13.028], [78.0473, 13.0279], [78.0465, 13.0279], [78.0452, 13.029], [78.0447, 13.0291], [78.0443, 13.0297], [78.0433, 13.0304], [78.0432, 13.0309], [78.0432, 13.0313], [78.0436, 13.0319], [78.0439, 13.0331], [78.0439, 13.0335], [78.0423, 13.0334], [78.0397, 13.0334], [78.0396, 13.0383], [78.0395, 13.0403], [78.0387, 13.0424], [78.0374, 13.0444], [78.0383, 13.0446], [78.0417, 13.0456], [78.0421, 13.0449], [78.0439, 13.0449], [78.0463, 13.0453], [78.0531, 13.0469], [78.0566, 13.0479], [78.057, 13.0477], [78.0577, 13.0477], [78.0603, 13.0474], [78.0622, 13.0471], [78.0638, 13.0467], [78.0682, 13.0466], [78.0695, 13.0462]], [[78.0549, 13.0112], [78.0537, 13.0087], [78.0524, 13.0081], [78.0515, 13.0076], [78.0493, 13.0069], [78.0491, 13.0065], [78.0484, 13.0061], [78.048, 13.0058], [78.0474, 13.006], [78.0464, 13.0058], [78.0454, 13.0057], [78.0433, 13.0063], [78.042, 13.0063], [78.0406, 13.0061], [78.0399, 13.0065], [78.0386, 13.0079], [78.0384, 13.0083], [78.0369, 13.0089], [78.036, 13.0096], [78.0352, 13.0099], [78.0346, 13.0079], [78.0347, 13.0071], [78.0357, 13.0063], [78.0367, 13.0058], [78.0377, 13.0055], [78.0394, 13.0045], [78.0388, 13.0023], [78.0388, 13.0013], [78.0386, 13.0007], [78.0385, 13.0003], [78.0389, 12.9989], [78.0394, 12.9974], [78.0398, 12.9963], [78.0409, 12.9964], [78.0417, 12.9964], [78.0429, 12.9975], [78.0443, 12.9991], [78.0447, 12.9999], [78.0451, 13.0002], [78.0457, 13.0008], [78.0465, 13.0013], [78.0463, 13.0037], [78.0476, 13.0035], [78.0568, 13.0034], [78.0574, 13.0034], [78.0575, 13.0039], [78.0579, 13.0072], [78.057, 13.0091], [78.0559, 13.0102], [78.0549, 13.0112]]]}, "properties": {"OBJECTID": 230240, "gpcode": "218975", "gpname": "KONDASETTIHALLI", "stname": "KARNATAKA", "dtname": "Kolar", "sdtname": "Malur", "stcode11": "29", "dtcode11": "581", "sdtcode11": "05592", "blklgdcode": "5871", "blkname": "MALUR", "dt_lgd": 542, "sdt_lgd": 5592, "st_lgd": 29, "vilcode11": 0, "vilname11": "", "pan_local": "MALUR", "b_pan_code": 6202, "b_pan_name": "MALUR", "d_pan_code": 497, "d_pan_name": "KOLAR", "gp_code": "218975", "gp_name": "KONDASETTIHALLI", "st_2011": "29", "dt_2011": "581", "sdt_2011": "05592", "subdtname": "Malur", "block_name": "MALUR", "blk_lgdcod": "5871", "dtcode14": "581", "SHAPE_Length": 40031.31425196963, "SHAPE_Area": 24002878.005759828}}, {"type": "Feature", "geometry": {"type": "Polygon", "coordinates": [[[77.9351, 12.9625], [77.9332, 12.9625], [77.9334, 12.963], [77.934, 12.9646], [77.9347, 12.966], [77.9353, 12.9662], [77.936, 12.9664], [77.9378, 12.967], [77.9385, 12.9673], [77.9389, 12.9674], [77.9392, 12.9673], [77.9395, 12.9672], [77.9404, 12.9665], [77.9403, 12.9664], [77.9399, 12.9662], [77.9394, 12.9659], [77.9391, 12.9657], [77.9387, 12.9652], [77.9384, 12.9646], [77.9382, 12.9639], [77.9379, 12.9628], [77.9371, 12.9626], [77.9361, 12.9626], [77.9351, 12.9625]]]}, "properties": {"OBJECTID": 230241, "gpcode": "218976", "gpname": "KUDIYANUR", "stname": "KARNATAKA", "dtname": "Kolar", "sdtname": "Malur", "stcode11": "29", "dtcode11": "581", "sdtcode11": "05592", "blklgdcode": "5871", "blkname": "MALUR", "dt_lgd": 542, "sdt_lgd": 5592, "st_lgd": 29, "vilcode11": 0, "vilname11": "", "pan_local": "MALUR", "b_pan_code": 6202, "b_pan_name": "MALUR", "d_pan_code": 497, "d_pan_name": "KOLAR", "gp_code": "218976", "gp_name": "KUDIYANUR", "st_2011": "29", "dt_2011": "581", "sdt_2011": "05592", "subdtname": "Malur", "block_name": "MALUR", "blk_lgdcod": "5871", "dtcode14": "581", "SHAPE_Length": 2188.854214417192, "SHAPE_Area": 251453.26798203442}}, {"type": "Feature", "geometry": {"type": "Polygon", "coordinates": [[[77.9301, 12.9587], [77.9301, 12.9581], [77.9312, 12.9581], [77.9326, 12.9582], [77.9342, 12.9584], [77.9352, 12.9585], [77.9377, 12.9588], [77.9397, 12.959], [77.9403, 12.959], [77.9405, 12.959], [77.941, 12.9586], [77.9418, 12.9578], [77.9418, 12.9571], [77.942, 12.9568], [77.9423, 12.9564], [77.9429, 12.9568], [77.9438, 12.9574], [77.9441, 12.9576], [77.9447, 12.9578], [77.945, 12.9586], [77.9453, 12.9597], [77.9455, 12.96], [77.9459, 12.9604], [77.9464, 12.9606], [77.9467, 12.9607], [77.947, 12.9606], [77.9474, 12.9603], [77.9483, 12.9597], [77.9491, 12.959], [77.9496, 12.9586], [77.9506, 12.9577], [77.9513, 12.9585], [77.9528, 12.9602], [77.9533, 12.9607], [77.9534, 12.9607], [77.9542, 12.9607], [77.9548, 12.9607], [77.9556, 12.9606], [77.9559, 12.9606], [77.9562, 12.9604], [77.9567, 12.9599], [77.9573, 12.9593], [77.957, 12.959], [77.9566, 12.9585], [77.9561, 12.9579], [77.9564, 12.9571], [77.9561, 12.9556], [77.9551, 12.9552], [77.9534, 12.9547], [77.9543, 12.954], [77.9548, 12.9537], [77.9554, 12.9533], [77.9559, 12.9531], [77.956, 12.953], [77.9563, 12.9527], [77.9565, 12.9524], [77.9566, 12.9521], [77.9567, 12.9517], [77.9568, 12.951], [77.9567, 12.9503], [77.9568, 12.9499], [77.9571, 12.9496], [77.9575, 12.9494], [77.9582, 12.9491], [77.9585, 12.9491], [77.9592, 12.949], [77.9598, 12.9488], [77.9606, 12.9486], [77.9611, 12.9485], [77.9612, 12.9485], [77.9615, 12.9487], [77.9617, 12.9489], [77.962, 12.9495], [77.9623, 12.95], [77.9621, 12.9502], [77.962, 12.9511], [77.9622, 12.9523], [77.9623, 12.9533], [77.9624, 12.9545], [77.9625, 12.9549], [77.9622, 12.9555], [77.9619, 12.9563], [77.9618, 12.9574], [77.9617, 12.9586], [77.9619, 12.9594], [77.9621, 12.9605], [77.9627, 12.9627], [77.963, 12.964], [77.9633, 12.9647], [77.9629, 12.9652], [77.962, 12.9659], [77.962, 12.9661], [77.9623, 12.9672], [77.9624, 12.9679], [77.9648, 12.9676], [77.9658, 12.9674], [77.9668, 12.9671], [77.9682, 12.9667], [77.9692, 12.9662], [77.9703, 12.9658], [77.9702, 12.9635], [77.9701, 12.9622], [77.9699, 12.9617], [77.9693, 12.9612], [77.9685, 12.9603], [77.9679, 12.9596], [77.9676, 12.9594], [77.967, 12.9591], [77.9675, 12.958], [77.968, 12.9569], [77.9681, 12.9563], [77.9681, 12.9557], [77.968, 12.9552], [77.9683, 12.954], [77.9687, 12.9527], [77.9688, 12.9522], [77.9693, 12.951], [77.9709, 12.9477], [77.9719, 12.9459], [77.9732, 12.946], [77.9745, 12.9462], [77.9767, 12.9464], [77.9778, 12.9466], [77.9791, 12.9467], [77.9802, 12.9467], [77.9818, 12.9467], [77.9823, 12.9467], [77.9829, 12.9466], [77.9835, 12.9463], [77.9839, 12.946], [77.9845, 12.9455], [77.9857, 12.9442], [77.9857, 12.9436], [77.9858, 12.9423], [77.9859, 12.9415], [77.986, 12.9405], [77.9859, 12.9397], [77.986, 12.9387], [77.986, 12.9381], [77.9862, 12.9376], [77.9861, 12.9359], [77.9861, 12.9336], [77.9861, 12.9328], [77.9858, 12.9328], [77.9854, 12.9327], [77.9817, 12.9318], [77.9789, 12.9312], [77.9781, 12.931], [77.9771, 12.9308], [77.9757, 12.9304], [77.9748, 12.9302], [77.9737, 12.9298], [77.9717, 12.9289], [77.9712, 12.9291], [77.9691, 12.9299], [77.9696, 12.9291], [77.9702, 12.928], [77.9695, 12.9275], [77.9653, 12.9291], [77.9642, 12.9291], [77.9627, 12.9293], [77.9599, 12.9298], [77.9588, 12.93], [77.9584, 12.93], [77.9579, 12.9289], [77.9573, 12.9278], [77.9562, 12.928], [77.9533, 12.9287], [77.9517, 12.929], [77.9501, 12.9293], [77.9495, 12.9295], [77.9465, 12.9301], [77.9464, 12.9294], [77.9463, 12.928], [77.9461, 12.9256], [77.946, 12.9243], [77.9449, 12.9227], [77.9438, 12.9209], [77.943, 12.9197], [77.941, 12.9199], [77.9403, 12.9193], [77.9396, 12.9187], [77.9385, 12.919], [77.9373, 12.9192], [77.9361, 12.9195], [77.9351, 12.9197], [77.9337, 12.92], [77.9333, 12.92], [77.9331, 12.9202], [77.9328, 12.9207], [77.9326, 12.9211], [77.9298, 12.9209], [77.929, 12.9239], [77.9298, 12.924], [77.9308, 12.9241], [77.9312, 12.9255], [77.9313, 12.9261], [77.9318, 12.9272], [77.9325, 12.9288], [77.9332, 12.9301], [77.9341, 12.932], [77.9347, 12.9332], [77.9352, 12.9343], [77.9343, 12.9353], [77.9326, 12.9368], [77.9317, 12.9377], [77.9305, 12.9393], [77.9298, 12.9404], [77.929, 12.9422], [77.9284, 12.9436], [77.9287, 12.9444], [77.9289, 12.945], [77.929, 12.9455], [77.9291, 12.9464], [77.9293, 12.9475], [77.9294, 12.9478], [77.9294, 12.9485], [77.9287, 12.949], [77.9282, 12.9494], [77.9276, 12.9497], [77.9265, 12.9505], [77.9254, 12.9513], [77.9245, 12.9519], [77.9228, 12.9531], [77.9227, 12.9532], [77.9227, 12.9543], [77.9227, 12.9546], [77.9227, 12.956], [77.9225, 12.9576], [77.9224, 12.9593], [77.9222, 12.9604], [77.9218, 12.962], [77.9215, 12.9635], [77.9212, 12.9649], [77.9209, 12.9664], [77.9205, 12.968], [77.9204, 12.9687], [77.9204, 12.969], [77.9216, 12.969], [77.9229, 12.9687], [77.9253, 12.9682], [77.9264, 12.9679], [77.9266, 12.9679], [77.9275, 12.9668], [77.9286, 12.9652], [77.9293, 12.9643], [77.9294, 12.9641], [77.9295, 12.9626], [77.9295, 12.9622], [77.9296, 12.9618], [77.9299, 12.9607], [77.93, 12.9597], [77.9301, 12.9587]]]}, "properties": {"OBJECTID": 230242, "gpcode": "218976", "gpname": "KUDIYANUR", "stname": "KARNATAKA", "dtname": "Kolar", "sdtname": "Malur", "stcode11": "29", "dtcode11": "581", "sdtcode11": "05592", "blklgdcode": "5871", "blkname": "MALUR", "dt_lgd": 542, "sdt_lgd": 5592, "st_lgd": 29, "vilcode11": 0, "vilname11": "", "pan_local": "MALUR", "b_pan_code": 6202, "b_pan_name": "MALUR", "d_pan_code": 497, "d_pan_name": "KOLAR", "gp_code": "218976", "gp_name": "KUDIYANUR", "st_2011": "29", "dt_2011": "581", "sdt_2011": "05592", "subdtname": "Malur", "block_name": "MALUR", "blk_lgdcod": "5871", "dtcode14": "581", "SHAPE_Length": 31064.44693358349, "SHAPE_Area": 21223096.517475203}}, {"type": "Feature", "geometry": {"type": "Polygon", "coordinates": [[[77.9563, 12.9687], [77.9549, 12.9687], [77.9538, 12.9687], [77.953, 12.9689], [77.9515, 12.9692], [77.9504, 12.9693], [77.9493, 12.9695], [77.9484, 12.9696], [77.9485, 12.9701], [77.9487, 12.9712], [77.9492, 12.973], [77.9506, 12.9731], [77.9514, 12.9731], [77.9525, 12.9732], [77.9527, 12.9734], [77.9533, 12.975], [77.9538, 12.9762], [77.9543, 12.9762], [77.9554, 12.9764], [77.9564, 12.9765], [77.9573, 12.9765], [77.9576, 12.9762], [77.9582, 12.9754], [77.9589, 12.9744], [77.9593, 12.9739], [77.9587, 12.9728], [77.9583, 12.9723], [77.9577, 12.9721], [77.9575, 12.9719], [77.957, 12.9708], [77.9563, 12.9687]]]}, "properties": {"OBJECTID": 230243, "gpcode": "218976", "gpname": "KUDIYANUR", "stname": "KARNATAKA", "dtname": "Kolar", "sdtname": "Malur", "stcode11": "29", "dtcode11": "581", "sdtcode11": "05592", "blklgdcode": "5871", "blkname": "MALUR", "dt_lgd": 542, "sdt_lgd": 5592, "st_lgd": 29, "vilcode11": 0, "vilname11": "", "pan_local": "MALUR", "b_pan_code": 6202, "b_pan_name": "MALUR", "d_pan_code": 497, "d_pan_name": "KOLAR", "gp_code": "218976", "gp_name": "KUDIYANUR", "st_2011": "29", "dt_2011": "581", "sdt_2011": "05592", "subdtname": "Malur", "block_name": "MALUR", "blk_lgdcod": "5871", "dtcode14": "581", "SHAPE_Length": 3506.738184932837, "SHAPE_Area": 668339.7404266745}}, {"type": "Feature", "geometry": {"type": "Polygon", "coordinates": [[[77.9087, 12.9485], [77.9099, 12.9479], [77.9109, 12.9475], [77.9116, 12.9472], [77.9121, 12.9471], [77.9125, 12.9452], [77.9123, 12.9422], [77.9118, 12.9393], [77.9114, 12.9386], [77.9109, 12.9371], [77.9102, 12.9352], [77.9099, 12.9342], [77.9064, 12.9346], [77.9051, 12.9347], [77.9031, 12.935], [77.9028, 12.9328], [77.9027, 12.9317], [77.9025, 12.9305], [77.9024, 12.9295], [77.9024, 12.9291], [77.903, 12.9279], [77.9037, 12.9267], [77.9042, 12.9262], [77.9046, 12.9259], [77.9052, 12.9256], [77.9044, 12.9254], [77.9034, 12.925], [77.9016, 12.9244], [77.8989, 12.9235], [77.8973, 12.9228], [77.8963, 12.9224], [77.8959, 12.9213], [77.8952, 12.9197], [77.8946, 12.9181], [77.8939, 12.9163], [77.8928, 12.9167], [77.892, 12.9171], [77.8905, 12.9177], [77.8891, 12.9183], [77.8878, 12.9188], [77.8868, 12.919], [77.8856, 12.9192], [77.884, 12.9195], [77.8833, 12.9196], [77.8827, 12.9198], [77.8804, 12.9203], [77.8792, 12.9206], [77.8783, 12.9208], [77.8765, 12.9213], [77.8759, 12.9214], [77.8745, 12.9218], [77.8728, 12.9223], [77.873, 12.9237], [77.873, 12.9247], [77.8728, 12.9255], [77.8727, 12.9262], [77.8727, 12.9267], [77.8727, 12.9277], [77.8728, 12.9284], [77.8724, 12.9293], [77.8716, 12.9303], [77.8705, 12.9317], [77.8696, 12.933], [77.8692, 12.9338], [77.8707, 12.9371], [77.8718, 12.9399], [77.8736, 12.9395], [77.875, 12.9396], [77.8755, 12.9396], [77.876, 12.9392], [77.877, 12.9382], [77.8781, 12.9382], [77.8794, 12.9382], [77.8801, 12.9381], [77.8809, 12.9381], [77.8822, 12.9382], [77.883, 12.9382], [77.8841, 12.9381], [77.8852, 12.9382], [77.8866, 12.9382], [77.8874, 12.9385], [77.8885, 12.939], [77.889, 12.9392], [77.89, 12.9395], [77.8895, 12.9398], [77.8886, 12.9406], [77.8885, 12.9412], [77.8884, 12.942], [77.8883, 12.9424], [77.8881, 12.943], [77.8881, 12.9435], [77.8882, 12.9439], [77.8885, 12.9446], [77.8887, 12.9449], [77.8894, 12.9457], [77.8896, 12.9458], [77.8902, 12.946], [77.8914, 12.9461], [77.8929, 12.9464], [77.8933, 12.9464], [77.8939, 12.9463], [77.8947, 12.946], [77.8948, 12.946], [77.8947, 12.9465], [77.8946, 12.947], [77.8959, 12.9468], [77.8965, 12.9468], [77.8969, 12.9468], [77.8971, 12.9468], [77.8981, 12.9477], [77.8992, 12.9485], [77.8999, 12.949], [77.9001, 12.9491], [77.9011, 12.949], [77.9023, 12.9489], [77.9033, 12.9489], [77.9043, 12.9487], [77.9055, 12.9486], [77.9066, 12.9485], [77.9071, 12.9486], [77.9072, 12.9487], [77.9074, 12.9492], [77.9087, 12.9485]]]}, "properties": {"OBJECTID": 230244, "gpcode": "218977", "gpname": "LAKKUR", "stname": "KARNATAKA", "dtname": "Kolar", "sdtname": "Malur", "stcode11": "29", "dtcode11": "581", "sdtcode11": "05592", "blklgdcode": "5871", "blkname": "MALUR", "dt_lgd": 542, "sdt_lgd": 5592, "st_lgd": 29, "vilcode11": 0, "vilname11": "", "pan_local": "MALUR", "b_pan_code": 6202, "b_pan_name": "MALUR", "d_pan_code": 497, "d_pan_name": "KOLAR", "gp_code": "218977", "gp_name": "LAKKUR", "st_2011": "29", "dt_2011": "581", "sdt_2011": "05592", "subdtname": "Malur", "block_name": "MALUR", "blk_lgdcod": "5871", "dtcode14": "581", "SHAPE_Length": 15760.686333663982, "SHAPE_Area": 10361759.684698911}}, {"type": "Feature", "geometry": {"type": "Polygon", "coordinates": [[[77.9552, 13.0173], [77.9577, 13.0166], [77.9586, 13.0165], [77.9587, 13.0131], [77.9588, 13.0116], [77.9576, 13.0114], [77.9576, 13.0105], [77.9575, 13.0106], [77.9528, 13.0103], [77.9484, 13.0095], [77.9469, 13.0091], [77.9458, 13.0095], [77.9458, 13.0106], [77.9431, 13.0105], [77.9416, 13.0116], [77.9389, 13.0127], [77.9385, 13.0153], [77.937, 13.0158], [77.9367, 13.0181], [77.9376, 13.0175], [77.9388, 13.0171], [77.9406, 13.0167], [77.941, 13.0193], [77.9434, 13.0212], [77.946, 13.021], [77.9483, 13.0199], [77.9502, 13.0191], [77.9526, 13.0179], [77.9552, 13.0173]]]}, "properties": {"OBJECTID": 230245, "gpcode": "218978", "gpname": "CHOKKANDAHALLI", "stname": "KARNATAKA", "dtname": "Kolar", "sdtname": "Malur", "stcode11": "29", "dtcode11": "581", "sdtcode11": "05592", "blklgdcode": "5871", "blkname": "MALUR", "dt_lgd": 542, "sdt_lgd": 5592, "st_lgd": 29, "vilcode11": 0, "vilname11": "", "pan_local": "MALUR", "b_pan_code": 6202, "b_pan_name": "MALUR", "d_pan_code": 497, "d_pan_name": "KOLAR", "gp_code": "218978", "gp_name": "CHOKKANDAHALLI", "st_2011": "29", "dt_2011": "581", "sdt_2011": "05592", "subdtname": "Malur", "block_name": "MALUR", "blk_lgdcod": "5871", "dtcode14": "581", "SHAPE_Length": 6729.821197247772, "SHAPE_Area": 2144882.8747434714}}, {"type": "Feature", "geometry": {"type": "Polygon", "coordinates": [[[77.8933, 13.035], [77.8937, 13.0349], [77.8946, 13.0344], [77.8962, 13.0338], [77.898, 13.033], [77.8992, 13.0324], [77.9003, 13.0317], [77.9019, 13.0309], [77.9018, 13.0305], [77.9013, 13.0292], [77.9009, 13.0279], [77.9006, 13.026], [77.9001, 13.024], [77.9009, 13.0239], [77.9038, 13.0235], [77.9062, 13.0232], [77.9077, 13.0249], [77.909, 13.0263], [77.9084, 13.0276], [77.9085, 13.028], [77.9086, 13.0281], [77.909, 13.0294], [77.9095, 13.0309], [77.9101, 13.0318], [77.9089, 13.0335], [77.9078, 13.0353], [77.9117, 13.034], [77.9147, 13.0331], [77.9167, 13.0359], [77.9178, 13.0374], [77.918, 13.0376], [77.9168, 13.0383], [77.9162, 13.0387], [77.9161, 13.0391], [77.9163, 13.0397], [77.9165, 13.0403], [77.9183, 13.0393], [77.92, 13.0404], [77.9216, 13.0415], [77.9233, 13.0411], [77.9235, 13.0411], [77.9245, 13.0421], [77.9252, 13.0427], [77.9271, 13.0422], [77.9282, 13.0418], [77.9304, 13.0411], [77.9314, 13.0408], [77.9325, 13.0404], [77.9347, 13.0397], [77.9365, 13.0391], [77.9383, 13.0385], [77.9381, 13.0379], [77.9379, 13.0374], [77.9375, 13.0355], [77.937, 13.0338], [77.9364, 13.0324], [77.9352, 13.0301], [77.9343, 13.0283], [77.9334, 13.0266], [77.9339, 13.0249], [77.9343, 13.0233], [77.9335, 13.0232], [77.9334, 13.0221], [77.9334, 13.0207], [77.9334, 13.0194], [77.9339, 13.0193], [77.9346, 13.019], [77.9349, 13.0189], [77.9354, 13.0186], [77.9355, 13.0184], [77.9356, 13.0176], [77.935, 13.0171], [77.9353, 13.0163], [77.9346, 13.0159], [77.9334, 13.0164], [77.9333, 13.0162], [77.9312, 13.0137], [77.9306, 13.0128], [77.9289, 13.0107], [77.9276, 13.0086], [77.9267, 13.0072], [77.926, 13.0064], [77.9258, 13.0062], [77.9249, 13.0054], [77.9231, 13.0065], [77.9216, 13.0072], [77.9207, 13.0076], [77.9204, 13.0061], [77.9201, 13.0044], [77.9199, 13.0032], [77.9196, 13.0021], [77.9195, 13.0012], [77.9201, 13.0008], [77.9202, 13.0003], [77.9213, 13.0003], [77.9229, 13.0003], [77.9229, 12.999], [77.9218, 12.9987], [77.9203, 12.9982], [77.917, 12.9971], [77.9155, 12.9963], [77.9142, 12.9957], [77.9132, 12.995], [77.9133, 12.9964], [77.913, 12.9976], [77.9125, 12.9991], [77.9103, 12.9992], [77.91, 12.9992], [77.9097, 13.0001], [77.9084, 13.0004], [77.9079, 13.0006], [77.9075, 13.0006], [77.907, 13.0009], [77.9067, 13.001], [77.9063, 13.0012], [77.9055, 13.0016], [77.9055, 13.0019], [77.9057, 13.0029], [77.9046, 13.0029], [77.9028, 13.0031], [77.901, 13.0034], [77.9003, 13.0035], [77.8986, 13.0038], [77.897, 13.0042], [77.896, 13.0052], [77.8949, 13.0059], [77.8948, 13.006], [77.8933, 13.0067], [77.8903, 13.0073], [77.8877, 13.008], [77.8873, 13.0089], [77.8863, 13.0108], [77.8869, 13.0136], [77.8875, 13.0172], [77.8872, 13.0182], [77.8868, 13.0192], [77.8868, 13.02], [77.887, 13.0207], [77.8899, 13.0238], [77.8906, 13.0258], [77.8914, 13.0282], [77.8926, 13.0317], [77.8933, 13.035]]]}, "properties": {"OBJECTID": 230246, "gpcode": "218978", "gpname": "CHOKKANDAHALLI", "stname": "KARNATAKA", "dtname": "Kolar", "sdtname": "Malur", "stcode11": "29", "dtcode11": "581", "sdtcode11": "05592", "blklgdcode": "5871", "blkname": "MALUR", "dt_lgd": 542, "sdt_lgd": 5592, "st_lgd": 29, "vilcode11": 0, "vilname11": "", "pan_local": "MALUR", "b_pan_code": 6202, "b_pan_name": "MALUR", "d_pan_code": 497, "d_pan_name": "KOLAR", "gp_code": "218978", "gp_name": "CHOKKANDAHALLI", "st_2011": "29", "dt_2011": "581", "sdt_2011": "05592", "subdtname": "Malur", "block_name": "MALUR", "blk_lgdcod": "5871", "dtcode14": "581", "SHAPE_Length": 23469.04216712572, "SHAPE_Area": 17929447.172118116}}, {"type": "Feature", "geometry": {"type": "Polygon", "coordinates": [[[77.8933, 13.035], [77.8872, 13.0371], [77.8873, 13.0377], [77.8883, 13.0417], [77.8883, 13.0418], [77.8888, 13.0454], [77.8892, 13.0455], [77.8902, 13.0456], [77.8918, 13.0457], [77.8931, 13.0462], [77.893, 13.0471], [77.8914, 13.0471], [77.8914, 13.0493], [77.892, 13.0493], [77.8921, 13.0508], [77.8922, 13.0522], [77.8928, 13.0522], [77.8939, 13.0538], [77.895, 13.053], [77.8952, 13.0535], [77.8961, 13.0531], [77.8982, 13.0522], [77.8988, 13.051], [77.9017, 13.0501], [77.9053, 13.049], [77.9043, 13.048], [77.9029, 13.0464], [77.9018, 13.045], [77.9009, 13.044], [77.9011, 13.0424], [77.9012, 13.0414], [77.9011, 13.0401], [77.9011, 13.0391], [77.9011, 13.0374], [77.9007, 13.0361], [77.9001, 13.0348], [77.8971, 13.0349], [77.8956, 13.035], [77.894, 13.0351], [77.8933, 13.035]]]}, "properties": {"OBJECTID": 230247, "gpcode": "218978", "gpname": "CHOKKANDAHALLI", "stname": "KARNATAKA", "dtname": "Kolar", "sdtname": "Malur", "stcode11": "29", "dtcode11": "581", "sdtcode11": "05592", "blklgdcode": "5871", "blkname": "MALUR", "dt_lgd": 542, "sdt_lgd": 5592, "st_lgd": 29, "vilcode11": 0, "vilname11": "", "pan_local": "MALUR", "b_pan_code": 6202, "b_pan_name": "MALUR", "d_pan_code": 497, "d_pan_name": "KOLAR", "gp_code": "218978", "gp_name": "CHOKKANDAHALLI", "st_2011": "29", "dt_2011": "581", "sdt_2011": "05592", "subdtname": "Malur", "block_name": "MALUR", "blk_lgdcod": "5871", "dtcode14": "581", "SHAPE_Length": 7457.246389389248, "SHAPE_Area": 2611851.0364929154}}, {"type": "Feature", "geometry": {"type": "Polygon", "coordinates": [[[78.0021, 12.8845], [78.0034, 12.8844], [78.0048, 12.8845], [78.0055, 12.8845], [78.0055, 12.8834], [78.0072, 12.8823], [78.0077, 12.8816], [78.0072, 12.8802], [78.0063, 12.8783], [78.0061, 12.8778], [78.0061, 12.8777], [78.0057, 12.8766], [78.005, 12.8742], [78.005, 12.8731], [78.0059, 12.8721], [78.0055, 12.8715], [78.0048, 12.8703], [78.0043, 12.8688], [78.0038, 12.8676], [78.0037, 12.8664], [78.0034, 12.8657], [78.0038, 12.8644], [78.0043, 12.8638], [78.0061, 12.8616], [78.0074, 12.8608], [78.0083, 12.8601], [78.0085, 12.8597], [78.0091, 12.859], [78.0095, 12.8582], [78.0105, 12.8578], [78.0118, 12.8575], [78.0111, 12.8572], [78.0077, 12.8563], [78.007, 12.8561], [78.0063, 12.856], [78.0055, 12.8561], [78.0049, 12.8566], [78.005, 12.8569], [78.0054, 12.8575], [78.0062, 12.8586], [78.0056, 12.8591], [78.005, 12.8589], [78.0047, 12.8584], [78.0037, 12.8571], [78.0024, 12.8581], [78.0011, 12.8585], [78.0005, 12.857], [77.9999, 12.8562], [77.9989, 12.8546], [77.9987, 12.8532], [77.9985, 12.853], [77.9976, 12.8531], [77.9966, 12.8529], [77.9956, 12.8523], [77.9945, 12.8522], [77.9941, 12.85], [77.9939, 12.8484], [77.9943, 12.846], [77.9924, 12.8472], [77.991, 12.8481], [77.9897, 12.849], [77.9875, 12.8504], [77.9857, 12.8512], [77.9853, 12.8521], [77.9846, 12.8521], [77.9844, 12.8516], [77.9838, 12.8501], [77.9837, 12.8497], [77.9836, 12.8496], [77.9827, 12.8494], [77.9822, 12.8493], [77.9817, 12.8481], [77.9816, 12.8479], [77.9827, 12.8468], [77.9832, 12.8463], [77.9833, 12.8462], [77.9827, 12.8455], [77.9821, 12.8447], [77.9812, 12.8433], [77.9811, 12.8419], [77.9812, 12.8405], [77.9813, 12.8399], [77.9813, 12.8391], [77.9811, 12.8384], [77.9808, 12.838], [77.9806, 12.8378], [77.9802, 12.8375], [77.9801, 12.837], [77.9796, 12.8354], [77.9792, 12.8354], [77.9785, 12.8353], [77.9771, 12.8352], [77.9756, 12.835], [77.9741, 12.8348], [77.9739, 12.8348], [77.9738, 12.8345], [77.9735, 12.8338], [77.9731, 12.8331], [77.9727, 12.8328], [77.9713, 12.8328], [77.9703, 12.8328], [77.9693, 12.8329], [77.9686, 12.8328], [77.9677, 12.8326], [77.9669, 12.8325], [77.9668, 12.8325], [77.9659, 12.8326], [77.9651, 12.8327], [77.9643, 12.8328], [77.9641, 12.8331], [77.964, 12.8331], [77.9638, 12.8335], [77.9633, 12.8344], [77.963, 12.8353], [77.9626, 12.8362], [77.9626, 12.8363], [77.9625, 12.8366], [77.9626, 12.8374], [77.9626, 12.8377], [77.9628, 12.8388], [77.9629, 12.8396], [77.9632, 12.8406], [77.9637, 12.8417], [77.9639, 12.8421], [77.9645, 12.8435], [77.9651, 12.8447], [77.9651, 12.8449], [77.9651, 12.8454], [77.9652, 12.8464], [77.9653, 12.8478], [77.9653, 12.8482], [77.9654, 12.8482], [77.9653, 12.8482], [77.965, 12.8482], [77.9643, 12.8483], [77.9641, 12.8483], [77.9641, 12.8486], [77.9641, 12.8491], [77.9642, 12.8496], [77.9641, 12.8497], [77.9636, 12.8499], [77.9632, 12.8524], [77.9636, 12.8544], [77.9644, 12.858], [77.9646, 12.858], [77.9657, 12.8581], [77.9667, 12.8583], [77.9677, 12.8583], [77.9687, 12.8582], [77.969, 12.8595], [77.9693, 12.8607], [77.9704, 12.8607], [77.9713, 12.8607], [77.9711, 12.86], [77.9722, 12.8598], [77.9736, 12.8596], [77.9742, 12.8596], [77.9757, 12.8612], [77.9765, 12.8622], [77.9771, 12.8634], [77.9776, 12.8638], [77.9787, 12.8638], [77.9797, 12.8637], [77.9813, 12.8633], [77.9815, 12.8646], [77.9815, 12.8655], [77.9817, 12.8667], [77.9817, 12.8678], [77.9803, 12.868], [77.9788, 12.8683], [77.9789, 12.8685], [77.9789, 12.8694], [77.9791, 12.8707], [77.9793, 12.8715], [77.9793, 12.8723], [77.9794, 12.8732], [77.9804, 12.8741], [77.981, 12.8745], [77.9821, 12.8756], [77.9822, 12.8762], [77.9818, 12.8769], [77.9811, 12.8786], [77.9807, 12.8797], [77.9805, 12.88], [77.9801, 12.881], [77.9794, 12.8821], [77.979, 12.8827], [77.9784, 12.8833], [77.979, 12.8833], [77.9795, 12.8836], [77.9804, 12.8841], [77.9816, 12.8851], [77.9822, 12.8854], [77.9825, 12.885], [77.9828, 12.8848], [77.9839, 12.8846], [77.9849, 12.8844], [77.9856, 12.8845], [77.9864, 12.8846], [77.9865, 12.8856], [77.9885, 12.8859], [77.989, 12.8861], [77.9892, 12.8855], [77.9895, 12.8846], [77.9899, 12.8837], [77.9902, 12.8835], [77.9906, 12.8831], [77.9912, 12.8827], [77.9916, 12.8824], [77.9922, 12.8824], [77.9924, 12.8823], [77.9934, 12.8823], [77.9942, 12.8828], [77.9952, 12.8834], [77.997, 12.8846], [77.9977, 12.8849], [77.9979, 12.8849], [77.998, 12.8849], [77.9982, 12.8844], [77.9985, 12.8844], [77.9989, 12.8846], [77.9993, 12.8851], [77.9999, 12.8856], [78.0005, 12.8861], [78.0011, 12.8861], [78.0014, 12.8855], [78.0016, 12.8849], [78.0021, 12.8845]], [[77.9848, 12.8749], [77.9856, 12.8743], [77.9866, 12.8743], [77.9874, 12.8747], [77.9879, 12.8757], [77.9877, 12.877], [77.9869, 12.8796], [77.9854, 12.8796], [77.984, 12.8794], [77.9839, 12.8784], [77.9837, 12.8765], [77.9838, 12.8761], [77.9839, 12.8758], [77.9848, 12.8749]]]}, "properties": {"OBJECTID": 230248, "gpcode": "218979", "gpname": "MASTHI", "stname": "KARNATAKA", "dtname": "Kolar", "sdtname": "Malur", "stcode11": "29", "dtcode11": "581", "sdtcode11": "05592", "blklgdcode": "5871", "blkname": "MALUR", "dt_lgd": 542, "sdt_lgd": 5592, "st_lgd": 29, "vilcode11": 0, "vilname11": "", "pan_local": "MALUR", "b_pan_code": 6202, "b_pan_name": "MALUR", "d_pan_code": 497, "d_pan_name": "KOLAR", "gp_code": "218979", "gp_name": "MASTHI", "st_2011": "29", "dt_2011": "581", "sdt_2011": "05592", "subdtname": "Malur", "block_name": "MALUR", "blk_lgdcod": "5871", "dtcode14": "581", "SHAPE_Length": 26997.448150233726, "SHAPE_Area": 16053576.366146639}}, {"type": "Feature", "geometry": {"type": "Polygon", "coordinates": [[[77.9133, 12.9964], [77.9132, 12.995], [77.9142, 12.9957], [77.9155, 12.9963], [77.917, 12.9971], [77.9203, 12.9982], [77.9218, 12.9987], [77.9229, 12.999], [77.9229, 12.9988], [77.9231, 12.9988], [77.9239, 12.9988], [77.9244, 12.9988], [77.9252, 12.9989], [77.9257, 12.9989], [77.926, 12.9988], [77.9264, 12.9986], [77.9266, 12.9983], [77.9268, 12.998], [77.9268, 12.9977], [77.9269, 12.9973], [77.9268, 12.9966], [77.9267, 12.9961], [77.9278, 12.9959], [77.9281, 12.9958], [77.9282, 12.9956], [77.9283, 12.9953], [77.928, 12.9943], [77.9277, 12.9933], [77.9277, 12.9927], [77.9279, 12.9921], [77.9284, 12.9912], [77.929, 12.991], [77.9296, 12.9909], [77.9298, 12.9907], [77.93, 12.9905], [77.9304, 12.9901], [77.9304, 12.9898], [77.9303, 12.9896], [77.9301, 12.9894], [77.9301, 12.9887], [77.9303, 12.9883], [77.9303, 12.9877], [77.9303, 12.9868], [77.9297, 12.9853], [77.9288, 12.9837], [77.9302, 12.9839], [77.9291, 12.982], [77.9284, 12.9806], [77.9278, 12.9799], [77.9278, 12.9791], [77.9279, 12.9775], [77.9276, 12.9771], [77.9274, 12.9777], [77.927, 12.9784], [77.9269, 12.9786], [77.9263, 12.9791], [77.9258, 12.9794], [77.9254, 12.979], [77.9252, 12.9789], [77.9249, 12.9783], [77.9246, 12.9779], [77.9239, 12.9766], [77.9233, 12.9755], [77.9218, 12.973], [77.9207, 12.9711], [77.9193, 12.9687], [77.9182, 12.9666], [77.9172, 12.9663], [77.9167, 12.9661], [77.916, 12.9657], [77.9144, 12.9647], [77.9143, 12.9649], [77.9139, 12.9657], [77.9133, 12.9667], [77.9128, 12.9679], [77.9125, 12.9686], [77.9118, 12.9701], [77.9128, 12.9719], [77.9135, 12.9732], [77.9121, 12.9734], [77.9109, 12.9735], [77.91, 12.9736], [77.9094, 12.9738], [77.9091, 12.974], [77.9079, 12.9749], [77.9062, 12.976], [77.9051, 12.9767], [77.9038, 12.9775], [77.9028, 12.976], [77.9017, 12.9748], [77.8996, 12.9725], [77.8986, 12.9712], [77.8973, 12.9699], [77.8956, 12.9688], [77.8951, 12.9691], [77.8945, 12.9692], [77.8946, 12.9699], [77.8948, 12.9707], [77.8936, 12.9705], [77.8918, 12.9704], [77.891, 12.9703], [77.8908, 12.9704], [77.8903, 12.9707], [77.8902, 12.9708], [77.8886, 12.9708], [77.8881, 12.9708], [77.8876, 12.9709], [77.8864, 12.9715], [77.8846, 12.9723], [77.8843, 12.9725], [77.8837, 12.9731], [77.8828, 12.9742], [77.8823, 12.9747], [77.8817, 12.9739], [77.8811, 12.9728], [77.8807, 12.9718], [77.8806, 12.9716], [77.8802, 12.9712], [77.8796, 12.9702], [77.8794, 12.9699], [77.8789, 12.969], [77.8784, 12.9679], [77.8777, 12.9662], [77.8771, 12.9651], [77.8763, 12.9638], [77.8755, 12.9625], [77.8751, 12.9618], [77.8749, 12.9613], [77.8747, 12.9602], [77.8745, 12.959], [77.8739, 12.9586], [77.8736, 12.9585], [77.873, 12.9586], [77.8715, 12.9587], [77.8716, 12.9598], [77.8707, 12.9608], [77.8698, 12.962], [77.8684, 12.9634], [77.8675, 12.9643], [77.8663, 12.9653], [77.8653, 12.9661], [77.8654, 12.967], [77.8655, 12.9683], [77.8653, 12.9708], [77.865, 12.9723], [77.8647, 12.9736], [77.8652, 12.9736], [77.8664, 12.9735], [77.8681, 12.9733], [77.8693, 12.9732], [77.87, 12.973], [77.8709, 12.9728], [77.8714, 12.9729], [77.8715, 12.9733], [77.8723, 12.9751], [77.8721, 12.9752], [77.8716, 12.9755], [77.8715, 12.9757], [77.8716, 12.9763], [77.8711, 12.9764], [77.8709, 12.9763], [77.8708, 12.9766], [77.8708, 12.9773], [77.8709, 12.9778], [77.8714, 12.9783], [77.8717, 12.9788], [77.8719, 12.9797], [77.8719, 12.9814], [77.872, 12.9827], [77.8718, 12.9837], [77.8715, 12.9838], [77.8711, 12.984], [77.871, 12.9851], [77.8713, 12.9854], [77.8724, 12.9862], [77.8737, 12.9871], [77.8737, 12.9874], [77.8734, 12.9888], [77.8732, 12.9901], [77.8729, 12.9922], [77.8729, 12.9932], [77.8729, 12.9945], [77.8731, 12.9952], [77.8733, 12.9957], [77.8741, 12.9976], [77.8747, 12.9987], [77.875, 12.999], [77.8756, 12.9998], [77.8759, 13.0002], [77.8771, 13.0012], [77.8772, 13.0015], [77.8774, 13.0019], [77.8779, 13.003], [77.8787, 13.0045], [77.8794, 13.0052], [77.8807, 13.006], [77.883, 13.0072], [77.8859, 13.0086], [77.8861, 13.0102], [77.8863, 13.0108], [77.8873, 13.0089], [77.8877, 13.008], [77.8903, 13.0073], [77.8933, 13.0067], [77.8948, 13.006], [77.8949, 13.0059], [77.896, 13.0052], [77.897, 13.0042], [77.8986, 13.0038], [77.9003, 13.0035], [77.901, 13.0034], [77.9028, 13.0031], [77.9046, 13.0029], [77.9057, 13.0029], [77.9055, 13.0019], [77.9055, 13.0016], [77.9063, 13.0012], [77.9067, 13.001], [77.907, 13.0009], [77.9075, 13.0006], [77.9079, 13.0006], [77.9084, 13.0004], [77.9097, 13.0001], [77.91, 12.9992], [77.9103, 12.9992], [77.9125, 12.9991], [77.913, 12.9976], [77.9133, 12.9964]]]}, "properties": {"OBJECTID": 230249, "gpcode": "218980", "gpname": "NOSAGERE", "stname": "KARNATAKA", "dtname": "Kolar", "sdtname": "Malur", "stcode11": "29", "dtcode11": "581", "sdtcode11": "05592", "blklgdcode": "5871", "blkname": "MALUR", "dt_lgd": 542, "sdt_lgd": 5592, "st_lgd": 29, "vilcode11": 0, "vilname11": "", "pan_local": "MALUR", "b_pan_code": 6202, "b_pan_name": "MALUR", "d_pan_code": 497, "d_pan_name": "KOLAR", "gp_code": "218980", "gp_name": "NOSAGERE", "st_2011": "29", "dt_2011": "581", "sdt_2011": "05592", "subdtname": "Malur", "block_name": "MALUR", "blk_lgdcod": "5871", "dtcode14": "581", "SHAPE_Length": 27236.086093096044, "SHAPE_Area": 23187121.51189109}}, {"type": "Feature", "geometry": {"type": "Polygon", "coordinates": [[[78.0945, 12.9485], [78.0949, 12.9466], [78.095, 12.944], [78.0944, 12.9414], [78.0934, 12.9407], [78.0945, 12.939], [78.0981, 12.9395], [78.1016, 12.9394], [78.1052, 12.9394], [78.1081, 12.9403], [78.1089, 12.9423], [78.1099, 12.9417], [78.111, 12.9416], [78.1117, 12.9413], [78.1124, 12.9406], [78.1143, 12.9411], [78.1152, 12.9419], [78.1161, 12.9426], [78.1171, 12.9427], [78.1175, 12.9421], [78.1185, 12.9416], [78.119, 12.9412], [78.1195, 12.9407], [78.1202, 12.9404], [78.1201, 12.9398], [78.1201, 12.9391], [78.12, 12.9384], [78.12, 12.9378], [78.1199, 12.9359], [78.1199, 12.9353], [78.1199, 12.9347], [78.1199, 12.934], [78.1199, 12.9338], [78.1199, 12.9335], [78.12, 12.9329], [78.12, 12.9323], [78.12, 12.9316], [78.12, 12.931], [78.1201, 12.9304], [78.1196, 12.93], [78.1192, 12.9295], [78.1187, 12.9291], [78.1181, 12.9292], [78.1175, 12.9294], [78.1169, 12.9295], [78.1163, 12.9298], [78.1157, 12.9301], [78.1152, 12.9302], [78.1151, 12.9302], [78.1144, 12.9303], [78.1138, 12.9304], [78.1135, 12.9305], [78.1132, 12.9305], [78.1129, 12.93], [78.1126, 12.9295], [78.1123, 12.9289], [78.112, 12.9284], [78.1117, 12.9278], [78.1111, 12.9267], [78.1108, 12.9261], [78.1106, 12.9256], [78.1103, 12.9251], [78.1099, 12.9246], [78.1097, 12.924], [78.1089, 12.9227], [78.1086, 12.9227], [78.1083, 12.9227], [78.107, 12.9228], [78.1064, 12.9229], [78.1057, 12.923], [78.1051, 12.9231], [78.1047, 12.9232], [78.1045, 12.9232], [78.1038, 12.9232], [78.1023, 12.9225], [78.1018, 12.9222], [78.1013, 12.9218], [78.1008, 12.9215], [78.1004, 12.921], [78.0997, 12.9201], [78.0996, 12.9201], [78.0993, 12.9195], [78.0989, 12.9191], [78.0986, 12.9185], [78.0982, 12.9181], [78.0981, 12.918], [78.0976, 12.9178], [78.097, 12.9175], [78.0965, 12.9172], [78.096, 12.9169], [78.0955, 12.9165], [78.095, 12.9161], [78.0949, 12.916], [78.0946, 12.9156], [78.0945, 12.9156], [78.0941, 12.9152], [78.0937, 12.9147], [78.0931, 12.9142], [78.0933, 12.9137], [78.0935, 12.9132], [78.0937, 12.9126], [78.0939, 12.912], [78.0941, 12.9114], [78.0943, 12.9109], [78.0946, 12.9103], [78.0948, 12.9099], [78.095, 12.9094], [78.0951, 12.9092], [78.0955, 12.9087], [78.0959, 12.9083], [78.0965, 12.908], [78.0962, 12.9073], [78.096, 12.9068], [78.0958, 12.9062], [78.0957, 12.9056], [78.0956, 12.905], [78.0955, 12.9044], [78.0954, 12.9039], [78.0956, 12.9038], [78.0959, 12.9036], [78.0965, 12.9033], [78.0971, 12.903], [78.0976, 12.9027], [78.0982, 12.9025], [78.0987, 12.9023], [78.0992, 12.9021], [78.0993, 12.9021], [78.0999, 12.9022], [78.1005, 12.9023], [78.1012, 12.9025], [78.1019, 12.9029], [78.1024, 12.903], [78.1025, 12.903], [78.1025, 12.9024], [78.1025, 12.9018], [78.1025, 12.9012], [78.1025, 12.9006], [78.1025, 12.9001], [78.103, 12.8998], [78.1035, 12.8994], [78.1041, 12.8991], [78.1045, 12.8987], [78.1051, 12.8984], [78.1056, 12.8981], [78.1055, 12.8977], [78.1054, 12.8975], [78.1049, 12.8963], [78.1047, 12.8957], [78.1044, 12.8951], [78.1042, 12.8946], [78.1039, 12.894], [78.1036, 12.8933], [78.1036, 12.8927], [78.1038, 12.8921], [78.1039, 12.8915], [78.1039, 12.8909], [78.102, 12.8912], [78.1006, 12.8912], [78.0994, 12.891], [78.0988, 12.8913], [78.0978, 12.8911], [78.097, 12.8911], [78.0959, 12.8913], [78.0958, 12.8921], [78.0952, 12.8921], [78.0946, 12.8915], [78.0941, 12.8912], [78.0934, 12.8908], [78.0928, 12.8907], [78.0926, 12.8892], [78.0921, 12.8892], [78.092, 12.8891], [78.0919, 12.8895], [78.0914, 12.8898], [78.0914, 12.8905], [78.0908, 12.8906], [78.0905, 12.8909], [78.0898, 12.8908], [78.0887, 12.891], [78.0878, 12.8914], [78.0864, 12.8916], [78.0849, 12.8915], [78.0848, 12.892], [78.0828, 12.8923], [78.0826, 12.8916], [78.0822, 12.8916], [78.0817, 12.892], [78.082, 12.8925], [78.0826, 12.8926], [78.0835, 12.8927], [78.0833, 12.8934], [78.0824, 12.8935], [78.0816, 12.8934], [78.0809, 12.8936], [78.0803, 12.8936], [78.0804, 12.8929], [78.0799, 12.8931], [78.0803, 12.8945], [78.0803, 12.8957], [78.0804, 12.8968], [78.0796, 12.8974], [78.0793, 12.8976], [78.0787, 12.898], [78.0781, 12.8984], [78.0774, 12.8989], [78.0768, 12.8992], [78.0772, 12.8993], [78.0744, 12.9006], [78.0731, 12.9013], [78.0717, 12.9021], [78.0699, 12.9031], [78.0696, 12.9027], [78.0693, 12.902], [78.0681, 12.902], [78.0666, 12.902], [78.0646, 12.9025], [78.0649, 12.9039], [78.066, 12.9055], [78.065, 12.9068], [78.0651, 12.9074], [78.0659, 12.9082], [78.0659, 12.9091], [78.0658, 12.9097], [78.0657, 12.9109], [78.0653, 12.9111], [78.0644, 12.9109], [78.0634, 12.9119], [78.0643, 12.9135], [78.0646, 12.9158], [78.0637, 12.9179], [78.0649, 12.9189], [78.0647, 12.9202], [78.0648, 12.921], [78.0649, 12.9216], [78.0649, 12.9225], [78.0632, 12.9243], [78.0634, 12.9255], [78.0636, 12.9269], [78.0638, 12.9285], [78.0656, 12.9312], [78.0655, 12.9316], [78.0653, 12.9323], [78.0655, 12.9333], [78.0648, 12.9329], [78.0629, 12.9336], [78.059, 12.9338], [78.0574, 12.9346], [78.0578, 12.9361], [78.0578, 12.9362], [78.0581, 12.9371], [78.0579, 12.9379], [78.057, 12.9396], [78.0589, 12.9398], [78.0594, 12.9403], [78.0599, 12.942], [78.061, 12.9424], [78.0618, 12.9411], [78.0624, 12.9421], [78.0625, 12.9434], [78.0621, 12.9448], [78.0612, 12.9459], [78.0607, 12.946], [78.0606, 12.9465], [78.0628, 12.9472], [78.0651, 12.9473], [78.0675, 12.948], [78.0687, 12.9478], [78.0687, 12.9477], [78.0698, 12.9474], [78.0717, 12.9474], [78.0748, 12.949], [78.0768, 12.9497], [78.0804, 12.9503], [78.0814, 12.9512], [78.0851, 12.9512], [78.0884, 12.9503], [78.0932, 12.9488], [78.0939, 12.9487], [78.0945, 12.9485]]]}, "properties": {"OBJECTID": 230250, "gpcode": "218981", "gpname": "NUTUVE", "stname": "KARNATAKA", "dtname": "Kolar", "sdtname": "Malur", "stcode11": "29", "dtcode11": "581", "sdtcode11": "05592", "blklgdcode": "5871", "blkname": "MALUR", "dt_lgd": 542, "sdt_lgd": 5592, "st_lgd": 29, "vilcode11": 0, "vilname11": "", "pan_local": "MALUR", "b_pan_code": 6202, "b_pan_name": "MALUR", "d_pan_code": 497, "d_pan_name": "KOLAR", "gp_code": "218981", "gp_name": "NUTUVE", "st_2011": "29", "dt_2011": "581", "sdt_2011": "05592", "subdtname": "Malur", "block_name": "MALUR", "blk_lgdcod": "5871", "dtcode14": "581", "SHAPE_Length": 30979.130014658593, "SHAPE_Area": 27677553.280880254}}, {"type": "Feature", "geometry": {"type": "Polygon", "coordinates": [[[78.0253, 12.9453], [78.0257, 12.9453], [78.0264, 12.9454], [78.0267, 12.9454], [78.0271, 12.9454], [78.0282, 12.9445], [78.0287, 12.9439], [78.0297, 12.943], [78.0307, 12.942], [78.0311, 12.9415], [78.0316, 12.9411], [78.0322, 12.9406], [78.0324, 12.9403], [78.0334, 12.9394], [78.0341, 12.939], [78.0347, 12.9388], [78.0336, 12.9379], [78.0328, 12.9371], [78.0326, 12.9368], [78.0311, 12.9356], [78.0302, 12.9349], [78.0292, 12.9341], [78.0287, 12.9333], [78.0343, 12.9344], [78.0382, 12.9335], [78.0405, 12.9291], [78.0423, 12.9307], [78.0426, 12.9307], [78.0451, 12.9306], [78.0468, 12.9304], [78.0487, 12.9303], [78.0517, 12.9314], [78.0515, 12.9307], [78.0513, 12.9294], [78.0509, 12.9285], [78.0503, 12.9276], [78.05, 12.9267], [78.0504, 12.9243], [78.0508, 12.9227], [78.0515, 12.9224], [78.0533, 12.9215], [78.0548, 12.9204], [78.0552, 12.9186], [78.0553, 12.9165], [78.0554, 12.9137], [78.0552, 12.9112], [78.0551, 12.9112], [78.054, 12.911], [78.053, 12.9104], [78.052, 12.9098], [78.0509, 12.91], [78.0499, 12.9111], [78.0495, 12.9108], [78.049, 12.9096], [78.0485, 12.9093], [78.0472, 12.9096], [78.0465, 12.9099], [78.0465, 12.9094], [78.0458, 12.9088], [78.044, 12.9084], [78.0427, 12.9076], [78.0417, 12.9065], [78.0406, 12.9057], [78.0394, 12.9065], [78.0389, 12.907], [78.0389, 12.9064], [78.0374, 12.9062], [78.0359, 12.9052], [78.0346, 12.9039], [78.0339, 12.9032], [78.0346, 12.9015], [78.0334, 12.9019], [78.0325, 12.9021], [78.031, 12.9029], [78.0304, 12.9037], [78.0305, 12.9044], [78.0312, 12.9053], [78.0321, 12.9069], [78.0317, 12.9076], [78.0312, 12.908], [78.0303, 12.9085], [78.0289, 12.9096], [78.0289, 12.91], [78.0296, 12.9108], [78.0305, 12.912], [78.0316, 12.9137], [78.0323, 12.9145], [78.0325, 12.9153], [78.0325, 12.9154], [78.0322, 12.9155], [78.0298, 12.9146], [78.0266, 12.914], [78.025, 12.9142], [78.0241, 12.9148], [78.0238, 12.9156], [78.0239, 12.9173], [78.023, 12.917], [78.0219, 12.9164], [78.0209, 12.9155], [78.0198, 12.9139], [78.0194, 12.9129], [78.0195, 12.9109], [78.0194, 12.9098], [78.019, 12.9091], [78.0187, 12.9089], [78.0182, 12.9088], [78.0174, 12.9087], [78.0167, 12.9088], [78.0162, 12.9094], [78.0157, 12.9098], [78.0154, 12.9092], [78.0128, 12.9064], [78.0125, 12.9068], [78.0124, 12.9068], [78.0114, 12.906], [78.0089, 12.9028], [78.0088, 12.9021], [78.0054, 12.9041], [78.0035, 12.9049], [78.0012, 12.9061], [77.9989, 12.9071], [77.9975, 12.908], [77.9959, 12.9095], [77.994, 12.9105], [77.9926, 12.9112], [77.9912, 12.9119], [77.9898, 12.9126], [77.9888, 12.913], [77.9881, 12.9135], [77.9871, 12.9142], [77.9864, 12.9146], [77.9851, 12.9151], [77.9831, 12.9157], [77.9809, 12.9162], [77.9786, 12.9167], [77.9779, 12.9169], [77.9772, 12.9177], [77.9759, 12.9193], [77.9742, 12.9212], [77.9722, 12.922], [77.969, 12.9232], [77.967, 12.9239], [77.9661, 12.9242], [77.9654, 12.9245], [77.9662, 12.9252], [77.9671, 12.9258], [77.9688, 12.927], [77.9695, 12.9275], [77.9702, 12.928], [77.9696, 12.9291], [77.9691, 12.9299], [77.9712, 12.9291], [77.9717, 12.9289], [77.9737, 12.9298], [77.9748, 12.9302], [77.9757, 12.9304], [77.9771, 12.9308], [77.9781, 12.931], [77.9789, 12.9312], [77.9817, 12.9318], [77.9854, 12.9327], [77.9858, 12.9328], [77.9861, 12.9328], [77.9867, 12.933], [77.9891, 12.9333], [77.9901, 12.9335], [77.9913, 12.9328], [77.9933, 12.9315], [77.9951, 12.9304], [77.9967, 12.9302], [77.9983, 12.93], [77.9989, 12.9296], [77.9998, 12.9291], [78.0013, 12.9284], [78.0027, 12.9281], [78.0036, 12.9279], [78.0045, 12.928], [78.005, 12.9284], [78.0048, 12.9286], [78.0047, 12.9292], [78.0047, 12.9296], [78.005, 12.9304], [78.0054, 12.931], [78.0059, 12.9317], [78.0067, 12.9323], [78.0071, 12.9328], [78.0082, 12.9336], [78.0086, 12.934], [78.0091, 12.9344], [78.0091, 12.9352], [78.0091, 12.9357], [78.0091, 12.9367], [78.009, 12.9389], [78.0105, 12.9385], [78.0115, 12.9383], [78.0124, 12.9415], [78.0147, 12.9445], [78.0175, 12.9437], [78.0177, 12.9435], [78.0187, 12.9426], [78.0196, 12.9414], [78.021, 12.9406], [78.021, 12.9405], [78.0212, 12.9406], [78.0209, 12.941], [78.0207, 12.9414], [78.0205, 12.9421], [78.0204, 12.9426], [78.0203, 12.9431], [78.0199, 12.9438], [78.0194, 12.9448], [78.019, 12.9451], [78.0184, 12.9456], [78.0181, 12.9456], [78.0174, 12.9457], [78.0177, 12.9471], [78.0182, 12.9483], [78.0182, 12.9487], [78.0183, 12.9497], [78.0184, 12.9502], [78.0184, 12.9507], [78.0192, 12.9502], [78.0194, 12.95], [78.0199, 12.9495], [78.0206, 12.9488], [78.0214, 12.9483], [78.0229, 12.9479], [78.0233, 12.9476], [78.0239, 12.9472], [78.0243, 12.9469], [78.0244, 12.9466], [78.0246, 12.9464], [78.0247, 12.9461], [78.0249, 12.9455], [78.0253, 12.9453]]]}, "properties": {"OBJECTID": 230251, "gpcode": "218982", "gpname": "RAJENAHALLI", "stname": "KARNATAKA", "dtname": "Kolar", "sdtname": "Malur", "stcode11": "29", "dtcode11": "581", "sdtcode11": "05592", "blklgdcode": "5871", "blkname": "MALUR", "dt_lgd": 542, "sdt_lgd": 5592, "st_lgd": 29, "vilcode11": 0, "vilname11": "", "pan_local": "MALUR", "b_pan_code": 6202, "b_pan_name": "MALUR", "d_pan_code": 497, "d_pan_name": "KOLAR", "gp_code": "218982", "gp_name": "RAJENAHALLI", "st_2011": "29", "dt_2011": "581", "sdt_2011": "05592", "subdtname": "Malur", "block_name": "MALUR", "blk_lgdcod": "5871", "dtcode14": "581", "SHAPE_Length": 33955.79760039088, "SHAPE_Area": 25663538.668915365}}, {"type": "Feature", "geometry": {"type": "Polygon", "coordinates": [[[77.9854, 12.9639], [77.9864, 12.9638], [77.9874, 12.964], [77.988, 12.9641], [77.9886, 12.9643], [77.9893, 12.9648], [77.9899, 12.9652], [77.9905, 12.9654], [77.9909, 12.9654], [77.9917, 12.9655], [77.9921, 12.9656], [77.9924, 12.9658], [77.9928, 12.9663], [77.9932, 12.9669], [77.9939, 12.9674], [77.995, 12.9672], [77.9961, 12.9671], [77.9974, 12.9672], [77.9984, 12.9672], [77.9989, 12.9659], [77.9984, 12.9654], [77.9981, 12.9647], [77.998, 12.9646], [77.9976, 12.9637], [77.9973, 12.9622], [77.996, 12.9603], [77.9951, 12.959], [77.9939, 12.9578], [77.9933, 12.9569], [77.992, 12.9546], [77.9902, 12.9518], [77.9893, 12.9517], [77.988, 12.9515], [77.9877, 12.9512], [77.9872, 12.9505], [77.9871, 12.9501], [77.9869, 12.9491], [77.9868, 12.9482], [77.9867, 12.9475], [77.9865, 12.9469], [77.9862, 12.9458], [77.9857, 12.9442], [77.9845, 12.9455], [77.9839, 12.946], [77.9835, 12.9463], [77.9829, 12.9466], [77.9823, 12.9467], [77.9818, 12.9467], [77.9802, 12.9467], [77.9791, 12.9467], [77.9778, 12.9466], [77.9767, 12.9464], [77.9745, 12.9462], [77.9732, 12.946], [77.9719, 12.9459], [77.9709, 12.9477], [77.9693, 12.951], [77.9688, 12.9522], [77.9687, 12.9527], [77.9683, 12.954], [77.968, 12.9552], [77.9681, 12.9557], [77.9681, 12.9563], [77.968, 12.9569], [77.9675, 12.958], [77.967, 12.9591], [77.9676, 12.9594], [77.9679, 12.9596], [77.9685, 12.9603], [77.9693, 12.9612], [77.9699, 12.9617], [77.9701, 12.9622], [77.9702, 12.9635], [77.9703, 12.9658], [77.9704, 12.9661], [77.9704, 12.9663], [77.9704, 12.9668], [77.9705, 12.9673], [77.9706, 12.9678], [77.9708, 12.9684], [77.9709, 12.969], [77.9711, 12.9693], [77.9714, 12.9698], [77.972, 12.9707], [77.9726, 12.9717], [77.9731, 12.9725], [77.9735, 12.9737], [77.9739, 12.9751], [77.9741, 12.9761], [77.9741, 12.9762], [77.9747, 12.9754], [77.9757, 12.9738], [77.9765, 12.9723], [77.9765, 12.9706], [77.9764, 12.9685], [77.9763, 12.9679], [77.977, 12.9679], [77.9778, 12.9679], [77.9783, 12.9678], [77.9786, 12.9677], [77.9797, 12.9667], [77.9808, 12.9657], [77.9818, 12.9647], [77.983, 12.9641], [77.9837, 12.964], [77.9854, 12.9639]]]}, "properties": {"OBJECTID": 230252, "gpcode": "218983", "gpname": "SANTEHALLI", "stname": "KARNATAKA", "dtname": "Kolar", "sdtname": "Malur", "stcode11": "29", "dtcode11": "581", "sdtcode11": "05592", "blklgdcode": "5871", "blkname": "MALUR", "dt_lgd": 542, "sdt_lgd": 5592, "st_lgd": 29, "vilcode11": 0, "vilname11": "", "pan_local": "MALUR", "b_pan_code": 6202, "b_pan_name": "MALUR", "d_pan_code": 497, "d_pan_name": "KOLAR", "gp_code": "218983", "gp_name": "SANTEHALLI", "st_2011": "29", "dt_2011": "581", "sdt_2011": "05592", "subdtname": "Malur", "block_name": "MALUR", "blk_lgdcod": "5871", "dtcode14": "581", "SHAPE_Length": 12448.729198383946, "SHAPE_Area": 6317225.383351847}}, {"type": "Feature", "geometry": {"type": "Polygon", "coordinates": [[[77.9666, 12.993], [77.9668, 12.992], [77.967, 12.9917], [77.9672, 12.9912], [77.9679, 12.9901], [77.9686, 12.9891], [77.9695, 12.9878], [77.9699, 12.9873], [77.9704, 12.9866], [77.9712, 12.9859], [77.9713, 12.9856], [77.9714, 12.9851], [77.9716, 12.9841], [77.9716, 12.9834], [77.9715, 12.9829], [77.9713, 12.9818], [77.9712, 12.9808], [77.9705, 12.9805], [77.9695, 12.9801], [77.9681, 12.9795], [77.9664, 12.9788], [77.9656, 12.9785], [77.9652, 12.9777], [77.9648, 12.9767], [77.9646, 12.976], [77.9644, 12.975], [77.9641, 12.9733], [77.9639, 12.9721], [77.9637, 12.9714], [77.963, 12.9697], [77.9624, 12.9679], [77.9623, 12.9672], [77.962, 12.9661], [77.962, 12.9659], [77.9629, 12.9652], [77.9633, 12.9647], [77.963, 12.964], [77.9627, 12.9627], [77.9621, 12.9605], [77.9619, 12.9594], [77.9617, 12.9586], [77.9618, 12.9574], [77.9619, 12.9563], [77.9622, 12.9555], [77.9625, 12.9549], [77.9624, 12.9545], [77.9623, 12.9533], [77.9622, 12.9523], [77.962, 12.9511], [77.9621, 12.9502], [77.9623, 12.95], [77.962, 12.9495], [77.9617, 12.9489], [77.9615, 12.9487], [77.9612, 12.9485], [77.9611, 12.9485], [77.9606, 12.9486], [77.9598, 12.9488], [77.9592, 12.949], [77.9585, 12.9491], [77.9582, 12.9491], [77.9575, 12.9494], [77.9571, 12.9496], [77.9568, 12.9499], [77.9567, 12.9503], [77.9568, 12.951], [77.9567, 12.9517], [77.9566, 12.9521], [77.9565, 12.9524], [77.9563, 12.9527], [77.956, 12.953], [77.9559, 12.9531], [77.9554, 12.9533], [77.9548, 12.9537], [77.9543, 12.954], [77.9534, 12.9547], [77.9551, 12.9552], [77.9561, 12.9556], [77.9564, 12.9571], [77.9561, 12.9579], [77.9566, 12.9585], [77.957, 12.959], [77.9573, 12.9593], [77.9567, 12.9599], [77.9562, 12.9604], [77.9559, 12.9606], [77.9556, 12.9606], [77.9548, 12.9607], [77.9542, 12.9607], [77.9534, 12.9607], [77.9533, 12.9607], [77.9528, 12.9602], [77.9513, 12.9585], [77.9506, 12.9577], [77.9496, 12.9586], [77.9491, 12.959], [77.9483, 12.9597], [77.9474, 12.9603], [77.947, 12.9606], [77.9467, 12.9607], [77.9464, 12.9606], [77.9459, 12.9604], [77.9455, 12.96], [77.9453, 12.9597], [77.945, 12.9586], [77.9447, 12.9578], [77.9441, 12.9576], [77.9438, 12.9574], [77.9429, 12.9568], [77.9423, 12.9564], [77.942, 12.9568], [77.9418, 12.9571], [77.9418, 12.9578], [77.941, 12.9586], [77.9405, 12.959], [77.9403, 12.959], [77.9397, 12.959], [77.9377, 12.9588], [77.9352, 12.9585], [77.9342, 12.9584], [77.9326, 12.9582], [77.9312, 12.9581], [77.9301, 12.9581], [77.9301, 12.9587], [77.93, 12.9597], [77.9299, 12.9607], [77.9296, 12.9618], [77.9295, 12.9622], [77.9295, 12.9626], [77.9294, 12.9641], [77.9293, 12.9643], [77.9286, 12.9652], [77.9275, 12.9668], [77.9266, 12.9679], [77.9264, 12.9679], [77.9253, 12.9682], [77.9229, 12.9687], [77.9216, 12.969], [77.9204, 12.969], [77.9217, 12.9707], [77.9225, 12.9715], [77.9235, 12.9723], [77.9242, 12.9732], [77.925, 12.974], [77.9257, 12.9749], [77.9263, 12.9756], [77.9272, 12.9766], [77.9276, 12.9771], [77.9279, 12.9775], [77.9278, 12.9791], [77.9278, 12.9799], [77.9284, 12.9806], [77.9291, 12.982], [77.9302, 12.9839], [77.9288, 12.9837], [77.9297, 12.9853], [77.9303, 12.9868], [77.9305, 12.9863], [77.9307, 12.986], [77.9316, 12.9856], [77.9321, 12.9855], [77.9324, 12.9854], [77.9328, 12.9854], [77.9333, 12.9853], [77.9339, 12.9852], [77.9353, 12.9853], [77.9364, 12.9855], [77.9372, 12.9854], [77.9376, 12.9852], [77.9384, 12.9843], [77.9387, 12.984], [77.94, 12.9846], [77.9415, 12.9849], [77.9428, 12.9852], [77.944, 12.9854], [77.9455, 12.9856], [77.9469, 12.986], [77.9471, 12.989], [77.9471, 12.9923], [77.9497, 12.9923], [77.951, 12.9943], [77.9519, 12.9952], [77.9521, 12.9954], [77.9534, 12.9948], [77.9548, 12.9943], [77.956, 12.9937], [77.9574, 12.9932], [77.9591, 12.9925], [77.9592, 12.9931], [77.9593, 12.9939], [77.9596, 12.9948], [77.9599, 12.9961], [77.9603, 12.9973], [77.9606, 12.9984], [77.9608, 12.9991], [77.9611, 12.9998], [77.9623, 12.9994], [77.9633, 12.999], [77.9644, 12.9986], [77.9655, 12.9982], [77.9661, 12.9979], [77.9666, 12.9976], [77.9667, 12.996], [77.9666, 12.9949], [77.9668, 12.9939], [77.9668, 12.9932], [77.9666, 12.993]], [[77.9538, 12.9687], [77.9549, 12.9687], [77.9563, 12.9687], [77.957, 12.9708], [77.9575, 12.9719], [77.9577, 12.9721], [77.9583, 12.9723], [77.9587, 12.9728], [77.9593, 12.9739], [77.9589, 12.9744], [77.9582, 12.9754], [77.9576, 12.9762], [77.9573, 12.9765], [77.9564, 12.9765], [77.9554, 12.9764], [77.9543, 12.9762], [77.9538, 12.9762], [77.9533, 12.975], [77.9527, 12.9734], [77.9525, 12.9732], [77.9514, 12.9731], [77.9506, 12.9731], [77.9492, 12.973], [77.9487, 12.9712], [77.9485, 12.9701], [77.9484, 12.9696], [77.9493, 12.9695], [77.9504, 12.9693], [77.9515, 12.9692], [77.953, 12.9689], [77.9538, 12.9687]], [[77.9334, 12.963], [77.9332, 12.9625], [77.9351, 12.9625], [77.9361, 12.9626], [77.9371, 12.9626], [77.9379, 12.9628], [77.9382, 12.9639], [77.9384, 12.9646], [77.9387, 12.9652], [77.9391, 12.9657], [77.9394, 12.9659], [77.9399, 12.9662], [77.9403, 12.9664], [77.9404, 12.9665], [77.9395, 12.9672], [77.9392, 12.9673], [77.9389, 12.9674], [77.9385, 12.9673], [77.9378, 12.967], [77.936, 12.9664], [77.9353, 12.9662], [77.9347, 12.966], [77.934, 12.9646], [77.9334, 12.963]]]}, "properties": {"OBJECTID": 230253, "gpcode": "218983", "gpname": "SANTEHALLI", "stname": "KARNATAKA", "dtname": "Kolar", "sdtname": "Malur", "stcode11": "29", "dtcode11": "581", "sdtcode11": "05592", "blklgdcode": "5871", "blkname": "MALUR", "dt_lgd": 542, "sdt_lgd": 5592, "st_lgd": 29, "vilcode11": 0, "vilname11": "", "pan_local": "MALUR", "b_pan_code": 6202, "b_pan_name": "MALUR", "d_pan_code": 497, "d_pan_name": "KOLAR", "gp_code": "218983", "gp_name": "SANTEHALLI", "st_2011": "29", "dt_2011": "581", "sdt_2011": "05592", "subdtname": "Malur", "block_name": "MALUR", "blk_lgdcod": "5871", "dtcode14": "581", "SHAPE_Length": 28390.625858353676, "SHAPE_Area": 15284684.573862426}}, {"type": "Feature", "geometry": {"type": "Polygon", "coordinates": [[[77.9622, 13.0889], [77.9609, 13.0863], [77.96, 13.0866], [77.9591, 13.0856], [77.9584, 13.0844], [77.9578, 13.0831], [77.9572, 13.0834], [77.9558, 13.0838], [77.9552, 13.0839], [77.9548, 13.0842], [77.9544, 13.0846], [77.954, 13.0847], [77.9537, 13.0847], [77.953, 13.0848], [77.9522, 13.085], [77.9514, 13.0853], [77.9501, 13.0858], [77.9491, 13.0864], [77.9477, 13.0871], [77.9465, 13.0877], [77.9458, 13.0881], [77.9453, 13.0883], [77.9443, 13.0884], [77.9432, 13.0884], [77.9417, 13.0887], [77.9397, 13.0891], [77.9386, 13.0892], [77.9388, 13.0905], [77.9389, 13.0916], [77.939, 13.0925], [77.9393, 13.0947], [77.9394, 13.0957], [77.9396, 13.0965], [77.9396, 13.0971], [77.9396, 13.0976], [77.9396, 13.0998], [77.9398, 13.1018], [77.9398, 13.1022], [77.9421, 13.1038], [77.9434, 13.1047], [77.9446, 13.1051], [77.946, 13.1055], [77.9468, 13.1055], [77.9507, 13.1031], [77.953, 13.1016], [77.9534, 13.1013], [77.9545, 13.1007], [77.9552, 13.1002], [77.9576, 13.1001], [77.9586, 13.0985], [77.9602, 13.0962], [77.962, 13.0937], [77.9628, 13.0928], [77.9615, 13.0906], [77.9622, 13.0889]]]}, "properties": {"OBJECTID": 230254, "gpcode": "218984", "gpname": "SHIVARAPATNA", "stname": "KARNATAKA", "dtname": "Kolar", "sdtname": "Malur", "stcode11": "29", "dtcode11": "581", "sdtcode11": "05592", "blklgdcode": "5871", "blkname": "MALUR", "dt_lgd": 542, "sdt_lgd": 5592, "st_lgd": 29, "vilcode11": 0, "vilname11": "", "pan_local": "MALUR", "b_pan_code": 6202, "b_pan_name": "MALUR", "d_pan_code": 497, "d_pan_name": "KOLAR", "gp_code": "218984", "gp_name": "SHIVARAPATNA", "st_2011": "29", "dt_2011": "581", "sdt_2011": "05592", "subdtname": "Malur", "block_name": "MALUR", "blk_lgdcod": "5871", "dtcode14": "581", "SHAPE_Length": 8455.616371113474, "SHAPE_Area": 4453261.555777358}}, {"type": "Feature", "geometry": {"type": "Polygon", "coordinates": [[[77.9884, 13.0965], [77.9905, 13.0963], [77.9955, 13.0963], [77.9955, 13.0942], [77.9954, 13.092], [77.9953, 13.0898], [77.995, 13.0888], [77.9944, 13.088], [77.9941, 13.087], [77.9941, 13.0859], [77.9942, 13.0852], [77.9949, 13.0841], [77.9951, 13.0837], [77.9957, 13.0829], [77.9969, 13.0819], [77.9988, 13.0803], [77.9997, 13.0803], [78.001, 13.0799], [78.0025, 13.0795], [78.0032, 13.0786], [78.0028, 13.0771], [78.0028, 13.0753], [78.0052, 13.0741], [78.0077, 13.0726], [78.01, 13.0719], [78.0103, 13.0711], [78.0102, 13.0704], [78.0101, 13.0697], [78.0094, 13.069], [78.0086, 13.0688], [78.0057, 13.0678], [78.0042, 13.0668], [78.0038, 13.0663], [78.0034, 13.0656], [78.0031, 13.0642], [78.0032, 13.0626], [78.0042, 13.063], [78.005, 13.0625], [78.0055, 13.0629], [78.0066, 13.0623], [78.007, 13.0628], [78.0078, 13.0635], [78.0084, 13.0635], [78.0093, 13.0636], [78.0128, 13.0637], [78.0156, 13.0636], [78.0177, 13.0632], [78.0195, 13.0629], [78.0202, 13.0629], [78.0203, 13.0621], [78.0207, 13.0619], [78.0213, 13.0616], [78.0218, 13.0579], [78.0221, 13.0557], [78.0224, 13.0527], [78.021, 13.0528], [78.0198, 13.053], [78.0176, 13.0533], [78.0159, 13.053], [78.0148, 13.053], [78.0142, 13.0525], [78.0137, 13.0511], [78.0125, 13.0508], [78.0122, 13.0511], [78.0117, 13.0505], [78.0112, 13.0507], [78.011, 13.0501], [78.0103, 13.0504], [78.0101, 13.0499], [78.0103, 13.0493], [78.0097, 13.0489], [78.0099, 13.0483], [78.0093, 13.0476], [78.0088, 13.0475], [78.0087, 13.047], [78.0081, 13.0469], [78.0078, 13.0465], [78.0075, 13.047], [78.0069, 13.0458], [78.0062, 13.0459], [78.005, 13.0456], [78.0049, 13.0451], [78.0043, 13.0454], [78.0039, 13.0455], [78.0034, 13.0459], [78.003, 13.0464], [78.0027, 13.0467], [78.0023, 13.0469], [77.9988, 13.0484], [77.9991, 13.0493], [77.9992, 13.0502], [77.9996, 13.051], [78.0004, 13.0515], [78.0008, 13.052], [78.0003, 13.0531], [78.0002, 13.0537], [78.0012, 13.0568], [78.0013, 13.0577], [78.0005, 13.0586], [78.0002, 13.0584], [77.9999, 13.0587], [77.9996, 13.0583], [77.9988, 13.0585], [77.9983, 13.0571], [77.998, 13.0569], [77.9977, 13.0569], [77.9975, 13.057], [77.9971, 13.0568], [77.9968, 13.0567], [77.9965, 13.0565], [77.9965, 13.0562], [77.9964, 13.0557], [77.9964, 13.0553], [77.9964, 13.0546], [77.9964, 13.0538], [77.996, 13.0538], [77.995, 13.0539], [77.9943, 13.054], [77.9938, 13.0543], [77.9933, 13.0547], [77.9927, 13.0553], [77.9922, 13.0559], [77.9907, 13.0562], [77.989, 13.0565], [77.987, 13.0569], [77.9847, 13.0572], [77.9843, 13.0569], [77.9838, 13.0566], [77.9817, 13.0556], [77.9809, 13.0553], [77.981, 13.0539], [77.9801, 13.0534], [77.9789, 13.0528], [77.9775, 13.0529], [77.976, 13.0529], [77.9744, 13.053], [77.9746, 13.0537], [77.9747, 13.0545], [77.9747, 13.0553], [77.9748, 13.0556], [77.9753, 13.0558], [77.9764, 13.0583], [77.9772, 13.0601], [77.9778, 13.0613], [77.978, 13.0621], [77.9781, 13.0631], [77.978, 13.0638], [77.9779, 13.0657], [77.9777, 13.067], [77.9776, 13.0681], [77.9775, 13.0698], [77.9773, 13.0723], [77.9771, 13.0741], [77.9769, 13.0768], [77.9767, 13.0794], [77.9765, 13.0815], [77.9763, 13.0839], [77.9763, 13.0843], [77.9761, 13.0867], [77.9759, 13.089], [77.9755, 13.0932], [77.9737, 13.0934], [77.9745, 13.0959], [77.975, 13.0978], [77.9745, 13.0989], [77.9746, 13.101], [77.9746, 13.1025], [77.9752, 13.1029], [77.9778, 13.1056], [77.9805, 13.1058], [77.9812, 13.1082], [77.9849, 13.1079], [77.9853, 13.1078], [77.9853, 13.1066], [77.9864, 13.1064], [77.9882, 13.104], [77.9891, 13.1025], [77.9905, 13.1001], [77.9884, 13.0965]]]}, "properties": {"OBJECTID": 230255, "gpcode": "218984", "gpname": "SHIVARAPATNA", "stname": "KARNATAKA", "dtname": "Kolar", "sdtname": "Malur", "stcode11": "29", "dtcode11": "581", "sdtcode11": "05592", "blklgdcode": "5871", "blkname": "MALUR", "dt_lgd": 542, "sdt_lgd": 5592, "st_lgd": 29, "vilcode11": 0, "vilname11": "", "pan_local": "MALUR", "b_pan_code": 6202, "b_pan_name": "MALUR", "d_pan_code": 497, "d_pan_name": "KOLAR", "gp_code": "218984", "gp_name": "SHIVARAPATNA", "st_2011": "29", "dt_2011": "581", "sdt_2011": "05592", "subdtname": "Malur", "block_name": "MALUR", "blk_lgdcod": "5871", "dtcode14": "581", "SHAPE_Length": 27136.75925422934, "SHAPE_Area": 17900189.229438968}}, {"type": "Feature", "geometry": {"type": "Polygon", "coordinates": [[[78.1207, 12.9955], [78.1214, 12.9955], [78.122, 12.9955], [78.1226, 12.9954], [78.1232, 12.9954], [78.1237, 12.9954], [78.1244, 12.9953], [78.125, 12.9952], [78.1251, 12.9952], [78.1255, 12.9952], [78.1262, 12.9952], [78.1263, 12.9945], [78.1264, 12.994], [78.1266, 12.9934], [78.1268, 12.9929], [78.1271, 12.9922], [78.1273, 12.9917], [78.1275, 12.991], [78.127, 12.9904], [78.1259, 12.9894], [78.124, 12.9882], [78.1242, 12.9863], [78.1242, 12.9855], [78.1239, 12.9853], [78.1227, 12.9845], [78.1208, 12.9835], [78.1184, 12.982], [78.1169, 12.9814], [78.1166, 12.9809], [78.1168, 12.979], [78.1171, 12.9772], [78.1162, 12.9768], [78.116, 12.9764], [78.1152, 12.9768], [78.1136, 12.9762], [78.1122, 12.9765], [78.1113, 12.9758], [78.1107, 12.9759], [78.1094, 12.9766], [78.1082, 12.9793], [78.1076, 12.9806], [78.1085, 12.9808], [78.1108, 12.9814], [78.1114, 12.982], [78.1115, 12.9831], [78.1109, 12.9836], [78.1104, 12.9842], [78.1103, 12.9845], [78.1016, 12.984], [78.1002, 12.9821], [78.0979, 12.9803], [78.0973, 12.9799], [78.0961, 12.9793], [78.0941, 12.9786], [78.0935, 12.9782], [78.0919, 12.9775], [78.0902, 12.977], [78.0874, 12.9762], [78.0869, 12.976], [78.0861, 12.9742], [78.0855, 12.973], [78.0849, 12.9718], [78.0845, 12.9709], [78.0841, 12.9698], [78.0831, 12.9684], [78.0817, 12.9669], [78.0799, 12.9644], [78.0788, 12.9637], [78.0779, 12.9625], [78.0773, 12.9619], [78.0767, 12.9612], [78.0761, 12.9605], [78.0759, 12.9604], [78.0752, 12.96], [78.0746, 12.9595], [78.0741, 12.9591], [78.0733, 12.9585], [78.073, 12.9582], [78.0721, 12.9575], [78.0717, 12.9571], [78.0707, 12.9565], [78.0697, 12.9561], [78.0681, 12.9555], [78.0671, 12.955], [78.0662, 12.9547], [78.0663, 12.9536], [78.0663, 12.9524], [78.0638, 12.9526], [78.0632, 12.9535], [78.0619, 12.9526], [78.0606, 12.9523], [78.0602, 12.9514], [78.0596, 12.9516], [78.0579, 12.9524], [78.0565, 12.9527], [78.0558, 12.9522], [78.0554, 12.9519], [78.0549, 12.9515], [78.0545, 12.9513], [78.0539, 12.9517], [78.053, 12.9521], [78.0518, 12.9524], [78.0508, 12.9522], [78.0496, 12.9518], [78.0485, 12.951], [78.048, 12.9527], [78.0475, 12.9541], [78.048, 12.9564], [78.0488, 12.9583], [78.0497, 12.9597], [78.0502, 12.9613], [78.0499, 12.9623], [78.0502, 12.964], [78.0502, 12.9652], [78.0499, 12.9669], [78.05, 12.9669], [78.0504, 12.9671], [78.0515, 12.9672], [78.0523, 12.9677], [78.0529, 12.9679], [78.054, 12.968], [78.0555, 12.968], [78.0562, 12.968], [78.0569, 12.9678], [78.0579, 12.9676], [78.059, 12.9673], [78.0597, 12.9672], [78.0597, 12.9686], [78.0586, 12.9689], [78.0582, 12.9702], [78.0585, 12.9712], [78.0582, 12.9728], [78.0583, 12.9739], [78.0576, 12.9747], [78.0563, 12.9757], [78.0562, 12.9757], [78.0563, 12.9762], [78.0564, 12.9772], [78.0561, 12.9785], [78.0558, 12.979], [78.0559, 12.9793], [78.0561, 12.9804], [78.0562, 12.9811], [78.0563, 12.9812], [78.0563, 12.9807], [78.0567, 12.9807], [78.057, 12.9808], [78.0574, 12.9818], [78.056, 12.9825], [78.0558, 12.9835], [78.056, 12.9843], [78.057, 12.984], [78.058, 12.9838], [78.0589, 12.9828], [78.0596, 12.9819], [78.0599, 12.9815], [78.0595, 12.9829], [78.0595, 12.9838], [78.0602, 12.9843], [78.0609, 12.9845], [78.0616, 12.9851], [78.0625, 12.9859], [78.0633, 12.9863], [78.0639, 12.9861], [78.0642, 12.9858], [78.0644, 12.9855], [78.0652, 12.9847], [78.0658, 12.9839], [78.0657, 12.9833], [78.0657, 12.9828], [78.0651, 12.9817], [78.0645, 12.981], [78.0633, 12.981], [78.0634, 12.98], [78.0629, 12.9787], [78.0627, 12.9784], [78.064, 12.9783], [78.0651, 12.9785], [78.0652, 12.9785], [78.0668, 12.9784], [78.0681, 12.978], [78.0692, 12.9789], [78.069, 12.9796], [78.0696, 12.9804], [78.0702, 12.9806], [78.0707, 12.9814], [78.0714, 12.9822], [78.0723, 12.9829], [78.0727, 12.9842], [78.0728, 12.985], [78.0738, 12.9862], [78.0746, 12.9864], [78.0759, 12.9864], [78.0777, 12.9863], [78.0777, 12.9873], [78.0779, 12.9886], [78.0788, 12.9908], [78.0792, 12.9922], [78.0803, 12.9922], [78.0812, 12.9918], [78.0824, 12.9926], [78.0846, 12.9936], [78.0875, 12.9949], [78.0889, 12.9953], [78.0909, 12.9966], [78.0939, 12.9981], [78.097, 12.9997], [78.0983, 13.0006], [78.0993, 13.0012], [78.0996, 13.0013], [78.0979, 13.0031], [78.0979, 13.0057], [78.0993, 13.0061], [78.1013, 13.0061], [78.1047, 13.0082], [78.1083, 13.0104], [78.1096, 13.0107], [78.1117, 13.0112], [78.1148, 13.0122], [78.116, 13.0107], [78.1172, 13.009], [78.1179, 13.0068], [78.1181, 13.0043], [78.1176, 13.0025], [78.1171, 13.0019], [78.1164, 13.0013], [78.1162, 13.0011], [78.1157, 13.0007], [78.1152, 13.0003], [78.1146, 13.0], [78.1141, 12.9996], [78.1137, 12.9992], [78.1131, 12.9988], [78.1126, 12.9985], [78.1121, 12.998], [78.112, 12.9975], [78.112, 12.9968], [78.112, 12.9962], [78.1126, 12.9961], [78.1132, 12.996], [78.1138, 12.9959], [78.1143, 12.9959], [78.1145, 12.9959], [78.1151, 12.9958], [78.1158, 12.9958], [78.1164, 12.9958], [78.117, 12.9957], [78.1176, 12.9957], [78.1182, 12.9956], [78.1188, 12.9956], [78.119, 12.9956], [78.1195, 12.9956], [78.1201, 12.9956], [78.1207, 12.9955]]]}, "properties": {"OBJECTID": 230256, "gpcode": "218985", "gpname": "TEKAL", "stname": "KARNATAKA", "dtname": "Kolar", "sdtname": "Malur", "stcode11": "29", "dtcode11": "581", "sdtcode11": "05592", "blklgdcode": "5871", "blkname": "MALUR", "dt_lgd": 542, "sdt_lgd": 5592, "st_lgd": 29, "vilcode11": 0, "vilname11": "", "pan_local": "MALUR", "b_pan_code": 6202, "b_pan_name": "MALUR", "d_pan_code": 497, "d_pan_name": "KOLAR", "gp_code": "218985", "gp_name": "TEKAL", "st_2011": "29", "dt_2011": "581", "sdt_2011": "05592", "subdtname": "Malur", "block_name": "MALUR", "blk_lgdcod": "5871", "dtcode14": "581", "SHAPE_Length": 33947.14906052096, "SHAPE_Area": 22373855.86159197}}, {"type": "Feature", "geometry": {"type": "Polygon", "coordinates": [[[77.9368, 13.0541], [77.9374, 13.0537], [77.9373, 13.0537], [77.9354, 13.0527], [77.9353, 13.0514], [77.9327, 13.0513], [77.9323, 13.0487], [77.9319, 13.0457], [77.9316, 13.0432], [77.9314, 13.0408], [77.9304, 13.0411], [77.9282, 13.0418], [77.9271, 13.0422], [77.9252, 13.0427], [77.9245, 13.0421], [77.9235, 13.0411], [77.9233, 13.0411], [77.9216, 13.0415], [77.92, 13.0404], [77.9183, 13.0393], [77.9165, 13.0403], [77.9163, 13.0397], [77.9161, 13.0391], [77.9162, 13.0387], [77.9168, 13.0383], [77.918, 13.0376], [77.9178, 13.0374], [77.9167, 13.0359], [77.9147, 13.0331], [77.9117, 13.034], [77.9078, 13.0353], [77.9089, 13.0335], [77.9101, 13.0318], [77.9091, 13.0326], [77.9076, 13.0337], [77.9065, 13.0345], [77.9058, 13.0352], [77.9046, 13.0358], [77.9037, 13.0364], [77.9023, 13.037], [77.9011, 13.0374], [77.9011, 13.0391], [77.9011, 13.0401], [77.9012, 13.0414], [77.9011, 13.0424], [77.9009, 13.044], [77.9018, 13.045], [77.9029, 13.0464], [77.9043, 13.048], [77.9053, 13.049], [77.9054, 13.0494], [77.9059, 13.0493], [77.9074, 13.0491], [77.9113, 13.0487], [77.9137, 13.0484], [77.9153, 13.0508], [77.9157, 13.0508], [77.9162, 13.0508], [77.9169, 13.0507], [77.919, 13.0509], [77.9192, 13.0535], [77.9192, 13.0536], [77.92, 13.0553], [77.9216, 13.0565], [77.9216, 13.0611], [77.923, 13.0614], [77.9235, 13.062], [77.9236, 13.0621], [77.9241, 13.0629], [77.9248, 13.0632], [77.9251, 13.0637], [77.9252, 13.0641], [77.9253, 13.0647], [77.9254, 13.0657], [77.9256, 13.0659], [77.9265, 13.0669], [77.9282, 13.0684], [77.9295, 13.0681], [77.9307, 13.0678], [77.9322, 13.0674], [77.933, 13.0672], [77.9343, 13.0668], [77.935, 13.0666], [77.9364, 13.0662], [77.9356, 13.0637], [77.9354, 13.0632], [77.9347, 13.0615], [77.9343, 13.0603], [77.9335, 13.0585], [77.9327, 13.0565], [77.9339, 13.0559], [77.9352, 13.0552], [77.9362, 13.0546], [77.9368, 13.0541]]]}, "properties": {"OBJECTID": 230257, "gpcode": "218986", "gpname": "THORNAHALLI", "stname": "KARNATAKA", "dtname": "Kolar", "sdtname": "Malur", "stcode11": "29", "dtcode11": "581", "sdtcode11": "05592", "blklgdcode": "5871", "blkname": "MALUR", "dt_lgd": 542, "sdt_lgd": 5592, "st_lgd": 29, "vilcode11": 0, "vilname11": "", "pan_local": "MALUR", "b_pan_code": 6202, "b_pan_name": "MALUR", "d_pan_code": 497, "d_pan_name": "KOLAR", "gp_code": "218986", "gp_name": "THORNAHALLI", "st_2011": "29", "dt_2011": "581", "sdt_2011": "05592", "subdtname": "Malur", "block_name": "MALUR", "blk_lgdcod": "5871", "dtcode14": "581", "SHAPE_Length": 15726.346666895928, "SHAPE_Area": 7310456.298493945}}, {"type": "Feature", "geometry": {"type": "Polygon", "coordinates": [[[77.9388, 13.0905], [77.9386, 13.0892], [77.9379, 13.0892], [77.9359, 13.089], [77.936, 13.0888], [77.9361, 13.0885], [77.9363, 13.0878], [77.9365, 13.087], [77.9366, 13.0855], [77.9367, 13.0849], [77.9395, 13.0852], [77.9396, 13.0836], [77.9393, 13.0829], [77.9392, 13.082], [77.939, 13.081], [77.939, 13.0801], [77.939, 13.0789], [77.9387, 13.0786], [77.9381, 13.078], [77.9371, 13.0773], [77.9362, 13.0767], [77.9361, 13.0764], [77.936, 13.0756], [77.9337, 13.0754], [77.9336, 13.0745], [77.9327, 13.0745], [77.9325, 13.0745], [77.9318, 13.074], [77.931, 13.0741], [77.9288, 13.0749], [77.9262, 13.0759], [77.9265, 13.0766], [77.9268, 13.0774], [77.927, 13.0782], [77.9272, 13.0793], [77.9275, 13.0801], [77.9274, 13.0809], [77.9273, 13.0815], [77.927, 13.0827], [77.9264, 13.0826], [77.9256, 13.0824], [77.9245, 13.082], [77.923, 13.0813], [77.9204, 13.0801], [77.9184, 13.0793], [77.9174, 13.0808], [77.9158, 13.0808], [77.9133, 13.0808], [77.9138, 13.0816], [77.9142, 13.0825], [77.9153, 13.084], [77.9167, 13.0862], [77.9161, 13.0876], [77.9153, 13.0887], [77.9141, 13.0907], [77.9139, 13.0912], [77.9132, 13.0923], [77.9111, 13.096], [77.9101, 13.0961], [77.9076, 13.0965], [77.9064, 13.0974], [77.9043, 13.0984], [77.9015, 13.0998], [77.9013, 13.1024], [77.905, 13.1047], [77.9081, 13.1064], [77.9085, 13.1071], [77.909, 13.1073], [77.9093, 13.1073], [77.9101, 13.1079], [77.9117, 13.109], [77.9124, 13.1096], [77.9133, 13.1103], [77.9141, 13.1111], [77.9142, 13.1132], [77.9143, 13.1179], [77.9147, 13.1181], [77.9152, 13.1182], [77.9154, 13.119], [77.916, 13.1188], [77.9173, 13.1183], [77.9189, 13.1177], [77.9198, 13.1174], [77.9218, 13.1166], [77.9236, 13.1159], [77.9235, 13.1151], [77.9233, 13.1136], [77.9231, 13.1125], [77.9252, 13.1123], [77.9254, 13.1116], [77.9255, 13.1107], [77.9275, 13.1105], [77.9313, 13.1101], [77.9323, 13.109], [77.9326, 13.109], [77.934, 13.1088], [77.9373, 13.1081], [77.9393, 13.1078], [77.9403, 13.1076], [77.9434, 13.1047], [77.9421, 13.1038], [77.9398, 13.1022], [77.9398, 13.1018], [77.9396, 13.0998], [77.9396, 13.0976], [77.9396, 13.0971], [77.9396, 13.0965], [77.9394, 13.0957], [77.9393, 13.0947], [77.939, 13.0925], [77.9389, 13.0916], [77.9388, 13.0905]]]}, "properties": {"OBJECTID": 230258, "gpcode": "218986", "gpname": "THORNAHALLI", "stname": "KARNATAKA", "dtname": "Kolar", "sdtname": "Malur", "stcode11": "29", "dtcode11": "581", "sdtcode11": "05592", "blklgdcode": "5871", "blkname": "MALUR", "dt_lgd": 542, "sdt_lgd": 5592, "st_lgd": 29, "vilcode11": 0, "vilname11": "", "pan_local": "MALUR", "b_pan_code": 6202, "b_pan_name": "MALUR", "d_pan_code": 497, "d_pan_name": "KOLAR", "gp_code": "218986", "gp_name": "THORNAHALLI", "st_2011": "29", "dt_2011": "581", "sdt_2011": "05592", "subdtname": "Malur", "block_name": "MALUR", "blk_lgdcod": "5871", "dtcode14": "581", "SHAPE_Length": 18299.557196718364, "SHAPE_Area": 12450660.74700697}}, {"type": "Feature", "geometry": {"type": "Polygon", "coordinates": [[[78.0125, 12.8788], [78.0135, 12.8771], [78.0155, 12.8738], [78.0171, 12.873], [78.0173, 12.8728], [78.0176, 12.873], [78.0182, 12.8727], [78.0188, 12.8727], [78.0195, 12.8726], [78.0205, 12.8724], [78.0208, 12.8718], [78.021, 12.8712], [78.0216, 12.8708], [78.0223, 12.8704], [78.0229, 12.8698], [78.0236, 12.8696], [78.0244, 12.8697], [78.0253, 12.8699], [78.0255, 12.8702], [78.0265, 12.8694], [78.0284, 12.869], [78.0295, 12.8688], [78.0328, 12.8684], [78.0342, 12.8685], [78.0349, 12.8706], [78.0356, 12.8717], [78.0356, 12.8732], [78.0356, 12.8743], [78.0361, 12.8753], [78.0373, 12.8751], [78.0382, 12.8753], [78.0399, 12.8758], [78.0418, 12.8757], [78.0439, 12.8754], [78.0444, 12.8746], [78.0456, 12.8742], [78.0465, 12.8739], [78.0468, 12.873], [78.0458, 12.8721], [78.0457, 12.8709], [78.0461, 12.8694], [78.0476, 12.869], [78.0465, 12.8681], [78.0455, 12.8671], [78.0447, 12.8664], [78.0437, 12.8645], [78.0433, 12.8635], [78.043, 12.8623], [78.0422, 12.8611], [78.0415, 12.8604], [78.0427, 12.8595], [78.0437, 12.8591], [78.0449, 12.8585], [78.0444, 12.8564], [78.0441, 12.8548], [78.0441, 12.8534], [78.0435, 12.8519], [78.0426, 12.8503], [78.0419, 12.8505], [78.0415, 12.8507], [78.0412, 12.8507], [78.0406, 12.851], [78.0402, 12.8511], [78.0399, 12.8512], [78.0391, 12.8514], [78.0387, 12.8515], [78.0384, 12.8515], [78.0374, 12.8516], [78.037, 12.8516], [78.0367, 12.8517], [78.0357, 12.8518], [78.0354, 12.8518], [78.035, 12.8519], [78.0341, 12.852], [78.0337, 12.852], [78.0333, 12.852], [78.0326, 12.8522], [78.0322, 12.8522], [78.0317, 12.8522], [78.031, 12.8523], [78.0307, 12.8524], [78.0307, 12.8525], [78.0307, 12.8528], [78.0307, 12.8535], [78.0307, 12.8539], [78.0307, 12.8541], [78.0307, 12.8548], [78.0307, 12.8551], [78.0307, 12.8555], [78.0307, 12.8562], [78.0307, 12.8565], [78.0307, 12.8569], [78.0307, 12.8577], [78.0307, 12.858], [78.0306, 12.858], [78.0304, 12.858], [78.0295, 12.858], [78.0291, 12.858], [78.0288, 12.858], [78.028, 12.8579], [78.0276, 12.8578], [78.0273, 12.8577], [78.0264, 12.8575], [78.026, 12.8573], [78.0257, 12.8572], [78.0252, 12.8568], [78.0249, 12.8567], [78.0242, 12.8566], [78.0239, 12.8565], [78.0239, 12.8562], [78.0238, 12.8554], [78.0238, 12.8551], [78.0238, 12.8547], [78.0238, 12.854], [78.0238, 12.8536], [78.0238, 12.8532], [78.0241, 12.8525], [78.0244, 12.8522], [78.0245, 12.852], [78.0251, 12.8515], [78.0255, 12.8512], [78.0258, 12.8509], [78.0264, 12.8503], [78.0267, 12.85], [78.0271, 12.8498], [78.0279, 12.8494], [78.0282, 12.8493], [78.0287, 12.8492], [78.0294, 12.8491], [78.0297, 12.8489], [78.0297, 12.8485], [78.0295, 12.8478], [78.0295, 12.8475], [78.0294, 12.8473], [78.0293, 12.8465], [78.0292, 12.8463], [78.0292, 12.846], [78.0291, 12.8454], [78.029, 12.8452], [78.0289, 12.8451], [78.0288, 12.845], [78.0281, 12.8445], [78.0279, 12.8443], [78.0276, 12.8441], [78.027, 12.8437], [78.0267, 12.8434], [78.0265, 12.8433], [78.0262, 12.8431], [78.026, 12.843], [78.0257, 12.8428], [78.0255, 12.8426], [78.0252, 12.8424], [78.0246, 12.842], [78.0243, 12.8417], [78.0241, 12.8418], [78.0234, 12.8421], [78.0231, 12.8423], [78.0228, 12.8424], [78.0222, 12.8427], [78.0218, 12.8428], [78.0215, 12.843], [78.0208, 12.8433], [78.0205, 12.8434], [78.0202, 12.8435], [78.0194, 12.8438], [78.0191, 12.8439], [78.0191, 12.8436], [78.0189, 12.8428], [78.0189, 12.8425], [78.0189, 12.8421], [78.0188, 12.8413], [78.0188, 12.8408], [78.0188, 12.8404], [78.0188, 12.8403], [78.0187, 12.8396], [78.0187, 12.8392], [78.0187, 12.8388], [78.0187, 12.8378], [78.0187, 12.8375], [78.0187, 12.8371], [78.0186, 12.8363], [78.0186, 12.8358], [78.0185, 12.8355], [78.0185, 12.8346], [78.0184, 12.8343], [78.0184, 12.8338], [78.0184, 12.8331], [78.0183, 12.8323], [78.0183, 12.8315], [78.0183, 12.8311], [78.018, 12.8309], [78.0169, 12.8305], [78.0165, 12.8304], [78.0161, 12.8303], [78.0152, 12.83], [78.0147, 12.8298], [78.0141, 12.8299], [78.0131, 12.8303], [78.0127, 12.8304], [78.0124, 12.8305], [78.0113, 12.8308], [78.0106, 12.8309], [78.0104, 12.8307], [78.0099, 12.8303], [78.0096, 12.8301], [78.0094, 12.8299], [78.0089, 12.8294], [78.0085, 12.8291], [78.0081, 12.8289], [78.0073, 12.8283], [78.007, 12.8281], [78.0068, 12.8279], [78.006, 12.8274], [78.0055, 12.8271], [78.005, 12.8268], [78.0043, 12.8262], [78.004, 12.8259], [78.004, 12.8257], [78.0039, 12.8256], [78.0037, 12.8248], [78.0037, 12.8245], [78.0037, 12.8244], [78.0038, 12.824], [78.0043, 12.8234], [78.0046, 12.8231], [78.0049, 12.8229], [78.0055, 12.8224], [78.0058, 12.8222], [78.0061, 12.8219], [78.0068, 12.8215], [78.0071, 12.8213], [78.0074, 12.8211], [78.008, 12.8207], [78.0084, 12.8206], [78.0087, 12.8205], [78.0095, 12.8201], [78.0098, 12.82], [78.01, 12.8199], [78.0108, 12.8196], [78.0111, 12.8195], [78.0114, 12.8194], [78.0123, 12.8191], [78.0128, 12.8188], [78.0129, 12.8185], [78.0131, 12.8177], [78.0131, 12.8174], [78.0132, 12.817], [78.0135, 12.8161], [78.0136, 12.8156], [78.0139, 12.8154], [78.0143, 12.815], [78.0144, 12.8148], [78.0145, 12.8147], [78.0146, 12.8146], [78.015, 12.8142], [78.0153, 12.8138], [78.0151, 12.8134], [78.0147, 12.8126], [78.0144, 12.8122], [78.0142, 12.8118], [78.0137, 12.8111], [78.0136, 12.8107], [78.0134, 12.8104], [78.013, 12.8098], [78.0128, 12.8095], [78.0126, 12.8092], [78.0121, 12.8086], [78.0119, 12.8083], [78.0117, 12.808], [78.0112, 12.8073], [78.011, 12.8071], [78.0107, 12.8068], [78.0101, 12.8062], [78.0098, 12.8058], [78.0098, 12.8057], [78.0094, 12.806], [78.0091, 12.8062], [78.0089, 12.8064], [78.0087, 12.8065], [78.008, 12.807], [78.0077, 12.8072], [78.0074, 12.8074], [78.0069, 12.8079], [78.0067, 12.8085], [78.0065, 12.8086], [78.0056, 12.8086], [78.0055, 12.8082], [78.0048, 12.8083], [78.0041, 12.8083], [78.0038, 12.8083], [78.0035, 12.8083], [78.0027, 12.8083], [78.0024, 12.8083], [78.002, 12.8083], [78.0012, 12.8082], [78.0008, 12.8082], [78.0003, 12.8082], [77.9997, 12.8082], [77.9991, 12.8082], [77.9989, 12.8082], [77.9988, 12.8082], [77.9984, 12.8081], [77.9975, 12.808], [77.9967, 12.8079], [77.9964, 12.8072], [77.9959, 12.8062], [77.9956, 12.8059], [77.9952, 12.8059], [77.9947, 12.8061], [77.9934, 12.8069], [77.9925, 12.8074], [77.991, 12.8078], [77.9892, 12.8082], [77.9885, 12.8082], [77.9887, 12.8095], [77.9889, 12.812], [77.9892, 12.8145], [77.9894, 12.8166], [77.9895, 12.8181], [77.9897, 12.8207], [77.9898, 12.8215], [77.9894, 12.8216], [77.9882, 12.8216], [77.9871, 12.8217], [77.9868, 12.8218], [77.9865, 12.822], [77.9856, 12.8227], [77.984, 12.8238], [77.9802, 12.8264], [77.9793, 12.827], [77.979, 12.8274], [77.9791, 12.8276], [77.9792, 12.8278], [77.9797, 12.8286], [77.9801, 12.8295], [77.9801, 12.8304], [77.9803, 12.8314], [77.9804, 12.8327], [77.9805, 12.8334], [77.9805, 12.834], [77.9805, 12.8341], [77.9805, 12.8342], [77.9805, 12.8345], [77.9805, 12.8349], [77.9804, 12.8351], [77.9802, 12.8352], [77.9799, 12.8353], [77.9796, 12.8354], [77.9801, 12.837], [77.9802, 12.8375], [77.9806, 12.8378], [77.9808, 12.838], [77.9811, 12.8384], [77.9813, 12.8391], [77.9813, 12.8399], [77.9812, 12.8405], [77.9811, 12.8419], [77.9812, 12.8433], [77.9821, 12.8447], [77.9827, 12.8455], [77.9833, 12.8462], [77.9832, 12.8463], [77.9827, 12.8468], [77.9816, 12.8479], [77.9817, 12.8481], [77.9822, 12.8493], [77.9827, 12.8494], [77.9836, 12.8496], [77.9837, 12.8497], [77.9838, 12.8501], [77.9844, 12.8516], [77.9846, 12.8521], [77.9853, 12.8521], [77.9857, 12.8512], [77.9875, 12.8504], [77.9897, 12.849], [77.991, 12.8481], [77.9924, 12.8472], [77.9943, 12.846], [77.9939, 12.8484], [77.9941, 12.85], [77.9945, 12.8522], [77.9956, 12.8523], [77.9966, 12.8529], [77.9976, 12.8531], [77.9985, 12.853], [77.9987, 12.8532], [77.9989, 12.8546], [77.9999, 12.8562], [78.0005, 12.857], [78.0011, 12.8585], [78.0024, 12.8581], [78.0037, 12.8571], [78.0047, 12.8584], [78.005, 12.8589], [78.0056, 12.8591], [78.0062, 12.8586], [78.0054, 12.8575], [78.005, 12.8569], [78.0049, 12.8566], [78.0055, 12.8561], [78.0063, 12.856], [78.007, 12.8561], [78.0077, 12.8563], [78.0111, 12.8572], [78.0118, 12.8575], [78.0105, 12.8578], [78.0095, 12.8582], [78.0091, 12.859], [78.0085, 12.8597], [78.0083, 12.8601], [78.0074, 12.8608], [78.0061, 12.8616], [78.0043, 12.8638], [78.0038, 12.8644], [78.0034, 12.8657], [78.0037, 12.8664], [78.0038, 12.8676], [78.0043, 12.8688], [78.0048, 12.8703], [78.0055, 12.8715], [78.0059, 12.8721], [78.005, 12.8731], [78.005, 12.8742], [78.0057, 12.8766], [78.0061, 12.8777], [78.0061, 12.8778], [78.0072, 12.8765], [78.0081, 12.8778], [78.0097, 12.8777], [78.0115, 12.8781], [78.0125, 12.8787], [78.0125, 12.8788]]]}, "properties": {"OBJECTID": 230259, "gpcode": "218987", "gpname": "THRUNASI", "stname": "KARNATAKA", "dtname": "Kolar", "sdtname": "Malur", "stcode11": "29", "dtcode11": "581", "sdtcode11": "05592", "blklgdcode": "5871", "blkname": "MALUR", "dt_lgd": 542, "sdt_lgd": 5592, "st_lgd": 29, "vilcode11": 0, "vilname11": "", "pan_local": "MALUR", "b_pan_code": 6202, "b_pan_name": "MALUR", "d_pan_code": 497, "d_pan_name": "KOLAR", "gp_code": "218987", "gp_name": "THRUNASI", "st_2011": "29", "dt_2011": "581", "sdt_2011": "05592", "subdtname": "Malur", "block_name": "MALUR", "blk_lgdcod": "5871", "dtcode14": "581", "SHAPE_Length": 38440.17301560744, "SHAPE_Area": 28400003.79067407}}, {"type": "Feature", "geometry": {"type": "Polygon", "coordinates": [[[78.3739, 13.3165], [78.3868, 13.3074], [78.3935, 13.3106], [78.3977, 13.305], [78.3991, 13.3081], [78.4014, 13.3073], [78.4026, 13.3058], [78.3993, 13.3023], [78.3957, 13.298], [78.3941, 13.296], [78.3932, 13.2948], [78.3921, 13.2935], [78.3901, 13.2914], [78.3888, 13.2902], [78.3887, 13.2887], [78.3877, 13.2858], [78.3868, 13.2837], [78.3862, 13.2818], [78.3858, 13.2783], [78.3853, 13.2748], [78.3849, 13.2727], [78.382, 13.2731], [78.3799, 13.2734], [78.3796, 13.2745], [78.3768, 13.2746], [78.376, 13.2724], [78.3762, 13.2696], [78.3758, 13.2678], [78.3742, 13.2676], [78.3725, 13.2668], [78.3741, 13.2638], [78.3743, 13.2622], [78.3753, 13.2595], [78.3736, 13.259], [78.372, 13.2566], [78.3706, 13.2541], [78.3694, 13.2524], [78.369, 13.2512], [78.369, 13.2489], [78.369, 13.2488], [78.3685, 13.2487], [78.3679, 13.2482], [78.367, 13.2474], [78.366, 13.2468], [78.3651, 13.2461], [78.3648, 13.2453], [78.3645, 13.2441], [78.3643, 13.2427], [78.364, 13.2422], [78.3643, 13.2419], [78.3644, 13.2414], [78.3645, 13.2406], [78.3633, 13.2399], [78.3618, 13.2392], [78.3607, 13.2385], [78.3596, 13.2377], [78.3586, 13.2366], [78.3574, 13.2355], [78.3567, 13.2349], [78.3559, 13.2345], [78.3553, 13.2344], [78.3545, 13.2344], [78.3535, 13.2345], [78.3526, 13.2347], [78.3518, 13.235], [78.3508, 13.2354], [78.3495, 13.2355], [78.3492, 13.2353], [78.3487, 13.234], [78.3482, 13.2323], [78.3478, 13.2312], [78.3476, 13.2305], [78.3451, 13.2302], [78.3426, 13.2302], [78.34, 13.2303], [78.3395, 13.2303], [78.3398, 13.2309], [78.3407, 13.2328], [78.3416, 13.2352], [78.3422, 13.2369], [78.3424, 13.2384], [78.3399, 13.2384], [78.338, 13.2382], [78.3381, 13.2404], [78.3382, 13.2426], [78.3382, 13.2446], [78.3385, 13.2469], [78.3387, 13.2483], [78.3393, 13.2512], [78.3391, 13.2534], [78.3394, 13.2557], [78.3392, 13.2577], [78.3378, 13.261], [78.3364, 13.2638], [78.3349, 13.263], [78.3322, 13.2631], [78.3326, 13.2642], [78.3335, 13.2671], [78.3252, 13.2698], [78.3252, 13.2711], [78.325, 13.2736], [78.3245, 13.2754], [78.324, 13.2776], [78.3236, 13.2796], [78.3235, 13.2812], [78.3241, 13.284], [78.3252, 13.2886], [78.326, 13.2919], [78.3264, 13.295], [78.3321, 13.3043], [78.3376, 13.302], [78.3386, 13.3019], [78.3409, 13.3021], [78.344, 13.3023], [78.3474, 13.3028], [78.3486, 13.3028], [78.3503, 13.3028], [78.354, 13.3014], [78.3608, 13.3149], [78.361, 13.3149], [78.3739, 13.3165]]]}, "properties": {"OBJECTID": 230260, "gpcode": "218988", "gpname": "AGARA", "stname": "KARNATAKA", "dtname": "Kolar", "sdtname": "Mulbagal", "stcode11": "29", "dtcode11": "581", "sdtcode11": "05594", "blklgdcode": "5872", "blkname": "MULBAGAL", "dt_lgd": 542, "sdt_lgd": 5594, "st_lgd": 29, "vilcode11": 0, "vilname11": "", "pan_local": "MULBAGAL", "b_pan_code": 6203, "b_pan_name": "MULBAGAL", "d_pan_code": 497, "d_pan_name": "KOLAR", "gp_code": "218988", "gp_name": "AGARA", "st_2011": "29", "dt_2011": "581", "sdt_2011": "05594", "subdtname": "Mulbagal", "block_name": "MULBAGAL", "blk_lgdcod": "5872", "dtcode14": "581", "SHAPE_Length": 34259.12924529964, "SHAPE_Area": 45762333.70104325}}, {"type": "Feature", "geometry": {"type": "Polygon", "coordinates": [[[78.3998, 13.139], [78.3999, 13.1381], [78.3999, 13.1377], [78.3991, 13.1376], [78.3985, 13.1376], [78.3977, 13.1378], [78.3971, 13.1379], [78.3966, 13.1383], [78.3962, 13.1383], [78.3954, 13.1383], [78.3943, 13.1383], [78.3927, 13.1407], [78.3921, 13.1426], [78.3928, 13.145], [78.393, 13.1456], [78.3938, 13.1456], [78.3963, 13.1457], [78.3981, 13.1458], [78.3986, 13.1449], [78.3991, 13.1442], [78.3994, 13.1432], [78.3996, 13.1427], [78.3997, 13.1421], [78.3997, 13.1401], [78.3998, 13.139]]]}, "properties": {"OBJECTID": 230261, "gpcode": "218989", "gpname": "ALANGUR", "stname": "KARNATAKA", "dtname": "Kolar", "sdtname": "Mulbagal", "stcode11": "29", "dtcode11": "581", "sdtcode11": "05594", "blklgdcode": "5872", "blkname": "MULBAGAL", "dt_lgd": 542, "sdt_lgd": 5594, "st_lgd": 29, "vilcode11": 0, "vilname11": "", "pan_local": "MULBAGAL", "b_pan_code": 6203, "b_pan_name": "MULBAGAL", "d_pan_code": 497, "d_pan_name": "KOLAR", "gp_code": "218989", "gp_name": "ALANGUR", "st_2011": "29", "dt_2011": "581", "sdt_2011": "05594", "subdtname": "Mulbagal", "block_name": "MULBAGAL", "blk_lgdcod": "5872", "dtcode14": "581", "SHAPE_Length": 3088.401261523028, "SHAPE_Area": 644128.5596077358}}, {"type": "Feature", "geometry": {"type": "Polygon", "coordinates": [[[78.4335, 13.1879], [78.434, 13.1879], [78.4346, 13.1879], [78.4353, 13.1871], [78.436, 13.1861], [78.4364, 13.1859], [78.4366, 13.1852], [78.4374, 13.1839], [78.4377, 13.1827], [78.438, 13.1819], [78.4381, 13.1812], [78.4382, 13.1805], [78.4381, 13.1798], [78.4381, 13.1795], [78.4383, 13.1791], [78.4385, 13.1786], [78.4387, 13.1774], [78.4391, 13.1759], [78.4394, 13.1743], [78.4384, 13.1743], [78.4375, 13.1745], [78.4358, 13.1746], [78.4339, 13.1745], [78.432, 13.1744], [78.4312, 13.1751], [78.4293, 13.1768], [78.4279, 13.1782], [78.4267, 13.1799], [78.4254, 13.1819], [78.4243, 13.1837], [78.4236, 13.185], [78.4243, 13.1854], [78.4262, 13.1863], [78.4282, 13.187], [78.4303, 13.1878], [78.432, 13.1882], [78.4326, 13.1882], [78.433, 13.1881], [78.4335, 13.1879]]]}, "properties": {"OBJECTID": 230262, "gpcode": "218989", "gpname": "ALANGUR", "stname": "KARNATAKA", "dtname": "Kolar", "sdtname": "Mulbagal", "stcode11": "29", "dtcode11": "581", "sdtcode11": "05594", "blklgdcode": "5872", "blkname": "MULBAGAL", "dt_lgd": 542, "sdt_lgd": 5594, "st_lgd": 29, "vilcode11": 0, "vilname11": "", "pan_local": "MULBAGAL", "b_pan_code": 6203, "b_pan_name": "MULBAGAL", "d_pan_code": 497, "d_pan_name": "KOLAR", "gp_code": "218989", "gp_name": "ALANGUR", "st_2011": "29", "dt_2011": "581", "sdt_2011": "05594", "subdtname": "Mulbagal", "block_name": "MULBAGAL", "blk_lgdcod": "5872", "dtcode14": "581", "SHAPE_Length": 5372.635664745714, "SHAPE_Area": 1823239.3478123522}}, {"type": "Feature", "geometry": {"type": "Polygon", "coordinates": [[[78.484, 13.2081], [78.4839, 13.2074], [78.4837, 13.2066], [78.4834, 13.2054], [78.4834, 13.2044], [78.4833, 13.2029], [78.4831, 13.2015], [78.4836, 13.2014], [78.4843, 13.2012], [78.4847, 13.2012], [78.4854, 13.2013], [78.4856, 13.2012], [78.4858, 13.2011], [78.4859, 13.2008], [78.4858, 13.2002], [78.4855, 13.1994], [78.4854, 13.1989], [78.4862, 13.1989], [78.4866, 13.1986], [78.4868, 13.1981], [78.4868, 13.1977], [78.4867, 13.1973], [78.487, 13.1973], [78.4873, 13.1973], [78.4877, 13.1969], [78.4883, 13.1962], [78.4892, 13.1949], [78.4899, 13.1945], [78.4899, 13.1937], [78.4901, 13.1932], [78.491, 13.1925], [78.4912, 13.1919], [78.4913, 13.1911], [78.4914, 13.1898], [78.4914, 13.1886], [78.4912, 13.1881], [78.4907, 13.1869], [78.4901, 13.1852], [78.4918, 13.1851], [78.4948, 13.1849], [78.496, 13.1849], [78.4967, 13.1848], [78.4971, 13.1847], [78.4977, 13.1848], [78.4988, 13.1849], [78.4999, 13.1848], [78.4998, 13.1846], [78.4984, 13.1824], [78.4999, 13.1815], [78.4998, 13.1797], [78.5002, 13.1787], [78.4986, 13.1782], [78.4985, 13.1774], [78.4983, 13.1758], [78.4983, 13.1742], [78.4982, 13.1724], [78.4988, 13.171], [78.4982, 13.1701], [78.4975, 13.1686], [78.4967, 13.1679], [78.4961, 13.1673], [78.4954, 13.167], [78.494, 13.1665], [78.4919, 13.1658], [78.4915, 13.1657], [78.4916, 13.1647], [78.4917, 13.1604], [78.4912, 13.1592], [78.4911, 13.1588], [78.4905, 13.1588], [78.4889, 13.1587], [78.4872, 13.1581], [78.4864, 13.1581], [78.4859, 13.1582], [78.4847, 13.1585], [78.4842, 13.1586], [78.4828, 13.1587], [78.4805, 13.1585], [78.4805, 13.1572], [78.4804, 13.1566], [78.4802, 13.1559], [78.4798, 13.1551], [78.4792, 13.1541], [78.4786, 13.1532], [78.4781, 13.1527], [78.4778, 13.1524], [78.4769, 13.1524], [78.4758, 13.1524], [78.4747, 13.1521], [78.4741, 13.1521], [78.4739, 13.1524], [78.4737, 13.1526], [78.4735, 13.153], [78.473, 13.1536], [78.4724, 13.1539], [78.4718, 13.1543], [78.4712, 13.1549], [78.4699, 13.1558], [78.467, 13.153], [78.4656, 13.1515], [78.4647, 13.1509], [78.462, 13.1498], [78.4611, 13.1496], [78.4605, 13.1494], [78.4596, 13.1492], [78.4588, 13.1491], [78.4576, 13.1491], [78.4569, 13.1492], [78.4562, 13.1493], [78.4552, 13.1498], [78.4552, 13.1505], [78.4552, 13.1509], [78.4553, 13.1515], [78.4551, 13.152], [78.4548, 13.1525], [78.4545, 13.153], [78.4544, 13.1533], [78.4543, 13.1542], [78.4543, 13.1553], [78.4545, 13.157], [78.4546, 13.1597], [78.4538, 13.1599], [78.4527, 13.1602], [78.4516, 13.1605], [78.4503, 13.1606], [78.4489, 13.1609], [78.4474, 13.1612], [78.4453, 13.1615], [78.4431, 13.162], [78.4414, 13.1623], [78.4404, 13.1624], [78.4405, 13.1625], [78.4408, 13.1628], [78.4425, 13.1641], [78.4444, 13.166], [78.4448, 13.1667], [78.4444, 13.1675], [78.444, 13.1684], [78.4435, 13.1689], [78.4433, 13.1696], [78.4427, 13.1708], [78.4418, 13.1735], [78.4429, 13.1741], [78.4451, 13.1757], [78.4465, 13.1765], [78.4483, 13.1779], [78.4498, 13.1789], [78.4499, 13.1796], [78.4497, 13.18], [78.4491, 13.1803], [78.4486, 13.1805], [78.448, 13.1806], [78.4478, 13.1808], [78.4478, 13.1817], [78.4478, 13.1829], [78.4478, 13.184], [78.4485, 13.1851], [78.4489, 13.1862], [78.4489, 13.1873], [78.4489, 13.1892], [78.4493, 13.191], [78.4497, 13.1932], [78.4537, 13.1934], [78.4552, 13.1935], [78.456, 13.1936], [78.4563, 13.1938], [78.4569, 13.1944], [78.4575, 13.195], [78.458, 13.195], [78.4584, 13.195], [78.4591, 13.195], [78.46, 13.195], [78.461, 13.195], [78.4617, 13.1933], [78.4623, 13.1922], [78.4632, 13.1913], [78.464, 13.1902], [78.4644, 13.1894], [78.4647, 13.188], [78.4657, 13.1879], [78.4663, 13.1879], [78.4666, 13.1882], [78.4671, 13.189], [78.4678, 13.1906], [78.4685, 13.1926], [78.4693, 13.1943], [78.4697, 13.1954], [78.4699, 13.1961], [78.47, 13.1967], [78.4701, 13.197], [78.4707, 13.197], [78.4713, 13.1971], [78.4729, 13.2], [78.4746, 13.2043], [78.4779, 13.2045], [78.4789, 13.2045], [78.479, 13.2055], [78.4794, 13.2064], [78.4797, 13.2072], [78.4797, 13.2078], [78.48, 13.208], [78.4803, 13.2079], [78.4805, 13.2079], [78.4809, 13.2082], [78.4814, 13.2088], [78.4814, 13.209], [78.4814, 13.2095], [78.4813, 13.2099], [78.4815, 13.2101], [78.482, 13.2101], [78.4824, 13.2097], [78.483, 13.209], [78.484, 13.2081]]]}, "properties": {"OBJECTID": 230263, "gpcode": "218989", "gpname": "ALANGUR", "stname": "KARNATAKA", "dtname": "Kolar", "sdtname": "Mulbagal", "stcode11": "29", "dtcode11": "581", "sdtcode11": "05594", "blklgdcode": "5872", "blkname": "MULBAGAL", "dt_lgd": 542, "sdt_lgd": 5594, "st_lgd": 29, "vilcode11": 0, "vilname11": "", "pan_local": "MULBAGAL", "b_pan_code": 6203, "b_pan_name": "MULBAGAL", "d_pan_code": 497, "d_pan_name": "KOLAR", "gp_code": "218989", "gp_name": "ALANGUR", "st_2011": "29", "dt_2011": "581", "sdt_2011": "05594", "subdtname": "Mulbagal", "block_name": "MULBAGAL", "blk_lgdcod": "5872", "dtcode14": "581", "SHAPE_Length": 26518.068588707472, "SHAPE_Area": 25718160.796781756}}, {"type": "Feature", "geometry": {"type": "Polygon", "coordinates": [[[78.454, 13.2534], [78.4553, 13.2512], [78.4556, 13.2499], [78.4557, 13.2491], [78.4559, 13.2485], [78.456, 13.2474], [78.4562, 13.2469], [78.4563, 13.2464], [78.4563, 13.246], [78.456, 13.2453], [78.4555, 13.2441], [78.455, 13.2428], [78.4544, 13.2416], [78.4558, 13.2414], [78.457, 13.2413], [78.457, 13.2409], [78.4574, 13.2403], [78.4579, 13.2395], [78.4587, 13.2389], [78.4593, 13.2385], [78.46, 13.2379], [78.4604, 13.2374], [78.4605, 13.2371], [78.4605, 13.2366], [78.4604, 13.2359], [78.4602, 13.2351], [78.4598, 13.2341], [78.4594, 13.2331], [78.459, 13.2324], [78.4589, 13.2319], [78.4589, 13.2314], [78.4589, 13.2307], [78.4591, 13.2288], [78.4593, 13.2276], [78.4597, 13.2268], [78.4605, 13.2264], [78.461, 13.2261], [78.4618, 13.2261], [78.4627, 13.2261], [78.4636, 13.226], [78.4645, 13.226], [78.4657, 13.2261], [78.4672, 13.2263], [78.4684, 13.2264], [78.4689, 13.2266], [78.4694, 13.227], [78.4701, 13.2276], [78.4708, 13.2283], [78.4714, 13.2291], [78.472, 13.2295], [78.4727, 13.2293], [78.4736, 13.229], [78.4748, 13.2284], [78.4757, 13.2279], [78.4762, 13.2276], [78.4771, 13.2273], [78.4778, 13.227], [78.4783, 13.2269], [78.4786, 13.2269], [78.4793, 13.2272], [78.4806, 13.2277], [78.4819, 13.2283], [78.4826, 13.2281], [78.4831, 13.2276], [78.4841, 13.2273], [78.4854, 13.2269], [78.4866, 13.2264], [78.4881, 13.2258], [78.4893, 13.2254], [78.4905, 13.2249], [78.4928, 13.2242], [78.4943, 13.2236], [78.4949, 13.2233], [78.4956, 13.2229], [78.4948, 13.2219], [78.4931, 13.2195], [78.4925, 13.2186], [78.4922, 13.2172], [78.4917, 13.2152], [78.4913, 13.2135], [78.491, 13.2116], [78.4908, 13.2096], [78.4908, 13.2088], [78.4895, 13.2088], [78.4871, 13.2088], [78.486, 13.209], [78.4852, 13.2092], [78.4841, 13.209], [78.484, 13.2081], [78.483, 13.209], [78.4824, 13.2097], [78.482, 13.2101], [78.4815, 13.2101], [78.4813, 13.2099], [78.4814, 13.2095], [78.4814, 13.209], [78.4814, 13.2088], [78.4809, 13.2082], [78.4805, 13.2079], [78.4803, 13.2079], [78.48, 13.208], [78.4797, 13.2078], [78.4789, 13.2077], [78.4778, 13.2077], [78.477, 13.2079], [78.4762, 13.2081], [78.4757, 13.2085], [78.4755, 13.2088], [78.475, 13.2087], [78.4747, 13.2088], [78.4742, 13.2089], [78.4734, 13.2092], [78.4727, 13.2093], [78.4713, 13.2094], [78.4699, 13.2094], [78.4686, 13.2095], [78.4661, 13.2098], [78.464, 13.2106], [78.4634, 13.2097], [78.463, 13.2093], [78.463, 13.2089], [78.463, 13.2084], [78.463, 13.2081], [78.4628, 13.2077], [78.4622, 13.207], [78.4619, 13.2063], [78.4616, 13.2059], [78.4612, 13.2054], [78.4608, 13.2049], [78.4604, 13.2047], [78.4601, 13.2044], [78.4593, 13.2041], [78.4588, 13.204], [78.4577, 13.2037], [78.4551, 13.2029], [78.4527, 13.202], [78.4506, 13.2014], [78.4506, 13.2028], [78.4498, 13.2031], [78.4491, 13.2034], [78.4479, 13.2036], [78.4458, 13.2039], [78.4451, 13.2039], [78.4446, 13.2034], [78.4438, 13.2033], [78.4439, 13.2033], [78.444, 13.2037], [78.4441, 13.204], [78.4443, 13.2041], [78.4437, 13.2044], [78.4429, 13.2046], [78.4422, 13.2048], [78.4422, 13.2051], [78.4421, 13.2055], [78.4423, 13.2067], [78.4422, 13.2072], [78.4422, 13.2076], [78.4424, 13.2077], [78.4426, 13.2085], [78.4428, 13.2091], [78.4427, 13.21], [78.4424, 13.211], [78.442, 13.212], [78.442, 13.2124], [78.4426, 13.2132], [78.4424, 13.2135], [78.4419, 13.2138], [78.4413, 13.2142], [78.4409, 13.2147], [78.4405, 13.2158], [78.4393, 13.2154], [78.4379, 13.2156], [78.4369, 13.216], [78.4356, 13.2167], [78.4347, 13.2175], [78.4334, 13.2182], [78.4332, 13.2184], [78.4327, 13.2174], [78.4322, 13.2167], [78.432, 13.216], [78.4325, 13.2154], [78.4322, 13.2146], [78.4309, 13.2119], [78.4303, 13.2107], [78.4294, 13.2097], [78.4284, 13.2081], [78.4282, 13.2062], [78.4281, 13.2054], [78.4289, 13.2048], [78.429, 13.2042], [78.4291, 13.2033], [78.4295, 13.2024], [78.43, 13.2013], [78.4298, 13.2011], [78.4294, 13.2005], [78.4291, 13.1996], [78.4289, 13.1987], [78.4286, 13.1977], [78.4284, 13.197], [78.4281, 13.1965], [78.4276, 13.196], [78.4273, 13.1956], [78.4272, 13.1952], [78.4269, 13.1943], [78.4266, 13.1933], [78.426, 13.1924], [78.4253, 13.1916], [78.4241, 13.1908], [78.4227, 13.1904], [78.421, 13.1911], [78.4202, 13.191], [78.4195, 13.191], [78.4189, 13.1913], [78.4181, 13.1917], [78.4176, 13.1918], [78.4171, 13.1918], [78.4164, 13.1915], [78.4157, 13.1913], [78.4149, 13.1912], [78.4127, 13.1913], [78.411, 13.1913], [78.4097, 13.1913], [78.41, 13.1926], [78.4102, 13.1935], [78.4105, 13.1938], [78.4118, 13.1947], [78.4116, 13.1954], [78.4114, 13.196], [78.4108, 13.1959], [78.4104, 13.1958], [78.4102, 13.196], [78.4102, 13.1964], [78.4103, 13.1972], [78.4105, 13.1979], [78.4106, 13.1986], [78.4111, 13.1989], [78.412, 13.1992], [78.4124, 13.1995], [78.4126, 13.1992], [78.4132, 13.199], [78.4136, 13.1985], [78.4139, 13.1989], [78.4141, 13.1995], [78.4144, 13.2], [78.4149, 13.2003], [78.4154, 13.2003], [78.4163, 13.2], [78.4172, 13.1996], [78.4173, 13.2006], [78.4176, 13.2019], [78.4177, 13.2028], [78.417, 13.2028], [78.4171, 13.2042], [78.417, 13.2048], [78.4167, 13.2057], [78.416, 13.2067], [78.4154, 13.2071], [78.4146, 13.2071], [78.4139, 13.2071], [78.4127, 13.2068], [78.4117, 13.2063], [78.4115, 13.2047], [78.4114, 13.2035], [78.4112, 13.2025], [78.4105, 13.2019], [78.4097, 13.2013], [78.4091, 13.2012], [78.4082, 13.2012], [78.4074, 13.2012], [78.4061, 13.2013], [78.406, 13.2035], [78.4057, 13.2051], [78.405, 13.2051], [78.4036, 13.2053], [78.4028, 13.2057], [78.4023, 13.2061], [78.4021, 13.2066], [78.4018, 13.2075], [78.4017, 13.2087], [78.4016, 13.2108], [78.4015, 13.2127], [78.4031, 13.2124], [78.4045, 13.2118], [78.4059, 13.2114], [78.4075, 13.2112], [78.4087, 13.211], [78.41, 13.211], [78.4108, 13.211], [78.4115, 13.2112], [78.4121, 13.2111], [78.4129, 13.2107], [78.4133, 13.2106], [78.4143, 13.2108], [78.4148, 13.2111], [78.4152, 13.2114], [78.4153, 13.212], [78.4152, 13.2124], [78.415, 13.2128], [78.4146, 13.2132], [78.4142, 13.2134], [78.4139, 13.2137], [78.4137, 13.2139], [78.4137, 13.2141], [78.414, 13.2146], [78.4141, 13.2151], [78.414, 13.2158], [78.4142, 13.2169], [78.4144, 13.2181], [78.4143, 13.2186], [78.4138, 13.2205], [78.4133, 13.2224], [78.4127, 13.2245], [78.4119, 13.2262], [78.4113, 13.2274], [78.4108, 13.228], [78.4101, 13.2289], [78.409, 13.2304], [78.4085, 13.2311], [78.4082, 13.2314], [78.4091, 13.2321], [78.4101, 13.2328], [78.4104, 13.2329], [78.4112, 13.2327], [78.4121, 13.2324], [78.4129, 13.232], [78.4135, 13.232], [78.4139, 13.2324], [78.4143, 13.2329], [78.4145, 13.2335], [78.4144, 13.2339], [78.4142, 13.2347], [78.4143, 13.2349], [78.4146, 13.2357], [78.4148, 13.2365], [78.415, 13.2373], [78.4154, 13.2381], [78.4163, 13.2399], [78.4175, 13.2417], [78.4181, 13.2428], [78.4188, 13.2444], [78.4193, 13.2459], [78.4198, 13.2476], [78.4198, 13.2483], [78.4197, 13.2491], [78.4197, 13.25], [78.4197, 13.2512], [78.42, 13.2523], [78.4219, 13.2525], [78.4228, 13.2526], [78.4326, 13.2534], [78.4333, 13.2533], [78.4382, 13.2537], [78.4413, 13.2542], [78.4455, 13.2546], [78.4496, 13.2555], [78.4528, 13.2558], [78.454, 13.2534]]]}, "properties": {"OBJECTID": 230264, "gpcode": "218990", "gpname": "AMBLIKAL", "stname": "KARNATAKA", "dtname": "Kolar", "sdtname": "Mulbagal", "stcode11": "29", "dtcode11": "581", "sdtcode11": "05594", "blklgdcode": "5872", "blkname": "MULBAGAL", "dt_lgd": 542, "sdt_lgd": 5594, "st_lgd": 29, "vilcode11": 0, "vilname11": "", "pan_local": "MULBAGAL", "b_pan_code": 6203, "b_pan_name": "MULBAGAL", "d_pan_code": 497, "d_pan_name": "KOLAR", "gp_code": "218990", "gp_name": "AMBLIKAL", "st_2011": "29", "dt_2011": "581", "sdt_2011": "05594", "subdtname": "Mulbagal", "block_name": "MULBAGAL", "blk_lgdcod": "5872", "dtcode14": "581", "SHAPE_Length": 41455.62944179331, "SHAPE_Area": 36985702.34548922}}, {"type": "Feature", "geometry": {"type": "Polygon", "coordinates": [[[78.3642, 13.105], [78.3637, 13.1035], [78.3633, 13.1016], [78.3626, 13.0987], [78.362, 13.0945], [78.3634, 13.0944], [78.3648, 13.0943], [78.3662, 13.0941], [78.3676, 13.0939], [78.3685, 13.0936], [78.3696, 13.0931], [78.3703, 13.0929], [78.3708, 13.0929], [78.3717, 13.093], [78.3726, 13.0932], [78.3736, 13.0941], [78.3748, 13.0943], [78.376, 13.0945], [78.3772, 13.0945], [78.3789, 13.0945], [78.38, 13.0946], [78.3798, 13.0936], [78.3793, 13.0924], [78.3785, 13.0899], [78.3783, 13.0882], [78.3784, 13.0864], [78.3793, 13.0845], [78.3796, 13.0839], [78.3794, 13.0825], [78.3801, 13.0827], [78.3809, 13.0826], [78.3822, 13.0821], [78.3835, 13.0817], [78.3846, 13.0816], [78.3861, 13.0814], [78.3871, 13.0814], [78.3877, 13.0814], [78.3881, 13.0812], [78.3884, 13.0807], [78.3885, 13.08], [78.3884, 13.0795], [78.3883, 13.079], [78.3882, 13.0783], [78.3882, 13.0775], [78.3882, 13.0766], [78.3882, 13.0759], [78.3885, 13.0755], [78.3897, 13.0748], [78.391, 13.0745], [78.3921, 13.0741], [78.3935, 13.0732], [78.3943, 13.0727], [78.395, 13.0721], [78.3947, 13.0715], [78.3941, 13.0709], [78.3928, 13.0696], [78.3915, 13.0679], [78.3904, 13.0659], [78.3891, 13.0638], [78.3891, 13.0635], [78.3892, 13.0619], [78.3893, 13.06], [78.3897, 13.0574], [78.3901, 13.0552], [78.3914, 13.0527], [78.3932, 13.05], [78.3936, 13.0495], [78.3938, 13.0485], [78.3936, 13.0479], [78.3931, 13.0463], [78.3929, 13.0456], [78.3928, 13.0452], [78.3925, 13.045], [78.391, 13.0444], [78.3887, 13.0435], [78.3862, 13.0426], [78.3848, 13.0423], [78.3836, 13.0423], [78.3831, 13.0425], [78.3827, 13.0425], [78.3823, 13.0422], [78.3815, 13.0418], [78.3805, 13.0418], [78.3793, 13.0419], [78.3785, 13.0419], [78.3778, 13.0418], [78.3767, 13.0418], [78.3766, 13.0414], [78.3762, 13.0408], [78.3756, 13.0403], [78.3752, 13.0402], [78.3746, 13.0403], [78.3738, 13.0407], [78.3728, 13.0407], [78.3719, 13.0408], [78.3709, 13.0409], [78.3703, 13.041], [78.3703, 13.0406], [78.3701, 13.0401], [78.3692, 13.039], [78.3685, 13.0384], [78.3679, 13.0382], [78.3664, 13.0382], [78.365, 13.0386], [78.3648, 13.0429], [78.3643, 13.0456], [78.3642, 13.0467], [78.3631, 13.0486], [78.3623, 13.0492], [78.3609, 13.05], [78.3612, 13.0505], [78.3615, 13.0514], [78.3618, 13.0533], [78.3619, 13.0554], [78.3617, 13.0557], [78.3613, 13.0561], [78.3605, 13.0564], [78.3598, 13.0566], [78.3589, 13.0569], [78.3583, 13.0573], [78.3578, 13.0574], [78.3573, 13.057], [78.3569, 13.0568], [78.3568, 13.0573], [78.3569, 13.0577], [78.3569, 13.0581], [78.3563, 13.0584], [78.3555, 13.058], [78.3541, 13.057], [78.3531, 13.0565], [78.3516, 13.0559], [78.3504, 13.0558], [78.3494, 13.0558], [78.3483, 13.056], [78.3484, 13.0571], [78.3486, 13.0599], [78.3488, 13.0615], [78.3488, 13.0622], [78.3494, 13.0623], [78.3498, 13.0627], [78.3505, 13.0637], [78.3512, 13.0653], [78.3514, 13.0658], [78.3523, 13.0661], [78.3537, 13.0666], [78.3546, 13.067], [78.3555, 13.0691], [78.3569, 13.0726], [78.3577, 13.0749], [78.3561, 13.0756], [78.3551, 13.0758], [78.3536, 13.0759], [78.3554, 13.0771], [78.3568, 13.0786], [78.3577, 13.0798], [78.3587, 13.0817], [78.3584, 13.0824], [78.3583, 13.0829], [78.3584, 13.0836], [78.359, 13.0847], [78.3593, 13.0853], [78.3596, 13.086], [78.358, 13.0861], [78.3562, 13.0865], [78.3549, 13.0868], [78.3537, 13.087], [78.3528, 13.0871], [78.3519, 13.0885], [78.3507, 13.0902], [78.3499, 13.0918], [78.3493, 13.0927], [78.3489, 13.0932], [78.3491, 13.0942], [78.3493, 13.0958], [78.3494, 13.0972], [78.3489, 13.0969], [78.3482, 13.0969], [78.3475, 13.0979], [78.3451, 13.0986], [78.3446, 13.101], [78.3446, 13.1032], [78.3446, 13.1031], [78.345, 13.1033], [78.3464, 13.1045], [78.347, 13.1051], [78.3479, 13.1049], [78.3498, 13.1045], [78.3507, 13.1043], [78.3515, 13.1053], [78.3536, 13.1075], [78.3569, 13.1104], [78.3581, 13.1088], [78.3605, 13.1062], [78.362, 13.1051], [78.3642, 13.105]], [[78.373, 13.0688], [78.373, 13.0687], [78.3743, 13.0688], [78.3762, 13.0684], [78.3784, 13.0674], [78.3801, 13.0665], [78.3815, 13.0665], [78.3816, 13.0665], [78.3815, 13.0665], [78.3813, 13.0666], [78.382, 13.0675], [78.3823, 13.0684], [78.3832, 13.0694], [78.3833, 13.0699], [78.383, 13.0703], [78.3824, 13.0703], [78.3806, 13.0703], [78.3795, 13.0703], [78.3779, 13.0709], [78.3755, 13.0714], [78.374, 13.072], [78.3721, 13.072], [78.3726, 13.0709], [78.373, 13.0702], [78.3731, 13.0696], [78.373, 13.0688]]]}, "properties": {"OBJECTID": 230265, "gpcode": "218991", "gpname": "ANGONDAHALLI", "stname": "KARNATAKA", "dtname": "Kolar", "sdtname": "Mulbagal", "stcode11": "29", "dtcode11": "581", "sdtcode11": "05594", "blklgdcode": "5872", "blkname": "MULBAGAL", "dt_lgd": 542, "sdt_lgd": 5594, "st_lgd": 29, "vilcode11": 0, "vilname11": "", "pan_local": "MULBAGAL", "b_pan_code": 6203, "b_pan_name": "MULBAGAL", "d_pan_code": 497, "d_pan_name": "KOLAR", "gp_code": "218991", "gp_name": "ANGONDAHALLI", "st_2011": "29", "dt_2011": "581", "sdt_2011": "05594", "subdtname": "Mulbagal", "block_name": "MULBAGAL", "blk_lgdcod": "5872", "dtcode14": "581", "SHAPE_Length": 31736.572726938157, "SHAPE_Area": 23481408.23833595}}, {"type": "Feature", "geometry": {"type": "Polygon", "coordinates": [[[78.3375, 13.1065], [78.3377, 13.1061], [78.3379, 13.1058], [78.3384, 13.1057], [78.3393, 13.1057], [78.3406, 13.1058], [78.3418, 13.1055], [78.3428, 13.105], [78.3439, 13.1041], [78.3446, 13.1032], [78.3446, 13.101], [78.3451, 13.0986], [78.3475, 13.0979], [78.3482, 13.0969], [78.3489, 13.0969], [78.3494, 13.0972], [78.3493, 13.0958], [78.3491, 13.0942], [78.3489, 13.0932], [78.3475, 13.0925], [78.3452, 13.0916], [78.3432, 13.0908], [78.3412, 13.0898], [78.3397, 13.089], [78.3385, 13.0888], [78.3374, 13.0886], [78.3357, 13.0885], [78.334, 13.0885], [78.3318, 13.0885], [78.3304, 13.0883], [78.3285, 13.0881], [78.329, 13.0895], [78.3295, 13.0911], [78.3298, 13.0922], [78.3301, 13.0936], [78.3302, 13.0943], [78.3301, 13.0946], [78.3297, 13.0949], [78.3288, 13.0953], [78.3283, 13.0966], [78.328, 13.097], [78.3268, 13.0978], [78.3236, 13.0996], [78.3203, 13.1011], [78.3182, 13.0996], [78.3164, 13.0984], [78.3143, 13.097], [78.3124, 13.0974], [78.31, 13.0982], [78.3086, 13.0989], [78.3068, 13.1], [78.3068, 13.1016], [78.3068, 13.1043], [78.3068, 13.1055], [78.3069, 13.1061], [78.307, 13.1064], [78.309, 13.1061], [78.3099, 13.1062], [78.3108, 13.1062], [78.3109, 13.1068], [78.3107, 13.1077], [78.3137, 13.1083], [78.3151, 13.1086], [78.316, 13.109], [78.3172, 13.1092], [78.318, 13.111], [78.3191, 13.114], [78.3196, 13.1152], [78.3189, 13.1158], [78.3186, 13.1162], [78.3187, 13.1167], [78.3188, 13.117], [78.3191, 13.1173], [78.3197, 13.1179], [78.3204, 13.1184], [78.3212, 13.1188], [78.3218, 13.1202], [78.3227, 13.123], [78.3231, 13.1265], [78.3245, 13.1295], [78.3261, 13.1332], [78.3271, 13.1352], [78.3284, 13.137], [78.33, 13.1353], [78.3323, 13.1333], [78.3343, 13.1311], [78.3359, 13.1295], [78.3373, 13.1286], [78.3389, 13.1271], [78.3402, 13.1261], [78.3405, 13.1243], [78.3414, 13.1229], [78.3419, 13.1217], [78.3399, 13.1184], [78.3388, 13.1169], [78.3377, 13.1158], [78.3366, 13.1149], [78.3359, 13.1144], [78.3354, 13.1139], [78.3352, 13.1137], [78.336, 13.1131], [78.3366, 13.1114], [78.3371, 13.1087], [78.3374, 13.1073], [78.3375, 13.1065]]]}, "properties": {"OBJECTID": 230266, "gpcode": "218992", "gpname": "AVANI", "stname": "KARNATAKA", "dtname": "Kolar", "sdtname": "Mulbagal", "stcode11": "29", "dtcode11": "581", "sdtcode11": "05594", "blklgdcode": "5872", "blkname": "MULBAGAL", "dt_lgd": 542, "sdt_lgd": 5594, "st_lgd": 29, "vilcode11": 0, "vilname11": "", "pan_local": "MULBAGAL", "b_pan_code": 6203, "b_pan_name": "MULBAGAL", "d_pan_code": 497, "d_pan_name": "KOLAR", "gp_code": "218992", "gp_name": "AVANI", "st_2011": "29", "dt_2011": "581", "sdt_2011": "05594", "subdtname": "Mulbagal", "block_name": "MULBAGAL", "blk_lgdcod": "5872", "dtcode14": "581", "SHAPE_Length": 18821.04565209374, "SHAPE_Area": 11867224.7155471}}, {"type": "Feature", "geometry": {"type": "Polygon", "coordinates": [[[78.3681, 13.1564], [78.3693, 13.1558], [78.3708, 13.1551], [78.3729, 13.1546], [78.3734, 13.1545], [78.3745, 13.1546], [78.3758, 13.1547], [78.3757, 13.154], [78.376, 13.1536], [78.3768, 13.1535], [78.3775, 13.1536], [78.3777, 13.1532], [78.3777, 13.1527], [78.3772, 13.1522], [78.3768, 13.1515], [78.3775, 13.1506], [78.3778, 13.1501], [78.3779, 13.1495], [78.3777, 13.1487], [78.3775, 13.1479], [78.3774, 13.147], [78.3774, 13.1466], [78.3776, 13.1461], [78.3762, 13.1458], [78.3748, 13.1455], [78.3744, 13.1452], [78.3738, 13.1449], [78.3735, 13.1446], [78.3728, 13.1446], [78.3728, 13.1401], [78.3727, 13.1371], [78.3726, 13.1364], [78.3708, 13.1368], [78.3682, 13.1376], [78.3677, 13.1375], [78.3665, 13.1367], [78.3652, 13.1359], [78.3639, 13.1353], [78.3631, 13.1349], [78.3619, 13.1346], [78.3612, 13.1345], [78.3604, 13.1344], [78.3598, 13.1343], [78.3574, 13.1343], [78.3555, 13.1342], [78.3542, 13.1341], [78.3534, 13.1341], [78.3523, 13.1342], [78.3523, 13.1361], [78.3521, 13.1384], [78.3519, 13.1405], [78.3518, 13.1417], [78.3546, 13.1419], [78.3568, 13.1421], [78.3586, 13.1425], [78.3593, 13.143], [78.3596, 13.1435], [78.3598, 13.1442], [78.3597, 13.1452], [78.3601, 13.1465], [78.3604, 13.1476], [78.3614, 13.1494], [78.3621, 13.1504], [78.3622, 13.1507], [78.3623, 13.151], [78.3621, 13.1514], [78.3627, 13.1527], [78.3636, 13.1538], [78.3642, 13.1549], [78.3645, 13.1561], [78.3628, 13.1562], [78.3592, 13.1561], [78.3557, 13.156], [78.3538, 13.1557], [78.353, 13.156], [78.352, 13.1566], [78.3513, 13.1576], [78.3509, 13.1588], [78.3492, 13.1596], [78.348, 13.1603], [78.3463, 13.1614], [78.3453, 13.1622], [78.3446, 13.1627], [78.3439, 13.163], [78.3452, 13.1656], [78.3463, 13.1676], [78.3472, 13.1693], [78.3488, 13.1715], [78.3496, 13.1724], [78.3504, 13.1735], [78.3513, 13.1749], [78.3519, 13.1756], [78.3543, 13.1747], [78.3554, 13.1745], [78.3562, 13.1743], [78.3572, 13.1738], [78.3581, 13.1729], [78.3595, 13.1713], [78.3606, 13.1702], [78.361, 13.1697], [78.3604, 13.1684], [78.3601, 13.167], [78.3601, 13.1663], [78.36, 13.1655], [78.3607, 13.1645], [78.3618, 13.1634], [78.3635, 13.1624], [78.3652, 13.1618], [78.3675, 13.1615], [78.3692, 13.1611], [78.3687, 13.1597], [78.3679, 13.1571], [78.3677, 13.1565], [78.3681, 13.1564]]]}, "properties": {"OBJECTID": 230267, "gpcode": "218992", "gpname": "AVANI", "stname": "KARNATAKA", "dtname": "Kolar", "sdtname": "Mulbagal", "stcode11": "29", "dtcode11": "581", "sdtcode11": "05594", "blklgdcode": "5872", "blkname": "MULBAGAL", "dt_lgd": 542, "sdt_lgd": 5594, "st_lgd": 29, "vilcode11": 0, "vilname11": "", "pan_local": "MULBAGAL", "b_pan_code": 6203, "b_pan_name": "MULBAGAL", "d_pan_code": 497, "d_pan_name": "KOLAR", "gp_code": "218992", "gp_name": "AVANI", "st_2011": "29", "dt_2011": "581", "sdt_2011": "05594", "subdtname": "Mulbagal", "block_name": "MULBAGAL", "blk_lgdcod": "5872", "dtcode14": "581", "SHAPE_Length": 17273.164302794234, "SHAPE_Area": 7779019.6125907255}}, {"type": "Feature", "geometry": {"type": "Polygon", "coordinates": [[[78.3895, 13.1447], [78.3905, 13.1446], [78.3908, 13.1449], [78.3909, 13.1456], [78.3923, 13.1455], [78.393, 13.1456], [78.3928, 13.145], [78.3921, 13.1426], [78.3927, 13.1407], [78.3943, 13.1383], [78.3951, 13.1369], [78.3957, 13.1356], [78.3962, 13.135], [78.3969, 13.1342], [78.3979, 13.1332], [78.3999, 13.1317], [78.4006, 13.131], [78.401, 13.13], [78.4013, 13.1288], [78.4013, 13.1284], [78.4008, 13.1282], [78.4004, 13.1276], [78.4001, 13.1269], [78.3995, 13.1254], [78.3998, 13.1224], [78.3998, 13.1189], [78.4002, 13.1156], [78.3992, 13.1153], [78.3983, 13.115], [78.3968, 13.1145], [78.3957, 13.114], [78.3941, 13.1133], [78.393, 13.1128], [78.3926, 13.1125], [78.3915, 13.1119], [78.3909, 13.1116], [78.3906, 13.1109], [78.3908, 13.1102], [78.3908, 13.1093], [78.3907, 13.1084], [78.3903, 13.1076], [78.3901, 13.1068], [78.3899, 13.1058], [78.3899, 13.1049], [78.3898, 13.1044], [78.3891, 13.1045], [78.3884, 13.1046], [78.3878, 13.1048], [78.3874, 13.105], [78.3869, 13.1052], [78.3864, 13.1054], [78.3859, 13.1054], [78.3853, 13.1052], [78.3849, 13.105], [78.3847, 13.105], [78.3845, 13.104], [78.3842, 13.103], [78.3841, 13.1021], [78.384, 13.1012], [78.3838, 13.1006], [78.3827, 13.0993], [78.382, 13.0983], [78.3816, 13.0976], [78.3807, 13.0959], [78.38, 13.0946], [78.3789, 13.0945], [78.3772, 13.0945], [78.376, 13.0945], [78.3748, 13.0943], [78.3736, 13.0941], [78.3726, 13.0932], [78.3717, 13.093], [78.3708, 13.0929], [78.3703, 13.0929], [78.3696, 13.0931], [78.3685, 13.0936], [78.3676, 13.0939], [78.3662, 13.0941], [78.3648, 13.0943], [78.3634, 13.0944], [78.362, 13.0945], [78.3626, 13.0987], [78.3633, 13.1016], [78.3637, 13.1035], [78.3642, 13.105], [78.362, 13.1051], [78.3605, 13.1062], [78.3581, 13.1088], [78.3569, 13.1104], [78.3536, 13.1075], [78.3515, 13.1053], [78.3507, 13.1043], [78.3498, 13.1045], [78.3479, 13.1049], [78.347, 13.1051], [78.3464, 13.1045], [78.345, 13.1033], [78.3446, 13.1031], [78.3446, 13.1032], [78.3439, 13.1041], [78.3428, 13.105], [78.3418, 13.1055], [78.3406, 13.1058], [78.3393, 13.1057], [78.3384, 13.1057], [78.3379, 13.1058], [78.3377, 13.1061], [78.3375, 13.1065], [78.3374, 13.1073], [78.3371, 13.1087], [78.3366, 13.1114], [78.336, 13.1131], [78.3352, 13.1137], [78.3354, 13.1139], [78.3359, 13.1144], [78.3366, 13.1149], [78.3377, 13.1158], [78.3388, 13.1169], [78.3399, 13.1184], [78.3419, 13.1217], [78.3414, 13.1229], [78.3405, 13.1243], [78.3402, 13.1261], [78.3389, 13.1271], [78.3373, 13.1286], [78.3391, 13.1285], [78.3424, 13.1283], [78.3441, 13.1283], [78.3458, 13.1285], [78.347, 13.1288], [78.3472, 13.1289], [78.3472, 13.1296], [78.3474, 13.13], [78.348, 13.1305], [78.349, 13.1313], [78.3502, 13.1319], [78.3507, 13.1324], [78.3512, 13.1332], [78.3523, 13.1342], [78.3534, 13.1341], [78.3542, 13.1341], [78.3555, 13.1342], [78.3574, 13.1343], [78.3598, 13.1343], [78.3604, 13.1344], [78.3612, 13.1345], [78.3619, 13.1346], [78.3631, 13.1349], [78.3639, 13.1353], [78.3652, 13.1359], [78.3665, 13.1367], [78.3677, 13.1375], [78.3682, 13.1376], [78.3708, 13.1368], [78.3726, 13.1364], [78.3727, 13.1371], [78.3728, 13.1401], [78.3728, 13.1446], [78.3735, 13.1446], [78.3738, 13.1449], [78.3744, 13.1452], [78.3748, 13.1455], [78.3762, 13.1458], [78.3776, 13.1461], [78.3791, 13.146], [78.3812, 13.1457], [78.3828, 13.1455], [78.3841, 13.1452], [78.3854, 13.1449], [78.3873, 13.1447], [78.3895, 13.1447]]]}, "properties": {"OBJECTID": 230268, "gpcode": "218993", "gpname": "BALLA", "stname": "KARNATAKA", "dtname": "Kolar", "sdtname": "Mulbagal", "stcode11": "29", "dtcode11": "581", "sdtcode11": "05594", "blklgdcode": "5872", "blkname": "MULBAGAL", "dt_lgd": 542, "sdt_lgd": 5594, "st_lgd": 29, "vilcode11": 0, "vilname11": "", "pan_local": "MULBAGAL", "b_pan_code": 6203, "b_pan_name": "MULBAGAL", "d_pan_code": 497, "d_pan_name": "KOLAR", "gp_code": "218993", "gp_name": "BALLA", "st_2011": "29", "dt_2011": "581", "sdt_2011": "05594", "subdtname": "Mulbagal", "block_name": "MULBAGAL", "blk_lgdcod": "5872", "dtcode14": "581", "SHAPE_Length": 25585.5693535925, "SHAPE_Area": 26659005.43862551}}, {"type": "Feature", "geometry": {"type": "Polygon", "coordinates": [[[78.3598, 13.1442], [78.3596, 13.1435], [78.3593, 13.143], [78.3586, 13.1425], [78.3568, 13.1421], [78.3546, 13.1419], [78.3518, 13.1417], [78.3514, 13.1427], [78.3508, 13.1441], [78.3502, 13.1441], [78.3494, 13.1443], [78.3496, 13.1449], [78.3498, 13.146], [78.3501, 13.1466], [78.3504, 13.1469], [78.3512, 13.1473], [78.3521, 13.1477], [78.3529, 13.1481], [78.3542, 13.1495], [78.3547, 13.1503], [78.3546, 13.1508], [78.3544, 13.1515], [78.3536, 13.1525], [78.3531, 13.1535], [78.353, 13.1542], [78.3533, 13.1548], [78.3538, 13.1557], [78.3557, 13.156], [78.3592, 13.1561], [78.3628, 13.1562], [78.3645, 13.1561], [78.3642, 13.1549], [78.3636, 13.1538], [78.3627, 13.1527], [78.3621, 13.1514], [78.3623, 13.151], [78.3622, 13.1507], [78.3621, 13.1504], [78.3614, 13.1494], [78.3604, 13.1476], [78.3601, 13.1465], [78.3597, 13.1452], [78.3598, 13.1442]]]}, "properties": {"OBJECTID": 230269, "gpcode": "218993", "gpname": "BALLA", "stname": "KARNATAKA", "dtname": "Kolar", "sdtname": "Mulbagal", "stcode11": "29", "dtcode11": "581", "sdtcode11": "05594", "blklgdcode": "5872", "blkname": "MULBAGAL", "dt_lgd": 542, "sdt_lgd": 5594, "st_lgd": 29, "vilcode11": 0, "vilname11": "", "pan_local": "MULBAGAL", "b_pan_code": 6203, "b_pan_name": "MULBAGAL", "d_pan_code": 497, "d_pan_name": "KOLAR", "gp_code": "218993", "gp_name": "BALLA", "st_2011": "29", "dt_2011": "581", "sdt_2011": "05594", "subdtname": "Mulbagal", "block_name": "MULBAGAL", "blk_lgdcod": "5872", "dtcode14": "581", "SHAPE_Length": 5810.605032469883, "SHAPE_Area": 1608985.981232526}}, {"type": "Feature", "geometry": {"type": "Polygon", "coordinates": [[[78.5097, 13.2633], [78.5111, 13.2631], [78.5117, 13.2632], [78.5125, 13.263], [78.514, 13.2626], [78.5152, 13.2625], [78.5162, 13.2623], [78.5172, 13.2625], [78.5183, 13.2628], [78.5194, 13.2627], [78.5203, 13.2627], [78.5235, 13.2624], [78.5256, 13.2624], [78.5274, 13.2623], [78.528, 13.2621], [78.5288, 13.2618], [78.53, 13.2613], [78.5312, 13.2607], [78.5325, 13.2602], [78.5334, 13.2598], [78.5333, 13.2594], [78.5338, 13.2592], [78.5344, 13.2593], [78.5352, 13.2591], [78.5348, 13.2577], [78.5345, 13.2564], [78.534, 13.2551], [78.5336, 13.2544], [78.5337, 13.254], [78.5351, 13.2535], [78.5364, 13.2531], [78.5361, 13.2522], [78.5357, 13.2512], [78.5363, 13.2493], [78.5336, 13.2452], [78.5318, 13.2437], [78.5291, 13.2415], [78.5281, 13.2405], [78.5269, 13.2377], [78.5256, 13.2369], [78.5238, 13.2358], [78.5239, 13.2346], [78.5225, 13.2317], [78.5212, 13.2291], [78.5189, 13.2285], [78.5185, 13.2278], [78.5167, 13.2293], [78.5151, 13.2302], [78.5144, 13.2315], [78.513, 13.2275], [78.5126, 13.2264], [78.5125, 13.2264], [78.5124, 13.2253], [78.5122, 13.2247], [78.5109, 13.2236], [78.5087, 13.2226], [78.5058, 13.2219], [78.5042, 13.2218], [78.5038, 13.2217], [78.5032, 13.2215], [78.5033, 13.218], [78.5031, 13.2145], [78.5029, 13.2124], [78.5028, 13.2098], [78.5028, 13.2077], [78.5025, 13.2051], [78.5017, 13.2038], [78.5002, 13.203], [78.4988, 13.2048], [78.4953, 13.2059], [78.4923, 13.2066], [78.4908, 13.2073], [78.4871, 13.2088], [78.4895, 13.2088], [78.4908, 13.2088], [78.4908, 13.2096], [78.491, 13.2116], [78.4913, 13.2135], [78.4917, 13.2152], [78.4922, 13.2172], [78.4925, 13.2186], [78.4931, 13.2195], [78.4948, 13.2219], [78.4956, 13.2229], [78.4949, 13.2233], [78.4943, 13.2236], [78.4928, 13.2242], [78.4905, 13.2249], [78.4893, 13.2254], [78.4881, 13.2258], [78.4866, 13.2264], [78.4854, 13.2269], [78.4841, 13.2273], [78.4831, 13.2276], [78.4826, 13.2281], [78.4819, 13.2283], [78.4806, 13.2277], [78.4793, 13.2272], [78.4786, 13.2269], [78.4783, 13.2269], [78.4778, 13.227], [78.4771, 13.2273], [78.4762, 13.2276], [78.4757, 13.2279], [78.4748, 13.2284], [78.4736, 13.229], [78.4727, 13.2293], [78.472, 13.2295], [78.4714, 13.2291], [78.4708, 13.2283], [78.4701, 13.2276], [78.4694, 13.227], [78.4689, 13.2266], [78.4684, 13.2264], [78.4672, 13.2263], [78.4657, 13.2261], [78.4645, 13.226], [78.4636, 13.226], [78.4627, 13.2261], [78.4618, 13.2261], [78.461, 13.2261], [78.4605, 13.2264], [78.4597, 13.2268], [78.4593, 13.2276], [78.4591, 13.2288], [78.4589, 13.2307], [78.4589, 13.2314], [78.4589, 13.2319], [78.459, 13.2324], [78.4594, 13.2331], [78.4598, 13.2341], [78.4602, 13.2351], [78.4604, 13.2359], [78.4605, 13.2366], [78.4605, 13.2371], [78.4604, 13.2374], [78.46, 13.2379], [78.4593, 13.2385], [78.4587, 13.2389], [78.4579, 13.2395], [78.4574, 13.2403], [78.457, 13.2409], [78.457, 13.2413], [78.4558, 13.2414], [78.4544, 13.2416], [78.455, 13.2428], [78.4555, 13.2441], [78.456, 13.2453], [78.4563, 13.246], [78.4563, 13.2464], [78.4562, 13.2469], [78.456, 13.2474], [78.4559, 13.2485], [78.4557, 13.2491], [78.4556, 13.2499], [78.4553, 13.2512], [78.454, 13.2534], [78.4528, 13.2558], [78.4563, 13.2537], [78.4591, 13.2525], [78.4627, 13.2525], [78.4644, 13.2525], [78.4628, 13.2512], [78.4629, 13.2509], [78.4649, 13.2509], [78.4658, 13.2507], [78.4673, 13.2505], [78.4697, 13.2502], [78.4719, 13.2498], [78.4734, 13.2497], [78.4754, 13.2492], [78.4775, 13.2488], [78.4789, 13.2487], [78.48, 13.2485], [78.4814, 13.2483], [78.4821, 13.2483], [78.482, 13.2485], [78.4827, 13.2485], [78.4839, 13.2485], [78.485, 13.2486], [78.4852, 13.2492], [78.4866, 13.2489], [78.4878, 13.2488], [78.4888, 13.2486], [78.4893, 13.2501], [78.4899, 13.2499], [78.4913, 13.2505], [78.4928, 13.2504], [78.4931, 13.2506], [78.4939, 13.2504], [78.4942, 13.2502], [78.4942, 13.2505], [78.4945, 13.2505], [78.4947, 13.2502], [78.4952, 13.25], [78.496, 13.2498], [78.4962, 13.2503], [78.4966, 13.2508], [78.497, 13.2509], [78.4988, 13.2508], [78.499, 13.2512], [78.4988, 13.2521], [78.4985, 13.2534], [78.4983, 13.2545], [78.4976, 13.2567], [78.4961, 13.2599], [78.4969, 13.2617], [78.4988, 13.2626], [78.4998, 13.2631], [78.5008, 13.2637], [78.5027, 13.2639], [78.5049, 13.2639], [78.5071, 13.2637], [78.5078, 13.2637], [78.5087, 13.2635], [78.5097, 13.2633]], [[78.4964, 13.2487], [78.4962, 13.2477], [78.4962, 13.2472], [78.4983, 13.2466], [78.4987, 13.2476], [78.4988, 13.248], [78.4964, 13.2487]]]}, "properties": {"OBJECTID": 230270, "gpcode": "218994", "gpname": "BYRAKUR", "stname": "KARNATAKA", "dtname": "Kolar", "sdtname": "Mulbagal", "stcode11": "29", "dtcode11": "581", "sdtcode11": "05594", "blklgdcode": "5872", "blkname": "MULBAGAL", "dt_lgd": 542, "sdt_lgd": 5594, "st_lgd": 29, "vilcode11": 0, "vilname11": "", "pan_local": "MULBAGAL", "b_pan_code": 6203, "b_pan_name": "MULBAGAL", "d_pan_code": 497, "d_pan_name": "KOLAR", "gp_code": "218994", "gp_name": "BYRAKUR", "st_2011": "29", "dt_2011": "581", "sdt_2011": "05594", "subdtname": "Mulbagal", "block_name": "MULBAGAL", "blk_lgdcod": "5872", "dtcode14": "581", "SHAPE_Length": 34275.09037617623, "SHAPE_Area": 29903044.2366558}}, {"type": "Feature", "geometry": {"type": "Polygon", "coordinates": [[[78.353, 13.1542], [78.3531, 13.1535], [78.3536, 13.1525], [78.3544, 13.1515], [78.3546, 13.1508], [78.3547, 13.1503], [78.3542, 13.1495], [78.3529, 13.1481], [78.3521, 13.1477], [78.3512, 13.1473], [78.3504, 13.1469], [78.3501, 13.1466], [78.3498, 13.146], [78.3496, 13.1449], [78.3494, 13.1443], [78.3502, 13.1441], [78.3508, 13.1441], [78.3514, 13.1427], [78.3518, 13.1417], [78.3519, 13.1405], [78.3521, 13.1384], [78.3523, 13.1361], [78.3523, 13.1342], [78.3512, 13.1332], [78.3507, 13.1324], [78.3502, 13.1319], [78.349, 13.1313], [78.348, 13.1305], [78.3474, 13.13], [78.3472, 13.1296], [78.3472, 13.1289], [78.347, 13.1288], [78.3458, 13.1285], [78.3441, 13.1283], [78.3424, 13.1283], [78.3391, 13.1285], [78.3373, 13.1286], [78.3359, 13.1295], [78.3343, 13.1311], [78.3323, 13.1333], [78.33, 13.1353], [78.3284, 13.137], [78.3271, 13.1352], [78.3261, 13.1332], [78.3245, 13.1295], [78.3231, 13.1265], [78.3227, 13.123], [78.3218, 13.1202], [78.3212, 13.1188], [78.3204, 13.1184], [78.3197, 13.1179], [78.3191, 13.1173], [78.3188, 13.117], [78.3187, 13.1167], [78.3186, 13.1162], [78.3189, 13.1158], [78.3196, 13.1152], [78.3191, 13.114], [78.318, 13.111], [78.3172, 13.1092], [78.316, 13.109], [78.3151, 13.1086], [78.3137, 13.1083], [78.3107, 13.1077], [78.3109, 13.1068], [78.3108, 13.1062], [78.3099, 13.1062], [78.309, 13.1061], [78.307, 13.1064], [78.3069, 13.1061], [78.3068, 13.1055], [78.3068, 13.1043], [78.3068, 13.1016], [78.3068, 13.1], [78.3053, 13.0975], [78.3053, 13.0969], [78.3053, 13.0963], [78.3042, 13.0952], [78.3021, 13.0931], [78.3022, 13.0927], [78.3025, 13.0919], [78.3024, 13.0911], [78.3021, 13.0902], [78.302, 13.0891], [78.3024, 13.0882], [78.3022, 13.0868], [78.302, 13.0845], [78.302, 13.0833], [78.3018, 13.0834], [78.2992, 13.0839], [78.2975, 13.0842], [78.2972, 13.0843], [78.297, 13.0858], [78.297, 13.0878], [78.2946, 13.0875], [78.2918, 13.0868], [78.2905, 13.0866], [78.2894, 13.0864], [78.2868, 13.0855], [78.2866, 13.0865], [78.2864, 13.0877], [78.2862, 13.0889], [78.2861, 13.0901], [78.2854, 13.0916], [78.2846, 13.0921], [78.2839, 13.0938], [78.2833, 13.0952], [78.2831, 13.0957], [78.2819, 13.0982], [78.2815, 13.0994], [78.2808, 13.1002], [78.2812, 13.1007], [78.2817, 13.101], [78.2822, 13.1013], [78.2822, 13.1029], [78.2818, 13.104], [78.2814, 13.1047], [78.2805, 13.1065], [78.28, 13.1072], [78.2815, 13.1076], [78.2818, 13.109], [78.2833, 13.1088], [78.2837, 13.11], [78.2841, 13.112], [78.2842, 13.1131], [78.2842, 13.1137], [78.2838, 13.1145], [78.2837, 13.115], [78.2838, 13.1155], [78.2841, 13.1163], [78.2845, 13.1178], [78.2848, 13.1189], [78.2855, 13.1199], [78.286, 13.1208], [78.2861, 13.1214], [78.2859, 13.1219], [78.2848, 13.1227], [78.2844, 13.1232], [78.2842, 13.1236], [78.284, 13.1243], [78.2838, 13.1248], [78.2834, 13.1251], [78.2825, 13.1251], [78.2816, 13.1251], [78.281, 13.1254], [78.2805, 13.126], [78.2799, 13.1258], [78.2789, 13.1257], [78.278, 13.1258], [78.2772, 13.1262], [78.277, 13.1267], [78.2765, 13.1276], [78.2762, 13.1288], [78.2754, 13.1286], [78.2748, 13.1282], [78.274, 13.1278], [78.2732, 13.1278], [78.2725, 13.1281], [78.2718, 13.1287], [78.2713, 13.1299], [78.2711, 13.1309], [78.2698, 13.1308], [78.2686, 13.1308], [78.2678, 13.1315], [78.2672, 13.1321], [78.2672, 13.1326], [78.2673, 13.1332], [78.2677, 13.1337], [78.2685, 13.1339], [78.2688, 13.1335], [78.269, 13.1331], [78.2694, 13.1329], [78.2697, 13.1329], [78.2701, 13.1332], [78.2703, 13.1337], [78.2704, 13.1343], [78.27, 13.1357], [78.2696, 13.1363], [78.2692, 13.1366], [78.2687, 13.1369], [78.2681, 13.1372], [78.2674, 13.1375], [78.2668, 13.1378], [78.2661, 13.1378], [78.2654, 13.1378], [78.2649, 13.1378], [78.2645, 13.138], [78.264, 13.1388], [78.2638, 13.1399], [78.2637, 13.1411], [78.2632, 13.1428], [78.2626, 13.1442], [78.2617, 13.1458], [78.2609, 13.1466], [78.2609, 13.147], [78.261, 13.1481], [78.2611, 13.1483], [78.2614, 13.1495], [78.2616, 13.1501], [78.2623, 13.1521], [78.2623, 13.1522], [78.2628, 13.1523], [78.264, 13.153], [78.2657, 13.1538], [78.2673, 13.1549], [78.2688, 13.156], [78.2702, 13.1569], [78.2717, 13.1579], [78.2732, 13.1587], [78.2748, 13.1591], [78.2768, 13.1596], [78.2783, 13.1598], [78.279, 13.1594], [78.28, 13.1587], [78.2811, 13.1589], [78.2818, 13.1597], [78.2823, 13.1605], [78.2835, 13.1595], [78.2849, 13.158], [78.2865, 13.1566], [78.2872, 13.1558], [78.2882, 13.1548], [78.2884, 13.1544], [78.2886, 13.1538], [78.2889, 13.1526], [78.289, 13.151], [78.2891, 13.1496], [78.2906, 13.1512], [78.2923, 13.1518], [78.2941, 13.1523], [78.2963, 13.1527], [78.2977, 13.153], [78.299, 13.1531], [78.2999, 13.1532], [78.3011, 13.153], [78.3023, 13.1534], [78.3042, 13.1543], [78.3056, 13.1551], [78.307, 13.1556], [78.3084, 13.1556], [78.3096, 13.1555], [78.3113, 13.1552], [78.3127, 13.155], [78.3137, 13.1551], [78.3162, 13.1548], [78.3196, 13.1544], [78.3231, 13.1542], [78.326, 13.1544], [78.3279, 13.1545], [78.3294, 13.1548], [78.3307, 13.1553], [78.3319, 13.1541], [78.3333, 13.1542], [78.335, 13.1548], [78.337, 13.1558], [78.3394, 13.157], [78.341, 13.1579], [78.3414, 13.1587], [78.3422, 13.1599], [78.3433, 13.1618], [78.3439, 13.163], [78.3446, 13.1627], [78.3453, 13.1622], [78.3463, 13.1614], [78.348, 13.1603], [78.3492, 13.1596], [78.3509, 13.1588], [78.3513, 13.1576], [78.352, 13.1566], [78.353, 13.156], [78.3538, 13.1557], [78.3533, 13.1548], [78.353, 13.1542]]]}, "properties": {"OBJECTID": 230271, "gpcode": "218995", "gpname": "DEVARAYASAMUDRA", "stname": "KARNATAKA", "dtname": "Kolar", "sdtname": "Mulbagal", "stcode11": "29", "dtcode11": "581", "sdtcode11": "05594", "blklgdcode": "5872", "blkname": "MULBAGAL", "dt_lgd": 542, "sdt_lgd": 5594, "st_lgd": 29, "vilcode11": 0, "vilname11": "", "pan_local": "MULBAGAL", "b_pan_code": 6203, "b_pan_name": "MULBAGAL", "d_pan_code": 497, "d_pan_name": "KOLAR", "gp_code": "218995", "gp_name": "DEVARAYASAMUDRA", "st_2011": "29", "dt_2011": "581", "sdt_2011": "05594", "subdtname": "Mulbagal", "block_name": "MULBAGAL", "blk_lgdcod": "5872", "dtcode14": "581", "SHAPE_Length": 39561.53475248094, "SHAPE_Area": 45376688.52071874}}, {"type": "Feature", "geometry": {"type": "Polygon", "coordinates": [[[78.4702, 13.0579], [78.4728, 13.0568], [78.4764, 13.0553], [78.4785, 13.0545], [78.4783, 13.0527], [78.4782, 13.0514], [78.478, 13.0501], [78.4771, 13.0484], [78.4758, 13.0458], [78.4742, 13.0437], [78.4731, 13.0429], [78.4722, 13.0428], [78.4709, 13.0428], [78.4693, 13.0429], [78.468, 13.0435], [78.4666, 13.0442], [78.4648, 13.0447], [78.4648, 13.0446], [78.4637, 13.0443], [78.4622, 13.0432], [78.462, 13.0378], [78.4618, 13.0317], [78.4616, 13.0288], [78.4615, 13.0265], [78.4614, 13.0257], [78.4605, 13.0254], [78.4594, 13.0246], [78.4581, 13.0236], [78.4572, 13.0235], [78.4551, 13.0235], [78.4528, 13.0235], [78.4508, 13.0233], [78.4491, 13.0232], [78.4473, 13.0241], [78.4446, 13.0253], [78.4431, 13.0259], [78.4421, 13.0263], [78.4415, 13.0263], [78.4406, 13.0267], [78.4403, 13.0272], [78.4402, 13.0275], [78.4399, 13.0277], [78.4397, 13.0278], [78.4393, 13.0279], [78.4389, 13.028], [78.4379, 13.0283], [78.4374, 13.0284], [78.4366, 13.0286], [78.4359, 13.0302], [78.4352, 13.0323], [78.435, 13.0343], [78.435, 13.0356], [78.4342, 13.0372], [78.4339, 13.0376], [78.4336, 13.0379], [78.4333, 13.0379], [78.4329, 13.0378], [78.4326, 13.0375], [78.4323, 13.0375], [78.432, 13.0376], [78.4316, 13.038], [78.431, 13.0385], [78.4302, 13.0388], [78.4296, 13.039], [78.4289, 13.0391], [78.4282, 13.0392], [78.4274, 13.0394], [78.4269, 13.0398], [78.426, 13.0403], [78.4253, 13.0407], [78.4246, 13.0409], [78.4242, 13.041], [78.4236, 13.0412], [78.4232, 13.0418], [78.4229, 13.0424], [78.4229, 13.0426], [78.4229, 13.0427], [78.4229, 13.043], [78.4234, 13.0435], [78.4246, 13.0445], [78.4249, 13.0449], [78.4255, 13.0448], [78.4259, 13.0448], [78.4265, 13.0445], [78.4271, 13.0443], [78.4274, 13.0443], [78.4275, 13.0449], [78.4277, 13.0458], [78.4282, 13.0469], [78.4284, 13.0474], [78.4286, 13.0481], [78.4287, 13.0487], [78.4286, 13.0491], [78.4285, 13.0498], [78.4283, 13.0505], [78.428, 13.0513], [78.428, 13.0516], [78.4278, 13.0517], [78.4275, 13.0517], [78.427, 13.0518], [78.4259, 13.0519], [78.4249, 13.0519], [78.425, 13.0531], [78.425, 13.0535], [78.4257, 13.0535], [78.4257, 13.0543], [78.4261, 13.0544], [78.4277, 13.0544], [78.4283, 13.0545], [78.4283, 13.0558], [78.4287, 13.0566], [78.4298, 13.0566], [78.4309, 13.0566], [78.4315, 13.0579], [78.4321, 13.0593], [78.4325, 13.0604], [78.4327, 13.0611], [78.4327, 13.0614], [78.4317, 13.0615], [78.4318, 13.0621], [78.432, 13.0628], [78.4321, 13.063], [78.4322, 13.0631], [78.4325, 13.0632], [78.4333, 13.0632], [78.4337, 13.0633], [78.4339, 13.0636], [78.4339, 13.064], [78.434, 13.0641], [78.4343, 13.0639], [78.4348, 13.0635], [78.4354, 13.063], [78.4358, 13.063], [78.4363, 13.0634], [78.4366, 13.0633], [78.4371, 13.0628], [78.4364, 13.0613], [78.4362, 13.0605], [78.4357, 13.0597], [78.4354, 13.059], [78.4355, 13.0586], [78.4361, 13.0584], [78.437, 13.0583], [78.438, 13.0582], [78.4386, 13.0579], [78.439, 13.0576], [78.4393, 13.0575], [78.4402, 13.0576], [78.4413, 13.0576], [78.4426, 13.0578], [78.4443, 13.0583], [78.4459, 13.0585], [78.448, 13.059], [78.4497, 13.0592], [78.4505, 13.0592], [78.4511, 13.0596], [78.4509, 13.0601], [78.4503, 13.0611], [78.4496, 13.0628], [78.4486, 13.0647], [78.4473, 13.0666], [78.4492, 13.0671], [78.452, 13.0676], [78.454, 13.0681], [78.4553, 13.0683], [78.4563, 13.0683], [78.4572, 13.0683], [78.4579, 13.0681], [78.458, 13.0667], [78.458, 13.0659], [78.4581, 13.0656], [78.4586, 13.0655], [78.4599, 13.0654], [78.461, 13.0653], [78.4615, 13.0653], [78.4617, 13.0651], [78.4618, 13.0649], [78.4618, 13.0646], [78.4619, 13.064], [78.462, 13.0628], [78.4625, 13.0621], [78.4651, 13.0609], [78.4683, 13.059], [78.4698, 13.0581], [78.4702, 13.0579]]]}, "properties": {"OBJECTID": 230272, "gpcode": "218996", "gpname": "DHOOLAPPALLI", "stname": "KARNATAKA", "dtname": "Kolar", "sdtname": "Mulbagal", "stcode11": "29", "dtcode11": "581", "sdtcode11": "05594", "blklgdcode": "5872", "blkname": "MULBAGAL", "dt_lgd": 542, "sdt_lgd": 5594, "st_lgd": 29, "vilcode11": 0, "vilname11": "", "pan_local": "MULBAGAL", "b_pan_code": 6203, "b_pan_name": "MULBAGAL", "d_pan_code": 497, "d_pan_name": "KOLAR", "gp_code": "218996", "gp_name": "DHOOLAPPALLI", "st_2011": "29", "dt_2011": "581", "sdt_2011": "05594", "subdtname": "Mulbagal", "block_name": "MULBAGAL", "blk_lgdcod": "5872", "dtcode14": "581", "SHAPE_Length": 22424.223427812856, "SHAPE_Area": 17876750.04625412}}, {"type": "Feature", "geometry": {"type": "Polygon", "coordinates": [[[78.3832, 13.0694], [78.3823, 13.0684], [78.382, 13.0675], [78.3813, 13.0666], [78.3815, 13.0665], [78.3816, 13.0665], [78.3815, 13.0665], [78.3801, 13.0665], [78.3784, 13.0674], [78.3762, 13.0684], [78.3743, 13.0688], [78.373, 13.0687], [78.373, 13.0688], [78.3731, 13.0696], [78.373, 13.0702], [78.3726, 13.0709], [78.3721, 13.072], [78.374, 13.072], [78.3755, 13.0714], [78.3779, 13.0709], [78.3795, 13.0703], [78.3806, 13.0703], [78.3824, 13.0703], [78.383, 13.0703], [78.3833, 13.0699], [78.3832, 13.0694]]]}, "properties": {"OBJECTID": 230273, "gpcode": "218997", "gpname": "EMMENATHA", "stname": "KARNATAKA", "dtname": "Kolar", "sdtname": "Mulbagal", "stcode11": "29", "dtcode11": "581", "sdtcode11": "05594", "blklgdcode": "5872", "blkname": "MULBAGAL", "dt_lgd": 542, "sdt_lgd": 5594, "st_lgd": 29, "vilcode11": 0, "vilname11": "", "pan_local": "MULBAGAL", "b_pan_code": 6203, "b_pan_name": "MULBAGAL", "d_pan_code": 497, "d_pan_name": "KOLAR", "gp_code": "218997", "gp_name": "EMMENATHA", "st_2011": "29", "dt_2011": "581", "sdt_2011": "05594", "subdtname": "Mulbagal", "block_name": "MULBAGAL", "blk_lgdcod": "5872", "dtcode14": "581", "SHAPE_Length": 3184.2082510347195, "SHAPE_Area": 409533.60313225194}}, {"type": "Feature", "geometry": {"type": "Polygon", "coordinates": [[[78.395, 13.0721], [78.3952, 13.0708], [78.3954, 13.0697], [78.3957, 13.0694], [78.3958, 13.0688], [78.3955, 13.0684], [78.3953, 13.0681], [78.3955, 13.0679], [78.3954, 13.0665], [78.3953, 13.0652], [78.395, 13.0641], [78.3917, 13.0638], [78.3892, 13.0635], [78.3891, 13.0635], [78.3891, 13.0638], [78.3904, 13.0659], [78.3915, 13.0679], [78.3928, 13.0696], [78.3941, 13.0709], [78.3947, 13.0715], [78.395, 13.0721]]]}, "properties": {"OBJECTID": 230274, "gpcode": "218997", "gpname": "EMMENATHA", "stname": "KARNATAKA", "dtname": "Kolar", "sdtname": "Mulbagal", "stcode11": "29", "dtcode11": "581", "sdtcode11": "05594", "blklgdcode": "5872", "blkname": "MULBAGAL", "dt_lgd": 542, "sdt_lgd": 5594, "st_lgd": 29, "vilcode11": 0, "vilname11": "", "pan_local": "MULBAGAL", "b_pan_code": 6203, "b_pan_name": "MULBAGAL", "d_pan_code": 497, "d_pan_name": "KOLAR", "gp_code": "218997", "gp_name": "EMMENATHA", "st_2011": "29", "dt_2011": "581", "sdt_2011": "05594", "subdtname": "Mulbagal", "block_name": "MULBAGAL", "blk_lgdcod": "5872", "dtcode14": "581", "SHAPE_Length": 2824.250027780657, "SHAPE_Area": 369700.24053924874}}, {"type": "Feature", "geometry": {"type": "Polygon", "coordinates": [[[78.395, 13.0721], [78.3943, 13.0727], [78.3935, 13.0732], [78.3921, 13.0741], [78.391, 13.0745], [78.3897, 13.0748], [78.3885, 13.0755], [78.3882, 13.0759], [78.3882, 13.0766], [78.3882, 13.0775], [78.3882, 13.0783], [78.3883, 13.079], [78.3884, 13.0795], [78.3885, 13.08], [78.3884, 13.0807], [78.3881, 13.0812], [78.3877, 13.0814], [78.3871, 13.0814], [78.3861, 13.0814], [78.3846, 13.0816], [78.3835, 13.0817], [78.3822, 13.0821], [78.3809, 13.0826], [78.3801, 13.0827], [78.3794, 13.0825], [78.3796, 13.0839], [78.3793, 13.0845], [78.3784, 13.0864], [78.3783, 13.0882], [78.3785, 13.0899], [78.3793, 13.0924], [78.3798, 13.0936], [78.38, 13.0946], [78.3807, 13.0959], [78.3816, 13.0976], [78.382, 13.0983], [78.3827, 13.0993], [78.3838, 13.1006], [78.384, 13.1012], [78.3841, 13.1021], [78.3842, 13.103], [78.3845, 13.104], [78.3847, 13.105], [78.3849, 13.105], [78.3853, 13.1052], [78.3859, 13.1054], [78.3864, 13.1054], [78.3869, 13.1052], [78.3874, 13.105], [78.3878, 13.1048], [78.3884, 13.1046], [78.3891, 13.1045], [78.3898, 13.1044], [78.3899, 13.1049], [78.3899, 13.1058], [78.3901, 13.1068], [78.3903, 13.1076], [78.3907, 13.1084], [78.3908, 13.1093], [78.3908, 13.1102], [78.3906, 13.1109], [78.3909, 13.1116], [78.3915, 13.1119], [78.3926, 13.1125], [78.393, 13.1128], [78.3941, 13.1133], [78.3957, 13.114], [78.3968, 13.1145], [78.3983, 13.115], [78.3992, 13.1153], [78.4002, 13.1156], [78.4026, 13.1163], [78.4055, 13.1173], [78.4086, 13.1178], [78.412, 13.1184], [78.4141, 13.1188], [78.4151, 13.1191], [78.416, 13.1196], [78.4173, 13.12], [78.4182, 13.1203], [78.4188, 13.1204], [78.4193, 13.1204], [78.4194, 13.1203], [78.4197, 13.1201], [78.4199, 13.1201], [78.4199, 13.1198], [78.4199, 13.1194], [78.4201, 13.1187], [78.4204, 13.1172], [78.4207, 13.1157], [78.4209, 13.1146], [78.4209, 13.1138], [78.4208, 13.1116], [78.4206, 13.1096], [78.4205, 13.1085], [78.4204, 13.1078], [78.42, 13.1071], [78.4196, 13.1062], [78.4193, 13.1052], [78.419, 13.1036], [78.4187, 13.1022], [78.419, 13.1017], [78.4191, 13.1014], [78.4189, 13.101], [78.4187, 13.1005], [78.4181, 13.0997], [78.4178, 13.099], [78.4172, 13.0982], [78.4167, 13.0973], [78.417, 13.0971], [78.4174, 13.0971], [78.4178, 13.0975], [78.4189, 13.0981], [78.42, 13.0987], [78.4214, 13.0987], [78.4219, 13.0986], [78.4227, 13.0998], [78.423, 13.1003], [78.423, 13.1006], [78.4228, 13.1011], [78.4224, 13.1016], [78.4219, 13.1019], [78.4213, 13.1022], [78.4209, 13.1025], [78.4208, 13.1031], [78.4208, 13.104], [78.4211, 13.1043], [78.4216, 13.1045], [78.4234, 13.1048], [78.4256, 13.105], [78.4266, 13.105], [78.427, 13.1049], [78.4273, 13.1045], [78.4276, 13.1033], [78.4279, 13.1028], [78.4281, 13.1025], [78.4287, 13.1025], [78.4296, 13.1025], [78.4297, 13.102], [78.4297, 13.1011], [78.4296, 13.0999], [78.4295, 13.0988], [78.4293, 13.0978], [78.4298, 13.0976], [78.4304, 13.0975], [78.4315, 13.0975], [78.4332, 13.0974], [78.4348, 13.0973], [78.4358, 13.0973], [78.4367, 13.0972], [78.4373, 13.0971], [78.438, 13.0968], [78.4389, 13.0963], [78.4396, 13.0957], [78.4399, 13.0953], [78.4405, 13.0942], [78.4412, 13.093], [78.4421, 13.0918], [78.4432, 13.0905], [78.4441, 13.0892], [78.4447, 13.0886], [78.4448, 13.0879], [78.4444, 13.0866], [78.4438, 13.0845], [78.4433, 13.0826], [78.4429, 13.0814], [78.4425, 13.0803], [78.4424, 13.0797], [78.4414, 13.0797], [78.4404, 13.0798], [78.4398, 13.0798], [78.4395, 13.0799], [78.4387, 13.0801], [78.4378, 13.0803], [78.4371, 13.0803], [78.4359, 13.0804], [78.4348, 13.0806], [78.4334, 13.0809], [78.4325, 13.081], [78.4316, 13.0812], [78.4313, 13.0813], [78.431, 13.0813], [78.4309, 13.0811], [78.4307, 13.0808], [78.4306, 13.0806], [78.4304, 13.0806], [78.4296, 13.0809], [78.4287, 13.0813], [78.4279, 13.0815], [78.4272, 13.0816], [78.4264, 13.0816], [78.4259, 13.0816], [78.4239, 13.0816], [78.423, 13.0815], [78.4224, 13.0811], [78.4218, 13.0802], [78.4214, 13.0799], [78.42, 13.0799], [78.4171, 13.0798], [78.4169, 13.0775], [78.4163, 13.0769], [78.4159, 13.0762], [78.4156, 13.0751], [78.4153, 13.074], [78.4147, 13.073], [78.414, 13.0738], [78.4134, 13.074], [78.4121, 13.0746], [78.4107, 13.0751], [78.4093, 13.0755], [78.4078, 13.0761], [78.4059, 13.0771], [78.4043, 13.0784], [78.4033, 13.08], [78.4023, 13.0821], [78.4016, 13.0842], [78.4017, 13.0857], [78.4001, 13.0856], [78.3986, 13.0856], [78.3977, 13.0857], [78.3965, 13.086], [78.3963, 13.0853], [78.3962, 13.0842], [78.3961, 13.0834], [78.3958, 13.0825], [78.3955, 13.0812], [78.3953, 13.0791], [78.3953, 13.077], [78.3952, 13.0749], [78.3952, 13.0735], [78.3952, 13.0727], [78.395, 13.0721]]]}, "properties": {"OBJECTID": 230275, "gpcode": "218997", "gpname": "EMMENATHA", "stname": "KARNATAKA", "dtname": "Kolar", "sdtname": "Mulbagal", "stcode11": "29", "dtcode11": "581", "sdtcode11": "05594", "blklgdcode": "5872", "blkname": "MULBAGAL", "dt_lgd": 542, "sdt_lgd": 5594, "st_lgd": 29, "vilcode11": 0, "vilname11": "", "pan_local": "MULBAGAL", "b_pan_code": 6203, "b_pan_name": "MULBAGAL", "d_pan_code": 497, "d_pan_name": "KOLAR", "gp_code": "218997", "gp_name": "EMMENATHA", "st_2011": "29", "dt_2011": "581", "sdt_2011": "05594", "subdtname": "Mulbagal", "block_name": "MULBAGAL", "blk_lgdcod": "5872", "dtcode14": "581", "SHAPE_Length": 27478.37799411165, "SHAPE_Area": 22917254.98397073}}, {"type": "Feature", "geometry": {"type": "Polygon", "coordinates": [[[78.4749, 13.2591], [78.4753, 13.2558], [78.4755, 13.253], [78.4754, 13.2512], [78.4754, 13.2509], [78.4754, 13.2507], [78.4755, 13.2506], [78.4756, 13.2505], [78.4757, 13.2502], [78.4757, 13.2499], [78.4753, 13.2496], [78.4754, 13.2492], [78.4734, 13.2497], [78.4719, 13.2498], [78.4697, 13.2502], [78.4673, 13.2505], [78.4658, 13.2507], [78.4649, 13.2509], [78.4629, 13.2509], [78.4628, 13.2512], [78.4644, 13.2525], [78.4627, 13.2525], [78.4591, 13.2525], [78.4563, 13.2537], [78.4528, 13.2558], [78.4496, 13.2555], [78.4455, 13.2546], [78.4413, 13.2542], [78.4382, 13.2537], [78.4333, 13.2533], [78.4326, 13.2534], [78.4228, 13.2526], [78.4219, 13.2525], [78.42, 13.2523], [78.4199, 13.2537], [78.4197, 13.2567], [78.4193, 13.2617], [78.419, 13.2662], [78.4186, 13.2692], [78.4183, 13.2716], [78.4178, 13.2756], [78.4181, 13.279], [78.4185, 13.2817], [78.4191, 13.2844], [78.4177, 13.2858], [78.4157, 13.2871], [78.4182, 13.2881], [78.421, 13.2892], [78.4255, 13.291], [78.4293, 13.2926], [78.4326, 13.2939], [78.4348, 13.2951], [78.4377, 13.2971], [78.4402, 13.3003], [78.4412, 13.3017], [78.4422, 13.3034], [78.4442, 13.3081], [78.4465, 13.3084], [78.4482, 13.3086], [78.4483, 13.3086], [78.4503, 13.3093], [78.4526, 13.3101], [78.4577, 13.3138], [78.4597, 13.314], [78.4638, 13.3144], [78.4643, 13.3153], [78.4666, 13.3151], [78.4667, 13.3151], [78.4671, 13.3133], [78.4656, 13.309], [78.4664, 13.3088], [78.4679, 13.3084], [78.4698, 13.3061], [78.4715, 13.3045], [78.471, 13.3007], [78.4711, 13.2987], [78.4719, 13.2984], [78.4717, 13.2978], [78.4714, 13.2967], [78.4713, 13.2956], [78.471, 13.2919], [78.471, 13.2892], [78.4712, 13.2832], [78.4725, 13.282], [78.4743, 13.2807], [78.4746, 13.2789], [78.474, 13.2767], [78.4739, 13.2745], [78.474, 13.2723], [78.4751, 13.2716], [78.4765, 13.2713], [78.4742, 13.27], [78.4729, 13.2677], [78.4728, 13.2663], [78.4734, 13.2647], [78.4734, 13.2638], [78.4736, 13.2626], [78.4745, 13.2618], [78.4749, 13.2591]]]}, "properties": {"OBJECTID": 230276, "gpcode": "218998", "gpname": "GUDIPALLI", "stname": "KARNATAKA", "dtname": "Kolar", "sdtname": "Mulbagal", "stcode11": "29", "dtcode11": "581", "sdtcode11": "05594", "blklgdcode": "5872", "blkname": "MULBAGAL", "dt_lgd": 542, "sdt_lgd": 5594, "st_lgd": 29, "vilcode11": 0, "vilname11": "", "pan_local": "MULBAGAL", "b_pan_code": 6203, "b_pan_name": "MULBAGAL", "d_pan_code": 497, "d_pan_name": "KOLAR", "gp_code": "218998", "gp_name": "GUDIPALLI", "st_2011": "29", "dt_2011": "581", "sdt_2011": "05594", "subdtname": "Mulbagal", "block_name": "MULBAGAL", "blk_lgdcod": "5872", "dtcode14": "581", "SHAPE_Length": 26507.446568551666, "SHAPE_Area": 34637139.75517055}}, {"type": "Feature", "geometry": {"type": "Polygon", "coordinates": [[[78.5093, 13.1716], [78.5095, 13.1698], [78.5107, 13.17], [78.5131, 13.1699], [78.5146, 13.1688], [78.5153, 13.1672], [78.5159, 13.1665], [78.5164, 13.1644], [78.5158, 13.1632], [78.5168, 13.1625], [78.5182, 13.1607], [78.5183, 13.1592], [78.5188, 13.1581], [78.5212, 13.1581], [78.5232, 13.1582], [78.5246, 13.1585], [78.5263, 13.1585], [78.5275, 13.1589], [78.5281, 13.1586], [78.5287, 13.1575], [78.5305, 13.1582], [78.5327, 13.157], [78.5347, 13.1561], [78.5372, 13.1557], [78.5397, 13.1551], [78.5414, 13.1557], [78.5409, 13.1535], [78.5429, 13.152], [78.5453, 13.1505], [78.5465, 13.1497], [78.5484, 13.1485], [78.5474, 13.146], [78.5463, 13.1438], [78.5463, 13.1437], [78.5446, 13.142], [78.5435, 13.1414], [78.5421, 13.1414], [78.5395, 13.1412], [78.5373, 13.1412], [78.5363, 13.1412], [78.5313, 13.1414], [78.5312, 13.1414], [78.5288, 13.1402], [78.5267, 13.1389], [78.5266, 13.1379], [78.5266, 13.1356], [78.5261, 13.1341], [78.525, 13.1332], [78.5234, 13.1315], [78.5233, 13.1305], [78.5216, 13.1301], [78.5215, 13.1318], [78.5176, 13.1318], [78.5176, 13.1317], [78.517, 13.1316], [78.5166, 13.1304], [78.5173, 13.1285], [78.5175, 13.1278], [78.5178, 13.1273], [78.5188, 13.1259], [78.5189, 13.1251], [78.5188, 13.1229], [78.5187, 13.1207], [78.5185, 13.1198], [78.5213, 13.1191], [78.5229, 13.1184], [78.523, 13.1184], [78.5231, 13.1175], [78.5226, 13.115], [78.5236, 13.1148], [78.5253, 13.1144], [78.5259, 13.113], [78.5268, 13.1122], [78.5278, 13.1119], [78.5304, 13.1117], [78.5315, 13.1103], [78.5328, 13.1095], [78.5353, 13.1091], [78.5375, 13.1086], [78.5383, 13.108], [78.5385, 13.1072], [78.5385, 13.1057], [78.5384, 13.1057], [78.5361, 13.1057], [78.5325, 13.1057], [78.5324, 13.1057], [78.5315, 13.1049], [78.53, 13.1039], [78.5289, 13.1037], [78.5274, 13.1029], [78.5245, 13.1012], [78.5238, 13.1005], [78.523, 13.0986], [78.5228, 13.0977], [78.5233, 13.0958], [78.5234, 13.0947], [78.5233, 13.0947], [78.522, 13.0946], [78.5205, 13.096], [78.5183, 13.0963], [78.5177, 13.0965], [78.5161, 13.0966], [78.5145, 13.0971], [78.512, 13.0987], [78.5096, 13.1001], [78.5061, 13.1031], [78.505, 13.1048], [78.5031, 13.1061], [78.5026, 13.1065], [78.4995, 13.1084], [78.4988, 13.1071], [78.4984, 13.1073], [78.4982, 13.1078], [78.4981, 13.1084], [78.4981, 13.1091], [78.4982, 13.1099], [78.4984, 13.111], [78.4984, 13.1121], [78.4982, 13.1142], [78.498, 13.1153], [78.498, 13.1172], [78.4981, 13.1177], [78.4978, 13.1182], [78.4967, 13.1186], [78.495, 13.1189], [78.4944, 13.1191], [78.4926, 13.1197], [78.4913, 13.12], [78.4891, 13.1203], [78.488, 13.1203], [78.487, 13.1202], [78.4869, 13.1208], [78.4866, 13.1224], [78.4864, 13.1232], [78.4857, 13.1262], [78.4855, 13.1268], [78.4847, 13.1269], [78.4838, 13.1273], [78.4832, 13.1289], [78.4823, 13.1306], [78.4814, 13.132], [78.4807, 13.1327], [78.4803, 13.1329], [78.4801, 13.1347], [78.4799, 13.1366], [78.4809, 13.1366], [78.4819, 13.1365], [78.483, 13.136], [78.4839, 13.1359], [78.4846, 13.1359], [78.4863, 13.1368], [78.4882, 13.1382], [78.4892, 13.1389], [78.4899, 13.1391], [78.4904, 13.139], [78.4909, 13.1384], [78.4918, 13.1389], [78.4922, 13.1397], [78.493, 13.1396], [78.4947, 13.1396], [78.4959, 13.1398], [78.496, 13.1407], [78.497, 13.1416], [78.4969, 13.1426], [78.4965, 13.1432], [78.4963, 13.1438], [78.4961, 13.1449], [78.4962, 13.1461], [78.495, 13.1464], [78.4938, 13.1464], [78.4929, 13.1466], [78.4922, 13.1469], [78.4912, 13.147], [78.489, 13.147], [78.4865, 13.147], [78.4841, 13.1469], [78.4819, 13.1467], [78.4801, 13.1462], [78.4789, 13.1461], [78.4769, 13.1454], [78.4767, 13.1458], [78.4767, 13.1461], [78.4763, 13.1464], [78.4761, 13.1468], [78.4761, 13.1472], [78.4765, 13.148], [78.4776, 13.1493], [78.4777, 13.1495], [78.4776, 13.1496], [78.477, 13.15], [78.4768, 13.1502], [78.4771, 13.1506], [78.4774, 13.1515], [78.4776, 13.1519], [78.4778, 13.1524], [78.4781, 13.1527], [78.4786, 13.1532], [78.4792, 13.1541], [78.4798, 13.1551], [78.4802, 13.1559], [78.4804, 13.1566], [78.4805, 13.1572], [78.4805, 13.1585], [78.4828, 13.1587], [78.4842, 13.1586], [78.4847, 13.1585], [78.4859, 13.1582], [78.4864, 13.1581], [78.4872, 13.1581], [78.4889, 13.1587], [78.4905, 13.1588], [78.4911, 13.1588], [78.4912, 13.1592], [78.4917, 13.1604], [78.4916, 13.1647], [78.4915, 13.1657], [78.4919, 13.1658], [78.494, 13.1665], [78.4954, 13.167], [78.4961, 13.1673], [78.4967, 13.1679], [78.4975, 13.1686], [78.4982, 13.1701], [78.4988, 13.171], [78.5002, 13.1719], [78.5011, 13.1726], [78.5024, 13.173], [78.5049, 13.1733], [78.5076, 13.1734], [78.5081, 13.174], [78.5087, 13.1739], [78.5093, 13.1716]]]}, "properties": {"OBJECTID": 230277, "gpcode": "218999", "gpname": "GUMMAKAL", "stname": "KARNATAKA", "dtname": "Kolar", "sdtname": "Mulbagal", "stcode11": "29", "dtcode11": "581", "sdtcode11": "05594", "blklgdcode": "5872", "blkname": "MULBAGAL", "dt_lgd": 542, "sdt_lgd": 5594, "st_lgd": 29, "vilcode11": 0, "vilname11": "", "pan_local": "MULBAGAL", "b_pan_code": 6203, "b_pan_name": "MULBAGAL", "d_pan_code": 497, "d_pan_name": "KOLAR", "gp_code": "218999", "gp_name": "GUMMAKAL", "st_2011": "29", "dt_2011": "581", "sdt_2011": "05594", "subdtname": "Mulbagal", "block_name": "MULBAGAL", "blk_lgdcod": "5872", "dtcode14": "581", "SHAPE_Length": 37669.7866280062, "SHAPE_Area": 34131334.217961244}}, {"type": "Feature", "geometry": {"type": "Polygon", "coordinates": [[[78.4385, 13.3286], [78.4395, 13.3283], [78.4404, 13.3284], [78.4407, 13.3271], [78.4411, 13.3258], [78.4412, 13.3249], [78.4409, 13.3238], [78.44, 13.3218], [78.4416, 13.3174], [78.442, 13.3161], [78.4442, 13.3081], [78.4422, 13.3034], [78.4412, 13.3017], [78.4402, 13.3003], [78.4377, 13.2971], [78.4348, 13.2951], [78.4326, 13.2939], [78.4293, 13.2926], [78.4255, 13.291], [78.421, 13.2892], [78.4182, 13.2881], [78.4157, 13.2871], [78.4177, 13.2858], [78.4191, 13.2844], [78.4185, 13.2817], [78.4181, 13.279], [78.4178, 13.2756], [78.4183, 13.2716], [78.4186, 13.2692], [78.419, 13.2662], [78.4193, 13.2617], [78.4197, 13.2567], [78.4199, 13.2537], [78.42, 13.2523], [78.4197, 13.2512], [78.4197, 13.25], [78.4197, 13.2491], [78.4198, 13.2483], [78.4198, 13.2476], [78.4193, 13.2459], [78.4188, 13.2444], [78.4181, 13.2428], [78.4175, 13.2417], [78.4163, 13.2399], [78.4154, 13.2381], [78.415, 13.2373], [78.4148, 13.2365], [78.4146, 13.2357], [78.4143, 13.2349], [78.4142, 13.2347], [78.4144, 13.2339], [78.4145, 13.2335], [78.4143, 13.2329], [78.4139, 13.2324], [78.4135, 13.232], [78.4129, 13.232], [78.4121, 13.2324], [78.4112, 13.2327], [78.4104, 13.2329], [78.4101, 13.2328], [78.4091, 13.2321], [78.4082, 13.2314], [78.4085, 13.2311], [78.409, 13.2304], [78.4101, 13.2289], [78.4108, 13.228], [78.4113, 13.2274], [78.4119, 13.2262], [78.4127, 13.2245], [78.4133, 13.2224], [78.4138, 13.2205], [78.4143, 13.2186], [78.4144, 13.2181], [78.4142, 13.2169], [78.414, 13.2158], [78.4135, 13.2156], [78.4128, 13.2156], [78.4124, 13.2151], [78.4118, 13.2151], [78.4116, 13.2152], [78.4115, 13.215], [78.4115, 13.2148], [78.4114, 13.2148], [78.4113, 13.2143], [78.411, 13.2141], [78.4106, 13.2139], [78.4102, 13.2139], [78.4094, 13.214], [78.409, 13.2142], [78.4085, 13.2146], [78.4082, 13.2146], [78.4075, 13.215], [78.4073, 13.2147], [78.4066, 13.2149], [78.4061, 13.215], [78.406, 13.2149], [78.4059, 13.215], [78.4057, 13.2148], [78.4055, 13.2144], [78.4046, 13.2145], [78.4043, 13.2141], [78.4029, 13.2134], [78.4019, 13.213], [78.4015, 13.2127], [78.4011, 13.2128], [78.4005, 13.2128], [78.3993, 13.2125], [78.398, 13.2123], [78.3968, 13.2122], [78.3953, 13.212], [78.3953, 13.2135], [78.3953, 13.214], [78.395, 13.2147], [78.3946, 13.2159], [78.3945, 13.2168], [78.3944, 13.2178], [78.3943, 13.2182], [78.394, 13.2189], [78.3937, 13.2196], [78.3933, 13.2201], [78.3926, 13.2206], [78.3921, 13.2211], [78.3918, 13.2218], [78.3916, 13.2234], [78.3915, 13.2247], [78.3916, 13.226], [78.3917, 13.2273], [78.3916, 13.2289], [78.3915, 13.2307], [78.3914, 13.231], [78.3912, 13.2321], [78.3906, 13.2335], [78.3902, 13.2343], [78.3899, 13.2345], [78.39, 13.2365], [78.3903, 13.2378], [78.3906, 13.243], [78.3909, 13.2461], [78.3904, 13.2473], [78.3902, 13.2478], [78.3903, 13.2482], [78.3904, 13.2494], [78.3904, 13.2502], [78.3904, 13.2504], [78.39, 13.251], [78.3889, 13.2504], [78.3874, 13.2495], [78.3865, 13.2486], [78.3856, 13.2481], [78.3844, 13.2478], [78.3829, 13.2475], [78.3815, 13.2472], [78.3797, 13.247], [78.3769, 13.2469], [78.376, 13.2469], [78.3759, 13.2472], [78.3758, 13.2481], [78.3756, 13.2485], [78.3747, 13.2491], [78.3735, 13.2491], [78.3725, 13.2491], [78.3715, 13.2491], [78.371, 13.249], [78.3705, 13.2489], [78.3697, 13.2489], [78.3692, 13.2488], [78.369, 13.2488], [78.369, 13.2489], [78.369, 13.2512], [78.3694, 13.2524], [78.3706, 13.2541], [78.372, 13.2566], [78.3736, 13.259], [78.3753, 13.2595], [78.3743, 13.2622], [78.3741, 13.2638], [78.3725, 13.2668], [78.3742, 13.2676], [78.3758, 13.2678], [78.3762, 13.2696], [78.376, 13.2724], [78.3768, 13.2746], [78.3796, 13.2745], [78.3799, 13.2734], [78.382, 13.2731], [78.3849, 13.2727], [78.3853, 13.2748], [78.3858, 13.2783], [78.3862, 13.2818], [78.3868, 13.2837], [78.3877, 13.2858], [78.3887, 13.2887], [78.3888, 13.2902], [78.3901, 13.2914], [78.3921, 13.2935], [78.3932, 13.2948], [78.3941, 13.296], [78.3957, 13.298], [78.3993, 13.3023], [78.4026, 13.3058], [78.4014, 13.3073], [78.4022, 13.3096], [78.4024, 13.3111], [78.4017, 13.3138], [78.4011, 13.3155], [78.4189, 13.3206], [78.419, 13.3209], [78.4208, 13.3249], [78.4213, 13.3266], [78.4213, 13.3269], [78.4218, 13.3283], [78.423, 13.3287], [78.4246, 13.3294], [78.4265, 13.3305], [78.4279, 13.3313], [78.4296, 13.331], [78.4334, 13.3305], [78.4352, 13.3301], [78.4366, 13.3294], [78.4385, 13.3286]]]}, "properties": {"OBJECTID": 230278, "gpcode": "219000", "gpname": "H.GOLLAHALLI", "stname": "KARNATAKA", "dtname": "Kolar", "sdtname": "Mulbagal", "stcode11": "29", "dtcode11": "581", "sdtcode11": "05594", "blklgdcode": "5872", "blkname": "MULBAGAL", "dt_lgd": 542, "sdt_lgd": 5594, "st_lgd": 29, "vilcode11": 0, "vilname11": "", "pan_local": "MULBAGAL", "b_pan_code": 6203, "b_pan_name": "MULBAGAL", "d_pan_code": 497, "d_pan_name": "KOLAR", "gp_code": "219000", "gp_name": "H.GOLLAHALLI", "st_2011": "29", "dt_2011": "581", "sdt_2011": "05594", "subdtname": "Mulbagal", "block_name": "MULBAGAL", "blk_lgdcod": "5872", "dtcode14": "581", "SHAPE_Length": 40966.809037241794, "SHAPE_Area": 49207940.53431964}}, {"type": "Feature", "geometry": {"type": "Polygon", "coordinates": [[[78.279, 13.1893], [78.28, 13.1885], [78.2805, 13.1886], [78.2834, 13.1886], [78.2856, 13.1881], [78.2877, 13.187], [78.2895, 13.1857], [78.2915, 13.1856], [78.2922, 13.1854], [78.2927, 13.1848], [78.2932, 13.184], [78.2939, 13.1828], [78.2953, 13.1826], [78.2964, 13.1826], [78.2979, 13.1826], [78.2992, 13.1828], [78.3004, 13.1829], [78.3017, 13.1832], [78.3029, 13.1835], [78.3037, 13.1838], [78.3044, 13.1841], [78.3049, 13.1844], [78.3064, 13.1832], [78.3083, 13.1819], [78.3104, 13.1807], [78.3109, 13.1802], [78.311, 13.1794], [78.3109, 13.1782], [78.3108, 13.1774], [78.3107, 13.1764], [78.3115, 13.1757], [78.3123, 13.175], [78.3128, 13.1755], [78.314, 13.1763], [78.3152, 13.1773], [78.3156, 13.177], [78.316, 13.177], [78.3166, 13.1773], [78.317, 13.1776], [78.3173, 13.1782], [78.3179, 13.1793], [78.3185, 13.18], [78.3195, 13.1807], [78.3202, 13.1814], [78.3211, 13.1803], [78.3218, 13.1795], [78.3223, 13.179], [78.3231, 13.1785], [78.3238, 13.1781], [78.3243, 13.1779], [78.3249, 13.1777], [78.3255, 13.1776], [78.3261, 13.1773], [78.3266, 13.1768], [78.3275, 13.1755], [78.3284, 13.1741], [78.3287, 13.1735], [78.329, 13.1733], [78.3295, 13.1733], [78.3301, 13.1733], [78.3311, 13.1735], [78.3317, 13.1736], [78.3327, 13.1736], [78.3328, 13.1729], [78.3327, 13.1714], [78.3327, 13.1701], [78.3326, 13.1685], [78.3333, 13.1672], [78.3336, 13.1671], [78.3341, 13.1669], [78.3346, 13.1667], [78.335, 13.1667], [78.3352, 13.1668], [78.3355, 13.1671], [78.3358, 13.1674], [78.3362, 13.168], [78.3366, 13.169], [78.3371, 13.1702], [78.3376, 13.1711], [78.3383, 13.1719], [78.3389, 13.1725], [78.3394, 13.1728], [78.3398, 13.1729], [78.3405, 13.1729], [78.3416, 13.1728], [78.3429, 13.1726], [78.3441, 13.1722], [78.3455, 13.1719], [78.3472, 13.1717], [78.3488, 13.1715], [78.3472, 13.1693], [78.3463, 13.1676], [78.3452, 13.1656], [78.3439, 13.163], [78.3433, 13.1618], [78.3422, 13.1599], [78.3414, 13.1587], [78.341, 13.1579], [78.3394, 13.157], [78.337, 13.1558], [78.335, 13.1548], [78.3333, 13.1542], [78.3319, 13.1541], [78.3307, 13.1553], [78.3294, 13.1548], [78.3279, 13.1545], [78.326, 13.1544], [78.3231, 13.1542], [78.3196, 13.1544], [78.3162, 13.1548], [78.3137, 13.1551], [78.3127, 13.155], [78.3113, 13.1552], [78.3096, 13.1555], [78.3084, 13.1556], [78.307, 13.1556], [78.3056, 13.1551], [78.3042, 13.1543], [78.3023, 13.1534], [78.3011, 13.153], [78.2999, 13.1532], [78.299, 13.1531], [78.2977, 13.153], [78.2963, 13.1527], [78.2941, 13.1523], [78.2923, 13.1518], [78.2906, 13.1512], [78.2891, 13.1496], [78.289, 13.151], [78.2889, 13.1526], [78.2886, 13.1538], [78.2884, 13.1544], [78.2882, 13.1548], [78.2872, 13.1558], [78.2865, 13.1566], [78.2849, 13.158], [78.2835, 13.1595], [78.2823, 13.1605], [78.2818, 13.1597], [78.2811, 13.1589], [78.28, 13.1587], [78.279, 13.1594], [78.2783, 13.1598], [78.2768, 13.1596], [78.2748, 13.1591], [78.2732, 13.1587], [78.2717, 13.1579], [78.2702, 13.1569], [78.2688, 13.156], [78.2673, 13.1549], [78.2657, 13.1538], [78.264, 13.153], [78.2628, 13.1523], [78.2623, 13.1522], [78.2623, 13.1521], [78.2623, 13.1522], [78.2627, 13.1532], [78.2633, 13.1548], [78.2636, 13.1556], [78.264, 13.1563], [78.2641, 13.1569], [78.2641, 13.1576], [78.2637, 13.1587], [78.2631, 13.1592], [78.2625, 13.1594], [78.2617, 13.1595], [78.2609, 13.1596], [78.2602, 13.1598], [78.2599, 13.1603], [78.2602, 13.161], [78.2606, 13.162], [78.2605, 13.1623], [78.2601, 13.1627], [78.2598, 13.163], [78.2603, 13.1654], [78.2607, 13.1684], [78.261, 13.1697], [78.2613, 13.1707], [78.2618, 13.1722], [78.2619, 13.1728], [78.262, 13.1739], [78.2624, 13.1745], [78.2624, 13.1753], [78.2631, 13.1763], [78.2638, 13.177], [78.265, 13.1784], [78.2656, 13.1794], [78.2652, 13.1806], [78.2654, 13.181], [78.2663, 13.1823], [78.267, 13.183], [78.2676, 13.1836], [78.2674, 13.1842], [78.267, 13.1854], [78.2677, 13.1858], [78.2686, 13.1865], [78.2695, 13.1872], [78.2703, 13.1884], [78.2706, 13.1894], [78.2708, 13.1906], [78.2709, 13.192], [78.2711, 13.1926], [78.2714, 13.1934], [78.273, 13.1927], [78.2744, 13.192], [78.2757, 13.1913], [78.2774, 13.1904], [78.2782, 13.1899], [78.279, 13.1893]]]}, "properties": {"OBJECTID": 230279, "gpcode": "219001", "gpname": "HANUMANAHALLI", "stname": "KARNATAKA", "dtname": "Kolar", "sdtname": "Mulbagal", "stcode11": "29", "dtcode11": "581", "sdtcode11": "05594", "blklgdcode": "5872", "blkname": "MULBAGAL", "dt_lgd": 542, "sdt_lgd": 5594, "st_lgd": 29, "vilcode11": 0, "vilname11": "", "pan_local": "MULBAGAL", "b_pan_code": 6203, "b_pan_name": "MULBAGAL", "d_pan_code": 497, "d_pan_name": "KOLAR", "gp_code": "219001", "gp_name": "HANUMANAHALLI", "st_2011": "29", "dt_2011": "581", "sdt_2011": "05594", "subdtname": "Mulbagal", "block_name": "MULBAGAL", "blk_lgdcod": "5872", "dtcode14": "581", "SHAPE_Length": 29226.07978318621, "SHAPE_Area": 27167455.792136237}}, {"type": "Feature", "geometry": {"type": "Polygon", "coordinates": [[[78.5769, 13.2887], [78.5769, 13.2881], [78.5768, 13.2874], [78.5766, 13.287], [78.5765, 13.2863], [78.5764, 13.2858], [78.5763, 13.285], [78.5765, 13.2846], [78.5769, 13.2844], [78.5774, 13.2841], [78.5786, 13.2804], [78.5819, 13.2804], [78.585, 13.2806], [78.5874, 13.2806], [78.5874, 13.2799], [78.5874, 13.2778], [78.5873, 13.2764], [78.5874, 13.2756], [78.5876, 13.2748], [78.5877, 13.273], [78.5876, 13.2713], [78.5874, 13.27], [78.5872, 13.269], [78.5869, 13.2681], [78.5866, 13.2674], [78.586, 13.2666], [78.5852, 13.2657], [78.5855, 13.265], [78.5857, 13.2643], [78.5857, 13.2635], [78.5856, 13.2628], [78.5853, 13.2622], [78.5849, 13.2616], [78.5844, 13.2608], [78.5834, 13.2594], [78.5824, 13.2581], [78.5813, 13.2565], [78.581, 13.256], [78.58, 13.2547], [78.5791, 13.2537], [78.579, 13.2536], [78.5779, 13.2529], [78.5772, 13.2524], [78.5765, 13.2516], [78.576, 13.2512], [78.5729, 13.2492], [78.5703, 13.2476], [78.5701, 13.2471], [78.5702, 13.2454], [78.5705, 13.2426], [78.5719, 13.2426], [78.5717, 13.2415], [78.5704, 13.2415], [78.5694, 13.2391], [78.5687, 13.2374], [78.5683, 13.2344], [78.5671, 13.2349], [78.5624, 13.237], [78.5563, 13.2396], [78.5529, 13.2409], [78.5511, 13.2424], [78.5488, 13.244], [78.5444, 13.2475], [78.5424, 13.2481], [78.541, 13.2477], [78.5405, 13.2471], [78.5357, 13.2512], [78.5361, 13.2522], [78.5364, 13.2531], [78.5351, 13.2535], [78.5337, 13.254], [78.5336, 13.2544], [78.534, 13.2551], [78.5345, 13.2564], [78.5348, 13.2577], [78.5352, 13.2591], [78.5344, 13.2593], [78.5338, 13.2592], [78.5333, 13.2594], [78.5334, 13.2598], [78.5325, 13.2602], [78.5312, 13.2607], [78.53, 13.2613], [78.5288, 13.2618], [78.528, 13.2621], [78.5274, 13.2623], [78.5256, 13.2624], [78.5235, 13.2624], [78.5203, 13.2627], [78.5194, 13.2627], [78.5183, 13.2628], [78.5172, 13.2625], [78.5162, 13.2623], [78.5152, 13.2625], [78.514, 13.2626], [78.5125, 13.263], [78.5117, 13.2632], [78.5111, 13.2631], [78.5097, 13.2633], [78.5087, 13.2635], [78.5078, 13.2637], [78.5071, 13.2637], [78.5075, 13.2666], [78.5078, 13.2696], [78.5117, 13.2694], [78.5129, 13.2691], [78.5133, 13.2703], [78.5135, 13.2716], [78.5167, 13.2714], [78.5161, 13.2729], [78.5156, 13.2739], [78.5149, 13.2749], [78.5146, 13.2758], [78.5146, 13.2763], [78.5146, 13.2773], [78.5197, 13.2771], [78.5198, 13.2771], [78.5203, 13.2768], [78.5211, 13.2765], [78.5216, 13.2762], [78.5218, 13.2755], [78.5219, 13.2742], [78.522, 13.273], [78.5245, 13.2723], [78.5265, 13.2716], [78.5267, 13.2684], [78.5293, 13.2679], [78.5317, 13.2671], [78.5321, 13.267], [78.5322, 13.2669], [78.5321, 13.2683], [78.5339, 13.27], [78.5356, 13.2716], [78.5361, 13.2721], [78.5364, 13.2724], [78.537, 13.275], [78.5376, 13.2788], [78.5388, 13.2847], [78.5388, 13.285], [78.5393, 13.2879], [78.5403, 13.2881], [78.542, 13.2882], [78.5431, 13.2883], [78.5453, 13.2879], [78.5467, 13.2872], [78.5483, 13.2865], [78.55, 13.2857], [78.552, 13.2845], [78.553, 13.2838], [78.5536, 13.2833], [78.5541, 13.2832], [78.5548, 13.2832], [78.5557, 13.2835], [78.5564, 13.2838], [78.5572, 13.2851], [78.5578, 13.2863], [78.5587, 13.2862], [78.5593, 13.2862], [78.5604, 13.2879], [78.561, 13.2887], [78.561, 13.2888], [78.5616, 13.2885], [78.563, 13.2908], [78.5631, 13.2918], [78.5639, 13.2934], [78.5648, 13.2947], [78.5649, 13.2953], [78.565, 13.2955], [78.5649, 13.2971], [78.565, 13.2984], [78.5651, 13.3006], [78.5651, 13.302], [78.5647, 13.3038], [78.5644, 13.3048], [78.5644, 13.3053], [78.5644, 13.306], [78.5647, 13.3064], [78.5649, 13.3069], [78.5648, 13.3074], [78.564, 13.3084], [78.5632, 13.3094], [78.5655, 13.312], [78.5665, 13.311], [78.5681, 13.3098], [78.5689, 13.3094], [78.5695, 13.3092], [78.5703, 13.3068], [78.5711, 13.3045], [78.5715, 13.3034], [78.5723, 13.302], [78.5736, 13.3], [78.5746, 13.2986], [78.5757, 13.2968], [78.5764, 13.296], [78.5769, 13.2956], [78.5776, 13.2953], [78.5776, 13.2934], [78.5775, 13.2918], [78.5773, 13.2906], [78.577, 13.2898], [78.5769, 13.2893], [78.5769, 13.2887]]]}, "properties": {"OBJECTID": 230280, "gpcode": "219002", "gpname": "HEBBANI", "stname": "KARNATAKA", "dtname": "Kolar", "sdtname": "Mulbagal", "stcode11": "29", "dtcode11": "581", "sdtcode11": "05594", "blklgdcode": "5872", "blkname": "MULBAGAL", "dt_lgd": 542, "sdt_lgd": 5594, "st_lgd": 29, "vilcode11": 0, "vilname11": "", "pan_local": "MULBAGAL", "b_pan_code": 6203, "b_pan_name": "MULBAGAL", "d_pan_code": 497, "d_pan_name": "KOLAR", "gp_code": "219002", "gp_name": "HEBBANI", "st_2011": "29", "dt_2011": "581", "sdt_2011": "05594", "subdtname": "Mulbagal", "block_name": "MULBAGAL", "blk_lgdcod": "5872", "dtcode14": "581", "SHAPE_Length": 34322.36427114739, "SHAPE_Area": 31792653.714983232}}, {"type": "Feature", "geometry": {"type": "Polygon", "coordinates": [[[78.3923, 13.2001], [78.3926, 13.1992], [78.393, 13.1983], [78.3931, 13.1975], [78.3932, 13.1962], [78.3933, 13.1949], [78.393, 13.1938], [78.3931, 13.1932], [78.3935, 13.1929], [78.3939, 13.1932], [78.3944, 13.1937], [78.3949, 13.1939], [78.3951, 13.1943], [78.3956, 13.1944], [78.396, 13.1945], [78.3965, 13.1943], [78.3964, 13.193], [78.3963, 13.1923], [78.3961, 13.1907], [78.396, 13.1903], [78.3948, 13.19], [78.3943, 13.1898], [78.3938, 13.1893], [78.3935, 13.1885], [78.3931, 13.1874], [78.3924, 13.1859], [78.3916, 13.1843], [78.3913, 13.1835], [78.3909, 13.1825], [78.3905, 13.1811], [78.3901, 13.1795], [78.3896, 13.1777], [78.3892, 13.1752], [78.3889, 13.1745], [78.3883, 13.173], [78.3872, 13.1717], [78.3866, 13.1704], [78.3859, 13.169], [78.3849, 13.1677], [78.384, 13.1661], [78.3832, 13.1643], [78.3824, 13.1632], [78.3817, 13.1629], [78.3811, 13.1629], [78.38, 13.1631], [78.379, 13.1637], [78.3779, 13.1645], [78.3766, 13.1658], [78.3754, 13.1672], [78.3748, 13.1685], [78.3742, 13.1701], [78.3739, 13.1714], [78.3723, 13.1705], [78.3717, 13.1712], [78.3709, 13.1725], [78.3704, 13.1736], [78.3698, 13.1754], [78.3692, 13.1764], [78.3689, 13.1776], [78.3692, 13.1781], [78.3701, 13.1808], [78.3708, 13.1815], [78.3716, 13.1819], [78.3735, 13.1819], [78.3752, 13.1839], [78.3764, 13.1841], [78.3778, 13.1844], [78.3789, 13.1847], [78.3796, 13.185], [78.3798, 13.1851], [78.3801, 13.1856], [78.3803, 13.1861], [78.3808, 13.1863], [78.3812, 13.1865], [78.3822, 13.1867], [78.3832, 13.1872], [78.3844, 13.1877], [78.3848, 13.1878], [78.3852, 13.1882], [78.3853, 13.1885], [78.3853, 13.1889], [78.3852, 13.1911], [78.3851, 13.1928], [78.3851, 13.1942], [78.3852, 13.1951], [78.3856, 13.196], [78.3863, 13.1974], [78.3858, 13.1975], [78.385, 13.1977], [78.3844, 13.1977], [78.3841, 13.198], [78.3841, 13.1983], [78.3842, 13.1989], [78.3845, 13.1995], [78.3848, 13.1997], [78.3853, 13.2001], [78.3858, 13.2003], [78.3865, 13.2003], [78.387, 13.2002], [78.3874, 13.2], [78.3878, 13.2001], [78.3885, 13.2002], [78.3891, 13.2005], [78.3899, 13.2009], [78.3908, 13.2011], [78.3915, 13.2012], [78.3918, 13.2008], [78.3923, 13.2001]]]}, "properties": {"OBJECTID": 230281, "gpcode": "219003", "gpname": "KAPPALAMADUGU", "stname": "KARNATAKA", "dtname": "Kolar", "sdtname": "Mulbagal", "stcode11": "29", "dtcode11": "581", "sdtcode11": "05594", "blklgdcode": "5872", "blkname": "MULBAGAL", "dt_lgd": 542, "sdt_lgd": 5594, "st_lgd": 29, "vilcode11": 0, "vilname11": "", "pan_local": "MULBAGAL", "b_pan_code": 6203, "b_pan_name": "MULBAGAL", "d_pan_code": 497, "d_pan_name": "KOLAR", "gp_code": "219003", "gp_name": "KAPPALAMADUGU", "st_2011": "29", "dt_2011": "581", "sdt_2011": "05594", "subdtname": "Mulbagal", "block_name": "MULBAGAL", "blk_lgdcod": "5872", "dtcode14": "581", "SHAPE_Length": 12783.851321002056, "SHAPE_Area": 5985383.495353227}}, {"type": "Feature", "geometry": {"type": "Polygon", "coordinates": [[[78.4173, 13.2006], [78.4172, 13.1996], [78.4163, 13.2], [78.4154, 13.2003], [78.4149, 13.2003], [78.4144, 13.2], [78.4141, 13.1995], [78.4139, 13.1989], [78.4136, 13.1985], [78.4132, 13.199], [78.4126, 13.1992], [78.4124, 13.1995], [78.412, 13.1992], [78.4111, 13.1989], [78.4106, 13.1986], [78.4104, 13.1995], [78.4101, 13.2003], [78.4098, 13.2009], [78.4097, 13.2013], [78.4105, 13.2019], [78.4112, 13.2025], [78.4114, 13.2035], [78.4115, 13.2047], [78.4117, 13.2063], [78.4127, 13.2068], [78.4139, 13.2071], [78.4146, 13.2071], [78.4154, 13.2071], [78.416, 13.2067], [78.4167, 13.2057], [78.417, 13.2048], [78.4171, 13.2042], [78.417, 13.2028], [78.4177, 13.2028], [78.4176, 13.2019], [78.4173, 13.2006]]]}, "properties": {"OBJECTID": 230282, "gpcode": "219003", "gpname": "KAPPALAMADUGU", "stname": "KARNATAKA", "dtname": "Kolar", "sdtname": "Mulbagal", "stcode11": "29", "dtcode11": "581", "sdtcode11": "05594", "blklgdcode": "5872", "blkname": "MULBAGAL", "dt_lgd": 542, "sdt_lgd": 5594, "st_lgd": 29, "vilcode11": 0, "vilname11": "", "pan_local": "MULBAGAL", "b_pan_code": 6203, "b_pan_name": "MULBAGAL", "d_pan_code": 497, "d_pan_name": "KOLAR", "gp_code": "219003", "gp_name": "KAPPALAMADUGU", "st_2011": "29", "dt_2011": "581", "sdt_2011": "05594", "subdtname": "Mulbagal", "block_name": "MULBAGAL", "blk_lgdcod": "5872", "dtcode14": "581", "SHAPE_Length": 3347.508201338329, "SHAPE_Area": 577363.9867158979}}, {"type": "Feature", "geometry": {"type": "Polygon", "coordinates": [[[78.4379, 13.2156], [78.4393, 13.2154], [78.4405, 13.2158], [78.4409, 13.2147], [78.4413, 13.2142], [78.4419, 13.2138], [78.4424, 13.2135], [78.4426, 13.2132], [78.442, 13.2124], [78.442, 13.212], [78.4424, 13.211], [78.4427, 13.21], [78.4428, 13.2091], [78.4426, 13.2085], [78.4424, 13.2077], [78.4422, 13.2076], [78.4422, 13.2072], [78.4423, 13.2067], [78.4421, 13.2055], [78.4422, 13.2051], [78.4422, 13.2048], [78.4429, 13.2046], [78.4437, 13.2044], [78.4443, 13.2041], [78.4441, 13.204], [78.444, 13.2037], [78.4439, 13.2033], [78.4438, 13.2033], [78.4446, 13.2034], [78.4451, 13.2039], [78.4458, 13.2039], [78.4479, 13.2036], [78.4491, 13.2034], [78.4498, 13.2031], [78.4506, 13.2028], [78.4506, 13.2014], [78.4527, 13.202], [78.4551, 13.2029], [78.4577, 13.2037], [78.4588, 13.204], [78.4593, 13.2041], [78.4601, 13.2044], [78.4604, 13.2047], [78.4608, 13.2049], [78.4612, 13.2054], [78.4616, 13.2059], [78.4619, 13.2063], [78.4622, 13.207], [78.4628, 13.2077], [78.463, 13.2081], [78.463, 13.2084], [78.463, 13.2089], [78.463, 13.2093], [78.4634, 13.2097], [78.464, 13.2106], [78.4661, 13.2098], [78.4686, 13.2095], [78.4699, 13.2094], [78.4713, 13.2094], [78.4727, 13.2093], [78.4734, 13.2092], [78.4742, 13.2089], [78.4747, 13.2088], [78.475, 13.2087], [78.4755, 13.2088], [78.4757, 13.2085], [78.4762, 13.2081], [78.477, 13.2079], [78.4778, 13.2077], [78.4789, 13.2077], [78.4797, 13.2078], [78.4797, 13.2072], [78.4794, 13.2064], [78.479, 13.2055], [78.4789, 13.2045], [78.4779, 13.2045], [78.4746, 13.2043], [78.4729, 13.2], [78.4713, 13.1971], [78.4707, 13.197], [78.4701, 13.197], [78.47, 13.1967], [78.4699, 13.1961], [78.4697, 13.1954], [78.4693, 13.1943], [78.4685, 13.1926], [78.4678, 13.1906], [78.4671, 13.189], [78.4666, 13.1882], [78.4663, 13.1879], [78.4657, 13.1879], [78.4647, 13.188], [78.4644, 13.1894], [78.464, 13.1902], [78.4632, 13.1913], [78.4623, 13.1922], [78.4617, 13.1933], [78.461, 13.195], [78.46, 13.195], [78.4591, 13.195], [78.4584, 13.195], [78.458, 13.195], [78.4575, 13.195], [78.4569, 13.1944], [78.4563, 13.1938], [78.456, 13.1936], [78.4552, 13.1935], [78.4537, 13.1934], [78.4497, 13.1932], [78.4493, 13.191], [78.4489, 13.1892], [78.4489, 13.1873], [78.4489, 13.1862], [78.4485, 13.1851], [78.4478, 13.184], [78.4478, 13.1829], [78.4478, 13.1817], [78.4478, 13.1808], [78.448, 13.1806], [78.4486, 13.1805], [78.4491, 13.1803], [78.4497, 13.18], [78.4499, 13.1796], [78.4498, 13.1789], [78.4483, 13.1779], [78.4465, 13.1765], [78.4451, 13.1757], [78.4429, 13.1741], [78.4418, 13.1735], [78.4412, 13.1731], [78.4405, 13.1727], [78.4402, 13.1727], [78.44, 13.1732], [78.4397, 13.174], [78.4394, 13.1743], [78.4391, 13.1759], [78.4387, 13.1774], [78.4385, 13.1786], [78.4383, 13.1791], [78.4381, 13.1795], [78.4381, 13.1798], [78.4382, 13.1805], [78.4381, 13.1812], [78.438, 13.1819], [78.4377, 13.1827], [78.4374, 13.1839], [78.4366, 13.1852], [78.4364, 13.1859], [78.436, 13.1861], [78.4353, 13.1871], [78.4346, 13.1879], [78.434, 13.1879], [78.4335, 13.1879], [78.433, 13.1881], [78.4326, 13.1882], [78.432, 13.1882], [78.4303, 13.1878], [78.4282, 13.187], [78.4262, 13.1863], [78.4243, 13.1854], [78.4236, 13.185], [78.4243, 13.1837], [78.4254, 13.1819], [78.4267, 13.1799], [78.4279, 13.1782], [78.4293, 13.1768], [78.4312, 13.1751], [78.432, 13.1744], [78.4298, 13.1742], [78.4269, 13.1739], [78.4246, 13.1738], [78.423, 13.1739], [78.4213, 13.1741], [78.4202, 13.1744], [78.4207, 13.1752], [78.421, 13.1762], [78.4213, 13.1765], [78.4206, 13.1767], [78.4197, 13.1768], [78.4193, 13.177], [78.4189, 13.1772], [78.4186, 13.1771], [78.4181, 13.1768], [78.4163, 13.176], [78.4152, 13.1756], [78.4142, 13.1752], [78.4108, 13.1739], [78.4102, 13.1737], [78.4096, 13.1734], [78.4093, 13.1736], [78.4091, 13.1741], [78.4087, 13.1741], [78.4082, 13.174], [78.4073, 13.1739], [78.407, 13.1741], [78.4062, 13.175], [78.4058, 13.1754], [78.4056, 13.1754], [78.4048, 13.1754], [78.4034, 13.1754], [78.4023, 13.1756], [78.401, 13.1758], [78.4, 13.1761], [78.399, 13.1764], [78.3984, 13.1768], [78.398, 13.1772], [78.3976, 13.1779], [78.3976, 13.1785], [78.3979, 13.179], [78.398, 13.1793], [78.4017, 13.1815], [78.4031, 13.1827], [78.4043, 13.1839], [78.4046, 13.1844], [78.4049, 13.1852], [78.4055, 13.1861], [78.4062, 13.1876], [78.4067, 13.1883], [78.4074, 13.1895], [78.4083, 13.1906], [78.4087, 13.1913], [78.4097, 13.1913], [78.411, 13.1913], [78.4127, 13.1913], [78.4149, 13.1912], [78.4157, 13.1913], [78.4164, 13.1915], [78.4171, 13.1918], [78.4176, 13.1918], [78.4181, 13.1917], [78.4189, 13.1913], [78.4195, 13.191], [78.4202, 13.191], [78.421, 13.1911], [78.4227, 13.1904], [78.4241, 13.1908], [78.4253, 13.1916], [78.426, 13.1924], [78.4266, 13.1933], [78.4269, 13.1943], [78.4272, 13.1952], [78.4273, 13.1956], [78.4276, 13.196], [78.4281, 13.1965], [78.4284, 13.197], [78.4286, 13.1977], [78.4289, 13.1987], [78.4291, 13.1996], [78.4294, 13.2005], [78.4298, 13.2011], [78.43, 13.2013], [78.4295, 13.2024], [78.4291, 13.2033], [78.429, 13.2042], [78.4289, 13.2048], [78.4281, 13.2054], [78.4282, 13.2062], [78.4284, 13.2081], [78.4294, 13.2097], [78.4303, 13.2107], [78.4309, 13.2119], [78.4322, 13.2146], [78.4325, 13.2154], [78.432, 13.216], [78.4322, 13.2167], [78.4327, 13.2174], [78.4332, 13.2184], [78.4334, 13.2182], [78.4347, 13.2175], [78.4356, 13.2167], [78.4369, 13.216], [78.4379, 13.2156]]]}, "properties": {"OBJECTID": 230283, "gpcode": "219003", "gpname": "KAPPALAMADUGU", "stname": "KARNATAKA", "dtname": "Kolar", "sdtname": "Mulbagal", "stcode11": "29", "dtcode11": "581", "sdtcode11": "05594", "blklgdcode": "5872", "blkname": "MULBAGAL", "dt_lgd": 542, "sdt_lgd": 5594, "st_lgd": 29, "vilcode11": 0, "vilname11": "", "pan_local": "MULBAGAL", "b_pan_code": 6203, "b_pan_name": "MULBAGAL", "d_pan_code": 497, "d_pan_name": "KOLAR", "gp_code": "219003", "gp_name": "KAPPALAMADUGU", "st_2011": "29", "dt_2011": "581", "sdt_2011": "05594", "subdtname": "Mulbagal", "block_name": "MULBAGAL", "blk_lgdcod": "5872", "dtcode14": "581", "SHAPE_Length": 32733.408963193626, "SHAPE_Area": 17295525.814358313}}, {"type": "Feature", "geometry": {"type": "Polygon", "coordinates": [[[78.4176, 12.9841], [78.4186, 12.9838], [78.42, 12.9841], [78.421, 12.9826], [78.4216, 12.9813], [78.4217, 12.9802], [78.4208, 12.9773], [78.42, 12.9748], [78.4198, 12.973], [78.4191, 12.9729], [78.4176, 12.9729], [78.4162, 12.972], [78.4151, 12.9711], [78.4137, 12.9711], [78.4125, 12.9709], [78.4107, 12.9721], [78.4111, 12.9739], [78.4114, 12.9755], [78.4116, 12.9761], [78.4123, 12.9763], [78.4128, 12.9763], [78.4135, 12.9767], [78.4143, 12.9777], [78.4148, 12.979], [78.4155, 12.9799], [78.4154, 12.9812], [78.4153, 12.9819], [78.4176, 12.9841]]]}, "properties": {"OBJECTID": 230284, "gpcode": "219004", "gpname": "KURUDAMALE", "stname": "KARNATAKA", "dtname": "Kolar", "sdtname": "KOLAR GOLD FIELD", "stcode11": "29", "dtcode11": "581", "sdtcode11": "", "blklgdcode": "7363", "blkname": "K G F", "dt_lgd": 542, "sdt_lgd": 7002, "st_lgd": 29, "vilcode11": 0, "vilname11": "", "pan_local": "ಕ ಜಿ ಎಫ್", "b_pan_code": 293922, "b_pan_name": "K G F", "d_pan_code": 497, "d_pan_name": "KOLAR", "gp_code": "219004", "gp_name": "KURUDAMALE", "st_2011": "29", "dt_2011": "581", "sdt_2011": "", "subdtname": "KOLAR GOLD FIELD", "block_name": "K G F", "blk_lgdcod": "7363", "dtcode14": "581", "SHAPE_Length": 4438.19934723835, "SHAPE_Area": 1073715.4232757157}}, {"type": "Feature", "geometry": {"type": "Polygon", "coordinates": [[[78.374, 13.1609], [78.3739, 13.1594], [78.3764, 13.1595], [78.3762, 13.1584], [78.3761, 13.1573], [78.3768, 13.1565], [78.3776, 13.156], [78.3789, 13.1557], [78.3802, 13.1555], [78.3815, 13.1551], [78.3835, 13.1544], [78.3854, 13.1538], [78.3865, 13.1536], [78.3887, 13.1533], [78.39, 13.1526], [78.3903, 13.1525], [78.3908, 13.152], [78.3912, 13.1514], [78.3916, 13.1507], [78.3924, 13.1502], [78.3924, 13.151], [78.3926, 13.1524], [78.393, 13.1532], [78.3936, 13.154], [78.3943, 13.1543], [78.3965, 13.1551], [78.3962, 13.1542], [78.3961, 13.1524], [78.3961, 13.1512], [78.3966, 13.1503], [78.3973, 13.149], [78.3978, 13.1477], [78.398, 13.1471], [78.3981, 13.1458], [78.3963, 13.1457], [78.3938, 13.1456], [78.393, 13.1456], [78.3923, 13.1455], [78.3909, 13.1456], [78.3908, 13.1449], [78.3905, 13.1446], [78.3895, 13.1447], [78.3873, 13.1447], [78.3854, 13.1449], [78.3841, 13.1452], [78.3828, 13.1455], [78.3812, 13.1457], [78.3791, 13.146], [78.3776, 13.1461], [78.3774, 13.1466], [78.3774, 13.147], [78.3775, 13.1479], [78.3777, 13.1487], [78.3779, 13.1495], [78.3778, 13.1501], [78.3775, 13.1506], [78.3768, 13.1515], [78.3772, 13.1522], [78.3777, 13.1527], [78.3777, 13.1532], [78.3775, 13.1536], [78.3768, 13.1535], [78.376, 13.1536], [78.3757, 13.154], [78.3758, 13.1547], [78.3745, 13.1546], [78.3734, 13.1545], [78.3729, 13.1546], [78.3708, 13.1551], [78.3693, 13.1558], [78.3681, 13.1564], [78.3677, 13.1565], [78.3679, 13.1571], [78.3687, 13.1597], [78.3692, 13.1611], [78.3694, 13.1615], [78.3698, 13.1621], [78.3702, 13.1625], [78.3713, 13.1628], [78.3722, 13.1619], [78.3727, 13.1614], [78.374, 13.1609]]]}, "properties": {"OBJECTID": 230285, "gpcode": "219004", "gpname": "KURUDAMALE", "stname": "KARNATAKA", "dtname": "Kolar", "sdtname": "Mulbagal", "stcode11": "29", "dtcode11": "581", "sdtcode11": "05594", "blklgdcode": "5872", "blkname": "MULBAGAL", "dt_lgd": 542, "sdt_lgd": 5594, "st_lgd": 29, "vilcode11": 0, "vilname11": "", "pan_local": "MULBAGAL", "b_pan_code": 6203, "b_pan_name": "MULBAGAL", "d_pan_code": 497, "d_pan_name": "KOLAR", "gp_code": "219004", "gp_name": "KURUDAMALE", "st_2011": "29", "dt_2011": "581", "sdt_2011": "05594", "subdtname": "Mulbagal", "block_name": "MULBAGAL", "blk_lgdcod": "5872", "dtcode14": "581", "SHAPE_Length": 10510.704659939109, "SHAPE_Area": 2785888.544408826}}, {"type": "Feature", "geometry": {"type": "Polygon", "coordinates": [[[78.414, 13.2158], [78.4141, 13.2151], [78.414, 13.2146], [78.4137, 13.2141], [78.4137, 13.2139], [78.4139, 13.2137], [78.4142, 13.2134], [78.4146, 13.2132], [78.415, 13.2128], [78.4152, 13.2124], [78.4153, 13.212], [78.4152, 13.2114], [78.4148, 13.2111], [78.4143, 13.2108], [78.4133, 13.2106], [78.4129, 13.2107], [78.4121, 13.2111], [78.4115, 13.2112], [78.4108, 13.211], [78.41, 13.211], [78.4087, 13.211], [78.4075, 13.2112], [78.4059, 13.2114], [78.4045, 13.2118], [78.4031, 13.2124], [78.4015, 13.2127], [78.4019, 13.213], [78.4029, 13.2134], [78.4043, 13.2141], [78.4046, 13.2145], [78.4055, 13.2144], [78.4057, 13.2148], [78.4059, 13.215], [78.406, 13.2149], [78.4061, 13.215], [78.4066, 13.2149], [78.4073, 13.2147], [78.4075, 13.215], [78.4082, 13.2146], [78.4085, 13.2146], [78.409, 13.2142], [78.4094, 13.214], [78.4102, 13.2139], [78.4106, 13.2139], [78.411, 13.2141], [78.4113, 13.2143], [78.4114, 13.2148], [78.4115, 13.2148], [78.4115, 13.215], [78.4116, 13.2152], [78.4118, 13.2151], [78.4124, 13.2151], [78.4128, 13.2156], [78.4135, 13.2156], [78.414, 13.2158]]]}, "properties": {"OBJECTID": 230286, "gpcode": "219004", "gpname": "KURUDAMALE", "stname": "KARNATAKA", "dtname": "Kolar", "sdtname": "Mulbagal", "stcode11": "29", "dtcode11": "581", "sdtcode11": "05594", "blklgdcode": "5872", "blkname": "MULBAGAL", "dt_lgd": 542, "sdt_lgd": 5594, "st_lgd": 29, "vilcode11": 0, "vilname11": "", "pan_local": "MULBAGAL", "b_pan_code": 6203, "b_pan_name": "MULBAGAL", "d_pan_code": 497, "d_pan_name": "KOLAR", "gp_code": "219004", "gp_name": "KURUDAMALE", "st_2011": "29", "dt_2011": "581", "sdt_2011": "05594", "subdtname": "Mulbagal", "block_name": "MULBAGAL", "blk_lgdcod": "5872", "dtcode14": "581", "SHAPE_Length": 3848.9608870240545, "SHAPE_Area": 508295.3573700454}}, {"type": "Feature", "geometry": {"type": "Polygon", "coordinates": [[[78.3904, 13.2473], [78.3909, 13.2461], [78.3906, 13.243], [78.3903, 13.2378], [78.39, 13.2365], [78.3899, 13.2345], [78.3902, 13.2343], [78.3906, 13.2335], [78.3912, 13.2321], [78.3914, 13.231], [78.3915, 13.2307], [78.3916, 13.2289], [78.3917, 13.2273], [78.3916, 13.226], [78.3915, 13.2247], [78.3916, 13.2234], [78.3918, 13.2218], [78.3921, 13.2211], [78.3926, 13.2206], [78.3933, 13.2201], [78.3937, 13.2196], [78.394, 13.2189], [78.3943, 13.2182], [78.3944, 13.2178], [78.3945, 13.2168], [78.3946, 13.2159], [78.395, 13.2147], [78.3953, 13.214], [78.3953, 13.2135], [78.3953, 13.212], [78.3968, 13.2122], [78.398, 13.2123], [78.3993, 13.2125], [78.4005, 13.2128], [78.4011, 13.2128], [78.4015, 13.2127], [78.4016, 13.2108], [78.4017, 13.2087], [78.4018, 13.2075], [78.4021, 13.2066], [78.4023, 13.2061], [78.4028, 13.2057], [78.4036, 13.2053], [78.405, 13.2051], [78.4057, 13.2051], [78.406, 13.2035], [78.4061, 13.2013], [78.4074, 13.2012], [78.4082, 13.2012], [78.4091, 13.2012], [78.4097, 13.2013], [78.4098, 13.2009], [78.4101, 13.2003], [78.4104, 13.1995], [78.4106, 13.1986], [78.4105, 13.1979], [78.4103, 13.1972], [78.4102, 13.1964], [78.4102, 13.196], [78.4104, 13.1958], [78.4108, 13.1959], [78.4114, 13.196], [78.4116, 13.1954], [78.4118, 13.1947], [78.4105, 13.1938], [78.4102, 13.1935], [78.41, 13.1926], [78.4097, 13.1913], [78.4087, 13.1913], [78.4083, 13.1906], [78.4074, 13.1895], [78.4067, 13.1883], [78.4062, 13.1876], [78.4055, 13.1861], [78.4049, 13.1852], [78.4046, 13.1844], [78.4043, 13.1839], [78.4031, 13.1827], [78.4017, 13.1815], [78.398, 13.1793], [78.398, 13.1796], [78.398, 13.1803], [78.3977, 13.1822], [78.3974, 13.1842], [78.3971, 13.1862], [78.397, 13.1876], [78.3972, 13.1889], [78.397, 13.1894], [78.396, 13.1903], [78.3961, 13.1907], [78.3963, 13.1923], [78.3964, 13.193], [78.3965, 13.1943], [78.396, 13.1945], [78.3956, 13.1944], [78.3951, 13.1943], [78.3949, 13.1939], [78.3944, 13.1937], [78.3939, 13.1932], [78.3935, 13.1929], [78.3931, 13.1932], [78.393, 13.1938], [78.3933, 13.1949], [78.3932, 13.1962], [78.3931, 13.1975], [78.393, 13.1983], [78.3926, 13.1992], [78.3923, 13.2001], [78.3918, 13.2008], [78.3915, 13.2012], [78.3908, 13.2011], [78.3899, 13.2009], [78.3891, 13.2005], [78.3885, 13.2002], [78.3878, 13.2001], [78.3874, 13.2], [78.387, 13.2002], [78.3865, 13.2003], [78.3858, 13.2003], [78.3853, 13.2001], [78.3848, 13.1997], [78.3845, 13.1995], [78.3842, 13.1989], [78.3841, 13.1983], [78.3841, 13.198], [78.3844, 13.1977], [78.385, 13.1977], [78.3858, 13.1975], [78.3863, 13.1974], [78.3856, 13.196], [78.3852, 13.1951], [78.3851, 13.1942], [78.3851, 13.1928], [78.3852, 13.1911], [78.3853, 13.1889], [78.3853, 13.1885], [78.3852, 13.1882], [78.3848, 13.1878], [78.3844, 13.1877], [78.3832, 13.1872], [78.3822, 13.1867], [78.3812, 13.1865], [78.3808, 13.1863], [78.3803, 13.1861], [78.3801, 13.1856], [78.3798, 13.1851], [78.3796, 13.185], [78.3789, 13.1847], [78.3778, 13.1844], [78.3764, 13.1841], [78.3752, 13.1839], [78.3735, 13.1819], [78.3736, 13.1884], [78.3731, 13.1885], [78.3728, 13.1888], [78.3729, 13.1894], [78.3729, 13.19], [78.373, 13.1906], [78.3729, 13.1908], [78.3728, 13.1909], [78.3723, 13.1911], [78.3716, 13.1913], [78.3706, 13.1917], [78.3681, 13.193], [78.3662, 13.1938], [78.3646, 13.1947], [78.3631, 13.1952], [78.3615, 13.1957], [78.3604, 13.196], [78.3595, 13.1966], [78.3585, 13.1974], [78.3572, 13.1985], [78.3563, 13.1995], [78.3553, 13.2007], [78.3546, 13.2014], [78.3538, 13.2021], [78.3518, 13.2033], [78.3512, 13.2038], [78.3499, 13.2049], [78.3494, 13.2054], [78.3491, 13.2056], [78.3488, 13.2056], [78.3486, 13.2055], [78.3485, 13.2055], [78.3483, 13.2057], [78.3481, 13.206], [78.3488, 13.2079], [78.3492, 13.209], [78.3494, 13.2096], [78.3493, 13.2101], [78.349, 13.2102], [78.3497, 13.2121], [78.3502, 13.2158], [78.3505, 13.2182], [78.3521, 13.2188], [78.3532, 13.2189], [78.3543, 13.2192], [78.356, 13.2195], [78.3574, 13.2187], [78.3586, 13.219], [78.3587, 13.219], [78.3589, 13.2193], [78.3595, 13.2206], [78.3601, 13.2221], [78.3605, 13.2232], [78.3607, 13.2242], [78.3609, 13.2251], [78.3594, 13.2256], [78.3579, 13.226], [78.3571, 13.2261], [78.3563, 13.2264], [78.3555, 13.2267], [78.355, 13.2268], [78.3548, 13.2277], [78.3543, 13.2283], [78.3533, 13.229], [78.3527, 13.2294], [78.352, 13.2297], [78.351, 13.2299], [78.3496, 13.2302], [78.3488, 13.2304], [78.3476, 13.2305], [78.3478, 13.2312], [78.3482, 13.2323], [78.3487, 13.234], [78.3492, 13.2353], [78.3495, 13.2355], [78.3508, 13.2354], [78.3518, 13.235], [78.3526, 13.2347], [78.3535, 13.2345], [78.3545, 13.2344], [78.3553, 13.2344], [78.3559, 13.2345], [78.3567, 13.2349], [78.3574, 13.2355], [78.3586, 13.2366], [78.3596, 13.2377], [78.3607, 13.2385], [78.3618, 13.2392], [78.3633, 13.2399], [78.3645, 13.2406], [78.3644, 13.2414], [78.3643, 13.2419], [78.364, 13.2422], [78.3643, 13.2427], [78.3645, 13.2441], [78.3648, 13.2453], [78.3651, 13.2461], [78.366, 13.2468], [78.367, 13.2474], [78.3679, 13.2482], [78.3685, 13.2487], [78.369, 13.2488], [78.3692, 13.2488], [78.3697, 13.2489], [78.3705, 13.2489], [78.371, 13.249], [78.3715, 13.2491], [78.3725, 13.2491], [78.3735, 13.2491], [78.3747, 13.2491], [78.3756, 13.2485], [78.3758, 13.2481], [78.3759, 13.2472], [78.376, 13.2469], [78.3769, 13.2469], [78.3797, 13.247], [78.3815, 13.2472], [78.3829, 13.2475], [78.3844, 13.2478], [78.3856, 13.2481], [78.3865, 13.2486], [78.3874, 13.2495], [78.3889, 13.2504], [78.39, 13.251], [78.3904, 13.2504], [78.3904, 13.2502], [78.3904, 13.2494], [78.3903, 13.2482], [78.3902, 13.2478], [78.3904, 13.2473]]]}, "properties": {"OBJECTID": 230287, "gpcode": "219004", "gpname": "KURUDAMALE", "stname": "KARNATAKA", "dtname": "Kolar", "sdtname": "Mulbagal", "stcode11": "29", "dtcode11": "581", "sdtcode11": "05594", "blklgdcode": "5872", "blkname": "MULBAGAL", "dt_lgd": 542, "sdt_lgd": 5594, "st_lgd": 29, "vilcode11": 0, "vilname11": "", "pan_local": "MULBAGAL", "b_pan_code": 6203, "b_pan_name": "MULBAGAL", "d_pan_code": 497, "d_pan_name": "KOLAR", "gp_code": "219004", "gp_name": "KURUDAMALE", "st_2011": "29", "dt_2011": "581", "sdt_2011": "05594", "subdtname": "Mulbagal", "block_name": "MULBAGAL", "blk_lgdcod": "5872", "dtcode14": "581", "SHAPE_Length": 33566.332112230826, "SHAPE_Area": 30592092.54900228}}, {"type": "Feature", "geometry": {"type": "Polygon", "coordinates": [[[78.4726, 13.1255], [78.4721, 13.1239], [78.4717, 13.1229], [78.4715, 13.1219], [78.4724, 13.1219], [78.4746, 13.1219], [78.4759, 13.1223], [78.4768, 13.1226], [78.4767, 13.1202], [78.4763, 13.1188], [78.476, 13.1175], [78.4749, 13.1172], [78.4737, 13.117], [78.4718, 13.1168], [78.4712, 13.1165], [78.4707, 13.114], [78.4733, 13.1139], [78.4734, 13.1133], [78.4736, 13.1128], [78.4743, 13.1122], [78.4749, 13.1117], [78.4753, 13.1115], [78.476, 13.1115], [78.4769, 13.1115], [78.4777, 13.1116], [78.478, 13.1118], [78.4783, 13.1121], [78.4787, 13.1128], [78.4799, 13.115], [78.481, 13.1169], [78.4823, 13.1194], [78.4829, 13.1202], [78.4837, 13.1204], [78.4845, 13.1204], [78.4851, 13.1204], [78.4857, 13.1207], [78.4863, 13.1208], [78.4869, 13.1208], [78.487, 13.1202], [78.488, 13.1203], [78.4891, 13.1203], [78.4913, 13.12], [78.4926, 13.1197], [78.4944, 13.1191], [78.495, 13.1189], [78.4967, 13.1186], [78.4978, 13.1182], [78.4981, 13.1177], [78.498, 13.1172], [78.498, 13.1153], [78.4982, 13.1142], [78.4984, 13.1121], [78.4984, 13.111], [78.4982, 13.1099], [78.4981, 13.1091], [78.4981, 13.1084], [78.4982, 13.1078], [78.4984, 13.1073], [78.4988, 13.1071], [78.4995, 13.1084], [78.4995, 13.1057], [78.4995, 13.0996], [78.4994, 13.0975], [78.4995, 13.096], [78.4988, 13.0968], [78.4984, 13.0968], [78.4977, 13.0967], [78.4973, 13.0963], [78.4965, 13.0962], [78.4957, 13.096], [78.4949, 13.0959], [78.494, 13.096], [78.4928, 13.0962], [78.4917, 13.0965], [78.4911, 13.0968], [78.4907, 13.0968], [78.4902, 13.0966], [78.4901, 13.0973], [78.4896, 13.0978], [78.4891, 13.0982], [78.4887, 13.0984], [78.4882, 13.0984], [78.4876, 13.0983], [78.4876, 13.0978], [78.4877, 13.0975], [78.4875, 13.0971], [78.4871, 13.0969], [78.4866, 13.0968], [78.486, 13.0967], [78.4855, 13.0966], [78.485, 13.0964], [78.485, 13.0959], [78.4849, 13.0954], [78.4848, 13.0951], [78.4846, 13.095], [78.4843, 13.095], [78.4838, 13.0951], [78.4829, 13.0951], [78.4824, 13.0952], [78.4825, 13.0945], [78.4827, 13.0941], [78.4827, 13.0938], [78.4825, 13.0934], [78.4822, 13.0925], [78.4816, 13.0915], [78.4814, 13.091], [78.4813, 13.09], [78.4813, 13.089], [78.4816, 13.0876], [78.4818, 13.0857], [78.4819, 13.0835], [78.4807, 13.0837], [78.4797, 13.0838], [78.4787, 13.0839], [78.4776, 13.084], [78.4765, 13.0842], [78.4754, 13.0844], [78.4748, 13.0846], [78.4745, 13.0844], [78.474, 13.084], [78.4732, 13.0832], [78.4726, 13.0824], [78.4722, 13.0816], [78.4719, 13.0808], [78.4705, 13.0809], [78.4691, 13.081], [78.4677, 13.0811], [78.4662, 13.0811], [78.4648, 13.081], [78.4637, 13.0809], [78.4631, 13.0808], [78.4618, 13.0807], [78.4613, 13.0799], [78.4611, 13.0793], [78.4609, 13.0787], [78.4596, 13.0788], [78.4576, 13.0789], [78.4554, 13.0791], [78.4534, 13.0791], [78.451, 13.0789], [78.4493, 13.0789], [78.4483, 13.0788], [78.4474, 13.0788], [78.4465, 13.0791], [78.4459, 13.0794], [78.4452, 13.0795], [78.4444, 13.0796], [78.4433, 13.0797], [78.4424, 13.0797], [78.4425, 13.0803], [78.4429, 13.0814], [78.4433, 13.0826], [78.4438, 13.0845], [78.4444, 13.0866], [78.4448, 13.0879], [78.4447, 13.0886], [78.4441, 13.0892], [78.4432, 13.0905], [78.4421, 13.0918], [78.4412, 13.093], [78.4405, 13.0942], [78.4399, 13.0953], [78.4396, 13.0957], [78.4409, 13.0987], [78.4418, 13.1005], [78.4424, 13.1019], [78.443, 13.1034], [78.4432, 13.1043], [78.4433, 13.1047], [78.4433, 13.1051], [78.4435, 13.1053], [78.4442, 13.1062], [78.4455, 13.1079], [78.4468, 13.1096], [78.4465, 13.1101], [78.4463, 13.1112], [78.4462, 13.1128], [78.446, 13.114], [78.4469, 13.114], [78.4477, 13.114], [78.4487, 13.1143], [78.4499, 13.1146], [78.4516, 13.115], [78.4532, 13.1154], [78.4538, 13.1154], [78.455, 13.1152], [78.4563, 13.1151], [78.4578, 13.115], [78.4592, 13.115], [78.4602, 13.1149], [78.4601, 13.1171], [78.4601, 13.1193], [78.4604, 13.123], [78.4604, 13.1241], [78.4623, 13.1249], [78.465, 13.1243], [78.4678, 13.124], [78.469, 13.124], [78.4709, 13.1246], [78.4726, 13.1255]]]}, "properties": {"OBJECTID": 230288, "gpcode": "219005", "gpname": "MALLANAYAKANAHALLI", "stname": "KARNATAKA", "dtname": "Kolar", "sdtname": "Mulbagal", "stcode11": "29", "dtcode11": "581", "sdtcode11": "05594", "blklgdcode": "5872", "blkname": "MULBAGAL", "dt_lgd": 542, "sdt_lgd": 5594, "st_lgd": 29, "vilcode11": 0, "vilname11": "", "pan_local": "MULBAGAL", "b_pan_code": 6203, "b_pan_name": "MULBAGAL", "d_pan_code": 497, "d_pan_name": "KOLAR", "gp_code": "219005", "gp_name": "MALLANAYAKANAHALLI", "st_2011": "29", "dt_2011": "581", "sdt_2011": "05594", "subdtname": "Mulbagal", "block_name": "MULBAGAL", "blk_lgdcod": "5872", "dtcode14": "581", "SHAPE_Length": 26195.095641797983, "SHAPE_Area": 23206121.83108469}}, {"type": "Feature", "geometry": {"type": "Polygon", "coordinates": [[[78.3986, 13.0856], [78.4001, 13.0856], [78.4017, 13.0857], [78.4016, 13.0842], [78.4023, 13.0821], [78.4033, 13.08], [78.4043, 13.0784], [78.4059, 13.0771], [78.4078, 13.0761], [78.4093, 13.0755], [78.4107, 13.0751], [78.4121, 13.0746], [78.4134, 13.074], [78.414, 13.0738], [78.4147, 13.073], [78.4147, 13.0724], [78.4162, 13.0722], [78.4165, 13.072], [78.4183, 13.0709], [78.4195, 13.0699], [78.4202, 13.0693], [78.4206, 13.0689], [78.4211, 13.0689], [78.4215, 13.0686], [78.4213, 13.0668], [78.4211, 13.0637], [78.4206, 13.0638], [78.4202, 13.0638], [78.4201, 13.0637], [78.42, 13.0636], [78.4199, 13.0632], [78.4198, 13.063], [78.4195, 13.063], [78.4186, 13.063], [78.418, 13.0631], [78.4173, 13.0632], [78.4166, 13.0632], [78.4163, 13.0631], [78.4162, 13.0628], [78.4162, 13.0619], [78.4163, 13.0604], [78.4163, 13.0575], [78.4163, 13.0558], [78.4169, 13.0555], [78.4171, 13.0553], [78.4173, 13.0555], [78.4178, 13.0562], [78.4184, 13.0567], [78.4201, 13.0554], [78.4211, 13.0547], [78.421, 13.0537], [78.4213, 13.0535], [78.4213, 13.0533], [78.421, 13.0525], [78.4209, 13.0521], [78.4204, 13.0512], [78.4197, 13.0513], [78.4193, 13.0517], [78.4181, 13.0522], [78.4173, 13.0521], [78.416, 13.0524], [78.4149, 13.0521], [78.415, 13.0501], [78.4154, 13.0484], [78.4159, 13.0462], [78.4158, 13.045], [78.4152, 13.0447], [78.4152, 13.0436], [78.4171, 13.0437], [78.4173, 13.0434], [78.4217, 13.0432], [78.4222, 13.043], [78.4229, 13.0426], [78.4229, 13.0424], [78.4232, 13.0418], [78.4236, 13.0412], [78.4242, 13.041], [78.4246, 13.0409], [78.4253, 13.0407], [78.426, 13.0403], [78.4269, 13.0398], [78.4274, 13.0394], [78.4282, 13.0392], [78.4289, 13.0391], [78.4296, 13.039], [78.4302, 13.0388], [78.431, 13.0385], [78.4316, 13.038], [78.432, 13.0376], [78.4323, 13.0375], [78.4326, 13.0375], [78.4329, 13.0378], [78.4333, 13.0379], [78.4336, 13.0379], [78.4339, 13.0376], [78.4342, 13.0372], [78.435, 13.0356], [78.435, 13.0343], [78.4352, 13.0323], [78.4359, 13.0302], [78.4366, 13.0286], [78.4353, 13.0288], [78.4343, 13.0289], [78.4337, 13.029], [78.4327, 13.0292], [78.4304, 13.0295], [78.4293, 13.0297], [78.4279, 13.0297], [78.4263, 13.0298], [78.4244, 13.0299], [78.4236, 13.0301], [78.4228, 13.0303], [78.4222, 13.0305], [78.4211, 13.0312], [78.4196, 13.032], [78.4184, 13.0327], [78.4177, 13.0318], [78.4167, 13.0304], [78.4153, 13.0281], [78.4138, 13.0257], [78.4131, 13.0245], [78.4129, 13.0239], [78.4121, 13.0242], [78.4115, 13.0247], [78.4103, 13.0257], [78.4098, 13.0263], [78.4092, 13.0268], [78.4084, 13.027], [78.4061, 13.0277], [78.4053, 13.0278], [78.4052, 13.0239], [78.4028, 13.0244], [78.4023, 13.0249], [78.4014, 13.0267], [78.4008, 13.0279], [78.4005, 13.0284], [78.4003, 13.0288], [78.4, 13.029], [78.3998, 13.0292], [78.3992, 13.0287], [78.3991, 13.0286], [78.3986, 13.0279], [78.3981, 13.0267], [78.3976, 13.0257], [78.3973, 13.0251], [78.3968, 13.0247], [78.3953, 13.0248], [78.3939, 13.0249], [78.3915, 13.0249], [78.3879, 13.0249], [78.3874, 13.0248], [78.3872, 13.0241], [78.3868, 13.0233], [78.3861, 13.0217], [78.3857, 13.0209], [78.3849, 13.0208], [78.3839, 13.0207], [78.3825, 13.0206], [78.3818, 13.0207], [78.3817, 13.0215], [78.3816, 13.0225], [78.3813, 13.023], [78.3804, 13.0237], [78.3798, 13.0241], [78.379, 13.0241], [78.3772, 13.0241], [78.3765, 13.0242], [78.3759, 13.0242], [78.3753, 13.0242], [78.3746, 13.0242], [78.3738, 13.0242], [78.3732, 13.0244], [78.3716, 13.0246], [78.3708, 13.0231], [78.3703, 13.0213], [78.3698, 13.0196], [78.3693, 13.0195], [78.3687, 13.0195], [78.3676, 13.0195], [78.3663, 13.0196], [78.3643, 13.0201], [78.362, 13.0208], [78.3621, 13.0222], [78.3621, 13.0223], [78.3627, 13.0251], [78.3618, 13.0259], [78.3613, 13.0266], [78.3615, 13.0275], [78.3626, 13.0284], [78.363, 13.0297], [78.3639, 13.0304], [78.3644, 13.0306], [78.3648, 13.0304], [78.3654, 13.0301], [78.3656, 13.0308], [78.3657, 13.0318], [78.3666, 13.0316], [78.3673, 13.0316], [78.3679, 13.032], [78.368, 13.0328], [78.3678, 13.0345], [78.3679, 13.0359], [78.3684, 13.0372], [78.3679, 13.0382], [78.3685, 13.0384], [78.3692, 13.039], [78.3701, 13.0401], [78.3703, 13.0406], [78.3703, 13.041], [78.3709, 13.0409], [78.3719, 13.0408], [78.3728, 13.0407], [78.3738, 13.0407], [78.3746, 13.0403], [78.3752, 13.0402], [78.3756, 13.0403], [78.3762, 13.0408], [78.3766, 13.0414], [78.3767, 13.0418], [78.3778, 13.0418], [78.3785, 13.0419], [78.3793, 13.0419], [78.3805, 13.0418], [78.3815, 13.0418], [78.3823, 13.0422], [78.3827, 13.0425], [78.3831, 13.0425], [78.3836, 13.0423], [78.3848, 13.0423], [78.3862, 13.0426], [78.3887, 13.0435], [78.391, 13.0444], [78.3925, 13.045], [78.3928, 13.0452], [78.3929, 13.0456], [78.3931, 13.0463], [78.3936, 13.0479], [78.3938, 13.0485], [78.3936, 13.0495], [78.3932, 13.05], [78.3914, 13.0527], [78.3901, 13.0552], [78.3897, 13.0574], [78.3893, 13.06], [78.3892, 13.0619], [78.3891, 13.0635], [78.3892, 13.0635], [78.3917, 13.0638], [78.395, 13.0641], [78.3953, 13.0652], [78.3954, 13.0665], [78.3955, 13.0679], [78.3953, 13.0681], [78.3955, 13.0684], [78.3958, 13.0688], [78.3957, 13.0694], [78.3954, 13.0697], [78.3952, 13.0708], [78.395, 13.0721], [78.3952, 13.0727], [78.3952, 13.0735], [78.3952, 13.0749], [78.3953, 13.077], [78.3953, 13.0791], [78.3955, 13.0812], [78.3958, 13.0825], [78.3961, 13.0834], [78.3962, 13.0842], [78.3963, 13.0853], [78.3965, 13.086], [78.3977, 13.0857], [78.3986, 13.0856]]]}, "properties": {"OBJECTID": 230289, "gpcode": "219006", "gpname": "MOTHAKAPALLI", "stname": "KARNATAKA", "dtname": "Kolar", "sdtname": "Mulbagal", "stcode11": "29", "dtcode11": "581", "sdtcode11": "05594", "blklgdcode": "5872", "blkname": "MULBAGAL", "dt_lgd": 542, "sdt_lgd": 5594, "st_lgd": 29, "vilcode11": 0, "vilname11": "", "pan_local": "MULBAGAL", "b_pan_code": 6203, "b_pan_name": "MULBAGAL", "d_pan_code": 497, "d_pan_name": "KOLAR", "gp_code": "219006", "gp_name": "MOTHAKAPALLI", "st_2011": "29", "dt_2011": "581", "sdt_2011": "05594", "subdtname": "Mulbagal", "block_name": "MULBAGAL", "blk_lgdcod": "5872", "dtcode14": "581", "SHAPE_Length": 34489.47074232153, "SHAPE_Area": 25525881.861184366}}, {"type": "Feature", "geometry": {"type": "Polygon", "coordinates": [[[78.3897, 13.1559], [78.3893, 13.1549], [78.3882, 13.1546], [78.3867, 13.1556], [78.3866, 13.1544], [78.3865, 13.1536], [78.3854, 13.1538], [78.3835, 13.1544], [78.3831, 13.1557], [78.3813, 13.1572], [78.38, 13.1595], [78.3807, 13.1602], [78.3826, 13.1604], [78.3849, 13.1608], [78.3871, 13.16], [78.3878, 13.1584], [78.3879, 13.157], [78.3897, 13.1559]]]}, "properties": {"OBJECTID": 230290, "gpcode": "219006", "gpname": "MOTHAKAPALLI", "stname": "KARNATAKA", "dtname": "Kolar", "sdtname": "Mulbagal", "stcode11": "29", "dtcode11": "581", "sdtcode11": "05594", "blklgdcode": "5872", "blkname": "MULBAGAL", "dt_lgd": 542, "sdt_lgd": 5594, "st_lgd": 29, "vilcode11": 0, "vilname11": "", "pan_local": "MULBAGAL", "b_pan_code": 6203, "b_pan_name": "MULBAGAL", "d_pan_code": 497, "d_pan_name": "KOLAR", "gp_code": "219006", "gp_name": "MOTHAKAPALLI", "st_2011": "29", "dt_2011": "581", "sdt_2011": "05594", "subdtname": "Mulbagal", "block_name": "MULBAGAL", "blk_lgdcod": "5872", "dtcode14": "581", "SHAPE_Length": 3194.6522026866414, "SHAPE_Area": 512045.8848518027}}, {"type": "Feature", "geometry": {"type": "Polygon", "coordinates": [[[78.5378, 13.1976], [78.5386, 13.1925], [78.5406, 13.1926], [78.5413, 13.1908], [78.5417, 13.1887], [78.5426, 13.189], [78.5443, 13.1887], [78.5454, 13.188], [78.5466, 13.1883], [78.5478, 13.1891], [78.5498, 13.1897], [78.5529, 13.1891], [78.5558, 13.1886], [78.5577, 13.1897], [78.5597, 13.1905], [78.5598, 13.1905], [78.5606, 13.1901], [78.5622, 13.1907], [78.5633, 13.1911], [78.5665, 13.1918], [78.5665, 13.1931], [78.5672, 13.1933], [78.5673, 13.1933], [78.5675, 13.1925], [78.5696, 13.191], [78.5718, 13.1895], [78.5761, 13.1867], [78.5754, 13.1803], [78.5756, 13.1792], [78.5762, 13.1777], [78.5765, 13.1763], [78.5765, 13.1745], [78.5769, 13.173], [78.5773, 13.1718], [78.5788, 13.1714], [78.579, 13.1705], [78.5798, 13.1674], [78.5797, 13.1674], [78.5785, 13.1673], [78.5772, 13.1681], [78.5765, 13.1671], [78.5734, 13.1689], [78.5733, 13.1689], [78.5711, 13.1673], [78.5687, 13.1656], [78.5686, 13.1647], [78.5682, 13.1618], [78.5681, 13.1618], [78.5639, 13.1624], [78.559, 13.163], [78.5532, 13.1636], [78.5501, 13.1642], [78.5492, 13.1625], [78.5476, 13.1608], [78.546, 13.1593], [78.543, 13.1564], [78.5414, 13.1557], [78.5397, 13.1551], [78.5372, 13.1557], [78.5347, 13.1561], [78.5327, 13.157], [78.5305, 13.1582], [78.5287, 13.1575], [78.5281, 13.1586], [78.5275, 13.1589], [78.5263, 13.1585], [78.5246, 13.1585], [78.5232, 13.1582], [78.5212, 13.1581], [78.5188, 13.1581], [78.5183, 13.1592], [78.5182, 13.1607], [78.5168, 13.1625], [78.5158, 13.1632], [78.5164, 13.1644], [78.5159, 13.1665], [78.5153, 13.1672], [78.5146, 13.1688], [78.5131, 13.1699], [78.5107, 13.17], [78.5095, 13.1698], [78.5093, 13.1716], [78.5087, 13.1739], [78.5081, 13.174], [78.5076, 13.1734], [78.5049, 13.1733], [78.5024, 13.173], [78.5011, 13.1726], [78.5002, 13.1719], [78.4988, 13.171], [78.4982, 13.1724], [78.4983, 13.1742], [78.4983, 13.1758], [78.4985, 13.1774], [78.4986, 13.1782], [78.5002, 13.1787], [78.4998, 13.1797], [78.4999, 13.1815], [78.4984, 13.1824], [78.4998, 13.1846], [78.4999, 13.1848], [78.4988, 13.1849], [78.4977, 13.1848], [78.4971, 13.1847], [78.4967, 13.1848], [78.496, 13.1849], [78.4948, 13.1849], [78.4918, 13.1851], [78.4901, 13.1852], [78.4907, 13.1869], [78.4912, 13.1881], [78.4914, 13.1886], [78.4932, 13.1886], [78.4948, 13.1886], [78.4959, 13.1886], [78.4965, 13.1885], [78.4969, 13.1885], [78.4973, 13.1888], [78.4975, 13.1891], [78.4978, 13.1897], [78.498, 13.1901], [78.4983, 13.1903], [78.4988, 13.1903], [78.4994, 13.1893], [78.4997, 13.1917], [78.5003, 13.1912], [78.5013, 13.1908], [78.5032, 13.1908], [78.5046, 13.1904], [78.5067, 13.1911], [78.5075, 13.1918], [78.5102, 13.1925], [78.5118, 13.1925], [78.5134, 13.1925], [78.5137, 13.1933], [78.514, 13.1945], [78.5141, 13.1954], [78.5152, 13.1961], [78.5166, 13.1962], [78.5181, 13.1965], [78.5196, 13.1962], [78.5208, 13.1957], [78.5214, 13.1946], [78.5236, 13.1962], [78.5265, 13.198], [78.5302, 13.1998], [78.5333, 13.2001], [78.5374, 13.2003], [78.5378, 13.1976]]]}, "properties": {"OBJECTID": 230291, "gpcode": "219007", "gpname": "MUDIGERE", "stname": "KARNATAKA", "dtname": "Kolar", "sdtname": "Mulbagal", "stcode11": "29", "dtcode11": "581", "sdtcode11": "05594", "blklgdcode": "5872", "blkname": "MULBAGAL", "dt_lgd": 542, "sdt_lgd": 5594, "st_lgd": 29, "vilcode11": 0, "vilname11": "", "pan_local": "MULBAGAL", "b_pan_code": 6203, "b_pan_name": "MULBAGAL", "d_pan_code": 497, "d_pan_name": "KOLAR", "gp_code": "219007", "gp_name": "MUDIGERE", "st_2011": "29", "dt_2011": "581", "sdt_2011": "05594", "subdtname": "Mulbagal", "block_name": "MULBAGAL", "blk_lgdcod": "5872", "dtcode14": "581", "SHAPE_Length": 29717.2628080367, "SHAPE_Area": 29613315.668863643}}, {"type": "Feature", "geometry": {"type": "Polygon", "coordinates": [[[78.3364, 13.2638], [78.3378, 13.261], [78.3392, 13.2577], [78.3394, 13.2557], [78.3391, 13.2534], [78.3393, 13.2512], [78.3387, 13.2483], [78.3385, 13.2469], [78.3382, 13.2446], [78.3382, 13.2426], [78.3381, 13.2404], [78.338, 13.2382], [78.3399, 13.2384], [78.3424, 13.2384], [78.3422, 13.2369], [78.3416, 13.2352], [78.3407, 13.2328], [78.3398, 13.2309], [78.3395, 13.2303], [78.34, 13.2303], [78.3426, 13.2302], [78.3451, 13.2302], [78.3476, 13.2305], [78.3488, 13.2304], [78.3496, 13.2302], [78.351, 13.2299], [78.352, 13.2297], [78.3527, 13.2294], [78.3533, 13.229], [78.3543, 13.2283], [78.3548, 13.2277], [78.355, 13.2268], [78.3555, 13.2267], [78.3563, 13.2264], [78.3571, 13.2261], [78.3579, 13.226], [78.3594, 13.2256], [78.3609, 13.2251], [78.3607, 13.2242], [78.3605, 13.2232], [78.3601, 13.2221], [78.3595, 13.2206], [78.3589, 13.2193], [78.3587, 13.219], [78.3586, 13.219], [78.3574, 13.2187], [78.356, 13.2195], [78.3543, 13.2192], [78.3532, 13.2189], [78.3521, 13.2188], [78.3505, 13.2182], [78.3502, 13.2158], [78.3497, 13.2121], [78.349, 13.2102], [78.3493, 13.2101], [78.3494, 13.2096], [78.3492, 13.209], [78.3488, 13.2079], [78.3481, 13.206], [78.3483, 13.2057], [78.3485, 13.2055], [78.3486, 13.2055], [78.3488, 13.2056], [78.3491, 13.2056], [78.3494, 13.2054], [78.3499, 13.2049], [78.3512, 13.2038], [78.3518, 13.2033], [78.3538, 13.2021], [78.3546, 13.2014], [78.3553, 13.2007], [78.3563, 13.1995], [78.3572, 13.1985], [78.3585, 13.1974], [78.3595, 13.1966], [78.3604, 13.196], [78.3615, 13.1957], [78.3615, 13.1953], [78.3612, 13.1947], [78.3606, 13.1937], [78.3599, 13.1927], [78.3581, 13.1901], [78.3566, 13.1879], [78.3551, 13.1857], [78.3534, 13.1834], [78.3525, 13.1842], [78.3515, 13.1855], [78.3507, 13.1866], [78.3497, 13.1882], [78.3485, 13.19], [78.3481, 13.1906], [78.348, 13.1907], [78.3478, 13.1906], [78.3474, 13.19], [78.3467, 13.1889], [78.3465, 13.1885], [78.3462, 13.1884], [78.346, 13.1886], [78.3457, 13.1887], [78.3453, 13.1887], [78.3449, 13.1884], [78.3447, 13.1881], [78.3442, 13.1878], [78.3434, 13.188], [78.3414, 13.1886], [78.3395, 13.1894], [78.3388, 13.1896], [78.3388, 13.1905], [78.3384, 13.194], [78.3374, 13.1945], [78.336, 13.1953], [78.3345, 13.1959], [78.3337, 13.1964], [78.332, 13.1974], [78.3302, 13.1985], [78.3294, 13.199], [78.3279, 13.1995], [78.3269, 13.2003], [78.3266, 13.1993], [78.3257, 13.1976], [78.325, 13.1958], [78.3247, 13.1946], [78.3241, 13.1948], [78.3234, 13.195], [78.3221, 13.1955], [78.3211, 13.196], [78.3198, 13.1963], [78.3182, 13.1966], [78.3164, 13.1968], [78.3153, 13.1969], [78.3146, 13.197], [78.3138, 13.197], [78.3129, 13.1971], [78.3128, 13.1977], [78.3125, 13.1985], [78.3122, 13.1989], [78.3119, 13.1993], [78.3113, 13.1997], [78.3107, 13.1998], [78.3101, 13.2002], [78.3099, 13.2008], [78.3094, 13.2013], [78.309, 13.2019], [78.3088, 13.2027], [78.3086, 13.2036], [78.3086, 13.2046], [78.3084, 13.2057], [78.3082, 13.2062], [78.3078, 13.2064], [78.307, 13.2066], [78.306, 13.2068], [78.3049, 13.2071], [78.3041, 13.2076], [78.3031, 13.2081], [78.3018, 13.2088], [78.3018, 13.2093], [78.3016, 13.2102], [78.3012, 13.211], [78.3011, 13.2123], [78.3011, 13.2137], [78.3007, 13.2137], [78.3001, 13.214], [78.3, 13.2143], [78.2999, 13.2156], [78.2998, 13.2167], [78.2996, 13.2175], [78.2991, 13.2179], [78.2988, 13.2185], [78.2986, 13.2194], [78.2985, 13.2207], [78.2987, 13.2215], [78.2993, 13.2249], [78.3001, 13.2294], [78.3004, 13.2309], [78.3007, 13.2321], [78.3011, 13.2344], [78.3015, 13.2365], [78.3015, 13.237], [78.302, 13.2399], [78.3044, 13.2403], [78.3065, 13.2407], [78.3097, 13.2414], [78.3111, 13.2419], [78.313, 13.2425], [78.3139, 13.2433], [78.3146, 13.2438], [78.3155, 13.2444], [78.3165, 13.245], [78.3188, 13.2461], [78.3209, 13.247], [78.3221, 13.2475], [78.3226, 13.2477], [78.3237, 13.2487], [78.3247, 13.2498], [78.3249, 13.25], [78.3257, 13.2512], [78.3271, 13.254], [78.3282, 13.2556], [78.3291, 13.2572], [78.3292, 13.2575], [78.3301, 13.2595], [78.3322, 13.2631], [78.3349, 13.263], [78.3364, 13.2638]]]}, "properties": {"OBJECTID": 230292, "gpcode": "219008", "gpname": "MUDIYANUR", "stname": "KARNATAKA", "dtname": "Kolar", "sdtname": "Mulbagal", "stcode11": "29", "dtcode11": "581", "sdtcode11": "05594", "blklgdcode": "5872", "blkname": "MULBAGAL", "dt_lgd": 542, "sdt_lgd": 5594, "st_lgd": 29, "vilcode11": 0, "vilname11": "", "pan_local": "MULBAGAL", "b_pan_code": 6203, "b_pan_name": "MULBAGAL", "d_pan_code": 497, "d_pan_name": "KOLAR", "gp_code": "219008", "gp_name": "MUDIYANUR", "st_2011": "29", "dt_2011": "581", "sdt_2011": "05594", "subdtname": "Mulbagal", "block_name": "MULBAGAL", "blk_lgdcod": "5872", "dtcode14": "581", "SHAPE_Length": 30990.89103832276, "SHAPE_Area": 33330980.09227302}}, {"type": "Feature", "geometry": {"type": "Polygon", "coordinates": [[[78.5357, 13.2512], [78.5405, 13.2471], [78.541, 13.2477], [78.5424, 13.2481], [78.5444, 13.2475], [78.5488, 13.244], [78.5511, 13.2424], [78.5529, 13.2409], [78.5563, 13.2396], [78.5624, 13.237], [78.5671, 13.2349], [78.5683, 13.2344], [78.5683, 13.2343], [78.5673, 13.227], [78.5667, 13.2234], [78.5664, 13.2209], [78.5687, 13.2203], [78.573, 13.2199], [78.5764, 13.219], [78.5785, 13.218], [78.579, 13.2161], [78.5795, 13.2156], [78.5792, 13.214], [78.5787, 13.213], [78.5782, 13.2125], [78.5782, 13.2124], [78.5763, 13.2115], [78.5762, 13.2115], [78.5741, 13.2116], [78.5711, 13.212], [78.5706, 13.2097], [78.5695, 13.209], [78.5696, 13.2074], [78.5697, 13.2057], [78.5693, 13.2042], [78.5685, 13.2029], [78.5678, 13.2015], [78.5662, 13.2011], [78.5639, 13.2009], [78.5638, 13.2009], [78.5605, 13.1988], [78.5592, 13.1987], [78.5555, 13.1992], [78.5534, 13.1995], [78.5519, 13.2], [78.5517, 13.2], [78.5512, 13.2005], [78.5512, 13.2013], [78.5503, 13.2016], [78.5492, 13.2022], [78.5495, 13.2031], [78.5482, 13.2035], [78.546, 13.2036], [78.5448, 13.2038], [78.5445, 13.2057], [78.5441, 13.2072], [78.5451, 13.2086], [78.5472, 13.2103], [78.5485, 13.2117], [78.55, 13.2129], [78.5513, 13.2133], [78.5527, 13.2126], [78.5542, 13.2127], [78.556, 13.2137], [78.5568, 13.215], [78.5543, 13.2149], [78.553, 13.2153], [78.5523, 13.216], [78.552, 13.2171], [78.5502, 13.2176], [78.5471, 13.2158], [78.5435, 13.2145], [78.5406, 13.2137], [78.5389, 13.2133], [78.5356, 13.2126], [78.5324, 13.2119], [78.5288, 13.2118], [78.5257, 13.212], [78.5264, 13.2127], [78.5273, 13.2153], [78.5243, 13.2168], [78.5224, 13.2189], [78.521, 13.2222], [78.5195, 13.2256], [78.5187, 13.2276], [78.5185, 13.2278], [78.5189, 13.2285], [78.5212, 13.2291], [78.5225, 13.2317], [78.5239, 13.2346], [78.5238, 13.2358], [78.5256, 13.2369], [78.5269, 13.2377], [78.5281, 13.2405], [78.5291, 13.2415], [78.5318, 13.2437], [78.5336, 13.2452], [78.5363, 13.2493], [78.5357, 13.2512]]]}, "properties": {"OBJECTID": 230293, "gpcode": "219009", "gpname": "MUSTUR", "stname": "KARNATAKA", "dtname": "Kolar", "sdtname": "Mulbagal", "stcode11": "29", "dtcode11": "581", "sdtcode11": "05594", "blklgdcode": "5872", "blkname": "MULBAGAL", "dt_lgd": 542, "sdt_lgd": 5594, "st_lgd": 29, "vilcode11": 0, "vilname11": "", "pan_local": "MULBAGAL", "b_pan_code": 6203, "b_pan_name": "MULBAGAL", "d_pan_code": 497, "d_pan_name": "KOLAR", "gp_code": "219009", "gp_name": "MUSTUR", "st_2011": "29", "dt_2011": "581", "sdt_2011": "05594", "subdtname": "Mulbagal", "block_name": "MULBAGAL", "blk_lgdcod": "5872", "dtcode14": "581", "SHAPE_Length": 24772.459211336954, "SHAPE_Area": 21084803.189739916}}, {"type": "Feature", "geometry": {"type": "Polygon", "coordinates": [[[78.5257, 13.212], [78.5288, 13.2118], [78.5324, 13.2119], [78.5356, 13.2126], [78.5389, 13.2133], [78.5406, 13.2137], [78.5435, 13.2145], [78.5471, 13.2158], [78.5502, 13.2176], [78.552, 13.2171], [78.5523, 13.216], [78.553, 13.2153], [78.5543, 13.2149], [78.5568, 13.215], [78.556, 13.2137], [78.5542, 13.2127], [78.5527, 13.2126], [78.5513, 13.2133], [78.55, 13.2129], [78.5485, 13.2117], [78.5472, 13.2103], [78.5451, 13.2086], [78.5441, 13.2072], [78.5445, 13.2057], [78.5448, 13.2038], [78.546, 13.2036], [78.5482, 13.2035], [78.5495, 13.2031], [78.5492, 13.2022], [78.5503, 13.2016], [78.5512, 13.2013], [78.5512, 13.2005], [78.5517, 13.2], [78.5501, 13.2002], [78.55, 13.1974], [78.55, 13.1936], [78.5498, 13.1897], [78.5478, 13.1891], [78.5466, 13.1883], [78.5454, 13.188], [78.5443, 13.1887], [78.5426, 13.189], [78.5417, 13.1887], [78.5413, 13.1908], [78.5406, 13.1926], [78.5386, 13.1925], [78.5378, 13.1976], [78.5374, 13.2003], [78.5333, 13.2001], [78.5302, 13.1998], [78.5265, 13.198], [78.5236, 13.1962], [78.5214, 13.1946], [78.5208, 13.1957], [78.5196, 13.1962], [78.5181, 13.1965], [78.5166, 13.1962], [78.5152, 13.1961], [78.5141, 13.1954], [78.514, 13.1945], [78.5137, 13.1933], [78.5134, 13.1925], [78.5118, 13.1925], [78.5102, 13.1925], [78.5075, 13.1918], [78.5067, 13.1911], [78.5046, 13.1904], [78.5032, 13.1908], [78.5013, 13.1908], [78.5003, 13.1912], [78.4997, 13.1917], [78.4994, 13.1893], [78.4988, 13.1903], [78.4983, 13.1903], [78.498, 13.1901], [78.4978, 13.1897], [78.4975, 13.1891], [78.4973, 13.1888], [78.4969, 13.1885], [78.4965, 13.1885], [78.4959, 13.1886], [78.4948, 13.1886], [78.4932, 13.1886], [78.4914, 13.1886], [78.4914, 13.1898], [78.4913, 13.1911], [78.4912, 13.1919], [78.491, 13.1925], [78.4901, 13.1932], [78.4899, 13.1937], [78.4899, 13.1945], [78.4892, 13.1949], [78.4883, 13.1962], [78.4877, 13.1969], [78.4873, 13.1973], [78.487, 13.1973], [78.4867, 13.1973], [78.4868, 13.1977], [78.4868, 13.1981], [78.4866, 13.1986], [78.4862, 13.1989], [78.4854, 13.1989], [78.4855, 13.1994], [78.4858, 13.2002], [78.4859, 13.2008], [78.4858, 13.2011], [78.4856, 13.2012], [78.4854, 13.2013], [78.4847, 13.2012], [78.4843, 13.2012], [78.4836, 13.2014], [78.4831, 13.2015], [78.4833, 13.2029], [78.4834, 13.2044], [78.4834, 13.2054], [78.4837, 13.2066], [78.4839, 13.2074], [78.484, 13.2081], [78.4841, 13.209], [78.4852, 13.2092], [78.486, 13.209], [78.4871, 13.2088], [78.4908, 13.2073], [78.4923, 13.2066], [78.4953, 13.2059], [78.4988, 13.2048], [78.5002, 13.203], [78.5017, 13.2038], [78.5025, 13.2051], [78.5028, 13.2077], [78.5028, 13.2098], [78.5029, 13.2124], [78.5031, 13.2145], [78.5033, 13.218], [78.5032, 13.2215], [78.5038, 13.2217], [78.5042, 13.2218], [78.5058, 13.2219], [78.5087, 13.2226], [78.5109, 13.2236], [78.5122, 13.2247], [78.5124, 13.2253], [78.5125, 13.2264], [78.5126, 13.2264], [78.513, 13.2275], [78.5144, 13.2315], [78.5151, 13.2302], [78.5167, 13.2293], [78.5185, 13.2278], [78.5187, 13.2276], [78.5195, 13.2256], [78.521, 13.2222], [78.5224, 13.2189], [78.5243, 13.2168], [78.5273, 13.2153], [78.5264, 13.2127], [78.5257, 13.212]]]}, "properties": {"OBJECTID": 230294, "gpcode": "219010", "gpname": "NANGLI", "stname": "KARNATAKA", "dtname": "Kolar", "sdtname": "Mulbagal", "stcode11": "29", "dtcode11": "581", "sdtcode11": "05594", "blklgdcode": "5872", "blkname": "MULBAGAL", "dt_lgd": 542, "sdt_lgd": 5594, "st_lgd": 29, "vilcode11": 0, "vilname11": "", "pan_local": "MULBAGAL", "b_pan_code": 6203, "b_pan_name": "MULBAGAL", "d_pan_code": 497, "d_pan_name": "KOLAR", "gp_code": "219010", "gp_name": "NANGLI", "st_2011": "29", "dt_2011": "581", "sdt_2011": "05594", "subdtname": "Mulbagal", "block_name": "MULBAGAL", "blk_lgdcod": "5872", "dtcode14": "581", "SHAPE_Length": 29065.325260276473, "SHAPE_Area": 17639488.016033188}}, {"type": "Feature", "geometry": {"type": "Polygon", "coordinates": [[[78.423, 13.1739], [78.4246, 13.1738], [78.4269, 13.1739], [78.4298, 13.1742], [78.432, 13.1744], [78.4306, 13.1724], [78.4294, 13.1705], [78.4274, 13.168], [78.4249, 13.1647], [78.4272, 13.1642], [78.429, 13.1638], [78.4303, 13.1637], [78.4324, 13.1635], [78.4348, 13.1635], [78.4363, 13.1635], [78.4368, 13.1635], [78.4374, 13.1634], [78.4382, 13.1633], [78.4386, 13.1632], [78.4394, 13.1628], [78.4404, 13.1624], [78.4414, 13.1623], [78.4431, 13.162], [78.4453, 13.1615], [78.4474, 13.1612], [78.4489, 13.1609], [78.4503, 13.1606], [78.4516, 13.1605], [78.4527, 13.1602], [78.4538, 13.1599], [78.4546, 13.1597], [78.4545, 13.157], [78.4543, 13.1553], [78.4543, 13.1542], [78.4544, 13.1533], [78.4545, 13.153], [78.4548, 13.1525], [78.4551, 13.152], [78.4553, 13.1515], [78.4552, 13.1509], [78.4552, 13.1505], [78.4552, 13.1498], [78.4562, 13.1493], [78.4569, 13.1492], [78.4576, 13.1491], [78.4588, 13.1491], [78.4596, 13.1492], [78.4605, 13.1494], [78.4611, 13.1496], [78.462, 13.1498], [78.4647, 13.1509], [78.4656, 13.1515], [78.467, 13.153], [78.4699, 13.1558], [78.4712, 13.1549], [78.4718, 13.1543], [78.4724, 13.1539], [78.473, 13.1536], [78.4735, 13.153], [78.4737, 13.1526], [78.4739, 13.1524], [78.4741, 13.1521], [78.4747, 13.1521], [78.4758, 13.1524], [78.4769, 13.1524], [78.4778, 13.1524], [78.4776, 13.1519], [78.4774, 13.1515], [78.4771, 13.1506], [78.4768, 13.1502], [78.477, 13.15], [78.4776, 13.1496], [78.4777, 13.1495], [78.4776, 13.1493], [78.4765, 13.148], [78.4761, 13.1472], [78.4761, 13.1468], [78.4763, 13.1464], [78.4767, 13.1461], [78.4767, 13.1458], [78.4769, 13.1454], [78.4789, 13.1461], [78.4801, 13.1462], [78.4819, 13.1467], [78.4841, 13.1469], [78.4865, 13.147], [78.489, 13.147], [78.4912, 13.147], [78.4922, 13.1469], [78.4929, 13.1466], [78.4938, 13.1464], [78.495, 13.1464], [78.4962, 13.1461], [78.4961, 13.1449], [78.4963, 13.1438], [78.4965, 13.1432], [78.4969, 13.1426], [78.497, 13.1416], [78.496, 13.1407], [78.4959, 13.1398], [78.4947, 13.1396], [78.493, 13.1396], [78.4922, 13.1397], [78.4918, 13.1389], [78.4909, 13.1384], [78.4904, 13.139], [78.4899, 13.1391], [78.4892, 13.1389], [78.4882, 13.1382], [78.4863, 13.1368], [78.4846, 13.1359], [78.4839, 13.1359], [78.483, 13.136], [78.4819, 13.1365], [78.4809, 13.1366], [78.4799, 13.1366], [78.4801, 13.1347], [78.4803, 13.1329], [78.4807, 13.1327], [78.4814, 13.132], [78.4823, 13.1306], [78.4832, 13.1289], [78.4838, 13.1273], [78.4847, 13.1269], [78.4855, 13.1268], [78.4857, 13.1262], [78.4864, 13.1232], [78.4866, 13.1224], [78.4869, 13.1208], [78.4863, 13.1208], [78.4857, 13.1207], [78.4851, 13.1204], [78.4845, 13.1204], [78.4837, 13.1204], [78.4829, 13.1202], [78.4823, 13.1194], [78.481, 13.1169], [78.4799, 13.115], [78.4787, 13.1128], [78.4783, 13.1121], [78.478, 13.1118], [78.4777, 13.1116], [78.4769, 13.1115], [78.476, 13.1115], [78.4753, 13.1115], [78.4749, 13.1117], [78.4743, 13.1122], [78.4736, 13.1128], [78.4734, 13.1133], [78.4733, 13.1139], [78.4707, 13.114], [78.4712, 13.1165], [78.4718, 13.1168], [78.4737, 13.117], [78.4749, 13.1172], [78.476, 13.1175], [78.4763, 13.1188], [78.4767, 13.1202], [78.4768, 13.1226], [78.4759, 13.1223], [78.4746, 13.1219], [78.4724, 13.1219], [78.4715, 13.1219], [78.4717, 13.1229], [78.4721, 13.1239], [78.4726, 13.1255], [78.4709, 13.1246], [78.469, 13.124], [78.4678, 13.124], [78.465, 13.1243], [78.4623, 13.1249], [78.4604, 13.1241], [78.4604, 13.123], [78.4601, 13.1193], [78.4601, 13.1171], [78.4602, 13.1149], [78.4592, 13.115], [78.4578, 13.115], [78.4563, 13.1151], [78.455, 13.1152], [78.4538, 13.1154], [78.4532, 13.1154], [78.4516, 13.115], [78.4499, 13.1146], [78.4487, 13.1143], [78.4477, 13.114], [78.4469, 13.114], [78.446, 13.114], [78.4459, 13.1146], [78.4457, 13.1151], [78.4454, 13.1157], [78.4464, 13.1174], [78.4469, 13.118], [78.4474, 13.1189], [78.4479, 13.1198], [78.4472, 13.1199], [78.4455, 13.1206], [78.445, 13.121], [78.4456, 13.1219], [78.4453, 13.1236], [78.445, 13.1257], [78.4455, 13.1272], [78.4432, 13.1275], [78.4408, 13.1277], [78.4387, 13.128], [78.4367, 13.1283], [78.4353, 13.1288], [78.4357, 13.1296], [78.4358, 13.1305], [78.4357, 13.1313], [78.4346, 13.1313], [78.4333, 13.1324], [78.4326, 13.1332], [78.4324, 13.1337], [78.4316, 13.1338], [78.4312, 13.1341], [78.4303, 13.1349], [78.4296, 13.1362], [78.4289, 13.1379], [78.4283, 13.1395], [78.4276, 13.1404], [78.4275, 13.1416], [78.4273, 13.1429], [78.4272, 13.1434], [78.4271, 13.1449], [78.4269, 13.1462], [78.4268, 13.1473], [78.4267, 13.148], [78.4269, 13.1487], [78.4273, 13.1499], [78.4276, 13.1509], [78.4276, 13.1514], [78.4271, 13.1515], [78.4265, 13.1518], [78.4257, 13.1522], [78.4238, 13.1535], [78.423, 13.1542], [78.422, 13.1549], [78.4206, 13.1558], [78.4193, 13.1566], [78.4182, 13.1571], [78.4174, 13.1575], [78.4165, 13.1581], [78.4161, 13.1583], [78.4175, 13.1602], [78.4189, 13.162], [78.4186, 13.1635], [78.4186, 13.165], [78.4184, 13.1659], [78.4184, 13.1665], [78.4184, 13.1677], [78.4182, 13.1698], [78.4182, 13.171], [78.4184, 13.1719], [78.4187, 13.1728], [78.4194, 13.1736], [78.4202, 13.1744], [78.4213, 13.1741], [78.423, 13.1739]]]}, "properties": {"OBJECTID": 230295, "gpcode": "219011", "gpname": "PICHAGUNTLAHALLI", "stname": "KARNATAKA", "dtname": "Kolar", "sdtname": "Mulbagal", "stcode11": "29", "dtcode11": "581", "sdtcode11": "05594", "blklgdcode": "5872", "blkname": "MULBAGAL", "dt_lgd": 542, "sdt_lgd": 5594, "st_lgd": 29, "vilcode11": 0, "vilname11": "", "pan_local": "MULBAGAL", "b_pan_code": 6203, "b_pan_name": "MULBAGAL", "d_pan_code": 497, "d_pan_name": "KOLAR", "gp_code": "219011", "gp_name": "PICHAGUNTLAHALLI", "st_2011": "29", "dt_2011": "581", "sdt_2011": "05594", "subdtname": "Mulbagal", "block_name": "MULBAGAL", "blk_lgdcod": "5872", "dtcode14": "581", "SHAPE_Length": 36910.82441192301, "SHAPE_Area": 28006415.298498888}}, {"type": "Feature", "geometry": {"type": "Polygon", "coordinates": [[[78.4987, 13.2476], [78.4983, 13.2466], [78.4962, 13.2472], [78.4962, 13.2477], [78.4964, 13.2487], [78.4988, 13.248], [78.4987, 13.2476]]]}, "properties": {"OBJECTID": 230296, "gpcode": "219012", "gpname": "RAJENDRAHALLI", "stname": "KARNATAKA", "dtname": "Kolar", "sdtname": "Mulbagal", "stcode11": "29", "dtcode11": "581", "sdtcode11": "05594", "blklgdcode": "5872", "blkname": "MULBAGAL", "dt_lgd": 542, "sdt_lgd": 5594, "st_lgd": 29, "vilcode11": 0, "vilname11": "", "pan_local": "MULBAGAL", "b_pan_code": 6203, "b_pan_name": "MULBAGAL", "d_pan_code": 497, "d_pan_name": "KOLAR", "gp_code": "219012", "gp_name": "RAJENDRAHALLI", "st_2011": "29", "dt_2011": "581", "sdt_2011": "05594", "subdtname": "Mulbagal", "block_name": "MULBAGAL", "blk_lgdcod": "5872", "dtcode14": "581", "SHAPE_Length": 860.7773063832741, "SHAPE_Area": 45718.59266328403}}, {"type": "Feature", "geometry": {"type": "Polygon", "coordinates": [[[78.4967, 13.2986], [78.4987, 13.2995], [78.4988, 13.2996], [78.4998, 13.298], [78.5005, 13.2966], [78.501, 13.2957], [78.502, 13.2954], [78.5032, 13.2936], [78.5042, 13.292], [78.5048, 13.2914], [78.5054, 13.2911], [78.5066, 13.2911], [78.5081, 13.2912], [78.5101, 13.291], [78.5113, 13.2908], [78.5118, 13.2906], [78.5123, 13.2905], [78.5129, 13.2905], [78.5133, 13.2905], [78.5139, 13.2906], [78.514, 13.2906], [78.5138, 13.29], [78.5136, 13.2894], [78.5135, 13.2883], [78.5135, 13.2873], [78.5135, 13.2863], [78.5134, 13.2852], [78.5154, 13.2847], [78.517, 13.284], [78.5183, 13.2834], [78.5194, 13.2831], [78.5199, 13.2828], [78.52, 13.2813], [78.52, 13.2799], [78.5198, 13.2785], [78.5197, 13.2777], [78.5198, 13.2771], [78.5197, 13.2771], [78.5146, 13.2773], [78.5146, 13.2763], [78.5146, 13.2758], [78.5149, 13.2749], [78.5156, 13.2739], [78.5161, 13.2729], [78.5167, 13.2714], [78.5135, 13.2716], [78.5133, 13.2703], [78.5129, 13.2691], [78.5117, 13.2694], [78.5078, 13.2696], [78.5075, 13.2666], [78.5071, 13.2637], [78.5049, 13.2639], [78.5027, 13.2639], [78.5008, 13.2637], [78.4998, 13.2631], [78.4988, 13.2626], [78.4969, 13.2617], [78.4961, 13.2599], [78.4976, 13.2567], [78.4983, 13.2545], [78.4985, 13.2534], [78.4988, 13.2521], [78.499, 13.2512], [78.4988, 13.2508], [78.497, 13.2509], [78.4966, 13.2508], [78.4962, 13.2503], [78.496, 13.2498], [78.4952, 13.25], [78.4947, 13.2502], [78.4945, 13.2505], [78.4942, 13.2505], [78.4942, 13.2502], [78.4939, 13.2504], [78.4931, 13.2506], [78.4928, 13.2504], [78.4913, 13.2505], [78.4899, 13.2499], [78.4893, 13.2501], [78.4888, 13.2486], [78.4878, 13.2488], [78.4866, 13.2489], [78.4852, 13.2492], [78.485, 13.2486], [78.4839, 13.2485], [78.4827, 13.2485], [78.482, 13.2485], [78.4821, 13.2483], [78.4814, 13.2483], [78.48, 13.2485], [78.4789, 13.2487], [78.4775, 13.2488], [78.4754, 13.2492], [78.4753, 13.2496], [78.4757, 13.2499], [78.4757, 13.2502], [78.4756, 13.2505], [78.4755, 13.2506], [78.4754, 13.2507], [78.4754, 13.2509], [78.4754, 13.2512], [78.4755, 13.253], [78.4753, 13.2558], [78.4749, 13.2591], [78.4745, 13.2618], [78.4736, 13.2626], [78.4734, 13.2638], [78.4734, 13.2647], [78.4728, 13.2663], [78.4729, 13.2677], [78.4742, 13.27], [78.4765, 13.2713], [78.4751, 13.2716], [78.474, 13.2723], [78.4739, 13.2745], [78.474, 13.2767], [78.4746, 13.2789], [78.4743, 13.2807], [78.4725, 13.282], [78.4712, 13.2832], [78.471, 13.2892], [78.471, 13.2919], [78.4713, 13.2956], [78.4714, 13.2967], [78.4717, 13.2978], [78.4719, 13.2984], [78.4711, 13.2987], [78.471, 13.3007], [78.4715, 13.3045], [78.4698, 13.3061], [78.4679, 13.3084], [78.4664, 13.3088], [78.4656, 13.309], [78.4671, 13.3133], [78.4667, 13.3151], [78.4695, 13.3171], [78.4697, 13.3194], [78.4702, 13.3198], [78.4769, 13.3226], [78.4796, 13.3217], [78.4833, 13.3212], [78.4834, 13.3212], [78.4834, 13.3169], [78.4838, 13.3144], [78.4836, 13.313], [78.4831, 13.312], [78.4812, 13.3102], [78.4809, 13.3092], [78.4793, 13.3013], [78.4804, 13.3013], [78.4829, 13.3006], [78.486, 13.3002], [78.4896, 13.2997], [78.4937, 13.2991], [78.4967, 13.2986]]]}, "properties": {"OBJECTID": 230297, "gpcode": "219012", "gpname": "RAJENDRAHALLI", "stname": "KARNATAKA", "dtname": "Kolar", "sdtname": "Mulbagal", "stcode11": "29", "dtcode11": "581", "sdtcode11": "05594", "blklgdcode": "5872", "blkname": "MULBAGAL", "dt_lgd": 542, "sdt_lgd": 5594, "st_lgd": 29, "vilcode11": 0, "vilname11": "", "pan_local": "MULBAGAL", "b_pan_code": 6203, "b_pan_name": "MULBAGAL", "d_pan_code": 497, "d_pan_name": "KOLAR", "gp_code": "219012", "gp_name": "RAJENDRAHALLI", "st_2011": "29", "dt_2011": "581", "sdt_2011": "05594", "subdtname": "Mulbagal", "block_name": "MULBAGAL", "blk_lgdcod": "5872", "dtcode14": "581", "SHAPE_Length": 28558.126789422462, "SHAPE_Area": 25460918.5565412}}, {"type": "Feature", "geometry": {"type": "Polygon", "coordinates": [[[78.4206, 13.1558], [78.422, 13.1549], [78.423, 13.1542], [78.4238, 13.1535], [78.4257, 13.1522], [78.4265, 13.1518], [78.4271, 13.1515], [78.4276, 13.1514], [78.4276, 13.1509], [78.4273, 13.1499], [78.4269, 13.1487], [78.4267, 13.148], [78.4268, 13.1473], [78.4269, 13.1462], [78.4271, 13.1449], [78.4272, 13.1434], [78.4273, 13.1429], [78.4275, 13.1416], [78.4276, 13.1404], [78.4283, 13.1395], [78.4289, 13.1379], [78.4296, 13.1362], [78.4303, 13.1349], [78.4312, 13.1341], [78.4316, 13.1338], [78.4324, 13.1337], [78.4326, 13.1332], [78.4333, 13.1324], [78.4346, 13.1313], [78.4357, 13.1313], [78.4358, 13.1305], [78.4357, 13.1296], [78.4353, 13.1288], [78.4367, 13.1283], [78.4387, 13.128], [78.4408, 13.1277], [78.4432, 13.1275], [78.4455, 13.1272], [78.445, 13.1257], [78.4453, 13.1236], [78.4456, 13.1219], [78.445, 13.121], [78.4455, 13.1206], [78.4472, 13.1199], [78.4479, 13.1198], [78.4474, 13.1189], [78.4469, 13.118], [78.4464, 13.1174], [78.4454, 13.1157], [78.4457, 13.1151], [78.4459, 13.1146], [78.446, 13.114], [78.4462, 13.1128], [78.4463, 13.1112], [78.4465, 13.1101], [78.4468, 13.1096], [78.4455, 13.1079], [78.4442, 13.1062], [78.4435, 13.1053], [78.4433, 13.1051], [78.4433, 13.1047], [78.4432, 13.1043], [78.443, 13.1034], [78.4424, 13.1019], [78.4418, 13.1005], [78.4409, 13.0987], [78.4396, 13.0957], [78.4389, 13.0963], [78.438, 13.0968], [78.4373, 13.0971], [78.4367, 13.0972], [78.4358, 13.0973], [78.4348, 13.0973], [78.4332, 13.0974], [78.4315, 13.0975], [78.4304, 13.0975], [78.4298, 13.0976], [78.4293, 13.0978], [78.4295, 13.0988], [78.4296, 13.0999], [78.4297, 13.1011], [78.4297, 13.102], [78.4296, 13.1025], [78.4287, 13.1025], [78.4281, 13.1025], [78.4279, 13.1028], [78.4276, 13.1033], [78.4273, 13.1045], [78.427, 13.1049], [78.4266, 13.105], [78.4256, 13.105], [78.4234, 13.1048], [78.4216, 13.1045], [78.4211, 13.1043], [78.4208, 13.104], [78.4208, 13.1031], [78.4209, 13.1025], [78.4213, 13.1022], [78.4219, 13.1019], [78.4224, 13.1016], [78.4228, 13.1011], [78.423, 13.1006], [78.423, 13.1003], [78.4227, 13.0998], [78.4219, 13.0986], [78.4214, 13.0987], [78.42, 13.0987], [78.4189, 13.0981], [78.4178, 13.0975], [78.4174, 13.0971], [78.417, 13.0971], [78.4167, 13.0973], [78.4172, 13.0982], [78.4178, 13.099], [78.4181, 13.0997], [78.4187, 13.1005], [78.4189, 13.101], [78.4191, 13.1014], [78.419, 13.1017], [78.4187, 13.1022], [78.419, 13.1036], [78.4193, 13.1052], [78.4196, 13.1062], [78.42, 13.1071], [78.4204, 13.1078], [78.4205, 13.1085], [78.4206, 13.1096], [78.4208, 13.1116], [78.4209, 13.1138], [78.4209, 13.1146], [78.4207, 13.1157], [78.4204, 13.1172], [78.4201, 13.1187], [78.4199, 13.1194], [78.4199, 13.1198], [78.4199, 13.1201], [78.4197, 13.1201], [78.4194, 13.1203], [78.4193, 13.1204], [78.4188, 13.1204], [78.4182, 13.1203], [78.4173, 13.12], [78.416, 13.1196], [78.4151, 13.1191], [78.4141, 13.1188], [78.412, 13.1184], [78.4086, 13.1178], [78.4055, 13.1173], [78.4026, 13.1163], [78.4002, 13.1156], [78.3998, 13.1189], [78.3998, 13.1224], [78.3995, 13.1254], [78.4001, 13.1269], [78.4004, 13.1276], [78.4008, 13.1282], [78.4013, 13.1284], [78.4013, 13.1288], [78.401, 13.13], [78.4006, 13.131], [78.3999, 13.1317], [78.3979, 13.1332], [78.3969, 13.1342], [78.3962, 13.135], [78.3957, 13.1356], [78.3951, 13.1369], [78.3943, 13.1383], [78.3954, 13.1383], [78.3962, 13.1383], [78.3966, 13.1383], [78.3971, 13.1379], [78.3977, 13.1378], [78.3985, 13.1376], [78.3991, 13.1376], [78.3999, 13.1377], [78.3999, 13.1381], [78.3998, 13.139], [78.3997, 13.1401], [78.3997, 13.1421], [78.3996, 13.1427], [78.3994, 13.1432], [78.3991, 13.1442], [78.3986, 13.1449], [78.3981, 13.1458], [78.398, 13.1471], [78.3978, 13.1477], [78.3973, 13.149], [78.3966, 13.1503], [78.3961, 13.1512], [78.3961, 13.1524], [78.3962, 13.1542], [78.3965, 13.1551], [78.3967, 13.1551], [78.3979, 13.1556], [78.399, 13.156], [78.4001, 13.1561], [78.4014, 13.1561], [78.4032, 13.156], [78.4051, 13.1559], [78.4067, 13.1558], [78.4076, 13.156], [78.4092, 13.1564], [78.4108, 13.1569], [78.4119, 13.1578], [78.4132, 13.1593], [78.4149, 13.159], [78.4157, 13.1586], [78.4161, 13.1583], [78.4165, 13.1581], [78.4174, 13.1575], [78.4182, 13.1571], [78.4193, 13.1566], [78.4206, 13.1558]]]}, "properties": {"OBJECTID": 230298, "gpcode": "219013", "gpname": "SONNAVADI", "stname": "KARNATAKA", "dtname": "Kolar", "sdtname": "Mulbagal", "stcode11": "29", "dtcode11": "581", "sdtcode11": "05594", "blklgdcode": "5872", "blkname": "MULBAGAL", "dt_lgd": 542, "sdt_lgd": 5594, "st_lgd": 29, "vilcode11": 0, "vilname11": "", "pan_local": "MULBAGAL", "b_pan_code": 6203, "b_pan_name": "MULBAGAL", "d_pan_code": 497, "d_pan_name": "KOLAR", "gp_code": "219013", "gp_name": "SONNAVADI", "st_2011": "29", "dt_2011": "581", "sdt_2011": "05594", "subdtname": "Mulbagal", "block_name": "MULBAGAL", "blk_lgdcod": "5872", "dtcode14": "581", "SHAPE_Length": 27274.96171929586, "SHAPE_Area": 22712771.220758982}}, {"type": "Feature", "geometry": {"type": "Polygon", "coordinates": [[[78.4402, 13.1727], [78.4405, 13.1727], [78.4412, 13.1731], [78.4418, 13.1735], [78.4427, 13.1708], [78.4433, 13.1696], [78.4435, 13.1689], [78.444, 13.1684], [78.4444, 13.1675], [78.4448, 13.1667], [78.4444, 13.166], [78.4425, 13.1641], [78.4408, 13.1628], [78.4405, 13.1625], [78.4404, 13.1624], [78.4394, 13.1628], [78.4386, 13.1632], [78.4382, 13.1633], [78.4374, 13.1634], [78.4368, 13.1635], [78.4363, 13.1635], [78.4348, 13.1635], [78.4324, 13.1635], [78.4303, 13.1637], [78.429, 13.1638], [78.4272, 13.1642], [78.4249, 13.1647], [78.4274, 13.168], [78.4294, 13.1705], [78.4306, 13.1724], [78.432, 13.1744], [78.4339, 13.1745], [78.4358, 13.1746], [78.4375, 13.1745], [78.4384, 13.1743], [78.4394, 13.1743], [78.4397, 13.174], [78.44, 13.1732], [78.4402, 13.1727]]]}, "properties": {"OBJECTID": 230299, "gpcode": "219013", "gpname": "SONNAVADI", "stname": "KARNATAKA", "dtname": "Kolar", "sdtname": "Mulbagal", "stcode11": "29", "dtcode11": "581", "sdtcode11": "05594", "blklgdcode": "5872", "blkname": "MULBAGAL", "dt_lgd": 542, "sdt_lgd": 5594, "st_lgd": 29, "vilcode11": 0, "vilname11": "", "pan_local": "MULBAGAL", "b_pan_code": 6203, "b_pan_name": "MULBAGAL", "d_pan_code": 497, "d_pan_name": "KOLAR", "gp_code": "219013", "gp_name": "SONNAVADI", "st_2011": "29", "dt_2011": "581", "sdt_2011": "05594", "subdtname": "Mulbagal", "block_name": "MULBAGAL", "blk_lgdcod": "5872", "dtcode14": "581", "SHAPE_Length": 5905.3628331592445, "SHAPE_Area": 2025468.8102226143}}, {"type": "Feature", "geometry": {"type": "Polygon", "coordinates": [[[78.3736, 13.1884], [78.3735, 13.1819], [78.3716, 13.1819], [78.3708, 13.1815], [78.3701, 13.1808], [78.3692, 13.1781], [78.3689, 13.1776], [78.3692, 13.1764], [78.3698, 13.1754], [78.3704, 13.1736], [78.3709, 13.1725], [78.3717, 13.1712], [78.3723, 13.1705], [78.3726, 13.1697], [78.3726, 13.169], [78.3725, 13.1674], [78.3727, 13.1654], [78.3728, 13.1646], [78.3721, 13.1645], [78.3714, 13.1643], [78.371, 13.1641], [78.3709, 13.1637], [78.3713, 13.1628], [78.3702, 13.1625], [78.3698, 13.1621], [78.3694, 13.1615], [78.3692, 13.1611], [78.3675, 13.1615], [78.3652, 13.1618], [78.3635, 13.1624], [78.3618, 13.1634], [78.3607, 13.1645], [78.36, 13.1655], [78.3601, 13.1663], [78.3601, 13.167], [78.3604, 13.1684], [78.361, 13.1697], [78.3606, 13.1702], [78.3595, 13.1713], [78.3581, 13.1729], [78.3572, 13.1738], [78.3562, 13.1743], [78.3554, 13.1745], [78.3543, 13.1747], [78.3519, 13.1756], [78.3527, 13.1771], [78.3531, 13.1788], [78.3534, 13.1804], [78.3536, 13.1816], [78.3536, 13.1826], [78.3534, 13.1834], [78.3551, 13.1857], [78.3566, 13.1879], [78.3581, 13.1901], [78.3599, 13.1927], [78.3606, 13.1937], [78.3612, 13.1947], [78.3615, 13.1953], [78.3615, 13.1957], [78.3631, 13.1952], [78.3646, 13.1947], [78.3662, 13.1938], [78.3681, 13.193], [78.3706, 13.1917], [78.3716, 13.1913], [78.3723, 13.1911], [78.3728, 13.1909], [78.3729, 13.1908], [78.373, 13.1906], [78.3729, 13.19], [78.3729, 13.1894], [78.3728, 13.1888], [78.3731, 13.1885], [78.3736, 13.1884]]]}, "properties": {"OBJECTID": 230300, "gpcode": "219013", "gpname": "SONNAVADI", "stname": "KARNATAKA", "dtname": "Kolar", "sdtname": "Mulbagal", "stcode11": "29", "dtcode11": "581", "sdtcode11": "05594", "blklgdcode": "5872", "blkname": "MULBAGAL", "dt_lgd": 542, "sdt_lgd": 5594, "st_lgd": 29, "vilcode11": 0, "vilname11": "", "pan_local": "MULBAGAL", "b_pan_code": 6203, "b_pan_name": "MULBAGAL", "d_pan_code": 497, "d_pan_name": "KOLAR", "gp_code": "219013", "gp_name": "SONNAVADI", "st_2011": "29", "dt_2011": "581", "sdt_2011": "05594", "subdtname": "Mulbagal", "block_name": "MULBAGAL", "blk_lgdcod": "5872", "dtcode14": "581", "SHAPE_Length": 11111.094893949654, "SHAPE_Area": 5904999.393562977}}, {"type": "Feature", "geometry": {"type": "Polygon", "coordinates": [[[78.4304, 13.0806], [78.4306, 13.0806], [78.4307, 13.0808], [78.4309, 13.0811], [78.431, 13.0813], [78.4313, 13.0813], [78.4316, 13.0812], [78.4325, 13.081], [78.4334, 13.0809], [78.4348, 13.0806], [78.4359, 13.0804], [78.4371, 13.0803], [78.4378, 13.0803], [78.4387, 13.0801], [78.4395, 13.0799], [78.4398, 13.0798], [78.4404, 13.0798], [78.4414, 13.0797], [78.4424, 13.0797], [78.4433, 13.0797], [78.4444, 13.0796], [78.4452, 13.0795], [78.4459, 13.0794], [78.4465, 13.0791], [78.4474, 13.0788], [78.4468, 13.0776], [78.446, 13.0759], [78.4452, 13.0744], [78.4445, 13.0733], [78.4434, 13.0715], [78.443, 13.0709], [78.4422, 13.0696], [78.4418, 13.0685], [78.4429, 13.0684], [78.4438, 13.0686], [78.4444, 13.0687], [78.4454, 13.0688], [78.4458, 13.0687], [78.4463, 13.0684], [78.4468, 13.0678], [78.4472, 13.0672], [78.4472, 13.0669], [78.4473, 13.0666], [78.4486, 13.0647], [78.4496, 13.0628], [78.4503, 13.0611], [78.4509, 13.0601], [78.4511, 13.0596], [78.4505, 13.0592], [78.4497, 13.0592], [78.448, 13.059], [78.4459, 13.0585], [78.4443, 13.0583], [78.4426, 13.0578], [78.4413, 13.0576], [78.4402, 13.0576], [78.4393, 13.0575], [78.439, 13.0576], [78.4386, 13.0579], [78.438, 13.0582], [78.437, 13.0583], [78.4361, 13.0584], [78.4355, 13.0586], [78.4354, 13.059], [78.4357, 13.0597], [78.4362, 13.0605], [78.4364, 13.0613], [78.4371, 13.0628], [78.4366, 13.0633], [78.4363, 13.0634], [78.4358, 13.063], [78.4354, 13.063], [78.4348, 13.0635], [78.4343, 13.0639], [78.434, 13.0641], [78.4339, 13.064], [78.4339, 13.0636], [78.4337, 13.0633], [78.4333, 13.0632], [78.4325, 13.0632], [78.4322, 13.0631], [78.4321, 13.063], [78.432, 13.0628], [78.4318, 13.0621], [78.4317, 13.0615], [78.4327, 13.0614], [78.4327, 13.0611], [78.4325, 13.0604], [78.4321, 13.0593], [78.4315, 13.0579], [78.4309, 13.0566], [78.4298, 13.0566], [78.4287, 13.0566], [78.4283, 13.0558], [78.4283, 13.0545], [78.4277, 13.0544], [78.4261, 13.0544], [78.4257, 13.0543], [78.4257, 13.0535], [78.425, 13.0535], [78.425, 13.0531], [78.4249, 13.0519], [78.4259, 13.0519], [78.427, 13.0518], [78.4275, 13.0517], [78.4278, 13.0517], [78.428, 13.0516], [78.428, 13.0513], [78.4283, 13.0505], [78.4285, 13.0498], [78.4286, 13.0491], [78.4287, 13.0487], [78.4286, 13.0481], [78.4284, 13.0474], [78.4282, 13.0469], [78.4277, 13.0458], [78.4275, 13.0449], [78.4274, 13.0443], [78.4271, 13.0443], [78.4265, 13.0445], [78.4259, 13.0448], [78.4255, 13.0448], [78.4249, 13.0449], [78.4246, 13.0445], [78.4234, 13.0435], [78.4229, 13.043], [78.4229, 13.0427], [78.4229, 13.0426], [78.4222, 13.043], [78.4217, 13.0432], [78.4173, 13.0434], [78.4171, 13.0437], [78.4152, 13.0436], [78.4152, 13.0447], [78.4158, 13.045], [78.4159, 13.0462], [78.4154, 13.0484], [78.415, 13.0501], [78.4149, 13.0521], [78.416, 13.0524], [78.4173, 13.0521], [78.4181, 13.0522], [78.4193, 13.0517], [78.4197, 13.0513], [78.4204, 13.0512], [78.4209, 13.0521], [78.421, 13.0525], [78.4213, 13.0533], [78.4213, 13.0535], [78.421, 13.0537], [78.4211, 13.0547], [78.4201, 13.0554], [78.4184, 13.0567], [78.4178, 13.0562], [78.4173, 13.0555], [78.4171, 13.0553], [78.4169, 13.0555], [78.4163, 13.0558], [78.4163, 13.0575], [78.4163, 13.0604], [78.4162, 13.0619], [78.4162, 13.0628], [78.4163, 13.0631], [78.4166, 13.0632], [78.4173, 13.0632], [78.418, 13.0631], [78.4186, 13.063], [78.4195, 13.063], [78.4198, 13.063], [78.4199, 13.0632], [78.42, 13.0636], [78.4201, 13.0637], [78.4202, 13.0638], [78.4206, 13.0638], [78.4211, 13.0637], [78.4213, 13.0668], [78.4215, 13.0686], [78.4211, 13.0689], [78.4206, 13.0689], [78.4202, 13.0693], [78.4195, 13.0699], [78.4183, 13.0709], [78.4165, 13.072], [78.4162, 13.0722], [78.4147, 13.0724], [78.4147, 13.073], [78.4153, 13.074], [78.4156, 13.0751], [78.4159, 13.0762], [78.4163, 13.0769], [78.4169, 13.0775], [78.4171, 13.0798], [78.42, 13.0799], [78.4214, 13.0799], [78.4218, 13.0802], [78.4224, 13.0811], [78.423, 13.0815], [78.4239, 13.0816], [78.4259, 13.0816], [78.4264, 13.0816], [78.4272, 13.0816], [78.4279, 13.0815], [78.4287, 13.0813], [78.4296, 13.0809], [78.4304, 13.0806]]]}, "properties": {"OBJECTID": 230301, "gpcode": "219014", "gpname": "TAYALUR", "stname": "KARNATAKA", "dtname": "Kolar", "sdtname": "Mulbagal", "stcode11": "29", "dtcode11": "581", "sdtcode11": "05594", "blklgdcode": "5872", "blkname": "MULBAGAL", "dt_lgd": 542, "sdt_lgd": 5594, "st_lgd": 29, "vilcode11": 0, "vilname11": "", "pan_local": "MULBAGAL", "b_pan_code": 6203, "b_pan_name": "MULBAGAL", "d_pan_code": 497, "d_pan_name": "KOLAR", "gp_code": "219014", "gp_name": "TAYALUR", "st_2011": "29", "dt_2011": "581", "sdt_2011": "05594", "subdtname": "Mulbagal", "block_name": "MULBAGAL", "blk_lgdcod": "5872", "dtcode14": "581", "SHAPE_Length": 20988.485856449803, "SHAPE_Area": 9957577.28079898}}, {"type": "Feature", "geometry": {"type": "Polygon", "coordinates": [[[78.5161, 13.0965], [78.5151, 13.0959], [78.5127, 13.0944], [78.5103, 13.0926], [78.5095, 13.0915], [78.5091, 13.0901], [78.5093, 13.0882], [78.509, 13.0845], [78.5087, 13.0814], [78.5086, 13.079], [78.51, 13.0785], [78.5108, 13.078], [78.5114, 13.0762], [78.5128, 13.0739], [78.5137, 13.0728], [78.5141, 13.0721], [78.5151, 13.07], [78.5156, 13.0676], [78.5157, 13.0655], [78.5155, 13.0641], [78.5146, 13.0625], [78.5145, 13.0622], [78.5143, 13.0619], [78.5142, 13.0619], [78.5122, 13.0618], [78.5091, 13.0617], [78.5051, 13.0612], [78.5026, 13.061], [78.5021, 13.061], [78.4999, 13.0612], [78.4998, 13.0612], [78.4988, 13.0613], [78.4984, 13.0613], [78.4981, 13.0612], [78.4976, 13.061], [78.4971, 13.0607], [78.4966, 13.0604], [78.496, 13.0598], [78.4951, 13.0591], [78.495, 13.0589], [78.4938, 13.0577], [78.4933, 13.0571], [78.4932, 13.0571], [78.4927, 13.057], [78.4923, 13.0568], [78.4915, 13.0561], [78.4904, 13.0552], [78.49, 13.0545], [78.4886, 13.0531], [78.4877, 13.0524], [78.4874, 13.0524], [78.4861, 13.0526], [78.4832, 13.0531], [78.4817, 13.0536], [78.4796, 13.0541], [78.4785, 13.0545], [78.4764, 13.0553], [78.4728, 13.0568], [78.4702, 13.0579], [78.4698, 13.0581], [78.4683, 13.059], [78.4651, 13.0609], [78.4625, 13.0621], [78.462, 13.0628], [78.4619, 13.064], [78.4618, 13.0646], [78.4618, 13.0649], [78.4617, 13.0651], [78.4615, 13.0653], [78.461, 13.0653], [78.4599, 13.0654], [78.4586, 13.0655], [78.4581, 13.0656], [78.458, 13.0659], [78.458, 13.0667], [78.4579, 13.0681], [78.4572, 13.0683], [78.4563, 13.0683], [78.4553, 13.0683], [78.454, 13.0681], [78.452, 13.0676], [78.4492, 13.0671], [78.4473, 13.0666], [78.4472, 13.0669], [78.4472, 13.0672], [78.4468, 13.0678], [78.4463, 13.0684], [78.4458, 13.0687], [78.4454, 13.0688], [78.4444, 13.0687], [78.4438, 13.0686], [78.4429, 13.0684], [78.4418, 13.0685], [78.4422, 13.0696], [78.443, 13.0709], [78.4434, 13.0715], [78.4445, 13.0733], [78.4452, 13.0744], [78.446, 13.0759], [78.4468, 13.0776], [78.4474, 13.0788], [78.4483, 13.0788], [78.4493, 13.0789], [78.451, 13.0789], [78.4534, 13.0791], [78.4554, 13.0791], [78.4576, 13.0789], [78.4596, 13.0788], [78.4609, 13.0787], [78.4611, 13.0793], [78.4613, 13.0799], [78.4618, 13.0807], [78.4631, 13.0808], [78.4637, 13.0809], [78.4648, 13.081], [78.4662, 13.0811], [78.4677, 13.0811], [78.4691, 13.081], [78.4705, 13.0809], [78.4719, 13.0808], [78.4722, 13.0816], [78.4726, 13.0824], [78.4732, 13.0832], [78.474, 13.084], [78.4745, 13.0844], [78.4748, 13.0846], [78.4754, 13.0844], [78.4765, 13.0842], [78.4776, 13.084], [78.4787, 13.0839], [78.4797, 13.0838], [78.4807, 13.0837], [78.4819, 13.0835], [78.4818, 13.0857], [78.4816, 13.0876], [78.4813, 13.089], [78.4813, 13.09], [78.4814, 13.091], [78.4816, 13.0915], [78.4822, 13.0925], [78.4825, 13.0934], [78.4827, 13.0938], [78.4827, 13.0941], [78.4825, 13.0945], [78.4824, 13.0952], [78.4829, 13.0951], [78.4838, 13.0951], [78.4843, 13.095], [78.4846, 13.095], [78.4848, 13.0951], [78.4849, 13.0954], [78.485, 13.0959], [78.485, 13.0964], [78.4855, 13.0966], [78.486, 13.0967], [78.4866, 13.0968], [78.4871, 13.0969], [78.4875, 13.0971], [78.4877, 13.0975], [78.4876, 13.0978], [78.4876, 13.0983], [78.4882, 13.0984], [78.4887, 13.0984], [78.4891, 13.0982], [78.4896, 13.0978], [78.4901, 13.0973], [78.4902, 13.0966], [78.4907, 13.0968], [78.4911, 13.0968], [78.4917, 13.0965], [78.4928, 13.0962], [78.494, 13.096], [78.4949, 13.0959], [78.4957, 13.096], [78.4965, 13.0962], [78.4973, 13.0963], [78.4977, 13.0967], [78.4984, 13.0968], [78.4988, 13.0968], [78.4995, 13.096], [78.4994, 13.0975], [78.4995, 13.0996], [78.4995, 13.1057], [78.4995, 13.1084], [78.5026, 13.1065], [78.5031, 13.1061], [78.505, 13.1048], [78.5061, 13.1031], [78.5096, 13.1001], [78.512, 13.0987], [78.5145, 13.0971], [78.5161, 13.0966], [78.5161, 13.0965]]]}, "properties": {"OBJECTID": 230302, "gpcode": "219015", "gpname": "THIMMARAVUTHANAHALLI", "stname": "KARNATAKA", "dtname": "Kolar", "sdtname": "Mulbagal", "stcode11": "29", "dtcode11": "581", "sdtcode11": "05594", "blklgdcode": "5872", "blkname": "MULBAGAL", "dt_lgd": 542, "sdt_lgd": 5594, "st_lgd": 29, "vilcode11": 0, "vilname11": "", "pan_local": "MULBAGAL", "b_pan_code": 6203, "b_pan_name": "MULBAGAL", "d_pan_code": 497, "d_pan_name": "KOLAR", "gp_code": "219015", "gp_name": "THIMMARAVUTHANAHALLI", "st_2011": "29", "dt_2011": "581", "sdt_2011": "05594", "subdtname": "Mulbagal", "block_name": "MULBAGAL", "blk_lgdcod": "5872", "dtcode14": "581", "SHAPE_Length": 27158.853723315613, "SHAPE_Area": 24683783.609810345}}, {"type": "Feature", "geometry": {"type": "Polygon", "coordinates": [[[78.2772, 13.1004], [78.2796, 13.1002], [78.2808, 13.1002], [78.2815, 13.0994], [78.2819, 13.0982], [78.2831, 13.0957], [78.2833, 13.0952], [78.2839, 13.0938], [78.2846, 13.0921], [78.2831, 13.0921], [78.2815, 13.0924], [78.2802, 13.0925], [78.2793, 13.093], [78.2785, 13.0936], [78.2766, 13.0941], [78.2752, 13.0943], [78.2743, 13.0943], [78.2732, 13.0936], [78.2723, 13.093], [78.2713, 13.0928], [78.2703, 13.0932], [78.2686, 13.0933], [78.2671, 13.0935], [78.2669, 13.095], [78.2663, 13.0987], [78.2655, 13.101], [78.2673, 13.1007], [78.2693, 13.1007], [78.2703, 13.1007], [78.2732, 13.1006], [78.2752, 13.1005], [78.2772, 13.1004]]]}, "properties": {"OBJECTID": 230303, "gpcode": "219016", "gpname": "URUKUNTEMITTUR", "stname": "KARNATAKA", "dtname": "Kolar", "sdtname": "Mulbagal", "stcode11": "29", "dtcode11": "581", "sdtcode11": "05594", "blklgdcode": "5872", "blkname": "MULBAGAL", "dt_lgd": 542, "sdt_lgd": 5594, "st_lgd": 29, "vilcode11": 0, "vilname11": "", "pan_local": "MULBAGAL", "b_pan_code": 6203, "b_pan_name": "MULBAGAL", "d_pan_code": 497, "d_pan_name": "KOLAR", "gp_code": "219016", "gp_name": "URUKUNTEMITTUR", "st_2011": "29", "dt_2011": "581", "sdt_2011": "05594", "subdtname": "Mulbagal", "block_name": "MULBAGAL", "blk_lgdcod": "5872", "dtcode14": "581", "SHAPE_Length": 5667.501728209934, "SHAPE_Area": 1490397.0610820968}}, {"type": "Feature", "geometry": {"type": "Polygon", "coordinates": [[[78.328, 13.097], [78.3283, 13.0966], [78.3288, 13.0953], [78.3297, 13.0949], [78.3301, 13.0946], [78.3302, 13.0943], [78.3301, 13.0936], [78.3298, 13.0922], [78.3295, 13.0911], [78.329, 13.0895], [78.3285, 13.0881], [78.3304, 13.0883], [78.3318, 13.0885], [78.334, 13.0885], [78.3357, 13.0885], [78.3374, 13.0886], [78.3385, 13.0888], [78.3397, 13.089], [78.3412, 13.0898], [78.3432, 13.0908], [78.3452, 13.0916], [78.3475, 13.0925], [78.3489, 13.0932], [78.3493, 13.0927], [78.3499, 13.0918], [78.3507, 13.0902], [78.3519, 13.0885], [78.3528, 13.0871], [78.3537, 13.087], [78.3549, 13.0868], [78.3562, 13.0865], [78.358, 13.0861], [78.3596, 13.086], [78.3593, 13.0853], [78.359, 13.0847], [78.3584, 13.0836], [78.3583, 13.0829], [78.3584, 13.0824], [78.3587, 13.0817], [78.3577, 13.0798], [78.3568, 13.0786], [78.3554, 13.0771], [78.3536, 13.0759], [78.3551, 13.0758], [78.3561, 13.0756], [78.3577, 13.0749], [78.3569, 13.0726], [78.3555, 13.0691], [78.3546, 13.067], [78.3537, 13.0666], [78.3523, 13.0661], [78.3514, 13.0658], [78.3512, 13.0653], [78.3505, 13.0637], [78.3498, 13.0627], [78.3494, 13.0623], [78.3488, 13.0622], [78.3488, 13.0615], [78.3486, 13.0599], [78.3484, 13.0571], [78.3483, 13.056], [78.3478, 13.0561], [78.3466, 13.0566], [78.3457, 13.0569], [78.3454, 13.0568], [78.3449, 13.0564], [78.3442, 13.0554], [78.3435, 13.0545], [78.3432, 13.0543], [78.3426, 13.0544], [78.3412, 13.0549], [78.34, 13.0551], [78.3392, 13.0553], [78.3386, 13.0555], [78.3377, 13.0561], [78.3352, 13.0584], [78.3346, 13.0592], [78.3344, 13.0594], [78.334, 13.0596], [78.3329, 13.06], [78.3311, 13.0605], [78.3293, 13.0614], [78.3272, 13.0624], [78.3259, 13.0623], [78.3254, 13.0622], [78.3249, 13.0621], [78.324, 13.0617], [78.3233, 13.0611], [78.3227, 13.0604], [78.3225, 13.0605], [78.3215, 13.0609], [78.3198, 13.0614], [78.3182, 13.0618], [78.3165, 13.0623], [78.316, 13.0625], [78.3151, 13.0626], [78.3139, 13.0626], [78.312, 13.0624], [78.3102, 13.0625], [78.3084, 13.0626], [78.3075, 13.0649], [78.3062, 13.0634], [78.3057, 13.0633], [78.3035, 13.0635], [78.3018, 13.0635], [78.2998, 13.0637], [78.2986, 13.0638], [78.2971, 13.0639], [78.2962, 13.064], [78.2954, 13.0658], [78.295, 13.0665], [78.2944, 13.0681], [78.2933, 13.0705], [78.2928, 13.0715], [78.2927, 13.0722], [78.2928, 13.0742], [78.2928, 13.0751], [78.2925, 13.0757], [78.2921, 13.076], [78.2916, 13.0762], [78.2911, 13.0762], [78.2907, 13.0763], [78.2904, 13.0767], [78.2901, 13.0773], [78.29, 13.0789], [78.29, 13.0797], [78.29, 13.0805], [78.2899, 13.0811], [78.2896, 13.0816], [78.2893, 13.0821], [78.2889, 13.0824], [78.288, 13.0828], [78.2876, 13.0825], [78.2876, 13.0832], [78.2871, 13.0838], [78.2869, 13.0844], [78.2868, 13.0855], [78.2894, 13.0864], [78.2905, 13.0866], [78.2918, 13.0868], [78.2946, 13.0875], [78.297, 13.0878], [78.297, 13.0858], [78.2972, 13.0843], [78.2975, 13.0842], [78.2992, 13.0839], [78.3018, 13.0834], [78.302, 13.0833], [78.302, 13.0845], [78.3022, 13.0868], [78.3024, 13.0882], [78.302, 13.0891], [78.3021, 13.0902], [78.3024, 13.0911], [78.3025, 13.0919], [78.3022, 13.0927], [78.3021, 13.0931], [78.3042, 13.0952], [78.3053, 13.0963], [78.3053, 13.0969], [78.3053, 13.0975], [78.3068, 13.1], [78.3086, 13.0989], [78.31, 13.0982], [78.3124, 13.0974], [78.3143, 13.097], [78.3164, 13.0984], [78.3182, 13.0996], [78.3203, 13.1011], [78.3236, 13.0996], [78.3268, 13.0978], [78.328, 13.097]]]}, "properties": {"OBJECTID": 230304, "gpcode": "219016", "gpname": "URUKUNTEMITTUR", "stname": "KARNATAKA", "dtname": "Kolar", "sdtname": "Mulbagal", "stcode11": "29", "dtcode11": "581", "sdtcode11": "05594", "blklgdcode": "5872", "blkname": "MULBAGAL", "dt_lgd": 542, "sdt_lgd": 5594, "st_lgd": 29, "vilcode11": 0, "vilname11": "", "pan_local": "MULBAGAL", "b_pan_code": 6203, "b_pan_name": "MULBAGAL", "d_pan_code": 497, "d_pan_name": "KOLAR", "gp_code": "219016", "gp_name": "URUKUNTEMITTUR", "st_2011": "29", "dt_2011": "581", "sdt_2011": "05594", "subdtname": "Mulbagal", "block_name": "MULBAGAL", "blk_lgdcod": "5872", "dtcode14": "581", "SHAPE_Length": 26116.66891746166, "SHAPE_Area": 25738718.790276222}}, {"type": "Feature", "geometry": {"type": "Polygon", "coordinates": [[[78.288, 13.2203], [78.2903, 13.22], [78.2915, 13.22], [78.2934, 13.2202], [78.2943, 13.2202], [78.2953, 13.2203], [78.2977, 13.2205], [78.2985, 13.2207], [78.2986, 13.2194], [78.2988, 13.2185], [78.2991, 13.2179], [78.2996, 13.2175], [78.2998, 13.2167], [78.2999, 13.2156], [78.3, 13.2143], [78.3001, 13.214], [78.3007, 13.2137], [78.3011, 13.2137], [78.3011, 13.2123], [78.3012, 13.211], [78.3016, 13.2102], [78.3018, 13.2093], [78.3018, 13.2088], [78.3031, 13.2081], [78.3041, 13.2076], [78.3049, 13.2071], [78.306, 13.2068], [78.307, 13.2066], [78.3078, 13.2064], [78.3082, 13.2062], [78.3084, 13.2057], [78.3086, 13.2046], [78.3086, 13.2036], [78.3088, 13.2027], [78.309, 13.2019], [78.3094, 13.2013], [78.3099, 13.2008], [78.3101, 13.2002], [78.3107, 13.1998], [78.3113, 13.1997], [78.3119, 13.1993], [78.3122, 13.1989], [78.3125, 13.1985], [78.3128, 13.1977], [78.3129, 13.1971], [78.3138, 13.197], [78.3146, 13.197], [78.3153, 13.1969], [78.3164, 13.1968], [78.3182, 13.1966], [78.3198, 13.1963], [78.3211, 13.196], [78.3221, 13.1955], [78.3234, 13.195], [78.3241, 13.1948], [78.3247, 13.1946], [78.325, 13.1958], [78.3257, 13.1976], [78.3266, 13.1993], [78.3269, 13.2003], [78.3279, 13.1995], [78.3294, 13.199], [78.3302, 13.1985], [78.332, 13.1974], [78.3337, 13.1964], [78.3345, 13.1959], [78.336, 13.1953], [78.3374, 13.1945], [78.3384, 13.194], [78.3388, 13.1905], [78.3388, 13.1896], [78.3395, 13.1894], [78.3414, 13.1886], [78.3434, 13.188], [78.3442, 13.1878], [78.3447, 13.1881], [78.3449, 13.1884], [78.3453, 13.1887], [78.3457, 13.1887], [78.346, 13.1886], [78.3462, 13.1884], [78.3465, 13.1885], [78.3467, 13.1889], [78.3474, 13.19], [78.3478, 13.1906], [78.348, 13.1907], [78.3481, 13.1906], [78.3485, 13.19], [78.3497, 13.1882], [78.3507, 13.1866], [78.3515, 13.1855], [78.3525, 13.1842], [78.3534, 13.1834], [78.3536, 13.1826], [78.3536, 13.1816], [78.3534, 13.1804], [78.3531, 13.1788], [78.3527, 13.1771], [78.3519, 13.1756], [78.3513, 13.1749], [78.3504, 13.1735], [78.3496, 13.1724], [78.3488, 13.1715], [78.3472, 13.1717], [78.3455, 13.1719], [78.3441, 13.1722], [78.3429, 13.1726], [78.3416, 13.1728], [78.3405, 13.1729], [78.3398, 13.1729], [78.3394, 13.1728], [78.3389, 13.1725], [78.3383, 13.1719], [78.3376, 13.1711], [78.3371, 13.1702], [78.3366, 13.169], [78.3362, 13.168], [78.3358, 13.1674], [78.3355, 13.1671], [78.3352, 13.1668], [78.335, 13.1667], [78.3346, 13.1667], [78.3341, 13.1669], [78.3336, 13.1671], [78.3333, 13.1672], [78.3326, 13.1685], [78.3327, 13.1701], [78.3327, 13.1714], [78.3328, 13.1729], [78.3327, 13.1736], [78.3317, 13.1736], [78.3311, 13.1735], [78.3301, 13.1733], [78.3295, 13.1733], [78.329, 13.1733], [78.3287, 13.1735], [78.3284, 13.1741], [78.3275, 13.1755], [78.3266, 13.1768], [78.3261, 13.1773], [78.3255, 13.1776], [78.3249, 13.1777], [78.3243, 13.1779], [78.3238, 13.1781], [78.3231, 13.1785], [78.3223, 13.179], [78.3218, 13.1795], [78.3211, 13.1803], [78.3202, 13.1814], [78.3195, 13.1807], [78.3185, 13.18], [78.3179, 13.1793], [78.3173, 13.1782], [78.317, 13.1776], [78.3166, 13.1773], [78.316, 13.177], [78.3156, 13.177], [78.3152, 13.1773], [78.314, 13.1763], [78.3128, 13.1755], [78.3123, 13.175], [78.3115, 13.1757], [78.3107, 13.1764], [78.3108, 13.1774], [78.3109, 13.1782], [78.311, 13.1794], [78.3109, 13.1802], [78.3104, 13.1807], [78.3083, 13.1819], [78.3064, 13.1832], [78.3049, 13.1844], [78.3044, 13.1841], [78.3037, 13.1838], [78.3029, 13.1835], [78.3017, 13.1832], [78.3004, 13.1829], [78.2992, 13.1828], [78.2979, 13.1826], [78.2964, 13.1826], [78.2953, 13.1826], [78.2939, 13.1828], [78.2932, 13.184], [78.2927, 13.1848], [78.2922, 13.1854], [78.2915, 13.1856], [78.2895, 13.1857], [78.2877, 13.187], [78.2856, 13.1881], [78.2834, 13.1886], [78.2805, 13.1886], [78.28, 13.1885], [78.279, 13.1893], [78.2782, 13.1899], [78.2774, 13.1904], [78.2757, 13.1913], [78.2744, 13.192], [78.273, 13.1927], [78.2714, 13.1934], [78.2711, 13.1926], [78.2709, 13.192], [78.2708, 13.1906], [78.2706, 13.1894], [78.2703, 13.1884], [78.2695, 13.1872], [78.2686, 13.1865], [78.2677, 13.1858], [78.267, 13.1854], [78.2661, 13.1859], [78.2654, 13.1863], [78.2649, 13.1867], [78.2646, 13.1873], [78.2636, 13.1881], [78.2629, 13.1885], [78.2621, 13.189], [78.2618, 13.1895], [78.2614, 13.1902], [78.2609, 13.1903], [78.2599, 13.1899], [78.2561, 13.1897], [78.2547, 13.1895], [78.2537, 13.1899], [78.252, 13.1908], [78.2488, 13.1923], [78.248, 13.1931], [78.2471, 13.1939], [78.2459, 13.1964], [78.2452, 13.1976], [78.2441, 13.1997], [78.2435, 13.2007], [78.2429, 13.2018], [78.2421, 13.2041], [78.2466, 13.2038], [78.2488, 13.2036], [78.2495, 13.2053], [78.2501, 13.2061], [78.2506, 13.2067], [78.2512, 13.2075], [78.2518, 13.2094], [78.2527, 13.2127], [78.2565, 13.2116], [78.2614, 13.21], [78.265, 13.209], [78.2668, 13.2086], [78.2675, 13.2086], [78.2691, 13.2086], [78.2705, 13.2086], [78.2718, 13.2087], [78.2731, 13.2091], [78.2739, 13.2093], [78.275, 13.2094], [78.2762, 13.2094], [78.2776, 13.2092], [78.2782, 13.2092], [78.2788, 13.2093], [78.2799, 13.2095], [78.2808, 13.21], [78.2832, 13.2113], [78.2843, 13.2121], [78.2835, 13.2209], [78.2861, 13.2206], [78.288, 13.2203]]]}, "properties": {"OBJECTID": 230305, "gpcode": "219017", "gpname": "UTTANUR", "stname": "KARNATAKA", "dtname": "Kolar", "sdtname": "Mulbagal", "stcode11": "29", "dtcode11": "581", "sdtcode11": "05594", "blklgdcode": "5872", "blkname": "MULBAGAL", "dt_lgd": 542, "sdt_lgd": 5594, "st_lgd": 29, "vilcode11": 0, "vilname11": "", "pan_local": "MULBAGAL", "b_pan_code": 6203, "b_pan_name": "MULBAGAL", "d_pan_code": 497, "d_pan_name": "KOLAR", "gp_code": "219017", "gp_name": "UTTANUR", "st_2011": "29", "dt_2011": "581", "sdt_2011": "05594", "subdtname": "Mulbagal", "block_name": "MULBAGAL", "blk_lgdcod": "5872", "dtcode14": "581", "SHAPE_Length": 36189.619367894775, "SHAPE_Area": 30546299.84671136}}, {"type": "Feature", "geometry": {"type": "Polygon", "coordinates": [[[78.2131, 13.362], [78.2136, 13.362], [78.2142, 13.3622], [78.2146, 13.3624], [78.2152, 13.3625], [78.2154, 13.3626], [78.2158, 13.3625], [78.2164, 13.3623], [78.2169, 13.3622], [78.2177, 13.3622], [78.2184, 13.3622], [78.221, 13.3624], [78.2219, 13.362], [78.2228, 13.3615], [78.2235, 13.3612], [78.2243, 13.3612], [78.2241, 13.3605], [78.2238, 13.3596], [78.2233, 13.3583], [78.2229, 13.3575], [78.2227, 13.3566], [78.2224, 13.3556], [78.2222, 13.3545], [78.2219, 13.353], [78.2216, 13.3516], [78.2213, 13.3501], [78.2209, 13.3483], [78.2198, 13.3488], [78.2189, 13.3492], [78.218, 13.3496], [78.2181, 13.3508], [78.2182, 13.3522], [78.2182, 13.353], [78.2175, 13.3532], [78.2169, 13.3534], [78.216, 13.3537], [78.2156, 13.3538], [78.2151, 13.3539], [78.215, 13.3541], [78.2148, 13.3546], [78.2147, 13.3551], [78.2146, 13.3559], [78.2146, 13.3574], [78.2147, 13.3587], [78.2137, 13.3588], [78.2128, 13.3591], [78.2123, 13.3595], [78.2114, 13.3602], [78.2106, 13.361], [78.21, 13.3614], [78.2093, 13.362], [78.2088, 13.3625], [78.2083, 13.3628], [78.2087, 13.3627], [78.2095, 13.3626], [78.2108, 13.3624], [78.2124, 13.3621], [78.2131, 13.362]]]}, "properties": {"OBJECTID": 230356, "gpcode": "219045", "gpname": "ADDAGAL", "stname": "KARNATAKA", "dtname": "Kolar", "sdtname": "Srinivaspur", "stcode11": "29", "dtcode11": "581", "sdtcode11": "05590", "blklgdcode": "5874", "blkname": "SRINIVASPUR", "dt_lgd": 542, "sdt_lgd": 5590, "st_lgd": 29, "vilcode11": 0, "vilname11": "", "pan_local": "SRINIVASPUR", "b_pan_code": 6205, "b_pan_name": "SRINIVASPUR", "d_pan_code": 497, "d_pan_name": "KOLAR", "gp_code": "219045", "gp_name": "ADDAGAL", "st_2011": "29", "dt_2011": "581", "sdt_2011": "05590", "subdtname": "Srinivaspur", "block_name": "SRINIVASPUR", "blk_lgdcod": "5874", "dtcode14": "581", "SHAPE_Length": 5901.019002984605, "SHAPE_Area": 1289767.0760359368}}, {"type": "Feature", "geometry": {"type": "Polygon", "coordinates": [[[78.3013, 13.5387], [78.3016, 13.5383], [78.302, 13.5387], [78.302, 13.5392], [78.3025, 13.5394], [78.3029, 13.5392], [78.3026, 13.5385], [78.303, 13.5381], [78.3037, 13.5378], [78.3042, 13.5376], [78.3039, 13.5373], [78.3038, 13.5367], [78.3034, 13.5352], [78.303, 13.5343], [78.3031, 13.5331], [78.3027, 13.5313], [78.3026, 13.5297], [78.3026, 13.5276], [78.3027, 13.5262], [78.3027, 13.5258], [78.3028, 13.5246], [78.3025, 13.5245], [78.3021, 13.5243], [78.3014, 13.5244], [78.2994, 13.524], [78.2985, 13.5238], [78.297, 13.5231], [78.297, 13.523], [78.2976, 13.5216], [78.2991, 13.5204], [78.3022, 13.519], [78.3036, 13.5182], [78.305, 13.518], [78.3059, 13.5184], [78.307, 13.5195], [78.308, 13.518], [78.309, 13.5164], [78.3095, 13.5161], [78.3094, 13.5159], [78.309, 13.5153], [78.3094, 13.5148], [78.3096, 13.5136], [78.31, 13.5124], [78.3073, 13.5128], [78.3046, 13.5133], [78.3039, 13.5108], [78.3028, 13.5066], [78.3019, 13.5012], [78.3007, 13.4999], [78.2987, 13.4987], [78.2973, 13.4981], [78.2946, 13.4977], [78.2913, 13.4969], [78.2897, 13.4968], [78.2886, 13.4965], [78.2876, 13.4963], [78.285, 13.4954], [78.2832, 13.4956], [78.2826, 13.4955], [78.2826, 13.4942], [78.2812, 13.4938], [78.2793, 13.4931], [78.2774, 13.4937], [78.2761, 13.494], [78.2743, 13.4946], [78.2725, 13.4948], [78.2711, 13.495], [78.2698, 13.495], [78.2655, 13.495], [78.2596, 13.4951], [78.2584, 13.4926], [78.257, 13.4898], [78.2512, 13.4852], [78.25, 13.4842], [78.2488, 13.4835], [78.2484, 13.4832], [78.2474, 13.4825], [78.2464, 13.4819], [78.2454, 13.4811], [78.2456, 13.4843], [78.2457, 13.4855], [78.2458, 13.4875], [78.246, 13.4896], [78.2461, 13.4911], [78.2462, 13.4933], [78.2463, 13.4947], [78.2465, 13.497], [78.2466, 13.4989], [78.2467, 13.5006], [78.246, 13.5004], [78.2454, 13.5003], [78.2442, 13.5005], [78.2439, 13.5008], [78.2436, 13.5012], [78.2437, 13.502], [78.2437, 13.5028], [78.2439, 13.5034], [78.2439, 13.5037], [78.2437, 13.5039], [78.2426, 13.5035], [78.242, 13.5031], [78.2415, 13.503], [78.2396, 13.5042], [78.2389, 13.5044], [78.2382, 13.5049], [78.2378, 13.5053], [78.2374, 13.5058], [78.2373, 13.5064], [78.2368, 13.5074], [78.236, 13.5084], [78.2372, 13.5093], [78.239, 13.5106], [78.2394, 13.5126], [78.24, 13.5157], [78.2403, 13.5167], [78.2401, 13.5172], [78.2408, 13.5173], [78.2427, 13.5172], [78.2435, 13.5173], [78.2448, 13.5172], [78.2462, 13.5172], [78.2481, 13.517], [78.2488, 13.5169], [78.25, 13.517], [78.2513, 13.5186], [78.2533, 13.5204], [78.255, 13.522], [78.252, 13.5228], [78.2511, 13.5252], [78.2506, 13.5275], [78.2499, 13.5291], [78.2488, 13.5298], [78.2486, 13.5298], [78.2466, 13.5313], [78.2459, 13.5323], [78.2456, 13.5337], [78.2454, 13.5346], [78.2461, 13.5347], [78.2468, 13.5349], [78.2474, 13.5349], [78.2484, 13.5353], [78.2488, 13.5354], [78.2496, 13.5355], [78.251, 13.5359], [78.2523, 13.5358], [78.2538, 13.5356], [78.2558, 13.5353], [78.2573, 13.5351], [78.259, 13.5347], [78.2599, 13.5349], [78.2617, 13.5355], [78.2627, 13.5356], [78.2641, 13.5353], [78.2661, 13.5354], [78.2666, 13.5351], [78.2672, 13.5338], [78.2677, 13.5328], [78.2698, 13.5324], [78.2708, 13.5337], [78.2716, 13.5344], [78.2723, 13.5352], [78.2732, 13.5354], [78.2742, 13.536], [78.2743, 13.536], [78.2771, 13.5362], [78.2788, 13.539], [78.279, 13.5393], [78.2793, 13.5393], [78.2818, 13.5389], [78.2825, 13.5395], [78.283, 13.539], [78.2844, 13.5384], [78.285, 13.5378], [78.287, 13.5367], [78.2882, 13.5356], [78.2898, 13.5349], [78.2914, 13.5339], [78.2926, 13.534], [78.2929, 13.5362], [78.2939, 13.5367], [78.2949, 13.5364], [78.2969, 13.5359], [78.2983, 13.5356], [78.2994, 13.5354], [78.2998, 13.5354], [78.2997, 13.5362], [78.3002, 13.5366], [78.3004, 13.5379], [78.3006, 13.5383], [78.299, 13.5382], [78.2985, 13.5387], [78.2987, 13.539], [78.2989, 13.5401], [78.299, 13.5406], [78.2992, 13.5412], [78.2997, 13.5414], [78.3001, 13.5408], [78.3007, 13.5402], [78.301, 13.5393], [78.3013, 13.5387]]]}, "properties": {"OBJECTID": 230357, "gpcode": "219045", "gpname": "ADDAGAL", "stname": "KARNATAKA", "dtname": "Kolar", "sdtname": "Srinivaspur", "stcode11": "29", "dtcode11": "581", "sdtcode11": "05590", "blklgdcode": "5874", "blkname": "SRINIVASPUR", "dt_lgd": 542, "sdt_lgd": 5590, "st_lgd": 29, "vilcode11": 0, "vilname11": "", "pan_local": "SRINIVASPUR", "b_pan_code": 6205, "b_pan_name": "SRINIVASPUR", "d_pan_code": 497, "d_pan_name": "KOLAR", "gp_code": "219045", "gp_name": "ADDAGAL", "st_2011": "29", "dt_2011": "581", "sdt_2011": "05590", "subdtname": "Srinivaspur", "block_name": "SRINIVASPUR", "blk_lgdcod": "5874", "dtcode14": "581", "SHAPE_Length": 32180.920872337825, "SHAPE_Area": 31249727.510697205}}, {"type": "Feature", "geometry": {"type": "Polygon", "coordinates": [[[78.255, 13.5595], [78.2565, 13.5593], [78.2597, 13.5595], [78.262, 13.5601], [78.2658, 13.5603], [78.2685, 13.5602], [78.2681, 13.5584], [78.2675, 13.5578], [78.266, 13.5571], [78.2658, 13.5565], [78.2651, 13.5554], [78.2656, 13.554], [78.2681, 13.5538], [78.2687, 13.5535], [78.2687, 13.5534], [78.2699, 13.5529], [78.2699, 13.5528], [78.2689, 13.5525], [78.269, 13.5519], [78.2692, 13.5515], [78.27, 13.5516], [78.2701, 13.5511], [78.2694, 13.5495], [78.2694, 13.5485], [78.2694, 13.5473], [78.2689, 13.5465], [78.2686, 13.546], [78.2678, 13.546], [78.2672, 13.5466], [78.2651, 13.5472], [78.262, 13.5481], [78.2573, 13.5497], [78.2521, 13.5513], [78.2514, 13.5518], [78.2508, 13.5519], [78.2488, 13.5517], [78.2473, 13.5521], [78.2467, 13.5525], [78.2462, 13.5532], [78.2457, 13.5544], [78.2452, 13.555], [78.2457, 13.5555], [78.2469, 13.5602], [78.2485, 13.5604], [78.2488, 13.5605], [78.2504, 13.56], [78.253, 13.5595], [78.255, 13.5595]]]}, "properties": {"OBJECTID": 230358, "gpcode": "219045", "gpname": "ADDAGAL", "stname": "KARNATAKA", "dtname": "Kolar", "sdtname": "Srinivaspur", "stcode11": "29", "dtcode11": "581", "sdtcode11": "05590", "blklgdcode": "5874", "blkname": "SRINIVASPUR", "dt_lgd": 542, "sdt_lgd": 5590, "st_lgd": 29, "vilcode11": 0, "vilname11": "", "pan_local": "SRINIVASPUR", "b_pan_code": 6205, "b_pan_name": "SRINIVASPUR", "d_pan_code": 497, "d_pan_name": "KOLAR", "gp_code": "219045", "gp_name": "ADDAGAL", "st_2011": "29", "dt_2011": "581", "sdt_2011": "05590", "subdtname": "Srinivaspur", "block_name": "SRINIVASPUR", "blk_lgdcod": "5874", "dtcode14": "581", "SHAPE_Length": 8403.216124832192, "SHAPE_Area": 2881924.410168782}}, {"type": "Feature", "geometry": {"type": "Polygon", "coordinates": [[[78.2083, 13.3628], [78.2088, 13.3625], [78.2093, 13.362], [78.21, 13.3614], [78.2106, 13.361], [78.2114, 13.3602], [78.2123, 13.3595], [78.2128, 13.3591], [78.2137, 13.3588], [78.2147, 13.3587], [78.2146, 13.3574], [78.2146, 13.3559], [78.2147, 13.3551], [78.2148, 13.3546], [78.215, 13.3541], [78.2139, 13.3545], [78.2126, 13.355], [78.2113, 13.3555], [78.2104, 13.3559], [78.2093, 13.3564], [78.2083, 13.3569], [78.2081, 13.3572], [78.2083, 13.3582], [78.2082, 13.3583], [78.2079, 13.3588], [78.208, 13.36], [78.2082, 13.3615], [78.2083, 13.3628]]]}, "properties": {"OBJECTID": 230359, "gpcode": "219046", "gpname": "ARIKUNTE", "stname": "KARNATAKA", "dtname": "Kolar", "sdtname": "Srinivaspur", "stcode11": "29", "dtcode11": "581", "sdtcode11": "05590", "blklgdcode": "5874", "blkname": "SRINIVASPUR", "dt_lgd": 542, "sdt_lgd": 5590, "st_lgd": 29, "vilcode11": 0, "vilname11": "", "pan_local": "SRINIVASPUR", "b_pan_code": 6205, "b_pan_name": "SRINIVASPUR", "d_pan_code": 497, "d_pan_name": "KOLAR", "gp_code": "219046", "gp_name": "ARIKUNTE", "st_2011": "29", "dt_2011": "581", "sdt_2011": "05590", "subdtname": "Srinivaspur", "block_name": "SRINIVASPUR", "blk_lgdcod": "5874", "dtcode14": "581", "SHAPE_Length": 2939.7764283110105, "SHAPE_Area": 410494.61556719494}}, {"type": "Feature", "geometry": {"type": "Polygon", "coordinates": [[[78.2245, 13.4078], [78.2247, 13.4073], [78.2248, 13.4061], [78.2249, 13.4046], [78.2249, 13.4043], [78.225, 13.4034], [78.2251, 13.4028], [78.2253, 13.4021], [78.2254, 13.4011], [78.2254, 13.4002], [78.2255, 13.3993], [78.2256, 13.3976], [78.2265, 13.3973], [78.2277, 13.3969], [78.2286, 13.3966], [78.2299, 13.3963], [78.231, 13.3961], [78.2308, 13.3953], [78.2305, 13.3944], [78.2302, 13.3933], [78.2299, 13.3924], [78.2296, 13.3914], [78.2293, 13.3903], [78.2305, 13.3898], [78.2312, 13.3895], [78.2316, 13.389], [78.2322, 13.3885], [78.2326, 13.3872], [78.233, 13.386], [78.2335, 13.3853], [78.2341, 13.3843], [78.2342, 13.3831], [78.2343, 13.3816], [78.2341, 13.3798], [78.234, 13.379], [78.2343, 13.3787], [78.2348, 13.378], [78.2341, 13.3775], [78.2335, 13.3769], [78.233, 13.3761], [78.2326, 13.3752], [78.2321, 13.374], [78.2318, 13.3731], [78.2315, 13.3718], [78.2311, 13.3709], [78.231, 13.3701], [78.2314, 13.3696], [78.2323, 13.3686], [78.2334, 13.3674], [78.2341, 13.3666], [78.2343, 13.3663], [78.2362, 13.3657], [78.2388, 13.3648], [78.2383, 13.3641], [78.2377, 13.3632], [78.2371, 13.3623], [78.2381, 13.3615], [78.2385, 13.361], [78.2389, 13.3608], [78.2397, 13.3602], [78.2401, 13.3597], [78.2398, 13.3594], [78.2388, 13.36], [78.238, 13.3606], [78.2378, 13.3603], [78.2375, 13.3599], [78.238, 13.3594], [78.2386, 13.359], [78.2392, 13.3587], [78.239, 13.3584], [78.2382, 13.3588], [78.2375, 13.3592], [78.2369, 13.3594], [78.2361, 13.3585], [78.2353, 13.3576], [78.2348, 13.3571], [78.2342, 13.3564], [78.233, 13.355], [78.2314, 13.3533], [78.2294, 13.3511], [78.229, 13.3515], [78.2285, 13.352], [78.2276, 13.3529], [78.2269, 13.3537], [78.2261, 13.3545], [78.2255, 13.3552], [78.2247, 13.356], [78.2241, 13.3567], [78.2234, 13.3573], [78.2229, 13.3575], [78.2233, 13.3583], [78.2238, 13.3596], [78.2241, 13.3605], [78.2243, 13.3612], [78.2235, 13.3612], [78.2228, 13.3615], [78.2219, 13.362], [78.221, 13.3624], [78.2184, 13.3622], [78.2177, 13.3622], [78.2169, 13.3622], [78.2164, 13.3623], [78.2158, 13.3625], [78.2154, 13.3626], [78.2152, 13.3625], [78.2146, 13.3624], [78.2142, 13.3622], [78.2136, 13.362], [78.2131, 13.362], [78.2124, 13.3621], [78.2108, 13.3624], [78.2095, 13.3626], [78.2087, 13.3627], [78.2083, 13.3628], [78.2068, 13.3632], [78.2053, 13.3636], [78.2029, 13.3642], [78.2015, 13.3646], [78.2002, 13.3649], [78.1994, 13.3651], [78.1993, 13.3643], [78.1991, 13.3632], [78.1987, 13.3623], [78.1984, 13.3614], [78.1979, 13.3603], [78.1978, 13.3598], [78.196, 13.3594], [78.1947, 13.3591], [78.1933, 13.3588], [78.1917, 13.3585], [78.1874, 13.3584], [78.1863, 13.3584], [78.1858, 13.3587], [78.1852, 13.3592], [78.1845, 13.3598], [78.1832, 13.361], [78.1826, 13.3614], [78.1823, 13.3616], [78.1821, 13.3622], [78.1818, 13.3634], [78.1813, 13.3655], [78.1807, 13.368], [78.181, 13.3685], [78.1812, 13.3692], [78.1815, 13.3699], [78.1818, 13.3705], [78.1811, 13.3708], [78.1799, 13.3712], [78.1788, 13.3716], [78.1782, 13.3718], [78.1771, 13.3722], [78.1755, 13.3728], [78.1744, 13.3732], [78.1737, 13.3732], [78.1732, 13.3732], [78.1719, 13.3737], [78.1714, 13.3738], [78.1711, 13.3744], [78.1708, 13.375], [78.1707, 13.3759], [78.1708, 13.3767], [78.171, 13.3776], [78.1713, 13.3792], [78.1717, 13.3803], [78.1721, 13.3811], [78.1727, 13.3822], [78.1736, 13.3841], [78.1738, 13.385], [78.174, 13.3875], [78.1742, 13.3884], [78.1745, 13.3898], [78.1747, 13.3911], [78.175, 13.3919], [78.1753, 13.393], [78.1753, 13.3933], [78.174, 13.3932], [78.1688, 13.3934], [78.1676, 13.3934], [78.1665, 13.3927], [78.1658, 13.3923], [78.1654, 13.3922], [78.1645, 13.3922], [78.1633, 13.3923], [78.1617, 13.3923], [78.1602, 13.3924], [78.1594, 13.3939], [78.159, 13.3951], [78.1587, 13.3967], [78.1584, 13.3975], [78.1566, 13.3987], [78.1556, 13.3996], [78.1537, 13.4009], [78.1517, 13.4023], [78.1521, 13.4054], [78.1523, 13.4076], [78.1527, 13.4096], [78.1533, 13.4101], [78.1544, 13.411], [78.1559, 13.4122], [78.1568, 13.4131], [78.1583, 13.4144], [78.1594, 13.4149], [78.1608, 13.4153], [78.1633, 13.4154], [78.1648, 13.415], [78.1665, 13.4143], [78.1684, 13.4134], [78.1689, 13.4136], [78.1708, 13.413], [78.1735, 13.4128], [78.1755, 13.4127], [78.176, 13.4125], [78.1768, 13.4103], [78.178, 13.4075], [78.1789, 13.4053], [78.1791, 13.4048], [78.1792, 13.4046], [78.1788, 13.4037], [78.1782, 13.4026], [78.1782, 13.4023], [78.1781, 13.4022], [78.1782, 13.4019], [78.1795, 13.4012], [78.1815, 13.4001], [78.1819, 13.4009], [78.1825, 13.4016], [78.1833, 13.4027], [78.1839, 13.4035], [78.1846, 13.4045], [78.1849, 13.4047], [78.1862, 13.4047], [78.1871, 13.4049], [78.1882, 13.4053], [78.1891, 13.4057], [78.19, 13.4061], [78.1909, 13.4065], [78.1915, 13.4067], [78.1921, 13.407], [78.1925, 13.4072], [78.1934, 13.4075], [78.1946, 13.408], [78.1952, 13.4087], [78.196, 13.4083], [78.1968, 13.4077], [78.1975, 13.4072], [78.1987, 13.4062], [78.1997, 13.4055], [78.2004, 13.4048], [78.2015, 13.404], [78.2023, 13.4035], [78.2032, 13.4028], [78.2027, 13.4009], [78.2021, 13.3986], [78.2018, 13.3978], [78.2023, 13.3968], [78.2026, 13.3962], [78.2028, 13.3957], [78.2035, 13.395], [78.2039, 13.3947], [78.2045, 13.3947], [78.2056, 13.395], [78.2063, 13.3953], [78.2064, 13.3957], [78.2065, 13.3963], [78.2066, 13.3965], [78.2074, 13.3964], [78.2076, 13.3964], [78.2078, 13.3965], [78.2081, 13.397], [78.2085, 13.3979], [78.2091, 13.399], [78.2095, 13.3996], [78.21, 13.4005], [78.2103, 13.4009], [78.2108, 13.4008], [78.2111, 13.402], [78.2114, 13.4033], [78.2116, 13.4046], [78.2108, 13.4051], [78.2098, 13.4058], [78.2094, 13.4062], [78.2097, 13.4066], [78.2105, 13.4075], [78.2111, 13.4083], [78.2119, 13.4092], [78.2126, 13.4101], [78.2132, 13.4109], [78.2137, 13.4113], [78.2168, 13.4109], [78.2183, 13.4106], [78.2205, 13.4099], [78.221, 13.4097], [78.2212, 13.4091], [78.2215, 13.4082], [78.2224, 13.408], [78.2239, 13.4078], [78.2245, 13.4078]]]}, "properties": {"OBJECTID": 230360, "gpcode": "219046", "gpname": "ARIKUNTE", "stname": "KARNATAKA", "dtname": "Kolar", "sdtname": "Srinivaspur", "stcode11": "29", "dtcode11": "581", "sdtcode11": "05590", "blklgdcode": "5874", "blkname": "SRINIVASPUR", "dt_lgd": 542, "sdt_lgd": 5590, "st_lgd": 29, "vilcode11": 0, "vilname11": "", "pan_local": "SRINIVASPUR", "b_pan_code": 6205, "b_pan_name": "SRINIVASPUR", "d_pan_code": 497, "d_pan_name": "KOLAR", "gp_code": "219046", "gp_name": "ARIKUNTE", "st_2011": "29", "dt_2011": "581", "sdt_2011": "05590", "subdtname": "Srinivaspur", "block_name": "SRINIVASPUR", "blk_lgdcod": "5874", "dtcode14": "581", "SHAPE_Length": 37614.25912328626, "SHAPE_Area": 37911546.27102362}}, {"type": "Feature", "geometry": {"type": "Polygon", "coordinates": [[[78.2245, 13.4078], [78.224, 13.4088], [78.2232, 13.4098], [78.2227, 13.4101], [78.2218, 13.4102], [78.221, 13.4103], [78.2211, 13.4112], [78.2205, 13.4113], [78.2206, 13.4117], [78.2204, 13.4124], [78.2202, 13.4131], [78.2196, 13.4143], [78.2189, 13.4156], [78.2187, 13.4163], [78.2184, 13.4171], [78.2182, 13.4174], [78.2172, 13.4176], [78.216, 13.4179], [78.2153, 13.4181], [78.2156, 13.4188], [78.216, 13.4196], [78.2164, 13.4196], [78.2178, 13.4195], [78.2192, 13.4194], [78.222, 13.4193], [78.2244, 13.4191], [78.2261, 13.4192], [78.2262, 13.4178], [78.2263, 13.4167], [78.2266, 13.4161], [78.2266, 13.4157], [78.2262, 13.4146], [78.2258, 13.4135], [78.2257, 13.4124], [78.226, 13.4097], [78.2262, 13.4091], [78.2256, 13.4092], [78.2249, 13.4085], [78.2245, 13.4078]]]}, "properties": {"OBJECTID": 230361, "gpcode": "219046", "gpname": "ARIKUNTE", "stname": "KARNATAKA", "dtname": "Kolar", "sdtname": "Srinivaspur", "stcode11": "29", "dtcode11": "581", "sdtcode11": "05590", "blklgdcode": "5874", "blkname": "SRINIVASPUR", "dt_lgd": 542, "sdt_lgd": 5590, "st_lgd": 29, "vilcode11": 0, "vilname11": "", "pan_local": "SRINIVASPUR", "b_pan_code": 6205, "b_pan_name": "SRINIVASPUR", "d_pan_code": 497, "d_pan_name": "KOLAR", "gp_code": "219046", "gp_name": "ARIKUNTE", "st_2011": "29", "dt_2011": "581", "sdt_2011": "05590", "subdtname": "Srinivaspur", "block_name": "SRINIVASPUR", "blk_lgdcod": "5874", "dtcode14": "581", "SHAPE_Length": 4548.361441336232, "SHAPE_Area": 876697.3830291101}}, {"type": "Feature", "geometry": {"type": "Polygon", "coordinates": [[[78.2397, 13.5974], [78.2421, 13.5957], [78.2428, 13.5957], [78.2437, 13.5968], [78.2461, 13.5942], [78.2471, 13.593], [78.2493, 13.5909], [78.2499, 13.5905], [78.25, 13.5905], [78.2502, 13.5904], [78.2504, 13.5902], [78.2513, 13.5897], [78.2515, 13.5896], [78.2517, 13.5894], [78.2526, 13.589], [78.2528, 13.5888], [78.253, 13.5887], [78.254, 13.5882], [78.2542, 13.5881], [78.2544, 13.5879], [78.2552, 13.5874], [78.2554, 13.5873], [78.2556, 13.5872], [78.2565, 13.5867], [78.2567, 13.5865], [78.2569, 13.5864], [78.2578, 13.5858], [78.258, 13.5857], [78.2581, 13.5856], [78.2586, 13.5851], [78.2586, 13.583], [78.2593, 13.5835], [78.2593, 13.5836], [78.2598, 13.5839], [78.261, 13.585], [78.2648, 13.5865], [78.2679, 13.5869], [78.2679, 13.587], [78.2684, 13.5856], [78.2676, 13.5854], [78.2669, 13.5848], [78.2675, 13.5843], [78.2675, 13.5831], [78.2679, 13.5831], [78.2688, 13.5826], [78.2691, 13.5819], [78.2688, 13.5811], [78.2683, 13.5804], [78.2681, 13.5799], [78.2674, 13.5796], [78.2664, 13.5804], [78.2654, 13.5804], [78.2648, 13.5802], [78.2634, 13.5784], [78.2624, 13.5775], [78.2612, 13.5781], [78.2602, 13.5788], [78.2586, 13.5794], [78.2579, 13.5791], [78.2577, 13.5767], [78.2569, 13.5749], [78.2545, 13.5742], [78.2542, 13.5722], [78.2539, 13.5712], [78.254, 13.5698], [78.2536, 13.5665], [78.2535, 13.5648], [78.2526, 13.5644], [78.2488, 13.5638], [78.2484, 13.5638], [78.2485, 13.5604], [78.2469, 13.5602], [78.2457, 13.5555], [78.2452, 13.555], [78.2457, 13.5544], [78.2462, 13.5532], [78.2467, 13.5525], [78.2464, 13.5503], [78.2462, 13.5467], [78.2461, 13.5436], [78.2458, 13.54], [78.2457, 13.5389], [78.2454, 13.5346], [78.2438, 13.5346], [78.2422, 13.5348], [78.2407, 13.5348], [78.2394, 13.5348], [78.2382, 13.5346], [78.2362, 13.5345], [78.2346, 13.5348], [78.2338, 13.5351], [78.2322, 13.5358], [78.2314, 13.5365], [78.2305, 13.5371], [78.2299, 13.5373], [78.2296, 13.5375], [78.2292, 13.5379], [78.2291, 13.538], [78.2284, 13.5376], [78.2265, 13.538], [78.225, 13.5382], [78.2239, 13.5383], [78.223, 13.5382], [78.2223, 13.5381], [78.2216, 13.5378], [78.2213, 13.538], [78.2201, 13.5387], [78.2189, 13.5394], [78.2181, 13.5401], [78.2171, 13.541], [78.2167, 13.5414], [78.2155, 13.5426], [78.2151, 13.5431], [78.2144, 13.5439], [78.2139, 13.5445], [78.2133, 13.5445], [78.2116, 13.5447], [78.2101, 13.5442], [78.2075, 13.5432], [78.2056, 13.5428], [78.2038, 13.5423], [78.2011, 13.5413], [78.1998, 13.5431], [78.1985, 13.5447], [78.1979, 13.5449], [78.1961, 13.5458], [78.1949, 13.5464], [78.1945, 13.5466], [78.1942, 13.547], [78.1941, 13.5474], [78.1938, 13.5485], [78.1939, 13.5492], [78.1945, 13.5505], [78.1947, 13.5511], [78.1953, 13.5522], [78.1966, 13.5539], [78.1975, 13.5552], [78.1981, 13.5573], [78.1988, 13.5586], [78.1999, 13.5609], [78.2011, 13.5632], [78.2013, 13.5639], [78.2001, 13.5645], [78.199, 13.565], [78.1977, 13.5654], [78.1964, 13.566], [78.1962, 13.5663], [78.1972, 13.567], [78.1985, 13.5673], [78.2011, 13.5681], [78.2029, 13.5688], [78.2037, 13.57], [78.2055, 13.5734], [78.2078, 13.577], [78.2106, 13.5787], [78.2129, 13.5813], [78.2141, 13.5832], [78.2153, 13.5861], [78.2162, 13.5904], [78.2162, 13.5906], [78.2165, 13.5907], [78.2176, 13.591], [78.2189, 13.592], [78.2192, 13.5925], [78.2198, 13.5926], [78.2213, 13.5913], [78.2219, 13.5901], [78.2221, 13.5896], [78.2249, 13.5882], [78.2262, 13.5874], [78.2282, 13.5865], [78.2303, 13.5862], [78.2326, 13.586], [78.2327, 13.5869], [78.233, 13.5879], [78.2343, 13.5899], [78.2351, 13.5911], [78.235, 13.5918], [78.235, 13.5932], [78.2348, 13.5945], [78.2351, 13.5949], [78.2353, 13.5955], [78.2349, 13.5964], [78.2344, 13.5971], [78.2363, 13.5986], [78.2377, 13.5986], [78.2397, 13.5974]]]}, "properties": {"OBJECTID": 230362, "gpcode": "219047", "gpname": "BYRAGANAHALLI", "stname": "KARNATAKA", "dtname": "Kolar", "sdtname": "Srinivaspur", "stcode11": "29", "dtcode11": "581", "sdtcode11": "05590", "blklgdcode": "5874", "blkname": "SRINIVASPUR", "dt_lgd": 542, "sdt_lgd": 5590, "st_lgd": 29, "vilcode11": 0, "vilname11": "", "pan_local": "SRINIVASPUR", "b_pan_code": 6205, "b_pan_name": "SRINIVASPUR", "d_pan_code": 497, "d_pan_name": "KOLAR", "gp_code": "219047", "gp_name": "BYRAGANAHALLI", "st_2011": "29", "dt_2011": "581", "sdt_2011": "05590", "subdtname": "Srinivaspur", "block_name": "SRINIVASPUR", "blk_lgdcod": "5874", "dtcode14": "581", "SHAPE_Length": 29955.735078579695, "SHAPE_Area": 32887265.294849046}}, {"type": "Feature", "geometry": {"type": "Polygon", "coordinates": [[[78.1741, 13.3375], [78.1744, 13.3366], [78.1748, 13.3354], [78.1752, 13.3355], [78.176, 13.3361], [78.177, 13.3367], [78.1777, 13.3369], [78.1793, 13.337], [78.1812, 13.3371], [78.1827, 13.3372], [78.1834, 13.3373], [78.1845, 13.3374], [78.1856, 13.3375], [78.1866, 13.3375], [78.1876, 13.3374], [78.1877, 13.3364], [78.1878, 13.3345], [78.1879, 13.3331], [78.188, 13.3327], [78.1889, 13.3322], [78.1905, 13.3326], [78.1922, 13.333], [78.1939, 13.3333], [78.1947, 13.3334], [78.196, 13.3332], [78.197, 13.3331], [78.1987, 13.333], [78.1996, 13.3331], [78.1997, 13.3335], [78.2003, 13.3334], [78.2012, 13.3333], [78.2018, 13.3344], [78.2021, 13.3352], [78.2025, 13.3361], [78.2028, 13.3367], [78.2035, 13.3364], [78.2038, 13.3364], [78.2042, 13.3366], [78.205, 13.3363], [78.2053, 13.3367], [78.2058, 13.3366], [78.2065, 13.3355], [78.2069, 13.3347], [78.2065, 13.3338], [78.2065, 13.3333], [78.2067, 13.3327], [78.207, 13.3321], [78.2071, 13.3312], [78.2068, 13.3304], [78.2064, 13.3298], [78.2059, 13.3293], [78.2055, 13.329], [78.2052, 13.3285], [78.2053, 13.3278], [78.2054, 13.3271], [78.2055, 13.3265], [78.2056, 13.3257], [78.2061, 13.3253], [78.2066, 13.3254], [78.2068, 13.3262], [78.2073, 13.3271], [78.2079, 13.3279], [78.2086, 13.3282], [78.2095, 13.3282], [78.2107, 13.3281], [78.2117, 13.3278], [78.2122, 13.3279], [78.2127, 13.3273], [78.2131, 13.3273], [78.2133, 13.3276], [78.2134, 13.3278], [78.2146, 13.3275], [78.2155, 13.3271], [78.2164, 13.3267], [78.217, 13.3264], [78.2167, 13.3254], [78.2169, 13.3249], [78.2176, 13.3247], [78.2181, 13.3243], [78.2182, 13.3241], [78.2181, 13.3236], [78.2181, 13.3231], [78.218, 13.3225], [78.2178, 13.3217], [78.2178, 13.3213], [78.2181, 13.3207], [78.2184, 13.32], [78.2187, 13.3193], [78.219, 13.3199], [78.2195, 13.3211], [78.2199, 13.3217], [78.2199, 13.3219], [78.2212, 13.3219], [78.2225, 13.3218], [78.2233, 13.3217], [78.2235, 13.3228], [78.2246, 13.3226], [78.2263, 13.3223], [78.2273, 13.322], [78.2281, 13.3218], [78.2295, 13.3213], [78.2305, 13.3208], [78.2312, 13.3205], [78.232, 13.3203], [78.2338, 13.3204], [78.2346, 13.3205], [78.2355, 13.3205], [78.2378, 13.3202], [78.2394, 13.3199], [78.2411, 13.3196], [78.244, 13.3191], [78.2459, 13.3189], [78.2488, 13.3185], [78.2508, 13.319], [78.2528, 13.3189], [78.2545, 13.3179], [78.257, 13.3159], [78.254, 13.3139], [78.2518, 13.3122], [78.25, 13.3109], [78.2488, 13.3093], [78.2486, 13.3092], [78.2484, 13.309], [78.2483, 13.3085], [78.2477, 13.3073], [78.2472, 13.3062], [78.2467, 13.3052], [78.2452, 13.3024], [78.2443, 13.3008], [78.2437, 13.2992], [78.2429, 13.2973], [78.2421, 13.2959], [78.2393, 13.2968], [78.2382, 13.2974], [78.2377, 13.2971], [78.2372, 13.296], [78.2366, 13.2961], [78.2358, 13.2967], [78.2354, 13.2961], [78.2349, 13.2954], [78.2338, 13.294], [78.2326, 13.2923], [78.2315, 13.2906], [78.2306, 13.2888], [78.2301, 13.2877], [78.2285, 13.2856], [78.2272, 13.2841], [78.2266, 13.2828], [78.226, 13.2817], [78.2255, 13.2813], [78.225, 13.2811], [78.2247, 13.2806], [78.2227, 13.2821], [78.2215, 13.2831], [78.2202, 13.284], [78.219, 13.285], [78.2181, 13.2858], [78.2168, 13.2868], [78.216, 13.2874], [78.216, 13.288], [78.2161, 13.2889], [78.216, 13.2902], [78.216, 13.2911], [78.216, 13.2915], [78.2159, 13.2916], [78.2155, 13.2916], [78.2144, 13.2916], [78.2129, 13.2917], [78.2118, 13.2917], [78.2118, 13.2922], [78.212, 13.2933], [78.2122, 13.2945], [78.2123, 13.2957], [78.2126, 13.2972], [78.2124, 13.2978], [78.2117, 13.2992], [78.2115, 13.2997], [78.211, 13.3003], [78.2103, 13.301], [78.2097, 13.3015], [78.2087, 13.3025], [78.2079, 13.3033], [78.2071, 13.3042], [78.2068, 13.3045], [78.2059, 13.3046], [78.2051, 13.3046], [78.2043, 13.3046], [78.2035, 13.3045], [78.2032, 13.3044], [78.2029, 13.304], [78.2025, 13.3036], [78.2015, 13.3029], [78.2006, 13.3023], [78.1999, 13.302], [78.1997, 13.3016], [78.1996, 13.3011], [78.1992, 13.2999], [78.1987, 13.299], [78.1984, 13.2984], [78.1989, 13.2982], [78.2003, 13.2978], [78.2001, 13.296], [78.1998, 13.2945], [78.1997, 13.294], [78.1994, 13.2938], [78.1991, 13.2935], [78.1985, 13.293], [78.1977, 13.2924], [78.1966, 13.2917], [78.1958, 13.2912], [78.1946, 13.2904], [78.1941, 13.2903], [78.1937, 13.2902], [78.1925, 13.29], [78.1925, 13.2907], [78.1923, 13.2913], [78.1922, 13.2916], [78.1923, 13.2923], [78.1925, 13.293], [78.1924, 13.2938], [78.1922, 13.2943], [78.1921, 13.2949], [78.1919, 13.2956], [78.1915, 13.2959], [78.1909, 13.296], [78.1902, 13.2959], [78.1896, 13.2961], [78.1893, 13.2963], [78.1888, 13.2966], [78.1882, 13.297], [78.1877, 13.2973], [78.1873, 13.2976], [78.1868, 13.2979], [78.1863, 13.2982], [78.1858, 13.2987], [78.1854, 13.2992], [78.1848, 13.2996], [78.1845, 13.3], [78.1844, 13.2998], [78.1844, 13.2995], [78.1837, 13.2992], [78.1836, 13.2989], [78.1841, 13.2987], [78.1841, 13.2979], [78.1842, 13.2969], [78.1843, 13.2964], [78.185, 13.2963], [78.1844, 13.2956], [78.1843, 13.2951], [78.1838, 13.2946], [78.1836, 13.294], [78.1834, 13.2936], [78.1831, 13.2932], [78.1828, 13.2929], [78.1826, 13.2921], [78.1826, 13.2911], [78.1826, 13.2903], [78.1813, 13.2904], [78.1802, 13.2905], [78.1789, 13.2906], [78.1777, 13.2907], [78.1748, 13.2909], [78.1735, 13.291], [78.1721, 13.2911], [78.1709, 13.2913], [78.1698, 13.2916], [78.1688, 13.2918], [78.1675, 13.2921], [78.1661, 13.2926], [78.1651, 13.2929], [78.1641, 13.2932], [78.1631, 13.2934], [78.1627, 13.2936], [78.1633, 13.2948], [78.1638, 13.2958], [78.1641, 13.2964], [78.1645, 13.2972], [78.1648, 13.2978], [78.1651, 13.2984], [78.1653, 13.2993], [78.1656, 13.3006], [78.1659, 13.3015], [78.1661, 13.3025], [78.1662, 13.3032], [78.1666, 13.3035], [78.1669, 13.3044], [78.167, 13.3052], [78.1672, 13.3057], [78.1674, 13.3061], [78.1675, 13.3064], [78.1681, 13.3072], [78.1685, 13.3073], [78.1691, 13.3074], [78.1696, 13.3075], [78.1696, 13.3076], [78.1697, 13.3083], [78.1698, 13.3087], [78.17, 13.3094], [78.1701, 13.31], [78.1703, 13.3101], [78.1708, 13.3101], [78.1714, 13.3101], [78.1715, 13.3103], [78.1716, 13.3109], [78.1722, 13.311], [78.1725, 13.311], [78.1725, 13.3118], [78.1725, 13.3123], [78.1718, 13.3126], [78.1721, 13.3129], [78.1726, 13.3129], [78.173, 13.3136], [78.1731, 13.3139], [78.1729, 13.3142], [78.173, 13.3144], [78.1732, 13.315], [78.1729, 13.3155], [78.1729, 13.3162], [78.1729, 13.3171], [78.1729, 13.3177], [78.1729, 13.3181], [78.1729, 13.3191], [78.1727, 13.3196], [78.1722, 13.3197], [78.1722, 13.3187], [78.1711, 13.3184], [78.1713, 13.3188], [78.1717, 13.3189], [78.1717, 13.3193], [78.1717, 13.3199], [78.1717, 13.3204], [78.1722, 13.3205], [78.1725, 13.3205], [78.1722, 13.3209], [78.1723, 13.3222], [78.1724, 13.3233], [78.1725, 13.3239], [78.1726, 13.325], [78.1727, 13.326], [78.1728, 13.3269], [78.1715, 13.3274], [78.1707, 13.3277], [78.1698, 13.3277], [78.1692, 13.3278], [78.1686, 13.3281], [78.1683, 13.3282], [78.1684, 13.3283], [78.1684, 13.3286], [78.1682, 13.3287], [78.1676, 13.3287], [78.167, 13.3287], [78.1661, 13.3287], [78.1656, 13.3289], [78.1652, 13.3289], [78.1638, 13.329], [78.1628, 13.329], [78.1625, 13.3291], [78.1622, 13.3294], [78.1617, 13.3296], [78.1611, 13.331], [78.1607, 13.3319], [78.1604, 13.3327], [78.1602, 13.3332], [78.1599, 13.3339], [78.1596, 13.3345], [78.1594, 13.3348], [78.1592, 13.3355], [78.1603, 13.336], [78.1616, 13.3364], [78.1626, 13.3368], [78.1638, 13.3372], [78.1643, 13.3373], [78.1656, 13.3373], [78.1667, 13.3371], [78.1683, 13.337], [78.169, 13.3373], [78.17, 13.3374], [78.1702, 13.3376], [78.1706, 13.3377], [78.1715, 13.338], [78.172, 13.3384], [78.1726, 13.3386], [78.1737, 13.3386], [78.1739, 13.338], [78.1741, 13.3375]]]}, "properties": {"OBJECTID": 230363, "gpcode": "219048", "gpname": "CHALDIGANAHALLI", "stname": "KARNATAKA", "dtname": "Kolar", "sdtname": "Srinivaspur", "stcode11": "29", "dtcode11": "581", "sdtcode11": "05590", "blklgdcode": "5874", "blkname": "SRINIVASPUR", "dt_lgd": 542, "sdt_lgd": 5590, "st_lgd": 29, "vilcode11": 0, "vilname11": "", "pan_local": "SRINIVASPUR", "b_pan_code": 6205, "b_pan_name": "SRINIVASPUR", "d_pan_code": 497, "d_pan_name": "KOLAR", "gp_code": "219048", "gp_name": "CHALDIGANAHALLI", "st_2011": "29", "dt_2011": "581", "sdt_2011": "05590", "subdtname": "Srinivaspur", "block_name": "SRINIVASPUR", "blk_lgdcod": "5874", "dtcode14": "581", "SHAPE_Length": 40226.93924689024, "SHAPE_Area": 36467745.74418526}}, {"type": "Feature", "geometry": {"type": "Polygon", "coordinates": [[[78.216, 13.2902], [78.2161, 13.2889], [78.216, 13.288], [78.216, 13.2874], [78.2168, 13.2868], [78.2181, 13.2858], [78.219, 13.285], [78.2202, 13.284], [78.2215, 13.2831], [78.2227, 13.2821], [78.2247, 13.2806], [78.2252, 13.2803], [78.2256, 13.28], [78.2261, 13.2797], [78.2268, 13.2792], [78.2274, 13.2787], [78.2275, 13.2782], [78.2275, 13.2775], [78.2276, 13.2769], [78.2274, 13.2763], [78.2268, 13.2762], [78.2261, 13.2762], [78.2255, 13.2763], [78.2247, 13.2762], [78.2238, 13.2761], [78.2227, 13.276], [78.2212, 13.2758], [78.2199, 13.2757], [78.2162, 13.2751], [78.2147, 13.2748], [78.2133, 13.2746], [78.2108, 13.2745], [78.2091, 13.2744], [78.208, 13.2746], [78.2073, 13.2744], [78.2066, 13.2742], [78.2061, 13.2739], [78.2056, 13.2735], [78.2043, 13.2722], [78.2032, 13.2708], [78.2025, 13.2694], [78.2017, 13.2675], [78.2011, 13.2657], [78.2002, 13.2638], [78.1996, 13.2629], [78.1987, 13.2626], [78.1982, 13.2626], [78.1979, 13.2626], [78.1973, 13.2626], [78.1964, 13.2627], [78.1961, 13.2628], [78.1944, 13.2641], [78.1931, 13.2652], [78.1911, 13.2669], [78.1908, 13.2667], [78.1904, 13.2655], [78.1901, 13.2628], [78.1897, 13.2603], [78.1897, 13.2589], [78.1896, 13.2569], [78.1886, 13.2567], [78.1879, 13.2567], [78.1872, 13.2567], [78.1864, 13.2562], [78.1859, 13.2558], [78.1858, 13.2555], [78.1854, 13.2555], [78.1846, 13.2551], [78.1842, 13.255], [78.1837, 13.2547], [78.1836, 13.2537], [78.1835, 13.2528], [78.1835, 13.2512], [78.1834, 13.2484], [78.1834, 13.2456], [78.1838, 13.2441], [78.1833, 13.243], [78.1822, 13.2439], [78.1809, 13.2443], [78.1785, 13.2446], [78.1741, 13.2448], [78.173, 13.2448], [78.1688, 13.2451], [78.1654, 13.245], [78.161, 13.2453], [78.1611, 13.247], [78.1615, 13.2485], [78.162, 13.2512], [78.1622, 13.2543], [78.1623, 13.2558], [78.1624, 13.2567], [78.1629, 13.2579], [78.1643, 13.2604], [78.165, 13.2615], [78.1654, 13.2624], [78.1655, 13.2631], [78.1657, 13.2636], [78.1658, 13.2646], [78.1653, 13.2651], [78.1649, 13.2655], [78.1646, 13.2664], [78.1642, 13.2669], [78.1637, 13.2672], [78.1633, 13.2676], [78.1629, 13.2682], [78.1629, 13.2688], [78.1631, 13.2697], [78.1633, 13.2705], [78.1628, 13.2707], [78.1623, 13.2707], [78.1619, 13.2708], [78.161, 13.2715], [78.1604, 13.2718], [78.1596, 13.2724], [78.1587, 13.2729], [78.1579, 13.2736], [78.1574, 13.274], [78.1566, 13.2745], [78.1561, 13.2749], [78.1557, 13.2752], [78.1555, 13.2756], [78.1554, 13.2762], [78.1553, 13.2765], [78.1541, 13.2772], [78.1529, 13.2778], [78.1521, 13.2783], [78.1517, 13.2785], [78.1512, 13.2785], [78.15, 13.2788], [78.149, 13.2792], [78.1477, 13.2795], [78.1478, 13.28], [78.1479, 13.2805], [78.1481, 13.2813], [78.1483, 13.2817], [78.148, 13.2819], [78.1475, 13.2822], [78.1476, 13.2827], [78.1473, 13.2829], [78.1468, 13.2831], [78.1461, 13.2834], [78.1461, 13.2835], [78.1463, 13.2843], [78.1464, 13.2854], [78.1466, 13.2866], [78.1468, 13.2869], [78.1478, 13.2871], [78.1481, 13.2874], [78.1484, 13.2877], [78.1488, 13.2878], [78.1493, 13.2879], [78.1496, 13.2881], [78.1498, 13.2885], [78.15, 13.2895], [78.1502, 13.2902], [78.1504, 13.2912], [78.1508, 13.2925], [78.1524, 13.2923], [78.1536, 13.292], [78.1552, 13.2918], [78.1569, 13.2914], [78.1591, 13.2911], [78.1619, 13.2906], [78.1625, 13.2894], [78.1626, 13.289], [78.163, 13.2883], [78.1632, 13.2881], [78.1632, 13.2885], [78.1632, 13.2894], [78.163, 13.2905], [78.1629, 13.2919], [78.1628, 13.293], [78.1627, 13.2936], [78.1631, 13.2934], [78.1641, 13.2932], [78.1651, 13.2929], [78.1661, 13.2926], [78.1675, 13.2921], [78.1688, 13.2918], [78.1698, 13.2916], [78.1709, 13.2913], [78.1721, 13.2911], [78.1735, 13.291], [78.1748, 13.2909], [78.1777, 13.2907], [78.1789, 13.2906], [78.1802, 13.2905], [78.1813, 13.2904], [78.1826, 13.2903], [78.1826, 13.2911], [78.1826, 13.2921], [78.1828, 13.2929], [78.1831, 13.2932], [78.1834, 13.2936], [78.1836, 13.294], [78.1838, 13.2946], [78.1843, 13.2951], [78.1844, 13.2956], [78.185, 13.2963], [78.1843, 13.2964], [78.1842, 13.2969], [78.1841, 13.2979], [78.1841, 13.2987], [78.1836, 13.2989], [78.1837, 13.2992], [78.1844, 13.2995], [78.1844, 13.2998], [78.1845, 13.3], [78.1848, 13.2996], [78.1854, 13.2992], [78.1858, 13.2987], [78.1863, 13.2982], [78.1868, 13.2979], [78.1873, 13.2976], [78.1877, 13.2973], [78.1882, 13.297], [78.1888, 13.2966], [78.1893, 13.2963], [78.1896, 13.2961], [78.1902, 13.2959], [78.1909, 13.296], [78.1915, 13.2959], [78.1919, 13.2956], [78.1921, 13.2949], [78.1922, 13.2943], [78.1924, 13.2938], [78.1925, 13.293], [78.1923, 13.2923], [78.1922, 13.2916], [78.1923, 13.2913], [78.1925, 13.2907], [78.1925, 13.29], [78.1937, 13.2902], [78.1941, 13.2903], [78.1946, 13.2904], [78.1958, 13.2912], [78.1966, 13.2917], [78.1977, 13.2924], [78.1985, 13.293], [78.1991, 13.2935], [78.1994, 13.2938], [78.1997, 13.294], [78.1998, 13.2945], [78.2001, 13.296], [78.2003, 13.2978], [78.1989, 13.2982], [78.1984, 13.2984], [78.1987, 13.299], [78.1992, 13.2999], [78.1996, 13.3011], [78.1997, 13.3016], [78.1999, 13.302], [78.2006, 13.3023], [78.2015, 13.3029], [78.2025, 13.3036], [78.2029, 13.304], [78.2032, 13.3044], [78.2035, 13.3045], [78.2043, 13.3046], [78.2051, 13.3046], [78.2059, 13.3046], [78.2068, 13.3045], [78.2071, 13.3042], [78.2079, 13.3033], [78.2087, 13.3025], [78.2097, 13.3015], [78.2103, 13.301], [78.211, 13.3003], [78.2115, 13.2997], [78.2117, 13.2992], [78.2124, 13.2978], [78.2126, 13.2972], [78.2123, 13.2957], [78.2122, 13.2945], [78.212, 13.2933], [78.2118, 13.2922], [78.2118, 13.2917], [78.2129, 13.2917], [78.2144, 13.2916], [78.2155, 13.2916], [78.2159, 13.2916], [78.216, 13.2915], [78.216, 13.2911], [78.216, 13.2902]]]}, "properties": {"OBJECTID": 230364, "gpcode": "219049", "gpname": "DALASANUR", "stname": "KARNATAKA", "dtname": "Kolar", "sdtname": "Srinivaspur", "stcode11": "29", "dtcode11": "581", "sdtcode11": "05590", "blklgdcode": "5874", "blkname": "SRINIVASPUR", "dt_lgd": 542, "sdt_lgd": 5590, "st_lgd": 29, "vilcode11": 0, "vilname11": "", "pan_local": "SRINIVASPUR", "b_pan_code": 6205, "b_pan_name": "SRINIVASPUR", "d_pan_code": 497, "d_pan_name": "KOLAR", "gp_code": "219049", "gp_name": "DALASANUR", "st_2011": "29", "dt_2011": "581", "sdt_2011": "05590", "subdtname": "Srinivaspur", "block_name": "SRINIVASPUR", "blk_lgdcod": "5874", "dtcode14": "581", "SHAPE_Length": 32860.113368470316, "SHAPE_Area": 28953744.55324051}}, {"type": "Feature", "geometry": {"type": "Polygon", "coordinates": [[[78.2213, 13.538], [78.2216, 13.5378], [78.2223, 13.5381], [78.223, 13.5382], [78.2239, 13.5383], [78.225, 13.5382], [78.2265, 13.538], [78.2284, 13.5376], [78.2291, 13.538], [78.2292, 13.5379], [78.2296, 13.5375], [78.2299, 13.5373], [78.2305, 13.5371], [78.2314, 13.5365], [78.2322, 13.5358], [78.2338, 13.5351], [78.2346, 13.5348], [78.2362, 13.5345], [78.2382, 13.5346], [78.2394, 13.5348], [78.2407, 13.5348], [78.2422, 13.5348], [78.2438, 13.5346], [78.2454, 13.5346], [78.2456, 13.5337], [78.2459, 13.5323], [78.2466, 13.5313], [78.2457, 13.5313], [78.2439, 13.5309], [78.2421, 13.5307], [78.2412, 13.5301], [78.2398, 13.5295], [78.2382, 13.5287], [78.237, 13.5281], [78.2372, 13.5278], [78.2376, 13.5266], [78.2377, 13.5261], [78.2382, 13.5254], [78.239, 13.5245], [78.2381, 13.5232], [78.2386, 13.5231], [78.2392, 13.523], [78.2394, 13.5226], [78.2392, 13.5222], [78.2388, 13.5216], [78.2386, 13.521], [78.2385, 13.5205], [78.2387, 13.52], [78.2388, 13.5195], [78.2389, 13.5189], [78.2389, 13.5186], [78.2391, 13.5189], [78.2394, 13.5188], [78.2399, 13.5184], [78.24, 13.518], [78.2401, 13.5172], [78.2403, 13.5167], [78.24, 13.5157], [78.2394, 13.5126], [78.239, 13.5106], [78.2372, 13.5093], [78.236, 13.5084], [78.2355, 13.5081], [78.2353, 13.5079], [78.2355, 13.5075], [78.235, 13.5073], [78.2347, 13.5066], [78.2342, 13.5066], [78.2338, 13.5062], [78.2337, 13.505], [78.2328, 13.5056], [78.2325, 13.5054], [78.2325, 13.5048], [78.233, 13.5042], [78.2333, 13.5034], [78.2329, 13.5031], [78.2327, 13.5035], [78.2324, 13.504], [78.232, 13.5042], [78.2316, 13.5042], [78.2313, 13.5039], [78.231, 13.504], [78.2305, 13.5049], [78.2301, 13.5046], [78.2305, 13.5041], [78.2306, 13.5037], [78.2303, 13.5031], [78.2299, 13.5029], [78.2295, 13.5029], [78.2293, 13.5034], [78.2287, 13.5032], [78.2277, 13.5027], [78.2268, 13.5023], [78.2264, 13.5021], [78.2252, 13.5027], [78.224, 13.5031], [78.2231, 13.5034], [78.2224, 13.5035], [78.2213, 13.504], [78.2204, 13.5048], [78.2197, 13.5051], [78.2196, 13.5055], [78.22, 13.5068], [78.2205, 13.5084], [78.2204, 13.5107], [78.22, 13.5128], [78.2198, 13.5135], [78.2191, 13.5155], [78.2192, 13.516], [78.2195, 13.5164], [78.2198, 13.517], [78.2197, 13.5176], [78.2191, 13.5184], [78.2184, 13.5198], [78.2181, 13.5201], [78.2162, 13.5194], [78.2126, 13.5181], [78.2105, 13.5172], [78.2105, 13.5142], [78.2074, 13.5167], [78.2069, 13.5169], [78.2048, 13.5162], [78.204, 13.5159], [78.203, 13.5152], [78.2019, 13.5146], [78.2009, 13.514], [78.1982, 13.5126], [78.1967, 13.5122], [78.1957, 13.5124], [78.1945, 13.5122], [78.1934, 13.512], [78.1924, 13.512], [78.1898, 13.5127], [78.1878, 13.5136], [78.188, 13.514], [78.1888, 13.5157], [78.1904, 13.5206], [78.1904, 13.5207], [78.1914, 13.5204], [78.1922, 13.5201], [78.1929, 13.52], [78.1937, 13.52], [78.1951, 13.5202], [78.1964, 13.5204], [78.1976, 13.5206], [78.1991, 13.5209], [78.1999, 13.5215], [78.2011, 13.5222], [78.2022, 13.5229], [78.2028, 13.5233], [78.203, 13.5245], [78.2034, 13.5265], [78.2037, 13.5278], [78.2035, 13.5283], [78.2029, 13.5296], [78.2024, 13.5307], [78.2017, 13.5325], [78.2014, 13.5332], [78.2012, 13.535], [78.2012, 13.537], [78.2011, 13.5382], [78.2012, 13.5391], [78.2012, 13.541], [78.2011, 13.5413], [78.2038, 13.5423], [78.2056, 13.5428], [78.2075, 13.5432], [78.2101, 13.5442], [78.2116, 13.5447], [78.2133, 13.5445], [78.2139, 13.5445], [78.2144, 13.5439], [78.2151, 13.5431], [78.2155, 13.5426], [78.2167, 13.5414], [78.2171, 13.541], [78.2181, 13.5401], [78.2189, 13.5394], [78.2201, 13.5387], [78.2213, 13.538]]]}, "properties": {"OBJECTID": 230365, "gpcode": "219050", "gpname": "GOWNIPALLI", "stname": "KARNATAKA", "dtname": "Kolar", "sdtname": "Srinivaspur", "stcode11": "29", "dtcode11": "581", "sdtcode11": "05590", "blklgdcode": "5874", "blkname": "SRINIVASPUR", "dt_lgd": 542, "sdt_lgd": 5590, "st_lgd": 29, "vilcode11": 0, "vilname11": "", "pan_local": "SRINIVASPUR", "b_pan_code": 6205, "b_pan_name": "SRINIVASPUR", "d_pan_code": 497, "d_pan_name": "KOLAR", "gp_code": "219050", "gp_name": "GOWNIPALLI", "st_2011": "29", "dt_2011": "581", "sdt_2011": "05590", "subdtname": "Srinivaspur", "block_name": "SRINIVASPUR", "blk_lgdcod": "5874", "dtcode14": "581", "SHAPE_Length": 23170.9686645932, "SHAPE_Area": 15202377.398974188}}, {"type": "Feature", "geometry": {"type": "Polygon", "coordinates": [[[78.3066, 13.3855], [78.307, 13.3835], [78.3073, 13.3823], [78.3059, 13.3813], [78.3048, 13.3799], [78.3037, 13.3784], [78.3147, 13.3772], [78.3122, 13.3632], [78.3116, 13.3604], [78.3112, 13.3588], [78.3124, 13.3581], [78.3136, 13.3576], [78.3139, 13.3563], [78.3118, 13.3569], [78.3093, 13.3568], [78.3066, 13.3562], [78.3042, 13.3558], [78.3019, 13.3564], [78.2996, 13.3573], [78.2978, 13.3581], [78.2973, 13.3588], [78.2961, 13.3571], [78.2949, 13.355], [78.2939, 13.3523], [78.2938, 13.3504], [78.2938, 13.3495], [78.2932, 13.3481], [78.294, 13.3457], [78.2943, 13.3453], [78.2927, 13.3448], [78.2918, 13.3451], [78.2912, 13.3453], [78.2913, 13.3433], [78.2915, 13.342], [78.2901, 13.3417], [78.2894, 13.3421], [78.2888, 13.3419], [78.2854, 13.3389], [78.2843, 13.3387], [78.2696, 13.3377], [78.2689, 13.3342], [78.2677, 13.3306], [78.2669, 13.3265], [78.2656, 13.3294], [78.2644, 13.3325], [78.2628, 13.3325], [78.26, 13.3325], [78.2566, 13.3326], [78.2536, 13.3328], [78.2529, 13.3333], [78.2506, 13.336], [78.2488, 13.3384], [78.2471, 13.3385], [78.2445, 13.3382], [78.2414, 13.3381], [78.2407, 13.3382], [78.2399, 13.3385], [78.2388, 13.339], [78.2372, 13.3394], [78.2356, 13.3397], [78.2333, 13.3402], [78.2316, 13.3405], [78.2304, 13.3408], [78.2296, 13.3412], [78.2283, 13.3418], [78.2276, 13.3423], [78.2267, 13.3427], [78.2268, 13.3431], [78.2271, 13.3442], [78.2275, 13.3457], [78.2281, 13.3475], [78.2285, 13.3488], [78.229, 13.35], [78.2294, 13.3511], [78.2314, 13.3533], [78.233, 13.355], [78.2342, 13.3564], [78.2348, 13.3571], [78.2353, 13.3576], [78.2361, 13.3585], [78.2369, 13.3594], [78.2375, 13.3592], [78.2382, 13.3588], [78.239, 13.3584], [78.2392, 13.3587], [78.2386, 13.359], [78.238, 13.3594], [78.2375, 13.3599], [78.2378, 13.3603], [78.238, 13.3606], [78.2388, 13.36], [78.2398, 13.3594], [78.2401, 13.3597], [78.2397, 13.3602], [78.2389, 13.3608], [78.2385, 13.361], [78.2381, 13.3615], [78.2371, 13.3623], [78.2377, 13.3632], [78.2383, 13.3641], [78.2388, 13.3648], [78.2362, 13.3657], [78.2343, 13.3663], [78.2341, 13.3666], [78.2334, 13.3674], [78.2323, 13.3686], [78.2314, 13.3696], [78.231, 13.3701], [78.2311, 13.3709], [78.2315, 13.3718], [78.2318, 13.3731], [78.2321, 13.374], [78.2326, 13.3752], [78.233, 13.3761], [78.2335, 13.3769], [78.2341, 13.3775], [78.2348, 13.378], [78.2354, 13.3773], [78.2363, 13.3766], [78.2368, 13.3761], [78.2378, 13.376], [78.2396, 13.3761], [78.241, 13.3762], [78.2418, 13.3772], [78.2427, 13.378], [78.2432, 13.3781], [78.244, 13.3779], [78.2449, 13.3779], [78.246, 13.3782], [78.2471, 13.3785], [78.2475, 13.3785], [78.2481, 13.3787], [78.2488, 13.3788], [78.2491, 13.3793], [78.2502, 13.3778], [78.2516, 13.3764], [78.2528, 13.3767], [78.255, 13.3767], [78.255, 13.3779], [78.2551, 13.3806], [78.255, 13.3842], [78.2565, 13.3844], [78.2597, 13.3845], [78.2598, 13.3872], [78.2603, 13.3871], [78.2627, 13.3865], [78.266, 13.386], [78.2708, 13.3855], [78.2741, 13.3853], [78.2753, 13.3846], [78.2769, 13.3833], [78.2778, 13.3843], [78.2789, 13.386], [78.2798, 13.3867], [78.2789, 13.3804], [78.2864, 13.3787], [78.2864, 13.3802], [78.2865, 13.3839], [78.2865, 13.3844], [78.2865, 13.3853], [78.2867, 13.3857], [78.2875, 13.3853], [78.2882, 13.3853], [78.2889, 13.3861], [78.2901, 13.3882], [78.2913, 13.3895], [78.2941, 13.3897], [78.3005, 13.3898], [78.3036, 13.39], [78.3064, 13.3903], [78.3063, 13.3891], [78.3057, 13.3881], [78.3061, 13.3869], [78.3066, 13.3855]]]}, "properties": {"OBJECTID": 230366, "gpcode": "219051", "gpname": "HODALI", "stname": "KARNATAKA", "dtname": "Kolar", "sdtname": "Srinivaspur", "stcode11": "29", "dtcode11": "581", "sdtcode11": "05590", "blklgdcode": "5874", "blkname": "SRINIVASPUR", "dt_lgd": 542, "sdt_lgd": 5590, "st_lgd": 29, "vilcode11": 0, "vilname11": "", "pan_local": "SRINIVASPUR", "b_pan_code": 6205, "b_pan_name": "SRINIVASPUR", "d_pan_code": 497, "d_pan_name": "KOLAR", "gp_code": "219051", "gp_name": "HODALI", "st_2011": "29", "dt_2011": "581", "sdt_2011": "05590", "subdtname": "Srinivaspur", "block_name": "SRINIVASPUR", "blk_lgdcod": "5874", "dtcode14": "581", "SHAPE_Length": 36823.80255068575, "SHAPE_Area": 42214406.38934399}}, {"type": "Feature", "geometry": {"type": "Polygon", "coordinates": [[[78.1527, 13.4096], [78.1523, 13.4076], [78.1521, 13.4054], [78.1517, 13.4023], [78.1537, 13.4009], [78.1556, 13.3996], [78.1566, 13.3987], [78.1584, 13.3975], [78.1587, 13.3967], [78.159, 13.3951], [78.1594, 13.3939], [78.1602, 13.3924], [78.1617, 13.3923], [78.1633, 13.3923], [78.1645, 13.3922], [78.1654, 13.3922], [78.1658, 13.3923], [78.1665, 13.3927], [78.1676, 13.3934], [78.1688, 13.3934], [78.174, 13.3932], [78.1753, 13.3933], [78.1753, 13.393], [78.175, 13.3919], [78.1747, 13.3911], [78.1745, 13.3898], [78.1742, 13.3884], [78.174, 13.3875], [78.1738, 13.385], [78.1736, 13.3841], [78.1727, 13.3822], [78.1721, 13.3811], [78.1717, 13.3803], [78.1713, 13.3792], [78.171, 13.3776], [78.1708, 13.3767], [78.1707, 13.3759], [78.1708, 13.375], [78.1711, 13.3744], [78.1714, 13.3738], [78.1719, 13.3737], [78.1732, 13.3732], [78.1737, 13.3732], [78.1744, 13.3732], [78.1755, 13.3728], [78.1771, 13.3722], [78.1782, 13.3718], [78.1788, 13.3716], [78.1799, 13.3712], [78.1811, 13.3708], [78.1818, 13.3705], [78.1815, 13.3699], [78.1812, 13.3692], [78.181, 13.3685], [78.1807, 13.368], [78.1813, 13.3655], [78.1818, 13.3634], [78.1821, 13.3622], [78.1823, 13.3616], [78.1826, 13.3614], [78.1832, 13.361], [78.1845, 13.3598], [78.1852, 13.3592], [78.1858, 13.3587], [78.1863, 13.3584], [78.1874, 13.3584], [78.1917, 13.3585], [78.1933, 13.3588], [78.1947, 13.3591], [78.196, 13.3594], [78.1978, 13.3598], [78.1979, 13.3603], [78.1984, 13.3614], [78.1987, 13.3623], [78.1991, 13.3632], [78.1993, 13.3643], [78.1994, 13.3651], [78.2002, 13.3649], [78.2015, 13.3646], [78.2029, 13.3642], [78.2053, 13.3636], [78.2068, 13.3632], [78.2083, 13.3628], [78.2082, 13.3615], [78.208, 13.36], [78.2079, 13.3588], [78.2082, 13.3583], [78.2083, 13.3582], [78.2081, 13.3572], [78.2083, 13.3569], [78.2093, 13.3564], [78.2104, 13.3559], [78.2113, 13.3555], [78.2126, 13.355], [78.2139, 13.3545], [78.215, 13.3541], [78.2151, 13.3539], [78.2156, 13.3538], [78.216, 13.3537], [78.2169, 13.3534], [78.2175, 13.3532], [78.2182, 13.353], [78.2182, 13.3522], [78.2181, 13.3508], [78.218, 13.3496], [78.2189, 13.3492], [78.2198, 13.3488], [78.2209, 13.3483], [78.2213, 13.3501], [78.2216, 13.3516], [78.2219, 13.353], [78.2222, 13.3545], [78.2224, 13.3556], [78.2227, 13.3566], [78.2229, 13.3575], [78.2234, 13.3573], [78.2241, 13.3567], [78.2247, 13.356], [78.2255, 13.3552], [78.2261, 13.3545], [78.2269, 13.3537], [78.2276, 13.3529], [78.2285, 13.352], [78.229, 13.3515], [78.2294, 13.3511], [78.229, 13.35], [78.2285, 13.3488], [78.2281, 13.3475], [78.2275, 13.3457], [78.2271, 13.3442], [78.2268, 13.3431], [78.2267, 13.3427], [78.2276, 13.3423], [78.2283, 13.3418], [78.2296, 13.3412], [78.2304, 13.3408], [78.2316, 13.3405], [78.2333, 13.3402], [78.2356, 13.3397], [78.2372, 13.3394], [78.2388, 13.339], [78.2399, 13.3385], [78.2407, 13.3382], [78.2414, 13.3381], [78.2445, 13.3382], [78.2471, 13.3385], [78.2488, 13.3384], [78.2506, 13.336], [78.2529, 13.3333], [78.2536, 13.3328], [78.2566, 13.3326], [78.26, 13.3325], [78.2628, 13.3325], [78.2644, 13.3325], [78.2656, 13.3294], [78.2669, 13.3265], [78.2684, 13.3232], [78.2691, 13.3211], [78.2699, 13.3201], [78.2672, 13.3184], [78.2649, 13.3165], [78.2612, 13.3146], [78.2584, 13.313], [78.2566, 13.3135], [78.254, 13.3139], [78.257, 13.3159], [78.2545, 13.3179], [78.2528, 13.3189], [78.2508, 13.319], [78.2488, 13.3185], [78.2459, 13.3189], [78.244, 13.3191], [78.2411, 13.3196], [78.2394, 13.3199], [78.2378, 13.3202], [78.2355, 13.3205], [78.2346, 13.3205], [78.2338, 13.3204], [78.232, 13.3203], [78.2312, 13.3205], [78.2305, 13.3208], [78.2295, 13.3213], [78.2281, 13.3218], [78.2273, 13.322], [78.2263, 13.3223], [78.2246, 13.3226], [78.2235, 13.3228], [78.2233, 13.3217], [78.2225, 13.3218], [78.2212, 13.3219], [78.2199, 13.3219], [78.2199, 13.3217], [78.2195, 13.3211], [78.219, 13.3199], [78.2187, 13.3193], [78.2184, 13.32], [78.2181, 13.3207], [78.2178, 13.3213], [78.2178, 13.3217], [78.218, 13.3225], [78.2181, 13.3231], [78.2181, 13.3236], [78.2182, 13.3241], [78.2181, 13.3243], [78.2176, 13.3247], [78.2169, 13.3249], [78.2167, 13.3254], [78.217, 13.3264], [78.2164, 13.3267], [78.2155, 13.3271], [78.2146, 13.3275], [78.2134, 13.3278], [78.2133, 13.3276], [78.2131, 13.3273], [78.2127, 13.3273], [78.2122, 13.3279], [78.2127, 13.3294], [78.2128, 13.3301], [78.2133, 13.3326], [78.2141, 13.3326], [78.2154, 13.3325], [78.2166, 13.3328], [78.2168, 13.3341], [78.217, 13.3359], [78.217, 13.3375], [78.2171, 13.3393], [78.2162, 13.3402], [78.2162, 13.3407], [78.2167, 13.342], [78.2169, 13.3437], [78.2171, 13.3446], [78.2175, 13.3466], [78.2178, 13.3485], [78.2166, 13.349], [78.2138, 13.3501], [78.2122, 13.3506], [78.212, 13.3499], [78.2128, 13.349], [78.2124, 13.3488], [78.2116, 13.3484], [78.2109, 13.3476], [78.2111, 13.3461], [78.2112, 13.3445], [78.2106, 13.343], [78.2102, 13.3422], [78.2099, 13.3416], [78.2094, 13.3403], [78.2089, 13.3401], [78.2084, 13.34], [78.2075, 13.3402], [78.2065, 13.3401], [78.2061, 13.3396], [78.206, 13.3391], [78.206, 13.3383], [78.2058, 13.338], [78.2057, 13.3377], [78.2061, 13.3372], [78.2053, 13.3367], [78.205, 13.3363], [78.2042, 13.3366], [78.2038, 13.3364], [78.2035, 13.3364], [78.2028, 13.3367], [78.2025, 13.3361], [78.2021, 13.3352], [78.2018, 13.3344], [78.2012, 13.3333], [78.2003, 13.3334], [78.1997, 13.3335], [78.1996, 13.3331], [78.1987, 13.333], [78.197, 13.3331], [78.196, 13.3332], [78.1947, 13.3334], [78.1939, 13.3333], [78.1922, 13.333], [78.1905, 13.3326], [78.1889, 13.3322], [78.188, 13.3327], [78.1879, 13.3331], [78.1878, 13.3345], [78.1877, 13.3364], [78.1876, 13.3374], [78.1866, 13.3375], [78.1856, 13.3375], [78.1845, 13.3374], [78.1834, 13.3373], [78.1827, 13.3372], [78.1812, 13.3371], [78.1793, 13.337], [78.1777, 13.3369], [78.177, 13.3367], [78.176, 13.3361], [78.1752, 13.3355], [78.1748, 13.3354], [78.1744, 13.3366], [78.1741, 13.3375], [78.1739, 13.338], [78.1737, 13.3386], [78.1726, 13.3386], [78.172, 13.3384], [78.1715, 13.338], [78.1706, 13.3377], [78.1702, 13.3376], [78.17, 13.3374], [78.169, 13.3373], [78.1683, 13.337], [78.1667, 13.3371], [78.1656, 13.3373], [78.1643, 13.3373], [78.1638, 13.3372], [78.1626, 13.3368], [78.1616, 13.3364], [78.1603, 13.336], [78.1592, 13.3355], [78.1583, 13.3374], [78.1577, 13.3384], [78.1571, 13.3398], [78.1563, 13.3411], [78.1578, 13.3417], [78.1594, 13.3425], [78.1608, 13.3432], [78.1624, 13.3439], [78.1645, 13.3449], [78.166, 13.3456], [78.1675, 13.3463], [78.1686, 13.3464], [78.1694, 13.3463], [78.1698, 13.3464], [78.1696, 13.3475], [78.1693, 13.3485], [78.1691, 13.3493], [78.1688, 13.3495], [78.1687, 13.35], [78.1687, 13.3507], [78.1688, 13.3513], [78.169, 13.3517], [78.1692, 13.3521], [78.1694, 13.3524], [78.1698, 13.3533], [78.1699, 13.3538], [78.1692, 13.3537], [78.1685, 13.3536], [78.1682, 13.3538], [78.1682, 13.3548], [78.1681, 13.3553], [78.1668, 13.3552], [78.1667, 13.3546], [78.166, 13.3545], [78.1651, 13.3544], [78.164, 13.3541], [78.1629, 13.3539], [78.1612, 13.3539], [78.1603, 13.3539], [78.1589, 13.3537], [78.158, 13.3536], [78.1572, 13.3536], [78.1545, 13.3545], [78.1533, 13.3549], [78.1518, 13.3553], [78.1502, 13.3558], [78.1501, 13.3566], [78.1501, 13.3579], [78.1498, 13.3592], [78.1494, 13.3605], [78.1494, 13.361], [78.1485, 13.3612], [78.1472, 13.3613], [78.1459, 13.3613], [78.1456, 13.3614], [78.1457, 13.3623], [78.1463, 13.3635], [78.1463, 13.3639], [78.1472, 13.3655], [78.1479, 13.3669], [78.148, 13.3675], [78.1477, 13.3681], [78.1473, 13.3694], [78.1468, 13.3706], [78.1463, 13.3719], [78.1459, 13.373], [78.1457, 13.3738], [78.1445, 13.3743], [78.1435, 13.3749], [78.143, 13.3755], [78.1426, 13.3759], [78.1424, 13.3759], [78.1405, 13.3753], [78.1385, 13.375], [78.1364, 13.3746], [78.1338, 13.3744], [78.1325, 13.3741], [78.1312, 13.3738], [78.1297, 13.3735], [78.1288, 13.3734], [78.1283, 13.374], [78.1273, 13.3741], [78.1257, 13.3744], [78.125, 13.3748], [78.1232, 13.375], [78.1224, 13.3752], [78.1222, 13.3758], [78.1221, 13.3765], [78.1222, 13.3779], [78.1224, 13.3786], [78.1232, 13.3809], [78.124, 13.3841], [78.1246, 13.386], [78.1259, 13.3862], [78.1277, 13.3864], [78.1283, 13.3867], [78.1285, 13.388], [78.1288, 13.39], [78.1289, 13.3917], [78.1295, 13.3931], [78.1298, 13.3939], [78.1302, 13.3946], [78.1313, 13.3967], [78.1336, 13.4007], [78.1346, 13.4024], [78.1351, 13.4036], [78.1356, 13.4048], [78.1357, 13.4053], [78.1374, 13.4053], [78.1387, 13.4056], [78.1392, 13.406], [78.1403, 13.4068], [78.1413, 13.4076], [78.1431, 13.4082], [78.1445, 13.4085], [78.1459, 13.4091], [78.1473, 13.4096], [78.1488, 13.4095], [78.1512, 13.4093], [78.1527, 13.4096]]]}, "properties": {"OBJECTID": 230367, "gpcode": "219052", "gpname": "J. THIMMASANDRA", "stname": "KARNATAKA", "dtname": "Kolar", "sdtname": "Srinivaspur", "stcode11": "29", "dtcode11": "581", "sdtcode11": "05590", "blklgdcode": "5874", "blkname": "SRINIVASPUR", "dt_lgd": 542, "sdt_lgd": 5590, "st_lgd": 29, "vilcode11": 0, "vilname11": "", "pan_local": "SRINIVASPUR", "b_pan_code": 6205, "b_pan_name": "SRINIVASPUR", "d_pan_code": 497, "d_pan_name": "KOLAR", "gp_code": "219052", "gp_name": "J. THIMMASANDRA", "st_2011": "29", "dt_2011": "581", "sdt_2011": "05590", "subdtname": "Srinivaspur", "block_name": "SRINIVASPUR", "blk_lgdcod": "5874", "dtcode14": "581", "SHAPE_Length": 62035.287724255664, "SHAPE_Area": 50985139.08725521}}, {"type": "Feature", "geometry": {"type": "Polygon", "coordinates": [[[78.2191, 13.5155], [78.2198, 13.5135], [78.22, 13.5128], [78.2204, 13.5107], [78.2205, 13.5084], [78.22, 13.5068], [78.2196, 13.5055], [78.2197, 13.5051], [78.2204, 13.5048], [78.2213, 13.504], [78.2224, 13.5035], [78.2231, 13.5034], [78.224, 13.5031], [78.2252, 13.5027], [78.2264, 13.5021], [78.2268, 13.5023], [78.2277, 13.5027], [78.2287, 13.5032], [78.2293, 13.5034], [78.2295, 13.5029], [78.2299, 13.5029], [78.2303, 13.5031], [78.2306, 13.5037], [78.2305, 13.5041], [78.2301, 13.5046], [78.2305, 13.5049], [78.231, 13.504], [78.2313, 13.5039], [78.2316, 13.5042], [78.232, 13.5042], [78.2324, 13.504], [78.2327, 13.5035], [78.2329, 13.5031], [78.2333, 13.5034], [78.233, 13.5042], [78.2325, 13.5048], [78.2325, 13.5054], [78.2328, 13.5056], [78.2337, 13.505], [78.2338, 13.5062], [78.2342, 13.5066], [78.2347, 13.5066], [78.235, 13.5073], [78.2355, 13.5075], [78.2353, 13.5079], [78.2355, 13.5081], [78.236, 13.5084], [78.2368, 13.5074], [78.2373, 13.5064], [78.2374, 13.5058], [78.2378, 13.5053], [78.2382, 13.5049], [78.2389, 13.5044], [78.2396, 13.5042], [78.2415, 13.503], [78.242, 13.5031], [78.2426, 13.5035], [78.2437, 13.5039], [78.2439, 13.5037], [78.2439, 13.5034], [78.2437, 13.5028], [78.2437, 13.502], [78.2436, 13.5012], [78.2439, 13.5008], [78.2442, 13.5005], [78.2454, 13.5003], [78.246, 13.5004], [78.2467, 13.5006], [78.2466, 13.4989], [78.2465, 13.497], [78.2463, 13.4947], [78.2462, 13.4933], [78.2461, 13.4911], [78.246, 13.4896], [78.2458, 13.4875], [78.2457, 13.4855], [78.2456, 13.4843], [78.2454, 13.4811], [78.2444, 13.4803], [78.2436, 13.4796], [78.2428, 13.4789], [78.2424, 13.4787], [78.2407, 13.4784], [78.2376, 13.478], [78.2359, 13.4777], [78.2346, 13.4776], [78.2341, 13.4777], [78.2339, 13.4763], [78.2331, 13.4742], [78.2328, 13.4734], [78.2325, 13.4728], [78.2322, 13.4721], [78.232, 13.4712], [78.2319, 13.4707], [78.2317, 13.47], [78.2315, 13.4692], [78.2313, 13.4683], [78.2311, 13.4677], [78.2304, 13.4662], [78.2301, 13.4652], [78.2298, 13.4643], [78.2295, 13.4633], [78.2289, 13.462], [78.2284, 13.4614], [78.2281, 13.4612], [78.2274, 13.4614], [78.2265, 13.4615], [78.2264, 13.4613], [78.226, 13.4602], [78.2258, 13.4593], [78.2255, 13.4593], [78.2249, 13.4592], [78.2248, 13.4589], [78.2247, 13.4584], [78.2248, 13.4579], [78.2247, 13.4573], [78.2248, 13.4567], [78.2249, 13.4563], [78.2251, 13.4558], [78.2254, 13.4552], [78.2254, 13.4548], [78.2252, 13.4543], [78.2247, 13.4538], [78.2245, 13.453], [78.2243, 13.4521], [78.224, 13.4511], [78.2233, 13.4498], [78.223, 13.4488], [78.2227, 13.4477], [78.2225, 13.4469], [78.2217, 13.4473], [78.221, 13.448], [78.2205, 13.4484], [78.2199, 13.4488], [78.2187, 13.4491], [78.2178, 13.4494], [78.2169, 13.4496], [78.2151, 13.4498], [78.2134, 13.4499], [78.2119, 13.4498], [78.2105, 13.4496], [78.209, 13.4493], [78.2082, 13.4493], [78.2059, 13.4495], [78.2052, 13.4495], [78.2025, 13.4499], [78.2015, 13.4499], [78.202, 13.4506], [78.2026, 13.4518], [78.2035, 13.4536], [78.2043, 13.4555], [78.2048, 13.4563], [78.2054, 13.4576], [78.2059, 13.4588], [78.2059, 13.4601], [78.206, 13.4641], [78.206, 13.4647], [78.2063, 13.465], [78.2065, 13.4652], [78.2077, 13.466], [78.2085, 13.467], [78.2093, 13.468], [78.2098, 13.4693], [78.2102, 13.4705], [78.2104, 13.471], [78.2101, 13.4718], [78.2091, 13.4749], [78.2089, 13.4756], [78.2083, 13.4774], [78.2081, 13.4781], [78.2076, 13.4785], [78.207, 13.4788], [78.2059, 13.4794], [78.2043, 13.4802], [78.2031, 13.4808], [78.2028, 13.481], [78.2021, 13.4818], [78.2017, 13.4824], [78.2012, 13.4829], [78.2009, 13.4835], [78.2007, 13.4841], [78.2003, 13.4856], [78.2, 13.488], [78.1998, 13.4898], [78.1997, 13.4911], [78.1994, 13.4928], [78.1994, 13.4938], [78.1994, 13.4951], [78.1994, 13.4971], [78.1994, 13.4984], [78.1993, 13.4988], [78.1993, 13.4992], [78.1991, 13.5004], [78.1989, 13.5012], [78.1991, 13.5068], [78.1993, 13.5086], [78.1993, 13.5098], [78.1982, 13.5126], [78.2009, 13.514], [78.2019, 13.5146], [78.203, 13.5152], [78.204, 13.5159], [78.2048, 13.5162], [78.2069, 13.5169], [78.2074, 13.5167], [78.2105, 13.5142], [78.2105, 13.5172], [78.2126, 13.5181], [78.2162, 13.5194], [78.2181, 13.5201], [78.2184, 13.5198], [78.2191, 13.5184], [78.2197, 13.5176], [78.2198, 13.517], [78.2195, 13.5164], [78.2192, 13.516], [78.2191, 13.5155]]]}, "properties": {"OBJECTID": 230368, "gpcode": "219053", "gpname": "KODIPALLI", "stname": "KARNATAKA", "dtname": "Kolar", "sdtname": "Srinivaspur", "stcode11": "29", "dtcode11": "581", "sdtcode11": "05590", "blklgdcode": "5874", "blkname": "SRINIVASPUR", "dt_lgd": 542, "sdt_lgd": 5590, "st_lgd": 29, "vilcode11": 0, "vilname11": "", "pan_local": "SRINIVASPUR", "b_pan_code": 6205, "b_pan_name": "SRINIVASPUR", "d_pan_code": 497, "d_pan_name": "KOLAR", "gp_code": "219053", "gp_name": "KODIPALLI", "st_2011": "29", "dt_2011": "581", "sdt_2011": "05590", "subdtname": "Srinivaspur", "block_name": "SRINIVASPUR", "blk_lgdcod": "5874", "dtcode14": "581", "SHAPE_Length": 27675.357087930082, "SHAPE_Area": 26441778.356262248}}, {"type": "Feature", "geometry": {"type": "Polygon", "coordinates": [[[78.2533, 13.5204], [78.2513, 13.5186], [78.25, 13.517], [78.2488, 13.5169], [78.2481, 13.517], [78.2462, 13.5172], [78.2448, 13.5172], [78.2435, 13.5173], [78.2427, 13.5172], [78.2408, 13.5173], [78.2401, 13.5172], [78.24, 13.518], [78.2399, 13.5184], [78.2394, 13.5188], [78.2391, 13.5189], [78.2389, 13.5186], [78.2389, 13.5189], [78.2388, 13.5195], [78.2387, 13.52], [78.2385, 13.5205], [78.2386, 13.521], [78.2388, 13.5216], [78.2392, 13.5222], [78.2394, 13.5226], [78.2392, 13.523], [78.2386, 13.5231], [78.2381, 13.5232], [78.239, 13.5245], [78.2382, 13.5254], [78.2377, 13.5261], [78.2376, 13.5266], [78.2372, 13.5278], [78.237, 13.5281], [78.2382, 13.5287], [78.2398, 13.5295], [78.2412, 13.5301], [78.2421, 13.5307], [78.2439, 13.5309], [78.2457, 13.5313], [78.2466, 13.5313], [78.2486, 13.5298], [78.2488, 13.5298], [78.2499, 13.5291], [78.2506, 13.5275], [78.2511, 13.5252], [78.252, 13.5228], [78.255, 13.522], [78.2533, 13.5204]]]}, "properties": {"OBJECTID": 230369, "gpcode": "219053", "gpname": "KODIPALLI", "stname": "KARNATAKA", "dtname": "Kolar", "sdtname": "Srinivaspur", "stcode11": "29", "dtcode11": "581", "sdtcode11": "05590", "blklgdcode": "5874", "blkname": "SRINIVASPUR", "dt_lgd": 542, "sdt_lgd": 5590, "st_lgd": 29, "vilcode11": 0, "vilname11": "", "pan_local": "SRINIVASPUR", "b_pan_code": 6205, "b_pan_name": "SRINIVASPUR", "d_pan_code": 497, "d_pan_name": "KOLAR", "gp_code": "219053", "gp_name": "KODIPALLI", "st_2011": "29", "dt_2011": "581", "sdt_2011": "05590", "subdtname": "Srinivaspur", "block_name": "SRINIVASPUR", "blk_lgdcod": "5874", "dtcode14": "581", "SHAPE_Length": 6211.804250239543, "SHAPE_Area": 2180581.5462952727}}, {"type": "Feature", "geometry": {"type": "Polygon", "coordinates": [[[78.3262, 13.308], [78.3288, 13.3065], [78.3308, 13.3054], [78.331, 13.3053], [78.3321, 13.3043], [78.3264, 13.295], [78.326, 13.2919], [78.3252, 13.2886], [78.3241, 13.284], [78.3235, 13.2812], [78.3236, 13.2796], [78.324, 13.2776], [78.3245, 13.2754], [78.325, 13.2736], [78.3252, 13.2711], [78.3252, 13.2698], [78.3335, 13.2671], [78.3326, 13.2642], [78.3322, 13.2631], [78.3301, 13.2595], [78.3292, 13.2575], [78.3291, 13.2572], [78.3282, 13.2556], [78.3271, 13.254], [78.3257, 13.2512], [78.3249, 13.25], [78.3247, 13.2498], [78.3237, 13.2487], [78.3226, 13.2477], [78.3221, 13.2475], [78.3209, 13.247], [78.3188, 13.2461], [78.3165, 13.245], [78.3155, 13.2444], [78.3146, 13.2438], [78.3139, 13.2433], [78.313, 13.2425], [78.3111, 13.2419], [78.3097, 13.2414], [78.3065, 13.2407], [78.3044, 13.2403], [78.302, 13.2399], [78.3015, 13.237], [78.3008, 13.2374], [78.299, 13.2385], [78.2978, 13.2393], [78.2964, 13.2404], [78.2954, 13.2412], [78.2959, 13.2423], [78.2948, 13.2429], [78.2949, 13.2456], [78.2942, 13.2461], [78.2946, 13.2462], [78.295, 13.2464], [78.2955, 13.2467], [78.2955, 13.2469], [78.2955, 13.2473], [78.2916, 13.2475], [78.2874, 13.2473], [78.2849, 13.2473], [78.2838, 13.2474], [78.2833, 13.2475], [78.2829, 13.2478], [78.2821, 13.2485], [78.2811, 13.2495], [78.2797, 13.2508], [78.2797, 13.2512], [78.2795, 13.2528], [78.2804, 13.2566], [78.2794, 13.2569], [78.2776, 13.2579], [78.278, 13.2588], [78.2776, 13.2599], [78.2771, 13.2622], [78.2762, 13.2627], [78.276, 13.2636], [78.2759, 13.2665], [78.273, 13.2674], [78.2726, 13.2699], [78.2722, 13.273], [78.2706, 13.2762], [78.2737, 13.2775], [78.2748, 13.278], [78.2787, 13.2769], [78.2816, 13.276], [78.2831, 13.2747], [78.2847, 13.2747], [78.2875, 13.2747], [78.2902, 13.2755], [78.2921, 13.2758], [78.2939, 13.2759], [78.2936, 13.2749], [78.2938, 13.274], [78.2971, 13.2727], [78.2997, 13.2715], [78.3059, 13.272], [78.3059, 13.2748], [78.3068, 13.2749], [78.3061, 13.2768], [78.3049, 13.279], [78.3046, 13.2799], [78.3054, 13.282], [78.3053, 13.285], [78.306, 13.2867], [78.306, 13.2892], [78.3061, 13.2894], [78.3063, 13.2917], [78.307, 13.296], [78.3077, 13.2998], [78.3079, 13.3014], [78.3077, 13.3042], [78.307, 13.3045], [78.3078, 13.3064], [78.3097, 13.3077], [78.3112, 13.3074], [78.3136, 13.3078], [78.3151, 13.3083], [78.3162, 13.3107], [78.3176, 13.3129], [78.3175, 13.3137], [78.3196, 13.3111], [78.3204, 13.3098], [78.321, 13.3095], [78.3223, 13.3093], [78.3241, 13.309], [78.3262, 13.308]]]}, "properties": {"OBJECTID": 230370, "gpcode": "219054", "gpname": "KOLATHUR", "stname": "KARNATAKA", "dtname": "Kolar", "sdtname": "Srinivaspur", "stcode11": "29", "dtcode11": "581", "sdtcode11": "05590", "blklgdcode": "5874", "blkname": "SRINIVASPUR", "dt_lgd": 542, "sdt_lgd": 5590, "st_lgd": 29, "vilcode11": 0, "vilname11": "", "pan_local": "SRINIVASPUR", "b_pan_code": 6205, "b_pan_name": "SRINIVASPUR", "d_pan_code": 497, "d_pan_name": "KOLAR", "gp_code": "219054", "gp_name": "KOLATHUR", "st_2011": "29", "dt_2011": "581", "sdt_2011": "05590", "subdtname": "Srinivaspur", "block_name": "SRINIVASPUR", "blk_lgdcod": "5874", "dtcode14": "581", "SHAPE_Length": 29845.989590438356, "SHAPE_Area": 28458581.243126106}}, {"type": "Feature", "geometry": {"type": "Polygon", "coordinates": [[[78.3108, 13.5915], [78.3106, 13.589], [78.3106, 13.587], [78.3105, 13.5846], [78.3105, 13.583], [78.3106, 13.5807], [78.3098, 13.5793], [78.3101, 13.5778], [78.3103, 13.5766], [78.3109, 13.5771], [78.3116, 13.5768], [78.3126, 13.5756], [78.3159, 13.5753], [78.3169, 13.5722], [78.3152, 13.5707], [78.3128, 13.5686], [78.3107, 13.5671], [78.309, 13.5674], [78.3082, 13.5676], [78.3062, 13.5676], [78.3039, 13.5675], [78.3014, 13.5671], [78.2999, 13.567], [78.2984, 13.5667], [78.2968, 13.566], [78.2959, 13.5654], [78.2954, 13.5645], [78.2948, 13.5634], [78.294, 13.5627], [78.2939, 13.5623], [78.2935, 13.5619], [78.2927, 13.5618], [78.2929, 13.5608], [78.2928, 13.5601], [78.2931, 13.5596], [78.2934, 13.5585], [78.2932, 13.5579], [78.2929, 13.5573], [78.2922, 13.5574], [78.2908, 13.558], [78.2896, 13.5584], [78.2874, 13.5591], [78.2861, 13.5594], [78.2853, 13.5602], [78.2848, 13.5609], [78.2845, 13.56], [78.2843, 13.5595], [78.2826, 13.5612], [78.2812, 13.5623], [78.2796, 13.564], [78.278, 13.5649], [78.2778, 13.564], [78.2777, 13.5634], [78.2779, 13.5624], [78.2775, 13.5621], [78.2763, 13.5612], [78.2764, 13.561], [78.2763, 13.559], [78.2774, 13.5586], [78.2785, 13.5575], [78.2785, 13.556], [78.2784, 13.5554], [78.279, 13.5552], [78.279, 13.555], [78.2788, 13.5542], [78.2785, 13.5534], [78.2787, 13.5532], [78.2795, 13.5536], [78.2799, 13.5535], [78.2799, 13.5532], [78.2791, 13.5527], [78.2782, 13.5526], [78.2779, 13.5522], [78.2773, 13.5513], [78.2762, 13.5505], [78.2759, 13.5504], [78.2764, 13.549], [78.277, 13.5487], [78.2776, 13.5484], [78.278, 13.5482], [78.2787, 13.5483], [78.2793, 13.5478], [78.2799, 13.5466], [78.2802, 13.5462], [78.281, 13.5449], [78.2823, 13.5458], [78.2833, 13.5461], [78.2842, 13.546], [78.2863, 13.5463], [78.2866, 13.5481], [78.287, 13.5499], [78.2872, 13.5502], [78.2876, 13.55], [78.2888, 13.5496], [78.2902, 13.5487], [78.2915, 13.5478], [78.2937, 13.5461], [78.2931, 13.5454], [78.2932, 13.545], [78.2933, 13.5445], [78.291, 13.5444], [78.2906, 13.5432], [78.2917, 13.543], [78.2918, 13.5421], [78.2923, 13.541], [78.2933, 13.5408], [78.2932, 13.5397], [78.2934, 13.5388], [78.2933, 13.5379], [78.2941, 13.5375], [78.2939, 13.5367], [78.2929, 13.5362], [78.2926, 13.534], [78.2914, 13.5339], [78.2898, 13.5349], [78.2882, 13.5356], [78.287, 13.5367], [78.285, 13.5378], [78.2844, 13.5384], [78.283, 13.539], [78.2825, 13.5395], [78.2818, 13.5389], [78.2793, 13.5393], [78.279, 13.5393], [78.2788, 13.539], [78.2771, 13.5362], [78.2743, 13.536], [78.2742, 13.536], [78.2732, 13.5354], [78.2723, 13.5352], [78.2716, 13.5344], [78.2708, 13.5337], [78.2698, 13.5324], [78.2677, 13.5328], [78.2672, 13.5338], [78.2666, 13.5351], [78.2661, 13.5354], [78.2641, 13.5353], [78.2627, 13.5356], [78.2617, 13.5355], [78.2599, 13.5349], [78.259, 13.5347], [78.2573, 13.5351], [78.2558, 13.5353], [78.2538, 13.5356], [78.2523, 13.5358], [78.251, 13.5359], [78.2496, 13.5355], [78.2488, 13.5354], [78.2484, 13.5353], [78.2474, 13.5349], [78.2468, 13.5349], [78.2461, 13.5347], [78.2454, 13.5346], [78.2457, 13.5389], [78.2458, 13.54], [78.2461, 13.5436], [78.2462, 13.5467], [78.2464, 13.5503], [78.2467, 13.5525], [78.2473, 13.5521], [78.2488, 13.5517], [78.2508, 13.5519], [78.2514, 13.5518], [78.2521, 13.5513], [78.2573, 13.5497], [78.262, 13.5481], [78.2651, 13.5472], [78.2672, 13.5466], [78.2678, 13.546], [78.2686, 13.546], [78.2689, 13.5465], [78.2694, 13.5473], [78.2694, 13.5485], [78.2694, 13.5495], [78.2701, 13.5511], [78.27, 13.5516], [78.2692, 13.5515], [78.269, 13.5519], [78.2689, 13.5525], [78.2699, 13.5528], [78.2699, 13.5529], [78.2687, 13.5534], [78.2687, 13.5535], [78.2681, 13.5538], [78.2656, 13.554], [78.2651, 13.5554], [78.2658, 13.5565], [78.266, 13.5571], [78.2675, 13.5578], [78.2681, 13.5584], [78.2685, 13.5602], [78.2658, 13.5603], [78.262, 13.5601], [78.2597, 13.5595], [78.2565, 13.5593], [78.255, 13.5595], [78.253, 13.5595], [78.2504, 13.56], [78.2488, 13.5605], [78.2485, 13.5604], [78.2484, 13.5638], [78.2488, 13.5638], [78.2526, 13.5644], [78.2535, 13.5648], [78.2536, 13.5665], [78.254, 13.5698], [78.2539, 13.5712], [78.2542, 13.5722], [78.2545, 13.5742], [78.2569, 13.5749], [78.2577, 13.5767], [78.2579, 13.5791], [78.2586, 13.5794], [78.2602, 13.5788], [78.2612, 13.5781], [78.2624, 13.5775], [78.2634, 13.5784], [78.2648, 13.5802], [78.2654, 13.5804], [78.2664, 13.5804], [78.2674, 13.5796], [78.2681, 13.5799], [78.2683, 13.5804], [78.2688, 13.5811], [78.2691, 13.5819], [78.2688, 13.5826], [78.2679, 13.5831], [78.2675, 13.5831], [78.2675, 13.5843], [78.2669, 13.5848], [78.2676, 13.5854], [78.2684, 13.5856], [78.2679, 13.587], [78.2684, 13.5872], [78.2693, 13.5876], [78.2695, 13.5877], [78.2705, 13.5881], [78.2719, 13.5882], [78.2723, 13.5882], [78.2735, 13.5882], [78.2737, 13.5883], [78.2746, 13.5886], [78.276, 13.5886], [78.2768, 13.5891], [78.2784, 13.5892], [78.2835, 13.5892], [78.2859, 13.5896], [78.2895, 13.5899], [78.2931, 13.59], [78.2987, 13.5906], [78.3015, 13.5911], [78.3028, 13.5913], [78.3062, 13.592], [78.3077, 13.5922], [78.3108, 13.5921], [78.3108, 13.5915]]]}, "properties": {"OBJECTID": 230371, "gpcode": "219055", "gpname": "KURIGEPALLI", "stname": "KARNATAKA", "dtname": "Kolar", "sdtname": "Srinivaspur", "stcode11": "29", "dtcode11": "581", "sdtcode11": "05590", "blklgdcode": "5874", "blkname": "SRINIVASPUR", "dt_lgd": 542, "sdt_lgd": 5590, "st_lgd": 29, "vilcode11": 0, "vilname11": "", "pan_local": "SRINIVASPUR", "b_pan_code": 6205, "b_pan_name": "SRINIVASPUR", "d_pan_code": 497, "d_pan_name": "KOLAR", "gp_code": "219055", "gp_name": "KURIGEPALLI", "st_2011": "29", "dt_2011": "581", "sdt_2011": "05590", "subdtname": "Srinivaspur", "block_name": "SRINIVASPUR", "blk_lgdcod": "5874", "dtcode14": "581", "SHAPE_Length": 41628.57076187601, "SHAPE_Area": 27830652.929069214}}, {"type": "Feature", "geometry": {"type": "Polygon", "coordinates": [[[78.3086, 13.4907], [78.3102, 13.4898], [78.3119, 13.4898], [78.3157, 13.4901], [78.3174, 13.4901], [78.3185, 13.4909], [78.3203, 13.4917], [78.3216, 13.4927], [78.3224, 13.4928], [78.3244, 13.4925], [78.3259, 13.4917], [78.328, 13.4913], [78.328, 13.4884], [78.3281, 13.4851], [78.3281, 13.4816], [78.3303, 13.4799], [78.3335, 13.4776], [78.3359, 13.4762], [78.3372, 13.4754], [78.3383, 13.4769], [78.34, 13.4778], [78.3418, 13.4788], [78.3448, 13.4805], [78.3478, 13.4822], [78.3494, 13.4829], [78.3514, 13.4812], [78.3556, 13.4767], [78.3594, 13.473], [78.3624, 13.47], [78.3639, 13.4683], [78.3628, 13.466], [78.3615, 13.4628], [78.3576, 13.4624], [78.3534, 13.4623], [78.3516, 13.4617], [78.3489, 13.4605], [78.3463, 13.4597], [78.3457, 13.4572], [78.3451, 13.4541], [78.3436, 13.454], [78.3419, 13.4537], [78.3395, 13.4531], [78.3385, 13.4541], [78.3377, 13.4544], [78.3359, 13.454], [78.3342, 13.4537], [78.3331, 13.4534], [78.3318, 13.4524], [78.3315, 13.451], [78.3315, 13.4489], [78.3312, 13.4477], [78.3281, 13.4473], [78.3277, 13.4493], [78.3259, 13.4496], [78.3253, 13.4494], [78.3234, 13.4498], [78.3212, 13.4507], [78.32, 13.4504], [78.3189, 13.4497], [78.3179, 13.4498], [78.3166, 13.4471], [78.3154, 13.4446], [78.3139, 13.442], [78.3132, 13.4404], [78.3129, 13.4394], [78.3119, 13.4376], [78.31, 13.4355], [78.313, 13.4355], [78.316, 13.4352], [78.3158, 13.4325], [78.3158, 13.4318], [78.3138, 13.4303], [78.311, 13.4279], [78.3111, 13.4254], [78.311, 13.4242], [78.3109, 13.4222], [78.3104, 13.4216], [78.3097, 13.4206], [78.3095, 13.4197], [78.3092, 13.4185], [78.3091, 13.4169], [78.3077, 13.4152], [78.3058, 13.4133], [78.3044, 13.412], [78.3026, 13.4116], [78.2994, 13.4109], [78.2968, 13.4108], [78.2938, 13.411], [78.294, 13.4125], [78.2942, 13.4138], [78.2946, 13.4161], [78.2948, 13.419], [78.2933, 13.4203], [78.2914, 13.4213], [78.2899, 13.4218], [78.2887, 13.422], [78.2876, 13.4222], [78.2871, 13.4194], [78.2868, 13.4168], [78.2866, 13.415], [78.285, 13.4137], [78.2846, 13.4126], [78.2809, 13.4139], [78.2782, 13.4148], [78.2787, 13.4187], [78.2752, 13.4212], [78.2771, 13.4234], [78.2758, 13.4236], [78.2746, 13.4242], [78.2725, 13.4244], [78.2704, 13.4246], [78.2689, 13.4248], [78.2691, 13.4259], [78.2693, 13.428], [78.2697, 13.4305], [78.2701, 13.4331], [78.2702, 13.4365], [78.2701, 13.4389], [78.2723, 13.4459], [78.2729, 13.4448], [78.2739, 13.4445], [78.2752, 13.444], [78.2768, 13.4432], [78.2774, 13.4429], [78.2785, 13.4426], [78.2793, 13.4422], [78.2804, 13.4415], [78.2814, 13.4415], [78.2822, 13.4416], [78.2827, 13.4408], [78.2837, 13.4406], [78.2852, 13.4402], [78.2866, 13.4394], [78.288, 13.4383], [78.2891, 13.4375], [78.2901, 13.437], [78.2901, 13.4389], [78.2906, 13.441], [78.2907, 13.4418], [78.2909, 13.4434], [78.2912, 13.4452], [78.2915, 13.4464], [78.2923, 13.4472], [78.2933, 13.4468], [78.2943, 13.4467], [78.2941, 13.4478], [78.2945, 13.4487], [78.2954, 13.4494], [78.2963, 13.4499], [78.2974, 13.4512], [78.2983, 13.4526], [78.2991, 13.4543], [78.2998, 13.4556], [78.3008, 13.4574], [78.3016, 13.4586], [78.3019, 13.4596], [78.3023, 13.4602], [78.3031, 13.4621], [78.3038, 13.464], [78.3049, 13.4655], [78.3056, 13.467], [78.3054, 13.4671], [78.3052, 13.4679], [78.305, 13.4691], [78.3044, 13.4707], [78.304, 13.4724], [78.3037, 13.4738], [78.3036, 13.4753], [78.3039, 13.4774], [78.3044, 13.4791], [78.3043, 13.48], [78.3042, 13.4806], [78.3039, 13.4814], [78.3037, 13.4815], [78.3033, 13.4815], [78.3022, 13.4814], [78.3015, 13.4814], [78.3012, 13.4813], [78.3007, 13.4812], [78.3001, 13.4822], [78.2998, 13.4826], [78.2989, 13.4826], [78.2986, 13.4827], [78.2986, 13.483], [78.2987, 13.4831], [78.299, 13.4832], [78.2992, 13.4832], [78.2996, 13.4833], [78.2996, 13.4834], [78.2995, 13.4836], [78.2992, 13.4838], [78.3003, 13.4845], [78.3001, 13.4861], [78.3, 13.4883], [78.2993, 13.4896], [78.2985, 13.4913], [78.298, 13.4923], [78.3013, 13.4931], [78.303, 13.4935], [78.3044, 13.493], [78.3058, 13.4921], [78.3077, 13.4912], [78.3086, 13.4907]]]}, "properties": {"OBJECTID": 230372, "gpcode": "219056", "gpname": "LAKSHMIPURA", "stname": "KARNATAKA", "dtname": "Kolar", "sdtname": "Srinivaspur", "stcode11": "29", "dtcode11": "581", "sdtcode11": "05590", "blklgdcode": "5874", "blkname": "SRINIVASPUR", "dt_lgd": 542, "sdt_lgd": 5590, "st_lgd": 29, "vilcode11": 0, "vilname11": "", "pan_local": "SRINIVASPUR", "b_pan_code": 6205, "b_pan_name": "SRINIVASPUR", "d_pan_code": 497, "d_pan_name": "KOLAR", "gp_code": "219056", "gp_name": "LAKSHMIPURA", "st_2011": "29", "dt_2011": "581", "sdt_2011": "05590", "subdtname": "Srinivaspur", "block_name": "SRINIVASPUR", "blk_lgdcod": "5874", "dtcode14": "581", "SHAPE_Length": 42350.93563190405, "SHAPE_Area": 39052201.50182876}}, {"type": "Feature", "geometry": {"type": "Polygon", "coordinates": [[[78.2637, 13.2999], [78.2648, 13.2998], [78.2664, 13.3003], [78.2657, 13.2947], [78.2653, 13.292], [78.2632, 13.2925], [78.2616, 13.2924], [78.2618, 13.2903], [78.2606, 13.2886], [78.2608, 13.288], [78.2619, 13.2864], [78.2646, 13.2835], [78.2671, 13.2809], [78.2693, 13.2789], [78.2695, 13.2784], [78.2691, 13.278], [78.2706, 13.2762], [78.2722, 13.273], [78.2726, 13.2699], [78.273, 13.2674], [78.2759, 13.2665], [78.276, 13.2636], [78.2762, 13.2627], [78.2771, 13.2622], [78.2776, 13.2599], [78.278, 13.2588], [78.2776, 13.2579], [78.2794, 13.2569], [78.2804, 13.2566], [78.2795, 13.2528], [78.2797, 13.2512], [78.2797, 13.2508], [78.2811, 13.2495], [78.2821, 13.2485], [78.2829, 13.2478], [78.2833, 13.2475], [78.2838, 13.2474], [78.2849, 13.2473], [78.2874, 13.2473], [78.2916, 13.2475], [78.2955, 13.2473], [78.2955, 13.2469], [78.2955, 13.2467], [78.295, 13.2464], [78.2946, 13.2462], [78.2942, 13.2461], [78.2949, 13.2456], [78.2948, 13.2429], [78.2959, 13.2423], [78.2954, 13.2412], [78.2964, 13.2404], [78.2978, 13.2393], [78.299, 13.2385], [78.3008, 13.2374], [78.3015, 13.237], [78.3015, 13.2365], [78.3011, 13.2344], [78.3007, 13.2321], [78.3004, 13.2309], [78.3001, 13.2294], [78.2993, 13.2249], [78.2987, 13.2215], [78.2985, 13.2207], [78.2977, 13.2205], [78.2953, 13.2203], [78.2943, 13.2202], [78.2934, 13.2202], [78.2915, 13.22], [78.2903, 13.22], [78.288, 13.2203], [78.2861, 13.2206], [78.2835, 13.2209], [78.2838, 13.2245], [78.2812, 13.2247], [78.2793, 13.2248], [78.2786, 13.2249], [78.2777, 13.2225], [78.2768, 13.2201], [78.2739, 13.2199], [78.2698, 13.2198], [78.264, 13.2194], [78.2596, 13.2192], [78.2524, 13.2187], [78.2519, 13.2172], [78.2503, 13.2134], [78.2496, 13.2115], [78.2488, 13.2116], [78.2471, 13.2133], [78.2458, 13.214], [78.2431, 13.2155], [78.2406, 13.2177], [78.2388, 13.2193], [78.2373, 13.2208], [78.237, 13.2216], [78.2367, 13.2229], [78.2362, 13.2243], [78.2359, 13.2253], [78.2351, 13.2264], [78.234, 13.2272], [78.2319, 13.2286], [78.2322, 13.2297], [78.2334, 13.232], [78.235, 13.2358], [78.2361, 13.238], [78.237, 13.2398], [78.2393, 13.2477], [78.24, 13.2501], [78.2401, 13.2506], [78.2399, 13.2512], [78.2393, 13.252], [78.2388, 13.2532], [78.2383, 13.2541], [78.2382, 13.2545], [78.238, 13.2552], [78.2376, 13.256], [78.2376, 13.2564], [78.2385, 13.2571], [78.2397, 13.2578], [78.2412, 13.2586], [78.2423, 13.2592], [78.2425, 13.2606], [78.2428, 13.2628], [78.2433, 13.265], [78.2439, 13.2676], [78.2443, 13.2701], [78.2476, 13.2703], [78.2488, 13.2703], [78.2501, 13.2703], [78.2511, 13.2716], [78.2523, 13.2716], [78.2523, 13.2696], [78.2523, 13.2679], [78.2503, 13.2677], [78.25, 13.2668], [78.2488, 13.2675], [78.2484, 13.2672], [78.2472, 13.2665], [78.2461, 13.2654], [78.2453, 13.2639], [78.2458, 13.2632], [78.2465, 13.2623], [78.2477, 13.262], [78.2483, 13.2621], [78.2486, 13.2627], [78.2485, 13.2638], [78.2488, 13.2646], [78.2494, 13.2648], [78.2511, 13.2651], [78.2515, 13.2661], [78.2527, 13.2662], [78.2531, 13.268], [78.2538, 13.2687], [78.2568, 13.2694], [78.257, 13.2726], [78.2593, 13.2739], [78.2596, 13.2748], [78.2586, 13.2759], [78.2575, 13.2772], [78.2567, 13.278], [78.2562, 13.2789], [78.2554, 13.2807], [78.255, 13.2815], [78.2537, 13.2844], [78.255, 13.2879], [78.2542, 13.2888], [78.2511, 13.2895], [78.2504, 13.2903], [78.2488, 13.2925], [78.2479, 13.293], [78.2458, 13.2948], [78.2446, 13.2956], [78.2434, 13.2958], [78.2421, 13.2959], [78.2429, 13.2973], [78.2437, 13.2992], [78.2443, 13.3008], [78.2452, 13.3024], [78.2467, 13.3052], [78.2472, 13.3062], [78.2477, 13.3073], [78.2483, 13.3085], [78.2484, 13.309], [78.2486, 13.3092], [78.2488, 13.3093], [78.25, 13.3109], [78.2518, 13.3122], [78.254, 13.3139], [78.2566, 13.3135], [78.2584, 13.313], [78.2617, 13.3105], [78.2642, 13.3083], [78.2663, 13.307], [78.2654, 13.3045], [78.2643, 13.3016], [78.2637, 13.2999]]]}, "properties": {"OBJECTID": 230373, "gpcode": "219057", "gpname": "LAKSHMISAGARA", "stname": "KARNATAKA", "dtname": "Kolar", "sdtname": "Srinivaspur", "stcode11": "29", "dtcode11": "581", "sdtcode11": "05590", "blklgdcode": "5874", "blkname": "SRINIVASPUR", "dt_lgd": 542, "sdt_lgd": 5590, "st_lgd": 29, "vilcode11": 0, "vilname11": "", "pan_local": "SRINIVASPUR", "b_pan_code": 6205, "b_pan_name": "SRINIVASPUR", "d_pan_code": 497, "d_pan_name": "KOLAR", "gp_code": "219057", "gp_name": "LAKSHMISAGARA", "st_2011": "29", "dt_2011": "581", "sdt_2011": "05590", "subdtname": "Srinivaspur", "block_name": "SRINIVASPUR", "blk_lgdcod": "5874", "dtcode14": "581", "SHAPE_Length": 41741.95793743038, "SHAPE_Area": 40792577.10864625}}, {"type": "Feature", "geometry": {"type": "Polygon", "coordinates": [[[78.1075, 13.3043], [78.1102, 13.3026], [78.1126, 13.3012], [78.1149, 13.2999], [78.1165, 13.2989], [78.1174, 13.2985], [78.1181, 13.2977], [78.1187, 13.297], [78.1193, 13.2961], [78.12, 13.2951], [78.1208, 13.2941], [78.1217, 13.2927], [78.1227, 13.2922], [78.1243, 13.2921], [78.126, 13.2921], [78.1267, 13.2919], [78.127, 13.2915], [78.1271, 13.2907], [78.1275, 13.2903], [78.1295, 13.2896], [78.1313, 13.2888], [78.1338, 13.2876], [78.1342, 13.2886], [78.1352, 13.2916], [78.1359, 13.2942], [78.1364, 13.2968], [78.1367, 13.2991], [78.1367, 13.3], [78.1392, 13.2996], [78.1416, 13.2993], [78.1438, 13.2986], [78.1457, 13.298], [78.1473, 13.2969], [78.1494, 13.296], [78.1516, 13.2948], [78.1512, 13.2938], [78.1508, 13.2925], [78.1504, 13.2912], [78.1502, 13.2902], [78.15, 13.2895], [78.1498, 13.2885], [78.1496, 13.2881], [78.1493, 13.2879], [78.1488, 13.2878], [78.1484, 13.2877], [78.1481, 13.2874], [78.1478, 13.2871], [78.1468, 13.2869], [78.1466, 13.2866], [78.1464, 13.2854], [78.1463, 13.2843], [78.1461, 13.2835], [78.1461, 13.2834], [78.1468, 13.2831], [78.1473, 13.2829], [78.1476, 13.2827], [78.1475, 13.2822], [78.148, 13.2819], [78.1483, 13.2817], [78.1481, 13.2813], [78.1479, 13.2805], [78.1478, 13.28], [78.1477, 13.2795], [78.149, 13.2792], [78.15, 13.2788], [78.1512, 13.2785], [78.1517, 13.2785], [78.1521, 13.2783], [78.1529, 13.2778], [78.1541, 13.2772], [78.1553, 13.2765], [78.1554, 13.2762], [78.1555, 13.2756], [78.1557, 13.2752], [78.1561, 13.2749], [78.1566, 13.2745], [78.1574, 13.274], [78.1579, 13.2736], [78.1587, 13.2729], [78.1596, 13.2724], [78.1604, 13.2718], [78.161, 13.2715], [78.1619, 13.2708], [78.1623, 13.2707], [78.1628, 13.2707], [78.1633, 13.2705], [78.1631, 13.2697], [78.1629, 13.2688], [78.1629, 13.2682], [78.1633, 13.2676], [78.1637, 13.2672], [78.1642, 13.2669], [78.1646, 13.2664], [78.1649, 13.2655], [78.1653, 13.2651], [78.1658, 13.2646], [78.1657, 13.2636], [78.1655, 13.2631], [78.1654, 13.2624], [78.165, 13.2615], [78.1643, 13.2604], [78.1629, 13.2579], [78.1624, 13.2567], [78.1623, 13.2558], [78.1622, 13.2543], [78.162, 13.2512], [78.1615, 13.2485], [78.1611, 13.247], [78.161, 13.2453], [78.1579, 13.2454], [78.1556, 13.2452], [78.1528, 13.2451], [78.1494, 13.245], [78.1479, 13.2431], [78.1459, 13.2443], [78.1436, 13.2444], [78.1406, 13.2444], [78.1393, 13.2445], [78.1366, 13.2448], [78.135, 13.2448], [78.1335, 13.2449], [78.1322, 13.2453], [78.1308, 13.246], [78.1317, 13.2498], [78.1318, 13.2508], [78.1318, 13.2512], [78.1298, 13.2546], [78.1292, 13.2551], [78.1286, 13.2563], [78.1276, 13.2577], [78.1268, 13.2582], [78.1267, 13.2592], [78.1267, 13.2605], [78.1267, 13.2615], [78.1274, 13.2626], [78.1285, 13.2634], [78.1277, 13.2641], [78.1265, 13.2649], [78.1256, 13.2656], [78.1251, 13.2662], [78.1245, 13.2666], [78.123, 13.266], [78.1218, 13.2654], [78.1205, 13.2649], [78.1197, 13.2669], [78.1195, 13.2692], [78.1192, 13.2718], [78.1193, 13.275], [78.1197, 13.2784], [78.1204, 13.282], [78.1213, 13.2853], [78.1218, 13.288], [78.1213, 13.2904], [78.1197, 13.2904], [78.1185, 13.2903], [78.1171, 13.2903], [78.1151, 13.2898], [78.1137, 13.2898], [78.1119, 13.2897], [78.1108, 13.2893], [78.1101, 13.2882], [78.11, 13.2873], [78.11, 13.2857], [78.1098, 13.2844], [78.1078, 13.2845], [78.1072, 13.2835], [78.1065, 13.2822], [78.1055, 13.2805], [78.1045, 13.2793], [78.1041, 13.2788], [78.1025, 13.2777], [78.1006, 13.2771], [78.1001, 13.2773], [78.0991, 13.2779], [78.0979, 13.2786], [78.0965, 13.2794], [78.0954, 13.2801], [78.0941, 13.2805], [78.0953, 13.2811], [78.0973, 13.2827], [78.0985, 13.2835], [78.0997, 13.2844], [78.1001, 13.2861], [78.1001, 13.2874], [78.0995, 13.2877], [78.0998, 13.2888], [78.1011, 13.2898], [78.1017, 13.2908], [78.1027, 13.2933], [78.103, 13.2939], [78.1036, 13.2942], [78.1039, 13.2947], [78.1037, 13.2955], [78.1036, 13.2963], [78.1037, 13.2969], [78.103, 13.2975], [78.1027, 13.2976], [78.1027, 13.2983], [78.1036, 13.3007], [78.1042, 13.3031], [78.1045, 13.3043], [78.106, 13.3043], [78.1075, 13.3043]]]}, "properties": {"OBJECTID": 230374, "gpcode": "219058", "gpname": "MASTENAHALLI", "stname": "KARNATAKA", "dtname": "Kolar", "sdtname": "Srinivaspur", "stcode11": "29", "dtcode11": "581", "sdtcode11": "05590", "blklgdcode": "5874", "blkname": "SRINIVASPUR", "dt_lgd": 542, "sdt_lgd": 5590, "st_lgd": 29, "vilcode11": 0, "vilname11": "", "pan_local": "SRINIVASPUR", "b_pan_code": 6205, "b_pan_name": "SRINIVASPUR", "d_pan_code": 497, "d_pan_name": "KOLAR", "gp_code": "219058", "gp_name": "MASTENAHALLI", "st_2011": "29", "dt_2011": "581", "sdt_2011": "05590", "subdtname": "Srinivaspur", "block_name": "SRINIVASPUR", "blk_lgdcod": "5874", "dtcode14": "581", "SHAPE_Length": 31862.730457189096, "SHAPE_Area": 25063076.74755916}}, {"type": "Feature", "geometry": {"type": "Polygon", "coordinates": [[[78.3297, 13.5946], [78.3304, 13.5945], [78.3307, 13.5945], [78.3311, 13.5945], [78.3321, 13.5942], [78.3324, 13.5941], [78.3326, 13.594], [78.3336, 13.5938], [78.3338, 13.5937], [78.3341, 13.5936], [78.335, 13.5935], [78.3353, 13.5934], [78.3356, 13.5933], [78.3365, 13.5931], [78.3368, 13.593], [78.3371, 13.593], [78.338, 13.5927], [78.3383, 13.5926], [78.3386, 13.5926], [78.3395, 13.5923], [78.3397, 13.5923], [78.34, 13.5922], [78.3411, 13.5919], [78.3413, 13.5918], [78.3415, 13.5918], [78.3425, 13.5916], [78.3427, 13.5915], [78.343, 13.5914], [78.344, 13.5912], [78.3443, 13.5911], [78.3445, 13.5911], [78.3455, 13.5908], [78.3457, 13.5907], [78.3459, 13.5907], [78.3466, 13.5905], [78.3468, 13.5899], [78.3472, 13.5887], [78.3474, 13.5884], [78.348, 13.5881], [78.3482, 13.5878], [78.3482, 13.5877], [78.3486, 13.5869], [78.3492, 13.5871], [78.3499, 13.5874], [78.3503, 13.5872], [78.3506, 13.5872], [78.3512, 13.5875], [78.3512, 13.5874], [78.3519, 13.587], [78.352, 13.587], [78.3522, 13.5869], [78.3524, 13.5871], [78.3527, 13.5874], [78.3528, 13.5874], [78.353, 13.5873], [78.3533, 13.5873], [78.3539, 13.5871], [78.354, 13.5871], [78.3541, 13.5871], [78.3543, 13.5871], [78.3544, 13.5871], [78.3547, 13.5871], [78.3548, 13.5871], [78.355, 13.5871], [78.3553, 13.5872], [78.3554, 13.5873], [78.3557, 13.5874], [78.3561, 13.5875], [78.3564, 13.5876], [78.3566, 13.5877], [78.3581, 13.5882], [78.3584, 13.5883], [78.3592, 13.5885], [78.3593, 13.5885], [78.3594, 13.5886], [78.3604, 13.5888], [78.3605, 13.5888], [78.3609, 13.5889], [78.3612, 13.589], [78.3613, 13.589], [78.3616, 13.5888], [78.3617, 13.5888], [78.3619, 13.5887], [78.3626, 13.5883], [78.3633, 13.588], [78.3634, 13.5879], [78.3636, 13.588], [78.3637, 13.588], [78.3639, 13.588], [78.364, 13.588], [78.3641, 13.588], [78.3642, 13.588], [78.3644, 13.588], [78.3645, 13.588], [78.3646, 13.588], [78.3649, 13.5881], [78.3653, 13.5895], [78.3694, 13.5898], [78.3703, 13.59], [78.3706, 13.59], [78.3717, 13.5902], [78.372, 13.5903], [78.3724, 13.5903], [78.3732, 13.5905], [78.3733, 13.5905], [78.3737, 13.5905], [78.3739, 13.5905], [78.3748, 13.5906], [78.3752, 13.5906], [78.3755, 13.5906], [78.3764, 13.5907], [78.3766, 13.5907], [78.3769, 13.5907], [78.3779, 13.5908], [78.3781, 13.5908], [78.3785, 13.5908], [78.3794, 13.591], [78.3797, 13.591], [78.3799, 13.5911], [78.38, 13.5911], [78.3809, 13.5912], [78.3812, 13.5913], [78.3815, 13.5914], [78.3824, 13.5915], [78.3827, 13.5916], [78.383, 13.5916], [78.3837, 13.5917], [78.384, 13.5918], [78.3842, 13.5918], [78.3843, 13.5919], [78.3849, 13.5915], [78.3863, 13.5913], [78.3864, 13.5913], [78.387, 13.5912], [78.3878, 13.591], [78.3895, 13.5907], [78.3935, 13.5907], [78.3962, 13.5882], [78.3965, 13.5882], [78.3996, 13.5885], [78.4006, 13.5884], [78.402, 13.588], [78.4019, 13.5875], [78.4019, 13.5871], [78.4017, 13.5852], [78.4016, 13.5841], [78.4012, 13.5804], [78.4016, 13.5785], [78.4021, 13.5784], [78.4023, 13.5784], [78.4036, 13.5782], [78.4049, 13.5775], [78.4058, 13.5772], [78.4061, 13.5771], [78.4065, 13.577], [78.4067, 13.5769], [78.4063, 13.5762], [78.4062, 13.5761], [78.406, 13.5757], [78.4055, 13.5751], [78.4054, 13.5749], [78.4052, 13.5746], [78.4047, 13.5738], [78.4045, 13.5736], [78.4038, 13.5726], [78.4037, 13.5724], [78.4035, 13.5722], [78.403, 13.5715], [78.4029, 13.5713], [78.4028, 13.5712], [78.4023, 13.5703], [78.4022, 13.5702], [78.4018, 13.5688], [78.4018, 13.5687], [78.4016, 13.5678], [78.4015, 13.5675], [78.4014, 13.5673], [78.4013, 13.5664], [78.4013, 13.5661], [78.4012, 13.5659], [78.4009, 13.5651], [78.4008, 13.5649], [78.3993, 13.564], [78.3991, 13.5637], [78.399, 13.5636], [78.3987, 13.5631], [78.3964, 13.5572], [78.3931, 13.5526], [78.3934, 13.5451], [78.3936, 13.5406], [78.393, 13.5397], [78.3925, 13.539], [78.3924, 13.5388], [78.3912, 13.5369], [78.3869, 13.5297], [78.3841, 13.5249], [78.3825, 13.525], [78.3824, 13.5251], [78.3823, 13.5251], [78.3758, 13.5247], [78.3656, 13.5241], [78.3603, 13.5239], [78.3548, 13.5236], [78.3542, 13.5258], [78.3529, 13.5299], [78.3522, 13.5324], [78.3521, 13.5325], [78.3499, 13.5337], [78.3499, 13.5338], [78.3507, 13.5394], [78.3509, 13.5411], [78.3512, 13.5412], [78.3519, 13.5413], [78.3519, 13.5414], [78.3517, 13.5423], [78.3517, 13.5424], [78.3521, 13.5435], [78.3528, 13.544], [78.3538, 13.5457], [78.3538, 13.5458], [78.3522, 13.5466], [78.3501, 13.5477], [78.3481, 13.548], [78.3471, 13.5469], [78.346, 13.5457], [78.3456, 13.5477], [78.3459, 13.5486], [78.347, 13.5496], [78.3473, 13.5507], [78.3471, 13.5516], [78.346, 13.5522], [78.3457, 13.5524], [78.3431, 13.5546], [78.3426, 13.5548], [78.3414, 13.5554], [78.3426, 13.5577], [78.3447, 13.5622], [78.3432, 13.5626], [78.3437, 13.5657], [78.3442, 13.5691], [78.3434, 13.5697], [78.3445, 13.57], [78.345, 13.5727], [78.3461, 13.5733], [78.3475, 13.5741], [78.3484, 13.576], [78.3492, 13.5778], [78.3453, 13.58], [78.3441, 13.58], [78.3404, 13.5792], [78.3374, 13.5786], [78.3345, 13.5783], [78.3322, 13.5756], [78.3322, 13.5755], [78.3306, 13.5738], [78.3292, 13.5724], [78.326, 13.5726], [78.3213, 13.5729], [78.3169, 13.5722], [78.3159, 13.5753], [78.3126, 13.5756], [78.3116, 13.5768], [78.3109, 13.5771], [78.3103, 13.5766], [78.3101, 13.5778], [78.3098, 13.5793], [78.3106, 13.5807], [78.3105, 13.583], [78.3105, 13.5846], [78.3106, 13.587], [78.3106, 13.589], [78.3108, 13.5915], [78.3108, 13.5921], [78.3123, 13.5921], [78.3144, 13.5914], [78.3147, 13.5914], [78.3149, 13.5914], [78.315, 13.5914], [78.3152, 13.5915], [78.3161, 13.5917], [78.3163, 13.5919], [78.3165, 13.5919], [78.3175, 13.5923], [78.3177, 13.5923], [78.3179, 13.5924], [78.3189, 13.5927], [78.3191, 13.5927], [78.3194, 13.5928], [78.3203, 13.5931], [78.3207, 13.5932], [78.3208, 13.5933], [78.3217, 13.5936], [78.3219, 13.5936], [78.3222, 13.5937], [78.3232, 13.594], [78.3235, 13.5941], [78.3237, 13.5942], [78.3246, 13.5945], [78.3249, 13.5946], [78.3251, 13.5946], [78.3259, 13.5948], [78.3262, 13.5948], [78.3265, 13.5948], [78.3274, 13.5948], [78.3277, 13.5947], [78.3279, 13.5946], [78.3288, 13.5946], [78.3292, 13.5946], [78.3295, 13.5946], [78.3297, 13.5946]]]}, "properties": {"OBJECTID": 230375, "gpcode": "219059", "gpname": "MUDINADAGU", "stname": "KARNATAKA", "dtname": "Kolar", "sdtname": "Srinivaspur", "stcode11": "29", "dtcode11": "581", "sdtcode11": "05590", "blklgdcode": "5874", "blkname": "SRINIVASPUR", "dt_lgd": 542, "sdt_lgd": 5590, "st_lgd": 29, "vilcode11": 0, "vilname11": "", "pan_local": "SRINIVASPUR", "b_pan_code": 6205, "b_pan_name": "SRINIVASPUR", "d_pan_code": 497, "d_pan_name": "KOLAR", "gp_code": "219059", "gp_name": "MUDINADAGU", "st_2011": "29", "dt_2011": "581", "sdt_2011": "05590", "subdtname": "Srinivaspur", "block_name": "SRINIVASPUR", "blk_lgdcod": "5874", "dtcode14": "581", "SHAPE_Length": 38159.688030713325, "SHAPE_Area": 48211282.345169835}}, {"type": "Feature", "geometry": {"type": "Polygon", "coordinates": [[[78.3175, 13.3137], [78.3176, 13.3129], [78.3162, 13.3107], [78.3151, 13.3083], [78.3136, 13.3078], [78.3112, 13.3074], [78.3097, 13.3077], [78.3111, 13.3102], [78.311, 13.3109], [78.313, 13.3116], [78.315, 13.3127], [78.3167, 13.3134], [78.3175, 13.3137]]]}, "properties": {"OBJECTID": 230376, "gpcode": "219060", "gpname": "MUTTAKAPALI", "stname": "KARNATAKA", "dtname": "Kolar", "sdtname": "Srinivaspur", "stcode11": "29", "dtcode11": "581", "sdtcode11": "05590", "blklgdcode": "5874", "blkname": "SRINIVASPUR", "dt_lgd": 542, "sdt_lgd": 5590, "st_lgd": 29, "vilcode11": 0, "vilname11": "", "pan_local": "SRINIVASPUR", "b_pan_code": 6205, "b_pan_name": "SRINIVASPUR", "d_pan_code": 497, "d_pan_name": "KOLAR", "gp_code": "219060", "gp_name": "MUTTAKAPALI", "st_2011": "29", "dt_2011": "581", "sdt_2011": "05590", "subdtname": "Srinivaspur", "block_name": "SRINIVASPUR", "blk_lgdcod": "5874", "dtcode14": "581", "SHAPE_Length": 2506.865610210471, "SHAPE_Area": 308574.48082386627}}, {"type": "Feature", "geometry": {"type": "Polygon", "coordinates": [[[78.295, 13.3181], [78.295, 13.3156], [78.293, 13.3145], [78.291, 13.3139], [78.2891, 13.3145], [78.2869, 13.3152], [78.2852, 13.3159], [78.2833, 13.3151], [78.2807, 13.3147], [78.2792, 13.3144], [78.2771, 13.3156], [78.2748, 13.3173], [78.2728, 13.3186], [78.271, 13.3195], [78.2699, 13.3201], [78.2731, 13.3216], [78.2757, 13.3228], [78.2786, 13.3236], [78.2808, 13.3242], [78.2836, 13.3247], [78.2873, 13.3257], [78.2885, 13.326], [78.2906, 13.3258], [78.2933, 13.3256], [78.2943, 13.3216], [78.2946, 13.3198], [78.2939, 13.3188], [78.295, 13.3181]]]}, "properties": {"OBJECTID": 230377, "gpcode": "219060", "gpname": "MUTTAKAPALI", "stname": "KARNATAKA", "dtname": "Kolar", "sdtname": "Srinivaspur", "stcode11": "29", "dtcode11": "581", "sdtcode11": "05590", "blklgdcode": "5874", "blkname": "SRINIVASPUR", "dt_lgd": 542, "sdt_lgd": 5590, "st_lgd": 29, "vilcode11": 0, "vilname11": "", "pan_local": "SRINIVASPUR", "b_pan_code": 6205, "b_pan_name": "SRINIVASPUR", "d_pan_code": 497, "d_pan_name": "KOLAR", "gp_code": "219060", "gp_name": "MUTTAKAPALI", "st_2011": "29", "dt_2011": "581", "sdt_2011": "05590", "subdtname": "Srinivaspur", "block_name": "SRINIVASPUR", "blk_lgdcod": "5874", "dtcode14": "581", "SHAPE_Length": 7064.246755927135, "SHAPE_Area": 2566340.0028255787}}, {"type": "Feature", "geometry": {"type": "Polygon", "coordinates": [[[78.3175, 13.3137], [78.3169, 13.3139], [78.3172, 13.3155], [78.3179, 13.3175], [78.3181, 13.3188], [78.3173, 13.3193], [78.3178, 13.3206], [78.318, 13.3238], [78.318, 13.3263], [78.3179, 13.3276], [78.3142, 13.3271], [78.3112, 13.3268], [78.3075, 13.3262], [78.3049, 13.3275], [78.3019, 13.329], [78.3044, 13.33], [78.3051, 13.3307], [78.3056, 13.3315], [78.304, 13.3318], [78.3019, 13.3323], [78.3009, 13.3324], [78.301, 13.3339], [78.3011, 13.3355], [78.3007, 13.337], [78.299, 13.3399], [78.2987, 13.341], [78.2979, 13.3415], [78.2963, 13.3427], [78.2953, 13.3437], [78.2943, 13.3453], [78.294, 13.3457], [78.2932, 13.3481], [78.2938, 13.3495], [78.2938, 13.3504], [78.2939, 13.3523], [78.2949, 13.355], [78.2961, 13.3571], [78.2973, 13.3588], [78.2978, 13.3581], [78.2996, 13.3573], [78.3019, 13.3564], [78.3042, 13.3558], [78.3066, 13.3562], [78.3093, 13.3568], [78.3118, 13.3569], [78.3139, 13.3563], [78.3145, 13.3533], [78.3151, 13.351], [78.3155, 13.3496], [78.3157, 13.3467], [78.3167, 13.3428], [78.3173, 13.3401], [78.3176, 13.3388], [78.3201, 13.3388], [78.3216, 13.3391], [78.3236, 13.3396], [78.3242, 13.3397], [78.3263, 13.3399], [78.3291, 13.34], [78.3314, 13.3409], [78.3323, 13.3414], [78.3342, 13.3412], [78.3354, 13.3412], [78.3364, 13.3424], [78.3375, 13.3433], [78.3385, 13.344], [78.3393, 13.3448], [78.3394, 13.3454], [78.3384, 13.3454], [78.3379, 13.3479], [78.3373, 13.3502], [78.3375, 13.3525], [78.3379, 13.3536], [78.3388, 13.3545], [78.3387, 13.3551], [78.3378, 13.356], [78.3374, 13.3574], [78.3372, 13.3577], [78.336, 13.358], [78.3329, 13.3584], [78.3304, 13.3587], [78.3304, 13.3603], [78.3331, 13.3601], [78.3358, 13.3598], [78.3359, 13.3606], [78.3384, 13.3606], [78.3403, 13.3605], [78.3404, 13.3619], [78.3435, 13.3615], [78.3456, 13.36], [78.3478, 13.3585], [78.3514, 13.3579], [78.3543, 13.3575], [78.3584, 13.3568], [78.3615, 13.3564], [78.3642, 13.3559], [78.3667, 13.3556], [78.3664, 13.3573], [78.3658, 13.3587], [78.3696, 13.3583], [78.3697, 13.3583], [78.3708, 13.3615], [78.3745, 13.3619], [78.3761, 13.3611], [78.3776, 13.3631], [78.3848, 13.3595], [78.3866, 13.3586], [78.3949, 13.3543], [78.3932, 13.3507], [78.3944, 13.3504], [78.3963, 13.35], [78.3966, 13.3499], [78.3967, 13.3499], [78.4001, 13.3491], [78.4009, 13.3484], [78.4028, 13.3472], [78.4028, 13.3471], [78.4044, 13.3479], [78.4045, 13.3479], [78.4084, 13.3457], [78.4087, 13.3429], [78.4079, 13.3415], [78.4073, 13.3402], [78.4073, 13.3375], [78.4035, 13.3361], [78.4034, 13.3361], [78.4018, 13.3359], [78.399, 13.3357], [78.3979, 13.3349], [78.3964, 13.3343], [78.3944, 13.3338], [78.393, 13.3338], [78.3849, 13.3349], [78.3862, 13.3376], [78.3884, 13.3391], [78.3879, 13.3415], [78.3877, 13.3428], [78.383, 13.3436], [78.3795, 13.3385], [78.3783, 13.3372], [78.3778, 13.335], [78.3771, 13.332], [78.3824, 13.3316], [78.3871, 13.3318], [78.3922, 13.3253], [78.3993, 13.3207], [78.4011, 13.3155], [78.4017, 13.3138], [78.4024, 13.3111], [78.4022, 13.3096], [78.4014, 13.3073], [78.3991, 13.3081], [78.3977, 13.305], [78.3935, 13.3106], [78.3868, 13.3074], [78.3739, 13.3165], [78.361, 13.3149], [78.3608, 13.3149], [78.354, 13.3014], [78.3503, 13.3028], [78.3486, 13.3028], [78.3474, 13.3028], [78.344, 13.3023], [78.3409, 13.3021], [78.3386, 13.3019], [78.3376, 13.302], [78.3321, 13.3043], [78.331, 13.3053], [78.3308, 13.3054], [78.3288, 13.3065], [78.3262, 13.308], [78.3241, 13.309], [78.3223, 13.3093], [78.321, 13.3095], [78.3204, 13.3098], [78.3196, 13.3111], [78.3175, 13.3137]]]}, "properties": {"OBJECTID": 230378, "gpcode": "219060", "gpname": "MUTTAKAPALI", "stname": "KARNATAKA", "dtname": "Kolar", "sdtname": "Srinivaspur", "stcode11": "29", "dtcode11": "581", "sdtcode11": "05590", "blklgdcode": "5874", "blkname": "SRINIVASPUR", "dt_lgd": 542, "sdt_lgd": 5590, "st_lgd": 29, "vilcode11": 0, "vilname11": "", "pan_local": "SRINIVASPUR", "b_pan_code": 6205, "b_pan_name": "SRINIVASPUR", "d_pan_code": 497, "d_pan_name": "KOLAR", "gp_code": "219060", "gp_name": "MUTTAKAPALI", "st_2011": "29", "dt_2011": "581", "sdt_2011": "05590", "subdtname": "Srinivaspur", "block_name": "SRINIVASPUR", "blk_lgdcod": "5874", "dtcode14": "581", "SHAPE_Length": 51418.47687981199, "SHAPE_Area": 53217130.78411856}}, {"type": "Feature", "geometry": {"type": "Polygon", "coordinates": [[[78.3658, 13.3587], [78.3632, 13.3597], [78.3616, 13.3614], [78.3602, 13.3646], [78.359, 13.367], [78.3583, 13.3673], [78.355, 13.3681], [78.3527, 13.3686], [78.3524, 13.3702], [78.3524, 13.3725], [78.3526, 13.3742], [78.3529, 13.3756], [78.3528, 13.3763], [78.3539, 13.3773], [78.3565, 13.3777], [78.3607, 13.3776], [78.3634, 13.3768], [78.3634, 13.3734], [78.3635, 13.372], [78.3649, 13.3709], [78.368, 13.3705], [78.3651, 13.3618], [78.3658, 13.3587]]]}, "properties": {"OBJECTID": 230379, "gpcode": "219060", "gpname": "MUTTAKAPALI", "stname": "KARNATAKA", "dtname": "Kolar", "sdtname": "Srinivaspur", "stcode11": "29", "dtcode11": "581", "sdtcode11": "05590", "blklgdcode": "5874", "blkname": "SRINIVASPUR", "dt_lgd": 542, "sdt_lgd": 5590, "st_lgd": 29, "vilcode11": 0, "vilname11": "", "pan_local": "SRINIVASPUR", "b_pan_code": 6205, "b_pan_name": "SRINIVASPUR", "d_pan_code": 497, "d_pan_name": "KOLAR", "gp_code": "219060", "gp_name": "MUTTAKAPALI", "st_2011": "29", "dt_2011": "581", "sdt_2011": "05590", "subdtname": "Srinivaspur", "block_name": "SRINIVASPUR", "blk_lgdcod": "5874", "dtcode14": "581", "SHAPE_Length": 6662.438607036752, "SHAPE_Area": 2044375.5358178918}}, {"type": "Feature", "geometry": {"type": "Polygon", "coordinates": [[[78.1545, 13.3545], [78.1572, 13.3536], [78.158, 13.3536], [78.1589, 13.3537], [78.1603, 13.3539], [78.1612, 13.3539], [78.1629, 13.3539], [78.164, 13.3541], [78.1651, 13.3544], [78.166, 13.3545], [78.1667, 13.3546], [78.1668, 13.3552], [78.1681, 13.3553], [78.1682, 13.3548], [78.1682, 13.3538], [78.1685, 13.3536], [78.1692, 13.3537], [78.1699, 13.3538], [78.1698, 13.3533], [78.1694, 13.3524], [78.1692, 13.3521], [78.169, 13.3517], [78.1688, 13.3513], [78.1687, 13.3507], [78.1687, 13.35], [78.1688, 13.3495], [78.1691, 13.3493], [78.1693, 13.3485], [78.1696, 13.3475], [78.1698, 13.3464], [78.1694, 13.3463], [78.1686, 13.3464], [78.1675, 13.3463], [78.166, 13.3456], [78.1645, 13.3449], [78.1624, 13.3439], [78.1608, 13.3432], [78.1594, 13.3425], [78.1578, 13.3417], [78.1563, 13.3411], [78.1571, 13.3398], [78.1577, 13.3384], [78.1583, 13.3374], [78.1592, 13.3355], [78.1594, 13.3348], [78.1596, 13.3345], [78.1599, 13.3339], [78.1602, 13.3332], [78.1604, 13.3327], [78.1607, 13.3319], [78.1611, 13.331], [78.1617, 13.3296], [78.1622, 13.3294], [78.1625, 13.3291], [78.1628, 13.329], [78.1638, 13.329], [78.1652, 13.3289], [78.1656, 13.3289], [78.1661, 13.3287], [78.167, 13.3287], [78.1676, 13.3287], [78.1682, 13.3287], [78.1684, 13.3286], [78.1684, 13.3283], [78.1683, 13.3282], [78.1686, 13.3281], [78.1692, 13.3278], [78.1698, 13.3277], [78.1707, 13.3277], [78.1715, 13.3274], [78.1728, 13.3269], [78.1727, 13.326], [78.1726, 13.325], [78.1725, 13.3239], [78.1724, 13.3233], [78.1723, 13.3222], [78.1722, 13.3209], [78.1725, 13.3205], [78.1722, 13.3205], [78.1717, 13.3204], [78.1717, 13.3199], [78.1717, 13.3193], [78.1717, 13.3189], [78.1713, 13.3188], [78.1711, 13.3184], [78.1722, 13.3187], [78.1722, 13.3197], [78.1727, 13.3196], [78.1729, 13.3191], [78.1729, 13.3181], [78.1729, 13.3177], [78.1729, 13.3171], [78.1729, 13.3162], [78.1729, 13.3155], [78.1732, 13.315], [78.173, 13.3144], [78.1729, 13.3142], [78.1731, 13.3139], [78.173, 13.3136], [78.1726, 13.3129], [78.1721, 13.3129], [78.1718, 13.3126], [78.1725, 13.3123], [78.1725, 13.3118], [78.1725, 13.311], [78.1722, 13.311], [78.1716, 13.3109], [78.1715, 13.3103], [78.1714, 13.3101], [78.1708, 13.3101], [78.1703, 13.3101], [78.1701, 13.31], [78.17, 13.3094], [78.1698, 13.3087], [78.1697, 13.3083], [78.1696, 13.3076], [78.1696, 13.3075], [78.1691, 13.3074], [78.1685, 13.3073], [78.1681, 13.3072], [78.1675, 13.3064], [78.1674, 13.3061], [78.1672, 13.3057], [78.167, 13.3052], [78.1669, 13.3044], [78.1666, 13.3035], [78.1662, 13.3032], [78.1661, 13.3025], [78.1659, 13.3015], [78.1656, 13.3006], [78.1653, 13.2993], [78.1651, 13.2984], [78.1648, 13.2978], [78.1645, 13.2972], [78.1641, 13.2964], [78.1638, 13.2958], [78.1633, 13.2948], [78.1627, 13.2936], [78.1628, 13.293], [78.1629, 13.2919], [78.163, 13.2905], [78.1632, 13.2894], [78.1632, 13.2885], [78.1632, 13.2881], [78.163, 13.2883], [78.1626, 13.289], [78.1625, 13.2894], [78.1619, 13.2906], [78.1591, 13.2911], [78.1569, 13.2914], [78.1552, 13.2918], [78.1536, 13.292], [78.1524, 13.2923], [78.1508, 13.2925], [78.1512, 13.2938], [78.1516, 13.2948], [78.1494, 13.296], [78.1473, 13.2969], [78.1457, 13.298], [78.1438, 13.2986], [78.1416, 13.2993], [78.1392, 13.2996], [78.1367, 13.3], [78.1357, 13.3003], [78.1358, 13.3011], [78.136, 13.3023], [78.1363, 13.3037], [78.1365, 13.3043], [78.136, 13.3046], [78.1345, 13.3054], [78.133, 13.3062], [78.1317, 13.3068], [78.1306, 13.3073], [78.1293, 13.3077], [78.1279, 13.3079], [78.1259, 13.3081], [78.1239, 13.3083], [78.1232, 13.3084], [78.123, 13.3091], [78.1233, 13.3097], [78.1228, 13.3101], [78.1222, 13.3104], [78.1222, 13.311], [78.1222, 13.3123], [78.1223, 13.3137], [78.1222, 13.3143], [78.1221, 13.3149], [78.1218, 13.3155], [78.1207, 13.3163], [78.1198, 13.3166], [78.1181, 13.3167], [78.1174, 13.3168], [78.1163, 13.3172], [78.1149, 13.3178], [78.1144, 13.3183], [78.1134, 13.3191], [78.1119, 13.3204], [78.1109, 13.3214], [78.1096, 13.3226], [78.109, 13.3233], [78.11, 13.3244], [78.1101, 13.3245], [78.1124, 13.3247], [78.1157, 13.3252], [78.1163, 13.3253], [78.1177, 13.3256], [78.119, 13.3258], [78.1203, 13.326], [78.121, 13.3261], [78.123, 13.3264], [78.1238, 13.3266], [78.1241, 13.3269], [78.1246, 13.3274], [78.1252, 13.3275], [78.1259, 13.3278], [78.1262, 13.3273], [78.1267, 13.3268], [78.1273, 13.327], [78.1273, 13.3277], [78.1276, 13.3281], [78.1289, 13.3282], [78.1302, 13.3283], [78.1308, 13.3284], [78.1312, 13.3302], [78.1315, 13.3314], [78.1316, 13.3323], [78.1327, 13.3317], [78.1333, 13.3314], [78.1341, 13.3312], [78.134, 13.3324], [78.1338, 13.3336], [78.1337, 13.335], [78.1336, 13.3361], [78.1335, 13.3375], [78.1334, 13.3388], [78.1333, 13.3393], [78.1325, 13.3399], [78.1318, 13.3406], [78.1315, 13.3413], [78.1312, 13.3425], [78.1308, 13.346], [78.1308, 13.3471], [78.1309, 13.3488], [78.1311, 13.35], [78.1314, 13.3513], [78.1319, 13.3525], [78.1328, 13.3528], [78.1339, 13.3529], [78.1347, 13.3526], [78.136, 13.3523], [78.138, 13.3519], [78.14, 13.3517], [78.1426, 13.3514], [78.1446, 13.3511], [78.1465, 13.3509], [78.1487, 13.3507], [78.1503, 13.3506], [78.1503, 13.3514], [78.1503, 13.353], [78.1502, 13.3547], [78.1502, 13.3558], [78.1518, 13.3553], [78.1533, 13.3549], [78.1545, 13.3545]]]}, "properties": {"OBJECTID": 230380, "gpcode": "219061", "gpname": "NANBIHALLI", "stname": "KARNATAKA", "dtname": "Kolar", "sdtname": "Srinivaspur", "stcode11": "29", "dtcode11": "581", "sdtcode11": "05590", "blklgdcode": "5874", "blkname": "SRINIVASPUR", "dt_lgd": 542, "sdt_lgd": 5590, "st_lgd": 29, "vilcode11": 0, "vilname11": "", "pan_local": "SRINIVASPUR", "b_pan_code": 6205, "b_pan_name": "SRINIVASPUR", "d_pan_code": 497, "d_pan_name": "KOLAR", "gp_code": "219061", "gp_name": "NANBIHALLI", "st_2011": "29", "dt_2011": "581", "sdt_2011": "05590", "subdtname": "Srinivaspur", "block_name": "SRINIVASPUR", "blk_lgdcod": "5874", "dtcode14": "581", "SHAPE_Length": 30588.211537026298, "SHAPE_Area": 28655214.86567208}}, {"type": "Feature", "geometry": {"type": "Polygon", "coordinates": [[[78.294, 13.4125], [78.2938, 13.411], [78.2916, 13.4114], [78.2878, 13.4121], [78.2846, 13.4126], [78.285, 13.4137], [78.2866, 13.415], [78.2868, 13.4168], [78.2871, 13.4194], [78.2876, 13.4222], [78.2887, 13.422], [78.2899, 13.4218], [78.2914, 13.4213], [78.2933, 13.4203], [78.2948, 13.419], [78.2946, 13.4161], [78.2942, 13.4138], [78.294, 13.4125]]]}, "properties": {"OBJECTID": 230381, "gpcode": "219062", "gpname": "NELAVANKI", "stname": "KARNATAKA", "dtname": "Kolar", "sdtname": "Srinivaspur", "stcode11": "29", "dtcode11": "581", "sdtcode11": "05590", "blklgdcode": "5874", "blkname": "SRINIVASPUR", "dt_lgd": 542, "sdt_lgd": 5590, "st_lgd": 29, "vilcode11": 0, "vilname11": "", "pan_local": "SRINIVASPUR", "b_pan_code": 6205, "b_pan_name": "SRINIVASPUR", "d_pan_code": 497, "d_pan_name": "KOLAR", "gp_code": "219062", "gp_name": "NELAVANKI", "st_2011": "29", "dt_2011": "581", "sdt_2011": "05590", "subdtname": "Srinivaspur", "block_name": "SRINIVASPUR", "blk_lgdcod": "5874", "dtcode14": "581", "SHAPE_Length": 4046.2873002219003, "SHAPE_Area": 960784.6580753732}}, {"type": "Feature", "geometry": {"type": "Polygon", "coordinates": [[[78.338, 13.4321], [78.3368, 13.4319], [78.3349, 13.4323], [78.3333, 13.4331], [78.3314, 13.4342], [78.3301, 13.4356], [78.329, 13.4364], [78.3285, 13.4365], [78.331, 13.4371], [78.3335, 13.4375], [78.3355, 13.4377], [78.3365, 13.4382], [78.337, 13.4397], [78.3369, 13.4411], [78.3364, 13.4425], [78.3375, 13.4419], [78.3401, 13.4409], [78.34, 13.4396], [78.3398, 13.4378], [78.3394, 13.4361], [78.3389, 13.4344], [78.338, 13.4321]]]}, "properties": {"OBJECTID": 230382, "gpcode": "219062", "gpname": "NELAVANKI", "stname": "KARNATAKA", "dtname": "Kolar", "sdtname": "Srinivaspur", "stcode11": "29", "dtcode11": "581", "sdtcode11": "05590", "blklgdcode": "5874", "blkname": "SRINIVASPUR", "dt_lgd": 542, "sdt_lgd": 5590, "st_lgd": 29, "vilcode11": 0, "vilname11": "", "pan_local": "SRINIVASPUR", "b_pan_code": 6205, "b_pan_name": "SRINIVASPUR", "d_pan_code": 497, "d_pan_name": "KOLAR", "gp_code": "219062", "gp_name": "NELAVANKI", "st_2011": "29", "dt_2011": "581", "sdt_2011": "05590", "subdtname": "Srinivaspur", "block_name": "SRINIVASPUR", "blk_lgdcod": "5874", "dtcode14": "581", "SHAPE_Length": 4142.994592260239, "SHAPE_Area": 689775.5107586589}}, {"type": "Feature", "geometry": {"type": "Polygon", "coordinates": [[[78.3142, 13.5125], [78.3141, 13.5106], [78.3148, 13.5098], [78.3144, 13.5086], [78.3153, 13.5068], [78.3156, 13.5063], [78.3146, 13.5032], [78.3137, 13.5011], [78.3125, 13.4991], [78.312, 13.4978], [78.3108, 13.4965], [78.31, 13.4954], [78.3097, 13.4939], [78.3095, 13.4929], [78.3087, 13.4913], [78.3086, 13.4907], [78.3077, 13.4912], [78.3058, 13.4921], [78.3044, 13.493], [78.303, 13.4935], [78.3013, 13.4931], [78.298, 13.4923], [78.2985, 13.4913], [78.2993, 13.4896], [78.3, 13.4883], [78.3001, 13.4861], [78.3003, 13.4845], [78.2992, 13.4838], [78.2995, 13.4836], [78.2996, 13.4834], [78.2996, 13.4833], [78.2992, 13.4832], [78.299, 13.4832], [78.2987, 13.4831], [78.2986, 13.483], [78.2986, 13.4827], [78.2989, 13.4826], [78.2998, 13.4826], [78.3001, 13.4822], [78.3007, 13.4812], [78.3012, 13.4813], [78.3015, 13.4814], [78.3022, 13.4814], [78.3033, 13.4815], [78.3037, 13.4815], [78.3039, 13.4814], [78.3042, 13.4806], [78.3043, 13.48], [78.3044, 13.4791], [78.3039, 13.4774], [78.3036, 13.4753], [78.3037, 13.4738], [78.304, 13.4724], [78.3044, 13.4707], [78.305, 13.4691], [78.3052, 13.4679], [78.3054, 13.4671], [78.3056, 13.467], [78.3049, 13.4655], [78.3038, 13.464], [78.3031, 13.4621], [78.3023, 13.4602], [78.3019, 13.4596], [78.3016, 13.4586], [78.3008, 13.4574], [78.2998, 13.4556], [78.2991, 13.4543], [78.2983, 13.4526], [78.2974, 13.4512], [78.2963, 13.4499], [78.2954, 13.4494], [78.2945, 13.4487], [78.2941, 13.4478], [78.2943, 13.4467], [78.2933, 13.4468], [78.2923, 13.4472], [78.2915, 13.4464], [78.2912, 13.4452], [78.2909, 13.4434], [78.2907, 13.4418], [78.2906, 13.441], [78.2901, 13.4389], [78.2901, 13.437], [78.2891, 13.4375], [78.288, 13.4383], [78.2866, 13.4394], [78.2852, 13.4402], [78.2837, 13.4406], [78.2827, 13.4408], [78.2822, 13.4416], [78.2814, 13.4415], [78.2804, 13.4415], [78.2793, 13.4422], [78.2785, 13.4426], [78.2774, 13.4429], [78.2768, 13.4432], [78.2752, 13.444], [78.2739, 13.4445], [78.2729, 13.4448], [78.2723, 13.4459], [78.2701, 13.4389], [78.2679, 13.4403], [78.2639, 13.4424], [78.2595, 13.4447], [78.2597, 13.4465], [78.2592, 13.448], [78.259, 13.4492], [78.2569, 13.4491], [78.2554, 13.449], [78.2545, 13.4485], [78.2536, 13.4477], [78.2533, 13.4475], [78.2523, 13.4476], [78.2516, 13.4481], [78.2509, 13.4485], [78.2509, 13.4477], [78.2509, 13.4463], [78.2503, 13.4461], [78.2488, 13.4457], [78.2485, 13.4456], [78.2475, 13.4452], [78.2469, 13.4451], [78.2465, 13.4453], [78.246, 13.4459], [78.2457, 13.4465], [78.2454, 13.4471], [78.2452, 13.4475], [78.2445, 13.4475], [78.244, 13.4473], [78.2435, 13.4474], [78.2433, 13.4478], [78.2425, 13.4489], [78.2419, 13.4498], [78.2413, 13.4507], [78.2406, 13.4515], [78.2401, 13.4523], [78.2401, 13.4537], [78.2401, 13.4547], [78.2401, 13.4551], [78.2398, 13.4561], [78.2398, 13.4568], [78.24, 13.4575], [78.2407, 13.4591], [78.2412, 13.4609], [78.2417, 13.4622], [78.2422, 13.4638], [78.2427, 13.4653], [78.2432, 13.4671], [78.2437, 13.4695], [78.2439, 13.4707], [78.2441, 13.4717], [78.2444, 13.4733], [78.2447, 13.4746], [78.2447, 13.4753], [78.244, 13.4764], [78.2434, 13.4771], [78.2424, 13.4787], [78.2428, 13.4789], [78.2436, 13.4796], [78.2444, 13.4803], [78.2454, 13.4811], [78.2464, 13.4819], [78.2474, 13.4825], [78.2484, 13.4832], [78.2488, 13.4835], [78.25, 13.4842], [78.2512, 13.4852], [78.257, 13.4898], [78.2584, 13.4926], [78.2596, 13.4951], [78.2655, 13.495], [78.2698, 13.495], [78.2711, 13.495], [78.2725, 13.4948], [78.2743, 13.4946], [78.2761, 13.494], [78.2774, 13.4937], [78.2793, 13.4931], [78.2812, 13.4938], [78.2826, 13.4942], [78.2826, 13.4955], [78.2832, 13.4956], [78.285, 13.4954], [78.2876, 13.4963], [78.2886, 13.4965], [78.2897, 13.4968], [78.2913, 13.4969], [78.2946, 13.4977], [78.2973, 13.4981], [78.2987, 13.4987], [78.3007, 13.4999], [78.3019, 13.5012], [78.3028, 13.5066], [78.3039, 13.5108], [78.3046, 13.5133], [78.3073, 13.5128], [78.31, 13.5124], [78.3096, 13.5136], [78.3094, 13.5148], [78.309, 13.5153], [78.3094, 13.5159], [78.3095, 13.5161], [78.3098, 13.5166], [78.3107, 13.5182], [78.3109, 13.5193], [78.3109, 13.5194], [78.3139, 13.5174], [78.3147, 13.5168], [78.3148, 13.5167], [78.3158, 13.5159], [78.3148, 13.5142], [78.3142, 13.5125]]]}, "properties": {"OBJECTID": 230383, "gpcode": "219062", "gpname": "NELAVANKI", "stname": "KARNATAKA", "dtname": "Kolar", "sdtname": "Srinivaspur", "stcode11": "29", "dtcode11": "581", "sdtcode11": "05590", "blklgdcode": "5874", "blkname": "SRINIVASPUR", "dt_lgd": 542, "sdt_lgd": 5590, "st_lgd": 29, "vilcode11": 0, "vilname11": "", "pan_local": "SRINIVASPUR", "b_pan_code": 6205, "b_pan_name": "SRINIVASPUR", "d_pan_code": 497, "d_pan_name": "KOLAR", "gp_code": "219062", "gp_name": "NELAVANKI", "st_2011": "29", "dt_2011": "581", "sdt_2011": "05590", "subdtname": "Srinivaspur", "block_name": "SRINIVASPUR", "blk_lgdcod": "5874", "dtcode14": "581", "SHAPE_Length": 34844.833478794644, "SHAPE_Area": 39667780.56603455}}, {"type": "Feature", "geometry": {"type": "Polygon", "coordinates": [[[78.3733, 13.4547], [78.3728, 13.4521], [78.373, 13.4516], [78.3744, 13.4496], [78.375, 13.4482], [78.3757, 13.4439], [78.3784, 13.4437], [78.3787, 13.4419], [78.379, 13.4401], [78.3764, 13.4395], [78.3763, 13.4382], [78.3761, 13.4377], [78.3756, 13.4374], [78.3762, 13.4357], [78.377, 13.4337], [78.3775, 13.4319], [78.3775, 13.4305], [78.3773, 13.4255], [78.3774, 13.424], [78.3785, 13.4218], [78.3808, 13.4189], [78.3798, 13.4163], [78.3792, 13.4148], [78.3811, 13.4088], [78.3812, 13.4064], [78.3817, 13.397], [78.3729, 13.3952], [78.3721, 13.3955], [78.3713, 13.397], [78.3706, 13.3976], [78.3707, 13.3991], [78.3705, 13.401], [78.3701, 13.4025], [78.367, 13.404], [78.3649, 13.405], [78.3632, 13.4058], [78.3605, 13.4082], [78.358, 13.4101], [78.3562, 13.4109], [78.3545, 13.4117], [78.3518, 13.4128], [78.349, 13.4145], [78.3471, 13.4153], [78.3458, 13.4145], [78.3443, 13.4131], [78.3434, 13.4117], [78.3423, 13.4101], [78.3414, 13.4084], [78.3403, 13.4069], [78.3393, 13.4083], [78.3376, 13.41], [78.3369, 13.4097], [78.3353, 13.4093], [78.3346, 13.409], [78.3312, 13.4109], [78.3298, 13.411], [78.3292, 13.4093], [78.328, 13.4095], [78.3274, 13.4098], [78.3265, 13.4081], [78.3257, 13.4065], [78.3288, 13.4046], [78.3305, 13.4041], [78.3309, 13.4056], [78.3329, 13.4056], [78.3318, 13.4038], [78.3303, 13.4013], [78.3292, 13.3992], [78.3281, 13.3965], [78.3276, 13.3953], [78.326, 13.3956], [78.3241, 13.3963], [78.322, 13.3969], [78.3213, 13.3982], [78.3197, 13.4004], [78.3171, 13.4015], [78.3164, 13.4015], [78.3149, 13.4025], [78.3134, 13.4035], [78.3097, 13.4035], [78.306, 13.4044], [78.3043, 13.4044], [78.3026, 13.4043], [78.3022, 13.4043], [78.3011, 13.4052], [78.3, 13.4059], [78.2986, 13.406], [78.2966, 13.4077], [78.2954, 13.4093], [78.2938, 13.411], [78.2968, 13.4108], [78.2994, 13.4109], [78.3026, 13.4116], [78.3044, 13.412], [78.3058, 13.4133], [78.3077, 13.4152], [78.3091, 13.4169], [78.3092, 13.4185], [78.3095, 13.4197], [78.3097, 13.4206], [78.3104, 13.4216], [78.3109, 13.4222], [78.311, 13.4242], [78.3111, 13.4254], [78.311, 13.4279], [78.3138, 13.4303], [78.3158, 13.4318], [78.3158, 13.4325], [78.316, 13.4352], [78.313, 13.4355], [78.31, 13.4355], [78.3119, 13.4376], [78.3129, 13.4394], [78.3132, 13.4404], [78.3139, 13.442], [78.3154, 13.4446], [78.3166, 13.4471], [78.3179, 13.4498], [78.3189, 13.4497], [78.32, 13.4504], [78.3212, 13.4507], [78.3234, 13.4498], [78.3253, 13.4494], [78.3259, 13.4496], [78.3277, 13.4493], [78.3281, 13.4473], [78.3312, 13.4477], [78.3315, 13.4489], [78.3315, 13.451], [78.3318, 13.4524], [78.3331, 13.4534], [78.3342, 13.4537], [78.3359, 13.454], [78.3377, 13.4544], [78.3385, 13.4541], [78.3395, 13.4531], [78.3419, 13.4537], [78.3436, 13.454], [78.3451, 13.4541], [78.3457, 13.4572], [78.3463, 13.4597], [78.3489, 13.4605], [78.3516, 13.4617], [78.3534, 13.4623], [78.3576, 13.4624], [78.3615, 13.4628], [78.3628, 13.466], [78.3639, 13.4683], [78.3664, 13.4683], [78.3711, 13.4682], [78.3721, 13.4642], [78.3724, 13.4634], [78.3727, 13.4627], [78.3746, 13.4619], [78.3733, 13.4547]], [[78.3349, 13.4323], [78.3368, 13.4319], [78.338, 13.4321], [78.3389, 13.4344], [78.3394, 13.4361], [78.3398, 13.4378], [78.34, 13.4396], [78.3401, 13.4409], [78.3375, 13.4419], [78.3364, 13.4425], [78.3369, 13.4411], [78.337, 13.4397], [78.3365, 13.4382], [78.3355, 13.4377], [78.3335, 13.4375], [78.331, 13.4371], [78.3285, 13.4365], [78.329, 13.4364], [78.3301, 13.4356], [78.3314, 13.4342], [78.3333, 13.4331], [78.3349, 13.4323]]]}, "properties": {"OBJECTID": 230384, "gpcode": "219063", "gpname": "PULAGURKOTA", "stname": "KARNATAKA", "dtname": "Kolar", "sdtname": "Srinivaspur", "stcode11": "29", "dtcode11": "581", "sdtcode11": "05590", "blklgdcode": "5874", "blkname": "SRINIVASPUR", "dt_lgd": 542, "sdt_lgd": 5590, "st_lgd": 29, "vilcode11": 0, "vilname11": "", "pan_local": "SRINIVASPUR", "b_pan_code": 6205, "b_pan_name": "SRINIVASPUR", "d_pan_code": 497, "d_pan_name": "KOLAR", "gp_code": "219063", "gp_name": "PULAGURKOTA", "st_2011": "29", "dt_2011": "581", "sdt_2011": "05590", "subdtname": "Srinivaspur", "block_name": "SRINIVASPUR", "blk_lgdcod": "5874", "dtcode14": "581", "SHAPE_Length": 43189.32539164785, "SHAPE_Area": 44093435.88072909}}, {"type": "Feature", "geometry": {"type": "Polygon", "coordinates": [[[78.3781, 13.5002], [78.3777, 13.4957], [78.3787, 13.4857], [78.3788, 13.482], [78.3774, 13.4835], [78.3743, 13.4856], [78.3713, 13.4873], [78.3678, 13.4893], [78.3653, 13.4911], [78.3585, 13.4934], [78.3592, 13.4955], [78.3596, 13.4976], [78.3593, 13.4993], [78.3589, 13.5004], [78.3587, 13.5012], [78.359, 13.5022], [78.3609, 13.5012], [78.3624, 13.5004], [78.3651, 13.4996], [78.3674, 13.499], [78.3691, 13.4991], [78.371, 13.5003], [78.3717, 13.5012], [78.3734, 13.5052], [78.3744, 13.509], [78.3747, 13.509], [78.3753, 13.509], [78.3768, 13.5052], [78.3767, 13.5051], [78.3747, 13.5036], [78.3748, 13.5027], [78.3769, 13.501], [78.3779, 13.5003], [78.3781, 13.5002]]]}, "properties": {"OBJECTID": 230385, "gpcode": "219063", "gpname": "PULAGURKOTA", "stname": "KARNATAKA", "dtname": "Kolar", "sdtname": "Srinivaspur", "stcode11": "29", "dtcode11": "581", "sdtcode11": "05590", "blklgdcode": "5874", "blkname": "SRINIVASPUR", "dt_lgd": 542, "sdt_lgd": 5590, "st_lgd": 29, "vilcode11": 0, "vilname11": "", "pan_local": "SRINIVASPUR", "b_pan_code": 6205, "b_pan_name": "SRINIVASPUR", "d_pan_code": 497, "d_pan_name": "KOLAR", "gp_code": "219063", "gp_name": "PULAGURKOTA", "st_2011": "29", "dt_2011": "581", "sdt_2011": "05590", "subdtname": "Srinivaspur", "block_name": "SRINIVASPUR", "blk_lgdcod": "5874", "dtcode14": "581", "SHAPE_Length": 9703.366914413813, "SHAPE_Area": 3114686.0542492587}}, {"type": "Feature", "geometry": {"type": "Polygon", "coordinates": [[[78.3457, 13.5524], [78.346, 13.5522], [78.3471, 13.5516], [78.3473, 13.5507], [78.347, 13.5496], [78.3459, 13.5486], [78.3456, 13.5477], [78.346, 13.5457], [78.3471, 13.5469], [78.3481, 13.548], [78.3501, 13.5477], [78.3522, 13.5466], [78.3538, 13.5458], [78.3538, 13.5457], [78.3528, 13.544], [78.3521, 13.5435], [78.3517, 13.5424], [78.3517, 13.5423], [78.3519, 13.5414], [78.3519, 13.5413], [78.3512, 13.5412], [78.3509, 13.5411], [78.3507, 13.5394], [78.3499, 13.5338], [78.3499, 13.5337], [78.3521, 13.5325], [78.3522, 13.5324], [78.3529, 13.5299], [78.3542, 13.5258], [78.3548, 13.5236], [78.3603, 13.5239], [78.3656, 13.5241], [78.3758, 13.5247], [78.3823, 13.5251], [78.3824, 13.5251], [78.3825, 13.525], [78.3841, 13.5249], [78.3843, 13.5218], [78.3855, 13.5156], [78.3836, 13.515], [78.3833, 13.5139], [78.3818, 13.5137], [78.3808, 13.5129], [78.3806, 13.5126], [78.3804, 13.5122], [78.3772, 13.5102], [78.3762, 13.5098], [78.3753, 13.509], [78.3747, 13.509], [78.3744, 13.509], [78.3734, 13.5052], [78.3717, 13.5012], [78.371, 13.5003], [78.3691, 13.4991], [78.3674, 13.499], [78.3651, 13.4996], [78.3624, 13.5004], [78.3609, 13.5012], [78.359, 13.5022], [78.3587, 13.5012], [78.3589, 13.5004], [78.3593, 13.4993], [78.3596, 13.4976], [78.3592, 13.4955], [78.3585, 13.4934], [78.3653, 13.4911], [78.3678, 13.4893], [78.3713, 13.4873], [78.3743, 13.4856], [78.3774, 13.4835], [78.3788, 13.482], [78.3767, 13.4794], [78.3746, 13.4769], [78.3723, 13.4724], [78.3708, 13.4695], [78.3711, 13.4682], [78.3664, 13.4683], [78.3639, 13.4683], [78.3624, 13.47], [78.3594, 13.473], [78.3556, 13.4767], [78.3514, 13.4812], [78.3494, 13.4829], [78.3478, 13.4822], [78.3448, 13.4805], [78.3418, 13.4788], [78.34, 13.4778], [78.3383, 13.4769], [78.3372, 13.4754], [78.3359, 13.4762], [78.3335, 13.4776], [78.3303, 13.4799], [78.3281, 13.4816], [78.3281, 13.4851], [78.328, 13.4884], [78.328, 13.4913], [78.3259, 13.4917], [78.3244, 13.4925], [78.3224, 13.4928], [78.3216, 13.4927], [78.3203, 13.4917], [78.3185, 13.4909], [78.3174, 13.4901], [78.3157, 13.4901], [78.3119, 13.4898], [78.3102, 13.4898], [78.3086, 13.4907], [78.3087, 13.4913], [78.3095, 13.4929], [78.3097, 13.4939], [78.31, 13.4954], [78.3108, 13.4965], [78.312, 13.4978], [78.3125, 13.4991], [78.3137, 13.5011], [78.3146, 13.5032], [78.3156, 13.5063], [78.3188, 13.5077], [78.3205, 13.5079], [78.3228, 13.5095], [78.3238, 13.511], [78.3247, 13.5138], [78.3242, 13.5154], [78.3241, 13.5166], [78.3258, 13.517], [78.3274, 13.5173], [78.3282, 13.5177], [78.3283, 13.5178], [78.3297, 13.5209], [78.3303, 13.5228], [78.3321, 13.5236], [78.3325, 13.5254], [78.3322, 13.5266], [78.3316, 13.5274], [78.3316, 13.5275], [78.332, 13.5284], [78.3325, 13.5298], [78.3326, 13.5299], [78.3325, 13.5299], [78.3321, 13.531], [78.3321, 13.5311], [78.3321, 13.531], [78.3305, 13.5306], [78.3296, 13.5315], [78.3289, 13.5308], [78.3286, 13.5295], [78.3264, 13.5293], [78.3253, 13.5296], [78.3252, 13.5296], [78.3253, 13.5296], [78.3258, 13.5311], [78.3241, 13.5312], [78.323, 13.5312], [78.323, 13.5313], [78.323, 13.5318], [78.3233, 13.534], [78.3233, 13.5341], [78.3233, 13.5349], [78.3233, 13.5352], [78.3233, 13.5374], [78.3233, 13.5388], [78.3227, 13.5418], [78.3226, 13.5427], [78.3226, 13.5428], [78.3242, 13.544], [78.3251, 13.5446], [78.3264, 13.5454], [78.3265, 13.5455], [78.3267, 13.5465], [78.3267, 13.5474], [78.3268, 13.5486], [78.3277, 13.5504], [78.3285, 13.5534], [78.329, 13.5541], [78.3291, 13.5542], [78.3358, 13.5528], [78.3389, 13.5521], [78.3405, 13.553], [78.3414, 13.5524], [78.3414, 13.5523], [78.3422, 13.5526], [78.3426, 13.5548], [78.3431, 13.5546], [78.3457, 13.5524]]]}, "properties": {"OBJECTID": 230386, "gpcode": "219064", "gpname": "RAYALPAD", "stname": "KARNATAKA", "dtname": "Kolar", "sdtname": "Srinivaspur", "stcode11": "29", "dtcode11": "581", "sdtcode11": "05590", "blklgdcode": "5874", "blkname": "SRINIVASPUR", "dt_lgd": 542, "sdt_lgd": 5590, "st_lgd": 29, "vilcode11": 0, "vilname11": "", "pan_local": "SRINIVASPUR", "b_pan_code": 6205, "b_pan_name": "SRINIVASPUR", "d_pan_code": 497, "d_pan_name": "KOLAR", "gp_code": "219064", "gp_name": "RAYALPAD", "st_2011": "29", "dt_2011": "581", "sdt_2011": "05590", "subdtname": "Srinivaspur", "block_name": "SRINIVASPUR", "blk_lgdcod": "5874", "dtcode14": "581", "SHAPE_Length": 40892.609043133045, "SHAPE_Area": 41038798.664863594}}, {"type": "Feature", "geometry": {"type": "Polygon", "coordinates": [[[78.2771, 13.4234], [78.2752, 13.4212], [78.2787, 13.4187], [78.2782, 13.4148], [78.2809, 13.4139], [78.2846, 13.4126], [78.2878, 13.4121], [78.2916, 13.4114], [78.2938, 13.411], [78.2954, 13.4093], [78.2966, 13.4077], [78.2986, 13.406], [78.3, 13.4059], [78.3011, 13.4052], [78.3022, 13.4043], [78.3026, 13.4043], [78.3043, 13.4044], [78.306, 13.4044], [78.3097, 13.4035], [78.3134, 13.4035], [78.3149, 13.4025], [78.3164, 13.4015], [78.3171, 13.4015], [78.3171, 13.3996], [78.317, 13.3974], [78.3163, 13.3958], [78.3152, 13.3938], [78.3108, 13.3939], [78.3104, 13.3939], [78.3105, 13.3927], [78.3094, 13.3926], [78.3061, 13.3927], [78.3064, 13.3914], [78.3064, 13.3903], [78.3036, 13.39], [78.3005, 13.3898], [78.2941, 13.3897], [78.2913, 13.3895], [78.2901, 13.3882], [78.2889, 13.3861], [78.2882, 13.3853], [78.2875, 13.3853], [78.2867, 13.3857], [78.2865, 13.3853], [78.2865, 13.3844], [78.2865, 13.3839], [78.2864, 13.3802], [78.2864, 13.3787], [78.2789, 13.3804], [78.2798, 13.3867], [78.2789, 13.386], [78.2778, 13.3843], [78.2769, 13.3833], [78.2753, 13.3846], [78.2741, 13.3853], [78.2708, 13.3855], [78.266, 13.386], [78.2627, 13.3865], [78.2603, 13.3871], [78.2598, 13.3872], [78.2597, 13.3845], [78.2565, 13.3844], [78.255, 13.3842], [78.2551, 13.3806], [78.255, 13.3779], [78.255, 13.3767], [78.2528, 13.3767], [78.2516, 13.3764], [78.2502, 13.3778], [78.2491, 13.3793], [78.2488, 13.3788], [78.2481, 13.3787], [78.2475, 13.3785], [78.2471, 13.3785], [78.246, 13.3782], [78.2449, 13.3779], [78.244, 13.3779], [78.2432, 13.3781], [78.2427, 13.378], [78.2418, 13.3772], [78.241, 13.3762], [78.2396, 13.3761], [78.2378, 13.376], [78.2368, 13.3761], [78.2363, 13.3766], [78.2354, 13.3773], [78.2348, 13.378], [78.2343, 13.3787], [78.234, 13.379], [78.2341, 13.3798], [78.2343, 13.3816], [78.2342, 13.3831], [78.2341, 13.3843], [78.2335, 13.3853], [78.233, 13.386], [78.2326, 13.3872], [78.2322, 13.3885], [78.2316, 13.389], [78.2312, 13.3895], [78.2305, 13.3898], [78.2293, 13.3903], [78.2296, 13.3914], [78.2299, 13.3924], [78.2302, 13.3933], [78.2305, 13.3944], [78.2308, 13.3953], [78.231, 13.3961], [78.2299, 13.3963], [78.2286, 13.3966], [78.2277, 13.3969], [78.2265, 13.3973], [78.2256, 13.3976], [78.2255, 13.3993], [78.2254, 13.4002], [78.2254, 13.4011], [78.2253, 13.4021], [78.2251, 13.4028], [78.225, 13.4034], [78.2249, 13.4043], [78.2249, 13.4046], [78.2248, 13.4061], [78.2247, 13.4073], [78.2245, 13.4078], [78.2249, 13.4085], [78.2256, 13.4092], [78.2262, 13.4091], [78.2303, 13.4099], [78.2329, 13.4105], [78.2335, 13.4123], [78.234, 13.4136], [78.2346, 13.4148], [78.2349, 13.4157], [78.2353, 13.4167], [78.2356, 13.4173], [78.2357, 13.4186], [78.2359, 13.4201], [78.2361, 13.4218], [78.2362, 13.4233], [78.2349, 13.4234], [78.2337, 13.4235], [78.2325, 13.4238], [78.2311, 13.4239], [78.23, 13.4241], [78.2292, 13.4244], [78.228, 13.4249], [78.2285, 13.4258], [78.2289, 13.4271], [78.2295, 13.4286], [78.2304, 13.43], [78.231, 13.4309], [78.2325, 13.4318], [78.2336, 13.4324], [78.2346, 13.4328], [78.2352, 13.4328], [78.2362, 13.4323], [78.2377, 13.4318], [78.2381, 13.4314], [78.2399, 13.4318], [78.2419, 13.4325], [78.2435, 13.4329], [78.2448, 13.4333], [78.2461, 13.4328], [78.2469, 13.4324], [78.2478, 13.4321], [78.2488, 13.4316], [78.2504, 13.4306], [78.2522, 13.4292], [78.2541, 13.4275], [78.256, 13.4254], [78.2566, 13.4244], [78.2572, 13.4234], [78.2583, 13.4221], [78.2602, 13.4245], [78.26, 13.4256], [78.2595, 13.4304], [78.2595, 13.435], [78.2594, 13.438], [78.2585, 13.4395], [78.2578, 13.4411], [78.2583, 13.4425], [78.2595, 13.4447], [78.2639, 13.4424], [78.2679, 13.4403], [78.2701, 13.4389], [78.2702, 13.4365], [78.2701, 13.4331], [78.2697, 13.4305], [78.2693, 13.428], [78.2691, 13.4259], [78.2689, 13.4248], [78.2704, 13.4246], [78.2725, 13.4244], [78.2746, 13.4242], [78.2758, 13.4236], [78.2771, 13.4234]]]}, "properties": {"OBJECTID": 230387, "gpcode": "219065", "gpname": "RONUR", "stname": "KARNATAKA", "dtname": "Kolar", "sdtname": "Srinivaspur", "stcode11": "29", "dtcode11": "581", "sdtcode11": "05590", "blklgdcode": "5874", "blkname": "SRINIVASPUR", "dt_lgd": 542, "sdt_lgd": 5590, "st_lgd": 29, "vilcode11": 0, "vilname11": "", "pan_local": "SRINIVASPUR", "b_pan_code": 6205, "b_pan_name": "SRINIVASPUR", "d_pan_code": 497, "d_pan_name": "KOLAR", "gp_code": "219065", "gp_name": "RONUR", "st_2011": "29", "dt_2011": "581", "sdt_2011": "05590", "subdtname": "Srinivaspur", "block_name": "SRINIVASPUR", "blk_lgdcod": "5874", "dtcode14": "581", "SHAPE_Length": 38941.705971812924, "SHAPE_Area": 40041288.8919019}}, {"type": "Feature", "geometry": {"type": "Polygon", "coordinates": [[[78.3605, 13.4082], [78.3632, 13.4058], [78.3649, 13.405], [78.367, 13.404], [78.3701, 13.4025], [78.3705, 13.401], [78.3707, 13.3991], [78.3706, 13.3976], [78.3713, 13.397], [78.3721, 13.3955], [78.3729, 13.3952], [78.3817, 13.397], [78.3788, 13.3837], [78.3788, 13.3836], [78.3773, 13.3822], [78.3724, 13.3785], [78.371, 13.3752], [78.3691, 13.3732], [78.368, 13.3705], [78.3649, 13.3709], [78.3635, 13.372], [78.3634, 13.3734], [78.3634, 13.3768], [78.3607, 13.3776], [78.3565, 13.3777], [78.3539, 13.3773], [78.3528, 13.3763], [78.3529, 13.3756], [78.3526, 13.3742], [78.3524, 13.3725], [78.3524, 13.3702], [78.3527, 13.3686], [78.355, 13.3681], [78.3583, 13.3673], [78.359, 13.367], [78.3602, 13.3646], [78.3616, 13.3614], [78.3632, 13.3597], [78.3658, 13.3587], [78.3664, 13.3573], [78.3667, 13.3556], [78.3642, 13.3559], [78.3615, 13.3564], [78.3584, 13.3568], [78.3543, 13.3575], [78.3514, 13.3579], [78.3478, 13.3585], [78.3456, 13.36], [78.3435, 13.3615], [78.3404, 13.3619], [78.3403, 13.3605], [78.3384, 13.3606], [78.3359, 13.3606], [78.3358, 13.3598], [78.3331, 13.3601], [78.3304, 13.3603], [78.3304, 13.3587], [78.3329, 13.3584], [78.336, 13.358], [78.3372, 13.3577], [78.3374, 13.3574], [78.3378, 13.356], [78.3387, 13.3551], [78.3388, 13.3545], [78.3379, 13.3536], [78.3375, 13.3525], [78.3373, 13.3502], [78.3379, 13.3479], [78.3384, 13.3454], [78.3394, 13.3454], [78.3393, 13.3448], [78.3385, 13.344], [78.3375, 13.3433], [78.3364, 13.3424], [78.3354, 13.3412], [78.3342, 13.3412], [78.3323, 13.3414], [78.3314, 13.3409], [78.3291, 13.34], [78.3263, 13.3399], [78.3242, 13.3397], [78.3236, 13.3396], [78.3216, 13.3391], [78.3201, 13.3388], [78.3176, 13.3388], [78.3173, 13.3401], [78.3167, 13.3428], [78.3157, 13.3467], [78.3155, 13.3496], [78.3151, 13.351], [78.3145, 13.3533], [78.3139, 13.3563], [78.3136, 13.3576], [78.3124, 13.3581], [78.3112, 13.3588], [78.3116, 13.3604], [78.3122, 13.3632], [78.3147, 13.3772], [78.3037, 13.3784], [78.3048, 13.3799], [78.3059, 13.3813], [78.3073, 13.3823], [78.307, 13.3835], [78.3066, 13.3855], [78.3061, 13.3869], [78.3057, 13.3881], [78.3063, 13.3891], [78.3064, 13.3903], [78.3064, 13.3914], [78.3061, 13.3927], [78.3094, 13.3926], [78.3105, 13.3927], [78.3104, 13.3939], [78.3108, 13.3939], [78.3152, 13.3938], [78.3163, 13.3958], [78.317, 13.3974], [78.3171, 13.3996], [78.3171, 13.4015], [78.3197, 13.4004], [78.3213, 13.3982], [78.322, 13.3969], [78.3241, 13.3963], [78.326, 13.3956], [78.3276, 13.3953], [78.3281, 13.3965], [78.3292, 13.3992], [78.3303, 13.4013], [78.3318, 13.4038], [78.3329, 13.4056], [78.3309, 13.4056], [78.3305, 13.4041], [78.3288, 13.4046], [78.3257, 13.4065], [78.3265, 13.4081], [78.3274, 13.4098], [78.328, 13.4095], [78.3292, 13.4093], [78.3298, 13.411], [78.3312, 13.4109], [78.3346, 13.409], [78.3353, 13.4093], [78.3369, 13.4097], [78.3376, 13.41], [78.3393, 13.4083], [78.3403, 13.4069], [78.3414, 13.4084], [78.3423, 13.4101], [78.3434, 13.4117], [78.3443, 13.4131], [78.3458, 13.4145], [78.3471, 13.4153], [78.349, 13.4145], [78.3518, 13.4128], [78.3545, 13.4117], [78.3562, 13.4109], [78.358, 13.4101], [78.3605, 13.4082]]]}, "properties": {"OBJECTID": 230388, "gpcode": "219066", "gpname": "SOMAYAJALAPALLI", "stname": "KARNATAKA", "dtname": "Kolar", "sdtname": "Srinivaspur", "stcode11": "29", "dtcode11": "581", "sdtcode11": "05590", "blklgdcode": "5874", "blkname": "SRINIVASPUR", "dt_lgd": 542, "sdt_lgd": 5590, "st_lgd": 29, "vilcode11": 0, "vilname11": "", "pan_local": "SRINIVASPUR", "b_pan_code": 6205, "b_pan_name": "SRINIVASPUR", "d_pan_code": 497, "d_pan_name": "KOLAR", "gp_code": "219066", "gp_name": "SOMAYAJALAPALLI", "st_2011": "29", "dt_2011": "581", "sdt_2011": "05590", "subdtname": "Srinivaspur", "block_name": "SRINIVASPUR", "blk_lgdcod": "5874", "dtcode14": "581", "SHAPE_Length": 40889.47620548288, "SHAPE_Area": 40507089.27710163}}, {"type": "Feature", "geometry": {"type": "Polygon", "coordinates": [[[78.2424, 13.4787], [78.2434, 13.4771], [78.244, 13.4764], [78.2447, 13.4753], [78.2447, 13.4746], [78.2444, 13.4733], [78.2441, 13.4717], [78.2439, 13.4707], [78.2437, 13.4695], [78.2432, 13.4671], [78.2427, 13.4653], [78.2422, 13.4638], [78.2417, 13.4622], [78.2412, 13.4609], [78.2407, 13.4591], [78.24, 13.4575], [78.2398, 13.4568], [78.2398, 13.4561], [78.2401, 13.4551], [78.2401, 13.4547], [78.2401, 13.4537], [78.2401, 13.4523], [78.2406, 13.4515], [78.2413, 13.4507], [78.2419, 13.4498], [78.2425, 13.4489], [78.2433, 13.4478], [78.2435, 13.4474], [78.244, 13.4473], [78.2445, 13.4475], [78.2452, 13.4475], [78.2454, 13.4471], [78.2457, 13.4465], [78.246, 13.4459], [78.2465, 13.4453], [78.2469, 13.4451], [78.2475, 13.4452], [78.2485, 13.4456], [78.2488, 13.4457], [78.2503, 13.4461], [78.2509, 13.4463], [78.2509, 13.4477], [78.2509, 13.4485], [78.2516, 13.4481], [78.2523, 13.4476], [78.2533, 13.4475], [78.2536, 13.4477], [78.2545, 13.4485], [78.2554, 13.449], [78.2569, 13.4491], [78.259, 13.4492], [78.2592, 13.448], [78.2597, 13.4465], [78.2595, 13.4447], [78.2583, 13.4425], [78.2578, 13.4411], [78.2585, 13.4395], [78.2594, 13.438], [78.2595, 13.435], [78.2595, 13.4304], [78.26, 13.4256], [78.2602, 13.4245], [78.2583, 13.4221], [78.2572, 13.4234], [78.2566, 13.4244], [78.256, 13.4254], [78.2541, 13.4275], [78.2522, 13.4292], [78.2504, 13.4306], [78.2488, 13.4316], [78.2478, 13.4321], [78.2469, 13.4324], [78.2461, 13.4328], [78.2448, 13.4333], [78.2435, 13.4329], [78.2419, 13.4325], [78.2399, 13.4318], [78.2381, 13.4314], [78.2377, 13.4318], [78.2362, 13.4323], [78.2352, 13.4328], [78.2346, 13.4328], [78.2336, 13.4324], [78.2325, 13.4318], [78.231, 13.4309], [78.2304, 13.43], [78.2295, 13.4286], [78.2289, 13.4271], [78.2285, 13.4258], [78.228, 13.4249], [78.2292, 13.4244], [78.23, 13.4241], [78.2311, 13.4239], [78.2325, 13.4238], [78.2337, 13.4235], [78.2349, 13.4234], [78.2362, 13.4233], [78.2361, 13.4218], [78.2359, 13.4201], [78.2357, 13.4186], [78.2356, 13.4173], [78.2353, 13.4167], [78.2349, 13.4157], [78.2346, 13.4148], [78.234, 13.4136], [78.2335, 13.4123], [78.2329, 13.4105], [78.2303, 13.4099], [78.2262, 13.4091], [78.226, 13.4097], [78.2257, 13.4124], [78.2258, 13.4135], [78.2262, 13.4146], [78.2266, 13.4157], [78.2266, 13.4161], [78.2263, 13.4167], [78.2262, 13.4178], [78.2261, 13.4192], [78.2244, 13.4191], [78.222, 13.4193], [78.2192, 13.4194], [78.2178, 13.4195], [78.2164, 13.4196], [78.216, 13.4196], [78.2156, 13.4188], [78.2153, 13.4181], [78.216, 13.4179], [78.2172, 13.4176], [78.2182, 13.4174], [78.2184, 13.4171], [78.2187, 13.4163], [78.2189, 13.4156], [78.2196, 13.4143], [78.2202, 13.4131], [78.2204, 13.4124], [78.2206, 13.4117], [78.2205, 13.4113], [78.2211, 13.4112], [78.221, 13.4103], [78.2218, 13.4102], [78.2227, 13.4101], [78.2232, 13.4098], [78.224, 13.4088], [78.2245, 13.4078], [78.2239, 13.4078], [78.2224, 13.408], [78.2215, 13.4082], [78.2212, 13.4091], [78.221, 13.4097], [78.2205, 13.4099], [78.2183, 13.4106], [78.2168, 13.4109], [78.2137, 13.4113], [78.2132, 13.4109], [78.2126, 13.4101], [78.2119, 13.4092], [78.2111, 13.4083], [78.2105, 13.4075], [78.2097, 13.4066], [78.2094, 13.4062], [78.2098, 13.4058], [78.2108, 13.4051], [78.2116, 13.4046], [78.2114, 13.4033], [78.2111, 13.402], [78.2108, 13.4008], [78.2103, 13.4009], [78.21, 13.4005], [78.2095, 13.3996], [78.2091, 13.399], [78.2085, 13.3979], [78.2081, 13.397], [78.2078, 13.3965], [78.2076, 13.3964], [78.2074, 13.3964], [78.2066, 13.3965], [78.2065, 13.3963], [78.2064, 13.3957], [78.2063, 13.3953], [78.2056, 13.395], [78.2045, 13.3947], [78.2039, 13.3947], [78.2035, 13.395], [78.2028, 13.3957], [78.2026, 13.3962], [78.2023, 13.3968], [78.2018, 13.3978], [78.2021, 13.3986], [78.2027, 13.4009], [78.2032, 13.4028], [78.2023, 13.4035], [78.2015, 13.404], [78.2004, 13.4048], [78.1997, 13.4055], [78.1987, 13.4062], [78.1975, 13.4072], [78.1968, 13.4077], [78.196, 13.4083], [78.1952, 13.4087], [78.1946, 13.408], [78.1934, 13.4075], [78.1925, 13.4072], [78.1921, 13.407], [78.1915, 13.4067], [78.1909, 13.4065], [78.19, 13.4061], [78.1891, 13.4057], [78.1882, 13.4053], [78.1871, 13.4049], [78.1862, 13.4047], [78.1849, 13.4047], [78.1846, 13.4045], [78.1839, 13.4035], [78.1833, 13.4027], [78.1825, 13.4016], [78.1819, 13.4009], [78.1815, 13.4001], [78.1795, 13.4012], [78.1782, 13.4019], [78.1781, 13.4022], [78.1782, 13.4023], [78.1782, 13.4026], [78.1788, 13.4037], [78.1792, 13.4046], [78.1791, 13.4048], [78.1789, 13.4053], [78.178, 13.4075], [78.1768, 13.4103], [78.176, 13.4125], [78.1755, 13.4127], [78.1735, 13.4128], [78.1708, 13.413], [78.1689, 13.4136], [78.1708, 13.4146], [78.1724, 13.4155], [78.1748, 13.4169], [78.1763, 13.4178], [78.1784, 13.4188], [78.1809, 13.4201], [78.1812, 13.4204], [78.182, 13.4205], [78.1826, 13.4206], [78.1827, 13.4208], [78.1828, 13.4209], [78.1826, 13.4216], [78.1824, 13.4223], [78.1826, 13.4228], [78.1828, 13.4238], [78.1829, 13.4242], [78.1832, 13.4253], [78.1836, 13.4268], [78.183, 13.4288], [78.1823, 13.4299], [78.1826, 13.431], [78.1828, 13.4313], [78.1829, 13.4334], [78.1831, 13.4338], [78.1844, 13.4342], [78.1857, 13.4344], [78.1863, 13.4347], [78.1875, 13.4346], [78.1896, 13.4362], [78.1911, 13.4374], [78.1925, 13.4387], [78.1937, 13.438], [78.1943, 13.4384], [78.1944, 13.439], [78.1944, 13.4394], [78.1947, 13.4405], [78.1946, 13.4415], [78.1939, 13.445], [78.1937, 13.4456], [78.1936, 13.4462], [78.1934, 13.4471], [78.1937, 13.4474], [78.1942, 13.4478], [78.1961, 13.4482], [78.1975, 13.4486], [78.1991, 13.449], [78.2014, 13.4497], [78.2015, 13.4499], [78.2025, 13.4499], [78.2052, 13.4495], [78.2059, 13.4495], [78.2082, 13.4493], [78.209, 13.4493], [78.2105, 13.4496], [78.2119, 13.4498], [78.2134, 13.4499], [78.2151, 13.4498], [78.2169, 13.4496], [78.2178, 13.4494], [78.2187, 13.4491], [78.2199, 13.4488], [78.2205, 13.4484], [78.221, 13.448], [78.2217, 13.4473], [78.2225, 13.4469], [78.2227, 13.4477], [78.223, 13.4488], [78.2233, 13.4498], [78.224, 13.4511], [78.2243, 13.4521], [78.2245, 13.453], [78.2247, 13.4538], [78.2252, 13.4543], [78.2254, 13.4548], [78.2254, 13.4552], [78.2251, 13.4558], [78.2249, 13.4563], [78.2248, 13.4567], [78.2247, 13.4573], [78.2248, 13.4579], [78.2247, 13.4584], [78.2248, 13.4589], [78.2249, 13.4592], [78.2255, 13.4593], [78.2258, 13.4593], [78.226, 13.4602], [78.2264, 13.4613], [78.2265, 13.4615], [78.2274, 13.4614], [78.2281, 13.4612], [78.2284, 13.4614], [78.2289, 13.462], [78.2295, 13.4633], [78.2298, 13.4643], [78.2301, 13.4652], [78.2304, 13.4662], [78.2311, 13.4677], [78.2313, 13.4683], [78.2315, 13.4692], [78.2317, 13.47], [78.2319, 13.4707], [78.232, 13.4712], [78.2322, 13.4721], [78.2325, 13.4728], [78.2328, 13.4734], [78.2331, 13.4742], [78.2339, 13.4763], [78.2341, 13.4777], [78.2346, 13.4776], [78.2359, 13.4777], [78.2376, 13.478], [78.2407, 13.4784], [78.2424, 13.4787]]]}, "properties": {"OBJECTID": 230389, "gpcode": "219067", "gpname": "THADIGOL", "stname": "KARNATAKA", "dtname": "Kolar", "sdtname": "Srinivaspur", "stcode11": "29", "dtcode11": "581", "sdtcode11": "05590", "blklgdcode": "5874", "blkname": "SRINIVASPUR", "dt_lgd": 542, "sdt_lgd": 5590, "st_lgd": 29, "vilcode11": 0, "vilname11": "", "pan_local": "SRINIVASPUR", "b_pan_code": 6205, "b_pan_name": "SRINIVASPUR", "d_pan_code": 497, "d_pan_name": "KOLAR", "gp_code": "219067", "gp_name": "THADIGOL", "st_2011": "29", "dt_2011": "581", "sdt_2011": "05590", "subdtname": "Srinivaspur", "block_name": "SRINIVASPUR", "blk_lgdcod": "5874", "dtcode14": "581", "SHAPE_Length": 46215.41969145482, "SHAPE_Area": 37231224.19860212}}, {"type": "Feature", "geometry": {"type": "Polygon", "coordinates": [[[78.2699, 13.3201], [78.271, 13.3195], [78.2728, 13.3186], [78.2748, 13.3173], [78.2771, 13.3156], [78.2792, 13.3144], [78.2807, 13.3147], [78.2833, 13.3151], [78.2852, 13.3159], [78.2869, 13.3152], [78.2891, 13.3145], [78.291, 13.3139], [78.293, 13.3145], [78.295, 13.3156], [78.295, 13.3181], [78.2939, 13.3188], [78.2946, 13.3198], [78.2943, 13.3216], [78.2933, 13.3256], [78.2906, 13.3258], [78.2885, 13.326], [78.2873, 13.3257], [78.2836, 13.3247], [78.2808, 13.3242], [78.2786, 13.3236], [78.2757, 13.3228], [78.2731, 13.3216], [78.2699, 13.3201], [78.2691, 13.3211], [78.2684, 13.3232], [78.2669, 13.3265], [78.2677, 13.3306], [78.2689, 13.3342], [78.2696, 13.3377], [78.2843, 13.3387], [78.2854, 13.3389], [78.2888, 13.3419], [78.2894, 13.3421], [78.2901, 13.3417], [78.2915, 13.342], [78.2913, 13.3433], [78.2912, 13.3453], [78.2918, 13.3451], [78.2927, 13.3448], [78.2943, 13.3453], [78.2953, 13.3437], [78.2963, 13.3427], [78.2979, 13.3415], [78.2987, 13.341], [78.299, 13.3399], [78.3007, 13.337], [78.3011, 13.3355], [78.301, 13.3339], [78.3009, 13.3324], [78.3019, 13.3323], [78.304, 13.3318], [78.3056, 13.3315], [78.3051, 13.3307], [78.3044, 13.33], [78.3019, 13.329], [78.3049, 13.3275], [78.3075, 13.3262], [78.3112, 13.3268], [78.3142, 13.3271], [78.3179, 13.3276], [78.318, 13.3263], [78.318, 13.3238], [78.3178, 13.3206], [78.3173, 13.3193], [78.3181, 13.3188], [78.3179, 13.3175], [78.3172, 13.3155], [78.3169, 13.3139], [78.3175, 13.3137], [78.3167, 13.3134], [78.315, 13.3127], [78.313, 13.3116], [78.311, 13.3109], [78.3111, 13.3102], [78.3097, 13.3077], [78.3078, 13.3064], [78.307, 13.3045], [78.3077, 13.3042], [78.3079, 13.3014], [78.3077, 13.2998], [78.307, 13.296], [78.3063, 13.2917], [78.3061, 13.2894], [78.306, 13.2892], [78.306, 13.2867], [78.3053, 13.285], [78.3054, 13.282], [78.3046, 13.2799], [78.3049, 13.279], [78.3061, 13.2768], [78.3068, 13.2749], [78.3059, 13.2748], [78.3059, 13.272], [78.2997, 13.2715], [78.2971, 13.2727], [78.2938, 13.274], [78.2936, 13.2749], [78.2939, 13.2759], [78.2921, 13.2758], [78.2902, 13.2755], [78.2875, 13.2747], [78.2847, 13.2747], [78.2831, 13.2747], [78.2816, 13.276], [78.2787, 13.2769], [78.2748, 13.278], [78.2737, 13.2775], [78.2706, 13.2762], [78.2691, 13.278], [78.2695, 13.2784], [78.2693, 13.2789], [78.2671, 13.2809], [78.2646, 13.2835], [78.2619, 13.2864], [78.2608, 13.288], [78.2606, 13.2886], [78.2618, 13.2903], [78.2616, 13.2924], [78.2632, 13.2925], [78.2653, 13.292], [78.2657, 13.2947], [78.2664, 13.3003], [78.2648, 13.2998], [78.2637, 13.2999], [78.2643, 13.3016], [78.2654, 13.3045], [78.2663, 13.307], [78.2642, 13.3083], [78.2617, 13.3105], [78.2584, 13.313], [78.2612, 13.3146], [78.2649, 13.3165], [78.2672, 13.3184], [78.2699, 13.3201]]]}, "properties": {"OBJECTID": 230390, "gpcode": "219068", "gpname": "YELDUR", "stname": "KARNATAKA", "dtname": "Kolar", "sdtname": "Srinivaspur", "stcode11": "29", "dtcode11": "581", "sdtcode11": "05590", "blklgdcode": "5874", "blkname": "SRINIVASPUR", "dt_lgd": 542, "sdt_lgd": 5590, "st_lgd": 29, "vilcode11": 0, "vilname11": "", "pan_local": "SRINIVASPUR", "b_pan_code": 6205, "b_pan_name": "SRINIVASPUR", "d_pan_code": 497, "d_pan_name": "KOLAR", "gp_code": "219068", "gp_name": "YELDUR", "st_2011": "29", "dt_2011": "581", "sdt_2011": "05590", "subdtname": "Srinivaspur", "block_name": "SRINIVASPUR", "blk_lgdcod": "5874", "dtcode14": "581", "SHAPE_Length": 36456.5508423387, "SHAPE_Area": 32851642.19854291}}, {"type": "Feature", "geometry": {"type": "Polygon", "coordinates": [[[78.345, 13.5727], [78.3445, 13.57], [78.3434, 13.5697], [78.3442, 13.5691], [78.3437, 13.5657], [78.3432, 13.5626], [78.3447, 13.5622], [78.3426, 13.5577], [78.3414, 13.5554], [78.3426, 13.5548], [78.3422, 13.5526], [78.3414, 13.5523], [78.3414, 13.5524], [78.3405, 13.553], [78.3389, 13.5521], [78.3358, 13.5528], [78.3291, 13.5542], [78.329, 13.5541], [78.3285, 13.5534], [78.3277, 13.5504], [78.3268, 13.5486], [78.3267, 13.5474], [78.3267, 13.5465], [78.3265, 13.5455], [78.3264, 13.5454], [78.3251, 13.5446], [78.3242, 13.544], [78.3226, 13.5428], [78.3226, 13.5427], [78.3227, 13.5418], [78.3233, 13.5388], [78.3233, 13.5374], [78.3233, 13.5352], [78.3233, 13.5349], [78.3233, 13.5341], [78.3233, 13.534], [78.323, 13.5318], [78.323, 13.5313], [78.323, 13.5312], [78.3241, 13.5312], [78.3258, 13.5311], [78.3253, 13.5296], [78.3252, 13.5296], [78.3253, 13.5296], [78.3264, 13.5293], [78.3286, 13.5295], [78.3289, 13.5308], [78.3296, 13.5315], [78.3305, 13.5306], [78.3321, 13.531], [78.3321, 13.5311], [78.3321, 13.531], [78.3325, 13.5299], [78.3326, 13.5299], [78.3325, 13.5298], [78.332, 13.5284], [78.3316, 13.5275], [78.3316, 13.5274], [78.3322, 13.5266], [78.3325, 13.5254], [78.3321, 13.5236], [78.3303, 13.5228], [78.3297, 13.5209], [78.3283, 13.5178], [78.3282, 13.5177], [78.3274, 13.5173], [78.3258, 13.517], [78.3241, 13.5166], [78.3242, 13.5154], [78.3247, 13.5138], [78.3238, 13.511], [78.3228, 13.5095], [78.3205, 13.5079], [78.3188, 13.5077], [78.3156, 13.5063], [78.3153, 13.5068], [78.3144, 13.5086], [78.3148, 13.5098], [78.3141, 13.5106], [78.3142, 13.5125], [78.3148, 13.5142], [78.3158, 13.5159], [78.3148, 13.5167], [78.3147, 13.5168], [78.3139, 13.5174], [78.3109, 13.5194], [78.3109, 13.5193], [78.3107, 13.5182], [78.3098, 13.5166], [78.3095, 13.5161], [78.309, 13.5164], [78.308, 13.518], [78.307, 13.5195], [78.3059, 13.5184], [78.305, 13.518], [78.3036, 13.5182], [78.3022, 13.519], [78.2991, 13.5204], [78.2976, 13.5216], [78.297, 13.523], [78.297, 13.5231], [78.2985, 13.5238], [78.2994, 13.524], [78.3014, 13.5244], [78.3021, 13.5243], [78.3025, 13.5245], [78.3028, 13.5246], [78.3027, 13.5258], [78.3027, 13.5262], [78.3026, 13.5276], [78.3026, 13.5297], [78.3027, 13.5313], [78.3031, 13.5331], [78.303, 13.5343], [78.3034, 13.5352], [78.3038, 13.5367], [78.3039, 13.5373], [78.3042, 13.5376], [78.3037, 13.5378], [78.303, 13.5381], [78.3026, 13.5385], [78.3029, 13.5392], [78.3025, 13.5394], [78.302, 13.5392], [78.302, 13.5387], [78.3016, 13.5383], [78.3013, 13.5387], [78.301, 13.5393], [78.3007, 13.5402], [78.3001, 13.5408], [78.2997, 13.5414], [78.2992, 13.5412], [78.299, 13.5406], [78.2989, 13.5401], [78.2987, 13.539], [78.2985, 13.5387], [78.299, 13.5382], [78.3006, 13.5383], [78.3004, 13.5379], [78.3002, 13.5366], [78.2997, 13.5362], [78.2998, 13.5354], [78.2994, 13.5354], [78.2983, 13.5356], [78.2969, 13.5359], [78.2949, 13.5364], [78.2939, 13.5367], [78.2941, 13.5375], [78.2933, 13.5379], [78.2934, 13.5388], [78.2932, 13.5397], [78.2933, 13.5408], [78.2923, 13.541], [78.2918, 13.5421], [78.2917, 13.543], [78.2906, 13.5432], [78.291, 13.5444], [78.2933, 13.5445], [78.2932, 13.545], [78.2931, 13.5454], [78.2937, 13.5461], [78.2915, 13.5478], [78.2902, 13.5487], [78.2888, 13.5496], [78.2876, 13.55], [78.2872, 13.5502], [78.287, 13.5499], [78.2866, 13.5481], [78.2863, 13.5463], [78.2842, 13.546], [78.2833, 13.5461], [78.2823, 13.5458], [78.281, 13.5449], [78.2802, 13.5462], [78.2799, 13.5466], [78.2793, 13.5478], [78.2787, 13.5483], [78.278, 13.5482], [78.2776, 13.5484], [78.277, 13.5487], [78.2764, 13.549], [78.2759, 13.5504], [78.2762, 13.5505], [78.2773, 13.5513], [78.2779, 13.5522], [78.2782, 13.5526], [78.2791, 13.5527], [78.2799, 13.5532], [78.2799, 13.5535], [78.2795, 13.5536], [78.2787, 13.5532], [78.2785, 13.5534], [78.2788, 13.5542], [78.279, 13.555], [78.279, 13.5552], [78.2784, 13.5554], [78.2785, 13.556], [78.2785, 13.5575], [78.2774, 13.5586], [78.2763, 13.559], [78.2764, 13.561], [78.2763, 13.5612], [78.2775, 13.5621], [78.2779, 13.5624], [78.2777, 13.5634], [78.2778, 13.564], [78.278, 13.5649], [78.2796, 13.564], [78.2812, 13.5623], [78.2826, 13.5612], [78.2843, 13.5595], [78.2845, 13.56], [78.2848, 13.5609], [78.2853, 13.5602], [78.2861, 13.5594], [78.2874, 13.5591], [78.2896, 13.5584], [78.2908, 13.558], [78.2922, 13.5574], [78.2929, 13.5573], [78.2932, 13.5579], [78.2934, 13.5585], [78.2931, 13.5596], [78.2928, 13.5601], [78.2929, 13.5608], [78.2927, 13.5618], [78.2935, 13.5619], [78.2939, 13.5623], [78.294, 13.5627], [78.2948, 13.5634], [78.2954, 13.5645], [78.2959, 13.5654], [78.2968, 13.566], [78.2984, 13.5667], [78.2999, 13.567], [78.3014, 13.5671], [78.3039, 13.5675], [78.3062, 13.5676], [78.3082, 13.5676], [78.309, 13.5674], [78.3107, 13.5671], [78.3128, 13.5686], [78.3152, 13.5707], [78.3169, 13.5722], [78.3213, 13.5729], [78.326, 13.5726], [78.3292, 13.5724], [78.3306, 13.5738], [78.3322, 13.5755], [78.3322, 13.5756], [78.3345, 13.5783], [78.3374, 13.5786], [78.3404, 13.5792], [78.3441, 13.58], [78.3453, 13.58], [78.3492, 13.5778], [78.3484, 13.576], [78.3475, 13.5741], [78.3461, 13.5733], [78.345, 13.5727]]]}, "properties": {"OBJECTID": 230391, "gpcode": "219069", "gpname": "YERRAMVARIAPALLI", "stname": "KARNATAKA", "dtname": "Kolar", "sdtname": "Srinivaspur", "stcode11": "29", "dtcode11": "581", "sdtcode11": "05590", "blklgdcode": "5874", "blkname": "SRINIVASPUR", "dt_lgd": 542, "sdt_lgd": 5590, "st_lgd": 29, "vilcode11": 0, "vilname11": "", "pan_local": "SRINIVASPUR", "b_pan_code": 6205, "b_pan_name": "SRINIVASPUR", "d_pan_code": 497, "d_pan_name": "KOLAR", "gp_code": "219069", "gp_name": "YERRAMVARIAPALLI", "st_2011": "29", "dt_2011": "581", "sdt_2011": "05590", "subdtname": "Srinivaspur", "block_name": "SRINIVASPUR", "blk_lgdcod": "5874", "dtcode14": "581", "SHAPE_Length": 39244.37717611608, "SHAPE_Area": 29096255.459180918}}]}
