{"type": "FeatureCollection", "features": [{"type": "Feature", "geometry": {"type": "Polygon", "coordinates": [[[92.531, 24.185], [92.532, 24.184], [92.533, 24.183], [92.534, 24.181], [92.534, 24.18], [92.535, 24.179], [92.536, 24.178], [92.536, 24.177], [92.536, 24.176], [92.536, 24.175], [92.536, 24.174], [92.535, 24.172], [92.534, 24.172], [92.533, 24.171], [92.532, 24.17], [92.531, 24.169], [92.53, 24.168], [92.529, 24.168], [92.528, 24.167], [92.527, 24.166], [92.527, 24.165], [92.527, 24.164], [92.529, 24.163], [92.531, 24.162], [92.533, 24.16], [92.534, 24.159], [92.536, 24.157], [92.537, 24.156], [92.538, 24.156], [92.539, 24.154], [92.54, 24.152], [92.541, 24.152], [92.541, 24.151], [92.542, 24.149], [92.542, 24.148], [92.543, 24.146], [92.544, 24.145], [92.545, 24.143], [92.545, 24.142], [92.545, 24.141], [92.545, 24.14], [92.545, 24.139], [92.544, 24.139], [92.544, 24.138], [92.543, 24.138], [92.542, 24.138], [92.541, 24.137], [92.54, 24.136], [92.539, 24.136], [92.539, 24.135], [92.538, 24.134], [92.538, 24.133], [92.538, 24.131], [92.537, 24.129], [92.536, 24.128], [92.536, 24.127], [92.536, 24.126], [92.537, 24.126], [92.537, 24.125], [92.539, 24.125], [92.541, 24.126], [92.542, 24.126], [92.543, 24.126], [92.544, 24.126], [92.544, 24.125], [92.543, 24.124], [92.543, 24.123], [92.541, 24.121], [92.54, 24.12], [92.54, 24.119], [92.539, 24.118], [92.539, 24.117], [92.539, 24.116], [92.538, 24.116], [92.538, 24.115], [92.537, 24.113], [92.537, 24.112], [92.537, 24.11], [92.537, 24.109], [92.537, 24.108], [92.537, 24.107], [92.537, 24.106], [92.538, 24.105], [92.539, 24.104], [92.539, 24.103], [92.54, 24.102], [92.54, 24.101], [92.54, 24.1], [92.54, 24.099], [92.539, 24.098], [92.538, 24.097], [92.537, 24.096], [92.537, 24.095], [92.536, 24.094], [92.536, 24.093], [92.536, 24.092], [92.536, 24.091], [92.537, 24.089], [92.537, 24.088], [92.538, 24.086], [92.538, 24.085], [92.538, 24.084], [92.539, 24.083], [92.539, 24.082], [92.539, 24.081], [92.539, 24.08], [92.539, 24.079], [92.539, 24.078], [92.539, 24.077], [92.539, 24.076], [92.539, 24.075], [92.538, 24.074], [92.538, 24.073], [92.538, 24.072], [92.537, 24.071], [92.537, 24.07], [92.537, 24.069], [92.536, 24.067], [92.536, 24.066], [92.536, 24.064], [92.536, 24.063], [92.537, 24.062], [92.537, 24.06], [92.538, 24.059], [92.538, 24.057], [92.538, 24.056], [92.538, 24.055], [92.537, 24.055], [92.536, 24.054], [92.535, 24.053], [92.535, 24.052], [92.535, 24.051], [92.534, 24.05], [92.534, 24.048], [92.534, 24.047], [92.534, 24.046], [92.534, 24.045], [92.535, 24.044], [92.536, 24.039], [92.537, 24.003], [92.531, 23.985], [92.529, 23.961], [92.531, 23.942], [92.542, 23.923], [92.534, 23.906], [92.525, 23.899], [92.516, 23.867], [92.518, 23.847], [92.522, 23.816], [92.52, 23.789], [92.52, 23.774], [92.519, 23.774], [92.52, 23.773], [92.519, 23.773], [92.519, 23.772], [92.519, 23.773], [92.518, 23.773], [92.518, 23.772], [92.517, 23.771], [92.516, 23.771], [92.516, 23.77], [92.515, 23.77], [92.515, 23.769], [92.515, 23.768], [92.514, 23.768], [92.513, 23.768], [92.513, 23.769], [92.512, 23.769], [92.512, 23.768], [92.512, 23.767], [92.512, 23.766], [92.512, 23.765], [92.511, 23.765], [92.51, 23.765], [92.509, 23.765], [92.508, 23.765], [92.507, 23.765], [92.506, 23.765], [92.505, 23.765], [92.505, 23.766], [92.504, 23.766], [92.503, 23.766], [92.502, 23.766], [92.501, 23.766], [92.5, 23.766], [92.499, 23.766], [92.498, 23.766], [92.497, 23.766], [92.496, 23.766], [92.496, 23.765], [92.495, 23.765], [92.495, 23.766], [92.494, 23.766], [92.493, 23.766], [92.492, 23.766], [92.491, 23.767], [92.49, 23.767], [92.489, 23.767], [92.489, 23.766], [92.488, 23.766], [92.488, 23.765], [92.489, 23.765], [92.488, 23.765], [92.487, 23.764], [92.487, 23.763], [92.486, 23.763], [92.485, 23.763], [92.484, 23.763], [92.484, 23.762], [92.483, 23.762], [92.483, 23.761], [92.482, 23.761], [92.482, 23.76], [92.481, 23.76], [92.48, 23.76], [92.48, 23.759], [92.479, 23.759], [92.479, 23.758], [92.478, 23.758], [92.477, 23.758], [92.476, 23.758], [92.475, 23.758], [92.474, 23.758], [92.474, 23.757], [92.473, 23.757], [92.472, 23.756], [92.471, 23.756], [92.471, 23.757], [92.47, 23.758], [92.469, 23.759], [92.469, 23.76], [92.468, 23.762], [92.467, 23.762], [92.467, 23.764], [92.467, 23.765], [92.467, 23.766], [92.467, 23.767], [92.467, 23.768], [92.467, 23.769], [92.467, 23.77], [92.467, 23.771], [92.467, 23.772], [92.468, 23.772], [92.468, 23.773], [92.468, 23.774], [92.467, 23.775], [92.467, 23.776], [92.467, 23.777], [92.467, 23.778], [92.467, 23.779], [92.466, 23.78], [92.466, 23.781], [92.466, 23.782], [92.466, 23.783], [92.465, 23.783], [92.465, 23.784], [92.465, 23.785], [92.465, 23.786], [92.464, 23.786], [92.464, 23.787], [92.463, 23.787], [92.463, 23.788], [92.464, 23.789], [92.463, 23.789], [92.462, 23.789], [92.462, 23.79], [92.462, 23.791], [92.462, 23.79], [92.461, 23.79], [92.46, 23.79], [92.46, 23.789], [92.46, 23.788], [92.459, 23.788], [92.458, 23.788], [92.458, 23.789], [92.457, 23.789], [92.456, 23.79], [92.455, 23.79], [92.454, 23.79], [92.453, 23.79], [92.452, 23.791], [92.451, 23.791], [92.45, 23.792], [92.449, 23.791], [92.448, 23.791], [92.448, 23.79], [92.447, 23.79], [92.446, 23.791], [92.446, 23.79], [92.446, 23.789], [92.446, 23.788], [92.446, 23.787], [92.446, 23.786], [92.445, 23.786], [92.444, 23.786], [92.443, 23.786], [92.442, 23.785], [92.443, 23.785], [92.443, 23.784], [92.443, 23.783], [92.442, 23.783], [92.442, 23.782], [92.441, 23.782], [92.44, 23.782], [92.44, 23.781], [92.439, 23.781], [92.439, 23.782], [92.438, 23.782], [92.438, 23.781], [92.438, 23.78], [92.438, 23.779], [92.437, 23.779], [92.436, 23.779], [92.436, 23.78], [92.435, 23.78], [92.435, 23.779], [92.434, 23.779], [92.433, 23.779], [92.432, 23.78], [92.431, 23.78], [92.43, 23.78], [92.429, 23.781], [92.428, 23.781], [92.427, 23.782], [92.426, 23.782], [92.426, 23.783], [92.425, 23.783], [92.425, 23.784], [92.424, 23.784], [92.424, 23.785], [92.423, 23.785], [92.424, 23.786], [92.424, 23.787], [92.424, 23.788], [92.423, 23.788], [92.423, 23.789], [92.423, 23.79], [92.423, 23.791], [92.422, 23.791], [92.421, 23.791], [92.421, 23.792], [92.42, 23.792], [92.42, 23.793], [92.42, 23.794], [92.419, 23.794], [92.419, 23.793], [92.418, 23.793], [92.418, 23.794], [92.417, 23.794], [92.417, 23.795], [92.417, 23.796], [92.416, 23.796], [92.415, 23.796], [92.414, 23.796], [92.413, 23.795], [92.413, 23.794], [92.413, 23.793], [92.412, 23.793], [92.412, 23.792], [92.411, 23.792], [92.41, 23.792], [92.409, 23.793], [92.408, 23.793], [92.407, 23.793], [92.406, 23.793], [92.406, 23.794], [92.405, 23.794], [92.404, 23.794], [92.403, 23.794], [92.402, 23.793], [92.402, 23.792], [92.401, 23.792], [92.401, 23.791], [92.4, 23.791], [92.399, 23.791], [92.399, 23.79], [92.399, 23.789], [92.4, 23.789], [92.4, 23.788], [92.401, 23.788], [92.401, 23.787], [92.402, 23.787], [92.402, 23.786], [92.403, 23.785], [92.403, 23.784], [92.403, 23.783], [92.402, 23.783], [92.402, 23.782], [92.401, 23.782], [92.401, 23.781], [92.4, 23.78], [92.4, 23.779], [92.4, 23.778], [92.401, 23.778], [92.401, 23.777], [92.402, 23.777], [92.403, 23.777], [92.404, 23.777], [92.404, 23.776], [92.404, 23.775], [92.404, 23.774], [92.403, 23.774], [92.402, 23.774], [92.402, 23.773], [92.402, 23.772], [92.401, 23.772], [92.401, 23.771], [92.401, 23.77], [92.4, 23.77], [92.4, 23.769], [92.4, 23.768], [92.401, 23.767], [92.4, 23.767], [92.4, 23.766], [92.399, 23.766], [92.398, 23.766], [92.397, 23.766], [92.396, 23.765], [92.396, 23.766], [92.396, 23.767], [92.395, 23.766], [92.394, 23.766], [92.393, 23.766], [92.393, 23.765], [92.394, 23.765], [92.395, 23.764], [92.395, 23.763], [92.394, 23.763], [92.394, 23.762], [92.394, 23.761], [92.393, 23.762], [92.392, 23.762], [92.391, 23.762], [92.391, 23.761], [92.391, 23.76], [92.391, 23.759], [92.391, 23.758], [92.391, 23.757], [92.392, 23.757], [92.393, 23.756], [92.393, 23.755], [92.392, 23.755], [92.392, 23.754], [92.391, 23.753], [92.391, 23.752], [92.391, 23.751], [92.391, 23.75], [92.39, 23.749], [92.39, 23.747], [92.389, 23.747], [92.388, 23.748], [92.387, 23.748], [92.386, 23.748], [92.385, 23.748], [92.384, 23.748], [92.384, 23.747], [92.385, 23.747], [92.385, 23.746], [92.386, 23.746], [92.386, 23.745], [92.387, 23.745], [92.387, 23.744], [92.386, 23.744], [92.386, 23.743], [92.386, 23.742], [92.385, 23.742], [92.385, 23.741], [92.385, 23.74], [92.385, 23.739], [92.385, 23.738], [92.385, 23.737], [92.384, 23.737], [92.384, 23.736], [92.383, 23.736], [92.383, 23.735], [92.383, 23.734], [92.383, 23.733], [92.382, 23.733], [92.382, 23.732], [92.382, 23.731], [92.381, 23.731], [92.38, 23.731], [92.379, 23.731], [92.378, 23.731], [92.377, 23.731], [92.376, 23.731], [92.375, 23.731], [92.374, 23.731], [92.373, 23.731], [92.372, 23.731], [92.372, 23.73], [92.371, 23.73], [92.37, 23.73], [92.37, 23.729], [92.369, 23.729], [92.368, 23.729], [92.367, 23.729], [92.366, 23.729], [92.365, 23.729], [92.364, 23.729], [92.364, 23.73], [92.363, 23.73], [92.362, 23.73], [92.362, 23.731], [92.361, 23.731], [92.36, 23.731], [92.359, 23.731], [92.358, 23.731], [92.357, 23.731], [92.356, 23.731], [92.355, 23.731], [92.354, 23.731], [92.353, 23.731], [92.352, 23.731], [92.351, 23.731], [92.35, 23.732], [92.349, 23.732], [92.348, 23.732], [92.347, 23.732], [92.346, 23.731], [92.346, 23.732], [92.345, 23.732], [92.344, 23.732], [92.344, 23.731], [92.345, 23.73], [92.345, 23.729], [92.346, 23.728], [92.345, 23.728], [92.345, 23.727], [92.344, 23.727], [92.344, 23.726], [92.343, 23.726], [92.342, 23.726], [92.342, 23.725], [92.341, 23.725], [92.341, 23.724], [92.341, 23.723], [92.341, 23.722], [92.341, 23.721], [92.341, 23.72], [92.341, 23.719], [92.34, 23.719], [92.34, 23.718], [92.34, 23.717], [92.339, 23.717], [92.338, 23.717], [92.338, 23.716], [92.337, 23.716], [92.337, 23.715], [92.336, 23.714], [92.335, 23.714], [92.335, 23.713], [92.335, 23.712], [92.335, 23.711], [92.334, 23.711], [92.333, 23.711], [92.333, 23.71], [92.334, 23.71], [92.334, 23.709], [92.333, 23.709], [92.333, 23.708], [92.332, 23.708], [92.332, 23.707], [92.333, 23.706], [92.333, 23.705], [92.334, 23.705], [92.334, 23.704], [92.333, 23.703], [92.332, 23.703], [92.332, 23.702], [92.332, 23.701], [92.331, 23.701], [92.331, 23.7], [92.331, 23.699], [92.331, 23.698], [92.331, 23.697], [92.33, 23.697], [92.33, 23.696], [92.329, 23.696], [92.328, 23.697], [92.328, 23.696], [92.328, 23.697], [92.327, 23.697], [92.327, 23.696], [92.326, 23.696], [92.326, 23.695], [92.326, 23.694], [92.326, 23.693], [92.326, 23.692], [92.326, 23.691], [92.326, 23.69], [92.325, 23.69], [92.324, 23.69], [92.324, 23.689], [92.323, 23.688], [92.323, 23.687], [92.322, 23.687], [92.322, 23.686], [92.322, 23.685], [92.322, 23.684], [92.321, 23.684], [92.32, 23.684], [92.32, 23.683], [92.319, 23.683], [92.318, 23.683], [92.318, 23.682], [92.317, 23.682], [92.316, 23.682], [92.316, 23.681], [92.315, 23.681], [92.315, 23.68], [92.314, 23.68], [92.314, 23.679], [92.313, 23.679], [92.312, 23.679], [92.311, 23.679], [92.31, 23.679], [92.309, 23.679], [92.308, 23.679], [92.308, 23.678], [92.307, 23.678], [92.306, 23.677], [92.306, 23.678], [92.305, 23.678], [92.305, 23.677], [92.304, 23.677], [92.303, 23.677], [92.302, 23.677], [92.301, 23.677], [92.3, 23.677], [92.3, 23.678], [92.299, 23.678], [92.299, 23.679], [92.298, 23.679], [92.297, 23.679], [92.296, 23.679], [92.296, 23.678], [92.296, 23.677], [92.296, 23.676], [92.296, 23.675], [92.296, 23.674], [92.296, 23.673], [92.297, 23.672], [92.297, 23.671], [92.298, 23.671], [92.299, 23.671], [92.299, 23.67], [92.3, 23.67], [92.301, 23.67], [92.302, 23.67], [92.302, 23.669], [92.303, 23.669], [92.303, 23.668], [92.303, 23.667], [92.303, 23.666], [92.303, 23.665], [92.303, 23.664], [92.303, 23.663], [92.303, 23.662], [92.304, 23.661], [92.304, 23.66], [92.304, 23.659], [92.305, 23.659], [92.305, 23.658], [92.305, 23.657], [92.305, 23.656], [92.304, 23.656], [92.304, 23.655], [92.304, 23.654], [92.305, 23.654], [92.304, 23.654], [92.305, 23.654], [92.305, 23.653], [92.305, 23.652], [92.304, 23.652], [92.305, 23.652], [92.305, 23.651], [92.306, 23.651], [92.306, 23.65], [92.305, 23.65], [92.305, 23.649], [92.305, 23.648], [92.306, 23.648], [92.305, 23.647], [92.305, 23.646], [92.306, 23.646], [92.306, 23.645], [92.307, 23.645], [92.307, 23.644], [92.307, 23.643], [92.307, 23.642], [92.307, 23.641], [92.308, 23.64], [92.308, 23.639], [92.308, 23.638], [92.309, 23.638], [92.309, 23.637], [92.309, 23.636], [92.31, 23.636], [92.31, 23.635], [92.31, 23.634], [92.31, 23.633], [92.311, 23.633], [92.311, 23.632], [92.31, 23.632], [92.311, 23.631], [92.311, 23.63], [92.31, 23.629], [92.31, 23.628], [92.311, 23.628], [92.31, 23.628], [92.31, 23.627], [92.311, 23.627], [92.311, 23.626], [92.312, 23.626], [92.311, 23.626], [92.311, 23.625], [92.31, 23.625], [92.309, 23.625], [92.309, 23.624], [92.308, 23.624], [92.307, 23.623], [92.306, 23.623], [92.305, 23.623], [92.304, 23.623], [92.304, 23.622], [92.303, 23.622], [92.303, 23.623], [92.303, 23.624], [92.302, 23.624], [92.301, 23.624], [92.301, 23.625], [92.3, 23.625], [92.299, 23.625], [92.298, 23.625], [92.298, 23.624], [92.297, 23.624], [92.298, 23.623], [92.295, 23.623], [92.294, 23.624], [92.294, 23.625], [92.293, 23.625], [92.292, 23.626], [92.292, 23.627], [92.291, 23.627], [92.29, 23.628], [92.289, 23.629], [92.288, 23.629], [92.287, 23.629], [92.286, 23.629], [92.285, 23.629], [92.284, 23.629], [92.283, 23.63], [92.282, 23.63], [92.281, 23.63], [92.281, 23.631], [92.28, 23.631], [92.28, 23.63], [92.279, 23.63], [92.279, 23.629], [92.279, 23.628], [92.28, 23.627], [92.28, 23.626], [92.28, 23.625], [92.279, 23.625], [92.278, 23.625], [92.278, 23.626], [92.278, 23.627], [92.278, 23.628], [92.278, 23.629], [92.277, 23.629], [92.277, 23.63], [92.277, 23.631], [92.277, 23.632], [92.277, 23.633], [92.278, 23.633], [92.278, 23.634], [92.279, 23.634], [92.279, 23.635], [92.28, 23.635], [92.28, 23.636], [92.279, 23.636], [92.28, 23.637], [92.281, 23.636], [92.282, 23.637], [92.282, 23.638], [92.282, 23.639], [92.281, 23.639], [92.28, 23.639], [92.279, 23.64], [92.278, 23.64], [92.278, 23.641], [92.277, 23.641], [92.276, 23.642], [92.275, 23.642], [92.274, 23.642], [92.274, 23.641], [92.273, 23.641], [92.273, 23.642], [92.273, 23.643], [92.273, 23.644], [92.274, 23.644], [92.274, 23.645], [92.275, 23.646], [92.275, 23.647], [92.274, 23.647], [92.274, 23.648], [92.275, 23.649], [92.275, 23.65], [92.276, 23.651], [92.276, 23.652], [92.277, 23.652], [92.277, 23.653], [92.278, 23.653], [92.278, 23.654], [92.279, 23.655], [92.279, 23.656], [92.279, 23.657], [92.28, 23.657], [92.28, 23.658], [92.281, 23.659], [92.281, 23.66], [92.281, 23.661], [92.282, 23.661], [92.282, 23.662], [92.283, 23.662], [92.284, 23.662], [92.284, 23.663], [92.284, 23.664], [92.284, 23.665], [92.285, 23.665], [92.285, 23.666], [92.285, 23.667], [92.285, 23.668], [92.285, 23.669], [92.285, 23.67], [92.286, 23.671], [92.286, 23.672], [92.286, 23.673], [92.287, 23.674], [92.288, 23.675], [92.288, 23.676], [92.289, 23.676], [92.289, 23.677], [92.289, 23.678], [92.289, 23.679], [92.289, 23.68], [92.289, 23.681], [92.29, 23.681], [92.291, 23.681], [92.291, 23.682], [92.291, 23.683], [92.291, 23.684], [92.291, 23.685], [92.29, 23.685], [92.29, 23.686], [92.29, 23.687], [92.29, 23.688], [92.29, 23.689], [92.291, 23.69], [92.291, 23.691], [92.29, 23.692], [92.29, 23.693], [92.29, 23.694], [92.29, 23.695], [92.289, 23.695], [92.289, 23.696], [92.289, 23.697], [92.289, 23.698], [92.289, 23.699], [92.29, 23.7], [92.289, 23.7], [92.289, 23.701], [92.289, 23.702], [92.289, 23.701], [92.288, 23.702], [92.287, 23.702], [92.287, 23.703], [92.286, 23.703], [92.285, 23.703], [92.286, 23.704], [92.285, 23.704], [92.285, 23.705], [92.285, 23.706], [92.284, 23.706], [92.285, 23.707], [92.284, 23.707], [92.283, 23.707], [92.282, 23.707], [92.282, 23.708], [92.281, 23.708], [92.281, 23.709], [92.282, 23.709], [92.281, 23.709], [92.28, 23.709], [92.28, 23.71], [92.279, 23.71], [92.278, 23.71], [92.278, 23.711], [92.279, 23.711], [92.279, 23.712], [92.279, 23.713], [92.279, 23.714], [92.279, 23.715], [92.28, 23.715], [92.28, 23.716], [92.279, 23.716], [92.277, 23.717], [92.277, 23.718], [92.275, 23.719], [92.273, 23.721], [92.27, 23.722], [92.267, 23.724], [92.266, 23.725], [92.265, 23.725], [92.266, 23.726], [92.266, 23.728], [92.266, 23.73], [92.267, 23.731], [92.267, 23.732], [92.267, 23.733], [92.267, 23.734], [92.267, 23.736], [92.266, 23.737], [92.266, 23.738], [92.266, 23.739], [92.266, 23.741], [92.266, 23.742], [92.266, 23.743], [92.266, 23.744], [92.266, 23.746], [92.266, 23.747], [92.267, 23.749], [92.267, 23.75], [92.267, 23.751], [92.267, 23.752], [92.267, 23.753], [92.267, 23.755], [92.266, 23.757], [92.266, 23.758], [92.266, 23.759], [92.266, 23.76], [92.266, 23.761], [92.266, 23.762], [92.266, 23.764], [92.267, 23.766], [92.267, 23.768], [92.267, 23.769], [92.267, 23.77], [92.266, 23.77], [92.266, 23.771], [92.265, 23.772], [92.265, 23.773], [92.265, 23.774], [92.264, 23.777], [92.264, 23.778], [92.264, 23.78], [92.263, 23.781], [92.263, 23.783], [92.263, 23.784], [92.262, 23.785], [92.262, 23.786], [92.262, 23.787], [92.262, 23.788], [92.261, 23.789], [92.261, 23.79], [92.261, 23.791], [92.26, 23.792], [92.26, 23.793], [92.26, 23.794], [92.26, 23.795], [92.259, 23.797], [92.259, 23.798], [92.259, 23.799], [92.259, 23.801], [92.258, 23.801], [92.258, 23.802], [92.258, 23.803], [92.258, 23.804], [92.258, 23.805], [92.258, 23.806], [92.257, 23.808], [92.257, 23.809], [92.257, 23.81], [92.257, 23.811], [92.257, 23.812], [92.257, 23.813], [92.258, 23.813], [92.259, 23.813], [92.26, 23.814], [92.261, 23.814], [92.262, 23.814], [92.263, 23.815], [92.264, 23.815], [92.265, 23.815], [92.265, 23.816], [92.266, 23.816], [92.267, 23.816], [92.268, 23.816], [92.269, 23.816], [92.27, 23.816], [92.272, 23.815], [92.273, 23.815], [92.275, 23.815], [92.276, 23.815], [92.277, 23.815], [92.278, 23.815], [92.279, 23.815], [92.28, 23.814], [92.281, 23.814], [92.282, 23.814], [92.282, 23.815], [92.283, 23.815], [92.282, 23.816], [92.282, 23.817], [92.283, 23.817], [92.282, 23.818], [92.282, 23.819], [92.281, 23.821], [92.28, 23.822], [92.28, 23.823], [92.28, 23.824], [92.279, 23.824], [92.278, 23.826], [92.278, 23.827], [92.277, 23.828], [92.277, 23.829], [92.276, 23.829], [92.275, 23.831], [92.274, 23.833], [92.273, 23.834], [92.272, 23.835], [92.272, 23.836], [92.271, 23.837], [92.271, 23.838], [92.271, 23.839], [92.27, 23.84], [92.269, 23.84], [92.269, 23.841], [92.269, 23.842], [92.269, 23.843], [92.269, 23.844], [92.269, 23.846], [92.269, 23.847], [92.27, 23.848], [92.271, 23.849], [92.272, 23.851], [92.273, 23.852], [92.275, 23.853], [92.276, 23.854], [92.277, 23.855], [92.278, 23.855], [92.279, 23.856], [92.28, 23.857], [92.28, 23.858], [92.281, 23.86], [92.282, 23.862], [92.282, 23.863], [92.283, 23.864], [92.283, 23.865], [92.284, 23.866], [92.285, 23.867], [92.286, 23.868], [92.287, 23.868], [92.288, 23.868], [92.288, 23.869], [92.289, 23.868], [92.29, 23.868], [92.291, 23.867], [92.292, 23.866], [92.292, 23.865], [92.293, 23.865], [92.293, 23.864], [92.294, 23.864], [92.295, 23.864], [92.296, 23.863], [92.297, 23.862], [92.298, 23.861], [92.299, 23.86], [92.3, 23.859], [92.301, 23.859], [92.302, 23.859], [92.303, 23.859], [92.304, 23.858], [92.305, 23.858], [92.306, 23.858], [92.307, 23.857], [92.308, 23.857], [92.309, 23.857], [92.31, 23.857], [92.31, 23.858], [92.31, 23.859], [92.311, 23.859], [92.311, 23.86], [92.312, 23.86], [92.313, 23.86], [92.314, 23.86], [92.315, 23.86], [92.315, 23.861], [92.315, 23.862], [92.315, 23.863], [92.316, 23.863], [92.316, 23.864], [92.317, 23.864], [92.317, 23.865], [92.316, 23.866], [92.315, 23.867], [92.314, 23.868], [92.313, 23.868], [92.312, 23.868], [92.312, 23.869], [92.311, 23.869], [92.311, 23.87], [92.311, 23.871], [92.311, 23.872], [92.311, 23.873], [92.311, 23.875], [92.312, 23.876], [92.313, 23.877], [92.313, 23.878], [92.312, 23.878], [92.312, 23.879], [92.311, 23.879], [92.311, 23.88], [92.312, 23.881], [92.312, 23.882], [92.312, 23.883], [92.313, 23.884], [92.313, 23.885], [92.314, 23.885], [92.315, 23.885], [92.315, 23.886], [92.315, 23.887], [92.315, 23.888], [92.316, 23.888], [92.316, 23.889], [92.317, 23.889], [92.317, 23.89], [92.317, 23.891], [92.317, 23.892], [92.317, 23.893], [92.317, 23.894], [92.317, 23.895], [92.317, 23.896], [92.317, 23.897], [92.317, 23.898], [92.317, 23.899], [92.317, 23.9], [92.318, 23.899], [92.318, 23.898], [92.318, 23.899], [92.319, 23.9], [92.319, 23.901], [92.32, 23.901], [92.321, 23.901], [92.321, 23.902], [92.322, 23.902], [92.323, 23.903], [92.323, 23.904], [92.324, 23.904], [92.324, 23.905], [92.324, 23.906], [92.323, 23.907], [92.323, 23.908], [92.322, 23.908], [92.322, 23.909], [92.322, 23.91], [92.322, 23.911], [92.323, 23.912], [92.324, 23.913], [92.325, 23.913], [92.325, 23.914], [92.325, 23.915], [92.324, 23.915], [92.323, 23.915], [92.322, 23.915], [92.321, 23.915], [92.32, 23.915], [92.319, 23.916], [92.319, 23.917], [92.319, 23.918], [92.319, 23.919], [92.318, 23.919], [92.318, 23.92], [92.318, 23.921], [92.318, 23.922], [92.318, 23.923], [92.318, 23.924], [92.318, 23.925], [92.317, 23.925], [92.317, 23.926], [92.317, 23.927], [92.317, 23.928], [92.316, 23.928], [92.316, 23.929], [92.315, 23.929], [92.314, 23.929], [92.313, 23.929], [92.313, 23.93], [92.312, 23.93], [92.312, 23.931], [92.311, 23.931], [92.311, 23.93], [92.31, 23.93], [92.31, 23.931], [92.309, 23.931], [92.309, 23.932], [92.309, 23.933], [92.31, 23.934], [92.31, 23.935], [92.311, 23.935], [92.311, 23.936], [92.31, 23.937], [92.31, 23.938], [92.311, 23.938], [92.31, 23.939], [92.31, 23.94], [92.309, 23.94], [92.31, 23.941], [92.31, 23.942], [92.309, 23.942], [92.309, 23.943], [92.309, 23.944], [92.309, 23.945], [92.31, 23.946], [92.31, 23.947], [92.311, 23.947], [92.311, 23.948], [92.311, 23.949], [92.31, 23.95], [92.311, 23.95], [92.311, 23.951], [92.311, 23.952], [92.31, 23.953], [92.309, 23.953], [92.308, 23.954], [92.308, 23.955], [92.308, 23.956], [92.309, 23.956], [92.309, 23.957], [92.309, 23.958], [92.308, 23.959], [92.308, 23.96], [92.308, 23.961], [92.309, 23.962], [92.31, 23.963], [92.31, 23.964], [92.31, 23.965], [92.309, 23.965], [92.309, 23.966], [92.309, 23.967], [92.309, 23.968], [92.309, 23.969], [92.31, 23.969], [92.31, 23.97], [92.31, 23.971], [92.31, 23.972], [92.311, 23.973], [92.312, 23.973], [92.313, 23.973], [92.314, 23.973], [92.315, 23.973], [92.315, 23.974], [92.315, 23.975], [92.316, 23.975], [92.317, 23.975], [92.317, 23.976], [92.317, 23.977], [92.317, 23.978], [92.317, 23.979], [92.318, 23.979], [92.319, 23.979], [92.32, 23.979], [92.32, 23.98], [92.32, 23.981], [92.321, 23.981], [92.321, 23.982], [92.321, 23.983], [92.322, 23.983], [92.322, 23.984], [92.322, 23.985], [92.321, 23.986], [92.321, 23.987], [92.321, 23.988], [92.322, 23.988], [92.323, 23.988], [92.324, 23.989], [92.323, 23.989], [92.323, 23.99], [92.322, 23.99], [92.322, 23.991], [92.322, 23.992], [92.322, 23.993], [92.322, 23.994], [92.323, 23.995], [92.324, 23.996], [92.325, 23.996], [92.325, 23.997], [92.326, 23.997], [92.326, 23.998], [92.326, 23.999], [92.325, 23.999], [92.325, 24.0], [92.324, 24.001], [92.323, 24.002], [92.323, 24.003], [92.323, 24.004], [92.324, 24.004], [92.324, 24.005], [92.322, 24.006], [92.321, 24.006], [92.32, 24.007], [92.319, 24.008], [92.319, 24.009], [92.319, 24.01], [92.319, 24.011], [92.32, 24.011], [92.32, 24.012], [92.32, 24.013], [92.319, 24.014], [92.319, 24.015], [92.319, 24.016], [92.318, 24.016], [92.317, 24.016], [92.317, 24.017], [92.317, 24.018], [92.317, 24.019], [92.316, 24.019], [92.316, 24.02], [92.315, 24.02], [92.314, 24.021], [92.314, 24.022], [92.314, 24.023], [92.315, 24.023], [92.316, 24.023], [92.317, 24.022], [92.318, 24.022], [92.319, 24.022], [92.319, 24.023], [92.32, 24.024], [92.32, 24.025], [92.319, 24.025], [92.318, 24.026], [92.317, 24.026], [92.316, 24.026], [92.315, 24.026], [92.314, 24.027], [92.315, 24.027], [92.315, 24.028], [92.316, 24.029], [92.317, 24.029], [92.317, 24.03], [92.316, 24.031], [92.315, 24.031], [92.314, 24.031], [92.314, 24.032], [92.313, 24.032], [92.312, 24.032], [92.312, 24.033], [92.314, 24.033], [92.315, 24.034], [92.316, 24.035], [92.316, 24.036], [92.316, 24.037], [92.316, 24.038], [92.315, 24.038], [92.314, 24.038], [92.313, 24.038], [92.312, 24.038], [92.312, 24.039], [92.313, 24.04], [92.313, 24.041], [92.314, 24.042], [92.316, 24.044], [92.316, 24.045], [92.316, 24.046], [92.316, 24.047], [92.315, 24.047], [92.315, 24.048], [92.314, 24.048], [92.314, 24.049], [92.313, 24.049], [92.313, 24.05], [92.312, 24.05], [92.312, 24.051], [92.312, 24.052], [92.312, 24.053], [92.312, 24.054], [92.312, 24.055], [92.313, 24.055], [92.314, 24.055], [92.314, 24.054], [92.315, 24.053], [92.316, 24.053], [92.317, 24.054], [92.317, 24.055], [92.318, 24.055], [92.318, 24.056], [92.317, 24.056], [92.317, 24.057], [92.317, 24.058], [92.316, 24.058], [92.316, 24.059], [92.316, 24.06], [92.317, 24.06], [92.317, 24.061], [92.318, 24.062], [92.319, 24.062], [92.319, 24.063], [92.32, 24.063], [92.32, 24.064], [92.319, 24.064], [92.319, 24.065], [92.318, 24.065], [92.318, 24.066], [92.317, 24.066], [92.317, 24.067], [92.316, 24.067], [92.317, 24.068], [92.317, 24.069], [92.317, 24.07], [92.318, 24.07], [92.319, 24.07], [92.32, 24.07], [92.32, 24.071], [92.321, 24.071], [92.321, 24.072], [92.321, 24.073], [92.321, 24.074], [92.321, 24.075], [92.321, 24.076], [92.32, 24.077], [92.319, 24.077], [92.319, 24.078], [92.32, 24.078], [92.321, 24.078], [92.322, 24.078], [92.323, 24.078], [92.324, 24.078], [92.324, 24.079], [92.324, 24.08], [92.323, 24.081], [92.322, 24.081], [92.322, 24.082], [92.323, 24.083], [92.323, 24.084], [92.324, 24.084], [92.324, 24.085], [92.324, 24.086], [92.324, 24.087], [92.325, 24.087], [92.325, 24.088], [92.325, 24.09], [92.325, 24.091], [92.325, 24.092], [92.325, 24.093], [92.325, 24.096], [92.325, 24.097], [92.325, 24.098], [92.326, 24.099], [92.327, 24.1], [92.327, 24.101], [92.328, 24.101], [92.328, 24.103], [92.327, 24.104], [92.327, 24.105], [92.326, 24.105], [92.326, 24.104], [92.325, 24.104], [92.324, 24.104], [92.323, 24.104], [92.323, 24.105], [92.323, 24.106], [92.324, 24.106], [92.324, 24.107], [92.325, 24.107], [92.325, 24.108], [92.326, 24.108], [92.326, 24.109], [92.326, 24.11], [92.327, 24.111], [92.328, 24.111], [92.328, 24.112], [92.328, 24.113], [92.327, 24.113], [92.327, 24.112], [92.326, 24.112], [92.325, 24.113], [92.325, 24.114], [92.324, 24.115], [92.324, 24.116], [92.325, 24.116], [92.325, 24.117], [92.325, 24.116], [92.326, 24.116], [92.327, 24.117], [92.327, 24.118], [92.326, 24.118], [92.325, 24.119], [92.325, 24.12], [92.325, 24.121], [92.325, 24.122], [92.325, 24.123], [92.325, 24.124], [92.325, 24.125], [92.325, 24.127], [92.325, 24.128], [92.325, 24.129], [92.326, 24.13], [92.326, 24.131], [92.326, 24.132], [92.326, 24.133], [92.325, 24.134], [92.325, 24.135], [92.325, 24.136], [92.325, 24.137], [92.325, 24.138], [92.325, 24.139], [92.325, 24.14], [92.325, 24.139], [92.325, 24.14], [92.326, 24.14], [92.327, 24.139], [92.328, 24.139], [92.329, 24.139], [92.33, 24.139], [92.331, 24.14], [92.331, 24.141], [92.33, 24.141], [92.33, 24.142], [92.329, 24.142], [92.329, 24.143], [92.329, 24.144], [92.33, 24.146], [92.331, 24.148], [92.331, 24.149], [92.331, 24.15], [92.331, 24.151], [92.332, 24.152], [92.331, 24.153], [92.33, 24.154], [92.329, 24.154], [92.329, 24.155], [92.329, 24.156], [92.328, 24.157], [92.328, 24.158], [92.328, 24.159], [92.329, 24.161], [92.329, 24.162], [92.329, 24.163], [92.329, 24.164], [92.329, 24.166], [92.328, 24.167], [92.327, 24.167], [92.326, 24.168], [92.325, 24.168], [92.324, 24.168], [92.324, 24.169], [92.324, 24.17], [92.324, 24.171], [92.324, 24.172], [92.325, 24.173], [92.326, 24.173], [92.326, 24.174], [92.326, 24.175], [92.326, 24.176], [92.326, 24.177], [92.327, 24.178], [92.328, 24.178], [92.33, 24.178], [92.331, 24.178], [92.332, 24.179], [92.332, 24.18], [92.331, 24.18], [92.331, 24.181], [92.33, 24.181], [92.329, 24.181], [92.328, 24.181], [92.327, 24.181], [92.326, 24.182], [92.326, 24.183], [92.326, 24.184], [92.326, 24.185], [92.325, 24.186], [92.324, 24.187], [92.323, 24.187], [92.323, 24.188], [92.322, 24.188], [92.322, 24.189], [92.323, 24.189], [92.323, 24.19], [92.324, 24.19], [92.325, 24.19], [92.326, 24.191], [92.326, 24.192], [92.325, 24.192], [92.324, 24.192], [92.323, 24.192], [92.323, 24.193], [92.322, 24.193], [92.322, 24.194], [92.322, 24.195], [92.323, 24.195], [92.324, 24.195], [92.325, 24.195], [92.325, 24.196], [92.326, 24.196], [92.326, 24.197], [92.324, 24.198], [92.322, 24.197], [92.321, 24.197], [92.32, 24.197], [92.319, 24.198], [92.319, 24.199], [92.319, 24.2], [92.319, 24.201], [92.32, 24.201], [92.321, 24.202], [92.321, 24.203], [92.322, 24.203], [92.322, 24.204], [92.321, 24.204], [92.32, 24.204], [92.319, 24.204], [92.319, 24.205], [92.318, 24.205], [92.317, 24.206], [92.316, 24.206], [92.315, 24.206], [92.315, 24.207], [92.314, 24.207], [92.314, 24.209], [92.314, 24.21], [92.315, 24.211], [92.316, 24.211], [92.316, 24.212], [92.315, 24.213], [92.315, 24.214], [92.314, 24.215], [92.314, 24.216], [92.313, 24.216], [92.313, 24.217], [92.312, 24.217], [92.311, 24.217], [92.311, 24.218], [92.311, 24.219], [92.311, 24.22], [92.311, 24.221], [92.31, 24.221], [92.31, 24.222], [92.309, 24.222], [92.308, 24.223], [92.307, 24.223], [92.306, 24.223], [92.305, 24.223], [92.304, 24.224], [92.303, 24.225], [92.302, 24.226], [92.302, 24.227], [92.301, 24.227], [92.301, 24.228], [92.3, 24.228], [92.3, 24.229], [92.299, 24.23], [92.298, 24.23], [92.298, 24.231], [92.297, 24.231], [92.297, 24.232], [92.297, 24.233], [92.297, 24.234], [92.295, 24.237], [92.295, 24.238], [92.295, 24.239], [92.295, 24.241], [92.295, 24.242], [92.294, 24.243], [92.293, 24.245], [92.293, 24.246], [92.293, 24.247], [92.293, 24.248], [92.293, 24.249], [92.292, 24.249], [92.292, 24.25], [92.293, 24.25], [92.292, 24.25], [92.291, 24.251], [92.29, 24.252], [92.297, 24.253], [92.298, 24.253], [92.299, 24.253], [92.3, 24.253], [92.305, 24.253], [92.313, 24.253], [92.327, 24.253], [92.342, 24.253], [92.358, 24.254], [92.369, 24.254], [92.387, 24.254], [92.409, 24.254], [92.423, 24.255], [92.422, 24.251], [92.421, 24.248], [92.421, 24.247], [92.421, 24.246], [92.421, 24.245], [92.421, 24.244], [92.421, 24.243], [92.421, 24.242], [92.421, 24.241], [92.421, 24.24], [92.421, 24.239], [92.421, 24.238], [92.42, 24.237], [92.42, 24.236], [92.42, 24.235], [92.42, 24.234], [92.42, 24.233], [92.42, 24.232], [92.42, 24.231], [92.42, 24.23], [92.42, 24.229], [92.42, 24.228], [92.42, 24.227], [92.419, 24.227], [92.419, 24.226], [92.419, 24.225], [92.42, 24.225], [92.42, 24.224], [92.42, 24.223], [92.42, 24.222], [92.42, 24.221], [92.421, 24.221], [92.421, 24.22], [92.421, 24.219], [92.421, 24.218], [92.421, 24.217], [92.421, 24.216], [92.42, 24.216], [92.42, 24.215], [92.419, 24.215], [92.419, 24.214], [92.419, 24.213], [92.419, 24.212], [92.419, 24.211], [92.419, 24.21], [92.419, 24.209], [92.419, 24.208], [92.419, 24.207], [92.419, 24.206], [92.419, 24.205], [92.419, 24.204], [92.419, 24.203], [92.42, 24.203], [92.42, 24.202], [92.421, 24.202], [92.421, 24.201], [92.421, 24.2], [92.421, 24.199], [92.421, 24.198], [92.42, 24.198], [92.42, 24.197], [92.419, 24.194], [92.419, 24.193], [92.419, 24.192], [92.42, 24.191], [92.422, 24.19], [92.423, 24.189], [92.428, 24.187], [92.429, 24.186], [92.43, 24.186], [92.431, 24.185], [92.432, 24.184], [92.433, 24.184], [92.434, 24.183], [92.434, 24.182], [92.434, 24.181], [92.434, 24.18], [92.435, 24.18], [92.436, 24.18], [92.436, 24.179], [92.435, 24.178], [92.434, 24.177], [92.434, 24.176], [92.434, 24.175], [92.434, 24.174], [92.435, 24.174], [92.436, 24.173], [92.437, 24.173], [92.437, 24.172], [92.437, 24.171], [92.437, 24.17], [92.438, 24.17], [92.438, 24.169], [92.438, 24.168], [92.437, 24.168], [92.437, 24.167], [92.436, 24.166], [92.436, 24.165], [92.436, 24.164], [92.436, 24.163], [92.436, 24.162], [92.436, 24.161], [92.436, 24.16], [92.436, 24.159], [92.436, 24.158], [92.436, 24.157], [92.436, 24.156], [92.436, 24.155], [92.436, 24.154], [92.436, 24.153], [92.437, 24.153], [92.438, 24.153], [92.439, 24.153], [92.44, 24.153], [92.441, 24.153], [92.442, 24.154], [92.442, 24.155], [92.443, 24.155], [92.443, 24.154], [92.444, 24.154], [92.444, 24.153], [92.444, 24.152], [92.445, 24.151], [92.446, 24.151], [92.446, 24.15], [92.446, 24.149], [92.447, 24.149], [92.447, 24.148], [92.448, 24.148], [92.448, 24.147], [92.448, 24.146], [92.449, 24.146], [92.449, 24.145], [92.449, 24.144], [92.45, 24.144], [92.45, 24.145], [92.45, 24.146], [92.449, 24.146], [92.45, 24.147], [92.451, 24.147], [92.451, 24.146], [92.451, 24.145], [92.452, 24.145], [92.452, 24.144], [92.453, 24.144], [92.454, 24.144], [92.454, 24.145], [92.455, 24.145], [92.456, 24.144], [92.457, 24.144], [92.457, 24.143], [92.457, 24.142], [92.458, 24.142], [92.459, 24.142], [92.459, 24.141], [92.46, 24.141], [92.46, 24.14], [92.46, 24.139], [92.461, 24.138], [92.461, 24.137], [92.462, 24.137], [92.462, 24.138], [92.463, 24.138], [92.463, 24.139], [92.464, 24.139], [92.464, 24.138], [92.463, 24.138], [92.463, 24.137], [92.464, 24.137], [92.464, 24.136], [92.465, 24.136], [92.466, 24.136], [92.466, 24.137], [92.466, 24.138], [92.465, 24.138], [92.466, 24.139], [92.467, 24.139], [92.468, 24.139], [92.468, 24.14], [92.469, 24.14], [92.47, 24.14], [92.471, 24.139], [92.472, 24.14], [92.473, 24.14], [92.473, 24.141], [92.473, 24.142], [92.474, 24.142], [92.474, 24.143], [92.474, 24.144], [92.475, 24.144], [92.476, 24.143], [92.477, 24.142], [92.478, 24.142], [92.479, 24.142], [92.479, 24.143], [92.479, 24.144], [92.48, 24.144], [92.481, 24.145], [92.48, 24.146], [92.478, 24.147], [92.477, 24.147], [92.477, 24.148], [92.478, 24.148], [92.479, 24.149], [92.48, 24.149], [92.481, 24.15], [92.481, 24.151], [92.481, 24.152], [92.481, 24.153], [92.481, 24.154], [92.481, 24.155], [92.482, 24.155], [92.482, 24.156], [92.481, 24.156], [92.48, 24.156], [92.479, 24.156], [92.48, 24.157], [92.479, 24.157], [92.48, 24.157], [92.481, 24.157], [92.481, 24.158], [92.482, 24.158], [92.483, 24.158], [92.484, 24.159], [92.483, 24.159], [92.482, 24.16], [92.482, 24.161], [92.483, 24.161], [92.483, 24.162], [92.484, 24.163], [92.485, 24.163], [92.486, 24.162], [92.487, 24.162], [92.488, 24.162], [92.489, 24.163], [92.49, 24.163], [92.491, 24.163], [92.491, 24.162], [92.492, 24.161], [92.493, 24.161], [92.493, 24.16], [92.494, 24.16], [92.495, 24.16], [92.496, 24.16], [92.497, 24.16], [92.497, 24.161], [92.498, 24.161], [92.499, 24.161], [92.499, 24.16], [92.499, 24.161], [92.5, 24.161], [92.501, 24.161], [92.501, 24.16], [92.502, 24.16], [92.502, 24.161], [92.503, 24.162], [92.503, 24.163], [92.504, 24.164], [92.505, 24.163], [92.506, 24.163], [92.506, 24.164], [92.506, 24.165], [92.505, 24.165], [92.505, 24.166], [92.504, 24.166], [92.503, 24.167], [92.503, 24.168], [92.504, 24.168], [92.505, 24.168], [92.506, 24.168], [92.508, 24.167], [92.509, 24.166], [92.509, 24.165], [92.51, 24.165], [92.511, 24.165], [92.512, 24.166], [92.511, 24.167], [92.51, 24.167], [92.509, 24.167], [92.508, 24.168], [92.507, 24.169], [92.507, 24.17], [92.508, 24.17], [92.509, 24.171], [92.51, 24.171], [92.51, 24.17], [92.511, 24.169], [92.512, 24.169], [92.513, 24.169], [92.514, 24.169], [92.515, 24.17], [92.515, 24.171], [92.514, 24.171], [92.513, 24.171], [92.512, 24.17], [92.512, 24.171], [92.511, 24.171], [92.511, 24.172], [92.51, 24.172], [92.51, 24.173], [92.511, 24.173], [92.512, 24.174], [92.513, 24.175], [92.513, 24.176], [92.514, 24.177], [92.515, 24.178], [92.515, 24.179], [92.516, 24.179], [92.516, 24.178], [92.516, 24.177], [92.517, 24.177], [92.517, 24.176], [92.518, 24.175], [92.519, 24.175], [92.519, 24.174], [92.52, 24.173], [92.521, 24.173], [92.522, 24.173], [92.523, 24.173], [92.524, 24.172], [92.524, 24.171], [92.525, 24.172], [92.526, 24.172], [92.526, 24.173], [92.527, 24.174], [92.528, 24.174], [92.528, 24.175], [92.529, 24.175], [92.53, 24.176], [92.53, 24.177], [92.529, 24.177], [92.529, 24.178], [92.53, 24.179], [92.531, 24.179], [92.532, 24.179], [92.533, 24.179], [92.534, 24.18], [92.534, 24.181], [92.533, 24.183], [92.532, 24.184], [92.531, 24.185]]]}, "properties": {"OBJECTID": 5904, "stcode11": "15", "dtcode11": "281", "sdtcode11": "01896", "stname": "MIZORAM", "dtname": "Mamit", "sdtname": "Zawlnuam", "subdt_lgd": 1896, "dist_lgd": 266, "state_lgd": 15, "shape_Length": 281533.1109524922, "shape_Area": 1427016825.3718503, "st_area_sh": 0, "st_length_": 0, "remarks": "", "ac_no": null, "test": 5909}}, {"type": "Feature", "geometry": {"type": "Polygon", "coordinates": [[[92.415, 23.796], [92.416, 23.796], [92.417, 23.796], [92.417, 23.795], [92.417, 23.794], [92.418, 23.794], [92.418, 23.793], [92.419, 23.793], [92.419, 23.794], [92.42, 23.794], [92.42, 23.793], [92.42, 23.792], [92.421, 23.792], [92.421, 23.791], [92.422, 23.791], [92.423, 23.791], [92.423, 23.79], [92.423, 23.789], [92.423, 23.788], [92.424, 23.788], [92.424, 23.787], [92.424, 23.786], [92.423, 23.785], [92.424, 23.785], [92.424, 23.784], [92.425, 23.784], [92.425, 23.783], [92.426, 23.783], [92.426, 23.782], [92.427, 23.782], [92.428, 23.781], [92.429, 23.781], [92.43, 23.78], [92.431, 23.78], [92.432, 23.78], [92.433, 23.779], [92.434, 23.779], [92.435, 23.779], [92.435, 23.78], [92.436, 23.78], [92.436, 23.779], [92.437, 23.779], [92.438, 23.779], [92.438, 23.78], [92.438, 23.781], [92.438, 23.782], [92.439, 23.782], [92.439, 23.781], [92.44, 23.781], [92.44, 23.782], [92.441, 23.782], [92.442, 23.782], [92.442, 23.783], [92.443, 23.783], [92.443, 23.784], [92.443, 23.785], [92.442, 23.785], [92.443, 23.786], [92.444, 23.786], [92.445, 23.786], [92.446, 23.786], [92.446, 23.787], [92.446, 23.788], [92.446, 23.789], [92.446, 23.79], [92.446, 23.791], [92.447, 23.79], [92.448, 23.79], [92.448, 23.791], [92.449, 23.791], [92.45, 23.792], [92.451, 23.791], [92.452, 23.791], [92.453, 23.79], [92.454, 23.79], [92.455, 23.79], [92.456, 23.79], [92.457, 23.789], [92.458, 23.789], [92.458, 23.788], [92.459, 23.788], [92.46, 23.788], [92.46, 23.789], [92.46, 23.79], [92.461, 23.79], [92.462, 23.79], [92.462, 23.791], [92.462, 23.79], [92.462, 23.789], [92.463, 23.789], [92.464, 23.789], [92.463, 23.788], [92.463, 23.787], [92.464, 23.787], [92.464, 23.786], [92.465, 23.786], [92.465, 23.785], [92.465, 23.784], [92.465, 23.783], [92.466, 23.783], [92.466, 23.782], [92.466, 23.781], [92.466, 23.78], [92.467, 23.779], [92.467, 23.778], [92.467, 23.777], [92.467, 23.776], [92.467, 23.775], [92.468, 23.774], [92.468, 23.773], [92.468, 23.772], [92.467, 23.772], [92.467, 23.771], [92.467, 23.77], [92.467, 23.769], [92.467, 23.768], [92.467, 23.767], [92.467, 23.766], [92.467, 23.765], [92.467, 23.764], [92.467, 23.762], [92.468, 23.762], [92.469, 23.76], [92.469, 23.759], [92.47, 23.758], [92.471, 23.757], [92.471, 23.756], [92.472, 23.756], [92.473, 23.757], [92.474, 23.757], [92.474, 23.758], [92.475, 23.758], [92.476, 23.758], [92.477, 23.758], [92.478, 23.758], [92.479, 23.758], [92.479, 23.759], [92.48, 23.759], [92.48, 23.76], [92.481, 23.76], [92.482, 23.76], [92.482, 23.761], [92.483, 23.761], [92.483, 23.762], [92.484, 23.762], [92.484, 23.763], [92.485, 23.763], [92.486, 23.763], [92.487, 23.763], [92.487, 23.764], [92.488, 23.765], [92.489, 23.765], [92.488, 23.765], [92.488, 23.766], [92.489, 23.766], [92.489, 23.767], [92.49, 23.767], [92.491, 23.767], [92.492, 23.766], [92.493, 23.766], [92.494, 23.766], [92.495, 23.766], [92.495, 23.765], [92.496, 23.765], [92.496, 23.766], [92.497, 23.766], [92.498, 23.766], [92.499, 23.766], [92.5, 23.766], [92.501, 23.766], [92.502, 23.766], [92.503, 23.766], [92.504, 23.766], [92.505, 23.766], [92.505, 23.765], [92.506, 23.765], [92.507, 23.765], [92.508, 23.765], [92.509, 23.765], [92.51, 23.765], [92.511, 23.765], [92.512, 23.765], [92.512, 23.766], [92.512, 23.767], [92.512, 23.768], [92.512, 23.769], [92.513, 23.769], [92.513, 23.768], [92.514, 23.768], [92.515, 23.768], [92.515, 23.769], [92.515, 23.77], [92.516, 23.77], [92.516, 23.771], [92.517, 23.771], [92.518, 23.772], [92.518, 23.773], [92.519, 23.773], [92.519, 23.772], [92.519, 23.773], [92.52, 23.773], [92.519, 23.774], [92.52, 23.774], [92.52, 23.767], [92.523, 23.743], [92.523, 23.726], [92.52, 23.662], [92.52, 23.615], [92.518, 23.562], [92.531, 23.523], [92.55, 23.471], [92.563, 23.455], [92.559, 23.432], [92.563, 23.417], [92.565, 23.38], [92.565, 23.379], [92.564, 23.379], [92.564, 23.378], [92.564, 23.377], [92.564, 23.376], [92.563, 23.375], [92.563, 23.374], [92.563, 23.373], [92.563, 23.372], [92.562, 23.372], [92.562, 23.371], [92.561, 23.371], [92.56, 23.371], [92.56, 23.372], [92.559, 23.372], [92.559, 23.371], [92.558, 23.37], [92.557, 23.37], [92.556, 23.37], [92.555, 23.37], [92.555, 23.371], [92.554, 23.371], [92.554, 23.372], [92.553, 23.372], [92.553, 23.373], [92.553, 23.374], [92.552, 23.375], [92.552, 23.376], [92.551, 23.377], [92.551, 23.378], [92.55, 23.378], [92.549, 23.377], [92.548, 23.377], [92.547, 23.377], [92.547, 23.378], [92.546, 23.379], [92.546, 23.38], [92.545, 23.38], [92.545, 23.381], [92.544, 23.381], [92.543, 23.381], [92.543, 23.382], [92.542, 23.382], [92.541, 23.382], [92.541, 23.383], [92.54, 23.383], [92.539, 23.383], [92.538, 23.383], [92.538, 23.382], [92.537, 23.382], [92.536, 23.382], [92.535, 23.382], [92.534, 23.381], [92.533, 23.381], [92.533, 23.38], [92.532, 23.38], [92.531, 23.38], [92.53, 23.38], [92.53, 23.381], [92.528, 23.381], [92.527, 23.381], [92.526, 23.381], [92.525, 23.381], [92.524, 23.381], [92.523, 23.381], [92.522, 23.382], [92.521, 23.381], [92.52, 23.381], [92.519, 23.381], [92.518, 23.38], [92.517, 23.38], [92.516, 23.38], [92.515, 23.38], [92.515, 23.379], [92.514, 23.379], [92.513, 23.379], [92.512, 23.379], [92.511, 23.379], [92.51, 23.379], [92.51, 23.38], [92.509, 23.38], [92.509, 23.381], [92.508, 23.381], [92.508, 23.382], [92.508, 23.383], [92.507, 23.384], [92.506, 23.384], [92.505, 23.385], [92.504, 23.385], [92.503, 23.385], [92.503, 23.386], [92.503, 23.387], [92.502, 23.387], [92.501, 23.387], [92.501, 23.388], [92.501, 23.389], [92.501, 23.39], [92.5, 23.39], [92.5, 23.391], [92.499, 23.391], [92.498, 23.391], [92.497, 23.392], [92.496, 23.392], [92.495, 23.392], [92.495, 23.393], [92.495, 23.392], [92.494, 23.392], [92.493, 23.393], [92.492, 23.393], [92.492, 23.392], [92.492, 23.391], [92.493, 23.391], [92.493, 23.39], [92.494, 23.39], [92.494, 23.389], [92.494, 23.388], [92.494, 23.387], [92.493, 23.386], [92.493, 23.385], [92.492, 23.385], [92.492, 23.384], [92.491, 23.384], [92.491, 23.383], [92.491, 23.382], [92.49, 23.382], [92.489, 23.382], [92.489, 23.383], [92.488, 23.383], [92.487, 23.383], [92.486, 23.383], [92.486, 23.384], [92.485, 23.384], [92.484, 23.384], [92.483, 23.384], [92.482, 23.384], [92.481, 23.385], [92.481, 23.386], [92.481, 23.387], [92.48, 23.387], [92.48, 23.388], [92.48, 23.389], [92.479, 23.389], [92.479, 23.39], [92.478, 23.39], [92.477, 23.39], [92.477, 23.391], [92.476, 23.391], [92.476, 23.392], [92.476, 23.393], [92.475, 23.394], [92.474, 23.394], [92.474, 23.393], [92.473, 23.393], [92.472, 23.393], [92.471, 23.393], [92.471, 23.394], [92.47, 23.393], [92.469, 23.393], [92.469, 23.392], [92.468, 23.392], [92.468, 23.391], [92.467, 23.391], [92.466, 23.392], [92.465, 23.392], [92.464, 23.392], [92.464, 23.391], [92.463, 23.391], [92.462, 23.39], [92.462, 23.389], [92.462, 23.388], [92.462, 23.387], [92.462, 23.386], [92.462, 23.385], [92.461, 23.385], [92.46, 23.384], [92.459, 23.383], [92.458, 23.382], [92.457, 23.382], [92.457, 23.381], [92.456, 23.381], [92.456, 23.38], [92.457, 23.38], [92.457, 23.379], [92.457, 23.378], [92.457, 23.377], [92.458, 23.376], [92.459, 23.376], [92.46, 23.376], [92.46, 23.375], [92.46, 23.374], [92.459, 23.373], [92.459, 23.372], [92.459, 23.371], [92.459, 23.37], [92.458, 23.37], [92.458, 23.369], [92.458, 23.368], [92.457, 23.367], [92.457, 23.366], [92.456, 23.366], [92.456, 23.365], [92.455, 23.365], [92.455, 23.364], [92.456, 23.364], [92.457, 23.364], [92.457, 23.363], [92.457, 23.362], [92.458, 23.362], [92.458, 23.361], [92.458, 23.36], [92.459, 23.36], [92.46, 23.36], [92.461, 23.36], [92.462, 23.36], [92.463, 23.36], [92.464, 23.36], [92.465, 23.36], [92.465, 23.359], [92.465, 23.358], [92.465, 23.357], [92.465, 23.356], [92.464, 23.355], [92.463, 23.355], [92.463, 23.356], [92.463, 23.357], [92.462, 23.357], [92.462, 23.358], [92.461, 23.358], [92.46, 23.358], [92.46, 23.357], [92.46, 23.356], [92.46, 23.355], [92.461, 23.355], [92.461, 23.354], [92.461, 23.353], [92.461, 23.352], [92.461, 23.351], [92.462, 23.351], [92.461, 23.351], [92.461, 23.35], [92.46, 23.35], [92.46, 23.349], [92.46, 23.348], [92.461, 23.348], [92.461, 23.347], [92.462, 23.347], [92.463, 23.347], [92.464, 23.347], [92.464, 23.346], [92.464, 23.345], [92.465, 23.344], [92.466, 23.344], [92.467, 23.344], [92.467, 23.343], [92.467, 23.342], [92.467, 23.341], [92.468, 23.341], [92.468, 23.34], [92.469, 23.34], [92.469, 23.339], [92.469, 23.338], [92.469, 23.337], [92.468, 23.336], [92.468, 23.335], [92.468, 23.334], [92.468, 23.333], [92.469, 23.332], [92.469, 23.331], [92.469, 23.33], [92.47, 23.33], [92.47, 23.329], [92.47, 23.328], [92.47, 23.327], [92.471, 23.326], [92.471, 23.325], [92.471, 23.324], [92.471, 23.323], [92.471, 23.322], [92.47, 23.322], [92.47, 23.321], [92.47, 23.32], [92.469, 23.32], [92.468, 23.319], [92.467, 23.319], [92.467, 23.32], [92.466, 23.32], [92.465, 23.32], [92.464, 23.319], [92.463, 23.319], [92.462, 23.319], [92.461, 23.319], [92.461, 23.318], [92.46, 23.317], [92.46, 23.316], [92.461, 23.316], [92.461, 23.315], [92.461, 23.314], [92.461, 23.313], [92.46, 23.313], [92.46, 23.312], [92.46, 23.311], [92.459, 23.311], [92.459, 23.31], [92.459, 23.309], [92.459, 23.308], [92.458, 23.307], [92.457, 23.307], [92.457, 23.306], [92.457, 23.305], [92.456, 23.305], [92.456, 23.304], [92.456, 23.303], [92.456, 23.302], [92.456, 23.301], [92.455, 23.301], [92.455, 23.3], [92.454, 23.3], [92.453, 23.299], [92.453, 23.298], [92.453, 23.297], [92.453, 23.296], [92.452, 23.295], [92.452, 23.294], [92.452, 23.293], [92.452, 23.292], [92.452, 23.291], [92.452, 23.29], [92.452, 23.289], [92.452, 23.288], [92.452, 23.287], [92.452, 23.286], [92.451, 23.286], [92.45, 23.285], [92.449, 23.285], [92.448, 23.285], [92.447, 23.285], [92.446, 23.285], [92.445, 23.285], [92.444, 23.285], [92.443, 23.285], [92.442, 23.286], [92.441, 23.286], [92.44, 23.287], [92.439, 23.287], [92.438, 23.287], [92.438, 23.286], [92.437, 23.286], [92.436, 23.286], [92.435, 23.286], [92.434, 23.286], [92.434, 23.285], [92.433, 23.285], [92.433, 23.284], [92.433, 23.283], [92.433, 23.282], [92.433, 23.281], [92.434, 23.281], [92.434, 23.28], [92.435, 23.28], [92.436, 23.28], [92.437, 23.28], [92.437, 23.279], [92.438, 23.278], [92.438, 23.277], [92.437, 23.277], [92.437, 23.276], [92.437, 23.277], [92.436, 23.277], [92.435, 23.276], [92.434, 23.276], [92.433, 23.276], [92.433, 23.275], [92.432, 23.275], [92.431, 23.274], [92.43, 23.274], [92.429, 23.273], [92.429, 23.272], [92.428, 23.272], [92.428, 23.271], [92.427, 23.271], [92.427, 23.27], [92.427, 23.269], [92.426, 23.269], [92.426, 23.268], [92.425, 23.268], [92.425, 23.267], [92.424, 23.267], [92.424, 23.266], [92.424, 23.265], [92.423, 23.265], [92.423, 23.264], [92.422, 23.264], [92.422, 23.263], [92.421, 23.263], [92.42, 23.263], [92.419, 23.263], [92.418, 23.263], [92.417, 23.263], [92.416, 23.263], [92.416, 23.262], [92.416, 23.261], [92.417, 23.261], [92.417, 23.26], [92.417, 23.259], [92.417, 23.258], [92.417, 23.257], [92.416, 23.257], [92.416, 23.258], [92.415, 23.258], [92.415, 23.259], [92.414, 23.26], [92.414, 23.261], [92.413, 23.261], [92.413, 23.262], [92.412, 23.262], [92.411, 23.263], [92.41, 23.263], [92.41, 23.264], [92.41, 23.265], [92.409, 23.265], [92.409, 23.266], [92.408, 23.266], [92.407, 23.266], [92.406, 23.266], [92.406, 23.265], [92.407, 23.264], [92.407, 23.263], [92.406, 23.263], [92.406, 23.264], [92.405, 23.265], [92.404, 23.266], [92.403, 23.266], [92.403, 23.265], [92.402, 23.265], [92.402, 23.264], [92.401, 23.264], [92.401, 23.265], [92.4, 23.266], [92.4, 23.267], [92.399, 23.267], [92.398, 23.267], [92.397, 23.267], [92.396, 23.267], [92.396, 23.268], [92.395, 23.268], [92.395, 23.267], [92.394, 23.267], [92.394, 23.268], [92.393, 23.268], [92.393, 23.269], [92.392, 23.27], [92.392, 23.271], [92.391, 23.272], [92.391, 23.273], [92.391, 23.274], [92.39, 23.275], [92.39, 23.276], [92.389, 23.277], [92.389, 23.278], [92.389, 23.279], [92.389, 23.28], [92.388, 23.281], [92.388, 23.282], [92.387, 23.283], [92.386, 23.283], [92.385, 23.284], [92.384, 23.284], [92.383, 23.284], [92.382, 23.285], [92.381, 23.285], [92.381, 23.286], [92.382, 23.287], [92.382, 23.288], [92.382, 23.289], [92.382, 23.29], [92.382, 23.291], [92.383, 23.291], [92.383, 23.292], [92.384, 23.292], [92.385, 23.292], [92.385, 23.293], [92.384, 23.293], [92.384, 23.294], [92.383, 23.295], [92.383, 23.296], [92.383, 23.297], [92.384, 23.297], [92.384, 23.298], [92.385, 23.298], [92.384, 23.299], [92.384, 23.3], [92.383, 23.301], [92.383, 23.302], [92.384, 23.302], [92.385, 23.302], [92.386, 23.303], [92.386, 23.304], [92.386, 23.305], [92.386, 23.306], [92.385, 23.307], [92.385, 23.308], [92.384, 23.308], [92.383, 23.309], [92.382, 23.309], [92.381, 23.31], [92.38, 23.31], [92.38, 23.311], [92.379, 23.311], [92.378, 23.311], [92.378, 23.312], [92.377, 23.312], [92.376, 23.313], [92.376, 23.314], [92.376, 23.315], [92.377, 23.315], [92.377, 23.316], [92.377, 23.317], [92.377, 23.318], [92.377, 23.319], [92.377, 23.32], [92.376, 23.32], [92.375, 23.32], [92.375, 23.319], [92.374, 23.319], [92.373, 23.319], [92.372, 23.318], [92.371, 23.318], [92.371, 23.319], [92.37, 23.319], [92.37, 23.32], [92.37, 23.321], [92.37, 23.322], [92.369, 23.322], [92.369, 23.323], [92.368, 23.323], [92.367, 23.323], [92.367, 23.322], [92.368, 23.321], [92.368, 23.32], [92.369, 23.319], [92.369, 23.318], [92.369, 23.317], [92.368, 23.317], [92.368, 23.318], [92.367, 23.318], [92.367, 23.319], [92.367, 23.32], [92.366, 23.32], [92.366, 23.321], [92.365, 23.321], [92.365, 23.322], [92.364, 23.323], [92.365, 23.323], [92.365, 23.324], [92.366, 23.324], [92.367, 23.325], [92.368, 23.325], [92.368, 23.326], [92.369, 23.326], [92.369, 23.327], [92.369, 23.328], [92.37, 23.328], [92.37, 23.329], [92.37, 23.33], [92.371, 23.33], [92.371, 23.331], [92.372, 23.331], [92.372, 23.332], [92.373, 23.333], [92.373, 23.334], [92.373, 23.335], [92.374, 23.335], [92.374, 23.336], [92.375, 23.337], [92.375, 23.338], [92.375, 23.339], [92.375, 23.34], [92.375, 23.341], [92.375, 23.342], [92.375, 23.343], [92.376, 23.344], [92.376, 23.345], [92.376, 23.346], [92.376, 23.347], [92.377, 23.348], [92.378, 23.349], [92.379, 23.35], [92.38, 23.35], [92.38, 23.351], [92.381, 23.351], [92.381, 23.352], [92.381, 23.353], [92.381, 23.354], [92.381, 23.355], [92.38, 23.356], [92.379, 23.356], [92.378, 23.356], [92.378, 23.357], [92.377, 23.357], [92.377, 23.356], [92.376, 23.357], [92.377, 23.358], [92.378, 23.358], [92.378, 23.359], [92.378, 23.36], [92.379, 23.361], [92.379, 23.362], [92.378, 23.362], [92.378, 23.363], [92.377, 23.363], [92.377, 23.364], [92.376, 23.364], [92.376, 23.365], [92.375, 23.365], [92.374, 23.366], [92.373, 23.366], [92.372, 23.366], [92.371, 23.366], [92.37, 23.366], [92.37, 23.367], [92.369, 23.367], [92.369, 23.368], [92.369, 23.369], [92.37, 23.37], [92.37, 23.371], [92.371, 23.371], [92.371, 23.372], [92.371, 23.373], [92.37, 23.374], [92.37, 23.373], [92.369, 23.373], [92.369, 23.372], [92.368, 23.371], [92.368, 23.37], [92.367, 23.37], [92.367, 23.369], [92.366, 23.368], [92.366, 23.367], [92.365, 23.367], [92.365, 23.366], [92.364, 23.366], [92.363, 23.366], [92.362, 23.367], [92.361, 23.367], [92.36, 23.368], [92.359, 23.368], [92.359, 23.369], [92.359, 23.37], [92.358, 23.37], [92.357, 23.371], [92.357, 23.372], [92.356, 23.372], [92.356, 23.373], [92.357, 23.374], [92.357, 23.375], [92.358, 23.375], [92.359, 23.375], [92.36, 23.375], [92.36, 23.376], [92.361, 23.377], [92.362, 23.378], [92.363, 23.378], [92.364, 23.379], [92.365, 23.379], [92.365, 23.38], [92.364, 23.381], [92.363, 23.381], [92.362, 23.381], [92.361, 23.381], [92.36, 23.381], [92.359, 23.38], [92.358, 23.38], [92.357, 23.38], [92.356, 23.38], [92.355, 23.38], [92.354, 23.38], [92.353, 23.38], [92.353, 23.381], [92.353, 23.382], [92.353, 23.383], [92.354, 23.383], [92.354, 23.384], [92.355, 23.384], [92.356, 23.384], [92.357, 23.385], [92.357, 23.386], [92.356, 23.386], [92.356, 23.387], [92.356, 23.388], [92.357, 23.388], [92.357, 23.389], [92.358, 23.389], [92.358, 23.39], [92.359, 23.39], [92.359, 23.391], [92.358, 23.391], [92.358, 23.392], [92.357, 23.392], [92.357, 23.391], [92.356, 23.391], [92.356, 23.39], [92.356, 23.389], [92.355, 23.389], [92.354, 23.389], [92.354, 23.39], [92.354, 23.391], [92.354, 23.392], [92.354, 23.393], [92.353, 23.393], [92.354, 23.394], [92.354, 23.395], [92.354, 23.396], [92.354, 23.397], [92.353, 23.397], [92.353, 23.398], [92.353, 23.399], [92.353, 23.4], [92.353, 23.401], [92.353, 23.402], [92.353, 23.403], [92.353, 23.404], [92.353, 23.405], [92.353, 23.406], [92.354, 23.406], [92.354, 23.405], [92.355, 23.404], [92.355, 23.403], [92.355, 23.401], [92.356, 23.401], [92.356, 23.402], [92.357, 23.402], [92.357, 23.403], [92.357, 23.404], [92.358, 23.404], [92.358, 23.405], [92.358, 23.406], [92.358, 23.407], [92.358, 23.408], [92.358, 23.409], [92.358, 23.41], [92.357, 23.41], [92.357, 23.411], [92.356, 23.412], [92.355, 23.412], [92.355, 23.413], [92.354, 23.413], [92.353, 23.413], [92.353, 23.414], [92.352, 23.413], [92.351, 23.413], [92.35, 23.413], [92.349, 23.413], [92.348, 23.413], [92.348, 23.414], [92.348, 23.415], [92.348, 23.416], [92.348, 23.417], [92.348, 23.418], [92.348, 23.419], [92.348, 23.42], [92.348, 23.421], [92.348, 23.422], [92.348, 23.423], [92.348, 23.424], [92.348, 23.425], [92.347, 23.426], [92.347, 23.427], [92.347, 23.428], [92.347, 23.429], [92.347, 23.43], [92.347, 23.431], [92.347, 23.432], [92.347, 23.433], [92.346, 23.433], [92.346, 23.434], [92.345, 23.434], [92.344, 23.433], [92.344, 23.434], [92.343, 23.434], [92.343, 23.435], [92.342, 23.435], [92.342, 23.436], [92.341, 23.436], [92.341, 23.435], [92.34, 23.435], [92.34, 23.434], [92.339, 23.433], [92.339, 23.432], [92.338, 23.432], [92.337, 23.432], [92.337, 23.433], [92.336, 23.433], [92.336, 23.434], [92.336, 23.433], [92.335, 23.432], [92.335, 23.431], [92.336, 23.43], [92.335, 23.429], [92.335, 23.428], [92.334, 23.428], [92.334, 23.429], [92.334, 23.43], [92.333, 23.43], [92.333, 23.431], [92.333, 23.432], [92.333, 23.433], [92.333, 23.434], [92.333, 23.435], [92.333, 23.436], [92.332, 23.436], [92.332, 23.437], [92.332, 23.438], [92.331, 23.438], [92.331, 23.439], [92.331, 23.44], [92.331, 23.441], [92.331, 23.442], [92.331, 23.443], [92.331, 23.444], [92.331, 23.445], [92.33, 23.446], [92.33, 23.447], [92.33, 23.448], [92.329, 23.448], [92.328, 23.448], [92.327, 23.448], [92.327, 23.449], [92.328, 23.449], [92.328, 23.45], [92.329, 23.45], [92.33, 23.451], [92.33, 23.452], [92.331, 23.452], [92.331, 23.453], [92.332, 23.453], [92.333, 23.454], [92.333, 23.455], [92.333, 23.456], [92.333, 23.457], [92.332, 23.457], [92.332, 23.456], [92.332, 23.455], [92.331, 23.454], [92.33, 23.454], [92.329, 23.455], [92.328, 23.456], [92.328, 23.457], [92.327, 23.457], [92.327, 23.458], [92.326, 23.458], [92.326, 23.459], [92.326, 23.46], [92.327, 23.46], [92.328, 23.46], [92.329, 23.46], [92.329, 23.459], [92.33, 23.459], [92.331, 23.459], [92.331, 23.46], [92.331, 23.461], [92.331, 23.462], [92.332, 23.462], [92.332, 23.463], [92.332, 23.464], [92.332, 23.465], [92.332, 23.466], [92.331, 23.467], [92.33, 23.467], [92.329, 23.467], [92.329, 23.466], [92.328, 23.466], [92.328, 23.467], [92.327, 23.467], [92.327, 23.468], [92.326, 23.468], [92.325, 23.468], [92.324, 23.468], [92.323, 23.469], [92.322, 23.469], [92.321, 23.469], [92.321, 23.47], [92.32, 23.47], [92.319, 23.47], [92.318, 23.471], [92.317, 23.472], [92.318, 23.472], [92.318, 23.473], [92.319, 23.473], [92.319, 23.474], [92.319, 23.475], [92.32, 23.475], [92.32, 23.474], [92.321, 23.474], [92.322, 23.474], [92.323, 23.475], [92.324, 23.475], [92.324, 23.476], [92.324, 23.477], [92.323, 23.477], [92.323, 23.478], [92.322, 23.478], [92.323, 23.479], [92.324, 23.479], [92.324, 23.478], [92.325, 23.478], [92.326, 23.478], [92.326, 23.479], [92.325, 23.48], [92.324, 23.48], [92.323, 23.48], [92.322, 23.48], [92.321, 23.48], [92.321, 23.481], [92.322, 23.482], [92.322, 23.483], [92.321, 23.483], [92.321, 23.484], [92.32, 23.485], [92.319, 23.485], [92.318, 23.485], [92.318, 23.486], [92.317, 23.486], [92.316, 23.486], [92.316, 23.487], [92.317, 23.488], [92.318, 23.488], [92.318, 23.489], [92.319, 23.489], [92.32, 23.49], [92.321, 23.49], [92.322, 23.49], [92.322, 23.491], [92.322, 23.492], [92.321, 23.492], [92.32, 23.492], [92.319, 23.492], [92.319, 23.493], [92.318, 23.493], [92.318, 23.494], [92.317, 23.494], [92.318, 23.494], [92.318, 23.495], [92.319, 23.495], [92.32, 23.494], [92.321, 23.494], [92.321, 23.495], [92.32, 23.496], [92.32, 23.497], [92.32, 23.498], [92.32, 23.499], [92.319, 23.5], [92.319, 23.501], [92.32, 23.501], [92.321, 23.501], [92.322, 23.501], [92.323, 23.501], [92.322, 23.501], [92.321, 23.501], [92.32, 23.501], [92.32, 23.502], [92.319, 23.503], [92.319, 23.504], [92.319, 23.505], [92.319, 23.506], [92.319, 23.507], [92.319, 23.508], [92.319, 23.509], [92.32, 23.509], [92.32, 23.51], [92.32, 23.511], [92.32, 23.512], [92.32, 23.513], [92.319, 23.513], [92.318, 23.512], [92.317, 23.512], [92.316, 23.512], [92.316, 23.513], [92.316, 23.514], [92.317, 23.514], [92.318, 23.514], [92.318, 23.515], [92.318, 23.516], [92.318, 23.517], [92.317, 23.518], [92.316, 23.518], [92.316, 23.517], [92.316, 23.516], [92.315, 23.516], [92.315, 23.515], [92.314, 23.515], [92.314, 23.516], [92.314, 23.517], [92.314, 23.518], [92.314, 23.519], [92.313, 23.52], [92.313, 23.521], [92.314, 23.521], [92.314, 23.522], [92.315, 23.522], [92.316, 23.523], [92.317, 23.524], [92.318, 23.525], [92.318, 23.526], [92.318, 23.527], [92.317, 23.527], [92.317, 23.528], [92.317, 23.529], [92.316, 23.529], [92.315, 23.529], [92.314, 23.529], [92.314, 23.53], [92.314, 23.531], [92.314, 23.532], [92.314, 23.533], [92.313, 23.533], [92.312, 23.533], [92.311, 23.533], [92.311, 23.532], [92.31, 23.532], [92.309, 23.532], [92.309, 23.533], [92.308, 23.533], [92.307, 23.534], [92.306, 23.535], [92.307, 23.536], [92.307, 23.537], [92.307, 23.538], [92.308, 23.539], [92.308, 23.54], [92.308, 23.541], [92.309, 23.541], [92.309, 23.542], [92.31, 23.542], [92.31, 23.543], [92.31, 23.544], [92.31, 23.545], [92.31, 23.546], [92.311, 23.546], [92.311, 23.547], [92.311, 23.548], [92.31, 23.548], [92.31, 23.549], [92.309, 23.549], [92.309, 23.55], [92.309, 23.551], [92.309, 23.552], [92.309, 23.553], [92.31, 23.553], [92.31, 23.554], [92.31, 23.555], [92.311, 23.555], [92.311, 23.556], [92.311, 23.555], [92.311, 23.554], [92.312, 23.554], [92.312, 23.553], [92.313, 23.553], [92.313, 23.554], [92.314, 23.555], [92.313, 23.556], [92.313, 23.557], [92.313, 23.558], [92.312, 23.558], [92.312, 23.559], [92.312, 23.56], [92.311, 23.56], [92.311, 23.561], [92.31, 23.561], [92.309, 23.562], [92.308, 23.562], [92.308, 23.563], [92.307, 23.563], [92.307, 23.564], [92.307, 23.565], [92.307, 23.566], [92.307, 23.565], [92.308, 23.565], [92.308, 23.566], [92.309, 23.566], [92.309, 23.567], [92.309, 23.568], [92.309, 23.569], [92.309, 23.57], [92.309, 23.571], [92.309, 23.572], [92.308, 23.572], [92.308, 23.571], [92.307, 23.572], [92.307, 23.571], [92.308, 23.57], [92.308, 23.569], [92.307, 23.569], [92.307, 23.57], [92.306, 23.57], [92.306, 23.571], [92.306, 23.572], [92.306, 23.573], [92.305, 23.573], [92.305, 23.574], [92.306, 23.574], [92.306, 23.575], [92.307, 23.575], [92.307, 23.576], [92.308, 23.577], [92.308, 23.578], [92.307, 23.579], [92.307, 23.58], [92.307, 23.581], [92.307, 23.582], [92.306, 23.582], [92.306, 23.583], [92.305, 23.583], [92.304, 23.583], [92.304, 23.584], [92.304, 23.585], [92.304, 23.586], [92.303, 23.587], [92.302, 23.587], [92.302, 23.588], [92.302, 23.589], [92.302, 23.59], [92.302, 23.591], [92.302, 23.592], [92.302, 23.593], [92.301, 23.593], [92.3, 23.593], [92.299, 23.593], [92.298, 23.593], [92.298, 23.592], [92.298, 23.591], [92.298, 23.59], [92.297, 23.589], [92.297, 23.588], [92.296, 23.588], [92.296, 23.589], [92.295, 23.589], [92.295, 23.59], [92.294, 23.591], [92.294, 23.592], [92.294, 23.593], [92.293, 23.593], [92.293, 23.594], [92.293, 23.595], [92.294, 23.595], [92.293, 23.595], [92.292, 23.595], [92.291, 23.595], [92.291, 23.596], [92.29, 23.596], [92.29, 23.597], [92.289, 23.598], [92.288, 23.597], [92.289, 23.597], [92.289, 23.596], [92.288, 23.595], [92.287, 23.596], [92.287, 23.597], [92.287, 23.598], [92.288, 23.598], [92.288, 23.599], [92.288, 23.6], [92.288, 23.601], [92.288, 23.602], [92.288, 23.603], [92.288, 23.604], [92.288, 23.605], [92.287, 23.605], [92.288, 23.606], [92.288, 23.607], [92.288, 23.608], [92.288, 23.609], [92.287, 23.609], [92.287, 23.61], [92.288, 23.611], [92.288, 23.612], [92.288, 23.613], [92.288, 23.614], [92.288, 23.615], [92.287, 23.616], [92.287, 23.617], [92.288, 23.617], [92.288, 23.618], [92.289, 23.619], [92.29, 23.62], [92.291, 23.62], [92.292, 23.62], [92.293, 23.62], [92.293, 23.621], [92.294, 23.621], [92.295, 23.621], [92.296, 23.621], [92.296, 23.622], [92.295, 23.622], [92.295, 23.623], [92.298, 23.623], [92.297, 23.624], [92.298, 23.624], [92.298, 23.625], [92.299, 23.625], [92.3, 23.625], [92.301, 23.625], [92.301, 23.624], [92.302, 23.624], [92.303, 23.624], [92.303, 23.623], [92.303, 23.622], [92.304, 23.622], [92.304, 23.623], [92.305, 23.623], [92.306, 23.623], [92.307, 23.623], [92.308, 23.624], [92.309, 23.624], [92.309, 23.625], [92.31, 23.625], [92.311, 23.625], [92.311, 23.626], [92.312, 23.626], [92.311, 23.626], [92.311, 23.627], [92.31, 23.627], [92.31, 23.628], [92.311, 23.628], [92.31, 23.628], [92.31, 23.629], [92.311, 23.63], [92.311, 23.631], [92.31, 23.632], [92.311, 23.632], [92.311, 23.633], [92.31, 23.633], [92.31, 23.634], [92.31, 23.635], [92.31, 23.636], [92.309, 23.636], [92.309, 23.637], [92.309, 23.638], [92.308, 23.638], [92.308, 23.639], [92.308, 23.64], [92.307, 23.641], [92.307, 23.642], [92.307, 23.643], [92.307, 23.644], [92.307, 23.645], [92.306, 23.645], [92.306, 23.646], [92.305, 23.646], [92.305, 23.647], [92.306, 23.648], [92.305, 23.648], [92.305, 23.649], [92.305, 23.65], [92.306, 23.65], [92.306, 23.651], [92.305, 23.651], [92.305, 23.652], [92.304, 23.652], [92.305, 23.652], [92.305, 23.653], [92.305, 23.654], [92.304, 23.654], [92.305, 23.654], [92.304, 23.654], [92.304, 23.655], [92.304, 23.656], [92.305, 23.656], [92.305, 23.657], [92.305, 23.658], [92.305, 23.659], [92.304, 23.659], [92.304, 23.66], [92.304, 23.661], [92.303, 23.662], [92.303, 23.663], [92.303, 23.664], [92.303, 23.665], [92.303, 23.666], [92.303, 23.667], [92.303, 23.668], [92.303, 23.669], [92.302, 23.669], [92.302, 23.67], [92.301, 23.67], [92.3, 23.67], [92.299, 23.67], [92.299, 23.671], [92.298, 23.671], [92.297, 23.671], [92.297, 23.672], [92.296, 23.673], [92.296, 23.674], [92.296, 23.675], [92.296, 23.676], [92.296, 23.677], [92.296, 23.678], [92.296, 23.679], [92.297, 23.679], [92.298, 23.679], [92.299, 23.679], [92.299, 23.678], [92.3, 23.678], [92.3, 23.677], [92.301, 23.677], [92.302, 23.677], [92.303, 23.677], [92.304, 23.677], [92.305, 23.677], [92.305, 23.678], [92.306, 23.678], [92.306, 23.677], [92.307, 23.678], [92.308, 23.678], [92.308, 23.679], [92.309, 23.679], [92.31, 23.679], [92.311, 23.679], [92.312, 23.679], [92.313, 23.679], [92.314, 23.679], [92.314, 23.68], [92.315, 23.68], [92.315, 23.681], [92.316, 23.681], [92.316, 23.682], [92.317, 23.682], [92.318, 23.682], [92.318, 23.683], [92.319, 23.683], [92.32, 23.683], [92.32, 23.684], [92.321, 23.684], [92.322, 23.684], [92.322, 23.685], [92.322, 23.686], [92.322, 23.687], [92.323, 23.687], [92.323, 23.688], [92.324, 23.689], [92.324, 23.69], [92.325, 23.69], [92.326, 23.69], [92.326, 23.691], [92.326, 23.692], [92.326, 23.693], [92.326, 23.694], [92.326, 23.695], [92.326, 23.696], [92.327, 23.696], [92.327, 23.697], [92.328, 23.697], [92.328, 23.696], [92.328, 23.697], [92.329, 23.696], [92.33, 23.696], [92.33, 23.697], [92.331, 23.697], [92.331, 23.698], [92.331, 23.699], [92.331, 23.7], [92.331, 23.701], [92.332, 23.701], [92.332, 23.702], [92.332, 23.703], [92.333, 23.703], [92.334, 23.704], [92.334, 23.705], [92.333, 23.705], [92.333, 23.706], [92.332, 23.707], [92.332, 23.708], [92.333, 23.708], [92.333, 23.709], [92.334, 23.709], [92.334, 23.71], [92.333, 23.71], [92.333, 23.711], [92.334, 23.711], [92.335, 23.711], [92.335, 23.712], [92.335, 23.713], [92.335, 23.714], [92.336, 23.714], [92.337, 23.715], [92.337, 23.716], [92.338, 23.716], [92.338, 23.717], [92.339, 23.717], [92.34, 23.717], [92.34, 23.718], [92.34, 23.719], [92.341, 23.719], [92.341, 23.72], [92.341, 23.721], [92.341, 23.722], [92.341, 23.723], [92.341, 23.724], [92.341, 23.725], [92.342, 23.725], [92.342, 23.726], [92.343, 23.726], [92.344, 23.726], [92.344, 23.727], [92.345, 23.727], [92.345, 23.728], [92.346, 23.728], [92.345, 23.729], [92.345, 23.73], [92.344, 23.731], [92.344, 23.732], [92.345, 23.732], [92.346, 23.732], [92.346, 23.731], [92.347, 23.732], [92.348, 23.732], [92.349, 23.732], [92.35, 23.732], [92.351, 23.731], [92.352, 23.731], [92.353, 23.731], [92.354, 23.731], [92.355, 23.731], [92.356, 23.731], [92.357, 23.731], [92.358, 23.731], [92.359, 23.731], [92.36, 23.731], [92.361, 23.731], [92.362, 23.731], [92.362, 23.73], [92.363, 23.73], [92.364, 23.73], [92.364, 23.729], [92.365, 23.729], [92.366, 23.729], [92.367, 23.729], [92.368, 23.729], [92.369, 23.729], [92.37, 23.729], [92.37, 23.73], [92.371, 23.73], [92.372, 23.73], [92.372, 23.731], [92.373, 23.731], [92.374, 23.731], [92.375, 23.731], [92.376, 23.731], [92.377, 23.731], [92.378, 23.731], [92.379, 23.731], [92.38, 23.731], [92.381, 23.731], [92.382, 23.731], [92.382, 23.732], [92.382, 23.733], [92.383, 23.733], [92.383, 23.734], [92.383, 23.735], [92.383, 23.736], [92.384, 23.736], [92.384, 23.737], [92.385, 23.737], [92.385, 23.738], [92.385, 23.739], [92.385, 23.74], [92.385, 23.741], [92.385, 23.742], [92.386, 23.742], [92.386, 23.743], [92.386, 23.744], [92.387, 23.744], [92.387, 23.745], [92.386, 23.745], [92.386, 23.746], [92.385, 23.746], [92.385, 23.747], [92.384, 23.747], [92.384, 23.748], [92.385, 23.748], [92.386, 23.748], [92.387, 23.748], [92.388, 23.748], [92.389, 23.747], [92.39, 23.747], [92.39, 23.749], [92.391, 23.75], [92.391, 23.751], [92.391, 23.752], [92.391, 23.753], [92.392, 23.754], [92.392, 23.755], [92.393, 23.755], [92.393, 23.756], [92.392, 23.757], [92.391, 23.757], [92.391, 23.758], [92.391, 23.759], [92.391, 23.76], [92.391, 23.761], [92.391, 23.762], [92.392, 23.762], [92.393, 23.762], [92.394, 23.761], [92.394, 23.762], [92.394, 23.763], [92.395, 23.763], [92.395, 23.764], [92.394, 23.765], [92.393, 23.765], [92.393, 23.766], [92.394, 23.766], [92.395, 23.766], [92.396, 23.767], [92.396, 23.766], [92.396, 23.765], [92.397, 23.766], [92.398, 23.766], [92.399, 23.766], [92.4, 23.766], [92.4, 23.767], [92.401, 23.767], [92.4, 23.768], [92.4, 23.769], [92.4, 23.77], [92.401, 23.77], [92.401, 23.771], [92.401, 23.772], [92.402, 23.772], [92.402, 23.773], [92.402, 23.774], [92.403, 23.774], [92.404, 23.774], [92.404, 23.775], [92.404, 23.776], [92.404, 23.777], [92.403, 23.777], [92.402, 23.777], [92.401, 23.777], [92.401, 23.778], [92.4, 23.778], [92.4, 23.779], [92.4, 23.78], [92.401, 23.781], [92.401, 23.782], [92.402, 23.782], [92.402, 23.783], [92.403, 23.783], [92.403, 23.784], [92.403, 23.785], [92.402, 23.786], [92.402, 23.787], [92.401, 23.787], [92.401, 23.788], [92.4, 23.788], [92.4, 23.789], [92.399, 23.789], [92.399, 23.79], [92.399, 23.791], [92.4, 23.791], [92.401, 23.791], [92.401, 23.792], [92.402, 23.792], [92.402, 23.793], [92.403, 23.794], [92.404, 23.794], [92.405, 23.794], [92.406, 23.794], [92.406, 23.793], [92.407, 23.793], [92.408, 23.793], [92.409, 23.793], [92.41, 23.792], [92.411, 23.792], [92.412, 23.792], [92.412, 23.793], [92.413, 23.793], [92.413, 23.794], [92.413, 23.795], [92.414, 23.796], [92.415, 23.796]]]}, "properties": {"OBJECTID": 5905, "stcode11": "15", "dtcode11": "281", "sdtcode11": "01897", "stname": "MIZORAM", "dtname": "Mamit", "sdtname": "West Phaileng", "subdt_lgd": 1897, "dist_lgd": 266, "state_lgd": 15, "shape_Length": 233946.46232443655, "shape_Area": 1214102957.4332979, "st_area_sh": 0, "st_length_": 0, "remarks": "", "ac_no": null, "test": 5910}}, {"type": "Feature", "geometry": {"type": "Polygon", "coordinates": [[[92.652, 23.9], [92.65, 23.9], [92.648, 23.9], [92.647, 23.9], [92.646, 23.9], [92.645, 23.899], [92.644, 23.899], [92.643, 23.899], [92.642, 23.898], [92.641, 23.898], [92.641, 23.897], [92.64, 23.896], [92.64, 23.895], [92.64, 23.893], [92.64, 23.892], [92.639, 23.892], [92.638, 23.893], [92.637, 23.892], [92.636, 23.892], [92.635, 23.892], [92.634, 23.892], [92.634, 23.893], [92.633, 23.893], [92.632, 23.893], [92.631, 23.892], [92.63, 23.892], [92.629, 23.892], [92.628, 23.892], [92.627, 23.892], [92.626, 23.892], [92.625, 23.892], [92.625, 23.893], [92.624, 23.893], [92.624, 23.894], [92.623, 23.894], [92.622, 23.894], [92.621, 23.894], [92.62, 23.894], [92.619, 23.894], [92.618, 23.894], [92.617, 23.894], [92.616, 23.894], [92.616, 23.893], [92.615, 23.893], [92.614, 23.894], [92.613, 23.893], [92.614, 23.893], [92.615, 23.892], [92.615, 23.891], [92.616, 23.891], [92.616, 23.89], [92.615, 23.89], [92.615, 23.889], [92.614, 23.889], [92.614, 23.888], [92.615, 23.888], [92.615, 23.887], [92.614, 23.887], [92.613, 23.887], [92.614, 23.886], [92.614, 23.885], [92.615, 23.884], [92.616, 23.883], [92.616, 23.882], [92.617, 23.881], [92.617, 23.88], [92.617, 23.879], [92.617, 23.878], [92.616, 23.878], [92.616, 23.877], [92.615, 23.877], [92.614, 23.876], [92.614, 23.875], [92.613, 23.875], [92.613, 23.874], [92.613, 23.873], [92.613, 23.872], [92.613, 23.871], [92.614, 23.87], [92.615, 23.87], [92.615, 23.869], [92.614, 23.868], [92.614, 23.867], [92.614, 23.866], [92.614, 23.865], [92.614, 23.864], [92.615, 23.864], [92.616, 23.864], [92.617, 23.864], [92.617, 23.863], [92.617, 23.862], [92.616, 23.861], [92.617, 23.861], [92.617, 23.86], [92.618, 23.86], [92.619, 23.86], [92.619, 23.859], [92.619, 23.858], [92.618, 23.858], [92.617, 23.858], [92.617, 23.857], [92.616, 23.857], [92.615, 23.857], [92.614, 23.857], [92.613, 23.857], [92.612, 23.857], [92.611, 23.857], [92.609, 23.857], [92.607, 23.857], [92.607, 23.856], [92.606, 23.856], [92.606, 23.855], [92.606, 23.854], [92.605, 23.853], [92.604, 23.852], [92.604, 23.851], [92.605, 23.85], [92.605, 23.849], [92.605, 23.848], [92.605, 23.847], [92.605, 23.844], [92.605, 23.843], [92.605, 23.842], [92.604, 23.841], [92.605, 23.84], [92.604, 23.839], [92.604, 23.838], [92.605, 23.838], [92.605, 23.837], [92.605, 23.836], [92.604, 23.836], [92.604, 23.835], [92.604, 23.834], [92.604, 23.833], [92.604, 23.832], [92.604, 23.831], [92.605, 23.831], [92.604, 23.83], [92.604, 23.829], [92.603, 23.828], [92.603, 23.827], [92.603, 23.826], [92.603, 23.825], [92.603, 23.824], [92.603, 23.823], [92.602, 23.823], [92.602, 23.822], [92.602, 23.821], [92.603, 23.82], [92.603, 23.819], [92.603, 23.818], [92.602, 23.818], [92.602, 23.817], [92.602, 23.816], [92.603, 23.816], [92.604, 23.816], [92.604, 23.815], [92.603, 23.814], [92.603, 23.812], [92.603, 23.811], [92.602, 23.811], [92.602, 23.81], [92.601, 23.81], [92.6, 23.809], [92.6, 23.808], [92.599, 23.808], [92.599, 23.807], [92.6, 23.807], [92.6, 23.806], [92.601, 23.806], [92.602, 23.806], [92.603, 23.806], [92.604, 23.806], [92.604, 23.805], [92.605, 23.805], [92.605, 23.804], [92.604, 23.804], [92.603, 23.804], [92.603, 23.803], [92.604, 23.803], [92.605, 23.803], [92.605, 23.802], [92.605, 23.801], [92.604, 23.801], [92.604, 23.8], [92.604, 23.799], [92.606, 23.798], [92.607, 23.798], [92.609, 23.797], [92.61, 23.797], [92.611, 23.797], [92.612, 23.796], [92.613, 23.795], [92.614, 23.795], [92.615, 23.795], [92.615, 23.794], [92.616, 23.794], [92.616, 23.795], [92.617, 23.795], [92.619, 23.795], [92.62, 23.795], [92.622, 23.795], [92.623, 23.795], [92.624, 23.795], [92.625, 23.795], [92.626, 23.795], [92.627, 23.794], [92.628, 23.794], [92.63, 23.794], [92.631, 23.794], [92.633, 23.794], [92.634, 23.794], [92.635, 23.795], [92.636, 23.795], [92.637, 23.795], [92.638, 23.795], [92.639, 23.795], [92.639, 23.794], [92.64, 23.794], [92.64, 23.793], [92.64, 23.792], [92.64, 23.791], [92.64, 23.79], [92.64, 23.789], [92.64, 23.788], [92.64, 23.786], [92.64, 23.785], [92.64, 23.784], [92.64, 23.783], [92.639, 23.781], [92.639, 23.78], [92.639, 23.779], [92.638, 23.777], [92.638, 23.776], [92.638, 23.774], [92.638, 23.773], [92.637, 23.772], [92.636, 23.771], [92.636, 23.77], [92.635, 23.77], [92.634, 23.769], [92.633, 23.769], [92.632, 23.768], [92.631, 23.767], [92.629, 23.766], [92.628, 23.765], [92.627, 23.765], [92.626, 23.764], [92.626, 23.763], [92.627, 23.762], [92.628, 23.761], [92.629, 23.761], [92.63, 23.76], [92.63, 23.759], [92.631, 23.759], [92.632, 23.759], [92.633, 23.759], [92.634, 23.759], [92.634, 23.758], [92.635, 23.758], [92.635, 23.757], [92.635, 23.756], [92.635, 23.755], [92.635, 23.753], [92.636, 23.752], [92.636, 23.751], [92.636, 23.75], [92.637, 23.749], [92.637, 23.748], [92.637, 23.747], [92.637, 23.746], [92.637, 23.745], [92.637, 23.744], [92.637, 23.743], [92.637, 23.742], [92.637, 23.741], [92.638, 23.74], [92.638, 23.739], [92.639, 23.738], [92.639, 23.737], [92.64, 23.736], [92.64, 23.735], [92.641, 23.734], [92.642, 23.734], [92.643, 23.733], [92.643, 23.732], [92.643, 23.731], [92.643, 23.73], [92.643, 23.729], [92.643, 23.728], [92.643, 23.727], [92.644, 23.727], [92.645, 23.726], [92.646, 23.725], [92.646, 23.724], [92.647, 23.723], [92.647, 23.722], [92.647, 23.721], [92.648, 23.72], [92.648, 23.719], [92.648, 23.718], [92.649, 23.718], [92.65, 23.717], [92.651, 23.716], [92.652, 23.715], [92.653, 23.715], [92.654, 23.715], [92.656, 23.714], [92.657, 23.714], [92.658, 23.714], [92.66, 23.714], [92.661, 23.714], [92.662, 23.714], [92.663, 23.714], [92.663, 23.713], [92.664, 23.712], [92.665, 23.712], [92.665, 23.711], [92.666, 23.711], [92.666, 23.71], [92.666, 23.709], [92.667, 23.708], [92.667, 23.707], [92.666, 23.706], [92.666, 23.705], [92.666, 23.704], [92.665, 23.703], [92.665, 23.702], [92.664, 23.701], [92.664, 23.7], [92.663, 23.699], [92.663, 23.698], [92.662, 23.698], [92.662, 23.697], [92.661, 23.696], [92.66, 23.695], [92.66, 23.694], [92.659, 23.693], [92.658, 23.692], [92.657, 23.691], [92.657, 23.69], [92.657, 23.689], [92.656, 23.689], [92.656, 23.688], [92.656, 23.687], [92.656, 23.686], [92.655, 23.686], [92.655, 23.685], [92.655, 23.684], [92.654, 23.683], [92.653, 23.682], [92.652, 23.681], [92.651, 23.68], [92.651, 23.679], [92.65, 23.679], [92.65, 23.678], [92.649, 23.677], [92.649, 23.676], [92.649, 23.675], [92.648, 23.674], [92.648, 23.673], [92.648, 23.672], [92.647, 23.672], [92.647, 23.671], [92.646, 23.671], [92.646, 23.67], [92.646, 23.669], [92.645, 23.668], [92.645, 23.667], [92.644, 23.667], [92.644, 23.666], [92.643, 23.665], [92.643, 23.664], [92.642, 23.664], [92.642, 23.663], [92.641, 23.663], [92.64, 23.663], [92.64, 23.662], [92.639, 23.662], [92.638, 23.661], [92.637, 23.661], [92.637, 23.66], [92.636, 23.66], [92.635, 23.66], [92.635, 23.659], [92.635, 23.658], [92.635, 23.657], [92.635, 23.656], [92.635, 23.655], [92.636, 23.654], [92.636, 23.653], [92.636, 23.652], [92.636, 23.651], [92.636, 23.65], [92.636, 23.649], [92.637, 23.648], [92.638, 23.647], [92.639, 23.646], [92.64, 23.645], [92.641, 23.644], [92.641, 23.643], [92.642, 23.643], [92.643, 23.642], [92.643, 23.641], [92.644, 23.641], [92.645, 23.641], [92.646, 23.64], [92.647, 23.639], [92.648, 23.639], [92.649, 23.638], [92.65, 23.638], [92.651, 23.638], [92.651, 23.637], [92.651, 23.636], [92.651, 23.635], [92.651, 23.634], [92.651, 23.633], [92.651, 23.632], [92.651, 23.631], [92.651, 23.63], [92.652, 23.63], [92.654, 23.629], [92.655, 23.629], [92.656, 23.629], [92.658, 23.629], [92.659, 23.629], [92.66, 23.628], [92.661, 23.628], [92.662, 23.628], [92.663, 23.628], [92.663, 23.627], [92.665, 23.627], [92.666, 23.627], [92.667, 23.626], [92.668, 23.626], [92.669, 23.626], [92.67, 23.625], [92.671, 23.625], [92.672, 23.624], [92.673, 23.624], [92.673, 23.623], [92.674, 23.622], [92.674, 23.621], [92.674, 23.62], [92.674, 23.619], [92.673, 23.617], [92.673, 23.616], [92.673, 23.615], [92.673, 23.614], [92.673, 23.613], [92.673, 23.612], [92.673, 23.611], [92.673, 23.61], [92.673, 23.609], [92.673, 23.608], [92.672, 23.607], [92.672, 23.606], [92.671, 23.605], [92.671, 23.604], [92.67, 23.603], [92.67, 23.602], [92.669, 23.602], [92.668, 23.601], [92.668, 23.6], [92.667, 23.6], [92.667, 23.599], [92.666, 23.598], [92.665, 23.597], [92.664, 23.596], [92.663, 23.596], [92.662, 23.596], [92.661, 23.595], [92.66, 23.595], [92.659, 23.595], [92.658, 23.595], [92.657, 23.595], [92.656, 23.595], [92.655, 23.595], [92.654, 23.595], [92.653, 23.595], [92.652, 23.595], [92.652, 23.594], [92.651, 23.593], [92.65, 23.592], [92.65, 23.591], [92.649, 23.59], [92.649, 23.589], [92.649, 23.588], [92.649, 23.587], [92.65, 23.586], [92.65, 23.585], [92.65, 23.584], [92.65, 23.583], [92.65, 23.581], [92.651, 23.58], [92.651, 23.579], [92.651, 23.578], [92.652, 23.577], [92.653, 23.576], [92.654, 23.575], [92.655, 23.575], [92.656, 23.574], [92.657, 23.574], [92.657, 23.573], [92.658, 23.573], [92.658, 23.572], [92.659, 23.572], [92.659, 23.571], [92.659, 23.57], [92.659, 23.569], [92.659, 23.568], [92.659, 23.567], [92.658, 23.566], [92.658, 23.564], [92.657, 23.563], [92.657, 23.562], [92.656, 23.561], [92.656, 23.56], [92.655, 23.56], [92.655, 23.559], [92.654, 23.558], [92.653, 23.558], [92.652, 23.557], [92.651, 23.556], [92.65, 23.556], [92.649, 23.556], [92.648, 23.556], [92.647, 23.556], [92.646, 23.556], [92.645, 23.556], [92.644, 23.555], [92.644, 23.554], [92.643, 23.554], [92.643, 23.553], [92.643, 23.552], [92.643, 23.551], [92.643, 23.55], [92.643, 23.549], [92.643, 23.548], [92.643, 23.547], [92.643, 23.546], [92.642, 23.545], [92.641, 23.544], [92.64, 23.544], [92.639, 23.543], [92.638, 23.542], [92.637, 23.542], [92.636, 23.542], [92.636, 23.541], [92.635, 23.541], [92.634, 23.541], [92.634, 23.54], [92.633, 23.539], [92.633, 23.538], [92.634, 23.536], [92.634, 23.535], [92.634, 23.534], [92.635, 23.533], [92.635, 23.531], [92.636, 23.53], [92.636, 23.529], [92.637, 23.528], [92.637, 23.527], [92.638, 23.526], [92.638, 23.525], [92.639, 23.524], [92.64, 23.523], [92.641, 23.523], [92.642, 23.522], [92.643, 23.521], [92.644, 23.521], [92.644, 23.52], [92.645, 23.52], [92.646, 23.52], [92.648, 23.521], [92.649, 23.521], [92.65, 23.521], [92.651, 23.521], [92.652, 23.521], [92.653, 23.521], [92.654, 23.52], [92.655, 23.519], [92.655, 23.518], [92.655, 23.517], [92.655, 23.516], [92.655, 23.515], [92.655, 23.514], [92.655, 23.513], [92.655, 23.512], [92.655, 23.511], [92.655, 23.51], [92.655, 23.509], [92.654, 23.509], [92.654, 23.508], [92.654, 23.507], [92.655, 23.507], [92.656, 23.506], [92.657, 23.505], [92.658, 23.505], [92.658, 23.504], [92.659, 23.503], [92.659, 23.502], [92.659, 23.501], [92.659, 23.5], [92.659, 23.499], [92.658, 23.498], [92.658, 23.497], [92.657, 23.495], [92.656, 23.493], [92.655, 23.492], [92.654, 23.491], [92.653, 23.49], [92.653, 23.489], [92.653, 23.488], [92.653, 23.487], [92.653, 23.486], [92.653, 23.485], [92.654, 23.484], [92.655, 23.483], [92.655, 23.482], [92.655, 23.481], [92.655, 23.48], [92.656, 23.48], [92.656, 23.477], [92.656, 23.476], [92.656, 23.475], [92.656, 23.474], [92.656, 23.473], [92.657, 23.473], [92.657, 23.472], [92.657, 23.471], [92.657, 23.469], [92.656, 23.468], [92.656, 23.467], [92.656, 23.465], [92.656, 23.463], [92.655, 23.462], [92.655, 23.46], [92.656, 23.458], [92.656, 23.457], [92.656, 23.456], [92.655, 23.455], [92.655, 23.454], [92.655, 23.453], [92.655, 23.452], [92.656, 23.452], [92.656, 23.451], [92.657, 23.451], [92.657, 23.45], [92.656, 23.449], [92.656, 23.448], [92.655, 23.447], [92.655, 23.446], [92.655, 23.445], [92.656, 23.444], [92.656, 23.443], [92.656, 23.442], [92.656, 23.441], [92.656, 23.44], [92.655, 23.44], [92.655, 23.439], [92.655, 23.438], [92.656, 23.437], [92.657, 23.434], [92.657, 23.433], [92.657, 23.432], [92.657, 23.431], [92.657, 23.43], [92.657, 23.428], [92.657, 23.427], [92.657, 23.426], [92.657, 23.425], [92.657, 23.424], [92.657, 23.423], [92.657, 23.422], [92.658, 23.422], [92.658, 23.421], [92.659, 23.421], [92.66, 23.42], [92.661, 23.419], [92.661, 23.418], [92.661, 23.417], [92.662, 23.417], [92.663, 23.416], [92.663, 23.415], [92.663, 23.414], [92.663, 23.413], [92.663, 23.412], [92.663, 23.411], [92.663, 23.41], [92.663, 23.409], [92.664, 23.408], [92.665, 23.408], [92.666, 23.408], [92.666, 23.407], [92.666, 23.406], [92.667, 23.405], [92.667, 23.404], [92.668, 23.403], [92.667, 23.401], [92.666, 23.399], [92.666, 23.397], [92.666, 23.396], [92.665, 23.395], [92.665, 23.394], [92.664, 23.393], [92.664, 23.392], [92.665, 23.392], [92.666, 23.391], [92.668, 23.389], [92.668, 23.388], [92.669, 23.388], [92.669, 23.386], [92.669, 23.385], [92.668, 23.385], [92.668, 23.384], [92.668, 23.383], [92.667, 23.383], [92.667, 23.382], [92.666, 23.382], [92.665, 23.382], [92.664, 23.382], [92.664, 23.383], [92.663, 23.383], [92.662, 23.383], [92.661, 23.383], [92.66, 23.383], [92.659, 23.383], [92.658, 23.384], [92.657, 23.384], [92.657, 23.383], [92.656, 23.383], [92.656, 23.384], [92.655, 23.384], [92.654, 23.384], [92.653, 23.384], [92.652, 23.384], [92.651, 23.384], [92.65, 23.384], [92.649, 23.384], [92.648, 23.384], [92.648, 23.385], [92.647, 23.385], [92.647, 23.384], [92.646, 23.384], [92.645, 23.384], [92.644, 23.384], [92.643, 23.384], [92.642, 23.384], [92.642, 23.385], [92.641, 23.385], [92.64, 23.385], [92.64, 23.386], [92.639, 23.386], [92.639, 23.387], [92.639, 23.388], [92.639, 23.389], [92.639, 23.39], [92.639, 23.391], [92.639, 23.392], [92.638, 23.392], [92.637, 23.392], [92.637, 23.393], [92.636, 23.393], [92.635, 23.393], [92.634, 23.393], [92.633, 23.393], [92.632, 23.393], [92.631, 23.393], [92.631, 23.392], [92.63, 23.392], [92.629, 23.393], [92.628, 23.392], [92.627, 23.392], [92.626, 23.39], [92.624, 23.39], [92.623, 23.39], [92.622, 23.39], [92.622, 23.389], [92.621, 23.389], [92.62, 23.388], [92.62, 23.387], [92.619, 23.387], [92.618, 23.387], [92.616, 23.386], [92.616, 23.387], [92.616, 23.388], [92.615, 23.388], [92.615, 23.389], [92.615, 23.39], [92.615, 23.391], [92.615, 23.392], [92.614, 23.392], [92.614, 23.393], [92.614, 23.394], [92.613, 23.394], [92.612, 23.394], [92.612, 23.395], [92.611, 23.395], [92.61, 23.395], [92.61, 23.396], [92.609, 23.396], [92.608, 23.396], [92.607, 23.396], [92.607, 23.397], [92.606, 23.397], [92.606, 23.398], [92.605, 23.398], [92.604, 23.398], [92.603, 23.398], [92.602, 23.398], [92.601, 23.398], [92.6, 23.398], [92.6, 23.399], [92.601, 23.399], [92.601, 23.4], [92.6, 23.4], [92.6, 23.401], [92.599, 23.401], [92.599, 23.402], [92.598, 23.402], [92.598, 23.403], [92.597, 23.403], [92.597, 23.404], [92.596, 23.404], [92.596, 23.405], [92.595, 23.405], [92.594, 23.405], [92.594, 23.406], [92.593, 23.406], [92.593, 23.407], [92.592, 23.407], [92.591, 23.407], [92.59, 23.407], [92.589, 23.407], [92.588, 23.407], [92.588, 23.406], [92.588, 23.405], [92.587, 23.405], [92.587, 23.406], [92.586, 23.406], [92.586, 23.405], [92.586, 23.404], [92.585, 23.404], [92.584, 23.404], [92.584, 23.403], [92.584, 23.402], [92.585, 23.402], [92.586, 23.402], [92.586, 23.401], [92.587, 23.401], [92.587, 23.4], [92.587, 23.399], [92.586, 23.399], [92.586, 23.398], [92.587, 23.398], [92.587, 23.397], [92.586, 23.397], [92.586, 23.396], [92.587, 23.395], [92.587, 23.394], [92.587, 23.393], [92.588, 23.393], [92.588, 23.392], [92.588, 23.391], [92.587, 23.391], [92.587, 23.39], [92.586, 23.39], [92.587, 23.389], [92.587, 23.388], [92.586, 23.387], [92.586, 23.386], [92.586, 23.385], [92.585, 23.385], [92.584, 23.385], [92.584, 23.384], [92.585, 23.384], [92.585, 23.383], [92.585, 23.382], [92.584, 23.382], [92.583, 23.381], [92.582, 23.381], [92.581, 23.38], [92.58, 23.379], [92.579, 23.379], [92.578, 23.38], [92.577, 23.38], [92.577, 23.379], [92.576, 23.379], [92.575, 23.378], [92.574, 23.378], [92.574, 23.379], [92.573, 23.379], [92.572, 23.38], [92.571, 23.38], [92.57, 23.38], [92.569, 23.38], [92.568, 23.38], [92.567, 23.38], [92.566, 23.38], [92.565, 23.38], [92.563, 23.417], [92.559, 23.432], [92.563, 23.455], [92.55, 23.471], [92.531, 23.523], [92.518, 23.562], [92.52, 23.615], [92.52, 23.662], [92.523, 23.726], [92.523, 23.743], [92.52, 23.767], [92.52, 23.774], [92.52, 23.789], [92.522, 23.816], [92.518, 23.847], [92.516, 23.867], [92.525, 23.899], [92.534, 23.906], [92.542, 23.923], [92.531, 23.942], [92.529, 23.961], [92.531, 23.985], [92.537, 24.003], [92.536, 24.039], [92.535, 24.044], [92.535, 24.043], [92.536, 24.042], [92.536, 24.041], [92.537, 24.039], [92.538, 24.037], [92.538, 24.036], [92.539, 24.036], [92.541, 24.037], [92.542, 24.038], [92.544, 24.04], [92.545, 24.042], [92.547, 24.042], [92.549, 24.042], [92.55, 24.042], [92.55, 24.043], [92.55, 24.045], [92.55, 24.046], [92.55, 24.047], [92.55, 24.048], [92.55, 24.05], [92.55, 24.051], [92.55, 24.052], [92.55, 24.053], [92.55, 24.054], [92.55, 24.055], [92.55, 24.057], [92.55, 24.058], [92.551, 24.059], [92.551, 24.06], [92.551, 24.061], [92.551, 24.062], [92.551, 24.063], [92.552, 24.063], [92.553, 24.063], [92.554, 24.063], [92.556, 24.063], [92.557, 24.062], [92.558, 24.062], [92.558, 24.061], [92.558, 24.06], [92.558, 24.059], [92.558, 24.058], [92.557, 24.058], [92.557, 24.057], [92.557, 24.056], [92.557, 24.055], [92.558, 24.055], [92.559, 24.055], [92.56, 24.055], [92.561, 24.055], [92.562, 24.055], [92.563, 24.055], [92.564, 24.054], [92.563, 24.053], [92.563, 24.052], [92.562, 24.051], [92.561, 24.05], [92.56, 24.049], [92.56, 24.048], [92.56, 24.047], [92.559, 24.046], [92.558, 24.044], [92.558, 24.043], [92.558, 24.042], [92.559, 24.041], [92.56, 24.041], [92.561, 24.042], [92.563, 24.043], [92.564, 24.043], [92.565, 24.042], [92.565, 24.041], [92.566, 24.041], [92.567, 24.042], [92.567, 24.043], [92.567, 24.044], [92.568, 24.046], [92.569, 24.047], [92.57, 24.048], [92.57, 24.049], [92.571, 24.05], [92.571, 24.051], [92.572, 24.051], [92.573, 24.052], [92.574, 24.053], [92.574, 24.054], [92.573, 24.056], [92.572, 24.058], [92.571, 24.06], [92.571, 24.061], [92.571, 24.062], [92.571, 24.063], [92.572, 24.063], [92.574, 24.065], [92.575, 24.066], [92.575, 24.067], [92.575, 24.068], [92.574, 24.069], [92.574, 24.07], [92.574, 24.071], [92.574, 24.072], [92.572, 24.074], [92.572, 24.075], [92.571, 24.075], [92.572, 24.076], [92.572, 24.077], [92.573, 24.077], [92.574, 24.077], [92.576, 24.077], [92.577, 24.076], [92.578, 24.076], [92.579, 24.076], [92.58, 24.077], [92.581, 24.077], [92.583, 24.077], [92.585, 24.077], [92.586, 24.076], [92.586, 24.075], [92.587, 24.073], [92.587, 24.072], [92.587, 24.071], [92.587, 24.07], [92.586, 24.068], [92.586, 24.067], [92.585, 24.065], [92.585, 24.064], [92.586, 24.064], [92.588, 24.064], [92.589, 24.064], [92.591, 24.064], [92.593, 24.063], [92.594, 24.062], [92.594, 24.061], [92.595, 24.06], [92.595, 24.059], [92.596, 24.057], [92.597, 24.056], [92.598, 24.055], [92.598, 24.054], [92.599, 24.053], [92.601, 24.052], [92.603, 24.051], [92.605, 24.051], [92.606, 24.051], [92.607, 24.052], [92.609, 24.052], [92.61, 24.052], [92.61, 24.053], [92.611, 24.052], [92.612, 24.052], [92.613, 24.051], [92.613, 24.05], [92.614, 24.049], [92.615, 24.047], [92.616, 24.046], [92.616, 24.044], [92.616, 24.043], [92.616, 24.042], [92.617, 24.041], [92.617, 24.038], [92.617, 24.037], [92.617, 24.036], [92.618, 24.035], [92.62, 24.034], [92.621, 24.033], [92.622, 24.032], [92.623, 24.032], [92.624, 24.033], [92.624, 24.035], [92.623, 24.036], [92.623, 24.037], [92.623, 24.038], [92.623, 24.039], [92.623, 24.04], [92.623, 24.041], [92.624, 24.042], [92.624, 24.043], [92.625, 24.043], [92.626, 24.043], [92.627, 24.042], [92.627, 24.041], [92.628, 24.041], [92.628, 24.04], [92.628, 24.039], [92.629, 24.038], [92.63, 24.037], [92.631, 24.036], [92.632, 24.036], [92.633, 24.035], [92.634, 24.035], [92.635, 24.035], [92.636, 24.035], [92.636, 24.034], [92.636, 24.033], [92.636, 24.032], [92.635, 24.032], [92.634, 24.032], [92.633, 24.033], [92.631, 24.033], [92.63, 24.033], [92.629, 24.033], [92.628, 24.032], [92.628, 24.03], [92.627, 24.029], [92.626, 24.029], [92.626, 24.027], [92.625, 24.026], [92.624, 24.024], [92.624, 24.023], [92.623, 24.022], [92.623, 24.021], [92.623, 24.02], [92.623, 24.019], [92.622, 24.018], [92.622, 24.017], [92.622, 24.016], [92.622, 24.015], [92.621, 24.015], [92.62, 24.014], [92.619, 24.014], [92.619, 24.013], [92.619, 24.012], [92.619, 24.011], [92.619, 24.01], [92.619, 24.009], [92.62, 24.007], [92.621, 24.006], [92.621, 24.005], [92.622, 24.005], [92.623, 24.005], [92.624, 24.005], [92.625, 24.005], [92.625, 24.004], [92.626, 24.004], [92.627, 24.004], [92.628, 24.003], [92.629, 24.002], [92.63, 24.002], [92.631, 24.002], [92.631, 24.001], [92.632, 24.0], [92.633, 23.999], [92.633, 23.998], [92.632, 23.997], [92.632, 23.996], [92.631, 23.996], [92.631, 23.995], [92.63, 23.995], [92.63, 23.994], [92.629, 23.993], [92.63, 23.993], [92.63, 23.992], [92.631, 23.991], [92.631, 23.99], [92.632, 23.99], [92.632, 23.989], [92.632, 23.988], [92.632, 23.987], [92.632, 23.986], [92.632, 23.985], [92.631, 23.985], [92.63, 23.984], [92.629, 23.984], [92.628, 23.984], [92.627, 23.983], [92.626, 23.982], [92.625, 23.981], [92.625, 23.98], [92.625, 23.979], [92.625, 23.978], [92.624, 23.977], [92.624, 23.975], [92.623, 23.974], [92.622, 23.972], [92.622, 23.971], [92.622, 23.97], [92.622, 23.968], [92.621, 23.967], [92.621, 23.966], [92.621, 23.965], [92.621, 23.964], [92.621, 23.963], [92.62, 23.962], [92.62, 23.961], [92.62, 23.96], [92.62, 23.959], [92.62, 23.958], [92.621, 23.958], [92.622, 23.958], [92.623, 23.957], [92.624, 23.957], [92.625, 23.956], [92.626, 23.956], [92.626, 23.955], [92.626, 23.954], [92.626, 23.952], [92.626, 23.951], [92.627, 23.949], [92.628, 23.948], [92.628, 23.947], [92.629, 23.947], [92.629, 23.946], [92.629, 23.945], [92.629, 23.944], [92.628, 23.944], [92.626, 23.944], [92.625, 23.944], [92.624, 23.944], [92.624, 23.943], [92.624, 23.942], [92.624, 23.941], [92.623, 23.94], [92.622, 23.939], [92.622, 23.938], [92.621, 23.938], [92.621, 23.937], [92.622, 23.936], [92.623, 23.935], [92.624, 23.935], [92.625, 23.934], [92.627, 23.934], [92.629, 23.933], [92.63, 23.933], [92.632, 23.933], [92.632, 23.932], [92.634, 23.932], [92.636, 23.931], [92.637, 23.931], [92.638, 23.93], [92.639, 23.93], [92.639, 23.931], [92.64, 23.931], [92.641, 23.931], [92.642, 23.93], [92.643, 23.93], [92.643, 23.929], [92.644, 23.929], [92.644, 23.928], [92.644, 23.927], [92.644, 23.925], [92.644, 23.924], [92.644, 23.923], [92.644, 23.922], [92.645, 23.922], [92.646, 23.922], [92.648, 23.922], [92.65, 23.922], [92.651, 23.922], [92.652, 23.923], [92.652, 23.922], [92.653, 23.922], [92.654, 23.922], [92.655, 23.921], [92.656, 23.92], [92.657, 23.919], [92.658, 23.918], [92.659, 23.917], [92.66, 23.916], [92.66, 23.915], [92.66, 23.914], [92.66, 23.913], [92.66, 23.912], [92.66, 23.911], [92.661, 23.909], [92.661, 23.908], [92.661, 23.907], [92.661, 23.906], [92.661, 23.905], [92.66, 23.904], [92.659, 23.903], [92.658, 23.902], [92.657, 23.901], [92.656, 23.901], [92.656, 23.9], [92.655, 23.9], [92.654, 23.9], [92.653, 23.9], [92.652, 23.9]]]}, "properties": {"OBJECTID": 5906, "stcode11": "15", "dtcode11": "281", "sdtcode11": "01898", "stname": "MIZORAM", "dtname": "Mamit", "sdtname": "Reiek", "subdt_lgd": 1898, "dist_lgd": 266, "state_lgd": 15, "shape_Length": 243384.0448351935, "shape_Area": 988578341.0778253, "st_area_sh": 0, "st_length_": 0, "remarks": "", "ac_no": null, "test": 5911}}, {"type": "Feature", "geometry": {"type": "Polygon", "coordinates": [[[92.803, 24.315], [92.804, 24.315], [92.805, 24.316], [92.806, 24.316], [92.806, 24.315], [92.807, 24.315], [92.808, 24.315], [92.809, 24.315], [92.809, 24.314], [92.81, 24.314], [92.81, 24.313], [92.811, 24.313], [92.812, 24.312], [92.813, 24.312], [92.814, 24.312], [92.814, 24.311], [92.815, 24.311], [92.815, 24.31], [92.816, 24.31], [92.816, 24.311], [92.817, 24.311], [92.817, 24.312], [92.818, 24.312], [92.818, 24.313], [92.819, 24.313], [92.819, 24.314], [92.82, 24.314], [92.821, 24.314], [92.822, 24.314], [92.823, 24.314], [92.823, 24.315], [92.824, 24.315], [92.825, 24.315], [92.825, 24.316], [92.826, 24.316], [92.827, 24.315], [92.828, 24.315], [92.829, 24.315], [92.83, 24.315], [92.83, 24.316], [92.831, 24.316], [92.832, 24.316], [92.832, 24.317], [92.833, 24.317], [92.834, 24.317], [92.834, 24.318], [92.834, 24.319], [92.835, 24.319], [92.836, 24.319], [92.836, 24.32], [92.836, 24.321], [92.837, 24.321], [92.837, 24.322], [92.837, 24.323], [92.838, 24.323], [92.839, 24.323], [92.839, 24.322], [92.84, 24.322], [92.84, 24.321], [92.841, 24.321], [92.842, 24.321], [92.843, 24.321], [92.844, 24.321], [92.844, 24.32], [92.845, 24.32], [92.845, 24.319], [92.846, 24.319], [92.847, 24.319], [92.847, 24.318], [92.848, 24.318], [92.848, 24.317], [92.849, 24.317], [92.849, 24.316], [92.85, 24.316], [92.85, 24.317], [92.851, 24.316], [92.852, 24.316], [92.853, 24.316], [92.853, 24.315], [92.853, 24.316], [92.854, 24.316], [92.855, 24.316], [92.856, 24.315], [92.857, 24.314], [92.856, 24.313], [92.855, 24.313], [92.855, 24.312], [92.854, 24.312], [92.854, 24.311], [92.853, 24.31], [92.853, 24.309], [92.854, 24.308], [92.854, 24.306], [92.855, 24.306], [92.856, 24.305], [92.857, 24.306], [92.858, 24.307], [92.858, 24.308], [92.859, 24.308], [92.86, 24.309], [92.861, 24.309], [92.862, 24.309], [92.862, 24.308], [92.863, 24.307], [92.863, 24.306], [92.862, 24.306], [92.862, 24.304], [92.862, 24.303], [92.862, 24.302], [92.863, 24.301], [92.864, 24.3], [92.865, 24.3], [92.866, 24.3], [92.867, 24.299], [92.868, 24.299], [92.869, 24.298], [92.87, 24.297], [92.871, 24.296], [92.871, 24.294], [92.871, 24.293], [92.871, 24.292], [92.87, 24.291], [92.87, 24.29], [92.87, 24.289], [92.871, 24.289], [92.872, 24.287], [92.872, 24.286], [92.872, 24.285], [92.871, 24.285], [92.87, 24.285], [92.869, 24.284], [92.869, 24.283], [92.869, 24.282], [92.87, 24.282], [92.871, 24.281], [92.872, 24.28], [92.872, 24.279], [92.872, 24.278], [92.872, 24.277], [92.871, 24.277], [92.87, 24.278], [92.869, 24.278], [92.868, 24.278], [92.867, 24.277], [92.866, 24.277], [92.866, 24.276], [92.866, 24.275], [92.865, 24.275], [92.865, 24.274], [92.864, 24.274], [92.863, 24.274], [92.863, 24.273], [92.862, 24.272], [92.862, 24.271], [92.861, 24.271], [92.861, 24.269], [92.86, 24.268], [92.86, 24.266], [92.86, 24.265], [92.861, 24.265], [92.862, 24.264], [92.864, 24.264], [92.865, 24.263], [92.865, 24.262], [92.864, 24.261], [92.863, 24.261], [92.861, 24.261], [92.86, 24.261], [92.859, 24.259], [92.858, 24.259], [92.858, 24.258], [92.859, 24.258], [92.86, 24.258], [92.861, 24.259], [92.862, 24.259], [92.862, 24.258], [92.862, 24.257], [92.862, 24.256], [92.862, 24.255], [92.862, 24.254], [92.863, 24.254], [92.864, 24.253], [92.864, 24.252], [92.865, 24.252], [92.864, 24.252], [92.863, 24.251], [92.861, 24.251], [92.86, 24.251], [92.859, 24.25], [92.86, 24.249], [92.861, 24.248], [92.861, 24.247], [92.861, 24.246], [92.86, 24.245], [92.859, 24.244], [92.86, 24.243], [92.861, 24.242], [92.862, 24.242], [92.863, 24.242], [92.865, 24.242], [92.866, 24.242], [92.867, 24.243], [92.868, 24.243], [92.869, 24.243], [92.87, 24.243], [92.871, 24.243], [92.872, 24.243], [92.873, 24.242], [92.873, 24.241], [92.874, 24.24], [92.875, 24.239], [92.876, 24.238], [92.876, 24.237], [92.877, 24.237], [92.877, 24.236], [92.877, 24.235], [92.877, 24.234], [92.878, 24.234], [92.878, 24.233], [92.879, 24.233], [92.88, 24.233], [92.881, 24.234], [92.882, 24.236], [92.883, 24.237], [92.885, 24.238], [92.886, 24.239], [92.886, 24.24], [92.887, 24.241], [92.887, 24.243], [92.887, 24.245], [92.887, 24.246], [92.888, 24.246], [92.888, 24.245], [92.889, 24.245], [92.889, 24.244], [92.89, 24.242], [92.89, 24.241], [92.891, 24.241], [92.892, 24.241], [92.893, 24.24], [92.894, 24.24], [92.895, 24.24], [92.896, 24.24], [92.896, 24.239], [92.897, 24.239], [92.897, 24.238], [92.897, 24.236], [92.897, 24.235], [92.897, 24.234], [92.898, 24.233], [92.899, 24.232], [92.899, 24.231], [92.899, 24.23], [92.899, 24.229], [92.899, 24.228], [92.9, 24.228], [92.9, 24.227], [92.9, 24.226], [92.9, 24.225], [92.9, 24.224], [92.899, 24.224], [92.898, 24.223], [92.899, 24.222], [92.899, 24.221], [92.899, 24.22], [92.899, 24.219], [92.899, 24.218], [92.898, 24.218], [92.897, 24.217], [92.897, 24.216], [92.897, 24.215], [92.896, 24.215], [92.895, 24.214], [92.895, 24.213], [92.895, 24.212], [92.897, 24.212], [92.898, 24.212], [92.898, 24.211], [92.897, 24.21], [92.896, 24.209], [92.896, 24.208], [92.897, 24.207], [92.897, 24.206], [92.897, 24.205], [92.896, 24.205], [92.895, 24.205], [92.893, 24.205], [92.893, 24.204], [92.893, 24.203], [92.894, 24.202], [92.892, 24.201], [92.892, 24.2], [92.893, 24.199], [92.894, 24.199], [92.894, 24.198], [92.894, 24.197], [92.893, 24.196], [92.893, 24.193], [92.893, 24.192], [92.893, 24.191], [92.892, 24.19], [92.892, 24.189], [92.892, 24.188], [92.892, 24.187], [92.892, 24.186], [92.892, 24.185], [92.892, 24.184], [92.892, 24.183], [92.892, 24.182], [92.892, 24.18], [92.891, 24.18], [92.891, 24.179], [92.891, 24.178], [92.891, 24.176], [92.891, 24.175], [92.891, 24.174], [92.89, 24.173], [92.887, 24.172], [92.885, 24.172], [92.884, 24.172], [92.883, 24.171], [92.882, 24.171], [92.882, 24.17], [92.882, 24.169], [92.883, 24.169], [92.885, 24.169], [92.886, 24.169], [92.886, 24.168], [92.885, 24.168], [92.885, 24.167], [92.885, 24.166], [92.885, 24.165], [92.885, 24.164], [92.885, 24.163], [92.884, 24.162], [92.884, 24.161], [92.883, 24.16], [92.882, 24.159], [92.881, 24.159], [92.88, 24.158], [92.88, 24.157], [92.881, 24.157], [92.882, 24.157], [92.882, 24.156], [92.882, 24.155], [92.881, 24.154], [92.881, 24.152], [92.88, 24.152], [92.88, 24.151], [92.879, 24.151], [92.879, 24.15], [92.878, 24.15], [92.877, 24.149], [92.875, 24.148], [92.874, 24.147], [92.874, 24.146], [92.874, 24.145], [92.873, 24.145], [92.873, 24.144], [92.873, 24.143], [92.872, 24.142], [92.872, 24.141], [92.871, 24.14], [92.871, 24.139], [92.871, 24.138], [92.871, 24.137], [92.871, 24.136], [92.872, 24.135], [92.873, 24.134], [92.874, 24.133], [92.875, 24.133], [92.876, 24.133], [92.876, 24.132], [92.876, 24.131], [92.877, 24.13], [92.876, 24.13], [92.876, 24.129], [92.875, 24.129], [92.874, 24.129], [92.873, 24.129], [92.872, 24.129], [92.871, 24.128], [92.87, 24.127], [92.87, 24.126], [92.87, 24.125], [92.87, 24.123], [92.87, 24.122], [92.869, 24.121], [92.867, 24.12], [92.867, 24.119], [92.866, 24.119], [92.866, 24.118], [92.866, 24.117], [92.867, 24.117], [92.868, 24.116], [92.868, 24.115], [92.869, 24.115], [92.869, 24.114], [92.868, 24.114], [92.868, 24.113], [92.868, 24.112], [92.868, 24.111], [92.868, 24.11], [92.867, 24.109], [92.866, 24.108], [92.864, 24.108], [92.863, 24.107], [92.861, 24.107], [92.86, 24.107], [92.859, 24.107], [92.858, 24.107], [92.858, 24.106], [92.858, 24.104], [92.859, 24.103], [92.859, 24.102], [92.859, 24.101], [92.859, 24.1], [92.859, 24.099], [92.858, 24.099], [92.857, 24.099], [92.857, 24.1], [92.856, 24.1], [92.855, 24.1], [92.855, 24.099], [92.856, 24.098], [92.856, 24.097], [92.855, 24.097], [92.855, 24.096], [92.855, 24.095], [92.854, 24.094], [92.855, 24.093], [92.855, 24.092], [92.856, 24.091], [92.857, 24.09], [92.858, 24.089], [92.858, 24.088], [92.857, 24.087], [92.857, 24.086], [92.856, 24.085], [92.856, 24.084], [92.856, 24.083], [92.856, 24.082], [92.855, 24.081], [92.854, 24.08], [92.854, 24.079], [92.855, 24.079], [92.855, 24.078], [92.855, 24.077], [92.854, 24.076], [92.854, 24.075], [92.854, 24.074], [92.854, 24.073], [92.853, 24.072], [92.852, 24.071], [92.851, 24.07], [92.85, 24.07], [92.849, 24.07], [92.848, 24.069], [92.848, 24.068], [92.847, 24.067], [92.847, 24.066], [92.846, 24.065], [92.846, 24.064], [92.846, 24.063], [92.846, 24.062], [92.847, 24.061], [92.847, 24.06], [92.847, 24.059], [92.846, 24.058], [92.845, 24.056], [92.845, 24.055], [92.845, 24.054], [92.846, 24.054], [92.846, 24.053], [92.847, 24.053], [92.847, 24.052], [92.847, 24.051], [92.847, 24.05], [92.845, 24.049], [92.845, 24.048], [92.845, 24.047], [92.845, 24.046], [92.845, 24.045], [92.846, 24.045], [92.847, 24.045], [92.848, 24.045], [92.848, 24.044], [92.847, 24.043], [92.847, 24.042], [92.847, 24.041], [92.848, 24.04], [92.848, 24.039], [92.848, 24.037], [92.848, 24.036], [92.848, 24.035], [92.847, 24.034], [92.846, 24.034], [92.846, 24.035], [92.845, 24.036], [92.844, 24.036], [92.843, 24.036], [92.842, 24.035], [92.842, 24.034], [92.842, 24.033], [92.842, 24.032], [92.843, 24.032], [92.844, 24.031], [92.845, 24.031], [92.845, 24.03], [92.846, 24.029], [92.846, 24.028], [92.846, 24.027], [92.845, 24.026], [92.843, 24.027], [92.842, 24.027], [92.841, 24.027], [92.841, 24.026], [92.841, 24.025], [92.841, 24.024], [92.841, 24.023], [92.841, 24.022], [92.84, 24.021], [92.839, 24.021], [92.839, 24.02], [92.84, 24.019], [92.84, 24.018], [92.84, 24.017], [92.84, 24.016], [92.839, 24.015], [92.838, 24.015], [92.837, 24.015], [92.837, 24.016], [92.836, 24.016], [92.836, 24.017], [92.835, 24.018], [92.835, 24.019], [92.834, 24.021], [92.834, 24.022], [92.834, 24.023], [92.833, 24.024], [92.832, 24.024], [92.831, 24.024], [92.831, 24.023], [92.831, 24.022], [92.831, 24.021], [92.83, 24.021], [92.829, 24.02], [92.829, 24.019], [92.829, 24.018], [92.83, 24.017], [92.831, 24.017], [92.831, 24.016], [92.831, 24.015], [92.83, 24.015], [92.829, 24.014], [92.829, 24.013], [92.829, 24.011], [92.829, 24.01], [92.829, 24.009], [92.829, 24.008], [92.829, 24.007], [92.828, 24.006], [92.828, 24.005], [92.827, 24.005], [92.827, 24.004], [92.827, 24.003], [92.827, 24.002], [92.827, 24.001], [92.827, 24.0], [92.826, 24.0], [92.825, 24.001], [92.824, 24.0], [92.825, 23.999], [92.825, 23.998], [92.825, 23.997], [92.825, 23.996], [92.824, 23.996], [92.822, 23.995], [92.821, 23.995], [92.821, 23.994], [92.821, 23.993], [92.822, 23.993], [92.822, 23.992], [92.824, 23.992], [92.825, 23.991], [92.825, 23.99], [92.825, 23.989], [92.824, 23.989], [92.823, 23.989], [92.823, 23.988], [92.822, 23.988], [92.822, 23.987], [92.823, 23.987], [92.824, 23.987], [92.825, 23.987], [92.826, 23.987], [92.827, 23.987], [92.827, 23.986], [92.826, 23.986], [92.826, 23.985], [92.825, 23.985], [92.825, 23.984], [92.824, 23.983], [92.824, 23.982], [92.823, 23.982], [92.823, 23.981], [92.822, 23.982], [92.821, 23.982], [92.82, 23.98], [92.82, 23.979], [92.82, 23.978], [92.821, 23.977], [92.821, 23.976], [92.821, 23.975], [92.821, 23.973], [92.821, 23.972], [92.82, 23.972], [92.82, 23.971], [92.82, 23.97], [92.819, 23.97], [92.819, 23.969], [92.819, 23.968], [92.819, 23.967], [92.818, 23.967], [92.817, 23.967], [92.816, 23.967], [92.816, 23.966], [92.816, 23.965], [92.817, 23.963], [92.817, 23.962], [92.818, 23.961], [92.818, 23.96], [92.818, 23.959], [92.818, 23.958], [92.819, 23.958], [92.82, 23.957], [92.821, 23.957], [92.822, 23.956], [92.822, 23.955], [92.822, 23.954], [92.822, 23.953], [92.822, 23.952], [92.821, 23.951], [92.82, 23.95], [92.819, 23.949], [92.819, 23.948], [92.82, 23.947], [92.82, 23.946], [92.819, 23.945], [92.819, 23.944], [92.818, 23.943], [92.817, 23.943], [92.816, 23.942], [92.815, 23.941], [92.815, 23.94], [92.815, 23.939], [92.815, 23.938], [92.815, 23.937], [92.816, 23.936], [92.817, 23.936], [92.818, 23.935], [92.819, 23.935], [92.818, 23.935], [92.818, 23.934], [92.817, 23.934], [92.817, 23.933], [92.816, 23.933], [92.815, 23.933], [92.815, 23.932], [92.814, 23.931], [92.814, 23.93], [92.813, 23.93], [92.813, 23.929], [92.812, 23.929], [92.812, 23.928], [92.812, 23.926], [92.811, 23.924], [92.811, 23.923], [92.811, 23.922], [92.81, 23.922], [92.809, 23.922], [92.808, 23.922], [92.807, 23.921], [92.807, 23.92], [92.807, 23.919], [92.808, 23.918], [92.81, 23.917], [92.811, 23.916], [92.812, 23.916], [92.813, 23.916], [92.814, 23.917], [92.815, 23.918], [92.816, 23.919], [92.816, 23.918], [92.817, 23.918], [92.816, 23.917], [92.816, 23.916], [92.815, 23.915], [92.815, 23.914], [92.816, 23.914], [92.817, 23.914], [92.818, 23.915], [92.818, 23.916], [92.819, 23.916], [92.82, 23.916], [92.821, 23.916], [92.822, 23.914], [92.822, 23.913], [92.822, 23.912], [92.821, 23.912], [92.82, 23.911], [92.819, 23.911], [92.819, 23.91], [92.818, 23.909], [92.819, 23.909], [92.819, 23.908], [92.82, 23.908], [92.82, 23.907], [92.82, 23.906], [92.818, 23.903], [92.818, 23.901], [92.818, 23.9], [92.818, 23.899], [92.818, 23.898], [92.818, 23.897], [92.817, 23.896], [92.816, 23.896], [92.816, 23.895], [92.815, 23.895], [92.814, 23.895], [92.813, 23.895], [92.812, 23.895], [92.812, 23.894], [92.811, 23.894], [92.81, 23.894], [92.81, 23.893], [92.81, 23.892], [92.809, 23.892], [92.81, 23.892], [92.81, 23.891], [92.809, 23.89], [92.81, 23.89], [92.81, 23.889], [92.81, 23.888], [92.811, 23.887], [92.81, 23.887], [92.81, 23.886], [92.809, 23.886], [92.808, 23.887], [92.808, 23.886], [92.807, 23.886], [92.807, 23.887], [92.806, 23.887], [92.806, 23.886], [92.806, 23.885], [92.806, 23.884], [92.805, 23.884], [92.805, 23.883], [92.805, 23.882], [92.805, 23.881], [92.805, 23.88], [92.805, 23.879], [92.805, 23.878], [92.804, 23.878], [92.804, 23.877], [92.804, 23.876], [92.803, 23.876], [92.803, 23.875], [92.803, 23.874], [92.803, 23.873], [92.802, 23.872], [92.803, 23.871], [92.803, 23.87], [92.802, 23.87], [92.802, 23.869], [92.802, 23.868], [92.801, 23.867], [92.801, 23.866], [92.801, 23.865], [92.802, 23.864], [92.802, 23.863], [92.801, 23.863], [92.801, 23.862], [92.802, 23.862], [92.802, 23.861], [92.801, 23.861], [92.801, 23.86], [92.802, 23.86], [92.802, 23.859], [92.801, 23.859], [92.801, 23.858], [92.8, 23.858], [92.801, 23.858], [92.802, 23.857], [92.801, 23.857], [92.801, 23.856], [92.801, 23.855], [92.801, 23.854], [92.801, 23.853], [92.8, 23.853], [92.8, 23.852], [92.799, 23.852], [92.798, 23.851], [92.799, 23.851], [92.799, 23.85], [92.798, 23.85], [92.798, 23.849], [92.798, 23.848], [92.797, 23.848], [92.796, 23.848], [92.795, 23.848], [92.794, 23.848], [92.793, 23.848], [92.792, 23.848], [92.792, 23.849], [92.792, 23.85], [92.791, 23.85], [92.79, 23.85], [92.79, 23.851], [92.79, 23.85], [92.789, 23.85], [92.788, 23.851], [92.787, 23.851], [92.787, 23.85], [92.786, 23.85], [92.785, 23.85], [92.784, 23.85], [92.783, 23.85], [92.782, 23.85], [92.781, 23.851], [92.78, 23.851], [92.78, 23.852], [92.779, 23.852], [92.778, 23.852], [92.777, 23.852], [92.776, 23.852], [92.775, 23.852], [92.774, 23.852], [92.773, 23.852], [92.772, 23.851], [92.771, 23.851], [92.77, 23.85], [92.769, 23.85], [92.768, 23.85], [92.767, 23.85], [92.767, 23.849], [92.766, 23.849], [92.765, 23.849], [92.764, 23.849], [92.763, 23.849], [92.762, 23.848], [92.761, 23.848], [92.76, 23.848], [92.759, 23.848], [92.759, 23.847], [92.758, 23.847], [92.757, 23.847], [92.756, 23.847], [92.755, 23.847], [92.754, 23.847], [92.754, 23.846], [92.753, 23.846], [92.752, 23.847], [92.751, 23.847], [92.751, 23.846], [92.75, 23.846], [92.749, 23.846], [92.748, 23.846], [92.748, 23.847], [92.747, 23.847], [92.746, 23.848], [92.745, 23.849], [92.744, 23.849], [92.744, 23.85], [92.742, 23.85], [92.741, 23.85], [92.74, 23.85], [92.739, 23.85], [92.738, 23.85], [92.737, 23.849], [92.736, 23.849], [92.735, 23.849], [92.734, 23.85], [92.733, 23.85], [92.732, 23.851], [92.731, 23.851], [92.729, 23.852], [92.728, 23.852], [92.727, 23.852], [92.726, 23.851], [92.725, 23.852], [92.724, 23.853], [92.724, 23.854], [92.723, 23.855], [92.722, 23.855], [92.721, 23.855], [92.72, 23.855], [92.719, 23.855], [92.718, 23.856], [92.716, 23.857], [92.715, 23.858], [92.714, 23.858], [92.713, 23.858], [92.712, 23.858], [92.712, 23.859], [92.712, 23.86], [92.711, 23.861], [92.71, 23.861], [92.709, 23.861], [92.709, 23.862], [92.708, 23.862], [92.708, 23.861], [92.707, 23.861], [92.707, 23.86], [92.706, 23.86], [92.705, 23.86], [92.705, 23.859], [92.704, 23.859], [92.704, 23.858], [92.703, 23.858], [92.702, 23.858], [92.701, 23.858], [92.701, 23.857], [92.7, 23.857], [92.699, 23.858], [92.698, 23.858], [92.698, 23.857], [92.698, 23.856], [92.699, 23.856], [92.698, 23.856], [92.697, 23.856], [92.696, 23.856], [92.695, 23.856], [92.696, 23.856], [92.696, 23.857], [92.695, 23.857], [92.694, 23.857], [92.694, 23.858], [92.693, 23.858], [92.693, 23.859], [92.692, 23.858], [92.691, 23.859], [92.69, 23.859], [92.689, 23.859], [92.688, 23.859], [92.687, 23.86], [92.686, 23.86], [92.686, 23.861], [92.685, 23.863], [92.684, 23.864], [92.683, 23.864], [92.683, 23.865], [92.682, 23.865], [92.681, 23.866], [92.681, 23.867], [92.68, 23.867], [92.679, 23.867], [92.678, 23.867], [92.677, 23.867], [92.676, 23.867], [92.675, 23.867], [92.674, 23.867], [92.673, 23.867], [92.672, 23.867], [92.672, 23.866], [92.671, 23.866], [92.671, 23.865], [92.67, 23.865], [92.67, 23.866], [92.669, 23.866], [92.669, 23.867], [92.668, 23.867], [92.668, 23.868], [92.667, 23.868], [92.667, 23.867], [92.666, 23.867], [92.665, 23.867], [92.665, 23.868], [92.664, 23.868], [92.663, 23.868], [92.662, 23.868], [92.662, 23.869], [92.663, 23.869], [92.663, 23.87], [92.663, 23.871], [92.663, 23.872], [92.663, 23.873], [92.663, 23.874], [92.663, 23.875], [92.663, 23.876], [92.663, 23.878], [92.663, 23.879], [92.662, 23.88], [92.662, 23.881], [92.662, 23.882], [92.661, 23.882], [92.661, 23.883], [92.66, 23.883], [92.659, 23.883], [92.659, 23.884], [92.658, 23.884], [92.657, 23.884], [92.657, 23.885], [92.656, 23.885], [92.655, 23.886], [92.654, 23.887], [92.653, 23.888], [92.653, 23.889], [92.652, 23.889], [92.652, 23.89], [92.651, 23.891], [92.65, 23.891], [92.65, 23.892], [92.65, 23.893], [92.651, 23.894], [92.651, 23.895], [92.651, 23.896], [92.651, 23.897], [92.651, 23.898], [92.651, 23.899], [92.652, 23.899], [92.652, 23.9], [92.653, 23.9], [92.654, 23.9], [92.655, 23.9], [92.656, 23.9], [92.656, 23.901], [92.657, 23.901], [92.658, 23.902], [92.659, 23.903], [92.66, 23.904], [92.661, 23.905], [92.661, 23.906], [92.661, 23.907], [92.661, 23.908], [92.661, 23.909], [92.66, 23.911], [92.66, 23.912], [92.66, 23.913], [92.66, 23.914], [92.66, 23.915], [92.66, 23.916], [92.659, 23.917], [92.658, 23.918], [92.657, 23.919], [92.656, 23.92], [92.655, 23.921], [92.654, 23.922], [92.653, 23.922], [92.652, 23.922], [92.652, 23.923], [92.651, 23.922], [92.65, 23.922], [92.648, 23.922], [92.646, 23.922], [92.645, 23.922], [92.644, 23.922], [92.644, 23.923], [92.644, 23.924], [92.644, 23.925], [92.644, 23.927], [92.644, 23.928], [92.644, 23.929], [92.643, 23.929], [92.643, 23.93], [92.642, 23.93], [92.641, 23.931], [92.64, 23.931], [92.639, 23.931], [92.639, 23.93], [92.638, 23.93], [92.637, 23.931], [92.636, 23.931], [92.634, 23.932], [92.632, 23.932], [92.632, 23.933], [92.63, 23.933], [92.629, 23.933], [92.627, 23.934], [92.625, 23.934], [92.624, 23.935], [92.623, 23.935], [92.622, 23.936], [92.621, 23.937], [92.621, 23.938], [92.622, 23.938], [92.622, 23.939], [92.623, 23.94], [92.624, 23.941], [92.624, 23.942], [92.624, 23.943], [92.624, 23.944], [92.625, 23.944], [92.626, 23.944], [92.628, 23.944], [92.629, 23.944], [92.629, 23.945], [92.629, 23.946], [92.629, 23.947], [92.628, 23.947], [92.628, 23.948], [92.627, 23.949], [92.626, 23.951], [92.626, 23.952], [92.626, 23.954], [92.626, 23.955], [92.626, 23.956], [92.625, 23.956], [92.624, 23.957], [92.623, 23.957], [92.622, 23.958], [92.621, 23.958], [92.62, 23.958], [92.62, 23.959], [92.62, 23.96], [92.62, 23.961], [92.62, 23.962], [92.621, 23.963], [92.621, 23.964], [92.621, 23.965], [92.621, 23.966], [92.621, 23.967], [92.622, 23.968], [92.622, 23.97], [92.622, 23.971], [92.622, 23.972], [92.623, 23.974], [92.624, 23.975], [92.624, 23.977], [92.625, 23.978], [92.625, 23.979], [92.625, 23.98], [92.625, 23.981], [92.626, 23.982], [92.627, 23.983], [92.628, 23.984], [92.629, 23.984], [92.63, 23.984], [92.631, 23.985], [92.632, 23.985], [92.632, 23.986], [92.632, 23.987], [92.632, 23.988], [92.632, 23.989], [92.632, 23.99], [92.631, 23.99], [92.631, 23.991], [92.63, 23.992], [92.63, 23.993], [92.629, 23.993], [92.63, 23.994], [92.63, 23.995], [92.631, 23.995], [92.631, 23.996], [92.632, 23.996], [92.632, 23.997], [92.633, 23.998], [92.633, 23.999], [92.632, 24.0], [92.631, 24.001], [92.631, 24.002], [92.63, 24.002], [92.629, 24.002], [92.628, 24.003], [92.627, 24.004], [92.626, 24.004], [92.625, 24.004], [92.625, 24.005], [92.624, 24.005], [92.623, 24.005], [92.622, 24.005], [92.621, 24.005], [92.621, 24.006], [92.62, 24.007], [92.619, 24.009], [92.619, 24.01], [92.619, 24.011], [92.619, 24.012], [92.619, 24.013], [92.619, 24.014], [92.62, 24.014], [92.621, 24.015], [92.622, 24.015], [92.622, 24.016], [92.622, 24.017], [92.622, 24.018], [92.623, 24.019], [92.623, 24.02], [92.623, 24.021], [92.623, 24.022], [92.624, 24.023], [92.624, 24.024], [92.625, 24.026], [92.626, 24.027], [92.626, 24.029], [92.627, 24.029], [92.628, 24.03], [92.628, 24.032], [92.629, 24.033], [92.63, 24.033], [92.631, 24.033], [92.633, 24.033], [92.634, 24.032], [92.635, 24.032], [92.636, 24.032], [92.636, 24.033], [92.636, 24.034], [92.636, 24.035], [92.635, 24.035], [92.634, 24.035], [92.633, 24.035], [92.632, 24.036], [92.631, 24.036], [92.63, 24.037], [92.629, 24.038], [92.628, 24.039], [92.628, 24.04], [92.628, 24.041], [92.627, 24.041], [92.627, 24.042], [92.626, 24.043], [92.625, 24.043], [92.624, 24.043], [92.624, 24.042], [92.623, 24.041], [92.623, 24.04], [92.623, 24.039], [92.623, 24.038], [92.623, 24.037], [92.623, 24.036], [92.624, 24.035], [92.624, 24.033], [92.623, 24.032], [92.622, 24.032], [92.621, 24.033], [92.62, 24.034], [92.618, 24.035], [92.617, 24.036], [92.617, 24.037], [92.617, 24.038], [92.617, 24.041], [92.616, 24.042], [92.616, 24.043], [92.616, 24.044], [92.616, 24.046], [92.615, 24.047], [92.614, 24.049], [92.613, 24.05], [92.613, 24.051], [92.612, 24.052], [92.611, 24.052], [92.61, 24.053], [92.61, 24.052], [92.609, 24.052], [92.607, 24.052], [92.606, 24.051], [92.605, 24.051], [92.603, 24.051], [92.601, 24.052], [92.599, 24.053], [92.598, 24.054], [92.598, 24.055], [92.597, 24.056], [92.596, 24.057], [92.595, 24.059], [92.595, 24.06], [92.594, 24.061], [92.594, 24.062], [92.593, 24.063], [92.591, 24.064], [92.589, 24.064], [92.588, 24.064], [92.586, 24.064], [92.585, 24.064], [92.585, 24.065], [92.586, 24.067], [92.586, 24.068], [92.587, 24.07], [92.587, 24.071], [92.587, 24.072], [92.587, 24.073], [92.586, 24.075], [92.586, 24.076], [92.585, 24.077], [92.583, 24.077], [92.581, 24.077], [92.58, 24.077], [92.579, 24.076], [92.578, 24.076], [92.577, 24.076], [92.576, 24.077], [92.574, 24.077], [92.573, 24.077], [92.572, 24.077], [92.572, 24.076], [92.571, 24.075], [92.572, 24.075], [92.572, 24.074], [92.574, 24.072], [92.574, 24.071], [92.574, 24.07], [92.574, 24.069], [92.575, 24.068], [92.575, 24.067], [92.575, 24.066], [92.574, 24.065], [92.572, 24.063], [92.571, 24.063], [92.571, 24.062], [92.571, 24.061], [92.571, 24.06], [92.572, 24.058], [92.573, 24.056], [92.574, 24.054], [92.574, 24.053], [92.573, 24.052], [92.572, 24.051], [92.571, 24.051], [92.571, 24.05], [92.57, 24.049], [92.57, 24.048], [92.569, 24.047], [92.568, 24.046], [92.567, 24.044], [92.567, 24.043], [92.567, 24.042], [92.566, 24.041], [92.565, 24.041], [92.565, 24.042], [92.564, 24.043], [92.563, 24.043], [92.561, 24.042], [92.56, 24.041], [92.559, 24.041], [92.558, 24.042], [92.558, 24.043], [92.558, 24.044], [92.559, 24.046], [92.56, 24.047], [92.56, 24.048], [92.56, 24.049], [92.561, 24.05], [92.562, 24.051], [92.563, 24.052], [92.563, 24.053], [92.564, 24.054], [92.563, 24.055], [92.562, 24.055], [92.561, 24.055], [92.56, 24.055], [92.559, 24.055], [92.558, 24.055], [92.557, 24.055], [92.557, 24.056], [92.557, 24.057], [92.557, 24.058], [92.558, 24.058], [92.558, 24.059], [92.558, 24.06], [92.558, 24.061], [92.558, 24.062], [92.557, 24.062], [92.556, 24.063], [92.554, 24.063], [92.553, 24.063], [92.552, 24.063], [92.551, 24.063], [92.551, 24.062], [92.551, 24.061], [92.551, 24.06], [92.551, 24.059], [92.55, 24.058], [92.55, 24.057], [92.55, 24.055], [92.55, 24.054], [92.55, 24.053], [92.55, 24.052], [92.55, 24.051], [92.55, 24.05], [92.55, 24.048], [92.55, 24.047], [92.55, 24.046], [92.55, 24.045], [92.55, 24.043], [92.55, 24.042], [92.549, 24.042], [92.547, 24.042], [92.545, 24.042], [92.544, 24.04], [92.542, 24.038], [92.541, 24.037], [92.539, 24.036], [92.538, 24.036], [92.538, 24.037], [92.537, 24.039], [92.536, 24.041], [92.536, 24.042], [92.535, 24.043], [92.535, 24.044], [92.534, 24.045], [92.534, 24.046], [92.534, 24.047], [92.534, 24.048], [92.534, 24.05], [92.535, 24.051], [92.535, 24.052], [92.535, 24.053], [92.536, 24.054], [92.537, 24.055], [92.538, 24.055], [92.538, 24.056], [92.538, 24.057], [92.538, 24.059], [92.537, 24.06], [92.537, 24.062], [92.536, 24.063], [92.536, 24.064], [92.536, 24.066], [92.536, 24.067], [92.537, 24.069], [92.537, 24.07], [92.537, 24.071], [92.538, 24.072], [92.538, 24.073], [92.538, 24.074], [92.539, 24.075], [92.539, 24.076], [92.539, 24.077], [92.539, 24.078], [92.539, 24.079], [92.539, 24.08], [92.539, 24.081], [92.539, 24.082], [92.539, 24.083], [92.538, 24.084], [92.538, 24.085], [92.538, 24.086], [92.537, 24.088], [92.537, 24.089], [92.536, 24.091], [92.536, 24.092], [92.536, 24.093], [92.536, 24.094], [92.537, 24.095], [92.537, 24.096], [92.538, 24.097], [92.539, 24.098], [92.54, 24.099], [92.54, 24.1], [92.54, 24.101], [92.54, 24.102], [92.539, 24.103], [92.539, 24.104], [92.538, 24.105], [92.537, 24.106], [92.537, 24.107], [92.537, 24.108], [92.537, 24.109], [92.537, 24.11], [92.537, 24.112], [92.537, 24.113], [92.538, 24.115], [92.538, 24.116], [92.539, 24.116], [92.539, 24.117], [92.539, 24.118], [92.54, 24.119], [92.54, 24.12], [92.541, 24.121], [92.543, 24.123], [92.543, 24.124], [92.544, 24.125], [92.544, 24.126], [92.543, 24.126], [92.542, 24.126], [92.541, 24.126], [92.539, 24.125], [92.537, 24.125], [92.537, 24.126], [92.536, 24.126], [92.536, 24.127], [92.536, 24.128], [92.537, 24.129], [92.538, 24.131], [92.538, 24.133], [92.538, 24.134], [92.539, 24.135], [92.539, 24.136], [92.54, 24.136], [92.541, 24.137], [92.542, 24.138], [92.543, 24.138], [92.544, 24.138], [92.544, 24.139], [92.545, 24.139], [92.545, 24.14], [92.545, 24.141], [92.545, 24.142], [92.546, 24.142], [92.546, 24.143], [92.547, 24.144], [92.547, 24.145], [92.547, 24.146], [92.547, 24.147], [92.548, 24.147], [92.548, 24.148], [92.548, 24.149], [92.549, 24.149], [92.549, 24.15], [92.55, 24.15], [92.55, 24.151], [92.551, 24.152], [92.551, 24.153], [92.551, 24.154], [92.551, 24.155], [92.55, 24.155], [92.551, 24.155], [92.551, 24.156], [92.552, 24.156], [92.552, 24.157], [92.552, 24.158], [92.552, 24.159], [92.552, 24.16], [92.552, 24.161], [92.553, 24.162], [92.554, 24.163], [92.555, 24.163], [92.555, 24.162], [92.556, 24.162], [92.557, 24.162], [92.558, 24.162], [92.558, 24.161], [92.557, 24.16], [92.557, 24.159], [92.558, 24.159], [92.558, 24.158], [92.559, 24.158], [92.559, 24.159], [92.56, 24.159], [92.56, 24.16], [92.561, 24.16], [92.561, 24.159], [92.561, 24.158], [92.562, 24.158], [92.562, 24.159], [92.563, 24.159], [92.563, 24.16], [92.564, 24.16], [92.564, 24.159], [92.564, 24.158], [92.565, 24.158], [92.566, 24.159], [92.566, 24.16], [92.566, 24.161], [92.566, 24.162], [92.567, 24.162], [92.567, 24.163], [92.568, 24.164], [92.569, 24.164], [92.569, 24.163], [92.57, 24.163], [92.57, 24.164], [92.571, 24.164], [92.571, 24.165], [92.571, 24.166], [92.57, 24.166], [92.57, 24.167], [92.571, 24.167], [92.571, 24.168], [92.572, 24.168], [92.573, 24.168], [92.574, 24.167], [92.574, 24.168], [92.574, 24.169], [92.574, 24.17], [92.575, 24.17], [92.575, 24.171], [92.576, 24.171], [92.577, 24.171], [92.578, 24.171], [92.578, 24.172], [92.577, 24.172], [92.577, 24.173], [92.578, 24.173], [92.579, 24.173], [92.58, 24.173], [92.58, 24.174], [92.581, 24.174], [92.581, 24.175], [92.581, 24.176], [92.58, 24.176], [92.581, 24.176], [92.581, 24.177], [92.582, 24.177], [92.583, 24.177], [92.584, 24.177], [92.584, 24.176], [92.585, 24.176], [92.586, 24.176], [92.587, 24.176], [92.588, 24.176], [92.588, 24.177], [92.588, 24.178], [92.589, 24.178], [92.59, 24.178], [92.59, 24.177], [92.59, 24.176], [92.589, 24.176], [92.589, 24.175], [92.588, 24.175], [92.587, 24.174], [92.588, 24.174], [92.588, 24.173], [92.589, 24.173], [92.59, 24.173], [92.59, 24.174], [92.591, 24.174], [92.591, 24.173], [92.592, 24.173], [92.593, 24.173], [92.593, 24.172], [92.592, 24.172], [92.592, 24.171], [92.592, 24.17], [92.593, 24.17], [92.593, 24.169], [92.593, 24.168], [92.594, 24.168], [92.594, 24.167], [92.595, 24.167], [92.595, 24.166], [92.596, 24.166], [92.596, 24.165], [92.597, 24.164], [92.598, 24.164], [92.599, 24.164], [92.6, 24.164], [92.6, 24.163], [92.601, 24.163], [92.601, 24.162], [92.602, 24.162], [92.603, 24.162], [92.603, 24.161], [92.603, 24.16], [92.603, 24.159], [92.604, 24.159], [92.604, 24.158], [92.605, 24.158], [92.606, 24.158], [92.606, 24.157], [92.607, 24.157], [92.608, 24.157], [92.609, 24.157], [92.61, 24.157], [92.61, 24.158], [92.611, 24.158], [92.612, 24.158], [92.613, 24.158], [92.614, 24.159], [92.615, 24.159], [92.616, 24.159], [92.617, 24.159], [92.618, 24.159], [92.619, 24.159], [92.62, 24.159], [92.62, 24.16], [92.621, 24.16], [92.622, 24.16], [92.623, 24.16], [92.624, 24.16], [92.625, 24.16], [92.626, 24.16], [92.627, 24.16], [92.628, 24.16], [92.629, 24.16], [92.63, 24.16], [92.631, 24.16], [92.632, 24.16], [92.633, 24.161], [92.634, 24.161], [92.635, 24.161], [92.636, 24.161], [92.637, 24.161], [92.638, 24.161], [92.638, 24.16], [92.639, 24.16], [92.64, 24.16], [92.64, 24.161], [92.641, 24.161], [92.641, 24.162], [92.642, 24.162], [92.642, 24.163], [92.643, 24.163], [92.644, 24.163], [92.645, 24.163], [92.646, 24.163], [92.647, 24.163], [92.647, 24.164], [92.646, 24.164], [92.646, 24.165], [92.646, 24.166], [92.647, 24.166], [92.648, 24.166], [92.648, 24.167], [92.649, 24.167], [92.648, 24.168], [92.648, 24.169], [92.648, 24.17], [92.649, 24.17], [92.65, 24.17], [92.65, 24.171], [92.651, 24.172], [92.651, 24.173], [92.651, 24.174], [92.651, 24.175], [92.651, 24.176], [92.651, 24.177], [92.651, 24.178], [92.652, 24.178], [92.653, 24.178], [92.653, 24.179], [92.653, 24.18], [92.652, 24.18], [92.652, 24.181], [92.652, 24.182], [92.652, 24.183], [92.653, 24.183], [92.653, 24.182], [92.654, 24.182], [92.655, 24.182], [92.656, 24.182], [92.656, 24.183], [92.657, 24.183], [92.658, 24.183], [92.659, 24.183], [92.66, 24.183], [92.661, 24.183], [92.662, 24.183], [92.662, 24.184], [92.663, 24.184], [92.663, 24.185], [92.664, 24.185], [92.664, 24.186], [92.665, 24.186], [92.665, 24.187], [92.665, 24.188], [92.666, 24.188], [92.666, 24.189], [92.667, 24.189], [92.668, 24.189], [92.668, 24.19], [92.669, 24.19], [92.669, 24.191], [92.67, 24.191], [92.67, 24.192], [92.671, 24.192], [92.672, 24.192], [92.672, 24.193], [92.673, 24.193], [92.673, 24.194], [92.674, 24.194], [92.675, 24.195], [92.676, 24.195], [92.677, 24.195], [92.678, 24.195], [92.678, 24.196], [92.679, 24.196], [92.68, 24.196], [92.681, 24.196], [92.682, 24.196], [92.683, 24.196], [92.684, 24.196], [92.685, 24.196], [92.686, 24.195], [92.687, 24.195], [92.688, 24.194], [92.69, 24.193], [92.691, 24.193], [92.692, 24.193], [92.693, 24.193], [92.694, 24.193], [92.695, 24.193], [92.695, 24.194], [92.696, 24.194], [92.697, 24.194], [92.698, 24.194], [92.699, 24.194], [92.7, 24.194], [92.701, 24.194], [92.702, 24.194], [92.703, 24.195], [92.703, 24.196], [92.704, 24.196], [92.704, 24.197], [92.704, 24.198], [92.705, 24.198], [92.706, 24.198], [92.706, 24.199], [92.707, 24.199], [92.707, 24.2], [92.707, 24.201], [92.707, 24.202], [92.707, 24.203], [92.708, 24.204], [92.708, 24.205], [92.708, 24.206], [92.709, 24.206], [92.709, 24.207], [92.71, 24.207], [92.711, 24.207], [92.712, 24.207], [92.712, 24.208], [92.713, 24.208], [92.713, 24.209], [92.713, 24.21], [92.714, 24.21], [92.715, 24.21], [92.715, 24.211], [92.716, 24.211], [92.716, 24.212], [92.716, 24.213], [92.715, 24.213], [92.715, 24.214], [92.715, 24.215], [92.715, 24.216], [92.715, 24.217], [92.715, 24.218], [92.716, 24.218], [92.716, 24.219], [92.716, 24.22], [92.717, 24.22], [92.718, 24.22], [92.719, 24.22], [92.719, 24.219], [92.72, 24.218], [92.721, 24.218], [92.722, 24.218], [92.723, 24.219], [92.724, 24.22], [92.724, 24.219], [92.725, 24.219], [92.726, 24.219], [92.727, 24.219], [92.727, 24.22], [92.728, 24.22], [92.729, 24.22], [92.729, 24.221], [92.73, 24.221], [92.73, 24.222], [92.731, 24.222], [92.732, 24.222], [92.732, 24.221], [92.732, 24.22], [92.732, 24.219], [92.732, 24.218], [92.733, 24.218], [92.733, 24.217], [92.733, 24.216], [92.733, 24.215], [92.733, 24.214], [92.733, 24.213], [92.733, 24.212], [92.733, 24.211], [92.733, 24.21], [92.733, 24.209], [92.733, 24.208], [92.733, 24.207], [92.733, 24.206], [92.733, 24.205], [92.734, 24.205], [92.734, 24.204], [92.734, 24.203], [92.734, 24.202], [92.734, 24.201], [92.734, 24.2], [92.735, 24.2], [92.735, 24.199], [92.735, 24.198], [92.735, 24.197], [92.735, 24.196], [92.735, 24.195], [92.735, 24.194], [92.736, 24.194], [92.736, 24.193], [92.736, 24.192], [92.737, 24.192], [92.737, 24.191], [92.738, 24.191], [92.739, 24.191], [92.739, 24.192], [92.74, 24.193], [92.741, 24.193], [92.741, 24.194], [92.741, 24.195], [92.74, 24.196], [92.74, 24.197], [92.741, 24.197], [92.742, 24.197], [92.742, 24.198], [92.741, 24.198], [92.74, 24.198], [92.739, 24.198], [92.739, 24.199], [92.74, 24.2], [92.74, 24.201], [92.74, 24.202], [92.739, 24.202], [92.738, 24.202], [92.738, 24.203], [92.738, 24.204], [92.737, 24.204], [92.737, 24.205], [92.737, 24.206], [92.738, 24.206], [92.738, 24.205], [92.739, 24.205], [92.74, 24.205], [92.74, 24.204], [92.741, 24.204], [92.742, 24.204], [92.742, 24.205], [92.742, 24.206], [92.742, 24.207], [92.741, 24.207], [92.74, 24.206], [92.739, 24.207], [92.74, 24.208], [92.741, 24.208], [92.741, 24.209], [92.741, 24.21], [92.742, 24.21], [92.743, 24.21], [92.743, 24.211], [92.743, 24.212], [92.743, 24.213], [92.742, 24.213], [92.741, 24.213], [92.741, 24.214], [92.741, 24.215], [92.742, 24.215], [92.743, 24.215], [92.744, 24.215], [92.744, 24.216], [92.744, 24.217], [92.743, 24.217], [92.742, 24.216], [92.741, 24.217], [92.741, 24.218], [92.741, 24.219], [92.741, 24.22], [92.74, 24.22], [92.739, 24.22], [92.738, 24.221], [92.739, 24.221], [92.74, 24.221], [92.74, 24.222], [92.739, 24.222], [92.739, 24.223], [92.74, 24.223], [92.741, 24.223], [92.741, 24.224], [92.741, 24.225], [92.74, 24.225], [92.74, 24.224], [92.739, 24.224], [92.739, 24.225], [92.74, 24.226], [92.739, 24.227], [92.739, 24.228], [92.739, 24.229], [92.739, 24.23], [92.74, 24.231], [92.74, 24.232], [92.739, 24.232], [92.739, 24.233], [92.74, 24.233], [92.741, 24.233], [92.741, 24.234], [92.742, 24.234], [92.742, 24.235], [92.742, 24.236], [92.741, 24.236], [92.74, 24.237], [92.741, 24.238], [92.742, 24.239], [92.743, 24.239], [92.743, 24.24], [92.742, 24.24], [92.742, 24.241], [92.742, 24.242], [92.743, 24.242], [92.743, 24.243], [92.743, 24.244], [92.742, 24.244], [92.741, 24.244], [92.74, 24.244], [92.739, 24.244], [92.739, 24.245], [92.738, 24.245], [92.738, 24.246], [92.738, 24.247], [92.739, 24.247], [92.739, 24.248], [92.739, 24.249], [92.739, 24.25], [92.74, 24.25], [92.741, 24.25], [92.741, 24.251], [92.742, 24.252], [92.743, 24.252], [92.744, 24.252], [92.745, 24.252], [92.746, 24.252], [92.745, 24.252], [92.744, 24.252], [92.745, 24.254], [92.75, 24.268], [92.765, 24.291], [92.767, 24.301], [92.789, 24.314], [92.794, 24.325], [92.795, 24.325], [92.796, 24.324], [92.797, 24.324], [92.797, 24.323], [92.798, 24.323], [92.799, 24.322], [92.799, 24.321], [92.799, 24.32], [92.8, 24.32], [92.8, 24.319], [92.8, 24.318], [92.8, 24.317], [92.801, 24.317], [92.801, 24.316], [92.802, 24.316], [92.803, 24.315]]]}, "properties": {"OBJECTID": 5903, "stcode11": "15", "dtcode11": "282", "sdtcode11": "01899", "stname": "MIZORAM", "dtname": "Kolasib", "sdtname": "'N' Thingdawl", "subdt_lgd": 1899, "dist_lgd": 263, "state_lgd": 15, "shape_Length": 252569.02929878415, "shape_Area": 1289764994.4622672, "st_area_sh": 0, "st_length_": 0, "remarks": "", "ac_no": null, "test": 5908}}, {"type": "Feature", "geometry": {"type": "Polygon", "coordinates": [[[92.849, 24.316], [92.849, 24.317], [92.848, 24.317], [92.848, 24.318], [92.847, 24.318], [92.847, 24.319], [92.846, 24.319], [92.845, 24.319], [92.845, 24.32], [92.844, 24.32], [92.844, 24.321], [92.843, 24.321], [92.842, 24.321], [92.841, 24.321], [92.84, 24.321], [92.84, 24.322], [92.839, 24.322], [92.839, 24.323], [92.838, 24.323], [92.837, 24.323], [92.837, 24.322], [92.837, 24.321], [92.836, 24.321], [92.836, 24.32], [92.836, 24.319], [92.835, 24.319], [92.834, 24.319], [92.834, 24.318], [92.834, 24.317], [92.833, 24.317], [92.832, 24.317], [92.832, 24.316], [92.831, 24.316], [92.83, 24.316], [92.83, 24.315], [92.829, 24.315], [92.828, 24.315], [92.827, 24.315], [92.826, 24.316], [92.825, 24.316], [92.825, 24.315], [92.824, 24.315], [92.823, 24.315], [92.823, 24.314], [92.822, 24.314], [92.821, 24.314], [92.82, 24.314], [92.819, 24.314], [92.819, 24.313], [92.818, 24.313], [92.818, 24.312], [92.817, 24.312], [92.817, 24.311], [92.816, 24.311], [92.816, 24.31], [92.815, 24.31], [92.815, 24.311], [92.814, 24.311], [92.814, 24.312], [92.813, 24.312], [92.812, 24.312], [92.811, 24.313], [92.81, 24.313], [92.81, 24.314], [92.809, 24.314], [92.809, 24.315], [92.808, 24.315], [92.807, 24.315], [92.806, 24.315], [92.806, 24.316], [92.805, 24.316], [92.804, 24.315], [92.803, 24.315], [92.802, 24.316], [92.801, 24.316], [92.801, 24.317], [92.8, 24.317], [92.8, 24.318], [92.8, 24.319], [92.8, 24.32], [92.799, 24.32], [92.799, 24.321], [92.799, 24.322], [92.798, 24.323], [92.797, 24.323], [92.797, 24.324], [92.796, 24.324], [92.795, 24.325], [92.794, 24.325], [92.789, 24.314], [92.767, 24.301], [92.765, 24.291], [92.75, 24.268], [92.745, 24.254], [92.744, 24.252], [92.745, 24.252], [92.746, 24.252], [92.745, 24.252], [92.744, 24.252], [92.743, 24.252], [92.742, 24.252], [92.741, 24.251], [92.741, 24.25], [92.74, 24.25], [92.739, 24.25], [92.739, 24.249], [92.739, 24.248], [92.739, 24.247], [92.738, 24.247], [92.738, 24.246], [92.738, 24.245], [92.739, 24.245], [92.739, 24.244], [92.74, 24.244], [92.741, 24.244], [92.742, 24.244], [92.743, 24.244], [92.743, 24.243], [92.743, 24.242], [92.742, 24.242], [92.742, 24.241], [92.742, 24.24], [92.743, 24.24], [92.743, 24.239], [92.742, 24.239], [92.741, 24.238], [92.74, 24.237], [92.741, 24.236], [92.742, 24.236], [92.742, 24.235], [92.742, 24.234], [92.741, 24.234], [92.741, 24.233], [92.74, 24.233], [92.739, 24.233], [92.739, 24.232], [92.74, 24.232], [92.74, 24.231], [92.739, 24.23], [92.739, 24.229], [92.739, 24.228], [92.739, 24.227], [92.74, 24.226], [92.739, 24.225], [92.739, 24.224], [92.74, 24.224], [92.74, 24.225], [92.741, 24.225], [92.741, 24.224], [92.741, 24.223], [92.74, 24.223], [92.739, 24.223], [92.739, 24.222], [92.74, 24.222], [92.74, 24.221], [92.739, 24.221], [92.738, 24.221], [92.739, 24.22], [92.74, 24.22], [92.741, 24.22], [92.741, 24.219], [92.741, 24.218], [92.741, 24.217], [92.742, 24.216], [92.743, 24.217], [92.744, 24.217], [92.744, 24.216], [92.744, 24.215], [92.743, 24.215], [92.742, 24.215], [92.741, 24.215], [92.741, 24.214], [92.741, 24.213], [92.742, 24.213], [92.743, 24.213], [92.743, 24.212], [92.743, 24.211], [92.743, 24.21], [92.742, 24.21], [92.741, 24.21], [92.741, 24.209], [92.741, 24.208], [92.74, 24.208], [92.739, 24.207], [92.74, 24.206], [92.741, 24.207], [92.742, 24.207], [92.742, 24.206], [92.742, 24.205], [92.742, 24.204], [92.741, 24.204], [92.74, 24.204], [92.74, 24.205], [92.739, 24.205], [92.738, 24.205], [92.738, 24.206], [92.737, 24.206], [92.737, 24.205], [92.737, 24.204], [92.738, 24.204], [92.738, 24.203], [92.738, 24.202], [92.739, 24.202], [92.74, 24.202], [92.74, 24.201], [92.74, 24.2], [92.739, 24.199], [92.739, 24.198], [92.74, 24.198], [92.741, 24.198], [92.742, 24.198], [92.742, 24.197], [92.741, 24.197], [92.74, 24.197], [92.74, 24.196], [92.741, 24.195], [92.741, 24.194], [92.741, 24.193], [92.74, 24.193], [92.739, 24.192], [92.739, 24.191], [92.738, 24.191], [92.737, 24.191], [92.737, 24.192], [92.736, 24.192], [92.736, 24.193], [92.736, 24.194], [92.735, 24.194], [92.735, 24.195], [92.735, 24.196], [92.735, 24.197], [92.735, 24.198], [92.735, 24.199], [92.735, 24.2], [92.734, 24.2], [92.734, 24.201], [92.734, 24.202], [92.734, 24.203], [92.734, 24.204], [92.734, 24.205], [92.733, 24.205], [92.733, 24.206], [92.733, 24.207], [92.733, 24.208], [92.733, 24.209], [92.733, 24.21], [92.733, 24.211], [92.733, 24.212], [92.733, 24.213], [92.733, 24.214], [92.733, 24.215], [92.733, 24.216], [92.733, 24.217], [92.733, 24.218], [92.732, 24.218], [92.732, 24.219], [92.732, 24.22], [92.732, 24.221], [92.732, 24.222], [92.731, 24.222], [92.73, 24.222], [92.73, 24.221], [92.729, 24.221], [92.729, 24.22], [92.728, 24.22], [92.727, 24.22], [92.727, 24.219], [92.726, 24.219], [92.725, 24.219], [92.724, 24.219], [92.724, 24.22], [92.723, 24.219], [92.722, 24.218], [92.721, 24.218], [92.72, 24.218], [92.719, 24.219], [92.719, 24.22], [92.718, 24.22], [92.717, 24.22], [92.716, 24.22], [92.716, 24.219], [92.716, 24.218], [92.715, 24.218], [92.715, 24.217], [92.715, 24.216], [92.715, 24.215], [92.715, 24.214], [92.715, 24.213], [92.716, 24.213], [92.716, 24.212], [92.716, 24.211], [92.715, 24.211], [92.715, 24.21], [92.714, 24.21], [92.713, 24.21], [92.713, 24.209], [92.713, 24.208], [92.712, 24.208], [92.712, 24.207], [92.711, 24.207], [92.71, 24.207], [92.709, 24.207], [92.709, 24.206], [92.708, 24.206], [92.708, 24.205], [92.708, 24.204], [92.707, 24.203], [92.707, 24.202], [92.707, 24.201], [92.707, 24.2], [92.707, 24.199], [92.706, 24.199], [92.706, 24.198], [92.705, 24.198], [92.704, 24.198], [92.704, 24.197], [92.704, 24.196], [92.703, 24.196], [92.703, 24.195], [92.702, 24.194], [92.701, 24.194], [92.7, 24.194], [92.699, 24.194], [92.698, 24.194], [92.697, 24.194], [92.696, 24.194], [92.695, 24.194], [92.695, 24.193], [92.694, 24.193], [92.693, 24.193], [92.692, 24.193], [92.691, 24.193], [92.69, 24.193], [92.688, 24.194], [92.687, 24.195], [92.686, 24.195], [92.685, 24.196], [92.684, 24.196], [92.683, 24.196], [92.682, 24.196], [92.681, 24.196], [92.68, 24.196], [92.679, 24.196], [92.678, 24.196], [92.678, 24.195], [92.677, 24.195], [92.676, 24.195], [92.675, 24.195], [92.674, 24.194], [92.673, 24.194], [92.673, 24.193], [92.672, 24.193], [92.672, 24.192], [92.671, 24.192], [92.67, 24.192], [92.67, 24.191], [92.669, 24.191], [92.669, 24.19], [92.668, 24.19], [92.668, 24.189], [92.667, 24.189], [92.666, 24.189], [92.666, 24.188], [92.665, 24.188], [92.665, 24.187], [92.665, 24.186], [92.664, 24.186], [92.664, 24.185], [92.663, 24.185], [92.663, 24.184], [92.662, 24.184], [92.662, 24.183], [92.661, 24.183], [92.66, 24.183], [92.659, 24.183], [92.658, 24.183], [92.657, 24.183], [92.656, 24.183], [92.656, 24.182], [92.655, 24.182], [92.654, 24.182], [92.653, 24.182], [92.653, 24.183], [92.652, 24.183], [92.652, 24.182], [92.652, 24.181], [92.652, 24.18], [92.653, 24.18], [92.653, 24.179], [92.653, 24.178], [92.652, 24.178], [92.651, 24.178], [92.651, 24.177], [92.651, 24.176], [92.651, 24.175], [92.651, 24.174], [92.651, 24.173], [92.651, 24.172], [92.65, 24.171], [92.65, 24.17], [92.649, 24.17], [92.648, 24.17], [92.648, 24.169], [92.648, 24.168], [92.649, 24.167], [92.648, 24.167], [92.648, 24.166], [92.647, 24.166], [92.646, 24.166], [92.646, 24.165], [92.646, 24.164], [92.647, 24.164], [92.647, 24.163], [92.646, 24.163], [92.645, 24.163], [92.644, 24.163], [92.643, 24.163], [92.642, 24.163], [92.642, 24.162], [92.641, 24.162], [92.641, 24.161], [92.64, 24.161], [92.64, 24.16], [92.639, 24.16], [92.638, 24.16], [92.638, 24.161], [92.637, 24.161], [92.636, 24.161], [92.635, 24.161], [92.634, 24.161], [92.633, 24.161], [92.632, 24.16], [92.631, 24.16], [92.63, 24.16], [92.629, 24.16], [92.628, 24.16], [92.627, 24.16], [92.626, 24.16], [92.625, 24.16], [92.624, 24.16], [92.623, 24.16], [92.622, 24.16], [92.621, 24.16], [92.62, 24.16], [92.62, 24.159], [92.619, 24.159], [92.618, 24.159], [92.617, 24.159], [92.616, 24.159], [92.615, 24.159], [92.614, 24.159], [92.613, 24.158], [92.612, 24.158], [92.611, 24.158], [92.61, 24.158], [92.61, 24.157], [92.609, 24.157], [92.608, 24.157], [92.607, 24.157], [92.606, 24.157], [92.606, 24.158], [92.605, 24.158], [92.604, 24.158], [92.604, 24.159], [92.603, 24.159], [92.603, 24.16], [92.603, 24.161], [92.603, 24.162], [92.602, 24.162], [92.601, 24.162], [92.601, 24.163], [92.6, 24.163], [92.6, 24.164], [92.599, 24.164], [92.598, 24.164], [92.597, 24.164], [92.596, 24.165], [92.596, 24.166], [92.595, 24.166], [92.595, 24.167], [92.594, 24.167], [92.594, 24.168], [92.593, 24.168], [92.593, 24.169], [92.593, 24.17], [92.592, 24.17], [92.592, 24.171], [92.592, 24.172], [92.593, 24.172], [92.593, 24.173], [92.592, 24.173], [92.591, 24.173], [92.591, 24.174], [92.59, 24.174], [92.59, 24.173], [92.589, 24.173], [92.588, 24.173], [92.588, 24.174], [92.587, 24.174], [92.588, 24.175], [92.589, 24.175], [92.589, 24.176], [92.59, 24.176], [92.59, 24.177], [92.59, 24.178], [92.589, 24.178], [92.588, 24.178], [92.588, 24.177], [92.588, 24.176], [92.587, 24.176], [92.586, 24.176], [92.585, 24.176], [92.584, 24.176], [92.584, 24.177], [92.583, 24.177], [92.582, 24.177], [92.581, 24.177], [92.581, 24.176], [92.58, 24.176], [92.581, 24.176], [92.581, 24.175], [92.581, 24.174], [92.58, 24.174], [92.58, 24.173], [92.579, 24.173], [92.578, 24.173], [92.577, 24.173], [92.577, 24.172], [92.578, 24.172], [92.578, 24.171], [92.577, 24.171], [92.576, 24.171], [92.575, 24.171], [92.575, 24.17], [92.574, 24.17], [92.574, 24.169], [92.574, 24.168], [92.574, 24.167], [92.573, 24.168], [92.572, 24.168], [92.571, 24.168], [92.571, 24.167], [92.57, 24.167], [92.57, 24.166], [92.571, 24.166], [92.571, 24.165], [92.571, 24.164], [92.57, 24.164], [92.57, 24.163], [92.569, 24.163], [92.569, 24.164], [92.568, 24.164], [92.567, 24.163], [92.567, 24.162], [92.566, 24.162], [92.566, 24.161], [92.566, 24.16], [92.566, 24.159], [92.565, 24.158], [92.564, 24.158], [92.564, 24.159], [92.564, 24.16], [92.563, 24.16], [92.563, 24.159], [92.562, 24.159], [92.562, 24.158], [92.561, 24.158], [92.561, 24.159], [92.561, 24.16], [92.56, 24.16], [92.56, 24.159], [92.559, 24.159], [92.559, 24.158], [92.558, 24.158], [92.558, 24.159], [92.557, 24.159], [92.557, 24.16], [92.558, 24.161], [92.558, 24.162], [92.557, 24.162], [92.556, 24.162], [92.555, 24.162], [92.555, 24.163], [92.554, 24.163], [92.553, 24.162], [92.552, 24.161], [92.552, 24.16], [92.552, 24.159], [92.552, 24.158], [92.552, 24.157], [92.552, 24.156], [92.551, 24.156], [92.551, 24.155], [92.55, 24.155], [92.551, 24.155], [92.551, 24.154], [92.551, 24.153], [92.551, 24.152], [92.55, 24.151], [92.55, 24.15], [92.549, 24.15], [92.549, 24.149], [92.548, 24.149], [92.548, 24.148], [92.548, 24.147], [92.547, 24.147], [92.547, 24.146], [92.547, 24.145], [92.547, 24.144], [92.546, 24.143], [92.546, 24.142], [92.545, 24.142], [92.545, 24.141], [92.545, 24.142], [92.545, 24.143], [92.544, 24.145], [92.543, 24.146], [92.542, 24.148], [92.542, 24.149], [92.541, 24.151], [92.541, 24.152], [92.54, 24.152], [92.539, 24.154], [92.538, 24.156], [92.537, 24.156], [92.536, 24.157], [92.534, 24.159], [92.533, 24.16], [92.531, 24.162], [92.529, 24.163], [92.527, 24.164], [92.527, 24.165], [92.527, 24.166], [92.528, 24.167], [92.529, 24.168], [92.53, 24.168], [92.531, 24.169], [92.532, 24.17], [92.533, 24.171], [92.534, 24.172], [92.535, 24.172], [92.536, 24.174], [92.536, 24.175], [92.536, 24.176], [92.536, 24.177], [92.536, 24.178], [92.535, 24.179], [92.534, 24.18], [92.534, 24.181], [92.533, 24.183], [92.532, 24.184], [92.531, 24.185], [92.531, 24.186], [92.532, 24.186], [92.532, 24.187], [92.532, 24.188], [92.533, 24.189], [92.534, 24.19], [92.534, 24.191], [92.534, 24.192], [92.534, 24.193], [92.535, 24.193], [92.535, 24.194], [92.536, 24.195], [92.537, 24.196], [92.538, 24.196], [92.538, 24.197], [92.538, 24.198], [92.538, 24.199], [92.537, 24.2], [92.537, 24.201], [92.537, 24.202], [92.538, 24.202], [92.539, 24.202], [92.54, 24.203], [92.54, 24.204], [92.541, 24.204], [92.54, 24.204], [92.541, 24.205], [92.542, 24.206], [92.542, 24.207], [92.542, 24.208], [92.541, 24.208], [92.541, 24.209], [92.541, 24.21], [92.541, 24.211], [92.542, 24.211], [92.543, 24.211], [92.543, 24.212], [92.542, 24.212], [92.542, 24.213], [92.543, 24.214], [92.543, 24.215], [92.543, 24.216], [92.544, 24.216], [92.545, 24.216], [92.545, 24.217], [92.546, 24.217], [92.546, 24.218], [92.546, 24.219], [92.546, 24.22], [92.547, 24.22], [92.547, 24.221], [92.547, 24.222], [92.548, 24.223], [92.547, 24.224], [92.547, 24.225], [92.547, 24.226], [92.547, 24.227], [92.547, 24.228], [92.547, 24.229], [92.547, 24.23], [92.547, 24.231], [92.548, 24.231], [92.548, 24.232], [92.547, 24.232], [92.547, 24.233], [92.547, 24.234], [92.547, 24.235], [92.547, 24.236], [92.547, 24.237], [92.548, 24.237], [92.548, 24.238], [92.548, 24.239], [92.549, 24.24], [92.549, 24.241], [92.549, 24.242], [92.549, 24.243], [92.55, 24.244], [92.55, 24.245], [92.55, 24.246], [92.551, 24.246], [92.551, 24.247], [92.552, 24.247], [92.553, 24.247], [92.554, 24.247], [92.555, 24.247], [92.556, 24.247], [92.557, 24.247], [92.557, 24.248], [92.558, 24.248], [92.558, 24.249], [92.559, 24.249], [92.56, 24.249], [92.561, 24.25], [92.562, 24.251], [92.563, 24.251], [92.564, 24.251], [92.565, 24.251], [92.566, 24.252], [92.567, 24.252], [92.568, 24.252], [92.569, 24.252], [92.57, 24.252], [92.571, 24.252], [92.572, 24.252], [92.573, 24.252], [92.574, 24.252], [92.574, 24.251], [92.575, 24.251], [92.576, 24.251], [92.577, 24.251], [92.577, 24.25], [92.578, 24.25], [92.579, 24.25], [92.58, 24.25], [92.581, 24.25], [92.582, 24.25], [92.583, 24.25], [92.584, 24.25], [92.585, 24.25], [92.586, 24.25], [92.587, 24.25], [92.588, 24.25], [92.588, 24.249], [92.589, 24.249], [92.59, 24.249], [92.591, 24.249], [92.592, 24.249], [92.592, 24.25], [92.593, 24.25], [92.594, 24.25], [92.595, 24.25], [92.596, 24.25], [92.597, 24.25], [92.598, 24.25], [92.599, 24.25], [92.6, 24.25], [92.601, 24.25], [92.602, 24.25], [92.602, 24.249], [92.603, 24.249], [92.603, 24.248], [92.604, 24.248], [92.605, 24.248], [92.606, 24.248], [92.607, 24.249], [92.607, 24.25], [92.608, 24.25], [92.608, 24.251], [92.609, 24.251], [92.61, 24.252], [92.611, 24.252], [92.611, 24.253], [92.612, 24.253], [92.613, 24.254], [92.613, 24.255], [92.613, 24.256], [92.614, 24.256], [92.614, 24.257], [92.613, 24.258], [92.613, 24.259], [92.614, 24.26], [92.614, 24.261], [92.614, 24.262], [92.615, 24.262], [92.615, 24.263], [92.614, 24.263], [92.614, 24.264], [92.615, 24.264], [92.615, 24.265], [92.615, 24.266], [92.615, 24.267], [92.615, 24.268], [92.616, 24.268], [92.616, 24.269], [92.616, 24.27], [92.616, 24.271], [92.616, 24.272], [92.617, 24.272], [92.617, 24.273], [92.617, 24.274], [92.617, 24.275], [92.617, 24.276], [92.617, 24.277], [92.618, 24.277], [92.617, 24.278], [92.618, 24.279], [92.617, 24.28], [92.617, 24.281], [92.618, 24.281], [92.618, 24.282], [92.618, 24.283], [92.618, 24.284], [92.619, 24.284], [92.619, 24.285], [92.619, 24.286], [92.619, 24.287], [92.62, 24.287], [92.62, 24.288], [92.619, 24.288], [92.618, 24.288], [92.618, 24.289], [92.617, 24.289], [92.616, 24.289], [92.616, 24.29], [92.616, 24.291], [92.616, 24.292], [92.616, 24.293], [92.617, 24.293], [92.617, 24.294], [92.617, 24.295], [92.617, 24.296], [92.618, 24.296], [92.618, 24.297], [92.618, 24.298], [92.618, 24.299], [92.618, 24.3], [92.618, 24.301], [92.618, 24.302], [92.618, 24.303], [92.619, 24.303], [92.619, 24.304], [92.619, 24.305], [92.619, 24.306], [92.618, 24.307], [92.618, 24.308], [92.619, 24.308], [92.619, 24.309], [92.619, 24.31], [92.619, 24.311], [92.619, 24.312], [92.619, 24.313], [92.62, 24.314], [92.62, 24.315], [92.621, 24.315], [92.621, 24.316], [92.622, 24.317], [92.622, 24.318], [92.622, 24.319], [92.623, 24.319], [92.623, 24.32], [92.624, 24.32], [92.624, 24.321], [92.624, 24.322], [92.624, 24.323], [92.623, 24.323], [92.622, 24.323], [92.622, 24.324], [92.622, 24.325], [92.622, 24.326], [92.623, 24.326], [92.622, 24.326], [92.622, 24.327], [92.623, 24.327], [92.624, 24.327], [92.624, 24.328], [92.623, 24.328], [92.622, 24.328], [92.622, 24.329], [92.623, 24.329], [92.622, 24.33], [92.622, 24.331], [92.623, 24.332], [92.624, 24.332], [92.624, 24.333], [92.625, 24.334], [92.628, 24.334], [92.63, 24.334], [92.631, 24.334], [92.633, 24.335], [92.634, 24.336], [92.635, 24.337], [92.636, 24.337], [92.637, 24.335], [92.638, 24.335], [92.639, 24.334], [92.638, 24.334], [92.637, 24.334], [92.636, 24.334], [92.635, 24.334], [92.635, 24.333], [92.636, 24.332], [92.636, 24.331], [92.637, 24.331], [92.638, 24.332], [92.638, 24.333], [92.639, 24.333], [92.639, 24.334], [92.64, 24.334], [92.64, 24.333], [92.64, 24.332], [92.64, 24.331], [92.639, 24.33], [92.639, 24.329], [92.639, 24.328], [92.64, 24.329], [92.641, 24.329], [92.641, 24.328], [92.642, 24.328], [92.643, 24.328], [92.644, 24.328], [92.645, 24.328], [92.646, 24.328], [92.646, 24.329], [92.646, 24.33], [92.646, 24.331], [92.647, 24.331], [92.647, 24.33], [92.648, 24.329], [92.649, 24.329], [92.65, 24.329], [92.65, 24.33], [92.65, 24.331], [92.65, 24.332], [92.651, 24.332], [92.651, 24.331], [92.652, 24.331], [92.652, 24.332], [92.651, 24.332], [92.651, 24.333], [92.651, 24.334], [92.651, 24.335], [92.652, 24.335], [92.652, 24.336], [92.652, 24.337], [92.653, 24.337], [92.654, 24.337], [92.655, 24.338], [92.655, 24.339], [92.656, 24.339], [92.657, 24.34], [92.658, 24.341], [92.658, 24.342], [92.659, 24.342], [92.659, 24.343], [92.658, 24.344], [92.658, 24.345], [92.659, 24.345], [92.66, 24.344], [92.661, 24.344], [92.66, 24.345], [92.661, 24.347], [92.661, 24.348], [92.662, 24.348], [92.663, 24.348], [92.663, 24.349], [92.663, 24.348], [92.664, 24.347], [92.664, 24.346], [92.664, 24.347], [92.665, 24.347], [92.665, 24.348], [92.665, 24.349], [92.665, 24.35], [92.666, 24.35], [92.666, 24.349], [92.666, 24.348], [92.666, 24.347], [92.666, 24.346], [92.667, 24.346], [92.667, 24.347], [92.668, 24.347], [92.668, 24.346], [92.669, 24.346], [92.669, 24.347], [92.67, 24.347], [92.67, 24.348], [92.671, 24.347], [92.672, 24.347], [92.672, 24.348], [92.672, 24.349], [92.673, 24.349], [92.673, 24.35], [92.674, 24.35], [92.675, 24.35], [92.676, 24.35], [92.677, 24.35], [92.678, 24.349], [92.679, 24.348], [92.68, 24.348], [92.681, 24.348], [92.682, 24.348], [92.683, 24.347], [92.684, 24.347], [92.684, 24.346], [92.685, 24.346], [92.685, 24.347], [92.685, 24.348], [92.684, 24.349], [92.684, 24.35], [92.684, 24.351], [92.685, 24.351], [92.686, 24.351], [92.688, 24.352], [92.689, 24.353], [92.69, 24.354], [92.689, 24.355], [92.69, 24.356], [92.691, 24.357], [92.692, 24.358], [92.691, 24.358], [92.691, 24.359], [92.691, 24.361], [92.691, 24.362], [92.691, 24.363], [92.692, 24.363], [92.693, 24.364], [92.694, 24.364], [92.694, 24.365], [92.693, 24.365], [92.694, 24.365], [92.695, 24.365], [92.695, 24.366], [92.694, 24.366], [92.694, 24.367], [92.693, 24.367], [92.693, 24.368], [92.693, 24.369], [92.695, 24.369], [92.696, 24.37], [92.696, 24.371], [92.697, 24.371], [92.697, 24.372], [92.697, 24.373], [92.697, 24.374], [92.698, 24.374], [92.699, 24.374], [92.7, 24.374], [92.7, 24.375], [92.701, 24.375], [92.701, 24.374], [92.702, 24.374], [92.703, 24.375], [92.704, 24.375], [92.704, 24.376], [92.704, 24.377], [92.704, 24.378], [92.705, 24.378], [92.704, 24.379], [92.703, 24.38], [92.703, 24.381], [92.704, 24.382], [92.704, 24.383], [92.704, 24.384], [92.704, 24.385], [92.705, 24.385], [92.705, 24.384], [92.706, 24.384], [92.706, 24.385], [92.707, 24.386], [92.707, 24.387], [92.707, 24.388], [92.707, 24.389], [92.707, 24.39], [92.706, 24.391], [92.706, 24.392], [92.707, 24.392], [92.707, 24.393], [92.708, 24.393], [92.709, 24.393], [92.709, 24.394], [92.709, 24.395], [92.71, 24.395], [92.71, 24.396], [92.709, 24.397], [92.709, 24.398], [92.71, 24.398], [92.711, 24.399], [92.711, 24.4], [92.711, 24.401], [92.712, 24.401], [92.712, 24.402], [92.713, 24.403], [92.713, 24.404], [92.712, 24.405], [92.712, 24.406], [92.711, 24.407], [92.712, 24.408], [92.713, 24.408], [92.714, 24.408], [92.714, 24.409], [92.715, 24.409], [92.715, 24.41], [92.714, 24.41], [92.714, 24.411], [92.713, 24.411], [92.714, 24.413], [92.715, 24.413], [92.715, 24.414], [92.715, 24.415], [92.716, 24.415], [92.717, 24.415], [92.717, 24.416], [92.717, 24.417], [92.717, 24.418], [92.718, 24.418], [92.718, 24.419], [92.718, 24.42], [92.718, 24.421], [92.719, 24.421], [92.719, 24.422], [92.72, 24.422], [92.72, 24.423], [92.721, 24.424], [92.722, 24.425], [92.722, 24.426], [92.721, 24.426], [92.721, 24.427], [92.722, 24.427], [92.722, 24.428], [92.723, 24.428], [92.723, 24.429], [92.722, 24.43], [92.722, 24.431], [92.722, 24.432], [92.723, 24.434], [92.723, 24.435], [92.724, 24.436], [92.724, 24.437], [92.725, 24.437], [92.726, 24.437], [92.726, 24.438], [92.726, 24.439], [92.726, 24.44], [92.727, 24.441], [92.727, 24.442], [92.727, 24.443], [92.727, 24.444], [92.727, 24.445], [92.727, 24.446], [92.728, 24.447], [92.729, 24.448], [92.73, 24.448], [92.731, 24.449], [92.731, 24.45], [92.732, 24.452], [92.734, 24.455], [92.734, 24.456], [92.736, 24.459], [92.736, 24.461], [92.737, 24.463], [92.738, 24.464], [92.739, 24.465], [92.739, 24.466], [92.739, 24.467], [92.74, 24.468], [92.741, 24.469], [92.74, 24.47], [92.741, 24.471], [92.741, 24.472], [92.741, 24.473], [92.742, 24.475], [92.743, 24.476], [92.744, 24.477], [92.744, 24.478], [92.745, 24.48], [92.745, 24.481], [92.746, 24.484], [92.746, 24.485], [92.747, 24.487], [92.748, 24.488], [92.749, 24.489], [92.749, 24.49], [92.75, 24.491], [92.75, 24.492], [92.751, 24.492], [92.751, 24.493], [92.751, 24.494], [92.75, 24.494], [92.749, 24.495], [92.75, 24.495], [92.75, 24.496], [92.751, 24.497], [92.751, 24.498], [92.752, 24.499], [92.753, 24.499], [92.753, 24.5], [92.753, 24.501], [92.754, 24.501], [92.754, 24.502], [92.754, 24.503], [92.753, 24.503], [92.752, 24.504], [92.752, 24.505], [92.752, 24.506], [92.752, 24.507], [92.753, 24.507], [92.754, 24.507], [92.754, 24.508], [92.754, 24.509], [92.755, 24.509], [92.756, 24.509], [92.756, 24.51], [92.756, 24.511], [92.757, 24.511], [92.758, 24.511], [92.758, 24.512], [92.758, 24.513], [92.759, 24.513], [92.759, 24.514], [92.759, 24.515], [92.76, 24.515], [92.76, 24.516], [92.761, 24.516], [92.761, 24.517], [92.761, 24.518], [92.761, 24.519], [92.762, 24.519], [92.762, 24.52], [92.763, 24.52], [92.763, 24.521], [92.764, 24.521], [92.764, 24.52], [92.765, 24.517], [92.767, 24.513], [92.768, 24.509], [92.769, 24.505], [92.771, 24.501], [92.772, 24.501], [92.772, 24.5], [92.773, 24.498], [92.773, 24.497], [92.774, 24.495], [92.775, 24.492], [92.776, 24.489], [92.776, 24.488], [92.778, 24.485], [92.779, 24.481], [92.78, 24.479], [92.78, 24.477], [92.782, 24.474], [92.783, 24.471], [92.784, 24.468], [92.785, 24.465], [92.786, 24.461], [92.788, 24.457], [92.789, 24.453], [92.791, 24.449], [92.792, 24.446], [92.793, 24.442], [92.795, 24.438], [92.796, 24.435], [92.797, 24.433], [92.797, 24.432], [92.798, 24.432], [92.799, 24.432], [92.799, 24.431], [92.8, 24.431], [92.8, 24.43], [92.801, 24.43], [92.801, 24.429], [92.801, 24.428], [92.802, 24.428], [92.802, 24.427], [92.801, 24.426], [92.801, 24.425], [92.802, 24.425], [92.803, 24.425], [92.803, 24.424], [92.802, 24.424], [92.802, 24.423], [92.802, 24.422], [92.802, 24.421], [92.802, 24.42], [92.801, 24.42], [92.8, 24.42], [92.799, 24.42], [92.799, 24.419], [92.8, 24.419], [92.801, 24.419], [92.802, 24.418], [92.803, 24.418], [92.804, 24.418], [92.805, 24.418], [92.805, 24.419], [92.806, 24.419], [92.807, 24.419], [92.807, 24.418], [92.808, 24.418], [92.808, 24.417], [92.808, 24.416], [92.809, 24.416], [92.809, 24.415], [92.808, 24.415], [92.808, 24.414], [92.809, 24.413], [92.809, 24.412], [92.809, 24.413], [92.81, 24.413], [92.811, 24.413], [92.812, 24.413], [92.811, 24.413], [92.811, 24.412], [92.81, 24.412], [92.81, 24.411], [92.811, 24.411], [92.812, 24.411], [92.812, 24.412], [92.812, 24.411], [92.812, 24.41], [92.812, 24.409], [92.813, 24.409], [92.814, 24.409], [92.815, 24.409], [92.816, 24.409], [92.817, 24.409], [92.818, 24.41], [92.819, 24.41], [92.819, 24.409], [92.818, 24.409], [92.818, 24.408], [92.819, 24.408], [92.819, 24.407], [92.819, 24.406], [92.819, 24.405], [92.82, 24.405], [92.82, 24.404], [92.82, 24.403], [92.821, 24.403], [92.822, 24.403], [92.823, 24.403], [92.823, 24.402], [92.824, 24.402], [92.825, 24.402], [92.826, 24.402], [92.827, 24.402], [92.828, 24.402], [92.829, 24.402], [92.829, 24.401], [92.83, 24.401], [92.83, 24.4], [92.83, 24.399], [92.829, 24.398], [92.829, 24.397], [92.829, 24.396], [92.828, 24.395], [92.827, 24.394], [92.827, 24.393], [92.826, 24.393], [92.825, 24.392], [92.825, 24.391], [92.824, 24.391], [92.824, 24.39], [92.824, 24.389], [92.824, 24.388], [92.824, 24.387], [92.823, 24.387], [92.823, 24.386], [92.824, 24.386], [92.824, 24.385], [92.825, 24.385], [92.825, 24.384], [92.825, 24.383], [92.826, 24.382], [92.826, 24.381], [92.827, 24.381], [92.827, 24.38], [92.827, 24.379], [92.826, 24.379], [92.826, 24.378], [92.826, 24.377], [92.826, 24.376], [92.827, 24.376], [92.828, 24.376], [92.828, 24.375], [92.829, 24.375], [92.829, 24.374], [92.83, 24.374], [92.831, 24.374], [92.832, 24.375], [92.833, 24.375], [92.833, 24.376], [92.834, 24.376], [92.834, 24.377], [92.835, 24.377], [92.835, 24.378], [92.836, 24.378], [92.837, 24.378], [92.838, 24.378], [92.839, 24.377], [92.84, 24.377], [92.841, 24.377], [92.842, 24.377], [92.843, 24.378], [92.844, 24.378], [92.844, 24.379], [92.845, 24.379], [92.845, 24.38], [92.845, 24.381], [92.846, 24.382], [92.846, 24.383], [92.846, 24.384], [92.846, 24.385], [92.846, 24.386], [92.847, 24.386], [92.848, 24.386], [92.848, 24.387], [92.849, 24.389], [92.85, 24.39], [92.851, 24.391], [92.852, 24.392], [92.855, 24.393], [92.856, 24.394], [92.858, 24.395], [92.859, 24.397], [92.86, 24.398], [92.861, 24.398], [92.862, 24.399], [92.863, 24.398], [92.865, 24.397], [92.866, 24.396], [92.868, 24.395], [92.869, 24.395], [92.87, 24.395], [92.871, 24.396], [92.871, 24.395], [92.872, 24.395], [92.873, 24.395], [92.874, 24.395], [92.875, 24.396], [92.877, 24.398], [92.879, 24.399], [92.881, 24.4], [92.881, 24.401], [92.882, 24.401], [92.883, 24.402], [92.884, 24.402], [92.885, 24.401], [92.886, 24.401], [92.887, 24.4], [92.888, 24.399], [92.888, 24.398], [92.889, 24.398], [92.889, 24.399], [92.889, 24.4], [92.89, 24.4], [92.891, 24.4], [92.891, 24.401], [92.891, 24.4], [92.892, 24.4], [92.891, 24.399], [92.891, 24.398], [92.892, 24.398], [92.893, 24.397], [92.892, 24.397], [92.892, 24.396], [92.892, 24.395], [92.892, 24.394], [92.893, 24.393], [92.894, 24.393], [92.895, 24.392], [92.896, 24.392], [92.896, 24.391], [92.896, 24.39], [92.896, 24.389], [92.896, 24.388], [92.896, 24.387], [92.896, 24.386], [92.895, 24.385], [92.894, 24.385], [92.893, 24.384], [92.893, 24.385], [92.892, 24.385], [92.892, 24.386], [92.891, 24.386], [92.891, 24.387], [92.891, 24.388], [92.891, 24.39], [92.89, 24.39], [92.89, 24.389], [92.889, 24.388], [92.89, 24.387], [92.89, 24.386], [92.89, 24.385], [92.89, 24.384], [92.889, 24.384], [92.888, 24.384], [92.887, 24.383], [92.886, 24.383], [92.886, 24.382], [92.886, 24.381], [92.885, 24.38], [92.885, 24.379], [92.886, 24.378], [92.887, 24.378], [92.888, 24.378], [92.889, 24.378], [92.89, 24.378], [92.891, 24.378], [92.892, 24.378], [92.893, 24.378], [92.894, 24.378], [92.895, 24.377], [92.895, 24.376], [92.895, 24.375], [92.895, 24.374], [92.895, 24.373], [92.894, 24.373], [92.894, 24.372], [92.894, 24.371], [92.894, 24.37], [92.894, 24.369], [92.893, 24.368], [92.893, 24.367], [92.892, 24.367], [92.891, 24.367], [92.89, 24.367], [92.889, 24.368], [92.888, 24.368], [92.887, 24.368], [92.886, 24.368], [92.886, 24.367], [92.887, 24.367], [92.887, 24.366], [92.888, 24.366], [92.888, 24.365], [92.888, 24.364], [92.889, 24.364], [92.889, 24.363], [92.888, 24.363], [92.887, 24.363], [92.886, 24.363], [92.885, 24.363], [92.885, 24.362], [92.885, 24.361], [92.886, 24.36], [92.886, 24.359], [92.887, 24.358], [92.889, 24.356], [92.89, 24.355], [92.891, 24.355], [92.892, 24.355], [92.893, 24.355], [92.892, 24.354], [92.891, 24.353], [92.889, 24.352], [92.888, 24.352], [92.887, 24.351], [92.886, 24.35], [92.885, 24.349], [92.885, 24.348], [92.885, 24.347], [92.884, 24.346], [92.884, 24.345], [92.884, 24.344], [92.883, 24.343], [92.883, 24.342], [92.882, 24.341], [92.881, 24.34], [92.881, 24.339], [92.881, 24.338], [92.88, 24.338], [92.88, 24.337], [92.879, 24.337], [92.878, 24.336], [92.878, 24.335], [92.877, 24.334], [92.877, 24.333], [92.876, 24.333], [92.875, 24.333], [92.874, 24.333], [92.874, 24.332], [92.873, 24.331], [92.873, 24.33], [92.872, 24.329], [92.872, 24.328], [92.871, 24.328], [92.87, 24.328], [92.869, 24.328], [92.868, 24.328], [92.868, 24.329], [92.867, 24.329], [92.866, 24.329], [92.866, 24.327], [92.866, 24.326], [92.866, 24.325], [92.865, 24.325], [92.864, 24.325], [92.864, 24.326], [92.864, 24.327], [92.863, 24.327], [92.862, 24.327], [92.861, 24.326], [92.861, 24.325], [92.86, 24.325], [92.861, 24.324], [92.863, 24.323], [92.864, 24.322], [92.865, 24.321], [92.865, 24.32], [92.866, 24.32], [92.866, 24.319], [92.867, 24.319], [92.868, 24.32], [92.869, 24.32], [92.87, 24.32], [92.87, 24.319], [92.87, 24.318], [92.87, 24.317], [92.869, 24.317], [92.869, 24.316], [92.868, 24.315], [92.867, 24.315], [92.866, 24.315], [92.865, 24.315], [92.863, 24.315], [92.862, 24.315], [92.862, 24.314], [92.861, 24.314], [92.86, 24.313], [92.859, 24.313], [92.859, 24.312], [92.858, 24.312], [92.858, 24.311], [92.857, 24.311], [92.857, 24.31], [92.857, 24.309], [92.857, 24.308], [92.857, 24.307], [92.857, 24.306], [92.856, 24.305], [92.855, 24.306], [92.854, 24.306], [92.854, 24.308], [92.853, 24.309], [92.853, 24.31], [92.854, 24.311], [92.854, 24.312], [92.855, 24.312], [92.855, 24.313], [92.856, 24.313], [92.857, 24.314], [92.856, 24.315], [92.855, 24.316], [92.854, 24.316], [92.853, 24.316], [92.853, 24.315], [92.853, 24.316], [92.852, 24.316], [92.851, 24.316], [92.85, 24.317], [92.85, 24.316], [92.849, 24.316]]]}, "properties": {"OBJECTID": 5902, "stcode11": "15", "dtcode11": "282", "sdtcode11": "01900", "stname": "MIZORAM", "dtname": "Kolasib", "sdtname": "Bilkhawthlir", "subdt_lgd": 1900, "dist_lgd": 263, "state_lgd": 15, "shape_Length": 206496.37784801098, "shape_Area": 639237180.8372672, "st_area_sh": 0, "st_length_": 0, "remarks": "", "ac_no": null, "test": 5907}}, {"type": "Feature", "geometry": {"type": "Polygon", "coordinates": [[[92.652, 23.9], [92.652, 23.899], [92.651, 23.899], [92.651, 23.898], [92.651, 23.897], [92.651, 23.896], [92.651, 23.895], [92.651, 23.894], [92.65, 23.893], [92.65, 23.892], [92.65, 23.891], [92.651, 23.891], [92.652, 23.89], [92.652, 23.889], [92.653, 23.889], [92.653, 23.888], [92.654, 23.887], [92.655, 23.886], [92.656, 23.885], [92.657, 23.885], [92.657, 23.884], [92.658, 23.884], [92.659, 23.884], [92.659, 23.883], [92.66, 23.883], [92.661, 23.883], [92.661, 23.882], [92.662, 23.882], [92.662, 23.881], [92.662, 23.88], [92.663, 23.879], [92.663, 23.878], [92.663, 23.876], [92.663, 23.875], [92.663, 23.874], [92.663, 23.873], [92.663, 23.872], [92.663, 23.871], [92.663, 23.87], [92.663, 23.869], [92.662, 23.869], [92.662, 23.868], [92.663, 23.868], [92.664, 23.868], [92.665, 23.868], [92.665, 23.867], [92.666, 23.867], [92.667, 23.867], [92.667, 23.868], [92.668, 23.868], [92.668, 23.867], [92.669, 23.867], [92.669, 23.866], [92.67, 23.866], [92.67, 23.865], [92.671, 23.865], [92.671, 23.866], [92.672, 23.866], [92.672, 23.867], [92.673, 23.867], [92.674, 23.867], [92.675, 23.867], [92.676, 23.867], [92.677, 23.867], [92.678, 23.867], [92.679, 23.867], [92.68, 23.867], [92.681, 23.867], [92.681, 23.866], [92.682, 23.865], [92.683, 23.865], [92.683, 23.864], [92.684, 23.864], [92.685, 23.863], [92.686, 23.861], [92.686, 23.86], [92.687, 23.86], [92.688, 23.859], [92.689, 23.859], [92.69, 23.859], [92.691, 23.859], [92.692, 23.858], [92.693, 23.859], [92.693, 23.858], [92.694, 23.858], [92.694, 23.857], [92.695, 23.857], [92.696, 23.857], [92.696, 23.856], [92.695, 23.856], [92.696, 23.856], [92.697, 23.856], [92.698, 23.856], [92.699, 23.856], [92.698, 23.856], [92.698, 23.857], [92.698, 23.858], [92.699, 23.858], [92.7, 23.857], [92.701, 23.857], [92.701, 23.858], [92.702, 23.858], [92.703, 23.858], [92.704, 23.858], [92.704, 23.859], [92.705, 23.859], [92.705, 23.86], [92.706, 23.86], [92.707, 23.86], [92.707, 23.861], [92.708, 23.861], [92.708, 23.862], [92.709, 23.862], [92.709, 23.861], [92.71, 23.861], [92.711, 23.861], [92.712, 23.86], [92.712, 23.859], [92.712, 23.858], [92.713, 23.858], [92.714, 23.858], [92.715, 23.858], [92.716, 23.857], [92.718, 23.856], [92.719, 23.855], [92.72, 23.855], [92.721, 23.855], [92.722, 23.855], [92.723, 23.855], [92.724, 23.854], [92.724, 23.853], [92.725, 23.852], [92.726, 23.851], [92.727, 23.852], [92.728, 23.852], [92.729, 23.852], [92.731, 23.851], [92.732, 23.851], [92.733, 23.85], [92.734, 23.85], [92.735, 23.849], [92.736, 23.849], [92.737, 23.849], [92.738, 23.85], [92.739, 23.85], [92.74, 23.85], [92.741, 23.85], [92.742, 23.85], [92.744, 23.85], [92.744, 23.849], [92.745, 23.849], [92.746, 23.848], [92.747, 23.847], [92.748, 23.847], [92.748, 23.846], [92.749, 23.846], [92.75, 23.846], [92.751, 23.846], [92.751, 23.847], [92.752, 23.847], [92.753, 23.846], [92.754, 23.846], [92.754, 23.847], [92.755, 23.847], [92.756, 23.847], [92.757, 23.847], [92.758, 23.847], [92.759, 23.847], [92.759, 23.848], [92.76, 23.848], [92.761, 23.848], [92.762, 23.848], [92.763, 23.849], [92.764, 23.849], [92.765, 23.849], [92.766, 23.849], [92.767, 23.849], [92.767, 23.85], [92.768, 23.85], [92.769, 23.85], [92.77, 23.85], [92.771, 23.851], [92.772, 23.851], [92.773, 23.852], [92.774, 23.852], [92.775, 23.852], [92.776, 23.852], [92.777, 23.852], [92.778, 23.852], [92.779, 23.852], [92.78, 23.852], [92.78, 23.851], [92.781, 23.851], [92.782, 23.85], [92.783, 23.85], [92.784, 23.85], [92.785, 23.85], [92.786, 23.85], [92.787, 23.85], [92.787, 23.851], [92.788, 23.851], [92.789, 23.85], [92.79, 23.85], [92.79, 23.851], [92.79, 23.85], [92.791, 23.85], [92.792, 23.85], [92.792, 23.849], [92.792, 23.848], [92.793, 23.848], [92.794, 23.848], [92.795, 23.848], [92.796, 23.848], [92.797, 23.848], [92.798, 23.848], [92.798, 23.849], [92.798, 23.85], [92.799, 23.85], [92.799, 23.851], [92.798, 23.851], [92.799, 23.852], [92.8, 23.852], [92.8, 23.853], [92.801, 23.853], [92.801, 23.854], [92.801, 23.855], [92.801, 23.856], [92.801, 23.857], [92.802, 23.857], [92.801, 23.858], [92.8, 23.858], [92.801, 23.858], [92.801, 23.859], [92.802, 23.859], [92.802, 23.86], [92.801, 23.86], [92.801, 23.861], [92.802, 23.861], [92.802, 23.862], [92.801, 23.862], [92.801, 23.863], [92.802, 23.863], [92.802, 23.864], [92.801, 23.865], [92.801, 23.866], [92.801, 23.867], [92.802, 23.868], [92.802, 23.869], [92.802, 23.87], [92.803, 23.87], [92.803, 23.871], [92.802, 23.872], [92.803, 23.873], [92.803, 23.874], [92.803, 23.875], [92.803, 23.876], [92.804, 23.876], [92.804, 23.877], [92.804, 23.878], [92.805, 23.878], [92.805, 23.879], [92.805, 23.88], [92.805, 23.881], [92.805, 23.882], [92.805, 23.883], [92.805, 23.884], [92.806, 23.884], [92.806, 23.885], [92.806, 23.886], [92.806, 23.887], [92.807, 23.887], [92.807, 23.886], [92.808, 23.886], [92.808, 23.887], [92.809, 23.886], [92.81, 23.886], [92.81, 23.887], [92.811, 23.887], [92.81, 23.888], [92.81, 23.889], [92.81, 23.89], [92.809, 23.89], [92.81, 23.891], [92.81, 23.892], [92.809, 23.892], [92.81, 23.892], [92.81, 23.893], [92.81, 23.894], [92.811, 23.894], [92.812, 23.894], [92.813, 23.893], [92.813, 23.892], [92.814, 23.892], [92.815, 23.892], [92.815, 23.893], [92.816, 23.893], [92.817, 23.893], [92.818, 23.893], [92.819, 23.893], [92.82, 23.893], [92.821, 23.893], [92.822, 23.893], [92.823, 23.893], [92.824, 23.893], [92.825, 23.892], [92.826, 23.892], [92.826, 23.891], [92.827, 23.891], [92.827, 23.89], [92.828, 23.89], [92.829, 23.89], [92.83, 23.89], [92.83, 23.889], [92.831, 23.889], [92.832, 23.889], [92.833, 23.889], [92.833, 23.888], [92.834, 23.887], [92.834, 23.886], [92.834, 23.885], [92.834, 23.884], [92.834, 23.883], [92.834, 23.882], [92.834, 23.881], [92.833, 23.88], [92.833, 23.879], [92.833, 23.878], [92.833, 23.877], [92.833, 23.876], [92.833, 23.875], [92.832, 23.875], [92.832, 23.874], [92.832, 23.873], [92.833, 23.873], [92.833, 23.872], [92.833, 23.871], [92.832, 23.871], [92.832, 23.87], [92.831, 23.869], [92.831, 23.868], [92.832, 23.868], [92.832, 23.867], [92.832, 23.866], [92.832, 23.865], [92.832, 23.864], [92.832, 23.863], [92.832, 23.862], [92.832, 23.861], [92.832, 23.86], [92.832, 23.859], [92.832, 23.858], [92.832, 23.857], [92.832, 23.856], [92.832, 23.855], [92.832, 23.854], [92.832, 23.853], [92.831, 23.853], [92.831, 23.852], [92.83, 23.852], [92.83, 23.851], [92.829, 23.851], [92.828, 23.851], [92.828, 23.85], [92.827, 23.849], [92.827, 23.848], [92.826, 23.847], [92.826, 23.846], [92.825, 23.845], [92.825, 23.844], [92.824, 23.843], [92.823, 23.843], [92.823, 23.842], [92.822, 23.842], [92.821, 23.841], [92.82, 23.841], [92.82, 23.84], [92.819, 23.84], [92.818, 23.84], [92.817, 23.84], [92.817, 23.839], [92.816, 23.839], [92.815, 23.838], [92.814, 23.838], [92.813, 23.838], [92.812, 23.838], [92.812, 23.837], [92.811, 23.837], [92.81, 23.837], [92.81, 23.836], [92.81, 23.835], [92.81, 23.834], [92.81, 23.833], [92.81, 23.832], [92.809, 23.832], [92.809, 23.831], [92.808, 23.831], [92.808, 23.83], [92.808, 23.829], [92.809, 23.829], [92.809, 23.828], [92.808, 23.828], [92.808, 23.827], [92.808, 23.826], [92.809, 23.826], [92.809, 23.825], [92.81, 23.825], [92.81, 23.824], [92.81, 23.823], [92.81, 23.822], [92.81, 23.821], [92.81, 23.82], [92.81, 23.819], [92.809, 23.819], [92.809, 23.818], [92.808, 23.818], [92.808, 23.817], [92.808, 23.816], [92.807, 23.816], [92.807, 23.815], [92.806, 23.815], [92.805, 23.815], [92.805, 23.814], [92.804, 23.814], [92.805, 23.814], [92.805, 23.813], [92.806, 23.812], [92.806, 23.811], [92.806, 23.81], [92.807, 23.81], [92.807, 23.809], [92.807, 23.808], [92.806, 23.808], [92.806, 23.807], [92.806, 23.806], [92.806, 23.805], [92.805, 23.805], [92.805, 23.804], [92.805, 23.803], [92.804, 23.803], [92.803, 23.802], [92.802, 23.802], [92.802, 23.801], [92.801, 23.801], [92.801, 23.8], [92.8, 23.8], [92.8, 23.799], [92.8, 23.798], [92.801, 23.798], [92.802, 23.798], [92.802, 23.799], [92.803, 23.799], [92.803, 23.798], [92.804, 23.798], [92.804, 23.797], [92.804, 23.796], [92.804, 23.795], [92.804, 23.794], [92.803, 23.794], [92.802, 23.793], [92.801, 23.793], [92.801, 23.792], [92.801, 23.791], [92.8, 23.791], [92.8, 23.79], [92.8, 23.789], [92.801, 23.789], [92.801, 23.788], [92.802, 23.788], [92.802, 23.789], [92.803, 23.789], [92.803, 23.79], [92.804, 23.79], [92.805, 23.791], [92.806, 23.791], [92.807, 23.792], [92.808, 23.792], [92.809, 23.792], [92.81, 23.791], [92.81, 23.79], [92.81, 23.789], [92.81, 23.788], [92.81, 23.787], [92.81, 23.786], [92.811, 23.786], [92.811, 23.785], [92.812, 23.785], [92.812, 23.784], [92.812, 23.783], [92.813, 23.783], [92.813, 23.782], [92.813, 23.781], [92.813, 23.78], [92.813, 23.779], [92.813, 23.778], [92.813, 23.777], [92.813, 23.776], [92.813, 23.775], [92.812, 23.775], [92.812, 23.774], [92.811, 23.774], [92.811, 23.773], [92.81, 23.773], [92.81, 23.772], [92.81, 23.771], [92.81, 23.77], [92.81, 23.769], [92.81, 23.768], [92.81, 23.767], [92.809, 23.767], [92.809, 23.766], [92.809, 23.765], [92.809, 23.764], [92.809, 23.763], [92.809, 23.762], [92.809, 23.761], [92.809, 23.76], [92.808, 23.76], [92.808, 23.759], [92.808, 23.758], [92.808, 23.757], [92.808, 23.756], [92.808, 23.755], [92.808, 23.754], [92.808, 23.753], [92.808, 23.752], [92.808, 23.751], [92.808, 23.75], [92.807, 23.749], [92.807, 23.748], [92.807, 23.747], [92.807, 23.746], [92.807, 23.745], [92.807, 23.744], [92.807, 23.743], [92.806, 23.742], [92.806, 23.741], [92.806, 23.74], [92.806, 23.739], [92.806, 23.738], [92.805, 23.737], [92.805, 23.736], [92.805, 23.735], [92.805, 23.734], [92.804, 23.733], [92.803, 23.732], [92.803, 23.731], [92.803, 23.73], [92.802, 23.729], [92.802, 23.728], [92.802, 23.727], [92.802, 23.726], [92.801, 23.726], [92.8, 23.726], [92.8, 23.725], [92.801, 23.724], [92.801, 23.723], [92.801, 23.722], [92.8, 23.721], [92.8, 23.72], [92.8, 23.719], [92.8, 23.718], [92.8, 23.717], [92.8, 23.716], [92.799, 23.716], [92.799, 23.715], [92.799, 23.714], [92.798, 23.714], [92.798, 23.713], [92.797, 23.713], [92.797, 23.712], [92.797, 23.711], [92.797, 23.71], [92.796, 23.708], [92.796, 23.707], [92.795, 23.706], [92.794, 23.706], [92.793, 23.706], [92.792, 23.705], [92.791, 23.704], [92.791, 23.703], [92.791, 23.702], [92.791, 23.701], [92.791, 23.7], [92.791, 23.699], [92.79, 23.698], [92.79, 23.697], [92.79, 23.696], [92.79, 23.695], [92.79, 23.694], [92.79, 23.693], [92.79, 23.692], [92.79, 23.691], [92.79, 23.69], [92.79, 23.689], [92.791, 23.689], [92.791, 23.688], [92.791, 23.687], [92.791, 23.686], [92.791, 23.685], [92.792, 23.685], [92.792, 23.684], [92.792, 23.683], [92.791, 23.682], [92.791, 23.681], [92.792, 23.681], [92.792, 23.68], [92.793, 23.68], [92.793, 23.679], [92.794, 23.679], [92.793, 23.678], [92.793, 23.677], [92.794, 23.677], [92.794, 23.676], [92.795, 23.677], [92.796, 23.677], [92.796, 23.676], [92.796, 23.675], [92.795, 23.674], [92.795, 23.673], [92.795, 23.672], [92.795, 23.671], [92.794, 23.67], [92.794, 23.669], [92.794, 23.668], [92.795, 23.668], [92.795, 23.667], [92.794, 23.667], [92.794, 23.666], [92.794, 23.665], [92.793, 23.665], [92.793, 23.664], [92.793, 23.663], [92.793, 23.662], [92.793, 23.661], [92.793, 23.66], [92.793, 23.659], [92.792, 23.658], [92.792, 23.657], [92.792, 23.656], [92.791, 23.656], [92.791, 23.655], [92.791, 23.654], [92.791, 23.653], [92.79, 23.652], [92.79, 23.651], [92.79, 23.65], [92.791, 23.649], [92.792, 23.649], [92.792, 23.648], [92.791, 23.648], [92.791, 23.647], [92.791, 23.646], [92.792, 23.645], [92.792, 23.644], [92.779, 23.657], [92.773, 23.654], [92.754, 23.656], [92.742, 23.664], [92.727, 23.667], [92.717, 23.66], [92.707, 23.649], [92.699, 23.642], [92.689, 23.631], [92.678, 23.626], [92.677, 23.626], [92.672, 23.624], [92.671, 23.625], [92.67, 23.625], [92.669, 23.626], [92.668, 23.626], [92.667, 23.626], [92.666, 23.627], [92.665, 23.627], [92.663, 23.627], [92.663, 23.628], [92.662, 23.628], [92.661, 23.628], [92.66, 23.628], [92.659, 23.629], [92.658, 23.629], [92.656, 23.629], [92.655, 23.629], [92.654, 23.629], [92.652, 23.63], [92.651, 23.63], [92.651, 23.631], [92.651, 23.632], [92.651, 23.633], [92.651, 23.634], [92.651, 23.635], [92.651, 23.636], [92.651, 23.637], [92.651, 23.638], [92.65, 23.638], [92.649, 23.638], [92.648, 23.639], [92.647, 23.639], [92.646, 23.64], [92.645, 23.641], [92.644, 23.641], [92.643, 23.641], [92.643, 23.642], [92.642, 23.643], [92.641, 23.643], [92.641, 23.644], [92.64, 23.645], [92.639, 23.646], [92.638, 23.647], [92.637, 23.648], [92.636, 23.649], [92.636, 23.65], [92.636, 23.651], [92.636, 23.652], [92.636, 23.653], [92.636, 23.654], [92.635, 23.655], [92.635, 23.656], [92.635, 23.657], [92.635, 23.658], [92.635, 23.659], [92.635, 23.66], [92.636, 23.66], [92.637, 23.66], [92.637, 23.661], [92.638, 23.661], [92.639, 23.662], [92.64, 23.662], [92.64, 23.663], [92.641, 23.663], [92.642, 23.663], [92.642, 23.664], [92.643, 23.664], [92.643, 23.665], [92.644, 23.666], [92.644, 23.667], [92.645, 23.667], [92.645, 23.668], [92.646, 23.669], [92.646, 23.67], [92.646, 23.671], [92.647, 23.671], [92.647, 23.672], [92.648, 23.672], [92.648, 23.673], [92.648, 23.674], [92.649, 23.675], [92.649, 23.676], [92.649, 23.677], [92.65, 23.678], [92.65, 23.679], [92.651, 23.679], [92.651, 23.68], [92.652, 23.681], [92.653, 23.682], [92.654, 23.683], [92.655, 23.684], [92.655, 23.685], [92.655, 23.686], [92.656, 23.686], [92.656, 23.687], [92.656, 23.688], [92.656, 23.689], [92.657, 23.689], [92.657, 23.69], [92.657, 23.691], [92.658, 23.692], [92.659, 23.693], [92.66, 23.694], [92.66, 23.695], [92.661, 23.696], [92.662, 23.697], [92.662, 23.698], [92.663, 23.698], [92.663, 23.699], [92.664, 23.7], [92.664, 23.701], [92.665, 23.702], [92.665, 23.703], [92.666, 23.704], [92.666, 23.705], [92.666, 23.706], [92.667, 23.707], [92.667, 23.708], [92.666, 23.709], [92.666, 23.71], [92.666, 23.711], [92.665, 23.711], [92.665, 23.712], [92.664, 23.712], [92.663, 23.713], [92.663, 23.714], [92.662, 23.714], [92.661, 23.714], [92.66, 23.714], [92.658, 23.714], [92.657, 23.714], [92.656, 23.714], [92.654, 23.715], [92.653, 23.715], [92.652, 23.715], [92.651, 23.716], [92.65, 23.717], [92.649, 23.718], [92.648, 23.718], [92.648, 23.719], [92.648, 23.72], [92.647, 23.721], [92.647, 23.722], [92.647, 23.723], [92.646, 23.724], [92.646, 23.725], [92.645, 23.726], [92.644, 23.727], [92.643, 23.727], [92.643, 23.728], [92.643, 23.729], [92.643, 23.73], [92.643, 23.731], [92.643, 23.732], [92.643, 23.733], [92.642, 23.734], [92.641, 23.734], [92.64, 23.735], [92.64, 23.736], [92.639, 23.737], [92.639, 23.738], [92.638, 23.739], [92.638, 23.74], [92.637, 23.741], [92.637, 23.742], [92.637, 23.743], [92.637, 23.744], [92.637, 23.745], [92.637, 23.746], [92.637, 23.747], [92.637, 23.748], [92.637, 23.749], [92.636, 23.75], [92.636, 23.751], [92.636, 23.752], [92.635, 23.753], [92.635, 23.755], [92.635, 23.756], [92.635, 23.757], [92.635, 23.758], [92.634, 23.758], [92.634, 23.759], [92.633, 23.759], [92.632, 23.759], [92.631, 23.759], [92.63, 23.759], [92.63, 23.76], [92.629, 23.761], [92.628, 23.761], [92.627, 23.762], [92.626, 23.763], [92.626, 23.764], [92.627, 23.765], [92.628, 23.765], [92.629, 23.766], [92.631, 23.767], [92.632, 23.768], [92.633, 23.769], [92.634, 23.769], [92.635, 23.77], [92.636, 23.77], [92.636, 23.771], [92.637, 23.772], [92.638, 23.773], [92.638, 23.774], [92.638, 23.776], [92.638, 23.777], [92.639, 23.779], [92.639, 23.78], [92.639, 23.781], [92.64, 23.783], [92.64, 23.784], [92.64, 23.785], [92.64, 23.786], [92.64, 23.788], [92.64, 23.789], [92.64, 23.79], [92.64, 23.791], [92.64, 23.792], [92.64, 23.793], [92.64, 23.794], [92.639, 23.794], [92.639, 23.795], [92.638, 23.795], [92.637, 23.795], [92.636, 23.795], [92.635, 23.795], [92.634, 23.794], [92.633, 23.794], [92.631, 23.794], [92.63, 23.794], [92.628, 23.794], [92.627, 23.794], [92.626, 23.795], [92.625, 23.795], [92.624, 23.795], [92.623, 23.795], [92.622, 23.795], [92.62, 23.795], [92.619, 23.795], [92.617, 23.795], [92.616, 23.795], [92.616, 23.794], [92.615, 23.794], [92.615, 23.795], [92.614, 23.795], [92.613, 23.795], [92.612, 23.796], [92.611, 23.797], [92.61, 23.797], [92.609, 23.797], [92.607, 23.798], [92.606, 23.798], [92.604, 23.799], [92.604, 23.8], [92.604, 23.801], [92.605, 23.801], [92.605, 23.802], [92.605, 23.803], [92.604, 23.803], [92.603, 23.803], [92.603, 23.804], [92.604, 23.804], [92.605, 23.804], [92.605, 23.805], [92.604, 23.805], [92.604, 23.806], [92.603, 23.806], [92.602, 23.806], [92.601, 23.806], [92.6, 23.806], [92.6, 23.807], [92.599, 23.807], [92.599, 23.808], [92.6, 23.808], [92.6, 23.809], [92.601, 23.81], [92.602, 23.81], [92.602, 23.811], [92.603, 23.811], [92.603, 23.812], [92.603, 23.814], [92.604, 23.815], [92.604, 23.816], [92.603, 23.816], [92.602, 23.816], [92.602, 23.817], [92.602, 23.818], [92.603, 23.818], [92.603, 23.819], [92.603, 23.82], [92.602, 23.821], [92.602, 23.822], [92.602, 23.823], [92.603, 23.823], [92.603, 23.824], [92.603, 23.825], [92.603, 23.826], [92.603, 23.827], [92.603, 23.828], [92.604, 23.829], [92.604, 23.83], [92.605, 23.831], [92.604, 23.831], [92.604, 23.832], [92.604, 23.833], [92.604, 23.834], [92.604, 23.835], [92.604, 23.836], [92.605, 23.836], [92.605, 23.837], [92.605, 23.838], [92.604, 23.838], [92.604, 23.839], [92.605, 23.84], [92.604, 23.841], [92.605, 23.842], [92.605, 23.843], [92.605, 23.844], [92.605, 23.847], [92.605, 23.848], [92.605, 23.849], [92.605, 23.85], [92.604, 23.851], [92.604, 23.852], [92.605, 23.853], [92.606, 23.854], [92.606, 23.855], [92.606, 23.856], [92.607, 23.856], [92.607, 23.857], [92.609, 23.857], [92.611, 23.857], [92.612, 23.857], [92.613, 23.857], [92.614, 23.857], [92.615, 23.857], [92.616, 23.857], [92.617, 23.857], [92.617, 23.858], [92.618, 23.858], [92.619, 23.858], [92.619, 23.859], [92.619, 23.86], [92.618, 23.86], [92.617, 23.86], [92.617, 23.861], [92.616, 23.861], [92.617, 23.862], [92.617, 23.863], [92.617, 23.864], [92.616, 23.864], [92.615, 23.864], [92.614, 23.864], [92.614, 23.865], [92.614, 23.866], [92.614, 23.867], [92.614, 23.868], [92.615, 23.869], [92.615, 23.87], [92.614, 23.87], [92.613, 23.871], [92.613, 23.872], [92.613, 23.873], [92.613, 23.874], [92.613, 23.875], [92.614, 23.875], [92.614, 23.876], [92.615, 23.877], [92.616, 23.877], [92.616, 23.878], [92.617, 23.878], [92.617, 23.879], [92.617, 23.88], [92.617, 23.881], [92.616, 23.882], [92.616, 23.883], [92.615, 23.884], [92.614, 23.885], [92.614, 23.886], [92.613, 23.887], [92.614, 23.887], [92.615, 23.887], [92.615, 23.888], [92.614, 23.888], [92.614, 23.889], [92.615, 23.889], [92.615, 23.89], [92.616, 23.89], [92.616, 23.891], [92.615, 23.891], [92.615, 23.892], [92.614, 23.893], [92.613, 23.893], [92.614, 23.894], [92.615, 23.893], [92.616, 23.893], [92.616, 23.894], [92.617, 23.894], [92.618, 23.894], [92.619, 23.894], [92.62, 23.894], [92.621, 23.894], [92.622, 23.894], [92.623, 23.894], [92.624, 23.894], [92.624, 23.893], [92.625, 23.893], [92.625, 23.892], [92.626, 23.892], [92.627, 23.892], [92.628, 23.892], [92.629, 23.892], [92.63, 23.892], [92.631, 23.892], [92.632, 23.893], [92.633, 23.893], [92.634, 23.893], [92.634, 23.892], [92.635, 23.892], [92.636, 23.892], [92.637, 23.892], [92.638, 23.893], [92.639, 23.892], [92.64, 23.892], [92.64, 23.893], [92.64, 23.895], [92.64, 23.896], [92.641, 23.897], [92.641, 23.898], [92.642, 23.898], [92.643, 23.899], [92.644, 23.899], [92.645, 23.899], [92.646, 23.9], [92.647, 23.9], [92.648, 23.9], [92.65, 23.9], [92.652, 23.9]]]}, "properties": {"OBJECTID": 3398, "stcode11": "15", "dtcode11": "283", "sdtcode11": "01901", "stname": "MIZORAM", "dtname": "Aizawl", "sdtname": "Tlangnuam", "subdt_lgd": 1901, "dist_lgd": 261, "state_lgd": 15, "shape_Length": 138754.43732694437, "shape_Area": 519815053.6594273, "st_area_sh": 0, "st_length_": 0, "remarks": "", "ac_no": null, "test": 3399}}, {"type": "Feature", "geometry": {"type": "Polygon", "coordinates": [[[92.921, 24.403], [92.922, 24.403], [92.922, 24.404], [92.922, 24.403], [92.922, 24.402], [92.921, 24.402], [92.92, 24.402], [92.92, 24.401], [92.921, 24.401], [92.921, 24.4], [92.922, 24.4], [92.923, 24.4], [92.923, 24.399], [92.924, 24.398], [92.924, 24.397], [92.924, 24.396], [92.925, 24.396], [92.926, 24.396], [92.927, 24.396], [92.928, 24.396], [92.929, 24.396], [92.929, 24.395], [92.93, 24.395], [92.93, 24.394], [92.931, 24.393], [92.932, 24.393], [92.933, 24.393], [92.933, 24.392], [92.934, 24.392], [92.934, 24.393], [92.935, 24.393], [92.935, 24.394], [92.934, 24.394], [92.935, 24.394], [92.935, 24.395], [92.935, 24.396], [92.936, 24.396], [92.936, 24.397], [92.937, 24.397], [92.937, 24.398], [92.937, 24.399], [92.938, 24.399], [92.939, 24.399], [92.939, 24.4], [92.939, 24.401], [92.94, 24.401], [92.94, 24.4], [92.941, 24.4], [92.941, 24.401], [92.942, 24.401], [92.943, 24.401], [92.943, 24.4], [92.944, 24.4], [92.945, 24.4], [92.946, 24.4], [92.946, 24.401], [92.947, 24.401], [92.947, 24.402], [92.948, 24.402], [92.948, 24.403], [92.949, 24.403], [92.95, 24.403], [92.951, 24.403], [92.952, 24.403], [92.953, 24.402], [92.954, 24.401], [92.954, 24.4], [92.954, 24.399], [92.955, 24.399], [92.955, 24.398], [92.955, 24.397], [92.955, 24.396], [92.956, 24.396], [92.956, 24.395], [92.956, 24.394], [92.956, 24.393], [92.957, 24.393], [92.957, 24.392], [92.958, 24.392], [92.959, 24.392], [92.96, 24.392], [92.961, 24.393], [92.962, 24.394], [92.963, 24.394], [92.964, 24.395], [92.964, 24.396], [92.965, 24.396], [92.966, 24.397], [92.967, 24.397], [92.967, 24.399], [92.968, 24.399], [92.968, 24.4], [92.968, 24.401], [92.969, 24.402], [92.97, 24.402], [92.971, 24.403], [92.972, 24.403], [92.972, 24.404], [92.972, 24.405], [92.973, 24.405], [92.973, 24.406], [92.974, 24.406], [92.973, 24.406], [92.973, 24.407], [92.973, 24.408], [92.974, 24.408], [92.975, 24.408], [92.976, 24.408], [92.976, 24.407], [92.976, 24.408], [92.977, 24.408], [92.978, 24.408], [92.979, 24.408], [92.979, 24.407], [92.979, 24.406], [92.98, 24.406], [92.981, 24.406], [92.982, 24.406], [92.983, 24.406], [92.984, 24.406], [92.985, 24.406], [92.985, 24.405], [92.984, 24.405], [92.985, 24.405], [92.986, 24.404], [92.987, 24.404], [92.988, 24.404], [92.989, 24.404], [92.989, 24.403], [92.989, 24.402], [92.99, 24.402], [92.991, 24.401], [92.991, 24.4], [92.992, 24.4], [92.992, 24.399], [92.993, 24.399], [92.994, 24.399], [92.996, 24.399], [92.997, 24.399], [92.998, 24.4], [93.02, 24.388], [93.013, 24.377], [93.018, 24.372], [93.016, 24.363], [93.015, 24.356], [93.018, 24.344], [93.028, 24.342], [93.039, 24.341], [93.031, 24.316], [93.02, 24.298], [93.014, 24.291], [93.007, 24.285], [93.004, 24.278], [93.01, 24.269], [93.003, 24.26], [93.003, 24.251], [93.014, 24.234], [93.022, 24.23], [93.015, 24.226], [93.015, 24.222], [93.02, 24.215], [93.018, 24.207], [93.014, 24.205], [93.012, 24.197], [93.008, 24.195], [92.999, 24.195], [92.999, 24.192], [93.007, 24.18], [92.999, 24.171], [93.001, 24.161], [93.001, 24.158], [92.996, 24.154], [92.989, 24.151], [92.987, 24.148], [92.987, 24.144], [92.989, 24.138], [92.986, 24.13], [92.985, 24.129], [92.982, 24.126], [92.973, 24.124], [92.969, 24.121], [92.971, 24.115], [92.972, 24.112], [92.973, 24.112], [92.972, 24.112], [92.971, 24.111], [92.97, 24.111], [92.97, 24.11], [92.968, 24.109], [92.968, 24.108], [92.967, 24.107], [92.967, 24.106], [92.967, 24.105], [92.967, 24.104], [92.968, 24.103], [92.968, 24.102], [92.969, 24.101], [92.969, 24.1], [92.969, 24.099], [92.97, 24.098], [92.97, 24.097], [92.97, 24.096], [92.969, 24.096], [92.968, 24.096], [92.967, 24.095], [92.966, 24.095], [92.966, 24.094], [92.967, 24.094], [92.968, 24.094], [92.969, 24.093], [92.97, 24.093], [92.971, 24.093], [92.972, 24.093], [92.973, 24.093], [92.974, 24.093], [92.975, 24.093], [92.976, 24.093], [92.977, 24.093], [92.978, 24.093], [92.979, 24.093], [92.981, 24.093], [92.982, 24.093], [92.982, 24.092], [92.983, 24.092], [92.984, 24.092], [92.985, 24.091], [92.986, 24.09], [92.987, 24.09], [92.988, 24.09], [92.989, 24.09], [92.99, 24.09], [92.991, 24.09], [92.992, 24.09], [92.992, 24.089], [92.993, 24.088], [92.993, 24.087], [92.993, 24.086], [92.992, 24.086], [92.992, 24.085], [92.992, 24.084], [92.992, 24.083], [92.991, 24.083], [92.991, 24.082], [92.992, 24.081], [92.992, 24.08], [92.992, 24.079], [92.992, 24.078], [92.993, 24.075], [92.993, 24.073], [92.993, 24.072], [92.993, 24.071], [92.994, 24.071], [92.994, 24.07], [92.994, 24.069], [92.993, 24.068], [92.993, 24.067], [92.993, 24.066], [92.993, 24.065], [92.994, 24.065], [92.994, 24.064], [92.993, 24.064], [92.993, 24.062], [92.993, 24.061], [92.993, 24.06], [92.993, 24.059], [92.993, 24.058], [92.993, 24.057], [92.994, 24.056], [92.995, 24.054], [92.995, 24.053], [92.995, 24.052], [92.994, 24.052], [92.994, 24.051], [92.993, 24.05], [92.992, 24.05], [92.992, 24.049], [92.992, 24.048], [92.992, 24.047], [92.992, 24.045], [92.993, 24.044], [92.993, 24.043], [92.994, 24.042], [92.994, 24.041], [92.995, 24.041], [92.994, 24.041], [92.994, 24.04], [92.993, 24.039], [92.992, 24.037], [92.992, 24.036], [92.992, 24.035], [92.992, 24.034], [92.992, 24.032], [92.993, 24.03], [92.994, 24.027], [92.994, 24.025], [92.994, 24.023], [92.994, 24.022], [92.994, 24.021], [92.994, 24.02], [92.993, 24.019], [92.992, 24.018], [92.992, 24.017], [92.992, 24.016], [92.993, 24.016], [92.993, 24.015], [92.992, 24.015], [92.992, 24.014], [92.992, 24.013], [92.992, 24.012], [92.992, 24.01], [92.992, 24.008], [92.993, 24.007], [92.993, 24.006], [92.994, 24.005], [92.994, 24.004], [92.996, 24.003], [92.997, 24.0], [92.998, 24.0], [92.998, 23.999], [92.997, 23.999], [92.997, 23.998], [92.996, 23.998], [92.996, 23.997], [92.996, 23.996], [92.995, 23.995], [92.996, 23.994], [92.996, 23.993], [92.996, 23.992], [92.997, 23.991], [92.998, 23.99], [92.998, 23.989], [92.998, 23.988], [92.998, 23.986], [92.998, 23.985], [92.997, 23.984], [92.997, 23.983], [92.996, 23.983], [92.996, 23.982], [92.995, 23.981], [92.995, 23.98], [92.994, 23.98], [92.994, 23.979], [92.993, 23.978], [92.993, 23.976], [92.993, 23.975], [92.992, 23.975], [92.991, 23.975], [92.991, 23.974], [92.991, 23.973], [92.991, 23.972], [92.991, 23.971], [92.991, 23.97], [92.992, 23.969], [92.993, 23.969], [92.993, 23.968], [92.993, 23.967], [92.992, 23.967], [92.992, 23.966], [92.992, 23.965], [92.991, 23.965], [92.991, 23.964], [92.992, 23.963], [92.992, 23.962], [92.992, 23.961], [92.99, 23.96], [92.989, 23.96], [92.988, 23.959], [92.987, 23.96], [92.986, 23.96], [92.985, 23.96], [92.984, 23.959], [92.984, 23.958], [92.983, 23.958], [92.983, 23.957], [92.984, 23.957], [92.984, 23.956], [92.986, 23.955], [92.987, 23.954], [92.987, 23.953], [92.987, 23.952], [92.986, 23.952], [92.986, 23.951], [92.985, 23.951], [92.985, 23.95], [92.986, 23.95], [92.986, 23.949], [92.986, 23.948], [92.987, 23.947], [92.987, 23.946], [92.988, 23.946], [92.988, 23.945], [92.989, 23.944], [92.99, 23.943], [92.991, 23.942], [92.992, 23.942], [92.992, 23.941], [92.993, 23.94], [92.994, 23.94], [92.995, 23.939], [92.996, 23.939], [92.996, 23.938], [92.996, 23.937], [92.996, 23.936], [92.996, 23.935], [92.997, 23.935], [92.997, 23.934], [92.997, 23.933], [92.997, 23.932], [92.996, 23.931], [92.995, 23.931], [92.994, 23.931], [92.994, 23.93], [92.995, 23.93], [92.995, 23.929], [92.994, 23.929], [92.994, 23.928], [92.993, 23.928], [92.993, 23.927], [92.992, 23.927], [92.992, 23.926], [92.991, 23.926], [92.991, 23.925], [92.991, 23.924], [92.99, 23.924], [92.99, 23.923], [92.989, 23.923], [92.988, 23.923], [92.987, 23.923], [92.986, 23.923], [92.986, 23.922], [92.985, 23.922], [92.985, 23.921], [92.984, 23.921], [92.984, 23.92], [92.983, 23.92], [92.983, 23.919], [92.982, 23.919], [92.981, 23.919], [92.981, 23.918], [92.98, 23.918], [92.979, 23.918], [92.979, 23.917], [92.979, 23.916], [92.979, 23.915], [92.979, 23.914], [92.979, 23.913], [92.979, 23.912], [92.979, 23.911], [92.979, 23.91], [92.98, 23.91], [92.98, 23.909], [92.98, 23.908], [92.981, 23.908], [92.981, 23.907], [92.982, 23.906], [92.982, 23.905], [92.983, 23.904], [92.983, 23.903], [92.983, 23.902], [92.983, 23.901], [92.984, 23.901], [92.984, 23.9], [92.985, 23.899], [92.985, 23.898], [92.985, 23.897], [92.985, 23.896], [92.985, 23.895], [92.985, 23.894], [92.985, 23.893], [92.985, 23.892], [92.985, 23.891], [92.985, 23.89], [92.986, 23.89], [92.985, 23.889], [92.984, 23.888], [92.983, 23.888], [92.983, 23.887], [92.982, 23.887], [92.981, 23.886], [92.98, 23.886], [92.979, 23.886], [92.978, 23.885], [92.977, 23.885], [92.978, 23.884], [92.99, 23.875], [93.002, 23.868], [93.003, 23.853], [93.002, 23.841], [93.002, 23.829], [93.003, 23.818], [93.002, 23.809], [93.0, 23.803], [93.001, 23.801], [93.0, 23.802], [92.999, 23.802], [92.998, 23.802], [92.997, 23.802], [92.996, 23.802], [92.995, 23.803], [92.994, 23.803], [92.993, 23.803], [92.992, 23.803], [92.992, 23.802], [92.991, 23.802], [92.99, 23.802], [92.989, 23.802], [92.989, 23.803], [92.988, 23.804], [92.987, 23.804], [92.986, 23.804], [92.986, 23.805], [92.985, 23.805], [92.985, 23.806], [92.984, 23.807], [92.984, 23.808], [92.983, 23.808], [92.982, 23.808], [92.98, 23.809], [92.979, 23.809], [92.979, 23.81], [92.978, 23.81], [92.977, 23.81], [92.977, 23.809], [92.976, 23.809], [92.975, 23.81], [92.974, 23.81], [92.973, 23.81], [92.972, 23.81], [92.971, 23.81], [92.97, 23.81], [92.969, 23.81], [92.969, 23.811], [92.968, 23.811], [92.967, 23.81], [92.966, 23.81], [92.965, 23.809], [92.964, 23.809], [92.963, 23.809], [92.962, 23.809], [92.961, 23.808], [92.96, 23.808], [92.959, 23.808], [92.958, 23.808], [92.957, 23.808], [92.956, 23.808], [92.955, 23.808], [92.954, 23.807], [92.953, 23.807], [92.952, 23.807], [92.951, 23.807], [92.95, 23.807], [92.949, 23.807], [92.948, 23.807], [92.948, 23.806], [92.947, 23.806], [92.947, 23.805], [92.947, 23.804], [92.946, 23.805], [92.945, 23.805], [92.944, 23.805], [92.943, 23.805], [92.942, 23.806], [92.941, 23.806], [92.94, 23.806], [92.939, 23.806], [92.938, 23.806], [92.937, 23.806], [92.936, 23.806], [92.935, 23.806], [92.934, 23.806], [92.933, 23.806], [92.932, 23.806], [92.932, 23.805], [92.931, 23.805], [92.93, 23.805], [92.929, 23.805], [92.928, 23.805], [92.926, 23.805], [92.925, 23.805], [92.924, 23.805], [92.923, 23.805], [92.922, 23.805], [92.921, 23.805], [92.92, 23.805], [92.919, 23.805], [92.918, 23.805], [92.917, 23.805], [92.916, 23.805], [92.915, 23.806], [92.915, 23.805], [92.914, 23.805], [92.913, 23.806], [92.912, 23.806], [92.912, 23.807], [92.911, 23.807], [92.911, 23.808], [92.91, 23.808], [92.909, 23.808], [92.909, 23.809], [92.908, 23.809], [92.907, 23.809], [92.906, 23.809], [92.905, 23.809], [92.905, 23.808], [92.904, 23.808], [92.903, 23.807], [92.903, 23.806], [92.902, 23.805], [92.902, 23.804], [92.902, 23.803], [92.901, 23.803], [92.901, 23.802], [92.9, 23.802], [92.9, 23.801], [92.9, 23.8], [92.899, 23.8], [92.899, 23.799], [92.899, 23.798], [92.898, 23.797], [92.898, 23.796], [92.897, 23.796], [92.897, 23.795], [92.896, 23.795], [92.896, 23.794], [92.895, 23.794], [92.894, 23.794], [92.893, 23.794], [92.893, 23.793], [92.893, 23.792], [92.892, 23.792], [92.892, 23.791], [92.892, 23.79], [92.892, 23.789], [92.892, 23.788], [92.891, 23.787], [92.89, 23.787], [92.889, 23.787], [92.888, 23.787], [92.887, 23.786], [92.886, 23.785], [92.886, 23.786], [92.885, 23.786], [92.885, 23.787], [92.885, 23.788], [92.886, 23.789], [92.886, 23.79], [92.886, 23.791], [92.887, 23.791], [92.887, 23.792], [92.888, 23.792], [92.888, 23.793], [92.889, 23.793], [92.889, 23.794], [92.89, 23.795], [92.891, 23.795], [92.891, 23.796], [92.891, 23.797], [92.89, 23.797], [92.889, 23.798], [92.889, 23.799], [92.888, 23.799], [92.888, 23.8], [92.887, 23.801], [92.886, 23.801], [92.885, 23.802], [92.884, 23.802], [92.883, 23.802], [92.882, 23.803], [92.881, 23.803], [92.88, 23.803], [92.879, 23.803], [92.879, 23.804], [92.878, 23.804], [92.877, 23.804], [92.876, 23.804], [92.875, 23.805], [92.874, 23.805], [92.873, 23.805], [92.872, 23.806], [92.872, 23.807], [92.871, 23.807], [92.871, 23.808], [92.87, 23.808], [92.869, 23.808], [92.868, 23.808], [92.867, 23.808], [92.866, 23.808], [92.865, 23.807], [92.864, 23.807], [92.863, 23.808], [92.862, 23.808], [92.862, 23.809], [92.861, 23.81], [92.861, 23.811], [92.861, 23.812], [92.86, 23.812], [92.857, 23.813], [92.856, 23.813], [92.856, 23.814], [92.856, 23.815], [92.856, 23.816], [92.856, 23.817], [92.856, 23.818], [92.856, 23.819], [92.856, 23.82], [92.856, 23.821], [92.855, 23.821], [92.854, 23.821], [92.854, 23.822], [92.853, 23.822], [92.852, 23.823], [92.852, 23.824], [92.852, 23.825], [92.852, 23.826], [92.851, 23.827], [92.851, 23.828], [92.851, 23.829], [92.85, 23.829], [92.849, 23.828], [92.848, 23.828], [92.847, 23.829], [92.847, 23.83], [92.848, 23.832], [92.848, 23.833], [92.848, 23.834], [92.847, 23.835], [92.846, 23.835], [92.845, 23.836], [92.844, 23.837], [92.844, 23.838], [92.843, 23.838], [92.843, 23.839], [92.842, 23.839], [92.842, 23.84], [92.841, 23.84], [92.84, 23.84], [92.839, 23.84], [92.839, 23.841], [92.838, 23.842], [92.837, 23.842], [92.837, 23.843], [92.837, 23.844], [92.836, 23.844], [92.836, 23.845], [92.835, 23.846], [92.835, 23.847], [92.835, 23.848], [92.834, 23.848], [92.833, 23.848], [92.832, 23.848], [92.832, 23.849], [92.832, 23.85], [92.831, 23.852], [92.831, 23.853], [92.832, 23.853], [92.832, 23.854], [92.832, 23.855], [92.832, 23.856], [92.832, 23.857], [92.832, 23.858], [92.832, 23.859], [92.832, 23.86], [92.832, 23.861], [92.832, 23.862], [92.832, 23.863], [92.832, 23.864], [92.832, 23.865], [92.832, 23.866], [92.832, 23.867], [92.832, 23.868], [92.831, 23.868], [92.831, 23.869], [92.832, 23.87], [92.832, 23.871], [92.833, 23.871], [92.833, 23.872], [92.833, 23.873], [92.832, 23.873], [92.832, 23.874], [92.832, 23.875], [92.833, 23.875], [92.833, 23.876], [92.833, 23.877], [92.833, 23.878], [92.833, 23.879], [92.833, 23.88], [92.834, 23.881], [92.834, 23.882], [92.834, 23.883], [92.834, 23.884], [92.834, 23.885], [92.834, 23.886], [92.834, 23.887], [92.833, 23.888], [92.833, 23.889], [92.832, 23.889], [92.831, 23.889], [92.83, 23.889], [92.83, 23.89], [92.829, 23.89], [92.828, 23.89], [92.827, 23.89], [92.827, 23.891], [92.826, 23.891], [92.826, 23.892], [92.825, 23.892], [92.824, 23.893], [92.823, 23.893], [92.822, 23.893], [92.821, 23.893], [92.82, 23.893], [92.819, 23.893], [92.818, 23.893], [92.817, 23.893], [92.816, 23.893], [92.815, 23.893], [92.815, 23.892], [92.814, 23.892], [92.813, 23.892], [92.813, 23.893], [92.812, 23.894], [92.812, 23.895], [92.813, 23.895], [92.814, 23.895], [92.815, 23.895], [92.816, 23.895], [92.816, 23.896], [92.817, 23.896], [92.818, 23.897], [92.818, 23.898], [92.818, 23.899], [92.818, 23.9], [92.818, 23.901], [92.818, 23.903], [92.82, 23.906], [92.82, 23.907], [92.82, 23.908], [92.819, 23.908], [92.819, 23.909], [92.818, 23.909], [92.819, 23.91], [92.819, 23.911], [92.82, 23.911], [92.821, 23.912], [92.822, 23.912], [92.822, 23.913], [92.822, 23.914], [92.821, 23.916], [92.82, 23.916], [92.819, 23.916], [92.818, 23.916], [92.818, 23.915], [92.817, 23.914], [92.816, 23.914], [92.815, 23.914], [92.815, 23.915], [92.816, 23.916], [92.816, 23.917], [92.817, 23.918], [92.816, 23.918], [92.816, 23.919], [92.815, 23.918], [92.814, 23.917], [92.813, 23.916], [92.812, 23.916], [92.811, 23.916], [92.81, 23.917], [92.808, 23.918], [92.807, 23.919], [92.807, 23.92], [92.807, 23.921], [92.808, 23.922], [92.809, 23.922], [92.81, 23.922], [92.811, 23.922], [92.811, 23.923], [92.811, 23.924], [92.812, 23.926], [92.812, 23.928], [92.812, 23.929], [92.813, 23.929], [92.813, 23.93], [92.814, 23.93], [92.814, 23.931], [92.815, 23.932], [92.815, 23.933], [92.816, 23.933], [92.817, 23.933], [92.817, 23.934], [92.818, 23.934], [92.818, 23.935], [92.819, 23.935], [92.818, 23.935], [92.817, 23.936], [92.816, 23.936], [92.815, 23.937], [92.815, 23.938], [92.815, 23.939], [92.815, 23.94], [92.815, 23.941], [92.816, 23.942], [92.817, 23.943], [92.818, 23.943], [92.819, 23.944], [92.819, 23.945], [92.82, 23.946], [92.82, 23.947], [92.819, 23.948], [92.819, 23.949], [92.82, 23.95], [92.821, 23.951], [92.822, 23.952], [92.822, 23.953], [92.822, 23.954], [92.822, 23.955], [92.822, 23.956], [92.821, 23.957], [92.82, 23.957], [92.819, 23.958], [92.818, 23.958], [92.818, 23.959], [92.818, 23.96], [92.818, 23.961], [92.817, 23.962], [92.817, 23.963], [92.816, 23.965], [92.816, 23.966], [92.816, 23.967], [92.817, 23.967], [92.818, 23.967], [92.819, 23.967], [92.819, 23.968], [92.819, 23.969], [92.819, 23.97], [92.82, 23.97], [92.82, 23.971], [92.82, 23.972], [92.821, 23.972], [92.821, 23.973], [92.821, 23.975], [92.821, 23.976], [92.821, 23.977], [92.82, 23.978], [92.82, 23.979], [92.82, 23.98], [92.821, 23.982], [92.822, 23.982], [92.823, 23.981], [92.823, 23.982], [92.824, 23.982], [92.824, 23.983], [92.825, 23.984], [92.825, 23.985], [92.826, 23.985], [92.826, 23.986], [92.827, 23.986], [92.827, 23.987], [92.826, 23.987], [92.825, 23.987], [92.824, 23.987], [92.823, 23.987], [92.822, 23.987], [92.822, 23.988], [92.823, 23.988], [92.823, 23.989], [92.824, 23.989], [92.825, 23.989], [92.825, 23.99], [92.825, 23.991], [92.824, 23.992], [92.822, 23.992], [92.822, 23.993], [92.821, 23.993], [92.821, 23.994], [92.821, 23.995], [92.822, 23.995], [92.824, 23.996], [92.825, 23.996], [92.825, 23.997], [92.825, 23.998], [92.825, 23.999], [92.824, 24.0], [92.825, 24.001], [92.826, 24.0], [92.827, 24.0], [92.827, 24.001], [92.827, 24.002], [92.827, 24.003], [92.827, 24.004], [92.827, 24.005], [92.828, 24.005], [92.828, 24.006], [92.829, 24.007], [92.829, 24.008], [92.829, 24.009], [92.829, 24.01], [92.829, 24.011], [92.829, 24.013], [92.829, 24.014], [92.83, 24.015], [92.831, 24.015], [92.831, 24.016], [92.831, 24.017], [92.83, 24.017], [92.829, 24.018], [92.829, 24.019], [92.829, 24.02], [92.83, 24.021], [92.831, 24.021], [92.831, 24.022], [92.831, 24.023], [92.831, 24.024], [92.832, 24.024], [92.833, 24.024], [92.834, 24.023], [92.834, 24.022], [92.834, 24.021], [92.835, 24.019], [92.835, 24.018], [92.836, 24.017], [92.836, 24.016], [92.837, 24.016], [92.837, 24.015], [92.838, 24.015], [92.839, 24.015], [92.84, 24.016], [92.84, 24.017], [92.84, 24.018], [92.84, 24.019], [92.839, 24.02], [92.839, 24.021], [92.84, 24.021], [92.841, 24.022], [92.841, 24.023], [92.841, 24.024], [92.841, 24.025], [92.841, 24.026], [92.841, 24.027], [92.842, 24.027], [92.843, 24.027], [92.845, 24.026], [92.846, 24.027], [92.846, 24.028], [92.846, 24.029], [92.845, 24.03], [92.845, 24.031], [92.844, 24.031], [92.843, 24.032], [92.842, 24.032], [92.842, 24.033], [92.842, 24.034], [92.842, 24.035], [92.843, 24.036], [92.844, 24.036], [92.845, 24.036], [92.846, 24.035], [92.846, 24.034], [92.847, 24.034], [92.848, 24.035], [92.848, 24.036], [92.848, 24.037], [92.848, 24.039], [92.848, 24.04], [92.847, 24.041], [92.847, 24.042], [92.847, 24.043], [92.848, 24.044], [92.848, 24.045], [92.847, 24.045], [92.846, 24.045], [92.845, 24.045], [92.845, 24.046], [92.845, 24.047], [92.845, 24.048], [92.845, 24.049], [92.847, 24.05], [92.847, 24.051], [92.847, 24.052], [92.847, 24.053], [92.846, 24.053], [92.846, 24.054], [92.845, 24.054], [92.845, 24.055], [92.845, 24.056], [92.846, 24.058], [92.847, 24.059], [92.847, 24.06], [92.847, 24.061], [92.846, 24.062], [92.846, 24.063], [92.846, 24.064], [92.846, 24.065], [92.847, 24.066], [92.847, 24.067], [92.848, 24.068], [92.848, 24.069], [92.849, 24.07], [92.85, 24.07], [92.851, 24.07], [92.852, 24.071], [92.853, 24.072], [92.854, 24.073], [92.854, 24.074], [92.854, 24.075], [92.854, 24.076], [92.855, 24.077], [92.855, 24.078], [92.855, 24.079], [92.854, 24.079], [92.854, 24.08], [92.855, 24.081], [92.856, 24.082], [92.856, 24.083], [92.856, 24.084], [92.856, 24.085], [92.857, 24.086], [92.857, 24.087], [92.858, 24.088], [92.858, 24.089], [92.857, 24.09], [92.856, 24.091], [92.855, 24.092], [92.855, 24.093], [92.854, 24.094], [92.855, 24.095], [92.855, 24.096], [92.855, 24.097], [92.856, 24.097], [92.856, 24.098], [92.855, 24.099], [92.855, 24.1], [92.856, 24.1], [92.857, 24.1], [92.857, 24.099], [92.858, 24.099], [92.859, 24.099], [92.859, 24.1], [92.859, 24.101], [92.859, 24.102], [92.859, 24.103], [92.858, 24.104], [92.858, 24.106], [92.858, 24.107], [92.859, 24.107], [92.86, 24.107], [92.861, 24.107], [92.863, 24.107], [92.864, 24.108], [92.866, 24.108], [92.867, 24.109], [92.868, 24.11], [92.868, 24.111], [92.868, 24.112], [92.868, 24.113], [92.868, 24.114], [92.869, 24.114], [92.869, 24.115], [92.868, 24.115], [92.868, 24.116], [92.867, 24.117], [92.866, 24.117], [92.866, 24.118], [92.866, 24.119], [92.867, 24.119], [92.867, 24.12], [92.869, 24.121], [92.87, 24.122], [92.87, 24.123], [92.87, 24.125], [92.87, 24.126], [92.87, 24.127], [92.871, 24.128], [92.872, 24.129], [92.873, 24.129], [92.874, 24.129], [92.875, 24.129], [92.876, 24.129], [92.876, 24.13], [92.877, 24.13], [92.876, 24.131], [92.876, 24.132], [92.876, 24.133], [92.875, 24.133], [92.874, 24.133], [92.873, 24.134], [92.872, 24.135], [92.871, 24.136], [92.871, 24.137], [92.871, 24.138], [92.871, 24.139], [92.871, 24.14], [92.872, 24.141], [92.872, 24.142], [92.873, 24.143], [92.873, 24.144], [92.873, 24.145], [92.874, 24.145], [92.874, 24.146], [92.874, 24.147], [92.875, 24.148], [92.877, 24.149], [92.878, 24.15], [92.879, 24.15], [92.879, 24.151], [92.88, 24.151], [92.88, 24.152], [92.881, 24.152], [92.881, 24.154], [92.882, 24.155], [92.882, 24.156], [92.882, 24.157], [92.881, 24.157], [92.88, 24.157], [92.88, 24.158], [92.881, 24.159], [92.882, 24.159], [92.883, 24.16], [92.884, 24.161], [92.884, 24.162], [92.885, 24.163], [92.885, 24.164], [92.885, 24.165], [92.885, 24.166], [92.885, 24.167], [92.885, 24.168], [92.886, 24.168], [92.886, 24.169], [92.885, 24.169], [92.883, 24.169], [92.882, 24.169], [92.882, 24.17], [92.882, 24.171], [92.883, 24.171], [92.884, 24.172], [92.885, 24.172], [92.887, 24.172], [92.89, 24.173], [92.891, 24.174], [92.891, 24.175], [92.891, 24.176], [92.891, 24.178], [92.891, 24.179], [92.891, 24.18], [92.892, 24.18], [92.892, 24.182], [92.892, 24.183], [92.892, 24.184], [92.892, 24.185], [92.892, 24.186], [92.892, 24.187], [92.892, 24.188], [92.892, 24.189], [92.892, 24.19], [92.893, 24.191], [92.893, 24.192], [92.893, 24.193], [92.893, 24.196], [92.894, 24.197], [92.894, 24.198], [92.894, 24.199], [92.893, 24.199], [92.892, 24.2], [92.892, 24.201], [92.894, 24.202], [92.893, 24.203], [92.893, 24.204], [92.893, 24.205], [92.895, 24.205], [92.896, 24.205], [92.897, 24.205], [92.897, 24.206], [92.897, 24.207], [92.896, 24.208], [92.896, 24.209], [92.897, 24.21], [92.898, 24.211], [92.898, 24.212], [92.897, 24.212], [92.895, 24.212], [92.895, 24.213], [92.895, 24.214], [92.896, 24.215], [92.897, 24.215], [92.897, 24.216], [92.897, 24.217], [92.898, 24.218], [92.899, 24.218], [92.899, 24.219], [92.899, 24.22], [92.899, 24.221], [92.899, 24.222], [92.898, 24.223], [92.899, 24.224], [92.9, 24.224], [92.9, 24.225], [92.9, 24.226], [92.9, 24.227], [92.9, 24.228], [92.899, 24.228], [92.899, 24.229], [92.899, 24.23], [92.899, 24.231], [92.899, 24.232], [92.898, 24.233], [92.897, 24.234], [92.897, 24.235], [92.897, 24.236], [92.897, 24.238], [92.897, 24.239], [92.896, 24.239], [92.896, 24.24], [92.895, 24.24], [92.894, 24.24], [92.893, 24.24], [92.892, 24.241], [92.891, 24.241], [92.89, 24.241], [92.89, 24.242], [92.889, 24.244], [92.889, 24.245], [92.888, 24.245], [92.888, 24.246], [92.887, 24.246], [92.887, 24.245], [92.887, 24.243], [92.887, 24.241], [92.886, 24.24], [92.886, 24.239], [92.885, 24.238], [92.883, 24.237], [92.882, 24.236], [92.881, 24.234], [92.88, 24.233], [92.879, 24.233], [92.878, 24.233], [92.878, 24.234], [92.877, 24.234], [92.877, 24.235], [92.877, 24.236], [92.877, 24.237], [92.876, 24.237], [92.876, 24.238], [92.875, 24.239], [92.874, 24.24], [92.873, 24.241], [92.873, 24.242], [92.872, 24.243], [92.871, 24.243], [92.87, 24.243], [92.869, 24.243], [92.868, 24.243], [92.867, 24.243], [92.866, 24.242], [92.865, 24.242], [92.863, 24.242], [92.862, 24.242], [92.861, 24.242], [92.86, 24.243], [92.859, 24.244], [92.86, 24.245], [92.861, 24.246], [92.861, 24.247], [92.861, 24.248], [92.86, 24.249], [92.859, 24.25], [92.86, 24.251], [92.861, 24.251], [92.863, 24.251], [92.864, 24.252], [92.865, 24.252], [92.864, 24.252], [92.864, 24.253], [92.863, 24.254], [92.862, 24.254], [92.862, 24.255], [92.862, 24.256], [92.862, 24.257], [92.862, 24.258], [92.862, 24.259], [92.861, 24.259], [92.86, 24.258], [92.859, 24.258], [92.858, 24.258], [92.858, 24.259], [92.859, 24.259], [92.86, 24.261], [92.861, 24.261], [92.863, 24.261], [92.864, 24.261], [92.865, 24.262], [92.865, 24.263], [92.864, 24.264], [92.862, 24.264], [92.861, 24.265], [92.86, 24.265], [92.86, 24.266], [92.86, 24.268], [92.861, 24.269], [92.861, 24.271], [92.862, 24.271], [92.862, 24.272], [92.863, 24.273], [92.863, 24.274], [92.864, 24.274], [92.865, 24.274], [92.865, 24.275], [92.866, 24.275], [92.866, 24.276], [92.866, 24.277], [92.867, 24.277], [92.868, 24.278], [92.869, 24.278], [92.87, 24.278], [92.871, 24.277], [92.872, 24.277], [92.872, 24.278], [92.872, 24.279], [92.872, 24.28], [92.871, 24.281], [92.87, 24.282], [92.869, 24.282], [92.869, 24.283], [92.869, 24.284], [92.87, 24.285], [92.871, 24.285], [92.872, 24.285], [92.872, 24.286], [92.872, 24.287], [92.871, 24.289], [92.87, 24.289], [92.87, 24.29], [92.87, 24.291], [92.871, 24.292], [92.871, 24.293], [92.871, 24.294], [92.871, 24.296], [92.87, 24.297], [92.869, 24.298], [92.868, 24.299], [92.867, 24.299], [92.866, 24.3], [92.865, 24.3], [92.864, 24.3], [92.863, 24.301], [92.862, 24.302], [92.862, 24.303], [92.862, 24.304], [92.862, 24.306], [92.863, 24.306], [92.863, 24.307], [92.862, 24.308], [92.862, 24.309], [92.861, 24.309], [92.86, 24.309], [92.859, 24.308], [92.858, 24.308], [92.858, 24.307], [92.857, 24.306], [92.857, 24.307], [92.857, 24.308], [92.857, 24.309], [92.857, 24.31], [92.857, 24.311], [92.858, 24.311], [92.858, 24.312], [92.859, 24.312], [92.859, 24.313], [92.86, 24.313], [92.861, 24.314], [92.862, 24.314], [92.862, 24.315], [92.863, 24.315], [92.865, 24.315], [92.866, 24.315], [92.867, 24.315], [92.868, 24.315], [92.869, 24.316], [92.869, 24.317], [92.87, 24.317], [92.87, 24.318], [92.87, 24.319], [92.87, 24.32], [92.869, 24.32], [92.868, 24.32], [92.867, 24.319], [92.866, 24.319], [92.866, 24.32], [92.865, 24.32], [92.865, 24.321], [92.864, 24.322], [92.863, 24.323], [92.861, 24.324], [92.86, 24.325], [92.861, 24.325], [92.861, 24.326], [92.862, 24.327], [92.863, 24.327], [92.864, 24.327], [92.864, 24.326], [92.864, 24.325], [92.865, 24.325], [92.866, 24.325], [92.866, 24.326], [92.866, 24.327], [92.866, 24.329], [92.867, 24.329], [92.868, 24.329], [92.868, 24.328], [92.869, 24.328], [92.87, 24.328], [92.871, 24.328], [92.872, 24.328], [92.872, 24.329], [92.873, 24.33], [92.873, 24.331], [92.874, 24.332], [92.874, 24.333], [92.875, 24.333], [92.876, 24.333], [92.877, 24.333], [92.877, 24.334], [92.878, 24.335], [92.878, 24.336], [92.879, 24.337], [92.88, 24.337], [92.88, 24.338], [92.881, 24.338], [92.881, 24.339], [92.881, 24.34], [92.882, 24.341], [92.883, 24.342], [92.883, 24.343], [92.884, 24.344], [92.884, 24.345], [92.884, 24.346], [92.885, 24.347], [92.885, 24.348], [92.885, 24.349], [92.886, 24.35], [92.887, 24.351], [92.888, 24.352], [92.889, 24.352], [92.891, 24.353], [92.892, 24.354], [92.893, 24.355], [92.892, 24.355], [92.891, 24.355], [92.89, 24.355], [92.889, 24.356], [92.887, 24.358], [92.886, 24.359], [92.886, 24.36], [92.885, 24.361], [92.885, 24.362], [92.885, 24.363], [92.886, 24.363], [92.887, 24.363], [92.888, 24.363], [92.889, 24.363], [92.889, 24.364], [92.888, 24.364], [92.888, 24.365], [92.888, 24.366], [92.887, 24.366], [92.887, 24.367], [92.886, 24.367], [92.886, 24.368], [92.887, 24.368], [92.888, 24.368], [92.889, 24.368], [92.89, 24.367], [92.891, 24.367], [92.892, 24.367], [92.893, 24.367], [92.893, 24.368], [92.894, 24.369], [92.894, 24.37], [92.894, 24.371], [92.894, 24.372], [92.894, 24.373], [92.895, 24.373], [92.895, 24.374], [92.895, 24.375], [92.895, 24.376], [92.895, 24.377], [92.894, 24.378], [92.893, 24.378], [92.892, 24.378], [92.891, 24.378], [92.89, 24.378], [92.889, 24.378], [92.888, 24.378], [92.887, 24.378], [92.886, 24.378], [92.885, 24.379], [92.885, 24.38], [92.886, 24.381], [92.886, 24.382], [92.886, 24.383], [92.887, 24.383], [92.888, 24.384], [92.889, 24.384], [92.89, 24.384], [92.89, 24.385], [92.89, 24.386], [92.89, 24.387], [92.889, 24.388], [92.89, 24.389], [92.89, 24.39], [92.891, 24.39], [92.891, 24.388], [92.891, 24.387], [92.891, 24.386], [92.892, 24.386], [92.892, 24.385], [92.893, 24.385], [92.893, 24.384], [92.894, 24.385], [92.895, 24.385], [92.896, 24.386], [92.896, 24.387], [92.896, 24.388], [92.896, 24.389], [92.896, 24.39], [92.896, 24.391], [92.896, 24.392], [92.898, 24.391], [92.899, 24.391], [92.9, 24.391], [92.901, 24.391], [92.902, 24.391], [92.903, 24.391], [92.904, 24.392], [92.904, 24.393], [92.903, 24.393], [92.903, 24.394], [92.903, 24.395], [92.903, 24.396], [92.903, 24.397], [92.904, 24.398], [92.904, 24.399], [92.905, 24.4], [92.906, 24.401], [92.906, 24.402], [92.907, 24.403], [92.906, 24.404], [92.906, 24.405], [92.906, 24.406], [92.906, 24.407], [92.907, 24.407], [92.907, 24.408], [92.907, 24.409], [92.907, 24.41], [92.907, 24.411], [92.907, 24.412], [92.908, 24.412], [92.909, 24.413], [92.91, 24.413], [92.911, 24.412], [92.91, 24.411], [92.909, 24.411], [92.909, 24.41], [92.91, 24.41], [92.911, 24.409], [92.912, 24.409], [92.913, 24.409], [92.913, 24.408], [92.914, 24.408], [92.914, 24.407], [92.915, 24.407], [92.916, 24.407], [92.917, 24.406], [92.918, 24.406], [92.919, 24.405], [92.92, 24.404], [92.921, 24.403]]]}, "properties": {"OBJECTID": 2938, "stcode11": "15", "dtcode11": "283", "sdtcode11": "01902", "stname": "MIZORAM", "dtname": "Aizawl", "sdtname": "Darlawn", "subdt_lgd": 1902, "dist_lgd": 261, "state_lgd": 15, "shape_Length": 249551.7707915248, "shape_Area": 1159427664.5514073, "st_area_sh": 0, "st_length_": 0, "remarks": "", "ac_no": null, "test": 2939}}, {"type": "Feature", "geometry": {"type": "Polygon", "coordinates": [[[92.996, 24.113], [93.005, 24.107], [93.01, 24.102], [93.017, 24.099], [93.023, 24.101], [93.026, 24.098], [93.03, 24.097], [93.033, 24.093], [93.049, 24.088], [93.061, 24.092], [93.069, 24.098], [93.075, 24.1], [93.081, 24.088], [93.085, 24.081], [93.091, 24.078], [93.098, 24.071], [93.097, 24.064], [93.098, 24.06], [93.097, 24.054], [93.099, 24.05], [93.095, 24.046], [93.097, 24.042], [93.102, 24.046], [93.106, 24.047], [93.108, 24.052], [93.115, 24.054], [93.116, 24.057], [93.125, 24.061], [93.131, 24.07], [93.131, 24.076], [93.138, 24.084], [93.143, 24.085], [93.154, 24.081], [93.157, 24.075], [93.165, 24.072], [93.165, 24.068], [93.163, 24.058], [93.165, 24.052], [93.167, 24.052], [93.167, 24.051], [93.166, 24.051], [93.165, 24.051], [93.165, 24.05], [93.165, 24.049], [93.165, 24.048], [93.165, 24.047], [93.165, 24.046], [93.165, 24.045], [93.165, 24.044], [93.165, 24.043], [93.164, 24.043], [93.164, 24.042], [93.164, 24.041], [93.163, 24.041], [93.163, 24.04], [93.163, 24.039], [93.164, 24.039], [93.163, 24.038], [93.163, 24.037], [93.163, 24.036], [93.163, 24.035], [93.163, 24.034], [93.162, 24.034], [93.162, 24.033], [93.162, 24.032], [93.162, 24.031], [93.162, 24.03], [93.162, 24.029], [93.162, 24.028], [93.161, 24.028], [93.161, 24.027], [93.161, 24.026], [93.161, 24.025], [93.161, 24.024], [93.161, 24.023], [93.16, 24.022], [93.16, 24.021], [93.16, 24.02], [93.16, 24.019], [93.161, 24.019], [93.161, 24.018], [93.161, 24.017], [93.16, 24.017], [93.16, 24.016], [93.16, 24.015], [93.161, 24.015], [93.161, 24.014], [93.162, 24.014], [93.162, 24.013], [93.162, 24.012], [93.161, 24.012], [93.16, 24.011], [93.16, 24.01], [93.159, 24.01], [93.159, 24.009], [93.159, 24.008], [93.158, 24.007], [93.158, 24.006], [93.158, 24.005], [93.159, 24.004], [93.16, 24.003], [93.161, 24.002], [93.161, 24.001], [93.161, 24.0], [93.161, 23.999], [93.161, 23.998], [93.161, 23.997], [93.162, 23.997], [93.162, 23.996], [93.162, 23.995], [93.162, 23.994], [93.163, 23.993], [93.164, 23.992], [93.164, 23.991], [93.165, 23.991], [93.166, 23.991], [93.167, 23.99], [93.168, 23.989], [93.168, 23.988], [93.167, 23.987], [93.168, 23.986], [93.168, 23.985], [93.169, 23.984], [93.17, 23.985], [93.171, 23.985], [93.171, 23.984], [93.171, 23.983], [93.172, 23.982], [93.173, 23.981], [93.174, 23.981], [93.174, 23.98], [93.174, 23.979], [93.174, 23.977], [93.174, 23.976], [93.174, 23.975], [93.175, 23.974], [93.176, 23.974], [93.177, 23.974], [93.178, 23.973], [93.179, 23.973], [93.181, 23.972], [93.182, 23.972], [93.182, 23.971], [93.182, 23.97], [93.181, 23.97], [93.181, 23.969], [93.18, 23.968], [93.179, 23.967], [93.179, 23.966], [93.179, 23.965], [93.179, 23.964], [93.18, 23.963], [93.18, 23.962], [93.18, 23.961], [93.18, 23.96], [93.181, 23.959], [93.181, 23.958], [93.181, 23.957], [93.181, 23.956], [93.182, 23.955], [93.182, 23.953], [93.182, 23.952], [93.182, 23.951], [93.183, 23.95], [93.183, 23.949], [93.184, 23.948], [93.185, 23.947], [93.186, 23.946], [93.187, 23.945], [93.188, 23.944], [93.188, 23.943], [93.189, 23.943], [93.19, 23.943], [93.19, 23.942], [93.19, 23.941], [93.19, 23.94], [93.189, 23.938], [93.187, 23.937], [93.187, 23.936], [93.187, 23.935], [93.187, 23.934], [93.187, 23.933], [93.187, 23.932], [93.188, 23.931], [93.188, 23.93], [93.187, 23.93], [93.186, 23.93], [93.186, 23.931], [93.185, 23.931], [93.184, 23.931], [93.182, 23.932], [93.181, 23.932], [93.18, 23.932], [93.179, 23.931], [93.178, 23.931], [93.177, 23.932], [93.176, 23.933], [93.175, 23.933], [93.173, 23.933], [93.172, 23.934], [93.171, 23.934], [93.17, 23.934], [93.169, 23.934], [93.168, 23.934], [93.168, 23.933], [93.167, 23.933], [93.167, 23.932], [93.166, 23.932], [93.165, 23.931], [93.165, 23.93], [93.164, 23.929], [93.164, 23.928], [93.165, 23.927], [93.165, 23.926], [93.164, 23.925], [93.164, 23.924], [93.163, 23.923], [93.161, 23.92], [93.16, 23.918], [93.161, 23.918], [93.16, 23.916], [93.16, 23.915], [93.159, 23.914], [93.158, 23.913], [93.157, 23.91], [93.156, 23.909], [93.156, 23.908], [93.157, 23.906], [93.158, 23.905], [93.159, 23.904], [93.16, 23.902], [93.161, 23.901], [93.163, 23.899], [93.163, 23.898], [93.165, 23.896], [93.166, 23.895], [93.167, 23.894], [93.167, 23.893], [93.166, 23.892], [93.166, 23.891], [93.166, 23.89], [93.166, 23.888], [93.167, 23.885], [93.167, 23.882], [93.167, 23.881], [93.168, 23.879], [93.169, 23.878], [93.17, 23.878], [93.169, 23.877], [93.168, 23.877], [93.167, 23.877], [93.166, 23.877], [93.165, 23.876], [93.164, 23.876], [93.164, 23.875], [93.164, 23.874], [93.164, 23.872], [93.163, 23.871], [93.163, 23.87], [93.163, 23.869], [93.163, 23.867], [93.163, 23.865], [93.163, 23.864], [93.163, 23.863], [93.162, 23.862], [93.163, 23.86], [93.163, 23.859], [93.163, 23.858], [93.163, 23.857], [93.162, 23.856], [93.161, 23.856], [93.16, 23.856], [93.16, 23.855], [93.159, 23.855], [93.159, 23.854], [93.159, 23.853], [93.157, 23.852], [93.156, 23.852], [93.155, 23.852], [93.153, 23.851], [93.152, 23.85], [93.151, 23.849], [93.149, 23.848], [93.147, 23.847], [93.146, 23.846], [93.144, 23.846], [93.143, 23.845], [93.143, 23.844], [93.142, 23.844], [93.141, 23.843], [93.14, 23.843], [93.138, 23.843], [93.138, 23.842], [93.138, 23.841], [93.138, 23.84], [93.138, 23.839], [93.138, 23.838], [93.138, 23.837], [93.138, 23.836], [93.138, 23.835], [93.138, 23.834], [93.137, 23.834], [93.137, 23.833], [93.136, 23.833], [93.135, 23.832], [93.135, 23.831], [93.134, 23.83], [93.133, 23.829], [93.133, 23.828], [93.134, 23.828], [93.134, 23.827], [93.133, 23.827], [93.133, 23.826], [93.132, 23.827], [93.131, 23.827], [93.131, 23.828], [93.13, 23.828], [93.129, 23.828], [93.127, 23.827], [93.126, 23.827], [93.125, 23.828], [93.124, 23.827], [93.123, 23.827], [93.122, 23.827], [93.121, 23.827], [93.121, 23.828], [93.12, 23.828], [93.119, 23.828], [93.118, 23.828], [93.117, 23.829], [93.116, 23.829], [93.115, 23.829], [93.115, 23.83], [93.114, 23.83], [93.113, 23.83], [93.112, 23.83], [93.111, 23.83], [93.11, 23.831], [93.109, 23.831], [93.109, 23.83], [93.108, 23.83], [93.107, 23.83], [93.106, 23.829], [93.105, 23.829], [93.104, 23.829], [93.103, 23.829], [93.102, 23.829], [93.101, 23.829], [93.1, 23.83], [93.099, 23.83], [93.098, 23.83], [93.097, 23.83], [93.096, 23.83], [93.095, 23.83], [93.094, 23.83], [93.093, 23.83], [93.091, 23.83], [93.091, 23.829], [93.09, 23.829], [93.09, 23.828], [93.09, 23.827], [93.089, 23.826], [93.089, 23.825], [93.088, 23.825], [93.088, 23.824], [93.088, 23.823], [93.087, 23.822], [93.085, 23.822], [93.084, 23.822], [93.083, 23.822], [93.082, 23.821], [93.082, 23.82], [93.081, 23.82], [93.081, 23.819], [93.08, 23.818], [93.079, 23.818], [93.078, 23.817], [93.077, 23.817], [93.077, 23.816], [93.076, 23.816], [93.076, 23.815], [93.075, 23.814], [93.075, 23.813], [93.074, 23.812], [93.073, 23.811], [93.072, 23.811], [93.072, 23.81], [93.071, 23.81], [93.07, 23.81], [93.069, 23.809], [93.068, 23.809], [93.067, 23.809], [93.066, 23.808], [93.065, 23.808], [93.064, 23.807], [93.063, 23.807], [93.063, 23.806], [93.062, 23.806], [93.061, 23.806], [93.061, 23.805], [93.06, 23.805], [93.059, 23.804], [93.059, 23.803], [93.058, 23.803], [93.058, 23.802], [93.058, 23.801], [93.058, 23.8], [93.059, 23.799], [93.059, 23.798], [93.06, 23.798], [93.06, 23.797], [93.061, 23.797], [93.062, 23.797], [93.063, 23.797], [93.063, 23.796], [93.062, 23.796], [93.062, 23.795], [93.063, 23.795], [93.063, 23.794], [93.062, 23.794], [93.062, 23.793], [93.061, 23.794], [93.06, 23.794], [93.06, 23.795], [93.059, 23.795], [93.058, 23.793], [93.058, 23.792], [93.057, 23.792], [93.057, 23.791], [93.056, 23.791], [93.056, 23.79], [93.054, 23.789], [93.053, 23.789], [93.053, 23.79], [93.054, 23.791], [93.054, 23.792], [93.053, 23.793], [93.053, 23.792], [93.052, 23.792], [93.051, 23.792], [93.05, 23.792], [93.049, 23.792], [93.048, 23.792], [93.047, 23.792], [93.046, 23.793], [93.046, 23.792], [93.045, 23.792], [93.044, 23.793], [93.043, 23.793], [93.043, 23.792], [93.044, 23.792], [93.045, 23.792], [93.044, 23.792], [93.043, 23.791], [93.042, 23.791], [93.041, 23.791], [93.04, 23.79], [93.04, 23.791], [93.039, 23.792], [93.038, 23.793], [93.037, 23.792], [93.036, 23.793], [93.035, 23.793], [93.035, 23.792], [93.034, 23.792], [93.034, 23.793], [93.035, 23.793], [93.035, 23.794], [93.034, 23.794], [93.034, 23.795], [93.033, 23.794], [93.032, 23.794], [93.032, 23.795], [93.031, 23.795], [93.03, 23.795], [93.029, 23.795], [93.028, 23.795], [93.028, 23.796], [93.028, 23.797], [93.029, 23.797], [93.03, 23.797], [93.03, 23.798], [93.031, 23.798], [93.031, 23.799], [93.03, 23.799], [93.029, 23.799], [93.028, 23.799], [93.027, 23.799], [93.026, 23.799], [93.025, 23.799], [93.024, 23.799], [93.023, 23.8], [93.022, 23.8], [93.021, 23.799], [93.02, 23.799], [93.02, 23.8], [93.021, 23.8], [93.021, 23.801], [93.02, 23.801], [93.019, 23.801], [93.018, 23.801], [93.017, 23.801], [93.016, 23.801], [93.015, 23.801], [93.014, 23.801], [93.013, 23.801], [93.012, 23.802], [93.011, 23.802], [93.01, 23.803], [93.01, 23.802], [93.01, 23.801], [93.01, 23.8], [93.011, 23.799], [93.012, 23.798], [93.012, 23.797], [93.013, 23.796], [93.014, 23.795], [93.015, 23.794], [93.016, 23.793], [93.017, 23.792], [93.018, 23.792], [93.019, 23.792], [93.02, 23.793], [93.021, 23.794], [93.022, 23.793], [93.022, 23.792], [93.022, 23.791], [93.022, 23.79], [93.022, 23.789], [93.022, 23.788], [93.022, 23.787], [93.023, 23.786], [93.023, 23.785], [93.023, 23.784], [93.023, 23.783], [93.023, 23.781], [93.023, 23.78], [93.022, 23.779], [93.022, 23.778], [93.023, 23.777], [93.01, 23.787], [93.003, 23.794], [93.002, 23.799], [93.001, 23.801], [93.0, 23.803], [93.002, 23.809], [93.003, 23.818], [93.002, 23.829], [93.002, 23.841], [93.003, 23.853], [93.002, 23.868], [92.99, 23.875], [92.978, 23.884], [92.977, 23.885], [92.978, 23.885], [92.979, 23.886], [92.98, 23.886], [92.981, 23.886], [92.982, 23.887], [92.983, 23.887], [92.983, 23.888], [92.984, 23.888], [92.985, 23.889], [92.986, 23.89], [92.985, 23.89], [92.985, 23.891], [92.985, 23.892], [92.985, 23.893], [92.985, 23.894], [92.985, 23.895], [92.985, 23.896], [92.985, 23.897], [92.985, 23.898], [92.985, 23.899], [92.984, 23.9], [92.984, 23.901], [92.983, 23.901], [92.983, 23.902], [92.983, 23.903], [92.983, 23.904], [92.982, 23.905], [92.982, 23.906], [92.981, 23.907], [92.981, 23.908], [92.98, 23.908], [92.98, 23.909], [92.98, 23.91], [92.979, 23.91], [92.979, 23.911], [92.979, 23.912], [92.979, 23.913], [92.979, 23.914], [92.979, 23.915], [92.979, 23.916], [92.979, 23.917], [92.979, 23.918], [92.98, 23.918], [92.981, 23.918], [92.981, 23.919], [92.982, 23.919], [92.983, 23.919], [92.983, 23.92], [92.984, 23.92], [92.984, 23.921], [92.985, 23.921], [92.985, 23.922], [92.986, 23.922], [92.986, 23.923], [92.987, 23.923], [92.988, 23.923], [92.989, 23.923], [92.99, 23.923], [92.99, 23.924], [92.991, 23.924], [92.991, 23.925], [92.991, 23.926], [92.992, 23.926], [92.992, 23.927], [92.993, 23.927], [92.993, 23.928], [92.994, 23.928], [92.994, 23.929], [92.995, 23.929], [92.995, 23.93], [92.994, 23.93], [92.994, 23.931], [92.995, 23.931], [92.996, 23.931], [92.997, 23.932], [92.997, 23.933], [92.997, 23.934], [92.997, 23.935], [92.996, 23.935], [92.996, 23.936], [92.996, 23.937], [92.996, 23.938], [92.996, 23.939], [92.995, 23.939], [92.994, 23.94], [92.993, 23.94], [92.992, 23.941], [92.992, 23.942], [92.991, 23.942], [92.99, 23.943], [92.989, 23.944], [92.988, 23.945], [92.988, 23.946], [92.987, 23.946], [92.987, 23.947], [92.986, 23.948], [92.986, 23.949], [92.986, 23.95], [92.985, 23.95], [92.985, 23.951], [92.986, 23.951], [92.986, 23.952], [92.987, 23.952], [92.987, 23.953], [92.987, 23.954], [92.986, 23.955], [92.984, 23.956], [92.984, 23.957], [92.983, 23.957], [92.983, 23.958], [92.984, 23.958], [92.984, 23.959], [92.985, 23.96], [92.986, 23.96], [92.987, 23.96], [92.988, 23.959], [92.989, 23.96], [92.99, 23.96], [92.992, 23.961], [92.992, 23.962], [92.992, 23.963], [92.991, 23.964], [92.991, 23.965], [92.992, 23.965], [92.992, 23.966], [92.992, 23.967], [92.993, 23.967], [92.993, 23.968], [92.993, 23.969], [92.992, 23.969], [92.991, 23.97], [92.991, 23.971], [92.991, 23.972], [92.991, 23.973], [92.991, 23.974], [92.991, 23.975], [92.992, 23.975], [92.993, 23.975], [92.993, 23.976], [92.993, 23.978], [92.994, 23.979], [92.994, 23.98], [92.995, 23.98], [92.995, 23.981], [92.996, 23.982], [92.996, 23.983], [92.997, 23.983], [92.997, 23.984], [92.998, 23.985], [92.998, 23.986], [92.998, 23.988], [92.998, 23.989], [92.998, 23.99], [92.997, 23.991], [92.996, 23.992], [92.996, 23.993], [92.996, 23.994], [92.995, 23.995], [92.996, 23.996], [92.996, 23.997], [92.996, 23.998], [92.997, 23.998], [92.997, 23.999], [92.998, 23.999], [92.998, 24.0], [92.997, 24.0], [92.996, 24.003], [92.994, 24.004], [92.994, 24.005], [92.993, 24.006], [92.993, 24.007], [92.992, 24.008], [92.992, 24.01], [92.992, 24.012], [92.992, 24.013], [92.992, 24.014], [92.992, 24.015], [92.993, 24.015], [92.993, 24.016], [92.992, 24.016], [92.992, 24.017], [92.992, 24.018], [92.993, 24.019], [92.994, 24.02], [92.994, 24.021], [92.994, 24.022], [92.994, 24.023], [92.994, 24.025], [92.994, 24.027], [92.993, 24.03], [92.992, 24.032], [92.992, 24.034], [92.992, 24.035], [92.992, 24.036], [92.992, 24.037], [92.993, 24.039], [92.994, 24.04], [92.994, 24.041], [92.995, 24.041], [92.994, 24.041], [92.994, 24.042], [92.993, 24.043], [92.993, 24.044], [92.992, 24.045], [92.992, 24.047], [92.992, 24.048], [92.992, 24.049], [92.992, 24.05], [92.993, 24.05], [92.994, 24.051], [92.994, 24.052], [92.995, 24.052], [92.995, 24.053], [92.995, 24.054], [92.994, 24.056], [92.993, 24.057], [92.993, 24.058], [92.993, 24.059], [92.993, 24.06], [92.993, 24.061], [92.993, 24.062], [92.993, 24.064], [92.994, 24.064], [92.994, 24.065], [92.993, 24.065], [92.993, 24.066], [92.993, 24.067], [92.993, 24.068], [92.994, 24.069], [92.994, 24.07], [92.994, 24.071], [92.993, 24.071], [92.993, 24.072], [92.993, 24.073], [92.993, 24.075], [92.992, 24.078], [92.992, 24.079], [92.992, 24.08], [92.992, 24.081], [92.991, 24.082], [92.991, 24.083], [92.992, 24.083], [92.992, 24.084], [92.992, 24.085], [92.992, 24.086], [92.993, 24.086], [92.993, 24.087], [92.993, 24.088], [92.992, 24.089], [92.992, 24.09], [92.991, 24.09], [92.99, 24.09], [92.989, 24.09], [92.988, 24.09], [92.987, 24.09], [92.986, 24.09], [92.985, 24.091], [92.984, 24.092], [92.983, 24.092], [92.982, 24.092], [92.982, 24.093], [92.981, 24.093], [92.979, 24.093], [92.978, 24.093], [92.977, 24.093], [92.976, 24.093], [92.975, 24.093], [92.974, 24.093], [92.973, 24.093], [92.972, 24.093], [92.971, 24.093], [92.97, 24.093], [92.969, 24.093], [92.968, 24.094], [92.967, 24.094], [92.966, 24.094], [92.966, 24.095], [92.967, 24.095], [92.968, 24.096], [92.969, 24.096], [92.97, 24.096], [92.97, 24.097], [92.97, 24.098], [92.969, 24.099], [92.969, 24.1], [92.969, 24.101], [92.968, 24.102], [92.968, 24.103], [92.967, 24.104], [92.967, 24.105], [92.967, 24.106], [92.967, 24.107], [92.968, 24.108], [92.968, 24.109], [92.97, 24.11], [92.97, 24.111], [92.971, 24.111], [92.972, 24.112], [92.973, 24.112], [92.981, 24.112], [92.985, 24.114], [92.992, 24.114], [92.996, 24.113]]]}, "properties": {"OBJECTID": 3427, "stcode11": "15", "dtcode11": "794", "sdtcode11": "01903", "stname": "MIZORAM", "dtname": "Saitual", "sdtname": "Phullen", "subdt_lgd": 1903, "dist_lgd": 727, "state_lgd": 15, "shape_Length": 148865.70773528315, "shape_Area": 637353674.2717594, "st_area_sh": 0, "st_length_": 0, "remarks": "", "ac_no": null, "test": 3428}}, {"type": "Feature", "geometry": {"type": "Polygon", "coordinates": [[[92.797, 23.525], [92.796, 23.525], [92.794, 23.524], [92.792, 23.524], [92.792, 23.523], [92.791, 23.523], [92.79, 23.523], [92.789, 23.523], [92.789, 23.522], [92.788, 23.522], [92.788, 23.521], [92.787, 23.521], [92.786, 23.521], [92.785, 23.52], [92.784, 23.52], [92.784, 23.519], [92.783, 23.519], [92.782, 23.518], [92.781, 23.518], [92.781, 23.517], [92.781, 23.516], [92.782, 23.515], [92.782, 23.514], [92.782, 23.513], [92.781, 23.513], [92.781, 23.512], [92.781, 23.511], [92.78, 23.511], [92.78, 23.51], [92.779, 23.51], [92.779, 23.509], [92.779, 23.508], [92.779, 23.507], [92.778, 23.507], [92.778, 23.506], [92.778, 23.505], [92.777, 23.505], [92.777, 23.504], [92.777, 23.503], [92.777, 23.502], [92.778, 23.501], [92.778, 23.5], [92.778, 23.499], [92.779, 23.498], [92.779, 23.497], [92.779, 23.496], [92.78, 23.495], [92.781, 23.495], [92.782, 23.494], [92.782, 23.493], [92.782, 23.492], [92.782, 23.491], [92.782, 23.49], [92.782, 23.487], [92.783, 23.484], [92.783, 23.483], [92.782, 23.483], [92.782, 23.482], [92.781, 23.481], [92.781, 23.48], [92.781, 23.479], [92.782, 23.478], [92.782, 23.477], [92.782, 23.476], [92.783, 23.476], [92.784, 23.476], [92.786, 23.476], [92.787, 23.476], [92.787, 23.477], [92.787, 23.478], [92.788, 23.478], [92.788, 23.48], [92.789, 23.481], [92.788, 23.481], [92.788, 23.482], [92.788, 23.483], [92.789, 23.483], [92.792, 23.483], [92.793, 23.483], [92.793, 23.484], [92.794, 23.485], [92.795, 23.485], [92.796, 23.485], [92.797, 23.485], [92.798, 23.486], [92.799, 23.485], [92.799, 23.484], [92.799, 23.483], [92.8, 23.482], [92.8, 23.481], [92.799, 23.48], [92.799, 23.479], [92.8, 23.479], [92.801, 23.479], [92.802, 23.478], [92.803, 23.478], [92.804, 23.477], [92.805, 23.478], [92.806, 23.478], [92.807, 23.477], [92.808, 23.477], [92.808, 23.476], [92.809, 23.476], [92.81, 23.476], [92.811, 23.476], [92.811, 23.475], [92.812, 23.475], [92.813, 23.475], [92.814, 23.474], [92.817, 23.473], [92.818, 23.473], [92.819, 23.473], [92.821, 23.473], [92.822, 23.473], [92.823, 23.473], [92.824, 23.473], [92.825, 23.473], [92.825, 23.472], [92.826, 23.471], [92.827, 23.471], [92.828, 23.471], [92.829, 23.47], [92.83, 23.47], [92.83, 23.469], [92.831, 23.469], [92.832, 23.469], [92.833, 23.469], [92.834, 23.469], [92.835, 23.469], [92.835, 23.468], [92.835, 23.467], [92.836, 23.466], [92.836, 23.465], [92.835, 23.464], [92.835, 23.463], [92.834, 23.463], [92.833, 23.463], [92.833, 23.462], [92.832, 23.462], [92.832, 23.461], [92.832, 23.46], [92.833, 23.46], [92.833, 23.459], [92.833, 23.458], [92.833, 23.457], [92.834, 23.456], [92.834, 23.455], [92.835, 23.455], [92.835, 23.454], [92.836, 23.454], [92.836, 23.453], [92.835, 23.453], [92.835, 23.452], [92.835, 23.451], [92.834, 23.451], [92.834, 23.45], [92.835, 23.45], [92.836, 23.449], [92.836, 23.448], [92.835, 23.448], [92.836, 23.448], [92.836, 23.447], [92.835, 23.447], [92.835, 23.446], [92.835, 23.445], [92.835, 23.444], [92.836, 23.444], [92.836, 23.443], [92.836, 23.442], [92.836, 23.441], [92.836, 23.44], [92.835, 23.44], [92.835, 23.439], [92.835, 23.438], [92.835, 23.437], [92.835, 23.436], [92.835, 23.435], [92.835, 23.434], [92.835, 23.433], [92.835, 23.432], [92.834, 23.432], [92.834, 23.431], [92.834, 23.43], [92.833, 23.43], [92.832, 23.43], [92.831, 23.43], [92.832, 23.429], [92.832, 23.428], [92.831, 23.427], [92.831, 23.426], [92.832, 23.426], [92.832, 23.425], [92.832, 23.424], [92.831, 23.424], [92.83, 23.424], [92.83, 23.423], [92.831, 23.422], [92.831, 23.421], [92.83, 23.421], [92.829, 23.421], [92.828, 23.42], [92.829, 23.42], [92.829, 23.419], [92.828, 23.419], [92.827, 23.419], [92.827, 23.418], [92.828, 23.418], [92.828, 23.417], [92.828, 23.416], [92.828, 23.415], [92.829, 23.415], [92.83, 23.416], [92.83, 23.415], [92.83, 23.414], [92.83, 23.413], [92.83, 23.412], [92.83, 23.411], [92.829, 23.41], [92.829, 23.409], [92.828, 23.409], [92.828, 23.408], [92.827, 23.407], [92.827, 23.406], [92.827, 23.405], [92.827, 23.404], [92.827, 23.403], [92.826, 23.402], [92.825, 23.402], [92.825, 23.401], [92.825, 23.4], [92.825, 23.399], [92.824, 23.399], [92.824, 23.398], [92.824, 23.397], [92.823, 23.397], [92.823, 23.396], [92.823, 23.395], [92.822, 23.395], [92.822, 23.394], [92.823, 23.394], [92.823, 23.393], [92.824, 23.392], [92.825, 23.391], [92.824, 23.39], [92.823, 23.391], [92.822, 23.391], [92.822, 23.392], [92.822, 23.391], [92.822, 23.39], [92.822, 23.389], [92.822, 23.388], [92.821, 23.388], [92.821, 23.387], [92.821, 23.386], [92.821, 23.385], [92.822, 23.385], [92.823, 23.386], [92.824, 23.386], [92.824, 23.385], [92.825, 23.385], [92.825, 23.384], [92.826, 23.384], [92.827, 23.384], [92.828, 23.384], [92.828, 23.383], [92.829, 23.384], [92.829, 23.385], [92.83, 23.385], [92.831, 23.385], [92.831, 23.384], [92.831, 23.383], [92.83, 23.383], [92.83, 23.382], [92.83, 23.381], [92.829, 23.381], [92.829, 23.38], [92.83, 23.379], [92.83, 23.378], [92.829, 23.378], [92.828, 23.378], [92.827, 23.378], [92.827, 23.377], [92.828, 23.376], [92.826, 23.375], [92.824, 23.373], [92.823, 23.373], [92.823, 23.372], [92.822, 23.371], [92.823, 23.37], [92.824, 23.37], [92.825, 23.37], [92.825, 23.369], [92.826, 23.368], [92.826, 23.367], [92.827, 23.367], [92.828, 23.367], [92.829, 23.367], [92.83, 23.367], [92.83, 23.366], [92.831, 23.365], [92.832, 23.364], [92.833, 23.363], [92.833, 23.362], [92.833, 23.361], [92.833, 23.36], [92.833, 23.359], [92.833, 23.358], [92.834, 23.357], [92.834, 23.356], [92.834, 23.355], [92.834, 23.354], [92.834, 23.353], [92.835, 23.352], [92.835, 23.351], [92.835, 23.35], [92.835, 23.349], [92.836, 23.349], [92.837, 23.349], [92.837, 23.348], [92.838, 23.348], [92.838, 23.347], [92.839, 23.346], [92.839, 23.345], [92.838, 23.344], [92.838, 23.343], [92.838, 23.342], [92.839, 23.341], [92.84, 23.341], [92.841, 23.34], [92.84, 23.339], [92.84, 23.338], [92.84, 23.337], [92.84, 23.336], [92.84, 23.335], [92.839, 23.335], [92.839, 23.334], [92.839, 23.333], [92.838, 23.333], [92.837, 23.333], [92.836, 23.334], [92.835, 23.334], [92.834, 23.334], [92.833, 23.335], [92.832, 23.335], [92.831, 23.334], [92.829, 23.334], [92.828, 23.334], [92.827, 23.334], [92.826, 23.334], [92.825, 23.334], [92.824, 23.333], [92.823, 23.333], [92.823, 23.332], [92.822, 23.332], [92.822, 23.331], [92.821, 23.331], [92.821, 23.33], [92.82, 23.329], [92.819, 23.328], [92.818, 23.327], [92.817, 23.327], [92.816, 23.327], [92.815, 23.326], [92.814, 23.326], [92.814, 23.325], [92.813, 23.326], [92.812, 23.326], [92.812, 23.327], [92.811, 23.327], [92.811, 23.328], [92.81, 23.328], [92.809, 23.328], [92.806, 23.328], [92.805, 23.328], [92.804, 23.328], [92.803, 23.328], [92.802, 23.328], [92.801, 23.328], [92.799, 23.327], [92.798, 23.327], [92.796, 23.327], [92.794, 23.327], [92.793, 23.328], [92.792, 23.328], [92.791, 23.328], [92.79, 23.328], [92.789, 23.328], [92.787, 23.328], [92.786, 23.329], [92.784, 23.329], [92.783, 23.329], [92.782, 23.328], [92.781, 23.327], [92.78, 23.327], [92.779, 23.327], [92.778, 23.327], [92.778, 23.328], [92.777, 23.328], [92.776, 23.328], [92.776, 23.329], [92.776, 23.33], [92.776, 23.331], [92.775, 23.331], [92.774, 23.331], [92.774, 23.332], [92.773, 23.332], [92.773, 23.333], [92.772, 23.333], [92.771, 23.333], [92.771, 23.334], [92.771, 23.335], [92.77, 23.335], [92.77, 23.336], [92.769, 23.336], [92.768, 23.336], [92.767, 23.336], [92.766, 23.336], [92.765, 23.336], [92.764, 23.337], [92.763, 23.338], [92.762, 23.339], [92.761, 23.339], [92.76, 23.339], [92.759, 23.339], [92.758, 23.339], [92.757, 23.339], [92.756, 23.339], [92.755, 23.34], [92.754, 23.341], [92.753, 23.341], [92.753, 23.342], [92.752, 23.342], [92.751, 23.342], [92.751, 23.341], [92.75, 23.341], [92.75, 23.34], [92.749, 23.34], [92.748, 23.34], [92.747, 23.34], [92.746, 23.341], [92.745, 23.341], [92.744, 23.34], [92.743, 23.34], [92.742, 23.34], [92.741, 23.34], [92.741, 23.339], [92.74, 23.339], [92.74, 23.34], [92.739, 23.34], [92.738, 23.341], [92.738, 23.342], [92.737, 23.342], [92.737, 23.343], [92.736, 23.343], [92.736, 23.344], [92.735, 23.344], [92.734, 23.343], [92.733, 23.344], [92.733, 23.345], [92.732, 23.345], [92.731, 23.345], [92.731, 23.346], [92.732, 23.346], [92.732, 23.347], [92.732, 23.348], [92.733, 23.349], [92.733, 23.35], [92.732, 23.35], [92.732, 23.349], [92.731, 23.349], [92.73, 23.349], [92.729, 23.349], [92.729, 23.348], [92.728, 23.348], [92.727, 23.349], [92.726, 23.349], [92.725, 23.349], [92.724, 23.349], [92.723, 23.349], [92.723, 23.35], [92.722, 23.35], [92.722, 23.351], [92.721, 23.351], [92.721, 23.35], [92.72, 23.35], [92.719, 23.35], [92.718, 23.35], [92.717, 23.35], [92.716, 23.35], [92.715, 23.349], [92.715, 23.348], [92.716, 23.348], [92.717, 23.348], [92.718, 23.348], [92.718, 23.347], [92.719, 23.347], [92.719, 23.346], [92.718, 23.345], [92.718, 23.344], [92.717, 23.344], [92.717, 23.343], [92.717, 23.342], [92.717, 23.341], [92.717, 23.34], [92.718, 23.34], [92.717, 23.339], [92.717, 23.338], [92.717, 23.337], [92.716, 23.337], [92.716, 23.336], [92.717, 23.336], [92.717, 23.335], [92.717, 23.334], [92.718, 23.334], [92.718, 23.333], [92.718, 23.332], [92.718, 23.331], [92.717, 23.331], [92.717, 23.33], [92.716, 23.329], [92.716, 23.328], [92.715, 23.328], [92.714, 23.327], [92.714, 23.326], [92.714, 23.325], [92.714, 23.324], [92.714, 23.323], [92.714, 23.322], [92.713, 23.322], [92.713, 23.321], [92.712, 23.321], [92.711, 23.321], [92.71, 23.321], [92.709, 23.321], [92.709, 23.32], [92.708, 23.32], [92.707, 23.32], [92.706, 23.32], [92.706, 23.319], [92.705, 23.319], [92.704, 23.319], [92.703, 23.319], [92.702, 23.32], [92.701, 23.319], [92.701, 23.32], [92.7, 23.32], [92.699, 23.32], [92.699, 23.321], [92.699, 23.322], [92.698, 23.323], [92.698, 23.324], [92.697, 23.325], [92.696, 23.326], [92.696, 23.327], [92.695, 23.327], [92.694, 23.327], [92.694, 23.326], [92.693, 23.326], [92.693, 23.325], [92.694, 23.325], [92.694, 23.324], [92.693, 23.324], [92.693, 23.323], [92.692, 23.323], [92.691, 23.323], [92.69, 23.323], [92.689, 23.323], [92.688, 23.324], [92.688, 23.325], [92.686, 23.324], [92.685, 23.323], [92.684, 23.323], [92.683, 23.323], [92.683, 23.324], [92.682, 23.324], [92.682, 23.325], [92.681, 23.326], [92.681, 23.327], [92.681, 23.328], [92.682, 23.328], [92.683, 23.328], [92.684, 23.327], [92.685, 23.327], [92.686, 23.327], [92.686, 23.328], [92.686, 23.329], [92.686, 23.33], [92.686, 23.331], [92.685, 23.332], [92.685, 23.333], [92.684, 23.334], [92.684, 23.335], [92.684, 23.336], [92.684, 23.337], [92.684, 23.338], [92.685, 23.338], [92.685, 23.339], [92.686, 23.339], [92.686, 23.34], [92.687, 23.34], [92.687, 23.341], [92.687, 23.342], [92.686, 23.343], [92.687, 23.344], [92.687, 23.345], [92.687, 23.346], [92.686, 23.348], [92.686, 23.349], [92.685, 23.35], [92.685, 23.351], [92.685, 23.352], [92.685, 23.353], [92.686, 23.353], [92.687, 23.353], [92.687, 23.354], [92.687, 23.355], [92.687, 23.356], [92.686, 23.357], [92.685, 23.357], [92.685, 23.358], [92.685, 23.359], [92.685, 23.36], [92.685, 23.361], [92.685, 23.362], [92.684, 23.362], [92.684, 23.363], [92.684, 23.364], [92.684, 23.365], [92.684, 23.366], [92.683, 23.367], [92.682, 23.368], [92.682, 23.369], [92.681, 23.369], [92.68, 23.369], [92.679, 23.369], [92.678, 23.369], [92.677, 23.369], [92.676, 23.369], [92.674, 23.368], [92.673, 23.368], [92.672, 23.367], [92.671, 23.368], [92.671, 23.369], [92.672, 23.369], [92.673, 23.37], [92.675, 23.371], [92.676, 23.372], [92.676, 23.373], [92.675, 23.373], [92.675, 23.374], [92.674, 23.375], [92.674, 23.376], [92.674, 23.377], [92.675, 23.378], [92.676, 23.378], [92.676, 23.379], [92.676, 23.38], [92.675, 23.38], [92.675, 23.381], [92.674, 23.381], [92.673, 23.382], [92.673, 23.383], [92.672, 23.384], [92.671, 23.384], [92.67, 23.384], [92.67, 23.385], [92.669, 23.385], [92.669, 23.386], [92.669, 23.388], [92.668, 23.388], [92.668, 23.389], [92.666, 23.391], [92.665, 23.392], [92.664, 23.392], [92.664, 23.393], [92.665, 23.394], [92.665, 23.395], [92.666, 23.396], [92.666, 23.397], [92.666, 23.399], [92.667, 23.401], [92.668, 23.403], [92.667, 23.404], [92.667, 23.405], [92.666, 23.406], [92.666, 23.407], [92.666, 23.408], [92.665, 23.408], [92.664, 23.408], [92.663, 23.409], [92.663, 23.41], [92.663, 23.411], [92.663, 23.412], [92.663, 23.413], [92.663, 23.414], [92.663, 23.415], [92.663, 23.416], [92.662, 23.417], [92.661, 23.417], [92.661, 23.418], [92.661, 23.419], [92.66, 23.42], [92.659, 23.421], [92.658, 23.421], [92.658, 23.422], [92.657, 23.422], [92.657, 23.423], [92.657, 23.424], [92.657, 23.425], [92.657, 23.426], [92.657, 23.427], [92.657, 23.428], [92.657, 23.43], [92.657, 23.431], [92.657, 23.432], [92.657, 23.433], [92.657, 23.434], [92.656, 23.437], [92.655, 23.438], [92.655, 23.439], [92.655, 23.44], [92.656, 23.44], [92.656, 23.441], [92.656, 23.442], [92.656, 23.443], [92.656, 23.444], [92.655, 23.445], [92.655, 23.446], [92.655, 23.447], [92.656, 23.448], [92.656, 23.449], [92.657, 23.45], [92.657, 23.451], [92.656, 23.451], [92.656, 23.452], [92.655, 23.452], [92.655, 23.453], [92.655, 23.454], [92.655, 23.455], [92.656, 23.456], [92.656, 23.457], [92.656, 23.458], [92.655, 23.46], [92.655, 23.462], [92.656, 23.463], [92.656, 23.465], [92.656, 23.467], [92.656, 23.468], [92.657, 23.469], [92.657, 23.471], [92.657, 23.472], [92.657, 23.473], [92.656, 23.473], [92.656, 23.474], [92.656, 23.475], [92.656, 23.476], [92.656, 23.477], [92.656, 23.48], [92.655, 23.48], [92.655, 23.481], [92.655, 23.482], [92.655, 23.483], [92.654, 23.484], [92.653, 23.485], [92.653, 23.486], [92.653, 23.487], [92.653, 23.488], [92.653, 23.489], [92.653, 23.49], [92.654, 23.491], [92.655, 23.492], [92.656, 23.493], [92.657, 23.495], [92.658, 23.497], [92.658, 23.498], [92.659, 23.499], [92.659, 23.5], [92.659, 23.501], [92.659, 23.502], [92.659, 23.503], [92.658, 23.504], [92.658, 23.505], [92.657, 23.505], [92.656, 23.506], [92.655, 23.507], [92.654, 23.507], [92.654, 23.508], [92.654, 23.509], [92.655, 23.509], [92.655, 23.51], [92.655, 23.511], [92.655, 23.512], [92.655, 23.513], [92.655, 23.514], [92.655, 23.515], [92.655, 23.516], [92.655, 23.517], [92.655, 23.518], [92.655, 23.519], [92.654, 23.52], [92.653, 23.521], [92.652, 23.521], [92.651, 23.521], [92.65, 23.521], [92.649, 23.521], [92.648, 23.521], [92.646, 23.52], [92.645, 23.52], [92.644, 23.52], [92.644, 23.521], [92.643, 23.521], [92.642, 23.522], [92.641, 23.523], [92.64, 23.523], [92.639, 23.524], [92.638, 23.525], [92.638, 23.526], [92.637, 23.527], [92.637, 23.528], [92.636, 23.529], [92.636, 23.53], [92.635, 23.531], [92.635, 23.533], [92.634, 23.534], [92.634, 23.535], [92.634, 23.536], [92.633, 23.538], [92.633, 23.539], [92.634, 23.54], [92.634, 23.541], [92.635, 23.541], [92.636, 23.541], [92.636, 23.542], [92.637, 23.542], [92.638, 23.542], [92.639, 23.543], [92.64, 23.544], [92.641, 23.544], [92.642, 23.545], [92.643, 23.546], [92.643, 23.547], [92.643, 23.548], [92.643, 23.549], [92.643, 23.55], [92.643, 23.551], [92.643, 23.552], [92.643, 23.553], [92.643, 23.554], [92.644, 23.554], [92.644, 23.555], [92.645, 23.556], [92.646, 23.556], [92.647, 23.556], [92.648, 23.556], [92.649, 23.556], [92.65, 23.556], [92.651, 23.556], [92.652, 23.557], [92.653, 23.558], [92.654, 23.558], [92.655, 23.559], [92.655, 23.56], [92.656, 23.56], [92.656, 23.561], [92.657, 23.562], [92.657, 23.563], [92.658, 23.564], [92.658, 23.566], [92.659, 23.567], [92.659, 23.568], [92.659, 23.569], [92.659, 23.57], [92.659, 23.571], [92.659, 23.572], [92.658, 23.572], [92.658, 23.573], [92.657, 23.573], [92.657, 23.574], [92.656, 23.574], [92.655, 23.575], [92.654, 23.575], [92.653, 23.576], [92.652, 23.577], [92.651, 23.578], [92.651, 23.579], [92.651, 23.58], [92.65, 23.581], [92.65, 23.583], [92.65, 23.584], [92.65, 23.585], [92.65, 23.586], [92.649, 23.587], [92.649, 23.588], [92.649, 23.589], [92.649, 23.59], [92.65, 23.591], [92.65, 23.592], [92.651, 23.593], [92.652, 23.594], [92.652, 23.595], [92.653, 23.595], [92.654, 23.595], [92.655, 23.595], [92.656, 23.595], [92.657, 23.595], [92.658, 23.595], [92.659, 23.595], [92.66, 23.595], [92.661, 23.595], [92.662, 23.596], [92.663, 23.596], [92.664, 23.596], [92.665, 23.597], [92.666, 23.598], [92.667, 23.599], [92.667, 23.6], [92.668, 23.6], [92.668, 23.601], [92.669, 23.602], [92.67, 23.602], [92.67, 23.603], [92.671, 23.604], [92.671, 23.605], [92.672, 23.606], [92.672, 23.607], [92.673, 23.608], [92.673, 23.609], [92.673, 23.61], [92.673, 23.611], [92.673, 23.612], [92.673, 23.613], [92.673, 23.614], [92.673, 23.615], [92.673, 23.616], [92.673, 23.617], [92.674, 23.619], [92.674, 23.62], [92.674, 23.621], [92.674, 23.622], [92.673, 23.623], [92.673, 23.624], [92.672, 23.624], [92.677, 23.626], [92.678, 23.626], [92.689, 23.631], [92.699, 23.642], [92.707, 23.649], [92.717, 23.66], [92.727, 23.667], [92.742, 23.664], [92.754, 23.656], [92.773, 23.654], [92.779, 23.657], [92.792, 23.644], [92.791, 23.645], [92.79, 23.645], [92.79, 23.644], [92.79, 23.643], [92.79, 23.642], [92.79, 23.641], [92.789, 23.641], [92.788, 23.641], [92.788, 23.64], [92.789, 23.64], [92.79, 23.64], [92.79, 23.639], [92.791, 23.639], [92.791, 23.638], [92.79, 23.637], [92.79, 23.636], [92.791, 23.635], [92.791, 23.634], [92.79, 23.634], [92.789, 23.634], [92.789, 23.635], [92.788, 23.635], [92.788, 23.634], [92.789, 23.633], [92.789, 23.632], [92.789, 23.631], [92.789, 23.63], [92.788, 23.63], [92.788, 23.629], [92.787, 23.629], [92.787, 23.628], [92.787, 23.627], [92.787, 23.626], [92.788, 23.625], [92.788, 23.624], [92.788, 23.623], [92.788, 23.622], [92.788, 23.621], [92.787, 23.619], [92.786, 23.617], [92.786, 23.616], [92.786, 23.615], [92.785, 23.614], [92.785, 23.613], [92.784, 23.613], [92.784, 23.612], [92.785, 23.612], [92.785, 23.611], [92.785, 23.609], [92.785, 23.608], [92.785, 23.607], [92.785, 23.605], [92.785, 23.604], [92.785, 23.603], [92.786, 23.602], [92.786, 23.6], [92.785, 23.6], [92.785, 23.599], [92.784, 23.599], [92.783, 23.599], [92.782, 23.599], [92.781, 23.6], [92.78, 23.6], [92.779, 23.6], [92.778, 23.6], [92.777, 23.6], [92.776, 23.599], [92.776, 23.598], [92.775, 23.598], [92.774, 23.598], [92.774, 23.597], [92.773, 23.597], [92.772, 23.596], [92.771, 23.596], [92.77, 23.595], [92.769, 23.595], [92.769, 23.594], [92.769, 23.593], [92.769, 23.592], [92.77, 23.592], [92.77, 23.591], [92.771, 23.59], [92.771, 23.589], [92.771, 23.587], [92.771, 23.586], [92.772, 23.586], [92.773, 23.586], [92.773, 23.585], [92.774, 23.584], [92.774, 23.583], [92.774, 23.582], [92.773, 23.581], [92.773, 23.58], [92.774, 23.58], [92.773, 23.579], [92.773, 23.578], [92.773, 23.577], [92.772, 23.577], [92.772, 23.576], [92.772, 23.575], [92.773, 23.575], [92.774, 23.575], [92.774, 23.574], [92.774, 23.573], [92.774, 23.572], [92.773, 23.571], [92.773, 23.57], [92.773, 23.569], [92.773, 23.567], [92.772, 23.566], [92.772, 23.565], [92.772, 23.564], [92.773, 23.564], [92.773, 23.563], [92.772, 23.562], [92.773, 23.562], [92.773, 23.561], [92.774, 23.561], [92.774, 23.56], [92.774, 23.559], [92.774, 23.558], [92.775, 23.558], [92.776, 23.557], [92.777, 23.557], [92.777, 23.556], [92.778, 23.556], [92.779, 23.556], [92.78, 23.556], [92.781, 23.555], [92.782, 23.555], [92.783, 23.555], [92.783, 23.554], [92.784, 23.554], [92.785, 23.554], [92.786, 23.554], [92.787, 23.553], [92.789, 23.553], [92.79, 23.553], [92.791, 23.553], [92.792, 23.553], [92.793, 23.553], [92.793, 23.552], [92.794, 23.552], [92.795, 23.552], [92.795, 23.551], [92.796, 23.551], [92.797, 23.551], [92.798, 23.55], [92.798, 23.549], [92.798, 23.548], [92.797, 23.548], [92.798, 23.548], [92.798, 23.547], [92.799, 23.546], [92.799, 23.545], [92.798, 23.544], [92.799, 23.544], [92.799, 23.543], [92.8, 23.543], [92.8, 23.542], [92.8, 23.541], [92.8, 23.54], [92.799, 23.54], [92.799, 23.539], [92.799, 23.538], [92.8, 23.538], [92.8, 23.539], [92.801, 23.539], [92.802, 23.539], [92.802, 23.538], [92.801, 23.538], [92.8, 23.538], [92.8, 23.537], [92.8, 23.536], [92.799, 23.536], [92.798, 23.537], [92.797, 23.537], [92.796, 23.537], [92.796, 23.536], [92.796, 23.535], [92.797, 23.534], [92.798, 23.534], [92.798, 23.533], [92.797, 23.533], [92.796, 23.533], [92.796, 23.532], [92.796, 23.531], [92.796, 23.53], [92.796, 23.529], [92.797, 23.529], [92.797, 23.528], [92.796, 23.527], [92.795, 23.527], [92.795, 23.526], [92.796, 23.526], [92.797, 23.525]]]}, "properties": {"OBJECTID": 2939, "stcode11": "15", "dtcode11": "283", "sdtcode11": "01904", "stname": "MIZORAM", "dtname": "Aizawl", "sdtname": "Aibawk", "subdt_lgd": 1904, "dist_lgd": 261, "state_lgd": 15, "shape_Length": 149927.99966048825, "shape_Area": 618069590.1961414, "st_area_sh": 0, "st_length_": 0, "remarks": "", "ac_no": null, "test": 2940}}, {"type": "Feature", "geometry": {"type": "Polygon", "coordinates": [[[92.832, 23.848], [92.833, 23.848], [92.834, 23.848], [92.835, 23.848], [92.835, 23.847], [92.835, 23.846], [92.836, 23.845], [92.836, 23.844], [92.837, 23.844], [92.837, 23.843], [92.837, 23.842], [92.838, 23.842], [92.839, 23.841], [92.839, 23.84], [92.84, 23.84], [92.841, 23.84], [92.842, 23.84], [92.842, 23.839], [92.843, 23.839], [92.843, 23.838], [92.844, 23.838], [92.844, 23.837], [92.845, 23.836], [92.846, 23.835], [92.847, 23.835], [92.848, 23.834], [92.848, 23.833], [92.848, 23.832], [92.847, 23.83], [92.847, 23.829], [92.848, 23.828], [92.849, 23.828], [92.85, 23.829], [92.851, 23.829], [92.851, 23.828], [92.851, 23.827], [92.852, 23.826], [92.852, 23.825], [92.852, 23.824], [92.852, 23.823], [92.853, 23.822], [92.854, 23.822], [92.854, 23.821], [92.855, 23.821], [92.856, 23.821], [92.856, 23.82], [92.856, 23.819], [92.856, 23.818], [92.856, 23.817], [92.856, 23.816], [92.856, 23.815], [92.856, 23.814], [92.856, 23.813], [92.857, 23.813], [92.86, 23.812], [92.861, 23.812], [92.861, 23.811], [92.861, 23.81], [92.862, 23.809], [92.862, 23.808], [92.863, 23.808], [92.864, 23.807], [92.865, 23.807], [92.866, 23.808], [92.867, 23.808], [92.868, 23.808], [92.869, 23.808], [92.87, 23.808], [92.871, 23.808], [92.871, 23.807], [92.872, 23.807], [92.872, 23.806], [92.873, 23.805], [92.874, 23.805], [92.875, 23.805], [92.876, 23.804], [92.877, 23.804], [92.878, 23.804], [92.879, 23.804], [92.879, 23.803], [92.88, 23.803], [92.881, 23.803], [92.882, 23.803], [92.883, 23.802], [92.884, 23.802], [92.885, 23.802], [92.886, 23.801], [92.887, 23.801], [92.888, 23.8], [92.888, 23.799], [92.889, 23.799], [92.889, 23.798], [92.89, 23.797], [92.891, 23.797], [92.891, 23.796], [92.891, 23.795], [92.89, 23.795], [92.889, 23.794], [92.889, 23.793], [92.888, 23.793], [92.888, 23.792], [92.887, 23.792], [92.887, 23.791], [92.886, 23.791], [92.886, 23.79], [92.886, 23.789], [92.885, 23.788], [92.885, 23.787], [92.885, 23.786], [92.886, 23.786], [92.886, 23.785], [92.887, 23.786], [92.888, 23.787], [92.889, 23.787], [92.89, 23.787], [92.891, 23.787], [92.892, 23.788], [92.892, 23.789], [92.892, 23.79], [92.892, 23.791], [92.892, 23.792], [92.893, 23.792], [92.893, 23.793], [92.893, 23.794], [92.894, 23.794], [92.895, 23.794], [92.896, 23.794], [92.896, 23.795], [92.897, 23.795], [92.897, 23.796], [92.898, 23.796], [92.898, 23.797], [92.899, 23.798], [92.899, 23.799], [92.899, 23.8], [92.9, 23.8], [92.9, 23.801], [92.9, 23.802], [92.901, 23.802], [92.901, 23.803], [92.902, 23.803], [92.902, 23.804], [92.902, 23.805], [92.903, 23.806], [92.903, 23.807], [92.904, 23.808], [92.905, 23.808], [92.905, 23.809], [92.906, 23.809], [92.907, 23.809], [92.908, 23.809], [92.909, 23.809], [92.909, 23.808], [92.91, 23.808], [92.911, 23.808], [92.911, 23.807], [92.912, 23.807], [92.912, 23.806], [92.913, 23.806], [92.914, 23.805], [92.915, 23.805], [92.915, 23.806], [92.916, 23.805], [92.917, 23.805], [92.918, 23.805], [92.919, 23.805], [92.92, 23.805], [92.921, 23.805], [92.922, 23.805], [92.923, 23.805], [92.924, 23.805], [92.925, 23.805], [92.926, 23.805], [92.928, 23.805], [92.929, 23.805], [92.93, 23.805], [92.931, 23.805], [92.932, 23.805], [92.932, 23.806], [92.933, 23.806], [92.934, 23.806], [92.935, 23.806], [92.936, 23.806], [92.937, 23.806], [92.938, 23.806], [92.939, 23.806], [92.94, 23.806], [92.941, 23.806], [92.942, 23.806], [92.943, 23.805], [92.944, 23.805], [92.945, 23.805], [92.946, 23.805], [92.947, 23.804], [92.947, 23.805], [92.947, 23.806], [92.948, 23.806], [92.948, 23.807], [92.949, 23.807], [92.95, 23.807], [92.951, 23.807], [92.952, 23.807], [92.953, 23.807], [92.954, 23.807], [92.955, 23.808], [92.956, 23.808], [92.957, 23.808], [92.958, 23.808], [92.959, 23.808], [92.96, 23.808], [92.961, 23.808], [92.962, 23.809], [92.963, 23.809], [92.964, 23.809], [92.965, 23.809], [92.966, 23.81], [92.967, 23.81], [92.968, 23.811], [92.969, 23.811], [92.969, 23.81], [92.97, 23.81], [92.971, 23.81], [92.972, 23.81], [92.973, 23.81], [92.974, 23.81], [92.975, 23.81], [92.976, 23.809], [92.977, 23.809], [92.977, 23.81], [92.978, 23.81], [92.979, 23.81], [92.979, 23.809], [92.98, 23.809], [92.982, 23.808], [92.983, 23.808], [92.984, 23.808], [92.984, 23.807], [92.985, 23.806], [92.985, 23.805], [92.986, 23.805], [92.986, 23.804], [92.987, 23.804], [92.988, 23.804], [92.989, 23.803], [92.989, 23.802], [92.99, 23.802], [92.991, 23.802], [92.992, 23.802], [92.992, 23.803], [92.993, 23.803], [92.994, 23.803], [92.995, 23.803], [92.996, 23.802], [92.997, 23.802], [92.998, 23.802], [92.999, 23.802], [93.0, 23.802], [93.001, 23.801], [93.002, 23.799], [93.003, 23.794], [93.01, 23.787], [93.023, 23.777], [93.023, 23.776], [93.024, 23.776], [93.024, 23.775], [93.024, 23.774], [93.024, 23.773], [93.024, 23.772], [93.023, 23.772], [93.023, 23.771], [93.024, 23.771], [93.024, 23.77], [93.024, 23.769], [93.024, 23.768], [93.024, 23.767], [93.024, 23.766], [93.025, 23.766], [93.026, 23.766], [93.025, 23.766], [93.025, 23.765], [93.025, 23.764], [93.024, 23.763], [93.024, 23.762], [93.025, 23.762], [93.026, 23.762], [93.027, 23.762], [93.027, 23.761], [93.026, 23.76], [93.026, 23.759], [93.026, 23.758], [93.027, 23.758], [93.028, 23.758], [93.029, 23.758], [93.029, 23.757], [93.029, 23.756], [93.029, 23.755], [93.028, 23.755], [93.027, 23.754], [93.026, 23.754], [93.026, 23.753], [93.026, 23.752], [93.027, 23.752], [93.028, 23.752], [93.029, 23.752], [93.03, 23.752], [93.03, 23.751], [93.031, 23.751], [93.031, 23.75], [93.03, 23.75], [93.03, 23.749], [93.029, 23.749], [93.029, 23.748], [93.029, 23.746], [93.031, 23.747], [93.032, 23.746], [93.03, 23.745], [93.03, 23.744], [93.03, 23.743], [93.031, 23.743], [93.032, 23.742], [93.032, 23.741], [93.033, 23.74], [93.033, 23.739], [93.033, 23.738], [93.032, 23.738], [93.031, 23.738], [93.03, 23.738], [93.029, 23.738], [93.028, 23.737], [93.027, 23.737], [93.026, 23.736], [93.025, 23.735], [93.024, 23.733], [93.024, 23.732], [93.025, 23.732], [93.025, 23.731], [93.026, 23.729], [93.027, 23.727], [93.027, 23.726], [93.027, 23.725], [93.027, 23.724], [93.027, 23.723], [93.027, 23.722], [93.027, 23.721], [93.027, 23.72], [93.027, 23.719], [93.027, 23.718], [93.027, 23.717], [93.027, 23.716], [93.026, 23.716], [93.025, 23.716], [93.025, 23.715], [93.025, 23.714], [93.026, 23.713], [93.026, 23.712], [93.026, 23.711], [93.027, 23.711], [93.028, 23.712], [93.029, 23.712], [93.029, 23.711], [93.03, 23.71], [93.031, 23.708], [93.031, 23.706], [93.031, 23.704], [93.031, 23.703], [93.031, 23.702], [93.031, 23.701], [93.03, 23.701], [93.03, 23.7], [93.03, 23.699], [93.03, 23.698], [93.031, 23.698], [93.031, 23.697], [93.031, 23.696], [93.031, 23.695], [93.031, 23.694], [93.031, 23.693], [93.03, 23.693], [93.029, 23.693], [93.029, 23.692], [93.029, 23.691], [93.029, 23.69], [93.029, 23.689], [93.029, 23.688], [93.029, 23.687], [93.028, 23.686], [93.027, 23.686], [93.026, 23.686], [93.025, 23.686], [93.024, 23.686], [93.024, 23.685], [93.025, 23.683], [93.025, 23.682], [93.025, 23.681], [93.025, 23.68], [93.025, 23.678], [93.024, 23.678], [93.024, 23.677], [93.025, 23.677], [93.026, 23.678], [93.027, 23.679], [93.027, 23.68], [93.028, 23.68], [93.028, 23.679], [93.028, 23.678], [93.028, 23.677], [93.026, 23.676], [93.026, 23.675], [93.026, 23.674], [93.027, 23.674], [93.027, 23.673], [93.028, 23.672], [93.027, 23.671], [93.027, 23.67], [93.028, 23.67], [93.028, 23.669], [93.028, 23.668], [93.027, 23.667], [93.028, 23.666], [93.028, 23.665], [93.028, 23.663], [93.028, 23.662], [93.027, 23.662], [93.028, 23.662], [93.028, 23.661], [93.028, 23.66], [93.028, 23.659], [93.029, 23.659], [93.03, 23.659], [93.03, 23.658], [93.029, 23.658], [93.029, 23.657], [93.029, 23.656], [93.029, 23.654], [93.03, 23.654], [93.03, 23.655], [93.031, 23.655], [93.031, 23.654], [93.031, 23.653], [93.031, 23.652], [93.032, 23.652], [93.032, 23.651], [93.031, 23.651], [93.031, 23.65], [93.032, 23.649], [93.032, 23.648], [93.033, 23.648], [93.033, 23.647], [93.032, 23.646], [93.033, 23.646], [93.033, 23.645], [93.032, 23.645], [93.032, 23.644], [93.032, 23.643], [93.032, 23.642], [93.032, 23.641], [93.032, 23.64], [93.031, 23.639], [93.03, 23.638], [93.03, 23.637], [93.031, 23.636], [93.031, 23.635], [93.031, 23.633], [93.031, 23.632], [93.03, 23.632], [93.029, 23.632], [93.028, 23.631], [93.028, 23.63], [93.028, 23.629], [93.029, 23.628], [93.03, 23.627], [93.03, 23.626], [93.029, 23.626], [93.028, 23.626], [93.029, 23.625], [93.029, 23.624], [93.029, 23.623], [93.029, 23.622], [93.029, 23.621], [93.028, 23.62], [93.028, 23.619], [93.029, 23.617], [93.029, 23.616], [93.029, 23.615], [93.029, 23.614], [93.028, 23.614], [93.029, 23.613], [93.029, 23.612], [93.03, 23.612], [93.03, 23.611], [93.029, 23.611], [93.028, 23.61], [93.028, 23.609], [93.028, 23.608], [93.029, 23.608], [93.029, 23.607], [93.029, 23.606], [93.029, 23.605], [93.029, 23.604], [93.028, 23.604], [93.028, 23.603], [93.028, 23.602], [93.028, 23.601], [93.028, 23.6], [93.028, 23.599], [93.028, 23.598], [93.028, 23.597], [93.028, 23.596], [93.029, 23.595], [93.029, 23.594], [93.029, 23.593], [93.029, 23.592], [93.029, 23.591], [93.029, 23.59], [93.029, 23.589], [93.029, 23.588], [93.029, 23.586], [93.03, 23.585], [93.031, 23.584], [93.031, 23.583], [93.031, 23.582], [93.031, 23.581], [93.031, 23.58], [93.032, 23.58], [93.032, 23.579], [93.031, 23.579], [93.031, 23.578], [93.032, 23.578], [93.033, 23.578], [93.033, 23.577], [93.034, 23.577], [93.034, 23.576], [93.035, 23.576], [93.035, 23.575], [93.035, 23.574], [93.035, 23.573], [93.034, 23.573], [93.034, 23.572], [93.034, 23.571], [93.034, 23.57], [93.034, 23.569], [93.034, 23.568], [93.033, 23.567], [93.033, 23.566], [93.032, 23.566], [93.031, 23.566], [93.031, 23.565], [93.032, 23.565], [93.033, 23.565], [93.032, 23.564], [93.033, 23.563], [93.033, 23.562], [93.034, 23.562], [93.035, 23.562], [93.036, 23.562], [93.037, 23.562], [93.036, 23.561], [93.035, 23.561], [93.034, 23.56], [93.034, 23.559], [93.034, 23.558], [93.033, 23.557], [93.033, 23.556], [93.033, 23.555], [93.033, 23.554], [93.033, 23.553], [93.034, 23.552], [93.035, 23.551], [93.036, 23.552], [93.037, 23.552], [93.037, 23.551], [93.037, 23.55], [93.037, 23.549], [93.037, 23.548], [93.037, 23.547], [93.037, 23.546], [93.038, 23.546], [93.038, 23.545], [93.038, 23.544], [93.038, 23.543], [93.039, 23.543], [93.039, 23.542], [93.038, 23.541], [93.038, 23.54], [93.039, 23.54], [93.039, 23.539], [93.038, 23.539], [93.037, 23.538], [93.037, 23.537], [93.038, 23.537], [93.039, 23.537], [93.04, 23.537], [93.04, 23.536], [93.039, 23.536], [93.039, 23.535], [93.039, 23.534], [93.039, 23.533], [93.038, 23.532], [93.039, 23.531], [93.04, 23.531], [93.039, 23.53], [93.039, 23.529], [93.039, 23.528], [93.038, 23.528], [93.038, 23.527], [93.039, 23.527], [93.04, 23.526], [93.04, 23.525], [93.041, 23.524], [93.04, 23.523], [93.04, 23.522], [93.041, 23.522], [93.04, 23.521], [93.04, 23.52], [93.04, 23.519], [93.039, 23.519], [93.038, 23.518], [93.037, 23.518], [93.037, 23.517], [93.036, 23.516], [93.035, 23.516], [93.035, 23.515], [93.034, 23.515], [93.034, 23.514], [93.033, 23.514], [93.032, 23.514], [93.031, 23.514], [93.03, 23.514], [93.029, 23.514], [93.028, 23.514], [93.027, 23.513], [93.026, 23.513], [93.025, 23.514], [93.025, 23.513], [93.024, 23.513], [93.024, 23.512], [93.024, 23.511], [93.023, 23.511], [93.022, 23.511], [93.021, 23.511], [93.02, 23.511], [93.02, 23.51], [93.021, 23.51], [93.021, 23.509], [93.02, 23.509], [93.019, 23.51], [93.018, 23.51], [93.018, 23.509], [93.018, 23.508], [93.017, 23.509], [93.017, 23.508], [93.016, 23.509], [93.015, 23.509], [93.015, 23.51], [93.014, 23.51], [93.014, 23.511], [93.013, 23.512], [93.012, 23.512], [93.012, 23.513], [93.011, 23.513], [93.01, 23.513], [93.008, 23.514], [93.007, 23.514], [93.006, 23.513], [93.005, 23.513], [93.004, 23.513], [93.003, 23.513], [93.002, 23.513], [93.0, 23.514], [92.999, 23.514], [92.998, 23.514], [92.997, 23.514], [92.996, 23.513], [92.995, 23.512], [92.994, 23.512], [92.993, 23.512], [92.992, 23.512], [92.991, 23.512], [92.99, 23.511], [92.99, 23.512], [92.986, 23.508], [92.986, 23.509], [92.985, 23.511], [92.985, 23.512], [92.984, 23.512], [92.984, 23.513], [92.983, 23.514], [92.982, 23.514], [92.982, 23.515], [92.981, 23.516], [92.98, 23.517], [92.979, 23.518], [92.977, 23.52], [92.976, 23.521], [92.975, 23.521], [92.975, 23.522], [92.973, 23.525], [92.972, 23.526], [92.971, 23.527], [92.97, 23.528], [92.967, 23.529], [92.966, 23.529], [92.964, 23.53], [92.963, 23.53], [92.962, 23.532], [92.961, 23.533], [92.961, 23.534], [92.96, 23.536], [92.96, 23.538], [92.958, 23.541], [92.956, 23.544], [92.953, 23.549], [92.952, 23.551], [92.951, 23.552], [92.95, 23.553], [92.949, 23.554], [92.948, 23.555], [92.946, 23.556], [92.945, 23.558], [92.944, 23.559], [92.941, 23.559], [92.94, 23.559], [92.939, 23.56], [92.938, 23.56], [92.937, 23.56], [92.936, 23.56], [92.935, 23.56], [92.934, 23.559], [92.932, 23.559], [92.931, 23.559], [92.93, 23.559], [92.929, 23.558], [92.928, 23.558], [92.927, 23.558], [92.927, 23.559], [92.926, 23.559], [92.926, 23.558], [92.925, 23.558], [92.924, 23.558], [92.923, 23.558], [92.922, 23.558], [92.921, 23.558], [92.92, 23.559], [92.919, 23.559], [92.918, 23.559], [92.917, 23.559], [92.916, 23.559], [92.915, 23.56], [92.913, 23.56], [92.912, 23.56], [92.91, 23.561], [92.909, 23.561], [92.909, 23.562], [92.908, 23.562], [92.908, 23.563], [92.907, 23.564], [92.906, 23.565], [92.905, 23.565], [92.903, 23.566], [92.902, 23.566], [92.902, 23.567], [92.901, 23.567], [92.9, 23.568], [92.9, 23.569], [92.899, 23.57], [92.898, 23.57], [92.897, 23.572], [92.897, 23.573], [92.898, 23.574], [92.898, 23.575], [92.899, 23.575], [92.898, 23.575], [92.898, 23.576], [92.899, 23.577], [92.899, 23.578], [92.897, 23.578], [92.896, 23.578], [92.895, 23.578], [92.895, 23.577], [92.895, 23.576], [92.894, 23.576], [92.893, 23.576], [92.892, 23.576], [92.891, 23.576], [92.892, 23.575], [92.891, 23.575], [92.891, 23.574], [92.89, 23.574], [92.891, 23.574], [92.892, 23.573], [92.891, 23.573], [92.891, 23.572], [92.89, 23.572], [92.889, 23.572], [92.888, 23.572], [92.888, 23.573], [92.887, 23.573], [92.887, 23.572], [92.886, 23.571], [92.885, 23.57], [92.885, 23.569], [92.884, 23.568], [92.884, 23.567], [92.883, 23.567], [92.882, 23.566], [92.883, 23.566], [92.882, 23.565], [92.881, 23.564], [92.88, 23.564], [92.881, 23.564], [92.882, 23.563], [92.883, 23.563], [92.883, 23.562], [92.882, 23.562], [92.881, 23.561], [92.881, 23.56], [92.882, 23.559], [92.882, 23.558], [92.881, 23.558], [92.88, 23.558], [92.88, 23.559], [92.879, 23.559], [92.878, 23.558], [92.877, 23.558], [92.876, 23.558], [92.875, 23.558], [92.874, 23.557], [92.873, 23.556], [92.872, 23.555], [92.871, 23.555], [92.87, 23.555], [92.869, 23.555], [92.868, 23.555], [92.868, 23.556], [92.867, 23.556], [92.867, 23.557], [92.867, 23.558], [92.866, 23.558], [92.865, 23.558], [92.864, 23.559], [92.863, 23.559], [92.861, 23.56], [92.86, 23.561], [92.859, 23.562], [92.858, 23.563], [92.857, 23.565], [92.856, 23.566], [92.856, 23.567], [92.856, 23.568], [92.855, 23.57], [92.855, 23.571], [92.854, 23.572], [92.853, 23.572], [92.853, 23.573], [92.853, 23.574], [92.852, 23.574], [92.85, 23.574], [92.849, 23.575], [92.848, 23.575], [92.847, 23.575], [92.846, 23.575], [92.845, 23.575], [92.844, 23.574], [92.843, 23.574], [92.842, 23.574], [92.841, 23.575], [92.84, 23.575], [92.839, 23.575], [92.838, 23.575], [92.836, 23.576], [92.835, 23.576], [92.834, 23.576], [92.834, 23.577], [92.833, 23.577], [92.833, 23.578], [92.832, 23.578], [92.832, 23.579], [92.832, 23.58], [92.831, 23.58], [92.83, 23.58], [92.83, 23.581], [92.829, 23.582], [92.829, 23.583], [92.829, 23.584], [92.828, 23.584], [92.828, 23.585], [92.827, 23.586], [92.827, 23.585], [92.826, 23.585], [92.825, 23.585], [92.825, 23.586], [92.824, 23.586], [92.824, 23.587], [92.824, 23.588], [92.823, 23.588], [92.822, 23.588], [92.822, 23.589], [92.822, 23.59], [92.822, 23.591], [92.823, 23.591], [92.823, 23.592], [92.822, 23.592], [92.821, 23.591], [92.82, 23.59], [92.819, 23.59], [92.818, 23.59], [92.817, 23.59], [92.817, 23.589], [92.816, 23.588], [92.816, 23.587], [92.815, 23.587], [92.814, 23.587], [92.812, 23.587], [92.811, 23.587], [92.81, 23.587], [92.809, 23.587], [92.809, 23.586], [92.809, 23.585], [92.809, 23.584], [92.808, 23.584], [92.807, 23.584], [92.806, 23.584], [92.805, 23.584], [92.804, 23.585], [92.803, 23.585], [92.802, 23.586], [92.801, 23.586], [92.801, 23.585], [92.8, 23.585], [92.799, 23.585], [92.798, 23.585], [92.798, 23.584], [92.797, 23.584], [92.796, 23.583], [92.795, 23.582], [92.794, 23.582], [92.794, 23.583], [92.793, 23.583], [92.793, 23.584], [92.793, 23.585], [92.793, 23.586], [92.792, 23.586], [92.792, 23.587], [92.791, 23.588], [92.791, 23.589], [92.791, 23.59], [92.791, 23.591], [92.791, 23.592], [92.79, 23.593], [92.79, 23.594], [92.79, 23.595], [92.789, 23.595], [92.788, 23.596], [92.788, 23.597], [92.788, 23.598], [92.788, 23.599], [92.786, 23.6], [92.786, 23.602], [92.785, 23.603], [92.785, 23.604], [92.785, 23.605], [92.785, 23.607], [92.785, 23.608], [92.785, 23.609], [92.785, 23.611], [92.785, 23.612], [92.784, 23.612], [92.784, 23.613], [92.785, 23.613], [92.785, 23.614], [92.786, 23.615], [92.786, 23.616], [92.786, 23.617], [92.787, 23.619], [92.788, 23.621], [92.788, 23.622], [92.788, 23.623], [92.788, 23.624], [92.788, 23.625], [92.787, 23.626], [92.787, 23.627], [92.787, 23.628], [92.787, 23.629], [92.788, 23.629], [92.788, 23.63], [92.789, 23.63], [92.789, 23.631], [92.789, 23.632], [92.789, 23.633], [92.788, 23.634], [92.788, 23.635], [92.789, 23.635], [92.789, 23.634], [92.79, 23.634], [92.791, 23.634], [92.791, 23.635], [92.79, 23.636], [92.79, 23.637], [92.791, 23.638], [92.791, 23.639], [92.79, 23.639], [92.79, 23.64], [92.789, 23.64], [92.788, 23.64], [92.788, 23.641], [92.789, 23.641], [92.79, 23.641], [92.79, 23.642], [92.79, 23.643], [92.79, 23.644], [92.79, 23.645], [92.791, 23.645], [92.792, 23.644], [92.792, 23.645], [92.791, 23.646], [92.791, 23.647], [92.791, 23.648], [92.792, 23.648], [92.792, 23.649], [92.791, 23.649], [92.79, 23.65], [92.79, 23.651], [92.79, 23.652], [92.791, 23.653], [92.791, 23.654], [92.791, 23.655], [92.791, 23.656], [92.792, 23.656], [92.792, 23.657], [92.792, 23.658], [92.793, 23.659], [92.793, 23.66], [92.793, 23.661], [92.793, 23.662], [92.793, 23.663], [92.793, 23.664], [92.793, 23.665], [92.794, 23.665], [92.794, 23.666], [92.794, 23.667], [92.795, 23.667], [92.795, 23.668], [92.794, 23.668], [92.794, 23.669], [92.794, 23.67], [92.795, 23.671], [92.795, 23.672], [92.795, 23.673], [92.795, 23.674], [92.796, 23.675], [92.796, 23.676], [92.796, 23.677], [92.795, 23.677], [92.794, 23.676], [92.794, 23.677], [92.793, 23.677], [92.793, 23.678], [92.794, 23.679], [92.793, 23.679], [92.793, 23.68], [92.792, 23.68], [92.792, 23.681], [92.791, 23.681], [92.791, 23.682], [92.792, 23.683], [92.792, 23.684], [92.792, 23.685], [92.791, 23.685], [92.791, 23.686], [92.791, 23.687], [92.791, 23.688], [92.791, 23.689], [92.79, 23.689], [92.79, 23.69], [92.79, 23.691], [92.79, 23.692], [92.79, 23.693], [92.79, 23.694], [92.79, 23.695], [92.79, 23.696], [92.79, 23.697], [92.79, 23.698], [92.791, 23.699], [92.791, 23.7], [92.791, 23.701], [92.791, 23.702], [92.791, 23.703], [92.791, 23.704], [92.792, 23.705], [92.793, 23.706], [92.794, 23.706], [92.795, 23.706], [92.796, 23.707], [92.796, 23.708], [92.797, 23.71], [92.797, 23.711], [92.797, 23.712], [92.797, 23.713], [92.798, 23.713], [92.798, 23.714], [92.799, 23.714], [92.799, 23.715], [92.799, 23.716], [92.8, 23.716], [92.8, 23.717], [92.8, 23.718], [92.8, 23.719], [92.8, 23.72], [92.8, 23.721], [92.801, 23.722], [92.801, 23.723], [92.801, 23.724], [92.8, 23.725], [92.8, 23.726], [92.801, 23.726], [92.802, 23.726], [92.802, 23.727], [92.802, 23.728], [92.802, 23.729], [92.803, 23.73], [92.803, 23.731], [92.803, 23.732], [92.804, 23.733], [92.805, 23.734], [92.805, 23.735], [92.805, 23.736], [92.805, 23.737], [92.806, 23.738], [92.806, 23.739], [92.806, 23.74], [92.806, 23.741], [92.806, 23.742], [92.807, 23.743], [92.807, 23.744], [92.807, 23.745], [92.807, 23.746], [92.807, 23.747], [92.807, 23.748], [92.807, 23.749], [92.808, 23.75], [92.808, 23.751], [92.808, 23.752], [92.808, 23.753], [92.808, 23.754], [92.808, 23.755], [92.808, 23.756], [92.808, 23.757], [92.808, 23.758], [92.808, 23.759], [92.808, 23.76], [92.809, 23.76], [92.809, 23.761], [92.809, 23.762], [92.809, 23.763], [92.809, 23.764], [92.809, 23.765], [92.809, 23.766], [92.809, 23.767], [92.81, 23.767], [92.81, 23.768], [92.81, 23.769], [92.81, 23.77], [92.81, 23.771], [92.81, 23.772], [92.81, 23.773], [92.811, 23.773], [92.811, 23.774], [92.812, 23.774], [92.812, 23.775], [92.813, 23.775], [92.813, 23.776], [92.813, 23.777], [92.813, 23.778], [92.813, 23.779], [92.813, 23.78], [92.813, 23.781], [92.813, 23.782], [92.813, 23.783], [92.812, 23.783], [92.812, 23.784], [92.812, 23.785], [92.811, 23.785], [92.811, 23.786], [92.81, 23.786], [92.81, 23.787], [92.81, 23.788], [92.81, 23.789], [92.81, 23.79], [92.81, 23.791], [92.809, 23.792], [92.808, 23.792], [92.807, 23.792], [92.806, 23.791], [92.805, 23.791], [92.804, 23.79], [92.803, 23.79], [92.803, 23.789], [92.802, 23.789], [92.802, 23.788], [92.801, 23.788], [92.801, 23.789], [92.8, 23.789], [92.8, 23.79], [92.8, 23.791], [92.801, 23.791], [92.801, 23.792], [92.801, 23.793], [92.802, 23.793], [92.803, 23.794], [92.804, 23.794], [92.804, 23.795], [92.804, 23.796], [92.804, 23.797], [92.804, 23.798], [92.803, 23.798], [92.803, 23.799], [92.802, 23.799], [92.802, 23.798], [92.801, 23.798], [92.8, 23.798], [92.8, 23.799], [92.8, 23.8], [92.801, 23.8], [92.801, 23.801], [92.802, 23.801], [92.802, 23.802], [92.803, 23.802], [92.804, 23.803], [92.805, 23.803], [92.805, 23.804], [92.805, 23.805], [92.806, 23.805], [92.806, 23.806], [92.806, 23.807], [92.806, 23.808], [92.807, 23.808], [92.807, 23.809], [92.807, 23.81], [92.806, 23.81], [92.806, 23.811], [92.806, 23.812], [92.805, 23.813], [92.805, 23.814], [92.804, 23.814], [92.805, 23.814], [92.805, 23.815], [92.806, 23.815], [92.807, 23.815], [92.807, 23.816], [92.808, 23.816], [92.808, 23.817], [92.808, 23.818], [92.809, 23.818], [92.809, 23.819], [92.81, 23.819], [92.81, 23.82], [92.81, 23.821], [92.81, 23.822], [92.81, 23.823], [92.81, 23.824], [92.81, 23.825], [92.809, 23.825], [92.809, 23.826], [92.808, 23.826], [92.808, 23.827], [92.808, 23.828], [92.809, 23.828], [92.809, 23.829], [92.808, 23.829], [92.808, 23.83], [92.808, 23.831], [92.809, 23.831], [92.809, 23.832], [92.81, 23.832], [92.81, 23.833], [92.81, 23.834], [92.81, 23.835], [92.81, 23.836], [92.81, 23.837], [92.811, 23.837], [92.812, 23.837], [92.812, 23.838], [92.813, 23.838], [92.814, 23.838], [92.815, 23.838], [92.816, 23.839], [92.817, 23.839], [92.817, 23.84], [92.818, 23.84], [92.819, 23.84], [92.82, 23.84], [92.82, 23.841], [92.821, 23.841], [92.822, 23.842], [92.823, 23.842], [92.823, 23.843], [92.824, 23.843], [92.825, 23.844], [92.825, 23.845], [92.826, 23.846], [92.826, 23.847], [92.827, 23.848], [92.827, 23.849], [92.828, 23.85], [92.828, 23.851], [92.829, 23.851], [92.83, 23.851], [92.83, 23.852], [92.831, 23.852], [92.832, 23.85], [92.832, 23.849], [92.832, 23.848]]]}, "properties": {"OBJECTID": 2937, "stcode11": "15", "dtcode11": "283", "sdtcode11": "01905", "stname": "MIZORAM", "dtname": "Aizawl", "sdtname": "Thingsulthliah", "subdt_lgd": 1905, "dist_lgd": 261, "state_lgd": 15, "shape_Length": 156298.47818096846, "shape_Area": 811770631.8528115, "st_area_sh": 0, "st_length_": 0, "remarks": "", "ac_no": null, "test": 2938}}, {"type": "Feature", "geometry": {"type": "Polygon", "coordinates": [[[93.243, 24.082], [93.259, 24.07], [93.259, 24.065], [93.262, 24.057], [93.259, 24.055], [93.258, 24.055], [93.248, 24.031], [93.252, 24.026], [93.251, 24.021], [93.269, 24.031], [93.272, 24.037], [93.281, 24.043], [93.284, 24.048], [93.294, 24.048], [93.308, 24.051], [93.322, 24.05], [93.326, 24.05], [93.326, 24.049], [93.326, 24.048], [93.326, 24.047], [93.326, 24.046], [93.327, 24.045], [93.327, 24.044], [93.327, 24.043], [93.328, 24.042], [93.329, 24.042], [93.33, 24.042], [93.331, 24.042], [93.332, 24.043], [93.332, 24.042], [93.333, 24.041], [93.334, 24.041], [93.334, 24.04], [93.335, 24.041], [93.336, 24.041], [93.337, 24.041], [93.338, 24.041], [93.338, 24.04], [93.337, 24.039], [93.336, 24.039], [93.335, 24.039], [93.334, 24.039], [93.334, 24.038], [93.333, 24.038], [93.332, 24.038], [93.332, 24.037], [93.333, 24.037], [93.334, 24.037], [93.335, 24.036], [93.335, 24.035], [93.334, 24.035], [93.333, 24.035], [93.332, 24.035], [93.331, 24.035], [93.331, 24.034], [93.33, 24.034], [93.329, 24.034], [93.328, 24.033], [93.328, 24.032], [93.326, 24.03], [93.326, 24.029], [93.327, 24.029], [93.328, 24.029], [93.329, 24.03], [93.331, 24.03], [93.332, 24.03], [93.332, 24.029], [93.331, 24.029], [93.331, 24.028], [93.331, 24.027], [93.332, 24.027], [93.333, 24.027], [93.334, 24.027], [93.335, 24.026], [93.336, 24.026], [93.337, 24.026], [93.338, 24.026], [93.338, 24.025], [93.338, 24.024], [93.338, 24.023], [93.339, 24.022], [93.339, 24.021], [93.338, 24.021], [93.337, 24.021], [93.336, 24.02], [93.336, 24.019], [93.335, 24.019], [93.334, 24.019], [93.333, 24.019], [93.332, 24.02], [93.332, 24.021], [93.331, 24.021], [93.33, 24.021], [93.33, 24.02], [93.329, 24.019], [93.33, 24.019], [93.33, 24.018], [93.33, 24.017], [93.33, 24.016], [93.33, 24.015], [93.331, 24.015], [93.332, 24.015], [93.333, 24.015], [93.333, 24.014], [93.333, 24.013], [93.333, 24.012], [93.333, 24.011], [93.333, 24.01], [93.333, 24.008], [93.333, 24.007], [93.334, 24.006], [93.334, 24.005], [93.334, 24.004], [93.333, 24.003], [93.333, 24.001], [93.332, 24.001], [93.332, 24.0], [93.332, 23.999], [93.333, 23.999], [93.334, 23.998], [93.334, 23.997], [93.334, 23.996], [93.335, 23.994], [93.334, 23.993], [93.334, 23.992], [93.335, 23.991], [93.337, 23.991], [93.337, 23.99], [93.338, 23.99], [93.337, 23.989], [93.336, 23.989], [93.334, 23.988], [93.332, 23.987], [93.331, 23.987], [93.33, 23.987], [93.329, 23.986], [93.329, 23.985], [93.331, 23.984], [93.332, 23.984], [93.333, 23.985], [93.334, 23.985], [93.334, 23.984], [93.335, 23.984], [93.335, 23.983], [93.335, 23.982], [93.334, 23.982], [93.333, 23.981], [93.332, 23.98], [93.333, 23.979], [93.334, 23.979], [93.335, 23.98], [93.336, 23.98], [93.337, 23.98], [93.339, 23.981], [93.34, 23.98], [93.339, 23.979], [93.337, 23.978], [93.337, 23.977], [93.337, 23.976], [93.338, 23.975], [93.339, 23.975], [93.34, 23.975], [93.341, 23.975], [93.342, 23.975], [93.343, 23.975], [93.344, 23.974], [93.344, 23.973], [93.344, 23.971], [93.343, 23.97], [93.341, 23.97], [93.342, 23.969], [93.343, 23.967], [93.345, 23.966], [93.345, 23.965], [93.346, 23.965], [93.347, 23.964], [93.347, 23.963], [93.347, 23.962], [93.347, 23.961], [93.348, 23.961], [93.349, 23.961], [93.35, 23.962], [93.35, 23.963], [93.351, 23.962], [93.351, 23.961], [93.351, 23.959], [93.352, 23.958], [93.352, 23.957], [93.351, 23.957], [93.351, 23.956], [93.35, 23.956], [93.35, 23.955], [93.35, 23.954], [93.351, 23.954], [93.352, 23.954], [93.353, 23.954], [93.353, 23.953], [93.354, 23.952], [93.354, 23.951], [93.353, 23.95], [93.352, 23.949], [93.351, 23.948], [93.35, 23.948], [93.349, 23.949], [93.349, 23.948], [93.349, 23.947], [93.35, 23.946], [93.351, 23.946], [93.352, 23.947], [93.353, 23.947], [93.354, 23.946], [93.354, 23.945], [93.355, 23.943], [93.354, 23.942], [93.353, 23.942], [93.352, 23.942], [93.351, 23.943], [93.351, 23.942], [93.352, 23.941], [93.353, 23.941], [93.354, 23.941], [93.355, 23.942], [93.356, 23.942], [93.356, 23.943], [93.356, 23.944], [93.357, 23.945], [93.358, 23.945], [93.359, 23.945], [93.36, 23.945], [93.361, 23.945], [93.362, 23.944], [93.36, 23.943], [93.359, 23.942], [93.359, 23.941], [93.36, 23.941], [93.361, 23.941], [93.362, 23.94], [93.364, 23.938], [93.365, 23.936], [93.365, 23.934], [93.366, 23.933], [93.367, 23.933], [93.368, 23.933], [93.369, 23.933], [93.369, 23.932], [93.369, 23.931], [93.37, 23.931], [93.369, 23.931], [93.369, 23.93], [93.37, 23.931], [93.371, 23.932], [93.372, 23.932], [93.373, 23.933], [93.374, 23.932], [93.375, 23.932], [93.376, 23.933], [93.377, 23.933], [93.378, 23.933], [93.379, 23.933], [93.379, 23.934], [93.38, 23.934], [93.381, 23.935], [93.381, 23.934], [93.381, 23.933], [93.382, 23.933], [93.382, 23.932], [93.383, 23.932], [93.384, 23.931], [93.385, 23.93], [93.386, 23.93], [93.386, 23.931], [93.387, 23.931], [93.388, 23.931], [93.388, 23.93], [93.389, 23.93], [93.39, 23.93], [93.391, 23.929], [93.392, 23.929], [93.393, 23.929], [93.393, 23.928], [93.392, 23.928], [93.391, 23.928], [93.391, 23.927], [93.391, 23.926], [93.391, 23.925], [93.391, 23.924], [93.392, 23.924], [93.392, 23.925], [93.393, 23.925], [93.393, 23.926], [93.394, 23.926], [93.394, 23.925], [93.394, 23.924], [93.394, 23.923], [93.393, 23.923], [93.393, 23.922], [93.392, 23.921], [93.392, 23.92], [93.392, 23.919], [93.392, 23.918], [93.393, 23.918], [93.393, 23.917], [93.392, 23.917], [93.393, 23.917], [93.394, 23.917], [93.395, 23.917], [93.395, 23.916], [93.395, 23.915], [93.394, 23.915], [93.393, 23.914], [93.392, 23.915], [93.392, 23.914], [93.391, 23.914], [93.392, 23.913], [93.392, 23.912], [93.391, 23.911], [93.391, 23.91], [93.392, 23.91], [93.392, 23.909], [93.392, 23.908], [93.392, 23.907], [93.392, 23.906], [93.391, 23.906], [93.39, 23.906], [93.39, 23.905], [93.391, 23.905], [93.391, 23.904], [93.391, 23.903], [93.391, 23.902], [93.39, 23.902], [93.39, 23.901], [93.391, 23.901], [93.391, 23.9], [93.39, 23.899], [93.39, 23.898], [93.39, 23.897], [93.39, 23.896], [93.39, 23.895], [93.389, 23.895], [93.389, 23.894], [93.389, 23.893], [93.39, 23.892], [93.389, 23.892], [93.389, 23.891], [93.389, 23.89], [93.389, 23.889], [93.389, 23.888], [93.388, 23.887], [93.388, 23.886], [93.388, 23.885], [93.387, 23.884], [93.387, 23.883], [93.388, 23.883], [93.388, 23.882], [93.387, 23.882], [93.387, 23.881], [93.386, 23.881], [93.386, 23.88], [93.386, 23.879], [93.386, 23.878], [93.385, 23.878], [93.385, 23.877], [93.385, 23.876], [93.385, 23.875], [93.385, 23.874], [93.385, 23.873], [93.385, 23.872], [93.386, 23.872], [93.386, 23.871], [93.387, 23.87], [93.387, 23.869], [93.388, 23.869], [93.388, 23.868], [93.387, 23.867], [93.387, 23.866], [93.388, 23.866], [93.389, 23.865], [93.388, 23.864], [93.387, 23.864], [93.387, 23.863], [93.388, 23.862], [93.388, 23.861], [93.387, 23.861], [93.387, 23.86], [93.386, 23.86], [93.386, 23.859], [93.386, 23.858], [93.386, 23.857], [93.387, 23.857], [93.387, 23.856], [93.387, 23.855], [93.388, 23.855], [93.387, 23.855], [93.387, 23.854], [93.386, 23.854], [93.386, 23.853], [93.386, 23.852], [93.386, 23.851], [93.386, 23.85], [93.385, 23.849], [93.385, 23.848], [93.385, 23.847], [93.386, 23.847], [93.386, 23.846], [93.387, 23.846], [93.387, 23.845], [93.386, 23.845], [93.387, 23.844], [93.387, 23.843], [93.387, 23.842], [93.388, 23.841], [93.389, 23.841], [93.389, 23.84], [93.388, 23.839], [93.388, 23.838], [93.389, 23.838], [93.389, 23.837], [93.389, 23.836], [93.389, 23.835], [93.389, 23.834], [93.39, 23.834], [93.39, 23.833], [93.389, 23.833], [93.389, 23.832], [93.389, 23.831], [93.39, 23.831], [93.39, 23.83], [93.39, 23.829], [93.389, 23.828], [93.389, 23.827], [93.388, 23.826], [93.389, 23.825], [93.39, 23.825], [93.391, 23.825], [93.392, 23.824], [93.392, 23.823], [93.392, 23.822], [93.391, 23.822], [93.39, 23.822], [93.39, 23.821], [93.39, 23.82], [93.39, 23.818], [93.39, 23.817], [93.391, 23.817], [93.39, 23.817], [93.389, 23.818], [93.388, 23.818], [93.388, 23.819], [93.387, 23.819], [93.387, 23.82], [93.386, 23.82], [93.385, 23.82], [93.384, 23.82], [93.383, 23.82], [93.382, 23.82], [93.382, 23.821], [93.381, 23.821], [93.38, 23.821], [93.38, 23.822], [93.38, 23.823], [93.38, 23.824], [93.379, 23.824], [93.379, 23.825], [93.379, 23.826], [93.378, 23.826], [93.378, 23.827], [93.378, 23.828], [93.377, 23.828], [93.377, 23.829], [93.377, 23.83], [93.376, 23.831], [93.376, 23.832], [93.376, 23.833], [93.375, 23.833], [93.375, 23.834], [93.375, 23.835], [93.375, 23.836], [93.374, 23.837], [93.374, 23.838], [93.374, 23.839], [93.374, 23.84], [93.373, 23.84], [93.373, 23.841], [93.374, 23.841], [93.373, 23.841], [93.373, 23.842], [93.373, 23.843], [93.373, 23.844], [93.372, 23.844], [93.372, 23.845], [93.372, 23.846], [93.371, 23.846], [93.371, 23.847], [93.371, 23.848], [93.371, 23.849], [93.37, 23.849], [93.371, 23.849], [93.37, 23.849], [93.37, 23.85], [93.37, 23.851], [93.37, 23.852], [93.369, 23.852], [93.369, 23.853], [93.369, 23.854], [93.369, 23.855], [93.369, 23.856], [93.369, 23.857], [93.369, 23.858], [93.369, 23.859], [93.368, 23.859], [93.368, 23.86], [93.368, 23.859], [93.367, 23.859], [93.367, 23.86], [93.366, 23.86], [93.366, 23.859], [93.365, 23.859], [93.365, 23.858], [93.365, 23.857], [93.364, 23.857], [93.363, 23.857], [93.362, 23.857], [93.361, 23.856], [93.36, 23.856], [93.36, 23.855], [93.36, 23.854], [93.361, 23.854], [93.362, 23.854], [93.363, 23.854], [93.363, 23.853], [93.362, 23.852], [93.361, 23.852], [93.36, 23.852], [93.36, 23.851], [93.359, 23.851], [93.358, 23.852], [93.357, 23.852], [93.356, 23.852], [93.356, 23.851], [93.357, 23.851], [93.357, 23.85], [93.358, 23.85], [93.359, 23.85], [93.36, 23.849], [93.361, 23.849], [93.362, 23.849], [93.362, 23.85], [93.363, 23.85], [93.364, 23.85], [93.365, 23.85], [93.365, 23.849], [93.364, 23.848], [93.363, 23.848], [93.362, 23.848], [93.361, 23.847], [93.36, 23.847], [93.359, 23.847], [93.359, 23.846], [93.358, 23.846], [93.358, 23.845], [93.357, 23.846], [93.356, 23.846], [93.356, 23.845], [93.357, 23.845], [93.357, 23.844], [93.358, 23.844], [93.359, 23.844], [93.359, 23.843], [93.36, 23.843], [93.361, 23.842], [93.362, 23.842], [93.362, 23.841], [93.361, 23.841], [93.361, 23.84], [93.36, 23.84], [93.36, 23.839], [93.359, 23.839], [93.359, 23.838], [93.359, 23.837], [93.358, 23.836], [93.357, 23.836], [93.357, 23.835], [93.356, 23.835], [93.355, 23.835], [93.355, 23.834], [93.354, 23.834], [93.353, 23.833], [93.353, 23.832], [93.353, 23.831], [93.353, 23.83], [93.354, 23.83], [93.354, 23.829], [93.354, 23.828], [93.354, 23.827], [93.355, 23.827], [93.356, 23.828], [93.356, 23.829], [93.357, 23.829], [93.358, 23.828], [93.359, 23.828], [93.359, 23.827], [93.359, 23.826], [93.359, 23.825], [93.358, 23.825], [93.357, 23.824], [93.358, 23.823], [93.357, 23.823], [93.357, 23.822], [93.358, 23.821], [93.359, 23.821], [93.36, 23.821], [93.361, 23.82], [93.362, 23.821], [93.362, 23.82], [93.361, 23.82], [93.36, 23.819], [93.36, 23.818], [93.36, 23.817], [93.361, 23.816], [93.361, 23.815], [93.36, 23.815], [93.36, 23.814], [93.36, 23.813], [93.361, 23.812], [93.362, 23.811], [93.363, 23.811], [93.363, 23.81], [93.363, 23.809], [93.362, 23.809], [93.362, 23.808], [93.361, 23.808], [93.36, 23.809], [93.359, 23.808], [93.359, 23.807], [93.358, 23.806], [93.358, 23.805], [93.359, 23.805], [93.36, 23.805], [93.361, 23.805], [93.361, 23.804], [93.36, 23.804], [93.36, 23.803], [93.359, 23.803], [93.359, 23.802], [93.359, 23.801], [93.36, 23.801], [93.359, 23.8], [93.359, 23.799], [93.358, 23.799], [93.357, 23.799], [93.357, 23.798], [93.356, 23.798], [93.355, 23.798], [93.355, 23.799], [93.354, 23.799], [93.354, 23.8], [93.354, 23.801], [93.353, 23.801], [93.353, 23.8], [93.352, 23.8], [93.352, 23.801], [93.351, 23.801], [93.351, 23.802], [93.35, 23.802], [93.35, 23.801], [93.349, 23.801], [93.348, 23.802], [93.347, 23.802], [93.347, 23.801], [93.347, 23.8], [93.346, 23.8], [93.346, 23.799], [93.345, 23.799], [93.345, 23.8], [93.344, 23.801], [93.343, 23.802], [93.342, 23.803], [93.341, 23.803], [93.34, 23.803], [93.34, 23.802], [93.339, 23.802], [93.338, 23.802], [93.337, 23.802], [93.336, 23.802], [93.335, 23.802], [93.334, 23.803], [93.333, 23.803], [93.333, 23.802], [93.332, 23.802], [93.332, 23.801], [93.331, 23.801], [93.331, 23.8], [93.331, 23.799], [93.331, 23.798], [93.33, 23.798], [93.33, 23.797], [93.329, 23.797], [93.329, 23.796], [93.328, 23.796], [93.328, 23.795], [93.329, 23.795], [93.328, 23.794], [93.328, 23.793], [93.327, 23.792], [93.327, 23.791], [93.326, 23.791], [93.326, 23.79], [93.325, 23.79], [93.324, 23.79], [93.323, 23.79], [93.324, 23.789], [93.324, 23.788], [93.325, 23.788], [93.325, 23.787], [93.324, 23.787], [93.323, 23.787], [93.322, 23.787], [93.322, 23.786], [93.322, 23.785], [93.321, 23.785], [93.32, 23.786], [93.319, 23.786], [93.318, 23.786], [93.318, 23.785], [93.317, 23.785], [93.317, 23.784], [93.316, 23.784], [93.316, 23.783], [93.315, 23.783], [93.315, 23.782], [93.314, 23.781], [93.313, 23.78], [93.312, 23.779], [93.311, 23.778], [93.309, 23.778], [93.308, 23.777], [93.307, 23.777], [93.306, 23.777], [93.305, 23.777], [93.304, 23.777], [93.304, 23.776], [93.304, 23.775], [93.303, 23.775], [93.302, 23.775], [93.302, 23.774], [93.301, 23.774], [93.301, 23.773], [93.3, 23.773], [93.3, 23.772], [93.299, 23.772], [93.299, 23.771], [93.298, 23.771], [93.298, 23.77], [93.297, 23.77], [93.296, 23.77], [93.295, 23.77], [93.294, 23.769], [93.293, 23.769], [93.292, 23.768], [93.291, 23.767], [93.291, 23.766], [93.29, 23.765], [93.29, 23.764], [93.289, 23.763], [93.289, 23.762], [93.29, 23.761], [93.29, 23.76], [93.29, 23.759], [93.289, 23.759], [93.289, 23.758], [93.288, 23.758], [93.288, 23.757], [93.287, 23.757], [93.287, 23.756], [93.286, 23.755], [93.285, 23.754], [93.284, 23.753], [93.284, 23.752], [93.283, 23.752], [93.283, 23.751], [93.282, 23.749], [93.281, 23.749], [93.28, 23.748], [93.279, 23.748], [93.278, 23.748], [93.277, 23.748], [93.277, 23.747], [93.276, 23.747], [93.275, 23.747], [93.274, 23.747], [93.273, 23.747], [93.272, 23.747], [93.271, 23.747], [93.271, 23.746], [93.27, 23.746], [93.269, 23.746], [93.268, 23.746], [93.267, 23.746], [93.267, 23.745], [93.266, 23.745], [93.266, 23.744], [93.265, 23.743], [93.264, 23.743], [93.263, 23.743], [93.263, 23.742], [93.262, 23.742], [93.261, 23.742], [93.26, 23.742], [93.259, 23.742], [93.259, 23.741], [93.258, 23.741], [93.257, 23.74], [93.256, 23.74], [93.255, 23.739], [93.254, 23.738], [93.253, 23.738], [93.253, 23.739], [93.252, 23.74], [93.251, 23.74], [93.25, 23.74], [93.248, 23.74], [93.245, 23.74], [93.244, 23.74], [93.243, 23.74], [93.242, 23.74], [93.24, 23.741], [93.239, 23.742], [93.238, 23.742], [93.237, 23.743], [93.236, 23.743], [93.235, 23.744], [93.234, 23.744], [93.233, 23.744], [93.232, 23.745], [93.231, 23.745], [93.23, 23.745], [93.229, 23.745], [93.227, 23.746], [93.225, 23.746], [93.224, 23.746], [93.223, 23.747], [93.222, 23.747], [93.221, 23.748], [93.22, 23.748], [93.218, 23.75], [93.217, 23.75], [93.216, 23.75], [93.215, 23.75], [93.215, 23.751], [93.215, 23.752], [93.214, 23.752], [93.213, 23.753], [93.211, 23.754], [93.21, 23.753], [93.211, 23.752], [93.21, 23.752], [93.209, 23.752], [93.209, 23.753], [93.208, 23.753], [93.207, 23.753], [93.205, 23.753], [93.205, 23.754], [93.204, 23.754], [93.204, 23.755], [93.204, 23.756], [93.203, 23.756], [93.202, 23.756], [93.202, 23.757], [93.201, 23.758], [93.201, 23.759], [93.201, 23.76], [93.201, 23.761], [93.2, 23.761], [93.199, 23.761], [93.198, 23.761], [93.198, 23.762], [93.198, 23.763], [93.197, 23.765], [93.196, 23.765], [93.196, 23.766], [93.196, 23.767], [93.195, 23.767], [93.195, 23.768], [93.194, 23.769], [93.193, 23.769], [93.192, 23.77], [93.193, 23.77], [93.193, 23.771], [93.192, 23.772], [93.191, 23.772], [93.19, 23.772], [93.19, 23.773], [93.189, 23.773], [93.189, 23.774], [93.189, 23.775], [93.189, 23.776], [93.188, 23.776], [93.188, 23.778], [93.187, 23.779], [93.186, 23.779], [93.186, 23.78], [93.186, 23.781], [93.187, 23.781], [93.187, 23.782], [93.187, 23.783], [93.187, 23.784], [93.187, 23.785], [93.187, 23.786], [93.187, 23.787], [93.188, 23.787], [93.189, 23.787], [93.189, 23.788], [93.189, 23.789], [93.188, 23.789], [93.188, 23.79], [93.187, 23.79], [93.186, 23.79], [93.185, 23.79], [93.185, 23.789], [93.184, 23.788], [93.184, 23.787], [93.183, 23.787], [93.183, 23.788], [93.183, 23.789], [93.184, 23.791], [93.184, 23.792], [93.183, 23.791], [93.182, 23.791], [93.181, 23.791], [93.181, 23.79], [93.18, 23.789], [93.179, 23.789], [93.179, 23.79], [93.18, 23.791], [93.181, 23.792], [93.181, 23.793], [93.18, 23.793], [93.18, 23.794], [93.18, 23.795], [93.179, 23.795], [93.178, 23.795], [93.177, 23.795], [93.176, 23.796], [93.176, 23.797], [93.176, 23.798], [93.176, 23.799], [93.175, 23.799], [93.174, 23.799], [93.173, 23.799], [93.172, 23.799], [93.172, 23.8], [93.171, 23.8], [93.17, 23.799], [93.169, 23.799], [93.168, 23.799], [93.168, 23.798], [93.167, 23.798], [93.167, 23.797], [93.167, 23.796], [93.167, 23.795], [93.166, 23.795], [93.166, 23.794], [93.165, 23.794], [93.164, 23.794], [93.163, 23.794], [93.163, 23.793], [93.162, 23.793], [93.162, 23.792], [93.162, 23.791], [93.161, 23.791], [93.16, 23.791], [93.16, 23.79], [93.16, 23.789], [93.159, 23.789], [93.159, 23.788], [93.158, 23.788], [93.158, 23.787], [93.158, 23.786], [93.159, 23.785], [93.159, 23.784], [93.159, 23.782], [93.16, 23.782], [93.16, 23.781], [93.159, 23.781], [93.159, 23.78], [93.159, 23.779], [93.159, 23.778], [93.159, 23.777], [93.159, 23.776], [93.16, 23.776], [93.16, 23.775], [93.161, 23.774], [93.161, 23.773], [93.161, 23.772], [93.161, 23.771], [93.16, 23.77], [93.159, 23.77], [93.158, 23.77], [93.158, 23.769], [93.158, 23.768], [93.157, 23.768], [93.156, 23.768], [93.156, 23.767], [93.155, 23.767], [93.154, 23.767], [93.154, 23.766], [93.153, 23.765], [93.154, 23.764], [93.154, 23.763], [93.153, 23.763], [93.153, 23.762], [93.152, 23.762], [93.151, 23.762], [93.151, 23.761], [93.152, 23.761], [93.151, 23.761], [93.152, 23.761], [93.152, 23.76], [93.153, 23.76], [93.153, 23.759], [93.154, 23.759], [93.155, 23.759], [93.156, 23.758], [93.157, 23.756], [93.158, 23.756], [93.159, 23.756], [93.159, 23.755], [93.16, 23.755], [93.161, 23.755], [93.162, 23.754], [93.162, 23.753], [93.162, 23.752], [93.163, 23.752], [93.163, 23.751], [93.163, 23.75], [93.162, 23.75], [93.162, 23.749], [93.163, 23.749], [93.164, 23.749], [93.164, 23.748], [93.164, 23.747], [93.164, 23.746], [93.165, 23.746], [93.165, 23.745], [93.164, 23.745], [93.164, 23.744], [93.165, 23.743], [93.166, 23.742], [93.165, 23.741], [93.165, 23.74], [93.164, 23.74], [93.164, 23.739], [93.165, 23.739], [93.165, 23.738], [93.165, 23.737], [93.164, 23.737], [93.164, 23.736], [93.163, 23.736], [93.162, 23.736], [93.161, 23.735], [93.162, 23.735], [93.162, 23.734], [93.162, 23.733], [93.162, 23.732], [93.162, 23.731], [93.162, 23.73], [93.162, 23.729], [93.161, 23.729], [93.161, 23.728], [93.162, 23.728], [93.162, 23.727], [93.162, 23.726], [93.161, 23.726], [93.162, 23.725], [93.162, 23.724], [93.161, 23.724], [93.161, 23.723], [93.161, 23.722], [93.161, 23.721], [93.16, 23.721], [93.16, 23.72], [93.16, 23.719], [93.16, 23.718], [93.16, 23.717], [93.159, 23.717], [93.159, 23.716], [93.159, 23.715], [93.159, 23.714], [93.158, 23.713], [93.158, 23.712], [93.157, 23.711], [93.156, 23.71], [93.156, 23.709], [93.155, 23.708], [93.155, 23.707], [93.155, 23.706], [93.154, 23.706], [93.154, 23.705], [93.153, 23.705], [93.152, 23.705], [93.151, 23.704], [93.15, 23.704], [93.149, 23.703], [93.149, 23.702], [93.149, 23.701], [93.148, 23.701], [93.148, 23.699], [93.147, 23.699], [93.146, 23.699], [93.145, 23.698], [93.145, 23.699], [93.144, 23.698], [93.143, 23.698], [93.142, 23.698], [93.141, 23.697], [93.14, 23.697], [93.139, 23.696], [93.138, 23.696], [93.137, 23.696], [93.137, 23.697], [93.136, 23.697], [93.135, 23.698], [93.134, 23.698], [93.133, 23.698], [93.132, 23.698], [93.132, 23.699], [93.131, 23.699], [93.13, 23.699], [93.128, 23.7], [93.127, 23.7], [93.126, 23.7], [93.126, 23.699], [93.125, 23.698], [93.125, 23.697], [93.125, 23.696], [93.125, 23.695], [93.125, 23.694], [93.125, 23.692], [93.125, 23.691], [93.125, 23.69], [93.126, 23.689], [93.127, 23.688], [93.127, 23.687], [93.126, 23.686], [93.125, 23.686], [93.124, 23.686], [93.123, 23.686], [93.122, 23.686], [93.121, 23.685], [93.12, 23.685], [93.12, 23.684], [93.119, 23.684], [93.118, 23.684], [93.118, 23.683], [93.117, 23.683], [93.117, 23.682], [93.117, 23.68], [93.117, 23.679], [93.117, 23.678], [93.117, 23.677], [93.117, 23.676], [93.118, 23.676], [93.117, 23.675], [93.118, 23.675], [93.118, 23.674], [93.119, 23.673], [93.119, 23.672], [93.119, 23.671], [93.119, 23.67], [93.119, 23.669], [93.118, 23.669], [93.118, 23.668], [93.118, 23.667], [93.118, 23.666], [93.117, 23.666], [93.117, 23.665], [93.117, 23.664], [93.116, 23.663], [93.116, 23.662], [93.115, 23.662], [93.115, 23.661], [93.116, 23.66], [93.116, 23.659], [93.116, 23.658], [93.116, 23.657], [93.116, 23.656], [93.116, 23.655], [93.117, 23.655], [93.117, 23.654], [93.117, 23.653], [93.118, 23.653], [93.118, 23.652], [93.118, 23.651], [93.119, 23.65], [93.119, 23.649], [93.119, 23.648], [93.12, 23.647], [93.12, 23.646], [93.12, 23.645], [93.12, 23.644], [93.12, 23.643], [93.12, 23.642], [93.119, 23.642], [93.118, 23.642], [93.117, 23.642], [93.116, 23.642], [93.115, 23.642], [93.114, 23.642], [93.113, 23.642], [93.112, 23.642], [93.111, 23.642], [93.11, 23.642], [93.11, 23.643], [93.109, 23.643], [93.108, 23.643], [93.107, 23.643], [93.106, 23.644], [93.105, 23.645], [93.104, 23.645], [93.102, 23.645], [93.101, 23.646], [93.1, 23.646], [93.099, 23.647], [93.097, 23.648], [93.096, 23.649], [93.094, 23.649], [93.093, 23.65], [93.093, 23.651], [93.092, 23.652], [93.091, 23.652], [93.09, 23.652], [93.089, 23.652], [93.088, 23.652], [93.088, 23.653], [93.087, 23.653], [93.087, 23.654], [93.086, 23.654], [93.085, 23.654], [93.085, 23.655], [93.084, 23.655], [93.084, 23.656], [93.083, 23.656], [93.082, 23.656], [93.082, 23.657], [93.081, 23.657], [93.08, 23.657], [93.08, 23.658], [93.079, 23.658], [93.078, 23.658], [93.078, 23.659], [93.077, 23.659], [93.077, 23.66], [93.077, 23.661], [93.077, 23.662], [93.077, 23.663], [93.076, 23.663], [93.076, 23.664], [93.075, 23.664], [93.074, 23.665], [93.073, 23.666], [93.072, 23.666], [93.071, 23.666], [93.069, 23.666], [93.069, 23.667], [93.069, 23.668], [93.069, 23.669], [93.069, 23.67], [93.068, 23.67], [93.068, 23.671], [93.069, 23.671], [93.069, 23.672], [93.068, 23.673], [93.068, 23.674], [93.069, 23.674], [93.069, 23.675], [93.069, 23.676], [93.069, 23.677], [93.069, 23.678], [93.068, 23.678], [93.067, 23.677], [93.066, 23.678], [93.065, 23.679], [93.064, 23.679], [93.063, 23.679], [93.064, 23.678], [93.064, 23.677], [93.063, 23.677], [93.062, 23.677], [93.062, 23.676], [93.061, 23.676], [93.06, 23.676], [93.059, 23.676], [93.058, 23.676], [93.057, 23.676], [93.056, 23.676], [93.055, 23.676], [93.055, 23.677], [93.054, 23.677], [93.053, 23.678], [93.052, 23.678], [93.051, 23.678], [93.05, 23.678], [93.049, 23.678], [93.048, 23.679], [93.046, 23.679], [93.045, 23.68], [93.044, 23.681], [93.042, 23.682], [93.041, 23.683], [93.041, 23.682], [93.04, 23.682], [93.04, 23.681], [93.039, 23.68], [93.039, 23.679], [93.038, 23.678], [93.038, 23.677], [93.037, 23.677], [93.036, 23.676], [93.034, 23.676], [93.033, 23.676], [93.032, 23.676], [93.031, 23.676], [93.031, 23.677], [93.032, 23.678], [93.031, 23.679], [93.029, 23.677], [93.028, 23.676], [93.026, 23.676], [93.028, 23.677], [93.028, 23.678], [93.028, 23.679], [93.028, 23.68], [93.027, 23.68], [93.027, 23.679], [93.026, 23.678], [93.025, 23.677], [93.024, 23.677], [93.024, 23.678], [93.025, 23.678], [93.025, 23.68], [93.025, 23.681], [93.025, 23.682], [93.025, 23.683], [93.024, 23.685], [93.024, 23.686], [93.025, 23.686], [93.026, 23.686], [93.027, 23.686], [93.028, 23.686], [93.029, 23.687], [93.029, 23.688], [93.029, 23.689], [93.029, 23.69], [93.029, 23.691], [93.029, 23.692], [93.029, 23.693], [93.03, 23.693], [93.031, 23.693], [93.031, 23.694], [93.031, 23.695], [93.031, 23.696], [93.031, 23.697], [93.031, 23.698], [93.03, 23.698], [93.03, 23.699], [93.03, 23.7], [93.03, 23.701], [93.031, 23.701], [93.031, 23.702], [93.031, 23.703], [93.031, 23.704], [93.031, 23.706], [93.031, 23.708], [93.03, 23.71], [93.029, 23.711], [93.029, 23.712], [93.028, 23.712], [93.027, 23.711], [93.026, 23.711], [93.026, 23.712], [93.026, 23.713], [93.025, 23.714], [93.025, 23.715], [93.025, 23.716], [93.026, 23.716], [93.027, 23.716], [93.027, 23.717], [93.027, 23.718], [93.027, 23.719], [93.027, 23.72], [93.027, 23.721], [93.027, 23.722], [93.027, 23.723], [93.027, 23.724], [93.027, 23.725], [93.027, 23.726], [93.027, 23.727], [93.026, 23.729], [93.025, 23.731], [93.025, 23.732], [93.024, 23.732], [93.024, 23.733], [93.025, 23.735], [93.026, 23.736], [93.027, 23.737], [93.028, 23.737], [93.029, 23.738], [93.03, 23.738], [93.031, 23.738], [93.032, 23.738], [93.033, 23.738], [93.033, 23.739], [93.033, 23.74], [93.032, 23.741], [93.032, 23.742], [93.031, 23.743], [93.03, 23.743], [93.03, 23.744], [93.03, 23.745], [93.032, 23.746], [93.031, 23.747], [93.029, 23.746], [93.029, 23.748], [93.029, 23.749], [93.03, 23.749], [93.03, 23.75], [93.031, 23.75], [93.031, 23.751], [93.03, 23.751], [93.03, 23.752], [93.029, 23.752], [93.028, 23.752], [93.027, 23.752], [93.026, 23.752], [93.026, 23.753], [93.026, 23.754], [93.027, 23.754], [93.028, 23.755], [93.029, 23.755], [93.029, 23.756], [93.029, 23.757], [93.029, 23.758], [93.028, 23.758], [93.027, 23.758], [93.026, 23.758], [93.026, 23.759], [93.026, 23.76], [93.027, 23.761], [93.027, 23.762], [93.026, 23.762], [93.025, 23.762], [93.024, 23.762], [93.024, 23.763], [93.025, 23.764], [93.025, 23.765], [93.025, 23.766], [93.026, 23.766], [93.025, 23.766], [93.024, 23.766], [93.024, 23.767], [93.024, 23.768], [93.024, 23.769], [93.024, 23.77], [93.024, 23.771], [93.023, 23.771], [93.023, 23.772], [93.024, 23.772], [93.024, 23.773], [93.024, 23.774], [93.024, 23.775], [93.024, 23.776], [93.023, 23.776], [93.023, 23.777], [93.022, 23.778], [93.022, 23.779], [93.023, 23.78], [93.023, 23.781], [93.023, 23.783], [93.023, 23.784], [93.023, 23.785], [93.023, 23.786], [93.022, 23.787], [93.022, 23.788], [93.022, 23.789], [93.022, 23.79], [93.022, 23.791], [93.022, 23.792], [93.022, 23.793], [93.021, 23.794], [93.02, 23.793], [93.019, 23.792], [93.018, 23.792], [93.017, 23.792], [93.016, 23.793], [93.015, 23.794], [93.014, 23.795], [93.013, 23.796], [93.012, 23.797], [93.012, 23.798], [93.011, 23.799], [93.01, 23.8], [93.01, 23.801], [93.01, 23.802], [93.01, 23.803], [93.011, 23.802], [93.012, 23.802], [93.013, 23.801], [93.014, 23.801], [93.015, 23.801], [93.016, 23.801], [93.017, 23.801], [93.018, 23.801], [93.019, 23.801], [93.02, 23.801], [93.021, 23.801], [93.021, 23.8], [93.02, 23.8], [93.02, 23.799], [93.021, 23.799], [93.022, 23.8], [93.023, 23.8], [93.024, 23.799], [93.025, 23.799], [93.026, 23.799], [93.027, 23.799], [93.028, 23.799], [93.029, 23.799], [93.03, 23.799], [93.031, 23.799], [93.031, 23.798], [93.03, 23.798], [93.03, 23.797], [93.029, 23.797], [93.028, 23.797], [93.028, 23.796], [93.028, 23.795], [93.029, 23.795], [93.03, 23.795], [93.031, 23.795], [93.032, 23.795], [93.032, 23.794], [93.033, 23.794], [93.034, 23.795], [93.034, 23.794], [93.035, 23.794], [93.035, 23.793], [93.034, 23.793], [93.034, 23.792], [93.035, 23.792], [93.035, 23.793], [93.036, 23.793], [93.037, 23.792], [93.038, 23.793], [93.039, 23.792], [93.04, 23.791], [93.04, 23.79], [93.041, 23.791], [93.042, 23.791], [93.043, 23.791], [93.044, 23.792], [93.045, 23.792], [93.044, 23.792], [93.043, 23.792], [93.043, 23.793], [93.044, 23.793], [93.045, 23.792], [93.046, 23.792], [93.046, 23.793], [93.047, 23.792], [93.048, 23.792], [93.049, 23.792], [93.05, 23.792], [93.051, 23.792], [93.052, 23.792], [93.053, 23.792], [93.053, 23.793], [93.054, 23.792], [93.054, 23.791], [93.053, 23.79], [93.053, 23.789], [93.054, 23.789], [93.056, 23.79], [93.056, 23.791], [93.057, 23.791], [93.057, 23.792], [93.058, 23.792], [93.058, 23.793], [93.059, 23.795], [93.06, 23.795], [93.06, 23.794], [93.061, 23.794], [93.062, 23.793], [93.062, 23.794], [93.063, 23.794], [93.063, 23.795], [93.062, 23.795], [93.062, 23.796], [93.063, 23.796], [93.063, 23.797], [93.062, 23.797], [93.061, 23.797], [93.06, 23.797], [93.06, 23.798], [93.059, 23.798], [93.059, 23.799], [93.058, 23.8], [93.058, 23.801], [93.058, 23.802], [93.058, 23.803], [93.059, 23.803], [93.059, 23.804], [93.06, 23.805], [93.061, 23.805], [93.061, 23.806], [93.062, 23.806], [93.063, 23.806], [93.063, 23.807], [93.064, 23.807], [93.065, 23.808], [93.066, 23.808], [93.067, 23.809], [93.068, 23.809], [93.069, 23.809], [93.07, 23.81], [93.071, 23.81], [93.072, 23.81], [93.072, 23.811], [93.073, 23.811], [93.074, 23.812], [93.075, 23.813], [93.075, 23.814], [93.076, 23.815], [93.076, 23.816], [93.077, 23.816], [93.077, 23.817], [93.078, 23.817], [93.079, 23.818], [93.08, 23.818], [93.081, 23.819], [93.081, 23.82], [93.082, 23.82], [93.082, 23.821], [93.083, 23.822], [93.084, 23.822], [93.085, 23.822], [93.087, 23.822], [93.088, 23.823], [93.088, 23.824], [93.088, 23.825], [93.089, 23.825], [93.089, 23.826], [93.09, 23.827], [93.09, 23.828], [93.09, 23.829], [93.091, 23.829], [93.091, 23.83], [93.093, 23.83], [93.094, 23.83], [93.095, 23.83], [93.096, 23.83], [93.097, 23.83], [93.098, 23.83], [93.099, 23.83], [93.1, 23.83], [93.101, 23.829], [93.102, 23.829], [93.103, 23.829], [93.104, 23.829], [93.105, 23.829], [93.106, 23.829], [93.107, 23.83], [93.108, 23.83], [93.109, 23.83], [93.109, 23.831], [93.11, 23.831], [93.111, 23.83], [93.112, 23.83], [93.113, 23.83], [93.114, 23.83], [93.115, 23.83], [93.115, 23.829], [93.116, 23.829], [93.117, 23.829], [93.118, 23.828], [93.119, 23.828], [93.12, 23.828], [93.121, 23.828], [93.121, 23.827], [93.122, 23.827], [93.123, 23.827], [93.124, 23.827], [93.125, 23.828], [93.126, 23.827], [93.127, 23.827], [93.129, 23.828], [93.13, 23.828], [93.131, 23.828], [93.131, 23.827], [93.132, 23.827], [93.133, 23.826], [93.133, 23.827], [93.134, 23.827], [93.134, 23.828], [93.133, 23.828], [93.133, 23.829], [93.134, 23.83], [93.135, 23.831], [93.135, 23.832], [93.136, 23.833], [93.137, 23.833], [93.137, 23.834], [93.138, 23.834], [93.138, 23.835], [93.138, 23.836], [93.138, 23.837], [93.138, 23.838], [93.138, 23.839], [93.138, 23.84], [93.138, 23.841], [93.138, 23.842], [93.138, 23.843], [93.14, 23.843], [93.141, 23.843], [93.142, 23.844], [93.143, 23.844], [93.143, 23.845], [93.144, 23.846], [93.146, 23.846], [93.147, 23.847], [93.149, 23.848], [93.151, 23.849], [93.152, 23.85], [93.153, 23.851], [93.155, 23.852], [93.156, 23.852], [93.157, 23.852], [93.159, 23.853], [93.159, 23.854], [93.159, 23.855], [93.16, 23.855], [93.16, 23.856], [93.161, 23.856], [93.162, 23.856], [93.163, 23.857], [93.163, 23.858], [93.163, 23.859], [93.163, 23.86], [93.162, 23.862], [93.163, 23.863], [93.163, 23.864], [93.163, 23.865], [93.163, 23.867], [93.163, 23.869], [93.163, 23.87], [93.163, 23.871], [93.164, 23.872], [93.164, 23.874], [93.164, 23.875], [93.164, 23.876], [93.165, 23.876], [93.166, 23.877], [93.167, 23.877], [93.168, 23.877], [93.169, 23.877], [93.17, 23.878], [93.169, 23.878], [93.168, 23.879], [93.167, 23.881], [93.167, 23.882], [93.167, 23.885], [93.166, 23.888], [93.166, 23.89], [93.166, 23.891], [93.166, 23.892], [93.167, 23.893], [93.167, 23.894], [93.166, 23.895], [93.165, 23.896], [93.163, 23.898], [93.163, 23.899], [93.161, 23.901], [93.16, 23.902], [93.159, 23.904], [93.158, 23.905], [93.157, 23.906], [93.156, 23.908], [93.156, 23.909], [93.157, 23.91], [93.158, 23.913], [93.159, 23.914], [93.16, 23.915], [93.16, 23.916], [93.161, 23.918], [93.16, 23.918], [93.161, 23.92], [93.163, 23.923], [93.164, 23.924], [93.164, 23.925], [93.165, 23.926], [93.165, 23.927], [93.164, 23.928], [93.164, 23.929], [93.165, 23.93], [93.165, 23.931], [93.166, 23.932], [93.167, 23.932], [93.167, 23.933], [93.168, 23.933], [93.168, 23.934], [93.169, 23.934], [93.17, 23.934], [93.171, 23.934], [93.172, 23.934], [93.173, 23.933], [93.175, 23.933], [93.176, 23.933], [93.177, 23.932], [93.178, 23.931], [93.179, 23.931], [93.18, 23.932], [93.181, 23.932], [93.182, 23.932], [93.184, 23.931], [93.185, 23.931], [93.186, 23.931], [93.186, 23.93], [93.187, 23.93], [93.188, 23.93], [93.188, 23.931], [93.187, 23.932], [93.187, 23.933], [93.187, 23.934], [93.187, 23.935], [93.187, 23.936], [93.187, 23.937], [93.189, 23.938], [93.19, 23.94], [93.19, 23.941], [93.19, 23.942], [93.19, 23.943], [93.189, 23.943], [93.188, 23.943], [93.188, 23.944], [93.187, 23.945], [93.186, 23.946], [93.185, 23.947], [93.184, 23.948], [93.183, 23.949], [93.183, 23.95], [93.182, 23.951], [93.182, 23.952], [93.182, 23.953], [93.182, 23.955], [93.181, 23.956], [93.181, 23.957], [93.181, 23.958], [93.181, 23.959], [93.18, 23.96], [93.18, 23.961], [93.18, 23.962], [93.18, 23.963], [93.179, 23.964], [93.179, 23.965], [93.179, 23.966], [93.179, 23.967], [93.18, 23.968], [93.181, 23.969], [93.181, 23.97], [93.182, 23.97], [93.182, 23.971], [93.182, 23.972], [93.181, 23.972], [93.179, 23.973], [93.178, 23.973], [93.177, 23.974], [93.176, 23.974], [93.175, 23.974], [93.174, 23.975], [93.174, 23.976], [93.174, 23.977], [93.174, 23.979], [93.174, 23.98], [93.174, 23.981], [93.173, 23.981], [93.172, 23.982], [93.171, 23.983], [93.171, 23.984], [93.171, 23.985], [93.17, 23.985], [93.169, 23.984], [93.168, 23.985], [93.168, 23.986], [93.167, 23.987], [93.168, 23.988], [93.168, 23.989], [93.167, 23.99], [93.166, 23.991], [93.165, 23.991], [93.164, 23.991], [93.164, 23.992], [93.163, 23.993], [93.162, 23.994], [93.162, 23.995], [93.162, 23.996], [93.162, 23.997], [93.161, 23.997], [93.161, 23.998], [93.161, 23.999], [93.161, 24.0], [93.161, 24.001], [93.161, 24.002], [93.16, 24.003], [93.159, 24.004], [93.158, 24.005], [93.158, 24.006], [93.158, 24.007], [93.159, 24.008], [93.159, 24.009], [93.159, 24.01], [93.16, 24.01], [93.16, 24.011], [93.161, 24.012], [93.162, 24.012], [93.162, 24.013], [93.162, 24.014], [93.161, 24.014], [93.161, 24.015], [93.16, 24.015], [93.16, 24.016], [93.16, 24.017], [93.161, 24.017], [93.161, 24.018], [93.161, 24.019], [93.16, 24.019], [93.16, 24.02], [93.16, 24.021], [93.16, 24.022], [93.161, 24.023], [93.161, 24.024], [93.161, 24.025], [93.161, 24.026], [93.161, 24.027], [93.161, 24.028], [93.162, 24.028], [93.162, 24.029], [93.162, 24.03], [93.162, 24.031], [93.162, 24.032], [93.162, 24.033], [93.162, 24.034], [93.163, 24.034], [93.163, 24.035], [93.163, 24.036], [93.163, 24.037], [93.163, 24.038], [93.164, 24.039], [93.163, 24.039], [93.163, 24.04], [93.163, 24.041], [93.164, 24.041], [93.164, 24.042], [93.164, 24.043], [93.165, 24.043], [93.165, 24.044], [93.165, 24.045], [93.165, 24.046], [93.165, 24.047], [93.165, 24.048], [93.165, 24.049], [93.165, 24.05], [93.165, 24.051], [93.166, 24.051], [93.167, 24.051], [93.167, 24.052], [93.171, 24.051], [93.189, 24.053], [93.194, 24.05], [93.204, 24.048], [93.21, 24.047], [93.212, 24.047], [93.216, 24.058], [93.218, 24.065], [93.221, 24.071], [93.218, 24.078], [93.219, 24.081], [93.222, 24.084], [93.232, 24.081], [93.238, 24.084], [93.243, 24.082]]]}, "properties": {"OBJECTID": 2391, "stcode11": "15", "dtcode11": "794", "sdtcode11": "01906", "stname": "MIZORAM", "dtname": "Saitual", "sdtname": "Ngopa", "subdt_lgd": 1906, "dist_lgd": 727, "state_lgd": 15, "shape_Length": 260835.1190832895, "shape_Area": 1017685626.0539039, "st_area_sh": 0, "st_length_": 0, "remarks": "", "ac_no": null, "test": 2392}}, {"type": "Feature", "geometry": {"type": "Polygon", "coordinates": [[[93.172, 23.799], [93.173, 23.799], [93.174, 23.799], [93.175, 23.799], [93.176, 23.799], [93.176, 23.798], [93.176, 23.797], [93.176, 23.796], [93.177, 23.795], [93.178, 23.795], [93.179, 23.795], [93.18, 23.795], [93.18, 23.794], [93.18, 23.793], [93.181, 23.793], [93.181, 23.792], [93.18, 23.791], [93.179, 23.79], [93.179, 23.789], [93.18, 23.789], [93.181, 23.79], [93.181, 23.791], [93.182, 23.791], [93.183, 23.791], [93.184, 23.792], [93.184, 23.791], [93.183, 23.789], [93.183, 23.788], [93.183, 23.787], [93.184, 23.787], [93.184, 23.788], [93.185, 23.789], [93.185, 23.79], [93.186, 23.79], [93.187, 23.79], [93.188, 23.79], [93.188, 23.789], [93.189, 23.789], [93.189, 23.788], [93.189, 23.787], [93.188, 23.787], [93.187, 23.787], [93.187, 23.786], [93.187, 23.785], [93.187, 23.784], [93.187, 23.783], [93.187, 23.782], [93.187, 23.781], [93.186, 23.781], [93.186, 23.78], [93.186, 23.779], [93.187, 23.779], [93.188, 23.778], [93.188, 23.776], [93.189, 23.776], [93.189, 23.775], [93.189, 23.774], [93.189, 23.773], [93.19, 23.773], [93.19, 23.772], [93.191, 23.772], [93.192, 23.772], [93.193, 23.771], [93.193, 23.77], [93.192, 23.77], [93.193, 23.769], [93.194, 23.769], [93.195, 23.768], [93.195, 23.767], [93.196, 23.767], [93.196, 23.766], [93.196, 23.765], [93.197, 23.765], [93.198, 23.763], [93.198, 23.762], [93.198, 23.761], [93.199, 23.761], [93.2, 23.761], [93.201, 23.761], [93.201, 23.76], [93.201, 23.759], [93.201, 23.758], [93.202, 23.757], [93.202, 23.756], [93.203, 23.756], [93.204, 23.756], [93.204, 23.755], [93.204, 23.754], [93.205, 23.754], [93.205, 23.753], [93.207, 23.753], [93.208, 23.753], [93.209, 23.753], [93.209, 23.752], [93.21, 23.752], [93.211, 23.752], [93.21, 23.753], [93.211, 23.754], [93.213, 23.753], [93.214, 23.752], [93.215, 23.752], [93.215, 23.751], [93.215, 23.75], [93.216, 23.75], [93.217, 23.75], [93.218, 23.75], [93.22, 23.748], [93.221, 23.748], [93.222, 23.747], [93.223, 23.747], [93.224, 23.746], [93.225, 23.746], [93.227, 23.746], [93.229, 23.745], [93.23, 23.745], [93.231, 23.745], [93.232, 23.745], [93.233, 23.744], [93.234, 23.744], [93.235, 23.744], [93.236, 23.743], [93.237, 23.743], [93.238, 23.742], [93.239, 23.742], [93.24, 23.741], [93.242, 23.74], [93.243, 23.74], [93.244, 23.74], [93.245, 23.74], [93.248, 23.74], [93.25, 23.74], [93.251, 23.74], [93.252, 23.74], [93.253, 23.739], [93.253, 23.738], [93.254, 23.738], [93.254, 23.737], [93.254, 23.736], [93.254, 23.735], [93.254, 23.734], [93.255, 23.734], [93.255, 23.733], [93.256, 23.733], [93.256, 23.732], [93.257, 23.732], [93.258, 23.732], [93.259, 23.731], [93.26, 23.731], [93.261, 23.731], [93.261, 23.73], [93.26, 23.729], [93.26, 23.728], [93.26, 23.727], [93.259, 23.727], [93.259, 23.726], [93.259, 23.725], [93.258, 23.725], [93.257, 23.725], [93.257, 23.724], [93.256, 23.724], [93.255, 23.724], [93.255, 23.723], [93.254, 23.723], [93.253, 23.723], [93.253, 23.722], [93.252, 23.722], [93.251, 23.722], [93.25, 23.722], [93.249, 23.722], [93.249, 23.721], [93.248, 23.721], [93.248, 23.72], [93.247, 23.72], [93.247, 23.719], [93.246, 23.719], [93.246, 23.718], [93.245, 23.718], [93.245, 23.717], [93.245, 23.716], [93.244, 23.716], [93.244, 23.715], [93.243, 23.715], [93.243, 23.714], [93.243, 23.713], [93.242, 23.713], [93.242, 23.712], [93.242, 23.711], [93.242, 23.71], [93.242, 23.709], [93.242, 23.708], [93.241, 23.708], [93.241, 23.707], [93.242, 23.707], [93.242, 23.706], [93.243, 23.705], [93.243, 23.704], [93.243, 23.703], [93.243, 23.702], [93.243, 23.701], [93.243, 23.7], [93.244, 23.7], [93.245, 23.7], [93.246, 23.7], [93.246, 23.701], [93.247, 23.701], [93.248, 23.701], [93.248, 23.702], [93.249, 23.702], [93.249, 23.703], [93.25, 23.703], [93.251, 23.703], [93.252, 23.703], [93.253, 23.703], [93.253, 23.702], [93.254, 23.702], [93.254, 23.701], [93.255, 23.701], [93.256, 23.701], [93.256, 23.7], [93.256, 23.699], [93.255, 23.699], [93.254, 23.698], [93.253, 23.698], [93.253, 23.697], [93.253, 23.696], [93.253, 23.695], [93.252, 23.695], [93.252, 23.694], [93.251, 23.693], [93.251, 23.692], [93.251, 23.691], [93.25, 23.691], [93.25, 23.69], [93.25, 23.689], [93.25, 23.688], [93.249, 23.688], [93.249, 23.687], [93.248, 23.687], [93.248, 23.686], [93.248, 23.685], [93.248, 23.684], [93.248, 23.683], [93.248, 23.682], [93.248, 23.681], [93.248, 23.68], [93.248, 23.679], [93.248, 23.678], [93.248, 23.677], [93.247, 23.677], [93.247, 23.676], [93.247, 23.675], [93.247, 23.674], [93.247, 23.673], [93.247, 23.672], [93.248, 23.672], [93.248, 23.671], [93.249, 23.671], [93.249, 23.67], [93.249, 23.669], [93.249, 23.668], [93.249, 23.667], [93.249, 23.666], [93.249, 23.665], [93.248, 23.665], [93.248, 23.664], [93.248, 23.663], [93.248, 23.662], [93.248, 23.661], [93.248, 23.66], [93.248, 23.659], [93.248, 23.658], [93.248, 23.657], [93.248, 23.656], [93.247, 23.656], [93.247, 23.655], [93.248, 23.655], [93.248, 23.654], [93.248, 23.653], [93.248, 23.652], [93.247, 23.652], [93.247, 23.651], [93.247, 23.65], [93.246, 23.649], [93.246, 23.648], [93.246, 23.647], [93.246, 23.646], [93.246, 23.645], [93.246, 23.644], [93.246, 23.643], [93.246, 23.642], [93.246, 23.641], [93.246, 23.64], [93.246, 23.639], [93.245, 23.639], [93.245, 23.638], [93.245, 23.637], [93.245, 23.636], [93.245, 23.635], [93.244, 23.635], [93.244, 23.634], [93.244, 23.633], [93.244, 23.632], [93.244, 23.631], [93.244, 23.63], [93.245, 23.63], [93.245, 23.629], [93.246, 23.629], [93.247, 23.629], [93.247, 23.628], [93.248, 23.628], [93.249, 23.628], [93.249, 23.627], [93.25, 23.627], [93.25, 23.626], [93.25, 23.625], [93.251, 23.625], [93.251, 23.624], [93.251, 23.623], [93.251, 23.622], [93.251, 23.621], [93.252, 23.621], [93.252, 23.62], [93.252, 23.619], [93.252, 23.618], [93.252, 23.617], [93.253, 23.617], [93.253, 23.616], [93.254, 23.616], [93.255, 23.616], [93.255, 23.615], [93.256, 23.615], [93.256, 23.614], [93.257, 23.614], [93.257, 23.613], [93.257, 23.612], [93.258, 23.612], [93.258, 23.611], [93.259, 23.611], [93.259, 23.61], [93.259, 23.609], [93.259, 23.608], [93.26, 23.608], [93.261, 23.608], [93.262, 23.608], [93.261, 23.607], [93.262, 23.607], [93.263, 23.607], [93.263, 23.606], [93.264, 23.605], [93.265, 23.605], [93.266, 23.605], [93.266, 23.604], [93.266, 23.603], [93.267, 23.603], [93.268, 23.603], [93.268, 23.602], [93.269, 23.602], [93.269, 23.601], [93.27, 23.601], [93.27, 23.6], [93.271, 23.6], [93.272, 23.6], [93.272, 23.599], [93.273, 23.599], [93.273, 23.598], [93.274, 23.598], [93.274, 23.597], [93.274, 23.596], [93.273, 23.596], [93.273, 23.595], [93.274, 23.595], [93.274, 23.594], [93.274, 23.593], [93.275, 23.593], [93.276, 23.592], [93.276, 23.591], [93.276, 23.59], [93.275, 23.59], [93.274, 23.59], [93.274, 23.591], [93.273, 23.591], [93.273, 23.59], [93.273, 23.589], [93.274, 23.589], [93.274, 23.588], [93.273, 23.588], [93.273, 23.587], [93.272, 23.587], [93.272, 23.586], [93.271, 23.586], [93.27, 23.585], [93.27, 23.584], [93.27, 23.583], [93.269, 23.583], [93.269, 23.582], [93.268, 23.582], [93.267, 23.582], [93.267, 23.581], [93.267, 23.58], [93.266, 23.58], [93.266, 23.579], [93.265, 23.579], [93.265, 23.578], [93.264, 23.578], [93.264, 23.577], [93.263, 23.577], [93.263, 23.576], [93.263, 23.575], [93.263, 23.574], [93.263, 23.573], [93.264, 23.572], [93.264, 23.571], [93.265, 23.571], [93.266, 23.571], [93.266, 23.57], [93.267, 23.57], [93.267, 23.569], [93.268, 23.569], [93.268, 23.568], [93.269, 23.567], [93.269, 23.566], [93.27, 23.566], [93.271, 23.566], [93.272, 23.565], [93.272, 23.564], [93.273, 23.564], [93.273, 23.563], [93.274, 23.562], [93.275, 23.562], [93.275, 23.561], [93.275, 23.56], [93.275, 23.559], [93.275, 23.558], [93.276, 23.558], [93.276, 23.557], [93.277, 23.557], [93.277, 23.556], [93.278, 23.556], [93.278, 23.555], [93.278, 23.554], [93.279, 23.553], [93.279, 23.552], [93.28, 23.552], [93.28, 23.551], [93.281, 23.551], [93.282, 23.55], [93.282, 23.549], [93.283, 23.549], [93.283, 23.548], [93.283, 23.547], [93.283, 23.546], [93.283, 23.545], [93.284, 23.544], [93.284, 23.543], [93.284, 23.542], [93.284, 23.541], [93.283, 23.541], [93.283, 23.54], [93.283, 23.539], [93.283, 23.538], [93.283, 23.537], [93.283, 23.536], [93.282, 23.535], [93.282, 23.534], [93.282, 23.533], [93.282, 23.532], [93.281, 23.532], [93.281, 23.531], [93.281, 23.53], [93.28, 23.53], [93.279, 23.53], [93.278, 23.53], [93.278, 23.529], [93.277, 23.529], [93.277, 23.528], [93.278, 23.527], [93.278, 23.526], [93.278, 23.525], [93.277, 23.525], [93.277, 23.524], [93.277, 23.523], [93.277, 23.522], [93.277, 23.521], [93.277, 23.52], [93.278, 23.52], [93.278, 23.519], [93.277, 23.518], [93.278, 23.518], [93.278, 23.517], [93.278, 23.516], [93.279, 23.516], [93.278, 23.516], [93.278, 23.515], [93.277, 23.515], [93.277, 23.514], [93.276, 23.514], [93.276, 23.513], [93.276, 23.512], [93.277, 23.512], [93.277, 23.511], [93.278, 23.51], [93.278, 23.509], [93.277, 23.509], [93.277, 23.508], [93.277, 23.507], [93.277, 23.506], [93.277, 23.505], [93.276, 23.505], [93.275, 23.505], [93.274, 23.506], [93.274, 23.505], [93.273, 23.505], [93.273, 23.504], [93.273, 23.503], [93.273, 23.502], [93.274, 23.502], [93.274, 23.501], [93.275, 23.501], [93.275, 23.5], [93.274, 23.5], [93.273, 23.499], [93.272, 23.499], [93.272, 23.498], [93.273, 23.498], [93.273, 23.497], [93.274, 23.497], [93.274, 23.496], [93.274, 23.495], [93.273, 23.495], [93.273, 23.494], [93.272, 23.494], [93.271, 23.494], [93.27, 23.494], [93.269, 23.494], [93.269, 23.493], [93.268, 23.492], [93.268, 23.491], [93.268, 23.49], [93.267, 23.49], [93.267, 23.489], [93.266, 23.489], [93.266, 23.488], [93.265, 23.488], [93.265, 23.487], [93.264, 23.487], [93.264, 23.486], [93.263, 23.486], [93.263, 23.485], [93.263, 23.484], [93.262, 23.483], [93.261, 23.483], [93.261, 23.484], [93.26, 23.484], [93.259, 23.484], [93.259, 23.483], [93.259, 23.482], [93.26, 23.482], [93.26, 23.481], [93.26, 23.48], [93.26, 23.479], [93.26, 23.478], [93.259, 23.478], [93.259, 23.477], [93.259, 23.476], [93.258, 23.476], [93.258, 23.475], [93.257, 23.474], [93.258, 23.474], [93.259, 23.474], [93.259, 23.473], [93.26, 23.473], [93.26, 23.472], [93.259, 23.472], [93.259, 23.471], [93.26, 23.471], [93.26, 23.47], [93.261, 23.47], [93.262, 23.47], [93.263, 23.47], [93.263, 23.469], [93.263, 23.468], [93.262, 23.468], [93.262, 23.467], [93.262, 23.466], [93.262, 23.465], [93.261, 23.465], [93.261, 23.464], [93.261, 23.463], [93.262, 23.463], [93.262, 23.462], [93.263, 23.462], [93.26, 23.461], [93.261, 23.46], [93.262, 23.46], [93.262, 23.459], [93.263, 23.459], [93.263, 23.458], [93.262, 23.458], [93.262, 23.457], [93.261, 23.457], [93.261, 23.456], [93.261, 23.455], [93.261, 23.454], [93.261, 23.453], [93.26, 23.453], [93.26, 23.452], [93.26, 23.451], [93.261, 23.45], [93.261, 23.449], [93.261, 23.448], [93.261, 23.447], [93.261, 23.446], [93.261, 23.445], [93.26, 23.444], [93.26, 23.443], [93.261, 23.443], [93.261, 23.442], [93.261, 23.441], [93.262, 23.441], [93.262, 23.44], [93.263, 23.439], [93.263, 23.438], [93.263, 23.437], [93.264, 23.436], [93.265, 23.435], [93.266, 23.434], [93.267, 23.433], [93.267, 23.432], [93.268, 23.432], [93.268, 23.431], [93.269, 23.431], [93.269, 23.43], [93.27, 23.43], [93.27, 23.429], [93.27, 23.428], [93.271, 23.428], [93.272, 23.427], [93.273, 23.426], [93.273, 23.425], [93.274, 23.425], [93.274, 23.424], [93.274, 23.423], [93.274, 23.422], [93.275, 23.421], [93.277, 23.422], [93.278, 23.422], [93.279, 23.422], [93.279, 23.423], [93.28, 23.423], [93.281, 23.424], [93.282, 23.424], [93.282, 23.425], [93.283, 23.425], [93.284, 23.425], [93.285, 23.425], [93.285, 23.426], [93.286, 23.426], [93.287, 23.426], [93.288, 23.426], [93.289, 23.426], [93.29, 23.426], [93.291, 23.426], [93.291, 23.427], [93.292, 23.427], [93.292, 23.426], [93.293, 23.426], [93.293, 23.425], [93.294, 23.425], [93.294, 23.426], [93.295, 23.426], [93.296, 23.426], [93.296, 23.425], [93.297, 23.425], [93.298, 23.425], [93.298, 23.424], [93.299, 23.424], [93.3, 23.424], [93.3, 23.423], [93.301, 23.423], [93.302, 23.423], [93.303, 23.423], [93.304, 23.423], [93.305, 23.423], [93.306, 23.423], [93.307, 23.423], [93.308, 23.424], [93.309, 23.424], [93.31, 23.424], [93.31, 23.425], [93.311, 23.425], [93.311, 23.426], [93.311, 23.427], [93.312, 23.427], [93.312, 23.428], [93.313, 23.428], [93.314, 23.428], [93.314, 23.429], [93.315, 23.429], [93.315, 23.43], [93.316, 23.43], [93.317, 23.431], [93.318, 23.431], [93.319, 23.431], [93.32, 23.431], [93.321, 23.431], [93.321, 23.43], [93.322, 23.43], [93.323, 23.43], [93.324, 23.43], [93.325, 23.43], [93.326, 23.43], [93.326, 23.431], [93.327, 23.431], [93.326, 23.43], [93.327, 23.43], [93.328, 23.43], [93.329, 23.43], [93.329, 23.429], [93.33, 23.428], [93.331, 23.427], [93.332, 23.427], [93.332, 23.426], [93.333, 23.426], [93.333, 23.425], [93.334, 23.425], [93.335, 23.425], [93.336, 23.425], [93.337, 23.425], [93.338, 23.424], [93.339, 23.424], [93.34, 23.424], [93.341, 23.424], [93.342, 23.424], [93.343, 23.424], [93.343, 23.423], [93.343, 23.424], [93.344, 23.424], [93.345, 23.424], [93.345, 23.423], [93.346, 23.423], [93.346, 23.422], [93.347, 23.422], [93.347, 23.421], [93.348, 23.421], [93.348, 23.42], [93.349, 23.42], [93.35, 23.42], [93.35, 23.419], [93.351, 23.419], [93.352, 23.419], [93.353, 23.419], [93.354, 23.419], [93.355, 23.419], [93.356, 23.419], [93.356, 23.42], [93.357, 23.42], [93.358, 23.421], [93.359, 23.421], [93.359, 23.422], [93.36, 23.422], [93.361, 23.422], [93.362, 23.422], [93.362, 23.423], [93.363, 23.423], [93.364, 23.423], [93.364, 23.424], [93.365, 23.424], [93.365, 23.425], [93.366, 23.425], [93.367, 23.425], [93.368, 23.425], [93.368, 23.426], [93.369, 23.426], [93.37, 23.426], [93.37, 23.427], [93.371, 23.427], [93.371, 23.428], [93.371, 23.429], [93.372, 23.429], [93.372, 23.43], [93.373, 23.43], [93.373, 23.431], [93.373, 23.432], [93.374, 23.433], [93.374, 23.434], [93.375, 23.434], [93.376, 23.434], [93.377, 23.434], [93.378, 23.434], [93.379, 23.434], [93.38, 23.434], [93.381, 23.434], [93.382, 23.434], [93.382, 23.433], [93.383, 23.433], [93.384, 23.433], [93.384, 23.432], [93.385, 23.432], [93.386, 23.432], [93.387, 23.432], [93.387, 23.431], [93.388, 23.431], [93.388, 23.43], [93.389, 23.43], [93.389, 23.429], [93.39, 23.429], [93.39, 23.428], [93.39, 23.427], [93.39, 23.425], [93.39, 23.424], [93.39, 23.423], [93.389, 23.423], [93.388, 23.423], [93.388, 23.422], [93.388, 23.421], [93.389, 23.42], [93.39, 23.42], [93.391, 23.419], [93.391, 23.418], [93.391, 23.417], [93.391, 23.415], [93.391, 23.414], [93.391, 23.413], [93.391, 23.412], [93.391, 23.41], [93.391, 23.409], [93.391, 23.408], [93.392, 23.407], [93.392, 23.406], [93.392, 23.405], [93.393, 23.404], [93.393, 23.403], [93.393, 23.402], [93.394, 23.401], [93.394, 23.4], [93.394, 23.399], [93.394, 23.398], [93.394, 23.397], [93.395, 23.397], [93.396, 23.397], [93.397, 23.397], [93.398, 23.397], [93.398, 23.396], [93.398, 23.395], [93.398, 23.394], [93.398, 23.393], [93.399, 23.392], [93.401, 23.391], [93.402, 23.39], [93.402, 23.389], [93.403, 23.389], [93.402, 23.388], [93.402, 23.387], [93.402, 23.386], [93.402, 23.384], [93.401, 23.383], [93.4, 23.383], [93.399, 23.384], [93.398, 23.384], [93.397, 23.384], [93.396, 23.383], [93.396, 23.382], [93.396, 23.381], [93.395, 23.379], [93.395, 23.378], [93.395, 23.377], [93.394, 23.376], [93.393, 23.375], [93.392, 23.375], [93.391, 23.375], [93.39, 23.375], [93.388, 23.375], [93.387, 23.375], [93.386, 23.374], [93.386, 23.373], [93.386, 23.372], [93.387, 23.372], [93.387, 23.371], [93.388, 23.371], [93.389, 23.371], [93.39, 23.371], [93.391, 23.371], [93.391, 23.37], [93.391, 23.369], [93.39, 23.369], [93.389, 23.368], [93.388, 23.368], [93.388, 23.367], [93.389, 23.367], [93.389, 23.366], [93.389, 23.365], [93.389, 23.364], [93.389, 23.363], [93.388, 23.362], [93.388, 23.36], [93.388, 23.359], [93.387, 23.359], [93.387, 23.36], [93.386, 23.36], [93.385, 23.361], [93.385, 23.362], [93.384, 23.362], [93.383, 23.362], [93.383, 23.361], [93.382, 23.361], [93.382, 23.36], [93.382, 23.359], [93.382, 23.358], [93.381, 23.358], [93.38, 23.359], [93.38, 23.36], [93.379, 23.361], [93.377, 23.36], [93.376, 23.359], [93.375, 23.359], [93.374, 23.359], [93.372, 23.359], [93.371, 23.359], [93.37, 23.359], [93.369, 23.358], [93.368, 23.357], [93.366, 23.357], [93.365, 23.356], [93.364, 23.356], [93.363, 23.356], [93.362, 23.356], [93.361, 23.357], [93.361, 23.356], [93.36, 23.356], [93.359, 23.355], [93.358, 23.354], [93.357, 23.354], [93.356, 23.354], [93.356, 23.355], [93.355, 23.355], [93.354, 23.355], [93.354, 23.356], [93.353, 23.356], [93.352, 23.356], [93.352, 23.357], [93.351, 23.357], [93.35, 23.357], [93.349, 23.357], [93.348, 23.357], [93.347, 23.357], [93.346, 23.357], [93.346, 23.358], [93.346, 23.357], [93.345, 23.357], [93.344, 23.356], [93.344, 23.355], [93.343, 23.355], [93.343, 23.354], [93.343, 23.353], [93.343, 23.352], [93.342, 23.352], [93.342, 23.351], [93.341, 23.351], [93.34, 23.351], [93.339, 23.35], [93.34, 23.35], [93.34, 23.349], [93.34, 23.348], [93.34, 23.347], [93.339, 23.347], [93.34, 23.346], [93.34, 23.345], [93.34, 23.344], [93.339, 23.343], [93.339, 23.342], [93.339, 23.341], [93.338, 23.341], [93.338, 23.34], [93.338, 23.339], [93.338, 23.338], [93.337, 23.338], [93.336, 23.338], [93.335, 23.338], [93.334, 23.338], [93.333, 23.338], [93.332, 23.338], [93.331, 23.338], [93.33, 23.338], [93.329, 23.338], [93.328, 23.338], [93.327, 23.337], [93.326, 23.337], [93.325, 23.337], [93.325, 23.338], [93.324, 23.338], [93.323, 23.338], [93.321, 23.338], [93.319, 23.339], [93.318, 23.339], [93.316, 23.34], [93.314, 23.341], [93.312, 23.342], [93.311, 23.343], [93.31, 23.343], [93.309, 23.343], [93.308, 23.343], [93.306, 23.343], [93.305, 23.344], [93.304, 23.345], [93.303, 23.345], [93.302, 23.347], [93.301, 23.347], [93.3, 23.348], [93.298, 23.348], [93.297, 23.348], [93.297, 23.347], [93.297, 23.346], [93.296, 23.346], [93.295, 23.346], [93.295, 23.345], [93.294, 23.345], [93.293, 23.345], [93.292, 23.345], [93.292, 23.344], [93.291, 23.344], [93.291, 23.343], [93.291, 23.342], [93.29, 23.342], [93.29, 23.341], [93.289, 23.341], [93.288, 23.341], [93.287, 23.341], [93.287, 23.342], [93.286, 23.342], [93.286, 23.343], [93.285, 23.343], [93.284, 23.343], [93.284, 23.344], [93.283, 23.344], [93.283, 23.345], [93.283, 23.346], [93.282, 23.346], [93.282, 23.347], [93.281, 23.347], [93.281, 23.348], [93.28, 23.348], [93.28, 23.349], [93.28, 23.35], [93.28, 23.351], [93.279, 23.351], [93.279, 23.352], [93.278, 23.352], [93.277, 23.353], [93.277, 23.354], [93.276, 23.354], [93.276, 23.355], [93.275, 23.355], [93.275, 23.356], [93.275, 23.357], [93.276, 23.357], [93.276, 23.358], [93.276, 23.359], [93.276, 23.36], [93.276, 23.361], [93.276, 23.362], [93.275, 23.363], [93.275, 23.364], [93.274, 23.364], [93.273, 23.364], [93.272, 23.364], [93.272, 23.365], [93.271, 23.365], [93.27, 23.365], [93.269, 23.365], [93.268, 23.365], [93.268, 23.366], [93.267, 23.366], [93.267, 23.367], [93.268, 23.367], [93.268, 23.368], [93.269, 23.368], [93.27, 23.369], [93.27, 23.37], [93.269, 23.37], [93.269, 23.371], [93.269, 23.372], [93.269, 23.373], [93.269, 23.374], [93.27, 23.375], [93.27, 23.376], [93.271, 23.376], [93.271, 23.377], [93.271, 23.378], [93.27, 23.378], [93.27, 23.379], [93.27, 23.38], [93.269, 23.38], [93.269, 23.381], [93.269, 23.382], [93.269, 23.383], [93.268, 23.383], [93.268, 23.384], [93.268, 23.385], [93.267, 23.385], [93.266, 23.385], [93.266, 23.386], [93.265, 23.386], [93.264, 23.387], [93.263, 23.387], [93.262, 23.388], [93.26, 23.389], [93.259, 23.389], [93.26, 23.389], [93.26, 23.388], [93.26, 23.387], [93.259, 23.388], [93.258, 23.389], [93.257, 23.389], [93.256, 23.389], [93.256, 23.39], [93.255, 23.389], [93.254, 23.389], [93.253, 23.389], [93.252, 23.389], [93.251, 23.389], [93.25, 23.39], [93.249, 23.39], [93.248, 23.39], [93.247, 23.39], [93.246, 23.389], [93.245, 23.389], [93.245, 23.388], [93.246, 23.387], [93.246, 23.386], [93.246, 23.385], [93.245, 23.385], [93.244, 23.386], [93.244, 23.387], [93.243, 23.387], [93.242, 23.387], [93.241, 23.387], [93.24, 23.388], [93.24, 23.389], [93.239, 23.389], [93.238, 23.389], [93.238, 23.388], [93.237, 23.388], [93.236, 23.388], [93.235, 23.389], [93.234, 23.389], [93.233, 23.389], [93.233, 23.388], [93.232, 23.388], [93.231, 23.388], [93.23, 23.387], [93.23, 23.386], [93.23, 23.385], [93.23, 23.384], [93.229, 23.384], [93.228, 23.385], [93.227, 23.385], [93.227, 23.386], [93.226, 23.385], [93.226, 23.384], [93.226, 23.383], [93.227, 23.383], [93.227, 23.382], [93.228, 23.382], [93.228, 23.381], [93.228, 23.38], [93.227, 23.379], [93.227, 23.378], [93.226, 23.377], [93.225, 23.377], [93.224, 23.377], [93.223, 23.378], [93.222, 23.378], [93.221, 23.378], [93.22, 23.378], [93.219, 23.378], [93.219, 23.377], [93.219, 23.376], [93.218, 23.375], [93.218, 23.374], [93.217, 23.374], [93.216, 23.373], [93.216, 23.372], [93.217, 23.372], [93.217, 23.371], [93.218, 23.371], [93.218, 23.37], [93.218, 23.369], [93.217, 23.369], [93.216, 23.369], [93.215, 23.368], [93.215, 23.367], [93.215, 23.366], [93.214, 23.365], [93.215, 23.365], [93.215, 23.364], [93.216, 23.363], [93.217, 23.363], [93.217, 23.362], [93.218, 23.362], [93.218, 23.361], [93.219, 23.361], [93.219, 23.36], [93.22, 23.36], [93.221, 23.359], [93.221, 23.358], [93.221, 23.357], [93.22, 23.357], [93.219, 23.357], [93.218, 23.356], [93.217, 23.356], [93.217, 23.355], [93.217, 23.354], [93.217, 23.353], [93.216, 23.352], [93.216, 23.351], [93.215, 23.35], [93.215, 23.349], [93.214, 23.349], [93.213, 23.349], [93.212, 23.349], [93.211, 23.35], [93.21, 23.35], [93.21, 23.349], [93.209, 23.348], [93.209, 23.345], [93.209, 23.344], [93.208, 23.342], [93.208, 23.341], [93.208, 23.34], [93.208, 23.339], [93.208, 23.338], [93.209, 23.338], [93.21, 23.338], [93.211, 23.338], [93.211, 23.337], [93.211, 23.336], [93.211, 23.335], [93.211, 23.334], [93.211, 23.333], [93.211, 23.332], [93.211, 23.331], [93.211, 23.33], [93.21, 23.33], [93.209, 23.329], [93.208, 23.329], [93.207, 23.328], [93.206, 23.328], [93.205, 23.328], [93.205, 23.327], [93.205, 23.326], [93.206, 23.326], [93.206, 23.325], [93.205, 23.325], [93.204, 23.324], [93.203, 23.324], [93.203, 23.323], [93.202, 23.323], [93.202, 23.322], [93.201, 23.322], [93.201, 23.321], [93.201, 23.32], [93.201, 23.319], [93.201, 23.318], [93.201, 23.317], [93.201, 23.316], [93.201, 23.315], [93.201, 23.314], [93.202, 23.313], [93.202, 23.312], [93.202, 23.311], [93.202, 23.31], [93.203, 23.31], [93.203, 23.309], [93.203, 23.308], [93.204, 23.308], [93.204, 23.307], [93.204, 23.306], [93.205, 23.306], [93.205, 23.305], [93.205, 23.304], [93.205, 23.303], [93.204, 23.303], [93.204, 23.302], [93.203, 23.302], [93.202, 23.302], [93.202, 23.301], [93.202, 23.3], [93.201, 23.3], [93.201, 23.299], [93.2, 23.299], [93.2, 23.298], [93.2, 23.297], [93.199, 23.297], [93.199, 23.296], [93.199, 23.295], [93.199, 23.294], [93.199, 23.293], [93.198, 23.292], [93.198, 23.291], [93.197, 23.291], [93.197, 23.29], [93.196, 23.29], [93.195, 23.29], [93.194, 23.289], [93.193, 23.288], [93.193, 23.287], [93.193, 23.286], [93.193, 23.285], [93.193, 23.284], [93.193, 23.283], [93.193, 23.282], [93.193, 23.281], [93.194, 23.281], [93.195, 23.281], [93.196, 23.281], [93.197, 23.281], [93.198, 23.28], [93.197, 23.28], [93.197, 23.279], [93.196, 23.279], [93.196, 23.278], [93.195, 23.278], [93.194, 23.277], [93.193, 23.276], [93.193, 23.275], [93.192, 23.275], [93.191, 23.275], [93.19, 23.275], [93.189, 23.275], [93.188, 23.275], [93.187, 23.275], [93.187, 23.274], [93.186, 23.274], [93.185, 23.274], [93.184, 23.274], [93.183, 23.273], [93.182, 23.273], [93.182, 23.272], [93.181, 23.272], [93.18, 23.271], [93.179, 23.27], [93.178, 23.27], [93.178, 23.269], [93.179, 23.268], [93.179, 23.267], [93.179, 23.266], [93.18, 23.266], [93.18, 23.265], [93.18, 23.264], [93.18, 23.263], [93.181, 23.263], [93.181, 23.262], [93.182, 23.262], [93.183, 23.262], [93.183, 23.261], [93.184, 23.261], [93.184, 23.26], [93.184, 23.259], [93.183, 23.259], [93.183, 23.258], [93.183, 23.257], [93.183, 23.256], [93.183, 23.255], [93.182, 23.255], [93.182, 23.254], [93.181, 23.253], [93.181, 23.252], [93.18, 23.252], [93.181, 23.251], [93.181, 23.25], [93.18, 23.249], [93.18, 23.248], [93.179, 23.247], [93.178, 23.246], [93.177, 23.246], [93.177, 23.245], [93.176, 23.245], [93.175, 23.244], [93.175, 23.243], [93.176, 23.242], [93.176, 23.241], [93.176, 23.24], [93.175, 23.24], [93.174, 23.239], [93.174, 23.238], [93.173, 23.238], [93.172, 23.237], [93.171, 23.237], [93.17, 23.236], [93.169, 23.236], [93.168, 23.235], [93.168, 23.234], [93.167, 23.234], [93.167, 23.233], [93.167, 23.232], [93.167, 23.231], [93.167, 23.23], [93.166, 23.229], [93.165, 23.228], [93.165, 23.227], [93.164, 23.226], [93.164, 23.225], [93.164, 23.224], [93.163, 23.223], [93.163, 23.222], [93.162, 23.222], [93.161, 23.222], [93.161, 23.221], [93.161, 23.22], [93.16, 23.22], [93.16, 23.219], [93.159, 23.218], [93.16, 23.217], [93.16, 23.216], [93.161, 23.216], [93.162, 23.216], [93.163, 23.215], [93.163, 23.214], [93.164, 23.214], [93.165, 23.212], [93.166, 23.211], [93.167, 23.21], [93.167, 23.209], [93.166, 23.209], [93.165, 23.21], [93.164, 23.21], [93.163, 23.21], [93.163, 23.209], [93.162, 23.209], [93.162, 23.208], [93.162, 23.207], [93.161, 23.206], [93.16, 23.205], [93.16, 23.204], [93.16, 23.203], [93.159, 23.203], [93.159, 23.202], [93.159, 23.201], [93.158, 23.201], [93.158, 23.2], [93.158, 23.199], [93.157, 23.199], [93.156, 23.199], [93.155, 23.199], [93.154, 23.199], [93.153, 23.199], [93.153, 23.2], [93.152, 23.2], [93.151, 23.2], [93.15, 23.2], [93.149, 23.2], [93.148, 23.2], [93.148, 23.201], [93.147, 23.202], [93.146, 23.202], [93.145, 23.203], [93.145, 23.204], [93.144, 23.205], [93.143, 23.205], [93.143, 23.206], [93.143, 23.207], [93.143, 23.208], [93.142, 23.209], [93.141, 23.21], [93.141, 23.211], [93.14, 23.212], [93.139, 23.213], [93.139, 23.214], [93.138, 23.214], [93.137, 23.215], [93.137, 23.216], [93.137, 23.217], [93.136, 23.217], [93.136, 23.216], [93.135, 23.217], [93.135, 23.218], [93.134, 23.218], [93.134, 23.219], [93.133, 23.219], [93.132, 23.22], [93.131, 23.22], [93.131, 23.221], [93.13, 23.222], [93.129, 23.222], [93.129, 23.223], [93.128, 23.223], [93.127, 23.223], [93.127, 23.224], [93.126, 23.224], [93.125, 23.224], [93.124, 23.224], [93.123, 23.224], [93.122, 23.225], [93.122, 23.226], [93.121, 23.227], [93.12, 23.228], [93.119, 23.228], [93.119, 23.229], [93.118, 23.229], [93.117, 23.23], [93.116, 23.23], [93.115, 23.231], [93.114, 23.231], [93.113, 23.231], [93.113, 23.232], [93.113, 23.233], [93.112, 23.234], [93.111, 23.234], [93.11, 23.235], [93.11, 23.236], [93.111, 23.236], [93.11, 23.237], [93.109, 23.238], [93.108, 23.238], [93.107, 23.239], [93.105, 23.24], [93.104, 23.24], [93.103, 23.24], [93.101, 23.241], [93.1, 23.241], [93.099, 23.241], [93.098, 23.24], [93.098, 23.239], [93.098, 23.238], [93.098, 23.237], [93.097, 23.236], [93.095, 23.234], [93.094, 23.233], [93.094, 23.232], [93.093, 23.232], [93.092, 23.231], [93.091, 23.23], [93.09, 23.23], [93.089, 23.229], [93.087, 23.229], [93.086, 23.228], [93.085, 23.227], [93.084, 23.227], [93.083, 23.227], [93.083, 23.226], [93.082, 23.226], [93.081, 23.227], [93.08, 23.227], [93.079, 23.227], [93.078, 23.227], [93.077, 23.228], [93.076, 23.228], [93.076, 23.227], [93.076, 23.228], [93.075, 23.228], [93.074, 23.228], [93.073, 23.228], [93.072, 23.228], [93.071, 23.229], [93.07, 23.229], [93.069, 23.23], [93.069, 23.231], [93.069, 23.232], [93.068, 23.232], [93.068, 23.233], [93.068, 23.234], [93.067, 23.234], [93.067, 23.235], [93.066, 23.235], [93.066, 23.236], [93.065, 23.236], [93.065, 23.237], [93.064, 23.237], [93.063, 23.237], [93.063, 23.238], [93.062, 23.239], [93.061, 23.239], [93.061, 23.24], [93.06, 23.24], [93.06, 23.241], [93.059, 23.241], [93.058, 23.241], [93.057, 23.241], [93.056, 23.242], [93.055, 23.243], [93.054, 23.243], [93.054, 23.244], [93.054, 23.243], [93.054, 23.242], [93.054, 23.241], [93.053, 23.24], [93.053, 23.241], [93.052, 23.241], [93.052, 23.24], [93.052, 23.239], [93.051, 23.239], [93.05, 23.239], [93.05, 23.238], [93.049, 23.238], [93.048, 23.238], [93.048, 23.237], [93.048, 23.238], [93.047, 23.238], [93.047, 23.239], [93.046, 23.239], [93.045, 23.239], [93.044, 23.239], [93.043, 23.239], [93.042, 23.239], [93.042, 23.24], [93.041, 23.24], [93.04, 23.239], [93.04, 23.238], [93.04, 23.237], [93.039, 23.237], [93.038, 23.237], [93.038, 23.238], [93.038, 23.239], [93.038, 23.24], [93.038, 23.241], [93.038, 23.242], [93.038, 23.243], [93.037, 23.243], [93.036, 23.243], [93.035, 23.243], [93.035, 23.244], [93.034, 23.245], [93.035, 23.245], [93.035, 23.246], [93.036, 23.246], [93.037, 23.246], [93.038, 23.246], [93.039, 23.246], [93.04, 23.246], [93.04, 23.247], [93.041, 23.248], [93.041, 23.249], [93.042, 23.249], [93.043, 23.249], [93.043, 23.25], [93.042, 23.251], [93.041, 23.251], [93.04, 23.251], [93.04, 23.252], [93.039, 23.252], [93.039, 23.253], [93.038, 23.253], [93.038, 23.254], [93.037, 23.254], [93.036, 23.254], [93.035, 23.254], [93.034, 23.254], [93.033, 23.254], [93.032, 23.254], [93.032, 23.255], [93.032, 23.256], [93.032, 23.257], [93.032, 23.258], [93.032, 23.259], [93.032, 23.26], [93.031, 23.26], [93.031, 23.261], [93.03, 23.261], [93.029, 23.261], [93.028, 23.261], [93.028, 23.262], [93.028, 23.263], [93.029, 23.263], [93.029, 23.264], [93.03, 23.264], [93.031, 23.265], [93.031, 23.266], [93.03, 23.266], [93.029, 23.267], [93.028, 23.267], [93.027, 23.267], [93.026, 23.267], [93.025, 23.267], [93.025, 23.268], [93.024, 23.268], [93.023, 23.268], [93.022, 23.268], [93.021, 23.268], [93.02, 23.268], [93.019, 23.268], [93.018, 23.269], [93.017, 23.269], [93.017, 23.27], [93.016, 23.271], [93.015, 23.271], [93.015, 23.272], [93.014, 23.272], [93.013, 23.272], [93.013, 23.273], [93.012, 23.273], [93.012, 23.274], [93.011, 23.274], [93.011, 23.275], [93.01, 23.275], [93.01, 23.276], [93.01, 23.277], [93.009, 23.277], [93.009, 23.278], [93.009, 23.279], [93.008, 23.279], [93.008, 23.28], [93.007, 23.281], [93.007, 23.282], [93.007, 23.283], [93.007, 23.284], [93.007, 23.285], [93.007, 23.286], [93.007, 23.287], [93.007, 23.288], [93.006, 23.288], [93.006, 23.289], [93.005, 23.29], [93.005, 23.292], [93.005, 23.293], [93.005, 23.294], [93.005, 23.296], [93.005, 23.297], [93.006, 23.298], [93.006, 23.299], [93.006, 23.3], [93.007, 23.3], [93.007, 23.301], [93.007, 23.302], [93.006, 23.303], [93.006, 23.304], [93.006, 23.305], [93.006, 23.306], [93.007, 23.306], [93.008, 23.307], [93.009, 23.307], [93.009, 23.308], [93.01, 23.309], [93.011, 23.31], [93.012, 23.311], [93.013, 23.312], [93.013, 23.313], [93.014, 23.313], [93.014, 23.314], [93.016, 23.316], [93.017, 23.317], [93.018, 23.318], [93.019, 23.319], [93.02, 23.319], [93.02, 23.32], [93.021, 23.32], [93.022, 23.32], [93.023, 23.32], [93.024, 23.321], [93.025, 23.321], [93.026, 23.321], [93.026, 23.322], [93.026, 23.323], [93.027, 23.323], [93.027, 23.324], [93.027, 23.325], [93.028, 23.325], [93.029, 23.326], [93.03, 23.326], [93.031, 23.326], [93.032, 23.326], [93.032, 23.327], [93.032, 23.328], [93.033, 23.328], [93.033, 23.329], [93.033, 23.33], [93.032, 23.33], [93.033, 23.331], [93.034, 23.331], [93.034, 23.332], [93.034, 23.333], [93.034, 23.334], [93.034, 23.335], [93.034, 23.336], [93.034, 23.337], [93.035, 23.338], [93.035, 23.339], [93.035, 23.34], [93.036, 23.341], [93.037, 23.342], [93.037, 23.343], [93.037, 23.344], [93.037, 23.345], [93.037, 23.346], [93.036, 23.346], [93.036, 23.347], [93.037, 23.348], [93.038, 23.349], [93.039, 23.349], [93.04, 23.349], [93.04, 23.35], [93.04, 23.351], [93.04, 23.352], [93.041, 23.352], [93.041, 23.353], [93.041, 23.354], [93.042, 23.354], [93.042, 23.355], [93.041, 23.356], [93.041, 23.357], [93.041, 23.358], [93.042, 23.358], [93.042, 23.359], [93.042, 23.36], [93.043, 23.361], [93.043, 23.362], [93.044, 23.362], [93.044, 23.364], [93.045, 23.364], [93.045, 23.365], [93.045, 23.366], [93.046, 23.367], [93.047, 23.368], [93.048, 23.368], [93.048, 23.369], [93.049, 23.37], [93.049, 23.371], [93.049, 23.372], [93.049, 23.373], [93.048, 23.373], [93.047, 23.374], [93.046, 23.375], [93.046, 23.376], [93.045, 23.376], [93.045, 23.377], [93.044, 23.377], [93.043, 23.378], [93.042, 23.379], [93.041, 23.379], [93.041, 23.38], [93.04, 23.381], [93.04, 23.382], [93.039, 23.382], [93.039, 23.383], [93.038, 23.383], [93.038, 23.384], [93.037, 23.385], [93.037, 23.386], [93.036, 23.387], [93.036, 23.389], [93.036, 23.39], [93.036, 23.391], [93.036, 23.392], [93.036, 23.393], [93.035, 23.393], [93.034, 23.394], [93.033, 23.394], [93.033, 23.395], [93.032, 23.396], [93.032, 23.397], [93.032, 23.398], [93.033, 23.398], [93.034, 23.399], [93.035, 23.4], [93.036, 23.4], [93.037, 23.4], [93.038, 23.4], [93.038, 23.401], [93.039, 23.401], [93.04, 23.401], [93.041, 23.401], [93.042, 23.401], [93.043, 23.401], [93.044, 23.401], [93.045, 23.401], [93.047, 23.402], [93.049, 23.402], [93.05, 23.402], [93.051, 23.402], [93.052, 23.403], [93.053, 23.403], [93.054, 23.403], [93.055, 23.403], [93.055, 23.402], [93.056, 23.402], [93.056, 23.401], [93.057, 23.401], [93.058, 23.401], [93.059, 23.4], [93.06, 23.4], [93.061, 23.4], [93.062, 23.4], [93.063, 23.4], [93.064, 23.4], [93.064, 23.399], [93.065, 23.399], [93.065, 23.398], [93.066, 23.398], [93.066, 23.397], [93.067, 23.397], [93.068, 23.397], [93.069, 23.398], [93.07, 23.398], [93.07, 23.399], [93.071, 23.399], [93.071, 23.4], [93.072, 23.4], [93.073, 23.4], [93.073, 23.401], [93.074, 23.401], [93.075, 23.402], [93.076, 23.402], [93.077, 23.403], [93.078, 23.404], [93.078, 23.405], [93.079, 23.406], [93.079, 23.407], [93.079, 23.408], [93.08, 23.409], [93.08, 23.41], [93.08, 23.411], [93.081, 23.412], [93.082, 23.412], [93.082, 23.413], [93.082, 23.414], [93.082, 23.415], [93.082, 23.416], [93.082, 23.417], [93.083, 23.417], [93.083, 23.418], [93.083, 23.419], [93.083, 23.42], [93.084, 23.421], [93.084, 23.422], [93.084, 23.423], [93.084, 23.424], [93.085, 23.424], [93.085, 23.425], [93.085, 23.426], [93.085, 23.427], [93.085, 23.428], [93.085, 23.429], [93.085, 23.43], [93.085, 23.431], [93.085, 23.432], [93.086, 23.432], [93.086, 23.433], [93.086, 23.434], [93.087, 23.434], [93.087, 23.435], [93.088, 23.435], [93.089, 23.436], [93.09, 23.437], [93.091, 23.438], [93.092, 23.439], [93.093, 23.44], [93.094, 23.44], [93.094, 23.441], [93.095, 23.441], [93.096, 23.442], [93.097, 23.442], [93.097, 23.443], [93.098, 23.443], [93.098, 23.444], [93.099, 23.445], [93.099, 23.446], [93.099, 23.447], [93.099, 23.448], [93.099, 23.449], [93.098, 23.45], [93.098, 23.451], [93.097, 23.451], [93.096, 23.451], [93.095, 23.451], [93.094, 23.451], [93.093, 23.451], [93.093, 23.452], [93.092, 23.452], [93.091, 23.452], [93.091, 23.453], [93.09, 23.453], [93.089, 23.453], [93.088, 23.453], [93.087, 23.453], [93.086, 23.453], [93.086, 23.454], [93.085, 23.455], [93.084, 23.455], [93.084, 23.456], [93.083, 23.456], [93.082, 23.456], [93.081, 23.455], [93.08, 23.455], [93.079, 23.455], [93.079, 23.456], [93.078, 23.456], [93.077, 23.457], [93.076, 23.457], [93.076, 23.458], [93.075, 23.458], [93.075, 23.459], [93.074, 23.46], [93.074, 23.461], [93.073, 23.461], [93.073, 23.462], [93.072, 23.462], [93.072, 23.463], [93.071, 23.463], [93.071, 23.464], [93.07, 23.464], [93.07, 23.465], [93.07, 23.466], [93.07, 23.467], [93.07, 23.468], [93.07, 23.469], [93.071, 23.469], [93.072, 23.469], [93.073, 23.469], [93.074, 23.469], [93.074, 23.468], [93.075, 23.468], [93.076, 23.468], [93.077, 23.468], [93.078, 23.468], [93.079, 23.468], [93.08, 23.468], [93.081, 23.468], [93.081, 23.469], [93.082, 23.469], [93.082, 23.47], [93.081, 23.47], [93.081, 23.471], [93.08, 23.471], [93.08, 23.472], [93.079, 23.472], [93.079, 23.473], [93.079, 23.474], [93.078, 23.474], [93.078, 23.475], [93.078, 23.476], [93.078, 23.477], [93.077, 23.478], [93.076, 23.478], [93.075, 23.478], [93.074, 23.478], [93.074, 23.477], [93.073, 23.477], [93.072, 23.477], [93.071, 23.477], [93.07, 23.477], [93.069, 23.477], [93.068, 23.476], [93.067, 23.476], [93.067, 23.475], [93.067, 23.474], [93.066, 23.474], [93.066, 23.473], [93.065, 23.472], [93.064, 23.471], [93.063, 23.471], [93.062, 23.47], [93.061, 23.47], [93.06, 23.47], [93.059, 23.47], [93.058, 23.47], [93.057, 23.471], [93.056, 23.471], [93.055, 23.471], [93.054, 23.472], [93.053, 23.472], [93.052, 23.472], [93.051, 23.471], [93.05, 23.471], [93.05, 23.47], [93.049, 23.47], [93.048, 23.47], [93.047, 23.47], [93.047, 23.469], [93.046, 23.469], [93.046, 23.468], [93.046, 23.467], [93.046, 23.466], [93.045, 23.467], [93.044, 23.467], [93.044, 23.468], [93.043, 23.468], [93.042, 23.468], [93.042, 23.469], [93.041, 23.469], [93.041, 23.47], [93.04, 23.47], [93.039, 23.471], [93.038, 23.471], [93.036, 23.473], [93.036, 23.474], [93.035, 23.475], [93.034, 23.476], [93.033, 23.477], [93.032, 23.478], [93.032, 23.479], [93.031, 23.48], [93.031, 23.481], [93.03, 23.482], [93.03, 23.483], [93.03, 23.484], [93.03, 23.485], [93.029, 23.485], [93.029, 23.486], [93.029, 23.487], [93.029, 23.488], [93.028, 23.489], [93.028, 23.49], [93.028, 23.491], [93.028, 23.492], [93.028, 23.493], [93.027, 23.493], [93.026, 23.493], [93.026, 23.494], [93.026, 23.495], [93.025, 23.495], [93.025, 23.496], [93.024, 23.496], [93.023, 23.497], [93.022, 23.497], [93.021, 23.497], [93.02, 23.497], [93.019, 23.497], [93.018, 23.498], [93.017, 23.498], [93.016, 23.498], [93.015, 23.498], [93.014, 23.498], [93.015, 23.499], [93.015, 23.5], [93.016, 23.501], [93.016, 23.502], [93.016, 23.501], [93.017, 23.501], [93.017, 23.502], [93.018, 23.502], [93.018, 23.503], [93.019, 23.503], [93.02, 23.503], [93.019, 23.504], [93.019, 23.505], [93.019, 23.506], [93.018, 23.506], [93.018, 23.507], [93.018, 23.508], [93.017, 23.508], [93.017, 23.509], [93.018, 23.508], [93.018, 23.509], [93.018, 23.51], [93.019, 23.51], [93.02, 23.509], [93.021, 23.509], [93.021, 23.51], [93.02, 23.51], [93.02, 23.511], [93.021, 23.511], [93.022, 23.511], [93.023, 23.511], [93.024, 23.511], [93.024, 23.512], [93.024, 23.513], [93.025, 23.513], [93.025, 23.514], [93.026, 23.513], [93.027, 23.513], [93.028, 23.514], [93.029, 23.514], [93.03, 23.514], [93.031, 23.514], [93.032, 23.514], [93.033, 23.514], [93.034, 23.514], [93.034, 23.515], [93.035, 23.515], [93.035, 23.516], [93.036, 23.516], [93.037, 23.517], [93.037, 23.518], [93.038, 23.518], [93.039, 23.519], [93.04, 23.519], [93.04, 23.52], [93.04, 23.521], [93.041, 23.522], [93.04, 23.522], [93.04, 23.523], [93.041, 23.524], [93.04, 23.525], [93.04, 23.526], [93.039, 23.527], [93.038, 23.527], [93.038, 23.528], [93.039, 23.528], [93.039, 23.529], [93.039, 23.53], [93.04, 23.531], [93.039, 23.531], [93.038, 23.532], [93.039, 23.533], [93.039, 23.534], [93.039, 23.535], [93.039, 23.536], [93.04, 23.536], [93.04, 23.537], [93.039, 23.537], [93.038, 23.537], [93.037, 23.537], [93.037, 23.538], [93.038, 23.539], [93.039, 23.539], [93.039, 23.54], [93.038, 23.54], [93.038, 23.541], [93.039, 23.542], [93.039, 23.543], [93.038, 23.543], [93.038, 23.544], [93.038, 23.545], [93.038, 23.546], [93.037, 23.546], [93.037, 23.547], [93.037, 23.548], [93.037, 23.549], [93.037, 23.55], [93.037, 23.551], [93.037, 23.552], [93.036, 23.552], [93.035, 23.551], [93.034, 23.552], [93.033, 23.553], [93.033, 23.554], [93.033, 23.555], [93.033, 23.556], [93.033, 23.557], [93.034, 23.558], [93.034, 23.559], [93.034, 23.56], [93.035, 23.561], [93.036, 23.561], [93.037, 23.562], [93.036, 23.562], [93.035, 23.562], [93.034, 23.562], [93.033, 23.562], [93.033, 23.563], [93.032, 23.564], [93.033, 23.565], [93.032, 23.565], [93.031, 23.565], [93.031, 23.566], [93.032, 23.566], [93.033, 23.566], [93.033, 23.567], [93.034, 23.568], [93.034, 23.569], [93.034, 23.57], [93.034, 23.571], [93.034, 23.572], [93.034, 23.573], [93.035, 23.573], [93.035, 23.574], [93.035, 23.575], [93.035, 23.576], [93.034, 23.576], [93.034, 23.577], [93.033, 23.577], [93.033, 23.578], [93.032, 23.578], [93.031, 23.578], [93.031, 23.579], [93.032, 23.579], [93.032, 23.58], [93.031, 23.58], [93.031, 23.581], [93.031, 23.582], [93.031, 23.583], [93.031, 23.584], [93.03, 23.585], [93.029, 23.586], [93.029, 23.588], [93.029, 23.589], [93.029, 23.59], [93.029, 23.591], [93.029, 23.592], [93.029, 23.593], [93.029, 23.594], [93.029, 23.595], [93.028, 23.596], [93.028, 23.597], [93.028, 23.598], [93.028, 23.599], [93.028, 23.6], [93.028, 23.601], [93.028, 23.602], [93.028, 23.603], [93.028, 23.604], [93.029, 23.604], [93.029, 23.605], [93.029, 23.606], [93.029, 23.607], [93.029, 23.608], [93.028, 23.608], [93.028, 23.609], [93.028, 23.61], [93.029, 23.611], [93.03, 23.611], [93.03, 23.612], [93.029, 23.612], [93.029, 23.613], [93.028, 23.614], [93.029, 23.614], [93.029, 23.615], [93.029, 23.616], [93.029, 23.617], [93.028, 23.619], [93.028, 23.62], [93.029, 23.621], [93.029, 23.622], [93.029, 23.623], [93.029, 23.624], [93.029, 23.625], [93.028, 23.626], [93.029, 23.626], [93.03, 23.626], [93.03, 23.627], [93.029, 23.628], [93.028, 23.629], [93.028, 23.63], [93.028, 23.631], [93.029, 23.632], [93.03, 23.632], [93.031, 23.632], [93.031, 23.633], [93.031, 23.635], [93.031, 23.636], [93.03, 23.637], [93.03, 23.638], [93.031, 23.639], [93.032, 23.64], [93.032, 23.641], [93.032, 23.642], [93.032, 23.643], [93.032, 23.644], [93.032, 23.645], [93.033, 23.645], [93.033, 23.646], [93.032, 23.646], [93.033, 23.647], [93.033, 23.648], [93.032, 23.648], [93.032, 23.649], [93.031, 23.65], [93.031, 23.651], [93.032, 23.651], [93.032, 23.652], [93.031, 23.652], [93.031, 23.653], [93.031, 23.654], [93.031, 23.655], [93.03, 23.655], [93.03, 23.654], [93.029, 23.654], [93.029, 23.656], [93.029, 23.657], [93.029, 23.658], [93.03, 23.658], [93.03, 23.659], [93.029, 23.659], [93.028, 23.659], [93.028, 23.66], [93.028, 23.661], [93.028, 23.662], [93.027, 23.662], [93.028, 23.662], [93.028, 23.663], [93.028, 23.665], [93.028, 23.666], [93.027, 23.667], [93.028, 23.668], [93.028, 23.669], [93.028, 23.67], [93.027, 23.67], [93.027, 23.671], [93.028, 23.672], [93.027, 23.673], [93.027, 23.674], [93.026, 23.674], [93.026, 23.675], [93.026, 23.676], [93.028, 23.676], [93.029, 23.677], [93.031, 23.679], [93.032, 23.678], [93.031, 23.677], [93.031, 23.676], [93.032, 23.676], [93.033, 23.676], [93.034, 23.676], [93.036, 23.676], [93.037, 23.677], [93.038, 23.677], [93.038, 23.678], [93.039, 23.679], [93.039, 23.68], [93.04, 23.681], [93.04, 23.682], [93.041, 23.682], [93.041, 23.683], [93.042, 23.682], [93.044, 23.681], [93.045, 23.68], [93.046, 23.679], [93.048, 23.679], [93.049, 23.678], [93.05, 23.678], [93.051, 23.678], [93.052, 23.678], [93.053, 23.678], [93.054, 23.677], [93.055, 23.677], [93.055, 23.676], [93.056, 23.676], [93.057, 23.676], [93.058, 23.676], [93.059, 23.676], [93.06, 23.676], [93.061, 23.676], [93.062, 23.676], [93.062, 23.677], [93.063, 23.677], [93.064, 23.677], [93.064, 23.678], [93.063, 23.679], [93.064, 23.679], [93.065, 23.679], [93.066, 23.678], [93.067, 23.677], [93.068, 23.678], [93.069, 23.678], [93.069, 23.677], [93.069, 23.676], [93.069, 23.675], [93.069, 23.674], [93.068, 23.674], [93.068, 23.673], [93.069, 23.672], [93.069, 23.671], [93.068, 23.671], [93.068, 23.67], [93.069, 23.67], [93.069, 23.669], [93.069, 23.668], [93.069, 23.667], [93.069, 23.666], [93.071, 23.666], [93.072, 23.666], [93.073, 23.666], [93.074, 23.665], [93.075, 23.664], [93.076, 23.664], [93.076, 23.663], [93.077, 23.663], [93.077, 23.662], [93.077, 23.661], [93.077, 23.66], [93.077, 23.659], [93.078, 23.659], [93.078, 23.658], [93.079, 23.658], [93.08, 23.658], [93.08, 23.657], [93.081, 23.657], [93.082, 23.657], [93.082, 23.656], [93.083, 23.656], [93.084, 23.656], [93.084, 23.655], [93.085, 23.655], [93.085, 23.654], [93.086, 23.654], [93.087, 23.654], [93.087, 23.653], [93.088, 23.653], [93.088, 23.652], [93.089, 23.652], [93.09, 23.652], [93.091, 23.652], [93.092, 23.652], [93.093, 23.651], [93.093, 23.65], [93.094, 23.649], [93.096, 23.649], [93.097, 23.648], [93.099, 23.647], [93.1, 23.646], [93.101, 23.646], [93.102, 23.645], [93.104, 23.645], [93.105, 23.645], [93.106, 23.644], [93.107, 23.643], [93.108, 23.643], [93.109, 23.643], [93.11, 23.643], [93.11, 23.642], [93.111, 23.642], [93.112, 23.642], [93.113, 23.642], [93.114, 23.642], [93.115, 23.642], [93.116, 23.642], [93.117, 23.642], [93.118, 23.642], [93.119, 23.642], [93.12, 23.642], [93.12, 23.643], [93.12, 23.644], [93.12, 23.645], [93.12, 23.646], [93.12, 23.647], [93.119, 23.648], [93.119, 23.649], [93.119, 23.65], [93.118, 23.651], [93.118, 23.652], [93.118, 23.653], [93.117, 23.653], [93.117, 23.654], [93.117, 23.655], [93.116, 23.655], [93.116, 23.656], [93.116, 23.657], [93.116, 23.658], [93.116, 23.659], [93.116, 23.66], [93.115, 23.661], [93.115, 23.662], [93.116, 23.662], [93.116, 23.663], [93.117, 23.664], [93.117, 23.665], [93.117, 23.666], [93.118, 23.666], [93.118, 23.667], [93.118, 23.668], [93.118, 23.669], [93.119, 23.669], [93.119, 23.67], [93.119, 23.671], [93.119, 23.672], [93.119, 23.673], [93.118, 23.674], [93.118, 23.675], [93.117, 23.675], [93.118, 23.676], [93.117, 23.676], [93.117, 23.677], [93.117, 23.678], [93.117, 23.679], [93.117, 23.68], [93.117, 23.682], [93.117, 23.683], [93.118, 23.683], [93.118, 23.684], [93.119, 23.684], [93.12, 23.684], [93.12, 23.685], [93.121, 23.685], [93.122, 23.686], [93.123, 23.686], [93.124, 23.686], [93.125, 23.686], [93.126, 23.686], [93.127, 23.687], [93.127, 23.688], [93.126, 23.689], [93.125, 23.69], [93.125, 23.691], [93.125, 23.692], [93.125, 23.694], [93.125, 23.695], [93.125, 23.696], [93.125, 23.697], [93.125, 23.698], [93.126, 23.699], [93.126, 23.7], [93.127, 23.7], [93.128, 23.7], [93.13, 23.699], [93.131, 23.699], [93.132, 23.699], [93.132, 23.698], [93.133, 23.698], [93.134, 23.698], [93.135, 23.698], [93.136, 23.697], [93.137, 23.697], [93.137, 23.696], [93.138, 23.696], [93.139, 23.696], [93.14, 23.697], [93.141, 23.697], [93.142, 23.698], [93.143, 23.698], [93.144, 23.698], [93.145, 23.699], [93.145, 23.698], [93.146, 23.699], [93.147, 23.699], [93.148, 23.699], [93.148, 23.701], [93.149, 23.701], [93.149, 23.702], [93.149, 23.703], [93.15, 23.704], [93.151, 23.704], [93.152, 23.705], [93.153, 23.705], [93.154, 23.705], [93.154, 23.706], [93.155, 23.706], [93.155, 23.707], [93.155, 23.708], [93.156, 23.709], [93.156, 23.71], [93.157, 23.711], [93.158, 23.712], [93.158, 23.713], [93.159, 23.714], [93.159, 23.715], [93.159, 23.716], [93.159, 23.717], [93.16, 23.717], [93.16, 23.718], [93.16, 23.719], [93.16, 23.72], [93.16, 23.721], [93.161, 23.721], [93.161, 23.722], [93.161, 23.723], [93.161, 23.724], [93.162, 23.724], [93.162, 23.725], [93.161, 23.726], [93.162, 23.726], [93.162, 23.727], [93.162, 23.728], [93.161, 23.728], [93.161, 23.729], [93.162, 23.729], [93.162, 23.73], [93.162, 23.731], [93.162, 23.732], [93.162, 23.733], [93.162, 23.734], [93.162, 23.735], [93.161, 23.735], [93.162, 23.736], [93.163, 23.736], [93.164, 23.736], [93.164, 23.737], [93.165, 23.737], [93.165, 23.738], [93.165, 23.739], [93.164, 23.739], [93.164, 23.74], [93.165, 23.74], [93.165, 23.741], [93.166, 23.742], [93.165, 23.743], [93.164, 23.744], [93.164, 23.745], [93.165, 23.745], [93.165, 23.746], [93.164, 23.746], [93.164, 23.747], [93.164, 23.748], [93.164, 23.749], [93.163, 23.749], [93.162, 23.749], [93.162, 23.75], [93.163, 23.75], [93.163, 23.751], [93.163, 23.752], [93.162, 23.752], [93.162, 23.753], [93.162, 23.754], [93.161, 23.755], [93.16, 23.755], [93.159, 23.755], [93.159, 23.756], [93.158, 23.756], [93.157, 23.756], [93.156, 23.758], [93.155, 23.759], [93.154, 23.759], [93.153, 23.759], [93.153, 23.76], [93.152, 23.76], [93.152, 23.761], [93.151, 23.761], [93.152, 23.761], [93.151, 23.761], [93.151, 23.762], [93.152, 23.762], [93.153, 23.762], [93.153, 23.763], [93.154, 23.763], [93.154, 23.764], [93.153, 23.765], [93.154, 23.766], [93.154, 23.767], [93.155, 23.767], [93.156, 23.767], [93.156, 23.768], [93.157, 23.768], [93.158, 23.768], [93.158, 23.769], [93.158, 23.77], [93.159, 23.77], [93.16, 23.77], [93.161, 23.771], [93.161, 23.772], [93.161, 23.773], [93.161, 23.774], [93.16, 23.775], [93.16, 23.776], [93.159, 23.776], [93.159, 23.777], [93.159, 23.778], [93.159, 23.779], [93.159, 23.78], [93.159, 23.781], [93.16, 23.781], [93.16, 23.782], [93.159, 23.782], [93.159, 23.784], [93.159, 23.785], [93.158, 23.786], [93.158, 23.787], [93.158, 23.788], [93.159, 23.788], [93.159, 23.789], [93.16, 23.789], [93.16, 23.79], [93.16, 23.791], [93.161, 23.791], [93.162, 23.791], [93.162, 23.792], [93.162, 23.793], [93.163, 23.793], [93.163, 23.794], [93.164, 23.794], [93.165, 23.794], [93.166, 23.794], [93.166, 23.795], [93.167, 23.795], [93.167, 23.796], [93.167, 23.797], [93.167, 23.798], [93.168, 23.798], [93.168, 23.799], [93.169, 23.799], [93.17, 23.799], [93.171, 23.8], [93.172, 23.8], [93.172, 23.799]]]}, "properties": {"OBJECTID": 2392, "stcode11": "15", "dtcode11": "795", "sdtcode11": "01907", "stname": "MIZORAM", "dtname": "Khawzawl", "sdtname": "Khawzawl", "subdt_lgd": 1907, "dist_lgd": 728, "state_lgd": 15, "shape_Length": 303384.3258825899, "shape_Area": 1463512343.9631414, "st_area_sh": 0, "st_length_": 0, "remarks": "", "ac_no": null, "test": 2393}}, {"type": "Feature", "geometry": {"type": "Polygon", "coordinates": [[[93.368, 23.859], [93.369, 23.859], [93.369, 23.858], [93.369, 23.857], [93.369, 23.856], [93.369, 23.855], [93.369, 23.854], [93.369, 23.853], [93.369, 23.852], [93.37, 23.852], [93.37, 23.851], [93.37, 23.85], [93.37, 23.849], [93.371, 23.849], [93.37, 23.849], [93.371, 23.849], [93.371, 23.848], [93.371, 23.847], [93.371, 23.846], [93.372, 23.846], [93.372, 23.845], [93.372, 23.844], [93.373, 23.844], [93.373, 23.843], [93.373, 23.842], [93.373, 23.841], [93.374, 23.841], [93.373, 23.841], [93.373, 23.84], [93.374, 23.84], [93.374, 23.839], [93.374, 23.838], [93.374, 23.837], [93.375, 23.836], [93.375, 23.835], [93.375, 23.834], [93.375, 23.833], [93.376, 23.833], [93.376, 23.832], [93.376, 23.831], [93.377, 23.83], [93.377, 23.829], [93.377, 23.828], [93.378, 23.828], [93.378, 23.827], [93.378, 23.826], [93.379, 23.826], [93.379, 23.825], [93.379, 23.824], [93.38, 23.824], [93.38, 23.823], [93.38, 23.822], [93.38, 23.821], [93.381, 23.821], [93.382, 23.821], [93.382, 23.82], [93.383, 23.82], [93.384, 23.82], [93.385, 23.82], [93.386, 23.82], [93.387, 23.82], [93.387, 23.819], [93.388, 23.819], [93.388, 23.818], [93.389, 23.818], [93.39, 23.817], [93.391, 23.817], [93.392, 23.816], [93.393, 23.816], [93.393, 23.817], [93.394, 23.818], [93.395, 23.817], [93.396, 23.816], [93.396, 23.815], [93.396, 23.814], [93.397, 23.814], [93.398, 23.814], [93.398, 23.815], [93.399, 23.815], [93.4, 23.814], [93.4, 23.813], [93.401, 23.813], [93.402, 23.813], [93.402, 23.812], [93.402, 23.811], [93.402, 23.81], [93.402, 23.809], [93.403, 23.808], [93.403, 23.807], [93.403, 23.806], [93.403, 23.804], [93.403, 23.803], [93.402, 23.802], [93.402, 23.801], [93.402, 23.8], [93.403, 23.8], [93.402, 23.8], [93.402, 23.799], [93.403, 23.798], [93.403, 23.797], [93.403, 23.796], [93.402, 23.796], [93.402, 23.795], [93.4, 23.794], [93.399, 23.794], [93.398, 23.793], [93.398, 23.791], [93.398, 23.79], [93.397, 23.789], [93.398, 23.788], [93.397, 23.788], [93.397, 23.787], [93.396, 23.787], [93.396, 23.786], [93.397, 23.786], [93.397, 23.785], [93.396, 23.785], [93.396, 23.784], [93.396, 23.783], [93.396, 23.782], [93.396, 23.781], [93.396, 23.78], [93.396, 23.779], [93.396, 23.778], [93.396, 23.777], [93.395, 23.777], [93.395, 23.776], [93.394, 23.776], [93.394, 23.775], [93.394, 23.774], [93.394, 23.773], [93.394, 23.772], [93.395, 23.772], [93.395, 23.771], [93.395, 23.77], [93.396, 23.77], [93.396, 23.769], [93.395, 23.768], [93.395, 23.767], [93.395, 23.766], [93.394, 23.765], [93.394, 23.764], [93.394, 23.763], [93.393, 23.763], [93.393, 23.762], [93.392, 23.762], [93.392, 23.761], [93.392, 23.76], [93.393, 23.76], [93.392, 23.76], [93.392, 23.759], [93.392, 23.758], [93.392, 23.757], [93.392, 23.756], [93.393, 23.755], [93.394, 23.755], [93.395, 23.754], [93.395, 23.753], [93.396, 23.753], [93.395, 23.752], [93.395, 23.751], [93.395, 23.75], [93.395, 23.749], [93.396, 23.749], [93.397, 23.749], [93.398, 23.748], [93.399, 23.748], [93.4, 23.748], [93.401, 23.748], [93.402, 23.747], [93.402, 23.746], [93.403, 23.746], [93.404, 23.745], [93.404, 23.744], [93.404, 23.743], [93.403, 23.742], [93.403, 23.741], [93.403, 23.74], [93.404, 23.739], [93.404, 23.738], [93.404, 23.737], [93.405, 23.737], [93.405, 23.736], [93.406, 23.736], [93.406, 23.735], [93.406, 23.734], [93.407, 23.733], [93.408, 23.732], [93.408, 23.731], [93.409, 23.731], [93.41, 23.731], [93.41, 23.73], [93.411, 23.73], [93.411, 23.729], [93.411, 23.728], [93.41, 23.728], [93.41, 23.727], [93.41, 23.726], [93.41, 23.725], [93.411, 23.725], [93.411, 23.724], [93.411, 23.723], [93.41, 23.723], [93.41, 23.722], [93.409, 23.722], [93.409, 23.721], [93.41, 23.721], [93.41, 23.72], [93.411, 23.72], [93.411, 23.719], [93.411, 23.718], [93.412, 23.718], [93.412, 23.717], [93.411, 23.718], [93.41, 23.718], [93.409, 23.717], [93.408, 23.717], [93.408, 23.716], [93.408, 23.715], [93.407, 23.715], [93.406, 23.715], [93.406, 23.714], [93.406, 23.713], [93.406, 23.712], [93.407, 23.712], [93.407, 23.711], [93.407, 23.71], [93.408, 23.709], [93.409, 23.709], [93.408, 23.709], [93.408, 23.708], [93.407, 23.708], [93.407, 23.707], [93.408, 23.707], [93.409, 23.707], [93.409, 23.706], [93.41, 23.706], [93.41, 23.705], [93.41, 23.704], [93.411, 23.704], [93.412, 23.704], [93.413, 23.704], [93.413, 23.703], [93.414, 23.703], [93.415, 23.703], [93.416, 23.703], [93.416, 23.702], [93.417, 23.702], [93.417, 23.701], [93.417, 23.702], [93.418, 23.702], [93.419, 23.702], [93.419, 23.701], [93.42, 23.701], [93.42, 23.7], [93.421, 23.7], [93.421, 23.699], [93.42, 23.699], [93.42, 23.698], [93.421, 23.698], [93.421, 23.697], [93.421, 23.696], [93.422, 23.696], [93.423, 23.695], [93.423, 23.694], [93.424, 23.693], [93.425, 23.693], [93.425, 23.692], [93.426, 23.692], [93.426, 23.691], [93.426, 23.69], [93.425, 23.69], [93.426, 23.689], [93.427, 23.689], [93.427, 23.688], [93.428, 23.688], [93.429, 23.688], [93.43, 23.688], [93.43, 23.687], [93.431, 23.688], [93.433, 23.687], [93.434, 23.687], [93.435, 23.687], [93.436, 23.687], [93.437, 23.687], [93.437, 23.686], [93.436, 23.686], [93.436, 23.685], [93.436, 23.684], [93.437, 23.684], [93.437, 23.683], [93.436, 23.683], [93.437, 23.682], [93.436, 23.681], [93.435, 23.681], [93.436, 23.68], [93.435, 23.68], [93.435, 23.679], [93.436, 23.679], [93.436, 23.678], [93.435, 23.677], [93.433, 23.676], [93.433, 23.675], [93.432, 23.675], [93.431, 23.675], [93.432, 23.674], [93.433, 23.674], [93.433, 23.673], [93.432, 23.673], [93.431, 23.673], [93.431, 23.672], [93.431, 23.671], [93.43, 23.671], [93.43, 23.67], [93.429, 23.669], [93.429, 23.668], [93.428, 23.668], [93.428, 23.667], [93.427, 23.667], [93.427, 23.666], [93.427, 23.665], [93.426, 23.665], [93.426, 23.664], [93.425, 23.664], [93.426, 23.663], [93.426, 23.662], [93.425, 23.662], [93.424, 23.661], [93.423, 23.661], [93.422, 23.66], [93.422, 23.659], [93.423, 23.659], [93.424, 23.658], [93.424, 23.657], [93.424, 23.656], [93.423, 23.655], [93.422, 23.654], [93.421, 23.654], [93.42, 23.653], [93.421, 23.653], [93.422, 23.652], [93.422, 23.651], [93.421, 23.651], [93.42, 23.651], [93.42, 23.65], [93.421, 23.649], [93.42, 23.649], [93.42, 23.648], [93.419, 23.648], [93.418, 23.648], [93.417, 23.648], [93.416, 23.647], [93.417, 23.647], [93.418, 23.647], [93.418, 23.646], [93.418, 23.645], [93.418, 23.644], [93.418, 23.643], [93.418, 23.642], [93.417, 23.642], [93.417, 23.641], [93.417, 23.64], [93.417, 23.639], [93.418, 23.639], [93.417, 23.639], [93.417, 23.638], [93.418, 23.637], [93.418, 23.636], [93.419, 23.636], [93.42, 23.635], [93.421, 23.635], [93.422, 23.634], [93.423, 23.634], [93.424, 23.634], [93.424, 23.633], [93.423, 23.632], [93.423, 23.631], [93.424, 23.63], [93.425, 23.63], [93.425, 23.629], [93.424, 23.629], [93.424, 23.628], [93.423, 23.628], [93.423, 23.627], [93.422, 23.627], [93.422, 23.626], [93.422, 23.625], [93.423, 23.625], [93.422, 23.624], [93.421, 23.624], [93.42, 23.624], [93.42, 23.623], [93.42, 23.622], [93.421, 23.621], [93.421, 23.62], [93.421, 23.619], [93.421, 23.618], [93.422, 23.618], [93.422, 23.617], [93.422, 23.616], [93.422, 23.615], [93.422, 23.614], [93.422, 23.613], [93.421, 23.613], [93.42, 23.612], [93.421, 23.612], [93.421, 23.611], [93.422, 23.611], [93.422, 23.61], [93.422, 23.609], [93.422, 23.608], [93.422, 23.607], [93.423, 23.607], [93.424, 23.606], [93.424, 23.605], [93.424, 23.604], [93.423, 23.604], [93.422, 23.604], [93.422, 23.603], [93.423, 23.603], [93.424, 23.603], [93.425, 23.602], [93.426, 23.601], [93.426, 23.6], [93.425, 23.601], [93.424, 23.601], [93.424, 23.6], [93.425, 23.6], [93.426, 23.6], [93.426, 23.599], [93.426, 23.598], [93.426, 23.597], [93.426, 23.596], [93.427, 23.595], [93.427, 23.594], [93.428, 23.594], [93.427, 23.594], [93.427, 23.593], [93.426, 23.592], [93.426, 23.591], [93.427, 23.591], [93.427, 23.59], [93.428, 23.59], [93.428, 23.589], [93.429, 23.589], [93.429, 23.588], [93.428, 23.588], [93.427, 23.587], [93.426, 23.587], [93.425, 23.586], [93.424, 23.585], [93.423, 23.584], [93.423, 23.583], [93.423, 23.582], [93.423, 23.581], [93.423, 23.58], [93.423, 23.579], [93.423, 23.578], [93.422, 23.577], [93.422, 23.576], [93.422, 23.575], [93.421, 23.574], [93.422, 23.573], [93.422, 23.572], [93.422, 23.571], [93.421, 23.571], [93.421, 23.57], [93.42, 23.57], [93.419, 23.57], [93.419, 23.569], [93.418, 23.569], [93.417, 23.569], [93.416, 23.57], [93.416, 23.571], [93.415, 23.571], [93.414, 23.571], [93.414, 23.57], [93.414, 23.569], [93.414, 23.568], [93.414, 23.567], [93.414, 23.566], [93.414, 23.565], [93.413, 23.565], [93.412, 23.564], [93.411, 23.564], [93.41, 23.565], [93.41, 23.564], [93.41, 23.563], [93.412, 23.562], [93.413, 23.561], [93.414, 23.561], [93.414, 23.56], [93.413, 23.56], [93.412, 23.559], [93.41, 23.559], [93.409, 23.559], [93.409, 23.558], [93.409, 23.557], [93.41, 23.556], [93.411, 23.556], [93.412, 23.557], [93.412, 23.556], [93.413, 23.556], [93.413, 23.555], [93.413, 23.554], [93.413, 23.553], [93.413, 23.552], [93.413, 23.551], [93.414, 23.551], [93.414, 23.55], [93.415, 23.549], [93.415, 23.548], [93.415, 23.547], [93.415, 23.546], [93.415, 23.545], [93.416, 23.544], [93.417, 23.543], [93.418, 23.543], [93.418, 23.542], [93.418, 23.541], [93.419, 23.54], [93.418, 23.539], [93.418, 23.538], [93.417, 23.538], [93.416, 23.537], [93.416, 23.536], [93.415, 23.534], [93.415, 23.532], [93.415, 23.531], [93.414, 23.53], [93.412, 23.527], [93.412, 23.526], [93.411, 23.525], [93.41, 23.524], [93.409, 23.523], [93.409, 23.521], [93.409, 23.519], [93.409, 23.517], [93.408, 23.517], [93.407, 23.517], [93.406, 23.517], [93.405, 23.517], [93.404, 23.517], [93.403, 23.516], [93.404, 23.515], [93.404, 23.514], [93.405, 23.514], [93.405, 23.513], [93.404, 23.513], [93.403, 23.511], [93.402, 23.51], [93.401, 23.51], [93.4, 23.511], [93.399, 23.511], [93.398, 23.511], [93.397, 23.51], [93.397, 23.509], [93.397, 23.508], [93.396, 23.507], [93.397, 23.506], [93.397, 23.505], [93.396, 23.504], [93.395, 23.504], [93.395, 23.503], [93.395, 23.502], [93.395, 23.501], [93.395, 23.5], [93.394, 23.499], [93.395, 23.498], [93.395, 23.497], [93.395, 23.496], [93.395, 23.494], [93.395, 23.493], [93.395, 23.491], [93.395, 23.49], [93.394, 23.49], [93.394, 23.489], [93.394, 23.488], [93.394, 23.487], [93.394, 23.486], [93.395, 23.486], [93.396, 23.486], [93.396, 23.485], [93.396, 23.484], [93.396, 23.483], [93.396, 23.481], [93.395, 23.481], [93.394, 23.481], [93.393, 23.48], [93.392, 23.479], [93.393, 23.478], [93.394, 23.477], [93.395, 23.476], [93.395, 23.475], [93.396, 23.475], [93.397, 23.475], [93.398, 23.475], [93.398, 23.474], [93.397, 23.473], [93.398, 23.472], [93.399, 23.473], [93.399, 23.472], [93.399, 23.471], [93.398, 23.471], [93.398, 23.47], [93.398, 23.469], [93.398, 23.468], [93.398, 23.467], [93.397, 23.466], [93.395, 23.466], [93.394, 23.465], [93.394, 23.464], [93.394, 23.463], [93.394, 23.462], [93.394, 23.461], [93.394, 23.46], [93.394, 23.459], [93.394, 23.458], [93.393, 23.458], [93.392, 23.458], [93.392, 23.457], [93.393, 23.456], [93.394, 23.456], [93.395, 23.455], [93.396, 23.454], [93.396, 23.453], [93.395, 23.453], [93.394, 23.452], [93.393, 23.451], [93.393, 23.45], [93.394, 23.45], [93.394, 23.449], [93.395, 23.449], [93.395, 23.448], [93.394, 23.448], [93.393, 23.448], [93.392, 23.449], [93.391, 23.45], [93.391, 23.451], [93.39, 23.451], [93.389, 23.45], [93.389, 23.449], [93.388, 23.447], [93.388, 23.446], [93.388, 23.445], [93.389, 23.444], [93.39, 23.443], [93.391, 23.443], [93.391, 23.442], [93.391, 23.441], [93.39, 23.441], [93.39, 23.44], [93.39, 23.439], [93.39, 23.437], [93.391, 23.437], [93.391, 23.436], [93.39, 23.434], [93.389, 23.433], [93.389, 23.432], [93.389, 23.431], [93.39, 23.429], [93.389, 23.429], [93.389, 23.43], [93.388, 23.43], [93.388, 23.431], [93.387, 23.431], [93.387, 23.432], [93.386, 23.432], [93.385, 23.432], [93.384, 23.432], [93.384, 23.433], [93.383, 23.433], [93.382, 23.433], [93.382, 23.434], [93.381, 23.434], [93.38, 23.434], [93.379, 23.434], [93.378, 23.434], [93.377, 23.434], [93.376, 23.434], [93.375, 23.434], [93.374, 23.434], [93.374, 23.433], [93.373, 23.432], [93.373, 23.431], [93.373, 23.43], [93.372, 23.43], [93.372, 23.429], [93.371, 23.429], [93.371, 23.428], [93.371, 23.427], [93.37, 23.427], [93.37, 23.426], [93.369, 23.426], [93.368, 23.426], [93.368, 23.425], [93.367, 23.425], [93.366, 23.425], [93.365, 23.425], [93.365, 23.424], [93.364, 23.424], [93.364, 23.423], [93.363, 23.423], [93.362, 23.423], [93.362, 23.422], [93.361, 23.422], [93.36, 23.422], [93.359, 23.422], [93.359, 23.421], [93.358, 23.421], [93.357, 23.42], [93.356, 23.42], [93.356, 23.419], [93.355, 23.419], [93.354, 23.419], [93.353, 23.419], [93.352, 23.419], [93.351, 23.419], [93.35, 23.419], [93.35, 23.42], [93.349, 23.42], [93.348, 23.42], [93.348, 23.421], [93.347, 23.421], [93.347, 23.422], [93.346, 23.422], [93.346, 23.423], [93.345, 23.423], [93.345, 23.424], [93.344, 23.424], [93.343, 23.424], [93.343, 23.423], [93.343, 23.424], [93.342, 23.424], [93.341, 23.424], [93.34, 23.424], [93.339, 23.424], [93.338, 23.424], [93.337, 23.425], [93.336, 23.425], [93.335, 23.425], [93.334, 23.425], [93.333, 23.425], [93.333, 23.426], [93.332, 23.426], [93.332, 23.427], [93.331, 23.427], [93.33, 23.428], [93.329, 23.429], [93.329, 23.43], [93.328, 23.43], [93.327, 23.43], [93.326, 23.43], [93.327, 23.431], [93.326, 23.431], [93.326, 23.43], [93.325, 23.43], [93.324, 23.43], [93.323, 23.43], [93.322, 23.43], [93.321, 23.43], [93.321, 23.431], [93.32, 23.431], [93.319, 23.431], [93.318, 23.431], [93.317, 23.431], [93.316, 23.43], [93.315, 23.43], [93.315, 23.429], [93.314, 23.429], [93.314, 23.428], [93.313, 23.428], [93.312, 23.428], [93.312, 23.427], [93.311, 23.427], [93.311, 23.426], [93.311, 23.425], [93.31, 23.425], [93.31, 23.424], [93.309, 23.424], [93.308, 23.424], [93.307, 23.423], [93.306, 23.423], [93.305, 23.423], [93.304, 23.423], [93.303, 23.423], [93.302, 23.423], [93.301, 23.423], [93.3, 23.423], [93.3, 23.424], [93.299, 23.424], [93.298, 23.424], [93.298, 23.425], [93.297, 23.425], [93.296, 23.425], [93.296, 23.426], [93.295, 23.426], [93.294, 23.426], [93.294, 23.425], [93.293, 23.425], [93.293, 23.426], [93.292, 23.426], [93.292, 23.427], [93.291, 23.427], [93.291, 23.426], [93.29, 23.426], [93.289, 23.426], [93.288, 23.426], [93.287, 23.426], [93.286, 23.426], [93.285, 23.426], [93.285, 23.425], [93.284, 23.425], [93.283, 23.425], [93.282, 23.425], [93.282, 23.424], [93.281, 23.424], [93.28, 23.423], [93.279, 23.423], [93.279, 23.422], [93.278, 23.422], [93.277, 23.422], [93.275, 23.421], [93.274, 23.422], [93.274, 23.423], [93.274, 23.424], [93.274, 23.425], [93.273, 23.425], [93.273, 23.426], [93.272, 23.427], [93.271, 23.428], [93.27, 23.428], [93.27, 23.429], [93.27, 23.43], [93.269, 23.43], [93.269, 23.431], [93.268, 23.431], [93.268, 23.432], [93.267, 23.432], [93.267, 23.433], [93.266, 23.434], [93.265, 23.435], [93.264, 23.436], [93.263, 23.437], [93.263, 23.438], [93.263, 23.439], [93.262, 23.44], [93.262, 23.441], [93.261, 23.441], [93.261, 23.442], [93.261, 23.443], [93.26, 23.443], [93.26, 23.444], [93.261, 23.445], [93.261, 23.446], [93.261, 23.447], [93.261, 23.448], [93.261, 23.449], [93.261, 23.45], [93.26, 23.451], [93.26, 23.452], [93.26, 23.453], [93.261, 23.453], [93.261, 23.454], [93.261, 23.455], [93.261, 23.456], [93.261, 23.457], [93.262, 23.457], [93.262, 23.458], [93.263, 23.458], [93.263, 23.459], [93.262, 23.459], [93.262, 23.46], [93.261, 23.46], [93.26, 23.461], [93.263, 23.462], [93.262, 23.462], [93.262, 23.463], [93.261, 23.463], [93.261, 23.464], [93.261, 23.465], [93.262, 23.465], [93.262, 23.466], [93.262, 23.467], [93.262, 23.468], [93.263, 23.468], [93.263, 23.469], [93.263, 23.47], [93.262, 23.47], [93.261, 23.47], [93.26, 23.47], [93.26, 23.471], [93.259, 23.471], [93.259, 23.472], [93.26, 23.472], [93.26, 23.473], [93.259, 23.473], [93.259, 23.474], [93.258, 23.474], [93.257, 23.474], [93.258, 23.475], [93.258, 23.476], [93.259, 23.476], [93.259, 23.477], [93.259, 23.478], [93.26, 23.478], [93.26, 23.479], [93.26, 23.48], [93.26, 23.481], [93.26, 23.482], [93.259, 23.482], [93.259, 23.483], [93.259, 23.484], [93.26, 23.484], [93.261, 23.484], [93.261, 23.483], [93.262, 23.483], [93.263, 23.484], [93.263, 23.485], [93.263, 23.486], [93.264, 23.486], [93.264, 23.487], [93.265, 23.487], [93.265, 23.488], [93.266, 23.488], [93.266, 23.489], [93.267, 23.489], [93.267, 23.49], [93.268, 23.49], [93.268, 23.491], [93.268, 23.492], [93.269, 23.493], [93.269, 23.494], [93.27, 23.494], [93.271, 23.494], [93.272, 23.494], [93.273, 23.494], [93.273, 23.495], [93.274, 23.495], [93.274, 23.496], [93.274, 23.497], [93.273, 23.497], [93.273, 23.498], [93.272, 23.498], [93.272, 23.499], [93.273, 23.499], [93.274, 23.5], [93.275, 23.5], [93.275, 23.501], [93.274, 23.501], [93.274, 23.502], [93.273, 23.502], [93.273, 23.503], [93.273, 23.504], [93.273, 23.505], [93.274, 23.505], [93.274, 23.506], [93.275, 23.505], [93.276, 23.505], [93.277, 23.505], [93.277, 23.506], [93.277, 23.507], [93.277, 23.508], [93.277, 23.509], [93.278, 23.509], [93.278, 23.51], [93.277, 23.511], [93.277, 23.512], [93.276, 23.512], [93.276, 23.513], [93.276, 23.514], [93.277, 23.514], [93.277, 23.515], [93.278, 23.515], [93.278, 23.516], [93.279, 23.516], [93.278, 23.516], [93.278, 23.517], [93.278, 23.518], [93.277, 23.518], [93.278, 23.519], [93.278, 23.52], [93.277, 23.52], [93.277, 23.521], [93.277, 23.522], [93.277, 23.523], [93.277, 23.524], [93.277, 23.525], [93.278, 23.525], [93.278, 23.526], [93.278, 23.527], [93.277, 23.528], [93.277, 23.529], [93.278, 23.529], [93.278, 23.53], [93.279, 23.53], [93.28, 23.53], [93.281, 23.53], [93.281, 23.531], [93.281, 23.532], [93.282, 23.532], [93.282, 23.533], [93.282, 23.534], [93.282, 23.535], [93.283, 23.536], [93.283, 23.537], [93.283, 23.538], [93.283, 23.539], [93.283, 23.54], [93.283, 23.541], [93.284, 23.541], [93.284, 23.542], [93.284, 23.543], [93.284, 23.544], [93.283, 23.545], [93.283, 23.546], [93.283, 23.547], [93.283, 23.548], [93.283, 23.549], [93.282, 23.549], [93.282, 23.55], [93.281, 23.551], [93.28, 23.551], [93.28, 23.552], [93.279, 23.552], [93.279, 23.553], [93.278, 23.554], [93.278, 23.555], [93.278, 23.556], [93.277, 23.556], [93.277, 23.557], [93.276, 23.557], [93.276, 23.558], [93.275, 23.558], [93.275, 23.559], [93.275, 23.56], [93.275, 23.561], [93.275, 23.562], [93.274, 23.562], [93.273, 23.563], [93.273, 23.564], [93.272, 23.564], [93.272, 23.565], [93.271, 23.566], [93.27, 23.566], [93.269, 23.566], [93.269, 23.567], [93.268, 23.568], [93.268, 23.569], [93.267, 23.569], [93.267, 23.57], [93.266, 23.57], [93.266, 23.571], [93.265, 23.571], [93.264, 23.571], [93.264, 23.572], [93.263, 23.573], [93.263, 23.574], [93.263, 23.575], [93.263, 23.576], [93.263, 23.577], [93.264, 23.577], [93.264, 23.578], [93.265, 23.578], [93.265, 23.579], [93.266, 23.579], [93.266, 23.58], [93.267, 23.58], [93.267, 23.581], [93.267, 23.582], [93.268, 23.582], [93.269, 23.582], [93.269, 23.583], [93.27, 23.583], [93.27, 23.584], [93.27, 23.585], [93.271, 23.586], [93.272, 23.586], [93.272, 23.587], [93.273, 23.587], [93.273, 23.588], [93.274, 23.588], [93.274, 23.589], [93.273, 23.589], [93.273, 23.59], [93.273, 23.591], [93.274, 23.591], [93.274, 23.59], [93.275, 23.59], [93.276, 23.59], [93.276, 23.591], [93.276, 23.592], [93.275, 23.593], [93.274, 23.593], [93.274, 23.594], [93.274, 23.595], [93.273, 23.595], [93.273, 23.596], [93.274, 23.596], [93.274, 23.597], [93.274, 23.598], [93.273, 23.598], [93.273, 23.599], [93.272, 23.599], [93.272, 23.6], [93.271, 23.6], [93.27, 23.6], [93.27, 23.601], [93.269, 23.601], [93.269, 23.602], [93.268, 23.602], [93.268, 23.603], [93.267, 23.603], [93.266, 23.603], [93.266, 23.604], [93.266, 23.605], [93.265, 23.605], [93.264, 23.605], [93.263, 23.606], [93.263, 23.607], [93.262, 23.607], [93.261, 23.607], [93.262, 23.608], [93.261, 23.608], [93.26, 23.608], [93.259, 23.608], [93.259, 23.609], [93.259, 23.61], [93.259, 23.611], [93.258, 23.611], [93.258, 23.612], [93.257, 23.612], [93.257, 23.613], [93.257, 23.614], [93.256, 23.614], [93.256, 23.615], [93.255, 23.615], [93.255, 23.616], [93.254, 23.616], [93.253, 23.616], [93.253, 23.617], [93.252, 23.617], [93.252, 23.618], [93.252, 23.619], [93.252, 23.62], [93.252, 23.621], [93.251, 23.621], [93.251, 23.622], [93.251, 23.623], [93.251, 23.624], [93.251, 23.625], [93.25, 23.625], [93.25, 23.626], [93.25, 23.627], [93.249, 23.627], [93.249, 23.628], [93.248, 23.628], [93.247, 23.628], [93.247, 23.629], [93.246, 23.629], [93.245, 23.629], [93.245, 23.63], [93.244, 23.63], [93.244, 23.631], [93.244, 23.632], [93.244, 23.633], [93.244, 23.634], [93.244, 23.635], [93.245, 23.635], [93.245, 23.636], [93.245, 23.637], [93.245, 23.638], [93.245, 23.639], [93.246, 23.639], [93.246, 23.64], [93.246, 23.641], [93.246, 23.642], [93.246, 23.643], [93.246, 23.644], [93.246, 23.645], [93.246, 23.646], [93.246, 23.647], [93.246, 23.648], [93.246, 23.649], [93.247, 23.65], [93.247, 23.651], [93.247, 23.652], [93.248, 23.652], [93.248, 23.653], [93.248, 23.654], [93.248, 23.655], [93.247, 23.655], [93.247, 23.656], [93.248, 23.656], [93.248, 23.657], [93.248, 23.658], [93.248, 23.659], [93.248, 23.66], [93.248, 23.661], [93.248, 23.662], [93.248, 23.663], [93.248, 23.664], [93.248, 23.665], [93.249, 23.665], [93.249, 23.666], [93.249, 23.667], [93.249, 23.668], [93.249, 23.669], [93.249, 23.67], [93.249, 23.671], [93.248, 23.671], [93.248, 23.672], [93.247, 23.672], [93.247, 23.673], [93.247, 23.674], [93.247, 23.675], [93.247, 23.676], [93.247, 23.677], [93.248, 23.677], [93.248, 23.678], [93.248, 23.679], [93.248, 23.68], [93.248, 23.681], [93.248, 23.682], [93.248, 23.683], [93.248, 23.684], [93.248, 23.685], [93.248, 23.686], [93.248, 23.687], [93.249, 23.687], [93.249, 23.688], [93.25, 23.688], [93.25, 23.689], [93.25, 23.69], [93.25, 23.691], [93.251, 23.691], [93.251, 23.692], [93.251, 23.693], [93.252, 23.694], [93.252, 23.695], [93.253, 23.695], [93.253, 23.696], [93.253, 23.697], [93.253, 23.698], [93.254, 23.698], [93.255, 23.699], [93.256, 23.699], [93.256, 23.7], [93.256, 23.701], [93.255, 23.701], [93.254, 23.701], [93.254, 23.702], [93.253, 23.702], [93.253, 23.703], [93.252, 23.703], [93.251, 23.703], [93.25, 23.703], [93.249, 23.703], [93.249, 23.702], [93.248, 23.702], [93.248, 23.701], [93.247, 23.701], [93.246, 23.701], [93.246, 23.7], [93.245, 23.7], [93.244, 23.7], [93.243, 23.7], [93.243, 23.701], [93.243, 23.702], [93.243, 23.703], [93.243, 23.704], [93.243, 23.705], [93.242, 23.706], [93.242, 23.707], [93.241, 23.707], [93.241, 23.708], [93.242, 23.708], [93.242, 23.709], [93.242, 23.71], [93.242, 23.711], [93.242, 23.712], [93.242, 23.713], [93.243, 23.713], [93.243, 23.714], [93.243, 23.715], [93.244, 23.715], [93.244, 23.716], [93.245, 23.716], [93.245, 23.717], [93.245, 23.718], [93.246, 23.718], [93.246, 23.719], [93.247, 23.719], [93.247, 23.72], [93.248, 23.72], [93.248, 23.721], [93.249, 23.721], [93.249, 23.722], [93.25, 23.722], [93.251, 23.722], [93.252, 23.722], [93.253, 23.722], [93.253, 23.723], [93.254, 23.723], [93.255, 23.723], [93.255, 23.724], [93.256, 23.724], [93.257, 23.724], [93.257, 23.725], [93.258, 23.725], [93.259, 23.725], [93.259, 23.726], [93.259, 23.727], [93.26, 23.727], [93.26, 23.728], [93.26, 23.729], [93.261, 23.73], [93.261, 23.731], [93.26, 23.731], [93.259, 23.731], [93.258, 23.732], [93.257, 23.732], [93.256, 23.732], [93.256, 23.733], [93.255, 23.733], [93.255, 23.734], [93.254, 23.734], [93.254, 23.735], [93.254, 23.736], [93.254, 23.737], [93.254, 23.738], [93.255, 23.739], [93.256, 23.74], [93.257, 23.74], [93.258, 23.741], [93.259, 23.741], [93.259, 23.742], [93.26, 23.742], [93.261, 23.742], [93.262, 23.742], [93.263, 23.742], [93.263, 23.743], [93.264, 23.743], [93.265, 23.743], [93.266, 23.744], [93.266, 23.745], [93.267, 23.745], [93.267, 23.746], [93.268, 23.746], [93.269, 23.746], [93.27, 23.746], [93.271, 23.746], [93.271, 23.747], [93.272, 23.747], [93.273, 23.747], [93.274, 23.747], [93.275, 23.747], [93.276, 23.747], [93.277, 23.747], [93.277, 23.748], [93.278, 23.748], [93.279, 23.748], [93.28, 23.748], [93.281, 23.749], [93.282, 23.749], [93.283, 23.751], [93.283, 23.752], [93.284, 23.752], [93.284, 23.753], [93.285, 23.754], [93.286, 23.755], [93.287, 23.756], [93.287, 23.757], [93.288, 23.757], [93.288, 23.758], [93.289, 23.758], [93.289, 23.759], [93.29, 23.759], [93.29, 23.76], [93.29, 23.761], [93.289, 23.762], [93.289, 23.763], [93.29, 23.764], [93.29, 23.765], [93.291, 23.766], [93.291, 23.767], [93.292, 23.768], [93.293, 23.769], [93.294, 23.769], [93.295, 23.77], [93.296, 23.77], [93.297, 23.77], [93.298, 23.77], [93.298, 23.771], [93.299, 23.771], [93.299, 23.772], [93.3, 23.772], [93.3, 23.773], [93.301, 23.773], [93.301, 23.774], [93.302, 23.774], [93.302, 23.775], [93.303, 23.775], [93.304, 23.775], [93.304, 23.776], [93.304, 23.777], [93.305, 23.777], [93.306, 23.777], [93.307, 23.777], [93.308, 23.777], [93.309, 23.778], [93.311, 23.778], [93.312, 23.779], [93.313, 23.78], [93.314, 23.781], [93.315, 23.782], [93.315, 23.783], [93.316, 23.783], [93.316, 23.784], [93.317, 23.784], [93.317, 23.785], [93.318, 23.785], [93.318, 23.786], [93.319, 23.786], [93.32, 23.786], [93.321, 23.785], [93.322, 23.785], [93.322, 23.786], [93.322, 23.787], [93.323, 23.787], [93.324, 23.787], [93.325, 23.787], [93.325, 23.788], [93.324, 23.788], [93.324, 23.789], [93.323, 23.79], [93.324, 23.79], [93.325, 23.79], [93.326, 23.79], [93.326, 23.791], [93.327, 23.791], [93.327, 23.792], [93.328, 23.793], [93.328, 23.794], [93.329, 23.795], [93.328, 23.795], [93.328, 23.796], [93.329, 23.796], [93.329, 23.797], [93.33, 23.797], [93.33, 23.798], [93.331, 23.798], [93.331, 23.799], [93.331, 23.8], [93.331, 23.801], [93.332, 23.801], [93.332, 23.802], [93.333, 23.802], [93.333, 23.803], [93.334, 23.803], [93.335, 23.802], [93.336, 23.802], [93.337, 23.802], [93.338, 23.802], [93.339, 23.802], [93.34, 23.802], [93.34, 23.803], [93.341, 23.803], [93.342, 23.803], [93.343, 23.802], [93.344, 23.801], [93.345, 23.8], [93.345, 23.799], [93.346, 23.799], [93.346, 23.8], [93.347, 23.8], [93.347, 23.801], [93.347, 23.802], [93.348, 23.802], [93.349, 23.801], [93.35, 23.801], [93.35, 23.802], [93.351, 23.802], [93.351, 23.801], [93.352, 23.801], [93.352, 23.8], [93.353, 23.8], [93.353, 23.801], [93.354, 23.801], [93.354, 23.8], [93.354, 23.799], [93.355, 23.799], [93.355, 23.798], [93.356, 23.798], [93.357, 23.798], [93.357, 23.799], [93.358, 23.799], [93.359, 23.799], [93.359, 23.8], [93.36, 23.801], [93.359, 23.801], [93.359, 23.802], [93.359, 23.803], [93.36, 23.803], [93.36, 23.804], [93.361, 23.804], [93.361, 23.805], [93.36, 23.805], [93.359, 23.805], [93.358, 23.805], [93.358, 23.806], [93.359, 23.807], [93.359, 23.808], [93.36, 23.809], [93.361, 23.808], [93.362, 23.808], [93.362, 23.809], [93.363, 23.809], [93.363, 23.81], [93.363, 23.811], [93.362, 23.811], [93.361, 23.812], [93.36, 23.813], [93.36, 23.814], [93.36, 23.815], [93.361, 23.815], [93.361, 23.816], [93.36, 23.817], [93.36, 23.818], [93.36, 23.819], [93.361, 23.82], [93.362, 23.82], [93.362, 23.821], [93.361, 23.82], [93.36, 23.821], [93.359, 23.821], [93.358, 23.821], [93.357, 23.822], [93.357, 23.823], [93.358, 23.823], [93.357, 23.824], [93.358, 23.825], [93.359, 23.825], [93.359, 23.826], [93.359, 23.827], [93.359, 23.828], [93.358, 23.828], [93.357, 23.829], [93.356, 23.829], [93.356, 23.828], [93.355, 23.827], [93.354, 23.827], [93.354, 23.828], [93.354, 23.829], [93.354, 23.83], [93.353, 23.83], [93.353, 23.831], [93.353, 23.832], [93.353, 23.833], [93.354, 23.834], [93.355, 23.834], [93.355, 23.835], [93.356, 23.835], [93.357, 23.835], [93.357, 23.836], [93.358, 23.836], [93.359, 23.837], [93.359, 23.838], [93.359, 23.839], [93.36, 23.839], [93.36, 23.84], [93.361, 23.84], [93.361, 23.841], [93.362, 23.841], [93.362, 23.842], [93.361, 23.842], [93.36, 23.843], [93.359, 23.843], [93.359, 23.844], [93.358, 23.844], [93.357, 23.844], [93.357, 23.845], [93.356, 23.845], [93.356, 23.846], [93.357, 23.846], [93.358, 23.845], [93.358, 23.846], [93.359, 23.846], [93.359, 23.847], [93.36, 23.847], [93.361, 23.847], [93.362, 23.848], [93.363, 23.848], [93.364, 23.848], [93.365, 23.849], [93.365, 23.85], [93.364, 23.85], [93.363, 23.85], [93.362, 23.85], [93.362, 23.849], [93.361, 23.849], [93.36, 23.849], [93.359, 23.85], [93.358, 23.85], [93.357, 23.85], [93.357, 23.851], [93.356, 23.851], [93.356, 23.852], [93.357, 23.852], [93.358, 23.852], [93.359, 23.851], [93.36, 23.851], [93.36, 23.852], [93.361, 23.852], [93.362, 23.852], [93.363, 23.853], [93.363, 23.854], [93.362, 23.854], [93.361, 23.854], [93.36, 23.854], [93.36, 23.855], [93.36, 23.856], [93.361, 23.856], [93.362, 23.857], [93.363, 23.857], [93.364, 23.857], [93.365, 23.857], [93.365, 23.858], [93.365, 23.859], [93.366, 23.859], [93.366, 23.86], [93.367, 23.86], [93.367, 23.859], [93.368, 23.859], [93.368, 23.86], [93.368, 23.859]]]}, "properties": {"OBJECTID": 2390, "stcode11": "15", "dtcode11": "284", "sdtcode11": "01908", "stname": "MIZORAM", "dtname": "Champhai", "sdtname": "Champhai", "subdt_lgd": 1908, "dist_lgd": 262, "state_lgd": 15, "shape_Length": 175832.6338843639, "shape_Area": 736902294.7410192, "st_area_sh": 0, "st_length_": 0, "remarks": "", "ac_no": null, "test": 2391}}, {"type": "Feature", "geometry": {"type": "Polygon", "coordinates": [[[93.259, 23.389], [93.26, 23.389], [93.262, 23.388], [93.263, 23.387], [93.264, 23.387], [93.265, 23.386], [93.266, 23.386], [93.266, 23.385], [93.267, 23.385], [93.268, 23.385], [93.268, 23.384], [93.268, 23.383], [93.269, 23.383], [93.269, 23.382], [93.269, 23.381], [93.269, 23.38], [93.27, 23.38], [93.27, 23.379], [93.27, 23.378], [93.271, 23.378], [93.271, 23.377], [93.271, 23.376], [93.27, 23.376], [93.27, 23.375], [93.269, 23.374], [93.269, 23.373], [93.269, 23.372], [93.269, 23.371], [93.269, 23.37], [93.27, 23.37], [93.27, 23.369], [93.269, 23.368], [93.268, 23.368], [93.268, 23.367], [93.267, 23.367], [93.267, 23.366], [93.268, 23.366], [93.268, 23.365], [93.269, 23.365], [93.27, 23.365], [93.271, 23.365], [93.272, 23.365], [93.272, 23.364], [93.273, 23.364], [93.274, 23.364], [93.275, 23.364], [93.275, 23.363], [93.276, 23.362], [93.276, 23.361], [93.276, 23.36], [93.276, 23.359], [93.276, 23.358], [93.276, 23.357], [93.275, 23.357], [93.275, 23.356], [93.275, 23.355], [93.276, 23.355], [93.276, 23.354], [93.277, 23.354], [93.277, 23.353], [93.278, 23.352], [93.279, 23.352], [93.279, 23.351], [93.28, 23.351], [93.28, 23.35], [93.28, 23.349], [93.28, 23.348], [93.281, 23.348], [93.281, 23.347], [93.282, 23.347], [93.282, 23.346], [93.283, 23.346], [93.283, 23.345], [93.283, 23.344], [93.284, 23.344], [93.284, 23.343], [93.285, 23.343], [93.286, 23.343], [93.286, 23.342], [93.287, 23.342], [93.287, 23.341], [93.288, 23.341], [93.289, 23.341], [93.29, 23.341], [93.29, 23.342], [93.291, 23.342], [93.291, 23.343], [93.291, 23.344], [93.292, 23.344], [93.292, 23.345], [93.293, 23.345], [93.294, 23.345], [93.295, 23.345], [93.295, 23.346], [93.296, 23.346], [93.297, 23.346], [93.297, 23.347], [93.297, 23.348], [93.298, 23.348], [93.3, 23.348], [93.301, 23.347], [93.302, 23.347], [93.303, 23.345], [93.304, 23.345], [93.305, 23.344], [93.306, 23.343], [93.308, 23.343], [93.309, 23.343], [93.31, 23.343], [93.311, 23.343], [93.312, 23.342], [93.314, 23.341], [93.316, 23.34], [93.318, 23.339], [93.319, 23.339], [93.321, 23.338], [93.323, 23.338], [93.324, 23.338], [93.325, 23.338], [93.325, 23.337], [93.326, 23.337], [93.327, 23.337], [93.328, 23.338], [93.329, 23.338], [93.33, 23.338], [93.331, 23.338], [93.332, 23.338], [93.333, 23.338], [93.334, 23.338], [93.335, 23.338], [93.336, 23.338], [93.337, 23.338], [93.338, 23.338], [93.338, 23.339], [93.338, 23.34], [93.338, 23.341], [93.339, 23.341], [93.339, 23.342], [93.339, 23.343], [93.34, 23.344], [93.34, 23.345], [93.34, 23.346], [93.339, 23.347], [93.34, 23.347], [93.34, 23.348], [93.34, 23.349], [93.34, 23.35], [93.339, 23.35], [93.34, 23.351], [93.341, 23.351], [93.342, 23.351], [93.342, 23.352], [93.343, 23.352], [93.343, 23.353], [93.343, 23.354], [93.343, 23.355], [93.344, 23.355], [93.344, 23.356], [93.345, 23.357], [93.346, 23.357], [93.346, 23.358], [93.346, 23.357], [93.347, 23.357], [93.348, 23.357], [93.349, 23.357], [93.35, 23.357], [93.351, 23.357], [93.352, 23.357], [93.352, 23.356], [93.353, 23.356], [93.354, 23.356], [93.354, 23.355], [93.355, 23.355], [93.356, 23.355], [93.356, 23.354], [93.357, 23.354], [93.356, 23.353], [93.356, 23.352], [93.356, 23.351], [93.357, 23.349], [93.357, 23.348], [93.358, 23.347], [93.358, 23.346], [93.358, 23.345], [93.358, 23.344], [93.358, 23.343], [93.358, 23.342], [93.359, 23.342], [93.36, 23.341], [93.36, 23.34], [93.361, 23.339], [93.362, 23.338], [93.362, 23.337], [93.363, 23.336], [93.364, 23.335], [93.365, 23.335], [93.367, 23.334], [93.368, 23.334], [93.369, 23.334], [93.37, 23.333], [93.371, 23.332], [93.371, 23.331], [93.372, 23.331], [93.372, 23.33], [93.373, 23.329], [93.372, 23.327], [93.372, 23.326], [93.371, 23.325], [93.369, 23.324], [93.368, 23.323], [93.367, 23.323], [93.367, 23.322], [93.367, 23.321], [93.367, 23.32], [93.368, 23.32], [93.368, 23.319], [93.369, 23.318], [93.371, 23.317], [93.372, 23.315], [93.372, 23.314], [93.371, 23.313], [93.37, 23.313], [93.369, 23.313], [93.368, 23.313], [93.367, 23.313], [93.367, 23.314], [93.366, 23.314], [93.365, 23.314], [93.364, 23.314], [93.364, 23.313], [93.364, 23.312], [93.366, 23.311], [93.367, 23.31], [93.368, 23.31], [93.369, 23.31], [93.37, 23.31], [93.371, 23.31], [93.372, 23.31], [93.372, 23.309], [93.371, 23.308], [93.37, 23.308], [93.369, 23.308], [93.369, 23.307], [93.368, 23.307], [93.367, 23.307], [93.367, 23.308], [93.366, 23.307], [93.365, 23.306], [93.366, 23.305], [93.366, 23.304], [93.367, 23.304], [93.368, 23.303], [93.369, 23.302], [93.369, 23.301], [93.369, 23.3], [93.369, 23.299], [93.368, 23.298], [93.367, 23.297], [93.367, 23.296], [93.366, 23.295], [93.366, 23.294], [93.367, 23.293], [93.367, 23.292], [93.368, 23.291], [93.369, 23.29], [93.37, 23.289], [93.37, 23.288], [93.37, 23.287], [93.369, 23.286], [93.369, 23.285], [93.368, 23.285], [93.368, 23.284], [93.367, 23.283], [93.367, 23.282], [93.367, 23.281], [93.366, 23.281], [93.365, 23.281], [93.365, 23.282], [93.364, 23.282], [93.363, 23.281], [93.363, 23.28], [93.363, 23.279], [93.363, 23.278], [93.365, 23.278], [93.366, 23.278], [93.367, 23.277], [93.368, 23.277], [93.369, 23.276], [93.369, 23.275], [93.368, 23.274], [93.367, 23.273], [93.367, 23.272], [93.366, 23.271], [93.366, 23.27], [93.366, 23.269], [93.367, 23.269], [93.368, 23.269], [93.369, 23.268], [93.369, 23.267], [93.369, 23.266], [93.369, 23.265], [93.369, 23.264], [93.37, 23.263], [93.371, 23.262], [93.372, 23.262], [93.373, 23.262], [93.374, 23.261], [93.373, 23.26], [93.373, 23.259], [93.372, 23.259], [93.371, 23.259], [93.37, 23.259], [93.37, 23.258], [93.37, 23.257], [93.37, 23.256], [93.371, 23.256], [93.372, 23.255], [93.371, 23.254], [93.371, 23.253], [93.37, 23.252], [93.37, 23.251], [93.369, 23.25], [93.37, 23.25], [93.371, 23.25], [93.372, 23.25], [93.372, 23.249], [93.373, 23.249], [93.375, 23.249], [93.376, 23.249], [93.377, 23.248], [93.377, 23.247], [93.377, 23.246], [93.377, 23.245], [93.376, 23.245], [93.376, 23.244], [93.377, 23.243], [93.378, 23.24], [93.379, 23.238], [93.379, 23.237], [93.379, 23.236], [93.379, 23.235], [93.379, 23.234], [93.38, 23.233], [93.381, 23.233], [93.382, 23.233], [93.382, 23.232], [93.382, 23.231], [93.382, 23.23], [93.381, 23.229], [93.381, 23.228], [93.381, 23.226], [93.381, 23.225], [93.381, 23.224], [93.382, 23.224], [93.383, 23.224], [93.384, 23.224], [93.384, 23.223], [93.384, 23.222], [93.385, 23.222], [93.385, 23.221], [93.386, 23.22], [93.386, 23.219], [93.387, 23.219], [93.387, 23.218], [93.388, 23.217], [93.389, 23.217], [93.389, 23.216], [93.388, 23.215], [93.387, 23.215], [93.386, 23.215], [93.386, 23.216], [93.385, 23.216], [93.384, 23.216], [93.382, 23.216], [93.381, 23.216], [93.381, 23.215], [93.38, 23.215], [93.38, 23.214], [93.379, 23.213], [93.378, 23.212], [93.378, 23.21], [93.379, 23.208], [93.378, 23.208], [93.378, 23.207], [93.378, 23.206], [93.377, 23.206], [93.376, 23.206], [93.376, 23.205], [93.375, 23.204], [93.376, 23.204], [93.376, 23.203], [93.377, 23.202], [93.377, 23.201], [93.378, 23.201], [93.379, 23.201], [93.38, 23.201], [93.38, 23.2], [93.38, 23.199], [93.38, 23.197], [93.379, 23.195], [93.378, 23.194], [93.378, 23.192], [93.377, 23.191], [93.377, 23.19], [93.378, 23.189], [93.38, 23.188], [93.38, 23.187], [93.381, 23.187], [93.38, 23.186], [93.379, 23.186], [93.378, 23.185], [93.378, 23.184], [93.378, 23.183], [93.378, 23.182], [93.378, 23.181], [93.377, 23.181], [93.377, 23.18], [93.376, 23.179], [93.375, 23.178], [93.374, 23.177], [93.373, 23.176], [93.372, 23.176], [93.371, 23.176], [93.37, 23.176], [93.369, 23.176], [93.369, 23.175], [93.369, 23.174], [93.37, 23.174], [93.371, 23.173], [93.372, 23.173], [93.372, 23.172], [93.373, 23.171], [93.372, 23.17], [93.372, 23.169], [93.372, 23.168], [93.371, 23.167], [93.371, 23.166], [93.372, 23.164], [93.372, 23.163], [93.372, 23.161], [93.372, 23.16], [93.372, 23.159], [93.372, 23.158], [93.371, 23.158], [93.37, 23.157], [93.37, 23.156], [93.369, 23.155], [93.369, 23.154], [93.369, 23.153], [93.37, 23.153], [93.371, 23.153], [93.371, 23.152], [93.371, 23.151], [93.37, 23.15], [93.37, 23.149], [93.369, 23.148], [93.369, 23.147], [93.368, 23.146], [93.368, 23.145], [93.368, 23.144], [93.369, 23.144], [93.369, 23.143], [93.37, 23.142], [93.371, 23.141], [93.372, 23.141], [93.373, 23.141], [93.374, 23.142], [93.375, 23.142], [93.376, 23.142], [93.377, 23.141], [93.378, 23.141], [93.38, 23.141], [93.382, 23.143], [93.383, 23.144], [93.384, 23.144], [93.384, 23.145], [93.385, 23.144], [93.386, 23.144], [93.387, 23.144], [93.387, 23.143], [93.386, 23.141], [93.386, 23.139], [93.385, 23.137], [93.386, 23.136], [93.386, 23.135], [93.386, 23.134], [93.385, 23.133], [93.384, 23.133], [93.383, 23.133], [93.382, 23.133], [93.38, 23.133], [93.378, 23.133], [93.377, 23.133], [93.377, 23.132], [93.377, 23.131], [93.377, 23.13], [93.378, 23.129], [93.378, 23.128], [93.378, 23.127], [93.377, 23.126], [93.376, 23.126], [93.375, 23.126], [93.374, 23.126], [93.373, 23.126], [93.372, 23.126], [93.371, 23.125], [93.37, 23.124], [93.369, 23.123], [93.368, 23.123], [93.367, 23.122], [93.366, 23.121], [93.365, 23.12], [93.364, 23.119], [93.364, 23.118], [93.365, 23.117], [93.364, 23.116], [93.363, 23.115], [93.362, 23.115], [93.361, 23.115], [93.36, 23.116], [93.359, 23.116], [93.358, 23.117], [93.357, 23.117], [93.356, 23.117], [93.356, 23.116], [93.355, 23.115], [93.355, 23.114], [93.355, 23.113], [93.356, 23.112], [93.357, 23.111], [93.358, 23.11], [93.359, 23.11], [93.358, 23.109], [93.358, 23.108], [93.357, 23.107], [93.356, 23.107], [93.356, 23.106], [93.356, 23.105], [93.356, 23.104], [93.355, 23.104], [93.355, 23.103], [93.355, 23.102], [93.355, 23.101], [93.354, 23.1], [93.354, 23.099], [93.354, 23.098], [93.354, 23.097], [93.354, 23.096], [93.353, 23.095], [93.352, 23.095], [93.352, 23.094], [93.351, 23.093], [93.351, 23.092], [93.351, 23.091], [93.35, 23.091], [93.35, 23.092], [93.349, 23.092], [93.348, 23.093], [93.347, 23.093], [93.346, 23.093], [93.345, 23.092], [93.345, 23.091], [93.345, 23.09], [93.346, 23.09], [93.346, 23.089], [93.346, 23.088], [93.346, 23.087], [93.345, 23.087], [93.344, 23.086], [93.343, 23.086], [93.343, 23.085], [93.343, 23.084], [93.343, 23.083], [93.344, 23.082], [93.344, 23.081], [93.344, 23.08], [93.343, 23.079], [93.342, 23.079], [93.342, 23.078], [93.342, 23.077], [93.341, 23.077], [93.34, 23.076], [93.34, 23.075], [93.339, 23.074], [93.34, 23.073], [93.341, 23.073], [93.342, 23.074], [93.343, 23.075], [93.344, 23.075], [93.345, 23.075], [93.346, 23.075], [93.347, 23.074], [93.348, 23.073], [93.35, 23.073], [93.351, 23.073], [93.352, 23.073], [93.352, 23.072], [93.352, 23.071], [93.352, 23.07], [93.351, 23.07], [93.35, 23.07], [93.349, 23.07], [93.348, 23.07], [93.347, 23.071], [93.346, 23.071], [93.345, 23.071], [93.345, 23.07], [93.344, 23.069], [93.343, 23.069], [93.342, 23.068], [93.341, 23.068], [93.34, 23.067], [93.34, 23.066], [93.34, 23.065], [93.341, 23.064], [93.342, 23.063], [93.342, 23.062], [93.343, 23.061], [93.343, 23.06], [93.344, 23.059], [93.343, 23.058], [93.342, 23.058], [93.342, 23.057], [93.341, 23.058], [93.34, 23.059], [93.339, 23.059], [93.337, 23.06], [93.336, 23.06], [93.335, 23.06], [93.335, 23.059], [93.334, 23.059], [93.334, 23.058], [93.334, 23.057], [93.334, 23.056], [93.333, 23.055], [93.333, 23.054], [93.333, 23.053], [93.333, 23.052], [93.334, 23.052], [93.334, 23.051], [93.334, 23.05], [93.334, 23.049], [93.333, 23.048], [93.332, 23.048], [93.33, 23.048], [93.329, 23.048], [93.328, 23.048], [93.327, 23.048], [93.327, 23.047], [93.327, 23.046], [93.327, 23.045], [93.328, 23.044], [93.328, 23.043], [93.328, 23.042], [93.328, 23.041], [93.328, 23.04], [93.327, 23.039], [93.326, 23.039], [93.326, 23.038], [93.325, 23.038], [93.324, 23.037], [93.324, 23.036], [93.323, 23.036], [93.322, 23.037], [93.321, 23.037], [93.32, 23.037], [93.32, 23.036], [93.32, 23.035], [93.321, 23.034], [93.321, 23.033], [93.32, 23.032], [93.32, 23.031], [93.32, 23.03], [93.32, 23.029], [93.319, 23.028], [93.318, 23.028], [93.317, 23.028], [93.316, 23.028], [93.315, 23.027], [93.314, 23.027], [93.313, 23.026], [93.313, 23.025], [93.313, 23.024], [93.314, 23.024], [93.314, 23.023], [93.314, 23.022], [93.314, 23.021], [93.314, 23.02], [93.314, 23.019], [93.313, 23.019], [93.312, 23.019], [93.311, 23.019], [93.311, 23.02], [93.31, 23.02], [93.309, 23.021], [93.308, 23.021], [93.307, 23.021], [93.306, 23.021], [93.305, 23.021], [93.305, 23.02], [93.304, 23.02], [93.303, 23.019], [93.303, 23.018], [93.302, 23.018], [93.302, 23.017], [93.301, 23.016], [93.3, 23.016], [93.299, 23.015], [93.299, 23.014], [93.298, 23.014], [93.298, 23.013], [93.297, 23.012], [93.296, 23.011], [93.296, 23.01], [93.296, 23.009], [93.295, 23.008], [93.294, 23.007], [93.294, 23.006], [93.293, 23.006], [93.292, 23.006], [93.292, 23.007], [93.291, 23.008], [93.29, 23.009], [93.289, 23.008], [93.288, 23.008], [93.287, 23.008], [93.285, 23.008], [93.284, 23.008], [93.283, 23.008], [93.283, 23.007], [93.282, 23.007], [93.281, 23.006], [93.281, 23.005], [93.28, 23.005], [93.279, 23.005], [93.278, 23.005], [93.277, 23.004], [93.276, 23.004], [93.275, 23.004], [93.274, 23.004], [93.274, 23.005], [93.274, 23.006], [93.274, 23.007], [93.273, 23.008], [93.273, 23.009], [93.272, 23.01], [93.271, 23.011], [93.27, 23.011], [93.269, 23.011], [93.267, 23.01], [93.266, 23.01], [93.265, 23.009], [93.265, 23.008], [93.264, 23.008], [93.263, 23.008], [93.262, 23.008], [93.261, 23.009], [93.26, 23.008], [93.259, 23.008], [93.258, 23.008], [93.257, 23.008], [93.256, 23.008], [93.255, 23.007], [93.254, 23.008], [93.253, 23.008], [93.253, 23.007], [93.252, 23.007], [93.251, 23.007], [93.25, 23.007], [93.249, 23.007], [93.248, 23.007], [93.247, 23.007], [93.245, 23.007], [93.243, 23.007], [93.242, 23.007], [93.241, 23.007], [93.24, 23.008], [93.239, 23.009], [93.239, 23.01], [93.237, 23.011], [93.236, 23.011], [93.234, 23.012], [93.232, 23.012], [93.23, 23.011], [93.229, 23.012], [93.228, 23.013], [93.228, 23.014], [93.229, 23.015], [93.229, 23.016], [93.23, 23.017], [93.231, 23.017], [93.231, 23.018], [93.23, 23.019], [93.23, 23.02], [93.229, 23.021], [93.228, 23.021], [93.227, 23.02], [93.226, 23.02], [93.225, 23.021], [93.225, 23.022], [93.225, 23.023], [93.225, 23.024], [93.224, 23.024], [93.223, 23.024], [93.221, 23.024], [93.22, 23.024], [93.219, 23.024], [93.218, 23.024], [93.217, 23.025], [93.217, 23.026], [93.216, 23.026], [93.215, 23.027], [93.215, 23.028], [93.215, 23.029], [93.216, 23.03], [93.216, 23.031], [93.217, 23.031], [93.218, 23.032], [93.218, 23.033], [93.217, 23.034], [93.217, 23.035], [93.216, 23.036], [93.215, 23.036], [93.214, 23.036], [93.213, 23.036], [93.212, 23.038], [93.212, 23.039], [93.211, 23.039], [93.211, 23.04], [93.211, 23.043], [93.211, 23.044], [93.211, 23.045], [93.211, 23.047], [93.21, 23.048], [93.21, 23.049], [93.209, 23.049], [93.208, 23.049], [93.207, 23.049], [93.206, 23.049], [93.205, 23.049], [93.204, 23.05], [93.202, 23.051], [93.201, 23.052], [93.201, 23.053], [93.202, 23.054], [93.202, 23.055], [93.2, 23.055], [93.199, 23.055], [93.198, 23.055], [93.197, 23.055], [93.196, 23.055], [93.195, 23.054], [93.193, 23.054], [93.192, 23.053], [93.191, 23.052], [93.19, 23.052], [93.189, 23.052], [93.188, 23.052], [93.187, 23.053], [93.187, 23.054], [93.187, 23.055], [93.187, 23.056], [93.187, 23.057], [93.187, 23.058], [93.186, 23.059], [93.185, 23.059], [93.185, 23.06], [93.184, 23.06], [93.183, 23.059], [93.182, 23.059], [93.182, 23.058], [93.181, 23.058], [93.181, 23.057], [93.18, 23.057], [93.179, 23.058], [93.178, 23.059], [93.177, 23.06], [93.176, 23.062], [93.175, 23.063], [93.175, 23.064], [93.175, 23.065], [93.175, 23.066], [93.175, 23.067], [93.175, 23.068], [93.175, 23.069], [93.176, 23.07], [93.177, 23.07], [93.177, 23.071], [93.176, 23.072], [93.176, 23.073], [93.175, 23.073], [93.175, 23.074], [93.174, 23.074], [93.173, 23.074], [93.172, 23.075], [93.171, 23.076], [93.171, 23.077], [93.17, 23.077], [93.17, 23.078], [93.171, 23.078], [93.171, 23.079], [93.173, 23.079], [93.174, 23.08], [93.175, 23.08], [93.175, 23.081], [93.175, 23.082], [93.174, 23.082], [93.173, 23.083], [93.172, 23.084], [93.172, 23.085], [93.171, 23.085], [93.171, 23.086], [93.17, 23.086], [93.17, 23.089], [93.17, 23.09], [93.17, 23.091], [93.169, 23.092], [93.168, 23.092], [93.167, 23.093], [93.166, 23.093], [93.166, 23.094], [93.165, 23.096], [93.164, 23.098], [93.163, 23.1], [93.163, 23.102], [93.163, 23.103], [93.163, 23.105], [93.163, 23.106], [93.163, 23.107], [93.164, 23.107], [93.164, 23.108], [93.164, 23.109], [93.164, 23.11], [93.164, 23.111], [93.164, 23.112], [93.164, 23.113], [93.165, 23.113], [93.165, 23.114], [93.165, 23.115], [93.165, 23.116], [93.165, 23.117], [93.165, 23.118], [93.166, 23.118], [93.166, 23.119], [93.167, 23.12], [93.167, 23.121], [93.167, 23.122], [93.167, 23.123], [93.167, 23.124], [93.166, 23.125], [93.166, 23.126], [93.165, 23.126], [93.165, 23.127], [93.165, 23.128], [93.166, 23.129], [93.166, 23.13], [93.167, 23.132], [93.167, 23.133], [93.167, 23.135], [93.168, 23.136], [93.168, 23.137], [93.169, 23.137], [93.169, 23.138], [93.17, 23.138], [93.171, 23.138], [93.171, 23.139], [93.172, 23.139], [93.172, 23.14], [93.173, 23.14], [93.173, 23.141], [93.172, 23.142], [93.171, 23.143], [93.17, 23.143], [93.169, 23.143], [93.169, 23.144], [93.169, 23.145], [93.17, 23.145], [93.171, 23.145], [93.171, 23.146], [93.171, 23.147], [93.17, 23.147], [93.17, 23.148], [93.169, 23.149], [93.169, 23.15], [93.169, 23.151], [93.169, 23.152], [93.168, 23.153], [93.167, 23.154], [93.167, 23.155], [93.167, 23.156], [93.166, 23.156], [93.166, 23.157], [93.165, 23.157], [93.165, 23.158], [93.164, 23.159], [93.163, 23.16], [93.162, 23.161], [93.162, 23.162], [93.162, 23.163], [93.162, 23.164], [93.163, 23.165], [93.162, 23.166], [93.161, 23.167], [93.161, 23.168], [93.161, 23.169], [93.161, 23.17], [93.16, 23.171], [93.16, 23.172], [93.16, 23.173], [93.161, 23.174], [93.161, 23.175], [93.161, 23.176], [93.16, 23.177], [93.159, 23.178], [93.158, 23.178], [93.157, 23.178], [93.156, 23.178], [93.154, 23.178], [93.153, 23.179], [93.152, 23.179], [93.152, 23.18], [93.151, 23.18], [93.15, 23.18], [93.149, 23.18], [93.148, 23.181], [93.147, 23.181], [93.146, 23.183], [93.146, 23.184], [93.145, 23.185], [93.145, 23.186], [93.145, 23.187], [93.145, 23.188], [93.145, 23.189], [93.145, 23.19], [93.146, 23.19], [93.148, 23.19], [93.149, 23.19], [93.151, 23.191], [93.152, 23.191], [93.153, 23.192], [93.155, 23.194], [93.156, 23.194], [93.157, 23.195], [93.158, 23.196], [93.159, 23.195], [93.159, 23.194], [93.16, 23.194], [93.16, 23.193], [93.161, 23.193], [93.162, 23.194], [93.162, 23.195], [93.162, 23.196], [93.162, 23.197], [93.163, 23.197], [93.163, 23.198], [93.162, 23.199], [93.16, 23.2], [93.16, 23.201], [93.159, 23.201], [93.159, 23.202], [93.159, 23.203], [93.16, 23.203], [93.16, 23.204], [93.16, 23.205], [93.161, 23.206], [93.162, 23.207], [93.162, 23.208], [93.162, 23.209], [93.163, 23.209], [93.163, 23.21], [93.164, 23.21], [93.165, 23.21], [93.166, 23.209], [93.167, 23.209], [93.167, 23.21], [93.166, 23.211], [93.165, 23.212], [93.164, 23.214], [93.163, 23.214], [93.163, 23.215], [93.162, 23.216], [93.161, 23.216], [93.16, 23.216], [93.16, 23.217], [93.159, 23.218], [93.16, 23.219], [93.16, 23.22], [93.161, 23.22], [93.161, 23.221], [93.161, 23.222], [93.162, 23.222], [93.163, 23.222], [93.163, 23.223], [93.164, 23.224], [93.164, 23.225], [93.164, 23.226], [93.165, 23.227], [93.165, 23.228], [93.166, 23.229], [93.167, 23.23], [93.167, 23.231], [93.167, 23.232], [93.167, 23.233], [93.167, 23.234], [93.168, 23.234], [93.168, 23.235], [93.169, 23.236], [93.17, 23.236], [93.171, 23.237], [93.172, 23.237], [93.173, 23.238], [93.174, 23.238], [93.174, 23.239], [93.175, 23.24], [93.176, 23.24], [93.176, 23.241], [93.176, 23.242], [93.175, 23.243], [93.175, 23.244], [93.176, 23.245], [93.177, 23.245], [93.177, 23.246], [93.178, 23.246], [93.179, 23.247], [93.18, 23.248], [93.18, 23.249], [93.181, 23.25], [93.181, 23.251], [93.18, 23.252], [93.181, 23.252], [93.181, 23.253], [93.182, 23.254], [93.182, 23.255], [93.183, 23.255], [93.183, 23.256], [93.183, 23.257], [93.183, 23.258], [93.183, 23.259], [93.184, 23.259], [93.184, 23.26], [93.184, 23.261], [93.183, 23.261], [93.183, 23.262], [93.182, 23.262], [93.181, 23.262], [93.181, 23.263], [93.18, 23.263], [93.18, 23.264], [93.18, 23.265], [93.18, 23.266], [93.179, 23.266], [93.179, 23.267], [93.179, 23.268], [93.178, 23.269], [93.178, 23.27], [93.179, 23.27], [93.18, 23.271], [93.181, 23.272], [93.182, 23.272], [93.182, 23.273], [93.183, 23.273], [93.184, 23.274], [93.185, 23.274], [93.186, 23.274], [93.187, 23.274], [93.187, 23.275], [93.188, 23.275], [93.189, 23.275], [93.19, 23.275], [93.191, 23.275], [93.192, 23.275], [93.193, 23.275], [93.193, 23.276], [93.194, 23.277], [93.195, 23.278], [93.196, 23.278], [93.196, 23.279], [93.197, 23.279], [93.197, 23.28], [93.198, 23.28], [93.197, 23.281], [93.196, 23.281], [93.195, 23.281], [93.194, 23.281], [93.193, 23.281], [93.193, 23.282], [93.193, 23.283], [93.193, 23.284], [93.193, 23.285], [93.193, 23.286], [93.193, 23.287], [93.193, 23.288], [93.194, 23.289], [93.195, 23.29], [93.196, 23.29], [93.197, 23.29], [93.197, 23.291], [93.198, 23.291], [93.198, 23.292], [93.199, 23.293], [93.199, 23.294], [93.199, 23.295], [93.199, 23.296], [93.199, 23.297], [93.2, 23.297], [93.2, 23.298], [93.2, 23.299], [93.201, 23.299], [93.201, 23.3], [93.202, 23.3], [93.202, 23.301], [93.202, 23.302], [93.203, 23.302], [93.204, 23.302], [93.204, 23.303], [93.205, 23.303], [93.205, 23.304], [93.205, 23.305], [93.205, 23.306], [93.204, 23.306], [93.204, 23.307], [93.204, 23.308], [93.203, 23.308], [93.203, 23.309], [93.203, 23.31], [93.202, 23.31], [93.202, 23.311], [93.202, 23.312], [93.202, 23.313], [93.201, 23.314], [93.201, 23.315], [93.201, 23.316], [93.201, 23.317], [93.201, 23.318], [93.201, 23.319], [93.201, 23.32], [93.201, 23.321], [93.201, 23.322], [93.202, 23.322], [93.202, 23.323], [93.203, 23.323], [93.203, 23.324], [93.204, 23.324], [93.205, 23.325], [93.206, 23.325], [93.206, 23.326], [93.205, 23.326], [93.205, 23.327], [93.205, 23.328], [93.206, 23.328], [93.207, 23.328], [93.208, 23.329], [93.209, 23.329], [93.21, 23.33], [93.211, 23.33], [93.211, 23.331], [93.211, 23.332], [93.211, 23.333], [93.211, 23.334], [93.211, 23.335], [93.211, 23.336], [93.211, 23.337], [93.211, 23.338], [93.21, 23.338], [93.209, 23.338], [93.208, 23.338], [93.208, 23.339], [93.208, 23.34], [93.208, 23.341], [93.208, 23.342], [93.209, 23.344], [93.209, 23.345], [93.209, 23.348], [93.21, 23.349], [93.21, 23.35], [93.211, 23.35], [93.212, 23.349], [93.213, 23.349], [93.214, 23.349], [93.215, 23.349], [93.215, 23.35], [93.216, 23.351], [93.216, 23.352], [93.217, 23.353], [93.217, 23.354], [93.217, 23.355], [93.217, 23.356], [93.218, 23.356], [93.219, 23.357], [93.22, 23.357], [93.221, 23.357], [93.221, 23.358], [93.221, 23.359], [93.22, 23.36], [93.219, 23.36], [93.219, 23.361], [93.218, 23.361], [93.218, 23.362], [93.217, 23.362], [93.217, 23.363], [93.216, 23.363], [93.215, 23.364], [93.215, 23.365], [93.214, 23.365], [93.215, 23.366], [93.215, 23.367], [93.215, 23.368], [93.216, 23.369], [93.217, 23.369], [93.218, 23.369], [93.218, 23.37], [93.218, 23.371], [93.217, 23.371], [93.217, 23.372], [93.216, 23.372], [93.216, 23.373], [93.217, 23.374], [93.218, 23.374], [93.218, 23.375], [93.219, 23.376], [93.219, 23.377], [93.219, 23.378], [93.22, 23.378], [93.221, 23.378], [93.222, 23.378], [93.223, 23.378], [93.224, 23.377], [93.225, 23.377], [93.226, 23.377], [93.227, 23.378], [93.227, 23.379], [93.228, 23.38], [93.228, 23.381], [93.228, 23.382], [93.227, 23.382], [93.227, 23.383], [93.226, 23.383], [93.226, 23.384], [93.226, 23.385], [93.227, 23.386], [93.227, 23.385], [93.228, 23.385], [93.229, 23.384], [93.23, 23.384], [93.23, 23.385], [93.23, 23.386], [93.23, 23.387], [93.231, 23.388], [93.232, 23.388], [93.233, 23.388], [93.233, 23.389], [93.234, 23.389], [93.235, 23.389], [93.236, 23.388], [93.237, 23.388], [93.238, 23.388], [93.238, 23.389], [93.239, 23.389], [93.24, 23.389], [93.24, 23.388], [93.241, 23.387], [93.242, 23.387], [93.243, 23.387], [93.244, 23.387], [93.244, 23.386], [93.245, 23.385], [93.246, 23.385], [93.246, 23.386], [93.246, 23.387], [93.245, 23.388], [93.245, 23.389], [93.246, 23.389], [93.247, 23.39], [93.248, 23.39], [93.249, 23.39], [93.25, 23.39], [93.251, 23.389], [93.252, 23.389], [93.253, 23.389], [93.254, 23.389], [93.255, 23.389], [93.256, 23.39], [93.256, 23.389], [93.257, 23.389], [93.258, 23.389], [93.259, 23.388], [93.26, 23.387], [93.26, 23.388], [93.26, 23.389], [93.259, 23.389]]]}, "properties": {"OBJECTID": 3297, "stcode11": "15", "dtcode11": "284", "sdtcode11": "01909", "stname": "MIZORAM", "dtname": "Champhai", "sdtname": "Khawbung", "subdt_lgd": 1909, "dist_lgd": 262, "state_lgd": 15, "shape_Length": 166289.32532551733, "shape_Area": 843635087.8224999, "st_area_sh": 0, "st_length_": 0, "remarks": "", "ac_no": null, "test": 3298}}, {"type": "Feature", "geometry": {"type": "Polygon", "coordinates": [[[93.017, 23.508], [93.018, 23.508], [93.018, 23.507], [93.018, 23.506], [93.019, 23.506], [93.019, 23.505], [93.019, 23.504], [93.02, 23.503], [93.019, 23.503], [93.018, 23.503], [93.018, 23.502], [93.017, 23.502], [93.017, 23.501], [93.016, 23.501], [93.016, 23.502], [93.016, 23.501], [93.015, 23.5], [93.015, 23.499], [93.014, 23.498], [93.015, 23.498], [93.016, 23.498], [93.017, 23.498], [93.018, 23.498], [93.019, 23.497], [93.02, 23.497], [93.021, 23.497], [93.022, 23.497], [93.023, 23.497], [93.024, 23.496], [93.025, 23.496], [93.025, 23.495], [93.026, 23.495], [93.026, 23.494], [93.026, 23.493], [93.027, 23.493], [93.028, 23.493], [93.028, 23.492], [93.028, 23.491], [93.028, 23.49], [93.028, 23.489], [93.029, 23.488], [93.029, 23.487], [93.029, 23.486], [93.029, 23.485], [93.03, 23.485], [93.03, 23.484], [93.03, 23.483], [93.03, 23.482], [93.031, 23.481], [93.031, 23.48], [93.032, 23.479], [93.032, 23.478], [93.033, 23.477], [93.034, 23.476], [93.035, 23.475], [93.036, 23.474], [93.036, 23.473], [93.038, 23.471], [93.039, 23.471], [93.04, 23.47], [93.041, 23.47], [93.041, 23.469], [93.042, 23.469], [93.042, 23.468], [93.043, 23.468], [93.044, 23.468], [93.044, 23.467], [93.045, 23.467], [93.046, 23.466], [93.046, 23.467], [93.046, 23.468], [93.046, 23.469], [93.047, 23.469], [93.047, 23.47], [93.048, 23.47], [93.049, 23.47], [93.05, 23.47], [93.05, 23.471], [93.051, 23.471], [93.052, 23.472], [93.053, 23.472], [93.054, 23.472], [93.055, 23.471], [93.056, 23.471], [93.057, 23.471], [93.058, 23.47], [93.059, 23.47], [93.06, 23.47], [93.061, 23.47], [93.062, 23.47], [93.063, 23.471], [93.064, 23.471], [93.065, 23.472], [93.066, 23.473], [93.066, 23.474], [93.067, 23.474], [93.067, 23.475], [93.067, 23.476], [93.068, 23.476], [93.069, 23.477], [93.07, 23.477], [93.071, 23.477], [93.072, 23.477], [93.073, 23.477], [93.074, 23.477], [93.074, 23.478], [93.075, 23.478], [93.076, 23.478], [93.077, 23.478], [93.078, 23.477], [93.078, 23.476], [93.078, 23.475], [93.078, 23.474], [93.079, 23.474], [93.079, 23.473], [93.079, 23.472], [93.08, 23.472], [93.08, 23.471], [93.081, 23.471], [93.081, 23.47], [93.082, 23.47], [93.082, 23.469], [93.081, 23.469], [93.081, 23.468], [93.08, 23.468], [93.079, 23.468], [93.078, 23.468], [93.077, 23.468], [93.076, 23.468], [93.075, 23.468], [93.074, 23.468], [93.074, 23.469], [93.073, 23.469], [93.072, 23.469], [93.071, 23.469], [93.07, 23.469], [93.07, 23.468], [93.07, 23.467], [93.07, 23.466], [93.07, 23.465], [93.07, 23.464], [93.071, 23.464], [93.071, 23.463], [93.072, 23.463], [93.072, 23.462], [93.073, 23.462], [93.073, 23.461], [93.074, 23.461], [93.074, 23.46], [93.075, 23.459], [93.075, 23.458], [93.076, 23.458], [93.076, 23.457], [93.077, 23.457], [93.078, 23.456], [93.079, 23.456], [93.079, 23.455], [93.08, 23.455], [93.081, 23.455], [93.082, 23.456], [93.083, 23.456], [93.084, 23.456], [93.084, 23.455], [93.085, 23.455], [93.086, 23.454], [93.086, 23.453], [93.087, 23.453], [93.088, 23.453], [93.089, 23.453], [93.09, 23.453], [93.091, 23.453], [93.091, 23.452], [93.092, 23.452], [93.093, 23.452], [93.093, 23.451], [93.094, 23.451], [93.095, 23.451], [93.096, 23.451], [93.097, 23.451], [93.098, 23.451], [93.098, 23.45], [93.099, 23.449], [93.099, 23.448], [93.099, 23.447], [93.099, 23.446], [93.099, 23.445], [93.098, 23.444], [93.098, 23.443], [93.097, 23.443], [93.097, 23.442], [93.096, 23.442], [93.095, 23.441], [93.094, 23.441], [93.094, 23.44], [93.093, 23.44], [93.092, 23.439], [93.091, 23.438], [93.09, 23.437], [93.089, 23.436], [93.088, 23.435], [93.087, 23.435], [93.087, 23.434], [93.086, 23.434], [93.086, 23.433], [93.086, 23.432], [93.085, 23.432], [93.085, 23.431], [93.085, 23.43], [93.085, 23.429], [93.085, 23.428], [93.085, 23.427], [93.085, 23.426], [93.085, 23.425], [93.085, 23.424], [93.084, 23.424], [93.084, 23.423], [93.084, 23.422], [93.084, 23.421], [93.083, 23.42], [93.083, 23.419], [93.083, 23.418], [93.083, 23.417], [93.082, 23.417], [93.082, 23.416], [93.082, 23.415], [93.082, 23.414], [93.082, 23.413], [93.082, 23.412], [93.081, 23.412], [93.08, 23.411], [93.08, 23.41], [93.08, 23.409], [93.079, 23.408], [93.079, 23.407], [93.079, 23.406], [93.078, 23.405], [93.078, 23.404], [93.077, 23.403], [93.076, 23.402], [93.075, 23.402], [93.074, 23.401], [93.073, 23.401], [93.073, 23.4], [93.072, 23.4], [93.071, 23.4], [93.071, 23.399], [93.07, 23.399], [93.07, 23.398], [93.069, 23.398], [93.068, 23.397], [93.067, 23.397], [93.066, 23.397], [93.066, 23.398], [93.065, 23.398], [93.065, 23.399], [93.064, 23.399], [93.064, 23.4], [93.063, 23.4], [93.062, 23.4], [93.061, 23.4], [93.06, 23.4], [93.059, 23.4], [93.058, 23.401], [93.057, 23.401], [93.056, 23.401], [93.056, 23.402], [93.055, 23.402], [93.055, 23.403], [93.054, 23.403], [93.053, 23.403], [93.052, 23.403], [93.051, 23.402], [93.05, 23.402], [93.049, 23.402], [93.047, 23.402], [93.045, 23.401], [93.044, 23.401], [93.043, 23.401], [93.042, 23.401], [93.041, 23.401], [93.04, 23.401], [93.039, 23.401], [93.038, 23.401], [93.038, 23.4], [93.037, 23.4], [93.036, 23.4], [93.035, 23.4], [93.034, 23.399], [93.033, 23.398], [93.032, 23.398], [93.032, 23.397], [93.032, 23.396], [93.033, 23.395], [93.033, 23.394], [93.034, 23.394], [93.035, 23.393], [93.036, 23.393], [93.036, 23.392], [93.036, 23.391], [93.036, 23.39], [93.036, 23.389], [93.036, 23.387], [93.037, 23.386], [93.037, 23.385], [93.038, 23.384], [93.038, 23.383], [93.039, 23.383], [93.039, 23.382], [93.04, 23.382], [93.04, 23.381], [93.041, 23.38], [93.041, 23.379], [93.042, 23.379], [93.043, 23.378], [93.044, 23.377], [93.045, 23.377], [93.045, 23.376], [93.046, 23.376], [93.046, 23.375], [93.047, 23.374], [93.048, 23.373], [93.049, 23.373], [93.049, 23.372], [93.049, 23.371], [93.049, 23.37], [93.048, 23.369], [93.048, 23.368], [93.047, 23.368], [93.046, 23.367], [93.045, 23.366], [93.045, 23.365], [93.045, 23.364], [93.044, 23.364], [93.044, 23.362], [93.043, 23.362], [93.043, 23.361], [93.042, 23.36], [93.042, 23.359], [93.042, 23.358], [93.041, 23.358], [93.041, 23.357], [93.041, 23.356], [93.042, 23.355], [93.042, 23.354], [93.041, 23.354], [93.041, 23.353], [93.041, 23.352], [93.04, 23.352], [93.04, 23.351], [93.04, 23.35], [93.04, 23.349], [93.039, 23.349], [93.038, 23.349], [93.037, 23.348], [93.036, 23.347], [93.036, 23.346], [93.037, 23.346], [93.037, 23.345], [93.037, 23.344], [93.037, 23.343], [93.037, 23.342], [93.036, 23.341], [93.035, 23.34], [93.035, 23.339], [93.035, 23.338], [93.034, 23.337], [93.034, 23.336], [93.034, 23.335], [93.034, 23.334], [93.034, 23.333], [93.034, 23.332], [93.034, 23.331], [93.033, 23.331], [93.032, 23.33], [93.033, 23.33], [93.033, 23.329], [93.033, 23.328], [93.032, 23.328], [93.032, 23.327], [93.032, 23.326], [93.031, 23.326], [93.03, 23.326], [93.029, 23.326], [93.028, 23.325], [93.027, 23.325], [93.027, 23.324], [93.027, 23.323], [93.026, 23.323], [93.026, 23.322], [93.026, 23.321], [93.025, 23.321], [93.024, 23.321], [93.023, 23.32], [93.022, 23.32], [93.021, 23.32], [93.02, 23.32], [93.02, 23.319], [93.019, 23.319], [93.018, 23.318], [93.017, 23.317], [93.016, 23.316], [93.014, 23.314], [93.014, 23.313], [93.013, 23.313], [93.013, 23.312], [93.012, 23.311], [93.011, 23.31], [93.01, 23.309], [93.009, 23.308], [93.009, 23.307], [93.008, 23.307], [93.007, 23.306], [93.006, 23.306], [93.006, 23.305], [93.006, 23.304], [93.006, 23.303], [93.007, 23.302], [93.007, 23.301], [93.007, 23.3], [93.006, 23.3], [93.006, 23.299], [93.006, 23.298], [93.005, 23.297], [93.005, 23.296], [93.005, 23.294], [93.005, 23.293], [93.005, 23.292], [93.005, 23.29], [93.006, 23.289], [93.006, 23.288], [93.007, 23.288], [93.007, 23.287], [93.007, 23.286], [93.007, 23.285], [93.007, 23.284], [93.007, 23.283], [93.007, 23.282], [93.007, 23.281], [93.008, 23.28], [93.008, 23.279], [93.009, 23.279], [93.009, 23.278], [93.009, 23.277], [93.01, 23.277], [93.01, 23.276], [93.01, 23.275], [93.011, 23.275], [93.011, 23.274], [93.012, 23.274], [93.012, 23.273], [93.013, 23.273], [93.013, 23.272], [93.014, 23.272], [93.015, 23.272], [93.015, 23.271], [93.016, 23.271], [93.017, 23.27], [93.017, 23.269], [93.018, 23.269], [93.019, 23.268], [93.02, 23.268], [93.021, 23.268], [93.022, 23.268], [93.023, 23.268], [93.024, 23.268], [93.025, 23.268], [93.025, 23.267], [93.026, 23.267], [93.027, 23.267], [93.028, 23.267], [93.029, 23.267], [93.03, 23.266], [93.031, 23.266], [93.031, 23.265], [93.03, 23.264], [93.029, 23.264], [93.029, 23.263], [93.028, 23.263], [93.028, 23.262], [93.028, 23.261], [93.029, 23.261], [93.03, 23.261], [93.031, 23.261], [93.031, 23.26], [93.032, 23.26], [93.032, 23.259], [93.032, 23.258], [93.032, 23.257], [93.032, 23.256], [93.032, 23.255], [93.032, 23.254], [93.033, 23.254], [93.034, 23.254], [93.035, 23.254], [93.036, 23.254], [93.037, 23.254], [93.038, 23.254], [93.038, 23.253], [93.039, 23.253], [93.039, 23.252], [93.04, 23.252], [93.04, 23.251], [93.041, 23.251], [93.042, 23.251], [93.043, 23.25], [93.043, 23.249], [93.042, 23.249], [93.041, 23.249], [93.041, 23.248], [93.04, 23.247], [93.04, 23.246], [93.039, 23.246], [93.038, 23.246], [93.037, 23.246], [93.036, 23.246], [93.035, 23.246], [93.035, 23.245], [93.034, 23.245], [93.035, 23.244], [93.035, 23.243], [93.036, 23.243], [93.037, 23.243], [93.036, 23.243], [93.035, 23.243], [93.034, 23.243], [93.033, 23.244], [93.032, 23.244], [93.031, 23.245], [93.031, 23.246], [93.03, 23.246], [93.029, 23.246], [93.028, 23.247], [93.026, 23.247], [93.025, 23.247], [93.024, 23.247], [93.023, 23.248], [93.022, 23.248], [93.022, 23.249], [93.021, 23.25], [93.019, 23.251], [93.018, 23.251], [93.018, 23.252], [93.017, 23.253], [93.016, 23.253], [93.015, 23.253], [93.014, 23.253], [93.013, 23.254], [93.012, 23.254], [93.01, 23.254], [93.007, 23.254], [93.006, 23.254], [93.005, 23.254], [93.004, 23.255], [93.003, 23.255], [93.001, 23.255], [93.0, 23.255], [92.999, 23.255], [92.998, 23.256], [92.997, 23.256], [92.996, 23.256], [92.994, 23.257], [92.992, 23.258], [92.99, 23.259], [92.988, 23.259], [92.986, 23.26], [92.985, 23.261], [92.983, 23.261], [92.981, 23.262], [92.979, 23.263], [92.977, 23.264], [92.974, 23.265], [92.973, 23.266], [92.972, 23.267], [92.971, 23.268], [92.97, 23.269], [92.969, 23.27], [92.966, 23.27], [92.964, 23.27], [92.963, 23.27], [92.962, 23.271], [92.96, 23.272], [92.959, 23.273], [92.959, 23.272], [92.96, 23.271], [92.96, 23.27], [92.961, 23.269], [92.961, 23.268], [92.96, 23.268], [92.96, 23.267], [92.959, 23.267], [92.958, 23.266], [92.957, 23.266], [92.955, 23.266], [92.954, 23.266], [92.952, 23.265], [92.949, 23.264], [92.948, 23.263], [92.945, 23.263], [92.944, 23.263], [92.942, 23.264], [92.94, 23.264], [92.939, 23.265], [92.936, 23.265], [92.935, 23.265], [92.933, 23.264], [92.932, 23.264], [92.93, 23.263], [92.928, 23.263], [92.927, 23.263], [92.926, 23.263], [92.925, 23.262], [92.923, 23.261], [92.921, 23.259], [92.919, 23.257], [92.918, 23.255], [92.918, 23.254], [92.92, 23.253], [92.921, 23.253], [92.924, 23.253], [92.927, 23.252], [92.93, 23.251], [92.932, 23.25], [92.933, 23.249], [92.934, 23.249], [92.934, 23.248], [92.934, 23.247], [92.933, 23.247], [92.932, 23.247], [92.93, 23.247], [92.929, 23.245], [92.928, 23.243], [92.928, 23.241], [92.928, 23.24], [92.929, 23.24], [92.931, 23.24], [92.933, 23.239], [92.934, 23.238], [92.933, 23.237], [92.932, 23.236], [92.932, 23.235], [92.931, 23.233], [92.93, 23.232], [92.929, 23.23], [92.929, 23.229], [92.929, 23.228], [92.93, 23.227], [92.931, 23.227], [92.934, 23.226], [92.935, 23.226], [92.936, 23.225], [92.937, 23.224], [92.938, 23.223], [92.939, 23.223], [92.94, 23.223], [92.94, 23.222], [92.94, 23.221], [92.94, 23.22], [92.941, 23.22], [92.942, 23.22], [92.943, 23.22], [92.944, 23.221], [92.945, 23.221], [92.946, 23.221], [92.947, 23.221], [92.948, 23.22], [92.948, 23.219], [92.948, 23.218], [92.948, 23.217], [92.949, 23.216], [92.95, 23.216], [92.951, 23.215], [92.952, 23.215], [92.953, 23.214], [92.953, 23.213], [92.953, 23.212], [92.954, 23.211], [92.954, 23.21], [92.955, 23.21], [92.955, 23.208], [92.955, 23.207], [92.956, 23.206], [92.957, 23.204], [92.958, 23.203], [92.957, 23.202], [92.957, 23.201], [92.957, 23.2], [92.956, 23.199], [92.956, 23.198], [92.955, 23.197], [92.954, 23.195], [92.953, 23.194], [92.952, 23.194], [92.951, 23.193], [92.948, 23.193], [92.947, 23.193], [92.946, 23.192], [92.946, 23.193], [92.946, 23.192], [92.944, 23.192], [92.943, 23.192], [92.941, 23.191], [92.939, 23.191], [92.938, 23.19], [92.938, 23.189], [92.938, 23.187], [92.938, 23.185], [92.937, 23.185], [92.936, 23.186], [92.936, 23.187], [92.935, 23.187], [92.934, 23.187], [92.933, 23.187], [92.933, 23.186], [92.933, 23.187], [92.933, 23.188], [92.932, 23.188], [92.931, 23.188], [92.93, 23.188], [92.93, 23.187], [92.929, 23.186], [92.928, 23.186], [92.927, 23.186], [92.926, 23.186], [92.925, 23.186], [92.924, 23.186], [92.923, 23.186], [92.922, 23.186], [92.922, 23.187], [92.921, 23.187], [92.92, 23.187], [92.919, 23.187], [92.919, 23.188], [92.919, 23.189], [92.918, 23.189], [92.917, 23.189], [92.917, 23.188], [92.916, 23.187], [92.916, 23.186], [92.916, 23.185], [92.915, 23.184], [92.915, 23.183], [92.914, 23.183], [92.913, 23.182], [92.912, 23.182], [92.911, 23.181], [92.91, 23.181], [92.91, 23.18], [92.909, 23.18], [92.908, 23.18], [92.907, 23.179], [92.906, 23.178], [92.905, 23.178], [92.905, 23.177], [92.904, 23.177], [92.903, 23.177], [92.902, 23.177], [92.901, 23.177], [92.899, 23.178], [92.898, 23.178], [92.897, 23.178], [92.896, 23.178], [92.895, 23.178], [92.893, 23.178], [92.891, 23.177], [92.89, 23.176], [92.889, 23.176], [92.889, 23.175], [92.887, 23.175], [92.886, 23.174], [92.886, 23.173], [92.885, 23.172], [92.884, 23.171], [92.883, 23.17], [92.882, 23.17], [92.881, 23.17], [92.88, 23.17], [92.879, 23.17], [92.877, 23.17], [92.876, 23.17], [92.875, 23.17], [92.874, 23.17], [92.874, 23.171], [92.873, 23.171], [92.873, 23.172], [92.872, 23.172], [92.871, 23.173], [92.871, 23.174], [92.871, 23.175], [92.87, 23.175], [92.87, 23.176], [92.869, 23.176], [92.867, 23.175], [92.866, 23.175], [92.865, 23.175], [92.864, 23.175], [92.863, 23.174], [92.863, 23.175], [92.862, 23.176], [92.862, 23.177], [92.862, 23.178], [92.861, 23.178], [92.861, 23.179], [92.861, 23.18], [92.86, 23.18], [92.86, 23.181], [92.859, 23.181], [92.859, 23.182], [92.858, 23.183], [92.858, 23.184], [92.858, 23.185], [92.858, 23.186], [92.858, 23.187], [92.859, 23.187], [92.859, 23.188], [92.859, 23.189], [92.859, 23.19], [92.858, 23.19], [92.857, 23.19], [92.855, 23.19], [92.855, 23.191], [92.855, 23.192], [92.855, 23.193], [92.855, 23.194], [92.854, 23.194], [92.854, 23.195], [92.854, 23.196], [92.854, 23.197], [92.855, 23.198], [92.855, 23.199], [92.856, 23.199], [92.856, 23.2], [92.856, 23.201], [92.856, 23.202], [92.855, 23.202], [92.855, 23.203], [92.856, 23.203], [92.856, 23.204], [92.856, 23.205], [92.857, 23.206], [92.857, 23.207], [92.857, 23.208], [92.857, 23.209], [92.856, 23.209], [92.856, 23.21], [92.857, 23.21], [92.857, 23.211], [92.857, 23.212], [92.857, 23.213], [92.858, 23.213], [92.858, 23.214], [92.859, 23.214], [92.858, 23.215], [92.857, 23.215], [92.857, 23.216], [92.857, 23.217], [92.856, 23.218], [92.855, 23.219], [92.854, 23.219], [92.853, 23.219], [92.853, 23.22], [92.852, 23.22], [92.852, 23.221], [92.851, 23.221], [92.852, 23.221], [92.852, 23.222], [92.851, 23.223], [92.851, 23.224], [92.85, 23.224], [92.85, 23.223], [92.849, 23.223], [92.849, 23.224], [92.848, 23.224], [92.848, 23.225], [92.848, 23.226], [92.848, 23.227], [92.847, 23.227], [92.846, 23.227], [92.845, 23.228], [92.846, 23.228], [92.846, 23.229], [92.847, 23.229], [92.846, 23.229], [92.845, 23.229], [92.845, 23.23], [92.846, 23.23], [92.846, 23.231], [92.846, 23.232], [92.845, 23.232], [92.844, 23.233], [92.845, 23.233], [92.846, 23.233], [92.846, 23.234], [92.847, 23.235], [92.846, 23.235], [92.845, 23.234], [92.845, 23.235], [92.845, 23.236], [92.846, 23.236], [92.846, 23.237], [92.845, 23.237], [92.844, 23.238], [92.843, 23.238], [92.842, 23.239], [92.841, 23.239], [92.841, 23.24], [92.84, 23.24], [92.839, 23.24], [92.839, 23.241], [92.838, 23.241], [92.837, 23.242], [92.837, 23.243], [92.836, 23.244], [92.836, 23.245], [92.835, 23.245], [92.834, 23.245], [92.834, 23.246], [92.833, 23.246], [92.832, 23.246], [92.832, 23.245], [92.831, 23.245], [92.83, 23.246], [92.829, 23.246], [92.829, 23.245], [92.828, 23.245], [92.827, 23.244], [92.826, 23.244], [92.826, 23.243], [92.825, 23.243], [92.824, 23.243], [92.823, 23.243], [92.822, 23.243], [92.821, 23.243], [92.821, 23.242], [92.821, 23.241], [92.82, 23.241], [92.819, 23.241], [92.818, 23.241], [92.817, 23.241], [92.817, 23.24], [92.817, 23.239], [92.816, 23.238], [92.815, 23.238], [92.815, 23.237], [92.816, 23.237], [92.816, 23.236], [92.817, 23.235], [92.818, 23.234], [92.818, 23.233], [92.817, 23.233], [92.817, 23.232], [92.817, 23.231], [92.816, 23.231], [92.815, 23.231], [92.815, 23.23], [92.816, 23.23], [92.816, 23.229], [92.817, 23.229], [92.817, 23.228], [92.816, 23.228], [92.815, 23.227], [92.814, 23.227], [92.813, 23.226], [92.812, 23.226], [92.811, 23.226], [92.81, 23.227], [92.809, 23.228], [92.808, 23.228], [92.807, 23.228], [92.806, 23.227], [92.805, 23.227], [92.804, 23.228], [92.802, 23.228], [92.801, 23.228], [92.8, 23.228], [92.799, 23.228], [92.798, 23.228], [92.797, 23.228], [92.797, 23.229], [92.796, 23.229], [92.794, 23.229], [92.793, 23.23], [92.792, 23.23], [92.791, 23.231], [92.79, 23.232], [92.789, 23.232], [92.788, 23.232], [92.787, 23.233], [92.787, 23.232], [92.785, 23.231], [92.784, 23.23], [92.782, 23.228], [92.781, 23.228], [92.78, 23.227], [92.779, 23.228], [92.779, 23.229], [92.778, 23.229], [92.778, 23.23], [92.777, 23.23], [92.776, 23.23], [92.775, 23.23], [92.774, 23.231], [92.774, 23.232], [92.772, 23.233], [92.771, 23.234], [92.77, 23.234], [92.769, 23.234], [92.768, 23.234], [92.767, 23.234], [92.766, 23.233], [92.765, 23.233], [92.764, 23.232], [92.763, 23.231], [92.762, 23.231], [92.761, 23.23], [92.76, 23.229], [92.759, 23.229], [92.758, 23.229], [92.757, 23.228], [92.756, 23.228], [92.755, 23.227], [92.754, 23.228], [92.754, 23.229], [92.754, 23.23], [92.754, 23.231], [92.754, 23.232], [92.753, 23.233], [92.752, 23.233], [92.751, 23.232], [92.75, 23.233], [92.749, 23.233], [92.748, 23.233], [92.747, 23.233], [92.746, 23.233], [92.745, 23.233], [92.744, 23.234], [92.744, 23.233], [92.743, 23.233], [92.742, 23.233], [92.741, 23.233], [92.74, 23.233], [92.739, 23.234], [92.738, 23.234], [92.738, 23.235], [92.738, 23.236], [92.738, 23.237], [92.737, 23.237], [92.736, 23.237], [92.734, 23.237], [92.733, 23.237], [92.732, 23.237], [92.731, 23.237], [92.731, 23.238], [92.731, 23.239], [92.731, 23.24], [92.73, 23.24], [92.729, 23.24], [92.728, 23.24], [92.727, 23.24], [92.726, 23.239], [92.725, 23.239], [92.724, 23.239], [92.724, 23.24], [92.723, 23.24], [92.722, 23.24], [92.721, 23.239], [92.721, 23.238], [92.72, 23.238], [92.721, 23.238], [92.721, 23.237], [92.722, 23.236], [92.722, 23.235], [92.722, 23.234], [92.722, 23.233], [92.722, 23.232], [92.722, 23.231], [92.722, 23.23], [92.722, 23.229], [92.722, 23.228], [92.722, 23.227], [92.722, 23.226], [92.722, 23.225], [92.722, 23.224], [92.722, 23.223], [92.722, 23.222], [92.722, 23.221], [92.722, 23.22], [92.722, 23.219], [92.722, 23.218], [92.722, 23.217], [92.722, 23.216], [92.722, 23.215], [92.721, 23.215], [92.721, 23.214], [92.722, 23.214], [92.722, 23.213], [92.722, 23.212], [92.722, 23.211], [92.722, 23.21], [92.722, 23.209], [92.722, 23.208], [92.721, 23.207], [92.72, 23.207], [92.721, 23.206], [92.72, 23.206], [92.72, 23.205], [92.72, 23.204], [92.721, 23.203], [92.72, 23.203], [92.72, 23.202], [92.72, 23.201], [92.72, 23.2], [92.72, 23.199], [92.72, 23.198], [92.72, 23.197], [92.719, 23.197], [92.72, 23.197], [92.72, 23.196], [92.72, 23.195], [92.72, 23.194], [92.719, 23.194], [92.719, 23.193], [92.718, 23.193], [92.718, 23.192], [92.718, 23.191], [92.717, 23.191], [92.717, 23.192], [92.716, 23.191], [92.715, 23.191], [92.714, 23.19], [92.713, 23.19], [92.713, 23.191], [92.712, 23.191], [92.711, 23.191], [92.71, 23.191], [92.709, 23.191], [92.709, 23.192], [92.708, 23.192], [92.708, 23.193], [92.707, 23.193], [92.707, 23.194], [92.706, 23.194], [92.705, 23.194], [92.705, 23.195], [92.704, 23.195], [92.703, 23.195], [92.702, 23.195], [92.701, 23.196], [92.7, 23.196], [92.701, 23.197], [92.702, 23.197], [92.702, 23.198], [92.702, 23.199], [92.701, 23.2], [92.701, 23.201], [92.701, 23.202], [92.702, 23.203], [92.702, 23.204], [92.702, 23.205], [92.702, 23.206], [92.702, 23.207], [92.701, 23.207], [92.701, 23.208], [92.701, 23.209], [92.701, 23.21], [92.7, 23.21], [92.7, 23.211], [92.699, 23.212], [92.699, 23.213], [92.698, 23.213], [92.698, 23.214], [92.697, 23.214], [92.696, 23.214], [92.695, 23.215], [92.695, 23.216], [92.694, 23.216], [92.693, 23.216], [92.693, 23.217], [92.692, 23.218], [92.692, 23.219], [92.692, 23.22], [92.691, 23.22], [92.691, 23.221], [92.691, 23.222], [92.691, 23.223], [92.691, 23.224], [92.691, 23.225], [92.69, 23.226], [92.69, 23.227], [92.69, 23.228], [92.69, 23.229], [92.69, 23.23], [92.69, 23.231], [92.69, 23.232], [92.691, 23.232], [92.691, 23.233], [92.691, 23.234], [92.69, 23.235], [92.69, 23.236], [92.69, 23.237], [92.69, 23.238], [92.69, 23.239], [92.69, 23.24], [92.69, 23.241], [92.69, 23.242], [92.689, 23.242], [92.689, 23.243], [92.688, 23.243], [92.688, 23.244], [92.687, 23.244], [92.687, 23.245], [92.687, 23.246], [92.687, 23.247], [92.688, 23.248], [92.688, 23.249], [92.689, 23.249], [92.69, 23.25], [92.69, 23.251], [92.69, 23.252], [92.69, 23.253], [92.69, 23.254], [92.691, 23.254], [92.691, 23.255], [92.69, 23.255], [92.69, 23.256], [92.689, 23.257], [92.688, 23.258], [92.688, 23.259], [92.689, 23.26], [92.689, 23.261], [92.689, 23.262], [92.688, 23.263], [92.688, 23.264], [92.689, 23.265], [92.69, 23.265], [92.69, 23.266], [92.69, 23.267], [92.689, 23.267], [92.689, 23.268], [92.689, 23.269], [92.688, 23.27], [92.687, 23.271], [92.687, 23.272], [92.687, 23.273], [92.687, 23.274], [92.686, 23.274], [92.686, 23.275], [92.685, 23.276], [92.686, 23.277], [92.687, 23.278], [92.687, 23.279], [92.687, 23.28], [92.686, 23.28], [92.685, 23.28], [92.685, 23.281], [92.685, 23.282], [92.686, 23.282], [92.686, 23.283], [92.686, 23.284], [92.685, 23.285], [92.685, 23.286], [92.684, 23.286], [92.684, 23.287], [92.684, 23.288], [92.684, 23.289], [92.683, 23.29], [92.684, 23.29], [92.684, 23.291], [92.684, 23.292], [92.684, 23.293], [92.685, 23.294], [92.685, 23.295], [92.684, 23.295], [92.684, 23.296], [92.684, 23.297], [92.685, 23.297], [92.686, 23.297], [92.687, 23.298], [92.687, 23.299], [92.687, 23.3], [92.687, 23.301], [92.686, 23.301], [92.686, 23.302], [92.685, 23.302], [92.685, 23.303], [92.684, 23.303], [92.684, 23.304], [92.685, 23.304], [92.686, 23.304], [92.687, 23.305], [92.686, 23.306], [92.687, 23.306], [92.687, 23.307], [92.688, 23.307], [92.688, 23.308], [92.688, 23.309], [92.687, 23.309], [92.687, 23.31], [92.686, 23.31], [92.686, 23.311], [92.685, 23.311], [92.684, 23.311], [92.684, 23.312], [92.684, 23.313], [92.684, 23.314], [92.685, 23.315], [92.685, 23.316], [92.685, 23.317], [92.684, 23.318], [92.684, 23.319], [92.683, 23.321], [92.683, 23.322], [92.683, 23.323], [92.684, 23.323], [92.685, 23.323], [92.686, 23.324], [92.688, 23.325], [92.688, 23.324], [92.689, 23.323], [92.69, 23.323], [92.691, 23.323], [92.692, 23.323], [92.693, 23.323], [92.693, 23.324], [92.694, 23.324], [92.694, 23.325], [92.693, 23.325], [92.693, 23.326], [92.694, 23.326], [92.694, 23.327], [92.695, 23.327], [92.696, 23.327], [92.696, 23.326], [92.697, 23.325], [92.698, 23.324], [92.698, 23.323], [92.699, 23.322], [92.699, 23.321], [92.699, 23.32], [92.7, 23.32], [92.701, 23.32], [92.701, 23.319], [92.702, 23.32], [92.703, 23.319], [92.704, 23.319], [92.705, 23.319], [92.706, 23.319], [92.706, 23.32], [92.707, 23.32], [92.708, 23.32], [92.709, 23.32], [92.709, 23.321], [92.71, 23.321], [92.711, 23.321], [92.712, 23.321], [92.713, 23.321], [92.713, 23.322], [92.714, 23.322], [92.714, 23.323], [92.714, 23.324], [92.714, 23.325], [92.714, 23.326], [92.714, 23.327], [92.715, 23.328], [92.716, 23.328], [92.716, 23.329], [92.717, 23.33], [92.717, 23.331], [92.718, 23.331], [92.718, 23.332], [92.718, 23.333], [92.718, 23.334], [92.717, 23.334], [92.717, 23.335], [92.717, 23.336], [92.716, 23.336], [92.716, 23.337], [92.717, 23.337], [92.717, 23.338], [92.717, 23.339], [92.718, 23.34], [92.717, 23.34], [92.717, 23.341], [92.717, 23.342], [92.717, 23.343], [92.717, 23.344], [92.718, 23.344], [92.718, 23.345], [92.719, 23.346], [92.719, 23.347], [92.718, 23.347], [92.718, 23.348], [92.717, 23.348], [92.716, 23.348], [92.715, 23.348], [92.715, 23.349], [92.716, 23.35], [92.717, 23.35], [92.718, 23.35], [92.719, 23.35], [92.72, 23.35], [92.721, 23.35], [92.721, 23.351], [92.722, 23.351], [92.722, 23.35], [92.723, 23.35], [92.723, 23.349], [92.724, 23.349], [92.725, 23.349], [92.726, 23.349], [92.727, 23.349], [92.728, 23.348], [92.729, 23.348], [92.729, 23.349], [92.73, 23.349], [92.731, 23.349], [92.732, 23.349], [92.732, 23.35], [92.733, 23.35], [92.733, 23.349], [92.732, 23.348], [92.732, 23.347], [92.732, 23.346], [92.731, 23.346], [92.731, 23.345], [92.732, 23.345], [92.733, 23.345], [92.733, 23.344], [92.734, 23.343], [92.735, 23.344], [92.736, 23.344], [92.736, 23.343], [92.737, 23.343], [92.737, 23.342], [92.738, 23.342], [92.738, 23.341], [92.739, 23.34], [92.74, 23.34], [92.74, 23.339], [92.741, 23.339], [92.741, 23.34], [92.742, 23.34], [92.743, 23.34], [92.744, 23.34], [92.745, 23.341], [92.746, 23.341], [92.747, 23.34], [92.748, 23.34], [92.749, 23.34], [92.75, 23.34], [92.75, 23.341], [92.751, 23.341], [92.751, 23.342], [92.752, 23.342], [92.753, 23.342], [92.753, 23.341], [92.754, 23.341], [92.755, 23.34], [92.756, 23.339], [92.757, 23.339], [92.758, 23.339], [92.759, 23.339], [92.76, 23.339], [92.761, 23.339], [92.762, 23.339], [92.763, 23.338], [92.764, 23.337], [92.765, 23.336], [92.766, 23.336], [92.767, 23.336], [92.768, 23.336], [92.769, 23.336], [92.77, 23.336], [92.77, 23.335], [92.771, 23.335], [92.771, 23.334], [92.771, 23.333], [92.772, 23.333], [92.773, 23.333], [92.773, 23.332], [92.774, 23.332], [92.774, 23.331], [92.775, 23.331], [92.776, 23.331], [92.776, 23.33], [92.776, 23.329], [92.776, 23.328], [92.777, 23.328], [92.778, 23.328], [92.778, 23.327], [92.779, 23.327], [92.78, 23.327], [92.781, 23.327], [92.782, 23.328], [92.783, 23.329], [92.784, 23.329], [92.786, 23.329], [92.787, 23.328], [92.789, 23.328], [92.79, 23.328], [92.791, 23.328], [92.792, 23.328], [92.793, 23.328], [92.794, 23.327], [92.796, 23.327], [92.798, 23.327], [92.799, 23.327], [92.801, 23.328], [92.802, 23.328], [92.803, 23.328], [92.804, 23.328], [92.805, 23.328], [92.806, 23.328], [92.809, 23.328], [92.81, 23.328], [92.811, 23.328], [92.811, 23.327], [92.812, 23.327], [92.812, 23.326], [92.813, 23.326], [92.814, 23.325], [92.814, 23.326], [92.815, 23.326], [92.816, 23.327], [92.817, 23.327], [92.818, 23.327], [92.819, 23.328], [92.82, 23.329], [92.821, 23.33], [92.821, 23.331], [92.822, 23.331], [92.822, 23.332], [92.823, 23.332], [92.823, 23.333], [92.824, 23.333], [92.825, 23.334], [92.826, 23.334], [92.827, 23.334], [92.828, 23.334], [92.829, 23.334], [92.831, 23.334], [92.832, 23.335], [92.833, 23.335], [92.834, 23.334], [92.835, 23.334], [92.836, 23.334], [92.837, 23.333], [92.838, 23.333], [92.839, 23.333], [92.839, 23.334], [92.839, 23.335], [92.84, 23.335], [92.84, 23.336], [92.84, 23.337], [92.84, 23.338], [92.84, 23.339], [92.841, 23.34], [92.84, 23.341], [92.839, 23.341], [92.838, 23.342], [92.838, 23.343], [92.838, 23.344], [92.839, 23.345], [92.839, 23.346], [92.838, 23.347], [92.838, 23.348], [92.837, 23.348], [92.837, 23.349], [92.836, 23.349], [92.835, 23.349], [92.835, 23.35], [92.835, 23.351], [92.835, 23.352], [92.834, 23.353], [92.834, 23.354], [92.834, 23.355], [92.834, 23.356], [92.834, 23.357], [92.833, 23.358], [92.833, 23.359], [92.833, 23.36], [92.833, 23.361], [92.833, 23.362], [92.833, 23.363], [92.832, 23.364], [92.831, 23.365], [92.83, 23.366], [92.83, 23.367], [92.829, 23.367], [92.828, 23.367], [92.827, 23.367], [92.826, 23.367], [92.826, 23.368], [92.825, 23.369], [92.825, 23.37], [92.824, 23.37], [92.823, 23.37], [92.822, 23.371], [92.823, 23.372], [92.823, 23.373], [92.824, 23.373], [92.826, 23.375], [92.828, 23.376], [92.827, 23.377], [92.827, 23.378], [92.828, 23.378], [92.829, 23.378], [92.83, 23.378], [92.83, 23.379], [92.829, 23.38], [92.829, 23.381], [92.83, 23.381], [92.83, 23.382], [92.83, 23.383], [92.831, 23.383], [92.831, 23.384], [92.831, 23.385], [92.83, 23.385], [92.829, 23.385], [92.829, 23.384], [92.828, 23.383], [92.828, 23.384], [92.827, 23.384], [92.826, 23.384], [92.825, 23.384], [92.825, 23.385], [92.824, 23.385], [92.824, 23.386], [92.823, 23.386], [92.822, 23.385], [92.821, 23.385], [92.821, 23.386], [92.821, 23.387], [92.821, 23.388], [92.822, 23.388], [92.822, 23.389], [92.822, 23.39], [92.822, 23.391], [92.822, 23.392], [92.822, 23.391], [92.823, 23.391], [92.824, 23.39], [92.825, 23.391], [92.824, 23.392], [92.823, 23.393], [92.823, 23.394], [92.822, 23.394], [92.822, 23.395], [92.823, 23.395], [92.823, 23.396], [92.823, 23.397], [92.824, 23.397], [92.824, 23.398], [92.824, 23.399], [92.825, 23.399], [92.825, 23.4], [92.825, 23.401], [92.825, 23.402], [92.826, 23.402], [92.827, 23.403], [92.827, 23.404], [92.827, 23.405], [92.827, 23.406], [92.827, 23.407], [92.828, 23.408], [92.828, 23.409], [92.829, 23.409], [92.829, 23.41], [92.83, 23.411], [92.83, 23.412], [92.83, 23.413], [92.83, 23.414], [92.83, 23.415], [92.83, 23.416], [92.829, 23.415], [92.828, 23.415], [92.828, 23.416], [92.828, 23.417], [92.828, 23.418], [92.827, 23.418], [92.827, 23.419], [92.828, 23.419], [92.829, 23.419], [92.829, 23.42], [92.828, 23.42], [92.829, 23.421], [92.83, 23.421], [92.831, 23.421], [92.831, 23.422], [92.83, 23.423], [92.83, 23.424], [92.831, 23.424], [92.832, 23.424], [92.832, 23.425], [92.832, 23.426], [92.831, 23.426], [92.831, 23.427], [92.832, 23.428], [92.832, 23.429], [92.831, 23.43], [92.832, 23.43], [92.833, 23.43], [92.834, 23.43], [92.834, 23.431], [92.834, 23.432], [92.835, 23.432], [92.835, 23.433], [92.835, 23.434], [92.835, 23.435], [92.835, 23.436], [92.835, 23.437], [92.835, 23.438], [92.835, 23.439], [92.835, 23.44], [92.836, 23.44], [92.836, 23.441], [92.836, 23.442], [92.836, 23.443], [92.836, 23.444], [92.835, 23.444], [92.835, 23.445], [92.835, 23.446], [92.835, 23.447], [92.836, 23.447], [92.836, 23.448], [92.835, 23.448], [92.836, 23.448], [92.836, 23.449], [92.835, 23.45], [92.834, 23.45], [92.834, 23.451], [92.835, 23.451], [92.835, 23.452], [92.835, 23.453], [92.836, 23.453], [92.836, 23.454], [92.835, 23.454], [92.835, 23.455], [92.834, 23.455], [92.834, 23.456], [92.833, 23.457], [92.833, 23.458], [92.833, 23.459], [92.833, 23.46], [92.832, 23.46], [92.832, 23.461], [92.832, 23.462], [92.833, 23.462], [92.833, 23.463], [92.834, 23.463], [92.835, 23.463], [92.835, 23.464], [92.836, 23.465], [92.836, 23.466], [92.835, 23.467], [92.835, 23.468], [92.835, 23.469], [92.834, 23.469], [92.833, 23.469], [92.832, 23.469], [92.831, 23.469], [92.83, 23.469], [92.83, 23.47], [92.829, 23.47], [92.828, 23.471], [92.827, 23.471], [92.826, 23.471], [92.825, 23.472], [92.825, 23.473], [92.824, 23.473], [92.823, 23.473], [92.822, 23.473], [92.821, 23.473], [92.819, 23.473], [92.818, 23.473], [92.817, 23.473], [92.814, 23.474], [92.813, 23.475], [92.812, 23.475], [92.811, 23.475], [92.811, 23.476], [92.81, 23.476], [92.809, 23.476], [92.808, 23.476], [92.808, 23.477], [92.807, 23.477], [92.806, 23.478], [92.805, 23.478], [92.804, 23.477], [92.803, 23.478], [92.802, 23.478], [92.801, 23.479], [92.8, 23.479], [92.799, 23.479], [92.799, 23.48], [92.8, 23.481], [92.8, 23.482], [92.799, 23.483], [92.799, 23.484], [92.799, 23.485], [92.798, 23.486], [92.797, 23.485], [92.796, 23.485], [92.795, 23.485], [92.794, 23.485], [92.793, 23.484], [92.793, 23.483], [92.792, 23.483], [92.789, 23.483], [92.788, 23.483], [92.788, 23.482], [92.788, 23.481], [92.789, 23.481], [92.788, 23.48], [92.788, 23.478], [92.787, 23.478], [92.787, 23.477], [92.787, 23.476], [92.786, 23.476], [92.784, 23.476], [92.783, 23.476], [92.782, 23.476], [92.782, 23.477], [92.782, 23.478], [92.781, 23.479], [92.781, 23.48], [92.781, 23.481], [92.782, 23.482], [92.782, 23.483], [92.783, 23.483], [92.783, 23.484], [92.782, 23.487], [92.782, 23.49], [92.782, 23.491], [92.782, 23.492], [92.782, 23.493], [92.782, 23.494], [92.781, 23.495], [92.78, 23.495], [92.779, 23.496], [92.779, 23.497], [92.779, 23.498], [92.778, 23.499], [92.778, 23.5], [92.778, 23.501], [92.777, 23.502], [92.777, 23.503], [92.777, 23.504], [92.777, 23.505], [92.778, 23.505], [92.778, 23.506], [92.778, 23.507], [92.779, 23.507], [92.779, 23.508], [92.779, 23.509], [92.779, 23.51], [92.78, 23.51], [92.78, 23.511], [92.781, 23.511], [92.781, 23.512], [92.781, 23.513], [92.782, 23.513], [92.782, 23.514], [92.782, 23.515], [92.781, 23.516], [92.781, 23.517], [92.781, 23.518], [92.782, 23.518], [92.783, 23.519], [92.784, 23.519], [92.784, 23.52], [92.785, 23.52], [92.786, 23.521], [92.787, 23.521], [92.788, 23.521], [92.788, 23.522], [92.789, 23.522], [92.789, 23.523], [92.79, 23.523], [92.791, 23.523], [92.792, 23.523], [92.792, 23.524], [92.794, 23.524], [92.796, 23.525], [92.797, 23.525], [92.796, 23.526], [92.795, 23.526], [92.795, 23.527], [92.796, 23.527], [92.797, 23.528], [92.797, 23.529], [92.796, 23.529], [92.796, 23.53], [92.796, 23.531], [92.796, 23.532], [92.796, 23.533], [92.797, 23.533], [92.798, 23.533], [92.798, 23.534], [92.797, 23.534], [92.796, 23.535], [92.796, 23.536], [92.796, 23.537], [92.797, 23.537], [92.798, 23.537], [92.799, 23.536], [92.8, 23.536], [92.8, 23.537], [92.8, 23.538], [92.801, 23.538], [92.802, 23.538], [92.802, 23.539], [92.801, 23.539], [92.8, 23.539], [92.8, 23.538], [92.799, 23.538], [92.799, 23.539], [92.799, 23.54], [92.8, 23.54], [92.8, 23.541], [92.8, 23.542], [92.8, 23.543], [92.799, 23.543], [92.799, 23.544], [92.798, 23.544], [92.799, 23.545], [92.799, 23.546], [92.798, 23.547], [92.798, 23.548], [92.797, 23.548], [92.798, 23.548], [92.798, 23.549], [92.798, 23.55], [92.797, 23.551], [92.796, 23.551], [92.795, 23.551], [92.795, 23.552], [92.794, 23.552], [92.793, 23.552], [92.793, 23.553], [92.792, 23.553], [92.791, 23.553], [92.79, 23.553], [92.789, 23.553], [92.787, 23.553], [92.786, 23.554], [92.785, 23.554], [92.784, 23.554], [92.783, 23.554], [92.783, 23.555], [92.782, 23.555], [92.781, 23.555], [92.78, 23.556], [92.779, 23.556], [92.778, 23.556], [92.777, 23.556], [92.777, 23.557], [92.776, 23.557], [92.775, 23.558], [92.774, 23.558], [92.774, 23.559], [92.774, 23.56], [92.774, 23.561], [92.773, 23.561], [92.773, 23.562], [92.772, 23.562], [92.773, 23.563], [92.773, 23.564], [92.772, 23.564], [92.772, 23.565], [92.772, 23.566], [92.773, 23.567], [92.773, 23.569], [92.773, 23.57], [92.773, 23.571], [92.774, 23.572], [92.774, 23.573], [92.774, 23.574], [92.774, 23.575], [92.773, 23.575], [92.772, 23.575], [92.772, 23.576], [92.772, 23.577], [92.773, 23.577], [92.773, 23.578], [92.773, 23.579], [92.774, 23.58], [92.773, 23.58], [92.773, 23.581], [92.774, 23.582], [92.774, 23.583], [92.774, 23.584], [92.773, 23.585], [92.773, 23.586], [92.772, 23.586], [92.771, 23.586], [92.771, 23.587], [92.771, 23.589], [92.771, 23.59], [92.77, 23.591], [92.77, 23.592], [92.769, 23.592], [92.769, 23.593], [92.769, 23.594], [92.769, 23.595], [92.77, 23.595], [92.771, 23.596], [92.772, 23.596], [92.773, 23.597], [92.774, 23.597], [92.774, 23.598], [92.775, 23.598], [92.776, 23.598], [92.776, 23.599], [92.777, 23.6], [92.778, 23.6], [92.779, 23.6], [92.78, 23.6], [92.781, 23.6], [92.782, 23.599], [92.783, 23.599], [92.784, 23.599], [92.785, 23.599], [92.785, 23.6], [92.786, 23.6], [92.788, 23.599], [92.788, 23.598], [92.788, 23.597], [92.788, 23.596], [92.789, 23.595], [92.79, 23.595], [92.79, 23.594], [92.79, 23.593], [92.791, 23.592], [92.791, 23.591], [92.791, 23.59], [92.791, 23.589], [92.791, 23.588], [92.792, 23.587], [92.792, 23.586], [92.793, 23.586], [92.793, 23.585], [92.793, 23.584], [92.793, 23.583], [92.794, 23.583], [92.794, 23.582], [92.795, 23.582], [92.796, 23.583], [92.797, 23.584], [92.798, 23.584], [92.798, 23.585], [92.799, 23.585], [92.8, 23.585], [92.801, 23.585], [92.801, 23.586], [92.802, 23.586], [92.803, 23.585], [92.804, 23.585], [92.805, 23.584], [92.806, 23.584], [92.807, 23.584], [92.808, 23.584], [92.809, 23.584], [92.809, 23.585], [92.809, 23.586], [92.809, 23.587], [92.81, 23.587], [92.811, 23.587], [92.812, 23.587], [92.814, 23.587], [92.815, 23.587], [92.816, 23.587], [92.816, 23.588], [92.817, 23.589], [92.817, 23.59], [92.818, 23.59], [92.819, 23.59], [92.82, 23.59], [92.821, 23.591], [92.822, 23.592], [92.823, 23.592], [92.823, 23.591], [92.822, 23.591], [92.822, 23.59], [92.822, 23.589], [92.822, 23.588], [92.823, 23.588], [92.824, 23.588], [92.824, 23.587], [92.824, 23.586], [92.825, 23.586], [92.825, 23.585], [92.826, 23.585], [92.827, 23.585], [92.827, 23.586], [92.828, 23.585], [92.828, 23.584], [92.829, 23.584], [92.829, 23.583], [92.829, 23.582], [92.83, 23.581], [92.83, 23.58], [92.831, 23.58], [92.832, 23.58], [92.832, 23.579], [92.832, 23.578], [92.833, 23.578], [92.833, 23.577], [92.834, 23.577], [92.834, 23.576], [92.835, 23.576], [92.836, 23.576], [92.838, 23.575], [92.839, 23.575], [92.84, 23.575], [92.841, 23.575], [92.842, 23.574], [92.843, 23.574], [92.844, 23.574], [92.845, 23.575], [92.846, 23.575], [92.847, 23.575], [92.848, 23.575], [92.849, 23.575], [92.85, 23.574], [92.852, 23.574], [92.853, 23.574], [92.853, 23.573], [92.853, 23.572], [92.854, 23.572], [92.855, 23.571], [92.855, 23.57], [92.856, 23.568], [92.856, 23.567], [92.856, 23.566], [92.857, 23.565], [92.858, 23.563], [92.859, 23.562], [92.86, 23.561], [92.861, 23.56], [92.863, 23.559], [92.864, 23.559], [92.865, 23.558], [92.866, 23.558], [92.867, 23.558], [92.867, 23.557], [92.867, 23.556], [92.868, 23.556], [92.868, 23.555], [92.869, 23.555], [92.87, 23.555], [92.871, 23.555], [92.872, 23.555], [92.873, 23.556], [92.874, 23.557], [92.875, 23.558], [92.876, 23.558], [92.877, 23.558], [92.878, 23.558], [92.879, 23.559], [92.88, 23.559], [92.88, 23.558], [92.881, 23.558], [92.882, 23.558], [92.882, 23.559], [92.881, 23.56], [92.881, 23.561], [92.882, 23.562], [92.883, 23.562], [92.883, 23.563], [92.882, 23.563], [92.881, 23.564], [92.88, 23.564], [92.881, 23.564], [92.882, 23.565], [92.883, 23.566], [92.882, 23.566], [92.883, 23.567], [92.884, 23.567], [92.884, 23.568], [92.885, 23.569], [92.885, 23.57], [92.886, 23.571], [92.887, 23.572], [92.887, 23.573], [92.888, 23.573], [92.888, 23.572], [92.889, 23.572], [92.89, 23.572], [92.891, 23.572], [92.891, 23.573], [92.892, 23.573], [92.891, 23.574], [92.89, 23.574], [92.891, 23.574], [92.891, 23.575], [92.892, 23.575], [92.891, 23.576], [92.892, 23.576], [92.893, 23.576], [92.894, 23.576], [92.895, 23.576], [92.895, 23.577], [92.895, 23.578], [92.896, 23.578], [92.897, 23.578], [92.899, 23.578], [92.899, 23.577], [92.898, 23.576], [92.898, 23.575], [92.899, 23.575], [92.898, 23.575], [92.898, 23.574], [92.897, 23.573], [92.897, 23.572], [92.898, 23.57], [92.899, 23.57], [92.9, 23.569], [92.9, 23.568], [92.901, 23.567], [92.902, 23.567], [92.902, 23.566], [92.903, 23.566], [92.905, 23.565], [92.906, 23.565], [92.907, 23.564], [92.908, 23.563], [92.908, 23.562], [92.909, 23.562], [92.909, 23.561], [92.91, 23.561], [92.912, 23.56], [92.913, 23.56], [92.915, 23.56], [92.916, 23.559], [92.917, 23.559], [92.918, 23.559], [92.919, 23.559], [92.92, 23.559], [92.921, 23.558], [92.922, 23.558], [92.923, 23.558], [92.924, 23.558], [92.925, 23.558], [92.926, 23.558], [92.926, 23.559], [92.927, 23.559], [92.927, 23.558], [92.928, 23.558], [92.929, 23.558], [92.93, 23.559], [92.931, 23.559], [92.932, 23.559], [92.934, 23.559], [92.935, 23.56], [92.936, 23.56], [92.937, 23.56], [92.938, 23.56], [92.939, 23.56], [92.94, 23.559], [92.941, 23.559], [92.944, 23.559], [92.945, 23.558], [92.946, 23.556], [92.948, 23.555], [92.949, 23.554], [92.95, 23.553], [92.951, 23.552], [92.952, 23.551], [92.953, 23.549], [92.956, 23.544], [92.958, 23.541], [92.96, 23.538], [92.96, 23.536], [92.961, 23.534], [92.961, 23.533], [92.962, 23.532], [92.963, 23.53], [92.964, 23.53], [92.966, 23.529], [92.967, 23.529], [92.97, 23.528], [92.971, 23.527], [92.972, 23.526], [92.973, 23.525], [92.975, 23.522], [92.975, 23.521], [92.976, 23.521], [92.977, 23.52], [92.979, 23.518], [92.98, 23.517], [92.981, 23.516], [92.982, 23.515], [92.982, 23.514], [92.983, 23.514], [92.984, 23.513], [92.984, 23.512], [92.985, 23.512], [92.985, 23.511], [92.986, 23.509], [92.986, 23.508], [92.99, 23.512], [92.99, 23.511], [92.991, 23.512], [92.992, 23.512], [92.993, 23.512], [92.994, 23.512], [92.995, 23.512], [92.996, 23.513], [92.997, 23.514], [92.998, 23.514], [92.999, 23.514], [93.0, 23.514], [93.002, 23.513], [93.003, 23.513], [93.004, 23.513], [93.005, 23.513], [93.006, 23.513], [93.007, 23.514], [93.008, 23.514], [93.01, 23.513], [93.011, 23.513], [93.012, 23.513], [93.012, 23.512], [93.013, 23.512], [93.014, 23.511], [93.014, 23.51], [93.015, 23.51], [93.015, 23.509], [93.016, 23.509], [93.017, 23.508]]]}, "properties": {"OBJECTID": 2879, "stcode11": "15", "dtcode11": "285", "sdtcode11": "01910", "stname": "MIZORAM", "dtname": "Serchhip", "sdtname": "Serchhip", "subdt_lgd": 1910, "dist_lgd": 268, "state_lgd": 15, "shape_Length": 275760.25905161793, "shape_Area": 1194096072.511249, "st_area_sh": 0, "st_length_": 0, "remarks": "", "ac_no": null, "test": 2880}}, {"type": "Feature", "geometry": {"type": "Polygon", "coordinates": [[[93.037, 23.243], [93.038, 23.243], [93.038, 23.242], [93.038, 23.241], [93.038, 23.24], [93.038, 23.239], [93.038, 23.238], [93.038, 23.237], [93.039, 23.237], [93.04, 23.237], [93.04, 23.238], [93.04, 23.239], [93.041, 23.24], [93.042, 23.24], [93.042, 23.239], [93.043, 23.239], [93.044, 23.239], [93.045, 23.239], [93.046, 23.239], [93.047, 23.239], [93.047, 23.238], [93.048, 23.238], [93.048, 23.237], [93.048, 23.238], [93.049, 23.238], [93.05, 23.238], [93.05, 23.239], [93.051, 23.239], [93.052, 23.239], [93.052, 23.24], [93.052, 23.241], [93.053, 23.241], [93.053, 23.24], [93.054, 23.241], [93.054, 23.242], [93.054, 23.243], [93.054, 23.244], [93.054, 23.243], [93.055, 23.243], [93.056, 23.242], [93.057, 23.241], [93.058, 23.241], [93.059, 23.241], [93.06, 23.241], [93.06, 23.24], [93.061, 23.24], [93.061, 23.239], [93.062, 23.239], [93.063, 23.238], [93.063, 23.237], [93.064, 23.237], [93.065, 23.237], [93.065, 23.236], [93.066, 23.236], [93.066, 23.235], [93.067, 23.235], [93.067, 23.234], [93.068, 23.234], [93.068, 23.233], [93.068, 23.232], [93.069, 23.232], [93.069, 23.231], [93.069, 23.23], [93.07, 23.229], [93.071, 23.229], [93.072, 23.228], [93.073, 23.228], [93.074, 23.228], [93.075, 23.228], [93.076, 23.228], [93.076, 23.227], [93.076, 23.228], [93.077, 23.228], [93.078, 23.227], [93.079, 23.227], [93.08, 23.227], [93.081, 23.227], [93.082, 23.226], [93.083, 23.226], [93.083, 23.227], [93.084, 23.227], [93.085, 23.227], [93.086, 23.228], [93.087, 23.229], [93.089, 23.229], [93.09, 23.23], [93.091, 23.23], [93.092, 23.231], [93.093, 23.232], [93.094, 23.232], [93.094, 23.233], [93.095, 23.234], [93.097, 23.236], [93.098, 23.237], [93.098, 23.238], [93.098, 23.239], [93.098, 23.24], [93.099, 23.241], [93.1, 23.241], [93.101, 23.241], [93.103, 23.24], [93.104, 23.24], [93.105, 23.24], [93.107, 23.239], [93.108, 23.238], [93.109, 23.238], [93.11, 23.237], [93.111, 23.236], [93.11, 23.236], [93.11, 23.235], [93.111, 23.234], [93.112, 23.234], [93.113, 23.233], [93.113, 23.232], [93.113, 23.231], [93.114, 23.231], [93.115, 23.231], [93.116, 23.23], [93.117, 23.23], [93.118, 23.229], [93.119, 23.229], [93.119, 23.228], [93.12, 23.228], [93.121, 23.227], [93.122, 23.226], [93.122, 23.225], [93.123, 23.224], [93.124, 23.224], [93.125, 23.224], [93.126, 23.224], [93.127, 23.224], [93.127, 23.223], [93.128, 23.223], [93.129, 23.223], [93.129, 23.222], [93.13, 23.222], [93.131, 23.221], [93.131, 23.22], [93.132, 23.22], [93.133, 23.219], [93.134, 23.219], [93.134, 23.218], [93.135, 23.218], [93.135, 23.217], [93.136, 23.216], [93.136, 23.217], [93.137, 23.217], [93.137, 23.216], [93.137, 23.215], [93.138, 23.214], [93.139, 23.214], [93.139, 23.213], [93.14, 23.212], [93.141, 23.211], [93.141, 23.21], [93.142, 23.209], [93.143, 23.208], [93.143, 23.207], [93.143, 23.206], [93.143, 23.205], [93.144, 23.205], [93.145, 23.204], [93.145, 23.203], [93.146, 23.202], [93.147, 23.202], [93.148, 23.201], [93.148, 23.2], [93.149, 23.2], [93.15, 23.2], [93.151, 23.2], [93.152, 23.2], [93.153, 23.2], [93.153, 23.199], [93.154, 23.199], [93.155, 23.199], [93.156, 23.199], [93.157, 23.199], [93.158, 23.199], [93.158, 23.2], [93.158, 23.201], [93.159, 23.201], [93.16, 23.201], [93.16, 23.2], [93.162, 23.199], [93.163, 23.198], [93.163, 23.197], [93.162, 23.197], [93.162, 23.196], [93.162, 23.195], [93.162, 23.194], [93.161, 23.193], [93.16, 23.193], [93.16, 23.194], [93.159, 23.194], [93.159, 23.195], [93.158, 23.196], [93.157, 23.195], [93.156, 23.194], [93.155, 23.194], [93.153, 23.192], [93.152, 23.191], [93.151, 23.191], [93.149, 23.19], [93.148, 23.19], [93.146, 23.19], [93.145, 23.19], [93.145, 23.189], [93.145, 23.188], [93.145, 23.187], [93.145, 23.186], [93.145, 23.185], [93.146, 23.184], [93.146, 23.183], [93.147, 23.181], [93.148, 23.181], [93.149, 23.18], [93.15, 23.18], [93.151, 23.18], [93.152, 23.18], [93.152, 23.179], [93.153, 23.179], [93.154, 23.178], [93.156, 23.178], [93.157, 23.178], [93.158, 23.178], [93.159, 23.178], [93.16, 23.177], [93.161, 23.176], [93.161, 23.175], [93.161, 23.174], [93.16, 23.173], [93.16, 23.172], [93.16, 23.171], [93.161, 23.17], [93.161, 23.169], [93.161, 23.168], [93.161, 23.167], [93.162, 23.166], [93.163, 23.165], [93.162, 23.164], [93.162, 23.163], [93.162, 23.162], [93.162, 23.161], [93.163, 23.16], [93.164, 23.159], [93.165, 23.158], [93.165, 23.157], [93.166, 23.157], [93.166, 23.156], [93.167, 23.156], [93.167, 23.155], [93.167, 23.154], [93.168, 23.153], [93.169, 23.152], [93.169, 23.151], [93.169, 23.15], [93.169, 23.149], [93.17, 23.148], [93.17, 23.147], [93.171, 23.147], [93.171, 23.146], [93.171, 23.145], [93.17, 23.145], [93.169, 23.145], [93.169, 23.144], [93.169, 23.143], [93.17, 23.143], [93.171, 23.143], [93.172, 23.142], [93.173, 23.141], [93.173, 23.14], [93.172, 23.14], [93.172, 23.139], [93.171, 23.139], [93.171, 23.138], [93.17, 23.138], [93.169, 23.138], [93.169, 23.137], [93.168, 23.137], [93.168, 23.136], [93.167, 23.135], [93.167, 23.133], [93.167, 23.132], [93.166, 23.13], [93.166, 23.129], [93.165, 23.128], [93.165, 23.127], [93.165, 23.126], [93.166, 23.126], [93.166, 23.125], [93.167, 23.124], [93.167, 23.123], [93.167, 23.122], [93.167, 23.121], [93.167, 23.12], [93.166, 23.119], [93.166, 23.118], [93.165, 23.118], [93.165, 23.117], [93.165, 23.116], [93.165, 23.115], [93.165, 23.114], [93.165, 23.113], [93.164, 23.113], [93.164, 23.112], [93.164, 23.111], [93.164, 23.11], [93.164, 23.109], [93.164, 23.108], [93.164, 23.107], [93.163, 23.107], [93.163, 23.106], [93.163, 23.105], [93.163, 23.103], [93.163, 23.102], [93.163, 23.1], [93.164, 23.098], [93.165, 23.096], [93.166, 23.094], [93.166, 23.093], [93.167, 23.093], [93.168, 23.092], [93.169, 23.092], [93.17, 23.091], [93.17, 23.09], [93.17, 23.089], [93.17, 23.086], [93.171, 23.086], [93.171, 23.085], [93.172, 23.085], [93.172, 23.084], [93.173, 23.083], [93.174, 23.082], [93.175, 23.082], [93.175, 23.081], [93.175, 23.08], [93.174, 23.08], [93.173, 23.079], [93.171, 23.079], [93.171, 23.078], [93.17, 23.078], [93.17, 23.077], [93.171, 23.077], [93.171, 23.076], [93.172, 23.075], [93.173, 23.074], [93.174, 23.074], [93.175, 23.074], [93.175, 23.073], [93.176, 23.073], [93.176, 23.072], [93.177, 23.071], [93.177, 23.07], [93.176, 23.07], [93.175, 23.069], [93.175, 23.068], [93.175, 23.067], [93.175, 23.066], [93.175, 23.065], [93.175, 23.064], [93.175, 23.063], [93.176, 23.062], [93.177, 23.06], [93.178, 23.059], [93.179, 23.058], [93.18, 23.057], [93.179, 23.056], [93.179, 23.055], [93.177, 23.055], [93.176, 23.054], [93.174, 23.053], [93.173, 23.052], [93.173, 23.051], [93.172, 23.05], [93.171, 23.049], [93.17, 23.048], [93.17, 23.047], [93.169, 23.047], [93.169, 23.046], [93.168, 23.046], [93.167, 23.047], [93.166, 23.047], [93.165, 23.047], [93.164, 23.048], [93.163, 23.048], [93.162, 23.048], [93.161, 23.048], [93.16, 23.048], [93.16, 23.047], [93.16, 23.046], [93.16, 23.045], [93.16, 23.044], [93.159, 23.044], [93.158, 23.044], [93.157, 23.043], [93.156, 23.043], [93.155, 23.043], [93.154, 23.043], [93.153, 23.044], [93.153, 23.045], [93.154, 23.046], [93.153, 23.047], [93.153, 23.048], [93.153, 23.049], [93.153, 23.05], [93.152, 23.052], [93.152, 23.053], [93.151, 23.054], [93.15, 23.054], [93.149, 23.054], [93.147, 23.054], [93.147, 23.053], [93.146, 23.053], [93.145, 23.053], [93.144, 23.053], [93.143, 23.053], [93.142, 23.053], [93.141, 23.053], [93.14, 23.053], [93.14, 23.054], [93.14, 23.055], [93.14, 23.056], [93.141, 23.057], [93.141, 23.058], [93.14, 23.059], [93.14, 23.06], [93.139, 23.06], [93.137, 23.061], [93.136, 23.061], [93.135, 23.06], [93.134, 23.059], [93.134, 23.058], [93.134, 23.057], [93.134, 23.056], [93.133, 23.055], [93.133, 23.054], [93.134, 23.053], [93.135, 23.052], [93.135, 23.051], [93.136, 23.05], [93.136, 23.049], [93.135, 23.048], [93.134, 23.047], [93.133, 23.047], [93.131, 23.047], [93.13, 23.046], [93.129, 23.045], [93.128, 23.045], [93.128, 23.044], [93.127, 23.044], [93.127, 23.043], [93.126, 23.042], [93.126, 23.041], [93.126, 23.039], [93.126, 23.038], [93.126, 23.037], [93.126, 23.036], [93.126, 23.035], [93.126, 23.034], [93.127, 23.033], [93.128, 23.032], [93.128, 23.031], [93.128, 23.03], [93.128, 23.029], [93.127, 23.028], [93.127, 23.027], [93.126, 23.027], [93.126, 23.026], [93.126, 23.025], [93.125, 23.025], [93.125, 23.024], [93.125, 23.023], [93.125, 23.022], [93.125, 23.021], [93.125, 23.02], [93.125, 23.018], [93.125, 23.017], [93.125, 23.016], [93.124, 23.014], [93.123, 23.013], [93.123, 23.012], [93.123, 23.011], [93.123, 23.01], [93.124, 23.009], [93.123, 23.008], [93.123, 23.007], [93.122, 23.006], [93.122, 23.007], [93.121, 23.008], [93.12, 23.008], [93.12, 23.009], [93.12, 23.01], [93.119, 23.01], [93.118, 23.01], [93.118, 23.011], [93.118, 23.012], [93.117, 23.012], [93.117, 23.013], [93.116, 23.013], [93.115, 23.014], [93.114, 23.014], [93.113, 23.014], [93.112, 23.014], [93.111, 23.014], [93.11, 23.014], [93.11, 23.015], [93.11, 23.016], [93.109, 23.016], [93.108, 23.017], [93.107, 23.017], [93.106, 23.017], [93.106, 23.018], [93.105, 23.018], [93.104, 23.019], [93.103, 23.019], [93.102, 23.019], [93.102, 23.02], [93.101, 23.02], [93.1, 23.021], [93.099, 23.021], [93.098, 23.021], [93.098, 23.022], [93.098, 23.023], [93.097, 23.023], [93.096, 23.023], [93.095, 23.024], [93.094, 23.024], [93.093, 23.024], [93.092, 23.025], [93.09, 23.026], [93.089, 23.027], [93.089, 23.028], [93.088, 23.028], [93.087, 23.028], [93.085, 23.028], [93.084, 23.028], [93.083, 23.029], [93.082, 23.029], [93.081, 23.029], [93.08, 23.03], [93.079, 23.031], [93.08, 23.031], [93.08, 23.032], [93.081, 23.033], [93.081, 23.034], [93.081, 23.035], [93.08, 23.036], [93.079, 23.036], [93.078, 23.036], [93.078, 23.037], [93.077, 23.037], [93.076, 23.037], [93.075, 23.037], [93.075, 23.038], [93.074, 23.038], [93.074, 23.039], [93.073, 23.04], [93.071, 23.04], [93.07, 23.041], [93.069, 23.042], [93.069, 23.043], [93.068, 23.043], [93.067, 23.043], [93.067, 23.042], [93.066, 23.042], [93.066, 23.043], [93.065, 23.043], [93.064, 23.043], [93.063, 23.043], [93.062, 23.043], [93.061, 23.043], [93.061, 23.044], [93.06, 23.044], [93.059, 23.044], [93.058, 23.044], [93.057, 23.044], [93.056, 23.044], [93.055, 23.044], [93.055, 23.045], [93.054, 23.045], [93.053, 23.045], [93.052, 23.045], [93.051, 23.045], [93.05, 23.046], [93.049, 23.046], [93.048, 23.046], [93.047, 23.046], [93.046, 23.046], [93.045, 23.047], [93.044, 23.047], [93.043, 23.047], [93.042, 23.048], [93.041, 23.049], [93.04, 23.049], [93.039, 23.049], [93.039, 23.05], [93.038, 23.05], [93.039, 23.05], [93.039, 23.051], [93.039, 23.052], [93.039, 23.053], [93.039, 23.054], [93.04, 23.055], [93.04, 23.056], [93.04, 23.057], [93.04, 23.058], [93.039, 23.059], [93.039, 23.06], [93.039, 23.061], [93.039, 23.062], [93.038, 23.062], [93.038, 23.063], [93.039, 23.063], [93.039, 23.064], [93.039, 23.065], [93.038, 23.065], [93.038, 23.066], [93.039, 23.067], [93.04, 23.068], [93.039, 23.068], [93.039, 23.069], [93.04, 23.069], [93.04, 23.07], [93.041, 23.07], [93.042, 23.071], [93.041, 23.071], [93.041, 23.072], [93.041, 23.073], [93.042, 23.073], [93.043, 23.073], [93.043, 23.074], [93.042, 23.074], [93.042, 23.075], [93.042, 23.076], [93.042, 23.077], [93.042, 23.078], [93.041, 23.078], [93.04, 23.079], [93.038, 23.079], [93.037, 23.08], [93.038, 23.08], [93.038, 23.081], [93.037, 23.081], [93.037, 23.082], [93.036, 23.082], [93.035, 23.082], [93.034, 23.082], [93.033, 23.082], [93.032, 23.081], [93.031, 23.081], [93.03, 23.08], [93.029, 23.08], [93.028, 23.08], [93.027, 23.08], [93.026, 23.08], [93.025, 23.08], [93.025, 23.079], [93.024, 23.079], [93.024, 23.08], [93.023, 23.08], [93.023, 23.079], [93.022, 23.079], [93.021, 23.079], [93.02, 23.08], [93.019, 23.081], [93.018, 23.081], [93.017, 23.081], [93.016, 23.081], [93.016, 23.082], [93.015, 23.082], [93.014, 23.083], [93.013, 23.084], [93.013, 23.085], [93.012, 23.085], [93.011, 23.086], [93.01, 23.086], [93.009, 23.087], [93.008, 23.088], [93.007, 23.088], [93.006, 23.088], [93.005, 23.088], [93.004, 23.088], [93.003, 23.089], [93.002, 23.089], [93.002, 23.09], [93.001, 23.09], [93.0, 23.09], [93.0, 23.091], [92.999, 23.091], [92.998, 23.091], [92.998, 23.092], [92.997, 23.092], [92.996, 23.093], [92.995, 23.093], [92.995, 23.094], [92.994, 23.094], [92.993, 23.094], [92.992, 23.094], [92.991, 23.095], [92.99, 23.095], [92.99, 23.096], [92.991, 23.096], [92.991, 23.097], [92.99, 23.097], [92.99, 23.096], [92.989, 23.096], [92.989, 23.097], [92.989, 23.098], [92.988, 23.098], [92.988, 23.099], [92.987, 23.1], [92.986, 23.1], [92.985, 23.1], [92.985, 23.099], [92.984, 23.1], [92.983, 23.101], [92.983, 23.102], [92.982, 23.102], [92.982, 23.103], [92.981, 23.103], [92.98, 23.104], [92.979, 23.104], [92.979, 23.105], [92.978, 23.106], [92.977, 23.107], [92.976, 23.107], [92.975, 23.107], [92.974, 23.107], [92.973, 23.107], [92.972, 23.107], [92.972, 23.108], [92.971, 23.108], [92.97, 23.108], [92.969, 23.108], [92.969, 23.109], [92.968, 23.109], [92.967, 23.109], [92.967, 23.11], [92.966, 23.11], [92.965, 23.11], [92.965, 23.111], [92.964, 23.111], [92.963, 23.112], [92.963, 23.113], [92.964, 23.113], [92.965, 23.113], [92.964, 23.114], [92.963, 23.114], [92.962, 23.115], [92.962, 23.114], [92.961, 23.114], [92.96, 23.114], [92.96, 23.115], [92.96, 23.116], [92.959, 23.116], [92.958, 23.116], [92.957, 23.116], [92.957, 23.117], [92.957, 23.118], [92.957, 23.119], [92.958, 23.12], [92.958, 23.121], [92.957, 23.124], [92.958, 23.126], [92.957, 23.127], [92.957, 23.129], [92.958, 23.129], [92.958, 23.131], [92.958, 23.132], [92.959, 23.132], [92.959, 23.133], [92.959, 23.134], [92.959, 23.135], [92.958, 23.136], [92.957, 23.135], [92.956, 23.135], [92.956, 23.136], [92.956, 23.137], [92.956, 23.138], [92.957, 23.139], [92.957, 23.14], [92.957, 23.141], [92.957, 23.142], [92.956, 23.142], [92.956, 23.143], [92.956, 23.144], [92.957, 23.145], [92.957, 23.146], [92.957, 23.148], [92.957, 23.149], [92.956, 23.15], [92.955, 23.151], [92.955, 23.152], [92.955, 23.153], [92.955, 23.155], [92.955, 23.156], [92.956, 23.156], [92.956, 23.157], [92.956, 23.158], [92.956, 23.159], [92.956, 23.16], [92.955, 23.161], [92.954, 23.162], [92.954, 23.163], [92.954, 23.164], [92.954, 23.165], [92.953, 23.166], [92.952, 23.167], [92.95, 23.168], [92.949, 23.169], [92.947, 23.169], [92.945, 23.17], [92.943, 23.17], [92.941, 23.171], [92.94, 23.171], [92.939, 23.171], [92.938, 23.17], [92.937, 23.169], [92.936, 23.169], [92.936, 23.17], [92.935, 23.171], [92.935, 23.172], [92.934, 23.172], [92.933, 23.173], [92.933, 23.174], [92.932, 23.175], [92.933, 23.176], [92.933, 23.178], [92.934, 23.179], [92.934, 23.18], [92.934, 23.182], [92.934, 23.183], [92.934, 23.184], [92.935, 23.185], [92.935, 23.186], [92.934, 23.186], [92.933, 23.186], [92.933, 23.187], [92.934, 23.187], [92.935, 23.187], [92.936, 23.187], [92.936, 23.186], [92.937, 23.185], [92.938, 23.185], [92.938, 23.187], [92.938, 23.189], [92.938, 23.19], [92.939, 23.191], [92.941, 23.191], [92.943, 23.192], [92.944, 23.192], [92.946, 23.192], [92.946, 23.193], [92.946, 23.192], [92.947, 23.193], [92.948, 23.193], [92.951, 23.193], [92.952, 23.194], [92.953, 23.194], [92.954, 23.195], [92.955, 23.197], [92.956, 23.198], [92.956, 23.199], [92.957, 23.2], [92.957, 23.201], [92.957, 23.202], [92.958, 23.203], [92.957, 23.204], [92.956, 23.206], [92.955, 23.207], [92.955, 23.208], [92.955, 23.21], [92.954, 23.21], [92.954, 23.211], [92.953, 23.212], [92.953, 23.213], [92.953, 23.214], [92.952, 23.215], [92.951, 23.215], [92.95, 23.216], [92.949, 23.216], [92.948, 23.217], [92.948, 23.218], [92.948, 23.219], [92.948, 23.22], [92.947, 23.221], [92.946, 23.221], [92.945, 23.221], [92.944, 23.221], [92.943, 23.22], [92.942, 23.22], [92.941, 23.22], [92.94, 23.22], [92.94, 23.221], [92.94, 23.222], [92.94, 23.223], [92.939, 23.223], [92.938, 23.223], [92.937, 23.224], [92.936, 23.225], [92.935, 23.226], [92.934, 23.226], [92.931, 23.227], [92.93, 23.227], [92.929, 23.228], [92.929, 23.229], [92.929, 23.23], [92.93, 23.232], [92.931, 23.233], [92.932, 23.235], [92.932, 23.236], [92.933, 23.237], [92.934, 23.238], [92.933, 23.239], [92.931, 23.24], [92.929, 23.24], [92.928, 23.24], [92.928, 23.241], [92.928, 23.243], [92.929, 23.245], [92.93, 23.247], [92.932, 23.247], [92.933, 23.247], [92.934, 23.247], [92.934, 23.248], [92.934, 23.249], [92.933, 23.249], [92.932, 23.25], [92.93, 23.251], [92.927, 23.252], [92.924, 23.253], [92.921, 23.253], [92.92, 23.253], [92.918, 23.254], [92.918, 23.255], [92.919, 23.257], [92.921, 23.259], [92.923, 23.261], [92.925, 23.262], [92.926, 23.263], [92.927, 23.263], [92.928, 23.263], [92.93, 23.263], [92.932, 23.264], [92.933, 23.264], [92.935, 23.265], [92.936, 23.265], [92.939, 23.265], [92.94, 23.264], [92.942, 23.264], [92.944, 23.263], [92.945, 23.263], [92.948, 23.263], [92.949, 23.264], [92.952, 23.265], [92.954, 23.266], [92.955, 23.266], [92.957, 23.266], [92.958, 23.266], [92.959, 23.267], [92.96, 23.267], [92.96, 23.268], [92.961, 23.268], [92.961, 23.269], [92.96, 23.27], [92.96, 23.271], [92.959, 23.272], [92.959, 23.273], [92.96, 23.272], [92.962, 23.271], [92.963, 23.27], [92.964, 23.27], [92.966, 23.27], [92.969, 23.27], [92.97, 23.269], [92.971, 23.268], [92.972, 23.267], [92.973, 23.266], [92.974, 23.265], [92.977, 23.264], [92.979, 23.263], [92.981, 23.262], [92.983, 23.261], [92.985, 23.261], [92.986, 23.26], [92.988, 23.259], [92.99, 23.259], [92.992, 23.258], [92.994, 23.257], [92.996, 23.256], [92.997, 23.256], [92.998, 23.256], [92.999, 23.255], [93.0, 23.255], [93.001, 23.255], [93.003, 23.255], [93.004, 23.255], [93.005, 23.254], [93.006, 23.254], [93.007, 23.254], [93.01, 23.254], [93.012, 23.254], [93.013, 23.254], [93.014, 23.253], [93.015, 23.253], [93.016, 23.253], [93.017, 23.253], [93.018, 23.252], [93.018, 23.251], [93.019, 23.251], [93.021, 23.25], [93.022, 23.249], [93.022, 23.248], [93.023, 23.248], [93.024, 23.247], [93.025, 23.247], [93.026, 23.247], [93.028, 23.247], [93.029, 23.246], [93.03, 23.246], [93.031, 23.246], [93.031, 23.245], [93.032, 23.244], [93.033, 23.244], [93.034, 23.243], [93.035, 23.243], [93.036, 23.243], [93.037, 23.243]]]}, "properties": {"OBJECTID": 2878, "stcode11": "15", "dtcode11": "285", "sdtcode11": "01911", "stname": "MIZORAM", "dtname": "Serchhip", "sdtname": "East Lungdar", "subdt_lgd": 1911, "dist_lgd": 268, "state_lgd": 15, "shape_Length": 130547.58871500388, "shape_Area": 528030755.5165893, "st_area_sh": 0, "st_length_": 0, "remarks": "", "ac_no": null, "test": 2879}}, {"type": "Feature", "geometry": {"type": "Polygon", "coordinates": [[[92.669, 23.385], [92.67, 23.385], [92.67, 23.384], [92.671, 23.384], [92.672, 23.384], [92.673, 23.383], [92.673, 23.382], [92.674, 23.381], [92.675, 23.381], [92.675, 23.38], [92.676, 23.38], [92.676, 23.379], [92.676, 23.378], [92.675, 23.378], [92.674, 23.377], [92.674, 23.376], [92.674, 23.375], [92.675, 23.374], [92.675, 23.373], [92.676, 23.373], [92.676, 23.372], [92.675, 23.371], [92.673, 23.37], [92.672, 23.369], [92.671, 23.369], [92.671, 23.368], [92.672, 23.367], [92.673, 23.368], [92.674, 23.368], [92.676, 23.369], [92.677, 23.369], [92.678, 23.369], [92.679, 23.369], [92.68, 23.369], [92.681, 23.369], [92.682, 23.369], [92.682, 23.368], [92.683, 23.367], [92.684, 23.366], [92.684, 23.365], [92.684, 23.364], [92.684, 23.363], [92.684, 23.362], [92.685, 23.362], [92.685, 23.361], [92.685, 23.36], [92.685, 23.359], [92.685, 23.358], [92.685, 23.357], [92.686, 23.357], [92.687, 23.356], [92.687, 23.355], [92.687, 23.354], [92.687, 23.353], [92.686, 23.353], [92.685, 23.353], [92.685, 23.352], [92.685, 23.351], [92.685, 23.35], [92.686, 23.349], [92.686, 23.348], [92.687, 23.346], [92.687, 23.345], [92.687, 23.344], [92.686, 23.343], [92.687, 23.342], [92.687, 23.341], [92.687, 23.34], [92.686, 23.34], [92.686, 23.339], [92.685, 23.339], [92.685, 23.338], [92.684, 23.338], [92.684, 23.337], [92.684, 23.336], [92.684, 23.335], [92.684, 23.334], [92.685, 23.333], [92.685, 23.332], [92.686, 23.331], [92.686, 23.33], [92.686, 23.329], [92.686, 23.328], [92.686, 23.327], [92.685, 23.327], [92.684, 23.327], [92.683, 23.328], [92.682, 23.328], [92.681, 23.328], [92.681, 23.327], [92.681, 23.326], [92.682, 23.325], [92.682, 23.324], [92.683, 23.324], [92.683, 23.323], [92.683, 23.322], [92.683, 23.321], [92.684, 23.319], [92.684, 23.318], [92.685, 23.317], [92.685, 23.316], [92.685, 23.315], [92.684, 23.314], [92.684, 23.313], [92.684, 23.312], [92.684, 23.311], [92.685, 23.311], [92.686, 23.311], [92.686, 23.31], [92.687, 23.31], [92.687, 23.309], [92.688, 23.309], [92.688, 23.308], [92.688, 23.307], [92.687, 23.307], [92.687, 23.306], [92.686, 23.306], [92.687, 23.305], [92.686, 23.304], [92.685, 23.304], [92.684, 23.304], [92.684, 23.303], [92.685, 23.303], [92.685, 23.302], [92.686, 23.302], [92.686, 23.301], [92.687, 23.301], [92.687, 23.3], [92.687, 23.299], [92.687, 23.298], [92.686, 23.297], [92.685, 23.297], [92.684, 23.297], [92.684, 23.296], [92.684, 23.295], [92.685, 23.295], [92.685, 23.294], [92.684, 23.293], [92.684, 23.292], [92.684, 23.291], [92.684, 23.29], [92.683, 23.29], [92.684, 23.289], [92.684, 23.288], [92.684, 23.287], [92.684, 23.286], [92.685, 23.286], [92.685, 23.285], [92.686, 23.284], [92.686, 23.283], [92.686, 23.282], [92.685, 23.282], [92.685, 23.281], [92.685, 23.28], [92.686, 23.28], [92.687, 23.28], [92.687, 23.279], [92.687, 23.278], [92.686, 23.277], [92.685, 23.276], [92.686, 23.275], [92.686, 23.274], [92.687, 23.274], [92.687, 23.273], [92.687, 23.272], [92.687, 23.271], [92.688, 23.27], [92.689, 23.269], [92.689, 23.268], [92.689, 23.267], [92.69, 23.267], [92.69, 23.266], [92.69, 23.265], [92.689, 23.265], [92.688, 23.264], [92.688, 23.263], [92.689, 23.262], [92.689, 23.261], [92.689, 23.26], [92.688, 23.259], [92.688, 23.258], [92.689, 23.257], [92.69, 23.256], [92.69, 23.255], [92.691, 23.255], [92.691, 23.254], [92.69, 23.254], [92.69, 23.253], [92.69, 23.252], [92.69, 23.251], [92.69, 23.25], [92.689, 23.249], [92.688, 23.249], [92.688, 23.248], [92.687, 23.247], [92.687, 23.246], [92.687, 23.245], [92.687, 23.244], [92.688, 23.244], [92.688, 23.243], [92.689, 23.243], [92.689, 23.242], [92.69, 23.242], [92.69, 23.241], [92.69, 23.24], [92.69, 23.239], [92.69, 23.238], [92.69, 23.237], [92.69, 23.236], [92.69, 23.235], [92.691, 23.234], [92.691, 23.233], [92.691, 23.232], [92.69, 23.232], [92.69, 23.231], [92.69, 23.23], [92.69, 23.229], [92.69, 23.228], [92.69, 23.227], [92.69, 23.226], [92.691, 23.225], [92.691, 23.224], [92.691, 23.223], [92.691, 23.222], [92.691, 23.221], [92.691, 23.22], [92.692, 23.22], [92.692, 23.219], [92.692, 23.218], [92.693, 23.217], [92.693, 23.216], [92.694, 23.216], [92.695, 23.216], [92.695, 23.215], [92.696, 23.214], [92.697, 23.214], [92.698, 23.214], [92.698, 23.213], [92.699, 23.213], [92.699, 23.212], [92.7, 23.211], [92.7, 23.21], [92.701, 23.21], [92.701, 23.209], [92.701, 23.208], [92.701, 23.207], [92.702, 23.207], [92.702, 23.206], [92.702, 23.205], [92.702, 23.204], [92.702, 23.203], [92.701, 23.202], [92.701, 23.201], [92.701, 23.2], [92.702, 23.199], [92.702, 23.198], [92.702, 23.197], [92.701, 23.197], [92.7, 23.196], [92.699, 23.196], [92.699, 23.195], [92.698, 23.194], [92.698, 23.192], [92.698, 23.19], [92.698, 23.189], [92.697, 23.188], [92.696, 23.187], [92.696, 23.186], [92.696, 23.185], [92.696, 23.184], [92.696, 23.183], [92.697, 23.182], [92.697, 23.181], [92.696, 23.181], [92.696, 23.18], [92.695, 23.179], [92.695, 23.178], [92.695, 23.177], [92.695, 23.176], [92.695, 23.175], [92.696, 23.175], [92.696, 23.174], [92.696, 23.173], [92.696, 23.172], [92.697, 23.172], [92.697, 23.171], [92.697, 23.17], [92.696, 23.169], [92.696, 23.168], [92.696, 23.167], [92.697, 23.166], [92.698, 23.165], [92.698, 23.164], [92.698, 23.163], [92.698, 23.162], [92.699, 23.161], [92.7, 23.161], [92.701, 23.161], [92.702, 23.161], [92.702, 23.16], [92.702, 23.159], [92.702, 23.158], [92.702, 23.157], [92.702, 23.156], [92.702, 23.155], [92.702, 23.154], [92.702, 23.153], [92.702, 23.152], [92.702, 23.151], [92.702, 23.15], [92.702, 23.149], [92.702, 23.148], [92.703, 23.148], [92.703, 23.147], [92.703, 23.146], [92.704, 23.145], [92.704, 23.144], [92.705, 23.144], [92.705, 23.143], [92.705, 23.142], [92.705, 23.141], [92.706, 23.141], [92.706, 23.14], [92.706, 23.139], [92.705, 23.138], [92.704, 23.138], [92.704, 23.137], [92.704, 23.136], [92.705, 23.136], [92.705, 23.135], [92.706, 23.134], [92.706, 23.133], [92.707, 23.133], [92.707, 23.132], [92.707, 23.131], [92.707, 23.13], [92.707, 23.129], [92.707, 23.128], [92.707, 23.127], [92.707, 23.126], [92.707, 23.125], [92.707, 23.124], [92.708, 23.123], [92.708, 23.122], [92.709, 23.122], [92.709, 23.121], [92.71, 23.12], [92.711, 23.119], [92.712, 23.118], [92.712, 23.117], [92.711, 23.116], [92.711, 23.115], [92.711, 23.114], [92.712, 23.114], [92.713, 23.114], [92.713, 23.113], [92.714, 23.113], [92.714, 23.112], [92.713, 23.111], [92.713, 23.11], [92.713, 23.109], [92.713, 23.108], [92.714, 23.107], [92.715, 23.106], [92.716, 23.106], [92.716, 23.105], [92.716, 23.104], [92.716, 23.103], [92.717, 23.103], [92.718, 23.103], [92.718, 23.102], [92.718, 23.101], [92.719, 23.1], [92.719, 23.099], [92.718, 23.098], [92.718, 23.097], [92.718, 23.096], [92.719, 23.095], [92.72, 23.095], [92.721, 23.094], [92.721, 23.093], [92.722, 23.093], [92.723, 23.093], [92.723, 23.092], [92.723, 23.091], [92.724, 23.09], [92.724, 23.089], [92.724, 23.088], [92.724, 23.087], [92.724, 23.086], [92.725, 23.085], [92.725, 23.084], [92.725, 23.083], [92.725, 23.082], [92.725, 23.081], [92.724, 23.081], [92.724, 23.08], [92.723, 23.08], [92.723, 23.079], [92.722, 23.078], [92.722, 23.077], [92.723, 23.077], [92.724, 23.077], [92.725, 23.077], [92.725, 23.076], [92.725, 23.075], [92.724, 23.075], [92.724, 23.074], [92.724, 23.073], [92.724, 23.072], [92.725, 23.071], [92.725, 23.07], [92.725, 23.069], [92.726, 23.069], [92.727, 23.069], [92.727, 23.068], [92.728, 23.068], [92.728, 23.067], [92.728, 23.066], [92.728, 23.065], [92.727, 23.065], [92.726, 23.065], [92.725, 23.064], [92.725, 23.063], [92.725, 23.062], [92.726, 23.061], [92.727, 23.06], [92.728, 23.06], [92.728, 23.059], [92.729, 23.059], [92.729, 23.058], [92.728, 23.057], [92.727, 23.057], [92.726, 23.057], [92.725, 23.057], [92.724, 23.057], [92.724, 23.056], [92.725, 23.056], [92.725, 23.055], [92.725, 23.054], [92.724, 23.054], [92.724, 23.053], [92.723, 23.053], [92.723, 23.052], [92.723, 23.051], [92.724, 23.051], [92.725, 23.05], [92.726, 23.05], [92.727, 23.049], [92.728, 23.047], [92.728, 23.046], [92.728, 23.045], [92.728, 23.044], [92.729, 23.043], [92.729, 23.042], [92.728, 23.041], [92.728, 23.04], [92.728, 23.039], [92.728, 23.038], [92.728, 23.037], [92.728, 23.036], [92.728, 23.035], [92.727, 23.035], [92.726, 23.035], [92.725, 23.035], [92.724, 23.035], [92.724, 23.034], [92.724, 23.033], [92.725, 23.032], [92.725, 23.031], [92.724, 23.031], [92.724, 23.03], [92.723, 23.029], [92.722, 23.029], [92.722, 23.028], [92.721, 23.028], [92.72, 23.028], [92.72, 23.027], [92.72, 23.026], [92.719, 23.025], [92.719, 23.024], [92.718, 23.024], [92.717, 23.024], [92.717, 23.023], [92.717, 23.022], [92.717, 23.021], [92.717, 23.02], [92.717, 23.019], [92.717, 23.018], [92.717, 23.017], [92.718, 23.017], [92.718, 23.016], [92.718, 23.015], [92.718, 23.014], [92.718, 23.013], [92.717, 23.012], [92.716, 23.012], [92.716, 23.011], [92.717, 23.01], [92.718, 23.009], [92.719, 23.008], [92.719, 23.007], [92.718, 23.006], [92.717, 23.005], [92.717, 23.004], [92.716, 23.004], [92.715, 23.004], [92.714, 23.004], [92.713, 23.004], [92.712, 23.004], [92.711, 23.003], [92.71, 23.003], [92.709, 23.003], [92.708, 23.002], [92.707, 23.002], [92.706, 23.002], [92.705, 23.002], [92.704, 23.002], [92.703, 23.002], [92.702, 23.002], [92.701, 23.002], [92.699, 23.002], [92.697, 23.002], [92.696, 23.002], [92.696, 23.001], [92.696, 23.002], [92.695, 23.003], [92.694, 23.003], [92.694, 23.004], [92.694, 23.005], [92.693, 23.005], [92.693, 23.006], [92.693, 23.007], [92.693, 23.008], [92.693, 23.009], [92.692, 23.01], [92.691, 23.01], [92.69, 23.011], [92.688, 23.011], [92.687, 23.011], [92.686, 23.012], [92.686, 23.013], [92.685, 23.014], [92.684, 23.014], [92.683, 23.013], [92.682, 23.013], [92.681, 23.013], [92.681, 23.014], [92.68, 23.014], [92.68, 23.013], [92.679, 23.013], [92.678, 23.014], [92.677, 23.014], [92.676, 23.014], [92.675, 23.014], [92.674, 23.014], [92.674, 23.015], [92.674, 23.016], [92.673, 23.016], [92.673, 23.017], [92.672, 23.017], [92.671, 23.017], [92.671, 23.016], [92.67, 23.016], [92.669, 23.016], [92.668, 23.016], [92.667, 23.015], [92.666, 23.016], [92.666, 23.017], [92.665, 23.017], [92.665, 23.016], [92.664, 23.016], [92.664, 23.017], [92.664, 23.018], [92.664, 23.019], [92.664, 23.02], [92.664, 23.021], [92.662, 23.023], [92.662, 23.024], [92.661, 23.024], [92.661, 23.025], [92.661, 23.026], [92.661, 23.027], [92.662, 23.027], [92.662, 23.028], [92.661, 23.029], [92.66, 23.029], [92.66, 23.03], [92.659, 23.031], [92.659, 23.032], [92.658, 23.033], [92.658, 23.034], [92.658, 23.035], [92.657, 23.035], [92.657, 23.036], [92.656, 23.036], [92.656, 23.037], [92.656, 23.038], [92.657, 23.038], [92.658, 23.039], [92.659, 23.039], [92.66, 23.039], [92.659, 23.039], [92.659, 23.04], [92.658, 23.04], [92.658, 23.041], [92.657, 23.041], [92.658, 23.042], [92.658, 23.043], [92.657, 23.043], [92.656, 23.045], [92.655, 23.045], [92.655, 23.046], [92.654, 23.046], [92.654, 23.047], [92.655, 23.047], [92.656, 23.047], [92.656, 23.048], [92.657, 23.048], [92.657, 23.049], [92.656, 23.049], [92.656, 23.05], [92.655, 23.05], [92.655, 23.051], [92.656, 23.051], [92.657, 23.051], [92.657, 23.052], [92.656, 23.053], [92.655, 23.053], [92.654, 23.052], [92.653, 23.053], [92.653, 23.054], [92.653, 23.055], [92.653, 23.056], [92.653, 23.057], [92.654, 23.057], [92.654, 23.058], [92.653, 23.058], [92.653, 23.059], [92.652, 23.059], [92.651, 23.059], [92.65, 23.06], [92.65, 23.061], [92.65, 23.062], [92.649, 23.063], [92.649, 23.064], [92.649, 23.065], [92.648, 23.066], [92.648, 23.067], [92.649, 23.067], [92.649, 23.068], [92.65, 23.068], [92.65, 23.069], [92.651, 23.069], [92.652, 23.07], [92.652, 23.069], [92.653, 23.068], [92.653, 23.069], [92.653, 23.07], [92.653, 23.071], [92.653, 23.074], [92.653, 23.075], [92.652, 23.075], [92.651, 23.075], [92.651, 23.076], [92.652, 23.076], [92.652, 23.077], [92.652, 23.078], [92.652, 23.08], [92.652, 23.081], [92.652, 23.082], [92.651, 23.083], [92.651, 23.084], [92.651, 23.085], [92.652, 23.085], [92.652, 23.086], [92.651, 23.086], [92.651, 23.087], [92.65, 23.087], [92.65, 23.088], [92.65, 23.089], [92.65, 23.088], [92.651, 23.088], [92.651, 23.089], [92.652, 23.09], [92.652, 23.091], [92.651, 23.091], [92.651, 23.092], [92.65, 23.092], [92.651, 23.093], [92.651, 23.094], [92.65, 23.094], [92.649, 23.095], [92.648, 23.095], [92.648, 23.096], [92.647, 23.096], [92.646, 23.097], [92.646, 23.098], [92.645, 23.098], [92.645, 23.099], [92.644, 23.099], [92.643, 23.099], [92.642, 23.099], [92.642, 23.098], [92.641, 23.099], [92.64, 23.099], [92.639, 23.099], [92.639, 23.098], [92.638, 23.098], [92.637, 23.098], [92.636, 23.098], [92.635, 23.098], [92.635, 23.097], [92.634, 23.097], [92.633, 23.098], [92.632, 23.098], [92.631, 23.098], [92.63, 23.098], [92.629, 23.098], [92.628, 23.098], [92.627, 23.098], [92.627, 23.099], [92.626, 23.099], [92.625, 23.099], [92.625, 23.1], [92.624, 23.099], [92.624, 23.098], [92.624, 23.097], [92.623, 23.097], [92.623, 23.096], [92.622, 23.096], [92.621, 23.096], [92.62, 23.096], [92.619, 23.096], [92.618, 23.096], [92.617, 23.097], [92.616, 23.097], [92.615, 23.097], [92.614, 23.097], [92.613, 23.097], [92.612, 23.097], [92.611, 23.097], [92.61, 23.097], [92.608, 23.097], [92.607, 23.097], [92.606, 23.097], [92.605, 23.097], [92.604, 23.096], [92.604, 23.095], [92.603, 23.095], [92.603, 23.094], [92.602, 23.094], [92.601, 23.093], [92.6, 23.093], [92.599, 23.093], [92.598, 23.093], [92.598, 23.092], [92.598, 23.091], [92.597, 23.091], [92.596, 23.091], [92.596, 23.092], [92.596, 23.093], [92.595, 23.093], [92.594, 23.093], [92.593, 23.093], [92.591, 23.094], [92.59, 23.095], [92.59, 23.096], [92.59, 23.097], [92.589, 23.098], [92.589, 23.099], [92.588, 23.099], [92.587, 23.1], [92.586, 23.1], [92.585, 23.1], [92.584, 23.101], [92.583, 23.101], [92.582, 23.101], [92.581, 23.101], [92.58, 23.101], [92.58, 23.1], [92.579, 23.1], [92.578, 23.1], [92.577, 23.1], [92.577, 23.101], [92.576, 23.101], [92.575, 23.101], [92.574, 23.101], [92.573, 23.101], [92.573, 23.102], [92.572, 23.102], [92.572, 23.103], [92.57, 23.104], [92.569, 23.104], [92.568, 23.104], [92.567, 23.104], [92.566, 23.104], [92.565, 23.104], [92.564, 23.104], [92.563, 23.104], [92.562, 23.104], [92.561, 23.104], [92.561, 23.103], [92.56, 23.103], [92.56, 23.102], [92.559, 23.102], [92.558, 23.102], [92.557, 23.102], [92.557, 23.101], [92.557, 23.1], [92.558, 23.1], [92.558, 23.099], [92.559, 23.099], [92.559, 23.098], [92.559, 23.097], [92.558, 23.097], [92.557, 23.096], [92.556, 23.096], [92.555, 23.096], [92.555, 23.095], [92.555, 23.094], [92.555, 23.093], [92.556, 23.093], [92.556, 23.092], [92.556, 23.091], [92.556, 23.09], [92.556, 23.089], [92.557, 23.088], [92.557, 23.087], [92.557, 23.086], [92.558, 23.085], [92.558, 23.084], [92.558, 23.083], [92.557, 23.082], [92.557, 23.081], [92.558, 23.081], [92.558, 23.08], [92.559, 23.079], [92.559, 23.078], [92.559, 23.077], [92.559, 23.076], [92.56, 23.075], [92.56, 23.074], [92.56, 23.073], [92.56, 23.072], [92.561, 23.072], [92.56, 23.072], [92.56, 23.071], [92.559, 23.071], [92.558, 23.071], [92.557, 23.07], [92.556, 23.07], [92.556, 23.071], [92.555, 23.071], [92.554, 23.071], [92.553, 23.071], [92.553, 23.07], [92.552, 23.07], [92.552, 23.069], [92.551, 23.068], [92.55, 23.068], [92.549, 23.067], [92.548, 23.067], [92.547, 23.066], [92.547, 23.065], [92.546, 23.065], [92.545, 23.064], [92.544, 23.064], [92.543, 23.064], [92.542, 23.064], [92.541, 23.064], [92.54, 23.064], [92.539, 23.064], [92.538, 23.064], [92.538, 23.063], [92.537, 23.063], [92.537, 23.062], [92.537, 23.061], [92.537, 23.06], [92.537, 23.059], [92.536, 23.059], [92.536, 23.06], [92.535, 23.06], [92.534, 23.06], [92.533, 23.06], [92.533, 23.061], [92.532, 23.061], [92.532, 23.062], [92.531, 23.062], [92.53, 23.062], [92.53, 23.061], [92.53, 23.062], [92.529, 23.062], [92.528, 23.063], [92.528, 23.062], [92.527, 23.062], [92.526, 23.062], [92.525, 23.062], [92.524, 23.062], [92.524, 23.063], [92.523, 23.063], [92.522, 23.063], [92.521, 23.063], [92.52, 23.063], [92.52, 23.064], [92.519, 23.064], [92.519, 23.065], [92.519, 23.066], [92.518, 23.066], [92.518, 23.067], [92.517, 23.067], [92.516, 23.067], [92.515, 23.067], [92.515, 23.068], [92.514, 23.068], [92.513, 23.068], [92.513, 23.069], [92.513, 23.07], [92.512, 23.07], [92.511, 23.07], [92.511, 23.071], [92.51, 23.071], [92.51, 23.07], [92.509, 23.07], [92.508, 23.069], [92.508, 23.068], [92.508, 23.067], [92.507, 23.066], [92.507, 23.065], [92.507, 23.064], [92.508, 23.063], [92.508, 23.062], [92.508, 23.061], [92.507, 23.061], [92.507, 23.06], [92.506, 23.06], [92.506, 23.059], [92.506, 23.058], [92.507, 23.058], [92.507, 23.057], [92.507, 23.056], [92.508, 23.056], [92.508, 23.055], [92.508, 23.054], [92.508, 23.053], [92.508, 23.052], [92.508, 23.051], [92.507, 23.051], [92.506, 23.051], [92.505, 23.051], [92.504, 23.051], [92.503, 23.051], [92.502, 23.051], [92.502, 23.05], [92.503, 23.05], [92.503, 23.049], [92.502, 23.049], [92.501, 23.049], [92.501, 23.048], [92.502, 23.048], [92.503, 23.048], [92.502, 23.047], [92.501, 23.046], [92.5, 23.046], [92.5, 23.045], [92.499, 23.044], [92.498, 23.043], [92.498, 23.042], [92.497, 23.041], [92.496, 23.04], [92.495, 23.04], [92.494, 23.039], [92.493, 23.039], [92.493, 23.038], [92.492, 23.038], [92.491, 23.038], [92.491, 23.037], [92.49, 23.036], [92.489, 23.036], [92.488, 23.036], [92.488, 23.035], [92.488, 23.034], [92.489, 23.034], [92.489, 23.033], [92.489, 23.032], [92.488, 23.032], [92.487, 23.032], [92.486, 23.032], [92.485, 23.033], [92.484, 23.033], [92.483, 23.033], [92.482, 23.032], [92.481, 23.032], [92.481, 23.033], [92.48, 23.034], [92.479, 23.035], [92.479, 23.036], [92.478, 23.037], [92.478, 23.038], [92.477, 23.039], [92.477, 23.04], [92.476, 23.04], [92.475, 23.041], [92.474, 23.041], [92.474, 23.04], [92.474, 23.039], [92.474, 23.038], [92.473, 23.038], [92.472, 23.038], [92.471, 23.038], [92.47, 23.037], [92.469, 23.037], [92.468, 23.036], [92.467, 23.036], [92.466, 23.036], [92.465, 23.036], [92.464, 23.036], [92.463, 23.036], [92.463, 23.035], [92.462, 23.035], [92.461, 23.035], [92.461, 23.034], [92.461, 23.033], [92.461, 23.032], [92.46, 23.032], [92.46, 23.031], [92.461, 23.031], [92.46, 23.031], [92.459, 23.031], [92.458, 23.031], [92.457, 23.03], [92.456, 23.03], [92.455, 23.03], [92.455, 23.029], [92.454, 23.029], [92.453, 23.028], [92.453, 23.027], [92.454, 23.027], [92.455, 23.027], [92.455, 23.026], [92.454, 23.026], [92.454, 23.025], [92.455, 23.025], [92.454, 23.025], [92.454, 23.024], [92.455, 23.024], [92.455, 23.023], [92.455, 23.022], [92.455, 23.021], [92.455, 23.02], [92.456, 23.02], [92.457, 23.019], [92.458, 23.019], [92.458, 23.018], [92.459, 23.018], [92.458, 23.018], [92.458, 23.017], [92.458, 23.016], [92.458, 23.015], [92.458, 23.014], [92.458, 23.013], [92.457, 23.012], [92.457, 23.011], [92.456, 23.011], [92.455, 23.012], [92.454, 23.011], [92.454, 23.01], [92.453, 23.01], [92.452, 23.01], [92.451, 23.01], [92.451, 23.011], [92.45, 23.011], [92.45, 23.01], [92.45, 23.009], [92.449, 23.01], [92.449, 23.009], [92.448, 23.009], [92.447, 23.009], [92.446, 23.01], [92.446, 23.009], [92.445, 23.01], [92.444, 23.01], [92.444, 23.011], [92.443, 23.011], [92.443, 23.01], [92.442, 23.01], [92.441, 23.011], [92.44, 23.011], [92.439, 23.01], [92.438, 23.01], [92.437, 23.01], [92.436, 23.01], [92.435, 23.01], [92.434, 23.01], [92.433, 23.01], [92.432, 23.01], [92.431, 23.01], [92.43, 23.011], [92.429, 23.011], [92.428, 23.012], [92.427, 23.012], [92.426, 23.012], [92.426, 23.011], [92.425, 23.011], [92.425, 23.01], [92.424, 23.01], [92.423, 23.009], [92.422, 23.008], [92.422, 23.007], [92.422, 23.006], [92.422, 23.005], [92.422, 23.004], [92.421, 23.003], [92.42, 23.003], [92.419, 23.004], [92.418, 23.004], [92.417, 23.003], [92.416, 23.003], [92.415, 23.003], [92.414, 23.002], [92.413, 23.002], [92.412, 23.001], [92.411, 23.001], [92.41, 23.001], [92.409, 23.001], [92.408, 23.001], [92.407, 23.002], [92.406, 23.002], [92.405, 23.002], [92.405, 23.003], [92.404, 23.003], [92.403, 23.002], [92.402, 23.002], [92.402, 23.001], [92.401, 23.001], [92.401, 23.0], [92.4, 23.0], [92.399, 23.001], [92.398, 23.0], [92.397, 23.0], [92.397, 23.001], [92.396, 23.002], [92.395, 23.002], [92.394, 23.002], [92.393, 23.003], [92.392, 23.003], [92.392, 23.004], [92.391, 23.004], [92.391, 23.005], [92.39, 23.005], [92.389, 23.005], [92.388, 23.005], [92.387, 23.004], [92.385, 23.003], [92.384, 23.003], [92.384, 23.004], [92.384, 23.005], [92.384, 23.006], [92.384, 23.007], [92.384, 23.008], [92.383, 23.008], [92.383, 23.009], [92.384, 23.009], [92.385, 23.009], [92.385, 23.01], [92.384, 23.01], [92.383, 23.01], [92.382, 23.011], [92.381, 23.011], [92.38, 23.011], [92.38, 23.012], [92.381, 23.013], [92.38, 23.014], [92.38, 23.015], [92.38, 23.016], [92.381, 23.017], [92.381, 23.018], [92.381, 23.019], [92.382, 23.019], [92.382, 23.02], [92.382, 23.021], [92.383, 23.022], [92.383, 23.023], [92.384, 23.023], [92.384, 23.024], [92.383, 23.024], [92.383, 23.025], [92.384, 23.025], [92.384, 23.026], [92.383, 23.026], [92.384, 23.027], [92.385, 23.027], [92.385, 23.028], [92.385, 23.029], [92.384, 23.029], [92.384, 23.03], [92.383, 23.03], [92.383, 23.031], [92.383, 23.032], [92.383, 23.033], [92.383, 23.034], [92.383, 23.035], [92.383, 23.036], [92.384, 23.037], [92.384, 23.038], [92.385, 23.039], [92.386, 23.039], [92.387, 23.039], [92.388, 23.04], [92.388, 23.041], [92.388, 23.042], [92.388, 23.043], [92.388, 23.044], [92.388, 23.045], [92.389, 23.045], [92.389, 23.046], [92.39, 23.047], [92.389, 23.048], [92.389, 23.049], [92.388, 23.049], [92.389, 23.049], [92.39, 23.049], [92.391, 23.049], [92.391, 23.05], [92.391, 23.051], [92.39, 23.051], [92.39, 23.052], [92.391, 23.052], [92.392, 23.052], [92.392, 23.053], [92.392, 23.054], [92.391, 23.055], [92.391, 23.056], [92.392, 23.056], [92.392, 23.057], [92.392, 23.058], [92.392, 23.059], [92.391, 23.059], [92.391, 23.06], [92.391, 23.061], [92.39, 23.061], [92.389, 23.061], [92.388, 23.061], [92.388, 23.062], [92.387, 23.062], [92.387, 23.063], [92.388, 23.063], [92.388, 23.064], [92.389, 23.064], [92.389, 23.065], [92.388, 23.065], [92.388, 23.066], [92.387, 23.066], [92.388, 23.067], [92.387, 23.067], [92.386, 23.068], [92.385, 23.068], [92.385, 23.069], [92.385, 23.07], [92.384, 23.071], [92.383, 23.072], [92.383, 23.073], [92.384, 23.074], [92.385, 23.074], [92.385, 23.075], [92.385, 23.076], [92.385, 23.077], [92.385, 23.078], [92.384, 23.078], [92.384, 23.079], [92.383, 23.079], [92.382, 23.08], [92.381, 23.08], [92.381, 23.081], [92.38, 23.081], [92.381, 23.082], [92.381, 23.083], [92.38, 23.083], [92.379, 23.083], [92.379, 23.084], [92.38, 23.084], [92.38, 23.085], [92.38, 23.086], [92.38, 23.087], [92.379, 23.087], [92.378, 23.087], [92.377, 23.087], [92.377, 23.086], [92.377, 23.085], [92.376, 23.085], [92.376, 23.084], [92.375, 23.084], [92.375, 23.085], [92.374, 23.086], [92.374, 23.087], [92.373, 23.087], [92.372, 23.087], [92.373, 23.088], [92.372, 23.088], [92.371, 23.089], [92.371, 23.09], [92.371, 23.091], [92.371, 23.092], [92.37, 23.092], [92.37, 23.093], [92.37, 23.094], [92.37, 23.095], [92.369, 23.095], [92.37, 23.096], [92.37, 23.097], [92.369, 23.097], [92.368, 23.096], [92.367, 23.096], [92.366, 23.096], [92.366, 23.097], [92.365, 23.098], [92.364, 23.098], [92.363, 23.098], [92.363, 23.097], [92.363, 23.098], [92.362, 23.098], [92.361, 23.098], [92.361, 23.099], [92.362, 23.1], [92.362, 23.101], [92.36, 23.101], [92.361, 23.101], [92.361, 23.102], [92.36, 23.103], [92.359, 23.103], [92.358, 23.103], [92.359, 23.104], [92.36, 23.105], [92.36, 23.106], [92.359, 23.106], [92.358, 23.106], [92.359, 23.107], [92.359, 23.108], [92.36, 23.11], [92.36, 23.111], [92.361, 23.111], [92.361, 23.112], [92.36, 23.113], [92.361, 23.113], [92.362, 23.114], [92.363, 23.115], [92.363, 23.116], [92.363, 23.117], [92.363, 23.118], [92.364, 23.119], [92.365, 23.119], [92.365, 23.12], [92.364, 23.12], [92.365, 23.121], [92.366, 23.122], [92.367, 23.123], [92.366, 23.124], [92.366, 23.125], [92.367, 23.125], [92.367, 23.126], [92.368, 23.126], [92.368, 23.127], [92.366, 23.127], [92.365, 23.128], [92.365, 23.129], [92.363, 23.13], [92.363, 23.131], [92.362, 23.131], [92.361, 23.131], [92.36, 23.132], [92.359, 23.133], [92.359, 23.134], [92.358, 23.134], [92.357, 23.134], [92.357, 23.135], [92.358, 23.135], [92.357, 23.136], [92.357, 23.137], [92.358, 23.137], [92.359, 23.139], [92.359, 23.14], [92.359, 23.141], [92.36, 23.141], [92.36, 23.142], [92.36, 23.143], [92.36, 23.144], [92.361, 23.145], [92.361, 23.146], [92.361, 23.147], [92.36, 23.147], [92.359, 23.147], [92.359, 23.146], [92.358, 23.146], [92.358, 23.147], [92.359, 23.147], [92.36, 23.148], [92.36, 23.149], [92.36, 23.15], [92.361, 23.15], [92.361, 23.151], [92.36, 23.152], [92.36, 23.153], [92.361, 23.153], [92.362, 23.153], [92.361, 23.154], [92.362, 23.155], [92.362, 23.156], [92.363, 23.156], [92.364, 23.156], [92.364, 23.157], [92.363, 23.158], [92.363, 23.159], [92.363, 23.16], [92.362, 23.161], [92.361, 23.162], [92.361, 23.163], [92.362, 23.164], [92.362, 23.165], [92.363, 23.165], [92.362, 23.165], [92.362, 23.166], [92.362, 23.167], [92.361, 23.167], [92.362, 23.167], [92.362, 23.168], [92.361, 23.168], [92.36, 23.168], [92.359, 23.169], [92.358, 23.17], [92.358, 23.171], [92.358, 23.172], [92.357, 23.173], [92.357, 23.174], [92.357, 23.175], [92.357, 23.176], [92.357, 23.177], [92.357, 23.178], [92.356, 23.179], [92.355, 23.178], [92.354, 23.179], [92.355, 23.179], [92.356, 23.179], [92.356, 23.18], [92.355, 23.18], [92.356, 23.18], [92.357, 23.18], [92.358, 23.18], [92.359, 23.18], [92.36, 23.18], [92.361, 23.18], [92.361, 23.181], [92.361, 23.182], [92.361, 23.183], [92.361, 23.182], [92.36, 23.182], [92.36, 23.183], [92.36, 23.184], [92.359, 23.184], [92.358, 23.184], [92.359, 23.185], [92.358, 23.185], [92.357, 23.185], [92.356, 23.185], [92.355, 23.184], [92.354, 23.184], [92.354, 23.185], [92.354, 23.186], [92.353, 23.186], [92.354, 23.187], [92.354, 23.188], [92.353, 23.189], [92.354, 23.189], [92.354, 23.19], [92.354, 23.191], [92.353, 23.192], [92.353, 23.193], [92.353, 23.194], [92.352, 23.194], [92.352, 23.195], [92.353, 23.195], [92.353, 23.196], [92.354, 23.197], [92.354, 23.198], [92.355, 23.198], [92.355, 23.199], [92.354, 23.199], [92.354, 23.2], [92.355, 23.2], [92.354, 23.201], [92.354, 23.202], [92.354, 23.203], [92.353, 23.203], [92.354, 23.203], [92.354, 23.204], [92.353, 23.204], [92.353, 23.205], [92.353, 23.206], [92.352, 23.206], [92.353, 23.206], [92.353, 23.207], [92.354, 23.207], [92.354, 23.206], [92.355, 23.206], [92.355, 23.207], [92.354, 23.208], [92.354, 23.209], [92.354, 23.21], [92.353, 23.211], [92.354, 23.211], [92.354, 23.212], [92.353, 23.212], [92.354, 23.212], [92.354, 23.213], [92.353, 23.213], [92.354, 23.214], [92.353, 23.214], [92.353, 23.215], [92.354, 23.215], [92.353, 23.215], [92.354, 23.215], [92.354, 23.216], [92.353, 23.216], [92.354, 23.216], [92.354, 23.217], [92.353, 23.218], [92.353, 23.219], [92.354, 23.219], [92.353, 23.219], [92.353, 23.22], [92.354, 23.22], [92.354, 23.221], [92.353, 23.22], [92.353, 23.221], [92.353, 23.222], [92.353, 23.223], [92.353, 23.224], [92.353, 23.225], [92.352, 23.225], [92.353, 23.225], [92.352, 23.225], [92.352, 23.226], [92.352, 23.227], [92.352, 23.228], [92.351, 23.228], [92.351, 23.229], [92.352, 23.229], [92.351, 23.229], [92.351, 23.23], [92.351, 23.231], [92.351, 23.232], [92.351, 23.233], [92.351, 23.234], [92.35, 23.234], [92.35, 23.235], [92.349, 23.235], [92.348, 23.235], [92.347, 23.235], [92.347, 23.236], [92.351, 23.236], [92.355, 23.236], [92.356, 23.236], [92.359, 23.236], [92.362, 23.236], [92.367, 23.236], [92.37, 23.236], [92.373, 23.236], [92.377, 23.236], [92.38, 23.236], [92.383, 23.236], [92.386, 23.236], [92.389, 23.236], [92.392, 23.236], [92.396, 23.237], [92.398, 23.237], [92.401, 23.237], [92.4, 23.238], [92.4, 23.239], [92.401, 23.239], [92.402, 23.239], [92.403, 23.24], [92.404, 23.24], [92.404, 23.241], [92.404, 23.242], [92.403, 23.242], [92.402, 23.242], [92.401, 23.242], [92.4, 23.242], [92.399, 23.242], [92.398, 23.244], [92.397, 23.245], [92.396, 23.247], [92.396, 23.248], [92.395, 23.249], [92.396, 23.25], [92.397, 23.251], [92.397, 23.252], [92.398, 23.253], [92.398, 23.254], [92.399, 23.255], [92.398, 23.256], [92.397, 23.257], [92.396, 23.257], [92.395, 23.257], [92.395, 23.258], [92.394, 23.258], [92.393, 23.258], [92.393, 23.259], [92.392, 23.259], [92.391, 23.259], [92.39, 23.259], [92.39, 23.26], [92.389, 23.26], [92.389, 23.261], [92.39, 23.262], [92.389, 23.263], [92.389, 23.264], [92.389, 23.265], [92.389, 23.266], [92.39, 23.266], [92.39, 23.265], [92.391, 23.265], [92.391, 23.264], [92.392, 23.264], [92.393, 23.264], [92.394, 23.264], [92.395, 23.264], [92.395, 23.265], [92.394, 23.266], [92.394, 23.267], [92.395, 23.267], [92.395, 23.268], [92.396, 23.268], [92.396, 23.267], [92.397, 23.267], [92.398, 23.267], [92.399, 23.267], [92.4, 23.267], [92.4, 23.266], [92.401, 23.265], [92.401, 23.264], [92.402, 23.264], [92.402, 23.265], [92.403, 23.265], [92.403, 23.266], [92.404, 23.266], [92.405, 23.265], [92.406, 23.264], [92.406, 23.263], [92.407, 23.263], [92.407, 23.264], [92.406, 23.265], [92.406, 23.266], [92.407, 23.266], [92.408, 23.266], [92.409, 23.266], [92.409, 23.265], [92.41, 23.265], [92.41, 23.264], [92.41, 23.263], [92.411, 23.263], [92.412, 23.262], [92.413, 23.262], [92.413, 23.261], [92.414, 23.261], [92.414, 23.26], [92.415, 23.259], [92.415, 23.258], [92.416, 23.258], [92.416, 23.257], [92.417, 23.257], [92.417, 23.258], [92.417, 23.259], [92.417, 23.26], [92.417, 23.261], [92.416, 23.261], [92.416, 23.262], [92.416, 23.263], [92.417, 23.263], [92.418, 23.263], [92.419, 23.263], [92.42, 23.263], [92.421, 23.263], [92.422, 23.263], [92.422, 23.264], [92.423, 23.264], [92.423, 23.265], [92.424, 23.265], [92.424, 23.266], [92.424, 23.267], [92.425, 23.267], [92.425, 23.268], [92.426, 23.268], [92.426, 23.269], [92.427, 23.269], [92.427, 23.27], [92.427, 23.271], [92.428, 23.271], [92.428, 23.272], [92.429, 23.272], [92.429, 23.273], [92.43, 23.274], [92.431, 23.274], [92.432, 23.275], [92.433, 23.275], [92.433, 23.276], [92.434, 23.276], [92.435, 23.276], [92.436, 23.277], [92.437, 23.277], [92.437, 23.276], [92.437, 23.277], [92.438, 23.277], [92.438, 23.278], [92.437, 23.279], [92.437, 23.28], [92.436, 23.28], [92.435, 23.28], [92.434, 23.28], [92.434, 23.281], [92.433, 23.281], [92.433, 23.282], [92.433, 23.283], [92.433, 23.284], [92.433, 23.285], [92.434, 23.285], [92.434, 23.286], [92.435, 23.286], [92.436, 23.286], [92.437, 23.286], [92.438, 23.286], [92.438, 23.287], [92.439, 23.287], [92.44, 23.287], [92.441, 23.286], [92.442, 23.286], [92.443, 23.285], [92.444, 23.285], [92.445, 23.285], [92.446, 23.285], [92.447, 23.285], [92.448, 23.285], [92.449, 23.285], [92.45, 23.285], [92.451, 23.286], [92.452, 23.286], [92.452, 23.287], [92.452, 23.288], [92.452, 23.289], [92.452, 23.29], [92.452, 23.291], [92.452, 23.292], [92.452, 23.293], [92.452, 23.294], [92.452, 23.295], [92.453, 23.296], [92.453, 23.297], [92.453, 23.298], [92.453, 23.299], [92.454, 23.3], [92.455, 23.3], [92.455, 23.301], [92.456, 23.301], [92.456, 23.302], [92.456, 23.303], [92.456, 23.304], [92.456, 23.305], [92.457, 23.305], [92.457, 23.306], [92.457, 23.307], [92.458, 23.307], [92.459, 23.308], [92.459, 23.309], [92.459, 23.31], [92.459, 23.311], [92.46, 23.311], [92.46, 23.312], [92.46, 23.313], [92.461, 23.313], [92.461, 23.314], [92.461, 23.315], [92.461, 23.316], [92.46, 23.316], [92.46, 23.317], [92.461, 23.318], [92.461, 23.319], [92.462, 23.319], [92.463, 23.319], [92.464, 23.319], [92.465, 23.32], [92.466, 23.32], [92.467, 23.32], [92.467, 23.319], [92.468, 23.319], [92.469, 23.32], [92.47, 23.32], [92.47, 23.321], [92.47, 23.322], [92.471, 23.322], [92.471, 23.323], [92.471, 23.324], [92.471, 23.325], [92.471, 23.326], [92.47, 23.327], [92.47, 23.328], [92.47, 23.329], [92.47, 23.33], [92.469, 23.33], [92.469, 23.331], [92.469, 23.332], [92.468, 23.333], [92.468, 23.334], [92.468, 23.335], [92.468, 23.336], [92.469, 23.337], [92.469, 23.338], [92.469, 23.339], [92.469, 23.34], [92.468, 23.34], [92.468, 23.341], [92.467, 23.341], [92.467, 23.342], [92.467, 23.343], [92.467, 23.344], [92.466, 23.344], [92.465, 23.344], [92.464, 23.345], [92.464, 23.346], [92.464, 23.347], [92.463, 23.347], [92.462, 23.347], [92.461, 23.347], [92.461, 23.348], [92.46, 23.348], [92.46, 23.349], [92.46, 23.35], [92.461, 23.35], [92.461, 23.351], [92.462, 23.351], [92.461, 23.351], [92.461, 23.352], [92.461, 23.353], [92.461, 23.354], [92.461, 23.355], [92.46, 23.355], [92.46, 23.356], [92.46, 23.357], [92.46, 23.358], [92.461, 23.358], [92.462, 23.358], [92.462, 23.357], [92.463, 23.357], [92.463, 23.356], [92.463, 23.355], [92.464, 23.355], [92.465, 23.356], [92.465, 23.357], [92.465, 23.358], [92.465, 23.359], [92.465, 23.36], [92.464, 23.36], [92.463, 23.36], [92.462, 23.36], [92.461, 23.36], [92.46, 23.36], [92.459, 23.36], [92.458, 23.36], [92.458, 23.361], [92.458, 23.362], [92.457, 23.362], [92.457, 23.363], [92.457, 23.364], [92.456, 23.364], [92.455, 23.364], [92.455, 23.365], [92.456, 23.365], [92.456, 23.366], [92.457, 23.366], [92.457, 23.367], [92.458, 23.368], [92.458, 23.369], [92.458, 23.37], [92.459, 23.37], [92.459, 23.371], [92.459, 23.372], [92.459, 23.373], [92.46, 23.374], [92.46, 23.375], [92.46, 23.376], [92.459, 23.376], [92.458, 23.376], [92.457, 23.377], [92.457, 23.378], [92.457, 23.379], [92.457, 23.38], [92.456, 23.38], [92.456, 23.381], [92.457, 23.381], [92.457, 23.382], [92.458, 23.382], [92.459, 23.383], [92.46, 23.384], [92.461, 23.385], [92.462, 23.385], [92.462, 23.386], [92.462, 23.387], [92.462, 23.388], [92.462, 23.389], [92.462, 23.39], [92.463, 23.391], [92.464, 23.391], [92.464, 23.392], [92.465, 23.392], [92.466, 23.392], [92.467, 23.391], [92.468, 23.391], [92.468, 23.392], [92.469, 23.392], [92.469, 23.393], [92.47, 23.393], [92.471, 23.394], [92.471, 23.393], [92.472, 23.393], [92.473, 23.393], [92.474, 23.393], [92.474, 23.394], [92.475, 23.394], [92.476, 23.393], [92.476, 23.392], [92.476, 23.391], [92.477, 23.391], [92.477, 23.39], [92.478, 23.39], [92.479, 23.39], [92.479, 23.389], [92.48, 23.389], [92.48, 23.388], [92.48, 23.387], [92.481, 23.387], [92.481, 23.386], [92.481, 23.385], [92.482, 23.384], [92.483, 23.384], [92.484, 23.384], [92.485, 23.384], [92.486, 23.384], [92.486, 23.383], [92.487, 23.383], [92.488, 23.383], [92.489, 23.383], [92.489, 23.382], [92.49, 23.382], [92.491, 23.382], [92.491, 23.383], [92.491, 23.384], [92.492, 23.384], [92.492, 23.385], [92.493, 23.385], [92.493, 23.386], [92.494, 23.387], [92.494, 23.388], [92.494, 23.389], [92.494, 23.39], [92.493, 23.39], [92.493, 23.391], [92.492, 23.391], [92.492, 23.392], [92.492, 23.393], [92.493, 23.393], [92.494, 23.392], [92.495, 23.392], [92.495, 23.393], [92.495, 23.392], [92.496, 23.392], [92.497, 23.392], [92.498, 23.391], [92.499, 23.391], [92.5, 23.391], [92.5, 23.39], [92.501, 23.39], [92.501, 23.389], [92.501, 23.388], [92.501, 23.387], [92.502, 23.387], [92.503, 23.387], [92.503, 23.386], [92.503, 23.385], [92.504, 23.385], [92.505, 23.385], [92.506, 23.384], [92.507, 23.384], [92.508, 23.383], [92.508, 23.382], [92.508, 23.381], [92.509, 23.381], [92.509, 23.38], [92.51, 23.38], [92.51, 23.379], [92.511, 23.379], [92.512, 23.379], [92.513, 23.379], [92.514, 23.379], [92.515, 23.379], [92.515, 23.38], [92.516, 23.38], [92.517, 23.38], [92.518, 23.38], [92.519, 23.381], [92.52, 23.381], [92.521, 23.381], [92.522, 23.382], [92.523, 23.381], [92.524, 23.381], [92.525, 23.381], [92.526, 23.381], [92.527, 23.381], [92.528, 23.381], [92.53, 23.381], [92.53, 23.38], [92.531, 23.38], [92.532, 23.38], [92.533, 23.38], [92.533, 23.381], [92.534, 23.381], [92.535, 23.382], [92.536, 23.382], [92.537, 23.382], [92.538, 23.382], [92.538, 23.383], [92.539, 23.383], [92.54, 23.383], [92.541, 23.383], [92.541, 23.382], [92.542, 23.382], [92.543, 23.382], [92.543, 23.381], [92.544, 23.381], [92.545, 23.381], [92.545, 23.38], [92.546, 23.38], [92.546, 23.379], [92.547, 23.378], [92.547, 23.377], [92.548, 23.377], [92.549, 23.377], [92.55, 23.378], [92.551, 23.378], [92.551, 23.377], [92.552, 23.376], [92.552, 23.375], [92.553, 23.374], [92.553, 23.373], [92.553, 23.372], [92.554, 23.372], [92.554, 23.371], [92.555, 23.371], [92.555, 23.37], [92.556, 23.37], [92.557, 23.37], [92.558, 23.37], [92.559, 23.371], [92.559, 23.372], [92.56, 23.372], [92.56, 23.371], [92.561, 23.371], [92.562, 23.371], [92.562, 23.372], [92.563, 23.372], [92.563, 23.373], [92.563, 23.374], [92.563, 23.375], [92.564, 23.376], [92.564, 23.377], [92.564, 23.378], [92.564, 23.379], [92.565, 23.379], [92.565, 23.38], [92.566, 23.38], [92.567, 23.38], [92.568, 23.38], [92.569, 23.38], [92.57, 23.38], [92.571, 23.38], [92.572, 23.38], [92.573, 23.379], [92.574, 23.379], [92.574, 23.378], [92.575, 23.378], [92.576, 23.379], [92.577, 23.379], [92.577, 23.38], [92.578, 23.38], [92.579, 23.379], [92.58, 23.379], [92.581, 23.38], [92.582, 23.381], [92.583, 23.381], [92.584, 23.382], [92.585, 23.382], [92.585, 23.383], [92.585, 23.384], [92.584, 23.384], [92.584, 23.385], [92.585, 23.385], [92.586, 23.385], [92.586, 23.386], [92.586, 23.387], [92.587, 23.388], [92.587, 23.389], [92.586, 23.39], [92.587, 23.39], [92.587, 23.391], [92.588, 23.391], [92.588, 23.392], [92.588, 23.393], [92.587, 23.393], [92.587, 23.394], [92.587, 23.395], [92.586, 23.396], [92.586, 23.397], [92.587, 23.397], [92.587, 23.398], [92.586, 23.398], [92.586, 23.399], [92.587, 23.399], [92.587, 23.4], [92.587, 23.401], [92.586, 23.401], [92.586, 23.402], [92.585, 23.402], [92.584, 23.402], [92.584, 23.403], [92.584, 23.404], [92.585, 23.404], [92.586, 23.404], [92.586, 23.405], [92.586, 23.406], [92.587, 23.406], [92.587, 23.405], [92.588, 23.405], [92.588, 23.406], [92.588, 23.407], [92.589, 23.407], [92.59, 23.407], [92.591, 23.407], [92.592, 23.407], [92.593, 23.407], [92.593, 23.406], [92.594, 23.406], [92.594, 23.405], [92.595, 23.405], [92.596, 23.405], [92.596, 23.404], [92.597, 23.404], [92.597, 23.403], [92.598, 23.403], [92.598, 23.402], [92.599, 23.402], [92.599, 23.401], [92.6, 23.401], [92.6, 23.4], [92.601, 23.4], [92.601, 23.399], [92.6, 23.399], [92.6, 23.398], [92.601, 23.398], [92.602, 23.398], [92.603, 23.398], [92.604, 23.398], [92.605, 23.398], [92.606, 23.398], [92.606, 23.397], [92.607, 23.397], [92.607, 23.396], [92.608, 23.396], [92.609, 23.396], [92.61, 23.396], [92.61, 23.395], [92.611, 23.395], [92.612, 23.395], [92.612, 23.394], [92.613, 23.394], [92.614, 23.394], [92.614, 23.393], [92.614, 23.392], [92.615, 23.392], [92.615, 23.391], [92.615, 23.39], [92.615, 23.389], [92.615, 23.388], [92.616, 23.388], [92.616, 23.387], [92.616, 23.386], [92.618, 23.387], [92.619, 23.387], [92.62, 23.387], [92.62, 23.388], [92.621, 23.389], [92.622, 23.389], [92.622, 23.39], [92.623, 23.39], [92.624, 23.39], [92.626, 23.39], [92.627, 23.392], [92.628, 23.392], [92.629, 23.393], [92.63, 23.392], [92.631, 23.392], [92.631, 23.393], [92.632, 23.393], [92.633, 23.393], [92.634, 23.393], [92.635, 23.393], [92.636, 23.393], [92.637, 23.393], [92.637, 23.392], [92.638, 23.392], [92.639, 23.392], [92.639, 23.391], [92.639, 23.39], [92.639, 23.389], [92.639, 23.388], [92.639, 23.387], [92.639, 23.386], [92.64, 23.386], [92.64, 23.385], [92.641, 23.385], [92.642, 23.385], [92.642, 23.384], [92.643, 23.384], [92.644, 23.384], [92.645, 23.384], [92.646, 23.384], [92.647, 23.384], [92.647, 23.385], [92.648, 23.385], [92.648, 23.384], [92.649, 23.384], [92.65, 23.384], [92.651, 23.384], [92.652, 23.384], [92.653, 23.384], [92.654, 23.384], [92.655, 23.384], [92.656, 23.384], [92.656, 23.383], [92.657, 23.383], [92.657, 23.384], [92.658, 23.384], [92.659, 23.383], [92.66, 23.383], [92.661, 23.383], [92.662, 23.383], [92.663, 23.383], [92.664, 23.383], [92.664, 23.382], [92.665, 23.382], [92.666, 23.382], [92.667, 23.382], [92.667, 23.383], [92.668, 23.383], [92.668, 23.384], [92.668, 23.385], [92.669, 23.385]]]}, "properties": {"OBJECTID": 5897, "stcode11": "15", "dtcode11": "286", "sdtcode11": "01912", "stname": "MIZORAM", "dtname": "Lunglei", "sdtname": "West Bunghmun", "subdt_lgd": 1912, "dist_lgd": 265, "state_lgd": 15, "shape_Length": 249431.40787745296, "shape_Area": 1360882764.813215, "st_area_sh": 0, "st_length_": 0, "remarks": "", "ac_no": null, "test": 5902}}, {"type": "Feature", "geometry": {"type": "Polygon", "coordinates": [[[92.719, 23.007], [92.719, 23.006], [92.719, 23.005], [92.72, 23.005], [92.72, 23.004], [92.721, 23.004], [92.721, 23.003], [92.721, 23.002], [92.721, 23.001], [92.722, 23.001], [92.722, 23.0], [92.722, 22.999], [92.722, 22.998], [92.721, 22.997], [92.722, 22.997], [92.722, 22.996], [92.723, 22.996], [92.723, 22.995], [92.723, 22.994], [92.722, 22.994], [92.722, 22.993], [92.722, 22.992], [92.722, 22.991], [92.721, 22.991], [92.721, 22.99], [92.721, 22.989], [92.721, 22.988], [92.721, 22.987], [92.721, 22.986], [92.721, 22.985], [92.721, 22.984], [92.721, 22.983], [92.721, 22.982], [92.721, 22.981], [92.721, 22.98], [92.72, 22.98], [92.721, 22.98], [92.721, 22.979], [92.721, 22.978], [92.722, 22.977], [92.722, 22.976], [92.722, 22.975], [92.722, 22.974], [92.721, 22.974], [92.721, 22.973], [92.722, 22.973], [92.722, 22.972], [92.722, 22.971], [92.721, 22.97], [92.72, 22.969], [92.72, 22.968], [92.721, 22.967], [92.721, 22.966], [92.721, 22.965], [92.721, 22.964], [92.721, 22.963], [92.722, 22.963], [92.722, 22.962], [92.722, 22.961], [92.721, 22.961], [92.721, 22.96], [92.721, 22.959], [92.721, 22.958], [92.721, 22.957], [92.72, 22.956], [92.721, 22.955], [92.721, 22.954], [92.722, 22.953], [92.721, 22.952], [92.721, 22.951], [92.721, 22.95], [92.722, 22.95], [92.721, 22.949], [92.72, 22.95], [92.72, 22.949], [92.72, 22.948], [92.72, 22.947], [92.721, 22.947], [92.722, 22.947], [92.721, 22.947], [92.72, 22.946], [92.72, 22.947], [92.719, 22.946], [92.719, 22.945], [92.72, 22.945], [92.721, 22.945], [92.721, 22.944], [92.722, 22.944], [92.722, 22.943], [92.723, 22.942], [92.723, 22.941], [92.723, 22.94], [92.724, 22.94], [92.724, 22.939], [92.725, 22.939], [92.725, 22.938], [92.724, 22.937], [92.724, 22.936], [92.724, 22.935], [92.725, 22.935], [92.725, 22.934], [92.724, 22.933], [92.725, 22.933], [92.726, 22.932], [92.726, 22.931], [92.726, 22.93], [92.726, 22.929], [92.726, 22.928], [92.727, 22.928], [92.727, 22.927], [92.727, 22.926], [92.727, 22.925], [92.726, 22.925], [92.726, 22.924], [92.726, 22.923], [92.726, 22.922], [92.727, 22.922], [92.727, 22.921], [92.728, 22.921], [92.728, 22.92], [92.728, 22.919], [92.727, 22.919], [92.727, 22.918], [92.727, 22.917], [92.727, 22.916], [92.728, 22.915], [92.728, 22.914], [92.728, 22.913], [92.728, 22.912], [92.728, 22.911], [92.729, 22.91], [92.73, 22.909], [92.73, 22.908], [92.729, 22.908], [92.729, 22.907], [92.728, 22.906], [92.728, 22.905], [92.728, 22.904], [92.728, 22.903], [92.728, 22.902], [92.728, 22.901], [92.728, 22.9], [92.728, 22.899], [92.729, 22.899], [92.729, 22.898], [92.729, 22.897], [92.73, 22.896], [92.73, 22.895], [92.73, 22.893], [92.731, 22.893], [92.731, 22.892], [92.731, 22.891], [92.731, 22.89], [92.732, 22.889], [92.732, 22.888], [92.732, 22.887], [92.731, 22.886], [92.731, 22.885], [92.731, 22.884], [92.732, 22.884], [92.732, 22.881], [92.733, 22.879], [92.733, 22.878], [92.734, 22.878], [92.734, 22.877], [92.735, 22.876], [92.735, 22.875], [92.735, 22.874], [92.736, 22.874], [92.736, 22.873], [92.737, 22.873], [92.736, 22.872], [92.736, 22.871], [92.736, 22.87], [92.736, 22.869], [92.736, 22.868], [92.736, 22.867], [92.736, 22.866], [92.735, 22.866], [92.734, 22.865], [92.734, 22.864], [92.733, 22.864], [92.732, 22.864], [92.731, 22.864], [92.73, 22.864], [92.73, 22.863], [92.731, 22.863], [92.731, 22.862], [92.731, 22.861], [92.731, 22.86], [92.731, 22.859], [92.732, 22.859], [92.732, 22.858], [92.732, 22.857], [92.732, 22.856], [92.733, 22.855], [92.735, 22.854], [92.736, 22.853], [92.737, 22.852], [92.738, 22.85], [92.739, 22.849], [92.739, 22.848], [92.739, 22.847], [92.738, 22.847], [92.738, 22.846], [92.739, 22.846], [92.739, 22.845], [92.739, 22.844], [92.74, 22.844], [92.74, 22.843], [92.74, 22.842], [92.74, 22.841], [92.741, 22.84], [92.741, 22.839], [92.741, 22.838], [92.741, 22.837], [92.74, 22.837], [92.739, 22.837], [92.74, 22.836], [92.74, 22.835], [92.741, 22.835], [92.742, 22.835], [92.742, 22.834], [92.743, 22.834], [92.743, 22.833], [92.743, 22.832], [92.744, 22.831], [92.744, 22.83], [92.745, 22.83], [92.745, 22.829], [92.746, 22.829], [92.746, 22.828], [92.746, 22.827], [92.747, 22.826], [92.746, 22.826], [92.746, 22.825], [92.746, 22.824], [92.747, 22.824], [92.747, 22.823], [92.747, 22.822], [92.747, 22.821], [92.746, 22.821], [92.746, 22.82], [92.746, 22.819], [92.746, 22.818], [92.746, 22.817], [92.746, 22.816], [92.746, 22.815], [92.746, 22.814], [92.745, 22.813], [92.746, 22.813], [92.746, 22.812], [92.746, 22.811], [92.746, 22.81], [92.747, 22.809], [92.747, 22.808], [92.747, 22.807], [92.747, 22.806], [92.747, 22.805], [92.747, 22.804], [92.747, 22.803], [92.747, 22.802], [92.748, 22.802], [92.748, 22.801], [92.748, 22.8], [92.747, 22.799], [92.747, 22.798], [92.747, 22.797], [92.748, 22.796], [92.748, 22.795], [92.748, 22.794], [92.749, 22.793], [92.75, 22.792], [92.751, 22.792], [92.752, 22.791], [92.753, 22.791], [92.754, 22.79], [92.755, 22.789], [92.755, 22.788], [92.756, 22.788], [92.756, 22.787], [92.756, 22.786], [92.757, 22.786], [92.757, 22.785], [92.757, 22.784], [92.757, 22.783], [92.758, 22.783], [92.757, 22.783], [92.757, 22.782], [92.758, 22.782], [92.759, 22.781], [92.758, 22.78], [92.757, 22.78], [92.757, 22.779], [92.758, 22.779], [92.758, 22.778], [92.758, 22.777], [92.759, 22.776], [92.758, 22.775], [92.758, 22.774], [92.758, 22.773], [92.758, 22.772], [92.757, 22.772], [92.756, 22.772], [92.755, 22.772], [92.755, 22.771], [92.754, 22.771], [92.754, 22.77], [92.754, 22.769], [92.753, 22.769], [92.753, 22.768], [92.752, 22.768], [92.752, 22.767], [92.753, 22.767], [92.753, 22.766], [92.754, 22.765], [92.754, 22.764], [92.754, 22.763], [92.754, 22.762], [92.755, 22.761], [92.755, 22.76], [92.755, 22.759], [92.755, 22.758], [92.754, 22.758], [92.755, 22.757], [92.756, 22.757], [92.757, 22.757], [92.758, 22.757], [92.759, 22.757], [92.76, 22.756], [92.759, 22.756], [92.758, 22.756], [92.759, 22.755], [92.759, 22.754], [92.76, 22.754], [92.761, 22.754], [92.762, 22.754], [92.762, 22.753], [92.761, 22.753], [92.761, 22.752], [92.762, 22.751], [92.763, 22.751], [92.763, 22.75], [92.764, 22.75], [92.764, 22.749], [92.764, 22.748], [92.765, 22.748], [92.765, 22.747], [92.764, 22.746], [92.764, 22.745], [92.765, 22.745], [92.765, 22.744], [92.765, 22.743], [92.766, 22.742], [92.767, 22.741], [92.767, 22.74], [92.766, 22.74], [92.766, 22.739], [92.767, 22.739], [92.767, 22.738], [92.767, 22.737], [92.767, 22.736], [92.767, 22.735], [92.766, 22.735], [92.766, 22.734], [92.765, 22.734], [92.765, 22.733], [92.764, 22.732], [92.763, 22.731], [92.764, 22.731], [92.764, 22.73], [92.765, 22.73], [92.765, 22.729], [92.765, 22.728], [92.765, 22.727], [92.766, 22.727], [92.766, 22.728], [92.767, 22.728], [92.767, 22.727], [92.767, 22.726], [92.768, 22.726], [92.769, 22.726], [92.77, 22.726], [92.771, 22.726], [92.772, 22.725], [92.773, 22.725], [92.774, 22.724], [92.775, 22.724], [92.776, 22.724], [92.776, 22.723], [92.777, 22.723], [92.776, 22.723], [92.776, 22.722], [92.776, 22.721], [92.776, 22.72], [92.777, 22.719], [92.777, 22.718], [92.778, 22.718], [92.778, 22.717], [92.779, 22.716], [92.779, 22.715], [92.779, 22.714], [92.779, 22.713], [92.779, 22.712], [92.779, 22.711], [92.778, 22.711], [92.777, 22.711], [92.776, 22.71], [92.776, 22.709], [92.775, 22.709], [92.774, 22.708], [92.774, 22.707], [92.773, 22.706], [92.773, 22.705], [92.774, 22.705], [92.775, 22.704], [92.775, 22.703], [92.775, 22.702], [92.775, 22.701], [92.774, 22.701], [92.774, 22.7], [92.774, 22.699], [92.774, 22.698], [92.774, 22.697], [92.774, 22.696], [92.773, 22.696], [92.773, 22.695], [92.772, 22.695], [92.771, 22.695], [92.77, 22.695], [92.768, 22.695], [92.767, 22.695], [92.766, 22.694], [92.765, 22.694], [92.764, 22.693], [92.764, 22.692], [92.765, 22.692], [92.766, 22.692], [92.767, 22.691], [92.768, 22.691], [92.769, 22.691], [92.77, 22.691], [92.769, 22.691], [92.769, 22.69], [92.768, 22.69], [92.768, 22.689], [92.769, 22.689], [92.77, 22.689], [92.77, 22.688], [92.77, 22.687], [92.77, 22.686], [92.769, 22.685], [92.769, 22.684], [92.77, 22.683], [92.771, 22.683], [92.771, 22.682], [92.77, 22.681], [92.77, 22.68], [92.77, 22.679], [92.771, 22.678], [92.772, 22.677], [92.772, 22.676], [92.772, 22.675], [92.772, 22.674], [92.772, 22.673], [92.772, 22.672], [92.773, 22.671], [92.773, 22.67], [92.772, 22.67], [92.771, 22.669], [92.77, 22.669], [92.77, 22.668], [92.77, 22.667], [92.77, 22.666], [92.77, 22.665], [92.77, 22.664], [92.771, 22.664], [92.772, 22.664], [92.772, 22.665], [92.773, 22.665], [92.773, 22.664], [92.772, 22.663], [92.771, 22.662], [92.77, 22.661], [92.77, 22.66], [92.771, 22.66], [92.772, 22.66], [92.772, 22.659], [92.773, 22.659], [92.774, 22.658], [92.774, 22.657], [92.774, 22.655], [92.773, 22.655], [92.773, 22.654], [92.773, 22.653], [92.773, 22.652], [92.774, 22.651], [92.774, 22.65], [92.773, 22.649], [92.773, 22.648], [92.774, 22.646], [92.775, 22.645], [92.775, 22.644], [92.774, 22.643], [92.774, 22.642], [92.774, 22.641], [92.775, 22.639], [92.775, 22.638], [92.775, 22.637], [92.775, 22.636], [92.775, 22.634], [92.775, 22.632], [92.776, 22.631], [92.776, 22.63], [92.775, 22.629], [92.775, 22.628], [92.775, 22.627], [92.775, 22.626], [92.775, 22.625], [92.775, 22.624], [92.775, 22.623], [92.774, 22.623], [92.774, 22.622], [92.774, 22.621], [92.774, 22.62], [92.774, 22.619], [92.773, 22.618], [92.773, 22.617], [92.774, 22.616], [92.773, 22.616], [92.773, 22.615], [92.773, 22.614], [92.773, 22.613], [92.773, 22.612], [92.773, 22.609], [92.773, 22.608], [92.774, 22.608], [92.774, 22.607], [92.775, 22.607], [92.776, 22.607], [92.776, 22.606], [92.776, 22.605], [92.776, 22.604], [92.777, 22.604], [92.778, 22.604], [92.778, 22.603], [92.779, 22.602], [92.78, 22.601], [92.78, 22.602], [92.78, 22.603], [92.779, 22.603], [92.779, 22.604], [92.778, 22.605], [92.778, 22.606], [92.779, 22.607], [92.78, 22.606], [92.781, 22.606], [92.781, 22.607], [92.782, 22.607], [92.783, 22.607], [92.784, 22.607], [92.785, 22.608], [92.786, 22.608], [92.787, 22.608], [92.788, 22.608], [92.789, 22.608], [92.79, 22.608], [92.791, 22.608], [92.792, 22.608], [92.793, 22.608], [92.794, 22.607], [92.796, 22.606], [92.796, 22.605], [92.797, 22.603], [92.797, 22.602], [92.797, 22.601], [92.797, 22.6], [92.796, 22.599], [92.796, 22.598], [92.796, 22.597], [92.796, 22.595], [92.796, 22.594], [92.796, 22.593], [92.797, 22.593], [92.797, 22.592], [92.798, 22.592], [92.799, 22.591], [92.8, 22.591], [92.8, 22.59], [92.801, 22.589], [92.801, 22.588], [92.801, 22.587], [92.8, 22.586], [92.8, 22.585], [92.8, 22.584], [92.8, 22.583], [92.8, 22.581], [92.8, 22.58], [92.8, 22.579], [92.801, 22.578], [92.801, 22.577], [92.801, 22.576], [92.802, 22.575], [92.803, 22.574], [92.803, 22.573], [92.803, 22.572], [92.803, 22.571], [92.803, 22.57], [92.803, 22.569], [92.802, 22.568], [92.802, 22.567], [92.801, 22.567], [92.801, 22.566], [92.801, 22.565], [92.801, 22.564], [92.801, 22.563], [92.8, 22.562], [92.8, 22.561], [92.799, 22.561], [92.798, 22.56], [92.797, 22.56], [92.796, 22.559], [92.795, 22.558], [92.795, 22.557], [92.794, 22.557], [92.795, 22.556], [92.796, 22.555], [92.796, 22.554], [92.796, 22.553], [92.796, 22.552], [92.795, 22.551], [92.794, 22.55], [92.793, 22.549], [92.791, 22.548], [92.79, 22.548], [92.789, 22.548], [92.787, 22.547], [92.786, 22.547], [92.785, 22.547], [92.784, 22.547], [92.783, 22.546], [92.782, 22.546], [92.782, 22.545], [92.782, 22.544], [92.781, 22.544], [92.78, 22.543], [92.78, 22.542], [92.779, 22.542], [92.779, 22.541], [92.78, 22.541], [92.78, 22.54], [92.78, 22.539], [92.779, 22.538], [92.778, 22.538], [92.777, 22.537], [92.776, 22.537], [92.776, 22.536], [92.777, 22.536], [92.778, 22.536], [92.779, 22.536], [92.78, 22.535], [92.781, 22.535], [92.781, 22.534], [92.781, 22.533], [92.78, 22.533], [92.779, 22.533], [92.778, 22.533], [92.777, 22.534], [92.776, 22.534], [92.776, 22.533], [92.776, 22.532], [92.776, 22.531], [92.776, 22.53], [92.775, 22.53], [92.774, 22.529], [92.773, 22.528], [92.772, 22.528], [92.772, 22.527], [92.773, 22.527], [92.773, 22.526], [92.774, 22.525], [92.775, 22.525], [92.775, 22.524], [92.775, 22.523], [92.775, 22.522], [92.774, 22.521], [92.774, 22.519], [92.774, 22.518], [92.773, 22.517], [92.774, 22.517], [92.774, 22.516], [92.775, 22.516], [92.776, 22.516], [92.777, 22.516], [92.778, 22.516], [92.778, 22.515], [92.777, 22.515], [92.776, 22.514], [92.775, 22.514], [92.775, 22.513], [92.775, 22.512], [92.775, 22.511], [92.776, 22.511], [92.777, 22.509], [92.777, 22.508], [92.777, 22.507], [92.777, 22.506], [92.776, 22.505], [92.775, 22.504], [92.775, 22.503], [92.775, 22.502], [92.776, 22.501], [92.777, 22.5], [92.777, 22.499], [92.777, 22.498], [92.777, 22.497], [92.776, 22.497], [92.776, 22.498], [92.775, 22.498], [92.775, 22.499], [92.774, 22.499], [92.774, 22.5], [92.773, 22.501], [92.772, 22.501], [92.771, 22.501], [92.771, 22.502], [92.77, 22.502], [92.769, 22.503], [92.769, 22.502], [92.768, 22.502], [92.768, 22.501], [92.767, 22.501], [92.767, 22.5], [92.766, 22.5], [92.766, 22.499], [92.765, 22.499], [92.765, 22.498], [92.764, 22.498], [92.763, 22.498], [92.763, 22.497], [92.762, 22.498], [92.762, 22.497], [92.761, 22.497], [92.76, 22.497], [92.76, 22.498], [92.759, 22.498], [92.759, 22.499], [92.758, 22.499], [92.758, 22.5], [92.757, 22.5], [92.757, 22.499], [92.756, 22.499], [92.756, 22.5], [92.756, 22.501], [92.756, 22.502], [92.756, 22.503], [92.757, 22.504], [92.757, 22.505], [92.757, 22.506], [92.756, 22.506], [92.755, 22.506], [92.755, 22.507], [92.754, 22.508], [92.754, 22.509], [92.754, 22.51], [92.754, 22.511], [92.754, 22.512], [92.753, 22.512], [92.753, 22.513], [92.754, 22.513], [92.755, 22.514], [92.755, 22.515], [92.755, 22.516], [92.755, 22.517], [92.755, 22.518], [92.754, 22.518], [92.753, 22.518], [92.753, 22.519], [92.753, 22.52], [92.753, 22.521], [92.753, 22.522], [92.753, 22.523], [92.752, 22.524], [92.752, 22.525], [92.752, 22.526], [92.752, 22.527], [92.751, 22.527], [92.751, 22.528], [92.753, 22.529], [92.753, 22.53], [92.753, 22.531], [92.753, 22.532], [92.753, 22.533], [92.754, 22.533], [92.754, 22.534], [92.755, 22.534], [92.755, 22.535], [92.754, 22.536], [92.754, 22.537], [92.753, 22.538], [92.752, 22.539], [92.752, 22.54], [92.752, 22.541], [92.752, 22.542], [92.752, 22.543], [92.752, 22.544], [92.752, 22.545], [92.752, 22.546], [92.751, 22.546], [92.75, 22.546], [92.749, 22.546], [92.748, 22.546], [92.747, 22.546], [92.747, 22.547], [92.746, 22.548], [92.746, 22.549], [92.744, 22.55], [92.744, 22.551], [92.743, 22.551], [92.742, 22.553], [92.741, 22.554], [92.74, 22.554], [92.74, 22.555], [92.739, 22.555], [92.738, 22.556], [92.737, 22.557], [92.737, 22.558], [92.736, 22.559], [92.735, 22.56], [92.734, 22.56], [92.733, 22.56], [92.732, 22.56], [92.731, 22.56], [92.73, 22.56], [92.729, 22.561], [92.728, 22.561], [92.728, 22.562], [92.727, 22.562], [92.726, 22.563], [92.725, 22.563], [92.724, 22.563], [92.723, 22.564], [92.722, 22.564], [92.721, 22.564], [92.72, 22.564], [92.72, 22.565], [92.72, 22.567], [92.72, 22.568], [92.719, 22.568], [92.719, 22.569], [92.718, 22.569], [92.717, 22.569], [92.717, 22.57], [92.716, 22.57], [92.716, 22.571], [92.716, 22.572], [92.716, 22.573], [92.715, 22.573], [92.714, 22.573], [92.714, 22.574], [92.713, 22.574], [92.713, 22.575], [92.712, 22.575], [92.712, 22.576], [92.711, 22.576], [92.711, 22.577], [92.712, 22.577], [92.711, 22.577], [92.711, 22.578], [92.71, 22.579], [92.71, 22.578], [92.709, 22.578], [92.709, 22.579], [92.709, 22.58], [92.709, 22.581], [92.709, 22.582], [92.71, 22.582], [92.71, 22.583], [92.71, 22.584], [92.71, 22.585], [92.709, 22.586], [92.709, 22.585], [92.708, 22.585], [92.707, 22.584], [92.707, 22.583], [92.707, 22.582], [92.706, 22.582], [92.706, 22.583], [92.706, 22.584], [92.706, 22.585], [92.706, 22.586], [92.705, 22.586], [92.705, 22.585], [92.704, 22.585], [92.703, 22.585], [92.703, 22.586], [92.702, 22.586], [92.702, 22.585], [92.701, 22.585], [92.7, 22.585], [92.7, 22.586], [92.699, 22.586], [92.698, 22.586], [92.698, 22.587], [92.697, 22.587], [92.697, 22.588], [92.698, 22.588], [92.697, 22.589], [92.696, 22.59], [92.695, 22.591], [92.694, 22.591], [92.693, 22.591], [92.693, 22.592], [92.694, 22.592], [92.694, 22.593], [92.694, 22.594], [92.694, 22.595], [92.693, 22.595], [92.693, 22.596], [92.693, 22.597], [92.693, 22.598], [92.694, 22.598], [92.694, 22.599], [92.694, 22.6], [92.694, 22.601], [92.694, 22.602], [92.694, 22.603], [92.694, 22.604], [92.693, 22.604], [92.693, 22.605], [92.692, 22.606], [92.691, 22.607], [92.691, 22.608], [92.69, 22.61], [92.691, 22.611], [92.692, 22.611], [92.693, 22.611], [92.694, 22.611], [92.694, 22.612], [92.695, 22.612], [92.695, 22.613], [92.695, 22.614], [92.695, 22.615], [92.695, 22.616], [92.695, 22.617], [92.696, 22.617], [92.696, 22.618], [92.697, 22.619], [92.698, 22.619], [92.698, 22.62], [92.697, 22.621], [92.696, 22.621], [92.696, 22.622], [92.695, 22.622], [92.694, 22.622], [92.693, 22.622], [92.692, 22.623], [92.691, 22.623], [92.69, 22.624], [92.69, 22.623], [92.689, 22.623], [92.688, 22.623], [92.687, 22.623], [92.686, 22.623], [92.685, 22.623], [92.684, 22.623], [92.684, 22.624], [92.683, 22.624], [92.682, 22.624], [92.681, 22.624], [92.68, 22.624], [92.679, 22.624], [92.678, 22.624], [92.677, 22.625], [92.676, 22.625], [92.675, 22.625], [92.674, 22.625], [92.674, 22.624], [92.673, 22.624], [92.672, 22.624], [92.671, 22.624], [92.671, 22.623], [92.671, 22.624], [92.67, 22.624], [92.669, 22.624], [92.668, 22.624], [92.668, 22.623], [92.667, 22.623], [92.666, 22.622], [92.665, 22.622], [92.664, 22.622], [92.664, 22.621], [92.663, 22.621], [92.663, 22.62], [92.663, 22.619], [92.663, 22.618], [92.662, 22.618], [92.662, 22.617], [92.661, 22.617], [92.661, 22.618], [92.66, 22.618], [92.659, 22.618], [92.658, 22.618], [92.658, 22.619], [92.657, 22.62], [92.656, 22.62], [92.656, 22.621], [92.655, 22.621], [92.655, 22.622], [92.654, 22.621], [92.653, 22.621], [92.652, 22.621], [92.652, 22.62], [92.651, 22.62], [92.651, 22.621], [92.65, 22.62], [92.649, 22.62], [92.648, 22.62], [92.647, 22.62], [92.647, 22.619], [92.646, 22.62], [92.645, 22.621], [92.644, 22.621], [92.643, 22.621], [92.642, 22.621], [92.641, 22.622], [92.641, 22.623], [92.64, 22.624], [92.64, 22.625], [92.641, 22.625], [92.641, 22.626], [92.642, 22.627], [92.643, 22.628], [92.643, 22.629], [92.643, 22.63], [92.642, 22.631], [92.642, 22.632], [92.641, 22.632], [92.642, 22.632], [92.642, 22.633], [92.643, 22.632], [92.644, 22.632], [92.645, 22.631], [92.645, 22.632], [92.646, 22.632], [92.646, 22.633], [92.646, 22.634], [92.645, 22.634], [92.645, 22.635], [92.644, 22.636], [92.644, 22.637], [92.644, 22.638], [92.644, 22.639], [92.644, 22.64], [92.644, 22.641], [92.644, 22.642], [92.644, 22.643], [92.644, 22.644], [92.644, 22.646], [92.644, 22.647], [92.645, 22.647], [92.645, 22.648], [92.644, 22.648], [92.644, 22.649], [92.643, 22.649], [92.642, 22.649], [92.642, 22.65], [92.641, 22.65], [92.641, 22.651], [92.641, 22.652], [92.641, 22.653], [92.64, 22.653], [92.64, 22.654], [92.64, 22.655], [92.639, 22.655], [92.639, 22.656], [92.639, 22.657], [92.638, 22.657], [92.637, 22.657], [92.636, 22.657], [92.635, 22.657], [92.634, 22.657], [92.633, 22.657], [92.633, 22.658], [92.632, 22.658], [92.631, 22.658], [92.63, 22.658], [92.629, 22.658], [92.628, 22.658], [92.627, 22.659], [92.626, 22.66], [92.626, 22.661], [92.625, 22.662], [92.626, 22.663], [92.627, 22.663], [92.628, 22.663], [92.628, 22.664], [92.629, 22.664], [92.629, 22.665], [92.63, 22.666], [92.629, 22.667], [92.629, 22.668], [92.628, 22.669], [92.628, 22.67], [92.627, 22.671], [92.626, 22.671], [92.625, 22.671], [92.624, 22.671], [92.623, 22.671], [92.622, 22.67], [92.621, 22.671], [92.621, 22.67], [92.62, 22.67], [92.619, 22.67], [92.619, 22.671], [92.618, 22.671], [92.617, 22.672], [92.617, 22.673], [92.617, 22.674], [92.617, 22.675], [92.617, 22.676], [92.617, 22.677], [92.617, 22.678], [92.618, 22.679], [92.618, 22.68], [92.618, 22.681], [92.617, 22.681], [92.617, 22.682], [92.617, 22.683], [92.617, 22.684], [92.617, 22.685], [92.616, 22.685], [92.616, 22.684], [92.616, 22.683], [92.616, 22.682], [92.616, 22.681], [92.615, 22.68], [92.614, 22.679], [92.613, 22.679], [92.613, 22.68], [92.612, 22.68], [92.612, 22.681], [92.611, 22.681], [92.61, 22.681], [92.609, 22.681], [92.608, 22.682], [92.607, 22.682], [92.607, 22.683], [92.607, 22.684], [92.606, 22.685], [92.606, 22.686], [92.606, 22.687], [92.606, 22.688], [92.606, 22.689], [92.605, 22.689], [92.605, 22.69], [92.605, 22.691], [92.604, 22.692], [92.604, 22.693], [92.603, 22.693], [92.602, 22.694], [92.601, 22.694], [92.6, 22.694], [92.599, 22.695], [92.598, 22.695], [92.597, 22.695], [92.597, 22.696], [92.596, 22.697], [92.596, 22.698], [92.596, 22.699], [92.596, 22.7], [92.596, 22.701], [92.596, 22.702], [92.597, 22.703], [92.596, 22.703], [92.596, 22.704], [92.596, 22.705], [92.595, 22.706], [92.594, 22.707], [92.594, 22.708], [92.594, 22.709], [92.594, 22.71], [92.594, 22.711], [92.595, 22.711], [92.596, 22.712], [92.597, 22.712], [92.598, 22.713], [92.598, 22.714], [92.597, 22.715], [92.597, 22.716], [92.598, 22.717], [92.6, 22.717], [92.601, 22.718], [92.602, 22.719], [92.602, 22.72], [92.602, 22.721], [92.601, 22.721], [92.6, 22.721], [92.599, 22.721], [92.598, 22.722], [92.597, 22.722], [92.596, 22.723], [92.595, 22.724], [92.594, 22.725], [92.593, 22.726], [92.593, 22.727], [92.593, 22.728], [92.594, 22.728], [92.594, 22.729], [92.595, 22.729], [92.596, 22.73], [92.596, 22.731], [92.596, 22.732], [92.595, 22.732], [92.594, 22.732], [92.593, 22.732], [92.593, 22.731], [92.592, 22.731], [92.591, 22.731], [92.59, 22.731], [92.59, 22.732], [92.589, 22.733], [92.589, 22.734], [92.588, 22.735], [92.587, 22.736], [92.587, 22.737], [92.586, 22.737], [92.586, 22.738], [92.586, 22.739], [92.586, 22.74], [92.587, 22.741], [92.588, 22.741], [92.589, 22.742], [92.59, 22.742], [92.591, 22.743], [92.591, 22.744], [92.59, 22.745], [92.589, 22.745], [92.588, 22.745], [92.587, 22.745], [92.586, 22.745], [92.586, 22.746], [92.585, 22.747], [92.584, 22.748], [92.583, 22.749], [92.583, 22.75], [92.583, 22.751], [92.582, 22.751], [92.581, 22.752], [92.58, 22.753], [92.58, 22.754], [92.58, 22.755], [92.579, 22.755], [92.578, 22.755], [92.578, 22.754], [92.578, 22.753], [92.577, 22.752], [92.577, 22.751], [92.576, 22.751], [92.576, 22.75], [92.577, 22.75], [92.577, 22.749], [92.577, 22.748], [92.577, 22.747], [92.577, 22.746], [92.578, 22.745], [92.578, 22.744], [92.579, 22.743], [92.579, 22.742], [92.578, 22.742], [92.577, 22.741], [92.577, 22.74], [92.578, 22.74], [92.578, 22.739], [92.577, 22.739], [92.576, 22.739], [92.575, 22.738], [92.575, 22.737], [92.575, 22.736], [92.574, 22.736], [92.573, 22.736], [92.573, 22.735], [92.572, 22.735], [92.571, 22.735], [92.571, 22.734], [92.571, 22.733], [92.57, 22.733], [92.569, 22.732], [92.569, 22.733], [92.568, 22.733], [92.568, 22.732], [92.567, 22.732], [92.566, 22.732], [92.565, 22.732], [92.565, 22.733], [92.565, 22.734], [92.565, 22.735], [92.565, 22.736], [92.564, 22.736], [92.563, 22.737], [92.563, 22.738], [92.562, 22.738], [92.561, 22.738], [92.561, 22.739], [92.561, 22.74], [92.561, 22.741], [92.561, 22.742], [92.56, 22.742], [92.56, 22.743], [92.56, 22.745], [92.559, 22.745], [92.559, 22.746], [92.558, 22.746], [92.558, 22.747], [92.558, 22.748], [92.557, 22.748], [92.556, 22.748], [92.555, 22.748], [92.554, 22.748], [92.553, 22.748], [92.552, 22.749], [92.552, 22.75], [92.551, 22.75], [92.551, 22.751], [92.55, 22.751], [92.549, 22.751], [92.548, 22.752], [92.548, 22.753], [92.547, 22.754], [92.546, 22.754], [92.546, 22.755], [92.545, 22.755], [92.544, 22.756], [92.544, 22.757], [92.544, 22.758], [92.544, 22.759], [92.543, 22.759], [92.542, 22.759], [92.542, 22.76], [92.542, 22.761], [92.543, 22.762], [92.543, 22.763], [92.542, 22.763], [92.54, 22.762], [92.539, 22.762], [92.538, 22.762], [92.537, 22.762], [92.536, 22.761], [92.535, 22.76], [92.534, 22.76], [92.532, 22.759], [92.531, 22.759], [92.53, 22.759], [92.529, 22.758], [92.528, 22.757], [92.527, 22.757], [92.526, 22.757], [92.526, 22.758], [92.526, 22.759], [92.525, 22.76], [92.525, 22.761], [92.524, 22.761], [92.523, 22.762], [92.522, 22.762], [92.521, 22.762], [92.521, 22.761], [92.52, 22.762], [92.52, 22.761], [92.519, 22.761], [92.519, 22.76], [92.518, 22.76], [92.517, 22.76], [92.516, 22.759], [92.516, 22.758], [92.517, 22.758], [92.517, 22.757], [92.516, 22.756], [92.515, 22.755], [92.514, 22.755], [92.514, 22.754], [92.515, 22.754], [92.515, 22.753], [92.514, 22.753], [92.513, 22.753], [92.512, 22.752], [92.512, 22.751], [92.511, 22.75], [92.51, 22.75], [92.51, 22.751], [92.509, 22.75], [92.509, 22.749], [92.508, 22.749], [92.507, 22.749], [92.507, 22.748], [92.506, 22.747], [92.505, 22.747], [92.505, 22.746], [92.505, 22.745], [92.506, 22.745], [92.505, 22.745], [92.505, 22.744], [92.506, 22.743], [92.506, 22.742], [92.505, 22.742], [92.504, 22.742], [92.504, 22.741], [92.504, 22.74], [92.504, 22.739], [92.504, 22.738], [92.503, 22.738], [92.503, 22.737], [92.502, 22.737], [92.501, 22.737], [92.5, 22.738], [92.499, 22.738], [92.499, 22.739], [92.498, 22.739], [92.498, 22.74], [92.497, 22.74], [92.496, 22.74], [92.495, 22.74], [92.494, 22.74], [92.494, 22.741], [92.494, 22.742], [92.494, 22.743], [92.493, 22.743], [92.493, 22.742], [92.492, 22.742], [92.492, 22.741], [92.491, 22.741], [92.491, 22.742], [92.491, 22.743], [92.491, 22.744], [92.49, 22.745], [92.49, 22.746], [92.489, 22.746], [92.488, 22.746], [92.487, 22.746], [92.487, 22.747], [92.486, 22.747], [92.485, 22.747], [92.484, 22.747], [92.483, 22.747], [92.482, 22.747], [92.481, 22.747], [92.48, 22.746], [92.479, 22.746], [92.478, 22.746], [92.477, 22.745], [92.476, 22.745], [92.475, 22.746], [92.474, 22.746], [92.474, 22.747], [92.475, 22.747], [92.475, 22.748], [92.476, 22.748], [92.476, 22.749], [92.477, 22.75], [92.477, 22.751], [92.478, 22.751], [92.479, 22.751], [92.479, 22.752], [92.479, 22.753], [92.478, 22.754], [92.477, 22.754], [92.477, 22.755], [92.476, 22.755], [92.476, 22.756], [92.476, 22.757], [92.477, 22.757], [92.477, 22.758], [92.477, 22.759], [92.477, 22.76], [92.476, 22.76], [92.475, 22.76], [92.475, 22.759], [92.474, 22.759], [92.474, 22.76], [92.474, 22.761], [92.474, 22.762], [92.475, 22.762], [92.475, 22.763], [92.476, 22.763], [92.476, 22.764], [92.476, 22.765], [92.475, 22.765], [92.474, 22.765], [92.473, 22.765], [92.473, 22.766], [92.473, 22.767], [92.473, 22.768], [92.474, 22.769], [92.474, 22.77], [92.475, 22.77], [92.475, 22.771], [92.476, 22.771], [92.476, 22.772], [92.475, 22.773], [92.475, 22.774], [92.474, 22.775], [92.473, 22.775], [92.473, 22.776], [92.473, 22.777], [92.473, 22.778], [92.473, 22.779], [92.473, 22.78], [92.473, 22.781], [92.472, 22.781], [92.473, 22.782], [92.473, 22.783], [92.472, 22.784], [92.471, 22.784], [92.471, 22.783], [92.471, 22.782], [92.47, 22.782], [92.469, 22.782], [92.469, 22.783], [92.47, 22.784], [92.47, 22.785], [92.47, 22.786], [92.47, 22.787], [92.469, 22.787], [92.469, 22.788], [92.47, 22.788], [92.47, 22.789], [92.471, 22.789], [92.471, 22.79], [92.471, 22.791], [92.471, 22.792], [92.472, 22.792], [92.472, 22.793], [92.471, 22.794], [92.471, 22.795], [92.472, 22.795], [92.472, 22.796], [92.472, 22.797], [92.471, 22.798], [92.47, 22.799], [92.469, 22.799], [92.469, 22.8], [92.468, 22.8], [92.467, 22.8], [92.467, 22.801], [92.466, 22.801], [92.466, 22.802], [92.465, 22.802], [92.465, 22.803], [92.465, 22.804], [92.465, 22.805], [92.465, 22.806], [92.466, 22.806], [92.466, 22.807], [92.467, 22.807], [92.467, 22.808], [92.466, 22.809], [92.466, 22.81], [92.465, 22.81], [92.464, 22.811], [92.463, 22.811], [92.462, 22.811], [92.462, 22.81], [92.462, 22.809], [92.463, 22.808], [92.463, 22.807], [92.462, 22.807], [92.461, 22.807], [92.461, 22.808], [92.461, 22.809], [92.461, 22.81], [92.461, 22.811], [92.461, 22.812], [92.46, 22.813], [92.46, 22.814], [92.459, 22.814], [92.459, 22.815], [92.458, 22.816], [92.458, 22.817], [92.459, 22.817], [92.459, 22.818], [92.459, 22.819], [92.458, 22.819], [92.457, 22.819], [92.456, 22.819], [92.455, 22.819], [92.455, 22.818], [92.454, 22.819], [92.454, 22.82], [92.455, 22.82], [92.456, 22.82], [92.456, 22.821], [92.457, 22.821], [92.457, 22.822], [92.458, 22.822], [92.458, 22.823], [92.458, 22.824], [92.457, 22.824], [92.457, 22.825], [92.456, 22.825], [92.455, 22.825], [92.455, 22.826], [92.456, 22.826], [92.457, 22.826], [92.457, 22.827], [92.458, 22.827], [92.459, 22.828], [92.46, 22.828], [92.46, 22.829], [92.461, 22.829], [92.462, 22.83], [92.462, 22.831], [92.461, 22.831], [92.461, 22.832], [92.46, 22.833], [92.459, 22.834], [92.459, 22.835], [92.458, 22.836], [92.458, 22.837], [92.457, 22.838], [92.457, 22.839], [92.456, 22.839], [92.456, 22.84], [92.455, 22.84], [92.455, 22.841], [92.454, 22.841], [92.453, 22.841], [92.453, 22.842], [92.453, 22.843], [92.454, 22.843], [92.455, 22.843], [92.456, 22.843], [92.456, 22.842], [92.457, 22.842], [92.457, 22.841], [92.458, 22.841], [92.459, 22.841], [92.46, 22.841], [92.461, 22.841], [92.462, 22.841], [92.463, 22.841], [92.463, 22.842], [92.464, 22.842], [92.464, 22.843], [92.463, 22.843], [92.462, 22.843], [92.461, 22.844], [92.46, 22.844], [92.459, 22.844], [92.459, 22.845], [92.458, 22.845], [92.459, 22.846], [92.46, 22.846], [92.46, 22.847], [92.459, 22.847], [92.459, 22.848], [92.46, 22.848], [92.46, 22.849], [92.46, 22.85], [92.459, 22.85], [92.458, 22.85], [92.457, 22.85], [92.457, 22.851], [92.456, 22.851], [92.457, 22.851], [92.457, 22.852], [92.457, 22.853], [92.458, 22.853], [92.459, 22.853], [92.46, 22.853], [92.46, 22.852], [92.461, 22.852], [92.462, 22.852], [92.463, 22.853], [92.464, 22.853], [92.464, 22.854], [92.465, 22.854], [92.464, 22.855], [92.464, 22.856], [92.463, 22.856], [92.462, 22.857], [92.461, 22.857], [92.46, 22.858], [92.46, 22.859], [92.461, 22.86], [92.462, 22.861], [92.462, 22.862], [92.461, 22.862], [92.46, 22.862], [92.459, 22.862], [92.458, 22.861], [92.456, 22.861], [92.455, 22.861], [92.454, 22.861], [92.453, 22.861], [92.453, 22.862], [92.453, 22.863], [92.452, 22.863], [92.452, 22.864], [92.452, 22.865], [92.453, 22.866], [92.454, 22.867], [92.454, 22.868], [92.454, 22.869], [92.455, 22.87], [92.456, 22.87], [92.457, 22.87], [92.458, 22.87], [92.459, 22.87], [92.46, 22.87], [92.46, 22.871], [92.46, 22.872], [92.459, 22.872], [92.458, 22.873], [92.457, 22.873], [92.456, 22.873], [92.455, 22.874], [92.454, 22.874], [92.454, 22.875], [92.452, 22.875], [92.45, 22.876], [92.449, 22.876], [92.448, 22.877], [92.448, 22.878], [92.449, 22.878], [92.449, 22.88], [92.449, 22.881], [92.449, 22.882], [92.449, 22.883], [92.45, 22.885], [92.45, 22.886], [92.45, 22.887], [92.45, 22.888], [92.45, 22.889], [92.451, 22.89], [92.451, 22.891], [92.451, 22.892], [92.45, 22.893], [92.45, 22.894], [92.449, 22.895], [92.448, 22.896], [92.447, 22.897], [92.446, 22.897], [92.446, 22.896], [92.445, 22.896], [92.445, 22.895], [92.444, 22.894], [92.443, 22.893], [92.442, 22.892], [92.441, 22.891], [92.44, 22.89], [92.44, 22.889], [92.439, 22.888], [92.437, 22.886], [92.436, 22.885], [92.435, 22.885], [92.434, 22.885], [92.434, 22.886], [92.433, 22.886], [92.433, 22.887], [92.433, 22.888], [92.433, 22.889], [92.434, 22.891], [92.433, 22.891], [92.433, 22.892], [92.432, 22.893], [92.431, 22.894], [92.43, 22.894], [92.429, 22.895], [92.427, 22.896], [92.426, 22.897], [92.426, 22.898], [92.425, 22.9], [92.425, 22.901], [92.424, 22.902], [92.424, 22.903], [92.423, 22.904], [92.422, 22.905], [92.421, 22.907], [92.421, 22.908], [92.42, 22.91], [92.42, 22.911], [92.42, 22.912], [92.42, 22.913], [92.421, 22.914], [92.421, 22.915], [92.421, 22.916], [92.421, 22.917], [92.421, 22.918], [92.42, 22.918], [92.419, 22.919], [92.419, 22.918], [92.418, 22.918], [92.418, 22.917], [92.417, 22.917], [92.417, 22.916], [92.416, 22.915], [92.415, 22.914], [92.414, 22.914], [92.413, 22.914], [92.413, 22.913], [92.412, 22.913], [92.412, 22.914], [92.411, 22.914], [92.41, 22.915], [92.409, 22.916], [92.408, 22.917], [92.407, 22.918], [92.406, 22.918], [92.405, 22.918], [92.404, 22.918], [92.404, 22.917], [92.403, 22.917], [92.403, 22.916], [92.403, 22.915], [92.403, 22.914], [92.403, 22.913], [92.403, 22.912], [92.402, 22.912], [92.401, 22.912], [92.4, 22.912], [92.4, 22.913], [92.399, 22.913], [92.399, 22.914], [92.399, 22.915], [92.398, 22.915], [92.398, 22.916], [92.397, 22.917], [92.397, 22.918], [92.398, 22.918], [92.398, 22.919], [92.399, 22.92], [92.399, 22.921], [92.4, 22.921], [92.4, 22.922], [92.401, 22.923], [92.401, 22.924], [92.401, 22.925], [92.4, 22.925], [92.4, 22.926], [92.399, 22.927], [92.399, 22.928], [92.398, 22.929], [92.398, 22.93], [92.397, 22.93], [92.396, 22.93], [92.395, 22.93], [92.395, 22.931], [92.394, 22.931], [92.393, 22.931], [92.392, 22.931], [92.391, 22.93], [92.39, 22.93], [92.389, 22.93], [92.388, 22.929], [92.387, 22.929], [92.386, 22.929], [92.385, 22.929], [92.384, 22.929], [92.383, 22.929], [92.382, 22.929], [92.381, 22.929], [92.38, 22.929], [92.379, 22.929], [92.378, 22.929], [92.377, 22.929], [92.376, 22.929], [92.376, 22.93], [92.377, 22.931], [92.378, 22.932], [92.377, 22.932], [92.377, 22.933], [92.377, 22.934], [92.376, 22.934], [92.376, 22.935], [92.375, 22.935], [92.374, 22.935], [92.374, 22.934], [92.373, 22.935], [92.372, 22.935], [92.372, 22.936], [92.372, 22.937], [92.373, 22.937], [92.374, 22.937], [92.375, 22.937], [92.376, 22.937], [92.375, 22.937], [92.375, 22.938], [92.374, 22.938], [92.374, 22.939], [92.373, 22.939], [92.373, 22.94], [92.373, 22.941], [92.374, 22.941], [92.374, 22.942], [92.373, 22.943], [92.373, 22.944], [92.374, 22.944], [92.374, 22.945], [92.374, 22.946], [92.375, 22.946], [92.375, 22.947], [92.375, 22.948], [92.375, 22.947], [92.376, 22.947], [92.377, 22.947], [92.377, 22.948], [92.377, 22.949], [92.376, 22.949], [92.376, 22.95], [92.377, 22.951], [92.378, 22.951], [92.378, 22.952], [92.378, 22.953], [92.378, 22.954], [92.378, 22.955], [92.377, 22.955], [92.377, 22.956], [92.377, 22.955], [92.376, 22.955], [92.376, 22.954], [92.375, 22.953], [92.374, 22.953], [92.374, 22.954], [92.375, 22.954], [92.375, 22.955], [92.375, 22.956], [92.375, 22.957], [92.374, 22.957], [92.373, 22.958], [92.373, 22.959], [92.374, 22.959], [92.375, 22.959], [92.376, 22.959], [92.377, 22.959], [92.377, 22.96], [92.376, 22.96], [92.375, 22.96], [92.374, 22.961], [92.374, 22.962], [92.375, 22.963], [92.376, 22.963], [92.376, 22.964], [92.375, 22.964], [92.375, 22.965], [92.374, 22.966], [92.375, 22.966], [92.375, 22.967], [92.375, 22.968], [92.375, 22.969], [92.374, 22.97], [92.374, 22.971], [92.375, 22.971], [92.375, 22.972], [92.376, 22.972], [92.376, 22.973], [92.377, 22.973], [92.377, 22.974], [92.378, 22.975], [92.378, 22.976], [92.378, 22.977], [92.379, 22.977], [92.379, 22.976], [92.379, 22.975], [92.38, 22.975], [92.38, 22.976], [92.381, 22.976], [92.381, 22.977], [92.381, 22.978], [92.381, 22.979], [92.38, 22.979], [92.38, 22.98], [92.379, 22.98], [92.379, 22.981], [92.38, 22.981], [92.38, 22.982], [92.381, 22.982], [92.382, 22.982], [92.383, 22.982], [92.384, 22.982], [92.384, 22.983], [92.384, 22.984], [92.384, 22.985], [92.385, 22.985], [92.385, 22.986], [92.384, 22.987], [92.383, 22.987], [92.382, 22.987], [92.382, 22.988], [92.382, 22.989], [92.382, 22.99], [92.383, 22.99], [92.383, 22.991], [92.384, 22.991], [92.385, 22.991], [92.385, 22.992], [92.385, 22.993], [92.384, 22.994], [92.384, 22.995], [92.384, 22.996], [92.384, 22.997], [92.383, 22.997], [92.383, 22.998], [92.382, 22.998], [92.382, 22.999], [92.382, 23.0], [92.382, 23.001], [92.382, 23.002], [92.383, 23.002], [92.384, 23.003], [92.385, 23.003], [92.387, 23.004], [92.388, 23.005], [92.389, 23.005], [92.39, 23.005], [92.391, 23.005], [92.391, 23.004], [92.392, 23.004], [92.392, 23.003], [92.393, 23.003], [92.394, 23.002], [92.395, 23.002], [92.396, 23.002], [92.397, 23.001], [92.397, 23.0], [92.398, 23.0], [92.399, 23.001], [92.4, 23.0], [92.401, 23.0], [92.401, 23.001], [92.402, 23.001], [92.402, 23.002], [92.403, 23.002], [92.404, 23.003], [92.405, 23.003], [92.405, 23.002], [92.406, 23.002], [92.407, 23.002], [92.408, 23.001], [92.409, 23.001], [92.41, 23.001], [92.411, 23.001], [92.412, 23.001], [92.413, 23.002], [92.414, 23.002], [92.415, 23.003], [92.416, 23.003], [92.417, 23.003], [92.418, 23.004], [92.419, 23.004], [92.42, 23.003], [92.421, 23.003], [92.422, 23.004], [92.422, 23.005], [92.422, 23.006], [92.422, 23.007], [92.422, 23.008], [92.423, 23.009], [92.424, 23.01], [92.425, 23.01], [92.425, 23.011], [92.426, 23.011], [92.426, 23.012], [92.427, 23.012], [92.428, 23.012], [92.429, 23.011], [92.43, 23.011], [92.431, 23.01], [92.432, 23.01], [92.433, 23.01], [92.434, 23.01], [92.435, 23.01], [92.436, 23.01], [92.437, 23.01], [92.438, 23.01], [92.439, 23.01], [92.44, 23.011], [92.441, 23.011], [92.442, 23.01], [92.443, 23.01], [92.443, 23.011], [92.444, 23.011], [92.444, 23.01], [92.445, 23.01], [92.446, 23.009], [92.446, 23.01], [92.447, 23.009], [92.448, 23.009], [92.449, 23.009], [92.449, 23.01], [92.45, 23.009], [92.45, 23.01], [92.45, 23.011], [92.451, 23.011], [92.451, 23.01], [92.452, 23.01], [92.453, 23.01], [92.454, 23.01], [92.454, 23.011], [92.455, 23.012], [92.456, 23.011], [92.457, 23.011], [92.457, 23.012], [92.458, 23.013], [92.458, 23.014], [92.458, 23.015], [92.458, 23.016], [92.458, 23.017], [92.458, 23.018], [92.459, 23.018], [92.458, 23.018], [92.458, 23.019], [92.457, 23.019], [92.456, 23.02], [92.455, 23.02], [92.455, 23.021], [92.455, 23.022], [92.455, 23.023], [92.455, 23.024], [92.454, 23.024], [92.454, 23.025], [92.455, 23.025], [92.454, 23.025], [92.454, 23.026], [92.455, 23.026], [92.455, 23.027], [92.454, 23.027], [92.453, 23.027], [92.453, 23.028], [92.454, 23.029], [92.455, 23.029], [92.455, 23.03], [92.456, 23.03], [92.457, 23.03], [92.458, 23.031], [92.459, 23.031], [92.46, 23.031], [92.461, 23.031], [92.46, 23.031], [92.46, 23.032], [92.461, 23.032], [92.461, 23.033], [92.461, 23.034], [92.461, 23.035], [92.462, 23.035], [92.463, 23.035], [92.463, 23.036], [92.464, 23.036], [92.465, 23.036], [92.466, 23.036], [92.467, 23.036], [92.468, 23.036], [92.469, 23.037], [92.47, 23.037], [92.471, 23.038], [92.472, 23.038], [92.473, 23.038], [92.474, 23.038], [92.474, 23.039], [92.474, 23.04], [92.474, 23.041], [92.475, 23.041], [92.476, 23.04], [92.477, 23.04], [92.477, 23.039], [92.478, 23.038], [92.478, 23.037], [92.479, 23.036], [92.479, 23.035], [92.48, 23.034], [92.481, 23.033], [92.481, 23.032], [92.482, 23.032], [92.483, 23.033], [92.484, 23.033], [92.485, 23.033], [92.486, 23.032], [92.487, 23.032], [92.488, 23.032], [92.489, 23.032], [92.489, 23.033], [92.489, 23.034], [92.488, 23.034], [92.488, 23.035], [92.488, 23.036], [92.489, 23.036], [92.49, 23.036], [92.491, 23.037], [92.491, 23.038], [92.492, 23.038], [92.493, 23.038], [92.493, 23.039], [92.494, 23.039], [92.495, 23.04], [92.496, 23.04], [92.497, 23.041], [92.498, 23.042], [92.498, 23.043], [92.499, 23.044], [92.5, 23.045], [92.5, 23.046], [92.501, 23.046], [92.502, 23.047], [92.503, 23.048], [92.502, 23.048], [92.501, 23.048], [92.501, 23.049], [92.502, 23.049], [92.503, 23.049], [92.503, 23.05], [92.502, 23.05], [92.502, 23.051], [92.503, 23.051], [92.504, 23.051], [92.505, 23.051], [92.506, 23.051], [92.507, 23.051], [92.508, 23.051], [92.508, 23.052], [92.508, 23.053], [92.508, 23.054], [92.508, 23.055], [92.508, 23.056], [92.507, 23.056], [92.507, 23.057], [92.507, 23.058], [92.506, 23.058], [92.506, 23.059], [92.506, 23.06], [92.507, 23.06], [92.507, 23.061], [92.508, 23.061], [92.508, 23.062], [92.508, 23.063], [92.507, 23.064], [92.507, 23.065], [92.507, 23.066], [92.508, 23.067], [92.508, 23.068], [92.508, 23.069], [92.509, 23.07], [92.51, 23.07], [92.51, 23.071], [92.511, 23.071], [92.511, 23.07], [92.512, 23.07], [92.513, 23.07], [92.513, 23.069], [92.513, 23.068], [92.514, 23.068], [92.515, 23.068], [92.515, 23.067], [92.516, 23.067], [92.517, 23.067], [92.518, 23.067], [92.518, 23.066], [92.519, 23.066], [92.519, 23.065], [92.519, 23.064], [92.52, 23.064], [92.52, 23.063], [92.521, 23.063], [92.522, 23.063], [92.523, 23.063], [92.524, 23.063], [92.524, 23.062], [92.525, 23.062], [92.526, 23.062], [92.527, 23.062], [92.528, 23.062], [92.528, 23.063], [92.529, 23.062], [92.53, 23.062], [92.53, 23.061], [92.53, 23.062], [92.531, 23.062], [92.532, 23.062], [92.532, 23.061], [92.533, 23.061], [92.533, 23.06], [92.534, 23.06], [92.535, 23.06], [92.536, 23.06], [92.536, 23.059], [92.537, 23.059], [92.537, 23.06], [92.537, 23.061], [92.537, 23.062], [92.537, 23.063], [92.538, 23.063], [92.538, 23.064], [92.539, 23.064], [92.54, 23.064], [92.541, 23.064], [92.542, 23.064], [92.543, 23.064], [92.544, 23.064], [92.545, 23.064], [92.546, 23.065], [92.547, 23.065], [92.547, 23.066], [92.548, 23.067], [92.549, 23.067], [92.55, 23.068], [92.551, 23.068], [92.552, 23.069], [92.552, 23.07], [92.553, 23.07], [92.553, 23.071], [92.554, 23.071], [92.555, 23.071], [92.556, 23.071], [92.556, 23.07], [92.557, 23.07], [92.558, 23.071], [92.559, 23.071], [92.56, 23.071], [92.56, 23.072], [92.561, 23.072], [92.56, 23.072], [92.56, 23.073], [92.56, 23.074], [92.56, 23.075], [92.559, 23.076], [92.559, 23.077], [92.559, 23.078], [92.559, 23.079], [92.558, 23.08], [92.558, 23.081], [92.557, 23.081], [92.557, 23.082], [92.558, 23.083], [92.558, 23.084], [92.558, 23.085], [92.557, 23.086], [92.557, 23.087], [92.557, 23.088], [92.556, 23.089], [92.556, 23.09], [92.556, 23.091], [92.556, 23.092], [92.556, 23.093], [92.555, 23.093], [92.555, 23.094], [92.555, 23.095], [92.555, 23.096], [92.556, 23.096], [92.557, 23.096], [92.558, 23.097], [92.559, 23.097], [92.559, 23.098], [92.559, 23.099], [92.558, 23.099], [92.558, 23.1], [92.557, 23.1], [92.557, 23.101], [92.557, 23.102], [92.558, 23.102], [92.559, 23.102], [92.56, 23.102], [92.56, 23.103], [92.561, 23.103], [92.561, 23.104], [92.562, 23.104], [92.563, 23.104], [92.564, 23.104], [92.565, 23.104], [92.566, 23.104], [92.567, 23.104], [92.568, 23.104], [92.569, 23.104], [92.57, 23.104], [92.572, 23.103], [92.572, 23.102], [92.573, 23.102], [92.573, 23.101], [92.574, 23.101], [92.575, 23.101], [92.576, 23.101], [92.577, 23.101], [92.577, 23.1], [92.578, 23.1], [92.579, 23.1], [92.58, 23.1], [92.58, 23.101], [92.581, 23.101], [92.582, 23.101], [92.583, 23.101], [92.584, 23.101], [92.585, 23.1], [92.586, 23.1], [92.587, 23.1], [92.588, 23.099], [92.589, 23.099], [92.589, 23.098], [92.59, 23.097], [92.59, 23.096], [92.59, 23.095], [92.591, 23.094], [92.593, 23.093], [92.594, 23.093], [92.595, 23.093], [92.596, 23.093], [92.596, 23.092], [92.596, 23.091], [92.597, 23.091], [92.598, 23.091], [92.598, 23.092], [92.598, 23.093], [92.599, 23.093], [92.6, 23.093], [92.601, 23.093], [92.602, 23.094], [92.603, 23.094], [92.603, 23.095], [92.604, 23.095], [92.604, 23.096], [92.605, 23.097], [92.606, 23.097], [92.607, 23.097], [92.608, 23.097], [92.61, 23.097], [92.611, 23.097], [92.612, 23.097], [92.613, 23.097], [92.614, 23.097], [92.615, 23.097], [92.616, 23.097], [92.617, 23.097], [92.618, 23.096], [92.619, 23.096], [92.62, 23.096], [92.621, 23.096], [92.622, 23.096], [92.623, 23.096], [92.623, 23.097], [92.624, 23.097], [92.624, 23.098], [92.624, 23.099], [92.625, 23.1], [92.625, 23.099], [92.626, 23.099], [92.627, 23.099], [92.627, 23.098], [92.628, 23.098], [92.629, 23.098], [92.63, 23.098], [92.631, 23.098], [92.632, 23.098], [92.633, 23.098], [92.634, 23.097], [92.635, 23.097], [92.635, 23.098], [92.636, 23.098], [92.637, 23.098], [92.638, 23.098], [92.639, 23.098], [92.639, 23.099], [92.64, 23.099], [92.641, 23.099], [92.642, 23.098], [92.642, 23.099], [92.643, 23.099], [92.644, 23.099], [92.645, 23.099], [92.645, 23.098], [92.646, 23.098], [92.646, 23.097], [92.647, 23.096], [92.648, 23.096], [92.648, 23.095], [92.649, 23.095], [92.65, 23.094], [92.651, 23.094], [92.651, 23.093], [92.65, 23.092], [92.651, 23.092], [92.651, 23.091], [92.652, 23.091], [92.652, 23.09], [92.651, 23.089], [92.651, 23.088], [92.65, 23.088], [92.65, 23.089], [92.65, 23.088], [92.65, 23.087], [92.651, 23.087], [92.651, 23.086], [92.652, 23.086], [92.652, 23.085], [92.651, 23.085], [92.651, 23.084], [92.651, 23.083], [92.652, 23.082], [92.652, 23.081], [92.652, 23.08], [92.652, 23.078], [92.652, 23.077], [92.652, 23.076], [92.651, 23.076], [92.651, 23.075], [92.652, 23.075], [92.653, 23.075], [92.653, 23.074], [92.653, 23.071], [92.653, 23.07], [92.653, 23.069], [92.653, 23.068], [92.652, 23.069], [92.652, 23.07], [92.651, 23.069], [92.65, 23.069], [92.65, 23.068], [92.649, 23.068], [92.649, 23.067], [92.648, 23.067], [92.648, 23.066], [92.649, 23.065], [92.649, 23.064], [92.649, 23.063], [92.65, 23.062], [92.65, 23.061], [92.65, 23.06], [92.651, 23.059], [92.652, 23.059], [92.653, 23.059], [92.653, 23.058], [92.654, 23.058], [92.654, 23.057], [92.653, 23.057], [92.653, 23.056], [92.653, 23.055], [92.653, 23.054], [92.653, 23.053], [92.654, 23.052], [92.655, 23.053], [92.656, 23.053], [92.657, 23.052], [92.657, 23.051], [92.656, 23.051], [92.655, 23.051], [92.655, 23.05], [92.656, 23.05], [92.656, 23.049], [92.657, 23.049], [92.657, 23.048], [92.656, 23.048], [92.656, 23.047], [92.655, 23.047], [92.654, 23.047], [92.654, 23.046], [92.655, 23.046], [92.655, 23.045], [92.656, 23.045], [92.657, 23.043], [92.658, 23.043], [92.658, 23.042], [92.657, 23.041], [92.658, 23.041], [92.658, 23.04], [92.659, 23.04], [92.659, 23.039], [92.66, 23.039], [92.659, 23.039], [92.658, 23.039], [92.657, 23.038], [92.656, 23.038], [92.656, 23.037], [92.656, 23.036], [92.657, 23.036], [92.657, 23.035], [92.658, 23.035], [92.658, 23.034], [92.658, 23.033], [92.659, 23.032], [92.659, 23.031], [92.66, 23.03], [92.66, 23.029], [92.661, 23.029], [92.662, 23.028], [92.662, 23.027], [92.661, 23.027], [92.661, 23.026], [92.661, 23.025], [92.661, 23.024], [92.662, 23.024], [92.662, 23.023], [92.664, 23.021], [92.664, 23.02], [92.664, 23.019], [92.664, 23.018], [92.664, 23.017], [92.664, 23.016], [92.665, 23.016], [92.665, 23.017], [92.666, 23.017], [92.666, 23.016], [92.667, 23.015], [92.668, 23.016], [92.669, 23.016], [92.67, 23.016], [92.671, 23.016], [92.671, 23.017], [92.672, 23.017], [92.673, 23.017], [92.673, 23.016], [92.674, 23.016], [92.674, 23.015], [92.674, 23.014], [92.675, 23.014], [92.676, 23.014], [92.677, 23.014], [92.678, 23.014], [92.679, 23.013], [92.68, 23.013], [92.68, 23.014], [92.681, 23.014], [92.681, 23.013], [92.682, 23.013], [92.683, 23.013], [92.684, 23.014], [92.685, 23.014], [92.686, 23.013], [92.686, 23.012], [92.687, 23.011], [92.688, 23.011], [92.69, 23.011], [92.691, 23.01], [92.692, 23.01], [92.693, 23.009], [92.693, 23.008], [92.693, 23.007], [92.693, 23.006], [92.693, 23.005], [92.694, 23.005], [92.694, 23.004], [92.694, 23.003], [92.695, 23.003], [92.696, 23.002], [92.696, 23.001], [92.696, 23.002], [92.697, 23.002], [92.699, 23.002], [92.701, 23.002], [92.702, 23.002], [92.703, 23.002], [92.704, 23.002], [92.705, 23.002], [92.706, 23.002], [92.707, 23.002], [92.708, 23.002], [92.709, 23.003], [92.71, 23.003], [92.711, 23.003], [92.712, 23.004], [92.713, 23.004], [92.714, 23.004], [92.715, 23.004], [92.716, 23.004], [92.717, 23.004], [92.717, 23.005], [92.718, 23.006], [92.719, 23.007]]]}, "properties": {"OBJECTID": 5896, "stcode11": "15", "dtcode11": "286", "sdtcode11": "01913", "stname": "MIZORAM", "dtname": "Lunglei", "sdtname": "Lungsen", "subdt_lgd": 1913, "dist_lgd": 265, "state_lgd": 15, "shape_Length": 295381.8697125955, "shape_Area": 1608755394.8890767, "st_area_sh": 0, "st_length_": 0, "remarks": "", "ac_no": null, "test": 5901}}, {"type": "Feature", "geometry": {"type": "Polygon", "coordinates": [[[92.866, 23.175], [92.866, 23.174], [92.866, 23.173], [92.866, 23.172], [92.866, 23.171], [92.866, 23.17], [92.865, 23.17], [92.864, 23.17], [92.864, 23.169], [92.864, 23.168], [92.864, 23.167], [92.865, 23.167], [92.865, 23.166], [92.866, 23.166], [92.867, 23.166], [92.868, 23.165], [92.868, 23.164], [92.868, 23.163], [92.868, 23.162], [92.867, 23.162], [92.867, 23.161], [92.867, 23.16], [92.867, 23.159], [92.866, 23.159], [92.866, 23.158], [92.866, 23.157], [92.865, 23.157], [92.864, 23.157], [92.864, 23.156], [92.865, 23.156], [92.865, 23.155], [92.865, 23.154], [92.865, 23.153], [92.865, 23.152], [92.865, 23.151], [92.865, 23.15], [92.866, 23.15], [92.865, 23.15], [92.865, 23.149], [92.865, 23.148], [92.865, 23.147], [92.864, 23.147], [92.864, 23.146], [92.863, 23.146], [92.863, 23.145], [92.862, 23.145], [92.862, 23.144], [92.862, 23.143], [92.862, 23.142], [92.863, 23.141], [92.863, 23.14], [92.864, 23.139], [92.865, 23.138], [92.865, 23.137], [92.865, 23.136], [92.864, 23.135], [92.864, 23.134], [92.864, 23.133], [92.864, 23.132], [92.863, 23.132], [92.862, 23.132], [92.861, 23.132], [92.86, 23.132], [92.859, 23.131], [92.859, 23.13], [92.859, 23.129], [92.859, 23.128], [92.859, 23.127], [92.859, 23.126], [92.859, 23.125], [92.859, 23.124], [92.859, 23.123], [92.859, 23.122], [92.859, 23.121], [92.859, 23.12], [92.86, 23.12], [92.861, 23.12], [92.862, 23.12], [92.863, 23.12], [92.864, 23.12], [92.865, 23.12], [92.866, 23.119], [92.867, 23.119], [92.868, 23.118], [92.869, 23.118], [92.869, 23.117], [92.869, 23.116], [92.869, 23.115], [92.868, 23.115], [92.868, 23.114], [92.868, 23.113], [92.868, 23.112], [92.868, 23.111], [92.868, 23.11], [92.869, 23.11], [92.869, 23.109], [92.87, 23.109], [92.87, 23.108], [92.87, 23.107], [92.87, 23.106], [92.869, 23.106], [92.869, 23.105], [92.868, 23.104], [92.868, 23.103], [92.868, 23.102], [92.867, 23.102], [92.867, 23.101], [92.866, 23.102], [92.865, 23.102], [92.865, 23.101], [92.865, 23.1], [92.865, 23.099], [92.865, 23.098], [92.865, 23.097], [92.864, 23.096], [92.864, 23.095], [92.863, 23.094], [92.863, 23.093], [92.863, 23.092], [92.863, 23.091], [92.863, 23.09], [92.864, 23.09], [92.864, 23.089], [92.865, 23.089], [92.866, 23.089], [92.867, 23.089], [92.868, 23.088], [92.869, 23.087], [92.87, 23.087], [92.87, 23.086], [92.87, 23.085], [92.871, 23.085], [92.871, 23.084], [92.871, 23.083], [92.872, 23.082], [92.873, 23.082], [92.874, 23.083], [92.875, 23.083], [92.875, 23.082], [92.874, 23.08], [92.874, 23.079], [92.874, 23.078], [92.875, 23.077], [92.876, 23.076], [92.877, 23.076], [92.878, 23.076], [92.878, 23.075], [92.878, 23.073], [92.878, 23.07], [92.878, 23.068], [92.878, 23.066], [92.877, 23.064], [92.876, 23.062], [92.875, 23.061], [92.875, 23.06], [92.875, 23.059], [92.875, 23.058], [92.875, 23.057], [92.875, 23.056], [92.876, 23.055], [92.876, 23.054], [92.876, 23.053], [92.877, 23.052], [92.877, 23.051], [92.878, 23.051], [92.878, 23.05], [92.879, 23.05], [92.879, 23.049], [92.88, 23.049], [92.88, 23.048], [92.881, 23.047], [92.882, 23.046], [92.882, 23.045], [92.883, 23.044], [92.883, 23.043], [92.883, 23.042], [92.884, 23.042], [92.884, 23.041], [92.884, 23.04], [92.884, 23.039], [92.883, 23.038], [92.883, 23.037], [92.883, 23.036], [92.883, 23.035], [92.883, 23.034], [92.883, 23.033], [92.883, 23.032], [92.883, 23.031], [92.883, 23.03], [92.883, 23.029], [92.883, 23.028], [92.882, 23.027], [92.882, 23.026], [92.881, 23.025], [92.881, 23.024], [92.881, 23.023], [92.881, 23.022], [92.881, 23.021], [92.881, 23.02], [92.881, 23.019], [92.881, 23.018], [92.881, 23.017], [92.881, 23.016], [92.881, 23.015], [92.881, 23.014], [92.881, 23.013], [92.881, 23.012], [92.882, 23.012], [92.882, 23.011], [92.882, 23.01], [92.882, 23.009], [92.881, 23.009], [92.881, 23.008], [92.882, 23.008], [92.882, 23.007], [92.882, 23.006], [92.882, 23.005], [92.881, 23.004], [92.882, 23.004], [92.883, 23.003], [92.884, 23.003], [92.884, 23.002], [92.884, 23.001], [92.884, 23.0], [92.885, 23.0], [92.885, 22.997], [92.886, 22.997], [92.886, 22.996], [92.886, 22.995], [92.885, 22.995], [92.885, 22.994], [92.885, 22.993], [92.886, 22.993], [92.886, 22.992], [92.886, 22.991], [92.887, 22.991], [92.887, 22.99], [92.888, 22.99], [92.889, 22.99], [92.89, 22.99], [92.89, 22.989], [92.89, 22.988], [92.89, 22.987], [92.89, 22.986], [92.89, 22.985], [92.89, 22.984], [92.89, 22.983], [92.89, 22.982], [92.889, 22.982], [92.889, 22.981], [92.89, 22.981], [92.89, 22.98], [92.89, 22.979], [92.889, 22.979], [92.889, 22.978], [92.889, 22.977], [92.888, 22.977], [92.888, 22.976], [92.888, 22.975], [92.888, 22.974], [92.888, 22.973], [92.887, 22.973], [92.886, 22.972], [92.886, 22.971], [92.885, 22.971], [92.885, 22.97], [92.886, 22.969], [92.885, 22.969], [92.885, 22.968], [92.884, 22.968], [92.884, 22.967], [92.884, 22.966], [92.884, 22.965], [92.885, 22.964], [92.886, 22.964], [92.887, 22.963], [92.888, 22.963], [92.888, 22.962], [92.888, 22.961], [92.888, 22.96], [92.888, 22.959], [92.889, 22.958], [92.889, 22.957], [92.889, 22.956], [92.89, 22.956], [92.89, 22.955], [92.889, 22.955], [92.889, 22.954], [92.89, 22.954], [92.89, 22.953], [92.89, 22.952], [92.889, 22.951], [92.888, 22.95], [92.888, 22.949], [92.889, 22.949], [92.889, 22.948], [92.889, 22.947], [92.888, 22.947], [92.888, 22.946], [92.887, 22.946], [92.887, 22.945], [92.887, 22.944], [92.886, 22.944], [92.886, 22.943], [92.886, 22.942], [92.885, 22.942], [92.885, 22.941], [92.884, 22.941], [92.883, 22.941], [92.883, 22.94], [92.882, 22.94], [92.881, 22.94], [92.881, 22.939], [92.881, 22.938], [92.881, 22.937], [92.88, 22.937], [92.88, 22.936], [92.879, 22.936], [92.878, 22.935], [92.877, 22.934], [92.877, 22.933], [92.876, 22.933], [92.876, 22.932], [92.875, 22.932], [92.875, 22.931], [92.874, 22.931], [92.874, 22.93], [92.873, 22.93], [92.873, 22.929], [92.872, 22.929], [92.872, 22.928], [92.871, 22.928], [92.871, 22.927], [92.87, 22.927], [92.87, 22.926], [92.869, 22.926], [92.869, 22.925], [92.868, 22.924], [92.867, 22.924], [92.867, 22.923], [92.866, 22.923], [92.866, 22.922], [92.865, 22.922], [92.865, 22.921], [92.864, 22.921], [92.864, 22.92], [92.864, 22.919], [92.863, 22.919], [92.863, 22.918], [92.862, 22.918], [92.861, 22.917], [92.86, 22.916], [92.86, 22.915], [92.86, 22.914], [92.86, 22.913], [92.861, 22.913], [92.861, 22.912], [92.862, 22.912], [92.862, 22.911], [92.863, 22.911], [92.863, 22.91], [92.864, 22.91], [92.865, 22.909], [92.866, 22.908], [92.866, 22.907], [92.866, 22.906], [92.866, 22.905], [92.866, 22.904], [92.866, 22.903], [92.867, 22.903], [92.868, 22.902], [92.869, 22.901], [92.87, 22.901], [92.87, 22.9], [92.871, 22.899], [92.871, 22.898], [92.871, 22.897], [92.87, 22.897], [92.87, 22.896], [92.869, 22.896], [92.868, 22.896], [92.867, 22.896], [92.866, 22.896], [92.865, 22.895], [92.864, 22.895], [92.864, 22.894], [92.863, 22.894], [92.863, 22.893], [92.862, 22.892], [92.861, 22.891], [92.861, 22.89], [92.86, 22.89], [92.86, 22.889], [92.86, 22.888], [92.86, 22.887], [92.86, 22.886], [92.86, 22.885], [92.86, 22.884], [92.86, 22.883], [92.859, 22.883], [92.859, 22.882], [92.858, 22.882], [92.857, 22.882], [92.856, 22.881], [92.855, 22.881], [92.855, 22.88], [92.854, 22.88], [92.854, 22.879], [92.853, 22.879], [92.852, 22.879], [92.852, 22.878], [92.851, 22.878], [92.851, 22.877], [92.851, 22.876], [92.852, 22.876], [92.853, 22.876], [92.853, 22.875], [92.854, 22.875], [92.854, 22.874], [92.854, 22.873], [92.854, 22.872], [92.854, 22.871], [92.855, 22.871], [92.855, 22.87], [92.856, 22.871], [92.857, 22.871], [92.858, 22.871], [92.858, 22.872], [92.859, 22.872], [92.859, 22.871], [92.859, 22.872], [92.86, 22.872], [92.861, 22.873], [92.862, 22.873], [92.863, 22.874], [92.864, 22.875], [92.865, 22.875], [92.866, 22.875], [92.866, 22.874], [92.866, 22.873], [92.866, 22.872], [92.867, 22.872], [92.868, 22.872], [92.868, 22.871], [92.869, 22.871], [92.87, 22.87], [92.871, 22.87], [92.872, 22.87], [92.872, 22.869], [92.873, 22.869], [92.874, 22.869], [92.874, 22.868], [92.875, 22.868], [92.875, 22.867], [92.875, 22.866], [92.876, 22.866], [92.876, 22.865], [92.877, 22.865], [92.877, 22.864], [92.878, 22.864], [92.878, 22.863], [92.879, 22.863], [92.879, 22.862], [92.879, 22.861], [92.878, 22.861], [92.878, 22.86], [92.877, 22.86], [92.876, 22.86], [92.875, 22.86], [92.874, 22.86], [92.873, 22.86], [92.872, 22.86], [92.872, 22.859], [92.871, 22.859], [92.87, 22.859], [92.87, 22.858], [92.87, 22.857], [92.869, 22.856], [92.869, 22.855], [92.868, 22.855], [92.869, 22.855], [92.869, 22.854], [92.869, 22.853], [92.868, 22.852], [92.868, 22.851], [92.868, 22.85], [92.869, 22.85], [92.869, 22.849], [92.87, 22.849], [92.87, 22.848], [92.87, 22.847], [92.871, 22.847], [92.871, 22.846], [92.872, 22.846], [92.872, 22.845], [92.873, 22.845], [92.873, 22.844], [92.873, 22.843], [92.874, 22.843], [92.874, 22.842], [92.875, 22.842], [92.876, 22.842], [92.877, 22.841], [92.878, 22.841], [92.878, 22.84], [92.879, 22.84], [92.879, 22.839], [92.88, 22.839], [92.881, 22.839], [92.881, 22.838], [92.882, 22.838], [92.883, 22.838], [92.884, 22.838], [92.884, 22.837], [92.885, 22.837], [92.886, 22.837], [92.886, 22.836], [92.887, 22.836], [92.887, 22.835], [92.888, 22.835], [92.888, 22.834], [92.889, 22.834], [92.889, 22.833], [92.889, 22.832], [92.889, 22.831], [92.888, 22.831], [92.888, 22.83], [92.887, 22.83], [92.888, 22.83], [92.888, 22.829], [92.889, 22.829], [92.89, 22.829], [92.89, 22.828], [92.89, 22.827], [92.889, 22.827], [92.889, 22.826], [92.889, 22.825], [92.888, 22.824], [92.888, 22.823], [92.889, 22.823], [92.889, 22.822], [92.889, 22.821], [92.889, 22.82], [92.889, 22.819], [92.889, 22.818], [92.89, 22.817], [92.89, 22.816], [92.89, 22.815], [92.89, 22.814], [92.891, 22.813], [92.891, 22.812], [92.891, 22.811], [92.891, 22.81], [92.89, 22.81], [92.89, 22.809], [92.891, 22.808], [92.891, 22.806], [92.891, 22.805], [92.891, 22.804], [92.891, 22.803], [92.891, 22.802], [92.891, 22.801], [92.892, 22.801], [92.892, 22.8], [92.892, 22.799], [92.891, 22.798], [92.891, 22.797], [92.89, 22.796], [92.889, 22.795], [92.888, 22.795], [92.888, 22.794], [92.887, 22.794], [92.887, 22.793], [92.886, 22.793], [92.885, 22.792], [92.884, 22.792], [92.884, 22.791], [92.883, 22.791], [92.882, 22.79], [92.881, 22.79], [92.881, 22.789], [92.881, 22.788], [92.88, 22.787], [92.88, 22.786], [92.88, 22.785], [92.879, 22.785], [92.878, 22.785], [92.877, 22.785], [92.877, 22.784], [92.876, 22.784], [92.875, 22.783], [92.874, 22.783], [92.874, 22.782], [92.873, 22.782], [92.872, 22.782], [92.871, 22.782], [92.87, 22.781], [92.869, 22.781], [92.868, 22.78], [92.868, 22.779], [92.868, 22.778], [92.868, 22.777], [92.868, 22.776], [92.868, 22.775], [92.868, 22.774], [92.867, 22.774], [92.866, 22.773], [92.865, 22.773], [92.864, 22.773], [92.863, 22.772], [92.862, 22.772], [92.861, 22.771], [92.861, 22.77], [92.861, 22.769], [92.861, 22.768], [92.861, 22.767], [92.861, 22.766], [92.86, 22.766], [92.86, 22.765], [92.86, 22.764], [92.86, 22.763], [92.86, 22.762], [92.861, 22.761], [92.861, 22.76], [92.862, 22.76], [92.863, 22.76], [92.864, 22.76], [92.865, 22.76], [92.866, 22.76], [92.867, 22.76], [92.868, 22.76], [92.869, 22.76], [92.869, 22.759], [92.869, 22.758], [92.869, 22.757], [92.869, 22.756], [92.869, 22.755], [92.868, 22.754], [92.868, 22.753], [92.868, 22.752], [92.868, 22.751], [92.867, 22.751], [92.867, 22.75], [92.867, 22.749], [92.868, 22.749], [92.869, 22.748], [92.87, 22.747], [92.871, 22.746], [92.872, 22.745], [92.873, 22.744], [92.874, 22.743], [92.875, 22.743], [92.876, 22.743], [92.878, 22.743], [92.879, 22.743], [92.88, 22.742], [92.88, 22.741], [92.881, 22.74], [92.882, 22.739], [92.884, 22.738], [92.885, 22.738], [92.886, 22.737], [92.887, 22.736], [92.889, 22.734], [92.89, 22.733], [92.892, 22.732], [92.893, 22.732], [92.894, 22.732], [92.895, 22.732], [92.896, 22.733], [92.896, 22.735], [92.896, 22.736], [92.897, 22.736], [92.898, 22.735], [92.898, 22.734], [92.898, 22.733], [92.898, 22.732], [92.897, 22.731], [92.898, 22.731], [92.898, 22.73], [92.899, 22.73], [92.9, 22.729], [92.902, 22.729], [92.903, 22.73], [92.904, 22.73], [92.905, 22.73], [92.906, 22.73], [92.906, 22.729], [92.906, 22.728], [92.906, 22.726], [92.906, 22.725], [92.906, 22.724], [92.907, 22.724], [92.908, 22.725], [92.908, 22.726], [92.909, 22.726], [92.91, 22.726], [92.912, 22.726], [92.913, 22.726], [92.913, 22.725], [92.913, 22.724], [92.914, 22.723], [92.914, 22.722], [92.915, 22.722], [92.916, 22.721], [92.917, 22.721], [92.918, 22.722], [92.919, 22.721], [92.92, 22.721], [92.922, 22.72], [92.923, 22.72], [92.924, 22.719], [92.925, 22.719], [92.925, 22.718], [92.926, 22.717], [92.927, 22.716], [92.928, 22.715], [92.93, 22.714], [92.931, 22.713], [92.932, 22.712], [92.932, 22.711], [92.933, 22.711], [92.934, 22.711], [92.935, 22.71], [92.935, 22.709], [92.936, 22.709], [92.936, 22.708], [92.936, 22.707], [92.935, 22.706], [92.935, 22.705], [92.934, 22.704], [92.934, 22.703], [92.933, 22.701], [92.933, 22.7], [92.933, 22.699], [92.933, 22.698], [92.933, 22.697], [92.933, 22.696], [92.933, 22.695], [92.933, 22.694], [92.932, 22.693], [92.932, 22.691], [92.932, 22.69], [92.932, 22.689], [92.931, 22.689], [92.931, 22.688], [92.931, 22.687], [92.931, 22.686], [92.931, 22.685], [92.93, 22.684], [92.93, 22.683], [92.93, 22.682], [92.93, 22.681], [92.93, 22.68], [92.931, 22.679], [92.931, 22.678], [92.931, 22.677], [92.932, 22.676], [92.933, 22.675], [92.933, 22.674], [92.933, 22.673], [92.933, 22.672], [92.933, 22.671], [92.933, 22.67], [92.932, 22.669], [92.932, 22.668], [92.931, 22.667], [92.931, 22.665], [92.931, 22.664], [92.931, 22.663], [92.931, 22.662], [92.932, 22.661], [92.932, 22.66], [92.932, 22.659], [92.933, 22.658], [92.934, 22.657], [92.934, 22.656], [92.936, 22.653], [92.936, 22.652], [92.936, 22.651], [92.936, 22.65], [92.937, 22.649], [92.937, 22.648], [92.937, 22.647], [92.938, 22.646], [92.938, 22.645], [92.938, 22.644], [92.939, 22.643], [92.94, 22.642], [92.941, 22.641], [92.942, 22.64], [92.943, 22.639], [92.944, 22.638], [92.945, 22.638], [92.946, 22.637], [92.947, 22.636], [92.948, 22.635], [92.949, 22.634], [92.951, 22.633], [92.951, 22.632], [92.952, 22.632], [92.952, 22.631], [92.952, 22.63], [92.951, 22.629], [92.952, 22.629], [92.951, 22.629], [92.951, 22.628], [92.95, 22.627], [92.95, 22.626], [92.95, 22.625], [92.949, 22.624], [92.949, 22.623], [92.949, 22.622], [92.949, 22.621], [92.95, 22.62], [92.949, 22.618], [92.949, 22.617], [92.949, 22.616], [92.949, 22.615], [92.949, 22.614], [92.949, 22.613], [92.949, 22.612], [92.949, 22.611], [92.949, 22.61], [92.949, 22.609], [92.949, 22.608], [92.949, 22.607], [92.95, 22.605], [92.95, 22.604], [92.951, 22.603], [92.951, 22.602], [92.951, 22.601], [92.95, 22.6], [92.95, 22.599], [92.949, 22.598], [92.948, 22.597], [92.947, 22.596], [92.947, 22.595], [92.947, 22.594], [92.946, 22.593], [92.946, 22.592], [92.946, 22.591], [92.947, 22.59], [92.947, 22.589], [92.948, 22.589], [92.948, 22.588], [92.948, 22.587], [92.948, 22.586], [92.947, 22.585], [92.947, 22.584], [92.946, 22.583], [92.945, 22.582], [92.945, 22.581], [92.945, 22.58], [92.945, 22.579], [92.945, 22.578], [92.945, 22.577], [92.945, 22.576], [92.945, 22.575], [92.944, 22.574], [92.944, 22.573], [92.944, 22.572], [92.943, 22.571], [92.942, 22.571], [92.942, 22.57], [92.942, 22.569], [92.941, 22.568], [92.941, 22.566], [92.94, 22.566], [92.939, 22.564], [92.938, 22.563], [92.937, 22.563], [92.936, 22.562], [92.935, 22.561], [92.934, 22.561], [92.933, 22.56], [92.932, 22.56], [92.932, 22.559], [92.931, 22.558], [92.931, 22.557], [92.931, 22.556], [92.931, 22.555], [92.931, 22.556], [92.93, 22.556], [92.93, 22.555], [92.929, 22.555], [92.929, 22.554], [92.928, 22.554], [92.927, 22.553], [92.926, 22.553], [92.925, 22.553], [92.924, 22.553], [92.923, 22.553], [92.922, 22.552], [92.921, 22.552], [92.921, 22.551], [92.92, 22.551], [92.919, 22.55], [92.918, 22.549], [92.917, 22.549], [92.917, 22.548], [92.916, 22.548], [92.915, 22.548], [92.915, 22.547], [92.914, 22.547], [92.913, 22.547], [92.912, 22.547], [92.911, 22.547], [92.911, 22.548], [92.91, 22.549], [92.91, 22.55], [92.909, 22.55], [92.909, 22.551], [92.909, 22.552], [92.908, 22.553], [92.908, 22.554], [92.907, 22.555], [92.907, 22.556], [92.906, 22.556], [92.906, 22.557], [92.905, 22.558], [92.905, 22.56], [92.905, 22.561], [92.905, 22.562], [92.905, 22.563], [92.906, 22.564], [92.906, 22.565], [92.905, 22.566], [92.905, 22.567], [92.904, 22.567], [92.902, 22.569], [92.901, 22.57], [92.901, 22.571], [92.901, 22.572], [92.901, 22.573], [92.902, 22.574], [92.902, 22.575], [92.902, 22.576], [92.901, 22.577], [92.9, 22.578], [92.9, 22.579], [92.9, 22.581], [92.899, 22.581], [92.898, 22.582], [92.897, 22.582], [92.896, 22.583], [92.896, 22.584], [92.895, 22.584], [92.895, 22.585], [92.894, 22.585], [92.893, 22.584], [92.892, 22.584], [92.891, 22.584], [92.89, 22.584], [92.889, 22.584], [92.888, 22.583], [92.886, 22.583], [92.885, 22.583], [92.883, 22.582], [92.882, 22.583], [92.88, 22.583], [92.878, 22.583], [92.877, 22.584], [92.876, 22.585], [92.875, 22.586], [92.874, 22.587], [92.873, 22.588], [92.873, 22.589], [92.872, 22.59], [92.873, 22.59], [92.873, 22.592], [92.874, 22.593], [92.874, 22.594], [92.875, 22.594], [92.875, 22.595], [92.874, 22.595], [92.873, 22.596], [92.872, 22.596], [92.871, 22.596], [92.869, 22.597], [92.868, 22.597], [92.867, 22.598], [92.866, 22.598], [92.865, 22.598], [92.864, 22.598], [92.862, 22.599], [92.862, 22.6], [92.862, 22.601], [92.862, 22.602], [92.862, 22.603], [92.863, 22.603], [92.863, 22.604], [92.862, 22.604], [92.861, 22.604], [92.86, 22.604], [92.859, 22.604], [92.858, 22.605], [92.857, 22.606], [92.856, 22.606], [92.855, 22.606], [92.853, 22.607], [92.852, 22.607], [92.852, 22.608], [92.851, 22.609], [92.85, 22.609], [92.849, 22.61], [92.848, 22.611], [92.848, 22.612], [92.847, 22.612], [92.847, 22.613], [92.847, 22.614], [92.846, 22.614], [92.845, 22.614], [92.844, 22.614], [92.844, 22.615], [92.845, 22.616], [92.845, 22.617], [92.844, 22.618], [92.843, 22.618], [92.842, 22.619], [92.842, 22.62], [92.842, 22.621], [92.841, 22.622], [92.84, 22.623], [92.839, 22.623], [92.838, 22.623], [92.838, 22.624], [92.838, 22.625], [92.837, 22.625], [92.836, 22.625], [92.835, 22.625], [92.834, 22.625], [92.833, 22.625], [92.832, 22.625], [92.832, 22.624], [92.831, 22.624], [92.83, 22.624], [92.829, 22.624], [92.828, 22.624], [92.828, 22.625], [92.828, 22.626], [92.827, 22.627], [92.826, 22.627], [92.826, 22.626], [92.825, 22.626], [92.825, 22.627], [92.824, 22.627], [92.823, 22.628], [92.822, 22.628], [92.821, 22.627], [92.82, 22.627], [92.819, 22.626], [92.817, 22.627], [92.816, 22.627], [92.815, 22.627], [92.815, 22.628], [92.814, 22.628], [92.814, 22.629], [92.813, 22.629], [92.812, 22.63], [92.811, 22.631], [92.811, 22.63], [92.81, 22.63], [92.809, 22.629], [92.808, 22.629], [92.807, 22.629], [92.806, 22.629], [92.805, 22.628], [92.804, 22.627], [92.803, 22.627], [92.802, 22.626], [92.801, 22.625], [92.801, 22.624], [92.8, 22.624], [92.8, 22.623], [92.799, 22.621], [92.799, 22.62], [92.8, 22.619], [92.8, 22.618], [92.801, 22.618], [92.801, 22.617], [92.802, 22.616], [92.802, 22.615], [92.803, 22.614], [92.803, 22.613], [92.802, 22.612], [92.802, 22.611], [92.802, 22.61], [92.801, 22.61], [92.801, 22.609], [92.8, 22.609], [92.799, 22.608], [92.798, 22.607], [92.797, 22.607], [92.797, 22.606], [92.796, 22.606], [92.794, 22.607], [92.793, 22.608], [92.792, 22.608], [92.791, 22.608], [92.79, 22.608], [92.789, 22.608], [92.788, 22.608], [92.787, 22.608], [92.786, 22.608], [92.785, 22.608], [92.784, 22.607], [92.783, 22.607], [92.782, 22.607], [92.781, 22.607], [92.781, 22.606], [92.78, 22.606], [92.779, 22.607], [92.778, 22.606], [92.778, 22.605], [92.779, 22.604], [92.779, 22.603], [92.78, 22.603], [92.78, 22.602], [92.78, 22.601], [92.779, 22.602], [92.778, 22.603], [92.778, 22.604], [92.777, 22.604], [92.776, 22.604], [92.776, 22.605], [92.776, 22.606], [92.776, 22.607], [92.775, 22.607], [92.774, 22.607], [92.774, 22.608], [92.773, 22.608], [92.773, 22.609], [92.773, 22.612], [92.773, 22.613], [92.773, 22.614], [92.773, 22.615], [92.773, 22.616], [92.774, 22.616], [92.773, 22.617], [92.773, 22.618], [92.774, 22.619], [92.774, 22.62], [92.774, 22.621], [92.774, 22.622], [92.774, 22.623], [92.775, 22.623], [92.775, 22.624], [92.775, 22.625], [92.775, 22.626], [92.775, 22.627], [92.775, 22.628], [92.775, 22.629], [92.776, 22.63], [92.776, 22.631], [92.775, 22.632], [92.775, 22.634], [92.775, 22.636], [92.775, 22.637], [92.775, 22.638], [92.775, 22.639], [92.774, 22.641], [92.774, 22.642], [92.774, 22.643], [92.775, 22.644], [92.775, 22.645], [92.774, 22.646], [92.773, 22.648], [92.773, 22.649], [92.774, 22.65], [92.774, 22.651], [92.773, 22.652], [92.773, 22.653], [92.773, 22.654], [92.773, 22.655], [92.774, 22.655], [92.774, 22.657], [92.774, 22.658], [92.773, 22.659], [92.772, 22.659], [92.772, 22.66], [92.771, 22.66], [92.77, 22.66], [92.77, 22.661], [92.771, 22.662], [92.772, 22.663], [92.773, 22.664], [92.773, 22.665], [92.772, 22.665], [92.772, 22.664], [92.771, 22.664], [92.77, 22.664], [92.77, 22.665], [92.77, 22.666], [92.77, 22.667], [92.77, 22.668], [92.77, 22.669], [92.771, 22.669], [92.772, 22.67], [92.773, 22.67], [92.773, 22.671], [92.772, 22.672], [92.772, 22.673], [92.772, 22.674], [92.772, 22.675], [92.772, 22.676], [92.772, 22.677], [92.771, 22.678], [92.77, 22.679], [92.77, 22.68], [92.77, 22.681], [92.771, 22.682], [92.771, 22.683], [92.77, 22.683], [92.769, 22.684], [92.769, 22.685], [92.77, 22.686], [92.77, 22.687], [92.77, 22.688], [92.77, 22.689], [92.769, 22.689], [92.768, 22.689], [92.768, 22.69], [92.769, 22.69], [92.769, 22.691], [92.77, 22.691], [92.769, 22.691], [92.768, 22.691], [92.767, 22.691], [92.766, 22.692], [92.765, 22.692], [92.764, 22.692], [92.764, 22.693], [92.765, 22.694], [92.766, 22.694], [92.767, 22.695], [92.768, 22.695], [92.77, 22.695], [92.771, 22.695], [92.772, 22.695], [92.773, 22.695], [92.773, 22.696], [92.774, 22.696], [92.774, 22.697], [92.774, 22.698], [92.774, 22.699], [92.774, 22.7], [92.774, 22.701], [92.775, 22.701], [92.775, 22.702], [92.775, 22.703], [92.775, 22.704], [92.774, 22.705], [92.773, 22.705], [92.773, 22.706], [92.774, 22.707], [92.774, 22.708], [92.775, 22.709], [92.776, 22.709], [92.776, 22.71], [92.777, 22.711], [92.778, 22.711], [92.779, 22.711], [92.779, 22.712], [92.779, 22.713], [92.779, 22.714], [92.779, 22.715], [92.779, 22.716], [92.778, 22.717], [92.778, 22.718], [92.777, 22.718], [92.777, 22.719], [92.776, 22.72], [92.776, 22.721], [92.776, 22.722], [92.776, 22.723], [92.777, 22.723], [92.776, 22.723], [92.776, 22.724], [92.775, 22.724], [92.774, 22.724], [92.773, 22.725], [92.772, 22.725], [92.771, 22.726], [92.77, 22.726], [92.769, 22.726], [92.768, 22.726], [92.767, 22.726], [92.767, 22.727], [92.767, 22.728], [92.766, 22.728], [92.766, 22.727], [92.765, 22.727], [92.765, 22.728], [92.765, 22.729], [92.765, 22.73], [92.764, 22.73], [92.764, 22.731], [92.763, 22.731], [92.764, 22.732], [92.765, 22.733], [92.765, 22.734], [92.766, 22.734], [92.766, 22.735], [92.767, 22.735], [92.767, 22.736], [92.767, 22.737], [92.767, 22.738], [92.767, 22.739], [92.766, 22.739], [92.766, 22.74], [92.767, 22.74], [92.767, 22.741], [92.766, 22.742], [92.765, 22.743], [92.765, 22.744], [92.765, 22.745], [92.764, 22.745], [92.764, 22.746], [92.765, 22.747], [92.765, 22.748], [92.764, 22.748], [92.764, 22.749], [92.764, 22.75], [92.763, 22.75], [92.763, 22.751], [92.762, 22.751], [92.761, 22.752], [92.761, 22.753], [92.762, 22.753], [92.762, 22.754], [92.761, 22.754], [92.76, 22.754], [92.759, 22.754], [92.759, 22.755], [92.758, 22.756], [92.759, 22.756], [92.76, 22.756], [92.759, 22.757], [92.758, 22.757], [92.757, 22.757], [92.756, 22.757], [92.755, 22.757], [92.754, 22.758], [92.755, 22.758], [92.755, 22.759], [92.755, 22.76], [92.755, 22.761], [92.754, 22.762], [92.754, 22.763], [92.754, 22.764], [92.754, 22.765], [92.753, 22.766], [92.753, 22.767], [92.752, 22.767], [92.752, 22.768], [92.753, 22.768], [92.753, 22.769], [92.754, 22.769], [92.754, 22.77], [92.754, 22.771], [92.755, 22.771], [92.755, 22.772], [92.756, 22.772], [92.757, 22.772], [92.758, 22.772], [92.758, 22.773], [92.758, 22.774], [92.758, 22.775], [92.759, 22.776], [92.758, 22.777], [92.758, 22.778], [92.758, 22.779], [92.757, 22.779], [92.757, 22.78], [92.758, 22.78], [92.759, 22.781], [92.758, 22.782], [92.757, 22.782], [92.757, 22.783], [92.758, 22.783], [92.757, 22.783], [92.757, 22.784], [92.757, 22.785], [92.757, 22.786], [92.756, 22.786], [92.756, 22.787], [92.756, 22.788], [92.755, 22.788], [92.755, 22.789], [92.754, 22.79], [92.753, 22.791], [92.752, 22.791], [92.751, 22.792], [92.75, 22.792], [92.749, 22.793], [92.748, 22.794], [92.748, 22.795], [92.748, 22.796], [92.747, 22.797], [92.747, 22.798], [92.747, 22.799], [92.748, 22.8], [92.748, 22.801], [92.748, 22.802], [92.747, 22.802], [92.747, 22.803], [92.747, 22.804], [92.747, 22.805], [92.747, 22.806], [92.747, 22.807], [92.747, 22.808], [92.747, 22.809], [92.746, 22.81], [92.746, 22.811], [92.746, 22.812], [92.746, 22.813], [92.745, 22.813], [92.746, 22.814], [92.746, 22.815], [92.746, 22.816], [92.746, 22.817], [92.746, 22.818], [92.746, 22.819], [92.746, 22.82], [92.746, 22.821], [92.747, 22.821], [92.747, 22.822], [92.747, 22.823], [92.747, 22.824], [92.746, 22.824], [92.746, 22.825], [92.746, 22.826], [92.747, 22.826], [92.746, 22.827], [92.746, 22.828], [92.746, 22.829], [92.745, 22.829], [92.745, 22.83], [92.744, 22.83], [92.744, 22.831], [92.743, 22.832], [92.743, 22.833], [92.743, 22.834], [92.742, 22.834], [92.742, 22.835], [92.741, 22.835], [92.74, 22.835], [92.74, 22.836], [92.739, 22.837], [92.74, 22.837], [92.741, 22.837], [92.741, 22.838], [92.741, 22.839], [92.741, 22.84], [92.74, 22.841], [92.74, 22.842], [92.74, 22.843], [92.74, 22.844], [92.739, 22.844], [92.739, 22.845], [92.739, 22.846], [92.738, 22.846], [92.738, 22.847], [92.739, 22.847], [92.739, 22.848], [92.739, 22.849], [92.738, 22.85], [92.737, 22.852], [92.736, 22.853], [92.735, 22.854], [92.733, 22.855], [92.732, 22.856], [92.732, 22.857], [92.732, 22.858], [92.732, 22.859], [92.731, 22.859], [92.731, 22.86], [92.731, 22.861], [92.731, 22.862], [92.731, 22.863], [92.73, 22.863], [92.73, 22.864], [92.731, 22.864], [92.732, 22.864], [92.733, 22.864], [92.734, 22.864], [92.734, 22.865], [92.735, 22.866], [92.736, 22.866], [92.736, 22.867], [92.736, 22.868], [92.736, 22.869], [92.736, 22.87], [92.736, 22.871], [92.736, 22.872], [92.737, 22.873], [92.736, 22.873], [92.736, 22.874], [92.735, 22.874], [92.735, 22.875], [92.735, 22.876], [92.734, 22.877], [92.734, 22.878], [92.733, 22.878], [92.733, 22.879], [92.732, 22.881], [92.732, 22.884], [92.731, 22.884], [92.731, 22.885], [92.731, 22.886], [92.732, 22.887], [92.732, 22.888], [92.732, 22.889], [92.731, 22.89], [92.731, 22.891], [92.731, 22.892], [92.731, 22.893], [92.73, 22.893], [92.73, 22.895], [92.73, 22.896], [92.729, 22.897], [92.729, 22.898], [92.729, 22.899], [92.728, 22.899], [92.728, 22.9], [92.728, 22.901], [92.728, 22.902], [92.728, 22.903], [92.728, 22.904], [92.728, 22.905], [92.728, 22.906], [92.729, 22.907], [92.729, 22.908], [92.73, 22.908], [92.73, 22.909], [92.729, 22.91], [92.728, 22.911], [92.728, 22.912], [92.728, 22.913], [92.728, 22.914], [92.728, 22.915], [92.727, 22.916], [92.727, 22.917], [92.727, 22.918], [92.727, 22.919], [92.728, 22.919], [92.728, 22.92], [92.728, 22.921], [92.727, 22.921], [92.727, 22.922], [92.726, 22.922], [92.726, 22.923], [92.726, 22.924], [92.726, 22.925], [92.727, 22.925], [92.727, 22.926], [92.727, 22.927], [92.727, 22.928], [92.726, 22.928], [92.726, 22.929], [92.726, 22.93], [92.726, 22.931], [92.726, 22.932], [92.725, 22.933], [92.724, 22.933], [92.725, 22.934], [92.725, 22.935], [92.724, 22.935], [92.724, 22.936], [92.724, 22.937], [92.725, 22.938], [92.725, 22.939], [92.724, 22.939], [92.724, 22.94], [92.723, 22.94], [92.723, 22.941], [92.723, 22.942], [92.722, 22.943], [92.722, 22.944], [92.721, 22.944], [92.721, 22.945], [92.72, 22.945], [92.719, 22.945], [92.719, 22.946], [92.72, 22.947], [92.72, 22.946], [92.721, 22.947], [92.722, 22.947], [92.721, 22.947], [92.72, 22.947], [92.72, 22.948], [92.72, 22.949], [92.72, 22.95], [92.721, 22.949], [92.722, 22.95], [92.721, 22.95], [92.721, 22.951], [92.721, 22.952], [92.722, 22.953], [92.721, 22.954], [92.721, 22.955], [92.72, 22.956], [92.721, 22.957], [92.721, 22.958], [92.721, 22.959], [92.721, 22.96], [92.721, 22.961], [92.722, 22.961], [92.722, 22.962], [92.722, 22.963], [92.721, 22.963], [92.721, 22.964], [92.721, 22.965], [92.721, 22.966], [92.721, 22.967], [92.72, 22.968], [92.72, 22.969], [92.721, 22.97], [92.722, 22.971], [92.722, 22.972], [92.722, 22.973], [92.721, 22.973], [92.721, 22.974], [92.722, 22.974], [92.722, 22.975], [92.722, 22.976], [92.722, 22.977], [92.721, 22.978], [92.721, 22.979], [92.721, 22.98], [92.72, 22.98], [92.721, 22.98], [92.721, 22.981], [92.721, 22.982], [92.721, 22.983], [92.721, 22.984], [92.721, 22.985], [92.721, 22.986], [92.721, 22.987], [92.721, 22.988], [92.721, 22.989], [92.721, 22.99], [92.721, 22.991], [92.722, 22.991], [92.722, 22.992], [92.722, 22.993], [92.722, 22.994], [92.723, 22.994], [92.723, 22.995], [92.723, 22.996], [92.722, 22.996], [92.722, 22.997], [92.721, 22.997], [92.722, 22.998], [92.722, 22.999], [92.722, 23.0], [92.722, 23.001], [92.721, 23.001], [92.721, 23.002], [92.721, 23.003], [92.721, 23.004], [92.72, 23.004], [92.72, 23.005], [92.719, 23.005], [92.719, 23.006], [92.719, 23.007], [92.719, 23.008], [92.718, 23.009], [92.717, 23.01], [92.716, 23.011], [92.716, 23.012], [92.717, 23.012], [92.718, 23.013], [92.718, 23.014], [92.718, 23.015], [92.718, 23.016], [92.718, 23.017], [92.717, 23.017], [92.717, 23.018], [92.717, 23.019], [92.717, 23.02], [92.717, 23.021], [92.717, 23.022], [92.717, 23.023], [92.717, 23.024], [92.718, 23.024], [92.719, 23.024], [92.719, 23.025], [92.72, 23.026], [92.72, 23.027], [92.72, 23.028], [92.721, 23.028], [92.722, 23.028], [92.722, 23.029], [92.723, 23.029], [92.724, 23.03], [92.724, 23.031], [92.725, 23.031], [92.725, 23.032], [92.724, 23.033], [92.724, 23.034], [92.724, 23.035], [92.725, 23.035], [92.726, 23.035], [92.727, 23.035], [92.728, 23.035], [92.728, 23.036], [92.728, 23.037], [92.728, 23.038], [92.728, 23.039], [92.728, 23.04], [92.728, 23.041], [92.729, 23.042], [92.729, 23.043], [92.728, 23.044], [92.728, 23.045], [92.728, 23.046], [92.728, 23.047], [92.727, 23.049], [92.726, 23.05], [92.725, 23.05], [92.724, 23.051], [92.723, 23.051], [92.723, 23.052], [92.723, 23.053], [92.724, 23.053], [92.724, 23.054], [92.725, 23.054], [92.725, 23.055], [92.725, 23.056], [92.724, 23.056], [92.724, 23.057], [92.725, 23.057], [92.726, 23.057], [92.727, 23.057], [92.728, 23.057], [92.729, 23.058], [92.729, 23.059], [92.728, 23.059], [92.728, 23.06], [92.727, 23.06], [92.726, 23.061], [92.725, 23.062], [92.725, 23.063], [92.725, 23.064], [92.726, 23.065], [92.727, 23.065], [92.728, 23.065], [92.728, 23.066], [92.728, 23.067], [92.728, 23.068], [92.727, 23.068], [92.727, 23.069], [92.726, 23.069], [92.725, 23.069], [92.725, 23.07], [92.725, 23.071], [92.724, 23.072], [92.724, 23.073], [92.724, 23.074], [92.724, 23.075], [92.725, 23.075], [92.725, 23.076], [92.725, 23.077], [92.724, 23.077], [92.723, 23.077], [92.722, 23.077], [92.722, 23.078], [92.723, 23.079], [92.723, 23.08], [92.724, 23.08], [92.724, 23.081], [92.725, 23.081], [92.725, 23.082], [92.725, 23.083], [92.725, 23.084], [92.725, 23.085], [92.724, 23.086], [92.724, 23.087], [92.724, 23.088], [92.724, 23.089], [92.724, 23.09], [92.723, 23.091], [92.723, 23.092], [92.723, 23.093], [92.722, 23.093], [92.721, 23.093], [92.721, 23.094], [92.72, 23.095], [92.719, 23.095], [92.718, 23.096], [92.718, 23.097], [92.718, 23.098], [92.719, 23.099], [92.719, 23.1], [92.718, 23.101], [92.718, 23.102], [92.718, 23.103], [92.717, 23.103], [92.716, 23.103], [92.716, 23.104], [92.716, 23.105], [92.716, 23.106], [92.715, 23.106], [92.714, 23.107], [92.713, 23.108], [92.713, 23.109], [92.713, 23.11], [92.713, 23.111], [92.714, 23.112], [92.714, 23.113], [92.713, 23.113], [92.713, 23.114], [92.712, 23.114], [92.711, 23.114], [92.711, 23.115], [92.711, 23.116], [92.712, 23.117], [92.712, 23.118], [92.711, 23.119], [92.71, 23.12], [92.709, 23.121], [92.709, 23.122], [92.708, 23.122], [92.708, 23.123], [92.707, 23.124], [92.707, 23.125], [92.707, 23.126], [92.707, 23.127], [92.707, 23.128], [92.707, 23.129], [92.707, 23.13], [92.707, 23.131], [92.707, 23.132], [92.707, 23.133], [92.706, 23.133], [92.706, 23.134], [92.705, 23.135], [92.705, 23.136], [92.704, 23.136], [92.704, 23.137], [92.704, 23.138], [92.705, 23.138], [92.706, 23.139], [92.706, 23.14], [92.706, 23.141], [92.705, 23.141], [92.705, 23.142], [92.705, 23.143], [92.705, 23.144], [92.704, 23.144], [92.704, 23.145], [92.703, 23.146], [92.703, 23.147], [92.703, 23.148], [92.702, 23.148], [92.702, 23.149], [92.702, 23.15], [92.702, 23.151], [92.702, 23.152], [92.702, 23.153], [92.702, 23.154], [92.702, 23.155], [92.702, 23.156], [92.702, 23.157], [92.702, 23.158], [92.702, 23.159], [92.702, 23.16], [92.702, 23.161], [92.701, 23.161], [92.7, 23.161], [92.699, 23.161], [92.698, 23.162], [92.698, 23.163], [92.698, 23.164], [92.698, 23.165], [92.697, 23.166], [92.696, 23.167], [92.696, 23.168], [92.696, 23.169], [92.697, 23.17], [92.697, 23.171], [92.697, 23.172], [92.696, 23.172], [92.696, 23.173], [92.696, 23.174], [92.696, 23.175], [92.695, 23.175], [92.695, 23.176], [92.695, 23.177], [92.695, 23.178], [92.695, 23.179], [92.696, 23.18], [92.696, 23.181], [92.697, 23.181], [92.697, 23.182], [92.696, 23.183], [92.696, 23.184], [92.696, 23.185], [92.696, 23.186], [92.696, 23.187], [92.697, 23.188], [92.698, 23.189], [92.698, 23.19], [92.698, 23.192], [92.698, 23.194], [92.699, 23.195], [92.699, 23.196], [92.7, 23.196], [92.701, 23.196], [92.702, 23.195], [92.703, 23.195], [92.704, 23.195], [92.705, 23.195], [92.705, 23.194], [92.706, 23.194], [92.707, 23.194], [92.707, 23.193], [92.708, 23.193], [92.708, 23.192], [92.709, 23.192], [92.709, 23.191], [92.71, 23.191], [92.711, 23.191], [92.712, 23.191], [92.713, 23.191], [92.713, 23.19], [92.714, 23.19], [92.715, 23.191], [92.716, 23.191], [92.717, 23.192], [92.717, 23.191], [92.718, 23.191], [92.718, 23.192], [92.718, 23.193], [92.719, 23.193], [92.719, 23.194], [92.72, 23.194], [92.72, 23.195], [92.72, 23.196], [92.72, 23.197], [92.719, 23.197], [92.72, 23.197], [92.72, 23.198], [92.72, 23.199], [92.72, 23.2], [92.72, 23.201], [92.72, 23.202], [92.72, 23.203], [92.721, 23.203], [92.72, 23.204], [92.72, 23.205], [92.72, 23.206], [92.721, 23.206], [92.72, 23.207], [92.721, 23.207], [92.722, 23.208], [92.722, 23.209], [92.722, 23.21], [92.722, 23.211], [92.722, 23.212], [92.722, 23.213], [92.722, 23.214], [92.721, 23.214], [92.721, 23.215], [92.722, 23.215], [92.722, 23.216], [92.722, 23.217], [92.722, 23.218], [92.722, 23.219], [92.722, 23.22], [92.722, 23.221], [92.722, 23.222], [92.722, 23.223], [92.722, 23.224], [92.722, 23.225], [92.722, 23.226], [92.722, 23.227], [92.722, 23.228], [92.722, 23.229], [92.722, 23.23], [92.722, 23.231], [92.722, 23.232], [92.722, 23.233], [92.722, 23.234], [92.722, 23.235], [92.722, 23.236], [92.721, 23.237], [92.721, 23.238], [92.72, 23.238], [92.721, 23.238], [92.721, 23.239], [92.722, 23.24], [92.723, 23.24], [92.724, 23.24], [92.724, 23.239], [92.725, 23.239], [92.726, 23.239], [92.727, 23.24], [92.728, 23.24], [92.729, 23.24], [92.73, 23.24], [92.731, 23.24], [92.731, 23.239], [92.731, 23.238], [92.731, 23.237], [92.732, 23.237], [92.733, 23.237], [92.734, 23.237], [92.736, 23.237], [92.737, 23.237], [92.738, 23.237], [92.738, 23.236], [92.738, 23.235], [92.738, 23.234], [92.739, 23.234], [92.74, 23.233], [92.741, 23.233], [92.742, 23.233], [92.743, 23.233], [92.744, 23.233], [92.744, 23.234], [92.745, 23.233], [92.746, 23.233], [92.747, 23.233], [92.748, 23.233], [92.749, 23.233], [92.75, 23.233], [92.751, 23.232], [92.752, 23.233], [92.753, 23.233], [92.754, 23.232], [92.754, 23.231], [92.754, 23.23], [92.754, 23.229], [92.754, 23.228], [92.755, 23.227], [92.756, 23.228], [92.757, 23.228], [92.758, 23.229], [92.759, 23.229], [92.76, 23.229], [92.761, 23.23], [92.762, 23.231], [92.763, 23.231], [92.764, 23.232], [92.765, 23.233], [92.766, 23.233], [92.767, 23.234], [92.768, 23.234], [92.769, 23.234], [92.77, 23.234], [92.771, 23.234], [92.772, 23.233], [92.774, 23.232], [92.774, 23.231], [92.775, 23.23], [92.776, 23.23], [92.777, 23.23], [92.778, 23.23], [92.778, 23.229], [92.779, 23.229], [92.779, 23.228], [92.78, 23.227], [92.781, 23.228], [92.782, 23.228], [92.784, 23.23], [92.785, 23.231], [92.787, 23.232], [92.787, 23.233], [92.788, 23.232], [92.789, 23.232], [92.79, 23.232], [92.791, 23.231], [92.792, 23.23], [92.793, 23.23], [92.794, 23.229], [92.796, 23.229], [92.797, 23.229], [92.797, 23.228], [92.798, 23.228], [92.799, 23.228], [92.8, 23.228], [92.801, 23.228], [92.802, 23.228], [92.804, 23.228], [92.805, 23.227], [92.806, 23.227], [92.807, 23.228], [92.808, 23.228], [92.809, 23.228], [92.81, 23.227], [92.811, 23.226], [92.812, 23.226], [92.813, 23.226], [92.814, 23.227], [92.815, 23.227], [92.816, 23.228], [92.817, 23.228], [92.817, 23.229], [92.816, 23.229], [92.816, 23.23], [92.815, 23.23], [92.815, 23.231], [92.816, 23.231], [92.817, 23.231], [92.817, 23.232], [92.817, 23.233], [92.818, 23.233], [92.818, 23.234], [92.817, 23.235], [92.816, 23.236], [92.816, 23.237], [92.815, 23.237], [92.815, 23.238], [92.816, 23.238], [92.817, 23.239], [92.817, 23.24], [92.817, 23.241], [92.818, 23.241], [92.819, 23.241], [92.82, 23.241], [92.821, 23.241], [92.821, 23.242], [92.821, 23.243], [92.822, 23.243], [92.823, 23.243], [92.824, 23.243], [92.825, 23.243], [92.826, 23.243], [92.826, 23.244], [92.827, 23.244], [92.828, 23.245], [92.829, 23.245], [92.829, 23.246], [92.83, 23.246], [92.831, 23.245], [92.832, 23.245], [92.832, 23.246], [92.833, 23.246], [92.834, 23.246], [92.834, 23.245], [92.835, 23.245], [92.836, 23.245], [92.836, 23.244], [92.837, 23.243], [92.837, 23.242], [92.838, 23.241], [92.839, 23.241], [92.839, 23.24], [92.84, 23.24], [92.841, 23.24], [92.841, 23.239], [92.842, 23.239], [92.843, 23.238], [92.844, 23.238], [92.845, 23.237], [92.846, 23.237], [92.846, 23.236], [92.845, 23.236], [92.845, 23.235], [92.845, 23.234], [92.846, 23.235], [92.847, 23.235], [92.846, 23.234], [92.846, 23.233], [92.845, 23.233], [92.844, 23.233], [92.845, 23.232], [92.846, 23.232], [92.846, 23.231], [92.846, 23.23], [92.845, 23.23], [92.845, 23.229], [92.846, 23.229], [92.847, 23.229], [92.846, 23.229], [92.846, 23.228], [92.845, 23.228], [92.846, 23.227], [92.847, 23.227], [92.848, 23.227], [92.848, 23.226], [92.848, 23.225], [92.848, 23.224], [92.849, 23.224], [92.849, 23.223], [92.85, 23.223], [92.85, 23.224], [92.851, 23.224], [92.851, 23.223], [92.852, 23.222], [92.852, 23.221], [92.851, 23.221], [92.852, 23.221], [92.852, 23.22], [92.853, 23.22], [92.853, 23.219], [92.854, 23.219], [92.855, 23.219], [92.856, 23.218], [92.857, 23.217], [92.857, 23.216], [92.857, 23.215], [92.858, 23.215], [92.859, 23.214], [92.858, 23.214], [92.858, 23.213], [92.857, 23.213], [92.857, 23.212], [92.857, 23.211], [92.857, 23.21], [92.856, 23.21], [92.856, 23.209], [92.857, 23.209], [92.857, 23.208], [92.857, 23.207], [92.857, 23.206], [92.856, 23.205], [92.856, 23.204], [92.856, 23.203], [92.855, 23.203], [92.855, 23.202], [92.856, 23.202], [92.856, 23.201], [92.856, 23.2], [92.856, 23.199], [92.855, 23.199], [92.855, 23.198], [92.854, 23.197], [92.854, 23.196], [92.854, 23.195], [92.854, 23.194], [92.855, 23.194], [92.855, 23.193], [92.855, 23.192], [92.855, 23.191], [92.855, 23.19], [92.857, 23.19], [92.858, 23.19], [92.859, 23.19], [92.859, 23.189], [92.859, 23.188], [92.859, 23.187], [92.858, 23.187], [92.858, 23.186], [92.858, 23.185], [92.858, 23.184], [92.858, 23.183], [92.859, 23.182], [92.859, 23.181], [92.86, 23.181], [92.86, 23.18], [92.861, 23.18], [92.861, 23.179], [92.861, 23.178], [92.862, 23.178], [92.862, 23.177], [92.862, 23.176], [92.863, 23.175], [92.863, 23.174], [92.864, 23.175], [92.865, 23.175], [92.866, 23.175]]]}, "properties": {"OBJECTID": 5884, "stcode11": "15", "dtcode11": "286", "sdtcode11": "01914", "stname": "MIZORAM", "dtname": "Lunglei", "sdtname": "Lunglei", "subdt_lgd": 1914, "dist_lgd": 265, "state_lgd": 15, "shape_Length": 259917.94308592542, "shape_Area": 1283776213.8456023, "st_area_sh": 0, "st_length_": 0, "remarks": "", "ac_no": null, "test": 5889}}, {"type": "Feature", "geometry": {"type": "Polygon", "coordinates": [[[92.92, 23.187], [92.921, 23.187], [92.922, 23.187], [92.922, 23.186], [92.923, 23.186], [92.924, 23.186], [92.925, 23.186], [92.926, 23.186], [92.927, 23.186], [92.928, 23.186], [92.929, 23.186], [92.93, 23.187], [92.93, 23.188], [92.931, 23.188], [92.932, 23.188], [92.933, 23.188], [92.933, 23.187], [92.933, 23.186], [92.934, 23.186], [92.935, 23.186], [92.935, 23.185], [92.934, 23.184], [92.934, 23.183], [92.934, 23.182], [92.934, 23.18], [92.934, 23.179], [92.933, 23.178], [92.933, 23.176], [92.932, 23.175], [92.933, 23.174], [92.933, 23.173], [92.934, 23.172], [92.935, 23.172], [92.935, 23.171], [92.936, 23.17], [92.936, 23.169], [92.937, 23.169], [92.938, 23.17], [92.939, 23.171], [92.94, 23.171], [92.941, 23.171], [92.943, 23.17], [92.945, 23.17], [92.947, 23.169], [92.949, 23.169], [92.95, 23.168], [92.952, 23.167], [92.953, 23.166], [92.954, 23.165], [92.954, 23.164], [92.954, 23.163], [92.954, 23.162], [92.955, 23.161], [92.956, 23.16], [92.956, 23.159], [92.956, 23.158], [92.956, 23.157], [92.956, 23.156], [92.955, 23.156], [92.955, 23.155], [92.955, 23.153], [92.955, 23.152], [92.955, 23.151], [92.956, 23.15], [92.957, 23.149], [92.957, 23.148], [92.957, 23.146], [92.957, 23.145], [92.956, 23.144], [92.956, 23.143], [92.956, 23.142], [92.957, 23.142], [92.957, 23.141], [92.957, 23.14], [92.957, 23.139], [92.956, 23.138], [92.956, 23.137], [92.956, 23.136], [92.956, 23.135], [92.957, 23.135], [92.958, 23.136], [92.959, 23.135], [92.959, 23.134], [92.959, 23.133], [92.959, 23.132], [92.958, 23.132], [92.958, 23.131], [92.958, 23.129], [92.957, 23.129], [92.957, 23.127], [92.958, 23.126], [92.957, 23.124], [92.958, 23.121], [92.958, 23.12], [92.957, 23.119], [92.957, 23.118], [92.957, 23.117], [92.957, 23.116], [92.958, 23.116], [92.959, 23.116], [92.96, 23.116], [92.96, 23.115], [92.96, 23.114], [92.961, 23.114], [92.962, 23.114], [92.962, 23.115], [92.963, 23.114], [92.964, 23.114], [92.965, 23.113], [92.964, 23.113], [92.963, 23.113], [92.963, 23.112], [92.964, 23.111], [92.965, 23.111], [92.965, 23.11], [92.966, 23.11], [92.967, 23.11], [92.967, 23.109], [92.968, 23.109], [92.969, 23.109], [92.969, 23.108], [92.97, 23.108], [92.971, 23.108], [92.972, 23.108], [92.972, 23.107], [92.973, 23.107], [92.974, 23.107], [92.975, 23.107], [92.976, 23.107], [92.977, 23.107], [92.978, 23.106], [92.979, 23.105], [92.979, 23.104], [92.98, 23.104], [92.981, 23.103], [92.982, 23.103], [92.982, 23.102], [92.983, 23.102], [92.983, 23.101], [92.984, 23.1], [92.985, 23.099], [92.985, 23.1], [92.986, 23.1], [92.987, 23.1], [92.988, 23.099], [92.988, 23.098], [92.989, 23.098], [92.989, 23.097], [92.989, 23.096], [92.99, 23.096], [92.99, 23.097], [92.991, 23.097], [92.991, 23.096], [92.99, 23.096], [92.99, 23.095], [92.991, 23.095], [92.992, 23.094], [92.993, 23.094], [92.994, 23.094], [92.995, 23.094], [92.995, 23.093], [92.996, 23.093], [92.997, 23.092], [92.998, 23.092], [92.998, 23.091], [92.999, 23.091], [93.0, 23.091], [93.0, 23.09], [93.001, 23.09], [93.002, 23.09], [93.002, 23.089], [93.003, 23.089], [93.004, 23.088], [93.005, 23.088], [93.006, 23.088], [93.007, 23.088], [93.008, 23.088], [93.009, 23.087], [93.01, 23.086], [93.011, 23.086], [93.012, 23.085], [93.013, 23.085], [93.013, 23.084], [93.014, 23.083], [93.015, 23.082], [93.016, 23.082], [93.016, 23.081], [93.017, 23.081], [93.018, 23.081], [93.019, 23.081], [93.02, 23.08], [93.021, 23.079], [93.022, 23.079], [93.023, 23.079], [93.023, 23.08], [93.024, 23.08], [93.024, 23.079], [93.025, 23.079], [93.025, 23.08], [93.026, 23.08], [93.027, 23.08], [93.028, 23.08], [93.029, 23.08], [93.03, 23.08], [93.031, 23.081], [93.032, 23.081], [93.033, 23.082], [93.034, 23.082], [93.035, 23.082], [93.036, 23.082], [93.037, 23.082], [93.037, 23.081], [93.038, 23.081], [93.038, 23.08], [93.037, 23.08], [93.038, 23.079], [93.04, 23.079], [93.041, 23.078], [93.042, 23.078], [93.042, 23.077], [93.042, 23.076], [93.042, 23.075], [93.042, 23.074], [93.043, 23.074], [93.043, 23.073], [93.042, 23.073], [93.041, 23.073], [93.041, 23.072], [93.041, 23.071], [93.042, 23.071], [93.041, 23.07], [93.04, 23.07], [93.04, 23.069], [93.039, 23.069], [93.039, 23.068], [93.04, 23.068], [93.039, 23.067], [93.038, 23.066], [93.038, 23.065], [93.039, 23.065], [93.039, 23.064], [93.039, 23.063], [93.038, 23.063], [93.038, 23.062], [93.039, 23.062], [93.039, 23.061], [93.039, 23.06], [93.039, 23.059], [93.04, 23.058], [93.04, 23.057], [93.04, 23.056], [93.04, 23.055], [93.039, 23.054], [93.039, 23.053], [93.039, 23.052], [93.039, 23.051], [93.039, 23.05], [93.038, 23.05], [93.039, 23.05], [93.039, 23.049], [93.04, 23.049], [93.041, 23.049], [93.042, 23.048], [93.043, 23.047], [93.044, 23.047], [93.045, 23.047], [93.046, 23.046], [93.047, 23.046], [93.048, 23.046], [93.049, 23.046], [93.05, 23.046], [93.051, 23.045], [93.052, 23.045], [93.053, 23.045], [93.054, 23.045], [93.055, 23.045], [93.055, 23.044], [93.056, 23.044], [93.057, 23.044], [93.058, 23.044], [93.059, 23.044], [93.06, 23.044], [93.061, 23.044], [93.061, 23.043], [93.062, 23.043], [93.063, 23.043], [93.064, 23.043], [93.065, 23.043], [93.066, 23.043], [93.066, 23.042], [93.067, 23.042], [93.067, 23.043], [93.068, 23.043], [93.069, 23.043], [93.069, 23.042], [93.07, 23.041], [93.071, 23.04], [93.073, 23.04], [93.074, 23.039], [93.074, 23.038], [93.075, 23.038], [93.075, 23.037], [93.076, 23.037], [93.077, 23.037], [93.078, 23.037], [93.078, 23.036], [93.079, 23.036], [93.08, 23.036], [93.081, 23.035], [93.081, 23.034], [93.081, 23.033], [93.08, 23.032], [93.08, 23.031], [93.079, 23.031], [93.08, 23.03], [93.081, 23.029], [93.082, 23.029], [93.083, 23.029], [93.084, 23.028], [93.085, 23.028], [93.087, 23.028], [93.088, 23.028], [93.089, 23.028], [93.089, 23.027], [93.09, 23.026], [93.092, 23.025], [93.093, 23.024], [93.094, 23.024], [93.095, 23.024], [93.096, 23.023], [93.097, 23.023], [93.098, 23.023], [93.098, 23.022], [93.098, 23.021], [93.099, 23.021], [93.1, 23.021], [93.101, 23.02], [93.102, 23.02], [93.102, 23.019], [93.103, 23.019], [93.104, 23.019], [93.105, 23.018], [93.106, 23.018], [93.106, 23.017], [93.107, 23.017], [93.108, 23.017], [93.109, 23.016], [93.11, 23.016], [93.11, 23.015], [93.11, 23.014], [93.111, 23.014], [93.112, 23.014], [93.113, 23.014], [93.114, 23.014], [93.115, 23.014], [93.116, 23.013], [93.117, 23.013], [93.117, 23.012], [93.118, 23.012], [93.118, 23.011], [93.118, 23.01], [93.119, 23.01], [93.12, 23.01], [93.12, 23.009], [93.12, 23.008], [93.121, 23.008], [93.122, 23.007], [93.122, 23.006], [93.121, 23.005], [93.121, 23.004], [93.12, 23.003], [93.12, 23.002], [93.121, 23.002], [93.122, 23.002], [93.123, 23.002], [93.124, 23.003], [93.125, 23.003], [93.126, 23.003], [93.126, 23.002], [93.127, 23.001], [93.127, 23.0], [93.127, 22.999], [93.127, 22.998], [93.127, 22.997], [93.127, 22.996], [93.128, 22.996], [93.129, 22.995], [93.129, 22.994], [93.13, 22.994], [93.13, 22.993], [93.131, 22.993], [93.131, 22.992], [93.132, 22.992], [93.132, 22.991], [93.133, 22.991], [93.134, 22.991], [93.135, 22.992], [93.136, 22.992], [93.137, 22.992], [93.138, 22.992], [93.139, 22.991], [93.14, 22.991], [93.141, 22.99], [93.141, 22.989], [93.141, 22.988], [93.141, 22.987], [93.14, 22.987], [93.139, 22.986], [93.139, 22.985], [93.139, 22.984], [93.139, 22.983], [93.139, 22.982], [93.139, 22.981], [93.14, 22.98], [93.141, 22.979], [93.142, 22.978], [93.143, 22.978], [93.143, 22.977], [93.144, 22.977], [93.144, 22.976], [93.144, 22.975], [93.144, 22.974], [93.143, 22.973], [93.143, 22.972], [93.142, 22.972], [93.142, 22.971], [93.141, 22.971], [93.14, 22.971], [93.139, 22.972], [93.138, 22.972], [93.137, 22.972], [93.137, 22.971], [93.136, 22.971], [93.136, 22.97], [93.136, 22.969], [93.136, 22.968], [93.135, 22.968], [93.136, 22.968], [93.136, 22.967], [93.137, 22.966], [93.137, 22.965], [93.137, 22.964], [93.137, 22.963], [93.137, 22.962], [93.138, 22.961], [93.139, 22.96], [93.14, 22.96], [93.141, 22.959], [93.141, 22.958], [93.141, 22.957], [93.141, 22.956], [93.141, 22.955], [93.141, 22.954], [93.14, 22.953], [93.139, 22.952], [93.138, 22.952], [93.138, 22.951], [93.138, 22.95], [93.139, 22.95], [93.139, 22.949], [93.14, 22.949], [93.141, 22.949], [93.142, 22.948], [93.143, 22.948], [93.144, 22.947], [93.145, 22.946], [93.146, 22.945], [93.146, 22.944], [93.146, 22.943], [93.147, 22.942], [93.146, 22.941], [93.146, 22.94], [93.145, 22.939], [93.145, 22.938], [93.145, 22.937], [93.145, 22.936], [93.145, 22.935], [93.145, 22.933], [93.145, 22.932], [93.145, 22.931], [93.146, 22.93], [93.146, 22.929], [93.147, 22.927], [93.147, 22.926], [93.148, 22.926], [93.148, 22.925], [93.149, 22.924], [93.15, 22.923], [93.151, 22.923], [93.151, 22.922], [93.152, 22.922], [93.153, 22.922], [93.153, 22.921], [93.153, 22.92], [93.153, 22.919], [93.153, 22.918], [93.154, 22.918], [93.154, 22.917], [93.155, 22.917], [93.156, 22.918], [93.157, 22.918], [93.158, 22.918], [93.159, 22.918], [93.16, 22.918], [93.16, 22.917], [93.161, 22.917], [93.162, 22.917], [93.163, 22.916], [93.163, 22.915], [93.164, 22.914], [93.164, 22.913], [93.164, 22.912], [93.165, 22.911], [93.165, 22.91], [93.164, 22.91], [93.164, 22.909], [93.163, 22.909], [93.161, 22.909], [93.159, 22.908], [93.158, 22.908], [93.156, 22.908], [93.155, 22.908], [93.154, 22.908], [93.153, 22.908], [93.151, 22.908], [93.15, 22.908], [93.149, 22.909], [93.148, 22.909], [93.148, 22.91], [93.148, 22.911], [93.147, 22.911], [93.146, 22.911], [93.144, 22.912], [93.143, 22.913], [93.142, 22.914], [93.141, 22.914], [93.14, 22.914], [93.139, 22.913], [93.137, 22.913], [93.136, 22.912], [93.136, 22.911], [93.135, 22.91], [93.134, 22.909], [93.134, 22.908], [93.132, 22.907], [93.131, 22.906], [93.131, 22.905], [93.13, 22.904], [93.13, 22.903], [93.129, 22.902], [93.13, 22.901], [93.13, 22.9], [93.13, 22.899], [93.131, 22.899], [93.132, 22.898], [93.133, 22.896], [93.134, 22.895], [93.134, 22.894], [93.134, 22.893], [93.134, 22.892], [93.134, 22.891], [93.134, 22.89], [93.133, 22.888], [93.132, 22.887], [93.132, 22.886], [93.132, 22.885], [93.131, 22.884], [93.13, 22.883], [93.129, 22.882], [93.129, 22.881], [93.129, 22.88], [93.129, 22.879], [93.128, 22.878], [93.127, 22.877], [93.126, 22.876], [93.127, 22.875], [93.127, 22.874], [93.127, 22.873], [93.127, 22.872], [93.127, 22.871], [93.126, 22.87], [93.126, 22.869], [93.125, 22.869], [93.125, 22.868], [93.124, 22.867], [93.123, 22.866], [93.122, 22.866], [93.121, 22.865], [93.119, 22.865], [93.118, 22.864], [93.117, 22.864], [93.117, 22.863], [93.117, 22.862], [93.118, 22.861], [93.118, 22.86], [93.119, 22.859], [93.119, 22.858], [93.119, 22.857], [93.118, 22.856], [93.118, 22.855], [93.117, 22.854], [93.117, 22.853], [93.117, 22.852], [93.117, 22.851], [93.117, 22.85], [93.117, 22.849], [93.117, 22.848], [93.117, 22.847], [93.117, 22.846], [93.117, 22.845], [93.118, 22.844], [93.118, 22.843], [93.118, 22.842], [93.117, 22.841], [93.116, 22.84], [93.116, 22.839], [93.115, 22.838], [93.115, 22.837], [93.115, 22.836], [93.115, 22.835], [93.114, 22.835], [93.113, 22.835], [93.112, 22.834], [93.111, 22.834], [93.11, 22.834], [93.11, 22.833], [93.11, 22.832], [93.111, 22.832], [93.112, 22.831], [93.113, 22.831], [93.113, 22.83], [93.113, 22.829], [93.113, 22.828], [93.112, 22.828], [93.112, 22.827], [93.111, 22.827], [93.11, 22.827], [93.109, 22.827], [93.108, 22.827], [93.107, 22.827], [93.106, 22.826], [93.105, 22.826], [93.104, 22.825], [93.104, 22.824], [93.103, 22.823], [93.104, 22.822], [93.105, 22.821], [93.106, 22.821], [93.107, 22.82], [93.108, 22.82], [93.109, 22.82], [93.11, 22.82], [93.11, 22.819], [93.111, 22.818], [93.11, 22.818], [93.109, 22.816], [93.107, 22.816], [93.107, 22.815], [93.106, 22.815], [93.106, 22.814], [93.106, 22.813], [93.105, 22.813], [93.105, 22.812], [93.104, 22.812], [93.103, 22.811], [93.102, 22.811], [93.101, 22.81], [93.1, 22.81], [93.098, 22.81], [93.097, 22.809], [93.096, 22.808], [93.095, 22.807], [93.095, 22.806], [93.095, 22.805], [93.095, 22.804], [93.095, 22.803], [93.096, 22.802], [93.096, 22.801], [93.096, 22.8], [93.096, 22.799], [93.096, 22.798], [93.096, 22.797], [93.097, 22.796], [93.097, 22.795], [93.097, 22.794], [93.098, 22.793], [93.098, 22.792], [93.098, 22.79], [93.098, 22.789], [93.097, 22.788], [93.097, 22.787], [93.096, 22.786], [93.096, 22.787], [93.095, 22.787], [93.094, 22.788], [93.091, 22.791], [93.09, 22.794], [93.088, 22.795], [93.086, 22.795], [93.084, 22.796], [93.082, 22.798], [93.081, 22.801], [93.081, 22.802], [93.082, 22.804], [93.083, 22.805], [93.084, 22.806], [93.085, 22.807], [93.084, 22.808], [93.083, 22.808], [93.082, 22.808], [93.082, 22.809], [93.081, 22.809], [93.081, 22.808], [93.08, 22.808], [93.079, 22.808], [93.078, 22.808], [93.077, 22.808], [93.076, 22.808], [93.075, 22.808], [93.075, 22.807], [93.074, 22.807], [93.074, 22.806], [93.073, 22.805], [93.072, 22.804], [93.071, 22.804], [93.07, 22.804], [93.069, 22.803], [93.068, 22.803], [93.067, 22.803], [93.067, 22.804], [93.066, 22.804], [93.065, 22.804], [93.064, 22.804], [93.063, 22.805], [93.062, 22.805], [93.062, 22.804], [93.061, 22.804], [93.061, 22.803], [93.061, 22.802], [93.061, 22.801], [93.061, 22.8], [93.061, 22.799], [93.061, 22.798], [93.061, 22.797], [93.061, 22.796], [93.061, 22.795], [93.06, 22.795], [93.06, 22.794], [93.059, 22.794], [93.056, 22.794], [93.054, 22.793], [93.05, 22.794], [93.046, 22.796], [93.043, 22.797], [93.04, 22.797], [93.036, 22.798], [93.033, 22.798], [93.03, 22.796], [93.029, 22.793], [93.028, 22.79], [93.029, 22.789], [93.03, 22.788], [93.03, 22.784], [93.029, 22.783], [93.028, 22.782], [93.022, 22.785], [93.02, 22.786], [93.019, 22.784], [93.018, 22.782], [93.017, 22.78], [93.016, 22.777], [93.015, 22.777], [93.014, 22.776], [93.013, 22.776], [93.012, 22.775], [93.012, 22.773], [93.012, 22.772], [93.012, 22.771], [93.012, 22.77], [93.012, 22.769], [93.012, 22.768], [93.011, 22.767], [93.01, 22.767], [93.01, 22.766], [93.009, 22.766], [93.009, 22.765], [93.009, 22.764], [93.009, 22.763], [93.009, 22.762], [93.009, 22.761], [93.009, 22.76], [93.009, 22.759], [93.009, 22.758], [93.01, 22.757], [93.01, 22.755], [93.01, 22.754], [93.01, 22.753], [93.007, 22.753], [93.005, 22.753], [93.004, 22.753], [93.003, 22.753], [93.003, 22.752], [93.002, 22.752], [93.002, 22.753], [93.001, 22.753], [93.0, 22.754], [92.999, 22.754], [92.998, 22.754], [92.997, 22.754], [92.996, 22.754], [92.995, 22.754], [92.994, 22.753], [92.993, 22.752], [92.992, 22.753], [92.991, 22.754], [92.99, 22.755], [92.989, 22.754], [92.988, 22.754], [92.987, 22.754], [92.986, 22.753], [92.985, 22.753], [92.984, 22.754], [92.984, 22.755], [92.983, 22.755], [92.983, 22.756], [92.982, 22.756], [92.981, 22.756], [92.98, 22.756], [92.98, 22.755], [92.979, 22.755], [92.978, 22.755], [92.978, 22.756], [92.979, 22.756], [92.979, 22.757], [92.978, 22.758], [92.977, 22.759], [92.976, 22.759], [92.975, 22.76], [92.975, 22.761], [92.974, 22.761], [92.974, 22.762], [92.974, 22.763], [92.973, 22.763], [92.972, 22.764], [92.971, 22.764], [92.971, 22.765], [92.97, 22.765], [92.97, 22.766], [92.97, 22.767], [92.969, 22.767], [92.969, 22.768], [92.968, 22.768], [92.967, 22.769], [92.966, 22.77], [92.965, 22.77], [92.965, 22.771], [92.964, 22.772], [92.964, 22.773], [92.964, 22.774], [92.963, 22.774], [92.962, 22.775], [92.961, 22.776], [92.961, 22.777], [92.961, 22.778], [92.961, 22.779], [92.961, 22.78], [92.96, 22.78], [92.96, 22.781], [92.96, 22.78], [92.959, 22.78], [92.959, 22.781], [92.958, 22.781], [92.958, 22.782], [92.958, 22.783], [92.957, 22.783], [92.956, 22.783], [92.955, 22.783], [92.954, 22.784], [92.954, 22.785], [92.954, 22.786], [92.953, 22.786], [92.952, 22.785], [92.951, 22.785], [92.95, 22.786], [92.949, 22.786], [92.948, 22.786], [92.947, 22.786], [92.946, 22.786], [92.946, 22.787], [92.945, 22.787], [92.944, 22.787], [92.944, 22.788], [92.945, 22.789], [92.944, 22.79], [92.943, 22.791], [92.942, 22.791], [92.941, 22.79], [92.94, 22.79], [92.938, 22.791], [92.938, 22.792], [92.937, 22.792], [92.936, 22.791], [92.935, 22.791], [92.934, 22.79], [92.933, 22.791], [92.931, 22.791], [92.931, 22.792], [92.93, 22.792], [92.929, 22.792], [92.928, 22.792], [92.926, 22.792], [92.925, 22.792], [92.924, 22.791], [92.923, 22.79], [92.923, 22.789], [92.923, 22.788], [92.924, 22.787], [92.924, 22.786], [92.923, 22.785], [92.923, 22.784], [92.922, 22.783], [92.922, 22.782], [92.922, 22.781], [92.923, 22.781], [92.923, 22.78], [92.924, 22.78], [92.926, 22.781], [92.928, 22.781], [92.93, 22.781], [92.931, 22.78], [92.933, 22.78], [92.933, 22.778], [92.933, 22.777], [92.933, 22.776], [92.932, 22.776], [92.931, 22.775], [92.93, 22.774], [92.93, 22.775], [92.929, 22.775], [92.928, 22.775], [92.927, 22.775], [92.926, 22.774], [92.925, 22.774], [92.924, 22.773], [92.923, 22.772], [92.922, 22.77], [92.922, 22.769], [92.92, 22.767], [92.919, 22.766], [92.918, 22.765], [92.918, 22.764], [92.918, 22.763], [92.918, 22.762], [92.918, 22.761], [92.918, 22.76], [92.918, 22.759], [92.918, 22.757], [92.919, 22.756], [92.919, 22.755], [92.92, 22.753], [92.92, 22.752], [92.92, 22.751], [92.92, 22.75], [92.919, 22.75], [92.919, 22.749], [92.918, 22.748], [92.918, 22.747], [92.917, 22.747], [92.917, 22.746], [92.917, 22.745], [92.917, 22.744], [92.916, 22.743], [92.916, 22.742], [92.916, 22.741], [92.916, 22.74], [92.917, 22.739], [92.917, 22.738], [92.917, 22.737], [92.917, 22.736], [92.916, 22.735], [92.916, 22.734], [92.915, 22.733], [92.914, 22.732], [92.914, 22.731], [92.913, 22.73], [92.913, 22.729], [92.913, 22.728], [92.913, 22.727], [92.913, 22.726], [92.912, 22.726], [92.91, 22.726], [92.909, 22.726], [92.908, 22.726], [92.908, 22.725], [92.907, 22.724], [92.906, 22.724], [92.906, 22.725], [92.906, 22.726], [92.906, 22.728], [92.906, 22.729], [92.906, 22.73], [92.905, 22.73], [92.904, 22.73], [92.903, 22.73], [92.902, 22.729], [92.9, 22.729], [92.899, 22.73], [92.898, 22.73], [92.898, 22.731], [92.897, 22.731], [92.898, 22.732], [92.898, 22.733], [92.898, 22.734], [92.898, 22.735], [92.897, 22.736], [92.896, 22.736], [92.896, 22.735], [92.896, 22.733], [92.895, 22.732], [92.894, 22.732], [92.893, 22.732], [92.892, 22.732], [92.89, 22.733], [92.889, 22.734], [92.887, 22.736], [92.886, 22.737], [92.885, 22.738], [92.884, 22.738], [92.882, 22.739], [92.881, 22.74], [92.88, 22.741], [92.88, 22.742], [92.879, 22.743], [92.878, 22.743], [92.876, 22.743], [92.875, 22.743], [92.874, 22.743], [92.873, 22.744], [92.872, 22.745], [92.871, 22.746], [92.87, 22.747], [92.869, 22.748], [92.868, 22.749], [92.867, 22.749], [92.867, 22.75], [92.867, 22.751], [92.868, 22.751], [92.868, 22.752], [92.868, 22.753], [92.868, 22.754], [92.869, 22.755], [92.869, 22.756], [92.869, 22.757], [92.869, 22.758], [92.869, 22.759], [92.869, 22.76], [92.868, 22.76], [92.867, 22.76], [92.866, 22.76], [92.865, 22.76], [92.864, 22.76], [92.863, 22.76], [92.862, 22.76], [92.861, 22.76], [92.861, 22.761], [92.86, 22.762], [92.86, 22.763], [92.86, 22.764], [92.86, 22.765], [92.86, 22.766], [92.861, 22.766], [92.861, 22.767], [92.861, 22.768], [92.861, 22.769], [92.861, 22.77], [92.861, 22.771], [92.862, 22.772], [92.863, 22.772], [92.864, 22.773], [92.865, 22.773], [92.866, 22.773], [92.867, 22.774], [92.868, 22.774], [92.868, 22.775], [92.868, 22.776], [92.868, 22.777], [92.868, 22.778], [92.868, 22.779], [92.868, 22.78], [92.869, 22.781], [92.87, 22.781], [92.871, 22.782], [92.872, 22.782], [92.873, 22.782], [92.874, 22.782], [92.874, 22.783], [92.875, 22.783], [92.876, 22.784], [92.877, 22.784], [92.877, 22.785], [92.878, 22.785], [92.879, 22.785], [92.88, 22.785], [92.88, 22.786], [92.88, 22.787], [92.881, 22.788], [92.881, 22.789], [92.881, 22.79], [92.882, 22.79], [92.883, 22.791], [92.884, 22.791], [92.884, 22.792], [92.885, 22.792], [92.886, 22.793], [92.887, 22.793], [92.887, 22.794], [92.888, 22.794], [92.888, 22.795], [92.889, 22.795], [92.89, 22.796], [92.891, 22.797], [92.891, 22.798], [92.892, 22.799], [92.892, 22.8], [92.892, 22.801], [92.891, 22.801], [92.891, 22.802], [92.891, 22.803], [92.891, 22.804], [92.891, 22.805], [92.891, 22.806], [92.891, 22.808], [92.89, 22.809], [92.89, 22.81], [92.891, 22.81], [92.891, 22.811], [92.891, 22.812], [92.891, 22.813], [92.89, 22.814], [92.89, 22.815], [92.89, 22.816], [92.89, 22.817], [92.889, 22.818], [92.889, 22.819], [92.889, 22.82], [92.889, 22.821], [92.889, 22.822], [92.889, 22.823], [92.888, 22.823], [92.888, 22.824], [92.889, 22.825], [92.889, 22.826], [92.889, 22.827], [92.89, 22.827], [92.89, 22.828], [92.89, 22.829], [92.889, 22.829], [92.888, 22.829], [92.888, 22.83], [92.887, 22.83], [92.888, 22.83], [92.888, 22.831], [92.889, 22.831], [92.889, 22.832], [92.889, 22.833], [92.889, 22.834], [92.888, 22.834], [92.888, 22.835], [92.887, 22.835], [92.887, 22.836], [92.886, 22.836], [92.886, 22.837], [92.885, 22.837], [92.884, 22.837], [92.884, 22.838], [92.883, 22.838], [92.882, 22.838], [92.881, 22.838], [92.881, 22.839], [92.88, 22.839], [92.879, 22.839], [92.879, 22.84], [92.878, 22.84], [92.878, 22.841], [92.877, 22.841], [92.876, 22.842], [92.875, 22.842], [92.874, 22.842], [92.874, 22.843], [92.873, 22.843], [92.873, 22.844], [92.873, 22.845], [92.872, 22.845], [92.872, 22.846], [92.871, 22.846], [92.871, 22.847], [92.87, 22.847], [92.87, 22.848], [92.87, 22.849], [92.869, 22.849], [92.869, 22.85], [92.868, 22.85], [92.868, 22.851], [92.868, 22.852], [92.869, 22.853], [92.869, 22.854], [92.869, 22.855], [92.868, 22.855], [92.869, 22.855], [92.869, 22.856], [92.87, 22.857], [92.87, 22.858], [92.87, 22.859], [92.871, 22.859], [92.872, 22.859], [92.872, 22.86], [92.873, 22.86], [92.874, 22.86], [92.875, 22.86], [92.876, 22.86], [92.877, 22.86], [92.878, 22.86], [92.878, 22.861], [92.879, 22.861], [92.879, 22.862], [92.879, 22.863], [92.878, 22.863], [92.878, 22.864], [92.877, 22.864], [92.877, 22.865], [92.876, 22.865], [92.876, 22.866], [92.875, 22.866], [92.875, 22.867], [92.875, 22.868], [92.874, 22.868], [92.874, 22.869], [92.873, 22.869], [92.872, 22.869], [92.872, 22.87], [92.871, 22.87], [92.87, 22.87], [92.869, 22.871], [92.868, 22.871], [92.868, 22.872], [92.867, 22.872], [92.866, 22.872], [92.866, 22.873], [92.866, 22.874], [92.866, 22.875], [92.865, 22.875], [92.864, 22.875], [92.863, 22.874], [92.862, 22.873], [92.861, 22.873], [92.86, 22.872], [92.859, 22.872], [92.859, 22.871], [92.859, 22.872], [92.858, 22.872], [92.858, 22.871], [92.857, 22.871], [92.856, 22.871], [92.855, 22.87], [92.855, 22.871], [92.854, 22.871], [92.854, 22.872], [92.854, 22.873], [92.854, 22.874], [92.854, 22.875], [92.853, 22.875], [92.853, 22.876], [92.852, 22.876], [92.851, 22.876], [92.851, 22.877], [92.851, 22.878], [92.852, 22.878], [92.852, 22.879], [92.853, 22.879], [92.854, 22.879], [92.854, 22.88], [92.855, 22.88], [92.855, 22.881], [92.856, 22.881], [92.857, 22.882], [92.858, 22.882], [92.859, 22.882], [92.859, 22.883], [92.86, 22.883], [92.86, 22.884], [92.86, 22.885], [92.86, 22.886], [92.86, 22.887], [92.86, 22.888], [92.86, 22.889], [92.86, 22.89], [92.861, 22.89], [92.861, 22.891], [92.862, 22.892], [92.863, 22.893], [92.863, 22.894], [92.864, 22.894], [92.864, 22.895], [92.865, 22.895], [92.866, 22.896], [92.867, 22.896], [92.868, 22.896], [92.869, 22.896], [92.87, 22.896], [92.87, 22.897], [92.871, 22.897], [92.871, 22.898], [92.871, 22.899], [92.87, 22.9], [92.87, 22.901], [92.869, 22.901], [92.868, 22.902], [92.867, 22.903], [92.866, 22.903], [92.866, 22.904], [92.866, 22.905], [92.866, 22.906], [92.866, 22.907], [92.866, 22.908], [92.865, 22.909], [92.864, 22.91], [92.863, 22.91], [92.863, 22.911], [92.862, 22.911], [92.862, 22.912], [92.861, 22.912], [92.861, 22.913], [92.86, 22.913], [92.86, 22.914], [92.86, 22.915], [92.86, 22.916], [92.861, 22.917], [92.862, 22.918], [92.863, 22.918], [92.863, 22.919], [92.864, 22.919], [92.864, 22.92], [92.864, 22.921], [92.865, 22.921], [92.865, 22.922], [92.866, 22.922], [92.866, 22.923], [92.867, 22.923], [92.867, 22.924], [92.868, 22.924], [92.869, 22.925], [92.869, 22.926], [92.87, 22.926], [92.87, 22.927], [92.871, 22.927], [92.871, 22.928], [92.872, 22.928], [92.872, 22.929], [92.873, 22.929], [92.873, 22.93], [92.874, 22.93], [92.874, 22.931], [92.875, 22.931], [92.875, 22.932], [92.876, 22.932], [92.876, 22.933], [92.877, 22.933], [92.877, 22.934], [92.878, 22.935], [92.879, 22.936], [92.88, 22.936], [92.88, 22.937], [92.881, 22.937], [92.881, 22.938], [92.881, 22.939], [92.881, 22.94], [92.882, 22.94], [92.883, 22.94], [92.883, 22.941], [92.884, 22.941], [92.885, 22.941], [92.885, 22.942], [92.886, 22.942], [92.886, 22.943], [92.886, 22.944], [92.887, 22.944], [92.887, 22.945], [92.887, 22.946], [92.888, 22.946], [92.888, 22.947], [92.889, 22.947], [92.889, 22.948], [92.889, 22.949], [92.888, 22.949], [92.888, 22.95], [92.889, 22.951], [92.89, 22.952], [92.89, 22.953], [92.89, 22.954], [92.889, 22.954], [92.889, 22.955], [92.89, 22.955], [92.89, 22.956], [92.889, 22.956], [92.889, 22.957], [92.889, 22.958], [92.888, 22.959], [92.888, 22.96], [92.888, 22.961], [92.888, 22.962], [92.888, 22.963], [92.887, 22.963], [92.886, 22.964], [92.885, 22.964], [92.884, 22.965], [92.884, 22.966], [92.884, 22.967], [92.884, 22.968], [92.885, 22.968], [92.885, 22.969], [92.886, 22.969], [92.885, 22.97], [92.885, 22.971], [92.886, 22.971], [92.886, 22.972], [92.887, 22.973], [92.888, 22.973], [92.888, 22.974], [92.888, 22.975], [92.888, 22.976], [92.888, 22.977], [92.889, 22.977], [92.889, 22.978], [92.889, 22.979], [92.89, 22.979], [92.89, 22.98], [92.89, 22.981], [92.889, 22.981], [92.889, 22.982], [92.89, 22.982], [92.89, 22.983], [92.89, 22.984], [92.89, 22.985], [92.89, 22.986], [92.89, 22.987], [92.89, 22.988], [92.89, 22.989], [92.89, 22.99], [92.889, 22.99], [92.888, 22.99], [92.887, 22.99], [92.887, 22.991], [92.886, 22.991], [92.886, 22.992], [92.886, 22.993], [92.885, 22.993], [92.885, 22.994], [92.885, 22.995], [92.886, 22.995], [92.886, 22.996], [92.886, 22.997], [92.885, 22.997], [92.885, 23.0], [92.884, 23.0], [92.884, 23.001], [92.884, 23.002], [92.884, 23.003], [92.883, 23.003], [92.882, 23.004], [92.881, 23.004], [92.882, 23.005], [92.882, 23.006], [92.882, 23.007], [92.882, 23.008], [92.881, 23.008], [92.881, 23.009], [92.882, 23.009], [92.882, 23.01], [92.882, 23.011], [92.882, 23.012], [92.881, 23.012], [92.881, 23.013], [92.881, 23.014], [92.881, 23.015], [92.881, 23.016], [92.881, 23.017], [92.881, 23.018], [92.881, 23.019], [92.881, 23.02], [92.881, 23.021], [92.881, 23.022], [92.881, 23.023], [92.881, 23.024], [92.881, 23.025], [92.882, 23.026], [92.882, 23.027], [92.883, 23.028], [92.883, 23.029], [92.883, 23.03], [92.883, 23.031], [92.883, 23.032], [92.883, 23.033], [92.883, 23.034], [92.883, 23.035], [92.883, 23.036], [92.883, 23.037], [92.883, 23.038], [92.884, 23.039], [92.884, 23.04], [92.884, 23.041], [92.884, 23.042], [92.883, 23.042], [92.883, 23.043], [92.883, 23.044], [92.882, 23.045], [92.882, 23.046], [92.881, 23.047], [92.88, 23.048], [92.88, 23.049], [92.879, 23.049], [92.879, 23.05], [92.878, 23.05], [92.878, 23.051], [92.877, 23.051], [92.877, 23.052], [92.876, 23.053], [92.876, 23.054], [92.876, 23.055], [92.875, 23.056], [92.875, 23.057], [92.875, 23.058], [92.875, 23.059], [92.875, 23.06], [92.875, 23.061], [92.876, 23.062], [92.877, 23.064], [92.878, 23.066], [92.878, 23.068], [92.878, 23.07], [92.878, 23.073], [92.878, 23.075], [92.878, 23.076], [92.877, 23.076], [92.876, 23.076], [92.875, 23.077], [92.874, 23.078], [92.874, 23.079], [92.874, 23.08], [92.875, 23.082], [92.875, 23.083], [92.874, 23.083], [92.873, 23.082], [92.872, 23.082], [92.871, 23.083], [92.871, 23.084], [92.871, 23.085], [92.87, 23.085], [92.87, 23.086], [92.87, 23.087], [92.869, 23.087], [92.868, 23.088], [92.867, 23.089], [92.866, 23.089], [92.865, 23.089], [92.864, 23.089], [92.864, 23.09], [92.863, 23.09], [92.863, 23.091], [92.863, 23.092], [92.863, 23.093], [92.863, 23.094], [92.864, 23.095], [92.864, 23.096], [92.865, 23.097], [92.865, 23.098], [92.865, 23.099], [92.865, 23.1], [92.865, 23.101], [92.865, 23.102], [92.866, 23.102], [92.867, 23.101], [92.867, 23.102], [92.868, 23.102], [92.868, 23.103], [92.868, 23.104], [92.869, 23.105], [92.869, 23.106], [92.87, 23.106], [92.87, 23.107], [92.87, 23.108], [92.87, 23.109], [92.869, 23.109], [92.869, 23.11], [92.868, 23.11], [92.868, 23.111], [92.868, 23.112], [92.868, 23.113], [92.868, 23.114], [92.868, 23.115], [92.869, 23.115], [92.869, 23.116], [92.869, 23.117], [92.869, 23.118], [92.868, 23.118], [92.867, 23.119], [92.866, 23.119], [92.865, 23.12], [92.864, 23.12], [92.863, 23.12], [92.862, 23.12], [92.861, 23.12], [92.86, 23.12], [92.859, 23.12], [92.859, 23.121], [92.859, 23.122], [92.859, 23.123], [92.859, 23.124], [92.859, 23.125], [92.859, 23.126], [92.859, 23.127], [92.859, 23.128], [92.859, 23.129], [92.859, 23.13], [92.859, 23.131], [92.86, 23.132], [92.861, 23.132], [92.862, 23.132], [92.863, 23.132], [92.864, 23.132], [92.864, 23.133], [92.864, 23.134], [92.864, 23.135], [92.865, 23.136], [92.865, 23.137], [92.865, 23.138], [92.864, 23.139], [92.863, 23.14], [92.863, 23.141], [92.862, 23.142], [92.862, 23.143], [92.862, 23.144], [92.862, 23.145], [92.863, 23.145], [92.863, 23.146], [92.864, 23.146], [92.864, 23.147], [92.865, 23.147], [92.865, 23.148], [92.865, 23.149], [92.865, 23.15], [92.866, 23.15], [92.865, 23.15], [92.865, 23.151], [92.865, 23.152], [92.865, 23.153], [92.865, 23.154], [92.865, 23.155], [92.865, 23.156], [92.864, 23.156], [92.864, 23.157], [92.865, 23.157], [92.866, 23.157], [92.866, 23.158], [92.866, 23.159], [92.867, 23.159], [92.867, 23.16], [92.867, 23.161], [92.867, 23.162], [92.868, 23.162], [92.868, 23.163], [92.868, 23.164], [92.868, 23.165], [92.867, 23.166], [92.866, 23.166], [92.865, 23.166], [92.865, 23.167], [92.864, 23.167], [92.864, 23.168], [92.864, 23.169], [92.864, 23.17], [92.865, 23.17], [92.866, 23.17], [92.866, 23.171], [92.866, 23.172], [92.866, 23.173], [92.866, 23.174], [92.866, 23.175], [92.867, 23.175], [92.869, 23.176], [92.87, 23.176], [92.87, 23.175], [92.871, 23.175], [92.871, 23.174], [92.871, 23.173], [92.872, 23.172], [92.873, 23.172], [92.873, 23.171], [92.874, 23.171], [92.874, 23.17], [92.875, 23.17], [92.876, 23.17], [92.877, 23.17], [92.879, 23.17], [92.88, 23.17], [92.881, 23.17], [92.882, 23.17], [92.883, 23.17], [92.884, 23.171], [92.885, 23.172], [92.886, 23.173], [92.886, 23.174], [92.887, 23.175], [92.889, 23.175], [92.889, 23.176], [92.89, 23.176], [92.891, 23.177], [92.893, 23.178], [92.895, 23.178], [92.896, 23.178], [92.897, 23.178], [92.898, 23.178], [92.899, 23.178], [92.901, 23.177], [92.902, 23.177], [92.903, 23.177], [92.904, 23.177], [92.905, 23.177], [92.905, 23.178], [92.906, 23.178], [92.907, 23.179], [92.908, 23.18], [92.909, 23.18], [92.91, 23.18], [92.91, 23.181], [92.911, 23.181], [92.912, 23.182], [92.913, 23.182], [92.914, 23.183], [92.915, 23.183], [92.915, 23.184], [92.916, 23.185], [92.916, 23.186], [92.916, 23.187], [92.917, 23.188], [92.917, 23.189], [92.918, 23.189], [92.919, 23.189], [92.919, 23.188], [92.919, 23.187], [92.92, 23.187]]]}, "properties": {"OBJECTID": 5883, "stcode11": "15", "dtcode11": "793", "sdtcode11": "01915", "stname": "MIZORAM", "dtname": "Hnahthial", "sdtname": "Hnahthial", "subdt_lgd": 1915, "dist_lgd": 726, "state_lgd": 15, "shape_Length": 209003.4469890703, "shape_Area": 1102046544.4515483, "st_area_sh": 0, "st_length_": 0, "remarks": "", "ac_no": null, "test": 5888}}, {"type": "Feature", "geometry": {"type": "Polygon", "coordinates": [[[92.544, 22.757], [92.544, 22.756], [92.545, 22.755], [92.546, 22.755], [92.546, 22.754], [92.547, 22.754], [92.548, 22.753], [92.548, 22.752], [92.549, 22.751], [92.55, 22.751], [92.551, 22.751], [92.551, 22.75], [92.552, 22.75], [92.552, 22.749], [92.553, 22.748], [92.554, 22.748], [92.555, 22.748], [92.556, 22.748], [92.557, 22.748], [92.558, 22.748], [92.558, 22.747], [92.558, 22.746], [92.559, 22.746], [92.559, 22.745], [92.56, 22.745], [92.56, 22.743], [92.56, 22.742], [92.561, 22.742], [92.561, 22.741], [92.561, 22.74], [92.561, 22.739], [92.561, 22.738], [92.562, 22.738], [92.563, 22.738], [92.563, 22.737], [92.564, 22.736], [92.565, 22.736], [92.565, 22.735], [92.565, 22.734], [92.565, 22.733], [92.565, 22.732], [92.566, 22.732], [92.567, 22.732], [92.568, 22.732], [92.568, 22.733], [92.569, 22.733], [92.569, 22.732], [92.57, 22.733], [92.571, 22.733], [92.571, 22.734], [92.571, 22.735], [92.572, 22.735], [92.573, 22.735], [92.573, 22.736], [92.574, 22.736], [92.575, 22.736], [92.575, 22.737], [92.575, 22.738], [92.576, 22.739], [92.577, 22.739], [92.578, 22.739], [92.578, 22.74], [92.577, 22.74], [92.577, 22.741], [92.578, 22.742], [92.579, 22.742], [92.579, 22.743], [92.578, 22.744], [92.578, 22.745], [92.577, 22.746], [92.577, 22.747], [92.577, 22.748], [92.577, 22.749], [92.577, 22.75], [92.576, 22.75], [92.576, 22.751], [92.577, 22.751], [92.577, 22.752], [92.578, 22.753], [92.578, 22.754], [92.578, 22.755], [92.579, 22.755], [92.58, 22.755], [92.58, 22.754], [92.58, 22.753], [92.581, 22.752], [92.582, 22.751], [92.583, 22.751], [92.583, 22.75], [92.583, 22.749], [92.584, 22.748], [92.585, 22.747], [92.586, 22.746], [92.586, 22.745], [92.587, 22.745], [92.588, 22.745], [92.589, 22.745], [92.59, 22.745], [92.591, 22.744], [92.591, 22.743], [92.59, 22.742], [92.589, 22.742], [92.588, 22.741], [92.587, 22.741], [92.586, 22.74], [92.586, 22.739], [92.586, 22.738], [92.586, 22.737], [92.587, 22.737], [92.587, 22.736], [92.588, 22.735], [92.589, 22.734], [92.589, 22.733], [92.59, 22.732], [92.59, 22.731], [92.591, 22.731], [92.592, 22.731], [92.593, 22.731], [92.593, 22.732], [92.594, 22.732], [92.595, 22.732], [92.596, 22.732], [92.596, 22.731], [92.596, 22.73], [92.595, 22.729], [92.594, 22.729], [92.594, 22.728], [92.593, 22.728], [92.593, 22.727], [92.593, 22.726], [92.594, 22.725], [92.595, 22.724], [92.596, 22.723], [92.597, 22.722], [92.598, 22.722], [92.599, 22.721], [92.6, 22.721], [92.601, 22.721], [92.602, 22.721], [92.602, 22.72], [92.602, 22.719], [92.601, 22.718], [92.6, 22.717], [92.598, 22.717], [92.597, 22.716], [92.597, 22.715], [92.598, 22.714], [92.598, 22.713], [92.597, 22.712], [92.596, 22.712], [92.595, 22.711], [92.594, 22.711], [92.594, 22.71], [92.594, 22.709], [92.594, 22.708], [92.594, 22.707], [92.595, 22.706], [92.596, 22.705], [92.596, 22.704], [92.596, 22.703], [92.597, 22.703], [92.596, 22.702], [92.596, 22.701], [92.596, 22.7], [92.596, 22.699], [92.596, 22.698], [92.596, 22.697], [92.597, 22.696], [92.597, 22.695], [92.598, 22.695], [92.599, 22.695], [92.6, 22.694], [92.601, 22.694], [92.602, 22.694], [92.603, 22.693], [92.604, 22.693], [92.604, 22.692], [92.605, 22.691], [92.605, 22.69], [92.605, 22.689], [92.606, 22.689], [92.606, 22.688], [92.606, 22.687], [92.606, 22.686], [92.606, 22.685], [92.607, 22.684], [92.607, 22.683], [92.607, 22.682], [92.608, 22.682], [92.609, 22.681], [92.61, 22.681], [92.611, 22.681], [92.612, 22.681], [92.612, 22.68], [92.613, 22.68], [92.613, 22.679], [92.614, 22.679], [92.615, 22.68], [92.616, 22.681], [92.616, 22.682], [92.616, 22.683], [92.616, 22.684], [92.616, 22.685], [92.617, 22.685], [92.617, 22.684], [92.617, 22.683], [92.617, 22.682], [92.617, 22.681], [92.618, 22.681], [92.618, 22.68], [92.618, 22.679], [92.617, 22.678], [92.617, 22.677], [92.617, 22.676], [92.617, 22.675], [92.617, 22.674], [92.617, 22.673], [92.617, 22.672], [92.618, 22.671], [92.619, 22.671], [92.619, 22.67], [92.62, 22.67], [92.621, 22.67], [92.621, 22.671], [92.622, 22.67], [92.623, 22.671], [92.624, 22.671], [92.625, 22.671], [92.626, 22.671], [92.627, 22.671], [92.628, 22.67], [92.628, 22.669], [92.629, 22.668], [92.629, 22.667], [92.63, 22.666], [92.629, 22.665], [92.629, 22.664], [92.628, 22.664], [92.628, 22.663], [92.627, 22.663], [92.626, 22.663], [92.625, 22.662], [92.626, 22.661], [92.626, 22.66], [92.627, 22.659], [92.628, 22.658], [92.629, 22.658], [92.63, 22.658], [92.631, 22.658], [92.632, 22.658], [92.633, 22.658], [92.633, 22.657], [92.634, 22.657], [92.635, 22.657], [92.636, 22.657], [92.637, 22.657], [92.638, 22.657], [92.639, 22.657], [92.639, 22.656], [92.639, 22.655], [92.64, 22.655], [92.64, 22.654], [92.64, 22.653], [92.641, 22.653], [92.641, 22.652], [92.641, 22.651], [92.641, 22.65], [92.642, 22.65], [92.642, 22.649], [92.643, 22.649], [92.644, 22.649], [92.644, 22.648], [92.645, 22.648], [92.645, 22.647], [92.644, 22.647], [92.644, 22.646], [92.644, 22.644], [92.644, 22.643], [92.644, 22.642], [92.644, 22.641], [92.644, 22.64], [92.644, 22.639], [92.644, 22.638], [92.644, 22.637], [92.644, 22.636], [92.645, 22.635], [92.645, 22.634], [92.646, 22.634], [92.646, 22.633], [92.646, 22.632], [92.645, 22.632], [92.645, 22.631], [92.644, 22.632], [92.643, 22.632], [92.642, 22.633], [92.642, 22.632], [92.641, 22.632], [92.642, 22.632], [92.642, 22.631], [92.643, 22.63], [92.643, 22.629], [92.643, 22.628], [92.642, 22.627], [92.641, 22.626], [92.641, 22.625], [92.64, 22.625], [92.64, 22.624], [92.641, 22.623], [92.641, 22.622], [92.642, 22.621], [92.643, 22.621], [92.644, 22.621], [92.645, 22.621], [92.646, 22.62], [92.647, 22.619], [92.647, 22.618], [92.646, 22.618], [92.646, 22.617], [92.645, 22.617], [92.644, 22.617], [92.643, 22.616], [92.643, 22.615], [92.643, 22.614], [92.644, 22.613], [92.644, 22.612], [92.645, 22.611], [92.645, 22.61], [92.645, 22.609], [92.644, 22.608], [92.643, 22.608], [92.642, 22.608], [92.641, 22.608], [92.64, 22.609], [92.639, 22.609], [92.638, 22.609], [92.637, 22.61], [92.636, 22.61], [92.635, 22.61], [92.634, 22.61], [92.633, 22.61], [92.632, 22.61], [92.631, 22.61], [92.63, 22.609], [92.63, 22.608], [92.63, 22.607], [92.631, 22.607], [92.631, 22.606], [92.632, 22.607], [92.633, 22.607], [92.634, 22.606], [92.635, 22.606], [92.635, 22.605], [92.636, 22.605], [92.636, 22.604], [92.637, 22.604], [92.638, 22.604], [92.638, 22.603], [92.638, 22.602], [92.638, 22.601], [92.638, 22.6], [92.638, 22.599], [92.639, 22.599], [92.64, 22.599], [92.641, 22.599], [92.641, 22.598], [92.642, 22.598], [92.643, 22.598], [92.643, 22.597], [92.643, 22.595], [92.643, 22.594], [92.642, 22.594], [92.641, 22.594], [92.639, 22.594], [92.639, 22.595], [92.638, 22.595], [92.637, 22.595], [92.636, 22.596], [92.635, 22.597], [92.635, 22.598], [92.634, 22.598], [92.634, 22.599], [92.633, 22.599], [92.632, 22.599], [92.632, 22.6], [92.631, 22.6], [92.63, 22.601], [92.629, 22.601], [92.628, 22.601], [92.628, 22.6], [92.627, 22.599], [92.627, 22.598], [92.627, 22.597], [92.627, 22.596], [92.628, 22.596], [92.628, 22.595], [92.628, 22.594], [92.628, 22.593], [92.628, 22.59], [92.628, 22.589], [92.628, 22.588], [92.629, 22.587], [92.629, 22.586], [92.629, 22.585], [92.628, 22.584], [92.628, 22.583], [92.628, 22.582], [92.628, 22.581], [92.628, 22.58], [92.629, 22.58], [92.628, 22.579], [92.627, 22.579], [92.627, 22.578], [92.626, 22.578], [92.626, 22.577], [92.625, 22.577], [92.626, 22.577], [92.626, 22.576], [92.627, 22.576], [92.628, 22.575], [92.629, 22.575], [92.63, 22.574], [92.63, 22.573], [92.631, 22.573], [92.632, 22.573], [92.633, 22.573], [92.634, 22.572], [92.634, 22.571], [92.633, 22.571], [92.632, 22.57], [92.631, 22.57], [92.63, 22.57], [92.629, 22.57], [92.628, 22.57], [92.627, 22.569], [92.627, 22.568], [92.627, 22.567], [92.627, 22.566], [92.627, 22.565], [92.626, 22.564], [92.626, 22.563], [92.626, 22.562], [92.625, 22.562], [92.625, 22.561], [92.625, 22.56], [92.625, 22.559], [92.624, 22.558], [92.624, 22.557], [92.624, 22.556], [92.624, 22.555], [92.624, 22.554], [92.624, 22.553], [92.623, 22.553], [92.623, 22.552], [92.622, 22.552], [92.622, 22.551], [92.622, 22.55], [92.622, 22.549], [92.622, 22.547], [92.622, 22.546], [92.622, 22.545], [92.623, 22.544], [92.624, 22.544], [92.624, 22.543], [92.625, 22.542], [92.625, 22.541], [92.625, 22.54], [92.624, 22.54], [92.624, 22.539], [92.623, 22.539], [92.623, 22.538], [92.622, 22.538], [92.622, 22.537], [92.622, 22.536], [92.623, 22.536], [92.624, 22.536], [92.624, 22.535], [92.625, 22.535], [92.625, 22.534], [92.625, 22.533], [92.624, 22.532], [92.624, 22.531], [92.624, 22.53], [92.624, 22.529], [92.624, 22.528], [92.625, 22.527], [92.626, 22.526], [92.626, 22.525], [92.627, 22.525], [92.627, 22.524], [92.628, 22.523], [92.628, 22.522], [92.627, 22.522], [92.626, 22.521], [92.625, 22.521], [92.625, 22.52], [92.624, 22.519], [92.624, 22.518], [92.623, 22.517], [92.623, 22.516], [92.623, 22.515], [92.623, 22.514], [92.623, 22.513], [92.624, 22.513], [92.624, 22.512], [92.625, 22.511], [92.625, 22.51], [92.625, 22.509], [92.626, 22.509], [92.626, 22.508], [92.626, 22.507], [92.625, 22.507], [92.625, 22.506], [92.625, 22.505], [92.625, 22.504], [92.626, 22.504], [92.627, 22.504], [92.627, 22.503], [92.628, 22.503], [92.629, 22.503], [92.629, 22.502], [92.63, 22.501], [92.63, 22.5], [92.631, 22.5], [92.631, 22.499], [92.632, 22.498], [92.633, 22.498], [92.633, 22.499], [92.634, 22.5], [92.635, 22.499], [92.636, 22.499], [92.636, 22.498], [92.637, 22.498], [92.637, 22.497], [92.637, 22.496], [92.637, 22.495], [92.636, 22.495], [92.636, 22.494], [92.635, 22.494], [92.634, 22.494], [92.634, 22.493], [92.633, 22.493], [92.632, 22.492], [92.632, 22.491], [92.632, 22.49], [92.631, 22.49], [92.631, 22.489], [92.63, 22.489], [92.63, 22.49], [92.63, 22.491], [92.629, 22.491], [92.628, 22.491], [92.627, 22.491], [92.627, 22.49], [92.627, 22.489], [92.626, 22.488], [92.626, 22.487], [92.626, 22.486], [92.627, 22.485], [92.627, 22.484], [92.628, 22.484], [92.628, 22.483], [92.628, 22.482], [92.628, 22.481], [92.628, 22.48], [92.628, 22.479], [92.629, 22.478], [92.629, 22.477], [92.629, 22.476], [92.629, 22.475], [92.629, 22.474], [92.629, 22.473], [92.629, 22.472], [92.629, 22.471], [92.63, 22.47], [92.63, 22.469], [92.63, 22.468], [92.63, 22.467], [92.63, 22.466], [92.631, 22.466], [92.632, 22.466], [92.633, 22.466], [92.633, 22.467], [92.633, 22.468], [92.633, 22.469], [92.634, 22.469], [92.634, 22.468], [92.635, 22.468], [92.634, 22.467], [92.635, 22.467], [92.636, 22.467], [92.637, 22.467], [92.637, 22.466], [92.638, 22.466], [92.638, 22.465], [92.638, 22.464], [92.639, 22.464], [92.639, 22.463], [92.64, 22.462], [92.641, 22.462], [92.642, 22.462], [92.642, 22.461], [92.643, 22.461], [92.643, 22.46], [92.643, 22.459], [92.644, 22.459], [92.644, 22.458], [92.645, 22.458], [92.646, 22.457], [92.647, 22.457], [92.647, 22.456], [92.647, 22.455], [92.646, 22.454], [92.645, 22.454], [92.644, 22.453], [92.643, 22.453], [92.642, 22.452], [92.641, 22.451], [92.64, 22.45], [92.639, 22.45], [92.638, 22.449], [92.637, 22.449], [92.636, 22.448], [92.636, 22.447], [92.637, 22.447], [92.638, 22.447], [92.639, 22.447], [92.64, 22.447], [92.641, 22.447], [92.641, 22.448], [92.641, 22.449], [92.642, 22.449], [92.642, 22.45], [92.643, 22.45], [92.643, 22.449], [92.643, 22.448], [92.644, 22.448], [92.644, 22.447], [92.643, 22.446], [92.642, 22.446], [92.641, 22.445], [92.64, 22.445], [92.639, 22.444], [92.639, 22.443], [92.638, 22.442], [92.638, 22.441], [92.637, 22.44], [92.636, 22.439], [92.636, 22.438], [92.636, 22.437], [92.636, 22.436], [92.637, 22.435], [92.638, 22.435], [92.639, 22.434], [92.64, 22.434], [92.641, 22.434], [92.642, 22.433], [92.642, 22.432], [92.642, 22.431], [92.643, 22.43], [92.644, 22.43], [92.644, 22.429], [92.645, 22.428], [92.646, 22.428], [92.647, 22.427], [92.648, 22.427], [92.649, 22.427], [92.649, 22.426], [92.648, 22.426], [92.648, 22.425], [92.647, 22.425], [92.646, 22.424], [92.646, 22.423], [92.647, 22.423], [92.647, 22.422], [92.648, 22.422], [92.648, 22.423], [92.649, 22.423], [92.65, 22.423], [92.651, 22.423], [92.652, 22.423], [92.653, 22.423], [92.654, 22.423], [92.654, 22.422], [92.653, 22.421], [92.653, 22.42], [92.652, 22.42], [92.652, 22.419], [92.651, 22.419], [92.651, 22.418], [92.65, 22.417], [92.649, 22.417], [92.648, 22.416], [92.648, 22.415], [92.647, 22.415], [92.646, 22.414], [92.645, 22.413], [92.645, 22.412], [92.644, 22.412], [92.644, 22.411], [92.643, 22.411], [92.642, 22.41], [92.641, 22.41], [92.641, 22.411], [92.64, 22.411], [92.64, 22.412], [92.639, 22.412], [92.638, 22.412], [92.638, 22.411], [92.638, 22.41], [92.638, 22.409], [92.638, 22.408], [92.638, 22.407], [92.639, 22.406], [92.64, 22.405], [92.64, 22.404], [92.64, 22.403], [92.64, 22.402], [92.639, 22.402], [92.639, 22.401], [92.638, 22.4], [92.638, 22.399], [92.637, 22.399], [92.637, 22.398], [92.637, 22.397], [92.637, 22.396], [92.637, 22.395], [92.637, 22.394], [92.637, 22.393], [92.637, 22.392], [92.638, 22.392], [92.639, 22.391], [92.64, 22.392], [92.641, 22.391], [92.642, 22.391], [92.643, 22.391], [92.644, 22.391], [92.645, 22.391], [92.646, 22.391], [92.647, 22.391], [92.648, 22.391], [92.649, 22.391], [92.649, 22.39], [92.65, 22.39], [92.65, 22.389], [92.649, 22.388], [92.648, 22.388], [92.647, 22.388], [92.646, 22.388], [92.646, 22.387], [92.646, 22.386], [92.646, 22.385], [92.646, 22.384], [92.646, 22.383], [92.646, 22.382], [92.646, 22.381], [92.647, 22.381], [92.647, 22.38], [92.647, 22.379], [92.648, 22.379], [92.648, 22.378], [92.649, 22.377], [92.649, 22.376], [92.65, 22.376], [92.65, 22.375], [92.65, 22.374], [92.649, 22.374], [92.648, 22.373], [92.647, 22.373], [92.646, 22.373], [92.646, 22.372], [92.646, 22.371], [92.645, 22.371], [92.645, 22.37], [92.644, 22.37], [92.644, 22.369], [92.643, 22.369], [92.643, 22.368], [92.643, 22.367], [92.644, 22.367], [92.645, 22.367], [92.645, 22.368], [92.646, 22.368], [92.647, 22.368], [92.648, 22.368], [92.649, 22.368], [92.649, 22.367], [92.649, 22.366], [92.648, 22.365], [92.647, 22.365], [92.646, 22.364], [92.645, 22.364], [92.645, 22.363], [92.644, 22.363], [92.643, 22.363], [92.642, 22.363], [92.642, 22.362], [92.641, 22.362], [92.641, 22.361], [92.64, 22.361], [92.639, 22.361], [92.639, 22.36], [92.638, 22.359], [92.637, 22.359], [92.637, 22.358], [92.637, 22.357], [92.637, 22.356], [92.637, 22.355], [92.637, 22.354], [92.637, 22.353], [92.636, 22.352], [92.637, 22.351], [92.637, 22.35], [92.637, 22.349], [92.636, 22.349], [92.636, 22.348], [92.635, 22.348], [92.634, 22.348], [92.634, 22.347], [92.634, 22.346], [92.634, 22.345], [92.634, 22.344], [92.634, 22.343], [92.635, 22.343], [92.635, 22.342], [92.636, 22.342], [92.637, 22.341], [92.638, 22.341], [92.638, 22.34], [92.639, 22.34], [92.64, 22.34], [92.641, 22.34], [92.642, 22.34], [92.642, 22.339], [92.642, 22.338], [92.643, 22.338], [92.643, 22.337], [92.643, 22.336], [92.643, 22.335], [92.643, 22.334], [92.642, 22.334], [92.642, 22.333], [92.643, 22.333], [92.644, 22.333], [92.645, 22.333], [92.646, 22.333], [92.646, 22.332], [92.646, 22.331], [92.645, 22.331], [92.644, 22.33], [92.643, 22.329], [92.644, 22.328], [92.644, 22.327], [92.643, 22.327], [92.643, 22.326], [92.643, 22.325], [92.643, 22.324], [92.643, 22.323], [92.642, 22.322], [92.642, 22.321], [92.642, 22.32], [92.642, 22.319], [92.643, 22.32], [92.644, 22.32], [92.644, 22.319], [92.645, 22.319], [92.646, 22.32], [92.646, 22.319], [92.647, 22.319], [92.647, 22.318], [92.646, 22.318], [92.645, 22.317], [92.644, 22.316], [92.645, 22.316], [92.646, 22.316], [92.647, 22.316], [92.648, 22.316], [92.649, 22.316], [92.65, 22.315], [92.649, 22.315], [92.649, 22.314], [92.649, 22.313], [92.649, 22.312], [92.648, 22.312], [92.648, 22.311], [92.647, 22.311], [92.647, 22.31], [92.646, 22.31], [92.646, 22.309], [92.647, 22.309], [92.647, 22.31], [92.648, 22.31], [92.649, 22.31], [92.65, 22.31], [92.651, 22.309], [92.651, 22.308], [92.652, 22.308], [92.651, 22.308], [92.651, 22.307], [92.65, 22.306], [92.65, 22.305], [92.651, 22.305], [92.652, 22.305], [92.653, 22.305], [92.654, 22.305], [92.654, 22.304], [92.654, 22.303], [92.655, 22.302], [92.655, 22.301], [92.655, 22.3], [92.655, 22.299], [92.654, 22.299], [92.654, 22.3], [92.653, 22.3], [92.653, 22.301], [92.652, 22.301], [92.651, 22.301], [92.651, 22.3], [92.651, 22.299], [92.651, 22.298], [92.651, 22.297], [92.651, 22.296], [92.652, 22.296], [92.652, 22.295], [92.653, 22.295], [92.654, 22.295], [92.655, 22.295], [92.655, 22.296], [92.656, 22.296], [92.657, 22.296], [92.657, 22.295], [92.657, 22.294], [92.656, 22.293], [92.656, 22.292], [92.655, 22.292], [92.654, 22.292], [92.653, 22.292], [92.652, 22.292], [92.651, 22.293], [92.65, 22.293], [92.649, 22.294], [92.648, 22.295], [92.647, 22.295], [92.647, 22.294], [92.647, 22.293], [92.646, 22.292], [92.645, 22.292], [92.645, 22.293], [92.644, 22.293], [92.644, 22.292], [92.643, 22.292], [92.643, 22.291], [92.644, 22.29], [92.644, 22.288], [92.644, 22.287], [92.644, 22.286], [92.643, 22.285], [92.643, 22.284], [92.642, 22.284], [92.641, 22.284], [92.641, 22.283], [92.64, 22.283], [92.639, 22.283], [92.639, 22.282], [92.64, 22.282], [92.64, 22.281], [92.641, 22.281], [92.641, 22.28], [92.641, 22.279], [92.64, 22.279], [92.639, 22.279], [92.638, 22.279], [92.637, 22.278], [92.637, 22.277], [92.637, 22.276], [92.637, 22.275], [92.637, 22.274], [92.637, 22.273], [92.636, 22.272], [92.636, 22.271], [92.636, 22.27], [92.636, 22.269], [92.637, 22.269], [92.637, 22.268], [92.636, 22.268], [92.636, 22.267], [92.636, 22.266], [92.636, 22.265], [92.636, 22.264], [92.636, 22.263], [92.636, 22.262], [92.636, 22.261], [92.637, 22.261], [92.636, 22.26], [92.636, 22.259], [92.636, 22.258], [92.637, 22.257], [92.637, 22.256], [92.637, 22.255], [92.637, 22.254], [92.638, 22.254], [92.639, 22.254], [92.639, 22.253], [92.64, 22.253], [92.639, 22.252], [92.639, 22.251], [92.639, 22.25], [92.64, 22.25], [92.641, 22.25], [92.642, 22.25], [92.642, 22.249], [92.642, 22.248], [92.641, 22.248], [92.641, 22.247], [92.641, 22.246], [92.641, 22.245], [92.642, 22.245], [92.642, 22.244], [92.642, 22.243], [92.642, 22.242], [92.641, 22.242], [92.641, 22.241], [92.64, 22.241], [92.64, 22.24], [92.64, 22.239], [92.641, 22.239], [92.641, 22.238], [92.641, 22.237], [92.641, 22.236], [92.64, 22.236], [92.639, 22.236], [92.64, 22.236], [92.64, 22.235], [92.64, 22.234], [92.641, 22.234], [92.641, 22.233], [92.641, 22.232], [92.641, 22.231], [92.641, 22.23], [92.64, 22.23], [92.64, 22.229], [92.641, 22.229], [92.641, 22.228], [92.642, 22.228], [92.641, 22.227], [92.64, 22.227], [92.64, 22.226], [92.639, 22.226], [92.639, 22.225], [92.638, 22.225], [92.638, 22.226], [92.637, 22.226], [92.637, 22.225], [92.638, 22.225], [92.638, 22.224], [92.639, 22.224], [92.64, 22.224], [92.64, 22.223], [92.641, 22.223], [92.641, 22.222], [92.641, 22.221], [92.642, 22.221], [92.642, 22.22], [92.642, 22.219], [92.641, 22.218], [92.64, 22.218], [92.64, 22.217], [92.639, 22.217], [92.639, 22.218], [92.638, 22.218], [92.637, 22.218], [92.637, 22.217], [92.638, 22.217], [92.638, 22.216], [92.638, 22.215], [92.638, 22.214], [92.638, 22.213], [92.637, 22.213], [92.637, 22.212], [92.637, 22.211], [92.638, 22.211], [92.639, 22.211], [92.639, 22.21], [92.639, 22.209], [92.638, 22.209], [92.639, 22.209], [92.64, 22.208], [92.641, 22.208], [92.641, 22.207], [92.642, 22.207], [92.641, 22.207], [92.641, 22.206], [92.641, 22.205], [92.64, 22.205], [92.64, 22.204], [92.639, 22.204], [92.639, 22.203], [92.638, 22.202], [92.639, 22.202], [92.639, 22.201], [92.64, 22.201], [92.64, 22.202], [92.64, 22.201], [92.641, 22.201], [92.642, 22.201], [92.643, 22.201], [92.643, 22.2], [92.643, 22.199], [92.643, 22.198], [92.643, 22.197], [92.643, 22.196], [92.643, 22.195], [92.643, 22.194], [92.644, 22.194], [92.644, 22.193], [92.644, 22.192], [92.645, 22.192], [92.645, 22.191], [92.644, 22.191], [92.643, 22.191], [92.642, 22.191], [92.642, 22.19], [92.642, 22.189], [92.643, 22.189], [92.643, 22.188], [92.643, 22.187], [92.643, 22.186], [92.642, 22.186], [92.641, 22.186], [92.64, 22.186], [92.639, 22.186], [92.639, 22.185], [92.639, 22.184], [92.64, 22.184], [92.641, 22.184], [92.642, 22.184], [92.643, 22.184], [92.643, 22.183], [92.644, 22.183], [92.645, 22.183], [92.645, 22.182], [92.645, 22.181], [92.645, 22.18], [92.645, 22.179], [92.644, 22.178], [92.643, 22.178], [92.643, 22.177], [92.644, 22.177], [92.644, 22.176], [92.644, 22.175], [92.643, 22.175], [92.642, 22.175], [92.642, 22.174], [92.643, 22.174], [92.644, 22.174], [92.644, 22.173], [92.645, 22.173], [92.645, 22.172], [92.645, 22.171], [92.644, 22.171], [92.643, 22.171], [92.642, 22.171], [92.642, 22.17], [92.641, 22.17], [92.642, 22.169], [92.643, 22.169], [92.643, 22.168], [92.644, 22.168], [92.644, 22.167], [92.644, 22.166], [92.643, 22.166], [92.642, 22.166], [92.641, 22.166], [92.64, 22.166], [92.639, 22.166], [92.639, 22.165], [92.639, 22.164], [92.64, 22.164], [92.641, 22.164], [92.642, 22.164], [92.642, 22.163], [92.642, 22.162], [92.641, 22.162], [92.641, 22.161], [92.641, 22.16], [92.641, 22.159], [92.641, 22.158], [92.641, 22.157], [92.641, 22.156], [92.641, 22.155], [92.642, 22.155], [92.642, 22.154], [92.641, 22.154], [92.641, 22.153], [92.641, 22.152], [92.64, 22.152], [92.64, 22.151], [92.64, 22.15], [92.64, 22.149], [92.641, 22.149], [92.642, 22.149], [92.642, 22.15], [92.643, 22.15], [92.643, 22.149], [92.644, 22.149], [92.644, 22.148], [92.644, 22.147], [92.644, 22.146], [92.645, 22.146], [92.645, 22.145], [92.645, 22.144], [92.645, 22.143], [92.644, 22.143], [92.644, 22.144], [92.643, 22.144], [92.642, 22.144], [92.643, 22.144], [92.643, 22.143], [92.643, 22.142], [92.644, 22.142], [92.644, 22.141], [92.644, 22.14], [92.643, 22.14], [92.643, 22.139], [92.642, 22.139], [92.642, 22.138], [92.642, 22.137], [92.643, 22.136], [92.644, 22.136], [92.644, 22.135], [92.645, 22.135], [92.645, 22.134], [92.646, 22.133], [92.646, 22.132], [92.645, 22.132], [92.645, 22.131], [92.644, 22.131], [92.643, 22.131], [92.643, 22.13], [92.643, 22.129], [92.644, 22.129], [92.645, 22.129], [92.645, 22.13], [92.646, 22.129], [92.646, 22.128], [92.645, 22.128], [92.645, 22.127], [92.646, 22.127], [92.646, 22.126], [92.647, 22.126], [92.647, 22.125], [92.648, 22.124], [92.649, 22.124], [92.649, 22.123], [92.65, 22.123], [92.65, 22.122], [92.651, 22.122], [92.652, 22.121], [92.652, 22.12], [92.652, 22.119], [92.651, 22.119], [92.651, 22.118], [92.652, 22.117], [92.653, 22.117], [92.653, 22.116], [92.653, 22.115], [92.653, 22.114], [92.654, 22.114], [92.654, 22.113], [92.655, 22.113], [92.656, 22.113], [92.657, 22.113], [92.658, 22.113], [92.658, 22.112], [92.657, 22.112], [92.658, 22.111], [92.659, 22.111], [92.659, 22.11], [92.66, 22.11], [92.661, 22.11], [92.661, 22.109], [92.662, 22.109], [92.662, 22.108], [92.662, 22.107], [92.663, 22.107], [92.663, 22.106], [92.664, 22.105], [92.664, 22.104], [92.664, 22.103], [92.665, 22.103], [92.666, 22.103], [92.666, 22.102], [92.665, 22.102], [92.665, 22.101], [92.666, 22.101], [92.666, 22.1], [92.667, 22.1], [92.667, 22.099], [92.666, 22.098], [92.666, 22.097], [92.666, 22.096], [92.666, 22.095], [92.665, 22.095], [92.665, 22.094], [92.664, 22.094], [92.664, 22.093], [92.664, 22.092], [92.664, 22.091], [92.663, 22.091], [92.663, 22.09], [92.663, 22.089], [92.663, 22.088], [92.664, 22.088], [92.664, 22.087], [92.665, 22.087], [92.666, 22.087], [92.667, 22.087], [92.667, 22.086], [92.668, 22.086], [92.668, 22.085], [92.669, 22.085], [92.668, 22.084], [92.669, 22.084], [92.669, 22.083], [92.67, 22.083], [92.671, 22.083], [92.671, 22.082], [92.671, 22.081], [92.671, 22.08], [92.671, 22.079], [92.671, 22.078], [92.671, 22.077], [92.671, 22.076], [92.671, 22.075], [92.671, 22.074], [92.671, 22.073], [92.671, 22.072], [92.672, 22.072], [92.672, 22.071], [92.671, 22.071], [92.671, 22.07], [92.67, 22.07], [92.67, 22.069], [92.67, 22.068], [92.67, 22.067], [92.671, 22.066], [92.672, 22.066], [92.673, 22.066], [92.673, 22.065], [92.673, 22.064], [92.673, 22.063], [92.673, 22.062], [92.673, 22.061], [92.674, 22.061], [92.674, 22.06], [92.674, 22.059], [92.674, 22.058], [92.674, 22.057], [92.674, 22.056], [92.674, 22.055], [92.674, 22.054], [92.674, 22.053], [92.673, 22.053], [92.673, 22.052], [92.673, 22.051], [92.674, 22.05], [92.675, 22.05], [92.676, 22.05], [92.677, 22.05], [92.678, 22.049], [92.678, 22.048], [92.678, 22.047], [92.679, 22.047], [92.679, 22.046], [92.68, 22.046], [92.68, 22.045], [92.681, 22.046], [92.682, 22.046], [92.683, 22.046], [92.685, 22.046], [92.685, 22.045], [92.685, 22.043], [92.685, 22.041], [92.685, 22.039], [92.685, 22.037], [92.685, 22.036], [92.684, 22.034], [92.684, 22.032], [92.684, 22.031], [92.684, 22.03], [92.683, 22.029], [92.683, 22.028], [92.683, 22.026], [92.683, 22.025], [92.683, 22.024], [92.682, 22.022], [92.682, 22.021], [92.682, 22.02], [92.682, 22.019], [92.681, 22.018], [92.681, 22.017], [92.681, 22.016], [92.681, 22.015], [92.681, 22.014], [92.68, 22.014], [92.68, 22.013], [92.68, 22.012], [92.679, 22.011], [92.678, 22.011], [92.677, 22.01], [92.676, 22.01], [92.675, 22.01], [92.674, 22.011], [92.673, 22.011], [92.672, 22.011], [92.671, 22.011], [92.671, 22.01], [92.67, 22.01], [92.669, 22.01], [92.669, 22.011], [92.668, 22.011], [92.668, 22.012], [92.667, 22.013], [92.666, 22.014], [92.665, 22.014], [92.664, 22.014], [92.663, 22.014], [92.662, 22.014], [92.661, 22.013], [92.66, 22.014], [92.659, 22.015], [92.658, 22.016], [92.657, 22.016], [92.656, 22.016], [92.654, 22.016], [92.653, 22.016], [92.652, 22.016], [92.652, 22.014], [92.652, 22.013], [92.651, 22.011], [92.651, 22.01], [92.65, 22.009], [92.649, 22.008], [92.649, 22.007], [92.648, 22.006], [92.648, 22.005], [92.647, 22.005], [92.646, 22.005], [92.646, 22.004], [92.645, 22.004], [92.644, 22.003], [92.643, 22.002], [92.644, 22.002], [92.643, 22.001], [92.643, 22.0], [92.643, 21.999], [92.643, 21.998], [92.644, 21.997], [92.643, 21.997], [92.643, 21.996], [92.642, 21.996], [92.642, 21.995], [92.642, 21.994], [92.642, 21.993], [92.642, 21.992], [92.641, 21.992], [92.64, 21.992], [92.639, 21.991], [92.637, 21.99], [92.636, 21.989], [92.636, 21.988], [92.636, 21.987], [92.635, 21.985], [92.635, 21.984], [92.635, 21.983], [92.633, 21.983], [92.632, 21.983], [92.63, 21.984], [92.628, 21.983], [92.626, 21.983], [92.625, 21.983], [92.624, 21.983], [92.623, 21.982], [92.622, 21.982], [92.622, 21.981], [92.621, 21.98], [92.62, 21.979], [92.619, 21.979], [92.618, 21.979], [92.616, 21.978], [92.615, 21.978], [92.614, 21.977], [92.613, 21.977], [92.612, 21.977], [92.611, 21.976], [92.61, 21.976], [92.609, 21.976], [92.608, 21.975], [92.607, 21.975], [92.606, 21.975], [92.606, 21.976], [92.605, 21.976], [92.604, 21.976], [92.603, 21.977], [92.603, 21.978], [92.604, 21.979], [92.603, 21.98], [92.603, 21.981], [92.604, 21.982], [92.604, 21.983], [92.606, 21.983], [92.607, 21.983], [92.608, 21.983], [92.609, 21.984], [92.61, 21.984], [92.611, 21.984], [92.611, 21.985], [92.612, 21.986], [92.612, 21.987], [92.612, 21.988], [92.612, 21.989], [92.613, 21.99], [92.613, 21.991], [92.612, 21.991], [92.612, 21.992], [92.611, 21.992], [92.61, 21.993], [92.61, 21.994], [92.61, 21.995], [92.61, 21.996], [92.61, 21.997], [92.61, 21.998], [92.609, 21.998], [92.608, 21.999], [92.607, 21.999], [92.607, 22.0], [92.606, 22.0], [92.605, 22.0], [92.604, 22.001], [92.603, 22.002], [92.603, 22.003], [92.602, 22.003], [92.602, 22.004], [92.601, 22.004], [92.601, 22.005], [92.6, 22.006], [92.599, 22.007], [92.599, 22.008], [92.599, 22.009], [92.598, 22.009], [92.598, 22.01], [92.598, 22.011], [92.597, 22.012], [92.598, 22.013], [92.599, 22.014], [92.599, 22.015], [92.599, 22.016], [92.6, 22.017], [92.6, 22.018], [92.6, 22.019], [92.601, 22.02], [92.6, 22.02], [92.6, 22.022], [92.6, 22.024], [92.599, 22.025], [92.6, 22.025], [92.6, 22.026], [92.6, 22.027], [92.6, 22.028], [92.6, 22.029], [92.598, 22.029], [92.598, 22.03], [92.597, 22.03], [92.596, 22.031], [92.595, 22.031], [92.594, 22.031], [92.594, 22.032], [92.593, 22.032], [92.593, 22.033], [92.593, 22.035], [92.593, 22.036], [92.593, 22.037], [92.593, 22.038], [92.593, 22.039], [92.594, 22.04], [92.593, 22.041], [92.594, 22.041], [92.595, 22.041], [92.596, 22.041], [92.597, 22.042], [92.599, 22.042], [92.599, 22.043], [92.598, 22.044], [92.598, 22.045], [92.598, 22.047], [92.598, 22.048], [92.598, 22.049], [92.598, 22.05], [92.599, 22.051], [92.599, 22.052], [92.6, 22.053], [92.6, 22.054], [92.6, 22.055], [92.6, 22.056], [92.6, 22.057], [92.6, 22.058], [92.601, 22.059], [92.602, 22.06], [92.603, 22.061], [92.602, 22.062], [92.601, 22.062], [92.6, 22.061], [92.599, 22.061], [92.598, 22.061], [92.596, 22.062], [92.595, 22.062], [92.595, 22.063], [92.594, 22.063], [92.594, 22.064], [92.593, 22.065], [92.592, 22.066], [92.592, 22.067], [92.592, 22.068], [92.591, 22.069], [92.59, 22.069], [92.59, 22.071], [92.591, 22.072], [92.59, 22.072], [92.59, 22.073], [92.59, 22.074], [92.59, 22.075], [92.59, 22.076], [92.59, 22.077], [92.591, 22.078], [92.59, 22.079], [92.59, 22.08], [92.591, 22.08], [92.591, 22.081], [92.59, 22.081], [92.589, 22.081], [92.588, 22.081], [92.587, 22.082], [92.586, 22.082], [92.585, 22.082], [92.585, 22.083], [92.585, 22.084], [92.585, 22.085], [92.585, 22.086], [92.584, 22.086], [92.583, 22.087], [92.583, 22.088], [92.584, 22.089], [92.584, 22.09], [92.583, 22.091], [92.582, 22.091], [92.582, 22.092], [92.582, 22.093], [92.583, 22.093], [92.582, 22.094], [92.582, 22.095], [92.582, 22.096], [92.583, 22.097], [92.583, 22.098], [92.582, 22.098], [92.582, 22.099], [92.581, 22.099], [92.581, 22.101], [92.58, 22.101], [92.58, 22.102], [92.579, 22.102], [92.579, 22.103], [92.578, 22.103], [92.578, 22.104], [92.578, 22.105], [92.577, 22.105], [92.576, 22.106], [92.576, 22.107], [92.576, 22.108], [92.576, 22.109], [92.576, 22.11], [92.576, 22.111], [92.575, 22.112], [92.575, 22.113], [92.575, 22.114], [92.575, 22.115], [92.575, 22.116], [92.574, 22.117], [92.573, 22.118], [92.573, 22.119], [92.572, 22.12], [92.571, 22.12], [92.571, 22.121], [92.57, 22.121], [92.57, 22.122], [92.569, 22.122], [92.569, 22.123], [92.568, 22.123], [92.568, 22.124], [92.567, 22.124], [92.566, 22.124], [92.565, 22.125], [92.564, 22.125], [92.564, 22.126], [92.563, 22.127], [92.563, 22.128], [92.564, 22.13], [92.563, 22.131], [92.564, 22.132], [92.564, 22.134], [92.565, 22.134], [92.566, 22.135], [92.567, 22.135], [92.569, 22.136], [92.57, 22.136], [92.571, 22.136], [92.572, 22.136], [92.574, 22.136], [92.575, 22.136], [92.576, 22.136], [92.577, 22.136], [92.578, 22.137], [92.578, 22.138], [92.577, 22.138], [92.577, 22.139], [92.576, 22.139], [92.576, 22.14], [92.577, 22.14], [92.578, 22.141], [92.579, 22.142], [92.579, 22.143], [92.578, 22.143], [92.579, 22.143], [92.58, 22.143], [92.582, 22.142], [92.584, 22.142], [92.584, 22.141], [92.585, 22.141], [92.586, 22.141], [92.588, 22.141], [92.588, 22.14], [92.589, 22.141], [92.589, 22.14], [92.59, 22.14], [92.591, 22.14], [92.592, 22.139], [92.593, 22.139], [92.593, 22.138], [92.593, 22.137], [92.593, 22.136], [92.592, 22.135], [92.591, 22.134], [92.589, 22.132], [92.589, 22.131], [92.59, 22.13], [92.591, 22.128], [92.592, 22.127], [92.593, 22.126], [92.594, 22.125], [92.596, 22.124], [92.597, 22.124], [92.598, 22.124], [92.599, 22.123], [92.6, 22.123], [92.601, 22.123], [92.602, 22.123], [92.603, 22.123], [92.605, 22.123], [92.606, 22.123], [92.606, 22.124], [92.606, 22.125], [92.607, 22.126], [92.607, 22.127], [92.608, 22.128], [92.608, 22.129], [92.608, 22.13], [92.608, 22.131], [92.608, 22.132], [92.608, 22.133], [92.608, 22.134], [92.609, 22.135], [92.61, 22.135], [92.61, 22.136], [92.61, 22.137], [92.611, 22.137], [92.611, 22.138], [92.61, 22.139], [92.61, 22.14], [92.61, 22.141], [92.61, 22.142], [92.61, 22.144], [92.61, 22.145], [92.61, 22.146], [92.609, 22.146], [92.609, 22.147], [92.609, 22.148], [92.609, 22.149], [92.609, 22.15], [92.609, 22.151], [92.609, 22.152], [92.609, 22.153], [92.608, 22.153], [92.608, 22.154], [92.608, 22.155], [92.608, 22.156], [92.608, 22.157], [92.608, 22.158], [92.608, 22.159], [92.608, 22.16], [92.607, 22.16], [92.608, 22.16], [92.608, 22.161], [92.609, 22.163], [92.609, 22.164], [92.609, 22.165], [92.608, 22.165], [92.608, 22.166], [92.607, 22.166], [92.607, 22.167], [92.607, 22.168], [92.608, 22.168], [92.608, 22.169], [92.607, 22.172], [92.607, 22.173], [92.605, 22.173], [92.605, 22.172], [92.604, 22.172], [92.603, 22.172], [92.602, 22.173], [92.601, 22.173], [92.6, 22.174], [92.599, 22.174], [92.598, 22.175], [92.597, 22.175], [92.596, 22.175], [92.595, 22.175], [92.596, 22.176], [92.597, 22.177], [92.597, 22.178], [92.596, 22.179], [92.596, 22.18], [92.596, 22.181], [92.595, 22.181], [92.594, 22.181], [92.595, 22.182], [92.595, 22.183], [92.596, 22.183], [92.597, 22.183], [92.597, 22.184], [92.596, 22.184], [92.595, 22.184], [92.596, 22.185], [92.596, 22.186], [92.596, 22.187], [92.596, 22.188], [92.596, 22.189], [92.596, 22.19], [92.597, 22.19], [92.597, 22.191], [92.596, 22.191], [92.596, 22.192], [92.595, 22.192], [92.595, 22.193], [92.596, 22.193], [92.596, 22.194], [92.595, 22.194], [92.595, 22.195], [92.596, 22.195], [92.596, 22.196], [92.595, 22.196], [92.594, 22.196], [92.594, 22.197], [92.595, 22.198], [92.595, 22.199], [92.595, 22.2], [92.594, 22.201], [92.594, 22.202], [92.594, 22.203], [92.595, 22.204], [92.594, 22.204], [92.594, 22.205], [92.594, 22.206], [92.594, 22.207], [92.594, 22.208], [92.594, 22.209], [92.593, 22.209], [92.593, 22.21], [92.593, 22.211], [92.593, 22.212], [92.592, 22.212], [92.591, 22.212], [92.591, 22.213], [92.59, 22.213], [92.591, 22.214], [92.592, 22.214], [92.591, 22.214], [92.591, 22.215], [92.59, 22.215], [92.589, 22.215], [92.588, 22.216], [92.588, 22.217], [92.589, 22.217], [92.589, 22.218], [92.588, 22.218], [92.588, 22.219], [92.589, 22.219], [92.589, 22.22], [92.59, 22.22], [92.59, 22.221], [92.59, 22.222], [92.59, 22.223], [92.59, 22.224], [92.589, 22.224], [92.588, 22.224], [92.588, 22.225], [92.589, 22.225], [92.589, 22.226], [92.589, 22.227], [92.589, 22.228], [92.589, 22.229], [92.588, 22.229], [92.588, 22.23], [92.588, 22.231], [92.589, 22.231], [92.589, 22.23], [92.59, 22.23], [92.59, 22.231], [92.591, 22.231], [92.59, 22.231], [92.59, 22.232], [92.591, 22.233], [92.59, 22.233], [92.589, 22.233], [92.589, 22.234], [92.59, 22.234], [92.591, 22.234], [92.592, 22.235], [92.591, 22.235], [92.59, 22.235], [92.59, 22.236], [92.59, 22.237], [92.59, 22.238], [92.591, 22.238], [92.591, 22.239], [92.592, 22.239], [92.592, 22.24], [92.591, 22.241], [92.591, 22.242], [92.591, 22.243], [92.591, 22.244], [92.59, 22.244], [92.591, 22.244], [92.591, 22.245], [92.592, 22.245], [92.591, 22.245], [92.591, 22.246], [92.591, 22.247], [92.59, 22.247], [92.589, 22.247], [92.589, 22.248], [92.59, 22.248], [92.59, 22.249], [92.591, 22.249], [92.591, 22.25], [92.59, 22.25], [92.59, 22.251], [92.59, 22.252], [92.59, 22.253], [92.59, 22.254], [92.589, 22.254], [92.59, 22.254], [92.591, 22.254], [92.591, 22.255], [92.591, 22.256], [92.59, 22.256], [92.589, 22.256], [92.589, 22.257], [92.588, 22.257], [92.587, 22.257], [92.587, 22.258], [92.587, 22.259], [92.586, 22.259], [92.586, 22.258], [92.585, 22.258], [92.585, 22.259], [92.585, 22.26], [92.586, 22.26], [92.587, 22.26], [92.586, 22.26], [92.585, 22.26], [92.585, 22.261], [92.584, 22.261], [92.584, 22.262], [92.585, 22.262], [92.585, 22.263], [92.586, 22.263], [92.587, 22.263], [92.587, 22.264], [92.586, 22.264], [92.585, 22.265], [92.584, 22.265], [92.584, 22.266], [92.584, 22.267], [92.584, 22.268], [92.583, 22.268], [92.582, 22.268], [92.582, 22.269], [92.581, 22.269], [92.581, 22.27], [92.582, 22.27], [92.583, 22.27], [92.583, 22.271], [92.582, 22.271], [92.582, 22.272], [92.583, 22.272], [92.583, 22.273], [92.583, 22.274], [92.582, 22.274], [92.581, 22.273], [92.581, 22.274], [92.581, 22.275], [92.581, 22.276], [92.582, 22.277], [92.583, 22.277], [92.583, 22.276], [92.583, 22.277], [92.584, 22.277], [92.585, 22.276], [92.586, 22.276], [92.586, 22.277], [92.585, 22.277], [92.585, 22.278], [92.584, 22.279], [92.585, 22.279], [92.585, 22.28], [92.586, 22.28], [92.587, 22.28], [92.586, 22.28], [92.586, 22.281], [92.585, 22.281], [92.584, 22.282], [92.583, 22.282], [92.583, 22.281], [92.582, 22.281], [92.582, 22.282], [92.582, 22.283], [92.582, 22.284], [92.583, 22.284], [92.584, 22.284], [92.584, 22.285], [92.583, 22.285], [92.583, 22.286], [92.582, 22.286], [92.581, 22.286], [92.581, 22.287], [92.582, 22.287], [92.582, 22.288], [92.583, 22.288], [92.582, 22.288], [92.582, 22.289], [92.582, 22.29], [92.581, 22.29], [92.581, 22.291], [92.582, 22.291], [92.582, 22.292], [92.582, 22.293], [92.583, 22.294], [92.583, 22.295], [92.583, 22.296], [92.583, 22.297], [92.583, 22.298], [92.583, 22.299], [92.583, 22.3], [92.582, 22.3], [92.581, 22.3], [92.581, 22.301], [92.582, 22.302], [92.581, 22.302], [92.58, 22.302], [92.58, 22.303], [92.581, 22.303], [92.582, 22.303], [92.583, 22.303], [92.583, 22.304], [92.582, 22.304], [92.581, 22.304], [92.58, 22.304], [92.58, 22.305], [92.581, 22.305], [92.581, 22.306], [92.58, 22.306], [92.58, 22.307], [92.581, 22.307], [92.582, 22.307], [92.582, 22.308], [92.581, 22.308], [92.581, 22.309], [92.58, 22.31], [92.579, 22.31], [92.578, 22.31], [92.577, 22.311], [92.577, 22.312], [92.578, 22.312], [92.578, 22.311], [92.579, 22.311], [92.58, 22.311], [92.58, 22.312], [92.579, 22.312], [92.579, 22.313], [92.58, 22.314], [92.58, 22.315], [92.579, 22.316], [92.578, 22.316], [92.578, 22.317], [92.579, 22.317], [92.579, 22.318], [92.58, 22.319], [92.58, 22.32], [92.579, 22.321], [92.58, 22.321], [92.581, 22.321], [92.581, 22.322], [92.58, 22.322], [92.579, 22.322], [92.579, 22.323], [92.578, 22.323], [92.578, 22.324], [92.579, 22.324], [92.58, 22.324], [92.58, 22.325], [92.579, 22.325], [92.578, 22.325], [92.577, 22.325], [92.577, 22.326], [92.576, 22.326], [92.576, 22.327], [92.577, 22.327], [92.576, 22.327], [92.576, 22.328], [92.576, 22.329], [92.576, 22.33], [92.576, 22.331], [92.575, 22.331], [92.574, 22.331], [92.574, 22.332], [92.575, 22.332], [92.575, 22.333], [92.576, 22.333], [92.576, 22.334], [92.575, 22.334], [92.574, 22.334], [92.574, 22.335], [92.575, 22.335], [92.576, 22.335], [92.576, 22.336], [92.575, 22.336], [92.576, 22.337], [92.576, 22.338], [92.575, 22.338], [92.574, 22.338], [92.574, 22.337], [92.574, 22.338], [92.574, 22.339], [92.575, 22.34], [92.575, 22.341], [92.575, 22.342], [92.574, 22.342], [92.573, 22.342], [92.573, 22.343], [92.573, 22.344], [92.573, 22.345], [92.573, 22.346], [92.572, 22.346], [92.572, 22.347], [92.573, 22.347], [92.573, 22.348], [92.573, 22.349], [92.573, 22.35], [92.573, 22.351], [92.572, 22.352], [92.572, 22.353], [92.572, 22.354], [92.572, 22.355], [92.571, 22.356], [92.571, 22.357], [92.572, 22.358], [92.572, 22.359], [92.571, 22.359], [92.571, 22.36], [92.57, 22.36], [92.569, 22.36], [92.568, 22.36], [92.568, 22.361], [92.568, 22.362], [92.568, 22.363], [92.567, 22.364], [92.567, 22.365], [92.567, 22.366], [92.567, 22.367], [92.568, 22.367], [92.568, 22.368], [92.567, 22.368], [92.567, 22.369], [92.567, 22.37], [92.567, 22.371], [92.566, 22.371], [92.565, 22.371], [92.564, 22.371], [92.563, 22.371], [92.562, 22.372], [92.563, 22.372], [92.563, 22.373], [92.563, 22.374], [92.564, 22.375], [92.564, 22.376], [92.563, 22.376], [92.562, 22.376], [92.562, 22.377], [92.562, 22.378], [92.562, 22.379], [92.563, 22.38], [92.562, 22.381], [92.561, 22.381], [92.56, 22.381], [92.56, 22.382], [92.559, 22.382], [92.56, 22.383], [92.56, 22.384], [92.561, 22.384], [92.561, 22.385], [92.561, 22.386], [92.56, 22.386], [92.56, 22.387], [92.559, 22.387], [92.56, 22.388], [92.561, 22.388], [92.561, 22.389], [92.561, 22.39], [92.56, 22.39], [92.559, 22.39], [92.559, 22.391], [92.558, 22.391], [92.559, 22.391], [92.56, 22.391], [92.56, 22.392], [92.559, 22.392], [92.559, 22.393], [92.559, 22.394], [92.558, 22.394], [92.559, 22.394], [92.559, 22.395], [92.56, 22.395], [92.56, 22.396], [92.559, 22.396], [92.559, 22.397], [92.558, 22.397], [92.557, 22.397], [92.556, 22.398], [92.556, 22.399], [92.557, 22.399], [92.557, 22.4], [92.558, 22.4], [92.559, 22.4], [92.56, 22.4], [92.56, 22.401], [92.56, 22.402], [92.559, 22.402], [92.559, 22.403], [92.558, 22.403], [92.557, 22.403], [92.556, 22.404], [92.556, 22.405], [92.555, 22.405], [92.555, 22.406], [92.556, 22.406], [92.556, 22.407], [92.557, 22.407], [92.558, 22.407], [92.558, 22.408], [92.557, 22.409], [92.556, 22.41], [92.555, 22.41], [92.555, 22.411], [92.554, 22.411], [92.554, 22.41], [92.554, 22.409], [92.553, 22.409], [92.552, 22.409], [92.553, 22.41], [92.553, 22.411], [92.553, 22.412], [92.553, 22.413], [92.552, 22.413], [92.553, 22.413], [92.553, 22.414], [92.552, 22.414], [92.552, 22.415], [92.553, 22.416], [92.554, 22.416], [92.554, 22.417], [92.555, 22.417], [92.554, 22.417], [92.554, 22.418], [92.554, 22.419], [92.554, 22.42], [92.553, 22.42], [92.552, 22.42], [92.552, 22.421], [92.551, 22.421], [92.551, 22.422], [92.551, 22.423], [92.552, 22.423], [92.553, 22.423], [92.554, 22.423], [92.555, 22.423], [92.556, 22.423], [92.556, 22.424], [92.556, 22.425], [92.555, 22.425], [92.555, 22.426], [92.555, 22.427], [92.554, 22.427], [92.553, 22.427], [92.552, 22.427], [92.551, 22.427], [92.551, 22.428], [92.552, 22.428], [92.553, 22.428], [92.553, 22.427], [92.554, 22.427], [92.554, 22.428], [92.555, 22.428], [92.555, 22.429], [92.555, 22.43], [92.555, 22.431], [92.555, 22.432], [92.555, 22.433], [92.554, 22.433], [92.553, 22.434], [92.554, 22.434], [92.554, 22.435], [92.554, 22.436], [92.554, 22.437], [92.553, 22.437], [92.552, 22.437], [92.552, 22.438], [92.553, 22.438], [92.553, 22.439], [92.552, 22.439], [92.552, 22.44], [92.551, 22.44], [92.551, 22.441], [92.552, 22.441], [92.552, 22.442], [92.552, 22.443], [92.551, 22.443], [92.55, 22.443], [92.549, 22.444], [92.55, 22.444], [92.55, 22.445], [92.551, 22.445], [92.551, 22.446], [92.551, 22.447], [92.55, 22.447], [92.55, 22.448], [92.551, 22.448], [92.551, 22.449], [92.551, 22.45], [92.55, 22.451], [92.551, 22.451], [92.551, 22.452], [92.551, 22.453], [92.551, 22.454], [92.551, 22.455], [92.55, 22.455], [92.549, 22.455], [92.549, 22.456], [92.548, 22.456], [92.548, 22.457], [92.549, 22.456], [92.55, 22.456], [92.55, 22.457], [92.549, 22.457], [92.548, 22.457], [92.548, 22.458], [92.549, 22.458], [92.55, 22.459], [92.549, 22.459], [92.549, 22.46], [92.548, 22.461], [92.547, 22.462], [92.546, 22.462], [92.546, 22.463], [92.547, 22.463], [92.547, 22.464], [92.547, 22.465], [92.548, 22.465], [92.548, 22.466], [92.547, 22.466], [92.546, 22.466], [92.547, 22.466], [92.547, 22.467], [92.546, 22.467], [92.546, 22.468], [92.546, 22.469], [92.546, 22.47], [92.546, 22.471], [92.546, 22.472], [92.546, 22.473], [92.546, 22.474], [92.547, 22.474], [92.547, 22.475], [92.547, 22.476], [92.548, 22.476], [92.547, 22.476], [92.547, 22.477], [92.547, 22.478], [92.546, 22.478], [92.546, 22.479], [92.545, 22.48], [92.545, 22.481], [92.545, 22.482], [92.546, 22.482], [92.546, 22.483], [92.545, 22.483], [92.544, 22.483], [92.545, 22.483], [92.545, 22.484], [92.545, 22.485], [92.545, 22.486], [92.546, 22.486], [92.546, 22.487], [92.546, 22.488], [92.546, 22.489], [92.545, 22.489], [92.545, 22.49], [92.544, 22.49], [92.543, 22.49], [92.544, 22.491], [92.544, 22.492], [92.544, 22.493], [92.543, 22.493], [92.543, 22.494], [92.544, 22.494], [92.544, 22.495], [92.545, 22.495], [92.546, 22.495], [92.547, 22.495], [92.548, 22.496], [92.549, 22.496], [92.55, 22.496], [92.55, 22.497], [92.55, 22.498], [92.549, 22.498], [92.548, 22.498], [92.547, 22.498], [92.546, 22.498], [92.545, 22.498], [92.544, 22.498], [92.543, 22.498], [92.543, 22.499], [92.543, 22.5], [92.544, 22.5], [92.545, 22.5], [92.546, 22.499], [92.546, 22.5], [92.547, 22.5], [92.547, 22.501], [92.547, 22.502], [92.547, 22.501], [92.548, 22.501], [92.549, 22.501], [92.549, 22.502], [92.55, 22.502], [92.55, 22.503], [92.549, 22.503], [92.548, 22.503], [92.547, 22.503], [92.547, 22.504], [92.548, 22.505], [92.548, 22.506], [92.548, 22.507], [92.548, 22.508], [92.549, 22.508], [92.549, 22.507], [92.55, 22.507], [92.551, 22.507], [92.551, 22.508], [92.551, 22.509], [92.551, 22.51], [92.55, 22.51], [92.549, 22.51], [92.548, 22.509], [92.547, 22.509], [92.547, 22.51], [92.547, 22.511], [92.548, 22.511], [92.549, 22.511], [92.55, 22.512], [92.551, 22.512], [92.551, 22.513], [92.551, 22.514], [92.55, 22.514], [92.549, 22.514], [92.549, 22.515], [92.548, 22.515], [92.547, 22.515], [92.547, 22.516], [92.547, 22.517], [92.546, 22.517], [92.546, 22.516], [92.546, 22.515], [92.545, 22.514], [92.545, 22.513], [92.544, 22.513], [92.544, 22.514], [92.543, 22.514], [92.543, 22.515], [92.544, 22.515], [92.544, 22.516], [92.544, 22.517], [92.545, 22.517], [92.546, 22.517], [92.546, 22.518], [92.545, 22.519], [92.545, 22.52], [92.544, 22.52], [92.544, 22.521], [92.544, 22.522], [92.543, 22.521], [92.542, 22.521], [92.542, 22.522], [92.542, 22.523], [92.542, 22.524], [92.542, 22.525], [92.543, 22.525], [92.544, 22.525], [92.543, 22.525], [92.542, 22.525], [92.542, 22.526], [92.541, 22.526], [92.541, 22.527], [92.541, 22.528], [92.54, 22.528], [92.54, 22.529], [92.539, 22.529], [92.54, 22.529], [92.54, 22.53], [92.541, 22.53], [92.542, 22.53], [92.541, 22.531], [92.541, 22.532], [92.541, 22.533], [92.542, 22.534], [92.541, 22.534], [92.541, 22.535], [92.54, 22.535], [92.54, 22.534], [92.539, 22.534], [92.539, 22.535], [92.539, 22.536], [92.54, 22.537], [92.54, 22.538], [92.539, 22.538], [92.539, 22.539], [92.54, 22.54], [92.54, 22.541], [92.539, 22.541], [92.538, 22.541], [92.538, 22.542], [92.537, 22.542], [92.537, 22.543], [92.538, 22.544], [92.537, 22.545], [92.536, 22.545], [92.535, 22.545], [92.535, 22.544], [92.534, 22.544], [92.533, 22.545], [92.532, 22.545], [92.531, 22.545], [92.531, 22.546], [92.531, 22.547], [92.532, 22.548], [92.532, 22.549], [92.532, 22.55], [92.532, 22.551], [92.532, 22.552], [92.531, 22.553], [92.531, 22.554], [92.53, 22.554], [92.53, 22.555], [92.529, 22.555], [92.529, 22.556], [92.528, 22.557], [92.527, 22.557], [92.526, 22.557], [92.526, 22.558], [92.525, 22.558], [92.524, 22.558], [92.523, 22.558], [92.523, 22.559], [92.522, 22.559], [92.522, 22.56], [92.522, 22.561], [92.523, 22.561], [92.524, 22.561], [92.525, 22.562], [92.525, 22.563], [92.526, 22.564], [92.527, 22.564], [92.527, 22.565], [92.528, 22.565], [92.528, 22.566], [92.528, 22.567], [92.528, 22.568], [92.528, 22.569], [92.528, 22.57], [92.528, 22.571], [92.527, 22.571], [92.527, 22.572], [92.527, 22.573], [92.528, 22.573], [92.529, 22.573], [92.53, 22.573], [92.531, 22.572], [92.532, 22.572], [92.532, 22.571], [92.533, 22.571], [92.533, 22.572], [92.534, 22.572], [92.535, 22.573], [92.536, 22.573], [92.537, 22.574], [92.538, 22.575], [92.538, 22.576], [92.538, 22.577], [92.537, 22.578], [92.536, 22.579], [92.537, 22.579], [92.537, 22.58], [92.538, 22.581], [92.538, 22.582], [92.538, 22.583], [92.537, 22.584], [92.537, 22.585], [92.538, 22.585], [92.539, 22.586], [92.538, 22.586], [92.537, 22.586], [92.536, 22.586], [92.535, 22.585], [92.534, 22.585], [92.533, 22.586], [92.533, 22.587], [92.533, 22.588], [92.534, 22.588], [92.535, 22.587], [92.536, 22.587], [92.537, 22.587], [92.537, 22.588], [92.538, 22.588], [92.539, 22.589], [92.539, 22.59], [92.538, 22.59], [92.537, 22.589], [92.536, 22.589], [92.536, 22.59], [92.535, 22.591], [92.535, 22.592], [92.536, 22.592], [92.537, 22.592], [92.537, 22.593], [92.538, 22.593], [92.538, 22.594], [92.537, 22.595], [92.536, 22.595], [92.536, 22.596], [92.536, 22.597], [92.536, 22.598], [92.535, 22.598], [92.535, 22.599], [92.536, 22.6], [92.535, 22.6], [92.534, 22.601], [92.534, 22.602], [92.533, 22.602], [92.532, 22.603], [92.531, 22.603], [92.53, 22.603], [92.53, 22.604], [92.53, 22.605], [92.53, 22.606], [92.531, 22.607], [92.53, 22.607], [92.53, 22.608], [92.53, 22.609], [92.531, 22.609], [92.532, 22.609], [92.532, 22.608], [92.533, 22.608], [92.533, 22.607], [92.534, 22.607], [92.534, 22.608], [92.535, 22.608], [92.535, 22.609], [92.535, 22.61], [92.535, 22.611], [92.535, 22.612], [92.534, 22.612], [92.533, 22.612], [92.532, 22.612], [92.531, 22.612], [92.531, 22.613], [92.53, 22.614], [92.529, 22.614], [92.529, 22.615], [92.529, 22.616], [92.529, 22.617], [92.529, 22.618], [92.529, 22.619], [92.53, 22.62], [92.53, 22.621], [92.529, 22.621], [92.528, 22.621], [92.527, 22.621], [92.528, 22.621], [92.528, 22.622], [92.528, 22.623], [92.529, 22.623], [92.529, 22.624], [92.529, 22.625], [92.53, 22.625], [92.53, 22.626], [92.531, 22.626], [92.531, 22.627], [92.532, 22.627], [92.533, 22.628], [92.532, 22.629], [92.532, 22.63], [92.532, 22.631], [92.532, 22.632], [92.533, 22.633], [92.532, 22.633], [92.531, 22.633], [92.53, 22.633], [92.529, 22.633], [92.528, 22.633], [92.527, 22.633], [92.526, 22.633], [92.526, 22.634], [92.526, 22.635], [92.527, 22.635], [92.528, 22.635], [92.528, 22.636], [92.527, 22.636], [92.527, 22.637], [92.527, 22.638], [92.527, 22.639], [92.526, 22.639], [92.526, 22.64], [92.525, 22.64], [92.525, 22.641], [92.525, 22.642], [92.525, 22.643], [92.525, 22.644], [92.525, 22.645], [92.525, 22.646], [92.525, 22.647], [92.525, 22.648], [92.525, 22.649], [92.525, 22.65], [92.525, 22.651], [92.526, 22.651], [92.526, 22.65], [92.527, 22.65], [92.527, 22.651], [92.527, 22.652], [92.527, 22.653], [92.527, 22.654], [92.526, 22.654], [92.525, 22.654], [92.524, 22.654], [92.524, 22.655], [92.524, 22.656], [92.524, 22.657], [92.524, 22.658], [92.524, 22.659], [92.525, 22.659], [92.526, 22.659], [92.527, 22.659], [92.528, 22.659], [92.529, 22.659], [92.529, 22.66], [92.528, 22.66], [92.527, 22.66], [92.527, 22.661], [92.527, 22.662], [92.528, 22.662], [92.528, 22.663], [92.528, 22.664], [92.529, 22.665], [92.528, 22.666], [92.527, 22.665], [92.526, 22.665], [92.526, 22.666], [92.526, 22.667], [92.526, 22.668], [92.526, 22.669], [92.526, 22.67], [92.526, 22.671], [92.526, 22.672], [92.526, 22.673], [92.525, 22.673], [92.524, 22.674], [92.523, 22.674], [92.522, 22.675], [92.523, 22.675], [92.523, 22.676], [92.523, 22.677], [92.523, 22.678], [92.523, 22.679], [92.523, 22.68], [92.522, 22.68], [92.522, 22.681], [92.522, 22.682], [92.521, 22.682], [92.521, 22.683], [92.521, 22.684], [92.521, 22.685], [92.52, 22.686], [92.519, 22.687], [92.519, 22.688], [92.519, 22.689], [92.519, 22.69], [92.519, 22.691], [92.519, 22.692], [92.519, 22.693], [92.519, 22.694], [92.518, 22.695], [92.518, 22.696], [92.518, 22.697], [92.518, 22.698], [92.517, 22.699], [92.517, 22.7], [92.517, 22.701], [92.517, 22.702], [92.516, 22.702], [92.516, 22.703], [92.517, 22.703], [92.517, 22.704], [92.516, 22.704], [92.516, 22.705], [92.516, 22.706], [92.516, 22.707], [92.515, 22.707], [92.514, 22.707], [92.514, 22.708], [92.514, 22.709], [92.514, 22.71], [92.514, 22.711], [92.515, 22.711], [92.515, 22.712], [92.516, 22.712], [92.516, 22.713], [92.516, 22.714], [92.517, 22.714], [92.517, 22.715], [92.518, 22.716], [92.517, 22.717], [92.518, 22.717], [92.517, 22.717], [92.517, 22.718], [92.517, 22.719], [92.517, 22.72], [92.517, 22.721], [92.517, 22.722], [92.516, 22.723], [92.515, 22.723], [92.514, 22.723], [92.514, 22.724], [92.514, 22.725], [92.513, 22.726], [92.512, 22.727], [92.512, 22.728], [92.511, 22.728], [92.51, 22.728], [92.51, 22.729], [92.51, 22.73], [92.511, 22.73], [92.511, 22.731], [92.512, 22.731], [92.512, 22.732], [92.513, 22.732], [92.513, 22.733], [92.512, 22.733], [92.511, 22.733], [92.511, 22.732], [92.51, 22.732], [92.509, 22.732], [92.509, 22.733], [92.508, 22.734], [92.508, 22.735], [92.508, 22.736], [92.508, 22.737], [92.507, 22.738], [92.506, 22.739], [92.505, 22.739], [92.504, 22.739], [92.504, 22.738], [92.504, 22.739], [92.504, 22.74], [92.504, 22.741], [92.504, 22.742], [92.505, 22.742], [92.506, 22.742], [92.506, 22.743], [92.505, 22.744], [92.505, 22.745], [92.506, 22.745], [92.505, 22.745], [92.505, 22.746], [92.505, 22.747], [92.506, 22.747], [92.507, 22.748], [92.507, 22.749], [92.508, 22.749], [92.509, 22.749], [92.509, 22.75], [92.51, 22.751], [92.51, 22.75], [92.511, 22.75], [92.512, 22.751], [92.512, 22.752], [92.513, 22.753], [92.514, 22.753], [92.515, 22.753], [92.515, 22.754], [92.514, 22.754], [92.514, 22.755], [92.515, 22.755], [92.516, 22.756], [92.517, 22.757], [92.517, 22.758], [92.516, 22.758], [92.516, 22.759], [92.517, 22.76], [92.518, 22.76], [92.519, 22.76], [92.519, 22.761], [92.52, 22.761], [92.52, 22.762], [92.521, 22.761], [92.521, 22.762], [92.522, 22.762], [92.523, 22.762], [92.524, 22.761], [92.525, 22.761], [92.525, 22.76], [92.526, 22.759], [92.526, 22.758], [92.526, 22.757], [92.527, 22.757], [92.528, 22.757], [92.529, 22.758], [92.53, 22.759], [92.531, 22.759], [92.532, 22.759], [92.534, 22.76], [92.535, 22.76], [92.536, 22.761], [92.537, 22.762], [92.538, 22.762], [92.539, 22.762], [92.54, 22.762], [92.542, 22.763], [92.543, 22.763], [92.543, 22.762], [92.542, 22.761], [92.542, 22.76], [92.542, 22.759], [92.543, 22.759], [92.544, 22.759], [92.544, 22.758], [92.544, 22.757]]]}, "properties": {"OBJECTID": 3425, "stcode11": "15", "dtcode11": "287", "sdtcode11": "01916", "stname": "MIZORAM", "dtname": "Lawngtlai", "sdtname": "Chawngte", "subdt_lgd": 1916, "dist_lgd": 264, "state_lgd": 15, "shape_Length": 324904.66699324636, "shape_Area": 783566710.6201593, "st_area_sh": 0, "st_length_": 0, "remarks": "", "ac_no": null, "test": 3426}}, {"type": "Feature", "geometry": {"type": "Polygon", "coordinates": [[[92.931, 22.556], [92.931, 22.555], [92.931, 22.554], [92.931, 22.553], [92.931, 22.552], [92.931, 22.551], [92.931, 22.55], [92.931, 22.549], [92.932, 22.548], [92.932, 22.547], [92.933, 22.546], [92.934, 22.546], [92.934, 22.545], [92.935, 22.544], [92.936, 22.543], [92.936, 22.542], [92.937, 22.54], [92.938, 22.539], [92.938, 22.538], [92.939, 22.537], [92.939, 22.536], [92.939, 22.535], [92.938, 22.534], [92.938, 22.533], [92.938, 22.532], [92.938, 22.531], [92.938, 22.53], [92.938, 22.529], [92.938, 22.528], [92.937, 22.527], [92.937, 22.526], [92.936, 22.525], [92.935, 22.524], [92.935, 22.523], [92.934, 22.522], [92.934, 22.52], [92.934, 22.519], [92.934, 22.518], [92.935, 22.518], [92.935, 22.516], [92.936, 22.515], [92.936, 22.514], [92.936, 22.513], [92.936, 22.512], [92.936, 22.511], [92.936, 22.51], [92.935, 22.509], [92.935, 22.508], [92.934, 22.508], [92.934, 22.507], [92.934, 22.506], [92.935, 22.506], [92.934, 22.505], [92.934, 22.504], [92.934, 22.503], [92.933, 22.501], [92.933, 22.5], [92.933, 22.499], [92.933, 22.497], [92.933, 22.496], [92.933, 22.494], [92.933, 22.493], [92.932, 22.492], [92.932, 22.491], [92.932, 22.49], [92.931, 22.489], [92.931, 22.488], [92.931, 22.487], [92.931, 22.486], [92.931, 22.484], [92.931, 22.483], [92.931, 22.482], [92.931, 22.481], [92.932, 22.48], [92.933, 22.479], [92.933, 22.478], [92.934, 22.478], [92.935, 22.478], [92.935, 22.477], [92.935, 22.478], [92.936, 22.478], [92.937, 22.478], [92.938, 22.477], [92.939, 22.476], [92.939, 22.475], [92.94, 22.474], [92.94, 22.473], [92.941, 22.472], [92.941, 22.471], [92.942, 22.471], [92.943, 22.469], [92.944, 22.468], [92.944, 22.467], [92.944, 22.466], [92.944, 22.465], [92.944, 22.464], [92.944, 22.463], [92.943, 22.463], [92.943, 22.462], [92.942, 22.462], [92.941, 22.462], [92.94, 22.462], [92.939, 22.462], [92.938, 22.461], [92.936, 22.46], [92.935, 22.459], [92.935, 22.458], [92.935, 22.457], [92.935, 22.456], [92.935, 22.455], [92.936, 22.454], [92.936, 22.453], [92.936, 22.452], [92.936, 22.451], [92.936, 22.45], [92.936, 22.449], [92.937, 22.448], [92.937, 22.447], [92.937, 22.446], [92.938, 22.445], [92.938, 22.444], [92.938, 22.443], [92.937, 22.443], [92.937, 22.442], [92.937, 22.441], [92.938, 22.44], [92.938, 22.439], [92.939, 22.438], [92.939, 22.437], [92.94, 22.436], [92.94, 22.435], [92.94, 22.434], [92.941, 22.433], [92.941, 22.432], [92.941, 22.431], [92.942, 22.43], [92.942, 22.429], [92.942, 22.428], [92.942, 22.427], [92.943, 22.426], [92.943, 22.424], [92.943, 22.423], [92.943, 22.421], [92.944, 22.42], [92.944, 22.418], [92.945, 22.418], [92.945, 22.417], [92.945, 22.416], [92.946, 22.414], [92.946, 22.413], [92.947, 22.413], [92.947, 22.411], [92.948, 22.409], [92.948, 22.408], [92.949, 22.408], [92.949, 22.407], [92.949, 22.406], [92.949, 22.405], [92.95, 22.404], [92.951, 22.403], [92.951, 22.402], [92.952, 22.402], [92.953, 22.401], [92.953, 22.4], [92.954, 22.4], [92.955, 22.4], [92.955, 22.399], [92.956, 22.399], [92.958, 22.399], [92.959, 22.399], [92.96, 22.399], [92.961, 22.398], [92.962, 22.398], [92.963, 22.398], [92.963, 22.397], [92.964, 22.396], [92.965, 22.395], [92.965, 22.394], [92.965, 22.393], [92.965, 22.392], [92.965, 22.391], [92.965, 22.39], [92.964, 22.39], [92.964, 22.389], [92.963, 22.388], [92.962, 22.387], [92.962, 22.386], [92.961, 22.384], [92.96, 22.384], [92.96, 22.383], [92.96, 22.382], [92.959, 22.381], [92.959, 22.38], [92.959, 22.379], [92.959, 22.378], [92.959, 22.377], [92.958, 22.376], [92.958, 22.375], [92.957, 22.374], [92.956, 22.373], [92.955, 22.372], [92.954, 22.372], [92.953, 22.372], [92.952, 22.372], [92.951, 22.373], [92.95, 22.373], [92.949, 22.373], [92.948, 22.373], [92.947, 22.373], [92.945, 22.373], [92.943, 22.373], [92.942, 22.374], [92.941, 22.374], [92.94, 22.375], [92.938, 22.376], [92.937, 22.377], [92.936, 22.378], [92.935, 22.379], [92.934, 22.38], [92.933, 22.381], [92.932, 22.382], [92.932, 22.383], [92.932, 22.384], [92.932, 22.385], [92.933, 22.386], [92.934, 22.388], [92.935, 22.388], [92.936, 22.389], [92.936, 22.39], [92.937, 22.39], [92.938, 22.391], [92.938, 22.392], [92.938, 22.393], [92.937, 22.394], [92.936, 22.394], [92.936, 22.395], [92.935, 22.395], [92.934, 22.395], [92.933, 22.396], [92.932, 22.396], [92.932, 22.397], [92.931, 22.396], [92.93, 22.396], [92.929, 22.396], [92.928, 22.396], [92.927, 22.395], [92.926, 22.395], [92.926, 22.394], [92.925, 22.394], [92.924, 22.394], [92.924, 22.393], [92.922, 22.393], [92.922, 22.392], [92.921, 22.392], [92.92, 22.391], [92.919, 22.39], [92.918, 22.39], [92.917, 22.389], [92.917, 22.388], [92.916, 22.388], [92.916, 22.387], [92.915, 22.387], [92.915, 22.386], [92.914, 22.386], [92.913, 22.385], [92.912, 22.384], [92.911, 22.383], [92.91, 22.382], [92.909, 22.381], [92.908, 22.38], [92.908, 22.379], [92.907, 22.378], [92.907, 22.377], [92.906, 22.377], [92.906, 22.376], [92.906, 22.375], [92.905, 22.375], [92.905, 22.374], [92.904, 22.374], [92.904, 22.373], [92.903, 22.373], [92.902, 22.373], [92.902, 22.372], [92.901, 22.372], [92.9, 22.371], [92.899, 22.371], [92.899, 22.37], [92.898, 22.37], [92.897, 22.37], [92.896, 22.369], [92.895, 22.369], [92.895, 22.368], [92.894, 22.368], [92.893, 22.367], [92.893, 22.366], [92.892, 22.366], [92.891, 22.365], [92.89, 22.365], [92.889, 22.365], [92.888, 22.364], [92.887, 22.364], [92.886, 22.363], [92.885, 22.362], [92.882, 22.361], [92.88, 22.359], [92.879, 22.358], [92.878, 22.357], [92.877, 22.356], [92.876, 22.355], [92.876, 22.354], [92.875, 22.353], [92.875, 22.352], [92.874, 22.351], [92.874, 22.35], [92.874, 22.349], [92.873, 22.348], [92.872, 22.347], [92.872, 22.346], [92.871, 22.345], [92.871, 22.344], [92.87, 22.343], [92.869, 22.342], [92.869, 22.341], [92.869, 22.34], [92.869, 22.339], [92.869, 22.338], [92.869, 22.337], [92.868, 22.334], [92.867, 22.333], [92.866, 22.332], [92.865, 22.331], [92.865, 22.33], [92.864, 22.329], [92.864, 22.328], [92.863, 22.328], [92.863, 22.327], [92.863, 22.326], [92.863, 22.325], [92.863, 22.324], [92.862, 22.324], [92.862, 22.323], [92.862, 22.322], [92.861, 22.321], [92.86, 22.32], [92.859, 22.32], [92.858, 22.32], [92.858, 22.321], [92.858, 22.322], [92.857, 22.322], [92.856, 22.322], [92.855, 22.322], [92.854, 22.322], [92.854, 22.321], [92.854, 22.32], [92.853, 22.319], [92.852, 22.319], [92.851, 22.319], [92.85, 22.319], [92.849, 22.319], [92.849, 22.32], [92.848, 22.32], [92.848, 22.321], [92.848, 22.322], [92.847, 22.322], [92.847, 22.323], [92.846, 22.324], [92.846, 22.325], [92.845, 22.326], [92.844, 22.327], [92.844, 22.328], [92.844, 22.329], [92.844, 22.33], [92.843, 22.33], [92.842, 22.33], [92.841, 22.33], [92.84, 22.33], [92.84, 22.329], [92.839, 22.329], [92.838, 22.329], [92.837, 22.329], [92.836, 22.33], [92.835, 22.33], [92.834, 22.33], [92.833, 22.33], [92.833, 22.331], [92.832, 22.331], [92.832, 22.332], [92.831, 22.332], [92.83, 22.332], [92.829, 22.333], [92.828, 22.333], [92.827, 22.334], [92.826, 22.334], [92.825, 22.334], [92.824, 22.334], [92.823, 22.333], [92.823, 22.332], [92.822, 22.331], [92.822, 22.33], [92.821, 22.329], [92.821, 22.328], [92.821, 22.327], [92.821, 22.326], [92.821, 22.325], [92.821, 22.324], [92.822, 22.323], [92.822, 22.322], [92.822, 22.321], [92.823, 22.321], [92.823, 22.32], [92.824, 22.32], [92.824, 22.319], [92.825, 22.319], [92.826, 22.318], [92.826, 22.317], [92.826, 22.316], [92.826, 22.315], [92.826, 22.314], [92.826, 22.313], [92.826, 22.312], [92.825, 22.312], [92.825, 22.311], [92.824, 22.311], [92.823, 22.311], [92.823, 22.31], [92.823, 22.309], [92.822, 22.309], [92.822, 22.308], [92.822, 22.307], [92.823, 22.307], [92.823, 22.306], [92.824, 22.305], [92.825, 22.304], [92.826, 22.304], [92.827, 22.303], [92.828, 22.302], [92.829, 22.302], [92.829, 22.301], [92.83, 22.301], [92.83, 22.3], [92.831, 22.299], [92.831, 22.298], [92.832, 22.297], [92.832, 22.296], [92.834, 22.295], [92.835, 22.294], [92.835, 22.293], [92.836, 22.293], [92.836, 22.292], [92.837, 22.292], [92.837, 22.291], [92.837, 22.29], [92.836, 22.29], [92.835, 22.289], [92.834, 22.289], [92.833, 22.289], [92.833, 22.288], [92.832, 22.288], [92.832, 22.287], [92.833, 22.286], [92.833, 22.285], [92.833, 22.284], [92.833, 22.283], [92.832, 22.282], [92.832, 22.281], [92.832, 22.28], [92.832, 22.279], [92.831, 22.278], [92.831, 22.277], [92.831, 22.276], [92.831, 22.275], [92.831, 22.274], [92.831, 22.273], [92.831, 22.272], [92.832, 22.272], [92.833, 22.272], [92.834, 22.271], [92.835, 22.271], [92.835, 22.27], [92.835, 22.269], [92.835, 22.267], [92.835, 22.266], [92.834, 22.266], [92.834, 22.265], [92.833, 22.264], [92.833, 22.263], [92.832, 22.262], [92.832, 22.261], [92.831, 22.26], [92.831, 22.258], [92.83, 22.258], [92.83, 22.257], [92.83, 22.256], [92.83, 22.255], [92.83, 22.254], [92.831, 22.254], [92.831, 22.253], [92.831, 22.252], [92.832, 22.251], [92.832, 22.25], [92.832, 22.249], [92.832, 22.248], [92.833, 22.247], [92.833, 22.246], [92.833, 22.245], [92.834, 22.244], [92.834, 22.243], [92.834, 22.242], [92.835, 22.241], [92.835, 22.24], [92.835, 22.239], [92.835, 22.238], [92.835, 22.237], [92.836, 22.236], [92.836, 22.234], [92.836, 22.232], [92.836, 22.231], [92.836, 22.23], [92.836, 22.229], [92.836, 22.228], [92.836, 22.227], [92.837, 22.226], [92.837, 22.225], [92.837, 22.224], [92.837, 22.223], [92.837, 22.221], [92.836, 22.219], [92.836, 22.218], [92.835, 22.218], [92.835, 22.217], [92.835, 22.216], [92.835, 22.214], [92.836, 22.213], [92.836, 22.212], [92.836, 22.21], [92.836, 22.209], [92.836, 22.208], [92.836, 22.207], [92.836, 22.206], [92.836, 22.204], [92.837, 22.203], [92.838, 22.202], [92.838, 22.201], [92.838, 22.2], [92.839, 22.196], [92.838, 22.195], [92.838, 22.194], [92.838, 22.192], [92.838, 22.191], [92.837, 22.189], [92.837, 22.188], [92.837, 22.187], [92.837, 22.186], [92.837, 22.185], [92.837, 22.184], [92.838, 22.183], [92.838, 22.181], [92.838, 22.18], [92.838, 22.179], [92.838, 22.178], [92.839, 22.177], [92.839, 22.176], [92.839, 22.175], [92.839, 22.174], [92.839, 22.173], [92.84, 22.173], [92.84, 22.172], [92.839, 22.171], [92.84, 22.171], [92.84, 22.168], [92.84, 22.167], [92.84, 22.165], [92.84, 22.164], [92.84, 22.163], [92.839, 22.162], [92.839, 22.161], [92.839, 22.16], [92.84, 22.159], [92.84, 22.158], [92.84, 22.157], [92.84, 22.156], [92.84, 22.155], [92.841, 22.154], [92.841, 22.153], [92.842, 22.152], [92.842, 22.151], [92.842, 22.15], [92.842, 22.149], [92.842, 22.148], [92.842, 22.147], [92.842, 22.146], [92.842, 22.145], [92.842, 22.144], [92.842, 22.143], [92.843, 22.142], [92.843, 22.141], [92.843, 22.14], [92.843, 22.139], [92.844, 22.138], [92.844, 22.137], [92.844, 22.136], [92.844, 22.135], [92.844, 22.134], [92.843, 22.133], [92.844, 22.132], [92.844, 22.131], [92.843, 22.131], [92.843, 22.13], [92.843, 22.129], [92.843, 22.128], [92.842, 22.128], [92.842, 22.127], [92.842, 22.126], [92.841, 22.125], [92.841, 22.124], [92.841, 22.123], [92.841, 22.122], [92.84, 22.122], [92.84, 22.121], [92.84, 22.12], [92.84, 22.119], [92.841, 22.119], [92.841, 22.118], [92.841, 22.117], [92.841, 22.116], [92.841, 22.115], [92.841, 22.114], [92.842, 22.113], [92.842, 22.112], [92.842, 22.111], [92.843, 22.11], [92.843, 22.109], [92.843, 22.108], [92.843, 22.107], [92.843, 22.106], [92.843, 22.105], [92.843, 22.104], [92.844, 22.103], [92.844, 22.102], [92.844, 22.101], [92.845, 22.101], [92.845, 22.1], [92.845, 22.099], [92.845, 22.098], [92.845, 22.097], [92.845, 22.096], [92.845, 22.095], [92.845, 22.094], [92.846, 22.094], [92.846, 22.092], [92.846, 22.091], [92.846, 22.09], [92.846, 22.089], [92.846, 22.088], [92.846, 22.086], [92.846, 22.085], [92.846, 22.083], [92.846, 22.082], [92.846, 22.081], [92.846, 22.08], [92.846, 22.079], [92.846, 22.078], [92.846, 22.077], [92.846, 22.076], [92.846, 22.075], [92.846, 22.074], [92.847, 22.074], [92.847, 22.073], [92.847, 22.072], [92.847, 22.071], [92.847, 22.07], [92.847, 22.069], [92.848, 22.069], [92.848, 22.068], [92.848, 22.067], [92.848, 22.066], [92.848, 22.065], [92.849, 22.065], [92.849, 22.064], [92.85, 22.064], [92.85, 22.063], [92.85, 22.062], [92.849, 22.062], [92.848, 22.062], [92.848, 22.061], [92.847, 22.061], [92.847, 22.06], [92.846, 22.061], [92.845, 22.061], [92.845, 22.06], [92.844, 22.06], [92.843, 22.06], [92.843, 22.059], [92.842, 22.059], [92.841, 22.059], [92.841, 22.06], [92.84, 22.06], [92.84, 22.061], [92.84, 22.062], [92.84, 22.063], [92.839, 22.063], [92.839, 22.064], [92.839, 22.065], [92.839, 22.066], [92.838, 22.066], [92.838, 22.067], [92.838, 22.068], [92.838, 22.069], [92.838, 22.07], [92.837, 22.07], [92.837, 22.071], [92.837, 22.072], [92.836, 22.072], [92.836, 22.071], [92.836, 22.072], [92.835, 22.072], [92.834, 22.072], [92.833, 22.072], [92.833, 22.073], [92.832, 22.073], [92.831, 22.073], [92.83, 22.073], [92.829, 22.073], [92.828, 22.073], [92.828, 22.072], [92.827, 22.072], [92.827, 22.073], [92.826, 22.073], [92.825, 22.073], [92.824, 22.073], [92.824, 22.074], [92.823, 22.074], [92.822, 22.074], [92.821, 22.074], [92.82, 22.074], [92.82, 22.075], [92.819, 22.075], [92.818, 22.075], [92.818, 22.076], [92.817, 22.077], [92.817, 22.078], [92.817, 22.079], [92.817, 22.08], [92.817, 22.081], [92.817, 22.082], [92.818, 22.083], [92.818, 22.084], [92.818, 22.085], [92.818, 22.086], [92.818, 22.087], [92.817, 22.087], [92.817, 22.088], [92.816, 22.088], [92.815, 22.088], [92.815, 22.089], [92.814, 22.089], [92.813, 22.089], [92.813, 22.09], [92.812, 22.09], [92.812, 22.091], [92.812, 22.092], [92.812, 22.093], [92.811, 22.094], [92.811, 22.095], [92.81, 22.096], [92.809, 22.096], [92.808, 22.096], [92.807, 22.096], [92.806, 22.096], [92.806, 22.097], [92.805, 22.097], [92.804, 22.098], [92.803, 22.098], [92.803, 22.097], [92.803, 22.096], [92.802, 22.096], [92.802, 22.095], [92.801, 22.095], [92.801, 22.094], [92.8, 22.094], [92.799, 22.094], [92.799, 22.093], [92.798, 22.093], [92.798, 22.094], [92.797, 22.094], [92.796, 22.095], [92.796, 22.096], [92.796, 22.097], [92.796, 22.098], [92.796, 22.099], [92.795, 22.099], [92.794, 22.1], [92.793, 22.1], [92.792, 22.1], [92.792, 22.101], [92.792, 22.102], [92.791, 22.102], [92.791, 22.103], [92.791, 22.104], [92.79, 22.104], [92.79, 22.105], [92.789, 22.105], [92.788, 22.105], [92.787, 22.105], [92.786, 22.105], [92.785, 22.105], [92.784, 22.106], [92.784, 22.105], [92.784, 22.106], [92.783, 22.106], [92.783, 22.107], [92.782, 22.107], [92.781, 22.107], [92.78, 22.107], [92.779, 22.108], [92.778, 22.108], [92.778, 22.107], [92.777, 22.107], [92.776, 22.107], [92.775, 22.107], [92.774, 22.107], [92.773, 22.107], [92.773, 22.108], [92.773, 22.109], [92.772, 22.109], [92.771, 22.109], [92.771, 22.11], [92.77, 22.11], [92.77, 22.111], [92.771, 22.111], [92.771, 22.112], [92.77, 22.112], [92.769, 22.113], [92.768, 22.113], [92.767, 22.114], [92.767, 22.115], [92.767, 22.116], [92.767, 22.117], [92.768, 22.117], [92.767, 22.117], [92.766, 22.117], [92.766, 22.118], [92.766, 22.119], [92.767, 22.119], [92.766, 22.12], [92.767, 22.12], [92.767, 22.121], [92.767, 22.122], [92.768, 22.122], [92.769, 22.122], [92.769, 22.123], [92.77, 22.123], [92.77, 22.124], [92.77, 22.125], [92.771, 22.125], [92.772, 22.125], [92.773, 22.125], [92.774, 22.125], [92.775, 22.125], [92.776, 22.125], [92.776, 22.126], [92.777, 22.126], [92.777, 22.127], [92.777, 22.128], [92.777, 22.129], [92.777, 22.13], [92.776, 22.13], [92.776, 22.131], [92.775, 22.131], [92.775, 22.132], [92.775, 22.133], [92.776, 22.133], [92.776, 22.134], [92.776, 22.135], [92.777, 22.135], [92.777, 22.136], [92.777, 22.137], [92.777, 22.138], [92.777, 22.139], [92.776, 22.139], [92.776, 22.14], [92.776, 22.141], [92.776, 22.142], [92.776, 22.143], [92.776, 22.144], [92.776, 22.145], [92.776, 22.146], [92.775, 22.146], [92.775, 22.147], [92.774, 22.147], [92.773, 22.147], [92.772, 22.147], [92.771, 22.147], [92.771, 22.148], [92.77, 22.148], [92.769, 22.148], [92.768, 22.148], [92.768, 22.149], [92.767, 22.149], [92.766, 22.149], [92.766, 22.15], [92.765, 22.15], [92.765, 22.151], [92.764, 22.151], [92.764, 22.152], [92.764, 22.153], [92.764, 22.154], [92.764, 22.155], [92.764, 22.156], [92.764, 22.157], [92.764, 22.158], [92.765, 22.158], [92.765, 22.159], [92.766, 22.159], [92.766, 22.16], [92.767, 22.16], [92.767, 22.161], [92.768, 22.161], [92.768, 22.162], [92.767, 22.162], [92.767, 22.163], [92.768, 22.164], [92.769, 22.164], [92.77, 22.164], [92.771, 22.164], [92.772, 22.164], [92.772, 22.163], [92.773, 22.163], [92.773, 22.164], [92.772, 22.164], [92.772, 22.165], [92.772, 22.166], [92.771, 22.166], [92.771, 22.167], [92.771, 22.168], [92.771, 22.169], [92.771, 22.17], [92.771, 22.171], [92.77, 22.171], [92.77, 22.172], [92.77, 22.173], [92.77, 22.174], [92.769, 22.174], [92.769, 22.175], [92.768, 22.175], [92.767, 22.175], [92.766, 22.175], [92.765, 22.175], [92.765, 22.176], [92.764, 22.177], [92.764, 22.178], [92.764, 22.179], [92.764, 22.18], [92.764, 22.181], [92.765, 22.181], [92.765, 22.182], [92.765, 22.183], [92.766, 22.183], [92.765, 22.183], [92.765, 22.184], [92.765, 22.185], [92.764, 22.185], [92.764, 22.186], [92.764, 22.187], [92.764, 22.188], [92.764, 22.189], [92.764, 22.19], [92.763, 22.19], [92.763, 22.191], [92.763, 22.192], [92.763, 22.193], [92.764, 22.194], [92.764, 22.195], [92.764, 22.196], [92.763, 22.197], [92.762, 22.198], [92.762, 22.199], [92.762, 22.2], [92.762, 22.201], [92.762, 22.202], [92.762, 22.203], [92.762, 22.204], [92.762, 22.205], [92.762, 22.206], [92.761, 22.206], [92.761, 22.207], [92.761, 22.208], [92.761, 22.209], [92.761, 22.21], [92.761, 22.211], [92.761, 22.212], [92.761, 22.213], [92.76, 22.213], [92.76, 22.214], [92.76, 22.215], [92.76, 22.216], [92.76, 22.217], [92.76, 22.218], [92.76, 22.219], [92.76, 22.22], [92.761, 22.22], [92.761, 22.221], [92.762, 22.222], [92.762, 22.223], [92.763, 22.223], [92.763, 22.224], [92.763, 22.225], [92.762, 22.225], [92.762, 22.226], [92.762, 22.227], [92.762, 22.228], [92.761, 22.229], [92.761, 22.23], [92.76, 22.231], [92.76, 22.232], [92.76, 22.233], [92.76, 22.234], [92.76, 22.235], [92.759, 22.235], [92.759, 22.236], [92.759, 22.237], [92.759, 22.238], [92.76, 22.238], [92.76, 22.239], [92.76, 22.24], [92.76, 22.241], [92.76, 22.242], [92.76, 22.243], [92.76, 22.244], [92.76, 22.245], [92.76, 22.246], [92.76, 22.247], [92.76, 22.248], [92.76, 22.249], [92.759, 22.249], [92.759, 22.25], [92.758, 22.25], [92.758, 22.251], [92.757, 22.251], [92.757, 22.252], [92.756, 22.252], [92.756, 22.253], [92.756, 22.254], [92.756, 22.255], [92.756, 22.256], [92.756, 22.257], [92.756, 22.258], [92.755, 22.258], [92.755, 22.259], [92.755, 22.26], [92.755, 22.261], [92.754, 22.261], [92.754, 22.262], [92.754, 22.263], [92.754, 22.264], [92.754, 22.265], [92.754, 22.266], [92.754, 22.267], [92.754, 22.268], [92.754, 22.269], [92.754, 22.27], [92.754, 22.271], [92.753, 22.272], [92.753, 22.273], [92.752, 22.273], [92.752, 22.274], [92.752, 22.275], [92.752, 22.276], [92.752, 22.277], [92.752, 22.278], [92.752, 22.279], [92.752, 22.28], [92.752, 22.281], [92.752, 22.282], [92.752, 22.283], [92.751, 22.284], [92.751, 22.285], [92.751, 22.286], [92.751, 22.287], [92.751, 22.288], [92.751, 22.289], [92.751, 22.29], [92.751, 22.291], [92.751, 22.292], [92.75, 22.292], [92.75, 22.293], [92.751, 22.293], [92.751, 22.294], [92.751, 22.295], [92.75, 22.296], [92.75, 22.297], [92.75, 22.298], [92.75, 22.299], [92.75, 22.3], [92.75, 22.301], [92.75, 22.302], [92.75, 22.303], [92.75, 22.304], [92.75, 22.305], [92.75, 22.306], [92.75, 22.307], [92.749, 22.307], [92.749, 22.308], [92.749, 22.309], [92.749, 22.31], [92.749, 22.311], [92.749, 22.312], [92.75, 22.312], [92.75, 22.313], [92.751, 22.313], [92.751, 22.314], [92.752, 22.314], [92.752, 22.313], [92.753, 22.313], [92.754, 22.312], [92.755, 22.312], [92.755, 22.311], [92.756, 22.311], [92.757, 22.311], [92.757, 22.31], [92.758, 22.31], [92.759, 22.31], [92.76, 22.31], [92.761, 22.31], [92.762, 22.31], [92.762, 22.309], [92.763, 22.309], [92.763, 22.308], [92.764, 22.308], [92.765, 22.308], [92.765, 22.307], [92.766, 22.307], [92.767, 22.307], [92.768, 22.307], [92.769, 22.307], [92.77, 22.307], [92.771, 22.307], [92.772, 22.307], [92.773, 22.307], [92.774, 22.307], [92.774, 22.308], [92.775, 22.308], [92.776, 22.308], [92.776, 22.309], [92.777, 22.309], [92.778, 22.309], [92.779, 22.309], [92.78, 22.309], [92.781, 22.309], [92.782, 22.309], [92.783, 22.309], [92.784, 22.308], [92.785, 22.307], [92.786, 22.307], [92.786, 22.306], [92.787, 22.306], [92.788, 22.306], [92.789, 22.306], [92.79, 22.306], [92.79, 22.305], [92.791, 22.305], [92.791, 22.304], [92.792, 22.304], [92.793, 22.304], [92.794, 22.304], [92.795, 22.304], [92.795, 22.305], [92.796, 22.305], [92.796, 22.306], [92.797, 22.306], [92.798, 22.306], [92.798, 22.307], [92.798, 22.308], [92.798, 22.309], [92.798, 22.31], [92.798, 22.311], [92.798, 22.313], [92.798, 22.314], [92.798, 22.315], [92.798, 22.316], [92.799, 22.316], [92.799, 22.317], [92.799, 22.318], [92.8, 22.318], [92.8, 22.319], [92.801, 22.319], [92.801, 22.32], [92.801, 22.321], [92.801, 22.322], [92.802, 22.322], [92.802, 22.323], [92.802, 22.324], [92.802, 22.325], [92.802, 22.326], [92.802, 22.327], [92.802, 22.328], [92.802, 22.329], [92.802, 22.33], [92.801, 22.33], [92.801, 22.331], [92.801, 22.332], [92.801, 22.333], [92.802, 22.333], [92.802, 22.334], [92.803, 22.335], [92.803, 22.336], [92.804, 22.336], [92.804, 22.337], [92.805, 22.337], [92.805, 22.338], [92.805, 22.339], [92.806, 22.339], [92.806, 22.34], [92.806, 22.342], [92.807, 22.342], [92.807, 22.343], [92.807, 22.344], [92.807, 22.345], [92.807, 22.346], [92.806, 22.346], [92.806, 22.347], [92.806, 22.348], [92.805, 22.348], [92.805, 22.349], [92.805, 22.35], [92.805, 22.351], [92.805, 22.352], [92.805, 22.353], [92.805, 22.354], [92.804, 22.354], [92.804, 22.355], [92.803, 22.355], [92.803, 22.356], [92.803, 22.357], [92.802, 22.357], [92.801, 22.358], [92.8, 22.358], [92.799, 22.358], [92.798, 22.358], [92.798, 22.357], [92.797, 22.357], [92.796, 22.357], [92.795, 22.357], [92.795, 22.358], [92.794, 22.358], [92.793, 22.358], [92.792, 22.358], [92.791, 22.359], [92.791, 22.36], [92.79, 22.36], [92.79, 22.361], [92.789, 22.361], [92.789, 22.362], [92.788, 22.362], [92.788, 22.363], [92.787, 22.363], [92.786, 22.363], [92.785, 22.364], [92.784, 22.365], [92.784, 22.364], [92.783, 22.364], [92.783, 22.363], [92.782, 22.363], [92.781, 22.363], [92.781, 22.364], [92.78, 22.365], [92.78, 22.366], [92.779, 22.366], [92.778, 22.366], [92.777, 22.366], [92.776, 22.365], [92.775, 22.365], [92.774, 22.365], [92.774, 22.366], [92.773, 22.366], [92.772, 22.366], [92.771, 22.366], [92.771, 22.367], [92.77, 22.367], [92.77, 22.368], [92.769, 22.368], [92.769, 22.369], [92.768, 22.369], [92.768, 22.37], [92.768, 22.371], [92.768, 22.372], [92.768, 22.373], [92.769, 22.373], [92.769, 22.374], [92.768, 22.374], [92.768, 22.375], [92.768, 22.376], [92.767, 22.376], [92.767, 22.377], [92.767, 22.378], [92.767, 22.379], [92.767, 22.38], [92.767, 22.381], [92.766, 22.381], [92.766, 22.382], [92.766, 22.383], [92.766, 22.384], [92.766, 22.385], [92.764, 22.386], [92.764, 22.387], [92.763, 22.387], [92.763, 22.388], [92.763, 22.389], [92.763, 22.39], [92.763, 22.391], [92.762, 22.391], [92.761, 22.392], [92.76, 22.392], [92.76, 22.393], [92.759, 22.393], [92.759, 22.394], [92.76, 22.394], [92.761, 22.394], [92.762, 22.394], [92.762, 22.395], [92.763, 22.395], [92.763, 22.394], [92.764, 22.394], [92.765, 22.394], [92.766, 22.394], [92.767, 22.394], [92.767, 22.395], [92.767, 22.396], [92.767, 22.397], [92.767, 22.398], [92.767, 22.399], [92.766, 22.399], [92.766, 22.4], [92.767, 22.401], [92.767, 22.402], [92.767, 22.403], [92.767, 22.404], [92.766, 22.405], [92.766, 22.406], [92.766, 22.407], [92.766, 22.408], [92.766, 22.409], [92.767, 22.409], [92.767, 22.41], [92.767, 22.411], [92.767, 22.412], [92.767, 22.413], [92.767, 22.414], [92.767, 22.415], [92.767, 22.416], [92.767, 22.417], [92.766, 22.418], [92.766, 22.419], [92.766, 22.42], [92.765, 22.42], [92.765, 22.421], [92.765, 22.422], [92.765, 22.423], [92.765, 22.424], [92.765, 22.425], [92.764, 22.425], [92.764, 22.426], [92.763, 22.426], [92.762, 22.426], [92.762, 22.427], [92.761, 22.427], [92.76, 22.427], [92.76, 22.428], [92.759, 22.428], [92.758, 22.428], [92.758, 22.429], [92.757, 22.429], [92.756, 22.43], [92.755, 22.43], [92.754, 22.43], [92.754, 22.431], [92.754, 22.432], [92.754, 22.433], [92.754, 22.434], [92.754, 22.435], [92.755, 22.435], [92.756, 22.436], [92.757, 22.436], [92.758, 22.436], [92.759, 22.436], [92.76, 22.436], [92.76, 22.437], [92.761, 22.437], [92.762, 22.437], [92.762, 22.438], [92.762, 22.439], [92.762, 22.44], [92.761, 22.441], [92.761, 22.44], [92.76, 22.44], [92.759, 22.44], [92.759, 22.441], [92.758, 22.441], [92.757, 22.441], [92.756, 22.441], [92.755, 22.441], [92.754, 22.441], [92.753, 22.441], [92.752, 22.441], [92.751, 22.441], [92.75, 22.44], [92.749, 22.44], [92.749, 22.439], [92.748, 22.439], [92.747, 22.439], [92.747, 22.438], [92.747, 22.437], [92.747, 22.436], [92.747, 22.435], [92.746, 22.434], [92.745, 22.434], [92.744, 22.433], [92.743, 22.433], [92.743, 22.432], [92.742, 22.432], [92.741, 22.431], [92.74, 22.431], [92.739, 22.431], [92.739, 22.432], [92.738, 22.432], [92.737, 22.432], [92.736, 22.432], [92.735, 22.431], [92.734, 22.431], [92.734, 22.43], [92.734, 22.429], [92.733, 22.429], [92.733, 22.428], [92.734, 22.428], [92.734, 22.427], [92.734, 22.426], [92.733, 22.426], [92.733, 22.427], [92.732, 22.427], [92.731, 22.427], [92.73, 22.427], [92.729, 22.426], [92.728, 22.426], [92.727, 22.426], [92.726, 22.426], [92.725, 22.426], [92.724, 22.426], [92.723, 22.426], [92.723, 22.425], [92.722, 22.425], [92.721, 22.425], [92.721, 22.424], [92.72, 22.424], [92.719, 22.424], [92.718, 22.424], [92.717, 22.424], [92.716, 22.424], [92.715, 22.424], [92.714, 22.424], [92.713, 22.424], [92.712, 22.424], [92.711, 22.424], [92.71, 22.425], [92.71, 22.426], [92.709, 22.426], [92.709, 22.427], [92.709, 22.428], [92.708, 22.428], [92.708, 22.429], [92.708, 22.43], [92.708, 22.431], [92.708, 22.432], [92.708, 22.433], [92.709, 22.433], [92.709, 22.434], [92.71, 22.434], [92.711, 22.435], [92.712, 22.435], [92.713, 22.435], [92.714, 22.435], [92.714, 22.436], [92.715, 22.436], [92.716, 22.436], [92.716, 22.437], [92.717, 22.437], [92.718, 22.438], [92.719, 22.438], [92.719, 22.439], [92.72, 22.439], [92.72, 22.44], [92.72, 22.441], [92.72, 22.442], [92.72, 22.443], [92.72, 22.444], [92.72, 22.445], [92.719, 22.445], [92.719, 22.446], [92.719, 22.447], [92.72, 22.448], [92.719, 22.449], [92.719, 22.45], [92.719, 22.451], [92.718, 22.451], [92.718, 22.452], [92.718, 22.453], [92.718, 22.454], [92.717, 22.454], [92.717, 22.455], [92.717, 22.456], [92.716, 22.456], [92.716, 22.457], [92.716, 22.458], [92.715, 22.459], [92.715, 22.46], [92.715, 22.461], [92.716, 22.461], [92.716, 22.462], [92.715, 22.463], [92.715, 22.464], [92.715, 22.465], [92.715, 22.466], [92.715, 22.467], [92.714, 22.468], [92.714, 22.469], [92.714, 22.47], [92.714, 22.471], [92.714, 22.472], [92.714, 22.473], [92.714, 22.474], [92.713, 22.475], [92.713, 22.476], [92.714, 22.476], [92.714, 22.477], [92.714, 22.478], [92.713, 22.478], [92.713, 22.479], [92.712, 22.479], [92.712, 22.48], [92.712, 22.481], [92.712, 22.482], [92.711, 22.482], [92.712, 22.483], [92.713, 22.483], [92.713, 22.482], [92.713, 22.483], [92.713, 22.484], [92.711, 22.485], [92.712, 22.485], [92.712, 22.486], [92.711, 22.487], [92.711, 22.488], [92.711, 22.489], [92.71, 22.489], [92.71, 22.49], [92.71, 22.491], [92.711, 22.491], [92.712, 22.492], [92.711, 22.493], [92.711, 22.494], [92.711, 22.495], [92.71, 22.495], [92.71, 22.496], [92.709, 22.496], [92.708, 22.496], [92.708, 22.495], [92.708, 22.494], [92.708, 22.493], [92.707, 22.493], [92.707, 22.492], [92.706, 22.492], [92.706, 22.491], [92.705, 22.491], [92.704, 22.491], [92.704, 22.49], [92.703, 22.49], [92.702, 22.49], [92.702, 22.489], [92.701, 22.489], [92.7, 22.489], [92.699, 22.489], [92.698, 22.489], [92.698, 22.488], [92.697, 22.488], [92.696, 22.488], [92.695, 22.488], [92.695, 22.487], [92.694, 22.487], [92.693, 22.487], [92.693, 22.486], [92.692, 22.486], [92.691, 22.486], [92.69, 22.486], [92.689, 22.486], [92.688, 22.486], [92.687, 22.486], [92.686, 22.486], [92.685, 22.487], [92.684, 22.487], [92.684, 22.488], [92.683, 22.488], [92.682, 22.488], [92.681, 22.488], [92.681, 22.487], [92.68, 22.487], [92.68, 22.486], [92.679, 22.486], [92.678, 22.486], [92.678, 22.485], [92.677, 22.485], [92.676, 22.485], [92.675, 22.485], [92.675, 22.486], [92.674, 22.486], [92.673, 22.486], [92.673, 22.487], [92.672, 22.487], [92.671, 22.487], [92.67, 22.487], [92.669, 22.487], [92.668, 22.487], [92.667, 22.487], [92.667, 22.488], [92.666, 22.488], [92.665, 22.488], [92.665, 22.489], [92.664, 22.489], [92.663, 22.489], [92.662, 22.489], [92.662, 22.488], [92.661, 22.488], [92.66, 22.488], [92.659, 22.488], [92.658, 22.488], [92.657, 22.488], [92.657, 22.487], [92.657, 22.486], [92.656, 22.485], [92.656, 22.484], [92.655, 22.484], [92.654, 22.484], [92.653, 22.484], [92.652, 22.484], [92.651, 22.484], [92.65, 22.484], [92.65, 22.483], [92.649, 22.483], [92.648, 22.483], [92.647, 22.482], [92.647, 22.483], [92.646, 22.483], [92.645, 22.483], [92.644, 22.483], [92.643, 22.483], [92.642, 22.483], [92.642, 22.484], [92.641, 22.484], [92.642, 22.484], [92.642, 22.485], [92.641, 22.485], [92.641, 22.486], [92.64, 22.486], [92.639, 22.486], [92.638, 22.486], [92.637, 22.487], [92.636, 22.487], [92.637, 22.487], [92.637, 22.488], [92.637, 22.489], [92.637, 22.49], [92.637, 22.491], [92.636, 22.491], [92.635, 22.491], [92.635, 22.49], [92.635, 22.489], [92.635, 22.488], [92.635, 22.487], [92.634, 22.487], [92.634, 22.488], [92.633, 22.488], [92.633, 22.489], [92.633, 22.49], [92.632, 22.49], [92.631, 22.489], [92.631, 22.49], [92.632, 22.49], [92.632, 22.491], [92.632, 22.492], [92.633, 22.493], [92.634, 22.493], [92.634, 22.494], [92.635, 22.494], [92.636, 22.494], [92.636, 22.495], [92.637, 22.495], [92.637, 22.496], [92.637, 22.497], [92.637, 22.498], [92.636, 22.498], [92.636, 22.499], [92.635, 22.499], [92.634, 22.5], [92.633, 22.499], [92.633, 22.498], [92.632, 22.498], [92.631, 22.499], [92.631, 22.5], [92.63, 22.5], [92.63, 22.501], [92.629, 22.502], [92.629, 22.503], [92.628, 22.503], [92.627, 22.503], [92.627, 22.504], [92.626, 22.504], [92.625, 22.504], [92.625, 22.505], [92.625, 22.506], [92.625, 22.507], [92.626, 22.507], [92.626, 22.508], [92.626, 22.509], [92.625, 22.509], [92.625, 22.51], [92.625, 22.511], [92.624, 22.512], [92.624, 22.513], [92.623, 22.513], [92.623, 22.514], [92.623, 22.515], [92.623, 22.516], [92.623, 22.517], [92.624, 22.518], [92.624, 22.519], [92.625, 22.52], [92.625, 22.521], [92.626, 22.521], [92.627, 22.522], [92.628, 22.522], [92.628, 22.523], [92.627, 22.524], [92.627, 22.525], [92.626, 22.525], [92.626, 22.526], [92.625, 22.527], [92.624, 22.528], [92.624, 22.529], [92.624, 22.53], [92.624, 22.531], [92.624, 22.532], [92.625, 22.533], [92.625, 22.534], [92.625, 22.535], [92.624, 22.535], [92.624, 22.536], [92.623, 22.536], [92.622, 22.536], [92.622, 22.537], [92.622, 22.538], [92.623, 22.538], [92.623, 22.539], [92.624, 22.539], [92.624, 22.54], [92.625, 22.54], [92.625, 22.541], [92.625, 22.542], [92.624, 22.543], [92.624, 22.544], [92.623, 22.544], [92.622, 22.545], [92.622, 22.546], [92.622, 22.547], [92.622, 22.549], [92.622, 22.55], [92.622, 22.551], [92.622, 22.552], [92.623, 22.552], [92.623, 22.553], [92.624, 22.553], [92.624, 22.554], [92.624, 22.555], [92.624, 22.556], [92.624, 22.557], [92.624, 22.558], [92.625, 22.559], [92.625, 22.56], [92.625, 22.561], [92.625, 22.562], [92.626, 22.562], [92.626, 22.563], [92.626, 22.564], [92.627, 22.565], [92.627, 22.566], [92.627, 22.567], [92.627, 22.568], [92.627, 22.569], [92.628, 22.57], [92.629, 22.57], [92.63, 22.57], [92.631, 22.57], [92.632, 22.57], [92.633, 22.571], [92.634, 22.571], [92.634, 22.572], [92.633, 22.573], [92.632, 22.573], [92.631, 22.573], [92.63, 22.573], [92.63, 22.574], [92.629, 22.575], [92.628, 22.575], [92.627, 22.576], [92.626, 22.576], [92.626, 22.577], [92.625, 22.577], [92.626, 22.577], [92.626, 22.578], [92.627, 22.578], [92.627, 22.579], [92.628, 22.579], [92.629, 22.58], [92.628, 22.58], [92.628, 22.581], [92.628, 22.582], [92.628, 22.583], [92.628, 22.584], [92.629, 22.585], [92.629, 22.586], [92.629, 22.587], [92.628, 22.588], [92.628, 22.589], [92.628, 22.59], [92.628, 22.593], [92.628, 22.594], [92.628, 22.595], [92.628, 22.596], [92.627, 22.596], [92.627, 22.597], [92.627, 22.598], [92.627, 22.599], [92.628, 22.6], [92.628, 22.601], [92.629, 22.601], [92.63, 22.601], [92.631, 22.6], [92.632, 22.6], [92.632, 22.599], [92.633, 22.599], [92.634, 22.599], [92.634, 22.598], [92.635, 22.598], [92.635, 22.597], [92.636, 22.596], [92.637, 22.595], [92.638, 22.595], [92.639, 22.595], [92.639, 22.594], [92.641, 22.594], [92.642, 22.594], [92.643, 22.594], [92.643, 22.595], [92.643, 22.597], [92.643, 22.598], [92.642, 22.598], [92.641, 22.598], [92.641, 22.599], [92.64, 22.599], [92.639, 22.599], [92.638, 22.599], [92.638, 22.6], [92.638, 22.601], [92.638, 22.602], [92.638, 22.603], [92.638, 22.604], [92.637, 22.604], [92.636, 22.604], [92.636, 22.605], [92.635, 22.605], [92.635, 22.606], [92.634, 22.606], [92.633, 22.607], [92.632, 22.607], [92.631, 22.606], [92.631, 22.607], [92.63, 22.607], [92.63, 22.608], [92.63, 22.609], [92.631, 22.61], [92.632, 22.61], [92.633, 22.61], [92.634, 22.61], [92.635, 22.61], [92.636, 22.61], [92.637, 22.61], [92.638, 22.609], [92.639, 22.609], [92.64, 22.609], [92.641, 22.608], [92.642, 22.608], [92.643, 22.608], [92.644, 22.608], [92.645, 22.609], [92.645, 22.61], [92.645, 22.611], [92.644, 22.612], [92.644, 22.613], [92.643, 22.614], [92.643, 22.615], [92.643, 22.616], [92.644, 22.617], [92.645, 22.617], [92.646, 22.617], [92.646, 22.618], [92.647, 22.618], [92.647, 22.619], [92.647, 22.62], [92.648, 22.62], [92.649, 22.62], [92.65, 22.62], [92.651, 22.621], [92.651, 22.62], [92.652, 22.62], [92.652, 22.621], [92.653, 22.621], [92.654, 22.621], [92.655, 22.622], [92.655, 22.621], [92.656, 22.621], [92.656, 22.62], [92.657, 22.62], [92.658, 22.619], [92.658, 22.618], [92.659, 22.618], [92.66, 22.618], [92.661, 22.618], [92.661, 22.617], [92.662, 22.617], [92.662, 22.618], [92.663, 22.618], [92.663, 22.619], [92.663, 22.62], [92.663, 22.621], [92.664, 22.621], [92.664, 22.622], [92.665, 22.622], [92.666, 22.622], [92.667, 22.623], [92.668, 22.623], [92.668, 22.624], [92.669, 22.624], [92.67, 22.624], [92.671, 22.624], [92.671, 22.623], [92.671, 22.624], [92.672, 22.624], [92.673, 22.624], [92.674, 22.624], [92.674, 22.625], [92.675, 22.625], [92.676, 22.625], [92.677, 22.625], [92.678, 22.624], [92.679, 22.624], [92.68, 22.624], [92.681, 22.624], [92.682, 22.624], [92.683, 22.624], [92.684, 22.624], [92.684, 22.623], [92.685, 22.623], [92.686, 22.623], [92.687, 22.623], [92.688, 22.623], [92.689, 22.623], [92.69, 22.623], [92.69, 22.624], [92.691, 22.623], [92.692, 22.623], [92.693, 22.622], [92.694, 22.622], [92.695, 22.622], [92.696, 22.622], [92.696, 22.621], [92.697, 22.621], [92.698, 22.62], [92.698, 22.619], [92.697, 22.619], [92.696, 22.618], [92.696, 22.617], [92.695, 22.617], [92.695, 22.616], [92.695, 22.615], [92.695, 22.614], [92.695, 22.613], [92.695, 22.612], [92.694, 22.612], [92.694, 22.611], [92.693, 22.611], [92.692, 22.611], [92.691, 22.611], [92.69, 22.61], [92.691, 22.608], [92.691, 22.607], [92.692, 22.606], [92.693, 22.605], [92.693, 22.604], [92.694, 22.604], [92.694, 22.603], [92.694, 22.602], [92.694, 22.601], [92.694, 22.6], [92.694, 22.599], [92.694, 22.598], [92.693, 22.598], [92.693, 22.597], [92.693, 22.596], [92.693, 22.595], [92.694, 22.595], [92.694, 22.594], [92.694, 22.593], [92.694, 22.592], [92.693, 22.592], [92.693, 22.591], [92.694, 22.591], [92.695, 22.591], [92.696, 22.59], [92.697, 22.589], [92.698, 22.588], [92.697, 22.588], [92.697, 22.587], [92.698, 22.587], [92.698, 22.586], [92.699, 22.586], [92.7, 22.586], [92.7, 22.585], [92.701, 22.585], [92.702, 22.585], [92.702, 22.586], [92.703, 22.586], [92.703, 22.585], [92.704, 22.585], [92.705, 22.585], [92.705, 22.586], [92.706, 22.586], [92.706, 22.585], [92.706, 22.584], [92.706, 22.583], [92.706, 22.582], [92.707, 22.582], [92.707, 22.583], [92.707, 22.584], [92.708, 22.585], [92.709, 22.585], [92.709, 22.586], [92.71, 22.585], [92.71, 22.584], [92.71, 22.583], [92.71, 22.582], [92.709, 22.582], [92.709, 22.581], [92.709, 22.58], [92.709, 22.579], [92.709, 22.578], [92.71, 22.578], [92.71, 22.579], [92.711, 22.578], [92.711, 22.577], [92.712, 22.577], [92.711, 22.577], [92.711, 22.576], [92.712, 22.576], [92.712, 22.575], [92.713, 22.575], [92.713, 22.574], [92.714, 22.574], [92.714, 22.573], [92.715, 22.573], [92.716, 22.573], [92.716, 22.572], [92.716, 22.571], [92.716, 22.57], [92.717, 22.57], [92.717, 22.569], [92.718, 22.569], [92.719, 22.569], [92.719, 22.568], [92.72, 22.568], [92.72, 22.567], [92.72, 22.565], [92.72, 22.564], [92.721, 22.564], [92.722, 22.564], [92.723, 22.564], [92.724, 22.563], [92.725, 22.563], [92.726, 22.563], [92.727, 22.562], [92.728, 22.562], [92.728, 22.561], [92.729, 22.561], [92.73, 22.56], [92.731, 22.56], [92.732, 22.56], [92.733, 22.56], [92.734, 22.56], [92.735, 22.56], [92.736, 22.559], [92.737, 22.558], [92.737, 22.557], [92.738, 22.556], [92.739, 22.555], [92.74, 22.555], [92.74, 22.554], [92.741, 22.554], [92.742, 22.553], [92.743, 22.551], [92.744, 22.551], [92.744, 22.55], [92.746, 22.549], [92.746, 22.548], [92.747, 22.547], [92.747, 22.546], [92.748, 22.546], [92.749, 22.546], [92.75, 22.546], [92.751, 22.546], [92.752, 22.546], [92.752, 22.545], [92.752, 22.544], [92.752, 22.543], [92.752, 22.542], [92.752, 22.541], [92.752, 22.54], [92.752, 22.539], [92.753, 22.538], [92.754, 22.537], [92.754, 22.536], [92.755, 22.535], [92.755, 22.534], [92.754, 22.534], [92.754, 22.533], [92.753, 22.533], [92.753, 22.532], [92.753, 22.531], [92.753, 22.53], [92.753, 22.529], [92.751, 22.528], [92.751, 22.527], [92.752, 22.527], [92.752, 22.526], [92.752, 22.525], [92.752, 22.524], [92.753, 22.523], [92.753, 22.522], [92.753, 22.521], [92.753, 22.52], [92.753, 22.519], [92.753, 22.518], [92.754, 22.518], [92.755, 22.518], [92.755, 22.517], [92.755, 22.516], [92.755, 22.515], [92.755, 22.514], [92.754, 22.513], [92.753, 22.513], [92.753, 22.512], [92.754, 22.512], [92.754, 22.511], [92.754, 22.51], [92.754, 22.509], [92.754, 22.508], [92.755, 22.507], [92.755, 22.506], [92.756, 22.506], [92.757, 22.506], [92.757, 22.505], [92.757, 22.504], [92.756, 22.503], [92.756, 22.502], [92.756, 22.501], [92.756, 22.5], [92.756, 22.499], [92.757, 22.499], [92.757, 22.5], [92.758, 22.5], [92.758, 22.499], [92.759, 22.499], [92.759, 22.498], [92.76, 22.498], [92.76, 22.497], [92.761, 22.497], [92.762, 22.497], [92.762, 22.498], [92.763, 22.497], [92.763, 22.498], [92.764, 22.498], [92.765, 22.498], [92.765, 22.499], [92.766, 22.499], [92.766, 22.5], [92.767, 22.5], [92.767, 22.501], [92.768, 22.501], [92.768, 22.502], [92.769, 22.502], [92.769, 22.503], [92.77, 22.502], [92.771, 22.502], [92.771, 22.501], [92.772, 22.501], [92.773, 22.501], [92.774, 22.5], [92.774, 22.499], [92.775, 22.499], [92.775, 22.498], [92.776, 22.498], [92.776, 22.497], [92.777, 22.497], [92.777, 22.498], [92.777, 22.499], [92.777, 22.5], [92.776, 22.501], [92.775, 22.502], [92.775, 22.503], [92.775, 22.504], [92.776, 22.505], [92.777, 22.506], [92.777, 22.507], [92.777, 22.508], [92.777, 22.509], [92.776, 22.511], [92.775, 22.511], [92.775, 22.512], [92.775, 22.513], [92.775, 22.514], [92.776, 22.514], [92.777, 22.515], [92.778, 22.515], [92.778, 22.516], [92.777, 22.516], [92.776, 22.516], [92.775, 22.516], [92.774, 22.516], [92.774, 22.517], [92.773, 22.517], [92.774, 22.518], [92.774, 22.519], [92.774, 22.521], [92.775, 22.522], [92.775, 22.523], [92.775, 22.524], [92.775, 22.525], [92.774, 22.525], [92.773, 22.526], [92.773, 22.527], [92.772, 22.527], [92.772, 22.528], [92.773, 22.528], [92.774, 22.529], [92.775, 22.53], [92.776, 22.53], [92.776, 22.531], [92.776, 22.532], [92.776, 22.533], [92.776, 22.534], [92.777, 22.534], [92.778, 22.533], [92.779, 22.533], [92.78, 22.533], [92.781, 22.533], [92.781, 22.534], [92.781, 22.535], [92.78, 22.535], [92.779, 22.536], [92.778, 22.536], [92.777, 22.536], [92.776, 22.536], [92.776, 22.537], [92.777, 22.537], [92.778, 22.538], [92.779, 22.538], [92.78, 22.539], [92.78, 22.54], [92.78, 22.541], [92.779, 22.541], [92.779, 22.542], [92.78, 22.542], [92.78, 22.543], [92.781, 22.544], [92.782, 22.544], [92.782, 22.545], [92.782, 22.546], [92.783, 22.546], [92.784, 22.547], [92.785, 22.547], [92.786, 22.547], [92.787, 22.547], [92.789, 22.548], [92.79, 22.548], [92.791, 22.548], [92.793, 22.549], [92.794, 22.55], [92.795, 22.551], [92.796, 22.552], [92.796, 22.553], [92.796, 22.554], [92.796, 22.555], [92.795, 22.556], [92.794, 22.557], [92.795, 22.557], [92.795, 22.558], [92.796, 22.559], [92.797, 22.56], [92.798, 22.56], [92.799, 22.561], [92.8, 22.561], [92.8, 22.562], [92.801, 22.563], [92.801, 22.564], [92.801, 22.565], [92.801, 22.566], [92.801, 22.567], [92.802, 22.567], [92.802, 22.568], [92.803, 22.569], [92.803, 22.57], [92.803, 22.571], [92.803, 22.572], [92.803, 22.573], [92.803, 22.574], [92.802, 22.575], [92.801, 22.576], [92.801, 22.577], [92.801, 22.578], [92.8, 22.579], [92.8, 22.58], [92.8, 22.581], [92.8, 22.583], [92.8, 22.584], [92.8, 22.585], [92.8, 22.586], [92.801, 22.587], [92.801, 22.588], [92.801, 22.589], [92.8, 22.59], [92.8, 22.591], [92.799, 22.591], [92.798, 22.592], [92.797, 22.592], [92.797, 22.593], [92.796, 22.593], [92.796, 22.594], [92.796, 22.595], [92.796, 22.597], [92.796, 22.598], [92.796, 22.599], [92.797, 22.6], [92.797, 22.601], [92.797, 22.602], [92.797, 22.603], [92.796, 22.605], [92.796, 22.606], [92.797, 22.606], [92.797, 22.607], [92.798, 22.607], [92.799, 22.608], [92.8, 22.609], [92.801, 22.609], [92.801, 22.61], [92.802, 22.61], [92.802, 22.611], [92.802, 22.612], [92.803, 22.613], [92.803, 22.614], [92.802, 22.615], [92.802, 22.616], [92.801, 22.617], [92.801, 22.618], [92.8, 22.618], [92.8, 22.619], [92.799, 22.62], [92.799, 22.621], [92.8, 22.623], [92.8, 22.624], [92.801, 22.624], [92.801, 22.625], [92.802, 22.626], [92.803, 22.627], [92.804, 22.627], [92.805, 22.628], [92.806, 22.629], [92.807, 22.629], [92.808, 22.629], [92.809, 22.629], [92.81, 22.63], [92.811, 22.63], [92.811, 22.631], [92.812, 22.63], [92.813, 22.629], [92.814, 22.629], [92.814, 22.628], [92.815, 22.628], [92.815, 22.627], [92.816, 22.627], [92.817, 22.627], [92.819, 22.626], [92.82, 22.627], [92.821, 22.627], [92.822, 22.628], [92.823, 22.628], [92.824, 22.627], [92.825, 22.627], [92.825, 22.626], [92.826, 22.626], [92.826, 22.627], [92.827, 22.627], [92.828, 22.626], [92.828, 22.625], [92.828, 22.624], [92.829, 22.624], [92.83, 22.624], [92.831, 22.624], [92.832, 22.624], [92.832, 22.625], [92.833, 22.625], [92.834, 22.625], [92.835, 22.625], [92.836, 22.625], [92.837, 22.625], [92.838, 22.625], [92.838, 22.624], [92.838, 22.623], [92.839, 22.623], [92.84, 22.623], [92.841, 22.622], [92.842, 22.621], [92.842, 22.62], [92.842, 22.619], [92.843, 22.618], [92.844, 22.618], [92.845, 22.617], [92.845, 22.616], [92.844, 22.615], [92.844, 22.614], [92.845, 22.614], [92.846, 22.614], [92.847, 22.614], [92.847, 22.613], [92.847, 22.612], [92.848, 22.612], [92.848, 22.611], [92.849, 22.61], [92.85, 22.609], [92.851, 22.609], [92.852, 22.608], [92.852, 22.607], [92.853, 22.607], [92.855, 22.606], [92.856, 22.606], [92.857, 22.606], [92.858, 22.605], [92.859, 22.604], [92.86, 22.604], [92.861, 22.604], [92.862, 22.604], [92.863, 22.604], [92.863, 22.603], [92.862, 22.603], [92.862, 22.602], [92.862, 22.601], [92.862, 22.6], [92.862, 22.599], [92.864, 22.598], [92.865, 22.598], [92.866, 22.598], [92.867, 22.598], [92.868, 22.597], [92.869, 22.597], [92.871, 22.596], [92.872, 22.596], [92.873, 22.596], [92.874, 22.595], [92.875, 22.595], [92.875, 22.594], [92.874, 22.594], [92.874, 22.593], [92.873, 22.592], [92.873, 22.59], [92.872, 22.59], [92.873, 22.589], [92.873, 22.588], [92.874, 22.587], [92.875, 22.586], [92.876, 22.585], [92.877, 22.584], [92.878, 22.583], [92.88, 22.583], [92.882, 22.583], [92.883, 22.582], [92.885, 22.583], [92.886, 22.583], [92.888, 22.583], [92.889, 22.584], [92.89, 22.584], [92.891, 22.584], [92.892, 22.584], [92.893, 22.584], [92.894, 22.585], [92.895, 22.585], [92.895, 22.584], [92.896, 22.584], [92.896, 22.583], [92.897, 22.582], [92.898, 22.582], [92.899, 22.581], [92.9, 22.581], [92.9, 22.579], [92.9, 22.578], [92.901, 22.577], [92.902, 22.576], [92.902, 22.575], [92.902, 22.574], [92.901, 22.573], [92.901, 22.572], [92.901, 22.571], [92.901, 22.57], [92.902, 22.569], [92.904, 22.567], [92.905, 22.567], [92.905, 22.566], [92.906, 22.565], [92.906, 22.564], [92.905, 22.563], [92.905, 22.562], [92.905, 22.561], [92.905, 22.56], [92.905, 22.558], [92.906, 22.557], [92.906, 22.556], [92.907, 22.556], [92.907, 22.555], [92.908, 22.554], [92.908, 22.553], [92.909, 22.552], [92.909, 22.551], [92.909, 22.55], [92.91, 22.55], [92.91, 22.549], [92.911, 22.548], [92.911, 22.547], [92.912, 22.547], [92.913, 22.547], [92.914, 22.547], [92.915, 22.547], [92.915, 22.548], [92.916, 22.548], [92.917, 22.548], [92.917, 22.549], [92.918, 22.549], [92.919, 22.55], [92.92, 22.551], [92.921, 22.551], [92.921, 22.552], [92.922, 22.552], [92.923, 22.553], [92.924, 22.553], [92.925, 22.553], [92.926, 22.553], [92.927, 22.553], [92.928, 22.554], [92.929, 22.554], [92.929, 22.555], [92.93, 22.555], [92.93, 22.556], [92.931, 22.556], [92.931, 22.555], [92.931, 22.556]]]}, "properties": {"OBJECTID": 5898, "stcode11": "15", "dtcode11": "287", "sdtcode11": "01917", "stname": "MIZORAM", "dtname": "Lawngtlai", "sdtname": "Lawngtlai", "subdt_lgd": 1917, "dist_lgd": 264, "state_lgd": 15, "shape_Length": 289657.2982010469, "shape_Area": 981461650.8376954, "st_area_sh": 0, "st_length_": 0, "remarks": "", "ac_no": null, "test": 5903}}, {"type": "Feature", "geometry": {"type": "Polygon", "coordinates": [[[92.766, 22.119], [92.765, 22.119], [92.764, 22.119], [92.763, 22.119], [92.763, 22.12], [92.764, 22.12], [92.764, 22.121], [92.763, 22.12], [92.762, 22.12], [92.762, 22.121], [92.761, 22.121], [92.761, 22.122], [92.761, 22.123], [92.76, 22.123], [92.76, 22.124], [92.761, 22.125], [92.76, 22.125], [92.76, 22.126], [92.759, 22.126], [92.758, 22.126], [92.757, 22.126], [92.756, 22.126], [92.756, 22.125], [92.755, 22.125], [92.754, 22.124], [92.753, 22.124], [92.753, 22.125], [92.752, 22.125], [92.752, 22.126], [92.751, 22.126], [92.75, 22.126], [92.75, 22.127], [92.749, 22.127], [92.748, 22.127], [92.748, 22.128], [92.747, 22.128], [92.747, 22.129], [92.747, 22.13], [92.747, 22.131], [92.746, 22.131], [92.745, 22.131], [92.745, 22.132], [92.744, 22.132], [92.744, 22.131], [92.744, 22.13], [92.743, 22.131], [92.742, 22.131], [92.741, 22.131], [92.741, 22.132], [92.741, 22.133], [92.74, 22.132], [92.739, 22.132], [92.738, 22.133], [92.738, 22.134], [92.737, 22.134], [92.737, 22.135], [92.736, 22.135], [92.736, 22.134], [92.735, 22.134], [92.735, 22.135], [92.735, 22.136], [92.734, 22.136], [92.734, 22.137], [92.733, 22.138], [92.733, 22.139], [92.734, 22.139], [92.733, 22.139], [92.733, 22.14], [92.732, 22.14], [92.731, 22.141], [92.73, 22.142], [92.73, 22.143], [92.729, 22.143], [92.729, 22.144], [92.729, 22.145], [92.729, 22.146], [92.728, 22.146], [92.728, 22.147], [92.729, 22.147], [92.728, 22.148], [92.728, 22.147], [92.728, 22.148], [92.727, 22.149], [92.726, 22.149], [92.725, 22.149], [92.725, 22.148], [92.724, 22.148], [92.723, 22.148], [92.722, 22.148], [92.722, 22.149], [92.721, 22.149], [92.72, 22.148], [92.719, 22.148], [92.718, 22.148], [92.717, 22.148], [92.716, 22.148], [92.715, 22.148], [92.714, 22.147], [92.713, 22.147], [92.713, 22.148], [92.712, 22.148], [92.712, 22.149], [92.711, 22.149], [92.711, 22.15], [92.711, 22.151], [92.71, 22.151], [92.709, 22.151], [92.708, 22.151], [92.707, 22.152], [92.707, 22.151], [92.706, 22.151], [92.705, 22.15], [92.704, 22.15], [92.703, 22.151], [92.702, 22.151], [92.701, 22.152], [92.7, 22.152], [92.7, 22.153], [92.7, 22.154], [92.7, 22.155], [92.699, 22.155], [92.698, 22.154], [92.697, 22.154], [92.696, 22.154], [92.695, 22.153], [92.695, 22.152], [92.694, 22.151], [92.694, 22.149], [92.695, 22.148], [92.695, 22.147], [92.695, 22.146], [92.696, 22.145], [92.697, 22.144], [92.697, 22.143], [92.697, 22.142], [92.697, 22.141], [92.696, 22.139], [92.696, 22.138], [92.696, 22.137], [92.695, 22.138], [92.694, 22.138], [92.694, 22.139], [92.693, 22.139], [92.692, 22.139], [92.692, 22.138], [92.692, 22.137], [92.692, 22.136], [92.692, 22.135], [92.692, 22.133], [92.692, 22.13], [92.692, 22.129], [92.693, 22.126], [92.693, 22.124], [92.692, 22.123], [92.692, 22.122], [92.693, 22.121], [92.693, 22.12], [92.692, 22.118], [92.692, 22.117], [92.692, 22.115], [92.692, 22.113], [92.692, 22.111], [92.692, 22.109], [92.692, 22.107], [92.691, 22.106], [92.691, 22.105], [92.691, 22.104], [92.692, 22.103], [92.692, 22.102], [92.692, 22.1], [92.692, 22.098], [92.692, 22.096], [92.692, 22.094], [92.692, 22.093], [92.692, 22.091], [92.691, 22.089], [92.691, 22.086], [92.691, 22.083], [92.692, 22.081], [92.692, 22.08], [92.692, 22.079], [92.692, 22.078], [92.692, 22.076], [92.693, 22.075], [92.692, 22.075], [92.691, 22.075], [92.691, 22.073], [92.69, 22.072], [92.689, 22.072], [92.689, 22.073], [92.689, 22.075], [92.689, 22.077], [92.689, 22.078], [92.688, 22.079], [92.688, 22.08], [92.688, 22.082], [92.688, 22.083], [92.689, 22.086], [92.689, 22.088], [92.689, 22.089], [92.688, 22.089], [92.688, 22.09], [92.689, 22.091], [92.689, 22.092], [92.689, 22.093], [92.688, 22.094], [92.688, 22.095], [92.688, 22.096], [92.688, 22.097], [92.688, 22.098], [92.688, 22.099], [92.688, 22.1], [92.688, 22.101], [92.688, 22.102], [92.688, 22.103], [92.688, 22.104], [92.687, 22.104], [92.686, 22.104], [92.685, 22.104], [92.684, 22.104], [92.683, 22.104], [92.682, 22.104], [92.682, 22.103], [92.682, 22.102], [92.682, 22.101], [92.683, 22.101], [92.683, 22.1], [92.682, 22.099], [92.682, 22.097], [92.682, 22.096], [92.682, 22.093], [92.682, 22.091], [92.682, 22.089], [92.682, 22.087], [92.682, 22.086], [92.682, 22.085], [92.682, 22.084], [92.682, 22.082], [92.682, 22.08], [92.682, 22.079], [92.682, 22.077], [92.682, 22.075], [92.682, 22.074], [92.682, 22.073], [92.683, 22.071], [92.683, 22.07], [92.683, 22.069], [92.684, 22.068], [92.684, 22.066], [92.683, 22.065], [92.684, 22.064], [92.684, 22.062], [92.684, 22.06], [92.684, 22.057], [92.684, 22.054], [92.685, 22.051], [92.685, 22.05], [92.685, 22.049], [92.685, 22.047], [92.685, 22.046], [92.683, 22.046], [92.682, 22.046], [92.681, 22.046], [92.68, 22.045], [92.68, 22.046], [92.679, 22.046], [92.679, 22.047], [92.678, 22.047], [92.678, 22.048], [92.678, 22.049], [92.677, 22.05], [92.676, 22.05], [92.675, 22.05], [92.674, 22.05], [92.673, 22.051], [92.673, 22.052], [92.673, 22.053], [92.674, 22.053], [92.674, 22.054], [92.674, 22.055], [92.674, 22.056], [92.674, 22.057], [92.674, 22.058], [92.674, 22.059], [92.674, 22.06], [92.674, 22.061], [92.673, 22.061], [92.673, 22.062], [92.673, 22.063], [92.673, 22.064], [92.673, 22.065], [92.673, 22.066], [92.672, 22.066], [92.671, 22.066], [92.67, 22.067], [92.67, 22.068], [92.67, 22.069], [92.67, 22.07], [92.671, 22.07], [92.671, 22.071], [92.672, 22.071], [92.672, 22.072], [92.671, 22.072], [92.671, 22.073], [92.671, 22.074], [92.671, 22.075], [92.671, 22.076], [92.671, 22.077], [92.671, 22.078], [92.671, 22.079], [92.671, 22.08], [92.671, 22.081], [92.671, 22.082], [92.671, 22.083], [92.67, 22.083], [92.669, 22.083], [92.669, 22.084], [92.668, 22.084], [92.669, 22.085], [92.668, 22.085], [92.668, 22.086], [92.667, 22.086], [92.667, 22.087], [92.666, 22.087], [92.665, 22.087], [92.664, 22.087], [92.664, 22.088], [92.663, 22.088], [92.663, 22.089], [92.663, 22.09], [92.663, 22.091], [92.664, 22.091], [92.664, 22.092], [92.664, 22.093], [92.664, 22.094], [92.665, 22.094], [92.665, 22.095], [92.666, 22.095], [92.666, 22.096], [92.666, 22.097], [92.666, 22.098], [92.667, 22.099], [92.667, 22.1], [92.666, 22.1], [92.666, 22.101], [92.665, 22.101], [92.665, 22.102], [92.666, 22.102], [92.666, 22.103], [92.665, 22.103], [92.664, 22.103], [92.664, 22.104], [92.664, 22.105], [92.663, 22.106], [92.663, 22.107], [92.662, 22.107], [92.662, 22.108], [92.662, 22.109], [92.661, 22.109], [92.661, 22.11], [92.66, 22.11], [92.659, 22.11], [92.659, 22.111], [92.658, 22.111], [92.657, 22.112], [92.658, 22.112], [92.658, 22.113], [92.657, 22.113], [92.656, 22.113], [92.655, 22.113], [92.654, 22.113], [92.654, 22.114], [92.653, 22.114], [92.653, 22.115], [92.653, 22.116], [92.653, 22.117], [92.652, 22.117], [92.651, 22.118], [92.651, 22.119], [92.652, 22.119], [92.652, 22.12], [92.652, 22.121], [92.651, 22.122], [92.65, 22.122], [92.65, 22.123], [92.649, 22.123], [92.649, 22.124], [92.648, 22.124], [92.647, 22.125], [92.647, 22.126], [92.646, 22.126], [92.646, 22.127], [92.645, 22.127], [92.645, 22.128], [92.646, 22.128], [92.646, 22.129], [92.645, 22.13], [92.645, 22.129], [92.644, 22.129], [92.643, 22.129], [92.643, 22.13], [92.643, 22.131], [92.644, 22.131], [92.645, 22.131], [92.645, 22.132], [92.646, 22.132], [92.646, 22.133], [92.645, 22.134], [92.645, 22.135], [92.644, 22.135], [92.644, 22.136], [92.643, 22.136], [92.642, 22.137], [92.642, 22.138], [92.642, 22.139], [92.643, 22.139], [92.643, 22.14], [92.644, 22.14], [92.644, 22.141], [92.644, 22.142], [92.643, 22.142], [92.643, 22.143], [92.643, 22.144], [92.642, 22.144], [92.643, 22.144], [92.644, 22.144], [92.644, 22.143], [92.645, 22.143], [92.645, 22.144], [92.645, 22.145], [92.645, 22.146], [92.644, 22.146], [92.644, 22.147], [92.644, 22.148], [92.644, 22.149], [92.643, 22.149], [92.643, 22.15], [92.642, 22.15], [92.642, 22.149], [92.641, 22.149], [92.64, 22.149], [92.64, 22.15], [92.64, 22.151], [92.64, 22.152], [92.641, 22.152], [92.641, 22.153], [92.641, 22.154], [92.642, 22.154], [92.642, 22.155], [92.641, 22.155], [92.641, 22.156], [92.641, 22.157], [92.641, 22.158], [92.641, 22.159], [92.641, 22.16], [92.641, 22.161], [92.641, 22.162], [92.642, 22.162], [92.642, 22.163], [92.642, 22.164], [92.641, 22.164], [92.64, 22.164], [92.639, 22.164], [92.639, 22.165], [92.639, 22.166], [92.64, 22.166], [92.641, 22.166], [92.642, 22.166], [92.643, 22.166], [92.644, 22.166], [92.644, 22.167], [92.644, 22.168], [92.643, 22.168], [92.643, 22.169], [92.642, 22.169], [92.641, 22.17], [92.642, 22.17], [92.642, 22.171], [92.643, 22.171], [92.644, 22.171], [92.645, 22.171], [92.645, 22.172], [92.645, 22.173], [92.644, 22.173], [92.644, 22.174], [92.643, 22.174], [92.642, 22.174], [92.642, 22.175], [92.643, 22.175], [92.644, 22.175], [92.644, 22.176], [92.644, 22.177], [92.643, 22.177], [92.643, 22.178], [92.644, 22.178], [92.645, 22.179], [92.645, 22.18], [92.645, 22.181], [92.645, 22.182], [92.645, 22.183], [92.644, 22.183], [92.643, 22.183], [92.643, 22.184], [92.642, 22.184], [92.641, 22.184], [92.64, 22.184], [92.639, 22.184], [92.639, 22.185], [92.639, 22.186], [92.64, 22.186], [92.641, 22.186], [92.642, 22.186], [92.643, 22.186], [92.643, 22.187], [92.643, 22.188], [92.643, 22.189], [92.642, 22.189], [92.642, 22.19], [92.642, 22.191], [92.643, 22.191], [92.644, 22.191], [92.645, 22.191], [92.645, 22.192], [92.644, 22.192], [92.644, 22.193], [92.644, 22.194], [92.643, 22.194], [92.643, 22.195], [92.643, 22.196], [92.643, 22.197], [92.643, 22.198], [92.643, 22.199], [92.643, 22.2], [92.643, 22.201], [92.642, 22.201], [92.641, 22.201], [92.64, 22.201], [92.64, 22.202], [92.64, 22.201], [92.639, 22.201], [92.639, 22.202], [92.638, 22.202], [92.639, 22.203], [92.639, 22.204], [92.64, 22.204], [92.64, 22.205], [92.641, 22.205], [92.641, 22.206], [92.641, 22.207], [92.642, 22.207], [92.641, 22.207], [92.641, 22.208], [92.64, 22.208], [92.639, 22.209], [92.638, 22.209], [92.639, 22.209], [92.639, 22.21], [92.639, 22.211], [92.638, 22.211], [92.637, 22.211], [92.637, 22.212], [92.637, 22.213], [92.638, 22.213], [92.638, 22.214], [92.638, 22.215], [92.638, 22.216], [92.638, 22.217], [92.637, 22.217], [92.637, 22.218], [92.638, 22.218], [92.639, 22.218], [92.639, 22.217], [92.64, 22.217], [92.64, 22.218], [92.641, 22.218], [92.642, 22.219], [92.642, 22.22], [92.642, 22.221], [92.641, 22.221], [92.641, 22.222], [92.641, 22.223], [92.64, 22.223], [92.64, 22.224], [92.639, 22.224], [92.638, 22.224], [92.638, 22.225], [92.637, 22.225], [92.637, 22.226], [92.638, 22.226], [92.638, 22.225], [92.639, 22.225], [92.639, 22.226], [92.64, 22.226], [92.64, 22.227], [92.641, 22.227], [92.642, 22.228], [92.641, 22.228], [92.641, 22.229], [92.64, 22.229], [92.64, 22.23], [92.641, 22.23], [92.641, 22.231], [92.641, 22.232], [92.641, 22.233], [92.641, 22.234], [92.64, 22.234], [92.64, 22.235], [92.64, 22.236], [92.639, 22.236], [92.64, 22.236], [92.641, 22.236], [92.641, 22.237], [92.641, 22.238], [92.641, 22.239], [92.64, 22.239], [92.64, 22.24], [92.64, 22.241], [92.641, 22.241], [92.641, 22.242], [92.642, 22.242], [92.642, 22.243], [92.642, 22.244], [92.642, 22.245], [92.641, 22.245], [92.641, 22.246], [92.641, 22.247], [92.641, 22.248], [92.642, 22.248], [92.642, 22.249], [92.642, 22.25], [92.641, 22.25], [92.64, 22.25], [92.639, 22.25], [92.639, 22.251], [92.639, 22.252], [92.64, 22.253], [92.639, 22.253], [92.639, 22.254], [92.638, 22.254], [92.637, 22.254], [92.637, 22.255], [92.637, 22.256], [92.637, 22.257], [92.636, 22.258], [92.636, 22.259], [92.636, 22.26], [92.637, 22.261], [92.636, 22.261], [92.636, 22.262], [92.636, 22.263], [92.636, 22.264], [92.636, 22.265], [92.636, 22.266], [92.636, 22.267], [92.636, 22.268], [92.637, 22.268], [92.637, 22.269], [92.636, 22.269], [92.636, 22.27], [92.636, 22.271], [92.636, 22.272], [92.637, 22.273], [92.637, 22.274], [92.637, 22.275], [92.637, 22.276], [92.637, 22.277], [92.637, 22.278], [92.638, 22.279], [92.639, 22.279], [92.64, 22.279], [92.641, 22.279], [92.641, 22.28], [92.641, 22.281], [92.64, 22.281], [92.64, 22.282], [92.639, 22.282], [92.639, 22.283], [92.64, 22.283], [92.641, 22.283], [92.641, 22.284], [92.642, 22.284], [92.643, 22.284], [92.643, 22.285], [92.644, 22.286], [92.644, 22.287], [92.644, 22.288], [92.644, 22.29], [92.643, 22.291], [92.643, 22.292], [92.644, 22.292], [92.644, 22.293], [92.645, 22.293], [92.645, 22.292], [92.646, 22.292], [92.647, 22.293], [92.647, 22.294], [92.647, 22.295], [92.648, 22.295], [92.649, 22.294], [92.65, 22.293], [92.651, 22.293], [92.652, 22.292], [92.653, 22.292], [92.654, 22.292], [92.655, 22.292], [92.656, 22.292], [92.656, 22.293], [92.657, 22.294], [92.657, 22.295], [92.657, 22.296], [92.656, 22.296], [92.655, 22.296], [92.655, 22.295], [92.654, 22.295], [92.653, 22.295], [92.652, 22.295], [92.652, 22.296], [92.651, 22.296], [92.651, 22.297], [92.651, 22.298], [92.651, 22.299], [92.651, 22.3], [92.651, 22.301], [92.652, 22.301], [92.653, 22.301], [92.653, 22.3], [92.654, 22.3], [92.654, 22.299], [92.655, 22.299], [92.655, 22.3], [92.655, 22.301], [92.655, 22.302], [92.654, 22.303], [92.654, 22.304], [92.654, 22.305], [92.653, 22.305], [92.652, 22.305], [92.651, 22.305], [92.65, 22.305], [92.65, 22.306], [92.651, 22.307], [92.651, 22.308], [92.652, 22.308], [92.651, 22.308], [92.651, 22.309], [92.65, 22.31], [92.649, 22.31], [92.648, 22.31], [92.647, 22.31], [92.647, 22.309], [92.646, 22.309], [92.646, 22.31], [92.647, 22.31], [92.647, 22.311], [92.648, 22.311], [92.648, 22.312], [92.649, 22.312], [92.649, 22.313], [92.649, 22.314], [92.649, 22.315], [92.65, 22.315], [92.649, 22.316], [92.648, 22.316], [92.647, 22.316], [92.646, 22.316], [92.645, 22.316], [92.644, 22.316], [92.645, 22.317], [92.646, 22.318], [92.647, 22.318], [92.647, 22.319], [92.646, 22.319], [92.646, 22.32], [92.645, 22.319], [92.644, 22.319], [92.644, 22.32], [92.643, 22.32], [92.642, 22.319], [92.642, 22.32], [92.642, 22.321], [92.642, 22.322], [92.643, 22.323], [92.643, 22.324], [92.643, 22.325], [92.643, 22.326], [92.643, 22.327], [92.644, 22.327], [92.644, 22.328], [92.643, 22.329], [92.644, 22.33], [92.645, 22.331], [92.646, 22.331], [92.646, 22.332], [92.646, 22.333], [92.645, 22.333], [92.644, 22.333], [92.643, 22.333], [92.642, 22.333], [92.642, 22.334], [92.643, 22.334], [92.643, 22.335], [92.643, 22.336], [92.643, 22.337], [92.643, 22.338], [92.642, 22.338], [92.642, 22.339], [92.642, 22.34], [92.641, 22.34], [92.64, 22.34], [92.639, 22.34], [92.638, 22.34], [92.638, 22.341], [92.637, 22.341], [92.636, 22.342], [92.635, 22.342], [92.635, 22.343], [92.634, 22.343], [92.634, 22.344], [92.634, 22.345], [92.634, 22.346], [92.634, 22.347], [92.634, 22.348], [92.635, 22.348], [92.636, 22.348], [92.636, 22.349], [92.637, 22.349], [92.637, 22.35], [92.637, 22.351], [92.636, 22.352], [92.637, 22.353], [92.637, 22.354], [92.637, 22.355], [92.637, 22.356], [92.637, 22.357], [92.637, 22.358], [92.637, 22.359], [92.638, 22.359], [92.639, 22.36], [92.639, 22.361], [92.64, 22.361], [92.641, 22.361], [92.641, 22.362], [92.642, 22.362], [92.642, 22.363], [92.643, 22.363], [92.644, 22.363], [92.645, 22.363], [92.645, 22.364], [92.646, 22.364], [92.647, 22.365], [92.648, 22.365], [92.649, 22.366], [92.649, 22.367], [92.649, 22.368], [92.648, 22.368], [92.647, 22.368], [92.646, 22.368], [92.645, 22.368], [92.645, 22.367], [92.644, 22.367], [92.643, 22.367], [92.643, 22.368], [92.643, 22.369], [92.644, 22.369], [92.644, 22.37], [92.645, 22.37], [92.645, 22.371], [92.646, 22.371], [92.646, 22.372], [92.646, 22.373], [92.647, 22.373], [92.648, 22.373], [92.649, 22.374], [92.65, 22.374], [92.65, 22.375], [92.65, 22.376], [92.649, 22.376], [92.649, 22.377], [92.648, 22.378], [92.648, 22.379], [92.647, 22.379], [92.647, 22.38], [92.647, 22.381], [92.646, 22.381], [92.646, 22.382], [92.646, 22.383], [92.646, 22.384], [92.646, 22.385], [92.646, 22.386], [92.646, 22.387], [92.646, 22.388], [92.647, 22.388], [92.648, 22.388], [92.649, 22.388], [92.65, 22.389], [92.65, 22.39], [92.649, 22.39], [92.649, 22.391], [92.648, 22.391], [92.647, 22.391], [92.646, 22.391], [92.645, 22.391], [92.644, 22.391], [92.643, 22.391], [92.642, 22.391], [92.641, 22.391], [92.64, 22.392], [92.639, 22.391], [92.638, 22.392], [92.637, 22.392], [92.637, 22.393], [92.637, 22.394], [92.637, 22.395], [92.637, 22.396], [92.637, 22.397], [92.637, 22.398], [92.637, 22.399], [92.638, 22.399], [92.638, 22.4], [92.639, 22.401], [92.639, 22.402], [92.64, 22.402], [92.64, 22.403], [92.64, 22.404], [92.64, 22.405], [92.639, 22.406], [92.638, 22.407], [92.638, 22.408], [92.638, 22.409], [92.638, 22.41], [92.638, 22.411], [92.638, 22.412], [92.639, 22.412], [92.64, 22.412], [92.64, 22.411], [92.641, 22.411], [92.641, 22.41], [92.642, 22.41], [92.643, 22.411], [92.644, 22.411], [92.644, 22.412], [92.645, 22.412], [92.645, 22.413], [92.646, 22.414], [92.647, 22.415], [92.648, 22.415], [92.648, 22.416], [92.649, 22.417], [92.65, 22.417], [92.651, 22.418], [92.651, 22.419], [92.652, 22.419], [92.652, 22.42], [92.653, 22.42], [92.653, 22.421], [92.654, 22.422], [92.654, 22.423], [92.653, 22.423], [92.652, 22.423], [92.651, 22.423], [92.65, 22.423], [92.649, 22.423], [92.648, 22.423], [92.648, 22.422], [92.647, 22.422], [92.647, 22.423], [92.646, 22.423], [92.646, 22.424], [92.647, 22.425], [92.648, 22.425], [92.648, 22.426], [92.649, 22.426], [92.649, 22.427], [92.648, 22.427], [92.647, 22.427], [92.646, 22.428], [92.645, 22.428], [92.644, 22.429], [92.644, 22.43], [92.643, 22.43], [92.642, 22.431], [92.642, 22.432], [92.642, 22.433], [92.641, 22.434], [92.64, 22.434], [92.639, 22.434], [92.638, 22.435], [92.637, 22.435], [92.636, 22.436], [92.636, 22.437], [92.636, 22.438], [92.636, 22.439], [92.637, 22.44], [92.638, 22.441], [92.638, 22.442], [92.639, 22.443], [92.639, 22.444], [92.64, 22.445], [92.641, 22.445], [92.642, 22.446], [92.643, 22.446], [92.644, 22.447], [92.644, 22.448], [92.643, 22.448], [92.643, 22.449], [92.643, 22.45], [92.642, 22.45], [92.642, 22.449], [92.641, 22.449], [92.641, 22.448], [92.641, 22.447], [92.64, 22.447], [92.639, 22.447], [92.638, 22.447], [92.637, 22.447], [92.636, 22.447], [92.636, 22.448], [92.637, 22.449], [92.638, 22.449], [92.639, 22.45], [92.64, 22.45], [92.641, 22.451], [92.642, 22.452], [92.643, 22.453], [92.644, 22.453], [92.645, 22.454], [92.646, 22.454], [92.647, 22.455], [92.647, 22.456], [92.647, 22.457], [92.646, 22.457], [92.645, 22.458], [92.644, 22.458], [92.644, 22.459], [92.643, 22.459], [92.643, 22.46], [92.643, 22.461], [92.642, 22.461], [92.642, 22.462], [92.641, 22.462], [92.64, 22.462], [92.639, 22.463], [92.639, 22.464], [92.638, 22.464], [92.638, 22.465], [92.638, 22.466], [92.637, 22.466], [92.637, 22.467], [92.636, 22.467], [92.635, 22.467], [92.634, 22.467], [92.635, 22.468], [92.634, 22.468], [92.634, 22.469], [92.633, 22.469], [92.633, 22.468], [92.633, 22.467], [92.633, 22.466], [92.632, 22.466], [92.631, 22.466], [92.63, 22.466], [92.63, 22.467], [92.63, 22.468], [92.63, 22.469], [92.63, 22.47], [92.629, 22.471], [92.629, 22.472], [92.629, 22.473], [92.629, 22.474], [92.629, 22.475], [92.629, 22.476], [92.629, 22.477], [92.629, 22.478], [92.628, 22.479], [92.628, 22.48], [92.628, 22.481], [92.628, 22.482], [92.628, 22.483], [92.628, 22.484], [92.627, 22.484], [92.627, 22.485], [92.626, 22.486], [92.626, 22.487], [92.626, 22.488], [92.627, 22.489], [92.627, 22.49], [92.627, 22.491], [92.628, 22.491], [92.629, 22.491], [92.63, 22.491], [92.63, 22.49], [92.63, 22.489], [92.631, 22.489], [92.632, 22.49], [92.633, 22.49], [92.633, 22.489], [92.633, 22.488], [92.634, 22.488], [92.634, 22.487], [92.635, 22.487], [92.635, 22.488], [92.635, 22.489], [92.635, 22.49], [92.635, 22.491], [92.636, 22.491], [92.637, 22.491], [92.637, 22.49], [92.637, 22.489], [92.637, 22.488], [92.637, 22.487], [92.636, 22.487], [92.637, 22.487], [92.638, 22.486], [92.639, 22.486], [92.64, 22.486], [92.641, 22.486], [92.641, 22.485], [92.642, 22.485], [92.642, 22.484], [92.641, 22.484], [92.642, 22.484], [92.642, 22.483], [92.643, 22.483], [92.644, 22.483], [92.645, 22.483], [92.646, 22.483], [92.647, 22.483], [92.647, 22.482], [92.648, 22.483], [92.649, 22.483], [92.65, 22.483], [92.65, 22.484], [92.651, 22.484], [92.652, 22.484], [92.653, 22.484], [92.654, 22.484], [92.655, 22.484], [92.656, 22.484], [92.656, 22.485], [92.657, 22.486], [92.657, 22.487], [92.657, 22.488], [92.658, 22.488], [92.659, 22.488], [92.66, 22.488], [92.661, 22.488], [92.662, 22.488], [92.662, 22.489], [92.663, 22.489], [92.664, 22.489], [92.665, 22.489], [92.665, 22.488], [92.666, 22.488], [92.667, 22.488], [92.667, 22.487], [92.668, 22.487], [92.669, 22.487], [92.67, 22.487], [92.671, 22.487], [92.672, 22.487], [92.673, 22.487], [92.673, 22.486], [92.674, 22.486], [92.675, 22.486], [92.675, 22.485], [92.676, 22.485], [92.677, 22.485], [92.678, 22.485], [92.678, 22.486], [92.679, 22.486], [92.68, 22.486], [92.68, 22.487], [92.681, 22.487], [92.681, 22.488], [92.682, 22.488], [92.683, 22.488], [92.684, 22.488], [92.684, 22.487], [92.685, 22.487], [92.686, 22.486], [92.687, 22.486], [92.688, 22.486], [92.689, 22.486], [92.69, 22.486], [92.691, 22.486], [92.692, 22.486], [92.693, 22.486], [92.693, 22.487], [92.694, 22.487], [92.695, 22.487], [92.695, 22.488], [92.696, 22.488], [92.697, 22.488], [92.698, 22.488], [92.698, 22.489], [92.699, 22.489], [92.7, 22.489], [92.701, 22.489], [92.702, 22.489], [92.702, 22.49], [92.703, 22.49], [92.704, 22.49], [92.704, 22.491], [92.705, 22.491], [92.706, 22.491], [92.706, 22.492], [92.707, 22.492], [92.707, 22.493], [92.708, 22.493], [92.708, 22.494], [92.708, 22.495], [92.708, 22.496], [92.709, 22.496], [92.71, 22.496], [92.71, 22.495], [92.711, 22.495], [92.711, 22.494], [92.711, 22.493], [92.712, 22.492], [92.711, 22.491], [92.71, 22.491], [92.71, 22.49], [92.71, 22.489], [92.711, 22.489], [92.711, 22.488], [92.711, 22.487], [92.712, 22.486], [92.712, 22.485], [92.711, 22.485], [92.713, 22.484], [92.713, 22.483], [92.713, 22.482], [92.713, 22.483], [92.712, 22.483], [92.711, 22.482], [92.712, 22.482], [92.712, 22.481], [92.712, 22.48], [92.712, 22.479], [92.713, 22.479], [92.713, 22.478], [92.714, 22.478], [92.714, 22.477], [92.714, 22.476], [92.713, 22.476], [92.713, 22.475], [92.714, 22.474], [92.714, 22.473], [92.714, 22.472], [92.714, 22.471], [92.714, 22.47], [92.714, 22.469], [92.714, 22.468], [92.715, 22.467], [92.715, 22.466], [92.715, 22.465], [92.715, 22.464], [92.715, 22.463], [92.716, 22.462], [92.716, 22.461], [92.715, 22.461], [92.715, 22.46], [92.715, 22.459], [92.716, 22.458], [92.716, 22.457], [92.716, 22.456], [92.717, 22.456], [92.717, 22.455], [92.717, 22.454], [92.718, 22.454], [92.718, 22.453], [92.718, 22.452], [92.718, 22.451], [92.719, 22.451], [92.719, 22.45], [92.719, 22.449], [92.72, 22.448], [92.719, 22.447], [92.719, 22.446], [92.719, 22.445], [92.72, 22.445], [92.72, 22.444], [92.72, 22.443], [92.72, 22.442], [92.72, 22.441], [92.72, 22.44], [92.72, 22.439], [92.719, 22.439], [92.719, 22.438], [92.718, 22.438], [92.717, 22.437], [92.716, 22.437], [92.716, 22.436], [92.715, 22.436], [92.714, 22.436], [92.714, 22.435], [92.713, 22.435], [92.712, 22.435], [92.711, 22.435], [92.71, 22.434], [92.709, 22.434], [92.709, 22.433], [92.708, 22.433], [92.708, 22.432], [92.708, 22.431], [92.708, 22.43], [92.708, 22.429], [92.708, 22.428], [92.709, 22.428], [92.709, 22.427], [92.709, 22.426], [92.71, 22.426], [92.71, 22.425], [92.711, 22.424], [92.712, 22.424], [92.713, 22.424], [92.714, 22.424], [92.715, 22.424], [92.716, 22.424], [92.717, 22.424], [92.718, 22.424], [92.719, 22.424], [92.72, 22.424], [92.721, 22.424], [92.721, 22.425], [92.722, 22.425], [92.723, 22.425], [92.723, 22.426], [92.724, 22.426], [92.725, 22.426], [92.726, 22.426], [92.727, 22.426], [92.728, 22.426], [92.729, 22.426], [92.73, 22.427], [92.731, 22.427], [92.732, 22.427], [92.733, 22.427], [92.733, 22.426], [92.734, 22.426], [92.734, 22.427], [92.734, 22.428], [92.733, 22.428], [92.733, 22.429], [92.734, 22.429], [92.734, 22.43], [92.734, 22.431], [92.735, 22.431], [92.736, 22.432], [92.737, 22.432], [92.738, 22.432], [92.739, 22.432], [92.739, 22.431], [92.74, 22.431], [92.741, 22.431], [92.742, 22.432], [92.743, 22.432], [92.743, 22.433], [92.744, 22.433], [92.745, 22.434], [92.746, 22.434], [92.747, 22.435], [92.747, 22.436], [92.747, 22.437], [92.747, 22.438], [92.747, 22.439], [92.748, 22.439], [92.749, 22.439], [92.749, 22.44], [92.75, 22.44], [92.751, 22.441], [92.752, 22.441], [92.753, 22.441], [92.754, 22.441], [92.755, 22.441], [92.756, 22.441], [92.757, 22.441], [92.758, 22.441], [92.759, 22.441], [92.759, 22.44], [92.76, 22.44], [92.761, 22.44], [92.761, 22.441], [92.762, 22.44], [92.762, 22.439], [92.762, 22.438], [92.762, 22.437], [92.761, 22.437], [92.76, 22.437], [92.76, 22.436], [92.759, 22.436], [92.758, 22.436], [92.757, 22.436], [92.756, 22.436], [92.755, 22.435], [92.754, 22.435], [92.754, 22.434], [92.754, 22.433], [92.754, 22.432], [92.754, 22.431], [92.754, 22.43], [92.755, 22.43], [92.756, 22.43], [92.757, 22.429], [92.758, 22.429], [92.758, 22.428], [92.759, 22.428], [92.76, 22.428], [92.76, 22.427], [92.761, 22.427], [92.762, 22.427], [92.762, 22.426], [92.763, 22.426], [92.764, 22.426], [92.764, 22.425], [92.765, 22.425], [92.765, 22.424], [92.765, 22.423], [92.765, 22.422], [92.765, 22.421], [92.765, 22.42], [92.766, 22.42], [92.766, 22.419], [92.766, 22.418], [92.767, 22.417], [92.767, 22.416], [92.767, 22.415], [92.767, 22.414], [92.767, 22.413], [92.767, 22.412], [92.767, 22.411], [92.767, 22.41], [92.767, 22.409], [92.766, 22.409], [92.766, 22.408], [92.766, 22.407], [92.766, 22.406], [92.766, 22.405], [92.767, 22.404], [92.767, 22.403], [92.767, 22.402], [92.767, 22.401], [92.766, 22.4], [92.766, 22.399], [92.767, 22.399], [92.767, 22.398], [92.767, 22.397], [92.767, 22.396], [92.767, 22.395], [92.767, 22.394], [92.766, 22.394], [92.765, 22.394], [92.764, 22.394], [92.763, 22.394], [92.763, 22.395], [92.762, 22.395], [92.762, 22.394], [92.761, 22.394], [92.76, 22.394], [92.759, 22.394], [92.759, 22.393], [92.76, 22.393], [92.76, 22.392], [92.761, 22.392], [92.762, 22.391], [92.763, 22.391], [92.763, 22.39], [92.763, 22.389], [92.763, 22.388], [92.763, 22.387], [92.764, 22.387], [92.764, 22.386], [92.766, 22.385], [92.766, 22.384], [92.766, 22.383], [92.766, 22.382], [92.766, 22.381], [92.767, 22.381], [92.767, 22.38], [92.767, 22.379], [92.767, 22.378], [92.767, 22.377], [92.767, 22.376], [92.768, 22.376], [92.768, 22.375], [92.768, 22.374], [92.769, 22.374], [92.769, 22.373], [92.768, 22.373], [92.768, 22.372], [92.768, 22.371], [92.768, 22.37], [92.768, 22.369], [92.769, 22.369], [92.769, 22.368], [92.77, 22.368], [92.77, 22.367], [92.771, 22.367], [92.771, 22.366], [92.772, 22.366], [92.773, 22.366], [92.774, 22.366], [92.774, 22.365], [92.775, 22.365], [92.776, 22.365], [92.777, 22.366], [92.778, 22.366], [92.779, 22.366], [92.78, 22.366], [92.78, 22.365], [92.781, 22.364], [92.781, 22.363], [92.782, 22.363], [92.783, 22.363], [92.783, 22.364], [92.784, 22.364], [92.784, 22.365], [92.785, 22.364], [92.786, 22.363], [92.787, 22.363], [92.788, 22.363], [92.788, 22.362], [92.789, 22.362], [92.789, 22.361], [92.79, 22.361], [92.79, 22.36], [92.791, 22.36], [92.791, 22.359], [92.792, 22.358], [92.793, 22.358], [92.794, 22.358], [92.795, 22.358], [92.795, 22.357], [92.796, 22.357], [92.797, 22.357], [92.798, 22.357], [92.798, 22.358], [92.799, 22.358], [92.8, 22.358], [92.801, 22.358], [92.802, 22.357], [92.803, 22.357], [92.803, 22.356], [92.803, 22.355], [92.804, 22.355], [92.804, 22.354], [92.805, 22.354], [92.805, 22.353], [92.805, 22.352], [92.805, 22.351], [92.805, 22.35], [92.805, 22.349], [92.805, 22.348], [92.806, 22.348], [92.806, 22.347], [92.806, 22.346], [92.807, 22.346], [92.807, 22.345], [92.807, 22.344], [92.807, 22.343], [92.807, 22.342], [92.806, 22.342], [92.806, 22.34], [92.806, 22.339], [92.805, 22.339], [92.805, 22.338], [92.805, 22.337], [92.804, 22.337], [92.804, 22.336], [92.803, 22.336], [92.803, 22.335], [92.802, 22.334], [92.802, 22.333], [92.801, 22.333], [92.801, 22.332], [92.801, 22.331], [92.801, 22.33], [92.802, 22.33], [92.802, 22.329], [92.802, 22.328], [92.802, 22.327], [92.802, 22.326], [92.802, 22.325], [92.802, 22.324], [92.802, 22.323], [92.802, 22.322], [92.801, 22.322], [92.801, 22.321], [92.801, 22.32], [92.801, 22.319], [92.8, 22.319], [92.8, 22.318], [92.799, 22.318], [92.799, 22.317], [92.799, 22.316], [92.798, 22.316], [92.798, 22.315], [92.798, 22.314], [92.798, 22.313], [92.798, 22.311], [92.798, 22.31], [92.798, 22.309], [92.798, 22.308], [92.798, 22.307], [92.798, 22.306], [92.797, 22.306], [92.796, 22.306], [92.796, 22.305], [92.795, 22.305], [92.795, 22.304], [92.794, 22.304], [92.793, 22.304], [92.792, 22.304], [92.791, 22.304], [92.791, 22.305], [92.79, 22.305], [92.79, 22.306], [92.789, 22.306], [92.788, 22.306], [92.787, 22.306], [92.786, 22.306], [92.786, 22.307], [92.785, 22.307], [92.784, 22.308], [92.783, 22.309], [92.782, 22.309], [92.781, 22.309], [92.78, 22.309], [92.779, 22.309], [92.778, 22.309], [92.777, 22.309], [92.776, 22.309], [92.776, 22.308], [92.775, 22.308], [92.774, 22.308], [92.774, 22.307], [92.773, 22.307], [92.772, 22.307], [92.771, 22.307], [92.77, 22.307], [92.769, 22.307], [92.768, 22.307], [92.767, 22.307], [92.766, 22.307], [92.765, 22.307], [92.765, 22.308], [92.764, 22.308], [92.763, 22.308], [92.763, 22.309], [92.762, 22.309], [92.762, 22.31], [92.761, 22.31], [92.76, 22.31], [92.759, 22.31], [92.758, 22.31], [92.757, 22.31], [92.757, 22.311], [92.756, 22.311], [92.755, 22.311], [92.755, 22.312], [92.754, 22.312], [92.753, 22.313], [92.752, 22.313], [92.752, 22.314], [92.751, 22.314], [92.751, 22.313], [92.75, 22.313], [92.75, 22.312], [92.749, 22.312], [92.749, 22.311], [92.749, 22.31], [92.749, 22.309], [92.749, 22.308], [92.749, 22.307], [92.75, 22.307], [92.75, 22.306], [92.75, 22.305], [92.75, 22.304], [92.75, 22.303], [92.75, 22.302], [92.75, 22.301], [92.75, 22.3], [92.75, 22.299], [92.75, 22.298], [92.75, 22.297], [92.75, 22.296], [92.751, 22.295], [92.751, 22.294], [92.751, 22.293], [92.75, 22.293], [92.75, 22.292], [92.751, 22.292], [92.751, 22.291], [92.751, 22.29], [92.751, 22.289], [92.751, 22.288], [92.751, 22.287], [92.751, 22.286], [92.751, 22.285], [92.751, 22.284], [92.752, 22.283], [92.752, 22.282], [92.752, 22.281], [92.752, 22.28], [92.752, 22.279], [92.752, 22.278], [92.752, 22.277], [92.752, 22.276], [92.752, 22.275], [92.752, 22.274], [92.752, 22.273], [92.753, 22.273], [92.753, 22.272], [92.754, 22.271], [92.754, 22.27], [92.754, 22.269], [92.754, 22.268], [92.754, 22.267], [92.754, 22.266], [92.754, 22.265], [92.754, 22.264], [92.754, 22.263], [92.754, 22.262], [92.754, 22.261], [92.755, 22.261], [92.755, 22.26], [92.755, 22.259], [92.755, 22.258], [92.756, 22.258], [92.756, 22.257], [92.756, 22.256], [92.756, 22.255], [92.756, 22.254], [92.756, 22.253], [92.756, 22.252], [92.757, 22.252], [92.757, 22.251], [92.758, 22.251], [92.758, 22.25], [92.759, 22.25], [92.759, 22.249], [92.76, 22.249], [92.76, 22.248], [92.76, 22.247], [92.76, 22.246], [92.76, 22.245], [92.76, 22.244], [92.76, 22.243], [92.76, 22.242], [92.76, 22.241], [92.76, 22.24], [92.76, 22.239], [92.76, 22.238], [92.759, 22.238], [92.759, 22.237], [92.759, 22.236], [92.759, 22.235], [92.76, 22.235], [92.76, 22.234], [92.76, 22.233], [92.76, 22.232], [92.76, 22.231], [92.761, 22.23], [92.761, 22.229], [92.762, 22.228], [92.762, 22.227], [92.762, 22.226], [92.762, 22.225], [92.763, 22.225], [92.763, 22.224], [92.763, 22.223], [92.762, 22.223], [92.762, 22.222], [92.761, 22.221], [92.761, 22.22], [92.76, 22.22], [92.76, 22.219], [92.76, 22.218], [92.76, 22.217], [92.76, 22.216], [92.76, 22.215], [92.76, 22.214], [92.76, 22.213], [92.761, 22.213], [92.761, 22.212], [92.761, 22.211], [92.761, 22.21], [92.761, 22.209], [92.761, 22.208], [92.761, 22.207], [92.761, 22.206], [92.762, 22.206], [92.762, 22.205], [92.762, 22.204], [92.762, 22.203], [92.762, 22.202], [92.762, 22.201], [92.762, 22.2], [92.762, 22.199], [92.762, 22.198], [92.763, 22.197], [92.764, 22.196], [92.764, 22.195], [92.764, 22.194], [92.763, 22.193], [92.763, 22.192], [92.763, 22.191], [92.763, 22.19], [92.764, 22.19], [92.764, 22.189], [92.764, 22.188], [92.764, 22.187], [92.764, 22.186], [92.764, 22.185], [92.765, 22.185], [92.765, 22.184], [92.765, 22.183], [92.766, 22.183], [92.765, 22.183], [92.765, 22.182], [92.765, 22.181], [92.764, 22.181], [92.764, 22.18], [92.764, 22.179], [92.764, 22.178], [92.764, 22.177], [92.765, 22.176], [92.765, 22.175], [92.766, 22.175], [92.767, 22.175], [92.768, 22.175], [92.769, 22.175], [92.769, 22.174], [92.77, 22.174], [92.77, 22.173], [92.77, 22.172], [92.77, 22.171], [92.771, 22.171], [92.771, 22.17], [92.771, 22.169], [92.771, 22.168], [92.771, 22.167], [92.771, 22.166], [92.772, 22.166], [92.772, 22.165], [92.772, 22.164], [92.773, 22.164], [92.773, 22.163], [92.772, 22.163], [92.772, 22.164], [92.771, 22.164], [92.77, 22.164], [92.769, 22.164], [92.768, 22.164], [92.767, 22.163], [92.767, 22.162], [92.768, 22.162], [92.768, 22.161], [92.767, 22.161], [92.767, 22.16], [92.766, 22.16], [92.766, 22.159], [92.765, 22.159], [92.765, 22.158], [92.764, 22.158], [92.764, 22.157], [92.764, 22.156], [92.764, 22.155], [92.764, 22.154], [92.764, 22.153], [92.764, 22.152], [92.764, 22.151], [92.765, 22.151], [92.765, 22.15], [92.766, 22.15], [92.766, 22.149], [92.767, 22.149], [92.768, 22.149], [92.768, 22.148], [92.769, 22.148], [92.77, 22.148], [92.771, 22.148], [92.771, 22.147], [92.772, 22.147], [92.773, 22.147], [92.774, 22.147], [92.775, 22.147], [92.775, 22.146], [92.776, 22.146], [92.776, 22.145], [92.776, 22.144], [92.776, 22.143], [92.776, 22.142], [92.776, 22.141], [92.776, 22.14], [92.776, 22.139], [92.777, 22.139], [92.777, 22.138], [92.777, 22.137], [92.777, 22.136], [92.777, 22.135], [92.776, 22.135], [92.776, 22.134], [92.776, 22.133], [92.775, 22.133], [92.775, 22.132], [92.775, 22.131], [92.776, 22.131], [92.776, 22.13], [92.777, 22.13], [92.777, 22.129], [92.777, 22.128], [92.777, 22.127], [92.777, 22.126], [92.776, 22.126], [92.776, 22.125], [92.775, 22.125], [92.774, 22.125], [92.773, 22.125], [92.772, 22.125], [92.771, 22.125], [92.77, 22.125], [92.77, 22.124], [92.77, 22.123], [92.769, 22.123], [92.769, 22.122], [92.768, 22.122], [92.767, 22.122], [92.767, 22.121], [92.767, 22.12], [92.766, 22.12], [92.767, 22.119], [92.766, 22.119]]]}, "properties": {"OBJECTID": 5899, "stcode11": "15", "dtcode11": "287", "sdtcode11": "01918", "stname": "MIZORAM", "dtname": "Lawngtlai", "sdtname": "S' Bungtlang", "subdt_lgd": 1918, "dist_lgd": 264, "state_lgd": 15, "shape_Length": 209244.28050719, "shape_Area": 588128019.7452097, "st_area_sh": 0, "st_length_": 0, "remarks": "", "ac_no": null, "test": 5904}}, {"type": "Feature", "geometry": {"type": "Polygon", "coordinates": [[[93.082, 22.809], [93.082, 22.808], [93.083, 22.808], [93.084, 22.808], [93.085, 22.807], [93.084, 22.806], [93.083, 22.805], [93.082, 22.804], [93.081, 22.802], [93.081, 22.801], [93.082, 22.798], [93.084, 22.796], [93.086, 22.795], [93.088, 22.795], [93.09, 22.794], [93.091, 22.791], [93.094, 22.788], [93.095, 22.787], [93.096, 22.787], [93.096, 22.786], [93.096, 22.785], [93.096, 22.784], [93.096, 22.783], [93.097, 22.782], [93.097, 22.781], [93.097, 22.78], [93.098, 22.779], [93.099, 22.778], [93.099, 22.777], [93.099, 22.776], [93.099, 22.775], [93.1, 22.774], [93.1, 22.773], [93.101, 22.771], [93.102, 22.769], [93.102, 22.768], [93.102, 22.767], [93.102, 22.766], [93.101, 22.765], [93.1, 22.765], [93.1, 22.764], [93.1, 22.763], [93.101, 22.763], [93.101, 22.762], [93.103, 22.761], [93.103, 22.76], [93.104, 22.759], [93.105, 22.758], [93.105, 22.757], [93.106, 22.756], [93.107, 22.755], [93.107, 22.754], [93.107, 22.753], [93.107, 22.752], [93.107, 22.751], [93.107, 22.75], [93.107, 22.748], [93.107, 22.747], [93.107, 22.746], [93.106, 22.745], [93.106, 22.744], [93.106, 22.743], [93.106, 22.742], [93.105, 22.741], [93.104, 22.741], [93.104, 22.74], [93.103, 22.74], [93.103, 22.739], [93.103, 22.738], [93.103, 22.737], [93.102, 22.736], [93.102, 22.735], [93.101, 22.734], [93.101, 22.733], [93.1, 22.733], [93.1, 22.732], [93.1, 22.731], [93.099, 22.73], [93.099, 22.729], [93.099, 22.728], [93.098, 22.728], [93.098, 22.727], [93.098, 22.726], [93.098, 22.725], [93.098, 22.724], [93.098, 22.723], [93.098, 22.722], [93.098, 22.721], [93.098, 22.72], [93.098, 22.719], [93.098, 22.718], [93.098, 22.717], [93.097, 22.716], [93.096, 22.715], [93.095, 22.714], [93.094, 22.714], [93.093, 22.713], [93.092, 22.712], [93.092, 22.711], [93.092, 22.71], [93.092, 22.709], [93.092, 22.708], [93.092, 22.707], [93.092, 22.706], [93.091, 22.706], [93.091, 22.705], [93.091, 22.704], [93.091, 22.703], [93.092, 22.702], [93.093, 22.701], [93.093, 22.7], [93.094, 22.7], [93.095, 22.7], [93.096, 22.7], [93.096, 22.699], [93.097, 22.699], [93.097, 22.698], [93.098, 22.698], [93.098, 22.697], [93.098, 22.696], [93.098, 22.695], [93.099, 22.694], [93.099, 22.692], [93.099, 22.691], [93.098, 22.69], [93.097, 22.689], [93.097, 22.688], [93.097, 22.687], [93.097, 22.686], [93.098, 22.686], [93.099, 22.686], [93.1, 22.686], [93.1, 22.687], [93.1, 22.686], [93.101, 22.686], [93.101, 22.685], [93.102, 22.684], [93.102, 22.683], [93.102, 22.682], [93.102, 22.681], [93.101, 22.681], [93.1, 22.681], [93.099, 22.681], [93.098, 22.681], [93.097, 22.681], [93.096, 22.681], [93.095, 22.681], [93.095, 22.68], [93.094, 22.68], [93.095, 22.679], [93.095, 22.678], [93.095, 22.677], [93.095, 22.676], [93.095, 22.675], [93.095, 22.674], [93.095, 22.673], [93.095, 22.672], [93.096, 22.672], [93.096, 22.671], [93.097, 22.671], [93.097, 22.67], [93.098, 22.67], [93.098, 22.669], [93.099, 22.668], [93.1, 22.667], [93.101, 22.666], [93.101, 22.665], [93.102, 22.665], [93.102, 22.664], [93.101, 22.664], [93.101, 22.663], [93.101, 22.662], [93.101, 22.661], [93.102, 22.661], [93.102, 22.66], [93.103, 22.66], [93.104, 22.659], [93.105, 22.659], [93.106, 22.658], [93.107, 22.658], [93.108, 22.657], [93.109, 22.656], [93.11, 22.655], [93.11, 22.654], [93.11, 22.652], [93.11, 22.651], [93.11, 22.65], [93.111, 22.649], [93.111, 22.648], [93.111, 22.647], [93.111, 22.646], [93.11, 22.646], [93.11, 22.645], [93.11, 22.644], [93.109, 22.643], [93.108, 22.642], [93.107, 22.641], [93.107, 22.64], [93.107, 22.639], [93.107, 22.638], [93.108, 22.637], [93.108, 22.636], [93.109, 22.635], [93.11, 22.635], [93.111, 22.635], [93.112, 22.634], [93.113, 22.634], [93.113, 22.633], [93.114, 22.633], [93.115, 22.632], [93.116, 22.631], [93.117, 22.631], [93.118, 22.629], [93.12, 22.627], [93.121, 22.626], [93.122, 22.626], [93.124, 22.626], [93.125, 22.626], [93.126, 22.626], [93.127, 22.625], [93.128, 22.624], [93.128, 22.623], [93.128, 22.622], [93.128, 22.621], [93.128, 22.62], [93.128, 22.619], [93.127, 22.619], [93.127, 22.618], [93.127, 22.617], [93.128, 22.616], [93.129, 22.616], [93.129, 22.615], [93.13, 22.615], [93.131, 22.615], [93.132, 22.615], [93.133, 22.615], [93.133, 22.614], [93.134, 22.614], [93.134, 22.613], [93.134, 22.612], [93.134, 22.611], [93.134, 22.61], [93.134, 22.609], [93.135, 22.608], [93.136, 22.607], [93.136, 22.606], [93.137, 22.605], [93.137, 22.604], [93.137, 22.603], [93.137, 22.602], [93.138, 22.602], [93.138, 22.601], [93.137, 22.601], [93.137, 22.6], [93.137, 22.599], [93.137, 22.598], [93.138, 22.597], [93.138, 22.596], [93.139, 22.595], [93.139, 22.594], [93.14, 22.593], [93.14, 22.592], [93.14, 22.591], [93.14, 22.59], [93.14, 22.589], [93.14, 22.588], [93.14, 22.587], [93.139, 22.586], [93.139, 22.585], [93.138, 22.584], [93.138, 22.583], [93.138, 22.582], [93.137, 22.582], [93.136, 22.582], [93.135, 22.581], [93.134, 22.581], [93.133, 22.581], [93.132, 22.58], [93.13, 22.579], [93.129, 22.579], [93.129, 22.578], [93.128, 22.578], [93.127, 22.577], [93.126, 22.575], [93.125, 22.574], [93.125, 22.573], [93.125, 22.572], [93.125, 22.571], [93.125, 22.57], [93.124, 22.569], [93.123, 22.567], [93.122, 22.566], [93.121, 22.565], [93.119, 22.565], [93.118, 22.564], [93.117, 22.564], [93.116, 22.564], [93.115, 22.563], [93.114, 22.562], [93.114, 22.561], [93.113, 22.56], [93.112, 22.558], [93.112, 22.557], [93.112, 22.556], [93.112, 22.555], [93.111, 22.555], [93.111, 22.554], [93.111, 22.553], [93.11, 22.551], [93.11, 22.549], [93.11, 22.548], [93.109, 22.547], [93.109, 22.546], [93.109, 22.545], [93.11, 22.544], [93.11, 22.543], [93.11, 22.542], [93.11, 22.541], [93.108, 22.54], [93.107, 22.54], [93.107, 22.539], [93.106, 22.539], [93.105, 22.54], [93.104, 22.541], [93.103, 22.542], [93.102, 22.542], [93.101, 22.542], [93.1, 22.542], [93.099, 22.542], [93.099, 22.543], [93.098, 22.543], [93.098, 22.544], [93.097, 22.544], [93.097, 22.545], [93.096, 22.545], [93.095, 22.545], [93.093, 22.545], [93.092, 22.546], [93.091, 22.546], [93.09, 22.546], [93.089, 22.546], [93.089, 22.547], [93.088, 22.547], [93.087, 22.548], [93.087, 22.549], [93.086, 22.549], [93.086, 22.55], [93.085, 22.55], [93.084, 22.55], [93.084, 22.551], [93.084, 22.552], [93.083, 22.553], [93.082, 22.553], [93.082, 22.554], [93.081, 22.554], [93.08, 22.554], [93.08, 22.553], [93.08, 22.552], [93.08, 22.551], [93.079, 22.55], [93.079, 22.548], [93.079, 22.547], [93.078, 22.546], [93.077, 22.545], [93.078, 22.544], [93.078, 22.543], [93.077, 22.542], [93.076, 22.542], [93.075, 22.541], [93.075, 22.54], [93.074, 22.54], [93.074, 22.539], [93.074, 22.538], [93.074, 22.537], [93.074, 22.536], [93.075, 22.536], [93.075, 22.537], [93.076, 22.537], [93.077, 22.537], [93.077, 22.536], [93.077, 22.535], [93.076, 22.534], [93.076, 22.533], [93.075, 22.532], [93.075, 22.531], [93.076, 22.53], [93.075, 22.529], [93.075, 22.528], [93.075, 22.527], [93.075, 22.526], [93.075, 22.525], [93.074, 22.525], [93.073, 22.524], [93.072, 22.523], [93.072, 22.522], [93.072, 22.521], [93.073, 22.521], [93.072, 22.519], [93.073, 22.518], [93.073, 22.517], [93.074, 22.517], [93.074, 22.516], [93.073, 22.516], [93.074, 22.511], [93.073, 22.51], [93.072, 22.509], [93.071, 22.508], [93.071, 22.506], [93.07, 22.506], [93.07, 22.505], [93.07, 22.504], [93.07, 22.503], [93.07, 22.502], [93.07, 22.501], [93.069, 22.5], [93.069, 22.499], [93.068, 22.499], [93.067, 22.499], [93.067, 22.498], [93.066, 22.497], [93.065, 22.497], [93.065, 22.496], [93.064, 22.495], [93.064, 22.493], [93.063, 22.492], [93.063, 22.491], [93.063, 22.49], [93.063, 22.489], [93.061, 22.491], [93.059, 22.491], [93.058, 22.491], [93.056, 22.49], [93.056, 22.489], [93.055, 22.489], [93.054, 22.488], [93.053, 22.488], [93.052, 22.487], [93.051, 22.485], [93.049, 22.483], [93.048, 22.482], [93.048, 22.479], [93.048, 22.478], [93.048, 22.476], [93.048, 22.475], [93.047, 22.474], [93.047, 22.473], [93.047, 22.471], [93.048, 22.469], [93.048, 22.467], [93.047, 22.466], [93.046, 22.465], [93.045, 22.463], [93.043, 22.462], [93.042, 22.461], [93.041, 22.461], [93.04, 22.462], [93.038, 22.463], [93.037, 22.465], [93.036, 22.466], [93.035, 22.468], [93.034, 22.469], [93.033, 22.47], [93.032, 22.471], [93.03, 22.471], [93.029, 22.472], [93.028, 22.473], [93.028, 22.474], [93.027, 22.476], [93.027, 22.477], [93.027, 22.478], [93.026, 22.481], [93.026, 22.482], [93.026, 22.484], [93.026, 22.486], [93.026, 22.487], [93.025, 22.489], [93.025, 22.491], [93.025, 22.493], [93.025, 22.495], [93.025, 22.497], [93.024, 22.499], [93.025, 22.499], [93.025, 22.5], [93.027, 22.5], [93.027, 22.501], [93.027, 22.502], [93.027, 22.503], [93.028, 22.505], [93.028, 22.506], [93.027, 22.508], [93.026, 22.509], [93.026, 22.51], [93.026, 22.512], [93.025, 22.513], [93.024, 22.513], [93.023, 22.514], [93.023, 22.515], [93.025, 22.516], [93.025, 22.517], [93.026, 22.519], [93.027, 22.52], [93.027, 22.522], [93.027, 22.523], [93.026, 22.524], [93.026, 22.526], [93.026, 22.528], [93.025, 22.53], [93.025, 22.532], [93.025, 22.534], [93.025, 22.536], [93.026, 22.538], [93.026, 22.539], [93.027, 22.541], [93.027, 22.543], [93.028, 22.545], [93.029, 22.546], [93.029, 22.548], [93.03, 22.549], [93.03, 22.551], [93.03, 22.552], [93.031, 22.553], [93.031, 22.554], [93.032, 22.555], [93.032, 22.556], [93.033, 22.558], [93.033, 22.56], [93.033, 22.561], [93.033, 22.562], [93.032, 22.563], [93.032, 22.564], [93.031, 22.566], [93.03, 22.567], [93.03, 22.568], [93.029, 22.57], [93.029, 22.572], [93.029, 22.573], [93.028, 22.575], [93.028, 22.576], [93.028, 22.577], [93.028, 22.578], [93.028, 22.579], [93.028, 22.58], [93.028, 22.582], [93.026, 22.583], [93.025, 22.584], [93.024, 22.584], [93.023, 22.584], [93.022, 22.585], [93.021, 22.586], [93.02, 22.586], [93.019, 22.587], [93.018, 22.587], [93.016, 22.588], [93.015, 22.588], [93.014, 22.589], [93.012, 22.589], [93.012, 22.59], [93.011, 22.591], [93.01, 22.591], [93.009, 22.591], [93.008, 22.591], [93.006, 22.592], [93.003, 22.591], [93.002, 22.592], [93.001, 22.592], [93.0, 22.592], [93.0, 22.593], [93.0, 22.594], [92.999, 22.595], [92.999, 22.596], [92.999, 22.597], [92.998, 22.598], [92.997, 22.599], [92.996, 22.599], [92.995, 22.6], [92.994, 22.601], [92.992, 22.602], [92.991, 22.602], [92.99, 22.603], [92.989, 22.603], [92.987, 22.603], [92.986, 22.603], [92.984, 22.604], [92.983, 22.604], [92.982, 22.604], [92.981, 22.605], [92.981, 22.606], [92.98, 22.607], [92.98, 22.608], [92.979, 22.608], [92.98, 22.609], [92.98, 22.61], [92.98, 22.611], [92.979, 22.611], [92.979, 22.612], [92.979, 22.613], [92.98, 22.614], [92.98, 22.615], [92.98, 22.616], [92.979, 22.616], [92.979, 22.617], [92.98, 22.618], [92.981, 22.619], [92.981, 22.62], [92.982, 22.62], [92.982, 22.621], [92.983, 22.622], [92.983, 22.623], [92.984, 22.624], [92.984, 22.625], [92.985, 22.626], [92.986, 22.626], [92.987, 22.626], [92.988, 22.628], [92.988, 22.629], [92.989, 22.63], [92.989, 22.631], [92.989, 22.632], [92.989, 22.633], [92.989, 22.634], [92.987, 22.634], [92.986, 22.634], [92.985, 22.633], [92.984, 22.633], [92.983, 22.632], [92.982, 22.632], [92.981, 22.631], [92.98, 22.631], [92.979, 22.631], [92.978, 22.631], [92.977, 22.631], [92.977, 22.63], [92.976, 22.63], [92.975, 22.63], [92.974, 22.63], [92.972, 22.631], [92.971, 22.632], [92.969, 22.633], [92.968, 22.633], [92.967, 22.633], [92.965, 22.633], [92.964, 22.634], [92.963, 22.634], [92.962, 22.634], [92.962, 22.633], [92.962, 22.632], [92.962, 22.631], [92.961, 22.63], [92.96, 22.63], [92.96, 22.629], [92.959, 22.628], [92.959, 22.627], [92.958, 22.627], [92.957, 22.627], [92.956, 22.627], [92.955, 22.627], [92.954, 22.627], [92.953, 22.627], [92.953, 22.628], [92.952, 22.628], [92.952, 22.629], [92.951, 22.629], [92.952, 22.63], [92.952, 22.631], [92.952, 22.632], [92.951, 22.632], [92.951, 22.633], [92.949, 22.634], [92.948, 22.635], [92.947, 22.636], [92.946, 22.637], [92.945, 22.638], [92.944, 22.638], [92.943, 22.639], [92.942, 22.64], [92.941, 22.641], [92.94, 22.642], [92.939, 22.643], [92.938, 22.644], [92.938, 22.645], [92.938, 22.646], [92.937, 22.647], [92.937, 22.648], [92.937, 22.649], [92.936, 22.65], [92.936, 22.651], [92.936, 22.652], [92.936, 22.653], [92.934, 22.656], [92.934, 22.657], [92.933, 22.658], [92.932, 22.659], [92.932, 22.66], [92.932, 22.661], [92.931, 22.662], [92.931, 22.663], [92.931, 22.664], [92.931, 22.665], [92.931, 22.667], [92.932, 22.668], [92.932, 22.669], [92.933, 22.67], [92.933, 22.671], [92.933, 22.672], [92.933, 22.673], [92.933, 22.674], [92.933, 22.675], [92.932, 22.676], [92.931, 22.677], [92.931, 22.678], [92.931, 22.679], [92.93, 22.68], [92.93, 22.681], [92.93, 22.682], [92.93, 22.683], [92.93, 22.684], [92.931, 22.685], [92.931, 22.686], [92.931, 22.687], [92.931, 22.688], [92.931, 22.689], [92.932, 22.689], [92.932, 22.69], [92.932, 22.691], [92.932, 22.693], [92.933, 22.694], [92.933, 22.695], [92.933, 22.696], [92.933, 22.697], [92.933, 22.698], [92.933, 22.699], [92.933, 22.7], [92.933, 22.701], [92.934, 22.703], [92.934, 22.704], [92.935, 22.705], [92.935, 22.706], [92.936, 22.707], [92.936, 22.708], [92.936, 22.709], [92.935, 22.709], [92.935, 22.71], [92.934, 22.711], [92.933, 22.711], [92.932, 22.711], [92.932, 22.712], [92.931, 22.713], [92.93, 22.714], [92.928, 22.715], [92.927, 22.716], [92.926, 22.717], [92.925, 22.718], [92.925, 22.719], [92.924, 22.719], [92.923, 22.72], [92.922, 22.72], [92.92, 22.721], [92.919, 22.721], [92.918, 22.722], [92.917, 22.721], [92.916, 22.721], [92.915, 22.722], [92.914, 22.722], [92.914, 22.723], [92.913, 22.724], [92.913, 22.725], [92.913, 22.726], [92.913, 22.727], [92.913, 22.728], [92.913, 22.729], [92.913, 22.73], [92.914, 22.731], [92.914, 22.732], [92.915, 22.733], [92.916, 22.734], [92.916, 22.735], [92.917, 22.736], [92.917, 22.737], [92.917, 22.738], [92.917, 22.739], [92.916, 22.74], [92.916, 22.741], [92.916, 22.742], [92.916, 22.743], [92.917, 22.744], [92.917, 22.745], [92.917, 22.746], [92.917, 22.747], [92.918, 22.747], [92.918, 22.748], [92.919, 22.749], [92.919, 22.75], [92.92, 22.75], [92.92, 22.751], [92.92, 22.752], [92.92, 22.753], [92.919, 22.755], [92.919, 22.756], [92.918, 22.757], [92.918, 22.759], [92.918, 22.76], [92.918, 22.761], [92.918, 22.762], [92.918, 22.763], [92.918, 22.764], [92.918, 22.765], [92.919, 22.766], [92.92, 22.767], [92.922, 22.769], [92.922, 22.77], [92.923, 22.772], [92.924, 22.773], [92.925, 22.774], [92.926, 22.774], [92.927, 22.775], [92.928, 22.775], [92.929, 22.775], [92.93, 22.775], [92.93, 22.774], [92.931, 22.775], [92.932, 22.776], [92.933, 22.776], [92.933, 22.777], [92.933, 22.778], [92.933, 22.78], [92.931, 22.78], [92.93, 22.781], [92.928, 22.781], [92.926, 22.781], [92.924, 22.78], [92.923, 22.78], [92.923, 22.781], [92.922, 22.781], [92.922, 22.782], [92.922, 22.783], [92.923, 22.784], [92.923, 22.785], [92.924, 22.786], [92.924, 22.787], [92.923, 22.788], [92.923, 22.789], [92.923, 22.79], [92.924, 22.791], [92.925, 22.792], [92.926, 22.792], [92.928, 22.792], [92.929, 22.792], [92.93, 22.792], [92.931, 22.792], [92.931, 22.791], [92.933, 22.791], [92.934, 22.79], [92.935, 22.791], [92.936, 22.791], [92.937, 22.792], [92.938, 22.792], [92.938, 22.791], [92.94, 22.79], [92.941, 22.79], [92.942, 22.791], [92.943, 22.791], [92.944, 22.79], [92.945, 22.789], [92.944, 22.788], [92.944, 22.787], [92.945, 22.787], [92.946, 22.787], [92.946, 22.786], [92.947, 22.786], [92.948, 22.786], [92.949, 22.786], [92.95, 22.786], [92.951, 22.785], [92.952, 22.785], [92.953, 22.786], [92.954, 22.786], [92.954, 22.785], [92.954, 22.784], [92.955, 22.783], [92.956, 22.783], [92.957, 22.783], [92.958, 22.783], [92.958, 22.782], [92.958, 22.781], [92.959, 22.781], [92.959, 22.78], [92.96, 22.78], [92.96, 22.781], [92.96, 22.78], [92.961, 22.78], [92.961, 22.779], [92.961, 22.778], [92.961, 22.777], [92.961, 22.776], [92.962, 22.775], [92.963, 22.774], [92.964, 22.774], [92.964, 22.773], [92.964, 22.772], [92.965, 22.771], [92.965, 22.77], [92.966, 22.77], [92.967, 22.769], [92.968, 22.768], [92.969, 22.768], [92.969, 22.767], [92.97, 22.767], [92.97, 22.766], [92.97, 22.765], [92.971, 22.765], [92.971, 22.764], [92.972, 22.764], [92.973, 22.763], [92.974, 22.763], [92.974, 22.762], [92.974, 22.761], [92.975, 22.761], [92.975, 22.76], [92.976, 22.759], [92.977, 22.759], [92.978, 22.758], [92.979, 22.757], [92.979, 22.756], [92.978, 22.756], [92.978, 22.755], [92.979, 22.755], [92.98, 22.755], [92.98, 22.756], [92.981, 22.756], [92.982, 22.756], [92.983, 22.756], [92.983, 22.755], [92.984, 22.755], [92.984, 22.754], [92.985, 22.753], [92.986, 22.753], [92.987, 22.754], [92.988, 22.754], [92.989, 22.754], [92.99, 22.755], [92.991, 22.754], [92.992, 22.753], [92.993, 22.752], [92.994, 22.753], [92.995, 22.754], [92.996, 22.754], [92.997, 22.754], [92.998, 22.754], [92.999, 22.754], [93.0, 22.754], [93.001, 22.753], [93.002, 22.753], [93.002, 22.752], [93.003, 22.752], [93.003, 22.753], [93.004, 22.753], [93.005, 22.753], [93.007, 22.753], [93.01, 22.753], [93.01, 22.754], [93.01, 22.755], [93.01, 22.757], [93.009, 22.758], [93.009, 22.759], [93.009, 22.76], [93.009, 22.761], [93.009, 22.762], [93.009, 22.763], [93.009, 22.764], [93.009, 22.765], [93.009, 22.766], [93.01, 22.766], [93.01, 22.767], [93.011, 22.767], [93.012, 22.768], [93.012, 22.769], [93.012, 22.77], [93.012, 22.771], [93.012, 22.772], [93.012, 22.773], [93.012, 22.775], [93.013, 22.776], [93.014, 22.776], [93.015, 22.777], [93.016, 22.777], [93.017, 22.78], [93.018, 22.782], [93.019, 22.784], [93.02, 22.786], [93.022, 22.785], [93.028, 22.782], [93.029, 22.783], [93.03, 22.784], [93.03, 22.788], [93.029, 22.789], [93.028, 22.79], [93.029, 22.793], [93.03, 22.796], [93.033, 22.798], [93.036, 22.798], [93.04, 22.797], [93.043, 22.797], [93.046, 22.796], [93.05, 22.794], [93.054, 22.793], [93.056, 22.794], [93.059, 22.794], [93.06, 22.794], [93.06, 22.795], [93.061, 22.795], [93.061, 22.796], [93.061, 22.797], [93.061, 22.798], [93.061, 22.799], [93.061, 22.8], [93.061, 22.801], [93.061, 22.802], [93.061, 22.803], [93.061, 22.804], [93.062, 22.804], [93.062, 22.805], [93.063, 22.805], [93.064, 22.804], [93.065, 22.804], [93.066, 22.804], [93.067, 22.804], [93.067, 22.803], [93.068, 22.803], [93.069, 22.803], [93.07, 22.804], [93.071, 22.804], [93.072, 22.804], [93.073, 22.805], [93.074, 22.806], [93.074, 22.807], [93.075, 22.807], [93.075, 22.808], [93.076, 22.808], [93.077, 22.808], [93.078, 22.808], [93.079, 22.808], [93.08, 22.808], [93.081, 22.808], [93.081, 22.809], [93.082, 22.809]]]}, "properties": {"OBJECTID": 3426, "stcode11": "15", "dtcode11": "287", "sdtcode11": "01919", "stname": "MIZORAM", "dtname": "Lawngtlai", "sdtname": "Sangau", "subdt_lgd": 1919, "dist_lgd": 264, "state_lgd": 15, "shape_Length": 143841.41359230463, "shape_Area": 530279525.4677658, "st_area_sh": 0, "st_length_": 0, "remarks": "", "ac_no": null, "test": 3427}}, {"type": "Feature", "geometry": {"type": "Polygon", "coordinates": [[[93.085, 22.421], [93.086, 22.421], [93.086, 22.42], [93.086, 22.421], [93.087, 22.421], [93.087, 22.42], [93.087, 22.419], [93.088, 22.419], [93.088, 22.418], [93.089, 22.418], [93.089, 22.417], [93.09, 22.417], [93.09, 22.416], [93.089, 22.416], [93.088, 22.415], [93.087, 22.415], [93.087, 22.414], [93.088, 22.414], [93.089, 22.414], [93.09, 22.413], [93.089, 22.413], [93.089, 22.412], [93.088, 22.412], [93.089, 22.411], [93.09, 22.411], [93.09, 22.41], [93.091, 22.41], [93.092, 22.41], [93.092, 22.409], [93.092, 22.408], [93.091, 22.408], [93.091, 22.407], [93.092, 22.407], [93.093, 22.407], [93.093, 22.406], [93.094, 22.406], [93.094, 22.405], [93.094, 22.404], [93.094, 22.403], [93.093, 22.403], [93.093, 22.402], [93.092, 22.402], [93.091, 22.402], [93.09, 22.402], [93.09, 22.401], [93.089, 22.401], [93.089, 22.4], [93.089, 22.399], [93.088, 22.399], [93.088, 22.398], [93.088, 22.397], [93.088, 22.396], [93.087, 22.396], [93.087, 22.395], [93.087, 22.394], [93.087, 22.393], [93.087, 22.392], [93.086, 22.392], [93.086, 22.391], [93.087, 22.391], [93.087, 22.39], [93.087, 22.389], [93.087, 22.388], [93.087, 22.387], [93.087, 22.386], [93.086, 22.386], [93.086, 22.385], [93.086, 22.384], [93.086, 22.383], [93.085, 22.383], [93.085, 22.382], [93.085, 22.381], [93.084, 22.381], [93.084, 22.38], [93.084, 22.379], [93.084, 22.378], [93.083, 22.378], [93.083, 22.377], [93.083, 22.376], [93.082, 22.376], [93.082, 22.375], [93.082, 22.374], [93.083, 22.374], [93.083, 22.373], [93.083, 22.372], [93.084, 22.372], [93.084, 22.371], [93.084, 22.37], [93.083, 22.37], [93.083, 22.369], [93.083, 22.368], [93.082, 22.368], [93.081, 22.368], [93.081, 22.367], [93.08, 22.367], [93.08, 22.366], [93.08, 22.365], [93.08, 22.364], [93.079, 22.364], [93.079, 22.363], [93.079, 22.362], [93.078, 22.362], [93.078, 22.361], [93.077, 22.361], [93.077, 22.36], [93.076, 22.36], [93.076, 22.359], [93.076, 22.358], [93.077, 22.358], [93.077, 22.357], [93.077, 22.356], [93.077, 22.355], [93.076, 22.355], [93.076, 22.354], [93.077, 22.354], [93.077, 22.353], [93.078, 22.353], [93.079, 22.353], [93.079, 22.352], [93.08, 22.352], [93.08, 22.351], [93.081, 22.351], [93.082, 22.35], [93.083, 22.35], [93.083, 22.349], [93.084, 22.349], [93.085, 22.349], [93.085, 22.348], [93.086, 22.348], [93.086, 22.347], [93.087, 22.348], [93.087, 22.349], [93.088, 22.349], [93.089, 22.349], [93.089, 22.348], [93.088, 22.348], [93.088, 22.347], [93.087, 22.346], [93.087, 22.345], [93.087, 22.344], [93.088, 22.344], [93.089, 22.343], [93.09, 22.343], [93.091, 22.343], [93.092, 22.343], [93.092, 22.342], [93.093, 22.342], [93.093, 22.341], [93.093, 22.34], [93.092, 22.34], [93.092, 22.339], [93.091, 22.339], [93.091, 22.338], [93.092, 22.338], [93.093, 22.338], [93.093, 22.337], [93.093, 22.336], [93.094, 22.336], [93.094, 22.335], [93.095, 22.335], [93.096, 22.335], [93.097, 22.335], [93.097, 22.334], [93.098, 22.334], [93.099, 22.334], [93.1, 22.334], [93.101, 22.334], [93.101, 22.333], [93.102, 22.333], [93.103, 22.333], [93.103, 22.332], [93.104, 22.332], [93.104, 22.331], [93.104, 22.33], [93.104, 22.329], [93.104, 22.328], [93.104, 22.327], [93.105, 22.327], [93.105, 22.326], [93.106, 22.326], [93.106, 22.325], [93.106, 22.324], [93.106, 22.323], [93.106, 22.322], [93.107, 22.322], [93.107, 22.321], [93.107, 22.32], [93.108, 22.319], [93.109, 22.319], [93.109, 22.318], [93.11, 22.318], [93.11, 22.317], [93.111, 22.317], [93.111, 22.316], [93.112, 22.316], [93.112, 22.315], [93.112, 22.314], [93.113, 22.314], [93.114, 22.314], [93.115, 22.314], [93.116, 22.314], [93.117, 22.314], [93.118, 22.314], [93.119, 22.314], [93.12, 22.314], [93.121, 22.314], [93.122, 22.314], [93.122, 22.313], [93.123, 22.313], [93.124, 22.312], [93.125, 22.312], [93.126, 22.312], [93.126, 22.311], [93.127, 22.311], [93.127, 22.31], [93.128, 22.31], [93.129, 22.31], [93.13, 22.31], [93.13, 22.309], [93.131, 22.309], [93.132, 22.309], [93.133, 22.309], [93.134, 22.309], [93.134, 22.308], [93.135, 22.308], [93.136, 22.308], [93.136, 22.309], [93.137, 22.309], [93.138, 22.309], [93.138, 22.31], [93.139, 22.31], [93.14, 22.31], [93.141, 22.31], [93.142, 22.31], [93.143, 22.31], [93.143, 22.311], [93.144, 22.311], [93.145, 22.311], [93.145, 22.31], [93.146, 22.31], [93.147, 22.31], [93.148, 22.311], [93.149, 22.311], [93.15, 22.311], [93.151, 22.311], [93.152, 22.311], [93.152, 22.312], [93.153, 22.312], [93.153, 22.313], [93.154, 22.313], [93.154, 22.314], [93.155, 22.314], [93.156, 22.314], [93.156, 22.315], [93.157, 22.315], [93.158, 22.315], [93.159, 22.315], [93.16, 22.315], [93.161, 22.315], [93.161, 22.314], [93.162, 22.314], [93.163, 22.314], [93.164, 22.315], [93.165, 22.315], [93.166, 22.315], [93.167, 22.315], [93.168, 22.315], [93.169, 22.315], [93.17, 22.315], [93.171, 22.315], [93.171, 22.314], [93.172, 22.314], [93.172, 22.313], [93.173, 22.313], [93.174, 22.313], [93.174, 22.312], [93.175, 22.312], [93.176, 22.312], [93.177, 22.312], [93.178, 22.312], [93.179, 22.312], [93.179, 22.313], [93.18, 22.313], [93.181, 22.313], [93.181, 22.312], [93.182, 22.312], [93.183, 22.312], [93.184, 22.312], [93.185, 22.313], [93.186, 22.313], [93.187, 22.313], [93.188, 22.313], [93.188, 22.312], [93.189, 22.312], [93.19, 22.311], [93.191, 22.311], [93.192, 22.311], [93.191, 22.311], [93.191, 22.31], [93.191, 22.309], [93.191, 22.308], [93.193, 22.307], [93.194, 22.306], [93.194, 22.305], [93.195, 22.304], [93.196, 22.303], [93.196, 22.302], [93.195, 22.302], [93.195, 22.301], [93.194, 22.301], [93.193, 22.301], [93.192, 22.302], [93.191, 22.303], [93.19, 22.303], [93.19, 22.302], [93.19, 22.301], [93.19, 22.3], [93.191, 22.299], [93.191, 22.298], [93.192, 22.297], [93.193, 22.297], [93.194, 22.297], [93.195, 22.296], [93.196, 22.297], [93.197, 22.296], [93.198, 22.296], [93.199, 22.295], [93.199, 22.294], [93.199, 22.293], [93.199, 22.292], [93.198, 22.291], [93.197, 22.291], [93.196, 22.291], [93.195, 22.291], [93.194, 22.291], [93.194, 22.29], [93.194, 22.289], [93.194, 22.288], [93.194, 22.287], [93.194, 22.286], [93.195, 22.285], [93.195, 22.284], [93.196, 22.283], [93.196, 22.282], [93.197, 22.281], [93.197, 22.28], [93.197, 22.279], [93.197, 22.278], [93.197, 22.277], [93.197, 22.276], [93.197, 22.275], [93.198, 22.274], [93.197, 22.273], [93.198, 22.272], [93.198, 22.271], [93.198, 22.27], [93.199, 22.269], [93.199, 22.268], [93.2, 22.268], [93.201, 22.267], [93.201, 22.266], [93.202, 22.265], [93.202, 22.264], [93.202, 22.263], [93.201, 22.262], [93.2, 22.262], [93.199, 22.261], [93.198, 22.261], [93.198, 22.26], [93.198, 22.259], [93.199, 22.258], [93.199, 22.257], [93.199, 22.256], [93.199, 22.255], [93.198, 22.255], [93.197, 22.255], [93.196, 22.255], [93.195, 22.255], [93.194, 22.255], [93.193, 22.255], [93.192, 22.254], [93.191, 22.253], [93.19, 22.253], [93.189, 22.252], [93.187, 22.252], [93.187, 22.251], [93.186, 22.251], [93.186, 22.25], [93.185, 22.25], [93.184, 22.25], [93.183, 22.25], [93.182, 22.249], [93.181, 22.249], [93.181, 22.248], [93.18, 22.248], [93.18, 22.247], [93.179, 22.247], [93.179, 22.246], [93.178, 22.246], [93.177, 22.246], [93.176, 22.246], [93.174, 22.246], [93.173, 22.246], [93.172, 22.246], [93.171, 22.246], [93.17, 22.246], [93.169, 22.246], [93.168, 22.246], [93.167, 22.246], [93.167, 22.247], [93.166, 22.247], [93.166, 22.248], [93.165, 22.249], [93.165, 22.25], [93.164, 22.25], [93.163, 22.25], [93.162, 22.25], [93.161, 22.249], [93.16, 22.249], [93.159, 22.249], [93.158, 22.248], [93.157, 22.248], [93.156, 22.247], [93.155, 22.247], [93.154, 22.247], [93.153, 22.247], [93.152, 22.247], [93.152, 22.248], [93.151, 22.248], [93.15, 22.249], [93.15, 22.25], [93.149, 22.25], [93.148, 22.25], [93.147, 22.249], [93.146, 22.249], [93.145, 22.249], [93.144, 22.248], [93.144, 22.247], [93.143, 22.247], [93.143, 22.246], [93.142, 22.245], [93.142, 22.244], [93.142, 22.243], [93.142, 22.242], [93.143, 22.241], [93.143, 22.24], [93.144, 22.239], [93.144, 22.238], [93.143, 22.237], [93.142, 22.236], [93.141, 22.236], [93.14, 22.236], [93.14, 22.235], [93.14, 22.234], [93.141, 22.234], [93.141, 22.233], [93.142, 22.233], [93.142, 22.232], [93.143, 22.232], [93.144, 22.232], [93.144, 22.231], [93.145, 22.231], [93.147, 22.23], [93.147, 22.229], [93.148, 22.229], [93.148, 22.228], [93.148, 22.227], [93.149, 22.226], [93.149, 22.225], [93.149, 22.224], [93.15, 22.224], [93.15, 22.223], [93.15, 22.222], [93.15, 22.221], [93.151, 22.22], [93.151, 22.219], [93.152, 22.218], [93.152, 22.217], [93.152, 22.216], [93.152, 22.215], [93.151, 22.215], [93.151, 22.214], [93.15, 22.214], [93.149, 22.214], [93.149, 22.213], [93.149, 22.212], [93.149, 22.211], [93.15, 22.211], [93.151, 22.21], [93.152, 22.21], [93.153, 22.21], [93.153, 22.209], [93.154, 22.209], [93.154, 22.208], [93.154, 22.207], [93.154, 22.206], [93.155, 22.206], [93.155, 22.205], [93.156, 22.204], [93.156, 22.203], [93.157, 22.203], [93.157, 22.202], [93.157, 22.201], [93.158, 22.201], [93.158, 22.2], [93.159, 22.2], [93.16, 22.2], [93.16, 22.199], [93.161, 22.199], [93.161, 22.198], [93.161, 22.197], [93.162, 22.196], [93.161, 22.195], [93.161, 22.194], [93.161, 22.193], [93.16, 22.192], [93.16, 22.191], [93.159, 22.19], [93.158, 22.19], [93.158, 22.189], [93.157, 22.189], [93.157, 22.188], [93.157, 22.187], [93.157, 22.186], [93.158, 22.186], [93.157, 22.186], [93.156, 22.185], [93.156, 22.184], [93.156, 22.183], [93.156, 22.182], [93.156, 22.181], [93.155, 22.181], [93.155, 22.18], [93.154, 22.179], [93.154, 22.178], [93.153, 22.178], [93.152, 22.178], [93.152, 22.177], [93.151, 22.177], [93.151, 22.176], [93.15, 22.176], [93.149, 22.176], [93.148, 22.176], [93.147, 22.176], [93.147, 22.175], [93.146, 22.175], [93.145, 22.175], [93.144, 22.175], [93.144, 22.176], [93.143, 22.176], [93.142, 22.176], [93.141, 22.176], [93.14, 22.176], [93.139, 22.176], [93.138, 22.176], [93.137, 22.176], [93.137, 22.175], [93.136, 22.175], [93.135, 22.174], [93.134, 22.174], [93.133, 22.174], [93.132, 22.174], [93.131, 22.174], [93.13, 22.173], [93.129, 22.173], [93.128, 22.173], [93.127, 22.173], [93.126, 22.173], [93.125, 22.173], [93.124, 22.173], [93.124, 22.174], [93.123, 22.174], [93.123, 22.175], [93.123, 22.176], [93.123, 22.177], [93.123, 22.178], [93.123, 22.179], [93.123, 22.18], [93.122, 22.181], [93.121, 22.182], [93.12, 22.182], [93.12, 22.183], [93.12, 22.184], [93.12, 22.185], [93.119, 22.186], [93.119, 22.187], [93.118, 22.187], [93.118, 22.188], [93.117, 22.188], [93.117, 22.189], [93.116, 22.19], [93.115, 22.19], [93.114, 22.191], [93.114, 22.192], [93.114, 22.193], [93.114, 22.194], [93.114, 22.195], [93.114, 22.196], [93.113, 22.196], [93.113, 22.197], [93.113, 22.198], [93.113, 22.199], [93.113, 22.2], [93.112, 22.2], [93.112, 22.201], [93.112, 22.202], [93.111, 22.203], [93.111, 22.204], [93.11, 22.204], [93.11, 22.203], [93.109, 22.203], [93.108, 22.203], [93.107, 22.203], [93.107, 22.202], [93.106, 22.202], [93.105, 22.201], [93.104, 22.201], [93.104, 22.2], [93.103, 22.2], [93.103, 22.199], [93.102, 22.199], [93.101, 22.199], [93.1, 22.199], [93.099, 22.199], [93.099, 22.198], [93.098, 22.198], [93.097, 22.198], [93.096, 22.198], [93.095, 22.198], [93.094, 22.198], [93.093, 22.198], [93.092, 22.198], [93.091, 22.197], [93.09, 22.197], [93.089, 22.197], [93.088, 22.197], [93.087, 22.197], [93.086, 22.198], [93.085, 22.198], [93.084, 22.199], [93.083, 22.2], [93.082, 22.2], [93.081, 22.2], [93.08, 22.2], [93.079, 22.201], [93.078, 22.201], [93.077, 22.201], [93.077, 22.202], [93.076, 22.202], [93.075, 22.202], [93.074, 22.203], [93.073, 22.203], [93.072, 22.203], [93.072, 22.204], [93.071, 22.204], [93.07, 22.204], [93.069, 22.204], [93.068, 22.205], [93.067, 22.205], [93.066, 22.205], [93.066, 22.206], [93.065, 22.206], [93.064, 22.206], [93.064, 22.207], [93.063, 22.207], [93.063, 22.206], [93.062, 22.206], [93.062, 22.205], [93.062, 22.204], [93.061, 22.204], [93.06, 22.203], [93.059, 22.203], [93.059, 22.202], [93.058, 22.202], [93.058, 22.201], [93.057, 22.201], [93.056, 22.201], [93.055, 22.201], [93.055, 22.202], [93.054, 22.202], [93.053, 22.202], [93.052, 22.202], [93.052, 22.201], [93.051, 22.201], [93.051, 22.2], [93.05, 22.2], [93.05, 22.201], [93.049, 22.201], [93.048, 22.202], [93.047, 22.202], [93.047, 22.203], [93.046, 22.202], [93.046, 22.201], [93.045, 22.201], [93.045, 22.2], [93.044, 22.2], [93.043, 22.2], [93.043, 22.199], [93.043, 22.198], [93.044, 22.197], [93.043, 22.196], [93.043, 22.195], [93.042, 22.195], [93.041, 22.195], [93.04, 22.195], [93.04, 22.196], [93.039, 22.196], [93.039, 22.195], [93.038, 22.195], [93.038, 22.194], [93.038, 22.193], [93.039, 22.193], [93.039, 22.192], [93.04, 22.192], [93.04, 22.191], [93.041, 22.191], [93.042, 22.191], [93.042, 22.19], [93.042, 22.189], [93.041, 22.189], [93.041, 22.188], [93.04, 22.188], [93.04, 22.187], [93.041, 22.186], [93.042, 22.186], [93.042, 22.185], [93.042, 22.184], [93.043, 22.184], [93.043, 22.183], [93.044, 22.182], [93.044, 22.181], [93.045, 22.181], [93.045, 22.18], [93.045, 22.179], [93.046, 22.179], [93.046, 22.178], [93.046, 22.177], [93.047, 22.177], [93.047, 22.176], [93.048, 22.176], [93.048, 22.175], [93.048, 22.174], [93.049, 22.174], [93.049, 22.173], [93.048, 22.172], [93.048, 22.171], [93.048, 22.17], [93.049, 22.17], [93.049, 22.169], [93.049, 22.168], [93.048, 22.168], [93.048, 22.167], [93.048, 22.166], [93.048, 22.165], [93.048, 22.164], [93.048, 22.163], [93.048, 22.162], [93.047, 22.162], [93.046, 22.162], [93.045, 22.162], [93.044, 22.161], [93.043, 22.161], [93.043, 22.16], [93.042, 22.16], [93.042, 22.159], [93.042, 22.158], [93.043, 22.158], [93.044, 22.158], [93.045, 22.157], [93.044, 22.157], [93.044, 22.156], [93.043, 22.156], [93.043, 22.155], [93.043, 22.154], [93.042, 22.154], [93.042, 22.153], [93.042, 22.152], [93.041, 22.151], [93.041, 22.15], [93.04, 22.15], [93.039, 22.15], [93.038, 22.15], [93.038, 22.149], [93.037, 22.149], [93.037, 22.148], [93.037, 22.147], [93.037, 22.146], [93.037, 22.145], [93.037, 22.144], [93.038, 22.144], [93.039, 22.144], [93.039, 22.145], [93.04, 22.145], [93.04, 22.144], [93.04, 22.143], [93.041, 22.143], [93.042, 22.143], [93.043, 22.143], [93.044, 22.144], [93.044, 22.143], [93.044, 22.142], [93.043, 22.142], [93.042, 22.142], [93.042, 22.141], [93.041, 22.141], [93.041, 22.14], [93.041, 22.139], [93.04, 22.139], [93.039, 22.139], [93.04, 22.139], [93.04, 22.138], [93.041, 22.138], [93.041, 22.137], [93.042, 22.137], [93.042, 22.136], [93.043, 22.137], [93.044, 22.138], [93.045, 22.138], [93.045, 22.137], [93.045, 22.136], [93.045, 22.135], [93.045, 22.134], [93.045, 22.133], [93.046, 22.133], [93.047, 22.132], [93.048, 22.131], [93.049, 22.13], [93.05, 22.129], [93.05, 22.128], [93.051, 22.127], [93.052, 22.126], [93.053, 22.126], [93.054, 22.125], [93.054, 22.124], [93.054, 22.123], [93.054, 22.122], [93.054, 22.121], [93.055, 22.121], [93.056, 22.121], [93.056, 22.122], [93.057, 22.122], [93.057, 22.121], [93.057, 22.12], [93.057, 22.119], [93.056, 22.119], [93.056, 22.118], [93.057, 22.118], [93.057, 22.117], [93.057, 22.116], [93.057, 22.115], [93.058, 22.115], [93.058, 22.114], [93.058, 22.113], [93.058, 22.112], [93.058, 22.111], [93.058, 22.11], [93.058, 22.109], [93.058, 22.108], [93.059, 22.108], [93.059, 22.107], [93.059, 22.106], [93.058, 22.105], [93.058, 22.104], [93.058, 22.103], [93.059, 22.102], [93.06, 22.102], [93.06, 22.101], [93.059, 22.101], [93.059, 22.1], [93.059, 22.101], [93.058, 22.101], [93.057, 22.101], [93.057, 22.1], [93.056, 22.1], [93.056, 22.101], [93.055, 22.101], [93.055, 22.1], [93.054, 22.1], [93.053, 22.1], [93.053, 22.099], [93.052, 22.099], [93.052, 22.1], [93.051, 22.1], [93.051, 22.099], [93.05, 22.099], [93.049, 22.099], [93.048, 22.099], [93.048, 22.098], [93.047, 22.098], [93.046, 22.099], [93.045, 22.099], [93.044, 22.099], [93.043, 22.099], [93.042, 22.099], [93.041, 22.099], [93.04, 22.099], [93.04, 22.1], [93.039, 22.1], [93.038, 22.1], [93.037, 22.1], [93.036, 22.1], [93.035, 22.1], [93.034, 22.1], [93.033, 22.101], [93.032, 22.101], [93.031, 22.101], [93.03, 22.101], [93.029, 22.101], [93.028, 22.101], [93.027, 22.101], [93.026, 22.101], [93.026, 22.102], [93.025, 22.102], [93.024, 22.101], [93.023, 22.101], [93.022, 22.101], [93.021, 22.101], [93.02, 22.101], [93.019, 22.101], [93.018, 22.101], [93.018, 22.102], [93.017, 22.102], [93.016, 22.102], [93.015, 22.102], [93.014, 22.102], [93.013, 22.103], [93.012, 22.103], [93.011, 22.104], [93.01, 22.104], [93.009, 22.104], [93.008, 22.104], [93.008, 22.105], [93.007, 22.105], [93.006, 22.105], [93.005, 22.105], [93.005, 22.104], [93.004, 22.103], [93.004, 22.102], [93.004, 22.101], [93.004, 22.1], [93.005, 22.099], [93.005, 22.098], [93.006, 22.098], [93.006, 22.097], [93.007, 22.095], [93.007, 22.094], [93.008, 22.094], [93.009, 22.094], [93.009, 22.093], [93.01, 22.093], [93.011, 22.092], [93.011, 22.091], [93.011, 22.09], [93.012, 22.089], [93.012, 22.088], [93.011, 22.088], [93.011, 22.087], [93.01, 22.087], [93.01, 22.086], [93.009, 22.086], [93.009, 22.085], [93.009, 22.084], [93.009, 22.083], [93.009, 22.082], [93.009, 22.081], [93.008, 22.081], [93.007, 22.08], [93.006, 22.081], [93.006, 22.08], [93.005, 22.08], [93.005, 22.079], [93.005, 22.078], [93.005, 22.077], [93.005, 22.076], [93.004, 22.075], [93.004, 22.074], [93.005, 22.074], [93.006, 22.074], [93.006, 22.073], [93.006, 22.072], [93.007, 22.072], [93.007, 22.071], [93.006, 22.071], [93.006, 22.07], [93.005, 22.07], [93.005, 22.069], [93.004, 22.069], [93.003, 22.069], [93.003, 22.068], [93.003, 22.067], [93.002, 22.067], [93.001, 22.067], [93.001, 22.066], [93.001, 22.065], [93.002, 22.065], [93.002, 22.064], [93.003, 22.063], [93.002, 22.062], [93.001, 22.061], [93.001, 22.06], [93.001, 22.059], [93.002, 22.059], [93.002, 22.058], [93.001, 22.057], [93.0, 22.056], [92.999, 22.055], [92.998, 22.055], [92.998, 22.054], [92.998, 22.053], [92.998, 22.052], [92.997, 22.051], [92.997, 22.05], [92.997, 22.049], [92.996, 22.048], [92.996, 22.047], [92.996, 22.046], [92.996, 22.045], [92.996, 22.044], [92.995, 22.043], [92.995, 22.042], [92.995, 22.041], [92.995, 22.04], [92.995, 22.039], [92.996, 22.039], [92.996, 22.038], [92.997, 22.038], [92.997, 22.037], [92.997, 22.036], [92.997, 22.035], [92.997, 22.034], [92.996, 22.034], [92.995, 22.033], [92.995, 22.032], [92.995, 22.031], [92.995, 22.03], [92.996, 22.03], [92.996, 22.029], [92.997, 22.029], [92.997, 22.028], [92.997, 22.027], [92.998, 22.027], [92.998, 22.026], [92.999, 22.026], [92.999, 22.025], [92.999, 22.024], [92.999, 22.023], [93.0, 22.023], [93.0, 22.022], [93.002, 22.021], [93.002, 22.02], [93.003, 22.019], [93.003, 22.018], [93.004, 22.018], [93.004, 22.017], [93.004, 22.016], [93.004, 22.015], [93.004, 22.014], [93.005, 22.014], [93.004, 22.013], [93.004, 22.012], [93.004, 22.011], [93.003, 22.009], [93.002, 22.008], [93.002, 22.007], [93.002, 22.006], [93.003, 22.006], [93.003, 22.004], [93.003, 22.003], [93.003, 22.002], [93.003, 22.001], [93.003, 22.0], [93.003, 21.999], [93.003, 21.998], [93.003, 21.997], [93.003, 21.996], [93.004, 21.996], [93.004, 21.995], [93.004, 21.994], [93.005, 21.993], [93.005, 21.992], [93.005, 21.991], [93.005, 21.99], [93.005, 21.988], [93.005, 21.987], [93.006, 21.986], [93.006, 21.985], [93.007, 21.984], [93.007, 21.983], [93.007, 21.982], [93.006, 21.982], [93.005, 21.982], [93.004, 21.982], [93.003, 21.982], [93.002, 21.981], [93.001, 21.981], [93.0, 21.981], [93.0, 21.98], [92.999, 21.98], [92.998, 21.979], [92.997, 21.979], [92.996, 21.979], [92.995, 21.978], [92.994, 21.978], [92.993, 21.978], [92.992, 21.978], [92.992, 21.979], [92.991, 21.979], [92.99, 21.979], [92.989, 21.979], [92.988, 21.979], [92.987, 21.98], [92.986, 21.98], [92.985, 21.98], [92.984, 21.98], [92.984, 21.979], [92.983, 21.979], [92.982, 21.979], [92.981, 21.98], [92.98, 21.981], [92.98, 21.982], [92.979, 21.983], [92.979, 21.984], [92.979, 21.985], [92.978, 21.986], [92.978, 21.987], [92.978, 21.988], [92.978, 21.989], [92.978, 21.99], [92.978, 21.991], [92.979, 21.991], [92.979, 21.992], [92.979, 21.993], [92.979, 21.994], [92.978, 21.995], [92.978, 21.996], [92.978, 21.997], [92.978, 21.998], [92.977, 21.999], [92.975, 21.999], [92.974, 22.0], [92.974, 22.001], [92.974, 22.002], [92.973, 22.002], [92.973, 22.003], [92.972, 22.003], [92.972, 22.004], [92.972, 22.005], [92.972, 22.006], [92.972, 22.007], [92.971, 22.007], [92.97, 22.007], [92.969, 22.007], [92.968, 22.007], [92.968, 22.008], [92.968, 22.009], [92.967, 22.009], [92.967, 22.01], [92.966, 22.01], [92.966, 22.011], [92.965, 22.011], [92.965, 22.012], [92.965, 22.013], [92.965, 22.014], [92.964, 22.014], [92.965, 22.015], [92.964, 22.015], [92.963, 22.016], [92.964, 22.016], [92.965, 22.017], [92.965, 22.018], [92.964, 22.018], [92.963, 22.018], [92.963, 22.019], [92.962, 22.02], [92.962, 22.021], [92.961, 22.021], [92.961, 22.022], [92.961, 22.023], [92.962, 22.023], [92.962, 22.024], [92.962, 22.025], [92.961, 22.025], [92.961, 22.026], [92.96, 22.026], [92.96, 22.027], [92.959, 22.027], [92.959, 22.028], [92.958, 22.028], [92.958, 22.029], [92.957, 22.029], [92.957, 22.03], [92.957, 22.029], [92.956, 22.029], [92.955, 22.03], [92.954, 22.03], [92.953, 22.03], [92.952, 22.03], [92.952, 22.029], [92.951, 22.029], [92.951, 22.028], [92.951, 22.027], [92.95, 22.027], [92.95, 22.026], [92.949, 22.026], [92.948, 22.026], [92.948, 22.025], [92.947, 22.025], [92.947, 22.024], [92.947, 22.023], [92.947, 22.022], [92.946, 22.022], [92.946, 22.021], [92.945, 22.021], [92.944, 22.021], [92.944, 22.02], [92.943, 22.02], [92.942, 22.02], [92.942, 22.019], [92.942, 22.018], [92.943, 22.018], [92.943, 22.017], [92.942, 22.017], [92.942, 22.016], [92.941, 22.017], [92.941, 22.016], [92.941, 22.015], [92.941, 22.014], [92.94, 22.014], [92.939, 22.014], [92.938, 22.014], [92.937, 22.014], [92.937, 22.015], [92.936, 22.015], [92.936, 22.016], [92.935, 22.016], [92.934, 22.016], [92.933, 22.016], [92.933, 22.017], [92.932, 22.017], [92.931, 22.017], [92.931, 22.018], [92.93, 22.018], [92.93, 22.017], [92.929, 22.017], [92.928, 22.016], [92.927, 22.016], [92.927, 22.015], [92.927, 22.014], [92.928, 22.014], [92.928, 22.013], [92.929, 22.012], [92.929, 22.011], [92.929, 22.01], [92.929, 22.009], [92.929, 22.008], [92.929, 22.009], [92.93, 22.009], [92.931, 22.009], [92.931, 22.01], [92.932, 22.01], [92.932, 22.011], [92.933, 22.011], [92.934, 22.011], [92.935, 22.011], [92.935, 22.01], [92.936, 22.01], [92.936, 22.009], [92.935, 22.009], [92.935, 22.008], [92.935, 22.007], [92.936, 22.007], [92.936, 22.006], [92.936, 22.005], [92.935, 22.005], [92.935, 22.004], [92.934, 22.003], [92.934, 22.002], [92.933, 22.001], [92.933, 22.0], [92.932, 22.0], [92.931, 21.999], [92.931, 21.998], [92.931, 21.997], [92.93, 21.997], [92.93, 21.996], [92.929, 21.996], [92.928, 21.996], [92.928, 21.995], [92.927, 21.995], [92.926, 21.994], [92.925, 21.994], [92.924, 21.994], [92.923, 21.994], [92.922, 21.994], [92.922, 21.993], [92.921, 21.993], [92.921, 21.992], [92.921, 21.991], [92.922, 21.991], [92.921, 21.99], [92.92, 21.99], [92.92, 21.989], [92.92, 21.988], [92.92, 21.987], [92.92, 21.986], [92.92, 21.985], [92.92, 21.984], [92.919, 21.983], [92.919, 21.982], [92.919, 21.981], [92.918, 21.981], [92.917, 21.981], [92.917, 21.98], [92.916, 21.98], [92.916, 21.979], [92.915, 21.979], [92.915, 21.978], [92.915, 21.977], [92.914, 21.976], [92.914, 21.975], [92.914, 21.974], [92.914, 21.973], [92.913, 21.972], [92.913, 21.971], [92.913, 21.97], [92.913, 21.969], [92.913, 21.968], [92.913, 21.967], [92.912, 21.966], [92.912, 21.965], [92.911, 21.965], [92.911, 21.964], [92.912, 21.964], [92.912, 21.965], [92.913, 21.965], [92.913, 21.966], [92.913, 21.965], [92.914, 21.965], [92.913, 21.964], [92.913, 21.963], [92.912, 21.963], [92.912, 21.962], [92.911, 21.961], [92.911, 21.96], [92.911, 21.958], [92.911, 21.957], [92.912, 21.957], [92.912, 21.956], [92.911, 21.954], [92.911, 21.953], [92.911, 21.952], [92.912, 21.951], [92.911, 21.951], [92.911, 21.95], [92.91, 21.948], [92.91, 21.947], [92.909, 21.946], [92.908, 21.946], [92.907, 21.945], [92.906, 21.944], [92.906, 21.943], [92.907, 21.944], [92.907, 21.943], [92.907, 21.942], [92.907, 21.941], [92.906, 21.941], [92.906, 21.94], [92.905, 21.94], [92.905, 21.941], [92.904, 21.941], [92.904, 21.94], [92.903, 21.94], [92.903, 21.941], [92.903, 21.942], [92.903, 21.943], [92.902, 21.943], [92.902, 21.944], [92.902, 21.945], [92.902, 21.946], [92.901, 21.946], [92.901, 21.947], [92.902, 21.947], [92.902, 21.948], [92.901, 21.949], [92.901, 21.95], [92.901, 21.951], [92.902, 21.952], [92.901, 21.952], [92.901, 21.953], [92.901, 21.954], [92.9, 21.954], [92.9, 21.955], [92.899, 21.956], [92.899, 21.957], [92.9, 21.957], [92.901, 21.958], [92.9, 21.958], [92.9, 21.959], [92.9, 21.96], [92.9, 21.961], [92.9, 21.962], [92.899, 21.962], [92.899, 21.963], [92.899, 21.964], [92.9, 21.964], [92.9, 21.965], [92.899, 21.965], [92.899, 21.966], [92.899, 21.967], [92.899, 21.968], [92.899, 21.969], [92.899, 21.97], [92.899, 21.971], [92.898, 21.972], [92.897, 21.973], [92.898, 21.974], [92.898, 21.975], [92.898, 21.976], [92.898, 21.977], [92.898, 21.978], [92.897, 21.978], [92.897, 21.979], [92.898, 21.979], [92.898, 21.98], [92.897, 21.981], [92.897, 21.982], [92.897, 21.983], [92.897, 21.984], [92.897, 21.985], [92.896, 21.985], [92.896, 21.986], [92.896, 21.987], [92.896, 21.988], [92.895, 21.989], [92.895, 21.99], [92.895, 21.991], [92.895, 21.992], [92.895, 21.993], [92.895, 21.994], [92.895, 21.995], [92.895, 21.996], [92.894, 21.996], [92.894, 21.997], [92.894, 21.998], [92.894, 21.999], [92.894, 22.0], [92.894, 22.001], [92.894, 22.002], [92.895, 22.002], [92.895, 22.003], [92.894, 22.004], [92.894, 22.005], [92.893, 22.005], [92.893, 22.006], [92.892, 22.006], [92.892, 22.007], [92.892, 22.008], [92.892, 22.009], [92.891, 22.01], [92.891, 22.011], [92.891, 22.012], [92.89, 22.012], [92.89, 22.013], [92.889, 22.013], [92.888, 22.013], [92.887, 22.013], [92.886, 22.013], [92.885, 22.013], [92.884, 22.014], [92.883, 22.014], [92.882, 22.014], [92.881, 22.014], [92.881, 22.015], [92.88, 22.015], [92.879, 22.015], [92.879, 22.016], [92.879, 22.017], [92.878, 22.018], [92.879, 22.018], [92.879, 22.019], [92.879, 22.02], [92.88, 22.021], [92.88, 22.022], [92.879, 22.022], [92.878, 22.022], [92.877, 22.021], [92.876, 22.021], [92.875, 22.021], [92.874, 22.021], [92.873, 22.022], [92.872, 22.023], [92.871, 22.023], [92.87, 22.023], [92.87, 22.022], [92.869, 22.022], [92.868, 22.023], [92.868, 22.024], [92.867, 22.023], [92.866, 22.023], [92.865, 22.023], [92.865, 22.024], [92.865, 22.025], [92.865, 22.026], [92.864, 22.026], [92.864, 22.027], [92.864, 22.028], [92.864, 22.029], [92.864, 22.03], [92.864, 22.031], [92.864, 22.032], [92.864, 22.033], [92.864, 22.034], [92.864, 22.035], [92.865, 22.036], [92.865, 22.037], [92.865, 22.038], [92.864, 22.038], [92.865, 22.039], [92.865, 22.04], [92.865, 22.041], [92.865, 22.042], [92.865, 22.043], [92.865, 22.044], [92.865, 22.045], [92.865, 22.046], [92.866, 22.046], [92.865, 22.047], [92.866, 22.048], [92.865, 22.048], [92.866, 22.049], [92.866, 22.05], [92.865, 22.05], [92.866, 22.05], [92.866, 22.051], [92.866, 22.052], [92.865, 22.052], [92.865, 22.053], [92.865, 22.054], [92.864, 22.054], [92.864, 22.055], [92.864, 22.056], [92.864, 22.057], [92.863, 22.057], [92.863, 22.058], [92.863, 22.059], [92.863, 22.06], [92.864, 22.061], [92.864, 22.062], [92.863, 22.063], [92.862, 22.063], [92.861, 22.064], [92.86, 22.064], [92.86, 22.065], [92.86, 22.066], [92.859, 22.066], [92.859, 22.067], [92.858, 22.067], [92.858, 22.066], [92.857, 22.066], [92.856, 22.066], [92.855, 22.066], [92.854, 22.066], [92.853, 22.066], [92.852, 22.066], [92.852, 22.065], [92.851, 22.064], [92.851, 22.063], [92.85, 22.063], [92.85, 22.064], [92.849, 22.064], [92.849, 22.065], [92.848, 22.065], [92.848, 22.066], [92.848, 22.067], [92.848, 22.068], [92.848, 22.069], [92.847, 22.069], [92.847, 22.07], [92.847, 22.071], [92.847, 22.072], [92.847, 22.073], [92.847, 22.074], [92.846, 22.074], [92.846, 22.075], [92.846, 22.076], [92.846, 22.077], [92.846, 22.078], [92.846, 22.079], [92.846, 22.08], [92.846, 22.081], [92.846, 22.082], [92.846, 22.083], [92.846, 22.085], [92.846, 22.086], [92.846, 22.088], [92.846, 22.089], [92.846, 22.09], [92.846, 22.091], [92.846, 22.092], [92.846, 22.094], [92.845, 22.094], [92.845, 22.095], [92.845, 22.096], [92.845, 22.097], [92.845, 22.098], [92.845, 22.099], [92.845, 22.1], [92.845, 22.101], [92.844, 22.101], [92.844, 22.102], [92.844, 22.103], [92.843, 22.104], [92.843, 22.105], [92.843, 22.106], [92.843, 22.107], [92.843, 22.108], [92.843, 22.109], [92.843, 22.11], [92.842, 22.111], [92.842, 22.112], [92.842, 22.113], [92.841, 22.114], [92.841, 22.115], [92.841, 22.116], [92.841, 22.117], [92.841, 22.118], [92.841, 22.119], [92.84, 22.119], [92.84, 22.12], [92.84, 22.121], [92.84, 22.122], [92.841, 22.122], [92.841, 22.123], [92.841, 22.124], [92.841, 22.125], [92.842, 22.126], [92.842, 22.127], [92.842, 22.128], [92.843, 22.128], [92.843, 22.129], [92.843, 22.13], [92.843, 22.131], [92.844, 22.131], [92.844, 22.132], [92.843, 22.133], [92.844, 22.134], [92.844, 22.135], [92.844, 22.136], [92.844, 22.137], [92.844, 22.138], [92.843, 22.139], [92.843, 22.14], [92.843, 22.141], [92.843, 22.142], [92.842, 22.143], [92.842, 22.144], [92.842, 22.145], [92.842, 22.146], [92.842, 22.147], [92.842, 22.148], [92.842, 22.149], [92.842, 22.15], [92.842, 22.151], [92.842, 22.152], [92.841, 22.153], [92.841, 22.154], [92.84, 22.155], [92.84, 22.156], [92.84, 22.157], [92.84, 22.158], [92.84, 22.159], [92.839, 22.16], [92.839, 22.161], [92.839, 22.162], [92.84, 22.163], [92.84, 22.164], [92.84, 22.165], [92.84, 22.167], [92.84, 22.168], [92.84, 22.171], [92.839, 22.171], [92.84, 22.172], [92.84, 22.173], [92.839, 22.173], [92.839, 22.174], [92.839, 22.175], [92.839, 22.176], [92.839, 22.177], [92.838, 22.178], [92.838, 22.179], [92.838, 22.18], [92.838, 22.181], [92.838, 22.183], [92.837, 22.184], [92.837, 22.185], [92.837, 22.186], [92.837, 22.187], [92.837, 22.188], [92.837, 22.189], [92.838, 22.191], [92.838, 22.192], [92.838, 22.194], [92.838, 22.195], [92.839, 22.196], [92.838, 22.2], [92.838, 22.201], [92.838, 22.202], [92.837, 22.203], [92.836, 22.204], [92.836, 22.206], [92.836, 22.207], [92.836, 22.208], [92.836, 22.209], [92.836, 22.21], [92.836, 22.212], [92.836, 22.213], [92.835, 22.214], [92.835, 22.216], [92.835, 22.217], [92.835, 22.218], [92.836, 22.218], [92.836, 22.219], [92.837, 22.221], [92.837, 22.223], [92.837, 22.224], [92.837, 22.225], [92.837, 22.226], [92.836, 22.227], [92.836, 22.228], [92.836, 22.229], [92.836, 22.23], [92.836, 22.231], [92.836, 22.232], [92.836, 22.234], [92.836, 22.236], [92.835, 22.237], [92.835, 22.238], [92.835, 22.239], [92.835, 22.24], [92.835, 22.241], [92.834, 22.242], [92.834, 22.243], [92.834, 22.244], [92.833, 22.245], [92.833, 22.246], [92.833, 22.247], [92.832, 22.248], [92.832, 22.249], [92.832, 22.25], [92.832, 22.251], [92.831, 22.252], [92.831, 22.253], [92.831, 22.254], [92.83, 22.254], [92.83, 22.255], [92.83, 22.256], [92.83, 22.257], [92.83, 22.258], [92.831, 22.258], [92.831, 22.26], [92.832, 22.261], [92.832, 22.262], [92.833, 22.263], [92.833, 22.264], [92.834, 22.265], [92.834, 22.266], [92.835, 22.266], [92.835, 22.267], [92.835, 22.269], [92.835, 22.27], [92.835, 22.271], [92.834, 22.271], [92.833, 22.272], [92.832, 22.272], [92.831, 22.272], [92.831, 22.273], [92.831, 22.274], [92.831, 22.275], [92.831, 22.276], [92.831, 22.277], [92.831, 22.278], [92.832, 22.279], [92.832, 22.28], [92.832, 22.281], [92.832, 22.282], [92.833, 22.283], [92.833, 22.284], [92.833, 22.285], [92.833, 22.286], [92.832, 22.287], [92.832, 22.288], [92.833, 22.288], [92.833, 22.289], [92.834, 22.289], [92.835, 22.289], [92.836, 22.29], [92.837, 22.29], [92.837, 22.291], [92.837, 22.292], [92.836, 22.292], [92.836, 22.293], [92.835, 22.293], [92.835, 22.294], [92.834, 22.295], [92.832, 22.296], [92.832, 22.297], [92.831, 22.298], [92.831, 22.299], [92.83, 22.3], [92.83, 22.301], [92.829, 22.301], [92.829, 22.302], [92.828, 22.302], [92.827, 22.303], [92.826, 22.304], [92.825, 22.304], [92.824, 22.305], [92.823, 22.306], [92.823, 22.307], [92.822, 22.307], [92.822, 22.308], [92.822, 22.309], [92.823, 22.309], [92.823, 22.31], [92.823, 22.311], [92.824, 22.311], [92.825, 22.311], [92.825, 22.312], [92.826, 22.312], [92.826, 22.313], [92.826, 22.314], [92.826, 22.315], [92.826, 22.316], [92.826, 22.317], [92.826, 22.318], [92.825, 22.319], [92.824, 22.319], [92.824, 22.32], [92.823, 22.32], [92.823, 22.321], [92.822, 22.321], [92.822, 22.322], [92.822, 22.323], [92.821, 22.324], [92.821, 22.325], [92.821, 22.326], [92.821, 22.327], [92.821, 22.328], [92.821, 22.329], [92.822, 22.33], [92.822, 22.331], [92.823, 22.332], [92.823, 22.333], [92.824, 22.334], [92.825, 22.334], [92.826, 22.334], [92.827, 22.334], [92.828, 22.333], [92.829, 22.333], [92.83, 22.332], [92.831, 22.332], [92.832, 22.332], [92.832, 22.331], [92.833, 22.331], [92.833, 22.33], [92.834, 22.33], [92.835, 22.33], [92.836, 22.33], [92.837, 22.329], [92.838, 22.329], [92.839, 22.329], [92.84, 22.329], [92.84, 22.33], [92.841, 22.33], [92.842, 22.33], [92.843, 22.33], [92.844, 22.33], [92.844, 22.329], [92.844, 22.328], [92.844, 22.327], [92.845, 22.326], [92.846, 22.325], [92.846, 22.324], [92.847, 22.323], [92.847, 22.322], [92.848, 22.322], [92.848, 22.321], [92.848, 22.32], [92.849, 22.32], [92.849, 22.319], [92.85, 22.319], [92.851, 22.319], [92.852, 22.319], [92.853, 22.319], [92.854, 22.32], [92.854, 22.321], [92.854, 22.322], [92.855, 22.322], [92.856, 22.322], [92.857, 22.322], [92.858, 22.322], [92.858, 22.321], [92.858, 22.32], [92.859, 22.32], [92.86, 22.32], [92.861, 22.321], [92.862, 22.322], [92.862, 22.323], [92.862, 22.324], [92.863, 22.324], [92.863, 22.325], [92.863, 22.326], [92.863, 22.327], [92.863, 22.328], [92.864, 22.328], [92.864, 22.329], [92.865, 22.33], [92.865, 22.331], [92.866, 22.332], [92.867, 22.333], [92.868, 22.334], [92.869, 22.337], [92.869, 22.338], [92.869, 22.339], [92.869, 22.34], [92.869, 22.341], [92.869, 22.342], [92.87, 22.343], [92.871, 22.344], [92.871, 22.345], [92.872, 22.346], [92.872, 22.347], [92.873, 22.348], [92.874, 22.349], [92.874, 22.35], [92.874, 22.351], [92.875, 22.352], [92.875, 22.353], [92.876, 22.354], [92.876, 22.355], [92.877, 22.356], [92.878, 22.357], [92.879, 22.358], [92.88, 22.359], [92.882, 22.361], [92.885, 22.362], [92.886, 22.363], [92.887, 22.364], [92.888, 22.364], [92.889, 22.365], [92.89, 22.365], [92.891, 22.365], [92.892, 22.366], [92.893, 22.366], [92.893, 22.367], [92.894, 22.368], [92.895, 22.368], [92.895, 22.369], [92.896, 22.369], [92.897, 22.37], [92.898, 22.37], [92.899, 22.37], [92.899, 22.371], [92.9, 22.371], [92.901, 22.372], [92.902, 22.372], [92.902, 22.373], [92.903, 22.373], [92.904, 22.373], [92.904, 22.374], [92.905, 22.374], [92.905, 22.375], [92.906, 22.375], [92.906, 22.376], [92.906, 22.377], [92.907, 22.377], [92.907, 22.378], [92.908, 22.379], [92.908, 22.38], [92.909, 22.381], [92.91, 22.382], [92.911, 22.383], [92.912, 22.384], [92.913, 22.385], [92.914, 22.386], [92.915, 22.386], [92.915, 22.387], [92.916, 22.387], [92.916, 22.388], [92.917, 22.388], [92.917, 22.389], [92.918, 22.39], [92.919, 22.39], [92.92, 22.391], [92.921, 22.392], [92.922, 22.392], [92.922, 22.393], [92.924, 22.393], [92.924, 22.394], [92.925, 22.394], [92.926, 22.394], [92.926, 22.395], [92.927, 22.395], [92.928, 22.396], [92.929, 22.396], [92.93, 22.396], [92.931, 22.396], [92.932, 22.397], [92.932, 22.396], [92.933, 22.396], [92.934, 22.395], [92.935, 22.395], [92.936, 22.395], [92.936, 22.394], [92.937, 22.394], [92.938, 22.393], [92.938, 22.392], [92.938, 22.391], [92.937, 22.39], [92.936, 22.39], [92.936, 22.389], [92.935, 22.388], [92.934, 22.388], [92.933, 22.386], [92.932, 22.385], [92.932, 22.384], [92.932, 22.383], [92.932, 22.382], [92.933, 22.381], [92.934, 22.38], [92.935, 22.379], [92.936, 22.378], [92.937, 22.377], [92.938, 22.376], [92.94, 22.375], [92.941, 22.374], [92.942, 22.374], [92.943, 22.373], [92.945, 22.373], [92.947, 22.373], [92.948, 22.373], [92.949, 22.373], [92.95, 22.373], [92.951, 22.373], [92.952, 22.372], [92.953, 22.372], [92.954, 22.372], [92.955, 22.372], [92.956, 22.373], [92.957, 22.374], [92.958, 22.375], [92.958, 22.376], [92.959, 22.377], [92.959, 22.378], [92.959, 22.379], [92.959, 22.38], [92.959, 22.381], [92.96, 22.382], [92.96, 22.383], [92.96, 22.384], [92.961, 22.384], [92.962, 22.386], [92.962, 22.387], [92.963, 22.388], [92.964, 22.389], [92.964, 22.39], [92.965, 22.39], [92.965, 22.391], [92.965, 22.392], [92.965, 22.393], [92.965, 22.394], [92.965, 22.395], [92.964, 22.396], [92.963, 22.397], [92.963, 22.398], [92.962, 22.398], [92.961, 22.398], [92.962, 22.398], [92.964, 22.398], [92.965, 22.397], [92.966, 22.397], [92.966, 22.398], [92.967, 22.398], [92.968, 22.398], [92.969, 22.398], [92.97, 22.398], [92.97, 22.397], [92.971, 22.397], [92.972, 22.397], [92.972, 22.396], [92.973, 22.396], [92.973, 22.395], [92.974, 22.395], [92.975, 22.395], [92.976, 22.395], [92.976, 22.396], [92.977, 22.396], [92.977, 22.397], [92.978, 22.397], [92.979, 22.397], [92.98, 22.397], [92.981, 22.397], [92.982, 22.396], [92.982, 22.395], [92.983, 22.395], [92.984, 22.394], [92.985, 22.394], [92.986, 22.394], [92.986, 22.393], [92.987, 22.393], [92.988, 22.393], [92.988, 22.392], [92.988, 22.391], [92.989, 22.391], [92.989, 22.39], [92.989, 22.389], [92.99, 22.389], [92.991, 22.388], [92.991, 22.387], [92.991, 22.386], [92.991, 22.385], [92.992, 22.385], [92.992, 22.384], [92.993, 22.384], [92.993, 22.383], [92.994, 22.383], [92.995, 22.383], [92.995, 22.382], [92.996, 22.382], [92.997, 22.381], [92.998, 22.381], [92.999, 22.38], [93.0, 22.38], [93.0, 22.381], [93.001, 22.381], [93.002, 22.381], [93.003, 22.381], [93.003, 22.382], [93.004, 22.382], [93.005, 22.382], [93.006, 22.382], [93.007, 22.382], [93.008, 22.382], [93.009, 22.382], [93.01, 22.382], [93.011, 22.382], [93.012, 22.382], [93.013, 22.382], [93.014, 22.382], [93.015, 22.382], [93.016, 22.382], [93.017, 22.382], [93.018, 22.382], [93.019, 22.382], [93.02, 22.382], [93.021, 22.382], [93.022, 22.382], [93.023, 22.382], [93.024, 22.382], [93.025, 22.382], [93.025, 22.381], [93.026, 22.381], [93.027, 22.381], [93.027, 22.38], [93.028, 22.38], [93.029, 22.38], [93.03, 22.38], [93.031, 22.38], [93.032, 22.38], [93.032, 22.379], [93.033, 22.379], [93.034, 22.379], [93.035, 22.379], [93.036, 22.379], [93.037, 22.379], [93.038, 22.379], [93.038, 22.38], [93.039, 22.38], [93.04, 22.38], [93.04, 22.381], [93.04, 22.382], [93.04, 22.383], [93.04, 22.384], [93.04, 22.385], [93.04, 22.386], [93.039, 22.386], [93.039, 22.387], [93.039, 22.388], [93.039, 22.389], [93.038, 22.389], [93.038, 22.39], [93.037, 22.391], [93.037, 22.392], [93.037, 22.393], [93.037, 22.394], [93.037, 22.395], [93.036, 22.395], [93.036, 22.396], [93.036, 22.397], [93.036, 22.398], [93.036, 22.399], [93.037, 22.399], [93.038, 22.4], [93.038, 22.401], [93.039, 22.401], [93.039, 22.402], [93.04, 22.402], [93.041, 22.402], [93.041, 22.403], [93.042, 22.404], [93.043, 22.404], [93.043, 22.405], [93.044, 22.405], [93.045, 22.405], [93.046, 22.405], [93.046, 22.406], [93.047, 22.406], [93.048, 22.406], [93.048, 22.407], [93.049, 22.407], [93.05, 22.408], [93.051, 22.408], [93.052, 22.408], [93.052, 22.409], [93.053, 22.409], [93.054, 22.409], [93.054, 22.41], [93.055, 22.41], [93.055, 22.411], [93.056, 22.411], [93.056, 22.412], [93.057, 22.412], [93.057, 22.413], [93.058, 22.414], [93.058, 22.415], [93.059, 22.415], [93.059, 22.416], [93.059, 22.417], [93.06, 22.417], [93.06, 22.418], [93.061, 22.418], [93.061, 22.419], [93.062, 22.419], [93.062, 22.42], [93.063, 22.42], [93.063, 22.421], [93.063, 22.422], [93.063, 22.423], [93.064, 22.423], [93.064, 22.424], [93.064, 22.425], [93.065, 22.425], [93.065, 22.426], [93.066, 22.427], [93.067, 22.427], [93.068, 22.427], [93.069, 22.427], [93.07, 22.427], [93.071, 22.428], [93.072, 22.428], [93.072, 22.429], [93.073, 22.429], [93.074, 22.429], [93.075, 22.429], [93.076, 22.429], [93.076, 22.43], [93.077, 22.43], [93.077, 22.429], [93.077, 22.43], [93.078, 22.43], [93.078, 22.429], [93.078, 22.428], [93.078, 22.427], [93.078, 22.426], [93.078, 22.425], [93.079, 22.424], [93.08, 22.424], [93.08, 22.423], [93.079, 22.423], [93.079, 22.422], [93.079, 22.421], [93.079, 22.42], [93.08, 22.42], [93.081, 22.421], [93.081, 22.422], [93.082, 22.422], [93.083, 22.422], [93.083, 22.421], [93.084, 22.421], [93.084, 22.422], [93.084, 22.421], [93.085, 22.421]]]}, "properties": {"OBJECTID": 5901, "stcode11": "15", "dtcode11": "288", "sdtcode11": "01920", "stname": "MIZORAM", "dtname": "Saiha", "sdtname": "Tuipang", "subdt_lgd": 1920, "dist_lgd": 267, "state_lgd": 15, "shape_Length": 248080.20922186918, "shape_Area": 1233825533.8894262, "st_area_sh": 0, "st_length_": 0, "remarks": "", "ac_no": null, "test": 5906}}, {"type": "Feature", "geometry": {"type": "Polygon", "coordinates": [[[92.989, 22.631], [92.989, 22.63], [92.988, 22.629], [92.988, 22.628], [92.987, 22.626], [92.986, 22.626], [92.985, 22.626], [92.984, 22.625], [92.984, 22.624], [92.983, 22.623], [92.983, 22.622], [92.982, 22.621], [92.982, 22.62], [92.981, 22.62], [92.981, 22.619], [92.98, 22.618], [92.979, 22.617], [92.979, 22.616], [92.98, 22.616], [92.98, 22.615], [92.98, 22.614], [92.979, 22.613], [92.979, 22.612], [92.979, 22.611], [92.98, 22.611], [92.98, 22.61], [92.98, 22.609], [92.979, 22.608], [92.98, 22.608], [92.98, 22.607], [92.981, 22.606], [92.981, 22.605], [92.982, 22.604], [92.983, 22.604], [92.984, 22.604], [92.986, 22.603], [92.987, 22.603], [92.989, 22.603], [92.99, 22.603], [92.991, 22.602], [92.992, 22.602], [92.994, 22.601], [92.995, 22.6], [92.996, 22.599], [92.997, 22.599], [92.998, 22.598], [92.999, 22.597], [92.999, 22.596], [92.999, 22.595], [93.0, 22.594], [93.0, 22.593], [93.0, 22.592], [93.001, 22.592], [93.002, 22.592], [93.003, 22.591], [93.006, 22.592], [93.008, 22.591], [93.009, 22.591], [93.01, 22.591], [93.011, 22.591], [93.012, 22.59], [93.012, 22.589], [93.014, 22.589], [93.015, 22.588], [93.016, 22.588], [93.018, 22.587], [93.019, 22.587], [93.02, 22.586], [93.021, 22.586], [93.022, 22.585], [93.023, 22.584], [93.024, 22.584], [93.025, 22.584], [93.026, 22.583], [93.028, 22.582], [93.028, 22.58], [93.028, 22.579], [93.028, 22.578], [93.028, 22.577], [93.028, 22.576], [93.028, 22.575], [93.029, 22.573], [93.029, 22.572], [93.029, 22.57], [93.03, 22.568], [93.03, 22.567], [93.031, 22.566], [93.032, 22.564], [93.032, 22.563], [93.033, 22.562], [93.033, 22.561], [93.033, 22.56], [93.033, 22.558], [93.032, 22.556], [93.032, 22.555], [93.031, 22.554], [93.031, 22.553], [93.03, 22.552], [93.03, 22.551], [93.03, 22.549], [93.029, 22.548], [93.029, 22.546], [93.028, 22.545], [93.027, 22.543], [93.027, 22.541], [93.026, 22.539], [93.026, 22.538], [93.025, 22.536], [93.025, 22.534], [93.025, 22.532], [93.025, 22.53], [93.026, 22.528], [93.026, 22.526], [93.026, 22.524], [93.027, 22.523], [93.027, 22.522], [93.027, 22.52], [93.026, 22.519], [93.025, 22.517], [93.025, 22.516], [93.023, 22.515], [93.023, 22.514], [93.024, 22.513], [93.025, 22.513], [93.026, 22.512], [93.026, 22.51], [93.026, 22.509], [93.027, 22.508], [93.028, 22.506], [93.028, 22.505], [93.027, 22.503], [93.027, 22.502], [93.027, 22.501], [93.027, 22.5], [93.025, 22.5], [93.025, 22.499], [93.024, 22.499], [93.025, 22.497], [93.025, 22.495], [93.025, 22.493], [93.025, 22.491], [93.025, 22.489], [93.026, 22.487], [93.026, 22.486], [93.026, 22.484], [93.026, 22.482], [93.026, 22.481], [93.027, 22.478], [93.027, 22.477], [93.027, 22.476], [93.028, 22.474], [93.028, 22.473], [93.029, 22.472], [93.03, 22.471], [93.032, 22.471], [93.033, 22.47], [93.034, 22.469], [93.035, 22.468], [93.036, 22.466], [93.037, 22.465], [93.038, 22.463], [93.04, 22.462], [93.041, 22.461], [93.042, 22.461], [93.043, 22.462], [93.045, 22.463], [93.046, 22.465], [93.047, 22.466], [93.048, 22.467], [93.048, 22.469], [93.047, 22.471], [93.047, 22.473], [93.047, 22.474], [93.048, 22.475], [93.048, 22.476], [93.048, 22.478], [93.048, 22.479], [93.048, 22.482], [93.049, 22.483], [93.051, 22.485], [93.052, 22.487], [93.053, 22.488], [93.054, 22.488], [93.055, 22.489], [93.056, 22.489], [93.056, 22.49], [93.058, 22.491], [93.059, 22.491], [93.061, 22.491], [93.063, 22.489], [93.063, 22.49], [93.063, 22.491], [93.063, 22.492], [93.064, 22.493], [93.064, 22.495], [93.065, 22.496], [93.065, 22.497], [93.066, 22.497], [93.067, 22.498], [93.067, 22.499], [93.068, 22.499], [93.069, 22.499], [93.069, 22.5], [93.07, 22.501], [93.07, 22.502], [93.07, 22.503], [93.07, 22.504], [93.07, 22.505], [93.07, 22.506], [93.071, 22.506], [93.071, 22.508], [93.072, 22.509], [93.073, 22.51], [93.074, 22.511], [93.073, 22.516], [93.074, 22.516], [93.074, 22.517], [93.073, 22.517], [93.073, 22.518], [93.072, 22.519], [93.073, 22.521], [93.072, 22.521], [93.072, 22.522], [93.072, 22.523], [93.073, 22.524], [93.074, 22.525], [93.075, 22.525], [93.075, 22.526], [93.075, 22.527], [93.075, 22.528], [93.075, 22.529], [93.076, 22.53], [93.075, 22.531], [93.075, 22.532], [93.076, 22.533], [93.076, 22.534], [93.077, 22.535], [93.077, 22.536], [93.077, 22.537], [93.076, 22.537], [93.075, 22.537], [93.075, 22.536], [93.074, 22.536], [93.074, 22.537], [93.074, 22.538], [93.074, 22.539], [93.074, 22.54], [93.075, 22.54], [93.075, 22.541], [93.076, 22.542], [93.077, 22.542], [93.078, 22.543], [93.078, 22.544], [93.077, 22.545], [93.078, 22.546], [93.079, 22.547], [93.079, 22.548], [93.079, 22.55], [93.08, 22.551], [93.08, 22.552], [93.08, 22.553], [93.08, 22.554], [93.081, 22.554], [93.082, 22.554], [93.082, 22.553], [93.083, 22.553], [93.084, 22.552], [93.084, 22.551], [93.084, 22.55], [93.085, 22.55], [93.086, 22.55], [93.086, 22.549], [93.087, 22.549], [93.087, 22.548], [93.088, 22.547], [93.089, 22.547], [93.089, 22.546], [93.09, 22.546], [93.091, 22.546], [93.092, 22.546], [93.093, 22.545], [93.095, 22.545], [93.096, 22.545], [93.097, 22.545], [93.097, 22.544], [93.098, 22.544], [93.098, 22.543], [93.099, 22.543], [93.099, 22.542], [93.1, 22.542], [93.101, 22.542], [93.102, 22.542], [93.103, 22.542], [93.104, 22.541], [93.105, 22.54], [93.106, 22.539], [93.107, 22.539], [93.107, 22.54], [93.108, 22.54], [93.11, 22.541], [93.109, 22.54], [93.109, 22.539], [93.109, 22.538], [93.109, 22.537], [93.11, 22.536], [93.111, 22.536], [93.112, 22.535], [93.112, 22.534], [93.113, 22.533], [93.112, 22.533], [93.112, 22.532], [93.111, 22.531], [93.11, 22.531], [93.109, 22.53], [93.108, 22.53], [93.108, 22.529], [93.107, 22.529], [93.107, 22.528], [93.107, 22.527], [93.107, 22.526], [93.108, 22.525], [93.109, 22.525], [93.11, 22.525], [93.111, 22.525], [93.112, 22.525], [93.113, 22.525], [93.114, 22.526], [93.115, 22.526], [93.116, 22.526], [93.117, 22.526], [93.118, 22.525], [93.119, 22.525], [93.12, 22.525], [93.122, 22.526], [93.123, 22.526], [93.125, 22.525], [93.126, 22.525], [93.127, 22.525], [93.128, 22.524], [93.128, 22.523], [93.128, 22.522], [93.128, 22.521], [93.128, 22.52], [93.128, 22.519], [93.127, 22.518], [93.127, 22.517], [93.127, 22.516], [93.127, 22.515], [93.126, 22.514], [93.125, 22.513], [93.124, 22.511], [93.124, 22.51], [93.124, 22.509], [93.124, 22.508], [93.124, 22.507], [93.124, 22.506], [93.125, 22.505], [93.125, 22.503], [93.126, 22.502], [93.126, 22.501], [93.127, 22.5], [93.128, 22.499], [93.129, 22.498], [93.13, 22.496], [93.131, 22.495], [93.133, 22.494], [93.134, 22.493], [93.135, 22.492], [93.135, 22.491], [93.135, 22.49], [93.134, 22.49], [93.133, 22.489], [93.133, 22.488], [93.133, 22.487], [93.133, 22.486], [93.134, 22.484], [93.134, 22.483], [93.134, 22.482], [93.134, 22.481], [93.133, 22.479], [93.132, 22.478], [93.132, 22.477], [93.132, 22.476], [93.132, 22.475], [93.133, 22.475], [93.132, 22.474], [93.132, 22.472], [93.131, 22.47], [93.131, 22.469], [93.131, 22.468], [93.131, 22.467], [93.132, 22.465], [93.133, 22.465], [93.134, 22.464], [93.135, 22.463], [93.136, 22.462], [93.137, 22.46], [93.137, 22.457], [93.138, 22.455], [93.139, 22.455], [93.139, 22.454], [93.14, 22.454], [93.141, 22.454], [93.144, 22.454], [93.146, 22.454], [93.147, 22.454], [93.149, 22.454], [93.151, 22.455], [93.153, 22.454], [93.154, 22.454], [93.155, 22.453], [93.156, 22.453], [93.157, 22.453], [93.158, 22.454], [93.159, 22.453], [93.16, 22.452], [93.161, 22.452], [93.163, 22.451], [93.164, 22.451], [93.165, 22.45], [93.166, 22.448], [93.167, 22.447], [93.167, 22.445], [93.168, 22.444], [93.168, 22.443], [93.169, 22.443], [93.17, 22.442], [93.171, 22.442], [93.172, 22.442], [93.173, 22.441], [93.175, 22.441], [93.176, 22.441], [93.177, 22.44], [93.178, 22.439], [93.178, 22.438], [93.179, 22.437], [93.179, 22.436], [93.178, 22.436], [93.178, 22.435], [93.178, 22.434], [93.178, 22.433], [93.179, 22.432], [93.18, 22.432], [93.181, 22.431], [93.182, 22.43], [93.182, 22.429], [93.183, 22.429], [93.184, 22.429], [93.185, 22.429], [93.185, 22.428], [93.185, 22.427], [93.186, 22.426], [93.186, 22.425], [93.186, 22.424], [93.185, 22.424], [93.185, 22.423], [93.184, 22.423], [93.183, 22.423], [93.182, 22.421], [93.182, 22.42], [93.182, 22.419], [93.182, 22.418], [93.182, 22.417], [93.182, 22.415], [93.183, 22.414], [93.183, 22.413], [93.183, 22.412], [93.183, 22.41], [93.184, 22.409], [93.185, 22.408], [93.186, 22.408], [93.186, 22.407], [93.187, 22.406], [93.187, 22.405], [93.187, 22.404], [93.187, 22.403], [93.187, 22.402], [93.186, 22.402], [93.185, 22.402], [93.184, 22.402], [93.184, 22.401], [93.184, 22.399], [93.183, 22.398], [93.183, 22.397], [93.182, 22.396], [93.182, 22.395], [93.182, 22.394], [93.183, 22.393], [93.184, 22.392], [93.185, 22.391], [93.185, 22.39], [93.185, 22.388], [93.185, 22.387], [93.186, 22.386], [93.187, 22.386], [93.188, 22.385], [93.189, 22.384], [93.19, 22.384], [93.19, 22.383], [93.189, 22.382], [93.188, 22.382], [93.188, 22.381], [93.187, 22.381], [93.186, 22.381], [93.186, 22.38], [93.185, 22.379], [93.185, 22.378], [93.184, 22.376], [93.184, 22.374], [93.184, 22.372], [93.184, 22.371], [93.184, 22.37], [93.185, 22.369], [93.186, 22.369], [93.186, 22.368], [93.187, 22.368], [93.188, 22.367], [93.188, 22.365], [93.188, 22.364], [93.188, 22.363], [93.187, 22.362], [93.187, 22.361], [93.187, 22.36], [93.187, 22.359], [93.187, 22.358], [93.187, 22.357], [93.187, 22.355], [93.187, 22.354], [93.187, 22.353], [93.187, 22.352], [93.187, 22.351], [93.187, 22.349], [93.187, 22.348], [93.188, 22.348], [93.188, 22.347], [93.188, 22.346], [93.188, 22.345], [93.188, 22.344], [93.187, 22.343], [93.186, 22.342], [93.186, 22.341], [93.186, 22.34], [93.186, 22.339], [93.187, 22.339], [93.188, 22.338], [93.189, 22.337], [93.19, 22.336], [93.192, 22.336], [93.192, 22.335], [93.193, 22.335], [93.194, 22.334], [93.195, 22.333], [93.195, 22.332], [93.196, 22.331], [93.196, 22.33], [93.197, 22.329], [93.197, 22.328], [93.196, 22.327], [93.195, 22.327], [93.194, 22.326], [93.193, 22.326], [93.192, 22.325], [93.191, 22.325], [93.19, 22.324], [93.189, 22.324], [93.189, 22.323], [93.189, 22.322], [93.19, 22.32], [93.191, 22.319], [93.192, 22.318], [93.193, 22.318], [93.194, 22.317], [93.195, 22.317], [93.195, 22.316], [93.196, 22.315], [93.196, 22.314], [93.196, 22.313], [93.195, 22.313], [93.194, 22.312], [93.193, 22.312], [93.192, 22.312], [93.192, 22.311], [93.191, 22.311], [93.19, 22.311], [93.189, 22.312], [93.188, 22.312], [93.188, 22.313], [93.187, 22.313], [93.186, 22.313], [93.185, 22.313], [93.184, 22.312], [93.183, 22.312], [93.182, 22.312], [93.181, 22.312], [93.181, 22.313], [93.18, 22.313], [93.179, 22.313], [93.179, 22.312], [93.178, 22.312], [93.177, 22.312], [93.176, 22.312], [93.175, 22.312], [93.174, 22.312], [93.174, 22.313], [93.173, 22.313], [93.172, 22.313], [93.172, 22.314], [93.171, 22.314], [93.171, 22.315], [93.17, 22.315], [93.169, 22.315], [93.168, 22.315], [93.167, 22.315], [93.166, 22.315], [93.165, 22.315], [93.164, 22.315], [93.163, 22.314], [93.162, 22.314], [93.161, 22.314], [93.161, 22.315], [93.16, 22.315], [93.159, 22.315], [93.158, 22.315], [93.157, 22.315], [93.156, 22.315], [93.156, 22.314], [93.155, 22.314], [93.154, 22.314], [93.154, 22.313], [93.153, 22.313], [93.153, 22.312], [93.152, 22.312], [93.152, 22.311], [93.151, 22.311], [93.15, 22.311], [93.149, 22.311], [93.148, 22.311], [93.147, 22.31], [93.146, 22.31], [93.145, 22.31], [93.145, 22.311], [93.144, 22.311], [93.143, 22.311], [93.143, 22.31], [93.142, 22.31], [93.141, 22.31], [93.14, 22.31], [93.139, 22.31], [93.138, 22.31], [93.138, 22.309], [93.137, 22.309], [93.136, 22.309], [93.136, 22.308], [93.135, 22.308], [93.134, 22.308], [93.134, 22.309], [93.133, 22.309], [93.132, 22.309], [93.131, 22.309], [93.13, 22.309], [93.13, 22.31], [93.129, 22.31], [93.128, 22.31], [93.127, 22.31], [93.127, 22.311], [93.126, 22.311], [93.126, 22.312], [93.125, 22.312], [93.124, 22.312], [93.123, 22.313], [93.122, 22.313], [93.122, 22.314], [93.121, 22.314], [93.12, 22.314], [93.119, 22.314], [93.118, 22.314], [93.117, 22.314], [93.116, 22.314], [93.115, 22.314], [93.114, 22.314], [93.113, 22.314], [93.112, 22.314], [93.112, 22.315], [93.112, 22.316], [93.111, 22.316], [93.111, 22.317], [93.11, 22.317], [93.11, 22.318], [93.109, 22.318], [93.109, 22.319], [93.108, 22.319], [93.107, 22.32], [93.107, 22.321], [93.107, 22.322], [93.106, 22.322], [93.106, 22.323], [93.106, 22.324], [93.106, 22.325], [93.106, 22.326], [93.105, 22.326], [93.105, 22.327], [93.104, 22.327], [93.104, 22.328], [93.104, 22.329], [93.104, 22.33], [93.104, 22.331], [93.104, 22.332], [93.103, 22.332], [93.103, 22.333], [93.102, 22.333], [93.101, 22.333], [93.101, 22.334], [93.1, 22.334], [93.099, 22.334], [93.098, 22.334], [93.097, 22.334], [93.097, 22.335], [93.096, 22.335], [93.095, 22.335], [93.094, 22.335], [93.094, 22.336], [93.093, 22.336], [93.093, 22.337], [93.093, 22.338], [93.092, 22.338], [93.091, 22.338], [93.091, 22.339], [93.092, 22.339], [93.092, 22.34], [93.093, 22.34], [93.093, 22.341], [93.093, 22.342], [93.092, 22.342], [93.092, 22.343], [93.091, 22.343], [93.09, 22.343], [93.089, 22.343], [93.088, 22.344], [93.087, 22.344], [93.087, 22.345], [93.087, 22.346], [93.088, 22.347], [93.088, 22.348], [93.089, 22.348], [93.089, 22.349], [93.088, 22.349], [93.087, 22.349], [93.087, 22.348], [93.086, 22.347], [93.086, 22.348], [93.085, 22.348], [93.085, 22.349], [93.084, 22.349], [93.083, 22.349], [93.083, 22.35], [93.082, 22.35], [93.081, 22.351], [93.08, 22.351], [93.08, 22.352], [93.079, 22.352], [93.079, 22.353], [93.078, 22.353], [93.077, 22.353], [93.077, 22.354], [93.076, 22.354], [93.076, 22.355], [93.077, 22.355], [93.077, 22.356], [93.077, 22.357], [93.077, 22.358], [93.076, 22.358], [93.076, 22.359], [93.076, 22.36], [93.077, 22.36], [93.077, 22.361], [93.078, 22.361], [93.078, 22.362], [93.079, 22.362], [93.079, 22.363], [93.079, 22.364], [93.08, 22.364], [93.08, 22.365], [93.08, 22.366], [93.08, 22.367], [93.081, 22.367], [93.081, 22.368], [93.082, 22.368], [93.083, 22.368], [93.083, 22.369], [93.083, 22.37], [93.084, 22.37], [93.084, 22.371], [93.084, 22.372], [93.083, 22.372], [93.083, 22.373], [93.083, 22.374], [93.082, 22.374], [93.082, 22.375], [93.082, 22.376], [93.083, 22.376], [93.083, 22.377], [93.083, 22.378], [93.084, 22.378], [93.084, 22.379], [93.084, 22.38], [93.084, 22.381], [93.085, 22.381], [93.085, 22.382], [93.085, 22.383], [93.086, 22.383], [93.086, 22.384], [93.086, 22.385], [93.086, 22.386], [93.087, 22.386], [93.087, 22.387], [93.087, 22.388], [93.087, 22.389], [93.087, 22.39], [93.087, 22.391], [93.086, 22.391], [93.086, 22.392], [93.087, 22.392], [93.087, 22.393], [93.087, 22.394], [93.087, 22.395], [93.087, 22.396], [93.088, 22.396], [93.088, 22.397], [93.088, 22.398], [93.088, 22.399], [93.089, 22.399], [93.089, 22.4], [93.089, 22.401], [93.09, 22.401], [93.09, 22.402], [93.091, 22.402], [93.092, 22.402], [93.093, 22.402], [93.093, 22.403], [93.094, 22.403], [93.094, 22.404], [93.094, 22.405], [93.094, 22.406], [93.093, 22.406], [93.093, 22.407], [93.092, 22.407], [93.091, 22.407], [93.091, 22.408], [93.092, 22.408], [93.092, 22.409], [93.092, 22.41], [93.091, 22.41], [93.09, 22.41], [93.09, 22.411], [93.089, 22.411], [93.088, 22.412], [93.089, 22.412], [93.089, 22.413], [93.09, 22.413], [93.089, 22.414], [93.088, 22.414], [93.087, 22.414], [93.087, 22.415], [93.088, 22.415], [93.089, 22.416], [93.09, 22.416], [93.09, 22.417], [93.089, 22.417], [93.089, 22.418], [93.088, 22.418], [93.088, 22.419], [93.087, 22.419], [93.087, 22.42], [93.087, 22.421], [93.086, 22.421], [93.086, 22.42], [93.086, 22.421], [93.085, 22.421], [93.084, 22.421], [93.084, 22.422], [93.084, 22.421], [93.083, 22.421], [93.083, 22.422], [93.082, 22.422], [93.081, 22.422], [93.081, 22.421], [93.08, 22.42], [93.079, 22.42], [93.079, 22.421], [93.079, 22.422], [93.079, 22.423], [93.08, 22.423], [93.08, 22.424], [93.079, 22.424], [93.078, 22.425], [93.078, 22.426], [93.078, 22.427], [93.078, 22.428], [93.078, 22.429], [93.078, 22.43], [93.077, 22.43], [93.077, 22.429], [93.077, 22.43], [93.076, 22.43], [93.076, 22.429], [93.075, 22.429], [93.074, 22.429], [93.073, 22.429], [93.072, 22.429], [93.072, 22.428], [93.071, 22.428], [93.07, 22.427], [93.069, 22.427], [93.068, 22.427], [93.067, 22.427], [93.066, 22.427], [93.065, 22.426], [93.065, 22.425], [93.064, 22.425], [93.064, 22.424], [93.064, 22.423], [93.063, 22.423], [93.063, 22.422], [93.063, 22.421], [93.063, 22.42], [93.062, 22.42], [93.062, 22.419], [93.061, 22.419], [93.061, 22.418], [93.06, 22.418], [93.06, 22.417], [93.059, 22.417], [93.059, 22.416], [93.059, 22.415], [93.058, 22.415], [93.058, 22.414], [93.057, 22.413], [93.057, 22.412], [93.056, 22.412], [93.056, 22.411], [93.055, 22.411], [93.055, 22.41], [93.054, 22.41], [93.054, 22.409], [93.053, 22.409], [93.052, 22.409], [93.052, 22.408], [93.051, 22.408], [93.05, 22.408], [93.049, 22.407], [93.048, 22.407], [93.048, 22.406], [93.047, 22.406], [93.046, 22.406], [93.046, 22.405], [93.045, 22.405], [93.044, 22.405], [93.043, 22.405], [93.043, 22.404], [93.042, 22.404], [93.041, 22.403], [93.041, 22.402], [93.04, 22.402], [93.039, 22.402], [93.039, 22.401], [93.038, 22.401], [93.038, 22.4], [93.037, 22.399], [93.036, 22.399], [93.036, 22.398], [93.036, 22.397], [93.036, 22.396], [93.036, 22.395], [93.037, 22.395], [93.037, 22.394], [93.037, 22.393], [93.037, 22.392], [93.037, 22.391], [93.038, 22.39], [93.038, 22.389], [93.039, 22.389], [93.039, 22.388], [93.039, 22.387], [93.039, 22.386], [93.04, 22.386], [93.04, 22.385], [93.04, 22.384], [93.04, 22.383], [93.04, 22.382], [93.04, 22.381], [93.04, 22.38], [93.039, 22.38], [93.038, 22.38], [93.038, 22.379], [93.037, 22.379], [93.036, 22.379], [93.035, 22.379], [93.034, 22.379], [93.033, 22.379], [93.032, 22.379], [93.032, 22.38], [93.031, 22.38], [93.03, 22.38], [93.029, 22.38], [93.028, 22.38], [93.027, 22.38], [93.027, 22.381], [93.026, 22.381], [93.025, 22.381], [93.025, 22.382], [93.024, 22.382], [93.023, 22.382], [93.022, 22.382], [93.021, 22.382], [93.02, 22.382], [93.019, 22.382], [93.018, 22.382], [93.017, 22.382], [93.016, 22.382], [93.015, 22.382], [93.014, 22.382], [93.013, 22.382], [93.012, 22.382], [93.011, 22.382], [93.01, 22.382], [93.009, 22.382], [93.008, 22.382], [93.007, 22.382], [93.006, 22.382], [93.005, 22.382], [93.004, 22.382], [93.003, 22.382], [93.003, 22.381], [93.002, 22.381], [93.001, 22.381], [93.0, 22.381], [93.0, 22.38], [92.999, 22.38], [92.998, 22.381], [92.997, 22.381], [92.996, 22.382], [92.995, 22.382], [92.995, 22.383], [92.994, 22.383], [92.993, 22.383], [92.993, 22.384], [92.992, 22.384], [92.992, 22.385], [92.991, 22.385], [92.991, 22.386], [92.991, 22.387], [92.991, 22.388], [92.99, 22.389], [92.989, 22.389], [92.989, 22.39], [92.989, 22.391], [92.988, 22.391], [92.988, 22.392], [92.988, 22.393], [92.987, 22.393], [92.986, 22.393], [92.986, 22.394], [92.985, 22.394], [92.984, 22.394], [92.983, 22.395], [92.982, 22.395], [92.982, 22.396], [92.981, 22.397], [92.98, 22.397], [92.979, 22.397], [92.978, 22.397], [92.977, 22.397], [92.977, 22.396], [92.976, 22.396], [92.976, 22.395], [92.975, 22.395], [92.974, 22.395], [92.973, 22.395], [92.973, 22.396], [92.972, 22.396], [92.972, 22.397], [92.971, 22.397], [92.97, 22.397], [92.97, 22.398], [92.969, 22.398], [92.968, 22.398], [92.967, 22.398], [92.966, 22.398], [92.966, 22.397], [92.965, 22.397], [92.964, 22.398], [92.962, 22.398], [92.961, 22.398], [92.96, 22.399], [92.959, 22.399], [92.958, 22.399], [92.956, 22.399], [92.955, 22.399], [92.955, 22.4], [92.954, 22.4], [92.953, 22.4], [92.953, 22.401], [92.952, 22.402], [92.951, 22.402], [92.951, 22.403], [92.95, 22.404], [92.949, 22.405], [92.949, 22.406], [92.949, 22.407], [92.949, 22.408], [92.948, 22.408], [92.948, 22.409], [92.947, 22.411], [92.947, 22.413], [92.946, 22.413], [92.946, 22.414], [92.945, 22.416], [92.945, 22.417], [92.945, 22.418], [92.944, 22.418], [92.944, 22.42], [92.943, 22.421], [92.943, 22.423], [92.943, 22.424], [92.943, 22.426], [92.942, 22.427], [92.942, 22.428], [92.942, 22.429], [92.942, 22.43], [92.941, 22.431], [92.941, 22.432], [92.941, 22.433], [92.94, 22.434], [92.94, 22.435], [92.94, 22.436], [92.939, 22.437], [92.939, 22.438], [92.938, 22.439], [92.938, 22.44], [92.937, 22.441], [92.937, 22.442], [92.937, 22.443], [92.938, 22.443], [92.938, 22.444], [92.938, 22.445], [92.937, 22.446], [92.937, 22.447], [92.937, 22.448], [92.936, 22.449], [92.936, 22.45], [92.936, 22.451], [92.936, 22.452], [92.936, 22.453], [92.936, 22.454], [92.935, 22.455], [92.935, 22.456], [92.935, 22.457], [92.935, 22.458], [92.935, 22.459], [92.936, 22.46], [92.938, 22.461], [92.939, 22.462], [92.94, 22.462], [92.941, 22.462], [92.942, 22.462], [92.943, 22.462], [92.943, 22.463], [92.944, 22.463], [92.944, 22.464], [92.944, 22.465], [92.944, 22.466], [92.944, 22.467], [92.944, 22.468], [92.943, 22.469], [92.942, 22.471], [92.941, 22.471], [92.941, 22.472], [92.94, 22.473], [92.94, 22.474], [92.939, 22.475], [92.939, 22.476], [92.938, 22.477], [92.937, 22.478], [92.936, 22.478], [92.935, 22.478], [92.935, 22.477], [92.935, 22.478], [92.934, 22.478], [92.933, 22.478], [92.933, 22.479], [92.932, 22.48], [92.931, 22.481], [92.931, 22.482], [92.931, 22.483], [92.931, 22.484], [92.931, 22.486], [92.931, 22.487], [92.931, 22.488], [92.931, 22.489], [92.932, 22.49], [92.932, 22.491], [92.932, 22.492], [92.933, 22.493], [92.933, 22.494], [92.933, 22.496], [92.933, 22.497], [92.933, 22.499], [92.933, 22.5], [92.933, 22.501], [92.934, 22.503], [92.934, 22.504], [92.934, 22.505], [92.935, 22.506], [92.934, 22.506], [92.934, 22.507], [92.934, 22.508], [92.935, 22.508], [92.935, 22.509], [92.936, 22.51], [92.936, 22.511], [92.936, 22.512], [92.936, 22.513], [92.936, 22.514], [92.936, 22.515], [92.935, 22.516], [92.935, 22.518], [92.934, 22.518], [92.934, 22.519], [92.934, 22.52], [92.934, 22.522], [92.935, 22.523], [92.935, 22.524], [92.936, 22.525], [92.937, 22.526], [92.937, 22.527], [92.938, 22.528], [92.938, 22.529], [92.938, 22.53], [92.938, 22.531], [92.938, 22.532], [92.938, 22.533], [92.938, 22.534], [92.939, 22.535], [92.939, 22.536], [92.939, 22.537], [92.938, 22.538], [92.938, 22.539], [92.937, 22.54], [92.936, 22.542], [92.936, 22.543], [92.935, 22.544], [92.934, 22.545], [92.934, 22.546], [92.933, 22.546], [92.932, 22.547], [92.932, 22.548], [92.931, 22.549], [92.931, 22.55], [92.931, 22.551], [92.931, 22.552], [92.931, 22.553], [92.931, 22.554], [92.931, 22.555], [92.931, 22.556], [92.931, 22.557], [92.931, 22.558], [92.932, 22.559], [92.932, 22.56], [92.933, 22.56], [92.934, 22.561], [92.935, 22.561], [92.936, 22.562], [92.937, 22.563], [92.938, 22.563], [92.939, 22.564], [92.94, 22.566], [92.941, 22.566], [92.941, 22.568], [92.942, 22.569], [92.942, 22.57], [92.942, 22.571], [92.943, 22.571], [92.944, 22.572], [92.944, 22.573], [92.944, 22.574], [92.945, 22.575], [92.945, 22.576], [92.945, 22.577], [92.945, 22.578], [92.945, 22.579], [92.945, 22.58], [92.945, 22.581], [92.945, 22.582], [92.946, 22.583], [92.947, 22.584], [92.947, 22.585], [92.948, 22.586], [92.948, 22.587], [92.948, 22.588], [92.948, 22.589], [92.947, 22.589], [92.947, 22.59], [92.946, 22.591], [92.946, 22.592], [92.946, 22.593], [92.947, 22.594], [92.947, 22.595], [92.947, 22.596], [92.948, 22.597], [92.949, 22.598], [92.95, 22.599], [92.95, 22.6], [92.951, 22.601], [92.951, 22.602], [92.951, 22.603], [92.95, 22.604], [92.95, 22.605], [92.949, 22.607], [92.949, 22.608], [92.949, 22.609], [92.949, 22.61], [92.949, 22.611], [92.949, 22.612], [92.949, 22.613], [92.949, 22.614], [92.949, 22.615], [92.949, 22.616], [92.949, 22.617], [92.949, 22.618], [92.95, 22.62], [92.949, 22.621], [92.949, 22.622], [92.949, 22.623], [92.949, 22.624], [92.95, 22.625], [92.95, 22.626], [92.95, 22.627], [92.951, 22.628], [92.951, 22.629], [92.952, 22.629], [92.952, 22.628], [92.953, 22.628], [92.953, 22.627], [92.954, 22.627], [92.955, 22.627], [92.956, 22.627], [92.957, 22.627], [92.958, 22.627], [92.959, 22.627], [92.959, 22.628], [92.96, 22.629], [92.96, 22.63], [92.961, 22.63], [92.962, 22.631], [92.962, 22.632], [92.962, 22.633], [92.962, 22.634], [92.963, 22.634], [92.964, 22.634], [92.965, 22.633], [92.967, 22.633], [92.968, 22.633], [92.969, 22.633], [92.971, 22.632], [92.972, 22.631], [92.974, 22.63], [92.975, 22.63], [92.976, 22.63], [92.977, 22.63], [92.977, 22.631], [92.978, 22.631], [92.979, 22.631], [92.98, 22.631], [92.981, 22.631], [92.982, 22.632], [92.983, 22.632], [92.984, 22.633], [92.985, 22.633], [92.986, 22.634], [92.987, 22.634], [92.989, 22.634], [92.989, 22.633], [92.989, 22.632], [92.989, 22.631]]]}, "properties": {"OBJECTID": 5900, "stcode11": "15", "dtcode11": "288", "sdtcode11": "01921", "stname": "MIZORAM", "dtname": "Saiha", "sdtname": "Saiha", "subdt_lgd": 1921, "dist_lgd": 267, "state_lgd": 15, "shape_Length": 171006.92186356458, "shape_Area": 553384605.8373307, "st_area_sh": 0, "st_length_": 0, "remarks": "", "ac_no": null, "test": 5905}}]}
